accident_id,datetime,annee,mois,jour,heure,minute,departement,commune_insee,adresse,latitude,longitude,luminosite,agglomeration,intersection,meteo,collision,nb_vehicules,nb_usagers,nb_indemnes,nb_tues,nb_blesses_hosp,nb_blesses_legers,age_cond_1,age_cond_2,veh_type_cond_1,veh_type_cond_2,lum_code,agg_code,int_code,atm_code,col_code
200600000395,0006-01-05 12:00:00,6,1,5,12,0,130,55,MENDES FRANCE (AVENUE),,,Plein jour,En agglomération,Hors intersection,Pluie forte,Autre collision,,,,,,,,,,,1,2,1,3,6
200600000396,0006-01-04 10:15:00,6,1,4,10,15,130,55,SAINTE MARGUERITE (BOULE,,,Plein jour,En agglomération,Intersection en X,Normale,Deux véhicules - côté,,,,,,,,,,,1,2,2,1,3
200600000397,0006-01-15 19:30:00,6,1,15,19,30,130,55,MILLIE MATHYS (AVENUE),,,Nuit sans éclairage public,En agglomération,Hors intersection,Normale,Deux véhicules - arrière,,,,,,,,,,,3,2,1,1,2
200600000398,0006-01-10 17:20:00,6,1,10,17,20,130,55,"102, PARETTE (PLACE DE L",,,Plein jour,En agglomération,Hors intersection,Normale,Deux véhicules - côté,,,,,,,,,,,1,2,1,1,3
200600000399,0006-01-14 14:55:00,6,1,14,14,55,130,55,"79, PLOMBIERES (BOULEVAR",,,Plein jour,En agglomération,Hors intersection,Normale,Deux véhicules - arrière,,,,,,,,,,,1,2,1,1,2
200600000400,0006-01-09 14:31:00,6,1,9,14,31,130,55,"505, MADRAGUE VILLE (RUE",,,Plein jour,En agglomération,Intersection en T,Normale,Deux véhicules - côté,,,,,,,,,,,1,2,3,1,3
200600000401,0006-01-16 15:30:00,6,1,16,15,30,130,55,"28, SAINT ANTOINE (AVENU",,,Plein jour,En agglomération,Hors intersection,Normale,Autre collision,,,,,,,,,,,1,2,1,1,6
200600000402,0006-01-18 12:30:00,6,1,18,12,30,130,55,BOURRELY (CHEMIN DES),,,Plein jour,En agglomération,Hors intersection,Normale,Autre collision,,,,,,,,,,,1,2,1,1,6
200600000403,0006-01-18 08:15:00,6,1,18,8,15,130,55,MARCHE D'IN (AVENUE),,,Plein jour,En agglomération,Hors intersection,Normale,Autre collision,,,,,,,,,,,1,2,1,1,6
200600000404,0006-01-09 14:20:00,6,1,9,14,20,130,55,BLANCARDE (BOULEVARD),,,Plein jour,En agglomération,Intersection en X,Normale,Trois véhicules et plus - collisions multiples,,,,,,,,,,,1,2,2,1,5
200600000405,0006-01-20 19:40:00,6,1,20,19,40,130,55,JOURDAN (BOULEVARD),,,Crépuscule ou aube,En agglomération,Intersection en X,Normale,Deux véhicules - côté,,,,,,,,,,,2,2,2,1,3
200600000406,0006-01-06 09:01:00,6,1,6,9,1,130,55,FRAIS VALLON (AVENUE),,,Plein jour,En agglomération,Hors intersection,Normale,Trois véhicules et plus - en chaîne,,,,,,,,,,,1,2,1,1,4
200600000407,0006-01-21 19:20:00,6,1,21,19,20,130,55,FRAIS VALLON (AVENUE),,,Nuit avec éclairage allumé,En agglomération,Hors intersection,Normale,Deux véhicules - arrière,,,,,,,,,,,5,2,1,1,2
200600000408,0006-01-12 08:30:00,6,1,12,8,30,130,55,COMMANDANT ROLLAND,,,Plein jour,En agglomération,Hors intersection,Normale,Sans collision,,,,,,,,,,,1,2,1,1,7
200600000409,0006-01-18 14:30:00,6,1,18,14,30,130,55,"154, MIREILLE LAUZE (BOU",,,Plein jour,En agglomération,Hors intersection,Normale,Deux véhicules - arrière,,,,,,,,,,,1,2,1,1,2
200600000410,0006-01-13 17:45:00,6,1,13,17,45,130,55,"11, METRO (BOULEVARD DU)",,,Plein jour,En agglomération,Hors intersection,Normale,Autre collision,,,,,,,,,,,1,2,1,1,6
200600000411,0006-01-18 19:00:00,6,1,18,19,0,130,55,"35/37, RABATAU (BOULEVAR",,,Nuit avec éclairage allumé,En agglomération,Hors intersection,Normale,Deux véhicules - côté,,,,,,,,,,,5,2,1,1,3
200600000412,0006-01-13 22:50:00,6,1,13,22,50,130,55,BLANCARDE (BOULEVARD),,,Nuit avec éclairage allumé,En agglomération,Intersection en T,Normale,Deux véhicules - côté,,,,,,,,,,,5,2,3,1,3
200600000413,0006-01-17 11:45:00,6,1,17,11,45,130,55,PEINTRES ROUX (AVENUE DE,,,Plein jour,En agglomération,Autre intersection,Normale,Deux véhicules - côté,,,,,,,,,,,1,2,9,1,3
200600000414,0006-01-19 07:50:00,6,1,19,7,50,130,55,DÉSIRÉ BIANCO (AVENUE),,,Plein jour,En agglomération,Hors intersection,Normale,Deux véhicules - côté,,,,,,,,,,,1,2,1,1,3
200600000415,0006-01-24 16:55:00,6,1,24,16,55,130,55,LOUIS MAUREL (RUE),,,Plein jour,En agglomération,Intersection en X,Normale,Deux véhicules - côté,,,,,,,,,,,1,2,2,1,3
200600000416,0006-01-16 13:50:00,6,1,16,13,50,130,55,DAMES (BOULEVARD DES),,,Plein jour,En agglomération,Hors intersection,Normale,Deux véhicules - arrière,,,,,,,,,,,1,2,1,1,2
200600000417,0006-01-19 11:10:00,6,1,19,11,10,130,55,"26, SAINT BARNABE (AVENU",,,Plein jour,Hors agglomération,Hors intersection,Normale,Deux véhicules - arrière,,,,,,,,,,,1,1,1,1,2
200600000418,0006-01-27 14:10:00,6,1,27,14,10,130,55,"00, CASSIS (ANCIEN CHEMI",,,Plein jour,Hors agglomération,Hors intersection,Pluie légère,Autre collision,,,,,,,,,,,1,1,1,2,6
200600000419,0006-01-28 06:20:00,6,1,28,6,20,130,55,"32, FRANCOISE DUPARC (BO",,,Crépuscule ou aube,En agglomération,Hors intersection,Pluie légère,Deux véhicules - côté,,,,,,,,,,,2,2,1,2,3
200600000420,0006-01-27 22:20:00,6,1,27,22,20,130,55,"14, MORETTI (BOULEVARD)",,,Nuit avec éclairage allumé,En agglomération,Hors intersection,Pluie légère,Deux véhicules - frontale,,,,,,,,,,,5,2,1,2,1
200600000421,0006-01-11 15:30:00,6,1,11,15,30,130,55,BERNEX (CHEMIN DE),,,Plein jour,En agglomération,Autre intersection,Normale,Deux véhicules - côté,,,,,,,,,,,1,2,9,1,3
200600000422,0006-01-08 17:30:00,6,1,8,17,30,130,55,"63, PIERRE DOIZE  (RUE)",,,Plein jour,En agglomération,Hors intersection,Normale,Deux véhicules - côté,,,,,,,,,,,1,2,1,1,3
200600000423,0006-01-17 09:00:00,6,1,17,9,0,130,55,CASSIS (BOULEVARD),,,Plein jour,Hors agglomération,Hors intersection,Pluie légère,Deux véhicules - côté,,,,,,,,,,,1,1,1,2,3
200600000424,0006-01-27 09:10:00,6,1,27,9,10,130,2,QUATRE SAISONS (ROUTE DE,,,Plein jour,En agglomération,Hors intersection,Pluie forte,Autre collision,,,,,,,,,,,1,2,1,3,6
200600000425,0006-01-07 13:30:00,6,1,7,13,30,130,55,"131, CAMOINS ((RUE LES)",,,Plein jour,En agglomération,Hors intersection,Normale,Deux véhicules - côté,,,,,,,,,,,1,2,1,1,3
200600000426,0006-01-25 07:10:00,6,1,25,7,10,130,55,MIREILLE LAUZE (BOULEVAR,,,Crépuscule ou aube,En agglomération,Intersection en T,Normale,Deux véhicules - arrière,,,,,,,,,,,2,2,3,1,2
200600000427,0006-01-28 11:50:00,6,1,28,11,50,130,55,"427, MIREILLE LAUZE (BOU",,,Plein jour,En agglomération,Hors intersection,Pluie forte,Autre collision,,,,,,,,,,,1,2,1,3,6
200600000428,0006-01-16 17:30:00,6,1,16,17,30,130,55,"60, AGUILLON (BOULEVARD)",,,Nuit avec éclairage allumé,En agglomération,Hors intersection,Normale,Trois véhicules et plus - en chaîne,,,,,,,,,,,5,2,1,1,4
200600000429,0006-01-14 22:55:00,6,1,14,22,55,130,55,"38, EGLISE (PLACE DE L')",,,Nuit avec éclairage allumé,En agglomération,Hors intersection,Normale,Deux véhicules - côté,,,,,,,,,,,5,2,1,1,3
200600000430,0006-01-04 20:00:00,6,1,4,20,0,130,55,ROUET (RUE DU),,,Nuit avec éclairage allumé,En agglomération,Intersection en X,Normale,Deux véhicules - côté,,,,,,,,,,,5,2,2,1,3
200600000431,0006-01-31 13:15:00,6,1,31,13,15,130,2,QUATRE SAISONS (ROUTE DE,,,Plein jour,En agglomération,Hors intersection,Normale,Autre collision,,,,,,,,,,,1,2,1,1,6
200600000432,0006-01-31 21:30:00,6,1,31,21,30,130,55,EUROPE (ROND POINT DE L',,,Nuit avec éclairage allumé,En agglomération,Giratoire,Normale,Autre collision,,,,,,,,,,,5,2,6,1,6
200600000433,0006-01-10 18:45:00,6,1,10,18,45,130,55,NATIONAL (BOULEVARD),,,Nuit avec éclairage allumé,En agglomération,Hors intersection,Normale,Deux véhicules - arrière,,,,,,,,,,,5,2,1,1,2
200600000434,0006-01-23 20:10:00,6,1,23,20,10,130,55,PAUL CLAUDEL (BOULEVARD),,,Nuit avec éclairage allumé,En agglomération,Hors intersection,Normale,Deux véhicules - arrière,,,,,,,,,,,5,2,1,1,2
200600000435,0006-01-07 09:30:00,6,1,7,9,30,130,55,BOIS LUZY (AVENUE DE),,,Plein jour,En agglomération,Intersection en X,Normale,Deux véhicules - côté,,,,,,,,,,,1,2,2,1,3
200600000436,0006-01-02 09:55:00,6,1,2,9,55,130,55,"40, VALLON DE TOULOUSE (",,,Plein jour,En agglomération,Hors intersection,Normale,Autre collision,,,,,,,,,,,1,2,1,1,6
200600000437,0006-01-17 12:15:00,6,1,17,12,15,130,55,MAURIAC (RUE),,,Plein jour,En agglomération,Hors intersection,Pluie légère,Deux véhicules - arrière,,,,,,,,,,,1,2,1,2,2
200600000438,0006-01-31 19:00:00,6,1,31,19,0,130,55,"00, CHEMIN DU LITTORAL (",,,Nuit sans éclairage public,En agglomération,Hors intersection,Normale,Autre collision,,,,,,,,,,,3,2,1,1,6
200600000439,0006-01-23 16:30:00,6,1,23,16,30,130,55,CAMOINS ((RUE LES),,,Plein jour,En agglomération,Hors intersection,Normale,Autre collision,,,,,,,,,,,1,2,1,1,6
200600000440,0006-01-13 11:45:00,6,1,13,11,45,130,55,"12, SAKAKINI (BOULEVARD)",,,Plein jour,En agglomération,Hors intersection,Normale,Autre collision,,,,,,,,,,,1,2,1,1,6
200600000441,0006-01-23 16:40:00,6,1,23,16,40,130,55,"76, CANEBIERE     1 A 79",,,Plein jour,En agglomération,Hors intersection,Normale,Deux véhicules - côté,,,,,,,,,,,1,2,1,1,3
200600000442,0006-01-20 12:30:00,6,1,20,12,30,130,55,RABATAU (BOULEVARD),,,Plein jour,En agglomération,Hors intersection,Normale,Deux véhicules - arrière,,,,,,,,,,,1,2,1,1,2
200600000443,0006-01-29 16:00:00,6,1,29,16,0,130,55,LÉON LACHAMP (ROUTE),,,Plein jour,En agglomération,Hors intersection,Normale,Deux véhicules - frontale,,,,,,,,,,,1,2,1,1,1
200600000444,0006-01-10 16:31:00,6,1,10,16,31,130,55,POMPIDOU (PROMENADE),,,Plein jour,En agglomération,Intersection en T,Normale,Deux véhicules - côté,,,,,,,,,,,1,2,3,1,3
200600000445,0006-01-04 09:20:00,6,1,4,9,20,130,55,MARCEL SEMBAT (RUE),,,Plein jour,En agglomération,Intersection en T,Normale,Deux véhicules - côté,,,,,,,,,,,1,2,3,1,3
200600000446,0006-01-20 07:35:00,6,1,20,7,35,130,55,SABLIERE (TRAVERSE DE LA,,,Plein jour,En agglomération,Hors intersection,Normale,Deux véhicules - côté,,,,,,,,,,,1,2,1,1,3
200600000447,0006-01-31 11:20:00,6,1,31,11,20,130,55,PEINTRES RO (RUE),,,Plein jour,En agglomération,Hors intersection,Normale,Trois véhicules et plus - en chaîne,,,,,,,,,,,1,2,1,1,4
200600000448,0006-01-18 18:30:00,6,1,18,18,30,130,55,"44, SAINT JEAN (RUE)",,,Nuit avec éclairage allumé,En agglomération,Hors intersection,Normale,Deux véhicules - côté,,,,,,,,,,,5,2,1,1,3
200600000449,0006-01-31 19:01:00,6,1,31,19,1,130,55,"164, SAINTE MARGUERITE (",,,Nuit avec éclairage allumé,En agglomération,Hors intersection,Pluie légère,Deux véhicules - côté,,,,,,,,,,,5,2,1,2,3
200600000450,0006-01-13 09:00:00,6,1,13,9,0,130,55,"700, MAZARGUES (AVENUE D",,,Plein jour,En agglomération,Hors intersection,Temps éblouissant,Autre collision,,,,,,,,,,,1,2,1,7,6
200600000451,0006-01-14 22:30:00,6,1,14,22,30,130,55,PASQUIER (IMPASSE),,,Nuit avec éclairage allumé,En agglomération,Hors intersection,Normale,Deux véhicules - arrière,,,,,,,,,,,5,2,1,1,2
200600000452,0006-01-29 06:45:00,6,1,29,6,45,130,55,"11, CAMILLE PELLETAN (AV",,,Nuit avec éclairage allumé,En agglomération,Hors intersection,Pluie forte,Autre collision,,,,,,,,,,,5,2,1,3,6
200600000453,0006-01-01 03:45:00,6,1,1,3,45,130,55,RABATAU (BOULEVARD),,,Nuit avec éclairage allumé,En agglomération,Hors intersection,Normale,Deux véhicules - arrière,,,,,,,,,,,5,2,1,1,2
200600000454,0006-01-13 16:10:00,6,1,13,16,10,130,2,PROVENCE (AVENUE DE),,,Plein jour,En agglomération,Hors intersection,Normale,Deux véhicules - arrière,,,,,,,,,,,1,2,1,1,2
200600000455,0006-01-30 15:55:00,6,1,30,15,55,130,55,VALLON VERT (CHEMIN DU),,,Plein jour,En agglomération,Hors intersection,Normale,Deux véhicules - côté,,,,,,,,,,,1,2,1,1,3
200600000456,0006-01-25 16:35:00,6,1,25,16,35,130,55,COLGATE (TRAVERSE),,,Plein jour,En agglomération,Hors intersection,Normale,Trois véhicules et plus - en chaîne,,,,,,,,,,,1,2,1,1,4
200600000457,0006-01-25 18:45:00,6,1,25,18,45,130,55,PRADO (AVENUE),,,Nuit avec éclairage non allumé,En agglomération,Hors intersection,Normale,Deux véhicules - côté,,,,,,,,,,,4,2,1,1,3
200600000458,0006-01-31 14:30:00,6,1,31,14,30,130,55,"6-13, LANCIER (CHEMIN DU",,,Plein jour,En agglomération,Hors intersection,Normale,Deux véhicules - arrière,,,,,,,,,,,1,2,1,1,2
200600000459,0006-01-25 17:10:00,6,1,25,17,10,130,55,"242, SAINT LOUP (BOULEVA",,,Plein jour,En agglomération,Hors intersection,Normale,Autre collision,,,,,,,,,,,1,2,1,1,6
200600000460,0006-01-16 12:15:00,6,1,16,12,15,130,2,JEAN GIONO (AVENUE),,,Plein jour,En agglomération,Hors intersection,Normale,Autre collision,,,,,,,,,,,1,2,1,1,6
200600000461,0006-01-20 10:00:00,6,1,20,10,0,130,55,"434, PRADO (AVENUE)",,,Plein jour,En agglomération,Hors intersection,Normale,Autre collision,,,,,,,,,,,1,2,1,1,6
200600000462,0006-01-06 08:05:00,6,1,6,8,5,130,55,"178, SAINT MARCEL (BOULE",,,Crépuscule ou aube,En agglomération,Hors intersection,Pluie légère,Autre collision,,,,,,,,,,,2,2,1,2,6
200600000463,0006-01-15 15:15:00,6,1,15,15,15,130,55,MENDES FRANCE (AVENUE),,,Plein jour,En agglomération,Autre intersection,Normale,Autre collision,,,,,,,,,,,1,2,9,1,6
200600000464,0006-01-25 19:15:00,6,1,25,19,15,130,55,MORETTI (BOULEVARD),,,Crépuscule ou aube,En agglomération,Hors intersection,Normale,Autre collision,,,,,,,,,,,2,2,1,1,6
200600000465,0006-01-11 18:15:00,6,1,11,18,15,130,55,ROSE (AVENUE DE LA),,,Crépuscule ou aube,En agglomération,Hors intersection,Normale,Autre collision,,,,,,,,,,,2,2,1,1,6
200600000466,0006-01-11 08:15:00,6,1,11,8,15,130,55,PRADO (AVENUE DU),,,Plein jour,En agglomération,Hors intersection,Normale,Autre collision,,,,,,,,,,,1,2,1,1,6
200600000467,0006-01-25 16:15:00,6,1,25,16,15,130,55,"249, DANIEL CASANOVA (BO",,,Plein jour,En agglomération,Hors intersection,Normale,Autre collision,,,,,,,,,,,1,2,1,1,6
200600000468,0006-01-24 13:00:00,6,1,24,13,0,130,55,SAINT JEROME (AVENUE DE),,,Plein jour,En agglomération,Hors intersection,Normale,Deux véhicules - arrière,,,,,,,,,,,1,2,1,1,2
200600000469,0006-01-13 07:55:00,6,1,13,7,55,130,55,00,,,Plein jour,En agglomération,Hors intersection,Normale,Autre collision,,,,,,,,,,,1,2,1,1,6
200600000470,0006-01-16 18:50:00,6,1,16,18,50,130,55,MENDES FRANCE (AVENUE),,,Nuit avec éclairage allumé,En agglomération,Hors intersection,Pluie légère,Autre collision,,,,,,,,,,,5,2,1,2,6
200600000471,0006-01-20 16:20:00,6,1,20,16,20,130,55,"41, DAMES (BOULEVARD DES",,,Plein jour,En agglomération,Hors intersection,Normale,Deux véhicules - côté,,,,,,,,,,,1,2,1,1,3
200600000472,0006-01-06 16:00:00,6,1,6,16,0,130,55,"10, LIBERTE (BOULEVARD D",,,Plein jour,En agglomération,Intersection en X,Normale,Deux véhicules - côté,,,,,,,,,,,1,2,2,1,3
200600000473,0006-01-30 23:00:00,6,1,30,23,0,130,55,"112, BRETEUIL (RUE)",,,Nuit avec éclairage allumé,En agglomération,Intersection en T,Pluie légère,Autre collision,,,,,,,,,,,5,2,3,2,6
200600000474,0006-01-16 17:55:00,6,1,16,17,55,130,55,SAINT MARCEL (BOULEVARD,,,Nuit avec éclairage non allumé,En agglomération,Intersection en T,Pluie légère,Deux véhicules - côté,,,,,,,,,,,4,2,3,2,3
200600000475,0006-01-09 19:30:00,6,1,9,19,30,130,55,PARADIS (RUE),,,Nuit sans éclairage public,En agglomération,Intersection en X,Normale,Deux véhicules - côté,,,,,,,,,,,3,2,2,1,3
200600000476,0006-01-19 07:45:00,6,1,19,7,45,130,55,"271, SAINT MARCEL (BOULE",,,Plein jour,En agglomération,Hors intersection,Normale,Deux véhicules - côté,,,,,,,,,,,1,2,1,1,3
200600000477,0006-01-28 01:30:00,6,1,28,1,30,130,55,RABATAU (BOULEVARD),,,Nuit avec éclairage non allumé,En agglomération,Hors intersection,Pluie forte,Trois véhicules et plus - collisions multiples,,,,,,,,,,,4,2,1,3,5
200600000478,0006-01-17 17:30:00,6,1,17,17,30,130,55,"178, JONQUILLES (CHEMIN",,,Plein jour,En agglomération,Hors intersection,Pluie légère,Autre collision,,,,,,,,,,,1,2,1,2,6
200600000479,0006-01-30 17:00:00,6,1,30,17,0,130,55,TROLLAT (TRAVERSE),,,Plein jour,En agglomération,Hors intersection,Normale,Autre collision,,,,,,,,,,,1,2,1,1,6
200600000480,0006-01-20 07:55:00,6,1,20,7,55,130,55,"09, GAVOTTE (RUE DE LA)",,,Crépuscule ou aube,En agglomération,Hors intersection,Normale,Deux véhicules - arrière,,,,,,,,,,,2,2,1,1,2
200600000481,0006-01-30 19:05:00,6,1,30,19,5,130,55,"72, MERLAN (AVENUE DU)",,,Nuit avec éclairage allumé,En agglomération,Hors intersection,Normale,Autre collision,,,,,,,,,,,5,2,1,1,6
200600000482,0006-01-29 12:45:00,6,1,29,12,45,130,55,PLOMBIERES (BOULEVARD DE,,,Plein jour,En agglomération,Hors intersection,Temps couvert,Deux véhicules - côté,,,,,,,,,,,1,2,1,8,3
200600000483,0006-01-15 16:00:00,6,1,15,16,0,130,55,"3, SAUVAN (BOULEVARD)",,,Plein jour,En agglomération,Hors intersection,Normale,Autre collision,,,,,,,,,,,1,2,1,1,6
200600000484,0006-01-24 19:45:00,6,1,24,19,45,130,55,"344, SAINT ANTOINE (AVEN",,,Nuit avec éclairage allumé,En agglomération,Hors intersection,Normale,Deux véhicules - côté,,,,,,,,,,,5,2,1,1,3
200600000485,0006-01-24 11:00:00,6,1,24,11,0,130,55,CAPRIERS (IMPASSE),,,Plein jour,En agglomération,Hors intersection,Normale,Autre collision,,,,,,,,,,,1,2,1,1,6
200600000486,0006-01-04 08:51:00,6,1,4,8,51,130,55,"00, PAUL CLAUDEL (BOULEV",,,Plein jour,En agglomération,Hors intersection,Normale,Sans collision,,,,,,,,,,,1,2,1,1,7
200600000487,0006-01-13 15:10:00,6,1,13,15,10,130,55,FRANCOISE DUPARC (BOULEV,,,Plein jour,En agglomération,Hors intersection,Normale,Deux véhicules - arrière,,,,,,,,,,,1,2,1,1,2
200600000488,0006-01-06 17:15:00,6,1,6,17,15,130,55,ICARD (BOULEVARD),,,Nuit avec éclairage allumé,En agglomération,Hors intersection,Pluie légère,Deux véhicules - arrière,,,,,,,,,,,5,2,1,2,2
200600000489,0006-01-30 17:30:00,6,1,30,17,30,130,55,MENDES FRANCE (AVENUE),,,Nuit avec éclairage allumé,En agglomération,Intersection en X,Temps couvert,Deux véhicules - frontale,,,,,,,,,,,5,2,2,8,1
200600000490,0006-01-25 16:00:00,6,1,25,16,0,130,55,TONKIN  (TRAVERSE DU),,,Plein jour,En agglomération,Hors intersection,Normale,Autre collision,,,,,,,,,,,1,2,1,1,6
200600000491,0006-01-28 10:10:00,6,1,28,10,10,130,55,PRADO (ROND-POINT),,,Plein jour,En agglomération,Hors intersection,Pluie forte,Autre collision,,,,,,,,,,,1,2,1,3,6
200600000492,0006-01-17 09:01:00,6,1,17,9,1,130,55,FRAIS VALLON (AVENUE),,,Plein jour,En agglomération,Hors intersection,Pluie légère,Deux véhicules - arrière,,,,,,,,,,,1,2,1,2,2
200600000493,0006-01-31 17:15:00,6,1,31,17,15,130,55,MARÉCHAL FOCH (AVENUE),,,Plein jour,En agglomération,Intersection en X,Normale,Autre collision,,,,,,,,,,,1,2,2,1,6
200600000494,0006-01-25 11:45:00,6,1,25,11,45,130,55,BELGES (QUAI DES),,,Plein jour,En agglomération,Hors intersection,Normale,Deux véhicules - arrière,,,,,,,,,,,1,2,1,1,2
200600000495,0006-01-02 16:31:00,6,1,2,16,31,130,55,"00, MERLAN (AVENUE)",,,Crépuscule ou aube,En agglomération,Hors intersection,Normale,Deux véhicules - côté,,,,,,,,,,,2,2,1,1,3
200600000496,0006-01-28 04:20:00,6,1,28,4,20,130,55,ROGER BRUN (RUE),,,Nuit avec éclairage allumé,En agglomération,Intersection en X,Pluie légère,Deux véhicules - côté,,,,,,,,,,,5,2,2,2,3
200600000497,0006-01-11 10:45:00,6,1,11,10,45,130,55,", OLIVES (AVENUE DES)",,,Plein jour,En agglomération,Hors intersection,Normale,Deux véhicules - arrière,,,,,,,,,,,1,2,1,1,2
200600000498,0006-01-31 13:40:00,6,1,31,13,40,130,55,"734, LITTORAL (CHEMIN DU",,,Plein jour,En agglomération,Hors intersection,Normale,Autre collision,,,,,,,,,,,1,2,1,1,6
200600000499,0006-01-16 07:20:00,6,1,16,7,20,130,55,"000, BOURRELY (CHEMIN DE",,,Crépuscule ou aube,En agglomération,Hors intersection,Normale,Deux véhicules - côté,,,,,,,,,,,2,2,1,1,3
200600000500,0006-01-12 14:00:00,6,1,12,14,0,130,55,BOURRELY (CHEMIN DES),,,Plein jour,En agglomération,Hors intersection,Normale,Deux véhicules - côté,,,,,,,,,,,1,2,1,1,3
200600000501,0006-01-31 14:25:00,6,1,31,14,25,130,55,"38, SIMON BOLIVAR (BOULE",,,Plein jour,En agglomération,Hors intersection,Normale,Deux véhicules - arrière,,,,,,,,,,,1,2,1,1,2
200600000502,0006-01-28 00:01:00,6,1,28,0,1,130,55,VENTE (TRAVERSE DE LA),,,Nuit avec éclairage allumé,En agglomération,Hors intersection,Pluie légère,Autre collision,,,,,,,,,,,5,2,1,2,6
200600000503,0006-01-17 13:00:00,6,1,17,13,0,130,55,MICHELET (BOULEVARD),,,Plein jour,En agglomération,Hors intersection,Normale,Deux véhicules - côté,,,,,,,,,,,1,2,1,1,3
200600000504,0006-01-14 11:55:00,6,1,14,11,55,130,55,"242, SAINTE MARGUERITE (",,,Plein jour,En agglomération,Hors intersection,Normale,Deux véhicules - arrière,,,,,,,,,,,1,2,1,1,2
200600000505,0006-01-17 08:20:00,6,1,17,8,20,130,55,MARÉCHAL DE LATTRE (AVEN,,,Plein jour,En agglomération,Hors intersection,Normale,Deux véhicules - arrière,,,,,,,,,,,1,2,1,1,2
200600000506,0006-01-11 14:00:00,6,1,11,14,0,130,55,"69, MARÉCHAL DE LATTRE (",,,Plein jour,En agglomération,Autre intersection,Normale,Autre collision,,,,,,,,,,,1,2,9,1,6
200600000507,0006-01-22 14:00:00,6,1,22,14,0,130,55,"03, RABATAU (BOULEVARD)",,,Plein jour,En agglomération,Hors intersection,Normale,Deux véhicules - arrière,,,,,,,,,,,1,2,1,1,2
200600000508,0006-01-30 11:40:00,6,1,30,11,40,130,55,ANATOLE DE LA FORGE (BOU,,,Plein jour,En agglomération,Intersection en T,Normale,Trois véhicules et plus - collisions multiples,,,,,,,,,,,1,2,3,1,5
200600000509,0006-01-06 07:45:00,6,1,6,7,45,130,55,ETIENNE MIEGE (RUE),,,Crépuscule ou aube,En agglomération,Hors intersection,Temps couvert,Sans collision,,,,,,,,,,,2,2,1,8,7
200600000510,0006-01-09 15:30:00,6,1,9,15,30,130,55,LIBERATION (BOULEVARD),,,Plein jour,En agglomération,Hors intersection,Normale,Autre collision,,,,,,,,,,,1,2,1,1,6
200600000511,0006-01-22 17:15:00,6,1,22,17,15,130,55,"161, CORNICHE KENNEDY",,,Plein jour,En agglomération,Hors intersection,Normale,Deux véhicules - arrière,,,,,,,,,,,1,2,1,1,2
200600000512,0006-01-22 16:20:00,6,1,22,16,20,130,55,"142, CANEBIERE     70 A",,,Plein jour,En agglomération,Hors intersection,Normale,Autre collision,,,,,,,,,,,1,2,1,1,6
200600000513,0006-01-26 12:50:00,6,1,26,12,50,130,55,NOTRE DAME (CHEMIN),,,Plein jour,En agglomération,Hors intersection,Normale,Deux véhicules - frontale,,,,,,,,,,,1,2,1,1,1
200600000514,0006-01-11 11:55:00,6,1,11,11,55,130,55,BERTHIER (BOULEVARD),,,Plein jour,En agglomération,Hors intersection,Normale,Autre collision,,,,,,,,,,,1,2,1,1,6
200600000515,0006-01-30 19:45:00,6,1,30,19,45,130,55,EDOUARD PONS (RUE),,,Nuit avec éclairage allumé,En agglomération,Intersection en X,Normale,Deux véhicules - côté,,,,,,,,,,,5,2,2,1,3
200600000516,0006-01-23 18:20:00,6,1,23,18,20,130,55,"30, JEAN MOULIN (BOULEVA",,,Nuit avec éclairage allumé,En agglomération,Hors intersection,Normale,Autre collision,,,,,,,,,,,5,2,1,1,6
200600000517,0006-01-11 17:15:00,6,1,11,17,15,130,55,"171, RABATAU (BOULEVARD)",,,Crépuscule ou aube,En agglomération,Hors intersection,Normale,Deux véhicules - côté,,,,,,,,,,,2,2,1,1,3
200600000518,0006-01-20 10:40:00,6,1,20,10,40,130,55,GUSTAVE GANAY (BOULEVARD,,,Plein jour,En agglomération,Autre intersection,Normale,Autre collision,,,,,,,,,,,1,2,9,1,6
200600000519,0006-01-23 17:40:00,6,1,23,17,40,130,55,"00, MARÉCHAL DE LATTRE (",,,Nuit sans éclairage public,En agglomération,Hors intersection,Normale,Autre collision,,,,,,,,,,,3,2,1,1,6
200600000520,0006-01-19 10:20:00,6,1,19,10,20,130,55,"188, MILLIERE (BOULEVARD",,,Plein jour,En agglomération,Hors intersection,Normale,Autre collision,,,,,,,,,,,1,2,1,1,6
200600000521,0006-01-06 13:30:00,6,1,6,13,30,130,55,"54, SAINT LOUIS (AVENUE",,,Plein jour,En agglomération,Autre intersection,Normale,Deux véhicules - arrière,,,,,,,,,,,1,2,9,1,2
200600000522,0006-01-21 12:30:00,6,1,21,12,30,130,55,"16, CROIX ROUGE (AVENUE)",,,Plein jour,En agglomération,Hors intersection,Normale,Deux véhicules - frontale,,,,,,,,,,,1,2,1,1,1
200600000523,0006-01-16 18:00:00,6,1,16,18,0,130,55,VALDONNE (AVENUE DE),,,Nuit avec éclairage allumé,En agglomération,Hors intersection,Pluie légère,Deux véhicules - côté,,,,,,,,,,,5,2,1,2,3
200600000524,0006-01-23 19:40:00,6,1,23,19,40,130,55,"120, FLAMMARION (BOULEVA",,,Nuit avec éclairage allumé,En agglomération,Hors intersection,Normale,Deux véhicules - frontale,,,,,,,,,,,5,2,1,1,1
200600000525,0006-01-20 20:20:00,6,1,20,20,20,130,55,"140, MONTOLIVET (AVENUE",,,Nuit avec éclairage allumé,En agglomération,Hors intersection,Normale,Autre collision,,,,,,,,,,,5,2,1,1,6