accident_id,datetime,annee,mois,jour,heure,minute,departement,commune_insee,adresse,latitude,longitude,luminosite,agglomeration,intersection,meteo,collision,nb_vehicules,nb_usagers,nb_indemnes,nb_tues,nb_blesses_hosp,nb_blesses_legers,age_cond_1,age_cond_2,veh_type_cond_1,veh_type_cond_2,lum_code,agg_code,int_code,atm_code,col_code
200600000526,0006-01-18 12:15:00,6,1,18,12,15,130,55,"31, GRANDE BAST (RUE)",,,Plein jour,En agglomération,Hors intersection,Normale,Autre collision,,,,,,,,,,,1,2,1,1,6
200600000527,0006-01-09 12:00:00,6,1,9,12,0,130,55,SAINT LOUP (BOULEVARD DE,,,Plein jour,En agglomération,Intersection en T,Normale,Deux véhicules - côté,,,,,,,,,,,1,2,3,1,3
200600000528,0006-01-14 18:15:00,6,1,14,18,15,130,55,HAMBOURG (BOULEVARD),,,Nuit avec éclairage allumé,En agglomération,Hors intersection,Normale,Deux véhicules - côté,,,,,,,,,,,5,2,1,1,3
200600000529,0006-01-15 20:10:00,6,1,15,20,10,130,55,FOURRAGERE (IMPASSE),,,Nuit avec éclairage allumé,En agglomération,Intersection en T,Normale,Deux véhicules - côté,,,,,,,,,,,5,2,3,1,3
200600000530,0006-01-13 18:15:00,6,1,13,18,15,130,55,"56, MARÉCHAL DE LATTRE (",,,Nuit avec éclairage allumé,En agglomération,Hors intersection,Normale,Autre collision,,,,,,,,,,,5,2,1,1,6
200600000531,0006-01-27 14:30:00,6,1,27,14,30,130,55,"15, GAVOTTE (RUE DE LA)",,,Plein jour,En agglomération,Hors intersection,Pluie légère,Deux véhicules - côté,,,,,,,,,,,1,2,1,2,3
200600000532,0006-01-27 18:20:00,6,1,27,18,20,130,55,ANATOLE DE LA FORGE (BOU,,,Nuit avec éclairage allumé,En agglomération,Intersection en T,Pluie légère,Deux véhicules - côté,,,,,,,,,,,5,2,3,2,3
200600000533,0006-01-15 15:20:00,6,1,15,15,20,130,55,"173, ROME (RUE DE)",,,Plein jour,En agglomération,Hors intersection,Normale,Deux véhicules - côté,,,,,,,,,,,1,2,1,1,3
200600000534,0006-01-17 09:02:00,6,1,17,9,2,130,55,", FRANÇOISE DUPARC (BOUL",,,Plein jour,En agglomération,Hors intersection,Pluie légère,Trois véhicules et plus - collisions multiples,,,,,,,,,,,1,2,1,2,5
200600000535,0006-01-24 21:00:00,6,1,24,21,0,130,55,SAINT PIERRE (RUE),,,Nuit avec éclairage allumé,En agglomération,Intersection en Y,Normale,Autre collision,,,,,,,,,,,5,2,4,1,6
200600000536,0006-01-13 13:45:00,6,1,13,13,45,130,55,POILUS (AVENUE DES),,,Plein jour,En agglomération,Intersection en T,Normale,Deux véhicules - côté,,,,,,,,,,,1,2,3,1,3
200600000537,0006-01-31 17:20:00,6,1,31,17,20,130,55,ESCAD.NORMA,,,Plein jour,En agglomération,Hors intersection,Normale,Autre collision,,,,,,,,,,,1,2,1,1,6
200600000538,0006-01-26 13:50:00,6,1,26,13,50,130,55,"52, NATIONALE (RUE)",,,Plein jour,En agglomération,Hors intersection,Normale,Autre collision,,,,,,,,,,,1,2,1,1,6
200600000539,0006-01-13 14:00:00,6,1,13,14,0,130,55,"08, VALBARELLE (BOULEVAR",,,Plein jour,En agglomération,Hors intersection,Normale,Autre collision,,,,,,,,,,,1,2,1,1,6
200600000540,0006-01-05 08:45:00,6,1,5,8,45,130,55,ABBÉ FERAUD (RUE),,,Crépuscule ou aube,En agglomération,Intersection en X,Normale,Deux véhicules - côté,,,,,,,,,,,2,2,2,1,3
200600000541,0006-01-30 07:30:00,6,1,30,7,30,130,55,FRANKLIN ROOSEVELT (COUR,,,Crépuscule ou aube,En agglomération,Intersection en X,Normale,Deux véhicules - côté,,,,,,,,,,,2,2,2,1,3
200600000542,0006-01-11 17:16:00,6,1,11,17,16,130,55,"48, MERLAUD PON (RUE)",,,Plein jour,En agglomération,Hors intersection,Normale,Deux véhicules - côté,,,,,,,,,,,1,2,1,1,3
200600000543,0006-01-03 13:40:00,6,1,3,13,40,130,55,PARADIS (RUE),,,Plein jour,En agglomération,Intersection en X,Normale,Deux véhicules - côté,,,,,,,,,,,1,2,2,1,3
200600000544,0006-01-16 19:00:00,6,1,16,19,0,130,55,CHARLES LIVON (BOULEVARD,,,Crépuscule ou aube,En agglomération,Hors intersection,Normale,Deux véhicules - côté,,,,,,,,,,,2,2,1,1,3
200600000545,0006-01-26 20:15:00,6,1,26,20,15,130,55,"47, CANEBIERE     1 A 79",,,Nuit avec éclairage allumé,En agglomération,Intersection en T,Normale,Trois véhicules et plus - en chaîne,,,,,,,,,,,5,2,3,1,4
200600000546,0006-01-13 15:50:00,6,1,13,15,50,130,55,LOCARNO (RUE DE),,,Plein jour,En agglomération,Intersection en X,Normale,Deux véhicules - côté,,,,,,,,,,,1,2,2,1,3
200600000547,0006-01-26 14:30:00,6,1,26,14,30,130,55,"5, CDT LAMY (RUE)",,,Plein jour,En agglomération,Intersection en T,Normale,Autre collision,,,,,,,,,,,1,2,3,1,6
200600000548,0006-01-24 09:00:00,6,1,24,9,0,130,55,SAINT MENET (AVENUE DE),,,Plein jour,En agglomération,Hors intersection,Normale,Deux véhicules - côté,,,,,,,,,,,1,2,1,1,3
200600000549,0006-01-25 12:00:00,6,1,25,12,0,130,55,"15, SAINT MARCEL (BOULEV",,,Plein jour,En agglomération,Hors intersection,Normale,Deux véhicules - côté,,,,,,,,,,,1,2,1,1,3
200600000550,0006-01-16 15:35:00,6,1,16,15,35,130,55,"0, BEAUGEARD (RUE)",,,Plein jour,En agglomération,Intersection en X,Normale,Deux véhicules - côté,,,,,,,,,,,1,2,2,1,3
200600000551,0006-01-09 08:20:00,6,1,9,8,20,130,55,VAUBAN (BOULEVARD),,,Plein jour,En agglomération,Intersection en T,Normale,Autre collision,,,,,,,,,,,1,2,3,1,6
200600000552,0006-01-07 14:50:00,6,1,7,14,50,130,55,"2, GOUFFE (COURS)",,,Plein jour,En agglomération,Intersection en X,Temps couvert,Deux véhicules - côté,,,,,,,,,,,1,2,2,8,3
200600000553,0006-01-10 12:25:00,6,1,10,12,25,130,55,CORNICHE KENNEDY,,,Plein jour,En agglomération,Hors intersection,Normale,Deux véhicules - arrière,,,,,,,,,,,1,2,1,1,2
200600000554,0006-01-17 07:30:00,6,1,17,7,30,130,55,"34, PASTEUR (AVENUE)",,,Plein jour,En agglomération,Hors intersection,Pluie forte,Sans collision,,,,,,,,,,,1,2,1,3,7
200600000555,0006-01-09 16:30:00,6,1,9,16,30,130,55,SAINT JEAN (CHEMIN),,,Plein jour,En agglomération,Hors intersection,Normale,Deux véhicules - arrière,,,,,,,,,,,1,2,1,1,2
200600000556,0006-01-13 18:30:00,6,1,13,18,30,130,55,"neant, DRAGON (RUE)",,,Plein jour,En agglomération,Hors intersection,Normale,Deux véhicules - arrière,,,,,,,,,,,1,2,1,1,2
200600000557,0006-01-03 11:50:00,6,1,3,11,50,130,55,FRANKLIN ROOSEVELT (COUR,,,Plein jour,En agglomération,Intersection en T,Normale,Deux véhicules - côté,,,,,,,,,,,1,2,3,1,3
200600000558,0006-01-17 16:00:00,6,1,17,16,0,130,2,PICHAURIS (CHEMIN DE...,,,Plein jour,Hors agglomération,Hors intersection,Pluie légère,Autre collision,,,,,,,,,,,1,1,1,2,6
200600000559,0006-01-16 14:25:00,6,1,16,14,25,130,55,LIBERTE (BOULEVARD DE LA,,,Plein jour,En agglomération,Intersection en X,Normale,Deux véhicules - côté,,,,,,,,,,,1,2,2,1,3
200600000560,0006-01-31 18:20:00,6,1,31,18,20,130,55,JEAN MOULIN (BOULEVARD),,,Crépuscule ou aube,En agglomération,Hors intersection,Normale,Autre collision,,,,,,,,,,,2,2,1,1,6
200600000561,0006-01-10 12:30:00,6,1,10,12,30,130,55,JEAN MOULIN (BOULEVARD),,,Plein jour,En agglomération,Hors intersection,Normale,Autre collision,,,,,,,,,,,1,2,1,1,6
200600000562,0006-01-11 20:50:00,6,1,11,20,50,130,55,GEORGE (RUE),,,Nuit avec éclairage allumé,En agglomération,Intersection en T,Normale,Deux véhicules - côté,,,,,,,,,,,5,2,3,1,3
200600000563,0006-01-22 06:20:00,6,1,22,6,20,130,55,"310, PRADO (AVENUE DU)",,,Crépuscule ou aube,En agglomération,Intersection en X,Normale,Deux véhicules - côté,,,,,,,,,,,2,2,2,1,3
200600000564,0006-01-06 13:31:00,6,1,6,13,31,130,55,"80, BAILLE (BOULEVARD)",,,Plein jour,En agglomération,Hors intersection,Normale,Deux véhicules - frontale,,,,,,,,,,,1,2,1,1,1
200600000565,0006-01-03 16:40:00,6,1,3,16,40,130,55,CONSOLAT (RUE)     1 A 4,,,Plein jour,En agglomération,Intersection en T,Normale,Deux véhicules - côté,,,,,,,,,,,1,2,3,1,3
200600000566,0006-01-18 10:30:00,6,1,18,10,30,130,55,"68, CORSE (AVENUE DE LA)",,,Plein jour,En agglomération,Hors intersection,Normale,Sans collision,,,,,,,,,,,1,2,1,1,7
200600000567,0006-01-24 12:30:00,6,1,24,12,30,130,55,"16, CARTONNERIE (BOULEVA",,,Plein jour,En agglomération,Hors intersection,Normale,Deux véhicules - côté,,,,,,,,,,,1,2,1,1,3
200600000568,0006-01-15 15:30:00,6,1,15,15,30,130,55,BAILLE (BOULEVARD),,,Plein jour,En agglomération,Intersection en X,Normale,Deux véhicules - côté,,,,,,,,,,,1,2,2,1,3
200600000569,0006-01-29 15:15:00,6,1,29,15,15,130,55,ROSIERS (TRAVERSE DES),,,Plein jour,En agglomération,Autre intersection,Temps couvert,Deux véhicules - côté,,,,,,,,,,,1,2,9,8,3
200600000570,0006-01-24 15:40:00,6,1,24,15,40,130,55,"157, LIBERATION (BOULEVA",,,Plein jour,En agglomération,Hors intersection,Normale,Deux véhicules - côté,,,,,,,,,,,1,2,1,1,3
200600000571,0006-01-20 19:15:00,6,1,20,19,15,130,55,SAKAKINI (BOULEVARD),,,Nuit avec éclairage allumé,En agglomération,Intersection en X,Normale,Deux véhicules - arrière,,,,,,,,,,,5,2,2,1,2
200600000572,0006-01-21 02:20:00,6,1,21,2,20,130,55,"221, LYON (RUE DE)",,,Nuit avec éclairage allumé,En agglomération,Hors intersection,Normale,Autre collision,,,,,,,,,,,5,2,1,1,6
200600000573,0006-01-24 13:20:00,6,1,24,13,20,130,55,LODI (RUE DE),,,Plein jour,En agglomération,Hors intersection,Normale,Autre collision,,,,,,,,,,,1,2,1,1,6
200600000574,0006-01-31 07:45:00,6,1,31,7,45,130,55,"01, SAINT FRANC (RUE)",,,Crépuscule ou aube,En agglomération,Hors intersection,Normale,Deux véhicules - côté,,,,,,,,,,,2,2,1,1,3
200600000575,0006-01-05 08:00:00,6,1,5,8,0,130,39,ROUTE NATIONALE 569,,,Plein jour,Hors agglomération,Hors intersection,Neige / grêle,Trois véhicules et plus - en chaîne,,,,,,,,,,,1,1,1,4,4
200600000576,0006-01-07 21:00:00,6,1,7,21,0,130,56,TURCAN FRANCIS,,,Nuit avec éclairage allumé,En agglomération,Intersection en X,Pluie légère,Trois véhicules et plus - collisions multiples,,,,,,,,,,,5,2,2,2,5
200600000577,0006-01-08 02:45:00,6,1,8,2,45,130,77,MILLE CLEMENT (avenue),,,Nuit avec éclairage allumé,En agglomération,Hors intersection,Pluie légère,Autre collision,,,,,,,,,,,5,2,1,2,6
200600000578,0006-01-05 17:10:00,6,1,5,17,10,130,39,RN 268 (PR 7.100),,,Plein jour,Hors agglomération,Hors intersection,Normale,Trois véhicules et plus - collisions multiples,,,,,,,,,,,1,1,1,1,5
200600000579,0006-01-10 22:10:00,6,1,10,22,10,130,26,CD 9,,,Nuit avec éclairage allumé,En agglomération,Hors intersection,Normale,Autre collision,,,,,,,,,,,5,2,1,1,6
200600000580,0006-01-19 07:40:00,6,1,19,7,40,130,56,PORT DE BOUC ROUTE DE,,,Crépuscule ou aube,En agglomération,Hors intersection,Normale,Deux véhicules - côté,,,,,,,,,,,2,2,1,1,3
200600000581,0006-01-19 23:15:00,6,1,19,23,15,130,39,FOSSETTE (Rond-point de,,,Nuit sans éclairage public,Hors agglomération,Hors intersection,Normale,Autre collision,,,,,,,,,,,3,1,1,1,6
200600000582,0006-01-06 19:50:00,6,1,6,19,50,130,103,AVENUE FABRE -JULIEN,,,Nuit sans éclairage public,En agglomération,Hors intersection,Normale,Autre collision,,,,,,,,,,,3,2,1,1,6
200600000583,0006-01-21 20:30:00,6,1,21,20,30,130,103,RTE D' EYGUIERES-RD 17,,,Nuit sans éclairage public,Hors agglomération,Hors intersection,Normale,Sans collision,,,,,,,,,,,3,1,1,1,7
200600000584,0006-01-24 15:20:00,6,1,24,15,20,130,103,"196,  BOULEVARD DANTON",,,Plein jour,En agglomération,Intersection en T,Normale,Autre collision,,,,,,,,,,,1,2,3,1,6
200600000585,0006-01-09 20:53:00,6,1,9,20,53,130,108,VALLABREGUES ( RD 81 ROU,,,Nuit avec éclairage allumé,En agglomération,Intersection en T,Normale,Deux véhicules - côté,,,,,,,,,,,5,2,3,1,3
200600000586,0006-01-01 00:01:00,6,1,1,0,1,130,71,CD 543,,,Nuit avec éclairage allumé,Hors agglomération,Intersection en X,Pluie légère,Deux véhicules - côté,,,,,,,,,,,5,1,2,2,3
200600000587,0006-01-02 06:15:00,6,1,2,6,15,130,71,ROUTE NATIONALE 368 (PLA,,,Nuit sans éclairage public,Hors agglomération,Hors intersection,Normale,Deux véhicules - arrière,,,,,,,,,,,3,1,1,1,2
200600000588,0006-01-05 13:45:00,6,1,5,13,45,130,117,ROME  (AVENUE DE),,,Plein jour,En agglomération,Hors intersection,Normale,Deux véhicules - arrière,,,,,,,,,,,1,2,1,1,2
200600000589,0006-01-05 12:20:00,6,1,5,12,20,130,71,ROUTE NATIONALE 113 - GA,,,Plein jour,En agglomération,Hors intersection,Normale,Trois véhicules et plus - collisions multiples,,,,,,,,,,,1,2,1,1,5
200600000590,0006-01-06 15:20:00,6,1,6,15,20,130,71,ROUTE NATIONALE 368 (PLA,,,Plein jour,Hors agglomération,Hors intersection,Normale,Trois véhicules et plus - collisions multiples,,,,,,,,,,,1,1,1,1,5
200600000591,0006-01-10 19:10:00,6,1,10,19,10,130,117,PADOVANI ( AVE ),,,Nuit avec éclairage allumé,En agglomération,Hors intersection,Normale,Autre collision,,,,,,,,,,,5,2,1,1,6
200600000592,0006-01-11 07:50:00,6,1,11,7,50,130,117,STIRBOIS (ROND POINT JEA,,,Nuit avec éclairage non allumé,En agglomération,Hors intersection,Normale,Deux véhicules - arrière,,,,,,,,,,,4,2,1,1,2
200600000593,0006-01-11 17:40:00,6,1,11,17,40,130,71,RENARDIERE ( CHEMIN DE L,,,Crépuscule ou aube,En agglomération,Intersection en X,Normale,Deux véhicules - côté,,,,,,,,,,,2,2,2,1,3
200600000594,0006-01-13 13:30:00,6,1,13,13,30,130,117,PIERRE PLANTEE (ROND POI,,,Plein jour,En agglomération,Hors intersection,Normale,Deux véhicules - côté,,,,,,,,,,,1,2,1,1,3
200600000595,0006-01-22 00:20:00,6,1,22,0,20,130,117,EUROPE ( AVENUE DE L' ),,,Nuit avec éclairage allumé,Hors agglomération,Hors intersection,Normale,Autre collision,,,,,,,,,,,5,1,1,1,6
200600000596,0006-01-25 08:30:00,6,1,25,8,30,130,71,"XX, PAS DE LA MUE ( CHEM",,,Plein jour,En agglomération,Hors intersection,Normale,Deux véhicules - arrière,,,,,,,,,,,1,2,1,1,2
200600000597,0006-01-25 08:30:00,6,1,25,8,30,130,117,ROUTE NATIONALE 113 - AG,,,Nuit avec éclairage allumé,Hors agglomération,Intersection en X,Normale,Deux véhicules - arrière,,,,,,,,,,,5,1,2,1,2
200600000598,0006-01-28 16:05:00,6,1,28,16,5,130,117,STIRBOIS (ROND POINT JEA,,,Plein jour,En agglomération,Hors intersection,Normale,Deux véhicules - côté,,,,,,,,,,,1,2,1,1,3
200600000599,0006-01-31 09:34:00,6,1,31,9,34,130,117,ATHENES (RUE D'),,,Plein jour,En agglomération,Intersection en T,Pluie légère,Deux véhicules - côté,,,,,,,,,,,1,2,3,2,3
200600000600,0006-01-31 18:25:00,6,1,31,18,25,130,117,ROUTE NATIONALE 113-L'AN,,,Crépuscule ou aube,Hors agglomération,Hors intersection,Normale,Deux véhicules - côté,,,,,,,,,,,2,1,1,1,3
200600000601,0006-01-31 18:30:00,6,1,31,18,30,130,117,ROUTE NATIONALE 113-L'AN,,,Crépuscule ou aube,Hors agglomération,Hors intersection,Normale,Trois véhicules et plus - en chaîne,,,,,,,,,,,2,1,1,1,4
200600000602,0006-01-31 17:30:00,6,1,31,17,30,130,71,ROUTE NATIONALE 368 (PLA,,,Crépuscule ou aube,Hors agglomération,Intersection en T,Normale,Deux véhicules - côté,,,,,,,,,,,2,1,3,1,3
200600000603,0006-01-31 21:55:00,6,1,31,21,55,130,71,CAPELANE ( BOULEVARD DE,,,Plein jour,En agglomération,Hors intersection,Normale,Deux véhicules - côté,,,,,,,,,,,1,2,1,1,3
200600000604,0006-01-01 02:10:00,6,1,1,2,10,140,181,ECHANGEUR N° 14 ( CORMEL,,,Nuit avec éclairage allumé,Hors agglomération,Hors intersection,Pluie forte,Deux véhicules - frontale,,,,,,,,,,,5,1,1,3,1
200600000605,0006-01-04 17:00:00,6,1,4,17,0,140,181,ROUTE NATIONALE 814,,,Plein jour,Hors agglomération,Hors intersection,Normale,Trois véhicules et plus - en chaîne,,,,,,,,,,,1,1,1,1,4
200600000606,0006-01-06 18:55:00,6,1,6,18,55,140,167,"0, CD N°  513",,,Nuit sans éclairage public,Hors agglomération,Hors intersection,Normale,Trois véhicules et plus - collisions multiples,,,,,,,,,,,3,1,1,1,5
200600000607,0006-01-07 10:15:00,6,1,7,10,15,140,215,CD N°  226 (DE COLOMBELL,,,Plein jour,Hors agglomération,Hors intersection,Normale,Deux véhicules - frontale,,,,,,,,,,,1,1,1,1,1
200600000608,0006-01-11 16:10:00,6,1,11,16,10,140,118,"156, CAPONIERE (RUE >= 1",,,Plein jour,En agglomération,Intersection en T,Temps couvert,Autre collision,,,,,,,,,,,1,2,3,8,6
200600000609,0006-01-11 23:05:00,6,1,11,23,5,140,118,"2, RESTOUT (RUE EUSTACHE",,,Nuit avec éclairage allumé,En agglomération,Hors intersection,Pluie légère,Sans collision,,,,,,,,,,,5,2,1,2,7
200600000610,0006-01-15 12:05:00,6,1,15,12,5,140,118,DUNOIS (BOULEVARD),,,Plein jour,En agglomération,Intersection en X,Normale,Deux véhicules - côté,,,,,,,,,,,1,2,2,1,3
200600000611,0006-01-19 07:55:00,6,1,19,7,55,140,383,THURY HARCOURT (ROUTE DE,,,Nuit avec éclairage allumé,En agglomération,Intersection en X,Temps couvert,Deux véhicules - frontale,,,,,,,,,,,5,2,2,8,1
200600000612,0006-01-21 18:05:00,6,1,21,18,5,140,118,GUERINERE (RUE DE LA ),,,Nuit avec éclairage allumé,En agglomération,Intersection en T,Normale,Deux véhicules - côté,,,,,,,,,,,5,2,3,1,3
200600000613,0006-01-23 18:30:00,6,1,23,18,30,140,437,PERIPHERIQUE NORD (BOULE,,,Nuit avec éclairage allumé,En agglomération,Hors intersection,Normale,Autre collision,,,,,,,,,,,5,2,1,1,6
200600000614,0006-01-23 08:15:00,6,1,23,8,15,140,118,"119, DELIVRANDE (RUE DE",,,Crépuscule ou aube,En agglomération,Intersection en T,Normale,Autre collision,,,,,,,,,,,2,2,3,1,6
200600000615,0006-01-21 18:40:00,6,1,21,18,40,140,437,"1, RD N° 513",,,Crépuscule ou aube,En agglomération,Intersection en T,Normale,Deux véhicules - arrière,,,,,,,,,,,2,2,3,1,2
200600000616,0006-01-26 18:50:00,6,1,26,18,50,140,137,CAUMONT (ROUTE DE ),,,Nuit avec éclairage allumé,En agglomération,Hors intersection,Temps couvert,Autre collision,,,,,,,,,,,5,2,1,8,6
200600000617,0006-01-13 12:30:00,6,1,13,12,30,140,117,GUILLAUME LE CONQUERANT,,,Plein jour,En agglomération,Hors intersection,Normale,Deux véhicules - arrière,,,,,,,,,,,1,2,1,1,2
200600000618,0006-01-03 14:00:00,6,1,3,14,0,140,366,"39, SIX JUIN (AVENUE DU)",,,Plein jour,En agglomération,Hors intersection,Normale,Deux véhicules - côté,,,,,,,,,,,1,2,1,1,3
200600000619,0006-01-05 07:40:00,6,1,5,7,40,140,366,"62, GENERAL LECLERC (RUE",,,Crépuscule ou aube,Hors agglomération,Intersection en X,Normale,Deux véhicules - arrière,,,,,,,,,,,2,1,2,1,2
200600000620,0006-01-12 07:45:00,6,1,12,7,45,140,366,"16, PAUL CORNU ( RD48 RU",,,Nuit avec éclairage allumé,En agglomération,Hors intersection,Pluie légère,Autre collision,,,,,,,,,,,5,2,1,2,6
200600000621,0006-01-17 13:40:00,6,1,17,13,40,140,366,"37, SIX JUIN (AVENUE DU)",,,Plein jour,En agglomération,Hors intersection,Pluie légère,Autre collision,,,,,,,,,,,1,2,1,2,6
200600000622,0006-01-26 09:00:00,6,1,26,9,0,140,366,"00, THILLAYE (VOIE COMMU",,,Plein jour,En agglomération,Hors intersection,Normale,Deux véhicules - côté,,,,,,,,,,,1,2,1,1,3
200600000623,0006-01-01 10:35:00,6,1,1,10,35,150,14,GARRIC (AVENUE DU),,,Plein jour,En agglomération,Intersection en T,Normale,Deux véhicules - côté,,,,,,,,,,,1,2,3,1,3
200600000624,0006-01-06 17:55:00,6,1,6,17,55,150,14,"43, JOLY (BOULEVARD ANTH",,,Nuit avec éclairage allumé,En agglomération,Hors intersection,Normale,Autre collision,,,,,,,,,,,5,2,1,1,6
200600000625,0006-01-16 17:30:00,6,1,16,17,30,150,14,"48, DOUMER (AVENUE PAUL)",,,Crépuscule ou aube,En agglomération,Hors intersection,Normale,Autre collision,,,,,,,,,,,2,2,1,1,6
200600000626,0006-01-26 07:25:00,6,1,26,7,25,150,14,PLOMB DU CANTAL (AVENUE,,,Nuit sans éclairage public,En agglomération,Hors intersection,Normale,Autre collision,,,,,,,,,,,3,2,1,1,6
200600000627,0006-01-30 14:06:00,6,1,30,14,6,150,14,BRIAND (AVENUE ARISTIDE),,,Plein jour,En agglomération,Hors intersection,Normale,Deux véhicules - côté,,,,,,,,,,,1,2,1,1,3
200600000628,0006-01-25 23:20:00,6,1,25,23,20,160,102,"44, JAURES (RUE JEAN)",,,Nuit avec éclairage allumé,En agglomération,Intersection en X,Normale,Deux véhicules - côté,,,,,,,,,,,5,2,2,1,3
200600000629,0006-01-05 08:10:00,6,1,5,8,10,170,299,"172990048, BIIGNON BOULE",,,Nuit sans éclairage public,Hors agglomération,Hors intersection,Normale,Deux véhicules - frontale,,,,,,,,,,,3,1,1,1,1
200600000630,0006-01-08 10:45:00,6,1,8,10,45,170,299,"172990328, ROUX RUE AUGU",,,Plein jour,En agglomération,Intersection en X,Pluie légère,Deux véhicules - côté,,,,,,,,,,,1,2,2,2,3
200600000631,0006-01-27 12:10:00,6,1,27,12,10,170,299,"172990068, BUISSON BOULE",,,Plein jour,En agglomération,Hors intersection,Normale,Deux véhicules - arrière,,,,,,,,,,,1,2,1,1,2
200600000632,0006-01-03 08:55:00,6,1,3,8,55,170,300,"4, PAUL   RUE MARCEL",,,Plein jour,En agglomération,Hors intersection,Normale,Autre collision,,,,,,,,,,,1,2,1,1,6
200600000633,0006-01-04 12:30:00,6,1,4,12,30,170,300,SARTRE   AVENUE JEAN-PAU,,,Plein jour,En agglomération,Hors intersection,Normale,Deux véhicules - frontale,,,,,,,,,,,1,2,1,1,1
200600000634,0006-01-06 07:50:00,6,1,6,7,50,170,300,"07, REPUBLIQUE   BOULEVA",,,Nuit avec éclairage allumé,En agglomération,Hors intersection,Normale,Deux véhicules - arrière,,,,,,,,,,,5,2,1,1,2
200600000635,0006-01-06 07:55:00,6,1,6,7,55,170,300,"125, SAUTEL  BOULEVARD A",,,Plein jour,En agglomération,Hors intersection,Normale,Deux véhicules - côté,,,,,,,,,,,1,2,1,1,3
200600000636,0006-01-06 09:30:00,6,1,6,9,30,170,300,"2, CHAUDRIER   RUE",,,Plein jour,En agglomération,Intersection en T,Normale,Deux véhicules - côté,,,,,,,,,,,1,2,3,1,3
200600000637,0006-01-07 20:23:00,6,1,7,20,23,170,300,"30, VALIN   QUAI",,,Nuit avec éclairage allumé,Hors agglomération,Hors intersection,Normale,Autre collision,,,,,,,,,,,5,1,1,1,6
200600000638,0006-01-09 10:30:00,6,1,9,10,30,170,291,0 PK RN237 MOULIN JUSTIC,,,Plein jour,Hors agglomération,Hors intersection,Pluie légère,Autre collision,,,,,,,,,,,1,1,1,2,6
200600000639,0006-01-09 14:05:00,6,1,9,14,5,170,300,"10, DUPLEIX   RUE",,,Plein jour,En agglomération,Hors intersection,Normale,Autre collision,,,,,,,,,,,1,2,1,1,6
200600000640,0006-01-11 12:10:00,6,1,11,12,10,170,300,"71, COGNEHORS   BOULEVAR",,,Plein jour,En agglomération,Intersection en Y,Normale,Deux véhicules - côté,,,,,,,,,,,1,2,4,1,3
200600000641,0006-01-11 12:50:00,6,1,11,12,50,170,300,"2, CENT-VINGT-TROISIEME",,,Plein jour,En agglomération,Intersection en T,Normale,Deux véhicules - côté,,,,,,,,,,,1,2,3,1,3
200600000642,0006-01-11 15:10:00,6,1,11,15,10,170,300,"50, REMPARTS   CHEMIN DE",,,Plein jour,En agglomération,Hors intersection,Normale,Autre collision,,,,,,,,,,,1,2,1,1,6
200600000643,0006-01-11 22:20:00,6,1,11,22,20,170,300,"12, GONTHIERES   RUE DES",,,Nuit avec éclairage allumé,En agglomération,Hors intersection,Pluie légère,Autre collision,,,,,,,,,,,5,2,1,2,6
200600000644,0006-01-12 08:55:00,6,1,12,8,55,170,300,D 106,,,Plein jour,En agglomération,Hors intersection,Brouillard / fumée,Trois véhicules et plus - collisions multiples,,,,,,,,,,,1,2,1,5,5
200600000645,0006-01-12 15:50:00,6,1,12,15,50,170,300,ROUX   RUE DE,,,Plein jour,En agglomération,Hors intersection,Normale,Autre collision,,,,,,,,,,,1,2,1,1,6
200600000646,0006-01-12 17:15:00,6,1,12,17,15,170,300,"6, NANETTE   RUE DE L'AI",,,Plein jour,En agglomération,Hors intersection,Normale,Autre collision,,,,,,,,,,,1,2,1,1,6
200600000647,0006-01-16 14:30:00,6,1,16,14,30,170,300,"10, GARGOULLEAU   RUE",,,Plein jour,En agglomération,Hors intersection,Normale,Deux véhicules - arrière,,,,,,,,,,,1,2,1,1,2
200600000648,0006-01-17 07:45:00,6,1,17,7,45,170,274,D 111,,,Crépuscule ou aube,Hors agglomération,Giratoire,Pluie légère,Deux véhicules - arrière,,,,,,,,,,,2,1,6,2,2
200600000649,0006-01-17 14:00:00,6,1,17,14,0,170,291,"09, QUATORZE JUILLET   R",,,Plein jour,En agglomération,Hors intersection,Pluie légère,Autre collision,,,,,,,,,,,1,2,1,2,6
200600000650,0006-01-17 21:00:00,6,1,17,21,0,170,300,SARTRE   AVENUE JEAN-PAU,,,Nuit avec éclairage allumé,En agglomération,Hors intersection,Normale,Deux véhicules - frontale,,,,,,,,,,,5,2,1,1,1
200600000651,0006-01-18 18:50:00,6,1,18,18,50,170,300,"76, BRIAND   AVENUE ARIS",,,Nuit avec éclairage non allumé,En agglomération,Hors intersection,Normale,Autre collision,,,,,,,,,,,4,2,1,1,6
200600000652,0006-01-19 01:00:00,6,1,19,1,0,170,300,"80, MAIL   ALLEE DU",,,Nuit avec éclairage allumé,En agglomération,Hors intersection,Normale,Autre collision,,,,,,,,,,,5,2,1,1,6
200600000653,0006-01-19 15:00:00,6,1,19,15,0,170,300,"59, VALIN   QUAI",,,Plein jour,En agglomération,Intersection en X,Normale,Deux véhicules - côté,,,,,,,,,,,1,2,2,1,3
200600000654,0006-01-20 22:20:00,6,1,20,22,20,170,300,"35, CORDELIERS   AVENUE",,,Nuit avec éclairage allumé,En agglomération,Hors intersection,Pluie légère,Autre collision,,,,,,,,,,,5,2,1,2,6