accident_id,datetime,annee,mois,jour,heure,minute,departement,commune_insee,adresse,latitude,longitude,luminosite,agglomeration,intersection,meteo,collision,nb_vehicules,nb_usagers,nb_indemnes,nb_tues,nb_blesses_hosp,nb_blesses_legers,age_cond_1,age_cond_2,veh_type_cond_1,veh_type_cond_2,lum_code,agg_code,int_code,atm_code,col_code
200600000786,0006-01-21 16:35:00,6,1,21,16,35,260,362,"sans n, PROVENCE AVENUE",,,Plein jour,En agglomération,Hors intersection,Normale,Trois véhicules et plus - en chaîne,,,,,,,,,,,1,2,1,1,4
200600000787,0006-01-21 18:15:00,6,1,21,18,15,260,362,"sans n, MONTELIER ROUTE",,,Nuit avec éclairage allumé,En agglomération,Intersection en T,Normale,Trois véhicules et plus - collisions multiples,,,,,,,,,,,5,2,3,1,5
200600000788,0006-01-29 19:15:00,6,1,29,19,15,260,252,"sans n, BEAUVALLON ROUTE",,,Nuit sans éclairage public,Hors agglomération,Hors intersection,Temps couvert,Deux véhicules - frontale,,,,,,,,,,,3,1,1,8,1
200600000789,0006-01-27 12:45:00,6,1,27,12,45,260,58,"sans n, SAINT MARC AVENU",,,Plein jour,En agglomération,Hors intersection,Neige / grêle,Deux véhicules - frontale,,,,,,,,,,,1,2,1,4,1
200600000790,0006-01-31 10:35:00,6,1,31,10,35,270,701,"1, FALAISES (ROUTE DES)",,,Plein jour,En agglomération,Intersection en X,Normale,Deux véhicules - côté,,,,,,,,,,,1,2,2,1,3
200600000791,0006-01-06 07:40:00,6,1,6,7,40,270,681,ALBUFERA (RUE D'),,,Plein jour,En agglomération,Intersection en X,Pluie légère,Deux véhicules - côté,,,,,,,,,,,1,2,2,2,3
200600000792,0006-01-07 11:35:00,6,1,7,11,35,270,681,JAURES (BOULEVARD JAURES,,,Plein jour,En agglomération,Hors intersection,Normale,Deux véhicules - côté,,,,,,,,,,,1,2,1,1,3
200600000793,0006-01-11 10:10:00,6,1,11,10,10,270,681,LE TELLIER (RUE PIERRE),,,Plein jour,En agglomération,Hors intersection,Normale,Autre collision,,,,,,,,,,,1,2,1,1,6
200600000794,0006-01-16 16:30:00,6,1,16,16,30,270,562,"0, ROUEN (ROUTE DE )",,,Plein jour,En agglomération,Autre intersection,Normale,Deux véhicules - arrière,,,,,,,,,,,1,2,9,1,2
200600000795,0006-01-17 15:15:00,6,1,17,15,15,270,681,LECLERC (BOULEVARD DU MA,,,Plein jour,En agglomération,Autre intersection,Normale,Sans collision,,,,,,,,,,,1,2,9,1,7
200600000796,0006-01-25 14:20:00,6,1,25,14,20,270,681,JAURES (BOULEVARD JAURES,,,Plein jour,En agglomération,Hors intersection,Normale,Autre collision,,,,,,,,,,,1,2,1,1,6
200600000797,0006-01-30 16:50:00,6,1,30,16,50,270,681,"8, MARCHE AUX CHEVAUX (C",,,Plein jour,En agglomération,Hors intersection,Normale,Autre collision,,,,,,,,,,,1,2,1,1,6
200600000798,0006-01-10 20:30:00,6,1,10,20,30,270,681,BIZY ( RUE DE),,,Nuit avec éclairage allumé,En agglomération,Intersection en X,Normale,Deux véhicules - côté,,,,,,,,,,,5,2,2,1,3
200600000799,0006-01-31 15:25:00,6,1,31,15,25,270,681,GIVERNY (ROUTE DE),,,Plein jour,En agglomération,Hors intersection,Normale,Sans collision,,,,,,,,,,,1,2,1,1,7
200600000800,0006-01-09 19:15:00,6,1,9,19,15,280,229,"SANS, PHILIPPE (AVENUE G",,,Nuit avec éclairage allumé,En agglomération,Hors intersection,Normale,Autre collision,,,,,,,,,,,5,2,1,1,6
200600000801,0006-01-11 18:00:00,6,1,11,18,0,280,85,"SANS, FOCH (BOULEVARD DU",,,Nuit avec éclairage allumé,En agglomération,Hors intersection,Temps couvert,Deux véhicules - frontale,,,,,,,,,,,5,2,1,8,1
200600000802,0006-01-12 14:15:00,6,1,12,14,15,280,70,"SANS, SAINT PREST (RUE D",,,Plein jour,En agglomération,Intersection en X,Temps couvert,Deux véhicules - côté,,,,,,,,,,,1,2,2,8,3
200600000803,0006-01-13 08:00:00,6,1,13,8,0,280,229,"SANS, ROSTAND (RUE JEAN)",,,Nuit avec éclairage allumé,En agglomération,Hors intersection,Temps couvert,Deux véhicules - côté,,,,,,,,,,,5,2,1,8,3
200600000804,0006-01-15 19:10:00,6,1,15,19,10,280,85,"SANS, BAS BOURGS (RUE DE",,,Nuit avec éclairage allumé,En agglomération,Hors intersection,Temps couvert,Deux véhicules - arrière,,,,,,,,,,,5,2,1,8,2
200600000805,0006-01-18 19:20:00,6,1,18,19,20,280,85,"SANS, AVENUE JEHAN DE BE",,,Nuit avec éclairage allumé,En agglomération,Hors intersection,Normale,Deux véhicules - côté,,,,,,,,,,,5,2,1,1,3
200600000806,0006-01-21 00:01:00,6,1,21,0,1,280,110,ROUTE NATIONALE 123,,,Nuit sans éclairage public,En agglomération,Hors intersection,Normale,Trois véhicules et plus - en chaîne,,,,,,,,,,,3,2,1,1,4
200600000807,0006-01-24 07:55:00,6,1,24,7,55,280,85,"SANS, SEMARD (PLACE PIER",,,Nuit avec éclairage allumé,En agglomération,Hors intersection,Temps couvert,Sans collision,,,,,,,,,,,5,2,1,8,7
200600000808,0006-01-23 15:55:00,6,1,23,15,55,280,209,"SANS, PAIX (AVENUE DE LA",,,Plein jour,En agglomération,Intersection en T,Temps couvert,Deux véhicules - côté,,,,,,,,,,,1,2,3,8,3
200600000809,0006-01-24 13:25:00,6,1,24,13,25,280,85,"SANS, GRANDES FILLES DIE",,,Plein jour,En agglomération,Hors intersection,Temps couvert,Deux véhicules - côté,,,,,,,,,,,1,2,1,8,3
200600000810,0006-01-25 09:10:00,6,1,25,9,10,280,229,"SANS, HUGO (AVENUE VICTO",,,Plein jour,En agglomération,Hors intersection,Temps couvert,Deux véhicules - côté,,,,,,,,,,,1,2,1,8,3
200600000811,0006-01-27 19:45:00,6,1,27,19,45,280,209,"37, PAIX (AVENUE DE LA )",,,Plein jour,En agglomération,Hors intersection,Temps couvert,Trois véhicules et plus - en chaîne,,,,,,,,,,,1,2,1,8,4
200600000812,0006-01-31 12:35:00,6,1,31,12,35,280,218,"SANS, TOURAINE",,,Plein jour,En agglomération,Intersection en X,Normale,Deux véhicules - côté,,,,,,,,,,,1,2,2,1,3
200600000813,0006-01-03 15:40:00,6,1,3,15,40,280,134,POTEZ (RUE HENRY),,,Plein jour,Hors agglomération,Intersection en X,Normale,Deux véhicules - côté,,,,,,,,,,,1,1,2,1,3
200600000814,0006-01-18 16:15:00,6,1,18,16,15,280,134,ISAACS (RUE SAM),,,Plein jour,En agglomération,Intersection en X,Temps couvert,Deux véhicules - côté,,,,,,,,,,,1,2,2,8,3
200600000815,0006-01-21 09:53:00,6,1,21,9,53,280,404,DUPUIS (RUE LUCIEN),,,Plein jour,En agglomération,Hors intersection,Temps couvert,Deux véhicules - côté,,,,,,,,,,,1,2,1,8,3
200600000816,0006-01-25 11:07:00,6,1,25,11,7,280,134,KENNEDY (AVENUE DU PRESI,,,Plein jour,En agglomération,Hors intersection,Normale,Deux véhicules - arrière,,,,,,,,,,,1,2,1,1,2
200600000817,0006-01-31 14:15:00,6,1,31,14,15,280,134,BATES (AVE DES),,,Plein jour,En agglomération,Giratoire,Normale,Autre collision,,,,,,,,,,,1,2,6,1,6
200600000818,0006-01-02 10:30:00,6,1,2,10,30,290,19,"., EUROPE (DE 201 A 215)",,,Plein jour,En agglomération,Hors intersection,Normale,Deux véhicules - côté,,,,,,,,,,,1,2,1,1,3
200600000819,0006-01-02 13:30:00,6,1,2,13,30,290,19,"280, FRANCE ANATOLE (DE",,,Plein jour,En agglomération,Hors intersection,Normale,Deux véhicules - côté,,,,,,,,,,,1,2,1,1,3
200600000820,0006-01-03 16:10:00,6,1,3,16,10,290,19,"175, JAURES JEAN (DE 105",,,Plein jour,En agglomération,Hors intersection,Normale,Autre collision,,,,,,,,,,,1,2,1,1,6
200600000821,0006-01-02 16:45:00,6,1,2,16,45,290,19,"., RN 12 (PEN AR CH'LEUZ",,,Plein jour,En agglomération,Hors intersection,Normale,Deux véhicules - arrière,,,,,,,,,,,1,2,1,1,2
200600000822,0006-01-04 12:20:00,6,1,4,12,20,290,19,"., ROBESPIERRE (96 ET 10",,,Plein jour,En agglomération,Hors intersection,Normale,Autre collision,,,,,,,,,,,1,2,1,1,6
200600000823,0006-01-06 14:53:00,6,1,6,14,53,290,19,"., PREMIERE DFL (AVENUE)",,,Plein jour,En agglomération,Giratoire,Normale,Trois véhicules et plus - collisions multiples,,,,,,,,,,,1,2,6,1,5
200600000824,0006-01-06 18:10:00,6,1,6,18,10,290,19,"., BLUM LEON",,,Nuit avec éclairage non allumé,En agglomération,Intersection en X,Normale,Trois véhicules et plus - collisions multiples,,,,,,,,,,,4,2,2,1,5
200600000825,0006-01-08 13:45:00,6,1,8,13,45,290,19,"., PASTEUR LOUIS (DE 1 A",,,Plein jour,En agglomération,Intersection en X,Normale,Deux véhicules - frontale,,,,,,,,,,,1,2,2,1,1
200600000826,0006-01-09 07:45:00,6,1,9,7,45,290,19,EUROPE (RUE GAL PAULET /,,,Nuit avec éclairage allumé,En agglomération,Giratoire,Pluie légère,Deux véhicules - arrière,,,,,,,,,,,5,2,6,2,2
200600000827,0006-01-10 13:00:00,6,1,10,13,0,290,19,"30, NAPOLEON III (PLACE)",,,Plein jour,En agglomération,Hors intersection,Normale,Autre collision,,,,,,,,,,,1,2,1,1,6
200600000828,0006-01-12 18:05:00,6,1,12,18,5,290,19,"55, DUVAL MARCELLIN (DE",,,Nuit avec éclairage allumé,En agglomération,Intersection en X,Normale,Deux véhicules - frontale,,,,,,,,,,,5,2,2,1,1
200600000829,0006-01-13 16:30:00,6,1,13,16,30,290,19,"., JAURES JEAN (DE 1 A 4",,,Plein jour,En agglomération,Intersection en X,Normale,Deux véhicules - arrière,,,,,,,,,,,1,2,2,1,2
200600000830,0006-01-13 18:05:00,6,1,13,18,5,290,19,"., RECOUVRANCE (PONT)",,,Crépuscule ou aube,En agglomération,Autre intersection,Normale,Autre collision,,,,,,,,,,,2,2,9,1,6
200600000831,0006-01-14 15:15:00,6,1,14,15,15,290,19,"., CORNICHE (DE 1 A 39 E",,,Plein jour,Hors agglomération,Intersection en X,Normale,Autre collision,,,,,,,,,,,1,1,2,1,6
200600000832,0006-01-14 19:00:00,6,1,14,19,0,290,19,"., RN 12 (PEN AR CH'LEUZ",,,Nuit avec éclairage non allumé,En agglomération,Giratoire,Normale,Deux véhicules - arrière,,,,,,,,,,,4,2,6,1,2
200600000833,0006-01-15 08:00:00,6,1,15,8,0,290,19,"., MOULIN A POUDRE (DE 1",,,Nuit avec éclairage allumé,En agglomération,Hors intersection,Normale,Autre collision,,,,,,,,,,,5,2,1,1,6
200600000834,0006-01-16 19:40:00,6,1,16,19,40,290,19,"., LYON (DE 1 A 33 ET 2",,,Nuit avec éclairage non allumé,En agglomération,Intersection en X,Pluie légère,Autre collision,,,,,,,,,,,4,2,2,2,6
200600000835,0006-01-17 08:55:00,6,1,17,8,55,290,19,JAURES JEAN (DE 1 A 41 E,,,Plein jour,En agglomération,Hors intersection,Pluie légère,Autre collision,,,,,,,,,,,1,2,1,2,6
200600000836,0006-01-17 18:10:00,6,1,17,18,10,290,19,"., LIBERATION",,,Nuit avec éclairage allumé,En agglomération,Intersection en T,Normale,Deux véhicules - côté,,,,,,,,,,,5,2,3,1,3
200600000837,0006-01-18 08:00:00,6,1,18,8,0,290,19,"., MOZART",,,Nuit avec éclairage allumé,En agglomération,Intersection en X,Pluie légère,Autre collision,,,,,,,,,,,5,2,2,2,6
200600000838,0006-01-18 06:30:00,6,1,18,6,30,290,19,VERN (CHEMIN ET RUE),,,Nuit sans éclairage public,Hors agglomération,Giratoire,Pluie légère,Deux véhicules - côté,,,,,,,,,,,3,1,6,2,3
200600000839,0006-01-21 19:45:00,6,1,21,19,45,290,19,"., GOUESNOU (DE 43 A 219",,,Nuit avec éclairage allumé,En agglomération,Intersection en X,Normale,Deux véhicules - frontale,,,,,,,,,,,5,2,2,1,1
200600000840,0006-01-24 15:45:00,6,1,24,15,45,290,19,"., LAMOTTE PICQUET (N° 2",,,Plein jour,En agglomération,Intersection en T,Normale,Autre collision,,,,,,,,,,,1,2,3,1,6
200600000841,0006-01-24 18:00:00,6,1,24,18,0,290,19,"., POMPIDOU GEORGES (AVE",,,Crépuscule ou aube,En agglomération,Hors intersection,Normale,Autre collision,,,,,,,,,,,2,2,1,1,6
200600000842,0006-01-26 10:25:00,6,1,26,10,25,290,19,"., EUROPE (DE 58 A 166 E",,,Plein jour,En agglomération,Intersection en X,Normale,Autre collision,,,,,,,,,,,1,2,2,1,6
200600000843,0006-01-27 08:50:00,6,1,27,8,50,290,19,"., COMMANDANT GROIX",,,Plein jour,En agglomération,Intersection en X,Pluie légère,Autre collision,,,,,,,,,,,1,2,2,2,6
200600000844,0006-01-28 09:30:00,6,1,28,9,30,290,19,"., GOAREM AR ZANT (CHEMI",,,Plein jour,En agglomération,Hors intersection,Neige / grêle,Sans collision,,,,,,,,,,,1,2,1,4,7
200600000845,0006-01-28 10:20:00,6,1,28,10,20,290,19,"., DUVAL MARCELLIN (DE 1",,,Plein jour,En agglomération,Intersection en X,Neige / grêle,Trois véhicules et plus - en chaîne,,,,,,,,,,,1,2,2,4,4
200600000846,0006-01-29 01:43:00,6,1,29,1,43,290,19,"., BOUGUEN",,,Nuit avec éclairage allumé,En agglomération,Hors intersection,Pluie légère,Autre collision,,,,,,,,,,,5,2,1,2,6
200600000847,0006-01-31 17:30:00,6,1,31,17,30,290,19,"57, HOCHE (DE 1 A 73 ET",,,Plein jour,En agglomération,Hors intersection,Normale,Autre collision,,,,,,,,,,,1,2,1,1,6
200600000848,0006-01-17 08:45:00,6,1,17,8,45,290,39,QUIMPER ( RUE DE),,,Crépuscule ou aube,En agglomération,Intersection en T,Pluie légère,Deux véhicules - côté,,,,,,,,,,,2,2,3,2,3
200600000849,0006-01-24 14:30:00,6,1,24,14,30,290,39,RD 783 BEUZEC,,,Plein jour,En agglomération,Hors intersection,Normale,Deux véhicules - arrière,,,,,,,,,,,1,2,1,1,2
200600000850,0006-01-11 20:30:00,6,1,11,20,30,290,254,"23, SAINT MARTIN (BOULEV",,,Nuit avec éclairage allumé,En agglomération,Autre intersection,Normale,Deux véhicules - côté,,,,,,,,,,,5,2,9,1,3
200600000851,0006-01-12 21:50:00,6,1,12,21,50,290,151,OREE DU BOIS (RUE DE L'),,,Nuit sans éclairage public,Hors agglomération,Hors intersection,Pluie légère,Autre collision,,,,,,,,,,,3,1,1,2,6
200600000852,0006-01-20 19:50:00,6,1,20,19,50,290,151,"6, POAN BEN (ALLE DU)",,,Nuit avec éclairage allumé,En agglomération,Hors intersection,Normale,Autre collision,,,,,,,,,,,5,2,1,1,6
200600000853,0006-01-06 21:45:00,6,1,6,21,45,290,232,"7, NEUF QUAI",,,Nuit avec éclairage allumé,Hors agglomération,Hors intersection,Normale,Autre collision,,,,,,,,,,,5,1,1,1,6
200600000854,0006-01-04 09:10:00,6,1,4,9,10,300,7,GAGARINE (AVE YOURI),,,Plein jour,En agglomération,Hors intersection,Normale,Sans collision,,,,,,,,,,,1,2,1,1,7
200600000855,0006-01-05 18:30:00,6,1,5,18,30,300,243,"439, CROIX (CHEMIN DE LA",,,Nuit sans éclairage public,En agglomération,Hors intersection,Neige / grêle,Sans collision,,,,,,,,,,,3,2,1,4,7
200600000856,0006-01-12 18:55:00,6,1,12,18,55,300,7,MAS D'HOURS (QUAI DU),,,Nuit avec éclairage allumé,En agglomération,Hors intersection,Normale,Deux véhicules - frontale,,,,,,,,,,,5,2,1,1,1
200600000857,0006-01-23 08:55:00,6,1,23,8,55,300,7,"., PERI (PLACE GABRIEL)",,,Crépuscule ou aube,En agglomération,Hors intersection,Normale,Deux véhicules - côté,,,,,,,,,,,2,2,1,1,3
200600000858,0006-01-10 16:45:00,6,1,10,16,45,300,28,ROUTE DE SAINT GERVAIS,,,Plein jour,Hors agglomération,Hors intersection,Normale,Autre collision,,,,,,,,,,,1,1,1,1,6
200600000859,0006-01-29 15:40:00,6,1,29,15,40,300,28,"927, ORSAN (ROUTE D')",,,Plein jour,Hors agglomération,Hors intersection,Neige / grêle,Deux véhicules - côté,,,,,,,,,,,1,1,1,4,3
200600000860,0006-01-31 12:20:00,6,1,31,12,20,300,28,ROUTE DE PONT SAINT ESPR,,,Plein jour,En agglomération,Hors intersection,Normale,Deux véhicules - côté,,,,,,,,,,,1,2,1,1,3
200600000861,0006-01-06 13:50:00,6,1,6,13,50,300,189,SEMARD PIERRE (RUE),,,Plein jour,En agglomération,Autre intersection,Normale,Deux véhicules - arrière,,,,,,,,,,,1,2,9,1,2
200600000862,0006-01-06 21:00:00,6,1,6,21,0,300,189,"., BRUXELLES (BOULEVARD)",,,Nuit avec éclairage allumé,En agglomération,Hors intersection,Normale,Autre collision,,,,,,,,,,,5,2,1,1,6
200600000863,0006-01-06 13:51:00,6,1,6,13,51,300,189,CITE FOULC (RUE),,,Plein jour,En agglomération,Autre intersection,Pluie légère,Deux véhicules - côté,,,,,,,,,,,1,2,9,2,3
200600000864,0006-01-10 16:25:00,6,1,10,16,25,300,189,"., ARTS (AVENUE)",,,Plein jour,En agglomération,Hors intersection,Normale,Autre collision,,,,,,,,,,,1,2,1,1,6
200600000865,0006-01-11 14:56:00,6,1,11,14,56,300,189,VALDEGOUR (IMPASSE OU CH,,,Plein jour,En agglomération,Hors intersection,Normale,Deux véhicules - côté,,,,,,,,,,,1,2,1,1,3
200600000866,0006-01-12 13:26:00,6,1,12,13,26,300,189,"., TALABOT (BOULEVARD)",,,Plein jour,En agglomération,Hors intersection,Normale,Autre collision,,,,,,,,,,,1,2,1,1,6
200600000867,0006-01-12 18:18:00,6,1,12,18,18,300,189,"., MITTERAND FRANCOIS (A",,,Nuit avec éclairage allumé,En agglomération,Hors intersection,Normale,Autre collision,,,,,,,,,,,5,2,1,1,6
200600000868,0006-01-12 18:52:00,6,1,12,18,52,300,189,"., BOEGNER PASTEUR MARC",,,Nuit avec éclairage allumé,En agglomération,Hors intersection,Normale,Deux véhicules - arrière,,,,,,,,,,,5,2,1,1,2
200600000869,0006-01-14 13:40:00,6,1,14,13,40,300,189,"., ALLENDE SALVADOR (RUE",,,Plein jour,En agglomération,Hors intersection,Normale,Deux véhicules - arrière,,,,,,,,,,,1,2,1,1,2
200600000870,0006-01-15 14:05:00,6,1,15,14,5,300,189,LECLERC GENERAL (AVENUE),,,Plein jour,En agglomération,Intersection en T,Normale,Autre collision,,,,,,,,,,,1,2,3,1,6
200600000871,0006-01-12 18:35:00,6,1,12,18,35,300,189,"., SAINT GILLES (ROUTE)",,,Nuit sans éclairage public,En agglomération,Hors intersection,Normale,Deux véhicules - côté,,,,,,,,,,,3,2,1,1,3
200600000872,0006-01-16 13:27:00,6,1,16,13,27,300,189,FRANCAIS LIBRES (BD),,,Plein jour,En agglomération,Giratoire,Pluie légère,Autre collision,,,,,,,,,,,1,2,6,2,6
200600000873,0006-01-18 18:49:00,6,1,18,18,49,300,189,"14 bis, CAPOUCHINE (CHEM",,,Nuit avec éclairage allumé,En agglomération,Hors intersection,Normale,Deux véhicules - côté,,,,,,,,,,,5,2,1,1,3
200600000874,0006-01-20 10:05:00,6,1,20,10,5,300,189,"., FRANCAIS LIBRES (BD)",,,Plein jour,En agglomération,Hors intersection,Normale,Trois véhicules et plus - collisions multiples,,,,,,,,,,,1,2,1,1,5
200600000875,0006-01-20 16:53:00,6,1,20,16,53,300,189,".., KENNEDY (AVENUE)",,,Plein jour,En agglomération,Hors intersection,Normale,Autre collision,,,,,,,,,,,1,2,1,1,6
200600000876,0006-01-23 11:15:00,6,1,23,11,15,300,189,"38 bis, PORTE CANCIERE (",,,Plein jour,En agglomération,Hors intersection,Normale,Deux véhicules - côté,,,,,,,,,,,1,2,1,1,3
200600000877,0006-01-24 17:40:00,6,1,24,17,40,300,189,"., MONTPELLIER (ROUTE DE",,,Plein jour,En agglomération,Hors intersection,Normale,Deux véhicules - arrière,,,,,,,,,,,1,2,1,1,2
200600000878,0006-01-26 15:52:00,6,1,26,15,52,300,189,MONNET JEAN (COURS),,,Plein jour,En agglomération,Hors intersection,Normale,Deux véhicules - côté,,,,,,,,,,,1,2,1,1,3
200600000879,0006-01-26 18:00:00,6,1,26,18,0,300,189,".., PROUVE JEAN (AVENUE)",,,Nuit avec éclairage allumé,En agglomération,Hors intersection,Normale,Autre collision,,,,,,,,,,,5,2,1,1,6
200600000880,0006-01-27 17:05:00,6,1,27,17,5,300,189,"3, VERDUN (RUE)",,,Plein jour,En agglomération,Giratoire,Neige / grêle,Deux véhicules - côté,,,,,,,,,,,1,2,6,4,3
200600000881,0006-01-27 19:50:00,6,1,27,19,50,300,189,"KILOMETRE DELTA, KM",,,Nuit avec éclairage non allumé,En agglomération,Hors intersection,Neige / grêle,Deux véhicules - frontale,,,,,,,,,,,4,2,1,4,1
200600000882,0006-01-28 03:15:00,6,1,28,3,15,300,189,".., GAMBETTA (BD)",,,Nuit avec éclairage allumé,Hors agglomération,Intersection en T,Normale,Autre collision,,,,,,,,,,,5,1,3,1,6
200600000883,0006-01-28 20:35:00,6,1,28,20,35,300,189,CLINIQUE KENNEDY,,,Nuit avec éclairage non allumé,En agglomération,Hors intersection,Pluie légère,Deux véhicules - arrière,,,,,,,,,,,4,2,1,2,2
200600000884,0006-01-29 04:49:00,6,1,29,4,49,300,189,".., GENERAC (ROUTE)",,,Nuit sans éclairage public,Hors agglomération,Hors intersection,Normale,Autre collision,,,,,,,,,,,3,1,1,1,6
200600000885,0006-01-29 06:14:00,6,1,29,6,14,300,189,"., JAURES JEAN (BOULEVAR",,,Nuit avec éclairage allumé,En agglomération,Intersection en X,Normale,Deux véhicules - côté,,,,,,,,,,,5,2,2,1,3
200600000886,0006-01-29 04:18:00,6,1,29,4,18,300,189,".., KENNEDY (AVENUE)",,,Nuit avec éclairage allumé,Hors agglomération,Hors intersection,Pluie légère,Deux véhicules - arrière,,,,,,,,,,,5,1,1,2,2
200600000887,0006-01-13 15:28:00,6,1,13,15,28,300,189,ALES (ROUTE),,,Plein jour,Hors agglomération,Hors intersection,Normale,Deux véhicules - côté,,,,,,,,,,,1,1,1,1,3
200600000888,0006-01-11 11:00:00,6,1,11,11,0,300,351,TUILERIE CHEMIN DE LA,,,Plein jour,En agglomération,Intersection en T,Normale,Sans collision,,,,,,,,,,,1,2,3,1,7
200600000889,0006-01-06 19:30:00,6,1,6,19,30,310,69,GRENADE (ROUTE DE),,,Nuit avec éclairage allumé,En agglomération,Intersection à plus de 4 branches,Normale,Deux véhicules - côté,,,,,,,,,,,5,2,5,1,3
200600000890,0006-01-13 03:05:00,6,1,13,3,5,310,69,FIL D'ARIANE (RD902),,,Nuit avec éclairage allumé,Hors agglomération,Autre intersection,Brouillard / fumée,Autre collision,,,,,,,,,,,5,1,9,5,6
200600000891,0006-01-24 16:35:00,6,1,24,16,35,310,69,"2, BETEILLE (RUE ANDRE)",,,Plein jour,En agglomération,Hors intersection,Normale,Autre collision,,,,,,,,,,,1,2,1,1,6
200600000892,0006-01-13 12:20:00,6,1,13,12,20,310,149,"58, SALVETAT (CHEMIN DE",,,Plein jour,Hors agglomération,Hors intersection,Pluie légère,Deux véhicules - arrière,,,,,,,,,,,1,1,1,2,2
200600000893,0006-01-19 18:05:00,6,1,19,18,5,310,149,"25/27, BOULEVARD VICTOR",,,Plein jour,Hors agglomération,Hors intersection,Normale,Sans collision,,,,,,,,,,,1,1,1,1,7
200600000894,0006-01-24 10:15:00,6,1,24,10,15,310,149,EUGENE MONTEL (BOULEVARD,,,Plein jour,En agglomération,Autre intersection,Normale,Autre collision,,,,,,,,,,,1,2,9,1,6
200600000895,0006-01-07 18:00:00,6,1,7,18,0,310,483,ARRIEU ANSELME (AVENUE),,,Nuit avec éclairage allumé,En agglomération,Hors intersection,Normale,Deux véhicules - frontale,,,,,,,,,,,5,2,1,1,1
200600000896,0006-01-02 01:40:00,6,1,2,1,40,310,555,VA007342 LA CEPIERE  A62,,,Nuit avec éclairage allumé,Hors agglomération,Hors intersection,Normale,Autre collision,,,,,,,,,,,5,1,1,1,6
200600000897,0006-01-02 19:05:00,6,1,2,19,5,310,555,"77, BD DES RECOLLETS",,,Nuit avec éclairage allumé,En agglomération,Hors intersection,Normale,Deux véhicules - côté,,,,,,,,,,,5,2,1,1,3
200600000898,0006-01-03 07:50:00,6,1,3,7,50,310,555,"77, BD DES RECOLLETS",,,Crépuscule ou aube,En agglomération,Hors intersection,Normale,Deux véhicules - côté,,,,,,,,,,,2,2,1,1,3
200600000899,0006-01-03 08:38:00,6,1,3,8,38,310,555,VA007333 LA FAOURETTE A6,,,Crépuscule ou aube,En agglomération,Hors intersection,Normale,Trois véhicules et plus - en chaîne,,,,,,,,,,,2,2,1,1,4
200600000900,0006-01-03 18:35:00,6,1,3,18,35,310,555,"34, AV ETIENNE BILLIERES",,,Nuit avec éclairage allumé,En agglomération,Hors intersection,Normale,Autre collision,,,,,,,,,,,5,2,1,1,6
200600000901,0006-01-05 01:10:00,6,1,5,1,10,310,555,"15, BD DE LA MARQUETTE",,,Nuit avec éclairage allumé,En agglomération,Hors intersection,Normale,Trois véhicules et plus - collisions multiples,,,,,,,,,,,5,2,1,1,5
200600000902,0006-01-04 12:17:00,6,1,4,12,17,310,555,"98, RTE D ESPAGNE",,,Plein jour,En agglomération,Hors intersection,Normale,Deux véhicules - arrière,,,,,,,,,,,1,2,1,1,2
200600000903,0006-01-04 18:20:00,6,1,4,18,20,310,555,VA007418 PONT JUMEAUX A6,,,Nuit avec éclairage allumé,Hors agglomération,Hors intersection,Normale,Deux véhicules - arrière,,,,,,,,,,,5,1,1,1,2
200600000904,0006-01-05 14:45:00,6,1,5,14,45,310,555,"15, RUE DE METZ",,,Plein jour,En agglomération,Autre intersection,Normale,Autre collision,,,,,,,,,,,1,2,9,1,6
200600000905,0006-01-05 13:30:00,6,1,5,13,30,310,555,VA007331 A620,,,Plein jour,Hors agglomération,Hors intersection,Pluie légère,Autre collision,,,,,,,,,,,1,1,1,2,6
200600000906,0006-01-05 17:30:00,6,1,5,17,30,310,555,"21, RUE DE FONDEVILLE",,,Crépuscule ou aube,En agglomération,Hors intersection,Normale,Trois véhicules et plus - en chaîne,,,,,,,,,,,2,2,1,1,4
200600000907,0006-01-05 12:05:00,6,1,5,12,5,310,555,", PONT SAINT MICHEL",,,Plein jour,En agglomération,Hors intersection,Normale,Trois véhicules et plus - en chaîne,,,,,,,,,,,1,2,1,1,4
200600000908,0006-01-05 08:00:00,6,1,5,8,0,310,555,"108, AV DE GRANDE BRETAG",,,Plein jour,En agglomération,Hors intersection,Normale,Deux véhicules - côté,,,,,,,,,,,1,2,1,1,3
200600000909,0006-01-07 14:04:00,6,1,7,14,4,310,555,VA007644 EMPALOT A620 So,,,Plein jour,Hors agglomération,Hors intersection,Normale,Autre collision,,,,,,,,,,,1,1,1,1,6
200600000910,0006-01-10 01:19:00,6,1,10,1,19,310,555,"132, AV DE CASTRES",,,Nuit avec éclairage allumé,En agglomération,Hors intersection,Normale,Autre collision,,,,,,,,,,,5,2,1,1,6
200600000911,0006-01-10 08:10:00,6,1,10,8,10,310,555,"7, BD D ARCOLE",,,Plein jour,En agglomération,Hors intersection,Normale,Autre collision,,,,,,,,,,,1,2,1,1,6
200600000912,0006-01-10 18:30:00,6,1,10,18,30,310,555,"3, PL ROUAIX",,,Nuit avec éclairage allumé,En agglomération,Hors intersection,Normale,Deux véhicules - côté,,,,,,,,,,,5,2,1,1,3
200600000913,0006-01-12 11:00:00,6,1,12,11,0,310,555,"163, AV DE MURET",,,Plein jour,En agglomération,Hors intersection,Normale,Deux véhicules - côté,,,,,,,,,,,1,2,1,1,3