accident_id,datetime,annee,mois,jour,heure,minute,departement,commune_insee,adresse,latitude,longitude,luminosite,agglomeration,intersection,meteo,collision,nb_vehicules,nb_usagers,nb_indemnes,nb_tues,nb_blesses_hosp,nb_blesses_legers,age_cond_1,age_cond_2,veh_type_cond_1,veh_type_cond_2,lum_code,agg_code,int_code,atm_code,col_code
200600001173,0006-01-14 16:20:00,6,1,14,16,20,350,238,"00, ROCHESTER (AVENUE DE",,,Plein jour,En agglomération,Intersection en X,Normale,Deux véhicules - côté,,,,,,,,,,,1,2,2,1,3
200600001174,0006-01-17 11:15:00,6,1,17,11,15,350,238,"10, LICES (PLACE DES)",,,Plein jour,En agglomération,Hors intersection,Pluie légère,Autre collision,,,,,,,,,,,1,2,1,2,6
200600001175,0006-01-17 12:20:00,6,1,17,12,20,350,238,"00, CHAMPION DE CICE",,,Plein jour,En agglomération,Hors intersection,Pluie légère,Autre collision,,,,,,,,,,,1,2,1,2,6
200600001176,0006-01-17 15:55:00,6,1,17,15,55,350,238,"00, RENNES (ROND POINT D",,,Plein jour,En agglomération,Giratoire,Pluie légère,Deux véhicules - côté,,,,,,,,,,,1,2,6,2,3
200600001177,0006-01-18 12:40:00,6,1,18,12,40,350,238,"00, SAINT-CONWOION (BD)",,,Plein jour,En agglomération,Intersection en X,Normale,Deux véhicules - côté,,,,,,,,,,,1,2,2,1,3
200600001178,0006-01-18 15:50:00,6,1,18,15,50,350,238,"99, BRIAND (AVENUE ARIST",,,Plein jour,En agglomération,Hors intersection,Temps couvert,Deux véhicules - arrière,,,,,,,,,,,1,2,1,8,2
200600001179,0006-01-18 21:29:00,6,1,18,21,29,350,238,"34, LICES (PLACE DES)",,,Nuit avec éclairage allumé,En agglomération,Hors intersection,Normale,Deux véhicules - côté,,,,,,,,,,,5,2,1,1,3
200600001180,0006-01-20 07:15:00,6,1,20,7,15,350,238,"00, ROCADE 5-6",,,Nuit sans éclairage public,Hors agglomération,Hors intersection,Normale,Autre collision,,,,,,,,,,,3,1,1,1,6
200600001181,0006-01-20 18:10:00,6,1,20,18,10,350,238,"37, CHARCOT (DU COMMANDA",,,Nuit avec éclairage allumé,En agglomération,Hors intersection,Normale,Autre collision,,,,,,,,,,,5,2,1,1,6
200600001182,0006-01-21 18:00:00,6,1,21,18,0,350,238,"25, ANJOU (D')",,,Nuit avec éclairage allumé,En agglomération,Hors intersection,Normale,Autre collision,,,,,,,,,,,5,2,1,1,6
200600001183,0006-01-21 18:10:00,6,1,21,18,10,350,238,"00, GAULLE (RUE DU GAL D",,,Nuit avec éclairage allumé,En agglomération,Intersection en X,Normale,Deux véhicules - côté,,,,,,,,,,,5,2,2,1,3
200600001184,0006-01-21 02:45:00,6,1,21,2,45,350,238,"80, MITTERAND (MAIL FRAN",,,Nuit avec éclairage allumé,En agglomération,Hors intersection,Normale,Autre collision,,,,,,,,,,,5,2,1,1,6
200600001185,0006-01-24 19:00:00,6,1,24,19,0,350,238,"00, UKRAINE (ALLEE D')",,,Nuit avec éclairage allumé,En agglomération,Hors intersection,Normale,Autre collision,,,,,,,,,,,5,2,1,1,6
200600001186,0006-01-25 16:30:00,6,1,25,16,30,350,238,"221, FOUGERES (RUE DE) D",,,Plein jour,En agglomération,Hors intersection,Normale,Autre collision,,,,,,,,,,,1,2,1,1,6
200600001187,0006-01-26 07:20:00,6,1,26,7,20,350,55,"17, LANDES (RUE DES)",,,Nuit avec éclairage allumé,En agglomération,Hors intersection,Normale,Sans collision,,,,,,,,,,,5,2,1,1,7
200600001188,0006-01-27 17:15:00,6,1,27,17,15,350,238,"71, PARIS (RUE DE)",,,Crépuscule ou aube,En agglomération,Intersection en X,Normale,Autre collision,,,,,,,,,,,2,2,2,1,6
200600001189,0006-01-27 23:35:00,6,1,27,23,35,350,278,RN 137,,,Nuit sans éclairage public,Hors agglomération,Hors intersection,Normale,Autre collision,,,,,,,,,,,3,1,1,1,6
200600001190,0006-01-30 09:55:00,6,1,30,9,55,350,238,"1, COETLOGON (AVENUE DE)",,,Plein jour,En agglomération,Hors intersection,Temps éblouissant,Deux véhicules - côté,,,,,,,,,,,1,2,1,7,3
200600001191,0006-01-31 08:15:00,6,1,31,8,15,350,238,"00, ANTRAIN (D') DE 43 E",,,Crépuscule ou aube,En agglomération,Intersection en X,Normale,Autre collision,,,,,,,,,,,2,2,2,1,6
200600001192,0006-01-31 13:05:00,6,1,31,13,5,350,238,"00, TREGAIN (DE)",,,Plein jour,En agglomération,Giratoire,Normale,Deux véhicules - côté,,,,,,,,,,,1,2,6,1,3
200600001193,0006-01-02 17:15:00,6,1,2,17,15,350,288,", VILLE HUCHET (LA) LIEU",,,Crépuscule ou aube,En agglomération,Hors intersection,Normale,Deux véhicules - frontale,,,,,,,,,,,2,2,1,1,1
200600001194,0006-01-11 16:10:00,6,1,11,16,10,350,288,TRIQUERVILLE JEAN-PIERRE,,,Plein jour,En agglomération,Intersection en T,Normale,Deux véhicules - côté,,,,,,,,,,,1,2,3,1,3
200600001195,0006-01-12 19:40:00,6,1,12,19,40,350,288,UMBRICHT (REVEREND PERE),,,Nuit avec éclairage allumé,En agglomération,Hors intersection,Normale,Deux véhicules - côté,,,,,,,,,,,5,2,1,1,3
200600001196,0006-01-13 08:33:00,6,1,13,8,33,350,288,GUYMAUVIERE (RUE DE LA ),,,Crépuscule ou aube,En agglomération,Intersection en Y,Normale,Deux véhicules - côté,,,,,,,,,,,2,2,4,1,3
200600001197,0006-01-21 13:00:00,6,1,21,13,0,350,288,GREVE (RUE DE LA),,,Plein jour,En agglomération,Hors intersection,Normale,Sans collision,,,,,,,,,,,1,2,1,1,7
200600001198,0006-01-21 17:15:00,6,1,21,17,15,350,288,NAYE (ROND POINT DU),,,Crépuscule ou aube,En agglomération,Hors intersection,Normale,Autre collision,,,,,,,,,,,2,2,1,1,6
200600001199,0006-01-18 17:00:00,6,1,18,17,0,360,202,"0, OCCITANIE (AVENUE DE",,,Plein jour,Hors agglomération,Hors intersection,Temps couvert,Deux véhicules - côté,,,,,,,,,,,1,1,1,8,3
200600001200,0006-01-23 18:05:00,6,1,23,18,5,360,159,"0, PETIT EPOT (ROUTE DU)",,,Nuit sans éclairage public,Hors agglomération,Hors intersection,Normale,Autre collision,,,,,,,,,,,3,1,1,1,6
200600001201,0006-01-11 08:25:00,6,1,11,8,25,360,44,MARINS (BD DES),,,Plein jour,En agglomération,Hors intersection,Normale,Deux véhicules - côté,,,,,,,,,,,1,2,1,1,3
200600001202,0006-01-19 17:26:00,6,1,19,17,26,360,44,"1, MOULIN NEUF (BD DU)",,,Crépuscule ou aube,En agglomération,Intersection en T,Normale,Deux véhicules - côté,,,,,,,,,,,2,2,3,1,3
200600001203,0006-01-11 07:00:00,6,1,11,7,0,360,63,RN20 ROND POINT MARTINER,,,Nuit sans éclairage public,Hors agglomération,Autre intersection,Normale,Autre collision,,,,,,,,,,,3,1,9,1,6
200600001204,0006-01-12 12:00:00,6,1,12,12,0,360,44,VERDUN (AV DE),,,Plein jour,En agglomération,Intersection en T,Pluie légère,Deux véhicules - côté,,,,,,,,,,,1,2,3,2,3
200600001205,0006-01-14 03:15:00,6,1,14,3,15,360,159,FORET (AVENUE DE LA) R.D,,,Nuit sans éclairage public,Hors agglomération,Hors intersection,Autre,Deux véhicules - frontale,,,,,,,,,,,3,1,1,9,1
200600001206,0006-01-16 19:30:00,6,1,16,19,30,360,44,"64, MARINS (AV DES)",,,Nuit avec éclairage allumé,En agglomération,Intersection en T,Pluie légère,Deux véhicules - côté,,,,,,,,,,,5,2,3,2,3
200600001207,0006-01-20 11:00:00,6,1,20,11,0,360,63,LANGEVIN (AV PAUL),,,Plein jour,En agglomération,Hors intersection,Normale,Sans collision,,,,,,,,,,,1,2,1,1,7
200600001208,0006-01-21 00:35:00,6,1,21,0,35,360,202,OCCITANIE (AVENUE DE ),,,Nuit avec éclairage allumé,En agglomération,Hors intersection,Normale,Sans collision,,,,,,,,,,,5,2,1,1,7
200600001209,0006-01-21 10:00:00,6,1,21,10,0,360,44,GAMBETTA (PL),,,Plein jour,En agglomération,Place,Temps couvert,Autre collision,,,,,,,,,,,1,2,7,8,6
200600001210,0006-01-21 14:03:00,6,1,21,14,3,360,44,"216, VERDUN (AV DE)",,,Plein jour,En agglomération,Hors intersection,Normale,Sans collision,,,,,,,,,,,1,2,1,1,7
200600001211,0006-01-27 09:56:00,6,1,27,9,56,360,44,"221, COMBANAIRE",,,Plein jour,En agglomération,Hors intersection,Neige / grêle,Deux véhicules - frontale,,,,,,,,,,,1,2,1,4,1
200600001212,0006-01-02 16:45:00,6,1,2,16,45,370,122,"44, MARTYRS (RUE DES)",,,Plein jour,En agglomération,Intersection en T,Normale,Trois véhicules et plus - en chaîne,,,,,,,,,,,1,2,3,1,4
200600001213,0006-01-18 13:34:00,6,1,18,13,34,370,122,BRETONNIERES (BOULEVARD,,,Plein jour,En agglomération,Intersection en X,Normale,Deux véhicules - côté,,,,,,,,,,,1,2,2,1,3
200600001214,0006-01-03 14:09:00,6,1,3,14,9,370,261,"104, NATIONALE (RUE)",,,Plein jour,En agglomération,Hors intersection,Normale,Autre collision,,,,,,,,,,,1,2,1,1,6
200600001215,0006-01-04 12:25:00,6,1,4,12,25,370,261,HUGO (RUE VICTOR),,,Plein jour,En agglomération,Intersection en T,Normale,Sans collision,,,,,,,,,,,1,2,3,1,7
200600001216,0006-01-07 17:30:00,6,1,7,17,30,370,261,FLEURIE (RUE),,,Nuit avec éclairage allumé,En agglomération,Intersection en X,Normale,Deux véhicules - côté,,,,,,,,,,,5,2,2,1,3
200600001217,0006-01-12 16:40:00,6,1,12,16,40,370,261,RASPAIL (RUE),,,Plein jour,En agglomération,Hors intersection,Normale,Autre collision,,,,,,,,,,,1,2,1,1,6
200600001218,0006-01-12 10:00:00,6,1,12,10,0,370,261,"11, MALRAUX (QUAI ANDRE)",,,Plein jour,En agglomération,Hors intersection,Normale,Deux véhicules - arrière,,,,,,,,,,,1,2,1,1,2
200600001219,0006-01-14 14:25:00,6,1,14,14,25,370,261,MARMOUTIER (QUAI DE),,,Plein jour,En agglomération,Hors intersection,Normale,Sans collision,,,,,,,,,,,1,2,1,1,7
200600001220,0006-01-17 17:25:00,6,1,17,17,25,370,208,"151, LARCAY (RUE DE)",,,Nuit avec éclairage allumé,En agglomération,Intersection en T,Pluie légère,Autre collision,,,,,,,,,,,5,2,3,2,6
200600001221,0006-01-20 20:30:00,6,1,20,20,30,370,233,"45, SEMARD (RUE PIERRE)",,,Nuit avec éclairage allumé,En agglomération,Hors intersection,Normale,Autre collision,,,,,,,,,,,5,2,1,1,6
200600001222,0006-01-24 17:10:00,6,1,24,17,10,370,261,"70, MICHELET (RUE)",,,Plein jour,En agglomération,Autre intersection,Normale,Deux véhicules - côté,,,,,,,,,,,1,2,9,1,3
200600001223,0006-01-07 14:10:00,6,1,7,14,10,370,261,"08, TANNEURS (RUE DES)",,,Plein jour,En agglomération,Hors intersection,Normale,Autre collision,,,,,,,,,,,1,2,1,1,6
200600001224,0006-01-01 12:15:00,6,1,1,12,15,380,185,"0, VALLES (AVENUE J.)",,,Plein jour,En agglomération,Autre intersection,Pluie légère,Autre collision,,,,,,,,,,,1,2,9,2,6
200600001225,0006-01-02 17:30:00,6,1,2,17,30,380,382,AUTOROUTE,,,Nuit sans éclairage public,Hors agglomération,Hors intersection,Normale,Trois véhicules et plus - en chaîne,,,,,,,,,,,3,1,1,1,4
200600001226,0006-01-04 07:08:00,6,1,4,7,8,380,151,"00, GRUGLIASCO (AVENUE D",,,Nuit avec éclairage non allumé,En agglomération,Hors intersection,Normale,Deux véhicules - côté,,,,,,,,,,,4,2,1,1,3
200600001227,0006-01-05 17:00:00,6,1,5,17,0,380,151,"71, JAURES        (COURS",,,Plein jour,En agglomération,Hors intersection,Normale,Autre collision,,,,,,,,,,,1,2,1,1,6
200600001228,0006-01-06 10:25:00,6,1,6,10,25,380,185,"00, MARTYRS (AV. DES)",,,Plein jour,En agglomération,Hors intersection,Normale,Deux véhicules - côté,,,,,,,,,,,1,2,1,1,3
200600001229,0006-01-06 15:10:00,6,1,6,15,10,380,185,"00, FRANCE (RUE A.) EST",,,Plein jour,En agglomération,Intersection en X,Normale,Deux véhicules - côté,,,,,,,,,,,1,2,2,1,3
200600001230,0006-01-06 18:15:00,6,1,6,18,15,380,185,A.480 (AUTOROUTE),,,Nuit avec éclairage non allumé,Hors agglomération,Hors intersection,Normale,Trois véhicules et plus - en chaîne,,,,,,,,,,,4,1,1,1,4
200600001231,0006-01-07 17:20:00,6,1,7,17,20,380,185,"00, PUPIN (RUE A.)",,,Nuit avec éclairage allumé,En agglomération,Hors intersection,Normale,Deux véhicules - côté,,,,,,,,,,,5,2,1,1,3
200600001232,0006-01-09 07:55:00,6,1,9,7,55,380,185,"07, HUGO (PLACE VICTOR)",,,Plein jour,En agglomération,Hors intersection,Normale,Autre collision,,,,,,,,,,,1,2,1,1,6
200600001233,0006-01-09 19:35:00,6,1,9,19,35,380,185,"13, RANDON (AV. MAL)",,,Nuit avec éclairage non allumé,En agglomération,Hors intersection,Normale,Trois véhicules et plus - en chaîne,,,,,,,,,,,4,2,1,1,4
200600001234,0006-01-12 15:30:00,6,1,12,15,30,380,185,"38, ALBERT 1ER DE BELGIQ",,,Plein jour,En agglomération,Hors intersection,Normale,Autre collision,,,,,,,,,,,1,2,1,1,6
200600001235,0006-01-13 08:15:00,6,1,13,8,15,380,185,"0, REYNOARD (AV. M.)",,,Plein jour,En agglomération,Autre intersection,Normale,Autre collision,,,,,,,,,,,1,2,9,1,6
200600001236,0006-01-14 19:00:00,6,1,14,19,0,380,421,"68, VALLES (AV. J.)A. CR",,,Nuit avec éclairage allumé,En agglomération,Hors intersection,Normale,Deux véhicules - frontale,,,,,,,,,,,5,2,1,1,1
200600001237,0006-01-17 18:15:00,6,1,17,18,15,380,185,"60, VALLIER (BOULEVARD J",,,Nuit avec éclairage allumé,En agglomération,Hors intersection,Pluie légère,Autre collision,,,,,,,,,,,5,2,1,2,6
200600001238,0006-01-18 07:30:00,6,1,18,7,30,380,421,"0, ROLLAND (AVENUE R.)",,,Nuit avec éclairage allumé,En agglomération,Hors intersection,Pluie légère,Autre collision,,,,,,,,,,,5,2,1,2,6
200600001239,0006-01-19 18:00:00,6,1,19,18,0,380,185,"131, BLUM (AVENUE L.)",,,Plein jour,En agglomération,Hors intersection,Normale,Autre collision,,,,,,,,,,,1,2,1,1,6
200600001240,0006-01-21 09:00:00,6,1,21,9,0,380,185,"0, ARAGO (RUE)",,,Plein jour,En agglomération,Autre intersection,Normale,Autre collision,,,,,,,,,,,1,2,9,1,6
200600001241,0006-01-21 12:45:00,6,1,21,12,45,380,185,"0, JAURES (COURS J.)",,,Plein jour,En agglomération,Hors intersection,Normale,Autre collision,,,,,,,,,,,1,2,1,1,6
200600001242,0006-01-22 09:35:00,6,1,22,9,35,380,185,"0, SIMARD (IMPASSE)",,,Plein jour,En agglomération,Intersection en T,Normale,Autre collision,,,,,,,,,,,1,2,3,1,6
200600001243,0006-01-22 12:05:00,6,1,22,12,5,380,169,"0, LIBERTE (RUE DE LA)",,,Plein jour,En agglomération,Autre intersection,Normale,Deux véhicules - arrière,,,,,,,,,,,1,2,9,1,2
200600001244,0006-01-23 01:10:00,6,1,23,1,10,380,185,"17, JAURES (COURS J.)",,,Nuit avec éclairage allumé,En agglomération,Hors intersection,Normale,Deux véhicules - arrière,,,,,,,,,,,5,2,1,1,2
200600001245,0006-01-24 07:25:00,6,1,24,7,25,380,151,A.480,,,Plein jour,Hors agglomération,Hors intersection,Normale,Trois véhicules et plus - en chaîne,,,,,,,,,,,1,1,1,1,4
200600001246,0006-01-24 13:45:00,6,1,24,13,45,380,151,"00, CHAMPAGNIER (RTE DE",,,Plein jour,En agglomération,Giratoire,Normale,Deux véhicules - côté,,,,,,,,,,,1,2,6,1,3
200600001247,0006-01-25 08:10:00,6,1,25,8,10,380,516,"0, CHANTOURNE (BOULEVARD",,,Plein jour,En agglomération,Autre intersection,Normale,Autre collision,,,,,,,,,,,1,2,9,1,6
200600001248,0006-01-25 19:55:00,6,1,25,19,55,380,516,"0, CHANTOURNE (BOULEVARD",,,Nuit avec éclairage allumé,En agglomération,Autre intersection,Normale,Autre collision,,,,,,,,,,,5,2,9,1,6
200600001249,0006-01-26 09:50:00,6,1,26,9,50,380,185,A.480 (AUTOROUTE),,,Plein jour,Hors agglomération,Hors intersection,Normale,Deux véhicules - arrière,,,,,,,,,,,1,1,1,1,2
200600001250,0006-01-26 15:00:00,6,1,26,15,0,380,421,"00, MARGARON JAILLET (RU",,,Plein jour,En agglomération,Intersection en X,Normale,Deux véhicules - côté,,,,,,,,,,,1,2,2,1,3
200600001251,0006-01-26 16:30:00,6,1,26,16,30,380,185,"24 BIS, VIALLET (AVENUE",,,Plein jour,Hors agglomération,Hors intersection,Normale,Autre collision,,,,,,,,,,,1,1,1,1,6
200600001252,0006-01-27 17:50:00,6,1,27,17,50,380,185,"10, FERJUS ST (RUE)",,,Nuit avec éclairage allumé,En agglomération,Hors intersection,Neige / grêle,Deux véhicules - arrière,,,,,,,,,,,5,2,1,4,2
200600001253,0006-01-28 13:00:00,6,1,28,13,0,380,185,"00, GAMBETTA (BOULEVARD)",,,Plein jour,En agglomération,Hors intersection,Normale,Trois véhicules et plus - en chaîne,,,,,,,,,,,1,2,1,1,4
200600001254,0006-01-28 21:28:00,6,1,28,21,28,380,421,"00, CAYRIER (RUE)",,,Nuit avec éclairage allumé,En agglomération,Intersection en X,Normale,Deux véhicules - côté,,,,,,,,,,,5,2,2,1,3
200600001255,0006-01-10 13:35:00,6,1,10,13,35,380,544,"49, BERTHELOT(AV)",,,Plein jour,En agglomération,Hors intersection,Normale,Autre collision,,,,,,,,,,,1,2,1,1,6
200600001256,0006-01-19 15:25:00,6,1,19,15,25,380,544,"27, MIREMONT(PLACE DE)",,,Plein jour,En agglomération,Place,Normale,Autre collision,,,,,,,,,,,1,2,7,1,6
200600001257,0006-01-24 11:50:00,6,1,24,11,50,380,563,HUIT-MAI 1945 (AVENUE DU,,,Plein jour,En agglomération,Intersection en Y,Normale,Autre collision,,,,,,,,,,,1,2,4,1,6
200600001258,0006-01-20 01:27:00,6,1,20,1,27,390,198,"0, LUMIERE (BD DES FRERE",,,Nuit avec éclairage allumé,En agglomération,Hors intersection,Brouillard / fumée,Autre collision,,,,,,,,,,,5,2,1,5,6
200600001259,0006-01-20 12:10:00,6,1,20,12,10,390,198,"0, BETHOUART (RUE DU GEN",,,Plein jour,En agglomération,Hors intersection,Normale,Autre collision,,,,,,,,,,,1,2,1,1,6
200600001260,0006-01-20 17:40:00,6,1,20,17,40,390,300,"0, SEGUIN (AVENUE PAUL)",,,Nuit avec éclairage allumé,En agglomération,Hors intersection,Pluie forte,Autre collision,,,,,,,,,,,5,2,1,3,6
200600001261,0006-01-03 16:55:00,6,1,3,16,55,400,279,RESISTANCE (AVE DE LA),,,Plein jour,En agglomération,Hors intersection,Normale,Trois véhicules et plus - collisions multiples,,,,,,,,,,,1,2,1,1,5
200600001262,0006-01-12 18:10:00,6,1,12,18,10,400,88,MANOIR (BOULEVARD YVES D,,,Nuit avec éclairage allumé,En agglomération,Hors intersection,Normale,Deux véhicules - côté,,,,,,,,,,,5,2,1,1,3
200600001263,0006-01-22 02:20:00,6,1,22,2,20,400,279,"1970, PIERRE BENOIT (RUE",,,Nuit avec éclairage allumé,En agglomération,Hors intersection,Normale,Autre collision,,,,,,,,,,,5,2,1,1,6
200600001264,0006-01-19 08:20:00,6,1,19,8,20,400,192,"100, CLEMENCEAU (AV GEOR",,,Plein jour,En agglomération,Hors intersection,Normale,Autre collision,,,,,,,,,,,1,2,1,1,6
200600001265,0006-01-01 19:00:00,6,1,1,19,0,410,18,CHAILLES (LEVEE DE),,,Nuit sans éclairage public,Hors agglomération,Hors intersection,Pluie légère,Deux véhicules - frontale,,,,,,,,,,,3,1,1,2,1
200600001266,0006-01-01 11:30:00,6,1,1,11,30,410,18,VILLEBOIS-MAREUIL (QUAI),,,Plein jour,En agglomération,Hors intersection,Temps éblouissant,Deux véhicules - côté,,,,,,,,,,,1,2,1,7,3
200600001267,0006-01-06 15:14:00,6,1,6,15,14,410,18,"19, AUVERGNE (RUE D')",,,Plein jour,En agglomération,Hors intersection,Normale,Deux véhicules - côté,,,,,,,,,,,1,2,1,1,3
200600001268,0006-01-07 18:52:00,6,1,7,18,52,410,18,CITES UNIES (BOULEVARD D,,,Nuit sans éclairage public,En agglomération,Hors intersection,Normale,Trois véhicules et plus - collisions multiples,,,,,,,,,,,3,2,1,1,5
200600001269,0006-01-08 03:15:00,6,1,8,3,15,410,18,BRIAND (QUAI ARISTIDE),,,Nuit avec éclairage allumé,En agglomération,Hors intersection,Pluie forte,Sans collision,,,,,,,,,,,5,2,1,3,7
200600001270,0006-01-10 16:05:00,6,1,10,16,5,410,47,"21, N152",,,Plein jour,En agglomération,Hors intersection,Normale,Deux véhicules - arrière,,,,,,,,,,,1,2,1,1,2
200600001271,0006-01-13 12:40:00,6,1,13,12,40,410,18,NAU (RUE ROBERT),,,Plein jour,Hors agglomération,Hors intersection,Normale,Deux véhicules - côté,,,,,,,,,,,1,1,1,1,3
200600001272,0006-01-12 13:00:00,6,1,12,13,0,410,212,CHAMBORD (ROUTE DE),,,Plein jour,En agglomération,Hors intersection,Normale,Deux véhicules - arrière,,,,,,,,,,,1,2,1,1,2
200600001273,0006-01-12 19:15:00,6,1,12,19,15,410,212,CHAMBORD (ROUTE DE),,,Nuit avec éclairage allumé,En agglomération,Hors intersection,Normale,Deux véhicules - côté,,,,,,,,,,,5,2,1,1,3
200600001274,0006-01-17 12:20:00,6,1,17,12,20,410,18,CROIX PICHON (RUE DE LA,,,Plein jour,En agglomération,Intersection en T,Pluie légère,Deux véhicules - côté,,,,,,,,,,,1,2,3,2,3
200600001275,0006-01-18 13:53:00,6,1,18,13,53,410,18,D174,,,Plein jour,Hors agglomération,Hors intersection,Normale,Deux véhicules - arrière,,,,,,,,,,,1,1,1,1,2
200600001276,0006-01-17 17:50:00,6,1,17,17,50,410,18,BONCOUR (BOULEVARD JOSEP,,,Nuit avec éclairage allumé,En agglomération,Hors intersection,Pluie forte,Sans collision,,,,,,,,,,,5,2,1,3,7
200600001277,0006-01-19 05:40:00,6,1,19,5,40,410,18,"2, BESNARD (QUAI ULYSSE)",,,Nuit avec éclairage allumé,En agglomération,Hors intersection,Normale,Trois véhicules et plus - collisions multiples,,,,,,,,,,,5,2,1,1,5
200600001278,0006-01-20 12:15:00,6,1,20,12,15,410,18,BOULLE (RUE ANDRE),,,Plein jour,En agglomération,Hors intersection,Normale,Autre collision,,,,,,,,,,,1,2,1,1,6
200600001279,0006-01-21 20:55:00,6,1,21,20,55,410,18,MAUNOURY (AVENUE DU MARE,,,Nuit avec éclairage allumé,En agglomération,Hors intersection,Normale,Deux véhicules - côté,,,,,,,,,,,5,2,1,1,3
200600001280,0006-01-25 16:20:00,6,1,25,16,20,410,18,VILLEBREME (RUE DE),,,Plein jour,En agglomération,Intersection en T,Normale,Autre collision,,,,,,,,,,,1,2,3,1,6
200600001281,0006-01-26 04:38:00,6,1,26,4,38,410,18,CHAILLES (LEVEE DE),,,Nuit sans éclairage public,Hors agglomération,Hors intersection,Normale,Sans collision,,,,,,,,,,,3,1,1,1,7
200600001282,0006-01-31 04:30:00,6,1,31,4,30,410,18,D174,,,Nuit avec éclairage allumé,En agglomération,Hors intersection,Normale,Sans collision,,,,,,,,,,,5,2,1,1,7
200600001283,0006-01-31 09:25:00,6,1,31,9,25,410,18,CITES UNIES (BOULEVARD D,,,Plein jour,En agglomération,Hors intersection,Normale,Deux véhicules - arrière,,,,,,,,,,,1,2,1,1,2
200600001284,0006-01-31 12:25:00,6,1,31,12,25,410,212,NATIONALE (ROUTE),,,Plein jour,Hors agglomération,Hors intersection,Normale,Trois véhicules et plus - collisions multiples,,,,,,,,,,,1,1,1,1,5
200600001285,0006-01-10 18:10:00,6,1,10,18,10,410,194,"96, CAPUCINS (RUE DES)",,,Nuit avec éclairage allumé,En agglomération,Hors intersection,Normale,Autre collision,,,,,,,,,,,5,2,1,1,6
200600001286,0006-01-14 19:10:00,6,1,14,19,10,410,194,PARIS (AVENUE DE),,,Nuit avec éclairage allumé,Hors agglomération,Intersection en T,Normale,Deux véhicules - côté,,,,,,,,,,,5,1,3,1,3
200600001287,0006-01-18 18:15:00,6,1,18,18,15,410,194,"34, SAINT ROCH (FAUBOURG",,,Nuit avec éclairage allumé,En agglomération,Hors intersection,Pluie légère,Autre collision,,,,,,,,,,,5,2,1,2,6
200600001288,0006-01-10 19:30:00,6,1,10,19,30,410,158,"., BRENIERE (RUE DE LA)",,,Nuit sans éclairage public,Hors agglomération,Intersection en X,Pluie légère,Deux véhicules - côté,,,,,,,,,,,3,1,2,2,3
200600001289,0006-01-10 13:50:00,6,1,10,13,50,410,269,"102, CHARTRAIN (FAUBOURG",,,Plein jour,En agglomération,Intersection en T,Normale,Deux véhicules - côté,,,,,,,,,,,1,2,3,1,3
200600001290,0006-01-07 11:48:00,6,1,7,11,48,410,269,"., COURTIRAS (RUE DE)",,,Plein jour,En agglomération,Hors intersection,Normale,Sans collision,,,,,,,,,,,1,2,1,1,7
200600001291,0006-01-23 08:00:00,6,1,23,8,0,410,269,"., KENNEDY (BOULEVARD DU",,,Crépuscule ou aube,En agglomération,Intersection en X,Normale,Deux véhicules - côté,,,,,,,,,,,2,2,2,1,3
200600001292,0006-01-11 18:10:00,6,1,11,18,10,420,95,"29, HUGO (RUE VICTOR)",,,Nuit avec éclairage allumé,En agglomération,Intersection en X,Normale,Autre collision,,,,,,,,,,,5,2,2,1,6
200600001293,0006-01-22 16:30:00,6,1,22,16,30,420,95,"1, ARTISANS (IMPASSE DES",,,Plein jour,En agglomération,Autre intersection,Normale,Deux véhicules - frontale,,,,,,,,,,,1,2,9,1,1
200600001294,0006-01-08 13:45:00,6,1,8,13,45,420,147,"09, TUPINERIE (RUE)",,,Plein jour,En agglomération,Hors intersection,Normale,Deux véhicules - côté,,,,,,,,,,,1,2,1,1,3
200600001295,0006-01-11 10:40:00,6,1,11,10,40,420,147,ARCHES (RUE DES),,,Plein jour,En agglomération,Intersection en X,Normale,Deux véhicules - côté,,,,,,,,,,,1,2,2,1,3
200600001296,0006-01-06 15:10:00,6,1,6,15,10,420,187,"19, MULSANT (RUE)",,,Plein jour,En agglomération,Hors intersection,Neige / grêle,Deux véhicules - arrière,,,,,,,,,,,1,2,1,4,2
200600001297,0006-01-06 17:20:00,6,1,6,17,20,420,187,"37, PARIS (AVENUE DE)",,,Crépuscule ou aube,En agglomération,Hors intersection,Normale,Autre collision,,,,,,,,,,,2,2,1,1,6
200600001298,0006-01-07 13:57:00,6,1,7,13,57,420,187,"117, PARIS (AVENUE DE)",,,Plein jour,En agglomération,Hors intersection,Pluie légère,Autre collision,,,,,,,,,,,1,2,1,2,6
200600001299,0006-01-09 13:35:00,6,1,9,13,35,420,187,"10, LYON (AVENUE DE)",,,Plein jour,En agglomération,Hors intersection,Normale,Deux véhicules - côté,,,,,,,,,,,1,2,1,1,3
200600001300,0006-01-10 07:56:00,6,1,10,7,56,420,187,"97, BOCHARD (RUE CLAUDE)",,,Plein jour,En agglomération,Hors intersection,Normale,Autre collision,,,,,,,,,,,1,2,1,1,6
200600001301,0006-01-10 15:30:00,6,1,10,15,30,420,187,"20, VALMY (BOULEVARD DE)",,,Plein jour,En agglomération,Intersection en X,Normale,Deux véhicules - côté,,,,,,,,,,,1,2,2,1,3
200600001302,0006-01-10 23:25:00,6,1,10,23,25,420,170,"20, LES FRANCHISES (LIEU",,,Nuit sans éclairage public,Hors agglomération,Hors intersection,Normale,Sans collision,,,,,,,,,,,3,1,1,1,7