accident_id,datetime,annee,mois,jour,heure,minute,departement,commune_insee,adresse,latitude,longitude,luminosite,agglomeration,intersection,meteo,collision,nb_vehicules,nb_usagers,nb_indemnes,nb_tues,nb_blesses_hosp,nb_blesses_legers,age_cond_1,age_cond_2,veh_type_cond_1,veh_type_cond_2,lum_code,agg_code,int_code,atm_code,col_code
200600001303,0006-01-12 07:50:00,6,1,12,7,50,420,71,"5, COTES  (CHEMIN DES CO",,,Crépuscule ou aube,En agglomération,Hors intersection,Autre,Autre collision,,,,,,,,,,,2,2,1,9,6
200600001304,0006-01-12 09:10:00,6,1,12,9,10,420,184,"24, BERTHAUD  HENRI   (R",,,Plein jour,En agglomération,Hors intersection,Autre,Autre collision,,,,,,,,,,,1,2,1,9,6
200600001305,0006-01-12 19:00:00,6,1,12,19,0,420,71,"1, ETINES (ALLEE DES )",,,Crépuscule ou aube,En agglomération,Intersection en X,Normale,Autre collision,,,,,,,,,,,2,2,2,1,6
200600001306,0006-01-16 13:20:00,6,1,16,13,20,420,187,"20, DORMOY (RUE MARX)",,,Plein jour,En agglomération,Intersection en X,Normale,Deux véhicules - côté,,,,,,,,,,,1,2,2,1,3
200600001307,0006-01-18 18:30:00,6,1,18,18,30,420,127,"18, Route nationale 7",,,Nuit sans éclairage public,En agglomération,Hors intersection,Pluie légère,Autre collision,,,,,,,,,,,3,2,1,2,6
200600001308,0006-01-19 11:20:00,6,1,19,11,20,420,71,"20, ETINES (BOULEVARD DE",,,Plein jour,En agglomération,Intersection en X,Normale,Deux véhicules - côté,,,,,,,,,,,1,2,2,1,3
200600001309,0006-01-20 18:20:00,6,1,20,18,20,420,187,"20, VALMY (BOULEVARD DE)",,,Crépuscule ou aube,En agglomération,Hors intersection,Normale,Deux véhicules - frontale,,,,,,,,,,,2,2,1,1,1
200600001310,0006-01-26 12:35:00,6,1,26,12,35,420,187,FOCH (RUE MARECHAL),,,Plein jour,Hors agglomération,Hors intersection,Neige / grêle,Trois véhicules et plus - en chaîne,,,,,,,,,,,1,1,1,4,4
200600001311,0006-01-30 18:45:00,6,1,30,18,45,420,170,"20, LE MOULIN TAMPON (LI",,,Nuit avec éclairage allumé,En agglomération,Hors intersection,Normale,Deux véhicules - côté,,,,,,,,,,,5,2,1,1,3
200600001312,0006-01-31 16:15:00,6,1,31,16,15,420,187,"14, GIRARDIN  (RUE EUCHE",,,Plein jour,En agglomération,Hors intersection,Normale,Autre collision,,,,,,,,,,,1,2,1,1,6
200600001313,0006-01-07 12:50:00,6,1,7,12,50,420,207,WALDECK ROUSSEAU BOULEVA,,,Plein jour,En agglomération,Hors intersection,Autre,Deux véhicules - frontale,,,,,,,,,,,1,2,1,9,1
200600001314,0006-01-31 19:23:00,6,1,31,19,23,420,207,CHABURE ROUTE DE LA,,,Nuit avec éclairage allumé,Hors agglomération,Hors intersection,Autre,Deux véhicules - côté,,,,,,,,,,,5,1,1,9,3
200600001315,0006-01-02 00:30:00,6,1,2,0,30,420,218,"35, TALAUDIERE (DE LA) A",,,Nuit avec éclairage allumé,En agglomération,Intersection en T,Normale,Deux véhicules - côté,,,,,,,,,,,5,2,3,1,3
200600001316,0006-01-03 09:44:00,6,1,3,9,44,420,218,"11, DESBARRES HENRI",,,Plein jour,En agglomération,Hors intersection,Normale,Autre collision,,,,,,,,,,,1,2,1,1,6
200600001317,0006-01-03 15:59:00,6,1,3,15,59,420,218,"38, CROIX DE MISSION",,,Plein jour,En agglomération,Hors intersection,Temps couvert,Deux véhicules - côté,,,,,,,,,,,1,2,1,8,3
200600001318,0006-01-04 20:13:00,6,1,4,20,13,420,218,TREFILERIE,,,Nuit avec éclairage allumé,En agglomération,Hors intersection,Temps éblouissant,Autre collision,,,,,,,,,,,5,2,1,7,6
200600001319,0006-01-05 13:04:00,6,1,5,13,4,420,218,"51, ROBESPIERRE",,,Plein jour,En agglomération,Hors intersection,Temps couvert,Trois véhicules et plus - collisions multiples,,,,,,,,,,,1,2,1,8,5
200600001320,0006-01-05 16:59:00,6,1,5,16,59,420,218,FRACHON BENOIT,,,Plein jour,En agglomération,Intersection en T,Temps couvert,Deux véhicules - côté,,,,,,,,,,,1,2,3,8,3
200600001321,0006-01-22 05:45:00,6,1,22,5,45,420,218,ARCOLE A PARTIR DES N° 1,,,Nuit avec éclairage allumé,En agglomération,Intersection en X,Normale,Deux véhicules - côté,,,,,,,,,,,5,2,2,1,3
200600001322,0006-01-06 18:13:00,6,1,6,18,13,420,218,ALBERT FRANCOIS,,,Nuit avec éclairage allumé,En agglomération,Intersection en Y,Temps couvert,Deux véhicules - frontale,,,,,,,,,,,5,2,4,8,1
200600001323,0006-01-09 14:20:00,6,1,9,14,20,420,218,"50, BERGSON A PARTIR N°",,,Plein jour,En agglomération,Hors intersection,Normale,Autre collision,,,,,,,,,,,1,2,1,1,6
200600001324,0006-01-09 13:35:00,6,1,9,13,35,420,218,TROIS GLORIEUSES (DES),,,Plein jour,En agglomération,Intersection en T,Normale,Deux véhicules - côté,,,,,,,,,,,1,2,3,1,3
200600001325,0006-01-10 14:57:00,6,1,10,14,57,420,218,ROOSEVELT FRANKLIN (SQUA,,,Plein jour,Hors agglomération,Hors intersection,Normale,Autre collision,,,,,,,,,,,1,1,1,1,6
200600001326,0006-01-11 09:30:00,6,1,11,9,30,420,218,PALLE (DE LA) A PARTIR N,,,Plein jour,En agglomération,Intersection en T,Normale,Deux véhicules - frontale,,,,,,,,,,,1,2,3,1,1
200600001327,0006-01-11 13:57:00,6,1,11,13,57,420,189,JAURES JEAN (PLACE),,,Plein jour,En agglomération,Hors intersection,Temps couvert,Autre collision,,,,,,,,,,,1,2,1,8,6
200600001328,0006-01-09 07:50:00,6,1,9,7,50,420,218,"0000000001, MOMEY",,,Crépuscule ou aube,En agglomération,Hors intersection,Autre,Deux véhicules - côté,,,,,,,,,,,2,2,1,9,3
200600001329,0006-01-15 12:00:00,6,1,15,12,0,420,218,PUITS LACHAUD (DU),,,Plein jour,En agglomération,Hors intersection,Temps couvert,Deux véhicules - côté,,,,,,,,,,,1,2,1,8,3
200600001330,0006-01-16 15:35:00,6,1,16,15,35,420,218,"2, HOTEL DE VILLE (PLACE",,,Plein jour,En agglomération,Hors intersection,Normale,Autre collision,,,,,,,,,,,1,2,1,1,6
200600001331,0006-01-17 10:13:00,6,1,17,10,13,420,305,D3,,,Plein jour,Hors agglomération,Hors intersection,Temps couvert,Sans collision,,,,,,,,,,,1,1,1,8,7
200600001332,0006-01-17 18:36:00,6,1,17,18,36,420,218,JANIN JULES (BD) DES N°,,,Nuit avec éclairage allumé,En agglomération,Giratoire,Pluie légère,Autre collision,,,,,,,,,,,5,2,6,2,6
200600001333,0006-01-18 10:53:00,6,1,18,10,53,420,218,VIVALDI ANTONIO (BOULEVA,,,Plein jour,En agglomération,Hors intersection,Temps couvert,Deux véhicules - arrière,,,,,,,,,,,1,2,1,8,2
200600001334,0006-01-18 13:53:00,6,1,18,13,53,420,218,"32, JANIN JULES (BD) JUS",,,Plein jour,En agglomération,Hors intersection,Normale,Autre collision,,,,,,,,,,,1,2,1,1,6
200600001335,0006-01-21 16:57:00,6,1,21,16,57,420,218,EVRARD FLORENT JUSQU'AUX,,,Plein jour,Hors agglomération,Hors intersection,Normale,Autre collision,,,,,,,,,,,1,1,1,1,6
200600001336,0006-01-23 14:15:00,6,1,23,14,15,420,218,"19, MENDES FRANCE PIERRE",,,Plein jour,En agglomération,Hors intersection,Normale,Trois véhicules et plus - en chaîne,,,,,,,,,,,1,2,1,1,4
200600001337,0006-01-24 11:40:00,6,1,24,11,40,420,218,"10, MARTEL EDOUARD JUSQU",,,Plein jour,En agglomération,Hors intersection,Normale,Deux véhicules - arrière,,,,,,,,,,,1,2,1,1,2
200600001338,0006-01-27 13:50:00,6,1,27,13,50,420,218,"48, PLOTTON CALIXTE",,,Plein jour,En agglomération,Hors intersection,Neige / grêle,Deux véhicules - frontale,,,,,,,,,,,1,2,1,4,1
200600001339,0006-01-27 15:45:00,6,1,27,15,45,420,218,"9, MARTEL EDOUARD JUSQU'",,,Plein jour,En agglomération,Hors intersection,Neige / grêle,Autre collision,,,,,,,,,,,1,2,1,4,6
200600001340,0006-01-28 15:20:00,6,1,28,15,20,420,218,"93, HUSS JEAN",,,Plein jour,En agglomération,Hors intersection,Normale,Autre collision,,,,,,,,,,,1,2,1,1,6
200600001341,0006-01-28 22:10:00,6,1,28,22,10,420,218,NADAUD GUSTAVE (COURS),,,Nuit sans éclairage public,En agglomération,Hors intersection,Neige / grêle,Deux véhicules - côté,,,,,,,,,,,3,2,1,4,3
200600001342,0006-01-28 19:00:00,6,1,28,19,0,420,223,ROCADE OUEST,,,Nuit sans éclairage public,Hors agglomération,Hors intersection,Neige / grêle,Sans collision,,,,,,,,,,,3,1,1,4,7
200600001343,0006-01-03 08:05:00,6,1,3,8,5,430,41,"14, COUBON (AVENUE DE)",,,Nuit avec éclairage allumé,En agglomération,Hors intersection,Temps couvert,Autre collision,,,,,,,,,,,5,2,1,8,6
200600001344,0006-01-06 20:40:00,6,1,6,20,40,430,157,FOCH (AVENUE DU MAL 75-F,,,Nuit avec éclairage allumé,En agglomération,Hors intersection,Temps couvert,Deux véhicules - côté,,,,,,,,,,,5,2,1,8,3
200600001345,0006-01-01 08:50:00,6,1,1,8,50,440,132,"1, HECQUEUX (AVENUE DU)",,,Plein jour,En agglomération,Giratoire,Normale,Autre collision,,,,,,,,,,,1,2,6,1,6
200600001346,0006-01-05 16:30:00,6,1,5,16,30,440,132,"0, MARCHE (PLACE DU)",,,Plein jour,En agglomération,Intersection en X,Normale,Deux véhicules - côté,,,,,,,,,,,1,2,2,1,3
200600001347,0006-01-09 18:15:00,6,1,9,18,15,440,55,"1, BARRIRE ( ESPLANADE",,,Nuit avec éclairage allumé,En agglomération,Hors intersection,Normale,Autre collision,,,,,,,,,,,5,2,1,1,6
200600001348,0006-01-11 08:10:00,6,1,11,8,10,440,132,"0, BRIQUETERIE (ROUTE DE",,,Plein jour,En agglomération,Intersection en X,Normale,Trois véhicules et plus - collisions multiples,,,,,,,,,,,1,2,2,1,5
200600001349,0006-01-26 07:30:00,6,1,26,7,30,440,132,"114, MORANDAIS ( AVENUE",,,Nuit avec éclairage allumé,En agglomération,Hors intersection,Autre,Autre collision,,,,,,,,,,,5,2,1,9,6
200600001350,0006-01-29 05:30:00,6,1,29,5,30,440,55,"0, ETOILE ( AVENUE DE L'",,,Nuit avec éclairage allumé,En agglomération,Hors intersection,Normale,Autre collision,,,,,,,,,,,5,2,1,1,6
200600001351,0006-01-03 19:00:00,6,1,3,19,0,440,109,RUE SAINT JACQUES,,,Nuit avec éclairage allumé,En agglomération,Intersection en X,Normale,Deux véhicules - côté,,,,,,,,,,,5,2,2,1,3
200600001352,0006-01-04 05:45:00,6,1,4,5,45,440,114,PERIPHERIQUE ROUTIER,,,Crépuscule ou aube,En agglomération,Hors intersection,Pluie légère,Deux véhicules - arrière,,,,,,,,,,,2,2,1,2,2
200600001353,0006-01-03 16:05:00,6,1,3,16,5,440,109,LADMIRAULT (PL),,,Plein jour,En agglomération,Intersection en T,Normale,Deux véhicules - côté,,,,,,,,,,,1,2,3,1,3
200600001354,0006-01-10 17:25:00,6,1,10,17,25,440,109,"., BOULEVARD DE LA PRAIR",,,Nuit sans éclairage public,En agglomération,Hors intersection,Normale,Deux véhicules - côté,,,,,,,,,,,3,2,1,1,3
200600001355,0006-01-03 13:50:00,6,1,3,13,50,440,109,"91, QUAI DE LA FOSSE",,,Plein jour,En agglomération,Hors intersection,Normale,Autre collision,,,,,,,,,,,1,2,1,1,6
200600001356,0006-01-05 21:10:00,6,1,5,21,10,440,109,"1, BOULEVARD EMILE ROMAN",,,Crépuscule ou aube,En agglomération,Intersection en X,Normale,Autre collision,,,,,,,,,,,2,2,2,1,6
200600001357,0006-01-06 08:02:00,6,1,6,8,2,440,109,ROUTE DE SAINT JOSEPH,,,Crépuscule ou aube,En agglomération,Intersection en T,Normale,Autre collision,,,,,,,,,,,2,2,3,1,6
200600001358,0006-01-07 20:30:00,6,1,7,20,30,440,9,PERIPHERIQUE SUD,,,Nuit avec éclairage allumé,En agglomération,Hors intersection,Normale,Autre collision,,,,,,,,,,,5,2,1,1,6
200600001359,0006-01-11 17:35:00,6,1,11,17,35,440,109,"21, BOULEVARD LELASSEUR",,,Plein jour,En agglomération,Hors intersection,Pluie légère,Autre collision,,,,,,,,,,,1,2,1,2,6
200600001360,0006-01-11 18:45:00,6,1,11,18,45,440,109,"53, AVENUE CAMUS",,,Nuit avec éclairage allumé,En agglomération,Hors intersection,Pluie légère,Autre collision,,,,,,,,,,,5,2,1,2,6
200600001361,0006-01-11 10:40:00,6,1,11,10,40,440,109,"82, BOULEVARD JOLIOT CUR",,,Plein jour,En agglomération,Hors intersection,Normale,Autre collision,,,,,,,,,,,1,2,1,1,6
200600001362,0006-01-11 19:25:00,6,1,11,19,25,440,109,CHAUSSEE DE LA MADELEINE,,,Nuit avec éclairage allumé,En agglomération,Hors intersection,Normale,Deux véhicules - côté,,,,,,,,,,,5,2,1,1,3
200600001363,0006-01-11 17:15:00,6,1,11,17,15,440,162,ROUTE DE VANNES,,,Crépuscule ou aube,En agglomération,Hors intersection,Pluie légère,Autre collision,,,,,,,,,,,2,2,1,2,6
200600001364,0006-01-12 17:30:00,6,1,12,17,30,440,109,", RUE D'ANJOU",,,Nuit sans éclairage public,Hors agglomération,Hors intersection,Normale,Autre collision,,,,,,,,,,,3,1,1,1,6
200600001365,0006-01-16 19:05:00,6,1,16,19,5,440,109,"1, COURS DES 50 OTAGES",,,Nuit avec éclairage allumé,En agglomération,Intersection en X,Normale,Deux véhicules - côté,,,,,,,,,,,5,2,2,1,3
200600001366,0006-01-13 13:25:00,6,1,13,13,25,440,109,"1, BOULEVARD LOUIS MILLE",,,Plein jour,En agglomération,Hors intersection,Normale,Autre collision,,,,,,,,,,,1,2,1,1,6
200600001367,0006-01-13 16:55:00,6,1,13,16,55,440,109,"10, RUE HAROUYS",,,Plein jour,En agglomération,Hors intersection,Normale,Autre collision,,,,,,,,,,,1,2,1,1,6
200600001368,0006-01-15 17:00:00,6,1,15,17,0,440,109,"151, ROUTE DE SAINTE LUC",,,Plein jour,En agglomération,Hors intersection,Normale,Deux véhicules - côté,,,,,,,,,,,1,2,1,1,3
200600001369,0006-01-14 23:45:00,6,1,14,23,45,440,109,"57, AVENUE DE LA GARE DE",,,Nuit avec éclairage allumé,En agglomération,Hors intersection,Normale,Deux véhicules - arrière,,,,,,,,,,,5,2,1,1,2
200600001370,0006-01-16 13:20:00,6,1,16,13,20,440,109,BOULEVARD BENONI GOULLIN,,,Plein jour,En agglomération,Intersection en X,Temps couvert,Deux véhicules - côté,,,,,,,,,,,1,2,2,8,3
200600001371,0006-01-16 16:50:00,6,1,16,16,50,440,109,BOULEVARD PIERRE DE COUB,,,Plein jour,En agglomération,Giratoire,Pluie légère,Deux véhicules - côté,,,,,,,,,,,1,2,6,2,3
200600001372,0006-01-16 18:30:00,6,1,16,18,30,440,109,ROUTE DE PARIS,,,Nuit avec éclairage allumé,En agglomération,Hors intersection,Normale,Deux véhicules - côté,,,,,,,,,,,5,2,1,1,3
200600001373,0006-01-16 19:40:00,6,1,16,19,40,440,109,"139, RUE PAUL BELLAMY",,,Nuit avec éclairage allumé,En agglomération,Hors intersection,Normale,Autre collision,,,,,,,,,,,5,2,1,1,6
200600001374,0006-01-16 19:25:00,6,1,16,19,25,440,109,BOULEVARD JEAN PHILIPPOT,,,Nuit avec éclairage allumé,En agglomération,Autre intersection,Pluie légère,Autre collision,,,,,,,,,,,5,2,9,2,6
200600001375,0006-01-18 05:40:00,6,1,18,5,40,440,109,"1, BOULEVARD PROFESSEUR",,,Nuit avec éclairage allumé,Hors agglomération,Hors intersection,Pluie légère,Autre collision,,,,,,,,,,,5,1,1,2,6
200600001376,0006-01-18 16:30:00,6,1,18,16,30,440,109,", BOULEVARD ALEXANDER FL",,,Plein jour,En agglomération,Hors intersection,Normale,Deux véhicules - arrière,,,,,,,,,,,1,2,1,1,2
200600001377,0006-01-18 18:30:00,6,1,18,18,30,440,109,"2, RUE CLEMENCE ROYER",,,Nuit avec éclairage allumé,En agglomération,Hors intersection,Normale,Sans collision,,,,,,,,,,,5,2,1,1,7
200600001378,0006-01-17 08:10:00,6,1,17,8,10,440,114,"0, ROUTE DE VANNES",,,Crépuscule ou aube,En agglomération,Hors intersection,Normale,Autre collision,,,,,,,,,,,2,2,1,1,6
200600001379,0006-01-19 08:00:00,6,1,19,8,0,440,109,RUE GENERAL BUAT,,,Plein jour,En agglomération,Hors intersection,Normale,Deux véhicules - frontale,,,,,,,,,,,1,2,1,1,1
200600001380,0006-01-19 20:20:00,6,1,19,20,20,440,109,"19, RUE DE LA GRANGE AU",,,Nuit avec éclairage allumé,En agglomération,Hors intersection,Normale,Autre collision,,,,,,,,,,,5,2,1,1,6
200600001381,0006-01-19 13:53:00,6,1,19,13,53,440,114,ROUTE DE VANNES,,,Plein jour,En agglomération,Hors intersection,Normale,Autre collision,,,,,,,,,,,1,2,1,1,6
200600001382,0006-01-20 17:05:00,6,1,20,17,5,440,109,"4, BOULEVARD DES BELGES",,,Plein jour,En agglomération,Hors intersection,Pluie légère,Autre collision,,,,,,,,,,,1,2,1,2,6
200600001383,0006-01-20 22:15:00,6,1,20,22,15,440,109,BOULEVARD LEON JOUHAUX,,,Nuit avec éclairage non allumé,En agglomération,Intersection en X,Pluie légère,Autre collision,,,,,,,,,,,4,2,2,2,6
200600001384,0006-01-21 03:10:00,6,1,21,3,10,440,109,BOULEVARD DE LONGCHAMP,,,Nuit avec éclairage allumé,En agglomération,Intersection en T,Normale,Deux véhicules - côté,,,,,,,,,,,5,2,3,1,3
200600001385,0006-01-21 17:50:00,6,1,21,17,50,440,109,BOULEVARD PAUL CHABAS,,,Plein jour,En agglomération,Hors intersection,Normale,Deux véhicules - côté,,,,,,,,,,,1,2,1,1,3
200600001386,0006-01-23 16:55:00,6,1,23,16,55,440,109,"00, COURS DES 50 OTAGES",,,Plein jour,En agglomération,Hors intersection,Normale,Autre collision,,,,,,,,,,,1,2,1,1,6
200600001387,0006-01-24 15:10:00,6,1,24,15,10,440,109,"318, ROUTE DE SAINT JOSE",,,Plein jour,En agglomération,Intersection en Y,Normale,Deux véhicules - côté,,,,,,,,,,,1,2,4,1,3
200600001388,0006-01-24 08:30:00,6,1,24,8,30,440,162,"0, RUE DU CANTAL",,,Plein jour,En agglomération,Intersection en T,Normale,Deux véhicules - frontale,,,,,,,,,,,1,2,3,1,1
200600001389,0006-01-24 13:15:00,6,1,24,13,15,440,162,AVENUE DES NAUDIERES,,,Nuit avec éclairage allumé,En agglomération,Hors intersection,Normale,Deux véhicules - arrière,,,,,,,,,,,5,2,1,1,2
200600001390,0006-01-25 08:32:00,6,1,25,8,32,440,109,"., ROUTE DE SAINTE LUCE",,,Plein jour,En agglomération,Hors intersection,Normale,Trois véhicules et plus - en chaîne,,,,,,,,,,,1,2,1,1,4
200600001391,0006-01-25 10:00:00,6,1,25,10,0,440,109,"78, BOULEVARD ERNEST DAL",,,Plein jour,En agglomération,Hors intersection,Normale,Autre collision,,,,,,,,,,,1,2,1,1,6
200600001392,0006-01-25 11:25:00,6,1,25,11,25,440,109,"1, RUE GRESSET",,,Plein jour,En agglomération,Intersection en X,Normale,Deux véhicules - côté,,,,,,,,,,,1,2,2,1,3
200600001393,0006-01-24 22:00:00,6,1,24,22,0,440,190,"30, RUE MARIE CURIE",,,Nuit avec éclairage allumé,En agglomération,Hors intersection,Normale,Deux véhicules - frontale,,,,,,,,,,,5,2,1,1,1
200600001394,0006-01-21 15:30:00,6,1,21,15,30,440,109,"1, ROUTE DE SAINTE LUCE",,,Crépuscule ou aube,En agglomération,Hors intersection,Autre,Autre collision,,,,,,,,,,,2,2,1,9,6
200600001395,0006-01-24 19:43:00,6,1,24,19,43,440,114,"109, AVENUE DE LA FERRIE",,,Nuit avec éclairage allumé,En agglomération,Hors intersection,Normale,Deux véhicules - côté,,,,,,,,,,,5,2,1,1,3
200600001396,0006-01-25 17:05:00,6,1,25,17,5,440,114,RD 75,,,Nuit avec éclairage non allumé,En agglomération,Hors intersection,Normale,Autre collision,,,,,,,,,,,4,2,1,1,6
200600001397,0006-01-26 19:25:00,6,1,26,19,25,440,109,"131, ROUTE DE CLISSON",,,Nuit avec éclairage allumé,En agglomération,Hors intersection,Normale,Autre collision,,,,,,,,,,,5,2,1,1,6
200600001398,0006-01-28 06:10:00,6,1,28,6,10,440,109,"1, BOULEVARD PROFESSEUR",,,Nuit avec éclairage allumé,En agglomération,Hors intersection,Normale,Autre collision,,,,,,,,,,,5,2,1,1,6
200600001399,0006-01-28 12:55:00,6,1,28,12,55,440,109,"10, BOULEVARD DE STALING",,,Plein jour,En agglomération,Hors intersection,Neige / grêle,Autre collision,,,,,,,,,,,1,2,1,4,6
200600001400,0006-01-25 12:30:00,6,1,25,12,30,440,114,"0, PERIPHERIQUE ROUTIER",,,Plein jour,Hors agglomération,Hors intersection,Normale,Deux véhicules - arrière,,,,,,,,,,,1,1,1,1,2
200600001401,0006-01-30 06:45:00,6,1,30,6,45,440,143,RUE DU JAUNAIS,,,Nuit avec éclairage allumé,En agglomération,Giratoire,Normale,Deux véhicules - côté,,,,,,,,,,,5,2,6,1,3
200600001402,0006-01-29 17:20:00,6,1,29,17,20,440,109,"127, BOULEVARD JULES VER",,,Plein jour,En agglomération,Hors intersection,Normale,Autre collision,,,,,,,,,,,1,2,1,1,6
200600001403,0006-01-31 14:35:00,6,1,31,14,35,440,109,PLACE PAUL DOUMER,,,Plein jour,En agglomération,Giratoire,Normale,Autre collision,,,,,,,,,,,1,2,6,1,6
200600001404,0006-01-31 17:45:00,6,1,31,17,45,440,109,"., PLACE SOPHIE TREBUCHE",,,Nuit avec éclairage allumé,En agglomération,Hors intersection,Normale,Autre collision,,,,,,,,,,,5,2,1,1,6
200600001405,0006-01-02 09:40:00,6,1,2,9,40,440,184,"2, LESSEPS (AVENUE DE) D",,,Plein jour,En agglomération,Intersection en X,Normale,Sans collision,,,,,,,,,,,1,2,2,1,7
200600001406,0006-01-07 00:15:00,6,1,7,0,15,440,184,"56, WILSON (BOULEVARD DU",,,Nuit avec éclairage allumé,En agglomération,Hors intersection,Normale,Sans collision,,,,,,,,,,,5,2,1,1,7
200600001407,0006-01-11 16:40:00,6,1,11,16,40,440,184,FRATERNITÉ (BOULEVARD DE,,,Plein jour,En agglomération,Intersection en X,Pluie légère,Deux véhicules - côté,,,,,,,,,,,1,2,2,2,3
200600001408,0006-01-13 09:30:00,6,1,13,9,30,440,184,"40, HALLES (RUE DES) DU",,,Plein jour,En agglomération,Hors intersection,Temps couvert,Autre collision,,,,,,,,,,,1,2,1,8,6
200600001409,0006-01-13 18:30:00,6,1,13,18,30,440,184,LIBÉRATION (BOULEVARD DE,,,Nuit avec éclairage allumé,En agglomération,Intersection en X,Normale,Deux véhicules - côté,,,,,,,,,,,5,2,2,1,3
200600001410,0006-01-16 20:15:00,6,1,16,20,15,440,184,"50, BRAIS (ROUTE DE)",,,Nuit sans éclairage public,En agglomération,Hors intersection,Pluie légère,Sans collision,,,,,,,,,,,3,2,1,2,7
200600001411,0006-01-19 18:00:00,6,1,19,18,0,440,184,"1, MARSAC (ROUTE DE)",,,Crépuscule ou aube,Hors agglomération,Intersection en X,Normale,Deux véhicules - côté,,,,,,,,,,,2,1,2,1,3
200600001412,0006-01-20 07:40:00,6,1,20,7,40,440,184,"122, BROODCOORENS (RUE)",,,Nuit avec éclairage non allumé,En agglomération,Autre intersection,Normale,Sans collision,,,,,,,,,,,4,2,9,1,7
200600001413,0006-01-24 12:15:00,6,1,24,12,15,440,184,"215, LAENNEC (BD DU DR R",,,Plein jour,En agglomération,Hors intersection,Normale,Autre collision,,,,,,,,,,,1,2,1,1,6
200600001414,0006-01-27 08:30:00,6,1,27,8,30,440,184,"45, MOULIN DE LA BUTTE (",,,Plein jour,En agglomération,Hors intersection,Normale,Sans collision,,,,,,,,,,,1,2,1,1,7
200600001415,0006-01-09 18:10:00,6,1,9,18,10,450,68,SALENGRO (RUE ROGER),,,Nuit avec éclairage allumé,En agglomération,Intersection en T,Normale,Deux véhicules - côté,,,,,,,,,,,5,2,3,1,3
200600001416,0006-01-02 09:10:00,6,1,2,9,10,450,235,CHATAIGNIERS (RUE DES),,,Plein jour,En agglomération,Intersection en T,Temps couvert,Deux véhicules - côté,,,,,,,,,,,1,2,3,8,3
200600001417,0006-01-04 11:30:00,6,1,4,11,30,450,234,THINAT (PONT RENE),,,Plein jour,En agglomération,Hors intersection,Temps couvert,Trois véhicules et plus - collisions multiples,,,,,,,,,,,1,2,1,8,5
200600001418,0006-01-03 12:10:00,6,1,3,12,10,450,234,"36, STUART (BOULEVARD MA",,,Plein jour,En agglomération,Hors intersection,Normale,Deux véhicules - côté,,,,,,,,,,,1,2,1,1,3
200600001419,0006-01-04 07:42:00,6,1,4,7,42,450,302,FAUCHEUX (RUE ANATOLE),,,Crépuscule ou aube,En agglomération,Intersection en X,Pluie légère,Deux véhicules - côté,,,,,,,,,,,2,2,2,2,3
200600001420,0006-01-04 08:05:00,6,1,4,8,5,450,232,CAMP DES INDIENS (RUE DU,,,Crépuscule ou aube,En agglomération,Intersection en X,Pluie légère,Deux véhicules - côté,,,,,,,,,,,2,2,2,2,3
200600001421,0006-01-03 20:20:00,6,1,3,20,20,450,234,SECRETAIN (AVENUE ROGER),,,Nuit avec éclairage allumé,En agglomération,Hors intersection,Brouillard / fumée,Autre collision,,,,,,,,,,,5,2,1,5,6
200600001422,0006-01-06 04:55:00,6,1,6,4,55,450,234,RN 60,,,Nuit avec éclairage allumé,En agglomération,Hors intersection,Normale,Autre collision,,,,,,,,,,,5,2,1,1,6
200600001423,0006-01-10 16:00:00,6,1,10,16,0,450,234,BANNIER (RUE),,,Plein jour,En agglomération,Intersection en X,Normale,Sans collision,,,,,,,,,,,1,2,2,1,7
200600001424,0006-01-11 07:30:00,6,1,11,7,30,450,234,FAUBOURG DE BOURGOGNE (R,,,Nuit avec éclairage allumé,En agglomération,Hors intersection,Normale,Deux véhicules - arrière,,,,,,,,,,,5,2,1,1,2
200600001425,0006-01-11 17:35:00,6,1,11,17,35,450,147,DORMOY (RUE MARX DORMOY),,,Nuit avec éclairage allumé,En agglomération,Intersection en X,Pluie légère,Deux véhicules - côté,,,,,,,,,,,5,2,2,2,3
200600001426,0006-01-11 17:25:00,6,1,11,17,25,450,285,RN 60,,,Nuit avec éclairage non allumé,En agglomération,Hors intersection,Pluie légère,Trois véhicules et plus - en chaîne,,,,,,,,,,,4,2,1,2,4
200600001427,0006-01-12 09:25:00,6,1,12,9,25,450,284,BAS AVAUX (RUE DES BAS A,,,Plein jour,Hors agglomération,Hors intersection,Pluie légère,Autre collision,,,,,,,,,,,1,1,1,2,6
200600001428,0006-01-13 07:50:00,6,1,13,7,50,450,169,"49, NATIONALE (ROUTE )",,,Crépuscule ou aube,En agglomération,Intersection en T,Normale,Deux véhicules - côté,,,,,,,,,,,2,2,3,1,3
200600001429,0006-01-14 11:00:00,6,1,14,11,0,450,234,"147, FAUBOURG SAINT VINC",,,Plein jour,En agglomération,Hors intersection,Pluie légère,Autre collision,,,,,,,,,,,1,2,1,2,6
200600001430,0006-01-16 12:30:00,6,1,16,12,30,450,234,CHOLLET (RUE THEOPHILE),,,Plein jour,En agglomération,Hors intersection,Normale,Autre collision,,,,,,,,,,,1,2,1,1,6
200600001431,0006-01-19 07:40:00,6,1,19,7,40,450,234,DAUPHINE (AVENUE),,,Nuit avec éclairage allumé,En agglomération,Hors intersection,Pluie légère,Deux véhicules - arrière,,,,,,,,,,,5,2,1,2,2
200600001432,0006-01-19 13:05:00,6,1,19,13,5,450,285,EPEE (RUE ABBE DE L'),,,Plein jour,En agglomération,Intersection en X,Normale,Deux véhicules - côté,,,,,,,,,,,1,2,2,1,3