accident_id,datetime,annee,mois,jour,heure,minute,departement,commune_insee,adresse,latitude,longitude,luminosite,agglomeration,intersection,meteo,collision,nb_vehicules,nb_usagers,nb_indemnes,nb_tues,nb_blesses_hosp,nb_blesses_legers,age_cond_1,age_cond_2,veh_type_cond_1,veh_type_cond_2,lum_code,agg_code,int_code,atm_code,col_code
200600001562,0006-01-28 16:10:00,6,1,28,16,10,520,448,REPUBLIQUE (AVE DE LA) N,,,Plein jour,En agglomération,Intersection en T,Normale,Autre collision,,,,,,,,,,,1,2,3,1,6
200600001563,0006-01-04 08:35:00,6,1,4,8,35,530,130,"67, BOURNY ( RUE DU )",,,Nuit sans éclairage public,En agglomération,Hors intersection,Pluie légère,Autre collision,,,,,,,,,,,3,2,1,2,6
200600001564,0006-01-09 19:40:00,6,1,9,19,40,530,34,RD 211 VERS LOUVERNE,,,Nuit sans éclairage public,Hors agglomération,Hors intersection,Pluie légère,Deux véhicules - frontale,,,,,,,,,,,3,1,1,2,1
200600001565,0006-01-11 08:20:00,6,1,11,8,20,530,130,"67, KELLERMANN ( BOULEVA",,,Plein jour,En agglomération,Hors intersection,Brouillard / fumée,Autre collision,,,,,,,,,,,1,2,1,5,6
200600001566,0006-01-13 20:20:00,6,1,13,20,20,530,54,RD 31 VERS FOUGERES,,,Nuit sans éclairage public,Hors agglomération,Hors intersection,Normale,Sans collision,,,,,,,,,,,3,1,1,1,7
200600001567,0006-01-19 17:50:00,6,1,19,17,50,530,130,BRETAGNE ( RUE DE ),,,Crépuscule ou aube,En agglomération,Hors intersection,Normale,Sans collision,,,,,,,,,,,2,2,1,1,7
200600001568,0006-01-08 02:10:00,6,1,8,2,10,540,280,"46, COMMERCE (RUE DU)",,,Nuit avec éclairage allumé,En agglomération,Hors intersection,Normale,Deux véhicules - arrière,,,,,,,,,,,5,2,1,1,2
200600001569,0006-01-27 08:45:00,6,1,27,8,45,540,273,"20, CARNOT (RUE)",,,Plein jour,En agglomération,Hors intersection,Autre,Sans collision,,,,,,,,,,,1,2,1,9,7
200600001570,0006-01-01 17:10:00,6,1,1,17,10,540,328,"199, MONT (RUE DU)",,,Nuit avec éclairage allumé,En agglomération,Hors intersection,Normale,Autre collision,,,,,,,,,,,5,2,1,1,6
200600001571,0006-01-02 14:15:00,6,1,2,14,15,540,395,"1, FOCH (AVENUE 2 A 16/1",,,Plein jour,En agglomération,Intersection en X,Normale,Deux véhicules - côté,,,,,,,,,,,1,2,2,1,3
200600001572,0006-01-02 06:30:00,6,1,2,6,30,540,395,DE LATTRE DE TASSIGNY (A,,,Nuit avec éclairage allumé,En agglomération,Intersection en T,Pluie légère,Deux véhicules - côté,,,,,,,,,,,5,2,3,2,3
200600001573,0006-01-03 08:50:00,6,1,3,8,50,540,578,JARDIN BOTANIQUE (RUE DU,,,Plein jour,En agglomération,Hors intersection,Normale,Deux véhicules - frontale,,,,,,,,,,,1,2,1,1,1
200600001574,0006-01-03 14:15:00,6,1,3,14,15,540,395,"1, BOUDONVILLE (RUE DE)",,,Plein jour,En agglomération,Intersection en T,Normale,Autre collision,,,,,,,,,,,1,2,3,1,6
200600001575,0006-01-03 20:30:00,6,1,3,20,30,540,547,BRIAND (RUE ARISTIDE),,,Nuit avec éclairage allumé,En agglomération,Intersection en X,Normale,Deux véhicules - arrière,,,,,,,,,,,5,2,2,1,2
200600001576,0006-01-03 20:31:00,6,1,3,20,31,540,547,BRIAND (RUE ARISTIDE),,,Nuit avec éclairage allumé,En agglomération,Hors intersection,Normale,Deux véhicules - côté,,,,,,,,,,,5,2,1,1,3
200600001577,0006-01-04 08:00:00,6,1,4,8,0,540,526,POTIER (RUE EUGENE),,,Crépuscule ou aube,En agglomération,Intersection en X,Normale,Autre collision,,,,,,,,,,,2,2,2,1,6
200600001578,0006-01-06 19:00:00,6,1,6,19,0,540,526,"12, CAMELINAT (RUE)",,,Nuit avec éclairage allumé,En agglomération,Hors intersection,Normale,Autre collision,,,,,,,,,,,5,2,1,1,6
200600001579,0006-01-09 19:20:00,6,1,9,19,20,540,547,"1, AMSTERDAM  (RUE D')",,,Nuit avec éclairage allumé,En agglomération,Intersection en T,Normale,Autre collision,,,,,,,,,,,5,2,3,1,6
200600001580,0006-01-10 12:10:00,6,1,10,12,10,540,395,"1, HAUSSONVILLE (BD D')",,,Plein jour,En agglomération,Hors intersection,Normale,Autre collision,,,,,,,,,,,1,2,1,1,6
200600001581,0006-01-10 08:40:00,6,1,10,8,40,540,395,LIBERATION (AVENUE DE LA,,,Plein jour,En agglomération,Intersection en T,Brouillard / fumée,Deux véhicules - côté,,,,,,,,,,,1,2,3,5,3
200600001582,0006-01-11 12:40:00,6,1,11,12,40,540,395,VERDUN (RUE DE),,,Plein jour,En agglomération,Intersection en X,Temps éblouissant,Autre collision,,,,,,,,,,,1,2,2,7,6
200600001583,0006-01-12 09:30:00,6,1,12,9,30,540,395,VERDUN (RUE DE),,,Plein jour,En agglomération,Intersection à plus de 4 branches,Pluie légère,Deux véhicules - côté,,,,,,,,,,,1,2,5,2,3
200600001584,0006-01-12 10:50:00,6,1,12,10,50,540,395,"1, POINCARE (RUE RAYMOND",,,Plein jour,En agglomération,Intersection en T,Normale,Deux véhicules - arrière,,,,,,,,,,,1,2,3,1,2
200600001585,0006-01-12 17:00:00,6,1,12,17,0,540,357,"40, PATTON (AV. DU GENER",,,Nuit avec éclairage allumé,En agglomération,Hors intersection,Temps couvert,Deux véhicules - arrière,,,,,,,,,,,5,2,1,8,2
200600001586,0006-01-12 20:25:00,6,1,12,20,25,540,304,"1, VILLERS (ROUTE DE)",,,Nuit avec éclairage allumé,En agglomération,Hors intersection,Normale,Autre collision,,,,,,,,,,,5,2,1,1,6
200600001587,0006-01-14 19:45:00,6,1,14,19,45,540,328,RD 570,,,Nuit avec éclairage allumé,Hors agglomération,Intersection en T,Neige / grêle,Trois véhicules et plus - collisions multiples,,,,,,,,,,,5,1,3,4,5
200600001588,0006-01-17 10:00:00,6,1,17,10,0,540,395,"1, COLLIGNON (Avenue et",,,Plein jour,En agglomération,Intersection en T,Normale,Autre collision,,,,,,,,,,,1,2,3,1,6
200600001589,0006-01-18 12:50:00,6,1,18,12,50,540,339,"1, DE GAULLE (RUE DU GAL",,,Plein jour,En agglomération,Intersection en T,Normale,Autre collision,,,,,,,,,,,1,2,3,1,6
200600001590,0006-01-19 17:10:00,6,1,19,17,10,540,547,"1, GEMBLOUX (RUE DE)",,,Plein jour,En agglomération,Hors intersection,Normale,Sans collision,,,,,,,,,,,1,2,1,1,7
200600001591,0006-01-21 00:01:00,6,1,21,0,1,540,395,VISITATION (RUE DE LA),,,Nuit avec éclairage allumé,En agglomération,Intersection en X,Pluie légère,Deux véhicules - côté,,,,,,,,,,,5,2,2,2,3
200600001592,0006-01-21 20:10:00,6,1,21,20,10,540,395,"109, METZ (RUE DE)",,,Nuit avec éclairage allumé,En agglomération,Hors intersection,Normale,Autre collision,,,,,,,,,,,5,2,1,1,6
200600001593,0006-01-22 00:13:00,6,1,22,0,13,540,395,"9, SCARPONE (BD DE)",,,Nuit avec éclairage allumé,En agglomération,Hors intersection,Normale,Deux véhicules - frontale,,,,,,,,,,,5,2,1,1,1
200600001594,0006-01-22 18:15:00,6,1,22,18,15,540,25,SAINT PHLIN (RUE DU FAUB,,,Nuit sans éclairage public,Hors agglomération,Hors intersection,Normale,Trois véhicules et plus - en chaîne,,,,,,,,,,,3,1,1,1,4
200600001595,0006-01-23 03:00:00,6,1,23,3,0,540,395,"1, LIONNOIS (RUE)",,,Nuit avec éclairage allumé,En agglomération,Intersection en T,Normale,Deux véhicules - côté,,,,,,,,,,,5,2,3,1,3
200600001596,0006-01-24 09:00:00,6,1,24,9,0,540,547,"1, BELGIQUE (RUE DE)",,,Nuit avec éclairage allumé,En agglomération,Intersection en T,Pluie légère,Autre collision,,,,,,,,,,,5,2,3,2,6
200600001597,0006-01-24 09:30:00,6,1,24,9,30,540,395,"1, CONCORDE (PONT DE LA)",,,Plein jour,En agglomération,Intersection en X,Normale,Deux véhicules - côté,,,,,,,,,,,1,2,2,1,3
200600001598,0006-01-24 18:25:00,6,1,24,18,25,540,257,ARBOIS (RUE D'),,,Crépuscule ou aube,En agglomération,Giratoire,Normale,Autre collision,,,,,,,,,,,2,2,6,1,6
200600001599,0006-01-27 18:00:00,6,1,27,18,0,540,395,BONSECOURS (RUE DE),,,Nuit avec éclairage allumé,En agglomération,Hors intersection,Normale,Deux véhicules - arrière,,,,,,,,,,,5,2,1,1,2
200600001600,0006-01-28 11:00:00,6,1,28,11,0,540,395,LOBAU (BOULEVARD),,,Plein jour,En agglomération,Hors intersection,Normale,Deux véhicules - arrière,,,,,,,,,,,1,2,1,1,2
200600001601,0006-01-30 16:20:00,6,1,30,16,20,540,482,"1, MOZART (RUE)",,,Plein jour,En agglomération,Hors intersection,Normale,Deux véhicules - côté,,,,,,,,,,,1,2,1,1,3
200600001602,0006-01-25 20:00:00,6,1,25,20,0,540,395,BATAILLE (QUAI DE LA),,,Nuit avec éclairage allumé,En agglomération,Intersection en T,Normale,Deux véhicules - côté,,,,,,,,,,,5,2,3,1,3
200600001603,0006-01-31 08:00:00,6,1,31,8,0,540,274,REPUBLIQUE (RUE DE LA),,,Plein jour,En agglomération,Intersection en T,Normale,Deux véhicules - côté,,,,,,,,,,,1,2,3,1,3
200600001604,0006-01-25 18:10:00,6,1,25,18,10,540,395,PINCHARD (AVENUE OMBELLE,,,Plein jour,En agglomération,Hors intersection,Normale,Deux véhicules - côté,,,,,,,,,,,1,2,1,1,3
200600001605,0006-01-18 17:00:00,6,1,18,17,0,540,528,RD960,,,Plein jour,Hors agglomération,Hors intersection,Normale,Sans collision,,,,,,,,,,,1,1,1,1,7
200600001606,0006-01-20 21:10:00,6,1,20,21,10,540,528,PINTEVILLE (BOULEVARD),,,Nuit avec éclairage allumé,En agglomération,Intersection en T,Pluie légère,Deux véhicules - côté,,,,,,,,,,,5,2,3,2,3
200600001607,0006-01-26 13:20:00,6,1,26,13,20,540,528,CARDINAL TISSERANT (AVEN,,,Plein jour,En agglomération,Hors intersection,Neige / grêle,Deux véhicules - arrière,,,,,,,,,,,1,2,1,4,2
200600001608,0006-01-16 17:40:00,6,1,16,17,40,540,149,NATIONALE 52 (ROUTE),,,Nuit sans éclairage public,Hors agglomération,Hors intersection,Temps couvert,Deux véhicules - arrière,,,,,,,,,,,3,1,1,8,2
200600001609,0006-01-09 08:50:00,6,1,9,8,50,550,29,MARIZIER ( BOULEVARD ),,,Plein jour,En agglomération,Hors intersection,Normale,Deux véhicules - frontale,,,,,,,,,,,1,2,1,1,1
200600001610,0006-01-13 18:30:00,6,1,13,18,30,550,29,"38, BRADFER ( RUE ERNEST",,,Nuit avec éclairage allumé,En agglomération,Hors intersection,Normale,Autre collision,,,,,,,,,,,5,2,1,1,6
200600001611,0006-01-16 22:15:00,6,1,16,22,15,550,29,"66, POLVAL ( RUE DE )",,,Nuit avec éclairage allumé,En agglomération,Hors intersection,Pluie légère,Autre collision,,,,,,,,,,,5,2,1,2,6
200600001612,0006-01-18 12:25:00,6,1,18,12,25,550,29,"25, ROCHELLE ( BOULEVARD",,,Plein jour,En agglomération,Hors intersection,Pluie légère,Deux véhicules - côté,,,,,,,,,,,1,2,1,2,3
200600001613,0006-01-26 18:00:00,6,1,26,18,0,550,29,"18, BRADFER ( RUE ERNEST",,,Crépuscule ou aube,En agglomération,Hors intersection,Normale,Deux véhicules - côté,,,,,,,,,,,2,2,1,1,3
200600001614,0006-01-06 20:40:00,6,1,6,20,40,550,545,ARGONNE ( ROUTE DE L' ),,,Nuit sans éclairage public,Hors agglomération,Hors intersection,Temps couvert,Sans collision,,,,,,,,,,,3,1,1,8,7
200600001615,0006-01-09 18:55:00,6,1,9,18,55,550,545,DE GAULLE (AV DU GENERAL,,,Nuit avec éclairage allumé,En agglomération,Hors intersection,Temps couvert,Deux véhicules - arrière,,,,,,,,,,,5,2,1,8,2
200600001616,0006-01-23 16:30:00,6,1,23,16,30,550,545,VARINOT ( AVENUE DU ) RN,,,Plein jour,En agglomération,Intersection en X,Temps éblouissant,Deux véhicules - côté,,,,,,,,,,,1,2,2,7,3
200600001617,0006-01-01 11:33:00,6,1,1,11,33,560,162,"00, PENHER (ROUTE DU)",,,Nuit sans éclairage public,Hors agglomération,Hors intersection,Normale,Sans collision,,,,,,,,,,,3,1,1,1,7
200600001618,0006-01-01 18:48:00,6,1,1,18,48,560,98,"00, SAKHAROV (RUE  ANDRE",,,Nuit avec éclairage allumé,En agglomération,Hors intersection,Pluie légère,Deux véhicules - côté,,,,,,,,,,,5,2,1,2,3
200600001619,0006-01-03 08:03:00,6,1,3,8,3,560,121,"0, MONISTROL (RUE)",,,Nuit avec éclairage allumé,En agglomération,Intersection en X,Normale,Deux véhicules - côté,,,,,,,,,,,5,2,2,1,3
200600001620,0006-01-07 21:45:00,6,1,7,21,45,560,121,"08, TOULLEC (RUE  FRANCO",,,Nuit avec éclairage allumé,En agglomération,Giratoire,Normale,Sans collision,,,,,,,,,,,5,2,6,1,7
200600001621,0006-01-09 07:45:00,6,1,9,7,45,560,83,"00, REPUBLIQUE ( AV. DE",,,Nuit avec éclairage allumé,En agglomération,Intersection en T,Normale,Deux véhicules - côté,,,,,,,,,,,5,2,3,1,3
200600001622,0006-01-13 08:50:00,6,1,13,8,50,560,98,"95, GUESDES (RUE  JULES",,,Plein jour,En agglomération,Intersection en X,Normale,Autre collision,,,,,,,,,,,1,2,2,1,6
200600001623,0006-01-10 08:45:00,6,1,10,8,45,560,162,"00, KERVERNOIS",,,Plein jour,Hors agglomération,Hors intersection,Temps couvert,Deux véhicules - frontale,,,,,,,,,,,1,1,1,8,1
200600001624,0006-01-10 16:52:00,6,1,10,16,52,560,98,"00, BRIZEUX (RUE  AUGUST",,,Plein jour,En agglomération,Intersection en X,Normale,Deux véhicules - côté,,,,,,,,,,,1,2,2,1,3
200600001625,0006-01-10 20:26:00,6,1,10,20,26,560,121,LE LEVE ( ET IMP. FRANCO,,,Nuit avec éclairage allumé,En agglomération,Hors intersection,Normale,Autre collision,,,,,,,,,,,5,2,1,1,6
200600001626,0006-01-11 18:04:00,6,1,11,18,4,560,83,"00, KERIHOUAIS (RUE  DE",,,Crépuscule ou aube,En agglomération,Hors intersection,Normale,Deux véhicules - côté,,,,,,,,,,,2,2,1,1,3
200600001627,0006-01-12 08:06:00,6,1,12,8,6,560,162,"32, MOULIN DE GAILLEC (R",,,Crépuscule ou aube,En agglomération,Hors intersection,Pluie légère,Deux véhicules - côté,,,,,,,,,,,2,2,1,2,3
200600001628,0006-01-13 18:20:00,6,1,13,18,20,560,98,"00, KERGREIS (RUE  DE )",,,Crépuscule ou aube,En agglomération,Hors intersection,Pluie légère,Sans collision,,,,,,,,,,,2,2,1,2,7
200600001629,0006-01-15 19:13:00,6,1,15,19,13,560,121,"22, GAMBETTA (RUE LEON)",,,Nuit avec éclairage allumé,En agglomération,Hors intersection,Pluie légère,Autre collision,,,,,,,,,,,5,2,1,2,6
200600001630,0006-01-18 19:08:00,6,1,18,19,8,560,121,"27, SVOB ( BOULEVARD EMM",,,Nuit avec éclairage allumé,En agglomération,Hors intersection,Normale,Autre collision,,,,,,,,,,,5,2,1,1,6
200600001631,0006-01-19 11:06:00,6,1,19,11,6,560,98,"00, GUERN (RUE DE LA)",,,Plein jour,En agglomération,Intersection en X,Normale,Deux véhicules - côté,,,,,,,,,,,1,2,2,1,3
200600001632,0006-01-23 15:01:00,6,1,23,15,1,560,98,"00, CROIZAT ( AVE AMBROI",,,Plein jour,En agglomération,Intersection en T,Normale,Deux véhicules - côté,,,,,,,,,,,1,2,3,1,3
200600001633,0006-01-24 22:00:00,6,1,24,22,0,560,121,"00, PATRIE (RUE DE LA )",,,Nuit avec éclairage allumé,En agglomération,Intersection en T,Normale,Deux véhicules - côté,,,,,,,,,,,5,2,3,1,3
200600001634,0006-01-29 12:05:00,6,1,29,12,5,560,98,"00, JAURES (RUE  JEAN )",,,Plein jour,En agglomération,Intersection en X,Normale,Deux véhicules - côté,,,,,,,,,,,1,2,2,1,3
200600001635,0006-01-19 12:50:00,6,1,19,12,50,560,260,"24, MARCHAIS(PLACE MAURI",,,Plein jour,En agglomération,Hors intersection,Normale,Trois véhicules et plus - en chaîne,,,,,,,,,,,1,2,1,1,4
200600001636,0006-01-19 16:15:00,6,1,19,16,15,560,260,"23, REPUBLIQUE(PLACE DE",,,Plein jour,En agglomération,Hors intersection,Normale,Autre collision,,,,,,,,,,,1,2,1,1,6
200600001637,0006-01-06 08:00:00,6,1,6,8,0,560,260,"., PONTIVY(BOULEVARD DE)",,,Nuit avec éclairage allumé,En agglomération,Hors intersection,Normale,Autre collision,,,,,,,,,,,5,2,1,1,6
200600001638,0006-01-19 07:50:00,6,1,19,7,50,560,260,"., POMPIDOU(AVENUE GEORG",,,Crépuscule ou aube,En agglomération,Hors intersection,Normale,Deux véhicules - côté,,,,,,,,,,,2,2,1,1,3
200600001639,0006-01-24 11:30:00,6,1,24,11,30,560,260,"., MARCHAIS(PLACE MAURIC",,,Plein jour,En agglomération,Hors intersection,Normale,Deux véhicules - arrière,,,,,,,,,,,1,2,1,1,2
200600001640,0006-01-26 11:20:00,6,1,26,11,20,560,260,"61, HERRIOT(AVENUE EDOUA",,,Plein jour,En agglomération,Hors intersection,Normale,Sans collision,,,,,,,,,,,1,2,1,1,7
200600001641,0006-01-05 19:40:00,6,1,5,19,40,570,227,CD31E,,,Nuit avec éclairage allumé,En agglomération,Hors intersection,Pluie légère,Autre collision,,,,,,,,,,,5,2,1,2,6
200600001642,0006-01-13 11:10:00,6,1,13,11,10,570,227,CD32B,,,Plein jour,En agglomération,Intersection en X,Temps couvert,Autre collision,,,,,,,,,,,1,2,2,8,6
200600001643,0006-01-22 15:35:00,6,1,22,15,35,570,537,GAULLE(RUE GAL DE)DE LA,,,Plein jour,En agglomération,Intersection en T,Normale,Deux véhicules - côté,,,,,,,,,,,1,2,3,1,3
200600001644,0006-01-27 18:40:00,6,1,27,18,40,570,660,NATIONALE(RUE)R.SCHOENEC,,,Crépuscule ou aube,En agglomération,Intersection en X,Normale,Deux véhicules - arrière,,,,,,,,,,,2,2,2,1,2
200600001645,0006-01-10 17:45:00,6,1,10,17,45,570,591,"30, USINE (RUE DE L')",,,Nuit sans éclairage public,En agglomération,Intersection en T,Normale,Deux véhicules - côté,,,,,,,,,,,3,2,3,1,3
200600001646,0006-01-13 07:30:00,6,1,13,7,30,570,591,"10A, MONDON (RUE)",,,Nuit avec éclairage allumé,En agglomération,Hors intersection,Normale,Autre collision,,,,,,,,,,,5,2,1,1,6
200600001647,0006-01-31 10:30:00,6,1,31,10,30,570,19,CD 112F,,,Plein jour,En agglomération,Hors intersection,Normale,Sans collision,,,,,,,,,,,1,2,1,1,7
200600001648,0006-01-03 09:35:00,6,1,3,9,35,570,463,"93, ANDRE MALRAUX (AVENU",,,Plein jour,Hors agglomération,Hors intersection,Normale,Autre collision,,,,,,,,,,,1,1,1,1,6
200600001649,0006-01-06 13:25:00,6,1,6,13,25,570,751,"44, ROGET (RUE )",,,Plein jour,En agglomération,Hors intersection,Normale,Autre collision,,,,,,,,,,,1,2,1,1,6
200600001650,0006-01-10 12:55:00,6,1,10,12,55,570,463,"212, ANDRE MALRAUX (AVEN",,,Plein jour,En agglomération,Hors intersection,Normale,Autre collision,,,,,,,,,,,1,2,1,1,6
200600001651,0006-01-11 08:00:00,6,1,11,8,0,570,463,"25, LOTHAIRE (RUE )",,,Crépuscule ou aube,En agglomération,Hors intersection,Brouillard / fumée,Autre collision,,,,,,,,,,,2,2,1,5,6
200600001652,0006-01-12 18:58:00,6,1,12,18,58,570,463,"00, DEUX FONTAINES (AVEN",,,Nuit avec éclairage allumé,En agglomération,Intersection en X,Normale,Autre collision,,,,,,,,,,,5,2,2,1,6
200600001653,0006-01-14 16:50:00,6,1,14,16,50,570,463,"17, ROBERT SCHUMAN (AVEN",,,Plein jour,En agglomération,Hors intersection,Normale,Autre collision,,,,,,,,,,,1,2,1,1,6
200600001654,0006-01-17 05:15:00,6,1,17,5,15,570,463,"00, LYON (AVENUE DE )",,,Nuit avec éclairage allumé,En agglomération,Hors intersection,Pluie légère,Autre collision,,,,,,,,,,,5,2,1,2,6
200600001655,0006-01-17 21:00:00,6,1,17,21,0,570,463,"00, SENTE A MY (RUE )",,,Nuit avec éclairage allumé,En agglomération,Intersection en X,Pluie légère,Deux véhicules - côté,,,,,,,,,,,5,2,2,2,3
200600001656,0006-01-21 00:35:00,6,1,21,0,35,570,463,"31, FOCH (AVENUE )",,,Nuit avec éclairage allumé,En agglomération,Hors intersection,Temps couvert,Deux véhicules - arrière,,,,,,,,,,,5,2,1,8,2
200600001657,0006-01-21 12:55:00,6,1,21,12,55,570,463,"00, SAULCY (PLACE DU )",,,Plein jour,En agglomération,Intersection en X,Normale,Deux véhicules - côté,,,,,,,,,,,1,2,2,1,3
200600001658,0006-01-22 00:58:00,6,1,22,0,58,570,463,"00, ALSACE (BOULEVARD D'",,,Nuit avec éclairage allumé,En agglomération,Hors intersection,Normale,Autre collision,,,,,,,,,,,5,2,1,1,6
200600001659,0006-01-23 06:52:00,6,1,23,6,52,570,463,"62, PLAPPEVILLE (ROUTE D",,,Nuit avec éclairage allumé,En agglomération,Hors intersection,Normale,Autre collision,,,,,,,,,,,5,2,1,1,6
200600001660,0006-01-24 19:05:00,6,1,24,19,5,570,463,"00, EBLE (PONT )",,,Nuit avec éclairage allumé,En agglomération,Hors intersection,Normale,Autre collision,,,,,,,,,,,5,2,1,1,6
200600001661,0006-01-25 17:30:00,6,1,25,17,30,570,463,"119 bis, GEORGES DUCROCQ",,,Nuit avec éclairage allumé,En agglomération,Hors intersection,Normale,Autre collision,,,,,,,,,,,5,2,1,1,6
200600001662,0006-01-31 06:50:00,6,1,31,6,50,570,463,"00, FAUBOURG (RUE DU )",,,Nuit avec éclairage allumé,En agglomération,Intersection en Y,Normale,Deux véhicules - côté,,,,,,,,,,,5,2,4,1,3
200600001663,0006-01-31 10:25:00,6,1,31,10,25,570,463,"00, GRANDE ARMEE (RUE DE",,,Plein jour,En agglomération,Intersection en T,Normale,Autre collision,,,,,,,,,,,1,2,3,1,6
200600001664,0006-01-02 19:35:00,6,1,2,19,35,570,757,"55, NATIONALE (RUE)",,,Nuit avec éclairage allumé,En agglomération,Intersection en T,Normale,Autre collision,,,,,,,,,,,5,2,3,1,6
200600001665,0006-01-06 18:45:00,6,1,6,18,45,570,757,ROOSEVELT (RUE DU PRESID,,,Nuit avec éclairage allumé,En agglomération,Intersection en X,Normale,Autre collision,,,,,,,,,,,5,2,2,1,6
200600001666,0006-01-11 15:10:00,6,1,11,15,10,570,672,ELANGE (ROUTE D'),,,Plein jour,Hors agglomération,Hors intersection,Autre,Sans collision,,,,,,,,,,,1,1,1,9,7
200600001667,0006-01-16 22:25:00,6,1,16,22,25,570,672,ELANGE (ROUTE D'),,,Nuit sans éclairage public,Hors agglomération,Hors intersection,Pluie légère,Sans collision,,,,,,,,,,,3,1,1,2,7
200600001668,0006-01-06 15:00:00,6,1,6,15,0,570,12,"47A, FOCH (RUE)",,,Plein jour,En agglomération,Hors intersection,Temps couvert,Autre collision,,,,,,,,,,,1,2,1,8,6
200600001669,0006-01-17 18:00:00,6,1,17,18,0,570,672,"1, PAUL ALBERT (RUE) - P",,,Nuit avec éclairage allumé,En agglomération,Intersection en X,Pluie légère,Autre collision,,,,,,,,,,,5,2,2,2,6
200600001670,0006-01-04 14:15:00,6,1,4,14,15,570,672,"102, GAULLE (RUE CHARLES",,,Plein jour,En agglomération,Hors intersection,Normale,Deux véhicules - arrière,,,,,,,,,,,1,2,1,1,2
200600001671,0006-01-12 08:40:00,6,1,12,8,40,570,306,CD 17,,,Plein jour,Hors agglomération,Hors intersection,Brouillard / fumée,Deux véhicules - arrière,,,,,,,,,,,1,1,1,5,2
200600001672,0006-01-23 17:55:00,6,1,23,17,55,570,672,"1, GENERAL MANGIN (PLACE",,,Crépuscule ou aube,En agglomération,Intersection en X,Normale,Deux véhicules - côté,,,,,,,,,,,2,2,2,1,3
200600001673,0006-01-27 18:40:00,6,1,27,18,40,570,672,SAINT-MICHEL (MONTEE DU),,,Nuit avec éclairage allumé,Hors agglomération,Hors intersection,Normale,Autre collision,,,,,,,,,,,5,1,1,1,6
200600001674,0006-01-31 17:20:00,6,1,31,17,20,570,672,"31, ELANGE (ROUTE D')",,,Crépuscule ou aube,En agglomération,Hors intersection,Normale,Autre collision,,,,,,,,,,,2,2,1,1,6
200600001675,0006-01-07 00:55:00,6,1,7,0,55,580,194,RAVELIN,,,Nuit avec éclairage non allumé,En agglomération,Hors intersection,Pluie légère,Autre collision,,,,,,,,,,,4,2,1,2,6
200600001676,0006-01-05 18:10:00,6,1,5,18,10,580,194,HENRI BOUQUILLARD,,,Nuit avec éclairage allumé,En agglomération,Hors intersection,Pluie légère,Deux véhicules - frontale,,,,,,,,,,,5,2,1,2,1
200600001677,0006-01-03 07:50:00,6,1,3,7,50,580,194,MARECHAL LECLERC,,,Nuit avec éclairage allumé,En agglomération,Hors intersection,Normale,Autre collision,,,,,,,,,,,5,2,1,1,6
200600001678,0006-01-07 17:55:00,6,1,7,17,55,580,194,GENERAL DE GAULLE,,,Nuit avec éclairage allumé,En agglomération,Hors intersection,Pluie légère,Sans collision,,,,,,,,,,,5,2,1,2,7
200600001679,0006-01-06 12:15:00,6,1,6,12,15,580,194,"9, PETIT MOUESSE",,,Plein jour,En agglomération,Hors intersection,Normale,Deux véhicules - côté,,,,,,,,,,,1,2,1,1,3
200600001680,0006-01-11 07:25:00,6,1,11,7,25,580,194,MARINIERS (QUAI),,,Nuit avec éclairage allumé,En agglomération,Hors intersection,Autre,Sans collision,,,,,,,,,,,5,2,1,9,7
200600001681,0006-01-11 18:40:00,6,1,11,18,40,580,194,COLBERT,,,Nuit avec éclairage allumé,En agglomération,Intersection en T,Brouillard / fumée,Deux véhicules - côté,,,,,,,,,,,5,2,3,5,3
200600001682,0006-01-14 18:40:00,6,1,14,18,40,580,194,LEON BLUM,,,Nuit avec éclairage allumé,En agglomération,Hors intersection,Normale,Autre collision,,,,,,,,,,,5,2,1,1,6
200600001683,0006-01-18 19:30:00,6,1,18,19,30,580,194,"3bis, REINES DE POLOGNE",,,Nuit avec éclairage allumé,En agglomération,Intersection en T,Pluie légère,Autre collision,,,,,,,,,,,5,2,3,2,6
200600001684,0006-01-23 12:10:00,6,1,23,12,10,580,194,"69bis, PAUL VAILLANT COU",,,Plein jour,En agglomération,Hors intersection,Normale,Autre collision,,,,,,,,,,,1,2,1,1,6
200600001685,0006-01-07 14:25:00,6,1,7,14,25,590,143,"342, ROUTE NATIONALE (IM",,,Plein jour,En agglomération,Hors intersection,Normale,Deux véhicules - arrière,,,,,,,,,,,1,2,1,1,2
200600001686,0006-01-31 16:35:00,6,1,31,16,35,590,17,"1, SAINT VAAST (PLACE)",,,Plein jour,En agglomération,Hors intersection,Normale,Autre collision,,,,,,,,,,,1,2,1,1,6
200600001687,0006-01-12 21:15:00,6,1,12,21,15,590,33,ROGER SALENGRO (RUE),,,Nuit avec éclairage allumé,En agglomération,Hors intersection,Normale,Deux véhicules - arrière,,,,,,,,,,,5,2,1,1,2
200600001688,0006-01-15 12:55:00,6,1,15,12,55,590,43,"128, PHILIPPE VAN TIEGHE",,,Plein jour,En agglomération,Hors intersection,Normale,Autre collision,,,,,,,,,,,1,2,1,1,6
200600001689,0006-01-11 08:05:00,6,1,11,8,5,590,122,BRIAND (PLACE ARISTIDE),,,Nuit avec éclairage allumé,En agglomération,Place,Pluie légère,Autre collision,,,,,,,,,,,5,2,7,2,6
200600001690,0006-01-18 14:00:00,6,1,18,14,0,590,122,"516, PARIS (AVENUE DE)",,,Plein jour,En agglomération,Intersection en T,Normale,Autre collision,,,,,,,,,,,1,2,3,1,6