accident_id,datetime,annee,mois,jour,heure,minute,departement,commune_insee,adresse,latitude,longitude,luminosite,agglomeration,intersection,meteo,collision,nb_vehicules,nb_usagers,nb_indemnes,nb_tues,nb_blesses_hosp,nb_blesses_legers,age_cond_1,age_cond_2,veh_type_cond_1,veh_type_cond_2,lum_code,agg_code,int_code,atm_code,col_code
200600002212,0006-01-02 12:15:00,6,1,2,12,15,740,10,GARE (RUE DE LA)(SECTEUR,,,Plein jour,En agglomération,Hors intersection,Normale,Sans collision,,,,,,,,,,,1,2,1,1,7
200600002213,0006-01-09 07:55:00,6,1,9,7,55,740,10,PLAINE (AVENUE DE LA),,,Crépuscule ou aube,En agglomération,Intersection en T,Normale,Autre collision,,,,,,,,,,,2,2,3,1,6
200600002214,0006-01-11 21:45:00,6,1,11,21,45,740,10,MAVERIA,,,Nuit avec éclairage allumé,Hors agglomération,Intersection en X,Normale,Deux véhicules - côté,,,,,,,,,,,5,1,2,1,3
200600002215,0006-01-13 08:00:00,6,1,13,8,0,740,10,"3/5, BROGNY (AVENUE DE)",,,Plein jour,En agglomération,Hors intersection,Normale,Autre collision,,,,,,,,,,,1,2,1,1,6
200600002216,0006-01-26 07:50:00,6,1,26,7,50,740,93,CREUSES (ROUTE DES),,,Plein jour,En agglomération,Hors intersection,Normale,Autre collision,,,,,,,,,,,1,2,1,1,6
200600002217,0006-01-06 22:40:00,6,1,6,22,40,740,298,TANINGES (ROUTE DE ),,,Nuit avec éclairage allumé,En agglomération,Hors intersection,Normale,Autre collision,,,,,,,,,,,5,2,1,1,6
200600002218,0006-01-11 21:45:00,6,1,11,21,45,740,12,"28, LIVRON (ROUTE DE)",,,Nuit avec éclairage allumé,En agglomération,Hors intersection,Normale,Autre collision,,,,,,,,,,,5,2,1,1,6
200600002219,0006-01-13 15:35:00,6,1,13,15,35,740,305,BUCHILLONS (AVENUE DES),,,Plein jour,En agglomération,Hors intersection,Normale,Deux véhicules - frontale,,,,,,,,,,,1,2,1,1,1
200600002220,0006-01-20 14:29:00,6,1,20,14,29,740,12,GENEVE (RUE DE),,,Plein jour,En agglomération,Intersection en X,Normale,Deux véhicules - côté,,,,,,,,,,,1,2,2,1,3
200600002221,0006-01-20 10:55:00,6,1,20,10,55,740,8,"13, GENEVE (RUE DE)",,,Plein jour,En agglomération,Hors intersection,Normale,Autre collision,,,,,,,,,,,1,2,1,1,6
200600002222,0006-01-21 14:10:00,6,1,21,14,10,740,133,CHATEAU D'EAU (RUE DU),,,Plein jour,En agglomération,Hors intersection,Normale,Autre collision,,,,,,,,,,,1,2,1,1,6
200600002223,0006-01-31 19:50:00,6,1,31,19,50,740,12,FERRY (AVENUE JULES),,,Nuit sans éclairage public,En agglomération,Intersection en X,Normale,Deux véhicules - côté,,,,,,,,,,,3,2,2,1,3
200600002224,0006-01-26 16:00:00,6,1,26,16,0,740,12,THONON (ROUTE DE),,,Plein jour,En agglomération,Intersection en Y,Normale,Deux véhicules - côté,,,,,,,,,,,1,2,4,1,3
200600002225,0006-01-10 07:25:00,6,1,10,7,25,740,119,NOAILLES (AVENUE ANNA DE,,,Crépuscule ou aube,En agglomération,Hors intersection,Normale,Autre collision,,,,,,,,,,,2,2,1,1,6
200600002226,0006-01-25 08:55:00,6,1,25,8,55,740,13,"0, PRE-ROBERT SUD",,,Plein jour,En agglomération,Hors intersection,Normale,Autre collision,,,,,,,,,,,1,2,1,1,6
200600002227,0006-01-01 01:00:00,6,1,1,1,0,750,1,36 R ETIENNE MARCEL,,,Nuit avec éclairage allumé,En agglomération,Hors intersection,Pluie légère,Autre collision,,,,,,,,,,,5,2,1,2,6
200600002228,0006-01-01 17:55:00,6,1,1,17,55,750,11,PL LEON BLUM BD VOLTAIRE,,,Nuit avec éclairage allumé,En agglomération,Intersection en X,Temps couvert,Autre collision,,,,,,,,,,,5,2,2,8,6
200600002229,0006-01-02 19:21:00,6,1,2,19,21,750,16,R LEROUX AV VICTOR HUGO,,,Nuit avec éclairage allumé,En agglomération,Intersection en T,Normale,Trois véhicules et plus - collisions multiples,,,,,,,,,,,5,2,3,1,5
200600002230,0006-01-04 03:05:00,6,1,4,3,5,750,20,BD DAVOUT AV PTE DE MONT,,,Nuit avec éclairage allumé,En agglomération,Intersection en X,Pluie légère,Autre collision,,,,,,,,,,,5,2,2,2,6
200600002231,0006-01-04 20:50:00,6,1,4,20,50,750,20,R DE BELLEVILLE R HAXO,,,Nuit avec éclairage allumé,En agglomération,Intersection en X,Normale,Deux véhicules - côté,,,,,,,,,,,5,2,2,1,3
200600002232,0006-01-01 02:15:00,6,1,1,2,15,750,1,22 Q DU LOUVRE,,,Nuit avec éclairage allumé,En agglomération,Hors intersection,Pluie légère,Deux véhicules - côté,,,,,,,,,,,5,2,1,2,3
200600002233,0006-01-01 05:55:00,6,1,1,5,55,750,1,6 AV DE L OPERA,,,Nuit avec éclairage allumé,En agglomération,Hors intersection,Pluie légère,Deux véhicules - côté,,,,,,,,,,,5,2,1,2,3
200600002234,0006-01-01 11:45:00,6,1,1,11,45,750,19,106 AV DE FLANDRE,,,Plein jour,En agglomération,Hors intersection,Pluie légère,Autre collision,,,,,,,,,,,1,2,1,2,6
200600002235,0006-01-01 04:25:00,6,1,1,4,25,750,16,PL PORTE DE PASSY BD SUC,,,Nuit avec éclairage allumé,En agglomération,Intersection en X,Normale,Deux véhicules - côté,,,,,,,,,,,5,2,2,1,3
200600002236,0006-01-01 04:00:00,6,1,1,4,0,750,18,128 BD NEY,,,Nuit avec éclairage allumé,En agglomération,Hors intersection,Normale,Deux véhicules - arrière,,,,,,,,,,,5,2,1,1,2
200600002237,0006-01-02 18:40:00,6,1,2,18,40,750,8,R FRANCOIS IER R LINCOLN,,,Nuit avec éclairage allumé,En agglomération,Intersection en T,Normale,Autre collision,,,,,,,,,,,5,2,3,1,6
200600002238,0006-01-02 13:35:00,6,1,2,13,35,750,13,AV D ITALIE R DE TOLBIAC,,,Plein jour,En agglomération,Intersection en X,Normale,Deux véhicules - arrière,,,,,,,,,,,1,2,2,1,2
200600002239,0006-01-05 23:40:00,6,1,5,23,40,750,13,AV DE CHOISY R POINTE D,,,Nuit avec éclairage allumé,En agglomération,Intersection en T,Normale,Autre collision,,,,,,,,,,,5,2,3,1,6
200600002240,0006-01-02 03:35:00,6,1,2,3,35,750,11,PL DE LA REPUBLIQUE BD V,,,Nuit avec éclairage allumé,En agglomération,Intersection en T,Normale,Deux véhicules - côté,,,,,,,,,,,5,2,3,1,3
200600002241,0006-01-02 19:05:00,6,1,2,19,5,750,12,R FABRE EGLANTINE PL DE,,,Nuit avec éclairage allumé,En agglomération,Intersection en X,Normale,Autre collision,,,,,,,,,,,5,2,2,1,6
200600002242,0006-01-02 19:20:00,6,1,2,19,20,750,15,ALL FRERES VOISIN BD FRE,,,Nuit avec éclairage allumé,En agglomération,Intersection en T,Normale,Sans collision,,,,,,,,,,,5,2,3,1,7
200600002243,0006-01-02 19:45:00,6,1,2,19,45,750,15,R CROIX NIVERT R THEODOR,,,Nuit avec éclairage allumé,En agglomération,Intersection en X,Normale,Deux véhicules - côté,,,,,,,,,,,5,2,2,1,3
200600002244,0006-01-03 17:20:00,6,1,3,17,20,750,7,PL DE FINLANDE Q D ORSAY,,,Plein jour,En agglomération,Intersection en X,Normale,Deux véhicules - côté,,,,,,,,,,,1,2,2,1,3
200600002245,0006-01-03 14:00:00,6,1,3,14,0,750,7,6 BD DES INVALIDES,,,Plein jour,En agglomération,Hors intersection,Normale,Autre collision,,,,,,,,,,,1,2,1,1,6
200600002246,0006-01-03 08:10:00,6,1,3,8,10,750,10,108 R LA FAYETTE,,,Plein jour,En agglomération,Hors intersection,Normale,Autre collision,,,,,,,,,,,1,2,1,1,6
200600002247,0006-01-03 13:30:00,6,1,3,13,30,750,13,1 AV PORTE DE VITRY,,,Plein jour,En agglomération,Hors intersection,Normale,Deux véhicules - côté,,,,,,,,,,,1,2,1,1,3
200600002248,0006-01-03 08:40:00,6,1,3,8,40,750,18,28 R DES GARDES,,,Plein jour,En agglomération,Hors intersection,Temps couvert,Deux véhicules - frontale,,,,,,,,,,,1,2,1,8,1
200600002249,0006-01-02 17:30:00,6,1,2,17,30,750,18,96 AV DE SAINT OUEN,,,Nuit avec éclairage allumé,En agglomération,Hors intersection,Normale,Deux véhicules - côté,,,,,,,,,,,5,2,1,1,3
200600002250,0006-01-02 16:45:00,6,1,2,16,45,750,16,R LEROUX AV VICTOR HUGO,,,Plein jour,En agglomération,Intersection en T,Normale,Autre collision,,,,,,,,,,,1,2,3,1,6
200600002251,0006-01-03 21:00:00,6,1,3,21,0,750,8,R DE COURCELLES BD HAUSS,,,Nuit avec éclairage allumé,En agglomération,Intersection en X,Normale,Deux véhicules - côté,,,,,,,,,,,5,2,2,1,3
200600002252,0006-01-03 19:30:00,6,1,3,19,30,750,8,22 AV MONTAIGNE,,,Nuit avec éclairage allumé,En agglomération,Hors intersection,Normale,Autre collision,,,,,,,,,,,5,2,1,1,6
200600002253,0006-01-03 19:00:00,6,1,3,19,0,750,16,148 R DE LONGCHAMP,,,Nuit avec éclairage allumé,En agglomération,Hors intersection,Normale,Deux véhicules - frontale,,,,,,,,,,,5,2,1,1,1
200600002254,0006-01-03 15:20:00,6,1,3,15,20,750,18,R LEON R ORDENER,,,Plein jour,En agglomération,Intersection en T,Normale,Deux véhicules - côté,,,,,,,,,,,1,2,3,1,3
200600002255,0006-01-03 11:30:00,6,1,3,11,30,750,18,56 R DE TORCY,,,Plein jour,En agglomération,Hors intersection,Normale,Deux véhicules - côté,,,,,,,,,,,1,2,1,1,3
200600002256,0006-01-04 04:04:00,6,1,4,4,4,750,12,20 BD PONIATOWSKI,,,Nuit avec éclairage allumé,En agglomération,Hors intersection,Pluie légère,Deux véhicules - arrière,,,,,,,,,,,5,2,1,2,2
200600002257,0006-01-04 08:30:00,6,1,4,8,30,750,13,176 R DE TOLBIAC,,,Plein jour,En agglomération,Hors intersection,Pluie légère,Deux véhicules - côté,,,,,,,,,,,1,2,1,2,3
200600002258,0006-01-04 15:20:00,6,1,4,15,20,750,13,85 Q D AUSTERLITZ,,,Plein jour,En agglomération,Hors intersection,Temps couvert,Deux véhicules - arrière,,,,,,,,,,,1,2,1,8,2
200600002259,0006-01-04 10:50:00,6,1,4,10,50,750,14,138 BD DU MONTPARNASSE,,,Plein jour,En agglomération,Hors intersection,Pluie légère,Autre collision,,,,,,,,,,,1,2,1,2,6
200600002260,0006-01-04 10:25:00,6,1,4,10,25,750,14,R D ALESIA R R LOSSERAND,,,Plein jour,En agglomération,Intersection en X,Temps couvert,Autre collision,,,,,,,,,,,1,2,2,8,6
200600002261,0006-01-04 12:10:00,6,1,4,12,10,750,16,96 AV KLEBER,,,Plein jour,En agglomération,Hors intersection,Normale,Autre collision,,,,,,,,,,,1,2,1,1,6
200600002262,0006-01-07 02:20:00,6,1,7,2,20,750,19,131 BD DE LA VILLETTE,,,Nuit avec éclairage allumé,En agglomération,Hors intersection,Normale,Deux véhicules - côté,,,,,,,,,,,5,2,1,1,3
200600002263,0006-01-07 08:35:00,6,1,7,8,35,750,13,47 BD DE L HOPITAL,,,Plein jour,En agglomération,Hors intersection,Normale,Autre collision,,,,,,,,,,,1,2,1,1,6
200600002264,0006-01-08 04:00:00,6,1,8,4,0,750,19,R DE KABYLIE BD DE LA VI,,,Nuit avec éclairage allumé,En agglomération,Intersection en X,Normale,Deux véhicules - côté,,,,,,,,,,,5,2,2,1,3
200600002265,0006-01-08 18:00:00,6,1,8,18,0,750,16,L1420 RTE DAUPHINE SABLO,,,Nuit avec éclairage allumé,En agglomération,Hors intersection,Normale,Autre collision,,,,,,,,,,,5,2,1,1,6
200600002266,0006-01-09 02:12:00,6,1,9,2,12,750,13,58 R DE TOLBIAC,,,Nuit avec éclairage allumé,En agglomération,Hors intersection,Normale,Autre collision,,,,,,,,,,,5,2,1,1,6
200600002267,0006-01-03 16:40:00,6,1,3,16,40,750,19,328 R DE BELLEVILLE,,,Plein jour,En agglomération,Hors intersection,Normale,Deux véhicules - côté,,,,,,,,,,,1,2,1,1,3
200600002268,0006-01-04 13:30:00,6,1,4,13,30,750,15,48 R DU THEATRE,,,Plein jour,En agglomération,Hors intersection,Normale,Autre collision,,,,,,,,,,,1,2,1,1,6
200600002269,0006-01-04 22:58:00,6,1,4,22,58,750,15,R DESAIX R DE LA FEDERAT,,,Nuit avec éclairage allumé,En agglomération,Intersection en X,Normale,Autre collision,,,,,,,,,,,5,2,2,1,6
200600002270,0006-01-04 10:40:00,6,1,4,10,40,750,16,98 AV KLEBER,,,Plein jour,En agglomération,Hors intersection,Pluie légère,Deux véhicules - côté,,,,,,,,,,,1,2,1,2,3
200600002271,0006-01-09 15:00:00,6,1,9,15,0,750,20,122 BD MORTIER,,,Plein jour,En agglomération,Hors intersection,Temps couvert,Deux véhicules - côté,,,,,,,,,,,1,2,1,8,3
200600002272,0006-01-09 16:45:00,6,1,9,16,45,750,18,66 R STEPHENSON,,,Plein jour,En agglomération,Hors intersection,Normale,Autre collision,,,,,,,,,,,1,2,1,1,6
200600002273,0006-01-02 15:00:00,6,1,2,15,0,750,6,R MADAME R DE MEZIERES,,,Plein jour,En agglomération,Intersection en X,Normale,Autre collision,,,,,,,,,,,1,2,2,1,6
200600002274,0006-01-04 17:45:00,6,1,4,17,45,750,6,38 R GUYNEMER,,,Nuit avec éclairage allumé,En agglomération,Hors intersection,Normale,Autre collision,,,,,,,,,,,5,2,1,1,6
200600002275,0006-01-04 12:30:00,6,1,4,12,30,750,16,R BOIS LE VENT R BOULAIN,,,Plein jour,En agglomération,Intersection en X,Normale,Deux véhicules - côté,,,,,,,,,,,1,2,2,1,3
200600002276,0006-01-04 09:10:00,6,1,4,9,10,750,18,R PAJOL R DE TORCY,,,Plein jour,En agglomération,Intersection en X,Pluie légère,Deux véhicules - côté,,,,,,,,,,,1,2,2,2,3
200600002277,0006-01-05 17:45:00,6,1,5,17,45,750,6,9 Q MALAQUAIS,,,Nuit avec éclairage allumé,En agglomération,Hors intersection,Normale,Sans collision,,,,,,,,,,,5,2,1,1,7
200600002278,0006-01-03 00:20:00,6,1,3,0,20,750,13,ECH GENTILLY AV PIERRE C,,,Nuit avec éclairage allumé,En agglomération,Intersection en T,Normale,Deux véhicules - arrière,,,,,,,,,,,5,2,3,1,2
200600002279,0006-01-03 09:10:00,6,1,3,9,10,750,17,BD BERTHIER PL PAUL LEAU,,,Plein jour,En agglomération,Intersection à plus de 4 branches,Normale,Deux véhicules - côté,,,,,,,,,,,1,2,5,1,3
200600002280,0006-01-04 09:55:00,6,1,4,9,55,750,8,10 R BAYARD,,,Plein jour,En agglomération,Hors intersection,Pluie légère,Autre collision,,,,,,,,,,,1,2,1,2,6
200600002281,0006-01-04 09:05:00,6,1,4,9,5,750,8,54 R DE COURCELLES,,,Plein jour,En agglomération,Hors intersection,Normale,Autre collision,,,,,,,,,,,1,2,1,1,6
200600002282,0006-01-05 18:05:00,6,1,5,18,5,750,7,R DE LILLE BD SAINT GERM,,,Nuit avec éclairage allumé,En agglomération,Intersection en X,Normale,Deux véhicules - côté,,,,,,,,,,,5,2,2,1,3
200600002283,0006-01-06 17:05:00,6,1,6,17,5,750,13,22 AV DE CHOISY,,,Nuit avec éclairage allumé,En agglomération,Hors intersection,Normale,Deux véhicules - arrière,,,,,,,,,,,5,2,1,1,2
200600002284,0006-01-08 18:40:00,6,1,8,18,40,750,13,R DOCTEUR LAURENT AV D I,,,Nuit avec éclairage allumé,En agglomération,Intersection en T,Temps couvert,Deux véhicules - côté,,,,,,,,,,,5,2,3,8,3
200600002285,0006-01-02 21:10:00,6,1,2,21,10,750,17,14 AV DES TERNES,,,Nuit avec éclairage allumé,En agglomération,Hors intersection,Normale,Deux véhicules - arrière,,,,,,,,,,,5,2,1,1,2
200600002286,0006-01-04 18:55:00,6,1,4,18,55,750,17,R BOULAY AV DE CLICHY,,,Nuit avec éclairage allumé,En agglomération,Intersection en T,Normale,Autre collision,,,,,,,,,,,5,2,3,1,6
200600002287,0006-01-04 08:00:00,6,1,4,8,0,750,17,R JOUFFR D ABBANS AV DE,,,Nuit avec éclairage allumé,En agglomération,Intersection en X,Pluie légère,Autre collision,,,,,,,,,,,5,2,2,2,6
200600002288,0006-01-05 23:30:00,6,1,5,23,30,750,17,BD BESSIERES R GENERAL H,,,Nuit avec éclairage allumé,En agglomération,Intersection en Y,Normale,Deux véhicules - côté,,,,,,,,,,,5,2,4,1,3
200600002289,0006-01-05 20:55:00,6,1,5,20,55,750,8,24 AV DE WAGRAM,,,Nuit avec éclairage allumé,En agglomération,Hors intersection,Normale,Sans collision,,,,,,,,,,,5,2,1,1,7
200600002290,0006-01-06 08:35:00,6,1,6,8,35,750,18,ECH CHAPELLE AV PTE LA C,,,Plein jour,En agglomération,Intersection en Y,Normale,Deux véhicules - arrière,,,,,,,,,,,1,2,4,1,2
200600002291,0006-01-06 16:25:00,6,1,6,16,25,750,1,L1953 Q DES TUILERIES,,,Plein jour,En agglomération,Hors intersection,Pluie légère,Sans collision,,,,,,,,,,,1,2,1,2,7
200600002292,0006-01-06 16:50:00,6,1,6,16,50,750,9,14 BD MONTMARTRE,,,Plein jour,En agglomération,Hors intersection,Pluie légère,Autre collision,,,,,,,,,,,1,2,1,2,6
200600002293,0006-01-07 23:30:00,6,1,7,23,30,750,18,BD BARBES BD DE LA CHAPE,,,Nuit avec éclairage allumé,En agglomération,Intersection en X,Normale,Deux véhicules - côté,,,,,,,,,,,5,2,2,1,3
200600002294,0006-01-07 10:35:00,6,1,7,10,35,750,11,4 BD BEAUMARCHAIS,,,Plein jour,En agglomération,Hors intersection,Normale,Deux véhicules - arrière,,,,,,,,,,,1,2,1,1,2
200600002295,0006-01-07 13:15:00,6,1,7,13,15,750,3,2 R REAUMUR,,,Plein jour,En agglomération,Hors intersection,Normale,Deux véhicules - côté,,,,,,,,,,,1,2,1,1,3
200600002296,0006-01-07 04:30:00,6,1,7,4,30,750,7,64 AV LA BOURDONNAIS,,,Nuit avec éclairage allumé,En agglomération,Hors intersection,Normale,Autre collision,,,,,,,,,,,5,2,1,1,6
200600002297,0006-01-08 01:27:00,6,1,8,1,27,750,2,102 R REAUMUR,,,Nuit avec éclairage allumé,En agglomération,Hors intersection,Normale,Deux véhicules - côté,,,,,,,,,,,5,2,1,1,3
200600002298,0006-01-08 18:30:00,6,1,8,18,30,750,9,25 BD DE CLICHY,,,Nuit avec éclairage allumé,En agglomération,Hors intersection,Normale,Deux véhicules - côté,,,,,,,,,,,5,2,1,1,3
200600002299,0006-01-08 04:15:00,6,1,8,4,15,750,7,L7578 BRETELLE SORTIE VE,,,Nuit avec éclairage allumé,En agglomération,Hors intersection,Normale,Autre collision,,,,,,,,,,,5,2,1,1,6
200600002300,0006-01-08 00:10:00,6,1,8,0,10,750,1,R DES BONS ENFANTS R SAI,,,Nuit avec éclairage allumé,En agglomération,Intersection en T,Normale,Deux véhicules - côté,,,,,,,,,,,5,2,3,1,3
200600002301,0006-01-08 17:40:00,6,1,8,17,40,750,11,100 R OBERKAMPF,,,Nuit avec éclairage allumé,En agglomération,Hors intersection,Normale,Autre collision,,,,,,,,,,,5,2,1,1,6
200600002302,0006-01-08 18:00:00,6,1,8,18,0,750,9,BD DES CAPUCINES R CAUMA,,,Nuit avec éclairage allumé,En agglomération,Intersection à plus de 4 branches,Normale,Deux véhicules - côté,,,,,,,,,,,5,2,5,1,3
200600002303,0006-01-13 07:40:00,6,1,13,7,40,750,13,5 BD DE L HOPITAL,,,Nuit avec éclairage allumé,En agglomération,Hors intersection,Normale,Autre collision,,,,,,,,,,,5,2,1,1,6
200600002304,0006-01-01 06:00:00,6,1,1,6,0,750,12,R FG SAINT ANTOINE AV LE,,,Nuit avec éclairage allumé,En agglomération,Intersection en X,Temps couvert,Autre collision,,,,,,,,,,,5,2,2,8,6
200600002305,0006-01-01 03:40:00,6,1,1,3,40,750,8,AV CHAMPS ELYSEES AV DE,,,Nuit avec éclairage allumé,En agglomération,Intersection en X,Temps couvert,Deux véhicules - côté,,,,,,,,,,,5,2,2,8,3
200600002306,0006-01-03 13:20:00,6,1,3,13,20,750,12,PL DE LA NATION AV DU TR,,,Plein jour,En agglomération,Intersection en X,Normale,Autre collision,,,,,,,,,,,1,2,2,1,6
200600002307,0006-01-04 09:05:00,6,1,4,9,5,750,12,100 R DE REUILLY,,,Plein jour,En agglomération,Hors intersection,Normale,Autre collision,,,,,,,,,,,1,2,1,1,6
200600002308,0006-01-05 21:15:00,6,1,5,21,15,750,8,BD DE COURCELLES BD MALE,,,Nuit avec éclairage allumé,En agglomération,Intersection en X,Normale,Sans collision,,,,,,,,,,,5,2,2,1,7
200600002309,0006-01-05 19:30:00,6,1,5,19,30,750,8,L7672 VERD PT ALMA PT IN,,,Nuit avec éclairage allumé,En agglomération,Hors intersection,Normale,Trois véhicules et plus - collisions multiples,,,,,,,,,,,5,2,1,1,5
200600002310,0006-01-05 07:35:00,6,1,5,7,35,750,12,78 R DE PICPUS,,,Nuit avec éclairage allumé,En agglomération,Hors intersection,Normale,Autre collision,,,,,,,,,,,5,2,1,1,6
200600002311,0006-01-05 00:01:00,6,1,5,0,1,750,12,L12071 Q DE LA RAPEE,,,Nuit avec éclairage allumé,En agglomération,Hors intersection,Normale,Sans collision,,,,,,,,,,,5,2,1,1,7
200600002312,0006-01-13 18:15:00,6,1,13,18,15,750,7,PL DES INVALIDES R P BLE,,,Nuit avec éclairage allumé,En agglomération,Intersection en X,Normale,Deux véhicules - côté,,,,,,,,,,,5,2,2,1,3
200600002313,0006-01-15 18:10:00,6,1,15,18,10,750,12,AV DE GRAVELLE RTE DES B,,,Nuit avec éclairage allumé,En agglomération,Intersection en Y,Normale,Autre collision,,,,,,,,,,,5,2,4,1,6
200600002314,0006-01-15 18:15:00,6,1,15,18,15,750,19,34 R CRIMEE,,,Nuit avec éclairage allumé,En agglomération,Hors intersection,Normale,Sans collision,,,,,,,,,,,5,2,1,1,7
200600002315,0006-01-15 20:45:00,6,1,15,20,45,750,11,AV DE BOUVINES PL DE LA,,,Nuit avec éclairage allumé,En agglomération,Intersection en T,Normale,Autre collision,,,,,,,,,,,5,2,3,1,6
200600002316,0006-01-06 19:40:00,6,1,6,19,40,750,8,AV CHAMPS ELYSEES PL DE,,,Nuit avec éclairage allumé,En agglomération,Intersection en T,Normale,Deux véhicules - côté,,,,,,,,,,,5,2,3,1,3
200600002317,0006-01-06 06:40:00,6,1,6,6,40,750,8,BD MALESHERBES R DE MIRO,,,Nuit avec éclairage allumé,En agglomération,Intersection en X,Normale,Autre collision,,,,,,,,,,,5,2,2,1,6
200600002318,0006-01-06 10:40:00,6,1,6,10,40,750,8,BD  DES BATIGNOLLES R CL,,,Plein jour,En agglomération,Intersection en X,Temps couvert,Deux véhicules - arrière,,,,,,,,,,,1,2,2,8,2
200600002319,0006-01-06 19:05:00,6,1,6,19,5,750,17,BD PEREIRE PL DE WAGRAM,,,Nuit avec éclairage allumé,En agglomération,Intersection en X,Temps couvert,Autre collision,,,,,,,,,,,5,2,2,8,6
200600002320,0006-01-07 19:25:00,6,1,7,19,25,750,8,PT ALEXANDRE III CRS LA,,,Nuit avec éclairage allumé,En agglomération,Intersection en T,Normale,Deux véhicules - côté,,,,,,,,,,,5,2,3,1,3
200600002321,0006-01-07 09:26:00,6,1,7,9,26,750,8,AV CHAMPS ELYSEES  PL CH,,,Plein jour,En agglomération,Intersection en T,Normale,Sans collision,,,,,,,,,,,1,2,3,1,7
200600002322,0006-01-07 11:05:00,6,1,7,11,5,750,17,2 BD DE COURCELLES,,,Plein jour,En agglomération,Hors intersection,Normale,Autre collision,,,,,,,,,,,1,2,1,1,6
200600002323,0006-01-07 11:07:00,6,1,7,11,7,750,15,30 BD GL MARTIAL VALIN,,,Plein jour,En agglomération,Hors intersection,Normale,Deux véhicules - côté,,,,,,,,,,,1,2,1,1,3
200600002324,0006-01-07 00:25:00,6,1,7,0,25,750,17,98 AV DE VILLIERS,,,Nuit avec éclairage allumé,En agglomération,Hors intersection,Normale,Deux véhicules - côté,,,,,,,,,,,5,2,1,1,3
200600002325,0006-01-07 19:10:00,6,1,7,19,10,750,17,54 BD DES BATIGNOLLES,,,Nuit avec éclairage allumé,En agglomération,Hors intersection,Normale,Autre collision,,,,,,,,,,,5,2,1,1,6
200600002326,0006-01-07 19:00:00,6,1,7,19,0,750,17,BD DE COURCELLES R DE CO,,,Nuit avec éclairage allumé,En agglomération,Intersection en X,Normale,Deux véhicules - côté,,,,,,,,,,,5,2,2,1,3
200600002327,0006-01-08 14:00:00,6,1,8,14,0,750,15,R LABROUSTE R DE VOUILLE,,,Plein jour,En agglomération,Intersection en X,Normale,Autre collision,,,,,,,,,,,1,2,2,1,6
200600002328,0006-01-09 07:50:00,6,1,9,7,50,750,13,PL DOCTEUR YERSIN AV POR,,,Nuit avec éclairage allumé,En agglomération,Intersection en X,Pluie légère,Deux véhicules - côté,,,,,,,,,,,5,2,2,2,3
200600002329,0006-01-09 09:15:00,6,1,9,9,15,750,13,190 R DE TOLBIAC,,,Plein jour,En agglomération,Hors intersection,Normale,Deux véhicules - côté,,,,,,,,,,,1,2,1,1,3
200600002330,0006-01-09 07:40:00,6,1,9,7,40,750,16,R DE TRAKTIR AV VICTOR H,,,Crépuscule ou aube,En agglomération,Intersection en T,Normale,Deux véhicules - côté,,,,,,,,,,,2,2,3,1,3
200600002331,0006-01-09 13:35:00,6,1,9,13,35,750,16,R FAISANDERIE R DE LONGC,,,Plein jour,En agglomération,Intersection en X,Normale,Deux véhicules - côté,,,,,,,,,,,1,2,2,1,3
200600002332,0006-01-16 21:40:00,6,1,16,21,40,750,18,54 BD DE CLICHY,,,Nuit avec éclairage allumé,En agglomération,Hors intersection,Normale,Deux véhicules - côté,,,,,,,,,,,5,2,1,1,3
200600002333,0006-01-16 23:10:00,6,1,16,23,10,750,17,40 BD BERTHIER,,,Nuit avec éclairage allumé,En agglomération,Hors intersection,Normale,Autre collision,,,,,,,,,,,5,2,1,1,6
200600002334,0006-01-01 05:40:00,6,1,1,5,40,750,5,63 BD SAINT MICHEL,,,Nuit avec éclairage allumé,En agglomération,Hors intersection,Normale,Autre collision,,,,,,,,,,,5,2,1,1,6
200600002335,0006-01-01 17:13:00,6,1,1,17,13,750,20,2 PL MARTIN NADAUD,,,Nuit avec éclairage allumé,En agglomération,Hors intersection,Pluie légère,Autre collision,,,,,,,,,,,5,2,1,2,6
200600002336,0006-01-01 19:45:00,6,1,1,19,45,750,20,R E MENILMONTANT R JULIE,,,Nuit avec éclairage allumé,En agglomération,Intersection en X,Pluie légère,Sans collision,,,,,,,,,,,5,2,2,2,7
200600002337,0006-01-01 02:05:00,6,1,1,2,5,750,20,AV GAMBETTA PL GAMBETTA,,,Nuit avec éclairage allumé,En agglomération,Intersection en T,Normale,Deux véhicules - arrière,,,,,,,,,,,5,2,3,1,2
200600002338,0006-01-02 21:59:00,6,1,2,21,59,750,20,R LOUIS LUMIERE AV PORTE,,,Nuit avec éclairage allumé,En agglomération,Intersection en T,Normale,Autre collision,,,,,,,,,,,5,2,3,1,6
200600002339,0006-01-05 12:20:00,6,1,5,12,20,750,10,14 FG SAINT DENIS,,,Plein jour,En agglomération,Hors intersection,Neige / grêle,Autre collision,,,,,,,,,,,1,2,1,4,6
200600002340,0006-01-05 10:35:00,6,1,5,10,35,750,20,22 R RAMPONEAU,,,Plein jour,En agglomération,Hors intersection,Neige / grêle,Autre collision,,,,,,,,,,,1,2,1,4,6
200600002341,0006-01-06 23:40:00,6,1,6,23,40,750,6,R D ASSAS AV OBSERVATOIR,,,Nuit avec éclairage allumé,En agglomération,Intersection en Y,Normale,Deux véhicules - côté,,,,,,,,,,,5,2,4,1,3
200600002342,0006-01-06 13:20:00,6,1,6,13,20,750,19,AV JEAN JAURES SEN DES D,,,Plein jour,En agglomération,Intersection en T,Normale,Deux véhicules - côté,,,,,,,,,,,1,2,3,1,3
200600002343,0006-01-06 08:45:00,6,1,6,8,45,750,20,14 R DE BELLEVILLE,,,Plein jour,En agglomération,Hors intersection,Normale,Sans collision,,,,,,,,,,,1,2,1,1,7