accident_id,datetime,annee,mois,jour,heure,minute,departement,commune_insee,adresse,latitude,longitude,luminosite,agglomeration,intersection,meteo,collision,nb_vehicules,nb_usagers,nb_indemnes,nb_tues,nb_blesses_hosp,nb_blesses_legers,age_cond_1,age_cond_2,veh_type_cond_1,veh_type_cond_2,lum_code,agg_code,int_code,atm_code,col_code
200600002476,0006-01-13 14:59:00,6,1,13,14,59,750,13,3 BD DE L HOPITAL,,,Plein jour,En agglomération,Hors intersection,Normale,Autre collision,,,,,,,,,,,1,2,1,1,6
200600002477,0006-01-13 18:33:00,6,1,13,18,33,750,13,8 AV PORTE DE CHOISY,,,Nuit avec éclairage allumé,En agglomération,Hors intersection,Normale,Deux véhicules - côté,,,,,,,,,,,5,2,1,1,3
200600002478,0006-01-13 18:25:00,6,1,13,18,25,750,15,R MAUBLANC R DE VAUGIRAR,,,Nuit avec éclairage allumé,En agglomération,Intersection en T,Normale,Deux véhicules - côté,,,,,,,,,,,5,2,3,1,3
200600002479,0006-01-14 00:20:00,6,1,14,0,20,750,15,190 R DE LA CONVENTION,,,Nuit avec éclairage allumé,En agglomération,Hors intersection,Normale,Deux véhicules - côté,,,,,,,,,,,5,2,1,1,3
200600002480,0006-01-14 13:20:00,6,1,14,13,20,750,18,BD DE CLICHY R LEPIC,,,Plein jour,En agglomération,Intersection en Y,Normale,Deux véhicules - côté,,,,,,,,,,,1,2,4,1,3
200600002481,0006-01-13 08:35:00,6,1,13,8,35,750,18,SOU CLIGNANCOURT,,,Plein jour,En agglomération,Hors intersection,Normale,Autre collision,,,,,,,,,,,1,2,1,1,6
200600002482,0006-01-14 15:00:00,6,1,14,15,0,750,6,124 BD SAINT GERMAIN,,,Plein jour,En agglomération,Hors intersection,Normale,Deux véhicules - côté,,,,,,,,,,,1,2,1,1,3
200600002483,0006-01-14 11:00:00,6,1,14,11,0,750,6,R MADAME R DE VAUGIRARD,,,Plein jour,En agglomération,Intersection en X,Normale,Autre collision,,,,,,,,,,,1,2,2,1,6
200600002484,0006-01-14 16:10:00,6,1,14,16,10,750,8,R LA BOETIE R FG SAINT H,,,Plein jour,En agglomération,Intersection en X,Normale,Deux véhicules - côté,,,,,,,,,,,1,2,2,1,3
200600002485,0006-01-14 15:40:00,6,1,14,15,40,750,9,64 R DE MAUBEUGE,,,Plein jour,En agglomération,Hors intersection,Normale,Autre collision,,,,,,,,,,,1,2,1,1,6
200600002486,0006-01-25 19:55:00,6,1,25,19,55,750,15,R EMERIAU R LINOIS,,,Nuit avec éclairage allumé,En agglomération,Intersection en T,Normale,Deux véhicules - côté,,,,,,,,,,,5,2,3,1,3
200600002487,0006-01-25 19:20:00,6,1,25,19,20,750,15,PL COMTAT VENAISSIN,,,Nuit avec éclairage allumé,En agglomération,Hors intersection,Normale,Autre collision,,,,,,,,,,,5,2,1,1,6
200600002488,0006-01-14 00:10:00,6,1,14,0,10,750,13,R BRUNESEAU Q D IVRY,,,Nuit avec éclairage allumé,En agglomération,Intersection en T,Normale,Sans collision,,,,,,,,,,,5,2,3,1,7
200600002489,0006-01-14 08:20:00,6,1,14,8,20,750,13,R DE LA VIGERIE R SIMONE,,,Plein jour,En agglomération,Intersection en X,Normale,Autre collision,,,,,,,,,,,1,2,2,1,6
200600002490,0006-01-15 18:20:00,6,1,15,18,20,750,7,VERG PT ALEXANDRE III PT,,,Nuit avec éclairage allumé,En agglomération,Hors intersection,Normale,Deux véhicules - côté,,,,,,,,,,,5,2,1,1,3
200600002491,0006-01-15 12:40:00,6,1,15,12,40,750,10,R DU CHATEAU D EAU BD DE,,,Plein jour,En agglomération,Intersection en X,Normale,Deux véhicules - arrière,,,,,,,,,,,1,2,2,1,2
200600002492,0006-01-15 15:30:00,6,1,15,15,30,750,20,BD DE BELLEVILLE R ETIEN,,,Plein jour,En agglomération,Intersection en T,Normale,Autre collision,,,,,,,,,,,1,2,3,1,6
200600002493,0006-01-16 17:20:00,6,1,16,17,20,750,1,R SAINT HONORE R DE VALO,,,Nuit avec éclairage allumé,En agglomération,Intersection en T,Pluie forte,Deux véhicules - côté,,,,,,,,,,,5,2,3,3,3
200600002494,0006-01-16 08:45:00,6,1,16,8,45,750,5,R DES CARMES R DES ECOLE,,,Plein jour,En agglomération,Intersection en X,Normale,Sans collision,,,,,,,,,,,1,2,2,1,7
200600002495,0006-01-16 17:38:00,6,1,16,17,38,750,8,R DE NAPLES R DU ROCHER,,,Nuit avec éclairage allumé,En agglomération,Intersection en X,Normale,Deux véhicules - côté,,,,,,,,,,,5,2,2,1,3
200600002496,0006-01-16 10:10:00,6,1,16,10,10,750,9,32 BD POISSONNIERE,,,Plein jour,En agglomération,Hors intersection,Normale,Deux véhicules - arrière,,,,,,,,,,,1,2,1,1,2
200600002497,0006-01-16 12:55:00,6,1,16,12,55,750,10,202 R FG SAINT MARTIN,,,Plein jour,En agglomération,Hors intersection,Normale,Deux véhicules - côté,,,,,,,,,,,1,2,1,1,3
200600002498,0006-01-16 14:55:00,6,1,16,14,55,750,10,168 R FG SAINT MARTIN,,,Plein jour,En agglomération,Hors intersection,Normale,Deux véhicules - côté,,,,,,,,,,,1,2,1,1,3
200600002499,0006-01-16 13:20:00,6,1,16,13,20,750,16,L10432 AV MAHATMA GANDHI,,,Plein jour,En agglomération,Hors intersection,Normale,Deux véhicules - côté,,,,,,,,,,,1,2,1,1,3
200600002500,0006-01-16 17:30:00,6,1,16,17,30,750,11,R DE CHARONNE BD VOLTAIR,,,Nuit avec éclairage allumé,En agglomération,Intersection en X,Pluie légère,Deux véhicules - côté,,,,,,,,,,,5,2,2,2,3
200600002501,0006-01-16 13:25:00,6,1,16,13,25,750,11,136 BD VOLTAIRE,,,Plein jour,En agglomération,Hors intersection,Temps couvert,Autre collision,,,,,,,,,,,1,2,1,8,6
200600002502,0006-01-27 11:50:00,6,1,27,11,50,750,1,3 Q DE L HORLOGE,,,Plein jour,En agglomération,Hors intersection,Normale,Deux véhicules - côté,,,,,,,,,,,1,2,1,1,3
200600002503,0006-01-28 02:10:00,6,1,28,2,10,750,13,BPE GARE BERCY,,,Nuit avec éclairage allumé,En agglomération,Hors intersection,Normale,Deux véhicules - arrière,,,,,,,,,,,5,2,1,1,2
200600002504,0006-01-28 04:10:00,6,1,28,4,10,750,17,R JOUFFR D ABBANS R DE S,,,Nuit avec éclairage allumé,En agglomération,Intersection en X,Normale,Deux véhicules - côté,,,,,,,,,,,5,2,2,1,3
200600002505,0006-01-30 05:40:00,6,1,30,5,40,750,17,R DE TILSITT AV DE WAGRA,,,Nuit avec éclairage allumé,En agglomération,Intersection en X,Normale,Deux véhicules - côté,,,,,,,,,,,5,2,2,1,3
200600002506,0006-01-16 22:10:00,6,1,16,22,10,750,13,7 Q D AUSTERLITZ,,,Nuit avec éclairage allumé,En agglomération,Hors intersection,Temps couvert,Autre collision,,,,,,,,,,,5,2,1,8,6
200600002507,0006-01-16 17:45:00,6,1,16,17,45,750,14,118 R DE L OUEST,,,Nuit avec éclairage allumé,En agglomération,Hors intersection,Pluie légère,Autre collision,,,,,,,,,,,5,2,1,2,6
200600002508,0006-01-16 19:40:00,6,1,16,19,40,750,17,R  LA CONDAMINE R NOLLET,,,Nuit avec éclairage allumé,En agglomération,Intersection en X,Normale,Deux véhicules - côté,,,,,,,,,,,5,2,2,1,3
200600002509,0006-01-16 08:10:00,6,1,16,8,10,750,20,BD DAVOUT R NOEL BALLAY,,,Plein jour,En agglomération,Intersection en T,Normale,Deux véhicules - côté,,,,,,,,,,,1,2,3,1,3
200600002510,0006-01-17 10:10:00,6,1,17,10,10,750,1,SOU TRANSIT HALLES,,,Plein jour,En agglomération,Hors intersection,Pluie légère,Sans collision,,,,,,,,,,,1,2,1,2,7
200600002511,0006-01-17 10:10:00,6,1,17,10,10,750,5,R CARDINAL LEMOINE BD SA,,,Plein jour,En agglomération,Intersection en X,Pluie légère,Deux véhicules - côté,,,,,,,,,,,1,2,2,2,3
200600002512,0006-01-17 16:50:00,6,1,17,16,50,750,5,R LE GOFF R SOUFFLOT,,,Plein jour,En agglomération,Intersection en T,Pluie légère,Autre collision,,,,,,,,,,,1,2,3,2,6
200600002513,0006-01-17 15:52:00,6,1,17,15,52,750,6,122 R DE RENNES,,,Plein jour,En agglomération,Hors intersection,Pluie légère,Sans collision,,,,,,,,,,,1,2,1,2,7
200600002514,0006-01-17 08:45:00,6,1,17,8,45,750,7,PT DE LA CONCORDE Q D OR,,,Crépuscule ou aube,En agglomération,Intersection en T,Pluie légère,Deux véhicules - côté,,,,,,,,,,,2,2,3,2,3
200600002515,0006-01-17 07:00:00,6,1,17,7,0,750,7,22 R DE SEVRES,,,Nuit avec éclairage allumé,En agglomération,Hors intersection,Pluie légère,Autre collision,,,,,,,,,,,5,2,1,2,6
200600002516,0006-01-17 11:35:00,6,1,17,11,35,750,10,51 BD DE LA CHAPELLE,,,Plein jour,En agglomération,Hors intersection,Pluie légère,Deux véhicules - côté,,,,,,,,,,,1,2,1,2,3
200600002517,0006-01-17 16:00:00,6,1,17,16,0,750,10,PL FRANZ LISZT R LA FAYE,,,Plein jour,En agglomération,Intersection en X,Pluie légère,Deux véhicules - côté,,,,,,,,,,,1,2,2,2,3
200600002518,0006-01-17 17:00:00,6,1,17,17,0,750,10,22 R BEAUREPAIRE,,,Crépuscule ou aube,En agglomération,Hors intersection,Pluie légère,Deux véhicules - arrière,,,,,,,,,,,2,2,1,2,2
200600002519,0006-01-17 21:04:00,6,1,17,21,4,750,10,PL BT DE STALINGRAD R LA,,,Nuit avec éclairage allumé,En agglomération,Intersection en X,Normale,Deux véhicules - côté,,,,,,,,,,,5,2,2,1,3
200600002520,0006-01-17 08:15:00,6,1,17,8,15,750,11,12 R FAIDHERBE,,,Plein jour,En agglomération,Hors intersection,Pluie légère,Autre collision,,,,,,,,,,,1,2,1,2,6
200600002521,0006-01-17 18:58:00,6,1,17,18,58,750,11,80 R OBERKAMPF,,,Nuit avec éclairage allumé,En agglomération,Hors intersection,Pluie légère,Autre collision,,,,,,,,,,,5,2,1,2,6
200600002522,0006-01-17 08:35:00,6,1,17,8,35,750,13,ECH ITALIE AV PORTE D IT,,,Plein jour,En agglomération,Intersection en T,Pluie légère,Autre collision,,,,,,,,,,,1,2,3,2,6
200600002523,0006-01-17 09:27:00,6,1,17,9,27,750,14,110 AV DENF ROCHEREAU,,,Plein jour,En agglomération,Hors intersection,Pluie légère,Deux véhicules - côté,,,,,,,,,,,1,2,1,2,3
200600002524,0006-01-17 10:00:00,6,1,17,10,0,750,14,R ALPHONSE DAUDET AV GEN,,,Plein jour,En agglomération,Intersection en T,Pluie légère,Sans collision,,,,,,,,,,,1,2,3,2,7
200600002525,0006-01-17 11:40:00,6,1,17,11,40,750,15,R CAMBRONNE R DE VAUGIRA,,,Plein jour,En agglomération,Intersection en X,Pluie légère,Autre collision,,,,,,,,,,,1,2,2,2,6
200600002526,0006-01-17 11:10:00,6,1,17,11,10,750,16,R NARCISSE DIAZ AV DE VE,,,Plein jour,En agglomération,Intersection en T,Pluie légère,Deux véhicules - côté,,,,,,,,,,,1,2,3,2,3
200600002527,0006-01-17 09:40:00,6,1,17,9,40,750,16,20 Q LOUIS BLERIOT,,,Plein jour,En agglomération,Hors intersection,Pluie légère,Autre collision,,,,,,,,,,,1,2,1,2,6
200600002528,0006-01-17 22:30:00,6,1,17,22,30,750,16,4 AV FOCH,,,Nuit avec éclairage allumé,En agglomération,Hors intersection,Normale,Trois véhicules et plus - en chaîne,,,,,,,,,,,5,2,1,1,4
200600002529,0006-01-17 18:00:00,6,1,17,18,0,750,16,R FRANCOIS MILLET R LA F,,,Nuit avec éclairage allumé,En agglomération,Intersection en T,Pluie légère,Autre collision,,,,,,,,,,,5,2,3,2,6
200600002530,0006-01-17 16:45:00,6,1,17,16,45,750,17,2 PL PORTE MAILLOT,,,Plein jour,En agglomération,Hors intersection,Pluie légère,Sans collision,,,,,,,,,,,1,2,1,2,7
200600002531,0006-01-17 16:30:00,6,1,17,16,30,750,17,50 AV GRANDE ARMEE,,,Plein jour,En agglomération,Hors intersection,Pluie légère,Deux véhicules - arrière,,,,,,,,,,,1,2,1,2,2
200600002532,0006-01-31 11:35:00,6,1,31,11,35,750,19,40 AV SECRETAN,,,Plein jour,En agglomération,Hors intersection,Normale,Autre collision,,,,,,,,,,,1,2,1,1,6
200600002533,0006-01-12 03:50:00,6,1,12,3,50,750,14,BPE VANVES CHATILLON,,,Nuit avec éclairage allumé,En agglomération,Hors intersection,Temps couvert,Autre collision,,,,,,,,,,,5,2,1,8,6
200600002534,0006-01-12 08:10:00,6,1,12,8,10,750,18,BPE CHAPELLE CLIGNANCOUR,,,Plein jour,En agglomération,Hors intersection,Normale,Sans collision,,,,,,,,,,,1,2,1,1,7
200600002535,0006-01-31 17:05:00,6,1,31,17,5,750,19,62 R DE BELLEVILLE,,,Plein jour,En agglomération,Hors intersection,Normale,Autre collision,,,,,,,,,,,1,2,1,1,6
200600002536,0006-01-16 17:25:00,6,1,16,17,25,750,16,BPI ST CLOUD MOLITOR,,,Nuit avec éclairage allumé,En agglomération,Hors intersection,Normale,Autre collision,,,,,,,,,,,5,2,1,1,6
200600002537,0006-01-18 15:10:00,6,1,18,15,10,750,3,33 R DE TURBIGO,,,Plein jour,En agglomération,Hors intersection,Temps couvert,Sans collision,,,,,,,,,,,1,2,1,8,7
200600002538,0006-01-18 10:20:00,6,1,18,10,20,750,2,20 BD POISSSONNIERE,,,Plein jour,En agglomération,Hors intersection,Pluie légère,Autre collision,,,,,,,,,,,1,2,1,2,6
200600002539,0006-01-18 22:15:00,6,1,18,22,15,750,7,170 R DE GRENELLE,,,Nuit avec éclairage allumé,En agglomération,Hors intersection,Pluie légère,Deux véhicules - côté,,,,,,,,,,,5,2,1,2,3
200600002540,0006-01-18 17:55:00,6,1,18,17,55,750,8,46 BD MALESHERBES,,,Nuit avec éclairage allumé,En agglomération,Hors intersection,Normale,Autre collision,,,,,,,,,,,5,2,1,1,6
200600002541,0006-01-18 18:50:00,6,1,18,18,50,750,8,42 AV GEORGE V,,,Nuit avec éclairage allumé,En agglomération,Hors intersection,Normale,Autre collision,,,,,,,,,,,5,2,1,1,6
200600002542,0006-01-18 12:30:00,6,1,18,12,30,750,8,12 R DARU,,,Plein jour,En agglomération,Hors intersection,Normale,Autre collision,,,,,,,,,,,1,2,1,1,6
200600002543,0006-01-18 08:10:00,6,1,18,8,10,750,8,AV CHAMPS ELYSEES AV GEO,,,Plein jour,En agglomération,Intersection en Y,Normale,Deux véhicules - arrière,,,,,,,,,,,1,2,4,1,2
200600002544,0006-01-18 09:30:00,6,1,18,9,30,750,10,PL FRANZ LISZT R LA FAYE,,,Plein jour,En agglomération,Intersection à plus de 4 branches,Pluie légère,Sans collision,,,,,,,,,,,1,2,5,2,7
200600002545,0006-01-18 20:48:00,6,1,18,20,48,750,11,R ABEL RABAUD AV PARMENT,,,Nuit avec éclairage allumé,En agglomération,Intersection en T,Pluie légère,Autre collision,,,,,,,,,,,5,2,3,2,6
200600002546,0006-01-18 16:00:00,6,1,18,16,0,750,13,Q FRANCOIS MAURIAC R EMI,,,Plein jour,En agglomération,Intersection en T,Temps couvert,Autre collision,,,,,,,,,,,1,2,3,8,6
200600002547,0006-01-18 22:45:00,6,1,18,22,45,750,14,R LEGION ETRANGERE ECH O,,,Nuit avec éclairage allumé,En agglomération,Intersection en T,Pluie légère,Autre collision,,,,,,,,,,,5,2,3,2,6
200600002548,0006-01-18 20:30:00,6,1,18,20,30,750,15,R SAINT CHARLES R S MERC,,,Nuit avec éclairage allumé,En agglomération,Intersection en T,Normale,Deux véhicules - côté,,,,,,,,,,,5,2,3,1,3
200600002549,0006-01-18 01:47:00,6,1,18,1,47,750,15,R DE DANTZIG BD LEFEBVRE,,,Nuit avec éclairage allumé,En agglomération,Intersection à plus de 4 branches,Temps couvert,Deux véhicules - côté,,,,,,,,,,,5,2,5,8,3
200600002550,0006-01-18 14:00:00,6,1,18,14,0,750,19,AV CORENTIN CARIOU BD MA,,,Plein jour,En agglomération,Intersection en T,Pluie légère,Deux véhicules - côté,,,,,,,,,,,1,2,3,2,3
200600002551,0006-01-19 01:35:00,6,1,19,1,35,750,8,PL DE LA MADELEINE BD MA,,,Nuit avec éclairage allumé,En agglomération,Intersection en Y,Pluie légère,Deux véhicules - arrière,,,,,,,,,,,5,2,4,2,2
200600002552,0006-01-19 10:00:00,6,1,19,10,0,750,11,PL LEON BLUM AV PARMENTI,,,Plein jour,Hors agglomération,Intersection à plus de 4 branches,Temps couvert,Autre collision,,,,,,,,,,,1,1,5,8,6
200600002553,0006-01-19 08:50:00,6,1,19,8,50,750,11,R J PIERRE TIMBAUD AV DE,,,Plein jour,En agglomération,Intersection à plus de 4 branches,Normale,Deux véhicules - côté,,,,,,,,,,,1,2,5,1,3
200600002554,0006-01-19 07:00:00,6,1,19,7,0,750,16,PL CH DE GAULLE AV GRAND,,,Nuit avec éclairage allumé,En agglomération,Intersection en T,Pluie légère,Deux véhicules - côté,,,,,,,,,,,5,2,3,2,3
200600002555,0006-01-20 22:40:00,6,1,20,22,40,750,5,R MONGE BD SAINT GERMAIN,,,Nuit avec éclairage allumé,En agglomération,Intersection en X,Normale,Deux véhicules - côté,,,,,,,,,,,5,2,2,1,3
200600002556,0006-01-20 16:40:00,6,1,20,16,40,750,10,R CHATEAU LANDON BD DE L,,,Plein jour,En agglomération,Intersection en X,Pluie légère,Autre collision,,,,,,,,,,,1,2,2,2,6
200600002557,0006-01-20 15:10:00,6,1,20,15,10,750,10,PL FRANZ LISZT R LA FAYE,,,Plein jour,En agglomération,Intersection en X,Normale,Deux véhicules - côté,,,,,,,,,,,1,2,2,1,3
200600002558,0006-01-20 11:20:00,6,1,20,11,20,750,10,32 AV CLAUDE VELLEFAUX,,,Plein jour,En agglomération,Hors intersection,Normale,Deux véhicules - côté,,,,,,,,,,,1,2,1,1,3
200600002559,0006-01-20 12:00:00,6,1,20,12,0,750,1,Q DU LOUVRE PT NEUF,,,Plein jour,En agglomération,Intersection en X,Temps couvert,Autre collision,,,,,,,,,,,1,2,2,8,6
200600002560,0006-01-20 20:00:00,6,1,20,20,0,750,7,R MALAR R SAINT DOMINIQU,,,Nuit avec éclairage allumé,En agglomération,Intersection en T,Normale,Autre collision,,,,,,,,,,,5,2,3,1,6
200600002561,0006-01-20 04:20:00,6,1,20,4,20,750,4,VERD PT LOUIS PHILIPPE P,,,Nuit avec éclairage allumé,En agglomération,Hors intersection,Pluie légère,Autre collision,,,,,,,,,,,5,2,1,2,6
200600002562,0006-01-20 12:35:00,6,1,20,12,35,750,7,AV DE SEGUR PL VAUBAN,,,Plein jour,En agglomération,Intersection en T,Normale,Deux véhicules - arrière,,,,,,,,,,,1,2,3,1,2
200600002563,0006-01-20 19:45:00,6,1,20,19,45,750,15,PL DE BRETEUIL AV DE SAX,,,Nuit avec éclairage allumé,En agglomération,Intersection en X,Pluie légère,Autre collision,,,,,,,,,,,5,2,2,2,6
200600002564,0006-01-20 08:40:00,6,1,20,8,40,750,8,26 AV DE FRIEDLAND,,,Plein jour,En agglomération,Hors intersection,Temps couvert,Deux véhicules - côté,,,,,,,,,,,1,2,1,8,3
200600002565,0006-01-20 17:31:00,6,1,20,17,31,750,8,58 AV MONTAIGNE,,,Plein jour,En agglomération,Hors intersection,Pluie légère,Autre collision,,,,,,,,,,,1,2,1,2,6
200600002566,0006-01-20 23:15:00,6,1,20,23,15,750,3,BD BEAUMARCHAIS R SAINT,,,Nuit avec éclairage allumé,En agglomération,Intersection en T,Normale,Deux véhicules - arrière,,,,,,,,,,,5,2,3,1,2
200600002567,0006-01-20 17:15:00,6,1,20,17,15,750,12,AV PTE DE VINCENNES ECH,,,Crépuscule ou aube,En agglomération,Intersection en Y,Pluie légère,Sans collision,,,,,,,,,,,2,2,4,2,7
200600002568,0006-01-20 19:07:00,6,1,20,19,7,750,12,R MARCEL DUBOIS BD PONIA,,,Nuit avec éclairage allumé,En agglomération,Intersection en T,Pluie légère,Deux véhicules - côté,,,,,,,,,,,5,2,3,2,3
200600002569,0006-01-20 10:05:00,6,1,20,10,5,750,13,2 R WURTZ,,,Plein jour,En agglomération,Hors intersection,Temps couvert,Autre collision,,,,,,,,,,,1,2,1,8,6
200600002570,0006-01-20 15:35:00,6,1,20,15,35,750,14,R LECLERC BD SAINT JACQU,,,Plein jour,En agglomération,Intersection en Y,Pluie légère,Sans collision,,,,,,,,,,,1,2,4,2,7
200600002571,0006-01-20 08:30:00,6,1,20,8,30,750,14,R CI UNIVERSITAIRE BD JO,,,Plein jour,En agglomération,Intersection en T,Pluie légère,Autre collision,,,,,,,,,,,1,2,3,2,6
200600002572,0006-01-20 09:20:00,6,1,20,9,20,750,14,L 7629 AV PTE DE CHATILL,,,Plein jour,En agglomération,Hors intersection,Pluie légère,Autre collision,,,,,,,,,,,1,2,1,2,6
200600002573,0006-01-20 17:50:00,6,1,20,17,50,750,14,BD ADOLPHE PINARD AV PTE,,,Plein jour,En agglomération,Intersection en T,Pluie légère,Deux véhicules - côté,,,,,,,,,,,1,2,3,2,3
200600002574,0006-01-20 17:40:00,6,1,20,17,40,750,14,40 AV REILLE,,,Nuit avec éclairage allumé,En agglomération,Hors intersection,Pluie légère,Deux véhicules - frontale,,,,,,,,,,,5,2,1,2,1
200600002575,0006-01-20 15:05:00,6,1,20,15,5,750,15,48 R PAUL BARRUEL,,,Plein jour,En agglomération,Hors intersection,Pluie légère,Deux véhicules - arrière,,,,,,,,,,,1,2,1,2,2
200600002576,0006-01-20 18:30:00,6,1,20,18,30,750,15,PL JACQUES MARETTE  R DE,,,Nuit avec éclairage allumé,En agglomération,Intersection en X,Pluie légère,Autre collision,,,,,,,,,,,5,2,2,2,6
200600002577,0006-01-20 07:55:00,6,1,20,7,55,750,15,2 R LECOURBE,,,Plein jour,En agglomération,Hors intersection,Normale,Sans collision,,,,,,,,,,,1,2,1,1,7
200600002578,0006-01-20 08:00:00,6,1,20,8,0,750,15,9 R COLONEL P AVIA,,,Plein jour,En agglomération,Hors intersection,Pluie légère,Autre collision,,,,,,,,,,,1,2,1,2,6
200600002579,0006-01-20 22:35:00,6,1,20,22,35,750,18,R DE CLIGNANCOURT R RAME,,,Nuit avec éclairage allumé,En agglomération,Intersection en Y,Pluie légère,Deux véhicules - côté,,,,,,,,,,,5,2,4,2,3
200600002580,0006-01-20 04:41:00,6,1,20,4,41,750,18,R DE LA CHAPELLE BD NEY,,,Nuit avec éclairage allumé,En agglomération,Intersection en X,Pluie légère,Autre collision,,,,,,,,,,,5,2,2,2,6
200600002581,0006-01-20 09:30:00,6,1,20,9,30,750,18,R DE L EVANGILE R MOUSSO,,,Plein jour,En agglomération,Intersection en T,Normale,Deux véhicules - côté,,,,,,,,,,,1,2,3,1,3
200600002582,0006-01-21 15:45:00,6,1,21,15,45,750,3,R CHARLOT BD DU TEMPLE,,,Plein jour,En agglomération,Intersection en Y,Normale,Deux véhicules - côté,,,,,,,,,,,1,2,4,1,3
200600002583,0006-01-21 07:28:00,6,1,21,7,28,750,7,BD DES INVALIDES R DE VA,,,Crépuscule ou aube,En agglomération,Intersection en T,Normale,Deux véhicules - côté,,,,,,,,,,,2,2,3,1,3
200600002584,0006-01-21 20:30:00,6,1,21,20,30,750,10,2 BD DE MAGENTA,,,Nuit avec éclairage allumé,En agglomération,Hors intersection,Normale,Autre collision,,,,,,,,,,,5,2,1,1,6
200600002585,0006-01-21 19:40:00,6,1,21,19,40,750,15,R MADEMOISELLE  R CAMBRO,,,Nuit avec éclairage allumé,En agglomération,Intersection en Y,Normale,Trois véhicules et plus - en chaîne,,,,,,,,,,,5,2,4,1,4
200600002586,0006-01-21 14:20:00,6,1,21,14,20,750,16,R BELLES FEUILLES PL JEA,,,Plein jour,En agglomération,Intersection à plus de 4 branches,Normale,Sans collision,,,,,,,,,,,1,2,5,1,7
200600002587,0006-01-21 19:50:00,6,1,21,19,50,750,17,AV PORTE D ASNIERES ECH,,,Nuit avec éclairage allumé,En agglomération,Intersection en T,Normale,Deux véhicules - côté,,,,,,,,,,,5,2,3,1,3
200600002588,0006-01-21 10:40:00,6,1,21,10,40,750,18,PL DE TORCY R DE TORCY,,,Plein jour,En agglomération,Intersection en T,Normale,Autre collision,,,,,,,,,,,1,2,3,1,6
200600002589,0006-01-21 21:35:00,6,1,21,21,35,750,19,AV PORTE CHAUMONT R SIGM,,,Nuit avec éclairage allumé,En agglomération,Intersection en X,Normale,Autre collision,,,,,,,,,,,5,2,2,1,6
200600002590,0006-01-21 12:15:00,6,1,21,12,15,750,19,32 R J BAPT SEMANAZ,,,Plein jour,En agglomération,Hors intersection,Normale,Autre collision,,,,,,,,,,,1,2,1,1,6
200600002591,0006-01-21 02:29:00,6,1,21,2,29,750,20,ECH BAGNOLET AV IBSEN,,,Nuit avec éclairage allumé,En agglomération,Intersection en Y,Normale,Autre collision,,,,,,,,,,,5,2,4,1,6
200600002592,0006-01-21 16:10:00,6,1,21,16,10,750,20,R DE BAGNOLET R DES LYAN,,,Plein jour,En agglomération,Intersection en T,Normale,Deux véhicules - côté,,,,,,,,,,,1,2,3,1,3
200600002593,0006-01-22 01:30:00,6,1,22,1,30,750,17,R A DE LA FORGE AV GRAND,,,Plein jour,En agglomération,Intersection en T,Normale,Autre collision,,,,,,,,,,,1,2,3,1,6
200600002594,0006-01-22 13:52:00,6,1,22,13,52,750,9,BD DE CLICHY  PL PIGALLE,,,Plein jour,En agglomération,Intersection en X,Normale,Deux véhicules - côté,,,,,,,,,,,1,2,2,1,3
200600002595,0006-01-22 10:55:00,6,1,22,10,55,750,5,21 PL PANTHEON,,,Plein jour,En agglomération,Hors intersection,Temps éblouissant,Autre collision,,,,,,,,,,,1,2,1,7,6
200600002596,0006-01-22 04:55:00,6,1,22,4,55,750,17,R DE LA TERRASSE AV DE V,,,Nuit avec éclairage allumé,En agglomération,Intersection en X,Normale,Deux véhicules - côté,,,,,,,,,,,5,2,2,1,3
200600002597,0006-01-22 12:05:00,6,1,22,12,5,750,19,AV DE FLANDRE R MATHIS,,,Plein jour,En agglomération,Intersection en Y,Normale,Deux véhicules - côté,,,,,,,,,,,1,2,4,1,3
200600002598,0006-01-22 00:30:00,6,1,22,0,30,750,1,50 R J J ROUSSEAU,,,Nuit avec éclairage allumé,En agglomération,Hors intersection,Normale,Deux véhicules - arrière,,,,,,,,,,,5,2,1,1,2
200600002599,0006-01-22 23:50:00,6,1,22,23,50,750,8,24 R DE LA PEPINIERE,,,Nuit avec éclairage allumé,En agglomération,Hors intersection,Normale,Autre collision,,,,,,,,,,,5,2,1,1,6
200600002600,0006-01-22 09:40:00,6,1,22,9,40,750,8,2 AV DE WAGRAM,,,Plein jour,En agglomération,Hors intersection,Pluie légère,Deux véhicules - côté,,,,,,,,,,,1,2,1,2,3
200600002601,0006-01-22 19:55:00,6,1,22,19,55,750,11,226 R FG SAINT ANTOINE,,,Nuit avec éclairage allumé,En agglomération,Hors intersection,Normale,Autre collision,,,,,,,,,,,5,2,1,1,6
200600002602,0006-01-22 15:15:00,6,1,22,15,15,750,17,PL GENERAL CATROUX R GEO,,,Plein jour,En agglomération,Intersection en T,Normale,Deux véhicules - côté,,,,,,,,,,,1,2,3,1,3
200600002603,0006-01-23 17:05:00,6,1,23,17,5,750,10,48 BD DE STRASBOURG,,,Crépuscule ou aube,En agglomération,Hors intersection,Normale,Autre collision,,,,,,,,,,,2,2,1,1,6
200600002604,0006-01-23 15:00:00,6,1,23,15,0,750,10,R CHATEAU LANDON R CHAUD,,,Plein jour,En agglomération,Intersection en T,Normale,Deux véhicules - côté,,,,,,,,,,,1,2,3,1,3
200600002605,0006-01-23 05:10:00,6,1,23,5,10,750,10,41 BD DE LA CHAPELLE,,,Nuit avec éclairage allumé,En agglomération,Hors intersection,Normale,Autre collision,,,,,,,,,,,5,2,1,1,6
200600002606,0006-01-23 08:45:00,6,1,23,8,45,750,3,60 BD BEAUMARCHAIS,,,Plein jour,En agglomération,Hors intersection,Normale,Autre collision,,,,,,,,,,,1,2,1,1,6