accident_id,datetime,annee,mois,jour,heure,minute,departement,commune_insee,adresse,latitude,longitude,luminosite,agglomeration,intersection,meteo,collision,nb_vehicules,nb_usagers,nb_indemnes,nb_tues,nb_blesses_hosp,nb_blesses_legers,age_cond_1,age_cond_2,veh_type_cond_1,veh_type_cond_2,lum_code,agg_code,int_code,atm_code,col_code
200600002740,0006-01-30 12:15:00,6,1,30,12,15,750,14,198 AV DU MAINE,,,Plein jour,En agglomération,Hors intersection,Normale,Deux véhicules - côté,,,,,,,,,,,1,2,1,1,3
200600002741,0006-01-30 22:10:00,6,1,30,22,10,750,15,PL CHARLES MICHELS AV EM,,,Nuit avec éclairage allumé,En agglomération,Intersection en X,Normale,Deux véhicules - côté,,,,,,,,,,,5,2,2,1,3
200600002742,0006-01-30 11:20:00,6,1,30,11,20,750,17,L1957 BD PERSHING,,,Plein jour,En agglomération,Hors intersection,Normale,Sans collision,,,,,,,,,,,1,2,1,1,7
200600002743,0006-01-30 16:30:00,6,1,30,16,30,750,18,BD BARBES R GOUTTE D OR,,,Plein jour,En agglomération,Intersection en T,Normale,Deux véhicules - côté,,,,,,,,,,,1,2,3,1,3
200600002744,0006-01-30 16:45:00,6,1,30,16,45,750,19,58 R RIQUET,,,Plein jour,En agglomération,Hors intersection,Normale,Autre collision,,,,,,,,,,,1,2,1,1,6
200600002745,0006-01-30 18:30:00,6,1,30,18,30,750,19,R DE CRIMEE R MANIN,,,Nuit avec éclairage allumé,En agglomération,Intersection en X,Normale,Autre collision,,,,,,,,,,,5,2,2,1,6
200600002746,0006-01-30 09:00:00,6,1,30,9,0,750,20,40 AV PR A LEMIERRE,,,Plein jour,En agglomération,Hors intersection,Normale,Deux véhicules - côté,,,,,,,,,,,1,2,1,1,3
200600002747,0006-01-30 12:50:00,6,1,30,12,50,750,20,136 R DE BAGNOLET,,,Plein jour,En agglomération,Hors intersection,Normale,Autre collision,,,,,,,,,,,1,2,1,1,6
200600002748,0006-01-30 11:20:00,6,1,30,11,20,750,20,R BELGRAND R DE LA CHINE,,,Plein jour,En agglomération,Intersection en X,Normale,Autre collision,,,,,,,,,,,1,2,2,1,6
200600002749,0006-01-31 08:55:00,6,1,31,8,55,750,1,R DES HALLES R DE RIVOLI,,,Plein jour,En agglomération,Intersection en Y,Normale,Deux véhicules - côté,,,,,,,,,,,1,2,4,1,3
200600002750,0006-01-31 19:10:00,6,1,31,19,10,750,13,14 BD AUGUSTE BLANQUI,,,Nuit avec éclairage allumé,En agglomération,Hors intersection,Normale,Deux véhicules - arrière,,,,,,,,,,,5,2,1,1,2
200600002751,0006-01-31 17:35:00,6,1,31,17,35,750,16,R BOIS LE VENT R BOULAIN,,,Plein jour,En agglomération,Intersection en X,Normale,Autre collision,,,,,,,,,,,1,2,2,1,6
200600002752,0006-01-31 10:20:00,6,1,31,10,20,750,14,150 AV DU MAINE,,,Plein jour,En agglomération,Hors intersection,Normale,Autre collision,,,,,,,,,,,1,2,1,1,6
200600002753,0006-01-31 19:20:00,6,1,31,19,20,750,14,32 R CDT R MOUCHOTTE,,,Nuit avec éclairage allumé,En agglomération,Hors intersection,Normale,Deux véhicules - côté,,,,,,,,,,,5,2,1,1,3
200600002754,0006-01-31 11:45:00,6,1,31,11,45,750,17,AV CARNOT PL CH  DE GAUL,,,Plein jour,En agglomération,Intersection en T,Normale,Deux véhicules - côté,,,,,,,,,,,1,2,3,1,3
200600002755,0006-01-31 12:45:00,6,1,31,12,45,750,18,R ERNESTINE R MARCADET,,,Plein jour,En agglomération,Intersection en X,Normale,Deux véhicules - côté,,,,,,,,,,,1,2,2,1,3
200600002756,0006-01-31 12:30:00,6,1,31,12,30,750,20,R DE BELLEVILLE R DU SOL,,,Plein jour,En agglomération,Intersection en T,Normale,Autre collision,,,,,,,,,,,1,2,3,1,6
200600002757,0006-01-03 09:15:00,6,1,3,9,15,750,15,R ERNEST HEWINGWAY BD GL,,,Plein jour,En agglomération,Intersection en X,Temps couvert,Deux véhicules - côté,,,,,,,,,,,1,2,2,8,3
200600002758,0006-01-03 07:15:00,6,1,3,7,15,750,18,BPE AUBERVILLIERS CHAPEL,,,Crépuscule ou aube,En agglomération,Hors intersection,Normale,Deux véhicules - arrière,,,,,,,,,,,2,2,1,1,2
200600002759,0006-01-03 08:55:00,6,1,3,8,55,750,19,BPE VILLETTE AUBERVILLIE,,,Plein jour,En agglomération,Hors intersection,Normale,Deux véhicules - côté,,,,,,,,,,,1,2,1,1,3
200600002760,0006-01-04 10:45:00,6,1,4,10,45,750,13,BPI IVRY ITALIE,,,Plein jour,En agglomération,Hors intersection,Pluie légère,Deux véhicules - côté,,,,,,,,,,,1,2,1,2,3
200600002761,0006-01-06 12:55:00,6,1,6,12,55,750,16,BPI PASSY MUETTE,,,Plein jour,En agglomération,Hors intersection,Normale,Deux véhicules - arrière,,,,,,,,,,,1,2,1,1,2
200600002762,0006-01-09 09:30:00,6,1,9,9,30,750,18,BPE CLIGNANCOURT SAINT O,,,Plein jour,En agglomération,Hors intersection,Normale,Sans collision,,,,,,,,,,,1,2,1,1,7
200600002763,0006-01-12 09:15:00,6,1,12,9,15,750,15,BPE Q POINT DU JOUR ISSY,,,Plein jour,En agglomération,Hors intersection,Normale,Deux véhicules - côté,,,,,,,,,,,1,2,1,1,3
200600002764,0006-01-17 08:30:00,6,1,17,8,30,750,12,154 BD DIDEROT,,,Plein jour,En agglomération,Hors intersection,Pluie légère,Autre collision,,,,,,,,,,,1,2,1,2,6
200600002765,0006-01-23 09:40:00,6,1,23,9,40,750,16,BPI ST CLOUD MOLITOR,,,Plein jour,En agglomération,Hors intersection,Normale,Deux véhicules - arrière,,,,,,,,,,,1,2,1,1,2
200600002766,0006-01-25 12:35:00,6,1,25,12,35,750,12,166 R DE BERCY,,,Plein jour,En agglomération,Hors intersection,Normale,Deux véhicules - côté,,,,,,,,,,,1,2,1,1,3
200600002767,0006-01-26 19:15:00,6,1,26,19,15,750,12,1 R DE DIJON,,,Nuit avec éclairage allumé,En agglomération,Hors intersection,Neige / grêle,Autre collision,,,,,,,,,,,5,2,1,4,6
200600002768,0006-01-26 10:40:00,6,1,26,10,40,750,12,R DE LIBOURNE R PIROG DE,,,Plein jour,En agglomération,Intersection en T,Normale,Deux véhicules - côté,,,,,,,,,,,1,2,3,1,3
200600002769,0006-01-26 08:40:00,6,1,26,8,40,750,12,266 AV DAUMESNIL,,,Plein jour,En agglomération,Hors intersection,Normale,Deux véhicules - côté,,,,,,,,,,,1,2,1,1,3
200600002770,0006-01-29 20:20:00,6,1,29,20,20,750,17,ECH ASNIERES AV PORTE D,,,Nuit avec éclairage allumé,En agglomération,Intersection en T,Normale,Deux véhicules - côté,,,,,,,,,,,5,2,3,1,3
200600002771,0006-01-30 21:50:00,6,1,30,21,50,750,9,41 BD DE CLICHY,,,Nuit avec éclairage allumé,En agglomération,Hors intersection,Normale,Sans collision,,,,,,,,,,,5,2,1,1,7
200600002772,0006-01-30 15:00:00,6,1,30,15,0,750,12,314 R DE CHARENTON,,,Plein jour,En agglomération,Hors intersection,Normale,Deux véhicules - côté,,,,,,,,,,,1,2,1,1,3
200600002773,0006-01-30 20:40:00,6,1,30,20,40,750,17,BD PEREIRE R DE TOCQUEVI,,,Nuit avec éclairage allumé,En agglomération,Intersection en X,Normale,Autre collision,,,,,,,,,,,5,2,2,1,6
200600002774,0006-01-31 15:00:00,6,1,31,15,0,750,5,3 Q SAINT BERNARD,,,Plein jour,En agglomération,Hors intersection,Normale,Trois véhicules et plus - collisions multiples,,,,,,,,,,,1,2,1,1,5
200600002775,0006-01-31 12:55:00,6,1,31,12,55,750,8,R ARSENE HOUSSAYE AV DE,,,Plein jour,En agglomération,Intersection en X,Normale,Deux véhicules - côté,,,,,,,,,,,1,2,2,1,3
200600002776,0006-01-31 12:30:00,6,1,31,12,30,750,8,32 R DE ROME,,,Plein jour,En agglomération,Hors intersection,Normale,Autre collision,,,,,,,,,,,1,2,1,1,6
200600002777,0006-01-31 11:32:00,6,1,31,11,32,750,12,R BRECHE AUX LOUPS R DE,,,Plein jour,En agglomération,Intersection en T,Normale,Autre collision,,,,,,,,,,,1,2,3,1,6
200600002778,0006-01-31 09:45:00,6,1,31,9,45,750,15,R CROIX NIVERT R LECOURB,,,Plein jour,En agglomération,Intersection à plus de 4 branches,Normale,Sans collision,,,,,,,,,,,1,2,5,1,7
200600002779,0006-01-31 08:45:00,6,1,31,8,45,750,15,R SANTOS DUMONT R DE VOU,,,Plein jour,En agglomération,Intersection en T,Normale,Autre collision,,,,,,,,,,,1,2,3,1,6
200600002780,0006-01-31 13:00:00,6,1,31,13,0,750,15,Q DE GRENELLE R LINOIS,,,Plein jour,En agglomération,Intersection en T,Normale,Deux véhicules - côté,,,,,,,,,,,1,2,3,1,3
200600002781,0006-01-31 14:30:00,6,1,31,14,30,750,15,PL CAMBRONNE BD GARIBALD,,,Plein jour,En agglomération,Intersection à plus de 4 branches,Normale,Deux véhicules - côté,,,,,,,,,,,1,2,5,1,3
200600002782,0006-01-31 19:29:00,6,1,31,19,29,750,17,R PIERRE DEMOURS AV DE V,,,Nuit avec éclairage allumé,En agglomération,Intersection en T,Normale,Deux véhicules - côté,,,,,,,,,,,5,2,3,1,3
200600002783,0006-01-23 13:00:00,6,1,23,13,0,750,20,BPE VINCENNES MONTREUIL,,,Plein jour,En agglomération,Hors intersection,Normale,Deux véhicules - côté,,,,,,,,,,,1,2,1,1,3
200600002784,0006-01-31 07:50:00,6,1,31,7,50,750,17,AV GOURGAUD PL DU MARECH,,,Plein jour,En agglomération,Intersection en T,Normale,Autre collision,,,,,,,,,,,1,2,3,1,6
200600002785,0006-01-24 08:45:00,6,1,24,8,45,750,12,192 R FG SAINT ANTOINE,,,Plein jour,En agglomération,Hors intersection,Normale,Deux véhicules - côté,,,,,,,,,,,1,2,1,1,3
200600002786,0006-01-16 09:15:00,6,1,16,9,15,750,18,10 R CAULAINCOURT,,,Plein jour,En agglomération,Hors intersection,Normale,Deux véhicules - côté,,,,,,,,,,,1,2,1,1,3
200600002787,0006-01-09 18:00:00,6,1,9,18,0,750,13,BPE GENTILLY ITALIE,,,Nuit avec éclairage allumé,En agglomération,Hors intersection,Normale,Trois véhicules et plus - en chaîne,,,,,,,,,,,5,2,1,1,4
200600002788,0006-01-09 11:43:00,6,1,9,11,43,750,15,ECH BRANCION BPE SEVRES,,,Plein jour,En agglomération,Intersection en Y,Normale,Autre collision,,,,,,,,,,,1,2,4,1,6
200600002789,0006-01-08 02:50:00,6,1,8,2,50,750,15,BPE ISSY LES MLX SEVRES,,,Nuit avec éclairage allumé,En agglomération,Intersection en Y,Pluie légère,Autre collision,,,,,,,,,,,5,2,4,2,6
200600002790,0006-01-11 09:35:00,6,1,11,9,35,750,16,ECH AUTEUIL,,,Plein jour,En agglomération,Hors intersection,Normale,Deux véhicules - arrière,,,,,,,,,,,1,2,1,1,2
200600002791,0006-01-14 01:20:00,6,1,14,1,20,750,20,BPI BAGNOLET MONTREUIL,,,Nuit avec éclairage allumé,En agglomération,Hors intersection,Normale,Autre collision,,,,,,,,,,,5,2,1,1,6
200600002792,0006-01-17 12:10:00,6,1,17,12,10,750,19,BPI PANTIN PRE SAINT GER,,,Plein jour,En agglomération,Hors intersection,Pluie légère,Deux véhicules - côté,,,,,,,,,,,1,2,1,2,3
200600002793,0006-01-20 13:25:00,6,1,20,13,25,750,16,BPE PASSY AUTEUIL,,,Plein jour,En agglomération,Hors intersection,Normale,Trois véhicules et plus - en chaîne,,,,,,,,,,,1,2,1,1,4
200600002794,0006-01-21 13:40:00,6,1,21,13,40,750,18,26 R POULET,,,Plein jour,En agglomération,Hors intersection,Normale,Autre collision,,,,,,,,,,,1,2,1,1,6
200600002795,0006-01-24 15:25:00,6,1,24,15,25,750,12,BPI DOREE CHARENTON,,,Plein jour,En agglomération,Hors intersection,Normale,Autre collision,,,,,,,,,,,1,2,1,1,6
200600002796,0006-01-24 01:00:00,6,1,24,1,0,750,16,ECH MAILLOT BPE MAILLOT,,,Nuit avec éclairage allumé,En agglomération,Intersection en Y,Normale,Deux véhicules - côté,,,,,,,,,,,5,2,4,1,3
200600002797,0006-01-24 08:10:00,6,1,24,8,10,750,16,ECH MAILLOT,,,Plein jour,En agglomération,Hors intersection,Temps couvert,Sans collision,,,,,,,,,,,1,2,1,8,7
200600002798,0006-01-24 19:15:00,6,1,24,19,15,750,19,BPE PRE SAINT GERVAIS PA,,,Crépuscule ou aube,En agglomération,Hors intersection,Normale,Deux véhicules - côté,,,,,,,,,,,2,2,1,1,3
200600002799,0006-01-26 08:45:00,6,1,26,8,45,750,17,BPI CHAMPERET ASNIERES,,,Plein jour,En agglomération,Hors intersection,Normale,Deux véhicules - arrière,,,,,,,,,,,1,2,1,1,2
200600002800,0006-01-27 17:00:00,6,1,27,17,0,750,12,BPE BERCY CHARENTON,,,Plein jour,En agglomération,Hors intersection,Normale,Autre collision,,,,,,,,,,,1,2,1,1,6
200600002801,0006-01-27 17:00:00,6,1,27,17,0,750,14,BPE CHATILLON ORLEANS,,,Plein jour,En agglomération,Hors intersection,Normale,Deux véhicules - côté,,,,,,,,,,,1,2,1,1,3
200600002802,0006-01-30 06:45:00,6,1,30,6,45,750,20,BPE VINCENNES MONTREUIL,,,Nuit avec éclairage allumé,En agglomération,Hors intersection,Normale,Deux véhicules - arrière,,,,,,,,,,,5,2,1,1,2
200600002803,0006-01-30 13:50:00,6,1,30,13,50,750,13,BPI GARE IVRY,,,Plein jour,En agglomération,Hors intersection,Normale,Trois véhicules et plus - en chaîne,,,,,,,,,,,1,2,1,1,4
200600002804,0006-01-30 18:50:00,6,1,30,18,50,750,16,BPE DAUPHINE MUETTE,,,Nuit avec éclairage allumé,En agglomération,Hors intersection,Normale,Deux véhicules - côté,,,,,,,,,,,5,2,1,1,3
200600002805,0006-01-31 09:55:00,6,1,31,9,55,750,15,BPI PLAINE SEVRES,,,Plein jour,En agglomération,Hors intersection,Normale,Deux véhicules - côté,,,,,,,,,,,1,2,1,1,3
200600002806,0006-01-31 07:50:00,6,1,31,7,50,750,16,ECH MAILLOT BPE MAILLOT,,,Plein jour,En agglomération,Intersection en Y,Normale,Autre collision,,,,,,,,,,,1,2,4,1,6
200600002807,0006-01-31 06:10:00,6,1,31,6,10,750,15,BPI SEVRES ISSY LES MLX,,,Crépuscule ou aube,En agglomération,Intersection en Y,Normale,Autre collision,,,,,,,,,,,2,2,4,1,6
200600002808,0006-01-20 16:40:00,6,1,20,16,40,760,114,JACQUES FAUQUET (RUE),,,Plein jour,En agglomération,Place,Normale,Sans collision,,,,,,,,,,,1,2,7,1,7
200600002809,0006-01-15 23:20:00,6,1,15,23,20,760,476,DUNANT HENRI (RUE),,,Nuit avec éclairage allumé,Hors agglomération,Hors intersection,Normale,Autre collision,,,,,,,,,,,5,1,1,1,6
200600002810,0006-01-11 08:10:00,6,1,11,8,10,760,217,CANADIENS (AVENUE DES),,,Crépuscule ou aube,En agglomération,Hors intersection,Pluie légère,Autre collision,,,,,,,,,,,2,2,1,2,6
200600002811,0006-01-12 17:50:00,6,1,12,17,50,760,217,"60, THIERS (RUE)",,,Nuit avec éclairage allumé,En agglomération,Hors intersection,Normale,Autre collision,,,,,,,,,,,5,2,1,1,6
200600002812,0006-01-31 08:30:00,6,1,31,8,30,760,217,"1, JEAN RIBLET (AVENUE)",,,Plein jour,En agglomération,Hors intersection,Normale,Deux véhicules - arrière,,,,,,,,,,,1,2,1,1,2
200600002813,0006-01-04 18:14:00,6,1,4,18,14,760,231,"0, NEUBOURG. RUE DU (RN",,,Nuit avec éclairage allumé,En agglomération,Intersection en T,Normale,Deux véhicules - côté,,,,,,,,,,,5,2,3,1,3
200600002814,0006-01-11 17:00:00,6,1,11,17,0,760,231,"0, TRAITES. RUE DES",,,Plein jour,En agglomération,Intersection en X,Pluie légère,Deux véhicules - côté,,,,,,,,,,,1,2,2,2,3
200600002815,0006-01-19 16:40:00,6,1,19,16,40,760,165,"169, CARNOT. RUE SADI",,,Plein jour,En agglomération,Hors intersection,Normale,Autre collision,,,,,,,,,,,1,2,1,1,6
200600002816,0006-01-20 20:35:00,6,1,20,20,35,760,178,"0, BEDANNE. RUE DE",,,Nuit avec éclairage allumé,En agglomération,Hors intersection,Pluie légère,Deux véhicules - frontale,,,,,,,,,,,5,2,1,2,1
200600002817,0006-01-16 17:20:00,6,1,16,17,20,760,259,MANDELA ( BOULEVARD NELS,,,Plein jour,Hors agglomération,Hors intersection,Pluie légère,Trois véhicules et plus - collisions multiples,,,,,,,,,,,1,1,1,2,5
200600002818,0006-01-13 09:10:00,6,1,13,9,10,760,259,"33, FORTS ( RUE DES)",,,Plein jour,En agglomération,Autre intersection,Normale,Autre collision,,,,,,,,,,,1,2,9,1,6
200600002819,0006-01-21 03:30:00,6,1,21,3,30,760,259,"132, COUTURIER ( RUE GUS",,,Nuit avec éclairage allumé,En agglomération,Hors intersection,Normale,Autre collision,,,,,,,,,,,5,2,1,1,6
200600002820,0006-01-29 15:40:00,6,1,29,15,40,760,259,"175, CANY ( ROUTE DE -CD",,,Plein jour,En agglomération,Hors intersection,Normale,Deux véhicules - côté,,,,,,,,,,,1,2,1,1,3
200600002821,0006-01-30 13:50:00,6,1,30,13,50,760,259,BOUFFARD ( RUE THEAGENE),,,Plein jour,En agglomération,Intersection en X,Normale,Deux véhicules - côté,,,,,,,,,,,1,2,2,1,3
200600002822,0006-01-04 18:35:00,6,1,4,18,35,760,270,"0, JEAN JAURES",,,Nuit avec éclairage allumé,Hors agglomération,Intersection en Y,Normale,Deux véhicules - côté,,,,,,,,,,,5,1,4,1,3
200600002823,0006-01-10 17:45:00,6,1,10,17,45,760,351,"24, CHERUBINI",,,Plein jour,En agglomération,Hors intersection,Normale,Autre collision,,,,,,,,,,,1,2,1,1,6
200600002824,0006-01-10 17:46:00,6,1,10,17,46,760,351,"0, SOCRATE",,,Nuit avec éclairage allumé,En agglomération,Intersection en T,Normale,Autre collision,,,,,,,,,,,5,2,3,1,6
200600002825,0006-01-13 07:45:00,6,1,13,7,45,760,481,"4, PATROUILLE DE FRANCE",,,Nuit avec éclairage allumé,Hors agglomération,Hors intersection,Normale,Deux véhicules - côté,,,,,,,,,,,5,1,1,1,3
200600002826,0006-01-14 19:35:00,6,1,14,19,35,760,351,"0, MONT LE COMTE (AVENUE",,,Nuit avec éclairage allumé,En agglomération,Intersection en T,Normale,Deux véhicules - côté,,,,,,,,,,,5,2,3,1,3
200600002827,0006-01-16 11:25:00,6,1,16,11,25,760,351,"0, BOIS AU COQ (AVENUE N",,,Plein jour,En agglomération,Hors intersection,Normale,Autre collision,,,,,,,,,,,1,2,1,1,6
200600002828,0006-01-16 11:35:00,6,1,16,11,35,760,351,"97, STRASBOURG (DU1 AU 1",,,Plein jour,En agglomération,Hors intersection,Normale,Autre collision,,,,,,,,,,,1,2,1,1,6
200600002829,0006-01-18 20:10:00,6,1,18,20,10,760,351,"0, APLEMONT (AVENUE D')",,,Nuit avec éclairage allumé,En agglomération,Hors intersection,Normale,Autre collision,,,,,,,,,,,5,2,1,1,6
200600002830,0006-01-27 13:55:00,6,1,27,13,55,760,351,LUCIEN CORBEAUX (AVENUE),,,Plein jour,En agglomération,Intersection en T,Normale,Deux véhicules - côté,,,,,,,,,,,1,2,3,1,3
200600002831,0006-01-05 15:05:00,6,1,5,15,5,760,599,"11, MESNIL ESNARD. ROUTE",,,Plein jour,En agglomération,Hors intersection,Neige / grêle,Sans collision,,,,,,,,,,,1,2,1,4,7
200600002832,0006-01-08 21:15:00,6,1,8,21,15,760,498,"1, GAULLE. BOULEVARD CHA",,,Nuit avec éclairage allumé,En agglomération,Hors intersection,Pluie légère,Trois véhicules et plus - en chaîne,,,,,,,,,,,5,2,1,2,4
200600002833,0006-01-07 09:00:00,6,1,7,9,0,760,451,"1, SANGNIER. RUE MARC",,,Plein jour,En agglomération,Hors intersection,Normale,Autre collision,,,,,,,,,,,1,2,1,1,6
200600002834,0006-01-08 21:20:00,6,1,8,21,20,760,540,MARNE. BOULEVARD DE LA,,,Nuit avec éclairage allumé,En agglomération,Hors intersection,Pluie légère,Deux véhicules - côté,,,,,,,,,,,5,2,1,2,3
200600002835,0006-01-10 08:25:00,6,1,10,8,25,760,95,"1, MELIES. RUE GEORGES",,,Crépuscule ou aube,En agglomération,Hors intersection,Normale,Autre collision,,,,,,,,,,,2,2,1,1,6
200600002836,0006-01-10 13:10:00,6,1,10,13,10,760,540,"27, CROIX D'YONVILLE. RU",,,Plein jour,En agglomération,Hors intersection,Normale,Autre collision,,,,,,,,,,,1,2,1,1,6
200600002837,0006-01-11 19:10:00,6,1,11,19,10,760,498,"1, JAURES. AVENUE JEAN",,,Nuit avec éclairage allumé,En agglomération,Hors intersection,Pluie légère,Autre collision,,,,,,,,,,,5,2,1,2,6
200600002838,0006-01-14 18:00:00,6,1,14,18,0,760,540,HAVRE. QUAI (HAUT) DU,,,Nuit avec éclairage allumé,En agglomération,Hors intersection,Normale,Deux véhicules - côté,,,,,,,,,,,5,2,1,1,3
200600002839,0006-01-14 11:35:00,6,1,14,11,35,760,575,"1, FELLING. AVENUE DE",,,Plein jour,En agglomération,Hors intersection,Normale,Deux véhicules - côté,,,,,,,,,,,1,2,1,1,3
200600002840,0006-01-13 07:00:00,6,1,13,7,0,760,322,BROSSOLETTE. BOULEVARD P,,,Crépuscule ou aube,En agglomération,Hors intersection,Normale,Deux véhicules - arrière,,,,,,,,,,,2,2,1,1,2
200600002841,0006-01-16 11:45:00,6,1,16,11,45,760,540,"15/17, PASTEUR. AVENUE L",,,Plein jour,En agglomération,Hors intersection,Normale,Deux véhicules - côté,,,,,,,,,,,1,2,1,1,3
200600002842,0006-01-16 17:05:00,6,1,16,17,5,760,681,"1, MIVOIE. CHEMIN DE LA",,,Plein jour,En agglomération,Intersection en T,Pluie légère,Deux véhicules - côté,,,,,,,,,,,1,2,3,2,3
200600002843,0006-01-17 08:35:00,6,1,17,8,35,760,402,"1, NOTRE DAME DES CHAMPS",,,Plein jour,En agglomération,Hors intersection,Pluie légère,Deux véhicules - côté,,,,,,,,,,,1,2,1,2,3
200600002844,0006-01-18 09:40:00,6,1,18,9,40,760,322,VERDUN. BOULEVARD DE,,,Plein jour,En agglomération,Hors intersection,Pluie légère,Autre collision,,,,,,,,,,,1,2,1,2,6
200600002845,0006-01-18 08:10:00,6,1,18,8,10,760,322,"1, PROVINCES. AVENUE DES",,,Plein jour,En agglomération,Hors intersection,Pluie légère,Deux véhicules - côté,,,,,,,,,,,1,2,1,2,3
200600002846,0006-01-20 13:00:00,6,1,20,13,0,760,498,"37, JACQUARD. RUE",,,Plein jour,En agglomération,Hors intersection,Pluie légère,Autre collision,,,,,,,,,,,1,2,1,2,6
200600002847,0006-01-21 23:45:00,6,1,21,23,45,760,540,"1, GRAND COURS. AVENUE D",,,Nuit avec éclairage allumé,En agglomération,Hors intersection,Normale,Sans collision,,,,,,,,,,,5,2,1,1,7
200600002848,0006-01-21 20:25:00,6,1,21,20,25,760,540,"1, TEXCIER. RUE JEAN",,,Nuit avec éclairage allumé,En agglomération,Hors intersection,Normale,Trois véhicules et plus - collisions multiples,,,,,,,,,,,5,2,1,1,5
200600002849,0006-01-21 23:46:00,6,1,21,23,46,760,540,"1, MAIL. RUE DU",,,Nuit avec éclairage allumé,En agglomération,Intersection en T,Normale,Deux véhicules - côté,,,,,,,,,,,5,2,3,1,3
200600002850,0006-01-21 17:50:00,6,1,21,17,50,760,322,"1, PROVINCES. AVENUE DES",,,Plein jour,Hors agglomération,Hors intersection,Normale,Autre collision,,,,,,,,,,,1,1,1,1,6
200600002851,0006-01-21 08:20:00,6,1,21,8,20,760,322,"1, GERICAULT. RUE THEODO",,,Plein jour,En agglomération,Hors intersection,Normale,Deux véhicules - côté,,,,,,,,,,,1,2,1,1,3
200600002852,0006-01-23 10:45:00,6,1,23,10,45,760,540,"77, PORTE DES CHAMPS. AV",,,Plein jour,En agglomération,Hors intersection,Normale,Autre collision,,,,,,,,,,,1,2,1,1,6
200600002853,0006-01-23 14:50:00,6,1,23,14,50,760,540,"1, DUMONT D'URVILLE. RUE",,,Nuit sans éclairage public,En agglomération,Hors intersection,Normale,Autre collision,,,,,,,,,,,3,2,1,1,6
200600002854,0006-01-23 17:23:00,6,1,23,17,23,760,540,CORNEILLE. PONT PIERRE,,,Plein jour,En agglomération,Intersection en T,Normale,Deux véhicules - côté,,,,,,,,,,,1,2,3,1,3
200600002855,0006-01-23 16:55:00,6,1,23,16,55,760,540,"39, GENDARMERIE (RUE LOU",,,Plein jour,En agglomération,Hors intersection,Normale,Deux véhicules - côté,,,,,,,,,,,1,2,1,1,3
200600002856,0006-01-24 16:00:00,6,1,24,16,0,760,157,"1, DANEMARK. QUAI DU",,,Plein jour,En agglomération,Hors intersection,Normale,Sans collision,,,,,,,,,,,1,2,1,1,7
200600002857,0006-01-25 16:55:00,6,1,25,16,55,760,540,"1, JEANNE D'ARC. RUE",,,Plein jour,En agglomération,Hors intersection,Normale,Autre collision,,,,,,,,,,,1,2,1,1,6
200600002858,0006-01-26 21:00:00,6,1,26,21,0,760,498,"1, GAULLE. BOULEVARD CHA",,,Nuit avec éclairage allumé,En agglomération,Hors intersection,Normale,Deux véhicules - côté,,,,,,,,,,,5,2,1,1,3
200600002859,0006-01-26 14:00:00,6,1,26,14,0,760,575,"1, GRANDE EPINE. RUE DE",,,Plein jour,En agglomération,Intersection en T,Normale,Deux véhicules - côté,,,,,,,,,,,1,2,3,1,3
200600002860,0006-01-26 16:15:00,6,1,26,16,15,760,484,"1, MARRONNIERS. AVENUE D",,,Plein jour,En agglomération,Intersection en T,Normale,Deux véhicules - côté,,,,,,,,,,,1,2,3,1,3
200600002861,0006-01-29 13:50:00,6,1,29,13,50,760,540,RONDEAUX. AVENUE JEAN,,,Plein jour,En agglomération,Hors intersection,Normale,Deux véhicules - côté,,,,,,,,,,,1,2,1,1,3
200600002862,0006-01-27 16:35:00,6,1,27,16,35,760,540,"1, CARTIER. AVENUE JACQU",,,Plein jour,En agglomération,Hors intersection,Normale,Deux véhicules - côté,,,,,,,,,,,1,2,1,1,3
200600002863,0006-01-27 15:45:00,6,1,27,15,45,760,5,PARIS. ROUTE DE (RN 15),,,Plein jour,En agglomération,Hors intersection,Normale,Deux véhicules - côté,,,,,,,,,,,1,2,1,1,3
200600002864,0006-01-31 12:10:00,6,1,31,12,10,760,681,"1, AURIOL. RUE VINCENT",,,Plein jour,En agglomération,Hors intersection,Normale,Deux véhicules - côté,,,,,,,,,,,1,2,1,1,3
200600002865,0006-01-31 13:00:00,6,1,31,13,0,760,540,"86, MERIDIENNE. RUE",,,Plein jour,En agglomération,Hors intersection,Normale,Autre collision,,,,,,,,,,,1,2,1,1,6
200600002866,0006-01-03 15:30:00,6,1,3,15,30,770,108,"02, FRERES VERDEAUX (AVE",,,Plein jour,En agglomération,Hors intersection,Normale,Autre collision,,,,,,,,,,,1,2,1,1,6
200600002867,0006-01-06 16:25:00,6,1,6,16,25,770,108,"44, CITES (RUE DES)",,,Crépuscule ou aube,En agglomération,Hors intersection,Neige / grêle,Deux véhicules - frontale,,,,,,,,,,,2,2,1,4,1
200600002868,0006-01-11 10:40:00,6,1,11,10,40,770,363,ROSES (SENTE DES),,,Plein jour,Hors agglomération,Hors intersection,Normale,Deux véhicules - frontale,,,,,,,,,,,1,1,1,1,1
200600002869,0006-01-13 22:15:00,6,1,13,22,15,770,108,MARECHAL FOCH (AVENUE DU,,,Nuit avec éclairage allumé,En agglomération,Hors intersection,Normale,Autre collision,,,,,,,,,,,5,2,1,1,6
200600002870,0006-01-23 18:25:00,6,1,23,18,25,770,108,"07, RESISTANCE (AVENUE D",,,Nuit avec éclairage allumé,En agglomération,Autre intersection,Normale,Autre collision,,,,,,,,,,,5,2,9,1,6
200600002871,0006-01-04 18:50:00,6,1,4,18,50,770,18,FERME DU CHAMPS ( RUE DE,,,Nuit avec éclairage allumé,En agglomération,Autre intersection,Normale,Autre collision,,,,,,,,,,,5,2,9,1,6