accident_id,datetime,annee,mois,jour,heure,minute,departement,commune_insee,adresse,latitude,longitude,luminosite,agglomeration,intersection,meteo,collision,nb_vehicules,nb_usagers,nb_indemnes,nb_tues,nb_blesses_hosp,nb_blesses_legers,age_cond_1,age_cond_2,veh_type_cond_1,veh_type_cond_2,lum_code,agg_code,int_code,atm_code,col_code
200600002872,0006-01-15 11:10:00,6,1,15,11,10,770,307,"43, RN34",,,Plein jour,En agglomération,Hors intersection,Normale,Deux véhicules - arrière,,,,,,,,,,,1,2,1,1,2
200600002873,0006-01-16 17:30:00,6,1,16,17,30,770,449,MERIDIENNE ( BLD DE LA ),,,Nuit avec éclairage allumé,Hors agglomération,Hors intersection,Normale,Autre collision,,,,,,,,,,,5,1,1,1,6
200600002874,0006-01-11 10:35:00,6,1,11,10,35,770,320,"92, LIETON (RUE DU)",,,Plein jour,En agglomération,Hors intersection,Brouillard / fumée,Autre collision,,,,,,,,,,,1,2,1,5,6
200600002875,0006-01-16 14:30:00,6,1,16,14,30,770,281,D402,,,Plein jour,Hors agglomération,Hors intersection,Temps couvert,Sans collision,,,,,,,,,,,1,1,1,8,7
200600002876,0006-01-16 17:45:00,6,1,16,17,45,770,131,REBAIS (AVENUE DE),,,Nuit sans éclairage public,Hors agglomération,Hors intersection,Normale,Deux véhicules - côté,,,,,,,,,,,3,1,1,1,3
200600002877,0006-01-17 07:30:00,6,1,17,7,30,770,42,"101, CHARLES DE GAULLE (",,,Nuit sans éclairage public,En agglomération,Hors intersection,Pluie forte,Deux véhicules - arrière,,,,,,,,,,,3,2,1,3,2
200600002878,0006-01-21 15:45:00,6,1,21,15,45,770,400,D402,,,Plein jour,Hors agglomération,Intersection en T,Normale,Deux véhicules - côté,,,,,,,,,,,1,1,3,1,3
200600002879,0006-01-31 08:40:00,6,1,31,8,40,770,70,ROUTE NATIONALE 34,,,Plein jour,En agglomération,Hors intersection,Normale,Deux véhicules - côté,,,,,,,,,,,1,2,1,1,3
200600002880,0006-01-09 08:30:00,6,1,9,8,30,770,186,RD 142 Glandée au grand,,,Plein jour,Hors agglomération,Intersection en X,Normale,Deux véhicules - côté,,,,,,,,,,,1,1,2,1,3
200600002881,0006-01-12 13:10:00,6,1,12,13,10,770,186,RN7 de Barbizon à pavé d,,,Plein jour,Hors agglomération,Intersection en X,Normale,Deux véhicules - frontale,,,,,,,,,,,1,1,2,1,1
200600002882,0006-01-17 08:50:00,6,1,17,8,50,770,186,", GRANDE (RUE)",,,Plein jour,En agglomération,Hors intersection,Pluie légère,Autre collision,,,,,,,,,,,1,2,1,2,6
200600002883,0006-01-20 18:56:00,6,1,20,18,56,770,37,"8, REPUBLIQUE (RUE DE LA",,,Nuit avec éclairage allumé,En agglomération,Hors intersection,Normale,Autre collision,,,,,,,,,,,5,2,1,1,6
200600002884,0006-01-21 04:45:00,6,1,21,4,45,770,186,RN6. de la rochette à l',,,Nuit sans éclairage public,Hors agglomération,Hors intersection,Normale,Autre collision,,,,,,,,,,,3,1,1,1,6
200600002885,0006-01-28 11:55:00,6,1,28,11,55,770,186,RN7 de Barbizon à pavé d,,,Plein jour,Hors agglomération,Hors intersection,Normale,Deux véhicules - arrière,,,,,,,,,,,1,1,1,1,2
200600002886,0006-01-10 16:35:00,6,1,10,16,35,770,243,ANDRE MALRAUX (AVENUE),,,Plein jour,En agglomération,Hors intersection,Normale,Autre collision,,,,,,,,,,,1,2,1,1,6
200600002887,0006-01-18 11:50:00,6,1,18,11,50,770,221,"02, LILANDY  (RUE DES  )",,,Plein jour,En agglomération,Hors intersection,Normale,Deux véhicules - frontale,,,,,,,,,,,1,2,1,1,1
200600002888,0006-01-10 08:25:00,6,1,10,8,25,770,438,SAINT GERMAIN DES NOYERS,,,Plein jour,En agglomération,Intersection en T,Normale,Deux véhicules - côté,,,,,,,,,,,1,2,3,1,3
200600002889,0006-01-05 16:35:00,6,1,5,16,35,770,199,BASSES FERMES (HAMEAU DE,,,Plein jour,En agglomération,Hors intersection,Neige / grêle,Sans collision,,,,,,,,,,,1,2,1,4,7
200600002890,0006-01-08 00:15:00,6,1,8,0,15,770,284,"4, APPEL DU 18 JUIN 1940",,,Nuit avec éclairage allumé,En agglomération,Hors intersection,Normale,Sans collision,,,,,,,,,,,5,2,1,1,7
200600002891,0006-01-11 19:15:00,6,1,11,19,15,770,284,"12, HUGO (QUAI VICTOR)",,,Nuit avec éclairage allumé,En agglomération,Hors intersection,Brouillard / fumée,Autre collision,,,,,,,,,,,5,2,1,5,6
200600002892,0006-01-13 18:33:00,6,1,13,18,33,770,284,"1, COURTELINE (RUE GEORG",,,Nuit avec éclairage allumé,En agglomération,Intersection en T,Temps couvert,Deux véhicules - côté,,,,,,,,,,,5,2,3,8,3
200600002893,0006-01-18 08:20:00,6,1,18,8,20,770,284,BUREAU (RUE JEAN),,,Plein jour,En agglomération,Hors intersection,Pluie légère,Autre collision,,,,,,,,,,,1,2,1,2,6
200600002894,0006-01-18 12:40:00,6,1,18,12,40,770,284,BEAUVAL (PLACE DE),,,Plein jour,En agglomération,Place,Temps couvert,Deux véhicules - côté,,,,,,,,,,,1,2,7,8,3
200600002895,0006-01-22 12:25:00,6,1,22,12,25,770,284,"1, BUREAU (RUE JEAN)",,,Plein jour,En agglomération,Intersection en X,Normale,Deux véhicules - côté,,,,,,,,,,,1,2,2,1,3
200600002896,0006-01-25 09:00:00,6,1,25,9,0,770,284,"4, VERDUN (COURS DE)",,,Plein jour,En agglomération,Hors intersection,Normale,Autre collision,,,,,,,,,,,1,2,1,1,6
200600002897,0006-01-26 07:35:00,6,1,26,7,35,770,475,"1, SCHWEITZER (RUE ALBER",,,Nuit avec éclairage allumé,En agglomération,Intersection en T,Pluie légère,Deux véhicules - côté,,,,,,,,,,,5,2,3,2,3
200600002898,0006-01-26 08:20:00,6,1,26,8,20,770,284,"1, VERDUN (COURS DE)",,,Plein jour,En agglomération,Autre intersection,Temps couvert,Deux véhicules - côté,,,,,,,,,,,1,2,9,8,3
200600002899,0006-01-28 16:45:00,6,1,28,16,45,770,284,"10, BOULET RUSSE (RUE DU",,,Plein jour,En agglomération,Hors intersection,Temps couvert,Autre collision,,,,,,,,,,,1,2,1,8,6
200600002900,0006-01-30 13:40:00,6,1,30,13,40,770,284,TESSAN (RUE FRANCOIS DE),,,Plein jour,En agglomération,Intersection en T,Normale,Deux véhicules - côté,,,,,,,,,,,1,2,3,1,3
200600002901,0006-01-09 16:50:00,6,1,9,16,50,770,288,"70, ARISTIDE BRIAND  (BO",,,Plein jour,En agglomération,Hors intersection,Normale,Autre collision,,,,,,,,,,,1,2,1,1,6
200600002902,0006-01-09 18:15:00,6,1,9,18,15,770,487,R.N 105,,,Nuit sans éclairage public,Hors agglomération,Autre intersection,Normale,Deux véhicules - frontale,,,,,,,,,,,3,1,9,1,1
200600002903,0006-01-14 14:40:00,6,1,14,14,40,770,67,D.346,,,Plein jour,Hors agglomération,Hors intersection,Normale,Autre collision,,,,,,,,,,,1,1,1,1,6
200600002904,0006-01-25 09:50:00,6,1,25,9,50,770,288,"17, VICTOR HUGO  (BOULEV",,,Plein jour,En agglomération,Hors intersection,Normale,Autre collision,,,,,,,,,,,1,2,1,1,6
200600002905,0006-01-31 11:49:00,6,1,31,11,49,770,67,"44, GRANDE (RUE )",,,Plein jour,En agglomération,Hors intersection,Normale,Autre collision,,,,,,,,,,,1,2,1,1,6
200600002906,0006-01-03 20:30:00,6,1,3,20,30,770,288,CORBEIL (AVENUE DE),,,Nuit avec éclairage allumé,En agglomération,Intersection en T,Normale,Deux véhicules - côté,,,,,,,,,,,5,2,3,1,3
200600002907,0006-01-02 12:51:00,6,1,2,12,51,770,294,C.D. 9,,,Plein jour,Hors agglomération,Hors intersection,Normale,Sans collision,,,,,,,,,,,1,1,1,1,7
200600002908,0006-01-03 19:49:00,6,1,3,19,49,770,123,CD 212,,,Nuit sans éclairage public,Hors agglomération,Hors intersection,Normale,Autre collision,,,,,,,,,,,3,1,1,1,6
200600002909,0006-01-10 14:35:00,6,1,10,14,35,770,291,CLAYE (ROUTE DE),,,Plein jour,Hors agglomération,Hors intersection,Normale,Sans collision,,,,,,,,,,,1,1,1,1,7
200600002910,0006-01-12 18:20:00,6,1,12,18,20,770,294,JEAN BAPTISTE CLEMENT (A,,,Nuit sans éclairage public,Hors agglomération,Autre intersection,Temps couvert,Deux véhicules - côté,,,,,,,,,,,3,1,9,8,3
200600002911,0006-01-14 12:15:00,6,1,14,12,15,770,294,08 MAI 1945 (AVENUE DU),,,Plein jour,En agglomération,Intersection en T,Normale,Deux véhicules - côté,,,,,,,,,,,1,2,3,1,3
200600002912,0006-01-09 18:15:00,6,1,9,18,15,770,294,ROGER SALLENGRO (RUE),,,Nuit avec éclairage allumé,En agglomération,Intersection en X,Normale,Deux véhicules - frontale,,,,,,,,,,,5,2,2,1,1
200600002913,0006-01-18 11:20:00,6,1,18,11,20,770,294,JEAN BAPTISTE CLEMENT (A,,,Plein jour,Hors agglomération,Intersection en X,Pluie légère,Deux véhicules - côté,,,,,,,,,,,1,1,2,2,3
200600002914,0006-01-18 11:50:00,6,1,18,11,50,770,123,CD 212,,,Plein jour,Hors agglomération,Hors intersection,Temps couvert,Autre collision,,,,,,,,,,,1,1,1,8,6
200600002915,0006-01-11 08:05:00,6,1,11,8,5,770,294,JEAN BAPTISTE CLEMENT (A,,,Plein jour,Hors agglomération,Hors intersection,Autre,Autre collision,,,,,,,,,,,1,1,1,9,6
200600002916,0006-01-19 07:05:00,6,1,19,7,5,770,294,JEAN BAPTISTE CLEMENT (A,,,Nuit avec éclairage allumé,Hors agglomération,Hors intersection,Pluie légère,Deux véhicules - côté,,,,,,,,,,,5,1,1,2,3
200600002917,0006-01-31 09:00:00,6,1,31,9,0,770,462,TROIS VILLES (RUE DES),,,Plein jour,Hors agglomération,Intersection en T,Normale,Deux véhicules - côté,,,,,,,,,,,1,1,3,1,3
200600002918,0006-01-31 09:20:00,6,1,31,9,20,770,291,"0, PARIS (RUE DE)",,,Plein jour,Hors agglomération,Hors intersection,Autre,Sans collision,,,,,,,,,,,1,1,1,9,7
200600002919,0006-01-31 15:50:00,6,1,31,15,50,770,241,"16, BARRE (RUE)",,,Plein jour,En agglomération,Hors intersection,Normale,Autre collision,,,,,,,,,,,1,2,1,1,6
200600002920,0006-01-21 00:45:00,6,1,21,0,45,770,482,ROUTE NATIONALE 6,,,Nuit sans éclairage public,Hors agglomération,Hors intersection,Normale,Sans collision,,,,,,,,,,,3,1,1,1,7
200600002921,0006-01-12 18:30:00,6,1,12,18,30,770,16,"22, GLANDELLE (ROUTE DE)",,,Nuit avec éclairage allumé,Hors agglomération,Hors intersection,Normale,Autre collision,,,,,,,,,,,5,1,1,1,6
200600002922,0006-01-19 18:15:00,6,1,19,18,15,770,16,"107, GLANDELLE (ROUTE DE",,,Nuit sans éclairage public,Hors agglomération,Hors intersection,Normale,Deux véhicules - côté,,,,,,,,,,,3,1,1,1,3
200600002923,0006-01-17 19:25:00,6,1,17,19,25,770,16,"10, GLANDELLE (ROUTE DE)",,,Nuit avec éclairage allumé,Hors agglomération,Autre intersection,Temps couvert,Sans collision,,,,,,,,,,,5,1,9,8,7
200600002924,0006-01-26 08:20:00,6,1,26,8,20,770,16,GLANDELLE (ROUTE DE),,,Plein jour,Hors agglomération,Autre intersection,Normale,Autre collision,,,,,,,,,,,1,1,9,1,6
200600002925,0006-01-28 17:20:00,6,1,28,17,20,770,458,EGREVILLE (ROUTE D'),,,Plein jour,Hors agglomération,Autre intersection,Temps couvert,Sans collision,,,,,,,,,,,1,1,9,8,7
200600002926,0006-01-09 16:00:00,6,1,9,16,0,770,468,"2, LAGNY (ROUTE DE)",,,Plein jour,Hors agglomération,Intersection en T,Normale,Deux véhicules - côté,,,,,,,,,,,1,1,3,1,3
200600002927,0006-01-15 16:25:00,6,1,15,16,25,770,121,CENTRE COMMERCIAL REGION,,,Plein jour,En agglomération,Intersection en T,Normale,Autre collision,,,,,,,,,,,1,2,3,1,6
200600002928,0006-01-17 08:20:00,6,1,17,8,20,770,258,"8, SEGRAIS (BOULEVARD DU",,,Nuit avec éclairage allumé,Hors agglomération,Hors intersection,Pluie forte,Autre collision,,,,,,,,,,,5,1,1,3,6
200600002929,0006-01-18 18:10:00,6,1,18,18,10,770,337,MARNE VPN (ROUTE DE LA),,,Nuit avec éclairage allumé,Hors agglomération,Hors intersection,Pluie légère,Autre collision,,,,,,,,,,,5,1,1,2,6
200600002930,0006-01-13 16:40:00,6,1,13,16,40,770,468,ARCHE GUEDON (COURS DE L,,,Plein jour,En agglomération,Hors intersection,Temps couvert,Autre collision,,,,,,,,,,,1,2,1,8,6
200600002931,0006-01-23 13:35:00,6,1,23,13,35,770,83,AUGUSTE VALLAUD (RUE),,,Plein jour,En agglomération,Hors intersection,Temps éblouissant,Autre collision,,,,,,,,,,,1,2,1,7,6
200600002932,0006-01-23 13:20:00,6,1,23,13,20,770,258,COURCERIN (BOULEVARD DE),,,Plein jour,En agglomération,Autre intersection,Normale,Trois véhicules et plus - collisions multiples,,,,,,,,,,,1,2,9,1,5
200600002933,0006-01-30 14:00:00,6,1,30,14,0,770,146,EMERAINVILLE (RUE D'),,,Plein jour,Hors agglomération,Giratoire,Normale,Deux véhicules - côté,,,,,,,,,,,1,1,6,1,3
200600002934,0006-01-18 15:45:00,6,1,18,15,45,770,532,NATIONALE 19 (ROUTE),,,Plein jour,Hors agglomération,Hors intersection,Temps couvert,Trois véhicules et plus - collisions multiples,,,,,,,,,,,1,1,1,8,5
200600002935,0006-01-01 23:35:00,6,1,1,23,35,780,126,ROUTE NATIONALE 186,,,Nuit avec éclairage non allumé,En agglomération,Hors intersection,Pluie légère,Deux véhicules - arrière,,,,,,,,,,,4,2,1,2,2
200600002936,0006-01-13 08:15:00,6,1,13,8,15,780,126,"21, GUIBERT ANDRE-RENE (",,,Crépuscule ou aube,En agglomération,Hors intersection,Normale,Autre collision,,,,,,,,,,,2,2,1,1,6
200600002937,0006-01-23 15:15:00,6,1,23,15,15,780,126,"21, GUIBERT ANDRE-RENE (",,,Plein jour,En agglomération,Hors intersection,Normale,Autre collision,,,,,,,,,,,1,2,1,1,6
200600002938,0006-01-24 19:40:00,6,1,24,19,40,780,126,"17, JONCHERE (AVENUE DE",,,Nuit avec éclairage allumé,En agglomération,Hors intersection,Normale,Deux véhicules - frontale,,,,,,,,,,,5,2,1,1,1
200600002939,0006-01-04 17:00:00,6,1,4,17,0,780,172,"1, BRET. ACCES AV DU PON",,,Crépuscule ou aube,En agglomération,Hors intersection,Normale,Deux véhicules - arrière,,,,,,,,,,,2,2,1,1,2
200600002940,0006-01-03 14:10:00,6,1,3,14,10,780,138,"1, HAUTIL (RUE DE L')",,,Plein jour,Hors agglomération,Hors intersection,Normale,Sans collision,,,,,,,,,,,1,1,1,1,7
200600002941,0006-01-09 11:10:00,6,1,9,11,10,780,172,"0.00, SPYSSCHAERT (RUE H",,,Plein jour,En agglomération,Intersection en X,Normale,Sans collision,,,,,,,,,,,1,2,2,1,7
200600002942,0006-01-10 08:20:00,6,1,10,8,20,780,172,"0,00, HAUTIL (RUE DE L')",,,Plein jour,En agglomération,Giratoire,Temps couvert,Sans collision,,,,,,,,,,,1,2,6,8,7
200600002943,0006-01-10 20:15:00,6,1,10,20,15,780,5,"41, CONFLANS (AVENUE DE)",,,Nuit avec éclairage allumé,En agglomération,Intersection en T,Normale,Deux véhicules - côté,,,,,,,,,,,5,2,3,1,3
200600002944,0006-01-11 07:25:00,6,1,11,7,25,780,172,RN 184,,,Nuit sans éclairage public,Hors agglomération,Hors intersection,Normale,Trois véhicules et plus - collisions multiples,,,,,,,,,,,3,1,1,1,5
200600002945,0006-01-13 21:00:00,6,1,13,21,0,780,172,"0.00, CARNOT (AVENUE)",,,Nuit avec éclairage allumé,En agglomération,Intersection à plus de 4 branches,Normale,Deux véhicules - frontale,,,,,,,,,,,5,2,5,1,1
200600002946,0006-01-16 08:15:00,6,1,16,8,15,780,172,"0.00, FRANCE (RUE ANATOL",,,Plein jour,En agglomération,Hors intersection,Normale,Sans collision,,,,,,,,,,,1,2,1,1,7
200600002947,0006-01-30 21:00:00,6,1,30,21,0,780,138,RD 01,,,Nuit avec éclairage allumé,En agglomération,Hors intersection,Normale,Sans collision,,,,,,,,,,,5,2,1,1,7
200600002948,0006-01-14 20:00:00,6,1,14,20,0,780,15,MARC (BD NOEL),,,Nuit avec éclairage allumé,En agglomération,Hors intersection,Normale,Sans collision,,,,,,,,,,,5,2,1,1,7
200600002949,0006-01-16 17:30:00,6,1,16,17,30,780,382,"1, DE LATTRE DE TASSIGNY",,,Crépuscule ou aube,En agglomération,Hors intersection,Normale,Sans collision,,,,,,,,,,,2,2,1,1,7
200600002950,0006-01-20 18:10:00,6,1,20,18,10,780,172,"15, AMBASSADEUR (RUE DE",,,Nuit avec éclairage allumé,En agglomération,Hors intersection,Pluie légère,Autre collision,,,,,,,,,,,5,2,1,2,6
200600002951,0006-01-23 17:50:00,6,1,23,17,50,780,172,"0.00, PONT (AVENUE DU)",,,Nuit avec éclairage allumé,En agglomération,Hors intersection,Normale,Sans collision,,,,,,,,,,,5,2,1,1,7
200600002952,0006-01-24 13:45:00,6,1,24,13,45,780,172,RN 184,,,Plein jour,Hors agglomération,Hors intersection,Normale,Trois véhicules et plus - collisions multiples,,,,,,,,,,,1,1,1,1,5
200600002953,0006-01-27 07:55:00,6,1,27,7,55,780,172,"0.0, PONT (AVENUE DU)",,,Plein jour,En agglomération,Intersection en T,Normale,Deux véhicules - côté,,,,,,,,,,,1,2,3,1,3
200600002954,0006-01-22 12:40:00,6,1,22,12,40,780,15,RD 55,,,Plein jour,En agglomération,Hors intersection,Normale,Deux véhicules - côté,,,,,,,,,,,1,2,1,1,3
200600002955,0006-01-01 05:40:00,6,1,1,5,40,780,490,DEPARTEMENTALE 30 (ROUTE,,,Nuit sans éclairage public,Hors agglomération,Hors intersection,Pluie légère,Autre collision,,,,,,,,,,,3,1,1,2,6
200600002956,0006-01-03 14:40:00,6,1,3,14,40,780,490,DEPARTEMENTALE 11 (ROUTE,,,Plein jour,En agglomération,Intersection en X,Normale,Deux véhicules - côté,,,,,,,,,,,1,2,2,1,3
200600002957,0006-01-13 13:00:00,6,1,13,13,0,780,168,DEPARTEMENTALE 13 (ROUTE,,,Plein jour,En agglomération,Intersection en X,Normale,Deux véhicules - côté,,,,,,,,,,,1,2,2,1,3
200600002958,0006-01-16 13:05:00,6,1,16,13,5,780,168,DEPARTEMENTALE 13 (ROUTE,,,Plein jour,En agglomération,Intersection en X,Normale,Deux véhicules - côté,,,,,,,,,,,1,2,2,1,3
200600002959,0006-01-17 08:00:00,6,1,17,8,0,780,490,DEPARTEMENTALE 912 (ROUT,,,Plein jour,Hors agglomération,Giratoire,Pluie forte,Deux véhicules - arrière,,,,,,,,,,,1,1,6,3,2
200600002960,0006-01-25 08:50:00,6,1,25,8,50,780,383,"Indét, GUTENBERG (AVENUE",,,Plein jour,En agglomération,Intersection en X,Normale,Deux véhicules - côté,,,,,,,,,,,1,2,2,1,3
200600002961,0006-01-31 16:15:00,6,1,31,16,15,780,168,NATIONALE 10 (ROUTE),,,Plein jour,En agglomération,Intersection en X,Normale,Deux véhicules - arrière,,,,,,,,,,,1,2,2,1,2
200600002962,0006-01-20 05:00:00,6,1,20,5,0,780,297,ROND POINT DES SAULES,,,Nuit avec éclairage allumé,Hors agglomération,Giratoire,Autre,Autre collision,,,,,,,,,,,5,1,6,9,6
200600002963,0006-01-31 01:00:00,6,1,31,1,0,780,423,"INCONNU, RD 10",,,Nuit sans éclairage public,Hors agglomération,Hors intersection,Normale,Sans collision,,,,,,,,,,,3,1,1,1,7
200600002964,0006-01-18 13:40:00,6,1,18,13,40,780,124,"00, PAUL DOUMER (RUE)",,,Plein jour,En agglomération,Giratoire,Normale,Deux véhicules - côté,,,,,,,,,,,1,2,6,1,3
200600002965,0006-01-27 08:20:00,6,1,27,8,20,780,358,JEAN JACQUES ROUSSEAU (A,,,Plein jour,En agglomération,Intersection en X,Normale,Deux véhicules - côté,,,,,,,,,,,1,2,2,1,3
200600002966,0006-01-03 14:35:00,6,1,3,14,35,780,361,"35, RUE FERNAND BODET",,,Plein jour,En agglomération,Hors intersection,Normale,Autre collision,,,,,,,,,,,1,2,1,1,6
200600002967,0006-01-04 10:55:00,6,1,4,10,55,780,361,AVENUE DU GENERAL DE GAU,,,Plein jour,En agglomération,Intersection en X,Normale,Deux véhicules - côté,,,,,,,,,,,1,2,2,1,3
200600002968,0006-01-09 10:25:00,6,1,9,10,25,780,361,"9, RUE DE LORRAINE",,,Plein jour,En agglomération,Hors intersection,Normale,Autre collision,,,,,,,,,,,1,2,1,1,6
200600002969,0006-01-14 07:00:00,6,1,14,7,0,780,362,AVENUE DU BREUIL,,,Nuit avec éclairage non allumé,En agglomération,Hors intersection,Normale,Autre collision,,,,,,,,,,,4,2,1,1,6
200600002970,0006-01-17 07:55:00,6,1,17,7,55,780,361,R.N  13  (BUTTE VERTE),,,Crépuscule ou aube,En agglomération,Hors intersection,Normale,Autre collision,,,,,,,,,,,2,2,1,1,6
200600002971,0006-01-06 11:20:00,6,1,6,11,20,780,674,CD 11,,,Plein jour,En agglomération,Intersection en T,Normale,Autre collision,,,,,,,,,,,1,2,3,1,6
200600002972,0006-01-11 12:00:00,6,1,11,12,0,780,350,SOUDANES (ALLEE DES),,,Plein jour,En agglomération,Hors intersection,Normale,Autre collision,,,,,,,,,,,1,2,1,1,6
200600002973,0006-01-12 05:50:00,6,1,12,5,50,780,350,", MARECHAL JOFFRE (RUE D",,,Nuit avec éclairage allumé,En agglomération,Hors intersection,Autre,Deux véhicules - frontale,,,,,,,,,,,5,2,1,9,1
200600002974,0006-01-26 18:25:00,6,1,26,18,25,780,372,EPINES (RUE DES),,,Crépuscule ou aube,En agglomération,Intersection en T,Normale,Autre collision,,,,,,,,,,,2,2,3,1,6
200600002975,0006-01-26 20:50:00,6,1,26,20,50,780,674,CD 11,,,Nuit sans éclairage public,Hors agglomération,Hors intersection,Autre,Autre collision,,,,,,,,,,,3,1,1,9,6
200600002976,0006-01-03 19:20:00,6,1,3,19,20,780,498,GAMBETTA BD,,,Nuit avec éclairage allumé,En agglomération,Intersection en X,Normale,Deux véhicules - côté,,,,,,,,,,,5,2,2,1,3
200600002977,0006-01-03 19:00:00,6,1,3,19,0,780,498,RD30,,,Nuit avec éclairage allumé,Hors agglomération,Hors intersection,Normale,Deux véhicules - frontale,,,,,,,,,,,5,1,1,1,1
200600002978,0006-01-01 17:40:00,6,1,1,17,40,780,643,"1, JAURES RUE JEAN",,,Nuit avec éclairage allumé,En agglomération,Intersection en X,Pluie légère,Autre collision,,,,,,,,,,,5,2,2,2,6
200600002979,0006-01-03 19:30:00,6,1,3,19,30,780,498,"44, VILLIERS RUE DE",,,Nuit avec éclairage non allumé,En agglomération,Hors intersection,Normale,Deux véhicules - arrière,,,,,,,,,,,4,2,1,1,2
200600002980,0006-01-07 17:45:00,6,1,7,17,45,780,498,RD30,,,Nuit avec éclairage allumé,Hors agglomération,Giratoire,Normale,Autre collision,,,,,,,,,,,5,1,6,1,6
200600002981,0006-01-08 00:15:00,6,1,8,0,15,780,123,EUROPE (RN 190) AVENUE D,,,Nuit avec éclairage allumé,En agglomération,Hors intersection,Normale,Autre collision,,,,,,,,,,,5,2,1,1,6
200600002982,0006-01-12 19:10:00,6,1,12,19,10,780,498,QUARANTE SOUS ROUTE DE,,,Nuit avec éclairage allumé,Hors agglomération,Hors intersection,Pluie légère,Deux véhicules - côté,,,,,,,,,,,5,1,1,2,3
200600002983,0006-01-12 06:45:00,6,1,12,6,45,780,672,MAIRIE RUE DE L'ANCIENNE,,,Crépuscule ou aube,En agglomération,Hors intersection,Pluie légère,Sans collision,,,,,,,,,,,2,2,1,2,7
200600002984,0006-01-16 18:15:00,6,1,16,18,15,780,498,"19, QUARANTE SOUS ROUTE",,,Nuit avec éclairage allumé,En agglomération,Hors intersection,Pluie légère,Deux véhicules - frontale,,,,,,,,,,,5,2,1,2,1
200600002985,0006-01-30 20:15:00,6,1,30,20,15,780,643,TRIEL AVENUE DE,,,Nuit avec éclairage allumé,En agglomération,Intersection en T,Normale,Deux véhicules - frontale,,,,,,,,,,,5,2,3,1,1
200600002986,0006-01-27 23:05:00,6,1,27,23,5,780,498,RD30,,,Nuit avec éclairage allumé,Hors agglomération,Intersection en X,Normale,Deux véhicules - arrière,,,,,,,,,,,5,1,2,1,2
200600002987,0006-01-30 20:35:00,6,1,30,20,35,780,498,GAMBETTA BD,,,Nuit avec éclairage allumé,Hors agglomération,Intersection en X,Normale,Deux véhicules - côté,,,,,,,,,,,5,1,2,1,3
200600002988,0006-01-25 17:00:00,6,1,25,17,0,780,123,FRERES TISSIER RUE DES,,,Plein jour,En agglomération,Hors intersection,Normale,Sans collision,,,,,,,,,,,1,2,1,1,7
200600002989,0006-01-30 20:45:00,6,1,30,20,45,780,498,TIMBAUD RUE JEAN PIERRE,,,Nuit avec éclairage allumé,En agglomération,Hors intersection,Normale,Sans collision,,,,,,,,,,,5,2,1,1,7
200600002990,0006-01-14 20:15:00,6,1,14,20,15,780,123,"1, CHAMPFLEURY RUE DE",,,Nuit avec éclairage allumé,En agglomération,Intersection en X,Normale,Deux véhicules - arrière,,,,,,,,,,,5,2,2,1,2
200600002991,0006-01-31 09:00:00,6,1,31,9,0,780,498,"4, DEVAUX BD",,,Plein jour,En agglomération,Hors intersection,Normale,Autre collision,,,,,,,,,,,1,2,1,1,6
200600002992,0006-01-14 09:55:00,6,1,14,9,55,780,73,"indétermin, JAURES (AVEN",,,Plein jour,En agglomération,Hors intersection,Normale,Autre collision,,,,,,,,,,,1,2,1,1,6
200600002993,0006-01-11 16:30:00,6,1,11,16,30,780,242,"indétermin, SCHWEITZER (",,,Plein jour,En agglomération,Intersection en X,Pluie légère,Autre collision,,,,,,,,,,,1,2,2,2,6
200600002994,0006-01-22 18:20:00,6,1,22,18,20,780,165,BARBUSSE (AVENUE HENRY),,,Nuit sans éclairage public,En agglomération,Giratoire,Normale,Autre collision,,,,,,,,,,,3,2,6,1,6
200600002995,0006-01-17 08:05:00,6,1,17,8,5,780,545,JAURES (AVENUE JEAN ),,,Crépuscule ou aube,En agglomération,Intersection en X,Pluie forte,Autre collision,,,,,,,,,,,2,2,2,3,6
200600002996,0006-01-24 08:45:00,6,1,24,8,45,780,551,RN 184,,,Plein jour,Hors agglomération,Hors intersection,Normale,Deux véhicules - arrière,,,,,,,,,,,1,1,1,1,2
200600002997,0006-01-02 12:40:00,6,1,2,12,40,780,551,"Ignoré, FORET DOMANIALE",,,Plein jour,Hors agglomération,Hors intersection,Normale,Autre collision,,,,,,,,,,,1,1,1,1,6
200600002998,0006-01-06 16:55:00,6,1,6,16,55,780,551,"Ignoré, GAMBETTA (AVENUE",,,Plein jour,En agglomération,Hors intersection,Pluie légère,Sans collision,,,,,,,,,,,1,2,1,2,7
200600002999,0006-01-13 21:15:00,6,1,13,21,15,780,551,"76, RN 13",,,Nuit avec éclairage allumé,En agglomération,Hors intersection,Normale,Sans collision,,,,,,,,,,,5,2,1,1,7
200600003000,0006-01-24 11:30:00,6,1,24,11,30,780,551,"Ignoré, REPUBLIQUE (DE L",,,Plein jour,En agglomération,Hors intersection,Normale,Sans collision,,,,,,,,,,,1,2,1,1,7
200600003001,0006-01-27 14:40:00,6,1,27,14,40,780,481,"Ignoré, RESISTANCE FRANC",,,Plein jour,En agglomération,Hors intersection,Normale,Trois véhicules et plus - en chaîne,,,,,,,,,,,1,2,1,1,4
200600003002,0006-01-05 06:20:00,6,1,5,6,20,780,586,"26, REPUBLIQUE (AVENUE)",,,Nuit avec éclairage allumé,En agglomération,Hors intersection,Normale,Autre collision,,,,,,,,,,,5,2,1,1,6