accident_id,datetime,annee,mois,jour,heure,minute,departement,commune_insee,adresse,latitude,longitude,luminosite,agglomeration,intersection,meteo,collision,nb_vehicules,nb_usagers,nb_indemnes,nb_tues,nb_blesses_hosp,nb_blesses_legers,age_cond_1,age_cond_2,veh_type_cond_1,veh_type_cond_2,lum_code,agg_code,int_code,atm_code,col_code
200600003003,0006-01-12 10:30:00,6,1,12,10,30,780,586,PONTOISE,,,Plein jour,En agglomération,Intersection en T,Normale,Deux véhicules - côté,,,,,,,,,,,1,2,3,1,3
200600003004,0006-01-20 10:40:00,6,1,20,10,40,780,586,TOBROUK,,,Crépuscule ou aube,En agglomération,Hors intersection,Pluie légère,Deux véhicules - côté,,,,,,,,,,,2,2,1,2,3
200600003005,0006-01-22 19:45:00,6,1,22,19,45,780,586,SCHUMAN (ROBERT),,,Nuit avec éclairage allumé,En agglomération,Intersection en T,Normale,Deux véhicules - côté,,,,,,,,,,,5,2,3,1,3
200600003006,0006-01-21 20:40:00,6,1,21,20,40,780,586,"1, CONVENTION N° IMPAIR",,,Nuit avec éclairage allumé,En agglomération,Hors intersection,Normale,Trois véhicules et plus - collisions multiples,,,,,,,,,,,5,2,1,1,5
200600003007,0006-01-27 13:00:00,6,1,27,13,0,780,586,"22, CROIX LION",,,Plein jour,En agglomération,Hors intersection,Normale,Deux véhicules - côté,,,,,,,,,,,1,2,1,1,3
200600003008,0006-01-30 10:45:00,6,1,30,10,45,780,586,DEROULEDE (PAUL),,,Plein jour,En agglomération,Hors intersection,Normale,Autre collision,,,,,,,,,,,1,2,1,1,6
200600003009,0006-01-31 05:55:00,6,1,31,5,55,780,586,JAURES (AVENUE JEAN) N°,,,Nuit avec éclairage allumé,En agglomération,Intersection en T,Normale,Autre collision,,,,,,,,,,,5,2,3,1,6
200600003010,0006-01-16 09:15:00,6,1,16,9,15,780,621,"38, CENTRE (RUE DU )",,,Plein jour,En agglomération,Intersection en X,Normale,Deux véhicules - côté,,,,,,,,,,,1,2,2,1,3
200600003011,0006-01-20 17:15:00,6,1,20,17,15,780,621,PASTEUR MARTIN LUTHER KI,,,Crépuscule ou aube,En agglomération,Hors intersection,Pluie légère,Autre collision,,,,,,,,,,,2,2,1,2,6
200600003012,0006-01-03 12:50:00,6,1,3,12,50,780,640,"02, EUROPE (AVENUE DE L'",,,Plein jour,En agglomération,Hors intersection,Temps couvert,Autre collision,,,,,,,,,,,1,2,1,8,6
200600003013,0006-01-05 19:50:00,6,1,5,19,50,780,640,MORANE-SAULNIER (AVENUE),,,Nuit avec éclairage allumé,En agglomération,Hors intersection,Temps couvert,Deux véhicules - côté,,,,,,,,,,,5,2,1,8,3
200600003014,0006-01-08 19:00:00,6,1,8,19,0,780,686,"34, JOSEPH CHALEIL (RUE)",,,Nuit avec éclairage allumé,En agglomération,Hors intersection,Pluie légère,Autre collision,,,,,,,,,,,5,2,1,2,6
200600003015,0006-01-27 18:55:00,6,1,27,18,55,780,640,CAPITAINE TARON (RUE DU),,,Nuit avec éclairage allumé,En agglomération,Hors intersection,Normale,Autre collision,,,,,,,,,,,5,2,1,1,6
200600003016,0006-01-30 19:25:00,6,1,30,19,25,780,686,GENERAL LECLERC (AVENUE,,,Nuit avec éclairage allumé,En agglomération,Intersection en T,Normale,Deux véhicules - côté,,,,,,,,,,,5,2,3,1,3
200600003017,0006-01-03 17:50:00,6,1,3,17,50,780,646,PARIS (AVENUE DE),,,Crépuscule ou aube,En agglomération,Intersection en T,Normale,Deux véhicules - côté,,,,,,,,,,,2,2,3,1,3
200600003018,0006-01-04 08:15:00,6,1,4,8,15,780,646,"0, MARECHAL FOCH (RUE DU",,,Plein jour,En agglomération,Intersection en T,Pluie légère,Autre collision,,,,,,,,,,,1,2,3,2,6
200600003019,0006-01-04 08:30:00,6,1,4,8,30,780,646,"néant, REINE (BOULEVARD",,,Crépuscule ou aube,En agglomération,Hors intersection,Pluie légère,Autre collision,,,,,,,,,,,2,2,1,2,6
200600003020,0006-01-04 15:05:00,6,1,4,15,5,780,158,POTTIER (RUE),,,Plein jour,En agglomération,Giratoire,Normale,Autre collision,,,,,,,,,,,1,2,6,1,6
200600003021,0006-01-10 19:55:00,6,1,10,19,55,780,646,PORTE DE BUC (RUE DE LA),,,Nuit avec éclairage allumé,En agglomération,Intersection en X,Normale,Autre collision,,,,,,,,,,,5,2,2,1,6
200600003022,0006-01-13 20:00:00,6,1,13,20,0,780,646,PARIS (AVENUE DE),,,Nuit avec éclairage allumé,En agglomération,Intersection en X,Normale,Deux véhicules - côté,,,,,,,,,,,5,2,2,1,3
200600003023,0006-01-17 10:50:00,6,1,17,10,50,780,646,PARIS (AVENUE DE),,,Plein jour,En agglomération,Intersection en X,Pluie forte,Autre collision,,,,,,,,,,,1,2,2,3,6
200600003024,0006-01-17 11:15:00,6,1,17,11,15,780,646,"55, PAROISSE (RUE DE LA)",,,Plein jour,En agglomération,Hors intersection,Pluie légère,Deux véhicules - côté,,,,,,,,,,,1,2,1,2,3
200600003025,0006-01-17 13:05:00,6,1,17,13,5,780,646,"92, PARIS (AVENUE DE)",,,Plein jour,En agglomération,Hors intersection,Pluie légère,Deux véhicules - côté,,,,,,,,,,,1,2,1,2,3
200600003026,0006-01-20 08:00:00,6,1,20,8,0,780,646,PARIS (AVENUE DE),,,Plein jour,En agglomération,Intersection en T,Normale,Deux véhicules - côté,,,,,,,,,,,1,2,3,1,3
200600003027,0006-01-26 13:00:00,6,1,26,13,0,780,646,PARIS (AVENUE DE),,,Plein jour,En agglomération,Hors intersection,Normale,Deux véhicules - côté,,,,,,,,,,,1,2,1,1,3
200600003028,0006-01-26 20:23:00,6,1,26,20,23,780,646,SAINT CLOUD (AVENUE DE),,,Nuit avec éclairage allumé,En agglomération,Hors intersection,Normale,Deux véhicules - côté,,,,,,,,,,,5,2,1,1,3
200600003029,0006-01-31 19:55:00,6,1,31,19,55,780,646,"44, CARNOT (RUE)",,,Nuit avec éclairage allumé,En agglomération,Hors intersection,Normale,Autre collision,,,,,,,,,,,5,2,1,1,6
200600003030,0006-01-09 19:15:00,6,1,9,19,15,780,146,"0, VIGNOBLES (RUE DES)",,,Nuit avec éclairage allumé,En agglomération,Intersection en T,Normale,Deux véhicules - côté,,,,,,,,,,,5,2,3,1,3
200600003031,0006-01-13 15:40:00,6,1,13,15,40,780,418,HUIT MAI 1945 (RUE DU),,,Plein jour,Hors agglomération,Intersection en T,Normale,Deux véhicules - frontale,,,,,,,,,,,1,1,3,1,1
200600003032,0006-01-13 17:50:00,6,1,13,17,50,780,146,"82, REPUBLIQUE (BOULEVAR",,,Plein jour,En agglomération,Intersection en T,Normale,Deux véhicules - côté,,,,,,,,,,,1,2,3,1,3
200600003033,0006-01-25 17:25:00,6,1,25,17,25,780,146,"0, LE VAL SABLON (RUE)",,,Plein jour,En agglomération,Intersection en T,Normale,Deux véhicules - côté,,,,,,,,,,,1,2,3,1,3
200600003034,0006-01-21 15:10:00,6,1,21,15,10,790,191,JUSTICES (DES),,,Plein jour,En agglomération,Intersection en X,Normale,Deux véhicules - côté,,,,,,,,,,,1,2,2,1,3
200600003035,0006-01-25 12:10:00,6,1,25,12,10,790,191,LIMOGES (AVENUE DE) 86 A,,,Plein jour,En agglomération,Intersection en X,Normale,Deux véhicules - côté,,,,,,,,,,,1,2,2,1,3
200600003036,0006-01-04 18:10:00,6,1,4,18,10,790,329,"., THIERS (BOULEVARD)",,,Nuit avec éclairage allumé,En agglomération,Intersection en X,Normale,Deux véhicules - côté,,,,,,,,,,,5,2,2,1,3
200600003037,0006-01-07 20:50:00,6,1,7,20,50,800,1,"82, REPUBLIQUE (de la)",,,Nuit avec éclairage allumé,En agglomération,Hors intersection,Temps couvert,Deux véhicules - côté,,,,,,,,,,,5,2,1,8,3
200600003038,0006-01-25 13:30:00,6,1,25,13,30,800,1,AMIENS (d'),,,Plein jour,Hors agglomération,Hors intersection,Normale,Deux véhicules - côté,,,,,,,,,,,1,1,1,1,3
200600003039,0006-01-03 13:10:00,6,1,3,13,10,800,21,"85, SAINT QUENTIN (BOULE",,,Plein jour,En agglomération,Hors intersection,Temps couvert,Deux véhicules - côté,,,,,,,,,,,1,2,1,8,3
200600003040,0006-01-02 11:05:00,6,1,2,11,5,800,725,"99, JEAN JAURES (AVENUE)",,,Plein jour,En agglomération,Hors intersection,Normale,Deux véhicules - côté,,,,,,,,,,,1,2,1,1,3
200600003041,0006-01-02 15:45:00,6,1,2,15,45,800,489,"0, PIERRE SEMART (RUE)",,,Plein jour,En agglomération,Hors intersection,Normale,Deux véhicules - frontale,,,,,,,,,,,1,2,1,1,1
200600003042,0006-01-06 16:50:00,6,1,6,16,50,800,21,LAENNEC (RUE),,,Crépuscule ou aube,En agglomération,Hors intersection,Normale,Sans collision,,,,,,,,,,,2,2,1,1,7
200600003043,0006-01-07 04:45:00,6,1,7,4,45,800,489,"5, VILLE IDEALE (AVENUE",,,Nuit avec éclairage allumé,En agglomération,Hors intersection,Normale,Autre collision,,,,,,,,,,,5,2,1,1,6
200600003044,0006-01-09 09:05:00,6,1,9,9,5,800,21,"0, MARECHAL JOFFRE (PLAC",,,Plein jour,En agglomération,Hors intersection,Normale,Deux véhicules - arrière,,,,,,,,,,,1,2,1,1,2
200600003045,0006-01-09 13:15:00,6,1,9,13,15,800,489,GARE DE LONGUEAU,,,Plein jour,En agglomération,Hors intersection,Normale,Trois véhicules et plus - collisions multiples,,,,,,,,,,,1,2,1,1,5
200600003046,0006-01-15 02:00:00,6,1,15,2,0,800,21,"75, LOUIS THUILLIER (RUE",,,Nuit avec éclairage non allumé,En agglomération,Hors intersection,Normale,Sans collision,,,,,,,,,,,4,2,1,1,7
200600003047,0006-01-14 11:50:00,6,1,14,11,50,800,21,"0, WINSTON CHURCHILL (RU",,,Plein jour,En agglomération,Hors intersection,Normale,Autre collision,,,,,,,,,,,1,2,1,1,6
200600003048,0006-01-13 07:10:00,6,1,13,7,10,800,21,ROGER DUMOULIN (AVENUE),,,Nuit sans éclairage public,En agglomération,Hors intersection,Normale,Deux véhicules - côté,,,,,,,,,,,3,2,1,1,3
200600003049,0006-01-15 14:30:00,6,1,15,14,30,800,21,PIERRE MENDES FRANCE (AV,,,Plein jour,En agglomération,Intersection en X,Normale,Deux véhicules - côté,,,,,,,,,,,1,2,2,1,3
200600003050,0006-01-16 14:40:00,6,1,16,14,40,800,725,"0, CROQUETS (chemin des",,,Plein jour,Hors agglomération,Intersection en X,Normale,Deux véhicules - côté,,,,,,,,,,,1,1,2,1,3
200600003051,0006-01-19 15:40:00,6,1,19,15,40,800,21,"4, RENE ET MARCELLE SOBO",,,Plein jour,En agglomération,Hors intersection,Normale,Sans collision,,,,,,,,,,,1,2,1,1,7
200600003052,0006-01-19 13:40:00,6,1,19,13,40,800,131,"0, MANASSES BARBIER (RUE",,,Plein jour,Hors agglomération,Hors intersection,Temps couvert,Deux véhicules - frontale,,,,,,,,,,,1,1,1,8,1
200600003053,0006-01-24 18:45:00,6,1,24,18,45,800,21,"213, ROUEN (RUE DE)",,,Nuit avec éclairage allumé,En agglomération,Hors intersection,Normale,Autre collision,,,,,,,,,,,5,2,1,1,6
200600003054,0006-01-24 09:30:00,6,1,24,9,30,800,21,"0, ALBERT 1ER (MAIL)",,,Plein jour,En agglomération,Hors intersection,Normale,Deux véhicules - arrière,,,,,,,,,,,1,2,1,1,2
200600003055,0006-01-25 07:40:00,6,1,25,7,40,800,21,"27, JULES FERRY (CHAUSSE",,,Nuit avec éclairage allumé,En agglomération,Hors intersection,Normale,Deux véhicules - côté,,,,,,,,,,,5,2,1,1,3
200600003056,0006-01-27 02:00:00,6,1,27,2,0,800,21,"448, SAINT MAURICE (RUE)",,,Nuit avec éclairage allumé,En agglomération,Hors intersection,Normale,Sans collision,,,,,,,,,,,5,2,1,1,7
200600003057,0006-01-28 23:15:00,6,1,28,23,15,800,21,", REPUBLIQUE (RUE DE LA",,,Nuit avec éclairage allumé,En agglomération,Hors intersection,Normale,Autre collision,,,,,,,,,,,5,2,1,1,6
200600003058,0006-01-31 18:05:00,6,1,31,18,5,800,21,FRANKLIN ROOSEVELT (RUE),,,Nuit avec éclairage allumé,En agglomération,Hors intersection,Normale,Deux véhicules - arrière,,,,,,,,,,,5,2,1,1,2
200600003059,0006-01-31 17:45:00,6,1,31,17,45,800,21,"42, NOYON (RUE DE)",,,Nuit avec éclairage allumé,En agglomération,Hors intersection,Normale,Autre collision,,,,,,,,,,,5,2,1,1,6
200600003060,0006-01-16 10:45:00,6,1,16,10,45,810,4,LAPEROUSE (PLACE),,,Plein jour,En agglomération,Hors intersection,Temps couvert,Deux véhicules - côté,,,,,,,,,,,1,2,1,8,3
200600003061,0006-01-23 19:10:00,6,1,23,19,10,810,4,PELISSIER (AV DE),,,Plein jour,En agglomération,Intersection en T,Normale,Deux véhicules - arrière,,,,,,,,,,,1,2,3,1,2
200600003062,0006-01-26 07:40:00,6,1,26,7,40,810,4,MILLAU (RTE DE) DU N° 32,,,Crépuscule ou aube,Hors agglomération,Hors intersection,Temps couvert,Deux véhicules - arrière,,,,,,,,,,,2,1,1,8,2
200600003063,0006-01-22 09:40:00,6,1,22,9,40,810,33,"129, ALBI (AV. D' )",,,Plein jour,En agglomération,Hors intersection,Pluie légère,Deux véhicules - arrière,,,,,,,,,,,1,2,1,2,2
200600003064,0006-01-01 10:40:00,6,1,1,10,40,810,65,VILLENEUVE (RUE EMILIE D,,,Plein jour,En agglomération,Intersection en X,Normale,Deux véhicules - côté,,,,,,,,,,,1,2,2,1,3
200600003065,0006-01-03 18:05:00,6,1,3,18,5,810,65,"1, INFANTERIE (PCE DE LA",,,Plein jour,En agglomération,Hors intersection,Normale,Deux véhicules - côté,,,,,,,,,,,1,2,1,1,3
200600003066,0006-01-05 18:05:00,6,1,5,18,5,810,65,GAMBETTA (RUE),,,Crépuscule ou aube,En agglomération,Intersection en X,Normale,Deux véhicules - côté,,,,,,,,,,,2,2,2,1,3
200600003067,0006-01-05 20:15:00,6,1,5,20,15,810,65,"77, ALBERT 1° (AV)",,,Nuit avec éclairage allumé,En agglomération,Giratoire,Normale,Deux véhicules - côté,,,,,,,,,,,5,2,6,1,3
200600003068,0006-01-12 10:15:00,6,1,12,10,15,810,65,LAUTREC (AVENUE DE),,,Plein jour,En agglomération,Hors intersection,Normale,Deux véhicules - arrière,,,,,,,,,,,1,2,1,1,2
200600003069,0006-01-17 19:50:00,6,1,17,19,50,810,65,DEPATEMENTALE 89 (RD),,,Nuit avec éclairage allumé,En agglomération,Intersection en X,Normale,Deux véhicules - côté,,,,,,,,,,,5,2,2,1,3
200600003070,0006-01-18 12:20:00,6,1,18,12,20,810,65,"20, HAUTERIVE (AV. D')",,,Plein jour,En agglomération,Hors intersection,Normale,Deux véhicules - arrière,,,,,,,,,,,1,2,1,1,2
200600003071,0006-01-25 07:45:00,6,1,25,7,45,810,65,NAVES RD 85 (RTE),,,Crépuscule ou aube,Hors agglomération,Hors intersection,Normale,Sans collision,,,,,,,,,,,2,1,1,1,7
200600003072,0006-01-26 07:40:00,6,1,26,7,40,810,65,"16, HAUTERIVE (AV. D')",,,Crépuscule ou aube,En agglomération,Hors intersection,Normale,Sans collision,,,,,,,,,,,2,2,1,1,7
200600003073,0006-01-02 15:30:00,6,1,2,15,30,810,105,SAINT PAUL (ROUTE DE),,,Plein jour,Hors agglomération,Hors intersection,Temps couvert,Autre collision,,,,,,,,,,,1,1,1,8,6
200600003074,0006-01-12 07:55:00,6,1,12,7,55,810,105,APPEL 18 JUIN 40 (CARREF,,,Crépuscule ou aube,En agglomération,Giratoire,Normale,Deux véhicules - côté,,,,,,,,,,,2,2,6,1,3
200600003075,0006-01-10 07:53:00,6,1,10,7,53,810,21,PREMIERE ARMEE FRANCAISE,,,Crépuscule ou aube,Hors agglomération,Hors intersection,Pluie légère,Sans collision,,,,,,,,,,,2,1,1,2,7
200600003076,0006-01-07 15:40:00,6,1,7,15,40,820,33,"1, RD 45",,,Plein jour,Hors agglomération,Hors intersection,Normale,Deux véhicules - côté,,,,,,,,,,,1,1,1,1,3
200600003077,0006-01-23 13:00:00,6,1,23,13,0,820,33,"24, JUIN (du Maréchal)",,,Plein jour,En agglomération,Hors intersection,Normale,Autre collision,,,,,,,,,,,1,2,1,1,6
200600003078,0006-01-13 18:15:00,6,1,13,18,15,820,121,"0, MANDOUNE (RUE DE LA)",,,Crépuscule ou aube,En agglomération,Hors intersection,Normale,Autre collision,,,,,,,,,,,2,2,1,1,6
200600003079,0006-01-05 07:50:00,6,1,5,7,50,820,121,"0, MARGUE (CHEMIN DE LA)",,,Crépuscule ou aube,Hors agglomération,Hors intersection,Temps couvert,Deux véhicules - frontale,,,,,,,,,,,2,1,1,8,1
200600003080,0006-01-06 00:05:00,6,1,6,0,5,820,121,"0, SARRAIL (RUE DU GENER",,,Nuit avec éclairage allumé,En agglomération,Hors intersection,Normale,Autre collision,,,,,,,,,,,5,2,1,1,6
200600003081,0006-01-17 08:15:00,6,1,17,8,15,820,121,"0, ARDUS (AVENUE D')",,,Plein jour,En agglomération,Giratoire,Normale,Deux véhicules - côté,,,,,,,,,,,1,2,6,1,3
200600003082,0006-01-22 15:31:00,6,1,22,15,31,820,121,"0, MONNET (rue jean)",,,Plein jour,En agglomération,Hors intersection,Normale,Deux véhicules - arrière,,,,,,,,,,,1,2,1,1,2
200600003083,0006-01-23 18:50:00,6,1,23,18,50,820,121,"0, GAMBETTA (AVENUE)",,,Crépuscule ou aube,En agglomération,Hors intersection,Normale,Autre collision,,,,,,,,,,,2,2,1,1,6
200600003084,0006-01-21 19:05:00,6,1,21,19,5,820,121,"700, MOULIN N 20 (AVENUE",,,Nuit avec éclairage allumé,En agglomération,Hors intersection,Normale,Trois véhicules et plus - en chaîne,,,,,,,,,,,5,2,1,1,4
200600003085,0006-01-24 22:10:00,6,1,24,22,10,820,121,"0, PARIS N 20 (AVENUE DE",,,Nuit avec éclairage allumé,En agglomération,Giratoire,Normale,Autre collision,,,,,,,,,,,5,2,6,1,6
200600003086,0006-01-25 10:00:00,6,1,25,10,0,820,121,"0, MOUSTIER (FAUBOURG DE",,,Plein jour,En agglomération,Intersection en T,Normale,Deux véhicules - côté,,,,,,,,,,,1,2,3,1,3
200600003087,0006-01-28 05:51:00,6,1,28,5,51,820,121,"0, MONTECH (AVENUE DE)",,,Nuit sans éclairage public,Hors agglomération,Hors intersection,Neige / grêle,Autre collision,,,,,,,,,,,3,1,1,4,6
200600003088,0006-01-28 16:05:00,6,1,28,16,5,820,121,"0, ARDUS (AVENUE D')",,,Plein jour,En agglomération,Intersection en T,Normale,Deux véhicules - côté,,,,,,,,,,,1,2,3,1,3
200600003089,0006-01-25 14:22:00,6,1,25,14,22,820,121,"0, DELPOUYS(rue maurice)",,,Plein jour,En agglomération,Hors intersection,Normale,Deux véhicules - arrière,,,,,,,,,,,1,2,1,1,2
200600003090,0006-01-29 07:10:00,6,1,29,7,10,820,121,"0, AUCH (ROUTE D')",,,Nuit sans éclairage public,Hors agglomération,Hors intersection,Neige / grêle,Autre collision,,,,,,,,,,,3,1,1,4,6
200600003091,0006-01-25 20:15:00,6,1,25,20,15,820,121,"0, ALBI D 999 (AVENUE D'",,,Nuit avec éclairage allumé,Hors agglomération,Intersection en X,Normale,Deux véhicules - côté,,,,,,,,,,,5,1,2,1,3
200600003092,0006-01-03 10:00:00,6,1,3,10,0,830,50,"145, DE GAULLE(AVENUE CH",,,Plein jour,En agglomération,Hors intersection,Normale,Autre collision,,,,,,,,,,,1,2,1,1,6
200600003093,0006-01-11 08:50:00,6,1,11,8,50,830,50,CLEMENCEAU(BOULEVARD GEO,,,Plein jour,En agglomération,Intersection en T,Normale,Autre collision,,,,,,,,,,,1,2,3,1,6
200600003094,0006-01-31 16:25:00,6,1,31,16,25,830,50,"95, ANCIENS COMBATTANTS",,,Plein jour,En agglomération,Intersection en T,Normale,Autre collision,,,,,,,,,,,1,2,3,1,6
200600003095,0006-01-09 17:55:00,6,1,9,17,55,830,61,"0, RN7",,,Nuit avec éclairage allumé,En agglomération,Hors intersection,Normale,Deux véhicules - côté,,,,,,,,,,,5,2,1,1,3
200600003096,0006-01-22 11:25:00,6,1,22,11,25,830,118,CHEMIN DE LA LAUVE,,,Plein jour,En agglomération,Hors intersection,Normale,Deux véhicules - côté,,,,,,,,,,,1,2,1,1,3
200600003097,0006-01-31 18:48:00,6,1,31,18,48,830,118,BOULEVARD CHRISTIAN LAFO,,,Nuit avec éclairage allumé,En agglomération,Hors intersection,Normale,Deux véhicules - côté,,,,,,,,,,,5,2,1,1,3
200600003098,0006-01-10 14:50:00,6,1,10,14,50,830,61,"face 405, BOULEVARD DE L",,,Plein jour,En agglomération,Hors intersection,Normale,Autre collision,,,,,,,,,,,1,2,1,1,6
200600003099,0006-01-18 18:30:00,6,1,18,18,30,830,61,"205, AVENUE LOUIS CASTIL",,,Nuit avec éclairage allumé,En agglomération,Hors intersection,Normale,Deux véhicules - côté,,,,,,,,,,,5,2,1,1,3
200600003100,0006-01-24 18:12:00,6,1,24,18,12,830,61,CD8,,,Nuit sans éclairage public,Hors agglomération,Hors intersection,Normale,Deux véhicules - côté,,,,,,,,,,,3,1,1,1,3
200600003101,0006-01-04 09:50:00,6,1,4,9,50,830,118,"0, AVENUE VICTOR HUGO",,,Plein jour,En agglomération,Hors intersection,Temps éblouissant,Autre collision,,,,,,,,,,,1,2,1,7,6
200600003102,0006-01-12 03:35:00,6,1,12,3,35,830,69,GIENS (ROUTE DE ),,,Nuit avec éclairage allumé,Hors agglomération,Hors intersection,Normale,Autre collision,,,,,,,,,,,5,1,1,1,6
200600003103,0006-01-04 22:25:00,6,1,4,22,25,830,69,AEROPORT (AVENUE DE L'),,,Nuit avec éclairage allumé,Hors agglomération,Hors intersection,Normale,Deux véhicules - côté,,,,,,,,,,,5,1,1,1,3
200600003104,0006-01-05 12:50:00,6,1,5,12,50,830,69,GIENS (ROUTE DE ),,,Plein jour,Hors agglomération,Hors intersection,Normale,Deux véhicules - côté,,,,,,,,,,,1,1,1,1,3
200600003105,0006-01-09 13:40:00,6,1,9,13,40,830,69,"25, PLAN DU PONT ( CHEMI",,,Plein jour,Hors agglomération,Hors intersection,Normale,Autre collision,,,,,,,,,,,1,1,1,1,6
200600003106,0006-01-06 17:30:00,6,1,6,17,30,830,129,"2375, KENNEDY (AVENUE J.",,,Nuit avec éclairage allumé,En agglomération,Hors intersection,Pluie légère,Autre collision,,,,,,,,,,,5,2,1,2,6
200600003107,0006-01-09 11:20:00,6,1,9,11,20,830,9,"162, PROVENCE (RUE DE)",,,Plein jour,En agglomération,Intersection en Y,Normale,Deux véhicules - côté,,,,,,,,,,,1,2,4,1,3
200600003108,0006-01-12 18:20:00,6,1,12,18,20,830,129,"616, ECOLES (BD DES)",,,Nuit avec éclairage allumé,En agglomération,Intersection en X,Normale,Deux véhicules - côté,,,,,,,,,,,5,2,2,1,3
200600003109,0006-01-18 16:30:00,6,1,18,16,30,830,129,EUROPE (AVENU DE L'),,,Plein jour,En agglomération,Intersection en X,Vent fort / tempête,Trois véhicules et plus - en chaîne,,,,,,,,,,,1,2,2,6,4
200600003110,0006-01-19 12:20:00,6,1,19,12,20,830,123,GARE (ROUTE),,,Plein jour,En agglomération,Hors intersection,Normale,Autre collision,,,,,,,,,,,1,2,1,1,6
200600003111,0006-01-03 00:40:00,6,1,3,0,40,830,126,RENOIR (AV AUGUSTE),,,Nuit avec éclairage allumé,En agglomération,Hors intersection,Normale,Autre collision,,,,,,,,,,,5,2,1,1,6
200600003112,0006-01-07 18:50:00,6,1,7,18,50,830,126,", CARMILLE ( AV DU GENER",,,Nuit avec éclairage allumé,En agglomération,Intersection en T,Normale,Deux véhicules - côté,,,,,,,,,,,5,2,3,1,3
200600003113,0006-01-09 10:20:00,6,1,9,10,20,830,126,LONDRES (AV DE),,,Plein jour,En agglomération,Hors intersection,Normale,Deux véhicules - arrière,,,,,,,,,,,1,2,1,1,2
200600003114,0006-01-14 13:35:00,6,1,14,13,35,830,126,", ROSTAND (BD JEAN)",,,Plein jour,En agglomération,Hors intersection,Normale,Trois véhicules et plus - en chaîne,,,,,,,,,,,1,2,1,1,4
200600003115,0006-01-15 15:20:00,6,1,15,15,20,830,126,LAMARQUE (AV JEAN ALBERT,,,Plein jour,En agglomération,Hors intersection,Normale,Deux véhicules - côté,,,,,,,,,,,1,2,1,1,3
200600003116,0006-01-15 14:41:00,6,1,15,14,41,830,126,", QUATRE SEPTEMBRE (BD D",,,Plein jour,En agglomération,Intersection en X,Pluie légère,Deux véhicules - côté,,,,,,,,,,,1,2,2,2,3
200600003117,0006-01-17 03:10:00,6,1,17,3,10,830,126,CD63,,,Nuit sans éclairage public,En agglomération,Hors intersection,Pluie légère,Autre collision,,,,,,,,,,,3,2,1,2,6
200600003118,0006-01-16 18:25:00,6,1,16,18,25,830,126,GENDARMES D'OUVEA ( ROUT,,,Nuit sans éclairage public,En agglomération,Hors intersection,Pluie légère,Deux véhicules - côté,,,,,,,,,,,3,2,1,2,3
200600003119,0006-01-17 07:00:00,6,1,17,7,0,830,126,IVALDI (AV JEAN BAPTISTE,,,Nuit avec éclairage allumé,En agglomération,Hors intersection,Pluie légère,Autre collision,,,,,,,,,,,5,2,1,2,6
200600003120,0006-01-17 20:22:00,6,1,17,20,22,830,126,LAMARQUE (AV JEAN ALBERT,,,Nuit avec éclairage allumé,En agglomération,Hors intersection,Pluie légère,Deux véhicules - côté,,,,,,,,,,,5,2,1,2,3
200600003121,0006-01-19 14:05:00,6,1,19,14,5,830,126,PAUL (AV MARCEL),,,Plein jour,En agglomération,Hors intersection,Normale,Autre collision,,,,,,,,,,,1,2,1,1,6
200600003122,0006-01-23 18:10:00,6,1,23,18,10,830,126,", STALINGRAD (BD)",,,Nuit avec éclairage allumé,En agglomération,Hors intersection,Normale,Autre collision,,,,,,,,,,,5,2,1,1,6
200600003123,0006-01-30 18:00:00,6,1,30,18,0,830,126,DE GAULLE (AV CHARLES),,,Nuit avec éclairage allumé,En agglomération,Hors intersection,Pluie légère,Autre collision,,,,,,,,,,,5,2,1,2,6
200600003124,0006-01-31 09:15:00,6,1,31,9,15,830,126,EUROPE (BD DE L'),,,Plein jour,En agglomération,Intersection en X,Normale,Deux véhicules - côté,,,,,,,,,,,1,2,2,1,3
200600003125,0006-01-31 17:00:00,6,1,31,17,0,830,126,ANCIENS COMBATANTS D'IND,,,Plein jour,En agglomération,Hors intersection,Normale,Deux véhicules - côté,,,,,,,,,,,1,2,1,1,3
200600003126,0006-01-01 00:40:00,6,1,1,0,40,830,137,GASQUET (AVE JOSEPH DE 1,,,Nuit avec éclairage allumé,En agglomération,Hors intersection,Pluie légère,Autre collision,,,,,,,,,,,5,2,1,2,6
200600003127,0006-01-02 16:25:00,6,1,2,16,25,830,137,"0, BRIAND (AVE ARISTIDE",,,Plein jour,En agglomération,Intersection en Y,Normale,Autre collision,,,,,,,,,,,1,2,4,1,6
200600003128,0006-01-02 13:45:00,6,1,2,13,45,830,137,RESISTANCE (AVE / IMP DE,,,Plein jour,En agglomération,Intersection en T,Normale,Deux véhicules - côté,,,,,,,,,,,1,2,3,1,3
200600003129,0006-01-03 07:45:00,6,1,3,7,45,830,137,"0, ESCARTEFIGUE (CORNICH",,,Plein jour,En agglomération,Intersection en T,Normale,Deux véhicules - côté,,,,,,,,,,,1,2,3,1,3
200600003130,0006-01-07 18:00:00,6,1,7,18,0,830,90,CANNIERS (CHEMIN DES),,,Nuit sans éclairage public,En agglomération,Intersection en X,Normale,Deux véhicules - côté,,,,,,,,,,,3,2,2,1,3
200600003131,0006-01-08 12:55:00,6,1,8,12,55,830,137,"1, DE LATTRE DE TASSIGNY",,,Plein jour,En agglomération,Hors intersection,Normale,Deux véhicules - arrière,,,,,,,,,,,1,2,1,1,2
200600003132,0006-01-12 04:45:00,6,1,12,4,45,830,137,"0, SAINT BERNARD (RUE /",,,Nuit avec éclairage allumé,En agglomération,Intersection en T,Normale,Deux véhicules - côté,,,,,,,,,,,5,2,3,1,3