accident_id,datetime,annee,mois,jour,heure,minute,departement,commune_insee,adresse,latitude,longitude,luminosite,agglomeration,intersection,meteo,collision,nb_vehicules,nb_usagers,nb_indemnes,nb_tues,nb_blesses_hosp,nb_blesses_legers,age_cond_1,age_cond_2,veh_type_cond_1,veh_type_cond_2,lum_code,agg_code,int_code,atm_code,col_code
200600003654,0006-01-01 05:00:00,6,1,1,5,0,930,55,"180, GENERAL LECLERC(AVE",,,Nuit avec éclairage allumé,En agglomération,Hors intersection,Normale,Autre collision,,,,,,,,,,,5,2,1,1,6
200600003655,0006-01-01 07:30:00,6,1,1,7,30,930,55,"222, JEAN LOLIVE (AVENUE",,,Nuit avec éclairage allumé,En agglomération,Hors intersection,Pluie légère,Autre collision,,,,,,,,,,,5,2,1,2,6
200600003656,0006-01-01 18:50:00,6,1,1,18,50,930,55,"20, DEPORTATION (VOIE DE",,,Nuit avec éclairage allumé,En agglomération,Hors intersection,Pluie légère,Sans collision,,,,,,,,,,,5,2,1,2,7
200600003657,0006-01-06 08:15:00,6,1,6,8,15,930,55,"1, GENERAL LECLERC (AVEN",,,Plein jour,En agglomération,Hors intersection,Normale,Sans collision,,,,,,,,,,,1,2,1,1,7
200600003658,0006-01-11 14:15:00,6,1,11,14,15,930,55,"108, JEAN LOLIVE (AVENUE",,,Plein jour,En agglomération,Hors intersection,Pluie légère,Sans collision,,,,,,,,,,,1,2,1,2,7
200600003659,0006-01-15 10:00:00,6,1,15,10,0,930,55,"130, JEAN LOLIVE (AVENUE",,,Plein jour,En agglomération,Hors intersection,Normale,Deux véhicules - côté,,,,,,,,,,,1,2,1,1,3
200600003660,0006-01-16 20:05:00,6,1,16,20,5,930,55,"31, DELIZY (DU 23 A FIN",,,Nuit avec éclairage allumé,En agglomération,Hors intersection,Normale,Deux véhicules - côté,,,,,,,,,,,5,2,1,1,3
200600003661,0006-01-17 08:35:00,6,1,17,8,35,930,55,"180, GENERAL LECLERC(AVE",,,Crépuscule ou aube,En agglomération,Hors intersection,Pluie légère,Deux véhicules - arrière,,,,,,,,,,,2,2,1,2,2
200600003662,0006-01-17 20:50:00,6,1,17,20,50,930,55,"110 BIS, GENERAL LECLERC",,,Nuit avec éclairage allumé,En agglomération,Hors intersection,Autre,Deux véhicules - côté,,,,,,,,,,,5,2,1,9,3
200600003663,0006-01-19 01:00:00,6,1,19,1,0,930,55,"200, JEAN LOLIVE (AVENUE",,,Nuit avec éclairage allumé,En agglomération,Hors intersection,Pluie légère,Autre collision,,,,,,,,,,,5,2,1,2,6
200600003664,0006-01-24 08:45:00,6,1,24,8,45,930,55,"104, JEAN LOLIVE (AVENUE",,,Plein jour,En agglomération,Intersection en X,Normale,Deux véhicules - côté,,,,,,,,,,,1,2,2,1,3
200600003665,0006-01-03 23:10:00,6,1,3,23,10,930,14,"211, MONTFERMEIL (ALLEE",,,Nuit avec éclairage allumé,En agglomération,Intersection en X,Normale,Deux véhicules - côté,,,,,,,,,,,5,2,2,1,3
200600003666,0006-01-06 12:50:00,6,1,6,12,50,930,14,"01, MAURICE HURON (ALLEE",,,Plein jour,En agglomération,Intersection à plus de 4 branches,Normale,Deux véhicules - frontale,,,,,,,,,,,1,2,5,1,1
200600003667,0006-01-06 13:35:00,6,1,6,13,35,930,14,"201, GAGNY (ALLEE DE) TO",,,Plein jour,En agglomération,Hors intersection,Temps couvert,Autre collision,,,,,,,,,,,1,2,1,8,6
200600003668,0006-01-08 06:20:00,6,1,8,6,20,930,14,"9, SEVIGNE (AVENUE DE)",,,Nuit avec éclairage allumé,En agglomération,Hors intersection,Pluie légère,Autre collision,,,,,,,,,,,5,2,1,2,6
200600003669,0006-01-18 19:20:00,6,1,18,19,20,930,62,"28, THIERS (AVENUE)",,,Nuit avec éclairage allumé,En agglomération,Intersection en X,Pluie légère,Autre collision,,,,,,,,,,,5,2,2,2,6
200600003670,0006-01-19 10:25:00,6,1,19,10,25,930,14,"0,000, STRATEGIQUE (ROUT",,,Plein jour,En agglomération,Hors intersection,Pluie légère,Deux véhicules - frontale,,,,,,,,,,,1,2,1,2,1
200600003671,0006-01-25 17:25:00,6,1,25,17,25,930,62,", MIDI (BOULEVARD DU)",,,Nuit sans éclairage public,En agglomération,Intersection en X,Temps couvert,Deux véhicules - côté,,,,,,,,,,,3,2,2,8,3
200600003672,0006-01-03 08:15:00,6,1,3,8,15,930,64,"80, KENNEDY (AVENUE DU P",,,Crépuscule ou aube,En agglomération,Hors intersection,Normale,Deux véhicules - arrière,,,,,,,,,,,2,2,1,1,2
200600003673,0006-01-03 11:00:00,6,1,3,11,0,930,77,"09, PASTEUR (RUE) 0 / 6",,,Plein jour,En agglomération,Intersection en X,Normale,Sans collision,,,,,,,,,,,1,2,2,1,7
200600003674,0006-01-05 13:05:00,6,1,5,13,5,930,77,"46, RAINCY (AVENUE DU)",,,Plein jour,En agglomération,Hors intersection,Normale,Deux véhicules - côté,,,,,,,,,,,1,2,1,1,3
200600003675,0006-01-05 21:00:00,6,1,5,21,0,930,77,GARE (PLACE DE LA),,,Nuit avec éclairage allumé,En agglomération,Place,Normale,Deux véhicules - côté,,,,,,,,,,,5,2,7,1,3
200600003676,0006-01-13 21:35:00,6,1,13,21,35,930,64,"05, KENNEDY (AVENUE DU P",,,Nuit avec éclairage allumé,En agglomération,Intersection en T,Normale,Deux véhicules - côté,,,,,,,,,,,5,2,3,1,3
200600003677,0006-01-14 15:45:00,6,1,14,15,45,930,64,GAGNY (AVENUE DE),,,Plein jour,En agglomération,Intersection en Y,Normale,Deux véhicules - côté,,,,,,,,,,,1,2,4,1,3
200600003678,0006-01-17 18:00:00,6,1,17,18,0,930,64,OFFENBACH (RUE JACQUES),,,Crépuscule ou aube,En agglomération,Hors intersection,Normale,Autre collision,,,,,,,,,,,2,2,1,1,6
200600003679,0006-01-16 09:00:00,6,1,16,9,0,930,77,"63, ROSNY (AVENUE DE)",,,Plein jour,En agglomération,Hors intersection,Normale,Deux véhicules - arrière,,,,,,,,,,,1,2,1,1,2
200600003680,0006-01-01 07:00:00,6,1,1,7,0,930,66,CACHIN MARCEL (AVENUE),,,Nuit avec éclairage allumé,En agglomération,Intersection en X,Pluie forte,Autre collision,,,,,,,,,,,5,2,2,3,6
200600003681,0006-01-03 18:00:00,6,1,3,18,0,930,39,"31, JAURES JEAN (AVENUE)",,,Nuit avec éclairage allumé,En agglomération,Hors intersection,Normale,Trois véhicules et plus - collisions multiples,,,,,,,,,,,5,2,1,1,5
200600003682,0006-01-08 19:55:00,6,1,8,19,55,930,66,PRESSENCE FRANCIS (AVENU,,,Nuit avec éclairage allumé,En agglomération,Intersection en Y,Pluie légère,Autre collision,,,,,,,,,,,5,2,4,2,6
200600003683,0006-01-09 18:25:00,6,1,9,18,25,930,66,"30, ""STALINGRAND (AV), N",,,Nuit avec éclairage allumé,En agglomération,Hors intersection,Normale,Deux véhicules - côté,,,,,,,,,,,5,2,1,1,3
200600003684,0006-01-10 16:10:00,6,1,10,16,10,930,66,CROIZAT AMBROISE RD 29 B,,,Plein jour,En agglomération,Hors intersection,Normale,Deux véhicules - arrière,,,,,,,,,,,1,2,1,1,2
200600003685,0006-01-12 18:26:00,6,1,12,18,26,930,66,GENERAL DE GAULLE,,,Nuit avec éclairage allumé,En agglomération,Intersection en T,Normale,Deux véhicules - côté,,,,,,,,,,,5,2,3,1,3
200600003686,0006-01-14 14:30:00,6,1,14,14,30,930,66,COURNEUVE (ROUTE),,,Plein jour,En agglomération,Intersection en X,Normale,Deux véhicules - côté,,,,,,,,,,,1,2,2,1,3
200600003687,0006-01-15 16:30:00,6,1,15,16,30,930,66,"03, ROLLAND ROMAIN (AVEN",,,Plein jour,En agglomération,Intersection en X,Normale,Autre collision,,,,,,,,,,,1,2,2,1,6
200600003688,0006-01-16 07:20:00,6,1,16,7,20,930,66,"123, WILSON (AVENUE DU P",,,Nuit avec éclairage allumé,En agglomération,Hors intersection,Normale,Autre collision,,,,,,,,,,,5,2,1,1,6
200600003689,0006-01-18 23:15:00,6,1,18,23,15,930,66,BRICHE NR 2 A 38,,,Nuit avec éclairage allumé,En agglomération,Intersection en X,Pluie légère,Deux véhicules - côté,,,,,,,,,,,5,2,2,2,3
200600003690,0006-01-18 09:05:00,6,1,18,9,5,930,39,PAUL MARCEL (BOULEVARD),,,Plein jour,En agglomération,Hors intersection,Pluie légère,Deux véhicules - côté,,,,,,,,,,,1,2,1,2,3
200600003691,0006-01-19 07:35:00,6,1,19,7,35,930,66,"""SEMBAT MARCEL (BD), NR",,,Crépuscule ou aube,En agglomération,Hors intersection,Pluie légère,Autre collision,,,,,,,,,,,2,2,1,2,6
200600003692,0006-01-24 17:30:00,6,1,24,17,30,930,66,"21, LIBERATION RD14 (BOU",,,Nuit avec éclairage allumé,En agglomération,Intersection en T,Temps couvert,Autre collision,,,,,,,,,,,5,2,3,8,6
200600003693,0006-01-26 10:40:00,6,1,26,10,40,930,66,METAIRIE,,,Plein jour,Hors agglomération,Place,Normale,Autre collision,,,,,,,,,,,1,1,7,1,6
200600003694,0006-01-28 23:20:00,6,1,28,23,20,930,66,"247, WILSON (AVENUE DU P",,,Nuit sans éclairage public,En agglomération,Hors intersection,Normale,Trois véhicules et plus - en chaîne,,,,,,,,,,,3,2,1,1,4
200600003695,0006-01-30 16:45:00,6,1,30,16,45,930,66,GENERAL LECLERC (PLACE),,,Plein jour,En agglomération,Hors intersection,Normale,Deux véhicules - côté,,,,,,,,,,,1,2,1,1,3
200600003696,0006-01-30 18:05:00,6,1,30,18,5,930,66,STADE DE FRANCE (AVENUE,,,Nuit avec éclairage allumé,En agglomération,Intersection en T,Normale,Autre collision,,,,,,,,,,,5,2,3,1,6
200600003697,0006-01-31 10:00:00,6,1,31,10,0,930,66,FRANCE ANATOLE (BOULEVAR,,,Plein jour,En agglomération,Intersection en X,Normale,Autre collision,,,,,,,,,,,1,2,2,1,6
200600003698,0006-01-05 19:05:00,6,1,5,19,5,930,70,"05, SEINE (QUAI DE)",,,Nuit sans éclairage public,En agglomération,Hors intersection,Neige / grêle,Deux véhicules - arrière,,,,,,,,,,,3,2,1,4,2
200600003699,0006-01-20 07:51:00,6,1,20,7,51,930,70,"11, RASPAIL(RUE)",,,Crépuscule ou aube,En agglomération,Intersection en X,Pluie légère,Autre collision,,,,,,,,,,,2,2,2,2,6
200600003700,0006-01-06 15:24:00,6,1,6,15,24,930,70,"140, DOCTEUR BAUER(RUE D",,,Plein jour,En agglomération,Hors intersection,Normale,Sans collision,,,,,,,,,,,1,2,1,1,7
200600003701,0006-01-09 21:05:00,6,1,9,21,5,930,70,GABRIEL-PERI (AV),,,Nuit avec éclairage allumé,En agglomération,Hors intersection,Normale,Deux véhicules - côté,,,,,,,,,,,5,2,1,1,3
200600003702,0006-01-11 19:40:00,6,1,11,19,40,930,70,"49, GABRIEL-PERI (AV)",,,Nuit avec éclairage allumé,En agglomération,Hors intersection,Pluie légère,Autre collision,,,,,,,,,,,5,2,1,2,6
200600003703,0006-01-17 16:10:00,6,1,17,16,10,930,70,"76, MICHELET (AVE) : DU",,,Plein jour,En agglomération,Intersection en T,Pluie légère,Autre collision,,,,,,,,,,,1,2,3,2,6
200600003704,0006-01-19 16:50:00,6,1,19,16,50,930,70,REPUBLIQUE (PL DE LA),,,Plein jour,En agglomération,Hors intersection,Normale,Deux véhicules - côté,,,,,,,,,,,1,2,1,1,3
200600003705,0006-01-27 13:30:00,6,1,27,13,30,930,70,"72, ALBERT-DHALENNE (RUE",,,Plein jour,En agglomération,Intersection en T,Normale,Autre collision,,,,,,,,,,,1,2,3,1,6
200600003706,0006-01-28 23:20:00,6,1,28,23,20,930,70,"82, MICHELET (AVE) : DU",,,Nuit avec éclairage allumé,En agglomération,Intersection en T,Temps couvert,Autre collision,,,,,,,,,,,5,2,3,8,6
200600003707,0006-01-04 12:50:00,6,1,4,12,50,930,71,JEAN MOULIN (CARREFOUR),,,Plein jour,En agglomération,Intersection en X,Normale,Deux véhicules - côté,,,,,,,,,,,1,2,2,1,3
200600003708,0006-01-13 10:45:00,6,1,13,10,45,930,71,"41, AULNAY (RUE D')",,,Plein jour,En agglomération,Hors intersection,Normale,Deux véhicules - frontale,,,,,,,,,,,1,2,1,1,1
200600003709,0006-01-17 16:25:00,6,1,17,16,25,930,71,"90, LIVRY (AVENUE DE)",,,Plein jour,En agglomération,Hors intersection,Pluie légère,Autre collision,,,,,,,,,,,1,2,1,2,6
200600003710,0006-01-18 21:05:00,6,1,18,21,5,930,71,HENRI DUNANT (AVENUE),,,Nuit avec éclairage allumé,En agglomération,Intersection en X,Pluie légère,Deux véhicules - côté,,,,,,,,,,,5,2,2,2,3
200600003711,0006-01-21 19:50:00,6,1,21,19,50,930,71,JOHN F. KENNEDY (AVENUE),,,Nuit avec éclairage allumé,En agglomération,Intersection en X,Normale,Deux véhicules - côté,,,,,,,,,,,5,2,2,1,3
200600003712,0006-01-28 09:45:00,6,1,28,9,45,930,71,"12, CHARLES CONRAD (RUE)",,,Plein jour,En agglomération,Hors intersection,Temps couvert,Autre collision,,,,,,,,,,,1,2,1,8,6
200600003713,0006-01-09 19:15:00,6,1,9,19,15,930,59,"2, AMIENS (RUE D') N° 02",,,Nuit avec éclairage allumé,En agglomération,Intersection en T,Normale,Autre collision,,,,,,,,,,,5,2,3,1,6
200600003714,0006-01-13 13:14:00,6,1,13,13,14,930,59,"201, LENINE (AVENUE) N°2",,,Plein jour,En agglomération,Hors intersection,Temps couvert,Autre collision,,,,,,,,,,,1,2,1,8,6
200600003715,0006-01-20 16:30:00,6,1,20,16,30,930,72,"89, MAXIME GORKI (BOULEV",,,Crépuscule ou aube,En agglomération,Intersection en X,Pluie légère,Autre collision,,,,,,,,,,,2,2,2,2,6
200600003716,0006-01-06 19:10:00,6,1,6,19,10,930,59,GUYNEMER (RUE) N° 01 AU,,,Nuit avec éclairage allumé,En agglomération,Hors intersection,Normale,Deux véhicules - frontale,,,,,,,,,,,5,2,1,1,1
200600003717,0006-01-06 13:00:00,6,1,6,13,0,930,59,"99, CHARLES DE GAULLE (B",,,Plein jour,En agglomération,Hors intersection,Normale,Autre collision,,,,,,,,,,,1,2,1,1,6
200600003718,0006-01-07 05:55:00,6,1,7,5,55,930,72,"00, MAXIME GORKI (BOULEV",,,Nuit avec éclairage allumé,En agglomération,Intersection en T,Normale,Deux véhicules - arrière,,,,,,,,,,,5,2,3,1,2
200600003719,0006-01-01 16:20:00,6,1,1,16,20,930,59,"35, JEAN MERMOZ (BOULEVA",,,Plein jour,En agglomération,Hors intersection,Pluie légère,Autre collision,,,,,,,,,,,1,2,1,2,6
200600003720,0006-01-02 17:35:00,6,1,2,17,35,930,72,"193, MAXIME GORKI (BOULE",,,Nuit avec éclairage allumé,En agglomération,Hors intersection,Normale,Trois véhicules et plus - collisions multiples,,,,,,,,,,,5,2,1,1,5
200600003721,0006-01-18 14:15:00,6,1,18,14,15,930,59,"96, JEAN MERMOZ (BOULEVA",,,Plein jour,En agglomération,Hors intersection,Pluie légère,Deux véhicules - arrière,,,,,,,,,,,1,2,1,2,2
200600003722,0006-01-29 12:50:00,6,1,29,12,50,930,59,", AMIENS (RUE D') N° 02",,,Plein jour,En agglomération,Intersection en T,Normale,Deux véhicules - côté,,,,,,,,,,,1,2,3,1,3
200600003723,0006-01-29 13:30:00,6,1,29,13,30,930,72,"21, STALINGRAD (AVENUE D",,,Plein jour,En agglomération,Hors intersection,Normale,Deux véhicules - côté,,,,,,,,,,,1,2,1,1,3
200600003724,0006-01-11 20:35:00,6,1,11,20,35,930,78,"112, BALLANGER (BD ROBER",,,Nuit avec éclairage allumé,En agglomération,Hors intersection,Pluie légère,Deux véhicules - côté,,,,,,,,,,,5,2,1,2,3
200600003725,0006-01-14 21:00:00,6,1,14,21,0,930,78,BALLANGER (BD ROBERT),,,Nuit avec éclairage allumé,En agglomération,Intersection en X,Normale,Deux véhicules - côté,,,,,,,,,,,5,2,2,1,3
200600003726,0006-01-15 21:30:00,6,1,15,21,30,930,78,DELATTRE DE TASSIGNY (AV,,,Nuit avec éclairage allumé,En agglomération,Hors intersection,Normale,Deux véhicules - côté,,,,,,,,,,,5,2,1,1,3
200600003727,0006-01-23 14:05:00,6,1,23,14,5,930,73,PETITS PONTS (ROUTE DES),,,Plein jour,En agglomération,Intersection en X,Normale,Deux véhicules - côté,,,,,,,,,,,1,2,2,1,3
200600003728,0006-01-30 12:55:00,6,1,30,12,55,930,78,DELATTRE DE TASSIGNY (AV,,,Plein jour,En agglomération,Hors intersection,Normale,Autre collision,,,,,,,,,,,1,2,1,1,6
200600003729,0006-01-10 09:25:00,6,1,10,9,25,940,2,BLANQUI (QU),,,Plein jour,En agglomération,Hors intersection,Normale,Sans collision,,,,,,,,,,,1,2,1,1,7
200600003730,0006-01-11 18:45:00,6,1,11,18,45,940,2,"0, EMILE ZOLA (R)",,,Nuit avec éclairage allumé,En agglomération,Intersection en X,Pluie légère,Deux véhicules - côté,,,,,,,,,,,5,2,2,2,3
200600003731,0006-01-11 18:50:00,6,1,11,18,50,940,2,", BEETHOVEN (COUR)",,,Nuit avec éclairage allumé,En agglomération,Hors intersection,Pluie forte,Deux véhicules - arrière,,,,,,,,,,,5,2,1,3,2
200600003732,0006-01-28 23:10:00,6,1,28,23,10,940,2,REVOLUTION (QU DE LA),,,Nuit avec éclairage allumé,En agglomération,Hors intersection,Pluie légère,Trois véhicules et plus - en chaîne,,,,,,,,,,,5,2,1,2,4
200600003733,0006-01-04 18:00:00,6,1,4,18,0,940,48,"01, route nationale 19",,,Nuit avec éclairage allumé,En agglomération,Intersection en X,Normale,Autre collision,,,,,,,,,,,5,2,2,1,6
200600003734,0006-01-03 11:20:00,6,1,3,11,20,940,44,"0, JEAN MONNET (R)",,,Plein jour,En agglomération,Hors intersection,Normale,Deux véhicules - arrière,,,,,,,,,,,1,2,1,1,2
200600003735,0006-01-04 21:20:00,6,1,4,21,20,940,44,GEORGES CLEMENCEAU (R),,,Nuit avec éclairage allumé,En agglomération,Autre intersection,Normale,Autre collision,,,,,,,,,,,5,2,9,1,6
200600003736,0006-01-09 20:25:00,6,1,9,20,25,940,44,"5, GENERAL LECLERC (AV D",,,Nuit avec éclairage allumé,En agglomération,Hors intersection,Normale,Deux véhicules - arrière,,,,,,,,,,,5,2,1,1,2
200600003737,0006-01-12 08:25:00,6,1,12,8,25,940,44,MARIUS DANTZ (AV),,,Plein jour,En agglomération,Intersection en T,Normale,Deux véhicules - côté,,,,,,,,,,,1,2,3,1,3
200600003738,0006-01-14 10:17:00,6,1,14,10,17,940,44,GENERAL LECLERC (AV DU),,,Plein jour,En agglomération,Hors intersection,Normale,Trois véhicules et plus - en chaîne,,,,,,,,,,,1,2,1,1,4
200600003739,0006-01-14 18:30:00,6,1,14,18,30,940,75,GENERAL LECLERC (R DU),,,Nuit avec éclairage allumé,En agglomération,Hors intersection,Normale,Trois véhicules et plus - collisions multiples,,,,,,,,,,,5,2,1,1,5
200600003740,0006-01-17 19:00:00,6,1,17,19,0,940,75,LATTRE DE TASSIGNY (AV D,,,Nuit avec éclairage allumé,En agglomération,Hors intersection,Pluie légère,Autre collision,,,,,,,,,,,5,2,1,2,6
200600003741,0006-01-17 20:30:00,6,1,17,20,30,940,70,PARIS (RTE DE),,,Nuit sans éclairage public,En agglomération,Hors intersection,Temps couvert,Trois véhicules et plus - collisions multiples,,,,,,,,,,,3,2,1,8,5
200600003742,0006-01-21 18:40:00,6,1,21,18,40,940,44,"10, DESCARTES (AV)",,,Nuit sans éclairage public,En agglomération,Hors intersection,Normale,Sans collision,,,,,,,,,,,3,2,1,1,7
200600003743,0006-01-19 09:05:00,6,1,19,9,5,940,44,"0, PARIS (R DE)",,,Plein jour,En agglomération,Hors intersection,Normale,Autre collision,,,,,,,,,,,1,2,1,1,6
200600003744,0006-01-24 10:30:00,6,1,24,10,30,940,75,"0, LATTRE DE TASSIGNY (A",,,Plein jour,En agglomération,Hors intersection,Normale,Deux véhicules - côté,,,,,,,,,,,1,2,1,1,3
200600003745,0006-01-26 07:20:00,6,1,26,7,20,940,71,"0, PARIS (R DE)",,,Crépuscule ou aube,En agglomération,Hors intersection,Normale,Autre collision,,,,,,,,,,,2,2,1,1,6
200600003746,0006-01-27 08:05:00,6,1,27,8,5,940,44,"0, DESCARTES (AV)",,,Plein jour,En agglomération,Intersection en Y,Normale,Deux véhicules - côté,,,,,,,,,,,1,2,4,1,3
200600003747,0006-01-30 08:45:00,6,1,30,8,45,940,44,"0, GROS BOIS (AV DE)",,,Plein jour,En agglomération,Intersection en X,Normale,Deux véhicules - côté,,,,,,,,,,,1,2,2,1,3
200600003748,0006-01-04 07:30:00,6,1,4,7,30,940,71,"0, PARIS (R DE)",,,Nuit avec éclairage allumé,En agglomération,Hors intersection,Pluie légère,Autre collision,,,,,,,,,,,5,2,1,2,6
200600003749,0006-01-11 15:50:00,6,1,11,15,50,940,44,"22, HENRI BARBUSSE (R)",,,Plein jour,En agglomération,Hors intersection,Pluie légère,Autre collision,,,,,,,,,,,1,2,1,2,6
200600003750,0006-01-04 18:01:00,6,1,4,18,1,940,48,route nationale 19,,,Nuit avec éclairage allumé,En agglomération,Intersection en X,Normale,Deux véhicules - côté,,,,,,,,,,,5,2,2,1,3
200600003751,0006-01-01 16:50:00,6,1,1,16,50,940,44,"45, HENRI BARBUSSE (R)",,,Plein jour,En agglomération,Hors intersection,Normale,Autre collision,,,,,,,,,,,1,2,1,1,6
200600003752,0006-01-01 05:30:00,6,1,1,5,30,940,17,GENERAL DE GAULLE (AV DU,,,Nuit avec éclairage allumé,En agglomération,Intersection en T,Pluie légère,Deux véhicules - côté,,,,,,,,,,,5,2,3,2,3
200600003753,0006-01-11 13:15:00,6,1,11,13,15,940,17,"104, REPUBLIQUE (AV DE L",,,Plein jour,En agglomération,Hors intersection,Normale,Autre collision,,,,,,,,,,,1,2,1,1,6
200600003754,0006-01-20 05:35:00,6,1,20,5,35,940,17,LYONNES (CHE DES),,,Nuit avec éclairage allumé,En agglomération,Intersection en T,Pluie légère,Deux véhicules - côté,,,,,,,,,,,5,2,3,2,3
200600003755,0006-01-28 16:05:00,6,1,28,16,5,940,17,"13, REPUBLIQUE (AV DE LA",,,Plein jour,En agglomération,Hors intersection,Normale,Autre collision,,,,,,,,,,,1,2,1,1,6
200600003756,0006-01-05 17:20:00,6,1,5,17,20,940,18,"5, NECKER (RUE)",,,Nuit avec éclairage allumé,En agglomération,Hors intersection,Pluie légère,Deux véhicules - côté,,,,,,,,,,,5,2,1,2,3
200600003757,0006-01-08 17:00:00,6,1,8,17,0,940,18,ILE MARTINET,,,Plein jour,En agglomération,Hors intersection,Temps couvert,Autre collision,,,,,,,,,,,1,2,1,8,6
200600003758,0006-01-13 18:45:00,6,1,13,18,45,940,18,CARRIERES (QU DES),,,Nuit avec éclairage allumé,En agglomération,Hors intersection,Normale,Deux véhicules - frontale,,,,,,,,,,,5,2,1,1,1
200600003759,0006-01-10 09:30:00,6,1,10,9,30,940,18,BERCY (QU DE),,,Plein jour,En agglomération,Intersection en X,Normale,Trois véhicules et plus - collisions multiples,,,,,,,,,,,1,2,2,1,5
200600003760,0006-01-21 18:30:00,6,1,21,18,30,940,18,"130, PARIS (R DE)",,,Nuit avec éclairage allumé,En agglomération,Hors intersection,Normale,Autre collision,,,,,,,,,,,5,2,1,1,6
200600003761,0006-01-23 20:32:00,6,1,23,20,32,940,18,"7, BERCY (QU DE)",,,Nuit avec éclairage allumé,En agglomération,Hors intersection,Normale,Deux véhicules - côté,,,,,,,,,,,5,2,1,1,3
200600003762,0006-01-26 19:30:00,6,1,26,19,30,940,18,"7, ARCADE (R DE L)",,,Nuit avec éclairage allumé,En agglomération,Hors intersection,Normale,Deux véhicules - côté,,,,,,,,,,,5,2,1,1,3
200600003763,0006-01-09 18:30:00,6,1,9,18,30,940,79,"00, GAUMONT (AV DE)",,,Nuit avec éclairage allumé,En agglomération,Hors intersection,Normale,Deux véhicules - frontale,,,,,,,,,,,5,2,1,1,1
200600003764,0006-01-11 17:30:00,6,1,11,17,30,940,19,"00, GENERAL DE GAULLE (R",,,Nuit avec éclairage allumé,En agglomération,Hors intersection,Pluie légère,Deux véhicules - frontale,,,,,,,,,,,5,2,1,2,1
200600003765,0006-01-14 20:35:00,6,1,14,20,35,940,19,"00, PONT (R DU)",,,Nuit avec éclairage allumé,En agglomération,Intersection en X,Normale,Deux véhicules - côté,,,,,,,,,,,5,2,2,1,3
200600003766,0006-01-17 08:00:00,6,1,17,8,0,940,19,"00, LIBERATION (RTE DE L",,,Crépuscule ou aube,En agglomération,Hors intersection,Normale,Sans collision,,,,,,,,,,,2,2,1,1,7
200600003767,0006-01-23 17:15:00,6,1,23,17,15,940,59,"00, SAINT PIERRE (AV)",,,Crépuscule ou aube,En agglomération,Intersection en T,Normale,Deux véhicules - côté,,,,,,,,,,,2,2,3,1,3
200600003768,0006-01-24 19:05:00,6,1,24,19,5,940,55,"0, OLIVIER D ORMESSON (A",,,Nuit avec éclairage allumé,En agglomération,Intersection en T,Normale,Deux véhicules - côté,,,,,,,,,,,5,2,3,1,3
200600003769,0006-01-26 17:00:00,6,1,26,17,0,940,19,"00, BORDES (R DES)",,,Plein jour,En agglomération,Autre intersection,Normale,Sans collision,,,,,,,,,,,1,2,9,1,7
200600003770,0006-01-31 14:10:00,6,1,31,14,10,940,60,"02, SEBASTOPOL (R)",,,Plein jour,En agglomération,Hors intersection,Normale,Deux véhicules - frontale,,,,,,,,,,,1,2,1,1,1
200600003771,0006-01-04 12:45:00,6,1,4,12,45,940,54,"0, MARTYRS DE CHATEAUBRI",,,Plein jour,En agglomération,Hors intersection,Normale,Autre collision,,,,,,,,,,,1,2,1,1,6
200600003772,0006-01-11 09:30:00,6,1,11,9,30,940,54,ADRIEN RAYNAL (AV),,,Plein jour,En agglomération,Hors intersection,Normale,Autre collision,,,,,,,,,,,1,2,1,1,6
200600003773,0006-01-08 22:30:00,6,1,8,22,30,940,22,"0, DOCTEUR ROUX (R DU)",,,Nuit avec éclairage allumé,En agglomération,Hors intersection,Normale,Autre collision,,,,,,,,,,,5,2,1,1,6
200600003774,0006-01-04 17:55:00,6,1,4,17,55,940,28,"208, LECLERC.(RUE DU GEN",48.78219,2.47355,Crépuscule ou aube,En agglomération,Hors intersection,Pluie légère,Deux véhicules - côté,,,,,,,,,,,2,2,1,2,3
200600003775,0006-01-10 18:20:00,6,1,10,18,20,940,28,"35, PARIS.(RUE DE)",48.8018,2.46152,Nuit avec éclairage allumé,En agglomération,Hors intersection,Normale,Autre collision,,,,,,,,,,,5,2,1,1,6
200600003776,0006-01-11 11:20:00,6,1,11,11,20,940,11,ROSTAND.(RUE JEAN),48.76289,2.47978,Plein jour,En agglomération,Hors intersection,Normale,Deux véhicules - côté,,,,,,,,,,,1,2,1,1,3
200600003777,0006-01-13 14:10:00,6,1,13,14,10,940,11,CATALAS.(RUE JEAN),48.7629,2.47916,Plein jour,En agglomération,Autre intersection,Normale,Deux véhicules - arrière,,,,,,,,,,,1,2,9,1,2
200600003778,0006-01-13 21:35:00,6,1,13,21,35,940,28,VALENTON(RUE DE),48.78932,2.43892,Crépuscule ou aube,En agglomération,Hors intersection,Normale,Deux véhicules - arrière,,,,,,,,,,,2,2,1,1,2
200600003779,0006-01-17 08:30:00,6,1,17,8,30,940,28,"80, LAFERRIERE(AVENUE)",48.803,2.46089,Plein jour,En agglomération,Hors intersection,Pluie légère,Autre collision,,,,,,,,,,,1,2,1,2,6
200600003780,0006-01-17 09:25:00,6,1,17,9,25,940,11,SEMARD(RUE PIERRE),,,Plein jour,En agglomération,Hors intersection,Pluie légère,Deux véhicules - côté,,,,,,,,,,,1,2,1,2,3
200600003781,0006-01-20 12:15:00,6,1,20,12,15,940,28,COMPAGNONS DE LA LIBERAT,48.77583,2.45768,Plein jour,En agglomération,Hors intersection,Normale,Autre collision,,,,,,,,,,,1,2,1,1,6