accident_id,datetime,annee,mois,jour,heure,minute,departement,commune_insee,adresse,latitude,longitude,luminosite,agglomeration,intersection,meteo,collision,nb_vehicules,nb_usagers,nb_indemnes,nb_tues,nb_blesses_hosp,nb_blesses_legers,age_cond_1,age_cond_2,veh_type_cond_1,veh_type_cond_2,lum_code,agg_code,int_code,atm_code,col_code
200600003912,0006-01-22 20:00:00,6,1,22,20,0,950,63,VOLTAIRE (QUAI),,,Nuit avec éclairage allumé,En agglomération,Autre intersection,Normale,Deux véhicules - côté,,,,,,,,,,,5,2,9,1,3
200600003913,0006-01-04 19:40:00,6,1,4,19,40,950,488,"112, GENERAL LECLERC (AV",,,Nuit avec éclairage allumé,En agglomération,Hors intersection,Normale,Deux véhicules - arrière,,,,,,,,,,,5,2,1,1,2
200600003914,0006-01-12 17:35:00,6,1,12,17,35,950,488,HAVRE (BOULEVARD DU),,,Nuit avec éclairage allumé,En agglomération,Hors intersection,Normale,Sans collision,,,,,,,,,,,5,2,1,1,7
200600003915,0006-01-07 11:00:00,6,1,7,11,0,950,500,"0, REDOUANE BOUGARA (AVE",,,Plein jour,En agglomération,Hors intersection,Normale,Deux véhicules - arrière,,,,,,,,,,,1,2,1,1,2
200600003916,0006-01-17 16:30:00,6,1,17,16,30,950,127,OISE (BOULEVARD DE L'),,,Nuit avec éclairage allumé,En agglomération,Hors intersection,Pluie légère,Deux véhicules - arrière,,,,,,,,,,,5,2,1,2,2
200600003917,0006-01-18 19:50:00,6,1,18,19,50,950,500,CARNOT (RUE),,,Nuit avec éclairage allumé,En agglomération,Intersection en X,Normale,Deux véhicules - côté,,,,,,,,,,,5,2,2,1,3
200600003918,0006-01-20 20:35:00,6,1,20,20,35,950,476,"0, Dieppe (route de )",,,Nuit avec éclairage non allumé,En agglomération,Hors intersection,Normale,Deux véhicules - arrière,,,,,,,,,,,4,2,1,1,2
200600003919,0006-01-30 19:00:00,6,1,30,19,0,950,127,"0, ERKRATH (BOULEVARD D'",,,Nuit avec éclairage allumé,En agglomération,Hors intersection,Normale,Sans collision,,,,,,,,,,,5,2,1,1,7
200600003920,0006-01-30 12:00:00,6,1,30,12,0,950,500,"24, VERDUN (AVENUE DE)",,,Plein jour,En agglomération,Hors intersection,Normale,Sans collision,,,,,,,,,,,1,2,1,1,7
200600003921,0006-01-01 17:18:00,6,1,1,17,18,950,203,"4TER, SOISY (RUE DE)",,,Nuit sans éclairage public,En agglomération,Hors intersection,Normale,Autre collision,,,,,,,,,,,3,2,1,1,6
200600003922,0006-01-08 22:10:00,6,1,8,22,10,950,252,"32, GABRIEL BERTIN (RUE)",,,Nuit avec éclairage allumé,En agglomération,Hors intersection,Autre,Autre collision,,,,,,,,,,,5,2,1,9,6
200600003923,0006-01-09 13:05:00,6,1,9,13,5,950,574,MONTMORENCY (ROUTE DE),,,Plein jour,En agglomération,Hors intersection,Normale,Autre collision,,,,,,,,,,,1,2,1,1,6
200600003924,0006-01-11 18:49:00,6,1,11,18,49,950,219,"FACE 5,  SAINT-FLAIVE PR",,,Nuit avec éclairage allumé,En agglomération,Hors intersection,Pluie forte,Deux véhicules - frontale,,,,,,,,,,,5,2,1,3,1
200600003925,0006-01-23 08:55:00,6,1,23,8,55,950,219,SYNDICAT (RUE DU),,,Plein jour,En agglomération,Giratoire,Normale,Deux véhicules - côté,,,,,,,,,,,1,2,6,1,3
200600003926,0006-01-25 09:50:00,6,1,25,9,50,950,252,JULES CESAR (CHAUSSEE),,,Plein jour,En agglomération,Intersection en X,Normale,Deux véhicules - côté,,,,,,,,,,,1,2,2,1,3
200600003927,0006-01-14 16:50:00,6,1,14,16,50,950,268,"30, JOLIOT CURIE (AVENUE",,,Plein jour,En agglomération,Hors intersection,Normale,Autre collision,,,,,,,,,,,1,2,1,1,6
200600003928,0006-01-07 18:30:00,6,1,7,18,30,950,277,"02, PERI GABRIEL (AVENUE",,,Nuit avec éclairage non allumé,En agglomération,Intersection en T,Temps couvert,Trois véhicules et plus - collisions multiples,,,,,,,,,,,4,2,3,8,5
200600003929,0006-01-11 15:30:00,6,1,11,15,30,950,280,"02, VAILLANT COUTURIER (",,,Nuit avec éclairage allumé,En agglomération,Hors intersection,Pluie légère,Autre collision,,,,,,,,,,,5,2,1,2,6
200600003930,0006-01-27 14:10:00,6,1,27,14,10,950,277,JASMINS (AVENUE DES),,,Plein jour,En agglomération,Intersection en T,Normale,Deux véhicules - arrière,,,,,,,,,,,1,2,3,1,2
200600003931,0006-01-30 18:05:00,6,1,30,18,5,950,280,TILLEULS,,,Nuit avec éclairage allumé,En agglomération,Intersection en X,Autre,Deux véhicules - côté,,,,,,,,,,,5,2,2,9,3
200600003932,0006-01-08 12:00:00,6,1,8,12,0,950,306,"0, HAVRE (BOULEVARD DU)",,,Plein jour,En agglomération,Hors intersection,Pluie légère,Deux véhicules - côté,,,,,,,,,,,1,2,1,2,3
200600003933,0006-01-14 15:55:00,6,1,14,15,55,950,306,"0, 8 MAI 1945 (BOULEVARD",,,Plein jour,En agglomération,Hors intersection,Normale,Deux véhicules - côté,,,,,,,,,,,1,2,1,1,3
200600003934,0006-01-22 16:23:00,6,1,22,16,23,950,424,"0, VICTOR BORDIER (BOULE",,,Plein jour,En agglomération,Intersection en X,Normale,Deux véhicules - côté,,,,,,,,,,,1,2,2,1,3
200600003935,0006-01-27 08:10:00,6,1,27,8,10,950,306,"0, 8 MAI 1945 (BOULEVARD",,,Plein jour,En agglomération,Intersection en X,Neige / grêle,Deux véhicules - côté,,,,,,,,,,,1,2,2,4,3
200600003936,0006-01-29 14:25:00,6,1,29,14,25,950,306,"0, CONFLANS (ROUTE DE)",,,Plein jour,En agglomération,Intersection en T,Normale,Deux véhicules - côté,,,,,,,,,,,1,2,3,1,3
200600003937,0006-01-07 09:15:00,6,1,7,9,15,950,487,GASTON VERMEIRE (AVENUE),,,Plein jour,En agglomération,Autre intersection,Normale,Autre collision,,,,,,,,,,,1,2,9,1,6
200600003938,0006-01-11 16:50:00,6,1,11,16,50,950,313,TABLE DE CASSAN,,,Nuit sans éclairage public,Hors agglomération,Hors intersection,Pluie forte,Deux véhicules - frontale,,,,,,,,,,,3,1,1,3,1
200600003939,0006-01-17 07:25:00,6,1,17,7,25,950,52,CD 929,,,Nuit sans éclairage public,En agglomération,Hors intersection,Pluie forte,Deux véhicules - côté,,,,,,,,,,,3,2,1,3,3
200600003940,0006-01-28 10:50:00,6,1,28,10,50,950,504,CAVE (LA),,,Plein jour,Hors agglomération,Intersection en X,Temps couvert,Deux véhicules - frontale,,,,,,,,,,,1,1,2,8,1
200600003941,0006-01-31 08:25:00,6,1,31,8,25,950,527,"L21, voie rapide sortie",,,Plein jour,Hors agglomération,Hors intersection,Autre,Deux véhicules - arrière,,,,,,,,,,,1,1,1,9,2
200600003942,0006-01-02 08:35:00,6,1,2,8,35,950,563,JEAN ROSTAND (AVENUE),,,Plein jour,En agglomération,Hors intersection,Normale,Deux véhicules - côté,,,,,,,,,,,1,2,1,1,3
200600003943,0006-01-06 08:20:00,6,1,6,8,20,950,607,ECOLES (RUE DES),,,Plein jour,En agglomération,Autre intersection,Normale,Deux véhicules - frontale,,,,,,,,,,,1,2,9,1,1
200600003944,0006-01-10 09:00:00,6,1,10,9,0,950,563,GARE (AVENUE DE LA),,,Plein jour,En agglomération,Hors intersection,Normale,Deux véhicules - frontale,,,,,,,,,,,1,2,1,1,1
200600003945,0006-01-22 19:40:00,6,1,22,19,40,950,563,"68, JACQUES PREVERT (RUE",,,Nuit avec éclairage allumé,En agglomération,Hors intersection,Normale,Autre collision,,,,,,,,,,,5,2,1,1,6
200600003946,0006-01-30 08:20:00,6,1,30,8,20,950,563,"00, JEAN ROSTAND (AVENUE",,,Plein jour,En agglomération,Autre intersection,Normale,Deux véhicules - côté,,,,,,,,,,,1,2,9,1,3
200600003947,0006-01-05 14:20:00,6,1,5,14,20,201,4,"SANS, CAMPO DELL ORO RTE",,,Plein jour,En agglomération,Intersection en T,Normale,Deux véhicules - côté,,,,,,,,,,,1,2,3,1,3
200600003948,0006-01-10 09:39:00,6,1,10,9,39,201,4,"SANS, ASPRETTO ROUTE",,,Plein jour,En agglomération,Intersection en Y,Normale,Deux véhicules - arrière,,,,,,,,,,,1,2,4,1,2
200600003949,0006-01-12 14:40:00,6,1,12,14,40,201,4,"SANS, NAPOLEON COURS APR",,,Plein jour,En agglomération,Hors intersection,Normale,Autre collision,,,,,,,,,,,1,2,1,1,6
200600003950,0006-01-14 10:34:00,6,1,14,10,34,201,4,"SANS, ASPRETTO ROUTE",,,Plein jour,En agglomération,Giratoire,Normale,Deux véhicules - côté,,,,,,,,,,,1,2,6,1,3
200600003951,0006-01-15 21:35:00,6,1,15,21,35,201,4,"SANS, NATIONALE 193",,,Nuit sans éclairage public,Hors agglomération,Hors intersection,Normale,Autre collision,,,,,,,,,,,3,1,1,1,6
200600003952,0006-01-15 20:00:00,6,1,15,20,0,201,4,"SANS, NAPOLEON COURS AVA",,,Nuit avec éclairage allumé,En agglomération,Hors intersection,Normale,Autre collision,,,,,,,,,,,5,2,1,1,6
200600003953,0006-01-19 12:49:00,6,1,19,12,49,201,4,"SANS, ALBERT 1ER BD",,,Plein jour,En agglomération,Hors intersection,Normale,Deux véhicules - arrière,,,,,,,,,,,1,2,1,1,2
200600003954,0006-01-19 13:15:00,6,1,19,13,15,201,4,"SANS, ILLIADE IMM.BR FRE",,,Plein jour,En agglomération,Intersection en X,Normale,Sans collision,,,,,,,,,,,1,2,2,1,7
200600003955,0006-01-20 09:36:00,6,1,20,9,36,201,4,"SANS, PIETRI FRANCOIS RU",,,Plein jour,En agglomération,Intersection en T,Normale,Deux véhicules - côté,,,,,,,,,,,1,2,3,1,3
200600003956,0006-01-20 11:29:00,6,1,20,11,29,201,4,"SANS, MEZZAVIA ROUTE DE",,,Nuit avec éclairage non allumé,En agglomération,Autre intersection,Normale,Deux véhicules - arrière,,,,,,,,,,,4,2,9,1,2
200600003957,0006-01-21 11:58:00,6,1,21,11,58,201,4,"SANS, NAPOLEON COURS AVA",,,Plein jour,En agglomération,Hors intersection,Normale,Deux véhicules - côté,,,,,,,,,,,1,2,1,1,3
200600003958,0006-01-21 21:35:00,6,1,21,21,35,201,4,"SANS, NAPOLEON COURS AVA",,,Nuit avec éclairage allumé,En agglomération,Hors intersection,Temps couvert,Autre collision,,,,,,,,,,,5,2,1,8,6
200600003959,0006-01-24 17:55:00,6,1,24,17,55,201,4,"SANS, NAPOLEON COURS APR",,,Nuit avec éclairage allumé,En agglomération,Hors intersection,Normale,Autre collision,,,,,,,,,,,5,2,1,1,6
200600003960,0006-01-24 08:50:00,6,1,24,8,50,201,4,"SANS, CONVENTIONNEL SALI",,,Plein jour,En agglomération,Intersection en Y,Normale,Deux véhicules - côté,,,,,,,,,,,1,2,4,1,3
200600003961,0006-01-26 14:00:00,6,1,26,14,0,201,4,"SANS, MARECHAL JUIN AVEN",,,Plein jour,En agglomération,Hors intersection,Pluie légère,Deux véhicules - côté,,,,,,,,,,,1,2,1,2,3
200600003962,0006-01-27 13:20:00,6,1,27,13,20,201,4,"SANS, SARTENE ANCIENNE R",,,Plein jour,Hors agglomération,Intersection en T,Normale,Deux véhicules - côté,,,,,,,,,,,1,1,3,1,3
200600003963,0006-01-28 08:00:00,6,1,28,8,0,201,4,"33, NAPOLEON COURS AVANT",,,Plein jour,En agglomération,Hors intersection,Normale,Autre collision,,,,,,,,,,,1,2,1,1,6
200600003964,0006-01-30 13:45:00,6,1,30,13,45,201,4,"SANS, SARTENE ANCIENNE R",,,Plein jour,Hors agglomération,Intersection en T,Normale,Deux véhicules - côté,,,,,,,,,,,1,1,3,1,3
200600003965,0006-01-04 17:30:00,6,1,4,17,30,690,381,DE LATTRE DE TASSIGNY,,,Nuit sans éclairage public,En agglomération,Hors intersection,Normale,Trois véhicules et plus - collisions multiples,,,,,,,,,,,3,2,1,1,5
200600003966,0006-01-13 13:25:00,6,1,13,13,25,690,381,"120, CROIX ROUSSE (DE LA",,,Plein jour,En agglomération,Intersection en T,Normale,Autre collision,,,,,,,,,,,1,2,3,1,6
200600003967,0006-01-18 18:00:00,6,1,18,18,0,690,381,"82, CROIX ROUSSE (DE LA)",,,Nuit avec éclairage allumé,En agglomération,Hors intersection,Pluie légère,Autre collision,,,,,,,,,,,5,2,1,2,6
200600003968,0006-01-01 14:20:00,6,1,1,14,20,770,449,A4,,,Plein jour,Hors agglomération,Hors intersection,Pluie légère,Autre collision,,,,,,,,,,,1,1,1,2,6
200600003969,0006-01-01 20:20:00,6,1,1,20,20,770,249,RN104,,,Nuit sans éclairage public,Hors agglomération,Hors intersection,Pluie légère,Sans collision,,,,,,,,,,,3,1,1,2,7
200600003970,0006-01-03 16:00:00,6,1,3,16,0,770,337,A4,,,Plein jour,Hors agglomération,Hors intersection,Normale,Deux véhicules - arrière,,,,,,,,,,,1,1,1,1,2
200600003971,0006-01-06 14:00:00,6,1,6,14,0,940,52,A86.EXT,,,Plein jour,Hors agglomération,Hors intersection,Normale,Trois véhicules et plus - collisions multiples,,,,,,,,,,,1,1,1,1,5
200600003972,0006-01-06 18:20:00,6,1,6,18,20,770,372,A104,,,Nuit avec éclairage allumé,Hors agglomération,Hors intersection,Pluie légère,Deux véhicules - arrière,,,,,,,,,,,5,1,1,2,2
200600003973,0006-01-07 00:05:00,6,1,7,0,5,940,28,A86,,,Nuit avec éclairage allumé,Hors agglomération,Hors intersection,Normale,Sans collision,,,,,,,,,,,5,1,1,1,7
200600003974,0006-01-07 12:05:00,6,1,7,12,5,770,122,RN104,,,Plein jour,Hors agglomération,Hors intersection,Normale,Deux véhicules - arrière,,,,,,,,,,,1,1,1,1,2
200600003975,0006-01-09 08:00:00,6,1,9,8,0,940,33,", A86.INT",,,Plein jour,Hors agglomération,Hors intersection,Normale,Deux véhicules - côté,,,,,,,,,,,1,1,1,1,3
200600003976,0006-01-10 06:30:00,6,1,10,6,30,770,294,A104,,,Nuit sans éclairage public,Hors agglomération,Hors intersection,Autre,Autre collision,,,,,,,,,,,3,1,1,9,6
200600003977,0006-01-10 18:55:00,6,1,10,18,55,940,44,RN406.W,,,Nuit avec éclairage allumé,Hors agglomération,Hors intersection,Normale,Autre collision,,,,,,,,,,,5,1,1,1,6
200600003978,0006-01-12 05:00:00,6,1,12,5,0,770,373,RN104,,,Nuit sans éclairage public,Hors agglomération,Hors intersection,Pluie légère,Autre collision,,,,,,,,,,,3,1,1,2,6
200600003979,0006-01-12 08:20:00,6,1,12,8,20,770,181,A4,,,Crépuscule ou aube,Hors agglomération,Hors intersection,Normale,Trois véhicules et plus - en chaîne,,,,,,,,,,,2,1,1,1,4
200600003980,0006-01-12 10:10:00,6,1,12,10,10,770,55,A104.INT,,,Plein jour,Hors agglomération,Hors intersection,Temps couvert,Autre collision,,,,,,,,,,,1,1,1,8,6
200600003981,0006-01-13 15:15:00,6,1,13,15,15,940,46,A86,,,Plein jour,Hors agglomération,Hors intersection,Normale,Trois véhicules et plus - en chaîne,,,,,,,,,,,1,1,1,1,4
200600003982,0006-01-13 23:10:00,6,1,13,23,10,770,294,A104,,,Nuit sans éclairage public,Hors agglomération,Hors intersection,Normale,Sans collision,,,,,,,,,,,3,1,1,1,7
200600003983,0006-01-14 01:00:00,6,1,14,1,0,770,146,A4.Y,,,Nuit avec éclairage allumé,Hors agglomération,Hors intersection,Normale,Sans collision,,,,,,,,,,,5,1,1,1,7
200600003984,0006-01-14 15:15:00,6,1,14,15,15,930,51,A4,,,Plein jour,Hors agglomération,Hors intersection,Normale,Deux véhicules - arrière,,,,,,,,,,,1,1,1,1,2
200600003985,0006-01-15 03:00:00,6,1,15,3,0,940,17,A4,,,Nuit sans éclairage public,Hors agglomération,Hors intersection,Normale,Autre collision,,,,,,,,,,,3,1,1,1,6
200600003986,0006-01-15 19:50:00,6,1,15,19,50,770,468,A104,,,Nuit sans éclairage public,Hors agglomération,Hors intersection,Normale,Sans collision,,,,,,,,,,,3,1,1,1,7
200600003987,0006-01-16 08:00:00,6,1,16,8,0,940,28,A86,,,Plein jour,Hors agglomération,Hors intersection,Normale,Deux véhicules - côté,,,,,,,,,,,1,1,1,1,3
200600003988,0006-01-17 09:25:00,6,1,17,9,25,770,450,RN104,,,Plein jour,Hors agglomération,Hors intersection,Pluie forte,Sans collision,,,,,,,,,,,1,1,1,3,7
200600003989,0006-01-17 12:25:00,6,1,17,12,25,770,373,RN104,,,Plein jour,Hors agglomération,Hors intersection,Pluie forte,Deux véhicules - arrière,,,,,,,,,,,1,1,1,3,2
200600003990,0006-01-17 14:30:00,6,1,17,14,30,770,450,RN104,,,Plein jour,Hors agglomération,Hors intersection,Pluie légère,Trois véhicules et plus - en chaîne,,,,,,,,,,,1,1,1,2,4
200600003991,0006-01-17 21:00:00,6,1,17,21,0,770,294,A104,,,Nuit sans éclairage public,Hors agglomération,Hors intersection,Pluie légère,Autre collision,,,,,,,,,,,3,1,1,2,6
200600003992,0006-01-18 06:50:00,6,1,18,6,50,940,17,A4,,,Crépuscule ou aube,Hors agglomération,Hors intersection,Temps couvert,Deux véhicules - arrière,,,,,,,,,,,2,1,1,8,2
200600003993,0006-01-18 07:20:00,6,1,18,7,20,770,373,RN104,,,Crépuscule ou aube,Hors agglomération,Hors intersection,Pluie légère,Deux véhicules - côté,,,,,,,,,,,2,1,1,2,3
200600003994,0006-01-18 08:40:00,6,1,18,8,40,940,22,A86,,,Plein jour,Hors agglomération,Hors intersection,Temps couvert,Deux véhicules - côté,,,,,,,,,,,1,1,1,8,3
200600003995,0006-01-18 11:10:00,6,1,18,11,10,940,18,A4,,,Plein jour,Hors agglomération,Hors intersection,Temps couvert,Trois véhicules et plus - collisions multiples,,,,,,,,,,,1,1,1,8,5
200600003996,0006-01-18 12:57:00,6,1,18,12,57,770,249,RN104,,,Plein jour,Hors agglomération,Hors intersection,Pluie légère,Trois véhicules et plus - collisions multiples,,,,,,,,,,,1,1,1,2,5
200600003997,0006-01-18 18:15:00,6,1,18,18,15,940,22,A86,,,Crépuscule ou aube,Hors agglomération,Hors intersection,Normale,Deux véhicules - côté,,,,,,,,,,,2,1,1,1,3
200600003998,0006-01-19 09:05:00,6,1,19,9,5,770,348,A104,,,Plein jour,Hors agglomération,Hors intersection,Pluie légère,Deux véhicules - arrière,,,,,,,,,,,1,1,1,2,2
200600003999,0006-01-20 20:45:00,6,1,20,20,45,770,258,A4.Y,,,Nuit sans éclairage public,Hors agglomération,Hors intersection,Temps couvert,Trois véhicules et plus - collisions multiples,,,,,,,,,,,3,1,1,8,5
200600004000,0006-01-20 23:00:00,6,1,20,23,0,940,74,RN406.W,,,Nuit sans éclairage public,Hors agglomération,Hors intersection,Normale,Deux véhicules - frontale,,,,,,,,,,,3,1,1,1,1
200600004001,0006-01-21 09:30:00,6,1,21,9,30,770,53,RN104,,,Plein jour,Hors agglomération,Hors intersection,Normale,Sans collision,,,,,,,,,,,1,1,1,1,7
200600004002,0006-01-21 22:10:00,6,1,21,22,10,770,258,A4.W,,,Nuit avec éclairage allumé,Hors agglomération,Hors intersection,Normale,Deux véhicules - arrière,,,,,,,,,,,5,1,1,1,2
200600004003,0006-01-24 19:15:00,6,1,24,19,15,770,337,RN104,,,Nuit sans éclairage public,Hors agglomération,Hors intersection,Normale,Deux véhicules - côté,,,,,,,,,,,3,1,1,1,3
200600004004,0006-01-25 06:10:00,6,1,25,6,10,940,46,A86,,,Nuit avec éclairage allumé,Hors agglomération,Hors intersection,Normale,Trois véhicules et plus - collisions multiples,,,,,,,,,,,5,1,1,1,5
200600004005,0006-01-25 08:10:00,6,1,25,8,10,940,69,A4,,,Crépuscule ou aube,Hors agglomération,Hors intersection,Normale,Trois véhicules et plus - en chaîne,,,,,,,,,,,2,1,1,1,4
200600004006,0006-01-25 09:15:00,6,1,25,9,15,770,169,RN104,,,Plein jour,Hors agglomération,Hors intersection,Normale,Trois véhicules et plus - collisions multiples,,,,,,,,,,,1,1,1,1,5
200600004007,0006-01-25 11:50:00,6,1,25,11,50,940,33,A86.EXT,,,Plein jour,Hors agglomération,Hors intersection,Normale,Deux véhicules - arrière,,,,,,,,,,,1,1,1,1,2
200600004008,0006-01-29 20:50:00,6,1,29,20,50,770,237,A4,,,Nuit sans éclairage public,Hors agglomération,Hors intersection,Normale,Deux véhicules - côté,,,,,,,,,,,3,1,1,1,3
200600004009,0006-01-30 09:00:00,6,1,30,9,0,940,74,RN406.W,,,Plein jour,Hors agglomération,Hors intersection,Normale,Deux véhicules - côté,,,,,,,,,,,1,1,1,1,3
200600004010,0006-01-30 10:50:00,6,1,30,10,50,940,18,A4,,,Plein jour,Hors agglomération,Hors intersection,Normale,Trois véhicules et plus - en chaîne,,,,,,,,,,,1,1,1,1,4
200600004011,0006-01-31 09:00:00,6,1,31,9,0,940,17,A4,,,Plein jour,Hors agglomération,Hors intersection,Normale,Deux véhicules - côté,,,,,,,,,,,1,1,1,1,3
200600004012,0006-01-31 08:35:00,6,1,31,8,35,770,468,A104,,,Crépuscule ou aube,Hors agglomération,Hors intersection,Normale,Sans collision,,,,,,,,,,,2,1,1,1,7
200600004013,0006-01-31 22:30:00,6,1,31,22,30,750,112,A4,,,Nuit avec éclairage allumé,Hors agglomération,Hors intersection,Normale,Deux véhicules - côté,,,,,,,,,,,5,1,1,1,3
200600004014,0006-01-01 09:15:00,6,1,1,9,15,930,66,AUTOROUTE A1,,,Plein jour,Hors agglomération,Hors intersection,Pluie légère,Deux véhicules - arrière,,,,,,,,,,,1,1,1,2,2
200600004015,0006-01-01 19:15:00,6,1,1,19,15,930,48,AUTOROUTE A3,,,Nuit avec éclairage allumé,Hors agglomération,Hors intersection,Normale,Sans collision,,,,,,,,,,,5,1,1,1,7
200600004016,0006-01-01 23:30:00,6,1,1,23,30,930,78,AUTOROUTE A104,,,Nuit avec éclairage allumé,Hors agglomération,Hors intersection,Pluie légère,Deux véhicules - arrière,,,,,,,,,,,5,1,1,2,2
200600004017,0006-01-02 04:15:00,6,1,2,4,15,930,64,AUTOROUTE A3,,,Nuit avec éclairage allumé,Hors agglomération,Hors intersection,Temps couvert,Autre collision,,,,,,,,,,,5,1,1,8,6
200600004018,0006-01-02 23:15:00,6,1,2,23,15,950,607,AUTOROUTE A115,,,Nuit avec éclairage allumé,Hors agglomération,Hors intersection,Normale,Autre collision,,,,,,,,,,,5,1,1,1,6
200600004019,0006-01-03 17:30:00,6,1,3,17,30,950,500,AUTOROUTE A15,,,Crépuscule ou aube,Hors agglomération,Hors intersection,Normale,Trois véhicules et plus - en chaîne,,,,,,,,,,,2,1,1,1,4
200600004020,0006-01-04 05:30:00,6,1,4,5,30,930,32,AUTOROUTE A104,,,Crépuscule ou aube,Hors agglomération,Hors intersection,Normale,Sans collision,,,,,,,,,,,2,1,1,1,7
200600004021,0006-01-04 08:25:00,6,1,4,8,25,930,32,AUTOROUTE A104,,,Plein jour,Hors agglomération,Hors intersection,Pluie légère,Autre collision,,,,,,,,,,,1,1,1,2,6
200600004022,0006-01-04 08:45:00,6,1,4,8,45,950,582,AUTOROUTE A15,,,Plein jour,Hors agglomération,Hors intersection,Pluie légère,Sans collision,,,,,,,,,,,1,1,1,2,7
200600004023,0006-01-05 00:05:00,6,1,5,0,5,950,582,AUTOROUTE A115,,,Nuit avec éclairage allumé,Hors agglomération,Hors intersection,Normale,Sans collision,,,,,,,,,,,5,1,1,1,7
200600004024,0006-01-05 01:00:00,6,1,5,1,0,930,63,AUTOROUTE A3,,,Nuit sans éclairage public,Hors agglomération,Hors intersection,Autre,Sans collision,,,,,,,,,,,3,1,1,9,7
200600004025,0006-01-05 11:30:00,6,1,5,11,30,930,53,AUTOROUTE A103,,,Plein jour,Hors agglomération,Hors intersection,Normale,Sans collision,,,,,,,,,,,1,1,1,1,7
200600004026,0006-01-08 01:40:00,6,1,8,1,40,930,1,AUTOROUTE A86,,,Nuit avec éclairage allumé,Hors agglomération,Hors intersection,Normale,Autre collision,,,,,,,,,,,5,1,1,1,6
200600004027,0006-01-06 17:30:00,6,1,6,17,30,930,8,AUTOROUTE A86,,,Nuit avec éclairage allumé,Hors agglomération,Hors intersection,Neige / grêle,Deux véhicules - côté,,,,,,,,,,,5,1,1,4,3
200600004028,0006-01-07 03:40:00,6,1,7,3,40,920,78,AUTOROUTE A86,,,Nuit avec éclairage allumé,Hors agglomération,Hors intersection,Normale,Autre collision,,,,,,,,,,,5,1,1,1,6
200600004029,0006-01-07 17:20:00,6,1,7,17,20,950,394,ROUTE NATIONALE 184,,,Plein jour,Hors agglomération,Hors intersection,Pluie légère,Sans collision,,,,,,,,,,,1,1,1,2,7
200600004030,0006-01-07 11:50:00,6,1,7,11,50,930,73,AUTOROUTE A104,,,Plein jour,Hors agglomération,Hors intersection,Pluie légère,Deux véhicules - arrière,,,,,,,,,,,1,1,1,2,2
200600004031,0006-01-07 19:00:00,6,1,7,19,0,930,6,AUTOROUTE A3,,,Nuit avec éclairage allumé,Hors agglomération,Hors intersection,Normale,Deux véhicules - arrière,,,,,,,,,,,5,1,1,1,2
200600004032,0006-01-09 09:40:00,6,1,9,9,40,950,488,AUTOROUTE A15,,,Plein jour,Hors agglomération,Hors intersection,Normale,Deux véhicules - côté,,,,,,,,,,,1,1,1,1,3
200600004033,0006-01-09 18:30:00,6,1,9,18,30,950,491,AUTOROUTE A115,,,Nuit avec éclairage allumé,Hors agglomération,Hors intersection,Normale,Deux véhicules - arrière,,,,,,,,,,,5,1,1,1,2
200600004034,0006-01-10 10:45:00,6,1,10,10,45,930,32,AUTOROUTE A3,,,Plein jour,Hors agglomération,Hors intersection,Temps couvert,Sans collision,,,,,,,,,,,1,1,1,8,7
200600004035,0006-01-10 11:05:00,6,1,10,11,5,930,53,AUTOROUTE A103,,,Plein jour,Hors agglomération,Intersection en Y,Normale,Deux véhicules - côté,,,,,,,,,,,1,1,4,1,3
200600004036,0006-01-10 10:15:00,6,1,10,10,15,950,18,AUTOROUTE A15,,,Plein jour,Hors agglomération,Hors intersection,Normale,Deux véhicules - arrière,,,,,,,,,,,1,1,1,1,2
200600004037,0006-01-10 11:25:00,6,1,10,11,25,950,582,AUTOROUTE A15,,,Plein jour,Hors agglomération,Hors intersection,Normale,Trois véhicules et plus - en chaîne,,,,,,,,,,,1,1,1,1,4
200600004038,0006-01-10 12:00:00,6,1,10,12,0,950,18,AUTOROUTE A15,,,Plein jour,Hors agglomération,Hors intersection,Normale,Sans collision,,,,,,,,,,,1,1,1,1,7
200600004039,0006-01-10 18:00:00,6,1,10,18,0,930,78,AUTOROUTE A104,,,Nuit avec éclairage allumé,Hors agglomération,Hors intersection,Normale,Trois véhicules et plus - collisions multiples,,,,,,,,,,,5,1,1,1,5
200600004040,0006-01-10 18:00:00,6,1,10,18,0,930,32,AUTOROUTE A3,,,Nuit avec éclairage allumé,Hors agglomération,Hors intersection,Normale,Trois véhicules et plus - en chaîne,,,,,,,,,,,5,1,1,1,4
200600004041,0006-01-10 20:00:00,6,1,10,20,0,950,607,AUTOROUTE A115,,,Nuit sans éclairage public,Hors agglomération,Hors intersection,Normale,Sans collision,,,,,,,,,,,3,1,1,1,7
200600004042,0006-01-10 19:50:00,6,1,10,19,50,950,306,AUTOROUTE A15,,,Nuit avec éclairage allumé,Hors agglomération,Hors intersection,Normale,Sans collision,,,,,,,,,,,5,1,1,1,7
200600004043,0006-01-11 07:15:00,6,1,11,7,15,950,582,AUTOROUTE A15,,,Crépuscule ou aube,Hors agglomération,Hors intersection,Normale,Deux véhicules - arrière,,,,,,,,,,,2,1,1,1,2
200600004044,0006-01-11 10:00:00,6,1,11,10,0,930,32,AUTOROUTE A104,,,Plein jour,Hors agglomération,Hors intersection,Normale,Sans collision,,,,,,,,,,,1,1,1,1,7