accident_id,datetime,annee,mois,jour,heure,minute,departement,commune_insee,adresse,latitude,longitude,luminosite,agglomeration,intersection,meteo,collision,nb_vehicules,nb_usagers,nb_indemnes,nb_tues,nb_blesses_hosp,nb_blesses_legers,age_cond_1,age_cond_2,veh_type_cond_1,veh_type_cond_2,lum_code,agg_code,int_code,atm_code,col_code
200600004312,0006-01-13 16:45:00,6,1,13,16,45,690,388,"272, PINEL",,,Plein jour,Hors agglomération,Hors intersection,Normale,Deux véhicules - arrière,,,,,,,,,,,1,1,1,1,2
200600004313,0006-01-17 18:00:00,6,1,17,18,0,690,388,"00, FRANCIS DE PRESSENSE",,,Nuit avec éclairage allumé,En agglomération,Intersection en X,Pluie légère,Autre collision,,,,,,,,,,,5,2,2,2,6
200600004314,0006-01-18 12:10:00,6,1,18,12,10,690,388,"33, PROFESSEUR RANVIER (",,,Plein jour,En agglomération,Hors intersection,Normale,Autre collision,,,,,,,,,,,1,2,1,1,6
200600004315,0006-01-06 18:20:00,6,1,6,18,20,420,110,A47,,,Nuit sans éclairage public,Hors agglomération,Hors intersection,Temps couvert,Trois véhicules et plus - collisions multiples,,,,,,,,,,,3,1,1,8,5
200600004316,0006-01-09 06:50:00,6,1,9,6,50,420,275,A72,,,Nuit avec éclairage allumé,Hors agglomération,Hors intersection,Autre,Trois véhicules et plus - collisions multiples,,,,,,,,,,,5,1,1,9,5
200600004317,0006-01-18 08:50:00,6,1,18,8,50,420,186,A47,,,Plein jour,Hors agglomération,Hors intersection,Pluie légère,Autre collision,,,,,,,,,,,1,1,1,2,6
200600004318,0006-01-27 15:55:00,6,1,27,15,55,420,307,A47,,,Plein jour,Hors agglomération,Hors intersection,Neige / grêle,Sans collision,,,,,,,,,,,1,1,1,4,7
200600004319,0006-01-01 02:30:00,6,1,1,2,30,690,29,RN383,,,Nuit sans éclairage public,Hors agglomération,Hors intersection,Normale,Sans collision,,,,,,,,,,,3,1,1,1,7
200600004320,0006-01-01 02:40:00,6,1,1,2,40,690,287,A43,,,Nuit sans éclairage public,Hors agglomération,Hors intersection,Normale,Sans collision,,,,,,,,,,,3,1,1,1,7
200600004321,0006-01-01 04:00:00,6,1,1,4,0,690,256,A42,,,Nuit sans éclairage public,Hors agglomération,Hors intersection,Temps couvert,Trois véhicules et plus - en chaîne,,,,,,,,,,,3,1,1,8,4
200600004322,0006-01-01 06:20:00,6,1,1,6,20,690,256,A42,,,Nuit avec éclairage allumé,Hors agglomération,Hors intersection,Normale,Autre collision,,,,,,,,,,,5,1,1,1,6
200600004323,0006-01-03 06:11:00,6,1,3,6,11,690,152,A7,,,Nuit avec éclairage allumé,Hors agglomération,Hors intersection,Normale,Trois véhicules et plus - en chaîne,,,,,,,,,,,5,1,1,1,4
200600004324,0006-01-04 19:20:00,6,1,4,19,20,690,266,RN383,,,Nuit avec éclairage allumé,Hors agglomération,Hors intersection,Normale,Deux véhicules - arrière,,,,,,,,,,,5,1,1,1,2
200600004325,0006-01-07 01:00:00,6,1,7,1,0,690,152,A7,,,Nuit avec éclairage allumé,Hors agglomération,Hors intersection,Normale,Autre collision,,,,,,,,,,,5,1,1,1,6
200600004326,0006-01-08 17:00:00,6,1,8,17,0,690,29,RN383,,,Plein jour,Hors agglomération,Hors intersection,Autre,Sans collision,,,,,,,,,,,1,1,1,9,7
200600004327,0006-01-09 08:55:00,6,1,9,8,55,690,290,A46S,,,Plein jour,Hors agglomération,Hors intersection,Normale,Deux véhicules - arrière,,,,,,,,,,,1,1,1,1,2
200600004328,0006-01-09 07:15:00,6,1,9,7,15,10,248,A46N,,,Nuit sans éclairage public,Hors agglomération,Hors intersection,Brouillard / fumée,Trois véhicules et plus - collisions multiples,,,,,,,,,,,3,1,1,5,5
200600004329,0006-01-11 09:30:00,6,1,11,9,30,690,276,BUS (RD301),,,Plein jour,Hors agglomération,Hors intersection,Neige / grêle,Autre collision,,,,,,,,,,,1,1,1,4,6
200600004330,0006-01-11 23:40:00,6,1,11,23,40,690,290,A43,,,Nuit avec éclairage allumé,Hors agglomération,Hors intersection,Brouillard / fumée,Trois véhicules et plus - collisions multiples,,,,,,,,,,,5,1,1,5,5
200600004331,0006-01-11 23:55:00,6,1,11,23,55,690,290,A43,,,Nuit avec éclairage allumé,Hors agglomération,Hors intersection,Brouillard / fumée,Deux véhicules - arrière,,,,,,,,,,,5,1,1,5,2
200600004332,0006-01-12 04:50:00,6,1,12,4,50,690,29,RN383,,,Nuit avec éclairage allumé,Hors agglomération,Hors intersection,Normale,Sans collision,,,,,,,,,,,5,1,1,1,7
200600004333,0006-01-12 14:20:00,6,1,12,14,20,690,256,A42,,,Plein jour,Hors agglomération,Hors intersection,Normale,Sans collision,,,,,,,,,,,1,1,1,1,7
200600004334,0006-01-12 22:25:00,6,1,12,22,25,380,544,A7,,,Nuit avec éclairage allumé,Hors agglomération,Hors intersection,Normale,Autre collision,,,,,,,,,,,5,1,1,1,6
200600004335,0006-01-13 23:40:00,6,1,13,23,40,690,382,A7,,,Nuit sans éclairage public,Hors agglomération,Hors intersection,Normale,Autre collision,,,,,,,,,,,3,1,1,1,6
200600004336,0006-01-15 01:00:00,6,1,15,1,0,380,336,A7,,,Nuit sans éclairage public,Hors agglomération,Hors intersection,Autre,Sans collision,,,,,,,,,,,3,1,1,9,7
200600004337,0006-01-15 05:50:00,6,1,15,5,50,690,34,RN383,,,Nuit avec éclairage allumé,Hors agglomération,Autre intersection,Normale,Deux véhicules - arrière,,,,,,,,,,,5,1,9,1,2
200600004338,0006-01-17 21:15:00,6,1,17,21,15,690,204,A450,,,Nuit sans éclairage public,Hors agglomération,Hors intersection,Pluie légère,Deux véhicules - côté,,,,,,,,,,,3,1,1,2,3
200600004339,0006-01-18 16:20:00,6,1,18,16,20,690,29,RN383,,,Plein jour,Hors agglomération,Hors intersection,Pluie légère,Sans collision,,,,,,,,,,,1,1,1,2,7
200600004340,0006-01-18 19:40:00,6,1,18,19,40,690,142,A7,,,Nuit avec éclairage allumé,Hors agglomération,Hors intersection,Normale,Deux véhicules - côté,,,,,,,,,,,5,1,1,1,3
200600004341,0006-01-19 17:50:00,6,1,19,17,50,690,72,A6,,,Nuit sans éclairage public,Hors agglomération,Hors intersection,Normale,Trois véhicules et plus - en chaîne,,,,,,,,,,,3,1,1,1,4
200600004342,0006-01-20 02:15:00,6,1,20,2,15,690,29,RN383,,,Nuit avec éclairage allumé,Hors agglomération,Hors intersection,Brouillard / fumée,Sans collision,,,,,,,,,,,5,1,1,5,7
200600004343,0006-01-20 16:40:00,6,1,20,16,40,690,382,A6,,,Nuit avec éclairage allumé,Hors agglomération,Hors intersection,Normale,Deux véhicules - côté,,,,,,,,,,,5,1,1,1,3
200600004344,0006-01-20 19:05:00,6,1,20,19,5,380,184,A43,,,Nuit sans éclairage public,Hors agglomération,Hors intersection,Normale,Deux véhicules - arrière,,,,,,,,,,,3,1,1,1,2
200600004345,0006-01-20 20:05:00,6,1,20,20,5,690,199,BUS (RD301),,,Nuit avec éclairage allumé,Hors agglomération,Hors intersection,Normale,Sans collision,,,,,,,,,,,5,1,1,1,7
200600004346,0006-01-22 19:50:00,6,1,22,19,50,690,152,A7,,,Nuit avec éclairage allumé,Hors agglomération,Hors intersection,Normale,Deux véhicules - arrière,,,,,,,,,,,5,1,1,1,2
200600004347,0006-01-25 19:10:00,6,1,25,19,10,690,382,A7,,,Nuit avec éclairage allumé,Hors agglomération,Hors intersection,Normale,Autre collision,,,,,,,,,,,5,1,1,1,6
200600004348,0006-01-26 22:20:00,6,1,26,22,20,690,29,RN383,,,Nuit avec éclairage allumé,Hors agglomération,Hors intersection,Autre,Autre collision,,,,,,,,,,,5,1,1,9,6
200600004349,0006-01-30 05:15:00,6,1,30,5,15,690,266,RN383,,,Nuit avec éclairage allumé,Hors agglomération,Hors intersection,Normale,Deux véhicules - côté,,,,,,,,,,,5,1,1,1,3
200600004350,0006-01-30 09:45:00,6,1,30,9,45,690,297,A47,,,Plein jour,Hors agglomération,Hors intersection,Pluie légère,Sans collision,,,,,,,,,,,1,1,1,2,7
200600004351,0006-01-30 13:05:00,6,1,30,13,5,690,27,A450,,,Plein jour,Hors agglomération,Hors intersection,Normale,Deux véhicules - frontale,,,,,,,,,,,1,1,1,1,1
200600004352,0006-01-30 09:40:00,6,1,30,9,40,690,270,A46S,,,Plein jour,Hors agglomération,Hors intersection,Normale,Deux véhicules - arrière,,,,,,,,,,,1,1,1,1,2
200600004353,0006-01-22 11:08:00,6,1,22,11,8,690,389,"19, JOANNES MASSET",,,Plein jour,En agglomération,Hors intersection,Normale,Deux véhicules - côté,,,,,,,,,,,1,2,1,1,3
200600004354,0006-01-07 20:45:00,6,1,7,20,45,830,70,A570,,,Nuit avec éclairage allumé,Hors agglomération,Autre intersection,Normale,Autre collision,,,,,,,,,,,5,1,9,1,6
200600004355,0006-01-11 13:55:00,6,1,11,13,55,830,137,A57,,,Plein jour,Hors agglomération,Hors intersection,Normale,Sans collision,,,,,,,,,,,1,1,1,1,7
200600004356,0006-01-14 20:55:00,6,1,14,20,55,830,70,A570,,,Nuit sans éclairage public,Hors agglomération,Hors intersection,Normale,Sans collision,,,,,,,,,,,3,1,1,1,7
200600004357,0006-01-21 19:51:00,6,1,21,19,51,830,70,A570,,,Nuit sans éclairage public,Hors agglomération,Hors intersection,Normale,Autre collision,,,,,,,,,,,3,1,1,1,6
200600004358,0006-01-28 00:01:00,6,1,28,0,1,830,70,A57,,,Nuit sans éclairage public,Hors agglomération,Intersection en Y,Pluie forte,Autre collision,,,,,,,,,,,3,1,4,3,6
200600004359,0006-01-29 05:05:00,6,1,29,5,5,830,137,TUNNEL DE TOULON,,,Nuit avec éclairage allumé,Hors agglomération,Hors intersection,Normale,Autre collision,,,,,,,,,,,5,1,1,1,6
200600004360,0006-01-29 00:47:00,6,1,29,0,47,830,70,A57,,,Nuit avec éclairage allumé,Hors agglomération,Autre intersection,Vent fort / tempête,Deux véhicules - arrière,,,,,,,,,,,5,1,9,6,2
200600004361,0006-01-24 08:10:00,6,1,24,8,10,130,28,A50,,,Plein jour,Hors agglomération,Hors intersection,Normale,Sans collision,,,,,,,,,,,1,1,1,1,7
200600004362,0006-01-01 03:35:00,6,1,1,3,35,130,1,A51-Sens Marseille vers,,,Nuit sans éclairage public,Hors agglomération,Hors intersection,Pluie légère,Deux véhicules - côté,,,,,,,,,,,3,1,1,2,3
200600004363,0006-01-01 03:45:00,6,1,1,3,45,130,71,A7-Sens Marseille vers L,,,Nuit sans éclairage public,Hors agglomération,Hors intersection,Pluie légère,Autre collision,,,,,,,,,,,3,1,1,2,6
200600004364,0006-01-01 05:10:00,6,1,1,5,10,130,55,A7-Sens Marseille vers L,,,Nuit sans éclairage public,Hors agglomération,Hors intersection,Pluie légère,Deux véhicules - frontale,,,,,,,,,,,3,1,1,2,1
200600004365,0006-01-01 19:00:00,6,1,1,19,0,130,56,A55-Sens Martigues vers,,,Nuit sans éclairage public,Hors agglomération,Hors intersection,Normale,Autre collision,,,,,,,,,,,3,1,1,1,6
200600004366,0006-01-03 20:20:00,6,1,3,20,20,130,55,A7-Sens Lyon vers Marsei,,,Nuit avec éclairage allumé,Hors agglomération,Hors intersection,Normale,Deux véhicules - arrière,,,,,,,,,,,5,1,1,1,2
200600004367,0006-01-03 07:55:00,6,1,3,7,55,130,71,A7-Sens Lyon vers Marsei,,,Plein jour,Hors agglomération,Hors intersection,Normale,Sans collision,,,,,,,,,,,1,1,1,1,7
200600004368,0006-01-03 07:56:00,6,1,3,7,56,130,71,A7-Sens Lyon vers Marsei,,,Plein jour,Hors agglomération,Hors intersection,Brouillard / fumée,Autre collision,,,,,,,,,,,1,1,1,5,6
200600004369,0006-01-03 19:00:00,6,1,3,19,0,130,22,A50-Sens Aubagne vers To,,,Nuit avec éclairage allumé,Hors agglomération,Hors intersection,Normale,Sans collision,,,,,,,,,,,5,1,1,1,7
200600004370,0006-01-05 20:10:00,6,1,5,20,10,130,85,A50-Sens Toulon vers Aub,,,Nuit sans éclairage public,Hors agglomération,Hors intersection,Pluie légère,Trois véhicules et plus - collisions multiples,,,,,,,,,,,3,1,1,2,5
200600004371,0006-01-08 18:30:00,6,1,8,18,30,130,106,A51-Sens Aix en Provence,,,Nuit sans éclairage public,Hors agglomération,Hors intersection,Normale,Trois véhicules et plus - en chaîne,,,,,,,,,,,3,1,1,1,4
200600004372,0006-01-09 09:00:00,6,1,9,9,0,130,81,A7-Sens Lyon vers Marsei,,,Plein jour,Hors agglomération,Hors intersection,Normale,Trois véhicules et plus - en chaîne,,,,,,,,,,,1,1,1,1,4
200600004373,0006-01-09 18:50:00,6,1,9,18,50,130,71,F5-Sens Aix en Pce vers,,,Nuit sans éclairage public,Hors agglomération,Hors intersection,Normale,Sans collision,,,,,,,,,,,3,1,1,1,7
200600004374,0006-01-10 16:15:00,6,1,10,16,15,130,81,A7-Sens Lyon vers Marsei,,,Plein jour,Hors agglomération,Hors intersection,Normale,Deux véhicules - côté,,,,,,,,,,,1,1,1,1,3
200600004375,0006-01-11 09:25:00,6,1,11,9,25,130,71,A7-Sens Marseille vers L,,,Plein jour,Hors agglomération,Hors intersection,Normale,Autre collision,,,,,,,,,,,1,1,1,1,6
200600004376,0006-01-11 10:10:00,6,1,11,10,10,130,71,A7-Sens Marseille vers L,,,Plein jour,Hors agglomération,Hors intersection,Normale,Sans collision,,,,,,,,,,,1,1,1,1,7
200600004377,0006-01-11 17:50:00,6,1,11,17,50,130,55,A7-Sens Marseille vers L,,,Nuit sans éclairage public,Hors agglomération,Hors intersection,Normale,Trois véhicules et plus - en chaîne,,,,,,,,,,,3,1,1,1,4
200600004378,0006-01-12 15:25:00,6,1,12,15,25,130,71,A55 - Sens Marseille ver,,,Plein jour,Hors agglomération,Hors intersection,Normale,Sans collision,,,,,,,,,,,1,1,1,1,7
200600004379,0006-01-15 03:48:00,6,1,15,3,48,130,15,A51-Sens Aix en Provence,,,Nuit sans éclairage public,Hors agglomération,Hors intersection,Normale,Autre collision,,,,,,,,,,,3,1,1,1,6
200600004380,0006-01-13 17:00:00,6,1,13,17,0,130,22,A50-Sens Aubagne vers To,,,Crépuscule ou aube,Hors agglomération,Hors intersection,Normale,Sans collision,,,,,,,,,,,2,1,1,1,7
200600004381,0006-01-14 04:20:00,6,1,14,4,20,130,15,A51-Sens Marseille vers,,,Nuit sans éclairage public,Hors agglomération,Hors intersection,Normale,Autre collision,,,,,,,,,,,3,1,1,1,6
200600004382,0006-01-14 17:25:00,6,1,14,17,25,130,56,A55-Sens Martigues vers,,,Nuit sans éclairage public,Hors agglomération,Hors intersection,Normale,Deux véhicules - côté,,,,,,,,,,,3,1,1,1,3
200600004383,0006-01-15 01:10:00,6,1,15,1,10,130,55,Tunnel Joliette vers A.5,,,Nuit avec éclairage allumé,Hors agglomération,Hors intersection,Normale,Sans collision,,,,,,,,,,,5,1,1,1,7
200600004384,0006-01-15 19:50:00,6,1,15,19,50,130,55,A7-Sens Marseille vers L,,,Nuit avec éclairage allumé,Hors agglomération,Hors intersection,Normale,Trois véhicules et plus - en chaîne,,,,,,,,,,,5,1,1,1,4
200600004385,0006-01-16 21:50:00,6,1,16,21,50,130,5,A502-Sens Aubagne vers T,,,Nuit avec éclairage allumé,Hors agglomération,Hors intersection,Normale,Autre collision,,,,,,,,,,,5,1,1,1,6
200600004386,0006-01-17 08:00:00,6,1,17,8,0,130,5,A50-Sens Marseille vers,,,Plein jour,Hors agglomération,Hors intersection,Pluie forte,Autre collision,,,,,,,,,,,1,1,1,3,6
200600004387,0006-01-17 09:40:00,6,1,17,9,40,130,71,A7-Sens Marseille vers L,,,Plein jour,Hors agglomération,Hors intersection,Pluie légère,Trois véhicules et plus - en chaîne,,,,,,,,,,,1,1,1,2,4
200600004388,0006-01-17 12:20:00,6,1,17,12,20,130,203,A557-Liaison A7 Marseill,,,Plein jour,Hors agglomération,Hors intersection,Pluie légère,Autre collision,,,,,,,,,,,1,1,1,2,6
200600004389,0006-01-18 06:45:00,6,1,18,6,45,130,106,A51-Sens Aix en Provence,,,Nuit sans éclairage public,Hors agglomération,Hors intersection,Pluie légère,Sans collision,,,,,,,,,,,3,1,1,2,7
200600004390,0006-01-19 14:10:00,6,1,19,14,10,130,1,A51-Sens Marseille vers,,,Plein jour,Hors agglomération,Hors intersection,Normale,Autre collision,,,,,,,,,,,1,1,1,1,6
200600004391,0006-01-19 17:00:00,6,1,19,17,0,130,55,A55-Sens Marseille vers,,,Plein jour,Hors agglomération,Hors intersection,Normale,Deux véhicules - côté,,,,,,,,,,,1,1,1,1,3
200600004392,0006-01-20 23:25:00,6,1,20,23,25,130,56,A55-Sens Marseille vers,,,Nuit avec éclairage allumé,Hors agglomération,Hors intersection,Normale,Sans collision,,,,,,,,,,,5,1,1,1,7
200600004393,0006-01-21 12:50:00,6,1,21,12,50,130,106,A7-Sens Lyon vers Marsei,,,Plein jour,Hors agglomération,Hors intersection,Normale,Autre collision,,,,,,,,,,,1,1,1,1,6
200600004394,0006-01-22 01:10:00,6,1,22,1,10,130,71,A7-Sens Marseille vers L,,,Nuit sans éclairage public,Hors agglomération,Hors intersection,Normale,Autre collision,,,,,,,,,,,3,1,1,1,6
200600004395,0006-01-21 20:00:00,6,1,21,20,0,130,15,A51-Sens Marseille vers,,,Nuit sans éclairage public,Hors agglomération,Hors intersection,Normale,Autre collision,,,,,,,,,,,3,1,1,1,6
200600004396,0006-01-25 15:10:00,6,1,25,15,10,130,5,A50-Sens Aubagne vers Ma,,,Plein jour,Hors agglomération,Hors intersection,Normale,Deux véhicules - arrière,,,,,,,,,,,1,1,1,1,2
200600004397,0006-01-25 20:42:00,6,1,25,20,42,130,55,A55-Sens Martigues vers,,,Nuit sans éclairage public,Hors agglomération,Hors intersection,Normale,Autre collision,,,,,,,,,,,3,1,1,1,6
200600004398,0006-01-26 18:25:00,6,1,26,18,25,130,55,A7-Sens Lyon vers Marsei,,,Nuit avec éclairage allumé,Hors agglomération,Hors intersection,Normale,Autre collision,,,,,,,,,,,5,1,1,1,6
200600004399,0006-01-27 07:52:00,6,1,27,7,52,130,71,A55-Sens Martigues vers,,,Plein jour,Hors agglomération,Hors intersection,Pluie légère,Deux véhicules - arrière,,,,,,,,,,,1,1,1,2,2
200600004400,0006-01-27 09:33:00,6,1,27,9,33,130,33,A55-Sens Martigues vers,,,Plein jour,Hors agglomération,Hors intersection,Pluie légère,Sans collision,,,,,,,,,,,1,1,1,2,7
200600004401,0006-01-27 10:36:00,6,1,27,10,36,130,215,A7-Sens Marseille vers L,,,Plein jour,Hors agglomération,Hors intersection,Normale,Sans collision,,,,,,,,,,,1,1,1,1,7
200600004402,0006-01-28 06:25:00,6,1,28,6,25,130,1,A5116CD-Aix-Centre vers,,,Nuit sans éclairage public,Hors agglomération,Autre intersection,Pluie légère,Autre collision,,,,,,,,,,,3,1,9,2,6
200600004403,0006-01-14 10:15:00,6,1,14,10,15,590,11,102 Rue Nationale,50.529,2.935,Plein jour,En agglomération,Hors intersection,Temps éblouissant,Autre collision,,,,,,,,,,,1,2,1,7,6
200600004404,0006-01-20 22:15:00,6,1,20,22,15,590,52,rue de la gare,50.516,2.9,Nuit avec éclairage allumé,En agglomération,Hors intersection,Normale,Deux véhicules - côté,,,,,,,,,,,5,2,1,1,3
200600004405,0006-01-17 14:00:00,6,1,17,14,0,590,303,,50.577,2.862,Plein jour,Hors agglomération,Intersection en X,Temps couvert,Deux véhicules - côté,,,,,,,,,,,1,1,2,8,3
200600004406,0006-01-24 18:15:00,6,1,24,18,15,590,250,rue faidherbe,50.588,2.885,Nuit sans éclairage public,En agglomération,Hors intersection,Normale,Trois véhicules et plus - collisions multiples,,,,,,,,,,,3,2,1,1,5
200600004407,0006-01-25 16:15:00,6,1,25,16,15,590,524,RUE DE L'EGALITE,50.557,2.917,Plein jour,En agglomération,Hors intersection,Normale,Autre collision,,,,,,,,,,,1,2,1,1,6
200600004408,0006-01-25 19:00:00,6,1,25,19,0,590,653,rue de Lille,,,Nuit avec éclairage allumé,En agglomération,Hors intersection,Pluie légère,Deux véhicules - frontale,,,,,,,,,,,5,2,1,2,1
200600004409,0006-01-22 14:30:00,6,1,22,14,30,590,256,,50.589,3.149,Plein jour,Hors agglomération,Hors intersection,Normale,Autre collision,,,,,,,,,,,1,1,1,1,6
200600004410,0006-01-12 19:15:00,6,1,12,19,15,590,123,CD 925,,,Nuit sans éclairage public,Hors agglomération,Hors intersection,Normale,Trois véhicules et plus - collisions multiples,,,,,,,,,,,3,1,1,1,5
200600004411,0006-01-27 13:05:00,6,1,27,13,5,590,452,rue Florent Evrard,,,Plein jour,En agglomération,Hors intersection,Normale,Deux véhicules - côté,,,,,,,,,,,1,2,1,1,3
200600004412,0006-01-24 08:30:00,6,1,24,8,30,590,82,CD 352,,,Plein jour,En agglomération,Hors intersection,Autre,Autre collision,,,,,,,,,,,1,2,1,9,6
200600004413,0006-01-16 20:00:00,6,1,16,20,0,590,641,,,,Nuit avec éclairage non allumé,Hors agglomération,Hors intersection,Pluie légère,Autre collision,,,,,,,,,,,4,1,1,2,6
200600004414,0006-01-03 10:20:00,6,1,3,10,20,590,210,"eau 155, route de cassel",,,Plein jour,Hors agglomération,Passage à niveau,Normale,Autre collision,,,,,,,,,,,1,1,8,1,6
200600004415,0006-01-28 12:00:00,6,1,28,12,0,590,663,route de Steenvoorde,50.874,2.482,Plein jour,Hors agglomération,Hors intersection,Normale,Deux véhicules - frontale,,,,,,,,,,,1,1,1,1,1
200600004416,0006-01-25 16:45:00,6,1,25,16,45,590,237,,50.766,2.644,Plein jour,Hors agglomération,Hors intersection,Pluie légère,Deux véhicules - frontale,,,,,,,,,,,1,1,1,2,1
200600004417,0006-01-14 10:45:00,6,1,14,10,45,590,335,ROUTE DE ROUBAIX,50.471,3.402,Plein jour,En agglomération,Hors intersection,Temps éblouissant,Deux véhicules - côté,,,,,,,,,,,1,2,1,7,3
200600004418,0006-01-09 17:30:00,6,1,9,17,30,590,50,RN2,,,Crépuscule ou aube,Hors agglomération,Hors intersection,Normale,Deux véhicules - frontale,,,,,,,,,,,2,1,1,1,1
200600004419,0006-01-21 09:00:00,6,1,21,9,0,590,439,16 Grand Rue,50.162,3.797,Plein jour,En agglomération,Hors intersection,Autre,Deux véhicules - côté,,,,,,,,,,,1,2,1,9,3
200600004420,0006-01-29 18:45:00,6,1,29,18,45,590,384,959 Route de Landrecies,,,Nuit sans éclairage public,Hors agglomération,Hors intersection,Normale,Autre collision,,,,,,,,,,,3,1,1,1,6
200600004421,0006-01-26 19:30:00,6,1,26,19,30,590,422,,50.209,3.329,Nuit sans éclairage public,Hors agglomération,Autre intersection,Normale,Autre collision,,,,,,,,,,,3,1,9,1,6
200600004422,0006-01-30 20:15:00,6,1,30,20,15,590,63,Rue Berthelot,,,Nuit avec éclairage allumé,En agglomération,Hors intersection,Normale,Deux véhicules - frontale,,,,,,,,,,,5,2,1,1,1
200600004423,0006-01-26 19:15:00,6,1,26,19,15,590,624,Rue de Cambrai (CD 76),,,Nuit avec éclairage allumé,En agglomération,Hors intersection,Normale,Autre collision,,,,,,,,,,,5,2,1,1,6
200600004424,0006-01-15 12:45:00,6,1,15,12,45,590,370,,50.316,4.0,Plein jour,Hors agglomération,Intersection en X,Normale,Deux véhicules - côté,,,,,,,,,,,1,1,2,1,3
200600004425,0006-01-23 11:15:00,6,1,23,11,15,590,53,RUE DE LA GARE,50.302,3.791,Plein jour,En agglomération,Hors intersection,Temps éblouissant,Autre collision,,,,,,,,,,,1,2,1,7,6
200600004426,0006-01-21 08:55:00,6,1,21,8,55,620,708,,,,Plein jour,Hors agglomération,Hors intersection,Normale,Autre collision,,,,,,,,,,,1,1,1,1,6
200600004427,0006-01-01 05:15:00,6,1,1,5,15,620,320,,,,Nuit sans éclairage public,Hors agglomération,Hors intersection,Normale,Autre collision,,,,,,,,,,,3,1,1,1,6
200600004428,0006-01-06 20:15:00,6,1,6,20,15,620,298,,,,Nuit sans éclairage public,Hors agglomération,Hors intersection,Normale,Sans collision,,,,,,,,,,,3,1,1,1,7
200600004429,0006-01-28 08:45:00,6,1,28,8,45,620,873,,,,Plein jour,Hors agglomération,Intersection en X,Normale,Deux véhicules - côté,,,,,,,,,,,1,1,2,1,3
200600004430,0006-01-23 16:15:00,6,1,23,16,15,620,770,u 2166 rue de guarbecque,,,Plein jour,Hors agglomération,Hors intersection,Normale,Deux véhicules - côté,,,,,,,,,,,1,1,1,1,3
200600004431,0006-01-14 19:45:00,6,1,14,19,45,620,706,,,,Nuit sans éclairage public,Hors agglomération,Hors intersection,Normale,Sans collision,,,,,,,,,,,3,1,1,1,7
200600004432,0006-01-23 17:45:00,6,1,23,17,45,620,529,,,,Nuit avec éclairage allumé,Hors agglomération,Intersection en X,Temps couvert,Deux véhicules - côté,,,,,,,,,,,5,1,2,8,3
200600004433,0006-01-01 20:00:00,6,1,1,20,0,620,711,"63, rue Roger Salengro",,,Nuit avec éclairage allumé,En agglomération,Hors intersection,Pluie légère,Autre collision,,,,,,,,,,,5,2,1,2,6
200600004434,0006-01-06 16:00:00,6,1,6,16,0,620,899,,,,Plein jour,Hors agglomération,Hors intersection,Normale,Autre collision,,,,,,,,,,,1,1,1,1,6
200600004435,0006-01-11 20:30:00,6,1,11,20,30,620,527,,,,Nuit sans éclairage public,Hors agglomération,Hors intersection,Brouillard / fumée,Deux véhicules - frontale,,,,,,,,,,,3,1,1,5,1
200600004436,0006-01-17 08:30:00,6,1,17,8,30,620,318,route de boulogne,50.519,1.648,Crépuscule ou aube,En agglomération,Hors intersection,Pluie légère,Autre collision,,,,,,,,,,,2,2,1,2,6
200600004437,0006-01-10 14:15:00,6,1,10,14,15,620,364,,,,Plein jour,Hors agglomération,Hors intersection,Normale,Trois véhicules et plus - collisions multiples,,,,,,,,,,,1,1,1,1,5
200600004438,0006-01-29 02:23:00,6,1,29,2,23,620,752,haussée de l'avant pays,50.486,1.691,Nuit sans éclairage public,Hors agglomération,Hors intersection,Normale,Sans collision,,,,,,,,,,,3,1,1,1,7
200600004439,0006-01-05 04:45:00,6,1,5,4,45,620,684,,,,Nuit sans éclairage public,Hors agglomération,Hors intersection,Autre,Deux véhicules - frontale,,,,,,,,,,,3,1,1,9,1
200600004440,0006-01-13 11:45:00,6,1,13,11,45,620,14,,,,Plein jour,Hors agglomération,Hors intersection,Pluie légère,Autre collision,,,,,,,,,,,1,1,1,2,6
200600004441,0006-01-15 01:15:00,6,1,15,1,15,620,78,RUE DU CAMP DU DRAP D'OR,50.86,1.939,Nuit avec éclairage allumé,En agglomération,Hors intersection,Normale,Autre collision,,,,,,,,,,,5,2,1,1,6
200600004442,0006-01-27 14:45:00,6,1,27,14,45,620,827,524 rue de valenciennes,50.805,2.042,Nuit sans éclairage public,En agglomération,Hors intersection,Normale,Deux véhicules - côté,,,,,,,,,,,3,2,1,1,3