accident_id,datetime,annee,mois,jour,heure,minute,departement,commune_insee,adresse,latitude,longitude,luminosite,agglomeration,intersection,meteo,collision,nb_vehicules,nb_usagers,nb_indemnes,nb_tues,nb_blesses_hosp,nb_blesses_legers,age_cond_1,age_cond_2,veh_type_cond_1,veh_type_cond_2,lum_code,agg_code,int_code,atm_code,col_code
200600004443,0006-01-13 19:45:00,6,1,13,19,45,620,598,,50.86,2.145,Nuit sans éclairage public,Hors agglomération,Hors intersection,Normale,Autre collision,,,,,,,,,,,3,1,1,1,6
200600004444,0006-01-17 17:45:00,6,1,17,17,45,620,57,Place du Général de Gaul,50.882,2.08,Nuit avec éclairage allumé,En agglomération,Hors intersection,Temps couvert,Autre collision,,,,,,,,,,,5,2,1,8,6
200600004445,0006-01-28 10:00:00,6,1,28,10,0,620,57,Place du Gal De Gaulle,50.882,2.08,Plein jour,En agglomération,Hors intersection,Temps couvert,Autre collision,,,,,,,,,,,1,2,1,8,6
200600004446,0006-01-19 16:15:00,6,1,19,16,15,620,180,,50.411,2.368,Plein jour,Hors agglomération,Hors intersection,Temps couvert,Sans collision,,,,,,,,,,,1,1,1,8,7
200600004447,0006-01-23 12:45:00,6,1,23,12,45,620,647,32 RUE DU BAS PARCQ,50.395,2.091,Plein jour,En agglomération,Hors intersection,Normale,Autre collision,,,,,,,,,,,1,2,1,1,6
200600004448,0006-01-27 08:00:00,6,1,27,8,0,620,180,RN 41 Le grand Champ,,,Plein jour,Hors agglomération,Hors intersection,Autre,Sans collision,,,,,,,,,,,1,1,1,9,7
200600004449,0006-01-14 15:30:00,6,1,14,15,30,620,63,RUE DES FOSSES,50.281,2.531,Plein jour,En agglomération,Hors intersection,Normale,Autre collision,,,,,,,,,,,1,2,1,1,6
200600004450,0006-01-16 06:45:00,6,1,16,6,45,620,63,avenue francois mitterra,50.282,2.534,Nuit avec éclairage allumé,En agglomération,Hors intersection,Autre,Autre collision,,,,,,,,,,,5,2,1,9,6
200600004451,0006-01-19 16:30:00,6,1,19,16,30,620,63,,50.279,2.52,Plein jour,En agglomération,Hors intersection,Normale,Deux véhicules - frontale,,,,,,,,,,,1,2,1,1,1
200600004452,0006-01-21 08:45:00,6,1,21,8,45,620,199,,50.369,2.652,Plein jour,Hors agglomération,Hors intersection,Normale,Autre collision,,,,,,,,,,,1,1,1,1,6
200600004453,0006-01-31 08:30:00,6,1,31,8,30,620,45,carrefour  CD 75 et RN39,,,Plein jour,En agglomération,Intersection en X,Normale,Deux véhicules - côté,,,,,,,,,,,1,2,2,1,3
200600004454,0006-01-16 16:30:00,6,1,16,16,30,800,426,rue de Bresle,,,Plein jour,En agglomération,Autre intersection,Temps couvert,Autre collision,,,,,,,,,,,1,2,9,8,6
200600004455,0006-01-03 15:40:00,6,1,3,15,40,800,800,CD110 / CD 96,49.881,1.819,Plein jour,Hors agglomération,Intersection en X,Temps couvert,Deux véhicules - côté,,,,,,,,,,,1,1,2,8,3
200600004456,0006-01-15 18:15:00,6,1,15,18,15,800,62,,49.842,1.77,Nuit sans éclairage public,Hors agglomération,Hors intersection,Normale,Sans collision,,,,,,,,,,,3,1,1,1,7
200600004457,0006-01-07 16:15:00,6,1,7,16,15,800,639,,49.943,2.309,Plein jour,Hors agglomération,Hors intersection,Temps couvert,Trois véhicules et plus - collisions multiples,,,,,,,,,,,1,1,1,8,5
200600004458,0006-01-18 04:30:00,6,1,18,4,30,800,202,CD 11,,,Nuit sans éclairage public,Hors agglomération,Hors intersection,Pluie légère,Deux véhicules - côté,,,,,,,,,,,3,1,1,2,3
200600004459,0006-01-27 20:15:00,6,1,27,20,15,800,488,rue du 08 mai 1945,50.014,2.005,Nuit avec éclairage allumé,En agglomération,Intersection en X,Normale,Deux véhicules - frontale,,,,,,,,,,,5,2,2,1,1
200600004460,0006-01-12 09:15:00,6,1,12,9,15,800,308,,50.066,1.623,Plein jour,Hors agglomération,Hors intersection,Normale,Deux véhicules - côté,,,,,,,,,,,1,1,1,1,3
200600004461,0006-01-12 15:30:00,6,1,12,15,30,800,826,rue de la barre DUQUESNE,,,Plein jour,En agglomération,Hors intersection,Temps éblouissant,Deux véhicules - frontale,,,,,,,,,,,1,2,1,7,1
200600004462,0006-01-31 15:45:00,6,1,31,15,45,800,253,RUE JULES DEBUICH,50.15,2.34,Plein jour,En agglomération,Hors intersection,Normale,Autre collision,,,,,,,,,,,1,2,1,1,6
200600004463,0006-01-04 21:00:00,6,1,4,21,0,800,566,CD 49,,,Nuit sans éclairage public,Hors agglomération,Autre intersection,Normale,Sans collision,,,,,,,,,,,3,1,9,1,7
200600004464,0006-01-31 16:45:00,6,1,31,16,45,800,310,0 RUE DU GENERAL LECLERC,50.122,2.233,Plein jour,En agglomération,Hors intersection,Normale,Autre collision,,,,,,,,,,,1,2,1,1,6
200600004465,0006-01-06 19:20:00,6,1,6,19,20,800,467,RN17,,,Nuit sans éclairage public,Hors agglomération,Hors intersection,Normale,Deux véhicules - frontale,,,,,,,,,,,3,1,1,1,1
200600004466,0006-01-14 11:20:00,6,1,14,11,20,800,232,CARREFOUR CD34 ET CD 139,,,Plein jour,Hors agglomération,Intersection en X,Normale,Deux véhicules - côté,,,,,,,,,,,1,1,2,1,3
200600004467,0006-01-31 16:30:00,6,1,31,16,30,800,759,,,,Plein jour,Hors agglomération,Hors intersection,Normale,Sans collision,,,,,,,,,,,1,1,1,1,7
200600004468,0006-01-21 08:45:00,6,1,21,8,45,800,452,,,,Plein jour,Hors agglomération,Hors intersection,Autre,Sans collision,,,,,,,,,,,1,1,1,9,7
200600004469,0006-01-23 17:45:00,6,1,23,17,45,800,10,,49.762,2.371,Crépuscule ou aube,Hors agglomération,Hors intersection,Normale,Autre collision,,,,,,,,,,,2,1,1,1,6
200600004470,0006-01-31 17:15:00,6,1,31,17,15,800,740,12 Rue Jametel,49.713,2.398,Plein jour,En agglomération,Hors intersection,Autre,Autre collision,,,,,,,,,,,1,2,1,9,6
200600004471,0006-01-07 14:15:00,6,1,7,14,15,800,366,,49.986,2.705,Plein jour,Hors agglomération,Hors intersection,Normale,Sans collision,,,,,,,,,,,1,1,1,1,7
200600004472,0006-01-04 11:45:00,6,1,4,11,45,800,621,route d' OMIECOURT,49.814,2.858,Plein jour,En agglomération,Hors intersection,Normale,Autre collision,,,,,,,,,,,1,2,1,1,6
200600004473,0006-01-03 13:30:00,6,1,3,13,30,800,410,Avenue Jean-Moulin,49.754,3.071,Plein jour,En agglomération,Hors intersection,Normale,Autre collision,,,,,,,,,,,1,2,1,1,6
200600004474,0006-01-07 15:00:00,6,1,7,15,0,20,727,CD 641 PK 3.500,,,Plein jour,En agglomération,Hors intersection,Pluie légère,Sans collision,,,,,,,,,,,1,2,1,2,7
200600004475,0006-01-14 22:45:00,6,1,14,22,45,20,237,CD 967 PK 87+666,,,Nuit sans éclairage public,Hors agglomération,Hors intersection,Autre,Autre collision,,,,,,,,,,,3,1,1,9,6
200600004476,0006-01-28 17:45:00,6,1,28,17,45,20,261,,,,Plein jour,Hors agglomération,Hors intersection,Normale,Autre collision,,,,,,,,,,,1,1,1,1,6
200600004477,0006-01-05 20:15:00,6,1,5,20,15,20,74,Grd rue et rue bruyeres,,,Nuit avec éclairage allumé,En agglomération,Intersection en T,Temps couvert,Deux véhicules - côté,,,,,,,,,,,5,2,3,8,3
200600004478,0006-01-27 20:45:00,6,1,27,20,45,20,159,de la commune de CHAMPS,,,Nuit sans éclairage public,Hors agglomération,Hors intersection,Normale,Deux véhicules - frontale,,,,,,,,,,,3,1,1,1,1
200600004479,0006-01-30 13:45:00,6,1,30,13,45,20,755,,49.493,3.556,Plein jour,Hors agglomération,Autre intersection,Normale,Deux véhicules - arrière,,,,,,,,,,,1,1,9,1,2
200600004480,0006-01-01 02:00:00,6,1,1,2,0,20,697,,49.593,3.739,Nuit sans éclairage public,Hors agglomération,Hors intersection,Autre,Autre collision,,,,,,,,,,,3,1,1,9,6
200600004481,0006-01-14 23:45:00,6,1,14,23,45,20,816,,,,Nuit sans éclairage public,Hors agglomération,Hors intersection,Normale,Deux véhicules - frontale,,,,,,,,,,,3,1,1,1,1
200600004482,0006-01-08 15:30:00,6,1,8,15,30,20,303,,,,Plein jour,Hors agglomération,Giratoire,Normale,Autre collision,,,,,,,,,,,1,1,6,1,6
200600004483,0006-01-14 09:45:00,6,1,14,9,45,20,303,,,,Plein jour,Hors agglomération,Intersection en X,Normale,Deux véhicules - côté,,,,,,,,,,,1,1,2,1,3
200600004484,0006-01-29 16:15:00,6,1,29,16,15,20,226,rue jean mermoz,,,Plein jour,En agglomération,Hors intersection,Normale,Deux véhicules - côté,,,,,,,,,,,1,2,1,1,3
200600004485,0006-01-29 13:45:00,6,1,29,13,45,20,766,,,,Plein jour,Hors agglomération,Hors intersection,Normale,Deux véhicules - frontale,,,,,,,,,,,1,1,1,1,1
200600004486,0006-01-14 19:30:00,6,1,14,19,30,20,810,rue du 18 juillet,49.258,3.1,Nuit avec éclairage allumé,En agglomération,Hors intersection,Normale,Trois véhicules et plus - collisions multiples,,,,,,,,,,,5,2,1,1,5
200600004487,0006-01-27 18:45:00,6,1,27,18,45,20,810,,49.232,3.102,Nuit sans éclairage public,Hors agglomération,Hors intersection,Normale,Trois véhicules et plus - collisions multiples,,,,,,,,,,,3,1,1,1,5
200600004488,0006-01-15 17:45:00,6,1,15,17,45,20,833,rue de la Libération,,,Plein jour,En agglomération,Hors intersection,Normale,Deux véhicules - frontale,,,,,,,,,,,1,2,1,1,1
200600004489,0006-01-14 21:15:00,6,1,14,21,15,20,337,,49.945,3.905,Nuit sans éclairage public,Hors agglomération,Hors intersection,Autre,Autre collision,,,,,,,,,,,3,1,1,9,6
200600004490,0006-01-06 08:00:00,6,1,6,8,0,600,277,Rue Juliette Nevouet,49.436,2.045,Nuit avec éclairage non allumé,En agglomération,Hors intersection,Normale,Autre collision,,,,,,,,,,,4,2,1,1,6
200600004491,0006-01-23 18:45:00,6,1,23,18,45,600,290,,49.483,2.133,Nuit sans éclairage public,Hors agglomération,Intersection en T,Normale,Deux véhicules - côté,,,,,,,,,,,3,1,3,1,3
200600004492,0006-01-24 04:45:00,6,1,24,4,45,600,251,,49.466,2.228,Nuit sans éclairage public,Hors agglomération,Hors intersection,Normale,Sans collision,,,,,,,,,,,3,1,1,1,7
200600004493,0006-01-06 17:30:00,6,1,6,17,30,600,220,Les landrons,49.444,1.868,Nuit avec éclairage allumé,En agglomération,Hors intersection,Pluie légère,Deux véhicules - côté,,,,,,,,,,,5,2,1,2,3
200600004494,0006-01-09 19:45:00,6,1,9,19,45,600,510,CD 981,,,Nuit sans éclairage public,Hors agglomération,Hors intersection,Normale,Trois véhicules et plus - collisions multiples,,,,,,,,,,,3,1,1,1,5
200600004495,0006-01-11 18:00:00,6,1,11,18,0,600,333,avenue tristan Klingsor,49.452,1.901,Nuit avec éclairage allumé,En agglomération,Hors intersection,Normale,Trois véhicules et plus - collisions multiples,,,,,,,,,,,5,2,1,1,5
200600004496,0006-01-29 14:00:00,6,1,29,14,0,600,63,,,,Plein jour,Hors agglomération,Hors intersection,Normale,Sans collision,,,,,,,,,,,1,1,1,1,7
200600004497,0006-01-09 07:45:00,6,1,9,7,45,600,645,CD 981,,,Nuit sans éclairage public,Hors agglomération,Intersection en T,Temps couvert,Deux véhicules - côté,,,,,,,,,,,3,1,3,8,3
200600004498,0006-01-10 20:15:00,6,1,10,20,15,600,211,rue Camille pissaro,,,Nuit avec éclairage allumé,En agglomération,Hors intersection,Normale,Deux véhicules - côté,,,,,,,,,,,5,2,1,1,3
200600004499,0006-01-14 17:00:00,6,1,14,17,0,600,645,,,,Nuit sans éclairage public,Hors agglomération,Hors intersection,Normale,Sans collision,,,,,,,,,,,3,1,1,1,7
200600004500,0006-01-06 17:00:00,6,1,6,17,0,600,435,cd 930,,,Crépuscule ou aube,Hors agglomération,Hors intersection,Pluie légère,Deux véhicules - arrière,,,,,,,,,,,2,1,1,2,2
200600004501,0006-01-16 07:45:00,6,1,16,7,45,600,193,,,,Crépuscule ou aube,Hors agglomération,Hors intersection,Normale,Autre collision,,,,,,,,,,,2,1,1,1,6
200600004502,0006-01-17 12:15:00,6,1,17,12,15,600,590,28 Rue de Belloy,49.537,2.005,Plein jour,En agglomération,Hors intersection,Pluie légère,Deux véhicules - côté,,,,,,,,,,,1,2,1,2,3
200600004503,0006-01-30 06:40:00,6,1,30,6,40,600,530,ST PIERRE et REMERANGLES,,,Nuit sans éclairage public,Hors agglomération,Hors intersection,Normale,Sans collision,,,,,,,,,,,3,1,1,1,7
200600004504,0006-01-04 08:45:00,6,1,4,8,45,600,524,,49.329,2.436,Plein jour,Hors agglomération,Hors intersection,Brouillard / fumée,Autre collision,,,,,,,,,,,1,1,1,5,6
200600004505,0006-01-29 12:15:00,6,1,29,12,15,600,360,,,,Plein jour,Hors agglomération,Hors intersection,Normale,Sans collision,,,,,,,,,,,1,1,1,1,7
200600004506,0006-01-01 04:15:00,6,1,1,4,15,600,222,,,,Nuit sans éclairage public,Hors agglomération,Hors intersection,Autre,Sans collision,,,,,,,,,,,3,1,1,9,7
200600004507,0006-01-01 02:45:00,6,1,1,2,45,600,222,,,,Nuit sans éclairage public,Hors agglomération,Hors intersection,Autre,Sans collision,,,,,,,,,,,3,1,1,9,7
200600004508,0006-01-04 11:00:00,6,1,4,11,0,600,468,,49.506,2.348,Plein jour,Hors agglomération,Hors intersection,Normale,Sans collision,,,,,,,,,,,1,1,1,1,7
200600004509,0006-01-21 20:45:00,6,1,21,20,45,600,495,,49.53,2.441,Nuit sans éclairage public,Hors agglomération,Hors intersection,Normale,Sans collision,,,,,,,,,,,3,1,1,1,7
200600004510,0006-01-31 16:00:00,6,1,31,16,0,600,150,,49.539,2.947,Plein jour,Hors agglomération,Intersection en T,Normale,Deux véhicules - côté,,,,,,,,,,,1,1,3,1,3
200600004511,0006-01-31 08:45:00,6,1,31,8,45,600,166,,49.45,2.79,Plein jour,Hors agglomération,Hors intersection,Autre,Sans collision,,,,,,,,,,,1,1,1,9,7
200600004512,0006-01-05 15:45:00,6,1,5,15,45,600,502,,,,Plein jour,Hors agglomération,Intersection en X,Normale,Deux véhicules - frontale,,,,,,,,,,,1,1,2,1,1
200600004513,0006-01-02 13:00:00,6,1,2,13,0,600,682,,,,Plein jour,Hors agglomération,Hors intersection,Normale,Deux véhicules - côté,,,,,,,,,,,1,1,1,1,3
200600004514,0006-01-11 17:15:00,6,1,11,17,15,600,138,,,,Nuit sans éclairage public,Hors agglomération,Hors intersection,Pluie légère,Deux véhicules - arrière,,,,,,,,,,,3,1,1,2,2
200600004515,0006-01-19 11:30:00,6,1,19,11,30,600,28,RN 17 - PK 14.5,,,Plein jour,Hors agglomération,Hors intersection,Normale,Deux véhicules - frontale,,,,,,,,,,,1,1,1,1,1
200600004516,0006-01-04 17:00:00,6,1,4,17,0,600,450,,,,Crépuscule ou aube,Hors agglomération,Hors intersection,Normale,Trois véhicules et plus - collisions multiples,,,,,,,,,,,2,1,1,1,5
200600004517,0006-01-21 04:45:00,6,1,21,4,45,600,282,20 av du Général LECLERC,49.18,2.454,Nuit avec éclairage allumé,En agglomération,Hors intersection,Normale,Autre collision,,,,,,,,,,,5,2,1,1,6
200600004518,0006-01-26 12:25:00,6,1,26,12,25,600,282,CHEMIN DES AIGLES,,,Plein jour,En agglomération,Hors intersection,Normale,Autre collision,,,,,,,,,,,1,2,1,1,6
200600004519,0006-01-23 10:25:00,6,1,23,10,25,600,282,CD 44  -  PK 23,,,Plein jour,Hors agglomération,Hors intersection,Temps éblouissant,Autre collision,,,,,,,,,,,1,1,1,7,6
200600004520,0006-01-31 11:00:00,6,1,31,11,0,600,141,venue du Maréchal Joffre,,,Plein jour,En agglomération,Hors intersection,Normale,Deux véhicules - arrière,,,,,,,,,,,1,2,1,1,2
200600004521,0006-01-02 13:45:00,6,1,2,13,45,600,589,RUE DE LA LIBERTE,49.237,2.468,Plein jour,En agglomération,Hors intersection,Normale,Deux véhicules - côté,,,,,,,,,,,1,2,1,1,3
200600004522,0006-01-10 00:01:00,6,1,10,0,1,600,22,,,,Plein jour,Hors agglomération,Hors intersection,Normale,Deux véhicules - frontale,,,,,,,,,,,1,1,1,1,1
200600004523,0006-01-01 05:45:00,6,1,1,5,45,600,667,route de SAINTINES,,,Nuit avec éclairage allumé,En agglomération,Hors intersection,Normale,Deux véhicules - côté,,,,,,,,,,,5,2,1,1,3
200600004524,0006-01-20 16:20:00,6,1,20,16,20,760,452,CD155 RUE ANDRE MARTIN,,,Plein jour,En agglomération,Hors intersection,Normale,Deux véhicules - arrière,,,,,,,,,,,1,2,1,1,2
200600004525,0006-01-21 17:00:00,6,1,21,17,0,760,452,Rue W. Churchill,,,Crépuscule ou aube,En agglomération,Intersection en T,Normale,Trois véhicules et plus - collisions multiples,,,,,,,,,,,2,2,3,1,5
200600004526,0006-01-06 21:30:00,6,1,6,21,30,760,624,,49.878,1.202,Nuit sans éclairage public,Hors agglomération,Hors intersection,Normale,Autre collision,,,,,,,,,,,3,1,1,1,6
200600004527,0006-01-07 12:00:00,6,1,7,12,0,760,215,,49.944,1.185,Plein jour,Hors agglomération,Hors intersection,Normale,Deux véhicules - arrière,,,,,,,,,,,1,1,1,1,2
200600004528,0006-01-14 08:45:00,6,1,14,8,45,760,472,Grande Rue,,,Plein jour,En agglomération,Hors intersection,Autre,Sans collision,,,,,,,,,,,1,2,1,9,7
200600004529,0006-01-30 17:50:00,6,1,30,17,50,760,71,rte de St Sulpice,,,Crépuscule ou aube,Hors agglomération,Hors intersection,Normale,Deux véhicules - côté,,,,,,,,,,,2,1,1,1,3
200600004530,0006-01-29 13:00:00,6,1,29,13,0,760,577,CD149,,,Plein jour,En agglomération,Hors intersection,Normale,Trois véhicules et plus - collisions multiples,,,,,,,,,,,1,2,1,1,5
200600004531,0006-01-11 07:45:00,6,1,11,7,45,760,464,Rue des andelys,,,Nuit avec éclairage allumé,En agglomération,Hors intersection,Normale,Deux véhicules - côté,,,,,,,,,,,5,2,1,1,3
200600004532,0006-01-10 08:00:00,6,1,10,8,0,760,222,RUE DU PRESIDENT COTY,,,Nuit avec éclairage allumé,En agglomération,Intersection en X,Normale,Deux véhicules - côté,,,,,,,,,,,5,2,2,1,3
200600004533,0006-01-15 20:00:00,6,1,15,20,0,760,115,,,,Nuit sans éclairage public,Hors agglomération,Hors intersection,Normale,Deux véhicules - côté,,,,,,,,,,,3,1,1,1,3
200600004534,0006-01-08 09:00:00,6,1,8,9,0,760,462,,49.749,1.474,Plein jour,Hors agglomération,Hors intersection,Pluie légère,Deux véhicules - côté,,,,,,,,,,,1,1,1,2,3
200600004535,0006-01-19 07:55:00,6,1,19,7,55,760,286,n°7 rue de l'église,,,Crépuscule ou aube,En agglomération,Hors intersection,Temps couvert,Autre collision,,,,,,,,,,,2,2,1,8,6
200600004536,0006-01-24 20:00:00,6,1,24,20,0,760,286,CD 1314 - CD26,49.895,1.427,Nuit avec éclairage allumé,En agglomération,Intersection en X,Normale,Deux véhicules - côté,,,,,,,,,,,5,2,2,1,3
200600004537,0006-01-14 04:30:00,6,1,14,4,30,760,352,RN 31,,,Nuit sans éclairage public,En agglomération,Hors intersection,Normale,Sans collision,,,,,,,,,,,3,2,1,1,7
200600004538,0006-01-25 09:00:00,6,1,25,9,0,760,758,Avenue Foch,49.62,0.74,Plein jour,En agglomération,Hors intersection,Normale,Autre collision,,,,,,,,,,,1,2,1,1,6
200600004539,0006-01-18 17:30:00,6,1,18,17,30,760,289,,,,Plein jour,Hors agglomération,Hors intersection,Normale,Deux véhicules - côté,,,,,,,,,,,1,1,1,1,3
200600004540,0006-01-21 15:45:00,6,1,21,15,45,760,57,,,,Plein jour,Hors agglomération,Hors intersection,Normale,Deux véhicules - côté,,,,,,,,,,,1,1,1,1,3
200600004541,0006-01-26 04:45:00,6,1,26,4,45,760,99,CD22,,,Nuit sans éclairage public,Hors agglomération,Hors intersection,Autre,Deux véhicules - frontale,,,,,,,,,,,3,1,1,9,1
200600004542,0006-01-09 18:40:00,6,1,9,18,40,760,159,oute de BOSVILLE - RD 88,,,Nuit avec éclairage allumé,En agglomération,Hors intersection,Normale,Deux véhicules - frontale,,,,,,,,,,,5,2,1,1,1
200600004543,0006-01-14 04:15:00,6,1,14,4,15,760,569,CD 20 PK 43+040,,,Nuit avec éclairage allumé,En agglomération,Hors intersection,Normale,Autre collision,,,,,,,,,,,5,2,1,1,6
200600004544,0006-01-15 12:30:00,6,1,15,12,30,760,315,Rue Jean de Béthencourt,,,Plein jour,En agglomération,Hors intersection,Normale,Deux véhicules - frontale,,,,,,,,,,,1,2,1,1,1
200600004545,0006-01-23 15:45:00,6,1,23,15,45,760,655,"CD 925 B, QUAI D'AVAL",,,Crépuscule ou aube,En agglomération,Hors intersection,Normale,Deux véhicules - côté,,,,,,,,,,,2,2,1,1,3
200600004546,0006-01-15 15:15:00,6,1,15,15,15,760,240,,49.722,0.364,Plein jour,Hors agglomération,Autre intersection,Normale,Deux véhicules - frontale,,,,,,,,,,,1,1,9,1,1
200600004547,0006-01-19 08:00:00,6,1,19,8,0,270,165,,,,Crépuscule ou aube,Hors agglomération,Hors intersection,Pluie légère,Deux véhicules - frontale,,,,,,,,,,,2,1,1,2,1
200600004548,0006-01-24 16:30:00,6,1,24,16,30,270,602,,,,Plein jour,Hors agglomération,Hors intersection,Normale,Deux véhicules - frontale,,,,,,,,,,,1,1,1,1,1
200600004549,0006-01-03 15:00:00,6,1,3,15,0,270,478,,,,Plein jour,Hors agglomération,Hors intersection,Normale,Autre collision,,,,,,,,,,,1,1,1,1,6
200600004550,0006-01-12 13:15:00,6,1,12,13,15,270,507,RUE JULES CAYAUX,48.912,1.277,Plein jour,En agglomération,Hors intersection,Normale,Deux véhicules - frontale,,,,,,,,,,,1,2,1,1,1
200600004551,0006-01-14 00:45:00,6,1,14,0,45,270,350,Hameau de PINSON,48.831,1.245,Nuit sans éclairage public,Hors agglomération,Hors intersection,Brouillard / fumée,Sans collision,,,,,,,,,,,3,1,1,5,7
200600004552,0006-01-01 01:15:00,6,1,1,1,15,270,69,La Moinerie,48.817,0.74,Nuit avec éclairage allumé,En agglomération,Intersection en X,Normale,Deux véhicules - côté,,,,,,,,,,,5,2,2,1,3
200600004553,0006-01-12 18:15:00,6,1,12,18,15,270,359,,48.849,0.654,Nuit sans éclairage public,Hors agglomération,Hors intersection,Pluie légère,Sans collision,,,,,,,,,,,3,1,1,2,7
200600004554,0006-01-27 14:15:00,6,1,27,14,15,270,182,RN 12,48.752,1.002,Plein jour,Hors agglomération,Hors intersection,Normale,Deux véhicules - arrière,,,,,,,,,,,1,1,1,1,2
200600004555,0006-01-03 20:30:00,6,1,3,20,30,270,16,Avenue de la République,,,Nuit avec éclairage allumé,En agglomération,Autre intersection,Normale,Autre collision,,,,,,,,,,,5,2,9,1,6
200600004556,0006-01-17 17:31:00,6,1,17,17,31,270,284,CD915 Mont de Magny,,,Nuit sans éclairage public,En agglomération,Hors intersection,Pluie légère,Trois véhicules et plus - collisions multiples,,,,,,,,,,,3,2,1,2,5
200600004557,0006-01-03 08:40:00,6,1,3,8,40,270,627,RN 13,,,Plein jour,Hors agglomération,Hors intersection,Normale,Deux véhicules - frontale,,,,,,,,,,,1,1,1,1,1
200600004558,0006-01-05 18:00:00,6,1,5,18,0,270,116,COTE DE BERNAY,49.195,0.711,Nuit avec éclairage allumé,En agglomération,Hors intersection,Pluie légère,Autre collision,,,,,,,,,,,5,2,1,2,6
200600004559,0006-01-17 07:45:00,6,1,17,7,45,270,41,intersection RD833-RD25,,,Crépuscule ou aube,En agglomération,Hors intersection,Pluie légère,Deux véhicules - frontale,,,,,,,,,,,2,2,1,2,1
200600004560,0006-01-22 05:00:00,6,1,22,5,0,270,7,route de BEAUMESNIL,48.984,0.783,Nuit sans éclairage public,En agglomération,Intersection en X,Normale,Autre collision,,,,,,,,,,,3,2,2,1,6
200600004561,0006-01-12 05:45:00,6,1,12,5,45,270,517,,49.152,1.322,Nuit sans éclairage public,Hors agglomération,Hors intersection,Pluie légère,Autre collision,,,,,,,,,,,3,1,1,2,6
200600004562,0006-01-27 09:30:00,6,1,27,9,30,270,365,,49.297,1.213,Plein jour,Hors agglomération,Hors intersection,Normale,Autre collision,,,,,,,,,,,1,1,1,1,6
200600004563,0006-01-19 12:00:00,6,1,19,12,0,270,354,,49.244,0.958,Plein jour,Hors agglomération,Hors intersection,Normale,Deux véhicules - côté,,,,,,,,,,,1,1,1,1,3
200600004564,0006-01-16 11:00:00,6,1,16,11,0,270,467,Rue de la seule,,,Plein jour,En agglomération,Hors intersection,Normale,Autre collision,,,,,,,,,,,1,2,1,1,6
200600004565,0006-01-12 00:45:00,6,1,12,0,45,270,89,,49.304,0.787,Nuit sans éclairage public,Hors agglomération,Hors intersection,Normale,Autre collision,,,,,,,,,,,3,1,1,1,6
200600004566,0006-01-19 11:10:00,6,1,19,11,10,270,103,Grande rue,,,Plein jour,En agglomération,Hors intersection,Normale,Sans collision,,,,,,,,,,,1,2,1,1,7
200600004567,0006-01-24 06:30:00,6,1,24,6,30,270,340,,,,Crépuscule ou aube,Hors agglomération,Hors intersection,Normale,Deux véhicules - frontale,,,,,,,,,,,2,1,1,1,1
200600004568,0006-01-26 07:15:00,6,1,26,7,15,270,39,,49.376,0.848,Crépuscule ou aube,Hors agglomération,Hors intersection,Normale,Deux véhicules - côté,,,,,,,,,,,2,1,1,1,3
200600004569,0006-01-21 16:45:00,6,1,21,16,45,270,349,Rue de la Goupillerie,49.327,0.73,Plein jour,En agglomération,Hors intersection,Normale,Deux véhicules - frontale,,,,,,,,,,,1,2,1,1,1
200600004570,0006-01-24 12:15:00,6,1,24,12,15,270,218,,49.278,0.451,Plein jour,Hors agglomération,Intersection en T,Normale,Deux véhicules - côté,,,,,,,,,,,1,1,3,1,3
200600004571,0006-01-06 14:30:00,6,1,6,14,30,350,47,avenue de la Rabine,,,Plein jour,En agglomération,Hors intersection,Normale,Deux véhicules - côté,,,,,,,,,,,1,2,1,1,3
200600004572,0006-01-13 16:45:00,6,1,13,16,45,350,47,,,,Plein jour,Hors agglomération,Autre intersection,Normale,Deux véhicules - frontale,,,,,,,,,,,1,1,9,1,1
200600004573,0006-01-12 18:10:00,6,1,12,18,10,350,47,"eu dit ""Le pont de Cicé""",,,Nuit sans éclairage public,Hors agglomération,Hors intersection,Normale,Deux véhicules - frontale,,,,,,,,,,,3,1,1,1,1
200600004574,0006-01-26 09:45:00,6,1,26,9,45,350,27,,,,Plein jour,Hors agglomération,Hors intersection,Autre,Autre collision,,,,,,,,,,,1,1,1,9,6
200600004575,0006-01-01 03:30:00,6,1,1,3,30,350,133,30 - Les Loges de Travan,,,Nuit sans éclairage public,Hors agglomération,Hors intersection,Pluie forte,Deux véhicules - arrière,,,,,,,,,,,3,1,1,3,2
200600004576,0006-01-13 16:30:00,6,1,13,16,30,350,37,,,,Plein jour,Hors agglomération,Hors intersection,Normale,Deux véhicules - arrière,,,,,,,,,,,1,1,1,1,2
200600004577,0006-01-21 12:15:00,6,1,21,12,15,350,100,,,,Plein jour,Hors agglomération,Intersection en T,Brouillard / fumée,Deux véhicules - côté,,,,,,,,,,,1,1,3,5,3