accident_id,datetime,annee,mois,jour,heure,minute,departement,commune_insee,adresse,latitude,longitude,luminosite,agglomeration,intersection,meteo,collision,nb_vehicules,nb_usagers,nb_indemnes,nb_tues,nb_blesses_hosp,nb_blesses_legers,age_cond_1,age_cond_2,veh_type_cond_1,veh_type_cond_2,lum_code,agg_code,int_code,atm_code,col_code
200600004713,0006-01-23 15:00:00,6,1,23,15,0,440,186,,46.987,-1.779,Nuit sans éclairage public,Hors agglomération,Hors intersection,Normale,Deux véhicules - arrière,,,,,,,,,,,3,1,1,1,2
200600004714,0006-01-16 19:15:00,6,1,16,19,15,440,47,,47.247,-1.692,Nuit sans éclairage public,Hors agglomération,Hors intersection,Normale,Deux véhicules - frontale,,,,,,,,,,,3,1,1,1,1
200600004715,0006-01-14 13:50:00,6,1,14,13,50,440,6,La cour aux loups,,,Plein jour,Hors agglomération,Intersection en X,Normale,Trois véhicules et plus - collisions multiples,,,,,,,,,,,1,1,2,1,5
200600004716,0006-01-22 10:15:00,6,1,22,10,15,440,69,ZA VILLEJAMES,,,Plein jour,En agglomération,Hors intersection,Normale,Autre collision,,,,,,,,,,,1,2,1,1,6
200600004717,0006-01-28 17:20:00,6,1,28,17,20,440,69,ute de ST ANDRE DES EAUX,,,Plein jour,En agglomération,Hors intersection,Neige / grêle,Deux véhicules - frontale,,,,,,,,,,,1,2,1,4,1
200600004718,0006-01-04 08:30:00,6,1,4,8,30,440,50,,,,Nuit sans éclairage public,Hors agglomération,Hors intersection,Brouillard / fumée,Autre collision,,,,,,,,,,,3,1,1,5,6
200600004719,0006-01-31 14:15:00,6,1,31,14,15,440,13,,47.387,-2.094,Plein jour,Hors agglomération,Hors intersection,Normale,Deux véhicules - côté,,,,,,,,,,,1,1,1,1,3
200600004720,0006-01-07 00:15:00,6,1,7,0,15,490,20,RN 23,,,Nuit avec éclairage allumé,En agglomération,Hors intersection,Normale,Deux véhicules - frontale,,,,,,,,,,,5,2,1,1,1
200600004721,0006-01-03 07:15:00,6,1,3,7,15,490,308,,47.403,-0.513,Nuit sans éclairage public,Hors agglomération,Hors intersection,Normale,Deux véhicules - frontale,,,,,,,,,,,3,1,1,1,1
200600004722,0006-01-04 19:00:00,6,1,4,19,0,490,153,,47.212,-0.656,Nuit sans éclairage public,Hors agglomération,Hors intersection,Temps couvert,Deux véhicules - frontale,,,,,,,,,,,3,1,1,8,1
200600004723,0006-01-26 17:00:00,6,1,26,17,0,490,222,,47.374,-0.559,Plein jour,Hors agglomération,Hors intersection,Normale,Deux véhicules - côté,,,,,,,,,,,1,1,1,1,3
200600004724,0006-01-19 08:00:00,6,1,19,8,0,490,42,"route de l'ardoise, CD4",,,Crépuscule ou aube,Hors agglomération,Intersection en T,Normale,Deux véhicules - côté,,,,,,,,,,,2,1,3,1,3
200600004725,0006-01-13 18:30:00,6,1,13,18,30,490,281,,47.162,-0.757,Nuit sans éclairage public,Hors agglomération,Hors intersection,Normale,Deux véhicules - frontale,,,,,,,,,,,3,1,1,1,1
200600004726,0006-01-22 03:30:00,6,1,22,3,30,490,199,Avenue de Verdun-Rue du,47.189,-0.694,Nuit avec éclairage allumé,En agglomération,Hors intersection,Normale,Deux véhicules - frontale,,,,,,,,,,,5,2,1,1,1
200600004727,0006-01-11 22:00:00,6,1,11,22,0,490,381,,47.01,-0.69,Nuit sans éclairage public,Hors agglomération,Hors intersection,Normale,Sans collision,,,,,,,,,,,3,1,1,1,7
200600004728,0006-01-14 15:00:00,6,1,14,15,0,490,75,,,,Plein jour,Hors agglomération,Hors intersection,Normale,Autre collision,,,,,,,,,,,1,1,1,1,6
200600004729,0006-01-26 14:30:00,6,1,26,14,30,490,177,,,,Nuit sans éclairage public,Hors agglomération,Hors intersection,Normale,Deux véhicules - frontale,,,,,,,,,,,3,1,1,1,1
200600004730,0006-01-07 12:15:00,6,1,7,12,15,490,374,Rue Louis Pavillon,47.257,-0.031,Plein jour,En agglomération,Hors intersection,Normale,Autre collision,,,,,,,,,,,1,2,1,1,6
200600004731,0006-01-31 08:00:00,6,1,31,8,0,490,180,Route de BLOU,47.383,-0.095,Crépuscule ou aube,En agglomération,Hors intersection,Normale,Deux véhicules - arrière,,,,,,,,,,,2,2,1,1,2
200600004732,0006-01-01 12:15:00,6,1,1,12,15,490,61,,47.617,-1.034,Plein jour,Hors agglomération,Hors intersection,Normale,Deux véhicules - frontale,,,,,,,,,,,1,1,1,1,1
200600004733,0006-01-12 11:00:00,6,1,12,11,0,490,36,,,,Plein jour,Hors agglomération,Hors intersection,Temps couvert,Deux véhicules - frontale,,,,,,,,,,,1,1,1,8,1
200600004734,0006-01-15 12:45:00,6,1,15,12,45,490,54,,47.56,-1.041,Plein jour,Hors agglomération,Hors intersection,Normale,Deux véhicules - frontale,,,,,,,,,,,1,1,1,1,1
200600004735,0006-01-14 01:15:00,6,1,14,1,15,490,376,"8, RUE DE LA COMMANDERIE",47.47,-0.893,Nuit avec éclairage non allumé,En agglomération,Hors intersection,Normale,Deux véhicules - frontale,,,,,,,,,,,4,2,1,1,1
200600004736,0006-01-24 18:15:00,6,1,24,18,15,490,26,,47.499,-0.768,Nuit sans éclairage public,Hors agglomération,Hors intersection,Normale,Autre collision,,,,,,,,,,,3,1,1,1,6
200600004737,0006-01-12 15:30:00,6,1,12,15,30,490,135,,47.602,-0.611,Plein jour,Hors agglomération,Hors intersection,Normale,Autre collision,,,,,,,,,,,1,1,1,1,6
200600004738,0006-01-23 16:50:00,6,1,23,16,50,530,255,rue de la croix couverte,48.099,-0.355,Plein jour,En agglomération,Hors intersection,Normale,Deux véhicules - frontale,,,,,,,,,,,1,2,1,1,1
200600004739,0006-01-19 07:30:00,6,1,19,7,30,530,51,,48.358,-0.482,Crépuscule ou aube,Hors agglomération,Hors intersection,Temps couvert,Trois véhicules et plus - collisions multiples,,,,,,,,,,,2,1,1,8,5
200600004740,0006-01-07 14:40:00,6,1,7,14,40,530,52,Le Foux,48.431,-0.11,Plein jour,Hors agglomération,Hors intersection,Normale,Deux véhicules - côté,,,,,,,,,,,1,1,1,1,3
200600004741,0006-01-14 22:15:00,6,1,14,22,15,530,185,,48.457,-0.215,Nuit sans éclairage public,Hors agglomération,Hors intersection,Normale,Autre collision,,,,,,,,,,,3,1,1,1,6
200600004742,0006-01-09 13:45:00,6,1,9,13,45,720,58,,47.987,0.258,Plein jour,Hors agglomération,Hors intersection,Normale,Trois véhicules et plus - collisions multiples,,,,,,,,,,,1,1,1,1,5
200600004743,0006-01-21 18:45:00,6,1,21,18,45,720,306,Longue Lande,,,Nuit sans éclairage public,Hors agglomération,Hors intersection,Normale,Deux véhicules - côté,,,,,,,,,,,3,1,1,1,3
200600004744,0006-01-31 17:15:00,6,1,31,17,15,720,8,Rue Ernest BOLLEE,47.954,0.18,Plein jour,En agglomération,Hors intersection,Normale,Autre collision,,,,,,,,,,,1,2,1,1,6
200600004745,0006-01-16 20:00:00,6,1,16,20,0,720,204,,,,Nuit sans éclairage public,Hors agglomération,Hors intersection,Normale,Deux véhicules - côté,,,,,,,,,,,3,1,1,1,3
200600004746,0006-01-31 17:00:00,6,1,31,17,0,720,35,rue de la gare,47.835,0.748,Plein jour,En agglomération,Hors intersection,Normale,Autre collision,,,,,,,,,,,1,2,1,1,6
200600004747,0006-01-01 18:00:00,6,1,1,18,0,720,300,"lieu dit ""le narrais""",48.006,0.407,Crépuscule ou aube,Hors agglomération,Hors intersection,Pluie légère,Deux véhicules - frontale,,,,,,,,,,,2,1,1,2,1
200600004748,0006-01-07 13:30:00,6,1,7,13,30,720,346,,47.898,0.032,Plein jour,Hors agglomération,Intersection en X,Normale,Deux véhicules - côté,,,,,,,,,,,1,1,2,1,3
200600004749,0006-01-15 19:15:00,6,1,15,19,15,720,348,CD 68,,,Crépuscule ou aube,Hors agglomération,Hors intersection,Normale,Deux véhicules - côté,,,,,,,,,,,2,1,1,1,3
200600004750,0006-01-18 09:30:00,6,1,18,9,30,720,253,,47.895,0.096,Plein jour,Hors agglomération,Hors intersection,Normale,Deux véhicules - frontale,,,,,,,,,,,1,1,1,1,1
200600004751,0006-01-17 04:45:00,6,1,17,4,45,720,346,OEZE SUR SARTHE (CD 417),,,Nuit avec éclairage allumé,En agglomération,Hors intersection,Pluie légère,Autre collision,,,,,,,,,,,5,2,1,2,6
200600004752,0006-01-09 23:00:00,6,1,9,23,0,720,153,le goufray,,,Nuit sans éclairage public,Hors agglomération,Hors intersection,Temps couvert,Sans collision,,,,,,,,,,,3,1,1,8,7
200600004753,0006-01-06 10:30:00,6,1,6,10,30,720,243,,,,Plein jour,Hors agglomération,Hors intersection,Normale,Deux véhicules - frontale,,,,,,,,,,,1,1,1,1,1
200600004754,0006-01-29 12:45:00,6,1,29,12,45,720,77,,,,Plein jour,Hors agglomération,Hors intersection,Neige / grêle,Deux véhicules - frontale,,,,,,,,,,,1,1,1,4,1
200600004755,0006-01-20 22:00:00,6,1,20,22,0,720,267,,,,Nuit sans éclairage public,Hors agglomération,Hors intersection,Brouillard / fumée,Autre collision,,,,,,,,,,,3,1,1,5,6
200600004756,0006-01-24 09:00:00,6,1,24,9,0,720,132,,48.177,0.628,Plein jour,Hors agglomération,Hors intersection,Normale,Autre collision,,,,,,,,,,,1,1,1,1,6
200600004757,0006-01-13 09:30:00,6,1,13,9,30,850,135,,46.526,-1.208,Plein jour,Hors agglomération,Hors intersection,Normale,Deux véhicules - frontale,,,,,,,,,,,1,1,1,1,1
200600004758,0006-01-20 14:00:00,6,1,20,14,0,850,36,Le petit port la Claye,,,Plein jour,Hors agglomération,Autre intersection,Normale,Deux véhicules - frontale,,,,,,,,,,,1,1,9,1,1
200600004759,0006-01-31 14:30:00,6,1,31,14,30,850,146,rue Amiral Duchaffault,46.983,-1.306,Plein jour,En agglomération,Hors intersection,Normale,Sans collision,,,,,,,,,,,1,2,1,1,7
200600004760,0006-01-09 18:00:00,6,1,9,18,0,850,98,"""La Bruyère""",,,Crépuscule ou aube,Hors agglomération,Hors intersection,Pluie légère,Deux véhicules - côté,,,,,,,,,,,2,1,1,2,3
200600004761,0006-01-16 17:30:00,6,1,16,17,30,850,19,,,,Plein jour,Hors agglomération,Hors intersection,Normale,Deux véhicules - arrière,,,,,,,,,,,1,1,1,1,2
200600004762,0006-01-26 08:00:00,6,1,26,8,0,850,178,"36, rue de la colonne",,,Crépuscule ou aube,En agglomération,Hors intersection,Autre,Sans collision,,,,,,,,,,,2,2,1,9,7
200600004763,0006-01-25 15:00:00,6,1,25,15,0,850,128,Place Edouard Hériot,46.461,-1.17,Plein jour,En agglomération,Hors intersection,Normale,Autre collision,,,,,,,,,,,1,2,1,1,6
200600004764,0006-01-28 18:30:00,6,1,28,18,30,850,244,"u-dit ""Le Fief du quart""",,,Nuit avec éclairage allumé,Hors agglomération,Hors intersection,Neige / grêle,Autre collision,,,,,,,,,,,5,1,1,4,6
200600004765,0006-01-15 05:15:00,6,1,15,5,15,850,182,,,,Nuit sans éclairage public,Hors agglomération,Hors intersection,Normale,Sans collision,,,,,,,,,,,3,1,1,1,7
200600004766,0006-01-31 17:45:00,6,1,31,17,45,850,289,,46.666,-0.747,Crépuscule ou aube,Hors agglomération,Hors intersection,Normale,Deux véhicules - frontale,,,,,,,,,,,2,1,1,1,1
200600004767,0006-01-11 18:45:00,6,1,11,18,45,850,47,ROUTE DES SABLES,46.84,-1.875,Nuit avec éclairage allumé,En agglomération,Hors intersection,Pluie légère,Autre collision,,,,,,,,,,,5,2,1,2,6
200600004768,0006-01-08 18:30:00,6,1,8,18,30,850,113,Rue des bossiles,,,Nuit sans éclairage public,Hors agglomération,Hors intersection,Normale,Deux véhicules - frontale,,,,,,,,,,,3,1,1,1,1
200600004769,0006-01-07 22:00:00,6,1,7,22,0,850,112,RUE DU PUITS JOUET,,,Nuit sans éclairage public,En agglomération,Hors intersection,Normale,Autre collision,,,,,,,,,,,3,2,1,1,6
200600004770,0006-01-15 02:15:00,6,1,15,2,15,850,284,,46.785,-1.918,Nuit sans éclairage public,Hors agglomération,Hors intersection,Brouillard / fumée,Autre collision,,,,,,,,,,,3,1,1,5,6
200600004771,0006-01-30 23:45:00,6,1,30,23,45,330,436,,44.55,-0.61,Nuit sans éclairage public,Hors agglomération,Hors intersection,Brouillard / fumée,Sans collision,,,,,,,,,,,3,1,1,5,7
200600004772,0006-01-04 18:10:00,6,1,4,18,10,330,162,1 AVENUE DE SAINT MEDARD,,,Nuit avec éclairage allumé,En agglomération,Hors intersection,Pluie légère,Deux véhicules - frontale,,,,,,,,,,,5,2,1,2,1
200600004773,0006-01-20 19:20:00,6,1,20,19,20,330,11,Rue Général DE GAULLE,,,Nuit avec éclairage allumé,En agglomération,Hors intersection,Normale,Deux véhicules - frontale,,,,,,,,,,,5,2,1,1,1
200600004774,0006-01-08 11:00:00,6,1,8,11,0,330,449,,45.0,,Plein jour,Hors agglomération,Intersection en X,Pluie légère,Deux véhicules - côté,,,,,,,,,,,1,1,2,2,3
200600004775,0006-01-14 09:20:00,6,1,14,9,20,330,200,Avenue Pasteur,,,Plein jour,En agglomération,Hors intersection,Normale,Deux véhicules - côté,,,,,,,,,,,1,2,1,1,3
200600004776,0006-01-25 07:50:00,6,1,25,7,50,330,449,avenue du Haillan,,,Crépuscule ou aube,En agglomération,Intersection en X,Normale,Deux véhicules - côté,,,,,,,,,,,2,2,2,1,3
200600004777,0006-01-19 19:30:00,6,1,19,19,30,330,67,Allées François Dallau,45.046,-0.559,Nuit avec éclairage allumé,En agglomération,Hors intersection,Pluie légère,Autre collision,,,,,,,,,,,5,2,1,2,6
200600004778,0006-01-17 18:15:00,6,1,17,18,15,330,101,,45.208,-0.584,Nuit sans éclairage public,Hors agglomération,Intersection en Y,Pluie forte,Deux véhicules - côté,,,,,,,,,,,3,1,4,3,3
200600004779,0006-01-17 06:30:00,6,1,17,6,30,330,434,,44.99,-0.52,Nuit sans éclairage public,Hors agglomération,Hors intersection,Normale,Autre collision,,,,,,,,,,,3,1,1,1,6
200600004780,0006-01-26 21:00:00,6,1,26,21,0,330,434,121 Ave de la Garonne,,,Nuit avec éclairage allumé,En agglomération,Hors intersection,Normale,Deux véhicules - côté,,,,,,,,,,,5,2,1,1,3
200600004781,0006-01-18 18:45:00,6,1,18,18,45,330,438,CD 10,,,Nuit avec éclairage allumé,Hors agglomération,Hors intersection,Normale,Sans collision,,,,,,,,,,,5,1,1,1,7
200600004782,0006-01-18 13:30:00,6,1,18,13,30,330,81,rue du pont,,,Plein jour,En agglomération,Hors intersection,Pluie légère,Deux véhicules - frontale,,,,,,,,,,,1,2,1,2,1
200600004783,0006-01-22 15:40:00,6,1,22,15,40,330,367,,,,Plein jour,Hors agglomération,Hors intersection,Normale,Autre collision,,,,,,,,,,,1,1,1,1,6
200600004784,0006-01-05 09:00:00,6,1,5,9,0,330,23,,,,Plein jour,Hors agglomération,Hors intersection,Normale,Deux véhicules - côté,,,,,,,,,,,1,1,1,1,3
200600004785,0006-01-15 17:30:00,6,1,15,17,30,330,431,,44.779,-0.268,Plein jour,Hors agglomération,Intersection en X,Normale,Deux véhicules - côté,,,,,,,,,,,1,1,2,1,3
200600004786,0006-01-25 07:15:00,6,1,25,7,15,330,13,RN 89,,,Nuit sans éclairage public,Hors agglomération,Hors intersection,Normale,Trois véhicules et plus - collisions multiples,,,,,,,,,,,3,1,1,1,5
200600004787,0006-01-26 22:45:00,6,1,26,22,45,330,535,,,,Nuit sans éclairage public,Hors agglomération,Hors intersection,Normale,Deux véhicules - arrière,,,,,,,,,,,3,1,1,1,2
200600004788,0006-01-05 07:40:00,6,1,5,7,40,330,238,e de Loustalade CD 651E3,,,Crépuscule ou aube,Hors agglomération,Hors intersection,Pluie légère,Autre collision,,,,,,,,,,,2,1,1,2,6
200600004789,0006-01-15 17:00:00,6,1,15,17,0,330,205,Le Stade,,,Plein jour,Hors agglomération,Hors intersection,Normale,Autre collision,,,,,,,,,,,1,1,1,1,6
200600004790,0006-01-06 06:45:00,6,1,6,6,45,330,415,,,,Nuit avec éclairage allumé,Hors agglomération,Hors intersection,Normale,Deux véhicules - côté,,,,,,,,,,,5,1,1,1,3
200600004791,0006-01-27 16:30:00,6,1,27,16,30,330,227,cours Général Leclerc,44.559,-0.25,Plein jour,En agglomération,Hors intersection,Normale,Autre collision,,,,,,,,,,,1,2,1,1,6
200600004792,0006-01-13 19:45:00,6,1,13,19,45,330,158,,,,Nuit sans éclairage public,Hors agglomération,Hors intersection,Normale,Autre collision,,,,,,,,,,,3,1,1,1,6
200600004793,0006-01-25 06:45:00,6,1,25,6,45,330,170,,,,Nuit sans éclairage public,Hors agglomération,Intersection en X,Normale,Deux véhicules - côté,,,,,,,,,,,3,1,2,1,3
200600004794,0006-01-31 12:40:00,6,1,31,12,40,330,306,intersection D9 et D116,,,Plein jour,Hors agglomération,Intersection en X,Normale,Deux véhicules - côté,,,,,,,,,,,1,1,2,1,3
200600004795,0006-01-14 06:00:00,6,1,14,6,0,330,417,LD LUDEY,,,Nuit sans éclairage public,Hors agglomération,Hors intersection,Normale,Autre collision,,,,,,,,,,,3,1,1,1,6
200600004796,0006-01-08 18:45:00,6,1,8,18,45,330,531,Lestrille,44.822,-0.252,Nuit sans éclairage public,Hors agglomération,Hors intersection,Pluie forte,Deux véhicules - côté,,,,,,,,,,,3,1,1,3,3
200600004797,0006-01-26 07:50:00,6,1,26,7,50,330,71,GARON,,,Plein jour,Hors agglomération,Hors intersection,Autre,Trois véhicules et plus - collisions multiples,,,,,,,,,,,1,1,1,9,5
200600004798,0006-01-26 20:00:00,6,1,26,20,0,330,393,,44.972,-0.22,Nuit avec éclairage allumé,Hors agglomération,Intersection en X,Normale,Deux véhicules - côté,,,,,,,,,,,5,1,2,1,3
200600004799,0006-01-24 08:00:00,6,1,24,8,0,330,154,,,,Crépuscule ou aube,Hors agglomération,Hors intersection,Normale,Autre collision,,,,,,,,,,,2,1,1,1,6
200600004800,0006-01-30 20:45:00,6,1,30,20,45,330,210,"""Cote de Combes""",,,Nuit sans éclairage public,Hors agglomération,Hors intersection,Brouillard / fumée,Sans collision,,,,,,,,,,,3,1,1,5,7
200600004801,0006-01-06 08:30:00,6,1,6,8,30,330,302,,44.954,-0.196,Crépuscule ou aube,Hors agglomération,Intersection en X,Normale,Deux véhicules - côté,,,,,,,,,,,2,1,2,1,3
200600004802,0006-01-07 01:00:00,6,1,7,1,0,330,222,,44.963,-0.18,Nuit sans éclairage public,Hors agglomération,Hors intersection,Normale,Deux véhicules - frontale,,,,,,,,,,,3,1,1,1,1
200600004803,0006-01-15 18:00:00,6,1,15,18,0,330,261,Guimberteau,44.955,-0.101,Crépuscule ou aube,Hors agglomération,Intersection en T,Normale,Deux véhicules - frontale,,,,,,,,,,,2,1,3,1,1
200600004804,0006-01-08 23:15:00,6,1,8,23,15,240,92,,,,Nuit sans éclairage public,Hors agglomération,Hors intersection,Pluie légère,Autre collision,,,,,,,,,,,3,1,1,2,6
200600004805,0006-01-01 09:30:00,6,1,1,9,30,240,236,,45.199,0.563,Plein jour,Hors agglomération,Hors intersection,Pluie légère,Deux véhicules - côté,,,,,,,,,,,1,1,1,2,3
200600004806,0006-01-06 18:45:00,6,1,6,18,45,240,164,Avenue Eugène Leroy,45.341,1.055,Nuit avec éclairage allumé,En agglomération,Hors intersection,Pluie légère,Deux véhicules - arrière,,,,,,,,,,,5,2,1,2,2
200600004807,0006-01-28 10:00:00,6,1,28,10,0,240,11,L'Ecluse PK 58+750,,,Plein jour,Hors agglomération,Hors intersection,Neige / grêle,Deux véhicules - côté,,,,,,,,,,,1,1,1,4,3
200600004808,0006-01-04 16:45:00,6,1,4,16,45,240,28,,44.786,0.789,Nuit sans éclairage public,Hors agglomération,Hors intersection,Normale,Deux véhicules - côté,,,,,,,,,,,3,1,1,1,3
200600004809,0006-01-20 17:25:00,6,1,20,17,25,240,568,prentygarde,,,Plein jour,Hors agglomération,Hors intersection,Normale,Sans collision,,,,,,,,,,,1,1,1,1,7
200600004810,0006-01-09 08:30:00,6,1,9,8,30,240,311,GAMBETTA  école primaire,,,Crépuscule ou aube,En agglomération,Hors intersection,Pluie forte,Autre collision,,,,,,,,,,,2,2,1,3,6
200600004811,0006-01-16 10:30:00,6,1,16,10,30,240,133,,,,Plein jour,Hors agglomération,Hors intersection,Normale,Deux véhicules - côté,,,,,,,,,,,1,1,1,1,3
200600004812,0006-01-21 13:30:00,6,1,21,13,30,240,134,Les Grandes Vignes,,,Plein jour,Hors agglomération,Hors intersection,Normale,Deux véhicules - frontale,,,,,,,,,,,1,1,1,1,1
200600004813,0006-01-31 00:15:00,6,1,31,0,15,240,567,,,,Nuit sans éclairage public,Hors agglomération,Hors intersection,Temps couvert,Autre collision,,,,,,,,,,,3,1,1,8,6
200600004814,0006-01-18 21:40:00,6,1,18,21,40,240,200,93  - Lieu dit La Forêt,,,Nuit sans éclairage public,Hors agglomération,Hors intersection,Normale,Sans collision,,,,,,,,,,,3,1,1,1,7
200600004815,0006-01-10 20:00:00,6,1,10,20,0,240,294,,44.97,0.164,Nuit sans éclairage public,Hors agglomération,Hors intersection,Brouillard / fumée,Deux véhicules - côté,,,,,,,,,,,3,1,1,5,3
200600004816,0006-01-30 13:30:00,6,1,30,13,30,240,469,,45.121,0.08,Plein jour,Hors agglomération,Hors intersection,Normale,Autre collision,,,,,,,,,,,1,1,1,1,6
200600004817,0006-01-13 07:45:00,6,1,13,7,45,240,520,Avenue de la Dordogne,44.88,1.21,Crépuscule ou aube,En agglomération,Autre intersection,Brouillard / fumée,Deux véhicules - frontale,,,,,,,,,,,2,2,9,5,1
200600004818,0006-01-30 16:00:00,6,1,30,16,0,240,355,CD 703,,,Plein jour,Hors agglomération,Hors intersection,Normale,Sans collision,,,,,,,,,,,1,1,1,1,7
200600004819,0006-01-10 07:30:00,6,1,10,7,30,240,291,Z.I FRANQUEVILLE,,,Nuit sans éclairage public,En agglomération,Hors intersection,Brouillard / fumée,Deux véhicules - côté,,,,,,,,,,,3,2,1,5,3
200600004820,0006-01-17 09:00:00,6,1,17,9,0,240,18,,,,Plein jour,Hors agglomération,Hors intersection,Temps couvert,Deux véhicules - frontale,,,,,,,,,,,1,1,1,8,1
200600004821,0006-01-23 05:00:00,6,1,23,5,0,240,547,rue VICTOR HUGO,45.132,1.321,Nuit sans éclairage public,En agglomération,Hors intersection,Autre,Autre collision,,,,,,,,,,,3,2,1,9,6
200600004822,0006-01-22 18:15:00,6,1,22,18,15,400,280,RD3,,,Nuit sans éclairage public,Hors agglomération,Hors intersection,Pluie légère,Autre collision,,,,,,,,,,,3,1,1,2,6
200600004823,0006-01-11 07:15:00,6,1,11,7,15,400,56,,,,Nuit avec éclairage non allumé,Hors agglomération,Hors intersection,Brouillard / fumée,Deux véhicules - frontale,,,,,,,,,,,4,1,1,5,1
200600004824,0006-01-07 20:15:00,6,1,7,20,15,400,334,,43.716,-1.019,Nuit sans éclairage public,Hors agglomération,Hors intersection,Normale,Trois véhicules et plus - collisions multiples,,,,,,,,,,,3,1,1,1,5
200600004825,0006-01-24 08:45:00,6,1,24,8,45,400,123,c  16  Chemin du MARQUIS,,,Plein jour,Hors agglomération,Hors intersection,Normale,Sans collision,,,,,,,,,,,1,1,1,1,7
200600004826,0006-01-08 04:45:00,6,1,8,4,45,400,326,,43.948,-1.304,Nuit sans éclairage public,Hors agglomération,Hors intersection,Normale,Deux véhicules - frontale,,,,,,,,,,,3,1,1,1,1
200600004827,0006-01-07 18:00:00,6,1,7,18,0,400,183,Route du Pouy,,,Nuit avec éclairage non allumé,Hors agglomération,Hors intersection,Normale,Deux véhicules - côté,,,,,,,,,,,4,1,1,1,3
200600004828,0006-01-27 15:00:00,6,1,27,15,0,400,65,Avenbue FOCH,,,Plein jour,En agglomération,Hors intersection,Normale,Sans collision,,,,,,,,,,,1,2,1,1,7
200600004829,0006-01-28 18:30:00,6,1,28,18,30,400,44,,43.559,-1.314,Nuit sans éclairage public,Hors agglomération,Hors intersection,Normale,Deux véhicules - côté,,,,,,,,,,,3,1,1,1,3
200600004830,0006-01-17 17:45:00,6,1,17,17,45,400,332,VOIE COMMUNALE DE MALLET,,,Plein jour,Hors agglomération,Intersection en X,Pluie légère,Deux véhicules - côté,,,,,,,,,,,1,1,2,2,3
200600004831,0006-01-14 21:00:00,6,1,14,21,0,400,94,,,,Nuit sans éclairage public,Hors agglomération,Hors intersection,Normale,Autre collision,,,,,,,,,,,3,1,1,1,6
200600004832,0006-01-22 14:45:00,6,1,22,14,45,400,134,,,,Plein jour,En agglomération,Hors intersection,Normale,Deux véhicules - côté,,,,,,,,,,,1,2,1,1,3
200600004833,0006-01-20 23:30:00,6,1,20,23,30,400,307,,44.348,-0.61,Nuit sans éclairage public,Hors agglomération,Hors intersection,Brouillard / fumée,Autre collision,,,,,,,,,,,3,1,1,5,6
200600004834,0006-01-10 18:15:00,6,1,10,18,15,400,1,RUE DU 4 SEPTEMBRE,,,Nuit avec éclairage allumé,En agglomération,Hors intersection,Normale,Autre collision,,,,,,,,,,,5,2,1,1,6
200600004835,0006-01-12 08:15:00,6,1,12,8,15,400,239,,,,Crépuscule ou aube,Hors agglomération,Hors intersection,Normale,Sans collision,,,,,,,,,,,2,1,1,1,7
200600004836,0006-01-01 15:30:00,6,1,1,15,30,470,16,,,,Plein jour,Hors agglomération,Hors intersection,Pluie forte,Autre collision,,,,,,,,,,,1,1,1,3,6
200600004837,0006-01-09 18:20:00,6,1,9,18,20,470,145,Le Pépil,,,Nuit sans éclairage public,Hors agglomération,Hors intersection,Pluie légère,Autre collision,,,,,,,,,,,3,1,1,2,6
200600004838,0006-01-14 11:30:00,6,1,14,11,30,470,100,lieudit Guillot RN. 21,,,Plein jour,Hors agglomération,Hors intersection,Normale,Deux véhicules - frontale,,,,,,,,,,,1,1,1,1,1
200600004839,0006-01-26 18:05:00,6,1,26,18,5,470,69,Lieu-dit Lasplanes,44.223,0.538,Crépuscule ou aube,Hors agglomération,Hors intersection,Normale,Deux véhicules - côté,,,,,,,,,,,2,1,1,1,3
200600004840,0006-01-02 10:00:00,6,1,2,10,0,470,75,La gazeille,44.306,0.7,Plein jour,Hors agglomération,Hors intersection,Normale,Sans collision,,,,,,,,,,,1,1,1,1,7
200600004841,0006-01-16 15:30:00,6,1,16,15,30,470,288,,44.26,0.727,Plein jour,Hors agglomération,Hors intersection,Normale,Sans collision,,,,,,,,,,,1,1,1,1,7
200600004842,0006-01-27 11:45:00,6,1,27,11,45,470,281,,44.157,0.816,Plein jour,Hors agglomération,Hors intersection,Normale,Sans collision,,,,,,,,,,,1,1,1,1,7
200600004843,0006-01-05 18:15:00,6,1,5,18,15,470,150,,44.463,0.225,Nuit sans éclairage public,Hors agglomération,Hors intersection,Normale,Autre collision,,,,,,,,,,,3,1,1,1,6
200600004844,0006-01-19 19:50:00,6,1,19,19,50,470,165,Lieux dit: Combis,,,Nuit sans éclairage public,En agglomération,Hors intersection,Normale,Deux véhicules - frontale,,,,,,,,,,,3,2,1,1,1
200600004845,0006-01-21 11:00:00,6,1,21,11,0,470,326,,44.498,0.246,Plein jour,Hors agglomération,Hors intersection,Pluie légère,Sans collision,,,,,,,,,,,1,1,1,2,7