accident_id,datetime,annee,mois,jour,heure,minute,departement,commune_insee,adresse,latitude,longitude,luminosite,agglomeration,intersection,meteo,collision,nb_vehicules,nb_usagers,nb_indemnes,nb_tues,nb_blesses_hosp,nb_blesses_legers,age_cond_1,age_cond_2,veh_type_cond_1,veh_type_cond_2,lum_code,agg_code,int_code,atm_code,col_code
200600004846,0006-01-01 13:00:00,6,1,1,13,0,470,264,La métairie neuve,,,Plein jour,Hors agglomération,Hors intersection,Normale,Autre collision,,,,,,,,,,,1,1,1,1,6
200600004847,0006-01-25 18:45:00,6,1,25,18,45,470,264,Quartier de la Gare,,,Nuit avec éclairage allumé,En agglomération,Hors intersection,Normale,Autre collision,,,,,,,,,,,5,2,1,1,6
200600004848,0006-01-29 02:45:00,6,1,29,2,45,470,226,,44.617,0.358,Plein jour,Hors agglomération,Hors intersection,Neige / grêle,Autre collision,,,,,,,,,,,1,1,1,4,6
200600004849,0006-01-09 08:15:00,6,1,9,8,15,470,310,RN113 Bd Marx Dormoy,,,Plein jour,En agglomération,Hors intersection,Normale,Autre collision,,,,,,,,,,,1,2,1,1,6
200600004850,0006-01-12 17:05:00,6,1,12,17,5,470,310,rue jude TAPPISSIE,,,Plein jour,En agglomération,Intersection en X,Normale,Deux véhicules - côté,,,,,,,,,,,1,2,2,1,3
200600004851,0006-01-14 12:55:00,6,1,14,12,55,470,65,Lieu dit CASTILLE,,,Plein jour,Hors agglomération,Hors intersection,Normale,Autre collision,,,,,,,,,,,1,1,1,1,6
200600004852,0006-01-24 09:00:00,6,1,24,9,0,470,310,,44.373,0.329,Plein jour,Hors agglomération,Hors intersection,Normale,Autre collision,,,,,,,,,,,1,1,1,1,6
200600004853,0006-01-28 20:45:00,6,1,28,20,45,470,310,Pont de Garonne,,,Nuit avec éclairage allumé,En agglomération,Hors intersection,Neige / grêle,Autre collision,,,,,,,,,,,5,2,1,4,6
200600004854,0006-01-01 03:30:00,6,1,1,3,30,470,146,,44.438,0.664,Nuit sans éclairage public,Hors agglomération,Hors intersection,Brouillard / fumée,Sans collision,,,,,,,,,,,3,1,1,5,7
200600004855,0006-01-07 17:15:00,6,1,7,17,15,470,146,Lieu dit Campot,,,Crépuscule ou aube,Hors agglomération,Hors intersection,Normale,Deux véhicules - côté,,,,,,,,,,,2,1,1,1,3
200600004856,0006-01-25 11:15:00,6,1,25,11,15,470,237,,,,Plein jour,Hors agglomération,Intersection en X,Normale,Deux véhicules - côté,,,,,,,,,,,1,1,2,1,3
200600004857,0006-01-08 11:45:00,6,1,8,11,45,470,170,,44.54,0.52,Plein jour,Hors agglomération,Hors intersection,Temps couvert,Autre collision,,,,,,,,,,,1,1,1,8,6
200600004858,0006-01-14 15:40:00,6,1,14,15,40,640,152,CD 222 route de PAU,,,Plein jour,En agglomération,Hors intersection,Normale,Sans collision,,,,,,,,,,,1,2,1,1,7
200600004859,0006-01-13 02:10:00,6,1,13,2,10,640,304,,,,Nuit sans éclairage public,Hors agglomération,Hors intersection,Normale,Sans collision,,,,,,,,,,,3,1,1,1,7
200600004860,0006-01-30 22:15:00,6,1,30,22,15,640,256,,43.386,-1.33,Nuit sans éclairage public,Hors agglomération,Hors intersection,Normale,Autre collision,,,,,,,,,,,3,1,1,1,6
200600004861,0006-01-11 15:00:00,6,1,11,15,0,640,495,RD 918,43.36,-1.55,Plein jour,En agglomération,Hors intersection,Normale,Deux véhicules - côté,,,,,,,,,,,1,2,1,1,3
200600004862,0006-01-03 18:30:00,6,1,3,18,30,640,547,rue Hiribéhère,,,Crépuscule ou aube,En agglomération,Hors intersection,Normale,Deux véhicules - frontale,,,,,,,,,,,2,2,1,1,1
200600004863,0006-01-13 19:00:00,6,1,13,19,0,640,547,RUE HIRIBEHERE KARRIKA,43.4,-1.45,Nuit avec éclairage allumé,En agglomération,Hors intersection,Normale,Deux véhicules - frontale,,,,,,,,,,,5,2,1,1,1
200600004864,0006-01-19 10:30:00,6,1,19,10,30,640,490,,43.195,-1.254,Plein jour,Hors agglomération,Hors intersection,Pluie légère,Sans collision,,,,,,,,,,,1,1,1,2,7
200600004865,0006-01-03 07:45:00,6,1,3,7,45,640,301,,,,Nuit sans éclairage public,Hors agglomération,Hors intersection,Normale,Trois véhicules et plus - collisions multiples,,,,,,,,,,,3,1,1,1,5
200600004866,0006-01-29 06:00:00,6,1,29,6,0,640,83,Le bourg,,,Nuit sans éclairage public,En agglomération,Hors intersection,Normale,Autre collision,,,,,,,,,,,3,2,1,1,6
200600004867,0006-01-09 06:45:00,6,1,9,6,45,860,226,,46.565,0.528,Nuit sans éclairage public,Hors agglomération,Hors intersection,Pluie légère,Deux véhicules - frontale,,,,,,,,,,,3,1,1,2,1
200600004868,0006-01-13 13:00:00,6,1,13,13,0,860,114,,,,Plein jour,Hors agglomération,Intersection en T,Normale,Deux véhicules - côté,,,,,,,,,,,1,1,3,1,3
200600004869,0006-01-05 16:15:00,6,1,5,16,15,860,139,Rue carnot,46.439,0.12,Plein jour,En agglomération,Hors intersection,Normale,Deux véhicules - frontale,,,,,,,,,,,1,2,1,1,1
200600004870,0006-01-18 03:15:00,6,1,18,3,15,860,188,,46.373,0.208,Nuit sans éclairage public,Hors agglomération,Hors intersection,Normale,Autre collision,,,,,,,,,,,3,1,1,1,6
200600004871,0006-01-23 17:40:00,6,1,23,17,40,860,45,La Stèle de Vaugeton,,,Plein jour,Hors agglomération,Intersection en X,Normale,Deux véhicules - côté,,,,,,,,,,,1,1,2,1,3
200600004872,0006-01-12 17:00:00,6,1,12,17,0,860,76,Carrefour RN149 avec CC3,46.64,0.224,Plein jour,Hors agglomération,Intersection en X,Normale,Deux véhicules - côté,,,,,,,,,,,1,1,2,1,3
200600004873,0006-01-12 18:40:00,6,1,12,18,40,860,92,CD22 PK 20+375,,,Nuit sans éclairage public,Hors agglomération,Hors intersection,Normale,Deux véhicules - frontale,,,,,,,,,,,3,1,1,1,1
200600004874,0006-01-06 20:15:00,6,1,6,20,15,860,258,,,,Nuit sans éclairage public,Hors agglomération,Hors intersection,Normale,Sans collision,,,,,,,,,,,3,1,1,1,7
200600004875,0006-01-12 08:30:00,6,1,12,8,30,860,275,,46.875,0.482,Crépuscule ou aube,Hors agglomération,Hors intersection,Brouillard / fumée,Sans collision,,,,,,,,,,,2,1,1,5,7
200600004876,0006-01-30 15:30:00,6,1,30,15,30,860,86,54 rue principale,,,Plein jour,En agglomération,Hors intersection,Normale,Autre collision,,,,,,,,,,,1,2,1,1,6
200600004877,0006-01-23 12:30:00,6,1,23,12,30,860,165,face au n°55 de la rue d,46.426,0.864,Plein jour,En agglomération,Autre intersection,Normale,Deux véhicules - frontale,,,,,,,,,,,1,2,9,1,1
200600004878,0006-01-17 18:00:00,6,1,17,18,0,860,70,18 rue du Marché,46.573,0.649,Nuit avec éclairage allumé,En agglomération,Hors intersection,Pluie légère,Autre collision,,,,,,,,,,,5,2,1,2,6
200600004879,0006-01-14 15:15:00,6,1,14,15,15,160,258,Lieu dit Le Chamoulard,,,Plein jour,Hors agglomération,Hors intersection,Normale,Autre collision,,,,,,,,,,,1,1,1,1,6
200600004880,0006-01-04 22:50:00,6,1,4,22,50,160,362,,45.427,0.189,Nuit sans éclairage public,Hors agglomération,Hors intersection,Normale,Sans collision,,,,,,,,,,,3,1,1,1,7
200600004881,0006-01-25 18:00:00,6,1,25,18,0,160,73,La Combe Bourriquet,,,Crépuscule ou aube,Hors agglomération,Hors intersection,Normale,Deux véhicules - côté,,,,,,,,,,,2,1,1,1,3
200600004882,0006-01-07 03:15:00,6,1,7,3,15,160,405,,,,Nuit sans éclairage public,Hors agglomération,Hors intersection,Normale,Deux véhicules - frontale,,,,,,,,,,,3,1,1,1,1
200600004883,0006-01-13 11:15:00,6,1,13,11,15,160,53,,,,Plein jour,Hors agglomération,Intersection en X,Normale,Deux véhicules - côté,,,,,,,,,,,1,1,2,1,3
200600004884,0006-01-30 08:30:00,6,1,30,8,30,160,167,avenue du Général Lecler,,,Crépuscule ou aube,En agglomération,Hors intersection,Temps couvert,Deux véhicules - côté,,,,,,,,,,,2,2,1,8,3
200600004885,0006-01-10 18:00:00,6,1,10,18,0,160,85,les cinq pierres,,,Nuit sans éclairage public,Hors agglomération,Hors intersection,Brouillard / fumée,Deux véhicules - frontale,,,,,,,,,,,3,1,1,5,1
200600004886,0006-01-03 10:45:00,6,1,3,10,45,160,76,La mitonie,,,Plein jour,Hors agglomération,Hors intersection,Normale,Deux véhicules - frontale,,,,,,,,,,,1,1,1,1,1
200600004887,0006-01-07 09:45:00,6,1,7,9,45,160,104,,,,Plein jour,Hors agglomération,Hors intersection,Normale,Autre collision,,,,,,,,,,,1,1,1,1,6
200600004888,0006-01-12 08:00:00,6,1,12,8,0,160,409,,,,Nuit sans éclairage public,Hors agglomération,Hors intersection,Brouillard / fumée,Sans collision,,,,,,,,,,,3,1,1,5,7
200600004889,0006-01-22 09:45:00,6,1,22,9,45,160,244,"ieu-dit ""Le grand Maine""",,,Plein jour,Hors agglomération,Hors intersection,Normale,Deux véhicules - côté,,,,,,,,,,,1,1,1,1,3
200600004890,0006-01-12 13:55:00,6,1,12,13,55,160,199,rue des sablières,,,Plein jour,En agglomération,Hors intersection,Normale,Sans collision,,,,,,,,,,,1,2,1,1,7
200600004891,0006-01-22 14:30:00,6,1,22,14,30,160,425,,,,Plein jour,Hors agglomération,Intersection en X,Normale,Deux véhicules - côté,,,,,,,,,,,1,1,2,1,3
200600004892,0006-01-14 06:20:00,6,1,14,6,20,170,142,"Lieu dit ""Les Dimeries""",46.193,-1.073,Nuit sans éclairage public,Hors agglomération,Hors intersection,Normale,Autre collision,,,,,,,,,,,3,1,1,1,6
200600004893,0006-01-31 19:15:00,6,1,31,19,15,170,8,RN 137,,,Nuit sans éclairage public,Hors agglomération,Hors intersection,Normale,Deux véhicules - côté,,,,,,,,,,,3,1,1,1,3
200600004894,0006-01-02 10:50:00,6,1,2,10,50,170,16,lieu-dit fontanière,,,Plein jour,Hors agglomération,Intersection en T,Normale,Trois véhicules et plus - collisions multiples,,,,,,,,,,,1,1,3,1,5
200600004895,0006-01-28 02:15:00,6,1,28,2,15,170,197,5 avenue Gambetta,,,Nuit avec éclairage allumé,En agglomération,Hors intersection,Normale,Autre collision,,,,,,,,,,,5,2,1,1,6
200600004896,0006-01-27 10:00:00,6,1,27,10,0,170,108,,45.49,-0.444,Nuit sans éclairage public,Hors agglomération,Hors intersection,Normale,Sans collision,,,,,,,,,,,3,1,1,1,7
200600004897,0006-01-12 18:15:00,6,1,12,18,15,170,385,Av de la Libération,,,Nuit avec éclairage allumé,En agglomération,Hors intersection,Normale,Deux véhicules - côté,,,,,,,,,,,5,2,1,1,3
200600004898,0006-01-29 05:30:00,6,1,29,5,30,170,337,,46.0,-1.332,Nuit sans éclairage public,Hors agglomération,Hors intersection,Neige / grêle,Autre collision,,,,,,,,,,,3,1,1,4,6
200600004899,0006-01-14 04:30:00,6,1,14,4,30,170,174,,46.013,-0.777,Nuit sans éclairage public,En agglomération,Hors intersection,Normale,Autre collision,,,,,,,,,,,3,2,1,1,6
200600004900,0006-01-22 03:00:00,6,1,22,3,0,170,32,,46.06,-0.949,Nuit avec éclairage allumé,En agglomération,Hors intersection,Normale,Autre collision,,,,,,,,,,,5,2,1,1,6
200600004901,0006-01-28 17:45:00,6,1,28,17,45,170,359,,46.107,-0.713,Crépuscule ou aube,Hors agglomération,Hors intersection,Neige / grêle,Sans collision,,,,,,,,,,,2,1,1,4,7
200600004902,0006-01-10 07:45:00,6,1,10,7,45,170,86,,,,Nuit sans éclairage public,Hors agglomération,Hors intersection,Brouillard / fumée,Deux véhicules - frontale,,,,,,,,,,,3,1,1,5,1
200600004903,0006-01-21 01:00:00,6,1,21,1,0,170,141,,45.715,-0.491,Nuit sans éclairage public,Hors agglomération,Hors intersection,Normale,Autre collision,,,,,,,,,,,3,1,1,1,6
200600004904,0006-01-25 19:30:00,6,1,25,19,30,170,191,,,,Crépuscule ou aube,Hors agglomération,Hors intersection,Normale,Deux véhicules - frontale,,,,,,,,,,,2,1,1,1,1
200600004905,0006-01-29 20:15:00,6,1,29,20,15,170,278,,45.712,-0.793,Nuit sans éclairage public,Hors agglomération,Hors intersection,Normale,Sans collision,,,,,,,,,,,3,1,1,1,7
200600004906,0006-01-27 18:15:00,6,1,27,18,15,170,232,,,,Nuit sans éclairage public,Hors agglomération,Hors intersection,Normale,Autre collision,,,,,,,,,,,3,1,1,1,6
200600004907,0006-01-06 18:30:00,6,1,6,18,30,170,397,,,,Nuit sans éclairage public,Hors agglomération,Hors intersection,Normale,Deux véhicules - frontale,,,,,,,,,,,3,1,1,1,1
200600004908,0006-01-25 16:45:00,6,1,25,16,45,170,397,CD18,,,Plein jour,En agglomération,Hors intersection,Normale,Autre collision,,,,,,,,,,,1,2,1,1,6
200600004909,0006-01-26 07:45:00,6,1,26,7,45,170,101,D 121,45.98,-0.338,Crépuscule ou aube,Hors agglomération,Hors intersection,Temps couvert,Sans collision,,,,,,,,,,,2,1,1,8,7
200600004910,0006-01-31 21:15:00,6,1,31,21,15,170,195,Voie Communale,,,Nuit sans éclairage public,Hors agglomération,Hors intersection,Normale,Autre collision,,,,,,,,,,,3,1,1,1,6
200600004911,0006-01-14 16:45:00,6,1,14,16,45,790,100,rue de la Douve,46.327,-0.585,Plein jour,En agglomération,Hors intersection,Normale,Deux véhicules - côté,,,,,,,,,,,1,2,1,1,3
200600004912,0006-01-29 16:45:00,6,1,29,16,45,790,257,GRANDE RUE,46.26,-0.71,Plein jour,En agglomération,Hors intersection,Normale,Autre collision,,,,,,,,,,,1,2,1,1,6
200600004913,0006-01-28 18:00:00,6,1,28,18,0,790,298,,46.26,-0.48,Nuit sans éclairage public,Hors agglomération,Hors intersection,Neige / grêle,Deux véhicules - frontale,,,,,,,,,,,3,1,1,4,1
200600004914,0006-01-03 07:45:00,6,1,3,7,45,790,52,PK 52+850,,,Plein jour,Hors agglomération,Hors intersection,Normale,Deux véhicules - frontale,,,,,,,,,,,1,1,1,1,1
200600004915,0006-01-12 10:30:00,6,1,12,10,30,790,49,Rue des Cailloux,,,Plein jour,En agglomération,Hors intersection,Pluie légère,Sans collision,,,,,,,,,,,1,2,1,2,7
200600004916,0006-01-17 18:10:00,6,1,17,18,10,790,52,rrefour CD 175 et RN 149,,,Plein jour,Hors agglomération,Intersection en X,Pluie légère,Autre collision,,,,,,,,,,,1,1,2,2,6
200600004917,0006-01-18 12:30:00,6,1,18,12,30,790,49,85 Bd de Poitiers,46.844,-0.489,Plein jour,En agglomération,Hors intersection,Pluie légère,Autre collision,,,,,,,,,,,1,2,1,2,6
200600004918,0006-01-26 09:20:00,6,1,26,9,20,790,38,lieu dit la baudonière,,,Plein jour,Hors agglomération,Hors intersection,Autre,Sans collision,,,,,,,,,,,1,1,1,9,7
200600004919,0006-01-09 16:30:00,6,1,9,16,30,790,264,La Croix de St Léger,46.229,-0.13,Plein jour,En agglomération,Hors intersection,Temps couvert,Sans collision,,,,,,,,,,,1,2,1,8,7
200600004920,0006-01-20 08:40:00,6,1,20,8,40,790,343,,,,Plein jour,Hors agglomération,Hors intersection,Normale,Deux véhicules - frontale,,,,,,,,,,,1,1,1,1,1
200600004921,0006-01-07 04:30:00,6,1,7,4,30,790,95,,,,Nuit sans éclairage public,Hors agglomération,Hors intersection,Normale,Sans collision,,,,,,,,,,,3,1,1,1,7
200600004922,0006-01-05 16:40:00,6,1,5,16,40,790,202,Lieu dit LA BOULE,,,Plein jour,Hors agglomération,Hors intersection,Normale,Deux véhicules - frontale,,,,,,,,,,,1,1,1,1,1
200600004923,0006-01-15 14:55:00,6,1,15,14,55,790,202,ge piétons avenue Wilson,,,Plein jour,En agglomération,Hors intersection,Normale,Autre collision,,,,,,,,,,,1,2,1,1,6
200600004924,0006-01-22 12:15:00,6,1,22,12,15,870,15,,45.771,1.178,Plein jour,Hors agglomération,Hors intersection,Normale,Deux véhicules - frontale,,,,,,,,,,,1,1,1,1,1
200600004925,0006-01-10 17:45:00,6,1,10,17,45,870,49,,,,Crépuscule ou aube,Hors agglomération,Hors intersection,Pluie légère,Sans collision,,,,,,,,,,,2,1,1,2,7
200600004926,0006-01-13 09:00:00,6,1,13,9,0,870,187,,,,Plein jour,Hors agglomération,Hors intersection,Autre,Deux véhicules - frontale,,,,,,,,,,,1,1,1,9,1
200600004927,0006-01-23 19:15:00,6,1,23,19,15,870,33,Les Graules,,,Nuit sans éclairage public,Hors agglomération,Hors intersection,Normale,Deux véhicules - côté,,,,,,,,,,,3,1,1,1,3
200600004928,0006-01-25 10:00:00,6,1,25,10,0,870,89,Rue joliot Currie,46.222,1.165,Plein jour,En agglomération,Hors intersection,Normale,Autre collision,,,,,,,,,,,1,2,1,1,6
200600004929,0006-01-11 17:15:00,6,1,11,17,15,190,251,,45.402,1.961,Crépuscule ou aube,Hors agglomération,Hors intersection,Autre,Sans collision,,,,,,,,,,,2,1,1,9,7
200600004930,0006-01-12 08:00:00,6,1,12,8,0,190,287,,45.378,1.943,Plein jour,Hors agglomération,Hors intersection,Autre,Autre collision,,,,,,,,,,,1,1,1,9,6
200600004931,0006-01-11 15:45:00,6,1,11,15,45,190,181,,45.418,1.83,Plein jour,Hors agglomération,Hors intersection,Autre,Autre collision,,,,,,,,,,,1,1,1,9,6
200600004932,0006-01-06 15:15:00,6,1,6,15,15,190,107,,45.109,1.386,Plein jour,Hors agglomération,Hors intersection,Normale,Autre collision,,,,,,,,,,,1,1,1,1,6
200600004933,0006-01-12 07:45:00,6,1,12,7,45,190,229,ROND POINT BERNOU,,,Nuit avec éclairage allumé,En agglomération,Giratoire,Temps couvert,Sans collision,,,,,,,,,,,5,2,6,8,7
200600004934,0006-01-30 19:30:00,6,1,30,19,30,190,43,,45.134,1.673,Nuit sans éclairage public,Hors agglomération,Hors intersection,Autre,Trois véhicules et plus - en chaîne,,,,,,,,,,,3,1,1,9,4
200600004935,0006-01-24 07:45:00,6,1,24,7,45,190,23,,,,Crépuscule ou aube,Hors agglomération,Hors intersection,Normale,Sans collision,,,,,,,,,,,2,1,1,1,7
200600004936,0006-01-03 07:55:00,6,1,3,7,55,190,121,rue du Prédevaux,,,Crépuscule ou aube,En agglomération,Hors intersection,Normale,Autre collision,,,,,,,,,,,2,2,1,1,6
200600004937,0006-01-20 01:00:00,6,1,20,1,0,190,182,,45.253,1.399,Nuit sans éclairage public,En agglomération,Hors intersection,Brouillard / fumée,Autre collision,,,,,,,,,,,3,2,1,5,6
200600004938,0006-01-06 18:15:00,6,1,6,18,15,230,96,,46.159,1.903,Nuit sans éclairage public,Hors agglomération,Hors intersection,Pluie légère,Autre collision,,,,,,,,,,,3,1,1,2,6
200600004939,0006-01-04 07:50:00,6,1,4,7,50,230,240,REFOUR DE LA GOUTTENOIRE,,,Crépuscule ou aube,Hors agglomération,Hors intersection,Brouillard / fumée,Deux véhicules - frontale,,,,,,,,,,,2,1,1,5,1
200600004940,0006-01-06 19:15:00,6,1,6,19,15,230,2,Puy Gaillard,,,Nuit sans éclairage public,Hors agglomération,Hors intersection,Normale,Deux véhicules - côté,,,,,,,,,,,3,1,1,1,3
200600004941,0006-01-06 16:30:00,6,1,6,16,30,230,97,,46.095,2.185,Plein jour,Hors agglomération,Hors intersection,Normale,Sans collision,,,,,,,,,,,1,1,1,1,7
200600004942,0006-01-03 18:00:00,6,1,3,18,0,230,114,,46.196,2.296,Nuit sans éclairage public,Hors agglomération,Hors intersection,Normale,Deux véhicules - arrière,,,,,,,,,,,3,1,1,1,2
200600004943,0006-01-16 10:45:00,6,1,16,10,45,310,44,,,,Plein jour,Hors agglomération,Autre intersection,Normale,Deux véhicules - côté,,,,,,,,,,,1,1,9,1,3
200600004944,0006-01-06 17:00:00,6,1,6,17,0,310,202,chemin du buguet,,,Plein jour,En agglomération,Hors intersection,Normale,Deux véhicules - côté,,,,,,,,,,,1,2,1,1,3
200600004945,0006-01-30 23:30:00,6,1,30,23,30,310,358,CHEMIN VERT,,,Nuit avec éclairage allumé,En agglomération,Hors intersection,Normale,Autre collision,,,,,,,,,,,5,2,1,1,6
200600004946,0006-01-05 00:01:00,6,1,5,0,1,310,297,avenue de la gare,43.679,1.207,Nuit avec éclairage allumé,En agglomération,Hors intersection,Brouillard / fumée,Sans collision,,,,,,,,,,,5,2,1,5,7
200600004947,0006-01-09 08:15:00,6,1,9,8,15,310,526,,,,Plein jour,Hors agglomération,Hors intersection,Normale,Sans collision,,,,,,,,,,,1,1,1,1,7
200600004948,0006-01-13 18:15:00,6,1,13,18,15,310,424,"24, Rue du 11 novembre",43.57,1.289,Nuit avec éclairage allumé,En agglomération,Hors intersection,Normale,Deux véhicules - côté,,,,,,,,,,,5,2,1,1,3
200600004949,0006-01-17 19:00:00,6,1,17,19,0,310,424,32 rue du 11 novembre 19,43.574,1.288,Nuit avec éclairage allumé,En agglomération,Intersection en X,Normale,Trois véhicules et plus - collisions multiples,,,,,,,,,,,5,2,2,1,5
200600004950,0006-01-19 07:00:00,6,1,19,7,0,310,417,,43.634,1.239,Nuit sans éclairage public,Hors agglomération,Hors intersection,Pluie légère,Deux véhicules - côté,,,,,,,,,,,3,1,1,2,3
200600004951,0006-01-12 16:15:00,6,1,12,16,15,310,446,31 AVENUE TOLOSANE,43.554,1.472,Plein jour,En agglomération,Hors intersection,Temps éblouissant,Autre collision,,,,,,,,,,,1,2,1,7,6
200600004952,0006-01-10 06:30:00,6,1,10,6,30,310,182,,43.7,1.37,Nuit avec éclairage allumé,Hors agglomération,Hors intersection,Temps couvert,Deux véhicules - frontale,,,,,,,,,,,5,1,1,8,1
200600004953,0006-01-18 23:45:00,6,1,18,23,45,310,488,RN 88,,,Nuit avec éclairage allumé,En agglomération,Hors intersection,Autre,Deux véhicules - frontale,,,,,,,,,,,5,2,1,9,1
200600004954,0006-01-07 23:45:00,6,1,7,23,45,310,206,"Lieu-dit "" Pujol """,,,Nuit sans éclairage public,Hors agglomération,Hors intersection,Normale,Autre collision,,,,,,,,,,,3,1,1,1,6
200600004955,0006-01-25 17:15:00,6,1,25,17,15,310,572,carrefour CD35 et CD35D,43.429,1.444,Plein jour,En agglomération,Hors intersection,Normale,Deux véhicules - côté,,,,,,,,,,,1,2,1,1,3
200600004956,0006-01-10 10:00:00,6,1,10,10,0,310,324,BD DU NORD,43.203,1.009,Plein jour,En agglomération,Giratoire,Normale,Autre collision,,,,,,,,,,,1,2,6,1,6
200600004957,0006-01-14 00:30:00,6,1,14,0,30,310,65,,,,Nuit sans éclairage public,Hors agglomération,Hors intersection,Normale,Autre collision,,,,,,,,,,,3,1,1,1,6
200600004958,0006-01-19 16:30:00,6,1,19,16,30,310,499,route de Muret,,,Plein jour,En agglomération,Hors intersection,Normale,Deux véhicules - frontale,,,,,,,,,,,1,2,1,1,1
200600004959,0006-01-08 19:15:00,6,1,8,19,15,310,147,,43.112,0.625,Nuit sans éclairage public,Hors agglomération,Hors intersection,Normale,Deux véhicules - frontale,,,,,,,,,,,3,1,1,1,1
200600004960,0006-01-17 19:30:00,6,1,17,19,30,310,535,Hameau de Bruncan,43.037,0.67,Nuit avec éclairage allumé,En agglomération,Hors intersection,Pluie légère,Deux véhicules - côté,,,,,,,,,,,5,2,1,2,3
200600004961,0006-01-06 20:30:00,6,1,6,20,30,310,177,,42.927,0.686,Nuit sans éclairage public,Hors agglomération,Hors intersection,Normale,Sans collision,,,,,,,,,,,3,1,1,1,7
200600004962,0006-01-12 16:45:00,6,1,12,16,45,310,494,Route de MONTBERNARD,,,Plein jour,En agglomération,Hors intersection,Normale,Deux véhicules - frontale,,,,,,,,,,,1,2,1,1,1
200600004963,0006-01-29 14:45:00,6,1,29,14,45,310,138,Route de Saman,,,Plein jour,En agglomération,Hors intersection,Neige / grêle,Autre collision,,,,,,,,,,,1,2,1,4,6
200600004964,0006-01-26 07:15:00,6,1,26,7,15,310,37,Rue d'Occitanie,,,Nuit avec éclairage allumé,En agglomération,Hors intersection,Normale,Autre collision,,,,,,,,,,,5,2,1,1,6
200600004965,0006-01-12 13:00:00,6,1,12,13,0,310,271,,43.558,1.677,Plein jour,Hors agglomération,Hors intersection,Normale,Sans collision,,,,,,,,,,,1,1,1,1,7
200600004966,0006-01-29 18:45:00,6,1,29,18,45,310,106,,43.539,1.765,Nuit sans éclairage public,Hors agglomération,Hors intersection,Pluie légère,Deux véhicules - frontale,,,,,,,,,,,3,1,1,2,1
200600004967,0006-01-23 16:30:00,6,1,23,16,30,310,478,,,,Plein jour,Hors agglomération,Hors intersection,Temps éblouissant,Deux véhicules - côté,,,,,,,,,,,1,1,1,7,3
200600004968,0006-01-31 07:45:00,6,1,31,7,45,310,463,,,,Crépuscule ou aube,Hors agglomération,Hors intersection,Brouillard / fumée,Trois véhicules et plus - collisions multiples,,,,,,,,,,,2,1,1,5,5
200600004969,0006-01-02 15:45:00,6,1,2,15,45,90,125,43 Rue Saint-MICHEL,42.885,1.89,Plein jour,En agglomération,Autre intersection,Pluie légère,Deux véhicules - côté,,,,,,,,,,,1,2,9,2,3
200600004970,0006-01-24 07:30:00,6,1,24,7,30,90,188,CD 618,,,Nuit sans éclairage public,Hors agglomération,Hors intersection,Normale,Deux véhicules - frontale,,,,,,,,,,,3,1,1,1,1
200600004971,0006-01-07 09:00:00,6,1,7,9,0,90,173,col du Portel,,,Plein jour,Hors agglomération,Hors intersection,Pluie légère,Sans collision,,,,,,,,,,,1,1,1,2,7
200600004972,0006-01-27 07:45:00,6,1,27,7,45,90,194,lieu dit Rives,,,Crépuscule ou aube,Hors agglomération,Hors intersection,Neige / grêle,Deux véhicules - frontale,,,,,,,,,,,2,1,1,4,1
200600004973,0006-01-11 18:15:00,6,1,11,18,15,90,268,,43.004,1.134,Nuit avec éclairage allumé,En agglomération,Hors intersection,Normale,Deux véhicules - côté,,,,,,,,,,,5,2,1,1,3
200600004974,0006-01-06 17:45:00,6,1,6,17,45,90,198,,43.079,1.193,Nuit avec éclairage allumé,Hors agglomération,Hors intersection,Normale,Sans collision,,,,,,,,,,,5,1,1,1,7
200600004975,0006-01-17 12:00:00,6,1,17,12,0,120,225,,,,Plein jour,Hors agglomération,Hors intersection,Normale,Autre collision,,,,,,,,,,,1,1,1,1,6
200600004976,0006-01-17 11:15:00,6,1,17,11,15,120,220,,,,Plein jour,Hors agglomération,Intersection en X,Normale,Deux véhicules - côté,,,,,,,,,,,1,1,2,1,3
200600004977,0006-01-18 14:00:00,6,1,18,14,0,120,208,"CD 999, 49Bd Emile Borel",43.96,2.893,Plein jour,En agglomération,Hors intersection,Temps couvert,Trois véhicules et plus - collisions multiples,,,,,,,,,,,1,2,1,8,5
200600004978,0006-01-17 17:55:00,6,1,17,17,55,120,300,avenue de Toulouse,,,Nuit avec éclairage allumé,En agglomération,Hors intersection,Pluie légère,Autre collision,,,,,,,,,,,5,2,1,2,6
200600004979,0006-01-06 07:30:00,6,1,6,7,30,320,83,,,,Nuit sans éclairage public,Hors agglomération,Hors intersection,Normale,Deux véhicules - arrière,,,,,,,,,,,3,1,1,1,2