accident_id,datetime,annee,mois,jour,heure,minute,departement,commune_insee,adresse,latitude,longitude,luminosite,agglomeration,intersection,meteo,collision,nb_vehicules,nb_usagers,nb_indemnes,nb_tues,nb_blesses_hosp,nb_blesses_legers,age_cond_1,age_cond_2,veh_type_cond_1,veh_type_cond_2,lum_code,agg_code,int_code,atm_code,col_code
200600005114,0006-01-24 23:00:00,6,1,24,23,0,380,501,,45.307,5.953,Nuit avec éclairage allumé,Hors agglomération,Hors intersection,Normale,Sans collision,,,,,,,,,,,5,1,1,1,7
200600005115,0006-01-26 10:15:00,6,1,26,10,15,380,501,,,,Plein jour,Hors agglomération,Hors intersection,Neige / grêle,Autre collision,,,,,,,,,,,1,1,1,4,6
200600005116,0006-01-14 10:30:00,6,1,14,10,30,380,205,"a Croix Lichoux, CD 106",,,Plein jour,Hors agglomération,Hors intersection,Autre,Sans collision,,,,,,,,,,,1,1,1,9,7
200600005117,0006-01-18 07:45:00,6,1,18,7,45,380,497,,,,Plein jour,Hors agglomération,Hors intersection,Pluie légère,Autre collision,,,,,,,,,,,1,1,1,2,6
200600005118,0006-01-13 18:10:00,6,1,13,18,10,380,445,RN 85 - PR croissant,,,Nuit sans éclairage public,Hors agglomération,Hors intersection,Temps couvert,Autre collision,,,,,,,,,,,3,1,1,8,6
200600005119,0006-01-17 10:00:00,6,1,17,10,0,380,219,,45.328,5.082,Plein jour,Hors agglomération,Hors intersection,Normale,Deux véhicules - frontale,,,,,,,,,,,1,1,1,1,1
200600005120,0006-01-15 11:30:00,6,1,15,11,30,380,517,boulevard Michel Perret,45.31,5.492,Plein jour,En agglomération,Hors intersection,Normale,Autre collision,,,,,,,,,,,1,2,1,1,6
200600005121,0006-01-22 07:00:00,6,1,22,7,0,380,467,,45.672,5.333,Nuit sans éclairage public,Hors agglomération,Hors intersection,Brouillard / fumée,Autre collision,,,,,,,,,,,3,1,1,5,6
200600005122,0006-01-20 18:00:00,6,1,20,18,0,380,515,CD 517 route de Morestel,,,Nuit avec éclairage allumé,Hors agglomération,Hors intersection,Normale,Autre collision,,,,,,,,,,,5,1,1,1,6
200600005123,0006-01-04 05:00:00,6,1,4,5,0,380,54,rue de Marlieu,45.797,5.408,Nuit avec éclairage allumé,En agglomération,Hors intersection,Autre,Autre collision,,,,,,,,,,,5,2,1,9,6
200600005124,0006-01-13 10:15:00,6,1,13,10,15,380,135,,45.729,5.399,Plein jour,Hors agglomération,Hors intersection,Normale,Autre collision,,,,,,,,,,,1,1,1,1,6
200600005125,0006-01-16 18:30:00,6,1,16,18,30,380,135,RN 75 LANCIN,45.731,5.409,Nuit avec éclairage allumé,En agglomération,Hors intersection,Autre,Autre collision,,,,,,,,,,,5,2,1,9,6
200600005126,0006-01-21 23:00:00,6,1,21,23,0,380,320,Hameau de Vassieu,45.832,5.393,Nuit sans éclairage public,En agglomération,Hors intersection,Normale,Autre collision,,,,,,,,,,,3,2,1,1,6
200600005127,0006-01-03 17:30:00,6,1,3,17,30,380,256,RN 75 PK 50+500,,,Nuit sans éclairage public,Hors agglomération,Hors intersection,Autre,Deux véhicules - frontale,,,,,,,,,,,3,1,1,9,1
200600005128,0006-01-15 10:55:00,6,1,15,10,55,380,323,Le Sablon,,,Plein jour,Hors agglomération,Hors intersection,Normale,Trois véhicules et plus - collisions multiples,,,,,,,,,,,1,1,1,1,5
200600005129,0006-01-25 22:40:00,6,1,25,22,40,380,28,595 route du bourg,,,Nuit avec éclairage allumé,En agglomération,Hors intersection,Normale,Autre collision,,,,,,,,,,,5,2,1,1,6
200600005130,0006-01-23 18:50:00,6,1,23,18,50,440,66,al de Gaulle sur le RD26,,,Nuit avec éclairage allumé,En agglomération,Hors intersection,Normale,Autre collision,,,,,,,,,,,5,2,1,1,6
200600005131,0006-01-09 08:45:00,6,1,9,8,45,380,134,CD 37,,,Plein jour,Hors agglomération,Hors intersection,Temps couvert,Deux véhicules - arrière,,,,,,,,,,,1,1,1,8,2
200600005132,0006-01-13 21:10:00,6,1,13,21,10,380,130,CD 119,,,Nuit sans éclairage public,Hors agglomération,Hors intersection,Normale,Deux véhicules - frontale,,,,,,,,,,,3,1,1,1,1
200600005133,0006-01-09 18:00:00,6,1,9,18,0,380,94,,,,Nuit avec éclairage allumé,En agglomération,Hors intersection,Normale,Deux véhicules - frontale,,,,,,,,,,,5,2,1,1,1
200600005134,0006-01-13 09:45:00,6,1,13,9,45,380,144,chemin du petit chateau,,,Plein jour,En agglomération,Hors intersection,Temps éblouissant,Autre collision,,,,,,,,,,,1,2,1,7,6
200600005135,0006-01-12 13:15:00,6,1,12,13,15,380,408,ROUTE DU STADE,,,Plein jour,En agglomération,Hors intersection,Normale,Deux véhicules - côté,,,,,,,,,,,1,2,1,1,3
200600005136,0006-01-31 11:40:00,6,1,31,11,40,380,389,Carrefour des ayes,,,Plein jour,Hors agglomération,Hors intersection,Temps éblouissant,Deux véhicules - côté,,,,,,,,,,,1,1,1,7,3
200600005137,0006-01-17 16:45:00,6,1,17,16,45,380,298,Intermarché,45.383,4.797,Crépuscule ou aube,En agglomération,Hors intersection,Pluie légère,Autre collision,,,,,,,,,,,2,2,1,2,6
200600005138,0006-01-24 16:00:00,6,1,24,16,0,380,344,ryue Jacques Prevert,45.374,4.812,Plein jour,En agglomération,Hors intersection,Normale,Sans collision,,,,,,,,,,,1,2,1,1,7
200600005139,0006-01-24 08:15:00,6,1,24,8,15,380,449,,,,Plein jour,Hors agglomération,Intersection en X,Normale,Deux véhicules - côté,,,,,,,,,,,1,1,2,1,3
200600005140,0006-01-05 14:00:00,6,1,5,14,0,420,224,,45.356,4.425,Plein jour,Hors agglomération,Hors intersection,Normale,Deux véhicules - côté,,,,,,,,,,,1,1,1,1,3
200600005141,0006-01-30 11:00:00,6,1,30,11,0,420,285,,45.567,4.142,Plein jour,Hors agglomération,Hors intersection,Brouillard / fumée,Trois véhicules et plus - collisions multiples,,,,,,,,,,,1,1,1,5,5
200600005142,0006-01-30 11:15:00,6,1,30,11,15,420,285,,45.567,4.141,Plein jour,Hors agglomération,Hors intersection,Brouillard / fumée,Autre collision,,,,,,,,,,,1,1,1,5,6
200600005143,0006-01-14 21:00:00,6,1,14,21,0,420,313,le bourg,,,Nuit avec éclairage allumé,En agglomération,Hors intersection,Normale,Deux véhicules - frontale,,,,,,,,,,,5,2,1,1,1
200600005144,0006-01-09 16:00:00,6,1,9,16,0,420,65,,,,Plein jour,Hors agglomération,Hors intersection,Normale,Autre collision,,,,,,,,,,,1,1,1,1,6
200600005145,0006-01-11 19:00:00,6,1,11,19,0,420,202,,45.717,4.322,Nuit avec éclairage allumé,Hors agglomération,Hors intersection,Normale,Autre collision,,,,,,,,,,,5,1,1,1,6
200600005146,0006-01-14 07:45:00,6,1,14,7,45,420,174,,,,Plein jour,Hors agglomération,Hors intersection,Normale,Autre collision,,,,,,,,,,,1,1,1,1,6
200600005147,0006-01-19 13:15:00,6,1,19,13,15,420,214,le bourg,45.683,4.301,Plein jour,En agglomération,Hors intersection,Normale,Autre collision,,,,,,,,,,,1,2,1,1,6
200600005148,0006-01-27 23:45:00,6,1,27,23,45,420,251,,45.703,4.229,Nuit sans éclairage public,Hors agglomération,Hors intersection,Neige / grêle,Deux véhicules - frontale,,,,,,,,,,,3,1,1,4,1
200600005149,0006-01-10 19:35:00,6,1,10,19,35,420,185,RN 82 au PK 46.700,,,Nuit sans éclairage public,Hors agglomération,Hors intersection,Brouillard / fumée,Trois véhicules et plus - en chaîne,,,,,,,,,,,3,1,1,5,4
200600005150,0006-01-17 18:30:00,6,1,17,18,30,420,38,"lieu-dit ""Grange Neuve""",,,Nuit sans éclairage public,Hors agglomération,Hors intersection,Normale,Deux véhicules - frontale,,,,,,,,,,,3,1,1,1,1
200600005151,0006-01-15 13:45:00,6,1,15,13,45,420,327,,45.457,4.754,Plein jour,Hors agglomération,Hors intersection,Normale,Sans collision,,,,,,,,,,,1,1,1,1,7
200600005152,0006-01-05 17:00:00,6,1,5,17,0,420,145,Rue de la République,,,Crépuscule ou aube,En agglomération,Hors intersection,Normale,Autre collision,,,,,,,,,,,2,2,1,1,6
200600005153,0006-01-21 18:00:00,6,1,21,18,0,420,166,,46.009,4.098,Nuit avec éclairage allumé,Hors agglomération,Hors intersection,Normale,Deux véhicules - frontale,,,,,,,,,,,5,1,1,1,1
200600005154,0006-01-26 16:15:00,6,1,26,16,15,420,338,,,,Plein jour,Hors agglomération,Hors intersection,Temps couvert,Sans collision,,,,,,,,,,,1,1,1,8,7
200600005155,0006-01-06 16:15:00,6,1,6,16,15,420,289,la pinée,,,Plein jour,Hors agglomération,Hors intersection,Normale,Sans collision,,,,,,,,,,,1,1,1,1,7
200600005156,0006-01-13 08:00:00,6,1,13,8,0,420,98,,,,Nuit sans éclairage public,Hors agglomération,Hors intersection,Normale,Autre collision,,,,,,,,,,,3,1,1,1,6
200600005157,0006-01-29 11:15:00,6,1,29,11,15,420,334,,,,Plein jour,Hors agglomération,Hors intersection,Temps couvert,Deux véhicules - frontale,,,,,,,,,,,1,1,1,8,1
200600005158,0006-01-30 08:30:00,6,1,30,8,30,420,3,,46.099,3.917,Plein jour,Hors agglomération,Hors intersection,Autre,Autre collision,,,,,,,,,,,1,1,1,9,6
200600005159,0006-01-31 20:15:00,6,1,31,20,15,730,128,Parking magasin CHAMPION,,,Nuit sans éclairage public,Hors agglomération,Autre intersection,Normale,Autre collision,,,,,,,,,,,3,1,9,1,6
200600005160,0006-01-19 12:15:00,6,1,19,12,15,730,183,"Lieu dit ""Chacuzard""",,,Plein jour,Hors agglomération,Hors intersection,Normale,Trois véhicules et plus - collisions multiples,,,,,,,,,,,1,1,1,1,5
200600005161,0006-01-13 18:45:00,6,1,13,18,45,730,107,LE GRANIER,,,Nuit sans éclairage public,Hors agglomération,Hors intersection,Autre,Deux véhicules - frontale,,,,,,,,,,,3,1,1,9,1
200600005162,0006-01-18 11:30:00,6,1,18,11,30,730,297,CARREFOUR RN 990,,,Plein jour,Hors agglomération,Intersection en T,Normale,Deux véhicules - côté,,,,,,,,,,,1,1,3,1,3
200600005163,0006-01-23 10:45:00,6,1,23,10,45,730,241,,45.603,6.296,Plein jour,Hors agglomération,Hors intersection,Normale,Deux véhicules - arrière,,,,,,,,,,,1,1,1,1,2
200600005164,0006-01-27 02:00:00,6,1,27,2,0,730,150,,,,Nuit sans éclairage public,Hors agglomération,Hors intersection,Normale,Sans collision,,,,,,,,,,,3,1,1,1,7
200600005165,0006-01-13 22:45:00,6,1,13,22,45,730,303,xx,,,Nuit sans éclairage public,Hors agglomération,Hors intersection,Normale,Autre collision,,,,,,,,,,,3,1,1,1,6
200600005166,0006-01-25 20:00:00,6,1,25,20,0,740,142,Route Départementale 3,,,Nuit sans éclairage public,Hors agglomération,Hors intersection,Normale,Deux véhicules - frontale,,,,,,,,,,,3,1,1,1,1
200600005167,0006-01-26 11:40:00,6,1,26,11,40,740,2,Lieu-dit Les Chênes,,,Plein jour,Hors agglomération,Hors intersection,Normale,Deux véhicules - frontale,,,,,,,,,,,1,1,1,1,1
200600005168,0006-01-29 17:15:00,6,1,29,17,15,740,280,Pont de morette,,,Plein jour,Hors agglomération,Hors intersection,Normale,Deux véhicules - frontale,,,,,,,,,,,1,1,1,1,1
200600005169,0006-01-06 11:45:00,6,1,6,11,45,740,24,route de Marignier,,,Plein jour,En agglomération,Hors intersection,Normale,Trois véhicules et plus - collisions multiples,,,,,,,,,,,1,2,1,1,5
200600005170,0006-01-05 18:00:00,6,1,5,18,0,740,143,avenue des Alpages (à ha,45.898,6.787,Crépuscule ou aube,En agglomération,Hors intersection,Pluie légère,Trois véhicules et plus - en chaîne,,,,,,,,,,,2,2,1,2,4
200600005171,0006-01-16 20:30:00,6,1,16,20,30,740,169,RUE DU STADE,46.068,6.526,Nuit avec éclairage allumé,En agglomération,Hors intersection,Neige / grêle,Trois véhicules et plus - collisions multiples,,,,,,,,,,,5,2,1,4,5
200600005172,0006-01-31 11:45:00,6,1,31,11,45,740,81,R et Avenue de la Sardag,46.073,6.565,Plein jour,En agglomération,Hors intersection,Normale,Deux véhicules - frontale,,,,,,,,,,,1,2,1,1,1
200600005173,0006-01-31 12:15:00,6,1,31,12,15,740,81,"56, rue de messy",46.065,6.574,Plein jour,En agglomération,Hors intersection,Normale,Deux véhicules - côté,,,,,,,,,,,1,2,1,1,3
200600005174,0006-01-01 09:30:00,6,1,1,9,30,740,173,chemin  du moulin neuf,,,Plein jour,Hors agglomération,Intersection en X,Temps couvert,Deux véhicules - frontale,,,,,,,,,,,1,1,2,8,1
200600005175,0006-01-13 17:30:00,6,1,13,17,30,740,173,1436 route nationale,,,Nuit avec éclairage allumé,En agglomération,Hors intersection,Normale,Sans collision,,,,,,,,,,,5,2,1,1,7
200600005176,0006-01-17 10:20:00,6,1,17,10,20,740,173,route nationale,,,Plein jour,En agglomération,Hors intersection,Neige / grêle,Autre collision,,,,,,,,,,,1,2,1,4,6
200600005177,0006-01-30 09:15:00,6,1,30,9,15,740,18,arrefour CD 19 et CD 201,,,Plein jour,Hors agglomération,Hors intersection,Brouillard / fumée,Deux véhicules - frontale,,,,,,,,,,,1,1,1,5,1
200600005178,0006-01-13 09:35:00,6,1,13,9,35,740,103,RN 212,,,Plein jour,Hors agglomération,Hors intersection,Normale,Deux véhicules - frontale,,,,,,,,,,,1,1,1,1,1
200600005179,0006-01-15 11:40:00,6,1,15,11,40,740,256,rue de la paix,,,Plein jour,En agglomération,Hors intersection,Normale,Deux véhicules - frontale,,,,,,,,,,,1,2,1,1,1
200600005180,0006-01-22 15:00:00,6,1,22,15,0,740,256,,,,Plein jour,Hors agglomération,Hors intersection,Normale,Deux véhicules - côté,,,,,,,,,,,1,1,1,1,3
200600005181,0006-01-25 11:30:00,6,1,25,11,30,740,134,,,,Plein jour,Hors agglomération,Hors intersection,Normale,Deux véhicules - côté,,,,,,,,,,,1,1,1,1,3
200600005182,0006-01-30 20:00:00,6,1,30,20,0,740,276,Parking du chateau,,,Nuit avec éclairage allumé,En agglomération,Hors intersection,Normale,Autre collision,,,,,,,,,,,5,2,1,1,6
200600005183,0006-01-09 18:15:00,6,1,9,18,15,740,40,,46.179,6.31,Plein jour,Hors agglomération,Hors intersection,Normale,Trois véhicules et plus - collisions multiples,,,,,,,,,,,1,1,1,1,5
200600005184,0006-01-30 20:30:00,6,1,30,20,30,740,229,,46.249,6.326,Nuit sans éclairage public,Hors agglomération,Hors intersection,Normale,Trois véhicules et plus - collisions multiples,,,,,,,,,,,3,1,1,1,5
200600005185,0006-01-23 00:30:00,6,1,23,0,30,740,128,hemin départemental n°09,,,Nuit sans éclairage public,Hors agglomération,Hors intersection,Normale,Autre collision,,,,,,,,,,,3,1,1,1,6
200600005186,0006-01-19 12:00:00,6,1,19,12,0,740,5,ROUTE DE NOYER,46.339,6.479,Plein jour,En agglomération,Hors intersection,Normale,Deux véhicules - frontale,,,,,,,,,,,1,2,1,1,1
200600005187,0006-01-19 05:45:00,6,1,19,5,45,740,37,,46.212,6.413,Nuit sans éclairage public,Hors agglomération,Hors intersection,Normale,Deux véhicules - frontale,,,,,,,,,,,3,1,1,1,1
200600005188,0006-01-27 08:00:00,6,1,27,8,0,740,37,chef lieu,46.212,6.405,Plein jour,En agglomération,Hors intersection,Normale,Deux véhicules - frontale,,,,,,,,,,,1,2,1,1,1
200600005189,0006-01-16 14:30:00,6,1,16,14,30,740,166,Z.A.C. LARRY,,,Plein jour,Hors agglomération,Hors intersection,Neige / grêle,Deux véhicules - frontale,,,,,,,,,,,1,1,1,4,1
200600005190,0006-01-21 16:00:00,6,1,21,16,0,630,48,,45.667,2.571,Plein jour,Hors agglomération,Hors intersection,Normale,Sans collision,,,,,,,,,,,1,1,1,1,7
200600005191,0006-01-28 12:00:00,6,1,28,12,0,630,370,,45.651,2.711,Plein jour,Hors agglomération,Hors intersection,Pluie légère,Sans collision,,,,,,,,,,,1,1,1,2,7
200600005192,0006-01-25 15:45:00,6,1,25,15,45,630,263,,45.777,3.011,Plein jour,Hors agglomération,Intersection en X,Normale,Deux véhicules - côté,,,,,,,,,,,1,1,2,1,3
200600005193,0006-01-18 12:35:00,6,1,18,12,35,630,284,enue du docteur BESSERVE,,,Plein jour,En agglomération,Hors intersection,Normale,Deux véhicules - côté,,,,,,,,,,,1,2,1,1,3
200600005194,0006-01-05 07:45:00,6,1,5,7,45,630,214,,45.693,3.201,Crépuscule ou aube,Hors agglomération,Intersection en T,Normale,Trois véhicules et plus - collisions multiples,,,,,,,,,,,2,1,3,1,5
200600005195,0006-01-14 01:00:00,6,1,14,1,0,630,350,,45.727,3.277,Nuit sans éclairage public,Hors agglomération,Hors intersection,Autre,Sans collision,,,,,,,,,,,3,1,1,9,7
200600005196,0006-01-24 07:30:00,6,1,24,7,30,630,214,rue de la garenne,45.69,3.19,Crépuscule ou aube,En agglomération,Intersection en X,Autre,Deux véhicules - frontale,,,,,,,,,,,2,2,2,9,1
200600005197,0006-01-09 10:30:00,6,1,9,10,30,630,178,Avenue de la libération,,,Plein jour,En agglomération,Hors intersection,Temps éblouissant,Autre collision,,,,,,,,,,,1,2,1,7,6
200600005198,0006-01-09 09:00:00,6,1,9,9,0,630,50,avenue du chateau,,,Plein jour,En agglomération,Hors intersection,Temps éblouissant,Autre collision,,,,,,,,,,,1,2,1,7,6
200600005199,0006-01-02 12:15:00,6,1,2,12,15,630,13,,,,Plein jour,Hors agglomération,Hors intersection,Normale,Sans collision,,,,,,,,,,,1,1,1,1,7
200600005200,0006-01-09 15:25:00,6,1,9,15,25,630,148,CD210,45.89,3.22,Plein jour,Hors agglomération,Hors intersection,Normale,Deux véhicules - côté,,,,,,,,,,,1,1,1,1,3
200600005201,0006-01-05 07:00:00,6,1,5,7,0,630,223,,,,Nuit sans éclairage public,Hors agglomération,Hors intersection,Autre,Deux véhicules - frontale,,,,,,,,,,,3,1,1,9,1
200600005202,0006-01-06 18:00:00,6,1,6,18,0,630,382,BOURG DE ST PARDOUX,46.061,3.017,Nuit avec éclairage allumé,En agglomération,Hors intersection,Normale,Autre collision,,,,,,,,,,,5,2,1,1,6
200600005203,0006-01-01 02:30:00,6,1,1,2,30,630,430,,,,Nuit sans éclairage public,Hors agglomération,Hors intersection,Temps couvert,Sans collision,,,,,,,,,,,3,1,1,8,7
200600005204,0006-01-20 21:15:00,6,1,20,21,15,630,195,,45.819,3.396,Nuit sans éclairage public,Hors agglomération,Hors intersection,Normale,Autre collision,,,,,,,,,,,3,1,1,1,6
200600005205,0006-01-05 17:00:00,6,1,5,17,0,630,271,,45.915,3.517,Crépuscule ou aube,Hors agglomération,Hors intersection,Neige / grêle,Autre collision,,,,,,,,,,,2,1,1,4,6
200600005206,0006-01-09 08:00:00,6,1,9,8,0,30,102,,,,Nuit sans éclairage public,Hors agglomération,Hors intersection,Normale,Autre collision,,,,,,,,,,,3,1,1,1,6
200600005207,0006-01-24 15:00:00,6,1,24,15,0,30,180,,,,Plein jour,Hors agglomération,Passage à niveau,Normale,Deux véhicules - frontale,,,,,,,,,,,1,1,8,1,1
200600005208,0006-01-24 20:00:00,6,1,24,20,0,30,283,,,,Nuit sans éclairage public,Hors agglomération,Hors intersection,Normale,Sans collision,,,,,,,,,,,3,1,1,1,7
200600005209,0006-01-07 22:00:00,6,1,7,22,0,30,275,,,,Nuit sans éclairage public,Hors agglomération,Hors intersection,Pluie légère,Autre collision,,,,,,,,,,,3,1,1,2,6
200600005210,0006-01-07 03:00:00,6,1,7,3,0,30,212,,46.327,2.501,Nuit sans éclairage public,Hors agglomération,Hors intersection,Pluie légère,Deux véhicules - côté,,,,,,,,,,,3,1,1,2,3
200600005211,0006-01-08 17:00:00,6,1,8,17,0,30,161,"Lieu-dit ""La Côte""",,,Plein jour,Hors agglomération,Hors intersection,Pluie légère,Sans collision,,,,,,,,,,,1,1,1,2,7
200600005212,0006-01-21 16:30:00,6,1,21,16,30,30,82,Avenue des Rémorêts,,,Plein jour,En agglomération,Hors intersection,Normale,Deux véhicules - côté,,,,,,,,,,,1,2,1,1,3
200600005213,0006-01-22 20:30:00,6,1,22,20,30,30,314,,46.27,2.63,Nuit sans éclairage public,Hors agglomération,Hors intersection,Normale,Sans collision,,,,,,,,,,,3,1,1,1,7
200600005214,0006-01-19 09:00:00,6,1,19,9,0,30,270,,46.337,2.977,Plein jour,Hors agglomération,Hors intersection,Brouillard / fumée,Trois véhicules et plus - collisions multiples,,,,,,,,,,,1,1,1,5,5
200600005215,0006-01-19 10:00:00,6,1,19,10,0,30,270,,46.37,3.024,Plein jour,Hors agglomération,Hors intersection,Brouillard / fumée,Deux véhicules - arrière,,,,,,,,,,,1,1,1,5,2
200600005216,0006-01-24 02:00:00,6,1,24,2,0,30,186,,46.331,2.931,Nuit sans éclairage public,Hors agglomération,Hors intersection,Normale,Autre collision,,,,,,,,,,,3,1,1,1,6
200600005217,0006-01-18 12:15:00,6,1,18,12,15,30,44,le bois randenais,46.092,3.385,Plein jour,En agglomération,Hors intersection,Pluie légère,Autre collision,,,,,,,,,,,1,2,1,2,6
200600005218,0006-01-21 01:00:00,6,1,21,1,0,30,44,,46.086,3.384,Nuit sans éclairage public,Hors agglomération,Hors intersection,Pluie légère,Autre collision,,,,,,,,,,,3,1,1,2,6
200600005219,0006-01-03 21:15:00,6,1,3,21,15,30,29,,46.227,3.434,Nuit sans éclairage public,Hors agglomération,Hors intersection,Normale,Sans collision,,,,,,,,,,,3,1,1,1,7
200600005220,0006-01-14 13:00:00,6,1,14,13,0,150,74,,,,Plein jour,Hors agglomération,Hors intersection,Normale,Trois véhicules et plus - collisions multiples,,,,,,,,,,,1,1,1,1,5
200600005221,0006-01-19 08:00:00,6,1,19,8,0,150,96,,,,Plein jour,Hors agglomération,Hors intersection,Temps couvert,Trois véhicules et plus - en chaîne,,,,,,,,,,,1,1,1,8,4
200600005222,0006-01-02 14:45:00,6,1,2,14,45,150,141,,,,Plein jour,Hors agglomération,Hors intersection,Normale,Deux véhicules - côté,,,,,,,,,,,1,1,1,1,3
200600005223,0006-01-01 02:45:00,6,1,1,2,45,430,77,,44.903,3.852,Nuit sans éclairage public,Hors agglomération,Hors intersection,Autre,Deux véhicules - frontale,,,,,,,,,,,3,1,1,9,1
200600005224,0006-01-14 12:00:00,6,1,14,12,0,430,111,Place du marché,44.848,3.832,Plein jour,En agglomération,Place,Temps couvert,Autre collision,,,,,,,,,,,1,2,7,8,6
200600005225,0006-01-08 16:00:00,6,1,8,16,0,430,190,NOUSTOULET,45.03,4.021,Plein jour,En agglomération,Hors intersection,Normale,Autre collision,,,,,,,,,,,1,2,1,1,6
200600005226,0006-01-11 19:00:00,6,1,11,19,0,430,25,,,,Nuit sans éclairage public,Hors agglomération,Hors intersection,Normale,Sans collision,,,,,,,,,,,3,1,1,1,7
200600005227,0006-01-19 18:15:00,6,1,19,18,15,430,268,97 avenue de la marne,,,Nuit avec éclairage allumé,En agglomération,Hors intersection,Normale,Trois véhicules et plus - en chaîne,,,,,,,,,,,5,2,1,1,4
200600005228,0006-01-14 13:55:00,6,1,14,13,55,430,87,LE MIRAIL,,,Plein jour,Hors agglomération,Hors intersection,Normale,Deux véhicules - frontale,,,,,,,,,,,1,1,1,1,1
200600005229,0006-01-22 05:30:00,6,1,22,5,30,430,199,PELINAC,,,Nuit sans éclairage public,Hors agglomération,Hors intersection,Neige / grêle,Autre collision,,,,,,,,,,,3,1,1,4,6
200600005230,0006-01-11 18:30:00,6,1,11,18,30,570,620,CD181A,,,Nuit sans éclairage public,Hors agglomération,Hors intersection,Pluie légère,Deux véhicules - côté,,,,,,,,,,,3,1,1,2,3
200600005231,0006-01-16 11:00:00,6,1,16,11,0,570,620,1 RUE JOLIOT CURIE,,,Plein jour,En agglomération,Hors intersection,Normale,Autre collision,,,,,,,,,,,1,2,1,1,6
200600005232,0006-01-26 11:35:00,6,1,26,11,35,570,620,a place de la République,,,Plein jour,En agglomération,Autre intersection,Neige / grêle,Autre collision,,,,,,,,,,,1,2,9,4,6
200600005233,0006-01-30 06:55:00,6,1,30,6,55,570,707,RD 11 PK 8+955,,,Crépuscule ou aube,Hors agglomération,Hors intersection,Normale,Sans collision,,,,,,,,,,,2,1,1,1,7
200600005234,0006-01-09 20:30:00,6,1,9,20,30,570,443,83 rue de la vallée,49.208,6.099,Nuit avec éclairage allumé,En agglomération,Hors intersection,Normale,Deux véhicules - côté,,,,,,,,,,,5,2,1,1,3
200600005235,0006-01-16 14:45:00,6,1,16,14,45,570,31,,,,Plein jour,Hors agglomération,Hors intersection,Normale,Deux véhicules - frontale,,,,,,,,,,,1,1,1,1,1
200600005236,0006-01-28 14:15:00,6,1,28,14,15,570,43,,,,Plein jour,Hors agglomération,Hors intersection,Normale,Deux véhicules - côté,,,,,,,,,,,1,1,1,1,3
200600005237,0006-01-07 21:00:00,6,1,7,21,0,570,159,,,,Nuit sans éclairage public,Hors agglomération,Hors intersection,Autre,Sans collision,,,,,,,,,,,3,1,1,9,7
200600005238,0006-01-14 18:30:00,6,1,14,18,30,570,559,route nationale,48.896,6.366,Nuit sans éclairage public,En agglomération,Hors intersection,Normale,Autre collision,,,,,,,,,,,3,2,1,1,6
200600005239,0006-01-14 22:15:00,6,1,14,22,15,570,558,,48.844,6.555,Nuit sans éclairage public,Hors agglomération,Hors intersection,Normale,Autre collision,,,,,,,,,,,3,1,1,1,6
200600005240,0006-01-26 08:15:00,6,1,26,8,15,570,126,,48.781,6.467,Crépuscule ou aube,Hors agglomération,Hors intersection,Neige / grêle,Autre collision,,,,,,,,,,,2,1,1,4,6
200600005241,0006-01-05 14:00:00,6,1,5,14,0,570,669,20 rue principale,49.129,6.895,Nuit sans éclairage public,En agglomération,Hors intersection,Autre,Autre collision,,,,,,,,,,,3,2,1,9,6
200600005242,0006-01-21 12:00:00,6,1,21,12,0,570,418,,48.849,6.849,Plein jour,Hors agglomération,Hors intersection,Normale,Deux véhicules - arrière,,,,,,,,,,,1,1,1,1,2
200600005243,0006-01-19 19:30:00,6,1,19,19,30,570,628,,,,Crépuscule ou aube,Hors agglomération,Hors intersection,Pluie légère,Sans collision,,,,,,,,,,,2,1,1,2,7
200600005244,0006-01-29 20:30:00,6,1,29,20,30,570,556,,,,Crépuscule ou aube,Hors agglomération,Hors intersection,Normale,Deux véhicules - arrière,,,,,,,,,,,2,1,1,1,2
200600005245,0006-01-08 11:00:00,6,1,8,11,0,570,255,,,,Plein jour,Hors agglomération,Hors intersection,Normale,Autre collision,,,,,,,,,,,1,1,1,1,6
200600005246,0006-01-19 07:15:00,6,1,19,7,15,570,407,,,,Crépuscule ou aube,Hors agglomération,Hors intersection,Brouillard / fumée,Autre collision,,,,,,,,,,,2,1,1,5,6
200600005247,0006-01-27 17:20:00,6,1,27,17,20,570,100,voie communale,,,Nuit sans éclairage public,Hors agglomération,Hors intersection,Neige / grêle,Autre collision,,,,,,,,,,,3,1,1,4,6