accident_id,datetime,annee,mois,jour,heure,minute,departement,commune_insee,adresse,latitude,longitude,luminosite,agglomeration,intersection,meteo,collision,nb_vehicules,nb_usagers,nb_indemnes,nb_tues,nb_blesses_hosp,nb_blesses_legers,age_cond_1,age_cond_2,veh_type_cond_1,veh_type_cond_2,lum_code,agg_code,int_code,atm_code,col_code
200600005248,0006-01-03 22:30:00,6,1,3,22,30,570,91,,,,Nuit sans éclairage public,Hors agglomération,Hors intersection,Normale,Deux véhicules - frontale,,,,,,,,,,,3,1,1,1,1
200600005249,0006-01-10 21:45:00,6,1,10,21,45,570,561,,48.984,7.241,Nuit sans éclairage public,Hors agglomération,Hors intersection,Neige / grêle,Sans collision,,,,,,,,,,,3,1,1,4,7
200600005250,0006-01-10 07:45:00,6,1,10,7,45,570,206,RN52,,,Crépuscule ou aube,En agglomération,Hors intersection,Brouillard / fumée,Deux véhicules - côté,,,,,,,,,,,2,2,1,5,3
200600005251,0006-01-15 01:30:00,6,1,15,1,30,570,269,,,,Nuit sans éclairage public,Hors agglomération,Hors intersection,Autre,Deux véhicules - frontale,,,,,,,,,,,3,1,1,9,1
200600005252,0006-01-17 18:15:00,6,1,17,18,15,570,370,,,,Nuit sans éclairage public,Hors agglomération,Hors intersection,Pluie légère,Sans collision,,,,,,,,,,,3,1,1,2,7
200600005253,0006-01-27 17:45:00,6,1,27,17,45,570,683,rue Jeanne d'Arc,,,Crépuscule ou aube,En agglomération,Hors intersection,Normale,Autre collision,,,,,,,,,,,2,2,1,1,6
200600005254,0006-01-19 14:30:00,6,1,19,14,30,540,315,CARREFOUR RD90/RD913,,,Plein jour,Hors agglomération,Intersection en X,Normale,Deux véhicules - côté,,,,,,,,,,,1,1,2,1,3
200600005255,0006-01-03 15:55:00,6,1,3,15,55,540,115,RD 400,48.699,6.088,Plein jour,Hors agglomération,Hors intersection,Autre,Deux véhicules - côté,,,,,,,,,,,1,1,1,9,3
200600005256,0006-01-10 16:45:00,6,1,10,16,45,540,397,rue du Général Thiry,,,Plein jour,En agglomération,Hors intersection,Normale,Autre collision,,,,,,,,,,,1,2,1,1,6
200600005257,0006-01-06 04:00:00,6,1,6,4,0,540,435,,,,Nuit sans éclairage public,Hors agglomération,Hors intersection,Normale,Deux véhicules - frontale,,,,,,,,,,,3,1,1,1,1
200600005258,0006-01-10 12:45:00,6,1,10,12,45,540,435,,,,Plein jour,Hors agglomération,Hors intersection,Brouillard / fumée,Deux véhicules - frontale,,,,,,,,,,,1,1,1,5,1
200600005259,0006-01-27 07:00:00,6,1,27,7,0,540,435,,,,Nuit sans éclairage public,Hors agglomération,Hors intersection,Temps couvert,Sans collision,,,,,,,,,,,3,1,1,8,7
200600005260,0006-01-03 16:00:00,6,1,3,16,0,540,109,,48.53,6.17,Plein jour,En agglomération,Hors intersection,Normale,Deux véhicules - frontale,,,,,,,,,,,1,2,1,1,1
200600005261,0006-01-07 12:15:00,6,1,7,12,15,540,563,14 RUE LEONARD BOURICER,,,Plein jour,En agglomération,Hors intersection,Temps couvert,Autre collision,,,,,,,,,,,1,2,1,8,6
200600005262,0006-01-08 14:30:00,6,1,8,14,30,540,266,,48.505,6.085,Plein jour,Hors agglomération,Hors intersection,Normale,Autre collision,,,,,,,,,,,1,1,1,1,6
200600005263,0006-01-26 08:45:00,6,1,26,8,45,540,221,,,,Plein jour,Hors agglomération,Hors intersection,Normale,Deux véhicules - frontale,,,,,,,,,,,1,1,1,1,1
200600005264,0006-01-26 07:00:00,6,1,26,7,0,540,156,,,,Plein jour,Hors agglomération,Hors intersection,Neige / grêle,Autre collision,,,,,,,,,,,1,1,1,4,6
200600005265,0006-01-25 19:00:00,6,1,25,19,0,540,112,,,,Nuit sans éclairage public,Hors agglomération,Intersection en X,Normale,Deux véhicules - côté,,,,,,,,,,,3,1,2,1,3
200600005266,0006-01-06 18:45:00,6,1,6,18,45,540,151,,,,Nuit avec éclairage allumé,En agglomération,Hors intersection,Autre,Autre collision,,,,,,,,,,,5,2,1,9,6
200600005267,0006-01-08 13:30:00,6,1,8,13,30,540,394,,,,Plein jour,Hors agglomération,Hors intersection,Normale,Autre collision,,,,,,,,,,,1,1,1,1,6
200600005268,0006-01-17 05:15:00,6,1,17,5,15,540,337,PK 7 sur la RN 24,,,Nuit sans éclairage public,Hors agglomération,Hors intersection,Pluie légère,Sans collision,,,,,,,,,,,3,1,1,2,7
200600005269,0006-01-01 04:30:00,6,1,1,4,30,540,392,,48.611,5.892,Nuit sans éclairage public,Hors agglomération,Hors intersection,Pluie légère,Autre collision,,,,,,,,,,,3,1,1,2,6
200600005270,0006-01-18 17:15:00,6,1,18,17,15,540,143,,,,Crépuscule ou aube,Hors agglomération,Hors intersection,Temps couvert,Deux véhicules - frontale,,,,,,,,,,,2,1,1,8,1
200600005271,0006-01-26 10:30:00,6,1,26,10,30,550,184,,,,Plein jour,Hors agglomération,Hors intersection,Neige / grêle,Autre collision,,,,,,,,,,,1,1,1,4,6
200600005272,0006-01-23 13:45:00,6,1,23,13,45,550,312,,48.938,5.528,Plein jour,Hors agglomération,Hors intersection,Normale,Deux véhicules - frontale,,,,,,,,,,,1,1,1,1,1
200600005273,0006-01-03 07:45:00,6,1,3,7,45,550,324,Carrefour D142 et D905,49.467,5.393,Crépuscule ou aube,Hors agglomération,Hors intersection,Brouillard / fumée,Autre collision,,,,,,,,,,,2,1,1,5,6
200600005274,0006-01-12 06:20:00,6,1,12,6,20,550,482,,,,Nuit sans éclairage public,Hors agglomération,Hors intersection,Brouillard / fumée,Deux véhicules - frontale,,,,,,,,,,,3,1,1,5,1
200600005275,0006-01-09 18:30:00,6,1,9,18,30,880,126,,,,Nuit sans éclairage public,Hors agglomération,Hors intersection,Brouillard / fumée,Autre collision,,,,,,,,,,,3,1,1,5,6
200600005276,0006-01-13 17:45:00,6,1,13,17,45,880,122,,,,Nuit sans éclairage public,Hors agglomération,Hors intersection,Normale,Deux véhicules - côté,,,,,,,,,,,3,1,1,1,3
200600005277,0006-01-13 21:30:00,6,1,13,21,30,880,237,,,,Nuit sans éclairage public,Hors agglomération,Hors intersection,Pluie légère,Sans collision,,,,,,,,,,,3,1,1,2,7
200600005278,0006-01-14 11:30:00,6,1,14,11,30,880,133,rue Saint Vincent,,,Plein jour,En agglomération,Hors intersection,Temps éblouissant,Deux véhicules - frontale,,,,,,,,,,,1,2,1,7,1
200600005279,0006-01-23 06:25:00,6,1,23,6,25,880,30,RD 165 --Pk 26.500,,,Nuit sans éclairage public,Hors agglomération,Hors intersection,Normale,Autre collision,,,,,,,,,,,3,1,1,1,6
200600005280,0006-01-11 13:30:00,6,1,11,13,30,880,262,RUE DE LA VOLOGNE,,,Plein jour,En agglomération,Hors intersection,Normale,Deux véhicules - arrière,,,,,,,,,,,1,2,1,1,2
200600005281,0006-01-20 18:00:00,6,1,20,18,0,880,173,,,,Nuit sans éclairage public,Hors agglomération,Hors intersection,Normale,Sans collision,,,,,,,,,,,3,1,1,1,7
200600005282,0006-01-04 14:45:00,6,1,4,14,45,880,124,,48.09,6.036,Plein jour,Hors agglomération,Intersection en Y,Normale,Deux véhicules - frontale,,,,,,,,,,,1,1,4,1,1
200600005283,0006-01-11 08:00:00,6,1,11,8,0,880,465,face au 5 rue des Fusi,48.254,6.42,Plein jour,En agglomération,Hors intersection,Temps couvert,Autre collision,,,,,,,,,,,1,2,1,8,6
200600005284,0006-01-24 15:00:00,6,1,24,15,0,880,465,,48.242,6.416,Plein jour,Hors agglomération,Hors intersection,Normale,Autre collision,,,,,,,,,,,1,1,1,1,6
200600005285,0006-01-01 03:30:00,6,1,1,3,30,880,229,"Lieu-dit ""LES ESSARTS""",,,Nuit sans éclairage public,Hors agglomération,Hors intersection,Neige / grêle,Autre collision,,,,,,,,,,,3,1,1,4,6
200600005286,0006-01-30 16:18:00,6,1,30,16,18,880,401,2 rue danvoé,48.312,5.78,Plein jour,En agglomération,Hors intersection,Normale,Autre collision,,,,,,,,,,,1,2,1,1,6
200600005287,0006-01-14 10:15:00,6,1,14,10,15,880,470,route du petit Tholy,48.089,6.751,Plein jour,En agglomération,Hors intersection,Normale,Deux véhicules - côté,,,,,,,,,,,1,2,1,1,3
200600005288,0006-01-16 07:30:00,6,1,16,7,30,880,75,,48.012,6.883,Nuit avec éclairage non allumé,Hors agglomération,Hors intersection,Normale,Autre collision,,,,,,,,,,,4,1,1,1,6
200600005289,0006-01-14 08:00:00,6,1,14,8,0,880,408,,47.917,6.684,Plein jour,Hors agglomération,Hors intersection,Normale,Deux véhicules - frontale,,,,,,,,,,,1,1,1,1,1
200600005290,0006-01-25 07:30:00,6,1,25,7,30,880,445,Rond point  CD58/RN415,,,Plein jour,En agglomération,Giratoire,Normale,Deux véhicules - côté,,,,,,,,,,,1,2,6,1,3
200600005291,0006-01-11 10:00:00,6,1,11,10,0,880,196,13 rue de la 3° DIA,,,Plein jour,En agglomération,Hors intersection,Temps éblouissant,Autre collision,,,,,,,,,,,1,2,1,7,6
200600005292,0006-01-22 13:00:00,6,1,22,13,0,880,319,RUE DES ENCLOS,48.38,6.9,Plein jour,En agglomération,Hors intersection,Normale,Deux véhicules - côté,,,,,,,,,,,1,2,1,1,3
200600005293,0006-01-06 08:15:00,6,1,6,8,15,670,28,rue du petit rempart,48.374,7.595,Plein jour,En agglomération,Hors intersection,Normale,Autre collision,,,,,,,,,,,1,2,1,1,6
200600005294,0006-01-20 16:30:00,6,1,20,16,30,670,137,rue du Général De Gaulle,48.494,7.695,Plein jour,En agglomération,Hors intersection,Normale,Deux véhicules - côté,,,,,,,,,,,1,2,1,1,3
200600005295,0006-01-06 18:45:00,6,1,6,18,45,670,87,13 RUE ST BERNARD,48.842,7.682,Nuit avec éclairage allumé,En agglomération,Autre intersection,Normale,Autre collision,,,,,,,,,,,5,2,9,1,6
200600005296,0006-01-22 12:30:00,6,1,22,12,30,670,331,,,,Plein jour,Hors agglomération,Hors intersection,Normale,Autre collision,,,,,,,,,,,1,1,1,1,6
200600005297,0006-01-03 15:30:00,6,1,3,15,30,670,101,rue mercure,48.529,7.496,Plein jour,En agglomération,Hors intersection,Normale,Deux véhicules - frontale,,,,,,,,,,,1,2,1,1,1
200600005298,0006-01-09 10:20:00,6,1,9,10,20,670,128,,48.575,7.568,Plein jour,Hors agglomération,Intersection en T,Temps couvert,Deux véhicules - côté,,,,,,,,,,,1,1,3,8,3
200600005299,0006-01-20 18:45:00,6,1,20,18,45,670,473,,48.574,7.492,Nuit sans éclairage public,Hors agglomération,Hors intersection,Normale,Deux véhicules - frontale,,,,,,,,,,,3,1,1,1,1
200600005300,0006-01-16 08:15:00,6,1,16,8,15,670,411,,48.49,7.46,Crépuscule ou aube,Hors agglomération,Hors intersection,Normale,Autre collision,,,,,,,,,,,2,1,1,1,6
200600005301,0006-01-02 18:45:00,6,1,2,18,45,670,306,,,,Nuit sans éclairage public,Hors agglomération,Hors intersection,Normale,Deux véhicules - frontale,,,,,,,,,,,3,1,1,1,1
200600005302,0006-01-10 13:30:00,6,1,10,13,30,670,377,RUE DU CHAMP DU MOTEY,48.421,7.14,Plein jour,En agglomération,Hors intersection,Normale,Sans collision,,,,,,,,,,,1,2,1,1,7
200600005303,0006-01-05 19:30:00,6,1,5,19,30,670,442,,48.596,7.483,Nuit sans éclairage public,Hors agglomération,Hors intersection,Neige / grêle,Autre collision,,,,,,,,,,,3,1,1,4,6
200600005304,0006-01-10 08:30:00,6,1,10,8,30,670,81,"RD 118, PK 12.200",,,Plein jour,Hors agglomération,Hors intersection,Neige / grêle,Sans collision,,,,,,,,,,,1,1,1,4,7
200600005305,0006-01-30 09:30:00,6,1,30,9,30,670,525,"CD 200, PR 1",,,Plein jour,Hors agglomération,Hors intersection,Temps couvert,Sans collision,,,,,,,,,,,1,1,1,8,7
200600005306,0006-01-23 17:00:00,6,1,23,17,0,670,437,Côte de SAVERNE,,,Plein jour,En agglomération,Intersection en X,Normale,Deux véhicules - frontale,,,,,,,,,,,1,2,2,1,1
200600005307,0006-01-03 13:45:00,6,1,3,13,45,670,434,"23, RUE DE PHALSBOURG",48.94,7.08,Plein jour,En agglomération,Hors intersection,Normale,Autre collision,,,,,,,,,,,1,2,1,1,6
200600005308,0006-01-17 15:00:00,6,1,17,15,0,670,381,,48.92,7.32,Plein jour,Hors agglomération,Hors intersection,Temps couvert,Sans collision,,,,,,,,,,,1,1,1,8,7
200600005309,0006-01-27 19:45:00,6,1,27,19,45,670,355,,,,Nuit sans éclairage public,Hors agglomération,Hors intersection,Temps couvert,Sans collision,,,,,,,,,,,3,1,1,8,7
200600005310,0006-01-28 19:30:00,6,1,28,19,30,670,234,,48.978,7.033,Nuit sans éclairage public,Hors agglomération,Hors intersection,Normale,Autre collision,,,,,,,,,,,3,1,1,1,6
200600005311,0006-01-11 18:30:00,6,1,11,18,30,670,67,Avenue de Strasbourg,48.733,7.711,Nuit avec éclairage allumé,En agglomération,Hors intersection,Normale,Autre collision,,,,,,,,,,,5,2,1,1,6
200600005312,0006-01-01 04:30:00,6,1,1,4,30,670,5,,,,Nuit sans éclairage public,Hors agglomération,Hors intersection,Pluie légère,Sans collision,,,,,,,,,,,3,1,1,2,7
200600005313,0006-01-05 13:45:00,6,1,5,13,45,670,150,route de Strasbourg,,,Plein jour,En agglomération,Hors intersection,Autre,Deux véhicules - arrière,,,,,,,,,,,1,2,1,9,2
200600005314,0006-01-07 13:15:00,6,1,7,13,15,670,150,,48.616,7.553,Plein jour,Hors agglomération,Hors intersection,Temps couvert,Deux véhicules - frontale,,,,,,,,,,,1,1,1,8,1
200600005315,0006-01-23 16:30:00,6,1,23,16,30,670,374,,48.66,7.659,Plein jour,Hors agglomération,Hors intersection,Normale,Deux véhicules - frontale,,,,,,,,,,,1,1,1,1,1
200600005316,0006-01-13 18:30:00,6,1,13,18,30,670,118,14 rue Jean Monnet,48.587,7.687,Nuit avec éclairage allumé,En agglomération,Hors intersection,Normale,Deux véhicules - arrière,,,,,,,,,,,5,2,1,1,2
200600005317,0006-01-27 13:15:00,6,1,27,13,15,670,350,,48.608,7.634,Plein jour,Hors agglomération,Hors intersection,Normale,Trois véhicules et plus - en chaîne,,,,,,,,,,,1,1,1,1,4
200600005318,0006-01-14 09:30:00,6,1,14,9,30,670,486,,48.275,7.644,Plein jour,Hors agglomération,Hors intersection,Brouillard / fumée,Autre collision,,,,,,,,,,,1,1,1,5,6
200600005319,0006-01-13 17:45:00,6,1,13,17,45,670,474,,48.943,7.882,Nuit avec éclairage allumé,En agglomération,Hors intersection,Normale,Deux véhicules - arrière,,,,,,,,,,,5,2,1,1,2
200600005320,0006-01-14 22:30:00,6,1,14,22,30,670,303,,48.901,7.746,Nuit sans éclairage public,Hors agglomération,Hors intersection,Normale,Autre collision,,,,,,,,,,,3,1,1,1,6
200600005321,0006-01-19 07:50:00,6,1,19,7,50,680,7,CD 12,,,Plein jour,Hors agglomération,Hors intersection,Brouillard / fumée,Deux véhicules - côté,,,,,,,,,,,1,1,1,5,3
200600005322,0006-01-17 10:15:00,6,1,17,10,15,680,97,,48.161,7.21,Plein jour,Hors agglomération,Hors intersection,Brouillard / fumée,Deux véhicules - frontale,,,,,,,,,,,1,1,1,5,1
200600005323,0006-01-22 17:15:00,6,1,22,17,15,680,227,,48.112,7.473,Crépuscule ou aube,Hors agglomération,Hors intersection,Temps couvert,Autre collision,,,,,,,,,,,2,1,1,8,6
200600005324,0006-01-13 13:30:00,6,1,13,13,30,680,162,RUE DES TILLEULS,48.15,7.25,Plein jour,En agglomération,Hors intersection,Autre,Deux véhicules - frontale,,,,,,,,,,,1,2,1,9,1
200600005325,0006-01-29 02:30:00,6,1,29,2,30,680,252,,48.17,7.36,Nuit sans éclairage public,Hors agglomération,Hors intersection,Normale,Autre collision,,,,,,,,,,,3,1,1,1,6
200600005326,0006-01-03 18:00:00,6,1,3,18,0,680,374,rue Clémenceau,48.075,7.297,Nuit avec éclairage allumé,En agglomération,Hors intersection,Normale,Autre collision,,,,,,,,,,,5,2,1,1,6
200600005327,0006-01-03 17:00:00,6,1,3,17,0,680,305,,47.553,7.178,Plein jour,Hors agglomération,Hors intersection,Normale,Deux véhicules - frontale,,,,,,,,,,,1,1,1,1,1
200600005328,0006-01-20 12:45:00,6,1,20,12,45,680,87,Rue de BISEL,47.541,7.264,Plein jour,En agglomération,Giratoire,Normale,Deux véhicules - arrière,,,,,,,,,,,1,2,6,1,2
200600005329,0006-01-21 21:15:00,6,1,21,21,15,680,90,,47.501,7.321,Nuit sans éclairage public,Hors agglomération,Hors intersection,Autre,Sans collision,,,,,,,,,,,3,1,1,9,7
200600005330,0006-01-30 10:15:00,6,1,30,10,15,680,306,,47.538,7.19,Plein jour,Hors agglomération,Hors intersection,Temps couvert,Sans collision,,,,,,,,,,,1,1,1,8,7
200600005331,0006-01-13 15:15:00,6,1,13,15,15,680,235,,47.994,7.393,Plein jour,Hors agglomération,Intersection en T,Normale,Deux véhicules - côté,,,,,,,,,,,1,1,3,1,3
200600005332,0006-01-30 16:00:00,6,1,30,16,0,680,82,RUE 1 ERE ARMEE,47.869,7.351,Plein jour,En agglomération,Intersection en T,Normale,Deux véhicules - côté,,,,,,,,,,,1,2,3,1,3
200600005333,0006-01-29 05:15:00,6,1,29,5,15,680,300,AV DU GAL  DE  GAULLE,47.78,7.39,Nuit avec éclairage allumé,En agglomération,Hors intersection,Normale,Deux véhicules - frontale,,,,,,,,,,,5,2,1,1,1
200600005334,0006-01-17 10:00:00,6,1,17,10,0,680,129,RN 466,47.73,7.202,Plein jour,Hors agglomération,Hors intersection,Pluie légère,Sans collision,,,,,,,,,,,1,1,1,2,7
200600005335,0006-01-29 00:15:00,6,1,29,0,15,680,267,RD 20,47.762,7.191,Nuit sans éclairage public,Hors agglomération,Hors intersection,Normale,Sans collision,,,,,,,,,,,3,1,1,1,7
200600005336,0006-01-16 09:15:00,6,1,16,9,15,680,135,,,,Plein jour,Hors agglomération,Hors intersection,Normale,Deux véhicules - arrière,,,,,,,,,,,1,1,1,1,2
200600005337,0006-01-17 10:00:00,6,1,17,10,0,680,61,RUE DE HESINGUE,47.562,7.507,Plein jour,En agglomération,Hors intersection,Autre,Sans collision,,,,,,,,,,,1,2,1,9,7
200600005338,0006-01-28 11:15:00,6,1,28,11,15,680,263,CD 419,47.591,7.456,Plein jour,Hors agglomération,Hors intersection,Normale,Sans collision,,,,,,,,,,,1,1,1,1,7
200600005339,0006-01-29 07:00:00,6,1,29,7,0,680,135,,47.58,7.479,Crépuscule ou aube,Hors agglomération,Hors intersection,Temps couvert,Autre collision,,,,,,,,,,,2,1,1,8,6
200600005340,0006-01-11 19:00:00,6,1,11,19,0,680,72,,,,Nuit sans éclairage public,Hors agglomération,Hors intersection,Normale,Autre collision,,,,,,,,,,,3,1,1,1,6
200600005341,0006-01-15 00:05:00,6,1,15,0,5,680,132,14 rue Principale,,,Nuit avec éclairage allumé,En agglomération,Hors intersection,Autre,Deux véhicules - frontale,,,,,,,,,,,5,2,1,9,1
200600005342,0006-01-05 07:50:00,6,1,5,7,50,680,372,1 rue Joffre,47.847,7.075,Crépuscule ou aube,En agglomération,Hors intersection,Normale,Autre collision,,,,,,,,,,,2,2,1,1,6
200600005343,0006-01-16 07:45:00,6,1,16,7,45,510,146,,48.885,4.208,Plein jour,Hors agglomération,Hors intersection,Autre,Deux véhicules - frontale,,,,,,,,,,,1,1,1,9,1
200600005344,0006-01-08 19:30:00,6,1,8,19,30,510,78,,49.079,4.347,Nuit sans éclairage public,Hors agglomération,Hors intersection,Normale,Sans collision,,,,,,,,,,,3,1,1,1,7
200600005345,0006-01-20 16:00:00,6,1,20,16,0,510,205,,,,Plein jour,Hors agglomération,Hors intersection,Normale,Autre collision,,,,,,,,,,,1,1,1,1,6
200600005346,0006-01-30 09:15:00,6,1,30,9,15,510,559,rue Buirette Gaulard,49.134,4.534,Plein jour,En agglomération,Intersection en T,Normale,Deux véhicules - côté,,,,,,,,,,,1,2,3,1,3
200600005347,0006-01-28 14:15:00,6,1,28,14,15,510,153,,49.033,4.006,Plein jour,Hors agglomération,Hors intersection,Normale,Deux véhicules - côté,,,,,,,,,,,1,1,1,1,3
200600005348,0006-01-05 19:30:00,6,1,5,19,30,510,165,,48.738,3.925,Nuit sans éclairage public,Hors agglomération,Hors intersection,Normale,Autre collision,,,,,,,,,,,3,1,1,1,6
200600005349,0006-01-08 17:45:00,6,1,8,17,45,510,248,RN4 - PK 42+300,,,Nuit sans éclairage public,Hors agglomération,Hors intersection,Normale,Sans collision,,,,,,,,,,,3,1,1,1,7
200600005350,0006-01-04 11:00:00,6,1,4,11,0,510,345,,48.964,3.749,Plein jour,Hors agglomération,Hors intersection,Brouillard / fumée,Deux véhicules - arrière,,,,,,,,,,,1,1,1,5,2
200600005351,0006-01-17 11:30:00,6,1,17,11,30,510,264,,48.826,3.584,Plein jour,Hors agglomération,Hors intersection,Pluie légère,Deux véhicules - frontale,,,,,,,,,,,1,1,1,2,1
200600005352,0006-01-22 09:00:00,6,1,22,9,0,510,264,,48.813,3.624,Plein jour,Hors agglomération,Hors intersection,Neige / grêle,Sans collision,,,,,,,,,,,1,1,1,4,7
200600005353,0006-01-14 10:45:00,6,1,14,10,45,510,343,9 rue de SEZANNE,,,Plein jour,Hors agglomération,Hors intersection,Normale,Deux véhicules - côté,,,,,,,,,,,1,1,1,1,3
200600005354,0006-01-31 17:45:00,6,1,31,17,45,510,625,,48.77,3.448,Crépuscule ou aube,Hors agglomération,Hors intersection,Normale,Sans collision,,,,,,,,,,,2,1,1,1,7
200600005355,0006-01-03 20:00:00,6,1,3,20,0,510,250,FAUBOURG DE REIMS,49.314,3.679,Nuit avec éclairage allumé,En agglomération,Hors intersection,Brouillard / fumée,Deux véhicules - côté,,,,,,,,,,,5,2,1,5,3
200600005356,0006-01-19 09:30:00,6,1,19,9,30,510,250,,49.315,3.644,Plein jour,Hors agglomération,Hors intersection,Pluie légère,Trois véhicules et plus - collisions multiples,,,,,,,,,,,1,1,1,2,5
200600005357,0006-01-27 08:30:00,6,1,27,8,30,510,310,RD 980 PK 27 +270,,,Plein jour,Hors agglomération,Hors intersection,Autre,Deux véhicules - frontale,,,,,,,,,,,1,1,1,9,1
200600005358,0006-01-28 05:30:00,6,1,28,5,30,510,532,,49.158,4.014,Nuit sans éclairage public,Hors agglomération,Autre intersection,Autre,Autre collision,,,,,,,,,,,3,1,9,9,6
200600005359,0006-01-05 16:00:00,6,1,5,16,0,510,210,,,,Plein jour,Hors agglomération,Hors intersection,Normale,Autre collision,,,,,,,,,,,1,1,1,1,6
200600005360,0006-01-23 18:40:00,6,1,23,18,40,510,210,avenue du Léon,,,Nuit avec éclairage allumé,En agglomération,Hors intersection,Normale,Autre collision,,,,,,,,,,,5,2,1,1,6
200600005361,0006-01-24 21:50:00,6,1,24,21,50,510,347,Route d'ay,,,Nuit avec éclairage allumé,En agglomération,Hors intersection,Normale,Deux véhicules - frontale,,,,,,,,,,,5,2,1,1,1
200600005362,0006-01-05 16:15:00,6,1,5,16,15,510,52,,49.274,4.131,Plein jour,Hors agglomération,Hors intersection,Temps couvert,Deux véhicules - frontale,,,,,,,,,,,1,1,1,8,1
200600005363,0006-01-24 15:00:00,6,1,24,15,0,510,472,,48.834,4.605,Plein jour,Hors agglomération,Hors intersection,Normale,Sans collision,,,,,,,,,,,1,1,1,1,7
200600005364,0006-01-07 23:45:00,6,1,7,23,45,510,531,RUE LOMBARD,48.789,4.914,Nuit avec éclairage allumé,En agglomération,Hors intersection,Normale,Autre collision,,,,,,,,,,,5,2,1,1,6
200600005365,0006-01-11 14:00:00,6,1,11,14,0,510,547,,,,Plein jour,Hors agglomération,Hors intersection,Brouillard / fumée,Sans collision,,,,,,,,,,,1,1,1,5,7
200600005366,0006-01-09 19:00:00,6,1,9,19,0,80,328,RUE JEAN JAURES,49.817,4.745,Nuit avec éclairage allumé,En agglomération,Hors intersection,Pluie légère,Autre collision,,,,,,,,,,,5,2,1,2,6
200600005367,0006-01-17 18:15:00,6,1,17,18,15,80,218,Rue de l'Industrie,,,Nuit avec éclairage allumé,En agglomération,Hors intersection,Pluie légère,Sans collision,,,,,,,,,,,5,2,1,2,7
200600005368,0006-01-18 18:00:00,6,1,18,18,0,80,185,rue du chemin de fer,,,Nuit avec éclairage allumé,En agglomération,Hors intersection,Normale,Autre collision,,,,,,,,,,,5,2,1,1,6
200600005369,0006-01-09 18:00:00,6,1,9,18,0,80,486,Avenue Roger Posty,50.092,4.725,Nuit avec éclairage allumé,En agglomération,Hors intersection,Normale,Sans collision,,,,,,,,,,,5,2,1,1,7
200600005370,0006-01-05 17:30:00,6,1,5,17,30,80,311,rue moulin lavigne,49.611,5.077,Nuit avec éclairage allumé,En agglomération,Hors intersection,Pluie légère,Autre collision,,,,,,,,,,,5,2,1,2,6
200600005371,0006-01-15 03:15:00,6,1,15,3,15,80,159,,49.623,5.132,Nuit sans éclairage public,Hors agglomération,Hors intersection,Autre,Sans collision,,,,,,,,,,,3,1,1,9,7
200600005372,0006-01-03 07:30:00,6,1,3,7,30,100,67,,48.234,4.129,Nuit avec éclairage allumé,Hors agglomération,Intersection en X,Normale,Deux véhicules - côté,,,,,,,,,,,5,1,2,1,3
200600005373,0006-01-11 07:30:00,6,1,11,7,30,100,417,grande rue,,,Crépuscule ou aube,En agglomération,Hors intersection,Autre,Deux véhicules - côté,,,,,,,,,,,2,2,1,9,3
200600005374,0006-01-03 09:30:00,6,1,3,9,30,100,209,,48.265,4.247,Plein jour,Hors agglomération,Intersection en T,Normale,Deux véhicules - côté,,,,,,,,,,,1,1,3,1,3
200600005375,0006-01-15 09:30:00,6,1,15,9,30,100,55,,48.134,4.342,Plein jour,Hors agglomération,Hors intersection,Autre,Sans collision,,,,,,,,,,,1,1,1,9,7
200600005376,0006-01-28 19:00:00,6,1,28,19,0,100,187,,,,Nuit sans éclairage public,Hors agglomération,Hors intersection,Autre,Sans collision,,,,,,,,,,,3,1,1,9,7
200600005377,0006-01-02 05:30:00,6,1,2,5,30,100,225,,,,Nuit sans éclairage public,Hors agglomération,Hors intersection,Normale,Sans collision,,,,,,,,,,,3,1,1,1,7
200600005378,0006-01-08 12:15:00,6,1,8,12,15,100,268,,,,Plein jour,Hors agglomération,Hors intersection,Normale,Trois véhicules et plus - collisions multiples,,,,,,,,,,,1,1,1,1,5
200600005379,0006-01-08 16:00:00,6,1,8,16,0,100,298,RN19,,,Plein jour,En agglomération,Hors intersection,Normale,Deux véhicules - frontale,,,,,,,,,,,1,2,1,1,1
200600005380,0006-01-12 08:00:00,6,1,12,8,0,100,323,paul vaillant couturier,48.521,3.722,Plein jour,En agglomération,Hors intersection,Normale,Deux véhicules - frontale,,,,,,,,,,,1,2,1,1,1
200600005381,0006-01-26 17:45:00,6,1,26,17,45,100,368,,48.405,3.943,Nuit sans éclairage public,Hors agglomération,Hors intersection,Neige / grêle,Deux véhicules - frontale,,,,,,,,,,,3,1,1,4,1
200600005382,0006-01-27 12:00:00,6,1,27,12,0,520,17,,,,Plein jour,Hors agglomération,Hors intersection,Normale,Deux véhicules - frontale,,,,,,,,,,,1,1,1,1,1
200600005383,0006-01-15 02:00:00,6,1,15,2,0,520,225,CD148,,,Nuit sans éclairage public,Hors agglomération,Hors intersection,Autre,Autre collision,,,,,,,,,,,3,1,1,9,6