accident_id,datetime,annee,mois,jour,heure,minute,departement,commune_insee,adresse,latitude,longitude,luminosite,agglomeration,intersection,meteo,collision,nb_vehicules,nb_usagers,nb_indemnes,nb_tues,nb_blesses_hosp,nb_blesses_legers,age_cond_1,age_cond_2,veh_type_cond_1,veh_type_cond_2,lum_code,agg_code,int_code,atm_code,col_code
200600005384,0006-01-15 05:30:00,6,1,15,5,30,520,243,CD74,,,Nuit sans éclairage public,Hors agglomération,Hors intersection,Autre,Autre collision,,,,,,,,,,,3,1,1,9,6
200600005385,0006-01-16 14:15:00,6,1,16,14,15,520,548,CD 167 A,48.246,5.12,Plein jour,En agglomération,Hors intersection,Normale,Deux véhicules - côté,,,,,,,,,,,1,2,1,1,3
200600005386,0006-01-07 17:00:00,6,1,7,17,0,520,36,,,,Plein jour,Hors agglomération,Hors intersection,Autre,Autre collision,,,,,,,,,,,1,1,1,9,6
200600005387,0006-01-14 17:45:00,6,1,14,17,45,520,163,,,,Nuit sans éclairage public,Hors agglomération,Hors intersection,Normale,Sans collision,,,,,,,,,,,3,1,1,1,7
200600005388,0006-01-14 21:45:00,6,1,14,21,45,520,116,,47.85,5.447,Nuit sans éclairage public,Hors agglomération,Hors intersection,Normale,Sans collision,,,,,,,,,,,3,1,1,1,7
200600005389,0006-01-12 17:00:00,6,1,12,17,0,520,235,RN 4,,,Crépuscule ou aube,Hors agglomération,Hors intersection,Normale,Trois véhicules et plus - collisions multiples,,,,,,,,,,,2,1,1,1,5
200600005390,0006-01-10 08:00:00,6,1,10,8,0,520,250,rue de Verdun,48.446,5.138,Plein jour,En agglomération,Hors intersection,Normale,Autre collision,,,,,,,,,,,1,2,1,1,6
200600005391,0006-01-17 13:30:00,6,1,17,13,30,210,38,2 route de Moissey,47.198,5.395,Plein jour,En agglomération,Hors intersection,Pluie forte,Autre collision,,,,,,,,,,,1,2,1,3,6
200600005392,0006-01-21 16:45:00,6,1,21,16,45,210,353,RUE DU MOULIN,47.197,5.153,Plein jour,En agglomération,Hors intersection,Normale,Autre collision,,,,,,,,,,,1,2,1,1,6
200600005393,0006-01-28 11:30:00,6,1,28,11,30,210,263,CARREFOUR D108/D996,,,Plein jour,Hors agglomération,Hors intersection,Normale,Deux véhicules - côté,,,,,,,,,,,1,1,1,1,3
200600005394,0006-01-06 00:01:00,6,1,6,0,1,210,369,CD70,,,Nuit sans éclairage public,Hors agglomération,Hors intersection,Neige / grêle,Sans collision,,,,,,,,,,,3,1,1,4,7
200600005395,0006-01-28 18:00:00,6,1,28,18,0,210,369,CD70 / PK 49+450,,,Nuit sans éclairage public,Hors agglomération,Hors intersection,Neige / grêle,Deux véhicules - côté,,,,,,,,,,,3,1,1,4,3
200600005396,0006-01-08 11:30:00,6,1,8,11,30,210,485,Rue de Dijon,,,Plein jour,En agglomération,Hors intersection,Normale,Deux véhicules - frontale,,,,,,,,,,,1,2,1,1,1
200600005397,0006-01-06 18:45:00,6,1,6,18,45,210,606,Route Nationale 74,47.072,4.871,Nuit sans éclairage public,Hors agglomération,Hors intersection,Temps couvert,Deux véhicules - côté,,,,,,,,,,,3,1,1,8,3
200600005398,0006-01-21 07:20:00,6,1,21,7,20,210,347,CD 970,46.993,4.875,Nuit sans éclairage public,Hors agglomération,Hors intersection,Normale,Deux véhicules - arrière,,,,,,,,,,,3,1,1,1,2
200600005399,0006-01-25 16:45:00,6,1,25,16,45,210,88,RD 116,47.143,4.976,Plein jour,Hors agglomération,Hors intersection,Normale,Autre collision,,,,,,,,,,,1,1,1,1,6
200600005400,0006-01-21 19:30:00,6,1,21,19,30,210,607,rue des lombards,47.005,5.149,Nuit avec éclairage allumé,En agglomération,Hors intersection,Normale,Deux véhicules - frontale,,,,,,,,,,,5,2,1,1,1
200600005401,0006-01-31 03:45:00,6,1,31,3,45,210,154,Rue Jean Philippe RAMEAU,47.863,4.559,Nuit avec éclairage allumé,En agglomération,Hors intersection,Normale,Autre collision,,,,,,,,,,,5,2,1,1,6
200600005402,0006-01-22 05:15:00,6,1,22,5,15,210,505,,47.387,4.295,Nuit sans éclairage public,Hors agglomération,Hors intersection,Normale,Autre collision,,,,,,,,,,,3,1,1,1,6
200600005403,0006-01-07 13:30:00,6,1,7,13,30,580,245,,,,Plein jour,Hors agglomération,Hors intersection,Normale,Deux véhicules - côté,,,,,,,,,,,1,1,1,1,3
200600005404,0006-01-31 13:00:00,6,1,31,13,0,580,46,,,,Plein jour,Hors agglomération,Hors intersection,Neige / grêle,Deux véhicules - frontale,,,,,,,,,,,1,1,1,4,1
200600005405,0006-01-31 16:45:00,6,1,31,16,45,580,117,Rue Gambetta,,,Plein jour,En agglomération,Hors intersection,Normale,Autre collision,,,,,,,,,,,1,2,1,1,6
200600005406,0006-01-12 16:45:00,6,1,12,16,45,580,6,,,,Plein jour,Hors agglomération,Hors intersection,Normale,Deux véhicules - côté,,,,,,,,,,,1,1,1,1,3
200600005407,0006-01-02 06:30:00,6,1,2,6,30,580,152,Piont des Pelles,,,Nuit sans éclairage public,Hors agglomération,Hors intersection,Pluie légère,Autre collision,,,,,,,,,,,3,1,1,2,6
200600005408,0006-01-15 03:30:00,6,1,15,3,30,580,104,,46.731,3.374,Nuit sans éclairage public,Hors agglomération,Hors intersection,Autre,Sans collision,,,,,,,,,,,3,1,1,9,7
200600005409,0006-01-24 17:25:00,6,1,24,17,25,580,178,,46.949,3.665,Plein jour,Hors agglomération,Hors intersection,Normale,Deux véhicules - côté,,,,,,,,,,,1,1,1,1,3
200600005410,0006-01-12 07:30:00,6,1,12,7,30,580,74,,46.86,3.908,Nuit sans éclairage public,Hors agglomération,Hors intersection,Normale,Sans collision,,,,,,,,,,,3,1,1,1,7
200600005411,0006-01-27 06:45:00,6,1,27,6,45,580,282,"Lieu-dit ""La Forêt"", rue",47.486,3.522,Nuit avec éclairage allumé,En agglomération,Hors intersection,Neige / grêle,Autre collision,,,,,,,,,,,5,2,1,4,6
200600005412,0006-01-05 20:55:00,6,1,5,20,55,580,261,LE GUE BOTRON,,,Nuit sans éclairage public,En agglomération,Hors intersection,Normale,Autre collision,,,,,,,,,,,3,2,1,1,6
200600005413,0006-01-17 17:15:00,6,1,17,17,15,580,227,,47.549,3.108,Nuit sans éclairage public,Hors agglomération,Hors intersection,Pluie légère,Sans collision,,,,,,,,,,,3,1,1,2,7
200600005414,0006-01-06 17:00:00,6,1,6,17,0,710,181,,46.461,4.724,Crépuscule ou aube,Hors agglomération,Hors intersection,Neige / grêle,Sans collision,,,,,,,,,,,2,1,1,4,7
200600005415,0006-01-11 12:45:00,6,1,11,12,45,710,73,,,,Plein jour,Hors agglomération,Hors intersection,Brouillard / fumée,Deux véhicules - côté,,,,,,,,,,,1,1,1,5,3
200600005416,0006-01-17 18:45:00,6,1,17,18,45,710,202,,,,Nuit sans éclairage public,Hors agglomération,Hors intersection,Pluie légère,Trois véhicules et plus - collisions multiples,,,,,,,,,,,3,1,1,2,5
200600005417,0006-01-04 18:30:00,6,1,4,18,30,710,70,rue de la gare,,,Nuit avec éclairage allumé,En agglomération,Intersection en T,Normale,Deux véhicules - côté,,,,,,,,,,,5,2,3,1,3
200600005418,0006-01-16 18:30:00,6,1,16,18,30,710,277,....,,,Nuit sans éclairage public,Hors agglomération,Hors intersection,Normale,Deux véhicules - frontale,,,,,,,,,,,3,1,1,1,1
200600005419,0006-01-19 18:00:00,6,1,19,18,0,710,333,,,,Nuit sans éclairage public,Hors agglomération,Hors intersection,Brouillard / fumée,Deux véhicules - frontale,,,,,,,,,,,3,1,1,5,1
200600005420,0006-01-21 18:00:00,6,1,21,18,0,710,117,rue de vertembeau,,,Nuit avec éclairage allumé,En agglomération,Hors intersection,Normale,Deux véhicules - frontale,,,,,,,,,,,5,2,1,1,1
200600005421,0006-01-09 17:00:00,6,1,9,17,0,710,443,,46.964,4.905,Plein jour,Hors agglomération,Hors intersection,Normale,Deux véhicules - côté,,,,,,,,,,,1,1,1,1,3
200600005422,0006-01-27 19:30:00,6,1,27,19,30,710,86,,46.411,4.253,Nuit sans éclairage public,Hors agglomération,Hors intersection,Neige / grêle,Autre collision,,,,,,,,,,,3,1,1,4,6
200600005423,0006-01-20 08:00:00,6,1,20,8,0,710,120,route de Charlieu,,,Plein jour,En agglomération,Hors intersection,Normale,Trois véhicules et plus - collisions multiples,,,,,,,,,,,1,2,1,1,5
200600005424,0006-01-22 11:30:00,6,1,22,11,30,710,176,Rue Victor Hugo,,,Plein jour,En agglomération,Hors intersection,Normale,Deux véhicules - frontale,,,,,,,,,,,1,2,1,1,1
200600005425,0006-01-10 14:30:00,6,1,10,14,30,710,590,,46.492,4.196,Plein jour,Hors agglomération,Hors intersection,Normale,Trois véhicules et plus - collisions multiples,,,,,,,,,,,1,1,1,1,5
200600005426,0006-01-12 07:40:00,6,1,12,7,40,710,342,RUE DE LA Poste,,,Crépuscule ou aube,En agglomération,Hors intersection,Autre,Autre collision,,,,,,,,,,,2,2,1,9,6
200600005427,0006-01-22 09:00:00,6,1,22,9,0,710,132,CD 60,,,Plein jour,En agglomération,Hors intersection,Normale,Sans collision,,,,,,,,,,,1,2,1,1,7
200600005428,0006-01-02 15:45:00,6,1,2,15,45,710,56,,,,Plein jour,Hors agglomération,Hors intersection,Normale,Deux véhicules - côté,,,,,,,,,,,1,1,1,1,3
200600005429,0006-01-22 07:45:00,6,1,22,7,45,710,484,Le Montceau,,,Crépuscule ou aube,Hors agglomération,Hors intersection,Normale,Deux véhicules - frontale,,,,,,,,,,,2,1,1,1,1
200600005430,0006-01-12 07:30:00,6,1,12,7,30,710,386,RD160,,,Nuit sans éclairage public,Hors agglomération,Hors intersection,Autre,Deux véhicules - frontale,,,,,,,,,,,3,1,1,9,1
200600005431,0006-01-10 07:45:00,6,1,10,7,45,890,438,,,,Crépuscule ou aube,Hors agglomération,Hors intersection,Autre,Deux véhicules - côté,,,,,,,,,,,2,1,1,9,3
200600005432,0006-01-11 08:00:00,6,1,11,8,0,890,276,,48.055,3.782,Crépuscule ou aube,Hors agglomération,Hors intersection,Autre,Autre collision,,,,,,,,,,,2,1,1,9,6
200600005433,0006-01-31 17:45:00,6,1,31,17,45,890,439,,47.934,3.662,Crépuscule ou aube,Hors agglomération,Hors intersection,Normale,Deux véhicules - côté,,,,,,,,,,,2,1,1,1,3
200600005434,0006-01-16 19:00:00,6,1,16,19,0,890,400,CD 73 - Grande Rue,,,Nuit avec éclairage allumé,En agglomération,Place,Pluie légère,Deux véhicules - frontale,,,,,,,,,,,5,2,7,2,1
200600005435,0006-01-11 16:15:00,6,1,11,16,15,890,333,rue du 8 août 1945,47.487,4.061,Plein jour,En agglomération,Hors intersection,Normale,Autre collision,,,,,,,,,,,1,2,1,1,6
200600005436,0006-01-10 07:50:00,6,1,10,7,50,890,3,CD 14,,,Nuit sans éclairage public,Hors agglomération,Hors intersection,Brouillard / fumée,Deux véhicules - frontale,,,,,,,,,,,3,1,1,5,1
200600005437,0006-01-13 07:20:00,6,1,13,7,20,890,304,route d'Auxerre à Bleury,,,Nuit sans éclairage public,Hors agglomération,Hors intersection,Brouillard / fumée,Deux véhicules - frontale,,,,,,,,,,,3,1,1,5,1
200600005438,0006-01-16 12:30:00,6,1,16,12,30,890,138,Lieu-dit Les Millets,,,Plein jour,Hors agglomération,Hors intersection,Normale,Sans collision,,,,,,,,,,,1,1,1,1,7
200600005439,0006-01-20 23:15:00,6,1,20,23,15,890,163,CD 3,,,Nuit avec éclairage non allumé,Hors agglomération,Hors intersection,Normale,Sans collision,,,,,,,,,,,4,1,1,1,7
200600005440,0006-01-22 04:00:00,6,1,22,4,0,890,138,,,,Nuit sans éclairage public,Hors agglomération,Hors intersection,Brouillard / fumée,Autre collision,,,,,,,,,,,3,1,1,5,6
200600005441,0006-01-20 18:15:00,6,1,20,18,15,890,461,Rue Bréard,,,Nuit avec éclairage allumé,En agglomération,Hors intersection,Pluie forte,Autre collision,,,,,,,,,,,5,2,1,3,6
200600005442,0006-01-28 22:30:00,6,1,28,22,30,890,239,,48.155,3.347,Nuit sans éclairage public,Hors agglomération,Hors intersection,Neige / grêle,Autre collision,,,,,,,,,,,3,1,1,4,6
200600005443,0006-01-24 14:45:00,6,1,24,14,45,890,255,,,,Plein jour,Hors agglomération,Hors intersection,Normale,Deux véhicules - côté,,,,,,,,,,,1,1,1,1,3
200600005444,0006-01-14 11:45:00,6,1,14,11,45,890,126,,48.134,3.119,Plein jour,Hors agglomération,Hors intersection,Normale,Sans collision,,,,,,,,,,,1,1,1,1,7
200600005445,0006-01-28 17:55:00,6,1,28,17,55,890,442,carrefour CD 193 et RN60,,,Nuit sans éclairage public,En agglomération,Hors intersection,Autre,Deux véhicules - frontale,,,,,,,,,,,3,2,1,9,1
200600005446,0006-01-24 08:30:00,6,1,24,8,30,890,298,LES BESNARDS,,,Plein jour,Hors agglomération,Hors intersection,Normale,Autre collision,,,,,,,,,,,1,1,1,1,6
200600005447,0006-01-27 08:45:00,6,1,27,8,45,890,14,route de St Florentin,,,Plein jour,En agglomération,Hors intersection,Normale,Autre collision,,,,,,,,,,,1,2,1,1,6
200600005448,0006-01-11 07:30:00,6,1,11,7,30,890,321,route de chatillon,,,Crépuscule ou aube,En agglomération,Hors intersection,Normale,Autre collision,,,,,,,,,,,2,2,1,1,6
200600005449,0006-01-15 14:15:00,6,1,15,14,15,890,418,11 rue du pont,,,Plein jour,En agglomération,Hors intersection,Normale,Trois véhicules et plus - en chaîne,,,,,,,,,,,1,2,1,1,4
200600005450,0006-01-19 09:30:00,6,1,19,9,30,890,168,"PK 34 + 400, CD 965",,,Plein jour,Hors agglomération,Hors intersection,Brouillard / fumée,Trois véhicules et plus - collisions multiples,,,,,,,,,,,1,1,1,5,5
200600005451,0006-01-21 22:00:00,6,1,21,22,0,890,418,,,,Nuit sans éclairage public,Hors agglomération,Hors intersection,Normale,Sans collision,,,,,,,,,,,3,1,1,1,7
200600005452,0006-01-24 08:30:00,6,1,24,8,30,250,395,,47.241,6.105,Plein jour,Hors agglomération,Hors intersection,Temps couvert,Deux véhicules - frontale,,,,,,,,,,,1,1,1,8,1
200600005453,0006-01-24 12:05:00,6,1,24,12,5,250,527,rue de la gare,,,Plein jour,Hors agglomération,Giratoire,Normale,Autre collision,,,,,,,,,,,1,1,6,1,6
200600005454,0006-01-25 14:30:00,6,1,25,14,30,250,103,,,,Plein jour,Hors agglomération,Giratoire,Normale,Deux véhicules - arrière,,,,,,,,,,,1,1,6,1,2
200600005455,0006-01-10 11:30:00,6,1,10,11,30,250,356,rue du général de Gaulle,,,Plein jour,En agglomération,Hors intersection,Normale,Autre collision,,,,,,,,,,,1,2,1,1,6
200600005456,0006-01-24 07:30:00,6,1,24,7,30,250,148,,47.12,6.696,Crépuscule ou aube,Hors agglomération,Hors intersection,Normale,Deux véhicules - frontale,,,,,,,,,,,2,1,1,1,1
200600005457,0006-01-07 12:10:00,6,1,7,12,10,250,63,"La Pierre Carée"" - CD 73",,,Plein jour,Hors agglomération,Hors intersection,Normale,Deux véhicules - frontale,,,,,,,,,,,1,1,1,1,1
200600005458,0006-01-02 20:30:00,6,1,2,20,30,250,22,CD 33,,,Nuit sans éclairage public,Hors agglomération,Hors intersection,Normale,Deux véhicules - frontale,,,,,,,,,,,3,1,1,1,1
200600005459,0006-01-12 14:00:00,6,1,12,14,0,250,538,route nationale,,,Plein jour,En agglomération,Intersection en T,Temps couvert,Trois véhicules et plus - collisions multiples,,,,,,,,,,,1,2,3,8,5
200600005460,0006-01-22 12:45:00,6,1,22,12,45,250,368,CD 486,,,Plein jour,Hors agglomération,Hors intersection,Normale,Autre collision,,,,,,,,,,,1,1,1,1,6
200600005461,0006-01-15 15:30:00,6,1,15,15,30,250,334,Rue du Plane,46.959,6.11,Plein jour,En agglomération,Hors intersection,Normale,Deux véhicules - côté,,,,,,,,,,,1,2,1,1,3
200600005462,0006-01-03 18:45:00,6,1,3,18,45,390,170,,46.679,5.488,Nuit avec éclairage allumé,Hors agglomération,Hors intersection,Normale,Deux véhicules - frontale,,,,,,,,,,,5,1,1,1,1
200600005463,0006-01-13 19:30:00,6,1,13,19,30,390,56,Faubourg d'Aval,46.751,5.456,Nuit avec éclairage allumé,En agglomération,Hors intersection,Normale,Deux véhicules - côté,,,,,,,,,,,5,2,1,1,3
200600005464,0006-01-13 12:30:00,6,1,13,12,30,390,108,,46.777,5.991,Plein jour,Hors agglomération,Hors intersection,Normale,Deux véhicules - frontale,,,,,,,,,,,1,1,1,1,1
200600005465,0006-01-07 17:30:00,6,1,7,17,30,390,354,,46.887,5.662,Nuit sans éclairage public,Hors agglomération,Hors intersection,Normale,Autre collision,,,,,,,,,,,3,1,1,1,6
200600005466,0006-01-25 14:30:00,6,1,25,14,30,390,81,,46.874,5.717,Plein jour,Hors agglomération,Hors intersection,Normale,Deux véhicules - frontale,,,,,,,,,,,1,1,1,1,1
200600005467,0006-01-28 07:00:00,6,1,28,7,0,390,99,RN 73,,,Nuit sans éclairage public,Hors agglomération,Hors intersection,Neige / grêle,Deux véhicules - arrière,,,,,,,,,,,3,1,1,4,2
200600005468,0006-01-16 18:50:00,6,1,16,18,50,390,453,RD 118 PK 21+900,,,Nuit sans éclairage public,Hors agglomération,Hors intersection,Temps couvert,Deux véhicules - frontale,,,,,,,,,,,3,1,1,8,1
200600005469,0006-01-25 09:00:00,6,1,25,9,0,390,269,,,,Plein jour,Hors agglomération,Hors intersection,Normale,Deux véhicules - côté,,,,,,,,,,,1,1,1,1,3
200600005470,0006-01-16 16:00:00,6,1,16,16,0,700,111,RN 19,,,Plein jour,Hors agglomération,Hors intersection,Normale,Deux véhicules - frontale,,,,,,,,,,,1,1,1,1,1
200600005471,0006-01-30 13:45:00,6,1,30,13,45,700,36,,47.368,6.114,Plein jour,Hors agglomération,Hors intersection,Neige / grêle,Deux véhicules - frontale,,,,,,,,,,,1,1,1,4,1
200600005472,0006-01-26 12:45:00,6,1,26,12,45,700,447,5 rue des Cityses,47.426,6.074,Plein jour,En agglomération,Hors intersection,Temps couvert,Deux véhicules - frontale,,,,,,,,,,,1,2,1,8,1
200600005473,0006-01-28 09:00:00,6,1,28,9,0,700,120,,47.705,6.663,Plein jour,Hors agglomération,Hors intersection,Temps couvert,Sans collision,,,,,,,,,,,1,1,1,8,7
200600005474,0006-01-31 18:30:00,6,1,31,18,30,700,120,Rue du Plain,47.707,6.679,Nuit avec éclairage allumé,En agglomération,Hors intersection,Normale,Deux véhicules - frontale,,,,,,,,,,,5,2,1,1,1
200600005475,0006-01-09 17:00:00,6,1,9,17,0,700,55,CD142 - Route de La Chap,47.782,6.349,Crépuscule ou aube,En agglomération,Hors intersection,Normale,Deux véhicules - frontale,,,,,,,,,,,2,2,1,1,1
200600005476,0006-01-02 15:45:00,6,1,2,15,45,700,26,Rond-point de l'Europe,,,Plein jour,En agglomération,Giratoire,Normale,Autre collision,,,,,,,,,,,1,2,6,1,6
200600005477,0006-01-06 07:30:00,6,1,6,7,30,700,279,rue Gambetta,,,Plein jour,En agglomération,Hors intersection,Normale,Deux véhicules - frontale,,,,,,,,,,,1,2,1,1,1
200600005478,0006-01-16 16:00:00,6,1,16,16,0,700,169,RUE DE COMBEAUFONTAINE,47.674,5.876,Plein jour,En agglomération,Hors intersection,Normale,Deux véhicules - frontale,,,,,,,,,,,1,2,1,1,1
200600005479,0006-01-04 07:15:00,6,1,4,7,15,700,30,,47.38,5.632,Crépuscule ou aube,Hors agglomération,Hors intersection,Brouillard / fumée,Autre collision,,,,,,,,,,,2,1,1,5,6
200600005480,0006-01-07 17:45:00,6,1,7,17,45,700,514,RUE CONSTANTIN PROVENCAL,,,Nuit avec éclairage allumé,En agglomération,Hors intersection,Normale,Deux véhicules - côté,,,,,,,,,,,5,2,1,1,3
200600005481,0006-01-16 20:15:00,6,1,16,20,15,700,75,,,,Nuit sans éclairage public,Hors agglomération,Hors intersection,Normale,Autre collision,,,,,,,,,,,3,1,1,1,6
200600005482,0006-01-13 12:45:00,6,1,13,12,45,900,95,,,,Plein jour,Hors agglomération,Hors intersection,Temps éblouissant,Autre collision,,,,,,,,,,,1,1,1,7,6
200600005483,0006-01-21 19:00:00,6,1,21,19,0,900,9,RUE P. BEUCLER,47.49,6.926,Nuit avec éclairage allumé,En agglomération,Hors intersection,Normale,Autre collision,,,,,,,,,,,5,2,1,1,6
200600005484,0006-01-29 14:10:00,6,1,29,14,10,900,9,5 rue  de la Tuillerie,,,Plein jour,En agglomération,Hors intersection,Normale,Autre collision,,,,,,,,,,,1,2,1,1,6
200600005485,0006-01-06 06:25:00,6,1,6,6,25,260,156,K 53+500 - SENS NORD/SUD,,,Nuit sans éclairage public,Hors agglomération,Hors intersection,Neige / grêle,Sans collision,,,,,,,,,,,3,1,1,4,7
200600005486,0006-01-08 02:45:00,6,1,8,2,45,260,166,,,,Nuit sans éclairage public,Hors agglomération,Hors intersection,Brouillard / fumée,Trois véhicules et plus - collisions multiples,,,,,,,,,,,3,1,1,5,5
200600005487,0006-01-17 12:00:00,6,1,17,12,0,130,41,RD 46 a,,,Plein jour,Hors agglomération,Hors intersection,Pluie légère,Deux véhicules - frontale,,,,,,,,,,,1,1,1,2,1
200600005488,0006-01-30 05:30:00,6,1,30,5,30,130,74,,43.65,5.562,Nuit sans éclairage public,Hors agglomération,Hors intersection,Normale,Deux véhicules - arrière,,,,,,,,,,,3,1,1,1,2
200600005489,0006-01-24 10:50:00,6,1,24,10,50,130,106,Rond-Point de Tubié,,,Plein jour,En agglomération,Giratoire,Normale,Deux véhicules - frontale,,,,,,,,,,,1,2,6,1,1
200600005490,0006-01-05 09:15:00,6,1,5,9,15,130,15,avenue des noyers,,,Plein jour,En agglomération,Hors intersection,Autre,Deux véhicules - frontale,,,,,,,,,,,1,2,1,9,1
200600005491,0006-01-08 19:15:00,6,1,8,19,15,130,19,,,,Nuit sans éclairage public,Hors agglomération,Hors intersection,Normale,Autre collision,,,,,,,,,,,3,1,1,1,6
200600005492,0006-01-20 15:30:00,6,1,20,15,30,130,19,La foraine CD60A,,,Plein jour,En agglomération,Hors intersection,Normale,Deux véhicules - frontale,,,,,,,,,,,1,2,1,1,1
200600005493,0006-01-29 18:00:00,6,1,29,18,0,130,19,"CD543, quartier la mère",,,Plein jour,Hors agglomération,Hors intersection,Normale,Deux véhicules - frontale,,,,,,,,,,,1,1,1,1,1
200600005494,0006-01-25 19:30:00,6,1,25,19,30,130,4,"CD 572, PR 9+800D",,,Nuit sans éclairage public,Hors agglomération,Hors intersection,Normale,Sans collision,,,,,,,,,,,3,1,1,1,7
200600005495,0006-01-26 08:30:00,6,1,26,8,30,130,27,,43.893,4.828,Plein jour,Hors agglomération,Intersection en X,Normale,Trois véhicules et plus - en chaîne,,,,,,,,,,,1,1,2,1,4
200600005496,0006-01-20 13:00:00,6,1,20,13,0,130,4,CD 35,,,Plein jour,Hors agglomération,Hors intersection,Normale,Autre collision,,,,,,,,,,,1,1,1,1,6
200600005497,0006-01-08 17:30:00,6,1,8,17,30,130,30,Quartier la Messuguière,,,Crépuscule ou aube,Hors agglomération,Hors intersection,Normale,Deux véhicules - arrière,,,,,,,,,,,2,1,1,1,2
200600005498,0006-01-10 14:00:00,6,1,10,14,0,130,73,D46a  Avenue de VALDONNE,,,Plein jour,En agglomération,Hors intersection,Normale,Deux véhicules - frontale,,,,,,,,,,,1,2,1,1,1
200600005499,0006-01-11 17:30:00,6,1,11,17,30,130,73,jas de valeze,,,Crépuscule ou aube,En agglomération,Hors intersection,Normale,Autre collision,,,,,,,,,,,2,2,1,1,6
200600005500,0006-01-13 00:01:00,6,1,13,0,1,130,73,8 - PR 25+100 - VALDONNE,,,Nuit sans éclairage public,Hors agglomération,Hors intersection,Normale,Sans collision,,,,,,,,,,,3,1,1,1,7
200600005501,0006-01-28 13:00:00,6,1,28,13,0,130,92,,43.53,5.11,Plein jour,Hors agglomération,Hors intersection,Pluie forte,Deux véhicules - frontale,,,,,,,,,,,1,1,1,3,1
200600005502,0006-01-19 08:00:00,6,1,19,8,0,130,81,,43.496,5.231,Crépuscule ou aube,Hors agglomération,Hors intersection,Normale,Deux véhicules - arrière,,,,,,,,,,,2,1,1,1,2
200600005503,0006-01-23 13:55:00,6,1,23,13,55,40,110,,44.051,6.137,Plein jour,Hors agglomération,Hors intersection,Normale,Deux véhicules - côté,,,,,,,,,,,1,1,1,1,3
200600005504,0006-01-04 16:30:00,6,1,4,16,30,40,94,,43.75,5.848,Plein jour,Hors agglomération,Autre intersection,Normale,Deux véhicules - frontale,,,,,,,,,,,1,1,9,1,1
200600005505,0006-01-07 12:30:00,6,1,7,12,30,40,143,Avenue Flourens Aillaud,,,Plein jour,En agglomération,Hors intersection,Normale,Deux véhicules - frontale,,,,,,,,,,,1,2,1,1,1
200600005506,0006-01-03 19:45:00,6,1,3,19,45,40,195,,,,Nuit sans éclairage public,Hors agglomération,Hors intersection,Normale,Autre collision,,,,,,,,,,,3,1,1,1,6
200600005507,0006-01-01 01:30:00,6,1,1,1,30,40,203,,44.36,6.32,Nuit sans éclairage public,Hors agglomération,Hors intersection,Pluie légère,Sans collision,,,,,,,,,,,3,1,1,2,7
200600005508,0006-01-11 10:15:00,6,1,11,10,15,40,198,,44.45,6.395,Plein jour,Hors agglomération,Hors intersection,Normale,Deux véhicules - côté,,,,,,,,,,,1,1,1,1,3
200600005509,0006-01-28 08:30:00,6,1,28,8,30,40,161,,44.402,6.486,Plein jour,Hors agglomération,Hors intersection,Temps couvert,Deux véhicules - frontale,,,,,,,,,,,1,1,1,8,1
200600005510,0006-01-23 19:15:00,6,1,23,19,15,40,242,,43.889,5.863,Nuit sans éclairage public,Hors agglomération,Hors intersection,Normale,Deux véhicules - arrière,,,,,,,,,,,3,1,1,1,2
200600005511,0006-01-01 00:30:00,6,1,1,0,30,50,29,,,,Nuit sans éclairage public,Hors agglomération,Hors intersection,Autre,Autre collision,,,,,,,,,,,3,1,1,9,6
200600005512,0006-01-09 08:45:00,6,1,9,8,45,50,104,,44.7,6.059,Plein jour,Hors agglomération,Hors intersection,Autre,Deux véhicules - frontale,,,,,,,,,,,1,1,1,9,1
200600005513,0006-01-31 16:45:00,6,1,31,16,45,50,95,,44.739,6.005,Crépuscule ou aube,Hors agglomération,Autre intersection,Normale,Deux véhicules - frontale,,,,,,,,,,,2,1,9,1,1
200600005514,0006-01-23 18:30:00,6,1,23,18,30,50,170,avenue du 11 novembre,44.467,6.054,Nuit avec éclairage allumé,En agglomération,Hors intersection,Normale,Autre collision,,,,,,,,,,,5,2,1,1,6
200600005515,0006-01-17 08:30:00,6,1,17,8,30,50,6,RN94,,,Plein jour,Hors agglomération,Hors intersection,Neige / grêle,Trois véhicules et plus - en chaîne,,,,,,,,,,,1,1,1,4,4
200600005516,0006-01-03 16:00:00,6,1,3,16,0,50,106,,,,Plein jour,Hors agglomération,Hors intersection,Normale,Deux véhicules - frontale,,,,,,,,,,,1,1,1,1,1
200600005517,0006-01-04 10:00:00,6,1,4,10,0,50,17,,,,Plein jour,Hors agglomération,Hors intersection,Normale,Autre collision,,,,,,,,,,,1,1,1,1,6