accident_id,datetime,annee,mois,jour,heure,minute,departement,commune_insee,adresse,latitude,longitude,luminosite,agglomeration,intersection,meteo,collision,nb_vehicules,nb_usagers,nb_indemnes,nb_tues,nb_blesses_hosp,nb_blesses_legers,age_cond_1,age_cond_2,veh_type_cond_1,veh_type_cond_2,lum_code,agg_code,int_code,atm_code,col_code
200600005652,0006-01-21 06:00:00,6,1,21,6,0,201,104,,,,Nuit sans éclairage public,Hors agglomération,Hors intersection,Normale,Autre collision,,,,,,,,,,,3,1,1,1,6
200600005653,0006-01-23 14:30:00,6,1,23,14,30,201,130,"terra di sola, Porticcio",,,Plein jour,En agglomération,Hors intersection,Normale,Autre collision,,,,,,,,,,,1,2,1,1,6
200600005654,0006-01-20 08:00:00,6,1,20,8,0,201,247,route de Bastia,,,Plein jour,En agglomération,Hors intersection,Normale,Deux véhicules - frontale,,,,,,,,,,,1,2,1,1,1
200600005655,0006-01-24 19:15:00,6,1,24,19,15,201,247,ROUTE DE BASTIA,,,Nuit avec éclairage allumé,En agglomération,Hors intersection,Normale,Deux véhicules - côté,,,,,,,,,,,5,2,1,1,3
200600005656,0006-01-14 11:40:00,6,1,14,11,40,202,25,"Lieudit  ""LE MOULIN""",,,Plein jour,Hors agglomération,Hors intersection,Normale,Sans collision,,,,,,,,,,,1,1,1,1,7
200600005657,0006-01-25 06:30:00,6,1,25,6,30,202,168,,42.621,8.957,Nuit avec éclairage allumé,En agglomération,Intersection en T,Normale,Deux véhicules - côté,,,,,,,,,,,5,2,3,1,3
200600005658,0006-01-18 05:00:00,6,1,18,5,0,202,96,CD39,42.293,9.199,Nuit sans éclairage public,Hors agglomération,Hors intersection,Normale,Autre collision,,,,,,,,,,,3,1,1,1,6
200600005659,0006-01-26 05:30:00,6,1,26,5,30,202,96,,42.305,9.153,Nuit avec éclairage allumé,En agglomération,Hors intersection,Temps couvert,Autre collision,,,,,,,,,,,5,2,1,8,6
200600005660,0006-01-19 11:30:00,6,1,19,11,30,202,251,rta - route de la Plaine,,,Plein jour,Hors agglomération,Hors intersection,Normale,Deux véhicules - côté,,,,,,,,,,,1,1,1,1,3
200600005661,0006-01-17 17:30:00,6,1,17,17,30,202,303,,,,Nuit avec éclairage allumé,Hors agglomération,Intersection en T,Normale,Deux véhicules - côté,,,,,,,,,,,5,1,3,1,3
200600005662,0006-01-19 07:30:00,6,1,19,7,30,202,303,,42.309,9.545,Crépuscule ou aube,Hors agglomération,Hors intersection,Normale,Deux véhicules - frontale,,,,,,,,,,,2,1,1,1,1
200600005663,0006-01-13 16:30:00,6,1,13,16,30,202,346,RN. 198 ARENA,,,Plein jour,Hors agglomération,Hors intersection,Normale,Deux véhicules - côté,,,,,,,,,,,1,1,1,1,3
200600005664,0006-01-15 04:15:00,6,1,15,4,15,202,252,CD 506,,,Nuit sans éclairage public,Hors agglomération,Hors intersection,Normale,Sans collision,,,,,,,,,,,3,1,1,1,7
200600005665,0006-01-30 15:58:00,6,1,30,15,58,202,242,RN 198 ALBA SERENA,,,Plein jour,En agglomération,Hors intersection,Pluie légère,Trois véhicules et plus - collisions multiples,,,,,,,,,,,1,2,1,2,5
200600005666,0006-01-02 13:30:00,6,1,2,13,30,780,531,ROUTE DE BUCHELAY,49.002,1.647,Plein jour,En agglomération,Hors intersection,Normale,Autre collision,,,,,,,,,,,1,2,1,1,6
200600005667,0006-01-05 08:30:00,6,1,5,8,30,780,531,,49.003,1.632,Plein jour,En agglomération,Hors intersection,Normale,Autre collision,,,,,,,,,,,1,2,1,1,6
200600005668,0006-01-11 22:30:00,6,1,11,22,30,780,89,,49.02,1.61,Nuit avec éclairage allumé,Hors agglomération,Hors intersection,Normale,Deux véhicules - arrière,,,,,,,,,,,5,1,1,1,2
200600005669,0006-01-07 23:15:00,6,1,7,23,15,780,263,,,,Nuit sans éclairage public,Hors agglomération,Hors intersection,Normale,Autre collision,,,,,,,,,,,3,1,1,1,6
200600005670,0006-01-22 11:30:00,6,1,22,11,30,780,49,24 route de flins,,,Plein jour,En agglomération,Hors intersection,Normale,Deux véhicules - frontale,,,,,,,,,,,1,2,1,1,1
200600005671,0006-01-30 20:50:00,6,1,30,20,50,780,389,CD 155,,,Nuit sans éclairage public,Hors agglomération,Hors intersection,Normale,Sans collision,,,,,,,,,,,3,1,1,1,7
200600005672,0006-01-09 08:15:00,6,1,9,8,15,780,321,RUE DU TREMBLAY,48.785,1.893,Plein jour,En agglomération,Hors intersection,Normale,Deux véhicules - frontale,,,,,,,,,,,1,2,1,1,1
200600005673,0006-01-14 20:45:00,6,1,14,20,45,780,321,,48.792,1.919,Nuit sans éclairage public,Hors agglomération,Hors intersection,Normale,Autre collision,,,,,,,,,,,3,1,1,1,6
200600005674,0006-01-03 14:00:00,6,1,3,14,0,780,34,RUE DU GOIN,,,Plein jour,En agglomération,Hors intersection,Normale,Deux véhicules - frontale,,,,,,,,,,,1,2,1,1,1
200600005675,0006-01-06 13:50:00,6,1,6,13,50,780,616,CD 11,,,Plein jour,Hors agglomération,Hors intersection,Temps couvert,Deux véhicules - frontale,,,,,,,,,,,1,1,1,8,1
200600005676,0006-01-14 15:30:00,6,1,14,15,30,780,601,,,,Plein jour,Hors agglomération,Hors intersection,Normale,Trois véhicules et plus - collisions multiples,,,,,,,,,,,1,1,1,1,5
200600005677,0006-01-29 19:30:00,6,1,29,19,30,780,349,RD149,,,Nuit sans éclairage public,Hors agglomération,Hors intersection,Autre,Trois véhicules et plus - en chaîne,,,,,,,,,,,3,1,1,9,4
200600005678,0006-01-03 17:00:00,6,1,3,17,0,910,200,Avenue Carnot,,,Plein jour,En agglomération,Giratoire,Normale,Deux véhicules - frontale,,,,,,,,,,,1,2,6,1,1
200600005679,0006-01-12 06:45:00,6,1,12,6,45,910,35,grande rue,48.456,1.957,Nuit avec éclairage allumé,En agglomération,Hors intersection,Brouillard / fumée,Autre collision,,,,,,,,,,,5,2,1,5,6
200600005680,0006-01-10 12:45:00,6,1,10,12,45,910,200,CD838 PK 32,48.559,2.027,Plein jour,Hors agglomération,Hors intersection,Brouillard / fumée,Deux véhicules - côté,,,,,,,,,,,1,1,1,5,3
200600005681,0006-01-13 17:30:00,6,1,13,17,30,910,200,,48.521,2.018,Nuit sans éclairage public,Hors agglomération,Hors intersection,Pluie légère,Sans collision,,,,,,,,,,,3,1,1,2,7
200600005682,0006-01-24 06:30:00,6,1,24,6,30,910,200,,,,Nuit sans éclairage public,Hors agglomération,Hors intersection,Normale,Deux véhicules - côté,,,,,,,,,,,3,1,1,1,3
200600005683,0006-01-18 17:15:00,6,1,18,17,15,910,226,Bd des LAVANDIERES,,,Crépuscule ou aube,En agglomération,Hors intersection,Pluie légère,Autre collision,,,,,,,,,,,2,2,1,2,6
200600005684,0006-01-19 11:00:00,6,1,19,11,0,910,47,RN 191,,,Plein jour,En agglomération,Hors intersection,Normale,Deux véhicules - arrière,,,,,,,,,,,1,2,1,1,2
200600005685,0006-01-15 03:30:00,6,1,15,3,30,910,41,CD 19,,,Nuit avec éclairage allumé,Hors agglomération,Hors intersection,Normale,Deux véhicules - frontale,,,,,,,,,,,5,1,1,1,1
200600005686,0006-01-19 11:55:00,6,1,19,11,55,910,494,Avenue de la Tremblaie,48.614,2.357,Plein jour,En agglomération,Hors intersection,Normale,Autre collision,,,,,,,,,,,1,2,1,1,6
200600005687,0006-01-20 17:45:00,6,1,20,17,45,950,24,,49.1,1.79,Plein jour,Hors agglomération,Hors intersection,Pluie légère,Deux véhicules - frontale,,,,,,,,,,,1,1,1,2,1
200600005688,0006-01-21 14:50:00,6,1,21,14,50,950,658,32 rue BEAUDOUIN,,,Plein jour,En agglomération,Hors intersection,Normale,Trois véhicules et plus - collisions multiples,,,,,,,,,,,1,2,1,1,5
200600005689,0006-01-29 12:00:00,6,1,29,12,0,950,348,CD14,,,Plein jour,Hors agglomération,Hors intersection,Normale,Deux véhicules - frontale,,,,,,,,,,,1,1,1,1,1
200600005690,0006-01-02 21:15:00,6,1,2,21,15,950,489,Rue de PAris,,,Nuit avec éclairage allumé,En agglomération,Hors intersection,Normale,Autre collision,,,,,,,,,,,5,2,1,1,6
200600005691,0006-01-23 10:45:00,6,1,23,10,45,950,205,RUE DE LA GARE,,,Plein jour,En agglomération,Hors intersection,Normale,Autre collision,,,,,,,,,,,1,2,1,1,6
200600005692,0006-01-20 06:45:00,6,1,20,6,45,770,252,,,,Nuit sans éclairage public,Hors agglomération,Hors intersection,Normale,Trois véhicules et plus - collisions multiples,,,,,,,,,,,3,1,1,1,5
200600005693,0006-01-10 08:45:00,6,1,10,8,45,770,453,R.N. 105 PK 25+800,,,Plein jour,Hors agglomération,Hors intersection,Normale,Deux véhicules - frontale,,,,,,,,,,,1,1,1,1,1
200600005694,0006-01-10 23:30:00,6,1,10,23,30,770,103,,48.549,2.794,Nuit sans éclairage public,Hors agglomération,Hors intersection,Normale,Autre collision,,,,,,,,,,,3,1,1,1,6
200600005695,0006-01-18 18:30:00,6,1,18,18,30,770,107,,48.666,2.841,Nuit sans éclairage public,Hors agglomération,Hors intersection,Pluie légère,Deux véhicules - frontale,,,,,,,,,,,3,1,1,2,1
200600005696,0006-01-04 23:20:00,6,1,4,23,20,770,128,Route Nationale 34,,,Nuit avec éclairage allumé,En agglomération,Hors intersection,Normale,Autre collision,,,,,,,,,,,5,2,1,1,6
200600005697,0006-01-03 19:45:00,6,1,3,19,45,770,183,,48.949,3.113,Crépuscule ou aube,En agglomération,Hors intersection,Normale,Deux véhicules - frontale,,,,,,,,,,,2,2,1,1,1
200600005698,0006-01-14 11:15:00,6,1,14,11,15,770,388,CD 402,48.96,3.145,Plein jour,En agglomération,Hors intersection,Normale,Autre collision,,,,,,,,,,,1,2,1,1,6
200600005699,0006-01-27 13:30:00,6,1,27,13,30,770,398,carrefour CD 222 / CD 31,48.882,3.294,Plein jour,En agglomération,Hors intersection,Normale,Deux véhicules - côté,,,,,,,,,,,1,2,1,1,3
200600005700,0006-01-05 18:00:00,6,1,5,18,0,770,31,,48.697,2.912,Nuit sans éclairage public,Hors agglomération,Hors intersection,Temps couvert,Trois véhicules et plus - collisions multiples,,,,,,,,,,,3,1,1,8,5
200600005701,0006-01-23 07:15:00,6,1,23,7,15,770,192,,48.724,2.846,Nuit sans éclairage public,Hors agglomération,Hors intersection,Normale,Deux véhicules - côté,,,,,,,,,,,3,1,1,1,3
200600005702,0006-01-15 15:10:00,6,1,15,15,10,770,1,CD64 PK 20+800,,,Plein jour,Hors agglomération,Hors intersection,Normale,Sans collision,,,,,,,,,,,1,1,1,1,7
200600005703,0006-01-14 17:30:00,6,1,14,17,30,770,99,,48.157,2.692,Plein jour,Hors agglomération,Hors intersection,Normale,Deux véhicules - côté,,,,,,,,,,,1,1,1,1,3
200600005704,0006-01-07 11:30:00,6,1,7,11,30,770,329,,48.242,2.824,Plein jour,Hors agglomération,Hors intersection,Temps couvert,Sans collision,,,,,,,,,,,1,1,1,8,7
200600005705,0006-01-19 07:45:00,6,1,19,7,45,770,323,rue de Paris,49.05,2.624,Crépuscule ou aube,En agglomération,Hors intersection,Normale,Deux véhicules - côté,,,,,,,,,,,2,2,1,1,3
200600005706,0006-01-02 17:45:00,6,1,2,17,45,770,315,avenue foch,48.892,2.829,Crépuscule ou aube,En agglomération,Hors intersection,Normale,Deux véhicules - côté,,,,,,,,,,,2,2,1,1,3
200600005707,0006-01-10 19:45:00,6,1,10,19,45,770,159,rue Bernard Duplessis,,,Nuit avec éclairage allumé,En agglomération,Hors intersection,Normale,Deux véhicules - frontale,,,,,,,,,,,5,2,1,1,1
200600005708,0006-01-14 05:15:00,6,1,14,5,15,770,167,D18,,,Nuit sans éclairage public,Hors agglomération,Hors intersection,Normale,Sans collision,,,,,,,,,,,3,1,1,1,7
200600005709,0006-01-17 12:30:00,6,1,17,12,30,770,383,,48.568,3.056,Plein jour,Hors agglomération,Hors intersection,Pluie forte,Trois véhicules et plus - collisions multiples,,,,,,,,,,,1,1,1,3,5
200600005710,0006-01-29 21:30:00,6,1,29,21,30,450,166,,,,Nuit sans éclairage public,Hors agglomération,Hors intersection,Neige / grêle,Sans collision,,,,,,,,,,,3,1,1,4,7
200600005711,0006-01-19 11:15:00,6,1,19,11,15,450,89,Carrefour CHARPENTERIE,47.901,2.026,Nuit avec éclairage allumé,En agglomération,Hors intersection,Normale,Deux véhicules - côté,,,,,,,,,,,5,2,1,1,3
200600005712,0006-01-25 17:00:00,6,1,25,17,0,450,282,50 rue de Verdun,47.872,1.836,Plein jour,En agglomération,Hors intersection,Normale,Deux véhicules - frontale,,,,,,,,,,,1,2,1,1,1
200600005713,0006-01-14 09:30:00,6,1,14,9,30,450,335,,47.756,2.134,Plein jour,Hors agglomération,Hors intersection,Normale,Sans collision,,,,,,,,,,,1,1,1,1,7
200600005714,0006-01-23 16:15:00,6,1,23,16,15,450,123,110 route d'Orléans,47.858,2.081,Plein jour,En agglomération,Hors intersection,Normale,Deux véhicules - frontale,,,,,,,,,,,1,2,1,1,1
200600005715,0006-01-04 15:45:00,6,1,4,15,45,450,28,rue Pierre de Félice,47.791,1.626,Plein jour,En agglomération,Hors intersection,Normale,Deux véhicules - côté,,,,,,,,,,,1,2,1,1,3
200600005716,0006-01-16 10:30:00,6,1,16,10,30,450,134,,47.942,1.632,Plein jour,Hors agglomération,Hors intersection,Normale,Trois véhicules et plus - en chaîne,,,,,,,,,,,1,1,1,1,4
200600005717,0006-01-02 15:30:00,6,1,2,15,30,450,224,,48.095,2.039,Plein jour,Hors agglomération,Hors intersection,Normale,Deux véhicules - côté,,,,,,,,,,,1,1,1,1,3
200600005718,0006-01-14 18:45:00,6,1,14,18,45,450,87,,47.557,2.727,Nuit sans éclairage public,Hors agglomération,Hors intersection,Normale,Autre collision,,,,,,,,,,,3,1,1,1,6
200600005719,0006-01-02 19:15:00,6,1,2,19,15,450,42,,47.812,2.415,Nuit sans éclairage public,Hors agglomération,Hors intersection,Normale,Deux véhicules - frontale,,,,,,,,,,,3,1,1,1,1
200600005720,0006-01-03 20:30:00,6,1,3,20,30,450,293,,,,Nuit sans éclairage public,Hors agglomération,Hors intersection,Brouillard / fumée,Deux véhicules - frontale,,,,,,,,,,,3,1,1,5,1
200600005721,0006-01-06 20:15:00,6,1,6,20,15,450,104,25 rue des noyers,48.045,2.716,Nuit sans éclairage public,En agglomération,Hors intersection,Normale,Autre collision,,,,,,,,,,,3,2,1,1,6
200600005722,0006-01-13 08:30:00,6,1,13,8,30,450,77,RTE DE SAINT MAURICE,47.87,2.864,Plein jour,En agglomération,Hors intersection,Normale,Autre collision,,,,,,,,,,,1,2,1,1,6
200600005723,0006-01-08 19:30:00,6,1,8,19,30,450,148,,,,Nuit sans éclairage public,Hors agglomération,Hors intersection,Normale,Autre collision,,,,,,,,,,,3,1,1,1,6
200600005724,0006-01-23 18:00:00,6,1,23,18,0,450,252,rue de Marsainvilliers,,,Plein jour,En agglomération,Hors intersection,Normale,Deux véhicules - côté,,,,,,,,,,,1,2,1,1,3
200600005725,0006-01-25 14:30:00,6,1,25,14,30,450,348,,48.172,2.346,Plein jour,Hors agglomération,Autre intersection,Normale,Deux véhicules - côté,,,,,,,,,,,1,1,9,1,3
200600005726,0006-01-21 17:00:00,6,1,21,17,0,450,139,,48.193,2.33,Plein jour,Hors agglomération,Hors intersection,Normale,Deux véhicules - frontale,,,,,,,,,,,1,1,1,1,1
200600005727,0006-01-14 08:45:00,6,1,14,8,45,450,176,,,,Plein jour,Hors agglomération,Hors intersection,Normale,Deux véhicules - arrière,,,,,,,,,,,1,1,1,1,2
200600005728,0006-01-20 15:00:00,6,1,20,15,0,180,240,,47.174,2.905,Plein jour,Hors agglomération,Hors intersection,Normale,Sans collision,,,,,,,,,,,1,1,1,1,7
200600005729,0006-01-23 07:45:00,6,1,23,7,45,180,197,Avenue Jean GIRAUDOUX et,,,Crépuscule ou aube,En agglomération,Hors intersection,Normale,Deux véhicules - frontale,,,,,,,,,,,2,2,1,1,1
200600005730,0006-01-13 07:45:00,6,1,13,7,45,180,180,,47.03,2.442,Crépuscule ou aube,Hors agglomération,Hors intersection,Autre,Deux véhicules - frontale,,,,,,,,,,,2,1,1,9,1
200600005731,0006-01-17 09:50:00,6,1,17,9,50,180,40,"D 36, P.K. 4+200",,,Plein jour,Hors agglomération,Hors intersection,Pluie légère,Autre collision,,,,,,,,,,,1,1,1,2,6
200600005732,0006-01-11 08:45:00,6,1,11,8,45,180,195,,,,Plein jour,Hors agglomération,Hors intersection,Brouillard / fumée,Deux véhicules - frontale,,,,,,,,,,,1,1,1,5,1
200600005733,0006-01-23 17:45:00,6,1,23,17,45,180,47,10RUE DES MAISONS NEUVES,,,Crépuscule ou aube,En agglomération,Hors intersection,Normale,Deux véhicules - frontale,,,,,,,,,,,2,2,1,1,1
200600005734,0006-01-31 16:45:00,6,1,31,16,45,180,15,Rue Etienne Soyer,47.493,2.44,Plein jour,En agglomération,Giratoire,Normale,Autre collision,,,,,,,,,,,1,2,6,1,6
200600005735,0006-01-01 06:00:00,6,1,1,6,0,180,190,,,,Nuit sans éclairage public,Hors agglomération,Hors intersection,Autre,Autre collision,,,,,,,,,,,3,1,1,9,6
200600005736,0006-01-01 03:00:00,6,1,1,3,0,280,122,,48.345,1.502,Nuit sans éclairage public,Hors agglomération,Hors intersection,Temps couvert,Sans collision,,,,,,,,,,,3,1,1,8,7
200600005737,0006-01-14 17:45:00,6,1,14,17,45,280,253,,48.36,1.444,Nuit sans éclairage public,Hors agglomération,Hors intersection,Normale,Deux véhicules - côté,,,,,,,,,,,3,1,1,1,3
200600005738,0006-01-01 10:00:00,6,1,1,10,0,280,160,,48.411,1.646,Plein jour,Hors agglomération,Hors intersection,Pluie légère,Autre collision,,,,,,,,,,,1,1,1,2,6
200600005739,0006-01-06 19:45:00,6,1,6,19,45,280,227,RD 26-1,,,Nuit sans éclairage public,Hors agglomération,Hors intersection,Normale,Deux véhicules - frontale,,,,,,,,,,,3,1,1,1,1
200600005740,0006-01-14 18:00:00,6,1,14,18,0,280,168,rue Faubourg de la Breto,,,Nuit avec éclairage allumé,En agglomération,Hors intersection,Normale,Deux véhicules - frontale,,,,,,,,,,,5,2,1,1,1
200600005741,0006-01-20 17:50:00,6,1,20,17,50,280,361,Essars,,,Crépuscule ou aube,Hors agglomération,Intersection en X,Pluie légère,Deux véhicules - côté,,,,,,,,,,,2,1,2,2,3
200600005742,0006-01-20 19:15:00,6,1,20,19,15,280,285,,48.46,1.69,Nuit sans éclairage public,Hors agglomération,Hors intersection,Pluie légère,Autre collision,,,,,,,,,,,3,1,1,2,6
200600005743,0006-01-23 08:15:00,6,1,23,8,15,280,129,,48.412,1.803,Crépuscule ou aube,Hors agglomération,Intersection en X,Normale,Deux véhicules - côté,,,,,,,,,,,2,1,2,1,3
200600005744,0006-01-26 07:35:00,6,1,26,7,35,280,15,CD 18-5,,,Crépuscule ou aube,Hors agglomération,Hors intersection,Normale,Deux véhicules - frontale,,,,,,,,,,,2,1,1,1,1
200600005745,0006-01-10 16:00:00,6,1,10,16,0,280,422,,48.278,1.669,Plein jour,En agglomération,Hors intersection,Temps couvert,Deux véhicules - frontale,,,,,,,,,,,1,2,1,8,1
200600005746,0006-01-13 17:00:00,6,1,13,17,0,280,243,,48.318,1.921,Plein jour,Hors agglomération,Intersection en X,Normale,Deux véhicules - côté,,,,,,,,,,,1,1,2,1,3
200600005747,0006-01-06 05:30:00,6,1,6,5,30,280,61,,48.275,1.217,Nuit sans éclairage public,Hors agglomération,Autre intersection,Normale,Deux véhicules - frontale,,,,,,,,,,,3,1,9,1,1
200600005748,0006-01-07 20:30:00,6,1,7,20,30,280,61,Rue de Chartres,,,Crépuscule ou aube,En agglomération,Hors intersection,Normale,Deux véhicules - côté,,,,,,,,,,,2,2,1,1,3
200600005749,0006-01-14 10:45:00,6,1,14,10,45,280,251,,48.729,1.449,Plein jour,Hors agglomération,Intersection en X,Normale,Deux véhicules - côté,,,,,,,,,,,1,1,2,1,3
200600005750,0006-01-15 20:00:00,6,1,15,20,0,280,359,NATIONALE 12,,,Nuit avec éclairage allumé,En agglomération,Hors intersection,Normale,Sans collision,,,,,,,,,,,5,2,1,1,7
200600005751,0006-01-31 19:45:00,6,1,31,19,45,280,171,,48.704,1.347,Nuit sans éclairage public,Hors agglomération,Hors intersection,Normale,Autre collision,,,,,,,,,,,3,1,1,1,6
200600005752,0006-01-02 10:00:00,6,1,2,10,0,280,347,Rue de Bu,48.821,1.541,Plein jour,En agglomération,Hors intersection,Temps éblouissant,Deux véhicules - côté,,,,,,,,,,,1,2,1,7,3
200600005753,0006-01-18 18:40:00,6,1,18,18,40,280,62,RN12,,,Nuit sans éclairage public,Hors agglomération,Hors intersection,Pluie légère,Deux véhicules - frontale,,,,,,,,,,,3,1,1,2,1
200600005754,0006-01-24 20:00:00,6,1,24,20,0,280,64,,48.804,1.453,Nuit sans éclairage public,Hors agglomération,Hors intersection,Normale,Sans collision,,,,,,,,,,,3,1,1,1,7
200600005755,0006-01-25 23:00:00,6,1,25,23,0,280,7,intersection rue Diane d,,,Nuit avec éclairage allumé,En agglomération,Hors intersection,Normale,Autre collision,,,,,,,,,,,5,2,1,1,6
200600005756,0006-01-30 22:30:00,6,1,30,22,30,280,381,,,,Nuit sans éclairage public,Hors agglomération,Hors intersection,Normale,Sans collision,,,,,,,,,,,3,1,1,1,7
200600005757,0006-01-01 12:30:00,6,1,1,12,30,280,341,,48.626,1.258,Plein jour,Hors agglomération,Hors intersection,Normale,Autre collision,,,,,,,,,,,1,1,1,1,6
200600005758,0006-01-07 23:40:00,6,1,7,23,40,280,54,des marnerons à FONVILLE,,,Nuit avec éclairage allumé,En agglomération,Hors intersection,Normale,Autre collision,,,,,,,,,,,5,2,1,1,6
200600005759,0006-01-20 10:45:00,6,1,20,10,45,280,393,,,,Nuit sans éclairage public,Hors agglomération,Hors intersection,Temps couvert,Deux véhicules - côté,,,,,,,,,,,3,1,1,8,3
200600005760,0006-01-21 11:00:00,6,1,21,11,0,280,349,,,,Plein jour,Hors agglomération,Hors intersection,Normale,Deux véhicules - frontale,,,,,,,,,,,1,1,1,1,1
200600005761,0006-01-26 08:20:00,6,1,26,8,20,280,385,CD128,,,Plein jour,Hors agglomération,Hors intersection,Temps couvert,Sans collision,,,,,,,,,,,1,1,1,8,7
200600005762,0006-01-26 12:30:00,6,1,26,12,30,360,9,La Tremblére,46.679,1.7,Plein jour,Hors agglomération,Hors intersection,Normale,Sans collision,,,,,,,,,,,1,1,1,1,7
200600005763,0006-01-08 19:00:00,6,1,8,19,0,360,6,,46.529,1.474,Nuit sans éclairage public,Hors agglomération,Hors intersection,Pluie forte,Deux véhicules - arrière,,,,,,,,,,,3,1,1,3,2
200600005764,0006-01-19 15:30:00,6,1,19,15,30,360,6,7 place de la République,46.592,1.52,Plein jour,En agglomération,Hors intersection,Normale,Autre collision,,,,,,,,,,,1,2,1,1,6
200600005765,0006-01-29 10:00:00,6,1,29,10,0,360,7,,,,Plein jour,Hors agglomération,Hors intersection,Neige / grêle,Sans collision,,,,,,,,,,,1,1,1,4,7
200600005766,0006-01-28 17:00:00,6,1,28,17,0,360,31,,46.882,1.414,Plein jour,Hors agglomération,Hors intersection,Neige / grêle,Deux véhicules - côté,,,,,,,,,,,1,1,1,4,3
200600005767,0006-01-08 12:00:00,6,1,8,12,0,360,18,,46.61,1.133,Plein jour,Hors agglomération,Hors intersection,Pluie légère,Autre collision,,,,,,,,,,,1,1,1,2,6
200600005768,0006-01-19 07:45:00,6,1,19,7,45,360,127,avenue d auvergne,,,Crépuscule ou aube,En agglomération,Hors intersection,Temps couvert,Deux véhicules - frontale,,,,,,,,,,,2,2,1,8,1
200600005769,0006-01-03 07:00:00,6,1,3,7,0,360,215,,,,Nuit sans éclairage public,Hors agglomération,Hors intersection,Normale,Autre collision,,,,,,,,,,,3,1,1,1,6
200600005770,0006-01-28 01:45:00,6,1,28,1,45,370,43,5 route de Limeray,47.47,1.06,Nuit avec éclairage non allumé,En agglomération,Hors intersection,Normale,Autre collision,,,,,,,,,,,4,2,1,1,6
200600005771,0006-01-20 18:30:00,6,1,20,18,30,370,109,Port Foucault - RN 152,47.389,0.59,Nuit sans éclairage public,Hors agglomération,Hors intersection,Temps couvert,Trois véhicules et plus - en chaîne,,,,,,,,,,,3,1,1,8,4
200600005772,0006-01-28 11:00:00,6,1,28,11,0,370,251,,,,Plein jour,Hors agglomération,Hors intersection,Neige / grêle,Deux véhicules - frontale,,,,,,,,,,,1,1,1,4,1
200600005773,0006-01-18 20:00:00,6,1,18,20,0,370,31,,,,Nuit sans éclairage public,Hors agglomération,Hors intersection,Normale,Deux véhicules - arrière,,,,,,,,,,,3,1,1,1,2
200600005774,0006-01-10 17:15:00,6,1,10,17,15,370,278,,47.209,0.627,Plein jour,Hors agglomération,Hors intersection,Normale,Deux véhicules - côté,,,,,,,,,,,1,1,1,1,3
200600005775,0006-01-22 11:00:00,6,1,22,11,0,370,176,,47.103,0.549,Plein jour,Hors agglomération,Hors intersection,Normale,Deux véhicules - frontale,,,,,,,,,,,1,1,1,1,1
200600005776,0006-01-29 17:30:00,6,1,29,17,30,370,178,,47.145,0.432,Plein jour,Hors agglomération,Hors intersection,Normale,Autre collision,,,,,,,,,,,1,1,1,1,6
200600005777,0006-01-31 16:15:00,6,1,31,16,15,370,226,,47.111,0.611,Plein jour,Hors agglomération,Hors intersection,Normale,Deux véhicules - frontale,,,,,,,,,,,1,1,1,1,1
200600005778,0006-01-25 08:15:00,6,1,25,8,15,370,132,,47.116,0.981,Plein jour,Hors agglomération,Hors intersection,Normale,Deux véhicules - frontale,,,,,,,,,,,1,1,1,1,1
200600005779,0006-01-24 19:40:00,6,1,24,19,40,370,133,Le rein du bois,47.094,1.237,Crépuscule ou aube,Hors agglomération,Hors intersection,Normale,Sans collision,,,,,,,,,,,2,1,1,1,7
200600005780,0006-01-26 09:15:00,6,1,26,9,15,370,98,,47.058,0.615,Plein jour,Hors agglomération,Hors intersection,Normale,Deux véhicules - côté,,,,,,,,,,,1,1,1,1,3
200600005781,0006-01-29 20:00:00,6,1,29,20,0,370,104,,47.29,0.778,Nuit sans éclairage public,Hors agglomération,Hors intersection,Autre,Autre collision,,,,,,,,,,,3,1,1,9,6
200600005782,0006-01-14 18:15:00,6,1,14,18,15,410,252,RN 152,,,Nuit sans éclairage public,Hors agglomération,Hors intersection,Normale,Autre collision,,,,,,,,,,,3,1,1,1,6
200600005783,0006-01-16 07:45:00,6,1,16,7,45,410,136,,,,Crépuscule ou aube,Hors agglomération,Intersection en T,Normale,Deux véhicules - côté,,,,,,,,,,,2,1,3,1,3
200600005784,0006-01-05 08:15:00,6,1,5,8,15,410,151,Bd Philippe Auguste,,,Plein jour,En agglomération,Hors intersection,Temps couvert,Sans collision,,,,,,,,,,,1,2,1,8,7
200600005785,0006-01-21 13:45:00,6,1,21,13,45,410,161,,,,Plein jour,Hors agglomération,Intersection en Y,Normale,Deux véhicules - côté,,,,,,,,,,,1,1,4,1,3