accident_id,datetime,annee,mois,jour,heure,minute,departement,commune_insee,adresse,latitude,longitude,luminosite,agglomeration,intersection,meteo,collision,nb_vehicules,nb_usagers,nb_indemnes,nb_tues,nb_blesses_hosp,nb_blesses_legers,age_cond_1,age_cond_2,veh_type_cond_1,veh_type_cond_2,lum_code,agg_code,int_code,atm_code,col_code
200600006185,0006-02-06 12:30:00,6,2,6,12,30,350,263,LA SECOUETTE,,,Plein jour,Hors agglomération,Hors intersection,Normale,Deux véhicules - frontale,,,,,,,,,,,1,1,1,1,1
200600006186,0006-02-08 15:15:00,6,2,8,15,15,350,179,RUE DE LA POSTE,,,Plein jour,En agglomération,Hors intersection,Normale,Deux véhicules - arrière,,,,,,,,,,,1,2,1,1,2
200600006187,0006-02-14 09:30:00,6,2,14,9,30,350,279,,,,Plein jour,Hors agglomération,Hors intersection,Normale,Autre collision,,,,,,,,,,,1,1,1,1,6
200600006188,0006-02-26 17:45:00,6,2,26,17,45,350,345,,,,Plein jour,Hors agglomération,Hors intersection,Normale,Autre collision,,,,,,,,,,,1,1,1,1,6
200600006189,0006-02-07 17:30:00,6,2,7,17,30,350,248,"12, rue Beau Site",48.557,-1.58,Plein jour,En agglomération,Hors intersection,Normale,Autre collision,,,,,,,,,,,1,2,1,1,6
200600006190,0006-02-11 14:30:00,6,2,11,14,30,350,246,,,,Plein jour,Hors agglomération,Hors intersection,Temps éblouissant,Autre collision,,,,,,,,,,,1,1,1,7,6
200600006191,0006-02-10 18:45:00,6,2,10,18,45,350,85,,48.437,-1.792,Crépuscule ou aube,Hors agglomération,Hors intersection,Normale,Trois véhicules et plus - collisions multiples,,,,,,,,,,,2,1,1,1,5
200600006192,0006-02-16 18:15:00,6,2,16,18,15,350,52,,,,Nuit sans éclairage public,Hors agglomération,Hors intersection,Pluie légère,Deux véhicules - côté,,,,,,,,,,,3,1,1,2,3
200600006193,0006-02-22 01:15:00,6,2,22,1,15,350,39,La Loirie,,,Nuit sans éclairage public,En agglomération,Hors intersection,Normale,Autre collision,,,,,,,,,,,3,2,1,1,6
200600006194,0006-02-07 19:15:00,6,2,7,19,15,350,333,,,,Nuit sans éclairage public,Hors agglomération,Hors intersection,Normale,Autre collision,,,,,,,,,,,3,1,1,1,6
200600006195,0006-02-15 19:30:00,6,2,15,19,30,350,125,,,,Nuit avec éclairage allumé,En agglomération,Hors intersection,Pluie forte,Deux véhicules - frontale,,,,,,,,,,,5,2,1,3,1
200600006196,0006-02-27 14:00:00,6,2,27,14,0,350,167,,,,Plein jour,Hors agglomération,Hors intersection,Normale,Deux véhicules - frontale,,,,,,,,,,,1,1,1,1,1
200600006197,0006-02-28 05:00:00,6,2,28,5,0,350,125,,,,Nuit sans éclairage public,Hors agglomération,Hors intersection,Normale,Deux véhicules - arrière,,,,,,,,,,,3,1,1,1,2
200600006198,0006-02-09 16:45:00,6,2,9,16,45,220,232,,48.616,-2.879,Plein jour,Hors agglomération,Hors intersection,Normale,Deux véhicules - côté,,,,,,,,,,,1,1,1,1,3
200600006199,0006-02-20 19:15:00,6,2,20,19,15,220,63,,,,Nuit sans éclairage public,Hors agglomération,Hors intersection,Normale,Autre collision,,,,,,,,,,,3,1,1,1,6
200600006200,0006-02-28 18:30:00,6,2,28,18,30,220,222,RUE ERNEST RENAN,,,Crépuscule ou aube,En agglomération,Hors intersection,Normale,Deux véhicules - frontale,,,,,,,,,,,2,2,1,1,1
200600006201,0006-02-11 01:00:00,6,2,11,1,0,220,162,,,,Nuit sans éclairage public,Hors agglomération,Hors intersection,Normale,Autre collision,,,,,,,,,,,3,1,1,1,6
200600006202,0006-02-25 16:45:00,6,2,25,16,45,220,45,,48.486,-2.946,Plein jour,Hors agglomération,Hors intersection,Pluie forte,Trois véhicules et plus - collisions multiples,,,,,,,,,,,1,1,1,3,5
200600006203,0006-02-22 06:30:00,6,2,22,6,30,220,259,Le Pont Fêtu,48.48,-2.09,Nuit sans éclairage public,Hors agglomération,Hors intersection,Temps couvert,Deux véhicules - frontale,,,,,,,,,,,3,1,1,8,1
200600006204,0006-02-04 21:00:00,6,2,4,21,0,220,48,,48.528,-2.11,Nuit sans éclairage public,Hors agglomération,Hors intersection,Normale,Autre collision,,,,,,,,,,,3,1,1,1,6
200600006205,0006-02-03 20:15:00,6,2,3,20,15,220,70,rue du Maréchal Foch,48.563,-3.156,Nuit avec éclairage allumé,En agglomération,Intersection en X,Normale,Autre collision,,,,,,,,,,,5,2,2,1,6
200600006206,0006-02-17 05:00:00,6,2,17,5,0,220,223,PONT EZER,,,Nuit avec éclairage allumé,En agglomération,Hors intersection,Normale,Autre collision,,,,,,,,,,,5,2,1,1,6
200600006207,0006-02-18 19:45:00,6,2,18,19,45,220,156,,48.516,-3.244,Nuit sans éclairage public,Hors agglomération,Hors intersection,Pluie légère,Autre collision,,,,,,,,,,,3,1,1,2,6
200600006208,0006-02-20 16:30:00,6,2,20,16,30,290,168,,,,Plein jour,Hors agglomération,Intersection en T,Normale,Deux véhicules - côté,,,,,,,,,,,1,1,3,1,3
200600006209,0006-02-06 17:15:00,6,2,6,17,15,290,226,,48.089,-4.394,Plein jour,Hors agglomération,Hors intersection,Normale,Deux véhicules - frontale,,,,,,,,,,,1,1,1,1,1
200600006210,0006-02-03 19:30:00,6,2,3,19,30,290,263,Croas Rodoc,48.241,-4.082,Nuit sans éclairage public,Hors agglomération,Intersection en X,Normale,Deux véhicules - côté,,,,,,,,,,,3,1,2,1,3
200600006211,0006-02-10 11:00:00,6,2,10,11,0,290,172,,48.175,-4.231,Plein jour,Hors agglomération,Hors intersection,Normale,Deux véhicules - arrière,,,,,,,,,,,1,1,1,1,2
200600006212,0006-02-13 07:30:00,6,2,13,7,30,290,26,,48.204,-4.112,Nuit sans éclairage public,Hors agglomération,Hors intersection,Normale,Autre collision,,,,,,,,,,,3,1,1,1,6
200600006213,0006-02-05 02:00:00,6,2,5,2,0,290,227,,,,Nuit sans éclairage public,Hors agglomération,Hors intersection,Pluie légère,Autre collision,,,,,,,,,,,3,1,1,2,6
200600006214,0006-02-07 12:45:00,6,2,7,12,45,290,22,Quai Toudouze,,,Plein jour,En agglomération,Hors intersection,Normale,Autre collision,,,,,,,,,,,1,2,1,1,6
200600006215,0006-02-05 17:45:00,6,2,5,17,45,290,113,rue du 19 mars 1962,,,Plein jour,En agglomération,Hors intersection,Normale,Autre collision,,,,,,,,,,,1,2,1,1,6
200600006216,0006-02-22 17:00:00,6,2,22,17,0,290,199,30 avenue Mal Leclerc,,,Plein jour,En agglomération,Hors intersection,Normale,Deux véhicules - côté,,,,,,,,,,,1,2,1,1,3
200600006217,0006-02-03 19:15:00,6,2,3,19,15,290,111,rue du Général de Gaulle,,,Nuit avec éclairage allumé,En agglomération,Hors intersection,Normale,Deux véhicules - côté,,,,,,,,,,,5,2,1,1,3
200600006218,0006-02-22 10:00:00,6,2,22,10,0,290,279,,,,Plein jour,Hors agglomération,Hors intersection,Normale,Deux véhicules - frontale,,,,,,,,,,,1,1,1,1,1
200600006219,0006-02-19 17:00:00,6,2,19,17,0,560,154,,47.718,-2.19,Plein jour,Hors agglomération,Hors intersection,Temps couvert,Deux véhicules - arrière,,,,,,,,,,,1,1,1,8,2
200600006220,0006-02-07 07:45:00,6,2,7,7,45,560,36,"Lieu-dit ""Kergoussel""",,,Nuit avec éclairage allumé,En agglomération,Hors intersection,Normale,Autre collision,,,,,,,,,,,5,2,1,1,6
200600006221,0006-02-18 11:30:00,6,2,18,11,30,560,167,RN165,,,Plein jour,Hors agglomération,Hors intersection,Normale,Trois véhicules et plus - collisions multiples,,,,,,,,,,,1,1,1,1,5
200600006222,0006-02-27 11:30:00,6,2,27,11,30,560,23,,47.73,-3.037,Plein jour,Hors agglomération,Passage à niveau,Normale,Deux véhicules - frontale,,,,,,,,,,,1,1,8,1,1
200600006223,0006-02-14 11:50:00,6,2,14,11,50,560,186,ance - rue du Roch Priol,,,Plein jour,En agglomération,Hors intersection,Normale,Deux véhicules - côté,,,,,,,,,,,1,2,1,1,3
200600006224,0006-02-22 16:58:00,6,2,22,16,58,560,34,Rond Point des Salines,,,Plein jour,En agglomération,Giratoire,Normale,Deux véhicules - côté,,,,,,,,,,,1,2,6,1,3
200600006225,0006-02-27 13:30:00,6,2,27,13,30,560,145,arrefour CD 766 / CD 134,,,Plein jour,Hors agglomération,Intersection en X,Normale,Deux véhicules - côté,,,,,,,,,,,1,1,2,1,3
200600006226,0006-02-01 23:30:00,6,2,1,23,30,560,24,Les fontaines,,,Nuit sans éclairage public,Hors agglomération,Hors intersection,Normale,Autre collision,,,,,,,,,,,3,1,1,1,6
200600006227,0006-02-07 22:15:00,6,2,7,22,15,560,178,,48.078,-2.961,Nuit avec éclairage allumé,En agglomération,Giratoire,Normale,Autre collision,,,,,,,,,,,5,2,6,1,6
200600006228,0006-02-08 18:00:00,6,2,8,18,0,560,237,,48.026,-2.948,Plein jour,Hors agglomération,Hors intersection,Normale,Deux véhicules - frontale,,,,,,,,,,,1,1,1,1,1
200600006229,0006-02-16 15:00:00,6,2,16,15,0,560,178,parking intermarché aven,48.057,-2.958,Plein jour,En agglomération,Autre intersection,Pluie légère,Autre collision,,,,,,,,,,,1,2,9,2,6
200600006230,0006-02-25 15:45:00,6,2,25,15,45,560,100,,,,Plein jour,Hors agglomération,Intersection en X,Pluie légère,Deux véhicules - côté,,,,,,,,,,,1,1,2,2,3
200600006231,0006-02-07 16:45:00,6,2,7,16,45,140,66,Avenue du littoral,,,Plein jour,En agglomération,Hors intersection,Normale,Deux véhicules - côté,,,,,,,,,,,1,2,1,1,3
200600006232,0006-02-03 23:30:00,6,2,3,23,30,140,268,,,,Nuit sans éclairage public,En agglomération,Hors intersection,Normale,Sans collision,,,,,,,,,,,3,2,1,1,7
200600006233,0006-02-06 07:55:00,6,2,6,7,55,140,5,RD 40  PK 4+500,,,Plein jour,Hors agglomération,Hors intersection,Normale,Sans collision,,,,,,,,,,,1,1,1,1,7
200600006234,0006-02-10 15:30:00,6,2,10,15,30,140,277,chemin verrières,49.102,-0.346,Plein jour,En agglomération,Hors intersection,Normale,Sans collision,,,,,,,,,,,1,2,1,1,7
200600006235,0006-02-11 19:45:00,6,2,11,19,45,140,407,CD 7,,,Nuit sans éclairage public,Hors agglomération,Hors intersection,Normale,Deux véhicules - côté,,,,,,,,,,,3,1,1,1,3
200600006236,0006-02-10 19:30:00,6,2,10,19,30,140,106,,49.228,-0.227,Nuit sans éclairage public,Hors agglomération,Hors intersection,Normale,Deux véhicules - frontale,,,,,,,,,,,3,1,1,1,1
200600006237,0006-02-06 19:00:00,6,2,6,19,0,140,250,BAYEUX/ ESQAY S/ SEULLES,49.277,-0.642,Nuit sans éclairage public,Hors agglomération,Hors intersection,Normale,Deux véhicules - frontale,,,,,,,,,,,3,1,1,1,1
200600006238,0006-02-02 08:00:00,6,2,2,8,0,140,614,CD 11,,,Nuit sans éclairage public,En agglomération,Autre intersection,Normale,Deux véhicules - arrière,,,,,,,,,,,3,2,9,1,2
200600006239,0006-02-14 16:00:00,6,2,14,16,0,140,603,,,,Plein jour,Hors agglomération,Hors intersection,Normale,Sans collision,,,,,,,,,,,1,1,1,1,7
200600006240,0006-02-02 11:15:00,6,2,2,11,15,140,489,,,,Plein jour,Hors agglomération,Hors intersection,Brouillard / fumée,Deux véhicules - côté,,,,,,,,,,,1,1,1,5,3
200600006241,0006-02-06 06:30:00,6,2,6,6,30,140,308,,49.209,-0.121,Nuit sans éclairage public,Hors agglomération,Hors intersection,Brouillard / fumée,Autre collision,,,,,,,,,,,3,1,1,5,6
200600006242,0006-02-28 19:30:00,6,2,28,19,30,140,660,CD 27,,,Nuit sans éclairage public,Hors agglomération,Hors intersection,Neige / grêle,Autre collision,,,,,,,,,,,3,1,1,4,6
200600006243,0006-02-04 01:15:00,6,2,4,1,15,140,61,,48.941,-0.802,Nuit sans éclairage public,Hors agglomération,Hors intersection,Normale,Autre collision,,,,,,,,,,,3,1,1,1,6
200600006244,0006-02-06 17:15:00,6,2,6,17,15,140,27,,49.017,-0.623,Plein jour,Hors agglomération,Hors intersection,Temps couvert,Deux véhicules - côté,,,,,,,,,,,1,1,1,8,3
200600006245,0006-02-07 18:15:00,6,2,7,18,15,500,420,,,,Crépuscule ou aube,Hors agglomération,Hors intersection,Normale,Deux véhicules - frontale,,,,,,,,,,,2,1,1,1,1
200600006246,0006-02-01 10:45:00,6,2,1,10,45,500,534,,49.303,-1.189,Plein jour,Hors agglomération,Intersection en X,Temps couvert,Deux véhicules - côté,,,,,,,,,,,1,1,2,8,3
200600006247,0006-02-16 17:45:00,6,2,16,17,45,500,248,,49.156,-1.197,Plein jour,Hors agglomération,Hors intersection,Normale,Autre collision,,,,,,,,,,,1,1,1,1,6
200600006248,0006-02-01 07:45:00,6,2,1,7,45,500,616,,,,Crépuscule ou aube,Hors agglomération,Hors intersection,Normale,Deux véhicules - frontale,,,,,,,,,,,2,1,1,1,1
200600006249,0006-02-22 23:15:00,6,2,22,23,15,500,60,,,,Nuit sans éclairage public,Hors agglomération,Hors intersection,Normale,Autre collision,,,,,,,,,,,3,1,1,1,6
200600006250,0006-02-06 07:30:00,6,2,6,7,30,500,240,,,,Nuit sans éclairage public,Hors agglomération,Hors intersection,Normale,Sans collision,,,,,,,,,,,3,1,1,1,7
200600006251,0006-02-24 10:35:00,6,2,24,10,35,500,33,La ferme St Paul,,,Plein jour,Hors agglomération,Hors intersection,Neige / grêle,Deux véhicules - arrière,,,,,,,,,,,1,1,1,4,2
200600006252,0006-02-05 20:50:00,6,2,5,20,50,500,55,croisement cd 2 cd 126,,,Nuit sans éclairage public,Hors agglomération,Intersection en X,Normale,Deux véhicules - côté,,,,,,,,,,,3,1,2,1,3
200600006253,0006-02-01 07:45:00,6,2,1,7,45,500,376,"""La Herrerie""",49.03,-1.423,Nuit sans éclairage public,Hors agglomération,Hors intersection,Normale,Deux véhicules - frontale,,,,,,,,,,,3,1,1,1,1
200600006254,0006-02-08 14:15:00,6,2,8,14,15,500,84,CD20,49.041,-1.473,Plein jour,Hors agglomération,Hors intersection,Normale,Sans collision,,,,,,,,,,,1,1,1,1,7
200600006255,0006-02-08 10:00:00,6,2,8,10,0,500,81,on du CD 971 E et CD 594,,,Plein jour,Hors agglomération,Intersection en T,Normale,Deux véhicules - côté,,,,,,,,,,,1,1,3,1,3
200600006256,0006-02-20 08:00:00,6,2,20,8,0,500,81,LE GRAND CHEMIN,48.869,-1.543,Crépuscule ou aube,Hors agglomération,Hors intersection,Pluie légère,Deux véhicules - arrière,,,,,,,,,,,2,1,1,2,2
200600006257,0006-02-16 18:15:00,6,2,16,18,15,500,289,,,,Plein jour,Hors agglomération,Intersection en X,Pluie légère,Deux véhicules - côté,,,,,,,,,,,1,1,2,2,3
200600006258,0006-02-21 11:00:00,6,2,21,11,0,500,381,,48.588,-0.923,Plein jour,Hors agglomération,Hors intersection,Normale,Deux véhicules - frontale,,,,,,,,,,,1,1,1,1,1
200600006259,0006-02-25 17:00:00,6,2,25,17,0,500,462,,48.584,-0.845,Plein jour,Hors agglomération,Hors intersection,Pluie légère,Sans collision,,,,,,,,,,,1,1,1,2,7
200600006260,0006-02-06 15:45:00,6,2,6,15,45,610,496,CD 113,,,Plein jour,En agglomération,Hors intersection,Pluie légère,Deux véhicules - frontale,,,,,,,,,,,1,2,1,2,1
200600006261,0006-02-20 18:45:00,6,2,20,18,45,610,158,,,,Crépuscule ou aube,Hors agglomération,Hors intersection,Pluie légère,Deux véhicules - côté,,,,,,,,,,,2,1,1,2,3
200600006262,0006-02-05 21:15:00,6,2,5,21,15,610,310,,48.709,0.227,Nuit sans éclairage public,Hors agglomération,Hors intersection,Normale,Deux véhicules - frontale,,,,,,,,,,,3,1,1,1,1
200600006263,0006-02-06 11:55:00,6,2,6,11,55,610,353,la Blanchère,,,Plein jour,Hors agglomération,Hors intersection,Temps couvert,Autre collision,,,,,,,,,,,1,1,1,8,6
200600006264,0006-02-11 00:15:00,6,2,11,0,15,610,447,,,,Nuit sans éclairage public,Hors agglomération,Hors intersection,Normale,Sans collision,,,,,,,,,,,3,1,1,1,7
200600006265,0006-02-17 22:00:00,6,2,17,22,0,610,486,,,,Nuit sans éclairage public,Hors agglomération,Hors intersection,Temps couvert,Sans collision,,,,,,,,,,,3,1,1,8,7
200600006266,0006-02-21 18:00:00,6,2,21,18,0,610,169,,,,Plein jour,Hors agglomération,Hors intersection,Pluie légère,Trois véhicules et plus - en chaîne,,,,,,,,,,,1,1,1,2,4
200600006267,0006-02-27 14:20:00,6,2,27,14,20,610,457,lieu dit la piltière,,,Plein jour,Hors agglomération,Hors intersection,Normale,Sans collision,,,,,,,,,,,1,1,1,1,7
200600006268,0006-02-08 07:50:00,6,2,8,7,50,440,172,RN23,,,Plein jour,Hors agglomération,Hors intersection,Normale,Deux véhicules - côté,,,,,,,,,,,1,1,1,1,3
200600006269,0006-02-28 13:45:00,6,2,28,13,45,440,26,carrefour La Jalousie,47.272,-1.484,Plein jour,En agglomération,Hors intersection,Pluie légère,Deux véhicules - côté,,,,,,,,,,,1,2,1,2,3
200600006270,0006-02-23 20:45:00,6,2,23,20,45,440,2,"Lieu-dit ""La Haut Coin""",,,Nuit sans éclairage public,Hors agglomération,Hors intersection,Normale,Autre collision,,,,,,,,,,,3,1,1,1,6
200600006271,0006-02-02 19:15:00,6,2,2,19,15,440,156,,46.929,-1.529,Nuit avec éclairage allumé,Hors agglomération,Hors intersection,Normale,Sans collision,,,,,,,,,,,5,1,1,1,7
200600006272,0006-02-15 13:15:00,6,2,15,13,15,440,41,carrefour de passay,,,Plein jour,En agglomération,Hors intersection,Temps couvert,Autre collision,,,,,,,,,,,1,2,1,8,6
200600006273,0006-02-18 11:15:00,6,2,18,11,15,440,83,,,,Plein jour,Hors agglomération,Hors intersection,Pluie légère,Sans collision,,,,,,,,,,,1,1,1,2,7
200600006274,0006-02-05 01:55:00,6,2,5,1,55,440,163,s  vignes  de la Piderie,,,Nuit sans éclairage public,Hors agglomération,Hors intersection,Normale,Deux véhicules - frontale,,,,,,,,,,,3,1,1,1,1
200600006275,0006-02-11 11:30:00,6,2,11,11,30,440,3,,47.399,-1.179,Plein jour,Hors agglomération,Hors intersection,Normale,Deux véhicules - frontale,,,,,,,,,,,1,1,1,1,1
200600006276,0006-02-16 18:30:00,6,2,16,18,30,440,212,route d'Ancenis,,,Crépuscule ou aube,En agglomération,Giratoire,Pluie forte,Deux véhicules - côté,,,,,,,,,,,2,2,6,3,3
200600006277,0006-02-25 17:20:00,6,2,25,17,20,440,32,"CD 756, P.K 13",,,Plein jour,Hors agglomération,Hors intersection,Normale,Sans collision,,,,,,,,,,,1,1,1,1,7
200600006278,0006-02-16 18:00:00,6,2,16,18,0,440,82,,47.39,-1.389,Crépuscule ou aube,Hors agglomération,Hors intersection,Temps couvert,Deux véhicules - frontale,,,,,,,,,,,2,1,1,8,1
200600006279,0006-02-23 12:45:00,6,2,23,12,45,440,148,,47.76,-1.47,Plein jour,Hors agglomération,Hors intersection,Normale,Autre collision,,,,,,,,,,,1,1,1,1,6
200600006280,0006-02-26 02:00:00,6,2,26,2,0,440,36,,,,Nuit sans éclairage public,Hors agglomération,Hors intersection,Normale,Autre collision,,,,,,,,,,,3,1,1,1,6
200600006281,0006-02-19 17:45:00,6,2,19,17,45,440,7,,47.629,-1.949,Nuit sans éclairage public,Hors agglomération,Hors intersection,Pluie légère,Autre collision,,,,,,,,,,,3,1,1,2,6
200600006282,0006-02-03 07:30:00,6,2,3,7,30,440,1,le calvaire,47.56,-1.53,Nuit avec éclairage allumé,En agglomération,Hors intersection,Normale,Autre collision,,,,,,,,,,,5,2,1,1,6
200600006283,0006-02-01 19:10:00,6,2,1,19,10,440,73,51 rue de l'océan,47.42,-1.65,Nuit avec éclairage allumé,En agglomération,Autre intersection,Normale,Sans collision,,,,,,,,,,,5,2,9,1,7
200600006284,0006-02-11 12:05:00,6,2,11,12,5,440,193,re - RN 171 - PK 22+100,,,Plein jour,Hors agglomération,Intersection en X,Normale,Trois véhicules et plus - collisions multiples,,,,,,,,,,,1,1,2,1,5
200600006285,0006-02-15 23:15:00,6,2,15,23,15,440,73,"Lieu-dit "" la remaudais""",,,Nuit sans éclairage public,Hors agglomération,Hors intersection,Pluie légère,Deux véhicules - frontale,,,,,,,,,,,3,1,1,2,1
200600006286,0006-02-06 07:30:00,6,2,6,7,30,440,130,rue du pays de retz,,,Crépuscule ou aube,En agglomération,Giratoire,Temps couvert,Sans collision,,,,,,,,,,,2,2,6,8,7
200600006287,0006-02-16 15:45:00,6,2,16,15,45,440,131,,47.116,-2.02,Plein jour,Hors agglomération,Hors intersection,Temps couvert,Deux véhicules - côté,,,,,,,,,,,1,1,1,8,3
200600006288,0006-02-17 14:15:00,6,2,17,14,15,440,178,,47.127,-1.705,Plein jour,Hors agglomération,Hors intersection,Normale,Autre collision,,,,,,,,,,,1,1,1,1,6
200600006289,0006-02-15 16:45:00,6,2,15,16,45,440,183,,,,Plein jour,Hors agglomération,Hors intersection,Pluie légère,Deux véhicules - frontale,,,,,,,,,,,1,1,1,2,1
200600006290,0006-02-08 08:30:00,6,2,8,8,30,440,103,RN171,,,Crépuscule ou aube,Hors agglomération,Hors intersection,Normale,Deux véhicules - arrière,,,,,,,,,,,2,1,1,1,2
200600006291,0006-02-03 19:30:00,6,2,3,19,30,440,217,,,,Nuit sans éclairage public,Hors agglomération,Hors intersection,Normale,Trois véhicules et plus - en chaîne,,,,,,,,,,,3,1,1,1,4
200600006292,0006-02-28 11:45:00,6,2,28,11,45,440,194,,47.278,-1.707,Plein jour,Hors agglomération,Hors intersection,Pluie légère,Autre collision,,,,,,,,,,,1,1,1,2,6
200600006293,0006-02-13 14:15:00,6,2,13,14,15,440,137,La Croix Joubert,,,Plein jour,Hors agglomération,Hors intersection,Normale,Deux véhicules - frontale,,,,,,,,,,,1,1,1,1,1
200600006294,0006-02-20 13:30:00,6,2,20,13,30,440,195,point dit de Beausoleil,,,Plein jour,En agglomération,Giratoire,Pluie forte,Autre collision,,,,,,,,,,,1,2,6,3,6
200600006295,0006-02-10 10:30:00,6,2,10,10,30,490,21,Avenue des Tilleuls,47.441,-0.221,Plein jour,En agglomération,Giratoire,Normale,Autre collision,,,,,,,,,,,1,2,6,1,6
200600006296,0006-02-06 08:30:00,6,2,6,8,30,490,222,,47.376,-0.575,Plein jour,Hors agglomération,Hors intersection,Brouillard / fumée,Trois véhicules et plus - collisions multiples,,,,,,,,,,,1,1,1,5,5
200600006297,0006-02-11 04:00:00,6,2,11,4,0,490,50,,47.36,-0.45,Nuit sans éclairage public,Hors agglomération,Hors intersection,Normale,Sans collision,,,,,,,,,,,3,1,1,1,7
200600006298,0006-02-11 23:00:00,6,2,11,23,0,490,4,,47.47,-0.37,Nuit sans éclairage public,Hors agglomération,Hors intersection,Normale,Autre collision,,,,,,,,,,,3,1,1,1,6
200600006299,0006-02-13 06:30:00,6,2,13,6,30,490,4,,47.474,-0.371,Nuit sans éclairage public,Hors agglomération,Hors intersection,Normale,Deux véhicules - frontale,,,,,,,,,,,3,1,1,1,1
200600006300,0006-02-28 18:45:00,6,2,28,18,45,490,377,,47.53,-0.42,Crépuscule ou aube,Hors agglomération,Hors intersection,Normale,Trois véhicules et plus - collisions multiples,,,,,,,,,,,2,1,1,1,5
200600006301,0006-02-01 10:45:00,6,2,1,10,45,490,162,,47.205,-0.922,Plein jour,Hors agglomération,Hors intersection,Brouillard / fumée,Trois véhicules et plus - en chaîne,,,,,,,,,,,1,1,1,5,4
200600006302,0006-02-03 11:30:00,6,2,3,11,30,490,239,parking Cathelineau,47.257,-0.897,Plein jour,En agglomération,Hors intersection,Normale,Deux véhicules - frontale,,,,,,,,,,,1,2,1,1,1
200600006303,0006-02-04 04:45:00,6,2,4,4,45,490,199,CD 756 avenue de Verdun,47.189,-0.694,Nuit avec éclairage allumé,En agglomération,Hors intersection,Normale,Autre collision,,,,,,,,,,,5,2,1,1,6
200600006304,0006-02-27 05:45:00,6,2,27,5,45,490,162,,47.207,-0.836,Nuit sans éclairage public,Hors agglomération,Hors intersection,Temps couvert,Autre collision,,,,,,,,,,,3,1,1,8,6
200600006305,0006-02-19 05:00:00,6,2,19,5,0,490,193,la Boumellerie,,,Nuit sans éclairage public,Hors agglomération,Hors intersection,Pluie légère,Sans collision,,,,,,,,,,,3,1,1,2,7
200600006306,0006-02-25 14:45:00,6,2,25,14,45,490,264,4 RUE DE LA LIBERATION,,,Plein jour,En agglomération,Hors intersection,Temps couvert,Autre collision,,,,,,,,,,,1,2,1,8,6
200600006307,0006-02-25 19:15:00,6,2,25,19,15,490,193,1 RUE HONORE NEVEU,,,Nuit avec éclairage allumé,En agglomération,Hors intersection,Temps couvert,Autre collision,,,,,,,,,,,5,2,1,8,6
200600006308,0006-02-27 12:30:00,6,2,27,12,30,490,380,,47.584,-0.02,Plein jour,Hors agglomération,Intersection en X,Normale,Deux véhicules - côté,,,,,,,,,,,1,1,2,1,3
200600006309,0006-02-28 15:45:00,6,2,28,15,45,490,125,ROUTE DE MONTREUIL,,,Plein jour,En agglomération,Hors intersection,Normale,Deux véhicules - côté,,,,,,,,,,,1,2,1,1,3
200600006310,0006-02-20 16:15:00,6,2,20,16,15,490,361,,,,Plein jour,Hors agglomération,Hors intersection,Normale,Sans collision,,,,,,,,,,,1,1,1,1,7
200600006311,0006-02-23 08:15:00,6,2,23,8,15,490,180,,47.4,-0.132,Plein jour,Hors agglomération,Hors intersection,Normale,Autre collision,,,,,,,,,,,1,1,1,1,6
200600006312,0006-02-27 17:30:00,6,2,27,17,30,490,311,,47.386,-0.057,Plein jour,Hors agglomération,Hors intersection,Normale,Deux véhicules - frontale,,,,,,,,,,,1,1,1,1,1
200600006313,0006-02-17 12:30:00,6,2,17,12,30,490,291,,,,Plein jour,Hors agglomération,Hors intersection,Normale,Deux véhicules - frontale,,,,,,,,,,,1,1,1,1,1
200600006314,0006-02-09 18:30:00,6,2,9,18,30,490,144,CD 923 - PK 39,,,Nuit sans éclairage public,Hors agglomération,Hors intersection,Normale,Trois véhicules et plus - collisions multiples,,,,,,,,,,,3,1,1,1,5
200600006315,0006-02-26 11:00:00,6,2,26,11,0,490,331,place Aristide Briand,,,Plein jour,En agglomération,Hors intersection,Normale,Autre collision,,,,,,,,,,,1,2,1,1,6
200600006316,0006-02-08 11:45:00,6,2,8,11,45,490,176,Intersection rue de la C,47.631,-0.713,Plein jour,En agglomération,Hors intersection,Normale,Autre collision,,,,,,,,,,,1,2,1,1,6
200600006317,0006-02-26 06:00:00,6,2,26,6,0,490,298,"""Carrefour des Landes",47.48,-0.709,Nuit sans éclairage public,Hors agglomération,Hors intersection,Normale,Autre collision,,,,,,,,,,,3,1,1,1,6
200600006318,0006-02-09 09:30:00,6,2,9,9,30,490,347,,47.604,-0.481,Plein jour,Hors agglomération,Hors intersection,Normale,Deux véhicules - frontale,,,,,,,,,,,1,1,1,1,1