accident_id,datetime,annee,mois,jour,heure,minute,departement,commune_insee,adresse,latitude,longitude,luminosite,agglomeration,intersection,meteo,collision,nb_vehicules,nb_usagers,nb_indemnes,nb_tues,nb_blesses_hosp,nb_blesses_legers,age_cond_1,age_cond_2,veh_type_cond_1,veh_type_cond_2,lum_code,agg_code,int_code,atm_code,col_code
200600006455,0006-02-04 00:30:00,6,2,4,0,30,170,314,,,,Nuit sans éclairage public,Hors agglomération,Hors intersection,Normale,Autre collision,,,,,,,,,,,3,1,1,1,6
200600006456,0006-02-10 04:30:00,6,2,10,4,30,170,143,"it ""Le Bois de la Combe""",,,Nuit sans éclairage public,Hors agglomération,Hors intersection,Normale,Deux véhicules - frontale,,,,,,,,,,,3,1,1,1,1
200600006457,0006-02-22 14:00:00,6,2,22,14,0,170,102,avenue du Littoral,45.691,-0.672,Plein jour,En agglomération,Hors intersection,Normale,Deux véhicules - côté,,,,,,,,,,,1,2,1,1,3
200600006458,0006-02-24 13:45:00,6,2,24,13,45,170,284,Chemin Bessec,,,Plein jour,En agglomération,Hors intersection,Normale,Autre collision,,,,,,,,,,,1,2,1,1,6
200600006459,0006-02-26 01:30:00,6,2,26,1,30,170,120,,,,Nuit sans éclairage public,Hors agglomération,Hors intersection,Normale,Deux véhicules - frontale,,,,,,,,,,,3,1,1,1,1
200600006460,0006-02-16 12:30:00,6,2,16,12,30,170,421,,,,Plein jour,Hors agglomération,Hors intersection,Pluie légère,Deux véhicules - frontale,,,,,,,,,,,1,1,1,2,1
200600006461,0006-02-02 19:00:00,6,2,2,19,0,170,48,,45.876,-0.35,Nuit sans éclairage public,En agglomération,Intersection en T,Normale,Deux véhicules - frontale,,,,,,,,,,,3,2,3,1,1
200600006462,0006-02-25 12:45:00,6,2,25,12,45,170,70,,45.806,-0.467,Plein jour,Hors agglomération,Hors intersection,Normale,Deux véhicules - frontale,,,,,,,,,,,1,1,1,1,1
200600006463,0006-02-09 14:00:00,6,2,9,14,0,790,35,,46.604,-0.493,Plein jour,Hors agglomération,Hors intersection,Normale,Sans collision,,,,,,,,,,,1,1,1,1,7
200600006464,0006-02-03 19:15:00,6,2,3,19,15,790,115,,,,Crépuscule ou aube,Hors agglomération,Hors intersection,Normale,Deux véhicules - arrière,,,,,,,,,,,2,1,1,1,2
200600006465,0006-02-14 17:30:00,6,2,14,17,30,790,48,route de cherveux - lieu,46.369,-0.305,Plein jour,En agglomération,Hors intersection,Normale,Deux véhicules - côté,,,,,,,,,,,1,2,1,1,3
200600006466,0006-02-25 13:15:00,6,2,25,13,15,790,270,Ave. de l'école militair,46.416,-0.198,Plein jour,En agglomération,Hors intersection,Normale,Deux véhicules - arrière,,,,,,,,,,,1,2,1,1,2
200600006467,0006-02-15 11:00:00,6,2,15,11,0,790,49,Route de nantes,,,Plein jour,Hors agglomération,Hors intersection,Pluie légère,Deux véhicules - côté,,,,,,,,,,,1,1,1,2,3
200600006468,0006-02-18 09:45:00,6,2,18,9,45,790,49,route de niort,,,Plein jour,Hors agglomération,Hors intersection,Neige / grêle,Deux véhicules - frontale,,,,,,,,,,,1,1,1,4,1
200600006469,0006-02-24 16:20:00,6,2,24,16,20,790,49,1er et rue de la Vergne,,,Plein jour,En agglomération,Hors intersection,Normale,Deux véhicules - côté,,,,,,,,,,,1,2,1,1,3
200600006470,0006-02-08 07:45:00,6,2,8,7,45,790,289,,,,Crépuscule ou aube,Hors agglomération,Hors intersection,Normale,Deux véhicules - frontale,,,,,,,,,,,2,1,1,1,1
200600006471,0006-02-14 21:30:00,6,2,14,21,30,790,161,Lieu-dit Vallon,,,Nuit sans éclairage public,Hors agglomération,Hors intersection,Normale,Sans collision,,,,,,,,,,,3,1,1,1,7
200600006472,0006-02-10 12:45:00,6,2,10,12,45,790,8,,,,Plein jour,Hors agglomération,Hors intersection,Normale,Deux véhicules - frontale,,,,,,,,,,,1,1,1,1,1
200600006473,0006-02-22 07:30:00,6,2,22,7,30,790,202,Rond point du 46éme  RI,46.65,-0.248,Nuit avec éclairage allumé,En agglomération,Giratoire,Pluie légère,Autre collision,,,,,,,,,,,5,2,6,2,6
200600006474,0006-02-18 16:30:00,6,2,18,16,30,870,21,rue de St Paul,45.779,1.214,Plein jour,En agglomération,Hors intersection,Normale,Autre collision,,,,,,,,,,,1,2,1,1,6
200600006475,0006-02-26 14:45:00,6,2,26,14,45,870,183,,45.991,1.329,Plein jour,Hors agglomération,Hors intersection,Normale,Deux véhicules - côté,,,,,,,,,,,1,1,1,1,3
200600006476,0006-02-09 21:00:00,6,2,9,21,0,870,170,,45.672,1.561,Nuit sans éclairage public,Hors agglomération,Hors intersection,Normale,Sans collision,,,,,,,,,,,3,1,1,1,7
200600006477,0006-02-01 14:45:00,6,2,1,14,45,870,22,,46.047,1.123,Plein jour,Hors agglomération,Hors intersection,Normale,Autre collision,,,,,,,,,,,1,1,1,1,6
200600006478,0006-02-03 07:30:00,6,2,3,7,30,870,33,,45.995,1.154,Crépuscule ou aube,Hors agglomération,Hors intersection,Normale,Sans collision,,,,,,,,,,,2,1,1,1,7
200600006479,0006-02-01 08:30:00,6,2,1,8,30,870,154,,,,Plein jour,Hors agglomération,Hors intersection,Temps couvert,Deux véhicules - côté,,,,,,,,,,,1,1,1,8,3
200600006480,0006-02-16 19:10:00,6,2,16,19,10,870,126,Lieu-dit Lascaux,,,Nuit sans éclairage public,Hors agglomération,Hors intersection,Pluie forte,Autre collision,,,,,,,,,,,3,1,1,3,6
200600006481,0006-02-18 13:30:00,6,2,18,13,30,870,36,,,,Plein jour,Hors agglomération,Hors intersection,Neige / grêle,Deux véhicules - frontale,,,,,,,,,,,1,1,1,4,1
200600006482,0006-02-17 10:45:00,6,2,17,10,45,870,111,,,,Plein jour,Hors agglomération,Hors intersection,Temps couvert,Sans collision,,,,,,,,,,,1,1,1,8,7
200600006483,0006-02-23 16:00:00,6,2,23,16,0,190,91,,45.098,1.994,Plein jour,Hors agglomération,Intersection en X,Normale,Deux véhicules - arrière,,,,,,,,,,,1,1,2,1,2
200600006484,0006-02-24 15:00:00,6,2,24,15,0,190,81,,45.339,1.912,Plein jour,Hors agglomération,Hors intersection,Normale,Autre collision,,,,,,,,,,,1,1,1,1,6
200600006485,0006-02-04 12:50:00,6,2,4,12,50,190,100,"67E -lieu dit ""Belleveu""",,,Plein jour,Hors agglomération,Hors intersection,Normale,Autre collision,,,,,,,,,,,1,1,1,1,6
200600006486,0006-02-13 14:25:00,6,2,13,14,25,190,274,La Barrière de Salomon,,,Plein jour,Hors agglomération,Hors intersection,Normale,Autre collision,,,,,,,,,,,1,1,1,1,6
200600006487,0006-02-21 13:45:00,6,2,21,13,45,190,153,N° 16 Av E FREYSSINET,,,Plein jour,En agglomération,Hors intersection,Normale,Deux véhicules - arrière,,,,,,,,,,,1,2,1,1,2
200600006488,0006-02-16 13:00:00,6,2,16,13,0,190,190,CD 138,45.516,2.438,Plein jour,Hors agglomération,Hors intersection,Pluie légère,Autre collision,,,,,,,,,,,1,1,1,2,6
200600006489,0006-02-25 21:30:00,6,2,25,21,30,230,2,,46.217,2.021,Nuit sans éclairage public,Hors agglomération,Hors intersection,Normale,Autre collision,,,,,,,,,,,3,1,1,1,6
200600006490,0006-02-12 16:15:00,6,2,12,16,15,230,176,2 rue de la république,46.24,1.49,Plein jour,En agglomération,Autre intersection,Normale,Deux véhicules - côté,,,,,,,,,,,1,2,9,1,3
200600006491,0006-02-22 08:45:00,6,2,22,8,45,230,48,,46.036,2.267,Plein jour,Hors agglomération,Hors intersection,Normale,Autre collision,,,,,,,,,,,1,1,1,1,6
200600006492,0006-02-06 20:00:00,6,2,6,20,0,230,178,hemin dépratemental N°29,45.814,2.354,Nuit sans éclairage public,Hors agglomération,Hors intersection,Temps couvert,Sans collision,,,,,,,,,,,3,1,1,8,7
200600006493,0006-02-14 16:15:00,6,2,14,16,15,230,9,,46.24,2.32,Plein jour,Hors agglomération,Hors intersection,Normale,Deux véhicules - arrière,,,,,,,,,,,1,1,1,1,2
200600006494,0006-02-28 23:15:00,6,2,28,23,15,230,145,,46.284,2.395,Nuit sans éclairage public,Hors agglomération,Autre intersection,Neige / grêle,Deux véhicules - arrière,,,,,,,,,,,3,1,9,4,2
200600006495,0006-02-20 13:15:00,6,2,20,13,15,230,95,,,,Plein jour,Hors agglomération,Hors intersection,Normale,Autre collision,,,,,,,,,,,1,1,1,1,6
200600006496,0006-02-14 17:10:00,6,2,14,17,10,230,232,RD 8,,,Plein jour,Hors agglomération,Hors intersection,Pluie légère,Autre collision,,,,,,,,,,,1,1,1,2,6
200600006497,0006-02-10 07:30:00,6,2,10,7,30,310,163,,43.593,1.583,Crépuscule ou aube,Hors agglomération,Intersection en T,Normale,Deux véhicules - côté,,,,,,,,,,,2,1,3,1,3
200600006498,0006-02-15 20:30:00,6,2,15,20,30,310,118,,43.788,1.347,Nuit avec éclairage allumé,Hors agglomération,Hors intersection,Pluie forte,Autre collision,,,,,,,,,,,5,1,1,3,6
200600006499,0006-02-19 08:15:00,6,2,19,8,15,310,407,,,,Plein jour,Hors agglomération,Hors intersection,Normale,Trois véhicules et plus - en chaîne,,,,,,,,,,,1,1,1,1,4
200600006500,0006-02-16 08:30:00,6,2,16,8,30,310,592,,43.719,1.235,Plein jour,Hors agglomération,Hors intersection,Pluie légère,Sans collision,,,,,,,,,,,1,1,1,2,7
200600006501,0006-02-13 14:05:00,6,2,13,14,5,310,417,CD65,43.601,1.278,Plein jour,Hors agglomération,Hors intersection,Normale,Autre collision,,,,,,,,,,,1,1,1,1,6
200600006502,0006-02-26 19:00:00,6,2,26,19,0,310,417,,43.638,1.235,Nuit sans éclairage public,Hors agglomération,Intersection en T,Normale,Deux véhicules - côté,,,,,,,,,,,3,1,3,1,3
200600006503,0006-02-17 19:45:00,6,2,17,19,45,310,446,emin des crêtes/ parking,,,Nuit avec éclairage allumé,En agglomération,Hors intersection,Normale,Autre collision,,,,,,,,,,,5,2,1,1,6
200600006504,0006-02-03 11:45:00,6,2,3,11,45,310,230,RUE DE MAURYS,43.73,1.41,Plein jour,En agglomération,Hors intersection,Normale,Trois véhicules et plus - collisions multiples,,,,,,,,,,,1,2,1,1,5
200600006505,0006-02-03 19:30:00,6,2,3,19,30,310,282,chemin des combes,,,Nuit sans éclairage public,Hors agglomération,Hors intersection,Normale,Deux véhicules - frontale,,,,,,,,,,,3,1,1,1,1
200600006506,0006-02-07 07:00:00,6,2,7,7,0,310,561,,,,Crépuscule ou aube,Hors agglomération,Hors intersection,Normale,Deux véhicules - côté,,,,,,,,,,,2,1,1,1,3
200600006507,0006-02-20 22:00:00,6,2,20,22,0,310,282,route de Bessières,,,Nuit avec éclairage allumé,En agglomération,Giratoire,Normale,Autre collision,,,,,,,,,,,5,2,6,1,6
200600006508,0006-02-23 05:30:00,6,2,23,5,30,310,574,917 route de Toulouse,,,Nuit avec éclairage allumé,En agglomération,Hors intersection,Normale,Sans collision,,,,,,,,,,,5,2,1,1,7
200600006509,0006-02-05 23:00:00,6,2,5,23,0,310,111,,43.239,1.374,Nuit sans éclairage public,Hors agglomération,Hors intersection,Normale,Autre collision,,,,,,,,,,,3,1,1,1,6
200600006510,0006-02-11 04:45:00,6,2,11,4,45,310,303,,43.368,1.202,Nuit sans éclairage public,Hors agglomération,Hors intersection,Normale,Autre collision,,,,,,,,,,,3,1,1,1,6
200600006511,0006-02-19 04:00:00,6,2,19,4,0,310,324,avenue de TOULOUSE,43.206,1.017,Nuit avec éclairage allumé,En agglomération,Hors intersection,Normale,Autre collision,,,,,,,,,,,5,2,1,1,6
200600006512,0006-02-08 18:30:00,6,2,8,18,30,310,187,,,,Nuit sans éclairage public,Hors agglomération,Hors intersection,Normale,Deux véhicules - frontale,,,,,,,,,,,3,1,1,1,1
200600006513,0006-02-25 15:00:00,6,2,25,15,0,310,524,,42.845,0.606,Plein jour,Hors agglomération,Hors intersection,Normale,Deux véhicules - côté,,,,,,,,,,,1,1,1,1,3
200600006514,0006-02-28 19:30:00,6,2,28,19,30,310,528,CD 98,,,Crépuscule ou aube,Hors agglomération,Hors intersection,Temps éblouissant,Deux véhicules - frontale,,,,,,,,,,,2,1,1,7,1
200600006515,0006-02-09 09:45:00,6,2,9,9,45,310,208,,43.05,0.83,Plein jour,Hors agglomération,Hors intersection,Normale,Autre collision,,,,,,,,,,,1,1,1,1,6
200600006516,0006-02-02 15:30:00,6,2,2,15,30,310,284,,43.561,1.573,Plein jour,Hors agglomération,Hors intersection,Normale,Deux véhicules - frontale,,,,,,,,,,,1,1,1,1,1
200600006517,0006-02-07 16:45:00,6,2,7,16,45,310,381,Croisement CD.31  RN.113,43.468,1.568,Plein jour,En agglomération,Intersection en T,Normale,Deux véhicules - côté,,,,,,,,,,,1,2,3,1,3
200600006518,0006-02-11 14:00:00,6,2,11,14,0,310,192,"Lieu dit ""aymard""",43.506,1.618,Plein jour,En agglomération,Hors intersection,Temps éblouissant,Deux véhicules - côté,,,,,,,,,,,1,2,1,7,3
200600006519,0006-02-26 02:15:00,6,2,26,2,15,310,4,Ticaille,43.452,1.597,Nuit avec éclairage allumé,Hors agglomération,Intersection en X,Normale,Deux véhicules - côté,,,,,,,,,,,5,1,2,1,3
200600006520,0006-02-24 04:15:00,6,2,24,4,15,90,262,"R.D. 117 - P.R 10,700",,,Nuit avec éclairage allumé,En agglomération,Hors intersection,Normale,Sans collision,,,,,,,,,,,5,2,1,1,7
200600006521,0006-02-08 18:45:00,6,2,8,18,45,90,253,Carrefour des 04 chemins,43.105,1.391,Nuit avec éclairage allumé,En agglomération,Intersection en X,Normale,Deux véhicules - côté,,,,,,,,,,,5,2,2,1,3
200600006522,0006-02-14 11:00:00,6,2,14,11,0,90,124,,43.17,1.417,Plein jour,Hors agglomération,Intersection en T,Normale,Deux véhicules - frontale,,,,,,,,,,,1,1,3,1,1
200600006523,0006-02-04 18:40:00,6,2,4,18,40,90,229,avenue du 11 novembre,,,Nuit avec éclairage allumé,En agglomération,Hors intersection,Pluie légère,Sans collision,,,,,,,,,,,5,2,1,2,7
200600006524,0006-02-10 16:30:00,6,2,10,16,30,90,161,rue de Mongout,42.992,1.908,Plein jour,En agglomération,Hors intersection,Temps éblouissant,Deux véhicules - frontale,,,,,,,,,,,1,2,1,7,1
200600006525,0006-02-11 15:15:00,6,2,11,15,15,90,194,Rue de L'olivette,,,Plein jour,En agglomération,Hors intersection,Normale,Deux véhicules - frontale,,,,,,,,,,,1,2,1,1,1
200600006526,0006-02-18 17:30:00,6,2,18,17,30,90,157,49 rue l'Hôtel de Ville,42.972,1.873,Plein jour,En agglomération,Hors intersection,Normale,Autre collision,,,,,,,,,,,1,2,1,1,6
200600006527,0006-02-06 18:15:00,6,2,6,18,15,90,261,103 boulevard Frédéric A,,,Crépuscule ou aube,En agglomération,Hors intersection,Normale,Deux véhicules - arrière,,,,,,,,,,,2,2,1,1,2
200600006528,0006-02-18 00:50:00,6,2,18,0,50,120,271,,44.37,2.872,Nuit sans éclairage public,Hors agglomération,Hors intersection,Temps couvert,Autre collision,,,,,,,,,,,3,1,1,8,6
200600006529,0006-02-28 19:45:00,6,2,28,19,45,120,33,,44.447,2.707,Nuit sans éclairage public,Hors agglomération,Hors intersection,Pluie légère,Deux véhicules - frontale,,,,,,,,,,,3,1,1,2,1
200600006530,0006-02-03 08:30:00,6,2,3,8,30,120,121,RD 1,,,Plein jour,Hors agglomération,Hors intersection,Brouillard / fumée,Trois véhicules et plus - collisions multiples,,,,,,,,,,,1,1,1,5,5
200600006531,0006-02-06 15:45:00,6,2,6,15,45,120,145,,,,Plein jour,Hors agglomération,Hors intersection,Normale,Sans collision,,,,,,,,,,,1,1,1,1,7
200600006532,0006-02-16 13:45:00,6,2,16,13,45,120,225,,,,Plein jour,Hors agglomération,Hors intersection,Pluie légère,Deux véhicules - côté,,,,,,,,,,,1,1,1,2,3
200600006533,0006-02-20 20:45:00,6,2,20,20,45,120,123,,44.35,2.985,Nuit sans éclairage public,Hors agglomération,Hors intersection,Pluie légère,Trois véhicules et plus - collisions multiples,,,,,,,,,,,3,1,1,2,5
200600006534,0006-02-07 15:25:00,6,2,7,15,25,120,208,RD 7,,,Plein jour,Hors agglomération,Hors intersection,Normale,Sans collision,,,,,,,,,,,1,1,1,1,7
200600006535,0006-02-25 23:45:00,6,2,25,23,45,120,208,CD 3 La Briquetterie,,,Nuit sans éclairage public,Hors agglomération,Hors intersection,Normale,Sans collision,,,,,,,,,,,3,1,1,1,7
200600006536,0006-02-03 09:00:00,6,2,3,9,0,120,136,Pk 43 + 750 Cd 1,,,Plein jour,Hors agglomération,Hors intersection,Brouillard / fumée,Autre collision,,,,,,,,,,,1,1,1,5,6
200600006537,0006-02-24 17:15:00,6,2,24,17,15,120,242,,,,Plein jour,Hors agglomération,Hors intersection,Normale,Sans collision,,,,,,,,,,,1,1,1,1,7
200600006538,0006-02-02 11:45:00,6,2,2,11,45,320,348,,,,Plein jour,Hors agglomération,Hors intersection,Normale,Sans collision,,,,,,,,,,,1,1,1,1,7
200600006539,0006-02-09 07:45:00,6,2,9,7,45,320,107,Route de Lectoure,43.959,0.388,Crépuscule ou aube,Hors agglomération,Autre intersection,Pluie légère,Deux véhicules - côté,,,,,,,,,,,2,1,9,2,3
200600006540,0006-02-19 12:10:00,6,2,19,12,10,320,107,rue Gambetta,,,Plein jour,En agglomération,Hors intersection,Normale,Autre collision,,,,,,,,,,,1,2,1,1,6
200600006541,0006-02-15 13:15:00,6,2,15,13,15,320,110,,43.851,0.24,Plein jour,Hors agglomération,Hors intersection,Pluie légère,Sans collision,,,,,,,,,,,1,1,1,2,7
200600006542,0006-02-28 16:00:00,6,2,28,16,0,320,296,86 rue nationale,43.761,-0.036,Plein jour,En agglomération,Hors intersection,Normale,Sans collision,,,,,,,,,,,1,2,1,1,7
200600006543,0006-02-01 19:00:00,6,2,1,19,0,320,101,,,,Nuit sans éclairage public,Hors agglomération,Hors intersection,Normale,Deux véhicules - côté,,,,,,,,,,,3,1,1,1,3
200600006544,0006-02-26 10:50:00,6,2,26,10,50,320,337,LE HOUNT DE L'OR,,,Plein jour,Hors agglomération,Hors intersection,Normale,Autre collision,,,,,,,,,,,1,1,1,1,6
200600006545,0006-02-09 18:30:00,6,2,9,18,30,320,254,,43.552,0.472,Crépuscule ou aube,Hors agglomération,Hors intersection,Normale,Autre collision,,,,,,,,,,,2,1,1,1,6
200600006546,0006-02-26 15:45:00,6,2,26,15,45,320,260,,43.383,0.713,Plein jour,Hors agglomération,Intersection en X,Normale,Deux véhicules - côté,,,,,,,,,,,1,1,2,1,3
200600006547,0006-02-12 20:30:00,6,2,12,20,30,320,464,36 avenue de Gascogne,,,Nuit avec éclairage allumé,En agglomération,Hors intersection,Normale,Autre collision,,,,,,,,,,,5,2,1,1,6
200600006548,0006-02-10 16:15:00,6,2,10,16,15,460,287,,44.278,1.447,Plein jour,Hors agglomération,Hors intersection,Normale,Sans collision,,,,,,,,,,,1,1,1,1,7
200600006549,0006-02-15 11:35:00,6,2,15,11,35,460,55,Lieu-dit Le Couquet,,,Plein jour,Hors agglomération,Hors intersection,Normale,Deux véhicules - frontale,,,,,,,,,,,1,1,1,1,1
200600006550,0006-02-01 16:15:00,6,2,1,16,15,460,271,D807,,,Plein jour,En agglomération,Hors intersection,Normale,Deux véhicules - côté,,,,,,,,,,,1,2,1,1,3
200600006551,0006-02-12 15:25:00,6,2,12,15,25,460,128,nue du Général de Gaulle,,,Plein jour,En agglomération,Hors intersection,Normale,Autre collision,,,,,,,,,,,1,2,1,1,6
200600006552,0006-02-06 20:00:00,6,2,6,20,0,650,223,,43.197,0.091,Nuit avec éclairage allumé,Hors agglomération,Hors intersection,Normale,Deux véhicules - frontale,,,,,,,,,,,5,1,1,1,1
200600006553,0006-02-23 20:30:00,6,2,23,20,30,650,161,RN 21,,,Nuit avec éclairage allumé,En agglomération,Autre intersection,Normale,Autre collision,,,,,,,,,,,5,2,9,1,6
200600006554,0006-02-25 17:00:00,6,2,25,17,0,650,900,,42.94,0.2,Plein jour,Hors agglomération,Hors intersection,Normale,Deux véhicules - frontale,,,,,,,,,,,1,1,1,1,1
200600006555,0006-02-17 15:15:00,6,2,17,15,15,810,250,Les Bruges,,,Plein jour,Hors agglomération,Intersection en X,Normale,Deux véhicules - côté,,,,,,,,,,,1,1,2,1,3
200600006556,0006-02-19 17:40:00,6,2,19,17,40,810,124,ZAI du MERLY,,,Crépuscule ou aube,Hors agglomération,Hors intersection,Pluie légère,Autre collision,,,,,,,,,,,2,1,1,2,6
200600006557,0006-02-12 15:15:00,6,2,12,15,15,810,140,,43.677,1.807,Plein jour,Hors agglomération,Hors intersection,Normale,Autre collision,,,,,,,,,,,1,1,1,1,6
200600006558,0006-02-11 05:00:00,6,2,11,5,0,810,99,Rue des Rives homas,,,Nuit avec éclairage allumé,En agglomération,Hors intersection,Normale,Autre collision,,,,,,,,,,,5,2,1,1,6
200600006559,0006-02-14 11:00:00,6,2,14,11,0,810,41,,43.964,1.871,Plein jour,Hors agglomération,Hors intersection,Normale,Deux véhicules - côté,,,,,,,,,,,1,1,1,1,3
200600006560,0006-02-25 10:30:00,6,2,25,10,30,810,276,,43.919,1.693,Plein jour,Hors agglomération,Hors intersection,Normale,Deux véhicules - côté,,,,,,,,,,,1,1,1,1,3
200600006561,0006-02-05 05:30:00,6,2,5,5,30,810,2,,43.517,2.325,Nuit sans éclairage public,Hors agglomération,Hors intersection,Normale,Deux véhicules - frontale,,,,,,,,,,,3,1,1,1,1
200600006562,0006-02-05 05:40:00,6,2,5,5,40,810,2,La Roubinarié,43.517,2.328,Nuit sans éclairage public,Hors agglomération,Hors intersection,Normale,Deux véhicules - frontale,,,,,,,,,,,3,1,1,1,1
200600006563,0006-02-18 16:15:00,6,2,18,16,15,810,2,,43.522,2.308,Plein jour,Hors agglomération,Hors intersection,Normale,Trois véhicules et plus - collisions multiples,,,,,,,,,,,1,1,1,1,5
200600006564,0006-02-26 17:00:00,6,2,26,17,0,820,155,"958, lieu-dit Laudounas",,,Plein jour,Hors agglomération,Hors intersection,Normale,Sans collision,,,,,,,,,,,1,1,1,1,7
200600006565,0006-02-07 22:15:00,6,2,7,22,15,820,114,162 RN 113,,,Nuit avec éclairage allumé,En agglomération,Hors intersection,Normale,Autre collision,,,,,,,,,,,5,2,1,1,6
200600006566,0006-02-05 04:15:00,6,2,5,4,15,820,151,,44.333,0.956,Nuit sans éclairage public,Hors agglomération,Hors intersection,Normale,Autre collision,,,,,,,,,,,3,1,1,1,6
200600006567,0006-02-05 07:50:00,6,2,5,7,50,820,171,RN 113 route de MONTECH,,,Plein jour,En agglomération,Hors intersection,Normale,Autre collision,,,,,,,,,,,1,2,1,1,6
200600006568,0006-02-10 18:00:00,6,2,10,18,0,820,125,CD928,43.965,1.242,Plein jour,En agglomération,Hors intersection,Normale,Deux véhicules - frontale,,,,,,,,,,,1,2,1,1,1
200600006569,0006-02-16 06:15:00,6,2,16,6,15,820,62,,43.931,1.222,Nuit sans éclairage public,Hors agglomération,Intersection en X,Normale,Deux véhicules - côté,,,,,,,,,,,3,1,2,1,3
200600006570,0006-02-10 08:00:00,6,2,10,8,0,690,277,rue de l'égalité,,,Crépuscule ou aube,En agglomération,Hors intersection,Temps couvert,Deux véhicules - frontale,,,,,,,,,,,2,2,1,8,1
200600006571,0006-02-03 19:40:00,6,2,3,19,40,690,40,Chemin du Tronchon,,,Nuit avec éclairage allumé,En agglomération,Hors intersection,Normale,Deux véhicules - frontale,,,,,,,,,,,5,2,1,1,1
200600006572,0006-02-26 13:30:00,6,2,26,13,30,690,68,51  avenue gabriel peri,,,Plein jour,En agglomération,Hors intersection,Normale,Deux véhicules - côté,,,,,,,,,,,1,2,1,1,3
200600006573,0006-02-10 17:00:00,6,2,10,17,0,690,286,Avenue de l'Europe,,,Plein jour,En agglomération,Intersection en T,Normale,Deux véhicules - côté,,,,,,,,,,,1,2,3,1,3
200600006574,0006-02-11 19:45:00,6,2,11,19,45,690,286,rond point Mont Blanc,,,Nuit avec éclairage allumé,En agglomération,Giratoire,Normale,Autre collision,,,,,,,,,,,5,2,6,1,6
200600006575,0006-02-17 19:15:00,6,2,17,19,15,690,286,Route de Strasbourg - CD,,,Nuit avec éclairage allumé,En agglomération,Hors intersection,Normale,Autre collision,,,,,,,,,,,5,2,1,1,6
200600006576,0006-02-03 15:30:00,6,2,3,15,30,690,299,,45.719,5.156,Plein jour,Hors agglomération,Hors intersection,Normale,Deux véhicules - côté,,,,,,,,,,,1,1,1,1,3
200600006577,0006-02-01 19:35:00,6,2,1,19,35,690,270,Rue de la Poste,,,Nuit avec éclairage allumé,En agglomération,Hors intersection,Normale,Deux véhicules - frontale,,,,,,,,,,,5,2,1,1,1
200600006578,0006-02-13 11:45:00,6,2,13,11,45,690,283,,,,Plein jour,Hors agglomération,Giratoire,Temps couvert,Sans collision,,,,,,,,,,,1,1,6,8,7
200600006579,0006-02-14 08:00:00,6,2,14,8,0,690,175,"chonnière, PK 1 + 200 m.",,,Plein jour,Hors agglomération,Hors intersection,Brouillard / fumée,Deux véhicules - frontale,,,,,,,,,,,1,1,1,5,1
200600006580,0006-02-27 21:00:00,6,2,27,21,0,690,171,CD389 / ROUTE SAIN BEL,,,Nuit sans éclairage public,En agglomération,Hors intersection,Temps couvert,Autre collision,,,,,,,,,,,3,2,1,8,6
200600006581,0006-02-26 19:00:00,6,2,26,19,0,690,190,Avenue Marcel Mérieux,,,Nuit sans éclairage public,En agglomération,Hors intersection,Pluie légère,Sans collision,,,,,,,,,,,3,2,1,2,7
200600006582,0006-02-18 12:00:00,6,2,18,12,0,690,295,RUE DU STADE,,,Plein jour,En agglomération,Giratoire,Normale,Deux véhicules - côté,,,,,,,,,,,1,2,6,1,3
200600006583,0006-02-26 06:00:00,6,2,26,6,0,690,294,,,,Crépuscule ou aube,Hors agglomération,Hors intersection,Normale,Autre collision,,,,,,,,,,,2,1,1,1,6
200600006584,0006-02-22 09:45:00,6,2,22,9,45,690,141,rue de Verdun,,,Nuit avec éclairage allumé,En agglomération,Hors intersection,Normale,Deux véhicules - côté,,,,,,,,,,,5,2,1,1,3
200600006585,0006-02-21 11:00:00,6,2,21,11,0,690,52,de CIVRIEUX rue du Clos,,,Plein jour,En agglomération,Hors intersection,Normale,Deux véhicules - frontale,,,,,,,,,,,1,2,1,1,1
200600006586,0006-02-15 15:45:00,6,2,15,15,45,690,19,rue Victor Hugo,46.112,4.751,Plein jour,En agglomération,Hors intersection,Pluie légère,Deux véhicules - côté,,,,,,,,,,,1,2,1,2,3
200600006587,0006-02-24 19:00:00,6,2,24,19,0,690,206,LD les Sables,46.065,4.727,Nuit avec éclairage allumé,En agglomération,Hors intersection,Normale,Autre collision,,,,,,,,,,,5,2,1,1,6
200600006588,0006-02-06 19:30:00,6,2,6,19,30,690,17,"Lieu dit "" Le Baronnat """,45.92,4.616,Nuit sans éclairage public,Hors agglomération,Hors intersection,Normale,Deux véhicules - frontale,,,,,,,,,,,3,1,1,1,1
200600006589,0006-02-22 08:00:00,6,2,22,8,0,690,24,,,,Plein jour,Hors agglomération,Hors intersection,Normale,Deux véhicules - côté,,,,,,,,,,,1,1,1,1,3