accident_id,datetime,annee,mois,jour,heure,minute,departement,commune_insee,adresse,latitude,longitude,luminosite,agglomeration,intersection,meteo,collision,nb_vehicules,nb_usagers,nb_indemnes,nb_tues,nb_blesses_hosp,nb_blesses_legers,age_cond_1,age_cond_2,veh_type_cond_1,veh_type_cond_2,lum_code,agg_code,int_code,atm_code,col_code
200600006723,0006-02-04 15:40:00,6,2,4,15,40,30,157,Champblanc,,,Plein jour,Hors agglomération,Hors intersection,Normale,Sans collision,,,,,,,,,,,1,1,1,1,7
200600006724,0006-02-04 16:15:00,6,2,4,16,15,150,267,Av frères pelissier,,,Plein jour,En agglomération,Hors intersection,Normale,Deux véhicules - côté,,,,,,,,,,,1,2,1,1,3
200600006725,0006-02-12 05:45:00,6,2,12,5,45,150,147,,44.848,2.139,Nuit sans éclairage public,Hors agglomération,Hors intersection,Normale,Autre collision,,,,,,,,,,,3,1,1,1,6
200600006726,0006-02-24 16:00:00,6,2,24,16,0,150,265,,,,Plein jour,Hors agglomération,Hors intersection,Normale,Autre collision,,,,,,,,,,,1,1,1,1,6
200600006727,0006-02-21 17:45:00,6,2,21,17,45,430,84,,44.998,3.869,Plein jour,Hors agglomération,Hors intersection,Normale,Sans collision,,,,,,,,,,,1,1,1,1,7
200600006728,0006-02-10 19:00:00,6,2,10,19,0,430,111,,44.83,3.86,Nuit sans éclairage public,Hors agglomération,Hors intersection,Autre,Autre collision,,,,,,,,,,,3,1,1,9,6
200600006729,0006-02-10 21:30:00,6,2,10,21,30,430,111,,44.834,3.866,Nuit sans éclairage public,Hors agglomération,Hors intersection,Vent fort / tempête,Autre collision,,,,,,,,,,,3,1,1,6,6
200600006730,0006-02-12 10:00:00,6,2,12,10,0,430,19,,,,Plein jour,Hors agglomération,Hors intersection,Normale,Autre collision,,,,,,,,,,,1,1,1,1,6
200600006731,0006-02-21 11:00:00,6,2,21,11,0,430,111,,44.85,3.85,Plein jour,Hors agglomération,Hors intersection,Normale,Sans collision,,,,,,,,,,,1,1,1,1,7
200600006732,0006-02-21 07:20:00,6,2,21,7,20,430,119,Route de Tholance,,,Plein jour,Hors agglomération,Hors intersection,Normale,Sans collision,,,,,,,,,,,1,1,1,1,7
200600006733,0006-02-24 15:15:00,6,2,24,15,15,430,165,,45.128,4.001,Plein jour,Hors agglomération,Hors intersection,Normale,Deux véhicules - frontale,,,,,,,,,,,1,1,1,1,1
200600006734,0006-02-08 18:30:00,6,2,8,18,30,430,190,,,,Nuit sans éclairage public,Hors agglomération,Hors intersection,Normale,Deux véhicules - arrière,,,,,,,,,,,3,1,1,1,2
200600006735,0006-02-11 10:00:00,6,2,11,10,0,430,152,,,,Plein jour,Hors agglomération,Intersection en X,Normale,Deux véhicules - côté,,,,,,,,,,,1,1,2,1,3
200600006736,0006-02-16 15:45:00,6,2,16,15,45,430,80,3 BOULEVARD DU NORD,45.335,3.847,Plein jour,En agglomération,Hors intersection,Temps éblouissant,Autre collision,,,,,,,,,,,1,2,1,7,6
200600006737,0006-02-02 11:00:00,6,2,2,11,0,430,239,Centre bourg,45.09,3.63,Plein jour,En agglomération,Intersection en X,Normale,Deux véhicules - côté,,,,,,,,,,,1,2,2,1,3
200600006738,0006-02-08 08:15:00,6,2,8,8,15,430,120,,45.377,3.292,Plein jour,Hors agglomération,Hors intersection,Normale,Deux véhicules - frontale,,,,,,,,,,,1,1,1,1,1
200600006739,0006-02-14 15:30:00,6,2,14,15,30,430,258,,45.377,3.349,Plein jour,Hors agglomération,Hors intersection,Normale,Deux véhicules - frontale,,,,,,,,,,,1,1,1,1,1
200600006740,0006-02-25 17:00:00,6,2,25,17,0,430,258,,45.364,3.355,Plein jour,Hors agglomération,Hors intersection,Normale,Sans collision,,,,,,,,,,,1,1,1,1,7
200600006741,0006-02-03 13:00:00,6,2,3,13,0,430,203,,,,Plein jour,Hors agglomération,Intersection en Y,Normale,Deux véhicules - côté,,,,,,,,,,,1,1,4,1,3
200600006742,0006-02-27 14:00:00,6,2,27,14,0,430,244,rue du Rachat,,,Plein jour,En agglomération,Hors intersection,Normale,Autre collision,,,,,,,,,,,1,2,1,1,6
200600006743,0006-02-02 06:30:00,6,2,2,6,30,570,481,,,,Crépuscule ou aube,Hors agglomération,Hors intersection,Brouillard / fumée,Trois véhicules et plus - collisions multiples,,,,,,,,,,,2,1,1,5,5
200600006744,0006-02-09 13:00:00,6,2,9,13,0,570,481,,49.234,6.021,Plein jour,Hors agglomération,Hors intersection,Neige / grêle,Deux véhicules - côté,,,,,,,,,,,1,1,1,4,3
200600006745,0006-02-11 05:45:00,6,2,11,5,45,570,707,RD 11 - PK 8+700,,,Nuit sans éclairage public,Hors agglomération,Hors intersection,Normale,Sans collision,,,,,,,,,,,3,1,1,1,7
200600006746,0006-02-16 13:45:00,6,2,16,13,45,570,17,,,,Plein jour,Hors agglomération,Hors intersection,Pluie légère,Sans collision,,,,,,,,,,,1,1,1,2,7
200600006747,0006-02-23 19:10:00,6,2,23,19,10,570,415,CD 51,,,Nuit sans éclairage public,Hors agglomération,Hors intersection,Neige / grêle,Sans collision,,,,,,,,,,,3,1,1,4,7
200600006748,0006-02-01 17:05:00,6,2,1,17,5,570,701,CD 6,,,Crépuscule ou aube,Hors agglomération,Hors intersection,Normale,Deux véhicules - côté,,,,,,,,,,,2,1,1,1,3
200600006749,0006-02-28 14:45:00,6,2,28,14,45,570,443,,,,Plein jour,Hors agglomération,Giratoire,Normale,Deux véhicules - côté,,,,,,,,,,,1,1,6,1,3
200600006750,0006-02-08 09:45:00,6,2,8,9,45,570,422,,,,Plein jour,Hors agglomération,Hors intersection,Pluie légère,Deux véhicules - côté,,,,,,,,,,,1,1,1,2,3
200600006751,0006-02-18 14:45:00,6,2,18,14,45,570,572,RUE DE LORRAINE (CD 999),,,Plein jour,En agglomération,Hors intersection,Pluie légère,Deux véhicules - frontale,,,,,,,,,,,1,2,1,2,1
200600006752,0006-02-14 16:30:00,6,2,14,16,30,570,431,,,,Nuit sans éclairage public,Hors agglomération,Hors intersection,Normale,Sans collision,,,,,,,,,,,3,1,1,1,7
200600006753,0006-02-07 20:30:00,6,2,7,20,30,570,288,Rue de porcelette - PK25,,,Nuit avec éclairage allumé,En agglomération,Autre intersection,Pluie légère,Deux véhicules - frontale,,,,,,,,,,,5,2,9,2,1
200600006754,0006-02-02 07:45:00,6,2,2,7,45,570,493,,48.812,6.685,Crépuscule ou aube,Hors agglomération,Hors intersection,Brouillard / fumée,Deux véhicules - frontale,,,,,,,,,,,2,1,1,5,1
200600006755,0006-02-09 07:45:00,6,2,9,7,45,570,198,,,,Plein jour,Hors agglomération,Hors intersection,Temps couvert,Autre collision,,,,,,,,,,,1,1,1,8,6
200600006756,0006-02-14 18:15:00,6,2,14,18,15,570,628,CD28 PK 51 RUE POINCARE,,,Nuit avec éclairage allumé,En agglomération,Autre intersection,Pluie légère,Autre collision,,,,,,,,,,,5,2,9,2,6
200600006757,0006-02-17 09:00:00,6,2,17,9,0,570,628,10 RUE DE NANCY,,,Crépuscule ou aube,En agglomération,Hors intersection,Pluie forte,Deux véhicules - frontale,,,,,,,,,,,2,2,1,3,1
200600006758,0006-02-01 10:00:00,6,2,1,10,0,570,355,,,,Plein jour,Hors agglomération,Hors intersection,Normale,Deux véhicules - côté,,,,,,,,,,,1,1,1,1,3
200600006759,0006-02-15 12:45:00,6,2,15,12,45,570,465,,,,Plein jour,Hors agglomération,Intersection en X,Pluie légère,Deux véhicules - côté,,,,,,,,,,,1,1,2,2,3
200600006760,0006-02-05 15:45:00,6,2,5,15,45,540,358,,,,Plein jour,Hors agglomération,Hors intersection,Normale,Sans collision,,,,,,,,,,,1,1,1,1,7
200600006761,0006-02-22 16:15:00,6,2,22,16,15,540,397,rue du capitaine caillon,,,Plein jour,En agglomération,Hors intersection,Normale,Autre collision,,,,,,,,,,,1,2,1,1,6
200600006762,0006-02-08 18:30:00,6,2,8,18,30,540,415,RUE ANATOLE FRANCE,,,Nuit avec éclairage allumé,En agglomération,Hors intersection,Normale,Autre collision,,,,,,,,,,,5,2,1,1,6
200600006763,0006-02-14 07:36:00,6,2,14,7,36,540,590,RN 18 - PK 8+100,,,Plein jour,Hors agglomération,Hors intersection,Brouillard / fumée,Deux véhicules - frontale,,,,,,,,,,,1,1,1,5,1
200600006764,0006-02-04 08:15:00,6,2,4,8,15,540,54,,,,Plein jour,Hors agglomération,Hors intersection,Normale,Autre collision,,,,,,,,,,,1,1,1,1,6
200600006765,0006-02-11 12:30:00,6,2,11,12,30,540,40,Col de la Chapelotte,,,Plein jour,Hors agglomération,Hors intersection,Autre,Sans collision,,,,,,,,,,,1,1,1,9,7
200600006766,0006-02-26 12:15:00,6,2,26,12,15,540,40,,,,Plein jour,Hors agglomération,Hors intersection,Normale,Sans collision,,,,,,,,,,,1,1,1,1,7
200600006767,0006-02-09 00:45:00,6,2,9,0,45,540,38,,48.508,6.71,Nuit sans éclairage public,Hors agglomération,Hors intersection,Autre,Sans collision,,,,,,,,,,,3,1,1,9,7
200600006768,0006-02-28 19:45:00,6,2,28,19,45,550,101,PK 6+800,,,Nuit sans éclairage public,Hors agglomération,Hors intersection,Autre,Autre collision,,,,,,,,,,,3,1,1,9,6
200600006769,0006-02-06 08:00:00,6,2,6,8,0,550,87,,,,Plein jour,Hors agglomération,Hors intersection,Autre,Sans collision,,,,,,,,,,,1,1,1,9,7
200600006770,0006-02-11 00:30:00,6,2,11,0,30,550,195,,,,Nuit sans éclairage public,Hors agglomération,Hors intersection,Autre,Sans collision,,,,,,,,,,,3,1,1,9,7
200600006771,0006-02-25 17:30:00,6,2,25,17,30,550,553,Rue du Générale Verneau,,,Plein jour,En agglomération,Hors intersection,Normale,Autre collision,,,,,,,,,,,1,2,1,1,6
200600006772,0006-02-19 06:15:00,6,2,19,6,15,550,263,,48.879,5.444,Nuit sans éclairage public,Hors agglomération,Hors intersection,Normale,Autre collision,,,,,,,,,,,3,1,1,1,6
200600006773,0006-02-17 03:30:00,6,2,17,3,30,550,8,RN18 PK 4+941,49.26,5.666,Nuit sans éclairage public,Hors agglomération,Hors intersection,Pluie légère,Sans collision,,,,,,,,,,,3,1,1,2,7
200600006774,0006-02-09 14:00:00,6,2,9,14,0,880,151,,,,Plein jour,Hors agglomération,Hors intersection,Normale,Deux véhicules - côté,,,,,,,,,,,1,1,1,1,3
200600006775,0006-02-04 18:45:00,6,2,4,18,45,880,388,des 13 cantons  - rd 51,,,Nuit sans éclairage public,Hors agglomération,Hors intersection,Normale,Trois véhicules et plus - collisions multiples,,,,,,,,,,,3,1,1,1,5
200600006776,0006-02-06 07:45:00,6,2,6,7,45,880,273,RD 46 -PK 20.550,,,Plein jour,Hors agglomération,Hors intersection,Brouillard / fumée,Trois véhicules et plus - collisions multiples,,,,,,,,,,,1,1,1,5,5
200600006777,0006-02-27 16:00:00,6,2,27,16,0,880,55,,,,Plein jour,Hors agglomération,Hors intersection,Normale,Autre collision,,,,,,,,,,,1,1,1,1,6
200600006778,0006-02-03 16:15:00,6,2,3,16,15,880,321,,,,Plein jour,Hors agglomération,Hors intersection,Normale,Autre collision,,,,,,,,,,,1,1,1,1,6
200600006779,0006-02-10 17:15:00,6,2,10,17,15,880,525,,,,Nuit sans éclairage public,Hors agglomération,Hors intersection,Normale,Trois véhicules et plus - collisions multiples,,,,,,,,,,,3,1,1,1,5
200600006780,0006-02-20 06:30:00,6,2,20,6,30,880,514,carrefour CD16A-CD79,,,Nuit sans éclairage public,Hors agglomération,Intersection en X,Autre,Deux véhicules - côté,,,,,,,,,,,3,1,2,9,3
200600006781,0006-02-22 19:45:00,6,2,22,19,45,880,385,,48.219,6.022,Nuit sans éclairage public,Hors agglomération,Hors intersection,Normale,Deux véhicules - côté,,,,,,,,,,,3,1,1,1,3
200600006782,0006-02-04 07:15:00,6,2,4,7,15,880,37,,47.991,6.723,Plein jour,Hors agglomération,Hors intersection,Normale,Autre collision,,,,,,,,,,,1,1,1,1,6
200600006783,0006-02-05 17:30:00,6,2,5,17,30,880,447,CONTOURNEMENT,,,Plein jour,Hors agglomération,Hors intersection,Normale,Deux véhicules - frontale,,,,,,,,,,,1,1,1,1,1
200600006784,0006-02-02 16:15:00,6,2,2,16,15,880,408,,47.935,6.698,Plein jour,Hors agglomération,Hors intersection,Normale,Autre collision,,,,,,,,,,,1,1,1,1,6
200600006785,0006-02-20 09:45:00,6,2,20,9,45,880,81,Place de la mairie,47.888,6.854,Plein jour,En agglomération,Place,Pluie légère,Autre collision,,,,,,,,,,,1,2,7,2,6
200600006786,0006-02-18 13:30:00,6,2,18,13,30,880,115,,,,Plein jour,Hors agglomération,Hors intersection,Normale,Autre collision,,,,,,,,,,,1,1,1,1,6
200600006787,0006-02-06 09:40:00,6,2,6,9,40,880,372,RN 59,,,Plein jour,Hors agglomération,Hors intersection,Brouillard / fumée,Autre collision,,,,,,,,,,,1,1,1,5,6
200600006788,0006-02-04 01:35:00,6,2,4,1,35,670,397,chemin rural,,,Nuit sans éclairage public,Hors agglomération,Hors intersection,Neige / grêle,Autre collision,,,,,,,,,,,3,1,1,4,6
200600006789,0006-02-09 14:30:00,6,2,9,14,30,670,137,RN83,48.501,7.689,Plein jour,En agglomération,Hors intersection,Temps couvert,Deux véhicules - arrière,,,,,,,,,,,1,2,1,8,2
200600006790,0006-02-28 21:20:00,6,2,28,21,20,670,286,route de SCHAEFFERSHEIM,,,Nuit sans éclairage public,Hors agglomération,Hors intersection,Normale,Deux véhicules - frontale,,,,,,,,,,,3,1,1,1,1
200600006791,0006-02-12 15:45:00,6,2,12,15,45,670,523,12 RUE Michel ADAM,,,Plein jour,En agglomération,Hors intersection,Normale,Deux véhicules - frontale,,,,,,,,,,,1,2,1,1,1
200600006792,0006-02-06 11:15:00,6,2,6,11,15,670,46,rue Marienthal-rue Hague,48.768,7.853,Plein jour,En agglomération,Hors intersection,Normale,Deux véhicules - côté,,,,,,,,,,,1,2,1,1,3
200600006793,0006-02-07 17:45:00,6,2,7,17,45,670,101,,48.535,7.455,Nuit sans éclairage public,Hors agglomération,Hors intersection,Pluie légère,Deux véhicules - frontale,,,,,,,,,,,3,1,1,2,1
200600006794,0006-02-09 17:00:00,6,2,9,17,0,670,437,GRAND RUE,,,Crépuscule ou aube,En agglomération,Hors intersection,Normale,Autre collision,,,,,,,,,,,2,2,1,1,6
200600006795,0006-02-24 20:10:00,6,2,24,20,10,670,283,CD 259,,,Nuit avec éclairage allumé,Hors agglomération,Hors intersection,Normale,Deux véhicules - arrière,,,,,,,,,,,5,1,1,1,2
200600006796,0006-02-05 19:15:00,6,2,5,19,15,670,514,route forestière,,,Nuit sans éclairage public,Hors agglomération,Hors intersection,Neige / grêle,Autre collision,,,,,,,,,,,3,1,1,4,6
200600006797,0006-02-02 09:15:00,6,2,2,9,15,670,535,,48.917,7.412,Plein jour,Hors agglomération,Intersection en T,Pluie légère,Deux véhicules - côté,,,,,,,,,,,1,1,3,2,3
200600006798,0006-02-10 15:15:00,6,2,10,15,15,670,467,,48.848,7.199,Nuit sans éclairage public,Hors agglomération,Hors intersection,Autre,Sans collision,,,,,,,,,,,3,1,1,9,7
200600006799,0006-02-08 08:30:00,6,2,8,8,30,670,202,23 rue du Général Lebocq,,,Plein jour,En agglomération,Hors intersection,Pluie légère,Autre collision,,,,,,,,,,,1,2,1,2,6
200600006800,0006-02-09 06:00:00,6,2,9,6,0,670,145,,48.703,7.481,Nuit sans éclairage public,Hors agglomération,Hors intersection,Autre,Sans collision,,,,,,,,,,,3,1,1,9,7
200600006801,0006-02-10 07:30:00,6,2,10,7,30,670,58,,,,Crépuscule ou aube,Hors agglomération,Hors intersection,Temps couvert,Autre collision,,,,,,,,,,,2,1,1,8,6
200600006802,0006-02-01 12:15:00,6,2,1,12,15,670,548,RUE DU VILLAGE,48.644,7.606,Plein jour,En agglomération,Hors intersection,Temps couvert,Deux véhicules - frontale,,,,,,,,,,,1,2,1,8,1
200600006803,0006-02-14 19:30:00,6,2,14,19,30,670,532,,,,Nuit sans éclairage public,Hors agglomération,Hors intersection,Normale,Sans collision,,,,,,,,,,,3,1,1,1,7
200600006804,0006-02-24 21:45:00,6,2,24,21,45,670,150,,48.616,7.554,Nuit sans éclairage public,Hors agglomération,Hors intersection,Normale,Deux véhicules - frontale,,,,,,,,,,,3,1,1,1,1
200600006805,0006-02-05 16:30:00,6,2,5,16,30,670,529,,48.729,7.803,Plein jour,Hors agglomération,Hors intersection,Normale,Deux véhicules - frontale,,,,,,,,,,,1,1,1,1,1
200600006806,0006-02-08 20:00:00,6,2,8,20,0,670,445,,,,Nuit sans éclairage public,Hors agglomération,Hors intersection,Pluie légère,Autre collision,,,,,,,,,,,3,1,1,2,6
200600006807,0006-02-18 15:45:00,6,2,18,15,45,670,311,route de wittisheim,48.271,7.536,Plein jour,En agglomération,Hors intersection,Normale,Deux véhicules - frontale,,,,,,,,,,,1,2,1,1,1
200600006808,0006-02-25 12:00:00,6,2,25,12,0,670,11,,48.2,7.57,Plein jour,Hors agglomération,Hors intersection,Normale,Deux véhicules - côté,,,,,,,,,,,1,1,1,1,3
200600006809,0006-02-27 14:15:00,6,2,27,14,15,670,11,,48.224,7.59,Plein jour,Hors agglomération,Hors intersection,Temps éblouissant,Autre collision,,,,,,,,,,,1,1,1,7,6
200600006810,0006-02-08 23:00:00,6,2,8,23,0,670,463,,48.902,8.05,Nuit sans éclairage public,Hors agglomération,Hors intersection,Autre,Deux véhicules - frontale,,,,,,,,,,,3,1,1,9,1
200600006811,0006-02-22 18:00:00,6,2,22,18,0,670,147,rue  liebfrauthal,48.94,7.72,Nuit sans éclairage public,En agglomération,Autre intersection,Normale,Sans collision,,,,,,,,,,,3,2,9,1,7
200600006812,0006-02-23 21:00:00,6,2,23,21,0,680,175,,48.146,7.18,Nuit sans éclairage public,Hors agglomération,Hors intersection,Normale,Trois véhicules et plus - collisions multiples,,,,,,,,,,,3,1,1,1,5
200600006813,0006-02-03 06:15:00,6,2,3,6,15,680,1,,48.007,7.538,Nuit sans éclairage public,Hors agglomération,Hors intersection,Brouillard / fumée,Deux véhicules - côté,,,,,,,,,,,3,1,1,5,3
200600006814,0006-02-19 05:15:00,6,2,19,5,15,680,379,,48.027,7.513,Nuit sans éclairage public,Hors agglomération,Hors intersection,Normale,Sans collision,,,,,,,,,,,3,1,1,1,7
200600006815,0006-02-23 23:00:00,6,2,23,23,0,680,345,31 Grand' Rue,48.088,7.487,Nuit avec éclairage allumé,En agglomération,Hors intersection,Normale,Deux véhicules - frontale,,,,,,,,,,,5,2,1,1,1
200600006816,0006-02-24 13:30:00,6,2,24,13,30,680,269,,48.188,7.339,Plein jour,Hors agglomération,Hors intersection,Normale,Deux véhicules - frontale,,,,,,,,,,,1,1,1,1,1
200600006817,0006-02-02 17:30:00,6,2,2,17,30,680,911,rue Herzog,48.09,7.315,Crépuscule ou aube,En agglomération,Autre intersection,Brouillard / fumée,Deux véhicules - frontale,,,,,,,,,,,2,2,9,5,1
200600006818,0006-02-11 15:30:00,6,2,11,15,30,680,385,,48.079,7.243,Plein jour,Hors agglomération,Hors intersection,Normale,Deux véhicules - frontale,,,,,,,,,,,1,1,1,1,1
200600006819,0006-02-16 19:20:00,6,2,16,19,20,680,4,,,,Nuit avec éclairage allumé,Hors agglomération,Hors intersection,Temps couvert,Deux véhicules - côté,,,,,,,,,,,5,1,1,8,3
200600006820,0006-02-03 16:45:00,6,2,3,16,45,680,332,,47.655,7.265,Plein jour,Hors agglomération,Hors intersection,Temps couvert,Deux véhicules - frontale,,,,,,,,,,,1,1,1,8,1
200600006821,0006-02-17 19:00:00,6,2,17,19,0,680,332,Grand Rue,47.66,7.276,Nuit avec éclairage allumé,En agglomération,Hors intersection,Pluie forte,Autre collision,,,,,,,,,,,5,2,1,3,6
200600006822,0006-02-27 08:30:00,6,2,27,8,30,680,77,CD 18 - RUE DE HAGENBACH,,,Plein jour,En agglomération,Hors intersection,Normale,Deux véhicules - frontale,,,,,,,,,,,1,2,1,1,1
200600006823,0006-02-24 13:00:00,6,2,24,13,0,680,248,,47.507,7.429,Plein jour,Hors agglomération,Hors intersection,Temps couvert,Autre collision,,,,,,,,,,,1,1,1,8,6
200600006824,0006-02-01 07:15:00,6,2,1,7,15,680,82,,47.876,7.374,Crépuscule ou aube,Hors agglomération,Hors intersection,Brouillard / fumée,Autre collision,,,,,,,,,,,2,1,1,5,6
200600006825,0006-02-24 06:45:00,6,2,24,6,45,680,242,,47.968,7.372,Crépuscule ou aube,Hors agglomération,Hors intersection,Normale,Deux véhicules - arrière,,,,,,,,,,,2,1,1,1,2
200600006826,0006-02-28 10:15:00,6,2,28,10,15,680,82,RUE BARTHOLDI / G.EIFFEL,47.872,7.344,Plein jour,En agglomération,Hors intersection,Autre,Deux véhicules - côté,,,,,,,,,,,1,2,1,9,3
200600006827,0006-02-23 14:30:00,6,2,23,14,30,680,251,,48.009,7.211,Plein jour,Hors agglomération,Hors intersection,Brouillard / fumée,Deux véhicules - frontale,,,,,,,,,,,1,1,1,5,1
200600006828,0006-02-16 07:45:00,6,2,16,7,45,680,154,rue de Sausheim/du Puits,47.776,7.362,Plein jour,En agglomération,Hors intersection,Normale,Deux véhicules - côté,,,,,,,,,,,1,2,1,1,3
200600006829,0006-02-27 08:15:00,6,2,27,8,15,680,154,RUE DE BERNE,,,Plein jour,En agglomération,Hors intersection,Normale,Autre collision,,,,,,,,,,,1,2,1,1,6
200600006830,0006-02-03 17:00:00,6,2,3,17,0,680,349,,47.625,7.554,Plein jour,Hors agglomération,Hors intersection,Normale,Deux véhicules - frontale,,,,,,,,,,,1,1,1,1,1
200600006831,0006-02-14 17:45:00,6,2,14,17,45,680,160,,,,Crépuscule ou aube,En agglomération,Hors intersection,Temps couvert,Autre collision,,,,,,,,,,,2,2,1,8,6
200600006832,0006-02-24 12:30:00,6,2,24,12,30,680,334,Rue Kléber,47.815,7.102,Plein jour,En agglomération,Hors intersection,Normale,Deux véhicules - frontale,,,,,,,,,,,1,2,1,1,1
200600006833,0006-02-03 20:30:00,6,2,3,20,30,510,231,CD 208,,,Nuit sans éclairage public,Hors agglomération,Hors intersection,Normale,Sans collision,,,,,,,,,,,3,1,1,1,7
200600006834,0006-02-15 15:00:00,6,2,15,15,0,510,357,RUE PRINCIPALE,48.995,4.245,Crépuscule ou aube,En agglomération,Hors intersection,Pluie forte,Deux véhicules - frontale,,,,,,,,,,,2,2,1,3,1
200600006835,0006-02-03 14:45:00,6,2,3,14,45,510,165,CD5 PK36+200,48.73,3.905,Plein jour,Hors agglomération,Hors intersection,Normale,Deux véhicules - côté,,,,,,,,,,,1,1,1,1,3
200600006836,0006-02-05 15:00:00,6,2,5,15,0,510,594,,48.744,4.149,Plein jour,Hors agglomération,Hors intersection,Normale,Deux véhicules - frontale,,,,,,,,,,,1,1,1,1,1
200600006837,0006-02-24 20:30:00,6,2,24,20,30,510,380,carrefour CD933 et CD23,48.877,3.539,Nuit avec éclairage allumé,En agglomération,Intersection en X,Pluie légère,Deux véhicules - côté,,,,,,,,,,,5,2,2,2,3
200600006838,0006-02-02 07:30:00,6,2,2,7,30,510,360,,48.701,3.65,Crépuscule ou aube,Hors agglomération,Hors intersection,Temps couvert,Sans collision,,,,,,,,,,,2,1,1,8,7
200600006839,0006-02-06 08:00:00,6,2,6,8,0,510,56,,48.621,3.608,Crépuscule ou aube,Hors agglomération,Intersection en X,Normale,Deux véhicules - côté,,,,,,,,,,,2,1,2,1,3
200600006840,0006-02-13 15:00:00,6,2,13,15,0,510,234,,48.573,3.655,Plein jour,Hors agglomération,Hors intersection,Pluie légère,Deux véhicules - côté,,,,,,,,,,,1,1,1,2,3
200600006841,0006-02-23 13:15:00,6,2,23,13,15,510,526,,48.685,3.716,Plein jour,En agglomération,Hors intersection,Normale,Autre collision,,,,,,,,,,,1,2,1,1,6
200600006842,0006-02-13 10:00:00,6,2,13,10,0,510,532,RN 51,,,Plein jour,Hors agglomération,Hors intersection,Brouillard / fumée,Deux véhicules - côté,,,,,,,,,,,1,1,1,5,3
200600006843,0006-02-17 17:00:00,6,2,17,17,0,510,391,place du commerce,,,Plein jour,En agglomération,Autre intersection,Normale,Trois véhicules et plus - collisions multiples,,,,,,,,,,,1,2,9,1,5
200600006844,0006-02-12 21:00:00,6,2,12,21,0,510,184,,,,Nuit sans éclairage public,Hors agglomération,Hors intersection,Neige / grêle,Autre collision,,,,,,,,,,,3,1,1,4,6
200600006845,0006-02-16 18:45:00,6,2,16,18,45,510,649,N 44 faubourg de CHALONS,,,Nuit avec éclairage allumé,En agglomération,Hors intersection,Normale,Deux véhicules - arrière,,,,,,,,,,,5,2,1,1,2
200600006846,0006-02-22 17:30:00,6,2,22,17,30,510,649,RUE ABRAHAM DE MOIVRE,,,Nuit avec éclairage allumé,En agglomération,Hors intersection,Normale,Deux véhicules - côté,,,,,,,,,,,5,2,1,1,3
200600006847,0006-02-07 17:15:00,6,2,7,17,15,510,317,,49.151,4.693,Crépuscule ou aube,Hors agglomération,Hors intersection,Temps couvert,Sans collision,,,,,,,,,,,2,1,1,8,7
200600006848,0006-02-20 13:45:00,6,2,20,13,45,510,500,,48.919,4.823,Plein jour,Hors agglomération,Hors intersection,Normale,Sans collision,,,,,,,,,,,1,1,1,1,7
200600006849,0006-02-24 18:15:00,6,2,24,18,15,80,385,,49.763,4.782,Plein jour,Hors agglomération,Hors intersection,Normale,Deux véhicules - frontale,,,,,,,,,,,1,1,1,1,1
200600006850,0006-02-26 01:00:00,6,2,26,1,0,80,365,Rue Jean Baptiste Clémen,,,Nuit avec éclairage allumé,En agglomération,Hors intersection,Normale,Autre collision,,,,,,,,,,,5,2,1,1,6
200600006851,0006-02-09 11:45:00,6,2,9,11,45,80,363,RD 988 - Les Bois Bryas,49.953,4.65,Plein jour,En agglomération,Hors intersection,Neige / grêle,Autre collision,,,,,,,,,,,1,2,1,4,6
200600006852,0006-02-17 20:30:00,6,2,17,20,30,80,440,RUE MARNIERE,,,Nuit avec éclairage allumé,En agglomération,Hors intersection,Pluie légère,Autre collision,,,,,,,,,,,5,2,1,2,6
200600006853,0006-02-16 18:15:00,6,2,16,18,15,80,493,RD983,,,Crépuscule ou aube,Hors agglomération,Hors intersection,Temps couvert,Deux véhicules - frontale,,,,,,,,,,,2,1,1,8,1
200600006854,0006-02-02 08:30:00,6,2,2,8,30,80,320,D985,49.353,4.375,Plein jour,En agglomération,Hors intersection,Brouillard / fumée,Deux véhicules - frontale,,,,,,,,,,,1,2,1,5,1
200600006855,0006-02-12 00:05:00,6,2,12,0,5,80,368,R.D.  50,49.442,4.173,Nuit sans éclairage public,Hors agglomération,Hors intersection,Normale,Sans collision,,,,,,,,,,,3,1,1,1,7
200600006856,0006-02-11 15:45:00,6,2,11,15,45,80,107,,49.531,4.298,Plein jour,Hors agglomération,Hors intersection,Normale,Deux véhicules - frontale,,,,,,,,,,,1,1,1,1,1
200600006857,0006-02-21 20:55:00,6,2,21,20,55,80,262,Rue PASTEUR,49.53,4.477,Nuit avec éclairage allumé,En agglomération,Hors intersection,Normale,Deux véhicules - arrière,,,,,,,,,,,5,2,1,1,2