accident_id,datetime,annee,mois,jour,heure,minute,departement,commune_insee,adresse,latitude,longitude,luminosite,agglomeration,intersection,meteo,collision,nb_vehicules,nb_usagers,nb_indemnes,nb_tues,nb_blesses_hosp,nb_blesses_legers,age_cond_1,age_cond_2,veh_type_cond_1,veh_type_cond_2,lum_code,agg_code,int_code,atm_code,col_code
200600007130,0006-02-03 14:45:00,6,2,3,14,45,910,156,cd 449,,,Plein jour,Hors agglomération,Hors intersection,Normale,Autre collision,,,,,,,,,,,1,1,1,1,6
200600007131,0006-02-19 18:30:00,6,2,19,18,30,910,338,,,,Nuit sans éclairage public,Hors agglomération,Hors intersection,Pluie légère,Deux véhicules - frontale,,,,,,,,,,,3,1,1,2,1
200600007132,0006-02-10 18:30:00,6,2,10,18,30,950,229,Rue de la gare,,,Nuit avec éclairage allumé,En agglomération,Hors intersection,Normale,Deux véhicules - côté,,,,,,,,,,,5,2,1,1,3
200600007133,0006-02-06 08:45:00,6,2,6,8,45,950,675,,49.074,2.528,Plein jour,Hors agglomération,Hors intersection,Temps couvert,Deux véhicules - frontale,,,,,,,,,,,1,1,1,8,1
200600007134,0006-02-28 16:15:00,6,2,28,16,15,770,222,,48.627,2.829,Plein jour,Hors agglomération,Hors intersection,Normale,Sans collision,,,,,,,,,,,1,1,1,1,7
200600007135,0006-02-03 06:15:00,6,2,3,6,15,770,470,,,,Nuit sans éclairage public,Hors agglomération,Hors intersection,Normale,Autre collision,,,,,,,,,,,3,1,1,1,6
200600007136,0006-02-11 12:30:00,6,2,11,12,30,770,470,sortie Z.I ROVINCE Paris,48.738,2.782,Plein jour,Hors agglomération,Hors intersection,Normale,Deux véhicules - côté,,,,,,,,,,,1,1,1,1,3
200600007137,0006-02-03 21:30:00,6,2,3,21,30,770,413,RUE DE MELUN,48.882,2.849,Nuit avec éclairage allumé,En agglomération,Hors intersection,Normale,Autre collision,,,,,,,,,,,5,2,1,1,6
200600007138,0006-02-08 13:30:00,6,2,8,13,30,770,521,côte de DAINVILLE,,,Plein jour,En agglomération,Hors intersection,Normale,Deux véhicules - frontale,,,,,,,,,,,1,2,1,1,1
200600007139,0006-02-07 05:40:00,6,2,7,5,40,770,142,de la côte de MONGROLLE,,,Nuit sans éclairage public,Hors agglomération,Hors intersection,Autre,Sans collision,,,,,,,,,,,3,1,1,9,7
200600007140,0006-02-05 16:00:00,6,2,5,16,0,770,423,,48.804,3.339,Plein jour,Hors agglomération,Hors intersection,Temps couvert,Sans collision,,,,,,,,,,,1,1,1,8,7
200600007141,0006-02-26 20:00:00,6,2,26,20,0,770,290,CD 80 E,,,Nuit sans éclairage public,En agglomération,Hors intersection,Normale,Autre collision,,,,,,,,,,,3,2,1,1,6
200600007142,0006-02-11 23:15:00,6,2,11,23,15,770,318,,48.793,2.877,Nuit sans éclairage public,Hors agglomération,Hors intersection,Normale,Sans collision,,,,,,,,,,,3,1,1,1,7
200600007143,0006-02-07 16:00:00,6,2,7,16,0,770,492,rue du petit morin,48.879,3.366,Plein jour,En agglomération,Hors intersection,Normale,Deux véhicules - côté,,,,,,,,,,,1,2,1,1,3
200600007144,0006-02-13 05:45:00,6,2,13,5,45,770,512,Le fourcheret,,,Nuit avec éclairage allumé,En agglomération,Hors intersection,Pluie légère,Autre collision,,,,,,,,,,,5,2,1,2,6
200600007145,0006-02-28 21:30:00,6,2,28,21,30,770,406,CV 109,48.84,3.2,Nuit sans éclairage public,En agglomération,Hors intersection,Neige / grêle,Autre collision,,,,,,,,,,,3,2,1,4,6
200600007146,0006-02-25 19:30:00,6,2,25,19,30,770,192,,48.723,2.846,Nuit sans éclairage public,Hors agglomération,Hors intersection,Normale,Deux véhicules - arrière,,,,,,,,,,,3,1,1,1,2
200600007147,0006-02-27 14:45:00,6,2,27,14,45,770,153,,49.077,2.129,Plein jour,Hors agglomération,Hors intersection,Pluie légère,Deux véhicules - côté,,,,,,,,,,,1,1,1,2,3
200600007148,0006-02-08 08:30:00,6,2,8,8,30,770,171,AVENUE JOFFRE,48.497,2.353,Plein jour,En agglomération,Hors intersection,Normale,Autre collision,,,,,,,,,,,1,2,1,1,6
200600007149,0006-02-27 19:45:00,6,2,27,19,45,770,12,26 grande rue,,,Nuit avec éclairage allumé,En agglomération,Hors intersection,Normale,Autre collision,,,,,,,,,,,5,2,1,1,6
200600007150,0006-02-17 21:30:00,6,2,17,21,30,770,208,,,,Nuit sans éclairage public,Hors agglomération,Hors intersection,Normale,Sans collision,,,,,,,,,,,3,1,1,1,7
200600007151,0006-02-13 12:30:00,6,2,13,12,30,770,327,carrefour la barraque,,,Plein jour,En agglomération,Hors intersection,Pluie légère,Deux véhicules - arrière,,,,,,,,,,,1,2,1,2,2
200600007152,0006-02-02 10:45:00,6,2,2,10,45,450,166,,,,Plein jour,Hors agglomération,Hors intersection,Autre,Sans collision,,,,,,,,,,,1,1,1,9,7
200600007153,0006-02-06 10:30:00,6,2,6,10,30,450,182,,47.724,1.798,Plein jour,Hors agglomération,Hors intersection,Normale,Autre collision,,,,,,,,,,,1,1,1,1,6
200600007154,0006-02-21 18:15:00,6,2,21,18,15,450,98,13 RUE DU MARECHAL FOCH,,,Plein jour,En agglomération,Autre intersection,Normale,Trois véhicules et plus - collisions multiples,,,,,,,,,,,1,2,9,1,5
200600007155,0006-02-06 13:05:00,6,2,6,13,5,450,193,dit Les Pointes de Bruel,,,Plein jour,Hors agglomération,Hors intersection,Normale,Deux véhicules - côté,,,,,,,,,,,1,1,1,1,3
200600007156,0006-02-19 18:00:00,6,2,19,18,0,450,193,le moulinet,,,Crépuscule ou aube,Hors agglomération,Hors intersection,Temps couvert,Sans collision,,,,,,,,,,,2,1,1,8,7
200600007157,0006-02-17 16:00:00,6,2,17,16,0,450,317,RN152,47.77,1.61,Plein jour,En agglomération,Intersection en T,Normale,Deux véhicules - côté,,,,,,,,,,,1,2,3,1,3
200600007158,0006-02-14 09:30:00,6,2,14,9,30,450,28,Rue Croix Nas,47.782,1.632,Plein jour,En agglomération,Hors intersection,Normale,Autre collision,,,,,,,,,,,1,2,1,1,6
200600007159,0006-02-02 08:30:00,6,2,2,8,30,450,44,,48.058,2.011,Plein jour,Hors agglomération,Hors intersection,Brouillard / fumée,Autre collision,,,,,,,,,,,1,1,1,5,6
200600007160,0006-02-16 22:15:00,6,2,16,22,15,450,188,avenue du Lion d'Or,48.003,2.088,Nuit avec éclairage allumé,En agglomération,Hors intersection,Normale,Deux véhicules - côté,,,,,,,,,,,5,2,1,1,3
200600007161,0006-02-27 15:15:00,6,2,27,15,15,450,188,,48.021,2.112,Plein jour,Hors agglomération,Hors intersection,Normale,Deux véhicules - côté,,,,,,,,,,,1,1,1,1,3
200600007162,0006-02-16 17:30:00,6,2,16,17,30,450,254,,,,Plein jour,Hors agglomération,Hors intersection,Pluie légère,Deux véhicules - frontale,,,,,,,,,,,1,1,1,2,1
200600007163,0006-02-18 11:30:00,6,2,18,11,30,450,155,,47.684,2.645,Plein jour,Hors agglomération,Giratoire,Normale,Deux véhicules - arrière,,,,,,,,,,,1,1,6,1,2
200600007164,0006-02-24 00:30:00,6,2,24,0,30,450,155,2 rue des briquetteries,,,Nuit avec éclairage non allumé,En agglomération,Autre intersection,Normale,Sans collision,,,,,,,,,,,4,2,9,1,7
200600007165,0006-02-04 19:00:00,6,2,4,19,0,450,40,ARTISANALE DE CHAMPAGNE,47.574,2.83,Nuit avec éclairage allumé,Hors agglomération,Hors intersection,Normale,Deux véhicules - côté,,,,,,,,,,,5,1,1,1,3
200600007166,0006-02-14 07:30:00,6,2,14,7,30,450,122,,47.766,2.55,Plein jour,Hors agglomération,Hors intersection,Autre,Sans collision,,,,,,,,,,,1,1,1,9,7
200600007167,0006-02-22 10:00:00,6,2,22,10,0,450,270,D 60,,,Plein jour,Hors agglomération,Hors intersection,Normale,Deux véhicules - côté,,,,,,,,,,,1,1,1,1,3
200600007168,0006-02-06 11:45:00,6,2,6,11,45,450,281,"eu-dit ""La Péradonnerie""",,,Plein jour,Hors agglomération,Hors intersection,Temps couvert,Sans collision,,,,,,,,,,,1,1,1,8,7
200600007169,0006-02-15 07:45:00,6,2,15,7,45,450,255,,,,Crépuscule ou aube,Hors agglomération,Hors intersection,Vent fort / tempête,Deux véhicules - côté,,,,,,,,,,,2,1,1,6,3
200600007170,0006-02-23 15:15:00,6,2,23,15,15,450,250,,48.133,2.904,Plein jour,Hors agglomération,Hors intersection,Normale,Deux véhicules - côté,,,,,,,,,,,1,1,1,1,3
200600007171,0006-02-25 18:15:00,6,2,25,18,15,450,148,nationale 7 - PK 12+500,,,Crépuscule ou aube,Hors agglomération,Hors intersection,Normale,Deux véhicules - arrière,,,,,,,,,,,2,1,1,1,2
200600007172,0006-02-02 19:45:00,6,2,2,19,45,450,252,Place Maurice Ravel,48.18,2.258,Nuit avec éclairage allumé,En agglomération,Place,Normale,Deux véhicules - frontale,,,,,,,,,,,5,2,7,1,1
200600007173,0006-02-18 21:00:00,6,2,18,21,0,450,253,,,,Nuit sans éclairage public,Hors agglomération,Hors intersection,Pluie légère,Autre collision,,,,,,,,,,,3,1,1,2,6
200600007174,0006-02-13 21:30:00,6,2,13,21,30,180,83,,,,Nuit sans éclairage public,Hors agglomération,Intersection en T,Normale,Deux véhicules - côté,,,,,,,,,,,3,1,3,1,3
200600007175,0006-02-04 23:10:00,6,2,4,23,10,180,141,D 107 - Rte de Marmagne,47.134,2.212,Nuit sans éclairage public,Hors agglomération,Hors intersection,Normale,Sans collision,,,,,,,,,,,3,1,1,1,7
200600007176,0006-02-02 02:15:00,6,2,2,2,15,180,202,,,,Nuit sans éclairage public,Hors agglomération,Hors intersection,Normale,Autre collision,,,,,,,,,,,3,1,1,1,6
200600007177,0006-02-11 17:00:00,6,2,11,17,0,180,226,,,,Plein jour,Hors agglomération,Hors intersection,Normale,Deux véhicules - frontale,,,,,,,,,,,1,1,1,1,1
200600007178,0006-02-11 12:15:00,6,2,11,12,15,280,122,3 RUE VERDES,48.34,1.49,Plein jour,En agglomération,Hors intersection,Normale,Deux véhicules - frontale,,,,,,,,,,,1,2,1,1,1
200600007179,0006-02-12 15:30:00,6,2,12,15,30,280,6,rue des cinq Croix à Oue,48.447,1.398,Plein jour,En agglomération,Hors intersection,Normale,Autre collision,,,,,,,,,,,1,2,1,1,6
200600007180,0006-02-20 18:05:00,6,2,20,18,5,280,158,RN 123,,,Nuit sans éclairage public,Hors agglomération,Hors intersection,Pluie légère,Autre collision,,,,,,,,,,,3,1,1,2,6
200600007181,0006-02-17 16:30:00,6,2,17,16,30,280,227,Rte de Paris,48.59,1.58,Plein jour,En agglomération,Hors intersection,Normale,Deux véhicules - frontale,,,,,,,,,,,1,2,1,1,1
200600007182,0006-02-27 08:30:00,6,2,27,8,30,280,168,"Route de Bichailloud,",48.53,1.68,Plein jour,En agglomération,Hors intersection,Normale,Sans collision,,,,,,,,,,,1,2,1,1,7
200600007183,0006-02-10 21:30:00,6,2,10,21,30,280,424,Le Chêne aux dames,48.202,1.198,Nuit sans éclairage public,Hors agglomération,Hors intersection,Normale,Deux véhicules - côté,,,,,,,,,,,3,1,1,1,3
200600007184,0006-02-10 19:00:00,6,2,10,19,0,280,1,,,,Nuit sans éclairage public,Hors agglomération,Hors intersection,Normale,Deux véhicules - frontale,,,,,,,,,,,3,1,1,1,1
200600007185,0006-02-16 07:45:00,6,2,16,7,45,280,355,,48.855,1.522,Crépuscule ou aube,Hors agglomération,Hors intersection,Pluie légère,Deux véhicules - frontale,,,,,,,,,,,2,1,1,2,1
200600007186,0006-02-11 01:00:00,6,2,11,1,0,280,280,,48.31,0.807,Nuit sans éclairage public,Hors agglomération,Hors intersection,Normale,Deux véhicules - côté,,,,,,,,,,,3,1,1,1,3
200600007187,0006-02-01 17:40:00,6,2,1,17,40,280,354,LES EVESQUERIES,,,Plein jour,Hors agglomération,Hors intersection,Brouillard / fumée,Deux véhicules - côté,,,,,,,,,,,1,1,1,5,3
200600007188,0006-02-22 10:15:00,6,2,22,10,15,280,71,,48.408,1.081,Plein jour,Hors agglomération,Hors intersection,Brouillard / fumée,Deux véhicules - frontale,,,,,,,,,,,1,1,1,5,1
200600007189,0006-02-18 20:30:00,6,2,18,20,30,360,69,RUE DU 11 NOVEMBRE,47.088,1.346,Nuit avec éclairage allumé,En agglomération,Hors intersection,Normale,Autre collision,,,,,,,,,,,5,2,1,1,6
200600007190,0006-02-22 17:15:00,6,2,22,17,15,360,31,RUE NOTRE DAME,46.896,1.422,Plein jour,En agglomération,Hors intersection,Normale,Autre collision,,,,,,,,,,,1,2,1,1,6
200600007191,0006-02-12 11:30:00,6,2,12,11,30,360,107,,47.22,1.48,Plein jour,Hors agglomération,Hors intersection,Normale,Deux véhicules - arrière,,,,,,,,,,,1,1,1,1,2
200600007192,0006-02-23 13:45:00,6,2,23,13,45,360,18,10 ROUTE DE POITIERS,46.635,1.058,Plein jour,En agglomération,Hors intersection,Normale,Autre collision,,,,,,,,,,,1,2,1,1,6
200600007193,0006-02-21 15:00:00,6,2,21,15,0,360,109,,,,Plein jour,Hors agglomération,Hors intersection,Normale,Autre collision,,,,,,,,,,,1,1,1,1,6
200600007194,0006-02-27 08:45:00,6,2,27,8,45,360,46,PLACE GUY BONJOUR,46.586,1.988,Plein jour,En agglomération,Place,Normale,Autre collision,,,,,,,,,,,1,2,7,1,6
200600007195,0006-02-23 20:00:00,6,2,23,20,0,360,141,12 rue Gardie,,,Nuit avec éclairage allumé,En agglomération,Hors intersection,Normale,Autre collision,,,,,,,,,,,5,2,1,1,6
200600007196,0006-02-09 15:30:00,6,2,9,15,30,370,163,Boulevard des Platanes,47.429,0.969,Plein jour,En agglomération,Intersection en X,Normale,Deux véhicules - côté,,,,,,,,,,,1,2,2,1,3
200600007197,0006-02-12 08:30:00,6,2,12,8,30,370,276,les gats,,,Plein jour,Hors agglomération,Hors intersection,Normale,Autre collision,,,,,,,,,,,1,1,1,1,6
200600007198,0006-02-22 15:30:00,6,2,22,15,30,370,92,,47.521,0.814,Plein jour,Hors agglomération,Hors intersection,Temps couvert,Trois véhicules et plus - en chaîne,,,,,,,,,,,1,1,1,8,4
200600007199,0006-02-03 19:45:00,6,2,3,19,45,370,22,17 rue du parc,47.2,0.18,Nuit sans éclairage public,En agglomération,Hors intersection,Normale,Autre collision,,,,,,,,,,,3,2,1,1,6
200600007200,0006-02-12 20:45:00,6,2,12,20,45,370,74,RUE DE ST NICOLAS,,,Nuit avec éclairage allumé,En agglomération,Hors intersection,Normale,Autre collision,,,,,,,,,,,5,2,1,1,6
200600007201,0006-02-14 18:00:00,6,2,14,18,0,370,34,,,,Plein jour,Hors agglomération,Hors intersection,Normale,Autre collision,,,,,,,,,,,1,1,1,1,6
200600007202,0006-02-15 20:45:00,6,2,15,20,45,370,48,,,,Nuit sans éclairage public,Hors agglomération,Hors intersection,Vent fort / tempête,Sans collision,,,,,,,,,,,3,1,1,6,7
200600007203,0006-02-24 09:40:00,6,2,24,9,40,370,19,it ''le bois des cours'',,,Plein jour,Hors agglomération,Hors intersection,Normale,Sans collision,,,,,,,,,,,1,1,1,1,7
200600007204,0006-02-02 20:00:00,6,2,2,20,0,370,250,,,,Nuit sans éclairage public,Hors agglomération,Hors intersection,Autre,Deux véhicules - frontale,,,,,,,,,,,3,1,1,9,1
200600007205,0006-02-06 13:30:00,6,2,6,13,30,410,40,,,,Plein jour,Hors agglomération,Hors intersection,Normale,Sans collision,,,,,,,,,,,1,1,1,1,7
200600007206,0006-02-10 08:00:00,6,2,10,8,0,410,51,,,,Plein jour,Hors agglomération,Hors intersection,Normale,Deux véhicules - frontale,,,,,,,,,,,1,1,1,1,1
200600007207,0006-02-18 08:25:00,6,2,18,8,25,410,2,arrefour RD 158 et RN 76,,,Plein jour,Hors agglomération,Intersection en X,Normale,Deux véhicules - côté,,,,,,,,,,,1,1,2,1,3
200600007208,0006-02-18 14:00:00,6,2,18,14,0,410,16,41 rue de la vilatte,,,Plein jour,En agglomération,Hors intersection,Normale,Deux véhicules - frontale,,,,,,,,,,,1,2,1,1,1
200600007209,0006-02-25 16:15:00,6,2,25,16,15,410,275,,47.897,1.084,Plein jour,Hors agglomération,Intersection en X,Normale,Deux véhicules - côté,,,,,,,,,,,1,1,2,1,3
200600007210,0006-02-09 07:55:00,6,2,9,7,55,410,149,rue Denis PAPIN,,,Plein jour,En agglomération,Hors intersection,Normale,Deux véhicules - frontale,,,,,,,,,,,1,2,1,1,1
200600007211,0006-02-07 16:45:00,6,2,7,16,45,410,175,route de Vendôme,,,Plein jour,En agglomération,Hors intersection,Normale,Autre collision,,,,,,,,,,,1,2,1,1,6
200600007212,0006-02-10 09:30:00,6,2,10,9,30,410,28,,,,Plein jour,Hors agglomération,Hors intersection,Normale,Deux véhicules - côté,,,,,,,,,,,1,1,1,1,3
200600007213,0006-02-23 19:30:00,6,2,23,19,30,410,123,,47.829,1.403,Nuit sans éclairage public,Hors agglomération,Hors intersection,Normale,Deux véhicules - côté,,,,,,,,,,,3,1,1,1,3
200600007214,0006-02-11 00:30:00,6,2,11,0,30,330,203,RD 101 PK 38+150,45.205,-1.072,Nuit sans éclairage public,Hors agglomération,Hors intersection,Normale,Deux véhicules - frontale,,,,,,,,,,,3,1,1,1,1
200600007215,0006-02-24 20:15:00,6,2,24,20,15,330,333,,44.829,-1.128,Nuit sans éclairage public,Hors agglomération,Hors intersection,Normale,Deux véhicules - arrière,,,,,,,,,,,3,1,1,1,2
200600007216,0006-02-02 20:30:00,6,2,2,20,30,290,233,rue du Coat Ker,,,Nuit avec éclairage allumé,En agglomération,Hors intersection,Normale,Autre collision,,,,,,,,,,,5,2,1,1,6
200600007217,0006-02-11 09:45:00,6,2,11,9,45,290,153,52 rue de l'Atlantique,47.83,-3.796,Plein jour,En agglomération,Giratoire,Temps éblouissant,Deux véhicules - côté,,,,,,,,,,,1,2,6,7,3
200600007218,0006-02-05 04:00:00,6,2,5,4,0,290,281,,48.014,-3.822,Nuit sans éclairage public,Hors agglomération,Hors intersection,Normale,Autre collision,,,,,,,,,,,3,1,1,1,6
200600007219,0006-02-11 12:30:00,6,2,11,12,30,290,281,Kerlouis,48.045,-3.832,Plein jour,Hors agglomération,Hors intersection,Normale,Autre collision,,,,,,,,,,,1,1,1,1,6
200600007220,0006-02-19 14:55:00,6,2,19,14,55,130,33,ieu-dit Le Val de Ricard,,,Plein jour,Hors agglomération,Intersection en T,Normale,Deux véhicules - côté,,,,,,,,,,,1,1,3,1,3
200600007221,0006-02-23 18:10:00,6,2,23,18,10,130,104,ue Clément Monnier (CD5),,,Plein jour,En agglomération,Hors intersection,Normale,Autre collision,,,,,,,,,,,1,2,1,1,6
200600007222,0006-02-04 19:45:00,6,2,4,19,45,330,527,P.K 4+250  du CD 250,44.629,-1.002,Nuit avec éclairage allumé,Hors agglomération,Hors intersection,Normale,Sans collision,,,,,,,,,,,5,1,1,1,7
200600007223,0006-02-24 03:00:00,6,2,24,3,0,670,469,,,,Nuit sans éclairage public,Hors agglomération,Hors intersection,Temps couvert,Autre collision,,,,,,,,,,,3,1,1,8,6
200600007224,0006-02-13 06:45:00,6,2,13,6,45,130,25,,43.492,5.601,Crépuscule ou aube,Hors agglomération,Hors intersection,Normale,Deux véhicules - arrière,,,,,,,,,,,2,1,1,1,2
200600007225,0006-02-19 00:15:00,6,2,19,0,15,130,25,,43.494,5.539,Nuit sans éclairage public,Hors agglomération,Hors intersection,Normale,Autre collision,,,,,,,,,,,3,1,1,1,6
200600007226,0006-02-13 12:45:00,6,2,13,12,45,570,498,,49.313,6.011,Plein jour,Hors agglomération,Hors intersection,Pluie légère,Deux véhicules - frontale,,,,,,,,,,,1,1,1,2,1
200600007227,0006-02-17 17:15:00,6,2,17,17,15,570,498,,49.312,6.009,Plein jour,Hors agglomération,Hors intersection,Pluie légère,Trois véhicules et plus - collisions multiples,,,,,,,,,,,1,1,1,2,5
200600007228,0006-02-26 21:30:00,6,2,26,21,30,570,38,,,,Nuit sans éclairage public,Hors agglomération,Hors intersection,Normale,Deux véhicules - côté,,,,,,,,,,,3,1,1,1,3
200600007229,0006-02-09 08:30:00,6,2,9,8,30,340,270,RN112,,,Plein jour,Hors agglomération,Hors intersection,Normale,Deux véhicules - arrière,,,,,,,,,,,1,1,1,1,2
200600007230,0006-02-19 06:00:00,6,2,19,6,0,340,202,,43.582,3.769,Nuit sans éclairage public,Hors agglomération,Hors intersection,Autre,Autre collision,,,,,,,,,,,3,1,1,9,6
200600007231,0006-02-03 09:15:00,6,2,3,9,15,770,435,,48.5,2.514,Plein jour,Hors agglomération,Hors intersection,Temps couvert,Trois véhicules et plus - collisions multiples,,,,,,,,,,,1,1,1,8,5
200600007232,0006-02-20 17:45:00,6,2,20,17,45,620,594,,,,Plein jour,Hors agglomération,Hors intersection,Normale,Autre collision,,,,,,,,,,,1,1,1,1,6
200600007233,0006-02-28 00:45:00,6,2,28,0,45,620,761,,,,Nuit sans éclairage public,Hors agglomération,Hors intersection,Normale,Autre collision,,,,,,,,,,,3,1,1,1,6
200600007234,0006-02-02 10:35:00,6,2,2,10,35,800,383,T KILOMETRIQUE 104 + 200,,,Plein jour,Hors agglomération,Hors intersection,Normale,Autre collision,,,,,,,,,,,1,1,1,1,6
200600007235,0006-02-13 00:40:00,6,2,13,0,40,800,421,"LILLE-PARIS, PK 180+600",,,Nuit sans éclairage public,Hors agglomération,Hors intersection,Pluie légère,Sans collision,,,,,,,,,,,3,1,1,2,7
200600007236,0006-02-19 12:15:00,6,2,19,12,15,130,112,autoroute A7,,,Plein jour,Hors agglomération,Hors intersection,Pluie forte,Autre collision,,,,,,,,,,,1,1,1,3,6
200600007237,0006-02-23 19:45:00,6,2,23,19,45,300,116,,,,Nuit sans éclairage public,Hors agglomération,Hors intersection,Normale,Sans collision,,,,,,,,,,,3,1,1,1,7
200600007238,0006-02-08 07:15:00,6,2,8,7,15,600,513,CD 44,,,Crépuscule ou aube,En agglomération,Hors intersection,Pluie légère,Sans collision,,,,,,,,,,,2,2,1,2,7
200600007239,0006-02-20 08:25:00,6,2,20,8,25,600,155,rrefour de la villeneuve,,,Crépuscule ou aube,Hors agglomération,Intersection en X,Temps couvert,Deux véhicules - côté,,,,,,,,,,,2,1,2,8,3
200600007240,0006-02-20 21:00:00,6,2,20,21,0,600,686,,,,Nuit sans éclairage public,Hors agglomération,Hors intersection,Pluie légère,Deux véhicules - frontale,,,,,,,,,,,3,1,1,2,1
200600007241,0006-02-16 07:00:00,6,2,16,7,0,600,680,,,,Nuit sans éclairage public,Hors agglomération,Hors intersection,Pluie légère,Autre collision,,,,,,,,,,,3,1,1,2,6
200600007242,0006-02-28 13:45:00,6,2,28,13,45,210,142,,,,Plein jour,Hors agglomération,Hors intersection,Neige / grêle,Autre collision,,,,,,,,,,,1,1,1,4,6
200600007243,0006-02-10 13:30:00,6,2,10,13,30,380,530,,45.631,5.174,Plein jour,Hors agglomération,Hors intersection,Normale,Autre collision,,,,,,,,,,,1,1,1,1,6
200600007244,0006-02-11 12:15:00,6,2,11,12,15,530,48,,48.231,-0.901,Plein jour,Hors agglomération,Hors intersection,Normale,Sans collision,,,,,,,,,,,1,1,1,1,7
200600007245,0006-02-20 10:30:00,6,2,20,10,30,530,103,Rue  de la gare,48.101,-0.886,Plein jour,En agglomération,Hors intersection,Pluie légère,Deux véhicules - frontale,,,,,,,,,,,1,2,1,2,1
200600007246,0006-02-04 10:00:00,6,2,4,10,0,410,252,,47.676,1.396,Plein jour,Hors agglomération,Hors intersection,Normale,Autre collision,,,,,,,,,,,1,1,1,1,6
200600007247,0006-02-08 07:30:00,6,2,8,7,30,410,245,30 - SENS PARIS-PROVINCE,,,Crépuscule ou aube,Hors agglomération,Hors intersection,Temps couvert,Trois véhicules et plus - collisions multiples,,,,,,,,,,,2,1,1,8,5
200600007248,0006-02-26 04:30:00,6,2,26,4,30,410,136,,,,Nuit sans éclairage public,Hors agglomération,Hors intersection,Normale,Autre collision,,,,,,,,,,,3,1,1,1,6
200600007249,0006-02-04 16:45:00,6,2,4,16,45,300,189,,,,Plein jour,Hors agglomération,Hors intersection,Normale,Deux véhicules - arrière,,,,,,,,,,,1,1,1,1,2
200600007250,0006-02-16 23:00:00,6,2,16,23,0,130,4,,,,Nuit avec éclairage allumé,Hors agglomération,Hors intersection,Normale,Deux véhicules - arrière,,,,,,,,,,,5,1,1,1,2
200600007251,0006-02-25 06:15:00,6,2,25,6,15,340,240,,,,Nuit sans éclairage public,Hors agglomération,Hors intersection,Normale,Deux véhicules - côté,,,,,,,,,,,3,1,1,1,3
200600007252,0006-02-03 14:45:00,6,2,3,14,45,370,267,RD 85,47.357,0.804,Plein jour,En agglomération,Hors intersection,Normale,Deux véhicules - côté,,,,,,,,,,,1,2,1,1,3
200600007253,0006-02-05 18:15:00,6,2,5,18,15,370,156,lieu-dit greux,,,Nuit sans éclairage public,Hors agglomération,Hors intersection,Normale,Deux véhicules - arrière,,,,,,,,,,,3,1,1,1,2
200600007254,0006-02-12 17:53:00,6,2,12,17,53,450,75,"0, sens province / Paris",,,Plein jour,Hors agglomération,Hors intersection,Normale,Autre collision,,,,,,,,,,,1,1,1,1,6
200600007255,0006-02-10 14:00:00,6,2,10,14,0,130,114,,,,Plein jour,Hors agglomération,Hors intersection,Normale,Sans collision,,,,,,,,,,,1,1,1,1,7
200600007256,0006-02-18 05:45:00,6,2,18,5,45,130,114,,,,Nuit avec éclairage allumé,Hors agglomération,Hors intersection,Normale,Sans collision,,,,,,,,,,,5,1,1,1,7
200600007257,0006-02-27 07:45:00,6,2,27,7,45,210,267,P.K. 18+600,,,Plein jour,Hors agglomération,Hors intersection,Normale,Deux véhicules - arrière,,,,,,,,,,,1,1,1,1,2
200600007258,0006-02-04 03:40:00,6,2,4,3,40,730,184,Chambéry Lyon PK 79-880,,,Nuit sans éclairage public,Hors agglomération,Hors intersection,Autre,Deux véhicules - arrière,,,,,,,,,,,3,1,1,9,2
200600007259,0006-02-14 08:00:00,6,2,14,8,0,730,27,AUTOROUTE 43    P.K 76,,,Plein jour,Hors agglomération,Hors intersection,Brouillard / fumée,Deux véhicules - arrière,,,,,,,,,,,1,1,1,5,2
200600007260,0006-02-18 05:45:00,6,2,18,5,45,740,61,,45.846,6.055,Nuit sans éclairage public,Hors agglomération,Hors intersection,Pluie légère,Deux véhicules - côté,,,,,,,,,,,3,1,1,2,3
200600007261,0006-02-21 16:30:00,6,2,21,16,30,740,18,,,,Plein jour,Hors agglomération,Hors intersection,Normale,Autre collision,,,,,,,,,,,1,1,1,1,6
200600007262,0006-02-02 08:05:00,6,2,2,8,5,380,481,3+800 sens GRENOBLE-LYON,,,Plein jour,Hors agglomération,Hors intersection,Brouillard / fumée,Trois véhicules et plus - en chaîne,,,,,,,,,,,1,1,1,5,4
200600007263,0006-02-17 06:45:00,6,2,17,6,45,380,565,,,,Crépuscule ou aube,Hors agglomération,Hors intersection,Normale,Autre collision,,,,,,,,,,,2,1,1,1,6
200600007264,0006-02-20 08:00:00,6,2,20,8,0,140,528,péage A 29 sud,,,Plein jour,Hors agglomération,Hors intersection,Normale,Autre collision,,,,,,,,,,,1,1,1,1,6