accident_id,datetime,annee,mois,jour,heure,minute,departement,commune_insee,adresse,latitude,longitude,luminosite,agglomeration,intersection,meteo,collision,nb_vehicules,nb_usagers,nb_indemnes,nb_tues,nb_blesses_hosp,nb_blesses_legers,age_cond_1,age_cond_2,veh_type_cond_1,veh_type_cond_2,lum_code,agg_code,int_code,atm_code,col_code
200600007265,0006-02-14 10:55:00,6,2,14,10,55,280,141,A.11 pk 74+400,,,Plein jour,Hors agglomération,Hors intersection,Normale,Sans collision,,,,,,,,,,,1,1,1,1,7
200600007266,0006-02-21 12:00:00,6,2,21,12,0,280,196,Autroute A11 Pk86 Pro/Pa,,,Plein jour,Hors agglomération,Hors intersection,Normale,Autre collision,,,,,,,,,,,1,1,1,1,6
200600007267,0006-02-26 13:30:00,6,2,26,13,30,280,161,Autoroute A11,,,Plein jour,Hors agglomération,Hors intersection,Normale,Autre collision,,,,,,,,,,,1,1,1,1,6
200600007268,0006-02-16 16:15:00,6,2,16,16,15,290,130,Route de Kerfily,,,Plein jour,En agglomération,Giratoire,Normale,Deux véhicules - côté,,,,,,,,,,,1,2,6,1,3
200600007269,0006-02-15 03:00:00,6,2,15,3,0,340,32,,43.308,3.227,Nuit sans éclairage public,Hors agglomération,Hors intersection,Normale,Deux véhicules - arrière,,,,,,,,,,,3,1,1,1,2
200600007270,0006-02-20 17:15:00,6,2,20,17,15,340,172,,43.592,3.895,Plein jour,Hors agglomération,Hors intersection,Normale,Autre collision,,,,,,,,,,,1,1,1,1,6
200600007271,0006-02-11 05:00:00,6,2,11,5,0,630,272,,,,Nuit sans éclairage public,Hors agglomération,Hors intersection,Normale,Autre collision,,,,,,,,,,,3,1,1,1,6
200600007272,0006-02-12 01:30:00,6,2,12,1,30,630,113,,45.783,3.141,Nuit sans éclairage public,Hors agglomération,Hors intersection,Normale,Deux véhicules - frontale,,,,,,,,,,,3,1,1,1,1
200600007273,0006-02-25 19:15:00,6,2,25,19,15,510,573,,49.259,3.973,Nuit avec éclairage allumé,Hors agglomération,Autre intersection,Normale,Deux véhicules - frontale,,,,,,,,,,,5,1,9,1,1
200600007274,0006-02-20 23:30:00,6,2,20,23,30,690,81,23  chemin de la SAUVEGA,,,Nuit avec éclairage allumé,En agglomération,Giratoire,Normale,Autre collision,,,,,,,,,,,5,2,6,1,6
200600007275,0006-02-10 23:15:00,6,2,10,23,15,380,212,RN91,45.12,5.968,Nuit sans éclairage public,Hors agglomération,Hors intersection,Normale,Deux véhicules - côté,,,,,,,,,,,3,1,1,1,3
200600007276,0006-02-17 12:20:00,6,2,17,12,20,370,10,PK180+600,,,Plein jour,Hors agglomération,Hors intersection,Normale,Sans collision,,,,,,,,,,,1,1,1,1,7
200600007277,0006-02-01 19:15:00,6,2,1,19,15,60,113,,43.797,7.51,Nuit sans éclairage public,Hors agglomération,Hors intersection,Normale,Deux véhicules - côté,,,,,,,,,,,3,1,1,1,3
200600007278,0006-02-10 17:30:00,6,2,10,17,30,60,88,,,,Crépuscule ou aube,Hors agglomération,Hors intersection,Normale,Sans collision,,,,,,,,,,,2,1,1,1,7
200600007279,0006-02-18 12:15:00,6,2,18,12,15,60,88,,43.714,7.213,Plein jour,Hors agglomération,Hors intersection,Normale,Deux véhicules - arrière,,,,,,,,,,,1,1,1,1,2
200600007280,0006-02-28 12:00:00,6,2,28,12,0,60,104,,,,Nuit avec éclairage allumé,Hors agglomération,Hors intersection,Normale,Autre collision,,,,,,,,,,,5,1,1,1,6
200600007281,0006-02-09 07:00:00,6,2,9,7,0,900,10,A36 pk 34+520,,,Crépuscule ou aube,Hors agglomération,Hors intersection,Pluie légère,Trois véhicules et plus - en chaîne,,,,,,,,,,,2,1,1,2,4
200600007282,0006-02-02 17:15:00,6,2,2,17,15,660,15,,,,Plein jour,Hors agglomération,Hors intersection,Normale,Autre collision,,,,,,,,,,,1,1,1,1,6
200600007283,0006-02-18 12:20:00,6,2,18,12,20,860,7,AUTOROUTE A10,46.915,0.526,Plein jour,Hors agglomération,Hors intersection,Neige / grêle,Trois véhicules et plus - en chaîne,,,,,,,,,,,1,1,1,4,4
200600007284,0006-02-19 10:20:00,6,2,19,10,20,860,194,Autoroute A10 PK 304+900,,,Plein jour,Hors agglomération,Hors intersection,Normale,Deux véhicules - arrière,,,,,,,,,,,1,1,1,1,2
200600007285,0006-02-25 03:15:00,6,2,25,3,15,860,19,A10 PK 285+600,,,Nuit sans éclairage public,Hors agglomération,Hors intersection,Normale,Deux véhicules - arrière,,,,,,,,,,,3,1,1,1,2
200600007286,0006-02-23 04:40:00,6,2,23,4,40,60,123,AUTOORUTE A8 PK 185+150,,,Nuit sans éclairage public,Hors agglomération,Hors intersection,Normale,Autre collision,,,,,,,,,,,3,1,1,1,6
200600007287,0006-02-20 17:30:00,6,2,20,17,30,770,382,,,,Plein jour,Hors agglomération,Hors intersection,Normale,Autre collision,,,,,,,,,,,1,1,1,1,6
200600007288,0006-02-24 17:45:00,6,2,24,17,45,640,61,,43.39,-0.592,Plein jour,Hors agglomération,Hors intersection,Normale,Autre collision,,,,,,,,,,,1,1,1,1,6
200600007289,0006-02-06 09:45:00,6,2,6,9,45,630,430,,,,Plein jour,Hors agglomération,Hors intersection,Pluie légère,Autre collision,,,,,,,,,,,1,1,1,2,6
200600007290,0006-02-15 14:15:00,6,2,15,14,15,380,431,Montée de ST PANCRASSE,,,Plein jour,En agglomération,Autre intersection,Pluie forte,Deux véhicules - arrière,,,,,,,,,,,1,2,9,3,2
200600007291,0006-02-10 10:45:00,6,2,10,10,45,470,68,,,,Plein jour,Hors agglomération,Hors intersection,Normale,Autre collision,,,,,,,,,,,1,1,1,1,6
200600007292,0006-02-13 21:00:00,6,2,13,21,0,470,285,,,,Nuit sans éclairage public,Hors agglomération,Hors intersection,Normale,Deux véhicules - frontale,,,,,,,,,,,3,1,1,1,1
200600007293,0006-02-04 23:00:00,6,2,4,23,0,280,18,00 - sens Province/Paris,,,Nuit sans éclairage public,Hors agglomération,Hors intersection,Normale,Autre collision,,,,,,,,,,,3,1,1,1,6
200600007294,0006-02-01 03:00:00,6,2,1,3,0,250,215,,47.34,6.24,Nuit sans éclairage public,Hors agglomération,Hors intersection,Normale,Deux véhicules - frontale,,,,,,,,,,,3,1,1,1,1
200600007295,0006-02-07 17:15:00,6,2,7,17,15,250,212,AUTOROUTE A36,47.285,5.994,Nuit sans éclairage public,Hors agglomération,Hors intersection,Normale,Deux véhicules - arrière,,,,,,,,,,,3,1,1,1,2
200600007296,0006-02-17 09:15:00,6,2,17,9,15,910,435,route de villededon,,,Plein jour,En agglomération,Hors intersection,Pluie forte,Deux véhicules - frontale,,,,,,,,,,,1,2,1,3,1
200600007297,0006-02-23 16:20:00,6,2,23,16,20,380,253,Avenue de la Muzelle,,,Plein jour,En agglomération,Hors intersection,Normale,Deux véhicules - arrière,,,,,,,,,,,1,2,1,1,2
200600007298,0006-02-14 13:45:00,6,2,14,13,45,330,527,,44.616,-1.02,Plein jour,Hors agglomération,Hors intersection,Normale,Sans collision,,,,,,,,,,,1,1,1,1,7
200600007299,0006-02-04 08:00:00,6,2,4,8,0,680,295,llhouse-Colmar PR 76+000,,,Plein jour,Hors agglomération,Hors intersection,Normale,Deux véhicules - arrière,,,,,,,,,,,1,1,1,1,2
200600007300,0006-02-09 10:15:00,6,2,9,10,15,680,66,,,,Plein jour,Hors agglomération,Hors intersection,Normale,Deux véhicules - côté,,,,,,,,,,,1,1,1,1,3
200600007301,0006-02-12 13:15:00,6,2,12,13,15,680,228,,,,Plein jour,Hors agglomération,Hors intersection,Normale,Autre collision,,,,,,,,,,,1,1,1,1,6
200600007302,0006-02-13 19:55:00,6,2,13,19,55,680,82,LMAR/MULHOUSE - PK90+800,,,Nuit sans éclairage public,Hors agglomération,Hors intersection,Normale,Sans collision,,,,,,,,,,,3,1,1,1,7
200600007303,0006-02-16 18:35:00,6,2,16,18,35,680,21,"A35, sens BALE MULHOUSE",,,Nuit sans éclairage public,Hors agglomération,Hors intersection,Pluie forte,Trois véhicules et plus - en chaîne,,,,,,,,,,,3,1,1,3,4
200600007304,0006-02-18 12:15:00,6,2,18,12,15,680,300,A36,,,Plein jour,Hors agglomération,Hors intersection,Normale,Deux véhicules - arrière,,,,,,,,,,,1,1,1,1,2
200600007305,0006-02-23 03:00:00,6,2,23,3,0,680,253,autoroute A.36,,,Nuit sans éclairage public,Hors agglomération,Hors intersection,Normale,Deux véhicules - arrière,,,,,,,,,,,3,1,1,1,2
200600007306,0006-02-25 05:50:00,6,2,25,5,50,680,309,"ens nord, sud PK 112+600",,,Nuit sans éclairage public,Hors agglomération,Hors intersection,Normale,Autre collision,,,,,,,,,,,3,1,1,1,6
200600007307,0006-02-18 08:20:00,6,2,18,8,20,530,108,,,,Plein jour,Hors agglomération,Hors intersection,Pluie légère,Trois véhicules et plus - en chaîne,,,,,,,,,,,1,1,1,2,4
200600007308,0006-02-01 15:15:00,6,2,1,15,15,390,501,,,,Plein jour,Hors agglomération,Hors intersection,Normale,Sans collision,,,,,,,,,,,1,1,1,1,7
200600007309,0006-02-02 20:00:00,6,2,2,20,0,380,229,RN 90,,,Nuit avec éclairage allumé,En agglomération,Hors intersection,Normale,Deux véhicules - frontale,,,,,,,,,,,5,2,1,1,1
200600007310,0006-02-11 13:15:00,6,2,11,13,15,380,229,,45.207,5.762,Plein jour,Hors agglomération,Intersection en X,Normale,Deux véhicules - côté,,,,,,,,,,,1,1,2,1,3
200600007311,0006-02-24 15:15:00,6,2,24,15,15,60,85,AVENUE NOTRE DAME DE VIE,,,Plein jour,En agglomération,Hors intersection,Pluie légère,Autre collision,,,,,,,,,,,1,2,1,2,6
200600007312,0006-02-18 06:45:00,6,2,18,6,45,330,351,,45.246,-0.533,Nuit sans éclairage public,Hors agglomération,Hors intersection,Pluie légère,Autre collision,,,,,,,,,,,3,1,1,2,6
200600007313,0006-02-19 10:15:00,6,2,19,10,15,201,92,,41.796,9.396,Crépuscule ou aube,Hors agglomération,Hors intersection,Normale,Sans collision,,,,,,,,,,,2,1,1,1,7
200600007314,0006-02-27 16:45:00,6,2,27,16,45,201,362,e Lucie de Porto-Vecchio,41.708,9.363,Plein jour,Hors agglomération,Hors intersection,Pluie forte,Deux véhicules - arrière,,,,,,,,,,,1,1,1,3,2
200600007315,0006-02-10 16:30:00,6,2,10,16,30,740,112,rsport et route d'ANNECY,,,Plein jour,En agglomération,Hors intersection,Normale,Trois véhicules et plus - collisions multiples,,,,,,,,,,,1,2,1,1,5
200600007316,0006-02-01 13:15:00,6,2,1,13,15,10,290,,45.869,5.189,Plein jour,Hors agglomération,Hors intersection,Brouillard / fumée,Autre collision,,,,,,,,,,,1,1,1,5,6
200600007317,0006-02-05 07:15:00,6,2,5,7,15,10,89,,45.975,5.309,Crépuscule ou aube,Hors agglomération,Hors intersection,Normale,Sans collision,,,,,,,,,,,2,1,1,1,7
200600007318,0006-02-12 20:00:00,6,2,12,20,0,690,288,,45.679,5.052,Plein jour,Hors agglomération,Hors intersection,Normale,Sans collision,,,,,,,,,,,1,1,1,1,7
200600007319,0006-02-19 03:50:00,6,2,19,3,50,10,32,"+300, sens Genève - Lyon",,,Nuit sans éclairage public,Hors agglomération,Hors intersection,Normale,Sans collision,,,,,,,,,,,3,1,1,1,7
200600007320,0006-02-19 12:30:00,6,2,19,12,30,10,290,,45.91,5.236,Plein jour,Hors agglomération,Hors intersection,Normale,Deux véhicules - frontale,,,,,,,,,,,1,1,1,1,1
200600007321,0006-02-02 17:30:00,6,2,2,17,30,510,493,,49.232,4.101,Nuit sans éclairage public,Hors agglomération,Hors intersection,Normale,Deux véhicules - côté,,,,,,,,,,,3,1,1,1,3
200600007322,0006-02-03 13:45:00,6,2,3,13,45,510,614,,49.164,4.203,Plein jour,Hors agglomération,Hors intersection,Normale,Deux véhicules - frontale,,,,,,,,,,,1,1,1,1,1
200600007323,0006-02-10 20:30:00,6,2,10,20,30,510,629,,49.158,4.013,Nuit sans éclairage public,Hors agglomération,Hors intersection,Normale,Deux véhicules - côté,,,,,,,,,,,3,1,1,1,3
200600007324,0006-02-24 14:45:00,6,2,24,14,45,510,44,,49.186,4.166,Plein jour,Hors agglomération,Hors intersection,Normale,Deux véhicules - côté,,,,,,,,,,,1,1,1,1,3
200600007325,0006-02-19 11:00:00,6,2,19,11,0,520,312,+230 sens NANCY / DIJON,,,Plein jour,Hors agglomération,Hors intersection,Vent fort / tempête,Sans collision,,,,,,,,,,,1,1,1,6,7
200600007326,0006-02-14 19:40:00,6,2,14,19,40,60,18,Route de la mer CD4,,,Crépuscule ou aube,En agglomération,Hors intersection,Normale,Deux véhicules - côté,,,,,,,,,,,2,2,1,1,3
200600007327,0006-02-15 17:45:00,6,2,15,17,45,60,152,,43.629,7.016,Crépuscule ou aube,Hors agglomération,Hors intersection,Normale,Deux véhicules - frontale,,,,,,,,,,,2,1,1,1,1
200600007328,0006-02-19 06:00:00,6,2,19,6,0,690,33,,,,Nuit sans éclairage public,Hors agglomération,Hors intersection,Normale,Sans collision,,,,,,,,,,,3,1,1,1,7
200600007329,0006-02-24 00:01:00,6,2,24,0,1,690,88,Montée Roy,45.823,4.864,Nuit avec éclairage allumé,En agglomération,Hors intersection,Normale,Autre collision,,,,,,,,,,,5,2,1,1,6
200600007330,0006-02-14 23:45:00,6,2,14,23,45,20,17,,49.7,3.44,Nuit sans éclairage public,Hors agglomération,Hors intersection,Normale,Sans collision,,,,,,,,,,,3,1,1,1,7
200600007331,0006-02-06 19:40:00,6,2,6,19,40,780,571,,48.859,2.025,Nuit avec éclairage allumé,Hors agglomération,Hors intersection,Normale,Deux véhicules - côté,,,,,,,,,,,5,1,1,1,3
200600007332,0006-02-12 06:30:00,6,2,12,6,30,950,353,,49.101,2.308,Nuit sans éclairage public,Hors agglomération,Hors intersection,Pluie légère,Autre collision,,,,,,,,,,,3,1,1,2,6
200600007333,0006-02-09 22:45:00,6,2,9,22,45,760,244,,,,Nuit sans éclairage public,Hors agglomération,Hors intersection,Normale,Deux véhicules - côté,,,,,,,,,,,3,1,1,1,3
200600007334,0006-02-13 18:30:00,6,2,13,18,30,560,251,rue des Sports,47.633,-2.649,Plein jour,En agglomération,Hors intersection,Normale,Deux véhicules - frontale,,,,,,,,,,,1,2,1,1,1
200600007335,0006-02-17 18:30:00,6,2,17,18,30,560,243,Rue des Vosges,47.656,-2.719,Crépuscule ou aube,En agglomération,Hors intersection,Normale,Autre collision,,,,,,,,,,,2,2,1,1,6
200600007336,0006-02-20 11:00:00,6,2,20,11,0,560,5,"2,  rue de la Poste",47.554,-2.893,Plein jour,En agglomération,Hors intersection,Temps couvert,Deux véhicules - arrière,,,,,,,,,,,1,2,1,8,2
200600007337,0006-02-17 21:20:00,6,2,17,21,20,180,279,0m sens Province - PARIS,,,Nuit sans éclairage public,Hors agglomération,Hors intersection,Pluie légère,Autre collision,,,,,,,,,,,3,1,1,2,6
200600007338,0006-02-28 13:30:00,6,2,28,13,30,410,46,"132+200, sens Pro/PARIS",,,Plein jour,Hors agglomération,Hors intersection,Vent fort / tempête,Sans collision,,,,,,,,,,,1,1,1,6,7
200600007339,0006-02-18 12:00:00,6,2,18,12,0,340,159,lieu dit LA BAUSSAS,,,Plein jour,Hors agglomération,Hors intersection,Normale,Deux véhicules - frontale,,,,,,,,,,,1,1,1,1,1
200600007340,0006-02-25 01:30:00,6,2,25,1,30,340,333,,,,Nuit sans éclairage public,Hors agglomération,Hors intersection,Normale,Deux véhicules - frontale,,,,,,,,,,,3,1,1,1,1
200600007341,0006-02-26 01:00:00,6,2,26,1,0,10,357,,46.174,5.746,Nuit sans éclairage public,Hors agglomération,Hors intersection,Normale,Sans collision,,,,,,,,,,,3,1,1,1,7
200600007342,0006-02-06 08:41:00,6,2,6,8,41,630,206,A. 89 PK349.200,,,Plein jour,Hors agglomération,Hors intersection,Brouillard / fumée,Deux véhicules - frontale,,,,,,,,,,,1,1,1,5,1
200600007343,0006-02-13 02:15:00,6,2,13,2,15,630,198,,,,Nuit sans éclairage public,Hors agglomération,Hors intersection,Pluie légère,Autre collision,,,,,,,,,,,3,1,1,2,6
200600007344,0006-02-17 15:30:00,6,2,17,15,30,720,339,,47.969,0.037,Plein jour,Hors agglomération,Hors intersection,Neige / grêle,Trois véhicules et plus - en chaîne,,,,,,,,,,,1,1,1,4,4
200600007345,0006-02-24 08:00:00,6,2,24,8,0,720,339,,47.978,0.047,Plein jour,Hors agglomération,Hors intersection,Normale,Deux véhicules - arrière,,,,,,,,,,,1,1,1,1,2
200600007346,0006-02-07 16:30:00,6,2,7,16,30,400,295,0 - SUD/NORD - PR 08+250,,,Plein jour,Hors agglomération,Hors intersection,Normale,Deux véhicules - arrière,,,,,,,,,,,1,1,1,1,2
200600007347,0006-02-06 06:30:00,6,2,6,6,30,380,193,bd de Fondbonnière,,,Nuit avec éclairage allumé,En agglomération,Giratoire,Autre,Sans collision,,,,,,,,,,,5,2,6,9,7
200600007348,0006-02-15 18:00:00,6,2,15,18,0,380,193,OUTE DE BOURGOIN JALLIEU,,,Nuit sans éclairage public,En agglomération,Hors intersection,Pluie forte,Deux véhicules - côté,,,,,,,,,,,3,2,1,3,3
200600007349,0006-02-12 19:00:00,6,2,12,19,0,100,256,P.K. 369+700,,,Nuit sans éclairage public,Hors agglomération,Hors intersection,Pluie légère,Deux véhicules - arrière,,,,,,,,,,,3,1,1,2,2
200600007350,0006-02-06 12:45:00,6,2,6,12,45,130,113,ave de la grande begude,43.595,5.481,Plein jour,En agglomération,Hors intersection,Normale,Autre collision,,,,,,,,,,,1,2,1,1,6
200600007351,0006-02-25 08:30:00,6,2,25,8,30,730,151,,,,Plein jour,Hors agglomération,Hors intersection,Normale,Sans collision,,,,,,,,,,,1,1,1,1,7
200600007352,0006-02-07 18:00:00,6,2,7,18,0,600,10,e de péage autoroute A16,,,Nuit avec éclairage allumé,Hors agglomération,Hors intersection,Normale,Deux véhicules - arrière,,,,,,,,,,,5,1,1,1,2
200600007353,0006-02-16 12:15:00,6,2,16,12,15,130,50,,,,Plein jour,Hors agglomération,Hors intersection,Normale,Deux véhicules - frontale,,,,,,,,,,,1,1,1,1,1
200600007354,0006-02-24 18:35:00,6,2,24,18,35,130,50,RN7,43.665,5.253,Crépuscule ou aube,Hors agglomération,Hors intersection,Normale,Trois véhicules et plus - collisions multiples,,,,,,,,,,,2,1,1,1,5
200600007355,0006-02-02 12:45:00,6,2,2,12,45,760,611,Au toroute A.29,,,Plein jour,Hors agglomération,Hors intersection,Brouillard / fumée,Autre collision,,,,,,,,,,,1,1,1,5,6
200600007356,0006-02-05 01:00:00,6,2,5,1,0,740,311,,,,Nuit sans éclairage public,Hors agglomération,Hors intersection,Neige / grêle,Sans collision,,,,,,,,,,,3,1,1,4,7
200600007357,0006-02-20 00:01:00,6,2,20,0,1,740,164,Avenue du stade,,,Nuit avec éclairage allumé,En agglomération,Hors intersection,Normale,Autre collision,,,,,,,,,,,5,2,1,1,6
200600007358,0006-02-07 11:45:00,6,2,7,11,45,800,21,,,,Plein jour,Hors agglomération,Hors intersection,Normale,Sans collision,,,,,,,,,,,1,1,1,1,7
200600007359,0006-02-23 15:15:00,6,2,23,15,15,800,332,Autoroute A16,,,Plein jour,Hors agglomération,Hors intersection,Neige / grêle,Autre collision,,,,,,,,,,,1,1,1,4,6
200600007360,0006-02-11 20:55:00,6,2,11,20,55,620,503,6 - sens CALAIS/BOULOGNE,,,Nuit avec éclairage allumé,Hors agglomération,Hors intersection,Normale,Deux véhicules - arrière,,,,,,,,,,,5,1,1,1,2
200600007361,0006-02-18 05:45:00,6,2,18,5,45,190,276,,45.411,1.534,Nuit sans éclairage public,Hors agglomération,Hors intersection,Temps couvert,Autre collision,,,,,,,,,,,3,1,1,8,6
200600007362,0006-02-24 02:35:00,6,2,24,2,35,190,234,PK 252+500,45.32,1.575,Nuit sans éclairage public,Hors agglomération,Hors intersection,Normale,Autre collision,,,,,,,,,,,3,1,1,1,6
200600007363,0006-02-04 07:15:00,6,2,4,7,15,360,134,,46.422,1.47,Crépuscule ou aube,Hors agglomération,Hors intersection,Normale,Autre collision,,,,,,,,,,,2,1,1,1,6
200600007364,0006-02-18 15:15:00,6,2,18,15,15,360,202,,,,Plein jour,Hors agglomération,Hors intersection,Neige / grêle,Trois véhicules et plus - en chaîne,,,,,,,,,,,1,1,1,4,4
200600007365,0006-02-17 16:50:00,6,2,17,16,50,360,97,AUTOROUTE A.20,,,Plein jour,Hors agglomération,Hors intersection,Neige / grêle,Trois véhicules et plus - en chaîne,,,,,,,,,,,1,1,1,4,4
200600007366,0006-02-18 14:00:00,6,2,18,14,0,360,230,,,,Plein jour,Hors agglomération,Hors intersection,Neige / grêle,Deux véhicules - arrière,,,,,,,,,,,1,1,1,4,2
200600007367,0006-02-20 13:30:00,6,2,20,13,30,480,17,,,,Plein jour,Hors agglomération,Hors intersection,Normale,Autre collision,,,,,,,,,,,1,1,1,1,6
200600007368,0006-02-02 07:00:00,6,2,2,7,0,340,36,,,,Nuit sans éclairage public,Hors agglomération,Hors intersection,Normale,Autre collision,,,,,,,,,,,3,1,1,1,6
200600007369,0006-02-01 15:30:00,6,2,1,15,30,630,48,K 295+500 AUTOROUTE A 89,,,Plein jour,Hors agglomération,Hors intersection,Normale,Autre collision,,,,,,,,,,,1,1,1,1,6
200600007370,0006-02-18 15:15:00,6,2,18,15,15,190,263,,,,Plein jour,Hors agglomération,Hors intersection,Neige / grêle,Autre collision,,,,,,,,,,,1,1,1,4,6
200600007371,0006-02-20 11:45:00,6,2,20,11,45,190,134,,,,Plein jour,Hors agglomération,Hors intersection,Pluie légère,Deux véhicules - arrière,,,,,,,,,,,1,1,1,2,2
200600007372,0006-02-28 17:30:00,6,2,28,17,30,630,370,PK 2+200 BRETELLE ACCES,,,Nuit sans éclairage public,Hors agglomération,Hors intersection,Neige / grêle,Deux véhicules - frontale,,,,,,,,,,,3,1,1,4,1
200600007373,0006-02-07 08:15:00,6,2,7,8,15,780,356,route de VERSAILLES,48.729,2.09,Plein jour,En agglomération,Hors intersection,Normale,Deux véhicules - frontale,,,,,,,,,,,1,2,1,1,1
200600007374,0006-02-22 19:00:00,6,2,22,19,0,780,561,,48.741,2.015,Nuit avec éclairage non allumé,Hors agglomération,Hors intersection,Normale,Deux véhicules - frontale,,,,,,,,,,,4,1,1,1,1
200600007375,0006-02-12 23:15:00,6,2,12,23,15,670,388,Faubourg de NIEDERBRONN,,,Nuit avec éclairage allumé,En agglomération,Hors intersection,Normale,Deux véhicules - frontale,,,,,,,,,,,5,2,1,1,1
200600007376,0006-02-09 07:30:00,6,2,9,7,30,140,752,,,,Crépuscule ou aube,Hors agglomération,Autre intersection,Normale,Trois véhicules et plus - en chaîne,,,,,,,,,,,2,1,9,1,4
200600007377,0006-02-01 07:30:00,6,2,1,7,30,300,47,,43.82,4.417,Crépuscule ou aube,Hors agglomération,Hors intersection,Normale,Deux véhicules - frontale,,,,,,,,,,,2,1,1,1,1
200600007378,0006-02-19 14:30:00,6,2,19,14,30,300,117,,,,Plein jour,Hors agglomération,Hors intersection,Normale,Autre collision,,,,,,,,,,,1,1,1,1,6
200600007379,0006-02-19 20:00:00,6,2,19,20,0,300,117,,,,Nuit sans éclairage public,Hors agglomération,Hors intersection,Normale,Deux véhicules - côté,,,,,,,,,,,3,1,1,1,3
200600007380,0006-02-16 06:00:00,6,2,16,6,0,80,395,,49.7,4.685,Nuit sans éclairage public,Hors agglomération,Hors intersection,Pluie légère,Autre collision,,,,,,,,,,,3,1,1,2,6
200600007381,0006-02-06 14:45:00,6,2,6,14,45,850,89,,,,Plein jour,Hors agglomération,Hors intersection,Normale,Autre collision,,,,,,,,,,,1,1,1,1,6
200600007382,0006-02-13 02:15:00,6,2,13,2,15,850,89,autoroute A87,,,Nuit sans éclairage public,Hors agglomération,Hors intersection,Normale,Autre collision,,,,,,,,,,,3,1,1,1,6
200600007383,0006-02-20 19:45:00,6,2,20,19,45,130,45,Chemin De La Roulade,,,Nuit sans éclairage public,Hors agglomération,Hors intersection,Normale,Sans collision,,,,,,,,,,,3,1,1,1,7
200600007384,0006-02-25 16:40:00,6,2,25,16,40,130,36,CD 571,,,Plein jour,Hors agglomération,Hors intersection,Normale,Deux véhicules - frontale,,,,,,,,,,,1,1,1,1,1
200600007385,0006-02-14 19:30:00,6,2,14,19,30,340,192,Quai Paul Cunq,,,Nuit avec éclairage allumé,En agglomération,Hors intersection,Normale,Autre collision,,,,,,,,,,,5,2,1,1,6
200600007386,0006-02-27 21:15:00,6,2,27,21,15,760,619,,,,Nuit sans éclairage public,Hors agglomération,Hors intersection,Normale,Sans collision,,,,,,,,,,,3,1,1,1,7
200600007387,0006-02-07 20:15:00,6,2,7,20,15,760,111,,49.467,1.235,Nuit sans éclairage public,Hors agglomération,Hors intersection,Normale,Autre collision,,,,,,,,,,,3,1,1,1,6
200600007388,0006-02-28 17:45:00,6,2,28,17,45,760,146,Route de Rouen,49.589,1.357,Crépuscule ou aube,En agglomération,Hors intersection,Temps éblouissant,Autre collision,,,,,,,,,,,2,2,1,7,6
200600007389,0006-02-07 07:00:00,6,2,7,7,0,950,637,Boulevard de l'Oise,,,Nuit avec éclairage allumé,En agglomération,Hors intersection,Normale,Deux véhicules - côté,,,,,,,,,,,5,2,1,1,3
200600007390,0006-02-02 07:45:00,6,2,2,7,45,950,612,107 RUE DE PARIS,,,Crépuscule ou aube,En agglomération,Hors intersection,Temps couvert,Deux véhicules - côté,,,,,,,,,,,2,2,1,8,3
200600007391,0006-02-25 05:30:00,6,2,25,5,30,560,94,,47.753,-3.294,Nuit sans éclairage public,Hors agglomération,Hors intersection,Normale,Autre collision,,,,,,,,,,,3,1,1,1,6
200600007392,0006-02-12 12:55:00,6,2,12,12,55,350,1,RUE DE RENNES,,,Plein jour,En agglomération,Hors intersection,Normale,Deux véhicules - côté,,,,,,,,,,,1,2,1,1,3
200600007393,0006-02-11 16:30:00,6,2,11,16,30,620,792,,,,Plein jour,Hors agglomération,Hors intersection,Normale,Autre collision,,,,,,,,,,,1,1,1,1,6
200600007394,0006-02-17 09:30:00,6,2,17,9,30,620,297,,,,Plein jour,Hors agglomération,Hors intersection,Pluie forte,Deux véhicules - côté,,,,,,,,,,,1,1,1,3,3
200600007395,0006-02-24 16:15:00,6,2,24,16,15,240,462,,,,Plein jour,Hors agglomération,Hors intersection,Normale,Sans collision,,,,,,,,,,,1,1,1,1,7
200600007396,0006-02-12 22:00:00,6,2,12,22,0,770,22,RN7,48.458,2.621,Nuit avec éclairage allumé,Hors agglomération,Hors intersection,Pluie légère,Autre collision,,,,,,,,,,,5,1,1,2,6
200600007397,0006-02-10 09:25:00,6,2,10,9,25,690,260,Route de givors,45.63,4.8,Plein jour,Hors agglomération,Hors intersection,Normale,Deux véhicules - frontale,,,,,,,,,,,1,1,1,1,1
200600007398,0006-02-28 02:15:00,6,2,28,2,15,660,189,bd de la LibératiON,42.659,2.952,Nuit avec éclairage allumé,En agglomération,Hors intersection,Normale,Autre collision,,,,,,,,,,,5,2,1,1,6
200600007399,0006-02-09 09:00:00,6,2,9,9,0,10,289,"SNR, LYON ( AVE DE) A PA",,,Plein jour,En agglomération,Intersection en X,Normale,Deux véhicules - arrière,,,,,,,,,,,1,2,2,1,2