accident_id,datetime,annee,mois,jour,heure,minute,departement,commune_insee,adresse,latitude,longitude,luminosite,agglomeration,intersection,meteo,collision,nb_vehicules,nb_usagers,nb_indemnes,nb_tues,nb_blesses_hosp,nb_blesses_legers,age_cond_1,age_cond_2,veh_type_cond_1,veh_type_cond_2,lum_code,agg_code,int_code,atm_code,col_code
200600007400,0006-02-12 04:50:00,6,2,12,4,50,10,53,HERRIOT ( BOULEVARD EDOU,,,Nuit avec éclairage allumé,En agglomération,Hors intersection,Normale,Deux véhicules - arrière,,,,,,,,,,,5,2,1,1,2
200600007401,0006-02-15 19:00:00,6,2,15,19,0,10,451,RN79,,,Nuit sans éclairage public,Hors agglomération,Hors intersection,Pluie forte,Deux véhicules - côté,,,,,,,,,,,3,1,1,3,3
200600007402,0006-02-21 12:30:00,6,2,21,12,30,10,53,LEVRIER ( BD ANDRE) IMPA,,,Plein jour,En agglomération,Hors intersection,Normale,Autre collision,,,,,,,,,,,1,2,1,1,6
200600007403,0006-02-28 12:30:00,6,2,28,12,30,10,53,KENNEDY BVD J  - PAIR ),,,Plein jour,En agglomération,Hors intersection,Normale,Deux véhicules - côté,,,,,,,,,,,1,2,1,1,3
200600007404,0006-02-17 00:20:00,6,2,17,0,20,10,283,", NICOD (RUE DU 0 AU 20/",,,Nuit avec éclairage allumé,En agglomération,Intersection en X,Pluie légère,Deux véhicules - côté,,,,,,,,,,,5,2,2,2,3
200600007405,0006-02-09 15:25:00,6,2,9,15,25,20,168,"30, SOISSONS (AVENUE DE)",,,Plein jour,En agglomération,Hors intersection,Normale,Autre collision,,,,,,,,,,,1,2,1,1,6
200600007406,0006-02-09 12:10:00,6,2,9,12,10,20,340,GRUGIES (ROUTE DE),,,Plein jour,En agglomération,Hors intersection,Normale,Deux véhicules - arrière,,,,,,,,,,,1,2,1,1,2
200600007407,0006-02-15 13:05:00,6,2,15,13,5,20,691,"205, EPARGNEMAILLES DE 1",,,Plein jour,En agglomération,Hors intersection,Pluie légère,Deux véhicules - frontale,,,,,,,,,,,1,2,1,2,1
200600007408,0006-02-10 21:00:00,6,2,10,21,0,20,691,DUMAS (RUE ALEXANDRE),,,Nuit avec éclairage allumé,En agglomération,Intersection en X,Normale,Deux véhicules - côté,,,,,,,,,,,5,2,2,1,3
200600007409,0006-02-03 05:40:00,6,2,3,5,40,20,722,"02, COUCY ( AVENUE DE )",,,Nuit avec éclairage allumé,En agglomération,Hors intersection,Normale,Deux véhicules - côté,,,,,,,,,,,5,2,1,1,3
200600007410,0006-02-10 14:20:00,6,2,10,14,20,20,722,"63, JEANNE D'ARC ( BOULE",,,Plein jour,En agglomération,Hors intersection,Normale,Autre collision,,,,,,,,,,,1,2,1,1,6
200600007411,0006-02-24 12:00:00,6,2,24,12,0,20,805,ROUTE NATIONALE 31,,,Plein jour,En agglomération,Hors intersection,Normale,Deux véhicules - côté,,,,,,,,,,,1,2,1,1,3
200600007412,0006-02-09 09:30:00,6,2,9,9,30,20,258,"1/3, GAMBETTA (BOULEVARD",,,Plein jour,En agglomération,Hors intersection,Pluie légère,Autre collision,,,,,,,,,,,1,2,1,2,6
200600007413,0006-02-07 17:05:00,6,2,7,17,5,30,185,"138, GUESDE ( AVENUE JUL",,,Plein jour,En agglomération,Hors intersection,Normale,Autre collision,,,,,,,,,,,1,2,1,1,6
200600007414,0006-02-11 04:00:00,6,2,11,4,0,30,185,"87, ROSSIGNOLS ( RUE DES",,,Nuit avec éclairage allumé,En agglomération,Hors intersection,Normale,Autre collision,,,,,,,,,,,5,2,1,1,6
200600007415,0006-02-26 05:00:00,6,2,26,5,0,30,185,NEGRE ( ALLEE JEAN ),,,Nuit avec éclairage allumé,En agglomération,Intersection en T,Normale,Autre collision,,,,,,,,,,,5,2,3,1,6
200600007416,0006-02-03 19:00:00,6,2,3,19,0,30,190,"2, BARDON (RUE DE)",,,Nuit avec éclairage allumé,En agglomération,Intersection en X,Normale,Autre collision,,,,,,,,,,,5,2,2,1,6
200600007417,0006-02-14 17:23:00,6,2,14,17,23,30,190,"24, HALLES (RUE ET PLACE",,,Plein jour,En agglomération,Intersection en T,Normale,Deux véhicules - arrière,,,,,,,,,,,1,2,3,1,2
200600007418,0006-02-22 07:45:00,6,2,22,7,45,30,13,"2, PARIS (ROUTE DE)",,,Crépuscule ou aube,En agglomération,Intersection en T,Normale,Deux véhicules - côté,,,,,,,,,,,2,2,3,1,3
200600007419,0006-02-25 10:20:00,6,2,25,10,20,30,190,CHAMPINS (RUE DES),,,Plein jour,En agglomération,Intersection en T,Normale,Autre collision,,,,,,,,,,,1,2,3,1,6
200600007420,0006-02-02 13:50:00,6,2,2,13,50,30,310,"103, CELESTINS (AVENUE D",,,Plein jour,En agglomération,Hors intersection,Temps couvert,Autre collision,,,,,,,,,,,1,2,1,8,6
200600007421,0006-02-08 10:55:00,6,2,8,10,55,30,310,"32, PARIS (RUE DE)",,,Plein jour,En agglomération,Hors intersection,Normale,Autre collision,,,,,,,,,,,1,2,1,1,6
200600007422,0006-02-11 23:50:00,6,2,11,23,50,30,1,"8, THIERS (AVENUE DE)",,,Nuit avec éclairage allumé,En agglomération,Hors intersection,Normale,Deux véhicules - côté,,,,,,,,,,,5,2,1,1,3
200600007423,0006-02-14 16:35:00,6,2,14,16,35,30,23,REPUBLIQUE (AVENUE DE LA,,,Plein jour,En agglomération,Giratoire,Normale,Trois véhicules et plus - en chaîne,,,,,,,,,,,1,2,6,1,4
200600007424,0006-02-17 08:50:00,6,2,17,8,50,30,310,"0, LATTRE DE TASSIGNY (B",,,Plein jour,En agglomération,Giratoire,Normale,Autre collision,,,,,,,,,,,1,2,6,1,6
200600007425,0006-02-18 18:20:00,6,2,18,18,20,30,94,"0, GUINARDS (RUE DES)",,,Nuit sans éclairage public,En agglomération,Intersection en T,Normale,Deux véhicules - côté,,,,,,,,,,,3,2,3,1,3
200600007426,0006-02-22 10:05:00,6,2,22,10,5,30,310,"1, PORTE SAINT JULIEN (R",,,Plein jour,En agglomération,Hors intersection,Normale,Autre collision,,,,,,,,,,,1,2,1,1,6
200600007427,0006-02-23 19:00:00,6,2,23,19,0,30,310,"0, COULON (AVENUE PIERRE",,,Nuit avec éclairage allumé,En agglomération,Intersection en X,Normale,Deux véhicules - côté,,,,,,,,,,,5,2,2,1,3
200600007428,0006-02-25 19:10:00,6,2,25,19,10,30,1,HAUTERIVE (ROUTE D'),,,Nuit sans éclairage public,Hors agglomération,Hors intersection,Normale,Deux véhicules - frontale,,,,,,,,,,,3,1,1,1,1
200600007429,0006-02-23 13:40:00,6,2,23,13,40,40,70,"14, TAMPINET (RUE DU)",,,Plein jour,En agglomération,Hors intersection,Normale,Autre collision,,,,,,,,,,,1,2,1,1,6
200600007430,0006-02-22 17:25:00,6,2,22,17,25,40,112,D907,,,Plein jour,En agglomération,Hors intersection,Normale,Deux véhicules - frontale,,,,,,,,,,,1,2,1,1,1
200600007431,0006-02-25 11:13:00,6,2,25,11,13,40,112,"362, ROBERT (CH.DE)",,,Plein jour,En agglomération,Passage à niveau,Normale,Deux véhicules - côté,,,,,,,,,,,1,2,8,1,3
200600007432,0006-02-25 04:55:00,6,2,25,4,55,50,23,SAVOIE (AVENUE DE),,,Nuit avec éclairage allumé,En agglomération,Hors intersection,Temps couvert,Autre collision,,,,,,,,,,,5,2,1,8,6
200600007433,0006-02-18 10:15:00,6,2,18,10,15,50,61,RN 85,,,Plein jour,Hors agglomération,Hors intersection,Neige / grêle,Deux véhicules - frontale,,,,,,,,,,,1,1,1,4,1
200600007434,0006-02-25 13:34:00,6,2,25,13,34,50,61,RN 85,,,Plein jour,Hors agglomération,Hors intersection,Normale,Trois véhicules et plus - collisions multiples,,,,,,,,,,,1,1,1,1,5
200600007435,0006-02-01 16:40:00,6,2,1,16,40,60,4,"1047, CONSTANCE CH.DE LA",,,Plein jour,En agglomération,Hors intersection,Normale,Deux véhicules - côté,,,,,,,,,,,1,2,1,1,3
200600007436,0006-02-02 19:40:00,6,2,2,19,40,60,4,"522, GREC AV.JULES",,,Nuit avec éclairage allumé,En agglomération,Hors intersection,Normale,Deux véhicules - côté,,,,,,,,,,,5,2,1,1,3
200600007437,0006-02-03 16:55:00,6,2,3,16,55,60,4,"00, ROCHAT AV.PHILIPPE",,,Plein jour,En agglomération,Giratoire,Normale,Autre collision,,,,,,,,,,,1,2,6,1,6
200600007438,0006-02-05 10:00:00,6,2,5,10,0,60,4,GRASSE RTE DE,,,Plein jour,En agglomération,Intersection en T,Normale,Deux véhicules - côté,,,,,,,,,,,1,2,3,1,3
200600007439,0006-02-07 20:45:00,6,2,7,20,45,60,4,SAINTE MARGUERITE RUE,,,Nuit avec éclairage allumé,En agglomération,Intersection en T,Normale,Autre collision,,,,,,,,,,,5,2,3,1,6
200600007440,0006-02-10 08:30:00,6,2,10,8,30,60,4,PARC LAVAL AV.DU,,,Plein jour,En agglomération,Hors intersection,Normale,Autre collision,,,,,,,,,,,1,2,1,1,6
200600007441,0006-02-11 15:00:00,6,2,11,15,0,60,4,VERDUN AV.DE,,,Plein jour,En agglomération,Intersection en T,Normale,Autre collision,,,,,,,,,,,1,2,3,1,6
200600007442,0006-02-12 20:10:00,6,2,12,20,10,60,4,"12, NICE(RN.7) AV.ET RTE",,,Nuit avec éclairage allumé,En agglomération,Hors intersection,Normale,Deux véhicules - frontale,,,,,,,,,,,5,2,1,1,1
200600007443,0006-02-13 16:45:00,6,2,13,16,45,60,4,"01, FOCH BD MARECHAL",,,Plein jour,En agglomération,Hors intersection,Normale,Deux véhicules - arrière,,,,,,,,,,,1,2,1,1,2
200600007444,0006-02-13 18:55:00,6,2,13,18,55,60,4,ROCHAT AV.PHILIPPE,,,Nuit avec éclairage allumé,En agglomération,Hors intersection,Normale,Deux véhicules - côté,,,,,,,,,,,5,2,1,1,3
200600007445,0006-02-17 15:00:00,6,2,17,15,0,60,4,"00, AUSSEL AV.NICOLAS",,,Plein jour,En agglomération,Hors intersection,Normale,Deux véhicules - côté,,,,,,,,,,,1,2,1,1,3
200600007446,0006-02-17 15:30:00,6,2,17,15,30,60,4,GRASSE RTE DE,,,Plein jour,En agglomération,Hors intersection,Normale,Autre collision,,,,,,,,,,,1,2,1,1,6
200600007447,0006-02-20 11:30:00,6,2,20,11,30,60,4,"61, WILSON BD",,,Plein jour,En agglomération,Hors intersection,Normale,Deux véhicules - arrière,,,,,,,,,,,1,2,1,1,2
200600007448,0006-02-20 16:55:00,6,2,20,16,55,60,4,"41, CANNES(RN.7) AV.DE",,,Crépuscule ou aube,En agglomération,Hors intersection,Normale,Deux véhicules - côté,,,,,,,,,,,2,2,1,1,3
200600007449,0006-02-23 00:01:00,6,2,23,0,1,60,4,MAUPASSANT-JUAN AV.GUY D,,,Nuit avec éclairage allumé,En agglomération,Intersection en T,Normale,Autre collision,,,,,,,,,,,5,2,3,1,6
200600007450,0006-02-24 11:35:00,6,2,24,11,35,60,4,"00, HORIZON BD DE L'",,,Plein jour,En agglomération,Intersection en X,Normale,Deux véhicules - côté,,,,,,,,,,,1,2,2,1,3
200600007451,0006-02-24 16:10:00,6,2,24,16,10,60,4,BARQUIER AV.,,,Plein jour,En agglomération,Intersection en X,Pluie légère,Autre collision,,,,,,,,,,,1,2,2,2,6
200600007452,0006-02-26 16:45:00,6,2,26,16,45,60,4,NOVEMBRE 11 AVE,,,Plein jour,En agglomération,Hors intersection,Normale,Deux véhicules - côté,,,,,,,,,,,1,2,1,1,3
200600007453,0006-02-26 08:50:00,6,2,26,8,50,60,4,SABLES CH.ET ALLEE,,,Plein jour,En agglomération,Intersection en T,Normale,Sans collision,,,,,,,,,,,1,2,3,1,7
200600007454,0006-02-27 14:15:00,6,2,27,14,15,60,4,SAINT CLAUDE CH.DE,,,Plein jour,En agglomération,Intersection en T,Normale,Deux véhicules - côté,,,,,,,,,,,1,2,3,1,3
200600007455,0006-02-28 11:50:00,6,2,28,11,50,60,4,NICE(RN.7) AV.ET RTE DE,,,Plein jour,En agglomération,Hors intersection,Normale,Autre collision,,,,,,,,,,,1,2,1,1,6
200600007456,0006-02-01 09:50:00,6,2,1,9,50,60,27,SALLES CHEMIN DES,,,Plein jour,En agglomération,Intersection en Y,Normale,Deux véhicules - frontale,,,,,,,,,,,1,2,4,1,1
200600007457,0006-02-01 10:45:00,6,2,1,10,45,60,123,R.N. 98,,,Plein jour,En agglomération,Hors intersection,Normale,Deux véhicules - arrière,,,,,,,,,,,1,2,1,1,2
200600007458,0006-02-02 12:30:00,6,2,2,12,30,60,123,"1665, PUGETS ROUTE DES",,,Plein jour,En agglomération,Hors intersection,Normale,Deux véhicules - côté,,,,,,,,,,,1,2,1,1,3
200600007459,0006-02-04 18:00:00,6,2,4,18,0,60,27,NICE AVENUE DE (RN7),,,Crépuscule ou aube,En agglomération,Hors intersection,Normale,Deux véhicules - côté,,,,,,,,,,,2,2,1,1,3
200600007460,0006-02-06 18:45:00,6,2,6,18,45,60,27,"77, CHENES AVENUE DES",,,Crépuscule ou aube,En agglomération,Hors intersection,Normale,Trois véhicules et plus - collisions multiples,,,,,,,,,,,2,2,1,1,5
200600007461,0006-02-08 16:30:00,6,2,8,16,30,60,27,CANNES AVENUE DE (RN7),,,Plein jour,En agglomération,Hors intersection,Normale,Deux véhicules - arrière,,,,,,,,,,,1,2,1,1,2
200600007462,0006-02-08 19:40:00,6,2,8,19,40,60,27,ZIEM AVENUE,,,Crépuscule ou aube,En agglomération,Hors intersection,Normale,Deux véhicules - côté,,,,,,,,,,,2,2,1,1,3
200600007463,0006-02-09 20:30:00,6,2,9,20,30,60,27,KENNEDY BOULEVARD J.F.,,,Nuit avec éclairage allumé,En agglomération,Hors intersection,Normale,Deux véhicules - côté,,,,,,,,,,,5,2,1,1,3
200600007464,0006-02-11 09:15:00,6,2,11,9,15,60,27,"35, JUIN BOULEVARD MAREC",,,Plein jour,En agglomération,Hors intersection,Normale,Autre collision,,,,,,,,,,,1,2,1,1,6
200600007465,0006-02-11 19:45:00,6,2,11,19,45,60,27,REYNES RUE DES,,,Nuit avec éclairage allumé,En agglomération,Hors intersection,Normale,Autre collision,,,,,,,,,,,5,2,1,1,6
200600007466,0006-02-11 12:50:00,6,2,11,12,50,60,123,CURIE PIERRE ET MARIE AV,,,Plein jour,En agglomération,Hors intersection,Normale,Deux véhicules - arrière,,,,,,,,,,,1,2,1,1,2
200600007467,0006-02-18 12:30:00,6,2,18,12,30,60,123,"1892, BARONNE ROUTE DE L",,,Plein jour,En agglomération,Hors intersection,Normale,Deux véhicules - frontale,,,,,,,,,,,1,2,1,1,1
200600007468,0006-02-22 09:10:00,6,2,22,9,10,60,123,"528, AGRIMONT CORNICHE D",,,Plein jour,En agglomération,Hors intersection,Normale,Deux véhicules - frontale,,,,,,,,,,,1,2,1,1,1
200600007469,0006-02-22 20:15:00,6,2,22,20,15,60,27,PLAGE BOULEVARD DE LA,,,Plein jour,En agglomération,Hors intersection,Normale,Autre collision,,,,,,,,,,,1,2,1,1,6
200600007470,0006-02-24 19:00:00,6,2,24,19,0,60,27,"125, NICE AVENUE DE (RN7",,,Crépuscule ou aube,En agglomération,Hors intersection,Normale,Deux véhicules - arrière,,,,,,,,,,,2,2,1,1,2
200600007471,0006-02-26 16:00:00,6,2,26,16,0,60,27,NICE AVENUE DE (RN7),,,Plein jour,En agglomération,Hors intersection,Pluie légère,Deux véhicules - côté,,,,,,,,,,,1,2,1,2,3
200600007472,0006-02-28 19:45:00,6,2,28,19,45,60,27,PLAGE BOULEVARD DE LA,,,Nuit avec éclairage allumé,En agglomération,Hors intersection,Normale,Deux véhicules - côté,,,,,,,,,,,5,2,1,1,3
200600007473,0006-02-13 18:40:00,6,2,13,18,40,60,27,"62, VAL FLEURI CHEMIN DU",,,Plein jour,En agglomération,Hors intersection,Normale,Autre collision,,,,,,,,,,,1,2,1,1,6
200600007474,0006-02-01 19:48:00,6,2,1,19,48,60,30,"00, AUBAREDE (CHEMIN DE",,,Nuit avec éclairage allumé,En agglomération,Intersection en T,Normale,Deux véhicules - côté,,,,,,,,,,,5,2,3,1,3
200600007475,0006-02-04 19:35:00,6,2,4,19,35,60,29,COUVERTURE VOIE FERREE,,,Nuit avec éclairage allumé,En agglomération,Hors intersection,Normale,Sans collision,,,,,,,,,,,5,2,1,1,7
200600007476,0006-02-04 19:50:00,6,2,4,19,50,60,29,JOURDAN (AVENUE MICHEL),,,Nuit avec éclairage allumé,En agglomération,Hors intersection,Normale,Deux véhicules - côté,,,,,,,,,,,5,2,1,1,3
200600007477,0006-02-05 11:00:00,6,2,5,11,0,60,29,"01, CROISETTE (BOULEVARD",,,Plein jour,En agglomération,Hors intersection,Normale,Trois véhicules et plus - collisions multiples,,,,,,,,,,,1,2,1,1,5
200600007478,0006-02-06 16:05:00,6,2,6,16,5,60,29,CIGALES (AVENUE DES),,,Plein jour,En agglomération,Giratoire,Normale,Deux véhicules - côté,,,,,,,,,,,1,2,6,1,3
200600007479,0006-02-07 01:32:00,6,2,7,1,32,60,30,"73, ROOSEVELT (AVENUE FR",,,Nuit avec éclairage allumé,En agglomération,Hors intersection,Normale,Sans collision,,,,,,,,,,,5,2,1,1,7
200600007480,0006-02-07 12:30:00,6,2,7,12,30,60,29,"6, LECERF (RUE)",,,Plein jour,En agglomération,Intersection en X,Normale,Deux véhicules - côté,,,,,,,,,,,1,2,2,1,3
200600007481,0006-02-08 18:45:00,6,2,8,18,45,60,29,"00, CROISETTE (BOULEVARD",,,Nuit avec éclairage allumé,En agglomération,Hors intersection,Normale,Trois véhicules et plus - collisions multiples,,,,,,,,,,,5,2,1,1,5
200600007482,0006-02-10 11:40:00,6,2,10,11,40,60,29,HIBERT (BOULEVARD JEAN),,,Plein jour,En agglomération,Hors intersection,Normale,Autre collision,,,,,,,,,,,1,2,1,1,6
200600007483,0006-02-10 17:12:00,6,2,10,17,12,60,29,"24, COUBERTIN (AVENUE PI",,,Plein jour,En agglomération,Hors intersection,Normale,Autre collision,,,,,,,,,,,1,2,1,1,6
200600007484,0006-02-11 10:30:00,6,2,11,10,30,60,29,"111, TONNER (AVENUE FRAN",,,Plein jour,En agglomération,Hors intersection,Normale,Deux véhicules - côté,,,,,,,,,,,1,2,1,1,3
200600007485,0006-02-13 19:47:00,6,2,13,19,47,60,30,"49, SADI CARNOT (BOULEVA",,,Nuit avec éclairage allumé,En agglomération,Hors intersection,Normale,Autre collision,,,,,,,,,,,5,2,1,1,6
200600007486,0006-02-14 22:10:00,6,2,14,22,10,60,29,"00, TUBY (BOULEVARD VICT",,,Nuit avec éclairage allumé,En agglomération,Intersection en X,Normale,Deux véhicules - côté,,,,,,,,,,,5,2,2,1,3
200600007487,0006-02-15 11:30:00,6,2,15,11,30,60,29,COTEAUX (AVENUE DES),,,Plein jour,En agglomération,Intersection en X,Normale,Deux véhicules - côté,,,,,,,,,,,1,2,2,1,3
200600007488,0006-02-15 19:15:00,6,2,15,19,15,60,29,RIOU (BOULEVARD DU),,,Crépuscule ou aube,En agglomération,Hors intersection,Normale,Deux véhicules - arrière,,,,,,,,,,,2,2,1,1,2
200600007489,0006-02-16 12:04:00,6,2,16,12,4,60,29,"00, BENEFIAT (AVENUE DE)",,,Plein jour,En agglomération,Hors intersection,Normale,Deux véhicules - côté,,,,,,,,,,,1,2,1,1,3
200600007490,0006-02-17 17:33:00,6,2,17,17,33,60,29,"12, VERCORS (AVENUE DU)",,,Plein jour,En agglomération,Hors intersection,Normale,Sans collision,,,,,,,,,,,1,2,1,1,7
200600007491,0006-02-18 10:00:00,6,2,18,10,0,60,29,"00, TRIPET (BOULEVARD EU",,,Plein jour,En agglomération,Intersection en X,Normale,Deux véhicules - côté,,,,,,,,,,,1,2,2,1,3
200600007492,0006-02-18 02:17:00,6,2,18,2,17,60,30,"00, SADI CARNOT (BOULEVA",,,Nuit avec éclairage allumé,En agglomération,Intersection en X,Normale,Sans collision,,,,,,,,,,,5,2,2,1,7
200600007493,0006-02-08 12:07:00,6,2,8,12,7,60,29,"49, LEADER (BOULEVARD)",,,Plein jour,En agglomération,Hors intersection,Normale,Deux véhicules - arrière,,,,,,,,,,,1,2,1,1,2
200600007494,0006-02-20 14:11:00,6,2,20,14,11,60,29,"187, TONNER (AVENUE FRAN",,,Plein jour,En agglomération,Hors intersection,Normale,Deux véhicules - arrière,,,,,,,,,,,1,2,1,1,2
200600007495,0006-02-22 09:00:00,6,2,22,9,0,60,29,"3, GRASSE (AVENUE DE)",,,Plein jour,En agglomération,Intersection en T,Normale,Deux véhicules - frontale,,,,,,,,,,,1,2,3,1,1
200600007496,0006-02-25 17:00:00,6,2,25,17,0,60,30,CANNES (RUE DE),,,Plein jour,En agglomération,Intersection en T,Normale,Deux véhicules - côté,,,,,,,,,,,1,2,3,1,3
200600007497,0006-02-27 09:40:00,6,2,27,9,40,60,29,"2, RIOUFFE (RUE JEAN DE)",,,Plein jour,En agglomération,Intersection en X,Normale,Autre collision,,,,,,,,,,,1,2,2,1,6
200600007498,0006-02-27 13:29:00,6,2,27,13,29,60,30,"115, SADI CARNOT (BOULEV",,,Plein jour,En agglomération,Hors intersection,Normale,Trois véhicules et plus - en chaîne,,,,,,,,,,,1,2,1,1,4
200600007499,0006-02-28 12:35:00,6,2,28,12,35,60,29,TONNER (AVENUE FRANCIS),,,Plein jour,En agglomération,Intersection en T,Normale,Deux véhicules - côté,,,,,,,,,,,1,2,3,1,3
200600007500,0006-02-28 20:25:00,6,2,28,20,25,60,29,"00, ST NICOLAS (CHEMIN)",,,Nuit avec éclairage allumé,En agglomération,Hors intersection,Normale,Deux véhicules - arrière,,,,,,,,,,,5,2,1,1,2
200600007501,0006-02-28 08:45:00,6,2,28,8,45,60,29,CARNOT (BOULEVARD),,,Plein jour,En agglomération,Hors intersection,Normale,Deux véhicules - côté,,,,,,,,,,,1,2,1,1,3
200600007502,0006-02-07 16:50:00,6,2,7,16,50,60,69,"02, MADELEINE",,,Plein jour,En agglomération,Hors intersection,Normale,Deux véhicules - côté,,,,,,,,,,,1,2,1,1,3
200600007503,0006-02-10 11:05:00,6,2,10,11,5,60,69,PLAN (ROUTE DU) -D304-,,,Plein jour,En agglomération,Hors intersection,Normale,Deux véhicules - arrière,,,,,,,,,,,1,2,1,1,2
200600007504,0006-02-11 15:50:00,6,2,11,15,50,60,69,"3, GAMBETTA (BOULEVARD E",,,Plein jour,En agglomération,Hors intersection,Normale,Autre collision,,,,,,,,,,,1,2,1,1,6
200600007505,0006-02-13 13:50:00,6,2,13,13,50,60,69,"80, ORME (CHEMIN DE L')",,,Plein jour,En agglomération,Hors intersection,Normale,Deux véhicules - côté,,,,,,,,,,,1,2,1,1,3
200600007506,0006-02-15 20:55:00,6,2,15,20,55,60,69,"11, COMTESSES (CHEMIN ET",,,Nuit avec éclairage allumé,En agglomération,Hors intersection,Normale,Deux véhicules - côté,,,,,,,,,,,5,2,1,1,3
200600007507,0006-02-06 19:30:00,6,2,6,19,30,60,104,"41, SCHUMANN (PROMENADE",,,Nuit avec éclairage allumé,En agglomération,Hors intersection,Normale,Deux véhicules - côté,,,,,,,,,,,5,2,1,1,3
200600007508,0006-02-21 20:05:00,6,2,21,20,5,60,83,"23, FRANCE (AVENUE PORTE",,,Nuit avec éclairage allumé,En agglomération,Hors intersection,Normale,Autre collision,,,,,,,,,,,5,2,1,1,6
200600007509,0006-02-15 16:40:00,6,2,15,16,40,60,104,"184, BRIAND (AVENUE ARIS",,,Plein jour,En agglomération,Hors intersection,Normale,Autre collision,,,,,,,,,,,1,2,1,1,6
200600007510,0006-02-27 09:10:00,6,2,27,9,10,60,104,"91, AZUR (AVENUE DE LA C",,,Plein jour,En agglomération,Hors intersection,Normale,Deux véhicules - côté,,,,,,,,,,,1,2,1,1,3
200600007511,0006-02-20 20:40:00,6,2,20,20,40,60,83,"11, SOSPEL (AVENUE DE, N",,,Plein jour,En agglomération,Hors intersection,Normale,Autre collision,,,,,,,,,,,1,2,1,1,6
200600007512,0006-02-13 15:40:00,6,2,13,15,40,60,83,"1, BONAPARTE (QUAI)",,,Plein jour,En agglomération,Hors intersection,Normale,Autre collision,,,,,,,,,,,1,2,1,1,6
200600007513,0006-02-01 10:30:00,6,2,1,10,30,60,88,"1, GARIGLIANO (PONTS)",,,Plein jour,En agglomération,Intersection en X,Normale,Deux véhicules - côté,,,,,,,,,,,1,2,2,1,3
200600007514,0006-02-01 11:00:00,6,2,1,11,0,60,88,"0, CARABACEL (BD)",,,Plein jour,En agglomération,Intersection en T,Normale,Deux véhicules - côté,,,,,,,,,,,1,2,3,1,3
200600007515,0006-02-01 12:00:00,6,2,1,12,0,60,88,"0, REINE-JEANNE (R.)",,,Plein jour,En agglomération,Intersection en X,Normale,Deux véhicules - frontale,,,,,,,,,,,1,2,2,1,1
200600007516,0006-02-01 13:20:00,6,2,1,13,20,60,159,"25, PRINCESSE GRACE DE M",,,Plein jour,En agglomération,Hors intersection,Normale,Deux véhicules - côté,,,,,,,,,,,1,2,1,1,3
200600007517,0006-02-01 19:15:00,6,2,1,19,15,60,88,"164, MADELEINE (BD DE LA",,,Nuit avec éclairage allumé,En agglomération,Hors intersection,Normale,Autre collision,,,,,,,,,,,5,2,1,1,6
200600007518,0006-02-02 01:45:00,6,2,2,1,45,60,88,"0, CESSOLE (BD DE) (A PA",,,Nuit avec éclairage allumé,En agglomération,Hors intersection,Normale,Sans collision,,,,,,,,,,,5,2,1,1,7
200600007519,0006-02-02 08:25:00,6,2,2,8,25,60,88,"0, CASSIN (BD RENE)",,,Plein jour,En agglomération,Intersection en X,Normale,Deux véhicules - arrière,,,,,,,,,,,1,2,2,1,2
200600007520,0006-02-03 07:25:00,6,2,3,7,25,60,88,"71, ROQUEBILLIERE (R. DE",,,Plein jour,En agglomération,Hors intersection,Normale,Deux véhicules - côté,,,,,,,,,,,1,2,1,1,3
200600007521,0006-02-03 07:35:00,6,2,3,7,35,60,88,"0, ROQUEBILLIERE (R. DE)",,,Plein jour,En agglomération,Hors intersection,Normale,Deux véhicules - frontale,,,,,,,,,,,1,2,1,1,1
200600007522,0006-02-03 08:00:00,6,2,3,8,0,60,88,"0, PASTEUR (BD)",,,Plein jour,En agglomération,Hors intersection,Normale,Deux véhicules - côté,,,,,,,,,,,1,2,1,1,3
200600007523,0006-02-03 09:45:00,6,2,3,9,45,60,88,RAOUL BOSIO (Rue),,,Plein jour,En agglomération,Intersection en X,Normale,Autre collision,,,,,,,,,,,1,2,2,1,6
200600007524,0006-02-03 11:00:00,6,2,3,11,0,60,88,"0, ANGLAIS PLAGE (N°1 AU",,,Plein jour,En agglomération,Hors intersection,Normale,Autre collision,,,,,,,,,,,1,2,1,1,6
200600007525,0006-02-03 13:25:00,6,2,3,13,25,60,88,"0, CAISSOTI (RUE)",,,Plein jour,En agglomération,Hors intersection,Normale,Deux véhicules - côté,,,,,,,,,,,1,2,1,1,3
200600007526,0006-02-03 13:45:00,6,2,3,13,45,60,88,FABRON (AV. DE) (A PARTI,,,Plein jour,En agglomération,Hors intersection,Normale,Deux véhicules - arrière,,,,,,,,,,,1,2,1,1,2
200600007527,0006-02-03 16:13:00,6,2,3,16,13,60,88,"54, PESSICART (JUSQU'AU",,,Plein jour,En agglomération,Hors intersection,Normale,Deux véhicules - côté,,,,,,,,,,,1,2,1,1,3
200600007528,0006-02-03 18:10:00,6,2,3,18,10,60,88,"63, FABRON (AV. DE) (JUS",,,Nuit avec éclairage allumé,En agglomération,Hors intersection,Normale,Deux véhicules - côté,,,,,,,,,,,5,2,1,1,3
200600007529,0006-02-03 19:30:00,6,2,3,19,30,60,88,"0, ROSSINI (R.)",,,Nuit avec éclairage allumé,En agglomération,Intersection en X,Normale,Autre collision,,,,,,,,,,,5,2,2,1,6
200600007530,0006-02-03 19:55:00,6,2,3,19,55,60,88,"231, MONT-BORON (BD DU)",,,Nuit avec éclairage allumé,En agglomération,Hors intersection,Normale,Deux véhicules - côté,,,,,,,,,,,5,2,1,1,3
200600007531,0006-02-03 21:45:00,6,2,3,21,45,60,88,"32, HOTEL DES POSTES (R.",,,Nuit avec éclairage allumé,En agglomération,Hors intersection,Normale,Autre collision,,,,,,,,,,,5,2,1,1,6