accident_id,datetime,annee,mois,jour,heure,minute,departement,commune_insee,adresse,latitude,longitude,luminosite,agglomeration,intersection,meteo,collision,nb_vehicules,nb_usagers,nb_indemnes,nb_tues,nb_blesses_hosp,nb_blesses_legers,age_cond_1,age_cond_2,veh_type_cond_1,veh_type_cond_2,lum_code,agg_code,int_code,atm_code,col_code
200600007925,0006-02-06 13:55:00,6,2,6,13,55,170,300,"180, GUITON   AVENUE JEA",,,Plein jour,En agglomération,Giratoire,Normale,Deux véhicules - arrière,,,,,,,,,,,1,2,6,1,2
200600007926,0006-02-08 08:10:00,6,2,8,8,10,170,274,"10, CHATEAURENARD   RUE",,,Crépuscule ou aube,En agglomération,Hors intersection,Normale,Deux véhicules - frontale,,,,,,,,,,,2,2,1,1,1
200600007927,0006-02-08 19:05:00,6,2,8,19,5,170,28,"03, GRASSET   AVENUE EDM",,,Nuit avec éclairage allumé,En agglomération,Hors intersection,Pluie légère,Autre collision,,,,,,,,,,,5,2,1,2,6
200600007928,0006-02-09 20:45:00,6,2,9,20,45,170,300,"32, LECLERC   AVENUE DU",,,Nuit avec éclairage allumé,En agglomération,Hors intersection,Normale,Deux véhicules - côté,,,,,,,,,,,5,2,1,1,3
200600007929,0006-02-10 08:08:00,6,2,10,8,8,170,274,"0001, LANGEVIN   AVENUE",,,Plein jour,En agglomération,Hors intersection,Normale,Deux véhicules - frontale,,,,,,,,,,,1,2,1,1,1
200600007930,0006-02-10 10:09:00,6,2,10,10,9,170,300,"26, GERANIUMS   RUE DES",,,Plein jour,En agglomération,Hors intersection,Normale,Deux véhicules - frontale,,,,,,,,,,,1,2,1,1,1
200600007931,0006-02-10 11:50:00,6,2,10,11,50,170,300,REPUBLIQUE   BOULEVARD D,,,Plein jour,En agglomération,Hors intersection,Normale,Deux véhicules - arrière,,,,,,,,,,,1,2,1,1,2
200600007932,0006-02-10 18:10:00,6,2,10,18,10,170,300,"0001, CREPEAU   AVENUE M",,,Plein jour,En agglomération,Hors intersection,Normale,Deux véhicules - arrière,,,,,,,,,,,1,2,1,1,2
200600007933,0006-02-12 21:25:00,6,2,12,21,25,170,300,"2, CHARLOPEAU   RUE GABR",,,Nuit avec éclairage allumé,En agglomération,Hors intersection,Normale,Deux véhicules - frontale,,,,,,,,,,,5,2,1,1,1
200600007934,0006-02-13 17:10:00,6,2,13,17,10,170,291,"15, REPUBLIQUE   RUE DE",,,Plein jour,En agglomération,Hors intersection,Normale,Deux véhicules - côté,,,,,,,,,,,1,2,1,1,3
200600007935,0006-02-14 17:57:00,6,2,14,17,57,170,300,"118, GUITON   AVENUE JEA",,,Plein jour,En agglomération,Intersection en X,Normale,Deux véhicules - côté,,,,,,,,,,,1,2,2,1,3
200600007936,0006-02-15 19:00:00,6,2,15,19,0,170,300,"35, LECLERC   AVENUE DU",,,Crépuscule ou aube,En agglomération,Hors intersection,Pluie légère,Trois véhicules et plus - en chaîne,,,,,,,,,,,2,2,1,2,4
200600007937,0006-02-19 00:55:00,6,2,19,0,55,170,300,"25, DURAND   QUAI LOUIS",,,Nuit avec éclairage allumé,En agglomération,Hors intersection,Pluie légère,Deux véhicules - côté,,,,,,,,,,,5,2,1,2,3
200600007938,0006-02-20 19:45:00,6,2,20,19,45,170,200,04 PK RN237 MOULIN JUSTI,,,Nuit sans éclairage public,Hors agglomération,Hors intersection,Pluie légère,Trois véhicules et plus - en chaîne,,,,,,,,,,,3,1,1,2,4
200600007939,0006-02-24 20:25:00,6,2,24,20,25,170,300,"10, RAVEL   RUE MAURICE",,,Nuit sans éclairage public,En agglomération,Hors intersection,Normale,Sans collision,,,,,,,,,,,3,2,1,1,7
200600007940,0006-02-25 18:30:00,6,2,25,18,30,170,300,"56, DENFERT-ROCHEREAU",,,Crépuscule ou aube,En agglomération,Hors intersection,Normale,Sans collision,,,,,,,,,,,2,2,1,1,7
200600007941,0006-02-27 08:55:00,6,2,27,8,55,170,300,"250, CARNOT   AVENUE",,,Crépuscule ou aube,En agglomération,Hors intersection,Normale,Deux véhicules - arrière,,,,,,,,,,,2,2,1,1,2
200600007942,0006-02-28 12:35:00,6,2,28,12,35,170,300,"001, SARTRE   AVENUE JEA",,,Plein jour,En agglomération,Hors intersection,Pluie légère,Trois véhicules et plus - en chaîne,,,,,,,,,,,1,2,1,2,4
200600007943,0006-02-28 18:10:00,6,2,28,18,10,170,300,"97, FERRY   RUE JULES",,,Plein jour,En agglomération,Hors intersection,Normale,Deux véhicules - arrière,,,,,,,,,,,1,2,1,1,2
200600007944,0006-02-28 19:35:00,6,2,28,19,35,170,28,D 939,,,Nuit sans éclairage public,Hors agglomération,Hors intersection,Normale,Deux véhicules - frontale,,,,,,,,,,,3,1,1,1,1
200600007945,0006-02-03 19:40:00,6,2,3,19,40,170,306,"0, LAVOISIER (ANTOINE DE",,,Nuit avec éclairage allumé,En agglomération,Hors intersection,Normale,Autre collision,,,,,,,,,,,5,2,1,1,6
200600007946,0006-02-14 08:11:00,6,2,14,8,11,170,380,"0, BERNEZAC (AVENUE DE)",,,Plein jour,En agglomération,Intersection en X,Normale,Deux véhicules - côté,,,,,,,,,,,1,2,2,1,3
200600007947,0006-02-04 17:00:00,6,2,4,17,0,170,415,"15, GAMBETTA 2 A 72 ET 5",,,Plein jour,En agglomération,Hors intersection,Normale,Autre collision,,,,,,,,,,,1,2,1,1,6
200600007948,0006-02-14 15:00:00,6,2,14,15,0,170,415,SAINT EUTROPE RUE,,,Plein jour,En agglomération,Intersection en X,Normale,Deux véhicules - côté,,,,,,,,,,,1,2,2,1,3
200600007949,0006-02-14 15:40:00,6,2,14,15,40,170,415,FROMENTIN RUE EUGENE,,,Plein jour,En agglomération,Hors intersection,Normale,Sans collision,,,,,,,,,,,1,2,1,1,7
200600007950,0006-02-15 09:10:00,6,2,15,9,10,170,415,GEMOZAC AVENUE DE,,,Plein jour,En agglomération,Hors intersection,Pluie légère,Trois véhicules et plus - collisions multiples,,,,,,,,,,,1,2,1,2,5
200600007951,0006-02-22 09:20:00,6,2,22,9,20,170,415,"65, SARRAIL RUE DU GENER",,,Plein jour,En agglomération,Hors intersection,Normale,Deux véhicules - côté,,,,,,,,,,,1,2,1,1,3
200600007952,0006-02-23 13:25:00,6,2,23,13,25,170,415,APOTRES DE LA LIBERTE CR,,,Plein jour,En agglomération,Hors intersection,Normale,Deux véhicules - frontale,,,,,,,,,,,1,2,1,1,1
200600007953,0006-02-09 18:27:00,6,2,9,18,27,180,33,"36, DUN-SUR-AURON (AVENU",,,Nuit avec éclairage allumé,En agglomération,Hors intersection,Pluie légère,Trois véhicules et plus - en chaîne,,,,,,,,,,,5,2,1,2,4
200600007954,0006-02-12 06:09:00,6,2,12,6,9,180,33,"59, RENAN (AVENUE ERNEST",,,Nuit avec éclairage allumé,En agglomération,Hors intersection,Autre,Autre collision,,,,,,,,,,,5,2,1,9,6
200600007955,0006-02-13 22:10:00,6,2,13,22,10,180,33,HAEGELEN (AVENUE MARCEL),,,Nuit avec éclairage allumé,En agglomération,Hors intersection,Normale,Deux véhicules - frontale,,,,,,,,,,,5,2,1,1,1
200600007956,0006-02-22 16:41:00,6,2,22,16,41,180,33,CLEMENCEAU (BOULEVARD GE,,,Plein jour,En agglomération,Hors intersection,Normale,Deux véhicules - côté,,,,,,,,,,,1,2,1,1,3
200600007957,0006-02-24 16:40:00,6,2,24,16,40,180,33,"39, PRES-LE-ROI (AVENUE",,,Plein jour,En agglomération,Hors intersection,Normale,Deux véhicules - arrière,,,,,,,,,,,1,2,1,1,2
200600007958,0006-02-24 22:05:00,6,2,24,22,5,180,50,DE L'EUROPE (AVENUE),,,Nuit avec éclairage allumé,Hors agglomération,Intersection en T,Normale,Deux véhicules - côté,,,,,,,,,,,5,1,3,1,3
200600007959,0006-02-15 15:55:00,6,2,15,15,55,180,279,VERDUN (AVENUE DE),,,Plein jour,En agglomération,Intersection en T,Pluie légère,Deux véhicules - frontale,,,,,,,,,,,1,2,3,2,1
200600007960,0006-02-27 15:25:00,6,2,27,15,25,180,279,"5, FOCH (PLACE)",,,Plein jour,En agglomération,Hors intersection,Normale,Autre collision,,,,,,,,,,,1,2,1,1,6
200600007961,0006-02-04 17:10:00,6,2,4,17,10,190,31,GERMAIN (BOULEVARD DU CO,,,Plein jour,En agglomération,Hors intersection,Normale,Deux véhicules - côté,,,,,,,,,,,1,2,1,1,3
200600007962,0006-02-06 07:05:00,6,2,6,7,5,190,31,PASTEUR (AVENUE),,,Nuit avec éclairage allumé,En agglomération,Intersection en T,Normale,Deux véhicules - côté,,,,,,,,,,,5,2,3,1,3
200600007963,0006-02-06 21:15:00,6,2,6,21,15,190,31,"9, ROOSEVELT (AVENUE DU",,,Nuit avec éclairage allumé,En agglomération,Hors intersection,Normale,Autre collision,,,,,,,,,,,5,2,1,1,6
200600007964,0006-02-07 19:35:00,6,2,7,19,35,190,31,BRUNE (BOULEVARD),,,Nuit avec éclairage allumé,En agglomération,Intersection en X,Normale,Deux véhicules - côté,,,,,,,,,,,5,2,2,1,3
200600007965,0006-02-10 12:10:00,6,2,10,12,10,190,31,POMPIDOU (AVENUE GEORGES,,,Plein jour,En agglomération,Hors intersection,Normale,Autre collision,,,,,,,,,,,1,2,1,1,6
200600007966,0006-02-13 10:10:00,6,2,13,10,10,190,31,MARSALES (RUE JEAN),,,Plein jour,En agglomération,Giratoire,Normale,Deux véhicules - côté,,,,,,,,,,,1,2,6,1,3
200600007967,0006-02-14 17:40:00,6,2,14,17,40,190,31,"12, CAVAIGNAC (RUE GENER",,,Plein jour,En agglomération,Hors intersection,Normale,Sans collision,,,,,,,,,,,1,2,1,1,7
200600007968,0006-02-17 02:40:00,6,2,17,2,40,190,31,"16, COURTELINE (RUE)",,,Nuit avec éclairage allumé,En agglomération,Hors intersection,Normale,Autre collision,,,,,,,,,,,5,2,1,1,6
200600007969,0006-02-17 14:40:00,6,2,17,14,40,190,31,"1, CARNOT (RUE)",,,Plein jour,En agglomération,Hors intersection,Pluie forte,Autre collision,,,,,,,,,,,1,2,1,3,6
200600007970,0006-02-20 12:20:00,6,2,20,12,20,190,31,DUBOIS (BOULEVARD CARDIN,,,Plein jour,Hors agglomération,Intersection en X,Pluie légère,Deux véhicules - côté,,,,,,,,,,,1,1,2,2,3
200600007971,0006-02-25 17:50:00,6,2,25,17,50,190,31,TURGOT (AVENUE),,,Plein jour,En agglomération,Hors intersection,Normale,Sans collision,,,,,,,,,,,1,2,1,1,7
200600007972,0006-02-26 19:20:00,6,2,26,19,20,190,31,"138, POMPIDOU (AVENUE GE",,,Nuit avec éclairage allumé,En agglomération,Hors intersection,Normale,Deux véhicules - côté,,,,,,,,,,,5,2,1,1,3
200600007973,0006-02-14 14:40:00,6,2,14,14,40,190,272,LIEUTENANT COLONEL FARO,,,Plein jour,Hors agglomération,Hors intersection,Normale,Sans collision,,,,,,,,,,,1,1,1,1,7
200600007974,0006-02-19 03:25:00,6,2,19,3,25,190,275,R.N. 89 NORD,,,Nuit avec éclairage allumé,En agglomération,Intersection en T,Pluie légère,Sans collision,,,,,,,,,,,5,2,3,2,7
200600007975,0006-02-02 11:55:00,6,2,2,11,55,210,54,SEURRE (ROUTE DE),,,Plein jour,En agglomération,Giratoire,Normale,Autre collision,,,,,,,,,,,1,2,6,1,6
200600007976,0006-02-03 16:55:00,6,2,3,16,55,210,54,"18, FERRY (BOULEVARD JUL",,,Plein jour,En agglomération,Hors intersection,Normale,Autre collision,,,,,,,,,,,1,2,1,1,6
200600007977,0006-02-01 08:30:00,6,2,1,8,30,210,54,JOFFRE (BOULEVARD MARECH,,,Plein jour,En agglomération,Hors intersection,Normale,Autre collision,,,,,,,,,,,1,2,1,1,6
200600007978,0006-02-09 12:10:00,6,2,9,12,10,210,54,CHOREY (RUE DE),,,Plein jour,En agglomération,Hors intersection,Normale,Autre collision,,,,,,,,,,,1,2,1,1,6
200600007979,0006-02-15 20:38:00,6,2,15,20,38,210,54,BLIGNY LES BEAUNE (CHEMI,,,Plein jour,En agglomération,Hors intersection,Pluie légère,Sans collision,,,,,,,,,,,1,2,1,2,7
200600007980,0006-02-01 10:05:00,6,2,1,10,5,210,231,"23, GUSTAVE EIFFEL (AVEN",,,Plein jour,En agglomération,Hors intersection,Normale,Autre collision,,,,,,,,,,,1,2,1,1,6
200600007981,0006-02-02 16:48:00,6,2,2,16,48,210,231,GEORGES POMPIDOU (VOIE),,,Plein jour,Hors agglomération,Hors intersection,Normale,Deux véhicules - arrière,,,,,,,,,,,1,1,1,1,2
200600007982,0006-02-04 13:10:00,6,2,4,13,10,210,231,"22, JEANNIN (RUE)",,,Plein jour,En agglomération,Intersection en X,Normale,Autre collision,,,,,,,,,,,1,2,2,1,6
200600007983,0006-02-05 11:30:00,6,2,5,11,30,210,231,"21, STAND (DU) (AVENUE)",,,Plein jour,En agglomération,Intersection en X,Normale,Deux véhicules - côté,,,,,,,,,,,1,2,2,1,3
200600007984,0006-02-06 12:33:00,6,2,6,12,33,210,617,"15, ARANDES (rue des)",,,Plein jour,En agglomération,Hors intersection,Normale,Autre collision,,,,,,,,,,,1,2,1,1,6
200600007985,0006-02-08 01:54:00,6,2,8,1,54,210,231,"48, VICTOR HUGO (AVENUE)",,,Nuit avec éclairage allumé,En agglomération,Hors intersection,Normale,Autre collision,,,,,,,,,,,5,2,1,1,6
200600007986,0006-02-08 07:26:00,6,2,8,7,26,210,278,"18, DOCTEUR MAJNONI D'IN",,,Crépuscule ou aube,En agglomération,Hors intersection,Normale,Autre collision,,,,,,,,,,,2,2,1,1,6
200600007987,0006-02-08 15:30:00,6,2,8,15,30,210,231,"16, LAC (DU) (AVENUE)",,,Plein jour,En agglomération,Hors intersection,Normale,Autre collision,,,,,,,,,,,1,2,1,1,6
200600007988,0006-02-09 15:20:00,6,2,9,15,20,210,231,"0, JEAN JAURES (AVENUE)",,,Plein jour,En agglomération,Intersection en T,Normale,Deux véhicules - côté,,,,,,,,,,,1,2,3,1,3
200600007989,0006-02-09 08:59:00,6,2,9,8,59,210,231,BARBE (PLACE),,,Plein jour,En agglomération,Intersection en X,Normale,Deux véhicules - côté,,,,,,,,,,,1,2,2,1,3
200600007990,0006-02-10 16:13:00,6,2,10,16,13,210,231,"87, VICTOR HUGO (AVENUE)",,,Plein jour,En agglomération,Intersection en T,Normale,Deux véhicules - côté,,,,,,,,,,,1,2,3,1,3
200600007991,0006-02-10 20:19:00,6,2,10,20,19,210,231,HENRI CAMP (BOULEVARD),,,Nuit avec éclairage allumé,En agglomération,Intersection en X,Normale,Deux véhicules - côté,,,,,,,,,,,5,2,2,1,3
200600007992,0006-02-13 16:19:00,6,2,13,16,19,210,278,"87, Ahuy ( route d' )",,,Plein jour,En agglomération,Giratoire,Neige / grêle,Trois véhicules et plus - en chaîne,,,,,,,,,,,1,2,6,4,4
200600007993,0006-02-14 10:43:00,6,2,14,10,43,210,231,"53, GUILLAUME TELL (RUE)",,,Plein jour,En agglomération,Hors intersection,Temps couvert,Autre collision,,,,,,,,,,,1,2,1,8,6
200600007994,0006-02-14 14:40:00,6,2,14,14,40,210,231,HENRI CAMP (BOULEVARD),,,Plein jour,En agglomération,Intersection en X,Brouillard / fumée,Autre collision,,,,,,,,,,,1,2,2,5,6
200600007995,0006-02-15 11:15:00,6,2,15,11,15,210,231,"10, GUSTAVE EIFFEL (AVEN",,,Plein jour,En agglomération,Hors intersection,Pluie légère,Autre collision,,,,,,,,,,,1,2,1,2,6
200600007996,0006-02-16 16:30:00,6,2,16,16,30,210,231,"170, LANGRES (DE) (ROUTE",,,Plein jour,En agglomération,Hors intersection,Pluie forte,Deux véhicules - frontale,,,,,,,,,,,1,2,1,3,1
200600007997,0006-02-16 15:05:00,6,2,16,15,5,210,231,"30 BIS, MONTCHAPET (DE)",,,Plein jour,En agglomération,Hors intersection,Pluie légère,Deux véhicules - arrière,,,,,,,,,,,1,2,1,2,2
200600007998,0006-02-16 16:47:00,6,2,16,16,47,210,231,GEORGES POMPIDOU (VOIE),,,Plein jour,En agglomération,Hors intersection,Normale,Autre collision,,,,,,,,,,,1,2,1,1,6
200600007999,0006-02-17 16:10:00,6,2,17,16,10,210,231,"41, LIBERTE (DE LA) (RUE",,,Plein jour,En agglomération,Hors intersection,Normale,Autre collision,,,,,,,,,,,1,2,1,1,6
200600008000,0006-02-18 14:39:00,6,2,18,14,39,210,231,"54, CARNOT (BOULEVARD)",,,Plein jour,En agglomération,Giratoire,Temps couvert,Deux véhicules - arrière,,,,,,,,,,,1,2,6,8,2
200600008001,0006-02-25 13:33:00,6,2,25,13,33,210,278,DOCTEUR MAJNONI D'INTIGN,,,Plein jour,En agglomération,Intersection en T,Normale,Deux véhicules - côté,,,,,,,,,,,1,2,3,1,3
200600008002,0006-02-25 18:15:00,6,2,25,18,15,210,231,BROSSES (DE) (BOULEVARD),,,Plein jour,En agglomération,Intersection en X,Normale,Deux véhicules - côté,,,,,,,,,,,1,2,2,1,3
200600008003,0006-02-26 13:00:00,6,2,26,13,0,210,231,BRUGES (DE) (RUE),,,Plein jour,En agglomération,Giratoire,Normale,Deux véhicules - côté,,,,,,,,,,,1,2,6,1,3
200600008004,0006-02-28 16:10:00,6,2,28,16,10,210,231,LANGRES (DE) (ROUTE),,,Plein jour,Hors agglomération,Intersection en X,Neige / grêle,Deux véhicules - côté,,,,,,,,,,,1,1,2,4,3
200600008005,0006-02-28 17:10:00,6,2,28,17,10,210,231,1ER MAI (PLACE),,,Plein jour,En agglomération,Place,Neige / grêle,Deux véhicules - côté,,,,,,,,,,,1,2,7,4,3
200600008006,0006-02-28 17:55:00,6,2,28,17,55,210,231,DEVOSGE (RUE),,,Crépuscule ou aube,En agglomération,Hors intersection,Pluie légère,Autre collision,,,,,,,,,,,2,2,1,2,6
200600008007,0006-02-16 17:25:00,6,2,16,17,25,220,113,AIGUILLON (QUAI D'),,,Plein jour,En agglomération,Giratoire,Normale,Deux véhicules - côté,,,,,,,,,,,1,2,6,1,3
200600008008,0006-02-10 13:30:00,6,2,10,13,30,220,278,"13, NICOLAS (JEAN)",,,Plein jour,En agglomération,Hors intersection,Normale,Deux véhicules - arrière,,,,,,,,,,,1,2,1,1,2
200600008009,0006-02-14 17:45:00,6,2,14,17,45,220,215,"18, QUARTIERS (RUE DES)",,,Plein jour,En agglomération,Hors intersection,Normale,Autre collision,,,,,,,,,,,1,2,1,1,6
200600008010,0006-02-17 10:30:00,6,2,17,10,30,220,278,"7, SOLIDARITE (DE LA)",,,Plein jour,En agglomération,Hors intersection,Pluie légère,Autre collision,,,,,,,,,,,1,2,1,2,6
200600008011,0006-02-17 10:40:00,6,2,17,10,40,220,360,"0, ATLANTIQUE (RUE DE L'",,,Plein jour,Hors agglomération,Hors intersection,Normale,Deux véhicules - côté,,,,,,,,,,,1,1,1,1,3
200600008012,0006-02-05 01:40:00,6,2,5,1,40,230,96,"02, ROUDAIRE (RUE DU COL",,,Nuit sans éclairage public,En agglomération,Hors intersection,Normale,Autre collision,,,,,,,,,,,3,2,1,1,6
200600008013,0006-02-01 22:55:00,6,2,1,22,55,240,557,"00, CHARRIERAS (LIEU DIT",,,Nuit avec éclairage allumé,En agglomération,Hors intersection,Normale,Deux véhicules - frontale,,,,,,,,,,,5,2,1,1,1
200600008014,0006-02-03 17:25:00,6,2,3,17,25,240,322,"00, BLANC (RUE  LOUIS)",,,Plein jour,En agglomération,Intersection en T,Normale,Autre collision,,,,,,,,,,,1,2,3,1,6
200600008015,0006-02-10 15:02:00,6,2,10,15,2,240,102,"00, RIBERAC (ROUTE DE)",,,Plein jour,En agglomération,Intersection en X,Normale,Autre collision,,,,,,,,,,,1,2,2,1,6
200600008016,0006-02-11 20:00:00,6,2,11,20,0,240,322,"00, MAUVARD (PLACE)",,,Nuit avec éclairage allumé,En agglomération,Hors intersection,Normale,Autre collision,,,,,,,,,,,5,2,1,1,6
200600008017,0006-02-14 12:30:00,6,2,14,12,30,240,322,"127, SEMARD (RUE PIERRE)",,,Plein jour,En agglomération,Hors intersection,Normale,Autre collision,,,,,,,,,,,1,2,1,1,6
200600008018,0006-02-19 19:08:00,6,2,19,19,8,240,557,"00, GRANDOU (AVENUE MICH",,,Nuit avec éclairage allumé,En agglomération,Intersection en T,Pluie légère,Autre collision,,,,,,,,,,,5,2,3,2,6
200600008019,0006-02-21 17:38:00,6,2,21,17,38,240,322,"00, BLANC (RUE  LOUIS)",,,Crépuscule ou aube,En agglomération,Intersection en T,Normale,Autre collision,,,,,,,,,,,2,2,3,1,6
200600008020,0006-02-22 19:15:00,6,2,22,19,15,240,138,"00, MOULIN (BOULEVARD JE",,,Nuit avec éclairage allumé,En agglomération,Intersection en T,Normale,Autre collision,,,,,,,,,,,5,2,3,1,6
200600008021,0006-02-24 15:14:00,6,2,24,15,14,240,53,"00, MONMOUSSEAU (RUE GAS",,,Plein jour,En agglomération,Hors intersection,Normale,Autre collision,,,,,,,,,,,1,2,1,1,6
200600008022,0006-02-26 14:28:00,6,2,26,14,28,240,322,CHANZY (RUE DE),,,Plein jour,En agglomération,Intersection en T,Normale,Deux véhicules - arrière,,,,,,,,,,,1,2,3,1,2
200600008023,0006-02-03 15:59:00,6,2,3,15,59,250,56,"16, COURTILS RUE DES",,,Plein jour,En agglomération,Hors intersection,Normale,Deux véhicules - arrière,,,,,,,,,,,1,2,1,1,2
200600008024,0006-02-06 16:20:00,6,2,6,16,20,250,56,"164, BELFORT RUE DE BELF",,,Plein jour,En agglomération,Hors intersection,Normale,Autre collision,,,,,,,,,,,1,2,1,1,6
200600008025,0006-02-07 19:20:00,6,2,7,19,20,250,56,"1, CARNOT AVENUE",,,Nuit avec éclairage allumé,En agglomération,Hors intersection,Normale,Autre collision,,,,,,,,,,,5,2,1,1,6
200600008026,0006-02-09 15:17:00,6,2,9,15,17,250,56,"33, BRULARD  RUE GENERAL",,,Plein jour,En agglomération,Hors intersection,Pluie légère,Deux véhicules - arrière,,,,,,,,,,,1,2,1,2,2
200600008027,0006-02-09 16:20:00,6,2,9,16,20,250,56,"SANS, LAGRANGE  AVENUE L",,,Plein jour,En agglomération,Hors intersection,Pluie légère,Deux véhicules - côté,,,,,,,,,,,1,2,1,2,3
200600008028,0006-02-09 19:10:00,6,2,9,19,10,250,56,"02, REMBRANDT RUE",,,Nuit avec éclairage allumé,En agglomération,Hors intersection,Normale,Sans collision,,,,,,,,,,,5,2,1,1,7
200600008029,0006-02-10 17:17:00,6,2,10,17,17,250,56,"7, CARNOT AVENUE",,,Plein jour,En agglomération,Hors intersection,Normale,Trois véhicules et plus - collisions multiples,,,,,,,,,,,1,2,1,1,5
200600008030,0006-02-11 05:00:00,6,2,11,5,0,250,56,"SANS, MAZAGRAN CHEMIN DE",,,Nuit avec éclairage allumé,En agglomération,Hors intersection,Normale,Autre collision,,,,,,,,,,,5,2,1,1,6
200600008031,0006-02-14 20:10:00,6,2,14,20,10,250,56,"1, DENFERT ROCHEREAU AVE",,,Nuit avec éclairage allumé,En agglomération,Hors intersection,Brouillard / fumée,Autre collision,,,,,,,,,,,5,2,1,5,6
200600008032,0006-02-16 10:00:00,6,2,16,10,0,250,56,"16, BELFORT RUE DE <144",,,Plein jour,En agglomération,Hors intersection,Pluie légère,Autre collision,,,,,,,,,,,1,2,1,2,6
200600008033,0006-02-16 15:10:00,6,2,16,15,10,250,56,"SANS, DEUX PRINCESSES RU",,,Plein jour,En agglomération,Intersection en X,Pluie forte,Deux véhicules - côté,,,,,,,,,,,1,2,2,3,3
200600008034,0006-02-16 17:53:00,6,2,16,17,53,250,56,"31, VELOTTE RUE DE",,,Crépuscule ou aube,En agglomération,Hors intersection,Pluie forte,Autre collision,,,,,,,,,,,2,2,1,3,6
200600008035,0006-02-17 14:40:00,6,2,17,14,40,250,56,"19, OBSERVATOIRE AVENUE",,,Plein jour,En agglomération,Intersection en T,Pluie légère,Deux véhicules - côté,,,,,,,,,,,1,2,3,2,3
200600008036,0006-02-19 19:45:00,6,2,19,19,45,250,56,"202, DOLE RUE DE >200",,,Nuit avec éclairage allumé,En agglomération,Hors intersection,Pluie légère,Autre collision,,,,,,,,,,,5,2,1,2,6
200600008037,0006-02-21 16:49:00,6,2,21,16,49,250,56,"0, OUEST BOULEVARD",,,Plein jour,En agglomération,Hors intersection,Pluie légère,Trois véhicules et plus - collisions multiples,,,,,,,,,,,1,2,1,2,5
200600008038,0006-02-26 13:50:00,6,2,26,13,50,250,56,"5, PASCAL RUE BLAISE",,,Plein jour,En agglomération,Hors intersection,Normale,Deux véhicules - frontale,,,,,,,,,,,1,2,1,1,1
200600008039,0006-02-05 15:40:00,6,2,5,15,40,250,580,", VERNOIS (RUE DU)",,,Plein jour,En agglomération,Intersection en T,Normale,Deux véhicules - arrière,,,,,,,,,,,1,2,3,1,2
200600008040,0006-02-13 22:30:00,6,2,13,22,30,250,31,FORGES (PLACE DES),,,Nuit avec éclairage allumé,En agglomération,Hors intersection,Normale,Autre collision,,,,,,,,,,,5,2,1,1,6
200600008041,0006-02-23 16:15:00,6,2,23,16,15,250,388,"00, SCHLIFFE (RUE DE LA)",,,Plein jour,En agglomération,Intersection en T,Normale,Autre collision,,,,,,,,,,,1,2,3,1,6
200600008042,0006-02-03 23:55:00,6,2,3,23,55,260,198,"63, ROCHEMAURE (ROUTE DE",,,Nuit avec éclairage allumé,Hors agglomération,Hors intersection,Normale,Deux véhicules - frontale,,,,,,,,,,,5,1,1,1,1
200600008043,0006-02-06 19:05:00,6,2,6,19,5,260,198,"02, TEIL (AVENUE DU)",,,Nuit avec éclairage allumé,En agglomération,Hors intersection,Normale,Deux véhicules - côté,,,,,,,,,,,5,2,1,1,3
200600008044,0006-02-26 04:30:00,6,2,26,4,30,260,198,"02, FONTJARUS ET DU BOIS",,,Nuit avec éclairage allumé,En agglomération,Hors intersection,Normale,Autre collision,,,,,,,,,,,5,2,1,1,6
200600008045,0006-02-08 18:15:00,6,2,8,18,15,260,281,"NEANT, JEANNE D'ARC (RUE",,,Crépuscule ou aube,En agglomération,Intersection en T,Normale,Autre collision,,,,,,,,,,,2,2,3,1,6
200600008046,0006-02-10 13:10:00,6,2,10,13,10,260,281,"NEANT, SAINTE CLAIRE (QU",,,Plein jour,En agglomération,Giratoire,Normale,Autre collision,,,,,,,,,,,1,2,6,1,6
200600008047,0006-02-10 15:55:00,6,2,10,15,55,260,57,2532  (NATIONALE),,,Plein jour,En agglomération,Giratoire,Normale,Autre collision,,,,,,,,,,,1,2,6,1,6
200600008048,0006-02-11 18:35:00,6,2,11,18,35,260,281,RD N°574 (DIRECTION ST B,,,Nuit sans éclairage public,Hors agglomération,Intersection en X,Normale,Deux véhicules - frontale,,,,,,,,,,,3,1,2,1,1
200600008049,0006-02-02 17:20:00,6,2,2,17,20,260,362,"sans N°, BOURGEOIS RUE L",,,Plein jour,En agglomération,Intersection en X,Normale,Deux véhicules - côté,,,,,,,,,,,1,2,2,1,3
200600008050,0006-02-05 10:30:00,6,2,5,10,30,260,362,"sans n, SIMONET AVENUE M",,,Plein jour,En agglomération,Intersection en X,Normale,Deux véhicules - côté,,,,,,,,,,,1,2,2,1,3
200600008051,0006-02-09 07:31:00,6,2,9,7,31,260,362,"2 bis, VOLTAIRE COURS",,,Crépuscule ou aube,En agglomération,Hors intersection,Pluie légère,Autre collision,,,,,,,,,,,2,2,1,2,6
200600008052,0006-02-16 13:10:00,6,2,16,13,10,260,362,L.A.C.R.A  RN 7 (403),,,Plein jour,Hors agglomération,Hors intersection,Normale,Sans collision,,,,,,,,,,,1,1,1,1,7
200600008053,0006-02-19 00:35:00,6,2,19,0,35,260,362,"sans n, LIBERATION AV. D",,,Nuit avec éclairage allumé,En agglomération,Hors intersection,Normale,Deux véhicules - côté,,,,,,,,,,,5,2,1,1,3
200600008054,0006-02-26 18:40:00,6,2,26,18,40,260,58,"30, JAURES AVENUE JEAN",,,Nuit avec éclairage allumé,En agglomération,Hors intersection,Normale,Autre collision,,,,,,,,,,,5,2,1,1,6