accident_id,datetime,annee,mois,jour,heure,minute,departement,commune_insee,adresse,latitude,longitude,luminosite,agglomeration,intersection,meteo,collision,nb_vehicules,nb_usagers,nb_indemnes,nb_tues,nb_blesses_hosp,nb_blesses_legers,age_cond_1,age_cond_2,veh_type_cond_1,veh_type_cond_2,lum_code,agg_code,int_code,atm_code,col_code
200600008319,0006-02-03 17:05:00,6,2,3,17,5,340,32,HEILBRONN (BD D'),,,Plein jour,En agglomération,Hors intersection,Normale,Deux véhicules - côté,,,,,,,,,,,1,2,1,1,3
200600008320,0006-02-03 19:45:00,6,2,3,19,45,340,32,ROUTE NATIONALE 1112,,,Nuit sans éclairage public,Hors agglomération,Hors intersection,Normale,Trois véhicules et plus - en chaîne,,,,,,,,,,,3,1,1,1,4
200600008321,0006-02-03 23:30:00,6,2,3,23,30,340,32,"NR, TERRET (RUE DU)",,,Nuit avec éclairage allumé,En agglomération,Intersection en T,Normale,Deux véhicules - côté,,,,,,,,,,,5,2,3,1,3
200600008322,0006-02-06 08:03:00,6,2,6,8,3,340,32,"62, RIQUET PIERRE PAUL (",,,Plein jour,En agglomération,Hors intersection,Normale,Sans collision,,,,,,,,,,,1,2,1,1,7
200600008323,0006-02-06 16:08:00,6,2,6,16,8,340,32,"06, 22 AOUT 1944 (AVENUE",,,Plein jour,En agglomération,Hors intersection,Normale,Sans collision,,,,,,,,,,,1,2,1,1,7
200600008324,0006-02-07 07:17:00,6,2,7,7,17,340,32,"ignore, ROBERT ANDRE (RU",,,Crépuscule ou aube,En agglomération,Hors intersection,Normale,Deux véhicules - arrière,,,,,,,,,,,2,2,1,1,2
200600008325,0006-02-07 19:23:00,6,2,7,19,23,340,32,"11, DUGUESCLIN BERTRAND",,,Nuit avec éclairage allumé,En agglomération,Hors intersection,Normale,Trois véhicules et plus - collisions multiples,,,,,,,,,,,5,2,1,1,5
200600008326,0006-02-11 18:25:00,6,2,11,18,25,340,32,ROUTE NATIONALE 1112,,,Plein jour,En agglomération,Hors intersection,Normale,Trois véhicules et plus - en chaîne,,,,,,,,,,,1,2,1,1,4
200600008327,0006-02-13 13:45:00,6,2,13,13,45,340,32,"NR, ANGLETERRE (BD D')",,,Plein jour,En agglomération,Hors intersection,Normale,Deux véhicules - arrière,,,,,,,,,,,1,2,1,1,2
200600008328,0006-02-13 18:55:00,6,2,13,18,55,340,32,"NR, FAURE EDGARD (RD.POI",,,Nuit avec éclairage allumé,Hors agglomération,Giratoire,Normale,Deux véhicules - côté,,,,,,,,,,,5,1,6,1,3
200600008329,0006-02-14 13:05:00,6,2,14,13,5,340,32,"45, WILSON PRESIDENT (AV",,,Plein jour,En agglomération,Hors intersection,Normale,Deux véhicules - côté,,,,,,,,,,,1,2,1,1,3
200600008330,0006-02-15 12:15:00,6,2,15,12,15,340,32,"NR, MARTYRS DE LA RESIST",,,Plein jour,En agglomération,Hors intersection,Normale,Sans collision,,,,,,,,,,,1,2,1,1,7
200600008331,0006-02-15 20:10:00,6,2,15,20,10,340,32,"59, PASTEUR LOUIS (RUE)",,,Nuit avec éclairage allumé,En agglomération,Hors intersection,Pluie légère,Sans collision,,,,,,,,,,,5,2,1,2,7
200600008332,0006-02-18 11:10:00,6,2,18,11,10,340,32,ROUTE DEPARTEMENTALE NR.,,,Plein jour,Hors agglomération,Hors intersection,Normale,Sans collision,,,,,,,,,,,1,1,1,1,7
200600008333,0006-02-18 19:45:00,6,2,18,19,45,340,32,"19, CLEMENCEAU GEORGES (",,,Nuit avec éclairage allumé,En agglomération,Hors intersection,Normale,Sans collision,,,,,,,,,,,5,2,1,1,7
200600008334,0006-02-22 22:00:00,6,2,22,22,0,340,73,ROUTE D'AGDE (RN112),,,Nuit sans éclairage public,Hors agglomération,Hors intersection,Normale,Deux véhicules - arrière,,,,,,,,,,,3,1,1,1,2
200600008335,0006-02-22 20:15:00,6,2,22,20,15,340,32,KENNEDY PRESIDENT (BD DU,,,Nuit avec éclairage non allumé,En agglomération,Intersection en X,Normale,Deux véhicules - frontale,,,,,,,,,,,4,2,2,1,1
200600008336,0006-02-26 17:25:00,6,2,26,17,25,340,32,"NR, RHIN ET DANUBE (AV.)",,,Plein jour,En agglomération,Intersection en X,Normale,Deux véhicules - côté,,,,,,,,,,,1,2,2,1,3
200600008337,0006-02-28 21:05:00,6,2,28,21,5,340,32,"nr, RHIN ET DANUBE (AV.)",,,Nuit avec éclairage allumé,En agglomération,Intersection en X,Normale,Deux véhicules - côté,,,,,,,,,,,5,2,2,1,3
200600008338,0006-02-01 15:20:00,6,2,1,15,20,340,172,SCHUMAN (PLACE ROBERT),,,Plein jour,En agglomération,Giratoire,Normale,Deux véhicules - côté,,,,,,,,,,,1,2,6,1,3
200600008339,0006-02-01 15:45:00,6,2,1,15,45,340,172,"41, ASSAS (AVENUE D')",,,Plein jour,En agglomération,Hors intersection,Normale,Deux véhicules - côté,,,,,,,,,,,1,2,1,1,3
200600008340,0006-02-01 19:09:00,6,2,1,19,9,340,172,TOULOUSE (AVENUE DE,,,Crépuscule ou aube,En agglomération,Hors intersection,Normale,Autre collision,,,,,,,,,,,2,2,1,1,6
200600008341,0006-02-02 13:50:00,6,2,2,13,50,340,172,VALERY (BOULEVARD PAUL,,,Plein jour,En agglomération,Intersection en T,Normale,Deux véhicules - côté,,,,,,,,,,,1,2,3,1,3
200600008342,0006-02-02 17:10:00,6,2,2,17,10,340,172,BOUISSES (RUE DES),,,Plein jour,En agglomération,Hors intersection,Normale,Autre collision,,,,,,,,,,,1,2,1,1,6
200600008343,0006-02-03 20:15:00,6,2,3,20,15,340,172,GANGES (ROUTE DE,,,Nuit avec éclairage allumé,En agglomération,Intersection en T,Normale,Deux véhicules - côté,,,,,,,,,,,5,2,3,1,3
200600008344,0006-02-04 14:45:00,6,2,4,14,45,340,172,"887, BECQUEREL (RUE HENR",,,Plein jour,En agglomération,Hors intersection,Normale,Deux véhicules - côté,,,,,,,,,,,1,2,1,1,3
200600008345,0006-02-05 16:15:00,6,2,5,16,15,340,172,"1910, TOULOUSE (AVENUE D",,,Plein jour,En agglomération,Hors intersection,Normale,Deux véhicules - côté,,,,,,,,,,,1,2,1,1,3
200600008346,0006-02-06 08:27:00,6,2,6,8,27,340,172,RIMBAUD (RUE PAUL),,,Plein jour,En agglomération,Hors intersection,Normale,Autre collision,,,,,,,,,,,1,2,1,1,6
200600008347,0006-02-06 06:30:00,6,2,6,6,30,340,172,"138, EUROPE (AVENUE DE L",,,Nuit avec éclairage allumé,En agglomération,Hors intersection,Normale,Autre collision,,,,,,,,,,,5,2,1,1,6
200600008348,0006-02-06 17:20:00,6,2,6,17,20,340,172,"PAS DE N, LAVERUNE (ROUT",,,Crépuscule ou aube,En agglomération,Hors intersection,Normale,Deux véhicules - côté,,,,,,,,,,,2,2,1,1,3
200600008349,0006-02-07 10:00:00,6,2,7,10,0,340,172,"4, PELLICIER (RUE GUILLA",,,Plein jour,En agglomération,Autre intersection,Normale,Sans collision,,,,,,,,,,,1,2,9,1,7
200600008350,0006-02-04 08:45:00,6,2,4,8,45,340,172,BLAYAC (RUE DU PROFESSEU,,,Plein jour,En agglomération,Hors intersection,Normale,Deux véhicules - arrière,,,,,,,,,,,1,2,1,1,2
200600008351,0006-02-07 13:50:00,6,2,7,13,50,340,172,"13, GAMBETTA (COURS)",,,Plein jour,En agglomération,Hors intersection,Normale,Autre collision,,,,,,,,,,,1,2,1,1,6
200600008352,0006-02-03 22:45:00,6,2,3,22,45,340,172,"sans N°, GAMBETTA (COURS",,,Nuit avec éclairage allumé,En agglomération,Hors intersection,Normale,Deux véhicules - arrière,,,,,,,,,,,5,2,1,1,2
200600008353,0006-02-09 08:30:00,6,2,9,8,30,340,172,"41, SAINT LAZARE (AVENUE",,,Plein jour,En agglomération,Hors intersection,Normale,Deux véhicules - arrière,,,,,,,,,,,1,2,1,1,2
200600008354,0006-02-05 06:25:00,6,2,5,6,25,340,172,GAMBETTA (COURS),,,Nuit avec éclairage allumé,En agglomération,Intersection en X,Normale,Deux véhicules - côté,,,,,,,,,,,5,2,2,1,3
200600008355,0006-02-09 16:45:00,6,2,9,16,45,340,172,TOULOUSE (AVENUE DE,,,Plein jour,En agglomération,Hors intersection,Normale,Deux véhicules - côté,,,,,,,,,,,1,2,1,1,3
200600008356,0006-02-06 12:30:00,6,2,6,12,30,340,172,"55, LODEVE (ROUTE DE)",,,Plein jour,En agglomération,Intersection en X,Normale,Autre collision,,,,,,,,,,,1,2,2,1,6
200600008357,0006-02-10 15:40:00,6,2,10,15,40,340,172,"07, ARCEAUX (BOULEVARD D",,,Plein jour,En agglomération,Intersection en X,Normale,Autre collision,,,,,,,,,,,1,2,2,1,6
200600008358,0006-02-11 00:53:00,6,2,11,0,53,340,172,TRIOLET (RUE DU),,,Nuit avec éclairage allumé,Hors agglomération,Intersection en X,Normale,Deux véhicules - côté,,,,,,,,,,,5,1,2,1,3
200600008359,0006-02-11 08:50:00,6,2,11,8,50,340,172,SAINT LAZARE (AVENUE DE),,,Plein jour,En agglomération,Intersection en Y,Autre,Sans collision,,,,,,,,,,,1,2,4,9,7
200600008360,0006-02-08 12:30:00,6,2,8,12,30,340,172,"Pas de N, ABRIVADO (RUE",,,Plein jour,En agglomération,Intersection en T,Normale,Deux véhicules - côté,,,,,,,,,,,1,2,3,1,3
200600008361,0006-02-12 10:25:00,6,2,12,10,25,340,172,SOULAS (AVENUE DU PERE,,,Plein jour,En agglomération,Intersection en X,Normale,Deux véhicules - côté,,,,,,,,,,,1,2,2,1,3
200600008362,0006-02-12 17:00:00,6,2,12,17,0,340,172,"SANS, LIBERTE (AVENUE DE",,,Plein jour,En agglomération,Hors intersection,Normale,Sans collision,,,,,,,,,,,1,2,1,1,7
200600008363,0006-02-13 07:20:00,6,2,13,7,20,340,172,"sans n, PONT DE LAVERUNE",,,Crépuscule ou aube,En agglomération,Hors intersection,Normale,Autre collision,,,,,,,,,,,2,2,1,1,6
200600008364,0006-02-10 11:00:00,6,2,10,11,0,340,172,CETOINES (RUE DES),,,Plein jour,En agglomération,Hors intersection,Normale,Autre collision,,,,,,,,,,,1,2,1,1,6
200600008365,0006-02-14 08:50:00,6,2,14,8,50,340,172,"1146, SOULAS (AVENUE DU",,,Plein jour,En agglomération,Hors intersection,Normale,Deux véhicules - côté,,,,,,,,,,,1,2,1,1,3
200600008366,0006-02-14 10:00:00,6,2,14,10,0,340,172,"55, LODEVE (ROUTE DE)",,,Plein jour,En agglomération,Hors intersection,Normale,Autre collision,,,,,,,,,,,1,2,1,1,6
200600008367,0006-02-14 17:00:00,6,2,14,17,0,340,172,LAVERUNE (ROUTE DE,,,Plein jour,En agglomération,Intersection en X,Normale,Deux véhicules - côté,,,,,,,,,,,1,2,2,1,3
200600008368,0006-02-15 01:35:00,6,2,15,1,35,340,172,ANTONELLI (AVENUE DU PRO,,,Nuit avec éclairage allumé,En agglomération,Autre intersection,Normale,Autre collision,,,,,,,,,,,5,2,9,1,6
200600008369,0006-02-15 01:05:00,6,2,15,1,5,340,172,MENDES FRANCE (AVENUE PR,,,Nuit avec éclairage allumé,En agglomération,Hors intersection,Normale,Autre collision,,,,,,,,,,,5,2,1,1,6
200600008370,0006-02-15 07:59:00,6,2,15,7,59,340,172,MENDE (ROUTE DE),,,Plein jour,En agglomération,Hors intersection,Normale,Deux véhicules - côté,,,,,,,,,,,1,2,1,1,3
200600008371,0006-02-16 09:30:00,6,2,16,9,30,340,198,D21  ROUTE DE CARNON,,,Plein jour,Hors agglomération,Hors intersection,Pluie légère,Sans collision,,,,,,,,,,,1,1,1,2,7
200600008372,0006-02-16 18:38:00,6,2,16,18,38,340,172,"PAS DE N, CROIX DE LAS C",,,Crépuscule ou aube,En agglomération,Intersection en T,Pluie légère,Deux véhicules - côté,,,,,,,,,,,2,2,3,2,3
200600008373,0006-02-16 16:48:00,6,2,16,16,48,340,129,D132,,,Plein jour,Hors agglomération,Hors intersection,Normale,Autre collision,,,,,,,,,,,1,1,1,1,6
200600008374,0006-02-14 11:58:00,6,2,14,11,58,340,172,"262, MARIE DE MONTPELLIE",,,Plein jour,En agglomération,Hors intersection,Normale,Deux véhicules - arrière,,,,,,,,,,,1,2,1,1,2
200600008375,0006-02-17 19:50:00,6,2,17,19,50,340,172,"SANS, BLAYAC (RUE DU PRO",,,Nuit avec éclairage allumé,En agglomération,Hors intersection,Normale,Deux véhicules - côté,,,,,,,,,,,5,2,1,1,3
200600008376,0006-02-18 13:15:00,6,2,18,13,15,340,172,"sans n, HEIDELBERG (AVEN",,,Plein jour,En agglomération,Hors intersection,Normale,Autre collision,,,,,,,,,,,1,2,1,1,6
200600008377,0006-02-19 01:17:00,6,2,19,1,17,340,172,BARCELONE (AVENUE DE),,,Nuit avec éclairage allumé,En agglomération,Autre intersection,Normale,Autre collision,,,,,,,,,,,5,2,9,1,6
200600008378,0006-02-20 10:40:00,6,2,20,10,40,340,172,"SANS, PAVELET (AVENUE DU",,,Plein jour,En agglomération,Hors intersection,Normale,Deux véhicules - arrière,,,,,,,,,,,1,2,1,1,2
200600008379,0006-02-19 19:40:00,6,2,19,19,40,340,198,FOIRE (ROUTE DE LA),,,Nuit sans éclairage public,En agglomération,Hors intersection,Temps couvert,Autre collision,,,,,,,,,,,3,2,1,8,6
200600008380,0006-02-20 17:47:00,6,2,20,17,47,340,172,MENDE (ROUTE DE),,,Plein jour,En agglomération,Hors intersection,Normale,Trois véhicules et plus - collisions multiples,,,,,,,,,,,1,2,1,1,5
200600008381,0006-02-20 20:20:00,6,2,20,20,20,340,172,"PAS DE N°, GARRATS (AVEN",,,Nuit avec éclairage allumé,En agglomération,Hors intersection,Normale,Deux véhicules - arrière,,,,,,,,,,,5,2,1,1,2
200600008382,0006-02-21 22:13:00,6,2,21,22,13,340,172,ALBERT 1ER (PLACE),,,Nuit avec éclairage allumé,En agglomération,Hors intersection,Pluie légère,Sans collision,,,,,,,,,,,5,2,1,2,7
200600008383,0006-02-21 08:08:00,6,2,21,8,8,340,172,"642, JUSTICE DE CASTELNA",,,Plein jour,En agglomération,Hors intersection,Normale,Trois véhicules et plus - collisions multiples,,,,,,,,,,,1,2,1,1,5
200600008384,0006-02-21 20:20:00,6,2,21,20,20,340,172,"2040, SOULAS (AVENUE DU",,,Nuit avec éclairage allumé,En agglomération,Intersection en X,Temps couvert,Deux véhicules - côté,,,,,,,,,,,5,2,2,8,3
200600008385,0006-02-22 15:15:00,6,2,22,15,15,340,172,MARCHE GARE (AVENUE DU),,,Plein jour,En agglomération,Intersection en X,Normale,Deux véhicules - frontale,,,,,,,,,,,1,2,2,1,1
200600008386,0006-02-22 19:45:00,6,2,22,19,45,340,129,CARNON (ROUTE DE  D21),,,Nuit avec éclairage allumé,Hors agglomération,Intersection en X,Normale,Deux véhicules - côté,,,,,,,,,,,5,1,2,1,3
200600008387,0006-02-23 05:40:00,6,2,23,5,40,340,129,D132,,,Nuit avec éclairage allumé,Hors agglomération,Hors intersection,Normale,Sans collision,,,,,,,,,,,5,1,1,1,7
200600008388,0006-02-23 20:40:00,6,2,23,20,40,340,172,"sans, OBSERVATOIRE (BOUL",,,Nuit avec éclairage allumé,En agglomération,Hors intersection,Normale,Autre collision,,,,,,,,,,,5,2,1,1,6
200600008389,0006-02-24 19:20:00,6,2,24,19,20,340,172,BRIGADE LEGERE DU LANGUE,,,Nuit avec éclairage allumé,En agglomération,Intersection à plus de 4 branches,Normale,Deux véhicules - côté,,,,,,,,,,,5,2,5,1,3
200600008390,0006-02-25 13:10:00,6,2,25,13,10,340,172,LAVERUNE (ROUTE DE,,,Plein jour,En agglomération,Intersection en T,Normale,Deux véhicules - côté,,,,,,,,,,,1,2,3,1,3
200600008391,0006-02-27 15:07:00,6,2,27,15,7,340,172,"643, RAVAZ (AVENUE DU PR",,,Plein jour,En agglomération,Hors intersection,Normale,Autre collision,,,,,,,,,,,1,2,1,1,6
200600008392,0006-02-28 19:45:00,6,2,28,19,45,340,129,D132,,,Nuit sans éclairage public,Hors agglomération,Hors intersection,Normale,Autre collision,,,,,,,,,,,3,1,1,1,6
200600008393,0006-02-15 08:35:00,6,2,15,8,35,340,172,"PAS DE N, LIBERTE (AVENU",,,Plein jour,En agglomération,Hors intersection,Normale,Deux véhicules - arrière,,,,,,,,,,,1,2,1,1,2
200600008394,0006-02-02 11:45:00,6,2,2,11,45,340,301,BALARUC (ROUTE DE),,,Plein jour,Hors agglomération,Intersection en T,Normale,Deux véhicules - côté,,,,,,,,,,,1,1,3,1,3
200600008395,0006-02-08 07:55:00,6,2,8,7,55,340,108,"33, RESISTANCE (AVENUE D",,,Plein jour,En agglomération,Hors intersection,Normale,Autre collision,,,,,,,,,,,1,2,1,1,6
200600008396,0006-02-06 15:05:00,6,2,6,15,5,340,301,"aucun, SAVONNERIE (PONT",,,Plein jour,En agglomération,Hors intersection,Normale,Autre collision,,,,,,,,,,,1,2,1,1,6
200600008397,0006-02-28 10:35:00,6,2,28,10,35,340,301,BLANC CAMILLE (BOULEVARD,,,Plein jour,En agglomération,Hors intersection,Normale,Deux véhicules - côté,,,,,,,,,,,1,2,1,1,3
200600008398,0006-02-28 18:20:00,6,2,28,18,20,340,108,INGRIL (AVENUE D'),,,Plein jour,En agglomération,Hors intersection,Normale,Sans collision,,,,,,,,,,,1,2,1,1,7
200600008399,0006-02-26 13:50:00,6,2,26,13,50,350,150,MARTINAIS (LA) LIEUX-DIT,,,Plein jour,Hors agglomération,Hors intersection,Temps couvert,Sans collision,,,,,,,,,,,1,1,1,8,7
200600008400,0006-02-01 07:40:00,6,2,1,7,40,350,238,"00, NANTES (DE)",,,Crépuscule ou aube,En agglomération,Intersection en X,Autre,Deux véhicules - côté,,,,,,,,,,,2,2,2,9,3
200600008401,0006-02-02 12:15:00,6,2,2,12,15,350,238,"00, FOULON (AVENUE PROFE",,,Plein jour,En agglomération,Hors intersection,Temps couvert,Deux véhicules - côté,,,,,,,,,,,1,2,1,8,3
200600008402,0006-02-03 15:15:00,6,2,3,15,15,350,238,"00, VERN (DE)",,,Plein jour,En agglomération,Intersection en X,Normale,Deux véhicules - arrière,,,,,,,,,,,1,2,2,1,2
200600008403,0006-02-03 16:30:00,6,2,3,16,30,350,238,"00, CARREL (BD ALEXIS)",,,Plein jour,En agglomération,Giratoire,Normale,Deux véhicules - côté,,,,,,,,,,,1,2,6,1,3
200600008404,0006-02-04 10:20:00,6,2,4,10,20,350,278,RN 137,,,Plein jour,Hors agglomération,Hors intersection,Normale,Trois véhicules et plus - en chaîne,,,,,,,,,,,1,1,1,1,4
200600008405,0006-02-05 05:50:00,6,2,5,5,50,350,238,"00, POTTIER (RUE EUGENE)",,,Nuit avec éclairage allumé,En agglomération,Intersection en T,Normale,Deux véhicules - arrière,,,,,,,,,,,5,2,3,1,2
200600008406,0006-02-06 08:45:00,6,2,6,8,45,350,238,"00, VIGNE (RUE DE LA)",,,Plein jour,En agglomération,Hors intersection,Brouillard / fumée,Deux véhicules - côté,,,,,,,,,,,1,2,1,5,3
200600008407,0006-02-06 13:15:00,6,2,6,13,15,350,238,"135, FOUGERES (RUE DE) D",,,Plein jour,En agglomération,Hors intersection,Normale,Trois véhicules et plus - en chaîne,,,,,,,,,,,1,2,1,1,4
200600008408,0006-02-07 10:05:00,6,2,7,10,5,350,238,"00, ECHANGE (D')",,,Plein jour,En agglomération,Hors intersection,Normale,Autre collision,,,,,,,,,,,1,2,1,1,6
200600008409,0006-02-08 17:50:00,6,2,8,17,50,350,238,"00, FORCES FRANCAISES DE",,,Crépuscule ou aube,En agglomération,Giratoire,Normale,Deux véhicules - côté,,,,,,,,,,,2,2,6,1,3
200600008410,0006-02-09 15:20:00,6,2,9,15,20,350,238,"38, LEROUX (BD OSCAR)",,,Plein jour,En agglomération,Hors intersection,Normale,Autre collision,,,,,,,,,,,1,2,1,1,6
200600008411,0006-02-09 17:20:00,6,2,9,17,20,350,238,"00, ROOSEVELT (BD FRANKL",,,Plein jour,En agglomération,Intersection en X,Normale,Deux véhicules - côté,,,,,,,,,,,1,2,2,1,3
200600008412,0006-02-10 12:50:00,6,2,10,12,50,350,238,"00, GALLET (AVENUE DU)",,,Plein jour,En agglomération,Giratoire,Normale,Deux véhicules - côté,,,,,,,,,,,1,2,6,1,3
200600008413,0006-02-10 16:20:00,6,2,10,16,20,350,238,"00, PORTE DU BLOSNE",,,Plein jour,Hors agglomération,Hors intersection,Normale,Deux véhicules - côté,,,,,,,,,,,1,1,1,1,3
200600008414,0006-02-11 05:35:00,6,2,11,5,35,350,238,"00, SOLFERINO (BD)",,,Nuit avec éclairage allumé,En agglomération,Hors intersection,Normale,Deux véhicules - arrière,,,,,,,,,,,5,2,1,1,2
200600008415,0006-02-11 19:05:00,6,2,11,19,5,350,238,"00, TOUR D'AUVERGNE (BD",,,Nuit avec éclairage allumé,En agglomération,Intersection en T,Normale,Deux véhicules - côté,,,,,,,,,,,5,2,3,1,3
200600008416,0006-02-12 21:20:00,6,2,12,21,20,350,238,"00, VOLTAIRE (BD)",,,Nuit avec éclairage allumé,En agglomération,Intersection en X,Normale,Deux véhicules - côté,,,,,,,,,,,5,2,2,1,3
200600008417,0006-02-14 08:15:00,6,2,14,8,15,350,238,"00, SANGNIER (MARC)",,,Plein jour,En agglomération,Giratoire,Normale,Deux véhicules - côté,,,,,,,,,,,1,2,6,1,3
200600008418,0006-02-14 14:20:00,6,2,14,14,20,350,238,"00, TROIS CROIX (BD DES)",,,Plein jour,En agglomération,Intersection en X,Pluie forte,Deux véhicules - côté,,,,,,,,,,,1,2,2,3,3
200600008419,0006-02-14 16:50:00,6,2,14,16,50,350,238,"221, FOUGERES (RUE DE) D",,,Plein jour,En agglomération,Hors intersection,Normale,Deux véhicules - arrière,,,,,,,,,,,1,2,1,1,2
200600008420,0006-02-15 10:45:00,6,2,15,10,45,350,55,"00, RD 463",,,Plein jour,En agglomération,Intersection en T,Pluie légère,Deux véhicules - côté,,,,,,,,,,,1,2,3,2,3
200600008421,0006-02-15 11:40:00,6,2,15,11,40,350,238,"256, NANTES (DE)",,,Plein jour,En agglomération,Hors intersection,Temps couvert,Deux véhicules - arrière,,,,,,,,,,,1,2,1,8,2
200600008422,0006-02-15 17:15:00,6,2,15,17,15,350,238,"00, RN136",,,Plein jour,Hors agglomération,Hors intersection,Pluie légère,Deux véhicules - côté,,,,,,,,,,,1,1,1,2,3
200600008423,0006-02-16 20:00:00,6,2,16,20,0,350,238,"00, ROOSEVELT (BD FRANKL",,,Nuit avec éclairage allumé,En agglomération,Intersection en X,Pluie légère,Deux véhicules - côté,,,,,,,,,,,5,2,2,2,3
200600008424,0006-02-17 10:00:00,6,2,17,10,0,350,238,"00, VERN (DE)",,,Plein jour,En agglomération,Giratoire,Normale,Autre collision,,,,,,,,,,,1,2,6,1,6
200600008425,0006-02-17 12:05:00,6,2,17,12,5,350,238,"00, MITTERAND (MAIL FRAN",,,Plein jour,En agglomération,Intersection en X,Normale,Autre collision,,,,,,,,,,,1,2,2,1,6
200600008426,0006-02-17 20:10:00,6,2,17,20,10,350,238,ROCADE 3-4,,,Nuit avec éclairage allumé,Hors agglomération,Hors intersection,Autre,Deux véhicules - arrière,,,,,,,,,,,5,1,1,9,2
200600008427,0006-02-18 10:00:00,6,2,18,10,0,350,238,"00, TOURAUDAIS (AVENUE D",,,Plein jour,En agglomération,Intersection en Y,Pluie légère,Deux véhicules - côté,,,,,,,,,,,1,2,4,2,3
200600008428,0006-02-21 06:05:00,6,2,21,6,5,350,281,RD 177,,,Nuit avec éclairage allumé,En agglomération,Giratoire,Pluie légère,Autre collision,,,,,,,,,,,5,2,6,2,6
200600008429,0006-02-20 07:45:00,6,2,20,7,45,350,238,TEMPLE-DE-BLOSNE (RUE DU,,,Crépuscule ou aube,En agglomération,Giratoire,Pluie légère,Deux véhicules - côté,,,,,,,,,,,2,2,6,2,3
200600008430,0006-02-21 07:50:00,6,2,21,7,50,350,238,"00, SAINT-BRIEUC (DE)",,,Crépuscule ou aube,En agglomération,Giratoire,Pluie légère,Deux véhicules - côté,,,,,,,,,,,2,2,6,2,3
200600008431,0006-02-22 03:15:00,6,2,22,3,15,350,238,"00, CARREL (BD ALEXIS)",,,Nuit avec éclairage allumé,En agglomération,Hors intersection,Normale,Autre collision,,,,,,,,,,,5,2,1,1,6
200600008432,0006-02-22 13:00:00,6,2,22,13,0,350,238,"00, JANVIER (AVENUE JEAN",,,Plein jour,En agglomération,Intersection en X,Normale,Deux véhicules - côté,,,,,,,,,,,1,2,2,1,3
200600008433,0006-02-25 22:20:00,6,2,25,22,20,350,238,"00, VERN (DE)",,,Nuit avec éclairage allumé,En agglomération,Hors intersection,Normale,Autre collision,,,,,,,,,,,5,2,1,1,6
200600008434,0006-02-08 09:15:00,6,2,8,9,15,350,288,DE GAULLE GENERAL (AVENU,,,Plein jour,En agglomération,Hors intersection,Pluie forte,Deux véhicules - frontale,,,,,,,,,,,1,2,1,3,1
200600008435,0006-02-06 17:38:00,6,2,6,17,38,350,288,MARVILLE (AVENUE DE),,,Plein jour,En agglomération,Hors intersection,Normale,Autre collision,,,,,,,,,,,1,2,1,1,6
200600008436,0006-02-09 12:06:00,6,2,9,12,6,350,288,JAURES JEAN (AVENUE),,,Plein jour,En agglomération,Hors intersection,Normale,Deux véhicules - arrière,,,,,,,,,,,1,2,1,1,2
200600008437,0006-02-14 18:00:00,6,2,14,18,0,350,288,MARTIN LOUIS (AVENUE),,,Plein jour,En agglomération,Giratoire,Normale,Deux véhicules - côté,,,,,,,,,,,1,2,6,1,3
200600008438,0006-02-19 11:43:00,6,2,19,11,43,350,288,D2,,,Plein jour,En agglomération,Intersection en X,Normale,Autre collision,,,,,,,,,,,1,2,2,1,6
200600008439,0006-02-10 13:55:00,6,2,10,13,55,360,159,FORET (AVENUE DE LA) R.D,,,Plein jour,En agglomération,Hors intersection,Normale,Sans collision,,,,,,,,,,,1,2,1,1,7
200600008440,0006-02-03 11:00:00,6,2,3,11,0,360,202,PRE NAUDIN (ROND POINT D,,,Plein jour,En agglomération,Hors intersection,Normale,Sans collision,,,,,,,,,,,1,2,1,1,7
200600008441,0006-02-23 18:00:00,6,2,23,18,0,360,44,"53, LEMOINE (AV MARCEL)",,,Plein jour,En agglomération,Hors intersection,Normale,Sans collision,,,,,,,,,,,1,2,1,1,7
200600008442,0006-02-26 12:40:00,6,2,26,12,40,360,63,"0, HORLOGE (DE L')",,,Plein jour,En agglomération,Place,Normale,Deux véhicules - côté,,,,,,,,,,,1,2,7,1,3
200600008443,0006-02-28 13:01:00,6,2,28,13,1,360,63,GENERAL DE GAULLE (AV DU,,,Plein jour,En agglomération,Hors intersection,Normale,Deux véhicules - arrière,,,,,,,,,,,1,2,1,1,2
200600008444,0006-02-06 16:30:00,6,2,6,16,30,370,261,ENTRAIGUES (RUE D'),,,Plein jour,En agglomération,Intersection en X,Normale,Deux véhicules - côté,,,,,,,,,,,1,2,2,1,3
200600008445,0006-02-08 07:45:00,6,2,8,7,45,370,261,PONT AUX OIES (ROUTE DU),,,Crépuscule ou aube,En agglomération,Intersection en T,Normale,Deux véhicules - côté,,,,,,,,,,,2,2,3,1,3
200600008446,0006-02-07 14:10:00,6,2,7,14,10,370,261,"08, TANNEURS (RUE DES)",,,Plein jour,Hors agglomération,Hors intersection,Normale,Autre collision,,,,,,,,,,,1,1,1,1,6
200600008447,0006-02-03 17:40:00,6,2,3,17,40,370,208,", BEAUGAILLARD (AVENUE)",,,Crépuscule ou aube,En agglomération,Intersection en T,Normale,Deux véhicules - côté,,,,,,,,,,,2,2,3,1,3
200600008448,0006-02-09 17:00:00,6,2,9,17,0,370,261,MERIEUX (AVENUE MARCEL),,,Plein jour,En agglomération,Hors intersection,Normale,Deux véhicules - côté,,,,,,,,,,,1,2,1,1,3
200600008449,0006-02-03 17:25:00,6,2,3,17,25,370,261,CHURCHILL (BOULEVARD WIN,,,Plein jour,En agglomération,Giratoire,Normale,Deux véhicules - arrière,,,,,,,,,,,1,2,6,1,2
200600008450,0006-02-16 13:55:00,6,2,16,13,55,370,261,"21, CROIX PERIGOURD (RUE",,,Plein jour,En agglomération,Intersection en T,Pluie légère,Deux véhicules - côté,,,,,,,,,,,1,2,3,2,3