accident_id,datetime,annee,mois,jour,heure,minute,departement,commune_insee,adresse,latitude,longitude,luminosite,agglomeration,intersection,meteo,collision,nb_vehicules,nb_usagers,nb_indemnes,nb_tues,nb_blesses_hosp,nb_blesses_legers,age_cond_1,age_cond_2,veh_type_cond_1,veh_type_cond_2,lum_code,agg_code,int_code,atm_code,col_code
200600008451,0006-02-19 08:50:00,6,2,19,8,50,370,195,PERIPHERIQUE OUEST,,,Plein jour,Hors agglomération,Hors intersection,Pluie légère,Autre collision,,,,,,,,,,,1,1,1,2,6
200600008452,0006-02-25 17:00:00,6,2,25,17,0,370,261,TRANCHEE (AVENUE DE LA),,,Plein jour,En agglomération,Hors intersection,Normale,Trois véhicules et plus - en chaîne,,,,,,,,,,,1,2,1,1,4
200600008453,0006-02-02 12:00:00,6,2,2,12,0,380,169,"00, CURIE (BOULEVARD J.)",,,Plein jour,En agglomération,Hors intersection,Normale,Deux véhicules - côté,,,,,,,,,,,1,2,1,1,3
200600008454,0006-02-02 13:20:00,6,2,2,13,20,380,229,"00, AUTOROUTE",,,Plein jour,Hors agglomération,Hors intersection,Pluie légère,Deux véhicules - côté,,,,,,,,,,,1,1,1,2,3
200600008455,0006-02-02 13:40:00,6,2,2,13,40,380,185,"00, VAILLANT (RUE ED.)",,,Plein jour,En agglomération,Hors intersection,Normale,Deux véhicules - arrière,,,,,,,,,,,1,2,1,1,2
200600008456,0006-02-03 11:50:00,6,2,3,11,50,380,185,"00, LIBERATION (COURS) 1",,,Plein jour,En agglomération,Hors intersection,Normale,Deux véhicules - côté,,,,,,,,,,,1,2,1,1,3
200600008457,0006-02-03 19:10:00,6,2,3,19,10,380,185,"00, GARE (PLACE DE LA)",,,Crépuscule ou aube,En agglomération,Intersection en T,Normale,Deux véhicules - côté,,,,,,,,,,,2,2,3,1,3
200600008458,0006-02-03 19:56:00,6,2,3,19,56,380,185,"00, RACINE (PLACE J.)",,,Nuit avec éclairage non allumé,En agglomération,Intersection en X,Normale,Deux véhicules - côté,,,,,,,,,,,4,2,2,1,3
200600008459,0006-02-05 01:10:00,6,2,5,1,10,380,185,"00, A.480 (AUTOROUTE)",,,Nuit avec éclairage allumé,Hors agglomération,Hors intersection,Normale,Deux véhicules - côté,,,,,,,,,,,5,1,1,1,3
200600008460,0006-02-07 07:30:00,6,2,7,7,30,380,185,"00, CLEMENCEAU (BOULEVAR",,,Plein jour,Hors agglomération,Hors intersection,Autre,Autre collision,,,,,,,,,,,1,1,1,9,6
200600008461,0006-02-09 09:00:00,6,2,9,9,0,380,185,"107, ALLIES (RUE DES)",,,Plein jour,En agglomération,Hors intersection,Normale,Deux véhicules - côté,,,,,,,,,,,1,2,1,1,3
200600008462,0006-02-11 15:15:00,6,2,11,15,15,380,185,"52, VIALLET (AVENUE F.)",,,Plein jour,En agglomération,Hors intersection,Normale,Autre collision,,,,,,,,,,,1,2,1,1,6
200600008463,0006-02-13 11:30:00,6,2,13,11,30,380,185,"02, ALLIES (RUE DES)",,,Plein jour,En agglomération,Hors intersection,Normale,Deux véhicules - arrière,,,,,,,,,,,1,2,1,1,2
200600008464,0006-02-14 09:45:00,6,2,14,9,45,380,185,"00, MALRAUX (PLACE A.)",,,Plein jour,En agglomération,Hors intersection,Normale,Deux véhicules - côté,,,,,,,,,,,1,2,1,1,3
200600008465,0006-02-14 14:30:00,6,2,14,14,30,380,151,"00, HUGO (AVENUE V.)",,,Plein jour,En agglomération,Hors intersection,Normale,Deux véhicules - côté,,,,,,,,,,,1,2,1,1,3
200600008466,0006-02-15 12:10:00,6,2,15,12,10,380,185,"161, LIBERATION (COURS)",,,Plein jour,En agglomération,Hors intersection,Normale,Deux véhicules - côté,,,,,,,,,,,1,2,1,1,3
200600008467,0006-02-15 15:20:00,6,2,15,15,20,380,185,"00, CLEMENCEAU (BOULEVAR",,,Plein jour,En agglomération,Hors intersection,Normale,Deux véhicules - côté,,,,,,,,,,,1,2,1,1,3
200600008468,0006-02-15 19:15:00,6,2,15,19,15,380,185,"69, BERRIAT (COURS)",,,Nuit avec éclairage non allumé,En agglomération,Intersection en X,Pluie légère,Autre collision,,,,,,,,,,,4,2,2,2,6
200600008469,0006-02-16 20:45:00,6,2,16,20,45,380,185,"00, BLANCHARD (RUE R.)",,,Nuit avec éclairage allumé,En agglomération,Hors intersection,Normale,Autre collision,,,,,,,,,,,5,2,1,1,6
200600008470,0006-02-21 19:20:00,6,2,21,19,20,380,185,"00, AUGEREAU RUE)",,,Nuit avec éclairage non allumé,En agglomération,Hors intersection,Normale,Deux véhicules - côté,,,,,,,,,,,4,2,1,1,3
200600008471,0006-02-22 18:30:00,6,2,22,18,30,380,185,"00, SEMBAT (BOULEVARD A.",,,Nuit avec éclairage allumé,En agglomération,Intersection en X,Normale,Autre collision,,,,,,,,,,,5,2,2,1,6
200600008472,0006-02-23 06:50:00,6,2,23,6,50,380,185,"00, REYNIER (RUE ALB.)",,,Nuit avec éclairage allumé,En agglomération,Hors intersection,Normale,Deux véhicules - arrière,,,,,,,,,,,5,2,1,1,2
200600008473,0006-02-24 19:15:00,6,2,24,19,15,380,185,"92, BLUM (AVENUE L.)",,,Nuit avec éclairage allumé,En agglomération,Hors intersection,Normale,Trois véhicules et plus - en chaîne,,,,,,,,,,,5,2,1,1,4
200600008474,0006-02-26 18:00:00,6,2,26,18,0,380,185,"00, VIALLET (AVENUE F.)",,,Nuit avec éclairage non allumé,En agglomération,Intersection en X,Normale,Deux véhicules - côté,,,,,,,,,,,4,2,2,1,3
200600008475,0006-02-27 11:20:00,6,2,27,11,20,380,169,"18, JAURES (AVENUE J.)(1",,,Plein jour,En agglomération,Intersection en X,Normale,Deux véhicules - côté,,,,,,,,,,,1,2,2,1,3
200600008476,0006-02-27 19:00:00,6,2,27,19,0,380,185,"18, FOCH (BOULEVARD MAL)",,,Nuit avec éclairage non allumé,En agglomération,Hors intersection,Normale,Autre collision,,,,,,,,,,,4,2,1,1,6
200600008477,0006-02-21 15:05:00,6,2,21,15,5,380,318,F.CARTALLIER(RUE),,,Plein jour,En agglomération,Hors intersection,Normale,Autre collision,,,,,,,,,,,1,2,1,1,6
200600008478,0006-02-07 07:06:00,6,2,7,7,6,400,88,SAINT-PIERRE (COURS),,,Nuit avec éclairage allumé,En agglomération,Hors intersection,Autre,Deux véhicules - côté,,,,,,,,,,,5,2,1,9,3
200600008479,0006-02-08 19:05:00,6,2,8,19,5,400,192,"1, DESBIEY (RUE DES FRER",,,Nuit avec éclairage allumé,En agglomération,Intersection en T,Normale,Deux véhicules - côté,,,,,,,,,,,5,2,3,1,3
200600008480,0006-02-19 13:55:00,6,2,19,13,55,400,281,KENNEDY (AV DU PDT. JOHN,,,Plein jour,En agglomération,Hors intersection,Pluie forte,Deux véhicules - arrière,,,,,,,,,,,1,2,1,3,2
200600008481,0006-02-05 05:25:00,6,2,5,5,25,410,18,PAPIN (RUE DENIS),,,Nuit avec éclairage allumé,En agglomération,Hors intersection,Pluie légère,Autre collision,,,,,,,,,,,5,2,1,2,6
200600008482,0006-02-08 07:50:00,6,2,8,7,50,410,18,D174,,,Plein jour,Hors agglomération,Hors intersection,Normale,Deux véhicules - côté,,,,,,,,,,,1,1,1,1,3
200600008483,0006-02-08 11:45:00,6,2,8,11,45,410,18,"86, CHATEAUDUN (AVENUE D",,,Plein jour,En agglomération,Intersection en T,Normale,Deux véhicules - côté,,,,,,,,,,,1,2,3,1,3
200600008484,0006-02-11 14:10:00,6,2,11,14,10,410,18,"vis  20, LATTRE DE TASSI",,,Plein jour,En agglomération,Hors intersection,Normale,Deux véhicules - arrière,,,,,,,,,,,1,2,1,1,2
200600008485,0006-02-13 23:40:00,6,2,13,23,40,410,18,D174,,,Nuit sans éclairage public,Hors agglomération,Hors intersection,Normale,Autre collision,,,,,,,,,,,3,1,1,1,6
200600008486,0006-02-20 15:11:00,6,2,20,15,11,410,18,GUTEMBERG (RUE),,,Plein jour,En agglomération,Intersection en X,Normale,Deux véhicules - côté,,,,,,,,,,,1,2,2,1,3
200600008487,0006-02-28 13:15:00,6,2,28,13,15,410,18,CROIX PICHON (RUE DE LA,,,Plein jour,En agglomération,Hors intersection,Neige / grêle,Autre collision,,,,,,,,,,,1,2,1,4,6
200600008488,0006-02-28 16:05:00,6,2,28,16,5,410,18,BASSES GRANGES (RUE DES),,,Plein jour,En agglomération,Hors intersection,Neige / grêle,Trois véhicules et plus - en chaîne,,,,,,,,,,,1,2,1,4,4
200600008489,0006-02-28 19:55:00,6,2,28,19,55,410,18,RONSARD (RUE PIERRE DE),,,Nuit avec éclairage allumé,En agglomération,Hors intersection,Normale,Sans collision,,,,,,,,,,,5,2,1,1,7
200600008490,0006-02-04 18:15:00,6,2,4,18,15,410,269,"90, RONSARD (AVENUE) (SE",,,Crépuscule ou aube,En agglomération,Hors intersection,Normale,Deux véhicules - frontale,,,,,,,,,,,2,2,1,1,1
200600008491,0006-02-05 11:20:00,6,2,5,11,20,410,269,"48, COURTIRAS (RUE DE)",,,Plein jour,En agglomération,Hors intersection,Normale,Autre collision,,,,,,,,,,,1,2,1,1,6
200600008492,0006-02-05 15:38:00,6,2,5,15,38,410,269,"49, MANS (ROUTE DU)",,,Plein jour,En agglomération,Intersection en Y,Normale,Deux véhicules - arrière,,,,,,,,,,,1,2,4,1,2
200600008493,0006-02-14 08:30:00,6,2,14,8,30,420,316,CD 25,,,Plein jour,Hors agglomération,Hors intersection,Normale,Sans collision,,,,,,,,,,,1,1,1,1,7
200600008494,0006-02-21 18:00:00,6,2,21,18,0,420,44,"1, FRACHON (RUE BENOIT)",,,Crépuscule ou aube,En agglomération,Intersection en X,Normale,Deux véhicules - côté,,,,,,,,,,,2,2,2,1,3
200600008495,0006-02-23 11:30:00,6,2,23,11,30,420,316,"29, FRANCE (RUE ANATOLE)",,,Plein jour,En agglomération,Hors intersection,Normale,Deux véhicules - frontale,,,,,,,,,,,1,2,1,1,1
200600008496,0006-02-24 21:35:00,6,2,24,21,35,420,270,"11, GORGES (ROUTE DES) S",,,Nuit avec éclairage allumé,En agglomération,Hors intersection,Neige / grêle,Deux véhicules - côté,,,,,,,,,,,5,2,1,4,3
200600008497,0006-02-26 15:35:00,6,2,26,15,35,420,316,"26, HOLTZER (RUE)",,,Plein jour,En agglomération,Hors intersection,Normale,Autre collision,,,,,,,,,,,1,2,1,1,6
200600008498,0006-02-14 16:40:00,6,2,14,16,40,420,147,SEGUIN (RUE MARC),,,Plein jour,En agglomération,Intersection en Y,Normale,Deux véhicules - côté,,,,,,,,,,,1,2,4,1,3
200600008499,0006-02-10 23:05:00,6,2,10,23,5,420,259,SAINT MARTIN ROUTE DE,,,Nuit avec éclairage allumé,En agglomération,Hors intersection,Autre,Autre collision,,,,,,,,,,,5,2,1,9,6
200600008500,0006-02-24 12:20:00,6,2,24,12,20,420,103,"655,  DE LA RIVE",,,Plein jour,En agglomération,Hors intersection,Normale,Autre collision,,,,,,,,,,,1,2,1,1,6
200600008501,0006-02-06 10:00:00,6,2,6,10,0,420,71,"31, DERRIERE POTERIE (RU",,,Plein jour,En agglomération,Hors intersection,Neige / grêle,Sans collision,,,,,,,,,,,1,2,1,4,7
200600008502,0006-02-07 15:16:00,6,2,7,15,16,420,187,LYON (AVENUE DE),,,Plein jour,En agglomération,Hors intersection,Normale,Trois véhicules et plus - collisions multiples,,,,,,,,,,,1,2,1,1,5
200600008503,0006-02-08 07:52:00,6,2,8,7,52,420,187,"9, BAYARD (RUE)",,,Plein jour,En agglomération,Hors intersection,Normale,Deux véhicules - côté,,,,,,,,,,,1,2,1,1,3
200600008504,0006-02-09 10:26:00,6,2,9,10,26,420,184,"20, OUEST  (BD)",,,Plein jour,En agglomération,Hors intersection,Normale,Sans collision,,,,,,,,,,,1,2,1,1,7
200600008505,0006-02-15 15:38:00,6,2,15,15,38,420,187,PROMENADES POPULLE (PLAC,,,Plein jour,En agglomération,Hors intersection,Pluie légère,Autre collision,,,,,,,,,,,1,2,1,2,6
200600008506,0006-02-15 17:05:00,6,2,15,17,5,420,187,"21, RENAISON (QUAI DU)",,,Plein jour,En agglomération,Hors intersection,Pluie légère,Deux véhicules - côté,,,,,,,,,,,1,2,1,2,3
200600008507,0006-02-16 20:00:00,6,2,16,20,0,420,71,"124, LIBERATION (AVENUE",,,Nuit avec éclairage allumé,En agglomération,Hors intersection,Pluie forte,Autre collision,,,,,,,,,,,5,2,1,3,6
200600008508,0006-02-18 19:25:00,6,2,18,19,25,420,184,"1, RONDET MICHEL (RUE)",,,Crépuscule ou aube,En agglomération,Giratoire,Normale,Deux véhicules - côté,,,,,,,,,,,2,2,6,1,3
200600008509,0006-02-20 20:45:00,6,2,20,20,45,420,127,BRIENNON (RT DE),,,Nuit sans éclairage public,Hors agglomération,Hors intersection,Normale,Deux véhicules - arrière,,,,,,,,,,,3,1,1,1,2
200600008510,0006-02-26 21:00:00,6,2,26,21,0,420,187,"20, RHIN ET DANUBE (RUE)",,,Nuit avec éclairage allumé,En agglomération,Hors intersection,Normale,Sans collision,,,,,,,,,,,5,2,1,1,7
200600008511,0006-02-27 00:01:00,6,2,27,0,1,420,127,", lieu dit cornillon",,,Nuit sans éclairage public,Hors agglomération,Hors intersection,Normale,Autre collision,,,,,,,,,,,3,1,1,1,6
200600008512,0006-02-04 19:10:00,6,2,4,19,10,420,218,"7, BEAUBRUN",,,Plein jour,En agglomération,Hors intersection,Normale,Autre collision,,,,,,,,,,,1,2,1,1,6
200600008513,0006-02-07 16:38:00,6,2,7,16,38,420,189,"2, PAUL MARCEL",,,Plein jour,En agglomération,Hors intersection,Normale,Autre collision,,,,,,,,,,,1,2,1,1,6
200600008514,0006-02-10 12:40:00,6,2,10,12,40,420,218,"4, POMPIDOU GEORGES (BOU",,,Plein jour,En agglomération,Hors intersection,Normale,Deux véhicules - arrière,,,,,,,,,,,1,2,1,1,2
200600008515,0006-02-15 19:00:00,6,2,15,19,0,420,218,"1, CUGNOT",,,Nuit avec éclairage allumé,En agglomération,Hors intersection,Pluie forte,Autre collision,,,,,,,,,,,5,2,1,3,6
200600008516,0006-02-02 12:10:00,6,2,2,12,10,430,157,CLAIR (BD. A.),,,Plein jour,En agglomération,Hors intersection,Normale,Autre collision,,,,,,,,,,,1,2,1,1,6
200600008517,0006-02-03 11:40:00,6,2,3,11,40,430,157,CENTRALE (RUE),,,Plein jour,En agglomération,Intersection en X,Normale,Deux véhicules - côté,,,,,,,,,,,1,2,2,1,3
200600008518,0006-02-07 10:30:00,6,2,7,10,30,430,157,"19, DURAND (AV. DU DOCTE",,,Plein jour,En agglomération,Hors intersection,Normale,Deux véhicules - côté,,,,,,,,,,,1,2,1,1,3
200600008519,0006-02-07 18:45:00,6,2,7,18,45,430,41,"15, LYON (ROUTE DE)",,,Nuit avec éclairage allumé,En agglomération,Hors intersection,Normale,Deux véhicules - côté,,,,,,,,,,,5,2,1,1,3
200600008520,0006-02-10 08:20:00,6,2,10,8,20,430,89,SAUGUES (ROUTE DE),,,Plein jour,Hors agglomération,Hors intersection,Normale,Autre collision,,,,,,,,,,,1,1,1,1,6
200600008521,0006-02-25 16:50:00,6,2,25,16,50,430,89,"15, SAUGUES (ROUTE DE)",,,Plein jour,En agglomération,Hors intersection,Normale,Deux véhicules - frontale,,,,,,,,,,,1,2,1,1,1
200600008522,0006-02-27 00:01:00,6,2,27,0,1,430,89,"20, ARCIS (CHEMIN DES)",,,Nuit avec éclairage allumé,En agglomération,Hors intersection,Normale,Deux véhicules - frontale,,,,,,,,,,,5,2,1,1,1
200600008523,0006-02-27 18:15:00,6,2,27,18,15,430,41,R.N 88,,,Plein jour,En agglomération,Intersection en T,Normale,Deux véhicules - côté,,,,,,,,,,,1,2,3,1,3
200600008524,0006-02-09 08:30:00,6,2,9,8,30,440,135,"0, OCÉAN ( AVENUE DE L'",,,Plein jour,En agglomération,Giratoire,Normale,Deux véhicules - côté,,,,,,,,,,,1,2,6,1,3
200600008525,0006-02-21 12:15:00,6,2,21,12,15,440,132,"11, GRIS (AVENUE DU)",,,Plein jour,En agglomération,Hors intersection,Normale,Deux véhicules - côté,,,,,,,,,,,1,2,1,1,3
200600008526,0006-02-11 16:15:00,6,2,11,16,15,440,132,BAULOIS (AVENUE DU),,,Crépuscule ou aube,En agglomération,Giratoire,Normale,Deux véhicules - arrière,,,,,,,,,,,2,2,6,1,2
200600008527,0006-02-15 14:10:00,6,2,15,14,10,440,55,"0, ALSACE ( AVENUE D' )",,,Plein jour,En agglomération,Intersection en T,Normale,Deux véhicules - côté,,,,,,,,,,,1,2,3,1,3
200600008528,0006-02-16 09:40:00,6,2,16,9,40,440,132,"0, GUERANDE (ROUTE DE)",,,Plein jour,En agglomération,Hors intersection,Normale,Autre collision,,,,,,,,,,,1,2,1,1,6
200600008529,0006-02-16 16:35:00,6,2,16,16,35,440,132,ROY (IMPASSE),,,Plein jour,Hors agglomération,Hors intersection,Normale,Deux véhicules - arrière,,,,,,,,,,,1,1,1,1,2
200600008530,0006-02-18 13:00:00,6,2,18,13,0,440,55,"0, FLANDIN ( AVENUE DU C",,,Plein jour,En agglomération,Hors intersection,Vent fort / tempête,Deux véhicules - côté,,,,,,,,,,,1,2,1,6,3
200600008531,0006-02-24 05:00:00,6,2,24,5,0,440,55,"498, BOUTROUX ( AVENUE J",,,Nuit sans éclairage public,Hors agglomération,Hors intersection,Normale,Autre collision,,,,,,,,,,,3,1,1,1,6
200600008532,0006-02-01 18:40:00,6,2,1,18,40,440,109,"00, COURS JOHN KENNEDY",,,Nuit avec éclairage allumé,En agglomération,Hors intersection,Normale,Deux véhicules - frontale,,,,,,,,,,,5,2,1,1,1
200600008533,0006-02-02 10:15:00,6,2,2,10,15,440,109,"00, ALLEE DU PORT MAILLA",,,Plein jour,En agglomération,Hors intersection,Normale,Autre collision,,,,,,,,,,,1,2,1,1,6
200600008534,0006-02-02 19:50:00,6,2,2,19,50,440,162,RUE VICTOR SCHOELCHER,,,Nuit avec éclairage allumé,En agglomération,Hors intersection,Normale,Trois véhicules et plus - en chaîne,,,,,,,,,,,5,2,1,1,4
200600008535,0006-02-03 07:50:00,6,2,3,7,50,440,109,RUE DES MARSAUDERIES,,,Crépuscule ou aube,En agglomération,Giratoire,Normale,Deux véhicules - arrière,,,,,,,,,,,2,2,6,1,2
200600008536,0006-02-03 14:30:00,6,2,3,14,30,440,109,"07, RUE MERCOEUR",,,Plein jour,En agglomération,Hors intersection,Normale,Autre collision,,,,,,,,,,,1,2,1,1,6
200600008537,0006-02-03 17:45:00,6,2,3,17,45,440,109,BOULEVARD DE LA PRAIRIE,,,Plein jour,En agglomération,Hors intersection,Normale,Deux véhicules - arrière,,,,,,,,,,,1,2,1,1,2
200600008538,0006-02-03 21:15:00,6,2,3,21,15,440,109,"55, RUE DE RACAPE",,,Nuit avec éclairage allumé,En agglomération,Intersection en X,Normale,Autre collision,,,,,,,,,,,5,2,2,1,6
200600008539,0006-02-04 21:20:00,6,2,4,21,20,440,109,RUE DE L'EVECHE,,,Nuit avec éclairage allumé,En agglomération,Place,Normale,Autre collision,,,,,,,,,,,5,2,7,1,6
200600008540,0006-02-03 19:15:00,6,2,3,19,15,440,114,"., ROUTE DE VANNES",,,Nuit avec éclairage non allumé,En agglomération,Hors intersection,Normale,Deux véhicules - arrière,,,,,,,,,,,4,2,1,1,2
200600008541,0006-02-01 12:00:00,6,2,1,12,0,440,162,BOULEVARD CHARLES DE GAU,,,Plein jour,En agglomération,Intersection en T,Normale,Deux véhicules - arrière,,,,,,,,,,,1,2,3,1,2
200600008542,0006-02-06 08:20:00,6,2,6,8,20,440,109,LADMIRAULT (PL),,,Plein jour,Hors agglomération,Hors intersection,Brouillard / fumée,Autre collision,,,,,,,,,,,1,1,1,5,6
200600008543,0006-02-06 19:55:00,6,2,6,19,55,440,109,"12, BOULEVARD DE LA LIBE",,,Nuit avec éclairage allumé,En agglomération,Intersection en T,Normale,Autre collision,,,,,,,,,,,5,2,3,1,6
200600008544,0006-02-06 20:45:00,6,2,6,20,45,440,109,PONT DE CHEVIRE,,,Nuit avec éclairage allumé,Hors agglomération,Hors intersection,Normale,Autre collision,,,,,,,,,,,5,1,1,1,6
200600008545,0006-02-07 17:15:00,6,2,7,17,15,440,109,ROUTE DE SAINTE LUCE,,,Plein jour,Hors agglomération,Intersection en T,Normale,Deux véhicules - côté,,,,,,,,,,,1,1,3,1,3
200600008546,0006-02-06 13:00:00,6,2,6,13,0,440,109,"37, RUE CHARLES MONSELET",,,Plein jour,En agglomération,Hors intersection,Normale,Autre collision,,,,,,,,,,,1,2,1,1,6
200600008547,0006-02-08 07:55:00,6,2,8,7,55,440,109,"00, RUE FIRMIN COLAS",,,Plein jour,En agglomération,Intersection en T,Normale,Autre collision,,,,,,,,,,,1,2,3,1,6
200600008548,0006-02-06 13:55:00,6,2,6,13,55,440,109,"00, BOULEVARD SAINT AIGN",,,Plein jour,En agglomération,Autre intersection,Pluie légère,Autre collision,,,,,,,,,,,1,2,9,2,6
200600008549,0006-02-09 10:38:00,6,2,9,10,38,440,114,"49, AVENUE ALEXANDRE GOU",,,Plein jour,En agglomération,Hors intersection,Normale,Autre collision,,,,,,,,,,,1,2,1,1,6
200600008550,0006-02-09 09:25:00,6,2,9,9,25,440,162,"0, RUE DU MOULIN DE LA R",,,Plein jour,En agglomération,Hors intersection,Normale,Deux véhicules - côté,,,,,,,,,,,1,2,1,1,3
200600008551,0006-02-09 16:45:00,6,2,9,16,45,440,109,RUE ESNOUL DES CHATELETS,,,Plein jour,En agglomération,Hors intersection,Normale,Autre collision,,,,,,,,,,,1,2,1,1,6
200600008552,0006-02-08 20:40:00,6,2,8,20,40,440,162,PLACE PIERRE BLARD,,,Nuit avec éclairage allumé,En agglomération,Hors intersection,Normale,Autre collision,,,,,,,,,,,5,2,1,1,6
200600008553,0006-02-09 12:05:00,6,2,9,12,5,440,109,"168, RUE DES BOURDONNIER",,,Plein jour,En agglomération,Hors intersection,Normale,Deux véhicules - côté,,,,,,,,,,,1,2,1,1,3
200600008554,0006-02-11 17:00:00,6,2,11,17,0,440,109,"19 bis, RUE DES REFORMES",,,Plein jour,En agglomération,Hors intersection,Normale,Autre collision,,,,,,,,,,,1,2,1,1,6
200600008555,0006-02-11 18:30:00,6,2,11,18,30,440,109,QUAI DE TOURVILLE,,,Plein jour,En agglomération,Hors intersection,Normale,Deux véhicules - frontale,,,,,,,,,,,1,2,1,1,1
200600008556,0006-02-12 19:50:00,6,2,12,19,50,440,109,"39, RUE DE LA MOISDONNIE",,,Nuit avec éclairage allumé,En agglomération,Hors intersection,Normale,Autre collision,,,,,,,,,,,5,2,1,1,6
200600008557,0006-02-10 00:55:00,6,2,10,0,55,440,143,"109, COMMUNE DE 1871 (RU",,,Nuit avec éclairage allumé,En agglomération,Hors intersection,Normale,Autre collision,,,,,,,,,,,5,2,1,1,6
200600008558,0006-02-13 12:45:00,6,2,13,12,45,440,109,"2, BD MARTYRS N. DE LA R",,,Plein jour,En agglomération,Hors intersection,Normale,Autre collision,,,,,,,,,,,1,2,1,1,6
200600008559,0006-02-11 12:55:00,6,2,11,12,55,440,114,RD 42,,,Plein jour,Hors agglomération,Hors intersection,Normale,Autre collision,,,,,,,,,,,1,1,1,1,6
200600008560,0006-02-14 16:40:00,6,2,14,16,40,440,109,RUE DE LA BASTILLE,,,Plein jour,En agglomération,Hors intersection,Normale,Autre collision,,,,,,,,,,,1,2,1,1,6
200600008561,0006-02-08 13:20:00,6,2,8,13,20,440,109,"7, RUE FELIBIEN",,,Plein jour,En agglomération,Intersection en T,Pluie légère,Autre collision,,,,,,,,,,,1,2,3,2,6
200600008562,0006-02-10 18:05:00,6,2,10,18,5,440,109,PONT DES 3 CONTINENTS,,,Crépuscule ou aube,En agglomération,Hors intersection,Autre,Autre collision,,,,,,,,,,,2,2,1,9,6
200600008563,0006-02-10 12:20:00,6,2,10,12,20,440,114,"0, PERIPHERIQUE ROUTIER",,,Plein jour,En agglomération,Hors intersection,Normale,Deux véhicules - côté,,,,,,,,,,,1,2,1,1,3
200600008564,0006-02-15 12:50:00,6,2,15,12,50,440,162,"42, AVENUE DES NAUDIERES",,,Plein jour,En agglomération,Hors intersection,Pluie légère,Autre collision,,,,,,,,,,,1,2,1,2,6
200600008565,0006-02-16 07:45:00,6,2,16,7,45,440,109,"81, BOULEVARD DES ANGLAI",,,Plein jour,En agglomération,Hors intersection,Pluie légère,Sans collision,,,,,,,,,,,1,2,1,2,7
200600008566,0006-02-15 16:05:00,6,2,15,16,5,440,143,"13, LE CORBUSIER (BOUL.)",,,Plein jour,En agglomération,Hors intersection,Normale,Deux véhicules - frontale,,,,,,,,,,,1,2,1,1,1
200600008567,0006-02-17 12:30:00,6,2,17,12,30,440,109,"40, RUE DE STRASBOURG",,,Plein jour,En agglomération,Intersection en T,Normale,Autre collision,,,,,,,,,,,1,2,3,1,6
200600008568,0006-02-14 11:35:00,6,2,14,11,35,440,109,BOULEVARD EMILE ROMANET,,,Plein jour,En agglomération,Hors intersection,Normale,Autre collision,,,,,,,,,,,1,2,1,1,6
200600008569,0006-02-18 11:10:00,6,2,18,11,10,440,109,BOULEVARD EMILE ROMANET,,,Plein jour,En agglomération,Intersection en T,Pluie légère,Deux véhicules - côté,,,,,,,,,,,1,2,3,2,3
200600008570,0006-02-18 14:45:00,6,2,18,14,45,440,109,PLACE DE JACKSONVILLE,,,Plein jour,En agglomération,Giratoire,Normale,Deux véhicules - arrière,,,,,,,,,,,1,2,6,1,2
200600008571,0006-02-20 21:25:00,6,2,20,21,25,440,109,LADMIRAULT (PL),,,Nuit avec éclairage allumé,En agglomération,Hors intersection,Normale,Deux véhicules - côté,,,,,,,,,,,5,2,1,1,3
200600008572,0006-02-21 00:45:00,6,2,21,0,45,440,109,"., QUAI DE LA FOSSE",,,Nuit avec éclairage allumé,En agglomération,Intersection en T,Pluie légère,Deux véhicules - côté,,,,,,,,,,,5,2,3,2,3
200600008573,0006-02-21 13:20:00,6,2,21,13,20,440,109,"., RUE SAINT MEDARD",,,Plein jour,En agglomération,Intersection en T,Normale,Deux véhicules - côté,,,,,,,,,,,1,2,3,1,3
200600008574,0006-02-21 17:35:00,6,2,21,17,35,440,109,"4, BOULEVARD VICTOR HUGO",,,Plein jour,En agglomération,Hors intersection,Normale,Deux véhicules - arrière,,,,,,,,,,,1,2,1,1,2
200600008575,0006-02-22 07:45:00,6,2,22,7,45,440,109,RUE GAETAN RONDEAU,,,Crépuscule ou aube,En agglomération,Hors intersection,Normale,Autre collision,,,,,,,,,,,2,2,1,1,6
200600008576,0006-02-21 16:40:00,6,2,21,16,40,440,114,PERIPHERIQUE ROUTIER,,,Plein jour,Hors agglomération,Hors intersection,Normale,Deux véhicules - arrière,,,,,,,,,,,1,1,1,1,2
200600008577,0006-02-22 17:20:00,6,2,22,17,20,440,109,"1, BOULEVARD ERNEST DALB",,,Plein jour,En agglomération,Hors intersection,Normale,Autre collision,,,,,,,,,,,1,2,1,1,6
200600008578,0006-02-27 15:25:00,6,2,27,15,25,440,109,BOULEVARD GABRIEL LAURIO,,,Plein jour,En agglomération,Hors intersection,Normale,Autre collision,,,,,,,,,,,1,2,1,1,6
200600008579,0006-02-27 22:00:00,6,2,27,22,0,440,109,RUE DE LA TREMISSINIERE,,,Nuit avec éclairage allumé,Hors agglomération,Intersection en X,Normale,Deux véhicules - côté,,,,,,,,,,,5,1,2,1,3
200600008580,0006-02-28 20:25:00,6,2,28,20,25,440,162,BOULEVARD SALVADOR ALLEN,,,Nuit avec éclairage allumé,En agglomération,Hors intersection,Normale,Autre collision,,,,,,,,,,,5,2,1,1,6
200600008581,0006-02-17 14:40:00,6,2,17,14,40,440,184,PARC A L'EAU (RUE DU),,,Plein jour,En agglomération,Intersection en X,Pluie légère,Deux véhicules - côté,,,,,,,,,,,1,2,2,2,3