accident_id,datetime,annee,mois,jour,heure,minute,departement,commune_insee,adresse,latitude,longitude,luminosite,agglomeration,intersection,meteo,collision,nb_vehicules,nb_usagers,nb_indemnes,nb_tues,nb_blesses_hosp,nb_blesses_legers,age_cond_1,age_cond_2,veh_type_cond_1,veh_type_cond_2,lum_code,agg_code,int_code,atm_code,col_code
200600008582,0006-02-18 17:30:00,6,2,18,17,30,440,184,"48, HUGO (BOULEVARD VICT",,,Plein jour,En agglomération,Intersection en T,Normale,Deux véhicules - côté,,,,,,,,,,,1,2,3,1,3
200600008583,0006-02-19 13:52:00,6,2,19,13,52,440,184,RD 47,,,Plein jour,Hors agglomération,Intersection en X,Normale,Trois véhicules et plus - collisions multiples,,,,,,,,,,,1,1,2,1,5
200600008584,0006-02-20 14:25:00,6,2,20,14,25,440,184,"01, LILAS (ALLÉE DES)",,,Plein jour,En agglomération,Intersection en X,Normale,Deux véhicules - côté,,,,,,,,,,,1,2,2,1,3
200600008585,0006-02-20 15:20:00,6,2,20,15,20,440,184,"12, BLANCHO (PLACE FRANÇ",,,Plein jour,En agglomération,Place,Normale,Sans collision,,,,,,,,,,,1,2,7,1,7
200600008586,0006-02-27 14:28:00,6,2,27,14,28,440,184,"22, CHENEVEAUX (RUE AUGU",,,Plein jour,En agglomération,Hors intersection,Normale,Sans collision,,,,,,,,,,,1,2,1,1,7
200600008587,0006-02-05 08:45:00,6,2,5,8,45,450,68,GIDE (RUE ANDRE),,,Plein jour,En agglomération,Hors intersection,Temps couvert,Autre collision,,,,,,,,,,,1,2,1,8,6
200600008588,0006-02-01 19:05:00,6,2,1,19,5,450,232,R.N. 271,,,Nuit avec éclairage allumé,En agglomération,Intersection en X,Brouillard / fumée,Autre collision,,,,,,,,,,,5,2,2,5,6
200600008589,0006-02-02 11:25:00,6,2,2,11,25,450,234,BANNIER (RUE),,,Plein jour,En agglomération,Intersection en X,Temps couvert,Autre collision,,,,,,,,,,,1,2,2,8,6
200600008590,0006-02-03 21:25:00,6,2,3,21,25,450,302,RN 60,,,Nuit avec éclairage allumé,En agglomération,Hors intersection,Normale,Autre collision,,,,,,,,,,,5,2,1,1,6
200600008591,0006-02-03 07:50:00,6,2,3,7,50,450,234,HUGO (BOULEVARD VICTOR H,,,Crépuscule ou aube,En agglomération,Intersection en T,Normale,Deux véhicules - côté,,,,,,,,,,,2,2,3,1,3
200600008592,0006-02-04 19:20:00,6,2,4,19,20,450,302,FOULONNERIE (IMPASSE DE,,,Nuit avec éclairage allumé,En agglomération,Intersection en X,Normale,Deux véhicules - côté,,,,,,,,,,,5,2,2,1,3
200600008593,0006-02-08 12:20:00,6,2,8,12,20,450,302,"1524, CHARTRES (ANCIENNE",,,Plein jour,En agglomération,Hors intersection,Normale,Sans collision,,,,,,,,,,,1,2,1,1,7
200600008594,0006-02-10 04:40:00,6,2,10,4,40,450,234,JOFFRE (PONT),,,Nuit avec éclairage allumé,En agglomération,Hors intersection,Normale,Autre collision,,,,,,,,,,,5,2,1,1,6
200600008595,0006-02-10 07:55:00,6,2,10,7,55,450,147,SEMARD (RUE PIERRE SEMAR,,,Plein jour,En agglomération,Intersection en T,Normale,Deux véhicules - frontale,,,,,,,,,,,1,2,3,1,1
200600008596,0006-02-03 13:30:00,6,2,3,13,30,450,234,ZAY (AVENUE JEAN ZAY),,,Plein jour,En agglomération,Hors intersection,Normale,Deux véhicules - arrière,,,,,,,,,,,1,2,1,1,2
200600008597,0006-02-12 21:30:00,6,2,12,21,30,450,302,CHARTRES (ANCIENNE ROUTE,,,Nuit avec éclairage allumé,En agglomération,Hors intersection,Pluie légère,Deux véhicules - frontale,,,,,,,,,,,5,2,1,2,1
200600008598,0006-02-13 09:15:00,6,2,13,9,15,450,234,RN 60,,,Plein jour,Hors agglomération,Hors intersection,Pluie légère,Autre collision,,,,,,,,,,,1,1,1,2,6
200600008599,0006-02-13 12:45:00,6,2,13,12,45,450,232,"284, BELOT (RUE MARCEL)",,,Plein jour,En agglomération,Hors intersection,Pluie légère,Autre collision,,,,,,,,,,,1,2,1,2,6
200600008600,0006-02-15 10:30:00,6,2,15,10,30,450,285,"36, GAMBETTA (RUE) COTE",,,Plein jour,En agglomération,Hors intersection,Pluie légère,Autre collision,,,,,,,,,,,1,2,1,2,6
200600008601,0006-02-17 15:15:00,6,2,17,15,15,450,302,"665, PASSE DEBOUT (RUE)",,,Plein jour,En agglomération,Hors intersection,Normale,Deux véhicules - côté,,,,,,,,,,,1,2,1,1,3
200600008602,0006-02-19 11:45:00,6,2,19,11,45,450,284,RN 60,47.92455,5.0,Plein jour,Hors agglomération,Hors intersection,Pluie légère,Deux véhicules - arrière,,,,,,,,,,,1,1,1,2,2
200600008603,0006-02-20 05:55:00,6,2,20,5,55,450,169,NATIONALE (ROUTE ),,,Nuit avec éclairage allumé,En agglomération,Intersection en T,Normale,Deux véhicules - côté,,,,,,,,,,,5,2,3,1,3
200600008604,0006-02-20 10:20:00,6,2,20,10,20,450,234,VERDUN (BOULEVARD DE),,,Plein jour,En agglomération,Hors intersection,Normale,Deux véhicules - arrière,,,,,,,,,,,1,2,1,1,2
200600008605,0006-02-22 09:10:00,6,2,22,9,10,450,302,CHARTRES (ANCIENNE ROUTE,,,Plein jour,En agglomération,Hors intersection,Normale,Deux véhicules - côté,,,,,,,,,,,1,2,1,1,3
200600008606,0006-02-24 15:15:00,6,2,24,15,15,450,147,"215, FOSSES (RUE DES FOS",,,Plein jour,En agglomération,Hors intersection,Normale,Autre collision,,,,,,,,,,,1,2,1,1,6
200600008607,0006-02-24 15:50:00,6,2,24,15,50,450,234,"68, CHATEAUDUN (BOULEVAR",,,Plein jour,En agglomération,Hors intersection,Normale,Deux véhicules - arrière,,,,,,,,,,,1,2,1,1,2
200600008608,0006-02-01 16:35:00,6,2,1,16,35,460,42,"275, GUYNEMER (AVENUE)",,,Plein jour,En agglomération,Autre intersection,Normale,Deux véhicules - frontale,,,,,,,,,,,1,2,9,1,1
200600008609,0006-02-23 14:20:00,6,2,23,14,20,460,224,"62, Gravettes( chemin de",,,Plein jour,En agglomération,Hors intersection,Normale,Trois véhicules et plus - en chaîne,,,,,,,,,,,1,2,1,1,4
200600008610,0006-02-27 12:00:00,6,2,27,12,0,460,156,"950, DEPARTEMENTALE 653",,,Plein jour,Hors agglomération,Hors intersection,Normale,Deux véhicules - côté,,,,,,,,,,,1,1,1,1,3
200600008611,0006-02-01 17:46:00,6,2,1,17,46,470,1,LECLERC (AV. DU GENERAL),,,Nuit avec éclairage allumé,En agglomération,Hors intersection,Normale,Autre collision,,,,,,,,,,,5,2,1,1,6
200600008612,0006-02-11 17:00:00,6,2,11,17,0,470,1,LACOUR (BD EDOUARD),,,Plein jour,En agglomération,Hors intersection,Normale,Deux véhicules - frontale,,,,,,,,,,,1,2,1,1,1
200600008613,0006-02-17 08:00:00,6,2,17,8,0,470,201,MARNE (AV. DE LA),,,Plein jour,En agglomération,Intersection en Y,Normale,Deux véhicules - arrière,,,,,,,,,,,1,2,4,1,2
200600008614,0006-02-17 14:30:00,6,2,17,14,30,470,1,JAURES (AV. JEAN),,,Plein jour,En agglomération,Intersection en X,Normale,Deux véhicules - arrière,,,,,,,,,,,1,2,2,1,2
200600008615,0006-02-16 16:00:00,6,2,16,16,0,470,1,MASSE (RUE DE LA),,,Plein jour,En agglomération,Hors intersection,Normale,Deux véhicules - côté,,,,,,,,,,,1,2,1,1,3
200600008616,0006-02-25 17:45:00,6,2,25,17,45,470,1,LACOUR (BD EDOUARD),,,Plein jour,En agglomération,Hors intersection,Normale,Autre collision,,,,,,,,,,,1,2,1,1,6
200600008617,0006-02-25 17:08:00,6,2,25,17,8,470,1,BARBUSSE (AV. HENRI),,,Plein jour,En agglomération,Hors intersection,Normale,Deux véhicules - côté,,,,,,,,,,,1,2,1,1,3
200600008618,0006-02-26 17:55:00,6,2,26,17,55,470,1,CUVIER (AV. GEORGES),,,Plein jour,En agglomération,Hors intersection,Normale,Deux véhicules - arrière,,,,,,,,,,,1,2,1,1,2
200600008619,0006-02-16 07:55:00,6,2,16,7,55,470,157,LIBERTE (BOULEVARD DE LA,,,Plein jour,En agglomération,Intersection en X,Pluie légère,Deux véhicules - côté,,,,,,,,,,,1,2,2,2,3
200600008620,0006-02-09 16:08:00,6,2,9,16,8,480,95,"9, PIENCOURT (ALLEE)",,,Plein jour,En agglomération,Intersection en T,Temps couvert,Deux véhicules - côté,,,,,,,,,,,1,2,3,8,3
200600008621,0006-02-13 14:55:00,6,2,13,14,55,480,95,"27, GORGES DU TARN (AVEN",,,Plein jour,En agglomération,Autre intersection,Normale,Trois véhicules et plus - collisions multiples,,,,,,,,,,,1,2,9,1,5
200600008622,0006-02-19 03:30:00,6,2,19,3,30,480,95,RD 42,,,Nuit sans éclairage public,Hors agglomération,Hors intersection,Autre,Autre collision,,,,,,,,,,,3,1,1,9,6
200600008623,0006-02-18 13:50:00,6,2,18,13,50,480,95,RD 42,,,Plein jour,Hors agglomération,Hors intersection,Normale,Sans collision,,,,,,,,,,,1,1,1,1,7
200600008624,0006-02-02 11:58:00,6,2,2,11,58,490,7,DESCAZEAUX BOULEVARD,,,Plein jour,En agglomération,Hors intersection,Pluie légère,Autre collision,,,,,,,,,,,1,2,1,2,6
200600008625,0006-02-02 18:41:00,6,2,2,18,41,490,7,"00, ARAGO BOULEVARD",,,Nuit sans éclairage public,En agglomération,Intersection en T,Normale,Deux véhicules - côté,,,,,,,,,,,3,2,3,1,3
200600008626,0006-02-02 07:43:00,6,2,2,7,43,490,7,"50, SAINT LEONARD",,,Nuit avec éclairage allumé,En agglomération,Hors intersection,Autre,Deux véhicules - côté,,,,,,,,,,,5,2,1,9,3
200600008627,0006-02-03 17:23:00,6,2,3,17,23,490,7,"20, ALSACE",,,Plein jour,En agglomération,Hors intersection,Normale,Autre collision,,,,,,,,,,,1,2,1,1,6
200600008628,0006-02-06 09:46:00,6,2,6,9,46,490,7,"00, MOULIN PONT ET PLACE",,,Plein jour,En agglomération,Hors intersection,Normale,Sans collision,,,,,,,,,,,1,2,1,1,7
200600008629,0006-02-06 09:08:00,6,2,6,9,8,490,7,"00, BIRGE BOULEVARD",,,Plein jour,En agglomération,Hors intersection,Normale,Deux véhicules - côté,,,,,,,,,,,1,2,1,1,3
200600008630,0006-02-06 22:03:00,6,2,6,22,3,490,7,"00, GAIN ( LOUIS)",,,Nuit avec éclairage allumé,En agglomération,Intersection en X,Normale,Deux véhicules - côté,,,,,,,,,,,5,2,2,1,3
200600008631,0006-02-04 09:40:00,6,2,4,9,40,490,7,"144, PATTON AVENUE",,,Plein jour,En agglomération,Hors intersection,Normale,Deux véhicules - arrière,,,,,,,,,,,1,2,1,1,2
200600008632,0006-02-08 09:48:00,6,2,8,9,48,490,7,"00, RECOUVREUR",,,Plein jour,En agglomération,Hors intersection,Normale,Autre collision,,,,,,,,,,,1,2,1,1,6
200600008633,0006-02-08 11:15:00,6,2,8,11,15,490,7,"00, ALLONNEAU(AUGUSTE) B",,,Plein jour,En agglomération,Intersection en X,Normale,Deux véhicules - côté,,,,,,,,,,,1,2,2,1,3
200600008634,0006-02-08 16:40:00,6,2,8,16,40,490,7,OSNABRUCK,,,Plein jour,En agglomération,Hors intersection,Temps couvert,Autre collision,,,,,,,,,,,1,2,1,8,6
200600008635,0006-02-08 12:29:00,6,2,8,12,29,490,7,"00, ATLANTIQUE  AVENUE D",,,Plein jour,En agglomération,Hors intersection,Normale,Trois véhicules et plus - collisions multiples,,,,,,,,,,,1,2,1,1,5
200600008636,0006-02-09 12:25:00,6,2,9,12,25,490,7,"00,  LAFAYETTE PLACE",,,Plein jour,En agglomération,Hors intersection,Normale,Autre collision,,,,,,,,,,,1,2,1,1,6
200600008637,0006-02-10 08:35:00,6,2,10,8,35,490,7,BEDIER BOULEVARD,,,Plein jour,En agglomération,Intersection en X,Temps éblouissant,Deux véhicules - côté,,,,,,,,,,,1,2,2,7,3
200600008638,0006-02-12 03:46:00,6,2,12,3,46,490,7,CANTENAY EPINARD ROUTE,,,Nuit sans éclairage public,Hors agglomération,Hors intersection,Normale,Autre collision,,,,,,,,,,,3,1,1,1,6
200600008639,0006-02-10 21:36:00,6,2,10,21,36,490,7,SAUMUROISE IMPASSE ET RU,,,Nuit avec éclairage allumé,En agglomération,Hors intersection,Normale,Deux véhicules - arrière,,,,,,,,,,,5,2,1,1,2
200600008640,0006-02-12 12:18:00,6,2,12,12,18,490,7,"00, CHAMBRE AUX DENIERS",,,Plein jour,En agglomération,Intersection en X,Normale,Autre collision,,,,,,,,,,,1,2,2,1,6
200600008641,0006-02-14 18:00:00,6,2,14,18,0,490,7,DUPETIT THOUARS,,,Plein jour,En agglomération,Hors intersection,Normale,Sans collision,,,,,,,,,,,1,2,1,1,7
200600008642,0006-02-15 17:45:00,6,2,15,17,45,490,7,"00, DE LATTRE DE TASSIGN",,,Crépuscule ou aube,En agglomération,Hors intersection,Pluie légère,Sans collision,,,,,,,,,,,2,2,1,2,7
200600008643,0006-02-09 16:09:00,6,2,9,16,9,490,15,DE GAULLE AVENUE DU GENE,,,Plein jour,En agglomération,Hors intersection,Normale,Sans collision,,,,,,,,,,,1,2,1,1,7
200600008644,0006-02-16 15:45:00,6,2,16,15,45,490,7,"0, DE LATTRE DE TASSIGNY",,,Plein jour,En agglomération,Hors intersection,Temps couvert,Autre collision,,,,,,,,,,,1,2,1,8,6
200600008645,0006-02-15 09:26:00,6,2,15,9,26,490,7,BAUMETTE CHEMIN,,,Plein jour,Hors agglomération,Hors intersection,Pluie légère,Sans collision,,,,,,,,,,,1,1,1,2,7
200600008646,0006-02-21 10:57:00,6,2,21,10,57,490,15,"00, LANDES CHEMIN DES",,,Plein jour,En agglomération,Intersection en T,Normale,Deux véhicules - côté,,,,,,,,,,,1,2,3,1,3
200600008647,0006-02-22 08:15:00,6,2,22,8,15,490,7,"00, VAUCANSSON",,,Plein jour,En agglomération,Hors intersection,Normale,Deux véhicules - côté,,,,,,,,,,,1,2,1,1,3
200600008648,0006-02-13 15:41:00,6,2,13,15,41,490,7,"20, OSNABRUCK",,,Plein jour,En agglomération,Hors intersection,Normale,Deux véhicules - côté,,,,,,,,,,,1,2,1,1,3
200600008649,0006-02-16 19:00:00,6,2,16,19,0,490,7,"00, SAUMUROISE IMPASSE E",,,Nuit avec éclairage allumé,En agglomération,Intersection en X,Normale,Deux véhicules - côté,,,,,,,,,,,5,2,2,1,3
200600008650,0006-02-27 02:29:00,6,2,27,2,29,490,7,"00, FOCH BOULEVARD",,,Nuit avec éclairage allumé,En agglomération,Intersection en T,Normale,Deux véhicules - côté,,,,,,,,,,,5,2,3,1,3
200600008651,0006-02-25 12:17:00,6,2,25,12,17,490,267,"00, RN 260",,,Plein jour,En agglomération,Hors intersection,Normale,Sans collision,,,,,,,,,,,1,2,1,1,7
200600008652,0006-02-25 17:39:00,6,2,25,17,39,490,7,"63, MILLOT BOULEVARD JAC",,,Plein jour,En agglomération,Hors intersection,Normale,Deux véhicules - arrière,,,,,,,,,,,1,2,1,1,2
200600008653,0006-02-27 17:34:00,6,2,27,17,34,490,246,"10 B, GALLIENI AVENUE",,,Plein jour,En agglomération,Hors intersection,Normale,Deux véhicules - côté,,,,,,,,,,,1,2,1,1,3
200600008654,0006-02-27 19:28:00,6,2,27,19,28,490,7,"15, KING MARTIN-LUTHER R",,,Nuit avec éclairage allumé,En agglomération,Hors intersection,Normale,Autre collision,,,,,,,,,,,5,2,1,1,6
200600008655,0006-02-28 17:45:00,6,2,28,17,45,490,7,"00, BOUCHEMAINE ROUTE",,,Plein jour,En agglomération,Giratoire,Normale,Autre collision,,,,,,,,,,,1,2,6,1,6
200600008656,0006-02-13 15:42:00,6,2,13,15,42,490,7,"20, OSNABRUCK",,,Plein jour,En agglomération,Hors intersection,Normale,Autre collision,,,,,,,,,,,1,2,1,1,6
200600008657,0006-02-13 15:25:00,6,2,13,15,25,490,99,"32, PORTE BARON (RUE DE",,,Plein jour,En agglomération,Intersection en X,Normale,Deux véhicules - côté,,,,,,,,,,,1,2,2,1,3
200600008658,0006-02-17 22:35:00,6,2,17,22,35,490,99,"1, FLECHE (RUE DE LA)",,,Nuit avec éclairage allumé,En agglomération,Hors intersection,Pluie légère,Autre collision,,,,,,,,,,,5,2,1,2,6
200600008659,0006-02-27 05:05:00,6,2,27,5,5,490,99,"15, POITOU (BOULEVARD DU",,,Nuit avec éclairage allumé,En agglomération,Intersection en T,Normale,Deux véhicules - côté,,,,,,,,,,,5,2,3,1,3
200600008660,0006-02-22 15:10:00,6,2,22,15,10,490,328,"sans, JUIN (BOULEVARD DU",,,Plein jour,En agglomération,Hors intersection,Normale,Deux véhicules - arrière,,,,,,,,,,,1,2,1,1,2
200600008661,0006-02-01 16:15:00,6,2,1,16,15,500,602,"0, MARITIME (BOULEVARD)",,,Plein jour,En agglomération,Hors intersection,Normale,Deux véhicules - côté,,,,,,,,,,,1,2,1,1,3
200600008662,0006-02-03 07:45:00,6,2,3,7,45,500,602,"00, METIERS (RUE DES)",,,Nuit avec éclairage allumé,En agglomération,Intersection en T,Normale,Deux véhicules - côté,,,,,,,,,,,5,2,3,1,3
200600008663,0006-02-04 19:40:00,6,2,4,19,40,500,129,"187, PARIS (AVENUE DE)",,,Nuit avec éclairage allumé,En agglomération,Intersection en T,Normale,Deux véhicules - côté,,,,,,,,,,,5,2,3,1,3
200600008664,0006-02-04 19:30:00,6,2,4,19,30,500,129,"00, MILLET (AVENUE JEAN-",,,Nuit avec éclairage allumé,En agglomération,Hors intersection,Normale,Deux véhicules - côté,,,,,,,,,,,5,2,1,1,3
200600008665,0006-02-09 16:05:00,6,2,9,16,5,500,129,NAPOLEON (PLACE),,,Plein jour,En agglomération,Hors intersection,Normale,Deux véhicules - côté,,,,,,,,,,,1,2,1,1,3
200600008666,0006-02-10 18:20:00,6,2,10,18,20,500,203,R N 13,,,Crépuscule ou aube,Hors agglomération,Hors intersection,Normale,Deux véhicules - côté,,,,,,,,,,,2,1,1,1,3
200600008667,0006-02-13 17:45:00,6,2,13,17,45,500,203,"591, BLUM (RUE LEON)",,,Crépuscule ou aube,En agglomération,Hors intersection,Normale,Sans collision,,,,,,,,,,,2,2,1,1,7
200600008668,0006-02-15 13:45:00,6,2,15,13,45,500,129,"00, ATLANTIQUE (BOULEVAR",,,Plein jour,En agglomération,Intersection en X,Normale,Deux véhicules - côté,,,,,,,,,,,1,2,2,1,3
200600008669,0006-02-16 11:55:00,6,2,16,11,55,500,129,"0, THIVET (AVENUE)",,,Plein jour,En agglomération,Intersection en X,Normale,Deux véhicules - côté,,,,,,,,,,,1,2,2,1,3
200600008670,0006-02-18 15:50:00,6,2,18,15,50,500,129,"00, NORMANDIE (AVENUE DE",,,Plein jour,En agglomération,Hors intersection,Pluie légère,Deux véhicules - arrière,,,,,,,,,,,1,2,1,2,2
200600008671,0006-02-18 17:40:00,6,2,18,17,40,500,602,SOURDS (ROUTE DES),,,Plein jour,En agglomération,Hors intersection,Normale,Deux véhicules - frontale,,,,,,,,,,,1,2,1,1,1
200600008672,0006-02-19 16:30:00,6,2,19,16,30,500,129,"00, Quai Lawton COLLINS",,,Plein jour,En agglomération,Hors intersection,Normale,Sans collision,,,,,,,,,,,1,2,1,1,7
200600008673,0006-02-20 07:05:00,6,2,20,7,5,500,129,VAL DE SAIRE (RUE DU),,,Nuit avec éclairage allumé,En agglomération,Intersection en X,Normale,Deux véhicules - côté,,,,,,,,,,,5,2,2,1,3
200600008674,0006-02-20 17:45:00,6,2,20,17,45,500,129,"26, SALENGRO (RUE ROGER)",,,Plein jour,En agglomération,Hors intersection,Normale,Sans collision,,,,,,,,,,,1,2,1,1,7
200600008675,0006-02-21 09:35:00,6,2,21,9,35,500,129,"0, ASSELIN (RUE)",,,Plein jour,En agglomération,Hors intersection,Normale,Sans collision,,,,,,,,,,,1,2,1,1,7
200600008676,0006-02-22 12:05:00,6,2,22,12,5,500,129,"00, VAL DE SAIRE (RUE DU",,,Plein jour,En agglomération,Intersection en T,Temps couvert,Sans collision,,,,,,,,,,,1,2,3,8,7
200600008677,0006-02-24 11:45:00,6,2,24,11,45,500,203,"0, AXE NORD SUD",,,Plein jour,En agglomération,Hors intersection,Normale,Autre collision,,,,,,,,,,,1,2,1,1,6
200600008678,0006-02-18 09:55:00,6,2,18,9,55,500,147,SAINT MALO,,,Plein jour,Hors agglomération,Hors intersection,Temps couvert,Autre collision,,,,,,,,,,,1,1,1,8,6
200600008679,0006-02-08 07:40:00,6,2,8,7,40,500,218,MATIGNON (AV DES),,,Nuit avec éclairage allumé,En agglomération,Autre intersection,Pluie légère,Autre collision,,,,,,,,,,,5,2,9,2,6
200600008680,0006-02-17 17:05:00,6,2,17,17,5,500,218,"37, JAURES (RUE )",,,Plein jour,En agglomération,Intersection en X,Temps éblouissant,Deux véhicules - côté,,,,,,,,,,,1,2,2,7,3
200600008681,0006-02-28 11:25:00,6,2,28,11,25,500,165,"2, THOMAS GIODANO (RUE)",,,Plein jour,En agglomération,Hors intersection,Normale,Autre collision,,,,,,,,,,,1,2,1,1,6
200600008682,0006-02-01 15:35:00,6,2,1,15,35,510,454,"0, CHAUFFERIE (IMPASSE D",,,Plein jour,En agglomération,Intersection en T,Normale,Deux véhicules - côté,,,,,,,,,,,1,2,3,1,3
200600008683,0006-02-01 13:05:00,6,2,1,13,5,510,454,"18, FAUCHER (RUE LEON)",,,Plein jour,En agglomération,Intersection en X,Normale,Deux véhicules - côté,,,,,,,,,,,1,2,2,1,3
200600008684,0006-02-04 12:05:00,6,2,4,12,5,510,454,"28, JOFFRE (BOULEVARD)",,,Plein jour,En agglomération,Hors intersection,Temps couvert,Deux véhicules - arrière,,,,,,,,,,,1,2,1,8,2
200600008685,0006-02-08 05:55:00,6,2,8,5,55,510,454,COURCELLES (RUE DE) DU 2,,,Nuit avec éclairage allumé,En agglomération,Intersection en T,Pluie légère,Deux véhicules - côté,,,,,,,,,,,5,2,3,2,3
200600008686,0006-02-07 18:20:00,6,2,7,18,20,510,454,CHAMPAGNE   (  AVENUE DE,,,Nuit avec éclairage allumé,En agglomération,Hors intersection,Temps couvert,Trois véhicules et plus - en chaîne,,,,,,,,,,,5,2,1,8,4
200600008687,0006-02-10 13:10:00,6,2,10,13,10,510,454,DEFENSE (ROND-POINT DE L,,,Plein jour,En agglomération,Giratoire,Normale,Autre collision,,,,,,,,,,,1,2,6,1,6
200600008688,0006-02-17 15:45:00,6,2,17,15,45,510,454,"24, LENOIR (RUE CAMILLE)",,,Plein jour,En agglomération,Hors intersection,Normale,Deux véhicules - côté,,,,,,,,,,,1,2,1,1,3
200600008689,0006-02-18 18:30:00,6,2,18,18,30,510,454,ALBERT 1ER (BOULEVARD),,,Nuit avec éclairage allumé,En agglomération,Intersection en X,Pluie légère,Deux véhicules - frontale,,,,,,,,,,,5,2,2,2,1
200600008690,0006-02-19 20:10:00,6,2,19,20,10,510,454,"09, BARTHOU (BOULEVARD L",,,Nuit avec éclairage allumé,En agglomération,Hors intersection,Pluie légère,Autre collision,,,,,,,,,,,5,2,1,2,6
200600008691,0006-02-20 17:55:00,6,2,20,17,55,510,172,"1, CHANZY (RUE)",,,Crépuscule ou aube,En agglomération,Intersection en X,Temps couvert,Deux véhicules - côté,,,,,,,,,,,2,2,2,8,3
200600008692,0006-02-21 14:00:00,6,2,21,14,0,510,454,LESAGE (RUE),,,Plein jour,En agglomération,Intersection à plus de 4 branches,Temps couvert,Deux véhicules - côté,,,,,,,,,,,1,2,5,8,3
200600008693,0006-02-03 18:10:00,6,2,3,18,10,520,121,"0, ROBESPIERRE (RUE)",,,Nuit avec éclairage allumé,En agglomération,Intersection en X,Normale,Deux véhicules - côté,,,,,,,,,,,5,2,2,1,3
200600008694,0006-02-02 04:45:00,6,2,2,4,45,520,121,", VOIE COMMUNALE 03",,,Nuit sans éclairage public,Hors agglomération,Hors intersection,Brouillard / fumée,Autre collision,,,,,,,,,,,3,1,1,5,6
200600008695,0006-02-05 13:35:00,6,2,5,13,35,520,448,ALSACE LORRAINE (AVENUE,,,Plein jour,En agglomération,Intersection en T,Normale,Deux véhicules - côté,,,,,,,,,,,1,2,3,1,3
200600008696,0006-02-11 13:30:00,6,2,11,13,30,520,448,"343, REPUBLIQUE (AVE DE",,,Plein jour,En agglomération,Hors intersection,Normale,Autre collision,,,,,,,,,,,1,2,1,1,6
200600008697,0006-02-12 22:05:00,6,2,12,22,5,520,448,VERDUN (AVENUE DE) IMPAI,,,Nuit avec éclairage allumé,En agglomération,Autre intersection,Neige / grêle,Deux véhicules - côté,,,,,,,,,,,5,2,9,4,3
200600008698,0006-02-15 18:45:00,6,2,15,18,45,530,54,RD 162,,,Nuit sans éclairage public,En agglomération,Hors intersection,Pluie forte,Deux véhicules - côté,,,,,,,,,,,3,2,1,3,3
200600008699,0006-02-16 12:40:00,6,2,16,12,40,530,201,RD 500 VERS LAVAL,,,Plein jour,Hors agglomération,Hors intersection,Normale,Sans collision,,,,,,,,,,,1,1,1,1,7
200600008700,0006-02-17 09:25:00,6,2,17,9,25,530,130,RD 21,,,Plein jour,Hors agglomération,Intersection en X,Autre,Deux véhicules - côté,,,,,,,,,,,1,1,2,9,3
200600008701,0006-02-18 22:00:00,6,2,18,22,0,530,201,"34, LECLERC ( AVENUE DU",,,Nuit avec éclairage allumé,En agglomération,Hors intersection,Pluie légère,Sans collision,,,,,,,,,,,5,2,1,2,7
200600008702,0006-02-01 00:18:00,6,2,1,0,18,540,395,"1, FRANCE (AVENUE ANATOL",,,Nuit avec éclairage allumé,En agglomération,Intersection en X,Autre,Autre collision,,,,,,,,,,,5,2,2,9,6
200600008703,0006-02-01 07:50:00,6,2,1,7,50,540,304,"3, VEZOUZE (RUE DE LA)",,,Plein jour,En agglomération,Intersection en T,Normale,Autre collision,,,,,,,,,,,1,2,3,1,6
200600008704,0006-02-01 11:00:00,6,2,1,11,0,540,395,SAINT DIZIER (RUE 2 A 80,,,Plein jour,En agglomération,Intersection en X,Normale,Autre collision,,,,,,,,,,,1,2,2,1,6
200600008705,0006-02-01 19:00:00,6,2,1,19,0,540,395,"357ter, LECLERC (AV DU G",,,Nuit avec éclairage allumé,En agglomération,Intersection en T,Normale,Sans collision,,,,,,,,,,,5,2,3,1,7
200600008706,0006-02-03 07:10:00,6,2,3,7,10,540,395,RN 74,,,Nuit avec éclairage allumé,Hors agglomération,Hors intersection,Pluie légère,Autre collision,,,,,,,,,,,5,1,1,2,6
200600008707,0006-02-03 15:40:00,6,2,3,15,40,540,395,"4, TISSERANT (RUE DU CAR",,,Plein jour,En agglomération,Hors intersection,Normale,Deux véhicules - côté,,,,,,,,,,,1,2,1,1,3
200600008708,0006-02-06 12:25:00,6,2,6,12,25,540,547,BRIAND (RUE ARISTIDE),,,Plein jour,En agglomération,Hors intersection,Normale,Trois véhicules et plus - collisions multiples,,,,,,,,,,,1,2,1,1,5
200600008709,0006-02-09 16:05:00,6,2,9,16,5,540,547,LECLERC (AVENUE DU GENER,,,Plein jour,En agglomération,Intersection en T,Neige / grêle,Deux véhicules - arrière,,,,,,,,,,,1,2,3,4,2
200600008710,0006-02-09 19:05:00,6,2,9,19,5,540,357,RD 30,,,Nuit avec éclairage allumé,En agglomération,Hors intersection,Normale,Deux véhicules - frontale,,,,,,,,,,,5,2,1,1,1
200600008711,0006-02-10 10:25:00,6,2,10,10,25,540,395,BATAILLE (QUAI DE LA),,,Plein jour,En agglomération,Intersection en X,Normale,Autre collision,,,,,,,,,,,1,2,2,1,6
200600008712,0006-02-10 13:44:00,6,2,10,13,44,540,304,"1, EUROPE (AVENUE DE L')",,,Plein jour,En agglomération,Intersection en X,Normale,Autre collision,,,,,,,,,,,1,2,2,1,6
200600008713,0006-02-11 17:00:00,6,2,11,17,0,540,395,"32 Bis, COMMANDERIE (RUE",,,Plein jour,En agglomération,Intersection en T,Normale,Autre collision,,,,,,,,,,,1,2,3,1,6
200600008714,0006-02-15 13:55:00,6,2,15,13,55,540,395,"1, GEBHART (RUE EMILE)",,,Plein jour,En agglomération,Intersection en X,Pluie légère,Deux véhicules - arrière,,,,,,,,,,,1,2,2,2,2