accident_id,datetime,annee,mois,jour,heure,minute,departement,commune_insee,adresse,latitude,longitude,luminosite,agglomeration,intersection,meteo,collision,nb_vehicules,nb_usagers,nb_indemnes,nb_tues,nb_blesses_hosp,nb_blesses_legers,age_cond_1,age_cond_2,veh_type_cond_1,veh_type_cond_2,lum_code,agg_code,int_code,atm_code,col_code
200600008844,0006-02-14 15:40:00,6,2,14,15,40,590,9,LABROUSSE RUE DES EPOUX,,,Plein jour,En agglomération,Intersection en Y,Pluie légère,Deux véhicules - arrière,,,,,,,,,,,1,2,4,2,2
200600008845,0006-02-16 17:00:00,6,2,16,17,0,590,648,"N 61, HAUBOURDIN RUE D",,,Plein jour,En agglomération,Hors intersection,Normale,Autre collision,,,,,,,,,,,1,2,1,1,6
200600008846,0006-02-17 12:30:00,6,2,17,12,30,590,350,"Sans objet, BRETELLE SOR",,,Plein jour,En agglomération,Hors intersection,Pluie légère,Autre collision,,,,,,,,,,,1,2,1,2,6
200600008847,0006-02-17 13:00:00,6,2,17,13,0,590,193,"GUSTAVE DELORY, RUE",,,Plein jour,En agglomération,Intersection en X,Normale,Autre collision,,,,,,,,,,,1,2,2,1,6
200600008848,0006-02-19 17:10:00,6,2,19,17,10,590,350,DEBERDT ALBERT RUE,,,Plein jour,En agglomération,Hors intersection,Pluie légère,Deux véhicules - côté,,,,,,,,,,,1,2,1,2,3
200600008849,0006-02-20 12:30:00,6,2,20,12,30,590,368,"00, SALENGRO ROGER RUE",,,Plein jour,En agglomération,Intersection en X,Temps couvert,Autre collision,,,,,,,,,,,1,2,2,8,6
200600008850,0006-02-20 15:20:00,6,2,20,15,20,590,360,"Sans objet, GHESQUIERE H",,,Plein jour,En agglomération,Intersection en T,Pluie forte,Deux véhicules - côté,,,,,,,,,,,1,2,3,3,3
200600008851,0006-02-20 14:30:00,6,2,20,14,30,590,9,CORNEILLE RUE,,,Plein jour,En agglomération,Intersection en T,Pluie légère,Deux véhicules - côté,,,,,,,,,,,1,2,3,2,3
200600008852,0006-02-22 19:15:00,6,2,22,19,15,590,350,CORDONNIER DENIS AVENUE,,,Crépuscule ou aube,En agglomération,Intersection en T,Normale,Autre collision,,,,,,,,,,,2,2,3,1,6
200600008853,0006-02-22 03:05:00,6,2,22,3,5,590,350,SOLFERINO RUE N°1 A 159,,,Nuit avec éclairage allumé,En agglomération,Hors intersection,Normale,Autre collision,,,,,,,,,,,5,2,1,1,6
200600008854,0006-02-25 11:00:00,6,2,25,11,0,590,9,ALBERT 1ER BOULEVARD,,,Plein jour,En agglomération,Hors intersection,Normale,Autre collision,,,,,,,,,,,1,2,1,1,6
200600008855,0006-02-25 20:55:00,6,2,25,20,55,590,350,"Sans objet, FOCH AVENUE",,,Crépuscule ou aube,En agglomération,Intersection en X,Normale,Autre collision,,,,,,,,,,,2,2,2,1,6
200600008856,0006-02-27 11:50:00,6,2,27,11,50,590,350,"Sans objet, LITTRE RUE",,,Plein jour,En agglomération,Intersection en T,Pluie légère,Autre collision,,,,,,,,,,,1,2,3,2,6
200600008857,0006-02-23 12:15:00,6,2,23,12,15,590,350,"300, FAUBOURG D'ARRAS RU",,,Plein jour,En agglomération,Intersection en T,Normale,Autre collision,,,,,,,,,,,1,2,3,1,6
200600008858,0006-02-27 12:10:00,6,2,27,12,10,590,636,MARQUETTE RUE DE,,,Plein jour,En agglomération,Hors intersection,Normale,Autre collision,,,,,,,,,,,1,2,1,1,6
200600008859,0006-02-28 10:20:00,6,2,28,10,20,590,350,"125, LANNOY RUE",,,Plein jour,En agglomération,Intersection en X,Pluie légère,Autre collision,,,,,,,,,,,1,2,2,2,6
200600008860,0006-02-28 09:30:00,6,2,28,9,30,590,368,MOULIN RUE DU,,,Plein jour,En agglomération,Intersection en X,Pluie légère,Deux véhicules - frontale,,,,,,,,,,,1,2,2,2,1
200600008861,0006-02-28 18:30:00,6,2,28,18,30,590,609,"68, SECLIN RUE DE",,,Crépuscule ou aube,En agglomération,Hors intersection,Normale,Autre collision,,,,,,,,,,,2,2,1,1,6
200600008862,0006-02-28 17:10:00,6,2,28,17,10,590,350,"48, BASSEE RUE DE LA",,,Plein jour,En agglomération,Hors intersection,Normale,Autre collision,,,,,,,,,,,1,2,1,1,6
200600008863,0006-02-02 08:00:00,6,2,2,8,0,590,291,JULES CAMPAGNE (RUE),,,Plein jour,En agglomération,Intersection en T,Brouillard / fumée,Deux véhicules - côté,,,,,,,,,,,1,2,3,5,3
200600008864,0006-02-14 01:00:00,6,2,14,1,0,590,392,FEIGNIES (ROUTE DE),,,Nuit avec éclairage allumé,En agglomération,Intersection en Y,Normale,Autre collision,,,,,,,,,,,5,2,4,1,6
200600008865,0006-02-15 18:25:00,6,2,15,18,25,590,230,PARKING,,,Crépuscule ou aube,En agglomération,Hors intersection,Normale,Autre collision,,,,,,,,,,,2,2,1,1,6
200600008866,0006-02-24 18:40:00,6,2,24,18,40,590,392,"43, ELESMES (ROUTE D')",,,Nuit avec éclairage allumé,En agglomération,Hors intersection,Normale,Deux véhicules - côté,,,,,,,,,,,5,2,1,1,3
200600008867,0006-02-27 19:45:00,6,2,27,19,45,590,392,JEAN JAURES (AVENUE),,,Nuit avec éclairage allumé,En agglomération,Intersection en T,Temps couvert,Deux véhicules - arrière,,,,,,,,,,,5,2,3,8,2
200600008868,0006-02-04 15:50:00,6,2,4,15,50,590,512,NATIONS UNIES (AVENUE DE,,,Plein jour,En agglomération,Intersection en X,Normale,Autre collision,,,,,,,,,,,1,2,2,1,6
200600008869,0006-02-06 16:55:00,6,2,6,16,55,590,512,JAURES (AVENUE JEAN),,,Plein jour,En agglomération,Intersection en T,Normale,Deux véhicules - frontale,,,,,,,,,,,1,2,3,1,1
200600008870,0006-02-08 00:01:00,6,2,8,0,1,590,512,VOLTAIRE (RUE),,,Nuit avec éclairage allumé,En agglomération,Intersection en X,Normale,Deux véhicules - frontale,,,,,,,,,,,5,2,2,1,1
200600008871,0006-02-02 07:50:00,6,2,2,7,50,590,646,TRIEZ (RUE DU),,,Crépuscule ou aube,En agglomération,Hors intersection,Temps couvert,Autre collision,,,,,,,,,,,2,2,1,8,6
200600008872,0006-02-02 13:45:00,6,2,2,13,45,590,598,DEPORTES (RUE DES),,,Plein jour,En agglomération,Hors intersection,Normale,Deux véhicules - côté,,,,,,,,,,,1,2,1,1,3
200600008873,0006-02-04 10:50:00,6,2,4,10,50,590,512,ORAN (RUE D'),,,Plein jour,En agglomération,Intersection en X,Normale,Deux véhicules - côté,,,,,,,,,,,1,2,2,1,3
200600008874,0006-02-07 09:55:00,6,2,7,9,55,590,646,FLANDRE (AVENUE DE),,,Plein jour,En agglomération,Intersection en X,Normale,Autre collision,,,,,,,,,,,1,2,2,1,6
200600008875,0006-02-10 16:08:00,6,2,10,16,8,590,512,DUNKERQUE (QUAI DE),,,Plein jour,En agglomération,Intersection en X,Normale,Deux véhicules - arrière,,,,,,,,,,,1,2,2,1,2
200600008876,0006-02-13 08:00:00,6,2,13,8,0,590,163,FLANDRE (AVENUE DE),,,Crépuscule ou aube,En agglomération,Intersection en X,Pluie forte,Deux véhicules - côté,,,,,,,,,,,2,2,2,3,3
200600008877,0006-02-17 00:05:00,6,2,17,0,5,590,646,GRAND COTTIGNIES (AVENUE,,,Nuit avec éclairage allumé,Hors agglomération,Hors intersection,Pluie légère,Deux véhicules - arrière,,,,,,,,,,,5,1,1,2,2
200600008878,0006-02-17 12:40:00,6,2,17,12,40,590,512,MONTESQUIEU (BOULEVARD),,,Plein jour,En agglomération,Hors intersection,Pluie légère,Deux véhicules - arrière,,,,,,,,,,,1,2,1,2,2
200600008879,0006-02-10 20:30:00,6,2,10,20,30,590,646,FLANDRE (AVENUE DE),,,Nuit avec éclairage allumé,En agglomération,Hors intersection,Normale,Deux véhicules - côté,,,,,,,,,,,5,2,1,1,3
200600008880,0006-02-17 07:30:00,6,2,17,7,30,590,163,HANNART (AVENUE GEORGES),,,Nuit avec éclairage allumé,En agglomération,Intersection en X,Temps couvert,Autre collision,,,,,,,,,,,5,2,2,8,6
200600008881,0006-02-17 16:00:00,6,2,17,16,0,590,512,MICHELET (RUE JULES),,,Plein jour,En agglomération,Intersection en X,Pluie légère,Deux véhicules - côté,,,,,,,,,,,1,2,2,2,3
200600008882,0006-02-16 08:30:00,6,2,16,8,30,590,512,ALSACE (AVENUE D'),,,Crépuscule ou aube,En agglomération,Intersection en T,Temps couvert,Deux véhicules - frontale,,,,,,,,,,,2,2,3,8,1
200600008883,0006-02-15 07:40:00,6,2,15,7,40,590,512,DELORY  (AVENUE GUSTAVE),,,Nuit avec éclairage allumé,En agglomération,Hors intersection,Pluie légère,Autre collision,,,,,,,,,,,5,2,1,2,6
200600008884,0006-02-08 14:45:00,6,2,8,14,45,590,512,DE GAULLE  (BOULEVARD DU,,,Plein jour,En agglomération,Hors intersection,Normale,Autre collision,,,,,,,,,,,1,2,1,1,6
200600008885,0006-02-27 18:55:00,6,2,27,18,55,590,163,GARE (RUE DE LA),,,Nuit avec éclairage allumé,En agglomération,Intersection en X,Pluie légère,Autre collision,,,,,,,,,,,5,2,2,2,6
200600008886,0006-02-25 13:00:00,6,2,25,13,0,590,650,POTENTE (RUE DE LA),,,Plein jour,En agglomération,Hors intersection,Normale,Deux véhicules - frontale,,,,,,,,,,,1,2,1,1,1
200600008887,0006-02-27 20:55:00,6,2,27,20,55,590,512,COMMUNAUTE URBAINE (RUE,,,Nuit avec éclairage allumé,En agglomération,Intersection en X,Normale,Deux véhicules - arrière,,,,,,,,,,,5,2,2,1,2
200600008888,0006-02-28 08:30:00,6,2,28,8,30,590,299,CD 700,,,Plein jour,Hors agglomération,Hors intersection,Normale,Trois véhicules et plus - en chaîne,,,,,,,,,,,1,1,1,1,4
200600008889,0006-02-25 11:11:00,6,2,25,11,11,590,650,CATTEAU (RUE PIERRE),,,Plein jour,En agglomération,Hors intersection,Normale,Deux véhicules - arrière,,,,,,,,,,,1,2,1,1,2
200600008890,0006-02-28 19:25:00,6,2,28,19,25,590,650,GUESDE (RUE JULES),,,Crépuscule ou aube,En agglomération,Intersection en T,Pluie légère,Deux véhicules - côté,,,,,,,,,,,2,2,3,2,3
200600008891,0006-02-20 17:30:00,6,2,20,17,30,590,650,LEBAS (RUE JEAN BAPTISTE,,,Plein jour,En agglomération,Intersection en X,Pluie légère,Deux véhicules - côté,,,,,,,,,,,1,2,2,2,3
200600008892,0006-02-26 11:10:00,6,2,26,11,10,590,650,BOSSUET (ALLEE),,,Plein jour,Hors agglomération,Hors intersection,Normale,Sans collision,,,,,,,,,,,1,1,1,1,7
200600008893,0006-02-02 04:55:00,6,2,2,4,55,590,574,"0,, RN 455",,,Nuit sans éclairage public,Hors agglomération,Hors intersection,Normale,Deux véhicules - frontale,,,,,,,,,,,3,1,1,1,1
200600008894,0006-02-08 17:40:00,6,2,8,17,40,590,599,MONTAIGNE (RUE),,,Plein jour,En agglomération,Intersection en X,Normale,Deux véhicules - côté,,,,,,,,,,,1,2,2,1,3
200600008895,0006-02-25 20:45:00,6,2,25,20,45,590,421,"19, FOCH (AVENUE DU MARE",,,Nuit avec éclairage allumé,En agglomération,Intersection en X,Normale,Trois véhicules et plus - collisions multiples,,,,,,,,,,,5,2,2,1,5
200600008896,0006-02-26 23:05:00,6,2,26,23,5,590,279,"179, LILLE (RUE DE)",,,Nuit avec éclairage allumé,En agglomération,Hors intersection,Normale,Deux véhicules - côté,,,,,,,,,,,5,2,1,1,3
200600008897,0006-02-28 09:15:00,6,2,28,9,15,590,599,CARLIERS (RUE DES),,,Plein jour,En agglomération,Hors intersection,Pluie légère,Deux véhicules - côté,,,,,,,,,,,1,2,1,2,3
200600008898,0006-02-28 11:40:00,6,2,28,11,40,590,599,"73, ARMENTIERES (RUE D')",,,Plein jour,En agglomération,Hors intersection,Pluie légère,Autre collision,,,,,,,,,,,1,2,1,2,6
200600008899,0006-02-11 04:50:00,6,2,11,4,50,590,544,RD 75,,,Nuit sans éclairage public,Hors agglomération,Hors intersection,Autre,Autre collision,,,,,,,,,,,3,1,1,9,6
200600008900,0006-02-04 20:05:00,6,2,4,20,5,590,606,"56, REIMS (AVENUE DE)",,,Nuit avec éclairage allumé,En agglomération,Hors intersection,Normale,Autre collision,,,,,,,,,,,5,2,1,1,6
200600008901,0006-02-18 01:05:00,6,2,18,1,5,590,606,"10, WATTEAU (BOULEVARD)",,,Nuit avec éclairage allumé,En agglomération,Hors intersection,Normale,Autre collision,,,,,,,,,,,5,2,1,1,6
200600008902,0006-02-11 20:20:00,6,2,11,20,20,590,613,RD 50,,,Nuit sans éclairage public,Hors agglomération,Intersection en T,Normale,Deux véhicules - côté,,,,,,,,,,,3,1,3,1,3
200600008903,0006-02-18 04:50:00,6,2,18,4,50,590,491,SALENGRO (RUE ROGER),,,Nuit avec éclairage allumé,En agglomération,Hors intersection,Pluie légère,Autre collision,,,,,,,,,,,5,2,1,2,6
200600008904,0006-02-11 17:40:00,6,2,11,17,40,590,606,DENAIN (AVENUE DE),,,Plein jour,En agglomération,Intersection en Y,Normale,Autre collision,,,,,,,,,,,1,2,4,1,6
200600008905,0006-02-22 06:00:00,6,2,22,6,0,590,459,JACQUARD (RUE JOSEPH MAR,,,Crépuscule ou aube,Hors agglomération,Hors intersection,Normale,Sans collision,,,,,,,,,,,2,1,1,1,7
200600008906,0006-02-01 13:40:00,6,2,1,13,40,590,613,RD 50,,,Plein jour,Hors agglomération,Hors intersection,Normale,Autre collision,,,,,,,,,,,1,1,1,1,6
200600008907,0006-02-10 13:30:00,6,2,10,13,30,590,515,RN 30,,,Plein jour,Hors agglomération,Hors intersection,Normale,Deux véhicules - côté,,,,,,,,,,,1,1,1,1,3
200600008908,0006-02-04 11:05:00,6,2,4,11,5,600,57,ROCADE NORD -NOTRE DAME,,,Nuit sans éclairage public,Hors agglomération,Hors intersection,Autre,Sans collision,,,,,,,,,,,3,1,1,9,7
200600008909,0006-02-09 12:40:00,6,2,9,12,40,600,57,"10, PAIX (AVENUE DE LA)",,,Plein jour,En agglomération,Hors intersection,Normale,Autre collision,,,,,,,,,,,1,2,1,1,6
200600008910,0006-02-10 16:50:00,6,2,10,16,50,600,57,"6, TAPISSERIE (RUE DE LA",,,Plein jour,En agglomération,Hors intersection,Normale,Autre collision,,,,,,,,,,,1,2,1,1,6
200600008911,0006-02-27 14:30:00,6,2,27,14,30,600,159,RN 131,,,Plein jour,En agglomération,Intersection en T,Temps couvert,Autre collision,,,,,,,,,,,1,2,3,8,6
200600008912,0006-02-06 17:15:00,6,2,6,17,15,600,601,BLANC (RUE LOUIS),,,Plein jour,En agglomération,Hors intersection,Normale,Autre collision,,,,,,,,,,,1,2,1,1,6
200600008913,0006-02-18 17:45:00,6,2,18,17,45,600,601,RN 16_PONT RN 330_PONT Z,,,Plein jour,Hors agglomération,Intersection en Y,Temps couvert,Deux véhicules - côté,,,,,,,,,,,1,1,4,8,3
200600008914,0006-02-04 17:05:00,6,2,4,17,5,610,1,"00, MARTIN LUTHER KING (",,,Plein jour,En agglomération,Hors intersection,Normale,Autre collision,,,,,,,,,,,1,2,1,1,6
200600008915,0006-02-14 17:05:00,6,2,14,17,5,610,169,"16, PIERRE HUET (RUE)",,,Plein jour,En agglomération,Hors intersection,Pluie légère,Sans collision,,,,,,,,,,,1,2,1,2,7
200600008916,0006-02-07 12:30:00,6,2,7,12,30,610,169,"1, JULES GEVELOT (RUE)",,,Plein jour,En agglomération,Intersection en X,Pluie légère,Deux véhicules - côté,,,,,,,,,,,1,2,2,2,3
200600008917,0006-02-11 15:30:00,6,2,11,15,30,610,391,"1, CALIGNY (RUE DE)",,,Plein jour,En agglomération,Giratoire,Normale,Autre collision,,,,,,,,,,,1,2,6,1,6
200600008918,0006-02-11 01:05:00,6,2,11,1,5,620,263,ROUTE DE DOULLENS,,,Nuit sans éclairage public,Hors agglomération,Hors intersection,Autre,Sans collision,,,,,,,,,,,3,1,1,9,7
200600008919,0006-02-17 14:05:00,6,2,17,14,5,620,41,"26, AVENUE FERNAND LOBBE",,,Plein jour,En agglomération,Hors intersection,Pluie légère,Autre collision,,,,,,,,,,,1,2,1,2,6
200600008920,0006-02-20 19:05:00,6,2,20,19,5,620,764,"0, AVENUE RAOUL THIBAULT",,,Nuit sans éclairage public,En agglomération,Hors intersection,Pluie forte,Deux véhicules - côté,,,,,,,,,,,3,2,1,3,3
200600008921,0006-02-21 07:20:00,6,2,21,7,20,620,41,"0, CAMBRAI (DE)",,,Nuit avec éclairage allumé,En agglomération,Hors intersection,Pluie légère,Deux véhicules - côté,,,,,,,,,,,5,2,1,2,3
200600008922,0006-02-23 23:50:00,6,2,23,23,50,620,263,MERMOZ(AVENUE JEAN),,,Nuit avec éclairage allumé,En agglomération,Giratoire,Normale,Autre collision,,,,,,,,,,,5,2,6,1,6
200600008923,0006-02-07 11:00:00,6,2,7,11,0,620,48,RAOUL BRIQUET (RUE),,,Plein jour,En agglomération,Hors intersection,Normale,Autre collision,,,,,,,,,,,1,2,1,1,6
200600008924,0006-02-08 20:30:00,6,2,8,20,30,620,48,MAILING (BOULEVARD DE),,,Nuit avec éclairage allumé,En agglomération,Intersection en X,Normale,Deux véhicules - côté,,,,,,,,,,,5,2,2,1,3
200600008925,0006-02-03 15:35:00,6,2,3,15,35,620,570,"02, SIMON (PIERRE)",,,Plein jour,En agglomération,Hors intersection,Normale,Autre collision,,,,,,,,,,,1,2,1,1,6
200600008926,0006-02-03 22:30:00,6,2,3,22,30,620,65,RD 917,,,Nuit sans éclairage public,Hors agglomération,Hors intersection,Pluie légère,Autre collision,,,,,,,,,,,3,1,1,2,6
200600008927,0006-02-05 13:09:00,6,2,5,13,9,620,724,"38, DE GAULLE (DU GENERA",,,Plein jour,En agglomération,Hors intersection,Temps couvert,Autre collision,,,,,,,,,,,1,2,1,8,6
200600008928,0006-02-17 15:20:00,6,2,17,15,20,620,570,COURRIERES,,,Plein jour,En agglomération,Intersection en X,Temps couvert,Deux véhicules - côté,,,,,,,,,,,1,2,2,8,3
200600008929,0006-02-01 09:36:00,6,2,1,9,36,620,65,"185, MARTEL HENRI( BOULE",,,Plein jour,En agglomération,Hors intersection,Neige / grêle,Sans collision,,,,,,,,,,,1,2,1,4,7
200600008930,0006-02-04 02:05:00,6,2,4,2,5,620,119,WASHINGTON ( AVENUE DE ),,,Nuit avec éclairage allumé,En agglomération,Hors intersection,Normale,Autre collision,,,,,,,,,,,5,2,1,1,6
200600008931,0006-02-04 20:30:00,6,2,4,20,30,620,35,NATIONALE 43 ( ROUTE),,,Nuit avec éclairage non allumé,Hors agglomération,Autre intersection,Normale,Deux véhicules - frontale,,,,,,,,,,,4,1,9,1,1
200600008932,0006-02-20 22:50:00,6,2,20,22,50,620,51,ROUTE NATIONALE 41,,,Nuit avec éclairage non allumé,Hors agglomération,Hors intersection,Normale,Deux véhicules - côté,,,,,,,,,,,4,1,1,1,3
200600008933,0006-02-28 17:15:00,6,2,28,17,15,620,119,SALENGRO ( BOULEVARD ROG,,,Plein jour,En agglomération,Hors intersection,Normale,Autre collision,,,,,,,,,,,1,2,1,1,6
200600008934,0006-02-04 01:50:00,6,2,4,1,50,620,893,"54, MITTERRAND ( Ave. Fr",,,Nuit avec éclairage allumé,En agglomération,Hors intersection,Normale,Autre collision,,,,,,,,,,,5,2,1,1,6
200600008935,0006-02-15 13:30:00,6,2,15,13,30,620,667,"30, TROUIN ( Quai Duguay",,,Plein jour,En agglomération,Autre intersection,Temps couvert,Autre collision,,,,,,,,,,,1,2,9,8,6
200600008936,0006-02-17 21:00:00,6,2,17,21,0,620,643,"0, INDUSTRIEL ( Bld)",,,Nuit avec éclairage allumé,En agglomération,Hors intersection,Pluie forte,Deux véhicules - côté,,,,,,,,,,,5,2,1,3,3
200600008937,0006-02-21 09:20:00,6,2,21,9,20,620,160,"33, EURVIN (Bld)",,,Plein jour,En agglomération,Hors intersection,Normale,Autre collision,,,,,,,,,,,1,2,1,1,6
200600008938,0006-02-13 19:25:00,6,2,13,19,25,620,178,"945, REPUBLIQUE ( DE LA",,,Nuit avec éclairage allumé,En agglomération,Hors intersection,Temps couvert,Trois véhicules et plus - collisions multiples,,,,,,,,,,,5,2,1,8,5
200600008939,0006-02-12 15:30:00,6,2,12,15,30,620,178,"329, CADOT ( HENRI )",,,Plein jour,En agglomération,Intersection en T,Pluie légère,Autre collision,,,,,,,,,,,1,2,3,2,6
200600008940,0006-02-21 06:40:00,6,2,21,6,40,620,193,ROCADE EST,,,Nuit sans éclairage public,Hors agglomération,Hors intersection,Normale,Autre collision,,,,,,,,,,,3,1,1,1,6
200600008941,0006-02-28 17:25:00,6,2,28,17,25,620,193,REGNIERS (CHEMIN DES),,,Plein jour,En agglomération,Hors intersection,Normale,Deux véhicules - frontale,,,,,,,,,,,1,2,1,1,1
200600008942,0006-02-02 21:40:00,6,2,2,21,40,620,637,"sans, JOUHAUX (R LEON)",,,Nuit sans éclairage public,En agglomération,Hors intersection,Normale,Deux véhicules - frontale,,,,,,,,,,,3,2,1,1,1
200600008943,0006-02-09 19:25:00,6,2,9,19,25,620,637,"9, VICTOIRE (AV DE LA)",,,Nuit avec éclairage allumé,En agglomération,Hors intersection,Normale,Autre collision,,,,,,,,,,,5,2,1,1,6
200600008944,0006-02-27 18:25:00,6,2,27,18,25,620,215,"130, COURRIERES (RTE DE)",,,Nuit avec éclairage allumé,En agglomération,Hors intersection,Normale,Deux véhicules - côté,,,,,,,,,,,5,2,1,1,3
200600008945,0006-02-14 19:50:00,6,2,14,19,50,620,413,"10, LILLE (RTE DE)",,,Nuit avec éclairage allumé,En agglomération,Hors intersection,Pluie légère,Deux véhicules - frontale,,,,,,,,,,,5,2,1,2,1
200600008946,0006-02-05 00:30:00,6,2,5,0,30,620,133,"0, REPUBLIQUE (AV. DE LA",,,Nuit avec éclairage allumé,En agglomération,Giratoire,Normale,Autre collision,,,,,,,,,,,5,2,6,1,6
200600008947,0006-02-26 17:11:00,6,2,26,17,11,620,427,"0, FENELON (R )",,,Plein jour,En agglomération,Intersection en X,Normale,Deux véhicules - côté,,,,,,,,,,,1,2,2,1,3
200600008948,0006-02-18 09:40:00,6,2,18,9,40,620,427,"0, DEPORTES (AV. DES )",,,Plein jour,En agglomération,Intersection en X,Pluie légère,Deux véhicules - côté,,,,,,,,,,,1,2,2,2,3
200600008949,0006-02-14 11:00:00,6,2,14,11,0,620,351,"43, SALENGRO (R ROGER )",,,Plein jour,En agglomération,Hors intersection,Normale,Autre collision,,,,,,,,,,,1,2,1,1,6
200600008950,0006-02-06 14:10:00,6,2,6,14,10,620,218,"sans, HUGO (R VICTOR)",,,Plein jour,En agglomération,Hors intersection,Normale,Deux véhicules - côté,,,,,,,,,,,1,2,1,1,3
200600008951,0006-02-09 04:50:00,6,2,9,4,50,620,498,"sans, BASSEE (RTE DE LA)",,,Crépuscule ou aube,En agglomération,Intersection en X,Normale,Deux véhicules - frontale,,,,,,,,,,,2,2,2,1,1
200600008952,0006-02-14 12:35:00,6,2,14,12,35,620,498,"sans, DEPORTES (R DES )",,,Plein jour,En agglomération,Autre intersection,Pluie légère,Deux véhicules - côté,,,,,,,,,,,1,2,9,2,3
200600008953,0006-02-18 12:28:00,6,2,18,12,28,620,573,"41 bis, BEUGNET (R CASIM",,,Plein jour,En agglomération,Hors intersection,Pluie légère,Deux véhicules - côté,,,,,,,,,,,1,2,1,2,3
200600008954,0006-02-23 14:08:00,6,2,23,14,8,620,771,"sans, LILLE (R DE)",,,Plein jour,En agglomération,Intersection en X,Normale,Deux véhicules - côté,,,,,,,,,,,1,2,2,1,3
200600008955,0006-02-23 18:19:00,6,2,23,18,19,620,498,"sans, RENARDIERES (R DES",,,Crépuscule ou aube,En agglomération,Intersection en X,Normale,Deux véhicules - côté,,,,,,,,,,,2,2,2,1,3
200600008956,0006-02-12 18:35:00,6,2,12,18,35,620,902,"2, CLEMENCEAU (BD GEORGE",,,Nuit avec éclairage allumé,En agglomération,Hors intersection,Pluie légère,Autre collision,,,,,,,,,,,5,2,1,2,6
200600008957,0006-02-01 08:00:00,6,2,1,8,0,630,113,"1, JOUHAUX (BD LEON)",,,Plein jour,En agglomération,Hors intersection,Normale,Autre collision,,,,,,,,,,,1,2,1,1,6
200600008958,0006-02-01 16:50:00,6,2,1,16,50,630,113,"1, NEWTON (RUE)",,,Plein jour,En agglomération,Intersection en Y,Normale,Autre collision,,,,,,,,,,,1,2,4,1,6
200600008959,0006-02-01 19:10:00,6,2,1,19,10,630,113,"1, PUY LONG (CHEMIN DE)",,,Nuit sans éclairage public,Hors agglomération,Intersection en X,Temps couvert,Deux véhicules - côté,,,,,,,,,,,3,1,2,8,3
200600008960,0006-02-02 12:10:00,6,2,2,12,10,630,113,"1, MOULIN (BD JEAN)",,,Plein jour,En agglomération,Intersection en X,Normale,Deux véhicules - côté,,,,,,,,,,,1,2,2,1,3
200600008961,0006-02-02 17:00:00,6,2,2,17,0,630,113,"36, CLOS FOUR (RUE DU)",,,Plein jour,En agglomération,Hors intersection,Normale,Autre collision,,,,,,,,,,,1,2,1,1,6
200600008962,0006-02-03 19:00:00,6,2,3,19,0,630,113,"63, BERGOUGNAN (AVENUE R",,,Nuit avec éclairage allumé,En agglomération,Intersection en T,Normale,Autre collision,,,,,,,,,,,5,2,3,1,6
200600008963,0006-02-03 19:01:00,6,2,3,19,1,630,113,"1, ALSACE (RUE D')",,,Nuit avec éclairage allumé,En agglomération,Intersection en X,Temps couvert,Deux véhicules - côté,,,,,,,,,,,5,2,2,8,3
200600008964,0006-02-04 18:35:00,6,2,4,18,35,630,113,"1, MAYER (BD DANIEL)",,,Nuit avec éclairage allumé,En agglomération,Autre intersection,Normale,Deux véhicules - côté,,,,,,,,,,,5,2,9,1,3
200600008965,0006-02-05 10:20:00,6,2,5,10,20,630,32,"1, POURLIAT (ROND-POINT",,,Plein jour,En agglomération,Intersection à plus de 4 branches,Normale,Autre collision,,,,,,,,,,,1,2,5,1,6
200600008966,0006-02-06 13:00:00,6,2,6,13,0,630,113,"1, DESDEVISES DU DEZERT",,,Plein jour,En agglomération,Hors intersection,Temps couvert,Deux véhicules - arrière,,,,,,,,,,,1,2,1,8,2
200600008967,0006-02-06 13:05:00,6,2,6,13,5,630,113,"1, PUY DE DOME (AVENUE D",,,Plein jour,En agglomération,Hors intersection,Normale,Deux véhicules - arrière,,,,,,,,,,,1,2,1,1,2
200600008968,0006-02-07 11:55:00,6,2,7,11,55,630,113,MICHELIN (AVENUE EDOUARD,,,Plein jour,En agglomération,Hors intersection,Normale,Autre collision,,,,,,,,,,,1,2,1,1,6
200600008969,0006-02-09 15:20:00,6,2,9,15,20,630,32,"22, MONT-DORE (AVENUE DU",,,Plein jour,En agglomération,Hors intersection,Normale,Deux véhicules - arrière,,,,,,,,,,,1,2,1,1,2
200600008970,0006-02-12 08:55:00,6,2,12,8,55,630,113,"1, CATAROU (RUE DE)",,,Plein jour,En agglomération,Intersection en T,Normale,Deux véhicules - côté,,,,,,,,,,,1,2,3,1,3
200600008971,0006-02-13 08:10:00,6,2,13,8,10,630,113,"49, BLATIN (RUE)",,,Plein jour,En agglomération,Hors intersection,Temps couvert,Autre collision,,,,,,,,,,,1,2,1,8,6
200600008972,0006-02-13 08:50:00,6,2,13,8,50,630,113,CHANTERANNE (RUE DE),,,Plein jour,En agglomération,Hors intersection,Normale,Autre collision,,,,,,,,,,,1,2,1,1,6
200600008973,0006-02-13 09:40:00,6,2,13,9,40,630,113,"1, BEAULIEU (CHEMIN DE)",,,Nuit sans éclairage public,Hors agglomération,Hors intersection,Temps couvert,Sans collision,,,,,,,,,,,3,1,1,8,7
200600008974,0006-02-14 09:30:00,6,2,14,9,30,630,113,"23, ORADOU (RUE DE L')",,,Plein jour,En agglomération,Hors intersection,Normale,Deux véhicules - côté,,,,,,,,,,,1,2,1,1,3
200600008975,0006-02-13 15:05:00,6,2,13,15,5,630,70,"1, LIBERTE (RUE DE LA)",,,Plein jour,En agglomération,Hors intersection,Normale,Autre collision,,,,,,,,,,,1,2,1,1,6