accident_id,datetime,annee,mois,jour,heure,minute,departement,commune_insee,adresse,latitude,longitude,luminosite,agglomeration,intersection,meteo,collision,nb_vehicules,nb_usagers,nb_indemnes,nb_tues,nb_blesses_hosp,nb_blesses_legers,age_cond_1,age_cond_2,veh_type_cond_1,veh_type_cond_2,lum_code,agg_code,int_code,atm_code,col_code
200600009371,0006-02-08 08:50:00,6,2,8,8,50,750,15,BD PASTEUR R DE VAUGIRAR,,,Plein jour,En agglomération,Intersection en X,Pluie légère,Sans collision,,,,,,,,,,,1,2,2,2,7
200600009372,0006-02-08 16:30:00,6,2,8,16,30,750,15,AV PORTE DE SEVRES BD VI,,,Plein jour,En agglomération,Intersection en X,Normale,Deux véhicules - côté,,,,,,,,,,,1,2,2,1,3
200600009373,0006-02-08 11:50:00,6,2,8,11,50,750,16,L13134 AV DE NEW YORK,,,Plein jour,En agglomération,Hors intersection,Pluie légère,Deux véhicules - côté,,,,,,,,,,,1,2,1,2,3
200600009374,0006-02-08 16:40:00,6,2,8,16,40,750,17,146 AV DE CLICHY,,,Plein jour,En agglomération,Hors intersection,Normale,Deux véhicules - côté,,,,,,,,,,,1,2,1,1,3
200600009375,0006-02-08 18:00:00,6,2,8,18,0,750,19,84 AV SIMON BOLIVAR,,,Nuit avec éclairage allumé,En agglomération,Hors intersection,Normale,Deux véhicules - côté,,,,,,,,,,,5,2,1,1,3
200600009376,0006-02-09 23:15:00,6,2,9,23,15,750,1,R AMIRAL COLIGNY Q DU LO,,,Nuit avec éclairage allumé,En agglomération,Intersection en T,Normale,Deux véhicules - côté,,,,,,,,,,,5,2,3,1,3
200600009377,0006-02-09 00:35:00,6,2,9,0,35,750,1,PL ANDRE MALRAUX AV DE L,,,Nuit avec éclairage allumé,En agglomération,Intersection en X,Normale,Deux véhicules - côté,,,,,,,,,,,5,2,2,1,3
200600009378,0006-02-09 16:35:00,6,2,9,16,35,750,8,12 R BIENFAISANCE,,,Plein jour,En agglomération,Hors intersection,Normale,Autre collision,,,,,,,,,,,1,2,1,1,6
200600009379,0006-02-09 09:05:00,6,2,9,9,5,750,11,43 BD DE CHARONNE,,,Plein jour,En agglomération,Hors intersection,Temps couvert,Autre collision,,,,,,,,,,,1,2,1,8,6
200600009380,0006-02-09 09:30:00,6,2,9,9,30,750,11,R COMMANDANT LAMY R DE L,,,Plein jour,En agglomération,Intersection en T,Normale,Autre collision,,,,,,,,,,,1,2,3,1,6
200600009381,0006-02-09 02:20:00,6,2,9,2,20,750,13,ECH ITALIE AV PORTE D IT,,,Nuit avec éclairage allumé,En agglomération,Intersection en T,Normale,Autre collision,,,,,,,,,,,5,2,3,1,6
200600009382,0006-02-09 21:30:00,6,2,9,21,30,750,14,R D ALESIA PL VICTOR BAS,,,Nuit avec éclairage allumé,En agglomération,Intersection en T,Normale,Autre collision,,,,,,,,,,,5,2,3,1,6
200600009383,0006-02-09 20:15:00,6,2,9,20,15,750,15,BPE SEVRES PLAINE,,,Nuit avec éclairage allumé,En agglomération,Hors intersection,Normale,Deux véhicules - arrière,,,,,,,,,,,5,2,1,1,2
200600009384,0006-02-09 18:45:00,6,2,9,18,45,750,15,2 R LINOIS,,,Nuit avec éclairage allumé,En agglomération,Hors intersection,Normale,Autre collision,,,,,,,,,,,5,2,1,1,6
200600009385,0006-02-09 00:01:00,6,2,9,0,1,750,15,R DE LA CONVENTION AV FE,,,Nuit avec éclairage allumé,En agglomération,Intersection en X,Normale,Deux véhicules - côté,,,,,,,,,,,5,2,2,1,3
200600009386,0006-02-09 13:45:00,6,2,9,13,45,750,16,PL PORTE DE PASSY BD SUC,,,Plein jour,En agglomération,Intersection en X,Temps couvert,Deux véhicules - côté,,,,,,,,,,,1,2,2,8,3
200600009387,0006-02-09 20:15:00,6,2,9,20,15,750,17,R DE COURCELLES BD DE RE,,,Nuit avec éclairage allumé,En agglomération,Intersection en X,Normale,Autre collision,,,,,,,,,,,5,2,2,1,6
200600009388,0006-02-09 06:30:00,6,2,9,6,30,750,17,R DES APENNINS AV DE CLI,,,Nuit avec éclairage allumé,En agglomération,Intersection en T,Normale,Deux véhicules - côté,,,,,,,,,,,5,2,3,1,3
200600009389,0006-02-09 19:25:00,6,2,9,19,25,750,17,PAS SAINT ANGE AV DE SAI,,,Nuit avec éclairage allumé,En agglomération,Intersection en T,Normale,Deux véhicules - côté,,,,,,,,,,,5,2,3,1,3
200600009390,0006-02-10 10:00:00,6,2,10,10,0,750,15,37 BD PASTEUR,,,Plein jour,En agglomération,Hors intersection,Normale,Autre collision,,,,,,,,,,,1,2,1,1,6
200600009391,0006-02-10 19:51:00,6,2,10,19,51,750,15,156 AV DE SUFFREN,,,Nuit avec éclairage allumé,En agglomération,Hors intersection,Normale,Autre collision,,,,,,,,,,,5,2,1,1,6
200600009392,0006-02-11 16:55:00,6,2,11,16,55,750,15,14 R DE L ARRIVEE,,,Plein jour,En agglomération,Hors intersection,Normale,Sans collision,,,,,,,,,,,1,2,1,1,7
200600009393,0006-02-11 11:10:00,6,2,11,11,10,750,15,R A CHABRIERES R DU HAME,,,Plein jour,En agglomération,Intersection en X,Temps éblouissant,Autre collision,,,,,,,,,,,1,2,2,7,6
200600009394,0006-02-12 22:10:00,6,2,12,22,10,750,15,BD LEFEBVRE AV PORTE BRA,,,Nuit avec éclairage allumé,En agglomération,Intersection en X,Pluie légère,Deux véhicules - côté,,,,,,,,,,,5,2,2,2,3
200600009395,0006-02-21 15:10:00,6,2,21,15,10,750,18,96 R PH DE GIRARD,,,Plein jour,En agglomération,Hors intersection,Pluie légère,Autre collision,,,,,,,,,,,1,2,1,2,6
200600009396,0006-02-03 11:54:00,6,2,3,11,54,750,12,98 BD PONIATOWSKI,,,Plein jour,En agglomération,Hors intersection,Neige / grêle,Autre collision,,,,,,,,,,,1,2,1,4,6
200600009397,0006-02-03 10:15:00,6,2,3,10,15,750,17,PL CH DE GAULLE AV DE WA,,,Plein jour,En agglomération,Intersection en T,Normale,Sans collision,,,,,,,,,,,1,2,3,1,7
200600009398,0006-02-07 10:00:00,6,2,7,10,0,750,5,BD DE L HOPITAL R POLIVE,,,Plein jour,En agglomération,Intersection en Y,Normale,Deux véhicules - côté,,,,,,,,,,,1,2,4,1,3
200600009399,0006-02-07 21:35:00,6,2,7,21,35,750,12,BD DIDEROT R DE REUILLY,,,Plein jour,En agglomération,Intersection en X,Normale,Autre collision,,,,,,,,,,,1,2,2,1,6
200600009400,0006-02-08 17:00:00,6,2,8,17,0,750,6,126 R DE RENNES,,,Plein jour,En agglomération,Hors intersection,Pluie légère,Autre collision,,,,,,,,,,,1,2,1,2,6
200600009401,0006-02-08 19:40:00,6,2,8,19,40,750,6,BD DU MONTPARNASSE R PEG,,,Nuit avec éclairage allumé,En agglomération,Intersection en T,Pluie légère,Autre collision,,,,,,,,,,,5,2,3,2,6
200600009402,0006-02-08 11:25:00,6,2,8,11,25,750,12,R DE CHALON,,,Plein jour,En agglomération,Hors intersection,Normale,Sans collision,,,,,,,,,,,1,2,1,1,7
200600009403,0006-02-08 19:00:00,6,2,8,19,0,750,12,RTE DE BOURBON CAR DE PY,,,Nuit avec éclairage allumé,En agglomération,Intersection en T,Normale,Deux véhicules - côté,,,,,,,,,,,5,2,3,1,3
200600009404,0006-02-08 21:40:00,6,2,8,21,40,750,18,R MARX DORMOY R ORDENER,,,Nuit avec éclairage allumé,En agglomération,Intersection en X,Normale,Deux véhicules - côté,,,,,,,,,,,5,2,2,1,3
200600009405,0006-02-08 11:55:00,6,2,8,11,55,750,18,32 AV DE CLICHY,,,Plein jour,En agglomération,Hors intersection,Normale,Autre collision,,,,,,,,,,,1,2,1,1,6
200600009406,0006-02-08 13:37:00,6,2,8,13,37,750,20,R DE NOISY LE SEC R PIER,,,Plein jour,En agglomération,Intersection en X,Normale,Sans collision,,,,,,,,,,,1,2,2,1,7
200600009407,0006-02-09 08:50:00,6,2,9,8,50,750,4,Q HOTEL DE VILLE R DE LO,,,Plein jour,En agglomération,Intersection en T,Normale,Deux véhicules - côté,,,,,,,,,,,1,2,3,1,3
200600009408,0006-02-09 01:12:00,6,2,9,1,12,750,5,PL SAINT MICHEL Q SAINT,,,Nuit avec éclairage allumé,En agglomération,Intersection en T,Normale,Deux véhicules - côté,,,,,,,,,,,5,2,3,1,3
200600009409,0006-02-09 19:20:00,6,2,9,19,20,750,7,R D ESTREES AV DE SEGUR,,,Nuit avec éclairage allumé,En agglomération,Intersection en X,Normale,Deux véhicules - côté,,,,,,,,,,,5,2,2,1,3
200600009410,0006-02-09 12:30:00,6,2,9,12,30,750,7,R SAINT DOMINIQUE BD LA,,,Plein jour,En agglomération,Intersection en X,Normale,Autre collision,,,,,,,,,,,1,2,2,1,6
200600009411,0006-02-09 13:50:00,6,2,9,13,50,750,10,R D ENGHIEN R FG SAINT D,,,Plein jour,En agglomération,Intersection en X,Normale,Autre collision,,,,,,,,,,,1,2,2,1,6
200600009412,0006-02-09 09:45:00,6,2,9,9,45,750,10,R ALEXANDRE PARODI R FG,,,Plein jour,En agglomération,Intersection en T,Normale,Deux véhicules - côté,,,,,,,,,,,1,2,3,1,3
200600009413,0006-02-09 06:45:00,6,2,9,6,45,750,12,174 R DE BERCY,,,Nuit avec éclairage allumé,En agglomération,Hors intersection,Normale,Sans collision,,,,,,,,,,,5,2,1,1,7
200600009414,0006-02-09 07:55:00,6,2,9,7,55,750,13,PL D ITALIE BD DE L HOPI,,,Plein jour,En agglomération,Intersection en T,Normale,Sans collision,,,,,,,,,,,1,2,3,1,7
200600009415,0006-02-09 13:50:00,6,2,9,13,50,750,14,34 R R LOSSERAND,,,Plein jour,En agglomération,Hors intersection,Normale,Deux véhicules - arrière,,,,,,,,,,,1,2,1,1,2
200600009416,0006-02-10 10:15:00,6,2,10,10,15,750,6,25 Q DE CONTI,,,Plein jour,En agglomération,Hors intersection,Normale,Trois véhicules et plus - en chaîne,,,,,,,,,,,1,2,1,1,4
200600009417,0006-02-10 19:20:00,6,2,10,19,20,750,6,Q MALAQUAIS R DE SEINE,,,Nuit avec éclairage allumé,En agglomération,Intersection en T,Normale,Autre collision,,,,,,,,,,,5,2,3,1,6
200600009418,0006-02-10 09:00:00,6,2,10,9,0,750,7,L2237 Q BRANLY,,,Plein jour,En agglomération,Hors intersection,Normale,Sans collision,,,,,,,,,,,1,2,1,1,7
200600009419,0006-02-10 19:45:00,6,2,10,19,45,750,8,R DE CASTELLANE R TRONCH,,,Nuit avec éclairage allumé,En agglomération,Intersection en T,Normale,Autre collision,,,,,,,,,,,5,2,3,1,6
200600009420,0006-02-12 20:00:00,6,2,12,20,0,750,11,AV PHILIPPE AUGUSTE PAS,,,Nuit avec éclairage allumé,En agglomération,Intersection en T,Pluie légère,Deux véhicules - côté,,,,,,,,,,,5,2,3,2,3
200600009421,0006-02-10 20:05:00,6,2,10,20,5,750,11,BD MENILMONTANT R DE LA,,,Nuit avec éclairage allumé,En agglomération,Intersection en T,Normale,Autre collision,,,,,,,,,,,5,2,3,1,6
200600009422,0006-02-10 12:50:00,6,2,10,12,50,750,13,6 R DES RECULETTES,,,Plein jour,En agglomération,Hors intersection,Normale,Deux véhicules - côté,,,,,,,,,,,1,2,1,1,3
200600009423,0006-02-10 11:45:00,6,2,10,11,45,750,13,40 AV D ITALIE,,,Plein jour,En agglomération,Hors intersection,Normale,Autre collision,,,,,,,,,,,1,2,1,1,6
200600009424,0006-02-10 10:45:00,6,2,10,10,45,750,13,Q PAN ET LEVASSOR PT DE,,,Plein jour,En agglomération,Intersection en T,Normale,Deux véhicules - côté,,,,,,,,,,,1,2,3,1,3
200600009425,0006-02-10 11:20:00,6,2,10,11,20,750,16,L19342 VERD PT GRENELLE,,,Plein jour,En agglomération,Hors intersection,Normale,Deux véhicules - arrière,,,,,,,,,,,1,2,1,1,2
200600009426,0006-02-10 23:00:00,6,2,10,23,0,750,16,AV ALBERT DE MUN R FRESN,,,Nuit avec éclairage allumé,En agglomération,Intersection en T,Normale,Deux véhicules - côté,,,,,,,,,,,5,2,3,1,3
200600009427,0006-02-10 14:00:00,6,2,10,14,0,750,16,R DONIZETTI R LA FONTAIN,,,Plein jour,En agglomération,Intersection en X,Normale,Deux véhicules - côté,,,,,,,,,,,1,2,2,1,3
200600009428,0006-02-10 14:45:00,6,2,10,14,45,750,18,ECH CHAPELLE BPE AUBERVI,,,Plein jour,En agglomération,Intersection en Y,Normale,Autre collision,,,,,,,,,,,1,2,4,1,6
200600009429,0006-02-22 16:00:00,6,2,22,16,0,750,19,82 AV DE FLANDRE,,,Plein jour,En agglomération,Hors intersection,Temps couvert,Autre collision,,,,,,,,,,,1,2,1,8,6
200600009430,0006-02-22 19:50:00,6,2,22,19,50,750,7,R DANIEL LESUEUR BD DES,,,Nuit avec éclairage allumé,En agglomération,Intersection en T,Normale,Deux véhicules - côté,,,,,,,,,,,5,2,3,1,3
200600009431,0006-02-11 19:29:00,6,2,11,19,29,750,2,R DE PORT MAHON R QUATRE,,,Nuit avec éclairage allumé,En agglomération,Intersection en Y,Normale,Deux véhicules - côté,,,,,,,,,,,5,2,4,1,3
200600009432,0006-02-11 14:50:00,6,2,11,14,50,750,4,R SAINT ANTOINE R DES TO,,,Plein jour,En agglomération,Intersection en T,Normale,Deux véhicules - côté,,,,,,,,,,,1,2,3,1,3
200600009433,0006-02-11 22:55:00,6,2,11,22,55,750,7,L3229 Q D ORSAY,,,Nuit avec éclairage allumé,En agglomération,Hors intersection,Normale,Autre collision,,,,,,,,,,,5,2,1,1,6
200600009434,0006-02-11 18:10:00,6,2,11,18,10,750,7,PL DENYS COCHIN AV DE LO,,,Plein jour,En agglomération,Intersection en T,Normale,Deux véhicules - côté,,,,,,,,,,,1,2,3,1,3
200600009435,0006-02-11 01:58:00,6,2,11,1,58,750,7,R SAINT DOMINIQUE BD LA,,,Nuit avec éclairage allumé,En agglomération,Intersection en X,Normale,Autre collision,,,,,,,,,,,5,2,2,1,6
200600009436,0006-02-11 22:50:00,6,2,11,22,50,750,8,68 R PIERRE CHARRON,,,Nuit avec éclairage allumé,En agglomération,Hors intersection,Normale,Autre collision,,,,,,,,,,,5,2,1,1,6
200600009437,0006-02-11 12:10:00,6,2,11,12,10,750,9,PL D ANVERS BD DE ROCHEC,,,Plein jour,En agglomération,Intersection en T,Normale,Deux véhicules - côté,,,,,,,,,,,1,2,3,1,3
200600009438,0006-02-11 22:00:00,6,2,11,22,0,750,10,BD DE MAGENTA BD DE STRA,,,Nuit avec éclairage allumé,En agglomération,Intersection en X,Normale,Autre collision,,,,,,,,,,,5,2,2,1,6
200600009439,0006-02-11 07:20:00,6,2,11,7,20,750,10,50 BD DE MAGENTA,,,Nuit avec éclairage allumé,En agglomération,Hors intersection,Normale,Deux véhicules - côté,,,,,,,,,,,5,2,1,1,3
200600009440,0006-02-11 04:35:00,6,2,11,4,35,750,11,BD FILLES CALVAIRE R OBE,,,Nuit avec éclairage allumé,En agglomération,Intersection en X,Normale,Deux véhicules - côté,,,,,,,,,,,5,2,2,1,3
200600009441,0006-02-11 23:00:00,6,2,11,23,0,750,18,R ORDENER R DU RUISSEAU,,,Nuit avec éclairage allumé,En agglomération,Intersection en X,Normale,Deux véhicules - côté,,,,,,,,,,,5,2,2,1,3
200600009442,0006-02-11 05:00:00,6,2,11,5,0,750,18,PL ALBERT KAHN BD ORNANO,,,Nuit avec éclairage allumé,En agglomération,Intersection en X,Normale,Autre collision,,,,,,,,,,,5,2,2,1,6
200600009443,0006-02-11 18:15:00,6,2,11,18,15,750,19,146 AV DE FLANDRE,,,Nuit avec éclairage allumé,En agglomération,Hors intersection,Normale,Deux véhicules - côté,,,,,,,,,,,5,2,1,1,3
200600009444,0006-02-11 12:00:00,6,2,11,12,0,750,20,AV PTE DE MONTREUIL AV P,,,Plein jour,En agglomération,Intersection en T,Normale,Deux véhicules - côté,,,,,,,,,,,1,2,3,1,3
200600009445,0006-02-11 12:30:00,6,2,11,12,30,750,20,R D AVRON R DES ORMEAUX,,,Plein jour,En agglomération,Intersection en Y,Normale,Deux véhicules - côté,,,,,,,,,,,1,2,4,1,3
200600009446,0006-02-11 10:42:00,6,2,11,10,42,750,20,254 R DES PYRENEES,,,Plein jour,En agglomération,Hors intersection,Normale,Autre collision,,,,,,,,,,,1,2,1,1,6
200600009447,0006-02-12 05:35:00,6,2,12,5,35,750,13,51 BD AUGUSTE BLANQUI,,,Nuit avec éclairage allumé,En agglomération,Hors intersection,Normale,Autre collision,,,,,,,,,,,5,2,1,1,6
200600009448,0006-02-23 22:43:00,6,2,23,22,43,750,13,22 BD VINCENT AURIOL,,,Nuit avec éclairage allumé,En agglomération,Hors intersection,Normale,Autre collision,,,,,,,,,,,5,2,1,1,6
200600009449,0006-02-12 11:45:00,6,2,12,11,45,750,10,R D ALSACE R LA FAYETTE,,,Plein jour,En agglomération,Intersection en T,Normale,Deux véhicules - côté,,,,,,,,,,,1,2,3,1,3
200600009450,0006-02-12 18:35:00,6,2,12,18,35,750,10,56 BD DE MAGENTA,,,Nuit avec éclairage allumé,En agglomération,Hors intersection,Pluie légère,Autre collision,,,,,,,,,,,5,2,1,2,6
200600009451,0006-02-12 21:10:00,6,2,12,21,10,750,14,AV GENERAL LECLERC R REM,,,Nuit avec éclairage allumé,En agglomération,Intersection en T,Pluie légère,Autre collision,,,,,,,,,,,5,2,3,2,6
200600009452,0006-02-11 10:10:00,6,2,11,10,10,750,18,12 BD DE LA CHAPELLE,,,Plein jour,En agglomération,Hors intersection,Normale,Sans collision,,,,,,,,,,,1,2,1,1,7
200600009453,0006-02-13 11:20:00,6,2,13,11,20,750,1,PL DU CARROUSEL Q DES TU,,,Plein jour,En agglomération,Intersection en T,Pluie forte,Deux véhicules - côté,,,,,,,,,,,1,2,3,3,3
200600009454,0006-02-13 14:10:00,6,2,13,14,10,750,8,R D ARTOIS R DE BERRI,,,Plein jour,En agglomération,Intersection en X,Pluie légère,Deux véhicules - côté,,,,,,,,,,,1,2,2,2,3
200600009455,0006-02-13 19:40:00,6,2,13,19,40,750,12,42 AV DAUMESNIL,,,Nuit avec éclairage allumé,En agglomération,Hors intersection,Temps couvert,Deux véhicules - côté,,,,,,,,,,,5,2,1,8,3
200600009456,0006-02-13 10:35:00,6,2,13,10,35,750,12,L2568 RTE DE LA PYRAMIDE,,,Plein jour,En agglomération,Hors intersection,Pluie légère,Deux véhicules - frontale,,,,,,,,,,,1,2,1,2,1
200600009457,0006-02-13 17:45:00,6,2,13,17,45,750,12,R DE CITEAUX BD DIDEROT,,,Crépuscule ou aube,En agglomération,Intersection en Y,Pluie légère,Deux véhicules - côté,,,,,,,,,,,2,2,4,2,3
200600009458,0006-02-13 17:05:00,6,2,13,17,5,750,14,176 AV DU MAINE,,,Crépuscule ou aube,En agglomération,Hors intersection,Pluie légère,Autre collision,,,,,,,,,,,2,2,1,2,6
200600009459,0006-02-13 17:15:00,6,2,13,17,15,750,17,R DE LA JONQUIERE R POUC,,,Crépuscule ou aube,En agglomération,Intersection en X,Pluie légère,Autre collision,,,,,,,,,,,2,2,2,2,6
200600009460,0006-02-13 10:45:00,6,2,13,10,45,750,18,R AFFRE R DE JESSAINT,,,Plein jour,En agglomération,Intersection en X,Normale,Autre collision,,,,,,,,,,,1,2,2,1,6
200600009461,0006-02-13 07:50:00,6,2,13,7,50,750,19,142 BD MACDONALD,,,Crépuscule ou aube,En agglomération,Hors intersection,Pluie légère,Deux véhicules - arrière,,,,,,,,,,,2,2,1,2,2
200600009462,0006-02-13 13:00:00,6,2,13,13,0,750,19,R DE CRIMEE R MANIN,,,Plein jour,En agglomération,Intersection en X,Pluie légère,Autre collision,,,,,,,,,,,1,2,2,2,6
200600009463,0006-02-13 10:45:00,6,2,13,10,45,750,20,R DU CAMBODGE AV GAMBETT,,,Plein jour,En agglomération,Intersection en Y,Pluie légère,Sans collision,,,,,,,,,,,1,2,4,2,7
200600009464,0006-02-15 17:00:00,6,2,15,17,0,750,13,25 R J BAPT BERLIER,,,Plein jour,En agglomération,Hors intersection,Normale,Autre collision,,,,,,,,,,,1,2,1,1,6
200600009465,0006-02-15 20:20:00,6,2,15,20,20,750,8,20 R DE VIENNE,,,Nuit avec éclairage allumé,En agglomération,Hors intersection,Pluie légère,Autre collision,,,,,,,,,,,5,2,1,2,6
200600009466,0006-02-15 20:50:00,6,2,15,20,50,750,8,L3437 BRETELLE D ENTREE,,,Nuit avec éclairage allumé,En agglomération,Hors intersection,Pluie légère,Deux véhicules - frontale,,,,,,,,,,,5,2,1,2,1
200600009467,0006-02-15 20:50:00,6,2,15,20,50,750,16,AV PAUL DOUMER R DE LA T,,,Nuit avec éclairage allumé,En agglomération,Intersection en X,Pluie légère,Autre collision,,,,,,,,,,,5,2,2,2,6
200600009468,0006-02-16 17:45:00,6,2,16,17,45,750,15,AV DU MAINE R DE VAUGIRA,,,Crépuscule ou aube,En agglomération,Intersection en Y,Pluie légère,Deux véhicules - côté,,,,,,,,,,,2,2,4,2,3
200600009469,0006-02-16 16:00:00,6,2,16,16,0,750,15,BD PASTEUR R DE SEVRES,,,Plein jour,En agglomération,Intersection en X,Normale,Deux véhicules - côté,,,,,,,,,,,1,2,2,1,3
200600009470,0006-02-16 10:35:00,6,2,16,10,35,750,15,R JEAN FORMIGE R TH RENA,,,Plein jour,En agglomération,Intersection en T,Temps éblouissant,Autre collision,,,,,,,,,,,1,2,3,7,6
200600009471,0006-02-16 11:40:00,6,2,16,11,40,750,15,R CROIX NIVERT R GRAMME,,,Plein jour,En agglomération,Intersection en T,Normale,Sans collision,,,,,,,,,,,1,2,3,1,7
200600009472,0006-02-16 08:15:00,6,2,16,8,15,750,16,64 AV KLEBER,,,Plein jour,En agglomération,Hors intersection,Normale,Deux véhicules - côté,,,,,,,,,,,1,2,1,1,3
200600009473,0006-02-25 06:00:00,6,2,25,6,0,750,1,PL DE LA CONCORDE Q DES,,,Nuit avec éclairage allumé,En agglomération,Intersection en X,Neige / grêle,Autre collision,,,,,,,,,,,5,2,2,4,6
200600009474,0006-02-25 07:25:00,6,2,25,7,25,750,5,R GAY LUSSAC BD SAINT MI,,,Crépuscule ou aube,En agglomération,Intersection en X,Normale,Deux véhicules - côté,,,,,,,,,,,2,2,2,1,3
200600009475,0006-02-26 06:10:00,6,2,26,6,10,750,5,6 Q SAINT BERNARD,,,Nuit avec éclairage allumé,En agglomération,Hors intersection,Normale,Autre collision,,,,,,,,,,,5,2,1,1,6
200600009476,0006-02-04 23:08:00,6,2,4,23,8,750,12,R BISCORNET R DE LYON,,,Nuit avec éclairage allumé,En agglomération,Intersection en Y,Normale,Deux véhicules - arrière,,,,,,,,,,,5,2,4,1,2
200600009477,0006-02-10 13:35:00,6,2,10,13,35,750,5,58 BD SAINT MICHEL,,,Plein jour,En agglomération,Hors intersection,Normale,Autre collision,,,,,,,,,,,1,2,1,1,6
200600009478,0006-02-10 23:10:00,6,2,10,23,10,750,12,24 BD DE LA BASTILLE,,,Nuit avec éclairage allumé,En agglomération,Hors intersection,Normale,Deux véhicules - côté,,,,,,,,,,,5,2,1,1,3
200600009479,0006-02-27 10:40:00,6,2,27,10,40,750,16,58 AV KLEBER,,,Plein jour,En agglomération,Hors intersection,Normale,Autre collision,,,,,,,,,,,1,2,1,1,6
200600009480,0006-02-13 05:35:00,6,2,13,5,35,750,5,R SAINT JACQUES R SOUFFL,,,Nuit avec éclairage allumé,En agglomération,Intersection en X,Pluie légère,Autre collision,,,,,,,,,,,5,2,2,2,6
200600009481,0006-02-13 16:07:00,6,2,13,16,7,750,10,180 R LA FAYETTE,,,Plein jour,En agglomération,Hors intersection,Pluie légère,Deux véhicules - arrière,,,,,,,,,,,1,2,1,2,2
200600009482,0006-02-14 16:35:00,6,2,14,16,35,750,5,R DES CARMES R DES ECOLE,,,Plein jour,En agglomération,Intersection en X,Normale,Autre collision,,,,,,,,,,,1,2,2,1,6
200600009483,0006-02-14 16:37:00,6,2,14,16,37,750,9,BD DES CAPUCINES PL DE L,,,Plein jour,En agglomération,Intersection en X,Normale,Deux véhicules - côté,,,,,,,,,,,1,2,2,1,3
200600009484,0006-02-24 15:03:00,6,2,24,15,3,750,12,62 BD DE REUILLY,,,Plein jour,En agglomération,Hors intersection,Normale,Deux véhicules - côté,,,,,,,,,,,1,2,1,1,3
200600009485,0006-02-14 15:45:00,6,2,14,15,45,750,12,L11032 AV DU TREMBLAY,,,Plein jour,En agglomération,Hors intersection,Temps couvert,Autre collision,,,,,,,,,,,1,2,1,8,6
200600009486,0006-02-14 18:50:00,6,2,14,18,50,750,20,L4941 AV CARTELLIER,,,Nuit avec éclairage allumé,En agglomération,Hors intersection,Pluie légère,Sans collision,,,,,,,,,,,5,2,1,2,7
200600009487,0006-02-14 15:31:00,6,2,14,15,31,750,19,140 R DE BELLEVILLE,,,Plein jour,En agglomération,Hors intersection,Normale,Autre collision,,,,,,,,,,,1,2,1,1,6
200600009488,0006-02-14 09:50:00,6,2,14,9,50,750,17,PL ARNAULT TZANCK AV POR,,,Plein jour,En agglomération,Intersection en T,Temps couvert,Autre collision,,,,,,,,,,,1,2,3,8,6
200600009489,0006-02-14 13:15:00,6,2,14,13,15,750,17,10 BD DE DOUAUMONT,,,Plein jour,En agglomération,Hors intersection,Temps couvert,Deux véhicules - côté,,,,,,,,,,,1,2,1,8,3
200600009490,0006-02-14 06:30:00,6,2,14,6,30,750,14,R DAGUERRE AV DU MAINE,,,Nuit avec éclairage allumé,En agglomération,Intersection en T,Normale,Autre collision,,,,,,,,,,,5,2,3,1,6
200600009491,0006-02-27 15:20:00,6,2,27,15,20,750,1,174 R DE RIVOLI,,,Plein jour,En agglomération,Hors intersection,Normale,Autre collision,,,,,,,,,,,1,2,1,1,6
200600009492,0006-02-14 09:20:00,6,2,14,9,20,750,15,PAS DES CHARBONNIERS R L,,,Plein jour,En agglomération,Intersection en T,Normale,Autre collision,,,,,,,,,,,1,2,3,1,6
200600009493,0006-02-14 19:35:00,6,2,14,19,35,750,4,R DE LA CERISAIE BD HENR,,,Nuit avec éclairage allumé,En agglomération,Intersection en X,Normale,Deux véhicules - côté,,,,,,,,,,,5,2,2,1,3
200600009494,0006-02-14 00:01:00,6,2,14,0,1,750,7,R DE BELLECHASSE BD SAIN,,,Nuit avec éclairage allumé,En agglomération,Intersection en X,Normale,Deux véhicules - côté,,,,,,,,,,,5,2,2,1,3
200600009495,0006-02-27 20:25:00,6,2,27,20,25,750,18,48 R CAULAINCOURT,,,Nuit avec éclairage allumé,En agglomération,Hors intersection,Normale,Deux véhicules - frontale,,,,,,,,,,,5,2,1,1,1
200600009496,0006-02-14 09:35:00,6,2,14,9,35,750,13,24 R NEUVE TOLBIAC,,,Plein jour,En agglomération,Hors intersection,Temps couvert,Autre collision,,,,,,,,,,,1,2,1,8,6
200600009497,0006-02-14 23:00:00,6,2,14,23,0,750,13,AV D ITALIE R VANDREZANN,,,Nuit avec éclairage allumé,En agglomération,Intersection en T,Normale,Deux véhicules - côté,,,,,,,,,,,5,2,3,1,3
200600009498,0006-02-14 12:25:00,6,2,14,12,25,750,14,BD RASPAIL R SCHOELCHER,,,Plein jour,En agglomération,Intersection en Y,Temps couvert,Autre collision,,,,,,,,,,,1,2,4,8,6
200600009499,0006-02-14 21:10:00,6,2,14,21,10,750,16,RTE DAUPHINE SABLONS,,,Nuit avec éclairage allumé,En agglomération,Hors intersection,Temps couvert,Deux véhicules - côté,,,,,,,,,,,5,2,1,8,3
200600009500,0006-02-14 19:00:00,6,2,14,19,0,750,8,4 AV GEORGE V,,,Nuit avec éclairage allumé,En agglomération,Hors intersection,Normale,Deux véhicules - côté,,,,,,,,,,,5,2,1,1,3
200600009501,0006-02-14 22:50:00,6,2,14,22,50,750,8,AV CHAMPS ELYSEES AV GEO,,,Nuit avec éclairage allumé,En agglomération,Intersection en Y,Normale,Trois véhicules et plus - en chaîne,,,,,,,,,,,5,2,4,1,4
200600009502,0006-02-14 18:55:00,6,2,14,18,55,750,15,R DE LA CONVENTION R CRO,,,Nuit avec éclairage allumé,En agglomération,Intersection en X,Normale,Autre collision,,,,,,,,,,,5,2,2,1,6