accident_id,datetime,annee,mois,jour,heure,minute,departement,commune_insee,adresse,latitude,longitude,luminosite,agglomeration,intersection,meteo,collision,nb_vehicules,nb_usagers,nb_indemnes,nb_tues,nb_blesses_hosp,nb_blesses_legers,age_cond_1,age_cond_2,veh_type_cond_1,veh_type_cond_2,lum_code,agg_code,int_code,atm_code,col_code
200600009633,0006-02-23 23:40:00,6,2,23,23,40,750,14,BD BRUNE PL PORTE DE VAN,,,Nuit avec éclairage allumé,En agglomération,Intersection en X,Normale,Deux véhicules - côté,,,,,,,,,,,5,2,2,1,3
200600009634,0006-02-23 21:05:00,6,2,23,21,5,750,16,34 R HAMELIN,,,Nuit avec éclairage allumé,En agglomération,Hors intersection,Neige / grêle,Autre collision,,,,,,,,,,,5,2,1,4,6
200600009635,0006-02-23 21:50:00,6,2,23,21,50,750,16,PL PTE DE ST CLOUD AV DE,,,Nuit avec éclairage allumé,En agglomération,Intersection en T,Pluie légère,Deux véhicules - côté,,,,,,,,,,,5,2,3,2,3
200600009636,0006-02-23 12:25:00,6,2,23,12,25,750,16,26 R CHARDON LAGACHE,,,Plein jour,En agglomération,Hors intersection,Temps couvert,Deux véhicules - côté,,,,,,,,,,,1,2,1,8,3
200600009637,0006-02-23 14:30:00,6,2,23,14,30,750,18,18 R MYRHA,,,Plein jour,En agglomération,Hors intersection,Temps couvert,Autre collision,,,,,,,,,,,1,2,1,8,6
200600009638,0006-02-24 13:15:00,6,2,24,13,15,750,3,168 R  DU TEMPLE,,,Plein jour,En agglomération,Hors intersection,Normale,Autre collision,,,,,,,,,,,1,2,1,1,6
200600009639,0006-02-24 20:10:00,6,2,24,20,10,750,5,72 BD SAINT MICHEL,,,Nuit avec éclairage allumé,En agglomération,Hors intersection,Normale,Autre collision,,,,,,,,,,,5,2,1,1,6
200600009640,0006-02-24 22:25:00,6,2,24,22,25,750,5,BD DE L HOPITAL R NICOLA,,,Nuit avec éclairage allumé,En agglomération,Intersection en T,Pluie légère,Autre collision,,,,,,,,,,,5,2,3,2,6
200600009641,0006-02-24 21:00:00,6,2,24,21,0,750,6,BD RASPAIL R VAVIN,,,Nuit avec éclairage allumé,En agglomération,Intersection en X,Normale,Deux véhicules - côté,,,,,,,,,,,5,2,2,1,3
200600009642,0006-02-24 10:23:00,6,2,24,10,23,750,9,R DE MAUBEUGE R TOUR D A,,,Plein jour,En agglomération,Intersection en Y,Normale,Deux véhicules - arrière,,,,,,,,,,,1,2,4,1,2
200600009643,0006-02-24 11:05:00,6,2,24,11,5,750,9,R HALEVY PL JACQUES ROUC,,,Plein jour,En agglomération,Intersection en X,Normale,Deux véhicules - côté,,,,,,,,,,,1,2,2,1,3
200600009644,0006-02-24 23:15:00,6,2,24,23,15,750,11,100 AV DE LA REPUBLIQUE,,,Nuit avec éclairage allumé,En agglomération,Hors intersection,Pluie légère,Deux véhicules - arrière,,,,,,,,,,,5,2,1,2,2
200600009645,0006-02-24 14:45:00,6,2,24,14,45,750,11,256 BD VOLTAIRE,,,Plein jour,En agglomération,Hors intersection,Normale,Deux véhicules - côté,,,,,,,,,,,1,2,1,1,3
200600009646,0006-02-24 01:10:00,6,2,24,1,10,750,11,52 R FG SAINT ANTOINE,,,Nuit avec éclairage allumé,En agglomération,Hors intersection,Normale,Deux véhicules - côté,,,,,,,,,,,5,2,1,1,3
200600009647,0006-02-24 17:00:00,6,2,24,17,0,750,13,130 R NATIONALE,,,Plein jour,En agglomération,Hors intersection,Normale,Autre collision,,,,,,,,,,,1,2,1,1,6
200600009648,0006-02-24 08:23:00,6,2,24,8,23,750,15,4 AV PORTE BRANCION,,,Plein jour,En agglomération,Hors intersection,Pluie légère,Sans collision,,,,,,,,,,,1,2,1,2,7
200600009649,0006-02-24 18:55:00,6,2,24,18,55,750,16,R GUICHARD AV PAUL DOUME,,,Nuit avec éclairage allumé,En agglomération,Intersection en X,Normale,Autre collision,,,,,,,,,,,5,2,2,1,6
200600009650,0006-02-24 22:08:00,6,2,24,22,8,750,16,56 AV DE VERSAILLES,,,Nuit avec éclairage allumé,En agglomération,Hors intersection,Pluie légère,Autre collision,,,,,,,,,,,5,2,1,2,6
200600009651,0006-02-24 11:10:00,6,2,24,11,10,750,16,ECH SAINT CLOUD AV PTE D,,,Plein jour,En agglomération,Intersection en Y,Normale,Deux véhicules - côté,,,,,,,,,,,1,2,4,1,3
200600009652,0006-02-24 09:35:00,6,2,24,9,35,750,16,17 PL DU TROCADERO,,,Plein jour,En agglomération,Hors intersection,Normale,Autre collision,,,,,,,,,,,1,2,1,1,6
200600009653,0006-02-24 19:25:00,6,2,24,19,25,750,17,AV DE CLICHY R GAUTHEY,,,Nuit avec éclairage allumé,En agglomération,Intersection en T,Normale,Deux véhicules - côté,,,,,,,,,,,5,2,3,1,3
200600009654,0006-02-25 17:35:00,6,2,25,17,35,750,7,R CLER R DE GRENELLE,,,Plein jour,En agglomération,Intersection en X,Normale,Autre collision,,,,,,,,,,,1,2,2,1,6
200600009655,0006-02-25 05:15:00,6,2,25,5,15,750,10,14  R DE CHABROL,,,Nuit avec éclairage allumé,En agglomération,Hors intersection,Neige / grêle,Autre collision,,,,,,,,,,,5,2,1,4,6
200600009656,0006-02-25 07:45:00,6,2,25,7,45,750,11,R OBERKAMPF BD RICHARD L,,,Crépuscule ou aube,En agglomération,Intersection en X,Pluie légère,Deux véhicules - côté,,,,,,,,,,,2,2,2,2,3
200600009657,0006-02-25 17:30:00,6,2,25,17,30,750,12,PT CH DE GAULLE Q DE LA,,,Plein jour,En agglomération,Intersection en X,Temps couvert,Autre collision,,,,,,,,,,,1,2,2,8,6
200600009658,0006-02-25 19:55:00,6,2,25,19,55,750,13,AV DES GOBELINS PL D ITA,,,Nuit avec éclairage allumé,En agglomération,Intersection en T,Normale,Autre collision,,,,,,,,,,,5,2,3,1,6
200600009659,0006-02-25 20:30:00,6,2,25,20,30,750,13,34 R BRUNESEAU,,,Plein jour,En agglomération,Hors intersection,Normale,Deux véhicules - arrière,,,,,,,,,,,1,2,1,1,2
200600009660,0006-02-25 00:25:00,6,2,25,0,25,750,13,ECH ITALIE AV PORTE D IT,,,Nuit avec éclairage allumé,En agglomération,Intersection en Y,Pluie légère,Deux véhicules - côté,,,,,,,,,,,5,2,4,2,3
200600009661,0006-02-25 20:40:00,6,2,25,20,40,750,17,78 AV DE CLICHY,,,Nuit avec éclairage allumé,En agglomération,Hors intersection,Normale,Sans collision,,,,,,,,,,,5,2,1,1,7
200600009662,0006-02-25 11:35:00,6,2,25,11,35,750,17,42 AV DE WAGRAM,,,Plein jour,En agglomération,Hors intersection,Normale,Trois véhicules et plus - en chaîne,,,,,,,,,,,1,2,1,1,4
200600009663,0006-02-25 22:10:00,6,2,25,22,10,750,18,R DU POTEAU R VINCENT CO,,,Nuit avec éclairage allumé,En agglomération,Intersection en Y,Normale,Deux véhicules - côté,,,,,,,,,,,5,2,4,1,3
200600009664,0006-02-26 12:20:00,6,2,26,12,20,750,7,R BIXIO AV DE LOWENDAL,,,Plein jour,En agglomération,Intersection en Y,Normale,Sans collision,,,,,,,,,,,1,2,4,1,7
200600009665,0006-02-26 16:45:00,6,2,26,16,45,750,9,PL BLANCHE BD DE CLICHY,,,Plein jour,En agglomération,Intersection en X,Normale,Sans collision,,,,,,,,,,,1,2,2,1,7
200600009666,0006-02-26 05:35:00,6,2,26,5,35,750,11,R KELLER R DE LA ROQUETT,,,Plein jour,En agglomération,Intersection en T,Normale,Deux véhicules - arrière,,,,,,,,,,,1,2,3,1,2
200600009667,0006-02-04 21:20:00,6,2,4,21,20,750,12,BPE CHARENTON DOREE,,,Nuit avec éclairage allumé,En agglomération,Hors intersection,Normale,Deux véhicules - arrière,,,,,,,,,,,5,2,1,1,2
200600009668,0006-02-05 03:50:00,6,2,5,3,50,750,18,ECH CHAPELLE,,,Nuit avec éclairage allumé,En agglomération,Hors intersection,Temps couvert,Autre collision,,,,,,,,,,,5,2,1,8,6
200600009669,0006-02-06 23:15:00,6,2,6,23,15,750,16,BPI AUTEUIL PASSY,,,Nuit avec éclairage allumé,En agglomération,Hors intersection,Normale,Deux véhicules - arrière,,,,,,,,,,,5,2,1,1,2
200600009670,0006-02-07 18:05:00,6,2,7,18,5,750,15,BPE POINT DU JOUR ISSY L,,,Nuit avec éclairage allumé,En agglomération,Hors intersection,Normale,Sans collision,,,,,,,,,,,5,2,1,1,7
200600009671,0006-02-07 09:30:00,6,2,7,9,30,750,16,BPI POINT DU JOUR SAINT,,,Plein jour,En agglomération,Hors intersection,Normale,Deux véhicules - arrière,,,,,,,,,,,1,2,1,1,2
200600009672,0006-02-07 03:31:00,6,2,7,3,31,750,19,BPE PRE SAINT GERVAIS PA,,,Nuit avec éclairage allumé,En agglomération,Hors intersection,Normale,Autre collision,,,,,,,,,,,5,2,1,1,6
200600009673,0006-02-07 20:10:00,6,2,7,20,10,750,20,ECH MONTREUIL,,,Nuit avec éclairage allumé,En agglomération,Hors intersection,Normale,Autre collision,,,,,,,,,,,5,2,1,1,6
200600009674,0006-02-07 18:40:00,6,2,7,18,40,750,20,BPE VINCENNES MONTREUIL,,,Nuit avec éclairage allumé,En agglomération,Hors intersection,Normale,Deux véhicules - côté,,,,,,,,,,,5,2,1,1,3
200600009675,0006-02-09 14:50:00,6,2,9,14,50,750,20,BPE VINCENNES MONTREUIL,,,Plein jour,En agglomération,Hors intersection,Normale,Autre collision,,,,,,,,,,,1,2,1,1,6
200600009676,0006-02-09 21:10:00,6,2,9,21,10,750,17,BPE CHAMPERRET TERNES,,,Nuit avec éclairage allumé,En agglomération,Hors intersection,Normale,Deux véhicules - côté,,,,,,,,,,,5,2,1,1,3
200600009677,0006-02-12 19:04:00,6,2,12,19,4,750,12,BD BERCY R DU CHAROLAIS,,,Nuit avec éclairage allumé,En agglomération,Intersection en Y,Pluie légère,Autre collision,,,,,,,,,,,5,2,4,2,6
200600009678,0006-02-13 18:50:00,6,2,13,18,50,750,16,BPE MAILLOT DAUPHINE,,,Nuit avec éclairage allumé,En agglomération,Hors intersection,Pluie légère,Deux véhicules - côté,,,,,,,,,,,5,2,1,2,3
200600009679,0006-02-13 05:45:00,6,2,13,5,45,750,9,R HENRI MONNIER R VICTOR,,,Nuit avec éclairage allumé,En agglomération,Intersection en T,Pluie légère,Sans collision,,,,,,,,,,,5,2,3,2,7
200600009680,0006-02-15 21:10:00,6,2,15,21,10,750,16,AV VICTOR HUGO PL VICTOR,,,Nuit avec éclairage allumé,En agglomération,Intersection en T,Pluie légère,Sans collision,,,,,,,,,,,5,2,3,2,7
200600009681,0006-02-17 15:15:00,6,2,17,15,15,750,12,PL COMBT AFR NORD R DE L,,,Plein jour,En agglomération,Intersection en T,Normale,Autre collision,,,,,,,,,,,1,2,3,1,6
200600009682,0006-02-20 16:45:00,6,2,20,16,45,750,12,B DE BERCY R CORBINEAU,,,Plein jour,En agglomération,Intersection en T,Normale,Deux véhicules - côté,,,,,,,,,,,1,2,3,1,3
200600009683,0006-02-21 17:00:00,6,2,21,17,0,750,12,CAR DE PYRAMIDE RTE DE,,,Crépuscule ou aube,En agglomération,Intersection en X,Pluie légère,Sans collision,,,,,,,,,,,2,2,2,2,7
200600009684,0006-02-21 07:00:00,6,2,21,7,0,750,12,CRS DES MARECHAUX,,,Crépuscule ou aube,En agglomération,Hors intersection,Pluie légère,Autre collision,,,,,,,,,,,2,2,1,2,6
200600009685,0006-02-23 19:00:00,6,2,23,19,0,750,17,R DAUBIGNY R JOUFFR D AB,,,Nuit avec éclairage allumé,En agglomération,Intersection en X,Normale,Autre collision,,,,,,,,,,,5,2,2,1,6
200600009686,0006-02-24 16:00:00,6,2,24,16,0,750,12,BD DE PICPUS R SANTERRE,,,Plein jour,En agglomération,Intersection en T,Normale,Autre collision,,,,,,,,,,,1,2,3,1,6
200600009687,0006-02-24 17:50:00,6,2,24,17,50,750,12,R DE BERCY R VILLIOT,,,Plein jour,En agglomération,Intersection en X,Normale,Deux véhicules - côté,,,,,,,,,,,1,2,2,1,3
200600009688,0006-02-24 09:10:00,6,2,24,9,10,750,17,R ANDRE BRECHET AV PTE D,,,Plein jour,En agglomération,Intersection en X,Temps couvert,Deux véhicules - côté,,,,,,,,,,,1,2,2,8,3
200600009689,0006-02-25 16:50:00,6,2,25,16,50,750,12,R DE REUILLY CO SAINT EL,,,Plein jour,En agglomération,Intersection en T,Normale,Deux véhicules - côté,,,,,,,,,,,1,2,3,1,3
200600009690,0006-02-25 21:10:00,6,2,25,21,10,750,12,R CHRET DE TROYES AV DAU,,,Nuit avec éclairage allumé,En agglomération,Intersection en T,Normale,Deux véhicules - côté,,,,,,,,,,,5,2,3,1,3
200600009691,0006-02-26 08:30:00,6,2,26,8,30,750,14,R DU DEPART R D ODESSA,,,Plein jour,En agglomération,Intersection en Y,Normale,Autre collision,,,,,,,,,,,1,2,4,1,6
200600009692,0006-02-26 14:10:00,6,2,26,14,10,750,15,R FALGUIERE BD PASTEUR,,,Plein jour,En agglomération,Intersection en X,Normale,Autre collision,,,,,,,,,,,1,2,2,1,6
200600009693,0006-02-26 12:35:00,6,2,26,12,35,750,16,L13221 AV DE NEW YORK,,,Plein jour,En agglomération,Hors intersection,Normale,Sans collision,,,,,,,,,,,1,2,1,1,7
200600009694,0006-02-26 17:15:00,6,2,26,17,15,750,17,186 AV DE CLICHY,,,Nuit avec éclairage allumé,En agglomération,Hors intersection,Normale,Deux véhicules - côté,,,,,,,,,,,5,2,1,1,3
200600009695,0006-02-26 06:01:00,6,2,26,6,1,750,17,AV DE CLICHY R POUCHET,,,Nuit avec éclairage allumé,En agglomération,Intersection en X,Normale,Autre collision,,,,,,,,,,,5,2,2,1,6
200600009696,0006-02-26 06:55:00,6,2,26,6,55,750,19,150 AV DE FLANDRE,,,Plein jour,En agglomération,Hors intersection,Normale,Autre collision,,,,,,,,,,,1,2,1,1,6
200600009697,0006-02-26 20:10:00,6,2,26,20,10,750,18,R DOUDEAUVILLE R LEON,,,Nuit avec éclairage allumé,En agglomération,Intersection en X,Temps couvert,Autre collision,,,,,,,,,,,5,2,2,8,6
200600009698,0006-02-26 06:05:00,6,2,26,6,5,750,18,2 R DE LA CHAPELLE,,,Nuit avec éclairage allumé,En agglomération,Hors intersection,Normale,Autre collision,,,,,,,,,,,5,2,1,1,6
200600009699,0006-02-27 13:15:00,6,2,27,13,15,750,4,R SAINT ANTOINE R DE SEV,,,Plein jour,En agglomération,Intersection en T,Normale,Deux véhicules - côté,,,,,,,,,,,1,2,3,1,3
200600009700,0006-02-27 21:35:00,6,2,27,21,35,750,7,2 R DU BAC,,,Nuit avec éclairage allumé,En agglomération,Hors intersection,Normale,Autre collision,,,,,,,,,,,5,2,1,1,6
200600009701,0006-02-27 09:45:00,6,2,27,9,45,750,8,PL CH DE GAULLE AV CHAMP,,,Plein jour,En agglomération,Intersection en T,Normale,Deux véhicules - côté,,,,,,,,,,,1,2,3,1,3
200600009702,0006-02-27 14:55:00,6,2,27,14,55,750,11,R DE CRUSSOL BD VOLTAIRE,,,Plein jour,En agglomération,Intersection en X,Normale,Deux véhicules - côté,,,,,,,,,,,1,2,2,1,3
200600009703,0006-02-27 14:40:00,6,2,27,14,40,750,15,AV PORTE DE SEVRES BD VI,,,Plein jour,En agglomération,Intersection en X,Normale,Deux véhicules - côté,,,,,,,,,,,1,2,2,1,3
200600009704,0006-02-27 18:14:00,6,2,27,18,14,750,6,R DE RENNES R DE VAUGIRA,,,Nuit avec éclairage allumé,En agglomération,Intersection à plus de 4 branches,Normale,Autre collision,,,,,,,,,,,5,2,5,1,6
200600009705,0006-02-27 09:50:00,6,2,27,9,50,750,6,128 BD RASPAIL,,,Plein jour,En agglomération,Hors intersection,Normale,Autre collision,,,,,,,,,,,1,2,1,1,6
200600009706,0006-02-27 16:20:00,6,2,27,16,20,750,8,PL GABRIEL PERI R DE ROM,,,Plein jour,En agglomération,Intersection en T,Normale,Sans collision,,,,,,,,,,,1,2,3,1,7
200600009707,0006-02-27 08:40:00,6,2,27,8,40,750,10,R EUGENE VARLIN Q DE VAL,,,Plein jour,En agglomération,Intersection en X,Normale,Autre collision,,,,,,,,,,,1,2,2,1,6
200600009708,0006-02-27 11:45:00,6,2,27,11,45,750,18,R DU DEPARTEMENT R JACQU,,,Plein jour,En agglomération,Intersection en Y,Normale,Autre collision,,,,,,,,,,,1,2,4,1,6
200600009709,0006-02-27 07:10:00,6,2,27,7,10,750,20,R DES PYRENEES CRS DE VI,,,Crépuscule ou aube,En agglomération,Intersection en X,Normale,Deux véhicules - côté,,,,,,,,,,,2,2,2,1,3
200600009710,0006-02-28 11:50:00,6,2,28,11,50,750,3,R SAINT MARTIN R DE TURB,,,Plein jour,En agglomération,Intersection en X,Pluie légère,Autre collision,,,,,,,,,,,1,2,2,2,6
200600009711,0006-02-28 23:15:00,6,2,28,23,15,750,11,51 R FG SAINT ANTOINE,,,Nuit avec éclairage allumé,En agglomération,Hors intersection,Neige / grêle,Autre collision,,,,,,,,,,,5,2,1,4,6
200600009712,0006-02-28 16:05:00,6,2,28,16,5,750,15,R ANDRE GIDE R G LECLANC,,,Plein jour,En agglomération,Intersection en Y,Normale,Deux véhicules - arrière,,,,,,,,,,,1,2,4,1,2
200600009713,0006-02-28 09:30:00,6,2,28,9,30,750,13,Q PAN ET LEVASSOR,,,Plein jour,En agglomération,Hors intersection,Pluie légère,Autre collision,,,,,,,,,,,1,2,1,2,6
200600009714,0006-02-28 11:45:00,6,2,28,11,45,750,16,AV PAUL DOUMER PL DU TRO,,,Plein jour,En agglomération,Intersection en T,Pluie légère,Deux véhicules - côté,,,,,,,,,,,1,2,3,2,3
200600009715,0006-02-28 20:30:00,6,2,28,20,30,750,17,17 BD BESSIERES,,,Nuit avec éclairage allumé,En agglomération,Hors intersection,Pluie légère,Sans collision,,,,,,,,,,,5,2,1,2,7
200600009716,0006-02-28 18:00:00,6,2,28,18,0,750,17,30 R D ARMAILLE,,,Nuit avec éclairage allumé,En agglomération,Hors intersection,Pluie légère,Autre collision,,,,,,,,,,,5,2,1,2,6
200600009717,0006-02-28 14:10:00,6,2,28,14,10,750,5,34 BD SAINT MARCEL,,,Plein jour,En agglomération,Hors intersection,Pluie légère,Autre collision,,,,,,,,,,,1,2,1,2,6
200600009718,0006-02-28 16:15:00,6,2,28,16,15,750,5,R GAY LUSSAC BD SAINT MI,,,Plein jour,En agglomération,Intersection en Y,Normale,Deux véhicules - arrière,,,,,,,,,,,1,2,4,1,2
200600009719,0006-02-28 21:35:00,6,2,28,21,35,750,8,R P CHAMPS ELYSEES AV F,,,Nuit avec éclairage allumé,En agglomération,Intersection en X,Normale,Deux véhicules - côté,,,,,,,,,,,5,2,2,1,3
200600009720,0006-02-28 20:10:00,6,2,28,20,10,750,8,R FG SAINT HONORE AV DE,,,Nuit avec éclairage allumé,En agglomération,Intersection en X,Normale,Autre collision,,,,,,,,,,,5,2,2,1,6
200600009721,0006-02-28 19:10:00,6,2,28,19,10,750,9,BD HAUSSMANN R LE PELETI,,,Nuit avec éclairage allumé,En agglomération,Intersection en X,Temps couvert,Deux véhicules - côté,,,,,,,,,,,5,2,2,8,3
200600009722,0006-02-28 23:50:00,6,2,28,23,50,750,9,92 R SAINT LAZARE,,,Nuit avec éclairage allumé,En agglomération,Hors intersection,Neige / grêle,Autre collision,,,,,,,,,,,5,2,1,4,6
200600009723,0006-02-28 17:05:00,6,2,28,17,5,750,10,R DE MARSEILLE Q DE VALM,,,Plein jour,En agglomération,Intersection en T,Pluie légère,Autre collision,,,,,,,,,,,1,2,3,2,6
200600009724,0006-02-28 06:50:00,6,2,28,6,50,750,12,190 R FG SAINT ANTOINE,,,Crépuscule ou aube,En agglomération,Hors intersection,Temps couvert,Autre collision,,,,,,,,,,,2,2,1,8,6
200600009725,0006-02-28 13:45:00,6,2,28,13,45,750,12,36 R FG SAINT ANTOINE,,,Plein jour,En agglomération,Hors intersection,Pluie légère,Sans collision,,,,,,,,,,,1,2,1,2,7
200600009726,0006-02-08 16:30:00,6,2,8,16,30,750,16,BPE PASSY AUTEUIL,,,Plein jour,En agglomération,Hors intersection,Normale,Trois véhicules et plus - en chaîne,,,,,,,,,,,1,2,1,1,4
200600009727,0006-02-10 05:46:00,6,2,10,5,46,750,18,ECH CHAPELLE BPE CHAPELL,,,Nuit avec éclairage allumé,En agglomération,Intersection en Y,Normale,Deux véhicules - côté,,,,,,,,,,,5,2,4,1,3
200600009728,0006-02-13 07:00:00,6,2,13,7,0,750,18,ECH CHAPELLE,,,Crépuscule ou aube,En agglomération,Hors intersection,Pluie légère,Autre collision,,,,,,,,,,,2,2,1,2,6
200600009729,0006-02-14 20:45:00,6,2,14,20,45,750,19,BPE PRE SAINT GERVAIS PA,,,Nuit avec éclairage allumé,En agglomération,Hors intersection,Normale,Deux véhicules - arrière,,,,,,,,,,,5,2,1,1,2
200600009730,0006-02-15 05:50:00,6,2,15,5,50,750,14,ECH ORLEANS R LEGION ETR,,,Nuit avec éclairage allumé,En agglomération,Intersection en T,Pluie forte,Autre collision,,,,,,,,,,,5,2,3,3,6
200600009731,0006-02-17 20:15:00,6,2,17,20,15,750,16,BPE PASSY AUTEUIL,,,Nuit avec éclairage allumé,En agglomération,Hors intersection,Normale,Autre collision,,,,,,,,,,,5,2,1,1,6
200600009732,0006-02-18 08:55:00,6,2,18,8,55,750,17,BPI CLICHY SAINT OUEN,,,Plein jour,En agglomération,Hors intersection,Temps couvert,Autre collision,,,,,,,,,,,1,2,1,8,6
200600009733,0006-02-18 14:50:00,6,2,18,14,50,750,13,BPI GARE  IVRY,,,Plein jour,En agglomération,Hors intersection,Pluie légère,Trois véhicules et plus - en chaîne,,,,,,,,,,,1,2,1,2,4
200600009734,0006-02-19 09:40:00,6,2,19,9,40,750,18,ECH CHAPELLE,,,Plein jour,En agglomération,Hors intersection,Pluie forte,Autre collision,,,,,,,,,,,1,2,1,3,6
200600009735,0006-02-19 07:00:00,6,2,19,7,0,750,17,BPI CHAMPERET ASNIERES,,,Crépuscule ou aube,En agglomération,Hors intersection,Pluie légère,Autre collision,,,,,,,,,,,2,2,1,2,6
200600009736,0006-02-20 13:20:00,6,2,20,13,20,750,16,BPE MAILLOT DAUPHINE,,,Plein jour,En agglomération,Hors intersection,Normale,Autre collision,,,,,,,,,,,1,2,1,1,6
200600009737,0006-02-22 19:05:00,6,2,22,19,5,750,16,BPI AUTEUIL PASSY,,,Nuit avec éclairage allumé,En agglomération,Hors intersection,Normale,Deux véhicules - arrière,,,,,,,,,,,5,2,1,1,2
200600009738,0006-02-22 16:05:00,6,2,22,16,5,750,14,BPI CHATILLON VANVES,,,Plein jour,En agglomération,Hors intersection,Normale,Trois véhicules et plus - en chaîne,,,,,,,,,,,1,2,1,1,4
200600009739,0006-02-22 08:00:00,6,2,22,8,0,750,14,BPI GENTILLY ORLEANS,,,Plein jour,En agglomération,Hors intersection,Normale,Autre collision,,,,,,,,,,,1,2,1,1,6
200600009740,0006-02-23 22:51:00,6,2,23,22,51,750,20,ECH LILAS,,,Nuit avec éclairage allumé,En agglomération,Hors intersection,Normale,Sans collision,,,,,,,,,,,5,2,1,1,7
200600009741,0006-02-23 18:00:00,6,2,23,18,0,750,14,BPE VANVES CHATILLON,,,Crépuscule ou aube,En agglomération,Hors intersection,Normale,Deux véhicules - côté,,,,,,,,,,,2,2,1,1,3
200600009742,0006-02-24 09:00:00,6,2,24,9,0,750,16,BPI MUETTE DAUPHINE,,,Plein jour,En agglomération,Hors intersection,Normale,Deux véhicules - côté,,,,,,,,,,,1,2,1,1,3
200600009743,0006-02-25 12:30:00,6,2,25,12,30,750,16,BPI AUTEUIL  PASSY,,,Plein jour,En agglomération,Hors intersection,Normale,Trois véhicules et plus - en chaîne,,,,,,,,,,,1,2,1,1,4
200600009744,0006-02-27 18:40:00,6,2,27,18,40,750,20,BPI BAGNOLET MONTREUIL,,,Nuit avec éclairage allumé,En agglomération,Hors intersection,Normale,Deux véhicules - arrière,,,,,,,,,,,5,2,1,1,2
200600009745,0006-02-25 05:15:00,6,2,25,5,15,750,12,PL DE LA BASTILLE,,,Nuit avec éclairage allumé,En agglomération,Hors intersection,Pluie légère,Autre collision,,,,,,,,,,,5,2,1,2,6
200600009746,0006-02-27 13:25:00,6,2,27,13,25,750,20,AV GAMBETTA PL MARTIN NA,,,Plein jour,En agglomération,Intersection en X,Normale,Deux véhicules - côté,,,,,,,,,,,1,2,2,1,3
200600009747,0006-02-01 11:05:00,6,2,1,11,5,750,14,104 AV GENERAL LECLERC,,,Plein jour,En agglomération,Hors intersection,Normale,Autre collision,,,,,,,,,,,1,2,1,1,6
200600009748,0006-02-02 08:55:00,6,2,2,8,55,750,5,76 R MONGE,,,Plein jour,En agglomération,Hors intersection,Normale,Autre collision,,,,,,,,,,,1,2,1,1,6
200600009749,0006-02-10 15:45:00,6,2,10,15,45,750,16,ECH MAILLOT PL PORTE MAI,,,Plein jour,En agglomération,Intersection en T,Normale,Deux véhicules - côté,,,,,,,,,,,1,2,3,1,3
200600009750,0006-02-25 15:18:00,6,2,25,15,18,750,18,R DAMREMONT R J DE MAIST,,,Plein jour,En agglomération,Intersection à plus de 4 branches,Normale,Deux véhicules - côté,,,,,,,,,,,1,2,5,1,3
200600009751,0006-02-28 19:00:00,6,2,28,19,0,750,13,BPI GARE D IVRY,,,Nuit avec éclairage allumé,En agglomération,Hors intersection,Normale,Autre collision,,,,,,,,,,,5,2,1,1,6
200600009752,0006-02-24 19:30:00,6,2,24,19,30,750,8,L3026 AV CHAMPS ELYSEES,,,Nuit avec éclairage allumé,En agglomération,Hors intersection,Normale,Deux véhicules - arrière,,,,,,,,,,,5,2,1,1,2
200600009753,0006-02-25 19:45:00,6,2,25,19,45,750,18,R DES GARDES R POLONCEAU,,,Nuit avec éclairage allumé,En agglomération,Intersection en X,Normale,Deux véhicules - côté,,,,,,,,,,,5,2,2,1,3
200600009754,0006-02-24 14:40:00,6,2,24,14,40,760,114,"16, MARECHAL FOCH (AVENU",,,Plein jour,En agglomération,Intersection en T,Normale,Deux véhicules - côté,,,,,,,,,,,1,2,3,1,3
200600009755,0006-02-13 18:50:00,6,2,13,18,50,760,114,"26, COTY RENE (RUE)",,,Nuit avec éclairage allumé,En agglomération,Hors intersection,Normale,Autre collision,,,,,,,,,,,5,2,1,1,6
200600009756,0006-02-09 13:30:00,6,2,9,13,30,760,217,"1, ANCIEN CAMP ANGLAIS (",,,Plein jour,En agglomération,Hors intersection,Normale,Deux véhicules - côté,,,,,,,,,,,1,2,1,1,3
200600009757,0006-02-03 00:55:00,6,2,3,0,55,760,231,"0, POUSSIN. RUE NICOLAS",,,Nuit avec éclairage allumé,En agglomération,Hors intersection,Normale,Sans collision,,,,,,,,,,,5,2,1,1,7
200600009758,0006-02-03 16:35:00,6,2,3,16,35,760,178,"15, MARTYRS. RUE DES",,,Crépuscule ou aube,En agglomération,Hors intersection,Normale,Deux véhicules - côté,,,,,,,,,,,2,2,1,1,3
200600009759,0006-02-10 10:25:00,6,2,10,10,25,760,640,"0, GALBOIS. RUE",,,Plein jour,En agglomération,Hors intersection,Normale,Autre collision,,,,,,,,,,,1,2,1,1,6
200600009760,0006-02-13 21:50:00,6,2,13,21,50,760,231,"0, PETIT COURS. RUE DU",,,Nuit avec éclairage allumé,En agglomération,Intersection en X,Normale,Deux véhicules - côté,,,,,,,,,,,5,2,2,1,3
200600009761,0006-02-07 18:10:00,6,2,7,18,10,760,351,PONT V,,,Nuit avec éclairage non allumé,En agglomération,Intersection en T,Normale,Deux véhicules - côté,,,,,,,,,,,4,2,3,1,3
200600009762,0006-02-08 16:30:00,6,2,8,16,30,760,341,"1, FRIEDRICH ENGELS",,,Plein jour,En agglomération,Intersection en T,Normale,Deux véhicules - côté,,,,,,,,,,,1,2,3,1,3
200600009763,0006-02-27 19:30:00,6,2,27,19,30,760,351,"0, GEORGES POMPIDOU (CHA",,,Nuit avec éclairage allumé,En agglomération,Intersection en X,Pluie légère,Autre collision,,,,,,,,,,,5,2,2,2,6