accident_id,datetime,annee,mois,jour,heure,minute,departement,commune_insee,adresse,latitude,longitude,luminosite,agglomeration,intersection,meteo,collision,nb_vehicules,nb_usagers,nb_indemnes,nb_tues,nb_blesses_hosp,nb_blesses_legers,age_cond_1,age_cond_2,veh_type_cond_1,veh_type_cond_2,lum_code,agg_code,int_code,atm_code,col_code
200600009894,0006-02-21 07:40:00,6,2,21,7,40,780,498,BON ROI SAINT LOUIS AVEN,,,Crépuscule ou aube,Hors agglomération,Intersection en X,Pluie légère,Deux véhicules - côté,,,,,,,,,,,2,1,2,2,3
200600009895,0006-02-22 20:30:00,6,2,22,20,30,780,498,SAINT SEBASTIEN RUE,,,Nuit avec éclairage allumé,En agglomération,Intersection en X,Normale,Deux véhicules - arrière,,,,,,,,,,,5,2,2,1,2
200600009896,0006-02-22 21:00:00,6,2,22,21,0,780,498,DEVAUX BD,,,Nuit avec éclairage non allumé,Hors agglomération,Intersection en X,Normale,Deux véhicules - côté,,,,,,,,,,,4,1,2,1,3
200600009897,0006-02-25 12:50:00,6,2,25,12,50,780,498,MALADRERIE AV DE LA,,,Plein jour,En agglomération,Intersection en X,Normale,Deux véhicules - côté,,,,,,,,,,,1,2,2,1,3
200600009898,0006-02-15 12:35:00,6,2,15,12,35,780,624,"82, DOUMER RUE PAUL",,,Plein jour,En agglomération,Hors intersection,Temps couvert,Autre collision,,,,,,,,,,,1,2,1,8,6
200600009899,0006-02-25 17:30:00,6,2,25,17,30,780,643,BERTEAUX RUE MAURICE,,,Plein jour,En agglomération,Intersection en T,Normale,Autre collision,,,,,,,,,,,1,2,3,1,6
200600009900,0006-02-02 07:40:00,6,2,2,7,40,780,220,RN 10,,,Crépuscule ou aube,Hors agglomération,Hors intersection,Pluie légère,Deux véhicules - arrière,,,,,,,,,,,2,1,1,2,2
200600009901,0006-02-17 12:13:00,6,2,17,12,13,780,517,"24, PATENOTRE (RUE RAYMO",,,Plein jour,En agglomération,Hors intersection,Autre,Sans collision,,,,,,,,,,,1,2,1,9,7
200600009902,0006-02-23 07:45:00,6,2,23,7,45,780,269,"12, DE GAULLE GAZERAN",,,Plein jour,En agglomération,Hors intersection,Normale,Sans collision,,,,,,,,,,,1,2,1,1,7
200600009903,0006-02-13 21:40:00,6,2,13,21,40,780,133,RN.13,,,Nuit sans éclairage public,Hors agglomération,Hors intersection,Normale,Deux véhicules - arrière,,,,,,,,,,,3,1,1,1,2
200600009904,0006-02-14 09:25:00,6,2,14,9,25,780,551,"142, ROOSEVELT (DU PRESI",,,Plein jour,En agglomération,Hors intersection,Normale,Autre collision,,,,,,,,,,,1,2,1,1,6
200600009905,0006-02-17 21:20:00,6,2,17,21,20,780,551,RN 190,,,Nuit sans éclairage public,Hors agglomération,Intersection en X,Normale,Deux véhicules - côté,,,,,,,,,,,3,1,2,1,3
200600009906,0006-02-26 05:00:00,6,2,26,5,0,780,551,RN 184,,,Nuit sans éclairage public,Hors agglomération,Hors intersection,Normale,Sans collision,,,,,,,,,,,3,1,1,1,7
200600009907,0006-02-01 17:25:00,6,2,1,17,25,780,586,DE GAULLE (GENERAL) N°1,,,Plein jour,En agglomération,Hors intersection,Normale,Deux véhicules - arrière,,,,,,,,,,,1,2,1,1,2
200600009908,0006-02-18 06:25:00,6,2,18,6,25,780,586,TURGOT N° IMPAIR,,,Nuit avec éclairage allumé,En agglomération,Hors intersection,Pluie légère,Autre collision,,,,,,,,,,,5,2,1,2,6
200600009909,0006-02-20 11:45:00,6,2,20,11,45,780,586,ROOSEVELT (PRESIDENT),,,Plein jour,En agglomération,Hors intersection,Normale,Autre collision,,,,,,,,,,,1,2,1,1,6
200600009910,0006-02-04 14:05:00,6,2,4,14,5,780,640,MARCEL SEMBAT (RUE),,,Plein jour,En agglomération,Intersection en T,Temps couvert,Deux véhicules - côté,,,,,,,,,,,1,2,3,8,3
200600009911,0006-02-15 23:10:00,6,2,15,23,10,780,322,LIBERATION (RUE DE LA),,,Nuit avec éclairage allumé,En agglomération,Hors intersection,Pluie forte,Deux véhicules - frontale,,,,,,,,,,,5,2,1,3,1
200600009912,0006-02-27 12:35:00,6,2,27,12,35,780,640,EUROPE (AVENUE DE L'),,,Plein jour,En agglomération,Autre intersection,Normale,Autre collision,,,,,,,,,,,1,2,9,1,6
200600009913,0006-02-01 15:45:00,6,2,1,15,45,780,646,PARIS (AVENUE DE),,,Plein jour,En agglomération,Intersection en T,Normale,Deux véhicules - côté,,,,,,,,,,,1,2,3,1,3
200600009914,0006-02-01 14:40:00,6,2,1,14,40,780,117,JEAN CASALE (AVENUE),,,Plein jour,En agglomération,Intersection en T,Normale,Deux véhicules - côté,,,,,,,,,,,1,2,3,1,3
200600009915,0006-02-03 12:30:00,6,2,3,12,30,780,343,LOGES (ROUTE DES),,,Plein jour,Hors agglomération,Hors intersection,Normale,Deux véhicules - côté,,,,,,,,,,,1,1,1,1,3
200600009916,0006-02-13 12:00:00,6,2,13,12,0,780,646,ORANGERIE (RUE DE L'),,,Plein jour,En agglomération,Intersection en T,Normale,Trois véhicules et plus - collisions multiples,,,,,,,,,,,1,2,3,1,5
200600009917,0006-02-13 00:55:00,6,2,13,0,55,780,646,ETATS UNIS (AVENUE DES),,,Nuit avec éclairage allumé,En agglomération,Intersection en Y,Pluie légère,Deux véhicules - côté,,,,,,,,,,,5,2,4,2,3
200600009918,0006-02-18 13:30:00,6,2,18,13,30,780,646,"néant, EUROPE (AVENUE DE",,,Plein jour,En agglomération,Intersection en X,Pluie légère,Deux véhicules - côté,,,,,,,,,,,1,2,2,2,3
200600009919,0006-02-23 18:00:00,6,2,23,18,0,780,646,GENERAL LECLERC (RUE DU),,,Crépuscule ou aube,En agglomération,Intersection en X,Normale,Deux véhicules - côté,,,,,,,,,,,2,2,2,1,3
200600009920,0006-02-08 11:40:00,6,2,8,11,40,780,418,"2, FELICIEN LESAGE (RUE)",,,Plein jour,En agglomération,Hors intersection,Normale,Autre collision,,,,,,,,,,,1,2,1,1,6
200600009921,0006-02-17 20:50:00,6,2,17,20,50,790,191,CHARLES DE GAULLE (AVENU,,,Nuit avec éclairage allumé,En agglomération,Hors intersection,Pluie forte,Deux véhicules - frontale,,,,,,,,,,,5,2,1,3,1
200600009922,0006-02-15 08:20:00,6,2,15,8,20,800,1,"73, PARIS (de)",,,Plein jour,En agglomération,Hors intersection,Pluie forte,Autre collision,,,,,,,,,,,1,2,1,3,6
200600009923,0006-02-02 06:35:00,6,2,2,6,35,800,21,"0, ALEXANDRE DUMAS (RUE)",,,Nuit avec éclairage allumé,En agglomération,Hors intersection,Temps couvert,Sans collision,,,,,,,,,,,5,2,1,8,7
200600009924,0006-02-02 14:10:00,6,2,2,14,10,800,21,", SAINT FUSCIEN (RUE)",,,Plein jour,En agglomération,Intersection en Y,Normale,Deux véhicules - côté,,,,,,,,,,,1,2,4,1,3
200600009925,0006-02-02 17:52:00,6,2,2,17,52,800,21,"226, LUCIEN LECOINTE (RU",,,Nuit avec éclairage allumé,En agglomération,Hors intersection,Normale,Deux véhicules - arrière,,,,,,,,,,,5,2,1,1,2
200600009926,0006-02-02 17:15:00,6,2,2,17,15,800,21,"0, MARECHAL JOFFRE (PLAC",,,Crépuscule ou aube,En agglomération,Intersection en X,Normale,Deux véhicules - côté,,,,,,,,,,,2,2,2,1,3
200600009927,0006-02-01 13:35:00,6,2,1,13,35,800,160,"0, AMIENS (RUE D')",,,Plein jour,En agglomération,Intersection en X,Temps couvert,Deux véhicules - côté,,,,,,,,,,,1,2,2,8,3
200600009928,0006-02-03 07:55:00,6,2,3,7,55,800,21,"43, JULES BARNI (RUE)",,,Crépuscule ou aube,En agglomération,Hors intersection,Temps couvert,Autre collision,,,,,,,,,,,2,2,1,8,6
200600009929,0006-02-02 18:00:00,6,2,2,18,0,800,21,ANDRE DUROUCHEZ (RUE),,,Nuit avec éclairage allumé,En agglomération,Hors intersection,Temps couvert,Sans collision,,,,,,,,,,,5,2,1,8,7
200600009930,0006-02-06 13:10:00,6,2,6,13,10,800,21,"1, PARIS (RUE DE)",,,Plein jour,En agglomération,Hors intersection,Normale,Deux véhicules - frontale,,,,,,,,,,,1,2,1,1,1
200600009931,0006-02-08 00:35:00,6,2,8,0,35,800,261,AMIENS (ROUTE D'),,,Nuit avec éclairage allumé,En agglomération,Hors intersection,Normale,Sans collision,,,,,,,,,,,5,2,1,1,7
200600009932,0006-02-08 10:55:00,6,2,8,10,55,800,21,"0, BEAUVILLE NORD (BOULE",,,Plein jour,En agglomération,Intersection en X,Normale,Deux véhicules - arrière,,,,,,,,,,,1,2,2,1,2
200600009933,0006-02-08 16:45:00,6,2,8,16,45,800,21,"0, ALPHONSE FIQUET (PLAC",,,Plein jour,En agglomération,Hors intersection,Normale,Autre collision,,,,,,,,,,,1,2,1,1,6
200600009934,0006-02-09 17:40:00,6,2,9,17,40,800,21,"0, AMONT (PORT D')",,,Plein jour,En agglomération,Hors intersection,Normale,Autre collision,,,,,,,,,,,1,2,1,1,6
200600009935,0006-02-09 16:45:00,6,2,9,16,45,800,21,"0, JULES VALLES (AVENUE)",,,Plein jour,En agglomération,Hors intersection,Normale,Autre collision,,,,,,,,,,,1,2,1,1,6
200600009936,0006-02-10 11:25:00,6,2,10,11,25,800,21,"171, BEAUVILLE CENTRE (B",,,Plein jour,En agglomération,Hors intersection,Normale,Deux véhicules - arrière,,,,,,,,,,,1,2,1,1,2
200600009937,0006-02-10 14:00:00,6,2,10,14,0,800,674,CORBIE (RUE DE),,,Plein jour,En agglomération,Intersection en T,Normale,Deux véhicules - frontale,,,,,,,,,,,1,2,3,1,1
200600009938,0006-02-11 20:50:00,6,2,11,20,50,800,21,QUATORZE JUILLET 1789 (A,,,Nuit avec éclairage allumé,En agglomération,Intersection en X,Normale,Deux véhicules - côté,,,,,,,,,,,5,2,2,1,3
200600009939,0006-02-13 05:30:00,6,2,13,5,30,800,164,CORBIE (ROUTE),,,Nuit sans éclairage public,Hors agglomération,Hors intersection,Pluie légère,Deux véhicules - côté,,,,,,,,,,,3,1,1,2,3
200600009940,0006-02-15 12:30:00,6,2,15,12,30,800,21,GEORGES POMPIDOU (AVENUE,,,Plein jour,En agglomération,Intersection en X,Normale,Deux véhicules - côté,,,,,,,,,,,1,2,2,1,3
200600009941,0006-02-16 12:40:00,6,2,16,12,40,800,21,FAUBOURG DE HEM (RUE DU),,,Plein jour,En agglomération,Intersection en T,Pluie légère,Autre collision,,,,,,,,,,,1,2,3,2,6
200600009942,0006-02-17 23:15:00,6,2,17,23,15,800,21,"0, CAGNARD (RUE)",,,Nuit avec éclairage allumé,En agglomération,Intersection en X,Normale,Deux véhicules - côté,,,,,,,,,,,5,2,2,1,3
200600009943,0006-02-20 09:10:00,6,2,20,9,10,800,21,CHATEAUDUN (BOULEVARD DE,,,Plein jour,En agglomération,Hors intersection,Pluie légère,Sans collision,,,,,,,,,,,1,2,1,2,7
200600009944,0006-02-22 20:00:00,6,2,22,20,0,800,21,"0, FOY (AVENUE)",,,Crépuscule ou aube,En agglomération,Hors intersection,Normale,Deux véhicules - côté,,,,,,,,,,,2,2,1,1,3
200600009945,0006-02-22 18:40:00,6,2,22,18,40,800,21,"0, JULES BARNI (RUE)",,,Nuit avec éclairage allumé,En agglomération,Hors intersection,Normale,Sans collision,,,,,,,,,,,5,2,1,1,7
200600009946,0006-02-23 16:35:00,6,2,23,16,35,800,21,"157, DELPECH (RUE)",,,Plein jour,En agglomération,Hors intersection,Pluie légère,Deux véhicules - côté,,,,,,,,,,,1,2,1,2,3
200600009947,0006-02-26 07:05:00,6,2,26,7,5,800,21,ROGER DUMOULIN (AVENUE),,,Nuit avec éclairage allumé,En agglomération,Hors intersection,Normale,Deux véhicules - frontale,,,,,,,,,,,5,2,1,1,1
200600009948,0006-02-25 18:00:00,6,2,25,18,0,800,725,"0, JEAN JAURES (AVENUE)",,,Crépuscule ou aube,En agglomération,Hors intersection,Normale,Deux véhicules - côté,,,,,,,,,,,2,2,1,1,3
200600009949,0006-02-24 12:50:00,6,2,24,12,50,800,21,"144, SAINT PIERRE (CHAUS",,,Plein jour,En agglomération,Hors intersection,Normale,Autre collision,,,,,,,,,,,1,2,1,1,6
200600009950,0006-02-26 11:25:00,6,2,26,11,25,800,21,"0, CAGNARD (RUE)",,,Plein jour,En agglomération,Hors intersection,Normale,Deux véhicules - côté,,,,,,,,,,,1,2,1,1,3
200600009951,0006-02-26 18:55:00,6,2,26,18,55,800,21,"524, QUATORZE JUILLET 17",,,Nuit avec éclairage allumé,En agglomération,Hors intersection,Normale,Deux véhicules - côté,,,,,,,,,,,5,2,1,1,3
200600009952,0006-02-23 12:25:00,6,2,23,12,25,800,21,"0, AVAL (PORT D')",,,Plein jour,En agglomération,Hors intersection,Temps couvert,Deux véhicules - côté,,,,,,,,,,,1,2,1,8,3
200600009953,0006-02-28 16:55:00,6,2,28,16,55,800,730,PAUL CORNET (RUE),,,Plein jour,Hors agglomération,Hors intersection,Pluie légère,Sans collision,,,,,,,,,,,1,1,1,2,7
200600009954,0006-02-27 15:30:00,6,2,27,15,30,800,21,"0, JEAN MARC LAURENT (RU",,,Plein jour,En agglomération,Hors intersection,Normale,Deux véhicules - arrière,,,,,,,,,,,1,2,1,1,2
200600009955,0006-02-28 20:20:00,6,2,28,20,20,800,21,"133, SAINT PIERRE (CHAUS",,,Nuit avec éclairage allumé,En agglomération,Hors intersection,Neige / grêle,Deux véhicules - arrière,,,,,,,,,,,5,2,1,4,2
200600009956,0006-02-09 19:05:00,6,2,9,19,5,810,4,THOMAS (AV ALBERT),,,Nuit avec éclairage allumé,En agglomération,Autre intersection,Normale,Deux véhicules - côté,,,,,,,,,,,5,2,9,1,3
200600009957,0006-02-17 13:55:00,6,2,17,13,55,810,4,ROCADE RN88 EST,,,Plein jour,En agglomération,Intersection en X,Normale,Deux véhicules - côté,,,,,,,,,,,1,2,2,1,3
200600009958,0006-02-10 13:00:00,6,2,10,13,0,810,65,"132, DE GAULLE RD 612 (A",,,Plein jour,En agglomération,Intersection en T,Normale,Sans collision,,,,,,,,,,,1,2,3,1,7
200600009959,0006-02-14 11:10:00,6,2,14,11,10,810,65,"64, GAZEL (RUE DU )",,,Plein jour,En agglomération,Hors intersection,Normale,Sans collision,,,,,,,,,,,1,2,1,1,7
200600009960,0006-02-15 19:35:00,6,2,15,19,35,810,65,LAVAUR RD 112 (RTE DE),,,Nuit sans éclairage public,Hors agglomération,Hors intersection,Pluie légère,Sans collision,,,,,,,,,,,3,1,1,2,7
200600009961,0006-02-16 12:05:00,6,2,16,12,5,810,65,"11, FUZIES (RUE)",,,Plein jour,En agglomération,Hors intersection,Pluie légère,Sans collision,,,,,,,,,,,1,2,1,2,7
200600009962,0006-02-20 19:10:00,6,2,20,19,10,810,65,"21, MENDES FRANCE (BD.PI",,,Crépuscule ou aube,En agglomération,Hors intersection,Normale,Trois véhicules et plus - en chaîne,,,,,,,,,,,2,2,1,1,4
200600009963,0006-02-22 17:15:00,6,2,22,17,15,810,65,LAUTREC RD 83 (RTE DE),,,Plein jour,Hors agglomération,Hors intersection,Normale,Sans collision,,,,,,,,,,,1,1,1,1,7
200600009964,0006-02-26 11:05:00,6,2,26,11,5,810,65,DE GAULLE RD 612 (AV. CH,,,Plein jour,En agglomération,Intersection en T,Normale,Deux véhicules - côté,,,,,,,,,,,1,2,3,1,3
200600009965,0006-02-28 16:00:00,6,2,28,16,0,810,105,"01, ROUSSEAU (RUE JEAN-J",,,Plein jour,En agglomération,Hors intersection,Normale,Deux véhicules - frontale,,,,,,,,,,,1,2,1,1,1
200600009966,0006-02-15 12:05:00,6,2,15,12,5,810,21,"2, ECOLES",,,Plein jour,En agglomération,Intersection en T,Normale,Deux véhicules - frontale,,,,,,,,,,,1,2,3,1,1
200600009967,0006-02-13 21:30:00,6,2,13,21,30,820,33,CD 12,,,Nuit sans éclairage public,Hors agglomération,Intersection en Y,Normale,Deux véhicules - côté,,,,,,,,,,,3,1,4,1,3
200600009968,0006-02-05 17:25:00,6,2,5,17,25,820,121,"0, CHANTILLY (BOULEVARD",,,Plein jour,En agglomération,Hors intersection,Normale,Deux véhicules - frontale,,,,,,,,,,,1,2,1,1,1
200600009969,0006-02-05 18:08:00,6,2,5,18,8,820,121,"0, GOUZE(boulevard h)",,,Nuit avec éclairage allumé,En agglomération,Intersection en T,Normale,Deux véhicules - côté,,,,,,,,,,,5,2,3,1,3
200600009970,0006-02-03 07:35:00,6,2,3,7,35,820,121,"0, BORDEAUX (AVENUE DE)",,,Crépuscule ou aube,Hors agglomération,Intersection en T,Pluie légère,Deux véhicules - côté,,,,,,,,,,,2,1,3,2,3
200600009971,0006-02-15 11:55:00,6,2,15,11,55,820,121,"0, ALBI D 999 (AVENUE D'",,,Plein jour,Hors agglomération,Hors intersection,Normale,Autre collision,,,,,,,,,,,1,1,1,1,6
200600009972,0006-02-11 21:20:00,6,2,11,21,20,820,121,"0, 11EME REGIMENT D'INFA",,,Nuit avec éclairage allumé,En agglomération,Hors intersection,Normale,Deux véhicules - frontale,,,,,,,,,,,5,2,1,1,1
200600009973,0006-02-15 08:25:00,6,2,15,8,25,820,121,"0, VITARELLE (ROUTE DE L",,,Plein jour,Hors agglomération,Intersection en X,Normale,Deux véhicules - côté,,,,,,,,,,,1,1,2,1,3
200600009974,0006-02-16 19:15:00,6,2,16,19,15,820,121,"6, ALIBERT ( RUE DU DOCT",,,Nuit avec éclairage allumé,En agglomération,Hors intersection,Normale,Autre collision,,,,,,,,,,,5,2,1,1,6
200600009975,0006-02-17 07:25:00,6,2,17,7,25,820,121,LACRA,,,Crépuscule ou aube,Hors agglomération,Hors intersection,Autre,Autre collision,,,,,,,,,,,2,1,1,9,6
200600009976,0006-02-24 05:00:00,6,2,24,5,0,820,121,"0, MANDOUNE (RUE DE LA)",,,Nuit avec éclairage allumé,En agglomération,Hors intersection,Normale,Autre collision,,,,,,,,,,,5,2,1,1,6
200600009977,0006-02-19 08:05:00,6,2,19,8,5,820,121,"0, MOLIERES (ROUTE DE)",,,Nuit sans éclairage public,Hors agglomération,Intersection en T,Pluie légère,Autre collision,,,,,,,,,,,3,1,3,2,6
200600009978,0006-02-21 10:07:00,6,2,21,10,7,820,121,"4850, BORDEAUX (AVENUE D",,,Plein jour,Hors agglomération,Hors intersection,Normale,Deux véhicules - côté,,,,,,,,,,,1,1,1,1,3
200600009979,0006-02-25 04:50:00,6,2,25,4,50,820,121,"4656, BORDEAUX (AVENUE D",,,Nuit sans éclairage public,Hors agglomération,Hors intersection,Normale,Autre collision,,,,,,,,,,,3,1,1,1,6
200600009980,0006-02-02 15:20:00,6,2,2,15,20,830,50,"482, SAINT EXUPERY(BOULE",,,Plein jour,En agglomération,Hors intersection,Normale,Autre collision,,,,,,,,,,,1,2,1,1,6
200600009981,0006-02-08 20:50:00,6,2,8,20,50,830,50,"568, FOURNAS( AVENUE DU)",,,Nuit avec éclairage allumé,En agglomération,Hors intersection,Normale,Autre collision,,,,,,,,,,,5,2,1,1,6
200600009982,0006-02-15 20:00:00,6,2,15,20,0,830,61,"0, D37",,,Nuit avec éclairage allumé,Hors agglomération,Giratoire,Normale,Deux véhicules - frontale,,,,,,,,,,,5,1,6,1,1
200600009983,0006-02-20 08:30:00,6,2,20,8,30,830,118,"0, AVENUE DE VALESCURE",,,Plein jour,En agglomération,Giratoire,Normale,Autre collision,,,,,,,,,,,1,2,6,1,6
200600009984,0006-02-04 19:00:00,6,2,4,19,0,830,61,"301, AVENUE DU HUIT MAI",,,Nuit avec éclairage allumé,En agglomération,Hors intersection,Normale,Trois véhicules et plus - collisions multiples,,,,,,,,,,,5,2,1,1,5
200600009985,0006-02-12 10:15:00,6,2,12,10,15,830,61,"0, RN7",,,Plein jour,En agglomération,Intersection en T,Normale,Deux véhicules - côté,,,,,,,,,,,1,2,3,1,3
200600009986,0006-02-15 20:45:00,6,2,15,20,45,830,61,"0, RN7",,,Nuit avec éclairage allumé,En agglomération,Intersection en T,Normale,Deux véhicules - côté,,,,,,,,,,,5,2,3,1,3
200600009987,0006-02-11 05:25:00,6,2,11,5,25,830,69,PIERREFEU (ROUTE DE),,,Nuit sans éclairage public,Hors agglomération,Hors intersection,Normale,Autre collision,,,,,,,,,,,3,1,1,1,6
200600009988,0006-02-19 05:40:00,6,2,19,5,40,830,34,"2550, CD559",,,Crépuscule ou aube,Hors agglomération,Hors intersection,Normale,Autre collision,,,,,,,,,,,2,1,1,1,6
200600009989,0006-02-26 01:10:00,6,2,26,1,10,830,69,"500, PIERREFEU (ROUTE DE",,,Nuit sans éclairage public,Hors agglomération,Hors intersection,Normale,Autre collision,,,,,,,,,,,3,1,1,1,6
200600009990,0006-02-12 18:50:00,6,2,12,18,50,830,69,"1550, MADRAGUE (ROUTE DE",,,Nuit avec éclairage allumé,Hors agglomération,Hors intersection,Normale,Deux véhicules - côté,,,,,,,,,,,5,1,1,1,3
200600009991,0006-02-02 11:05:00,6,2,2,11,5,830,69,"10, GODILLOT  ( AVENUE A",,,Plein jour,En agglomération,Hors intersection,Normale,Autre collision,,,,,,,,,,,1,2,1,1,6
200600009992,0006-02-25 14:50:00,6,2,25,14,50,830,69,"150, AURIC (RUE GEORGES)",,,Plein jour,En agglomération,Autre intersection,Normale,Autre collision,,,,,,,,,,,1,2,9,1,6
200600009993,0006-02-01 08:40:00,6,2,1,8,40,830,9,"75, SAINT MARC (CHEMIN D",,,Plein jour,En agglomération,Hors intersection,Temps éblouissant,Autre collision,,,,,,,,,,,1,2,1,7,6
200600009994,0006-02-01 15:50:00,6,2,1,15,50,830,129,NEGADOUX (CHEMIN DES),,,Plein jour,En agglomération,Hors intersection,Normale,Deux véhicules - côté,,,,,,,,,,,1,2,1,1,3
200600009995,0006-02-07 18:50:00,6,2,7,18,50,830,9,LUCIEN ARTAUD (PLACE),,,Nuit avec éclairage allumé,En agglomération,Giratoire,Normale,Autre collision,,,,,,,,,,,5,2,6,1,6
200600009996,0006-02-18 00:10:00,6,2,18,0,10,830,123,"14, DE GAULLE (QUAI)",,,Nuit avec éclairage allumé,En agglomération,Hors intersection,Normale,Deux véhicules - frontale,,,,,,,,,,,5,2,1,1,1
200600009997,0006-02-18 16:30:00,6,2,18,16,30,830,123,"550, RESISTANCE (AV) N°",,,Plein jour,En agglomération,Hors intersection,Normale,Deux véhicules - arrière,,,,,,,,,,,1,2,1,1,2
200600009998,0006-02-23 19:35:00,6,2,23,19,35,830,123,BANDOL (ROUTE)N° IMPAIRS,,,Nuit avec éclairage allumé,En agglomération,Hors intersection,Normale,Autre collision,,,,,,,,,,,5,2,1,1,6
200600009999,0006-02-23 11:45:00,6,2,23,11,45,830,129,DE LATTRE DE TASSIGNY (A,,,Plein jour,En agglomération,Intersection à plus de 4 branches,Normale,Deux véhicules - côté,,,,,,,,,,,1,2,5,1,3
200600010000,0006-02-01 10:00:00,6,2,1,10,0,830,126,IVALDI (AV JEAN BAPTISTE,,,Plein jour,En agglomération,Hors intersection,Normale,Autre collision,,,,,,,,,,,1,2,1,1,6
200600010001,0006-02-02 11:55:00,6,2,2,11,55,830,126,", BAREL (AV. MAX)",,,Plein jour,En agglomération,Hors intersection,Normale,Deux véhicules - côté,,,,,,,,,,,1,2,1,1,3
200600010002,0006-02-06 20:00:00,6,2,6,20,0,830,126,", FRAYSSE (AV PIERRE)",,,Nuit avec éclairage allumé,En agglomération,Hors intersection,Normale,Deux véhicules - frontale,,,,,,,,,,,5,2,1,1,1
200600010003,0006-02-14 17:35:00,6,2,14,17,35,830,126,LAGOUBRAN AUX PLAYES (CH,,,Crépuscule ou aube,En agglomération,Hors intersection,Normale,Deux véhicules - côté,,,,,,,,,,,2,2,1,1,3
200600010004,0006-02-16 09:15:00,6,2,16,9,15,830,126,", CORNICHE DE TAMARIS",,,Plein jour,En agglomération,Hors intersection,Pluie légère,Deux véhicules - côté,,,,,,,,,,,1,2,1,2,3
200600010005,0006-02-17 16:41:00,6,2,17,16,41,830,126,ARMEE FRANCAISE (AV DE L,,,Plein jour,En agglomération,Hors intersection,Normale,Deux véhicules - arrière,,,,,,,,,,,1,2,1,1,2
200600010006,0006-02-16 13:40:00,6,2,16,13,40,830,126,", LAMARQUE (AV JEAN ALBE",,,Plein jour,En agglomération,Hors intersection,Normale,Autre collision,,,,,,,,,,,1,2,1,1,6
200600010007,0006-02-03 14:50:00,6,2,3,14,50,830,137,ROOSEVELT (AVE FRANKLIN),,,Plein jour,En agglomération,Intersection en X,Normale,Deux véhicules - côté,,,,,,,,,,,1,2,2,1,3
200600010008,0006-02-04 20:45:00,6,2,4,20,45,830,137,"02 BIS, CASTEL (RUE)",,,Crépuscule ou aube,En agglomération,Hors intersection,Normale,Autre collision,,,,,,,,,,,2,2,1,1,6
200600010009,0006-02-04 20:40:00,6,2,4,20,40,830,144,"0, TERRES ROUGES (CHEMIN",,,Nuit avec éclairage allumé,En agglomération,Hors intersection,Normale,Autre collision,,,,,,,,,,,5,2,1,1,6
200600010010,0006-02-07 17:30:00,6,2,7,17,30,830,137,BRIAND (AVE ARISTIDE PRO,,,Plein jour,En agglomération,Hors intersection,Normale,Deux véhicules - arrière,,,,,,,,,,,1,2,1,1,2
200600010011,0006-02-05 16:20:00,6,2,5,16,20,830,137,"0, FARON (BD DU)",,,Plein jour,Hors agglomération,Hors intersection,Normale,Deux véhicules - frontale,,,,,,,,,,,1,1,1,1,1
200600010012,0006-02-06 13:30:00,6,2,6,13,30,830,137,"0, VERT COTEAU (AVE DU)",,,Plein jour,En agglomération,Hors intersection,Temps couvert,Autre collision,,,,,,,,,,,1,2,1,8,6
200600010013,0006-02-08 07:35:00,6,2,8,7,35,830,137,JOFFRE (BD MARECHAL),,,Plein jour,En agglomération,Intersection en T,Normale,Deux véhicules - frontale,,,,,,,,,,,1,2,3,1,1
200600010014,0006-02-02 14:15:00,6,2,2,14,15,830,137,"1958, BRIAND (AVE ARISTI",,,Plein jour,En agglomération,Hors intersection,Normale,Deux véhicules - côté,,,,,,,,,,,1,2,1,1,3
200600010015,0006-02-08 15:45:00,6,2,8,15,45,830,137,"0, LE BELLEGOU (AVE EDOU",,,Plein jour,En agglomération,Hors intersection,Normale,Deux véhicules - côté,,,,,,,,,,,1,2,1,1,3
200600010016,0006-02-09 14:40:00,6,2,9,14,40,830,137,"147, PRUNEAU (AVE GENERA",,,Plein jour,En agglomération,Intersection en T,Normale,Sans collision,,,,,,,,,,,1,2,3,1,7
200600010017,0006-02-10 13:15:00,6,2,10,13,15,830,144,NATIONALE 97 (ROUTE),,,Plein jour,Hors agglomération,Hors intersection,Normale,Deux véhicules - frontale,,,,,,,,,,,1,1,1,1,1
200600010018,0006-02-11 11:25:00,6,2,11,11,25,830,90,SANARY (ROUTE DE),,,Plein jour,Hors agglomération,Hors intersection,Normale,Deux véhicules - arrière,,,,,,,,,,,1,1,1,1,2
200600010019,0006-02-09 12:55:00,6,2,9,12,55,830,137,"0, BOURGEOIS (BD LEON)",,,Plein jour,En agglomération,Intersection en X,Normale,Deux véhicules - côté,,,,,,,,,,,1,2,2,1,3
200600010020,0006-02-09 18:00:00,6,2,9,18,0,830,137,LE BELLEGOU (AVE EDOUARD,,,Crépuscule ou aube,En agglomération,Giratoire,Normale,Deux véhicules - côté,,,,,,,,,,,2,2,6,1,3
200600010021,0006-02-13 06:48:00,6,2,13,6,48,830,62,"0, HUIT MAI 1945 (AVENUE",,,Crépuscule ou aube,En agglomération,Intersection en X,Normale,Autre collision,,,,,,,,,,,2,2,2,1,6
200600010022,0006-02-03 11:40:00,6,2,3,11,40,830,62,"261, ST JUST (AVENUE LT",,,Plein jour,En agglomération,Hors intersection,Normale,Deux véhicules - côté,,,,,,,,,,,1,2,1,1,3
200600010023,0006-02-08 07:20:00,6,2,8,7,20,830,144,"244, NATIONALE 97 (ROUTE",,,Crépuscule ou aube,En agglomération,Hors intersection,Normale,Autre collision,,,,,,,,,,,2,2,1,1,6
200600010024,0006-02-09 14:40:00,6,2,9,14,40,830,98,"135, PREMIERE (D.F.L)",,,Plein jour,En agglomération,Hors intersection,Normale,Autre collision,,,,,,,,,,,1,2,1,1,6