accident_id,datetime,annee,mois,jour,heure,minute,departement,commune_insee,adresse,latitude,longitude,luminosite,agglomeration,intersection,meteo,collision,nb_vehicules,nb_usagers,nb_indemnes,nb_tues,nb_blesses_hosp,nb_blesses_legers,age_cond_1,age_cond_2,veh_type_cond_1,veh_type_cond_2,lum_code,agg_code,int_code,atm_code,col_code
200600010156,0006-02-06 05:02:00,6,2,6,5,2,910,228,"., MICHEL (BD LOUISE) N°",,,Crépuscule ou aube,En agglomération,Hors intersection,Normale,Autre collision,,,,,,,,,,,2,2,1,1,6
200600010157,0006-02-06 18:00:00,6,2,6,18,0,910,182,"., MONNET (BD JEAN)",,,Nuit avec éclairage allumé,En agglomération,Hors intersection,Pluie forte,Deux véhicules - arrière,,,,,,,,,,,5,2,1,3,2
200600010158,0006-02-07 20:50:00,6,2,7,20,50,910,521,"., REMY (RUE ALBERT)",,,Nuit avec éclairage allumé,En agglomération,Hors intersection,Pluie légère,Deux véhicules - arrière,,,,,,,,,,,5,2,1,2,2
200600010159,0006-02-08 11:20:00,6,2,8,11,20,910,521,"., REMY (RUE ALBERT)",,,Plein jour,En agglomération,Hors intersection,Normale,Deux véhicules - arrière,,,,,,,,,,,1,2,1,1,2
200600010160,0006-02-10 19:15:00,6,2,10,19,15,910,521,"., CURIE (RUE PIERRE)",,,Nuit avec éclairage allumé,En agglomération,Hors intersection,Normale,Deux véhicules - côté,,,,,,,,,,,5,2,1,1,3
200600010161,0006-02-13 22:45:00,6,2,13,22,45,910,521,"., REMY (RUE ALBERT)",,,Nuit avec éclairage allumé,En agglomération,Hors intersection,Pluie légère,Deux véhicules - arrière,,,,,,,,,,,5,2,1,2,2
200600010162,0006-02-17 14:20:00,6,2,17,14,20,910,228,"., VOIE TU",,,Plein jour,En agglomération,Hors intersection,Normale,Autre collision,,,,,,,,,,,1,2,1,1,6
200600010163,0006-02-19 19:35:00,6,2,19,19,35,910,182,SCHUMAN (BOULEVARD ROBER,,,Nuit avec éclairage allumé,En agglomération,Hors intersection,Temps couvert,Autre collision,,,,,,,,,,,5,2,1,8,6
200600010164,0006-02-20 08:30:00,6,2,20,8,30,910,521,"., RONSARD (RUE)",,,Plein jour,En agglomération,Intersection en X,Pluie légère,Deux véhicules - côté,,,,,,,,,,,1,2,2,2,3
200600010165,0006-02-23 20:00:00,6,2,23,20,0,910,228,"., GENERAL LECLERC (BD)",,,Nuit avec éclairage allumé,En agglomération,Hors intersection,Normale,Autre collision,,,,,,,,,,,5,2,1,1,6
200600010166,0006-02-27 20:30:00,6,2,27,20,30,910,228,"., NEEL (ROND POINT LOUI",,,Nuit avec éclairage allumé,En agglomération,Hors intersection,Normale,Sans collision,,,,,,,,,,,5,2,1,1,7
200600010167,0006-02-15 14:40:00,6,2,15,14,40,910,326,"38, GABRIEL PERI (AVENUE",,,Plein jour,En agglomération,Hors intersection,Pluie forte,Autre collision,,,,,,,,,,,1,2,1,3,6
200600010168,0006-02-21 13:10:00,6,2,21,13,10,910,687,"000, SAVIGNY (RUE DE)",,,Plein jour,En agglomération,Intersection en X,Normale,Autre collision,,,,,,,,,,,1,2,2,1,6
200600010169,0006-02-08 18:55:00,6,2,8,18,55,910,345,"4, YVELINES (RESIDENCE L",,,Nuit avec éclairage allumé,En agglomération,Hors intersection,Normale,Autre collision,,,,,,,,,,,5,2,1,1,6
200600010170,0006-02-01 08:30:00,6,2,1,8,30,910,377,"fin de rue, FRANCE (PLAC",,,Plein jour,En agglomération,Hors intersection,Temps couvert,Autre collision,,,,,,,,,,,1,2,1,8,6
200600010171,0006-02-10 14:30:00,6,2,10,14,30,910,689,"14, AMPERE (AVENUE)",,,Plein jour,En agglomération,Hors intersection,Normale,Deux véhicules - côté,,,,,,,,,,,1,2,1,1,3
200600010172,0006-02-01 08:10:00,6,2,1,8,10,910,691,"1, PAUL DOUMER(RUE)",,,Plein jour,En agglomération,Hors intersection,Normale,Autre collision,,,,,,,,,,,1,2,1,1,6
200600010173,0006-02-06 14:00:00,6,2,6,14,0,910,191,JEAN JAURES (AVENUE),,,Plein jour,En agglomération,Hors intersection,Normale,Autre collision,,,,,,,,,,,1,2,1,1,6
200600010174,0006-02-08 22:30:00,6,2,8,22,30,910,421,"115, JEAN JAURES (AVENUE",,,Nuit avec éclairage allumé,En agglomération,Intersection en X,Normale,Deux véhicules - côté,,,,,,,,,,,5,2,2,1,3
200600010175,0006-02-10 23:50:00,6,2,10,23,50,910,421,NATIONALE 6 (CES POMPIDO,,,Nuit avec éclairage allumé,Hors agglomération,Hors intersection,Normale,Deux véhicules - arrière,,,,,,,,,,,5,1,1,1,2
200600010176,0006-02-12 08:10:00,6,2,12,8,10,910,421,"43, RAYMOND POMIER (RUE)",,,Plein jour,En agglomération,Hors intersection,Normale,Autre collision,,,,,,,,,,,1,2,1,1,6
200600010177,0006-02-11 09:48:00,6,2,11,9,48,910,421,"172, REPUBLIQUE (AVENUE",,,Plein jour,En agglomération,Hors intersection,Normale,Deux véhicules - frontale,,,,,,,,,,,1,2,1,1,1
200600010178,0006-02-11 22:50:00,6,2,11,22,50,910,421,NATIONALE 6 (PARTIE FORE,,,Nuit sans éclairage public,Hors agglomération,Hors intersection,Normale,Sans collision,,,,,,,,,,,3,1,1,1,7
200600010179,0006-02-17 19:40:00,6,2,17,19,40,910,691,"155, RAYMOND POINCARE(RU",,,Nuit avec éclairage allumé,En agglomération,Hors intersection,Temps couvert,Trois véhicules et plus - collisions multiples,,,,,,,,,,,5,2,1,8,5
200600010180,0006-02-19 12:50:00,6,2,19,12,50,910,421,NATIONALE 6 (GLACIERE),,,Plein jour,Hors agglomération,Hors intersection,Pluie légère,Deux véhicules - arrière,,,,,,,,,,,1,1,1,2,2
200600010181,0006-02-22 19:15:00,6,2,22,19,15,910,421,"70, JEAN JAURES (AVENUE)",,,Nuit avec éclairage allumé,En agglomération,Hors intersection,Normale,Deux véhicules - arrière,,,,,,,,,,,5,2,1,1,2
200600010182,0006-02-25 23:55:00,6,2,25,23,55,910,421,NATIONALE 6 (GLACIERE),,,Nuit avec éclairage allumé,Hors agglomération,Hors intersection,Normale,Autre collision,,,,,,,,,,,5,1,1,1,6
200600010183,0006-02-15 05:05:00,6,2,15,5,5,910,421,NATIONALE 6 (GLACIERE),,,Nuit avec éclairage allumé,Hors agglomération,Hors intersection,Normale,Deux véhicules - côté,,,,,,,,,,,5,1,1,1,3
200600010184,0006-02-02 20:40:00,6,2,2,20,40,910,64,R.N. 306,,,Nuit sans éclairage public,Hors agglomération,Intersection en Y,Normale,Trois véhicules et plus - en chaîne,,,,,,,,,,,3,1,4,1,4
200600010185,0006-02-08 13:00:00,6,2,8,13,0,910,471,MONTHLERY (ROUTE DE),,,Plein jour,Hors agglomération,Giratoire,Pluie légère,Deux véhicules - frontale,,,,,,,,,,,1,1,6,2,1
200600010186,0006-02-02 17:10:00,6,2,2,17,10,910,122,"15, HACQUINIERE (RUE DE",,,Plein jour,En agglomération,Hors intersection,Normale,Autre collision,,,,,,,,,,,1,2,1,1,6
200600010187,0006-02-17 08:50:00,6,2,17,8,50,910,645,"0, CHATENAY (VOIE DE)",,,Plein jour,En agglomération,Intersection en X,Normale,Deux véhicules - côté,,,,,,,,,,,1,2,2,1,3
200600010188,0006-02-12 20:05:00,6,2,12,20,5,910,477,STALINGRAD (AVENUE DE),,,Nuit avec éclairage allumé,En agglomération,Intersection en T,Normale,Deux véhicules - côté,,,,,,,,,,,5,2,3,1,3
200600010189,0006-02-10 11:30:00,6,2,10,11,30,910,692,R.N 446,,,Plein jour,Hors agglomération,Intersection en T,Normale,Deux véhicules - côté,,,,,,,,,,,1,1,3,1,3
200600010190,0006-02-18 12:10:00,6,2,18,12,10,910,471,OCEANIE (AVENUE DE L'),,,Plein jour,Hors agglomération,Giratoire,Pluie légère,Deux véhicules - arrière,,,,,,,,,,,1,1,6,2,2
200600010191,0006-02-20 15:50:00,6,2,20,15,50,910,471,VERSAILLES (RUE DE),,,Plein jour,En agglomération,Intersection en X,Normale,Autre collision,,,,,,,,,,,1,2,2,1,6
200600010192,0006-02-03 22:20:00,6,2,3,22,20,910,216,"257, CD 257",,,Nuit avec éclairage allumé,En agglomération,Hors intersection,Normale,Deux véhicules - frontale,,,,,,,,,,,5,2,1,1,1
200600010193,0006-02-18 14:00:00,6,2,18,14,0,910,549,"1, BOELE (RUE DE LA)",,,Plein jour,En agglomération,Intersection en X,Normale,Deux véhicules - côté,,,,,,,,,,,1,2,2,1,3
200600010194,0006-02-22 11:35:00,6,2,22,11,35,910,549,GABRIEL PERI (AVENUE),,,Plein jour,En agglomération,Hors intersection,Normale,Trois véhicules et plus - collisions multiples,,,,,,,,,,,1,2,1,1,5
200600010195,0006-02-22 16:50:00,6,2,22,16,50,910,570,", MONTLHERY (RUE)",,,Plein jour,En agglomération,Hors intersection,Normale,Sans collision,,,,,,,,,,,1,2,1,1,7
200600010196,0006-02-03 16:55:00,6,2,3,16,55,920,2,"66, VELPEAU (RUE)",,,Plein jour,En agglomération,Hors intersection,Temps couvert,Sans collision,,,,,,,,,,,1,2,1,8,7
200600010197,0006-02-07 14:50:00,6,2,7,14,50,920,2,"95, ARISTIDE BRIAND (AVE",,,Plein jour,En agglomération,Hors intersection,Normale,Deux véhicules - côté,,,,,,,,,,,1,2,1,1,3
200600010198,0006-02-14 16:05:00,6,2,14,16,5,920,2,"07, LEON JOUHAUX (AVENUE",,,Plein jour,En agglomération,Intersection en T,Temps couvert,Deux véhicules - côté,,,,,,,,,,,1,2,3,8,3
200600010199,0006-02-14 23:05:00,6,2,14,23,5,920,2,"., MAURICE LABROUSSE (RU",,,Nuit avec éclairage allumé,En agglomération,Intersection en X,Temps couvert,Deux véhicules - côté,,,,,,,,,,,5,2,2,8,3
200600010200,0006-02-15 12:45:00,6,2,15,12,45,920,2,"04, ALEXIS DE TOCQUEVILL",,,Plein jour,En agglomération,Hors intersection,Normale,Deux véhicules - côté,,,,,,,,,,,1,2,1,1,3
200600010201,0006-02-20 15:55:00,6,2,20,15,55,920,2,"51, MUTUALITE (RUE DE LA",,,Plein jour,En agglomération,Hors intersection,Temps couvert,Autre collision,,,,,,,,,,,1,2,1,8,6
200600010202,0006-02-21 17:45:00,6,2,21,17,45,920,2,"143, ADOLPHE PAJEAUD (RU",,,Crépuscule ou aube,En agglomération,Hors intersection,Temps couvert,Autre collision,,,,,,,,,,,2,2,1,8,6
200600010203,0006-02-24 11:50:00,6,2,24,11,50,920,2,"161, DIVISION LECLERC (5",,,Plein jour,En agglomération,Hors intersection,Temps couvert,Deux véhicules - arrière,,,,,,,,,,,1,2,1,8,2
200600010204,0006-02-11 02:00:00,6,2,11,2,0,920,14,AVE GAL LECLERC/CHAMBORD,,,Nuit avec éclairage allumé,En agglomération,Giratoire,Normale,Autre collision,,,,,,,,,,,5,2,6,1,6
200600010205,0006-02-01 00:01:00,6,2,1,0,1,920,9,DOCTEUR DERVAUX  ( QUAI,,,Nuit avec éclairage allumé,En agglomération,Intersection en T,Normale,Sans collision,,,,,,,,,,,5,2,3,1,7
200600010206,0006-02-02 10:10:00,6,2,2,10,10,920,9,"27, GRANDE RUE CHARLES D",,,Plein jour,En agglomération,Hors intersection,Normale,Autre collision,,,,,,,,,,,1,2,1,1,6
200600010207,0006-02-06 18:30:00,6,2,6,18,30,920,9,"14, PARISIENS ( RUE DES",,,Nuit avec éclairage allumé,En agglomération,Intersection en T,Normale,Sans collision,,,,,,,,,,,5,2,3,1,7
200600010208,0006-02-13 12:30:00,6,2,13,12,30,920,9,"193, ARGENTEUIL ( AVENUE",,,Plein jour,En agglomération,Hors intersection,Pluie légère,Deux véhicules - arrière,,,,,,,,,,,1,2,1,2,2
200600010209,0006-02-14 21:25:00,6,2,14,21,25,920,9,"239, ARGENTEUIL ( AVENUE",,,Nuit avec éclairage allumé,En agglomération,Intersection en T,Normale,Deux véhicules - côté,,,,,,,,,,,5,2,3,1,3
200600010210,0006-02-15 19:30:00,6,2,15,19,30,920,9,AGENT SARRE ( RUE DE L',,,Nuit avec éclairage allumé,En agglomération,Intersection en T,Pluie légère,Autre collision,,,,,,,,,,,5,2,3,2,6
200600010211,0006-02-16 09:10:00,6,2,16,9,10,920,9,"107, DOCTEUR DERVAUX  (",,,Plein jour,En agglomération,Hors intersection,Normale,Sans collision,,,,,,,,,,,1,2,1,1,7
200600010212,0006-02-17 12:20:00,6,2,17,12,20,920,9,REDOUTE ( AVENUE DE LA,,,Plein jour,En agglomération,Intersection en X,Normale,Autre collision,,,,,,,,,,,1,2,2,1,6
200600010213,0006-02-19 21:00:00,6,2,19,21,0,920,9,"23, JEAN DUSSOURD",,,Nuit avec éclairage allumé,En agglomération,Intersection en T,Pluie légère,Autre collision,,,,,,,,,,,5,2,3,2,6
200600010214,0006-02-21 13:00:00,6,2,21,13,0,920,9,"63, GABRIEL PERI (AVE )",,,Plein jour,En agglomération,Hors intersection,Pluie légère,Autre collision,,,,,,,,,,,1,2,1,2,6
200600010215,0006-02-26 00:40:00,6,2,26,0,40,920,9,GRANDE RUE CHARLES DE GA,,,Nuit avec éclairage allumé,En agglomération,Intersection en X,Normale,Autre collision,,,,,,,,,,,5,2,2,1,6
200600010216,0006-02-27 20:05:00,6,2,27,20,5,920,9,"63, COLOMBES ( RUE DE 31",,,Nuit avec éclairage allumé,En agglomération,Intersection en X,Normale,Autre collision,,,,,,,,,,,5,2,2,1,6
200600010217,0006-02-28 07:35:00,6,2,28,7,35,920,9,"366, ARGENTEUIL N° 176 A",,,Plein jour,En agglomération,Hors intersection,Normale,Autre collision,,,,,,,,,,,1,2,1,1,6
200600010218,0006-02-02 19:40:00,6,2,2,19,40,920,7,"41, BOURG-LA-REINE (AVEN",,,Nuit avec éclairage allumé,En agglomération,Hors intersection,Normale,Deux véhicules - côté,,,,,,,,,,,5,2,1,1,3
200600010219,0006-02-12 21:40:00,6,2,12,21,40,920,7,"138, RAVERA (AVENUE HENR",,,Nuit avec éclairage allumé,En agglomération,Hors intersection,Pluie légère,Deux véhicules - côté,,,,,,,,,,,5,2,1,2,3
200600010220,0006-02-15 08:20:00,6,2,15,8,20,920,7,"3, CHARTRES (RUE DE)",,,Plein jour,En agglomération,Hors intersection,Pluie légère,Trois véhicules et plus - collisions multiples,,,,,,,,,,,1,2,1,2,5
200600010221,0006-02-02 20:55:00,6,2,2,20,55,920,12,"1, JEAN JAURES (BOULEVAR",,,Nuit avec éclairage allumé,En agglomération,Intersection en X,Normale,Trois véhicules et plus - collisions multiples,,,,,,,,,,,5,2,2,1,5
200600010222,0006-02-12 10:25:00,6,2,12,10,25,920,12,"40, JEAN BAPTISTE CLEMEN",,,Plein jour,En agglomération,Hors intersection,Normale,Autre collision,,,,,,,,,,,1,2,1,1,6
200600010223,0006-02-14 22:40:00,6,2,14,22,40,920,12,"35, ANDRE MORIZET (AVENU",,,Nuit avec éclairage allumé,En agglomération,Hors intersection,Normale,Autre collision,,,,,,,,,,,5,2,1,1,6
200600010224,0006-02-24 12:15:00,6,2,24,12,15,920,12,"57, EDOUARD VAILLANT (AV",,,Plein jour,En agglomération,Intersection en X,Normale,Deux véhicules - côté,,,,,,,,,,,1,2,2,1,3
200600010225,0006-02-27 10:40:00,6,2,27,10,40,920,12,"5, GENERAL LECLERC (AVEN",,,Plein jour,En agglomération,Hors intersection,Normale,Trois véhicules et plus - en chaîne,,,,,,,,,,,1,2,1,1,4
200600010226,0006-02-28 13:40:00,6,2,28,13,40,920,12,"1, ANDRE MORIZET (AVENUE",,,Plein jour,En agglomération,Hors intersection,Normale,Deux véhicules - arrière,,,,,,,,,,,1,2,1,1,2
200600010227,0006-02-06 18:00:00,6,2,6,18,0,920,19,DIVISION LECLERC (AVENUE,,,Nuit avec éclairage allumé,En agglomération,Hors intersection,Pluie légère,Deux véhicules - côté,,,,,,,,,,,5,2,1,2,3
200600010228,0006-02-15 20:05:00,6,2,15,20,5,920,32,"66, LANGEVI PAUL (AVENUE",,,Nuit avec éclairage allumé,En agglomération,Hors intersection,Vent fort / tempête,Deux véhicules - arrière,,,,,,,,,,,5,2,1,6,2
200600010229,0006-02-01 07:30:00,6,2,1,7,30,920,23,BOIS TARDIEU (AVENUE),,,Nuit avec éclairage allumé,En agglomération,Intersection en T,Normale,Autre collision,,,,,,,,,,,5,2,3,1,6
200600010230,0006-02-03 01:55:00,6,2,3,1,55,920,23,EUGENE BEAUJARD (CARREFO,,,Nuit avec éclairage allumé,En agglomération,Giratoire,Normale,Deux véhicules - côté,,,,,,,,,,,5,2,6,1,3
200600010231,0006-02-16 11:30:00,6,2,16,11,30,920,60,MOULIN DE LA TOUR (BOULE,,,Plein jour,En agglomération,Hors intersection,Autre,Autre collision,,,,,,,,,,,1,2,1,9,6
200600010232,0006-02-18 16:15:00,6,2,18,16,15,920,23,CHEMIN VERT (RUE DU),,,Plein jour,En agglomération,Hors intersection,Autre,Autre collision,,,,,,,,,,,1,2,1,9,6
200600010233,0006-02-22 08:30:00,6,2,22,8,30,920,23,GENERAL DE GAULLE (AV DU,,,Plein jour,En agglomération,Hors intersection,Normale,Autre collision,,,,,,,,,,,1,2,1,1,6
200600010234,0006-02-23 19:40:00,6,2,23,19,40,920,60,RAYMOND CROSLAND (AVENUE,,,Nuit avec éclairage allumé,En agglomération,Hors intersection,Normale,Deux véhicules - arrière,,,,,,,,,,,5,2,1,1,2
200600010235,0006-02-01 20:55:00,6,2,1,20,55,920,24,", HUIT MAI 1945 (RUE DU)",,,Nuit avec éclairage allumé,En agglomération,Intersection en X,Normale,Autre collision,,,,,,,,,,,5,2,2,1,6
200600010236,0006-02-03 14:45:00,6,2,3,14,45,920,24,"12, VILLENEUVE (RUE) DE",,,Plein jour,En agglomération,Intersection en X,Normale,Autre collision,,,,,,,,,,,1,2,2,1,6
200600010237,0006-02-14 17:10:00,6,2,14,17,10,920,24,"104, MARTRE (RUE) DE (59",,,Plein jour,En agglomération,Hors intersection,Normale,Autre collision,,,,,,,,,,,1,2,1,1,6
200600010238,0006-02-06 15:00:00,6,2,6,15,0,920,24,"140, MARTRE (RUE) DE (11",,,Plein jour,En agglomération,Hors intersection,Normale,Autre collision,,,,,,,,,,,1,2,1,1,6
200600010239,0006-02-13 11:55:00,6,2,13,11,55,920,24,"117, VICTOR HUGO (BD)",,,Plein jour,En agglomération,Hors intersection,Normale,Autre collision,,,,,,,,,,,1,2,1,1,6
200600010240,0006-02-15 20:30:00,6,2,15,20,30,920,24,"22, GENERAL ROGUET (RUE",,,Nuit avec éclairage allumé,En agglomération,Intersection en T,Pluie forte,Autre collision,,,,,,,,,,,5,2,3,3,6
200600010241,0006-02-22 13:10:00,6,2,22,13,10,920,24,", MARTRE (RUE) DE (59 A",,,Plein jour,En agglomération,Hors intersection,Normale,Trois véhicules et plus - collisions multiples,,,,,,,,,,,1,2,1,1,5
200600010242,0006-02-24 18:25:00,6,2,24,18,25,920,24,"139, JEAN JAURES (BD) DE",,,Plein jour,En agglomération,Hors intersection,Normale,Deux véhicules - arrière,,,,,,,,,,,1,2,1,1,2
200600010243,0006-02-24 17:00:00,6,2,24,17,0,920,24,"106, MARTRE (RUE) DE (59",,,Plein jour,En agglomération,Hors intersection,Normale,Trois véhicules et plus - en chaîne,,,,,,,,,,,1,2,1,1,4
200600010244,0006-02-01 16:35:00,6,2,1,16,35,920,25,VALMY (BD DE),,,Plein jour,En agglomération,Hors intersection,Normale,Autre collision,,,,,,,,,,,1,2,1,1,6
200600010245,0006-02-02 23:25:00,6,2,2,23,25,920,25,"194, VOIES DU BOIS (RUE",,,Nuit avec éclairage allumé,En agglomération,Hors intersection,Normale,Autre collision,,,,,,,,,,,5,2,1,1,6
200600010246,0006-02-05 19:15:00,6,2,5,19,15,920,25,LABOURET (RUE),,,Nuit avec éclairage allumé,En agglomération,Intersection en T,Normale,Autre collision,,,,,,,,,,,5,2,3,1,6
200600010247,0006-02-08 14:40:00,6,2,8,14,40,920,25,BOURNARD (RUE DU),,,Plein jour,En agglomération,Hors intersection,Normale,Autre collision,,,,,,,,,,,1,2,1,1,6
200600010248,0006-02-08 15:24:00,6,2,8,15,24,920,25,STALINGRAD (AV DE),,,Plein jour,En agglomération,Hors intersection,Normale,Autre collision,,,,,,,,,,,1,2,1,1,6
200600010249,0006-02-09 18:10:00,6,2,9,18,10,920,25,GAMBETTA (BD),,,Nuit avec éclairage allumé,En agglomération,Intersection en T,Normale,Deux véhicules - côté,,,,,,,,,,,5,2,3,1,3
200600010250,0006-02-15 15:55:00,6,2,15,15,55,920,25,PRESIDENT SALVADOR ALLEN,,,Plein jour,En agglomération,Hors intersection,Normale,Autre collision,,,,,,,,,,,1,2,1,1,6
200600010251,0006-02-25 13:05:00,6,2,25,13,5,920,25,HENRI BARBUSSE (AV),,,Plein jour,En agglomération,Hors intersection,Normale,Autre collision,,,,,,,,,,,1,2,1,1,6
200600010252,0006-02-26 17:00:00,6,2,26,17,0,920,25,MOSLARD <> 1 A 95 & 2 A,,,Plein jour,En agglomération,Intersection en T,Normale,Deux véhicules - côté,,,,,,,,,,,1,2,3,1,3
200600010253,0006-02-28 08:20:00,6,2,28,8,20,920,25,"120, GABRIEL PERI (RUE)",,,Plein jour,En agglomération,Hors intersection,Pluie légère,Sans collision,,,,,,,,,,,1,2,1,2,7
200600010254,0006-02-10 20:45:00,6,2,10,20,45,920,26,MARCEAU,,,Nuit avec éclairage allumé,En agglomération,Intersection en X,Normale,Deux véhicules - côté,,,,,,,,,,,5,2,2,1,3
200600010255,0006-02-12 17:20:00,6,2,12,17,20,920,26,MADIRAA,,,Plein jour,En agglomération,Hors intersection,Normale,Autre collision,,,,,,,,,,,1,2,1,1,6
200600010256,0006-02-21 07:45:00,6,2,21,7,45,920,26,COLOMBES,,,Plein jour,En agglomération,Intersection en T,Pluie légère,Deux véhicules - côté,,,,,,,,,,,1,2,3,2,3
200600010257,0006-02-06 16:15:00,6,2,6,16,15,920,35,"50, Foch ( avenue )",,,Plein jour,En agglomération,Intersection en X,Normale,Autre collision,,,,,,,,,,,1,2,2,1,6
200600010258,0006-02-02 11:30:00,6,2,2,11,30,920,40,"24-32, GALLIENI (BOULEVA",,,Plein jour,En agglomération,Hors intersection,Normale,Deux véhicules - côté,,,,,,,,,,,1,2,1,1,3
200600010259,0006-02-05 07:50:00,6,2,5,7,50,920,40,STALINGRAD (QUAI DE),,,Crépuscule ou aube,En agglomération,Hors intersection,Normale,Deux véhicules - frontale,,,,,,,,,,,2,2,1,1,1
200600010260,0006-02-13 09:05:00,6,2,13,9,5,920,40,GENERAL LECLERC (DU) DU,,,Plein jour,En agglomération,Hors intersection,Temps couvert,Deux véhicules - arrière,,,,,,,,,,,1,2,1,8,2
200600010261,0006-02-13 11:30:00,6,2,13,11,30,920,40,VIADUC (DU),,,Plein jour,En agglomération,Intersection en X,Pluie légère,Autre collision,,,,,,,,,,,1,2,2,2,6
200600010262,0006-02-15 21:30:00,6,2,15,21,30,920,40,"01, VICTOR CRESSON (AVEN",,,Nuit avec éclairage allumé,En agglomération,Hors intersection,Pluie forte,Autre collision,,,,,,,,,,,5,2,1,3,6
200600010263,0006-02-28 09:35:00,6,2,28,9,35,920,40,"116, VERDUN (AVENUE DE)",,,Plein jour,En agglomération,Hors intersection,Neige / grêle,Autre collision,,,,,,,,,,,1,2,1,4,6
200600010264,0006-02-28 10:00:00,6,2,28,10,0,920,40,"11, PROFESSEUR CALMETTE",,,Plein jour,En agglomération,Hors intersection,Neige / grêle,Autre collision,,,,,,,,,,,1,2,1,4,6
200600010265,0006-02-01 09:05:00,6,2,1,9,5,920,44,"37, GABRIEL PERI(RUE) 25",,,Plein jour,En agglomération,Hors intersection,Normale,Autre collision,,,,,,,,,,,1,2,1,1,6
200600010266,0006-02-02 08:45:00,6,2,2,8,45,920,44,"3, MICHELET(QUAI) 2 A 30",,,Plein jour,En agglomération,Hors intersection,Pluie légère,Trois véhicules et plus - collisions multiples,,,,,,,,,,,1,2,1,2,5
200600010267,0006-02-07 10:00:00,6,2,7,10,0,920,44,"nr, GABRIEL PERI(RUE) 1A",,,Plein jour,En agglomération,Intersection en X,Normale,Deux véhicules - côté,,,,,,,,,,,1,2,2,1,3
200600010268,0006-02-17 14:20:00,6,2,17,14,20,920,44,"2, VILLIERS(RUE DE)  2A5",,,Plein jour,En agglomération,Hors intersection,Normale,Deux véhicules - côté,,,,,,,,,,,1,2,1,1,3
200600010269,0006-02-18 12:25:00,6,2,18,12,25,920,44,"nc, ARISTIDE BRIAND(RUE)",,,Plein jour,En agglomération,Intersection en X,Pluie légère,Autre collision,,,,,,,,,,,1,2,2,2,6
200600010270,0006-02-13 10:00:00,6,2,13,10,0,920,48,"., GENERAL DE GAULLE (AV",,,Plein jour,En agglomération,Hors intersection,Pluie légère,Deux véhicules - côté,,,,,,,,,,,1,2,1,2,3
200600010271,0006-02-01 08:35:00,6,2,1,8,35,920,20,"30, BERTHELOT AVENUE MAR",,,Crépuscule ou aube,En agglomération,Hors intersection,Normale,Autre collision,,,,,,,,,,,2,2,1,1,6
200600010272,0006-02-01 09:50:00,6,2,1,9,50,920,49,"12, BARBES RUE",,,Plein jour,En agglomération,Hors intersection,Normale,Autre collision,,,,,,,,,,,1,2,1,1,6
200600010273,0006-02-06 13:30:00,6,2,6,13,30,920,49,"63, BROSSOLETTE AVENUE P",,,Plein jour,En agglomération,Intersection en X,Normale,Autre collision,,,,,,,,,,,1,2,2,1,6
200600010274,0006-02-14 20:30:00,6,2,14,20,30,920,20,"1, 8 MAI 45 CARREFOUR DU",,,Crépuscule ou aube,En agglomération,Giratoire,Normale,Deux véhicules - côté,,,,,,,,,,,2,2,6,1,3
200600010275,0006-02-24 10:10:00,6,2,24,10,10,920,20,"1, 8 MAI 45 CARREFOUR DU",,,Plein jour,En agglomération,Giratoire,Autre,Deux véhicules - côté,,,,,,,,,,,1,2,6,9,3
200600010276,0006-02-01 22:30:00,6,2,1,22,30,920,50,QUENTIN JULES AVENUE,,,Nuit sans éclairage public,En agglomération,Intersection en T,Autre,Sans collision,,,,,,,,,,,3,2,3,9,7
200600010277,0006-02-04 20:45:00,6,2,4,20,45,920,50,GARCHES RUE DE,,,Nuit avec éclairage allumé,En agglomération,Intersection en T,Normale,Deux véhicules - frontale,,,,,,,,,,,5,2,3,1,1
200600010278,0006-02-06 13:45:00,6,2,6,13,45,920,50,LIBERTE AVENUE DE LA,,,Plein jour,En agglomération,Hors intersection,Normale,Autre collision,,,,,,,,,,,1,2,1,1,6
200600010279,0006-02-26 00:30:00,6,2,26,0,30,920,50,"54, QUENTIN JULES AVENUE",,,Nuit avec éclairage allumé,En agglomération,Hors intersection,Normale,Autre collision,,,,,,,,,,,5,2,1,1,6
200600010280,0006-02-21 08:45:00,6,2,21,8,45,920,50,SURESNES RUE DE,,,Plein jour,Hors agglomération,Hors intersection,Pluie légère,Autre collision,,,,,,,,,,,1,1,1,2,6
200600010281,0006-02-27 16:40:00,6,2,27,16,40,920,50,"135, PICASSO PABLO AVENU",,,Plein jour,En agglomération,Hors intersection,Normale,Deux véhicules - côté,,,,,,,,,,,1,2,1,1,3
200600010282,0006-02-28 12:05:00,6,2,28,12,5,920,50,"182, CLEMENCEAU GEORGES",,,Plein jour,En agglomération,Hors intersection,Pluie légère,Deux véhicules - arrière,,,,,,,,,,,1,2,1,2,2
200600010283,0006-02-05 18:30:00,6,2,5,18,30,920,62,"0, CIRCULAIRE (boulevard",,,Nuit avec éclairage allumé,En agglomération,Hors intersection,Normale,Autre collision,,,,,,,,,,,5,2,1,1,6
200600010284,0006-02-15 16:10:00,6,2,15,16,10,920,62,"17, GUTENBERG (RUE)",,,Plein jour,En agglomération,Hors intersection,Normale,Autre collision,,,,,,,,,,,1,2,1,1,6
200600010285,0006-02-16 16:20:00,6,2,16,16,20,920,62,"0, PITOIS (RUE)",,,Plein jour,En agglomération,Intersection en X,Normale,Autre collision,,,,,,,,,,,1,2,2,1,6