accident_id,datetime,annee,mois,jour,heure,minute,departement,commune_insee,adresse,latitude,longitude,luminosite,agglomeration,intersection,meteo,collision,nb_vehicules,nb_usagers,nb_indemnes,nb_tues,nb_blesses_hosp,nb_blesses_legers,age_cond_1,age_cond_2,veh_type_cond_1,veh_type_cond_2,lum_code,agg_code,int_code,atm_code,col_code
200600010416,0006-02-04 12:20:00,6,2,4,12,20,930,53,BREMENT (RUE DE) 109 A 2,,,Plein jour,En agglomération,Autre intersection,Normale,Deux véhicules - frontale,,,,,,,,,,,1,2,9,1,1
200600010417,0006-02-19 14:30:00,6,2,19,14,30,930,53,"38, MICHELET (BLD) N° 2",,,Plein jour,En agglomération,Hors intersection,Pluie forte,Autre collision,,,,,,,,,,,1,2,1,3,6
200600010418,0006-02-22 08:50:00,6,2,22,8,50,930,53,"20, REPUBLIQUE (BLD DE L",,,Plein jour,En agglomération,Intersection en X,Normale,Deux véhicules - côté,,,,,,,,,,,1,2,2,1,3
200600010419,0006-02-04 18:20:00,6,2,4,18,20,930,55,"178, JEAN LOLIVE (AVENUE",,,Nuit avec éclairage allumé,En agglomération,Hors intersection,Normale,Autre collision,,,,,,,,,,,5,2,1,1,6
200600010420,0006-02-08 14:45:00,6,2,8,14,45,930,55,"74, JULES AUFFRET (51/FI",,,Plein jour,En agglomération,Intersection en T,Normale,Deux véhicules - côté,,,,,,,,,,,1,2,3,1,3
200600010421,0006-02-10 16:40:00,6,2,10,16,40,930,55,"103, JEAN LOLIVE (AVENUE",,,Plein jour,En agglomération,Hors intersection,Normale,Autre collision,,,,,,,,,,,1,2,1,1,6
200600010422,0006-02-14 18:45:00,6,2,14,18,45,930,55,"50, DELIZY (DU 23 A FIN",,,Crépuscule ou aube,En agglomération,Hors intersection,Normale,Autre collision,,,,,,,,,,,2,2,1,1,6
200600010423,0006-02-16 07:00:00,6,2,16,7,0,930,55,"86, JEAN LOLIVE (AVENUE)",,,Nuit avec éclairage allumé,En agglomération,Hors intersection,Temps couvert,Autre collision,,,,,,,,,,,5,2,1,8,6
200600010424,0006-02-18 22:00:00,6,2,18,22,0,930,55,"105, JEAN LOLIVE (AVENUE",,,Nuit avec éclairage allumé,En agglomération,Hors intersection,Temps couvert,Autre collision,,,,,,,,,,,5,2,1,8,6
200600010425,0006-02-20 19:10:00,6,2,20,19,10,930,55,"170, JEAN JAURES (AVENUE",,,Nuit sans éclairage public,En agglomération,Hors intersection,Pluie légère,Autre collision,,,,,,,,,,,3,2,1,2,6
200600010426,0006-02-21 17:28:00,6,2,21,17,28,930,55,JEAN LOLIVE (AVENUE)(75/,,,Plein jour,En agglomération,Intersection en X,Pluie légère,Autre collision,,,,,,,,,,,1,2,2,2,6
200600010427,0006-02-25 13:45:00,6,2,25,13,45,930,55,"01, ESTIENNE D'ORVES (1",,,Plein jour,En agglomération,Intersection en X,Normale,Autre collision,,,,,,,,,,,1,2,2,1,6
200600010428,0006-02-06 18:00:00,6,2,6,18,0,930,62,MONTFERMEIL (ALLEE DE) 1,,,Nuit avec éclairage allumé,En agglomération,Intersection en X,Normale,Deux véhicules - côté,,,,,,,,,,,5,2,2,1,3
200600010429,0006-02-07 08:10:00,6,2,7,8,10,930,14,"2, CHENE POINTU (ALLEE D",,,Plein jour,En agglomération,Intersection à plus de 4 branches,Normale,Deux véhicules - frontale,,,,,,,,,,,1,2,5,1,1
200600010430,0006-02-21 17:40:00,6,2,21,17,40,930,62,"134, RESISTANCE (AVENUE",,,Plein jour,En agglomération,Hors intersection,Temps couvert,Autre collision,,,,,,,,,,,1,2,1,8,6
200600010431,0006-02-24 15:45:00,6,2,24,15,45,930,14,"2, STRATEGIQUE (ROUTE)",,,Plein jour,En agglomération,Intersection en Y,Normale,Deux véhicules - frontale,,,,,,,,,,,1,2,4,1,1
200600010432,0006-02-25 13:35:00,6,2,25,13,35,930,14,"2, MAURICE AUDIN (ALLEE)",,,Plein jour,En agglomération,Intersection en T,Normale,Deux véhicules - côté,,,,,,,,,,,1,2,3,1,3
200600010433,0006-02-27 07:20:00,6,2,27,7,20,930,62,"0, THIERS (ROND POINT)",,,Plein jour,En agglomération,Giratoire,Normale,Deux véhicules - côté,,,,,,,,,,,1,2,6,1,3
200600010434,0006-02-08 11:50:00,6,2,8,11,50,930,64,"06, LISBONNE (RUE DE)",,,Plein jour,En agglomération,Hors intersection,Normale,Sans collision,,,,,,,,,,,1,2,1,1,7
200600010435,0006-02-23 07:35:00,6,2,23,7,35,930,77,", GRANDE RUE  18 / FIN",,,Crépuscule ou aube,En agglomération,Intersection en X,Normale,Deux véhicules - arrière,,,,,,,,,,,2,2,2,1,2
200600010436,0006-02-24 08:10:00,6,2,24,8,10,930,77,"02, DE GAULLE (PLACE CHA",,,Crépuscule ou aube,En agglomération,Hors intersection,Normale,Autre collision,,,,,,,,,,,2,2,1,1,6
200600010437,0006-02-19 18:50:00,6,2,19,18,50,930,64,"168, PERI (BOULEVARD GAB",,,Nuit sans éclairage public,En agglomération,Hors intersection,Pluie légère,Sans collision,,,,,,,,,,,3,2,1,2,7
200600010438,0006-02-04 21:55:00,6,2,4,21,55,930,39,MARINE (QUAI DE LA ),,,Nuit avec éclairage allumé,En agglomération,Hors intersection,Normale,Deux véhicules - frontale,,,,,,,,,,,5,2,1,1,1
200600010439,0006-02-07 17:00:00,6,2,7,17,0,930,66,"84, FRANCE ANATOLE ENTRE",,,Crépuscule ou aube,En agglomération,Hors intersection,Temps couvert,Deux véhicules - côté,,,,,,,,,,,2,2,1,8,3
200600010440,0006-02-10 14:45:00,6,2,10,14,45,930,66,"""BONNEVIDE, NR 58 ET SUI",,,Plein jour,En agglomération,Intersection en X,Normale,Autre collision,,,,,,,,,,,1,2,2,1,6
200600010441,0006-02-11 18:50:00,6,2,11,18,50,930,66,"33, FRANCE ANATOLE (BOUL",,,Nuit avec éclairage allumé,En agglomération,Hors intersection,Normale,Deux véhicules - côté,,,,,,,,,,,5,2,1,1,3
200600010442,0006-02-11 19:15:00,6,2,11,19,15,930,66,"""GUESDE JULES (BD), NR 2",,,Crépuscule ou aube,En agglomération,Intersection en T,Normale,Autre collision,,,,,,,,,,,2,2,3,1,6
200600010443,0006-02-13 16:00:00,6,2,13,16,0,930,66,"22, HUGUES CLOVIS",,,Plein jour,En agglomération,Hors intersection,Pluie légère,Trois véhicules et plus - collisions multiples,,,,,,,,,,,1,2,1,2,5
200600010444,0006-02-20 15:25:00,6,2,20,15,25,930,66,"125, ""BARBUSSE HENRI, NR",,,Plein jour,En agglomération,Hors intersection,Normale,Autre collision,,,,,,,,,,,1,2,1,1,6
200600010445,0006-02-22 18:00:00,6,2,22,18,0,930,66,"""LANDY RD 20, NR PAIRS 2",,,Plein jour,En agglomération,Hors intersection,Temps couvert,Autre collision,,,,,,,,,,,1,2,1,8,6
200600010446,0006-02-23 17:30:00,6,2,23,17,30,930,66,"5, PLOUICH",,,Plein jour,En agglomération,Hors intersection,Normale,Autre collision,,,,,,,,,,,1,2,1,1,6
200600010447,0006-02-24 11:45:00,6,2,24,11,45,930,66,CROIZAT AMBROISE RD 29 B,,,Plein jour,En agglomération,Hors intersection,Normale,Trois véhicules et plus - en chaîne,,,,,,,,,,,1,2,1,1,4
200600010448,0006-02-05 09:00:00,6,2,5,9,0,930,39,"1, SEINE (QUAI DE )",,,Plein jour,En agglomération,Hors intersection,Normale,Deux véhicules - frontale,,,,,,,,,,,1,2,1,1,1
200600010449,0006-02-01 06:00:00,6,2,1,6,0,930,70,GABRIEL-PERI (AV),,,Nuit avec éclairage allumé,En agglomération,Place,Normale,Autre collision,,,,,,,,,,,5,2,7,1,6
200600010450,0006-02-06 19:25:00,6,2,6,19,25,930,70,"53, ALBERT-DHALENNE (RUE",,,Nuit avec éclairage allumé,En agglomération,Hors intersection,Pluie légère,Autre collision,,,,,,,,,,,5,2,1,2,6
200600010451,0006-02-10 14:00:00,6,2,10,14,0,930,70,"00000, CLAUDEL CAMILLE (",,,Plein jour,En agglomération,Intersection en T,Normale,Autre collision,,,,,,,,,,,1,2,3,1,6
200600010452,0006-02-10 20:20:00,6,2,10,20,20,930,70,"00000000, MICHELET(AV):N",,,Nuit avec éclairage allumé,En agglomération,Intersection en T,Normale,Deux véhicules - côté,,,,,,,,,,,5,2,3,1,3
200600010453,0006-02-14 16:40:00,6,2,14,16,40,930,70,"19, CHARLES SCHMIDT(RUE)",,,Plein jour,En agglomération,Hors intersection,Pluie légère,Deux véhicules - côté,,,,,,,,,,,1,2,1,2,3
200600010454,0006-02-27 17:30:00,6,2,27,17,30,930,70,PALOUZIE(RUE),,,Nuit avec éclairage allumé,En agglomération,Intersection en X,Normale,Autre collision,,,,,,,,,,,5,2,2,1,6
200600010455,0006-02-06 18:20:00,6,2,6,18,20,930,71,SALVADOR ALLENDE (AVENUE,,,Nuit sans éclairage public,En agglomération,Hors intersection,Temps couvert,Deux véhicules - frontale,,,,,,,,,,,3,2,1,8,1
200600010456,0006-02-09 17:45:00,6,2,9,17,45,930,71,RAOUL DAUTRY (AVENUE),,,Crépuscule ou aube,En agglomération,Intersection en X,Normale,Deux véhicules - frontale,,,,,,,,,,,2,2,2,1,1
200600010457,0006-02-20 14:30:00,6,2,20,14,30,930,59,ELYSEE RECLUS (AVENUE) N,,,Plein jour,En agglomération,Hors intersection,Normale,Deux véhicules - arrière,,,,,,,,,,,1,2,1,1,2
200600010458,0006-02-10 13:30:00,6,2,10,13,30,930,59,"52, CHARLES DE GAULLE (B",,,Plein jour,En agglomération,Autre intersection,Normale,Deux véhicules - arrière,,,,,,,,,,,1,2,9,1,2
200600010459,0006-02-17 15:15:00,6,2,17,15,15,930,72,STALINGRAD (AVENUE DE) C,,,Plein jour,En agglomération,Intersection en X,Normale,Deux véhicules - côté,,,,,,,,,,,1,2,2,1,3
200600010460,0006-02-16 19:10:00,6,2,16,19,10,930,78,PLAINE DE FRANCE (AVENUE,,,Nuit avec éclairage allumé,Hors agglomération,Hors intersection,Pluie légère,Deux véhicules - côté,,,,,,,,,,,5,1,1,2,3
200600010461,0006-02-11 09:50:00,6,2,11,9,50,930,78,SAUSSET (AVENUE DU),,,Plein jour,En agglomération,Giratoire,Normale,Deux véhicules - côté,,,,,,,,,,,1,2,6,1,3
200600010462,0006-02-23 09:15:00,6,2,23,9,15,930,78,BALLANGER (BD ROBERT),,,Plein jour,En agglomération,Intersection en X,Neige / grêle,Deux véhicules - côté,,,,,,,,,,,1,2,2,4,3
200600010463,0006-02-13 09:20:00,6,2,13,9,20,940,2,"44, BLANQUI (QU)",,,Plein jour,En agglomération,Hors intersection,Pluie légère,Deux véhicules - côté,,,,,,,,,,,1,2,1,2,3
200600010464,0006-02-21 17:30:00,6,2,21,17,30,940,2,"0, BLANQUI (QU)",,,Plein jour,En agglomération,Intersection en X,Temps couvert,Deux véhicules - côté,,,,,,,,,,,1,2,2,8,3
200600010465,0006-02-24 09:55:00,6,2,24,9,55,940,2,"71, ETIENNE DOLET (R)",,,Plein jour,En agglomération,Hors intersection,Normale,Sans collision,,,,,,,,,,,1,2,1,1,7
200600010466,0006-02-27 17:30:00,6,2,27,17,30,940,2,JEAN BAPTISTE CLEMENT (Q,,,Plein jour,En agglomération,Intersection en X,Normale,Deux véhicules - côté,,,,,,,,,,,1,2,2,1,3
200600010467,0006-02-07 09:10:00,6,2,7,9,10,940,71,OLIVIER D ORMESSON (AV),,,Plein jour,En agglomération,Intersection en Y,Normale,Deux véhicules - côté,,,,,,,,,,,1,2,4,1,3
200600010468,0006-02-08 07:30:00,6,2,8,7,30,940,71,"0, VILLENEUVE (R DE)",,,Crépuscule ou aube,En agglomération,Autre intersection,Temps couvert,Autre collision,,,,,,,,,,,2,2,9,8,6
200600010469,0006-02-22 18:30:00,6,2,22,18,30,940,4,"25, SUCY (R DE)",,,Crépuscule ou aube,En agglomération,Hors intersection,Normale,Autre collision,,,,,,,,,,,2,2,1,1,6
200600010470,0006-02-25 18:30:00,6,2,25,18,30,940,4,"0, BREVANNES (R DE)",,,Crépuscule ou aube,En agglomération,Place,Normale,Deux véhicules - frontale,,,,,,,,,,,2,2,7,1,1
200600010471,0006-02-27 17:20:00,6,2,27,17,20,940,44,"15, EMILE ZOLA (R)",,,Plein jour,En agglomération,Hors intersection,Normale,Autre collision,,,,,,,,,,,1,2,1,1,6
200600010472,0006-02-28 11:55:00,6,2,28,11,55,940,48,GROSBOIS (AV DE),,,Plein jour,En agglomération,Intersection en X,Pluie légère,Deux véhicules - côté,,,,,,,,,,,1,2,2,2,3
200600010473,0006-02-11 10:10:00,6,2,11,10,10,940,48,"00, route nationale 19",,,Plein jour,En agglomération,Hors intersection,Normale,Autre collision,,,,,,,,,,,1,2,1,1,6
200600010474,0006-02-26 21:15:00,6,2,26,21,15,940,4,"00, GENERAL LECLERC (AV)",,,Nuit avec éclairage allumé,En agglomération,Intersection en X,Normale,Deux véhicules - côté,,,,,,,,,,,5,2,2,1,3
200600010475,0006-02-28 08:20:00,6,2,28,8,20,940,44,GABRIEL PERI (AV),,,Plein jour,En agglomération,Intersection en X,Normale,Deux véhicules - côté,,,,,,,,,,,1,2,2,1,3
200600010476,0006-02-07 19:55:00,6,2,7,19,55,940,17,"0, JACQUES SOLOMON (R)",,,Nuit avec éclairage allumé,En agglomération,Hors intersection,Normale,Autre collision,,,,,,,,,,,5,2,1,1,6
200600010477,0006-02-08 15:30:00,6,2,8,15,30,940,17,"0, GENERAL DE GAULLE (AV",,,Plein jour,En agglomération,Autre intersection,Pluie légère,Deux véhicules - côté,,,,,,,,,,,1,2,9,2,3
200600010478,0006-02-08 16:30:00,6,2,8,16,30,940,17,"83, ROGER SALENGRO (AV)",,,Plein jour,En agglomération,Intersection en T,Normale,Autre collision,,,,,,,,,,,1,2,3,1,6
200600010479,0006-02-10 17:30:00,6,2,10,17,30,940,17,"02, BOILEAU (AV)",,,Plein jour,En agglomération,Hors intersection,Normale,Autre collision,,,,,,,,,,,1,2,1,1,6
200600010480,0006-02-13 14:05:00,6,2,13,14,5,940,17,STALINGRAD (BD DE),,,Plein jour,En agglomération,Intersection en X,Pluie légère,Deux véhicules - côté,,,,,,,,,,,1,2,2,2,3
200600010481,0006-02-14 07:45:00,6,2,14,7,45,940,17,GEORGES DIMITROV (R),,,Crépuscule ou aube,En agglomération,Intersection en X,Normale,Autre collision,,,,,,,,,,,2,2,2,1,6
200600010482,0006-02-24 08:40:00,6,2,24,8,40,940,17,"54, JEAN SAVU (R)",,,Plein jour,En agglomération,Hors intersection,Normale,Deux véhicules - côté,,,,,,,,,,,1,2,1,1,3
200600010483,0006-02-28 16:45:00,6,2,28,16,45,940,17,ROGER SALENGRO (AV),,,Plein jour,En agglomération,Intersection en X,Normale,Deux véhicules - côté,,,,,,,,,,,1,2,2,1,3
200600010484,0006-02-16 17:15:00,6,2,16,17,15,940,18,PARIS (R DE),,,Crépuscule ou aube,En agglomération,Intersection en T,Pluie légère,Autre collision,,,,,,,,,,,2,2,3,2,6
200600010485,0006-02-24 15:35:00,6,2,24,15,35,940,18,BERCY (QU DE),,,Plein jour,En agglomération,Hors intersection,Normale,Deux véhicules - côté,,,,,,,,,,,1,2,1,1,3
200600010486,0006-02-01 13:00:00,6,2,1,13,0,940,79,"0, ARISTIDE BRIAND (BD)",,,Plein jour,En agglomération,Hors intersection,Normale,Sans collision,,,,,,,,,,,1,2,1,1,7
200600010487,0006-02-15 21:05:00,6,2,15,21,5,940,79,"00, GENERAL LECLERC (R D",,,Plein jour,En agglomération,Hors intersection,Normale,Sans collision,,,,,,,,,,,1,2,1,1,7
200600010488,0006-02-17 20:30:00,6,2,17,20,30,940,53,"00, GRANDE RUE PIERRE ME",,,Nuit avec éclairage allumé,En agglomération,Hors intersection,Normale,Deux véhicules - arrière,,,,,,,,,,,5,2,1,1,2
200600010489,0006-02-19 18:20:00,6,2,19,18,20,940,79,"0, JEAN MONNET (BD)",,,Nuit avec éclairage allumé,En agglomération,Hors intersection,Pluie forte,Sans collision,,,,,,,,,,,5,2,1,3,7
200600010490,0006-02-27 08:30:00,6,2,27,8,30,940,79,"00, COMBAULT (RTE DE)",,,Plein jour,En agglomération,Intersection en T,Normale,Deux véhicules - côté,,,,,,,,,,,1,2,3,1,3
200600010491,0006-02-09 09:25:00,6,2,9,9,25,940,54,"4-6, MOULIN A CAILLOUX (",,,Plein jour,En agglomération,Hors intersection,Normale,Deux véhicules - arrière,,,,,,,,,,,1,2,1,1,2
200600010492,0006-02-12 02:50:00,6,2,12,2,50,940,22,"0, GENERAL LECLERC (AV)",,,Nuit avec éclairage allumé,En agglomération,Intersection en X,Normale,Deux véhicules - côté,,,,,,,,,,,5,2,2,1,3
200600010493,0006-02-15 07:35:00,6,2,15,7,35,940,54,"0, CHARLES TILLON (route",,,Crépuscule ou aube,En agglomération,Hors intersection,Normale,Autre collision,,,,,,,,,,,2,2,1,1,6
200600010494,0006-02-21 08:40:00,6,2,21,8,40,940,22,"0, REPUBLIQUE (AV DE LA)",,,Plein jour,En agglomération,Hors intersection,Normale,Autre collision,,,,,,,,,,,1,2,1,1,6
200600010495,0006-02-24 10:15:00,6,2,24,10,15,940,22,"0, VICTOR HUGO (AV)",,,Crépuscule ou aube,En agglomération,Intersection en X,Normale,Deux véhicules - côté,,,,,,,,,,,2,2,2,1,3
200600010496,0006-02-25 10:10:00,6,2,25,10,10,940,22,"0, JULES GUESDE (QU)",,,Plein jour,En agglomération,Hors intersection,Temps couvert,Autre collision,,,,,,,,,,,1,2,1,8,6
200600010497,0006-02-02 17:00:00,6,2,2,17,0,940,28,PASTEUR VALERY RADOT(IMP,48.77912,2.44309,Plein jour,En agglomération,Hors intersection,Normale,Deux véhicules - arrière,,,,,,,,,,,1,2,1,1,2
200600010498,0006-02-05 17:05:00,6,2,5,17,5,940,11,ORADOUR SUR GLANE(AVENUE,48.77077,2.46472,Plein jour,En agglomération,Hors intersection,Normale,Autre collision,,,,,,,,,,,1,2,1,1,6
200600010499,0006-02-03 19:00:00,6,2,3,19,0,940,28,"0, LAFERRIERE(AVENUE)",48.80188,2.45897,Nuit avec éclairage non allumé,En agglomération,Hors intersection,Normale,Deux véhicules - côté,,,,,,,,,,,4,2,1,1,3
200600010500,0006-02-03 17:00:00,6,2,3,17,0,940,28,"0, BRIE(RUE DE)",48.77077,2.48678,Plein jour,En agglomération,Hors intersection,Normale,Deux véhicules - côté,,,,,,,,,,,1,2,1,1,3
200600010501,0006-02-08 07:30:00,6,2,8,7,30,940,28,EIFFEL.(RUE GUSTAVE),48.79874,2.45186,Crépuscule ou aube,En agglomération,Hors intersection,Pluie légère,Autre collision,,,,,,,,,,,2,2,1,2,6
200600010502,0006-02-10 21:50:00,6,2,10,21,50,940,11,ROSTAND.(RUE JEAN),,,Nuit avec éclairage allumé,En agglomération,Hors intersection,Normale,Deux véhicules - arrière,,,,,,,,,,,5,2,1,1,2
200600010503,0006-02-11 05:05:00,6,2,11,5,5,940,11,"0, BOISSY.(AVENUE DE)",48.76421,2.49287,Nuit avec éclairage allumé,En agglomération,Autre intersection,Normale,Deux véhicules - côté,,,,,,,,,,,5,2,9,1,3
200600010504,0006-02-11 17:20:00,6,2,11,17,20,940,28,"0, CORBIERES(RUE DES)",48.77074,2.46872,Crépuscule ou aube,En agglomération,Hors intersection,Normale,Deux véhicules - arrière,,,,,,,,,,,2,2,1,1,2
200600010505,0006-02-13 17:20:00,6,2,13,17,20,940,11,"0, ROSTAND.(RUE JEAN)",48.76577,2.48137,Plein jour,En agglomération,Hors intersection,Pluie légère,Trois véhicules et plus - en chaîne,,,,,,,,,,,1,2,1,2,4
200600010506,0006-02-13 10:45:00,6,2,13,10,45,940,28,FOCH(AVENUE DU MARECHAL),48.77996,2.43784,Plein jour,En agglomération,Hors intersection,Normale,Deux véhicules - arrière,,,,,,,,,,,1,2,1,1,2
200600010507,0006-02-15 14:20:00,6,2,15,14,20,940,11,VERDUN.(AVENUE DE),,,Plein jour,En agglomération,Hors intersection,Pluie légère,Autre collision,,,,,,,,,,,1,2,1,2,6
200600010508,0006-02-16 15:30:00,6,2,16,15,30,940,11,ROSTAND.(RUE JEAN),,,Plein jour,En agglomération,Hors intersection,Temps couvert,Deux véhicules - arrière,,,,,,,,,,,1,2,1,8,2
200600010509,0006-02-19 19:45:00,6,2,19,19,45,940,28,MESLY(AVENUE DU CHEMIN D,48.78785,2.46203,Crépuscule ou aube,En agglomération,Hors intersection,Normale,Autre collision,,,,,,,,,,,2,2,1,1,6
200600010510,0006-02-21 15:00:00,6,2,21,15,0,940,28,GAULLE(AVENUE DU GENERAL,48.78782,2.462,Plein jour,En agglomération,Hors intersection,Normale,Autre collision,,,,,,,,,,,1,2,1,1,6
200600010511,0006-02-23 07:50:00,6,2,23,7,50,940,28,"21, TASSIGNY(AVE DU MARE",48.79612,2.45787,Crépuscule ou aube,En agglomération,Hors intersection,Normale,Autre collision,,,,,,,,,,,2,2,1,1,6
200600010512,0006-02-23 15:05:00,6,2,23,15,5,940,28,RENOIR.(RUE AUGUSTE),48.78137,2.46419,Plein jour,En agglomération,Hors intersection,Normale,Autre collision,,,,,,,,,,,1,2,1,1,6
200600010513,0006-02-23 17:15:00,6,2,23,17,15,940,28,HALPERN.(AVENUE BERNARD),48.78916,2.44458,Plein jour,En agglomération,Hors intersection,Normale,Trois véhicules et plus - en chaîne,,,,,,,,,,,1,2,1,1,4
200600010514,0006-02-28 07:00:00,6,2,28,7,0,940,28,VERDUN.(AVENUE DE),48.79385,2.46148,Crépuscule ou aube,En agglomération,Hors intersection,Pluie légère,Autre collision,,,,,,,,,,,2,2,1,2,6
200600010515,0006-02-01 01:40:00,6,2,1,1,40,940,33,CHARLES GARCIA (AV),,,Nuit avec éclairage allumé,En agglomération,Hors intersection,Normale,Deux véhicules - arrière,,,,,,,,,,,5,2,1,1,2
200600010516,0006-02-21 08:30:00,6,2,21,8,30,940,33,GALLIENI (BD),,,Plein jour,En agglomération,Hors intersection,Pluie forte,Deux véhicules - arrière,,,,,,,,,,,1,2,1,3,2
200600010517,0006-02-02 17:20:00,6,2,2,17,20,940,37,GABRIEL PERI (R),,,Plein jour,En agglomération,Hors intersection,Normale,Autre collision,,,,,,,,,,,1,2,1,1,6
200600010518,0006-02-06 07:00:00,6,2,6,7,0,940,76,"98, VERDUN (R DE)",,,Crépuscule ou aube,En agglomération,Hors intersection,Normale,Deux véhicules - côté,,,,,,,,,,,2,2,1,1,3
200600010519,0006-02-13 05:50:00,6,2,13,5,50,940,76,"30, PRESIDENT ALLENDE (A",,,Crépuscule ou aube,En agglomération,Hors intersection,Pluie légère,Autre collision,,,,,,,,,,,2,2,1,2,6
200600010520,0006-02-13 15:50:00,6,2,13,15,50,940,43,"17, FONTAINEBLEAU (AV DE",,,Plein jour,En agglomération,Hors intersection,Normale,Autre collision,,,,,,,,,,,1,2,1,1,6
200600010521,0006-02-14 07:50:00,6,2,14,7,50,940,43,FONTAINEBLEAU (AV DE),,,Plein jour,En agglomération,Intersection en T,Normale,Deux véhicules - arrière,,,,,,,,,,,1,2,3,1,2
200600010522,0006-02-14 21:05:00,6,2,14,21,5,940,16,"13, DIVISION LECLERC (AV",,,Nuit avec éclairage allumé,En agglomération,Hors intersection,Normale,Deux véhicules - côté,,,,,,,,,,,5,2,1,1,3
200600010523,0006-02-15 12:40:00,6,2,15,12,40,940,43,GABRIEL PERI (R),,,Plein jour,En agglomération,Intersection en X,Normale,Deux véhicules - côté,,,,,,,,,,,1,2,2,1,3
200600010524,0006-02-19 18:25:00,6,2,19,18,25,940,16,"1, GALLIENI (R)",,,Nuit avec éclairage allumé,En agglomération,Hors intersection,Normale,Sans collision,,,,,,,,,,,5,2,1,1,7
200600010525,0006-02-23 11:50:00,6,2,23,11,50,940,43,"01, VERDUN (R DE)",,,Plein jour,En agglomération,Hors intersection,Normale,Deux véhicules - côté,,,,,,,,,,,1,2,1,1,3
200600010526,0006-02-23 14:20:00,6,2,23,14,20,940,3,"17, PAUL VAILLANT COUTUR",,,Plein jour,En agglomération,Hors intersection,Normale,Deux véhicules - côté,,,,,,,,,,,1,2,1,1,3
200600010527,0006-02-23 19:55:00,6,2,23,19,55,940,3,PAUL VAILLANT COUTURIER,,,Crépuscule ou aube,En agglomération,Hors intersection,Normale,Deux véhicules - frontale,,,,,,,,,,,2,2,1,1,1
200600010528,0006-02-24 12:15:00,6,2,24,12,15,940,76,"11, CHASTENET DE GERY (B",,,Plein jour,En agglomération,Hors intersection,Normale,Deux véhicules - côté,,,,,,,,,,,1,2,1,1,3
200600010529,0006-02-27 20:00:00,6,2,27,20,0,940,3,"1, MARX DORMOY (AV)",,,Nuit avec éclairage allumé,En agglomération,Intersection en T,Normale,Deux véhicules - côté,,,,,,,,,,,5,2,3,1,3
200600010530,0006-02-28 16:50:00,6,2,28,16,50,940,16,"15, MARX DORMOY (R)",,,Plein jour,En agglomération,Hors intersection,Normale,Autre collision,,,,,,,,,,,1,2,1,1,6
200600010531,0006-02-01 07:15:00,6,2,1,7,15,940,38,"73, PAUL VAILLANT COUTUR",,,Nuit avec éclairage allumé,En agglomération,Passage à niveau,Normale,Autre collision,,,,,,,,,,,5,2,8,1,6
200600010532,0006-02-02 06:40:00,6,2,2,6,40,940,65,"., TROIS MARCHES (AV) /",,,Nuit avec éclairage allumé,En agglomération,Intersection en T,Brouillard / fumée,Deux véhicules - frontale,,,,,,,,,,,5,2,3,5,1
200600010533,0006-02-10 12:10:00,6,2,10,12,10,940,65,BOULEVARD CIRCULAIRE ( M,,,Plein jour,En agglomération,Hors intersection,Normale,Autre collision,,,,,,,,,,,1,2,1,1,6
200600010534,0006-02-12 19:30:00,6,2,12,19,30,940,38,PAUL HOCHART (R),,,Nuit avec éclairage allumé,En agglomération,Autre intersection,Pluie légère,Deux véhicules - frontale,,,,,,,,,,,5,2,9,2,1
200600010535,0006-02-14 19:10:00,6,2,14,19,10,940,73,BAS MARIN (R DU),,,Nuit avec éclairage non allumé,Hors agglomération,Hors intersection,Normale,Deux véhicules - côté,,,,,,,,,,,4,1,1,1,3
200600010536,0006-02-13 13:30:00,6,2,13,13,30,940,65,TROIS MARCHES (AV) / MIN,,,Plein jour,Hors agglomération,Intersection en X,Pluie légère,Deux véhicules - côté,,,,,,,,,,,1,1,2,2,3
200600010537,0006-02-15 06:40:00,6,2,15,6,40,940,65,CHARLES LINDBERGH (AV),,,Nuit avec éclairage allumé,En agglomération,Hors intersection,Pluie légère,Deux véhicules - côté,,,,,,,,,,,5,2,1,2,3
200600010538,0006-02-20 07:24:00,6,2,20,7,24,940,21,"326, STALINGRAD (AV DE)",,,Crépuscule ou aube,En agglomération,Hors intersection,Normale,Autre collision,,,,,,,,,,,2,2,1,1,6
200600010539,0006-02-28 09:10:00,6,2,28,9,10,940,73,RN 186,,,Plein jour,En agglomération,Hors intersection,Neige / grêle,Deux véhicules - côté,,,,,,,,,,,1,2,1,4,3
200600010540,0006-02-25 16:15:00,6,2,25,16,15,940,21,"15, HENRI CRETTE (R)",,,Plein jour,En agglomération,Hors intersection,Normale,Autre collision,,,,,,,,,,,1,2,1,1,6
200600010541,0006-02-28 12:50:00,6,2,28,12,50,940,38,GENERAL DE GAULLE (AV DU,,,Plein jour,En agglomération,Hors intersection,Pluie légère,Deux véhicules - côté,,,,,,,,,,,1,2,1,2,3
200600010542,0006-02-03 16:20:00,6,2,3,16,20,940,41,"149, MAURICE THOREZ (AV)",,,Plein jour,En agglomération,Hors intersection,Normale,Deux véhicules - côté,,,,,,,,,,,1,2,1,1,3
200600010543,0006-02-15 12:04:00,6,2,15,12,4,940,41,"1, CHARLES LEROY (R)",,,Plein jour,En agglomération,Hors intersection,Pluie légère,Sans collision,,,,,,,,,,,1,2,1,2,7
200600010544,0006-02-18 09:40:00,6,2,18,9,40,940,41,"5, WESTERMEYER (R)",,,Plein jour,En agglomération,Hors intersection,Autre,Sans collision,,,,,,,,,,,1,2,1,9,7
200600010545,0006-02-24 20:30:00,6,2,24,20,30,940,41,"6, VERDUN (AV DE)",,,Nuit avec éclairage allumé,En agglomération,Hors intersection,Normale,Sans collision,,,,,,,,,,,5,2,1,1,7