accident_id,datetime,annee,mois,jour,heure,minute,departement,commune_insee,adresse,latitude,longitude,luminosite,agglomeration,intersection,meteo,collision,nb_vehicules,nb_usagers,nb_indemnes,nb_tues,nb_blesses_hosp,nb_blesses_legers,age_cond_1,age_cond_2,veh_type_cond_1,veh_type_cond_2,lum_code,agg_code,int_code,atm_code,col_code
200600010546,0006-02-11 13:25:00,6,2,11,13,25,940,41,"97-101, PAUL VAILLANT CO",,,Plein jour,En agglomération,Hors intersection,Normale,Deux véhicules - côté,,,,,,,,,,,1,2,1,1,3
200600010547,0006-02-13 09:40:00,6,2,13,9,40,940,41,MAURICE THOREZ (AV),,,Plein jour,En agglomération,Hors intersection,Pluie légère,Sans collision,,,,,,,,,,,1,2,1,2,7
200600010548,0006-02-12 20:30:00,6,2,12,20,30,940,41,BAUDIN (R),,,Nuit avec éclairage allumé,En agglomération,Intersection en X,Pluie légère,Deux véhicules - arrière,,,,,,,,,,,5,2,2,2,2
200600010549,0006-02-16 12:05:00,6,2,16,12,5,940,41,"77, VERDUN (AV DE)",,,Plein jour,En agglomération,Hors intersection,Normale,Deux véhicules - arrière,,,,,,,,,,,1,2,1,1,2
200600010550,0006-02-21 10:15:00,6,2,21,10,15,940,41,WESTERMEYER (R),,,Plein jour,Hors agglomération,Hors intersection,Normale,Deux véhicules - côté,,,,,,,,,,,1,1,1,1,3
200600010551,0006-02-08 10:00:00,6,2,8,10,0,940,41,"61, BRANDEBOURG (BD DE)",,,Plein jour,En agglomération,Hors intersection,Pluie légère,Sans collision,,,,,,,,,,,1,2,1,2,7
200600010552,0006-02-11 18:40:00,6,2,11,18,40,940,41,"41, VICTOR HUGO (R)",,,Nuit avec éclairage allumé,En agglomération,Hors intersection,Normale,Deux véhicules - frontale,,,,,,,,,,,5,2,1,1,1
200600010553,0006-02-04 08:00:00,6,2,4,8,0,940,46,GENERAL LECLERC (AV DU),,,Crépuscule ou aube,En agglomération,Autre intersection,Normale,Deux véhicules - côté,,,,,,,,,,,2,2,9,1,3
200600010554,0006-02-09 15:15:00,6,2,9,15,15,940,46,"45, STRASBOURG (R DE)",,,Plein jour,En agglomération,Hors intersection,Normale,Deux véhicules - côté,,,,,,,,,,,1,2,1,1,3
200600010555,0006-02-19 18:35:00,6,2,19,18,35,940,46,"2, MARC SANGNIER (R)",,,Nuit avec éclairage allumé,En agglomération,Hors intersection,Pluie légère,Autre collision,,,,,,,,,,,5,2,1,2,6
200600010556,0006-02-25 20:50:00,6,2,25,20,50,940,46,GENERAL DE GAULLE (AV DU,,,Nuit avec éclairage allumé,En agglomération,Autre intersection,Normale,Deux véhicules - côté,,,,,,,,,,,5,2,9,1,3
200600010557,0006-02-28 15:50:00,6,2,28,15,50,940,46,"00, GENERAL LECLERC (AV",,,Plein jour,En agglomération,Intersection en T,Normale,Deux véhicules - côté,,,,,,,,,,,1,2,3,1,3
200600010558,0006-02-02 18:15:00,6,2,2,18,15,940,15,"91, PASTEUR (BD)",,,Nuit avec éclairage allumé,En agglomération,Hors intersection,Normale,Deux véhicules - côté,,,,,,,,,,,5,2,1,1,3
200600010559,0006-02-06 19:00:00,6,2,6,19,0,940,15,GENERAL GALLIENI (BD DU),,,Nuit avec éclairage allumé,En agglomération,Intersection en T,Normale,Deux véhicules - côté,,,,,,,,,,,5,2,3,1,3
200600010560,0006-02-09 18:25:00,6,2,9,18,25,940,52,GALLIENI (BD),,,Nuit avec éclairage allumé,En agglomération,Intersection en T,Normale,Autre collision,,,,,,,,,,,5,2,3,1,6
200600010561,0006-02-18 03:00:00,6,2,18,3,0,940,42,"07, GENERAL GALLIENI (AV",,,Nuit avec éclairage allumé,En agglomération,Hors intersection,Pluie légère,Deux véhicules - frontale,,,,,,,,,,,5,2,1,2,1
200600010562,0006-02-01 09:20:00,6,2,1,9,20,940,58,PIERRE BROSSOLETTE (AV),,,Plein jour,En agglomération,Hors intersection,Normale,Deux véhicules - côté,,,,,,,,,,,1,2,1,1,3
200600010563,0006-02-21 11:40:00,6,2,21,11,40,940,42,BARRAGE (QU DU),,,Plein jour,En agglomération,Hors intersection,Pluie légère,Autre collision,,,,,,,,,,,1,2,1,2,6
200600010564,0006-02-01 08:25:00,6,2,1,8,25,940,68,GENERAL GIRAUD (BD DU),,,Plein jour,En agglomération,Hors intersection,Normale,Deux véhicules - arrière,,,,,,,,,,,1,2,1,1,2
200600010565,0006-02-02 13:45:00,6,2,2,13,45,940,68,BARATTE CHOLET (R),,,Plein jour,En agglomération,Hors intersection,Normale,Sans collision,,,,,,,,,,,1,2,1,1,7
200600010566,0006-02-07 18:05:00,6,2,7,18,5,940,68,"81, GARIBALDI (R)",,,Nuit avec éclairage allumé,En agglomération,Hors intersection,Normale,Autre collision,,,,,,,,,,,5,2,1,1,6
200600010567,0006-02-17 20:00:00,6,2,17,20,0,940,68,PONT DE CRETEIL (R DU),,,Nuit sans éclairage public,En agglomération,Intersection en T,Normale,Deux véhicules - côté,,,,,,,,,,,3,2,3,1,3
200600010568,0006-02-18 12:35:00,6,2,18,12,35,940,68,KRUGER (R),,,Plein jour,En agglomération,Intersection en T,Pluie légère,Autre collision,,,,,,,,,,,1,2,3,2,6
200600010569,0006-02-24 16:45:00,6,2,24,16,45,940,68,AUGUSTE MARIN (AV),,,Plein jour,En agglomération,Hors intersection,Normale,Autre collision,,,,,,,,,,,1,2,1,1,6
200600010570,0006-02-05 22:15:00,6,2,5,22,15,940,78,MELUN (AV DE),,,Nuit avec éclairage allumé,En agglomération,Hors intersection,Normale,Autre collision,,,,,,,,,,,5,2,1,1,6
200600010571,0006-02-23 17:50:00,6,2,23,17,50,940,78,HENRI LEDUC (R),,,Plein jour,En agglomération,Hors intersection,Normale,Autre collision,,,,,,,,,,,1,2,1,1,6
200600010572,0006-02-21 15:05:00,6,2,21,15,5,940,77,NON DENOMMEE (VOI),,,Plein jour,En agglomération,Hors intersection,Normale,Deux véhicules - arrière,,,,,,,,,,,1,2,1,1,2
200600010573,0006-02-06 08:25:00,6,2,6,8,25,940,78,PARIS (R DE),,,Plein jour,En agglomération,Hors intersection,Normale,Deux véhicules - arrière,,,,,,,,,,,1,2,1,1,2
200600010574,0006-02-18 12:20:00,6,2,18,12,20,940,78,L'APPEL DU DIX-HUIT JUIN,,,Plein jour,En agglomération,Hors intersection,Pluie légère,Autre collision,,,,,,,,,,,1,2,1,2,6
200600010575,0006-02-26 01:50:00,6,2,26,1,50,940,78,PARIS (R DE),,,Nuit avec éclairage allumé,En agglomération,Intersection en T,Normale,Autre collision,,,,,,,,,,,5,2,3,1,6
200600010576,0006-02-08 09:25:00,6,2,8,9,25,940,78,"0, MELUN (AV DE)",,,Plein jour,En agglomération,Hors intersection,Pluie légère,Autre collision,,,,,,,,,,,1,2,1,2,6
200600010577,0006-02-23 12:30:00,6,2,23,12,30,940,78,"0, CARNOT (AV)",,,Plein jour,En agglomération,Hors intersection,Normale,Autre collision,,,,,,,,,,,1,2,1,1,6
200600010578,0006-02-01 17:50:00,6,2,1,17,50,940,80,"133, FONTENAY (R DE)",,,Crépuscule ou aube,En agglomération,Hors intersection,Normale,Deux véhicules - côté,,,,,,,,,,,2,2,1,1,3
200600010579,0006-02-09 09:30:00,6,2,9,9,30,940,67,"07, MONGENOT (R)",,,Plein jour,En agglomération,Hors intersection,Normale,Deux véhicules - côté,,,,,,,,,,,1,2,1,1,3
200600010580,0006-02-28 16:25:00,6,2,28,16,25,940,67,"12 bis, ALOUETTE (R DE L",,,Plein jour,En agglomération,Hors intersection,Normale,Autre collision,,,,,,,,,,,1,2,1,1,6
200600010581,0006-02-11 11:40:00,6,2,11,11,40,940,81,"74, ANATOLE FRANCE (AV)",,,Plein jour,En agglomération,Hors intersection,Normale,Autre collision,,,,,,,,,,,1,2,1,1,6
200600010582,0006-02-15 19:00:00,6,2,15,19,0,940,81,"4 bis, CHARLES INFROIT (",,,Nuit avec éclairage allumé,En agglomération,Autre intersection,Pluie forte,Deux véhicules - côté,,,,,,,,,,,5,2,9,3,3
200600010583,0006-02-22 17:30:00,6,2,22,17,30,940,81,"128, PAUL VAILLANT COUTU",,,Plein jour,En agglomération,Hors intersection,Normale,Autre collision,,,,,,,,,,,1,2,1,1,6
200600010584,0006-02-01 16:55:00,6,2,1,16,55,950,18,"132, BARBUSSE (RUE HENRI",,,Plein jour,En agglomération,Hors intersection,Normale,Autre collision,,,,,,,,,,,1,2,1,1,6
200600010585,0006-02-04 09:25:00,6,2,4,9,25,950,18,FEIX (BOULEVARD LEON),,,Plein jour,En agglomération,Intersection en X,Normale,Deux véhicules - côté,,,,,,,,,,,1,2,2,1,3
200600010586,0006-02-04 20:00:00,6,2,4,20,0,950,176,CLEMENCEAU (BOULEVARD GE,,,Nuit avec éclairage allumé,En agglomération,Hors intersection,Normale,Trois véhicules et plus - en chaîne,,,,,,,,,,,5,2,1,1,4
200600010587,0006-02-05 13:10:00,6,2,5,13,10,950,18,"174, JAURES (AVENUE JEAN",,,Plein jour,En agglomération,Hors intersection,Temps couvert,Autre collision,,,,,,,,,,,1,2,1,8,6
200600010588,0006-02-07 10:30:00,6,2,7,10,30,950,18,LURCAT (RUE JEAN),,,Plein jour,En agglomération,Intersection en X,Normale,Autre collision,,,,,,,,,,,1,2,2,1,6
200600010589,0006-02-07 16:55:00,6,2,7,16,55,950,176,STRATEGIQUE (ROUTE),,,Crépuscule ou aube,En agglomération,Hors intersection,Normale,Deux véhicules - côté,,,,,,,,,,,2,2,1,1,3
200600010590,0006-02-07 19:10:00,6,2,7,19,10,950,18,RESISTANCE (BOULEVARD DE,,,Nuit avec éclairage allumé,En agglomération,Hors intersection,Normale,Deux véhicules - côté,,,,,,,,,,,5,2,1,1,3
200600010591,0006-02-08 22:15:00,6,2,8,22,15,950,18,CORMEILLES (ROUTE DE),,,Nuit avec éclairage non allumé,En agglomération,Intersection en X,Normale,Deux véhicules - côté,,,,,,,,,,,4,2,2,1,3
200600010592,0006-02-09 15:25:00,6,2,9,15,25,950,18,"118, ALLEMANE (BOULEVARD",,,Plein jour,En agglomération,Intersection en T,Normale,Trois véhicules et plus - collisions multiples,,,,,,,,,,,1,2,3,1,5
200600010593,0006-02-13 16:10:00,6,2,13,16,10,950,582,"30, CHARLES DE GAULLE (B",,,Plein jour,En agglomération,Hors intersection,Pluie légère,Sans collision,,,,,,,,,,,1,2,1,2,7
200600010594,0006-02-13 19:50:00,6,2,13,19,50,950,18,PRUDHON (RUE DU LT COLON,,,Nuit avec éclairage allumé,En agglomération,Intersection en X,Pluie légère,Deux véhicules - arrière,,,,,,,,,,,5,2,2,2,2
200600010595,0006-02-14 11:00:00,6,2,14,11,0,950,582,REPUBLIQUE (RUE DE LA),,,Plein jour,En agglomération,Intersection en X,Normale,Deux véhicules - côté,,,,,,,,,,,1,2,2,1,3
200600010596,0006-02-15 15:08:00,6,2,15,15,8,950,582,CHARLES DE GAULLE (BOULE,,,Plein jour,En agglomération,Intersection en X,Normale,Deux véhicules - côté,,,,,,,,,,,1,2,2,1,3
200600010597,0006-02-16 22:15:00,6,2,16,22,15,950,18,RN 311,,,Nuit avec éclairage non allumé,Hors agglomération,Hors intersection,Normale,Autre collision,,,,,,,,,,,4,1,1,1,6
200600010598,0006-02-18 13:30:00,6,2,18,13,30,950,18,AULNETTES (RUE DES),,,Plein jour,En agglomération,Intersection en X,Pluie légère,Deux véhicules - côté,,,,,,,,,,,1,2,2,2,3
200600010599,0006-02-19 13:15:00,6,2,19,13,15,950,18,"59, AVENUE M. UTRILLO",,,Plein jour,En agglomération,Hors intersection,Pluie légère,Autre collision,,,,,,,,,,,1,2,1,2,6
200600010600,0006-02-21 19:40:00,6,2,21,19,40,950,18,"16, GUILLOT (BOULEVARD M",,,Nuit avec éclairage allumé,En agglomération,Hors intersection,Normale,Autre collision,,,,,,,,,,,5,2,1,1,6
200600010601,0006-02-22 07:00:00,6,2,22,7,0,950,18,RN 311,,,Crépuscule ou aube,En agglomération,Hors intersection,Normale,Deux véhicules - arrière,,,,,,,,,,,2,2,1,1,2
200600010602,0006-02-23 17:15:00,6,2,23,17,15,950,18,RETHONDES (RUE DE),,,Plein jour,En agglomération,Intersection en T,Normale,Autre collision,,,,,,,,,,,1,2,3,1,6
200600010603,0006-02-24 20:05:00,6,2,24,20,5,950,18,NORD (RUE DU),,,Crépuscule ou aube,En agglomération,Intersection en T,Normale,Deux véhicules - côté,,,,,,,,,,,2,2,3,1,3
200600010604,0006-02-24 20:50:00,6,2,24,20,50,950,18,HELOISE (BOULEVARD),,,Nuit avec éclairage allumé,En agglomération,Intersection en T,Normale,Autre collision,,,,,,,,,,,5,2,3,1,6
200600010605,0006-02-24 21:05:00,6,2,24,21,5,950,18,RESISTANCE (BOULEVARD DE,,,Nuit avec éclairage allumé,En agglomération,Intersection en T,Normale,Deux véhicules - frontale,,,,,,,,,,,5,2,3,1,1
200600010606,0006-02-28 08:25:00,6,2,28,8,25,950,18,"189, JAURES (AVENUE JEAN",,,Plein jour,En agglomération,Intersection en T,Pluie légère,Autre collision,,,,,,,,,,,1,2,3,2,6
200600010607,0006-02-28 09:10:00,6,2,28,9,10,950,18,RN 311,,,Plein jour,En agglomération,Intersection en Y,Pluie légère,Trois véhicules et plus - collisions multiples,,,,,,,,,,,1,2,4,2,5
200600010608,0006-02-28 19:55:00,6,2,28,19,55,950,18,RN 311,,,Nuit sans éclairage public,En agglomération,Hors intersection,Normale,Trois véhicules et plus - en chaîne,,,,,,,,,,,3,2,1,1,4
200600010609,0006-02-14 18:20:00,6,2,14,18,20,950,63,"89, EDOUARD VAILLANT (RU",,,Nuit avec éclairage allumé,En agglomération,Hors intersection,Normale,Sans collision,,,,,,,,,,,5,2,1,1,7
200600010610,0006-02-15 19:45:00,6,2,15,19,45,950,63,"126, JEAN JAURES (RUE-92",,,Nuit avec éclairage allumé,En agglomération,Hors intersection,Pluie légère,Sans collision,,,,,,,,,,,5,2,1,2,7
200600010611,0006-02-07 18:50:00,6,2,7,18,50,950,127,"0, HAUTIL (BOULEVARD DE",,,Nuit avec éclairage allumé,En agglomération,Hors intersection,Normale,Sans collision,,,,,,,,,,,5,2,1,1,7
200600010612,0006-02-09 11:20:00,6,2,9,11,20,950,572,"0, PARIS (AVENUE DE) - R",,,Plein jour,En agglomération,Hors intersection,Normale,Deux véhicules - côté,,,,,,,,,,,1,2,1,1,3
200600010613,0006-02-15 18:35:00,6,2,15,18,35,950,218,"1, SALVADOR ALLENDE (RUE",,,Nuit avec éclairage allumé,En agglomération,Hors intersection,Pluie forte,Sans collision,,,,,,,,,,,5,2,1,3,7
200600010614,0006-02-02 08:10:00,6,2,2,8,10,950,427,MAURICE UTRILLO (AVENUE),,,Plein jour,En agglomération,Intersection en X,Pluie légère,Deux véhicules - côté,,,,,,,,,,,1,2,2,2,3
200600010615,0006-02-04 00:05:00,6,2,4,0,5,950,197,"50, SAINT DENIS (ROUTE D",,,Nuit avec éclairage allumé,En agglomération,Intersection en T,Normale,Deux véhicules - côté,,,,,,,,,,,5,2,3,1,3
200600010616,0006-02-04 07:20:00,6,2,4,7,20,950,210,DE GAULLE (RUE DU GENERA,,,Plein jour,En agglomération,Intersection en X,Normale,Deux véhicules - arrière,,,,,,,,,,,1,2,2,1,2
200600010617,0006-02-16 15:05:00,6,2,16,15,5,950,210,DE GAULLE (RUE DU GENERA,,,Plein jour,En agglomération,Hors intersection,Normale,Autre collision,,,,,,,,,,,1,2,1,1,6
200600010618,0006-02-17 18:50:00,6,2,17,18,50,950,210,ENGHIEN (AVENUE D'),,,Nuit avec éclairage allumé,En agglomération,Hors intersection,Normale,Autre collision,,,,,,,,,,,5,2,1,1,6
200600010619,0006-02-24 15:45:00,6,2,24,15,45,950,210,"3, DE GAULLE (RUE DU GEN",,,Plein jour,En agglomération,Hors intersection,Normale,Autre collision,,,,,,,,,,,1,2,1,1,6
200600010620,0006-02-12 12:10:00,6,2,12,12,10,950,252,MARAIS (AVENUE DES),,,Plein jour,En agglomération,Hors intersection,Normale,Autre collision,,,,,,,,,,,1,2,1,1,6
200600010621,0006-02-17 11:16:00,6,2,17,11,16,950,252,MARAIS (AVENUE DES),,,Plein jour,En agglomération,Hors intersection,Normale,Autre collision,,,,,,,,,,,1,2,1,1,6
200600010622,0006-02-27 19:25:00,6,2,27,19,25,950,252,BEL-AIR (BOULEVARD DU),,,Crépuscule ou aube,En agglomération,Hors intersection,Normale,Autre collision,,,,,,,,,,,2,2,1,1,6
200600010623,0006-02-09 08:30:00,6,2,9,8,30,950,268,"010, DE GAULLE (AVENUE D",,,Plein jour,En agglomération,Hors intersection,Normale,Autre collision,,,,,,,,,,,1,2,1,1,6
200600010624,0006-02-02 17:30:00,6,2,2,17,30,950,277,BERTHELOT (RUE),,,Plein jour,En agglomération,Hors intersection,Autre,Autre collision,,,,,,,,,,,1,2,1,9,6
200600010625,0006-02-06 10:00:00,6,2,6,10,0,950,277,TULIPES (CARREFOUR DES),,,Plein jour,Hors agglomération,Intersection à plus de 4 branches,Pluie légère,Autre collision,,,,,,,,,,,1,1,5,2,6
200600010626,0006-02-03 19:50:00,6,2,3,19,50,950,280,TILLEULS,,,Nuit avec éclairage allumé,En agglomération,Intersection en X,Neige / grêle,Deux véhicules - côté,,,,,,,,,,,5,2,2,4,3
200600010627,0006-02-08 17:10:00,6,2,8,17,10,950,277,BERTHELOT (RUE),,,Plein jour,En agglomération,Intersection en X,Temps couvert,Deux véhicules - côté,,,,,,,,,,,1,2,2,8,3
200600010628,0006-02-02 09:40:00,6,2,2,9,40,950,306,"0, CONFLANS (ROUTE DE)",,,Plein jour,En agglomération,Intersection en T,Temps couvert,Sans collision,,,,,,,,,,,1,2,3,8,7
200600010629,0006-02-03 09:40:00,6,2,3,9,40,950,424,"3, GRANDS RUE (RUE)",,,Plein jour,En agglomération,Hors intersection,Temps couvert,Sans collision,,,,,,,,,,,1,2,1,8,7
200600010630,0006-02-06 19:20:00,6,2,6,19,20,950,424,"0, MARE EPINEUSE (CHEMIN",,,Nuit avec éclairage allumé,En agglomération,Hors intersection,Normale,Autre collision,,,,,,,,,,,5,2,1,1,6
200600010631,0006-02-24 19:00:00,6,2,24,19,0,950,306,"0, PIERRELAYE (ROUTE DE)",,,Nuit sans éclairage public,En agglomération,Hors intersection,Normale,Deux véhicules - frontale,,,,,,,,,,,3,2,1,1,1
200600010632,0006-02-11 14:40:00,6,2,11,14,40,950,487,"4, PIERRE SEMARD",,,Plein jour,En agglomération,Hors intersection,Normale,Deux véhicules - côté,,,,,,,,,,,1,2,1,1,3
200600010633,0006-02-27 16:55:00,6,2,27,16,55,950,313,PARIS (AVENUE DE),,,Plein jour,Hors agglomération,Hors intersection,Normale,Trois véhicules et plus - collisions multiples,,,,,,,,,,,1,1,1,1,5
200600010634,0006-02-03 03:15:00,6,2,3,3,15,950,504,CAVE (LA),,,Nuit sans éclairage public,Hors agglomération,Hors intersection,Normale,Sans collision,,,,,,,,,,,3,1,1,1,7
200600010635,0006-02-14 05:45:00,6,2,14,5,45,950,527,"U12, RUE DE LA CROIX AU",,,Nuit sans éclairage public,Hors agglomération,Intersection en Y,Temps couvert,Deux véhicules - côté,,,,,,,,,,,3,1,4,8,3
200600010636,0006-02-20 07:50:00,6,2,20,7,50,950,527,"J21, Carrefour des Epine",,,Plein jour,Hors agglomération,Intersection en X,Pluie légère,Autre collision,,,,,,,,,,,1,1,2,2,6
200600010637,0006-02-06 08:00:00,6,2,6,8,0,950,607,CHATAIGNIERS (AVENUE DES,,,Crépuscule ou aube,En agglomération,Hors intersection,Normale,Deux véhicules - arrière,,,,,,,,,,,2,2,1,1,2
200600010638,0006-02-16 19:30:00,6,2,16,19,30,950,60,"00, PARIS (AVENUE DE)",,,Nuit avec éclairage allumé,En agglomération,Hors intersection,Normale,Deux véhicules - arrière,,,,,,,,,,,5,2,1,1,2
200600010639,0006-02-03 12:00:00,6,2,3,12,0,201,4,"SANS, PIETRI FRANCOIS RU",,,Plein jour,En agglomération,Hors intersection,Normale,Deux véhicules - côté,,,,,,,,,,,1,2,1,1,3
200600010640,0006-02-03 14:20:00,6,2,3,14,20,201,4,"SANS, PRINCE IMPERIAL CO",,,Plein jour,En agglomération,Hors intersection,Normale,Autre collision,,,,,,,,,,,1,2,1,1,6
200600010641,0006-02-03 13:48:00,6,2,3,13,48,201,4,"SANS, LANTIVY BD",,,Plein jour,En agglomération,Intersection en X,Normale,Deux véhicules - côté,,,,,,,,,,,1,2,2,1,3
200600010642,0006-02-02 14:05:00,6,2,2,14,5,201,4,"SANS, RECCO ABBE BOULEVA",,,Plein jour,En agglomération,Hors intersection,Normale,Deux véhicules - arrière,,,,,,,,,,,1,2,1,1,2
200600010643,0006-02-05 17:00:00,6,2,5,17,0,201,4,"SANS, ALBERT 1ER BD",,,Plein jour,En agglomération,Intersection en T,Normale,Deux véhicules - côté,,,,,,,,,,,1,2,3,1,3
200600010644,0006-02-06 11:25:00,6,2,6,11,25,201,4,"SANS, ALBERT 1ER BD",,,Plein jour,En agglomération,Hors intersection,Normale,Autre collision,,,,,,,,,,,1,2,1,1,6
200600010645,0006-02-09 17:20:00,6,2,9,17,20,201,4,"SANS, ASPRETTO ROUTE",,,Plein jour,En agglomération,Hors intersection,Normale,Trois véhicules et plus - en chaîne,,,,,,,,,,,1,2,1,1,4
200600010646,0006-02-14 18:40:00,6,2,14,18,40,201,4,"SANS, ASPRETTO ROUTE",,,Nuit avec éclairage allumé,En agglomération,Intersection en X,Normale,Autre collision,,,,,,,,,,,5,2,2,1,6
200600010647,0006-02-13 17:13:00,6,2,13,17,13,201,4,"SANS, GRANDE ARMEE AVENU",,,Plein jour,En agglomération,Hors intersection,Normale,Deux véhicules - côté,,,,,,,,,,,1,2,1,1,3
200600010648,0006-02-16 20:45:00,6,2,16,20,45,201,4,"SANS, BONAPARTE CHARLES",,,Nuit avec éclairage allumé,En agglomération,Intersection en T,Pluie légère,Autre collision,,,,,,,,,,,5,2,3,2,6
200600010649,0006-02-17 16:50:00,6,2,17,16,50,201,4,"SANS, KENNEDY AV PRESIDE",,,Plein jour,En agglomération,Intersection en T,Normale,Autre collision,,,,,,,,,,,1,2,3,1,6
200600010650,0006-02-18 20:00:00,6,2,18,20,0,201,4,"SANS, BIANCAMARIA COLONE",,,Nuit avec éclairage allumé,En agglomération,Hors intersection,Normale,Autre collision,,,,,,,,,,,5,2,1,1,6
200600010651,0006-02-18 22:35:00,6,2,18,22,35,201,4,"SANS, MARECHAL LYAUTEY A",,,Nuit avec éclairage allumé,En agglomération,Hors intersection,Normale,Autre collision,,,,,,,,,,,5,2,1,1,6
200600010652,0006-02-21 17:23:00,6,2,21,17,23,201,4,"SANS, PERALDI NICOLAS AV",,,Crépuscule ou aube,En agglomération,Intersection en X,Normale,Deux véhicules - côté,,,,,,,,,,,2,2,2,1,3
200600010653,0006-02-22 14:35:00,6,2,22,14,35,201,4,"SANS, CAMPO DELL ORO RTE",,,Plein jour,Hors agglomération,Giratoire,Normale,Deux véhicules - arrière,,,,,,,,,,,1,1,6,1,2
200600010654,0006-02-23 20:00:00,6,2,23,20,0,201,4,"SANS, NAPOLEON III AVENU",,,Nuit avec éclairage allumé,En agglomération,Hors intersection,Temps couvert,Autre collision,,,,,,,,,,,5,2,1,8,6
200600010655,0006-02-23 16:40:00,6,2,23,16,40,201,4,"SANS, GAVINI JACQUES RUE",,,Plein jour,En agglomération,Intersection en T,Normale,Deux véhicules - côté,,,,,,,,,,,1,2,3,1,3
200600010656,0006-02-24 16:30:00,6,2,24,16,30,201,4,"SANS, FRANCHINI NOEL AV",,,Plein jour,En agglomération,Hors intersection,Normale,Autre collision,,,,,,,,,,,1,2,1,1,6
200600010657,0006-02-28 17:42:00,6,2,28,17,42,201,4,"SANS, MADAME MERE BD",,,Plein jour,En agglomération,Hors intersection,Normale,Autre collision,,,,,,,,,,,1,2,1,1,6
200600010658,0006-02-28 14:40:00,6,2,28,14,40,201,4,"SANS, ASPRETTO ROUTE",,,Plein jour,En agglomération,Giratoire,Normale,Deux véhicules - côté,,,,,,,,,,,1,2,6,1,3
200600010659,0006-02-15 03:20:00,6,2,15,3,20,690,381,PECHERIE (DE LA),,,Nuit avec éclairage allumé,En agglomération,Hors intersection,Pluie légère,Autre collision,,,,,,,,,,,5,2,1,2,6
200600010660,0006-02-28 21:25:00,6,2,28,21,25,690,381,"10, JEAN MOULIN",,,Nuit avec éclairage allumé,En agglomération,Intersection en X,Normale,Deux véhicules - côté,,,,,,,,,,,5,2,2,1,3
200600010661,0006-02-03 16:00:00,6,2,3,16,0,940,42,A4,,,Plein jour,Hors agglomération,Hors intersection,Normale,Deux véhicules - arrière,,,,,,,,,,,1,1,1,1,2
200600010662,0006-02-03 16:30:00,6,2,3,16,30,770,122,RN104,,,Plein jour,Hors agglomération,Hors intersection,Temps couvert,Sans collision,,,,,,,,,,,1,1,1,8,7
200600010663,0006-02-04 03:50:00,6,2,4,3,50,770,121,A104,,,Nuit sans éclairage public,Hors agglomération,Hors intersection,Normale,Sans collision,,,,,,,,,,,3,1,1,1,7
200600010664,0006-02-04 11:40:00,6,2,4,11,40,770,121,A4,,,Plein jour,Hors agglomération,Hors intersection,Normale,Trois véhicules et plus - en chaîne,,,,,,,,,,,1,1,1,1,4
200600010665,0006-02-04 21:10:00,6,2,4,21,10,770,373,RN104,,,Nuit sans éclairage public,Hors agglomération,Hors intersection,Normale,Deux véhicules - côté,,,,,,,,,,,3,1,1,1,3
200600010666,0006-02-06 07:30:00,6,2,6,7,30,940,46,A86,,,Nuit avec éclairage allumé,Hors agglomération,Hors intersection,Normale,Deux véhicules - côté,,,,,,,,,,,5,1,1,1,3
200600010667,0006-02-06 09:20:00,6,2,6,9,20,770,348,A104,,,Plein jour,Hors agglomération,Hors intersection,Pluie légère,Sans collision,,,,,,,,,,,1,1,1,2,7
200600010668,0006-02-08 03:40:00,6,2,8,3,40,940,33,A86.EXT,,,Nuit avec éclairage allumé,Hors agglomération,Hors intersection,Normale,Sans collision,,,,,,,,,,,5,1,1,1,7
200600010669,0006-02-08 08:30:00,6,2,8,8,30,940,18,A4,,,Plein jour,Hors agglomération,Hors intersection,Pluie légère,Deux véhicules - côté,,,,,,,,,,,1,1,1,2,3
200600010670,0006-02-09 08:30:00,6,2,9,8,30,940,73,A86,,,Plein jour,Hors agglomération,Hors intersection,Normale,Autre collision,,,,,,,,,,,1,1,1,1,6
200600010671,0006-02-09 21:50:00,6,2,9,21,50,940,33,A86.EXT,,,Nuit avec éclairage allumé,Hors agglomération,Hors intersection,Normale,Deux véhicules - arrière,,,,,,,,,,,5,1,1,1,2
200600010672,0006-02-10 09:15:00,6,2,10,9,15,940,28,A86,,,Plein jour,Hors agglomération,Hors intersection,Normale,Trois véhicules et plus - collisions multiples,,,,,,,,,,,1,1,1,1,5
200600010673,0006-02-12 00:45:00,6,2,12,0,45,930,51,A4,,,Nuit avec éclairage allumé,Hors agglomération,Hors intersection,Normale,Trois véhicules et plus - collisions multiples,,,,,,,,,,,5,1,1,1,5
200600010674,0006-02-14 19:30:00,6,2,14,19,30,930,51,A4,,,Nuit avec éclairage allumé,Hors agglomération,Hors intersection,Normale,Trois véhicules et plus - collisions multiples,,,,,,,,,,,5,1,1,1,5
200600010675,0006-02-15 06:40:00,6,2,15,6,40,770,468,A104,,,Nuit sans éclairage public,Hors agglomération,Hors intersection,Pluie légère,Deux véhicules - arrière,,,,,,,,,,,3,1,1,2,2
200600010676,0006-02-16 04:10:00,6,2,16,4,10,770,348,A104,48.8547,,Nuit sans éclairage public,Hors agglomération,Hors intersection,Pluie légère,Trois véhicules et plus - collisions multiples,,,,,,,,,,,3,1,1,2,5
200600010677,0006-02-16 07:40:00,6,2,16,7,40,940,28,A86,,,Plein jour,Hors agglomération,Hors intersection,Temps couvert,Sans collision,,,,,,,,,,,1,1,1,8,7