accident_id,datetime,annee,mois,jour,heure,minute,departement,commune_insee,adresse,latitude,longitude,luminosite,agglomeration,intersection,meteo,collision,nb_vehicules,nb_usagers,nb_indemnes,nb_tues,nb_blesses_hosp,nb_blesses_legers,age_cond_1,age_cond_2,veh_type_cond_1,veh_type_cond_2,lum_code,agg_code,int_code,atm_code,col_code
200600010813,0006-02-18 19:35:00,6,2,18,19,35,910,161,AUTOROUTE A126,,,Nuit avec éclairage non allumé,Hors agglomération,Hors intersection,Normale,Trois véhicules et plus - collisions multiples,,,,,,,,,,,4,1,1,1,5
200600010814,0006-02-19 04:04:00,6,2,19,4,4,910,340,AUTOROUTE A6,,,Nuit avec éclairage allumé,Hors agglomération,Hors intersection,Pluie forte,Deux véhicules - arrière,,,,,,,,,,,5,1,1,3,2
200600010815,0006-02-19 05:10:00,6,2,19,5,10,920,2,AUTOROUTE A86,,,Crépuscule ou aube,Hors agglomération,Hors intersection,Pluie légère,Autre collision,,,,,,,,,,,2,1,1,2,6
200600010816,0006-02-19 19:00:00,6,2,19,19,0,910,471,RN 118,,,Nuit sans éclairage public,Hors agglomération,Hors intersection,Pluie légère,Deux véhicules - arrière,,,,,,,,,,,3,1,1,2,2
200600010817,0006-02-19 22:25:00,6,2,19,22,25,940,37,AUTOROUTE A6A,,,Nuit avec éclairage allumé,Hors agglomération,Hors intersection,Pluie légère,Autre collision,,,,,,,,,,,5,1,1,2,6
200600010818,0006-02-21 08:42:00,6,2,21,8,42,940,65,AUTOROUTE A106,,,Plein jour,Hors agglomération,Hors intersection,Neige / grêle,Autre collision,,,,,,,,,,,1,1,1,4,6
200600010819,0006-02-24 17:40:00,6,2,24,17,40,940,34,AUTOROUTE A86,,,Plein jour,Hors agglomération,Hors intersection,Normale,Deux véhicules - arrière,,,,,,,,,,,1,1,1,1,2
200600010820,0006-02-25 01:43:00,6,2,25,1,43,940,34,AUTOROUTE A86,,,Nuit avec éclairage allumé,Hors agglomération,Hors intersection,Pluie légère,Deux véhicules - arrière,,,,,,,,,,,5,1,1,2,2
200600010821,0006-02-25 05:45:00,6,2,25,5,45,910,363,AUTOROUTE A10,,,Nuit sans éclairage public,Hors agglomération,Hors intersection,Neige / grêle,Deux véhicules - arrière,,,,,,,,,,,3,1,1,4,2
200600010822,0006-02-27 13:35:00,6,2,27,13,35,910,645,RN 385 INT,,,Plein jour,Hors agglomération,Hors intersection,Normale,Sans collision,,,,,,,,,,,1,1,1,1,7
200600010823,0006-02-28 09:10:00,6,2,28,9,10,910,179,AUTOROUTE A6,,,Plein jour,Hors agglomération,Hors intersection,Neige / grêle,Sans collision,,,,,,,,,,,1,1,1,4,7
200600010824,0006-02-01 14:07:00,6,2,1,14,7,202,33,"SANS, TUNNEL",,,Plein jour,En agglomération,Hors intersection,Normale,Trois véhicules et plus - en chaîne,,,,,,,,,,,1,2,1,1,4
200600010825,0006-02-02 19:16:00,6,2,2,19,16,202,120,"sans, TOUTES RUES",,,Nuit avec éclairage allumé,En agglomération,Hors intersection,Normale,Autre collision,,,,,,,,,,,5,2,1,1,6
200600010826,0006-02-14 08:52:00,6,2,14,8,52,202,33,TOUTES RUES,,,Plein jour,En agglomération,Hors intersection,Normale,Autre collision,,,,,,,,,,,1,2,1,1,6
200600010827,0006-02-14 13:47:00,6,2,14,13,47,202,33,SEBASTIANI  - AVENUE,,,Plein jour,En agglomération,Hors intersection,Normale,Autre collision,,,,,,,,,,,1,2,1,1,6
200600010828,0006-02-19 02:13:00,6,2,19,2,13,202,33,TOUTES RUES,,,Nuit avec éclairage allumé,En agglomération,Hors intersection,Normale,Autre collision,,,,,,,,,,,5,2,1,1,6
200600010829,0006-02-24 10:50:00,6,2,24,10,50,202,33,"SANS, GIACCOBBI - AV PAU",,,Plein jour,En agglomération,Hors intersection,Normale,Autre collision,,,,,,,,,,,1,2,1,1,6
200600010830,0006-02-26 13:22:00,6,2,26,13,22,202,33,"SANS, VEZZANI - RUE CESA",,,Plein jour,En agglomération,Hors intersection,Normale,Deux véhicules - côté,,,,,,,,,,,1,2,1,1,3
200600010831,0006-02-24 14:20:00,6,2,24,14,20,202,33,"SANS, COLLE - RUE DU",,,Plein jour,En agglomération,Hors intersection,Normale,Deux véhicules - arrière,,,,,,,,,,,1,2,1,1,2
200600010832,0006-02-26 01:50:00,6,2,26,1,50,202,33,"SANS, MIOT - RUE",,,Nuit avec éclairage allumé,En agglomération,Intersection en X,Normale,Autre collision,,,,,,,,,,,5,2,2,1,6
200600010833,0006-02-01 15:23:00,6,2,1,15,23,690,382,"01, BARRE (DE LA)",,,Plein jour,En agglomération,Hors intersection,Normale,Autre collision,,,,,,,,,,,1,2,1,1,6
200600010834,0006-02-13 18:33:00,6,2,13,18,33,690,382,"11, JULES COURMONT",,,Crépuscule ou aube,En agglomération,Hors intersection,Pluie légère,Deux véhicules - arrière,,,,,,,,,,,2,2,1,2,2
200600010835,0006-02-01 08:30:00,6,2,1,8,30,590,431,AUTOROUTE A25,,,Plein jour,Hors agglomération,Hors intersection,Brouillard / fumée,Trois véhicules et plus - en chaîne,,,,,,,,,,,1,1,1,5,4
200600010836,0006-02-01 09:10:00,6,2,1,9,10,590,581,AUTOROUTE A25,,,Plein jour,Hors agglomération,Hors intersection,Brouillard / fumée,Trois véhicules et plus - en chaîne,,,,,,,,,,,1,1,1,5,4
200600010837,0006-02-01 10:15:00,6,2,1,10,15,590,581,AUTOROUTE A25,,,Plein jour,Hors agglomération,Hors intersection,Brouillard / fumée,Trois véhicules et plus - collisions multiples,,,,,,,,,,,1,1,1,5,5
200600010838,0006-02-01 11:00:00,6,2,1,11,0,590,581,AUTOROUTE A25,,,Plein jour,Hors agglomération,Hors intersection,Brouillard / fumée,Trois véhicules et plus - en chaîne,,,,,,,,,,,1,1,1,5,4
200600010839,0006-02-01 11:30:00,6,2,1,11,30,590,431,AUTOROUTE A25,,,Plein jour,Hors agglomération,Hors intersection,Brouillard / fumée,Trois véhicules et plus - en chaîne,,,,,,,,,,,1,1,1,5,4
200600010840,0006-02-01 10:30:00,6,2,1,10,30,590,401,AUTOROUTE A25,,,Plein jour,Hors agglomération,Hors intersection,Brouillard / fumée,Trois véhicules et plus - collisions multiples,,,,,,,,,,,1,1,1,5,5
200600010841,0006-02-01 10:00:00,6,2,1,10,0,590,237,AUTOROUTE A25,,,Plein jour,Hors agglomération,Hors intersection,Brouillard / fumée,Trois véhicules et plus - collisions multiples,,,,,,,,,,,1,1,1,5,5
200600010842,0006-02-01 09:20:00,6,2,1,9,20,590,43,AUTOROUTE A25,,,Plein jour,Hors agglomération,Hors intersection,Brouillard / fumée,Trois véhicules et plus - collisions multiples,,,,,,,,,,,1,1,1,5,5
200600010843,0006-02-01 11:15:00,6,2,1,11,15,590,580,AUTOROUTE A25,,,Plein jour,Hors agglomération,Hors intersection,Brouillard / fumée,Deux véhicules - arrière,,,,,,,,,,,1,1,1,5,2
200600010844,0006-02-01 10:15:00,6,2,1,10,15,590,401,AUTOROUTE A25,,,Plein jour,Hors agglomération,Hors intersection,Brouillard / fumée,Deux véhicules - arrière,,,,,,,,,,,1,1,1,5,2
200600010845,0006-02-01 09:15:00,6,2,1,9,15,590,581,AUTOROUTE A25,,,Plein jour,Hors agglomération,Hors intersection,Brouillard / fumée,Deux véhicules - arrière,,,,,,,,,,,1,1,1,5,2
200600010846,0006-02-01 10:15:00,6,2,1,10,15,590,43,AUTOROUTE A25,,,Plein jour,Hors agglomération,Hors intersection,Brouillard / fumée,Trois véhicules et plus - collisions multiples,,,,,,,,,,,1,1,1,5,5
200600010847,0006-02-01 11:30:00,6,2,1,11,30,590,580,AUTOROUTE A25,,,Plein jour,Hors agglomération,Hors intersection,Brouillard / fumée,Deux véhicules - arrière,,,,,,,,,,,1,1,1,5,2
200600010848,0006-02-01 18:50:00,6,2,1,18,50,590,507,AUTOROUTE A1,,,Nuit avec éclairage allumé,Hors agglomération,Hors intersection,Normale,Trois véhicules et plus - en chaîne,,,,,,,,,,,5,1,1,1,4
200600010849,0006-02-02 12:15:00,6,2,2,12,15,590,556,AUTOROUTE A25,,,Plein jour,Hors agglomération,Hors intersection,Pluie légère,Autre collision,,,,,,,,,,,1,1,1,2,6
200600010850,0006-02-03 07:55:00,6,2,3,7,55,620,351,AUTOROUTE A21,,,Nuit avec éclairage allumé,Hors agglomération,Hors intersection,Autre,Trois véhicules et plus - en chaîne,,,,,,,,,,,5,1,1,9,4
200600010851,0006-02-03 12:00:00,6,2,3,12,0,590,609,AUTOROUTE A1,,,Plein jour,Hors agglomération,Hors intersection,Normale,Deux véhicules - côté,,,,,,,,,,,1,1,1,1,3
200600010852,0006-02-03 15:20:00,6,2,3,15,20,590,383,AUTOROUTE A2,,,Plein jour,Hors agglomération,Hors intersection,Normale,Trois véhicules et plus - collisions multiples,,,,,,,,,,,1,1,1,1,5
200600010853,0006-02-05 05:30:00,6,2,5,5,30,590,94,AUTOROUTE A16,,,Nuit avec éclairage non allumé,Hors agglomération,Hors intersection,Brouillard / fumée,Autre collision,,,,,,,,,,,4,1,1,5,6
200600010854,0006-02-06 13:25:00,6,2,6,13,25,620,274,AUTOROUTE A1,,,Plein jour,Hors agglomération,Autre intersection,Normale,Trois véhicules et plus - en chaîne,,,,,,,,,,,1,1,9,1,4
200600010855,0006-02-07 10:50:00,6,2,7,10,50,590,350,ROUTE NATIONALE 351,,,Plein jour,Hors agglomération,Hors intersection,Normale,Sans collision,,,,,,,,,,,1,1,1,1,7
200600010856,0006-02-09 16:30:00,6,2,9,16,30,590,609,AUTOROUTE A1,,,Plein jour,Hors agglomération,Hors intersection,Normale,Deux véhicules - arrière,,,,,,,,,,,1,1,1,1,2
200600010857,0006-02-10 17:30:00,6,2,10,17,30,590,560,AUTOROUTE A1,,,Nuit avec éclairage allumé,Hors agglomération,Hors intersection,Normale,Autre collision,,,,,,,,,,,5,1,1,1,6
200600010858,0006-02-10 18:30:00,6,2,10,18,30,590,9,ROUTE NATIONALE 227,,,Nuit avec éclairage allumé,Hors agglomération,Hors intersection,Normale,Deux véhicules - arrière,,,,,,,,,,,5,1,1,1,2
200600010859,0006-02-11 12:00:00,6,2,11,12,0,590,646,ROUTE NATIONALE 356,,,Plein jour,Hors agglomération,Hors intersection,Normale,Autre collision,,,,,,,,,,,1,1,1,1,6
200600010860,0006-02-11 15:30:00,6,2,11,15,30,590,386,ROUTE NATIONALE 352,,,Plein jour,Hors agglomération,Hors intersection,Normale,Deux véhicules - côté,,,,,,,,,,,1,1,1,1,3
200600010861,0006-02-11 16:35:00,6,2,11,16,35,590,260,AUTOROUTE A16,,,Plein jour,Hors agglomération,Hors intersection,Normale,Sans collision,,,,,,,,,,,1,1,1,1,7
200600010862,0006-02-12 09:35:00,6,2,12,9,35,590,646,ROUTE NATIONALE 356,,,Plein jour,Hors agglomération,Hors intersection,Normale,Autre collision,,,,,,,,,,,1,1,1,1,6
200600010863,0006-02-12 22:40:00,6,2,12,22,40,590,532,AUTOROUTE A16,,,Nuit sans éclairage public,Hors agglomération,Hors intersection,Pluie légère,Trois véhicules et plus - en chaîne,,,,,,,,,,,3,1,1,2,4
200600010864,0006-02-13 08:25:00,6,2,13,8,25,620,498,AUTOROUTE A211,,,Plein jour,Hors agglomération,Hors intersection,Pluie légère,Sans collision,,,,,,,,,,,1,1,1,2,7
200600010865,0006-02-13 10:30:00,6,2,13,10,30,590,556,AUTOROUTE A25,,,Plein jour,Hors agglomération,Hors intersection,Pluie légère,Deux véhicules - côté,,,,,,,,,,,1,1,1,2,3
200600010866,0006-02-13 11:45:00,6,2,13,11,45,590,343,AUTOROUTE A1,,,Plein jour,Hors agglomération,Hors intersection,Pluie légère,Deux véhicules - côté,,,,,,,,,,,1,1,1,2,3
200600010867,0006-02-14 00:55:00,6,2,14,0,55,590,82,ROUTE NATIONALE 225,,,Nuit sans éclairage public,Hors agglomération,Hors intersection,Normale,Sans collision,,,,,,,,,,,3,1,1,1,7
200600010868,0006-02-14 14:40:00,6,2,14,14,40,590,271,AUTOROUTE A16,,,Plein jour,Hors agglomération,Hors intersection,Normale,Deux véhicules - arrière,,,,,,,,,,,1,1,1,1,2
200600010869,0006-02-15 07:50:00,6,2,15,7,50,620,907,AUTOROUTE A1,,,Crépuscule ou aube,Hors agglomération,Hors intersection,Pluie légère,Trois véhicules et plus - en chaîne,,,,,,,,,,,2,1,1,2,4
200600010870,0006-02-15 13:00:00,6,2,15,13,0,590,663,AUTOROUTE A25,,,Plein jour,Hors agglomération,Hors intersection,Normale,Trois véhicules et plus - collisions multiples,,,,,,,,,,,1,1,1,1,5
200600010871,0006-02-15 17:40:00,6,2,15,17,40,620,907,AUTOROUTE A1,,,Plein jour,Hors agglomération,Hors intersection,Normale,Trois véhicules et plus - collisions multiples,,,,,,,,,,,1,1,1,1,5
200600010872,0006-02-16 08:30:00,6,2,16,8,30,620,427,AUTOROUTE A1,,,Plein jour,Hors agglomération,Hors intersection,Temps couvert,Autre collision,,,,,,,,,,,1,1,1,8,6
200600010873,0006-02-16 20:10:00,6,2,16,20,10,590,43,AUTOROUTE A1,,,Nuit sans éclairage public,Hors agglomération,Hors intersection,Autre,Trois véhicules et plus - collisions multiples,,,,,,,,,,,3,1,1,9,5
200600010874,0006-02-17 18:45:00,6,2,17,18,45,590,343,AUTOROUTE A1,,,Nuit avec éclairage allumé,Hors agglomération,Hors intersection,Pluie légère,Deux véhicules - arrière,,,,,,,,,,,5,1,1,2,2
200600010875,0006-02-18 07:15:00,6,2,18,7,15,590,196,AUTOROUTE A25,,,Nuit sans éclairage public,Hors agglomération,Hors intersection,Pluie légère,Trois véhicules et plus - collisions multiples,,,,,,,,,,,3,1,1,2,5
200600010876,0006-02-18 08:40:00,6,2,18,8,40,590,350,AUTOROUTE A25,,,Plein jour,Hors agglomération,Hors intersection,Pluie légère,Autre collision,,,,,,,,,,,1,1,1,2,6
200600010877,0006-02-18 09:00:00,6,2,18,9,0,590,9,ROUTE NATIONALE 227,,,Plein jour,Hors agglomération,Hors intersection,Pluie légère,Autre collision,,,,,,,,,,,1,1,1,2,6
200600010878,0006-02-19 01:30:00,6,2,19,1,30,620,65,AUTOROUTE A211,,,Nuit avec éclairage allumé,Hors agglomération,Hors intersection,Pluie légère,Sans collision,,,,,,,,,,,5,1,1,2,7
200600010879,0006-02-19 13:00:00,6,2,19,13,0,590,350,ROUTE NATIONALE 356,,,Plein jour,Hors agglomération,Hors intersection,Pluie légère,Deux véhicules - arrière,,,,,,,,,,,1,1,1,2,2
200600010880,0006-02-19 19:10:00,6,2,19,19,10,590,350,ROUTE NATIONALE 356,,,Nuit avec éclairage allumé,Hors agglomération,Hors intersection,Pluie légère,Trois véhicules et plus - en chaîne,,,,,,,,,,,5,1,1,2,4
200600010881,0006-02-19 20:15:00,6,2,19,20,15,620,351,AUTOROUTE A21,,,Nuit avec éclairage allumé,Hors agglomération,Hors intersection,Pluie légère,Deux véhicules - côté,,,,,,,,,,,5,1,1,2,3
200600010882,0006-02-22 05:30:00,6,2,22,5,30,590,196,AUTOROUTE A25,,,Nuit sans éclairage public,Hors agglomération,Hors intersection,Neige / grêle,Deux véhicules - côté,,,,,,,,,,,3,1,1,4,3
200600010883,0006-02-25 16:15:00,6,2,25,16,15,590,508,AUTOROUTE A22,,,Plein jour,Hors agglomération,Hors intersection,Normale,Autre collision,,,,,,,,,,,1,1,1,1,6
200600010884,0006-02-25 17:00:00,6,2,25,17,0,590,665,AUTOROUTE A25,,,Plein jour,Hors agglomération,Hors intersection,Normale,Autre collision,,,,,,,,,,,1,1,1,1,6
200600010885,0006-02-28 21:30:00,6,2,28,21,30,590,523,AUTOROUTE A27,,,Nuit sans éclairage public,Hors agglomération,Hors intersection,Neige / grêle,Sans collision,,,,,,,,,,,3,1,1,4,7
200600010886,0006-02-02 07:35:00,6,2,2,7,35,690,383,GENERAL MOUTON DUVERNET,,,Crépuscule ou aube,En agglomération,Hors intersection,Normale,Autre collision,,,,,,,,,,,2,2,1,1,6
200600010887,0006-02-02 08:00:00,6,2,2,8,0,690,383,MARIUS VIVIER MERLE,,,Crépuscule ou aube,En agglomération,Hors intersection,Normale,Autre collision,,,,,,,,,,,2,2,1,1,6
200600010888,0006-02-05 18:40:00,6,2,5,18,40,690,383,GARIBALDI,,,Nuit avec éclairage allumé,En agglomération,Hors intersection,Normale,Autre collision,,,,,,,,,,,5,2,1,1,6
200600010889,0006-02-06 19:55:00,6,2,6,19,55,690,383,LAFAYETTE,,,Nuit avec éclairage allumé,En agglomération,Intersection en X,Normale,Deux véhicules - arrière,,,,,,,,,,,5,2,2,1,2
200600010890,0006-02-08 07:50:00,6,2,8,7,50,690,383,FELIX FAURE,,,Crépuscule ou aube,En agglomération,Intersection en X,Normale,Deux véhicules - frontale,,,,,,,,,,,2,2,2,1,1
200600010891,0006-02-08 14:35:00,6,2,8,14,35,690,383,AUBIGNY (D'),,,Plein jour,En agglomération,Intersection en X,Normale,Deux véhicules - côté,,,,,,,,,,,1,2,2,1,3
200600010892,0006-02-09 01:15:00,6,2,9,1,15,690,383,MARECHAL DE SAXE,,,Nuit avec éclairage allumé,En agglomération,Intersection en X,Pluie légère,Deux véhicules - côté,,,,,,,,,,,5,2,2,2,3
200600010893,0006-02-09 13:35:00,6,2,9,13,35,690,383,SERVIENT,,,Plein jour,En agglomération,Hors intersection,Normale,Autre collision,,,,,,,,,,,1,2,1,1,6
200600010894,0006-02-08 05:50:00,6,2,8,5,50,690,383,MARECHAL DE SAXE,,,Nuit avec éclairage allumé,En agglomération,Intersection en X,Normale,Deux véhicules - côté,,,,,,,,,,,5,2,2,1,3
200600010895,0006-02-13 10:00:00,6,2,13,10,0,690,386,"52, GARIBALDI",,,Plein jour,En agglomération,Hors intersection,Normale,Trois véhicules et plus - en chaîne,,,,,,,,,,,1,2,1,1,4
200600010896,0006-02-13 16:05:00,6,2,13,16,5,690,383,"58, FERDINAND BUISSON",,,Plein jour,En agglomération,Hors intersection,Pluie légère,Autre collision,,,,,,,,,,,1,2,1,2,6
200600010897,0006-02-16 18:50:00,6,2,16,18,50,690,383,LE ROYER,,,Nuit avec éclairage allumé,En agglomération,Intersection en X,Normale,Deux véhicules - côté,,,,,,,,,,,5,2,2,1,3
200600010898,0006-02-14 12:45:00,6,2,14,12,45,690,383,FERDINAND BUISSON,,,Plein jour,En agglomération,Intersection en X,Normale,Deux véhicules - côté,,,,,,,,,,,1,2,2,1,3
200600010899,0006-02-20 13:20:00,6,2,20,13,20,690,383,"24, VICTOR AUGAGNEUR",,,Plein jour,En agglomération,Hors intersection,Normale,Autre collision,,,,,,,,,,,1,2,1,1,6
200600010900,0006-02-18 19:40:00,6,2,18,19,40,690,383,FELIX FAURE,,,Nuit avec éclairage allumé,En agglomération,Intersection en T,Normale,Deux véhicules - côté,,,,,,,,,,,5,2,3,1,3
200600010901,0006-02-21 15:30:00,6,2,21,15,30,690,383,CHATEAU (DU),,,Plein jour,En agglomération,Hors intersection,Normale,Autre collision,,,,,,,,,,,1,2,1,1,6
200600010902,0006-02-24 21:00:00,6,2,24,21,0,690,386,"17, LAFAYETTE",,,Nuit avec éclairage allumé,En agglomération,Hors intersection,Normale,Deux véhicules - côté,,,,,,,,,,,5,2,1,1,3
200600010903,0006-02-24 20:30:00,6,2,24,20,30,690,383,TRARIEUX,,,Nuit avec éclairage allumé,En agglomération,Hors intersection,Normale,Autre collision,,,,,,,,,,,5,2,1,1,6
200600010904,0006-02-25 00:45:00,6,2,25,0,45,690,386,VITTON,,,Nuit avec éclairage allumé,En agglomération,Intersection en X,Normale,Deux véhicules - côté,,,,,,,,,,,5,2,2,1,3
200600010905,0006-02-27 16:25:00,6,2,27,16,25,690,383,"133, LACASSAGNE",,,Plein jour,En agglomération,Hors intersection,Normale,Autre collision,,,,,,,,,,,1,2,1,1,6
200600010906,0006-02-20 20:30:00,6,2,20,20,30,690,383,STE MARIE,,,Nuit avec éclairage allumé,En agglomération,Intersection en X,Normale,Deux véhicules - arrière,,,,,,,,,,,5,2,2,1,2
200600010907,0006-02-28 19:40:00,6,2,28,19,40,690,383,GENAS (DE),,,Nuit avec éclairage allumé,En agglomération,Intersection en X,Normale,Deux véhicules - frontale,,,,,,,,,,,5,2,2,1,1
200600010908,0006-02-28 19:50:00,6,2,28,19,50,690,386,THIERS,,,Nuit avec éclairage allumé,En agglomération,Intersection en X,Normale,Autre collision,,,,,,,,,,,5,2,2,1,6
200600010909,0006-02-03 18:15:00,6,2,3,18,15,690,384,"61bis, HENON",,,Nuit avec éclairage allumé,En agglomération,Intersection en X,Normale,Deux véhicules - côté,,,,,,,,,,,5,2,2,1,3
200600010910,0006-02-10 18:15:00,6,2,10,18,15,690,384,"3, ARTAUD",,,Nuit avec éclairage allumé,En agglomération,Hors intersection,Normale,Autre collision,,,,,,,,,,,5,2,1,1,6
200600010911,0006-02-26 18:20:00,6,2,26,18,20,690,384,BOUCLE (DE LA),,,Nuit avec éclairage allumé,En agglomération,Hors intersection,Normale,Sans collision,,,,,,,,,,,5,2,1,1,7
200600010912,0006-02-01 12:30:00,6,2,1,12,30,330,39,ROCADE A 631,,,Plein jour,Hors agglomération,Hors intersection,Pluie forte,Autre collision,,,,,,,,,,,1,1,1,3,6
200600010913,0006-02-01 04:45:00,6,2,1,4,45,330,318,ROCADE A 630,,,Nuit avec éclairage allumé,Hors agglomération,Hors intersection,Normale,Autre collision,,,,,,,,,,,5,1,1,1,6
200600010914,0006-02-02 23:25:00,6,2,2,23,25,330,122,AUTOROUTE A 63,,,Nuit sans éclairage public,Hors agglomération,Hors intersection,Normale,Deux véhicules - arrière,,,,,,,,,,,3,1,1,1,2
200600010915,0006-02-06 05:20:00,6,2,6,5,20,330,167,ROUTE NATIONALE 230,,,Nuit avec éclairage allumé,Hors agglomération,Hors intersection,Normale,Autre collision,,,,,,,,,,,5,1,1,1,6
200600010916,0006-02-06 07:15:00,6,2,6,7,15,330,366,AUTOROUTE A 10,,,Crépuscule ou aube,Hors agglomération,Hors intersection,Normale,Autre collision,,,,,,,,,,,2,1,1,1,6
200600010917,0006-02-03 18:10:00,6,2,3,18,10,330,249,ROUTE NATIONALE 230,,,Crépuscule ou aube,Hors agglomération,Hors intersection,Normale,Autre collision,,,,,,,,,,,2,1,1,1,6
200600010918,0006-02-09 08:10:00,6,2,9,8,10,330,318,AUTOROUTE A 63,,,Plein jour,Hors agglomération,Hors intersection,Temps couvert,Autre collision,,,,,,,,,,,1,1,1,8,6
200600010919,0006-02-09 09:30:00,6,2,9,9,30,330,192,ROCADE A 630,,,Plein jour,Hors agglomération,Hors intersection,Normale,Autre collision,,,,,,,,,,,1,1,1,1,6
200600010920,0006-02-12 21:30:00,6,2,12,21,30,330,249,ROCADE A 630,,,Nuit avec éclairage allumé,Hors agglomération,Hors intersection,Normale,Autre collision,,,,,,,,,,,5,1,1,1,6
200600010921,0006-02-11 01:15:00,6,2,11,1,15,330,39,ROCADE A 630,,,Nuit avec éclairage allumé,Hors agglomération,Hors intersection,Normale,Sans collision,,,,,,,,,,,5,1,1,1,7
200600010922,0006-02-13 07:45:00,6,2,13,7,45,330,448,AUTOROUTE A 62,,,Plein jour,Hors agglomération,Hors intersection,Normale,Autre collision,,,,,,,,,,,1,1,1,1,6
200600010923,0006-02-14 21:24:00,6,2,14,21,24,330,39,ROCADE A 631,,,Nuit avec éclairage allumé,Hors agglomération,Hors intersection,Pluie légère,Autre collision,,,,,,,,,,,5,1,1,2,6
200600010924,0006-02-15 13:23:00,6,2,15,13,23,330,63,ROCADE A 630,,,Plein jour,Hors agglomération,Hors intersection,Pluie légère,Autre collision,,,,,,,,,,,1,1,1,2,6
200600010925,0006-02-13 17:30:00,6,2,13,17,30,330,167,ROUTE NATIONALE 230,,,Plein jour,Hors agglomération,Hors intersection,Pluie légère,Trois véhicules et plus - collisions multiples,,,,,,,,,,,1,1,1,2,5
200600010926,0006-02-17 19:30:00,6,2,17,19,30,330,39,ROUTE NATIONALE 230,,,Nuit avec éclairage allumé,Hors agglomération,Hors intersection,Pluie légère,Autre collision,,,,,,,,,,,5,1,1,2,6
200600010927,0006-02-18 04:15:00,6,2,18,4,15,330,65,ROUTE NATIONALE 230,,,Nuit avec éclairage allumé,Hors agglomération,Hors intersection,Normale,Autre collision,,,,,,,,,,,5,1,1,1,6
200600010928,0006-02-18 08:12:00,6,2,18,8,12,330,75,ROCADE A 630,,,Plein jour,Hors agglomération,Hors intersection,Pluie légère,Autre collision,,,,,,,,,,,1,1,1,2,6
200600010929,0006-02-18 09:45:00,6,2,18,9,45,330,550,ROCADE A 630,,,Plein jour,Hors agglomération,Hors intersection,Pluie légère,Autre collision,,,,,,,,,,,1,1,1,2,6
200600010930,0006-02-20 02:20:00,6,2,20,2,20,330,39,ROUTE NATIONALE 230,,,Nuit avec éclairage allumé,Hors agglomération,Hors intersection,Pluie légère,Autre collision,,,,,,,,,,,5,1,1,2,6
200600010931,0006-02-20 09:40:00,6,2,20,9,40,330,96,AUTOROUTE A 10,,,Plein jour,Hors agglomération,Hors intersection,Pluie légère,Autre collision,,,,,,,,,,,1,1,1,2,6
200600010932,0006-02-20 09:40:00,6,2,20,9,40,330,249,AUTOROUTE A 10,,,Plein jour,Hors agglomération,Hors intersection,Pluie légère,Autre collision,,,,,,,,,,,1,1,1,2,6
200600010933,0006-02-22 09:37:00,6,2,22,9,37,330,65,ROUTE NATIONALE 230,,,Plein jour,Hors agglomération,Hors intersection,Pluie légère,Deux véhicules - côté,,,,,,,,,,,1,1,1,2,3
200600010934,0006-02-23 17:45:00,6,2,23,17,45,330,281,ROCADE A 630,,,Plein jour,Hors agglomération,Hors intersection,Normale,Sans collision,,,,,,,,,,,1,1,1,1,7
200600010935,0006-02-27 07:30:00,6,2,27,7,30,330,90,AUTOROUTE A 63,,,Plein jour,Hors agglomération,Hors intersection,Normale,Autre collision,,,,,,,,,,,1,1,1,1,6
200600010936,0006-02-27 23:45:00,6,2,27,23,45,330,39,ROCADE A 630,,,Nuit avec éclairage allumé,Hors agglomération,Hors intersection,Normale,Autre collision,,,,,,,,,,,5,1,1,1,6
200600010937,0006-02-16 13:10:00,6,2,16,13,10,690,385,FAVORITE (DE LA ),,,Plein jour,En agglomération,Hors intersection,Normale,Sans collision,,,,,,,,,,,1,2,1,1,7
200600010938,0006-02-19 21:15:00,6,2,19,21,15,690,385,TOURVIELLE (DE),,,Nuit avec éclairage allumé,En agglomération,Intersection en T,Pluie forte,Autre collision,,,,,,,,,,,5,2,3,3,6
200600010939,0006-02-24 15:40:00,6,2,24,15,40,690,389,LAURE DIEBOLD,,,Plein jour,En agglomération,Intersection en X,Normale,Deux véhicules - arrière,,,,,,,,,,,1,2,2,1,2
200600010940,0006-02-10 18:00:00,6,2,10,18,0,670,447,Autoroute A.4,,,Nuit avec éclairage allumé,Hors agglomération,Hors intersection,Normale,Deux véhicules - arrière,,,,,,,,,,,5,1,1,1,2
200600010941,0006-02-14 18:15:00,6,2,14,18,15,670,152,Autoroute A.35,,,Nuit sans éclairage public,Hors agglomération,Hors intersection,Normale,Trois véhicules et plus - en chaîne,,,,,,,,,,,3,1,1,1,4
200600010942,0006-02-08 12:20:00,6,2,8,12,20,540,578,Autoroute A 33,,,Plein jour,Hors agglomération,Hors intersection,Temps couvert,Deux véhicules - arrière,,,,,,,,,,,1,1,1,8,2
200600010943,0006-02-17 10:20:00,6,2,17,10,20,540,167,Autoroute A 31,,,Plein jour,Hors agglomération,Hors intersection,Normale,Autre collision,,,,,,,,,,,1,1,1,1,6