accident_id,datetime,annee,mois,jour,heure,minute,departement,commune_insee,adresse,latitude,longitude,luminosite,agglomeration,intersection,meteo,collision,nb_vehicules,nb_usagers,nb_indemnes,nb_tues,nb_blesses_hosp,nb_blesses_legers,age_cond_1,age_cond_2,veh_type_cond_1,veh_type_cond_2,lum_code,agg_code,int_code,atm_code,col_code
200600010944,0006-02-17 19:00:00,6,2,17,19,0,570,452,Autoroute A31,,,Nuit avec éclairage allumé,Hors agglomération,Hors intersection,Pluie légère,Trois véhicules et plus - collisions multiples,,,,,,,,,,,5,1,1,2,5
200600010945,0006-02-17 20:17:00,6,2,17,20,17,570,303,Autoroute A31,,,Nuit sans éclairage public,Hors agglomération,Autre intersection,Pluie légère,Trois véhicules et plus - collisions multiples,,,,,,,,,,,3,1,9,2,5
200600010946,0006-02-24 19:55:00,6,2,24,19,55,570,96,Autoroute A30,,,Nuit sans éclairage public,Hors agglomération,Hors intersection,Normale,Sans collision,,,,,,,,,,,3,1,1,1,7
200600010947,0006-02-03 17:20:00,6,2,3,17,20,690,387,"264, JEAN JAURES",,,Crépuscule ou aube,En agglomération,Hors intersection,Normale,Autre collision,,,,,,,,,,,2,2,1,1,6
200600010948,0006-02-05 03:50:00,6,2,5,3,50,690,387,PROFESSEUR GRIGNARD (DU),,,Nuit avec éclairage allumé,En agglomération,Intersection en X,Normale,Deux véhicules - côté,,,,,,,,,,,5,2,2,1,3
200600010949,0006-02-07 09:05:00,6,2,7,9,5,690,387,"8, GAMBETTA",,,Plein jour,En agglomération,Hors intersection,Normale,Sans collision,,,,,,,,,,,1,2,1,1,7
200600010950,0006-02-17 03:05:00,6,2,17,3,5,690,387,CLAUDE BERNARD,,,Nuit avec éclairage allumé,En agglomération,Intersection en X,Normale,Autre collision,,,,,,,,,,,5,2,2,1,6
200600010951,0006-02-24 17:50:00,6,2,24,17,50,690,387,UNIVERSITE (DE L'),,,Plein jour,En agglomération,Intersection à plus de 4 branches,Normale,Deux véhicules - côté,,,,,,,,,,,1,2,5,1,3
200600010952,0006-02-24 21:15:00,6,2,24,21,15,690,387,YVES FARGES,,,Nuit avec éclairage allumé,En agglomération,Intersection en T,Normale,Deux véhicules - côté,,,,,,,,,,,5,2,3,1,3
200600010953,0006-02-27 17:45:00,6,2,27,17,45,690,387,UNIVERSITE (DE L'),,,Plein jour,En agglomération,Intersection en X,Temps couvert,Deux véhicules - côté,,,,,,,,,,,1,2,2,8,3
200600010954,0006-02-02 13:40:00,6,2,2,13,40,690,388,"107, MARIUS BERLIET",,,Plein jour,En agglomération,Hors intersection,Normale,Autre collision,,,,,,,,,,,1,2,1,1,6
200600010955,0006-02-03 21:30:00,6,2,3,21,30,690,388,"00, ROCKEFELLER",,,Nuit avec éclairage allumé,Hors agglomération,Hors intersection,Normale,Deux véhicules - arrière,,,,,,,,,,,5,1,1,1,2
200600010956,0006-02-07 07:20:00,6,2,7,7,20,690,388,"171, VIENNE (DE)",,,Crépuscule ou aube,En agglomération,Hors intersection,Normale,Autre collision,,,,,,,,,,,2,2,1,1,6
200600010957,0006-02-10 15:30:00,6,2,10,15,30,690,388,"00, BERTHELOT",,,Plein jour,En agglomération,Intersection en T,Normale,Deux véhicules - côté,,,,,,,,,,,1,2,3,1,3
200600010958,0006-02-10 17:45:00,6,2,10,17,45,690,388,"10, PROFESSEUR TAVERNIER",,,Plein jour,En agglomération,Hors intersection,Normale,Autre collision,,,,,,,,,,,1,2,1,1,6
200600010959,0006-02-16 12:00:00,6,2,16,12,0,690,388,"36, PAUL CAZENEUVE",,,Plein jour,En agglomération,Hors intersection,Normale,Deux véhicules - côté,,,,,,,,,,,1,2,1,1,3
200600010960,0006-02-18 17:05:00,6,2,18,17,5,690,388,"134, PAUL SANTY",,,Plein jour,En agglomération,Hors intersection,Normale,Autre collision,,,,,,,,,,,1,2,1,1,6
200600010961,0006-02-25 14:30:00,6,2,25,14,30,690,388,"31, JEAN XXIII",,,Plein jour,En agglomération,Hors intersection,Normale,Autre collision,,,,,,,,,,,1,2,1,1,6
200600010962,0006-02-03 14:00:00,6,2,3,14,0,420,218,RN88,,,Plein jour,Hors agglomération,Hors intersection,Temps couvert,Trois véhicules et plus - en chaîne,,,,,,,,,,,1,1,1,8,4
200600010963,0006-02-05 09:10:00,6,2,5,9,10,420,207,RN88 DECROISSANT,,,Plein jour,Hors agglomération,Hors intersection,Normale,Autre collision,,,,,,,,,,,1,1,1,1,6
200600010964,0006-02-07 19:40:00,6,2,7,19,40,420,97,A72,,,Nuit sans éclairage public,Hors agglomération,Hors intersection,Normale,Trois véhicules et plus - collisions multiples,,,,,,,,,,,3,1,1,1,5
200600010965,0006-02-02 01:45:00,6,2,2,1,45,690,389,BPNL,,,Nuit avec éclairage allumé,Hors agglomération,Hors intersection,Brouillard / fumée,Autre collision,,,,,,,,,,,5,1,1,5,6
200600010966,0006-02-04 20:00:00,6,2,4,20,0,380,449,A43,,,Nuit avec éclairage allumé,Hors agglomération,Hors intersection,Normale,Deux véhicules - côté,,,,,,,,,,,5,1,1,1,3
200600010967,0006-02-05 03:00:00,6,2,5,3,0,690,266,RN383,,,Nuit avec éclairage allumé,Hors agglomération,Hors intersection,Normale,Sans collision,,,,,,,,,,,5,1,1,1,7
200600010968,0006-02-07 13:45:00,6,2,7,13,45,690,266,RN383,,,Plein jour,Hors agglomération,Hors intersection,Normale,Autre collision,,,,,,,,,,,1,1,1,1,6
200600010969,0006-02-08 10:00:00,6,2,8,10,0,380,336,RN7,,,Plein jour,Hors agglomération,Hors intersection,Normale,Autre collision,,,,,,,,,,,1,1,1,1,6
200600010970,0006-02-08 19:18:00,6,2,8,19,18,690,34,BPNL,,,Nuit avec éclairage allumé,Hors agglomération,Hors intersection,Normale,Deux véhicules - côté,,,,,,,,,,,5,1,1,1,3
200600010971,0006-02-10 03:00:00,6,2,10,3,0,690,199,RN383,,,Nuit avec éclairage allumé,Hors agglomération,Autre intersection,Normale,Autre collision,,,,,,,,,,,5,1,9,1,6
200600010972,0006-02-11 07:50:00,6,2,11,7,50,690,256,RN346,,,Crépuscule ou aube,Hors agglomération,Hors intersection,Normale,Sans collision,,,,,,,,,,,2,1,1,1,7
200600010973,0006-02-13 07:55:00,6,2,13,7,55,690,27,A450,,,Crépuscule ou aube,Hors agglomération,Hors intersection,Normale,Deux véhicules - frontale,,,,,,,,,,,2,1,1,1,1
200600010974,0006-02-17 01:50:00,6,2,17,1,50,690,152,A7,,,Nuit avec éclairage allumé,Hors agglomération,Hors intersection,Normale,Sans collision,,,,,,,,,,,5,1,1,1,7
200600010975,0006-02-16 15:30:00,6,2,16,15,30,690,199,A7,,,Plein jour,Hors agglomération,Hors intersection,Normale,Trois véhicules et plus - collisions multiples,,,,,,,,,,,1,1,1,1,5
200600010976,0006-02-17 18:00:00,6,2,17,18,0,690,275,RN346,,,Nuit avec éclairage allumé,Hors agglomération,Hors intersection,Normale,Deux véhicules - côté,,,,,,,,,,,5,1,1,1,3
200600010977,0006-02-17 20:20:00,6,2,17,20,20,690,81,A6,,,Nuit avec éclairage allumé,Hors agglomération,Hors intersection,Pluie légère,Deux véhicules - arrière,,,,,,,,,,,5,1,1,2,2
200600010978,0006-02-17 02:10:00,6,2,17,2,10,690,290,A43,,,Nuit avec éclairage allumé,Hors agglomération,Hors intersection,Normale,Trois véhicules et plus - en chaîne,,,,,,,,,,,5,1,1,1,4
200600010979,0006-02-19 15:35:00,6,2,19,15,35,690,286,A46N,,,Plein jour,Hors agglomération,Hors intersection,Pluie forte,Autre collision,,,,,,,,,,,1,1,1,3,6
200600010980,0006-02-19 23:30:00,6,2,19,23,30,690,275,RN346,,,Nuit avec éclairage allumé,Hors agglomération,Hors intersection,Pluie forte,Sans collision,,,,,,,,,,,5,1,1,3,7
200600010981,0006-02-21 18:10:00,6,2,21,18,10,690,266,RN383,,,Crépuscule ou aube,Hors agglomération,Intersection en Y,Pluie légère,Autre collision,,,,,,,,,,,2,1,4,2,6
200600010982,0006-02-21 06:20:00,6,2,21,6,20,690,116,A6,,,Crépuscule ou aube,Hors agglomération,Hors intersection,Normale,Trois véhicules et plus - collisions multiples,,,,,,,,,,,2,1,1,1,5
200600010983,0006-02-21 17:00:00,6,2,21,17,0,690,152,A7,,,Plein jour,Hors agglomération,Hors intersection,Normale,Autre collision,,,,,,,,,,,1,1,1,1,6
200600010984,0006-02-21 22:33:00,6,2,21,22,33,690,29,RN383,,,Nuit avec éclairage non allumé,Hors agglomération,Hors intersection,Normale,Autre collision,,,,,,,,,,,4,1,1,1,6
200600010985,0006-02-24 22:50:00,6,2,24,22,50,690,296,A7,,,Nuit sans éclairage public,Hors agglomération,Hors intersection,Normale,Autre collision,,,,,,,,,,,3,1,1,1,6
200600010986,0006-02-25 10:00:00,6,2,25,10,0,690,290,RN346,,,Plein jour,Hors agglomération,Hors intersection,Normale,Deux véhicules - arrière,,,,,,,,,,,1,1,1,1,2
200600010987,0006-02-27 07:20:00,6,2,27,7,20,690,5,A46N,,,Plein jour,Hors agglomération,Hors intersection,Vent fort / tempête,Deux véhicules - côté,,,,,,,,,,,1,1,1,6,3
200600010988,0006-02-05 03:00:00,6,2,5,3,0,690,389,"96, ST CYR (DE)",,,Nuit avec éclairage allumé,En agglomération,Hors intersection,Normale,Deux véhicules - frontale,,,,,,,,,,,5,2,1,1,1
200600010989,0006-02-20 09:00:00,6,2,20,9,0,690,389,"0, CHAMPAGNE (DE)",,,Plein jour,En agglomération,Hors intersection,Normale,Deux véhicules - côté,,,,,,,,,,,1,2,1,1,3
200600010990,0006-02-21 14:40:00,6,2,21,14,40,690,389,", PLATEAU (DU)",,,Plein jour,En agglomération,Hors intersection,Normale,Autre collision,,,,,,,,,,,1,2,1,1,6
200600010991,0006-02-10 18:10:00,6,2,10,18,10,830,90,A50,,,Plein jour,Hors agglomération,Hors intersection,Normale,Deux véhicules - côté,,,,,,,,,,,1,1,1,1,3
200600010992,0006-02-11 16:15:00,6,2,11,16,15,830,70,A50,,,Plein jour,Hors agglomération,Hors intersection,Normale,Trois véhicules et plus - en chaîne,,,,,,,,,,,1,1,1,1,4
200600010993,0006-02-20 15:15:00,6,2,20,15,15,830,70,A57,,,Plein jour,Hors agglomération,Hors intersection,Normale,Deux véhicules - arrière,,,,,,,,,,,1,1,1,1,2
200600010994,0006-02-22 12:30:00,6,2,22,12,30,830,70,A57,,,Plein jour,Hors agglomération,Hors intersection,Temps couvert,Deux véhicules - arrière,,,,,,,,,,,1,1,1,8,2
200600010995,0006-02-25 22:50:00,6,2,25,22,50,830,62,A570,,,Nuit sans éclairage public,Hors agglomération,Autre intersection,Normale,Deux véhicules - arrière,,,,,,,,,,,3,1,9,1,2
200600010996,0006-02-25 19:00:00,6,2,25,19,0,830,69,A570,,,Nuit sans éclairage public,Hors agglomération,Hors intersection,Normale,Trois véhicules et plus - collisions multiples,,,,,,,,,,,3,1,1,1,5
200600010997,0006-02-26 22:23:00,6,2,26,22,23,830,70,A57,,,Nuit avec éclairage allumé,Hors agglomération,Hors intersection,Normale,Deux véhicules - côté,,,,,,,,,,,5,1,1,1,3
200600010998,0006-02-01 16:00:00,6,2,1,16,0,130,71,A55-Sens Martigues vers,,,Plein jour,Hors agglomération,Hors intersection,Normale,Deux véhicules - côté,,,,,,,,,,,1,1,1,1,3
200600010999,0006-02-01 16:30:00,6,2,1,16,30,130,26,A55-Sens Marseille vers,,,Plein jour,Hors agglomération,Hors intersection,Normale,Autre collision,,,,,,,,,,,1,1,1,1,6
200600011000,0006-02-02 06:45:00,6,2,2,6,45,130,1,A51-Sens Aix en Provence,,,Crépuscule ou aube,Hors agglomération,Hors intersection,Normale,Autre collision,,,,,,,,,,,2,1,1,1,6
200600011001,0006-02-02 06:00:00,6,2,2,6,0,130,71,A7-Sens Marseille vers L,,,Nuit sans éclairage public,Hors agglomération,Hors intersection,Normale,Deux véhicules - côté,,,,,,,,,,,3,1,1,1,3
200600011002,0006-02-02 14:10:00,6,2,2,14,10,130,55,A7-Sens Lyon vers Marsei,,,Plein jour,Hors agglomération,Hors intersection,Normale,Deux véhicules - arrière,,,,,,,,,,,1,1,1,1,2
200600011003,0006-02-03 06:20:00,6,2,3,6,20,130,56,A55-Sens Martigues vers,,,Nuit sans éclairage public,Hors agglomération,Hors intersection,Autre,Autre collision,,,,,,,,,,,3,1,1,9,6
200600011004,0006-02-03 18:10:00,6,2,3,18,10,130,71,A55 - Sens Marseille ver,,,Crépuscule ou aube,Hors agglomération,Hors intersection,Normale,Sans collision,,,,,,,,,,,2,1,1,1,7
200600011005,0006-02-04 15:30:00,6,2,4,15,30,130,71,A51-Sens Marseille vers,,,Plein jour,Hors agglomération,Hors intersection,Normale,Trois véhicules et plus - en chaîne,,,,,,,,,,,1,1,1,1,4
200600011006,0006-02-05 05:00:00,6,2,5,5,0,130,15,A51-Sens Aix en Provence,,,Nuit sans éclairage public,Hors agglomération,Hors intersection,Normale,Trois véhicules et plus - collisions multiples,,,,,,,,,,,3,1,1,1,5
200600011007,0006-02-05 14:30:00,6,2,5,14,30,130,55,A50-Sens Aubagne vers Ma,,,Plein jour,Hors agglomération,Hors intersection,Normale,Sans collision,,,,,,,,,,,1,1,1,1,7
200600011008,0006-02-05 15:00:00,6,2,5,15,0,130,71,A51-Sens Marseille vers,,,Plein jour,Hors agglomération,Hors intersection,Normale,Trois véhicules et plus - en chaîne,,,,,,,,,,,1,1,1,1,4
200600011009,0006-02-06 07:24:00,6,2,6,7,24,130,19,A51-Sens Aix en Provence,,,Crépuscule ou aube,Hors agglomération,Hors intersection,Normale,Trois véhicules et plus - en chaîne,,,,,,,,,,,2,1,1,1,4
200600011010,0006-02-06 10:17:00,6,2,6,10,17,130,55,TVPCD-Sens Les Ports ver,,,Plein jour,Hors agglomération,Hors intersection,Normale,Autre collision,,,,,,,,,,,1,1,1,1,6
200600011011,0006-02-07 07:00:00,6,2,7,7,0,130,55,A55-Sens Martigues vers,,,Crépuscule ou aube,Hors agglomération,Hors intersection,Normale,Deux véhicules - côté,,,,,,,,,,,2,1,1,1,3
200600011012,0006-02-07 17:30:00,6,2,7,17,30,130,71,A7-Sens Marseille vers L,,,Plein jour,Hors agglomération,Hors intersection,Normale,Trois véhicules et plus - en chaîne,,,,,,,,,,,1,1,1,1,4
200600011013,0006-02-08 21:45:00,6,2,8,21,45,130,71,A7-Sens Marseille vers L,,,Nuit sans éclairage public,Hors agglomération,Hors intersection,Normale,Autre collision,,,,,,,,,,,3,1,1,1,6
200600011014,0006-02-08 21:47:00,6,2,8,21,47,130,71,A7-Sens Lyon vers Marsei,,,Nuit sans éclairage public,Hors agglomération,Hors intersection,Normale,Deux véhicules - arrière,,,,,,,,,,,3,1,1,1,2
200600011015,0006-02-09 08:15:00,6,2,9,8,15,130,85,Sens Toulon vers Aubagne,,,Plein jour,Hors agglomération,Hors intersection,Normale,Deux véhicules - arrière,,,,,,,,,,,1,1,1,1,2
200600011016,0006-02-10 14:55:00,6,2,10,14,55,130,1,A51-Sens Aix en Provence,,,Plein jour,Hors agglomération,Hors intersection,Normale,Sans collision,,,,,,,,,,,1,1,1,1,7
200600011017,0006-02-10 16:20:00,6,2,10,16,20,130,203,A557-Liaison A7 Marseill,,,Plein jour,Hors agglomération,Hors intersection,Normale,Autre collision,,,,,,,,,,,1,1,1,1,6
200600011018,0006-02-12 09:20:00,6,2,12,9,20,130,71,A7-Sens Marseille vers L,43.99142,5.32674,Plein jour,Hors agglomération,Autre intersection,Normale,Sans collision,,,,,,,,,,,1,1,9,1,7
200600011019,0006-02-12 10:50:00,6,2,12,10,50,130,71,A7-Sens Lyon vers Marsei,,,Plein jour,Hors agglomération,Hors intersection,Normale,Autre collision,,,,,,,,,,,1,1,1,1,6
200600011020,0006-02-10 08:20:00,6,2,10,8,20,130,106,A7-Sens Lyon vers Marsei,,,Plein jour,Hors agglomération,Hors intersection,Normale,Autre collision,,,,,,,,,,,1,1,1,1,6
200600011021,0006-02-13 10:45:00,6,2,13,10,45,130,117,A7-Sens Marseille vers L,,,Plein jour,Hors agglomération,Hors intersection,Normale,Sans collision,,,,,,,,,,,1,1,1,1,7
200600011022,0006-02-14 12:10:00,6,2,14,12,10,130,71,A51-Sens Aix en Provence,,,Plein jour,Hors agglomération,Hors intersection,Normale,Autre collision,,,,,,,,,,,1,1,1,1,6
200600011023,0006-02-15 08:32:00,6,2,15,8,32,130,55,A50-Sens Aubagne vers Ma,,,Plein jour,Hors agglomération,Hors intersection,Normale,Autre collision,,,,,,,,,,,1,1,1,1,6
200600011024,0006-02-15 16:40:00,6,2,15,16,40,130,55,A557-Liaison A7 Marseill,,,Plein jour,Hors agglomération,Hors intersection,Pluie légère,Deux véhicules - côté,,,,,,,,,,,1,1,1,2,3
200600011025,0006-02-15 14:30:00,6,2,15,14,30,130,215,A7-Sens Lyon vers Marsei,,,Plein jour,Hors agglomération,Hors intersection,Normale,Autre collision,,,,,,,,,,,1,1,1,1,6
200600011026,0006-02-16 11:30:00,6,2,16,11,30,130,15,A51-Sens Aix en Provence,,,Plein jour,Hors agglomération,Hors intersection,Normale,Sans collision,,,,,,,,,,,1,1,1,1,7
200600011027,0006-02-18 06:16:00,6,2,18,6,16,130,71,A55-Sens Marseille vers,,,Nuit sans éclairage public,Hors agglomération,Hors intersection,Normale,Deux véhicules - arrière,,,,,,,,,,,3,1,1,1,2
200600011028,0006-02-17 07:30:00,6,2,17,7,30,130,71,A51-Sens Aix en Provence,,,Plein jour,Hors agglomération,Hors intersection,Normale,Autre collision,,,,,,,,,,,1,1,1,1,6
200600011029,0006-02-17 11:30:00,6,2,17,11,30,130,56,A55-Sens Marseille vers,,,Plein jour,Hors agglomération,Hors intersection,Normale,Deux véhicules - arrière,,,,,,,,,,,1,1,1,1,2
200600011030,0006-02-19 00:45:00,6,2,19,0,45,130,71,A55-Sens Martigues vers,,,Nuit sans éclairage public,Hors agglomération,Hors intersection,Normale,Trois véhicules et plus - collisions multiples,,,,,,,,,,,3,1,1,1,5
200600011031,0006-02-19 06:30:00,6,2,19,6,30,130,117,A7-Sens Lyon vers Marsei,,,Nuit sans éclairage public,Hors agglomération,Hors intersection,Normale,Deux véhicules - arrière,,,,,,,,,,,3,1,1,1,2
200600011032,0006-02-19 12:30:00,6,2,19,12,30,130,81,A7-Sens Marseille vers L,,,Plein jour,Hors agglomération,Hors intersection,Pluie forte,Deux véhicules - côté,,,,,,,,,,,1,1,1,3,3
200600011033,0006-02-19 15:00:00,6,2,19,15,0,130,71,A51-Sens Marseille vers,,,Plein jour,Hors agglomération,Hors intersection,Temps couvert,Autre collision,,,,,,,,,,,1,1,1,8,6
200600011034,0006-02-19 15:25:00,6,2,19,15,25,130,71,A51-Sens Marseille vers,,,Plein jour,Hors agglomération,Hors intersection,Pluie légère,Deux véhicules - arrière,,,,,,,,,,,1,1,1,2,2
200600011035,0006-02-19 18:35:00,6,2,19,18,35,130,55,A7-Sens Lyon vers Marsei,,,Nuit avec éclairage allumé,Hors agglomération,Hors intersection,Normale,Deux véhicules - arrière,,,,,,,,,,,5,1,1,1,2
200600011036,0006-02-20 16:00:00,6,2,20,16,0,130,71,A7-Sens Marseille vers L,,,Plein jour,Hors agglomération,Hors intersection,Normale,Autre collision,,,,,,,,,,,1,1,1,1,6
200600011037,0006-02-21 00:10:00,6,2,21,0,10,130,81,A7-Sens Lyon vers Marsei,,,Nuit sans éclairage public,Hors agglomération,Hors intersection,Normale,Autre collision,,,,,,,,,,,3,1,1,1,6
200600011038,0006-02-22 04:41:00,6,2,22,4,41,130,71,A55-Sens Martigues vers,,,Nuit sans éclairage public,Hors agglomération,Hors intersection,Pluie légère,Sans collision,,,,,,,,,,,3,1,1,2,7
200600011039,0006-02-26 00:55:00,6,2,26,0,55,130,117,A7-Sens Marseille vers L,,,Nuit sans éclairage public,Hors agglomération,Hors intersection,Normale,Deux véhicules - côté,,,,,,,,,,,3,1,1,1,3
200600011040,0006-02-25 14:10:00,6,2,25,14,10,130,117,A7-Sens Lyon vers Marsei,,,Plein jour,Hors agglomération,Hors intersection,Normale,Sans collision,,,,,,,,,,,1,1,1,1,7
200600011041,0006-02-28 12:00:00,6,2,28,12,0,130,81,A7-Sens Marseille vers L,,,Plein jour,Hors agglomération,Hors intersection,Normale,Sans collision,,,,,,,,,,,1,1,1,1,7
200600011042,0006-02-28 12:45:00,6,2,28,12,45,130,56,A55-Sens Marseille vers,,,Plein jour,Hors agglomération,Hors intersection,Normale,Autre collision,,,,,,,,,,,1,1,1,1,6
200600011043,0006-02-28 14:10:00,6,2,28,14,10,130,56,A55-Sens Martigues vers,,,Plein jour,Hors agglomération,Hors intersection,Normale,Deux véhicules - arrière,,,,,,,,,,,1,1,1,1,2
200600011044,0006-02-28 16:20:00,6,2,28,16,20,130,5,A50-Sens Aubagne vers Ma,,,Plein jour,Hors agglomération,Hors intersection,Normale,Deux véhicules - côté,,,,,,,,,,,1,1,1,1,3
200600011045,0006-02-08 16:50:00,6,2,8,16,50,130,55,"290, S10CM-Sens Marseill",,,Plein jour,Hors agglomération,Hors intersection,Normale,Deux véhicules - côté,,,,,,,,,,,1,1,1,1,3
200600011046,0006-01-03 08:55:00,6,1,3,8,55,160,15,"323, BORDEAUX (ROUTE DE",,,Plein jour,En agglomération,Intersection en T,Normale,Autre collision,,,,,,,,,,,1,2,3,1,6
200600011047,0006-01-03 18:30:00,6,1,3,18,30,160,113,"0, CLAIX RD 103 (ROUTE D",,,Nuit sans éclairage public,Hors agglomération,Intersection en T,Normale,Deux véhicules - côté,,,,,,,,,,,3,1,3,1,3
200600011048,0006-01-05 07:50:00,6,1,5,7,50,160,358,"195, ROYAN N141 (RUE DE)",,,Crépuscule ou aube,En agglomération,Hors intersection,Normale,Autre collision,,,,,,,,,,,2,2,1,1,6
200600011049,0006-01-05 13:20:00,6,1,5,13,20,160,358,"00, MESNIERS (RUE DES)",,,Plein jour,En agglomération,Hors intersection,Normale,Sans collision,,,,,,,,,,,1,2,1,1,7
200600011050,0006-01-11 21:40:00,6,1,11,21,40,160,15,"372, BORDEAUX (RUE DE N°",,,Nuit avec éclairage allumé,En agglomération,Intersection en T,Normale,Deux véhicules - côté,,,,,,,,,,,5,2,3,1,3
200600011051,0006-01-11 16:50:00,6,1,11,16,50,160,291,VERGNADE (ROUTE DE LA),,,Plein jour,En agglomération,Intersection en T,Normale,Autre collision,,,,,,,,,,,1,2,3,1,6
200600011052,0006-01-21 13:10:00,6,1,21,13,10,160,291,"0, JAURES (AVENUE JEAN)",,,Plein jour,En agglomération,Intersection en T,Normale,Deux véhicules - frontale,,,,,,,,,,,1,2,3,1,1
200600011053,0006-01-26 10:00:00,6,1,26,10,0,160,15,SAINT ROCH A LUNESSE (RU,,,Plein jour,En agglomération,Intersection en T,Normale,Autre collision,,,,,,,,,,,1,2,3,1,6
200600011054,0006-02-05 18:20:00,6,2,5,18,20,160,15,"00, BRETAGNE (BOULEVARD",,,Crépuscule ou aube,En agglomération,Hors intersection,Normale,Deux véhicules - côté,,,,,,,,,,,2,2,1,1,3
200600011055,0006-02-01 11:10:00,6,2,1,11,10,160,15,HUGO (PLACE VICTOR),,,Plein jour,En agglomération,Hors intersection,Normale,Autre collision,,,,,,,,,,,1,2,1,1,6
200600011056,0006-02-11 15:15:00,6,2,11,15,15,160,15,"67, WILSON (AVENUE DU PR",,,Plein jour,En agglomération,Hors intersection,Normale,Sans collision,,,,,,,,,,,1,2,1,1,7
200600011057,0006-02-25 20:50:00,6,2,25,20,50,160,15,"87, BESSON BEY (BOULEVAR",,,Nuit avec éclairage allumé,En agglomération,Hors intersection,Normale,Autre collision,,,,,,,,,,,5,2,1,1,6
200600011058,0006-02-28 13:30:00,6,2,28,13,30,160,15,"84, SAINT MARTIN (RUE ET",,,Plein jour,En agglomération,Hors intersection,Normale,Sans collision,,,,,,,,,,,1,2,1,1,7
200600011059,0006-02-17 18:45:00,6,2,17,18,45,420,218,"20, PAPIN DENIS",,,Nuit avec éclairage allumé,En agglomération,Hors intersection,Normale,Deux véhicules - côté,,,,,,,,,,,5,2,1,1,3
200600011060,0006-02-17 11:30:00,6,2,17,11,30,420,218,JAURES JEAN (PLACE),,,Plein jour,En agglomération,Intersection en X,Temps couvert,Autre collision,,,,,,,,,,,1,2,2,8,6
200600011061,0006-02-17 16:48:00,6,2,17,16,48,420,218,BUISSON FERDINAND (PLACE,,,Plein jour,En agglomération,Hors intersection,Temps couvert,Autre collision,,,,,,,,,,,1,2,1,8,6
200600011062,0006-02-23 11:05:00,6,2,23,11,5,420,218,"13, DUCHAMP VICTOR",,,Plein jour,En agglomération,Hors intersection,Normale,Autre collision,,,,,,,,,,,1,2,1,1,6
200600011063,0006-02-24 12:50:00,6,2,24,12,50,420,218,VERNEY CARRON CLAUDE,,,Plein jour,En agglomération,Intersection en X,Temps couvert,Deux véhicules - côté,,,,,,,,,,,1,2,2,8,3
200600011064,0006-02-26 09:10:00,6,2,26,9,10,420,218,"25, AMOUROUX A PARTIR DE",,,Plein jour,En agglomération,Hors intersection,Normale,Autre collision,,,,,,,,,,,1,2,1,1,6
200600011065,0006-02-27 15:13:00,6,2,27,15,13,420,305,RN 498,,,Plein jour,Hors agglomération,Intersection en X,Normale,Trois véhicules et plus - en chaîne,,,,,,,,,,,1,1,2,1,4
200600011066,0006-02-27 16:36:00,6,2,27,16,36,420,218,"25, PARE AMBROISE A PART",,,Plein jour,En agglomération,Hors intersection,Normale,Trois véhicules et plus - collisions multiples,,,,,,,,,,,1,2,1,1,5
200600011067,0006-02-27 17:40:00,6,2,27,17,40,420,189,Départementale 3,,,Plein jour,Hors agglomération,Hors intersection,Normale,Deux véhicules - frontale,,,,,,,,,,,1,1,1,1,1
200600011068,0006-01-25 16:00:00,6,1,25,16,0,620,186,"., HAPIOT (R )",,,Plein jour,En agglomération,Hors intersection,Normale,Autre collision,,,,,,,,,,,1,2,1,1,6
200600011069,0006-01-23 12:15:00,6,1,23,12,15,620,186,"., PASTEUR (R)",,,Plein jour,En agglomération,Hors intersection,Normale,Autre collision,,,,,,,,,,,1,2,1,1,6
200600011070,0006-02-15 01:30:00,6,2,15,1,30,620,528,BETHUNE (RTE DE),,,Nuit avec éclairage allumé,Hors agglomération,Autre intersection,Normale,Autre collision,,,,,,,,,,,5,1,9,1,6
200600011071,0006-02-15 20:30:00,6,2,15,20,30,620,510,"., DEFERNEZ (R JEAN BAPT",,,Nuit avec éclairage allumé,En agglomération,Intersection en X,Pluie légère,Trois véhicules et plus - collisions multiples,,,,,,,,,,,5,2,2,2,5
200600011072,0006-02-17 22:30:00,6,2,17,22,30,620,563,"., DUTOUQUET (R )",,,Nuit avec éclairage allumé,En agglomération,Intersection en X,Normale,Deux véhicules - côté,,,,,,,,,,,5,2,2,1,3
200600011073,0006-02-18 09:30:00,6,2,18,9,30,620,19,ARRAS (R D'),,,Plein jour,Hors agglomération,Intersection en T,Normale,Deux véhicules - côté,,,,,,,,,,,1,1,3,1,3
200600011074,0006-02-11 06:20:00,6,2,11,6,20,620,563,"., DUTOUQUET (R )",,,Nuit avec éclairage allumé,En agglomération,Intersection en X,Normale,Deux véhicules - côté,,,,,,,,,,,5,2,2,1,3
200600011075,0006-02-26 00:55:00,6,2,26,0,55,620,510,CD 58,,,Nuit avec éclairage allumé,En agglomération,Hors intersection,Normale,Autre collision,,,,,,,,,,,5,2,1,1,6