accident_id,datetime,annee,mois,jour,heure,minute,departement,commune_insee,adresse,latitude,longitude,luminosite,agglomeration,intersection,meteo,collision,nb_vehicules,nb_usagers,nb_indemnes,nb_tues,nb_blesses_hosp,nb_blesses_legers,age_cond_1,age_cond_2,veh_type_cond_1,veh_type_cond_2,lum_code,agg_code,int_code,atm_code,col_code
200600011473,0006-03-02 09:00:00,6,3,2,9,0,130,55,ALEX ANSALDI (RUE),,,Plein jour,En agglomération,Hors intersection,Normale,Deux véhicules - côté,,,,,,,,,,,1,2,1,1,3
200600011474,0006-03-09 16:40:00,6,3,9,16,40,130,55,MARCHE D'IN (AVENUE),,,Plein jour,En agglomération,Hors intersection,Normale,Autre collision,,,,,,,,,,,1,2,1,1,6
200600011475,0006-03-11 01:00:00,6,3,11,1,0,130,55,ALEX. FLEMING (AVENUE),,,Nuit avec éclairage allumé,En agglomération,Hors intersection,Pluie légère,Autre collision,,,,,,,,,,,5,2,1,2,6
200600011476,0006-03-11 08:00:00,6,3,11,8,0,130,55,JEAN MOULIN (BOULEVARD),,,Plein jour,En agglomération,Hors intersection,Normale,Deux véhicules - côté,,,,,,,,,,,1,2,1,1,3
200600011477,0006-03-11 01:01:00,6,3,11,1,1,130,55,DÉSIRÉ BIANCO (AVENUE),,,Nuit avec éclairage allumé,En agglomération,Hors intersection,Pluie légère,Autre collision,,,,,,,,,,,5,2,1,2,6
200600011478,0006-03-12 20:45:00,6,3,12,20,45,130,55,"173, CORNICHE KENNEDY",,,Nuit avec éclairage allumé,En agglomération,Hors intersection,Normale,Autre collision,,,,,,,,,,,5,2,1,1,6
200600011479,0006-03-10 21:05:00,6,3,10,21,5,130,55,SAINTE MARGUERITE (BOULE,,,Nuit avec éclairage allumé,En agglomération,Hors intersection,Normale,Autre collision,,,,,,,,,,,5,2,1,1,6
200600011480,0006-03-07 15:40:00,6,3,7,15,40,130,55,LÉON GAMBETTA (ALLEE),,,Plein jour,En agglomération,Intersection en T,Normale,Autre collision,,,,,,,,,,,1,2,3,1,6
200600011481,0006-03-08 07:25:00,6,3,8,7,25,130,55,COQ (RUE DU),,,Plein jour,En agglomération,Intersection en X,Normale,Deux véhicules - côté,,,,,,,,,,,1,2,2,1,3
200600011482,0006-03-13 14:55:00,6,3,13,14,55,130,55,CORNICHE KENNEDY,,,Plein jour,En agglomération,Hors intersection,Normale,Autre collision,,,,,,,,,,,1,2,1,1,6
200600011483,0006-03-06 19:40:00,6,3,6,19,40,130,55,"64, LYON (RUE DE)",,,Nuit avec éclairage allumé,En agglomération,Hors intersection,Vent fort / tempête,Deux véhicules - côté,,,,,,,,,,,5,2,1,6,3
200600011484,0006-03-07 04:45:00,6,3,7,4,45,130,55,"82, AYGALADES (AVENUE DE",,,Nuit avec éclairage allumé,En agglomération,Intersection en T,Normale,Trois véhicules et plus - collisions multiples,,,,,,,,,,,5,2,3,1,5
200600011485,0006-03-03 15:30:00,6,3,3,15,30,130,55,SAINT LOUIS (RUE),,,Plein jour,En agglomération,Hors intersection,Normale,Deux véhicules - côté,,,,,,,,,,,1,2,1,1,3
200600011486,0006-03-07 17:35:00,6,3,7,17,35,130,55,BLANCARDE (BOULEVARD),,,Plein jour,En agglomération,Hors intersection,Normale,Deux véhicules - arrière,,,,,,,,,,,1,2,1,1,2
200600011487,0006-03-01 08:00:00,6,3,1,8,0,130,55,"144, CLAIR MATIN (AVENUE",,,Crépuscule ou aube,En agglomération,Hors intersection,Normale,Autre collision,,,,,,,,,,,2,2,1,1,6
200600011488,0006-03-10 11:32:00,6,3,10,11,32,130,55,"0, VALBARELLE (BOULEVARD",,,Plein jour,En agglomération,Hors intersection,Normale,Autre collision,,,,,,,,,,,1,2,1,1,6
200600011489,0006-03-01 12:40:00,6,3,1,12,40,130,55,SAKAKINI (BOULEVARD),,,Plein jour,En agglomération,Intersection en X,Normale,Deux véhicules - côté,,,,,,,,,,,1,2,2,1,3
200600011490,0006-03-09 14:30:00,6,3,9,14,30,130,55,NOTRE DAME (CHEMIN),,,Plein jour,En agglomération,Hors intersection,Normale,Deux véhicules - côté,,,,,,,,,,,1,2,1,1,3
200600011491,0006-03-06 11:20:00,6,3,6,11,20,130,55,"6, JULES CANTINI (AVENUE",,,Plein jour,En agglomération,Intersection en X,Normale,Deux véhicules - côté,,,,,,,,,,,1,2,2,1,3
200600011492,0006-03-09 09:20:00,6,3,9,9,20,130,55,MAZARGUES (AVENUE DE),,,Plein jour,En agglomération,Hors intersection,Normale,Trois véhicules et plus - collisions multiples,,,,,,,,,,,1,2,1,1,5
200600011493,0006-03-09 18:00:00,6,3,9,18,0,130,55,ROME (RUE DE),,,Crépuscule ou aube,En agglomération,Intersection en T,Normale,Deux véhicules - côté,,,,,,,,,,,2,2,3,1,3
200600011494,0006-03-09 02:35:00,6,3,9,2,35,130,55,FRANCOISE DUPARC (BOULEV,,,Nuit avec éclairage allumé,En agglomération,Intersection en X,Normale,Deux véhicules - côté,,,,,,,,,,,5,2,2,1,3
200600011495,0006-03-12 01:30:00,6,3,12,1,30,130,55,LITTORAL (CHEMIN DU),,,Nuit avec éclairage allumé,En agglomération,Hors intersection,Normale,Deux véhicules - arrière,,,,,,,,,,,5,2,1,1,2
200600011496,0006-03-09 09:30:00,6,3,9,9,30,130,55,MARCHE D'IN (AVENUE),,,Plein jour,En agglomération,Hors intersection,Normale,Deux véhicules - côté,,,,,,,,,,,1,2,1,1,3
200600011497,0006-03-11 16:45:00,6,3,11,16,45,130,55,"74, FRANCOISE DUPARC (BO",,,Plein jour,En agglomération,Hors intersection,Normale,Autre collision,,,,,,,,,,,1,2,1,1,6
200600011498,0006-03-09 13:50:00,6,3,9,13,50,130,55,"125, AUBAGNE (RUE D')",,,Plein jour,En agglomération,Hors intersection,Normale,Autre collision,,,,,,,,,,,1,2,1,1,6
200600011499,0006-03-15 18:10:00,6,3,15,18,10,130,55,AIR BEL (AVENUE),,,Plein jour,En agglomération,Hors intersection,Normale,Autre collision,,,,,,,,,,,1,2,1,1,6
200600011500,0006-03-08 23:00:00,6,3,8,23,0,130,55,"46, BERLIOZ (RUE)",,,Nuit avec éclairage allumé,En agglomération,Hors intersection,Normale,Autre collision,,,,,,,,,,,5,2,1,1,6
200600011501,0006-03-11 19:20:00,6,3,11,19,20,130,55,SALVADOR ALLENDE (RUE),,,Nuit avec éclairage allumé,En agglomération,Giratoire,Normale,Deux véhicules - arrière,,,,,,,,,,,5,2,6,1,2
200600011502,0006-03-01 09:00:00,6,3,1,9,0,130,55,PORT (QUAI DU),,,Plein jour,En agglomération,Intersection en T,Normale,Deux véhicules - côté,,,,,,,,,,,1,2,3,1,3
200600011503,0006-03-15 14:05:00,6,3,15,14,5,130,55,"0000, CAISSERIE (RUE)",,,Plein jour,En agglomération,Hors intersection,Normale,Autre collision,,,,,,,,,,,1,2,1,1,6
200600011504,0006-03-03 03:20:00,6,3,3,3,20,130,55,"112, JEAN LOMBARD (AVENU",,,Nuit avec éclairage allumé,En agglomération,Hors intersection,Normale,Autre collision,,,,,,,,,,,5,2,1,1,6
200600011505,0006-03-17 18:15:00,6,3,17,18,15,130,55,LAROUSSE (BOULEVARD),,,Nuit avec éclairage allumé,En agglomération,Hors intersection,Normale,Deux véhicules - frontale,,,,,,,,,,,5,2,1,1,1
200600011506,0006-03-18 04:20:00,6,3,18,4,20,130,55,LITTORAL (CHEMIN DU),,,Nuit avec éclairage allumé,En agglomération,Giratoire,Pluie légère,Autre collision,,,,,,,,,,,5,2,6,2,6
200600011507,0006-03-14 17:00:00,6,3,14,17,0,130,55,"00, OCTROI (PLACE GARE D",,,Plein jour,En agglomération,Hors intersection,Normale,Autre collision,,,,,,,,,,,1,2,1,1,6
200600011508,0006-03-14 15:30:00,6,3,14,15,30,130,55,"43, POMPIDOU (PROMENADE)",,,Plein jour,En agglomération,Hors intersection,Normale,Trois véhicules et plus - collisions multiples,,,,,,,,,,,1,2,1,1,5
200600011509,0006-03-09 19:45:00,6,3,9,19,45,130,55,BROCHIER (RUE),,,Nuit avec éclairage allumé,En agglomération,Intersection en X,Pluie légère,Deux véhicules - côté,,,,,,,,,,,5,2,2,2,3
200600011510,0006-03-02 16:00:00,6,3,2,16,0,130,55,RIVE NEUVE (QUAI DE),,,Plein jour,En agglomération,Intersection en T,Normale,Deux véhicules - côté,,,,,,,,,,,1,2,3,1,3
200600011511,0006-03-04 05:00:00,6,3,4,5,0,130,55,CAMOINS (AVENUE DES),,,Nuit avec éclairage allumé,En agglomération,Hors intersection,Normale,Autre collision,,,,,,,,,,,5,2,1,1,6
200600011512,0006-03-07 15:00:00,6,3,7,15,0,130,55,ERNEST GASQUY (RUE),,,Plein jour,En agglomération,Intersection en T,Normale,Sans collision,,,,,,,,,,,1,2,3,1,7
200600011513,0006-03-20 09:00:00,6,3,20,9,0,130,55,ETIENNE PORTELLI (SQUARE,,,Plein jour,En agglomération,Hors intersection,Normale,Deux véhicules - côté,,,,,,,,,,,1,2,1,1,3
200600011514,0006-03-07 16:15:00,6,3,7,16,15,130,55,PALUD (RUE DE LA),,,Plein jour,En agglomération,Hors intersection,Normale,Autre collision,,,,,,,,,,,1,2,1,1,6
200600011515,0006-03-11 17:30:00,6,3,11,17,30,130,55,SAINTE (RUE),,,Plein jour,En agglomération,Hors intersection,Normale,Deux véhicules - arrière,,,,,,,,,,,1,2,1,1,2
200600011516,0006-03-14 15:45:00,6,3,14,15,45,130,55,CATALANS (RUE DES),,,Plein jour,En agglomération,Intersection en T,Normale,Deux véhicules - côté,,,,,,,,,,,1,2,3,1,3
200600011517,0006-03-12 05:20:00,6,3,12,5,20,130,55,"66, CAPELETTE (AVENUE DE",,,Nuit avec éclairage allumé,En agglomération,Hors intersection,Vent fort / tempête,Deux véhicules - arrière,,,,,,,,,,,5,2,1,6,2
200600011518,0006-03-03 08:30:00,6,3,3,8,30,130,55,"289, SAINT MARCEL (BOULE",,,Plein jour,En agglomération,Hors intersection,Normale,Deux véhicules - arrière,,,,,,,,,,,1,2,1,1,2
200600011519,0006-03-15 10:00:00,6,3,15,10,0,130,55,"297, PIERRE DOIZE  (RUE)",,,Plein jour,En agglomération,Hors intersection,Normale,Deux véhicules - arrière,,,,,,,,,,,1,2,1,1,2
200600011520,0006-03-06 09:00:00,6,3,6,9,0,130,55,VALENTINE (ROUTE DE LA),,,Plein jour,En agglomération,Giratoire,Vent fort / tempête,Autre collision,,,,,,,,,,,1,2,6,6,6
200600011521,0006-03-19 08:25:00,6,3,19,8,25,130,55,JEAN MOULIN (BOULEVARD),,,Plein jour,En agglomération,Hors intersection,Pluie légère,Autre collision,,,,,,,,,,,1,2,1,2,6
200600011522,0006-03-14 07:30:00,6,3,14,7,30,130,2,CALECHE (MONTÉE DE LA),,,Plein jour,En agglomération,Intersection en Y,Normale,Deux véhicules - côté,,,,,,,,,,,1,2,4,1,3
200600011523,0006-03-18 13:30:00,6,3,18,13,30,130,55,"116, VALENTINE (ROUTE DE",,,Plein jour,En agglomération,Hors intersection,Temps couvert,Autre collision,,,,,,,,,,,1,2,1,8,6
200600011524,0006-03-15 16:55:00,6,3,15,16,55,130,55,"65, LANCIER (CHEMIN DU)",,,Plein jour,En agglomération,Hors intersection,Normale,Deux véhicules - côté,,,,,,,,,,,1,2,1,1,3
200600011525,0006-03-12 16:25:00,6,3,12,16,25,130,55,"181, CAPELETTE (AVENUE D",,,Plein jour,En agglomération,Hors intersection,Normale,Deux véhicules - côté,,,,,,,,,,,1,2,1,1,3
200600011526,0006-03-07 16:40:00,6,3,7,16,40,130,55,PARADIS (RUE),,,Plein jour,En agglomération,Intersection en T,Normale,Deux véhicules - côté,,,,,,,,,,,1,2,3,1,3
200600011527,0006-03-13 11:50:00,6,3,13,11,50,130,55,MIRELLE LAUZE (BOULEVARD,,,Plein jour,En agglomération,Giratoire,Normale,Deux véhicules - côté,,,,,,,,,,,1,2,6,1,3
200600011528,0006-03-14 06:30:00,6,3,14,6,30,130,55,SAINT MARCEL (BOULEVARD,,,Plein jour,En agglomération,Intersection en T,Normale,Deux véhicules - côté,,,,,,,,,,,1,2,3,1,3
200600011529,0006-03-06 18:20:00,6,3,6,18,20,130,55,MONTREDON (AVENUE DE),,,Nuit avec éclairage allumé,En agglomération,Hors intersection,Vent fort / tempête,Sans collision,,,,,,,,,,,5,2,1,6,7
200600011530,0006-03-13 08:30:00,6,3,13,8,30,130,55,SAINT JEROME (AVENUE DE),,,Plein jour,En agglomération,Intersection en T,Normale,Trois véhicules et plus - collisions multiples,,,,,,,,,,,1,2,3,1,5
200600011531,0006-03-19 19:30:00,6,3,19,19,30,130,55,HAMBOURG (BOULEVARD),,,Nuit avec éclairage allumé,En agglomération,Intersection en T,Normale,Deux véhicules - arrière,,,,,,,,,,,5,2,3,1,2
200600011532,0006-03-07 08:45:00,6,3,7,8,45,130,55,SAKAKINI (BOULEVARD),,,Plein jour,En agglomération,Hors intersection,Normale,Autre collision,,,,,,,,,,,1,2,1,1,6
200600011533,0006-03-15 15:30:00,6,3,15,15,30,130,55,"302, SAINT MARCEL (BOULE",,,Plein jour,En agglomération,Hors intersection,Normale,Deux véhicules - arrière,,,,,,,,,,,1,2,1,1,2
200600011534,0006-03-23 19:15:00,6,3,23,19,15,130,55,CORINTHE (AVENUE DE),,,Nuit avec éclairage allumé,En agglomération,Intersection en X,Normale,Deux véhicules - côté,,,,,,,,,,,5,2,2,1,3
200600011535,0006-03-25 11:00:00,6,3,25,11,0,130,55,PALUD (RUE DE LA),,,Plein jour,En agglomération,Hors intersection,Normale,Autre collision,,,,,,,,,,,1,2,1,1,6
200600011536,0006-03-25 18:50:00,6,3,25,18,50,130,55,"91, PLOMBIERES (BOULEVAR",,,Nuit avec éclairage allumé,En agglomération,Hors intersection,Normale,Trois véhicules et plus - collisions multiples,,,,,,,,,,,5,2,1,1,5
200600011537,0006-03-25 22:50:00,6,3,25,22,50,130,55,", BUREL (BOULEVARD)",,,Nuit avec éclairage allumé,En agglomération,Hors intersection,Normale,Sans collision,,,,,,,,,,,5,2,1,1,7
200600011538,0006-03-25 22:10:00,6,3,25,22,10,130,55,RAYMOND TEISSERE (RUE),,,Nuit avec éclairage allumé,En agglomération,Hors intersection,Normale,Sans collision,,,,,,,,,,,5,2,1,1,7
200600011539,0006-03-16 11:30:00,6,3,16,11,30,130,55,"72, PRADO (AVENUE DU)",,,Plein jour,En agglomération,Hors intersection,Normale,Deux véhicules - côté,,,,,,,,,,,1,2,1,1,3
200600011540,0006-03-10 12:45:00,6,3,10,12,45,130,55,ROME (RUE DE),,,Plein jour,En agglomération,Intersection en X,Normale,Deux véhicules - côté,,,,,,,,,,,1,2,2,1,3
200600011541,0006-03-02 14:30:00,6,3,2,14,30,130,55,", EUGENE PIERRE (BOULEVA",,,Plein jour,En agglomération,Intersection en X,Normale,Deux véhicules - côté,,,,,,,,,,,1,2,2,1,3
200600011542,0006-03-21 16:00:00,6,3,21,16,0,130,55,CASTELLANE (PLACE),,,Plein jour,En agglomération,Hors intersection,Normale,Trois véhicules et plus - en chaîne,,,,,,,,,,,1,2,1,1,4
200600011543,0006-03-08 13:40:00,6,3,8,13,40,130,55,"131, LIBERATION (BOULEVA",,,Plein jour,En agglomération,Hors intersection,Normale,Deux véhicules - côté,,,,,,,,,,,1,2,1,1,3
200600011544,0006-03-09 13:05:00,6,3,9,13,5,130,55,"163, TOULON (AVENUE DE)",,,Plein jour,En agglomération,Hors intersection,Normale,Autre collision,,,,,,,,,,,1,2,1,1,6
200600011545,0006-03-14 18:00:00,6,3,14,18,0,130,55,"37, DOCTEUR HECKEL (RUE",,,Plein jour,En agglomération,Hors intersection,Normale,Deux véhicules - arrière,,,,,,,,,,,1,2,1,1,2
200600011546,0006-03-17 13:30:00,6,3,17,13,30,130,55,"376, PARADIS (RUE)",,,Plein jour,En agglomération,Intersection en T,Normale,Deux véhicules - côté,,,,,,,,,,,1,2,3,1,3
200600011547,0006-03-22 17:00:00,6,3,22,17,0,130,55,PONT DE VIVAUX (BOULEVAR,,,Plein jour,En agglomération,Intersection en T,Normale,Deux véhicules - frontale,,,,,,,,,,,1,2,3,1,1
200600011548,0006-03-11 18:00:00,6,3,11,18,0,130,55,"111, BON JESUS (RUE DU)",,,Nuit avec éclairage allumé,En agglomération,Hors intersection,Temps couvert,Autre collision,,,,,,,,,,,5,2,1,8,6
200600011549,0006-03-16 08:45:00,6,3,16,8,45,130,55,KADDOUZ (CHEMIN),,,Plein jour,En agglomération,Hors intersection,Normale,Autre collision,,,,,,,,,,,1,2,1,1,6
200600011550,0006-03-15 17:20:00,6,3,15,17,20,130,55,CAPELETTE (AVENUE DE LA),,,Plein jour,En agglomération,Hors intersection,Normale,Deux véhicules - côté,,,,,,,,,,,1,2,1,1,3
200600011551,0006-03-02 17:45:00,6,3,2,17,45,130,55,JEAN PAUL SARTRE (AVENUE,,,Nuit sans éclairage public,En agglomération,Hors intersection,Normale,Deux véhicules - côté,,,,,,,,,,,3,2,1,1,3
200600011552,0006-03-05 10:30:00,6,3,5,10,30,130,55,"27, MAZARGUES (AVENUE DE",,,Plein jour,En agglomération,Hors intersection,Normale,Autre collision,,,,,,,,,,,1,2,1,1,6
200600011553,0006-03-21 06:30:00,6,3,21,6,30,130,55,CAPELETTE (AVENUE DE LA),,,Nuit avec éclairage allumé,En agglomération,Intersection en T,Pluie légère,Deux véhicules - côté,,,,,,,,,,,5,2,3,2,3
200600011554,0006-03-21 16:30:00,6,3,21,16,30,130,55,"F49, SOUDE (AVENUE DE LA",,,Plein jour,En agglomération,Hors intersection,Normale,Sans collision,,,,,,,,,,,1,2,1,1,7
200600011555,0006-03-23 22:40:00,6,3,23,22,40,130,55,"15, VISTE (AVENUE DE LA)",,,Nuit avec éclairage allumé,En agglomération,Hors intersection,Normale,Deux véhicules - côté,,,,,,,,,,,5,2,1,1,3
200600011556,0006-03-19 11:20:00,6,3,19,11,20,130,2,PICHAURIS (CHEMIN DE....,,,Plein jour,Hors agglomération,Hors intersection,Temps couvert,Sans collision,,,,,,,,,,,1,1,1,8,7
200600011557,0006-03-14 15:31:00,6,3,14,15,31,130,55,LANCIER (CHEMIN DU),,,Plein jour,En agglomération,Intersection en X,Normale,Deux véhicules - côté,,,,,,,,,,,1,2,2,1,3
200600011558,0006-03-22 12:10:00,6,3,22,12,10,130,55,POMPIDOU (PROMENADE),,,Plein jour,En agglomération,Hors intersection,Normale,Autre collision,,,,,,,,,,,1,2,1,1,6
200600011559,0006-03-14 12:30:00,6,3,14,12,30,130,55,CLOT BEY (AVENUE),,,Plein jour,En agglomération,Hors intersection,Normale,Deux véhicules - arrière,,,,,,,,,,,1,2,1,1,2
200600011560,0006-03-16 13:45:00,6,3,16,13,45,130,55,"78, BUTRIS (TRAVERSE DES",,,Plein jour,En agglomération,Hors intersection,Normale,Deux véhicules - côté,,,,,,,,,,,1,2,1,1,3
200600011561,0006-03-28 17:00:00,6,3,28,17,0,130,55,PRADO (ROND-POINT),,,Plein jour,En agglomération,Hors intersection,Normale,Deux véhicules - côté,,,,,,,,,,,1,2,1,1,3
200600011562,0006-03-18 20:20:00,6,3,18,20,20,130,55,CHEVALIER PAUL (RUE DU),,,Nuit avec éclairage allumé,En agglomération,Intersection en X,Pluie légère,Deux véhicules - côté,,,,,,,,,,,5,2,2,2,3
200600011563,0006-03-20 22:30:00,6,3,20,22,30,130,55,MONTRE (TRAVERSE DE LA),,,Nuit avec éclairage allumé,En agglomération,Hors intersection,Normale,Deux véhicules - frontale,,,,,,,,,,,5,2,1,1,1
200600011564,0006-03-16 15:40:00,6,3,16,15,40,130,55,SAINT ANTOINE (CHEMIN DE,,,Plein jour,En agglomération,Hors intersection,Normale,Autre collision,,,,,,,,,,,1,2,1,1,6
200600011565,0006-03-22 21:00:00,6,3,22,21,0,130,55,LYON (RUE DE),,,Nuit avec éclairage allumé,En agglomération,Intersection en T,Normale,Deux véhicules - côté,,,,,,,,,,,5,2,3,1,3
200600011566,0006-03-25 19:50:00,6,3,25,19,50,130,55,MENDES FRANCE (AVENUE),,,Nuit avec éclairage allumé,En agglomération,Hors intersection,Normale,Autre collision,,,,,,,,,,,5,2,1,1,6
200600011567,0006-03-10 17:00:00,6,3,10,17,0,130,55,"78, CROIX ROUGE (AVENUE)",,,Plein jour,En agglomération,Hors intersection,Normale,Deux véhicules - côté,,,,,,,,,,,1,2,1,1,3
200600011568,0006-03-10 09:00:00,6,3,10,9,0,130,55,ARNAVAUX (AVENUE DES),,,Plein jour,En agglomération,Intersection en X,Normale,Deux véhicules - côté,,,,,,,,,,,1,2,2,1,3
200600011569,0006-03-29 10:00:00,6,3,29,10,0,130,55,"172, LIBERATION (BOULEVA",,,Plein jour,En agglomération,Intersection en X,Normale,Autre collision,,,,,,,,,,,1,2,2,1,6
200600011570,0006-03-02 11:20:00,6,3,2,11,20,130,55,CHARLES LIVON (BOULEVARD,,,Plein jour,En agglomération,Hors intersection,Normale,Trois véhicules et plus - collisions multiples,,,,,,,,,,,1,2,1,1,5
200600011571,0006-03-23 08:00:00,6,3,23,8,0,130,55,"200, SAINT LOUIS (AVENUE",,,Plein jour,En agglomération,Intersection en T,Normale,Deux véhicules - côté,,,,,,,,,,,1,2,3,1,3
200600011572,0006-03-18 23:20:00,6,3,18,23,20,130,55,"147, FLAMMARION (BOULEVA",,,Nuit avec éclairage allumé,En agglomération,Giratoire,Normale,Autre collision,,,,,,,,,,,5,2,6,1,6
200600011573,0006-03-27 11:15:00,6,3,27,11,15,130,55,"286, SAINT ANTOINE (CHEM",,,Plein jour,En agglomération,Hors intersection,Normale,Autre collision,,,,,,,,,,,1,2,1,1,6
200600011574,0006-03-21 05:40:00,6,3,21,5,40,130,55,PRADO (AVENUE DU),,,Nuit avec éclairage allumé,En agglomération,Intersection en X,Pluie légère,Deux véhicules - côté,,,,,,,,,,,5,2,2,2,3
200600011575,0006-03-01 08:45:00,6,3,1,8,45,130,55,"133, SAINT PIERRE (RUE)",,,Plein jour,En agglomération,Hors intersection,Normale,Autre collision,,,,,,,,,,,1,2,1,1,6
200600011576,0006-03-21 14:00:00,6,3,21,14,0,130,55,BIZET (CHEMIN DE),,,Plein jour,En agglomération,Hors intersection,Normale,Autre collision,,,,,,,,,,,1,2,1,1,6
200600011577,0006-03-28 14:10:00,6,3,28,14,10,130,55,"265, PRADO (AVENUE)",,,Plein jour,En agglomération,Hors intersection,Normale,Deux véhicules - arrière,,,,,,,,,,,1,2,1,1,2
200600011578,0006-03-27 08:00:00,6,3,27,8,0,130,55,CALLELONGUE (RUE),,,Plein jour,En agglomération,Hors intersection,Normale,Deux véhicules - arrière,,,,,,,,,,,1,2,1,1,2
200600011579,0006-03-28 18:30:00,6,3,28,18,30,130,55,"106, FOURRAGERE (IMPASSE",,,Plein jour,En agglomération,Hors intersection,Normale,Autre collision,,,,,,,,,,,1,2,1,1,6
200600011580,0006-03-23 21:10:00,6,3,23,21,10,130,55,"34, BOURRELY (CHEMIN DES",,,Nuit avec éclairage allumé,En agglomération,Intersection en T,Normale,Deux véhicules - côté,,,,,,,,,,,5,2,3,1,3
200600011581,0006-03-25 22:15:00,6,3,25,22,15,130,55,COLONEL EDON (PLACE DU),,,Nuit avec éclairage allumé,En agglomération,Intersection en T,Normale,Deux véhicules - côté,,,,,,,,,,,5,2,3,1,3
200600011582,0006-03-05 18:30:00,6,3,5,18,30,130,55,"21, 24 AVRIL 15 (AVENUE",,,Nuit avec éclairage allumé,En agglomération,Hors intersection,Pluie forte,Deux véhicules - arrière,,,,,,,,,,,5,2,1,3,2
200600011583,0006-03-29 10:05:00,6,3,29,10,5,130,55,"00, PIERRE BELLOT (PLACE",,,Plein jour,En agglomération,Hors intersection,Normale,Autre collision,,,,,,,,,,,1,2,1,1,6
200600011584,0006-03-28 22:10:00,6,3,28,22,10,130,55,"12, CASSIS (ANCIEN CHEMI",,,Nuit avec éclairage allumé,En agglomération,Hors intersection,Normale,Autre collision,,,,,,,,,,,5,2,1,1,6
200600011585,0006-03-22 19:05:00,6,3,22,19,5,130,55,LÉON LACHAMP (ROUTE),,,Nuit sans éclairage public,En agglomération,Hors intersection,Pluie légère,Autre collision,,,,,,,,,,,3,2,1,2,6
200600011586,0006-03-04 14:30:00,6,3,4,14,30,130,55,PEINTRES ROUX (AVENUE DE,,,Plein jour,En agglomération,Hors intersection,Normale,Deux véhicules - côté,,,,,,,,,,,1,2,1,1,3
200600011587,0006-03-21 08:00:00,6,3,21,8,0,130,55,"25, CORDERIE (BOULEVARD",,,Plein jour,En agglomération,Hors intersection,Normale,Deux véhicules - côté,,,,,,,,,,,1,2,1,1,3
200600011588,0006-03-04 11:45:00,6,3,4,11,45,130,55,"18, CONCEPTION (RUE DE L",,,Plein jour,En agglomération,Intersection en T,Normale,Autre collision,,,,,,,,,,,1,2,3,1,6
200600011589,0006-03-22 18:30:00,6,3,22,18,30,130,55,SABLIER (BOULEVARD DU),,,Crépuscule ou aube,En agglomération,Intersection en T,Normale,Deux véhicules - frontale,,,,,,,,,,,2,2,3,1,1
200600011590,0006-03-28 19:05:00,6,3,28,19,5,130,55,PARADIS (RUE),,,Plein jour,En agglomération,Hors intersection,Normale,Deux véhicules - côté,,,,,,,,,,,1,2,1,1,3
200600011591,0006-03-30 10:00:00,6,3,30,10,0,130,55,MENDES FRANCE (AVENUE),,,Plein jour,En agglomération,Hors intersection,Normale,Deux véhicules - arrière,,,,,,,,,,,1,2,1,1,2
200600011592,0006-03-13 07:30:00,6,3,13,7,30,130,55,LIBERATION (BOULEVARD),,,Plein jour,En agglomération,Intersection en X,Normale,Deux véhicules - côté,,,,,,,,,,,1,2,2,1,3
200600011593,0006-03-20 18:00:00,6,3,20,18,0,130,55,"192, ROUET (RUE DU)",,,Plein jour,En agglomération,Hors intersection,Normale,Deux véhicules - côté,,,,,,,,,,,1,2,1,1,3
200600011594,0006-03-17 08:05:00,6,3,17,8,5,130,55,"90, MIREILLE LAUZE (BOUL",,,Plein jour,En agglomération,Hors intersection,Normale,Deux véhicules - côté,,,,,,,,,,,1,2,1,1,3
200600011595,0006-03-29 16:20:00,6,3,29,16,20,130,55,RIVE NEUVE (QUAI DE),,,Plein jour,En agglomération,Hors intersection,Normale,Deux véhicules - côté,,,,,,,,,,,1,2,1,1,3
200600011596,0006-03-24 11:05:00,6,3,24,11,5,130,55,PLOMBIERES (BOULEVARD DE,,,Plein jour,En agglomération,Hors intersection,Normale,Deux véhicules - côté,,,,,,,,,,,1,2,1,1,3
200600011597,0006-03-10 15:30:00,6,3,10,15,30,130,55,"5, VALLON VERT (CHEMIN D",,,Plein jour,En agglomération,Hors intersection,Normale,Deux véhicules - côté,,,,,,,,,,,1,2,1,1,3
200600011598,0006-03-29 16:15:00,6,3,29,16,15,130,55,ROGER SCHIAFFINI (RUE),,,Plein jour,En agglomération,Hors intersection,Normale,Autre collision,,,,,,,,,,,1,2,1,1,6
200600011599,0006-03-30 09:00:00,6,3,30,9,0,130,55,CROIX ROUGE (AVENUE),,,Plein jour,En agglomération,Intersection en T,Normale,Deux véhicules - côté,,,,,,,,,,,1,2,3,1,3
200600011600,0006-03-30 10:30:00,6,3,30,10,30,130,55,LITTORAL (CHEMIN DU),,,Plein jour,En agglomération,Hors intersection,Normale,Deux véhicules - côté,,,,,,,,,,,1,2,1,1,3
200600011601,0006-03-31 17:00:00,6,3,31,17,0,130,55,DAMES (BOULEVARD DES),,,Plein jour,En agglomération,Hors intersection,Normale,Deux véhicules - côté,,,,,,,,,,,1,2,1,1,3
200600011602,0006-03-29 07:05:00,6,3,29,7,5,130,55,GAFFAREL (RUE),,,Plein jour,En agglomération,Hors intersection,Normale,Deux véhicules - frontale,,,,,,,,,,,1,2,1,1,1
200600011603,0006-03-29 23:15:00,6,3,29,23,15,130,55,COMMANDERIE (CHEMIN),,,Nuit avec éclairage allumé,En agglomération,Hors intersection,Normale,Deux véhicules - côté,,,,,,,,,,,5,2,1,1,3
200600011604,0006-03-30 17:45:00,6,3,30,17,45,130,55,TIMON DAVID (AVENUE),,,Crépuscule ou aube,En agglomération,Hors intersection,Normale,Autre collision,,,,,,,,,,,2,2,1,1,6