accident_id,datetime,annee,mois,jour,heure,minute,departement,commune_insee,adresse,latitude,longitude,luminosite,agglomeration,intersection,meteo,collision,nb_vehicules,nb_usagers,nb_indemnes,nb_tues,nb_blesses_hosp,nb_blesses_legers,age_cond_1,age_cond_2,veh_type_cond_1,veh_type_cond_2,lum_code,agg_code,int_code,atm_code,col_code
200600011605,0006-03-18 16:30:00,6,3,18,16,30,130,55,MAURELLE (RUE DE LA),,,Plein jour,En agglomération,Hors intersection,Normale,Deux véhicules - arrière,,,,,,,,,,,1,2,1,1,2
200600011606,0006-03-19 14:00:00,6,3,19,14,0,130,55,RUFFI (RUE DE),,,Plein jour,En agglomération,Hors intersection,Normale,Deux véhicules - côté,,,,,,,,,,,1,2,1,1,3
200600011607,0006-03-30 09:01:00,6,3,30,9,1,130,55,", PAUL CLAUDEL (BOULEVAR",,,Plein jour,En agglomération,Hors intersection,Normale,Deux véhicules - côté,,,,,,,,,,,1,2,1,1,3
200600011608,0006-03-12 00:20:00,6,3,12,0,20,130,55,"75, VALENTINE (ROUTE DE",,,Nuit avec éclairage allumé,En agglomération,Hors intersection,Normale,Autre collision,,,,,,,,,,,5,2,1,1,6
200600011609,0006-03-30 08:00:00,6,3,30,8,0,130,55,"165, CORNICHE KENNEDY",,,Crépuscule ou aube,En agglomération,Hors intersection,Normale,Deux véhicules - côté,,,,,,,,,,,2,2,1,1,3
200600011610,0006-03-28 12:40:00,6,3,28,12,40,130,55,"287, SAINT PIERRE (RUE)",,,Plein jour,En agglomération,Hors intersection,Normale,Deux véhicules - côté,,,,,,,,,,,1,2,1,1,3
200600011611,0006-03-20 16:20:00,6,3,20,16,20,130,55,"10/12, LÉON GAMBETTA (AL",,,Plein jour,En agglomération,Hors intersection,Normale,Autre collision,,,,,,,,,,,1,2,1,1,6
200600011612,0006-03-24 17:30:00,6,3,24,17,30,130,55,"40, VOLTAIRE    PAIRS (B",,,Plein jour,En agglomération,Hors intersection,Normale,Deux véhicules - frontale,,,,,,,,,,,1,2,1,1,1
200600011613,0006-03-29 08:50:00,6,3,29,8,50,130,55,SAINTE MARTHE (CHEMIN DE,,,Plein jour,En agglomération,Hors intersection,Normale,Autre collision,,,,,,,,,,,1,2,1,1,6
200600011614,0006-03-23 11:45:00,6,3,23,11,45,130,55,"10, VITON (AVENUE)",,,Plein jour,En agglomération,Hors intersection,Normale,Deux véhicules - côté,,,,,,,,,,,1,2,1,1,3
200600011615,0006-03-30 17:00:00,6,3,30,17,0,130,55,JEAN LOMBARD (AVENUE),,,Plein jour,En agglomération,Intersection en T,Normale,Deux véhicules - côté,,,,,,,,,,,1,2,3,1,3
200600011616,0006-03-31 15:00:00,6,3,31,15,0,130,55,"209, 24 AVRIL 15 (AVENUE",,,Plein jour,En agglomération,Intersection en T,Normale,Deux véhicules - côté,,,,,,,,,,,1,2,3,1,3
200600011617,0006-03-30 14:00:00,6,3,30,14,0,130,55,"18, 24 AVRIL 15 (AVENUE",,,Plein jour,En agglomération,Hors intersection,Normale,Autre collision,,,,,,,,,,,1,2,1,1,6
200600011618,0006-03-28 10:00:00,6,3,28,10,0,130,55,"393, ROMAIN ROLLAND (BOU",,,Plein jour,En agglomération,Hors intersection,Normale,Deux véhicules - côté,,,,,,,,,,,1,2,1,1,3
200600011619,0006-03-27 19:10:00,6,3,27,19,10,130,55,PONT DE VIVAUX (BOULEVAR,,,Plein jour,En agglomération,Hors intersection,Normale,Deux véhicules - frontale,,,,,,,,,,,1,2,1,1,1
200600011620,0006-03-09 18:30:00,6,3,9,18,30,130,55,"71, CAILLOLS (AVENUE DES",,,Nuit avec éclairage allumé,En agglomération,Hors intersection,Normale,Deux véhicules - côté,,,,,,,,,,,5,2,1,1,3
200600011621,0006-03-15 21:20:00,6,3,15,21,20,130,55,MIREILLE LAUZE (BOULEVAR,,,Nuit avec éclairage allumé,En agglomération,Giratoire,Normale,Sans collision,,,,,,,,,,,5,2,6,1,7
200600011622,0006-03-27 14:50:00,6,3,27,14,50,130,55,PIERRE DOIZE  (RUE),,,Plein jour,En agglomération,Hors intersection,Normale,Deux véhicules - côté,,,,,,,,,,,1,2,1,1,3
200600011623,0006-03-16 08:00:00,6,3,16,8,0,130,55,AMARYLLIS (CHEMIN DES),,,Plein jour,En agglomération,Hors intersection,Normale,Deux véhicules - arrière,,,,,,,,,,,1,2,1,1,2
200600011624,0006-03-08 11:25:00,6,3,8,11,25,130,55,HAGUENAU (BOULEVARD DE),,,Plein jour,En agglomération,Hors intersection,Normale,Autre collision,,,,,,,,,,,1,2,1,1,6
200600011625,0006-03-22 19:50:00,6,3,22,19,50,130,55,"00, CANEBIERE    30 A 68",,,Nuit avec éclairage allumé,En agglomération,Hors intersection,Pluie légère,Deux véhicules - côté,,,,,,,,,,,5,2,1,2,3
200600011626,0006-03-20 11:20:00,6,3,20,11,20,130,55,"21, CORSE (AVENUE DE LA)",,,Plein jour,En agglomération,Intersection en T,Normale,Deux véhicules - côté,,,,,,,,,,,1,2,3,1,3
200600011627,0006-03-01 13:35:00,6,3,1,13,35,130,55,"34, CAPITAINE GEZE (BOUL",,,Plein jour,En agglomération,Autre intersection,Normale,Deux véhicules - côté,,,,,,,,,,,1,2,9,1,3
200600011628,0006-03-28 00:05:00,6,3,28,0,5,130,55,"264, OLIVES (AVENUE DES)",,,Nuit avec éclairage allumé,En agglomération,Hors intersection,Normale,Sans collision,,,,,,,,,,,5,2,1,1,7
200600011629,0006-03-26 12:30:00,6,3,26,12,30,130,55,"21, MERLAN (AVENUE)",,,Plein jour,En agglomération,Intersection en T,Normale,Deux véhicules - côté,,,,,,,,,,,1,2,3,1,3
200600011630,0006-03-28 14:15:00,6,3,28,14,15,130,55,FONTAINIEU (CHEMIN DE),,,Plein jour,En agglomération,Intersection en T,Normale,Deux véhicules - côté,,,,,,,,,,,1,2,3,1,3
200600011631,0006-03-29 16:00:00,6,3,29,16,0,130,55,"34, PARIS (BOULEVARD DE)",,,Plein jour,En agglomération,Hors intersection,Normale,Trois véhicules et plus - en chaîne,,,,,,,,,,,1,2,1,1,4
200600011632,0006-03-31 17:50:00,6,3,31,17,50,130,55,JEAN LOMBARD (AVENUE),,,Plein jour,En agglomération,Autre intersection,Normale,Sans collision,,,,,,,,,,,1,2,9,1,7
200600011633,0006-03-25 14:45:00,6,3,25,14,45,130,55,"3, MARÉCHAL JUIN (BOULEV",,,Plein jour,En agglomération,Hors intersection,Normale,Deux véhicules - arrière,,,,,,,,,,,1,2,1,1,2
200600011634,0006-03-29 19:50:00,6,3,29,19,50,130,55,GASTON CREMIEUX (RUE),,,Crépuscule ou aube,En agglomération,Hors intersection,Normale,Deux véhicules - côté,,,,,,,,,,,2,2,1,1,3
200600011635,0006-03-21 17:30:00,6,3,21,17,30,130,55,"09, LOUIS MALOSSE (AVENU",,,Plein jour,En agglomération,Hors intersection,Normale,Deux véhicules - côté,,,,,,,,,,,1,2,1,1,3
200600011636,0006-03-07 13:30:00,6,3,7,13,30,130,55,KADDOUZ (CHEMIN),,,Plein jour,En agglomération,Hors intersection,Normale,Deux véhicules - frontale,,,,,,,,,,,1,2,1,1,1
200600011637,0006-03-25 09:30:00,6,3,25,9,30,130,55,"80, BRETEUIL (RUE)",,,Plein jour,En agglomération,Intersection en T,Normale,Deux véhicules - côté,,,,,,,,,,,1,2,3,1,3
200600011638,0006-03-13 10:15:00,6,3,13,10,15,130,55,CANEBIERE     1 A 79,,,Plein jour,En agglomération,Hors intersection,Normale,Autre collision,,,,,,,,,,,1,2,1,1,6
200600011639,0006-03-23 16:00:00,6,3,23,16,0,130,55,ISOARD (RUE D'),,,Plein jour,En agglomération,Intersection en X,Normale,Autre collision,,,,,,,,,,,1,2,2,1,6
200600011640,0006-03-24 22:30:00,6,3,24,22,30,130,55,PONT DE VIVAUX (BOULEVAR,,,Nuit avec éclairage allumé,En agglomération,Hors intersection,Normale,Autre collision,,,,,,,,,,,5,2,1,1,6
200600011641,0006-03-03 09:01:00,6,3,3,9,1,130,55,"132, VALBARELLE (BOULEVA",,,Plein jour,En agglomération,Hors intersection,Normale,Trois véhicules et plus - en chaîne,,,,,,,,,,,1,2,1,1,4
200600011642,0006-03-28 16:30:00,6,3,28,16,30,130,55,VITON (AVENUE),,,Plein jour,Hors agglomération,Hors intersection,Normale,Deux véhicules - côté,,,,,,,,,,,1,1,1,1,3
200600011643,0006-03-24 08:10:00,6,3,24,8,10,130,55,LÉON LACHAMP (ROUTE),,,Plein jour,En agglomération,Hors intersection,Normale,Autre collision,,,,,,,,,,,1,2,1,1,6
200600011644,0006-03-01 13:30:00,6,3,1,13,30,130,55,VERDILLON (RUE),,,Plein jour,En agglomération,Autre intersection,Normale,Deux véhicules - côté,,,,,,,,,,,1,2,9,1,3
200600011645,0006-03-23 12:30:00,6,3,23,12,30,130,55,"555, SAINT PIERRE (RUE)",,,Plein jour,En agglomération,Hors intersection,Normale,Deux véhicules - arrière,,,,,,,,,,,1,2,1,1,2
200600011646,0006-03-14 18:30:00,6,3,14,18,30,130,55,ITALIE (RUE D'),,,Plein jour,En agglomération,Intersection en X,Normale,Deux véhicules - côté,,,,,,,,,,,1,2,2,1,3
200600011647,0006-03-03 13:15:00,6,3,3,13,15,130,55,"INCONNU, BOURDET (MAURIC",,,Plein jour,En agglomération,Hors intersection,Normale,Autre collision,,,,,,,,,,,1,2,1,1,6
200600011648,0006-03-02 19:15:00,6,3,2,19,15,130,55,"0000, AYGALADES (AVENUE",,,Crépuscule ou aube,En agglomération,Intersection en X,Normale,Deux véhicules - frontale,,,,,,,,,,,2,2,2,1,1
200600011649,0006-03-11 11:15:00,6,3,11,11,15,130,55,"34, LIMITE (BOULEVARD DE",,,Plein jour,En agglomération,Hors intersection,Normale,Sans collision,,,,,,,,,,,1,2,1,1,7
200600011650,0006-03-31 12:30:00,6,3,31,12,30,130,55,"24, SAINTE MARTHE (CHEMI",,,Plein jour,En agglomération,Hors intersection,Normale,Autre collision,,,,,,,,,,,1,2,1,1,6
200600011651,0006-03-17 17:00:00,6,3,17,17,0,130,55,", CORINTHE (AVENUE DE)",,,Plein jour,En agglomération,Intersection en T,Normale,Deux véhicules - côté,,,,,,,,,,,1,2,3,1,3
200600011652,0006-03-20 17:50:00,6,3,20,17,50,130,55,"46, SIMON BOLIVAR (BOULE",,,Plein jour,En agglomération,Hors intersection,Normale,Deux véhicules - arrière,,,,,,,,,,,1,2,1,1,2
200600011653,0006-03-17 08:00:00,6,3,17,8,0,130,55,LITTORAL (CHEMIN DU),,,Plein jour,En agglomération,Hors intersection,Normale,Autre collision,,,,,,,,,,,1,2,1,1,6
200600011654,0006-03-23 15:30:00,6,3,23,15,30,130,55,"85, JULIEN (COURS)",,,Plein jour,En agglomération,Hors intersection,Normale,Autre collision,,,,,,,,,,,1,2,1,1,6
200600011655,0006-03-31 14:25:00,6,3,31,14,25,130,55,"147, CLOT BEY (AVENUE)",,,Plein jour,En agglomération,Hors intersection,Normale,Deux véhicules - côté,,,,,,,,,,,1,2,1,1,3
200600011656,0006-03-16 21:30:00,6,3,16,21,30,130,55,PAPETY (RUE),,,Nuit avec éclairage allumé,En agglomération,Intersection en X,Normale,Deux véhicules - arrière,,,,,,,,,,,5,2,2,1,2
200600011657,0006-03-28 14:05:00,6,3,28,14,5,130,55,"58, CAPITAINE GEZE (BOUL",,,Plein jour,En agglomération,Hors intersection,Normale,Trois véhicules et plus - collisions multiples,,,,,,,,,,,1,2,1,1,5
200600011658,0006-03-31 17:30:00,6,3,31,17,30,130,55,BAILLE (BOULEVARD),,,Plein jour,En agglomération,Intersection en X,Normale,Deux véhicules - côté,,,,,,,,,,,1,2,2,1,3
200600011659,0006-03-07 10:15:00,6,3,7,10,15,130,55,"395, CORNICHE KENNEDY",,,Plein jour,En agglomération,Hors intersection,Normale,Deux véhicules - arrière,,,,,,,,,,,1,2,1,1,2
200600011660,0006-03-05 13:35:00,6,3,5,13,35,130,55,MARIE MADELEINE FOURCADE,,,Plein jour,En agglomération,Hors intersection,Normale,Deux véhicules - frontale,,,,,,,,,,,1,2,1,1,1
200600011661,0006-03-25 01:00:00,6,3,25,1,0,130,55,ROGER SALENGRO (AVENUE),,,Nuit avec éclairage allumé,En agglomération,Autre intersection,Normale,Deux véhicules - côté,,,,,,,,,,,5,2,9,1,3
200600011662,0006-03-06 21:40:00,6,3,6,21,40,130,55,"01, BOUGE (BOULEVARD)",,,Nuit avec éclairage allumé,En agglomération,Intersection en T,Normale,Deux véhicules - côté,,,,,,,,,,,5,2,3,1,3
200600011663,0006-03-11 15:50:00,6,3,11,15,50,130,55,MARCHE D'IN (AVENUE),,,Plein jour,En agglomération,Hors intersection,Normale,Deux véhicules - arrière,,,,,,,,,,,1,2,1,1,2
200600011664,0006-03-23 19:50:00,6,3,23,19,50,130,55,BAILLE (BOULEVARD),,,Plein jour,En agglomération,Intersection en T,Normale,Autre collision,,,,,,,,,,,1,2,3,1,6
200600011665,0006-03-22 08:00:00,6,3,22,8,0,130,55,"face au 33, MARÉCHAL JUI",,,Plein jour,En agglomération,Hors intersection,Normale,Autre collision,,,,,,,,,,,1,2,1,1,6
200600011666,0006-03-13 13:00:00,6,3,13,13,0,130,55,"52, NOTRE DAME (CHEMIN)",,,Plein jour,En agglomération,Hors intersection,Normale,Deux véhicules - arrière,,,,,,,,,,,1,2,1,1,2
200600011667,0006-03-03 13:30:00,6,3,3,13,30,130,55,OLIVIER (RUE DE L'),,,Plein jour,En agglomération,Intersection en X,Normale,Deux véhicules - côté,,,,,,,,,,,1,2,2,1,3
200600011668,0006-03-03 16:10:00,6,3,3,16,10,130,55,"401, CORNICHE KENNEDY",,,Plein jour,En agglomération,Intersection en T,Normale,Deux véhicules - arrière,,,,,,,,,,,1,2,3,1,2
200600011669,0006-03-26 00:20:00,6,3,26,0,20,130,55,COMMANDANT ROLLAND,,,Nuit avec éclairage allumé,En agglomération,Intersection en T,Normale,Deux véhicules - côté,,,,,,,,,,,5,2,3,1,3
200600011670,0006-03-28 18:00:00,6,3,28,18,0,130,55,HAMBOURG (BOULEVARD),,,Plein jour,En agglomération,Hors intersection,Normale,Deux véhicules - arrière,,,,,,,,,,,1,2,1,1,2
200600011671,0006-03-29 17:45:00,6,3,29,17,45,130,55,PONT DE VIVAUX (BOULEVAR,,,Plein jour,En agglomération,Hors intersection,Normale,Autre collision,,,,,,,,,,,1,2,1,1,6
200600011672,0006-03-27 13:30:00,6,3,27,13,30,130,55,LESSEPS (RUE DE),,,Plein jour,En agglomération,Intersection en X,Normale,Deux véhicules - côté,,,,,,,,,,,1,2,2,1,3
200600011673,0006-03-27 19:11:00,6,3,27,19,11,130,55,"179, MIREILLE LAUZE (BOU",,,Crépuscule ou aube,En agglomération,Hors intersection,Normale,Deux véhicules - côté,,,,,,,,,,,2,2,1,1,3
200600011674,0006-03-28 12:00:00,6,3,28,12,0,130,55,SCHLOESING (BOULEVARD),,,Plein jour,En agglomération,Intersection en Y,Normale,Deux véhicules - côté,,,,,,,,,,,1,2,4,1,3
200600011675,0006-03-21 17:31:00,6,3,21,17,31,130,55,"99, CAMOINS (AVENUE DES)",,,Plein jour,En agglomération,Hors intersection,Normale,Deux véhicules - arrière,,,,,,,,,,,1,2,1,1,2
200600011676,0006-03-19 08:40:00,6,3,19,8,40,130,55,FRAIS VALLON (AVENUE),,,Plein jour,Hors agglomération,Hors intersection,Pluie légère,Trois véhicules et plus - collisions multiples,,,,,,,,,,,1,1,1,2,5
200600011677,0006-03-31 18:00:00,6,3,31,18,0,130,55,"15, CHALET (AVENUE DU)",,,Plein jour,En agglomération,Hors intersection,Normale,Autre collision,,,,,,,,,,,1,2,1,1,6
200600011678,0006-03-31 09:00:00,6,3,31,9,0,130,55,"182, JULES CANTINI (AVEN",,,Plein jour,En agglomération,Hors intersection,Normale,Deux véhicules - côté,,,,,,,,,,,1,2,1,1,3
200600011679,0006-03-29 20:00:00,6,3,29,20,0,130,55,BELSUNCE (COURS),,,Nuit avec éclairage allumé,En agglomération,Intersection en Y,Normale,Deux véhicules - côté,,,,,,,,,,,5,2,4,1,3
200600011680,0006-03-02 09:25:00,6,3,2,9,25,130,55,"65, JULES SIEGFRIED (AVE",,,Plein jour,En agglomération,Hors intersection,Normale,Autre collision,,,,,,,,,,,1,2,1,1,6
200600011681,0006-03-27 11:50:00,6,3,27,11,50,130,55,"08, PALAMA (CHEMIN DE)",,,Plein jour,En agglomération,Hors intersection,Normale,Deux véhicules - arrière,,,,,,,,,,,1,2,1,1,2
200600011682,0006-03-24 15:00:00,6,3,24,15,0,130,55,"63, FRANCOISE DUPARC (BO",,,Plein jour,En agglomération,Hors intersection,Normale,Deux véhicules - arrière,,,,,,,,,,,1,2,1,1,2
200600011683,0006-03-30 18:00:00,6,3,30,18,0,130,55,CANEBIERE     1 A 79,,,Plein jour,En agglomération,Intersection en X,Normale,Autre collision,,,,,,,,,,,1,2,2,1,6
200600011684,0006-03-08 13:45:00,6,3,8,13,45,130,55,"131, LIBERATION (BOULEVA",,,Plein jour,En agglomération,Intersection en X,Normale,Autre collision,,,,,,,,,,,1,2,2,1,6
200600011685,0006-03-09 21:35:00,6,3,9,21,35,130,55,"39, LIEUTAUD (COURS)",,,Nuit avec éclairage allumé,En agglomération,Hors intersection,Pluie légère,Deux véhicules - arrière,,,,,,,,,,,5,2,1,2,2
200600011686,0006-03-09 12:00:00,6,3,9,12,0,130,55,ANDRÉ ROUSSIN (AVENUE),,,Plein jour,En agglomération,Hors intersection,Normale,Sans collision,,,,,,,,,,,1,2,1,1,7
200600011687,0006-03-17 15:20:00,6,3,17,15,20,130,55,HENRI BARBUSSE (RUE),,,Plein jour,En agglomération,Hors intersection,Normale,Deux véhicules - côté,,,,,,,,,,,1,2,1,1,3
200600011688,0006-03-23 18:45:00,6,3,23,18,45,130,55,SARIETTE (TRAVERSE DE LA,,,Plein jour,En agglomération,Intersection en X,Normale,Deux véhicules - côté,,,,,,,,,,,1,2,2,1,3
200600011689,0006-03-27 15:00:00,6,3,27,15,0,130,55,"30, LYON (RUE DE)",,,Plein jour,En agglomération,Hors intersection,Normale,Autre collision,,,,,,,,,,,1,2,1,1,6
200600011690,0006-03-14 14:00:00,6,3,14,14,0,130,55,JEAN DE BERNARDY (RUE),,,Plein jour,En agglomération,Hors intersection,Normale,Deux véhicules - côté,,,,,,,,,,,1,2,1,1,3
200600011691,0006-03-31 15:55:00,6,3,31,15,55,130,55,"21, MONTEE DU C (RUE)",,,Plein jour,En agglomération,Hors intersection,Normale,Deux véhicules - frontale,,,,,,,,,,,1,2,1,1,1
200600011692,0006-03-28 18:05:00,6,3,28,18,5,130,55,"54, GEORGE (RUE)",,,Plein jour,En agglomération,Autre intersection,Normale,Deux véhicules - côté,,,,,,,,,,,1,2,9,1,3
200600011693,0006-03-23 08:50:00,6,3,23,8,50,130,55,PASTEUR (AVENUE),,,Plein jour,En agglomération,Hors intersection,Normale,Deux véhicules - côté,,,,,,,,,,,1,2,1,1,3
200600011694,0006-03-28 12:30:00,6,3,28,12,30,130,55,"92, GRIGNAN (RUE)",,,Plein jour,En agglomération,Intersection en X,Normale,Deux véhicules - côté,,,,,,,,,,,1,2,2,1,3
200600011695,0006-03-16 08:15:00,6,3,16,8,15,130,55,"9, FRÉDÉRIC OZANAM (RUE)",,,Plein jour,En agglomération,Hors intersection,Normale,Deux véhicules - arrière,,,,,,,,,,,1,2,1,1,2
200600011696,0006-03-22 17:40:00,6,3,22,17,40,130,55,"23, IENA (RUE D')",,,Plein jour,En agglomération,Intersection en X,Normale,Deux véhicules - arrière,,,,,,,,,,,1,2,2,1,2
200600011697,0006-03-20 01:45:00,6,3,20,1,45,130,55,"83, FRANCOISE DUPARC (BO",,,Nuit avec éclairage allumé,En agglomération,Hors intersection,Normale,Autre collision,,,,,,,,,,,5,2,1,1,6
200600011698,0006-03-17 06:30:00,6,3,17,6,30,130,55,MARÉCHAL FAYOLLE (RUE),,,Crépuscule ou aube,En agglomération,Intersection en X,Normale,Autre collision,,,,,,,,,,,2,2,2,1,6
200600011699,0006-03-09 20:00:00,6,3,9,20,0,130,55,PROGRES (RUE DU),,,Nuit avec éclairage allumé,En agglomération,Intersection en X,Pluie légère,Deux véhicules - côté,,,,,,,,,,,5,2,2,2,3
200600011700,0006-03-20 13:15:00,6,3,20,13,15,130,55,"172BIS, LIBERATION (BOUL",,,Plein jour,En agglomération,Hors intersection,Normale,Autre collision,,,,,,,,,,,1,2,1,1,6
200600011701,0006-03-20 10:45:00,6,3,20,10,45,130,55,"15, ATHENES (BOULEVARD D",,,Plein jour,En agglomération,Hors intersection,Normale,Autre collision,,,,,,,,,,,1,2,1,1,6
200600011702,0006-03-29 07:50:00,6,3,29,7,50,130,55,BAILLE (BOULEVARD),,,Plein jour,En agglomération,Hors intersection,Normale,Autre collision,,,,,,,,,,,1,2,1,1,6
200600011703,0006-03-11 09:20:00,6,3,11,9,20,130,77,NATIONALE (rue),,,Plein jour,En agglomération,Intersection en T,Normale,Deux véhicules - côté,,,,,,,,,,,1,2,3,1,3
200600011704,0006-03-16 15:55:00,6,3,16,15,55,130,56,ROUTE NATIONNALE 568,,,Plein jour,Hors agglomération,Hors intersection,Normale,Trois véhicules et plus - en chaîne,,,,,,,,,,,1,1,1,1,4
200600011705,0006-03-25 16:10:00,6,3,25,16,10,130,39,PINS (Allée des),,,Plein jour,En agglomération,Intersection en T,Normale,Deux véhicules - côté,,,,,,,,,,,1,2,3,1,3
200600011706,0006-03-19 05:05:00,6,3,19,5,5,130,56,PORT DE BOUC ROUTE DE,,,Nuit avec éclairage allumé,En agglomération,Hors intersection,Pluie légère,Deux véhicules - frontale,,,,,,,,,,,5,2,1,2,1
200600011707,0006-03-23 23:50:00,6,3,23,23,50,130,77,PAVILLON DU ROY (route d,,,Nuit avec éclairage allumé,En agglomération,Hors intersection,Normale,Autre collision,,,,,,,,,,,5,2,1,1,6
200600011708,0006-03-15 11:55:00,6,3,15,11,55,130,103,ROUTE DE JEAN MOULIN-RN,,,Plein jour,En agglomération,Intersection en T,Normale,Deux véhicules - arrière,,,,,,,,,,,1,2,3,1,2
200600011709,0006-03-21 17:20:00,6,3,21,17,20,130,103,RN 113,,,Plein jour,Hors agglomération,Hors intersection,Pluie légère,Trois véhicules et plus - collisions multiples,,,,,,,,,,,1,1,1,2,5
200600011710,0006-03-30 15:45:00,6,3,30,15,45,130,103,BOULEVARDBRIAND -ARISTI,,,Plein jour,En agglomération,Intersection en X,Normale,Deux véhicules - côté,,,,,,,,,,,1,2,2,1,3
200600011711,0006-03-31 17:45:00,6,3,31,17,45,130,103,RTE DE PELISSANNE-RD 572,,,Plein jour,En agglomération,Hors intersection,Temps éblouissant,Autre collision,,,,,,,,,,,1,2,1,7,6
200600011712,0006-03-08 19:00:00,6,3,8,19,0,130,108,"02, PROUD'HON  (RUE)",,,Crépuscule ou aube,En agglomération,Hors intersection,Normale,Autre collision,,,,,,,,,,,2,2,1,1,6
200600011713,0006-03-27 18:10:00,6,3,27,18,10,130,108,8 MAI 1945 (AVENUE),,,Plein jour,En agglomération,Intersection en T,Normale,Deux véhicules - côté,,,,,,,,,,,1,2,3,1,3
200600011714,0006-03-31 22:30:00,6,3,31,22,30,130,108,"01, GUYNEMER GEORGE (AVE",,,Nuit avec éclairage allumé,En agglomération,Autre intersection,Normale,Deux véhicules - arrière,,,,,,,,,,,5,2,9,1,2
200600011715,0006-03-01 09:30:00,6,3,1,9,30,130,117,"06, ATHENES (RUE D')",,,Plein jour,Hors agglomération,Hors intersection,Normale,Deux véhicules - côté,,,,,,,,,,,1,1,1,1,3
200600011716,0006-03-02 17:00:00,6,3,2,17,0,130,71,CD 6,,,Plein jour,Hors agglomération,Hors intersection,Pluie légère,Deux véhicules - côté,,,,,,,,,,,1,1,1,2,3
200600011717,0006-03-03 23:00:00,6,3,3,23,0,130,117,EUROCOPTER CD 20,,,Nuit sans éclairage public,Hors agglomération,Hors intersection,Normale,Deux véhicules - côté,,,,,,,,,,,3,1,1,1,3
200600011718,0006-03-04 04:42:00,6,3,4,4,42,130,117,"xx, FRANCE ( AVENUE DE )",,,Nuit avec éclairage non allumé,En agglomération,Giratoire,Normale,Autre collision,,,,,,,,,,,4,2,6,1,6
200600011719,0006-03-13 01:20:00,6,3,13,1,20,130,117,EUROCOPTER CD 20,,,Nuit avec éclairage non allumé,Hors agglomération,Hors intersection,Normale,Autre collision,,,,,,,,,,,4,1,1,1,6
200600011720,0006-03-17 19:48:00,6,3,17,19,48,130,117,STADIUM (CD9),,,Crépuscule ou aube,Hors agglomération,Hors intersection,Normale,Autre collision,,,,,,,,,,,2,1,1,1,6
200600011721,0006-03-21 09:00:00,6,3,21,9,0,130,71,ROUTE NATIONALE 113 - VI,,,Plein jour,En agglomération,Hors intersection,Normale,Deux véhicules - arrière,,,,,,,,,,,1,2,1,1,2
200600011722,0006-03-21 09:40:00,6,3,21,9,40,130,71,CD 543,,,Plein jour,Hors agglomération,Intersection en T,Normale,Deux véhicules - côté,,,,,,,,,,,1,1,3,1,3
200600011723,0006-03-24 07:55:00,6,3,24,7,55,130,117,CUGNOT ( AVENUE JOSEPH ),,,Plein jour,Hors agglomération,Hors intersection,Normale,Trois véhicules et plus - collisions multiples,,,,,,,,,,,1,1,1,1,5
200600011724,0006-03-25 11:50:00,6,3,25,11,50,130,117,MARSEILLE ( AVENUE DE ),,,Plein jour,Hors agglomération,Hors intersection,Pluie légère,Deux véhicules - côté,,,,,,,,,,,1,1,1,2,3
200600011725,0006-03-28 07:15:00,6,3,28,7,15,130,71,ROUTE NATIONALE 368 (PLA,,,Crépuscule ou aube,Hors agglomération,Intersection en T,Normale,Deux véhicules - côté,,,,,,,,,,,2,1,3,1,3
200600011726,0006-03-08 12:00:00,6,3,8,12,0,140,118,"0, COTEAUX (CHEMIN DES)",,,Plein jour,En agglomération,Hors intersection,Normale,Sans collision,,,,,,,,,,,1,2,1,1,7
200600011727,0006-03-17 09:10:00,6,3,17,9,10,140,437,"0, COULOMB (RUE CHARLES",,,Plein jour,En agglomération,Hors intersection,Normale,Deux véhicules - arrière,,,,,,,,,,,1,2,1,1,2
200600011728,0006-03-20 10:05:00,6,3,20,10,5,140,118,"73, LEBISEY (RUE DE)",,,Plein jour,En agglomération,Hors intersection,Normale,Trois véhicules et plus - en chaîne,,,,,,,,,,,1,2,1,1,4
200600011729,0006-03-28 21:45:00,6,3,28,21,45,140,118,"0, MONTALIVET (COURS)",,,Nuit avec éclairage allumé,En agglomération,Hors intersection,Normale,Autre collision,,,,,,,,,,,5,2,1,1,6
200600011730,0006-03-30 16:50:00,6,3,30,16,50,140,118,"0, JUIN (BOULEVARD MAREC",,,Plein jour,En agglomération,Giratoire,Pluie légère,Deux véhicules - arrière,,,,,,,,,,,1,2,6,2,2
200600011731,0006-03-31 13:35:00,6,3,31,13,35,140,327,"0, GRANDE CAVEE (AVENUE",,,Plein jour,En agglomération,Giratoire,Normale,Autre collision,,,,,,,,,,,1,2,6,1,6
200600011732,0006-03-31 20:23:00,6,3,31,20,23,140,271,ECHANGEUR N° 11 ( SUISSE,,,Nuit avec éclairage allumé,Hors agglomération,Hors intersection,Normale,Autre collision,,,,,,,,,,,5,1,1,1,6
200600011733,0006-03-31 20:15:00,6,3,31,20,15,140,118,"65, COTEAUX (CHEMIN DES)",,,Plein jour,En agglomération,Hors intersection,Normale,Sans collision,,,,,,,,,,,1,2,1,1,7
200600011734,0006-03-10 10:55:00,6,3,10,10,55,140,333,JEAN DE VIENNE (COURS),,,Plein jour,En agglomération,Hors intersection,Normale,Autre collision,,,,,,,,,,,1,2,1,1,6
200600011735,0006-03-17 22:45:00,6,3,17,22,45,140,333,SAINTE CATHERINE (QUAI),,,Nuit avec éclairage allumé,En agglomération,Hors intersection,Normale,Autre collision,,,,,,,,,,,5,2,1,1,6
200600011736,0006-03-16 15:00:00,6,3,16,15,0,140,366,"39, ROGER AINI (RUE)",,,Plein jour,En agglomération,Hors intersection,Normale,Trois véhicules et plus - collisions multiples,,,,,,,,,,,1,2,1,1,5