accident_id,datetime,annee,mois,jour,heure,minute,departement,commune_insee,adresse,latitude,longitude,luminosite,agglomeration,intersection,meteo,collision,nb_vehicules,nb_usagers,nb_indemnes,nb_tues,nb_blesses_hosp,nb_blesses_legers,age_cond_1,age_cond_2,veh_type_cond_1,veh_type_cond_2,lum_code,agg_code,int_code,atm_code,col_code
200600011737,0006-03-23 17:30:00,6,3,23,17,30,140,366,"10, SAINT HIPPOLYTE (RUE",,,Plein jour,En agglomération,Hors intersection,Normale,Deux véhicules - arrière,,,,,,,,,,,1,2,1,1,2
200600011738,0006-03-31 14:55:00,6,3,31,14,55,140,574,D.613 ( SAINT DESIR),,,Plein jour,Hors agglomération,Hors intersection,Normale,Deux véhicules - arrière,,,,,,,,,,,1,1,1,1,2
200600011739,0006-03-18 20:35:00,6,3,18,20,35,150,14,"51, PUPILLES DE LA NATIO",,,Nuit avec éclairage allumé,En agglomération,Hors intersection,Pluie forte,Autre collision,,,,,,,,,,,5,2,1,3,6
200600011740,0006-03-01 19:10:00,6,3,1,19,10,160,358,"136, SAINT-JEAN-D'ANGELY",,,Nuit avec éclairage allumé,En agglomération,Hors intersection,Normale,Autre collision,,,,,,,,,,,5,2,1,1,6
200600011741,0006-03-14 08:10:00,6,3,14,8,10,160,154,"37, FOUR A CHAUX (RUE DE",,,Plein jour,En agglomération,Hors intersection,Normale,Deux véhicules - frontale,,,,,,,,,,,1,2,1,1,1
200600011742,0006-03-16 20:25:00,6,3,16,20,25,160,15,PERGAUD (RUE LOUIS),,,Nuit avec éclairage allumé,Hors agglomération,Passage à niveau,Normale,Deux véhicules - côté,,,,,,,,,,,5,1,8,1,3
200600011743,0006-03-18 18:05:00,6,3,18,18,5,160,15,"0, MINAGE (RUE ET PLACE",,,Plein jour,En agglomération,Intersection en T,Pluie légère,Autre collision,,,,,,,,,,,1,2,3,2,6
200600011744,0006-03-18 10:20:00,6,3,18,10,20,160,15,"0, AULARD (RUE ALPONSE)",,,Plein jour,En agglomération,Intersection en X,Temps couvert,Deux véhicules - côté,,,,,,,,,,,1,2,2,8,3
200600011745,0006-03-25 06:20:00,6,3,25,6,20,160,15,EUROPE (VOIE DE L'),,,Nuit avec éclairage allumé,En agglomération,Hors intersection,Pluie légère,Autre collision,,,,,,,,,,,5,2,1,2,6
200600011746,0006-03-24 13:20:00,6,3,24,13,20,160,154,"35, JAURES (RUE JEAN)",,,Plein jour,En agglomération,Intersection en T,Normale,Autre collision,,,,,,,,,,,1,2,3,1,6
200600011747,0006-03-25 15:05:00,6,3,25,15,5,160,358,"00, BELLEVUE (RUE DE)",,,Plein jour,En agglomération,Hors intersection,Normale,Deux véhicules - frontale,,,,,,,,,,,1,2,1,1,1
200600011748,0006-03-28 10:30:00,6,3,28,10,30,160,15,"0, BIGORRE (BOULEVARD DE",,,Plein jour,Hors agglomération,Intersection en T,Normale,Autre collision,,,,,,,,,,,1,1,3,1,6
200600011749,0006-03-07 17:20:00,6,3,7,17,20,160,102,"66, CHATENAY (BOULEVARD",,,Plein jour,En agglomération,Hors intersection,Pluie forte,Autre collision,,,,,,,,,,,1,2,1,3,6
200600011750,0006-03-11 11:30:00,6,3,11,11,30,160,102,"90, HUGO (AVENUE VICTOR)",,,Plein jour,En agglomération,Hors intersection,Normale,Autre collision,,,,,,,,,,,1,2,1,1,6
200600011751,0006-03-23 10:35:00,6,3,23,10,35,160,102,"3, BARBEZIEUX (AVENUE DE",,,Plein jour,En agglomération,Hors intersection,Normale,Autre collision,,,,,,,,,,,1,2,1,1,6
200600011752,0006-03-05 17:25:00,6,3,5,17,25,170,299,"172990371, VIVRES QUAI A",,,Plein jour,En agglomération,Intersection en T,Normale,Deux véhicules - côté,,,,,,,,,,,1,2,3,1,3
200600011753,0006-03-27 17:50:00,6,3,27,17,50,170,299,"172990119, DASSAULT AVEN",,,Plein jour,En agglomération,Intersection en T,Normale,Deux véhicules - côté,,,,,,,,,,,1,2,3,1,3
200600011754,0006-03-01 15:00:00,6,3,1,15,0,170,300,"67, COGNEHORS   BOULEVAR",,,Plein jour,En agglomération,Hors intersection,Normale,Deux véhicules - arrière,,,,,,,,,,,1,2,1,1,2
200600011755,0006-03-06 20:20:00,6,3,6,20,20,170,300,"120, CORSAIRES   AVENUE",,,Nuit avec éclairage allumé,Hors agglomération,Intersection en X,Normale,Deux véhicules - côté,,,,,,,,,,,5,1,2,1,3
200600011756,0006-03-07 03:45:00,6,3,7,3,45,170,300,33 PK RN11 ROCADE NANTES,,,Nuit sans éclairage public,En agglomération,Hors intersection,Pluie légère,Autre collision,,,,,,,,,,,3,2,1,2,6
200600011757,0006-03-07 16:35:00,6,3,7,16,35,170,300,NORMANDIN   RUE EMILE,,,Plein jour,En agglomération,Intersection en T,Pluie légère,Deux véhicules - côté,,,,,,,,,,,1,2,3,2,3
200600011758,0006-03-08 14:50:00,6,3,8,14,50,170,291,"6, BEAUSEJOUR   RUE DE",,,Plein jour,En agglomération,Hors intersection,Normale,Autre collision,,,,,,,,,,,1,2,1,1,6
200600011759,0006-03-08 17:25:00,6,3,8,17,25,170,300,"001, LECLERC   AVENUE DU",,,Plein jour,En agglomération,Intersection en X,Pluie légère,Deux véhicules - côté,,,,,,,,,,,1,2,2,2,3
200600011760,0006-03-10 19:10:00,6,3,10,19,10,170,300,"250, CORSAIRES   AVENUE",,,Crépuscule ou aube,En agglomération,Hors intersection,Pluie forte,Deux véhicules - arrière,,,,,,,,,,,2,2,1,3,2
200600011761,0006-03-13 11:55:00,6,3,13,11,55,170,300,"06, LECLERC   AVENUE DU",,,Plein jour,En agglomération,Hors intersection,Normale,Deux véhicules - arrière,,,,,,,,,,,1,2,1,1,2
200600011762,0006-03-13 12:50:00,6,3,13,12,50,170,300,"4, THIERS   RUE",,,Plein jour,En agglomération,Hors intersection,Normale,Deux véhicules - côté,,,,,,,,,,,1,2,1,1,3
200600011763,0006-03-14 15:00:00,6,3,14,15,0,170,300,"413, GUITON   AVENUE JEA",,,Plein jour,En agglomération,Intersection en X,Normale,Deux véhicules - côté,,,,,,,,,,,1,2,2,1,3
200600011764,0006-03-17 16:10:00,6,3,17,16,10,170,300,"05, GAULLE   AVENUE DU G",,,Plein jour,En agglomération,Hors intersection,Normale,Deux véhicules - côté,,,,,,,,,,,1,2,1,1,3
200600011765,0006-03-21 09:05:00,6,3,21,9,5,170,300,"4, CREPEAU   AVENUE MICH",,,Plein jour,En agglomération,Hors intersection,Normale,Deux véhicules - arrière,,,,,,,,,,,1,2,1,1,2
200600011766,0006-03-22 01:00:00,6,3,22,1,0,170,300,"24, POINCARE   AVENUE RA",,,Nuit avec éclairage allumé,En agglomération,Hors intersection,Normale,Sans collision,,,,,,,,,,,5,2,1,1,7
200600011767,0006-03-23 07:50:00,6,3,23,7,50,170,200,02 PK RN237 RE MOULIN JU,,,Plein jour,Hors agglomération,Hors intersection,Normale,Deux véhicules - côté,,,,,,,,,,,1,1,1,1,3
200600011768,0006-03-23 13:30:00,6,3,23,13,30,170,300,"6, LECLERC   AVENUE DU G",,,Plein jour,En agglomération,Hors intersection,Normale,Autre collision,,,,,,,,,,,1,2,1,1,6
200600011769,0006-03-23 14:00:00,6,3,23,14,0,170,300,"128, CORSAIRES   AVENUE",,,Plein jour,En agglomération,Hors intersection,Normale,Deux véhicules - arrière,,,,,,,,,,,1,2,1,1,2
200600011770,0006-03-23 19:25:00,6,3,23,19,25,170,291,D 9,,,Nuit avec éclairage allumé,En agglomération,Intersection en X,Pluie forte,Deux véhicules - côté,,,,,,,,,,,5,2,2,3,3
200600011771,0006-03-25 17:50:00,6,3,25,17,50,170,28,"128, GRASSET   AVENUE ED",,,Plein jour,En agglomération,Hors intersection,Normale,Trois véhicules et plus - en chaîne,,,,,,,,,,,1,2,1,1,4
200600011772,0006-03-27 16:00:00,6,3,27,16,0,170,300,SARTRE   AVENUE JEAN-PAU,,,Plein jour,En agglomération,Intersection en X,Normale,Deux véhicules - côté,,,,,,,,,,,1,2,2,1,3
200600011773,0006-03-30 09:10:00,6,3,30,9,10,170,300,"001, MOINARD   RUE AUGUS",,,Plein jour,Hors agglomération,Intersection en T,Normale,Deux véhicules - côté,,,,,,,,,,,1,1,3,1,3
200600011774,0006-03-30 20:50:00,6,3,30,20,50,170,300,ARSENAL   RUE DE L',,,Plein jour,En agglomération,Autre intersection,Normale,Deux véhicules - côté,,,,,,,,,,,1,2,9,1,3
200600011775,0006-03-31 18:30:00,6,3,31,18,30,170,300,"56, ALBERT IER   RUE",,,Plein jour,En agglomération,Hors intersection,Normale,Autre collision,,,,,,,,,,,1,2,1,1,6
200600011776,0006-03-14 13:25:00,6,3,14,13,25,170,300,"158, LACROIX   RUE MARIU",,,Plein jour,En agglomération,Hors intersection,Normale,Deux véhicules - côté,,,,,,,,,,,1,2,1,1,3
200600011777,0006-03-21 16:45:00,6,3,21,16,45,170,300,"10, MANET   RUE EDOUARD",,,Plein jour,En agglomération,Hors intersection,Normale,Autre collision,,,,,,,,,,,1,2,1,1,6
200600011778,0006-03-17 17:15:00,6,3,17,17,15,170,306,"0, ROCHEFORT (DE)  (AVEN",,,Plein jour,En agglomération,Intersection en X,Normale,Autre collision,,,,,,,,,,,1,2,2,1,6
200600011779,0006-03-21 12:20:00,6,3,21,12,20,170,306,"0, REUTIN (BD FELIX)",,,Crépuscule ou aube,En agglomération,Hors intersection,Normale,Deux véhicules - arrière,,,,,,,,,,,2,2,1,1,2
200600011780,0006-03-19 13:00:00,6,3,19,13,0,170,415,"23, ALLENDE AV. DU PRESI",,,Plein jour,En agglomération,Hors intersection,Normale,Autre collision,,,,,,,,,,,1,2,1,1,6
200600011781,0006-03-04 21:50:00,6,3,4,21,50,180,33,AUGER (BD),,,Nuit avec éclairage allumé,En agglomération,Intersection en T,Neige / grêle,Deux véhicules - côté,,,,,,,,,,,5,2,3,4,3
200600011782,0006-03-11 13:55:00,6,3,11,13,55,180,33,"16, DUMONES (AVENUE DES)",,,Plein jour,En agglomération,Hors intersection,Normale,Autre collision,,,,,,,,,,,1,2,1,1,6
200600011783,0006-03-11 19:45:00,6,3,11,19,45,180,205,"sans, ORLEANS (ROUTE D')",,,Nuit sans éclairage public,En agglomération,Hors intersection,Normale,Autre collision,,,,,,,,,,,3,2,1,1,6
200600011784,0006-03-16 15:55:00,6,3,16,15,55,180,33,"31, HAEGELEN (AVENUE MAR",,,Plein jour,En agglomération,Hors intersection,Normale,Trois véhicules et plus - en chaîne,,,,,,,,,,,1,2,1,1,4
200600011785,0006-03-17 07:20:00,6,3,17,7,20,180,33,"sans, CHARITE (ROUTE DE",,,Plein jour,En agglomération,Hors intersection,Normale,Trois véhicules et plus - collisions multiples,,,,,,,,,,,1,2,1,1,5
200600011786,0006-03-17 13:35:00,6,3,17,13,35,180,33,", GAMBETTA (BOULEVARD)",,,Plein jour,En agglomération,Intersection en T,Normale,Deux véhicules - côté,,,,,,,,,,,1,2,3,1,3
200600011787,0006-03-17 17:30:00,6,3,17,17,30,180,33,"SANS, HEMERETTES (RUE DE",,,Plein jour,En agglomération,Hors intersection,Normale,Autre collision,,,,,,,,,,,1,2,1,1,6
200600011788,0006-03-17 19:06:00,6,3,17,19,6,180,33,"SANS, VOISINS (RUE DES F",,,Crépuscule ou aube,En agglomération,Intersection en X,Normale,Deux véhicules - frontale,,,,,,,,,,,2,2,2,1,1
200600011789,0006-03-19 15:34:00,6,3,19,15,34,180,33,MARMAGNE (ROUTE DE),,,Plein jour,En agglomération,Hors intersection,Normale,Deux véhicules - côté,,,,,,,,,,,1,2,1,1,3
200600011790,0006-03-24 12:00:00,6,3,24,12,0,180,50,DE L'EUROPE (AVENUE),,,Plein jour,Hors agglomération,Hors intersection,Normale,Deux véhicules - frontale,,,,,,,,,,,1,1,1,1,1
200600011791,0006-03-28 16:35:00,6,3,28,16,35,180,213,"9, SAINTE-SOLANGE (ROUTE",,,Plein jour,Hors agglomération,Hors intersection,Normale,Autre collision,,,,,,,,,,,1,1,1,1,6
200600011792,0006-03-29 08:55:00,6,3,29,8,55,180,205,ORLEANS (ROUTE D'),,,Plein jour,Hors agglomération,Hors intersection,Pluie légère,Deux véhicules - côté,,,,,,,,,,,1,1,1,2,3
200600011793,0006-03-30 07:00:00,6,3,30,7,0,180,33,"sans, AVENIR (BOULEVARD",,,Nuit avec éclairage allumé,En agglomération,Intersection en T,Pluie légère,Deux véhicules - côté,,,,,,,,,,,5,2,3,2,3
200600011794,0006-03-30 19:00:00,6,3,30,19,0,180,33,"142, SAINT-AMAND (AVENUE",,,Plein jour,En agglomération,Hors intersection,Pluie légère,Trois véhicules et plus - collisions multiples,,,,,,,,,,,1,2,1,2,5
200600011795,0006-03-03 18:25:00,6,3,3,18,25,180,33,"137, LAZENAY (R DE)",,,Plein jour,En agglomération,Hors intersection,Normale,Autre collision,,,,,,,,,,,1,2,1,1,6
200600011796,0006-03-05 01:30:00,6,3,5,1,30,180,279,MARCEL (RUE ETIENNE),,,Nuit avec éclairage allumé,En agglomération,Autre intersection,Neige / grêle,Autre collision,,,,,,,,,,,5,2,9,4,6
200600011797,0006-03-20 13:40:00,6,3,20,13,40,180,279,BELLON (ROUTE DE) JUSQU',,,Plein jour,En agglomération,Intersection en X,Normale,Deux véhicules - côté,,,,,,,,,,,1,2,2,1,3
200600011798,0006-03-03 12:40:00,6,3,3,12,40,190,31,MARBEAU (BOULEVARD DU DO,,,Plein jour,En agglomération,Intersection en T,Pluie forte,Autre collision,,,,,,,,,,,1,2,3,3,6
200600011799,0006-03-05 14:45:00,6,3,5,14,45,190,31,THIBAUD (RUE JACQUES),,,Plein jour,En agglomération,Intersection en X,Normale,Deux véhicules - côté,,,,,,,,,,,1,2,2,1,3
200600011800,0006-03-05 22:45:00,6,3,5,22,45,190,31,"""MOULIN (BOULEVARD JEAN)",,,Nuit avec éclairage allumé,En agglomération,Intersection en X,Normale,Deux véhicules - côté,,,,,,,,,,,5,2,2,1,3
200600011801,0006-03-09 16:40:00,6,3,9,16,40,190,31,"72, GARENNE VERTE (AVENU",,,Plein jour,En agglomération,Hors intersection,Pluie forte,Trois véhicules et plus - en chaîne,,,,,,,,,,,1,2,1,3,4
200600011802,0006-03-14 16:10:00,6,3,14,16,10,190,31,AUDIERNE (RUE RENE),,,Plein jour,En agglomération,Hors intersection,Normale,Sans collision,,,,,,,,,,,1,2,1,1,7
200600011803,0006-03-14 21:20:00,6,3,14,21,20,190,31,KENNEDY (AVENUE JOHN),,,Nuit avec éclairage allumé,En agglomération,Intersection en X,Normale,Autre collision,,,,,,,,,,,5,2,2,1,6
200600011804,0006-03-15 13:25:00,6,3,15,13,25,190,31,ROOSEVELT (AVENUE DU PRE,,,Plein jour,En agglomération,Hors intersection,Normale,Deux véhicules - côté,,,,,,,,,,,1,2,1,1,3
200600011805,0006-03-16 20:20:00,6,3,16,20,20,190,31,MAILLARD (AVENUE),,,Nuit avec éclairage allumé,En agglomération,Hors intersection,Normale,Deux véhicules - arrière,,,,,,,,,,,5,2,1,1,2
200600011806,0006-03-20 11:05:00,6,3,20,11,5,190,31,"4, VERLHAC (BOULEVARD DO",,,Plein jour,En agglomération,Hors intersection,Normale,Autre collision,,,,,,,,,,,1,2,1,1,6
200600011807,0006-03-20 14:45:00,6,3,20,14,45,190,31,"33, DE BALZAC (RUE HONOR",,,Plein jour,En agglomération,Hors intersection,Normale,Autre collision,,,,,,,,,,,1,2,1,1,6
200600011808,0006-03-20 19:25:00,6,3,20,19,25,190,31,COMBE (BOULEVARD ROGER),,,Crépuscule ou aube,En agglomération,Hors intersection,Normale,Autre collision,,,,,,,,,,,2,2,1,1,6
200600011809,0006-03-20 20:30:00,6,3,20,20,30,190,31,PELLETAN (RUE CAMILLE),,,Nuit avec éclairage allumé,En agglomération,Intersection en X,Normale,Deux véhicules - côté,,,,,,,,,,,5,2,2,1,3
200600011810,0006-03-20 21:45:00,6,3,20,21,45,190,31,TREILHARD (AVENUE),,,Nuit avec éclairage allumé,En agglomération,Intersection en T,Normale,Deux véhicules - côté,,,,,,,,,,,5,2,3,1,3
200600011811,0006-03-21 18:10:00,6,3,21,18,10,190,31,QUEUILLE (AVENUE HENRI),,,Plein jour,En agglomération,Intersection en T,Pluie forte,Deux véhicules - côté,,,,,,,,,,,1,2,3,3,3
200600011812,0006-03-25 16:00:00,6,3,25,16,0,190,31,BLANC (BOULEVARD LOUIS),,,Plein jour,En agglomération,Hors intersection,Normale,Sans collision,,,,,,,,,,,1,2,1,1,7
200600011813,0006-03-30 13:30:00,6,3,30,13,30,190,31,COURTELINE (RUE),,,Plein jour,En agglomération,Hors intersection,Temps couvert,Deux véhicules - côté,,,,,,,,,,,1,2,1,8,3
200600011814,0006-03-30 17:25:00,6,3,30,17,25,190,31,"40, ALVITRE (AVENUE ABBE",,,Plein jour,En agglomération,Hors intersection,Pluie légère,Autre collision,,,,,,,,,,,1,2,1,2,6
200600011815,0006-03-04 15:00:00,6,3,4,15,0,190,272,EDMOND PERRIER (QUAI),,,Plein jour,En agglomération,Hors intersection,Temps couvert,Trois véhicules et plus - collisions multiples,,,,,,,,,,,1,2,1,8,5
200600011816,0006-03-25 04:25:00,6,3,25,4,25,190,272,"08, GABRIEL PERI (QUAI)",,,Nuit avec éclairage allumé,En agglomération,Hors intersection,Autre,Autre collision,,,,,,,,,,,5,2,1,9,6
200600011817,0006-03-05 02:10:00,6,3,5,2,10,190,275,QUEUILLE (PLACE HENRI),,,Nuit avec éclairage allumé,En agglomération,Hors intersection,Neige / grêle,Autre collision,,,,,,,,,,,5,2,1,4,6
200600011818,0006-03-25 13:00:00,6,3,25,13,0,190,275,THEIL (AVENUE DU),,,Plein jour,En agglomération,Intersection en X,Normale,Autre collision,,,,,,,,,,,1,2,2,1,6
200600011819,0006-03-01 07:25:00,6,3,1,7,25,210,54,VEROTTES (RUE DES),,,Plein jour,En agglomération,Intersection en T,Neige / grêle,Sans collision,,,,,,,,,,,1,2,3,4,7
200600011820,0006-03-14 22:30:00,6,3,14,22,30,210,54,BELLEVUE (RUE DE),,,Nuit avec éclairage non allumé,En agglomération,Intersection en X,Normale,Autre collision,,,,,,,,,,,4,2,2,1,6
200600011821,0006-03-03 00:03:00,6,3,3,0,3,210,54,"2, PASTEUR (RUE)",,,Nuit avec éclairage allumé,En agglomération,Hors intersection,Neige / grêle,Autre collision,,,,,,,,,,,5,2,1,4,6
200600011822,0006-03-29 16:10:00,6,3,29,16,10,210,54,LAC (AVENUE DU),,,Plein jour,En agglomération,Intersection en X,Normale,Autre collision,,,,,,,,,,,1,2,2,1,6
200600011823,0006-03-03 10:20:00,6,3,3,10,20,210,231,"10, CHATEAU (DU) (RUE)",,,Plein jour,En agglomération,Hors intersection,Pluie légère,Autre collision,,,,,,,,,,,1,2,1,2,6
200600011824,0006-03-03 17:25:00,6,3,3,17,25,210,231,"45, BOURROCHES (DES) (BO",,,Plein jour,En agglomération,Hors intersection,Pluie légère,Deux véhicules - côté,,,,,,,,,,,1,2,1,2,3
200600011825,0006-03-08 08:20:00,6,3,8,8,20,210,231,"2, GRANGIER (PLACE)",,,Plein jour,En agglomération,Place,Pluie légère,Autre collision,,,,,,,,,,,1,2,7,2,6
200600011826,0006-03-09 10:40:00,6,3,9,10,40,210,278,STADE (DU) (RUE),,,Plein jour,En agglomération,Giratoire,Pluie légère,Deux véhicules - côté,,,,,,,,,,,1,2,6,2,3
200600011827,0006-03-09 18:00:00,6,3,9,18,0,210,231,RAYMOND POINCARE (AVENUE,,,Plein jour,En agglomération,Intersection en X,Pluie légère,Autre collision,,,,,,,,,,,1,2,2,2,6
200600011828,0006-03-10 16:25:00,6,3,10,16,25,210,231,LANGRES (DE) (AVENUE),,,Plein jour,En agglomération,Giratoire,Pluie légère,Deux véhicules - arrière,,,,,,,,,,,1,2,6,2,2
200600011829,0006-03-12 13:07:00,6,3,12,13,7,210,231,MAILLARD (BOULEVARD),,,Plein jour,En agglomération,Hors intersection,Normale,Autre collision,,,,,,,,,,,1,2,1,1,6
200600011830,0006-03-13 17:14:00,6,3,13,17,14,210,231,"43, STRASBOURG (DE) (BOU",,,Plein jour,En agglomération,Hors intersection,Normale,Autre collision,,,,,,,,,,,1,2,1,1,6
200600011831,0006-03-14 08:30:00,6,3,14,8,30,210,278,GEORGES BOURGOIN (RUE),,,Plein jour,En agglomération,Intersection en T,Normale,Deux véhicules - arrière,,,,,,,,,,,1,2,3,1,2
200600011832,0006-03-16 11:45:00,6,3,16,11,45,210,231,"67, VALENDONS (DES) (RUE",,,Plein jour,En agglomération,Intersection en T,Normale,Trois véhicules et plus - en chaîne,,,,,,,,,,,1,2,3,1,4
200600011833,0006-03-17 13:20:00,6,3,17,13,20,210,231,BLONDEL (RUE),,,Plein jour,En agglomération,Intersection en X,Normale,Deux véhicules - côté,,,,,,,,,,,1,2,2,1,3
200600011834,0006-03-18 10:35:00,6,3,18,10,35,210,231,CHAMBERTIN (DU) (RUE),,,Plein jour,En agglomération,Intersection en X,Normale,Deux véhicules - côté,,,,,,,,,,,1,2,2,1,3
200600011835,0006-03-18 14:05:00,6,3,18,14,5,210,231,"53, LAC (DU) (AVENUE)",,,Plein jour,En agglomération,Hors intersection,Normale,Autre collision,,,,,,,,,,,1,2,1,1,6
200600011836,0006-03-19 00:01:00,6,3,19,0,1,210,231,"5, GARIBALDI (AVENUE)",,,Nuit avec éclairage allumé,En agglomération,Hors intersection,Normale,Deux véhicules - côté,,,,,,,,,,,5,2,1,1,3
200600011837,0006-03-19 14:25:00,6,3,19,14,25,210,231,"14, DEVOSGE (RUE)",,,Plein jour,En agglomération,Hors intersection,Normale,Deux véhicules - côté,,,,,,,,,,,1,2,1,1,3
200600011838,0006-03-22 20:10:00,6,3,22,20,10,210,231,"21, MONTALEMBERT (RUE)",,,Nuit avec éclairage allumé,Hors agglomération,Hors intersection,Normale,Deux véhicules - frontale,,,,,,,,,,,5,1,1,1,1
200600011839,0006-03-23 07:25:00,6,3,23,7,25,210,231,LEONARD DE VINCI (RUE),,,Plein jour,En agglomération,Intersection en T,Normale,Deux véhicules - côté,,,,,,,,,,,1,2,3,1,3
200600011840,0006-03-25 10:37:00,6,3,25,10,37,210,231,EUGENE GUILLAUME (RUE),,,Plein jour,En agglomération,Intersection en X,Normale,Deux véhicules - côté,,,,,,,,,,,1,2,2,1,3
200600011841,0006-03-26 18:00:00,6,3,26,18,0,210,231,"51, STALINGRAD (DE) (AVE",,,Plein jour,En agglomération,Hors intersection,Normale,Autre collision,,,,,,,,,,,1,2,1,1,6
200600011842,0006-03-29 17:40:00,6,3,29,17,40,210,617,EUROPE (DE L') (ROND POI,,,Plein jour,En agglomération,Place,Normale,Deux véhicules - côté,,,,,,,,,,,1,2,7,1,3
200600011843,0006-03-29 18:12:00,6,3,29,18,12,210,231,MARMONT (BOULEVARD),,,Plein jour,En agglomération,Autre intersection,Normale,Autre collision,,,,,,,,,,,1,2,9,1,6
200600011844,0006-03-30 09:40:00,6,3,30,9,40,210,166,LONGVIC (DE) (RUE),,,Plein jour,En agglomération,Intersection en X,Pluie légère,Deux véhicules - frontale,,,,,,,,,,,1,2,2,2,1
200600011845,0006-03-30 15:25:00,6,3,30,15,25,210,617,CLOMIERS (DES) (BOULEVAR,,,Plein jour,En agglomération,Intersection en X,Pluie légère,Deux véhicules - côté,,,,,,,,,,,1,2,2,2,3
200600011846,0006-03-31 14:00:00,6,3,31,14,0,210,231,VICTOR HUGO (AVENUE),,,Plein jour,En agglomération,Hors intersection,Normale,Deux véhicules - arrière,,,,,,,,,,,1,2,1,1,2
200600011847,0006-03-03 14:40:00,6,3,3,14,40,220,278,"0, PARIS (DE)",,,Plein jour,En agglomération,Intersection en X,Normale,Deux véhicules - frontale,,,,,,,,,,,1,2,2,1,1
200600011848,0006-03-05 21:00:00,6,3,5,21,0,220,278,"0, FONTAINE-SAINT-BRIEUC",,,Nuit avec éclairage allumé,En agglomération,Hors intersection,Pluie légère,Deux véhicules - frontale,,,,,,,,,,,5,2,1,2,1
200600011849,0006-03-09 15:40:00,6,3,9,15,40,220,278,"4, ATLANTIQUE (BD) N°1 A",,,Plein jour,En agglomération,Hors intersection,Normale,Autre collision,,,,,,,,,,,1,2,1,1,6
200600011850,0006-03-13 19:40:00,6,3,13,19,40,220,278,"22-24-26, WALLON (HENRI)",,,Nuit sans éclairage public,En agglomération,Hors intersection,Normale,Sans collision,,,,,,,,,,,3,2,1,1,7
200600011851,0006-03-15 14:00:00,6,3,15,14,0,220,278,"0, HAREL-DE-LA-NOE (BD)",,,Plein jour,En agglomération,Intersection en X,Normale,Deux véhicules - côté,,,,,,,,,,,1,2,2,1,3
200600011852,0006-03-18 12:10:00,6,3,18,12,10,220,278,WALDECK-ROUSSEAU (BD ET,48.47823,9.34567,Plein jour,En agglomération,Intersection en X,Normale,Deux véhicules - côté,,,,,,,,,,,1,2,2,1,3
200600011853,0006-03-19 16:50:00,6,3,19,16,50,220,278,PARIS (DE),48.47823,9.34567,Plein jour,En agglomération,Hors intersection,Normale,Deux véhicules - arrière,,,,,,,,,,,1,2,1,1,2
200600011854,0006-03-20 15:15:00,6,3,20,15,15,220,278,"0, PARIS (DE)",,,Plein jour,En agglomération,Hors intersection,Normale,Trois véhicules et plus - en chaîne,,,,,,,,,,,1,2,1,1,4
200600011855,0006-03-20 22:55:00,6,3,20,22,55,220,278,DE GAULLE (PL. GENERAL),,,Nuit avec éclairage allumé,En agglomération,Hors intersection,Normale,Autre collision,,,,,,,,,,,5,2,1,1,6
200600011856,0006-03-21 08:20:00,6,3,21,8,20,220,278,ROCHE-GAUTIER (DE LA),,,Plein jour,En agglomération,Hors intersection,Pluie légère,Deux véhicules - côté,,,,,,,,,,,1,2,1,2,3
200600011857,0006-03-23 08:25:00,6,3,23,8,25,220,278,"0, PROMENADES (ET ALL. D",,,Plein jour,En agglomération,Hors intersection,Normale,Autre collision,,,,,,,,,,,1,2,1,1,6
200600011858,0006-03-25 01:40:00,6,3,25,1,40,220,278,"0, APOLLINAIRE (GUILLAUM",,,Nuit avec éclairage allumé,En agglomération,Hors intersection,Normale,Autre collision,,,,,,,,,,,5,2,1,1,6
200600011859,0006-03-31 17:00:00,6,3,31,17,0,220,278,"0, GALLOIS (DES)",,,Plein jour,En agglomération,Hors intersection,Normale,Trois véhicules et plus - en chaîne,,,,,,,,,,,1,2,1,1,4
200600011860,0006-03-10 11:50:00,6,3,10,11,50,230,96,"15, FAYOLLE (AVENUE)",,,Plein jour,En agglomération,Hors intersection,Normale,Deux véhicules - arrière,,,,,,,,,,,1,2,1,1,2
200600011861,0006-03-31 10:20:00,6,3,31,10,20,230,96,"5, MENDES FRANCE (AVENUE",,,Plein jour,En agglomération,Intersection en T,Normale,Deux véhicules - côté,,,,,,,,,,,1,2,3,1,3
200600011862,0006-03-31 07:45:00,6,3,31,7,45,230,96,RN 145,,,Plein jour,Hors agglomération,Giratoire,Normale,Deux véhicules - arrière,,,,,,,,,,,1,1,6,1,2
200600011863,0006-03-09 16:40:00,6,3,9,16,40,240,37,RD 936 E1,,,Plein jour,En agglomération,Intersection en X,Normale,Trois véhicules et plus - collisions multiples,,,,,,,,,,,1,2,2,1,5
200600011864,0006-03-21 22:45:00,6,3,21,22,45,240,37,"08, PASTEUR (AVENUE)",,,Nuit avec éclairage non allumé,En agglomération,Intersection en X,Pluie légère,Deux véhicules - côté,,,,,,,,,,,4,2,2,2,3
200600011865,0006-03-01 14:12:00,6,3,1,14,12,240,322,"00, HUGO ( RUE VICTOR)",,,Plein jour,En agglomération,Intersection en T,Normale,Autre collision,,,,,,,,,,,1,2,3,1,6
200600011866,0006-03-01 16:43:00,6,3,1,16,43,240,138,"00, GAULLE (AVENUE DU GE",,,Plein jour,En agglomération,Hors intersection,Normale,Autre collision,,,,,,,,,,,1,2,1,1,6
200600011867,0006-03-04 19:07:00,6,3,4,19,7,240,322,", LYON (ROUTE DE)",,,Plein jour,En agglomération,Hors intersection,Pluie légère,Autre collision,,,,,,,,,,,1,2,1,2,6