accident_id,datetime,annee,mois,jour,heure,minute,departement,commune_insee,adresse,latitude,longitude,luminosite,agglomeration,intersection,meteo,collision,nb_vehicules,nb_usagers,nb_indemnes,nb_tues,nb_blesses_hosp,nb_blesses_legers,age_cond_1,age_cond_2,veh_type_cond_1,veh_type_cond_2,lum_code,agg_code,int_code,atm_code,col_code
200600011868,0006-03-05 17:45:00,6,3,5,17,45,240,138,"34, GAULLE (AVENUE DU GE",,,Plein jour,En agglomération,Hors intersection,Normale,Autre collision,,,,,,,,,,,1,2,1,1,6
200600011869,0006-03-04 15:55:00,6,3,4,15,55,240,322,"127, SECRET (RUE JEAN)",,,Plein jour,En agglomération,Hors intersection,Pluie forte,Deux véhicules - frontale,,,,,,,,,,,1,2,1,3,1
200600011870,0006-03-08 14:25:00,6,3,8,14,25,240,102,ANGOULEME,,,Plein jour,En agglomération,Hors intersection,Pluie légère,Autre collision,,,,,,,,,,,1,2,1,2,6
200600011871,0006-03-08 16:45:00,6,3,8,16,45,240,53,PAUL (AVENUE MARCEL),,,Plein jour,En agglomération,Intersection en T,Pluie légère,Deux véhicules - côté,,,,,,,,,,,1,2,3,2,3
200600011872,0006-03-14 08:26:00,6,3,14,8,26,240,322,"23, HUGO ( RUE VICTOR)",,,Plein jour,En agglomération,Hors intersection,Normale,Autre collision,,,,,,,,,,,1,2,1,1,6
200600011873,0006-03-15 10:20:00,6,3,15,10,20,240,322,"21, MONTAIGNE (BOULEVARD",,,Plein jour,En agglomération,Hors intersection,Normale,Autre collision,,,,,,,,,,,1,2,1,1,6
200600011874,0006-03-15 14:49:00,6,3,15,14,49,240,322,"00, JUIN ( AVENUE DU MAR",,,Plein jour,En agglomération,Hors intersection,Normale,Autre collision,,,,,,,,,,,1,2,1,1,6
200600011875,0006-03-18 16:25:00,6,3,18,16,25,240,322,GAULLE (PLACE DU GENERAL,,,Plein jour,En agglomération,Giratoire,Pluie légère,Deux véhicules - côté,,,,,,,,,,,1,2,6,2,3
200600011876,0006-03-18 21:47:00,6,3,18,21,47,240,322,"00, BLANC (RUE  LOUIS)",,,Nuit avec éclairage allumé,En agglomération,Intersection en T,Normale,Deux véhicules - côté,,,,,,,,,,,5,2,3,1,3
200600011877,0006-03-26 11:35:00,6,3,26,11,35,240,322,"00, PETIT CHANGE (BOULEV",,,Plein jour,En agglomération,Intersection en X,Normale,Autre collision,,,,,,,,,,,1,2,2,1,6
200600011878,0006-03-28 09:12:00,6,3,28,9,12,240,256,"89, BORDEAUX (ROUTE DE)",,,Plein jour,En agglomération,Hors intersection,Normale,Autre collision,,,,,,,,,,,1,2,1,1,6
200600011879,0006-03-29 07:42:00,6,3,29,7,42,240,138,"113, CHURCHILL ( AVENUE",,,Plein jour,En agglomération,Hors intersection,Pluie légère,Autre collision,,,,,,,,,,,1,2,1,2,6
200600011880,0006-03-31 12:36:00,6,3,31,12,36,240,322,"21, SEMARD (RUE PIERRE)",,,Plein jour,En agglomération,Hors intersection,Normale,Autre collision,,,,,,,,,,,1,2,1,1,6
200600011881,0006-03-02 15:15:00,6,3,2,15,15,250,56,"1, GOUNOD RUE CHARLES",,,Plein jour,En agglomération,Hors intersection,Normale,Autre collision,,,,,,,,,,,1,2,1,1,6
200600011882,0006-03-08 16:10:00,6,3,8,16,10,250,56,"sans, GRAY ROUTE DE",,,Plein jour,En agglomération,Hors intersection,Pluie légère,Deux véhicules - arrière,,,,,,,,,,,1,2,1,2,2
200600011883,0006-03-09 16:25:00,6,3,9,16,25,250,56,"1, DOLE RUE DE >82 & <18",,,Plein jour,En agglomération,Hors intersection,Pluie légère,Autre collision,,,,,,,,,,,1,2,1,2,6
200600011884,0006-03-09 17:05:00,6,3,9,17,5,250,56,"124, DOLE RUE DE >185 &",,,Plein jour,En agglomération,Hors intersection,Pluie légère,Deux véhicules - arrière,,,,,,,,,,,1,2,1,2,2
200600011885,0006-03-09 19:40:00,6,3,9,19,40,250,56,"136, BELFORT RUE DE <144",,,Nuit avec éclairage allumé,En agglomération,Hors intersection,Temps couvert,Autre collision,,,,,,,,,,,5,2,1,8,6
200600011886,0006-03-10 11:30:00,6,3,10,11,30,250,56,"150, BELFORT RUE DE BELF",,,Plein jour,En agglomération,Hors intersection,Pluie légère,Trois véhicules et plus - en chaîne,,,,,,,,,,,1,2,1,2,4
200600011887,0006-03-11 11:00:00,6,3,11,11,0,250,56,GRAY ROUTE DE,,,Plein jour,En agglomération,Intersection en X,Neige / grêle,Deux véhicules - côté,,,,,,,,,,,1,2,2,4,3
200600011888,0006-03-11 17:30:00,6,3,11,17,30,250,56,"SANS, CHAR  RUE RENE",,,Plein jour,En agglomération,Hors intersection,Pluie forte,Deux véhicules - côté,,,,,,,,,,,1,2,1,3,3
200600011889,0006-03-12 02:30:00,6,3,12,2,30,250,56,RN 1057 (CH. EPITAPHE-CH,,,Nuit avec éclairage allumé,Hors agglomération,Hors intersection,Neige / grêle,Sans collision,,,,,,,,,,,5,1,1,4,7
200600011890,0006-03-16 13:55:00,6,3,16,13,55,250,56,"08, MARTELOTS RUE DES",,,Plein jour,En agglomération,Hors intersection,Normale,Autre collision,,,,,,,,,,,1,2,1,1,6
200600011891,0006-03-14 09:25:00,6,3,14,9,25,250,56,"sans, BLUM BOULEVARD LEO",,,Plein jour,En agglomération,Intersection en X,Normale,Deux véhicules - côté,,,,,,,,,,,1,2,2,1,3
200600011892,0006-03-18 17:20:00,6,3,18,17,20,250,56,"SANS, BELFORT RUE DE BEL",,,Plein jour,En agglomération,Hors intersection,Normale,Deux véhicules - arrière,,,,,,,,,,,1,2,1,1,2
200600011893,0006-03-16 11:26:00,6,3,16,11,26,250,56,"14, CRAS RUE DES",,,Plein jour,En agglomération,Hors intersection,Normale,Deux véhicules - arrière,,,,,,,,,,,1,2,1,1,2
200600011894,0006-03-22 10:50:00,6,3,22,10,50,250,56,"SANS, KENNEDY  BOULEVARD",,,Plein jour,En agglomération,Hors intersection,Pluie légère,Deux véhicules - arrière,,,,,,,,,,,1,2,1,2,2
200600011895,0006-03-22 13:52:00,6,3,22,13,52,250,56,"12, SEPTIEME ARMEE AM. A",,,Plein jour,En agglomération,Hors intersection,Normale,Trois véhicules et plus - collisions multiples,,,,,,,,,,,1,2,1,1,5
200600011896,0006-03-22 16:30:00,6,3,22,16,30,250,56,ALLENDE  BOULEVARD SALVA,,,Plein jour,En agglomération,Hors intersection,Pluie légère,Deux véhicules - arrière,,,,,,,,,,,1,2,1,2,2
200600011897,0006-03-22 17:30:00,6,3,22,17,30,250,56,"1, BRULARD  RUE GENERAL",,,Plein jour,En agglomération,Hors intersection,Pluie légère,Deux véhicules - côté,,,,,,,,,,,1,2,1,2,3
200600011898,0006-03-23 09:30:00,6,3,23,9,30,250,56,RN 1057 (ROUTE DE GRAY-C,,,Plein jour,En agglomération,Hors intersection,Pluie légère,Deux véhicules - côté,,,,,,,,,,,1,2,1,2,3
200600011899,0006-03-24 12:35:00,6,3,24,12,35,250,56,"sans, FLEMING BOULEVARD",,,Plein jour,En agglomération,Hors intersection,Normale,Deux véhicules - côté,,,,,,,,,,,1,2,1,1,3
200600011900,0006-03-24 14:35:00,6,3,24,14,35,250,56,"226, DOLE RUE DE >200",,,Plein jour,En agglomération,Hors intersection,Normale,Deux véhicules - arrière,,,,,,,,,,,1,2,1,1,2
200600011901,0006-03-22 01:15:00,6,3,22,1,15,250,56,"73, VEIL-PICARD QUAI",,,Nuit avec éclairage allumé,En agglomération,Hors intersection,Normale,Deux véhicules - arrière,,,,,,,,,,,5,2,1,1,2
200600011902,0006-03-27 21:07:00,6,3,27,21,7,250,56,"1, ALLENDE  BOULEVARD SA",,,Nuit avec éclairage allumé,En agglomération,Hors intersection,Temps couvert,Sans collision,,,,,,,,,,,5,2,1,8,7
200600011903,0006-03-28 17:50:00,6,3,28,17,50,250,56,"39, DOLE RUE DE <82",,,Plein jour,En agglomération,Hors intersection,Temps couvert,Deux véhicules - arrière,,,,,,,,,,,1,2,1,8,2
200600011904,0006-03-29 18:45:00,6,3,29,18,45,250,56,"sans, CHAR  RUE RENE",,,Plein jour,En agglomération,Hors intersection,Normale,Deux véhicules - frontale,,,,,,,,,,,1,2,1,1,1
200600011905,0006-03-26 15:45:00,6,3,26,15,45,250,31,"00, REVOLUTION DE 1789 A",,,Plein jour,En agglomération,Giratoire,Normale,Deux véhicules - arrière,,,,,,,,,,,1,2,6,1,2
200600011906,0006-03-26 17:40:00,6,3,26,17,40,250,20,"00, MONTBELIARD (RUE DE)",,,Plein jour,En agglomération,Hors intersection,Normale,Deux véhicules - côté,,,,,,,,,,,1,2,1,1,3
200600011907,0006-03-30 12:10:00,6,3,30,12,10,250,31,"00, MONTBELIARD (RUE DE)",,,Plein jour,En agglomération,Hors intersection,Pluie légère,Autre collision,,,,,,,,,,,1,2,1,2,6
200600011908,0006-03-24 18:20:00,6,3,24,18,20,250,388,"00, AUDINCOURT (ROUTE D'",,,Crépuscule ou aube,En agglomération,Hors intersection,Normale,Deux véhicules - côté,,,,,,,,,,,2,2,1,1,3
200600011909,0006-03-03 14:05:00,6,3,3,14,5,260,198,"sans N, DE GAULLE (BOULE",,,Plein jour,En agglomération,Hors intersection,Normale,Autre collision,,,,,,,,,,,1,2,1,1,6
200600011910,0006-03-02 17:30:00,6,3,2,17,30,260,198,"sans N, KENNEDY(AVENUE J",,,Plein jour,En agglomération,Hors intersection,Normale,Autre collision,,,,,,,,,,,1,2,1,1,6
200600011911,0006-03-04 09:10:00,6,3,4,9,10,260,281,"NEANT, VALLIN NINON (RUE",,,Plein jour,En agglomération,Giratoire,Normale,Autre collision,,,,,,,,,,,1,2,6,1,6
200600011912,0006-03-06 18:00:00,6,3,6,18,0,260,281,JEANNE D'ARC (RUE),,,Plein jour,En agglomération,Intersection en T,Normale,Autre collision,,,,,,,,,,,1,2,3,1,6
200600011913,0006-03-10 06:00:00,6,3,10,6,0,260,57,GRAND'RUE JEAN JAURES,,,Plein jour,En agglomération,Intersection en T,Temps couvert,Autre collision,,,,,,,,,,,1,2,3,8,6
200600011914,0006-03-14 12:19:00,6,3,14,12,19,260,281,"NEANT, PREMIERE ARMEE (A",,,Plein jour,En agglomération,Intersection en T,Normale,Autre collision,,,,,,,,,,,1,2,3,1,6
200600011915,0006-03-14 15:30:00,6,3,14,15,30,260,281,MAQUIS (AVENUE DU),,,Plein jour,En agglomération,Giratoire,Normale,Deux véhicules - arrière,,,,,,,,,,,1,2,6,1,2
200600011916,0006-03-15 15:00:00,6,3,15,15,0,260,281,RD N°532 (DIRECTION TAIN,,,Plein jour,En agglomération,Giratoire,Normale,Deux véhicules - côté,,,,,,,,,,,1,2,6,1,3
200600011917,0006-03-27 11:40:00,6,3,27,11,40,260,281,MAQUIS (AVENUE DU),,,Plein jour,En agglomération,Hors intersection,Normale,Autre collision,,,,,,,,,,,1,2,1,1,6
200600011918,0006-03-29 14:25:00,6,3,29,14,25,260,57,2532 (route nationale ),,,Plein jour,En agglomération,Intersection en T,Normale,Autre collision,,,,,,,,,,,1,2,3,1,6
200600011919,0006-03-30 19:20:00,6,3,30,19,20,260,57,GAULLE (AVENUE DU GENERA,,,Crépuscule ou aube,En agglomération,Intersection en T,Temps couvert,Autre collision,,,,,,,,,,,2,2,3,8,6
200600011920,0006-03-31 08:55:00,6,3,31,8,55,260,281,"NEANT, DAUPHIN (QUAI)",,,Plein jour,En agglomération,Intersection en T,Normale,Autre collision,,,,,,,,,,,1,2,3,1,6
200600011921,0006-03-03 18:50:00,6,3,3,18,50,260,58,"sans n, VALENTIN CHEMIN",,,Nuit avec éclairage allumé,En agglomération,Intersection en X,Temps couvert,Deux véhicules - côté,,,,,,,,,,,5,2,2,8,3
200600011922,0006-03-06 08:05:00,6,3,6,8,5,260,362,"sans n, SIMONET AVENUE M",,,Plein jour,En agglomération,Intersection en X,Pluie légère,Deux véhicules - côté,,,,,,,,,,,1,2,2,2,3
200600011923,0006-03-08 14:45:00,6,3,8,14,45,260,362,"sans n, PROVENCE AVENUE",,,Plein jour,Hors agglomération,Hors intersection,Normale,Deux véhicules - côté,,,,,,,,,,,1,1,1,1,3
200600011924,0006-03-10 19:25:00,6,3,10,19,25,260,58,"236, BRASSENS AVENUE GEO",,,Nuit avec éclairage allumé,En agglomération,Hors intersection,Normale,Deux véhicules - frontale,,,,,,,,,,,5,2,1,1,1
200600011925,0006-03-10 17:15:00,6,3,10,17,15,260,362,"sans n, FAURE AVENUE  FE",,,Plein jour,En agglomération,Hors intersection,Normale,Deux véhicules - côté,,,,,,,,,,,1,2,1,1,3
200600011926,0006-03-09 11:20:00,6,3,9,11,20,260,362,"sans n,  REFUGE RUE DU",,,Plein jour,En agglomération,Intersection en X,Normale,Deux véhicules - côté,,,,,,,,,,,1,2,2,1,3
200600011927,0006-03-24 07:40:00,6,3,24,7,40,260,58,"sans n, PIAF RUE EDITH",,,Plein jour,En agglomération,Giratoire,Pluie légère,Deux véhicules - côté,,,,,,,,,,,1,2,6,2,3
200600011928,0006-03-24 16:50:00,6,3,24,16,50,260,58,L.A.C.R.A RN7 (BLV),,,Plein jour,En agglomération,Hors intersection,Normale,Trois véhicules et plus - collisions multiples,,,,,,,,,,,1,2,1,1,5
200600011929,0006-03-26 16:20:00,6,3,26,16,20,260,362,"50, BAUDELAIRE RUE CHARL",,,Plein jour,En agglomération,Hors intersection,Normale,Autre collision,,,,,,,,,,,1,2,1,1,6
200600011930,0006-03-25 18:05:00,6,3,25,18,5,260,252,"sans n, DESCARTES RUE",,,Plein jour,En agglomération,Hors intersection,Normale,Deux véhicules - côté,,,,,,,,,,,1,2,1,1,3
200600011931,0006-03-28 15:40:00,6,3,28,15,40,260,362,"sans n, MARSEILLE AVENUE",,,Plein jour,Hors agglomération,Hors intersection,Normale,Trois véhicules et plus - en chaîne,,,,,,,,,,,1,1,1,1,4
200600011932,0006-03-28 18:55:00,6,3,28,18,55,260,362,"67, GAMBETTA AVENUE (303",,,Plein jour,En agglomération,Hors intersection,Temps éblouissant,Autre collision,,,,,,,,,,,1,2,1,7,6
200600011933,0006-03-28 16:50:00,6,3,28,16,50,260,362,"sans n, BAYOT A GOURNIER",,,Plein jour,Hors agglomération,Intersection en X,Normale,Deux véhicules - côté,,,,,,,,,,,1,1,2,1,3
200600011934,0006-03-26 03:45:00,6,3,26,3,45,260,58,"sanbs, CHATEAUNEUF SUR I",,,Nuit avec éclairage allumé,En agglomération,Hors intersection,Normale,Sans collision,,,,,,,,,,,5,2,1,1,7
200600011935,0006-03-31 17:00:00,6,3,31,17,0,260,252,"sans n°, MACE RUE JEAN",,,Plein jour,En agglomération,Hors intersection,Normale,Autre collision,,,,,,,,,,,1,2,1,1,6
200600011936,0006-03-13 11:10:00,6,3,13,11,10,270,299,"57, BRIAND (AVENUE ARIST",,,Plein jour,En agglomération,Hors intersection,Normale,Deux véhicules - côté,,,,,,,,,,,1,2,1,1,3
200600011937,0006-03-14 07:50:00,6,3,14,7,50,270,229,"45, BOTTOLIER (RUE)",,,Plein jour,En agglomération,Hors intersection,Normale,Autre collision,,,,,,,,,,,1,2,1,1,6
200600011938,0006-03-18 14:35:00,6,3,18,14,35,270,229,"9, ARDECHE (RUE DE L')",,,Plein jour,En agglomération,Intersection en X,Normale,Deux véhicules - côté,,,,,,,,,,,1,2,2,1,3
200600011939,0006-03-22 15:45:00,6,3,22,15,45,270,229,"29, ORLEANS (RUE D')",,,Plein jour,En agglomération,Hors intersection,Normale,Deux véhicules - frontale,,,,,,,,,,,1,2,1,1,1
200600011940,0006-03-31 04:15:00,6,3,31,4,15,270,229,"13, BUZOT (RUE)",,,Nuit avec éclairage allumé,En agglomération,Place,Normale,Deux véhicules - côté,,,,,,,,,,,5,2,7,1,3
200600011941,0006-03-31 15:25:00,6,3,31,15,25,270,229,"1, SEMARD (RUE PIERRE)",,,Plein jour,En agglomération,Hors intersection,Normale,Deux véhicules - arrière,,,,,,,,,,,1,2,1,1,2
200600011942,0006-03-15 12:15:00,6,3,15,12,15,270,701,"1, PARC (CH. DU) LACS A",,,Plein jour,En agglomération,Hors intersection,Normale,Deux véhicules - arrière,,,,,,,,,,,1,2,1,1,2
200600011943,0006-03-29 11:40:00,6,3,29,11,40,270,701,"1, FALAISES (ROUTE DES)",,,Plein jour,En agglomération,Hors intersection,Normale,Deux véhicules - frontale,,,,,,,,,,,1,2,1,1,1
200600011944,0006-03-02 17:10:00,6,3,2,17,10,270,681,ANDRE (RUE GEORGES),,,Plein jour,En agglomération,Hors intersection,Normale,Sans collision,,,,,,,,,,,1,2,1,1,7
200600011945,0006-03-04 20:50:00,6,3,4,20,50,270,554,CHATEAU (AVENUE DU),,,Crépuscule ou aube,Hors agglomération,Hors intersection,Normale,Sans collision,,,,,,,,,,,2,1,1,1,7
200600011946,0006-03-04 23:35:00,6,3,4,23,35,270,681,IVRY (ROUTE D'),,,Nuit sans éclairage public,Hors agglomération,Hors intersection,Normale,Sans collision,,,,,,,,,,,3,1,1,1,7
200600011947,0006-03-11 19:40:00,6,3,11,19,40,270,562,CHAMBRAY (ROUTE DE),,,Crépuscule ou aube,En agglomération,Hors intersection,Normale,Sans collision,,,,,,,,,,,2,2,1,1,7
200600011948,0006-03-15 17:00:00,6,3,15,17,0,270,681,PRES (RUE DU),,,Plein jour,En agglomération,Hors intersection,Normale,Sans collision,,,,,,,,,,,1,2,1,1,7
200600011949,0006-03-25 18:35:00,6,3,25,18,35,270,681,IVRY (ROUTE D'),,,Plein jour,Hors agglomération,Hors intersection,Pluie légère,Sans collision,,,,,,,,,,,1,1,1,2,7
200600011950,0006-03-01 14:40:00,6,3,1,14,40,270,681,"2, HUGO (AVENUE VICTOR)",,,Plein jour,En agglomération,Hors intersection,Neige / grêle,Sans collision,,,,,,,,,,,1,2,1,4,7
200600011951,0006-03-03 08:50:00,6,3,3,8,50,280,85,"51, CHATEAUDUN (RUE DE)",,,Plein jour,En agglomération,Hors intersection,Temps couvert,Autre collision,,,,,,,,,,,1,2,1,8,6
200600011952,0006-03-07 11:00:00,6,3,7,11,0,280,85,"SANS, COURTILLE (BOULEVA",,,Plein jour,En agglomération,Hors intersection,Temps couvert,Autre collision,,,,,,,,,,,1,2,1,8,6
200600011953,0006-03-13 12:40:00,6,3,13,12,40,280,85,"0, FREDET (RUE DU DOCTEU",,,Plein jour,En agglomération,Hors intersection,Normale,Deux véhicules - côté,,,,,,,,,,,1,2,1,1,3
200600011954,0006-03-11 16:10:00,6,3,11,16,10,280,70,"sans, BOIS MUSQUET (RUE",,,Plein jour,Hors agglomération,Hors intersection,Normale,Deux véhicules - côté,,,,,,,,,,,1,1,1,1,3
200600011955,0006-03-12 19:10:00,6,3,12,19,10,280,85,"SANS, ETAMPES (RUE D')",,,Plein jour,En agglomération,Intersection en T,Normale,Deux véhicules - côté,,,,,,,,,,,1,2,3,1,3
200600011956,0006-03-14 16:45:00,6,3,14,16,45,280,218,"07, MATTEI (RUE FRANCOS)",,,Plein jour,En agglomération,Hors intersection,Normale,Autre collision,,,,,,,,,,,1,2,1,1,6
200600011957,0006-03-14 10:55:00,6,3,14,10,55,280,229,"09, ROSTAND (RUE JEAN)",,,Plein jour,Hors agglomération,Hors intersection,Normale,Deux véhicules - côté,,,,,,,,,,,1,1,1,1,3
200600011958,0006-03-19 16:10:00,6,3,19,16,10,280,218,"SANS, CAMUS (RUE ALBERT)",,,Plein jour,En agglomération,Hors intersection,Normale,Deux véhicules - côté,,,,,,,,,,,1,2,1,1,3
200600011959,0006-03-17 23:45:00,6,3,17,23,45,280,85,"42/44, COURTILLE (BOULEV",,,Nuit avec éclairage allumé,En agglomération,Hors intersection,Normale,Autre collision,,,,,,,,,,,5,2,1,1,6
200600011960,0006-03-24 13:20:00,6,3,24,13,20,280,85,"SANS, ALIGRE (AVENUE D')",,,Plein jour,En agglomération,Intersection en T,Pluie légère,Deux véhicules - côté,,,,,,,,,,,1,2,3,2,3
200600011961,0006-03-10 19:10:00,6,3,10,19,10,280,134,"11, LABICHE (RUE EMILE)I",,,Crépuscule ou aube,En agglomération,Intersection en T,Normale,Deux véhicules - côté,,,,,,,,,,,2,2,3,1,3
200600011962,0006-03-16 07:25:00,6,3,16,7,25,280,134,RN 12 (ARCHE DU GAZON),,,Crépuscule ou aube,Hors agglomération,Hors intersection,Normale,Trois véhicules et plus - collisions multiples,,,,,,,,,,,2,1,1,1,5
200600011963,0006-03-27 13:20:00,6,3,27,13,20,280,134,NUISEMENT (RUE DE),,,Plein jour,En agglomération,Intersection en X,Normale,Deux véhicules - arrière,,,,,,,,,,,1,2,2,1,2
200600011964,0006-03-02 16:15:00,6,3,2,16,15,290,19,"., JAURES JEAN (DE 1 A 4",,,Plein jour,En agglomération,Intersection en T,Pluie légère,Autre collision,,,,,,,,,,,1,2,3,2,6
200600011965,0006-03-06 14:50:00,6,3,6,14,50,290,19,"., EUROPE (RUE GAL PAULE",,,Plein jour,En agglomération,Intersection en X,Normale,Autre collision,,,,,,,,,,,1,2,2,1,6
200600011966,0006-03-06 17:15:00,6,3,6,17,15,290,19,"., LE GORGEU (N°29 (TOTA",,,Plein jour,En agglomération,Intersection en T,Normale,Deux véhicules - côté,,,,,,,,,,,1,2,3,1,3
200600011967,0006-03-07 13:10:00,6,3,7,13,10,290,19,"136, MASSON PAUL (DE 133",,,Plein jour,En agglomération,Intersection en X,Normale,Deux véhicules - arrière,,,,,,,,,,,1,2,2,1,2
200600011968,0006-03-09 17:15:00,6,3,9,17,15,290,19,"., TOURVILLE",,,Plein jour,En agglomération,Hors intersection,Normale,Autre collision,,,,,,,,,,,1,2,1,1,6
200600011969,0006-03-10 13:50:00,6,3,10,13,50,290,19,VALY HIR (DE 21 A 57 ET,,,Plein jour,En agglomération,Intersection en X,Pluie légère,Deux véhicules - côté,,,,,,,,,,,1,2,2,2,3
200600011970,0006-03-13 14:55:00,6,3,13,14,55,290,19,"37Bis, QUIMPER (DE 1 A 1",,,Plein jour,En agglomération,Hors intersection,Normale,Deux véhicules - arrière,,,,,,,,,,,1,2,1,1,2
200600011971,0006-03-14 09:51:00,6,3,14,9,51,290,19,"., KERVEZENNEC",,,Plein jour,En agglomération,Intersection en X,Normale,Deux véhicules - côté,,,,,,,,,,,1,2,2,1,3
200600011972,0006-03-09 13:50:00,6,3,9,13,50,290,19,"., EUROPE (DE 13 A 15)",,,Plein jour,En agglomération,Intersection à plus de 4 branches,Normale,Deux véhicules - arrière,,,,,,,,,,,1,2,5,1,2
200600011973,0006-03-16 17:00:00,6,3,16,17,0,290,19,"4, CLEMENCEAU GEORGES (D",,,Plein jour,En agglomération,Hors intersection,Normale,Autre collision,,,,,,,,,,,1,2,1,1,6
200600011974,0006-03-20 08:35:00,6,3,20,8,35,290,19,"., TARENTE",,,Plein jour,En agglomération,Intersection en X,Normale,Deux véhicules - côté,,,,,,,,,,,1,2,2,1,3
200600011975,0006-03-18 20:45:00,6,3,18,20,45,290,19,"., HOCHE (DE 1 A 73 ET 2",,,Nuit avec éclairage non allumé,En agglomération,Intersection en X,Normale,Deux véhicules - côté,,,,,,,,,,,4,2,2,1,3
200600011976,0006-03-21 12:05:00,6,3,21,12,5,290,19,COMMANDANT VIBERT PAUL,,,Plein jour,En agglomération,Hors intersection,Pluie légère,Autre collision,,,,,,,,,,,1,2,1,2,6
200600011977,0006-03-22 08:00:00,6,3,22,8,0,290,19,HUGO VICTOR (DE 19 ET 22,,,Plein jour,En agglomération,Intersection en T,Pluie légère,Deux véhicules - côté,,,,,,,,,,,1,2,3,2,3
200600011978,0006-03-22 17:50:00,6,3,22,17,50,290,19,"., CONRAD JOSEPH",,,Plein jour,En agglomération,Intersection en T,Pluie légère,Deux véhicules - côté,,,,,,,,,,,1,2,3,2,3
200600011979,0006-03-22 18:25:00,6,3,22,18,25,290,19,"., TARENTE",,,Plein jour,En agglomération,Intersection en X,Pluie légère,Deux véhicules - côté,,,,,,,,,,,1,2,2,2,3
200600011980,0006-03-26 18:55:00,6,3,26,18,55,290,19,"., EUROPE (DE 161 A 199)",,,Plein jour,En agglomération,Hors intersection,Pluie forte,Sans collision,,,,,,,,,,,1,2,1,3,7
200600011981,0006-03-27 08:40:00,6,3,27,8,40,290,19,"30, BOHARS",,,Plein jour,En agglomération,Hors intersection,Normale,Autre collision,,,,,,,,,,,1,2,1,1,6
200600011982,0006-03-27 13:30:00,6,3,27,13,30,290,19,"., SAINT ANDRE JEANBON",,,Plein jour,En agglomération,Hors intersection,Normale,Deux véhicules - frontale,,,,,,,,,,,1,2,1,1,1
200600011983,0006-03-01 13:00:00,6,3,1,13,0,290,151,EXPRESS RN 12 (VOIE),,,Plein jour,Hors agglomération,Hors intersection,Neige / grêle,Deux véhicules - frontale,,,,,,,,,,,1,1,1,4,1
200600011984,0006-03-14 20:10:00,6,3,14,20,10,290,151,EXPRESS RN 12 (VOIE),,,Nuit sans éclairage public,Hors agglomération,Hors intersection,Normale,Autre collision,,,,,,,,,,,3,1,1,1,6
200600011985,0006-03-25 14:45:00,6,3,25,14,45,290,151,FEUNTEUN IZELLA (RUE),,,Plein jour,En agglomération,Hors intersection,Normale,Autre collision,,,,,,,,,,,1,2,1,1,6
200600011986,0006-03-01 19:10:00,6,3,1,19,10,290,51,ROUILLEN,,,Crépuscule ou aube,Hors agglomération,Hors intersection,Normale,Autre collision,,,,,,,,,,,2,1,1,1,6
200600011987,0006-03-09 13:10:00,6,3,9,13,10,290,232,HERNU CHARLES RUE,,,Plein jour,En agglomération,Intersection en T,Normale,Autre collision,,,,,,,,,,,1,2,3,1,6
200600011988,0006-03-12 03:30:00,6,3,12,3,30,290,232,"0, GUENGAT ROUTE DE",,,Nuit sans éclairage public,Hors agglomération,Hors intersection,Normale,Autre collision,,,,,,,,,,,3,1,1,1,6
200600011989,0006-03-14 16:43:00,6,3,14,16,43,290,232,"67, TY BOS AVENUE DE",,,Plein jour,Hors agglomération,Hors intersection,Normale,Autre collision,,,,,,,,,,,1,1,1,1,6
200600011990,0006-03-17 15:15:00,6,3,17,15,15,290,232,"12, FALKIRK RUE DE",,,Plein jour,En agglomération,Hors intersection,Normale,Autre collision,,,,,,,,,,,1,2,1,1,6
200600011991,0006-03-20 15:05:00,6,3,20,15,5,290,232,"10, LOCMARIA ALLEE DE",,,Plein jour,En agglomération,Hors intersection,Normale,Autre collision,,,,,,,,,,,1,2,1,1,6
200600011992,0006-03-22 11:35:00,6,3,22,11,35,290,232,LUDUGRIS  ROND POINT DE,,,Plein jour,En agglomération,Hors intersection,Normale,Deux véhicules - côté,,,,,,,,,,,1,2,1,1,3
200600011993,0006-03-05 18:00:00,6,3,5,18,0,300,7,"., CARNOT (AVE)",,,Plein jour,En agglomération,Hors intersection,Normale,Deux véhicules - côté,,,,,,,,,,,1,2,1,1,3
200600011994,0006-03-04 06:25:00,6,3,4,6,25,300,7,"., SILHOL (MONTEE)",,,Nuit avec éclairage allumé,En agglomération,Intersection en X,Normale,Deux véhicules - côté,,,,,,,,,,,5,2,2,1,3
200600011995,0006-03-06 12:15:00,6,3,6,12,15,300,7,"., KILMARNOCK (QUAI)",,,Plein jour,En agglomération,Hors intersection,Normale,Sans collision,,,,,,,,,,,1,2,1,1,7
200600011996,0006-03-07 23:20:00,6,3,7,23,20,300,243,"., MOULIN (AVENUE J.)",,,Nuit avec éclairage allumé,En agglomération,Hors intersection,Normale,Sans collision,,,,,,,,,,,5,2,1,1,7
200600011997,0006-03-11 14:40:00,6,3,11,14,40,300,7,"., SILHOL (MONTEE)",,,Plein jour,En agglomération,Hors intersection,Normale,Trois véhicules et plus - en chaîne,,,,,,,,,,,1,2,1,1,4
200600011998,0006-03-15 10:45:00,6,3,15,10,45,300,7,"., SERRES (AVE OLIVIER D",,,Plein jour,En agglomération,Hors intersection,Normale,Deux véhicules - arrière,,,,,,,,,,,1,2,1,1,2
200600011999,0006-03-14 07:45:00,6,3,14,7,45,300,7,"., JAURES (QUAI JEAN)",,,Plein jour,En agglomération,Intersection en T,Normale,Deux véhicules - côté,,,,,,,,,,,1,2,3,1,3