accident_id,datetime,annee,mois,jour,heure,minute,departement,commune_insee,adresse,latitude,longitude,luminosite,agglomeration,intersection,meteo,collision,nb_vehicules,nb_usagers,nb_indemnes,nb_tues,nb_blesses_hosp,nb_blesses_legers,age_cond_1,age_cond_2,veh_type_cond_1,veh_type_cond_2,lum_code,agg_code,int_code,atm_code,col_code
200600012664,0006-03-25 23:05:00,6,3,25,23,5,500,173,"41/43, SURCOUF (RUE)",,,Nuit avec éclairage allumé,En agglomération,Hors intersection,Pluie légère,Autre collision,,,,,,,,,,,5,2,1,2,6
200600012665,0006-03-31 23:05:00,6,3,31,23,5,500,129,"00, PARIS (AVENUE DE)",,,Nuit avec éclairage allumé,En agglomération,Intersection en T,Normale,Deux véhicules - côté,,,,,,,,,,,5,2,3,1,3
200600012666,0006-03-04 19:45:00,6,3,4,19,45,500,147,"22, DIVISION LECLERC",,,Nuit avec éclairage allumé,En agglomération,Hors intersection,Normale,Autre collision,,,,,,,,,,,5,2,1,1,6
200600012667,0006-03-03 17:50:00,6,3,3,17,50,500,218,"NEANT, QUEBEC (BD)",,,Plein jour,En agglomération,Hors intersection,Normale,Autre collision,,,,,,,,,,,1,2,1,1,6
200600012668,0006-03-07 11:35:00,6,3,7,11,35,500,218,"162, LIBERATION (AV DE L",,,Plein jour,En agglomération,Intersection en X,Pluie forte,Trois véhicules et plus - collisions multiples,,,,,,,,,,,1,2,2,3,5
200600012669,0006-03-14 14:45:00,6,3,14,14,45,500,532,CHESNAY (ROUTE DU),,,Plein jour,Hors agglomération,Hors intersection,Normale,Deux véhicules - côté,,,,,,,,,,,1,1,1,1,3
200600012670,0006-03-14 21:40:00,6,3,14,21,40,500,218,"148, LIBERATION (AV DE L",,,Nuit avec éclairage allumé,En agglomération,Hors intersection,Normale,Autre collision,,,,,,,,,,,5,2,1,1,6
200600012671,0006-03-19 19:00:00,6,3,19,19,0,500,218,"210, VENDEENS (AV DES)",,,Nuit avec éclairage allumé,En agglomération,Hors intersection,Normale,Autre collision,,,,,,,,,,,5,2,1,1,6
200600012672,0006-03-08 12:25:00,6,3,8,12,25,500,502,"974, EXODE",,,Plein jour,En agglomération,Intersection en X,Pluie légère,Deux véhicules - arrière,,,,,,,,,,,1,2,2,2,2
200600012673,0006-03-03 10:05:00,6,3,3,10,5,510,108,BECQUEREL (AVE HENRI),,,Plein jour,En agglomération,Intersection en T,Pluie légère,Deux véhicules - côté,,,,,,,,,,,1,2,3,2,3
200600012674,0006-03-25 20:05:00,6,3,25,20,5,510,108,", REPUBLIQUE (PL DE LA)",,,Nuit avec éclairage allumé,En agglomération,Hors intersection,Pluie forte,Autre collision,,,,,,,,,,,5,2,1,3,6
200600012675,0006-03-28 18:25:00,6,3,28,18,25,510,242,EPERNAY (ROUTE D'),,,Plein jour,En agglomération,Hors intersection,Normale,Deux véhicules - arrière,,,,,,,,,,,1,2,1,1,2
200600012676,0006-03-03 15:45:00,6,3,3,15,45,510,454,"58, RUINART DE BRIMONT (",,,Plein jour,En agglomération,Hors intersection,Temps couvert,Deux véhicules - arrière,,,,,,,,,,,1,2,1,8,2
200600012677,0006-03-03 22:50:00,6,3,3,22,50,510,573,"1, PREJEAN (ALLEE ALBERT",,,Nuit avec éclairage allumé,En agglomération,Hors intersection,Autre,Autre collision,,,,,,,,,,,5,2,1,9,6
200600012678,0006-03-03 09:40:00,6,3,3,9,40,510,454,COURCELLES (RUE DE) DU 1,,,Plein jour,En agglomération,Hors intersection,Neige / grêle,Autre collision,,,,,,,,,,,1,2,1,4,6
200600012679,0006-03-05 01:20:00,6,3,5,1,20,510,454,COURLANCY (RUE DE),,,Nuit avec éclairage allumé,En agglomération,Intersection en X,Normale,Autre collision,,,,,,,,,,,5,2,2,1,6
200600012680,0006-03-07 20:50:00,6,3,7,20,50,510,454,ORVES (RUE D'ESTIENNE D',,,Nuit avec éclairage allumé,En agglomération,Intersection à plus de 4 branches,Pluie légère,Deux véhicules - côté,,,,,,,,,,,5,2,5,2,3
200600012681,0006-03-11 14:40:00,6,3,11,14,40,510,454,", LAON (AVENUE) DU N° 21",,,Plein jour,En agglomération,Intersection en X,Pluie légère,Deux véhicules - côté,,,,,,,,,,,1,2,2,2,3
200600012682,0006-03-13 08:40:00,6,3,13,8,40,510,454,LAON (AVENUE) DU N°343 A,,,Plein jour,En agglomération,Intersection en T,Normale,Autre collision,,,,,,,,,,,1,2,3,1,6
200600012683,0006-03-14 14:05:00,6,3,14,14,5,510,454,PARIS (AVENUE DE) N°27 A,,,Plein jour,En agglomération,Intersection en X,Normale,Deux véhicules - frontale,,,,,,,,,,,1,2,2,1,1
200600012684,0006-03-15 13:10:00,6,3,15,13,10,510,172,SOLIDARITE (PLACE DE LA),,,Plein jour,En agglomération,Intersection en X,Normale,Trois véhicules et plus - collisions multiples,,,,,,,,,,,1,2,2,1,5
200600012685,0006-03-15 18:35:00,6,3,15,18,35,510,454,"41, PARIS (RUE PAULIN)",,,Plein jour,En agglomération,Intersection en X,Normale,Deux véhicules - côté,,,,,,,,,,,1,2,2,1,3
200600012686,0006-03-17 18:05:00,6,3,17,18,5,510,454,JAURES 'AVENUE JEAN) DU,,,Plein jour,En agglomération,Intersection en X,Normale,Deux véhicules - côté,,,,,,,,,,,1,2,2,1,3
200600012687,0006-03-22 16:45:00,6,3,22,16,45,510,454,BLUM (AVENUE LEON),,,Plein jour,En agglomération,Hors intersection,Normale,Autre collision,,,,,,,,,,,1,2,1,1,6
200600012688,0006-03-09 19:42:00,6,3,9,19,42,520,121,"0, BAROTTE (BOULEVARD)",,,Nuit avec éclairage allumé,En agglomération,Intersection en T,Pluie légère,Autre collision,,,,,,,,,,,5,2,3,2,6
200600012689,0006-03-10 07:50:00,6,3,10,7,50,520,121,"0, THIERS (BLD)",,,Plein jour,En agglomération,Hors intersection,Temps couvert,Autre collision,,,,,,,,,,,1,2,1,8,6
200600012690,0006-03-28 09:45:00,6,3,28,9,45,520,121,R.N. 74,,,Plein jour,Hors agglomération,Intersection en T,Normale,Deux véhicules - côté,,,,,,,,,,,1,1,3,1,3
200600012691,0006-03-15 13:00:00,6,3,15,13,0,520,121,R.N.19 NORD,,,Plein jour,En agglomération,Intersection en X,Normale,Deux véhicules - côté,,,,,,,,,,,1,2,2,1,3
200600012692,0006-03-17 04:25:00,6,3,17,4,25,520,125,R.D. 162,,,Nuit avec éclairage non allumé,En agglomération,Intersection en T,Normale,Autre collision,,,,,,,,,,,4,2,3,1,6
200600012693,0006-03-05 09:00:00,6,3,5,9,0,520,121,R.N.19 NORD,,,Plein jour,Hors agglomération,Giratoire,Brouillard / fumée,Autre collision,,,,,,,,,,,1,1,6,5,6
200600012694,0006-03-02 09:15:00,6,3,2,9,15,520,448,RN 4,,,Plein jour,Hors agglomération,Hors intersection,Temps couvert,Autre collision,,,,,,,,,,,1,1,1,8,6
200600012695,0006-03-13 08:30:00,6,3,13,8,30,520,448,"21, BARBAUX (RUE ANDRE)",,,Plein jour,En agglomération,Hors intersection,Temps éblouissant,Autre collision,,,,,,,,,,,1,2,1,7,6
200600012696,0006-03-15 12:10:00,6,3,15,12,10,520,448,RN 4,,,Plein jour,Hors agglomération,Hors intersection,Normale,Deux véhicules - frontale,,,,,,,,,,,1,1,1,1,1
200600012697,0006-03-16 01:45:00,6,3,16,1,45,520,448,RN4,,,Nuit sans éclairage public,Hors agglomération,Hors intersection,Normale,Autre collision,,,,,,,,,,,3,1,1,1,6
200600012698,0006-03-17 16:05:00,6,3,17,16,5,520,448,"12, NANCY (ROUTE DE)",,,Plein jour,En agglomération,Hors intersection,Temps éblouissant,Deux véhicules - côté,,,,,,,,,,,1,2,1,7,3
200600012699,0006-03-19 01:30:00,6,3,19,1,30,520,534,SAINT DIZIER (ROUTE DE),,,Nuit avec éclairage allumé,Hors agglomération,Hors intersection,Normale,Sans collision,,,,,,,,,,,5,1,1,1,7
200600012700,0006-03-21 12:25:00,6,3,21,12,25,520,448,"23, THIL (RUE MARCEL)",,,Plein jour,En agglomération,Hors intersection,Normale,Autre collision,,,,,,,,,,,1,2,1,1,6
200600012701,0006-03-25 17:10:00,6,3,25,17,10,520,448,"1, CARTIER (AVENUE MARIU",,,Plein jour,En agglomération,Hors intersection,Pluie légère,Autre collision,,,,,,,,,,,1,2,1,2,6
200600012702,0006-03-26 20:10:00,6,3,26,20,10,520,448,RN35,,,Crépuscule ou aube,En agglomération,Intersection en X,Normale,Deux véhicules - côté,,,,,,,,,,,2,2,2,1,3
200600012703,0006-03-03 16:30:00,6,3,3,16,30,530,201,RD 57 VERS LAVAL,,,Plein jour,Hors agglomération,Hors intersection,Normale,Deux véhicules - frontale,,,,,,,,,,,1,1,1,1,1
200600012704,0006-03-15 21:10:00,6,3,15,21,10,540,99,43 (RN - VERS MOUTIERS),,,Nuit sans éclairage public,Hors agglomération,Hors intersection,Normale,Sans collision,,,,,,,,,,,3,1,1,1,7
200600012705,0006-03-06 15:40:00,6,3,6,15,40,540,273,"7, REPUBLIQUE (AVENUE DE",,,Plein jour,En agglomération,Hors intersection,Temps couvert,Autre collision,,,,,,,,,,,1,2,1,8,6
200600012706,0006-03-17 11:09:00,6,3,17,11,9,540,323,", ALBERT THOMAS (RUE)",,,Nuit avec éclairage non allumé,En agglomération,Hors intersection,Normale,Deux véhicules - arrière,,,,,,,,,,,4,2,1,1,2
200600012707,0006-03-01 08:05:00,6,3,1,8,5,540,357,REPUBLIQUE (RUE DE LA),,,Plein jour,Hors agglomération,Intersection en X,Normale,Deux véhicules - côté,,,,,,,,,,,1,1,2,1,3
200600012708,0006-03-02 19:55:00,6,3,2,19,55,540,304,BOIS GRONEE (AVENUE DU),,,Nuit avec éclairage allumé,En agglomération,Intersection en X,Normale,Deux véhicules - côté,,,,,,,,,,,5,2,2,1,3
200600012709,0006-03-03 18:30:00,6,3,3,18,30,540,526,"14, REPUBLIQUE (AVENUE D",,,Nuit avec éclairage allumé,En agglomération,Hors intersection,Pluie légère,Autre collision,,,,,,,,,,,5,2,1,2,6
200600012710,0006-03-04 11:40:00,6,3,4,11,40,540,526,"1, JAURES (BOULEVARD JEA",,,Plein jour,En agglomération,Intersection en T,Neige / grêle,Deux véhicules - arrière,,,,,,,,,,,1,2,3,4,2
200600012711,0006-03-06 16:30:00,6,3,6,16,30,540,395,"1, INSURRECTION DU GHETT",,,Plein jour,En agglomération,Intersection en X,Normale,Sans collision,,,,,,,,,,,1,2,2,1,7
200600012712,0006-03-07 17:05:00,6,3,7,17,5,540,526,MOULIN (RUE JEAN),,,Plein jour,En agglomération,Hors intersection,Normale,Deux véhicules - côté,,,,,,,,,,,1,2,1,1,3
200600012713,0006-03-07 20:30:00,6,3,7,20,30,540,328,"365, GARE (RUE DE LA)",,,Nuit avec éclairage allumé,En agglomération,Hors intersection,Temps couvert,Sans collision,,,,,,,,,,,5,2,1,8,7
200600012714,0006-03-08 12:45:00,6,3,8,12,45,540,395,"1, MANGIN (AVENUE DU GEN",,,Plein jour,En agglomération,Hors intersection,Pluie légère,Autre collision,,,,,,,,,,,1,2,1,2,6
200600012715,0006-03-08 17:45:00,6,3,8,17,45,540,395,"80, BOUFFLERS (AV. DE 74",,,Crépuscule ou aube,En agglomération,Intersection en X,Pluie forte,Deux véhicules - côté,,,,,,,,,,,2,2,2,3,3
200600012716,0006-03-09 14:25:00,6,3,9,14,25,540,395,FRANCE (AVENUE ANATOLE),,,Plein jour,En agglomération,Hors intersection,Pluie légère,Autre collision,,,,,,,,,,,1,2,1,2,6
200600012717,0006-03-09 18:30:00,6,3,9,18,30,540,395,METZ (RUE DE),,,Crépuscule ou aube,En agglomération,Hors intersection,Normale,Autre collision,,,,,,,,,,,2,2,1,1,6
200600012718,0006-03-09 15:20:00,6,3,9,15,20,540,395,"1, MEZIERES (RUE ALFRED)",,,Nuit avec éclairage allumé,En agglomération,Hors intersection,Normale,Deux véhicules - arrière,,,,,,,,,,,5,2,1,1,2
200600012719,0006-03-09 11:55:00,6,3,9,11,55,540,395,"1, MAZAGRAN (RUE)",,,Plein jour,En agglomération,Intersection en T,Pluie légère,Sans collision,,,,,,,,,,,1,2,3,2,7
200600012720,0006-03-11 19:30:00,6,3,11,19,30,540,395,OUDINOT (RUE DU MAL) DE,,,Nuit avec éclairage allumé,En agglomération,Intersection en X,Temps couvert,Deux véhicules - côté,,,,,,,,,,,5,2,2,8,3
200600012721,0006-03-12 14:55:00,6,3,12,14,55,540,395,"47, SAINT NICOLAS (RUE R",,,Plein jour,En agglomération,Intersection en T,Normale,Autre collision,,,,,,,,,,,1,2,3,1,6
200600012722,0006-03-13 07:50:00,6,3,13,7,50,540,395,LORRAIN (QUAI CLAUDE LE),,,Plein jour,En agglomération,Intersection en T,Normale,Autre collision,,,,,,,,,,,1,2,3,1,6
200600012723,0006-03-13 16:45:00,6,3,13,16,45,540,395,"1, SENN (RUE DU RECTEUR)",,,Plein jour,En agglomération,Intersection en X,Normale,Autre collision,,,,,,,,,,,1,2,2,1,6
200600012724,0006-03-14 08:00:00,6,3,14,8,0,540,304,LIBERATION (AVENUE DE LA,,,Plein jour,En agglomération,Intersection à plus de 4 branches,Normale,Deux véhicules - côté,,,,,,,,,,,1,2,5,1,3
200600012725,0006-03-16 18:25:00,6,3,16,18,25,540,526,"1, POTIER (RUE EUGENE)",,,Plein jour,En agglomération,Hors intersection,Normale,Autre collision,,,,,,,,,,,1,2,1,1,6
200600012726,0006-03-17 17:15:00,6,3,17,17,15,540,304,"1, MOSELLE (RUE DE LA)",,,Plein jour,En agglomération,Hors intersection,Normale,Sans collision,,,,,,,,,,,1,2,1,1,7
200600012727,0006-03-17 07:40:00,6,3,17,7,40,540,482,"1, GROUPE LIBERATOR (RUE",,,Plein jour,En agglomération,Intersection en X,Normale,Autre collision,,,,,,,,,,,1,2,2,1,6
200600012728,0006-03-17 19:45:00,6,3,17,19,45,540,395,DIDION (RUE),,,Nuit avec éclairage allumé,En agglomération,Intersection en X,Normale,Autre collision,,,,,,,,,,,5,2,2,1,6
200600012729,0006-03-19 18:00:00,6,3,19,18,0,540,395,"51, CLEMENCEAU (BD GEORG",,,Crépuscule ou aube,En agglomération,Intersection en X,Normale,Sans collision,,,,,,,,,,,2,2,2,1,7
200600012730,0006-03-18 09:20:00,6,3,18,9,20,540,395,"1, JOLI COEUR (RUE DU)",,,Plein jour,En agglomération,Intersection en X,Normale,Autre collision,,,,,,,,,,,1,2,2,1,6
200600012731,0006-03-20 08:35:00,6,3,20,8,35,540,304,"1, BARROIS (RUE DU)",,,Plein jour,En agglomération,Intersection en T,Normale,Deux véhicules - arrière,,,,,,,,,,,1,2,3,1,2
200600012732,0006-03-20 16:50:00,6,3,20,16,50,540,395,"1, MARINGER (RUE HYPPOLY",,,Plein jour,En agglomération,Intersection en T,Normale,Autre collision,,,,,,,,,,,1,2,3,1,6
200600012733,0006-03-21 14:50:00,6,3,21,14,50,540,547,"1, CREVIC (RUE DE)",,,Plein jour,En agglomération,Hors intersection,Normale,Autre collision,,,,,,,,,,,1,2,1,1,6
200600012734,0006-03-22 14:20:00,6,3,22,14,20,540,265,"1, RD 570",,,Plein jour,Hors agglomération,Hors intersection,Normale,Autre collision,,,,,,,,,,,1,1,1,1,6
200600012735,0006-03-23 17:25:00,6,3,23,17,25,540,395,"60, LOBAU (BOULEVARD)",,,Plein jour,En agglomération,Intersection en X,Normale,Deux véhicules - côté,,,,,,,,,,,1,2,2,1,3
200600012736,0006-03-24 22:00:00,6,3,24,22,0,540,547,"1, ARC (AVENUE JEANNE D'",,,Nuit avec éclairage allumé,En agglomération,Intersection en T,Pluie légère,Deux véhicules - côté,,,,,,,,,,,5,2,3,2,3
200600012737,0006-03-25 10:00:00,6,3,25,10,0,540,395,BATAILLE (QUAI DE LA),,,Plein jour,En agglomération,Intersection en T,Normale,Deux véhicules - côté,,,,,,,,,,,1,2,3,1,3
200600012738,0006-03-26 16:00:00,6,3,26,16,0,540,395,PIROUX (RUE),,,Plein jour,En agglomération,Hors intersection,Normale,Autre collision,,,,,,,,,,,1,2,1,1,6
200600012739,0006-03-26 18:00:00,6,3,26,18,0,540,395,"1, JACOB (RUE DU CHANOIN",,,Plein jour,En agglomération,Hors intersection,Normale,Sans collision,,,,,,,,,,,1,2,1,1,7
200600012740,0006-03-27 16:00:00,6,3,27,16,0,540,395,"127, LOBAU (BOULEVARD)",,,Plein jour,En agglomération,Intersection en X,Pluie légère,Deux véhicules - côté,,,,,,,,,,,1,2,2,2,3
200600012741,0006-03-27 16:45:00,6,3,27,16,45,540,395,"351, BOUFFLERS (AV. DE 7",,,Plein jour,En agglomération,Intersection en X,Pluie légère,Deux véhicules - côté,,,,,,,,,,,1,2,2,2,3
200600012742,0006-03-28 08:50:00,6,3,28,8,50,540,395,"1, GRANDVILLE (RUE)",,,Plein jour,En agglomération,Intersection en X,Normale,Deux véhicules - frontale,,,,,,,,,,,1,2,2,1,1
200600012743,0006-03-29 09:50:00,6,3,29,9,50,540,395,MANEGE (RUE DU RESTE N°),,,Plein jour,En agglomération,Hors intersection,Temps couvert,Deux véhicules - arrière,,,,,,,,,,,1,2,1,8,2
200600012744,0006-03-29 18:40:00,6,3,29,18,40,540,395,"1, LOBAU (BOULEVARD)",,,Plein jour,En agglomération,Intersection en X,Normale,Deux véhicules - côté,,,,,,,,,,,1,2,2,1,3
200600012745,0006-03-31 04:30:00,6,3,31,4,30,540,431,RN 57 CHAMPEY,,,Nuit sans éclairage public,Hors agglomération,Hors intersection,Normale,Sans collision,,,,,,,,,,,3,1,1,1,7
200600012746,0006-03-02 11:45:00,6,3,2,11,45,540,174,RD400,,,Plein jour,En agglomération,Intersection en T,Neige / grêle,Deux véhicules - arrière,,,,,,,,,,,1,2,3,4,2
200600012747,0006-03-02 15:10:00,6,3,2,15,10,540,528,PONT BERNON (AVENUE),,,Plein jour,En agglomération,Hors intersection,Normale,Autre collision,,,,,,,,,,,1,2,1,1,6
200600012748,0006-03-06 18:00:00,6,3,6,18,0,540,167,GAMBETTA,,,Plein jour,En agglomération,Hors intersection,Normale,Deux véhicules - côté,,,,,,,,,,,1,2,1,1,3
200600012749,0006-03-14 07:55:00,6,3,14,7,55,540,528,RD960,,,Plein jour,Hors agglomération,Hors intersection,Normale,Trois véhicules et plus - collisions multiples,,,,,,,,,,,1,1,1,1,5
200600012750,0006-03-15 08:00:00,6,3,15,8,0,540,528,GENERAL BIGEARD (AVENUE),,,Plein jour,En agglomération,Intersection en T,Normale,Deux véhicules - côté,,,,,,,,,,,1,2,3,1,3
200600012751,0006-03-29 14:55:00,6,3,29,14,55,540,174,MARECHAL JOFFRE (AVENUE),,,Plein jour,En agglomération,Hors intersection,Normale,Trois véhicules et plus - collisions multiples,,,,,,,,,,,1,2,1,1,5
200600012752,0006-03-30 18:20:00,6,3,30,18,20,540,528,"75, ALBERT DENIS",,,Plein jour,En agglomération,Autre intersection,Pluie légère,Autre collision,,,,,,,,,,,1,2,9,2,6
200600012753,0006-03-01 14:05:00,6,3,1,14,5,540,270,D26 (CHEMIN DEPARTEMENTA,,,Plein jour,Hors agglomération,Hors intersection,Neige / grêle,Deux véhicules - frontale,,,,,,,,,,,1,1,1,4,1
200600012754,0006-03-11 15:30:00,6,3,11,15,30,540,96,DEPARTEMENTAL 27 (CHEMIN,,,Plein jour,Hors agglomération,Hors intersection,Neige / grêle,Deux véhicules - côté,,,,,,,,,,,1,1,1,4,3
200600012755,0006-03-15 18:55:00,6,3,15,18,55,550,29,"01, EXELMANS ( RUE )",,,Crépuscule ou aube,En agglomération,Hors intersection,Normale,Deux véhicules - côté,,,,,,,,,,,2,2,1,1,3
200600012756,0006-03-09 08:50:00,6,3,9,8,50,560,98,"95, GUESDES (RUE  JULES",,,Plein jour,En agglomération,Intersection en X,Normale,Autre collision,,,,,,,,,,,1,2,2,1,6
200600012757,0006-03-01 09:45:00,6,3,1,9,45,560,121,"00, MANIO ( ECHANGEUR ET",,,Plein jour,En agglomération,Giratoire,Normale,Deux véhicules - côté,,,,,,,,,,,1,2,6,1,3
200600012758,0006-03-02 14:26:00,6,3,2,14,26,560,83,"00, LIBERATION ( AV. DE",,,Plein jour,En agglomération,Hors intersection,Normale,Deux véhicules - arrière,,,,,,,,,,,1,2,1,1,2
200600012759,0006-03-04 18:25:00,6,3,4,18,25,560,162,"00, FORT BLOQUE (RUE DU)",,,Plein jour,En agglomération,Intersection en X,Normale,Deux véhicules - côté,,,,,,,,,,,1,2,2,1,3
200600012760,0006-03-09 07:35:00,6,3,9,7,35,560,162,"00, DEPARTEMENTALE 152 (",,,Nuit avec éclairage allumé,En agglomération,Intersection en T,Normale,Deux véhicules - côté,,,,,,,,,,,5,2,3,1,3
200600012761,0006-03-09 19:53:00,6,3,9,19,53,560,162,"00, PASTEUR (AVENUE LOUI",,,Nuit avec éclairage allumé,En agglomération,Intersection en X,Normale,Deux véhicules - côté,,,,,,,,,,,5,2,2,1,3
200600012762,0006-03-10 15:05:00,6,3,10,15,5,560,121,"34, CHAZELLES ( COURS LO",,,Plein jour,En agglomération,Hors intersection,Normale,Autre collision,,,,,,,,,,,1,2,1,1,6
200600012763,0006-03-13 08:40:00,6,3,13,8,40,560,121,"40, LE LEVE ( ET IMP. FR",,,Plein jour,En agglomération,Hors intersection,Normale,Autre collision,,,,,,,,,,,1,2,1,1,6
200600012764,0006-03-13 17:32:00,6,3,13,17,32,560,121,"00, KERVENANEC (RUE  DE",,,Plein jour,En agglomération,Hors intersection,Normale,Sans collision,,,,,,,,,,,1,2,1,1,7
200600012765,0006-03-13 21:00:00,6,3,13,21,0,560,121,"00, CORRE (RUE  EMILE )",,,Nuit avec éclairage allumé,En agglomération,Intersection en X,Normale,Deux véhicules - côté,,,,,,,,,,,5,2,2,1,3
200600012766,0006-03-14 17:09:00,6,3,14,17,9,560,121,"27, HERRIOT ( BD EDOUARD",,,Plein jour,En agglomération,Intersection en T,Normale,Autre collision,,,,,,,,,,,1,2,3,1,6
200600012767,0006-03-18 11:42:00,6,3,18,11,42,560,162,"00, DOLMEN (RUE DU)",,,Plein jour,En agglomération,Intersection en X,Normale,Trois véhicules et plus - collisions multiples,,,,,,,,,,,1,2,2,1,5
200600012768,0006-03-18 21:53:00,6,3,18,21,53,560,121,"00, DUGUAY-TROUIN (RUE R",,,Nuit avec éclairage allumé,En agglomération,Intersection en X,Normale,Deux véhicules - côté,,,,,,,,,,,5,2,2,1,3
200600012769,0006-03-19 04:15:00,6,3,19,4,15,560,121,"47, SCHUMAN (RUE  ROBERT",,,Nuit avec éclairage allumé,En agglomération,Hors intersection,Normale,Sans collision,,,,,,,,,,,5,2,1,1,7
200600012770,0006-03-21 23:15:00,6,3,21,23,15,560,121,"0, BLUM ( BD LEON )",,,Nuit avec éclairage allumé,En agglomération,Hors intersection,Normale,Sans collision,,,,,,,,,,,5,2,1,1,7
200600012771,0006-03-23 12:00:00,6,3,23,12,0,560,121,"191, MULLER ( DU COLONEL",,,Plein jour,En agglomération,Hors intersection,Normale,Trois véhicules et plus - collisions multiples,,,,,,,,,,,1,2,1,1,5
200600012772,0006-03-23 17:46:00,6,3,23,17,46,560,121,"27, VERDUN (RUE  DE )",,,Plein jour,En agglomération,Intersection en T,Normale,Deux véhicules - côté,,,,,,,,,,,1,2,3,1,3
200600012773,0006-03-25 15:45:00,6,3,25,15,45,560,98,"78, CROIZAT ( AVE AMBROI",,,Plein jour,En agglomération,Hors intersection,Normale,Autre collision,,,,,,,,,,,1,2,1,1,6
200600012774,0006-03-27 19:15:00,6,3,27,19,15,560,121,"18, GARDINIER (RUE  DU C",,,Plein jour,En agglomération,Hors intersection,Normale,Sans collision,,,,,,,,,,,1,2,1,1,7
200600012775,0006-03-27 16:53:00,6,3,27,16,53,560,98,"00, ALLENDE ( AV. PRESID",,,Plein jour,En agglomération,Hors intersection,Normale,Deux véhicules - arrière,,,,,,,,,,,1,2,1,1,2
200600012776,0006-03-28 08:55:00,6,3,28,8,55,560,121,"00, FLANDRES-DUNKERQUE (",,,Plein jour,En agglomération,Hors intersection,Normale,Deux véhicules - frontale,,,,,,,,,,,1,2,1,1,1
200600012777,0006-03-29 14:30:00,6,3,29,14,30,560,121,"30, MICOCOULIERS (RUE  D",,,Plein jour,En agglomération,Hors intersection,Normale,Sans collision,,,,,,,,,,,1,2,1,1,7
200600012778,0006-03-02 08:05:00,6,3,2,8,5,560,260,SAINTE-ANNE(ROUTE),,,Plein jour,En agglomération,Hors intersection,Temps couvert,Deux véhicules - frontale,,,,,,,,,,,1,2,1,8,1
200600012779,0006-03-03 16:55:00,6,3,3,16,55,560,260,"., CHURCHILL(RUE WINSTON",,,Plein jour,En agglomération,Intersection en T,Normale,Trois véhicules et plus - en chaîne,,,,,,,,,,,1,2,3,1,4
200600012780,0006-03-06 10:10:00,6,3,6,10,10,560,260,"4Bis, POMPIDOU(AVENUE GE",,,Plein jour,En agglomération,Hors intersection,Normale,Autre collision,,,,,,,,,,,1,2,1,1,6
200600012781,0006-03-11 10:20:00,6,3,11,10,20,560,260,"25, THIERS(RUE)",,,Plein jour,En agglomération,Hors intersection,Normale,Autre collision,,,,,,,,,,,1,2,1,1,6
200600012782,0006-03-09 17:00:00,6,3,9,17,0,560,260,", REPUBLIQUE(PLACE DE LA",,,Plein jour,En agglomération,Hors intersection,Normale,Autre collision,,,,,,,,,,,1,2,1,1,6
200600012783,0006-03-16 14:15:00,6,3,16,14,15,560,260,"02, ARRADON(RUE JEROME D",,,Plein jour,En agglomération,Intersection en X,Normale,Deux véhicules - côté,,,,,,,,,,,1,2,2,1,3
200600012784,0006-03-22 17:40:00,6,3,22,17,40,560,260,"., MONTAIGNE(RUE)",,,Plein jour,En agglomération,Hors intersection,Pluie légère,Deux véhicules - arrière,,,,,,,,,,,1,2,1,2,2
200600012785,0006-03-02 15:15:00,6,3,2,15,15,560,260,"17, JUDE(RUE DU CAPITAIN",,,Plein jour,En agglomération,Hors intersection,Normale,Autre collision,,,,,,,,,,,1,2,1,1,6
200600012786,0006-03-02 18:20:00,6,3,2,18,20,560,260,"., FAVREL ET LINCY(AVENU",,,Plein jour,En agglomération,Hors intersection,Pluie forte,Autre collision,,,,,,,,,,,1,2,1,3,6
200600012787,0006-03-16 15:15:00,6,3,16,15,15,560,260,"., PONTIVY(BOULEVARD DE)",,,Plein jour,En agglomération,Hors intersection,Normale,Deux véhicules - arrière,,,,,,,,,,,1,2,1,1,2
200600012788,0006-03-23 09:15:00,6,3,23,9,15,560,260,"., PARGO(GIRATOIRE DU)",,,Plein jour,En agglomération,Autre intersection,Normale,Sans collision,,,,,,,,,,,1,2,9,1,7
200600012789,0006-03-01 15:50:00,6,3,1,15,50,570,227,CD31E,,,Plein jour,En agglomération,Hors intersection,Normale,Deux véhicules - côté,,,,,,,,,,,1,2,1,1,3
200600012790,0006-03-20 14:10:00,6,3,20,14,10,570,660,"., CHEMIN DE FER (RUE DU",,,Plein jour,En agglomération,Hors intersection,Normale,Autre collision,,,,,,,,,,,1,2,1,1,6
200600012791,0006-03-24 23:40:00,6,3,24,23,40,570,537,"., FORBACH(VIEILLE ROUTE",,,Nuit avec éclairage allumé,En agglomération,Hors intersection,Pluie légère,Autre collision,,,,,,,,,,,5,2,1,2,6
200600012792,0006-03-01 19:30:00,6,3,1,19,30,570,143,JOFFRE (RUE),,,Nuit avec éclairage allumé,En agglomération,Hors intersection,Neige / grêle,Deux véhicules - côté,,,,,,,,,,,5,2,1,4,3
200600012793,0006-03-13 14:50:00,6,3,13,14,50,570,253,METZ (RUE DE),,,Plein jour,En agglomération,Intersection en T,Normale,Deux véhicules - frontale,,,,,,,,,,,1,2,3,1,1
200600012794,0006-03-09 18:40:00,6,3,9,18,40,570,597,"22, GRAND'RUE",,,Nuit avec éclairage allumé,En agglomération,Hors intersection,Pluie légère,Autre collision,,,,,,,,,,,5,2,1,2,6