accident_id,datetime,annee,mois,jour,heure,minute,departement,commune_insee,adresse,latitude,longitude,luminosite,agglomeration,intersection,meteo,collision,nb_vehicules,nb_usagers,nb_indemnes,nb_tues,nb_blesses_hosp,nb_blesses_legers,age_cond_1,age_cond_2,veh_type_cond_1,veh_type_cond_2,lum_code,agg_code,int_code,atm_code,col_code
200600012795,0006-03-12 12:50:00,6,3,12,12,50,570,19,CD181,,,Plein jour,Hors agglomération,Hors intersection,Normale,Autre collision,,,,,,,,,,,1,1,1,1,6
200600012796,0006-03-04 11:10:00,6,3,4,11,10,570,463,"00, YSER (RUE DE L'",,,Plein jour,En agglomération,Intersection en X,Normale,Autre collision,,,,,,,,,,,1,2,2,1,6
200600012797,0006-03-04 17:20:00,6,3,4,17,20,570,463,"17, ROBERT SCHUMAN (AVEN",,,Plein jour,En agglomération,Hors intersection,Normale,Autre collision,,,,,,,,,,,1,2,1,1,6
200600012798,0006-03-07 19:00:00,6,3,7,19,0,570,463,"0, AMPHITHEATRE (AVENUE",,,Nuit avec éclairage allumé,En agglomération,Intersection en X,Normale,Autre collision,,,,,,,,,,,5,2,2,1,6
200600012799,0006-03-07 09:30:00,6,3,7,9,30,570,463,"26, COETLOSQUET (RUE DU",,,Plein jour,En agglomération,Intersection en X,Normale,Autre collision,,,,,,,,,,,1,2,2,1,6
200600012800,0006-03-12 00:40:00,6,3,12,0,40,570,480,"00, PONT A MOUSSON (RUE",,,Nuit avec éclairage allumé,En agglomération,Hors intersection,Normale,Deux véhicules - côté,,,,,,,,,,,5,2,1,1,3
200600012801,0006-03-16 09:55:00,6,3,16,9,55,570,463,"00, STOXEY (RUE DU )",,,Plein jour,En agglomération,Hors intersection,Normale,Autre collision,,,,,,,,,,,1,2,1,1,6
200600012802,0006-03-17 19:25:00,6,3,17,19,25,570,463,"12, QUEULEU (RUE DE )",,,Crépuscule ou aube,En agglomération,Hors intersection,Normale,Deux véhicules - côté,,,,,,,,,,,2,2,1,1,3
200600012803,0006-03-18 15:30:00,6,3,18,15,30,570,751,"00, GABRIEL POULMAIRE (R",,,Plein jour,En agglomération,Intersection en X,Normale,Autre collision,,,,,,,,,,,1,2,2,1,6
200600012804,0006-03-20 15:40:00,6,3,20,15,40,570,463,"121, THIONVILLE (ROUTE D",,,Plein jour,Hors agglomération,Hors intersection,Normale,Trois véhicules et plus - en chaîne,,,,,,,,,,,1,1,1,1,4
200600012805,0006-03-22 12:10:00,6,3,22,12,10,570,463,"151, WOIPPY (ROUTE  DE )",,,Plein jour,En agglomération,Hors intersection,Normale,Autre collision,,,,,,,,,,,1,2,1,1,6
200600012806,0006-03-23 17:00:00,6,3,23,17,0,570,463,THIONVILLE (ROUTE DE ),,,Plein jour,Hors agglomération,Hors intersection,Normale,Deux véhicules - côté,,,,,,,,,,,1,1,1,1,3
200600012807,0006-03-23 20:05:00,6,3,23,20,5,570,463,"13, PICARDIE (RUE DE )",,,Nuit avec éclairage allumé,En agglomération,Hors intersection,Normale,Deux véhicules - frontale,,,,,,,,,,,5,2,1,1,1
200600012808,0006-03-25 09:50:00,6,3,25,9,50,570,447,"00, AEROGARE (RUE DE L')",,,Plein jour,En agglomération,Intersection en T,Pluie légère,Trois véhicules et plus - collisions multiples,,,,,,,,,,,1,2,3,2,5
200600012809,0006-03-26 18:00:00,6,3,26,18,0,570,545,"00, DE GAULLE (RUE DU GE",,,Plein jour,En agglomération,Intersection en Y,Normale,Autre collision,,,,,,,,,,,1,2,4,1,6
200600012810,0006-03-11 23:40:00,6,3,11,23,40,570,606,"12, POILUS (PASSAGE DES)",,,Nuit sans éclairage public,En agglomération,Hors intersection,Normale,Deux véhicules - arrière,,,,,,,,,,,3,2,1,1,2
200600012811,0006-03-21 10:03:00,6,3,21,10,3,570,606,"0, LORRAINE (BOULEVARD D",,,Plein jour,En agglomération,Intersection en X,Normale,Autre collision,,,,,,,,,,,1,2,2,1,6
200600012812,0006-03-31 21:45:00,6,3,31,21,45,570,631,"142, BITCHE (RUE DE) DU",,,Nuit sans éclairage public,Hors agglomération,Hors intersection,Normale,Deux véhicules - arrière,,,,,,,,,,,3,1,1,1,2
200600012813,0006-03-01 18:30:00,6,3,1,18,30,570,12,"17, CLEMENCEAU (RUE)",,,Crépuscule ou aube,En agglomération,Hors intersection,Neige / grêle,Autre collision,,,,,,,,,,,2,2,1,4,6
200600012814,0006-03-11 19:50:00,6,3,11,19,50,570,306,", FOCH (RUE )",,,Nuit avec éclairage allumé,En agglomération,Intersection en T,Normale,Deux véhicules - frontale,,,,,,,,,,,5,2,3,1,1
200600012815,0006-03-17 13:35:00,6,3,17,13,35,570,757,"5, NATIONALE (RUE)",,,Plein jour,En agglomération,Intersection en Y,Normale,Deux véhicules - côté,,,,,,,,,,,1,2,4,1,3
200600012816,0006-03-17 15:15:00,6,3,17,15,15,570,672,ARLON (ROUTE D'),,,Plein jour,Hors agglomération,Hors intersection,Normale,Deux véhicules - frontale,,,,,,,,,,,1,1,1,1,1
200600012817,0006-03-17 17:05:00,6,3,17,17,5,570,441,"1, MAISON  ROUGE (ROUTE",,,Plein jour,En agglomération,Hors intersection,Normale,Trois véhicules et plus - collisions multiples,,,,,,,,,,,1,2,1,1,5
200600012818,0006-03-21 14:40:00,6,3,21,14,40,570,757,ILLANGE (ROUTE D'),,,Plein jour,Hors agglomération,Hors intersection,Pluie légère,Deux véhicules - côté,,,,,,,,,,,1,1,1,2,3
200600012819,0006-03-17 12:30:00,6,3,17,12,30,570,306,"9, MARNE (RUE DE LA)",,,Plein jour,En agglomération,Hors intersection,Normale,Deux véhicules - arrière,,,,,,,,,,,1,2,1,1,2
200600012820,0006-03-19 19:50:00,6,3,19,19,50,570,368,"129, REPUBLIQUE (RUE DE",,,Nuit avec éclairage allumé,En agglomération,Hors intersection,Normale,Deux véhicules - arrière,,,,,,,,,,,5,2,1,1,2
200600012821,0006-03-24 13:35:00,6,3,24,13,35,570,306,METROPOLE (AVENUE DE LA),,,Plein jour,En agglomération,Hors intersection,Pluie légère,Deux véhicules - frontale,,,,,,,,,,,1,2,1,2,1
200600012822,0006-03-27 16:35:00,6,3,27,16,35,570,672,AFRIQUE (CHAUSSEE D') -,,,Plein jour,En agglomération,Hors intersection,Normale,Deux véhicules - arrière,,,,,,,,,,,1,2,1,1,2
200600012823,0006-03-06 07:40:00,6,3,6,7,40,580,194,PIERRE EMILE GASPARD,,,Plein jour,En agglomération,Hors intersection,Autre,Sans collision,,,,,,,,,,,1,2,1,9,7
200600012824,0006-03-04 15:25:00,6,3,4,15,25,580,194,MARINIERS (ROND POINT),,,Plein jour,En agglomération,Giratoire,Neige / grêle,Deux véhicules - côté,,,,,,,,,,,1,2,6,4,3
200600012825,0006-03-10 10:50:00,6,3,10,10,50,580,194,"26bis, PIERRE BEREGOVOY",,,Plein jour,En agglomération,Hors intersection,Pluie légère,Autre collision,,,,,,,,,,,1,2,1,2,6
200600012826,0006-03-10 15:45:00,6,3,10,15,45,580,194,PARCHEMINERIE,,,Plein jour,En agglomération,Hors intersection,Normale,Autre collision,,,,,,,,,,,1,2,1,1,6
200600012827,0006-03-11 16:40:00,6,3,11,16,40,580,194,"12, MANTOUE (QUAI)",,,Plein jour,En agglomération,Hors intersection,Normale,Autre collision,,,,,,,,,,,1,2,1,1,6
200600012828,0006-03-13 17:00:00,6,3,13,17,0,580,194,PABLO NERUDA,,,Plein jour,En agglomération,Intersection en X,Normale,Deux véhicules - côté,,,,,,,,,,,1,2,2,1,3
200600012829,0006-03-14 16:35:00,6,3,14,16,35,580,194,DOCKS,,,Plein jour,En agglomération,Hors intersection,Normale,Autre collision,,,,,,,,,,,1,2,1,1,6
200600012830,0006-03-15 23:10:00,6,3,15,23,10,580,194,PIQUE,,,Nuit avec éclairage allumé,En agglomération,Hors intersection,Normale,Sans collision,,,,,,,,,,,5,2,1,1,7
200600012831,0006-03-15 21:25:00,6,3,15,21,25,580,194,SAINT SEBASTIEN,,,Nuit avec éclairage allumé,En agglomération,Intersection en X,Normale,Deux véhicules - côté,,,,,,,,,,,5,2,2,1,3
200600012832,0006-03-24 20:20:00,6,3,24,20,20,580,194,PIERRE DE COUBERTIN,,,Nuit avec éclairage allumé,En agglomération,Hors intersection,Pluie légère,Autre collision,,,,,,,,,,,5,2,1,2,6
200600012833,0006-03-29 15:35:00,6,3,29,15,35,580,194,FRANCIS GARNIER,,,Plein jour,En agglomération,Intersection en X,Normale,Deux véhicules - côté,,,,,,,,,,,1,2,2,1,3
200600012834,0006-03-12 00:25:00,6,3,12,0,25,590,390,"02, PERI (REU GABRIEL)",,,Nuit avec éclairage allumé,En agglomération,Intersection en T,Normale,Deux véhicules - côté,,,,,,,,,,,5,2,3,1,3
200600012835,0006-03-26 05:10:00,6,3,26,5,10,590,24,"214, DOUAI (RUE DE)",,,Nuit avec éclairage allumé,En agglomération,Hors intersection,Pluie légère,Autre collision,,,,,,,,,,,5,2,1,2,6
200600012836,0006-03-05 01:15:00,6,3,5,1,15,590,17,SANGNIER (AVENUE MARC ),,,Nuit avec éclairage allumé,En agglomération,Hors intersection,Normale,Deux véhicules - arrière,,,,,,,,,,,5,2,1,1,2
200600012837,0006-03-28 19:00:00,6,3,28,19,0,590,431,"1651, ARMENTIERES  (RUE",,,Plein jour,En agglomération,Hors intersection,Normale,Deux véhicules - côté,,,,,,,,,,,1,2,1,1,3
200600012838,0006-03-10 12:30:00,6,3,10,12,30,590,143,"456, ROUTE NATIONALE (IM",,,Plein jour,En agglomération,Hors intersection,Normale,Autre collision,,,,,,,,,,,1,2,1,1,6
200600012839,0006-03-05 04:30:00,6,3,5,4,30,590,68,route de pont sur sambre,,,Nuit sans éclairage public,Hors agglomération,Hors intersection,Normale,Autre collision,,,,,,,,,,,3,1,1,1,6
200600012840,0006-03-18 16:40:00,6,3,18,16,40,590,153,CHEMIN DIGUE NOIR,,,Plein jour,Hors agglomération,Hors intersection,Normale,Sans collision,,,,,,,,,,,1,1,1,1,7
200600012841,0006-03-11 19:30:00,6,3,11,19,30,590,153,"46, LIBERTE (BOULEVARD D",,,Nuit avec éclairage allumé,En agglomération,Hors intersection,Normale,Sans collision,,,,,,,,,,,5,2,1,1,7
200600012842,0006-03-28 14:45:00,6,3,28,14,45,590,616,"281, HUGO (RUE VICTOR )",,,Plein jour,En agglomération,Hors intersection,Normale,Deux véhicules - arrière,,,,,,,,,,,1,2,1,1,2
200600012843,0006-03-30 20:10:00,6,3,30,20,10,590,153,CHAUSSIETTE (RUE DE LA ),,,Nuit sans éclairage public,En agglomération,Hors intersection,Pluie légère,Autre collision,,,,,,,,,,,3,2,1,2,6
200600012844,0006-03-11 11:40:00,6,3,11,11,40,590,179,RN30,,,Plein jour,Hors agglomération,Hors intersection,Pluie légère,Autre collision,,,,,,,,,,,1,1,1,2,6
200600012845,0006-03-11 16:45:00,6,3,11,16,45,590,172,"10/14/6, DUCHATEAU (FG F",,,Plein jour,En agglomération,Autre intersection,Normale,Autre collision,,,,,,,,,,,1,2,9,1,6
200600012846,0006-03-12 03:00:00,6,3,12,3,0,590,334,RN   43,,,Nuit sans éclairage public,Hors agglomération,Hors intersection,Normale,Autre collision,,,,,,,,,,,3,1,1,1,6
200600012847,0006-03-27 16:40:00,6,3,27,16,40,590,654,PASTEUR (RUE),,,Plein jour,En agglomération,Intersection en T,Neige / grêle,Autre collision,,,,,,,,,,,1,2,3,4,6
200600012848,0006-03-01 20:55:00,6,3,1,20,55,590,588,"1, FURNES - ROUTE NATION",,,Nuit avec éclairage allumé,En agglomération,Hors intersection,Normale,Deux véhicules - côté,,,,,,,,,,,5,2,1,1,3
200600012849,0006-03-04 15:10:00,6,3,4,15,10,590,540,"1, ASTERS - PLACE",,,Plein jour,En agglomération,Intersection en T,Normale,Deux véhicules - frontale,,,,,,,,,,,1,2,3,1,1
200600012850,0006-03-06 12:40:00,6,3,6,12,40,590,183,"1, VAUBAN - PLACE",,,Plein jour,En agglomération,Hors intersection,Normale,Autre collision,,,,,,,,,,,1,2,1,1,6
200600012851,0006-03-07 08:20:00,6,3,7,8,20,590,183,"101, TERMINUS",,,Plein jour,En agglomération,Hors intersection,Normale,Autre collision,,,,,,,,,,,1,2,1,1,6
200600012852,0006-03-19 02:45:00,6,3,19,2,45,590,183,"00000, TERMINUS",,,Nuit avec éclairage allumé,En agglomération,Intersection en X,Normale,Trois véhicules et plus - en chaîne,,,,,,,,,,,5,2,2,1,4
200600012853,0006-03-16 18:00:00,6,3,16,18,0,590,183,RN1,,,Plein jour,En agglomération,Intersection en X,Normale,Deux véhicules - côté,,,,,,,,,,,1,2,2,1,3
200600012854,0006-03-22 07:30:00,6,3,22,7,30,590,588,"00000, CHAPEAU ROUGE - R",,,Plein jour,En agglomération,Intersection en X,Normale,Deux véhicules - côté,,,,,,,,,,,1,2,2,1,3
200600012855,0006-03-23 18:00:00,6,3,23,18,0,590,540,"04, REPUBLIQUE",,,Plein jour,En agglomération,Hors intersection,Normale,Deux véhicules - côté,,,,,,,,,,,1,2,1,1,3
200600012856,0006-03-20 18:15:00,6,3,20,18,15,590,183,"14, NANCY",,,Plein jour,En agglomération,Hors intersection,Normale,Autre collision,,,,,,,,,,,1,2,1,1,6
200600012857,0006-03-29 15:20:00,6,3,29,15,20,590,183,"00000, PETITE-SYNTHE CD",,,Plein jour,En agglomération,Hors intersection,Normale,Autre collision,,,,,,,,,,,1,2,1,1,6
200600012858,0006-03-02 15:20:00,6,3,2,15,20,590,295,"23, DU DEPOT",,,Plein jour,En agglomération,Hors intersection,Temps éblouissant,Deux véhicules - frontale,,,,,,,,,,,1,2,1,7,1
200600012859,0006-03-01 16:30:00,6,3,1,16,30,590,410,"00, CORNEILLE RUE",,,Plein jour,En agglomération,Intersection en T,Normale,Autre collision,,,,,,,,,,,1,2,3,1,6
200600012860,0006-03-03 07:30:00,6,3,3,7,30,590,350,"00, PERENCHIES RUE DE",,,Crépuscule ou aube,En agglomération,Intersection en T,Normale,Autre collision,,,,,,,,,,,2,2,3,1,6
200600012861,0006-03-03 21:45:00,6,3,3,21,45,590,560,"56, MULLIER JEAN BAPTIST",,,Nuit avec éclairage allumé,En agglomération,Hors intersection,Normale,Autre collision,,,,,,,,,,,5,2,1,1,6
200600012862,0006-03-05 07:15:00,6,3,5,7,15,590,350,"7, LOUIS XIV BOULEVARD",,,Plein jour,En agglomération,Hors intersection,Normale,Autre collision,,,,,,,,,,,1,2,1,1,6
200600012863,0006-03-06 16:45:00,6,3,6,16,45,590,350,"17, HUGO VICTOR  BVD N°I",,,Plein jour,En agglomération,Hors intersection,Normale,Autre collision,,,,,,,,,,,1,2,1,1,6
200600012864,0006-03-06 17:50:00,6,3,6,17,50,590,350,"116, CARREL ARMAND RUE",,,Plein jour,En agglomération,Hors intersection,Normale,Deux véhicules - côté,,,,,,,,,,,1,2,1,1,3
200600012865,0006-03-06 18:25:00,6,3,6,18,25,590,368,"Sans objet, FAURE RUE FE",,,Nuit avec éclairage allumé,En agglomération,Intersection en X,Normale,Autre collision,,,,,,,,,,,5,2,2,1,6
200600012866,0006-03-06 14:45:00,6,3,6,14,45,590,350,LAMBRET OSCAR AVENUE,,,Plein jour,En agglomération,Intersection en X,Normale,Deux véhicules - côté,,,,,,,,,,,1,2,2,1,3
200600012867,0006-03-07 11:35:00,6,3,7,11,35,590,343,BRIZON PIERRE RUE,,,Plein jour,En agglomération,Hors intersection,Normale,Deux véhicules - arrière,,,,,,,,,,,1,2,1,1,2
200600012868,0006-03-07 15:15:00,6,3,7,15,15,590,350,"26, VOLTA RUE",,,Plein jour,En agglomération,Hors intersection,Normale,Autre collision,,,,,,,,,,,1,2,1,1,6
200600012869,0006-03-07 17:55:00,6,3,7,17,55,590,378,"119, CLEMENCEAU BLVD (N°",,,Plein jour,En agglomération,Hors intersection,Normale,Autre collision,,,,,,,,,,,1,2,1,1,6
200600012870,0006-03-08 13:10:00,6,3,8,13,10,590,9,"001, ROUBAIX ANTENNE DU",,,Plein jour,En agglomération,Hors intersection,Pluie légère,Trois véhicules et plus - en chaîne,,,,,,,,,,,1,2,1,2,4
200600012871,0006-03-08 18:30:00,6,3,8,18,30,590,350,"001, LAMBRET OSCAR AVENU",,,Plein jour,En agglomération,Intersection en X,Pluie légère,Deux véhicules - côté,,,,,,,,,,,1,2,2,2,3
200600012872,0006-03-08 19:35:00,6,3,8,19,35,590,360,KIENER AVENUE,,,Plein jour,En agglomération,Hors intersection,Normale,Autre collision,,,,,,,,,,,1,2,1,1,6
200600012873,0006-03-09 07:30:00,6,3,9,7,30,590,360,"151, FOCH RUE DU MARECHA",,,Crépuscule ou aube,En agglomération,Hors intersection,Normale,Autre collision,,,,,,,,,,,2,2,1,1,6
200600012874,0006-03-08 16:00:00,6,3,8,16,0,590,648,"190, DE GAULLE RUE DU GE",,,Plein jour,En agglomération,Hors intersection,Normale,Autre collision,,,,,,,,,,,1,2,1,1,6
200600012875,0006-03-09 17:00:00,6,3,9,17,0,590,350,"59, ISLY RUE",,,Plein jour,En agglomération,Hors intersection,Pluie légère,Deux véhicules - côté,,,,,,,,,,,1,2,1,2,3
200600012876,0006-03-12 14:05:00,6,3,12,14,5,590,350,"00, CARNOT SADI BV. N° I",,,Plein jour,En agglomération,Intersection en X,Normale,Autre collision,,,,,,,,,,,1,2,2,1,6
200600012877,0006-03-09 16:00:00,6,3,9,16,0,590,350,"6, ZOLA EMILE RUE",,,Plein jour,En agglomération,Hors intersection,Temps couvert,Deux véhicules - arrière,,,,,,,,,,,1,2,1,8,2
200600012878,0006-03-08 12:10:00,6,3,8,12,10,590,328,DEBUIRE AVENUE DU BUC,,,Plein jour,En agglomération,Intersection en X,Pluie légère,Deux véhicules - frontale,,,,,,,,,,,1,2,2,2,1
200600012879,0006-03-15 14:45:00,6,3,15,14,45,590,350,"Sans objet, FUSILLES RUE",,,Plein jour,En agglomération,Hors intersection,Normale,Autre collision,,,,,,,,,,,1,2,1,1,6
200600012880,0006-03-15 16:30:00,6,3,15,16,30,590,286,CARNOT SADI RUE,,,Plein jour,En agglomération,Hors intersection,Normale,Deux véhicules - côté,,,,,,,,,,,1,2,1,1,3
200600012881,0006-03-15 16:50:00,6,3,15,16,50,590,9,"94, CORNEILLE RUE",,,Plein jour,En agglomération,Hors intersection,Normale,Autre collision,,,,,,,,,,,1,2,1,1,6
200600012882,0006-03-15 17:15:00,6,3,15,17,15,590,378,"Sans objet, MARNE AVENUE",,,Plein jour,En agglomération,Hors intersection,Normale,Autre collision,,,,,,,,,,,1,2,1,1,6
200600012883,0006-03-15 19:50:00,6,3,15,19,50,590,636,BONDUES RUE DE,,,Nuit avec éclairage allumé,En agglomération,Intersection en T,Normale,Deux véhicules - côté,,,,,,,,,,,5,2,3,1,3
200600012884,0006-03-16 12:20:00,6,3,16,12,20,590,350,FAUBOURG DE DOUAI N° RES,,,Plein jour,En agglomération,Intersection en T,Normale,Deux véhicules - arrière,,,,,,,,,,,1,2,3,1,2
200600012885,0006-03-17 07:55:00,6,3,17,7,55,590,527,"160, CARNOT SADI RUE",,,Plein jour,Hors agglomération,Hors intersection,Normale,Autre collision,,,,,,,,,,,1,1,1,1,6
200600012886,0006-03-19 11:50:00,6,3,19,11,50,590,368,"9, POMPIDOU G. RUE DU PD",,,Plein jour,En agglomération,Hors intersection,Normale,Autre collision,,,,,,,,,,,1,2,1,1,6
200600012887,0006-03-20 09:00:00,6,3,20,9,0,590,378,BAILLY ALBERT RUE,,,Plein jour,En agglomération,Place,Normale,Deux véhicules - côté,,,,,,,,,,,1,2,7,1,3
200600012888,0006-03-21 08:30:00,6,3,21,8,30,590,350,"924, DUNKERQUE AVENUE",,,Plein jour,En agglomération,Hors intersection,Normale,Deux véhicules - côté,,,,,,,,,,,1,2,1,1,3
200600012889,0006-03-23 21:10:00,6,3,23,21,10,590,410,HUGO VICTOR RUE,,,Nuit avec éclairage allumé,En agglomération,Intersection en X,Normale,Autre collision,,,,,,,,,,,5,2,2,1,6
200600012890,0006-03-25 16:25:00,6,3,25,16,25,590,220,"001, PARIS AVENUE DE",,,Plein jour,En agglomération,Intersection en X,Normale,Deux véhicules - côté,,,,,,,,,,,1,2,2,1,3
200600012891,0006-03-25 16:50:00,6,3,25,16,50,590,378,"90, PERI GABRIEL RUE",,,Plein jour,En agglomération,Hors intersection,Normale,Deux véhicules - côté,,,,,,,,,,,1,2,1,1,3
200600012892,0006-03-26 14:00:00,6,3,26,14,0,590,350,"65, IENA RUE",,,Plein jour,En agglomération,Intersection en T,Normale,Autre collision,,,,,,,,,,,1,2,3,1,6
200600012893,0006-03-15 17:15:00,6,3,15,17,15,590,343,"59, DELORY GUSTAVE RUE",,,Plein jour,En agglomération,Hors intersection,Normale,Autre collision,,,,,,,,,,,1,2,1,1,6
200600012894,0006-03-21 14:00:00,6,3,21,14,0,590,9,"225, DE VALMY BOULEVARD",,,Plein jour,En agglomération,Hors intersection,Normale,Autre collision,,,,,,,,,,,1,2,1,1,6
200600012895,0006-03-20 07:00:00,6,3,20,7,0,590,9,"Sans objet, D.6, route e",,,Plein jour,En agglomération,Hors intersection,Normale,Autre collision,,,,,,,,,,,1,2,1,1,6
200600012896,0006-03-13 05:45:00,6,3,13,5,45,590,560,"001, LILLE ROUTE DE",,,Nuit avec éclairage allumé,En agglomération,Intersection en X,Normale,Deux véhicules - côté,,,,,,,,,,,5,2,2,1,3
200600012897,0006-03-28 16:55:00,6,3,28,16,55,590,350,"28, BIGO DANEL BOULEVARD",,,Plein jour,En agglomération,Hors intersection,Normale,Autre collision,,,,,,,,,,,1,2,1,1,6
200600012898,0006-03-28 17:50:00,6,3,28,17,50,590,378,"Sans objet, BRIQUETERIE",,,Plein jour,En agglomération,Hors intersection,Normale,Autre collision,,,,,,,,,,,1,2,1,1,6
200600012899,0006-03-29 19:40:00,6,3,29,19,40,590,368,"00, SALENGRO ROGER RUE",,,Crépuscule ou aube,En agglomération,Intersection en Y,Normale,Autre collision,,,,,,,,,,,2,2,4,1,6
200600012900,0006-03-30 06:55:00,6,3,30,6,55,590,350,"001, DOREZ BARTHELEMY PL",,,Crépuscule ou aube,En agglomération,Hors intersection,Normale,Autre collision,,,,,,,,,,,2,2,1,1,6
200600012901,0006-03-31 22:25:00,6,3,31,22,25,590,350,"001, BELFORT BOULEVARD D",,,Nuit avec éclairage allumé,En agglomération,Intersection en X,Normale,Deux véhicules - côté,,,,,,,,,,,5,2,2,1,3
200600012902,0006-03-09 17:50:00,6,3,9,17,50,590,291,AIME COLLET (RUE),,,Plein jour,En agglomération,Intersection en X,Pluie forte,Deux véhicules - côté,,,,,,,,,,,1,2,2,3,3
200600012903,0006-03-01 20:06:00,6,3,1,20,6,590,392,EPINETTE (BOULEVARD DE L,,,Crépuscule ou aube,En agglomération,Intersection en T,Normale,Deux véhicules - frontale,,,,,,,,,,,2,2,3,1,1
200600012904,0006-03-15 16:45:00,6,3,15,16,45,590,424,HECTOR CARTIGNY (RUE),,,Plein jour,En agglomération,Hors intersection,Normale,Autre collision,,,,,,,,,,,1,2,1,1,6
200600012905,0006-03-24 19:20:00,6,3,24,19,20,590,103,MAURICE LEROI (RUE),,,Nuit sans éclairage public,Hors agglomération,Hors intersection,Pluie forte,Sans collision,,,,,,,,,,,3,1,1,3,7
200600012906,0006-03-02 19:25:00,6,3,2,19,25,590,646,FLANDRE (AVENUE DE),,,Nuit avec éclairage allumé,En agglomération,Intersection en X,Normale,Deux véhicules - côté,,,,,,,,,,,5,2,2,1,3
200600012907,0006-03-03 14:25:00,6,3,3,14,25,590,650,SAPIN VERT (RUE DU),,,Plein jour,En agglomération,Hors intersection,Normale,Autre collision,,,,,,,,,,,1,2,1,1,6
200600012908,0006-03-05 09:50:00,6,3,5,9,50,590,512,LANNOY (RUE DE ),,,Plein jour,En agglomération,Intersection en X,Neige / grêle,Autre collision,,,,,,,,,,,1,2,2,4,6
200600012909,0006-03-02 17:10:00,6,3,2,17,10,590,512,BRANLY (RUE EDOUARD),,,Plein jour,En agglomération,Intersection en T,Temps couvert,Deux véhicules - côté,,,,,,,,,,,1,2,3,8,3
200600012910,0006-03-04 17:00:00,6,3,4,17,0,590,512,ALGER  (RUE D'),,,Plein jour,En agglomération,Intersection en X,Normale,Deux véhicules - côté,,,,,,,,,,,1,2,2,1,3
200600012911,0006-03-10 19:30:00,6,3,10,19,30,590,650,TOUL (RUE DE),,,Nuit avec éclairage allumé,En agglomération,Intersection en X,Pluie légère,Deux véhicules - arrière,,,,,,,,,,,5,2,2,2,2
200600012912,0006-03-02 16:55:00,6,3,2,16,55,590,512,GAMBETTA ( BOULEVARD),,,Plein jour,En agglomération,Intersection en T,Normale,Autre collision,,,,,,,,,,,1,2,3,1,6
200600012913,0006-03-08 06:10:00,6,3,8,6,10,590,512,DUFLOT (RUE),,,Nuit avec éclairage allumé,En agglomération,Intersection en T,Normale,Deux véhicules - côté,,,,,,,,,,,5,2,3,1,3
200600012914,0006-03-07 05:30:00,6,3,7,5,30,590,650,EUROPE (ROND POINT DE L',,,Nuit avec éclairage allumé,En agglomération,Giratoire,Pluie légère,Deux véhicules - arrière,,,,,,,,,,,5,2,6,2,2
200600012915,0006-03-12 10:45:00,6,3,12,10,45,590,163,SANGNIER (RUE MARC),,,Plein jour,En agglomération,Intersection en X,Normale,Autre collision,,,,,,,,,,,1,2,2,1,6
200600012916,0006-03-03 19:10:00,6,3,3,19,10,590,367,LEBAS (RUE JEAN BAPTISTE,,,Crépuscule ou aube,En agglomération,Intersection en X,Normale,Autre collision,,,,,,,,,,,2,2,2,1,6
200600012917,0006-03-09 18:10:00,6,3,9,18,10,590,512,EPEULE  (RUE DE L'),,,Plein jour,En agglomération,Hors intersection,Pluie légère,Autre collision,,,,,,,,,,,1,2,1,2,6
200600012918,0006-03-11 12:20:00,6,3,11,12,20,590,512,PARABOLES (AVENUE DES),,,Plein jour,En agglomération,Intersection en T,Pluie légère,Autre collision,,,,,,,,,,,1,2,3,2,6
200600012919,0006-03-12 16:00:00,6,3,12,16,0,590,650,SAPIN VERT (RUE DU),,,Plein jour,En agglomération,Hors intersection,Normale,Deux véhicules - côté,,,,,,,,,,,1,2,1,1,3
200600012920,0006-03-17 12:20:00,6,3,17,12,20,590,512,SAINT ANTOINE (RUE),,,Plein jour,En agglomération,Intersection en T,Temps couvert,Deux véhicules - frontale,,,,,,,,,,,1,2,3,8,1
200600012921,0006-03-19 12:08:00,6,3,19,12,8,590,512,LEBAS (AVENUE JEAN),,,Plein jour,En agglomération,Intersection en T,Normale,Deux véhicules - côté,,,,,,,,,,,1,2,3,1,3
200600012922,0006-03-17 15:55:00,6,3,17,15,55,590,512,MOTTE (AVENUE ALFRED),,,Plein jour,En agglomération,Hors intersection,Normale,Deux véhicules - côté,,,,,,,,,,,1,2,1,1,3
200600012923,0006-03-18 17:10:00,6,3,18,17,10,590,512,ARTS  (RUE DES),,,Plein jour,En agglomération,Hors intersection,Temps couvert,Autre collision,,,,,,,,,,,1,2,1,8,6
200600012924,0006-03-13 21:30:00,6,3,13,21,30,590,650,BEAU CHENE (RUE DU),,,Nuit avec éclairage allumé,En agglomération,Hors intersection,Normale,Deux véhicules - frontale,,,,,,,,,,,5,2,1,1,1
200600012925,0006-03-23 16:45:00,6,3,23,16,45,590,512,LAGRANGE (RUE LEO),,,Plein jour,En agglomération,Intersection en X,Normale,Deux véhicules - frontale,,,,,,,,,,,1,2,2,1,1
200600012926,0006-03-24 09:00:00,6,3,24,9,0,590,512,LYON (BOULEVARD DE),,,Plein jour,En agglomération,Hors intersection,Pluie légère,Autre collision,,,,,,,,,,,1,2,1,2,6
200600012927,0006-03-29 16:40:00,6,3,29,16,40,590,512,GAND (QUAI DE),,,Plein jour,En agglomération,Intersection en X,Normale,Autre collision,,,,,,,,,,,1,2,2,1,6