accident_id,datetime,annee,mois,jour,heure,minute,departement,commune_insee,adresse,latitude,longitude,luminosite,agglomeration,intersection,meteo,collision,nb_vehicules,nb_usagers,nb_indemnes,nb_tues,nb_blesses_hosp,nb_blesses_legers,age_cond_1,age_cond_2,veh_type_cond_1,veh_type_cond_2,lum_code,agg_code,int_code,atm_code,col_code
200600013061,0006-03-24 13:30:00,6,3,24,13,30,640,102,LOEB (AVENUE DE L'INTERN,,,Plein jour,En agglomération,Hors intersection,Normale,Deux véhicules - arrière,,,,,,,,,,,1,2,1,1,2
200600013062,0006-03-24 12:56:00,6,3,24,12,56,640,24,PLAGES (BOULEVARD DES),,,Plein jour,En agglomération,Intersection en T,Normale,Deux véhicules - frontale,,,,,,,,,,,1,2,3,1,1
200600013063,0006-03-25 16:09:00,6,3,25,16,9,640,102,"37, CORSAIRES (QUAI DES)",,,Plein jour,En agglomération,Hors intersection,Normale,Autre collision,,,,,,,,,,,1,2,1,1,6
200600013064,0006-03-31 15:03:00,6,3,31,15,3,640,24,LAPORTE (AVENUE JEAN LEO,,,Plein jour,En agglomération,Intersection en T,Normale,Deux véhicules - côté,,,,,,,,,,,1,2,3,1,3
200600013065,0006-03-31 17:04:00,6,3,31,17,4,640,102,LAHUBIAGUE (AVENUE),,,Plein jour,En agglomération,Intersection en X,Normale,Deux véhicules - côté,,,,,,,,,,,1,2,2,1,3
200600013066,0006-03-10 19:20:00,6,3,10,19,20,640,122,"., FONTAINE (RUE DE LA)",,,Nuit avec éclairage allumé,En agglomération,Hors intersection,Vent fort / tempête,Sans collision,,,,,,,,,,,5,2,1,6,7
200600013067,0006-03-12 05:45:00,6,3,12,5,45,640,122,"8, ETIENNE (AVENUE D')",,,Nuit avec éclairage allumé,En agglomération,Autre intersection,Pluie légère,Sans collision,,,,,,,,,,,5,2,9,2,7
200600013068,0006-03-12 18:35:00,6,3,12,18,35,640,122,"., LICHTENBERGER (ROND-P",,,Crépuscule ou aube,Hors agglomération,Hors intersection,Temps couvert,Sans collision,,,,,,,,,,,2,1,1,8,7
200600013069,0006-03-15 08:35:00,6,3,15,8,35,640,122,"43, ""KENNEDY (AVENUE DU",,,Plein jour,En agglomération,Hors intersection,Normale,Deux véhicules - côté,,,,,,,,,,,1,2,1,1,3
200600013070,0006-03-16 19:30:00,6,3,16,19,30,640,122,"., ""KENNEDY (AVENUE DU P",,,Crépuscule ou aube,En agglomération,Hors intersection,Normale,Sans collision,,,,,,,,,,,2,2,1,1,7
200600013071,0006-03-17 22:53:00,6,3,17,22,53,640,122,"""FOCH (AV, DU MARECHAL)""",,,Nuit avec éclairage allumé,En agglomération,Hors intersection,Normale,Autre collision,,,,,,,,,,,5,2,1,1,6
200600013072,0006-03-19 18:35:00,6,3,19,18,35,640,122,LUIS MARIANO (AVENUE- RO,,,Plein jour,En agglomération,Hors intersection,Normale,Deux véhicules - frontale,,,,,,,,,,,1,2,1,1,1
200600013073,0006-03-24 10:00:00,6,3,24,10,0,640,122,FLOQUET CHARLES (AVENUE),,,Plein jour,En agglomération,Hors intersection,Normale,Autre collision,,,,,,,,,,,1,2,1,1,6
200600013074,0006-03-25 05:35:00,6,3,25,5,35,640,122,"18, SERRANO (AVENUE)",,,Crépuscule ou aube,En agglomération,Hors intersection,Normale,Autre collision,,,,,,,,,,,2,2,1,1,6
200600013075,0006-03-28 09:55:00,6,3,28,9,55,640,122,VERDUN (AVENUE DE),,,Plein jour,En agglomération,Intersection en X,Normale,Deux véhicules - côté,,,,,,,,,,,1,2,2,1,3
200600013076,0006-03-31 07:50:00,6,3,31,7,50,640,122,"., FRANCIS JAMMES (RUE)",,,Plein jour,Hors agglomération,Hors intersection,Normale,Autre collision,,,,,,,,,,,1,1,1,1,6
200600013077,0006-03-31 07:55:00,6,3,31,7,55,640,122,"., RHUNE (RUE DE LA)",,,Plein jour,En agglomération,Intersection en T,Pluie légère,Deux véhicules - côté,,,,,,,,,,,1,2,3,2,3
200600013078,0006-03-04 12:35:00,6,3,4,12,35,640,445,LIEGE DE,,,Plein jour,En agglomération,Intersection en X,Normale,Deux véhicules - côté,,,,,,,,,,,1,2,2,1,3
200600013079,0006-03-04 07:00:00,6,3,4,7,0,640,445,"15, SERVIEZ",,,Crépuscule ou aube,En agglomération,Hors intersection,Normale,Autre collision,,,,,,,,,,,2,2,1,1,6
200600013080,0006-03-08 07:05:00,6,3,8,7,5,640,445,"63, RAUSKY",,,Crépuscule ou aube,En agglomération,Hors intersection,Pluie légère,Deux véhicules - arrière,,,,,,,,,,,2,2,1,2,2
200600013081,0006-03-11 20:00:00,6,3,11,20,0,640,445,"7, PORTET DE",,,Nuit avec éclairage allumé,En agglomération,Hors intersection,Pluie légère,Deux véhicules - arrière,,,,,,,,,,,5,2,1,2,2
200600013082,0006-03-13 19:50:00,6,3,13,19,50,640,335,"11, PLAISANCE DE",,,Nuit avec éclairage allumé,En agglomération,Hors intersection,Normale,Sans collision,,,,,,,,,,,5,2,1,1,7
200600013083,0006-03-14 13:45:00,6,3,14,13,45,640,445,"2, UNIVERSITE DE L'",,,Plein jour,En agglomération,Hors intersection,Normale,Autre collision,,,,,,,,,,,1,2,1,1,6
200600013084,0006-03-15 11:05:00,6,3,15,11,5,640,445,"31, BUROS DE",,,Plein jour,En agglomération,Hors intersection,Normale,Autre collision,,,,,,,,,,,1,2,1,1,6
200600013085,0006-03-18 14:15:00,6,3,18,14,15,640,445,"35, VINCENNES DE",,,Plein jour,En agglomération,Hors intersection,Normale,Deux véhicules - frontale,,,,,,,,,,,1,2,1,1,1
200600013086,0006-03-18 21:00:00,6,3,18,21,0,640,445,HENRI FAISANS,,,Nuit avec éclairage allumé,En agglomération,Intersection en X,Normale,Deux véhicules - côté,,,,,,,,,,,5,2,2,1,3
200600013087,0006-03-14 19:10:00,6,3,14,19,10,640,445,"66BIS, CARNOT",,,Nuit avec éclairage allumé,En agglomération,Hors intersection,Normale,Trois véhicules et plus - collisions multiples,,,,,,,,,,,5,2,1,1,5
200600013088,0006-03-22 15:50:00,6,3,22,15,50,640,445,"1, JEAN REVEIL",,,Plein jour,En agglomération,Hors intersection,Normale,Deux véhicules - arrière,,,,,,,,,,,1,2,1,1,2
200600013089,0006-03-24 09:20:00,6,3,24,9,20,640,445,"64, JEAN BIRAY",,,Plein jour,En agglomération,Hors intersection,Normale,Autre collision,,,,,,,,,,,1,2,1,1,6
200600013090,0006-03-29 21:45:00,6,3,29,21,45,640,445,JEAN MERMOZ,,,Nuit avec éclairage allumé,En agglomération,Intersection en T,Normale,Autre collision,,,,,,,,,,,5,2,3,1,6
200600013091,0006-03-28 19:30:00,6,3,28,19,30,640,445,FORET DE BASTARD,,,Plein jour,En agglomération,Hors intersection,Normale,Autre collision,,,,,,,,,,,1,2,1,1,6
200600013092,0006-03-29 16:45:00,6,3,29,16,45,640,445,", EUROPE DE L'",,,Plein jour,En agglomération,Hors intersection,Normale,Trois véhicules et plus - collisions multiples,,,,,,,,,,,1,2,1,1,5
200600013093,0006-03-28 11:20:00,6,3,28,11,20,640,445,"1, MONTILLEUL",,,Plein jour,En agglomération,Hors intersection,Normale,Deux véhicules - côté,,,,,,,,,,,1,2,1,1,3
200600013094,0006-03-08 11:05:00,6,3,8,11,5,640,545,NATIONALE 10,,,Plein jour,Hors agglomération,Hors intersection,Normale,Autre collision,,,,,,,,,,,1,1,1,1,6
200600013095,0006-03-19 15:20:00,6,3,19,15,20,640,260,CD 912,,,Plein jour,En agglomération,Hors intersection,Normale,Deux véhicules - côté,,,,,,,,,,,1,2,1,1,3
200600013096,0006-03-31 09:05:00,6,3,31,9,5,640,130,"1, ECOLES (CHEMIN DES)",,,Plein jour,En agglomération,Hors intersection,Normale,Deux véhicules - frontale,,,,,,,,,,,1,2,1,1,1
200600013097,0006-03-20 10:30:00,6,3,20,10,30,640,483,RN10,,,Plein jour,Hors agglomération,Hors intersection,Normale,Deux véhicules - arrière,,,,,,,,,,,1,1,1,1,2
200600013098,0006-03-22 20:30:00,6,3,22,20,30,640,260,"7, ERRONDENIA (RUE D')",,,Nuit avec éclairage allumé,En agglomération,Hors intersection,Normale,Deux véhicules - frontale,,,,,,,,,,,5,2,1,1,1
200600013099,0006-03-23 09:05:00,6,3,23,9,5,640,483,RN10,,,Plein jour,Hors agglomération,Hors intersection,Normale,Deux véhicules - arrière,,,,,,,,,,,1,1,1,1,2
200600013100,0006-03-24 11:45:00,6,3,24,11,45,640,483,"17, HUGO VICTOR (BOULEVA",,,Plein jour,En agglomération,Hors intersection,Normale,Autre collision,,,,,,,,,,,1,2,1,1,6
200600013101,0006-03-31 08:15:00,6,3,31,8,15,640,483,CHANTACO (AVENUE DE ),,,Plein jour,Hors agglomération,Hors intersection,Normale,Deux véhicules - côté,,,,,,,,,,,1,1,1,1,3
200600013102,0006-03-07 19:30:00,6,3,7,19,30,650,286,"12, FOCH (AVENUE MARECHA",,,Nuit avec éclairage allumé,En agglomération,Hors intersection,Pluie légère,Autre collision,,,,,,,,,,,5,2,1,2,6
200600013103,0006-03-29 17:17:00,6,3,29,17,17,650,286,"1, FOCH (AVENUE MARECHAL",,,Plein jour,En agglomération,Hors intersection,Normale,Deux véhicules - côté,,,,,,,,,,,1,2,1,1,3
200600013104,0006-03-01 15:10:00,6,3,1,15,10,650,100,"., MONTAIGU (RUE DU)",,,Plein jour,En agglomération,Hors intersection,Normale,Deux véhicules - frontale,,,,,,,,,,,1,2,1,1,1
200600013105,0006-03-01 17:50:00,6,3,1,17,50,650,47,"., MOISSON (RUE DE LA)",,,Plein jour,En agglomération,Hors intersection,Normale,Autre collision,,,,,,,,,,,1,2,1,1,6
200600013106,0006-03-01 18:40:00,6,3,1,18,40,650,417,"., REPUBLIQUE (RUE DE LA",,,Crépuscule ou aube,En agglomération,Intersection en T,Normale,Sans collision,,,,,,,,,,,2,2,3,1,7
200600013107,0006-03-02 20:00:00,6,3,2,20,0,650,440,MASSEY (RUE),,,Nuit avec éclairage allumé,En agglomération,Intersection en X,Normale,Deux véhicules - côté,,,,,,,,,,,5,2,2,1,3
200600013108,0006-03-07 10:50:00,6,3,7,10,50,650,440,CARNOT (RUE),,,Plein jour,En agglomération,Intersection en T,Temps couvert,Deux véhicules - côté,,,,,,,,,,,1,2,3,8,3
200600013109,0006-03-07 13:45:00,6,3,7,13,45,650,440,"., MERMOZ (AVENUE JEAN)",,,Plein jour,En agglomération,Intersection en X,Normale,Deux véhicules - arrière,,,,,,,,,,,1,2,2,1,2
200600013110,0006-03-08 16:35:00,6,3,8,16,35,650,440,", MARCADIEU (PLACE)",,,Plein jour,En agglomération,Intersection en Y,Normale,Deux véhicules - côté,,,,,,,,,,,1,2,4,1,3
200600013111,0006-03-13 16:55:00,6,3,13,16,55,650,47,JAURES (AVE JEAN),,,Plein jour,En agglomération,Hors intersection,Normale,Autre collision,,,,,,,,,,,1,2,1,1,6
200600013112,0006-03-14 16:15:00,6,3,14,16,15,650,440,"., PRADEAU (PROMENADE DU",,,Plein jour,En agglomération,Hors intersection,Normale,Deux véhicules - côté,,,,,,,,,,,1,2,1,1,3
200600013113,0006-03-14 16:50:00,6,3,14,16,50,650,440,"., ROND-POINT REFFYE",,,Plein jour,En agglomération,Giratoire,Normale,Deux véhicules - côté,,,,,,,,,,,1,2,6,1,3
200600013114,0006-03-16 17:35:00,6,3,16,17,35,650,331,"., LOURDES (AVENUE DE)",,,Plein jour,En agglomération,Intersection en T,Normale,Deux véhicules - frontale,,,,,,,,,,,1,2,3,1,1
200600013115,0006-03-18 13:55:00,6,3,18,13,55,650,440,"., MARCADIEU (PLACE)",,,Plein jour,En agglomération,Hors intersection,Normale,Deux véhicules - côté,,,,,,,,,,,1,2,1,1,3
200600013116,0006-03-20 08:55:00,6,3,20,8,55,650,251,RD215,,,Plein jour,Hors agglomération,Intersection en T,Normale,Deux véhicules - côté,,,,,,,,,,,1,1,3,1,3
200600013117,0006-03-20 12:10:00,6,3,20,12,10,650,440,"., MOULIN (BOULEVARD JEA",,,Plein jour,En agglomération,Intersection en X,Normale,Autre collision,,,,,,,,,,,1,2,2,1,6
200600013118,0006-03-21 08:25:00,6,3,21,8,25,650,440,"., LATTRE DE TASSIGNY(BO",,,Plein jour,En agglomération,Intersection en X,Normale,Deux véhicules - côté,,,,,,,,,,,1,2,2,1,3
200600013119,0006-03-23 13:45:00,6,3,23,13,45,650,440,"82, LASSALLE (RUE GEORGE",,,Plein jour,En agglomération,Hors intersection,Normale,Trois véhicules et plus - en chaîne,,,,,,,,,,,1,2,1,1,4
200600013120,0006-03-24 13:40:00,6,3,24,13,40,650,440,"., BRIAND (AVENUE ARISTI",,,Plein jour,En agglomération,Intersection en T,Normale,Autre collision,,,,,,,,,,,1,2,3,1,6
200600013121,0006-03-24 16:55:00,6,3,24,16,55,650,440,"3,  BARERE (AVENUE BERTR",,,Plein jour,En agglomération,Hors intersection,Normale,Deux véhicules - arrière,,,,,,,,,,,1,2,1,1,2
200600013122,0006-03-24 23:45:00,6,3,24,23,45,650,440,"26, BRIAND (AVENUE ARIST",,,Nuit avec éclairage allumé,En agglomération,Intersection en T,Pluie forte,Autre collision,,,,,,,,,,,5,2,3,3,6
200600013123,0006-03-25 12:20:00,6,3,25,12,20,650,47,"., JAURES (AVE JEAN)",,,Plein jour,En agglomération,Giratoire,Normale,Deux véhicules - arrière,,,,,,,,,,,1,2,6,1,2
200600013124,0006-03-27 02:25:00,6,3,27,2,25,650,47,"., NOVEMBRE (RUE DU XI)",,,Nuit sans éclairage public,En agglomération,Giratoire,Normale,Deux véhicules - côté,,,,,,,,,,,3,2,6,1,3
200600013125,0006-03-30 16:05:00,6,3,30,16,5,650,47,JAURES (AVE JEAN),,,Plein jour,En agglomération,Intersection en T,Normale,Deux véhicules - arrière,,,,,,,,,,,1,2,3,1,2
200600013126,0006-03-31 18:10:00,6,3,31,18,10,650,440,"., REGIMENT DE BIGORRE (",,,Plein jour,En agglomération,Intersection en T,Normale,Autre collision,,,,,,,,,,,1,2,3,1,6
200600013127,0006-03-02 21:30:00,6,3,2,21,30,660,136,ALDUY (Paul),,,Nuit avec éclairage allumé,En agglomération,Hors intersection,Normale,Deux véhicules - côté,,,,,,,,,,,5,2,1,1,3
200600013128,0006-03-06 11:33:00,6,3,6,11,33,660,136,BRIAND BOULEVARD ARISTID,,,Plein jour,En agglomération,Intersection en X,Normale,Deux véhicules - côté,,,,,,,,,,,1,2,2,1,3
200600013129,0006-03-09 15:05:00,6,3,9,15,5,660,136,MERCADER (BOULEVARD FELI,,,Plein jour,En agglomération,Hors intersection,Normale,Trois véhicules et plus - en chaîne,,,,,,,,,,,1,2,1,1,4
200600013130,0006-03-15 09:40:00,6,3,15,9,40,660,136,"137, GAUGUIN (AVENUE PAU",,,Plein jour,En agglomération,Hors intersection,Normale,Deux véhicules - côté,,,,,,,,,,,1,2,1,1,3
200600013131,0006-03-17 15:15:00,6,3,17,15,15,660,136,"31, MERCADER (BOULEVARD",,,Plein jour,En agglomération,Hors intersection,Normale,Autre collision,,,,,,,,,,,1,2,1,1,6
200600013132,0006-03-21 16:55:00,6,3,21,16,55,660,136,"63, BELFORT AVENUE DE",,,Plein jour,En agglomération,Hors intersection,Normale,Deux véhicules - frontale,,,,,,,,,,,1,2,1,1,1
200600013133,0006-03-23 13:40:00,6,3,23,13,40,660,136,"2, CLEMENCEAU (BOULEVARD",,,Plein jour,En agglomération,Hors intersection,Normale,Autre collision,,,,,,,,,,,1,2,1,1,6
200600013134,0006-03-26 10:50:00,6,3,26,10,50,660,136,ALDUY (Paul),,,Plein jour,En agglomération,Hors intersection,Normale,Deux véhicules - côté,,,,,,,,,,,1,2,1,1,3
200600013135,0006-03-25 14:00:00,6,3,25,14,0,660,136,"13, THIBAUD (JACQUES)",,,Plein jour,En agglomération,Hors intersection,Normale,Deux véhicules - frontale,,,,,,,,,,,1,2,1,1,1
200600013136,0006-03-23 09:20:00,6,3,23,9,20,660,136,"79, GILLES (AVENUE GENER",,,Plein jour,En agglomération,Hors intersection,Normale,Autre collision,,,,,,,,,,,1,2,1,1,6
200600013137,0006-03-18 16:30:00,6,3,18,16,30,660,136,"885, JULIEN PANCHOT (AVE",,,Plein jour,En agglomération,Hors intersection,Normale,Deux véhicules - arrière,,,,,,,,,,,1,2,1,1,2
200600013138,0006-03-30 23:15:00,6,3,30,23,15,660,136,"18, VALETTE (FREDERIC)",,,Nuit avec éclairage allumé,En agglomération,Hors intersection,Normale,Autre collision,,,,,,,,,,,5,2,1,1,6
200600013139,0006-03-13 21:20:00,6,3,13,21,20,670,180,"05, BICHE (RUE DE LA)",,,Nuit avec éclairage allumé,En agglomération,Hors intersection,Normale,Sans collision,,,,,,,,,,,5,2,1,1,7
200600013140,0006-03-04 10:48:00,6,3,4,10,48,670,462,CHAMP DE MARS (RUE DU),,,Plein jour,En agglomération,Intersection en T,Autre,Deux véhicules - côté,,,,,,,,,,,1,2,3,9,3
200600013141,0006-03-02 16:05:00,6,3,2,16,5,670,482,SOLEURE (RUE DE),,,Plein jour,En agglomération,Intersection en X,Normale,Deux véhicules - côté,,,,,,,,,,,1,2,2,1,3
200600013142,0006-03-03 08:00:00,6,3,3,8,0,670,482,"34, RHIN (ROUTE DU)",,,Plein jour,En agglomération,Hors intersection,Neige / grêle,Trois véhicules et plus - en chaîne,,,,,,,,,,,1,2,1,4,4
200600013143,0006-03-04 12:30:00,6,3,4,12,30,670,482,"02, MARCHE GARE (RUE DU)",,,Plein jour,En agglomération,Giratoire,Neige / grêle,Deux véhicules - côté,,,,,,,,,,,1,2,6,4,3
200600013144,0006-03-04 16:00:00,6,3,4,16,0,670,482,COLMAR (AVENUE DE),,,Plein jour,En agglomération,Intersection en T,Pluie légère,Autre collision,,,,,,,,,,,1,2,3,2,6
200600013145,0006-03-05 04:25:00,6,3,5,4,25,670,482,CHARLES FREY (QUAI),,,Nuit avec éclairage allumé,En agglomération,Hors intersection,Neige / grêle,Sans collision,,,,,,,,,,,5,2,1,4,7
200600013146,0006-03-07 13:40:00,6,3,7,13,40,670,482,"00, HERON (RUE DU)",,,Plein jour,En agglomération,Intersection en X,Normale,Deux véhicules - côté,,,,,,,,,,,1,2,2,1,3
200600013147,0006-03-08 17:56:00,6,3,8,17,56,670,482,"141, SCHIRMECK (ROUTE DE",,,Nuit avec éclairage allumé,En agglomération,Hors intersection,Pluie légère,Deux véhicules - arrière,,,,,,,,,,,5,2,1,2,2
200600013148,0006-03-09 13:45:00,6,3,9,13,45,670,447,"00, HERRENSCHMIDT (AVENU",,,Plein jour,En agglomération,Intersection en X,Pluie légère,Deux véhicules - côté,,,,,,,,,,,1,2,2,2,3
200600013149,0006-03-09 15:00:00,6,3,9,15,0,670,482,MARECHAL FOCH (RUE DU),,,Plein jour,En agglomération,Intersection en X,Pluie légère,Deux véhicules - côté,,,,,,,,,,,1,2,2,2,3
200600013150,0006-03-09 16:30:00,6,3,9,16,30,670,482,"10, ANVERS (BOULEVARD D",,,Plein jour,En agglomération,Hors intersection,Temps couvert,Trois véhicules et plus - en chaîne,,,,,,,,,,,1,2,1,8,4
200600013151,0006-03-09 22:15:00,6,3,9,22,15,670,447,"00, JEAN MONNET (RUE)",,,Nuit avec éclairage allumé,En agglomération,Hors intersection,Pluie légère,Autre collision,,,,,,,,,,,5,2,1,2,6
200600013152,0006-03-10 11:50:00,6,3,10,11,50,670,447,SAINT CHARLES (RUE),,,Plein jour,En agglomération,Hors intersection,Pluie légère,Autre collision,,,,,,,,,,,1,2,1,2,6
200600013153,0006-03-10 12:20:00,6,3,10,12,20,670,482,"267, SCHIRMECK (ROUTE DE",,,Plein jour,En agglomération,Intersection en T,Pluie légère,Deux véhicules - côté,,,,,,,,,,,1,2,3,2,3
200600013154,0006-03-10 20:25:00,6,3,10,20,25,670,218,"67, ANDRE MALRAUX (AVENU",,,Nuit avec éclairage allumé,En agglomération,Hors intersection,Pluie légère,Deux véhicules - côté,,,,,,,,,,,5,2,1,2,3
200600013155,0006-03-11 11:30:00,6,3,11,11,30,670,482,"000, RHIN NAPOLEON (RUE",,,Plein jour,Hors agglomération,Hors intersection,Temps couvert,Autre collision,,,,,,,,,,,1,1,1,8,6
200600013156,0006-03-11 14:50:00,6,3,11,14,50,670,43,GUIRBADEN (RUE DU),,,Plein jour,En agglomération,Intersection en T,Pluie légère,Deux véhicules - frontale,,,,,,,,,,,1,2,3,2,1
200600013157,0006-03-12 02:25:00,6,3,12,2,25,670,482,"160, WANTZENAU (RTE DE L",,,Nuit avec éclairage allumé,En agglomération,Hors intersection,Normale,Autre collision,,,,,,,,,,,5,2,1,1,6
200600013158,0006-03-14 14:15:00,6,3,14,14,15,670,482,"000, BERNE (RUE DE)",,,Plein jour,En agglomération,Intersection en X,Normale,Deux véhicules - côté,,,,,,,,,,,1,2,2,1,3
200600013159,0006-03-15 10:20:00,6,3,15,10,20,670,482,"00, DANUBE (PONT DU)",,,Plein jour,En agglomération,Intersection en T,Normale,Deux véhicules - frontale,,,,,,,,,,,1,2,3,1,1
200600013160,0006-03-15 11:00:00,6,3,15,11,0,670,365,"00, MICHAEL FARADAY (RUE",,,Plein jour,En agglomération,Intersection en T,Normale,Deux véhicules - côté,,,,,,,,,,,1,2,3,1,3
200600013161,0006-03-16 19:30:00,6,3,16,19,30,670,218,", LIXENBUHL (RUE)",,,Nuit avec éclairage allumé,En agglomération,Intersection en T,Normale,Deux véhicules - côté,,,,,,,,,,,5,2,3,1,3
200600013162,0006-03-17 23:10:00,6,3,17,23,10,670,482,"1, FAISAN (RUE DU)",,,Nuit avec éclairage allumé,En agglomération,Hors intersection,Normale,Sans collision,,,,,,,,,,,5,2,1,1,7
200600013163,0006-03-17 18:07:00,6,3,17,18,7,670,482,"19, NANCY (BOULEVARD DE)",,,Plein jour,En agglomération,Hors intersection,Normale,Deux véhicules - côté,,,,,,,,,,,1,2,1,1,3
200600013164,0006-03-17 23:40:00,6,3,17,23,40,670,482,"00, POLYGONE (ROUTE DU)",,,Nuit avec éclairage allumé,En agglomération,Intersection en T,Normale,Deux véhicules - côté,,,,,,,,,,,5,2,3,1,3
200600013165,0006-03-18 20:13:00,6,3,18,20,13,670,447,"0, ADELSHOFFEN (RUE D )",,,Nuit avec éclairage allumé,En agglomération,Intersection en X,Normale,Deux véhicules - côté,,,,,,,,,,,5,2,2,1,3
200600013166,0006-03-20 13:20:00,6,3,20,13,20,670,482,SCHIRMECK (ROUTE DE),,,Plein jour,En agglomération,Intersection en X,Normale,Deux véhicules - côté,,,,,,,,,,,1,2,2,1,3
200600013167,0006-03-20 14:50:00,6,3,20,14,50,670,218,INDUSTRIE (RUE DE L ),,,Plein jour,En agglomération,Intersection en T,Normale,Autre collision,,,,,,,,,,,1,2,3,1,6
200600013168,0006-03-21 05:30:00,6,3,21,5,30,670,482,"00, MARTIN SCHONGAUER (R",,,Nuit avec éclairage allumé,En agglomération,Hors intersection,Normale,Autre collision,,,,,,,,,,,5,2,1,1,6
200600013169,0006-03-22 21:40:00,6,3,22,21,40,670,482,"000, MONTAGNE VERTE (RUE",,,Nuit avec éclairage allumé,En agglomération,Intersection en X,Pluie forte,Deux véhicules - arrière,,,,,,,,,,,5,2,2,3,2
200600013170,0006-03-23 07:35:00,6,3,23,7,35,670,43,"00, OFFICIERS (RUE DES)",,,Plein jour,En agglomération,Intersection en X,Normale,Deux véhicules - côté,,,,,,,,,,,1,2,2,1,3
200600013171,0006-03-23 11:20:00,6,3,23,11,20,670,482,"11, SPIELMANN (RUE)",,,Plein jour,En agglomération,Hors intersection,Normale,Autre collision,,,,,,,,,,,1,2,1,1,6
200600013172,0006-03-23 12:10:00,6,3,23,12,10,670,447,"00, ERSTEIN (RUE D )",,,Plein jour,En agglomération,Intersection en T,Normale,Autre collision,,,,,,,,,,,1,2,3,1,6
200600013173,0006-03-25 00:50:00,6,3,25,0,50,670,447,HAUSBERGEN (ROUTE DE),,,Nuit avec éclairage allumé,En agglomération,Intersection en X,Pluie légère,Deux véhicules - côté,,,,,,,,,,,5,2,2,2,3
200600013174,0006-03-26 21:05:00,6,3,26,21,5,670,267,"00, GROETTEL (RUE)",,,Nuit avec éclairage allumé,En agglomération,Intersection en X,Normale,Deux véhicules - côté,,,,,,,,,,,5,2,2,1,3
200600013175,0006-03-27 17:00:00,6,3,27,17,0,670,482,"00, GRANDES ARCADES (RUE",,,Plein jour,En agglomération,Intersection en T,Temps couvert,Autre collision,,,,,,,,,,,1,2,3,8,6
200600013176,0006-03-28 06:55:00,6,3,28,6,55,670,218,"00, STRASBOURG (ROUTE DE",,,Crépuscule ou aube,En agglomération,Intersection en X,Normale,Trois véhicules et plus - collisions multiples,,,,,,,,,,,2,2,2,1,5
200600013177,0006-03-29 06:30:00,6,3,29,6,30,670,482,"000, MARTIN SCHONGAUER (",,,Crépuscule ou aube,En agglomération,Intersection en X,Pluie légère,Autre collision,,,,,,,,,,,2,2,2,2,6
200600013178,0006-03-30 07:35:00,6,3,30,7,35,670,482,ARISTIDE BRIAND (AVENUE),,,Plein jour,En agglomération,Intersection en T,Normale,Autre collision,,,,,,,,,,,1,2,3,1,6
200600013179,0006-03-30 16:05:00,6,3,30,16,5,670,482,CHARLES PEGUY (RUE),,,Plein jour,En agglomération,Intersection en X,Normale,Deux véhicules - côté,,,,,,,,,,,1,2,2,1,3
200600013180,0006-03-30 18:25:00,6,3,30,18,25,670,482,MONTAGNE VERTE (RUE DE L,,,Plein jour,En agglomération,Intersection à plus de 4 branches,Normale,Deux véhicules - côté,,,,,,,,,,,1,2,5,1,3
200600013181,0006-03-31 21:45:00,6,3,31,21,45,670,218,"00, ADAM ET EVE (RUE)",,,Nuit avec éclairage allumé,En agglomération,Intersection en T,Normale,Deux véhicules - côté,,,,,,,,,,,5,2,3,1,3
200600013182,0006-03-03 18:55:00,6,3,3,18,55,680,66,"13, SCHUMANN (RUE)",,,Nuit avec éclairage allumé,En agglomération,Intersection en X,Pluie forte,Autre collision,,,,,,,,,,,5,2,2,3,6
200600013183,0006-03-07 16:25:00,6,3,7,16,25,680,66,"14, GRILLENBREIT (RUE DU",,,Plein jour,En agglomération,Intersection en X,Normale,Deux véhicules - côté,,,,,,,,,,,1,2,2,1,3
200600013184,0006-03-19 12:50:00,6,3,19,12,50,680,66,INGERSHEIM (ROUTE D'),,,Plein jour,En agglomération,Intersection en Y,Normale,Deux véhicules - côté,,,,,,,,,,,1,2,4,1,3
200600013185,0006-03-16 21:00:00,6,3,16,21,0,680,66,"04, PRAGUE (RUE DE)",,,Crépuscule ou aube,En agglomération,Hors intersection,Normale,Deux véhicules - côté,,,,,,,,,,,2,2,1,1,3
200600013186,0006-03-27 15:45:00,6,3,27,15,45,680,66,LADHOF (RUE DU),,,Plein jour,En agglomération,Intersection à plus de 4 branches,Normale,Autre collision,,,,,,,,,,,1,2,5,1,6
200600013187,0006-03-01 14:55:00,6,3,1,14,55,680,224,"1, HIRTZBACH (RUE DE)",,,Plein jour,En agglomération,Intersection en T,Normale,Autre collision,,,,,,,,,,,1,2,3,1,6
200600013188,0006-03-29 17:24:00,6,3,29,17,24,680,224,"45, LEFEBVRE (RUE)",,,Plein jour,En agglomération,Intersection en X,Normale,Deux véhicules - côté,,,,,,,,,,,1,2,2,1,3
200600013189,0006-03-31 23:15:00,6,3,31,23,15,680,224,"54, QUIMPER (RUE DE)",,,Nuit avec éclairage allumé,En agglomération,Intersection en T,Normale,Deux véhicules - côté,,,,,,,,,,,5,2,3,1,3
200600013190,0006-03-29 22:45:00,6,3,29,22,45,680,256,"16, KINGERSHEIM (RUE DE)",,,Nuit avec éclairage allumé,En agglomération,Intersection en T,Normale,Autre collision,,,,,,,,,,,5,2,3,1,6
200600013191,0006-03-18 17:30:00,6,3,18,17,30,680,56,"24, ALTKIRCH (AVENUE D')",,,Plein jour,En agglomération,Intersection en T,Normale,Deux véhicules - côté,,,,,,,,,,,1,2,3,1,3