accident_id,datetime,annee,mois,jour,heure,minute,departement,commune_insee,adresse,latitude,longitude,luminosite,agglomeration,intersection,meteo,collision,nb_vehicules,nb_usagers,nb_indemnes,nb_tues,nb_blesses_hosp,nb_blesses_legers,age_cond_1,age_cond_2,veh_type_cond_1,veh_type_cond_2,lum_code,agg_code,int_code,atm_code,col_code
200600013324,0006-03-01 09:45:00,6,3,1,9,45,750,19,R D AUBERVILLIERS BD DE,,,Plein jour,En agglomération,Intersection en X,Neige / grêle,Deux véhicules - côté,,,,,,,,,,,1,2,2,4,3
200600013325,0006-03-01 12:30:00,6,3,1,12,30,750,3,R DES ARQUEBUSIERS BD BE,,,Plein jour,En agglomération,Intersection en T,Normale,Trois véhicules et plus - collisions multiples,,,,,,,,,,,1,2,3,1,5
200600013326,0006-03-01 10:05:00,6,3,1,10,5,750,5,R CARDINAL LEMOINE BD SA,,,Plein jour,En agglomération,Intersection en X,Normale,Deux véhicules - côté,,,,,,,,,,,1,2,2,1,3
200600013327,0006-03-01 11:05:00,6,3,1,11,5,750,6,42 R DE VAUGIRARD,,,Plein jour,En agglomération,Hors intersection,Normale,Sans collision,,,,,,,,,,,1,2,1,1,7
200600013328,0006-03-01 08:35:00,6,3,1,8,35,750,6,Q DE CONTI PL DE L INSTI,,,Plein jour,En agglomération,Intersection en X,Pluie légère,Trois véhicules et plus - en chaîne,,,,,,,,,,,1,2,2,2,4
200600013329,0006-03-01 13:23:00,6,3,1,13,23,750,8,R BOISSY D ANGLAS  BD MA,,,Plein jour,En agglomération,Intersection en T,Normale,Sans collision,,,,,,,,,,,1,2,3,1,7
200600013330,0006-03-01 16:10:00,6,3,1,16,10,750,10,R BOSSUET R LA FAYETTE,,,Plein jour,En agglomération,Intersection en Y,Pluie légère,Sans collision,,,,,,,,,,,1,2,4,2,7
200600013331,0006-03-01 16:00:00,6,3,1,16,0,750,11,52 R DE LA ROQUETTE,,,Plein jour,En agglomération,Hors intersection,Neige / grêle,Deux véhicules - côté,,,,,,,,,,,1,2,1,4,3
200600013332,0006-03-01 15:05:00,6,3,1,15,5,750,12,254 R DE CHARENTON,,,Plein jour,En agglomération,Hors intersection,Normale,Deux véhicules - côté,,,,,,,,,,,1,2,1,1,3
200600013333,0006-03-15 22:15:00,6,3,15,22,15,750,17,38 BD DE COURCELLES,,,Nuit avec éclairage allumé,En agglomération,Hors intersection,Normale,Trois véhicules et plus - collisions multiples,,,,,,,,,,,5,2,1,1,5
200600013334,0006-03-16 08:15:00,6,3,16,8,15,750,9,R DE ROCHECHOUART AV TRU,,,Plein jour,En agglomération,Intersection en T,Normale,Autre collision,,,,,,,,,,,1,2,3,1,6
200600013335,0006-03-16 08:45:00,6,3,16,8,45,750,20,R D AVRON R DES PYRENEES,,,Plein jour,En agglomération,Intersection en X,Normale,Trois véhicules et plus - en chaîne,,,,,,,,,,,1,2,2,1,4
200600013336,0006-03-17 07:10:00,6,3,17,7,10,750,16,BD FLANDRIN PL TATTEGRAI,,,Plein jour,En agglomération,Intersection en T,Normale,Autre collision,,,,,,,,,,,1,2,3,1,6
200600013337,0006-03-01 16:00:00,6,3,1,16,0,750,19,ECH PANTIN,,,Plein jour,En agglomération,Hors intersection,Normale,Sans collision,,,,,,,,,,,1,2,1,1,7
200600013338,0006-03-01 07:20:00,6,3,1,7,20,750,17,BPI CLICHY SAINT OUEN,,,Crépuscule ou aube,En agglomération,Hors intersection,Neige / grêle,Trois véhicules et plus - en chaîne,,,,,,,,,,,2,2,1,4,4
200600013339,0006-03-01 09:45:00,6,3,1,9,45,750,10,R DU FG DU TEMPLE   AV P,,,Plein jour,En agglomération,Intersection en X,Normale,Autre collision,,,,,,,,,,,1,2,2,1,6
200600013340,0006-03-01 08:15:00,6,3,1,8,15,750,12,L6620 AV DE NOGENT,,,Plein jour,En agglomération,Hors intersection,Temps couvert,Autre collision,,,,,,,,,,,1,2,1,8,6
200600013341,0006-03-01 12:55:00,6,3,1,12,55,750,12,R FG SAINT ANTOINE R DE,,,Plein jour,En agglomération,Intersection en X,Normale,Deux véhicules - côté,,,,,,,,,,,1,2,2,1,3
200600013342,0006-03-01 08:40:00,6,3,1,8,40,750,12,80 R DE PICPUS,,,Plein jour,En agglomération,Hors intersection,Normale,Autre collision,,,,,,,,,,,1,2,1,1,6
200600013343,0006-03-01 21:45:00,6,3,1,21,45,750,13,R DUMERIL BD DE L HOPITA,,,Nuit avec éclairage allumé,En agglomération,Intersection en Y,Normale,Deux véhicules - côté,,,,,,,,,,,5,2,4,1,3
200600013344,0006-03-01 20:30:00,6,3,1,20,30,750,15,R ENTREPRENEURS PL VIOLE,,,Nuit avec éclairage allumé,En agglomération,Intersection en X,Normale,Deux véhicules - côté,,,,,,,,,,,5,2,2,1,3
200600013345,0006-03-01 09:55:00,6,3,1,9,55,750,15,R DE LA CONVENTION R DE,,,Plein jour,En agglomération,Intersection en X,Normale,Autre collision,,,,,,,,,,,1,2,2,1,6
200600013346,0006-03-01 14:45:00,6,3,1,14,45,750,17,BD DES BATIGNOLLES R DES,,,Plein jour,En agglomération,Intersection en Y,Normale,Deux véhicules - arrière,,,,,,,,,,,1,2,4,1,2
200600013347,0006-03-01 15:45:00,6,3,1,15,45,750,19,Q DE L OISE R DE L OISE,,,Plein jour,En agglomération,Intersection en Y,Normale,Deux véhicules - côté,,,,,,,,,,,1,2,4,1,3
200600013348,0006-03-01 13:20:00,6,3,1,13,20,750,20,R ERNEST LEFEVRE AV GAMB,,,Plein jour,En agglomération,Intersection en Y,Normale,Deux véhicules - côté,,,,,,,,,,,1,2,4,1,3
200600013349,0006-03-01 10:23:00,6,3,1,10,23,750,20,ECH VINCENNES AV PTE DE,,,Plein jour,En agglomération,Intersection en T,Temps couvert,Deux véhicules - côté,,,,,,,,,,,1,2,3,8,3
200600013350,0006-03-01 19:25:00,6,3,1,19,25,750,20,AV PTE DE MONTREUIL AV P,,,Crépuscule ou aube,En agglomération,Intersection en X,Normale,Deux véhicules - côté,,,,,,,,,,,2,2,2,1,3
200600013351,0006-03-02 17:00:00,6,3,2,17,0,750,12,BD DIDEROT R DE REUILLY,,,Plein jour,En agglomération,Intersection en X,Normale,Autre collision,,,,,,,,,,,1,2,2,1,6
200600013352,0006-03-02 15:17:00,6,3,2,15,17,750,4,R BUDE Q D ORLEANS,,,Plein jour,En agglomération,Intersection en T,Normale,Autre collision,,,,,,,,,,,1,2,3,1,6
200600013353,0006-03-02 12:45:00,6,3,2,12,45,750,7,62 AV BOSQUET,,,Plein jour,En agglomération,Hors intersection,Normale,Deux véhicules - arrière,,,,,,,,,,,1,2,1,1,2
200600013354,0006-03-02 10:10:00,6,3,2,10,10,750,8,176 BD HAUSSMANN,,,Plein jour,En agglomération,Hors intersection,Normale,Autre collision,,,,,,,,,,,1,2,1,1,6
200600013355,0006-03-02 07:20:00,6,3,2,7,20,750,8,PL DE LA CONCORDE PT DE,,,Plein jour,En agglomération,Intersection en T,Normale,Deux véhicules - côté,,,,,,,,,,,1,2,3,1,3
200600013356,0006-03-02 09:05:00,6,3,2,9,5,750,12,L6623 AV DE NOGENT,,,Plein jour,En agglomération,Hors intersection,Normale,Autre collision,,,,,,,,,,,1,2,1,1,6
200600013357,0006-03-02 18:35:00,6,3,2,18,35,750,13,R DU BANQUIER AV DES GOB,,,Nuit avec éclairage allumé,En agglomération,Intersection en T,Normale,Autre collision,,,,,,,,,,,5,2,3,1,6
200600013358,0006-03-02 22:15:00,6,3,2,22,15,750,13,AV DES GOBELINS BD SAINT,,,Nuit avec éclairage allumé,En agglomération,Intersection en X,Pluie légère,Sans collision,,,,,,,,,,,5,2,2,2,7
200600013359,0006-03-02 07:35:00,6,3,2,7,35,750,13,BD DE L HOPITAL PL D ITA,,,Plein jour,En agglomération,Intersection en T,Normale,Sans collision,,,,,,,,,,,1,2,3,1,7
200600013360,0006-03-02 23:10:00,6,3,2,23,10,750,14,PL DU 25 AOUT 1944 AV PA,,,Nuit avec éclairage allumé,En agglomération,Intersection en T,Pluie légère,Deux véhicules - côté,,,,,,,,,,,5,2,3,2,3
200600013361,0006-03-02 10:00:00,6,3,2,10,0,750,15,R DE LA CONVENTION R DE,,,Plein jour,En agglomération,Intersection en T,Normale,Autre collision,,,,,,,,,,,1,2,3,1,6
200600013362,0006-03-02 16:25:00,6,3,2,16,25,750,15,R DE LA CONVENTION R LEC,,,Plein jour,En agglomération,Intersection en X,Normale,Autre collision,,,,,,,,,,,1,2,2,1,6
200600013363,0006-03-02 15:10:00,6,3,2,15,10,750,16,190 AV DE VERSAILLES,,,Plein jour,En agglomération,Hors intersection,Normale,Deux véhicules - côté,,,,,,,,,,,1,2,1,1,3
200600013364,0006-03-17 15:50:00,6,3,17,15,50,750,20,PL PTE DE MONTREUIL AV P,,,Plein jour,En agglomération,Intersection en T,Normale,Deux véhicules - arrière,,,,,,,,,,,1,2,3,1,2
200600013365,0006-03-18 04:08:00,6,3,18,4,8,750,8,AV CHAMPS ELYSEES R DE P,,,Nuit avec éclairage allumé,En agglomération,Intersection en X,Normale,Autre collision,,,,,,,,,,,5,2,2,1,6
200600013366,0006-03-18 13:10:00,6,3,18,13,10,750,19,BPE PRE SAINT GERVAIS PA,,,Plein jour,En agglomération,Hors intersection,Normale,Autre collision,,,,,,,,,,,1,2,1,1,6
200600013367,0006-03-04 12:40:00,6,3,4,12,40,750,6,R GARANCIERE R DE VAUGIR,,,Plein jour,En agglomération,Intersection en X,Normale,Autre collision,,,,,,,,,,,1,2,2,1,6
200600013368,0006-03-03 13:50:00,6,3,3,13,50,750,7,BD DES INVALIDES R DE SE,,,Plein jour,En agglomération,Intersection en T,Pluie légère,Deux véhicules - côté,,,,,,,,,,,1,2,3,2,3
200600013369,0006-03-03 13:45:00,6,3,3,13,45,750,7,R DE POITIERS R DE L UNI,,,Plein jour,En agglomération,Intersection en T,Pluie légère,Deux véhicules - côté,,,,,,,,,,,1,2,3,2,3
200600013370,0006-03-03 11:00:00,6,3,3,11,0,750,8,PL GABRIEL PERI R DE ROM,,,Plein jour,En agglomération,Intersection en X,Pluie légère,Deux véhicules - côté,,,,,,,,,,,1,2,2,2,3
200600013371,0006-03-03 13:05:00,6,3,3,13,5,750,8,18 BD MALESHERBES,,,Plein jour,En agglomération,Hors intersection,Pluie légère,Deux véhicules - arrière,,,,,,,,,,,1,2,1,2,2
200600013372,0006-03-03 03:20:00,6,3,3,3,20,750,8,PL DE LA CONCORDE R ROYA,,,Nuit avec éclairage allumé,En agglomération,Intersection en T,Pluie légère,Autre collision,,,,,,,,,,,5,2,3,2,6
200600013373,0006-03-03 10:40:00,6,3,3,10,40,750,10,41 BD DE LA CHAPELLE,,,Plein jour,En agglomération,Hors intersection,Pluie légère,Sans collision,,,,,,,,,,,1,2,1,2,7
200600013374,0006-03-03 21:12:00,6,3,3,21,12,750,10,R CHATEAU LANDON R LA FA,,,Nuit avec éclairage allumé,En agglomération,Intersection en X,Normale,Deux véhicules - côté,,,,,,,,,,,5,2,2,1,3
200600013375,0006-03-03 07:55:00,6,3,3,7,55,750,11,38 AV DE LA REPUBLIQUE,,,Plein jour,En agglomération,Hors intersection,Pluie légère,Autre collision,,,,,,,,,,,1,2,1,2,6
200600013376,0006-03-03 07:15:00,6,3,3,7,15,750,11,102 R OBERKAMPF,,,Plein jour,En agglomération,Hors intersection,Pluie légère,Deux véhicules - côté,,,,,,,,,,,1,2,1,2,3
200600013377,0006-03-03 11:25:00,6,3,3,11,25,750,11,R RAMPON BD VOLTAIRE,,,Plein jour,En agglomération,Intersection en T,Pluie légère,Deux véhicules - côté,,,,,,,,,,,1,2,3,2,3
200600013378,0006-03-03 19:40:00,6,3,3,19,40,750,14,AV PORTE D ORLEANS PL DU,,,Nuit avec éclairage allumé,En agglomération,Intersection en T,Temps couvert,Autre collision,,,,,,,,,,,5,2,3,8,6
200600013379,0006-03-03 01:00:00,6,3,3,1,0,750,15,108 R LECOURBE,,,Nuit avec éclairage allumé,En agglomération,Hors intersection,Pluie légère,Deux véhicules - arrière,,,,,,,,,,,5,2,1,2,2
200600013380,0006-03-03 13:15:00,6,3,3,13,15,750,15,R ABBE GROULT R BLOMET,,,Plein jour,En agglomération,Intersection en X,Pluie légère,Deux véhicules - côté,,,,,,,,,,,1,2,2,2,3
200600013381,0006-03-03 10:55:00,6,3,3,10,55,750,15,7 BD DE GRENELLE,,,Plein jour,En agglomération,Hors intersection,Pluie légère,Autre collision,,,,,,,,,,,1,2,1,2,6
200600013382,0006-03-03 14:15:00,6,3,3,14,15,750,16,BD MURAT PL PTE DE ST CL,,,Plein jour,En agglomération,Intersection en T,Pluie légère,Sans collision,,,,,,,,,,,1,2,3,2,7
200600013383,0006-03-03 11:50:00,6,3,3,11,50,750,17,PL DU BRESIL AV DE VILLI,,,Plein jour,En agglomération,Intersection en T,Pluie légère,Autre collision,,,,,,,,,,,1,2,3,2,6
200600013384,0006-03-03 10:00:00,6,3,3,10,0,750,17,AV DE CLICHY R LECHAPELA,,,Plein jour,En agglomération,Intersection en T,Pluie légère,Deux véhicules - côté,,,,,,,,,,,1,2,3,2,3
200600013385,0006-03-04 19:25:00,6,3,4,19,25,750,19,L8191 PL PORTE DE PANTIN,,,Nuit avec éclairage allumé,En agglomération,Hors intersection,Normale,Deux véhicules - côté,,,,,,,,,,,5,2,1,1,3
200600013386,0006-03-04 00:30:00,6,3,4,0,30,750,2,BD BONNE NOUVELLE R POIS,,,Nuit avec éclairage allumé,En agglomération,Intersection en T,Normale,Deux véhicules - côté,,,,,,,,,,,5,2,3,1,3
200600013387,0006-03-04 19:50:00,6,3,4,19,50,750,7,R DUPONT DES LOGES AV RA,,,Nuit avec éclairage allumé,En agglomération,Intersection en Y,Normale,Autre collision,,,,,,,,,,,5,2,4,1,6
200600013388,0006-03-04 23:04:00,6,3,4,23,4,750,15,R DANTZIG BD LEFEBVRE,,,Nuit avec éclairage allumé,En agglomération,Intersection en X,Normale,Deux véhicules - côté,,,,,,,,,,,5,2,2,1,3
200600013389,0006-03-04 12:50:00,6,3,4,12,50,750,15,R DE LA CONVENTION R SAI,,,Plein jour,En agglomération,Intersection en X,Normale,Autre collision,,,,,,,,,,,1,2,2,1,6
200600013390,0006-03-04 20:12:00,6,3,4,20,12,750,17,2 PL PORTE MAILLOT,,,Nuit avec éclairage allumé,En agglomération,Hors intersection,Normale,Deux véhicules - côté,,,,,,,,,,,5,2,1,1,3
200600013391,0006-03-04 20:00:00,6,3,4,20,0,750,18,BD NEY R DU POTEAU,,,Nuit avec éclairage allumé,En agglomération,Intersection en X,Normale,Autre collision,,,,,,,,,,,5,2,2,1,6
200600013392,0006-03-03 16:50:00,6,3,3,16,50,750,18,8 R JEAN FRANCOIS LEPINE,,,Plein jour,En agglomération,Hors intersection,Normale,Autre collision,,,,,,,,,,,1,2,1,1,6
200600013393,0006-03-05 15:50:00,6,3,5,15,50,750,17,56 AV DE CLICHY,,,Plein jour,En agglomération,Hors intersection,Temps couvert,Sans collision,,,,,,,,,,,1,2,1,8,7
200600013394,0006-03-05 02:05:00,6,3,5,2,5,750,17,BD PEREIRE R DE TOCQUEVI,,,Nuit avec éclairage allumé,En agglomération,Intersection en X,Normale,Deux véhicules - côté,,,,,,,,,,,5,2,2,1,3
200600013395,0006-03-05 03:50:00,6,3,5,3,50,750,18,1 AV PORTE DE CLIGNANCOU,,,Nuit avec éclairage allumé,En agglomération,Hors intersection,Normale,Autre collision,,,,,,,,,,,5,2,1,1,6
200600013396,0006-03-05 17:55:00,6,3,5,17,55,750,8,CRS LA REINE AV WINSTON,,,Plein jour,En agglomération,Intersection en X,Normale,Deux véhicules - côté,,,,,,,,,,,1,2,2,1,3
200600013397,0006-03-05 01:30:00,6,3,5,1,30,750,14,BD BRUNE PL PORTE DE VAN,,,Nuit avec éclairage allumé,En agglomération,Intersection en X,Normale,Deux véhicules - arrière,,,,,,,,,,,5,2,2,1,2
200600013398,0006-03-05 01:53:00,6,3,5,1,53,750,3,20 BD SAINT MARTIN,,,Nuit avec éclairage allumé,En agglomération,Hors intersection,Normale,Sans collision,,,,,,,,,,,5,2,1,1,7
200600013399,0006-03-05 20:00:00,6,3,5,20,0,750,8,PL CH DE GAULLE AV MARCE,,,Nuit avec éclairage allumé,En agglomération,Intersection en T,Normale,Deux véhicules - côté,,,,,,,,,,,5,2,3,1,3
200600013400,0006-03-05 19:55:00,6,3,5,19,55,750,2,R DE GRAMONT R DU QUATRE,,,Nuit avec éclairage allumé,En agglomération,Intersection en X,Normale,Deux véhicules - côté,,,,,,,,,,,5,2,2,1,3
200600013401,0006-03-05 15:45:00,6,3,5,15,45,750,19,R DE JOINVILLE R JOMARD,,,Plein jour,En agglomération,Intersection en T,Normale,Autre collision,,,,,,,,,,,1,2,3,1,6
200600013402,0006-03-20 13:35:00,6,3,20,13,35,750,5,R DE PONTOISE BD SAINT G,,,Plein jour,En agglomération,Intersection en X,Normale,Deux véhicules - arrière,,,,,,,,,,,1,2,2,1,2
200600013403,0006-03-05 17:20:00,6,3,5,17,20,750,10,8 R DIEU,,,Plein jour,En agglomération,Hors intersection,Normale,Deux véhicules - arrière,,,,,,,,,,,1,2,1,1,2
200600013404,0006-03-06 13:10:00,6,3,6,13,10,750,16,L7131 ALL REINE MARGUERI,,,Plein jour,En agglomération,Hors intersection,Normale,Autre collision,,,,,,,,,,,1,2,1,1,6
200600013405,0006-03-06 16:59:00,6,3,6,16,59,750,4,R DES ARCHIVES R DES BLA,,,Plein jour,En agglomération,Intersection en X,Normale,Autre collision,,,,,,,,,,,1,2,2,1,6
200600013406,0006-03-06 21:05:00,6,3,6,21,5,750,17,R CARDINET BD PEREIRE,,,Nuit avec éclairage allumé,En agglomération,Intersection à plus de 4 branches,Normale,Autre collision,,,,,,,,,,,5,2,5,1,6
200600013407,0006-03-06 14:55:00,6,3,6,14,55,750,10,BD DE MAGENTA BD DE STRA,,,Plein jour,En agglomération,Intersection en X,Normale,Autre collision,,,,,,,,,,,1,2,2,1,6
200600013408,0006-03-06 09:20:00,6,3,6,9,20,750,10,R FG SAINT MARTIN AV DE,,,Plein jour,En agglomération,Intersection en Y,Normale,Deux véhicules - côté,,,,,,,,,,,1,2,4,1,3
200600013409,0006-03-20 15:06:00,6,3,20,15,6,750,16,AV FOCH R DE PRESBOURG,,,Plein jour,En agglomération,Intersection en X,Temps couvert,Deux véhicules - côté,,,,,,,,,,,1,2,2,8,3
200600013410,0006-03-02 11:45:00,6,3,2,11,45,750,13,L2849 PT D AUSTERLITZ,,,Plein jour,En agglomération,Hors intersection,Normale,Autre collision,,,,,,,,,,,1,2,1,1,6
200600013411,0006-03-03 15:35:00,6,3,3,15,35,750,17,AV PAUL ADAM PL PAUL LEA,,,Plein jour,En agglomération,Intersection en T,Temps couvert,Autre collision,,,,,,,,,,,1,2,3,8,6
200600013412,0006-03-05 18:15:00,6,3,5,18,15,750,5,R SOUFFLOT R VICTOR COUS,,,Plein jour,En agglomération,Intersection en X,Normale,Deux véhicules - côté,,,,,,,,,,,1,2,2,1,3
200600013413,0006-03-05 15:35:00,6,3,5,15,35,750,12,AV BEL AIR PL DE LA NATI,,,Plein jour,En agglomération,Intersection en T,Normale,Deux véhicules - côté,,,,,,,,,,,1,2,3,1,3
200600013414,0006-03-06 12:35:00,6,3,6,12,35,750,19,R JACQUES DUCHESNE BD MA,,,Plein jour,En agglomération,Intersection en T,Temps couvert,Autre collision,,,,,,,,,,,1,2,3,8,6
200600013415,0006-03-06 23:30:00,6,3,6,23,30,750,19,24 AV JEAN JAURES,,,Nuit avec éclairage allumé,En agglomération,Hors intersection,Normale,Deux véhicules - côté,,,,,,,,,,,5,2,1,1,3
200600013416,0006-03-06 16:55:00,6,3,6,16,55,750,12,Q DE BERCY,,,Plein jour,En agglomération,Hors intersection,Normale,Deux véhicules - côté,,,,,,,,,,,1,2,1,1,3
200600013417,0006-03-06 09:55:00,6,3,6,9,55,750,6,R ECOLE MEDECINE BD SAIN,,,Plein jour,En agglomération,Intersection en T,Normale,Autre collision,,,,,,,,,,,1,2,3,1,6
200600013418,0006-03-06 13:45:00,6,3,6,13,45,750,6,R D ASSAS R DE VAUGIRARD,,,Plein jour,En agglomération,Intersection en X,Normale,Autre collision,,,,,,,,,,,1,2,2,1,6
200600013419,0006-03-06 02:50:00,6,3,6,2,50,750,12,L12073 Q DE LA RAPEE,,,Nuit avec éclairage allumé,En agglomération,Hors intersection,Normale,Sans collision,,,,,,,,,,,5,2,1,1,7
200600013420,0006-03-06 12:05:00,6,3,6,12,5,750,13,152 AV D ITALIE,,,Plein jour,En agglomération,Hors intersection,Temps couvert,Autre collision,,,,,,,,,,,1,2,1,8,6
200600013421,0006-03-06 23:20:00,6,3,6,23,20,750,12,R DE REUILLY R SERGENT B,,,Nuit avec éclairage allumé,En agglomération,Intersection en T,Normale,Autre collision,,,,,,,,,,,5,2,3,1,6
200600013422,0006-03-06 17:25:00,6,3,6,17,25,750,20,130 AV GAMBETTA,,,Plein jour,En agglomération,Hors intersection,Normale,Deux véhicules - côté,,,,,,,,,,,1,2,1,1,3
200600013423,0006-03-06 18:15:00,6,3,6,18,15,750,20,30 CRS DE VINCENNES,,,Plein jour,En agglomération,Hors intersection,Normale,Deux véhicules - arrière,,,,,,,,,,,1,2,1,1,2
200600013424,0006-03-06 11:30:00,6,3,6,11,30,750,20,28 R DE LA DHUIS,,,Plein jour,En agglomération,Hors intersection,Pluie légère,Autre collision,,,,,,,,,,,1,2,1,2,6
200600013425,0006-03-06 10:00:00,6,3,6,10,0,750,20,136 AV GAMBETTA,,,Plein jour,En agglomération,Hors intersection,Temps couvert,Sans collision,,,,,,,,,,,1,2,1,8,7
200600013426,0006-03-06 12:00:00,6,3,6,12,0,750,20,R DUPONT DE L EURE R ORF,,,Plein jour,En agglomération,Intersection en X,Pluie légère,Autre collision,,,,,,,,,,,1,2,2,2,6
200600013427,0006-03-07 14:30:00,6,3,7,14,30,750,11,110 AV DE LA REPUBLIQUE,,,Plein jour,En agglomération,Hors intersection,Normale,Autre collision,,,,,,,,,,,1,2,1,1,6
200600013428,0006-03-07 16:20:00,6,3,7,16,20,750,11,112 AV DE LA REPUBLIQUE,,,Plein jour,En agglomération,Hors intersection,Pluie légère,Deux véhicules - arrière,,,,,,,,,,,1,2,1,2,2
200600013429,0006-03-07 17:20:00,6,3,7,17,20,750,14,R HENRI REGNAULT R TOMBE,,,Plein jour,En agglomération,Intersection en X,Pluie légère,Deux véhicules - côté,,,,,,,,,,,1,2,2,2,3
200600013430,0006-03-07 19:10:00,6,3,7,19,10,750,14,L2867 BD ROMAIN ROLLAND,,,Nuit avec éclairage allumé,En agglomération,Hors intersection,Pluie légère,Deux véhicules - côté,,,,,,,,,,,5,2,1,2,3
200600013431,0006-03-07 09:20:00,6,3,7,9,20,750,1,SOU DES HALLES,,,Plein jour,En agglomération,Hors intersection,Temps couvert,Deux véhicules - côté,,,,,,,,,,,1,2,1,8,3
200600013432,0006-03-07 21:30:00,6,3,7,21,30,750,20,BD MORTIER AV PORTE DES,,,Nuit avec éclairage allumé,En agglomération,Intersection en X,Pluie légère,Autre collision,,,,,,,,,,,5,2,2,2,6
200600013433,0006-03-07 15:50:00,6,3,7,15,50,750,1,AV GEN LEMONNIER Q DES T,,,Plein jour,En agglomération,Intersection en T,Pluie légère,Deux véhicules - arrière,,,,,,,,,,,1,2,3,2,2
200600013434,0006-03-07 13:20:00,6,3,7,13,20,750,6,42 R D ASSAS,,,Plein jour,En agglomération,Hors intersection,Normale,Autre collision,,,,,,,,,,,1,2,1,1,6
200600013435,0006-03-07 17:43:00,6,3,7,17,43,750,4,Q HENRI IV PT SULLY,,,Plein jour,En agglomération,Intersection en X,Pluie légère,Deux véhicules - arrière,,,,,,,,,,,1,2,2,2,2
200600013436,0006-03-07 20:15:00,6,3,7,20,15,750,5,BD SAINT MICHEL R DU VAL,,,Nuit avec éclairage allumé,En agglomération,Intersection en T,Pluie légère,Autre collision,,,,,,,,,,,5,2,3,2,6
200600013437,0006-03-07 08:00:00,6,3,7,8,0,750,6,R HUYSMANS BD RASPAIL,,,Plein jour,En agglomération,Intersection en X,Normale,Deux véhicules - côté,,,,,,,,,,,1,2,2,1,3
200600013438,0006-03-21 14:12:00,6,3,21,14,12,750,1,PT NEUF Q DES ORFREVRES,,,Plein jour,En agglomération,Intersection en T,Normale,Deux véhicules - côté,,,,,,,,,,,1,2,3,1,3
200600013439,0006-03-07 17:10:00,6,3,7,17,10,750,8,L9658 AV WINSTON CHURCHI,,,Plein jour,En agglomération,Hors intersection,Pluie légère,Deux véhicules - côté,,,,,,,,,,,1,2,1,2,3
200600013440,0006-03-07 11:15:00,6,3,7,11,15,750,8,R LA PEPINIERE PL SAINT,,,Plein jour,En agglomération,Intersection en X,Normale,Deux véhicules - côté,,,,,,,,,,,1,2,2,1,3
200600013441,0006-03-07 15:15:00,6,3,7,15,15,750,16,5 AV PRESIDENT WILSON,,,Plein jour,En agglomération,Hors intersection,Pluie légère,Trois véhicules et plus - en chaîne,,,,,,,,,,,1,2,1,2,4
200600013442,0006-03-07 15:30:00,6,3,7,15,30,750,16,26 R RAFFET,,,Plein jour,En agglomération,Hors intersection,Pluie légère,Autre collision,,,,,,,,,,,1,2,1,2,6
200600013443,0006-03-07 17:45:00,6,3,7,17,45,750,16,AV BUGEAUD AV FOCH,,,Plein jour,En agglomération,Intersection en Y,Pluie légère,Deux véhicules - côté,,,,,,,,,,,1,2,4,2,3
200600013444,0006-03-07 22:45:00,6,3,7,22,45,750,16,AV FOCH AV RAYMOND POINC,,,Nuit avec éclairage allumé,En agglomération,Intersection en X,Pluie légère,Autre collision,,,,,,,,,,,5,2,2,2,6
200600013445,0006-03-07 14:55:00,6,3,7,14,55,750,17,6 AV DES TERNES,,,Plein jour,En agglomération,Hors intersection,Pluie légère,Deux véhicules - côté,,,,,,,,,,,1,2,1,2,3
200600013446,0006-03-21 17:00:00,6,3,21,17,0,750,16,BPE AUTEUIL MOLITOR,,,Plein jour,En agglomération,Hors intersection,Normale,Deux véhicules - côté,,,,,,,,,,,1,2,1,1,3
200600013447,0006-03-07 13:30:00,6,3,7,13,30,750,18,120 R D AUBERVILLIERS,,,Plein jour,En agglomération,Hors intersection,Normale,Deux véhicules - côté,,,,,,,,,,,1,2,1,1,3
200600013448,0006-03-07 16:00:00,6,3,7,16,0,750,19,23 Q DE L OISE,,,Plein jour,En agglomération,Hors intersection,Pluie légère,Sans collision,,,,,,,,,,,1,2,1,2,7
200600013449,0006-03-07 18:30:00,6,3,7,18,30,750,20,R DES AMANDIERS R DES PA,,,Crépuscule ou aube,En agglomération,Intersection en X,Pluie légère,Autre collision,,,,,,,,,,,2,2,2,2,6
200600013450,0006-03-08 11:00:00,6,3,8,11,0,750,2,R DE LA BANQUE PL DE LA,,,Plein jour,En agglomération,Intersection en T,Pluie légère,Deux véhicules - côté,,,,,,,,,,,1,2,3,2,3
200600013451,0006-03-08 22:15:00,6,3,8,22,15,750,4,VERD PT MARIE PT SULLY,,,Nuit avec éclairage allumé,En agglomération,Hors intersection,Pluie légère,Autre collision,,,,,,,,,,,5,2,1,2,6
200600013452,0006-03-08 09:25:00,6,3,8,9,25,750,4,R PERNELLE R SAINT MARTI,,,Plein jour,En agglomération,Intersection en X,Pluie légère,Autre collision,,,,,,,,,,,1,2,2,2,6
200600013453,0006-03-08 15:45:00,6,3,8,15,45,750,8,R DE MADRID R DE ROME,,,Plein jour,En agglomération,Intersection en X,Pluie légère,Deux véhicules - côté,,,,,,,,,,,1,2,2,2,3
200600013454,0006-03-08 16:55:00,6,3,8,16,55,750,8,R DE LA BOETIE PL CHASSA,,,Plein jour,En agglomération,Intersection en X,Normale,Sans collision,,,,,,,,,,,1,2,2,1,7
200600013455,0006-03-08 15:40:00,6,3,8,15,40,750,8,68 R DE MONCEAU,,,Plein jour,En agglomération,Hors intersection,Pluie légère,Deux véhicules - côté,,,,,,,,,,,1,2,1,2,3
200600013456,0006-03-08 12:30:00,6,3,8,12,30,750,10,R LA FAYETTE R PHILIPPE,,,Plein jour,En agglomération,Intersection en X,Normale,Deux véhicules - côté,,,,,,,,,,,1,2,2,1,3
200600013457,0006-03-08 22:20:00,6,3,8,22,20,750,11,46 R POPINCOURT,,,Nuit avec éclairage allumé,En agglomération,Hors intersection,Pluie légère,Deux véhicules - côté,,,,,,,,,,,5,2,1,2,3