accident_id,datetime,annee,mois,jour,heure,minute,departement,commune_insee,adresse,latitude,longitude,luminosite,agglomeration,intersection,meteo,collision,nb_vehicules,nb_usagers,nb_indemnes,nb_tues,nb_blesses_hosp,nb_blesses_legers,age_cond_1,age_cond_2,veh_type_cond_1,veh_type_cond_2,lum_code,agg_code,int_code,atm_code,col_code
200600013724,0006-03-20 14:00:00,6,3,20,14,0,750,15,20 AV DE LOWENDAL,,,Plein jour,En agglomération,Hors intersection,Normale,Autre collision,,,,,,,,,,,1,2,1,1,6
200600013725,0006-03-20 18:00:00,6,3,20,18,0,750,15,R DE LA CONVENTION R DE,,,Plein jour,En agglomération,Intersection en X,Pluie légère,Deux véhicules - côté,,,,,,,,,,,1,2,2,2,3
200600013726,0006-03-20 09:15:00,6,3,20,9,15,750,16,164 AV DE MALAKOFF,,,Plein jour,En agglomération,Hors intersection,Normale,Deux véhicules - côté,,,,,,,,,,,1,2,1,1,3
200600013727,0006-03-20 16:20:00,6,3,20,16,20,750,17,AV CIM BATIGNOLLES AV PO,,,Plein jour,En agglomération,Intersection en T,Pluie légère,Deux véhicules - côté,,,,,,,,,,,1,2,3,2,3
200600013728,0006-03-20 08:00:00,6,3,20,8,0,750,18,74 BD DE CLICHY,,,Plein jour,En agglomération,Hors intersection,Normale,Autre collision,,,,,,,,,,,1,2,1,1,6
200600013729,0006-03-29 11:15:00,6,3,29,11,15,750,14,R R LOSSERAND R DE RIDDE,,,Plein jour,En agglomération,Intersection en T,Normale,Autre collision,,,,,,,,,,,1,2,3,1,6
200600013730,0006-03-27 10:20:00,6,3,27,10,20,750,1,R DE L ECHELLE AV DE L O,,,Plein jour,En agglomération,Intersection en T,Normale,Deux véhicules - côté,,,,,,,,,,,1,2,3,1,3
200600013731,0006-03-27 09:15:00,6,3,27,9,15,750,7,AV DE TOURVILLE PL VAUBA,,,Plein jour,En agglomération,Intersection en T,Normale,Deux véhicules - côté,,,,,,,,,,,1,2,3,1,3
200600013732,0006-03-27 21:05:00,6,3,27,21,5,750,8,R LA BOETIE AV CHAMPS EL,,,Nuit avec éclairage allumé,En agglomération,Intersection en T,Normale,Deux véhicules - côté,,,,,,,,,,,5,2,3,1,3
200600013733,0006-03-27 08:50:00,6,3,27,8,50,750,8,PL CLEMENCEAU AV W CHURC,,,Plein jour,En agglomération,Intersection en T,Normale,Sans collision,,,,,,,,,,,1,2,3,1,7
200600013734,0006-03-27 14:50:00,6,3,27,14,50,750,13,66 R DE TOLBIAC,,,Plein jour,En agglomération,Hors intersection,Normale,Deux véhicules - côté,,,,,,,,,,,1,2,1,1,3
200600013735,0006-03-27 15:35:00,6,3,27,15,35,750,16,70 BD FLANDRIN,,,Plein jour,En agglomération,Hors intersection,Normale,Autre collision,,,,,,,,,,,1,2,1,1,6
200600013736,0006-03-27 01:05:00,6,3,27,1,5,750,18,R DE LA CHAPELLE BD NEY,,,Nuit avec éclairage allumé,En agglomération,Intersection en X,Normale,Deux véhicules - côté,,,,,,,,,,,5,2,2,1,3
200600013737,0006-03-21 20:45:00,6,3,21,20,45,750,1,R CAMBON BD DES CAPUCINE,,,Nuit avec éclairage allumé,En agglomération,Intersection en T,Normale,Deux véhicules - côté,,,,,,,,,,,5,2,3,1,3
200600013738,0006-03-21 18:50:00,6,3,21,18,50,750,2,R LOUIS LE GRAND AV DE L,,,Nuit avec éclairage allumé,En agglomération,Intersection en X,Temps couvert,Deux véhicules - côté,,,,,,,,,,,5,2,2,8,3
200600013739,0006-03-21 08:45:00,6,3,21,8,45,750,4,R JULES COUSIN R DU PETI,,,Plein jour,En agglomération,Intersection en X,Pluie légère,Autre collision,,,,,,,,,,,1,2,2,2,6
200600013740,0006-03-21 15:39:00,6,3,21,15,39,750,6,BD RASPAIL R DE VAUGIRAR,,,Plein jour,En agglomération,Intersection en X,Normale,Deux véhicules - côté,,,,,,,,,,,1,2,2,1,3
200600013741,0006-03-21 17:00:00,6,3,21,17,0,750,8,4 R CHAUVEAU LAGARDE,,,Plein jour,En agglomération,Hors intersection,Normale,Deux véhicules - côté,,,,,,,,,,,1,2,1,1,3
200600013742,0006-03-21 14:45:00,6,3,21,14,45,750,9,16 R SAINT GEORGES,,,Plein jour,En agglomération,Hors intersection,Normale,Trois véhicules et plus - en chaîne,,,,,,,,,,,1,2,1,1,4
200600013743,0006-03-21 13:05:00,6,3,21,13,5,750,10,7 BD DE LA VILLETTE,,,Plein jour,En agglomération,Hors intersection,Normale,Autre collision,,,,,,,,,,,1,2,1,1,6
200600013744,0006-03-21 15:45:00,6,3,21,15,45,750,11,R CRESPIN DU GAST R OBER,,,Plein jour,En agglomération,Intersection en T,Normale,Deux véhicules - côté,,,,,,,,,,,1,2,3,1,3
200600013745,0006-03-21 23:35:00,6,3,21,23,35,750,11,AV DE LA REPUBLIQUE R SA,,,Nuit avec éclairage allumé,En agglomération,Intersection en X,Normale,Deux véhicules - côté,,,,,,,,,,,5,2,2,1,3
200600013746,0006-03-21 15:25:00,6,3,21,15,25,750,12,RTE DE LA PYRAMIDE AV EC,,,Plein jour,En agglomération,Intersection en T,Normale,Autre collision,,,,,,,,,,,1,2,3,1,6
200600013747,0006-03-21 16:25:00,6,3,21,16,25,750,13,R DR BOURNEVILLE  R PAUL,,,Plein jour,En agglomération,Intersection en X,Normale,Autre collision,,,,,,,,,,,1,2,2,1,6
200600013748,0006-03-21 16:27:00,6,3,21,16,27,750,13,R BAUDRICOURT R DE TOLBI,,,Plein jour,En agglomération,Intersection à plus de 4 branches,Normale,Deux véhicules - côté,,,,,,,,,,,1,2,5,1,3
200600013749,0006-03-21 20:10:00,6,3,21,20,10,750,14,68 BD DU MONTPARNASSE,,,Plein jour,En agglomération,Hors intersection,Normale,Autre collision,,,,,,,,,,,1,2,1,1,6
200600013750,0006-03-21 14:30:00,6,3,21,14,30,750,16,AV ALPHONSE XIII R RAYNO,,,Plein jour,En agglomération,Intersection en T,Normale,Autre collision,,,,,,,,,,,1,2,3,1,6
200600013751,0006-03-21 22:50:00,6,3,21,22,50,750,16,4 AV GORDON BENNETT,,,Nuit avec éclairage allumé,En agglomération,Hors intersection,Normale,Deux véhicules - côté,,,,,,,,,,,5,2,1,1,3
200600013752,0006-03-21 00:55:00,6,3,21,0,55,750,17,BD PEREIRE PL DE WAGRAM,,,Nuit avec éclairage allumé,En agglomération,Intersection en T,Temps couvert,Sans collision,,,,,,,,,,,5,2,3,8,7
200600013753,0006-03-22 13:10:00,6,3,22,13,10,750,2,66 R GRENETA,,,Plein jour,En agglomération,Hors intersection,Pluie légère,Autre collision,,,,,,,,,,,1,2,1,2,6
200600013754,0006-03-22 13:18:00,6,3,22,13,18,750,5,AV OBSERVATOIRE BD SAINT,,,Plein jour,En agglomération,Intersection en Y,Pluie légère,Deux véhicules - côté,,,,,,,,,,,1,2,4,2,3
200600013755,0006-03-22 03:20:00,6,3,22,3,20,750,8,8 R DE BERRI,,,Nuit avec éclairage allumé,En agglomération,Hors intersection,Normale,Deux véhicules - arrière,,,,,,,,,,,5,2,1,1,2
200600013756,0006-03-22 14:35:00,6,3,22,14,35,750,8,AV GEORGE V R PIERRE 1 S,,,Plein jour,En agglomération,Intersection en X,Temps couvert,Deux véhicules - côté,,,,,,,,,,,1,2,2,8,3
200600013757,0006-03-22 15:50:00,6,3,22,15,50,750,8,AV F ROOSEVELT R JEAN GO,,,Plein jour,En agglomération,Intersection en T,Pluie légère,Sans collision,,,,,,,,,,,1,2,3,2,7
200600013758,0006-03-22 16:13:00,6,3,22,16,13,750,9,PL DE L OPERA BD DES CAP,,,Plein jour,En agglomération,Intersection en X,Pluie légère,Deux véhicules - côté,,,,,,,,,,,1,2,2,2,3
200600013759,0006-03-22 09:30:00,6,3,22,9,30,750,10,BD BONNE NOUVELLE  R D H,,,Plein jour,En agglomération,Intersection en T,Pluie légère,Autre collision,,,,,,,,,,,1,2,3,2,6
200600013760,0006-03-22 10:00:00,6,3,22,10,0,750,11,R DE MALTE R RAMPON,,,Plein jour,En agglomération,Intersection en X,Pluie légère,Deux véhicules - côté,,,,,,,,,,,1,2,2,2,3
200600013761,0006-03-22 09:50:00,6,3,22,9,50,750,13,16 R VERGNIAUD,,,Plein jour,En agglomération,Hors intersection,Pluie légère,Sans collision,,,,,,,,,,,1,2,1,2,7
200600013762,0006-03-22 19:15:00,6,3,22,19,15,750,14,210 AV DU MAINE,,,Nuit avec éclairage allumé,En agglomération,Hors intersection,Pluie légère,Deux véhicules - côté,,,,,,,,,,,5,2,1,2,3
200600013763,0006-03-22 23:00:00,6,3,22,23,0,750,14,BD BRUNE R DES PLANTES,,,Nuit avec éclairage allumé,En agglomération,Intersection en X,Pluie légère,Deux véhicules - côté,,,,,,,,,,,5,2,2,2,3
200600013764,0006-03-22 23:20:00,6,3,22,23,20,750,14,94 AV DENF ROCHEREAU,,,Nuit avec éclairage allumé,En agglomération,Hors intersection,Normale,Autre collision,,,,,,,,,,,5,2,1,1,6
200600013765,0006-03-23 09:05:00,6,3,23,9,5,750,1,12 R DE RICHELIEU,,,Plein jour,En agglomération,Hors intersection,Normale,Deux véhicules - arrière,,,,,,,,,,,1,2,1,1,2
200600013766,0006-03-22 15:15:00,6,3,22,15,15,750,14,82 AV DENF ROCHEREAU,,,Plein jour,En agglomération,Hors intersection,Pluie légère,Deux véhicules - côté,,,,,,,,,,,1,2,1,2,3
200600013767,0006-03-22 16:25:00,6,3,22,16,25,750,16,AV FOCH AV RAYMOND POINC,,,Plein jour,En agglomération,Intersection en X,Pluie légère,Autre collision,,,,,,,,,,,1,2,2,2,6
200600013768,0006-03-23 17:45:00,6,3,23,17,45,750,2,R D CASANOVA AV DE L OPE,,,Plein jour,En agglomération,Intersection en X,Normale,Autre collision,,,,,,,,,,,1,2,2,1,6
200600013769,0006-03-22 17:40:00,6,3,22,17,40,750,16,SQ ALFRED CAPUS BD SUCHE,,,Plein jour,En agglomération,Intersection en T,Temps couvert,Deux véhicules - côté,,,,,,,,,,,1,2,3,8,3
200600013770,0006-03-22 14:40:00,6,3,22,14,40,750,16,PL CH DE GAULLE AV VICTO,,,Plein jour,En agglomération,Intersection en T,Pluie légère,Deux véhicules - côté,,,,,,,,,,,1,2,3,2,3
200600013771,0006-03-23 01:40:00,6,3,23,1,40,750,4,BRETELLE ENTREE VERD PT,,,Nuit avec éclairage allumé,En agglomération,Hors intersection,Normale,Deux véhicules - arrière,,,,,,,,,,,5,2,1,1,2
200600013772,0006-03-22 14:35:00,6,3,22,14,35,750,16,CHS MUETTE AV MOZART,,,Plein jour,En agglomération,Intersection en X,Pluie légère,Autre collision,,,,,,,,,,,1,2,2,2,6
200600013773,0006-03-23 09:25:00,6,3,23,9,25,750,8,R DE BERRI AV CHAMPS ELY,,,Plein jour,En agglomération,Intersection en X,Normale,Deux véhicules - arrière,,,,,,,,,,,1,2,2,1,2
200600013774,0006-03-22 08:50:00,6,3,22,8,50,750,16,118 BD SUCHET,,,Plein jour,En agglomération,Hors intersection,Pluie légère,Autre collision,,,,,,,,,,,1,2,1,2,6
200600013775,0006-03-23 17:05:00,6,3,23,17,5,750,10,R FRANCIS JAMMES PL ROBE,,,Plein jour,En agglomération,Intersection en T,Normale,Autre collision,,,,,,,,,,,1,2,3,1,6
200600013776,0006-03-22 14:55:00,6,3,22,14,55,750,17,R PIERRE DEMOURS PL TRIS,,,Plein jour,En agglomération,Intersection en X,Pluie légère,Autre collision,,,,,,,,,,,1,2,2,2,6
200600013777,0006-03-22 07:25:00,6,3,22,7,25,750,18,48 R CAULAINCOURT,,,Crépuscule ou aube,En agglomération,Hors intersection,Normale,Autre collision,,,,,,,,,,,2,2,1,1,6
200600013778,0006-03-22 09:05:00,6,3,22,9,5,750,19,R DAVID D ANGERS R DE LA,,,Plein jour,En agglomération,Intersection en Y,Pluie légère,Deux véhicules - côté,,,,,,,,,,,1,2,4,2,3
200600013779,0006-03-23 12:58:00,6,3,23,12,58,750,13,AV D ITALIE R TOUSSAINT,,,Plein jour,En agglomération,Intersection en T,Temps couvert,Deux véhicules - côté,,,,,,,,,,,1,2,3,8,3
200600013780,0006-03-23 13:20:00,6,3,23,13,20,750,14,R DIDOT R DU MOULIN VERT,,,Plein jour,En agglomération,Intersection en X,Normale,Deux véhicules - côté,,,,,,,,,,,1,2,2,1,3
200600013781,0006-03-23 20:30:00,6,3,23,20,30,750,15,R DE LA CONVENTION R VIC,,,Nuit avec éclairage allumé,En agglomération,Intersection en Y,Normale,Autre collision,,,,,,,,,,,5,2,4,1,6
200600013782,0006-03-23 13:20:00,6,3,23,13,20,750,15,32 R LECOURBE,,,Plein jour,En agglomération,Hors intersection,Normale,Deux véhicules - côté,,,,,,,,,,,1,2,1,1,3
200600013783,0006-03-23 21:10:00,6,3,23,21,10,750,16,90 R DE LONGCHAMPS,,,Nuit avec éclairage allumé,En agglomération,Hors intersection,Normale,Autre collision,,,,,,,,,,,5,2,1,1,6
200600013784,0006-03-23 17:45:00,6,3,23,17,45,750,16,16 AV DE VERSAILLES,,,Plein jour,En agglomération,Hors intersection,Normale,Trois véhicules et plus - en chaîne,,,,,,,,,,,1,2,1,1,4
200600013785,0006-03-23 08:30:00,6,3,23,8,30,750,16,16 AV PRESIDENT WILSON,,,Plein jour,En agglomération,Hors intersection,Normale,Autre collision,,,,,,,,,,,1,2,1,1,6
200600013786,0006-03-23 09:10:00,6,3,23,9,10,750,17,BD BESSIERES R PONT A MO,,,Plein jour,En agglomération,Intersection en T,Normale,Deux véhicules - arrière,,,,,,,,,,,1,2,3,1,2
200600013787,0006-03-23 19:45:00,6,3,23,19,45,750,17,86 AV DE CLICHY,,,Nuit avec éclairage allumé,En agglomération,Hors intersection,Normale,Autre collision,,,,,,,,,,,5,2,1,1,6
200600013788,0006-03-23 16:40:00,6,3,23,16,40,750,18,30 R POULET,,,Plein jour,En agglomération,Hors intersection,Temps couvert,Autre collision,,,,,,,,,,,1,2,1,8,6
200600013789,0006-03-25 19:50:00,6,3,25,19,50,750,1,PL DU CHATELET AV VICTOR,,,Nuit avec éclairage allumé,En agglomération,Intersection en X,Temps couvert,Autre collision,,,,,,,,,,,5,2,2,8,6
200600013790,0006-03-24 16:25:00,6,3,24,16,25,750,2,R ETIENNE MARCEL R MONTO,,,Plein jour,En agglomération,Intersection en X,Temps couvert,Deux véhicules - côté,,,,,,,,,,,1,2,2,8,3
200600013791,0006-03-25 05:00:00,6,3,25,5,0,750,13,SOU AUSTERLITZ,,,Nuit avec éclairage allumé,En agglomération,Hors intersection,Normale,Autre collision,,,,,,,,,,,5,2,1,1,6
200600013792,0006-03-25 20:45:00,6,3,25,20,45,750,16,AV MOZART R DES VIGNES,,,Nuit avec éclairage allumé,En agglomération,Intersection en X,Normale,Sans collision,,,,,,,,,,,5,2,2,1,7
200600013793,0006-03-24 08:38:00,6,3,24,8,38,750,2,80 BD DE SEBASTOPOL,,,Plein jour,En agglomération,Hors intersection,Pluie légère,Sans collision,,,,,,,,,,,1,2,1,2,7
200600013794,0006-03-25 20:30:00,6,3,25,20,30,750,16,76 AV GRANDE ARMEE,,,Nuit avec éclairage allumé,En agglomération,Hors intersection,Pluie légère,Sans collision,,,,,,,,,,,5,2,1,2,7
200600013795,0006-03-24 20:00:00,6,3,24,20,0,750,15,R DE PRESLES AV DE SUFFR,,,Nuit avec éclairage allumé,En agglomération,Intersection en T,Pluie légère,Autre collision,,,,,,,,,,,5,2,3,2,6
200600013796,0006-03-25 17:00:00,6,3,25,17,0,750,16,PT DE BIR HAKEIM AV DU P,,,Plein jour,En agglomération,Intersection en T,Pluie légère,Sans collision,,,,,,,,,,,1,2,3,2,7
200600013797,0006-03-25 11:02:00,6,3,25,11,2,750,16,RTE DES MOULINS RTE SEVR,,,Plein jour,En agglomération,Intersection en Y,Normale,Sans collision,,,,,,,,,,,1,2,4,1,7
200600013798,0006-03-24 19:28:00,6,3,24,19,28,750,7,PL DE FINLANDE BD LA TOU,,,Nuit avec éclairage allumé,En agglomération,Intersection en X,Pluie légère,Deux véhicules - côté,,,,,,,,,,,5,2,2,2,3
200600013799,0006-03-24 14:55:00,6,3,24,14,55,750,7,239 BD SAINT GERMAIN,,,Plein jour,En agglomération,Hors intersection,Pluie légère,Trois véhicules et plus - en chaîne,,,,,,,,,,,1,2,1,2,4
200600013800,0006-03-25 03:15:00,6,3,25,3,15,750,19,150 BD DE LA VILLETTE,,,Nuit avec éclairage allumé,En agglomération,Hors intersection,Pluie légère,Autre collision,,,,,,,,,,,5,2,1,2,6
200600013801,0006-03-24 19:50:00,6,3,24,19,50,750,8,AV CHAMPS ELYSES AV DE S,,,Nuit avec éclairage allumé,En agglomération,Intersection en T,Pluie légère,Autre collision,,,,,,,,,,,5,2,3,2,6
200600013802,0006-03-26 05:00:00,6,3,26,5,0,750,7,R ARISTIDE BRIAND BD SAI,,,Nuit avec éclairage allumé,En agglomération,Intersection en Y,Pluie légère,Sans collision,,,,,,,,,,,5,2,4,2,7
200600013803,0006-03-26 22:00:00,6,3,26,22,0,750,7,17 AV DE SAXE,,,Nuit avec éclairage allumé,En agglomération,Hors intersection,Normale,Autre collision,,,,,,,,,,,5,2,1,1,6
200600013804,0006-03-24 13:15:00,6,3,24,13,15,750,8,162 BD HAUSSMAN,,,Plein jour,En agglomération,Hors intersection,Pluie légère,Deux véhicules - côté,,,,,,,,,,,1,2,1,2,3
200600013805,0006-03-26 06:10:00,6,3,26,6,10,750,8,AV CHAMPS ELYSEES PL DE,,,Nuit avec éclairage allumé,En agglomération,Intersection en T,Pluie légère,Deux véhicules - côté,,,,,,,,,,,5,2,3,2,3
200600013806,0006-03-24 20:00:00,6,3,24,20,0,750,8,R P CHAMPS ELYSES AV MON,,,Nuit avec éclairage allumé,En agglomération,Intersection à plus de 4 branches,Pluie légère,Autre collision,,,,,,,,,,,5,2,5,2,6
200600013807,0006-03-24 04:40:00,6,3,24,4,40,750,8,R D ARTOIS R DE BERRI,,,Nuit avec éclairage allumé,En agglomération,Intersection en X,Pluie légère,Autre collision,,,,,,,,,,,5,2,2,2,6
200600013808,0006-03-26 15:30:00,6,3,26,15,30,750,12,138 R FG SAINT ANTOINE,,,Plein jour,En agglomération,Hors intersection,Normale,Autre collision,,,,,,,,,,,1,2,1,1,6
200600013809,0006-03-26 16:30:00,6,3,26,16,30,750,16,AV ALBERT DE MUN AV D IE,,,Plein jour,En agglomération,Intersection en X,Temps couvert,Deux véhicules - côté,,,,,,,,,,,1,2,2,8,3
200600013810,0006-03-26 17:15:00,6,3,26,17,15,750,19,106 AV DE FLANDRE,,,Plein jour,En agglomération,Hors intersection,Normale,Deux véhicules - côté,,,,,,,,,,,1,2,1,1,3
200600013811,0006-03-24 18:50:00,6,3,24,18,50,750,9,3 BD DE ROCHECHOUART,,,Nuit avec éclairage allumé,En agglomération,Hors intersection,Pluie légère,Autre collision,,,,,,,,,,,5,2,1,2,6
200600013812,0006-03-24 13:30:00,6,3,24,13,30,750,9,R DU FG MONTMARTRE BD PO,,,Plein jour,En agglomération,Intersection en X,Pluie légère,Sans collision,,,,,,,,,,,1,2,2,2,7
200600013813,0006-03-24 14:30:00,6,3,24,14,30,750,9,40 R FG POISSONNIERE,,,Plein jour,En agglomération,Hors intersection,Pluie légère,Deux véhicules - côté,,,,,,,,,,,1,2,1,2,3
200600013814,0006-03-24 03:55:00,6,3,24,3,55,750,10,R FG SAINT MARTIN R SIBO,,,Nuit avec éclairage allumé,En agglomération,Intersection en X,Pluie légère,Autre collision,,,,,,,,,,,5,2,2,2,6
200600013815,0006-03-24 14:05:00,6,3,24,14,5,750,10,144 R LA FAYETTE,,,Plein jour,En agglomération,Hors intersection,Normale,Trois véhicules et plus - en chaîne,,,,,,,,,,,1,2,1,1,4
200600013816,0006-03-24 14:15:00,6,3,24,14,15,750,13,AV DES GOBELINS VLA DES,,,Plein jour,En agglomération,Intersection en T,Pluie légère,Deux véhicules - côté,,,,,,,,,,,1,2,3,2,3
200600013817,0006-03-24 19:40:00,6,3,24,19,40,750,13,110 AV DE CHOISY,,,Nuit avec éclairage allumé,En agglomération,Hors intersection,Pluie légère,Autre collision,,,,,,,,,,,5,2,1,2,6
200600013818,0006-03-24 11:55:00,6,3,24,11,55,750,13,6 R JEANNE D ARC,,,Plein jour,En agglomération,Hors intersection,Pluie légère,Autre collision,,,,,,,,,,,1,2,1,2,6
200600013819,0006-03-24 17:45:00,6,3,24,17,45,750,14,2 R D ALESIA,,,Plein jour,En agglomération,Hors intersection,Pluie légère,Deux véhicules - côté,,,,,,,,,,,1,2,1,2,3
200600013820,0006-03-24 14:05:00,6,3,24,14,5,750,15,16 R DE LOURMEL,,,Plein jour,En agglomération,Hors intersection,Pluie légère,Deux véhicules - arrière,,,,,,,,,,,1,2,1,2,2
200600013821,0006-03-24 08:20:00,6,3,24,8,20,750,16,60 BD SUCHET,,,Plein jour,En agglomération,Hors intersection,Pluie légère,Sans collision,,,,,,,,,,,1,2,1,2,7
200600013822,0006-03-24 15:10:00,6,3,24,15,10,750,16,BD LANNES PL MAL DE TASS,,,Plein jour,En agglomération,Intersection en T,Temps couvert,Autre collision,,,,,,,,,,,1,2,3,8,6
200600013823,0006-03-24 13:30:00,6,3,24,13,30,750,17,BD DES BATIGNOLLES R DES,,,Plein jour,En agglomération,Intersection en X,Temps couvert,Deux véhicules - côté,,,,,,,,,,,1,2,2,8,3
200600013824,0006-03-24 05:55:00,6,3,24,5,55,750,17,R CAPORAL PEUGEOT ECH CH,,,Nuit avec éclairage allumé,En agglomération,Intersection en T,Pluie légère,Autre collision,,,,,,,,,,,5,2,3,2,6
200600013825,0006-03-24 17:35:00,6,3,24,17,35,750,16,PL CH DE GAULLE AV D IEN,,,Plein jour,En agglomération,Intersection en T,Pluie légère,Deux véhicules - arrière,,,,,,,,,,,1,2,3,2,2
200600013826,0006-03-31 13:30:00,6,3,31,13,30,750,11,BD FILLES CALVAIRE R OBE,,,Plein jour,En agglomération,Intersection en X,Normale,Deux véhicules - côté,,,,,,,,,,,1,2,2,1,3
200600013827,0006-03-30 12:45:00,6,3,30,12,45,750,7,R DE LILLE R DE POITIERS,,,Plein jour,En agglomération,Intersection en T,Normale,Autre collision,,,,,,,,,,,1,2,3,1,6
200600013828,0006-03-30 09:03:00,6,3,30,9,3,750,8,8 AV MONTAIGNE,,,Plein jour,En agglomération,Hors intersection,Pluie légère,Autre collision,,,,,,,,,,,1,2,1,2,6
200600013829,0006-03-30 20:15:00,6,3,30,20,15,750,8,AV CHAMPS ELYSEES PL CH,,,Nuit avec éclairage allumé,En agglomération,Intersection en T,Temps couvert,Sans collision,,,,,,,,,,,5,2,3,8,7
200600013830,0006-03-30 20:05:00,6,3,30,20,5,750,8,8 AV HOCHE,,,Plein jour,En agglomération,Hors intersection,Pluie légère,Deux véhicules - côté,,,,,,,,,,,1,2,1,2,3
200600013831,0006-03-30 16:50:00,6,3,30,16,50,750,8,BD DE COURCELLES BD MALE,,,Plein jour,En agglomération,Intersection en X,Pluie légère,Deux véhicules - côté,,,,,,,,,,,1,2,2,2,3
200600013832,0006-03-30 08:25:00,6,3,30,8,25,750,11,R J PIERRE TIMBAUD A DE,,,Plein jour,En agglomération,Intersection en Y,Pluie légère,Deux véhicules - frontale,,,,,,,,,,,1,2,4,2,1
200600013833,0006-03-30 08:20:00,6,3,30,8,20,750,11,BD BEAUMARCHAIS BD RICHA,,,Plein jour,En agglomération,Intersection en X,Temps couvert,Deux véhicules - arrière,,,,,,,,,,,1,2,2,8,2
200600013834,0006-03-30 09:47:00,6,3,30,9,47,750,16,BD MURAT R  RAFFAELLI,,,Plein jour,En agglomération,Intersection en T,Temps couvert,Deux véhicules - arrière,,,,,,,,,,,1,2,3,8,2
200600013835,0006-03-30 12:00:00,6,3,30,12,0,750,17,R DAUBIGNY R JOUFFR D AB,,,Plein jour,En agglomération,Intersection en X,Normale,Deux véhicules - côté,,,,,,,,,,,1,2,2,1,3
200600013836,0006-03-30 09:20:00,6,3,30,9,20,750,19,PL AUGUSTE BARON BD COMM,,,Plein jour,En agglomération,Intersection en T,Pluie légère,Deux véhicules - arrière,,,,,,,,,,,1,2,3,2,2
200600013837,0006-03-29 20:50:00,6,3,29,20,50,750,1,R CAMBON R SAINT HONORE,,,Nuit avec éclairage allumé,En agglomération,Intersection en X,Normale,Deux véhicules - côté,,,,,,,,,,,5,2,2,1,3
200600013838,0006-03-29 02:35:00,6,3,29,2,35,750,1,PL ANDRE MALRAUX R DE RI,,,Nuit avec éclairage allumé,En agglomération,Intersection en T,Pluie légère,Autre collision,,,,,,,,,,,5,2,3,2,6
200600013839,0006-03-29 17:40:00,6,3,29,17,40,750,13,1 PL VALHUBERT,,,Plein jour,En agglomération,Hors intersection,Normale,Deux véhicules - côté,,,,,,,,,,,1,2,1,1,3
200600013840,0006-03-29 08:18:00,6,3,29,8,18,750,13,142 BD MASSENA,,,Plein jour,En agglomération,Hors intersection,Normale,Deux véhicules - côté,,,,,,,,,,,1,2,1,1,3
200600013841,0006-03-29 21:40:00,6,3,29,21,40,750,13,22 BD ARAGO,,,Nuit avec éclairage allumé,En agglomération,Hors intersection,Normale,Sans collision,,,,,,,,,,,5,2,1,1,7
200600013842,0006-03-29 22:00:00,6,3,29,22,0,750,15,R CROIX NIVERT R LECOURB,,,Nuit avec éclairage allumé,En agglomération,Intersection en X,Normale,Deux véhicules - côté,,,,,,,,,,,5,2,2,1,3
200600013843,0006-03-29 14:00:00,6,3,29,14,0,750,16,PL PORTE DE PASSY BD SUC,,,Plein jour,En agglomération,Intersection en X,Normale,Deux véhicules - côté,,,,,,,,,,,1,2,2,1,3
200600013844,0006-03-29 13:05:00,6,3,29,13,5,750,19,172 BD DE LA VILLETTE,,,Plein jour,En agglomération,Hors intersection,Normale,Autre collision,,,,,,,,,,,1,2,1,1,6
200600013845,0006-03-29 14:40:00,6,3,29,14,40,750,20,R JOUYE ROUVE R JULIEN L,,,Plein jour,En agglomération,Intersection en X,Normale,Deux véhicules - côté,,,,,,,,,,,1,2,2,1,3
200600013846,0006-03-28 10:20:00,6,3,28,10,20,750,7,R JEAN NICOT R SAINT DOM,,,Plein jour,En agglomération,Intersection en T,Normale,Autre collision,,,,,,,,,,,1,2,3,1,6
200600013847,0006-03-28 11:00:00,6,3,28,11,0,750,8,SOU CONCORDE,,,Plein jour,En agglomération,Hors intersection,Normale,Deux véhicules - côté,,,,,,,,,,,1,2,1,1,3
200600013848,0006-03-28 08:54:00,6,3,28,8,54,750,13,Q D AUSTERLITZ PT DE BER,,,Plein jour,En agglomération,Intersection en T,Normale,Deux véhicules - côté,,,,,,,,,,,1,2,3,1,3
200600013849,0006-03-28 16:39:00,6,3,28,16,39,750,14,BD BRUNE PL DU 25 AOUT 1,,,Plein jour,En agglomération,Intersection en X,Pluie légère,Deux véhicules - arrière,,,,,,,,,,,1,2,2,2,2
200600013850,0006-03-28 06:45:00,6,3,28,6,45,750,15,R LACRETELLE R DE VAUGIR,,,Nuit avec éclairage allumé,En agglomération,Intersection en T,Normale,Deux véhicules - côté,,,,,,,,,,,5,2,3,1,3
200600013851,0006-03-28 08:30:00,6,3,28,8,30,750,17,R DAVY AV DE SAINT OUEN,,,Plein jour,En agglomération,Intersection en X,Normale,Deux véhicules - côté,,,,,,,,,,,1,2,2,1,3
200600013852,0006-03-28 08:10:00,6,3,28,8,10,750,17,AV DE CLICHY R FRAGONARD,,,Plein jour,En agglomération,Intersection en Y,Normale,Deux véhicules - côté,,,,,,,,,,,1,2,4,1,3
200600013853,0006-03-27 11:30:00,6,3,27,11,30,750,14,22 BD JOURDAN,,,Plein jour,En agglomération,Hors intersection,Temps couvert,Autre collision,,,,,,,,,,,1,2,1,8,6
200600013854,0006-03-27 21:30:00,6,3,27,21,30,750,15,BD LEFEBVRE AV PORTE BRA,,,Nuit avec éclairage allumé,En agglomération,Intersection en X,Normale,Deux véhicules - côté,,,,,,,,,,,5,2,2,1,3
200600013855,0006-03-27 10:30:00,6,3,27,10,30,750,16,6 R BEN FRANKLIN,,,Plein jour,En agglomération,Hors intersection,Normale,Autre collision,,,,,,,,,,,1,2,1,1,6