accident_id,datetime,annee,mois,jour,heure,minute,departement,commune_insee,adresse,latitude,longitude,luminosite,agglomeration,intersection,meteo,collision,nb_vehicules,nb_usagers,nb_indemnes,nb_tues,nb_blesses_hosp,nb_blesses_legers,age_cond_1,age_cond_2,veh_type_cond_1,veh_type_cond_2,lum_code,agg_code,int_code,atm_code,col_code
200600014122,0006-03-08 20:40:00,6,3,8,20,40,780,646,MONTBAURON (RUE),,,Nuit avec éclairage allumé,En agglomération,Intersection en X,Pluie légère,Autre collision,,,,,,,,,,,5,2,2,2,6
200600014123,0006-03-09 10:00:00,6,3,9,10,0,780,646,"neant, PIERRE CORNEILLE",,,Plein jour,En agglomération,Intersection en T,Pluie légère,Deux véhicules - côté,,,,,,,,,,,1,2,3,2,3
200600014124,0006-03-09 17:50:00,6,3,9,17,50,780,646,RESERVOIRS (RUE DES),,,Plein jour,En agglomération,Hors intersection,Normale,Autre collision,,,,,,,,,,,1,2,1,1,6
200600014125,0006-03-10 14:40:00,6,3,10,14,40,780,646,SAINT CYR (ROUTE DE),,,Plein jour,Hors agglomération,Hors intersection,Pluie légère,Deux véhicules - arrière,,,,,,,,,,,1,1,1,2,2
200600014126,0006-03-14 08:40:00,6,3,14,8,40,780,158,"0, CHARLES DE GAULLE (AV",,,Plein jour,En agglomération,Hors intersection,Normale,Deux véhicules - côté,,,,,,,,,,,1,2,1,1,3
200600014127,0006-03-14 20:10:00,6,3,14,20,10,780,646,"néant, VILLENEUVE L'ETAN",,,Nuit avec éclairage allumé,En agglomération,Intersection en T,Normale,Deux véhicules - côté,,,,,,,,,,,5,2,3,1,3
200600014128,0006-03-15 21:20:00,6,3,15,21,20,780,646,"41, MARECHAL FOCH (RUE D",,,Nuit avec éclairage allumé,En agglomération,Hors intersection,Normale,Autre collision,,,,,,,,,,,5,2,1,1,6
200600014129,0006-03-16 18:55:00,6,3,16,18,55,780,646,"11, VAUBAN (RUE)",,,Plein jour,En agglomération,Hors intersection,Normale,Autre collision,,,,,,,,,,,1,2,1,1,6
200600014130,0006-03-17 16:00:00,6,3,17,16,0,780,646,"0, ANGIVILLER (RUE D')",,,Plein jour,En agglomération,Intersection en X,Normale,Autre collision,,,,,,,,,,,1,2,2,1,6
200600014131,0006-03-20 14:15:00,6,3,20,14,15,780,646,"néant, JULES MASSENET (R",,,Plein jour,En agglomération,Intersection en X,Normale,Deux véhicules - côté,,,,,,,,,,,1,2,2,1,3
200600014132,0006-03-24 20:15:00,6,3,24,20,15,780,524,"Néant, L'HORLOGE (RUE DE",,,Nuit avec éclairage allumé,En agglomération,Hors intersection,Pluie légère,Deux véhicules - arrière,,,,,,,,,,,5,2,1,2,2
200600014133,0006-03-28 12:20:00,6,3,28,12,20,780,646,"0, ANDRE MIGNOT (PLACE)",,,Plein jour,En agglomération,Intersection en T,Pluie forte,Autre collision,,,,,,,,,,,1,2,3,3,6
200600014134,0006-03-25 17:15:00,6,3,25,17,15,780,646,LOI (PLACE DE LA),,,Plein jour,En agglomération,Hors intersection,Pluie forte,Deux véhicules - arrière,,,,,,,,,,,1,2,1,3,2
200600014135,0006-03-29 17:20:00,6,3,29,17,20,780,646,"néant, ANJOU (RUE D')",,,Plein jour,En agglomération,Intersection en X,Normale,Autre collision,,,,,,,,,,,1,2,2,1,6
200600014136,0006-03-30 23:10:00,6,3,30,23,10,780,646,ROI (BOULEVARD DU),,,Nuit avec éclairage allumé,En agglomération,Intersection en X,Pluie légère,Deux véhicules - côté,,,,,,,,,,,5,2,2,2,3
200600014137,0006-03-30 08:20:00,6,3,30,8,20,780,646,"5, SCEAUX (AVENUE DE)",,,Plein jour,En agglomération,Hors intersection,Pluie légère,Autre collision,,,,,,,,,,,1,2,1,2,6
200600014138,0006-03-08 17:40:00,6,3,8,17,40,780,418,GABRIEL PERI (AVENUE),,,Plein jour,En agglomération,Intersection en T,Normale,Autre collision,,,,,,,,,,,1,2,3,1,6
200600014139,0006-03-13 08:30:00,6,3,13,8,30,780,146,"40, REPUBLIQUE (BOULEVAR",,,Plein jour,En agglomération,Intersection en T,Normale,Deux véhicules - arrière,,,,,,,,,,,1,2,3,1,2
200600014140,0006-03-25 18:50:00,6,3,25,18,50,780,146,"68, LIEUTENANT RICARD (R",,,Plein jour,En agglomération,Hors intersection,Pluie légère,Autre collision,,,,,,,,,,,1,2,1,2,6
200600014141,0006-03-11 17:35:00,6,3,11,17,35,790,191,LOUIS PASTEUR (AVENUE),,,Plein jour,En agglomération,Intersection en X,Normale,Sans collision,,,,,,,,,,,1,2,2,1,7
200600014142,0006-03-22 17:35:00,6,3,22,17,35,790,191,FIEFS,,,Plein jour,En agglomération,Intersection en T,Normale,Deux véhicules - côté,,,,,,,,,,,1,2,3,1,3
200600014143,0006-03-07 13:33:00,6,3,7,13,33,790,329,", HANNUT (BOULEVARD DE)",,,Plein jour,En agglomération,Intersection en X,Pluie légère,Deux véhicules - côté,,,,,,,,,,,1,2,2,2,3
200600014144,0006-03-14 18:35:00,6,3,14,18,35,800,1,"18, JEAN MENNESSON",,,Crépuscule ou aube,En agglomération,Hors intersection,Normale,Deux véhicules - côté,,,,,,,,,,,2,2,1,1,3
200600014145,0006-03-11 22:38:00,6,3,11,22,38,800,1,"48, POINTE (de la)",,,Nuit avec éclairage allumé,En agglomération,Hors intersection,Normale,Autre collision,,,,,,,,,,,5,2,1,1,6
200600014146,0006-03-01 15:20:00,6,3,1,15,20,800,21,"0, SAINT FUSCIEN (RUE)",,,Plein jour,En agglomération,Hors intersection,Normale,Deux véhicules - arrière,,,,,,,,,,,1,2,1,1,2
200600014147,0006-03-02 15:20:00,6,3,2,15,20,800,21,"0, ENGUERRAND (RUE)",,,Plein jour,En agglomération,Intersection en X,Normale,Deux véhicules - côté,,,,,,,,,,,1,2,2,1,3
200600014148,0006-03-02 20:50:00,6,3,2,20,50,800,21,"101, GUTENBERG (RUE)",,,Nuit avec éclairage allumé,En agglomération,Hors intersection,Normale,Sans collision,,,,,,,,,,,5,2,1,1,7
200600014149,0006-03-03 14:45:00,6,3,3,14,45,800,21,"0, LONDRES (AVENUE DE )",,,Plein jour,En agglomération,Hors intersection,Temps couvert,Autre collision,,,,,,,,,,,1,2,1,8,6
200600014150,0006-03-05 20:50:00,6,3,5,20,50,800,21,"0, ALPHONSE FIQUET (PLAC",,,Nuit avec éclairage allumé,En agglomération,Hors intersection,Normale,Deux véhicules - côté,,,,,,,,,,,5,2,1,1,3
200600014151,0006-03-06 10:25:00,6,3,6,10,25,800,21,"0, BEAUVILLE CENTRE (BOU",,,Plein jour,En agglomération,Hors intersection,Normale,Trois véhicules et plus - en chaîne,,,,,,,,,,,1,2,1,1,4
200600014152,0006-03-06 16:05:00,6,3,6,16,5,800,261,"0, GRIMAUX (RUE)",,,Plein jour,Hors agglomération,Hors intersection,Normale,Sans collision,,,,,,,,,,,1,1,1,1,7
200600014153,0006-03-06 14:50:00,6,3,6,14,50,800,21,"0, PUVIS DE CHAVANNES (R",,,Plein jour,Hors agglomération,Hors intersection,Normale,Autre collision,,,,,,,,,,,1,1,1,1,6
200600014154,0006-03-06 14:00:00,6,3,6,14,0,800,21,"40, GASTON MOUTARDIER (R",,,Plein jour,En agglomération,Hors intersection,Normale,Deux véhicules - frontale,,,,,,,,,,,1,2,1,1,1
200600014155,0006-03-07 10:30:00,6,3,7,10,30,800,21,SAINT FUSCIEN (RUE),,,Plein jour,Hors agglomération,Hors intersection,Temps couvert,Sans collision,,,,,,,,,,,1,1,1,8,7
200600014156,0006-03-08 21:40:00,6,3,8,21,40,800,21,"0, PAUL CLAUDEL (AVENUE)",,,Nuit avec éclairage allumé,En agglomération,Hors intersection,Pluie légère,Deux véhicules - côté,,,,,,,,,,,5,2,1,2,3
200600014157,0006-03-08 11:30:00,6,3,8,11,30,800,21,"0, GEORGES POMPIDOU (AVE",,,Plein jour,En agglomération,Intersection en X,Pluie légère,Trois véhicules et plus - collisions multiples,,,,,,,,,,,1,2,2,2,5
200600014158,0006-03-08 13:05:00,6,3,8,13,5,800,21,"8, PAIX (AVENUE DE LA)",,,Plein jour,En agglomération,Hors intersection,Pluie légère,Deux véhicules - côté,,,,,,,,,,,1,2,1,2,3
200600014159,0006-03-09 15:40:00,6,3,9,15,40,800,674,"0, THUILLIER DELAMBRE (R",,,Plein jour,En agglomération,Hors intersection,Pluie légère,Autre collision,,,,,,,,,,,1,2,1,2,6
200600014160,0006-03-10 06:50:00,6,3,10,6,50,800,21,ROUEN (RUE DE),,,Plein jour,En agglomération,Hors intersection,Pluie forte,Deux véhicules - côté,,,,,,,,,,,1,2,1,3,3
200600014161,0006-03-10 13:15:00,6,3,10,13,15,800,21,"203, GENERAL FOY (AVENUE",,,Plein jour,En agglomération,Hors intersection,Normale,Deux véhicules - arrière,,,,,,,,,,,1,2,1,1,2
200600014162,0006-03-12 15:00:00,6,3,12,15,0,800,21,"33, FEDERES (BOULEVARD D",,,Plein jour,En agglomération,Hors intersection,Normale,Deux véhicules - côté,,,,,,,,,,,1,2,1,1,3
200600014163,0006-03-13 16:20:00,6,3,13,16,20,800,21,"0, GENERAL LECLERC (RUE",,,Plein jour,En agglomération,Hors intersection,Normale,Deux véhicules - arrière,,,,,,,,,,,1,2,1,1,2
200600014164,0006-03-14 15:30:00,6,3,14,15,30,800,21,PARIS (RUE DE),,,Plein jour,En agglomération,Hors intersection,Normale,Deux véhicules - arrière,,,,,,,,,,,1,2,1,1,2
200600014165,0006-03-17 14:00:00,6,3,17,14,0,800,21,RAINNEVILLE CD11  (ROUTE,,,Plein jour,Hors agglomération,Hors intersection,Normale,Sans collision,,,,,,,,,,,1,1,1,1,7
200600014166,0006-03-20 13:40:00,6,3,20,13,40,800,21,"7, ALBERT CAMUS (RUE)",,,Plein jour,En agglomération,Hors intersection,Normale,Autre collision,,,,,,,,,,,1,2,1,1,6
200600014167,0006-03-21 11:10:00,6,3,21,11,10,800,21,ROCADE NORD EST RN 25,,,Plein jour,Hors agglomération,Hors intersection,Neige / grêle,Deux véhicules - arrière,,,,,,,,,,,1,1,1,4,2
200600014168,0006-03-22 08:50:00,6,3,22,8,50,800,21,"8, ROBERT PIERRE (RUE)",,,Plein jour,En agglomération,Hors intersection,Normale,Sans collision,,,,,,,,,,,1,2,1,1,7
200600014169,0006-03-22 13:30:00,6,3,22,13,30,800,21,"0, THIL (CHEMIN DU)",,,Plein jour,En agglomération,Hors intersection,Normale,Trois véhicules et plus - collisions multiples,,,,,,,,,,,1,2,1,1,5
200600014170,0006-03-23 22:05:00,6,3,23,22,5,800,21,"0, DOULLENS (RUE DE)",,,Nuit avec éclairage allumé,En agglomération,Intersection en X,Normale,Deux véhicules - côté,,,,,,,,,,,5,2,2,1,3
200600014171,0006-03-23 18:15:00,6,3,23,18,15,800,21,"0, FEDERES (BOULEVARD DE",,,Plein jour,En agglomération,Hors intersection,Normale,Autre collision,,,,,,,,,,,1,2,1,1,6
200600014172,0006-03-23 13:40:00,6,3,23,13,40,800,724,"9, JEAN CATELAS (RUE)",,,Plein jour,En agglomération,Hors intersection,Normale,Deux véhicules - côté,,,,,,,,,,,1,2,1,1,3
200600014173,0006-03-24 11:45:00,6,3,24,11,45,800,21,ROYAL TANKS (CARREFOUR D,,,Plein jour,En agglomération,Intersection en X,Normale,Deux véhicules - côté,,,,,,,,,,,1,2,2,1,3
200600014174,0006-03-25 16:00:00,6,3,25,16,0,800,21,"0, SAINT FUSCIEN (PETIT",,,Plein jour,Hors agglomération,Hors intersection,Normale,Sans collision,,,,,,,,,,,1,1,1,1,7
200600014175,0006-03-26 20:00:00,6,3,26,20,0,800,21,SAINT FUSCIEN (RUE),,,Nuit avec éclairage allumé,En agglomération,Intersection en X,Pluie légère,Deux véhicules - côté,,,,,,,,,,,5,2,2,2,3
200600014176,0006-03-26 19:15:00,6,3,26,19,15,800,21,"15, LE CHEVALIER (ALLEE)",,,Nuit avec éclairage allumé,En agglomération,Hors intersection,Pluie légère,Autre collision,,,,,,,,,,,5,2,1,2,6
200600014177,0006-03-27 07:45:00,6,3,27,7,45,800,21,"9, ALSACE LORRAINE (BOUL",,,Plein jour,En agglomération,Hors intersection,Normale,Deux véhicules - arrière,,,,,,,,,,,1,2,1,1,2
200600014178,0006-03-27 11:25:00,6,3,27,11,25,800,21,"0, JEAN CATELAS (RUE)",,,Plein jour,En agglomération,Intersection en T,Normale,Deux véhicules - côté,,,,,,,,,,,1,2,3,1,3
200600014179,0006-03-27 20:35:00,6,3,27,20,35,800,21,"0, ALBERT 1ER (MAIL)",,,Crépuscule ou aube,En agglomération,Hors intersection,Normale,Sans collision,,,,,,,,,,,2,2,1,1,7
200600014180,0006-03-28 13:15:00,6,3,28,13,15,800,674,DEFENSE PASSIVE (AVENUE,,,Plein jour,Hors agglomération,Hors intersection,Normale,Autre collision,,,,,,,,,,,1,1,1,1,6
200600014181,0006-03-29 08:10:00,6,3,29,8,10,800,674,"0, ROBERT PETIT (RUE)",,,Plein jour,En agglomération,Intersection en X,Normale,Deux véhicules - côté,,,,,,,,,,,1,2,2,1,3
200600014182,0006-03-23 13:10:00,6,3,23,13,10,810,4,RN112 SUD,,,Plein jour,En agglomération,Autre intersection,Normale,Sans collision,,,,,,,,,,,1,2,9,1,7
200600014183,0006-03-07 13:35:00,6,3,7,13,35,810,65,"104, JOFFRE (BD MARECHAL",,,Plein jour,En agglomération,Intersection en T,Normale,Deux véhicules - côté,,,,,,,,,,,1,2,3,1,3
200600014184,0006-03-17 18:15:00,6,3,17,18,15,810,65,DE LAS CASES (RUE COMTE,,,Plein jour,En agglomération,Hors intersection,Normale,Sans collision,,,,,,,,,,,1,2,1,1,7
200600014185,0006-03-19 04:05:00,6,3,19,4,5,810,65,TOULOUSE RN 126 (RTE DE),,,Nuit avec éclairage allumé,En agglomération,Giratoire,Normale,Sans collision,,,,,,,,,,,5,2,6,1,7
200600014186,0006-03-19 17:25:00,6,3,19,17,25,810,65,TOULOUSE RN 126 (RTE DE),,,Plein jour,En agglomération,Intersection en T,Normale,Deux véhicules - côté,,,,,,,,,,,1,2,3,1,3
200600014187,0006-03-19 03:10:00,6,3,19,3,10,810,65,ALBINQUE (PLACE DE L'),,,Nuit avec éclairage allumé,En agglomération,Hors intersection,Normale,Sans collision,,,,,,,,,,,5,2,1,1,7
200600014188,0006-03-26 12:30:00,6,3,26,12,30,810,65,BRUNIQUEL (RD 4 - AV MAR,,,Plein jour,En agglomération,Hors intersection,Normale,Sans collision,,,,,,,,,,,1,2,1,1,7
200600014189,0006-03-26 16:15:00,6,3,26,16,15,810,65,ROUTE DEPARTEMENTALE 47,,,Plein jour,Hors agglomération,Hors intersection,Normale,Sans collision,,,,,,,,,,,1,1,1,1,7
200600014190,0006-03-25 15:45:00,6,3,25,15,45,810,65,"14, PERIE (RUE THERON)",,,Plein jour,En agglomération,Hors intersection,Normale,Deux véhicules - côté,,,,,,,,,,,1,2,1,1,3
200600014191,0006-03-28 15:20:00,6,3,28,15,20,810,65,"333, ALBI (RN112 - RTE D",,,Plein jour,Hors agglomération,Hors intersection,Pluie légère,Sans collision,,,,,,,,,,,1,1,1,2,7
200600014192,0006-03-31 14:15:00,6,3,31,14,15,810,65,ALBERT 1° (AV),,,Plein jour,En agglomération,Hors intersection,Normale,Deux véhicules - arrière,,,,,,,,,,,1,2,1,1,2
200600014193,0006-03-09 08:15:00,6,3,9,8,15,810,105,REALMONT (ROUTE DE),,,Plein jour,Hors agglomération,Intersection en X,Pluie légère,Deux véhicules - côté,,,,,,,,,,,1,1,2,2,3
200600014194,0006-03-25 07:30:00,6,3,25,7,30,810,105,"RD631, REALMONT (ROUTE D",,,Crépuscule ou aube,Hors agglomération,Giratoire,Normale,Sans collision,,,,,,,,,,,2,1,6,1,7
200600014195,0006-03-29 01:30:00,6,3,29,1,30,810,21,PREMIERE ARMEE FRANCAISE,,,Nuit avec éclairage allumé,En agglomération,Intersection en X,Normale,Deux véhicules - côté,,,,,,,,,,,5,2,2,1,3
200600014196,0006-03-31 15:15:00,6,3,31,15,15,820,33,"4, FLAMENS (Pierre)",,,Plein jour,En agglomération,Intersection en X,Normale,Deux véhicules - côté,,,,,,,,,,,1,2,2,1,3
200600014197,0006-03-04 17:24:00,6,3,4,17,24,820,121,"0, SELVES (RUE DE)",,,Plein jour,En agglomération,Intersection en X,Normale,Deux véhicules - côté,,,,,,,,,,,1,2,2,1,3
200600014198,0006-03-11 06:10:00,6,3,11,6,10,820,121,LACRA,,,Nuit avec éclairage allumé,Hors agglomération,Hors intersection,Normale,Autre collision,,,,,,,,,,,5,1,1,1,6
200600014199,0006-03-01 14:15:00,6,3,1,14,15,820,121,"0, ALEXANDRE 1ER (PLACE)",,,Plein jour,En agglomération,Hors intersection,Normale,Autre collision,,,,,,,,,,,1,2,1,1,6
200600014200,0006-03-05 11:20:00,6,3,5,11,20,820,121,"1365, ALBI D 999 (AVENUE",,,Plein jour,Hors agglomération,Hors intersection,Normale,Deux véhicules - arrière,,,,,,,,,,,1,1,1,1,2
200600014201,0006-03-08 07:20:00,6,3,8,7,20,820,121,DE SAINT PIERRE (CHEMIN),,,Crépuscule ou aube,Hors agglomération,Intersection en T,Pluie légère,Deux véhicules - arrière,,,,,,,,,,,2,1,3,2,2
200600014202,0006-03-08 08:10:00,6,3,8,8,10,820,121,"1105, FAU (ROUTE DU)",,,Plein jour,Hors agglomération,Hors intersection,Pluie légère,Autre collision,,,,,,,,,,,1,1,1,2,6
200600014203,0006-03-08 14:00:00,6,3,8,14,0,820,121,"0, DE SAINT PIERRE (CHEM",,,Plein jour,Hors agglomération,Intersection en T,Autre,Trois véhicules et plus - en chaîne,,,,,,,,,,,1,1,3,9,4
200600014204,0006-03-11 14:00:00,6,3,11,14,0,820,121,"0, MOULIN N 20 (AVENUE J",,,Plein jour,En agglomération,Giratoire,Normale,Deux véhicules - arrière,,,,,,,,,,,1,2,6,1,2
200600014205,0006-03-13 08:20:00,6,3,13,8,20,820,121,"0, SAINT-ANTONIN (ROUTE",,,Plein jour,Hors agglomération,Hors intersection,Normale,Trois véhicules et plus - en chaîne,,,,,,,,,,,1,1,1,1,4
200600014206,0006-03-15 19:00:00,6,3,15,19,0,820,121,"431, MOULIN N 20 (AVENUE",,,Plein jour,En agglomération,Hors intersection,Normale,Autre collision,,,,,,,,,,,1,2,1,1,6
200600014207,0006-03-21 08:05:00,6,3,21,8,5,820,121,"0, MATRAS (CHEMIN DE)",,,Plein jour,En agglomération,Intersection en T,Normale,Deux véhicules - côté,,,,,,,,,,,1,2,3,1,3
200600014208,0006-03-18 16:24:00,6,3,18,16,24,820,121,LACRA,,,Plein jour,Hors agglomération,Hors intersection,Normale,Deux véhicules - arrière,,,,,,,,,,,1,1,1,1,2
200600014209,0006-03-19 18:50:00,6,3,19,18,50,820,121,"7, GARRISSON (BOULEVARD",,,Plein jour,En agglomération,Hors intersection,Normale,Autre collision,,,,,,,,,,,1,2,1,1,6
200600014210,0006-03-23 08:00:00,6,3,23,8,0,820,121,"0, VITARELLE (ROUTE DE L",,,Plein jour,Hors agglomération,Hors intersection,Autre,Trois véhicules et plus - collisions multiples,,,,,,,,,,,1,1,1,9,5
200600014211,0006-03-24 05:00:00,6,3,24,5,0,820,121,"0, SAINT-MARTIAL (CHEMIN",,,Nuit sans éclairage public,Hors agglomération,Hors intersection,Normale,Autre collision,,,,,,,,,,,3,1,1,1,6
200600014212,0006-03-24 11:45:00,6,3,24,11,45,820,121,"280, ALBI D 999 (AVENUE",,,Plein jour,Hors agglomération,Hors intersection,Normale,Autre collision,,,,,,,,,,,1,1,1,1,6
200600014213,0006-03-25 20:20:00,6,3,25,20,20,820,121,FUSTIE (CHEMIN DE),,,Nuit sans éclairage public,Hors agglomération,Hors intersection,Normale,Autre collision,,,,,,,,,,,3,1,1,1,6
200600014214,0006-03-27 17:18:00,6,3,27,17,18,820,121,"26, CLADEL (RUE LEON)",,,Plein jour,En agglomération,Hors intersection,Normale,Autre collision,,,,,,,,,,,1,2,1,1,6
200600014215,0006-03-28 16:55:00,6,3,28,16,55,820,121,"0, COMEDIE (RUE DE LA)",,,Plein jour,En agglomération,Intersection en T,Normale,Autre collision,,,,,,,,,,,1,2,3,1,6
200600014216,0006-03-30 07:45:00,6,3,30,7,45,820,121,"0, VOLTAIRE (RUE)",,,Plein jour,En agglomération,Intersection en X,Normale,Deux véhicules - côté,,,,,,,,,,,1,2,2,1,3
200600014217,0006-03-04 04:17:00,6,3,4,4,17,820,121,"300, PERRET (RUE)",,,Nuit avec éclairage allumé,En agglomération,Hors intersection,Normale,Autre collision,,,,,,,,,,,5,2,1,1,6
200600014218,0006-03-10 21:00:00,6,3,10,21,0,830,50,"15, CERISAIE(AVENUE DE L",,,Nuit avec éclairage allumé,En agglomération,Hors intersection,Normale,Autre collision,,,,,,,,,,,5,2,1,1,6
200600014219,0006-03-17 10:15:00,6,3,17,10,15,830,61,"0, RUE DU DOCTEUR DONNAD",,,Plein jour,En agglomération,Hors intersection,Normale,Autre collision,,,,,,,,,,,1,2,1,1,6
200600014220,0006-03-31 20:40:00,6,3,31,20,40,830,118,"3238, ROUTE DE LA CORNIC",,,Nuit avec éclairage allumé,En agglomération,Intersection en T,Normale,Autre collision,,,,,,,,,,,5,2,3,1,6
200600014221,0006-03-04 16:10:00,6,3,4,16,10,830,61,RN7,,,Plein jour,Hors agglomération,Hors intersection,Normale,Deux véhicules - frontale,,,,,,,,,,,1,1,1,1,1
200600014222,0006-03-05 15:50:00,6,3,5,15,50,830,118,"0, RN98",,,Plein jour,Hors agglomération,Hors intersection,Normale,Deux véhicules - frontale,,,,,,,,,,,1,1,1,1,1
200600014223,0006-03-08 18:45:00,6,3,8,18,45,830,69,PIERREFEU (ROUTE DE),,,Crépuscule ou aube,Hors agglomération,Hors intersection,Normale,Deux véhicules - frontale,,,,,,,,,,,2,1,1,1,1
200600014224,0006-03-10 08:00:00,6,3,10,8,0,830,69,"120, JAURES (AVENUE JEAN",,,Plein jour,En agglomération,Hors intersection,Normale,Deux véhicules - côté,,,,,,,,,,,1,2,1,1,3
200600014225,0006-03-26 05:20:00,6,3,26,5,20,830,69,TOULON RD 554 (AVENUE DE,,,Nuit avec éclairage allumé,En agglomération,Hors intersection,Normale,Autre collision,,,,,,,,,,,5,2,1,1,6
200600014226,0006-03-29 11:00:00,6,3,29,11,0,830,69,MARINE (BOULEVARD DE LA),,,Crépuscule ou aube,Hors agglomération,Hors intersection,Normale,Deux véhicules - côté,,,,,,,,,,,2,1,1,1,3
200600014227,0006-03-01 17:05:00,6,3,1,17,5,830,129,"52, REPUBLIQUE (AVENUE D",,,Plein jour,En agglomération,Place,Normale,Deux véhicules - arrière,,,,,,,,,,,1,2,7,1,2
200600014228,0006-03-03 10:00:00,6,3,3,10,0,830,129,"375, FONT DE FILLOL (RC",,,Plein jour,En agglomération,Hors intersection,Normale,Deux véhicules - frontale,,,,,,,,,,,1,2,1,1,1
200600014229,0006-03-03 16:30:00,6,3,3,16,30,830,129,"000, ROUVEAU (RUE DU)",,,Plein jour,En agglomération,Hors intersection,Normale,Autre collision,,,,,,,,,,,1,2,1,1,6
200600014230,0006-03-07 18:30:00,6,3,7,18,30,830,123,"1254, RAOUL COLETTA (IMP",,,Nuit avec éclairage allumé,En agglomération,Intersection en X,Normale,Deux véhicules - côté,,,,,,,,,,,5,2,2,1,3
200600014231,0006-03-11 15:30:00,6,3,11,15,30,830,129,ECOLES (BD DES),,,Plein jour,En agglomération,Intersection en X,Normale,Sans collision,,,,,,,,,,,1,2,2,1,7
200600014232,0006-03-14 16:15:00,6,3,14,16,15,830,129,SABLETTES (ROUTE DES),,,Plein jour,En agglomération,Intersection en X,Normale,Deux véhicules - côté,,,,,,,,,,,1,2,2,1,3
200600014233,0006-03-20 07:30:00,6,3,20,7,30,830,129,JUIN MARECHAL (AV DU),,,Plein jour,En agglomération,Giratoire,Normale,Deux véhicules - arrière,,,,,,,,,,,1,2,6,1,2
200600014234,0006-03-23 21:55:00,6,3,23,21,55,830,123,", BUGE (CHEMIN DE LA)N°",,,Nuit avec éclairage allumé,En agglomération,Hors intersection,Normale,Autre collision,,,,,,,,,,,5,2,1,1,6
200600014235,0006-03-26 17:00:00,6,3,26,17,0,830,9,DEPARTEMENTALE 559 (ROUT,,,Plein jour,En agglomération,Intersection en T,Normale,Trois véhicules et plus - collisions multiples,,,,,,,,,,,1,2,3,1,5
200600014236,0006-03-30 12:45:00,6,3,30,12,45,830,123,FLEURS DE MAI (AVENUE),,,Plein jour,En agglomération,Giratoire,Normale,Deux véhicules - côté,,,,,,,,,,,1,2,6,1,3
200600014237,0006-03-06 06:05:00,6,3,6,6,5,830,126,ARMEE FRANCAISE (AV DE L,,,Nuit avec éclairage allumé,En agglomération,Hors intersection,Normale,Sans collision,,,,,,,,,,,5,2,1,1,7
200600014238,0006-03-07 09:30:00,6,3,7,9,30,830,126,KENNEDY (CARREFOUR),,,Plein jour,En agglomération,Hors intersection,Normale,Autre collision,,,,,,,,,,,1,2,1,1,6
200600014239,0006-03-08 07:55:00,6,3,8,7,55,830,126,"55, BRUXELLES(AVENUE DE)",,,Plein jour,En agglomération,Hors intersection,Normale,Trois véhicules et plus - collisions multiples,,,,,,,,,,,1,2,1,1,5
200600014240,0006-03-10 09:35:00,6,3,10,9,35,830,126,KENNEDY (CARREFOUR),,,Plein jour,En agglomération,Hors intersection,Normale,Autre collision,,,,,,,,,,,1,2,1,1,6
200600014241,0006-03-10 15:00:00,6,3,10,15,0,830,126,"184, FARLEDE (CHEMIN DE",,,Plein jour,En agglomération,Intersection en T,Vent fort / tempête,Deux véhicules - côté,,,,,,,,,,,1,2,3,6,3
200600014242,0006-03-12 09:50:00,6,3,12,9,50,830,126,KENNEDY (CARREFOUR),,,Plein jour,En agglomération,Hors intersection,Temps éblouissant,Autre collision,,,,,,,,,,,1,2,1,7,6
200600014243,0006-03-25 19:35:00,6,3,25,19,35,830,126,CD63,,,Nuit avec éclairage allumé,En agglomération,Hors intersection,Normale,Deux véhicules - côté,,,,,,,,,,,5,2,1,1,3
200600014244,0006-03-31 15:15:00,6,3,31,15,15,830,126,", LA SEYNE A BASTIAN (CH",,,Plein jour,En agglomération,Hors intersection,Normale,Autre collision,,,,,,,,,,,1,2,1,1,6
200600014245,0006-03-02 16:00:00,6,3,2,16,0,830,137,"0, LE CHATELIER (AVE AND",,,Plein jour,Hors agglomération,Hors intersection,Normale,Deux véhicules - arrière,,,,,,,,,,,1,1,1,1,2
200600014246,0006-03-04 12:45:00,6,3,4,12,45,830,137,"0, WEYGAND (AVE GENERAL)",,,Plein jour,En agglomération,Intersection en X,Normale,Autre collision,,,,,,,,,,,1,2,2,1,6
200600014247,0006-03-08 19:00:00,6,3,8,19,0,830,137,"0, TIRAILLEURS SENEGALAI",,,Nuit avec éclairage allumé,En agglomération,Hors intersection,Normale,Trois véhicules et plus - en chaîne,,,,,,,,,,,5,2,1,1,4
200600014248,0006-03-10 16:45:00,6,3,10,16,45,830,90,"332, MISTRAL (AVE FREDER",,,Plein jour,En agglomération,Hors intersection,Normale,Deux véhicules - arrière,,,,,,,,,,,1,2,1,1,2
200600014249,0006-03-10 17:40:00,6,3,10,17,40,830,137,"4339, ESCARTEFIGUE (CORN",,,Plein jour,En agglomération,Intersection en T,Normale,Deux véhicules - côté,,,,,,,,,,,1,2,3,1,3
200600014250,0006-03-13 16:30:00,6,3,13,16,30,830,144,"0, Avenue Louis IMBERT",,,Plein jour,En agglomération,Hors intersection,Normale,Autre collision,,,,,,,,,,,1,2,1,1,6
200600014251,0006-03-11 17:55:00,6,3,11,17,55,830,137,HERRIOT (AVE EDOUARD),,,Plein jour,En agglomération,Intersection en T,Normale,Deux véhicules - côté,,,,,,,,,,,1,2,3,1,3
200600014252,0006-03-07 16:00:00,6,3,7,16,0,830,137,"0, ESCARTEFIGUE (CORNICH",,,Plein jour,En agglomération,Intersection en T,Normale,Deux véhicules - côté,,,,,,,,,,,1,2,3,1,3
200600014253,0006-03-11 09:00:00,6,3,11,9,0,830,90,"0, SCHUMAN (ROND POINT)",,,Plein jour,Hors agglomération,Giratoire,Normale,Deux véhicules - côté,,,,,,,,,,,1,1,6,1,3