accident_id,datetime,annee,mois,jour,heure,minute,departement,commune_insee,adresse,latitude,longitude,luminosite,agglomeration,intersection,meteo,collision,nb_vehicules,nb_usagers,nb_indemnes,nb_tues,nb_blesses_hosp,nb_blesses_legers,age_cond_1,age_cond_2,veh_type_cond_1,veh_type_cond_2,lum_code,agg_code,int_code,atm_code,col_code
200600014254,0006-03-10 08:05:00,6,3,10,8,5,830,98,"71, PREMIERE (D.F.L)",,,Plein jour,En agglomération,Hors intersection,Normale,Autre collision,,,,,,,,,,,1,2,1,1,6
200600014255,0006-03-23 17:50:00,6,3,23,17,50,830,137,FARON (BD DU),,,Plein jour,En agglomération,Intersection en T,Normale,Deux véhicules - frontale,,,,,,,,,,,1,2,3,1,1
200600014256,0006-03-24 10:45:00,6,3,24,10,45,830,137,WEYGAND (AVE GENERAL),,,Plein jour,En agglomération,Hors intersection,Normale,Deux véhicules - arrière,,,,,,,,,,,1,2,1,1,2
200600014257,0006-03-26 16:35:00,6,3,26,16,35,830,90,"0, GORGES (ROUTE DES)",,,Plein jour,Hors agglomération,Hors intersection,Normale,Deux véhicules - côté,,,,,,,,,,,1,1,1,1,3
200600014258,0006-03-15 13:35:00,6,3,15,13,35,830,137,FOCH (AVE DU MARECHAL),,,Plein jour,En agglomération,Hors intersection,Normale,Deux véhicules - côté,,,,,,,,,,,1,2,1,1,3
200600014259,0006-03-23 09:00:00,6,3,23,9,0,830,137,"825, RESISTANCE (AVE / I",,,Plein jour,En agglomération,Hors intersection,Normale,Deux véhicules - arrière,,,,,,,,,,,1,2,1,1,2
200600014260,0006-03-28 13:30:00,6,3,28,13,30,830,90,SANARY (ROUTE DE),,,Plein jour,Hors agglomération,Hors intersection,Normale,Deux véhicules - côté,,,,,,,,,,,1,1,1,1,3
200600014261,0006-03-29 14:25:00,6,3,29,14,25,830,137,LOTI (AVE PIERRE),,,Plein jour,En agglomération,Intersection en X,Normale,Deux véhicules - côté,,,,,,,,,,,1,2,2,1,3
200600014262,0006-03-29 14:55:00,6,3,29,14,55,830,137,"33, 15EME CORPS (AVE DU)",,,Plein jour,En agglomération,Hors intersection,Normale,Autre collision,,,,,,,,,,,1,2,1,1,6
200600014263,0006-03-25 10:45:00,6,3,25,10,45,830,144,"295, MIRASOULEOU (AVE)",,,Plein jour,En agglomération,Hors intersection,Normale,Deux véhicules - arrière,,,,,,,,,,,1,2,1,1,2
200600014264,0006-03-21 07:45:00,6,3,21,7,45,830,90,"2000, FAVEYROLLES (ROUTE",,,Plein jour,En agglomération,Hors intersection,Normale,Deux véhicules - côté,,,,,,,,,,,1,2,1,1,3
200600014265,0006-03-30 22:20:00,6,3,30,22,20,830,137,MATISSE (RUE / IMP HENRI,,,Nuit avec éclairage allumé,En agglomération,Intersection en X,Normale,Deux véhicules - côté,,,,,,,,,,,5,2,2,1,3
200600014266,0006-03-14 17:20:00,6,3,14,17,20,830,137,BRIAND (AVE ARISTIDE DE,,,Plein jour,En agglomération,Hors intersection,Normale,Trois véhicules et plus - collisions multiples,,,,,,,,,,,1,2,1,1,5
200600014267,0006-03-31 23:10:00,6,3,31,23,10,830,137,BROSSET (BD GENERAL),,,Nuit avec éclairage allumé,En agglomération,Intersection à plus de 4 branches,Normale,Deux véhicules - côté,,,,,,,,,,,5,2,5,1,3
200600014268,0006-03-25 18:00:00,6,3,25,18,0,830,137,DAVID (RUE),,,Plein jour,En agglomération,Hors intersection,Normale,Deux véhicules - côté,,,,,,,,,,,1,2,1,1,3
200600014269,0006-03-27 14:15:00,6,3,27,14,15,830,137,"0, 3EME RGT DES TIRAILLE",,,Plein jour,En agglomération,Autre intersection,Normale,Deux véhicules - côté,,,,,,,,,,,1,2,9,1,3
200600014270,0006-03-30 12:15:00,6,3,30,12,15,830,137,BROSSET (BD GENERAL),,,Plein jour,En agglomération,Hors intersection,Normale,Deux véhicules - côté,,,,,,,,,,,1,2,1,1,3
200600014271,0006-03-27 10:00:00,6,3,27,10,0,830,144,"0, UNIVERSITE",,,Plein jour,En agglomération,Giratoire,Normale,Deux véhicules - côté,,,,,,,,,,,1,2,6,1,3
200600014272,0006-03-02 08:35:00,6,3,2,8,35,840,7,LYON (route de ),,,Plein jour,En agglomération,Hors intersection,Normale,Deux véhicules - côté,,,,,,,,,,,1,2,1,1,3
200600014273,0006-03-03 07:00:00,6,3,3,7,0,840,7,FELONS (Chemin des),,,Nuit sans éclairage public,En agglomération,Intersection en X,Normale,Deux véhicules - côté,,,,,,,,,,,3,2,2,1,3
200600014274,0006-03-03 17:20:00,6,3,3,17,20,840,7,LYON (route de ),,,Plein jour,En agglomération,Hors intersection,Normale,Autre collision,,,,,,,,,,,1,2,1,1,6
200600014275,0006-03-09 15:28:00,6,3,9,15,28,840,7,OULLE (Allées de l'),,,Plein jour,En agglomération,Intersection en T,Normale,Deux véhicules - côté,,,,,,,,,,,1,2,3,1,3
200600014276,0006-03-06 17:50:00,6,3,6,17,50,840,7,MORIERES (Route de ),,,Plein jour,Hors agglomération,Hors intersection,Normale,Deux véhicules - arrière,,,,,,,,,,,1,1,1,1,2
200600014277,0006-03-13 19:20:00,6,3,13,19,20,840,7,100 (ROUTE NATIONALE),,,Crépuscule ou aube,En agglomération,Hors intersection,Normale,Autre collision,,,,,,,,,,,2,2,1,1,6
200600014278,0006-03-14 10:50:00,6,3,14,10,50,840,7,"124, TRILLADE (avenue de",,,Plein jour,En agglomération,Hors intersection,Normale,Autre collision,,,,,,,,,,,1,2,1,1,6
200600014279,0006-03-15 18:40:00,6,3,15,18,40,840,7,"2, EISENHOWER (Avenue)",,,Plein jour,En agglomération,Hors intersection,Normale,Deux véhicules - côté,,,,,,,,,,,1,2,1,1,3
200600014280,0006-03-16 19:39:00,6,3,16,19,39,840,7,C.De GAULLE (Rocade),,,Nuit avec éclairage allumé,En agglomération,Hors intersection,Normale,Deux véhicules - côté,,,,,,,,,,,5,2,1,1,3
200600014281,0006-03-17 15:10:00,6,3,17,15,10,840,7,LAVARIN (Chemin du ),,,Plein jour,En agglomération,Hors intersection,Normale,Deux véhicules - côté,,,,,,,,,,,1,2,1,1,3
200600014282,0006-03-19 23:20:00,6,3,19,23,20,840,7,TARASCON,,,Nuit avec éclairage allumé,En agglomération,Autre intersection,Normale,Sans collision,,,,,,,,,,,5,2,9,1,7
200600014283,0006-03-23 13:45:00,6,3,23,13,45,840,7,ROYAUME et DALADIER (Pon,,,Plein jour,En agglomération,Intersection en T,Normale,Deux véhicules - côté,,,,,,,,,,,1,2,3,1,3
200600014284,0006-03-24 21:50:00,6,3,24,21,50,840,7,TRILLADE (avenue de la ),,,Nuit avec éclairage allumé,En agglomération,Intersection en X,Pluie légère,Deux véhicules - côté,,,,,,,,,,,5,2,2,2,3
200600014285,0006-03-23 00:35:00,6,3,23,0,35,840,7,MARSEILLE (Route de ),,,Nuit sans éclairage public,Hors agglomération,Giratoire,Normale,Deux véhicules - côté,,,,,,,,,,,3,1,6,1,3
200600014286,0006-03-27 16:45:00,6,3,27,16,45,840,7,MORIERES (Route de ),,,Plein jour,En agglomération,Hors intersection,Normale,Deux véhicules - côté,,,,,,,,,,,1,2,1,1,3
200600014287,0006-03-30 16:50:00,6,3,30,16,50,840,7,TRILLADE (avenue de la ),,,Plein jour,En agglomération,Intersection en T,Normale,Deux véhicules - côté,,,,,,,,,,,1,2,3,1,3
200600014288,0006-03-31 08:25:00,6,3,31,8,25,840,7,"3, MOTTET (Rue Agathe)",,,Plein jour,En agglomération,Hors intersection,Normale,Autre collision,,,,,,,,,,,1,2,1,1,6
200600014289,0006-03-31 12:40:00,6,3,31,12,40,840,7,"82, EISENHOWER (Avenue)",,,Plein jour,En agglomération,Hors intersection,Normale,Autre collision,,,,,,,,,,,1,2,1,1,6
200600014290,0006-03-31 08:55:00,6,3,31,8,55,840,7,PICASSO (rue Pablo),,,Plein jour,En agglomération,Hors intersection,Normale,Autre collision,,,,,,,,,,,1,2,1,1,6
200600014291,0006-03-31 16:45:00,6,3,31,16,45,840,7,PIERRE SEMARD (avenue),,,Plein jour,En agglomération,Intersection en X,Normale,Deux véhicules - côté,,,,,,,,,,,1,2,2,1,3
200600014292,0006-03-29 11:20:00,6,3,29,11,20,840,31,MOULIN AVENUE DU,,,Plein jour,En agglomération,Hors intersection,Normale,Deux véhicules - arrière,,,,,,,,,,,1,2,1,1,2
200600014293,0006-03-02 08:00:00,6,3,2,8,0,840,35,"000, KENNEDY (AVENUE J.F",,,Plein jour,En agglomération,Hors intersection,Normale,Deux véhicules - côté,,,,,,,,,,,1,2,1,1,3
200600014294,0006-03-12 16:35:00,6,3,12,16,35,840,35,"000, RD.973",,,Plein jour,Hors agglomération,Hors intersection,Vent fort / tempête,Deux véhicules - côté,,,,,,,,,,,1,1,1,6,3
200600014295,0006-03-15 08:50:00,6,3,15,8,50,840,35,"000, CHATEAUX-CR80 (CHEM",,,Plein jour,Hors agglomération,Hors intersection,Normale,Sans collision,,,,,,,,,,,1,1,1,1,7
200600014296,0006-03-17 16:55:00,6,3,17,16,55,840,35,"000, COURSES (ROUTE DES)",,,Plein jour,En agglomération,Hors intersection,Normale,Deux véhicules - arrière,,,,,,,,,,,1,2,1,1,2
200600014297,0006-03-28 15:45:00,6,3,28,15,45,840,35,"000, LAGNES-RD24 (ROUTE",,,Plein jour,Hors agglomération,Hors intersection,Normale,Sans collision,,,,,,,,,,,1,1,1,1,7
200600014298,0006-03-28 18:30:00,6,3,28,18,30,840,35,"000, RD.22",,,Plein jour,Hors agglomération,Hors intersection,Normale,Sans collision,,,,,,,,,,,1,1,1,1,7
200600014299,0006-03-29 09:11:00,6,3,29,9,11,840,35,"000, BERTHELOT (AVENUE)",,,Plein jour,En agglomération,Hors intersection,Normale,Sans collision,,,,,,,,,,,1,2,1,1,7
200600014300,0006-03-06 22:10:00,6,3,6,22,10,840,87,"1, BEDARRIDES-NORD (CHEM",,,Nuit avec éclairage allumé,En agglomération,Intersection en X,Normale,Deux véhicules - côté,,,,,,,,,,,5,2,2,1,3
200600014301,0006-03-07 17:25:00,6,3,7,17,25,850,191,"181, SALENGRO RUE ROGER",,,Plein jour,En agglomération,Hors intersection,Normale,Deux véhicules - côté,,,,,,,,,,,1,2,1,1,3
200600014302,0006-03-04 20:55:00,6,3,4,20,55,850,191,"0, Route de DOMPIERRE",,,Nuit sans éclairage public,Hors agglomération,Hors intersection,Neige / grêle,Autre collision,,,,,,,,,,,3,1,1,4,6
200600014303,0006-03-05 15:49:00,6,3,5,15,49,850,191,"0, VOLTAIRE RUE",,,Plein jour,En agglomération,Intersection en X,Normale,Deux véhicules - côté,,,,,,,,,,,1,2,2,1,3
200600014304,0006-03-12 18:25:00,6,3,12,18,25,850,191,"0, VICTOIRE DE VALMY RUE",,,Plein jour,En agglomération,Hors intersection,Normale,Deux véhicules - arrière,,,,,,,,,,,1,2,1,1,2
200600014305,0006-03-17 16:45:00,6,3,17,16,45,850,191,"0, CEVERT RUE FRANCOIS",,,Plein jour,En agglomération,Intersection en T,Normale,Deux véhicules - côté,,,,,,,,,,,1,2,3,1,3
200600014306,0006-03-02 07:25:00,6,3,2,7,25,850,194,BRAILLE (RUE LOUIS),,,Nuit avec éclairage allumé,En agglomération,Hors intersection,Pluie légère,Autre collision,,,,,,,,,,,5,2,1,2,6
200600014307,0006-03-14 11:10:00,6,3,14,11,10,850,194,YOLE (RUE JEAN),,,Plein jour,En agglomération,Intersection en X,Normale,Deux véhicules - côté,,,,,,,,,,,1,2,2,1,3
200600014308,0006-03-17 22:15:00,6,3,17,22,15,850,194,CROIX BLANCHE (RUE DE LA,,,Nuit avec éclairage allumé,En agglomération,Intersection en X,Pluie légère,Deux véhicules - côté,,,,,,,,,,,5,2,2,2,3
200600014309,0006-03-27 18:15:00,6,3,27,18,15,850,194,"97, MITTERAND (AVENUE FR",,,Plein jour,En agglomération,Hors intersection,Normale,Deux véhicules - frontale,,,,,,,,,,,1,2,1,1,1
200600014310,0006-03-24 09:25:00,6,3,24,9,25,850,194,MONTEBELLO (RUE),,,Plein jour,En agglomération,Intersection en X,Normale,Deux véhicules - côté,,,,,,,,,,,1,2,2,1,3
200600014311,0006-03-29 18:05:00,6,3,29,18,5,850,194,JOFFRE (RUE MARECHAL),,,Plein jour,En agglomération,Autre intersection,Normale,Deux véhicules - frontale,,,,,,,,,,,1,2,9,1,1
200600014312,0006-03-24 16:00:00,6,3,24,16,0,850,194,NICOT (RUE JEAN),,,Plein jour,En agglomération,Hors intersection,Pluie légère,Sans collision,,,,,,,,,,,1,2,1,2,7
200600014313,0006-03-29 07:55:00,6,3,29,7,55,850,194,GAULLE (RUE CHARLES DE),,,Plein jour,En agglomération,Intersection en X,Normale,Autre collision,,,,,,,,,,,1,2,2,1,6
200600014314,0006-03-05 16:05:00,6,3,5,16,5,860,66,"155, CHATEAUNEUF (GRANDE",,,Plein jour,En agglomération,Intersection en X,Normale,Deux véhicules - côté,,,,,,,,,,,1,2,2,1,3
200600014315,0006-03-18 13:10:00,6,3,18,13,10,860,66,PLEUMARTIN (ROUTE DE),,,Plein jour,Hors agglomération,Intersection en X,Normale,Deux véhicules - côté,,,,,,,,,,,1,1,2,1,3
200600014316,0006-03-30 12:15:00,6,3,30,12,15,860,66,RN 10,,,Plein jour,En agglomération,Intersection en T,Temps couvert,Deux véhicules - côté,,,,,,,,,,,1,2,3,8,3
200600014317,0006-03-17 20:08:00,6,3,17,20,8,860,66,"103, CHATEAUNEUF (GRANDE",,,Nuit avec éclairage allumé,En agglomération,Hors intersection,Normale,Sans collision,,,,,,,,,,,5,2,1,1,7
200600014318,0006-03-01 08:30:00,6,3,1,8,30,860,194,ROCADE OUEST (RN10),,,Plein jour,Hors agglomération,Hors intersection,Normale,Autre collision,,,,,,,,,,,1,1,1,1,6
200600014319,0006-03-01 10:40:00,6,3,1,10,40,860,194,CHARDONCHAMPS (RUE DE),,,Plein jour,En agglomération,Intersection en T,Normale,Deux véhicules - côté,,,,,,,,,,,1,2,3,1,3
200600014320,0006-03-03 17:25:00,6,3,3,17,25,860,41,RN 147 BUXEROLLES,,,Plein jour,Hors agglomération,Hors intersection,Pluie forte,Deux véhicules - arrière,,,,,,,,,,,1,1,1,3,2
200600014321,0006-03-04 15:35:00,6,3,4,15,35,860,194,"., GENCAY (ROUTE DE)",,,Plein jour,En agglomération,Hors intersection,Pluie forte,Autre collision,,,,,,,,,,,1,2,1,3,6
200600014322,0006-03-08 09:55:00,6,3,8,9,55,860,194,ANATOLE FRANCE (BOULEVAR,,,Plein jour,En agglomération,Hors intersection,Normale,Deux véhicules - arrière,,,,,,,,,,,1,2,1,1,2
200600014323,0006-03-09 10:20:00,6,3,9,10,20,860,194,JOHN KENNEDY (AVENUE),,,Plein jour,En agglomération,Intersection en X,Pluie légère,Deux véhicules - arrière,,,,,,,,,,,1,2,2,2,2
200600014324,0006-03-13 11:05:00,6,3,13,11,5,860,194,"10, VICTOR HUGO (RUE)",,,Plein jour,En agglomération,Hors intersection,Normale,Deux véhicules - arrière,,,,,,,,,,,1,2,1,1,2
200600014325,0006-03-13 16:20:00,6,3,13,16,20,860,194,"8, JEAN JAURES (RUE)",,,Plein jour,En agglomération,Hors intersection,Normale,Deux véhicules - côté,,,,,,,,,,,1,2,1,1,3
200600014326,0006-03-15 08:45:00,6,3,15,8,45,860,214,"217, GENCAY (ROUTE DE)",,,Plein jour,En agglomération,Hors intersection,Normale,Trois véhicules et plus - en chaîne,,,,,,,,,,,1,2,1,1,4
200600014327,0006-03-19 17:15:00,6,3,19,17,15,860,214,FLEE (LIEU DIT),,,Plein jour,En agglomération,Hors intersection,Normale,Sans collision,,,,,,,,,,,1,2,1,1,7
200600014328,0006-03-19 18:55:00,6,3,19,18,55,860,194,BONNEUIL MATOURS (ROUTE,,,Crépuscule ou aube,Hors agglomération,Intersection en T,Pluie légère,Deux véhicules - côté,,,,,,,,,,,2,1,3,2,3
200600014329,0006-03-20 16:50:00,6,3,20,16,50,860,194,"38, GENCAY (ROUTE DE)",,,Plein jour,En agglomération,Hors intersection,Normale,Deux véhicules - côté,,,,,,,,,,,1,2,1,1,3
200600014330,0006-03-22 10:15:00,6,3,22,10,15,860,157,RN.147,,,Plein jour,Hors agglomération,Hors intersection,Pluie légère,Trois véhicules et plus - collisions multiples,,,,,,,,,,,1,1,1,2,5
200600014331,0006-03-28 18:35:00,6,3,28,18,35,860,194,"46, CHASSEIGNE (BOULEVAR",,,Plein jour,En agglomération,Hors intersection,Pluie forte,Trois véhicules et plus - en chaîne,,,,,,,,,,,1,2,1,3,4
200600014332,0006-03-29 06:50:00,6,3,29,6,50,860,194,JOHN KENNEDY (AVENUE),,,Nuit avec éclairage allumé,En agglomération,Intersection en X,Normale,Deux véhicules - côté,,,,,,,,,,,5,2,2,1,3
200600014333,0006-03-31 19:30:00,6,3,31,19,30,860,88,RN.10,,,Plein jour,Hors agglomération,Hors intersection,Normale,Autre collision,,,,,,,,,,,1,1,1,1,6
200600014334,0006-03-01 07:40:00,6,3,1,7,40,870,85,"75, GRAND-TREUIL (RUE DU",,,Plein jour,En agglomération,Hors intersection,Normale,Deux véhicules - frontale,,,,,,,,,,,1,2,1,1,1
200600014335,0006-03-01 13:52:00,6,3,1,13,52,870,85,"95, BELLAC (RUE DE)",,,Plein jour,En agglomération,Intersection en X,Normale,Deux véhicules - côté,,,,,,,,,,,1,2,2,1,3
200600014336,0006-03-02 08:50:00,6,3,2,8,50,870,85,D220,,,Plein jour,Hors agglomération,Intersection en X,Normale,Deux véhicules - côté,,,,,,,,,,,1,1,2,1,3
200600014337,0006-03-02 11:43:00,6,3,2,11,43,870,85,AUTOROUTE A20,,,Plein jour,Hors agglomération,Hors intersection,Normale,Autre collision,,,,,,,,,,,1,1,1,1,6
200600014338,0006-03-02 17:00:00,6,3,2,17,0,870,85,"6, GOUFFIER DE LASTOURS",,,Plein jour,En agglomération,Intersection en X,Normale,Deux véhicules - côté,,,,,,,,,,,1,2,2,1,3
200600014339,0006-03-03 09:00:00,6,3,3,9,0,870,85,"119, SAINTE CLAIRE (RUE)",,,Plein jour,En agglomération,Hors intersection,Pluie légère,Autre collision,,,,,,,,,,,1,2,1,2,6
200600014340,0006-03-03 12:25:00,6,3,3,12,25,870,85,"56, LABUSSIERE (AVENUE E",,,Plein jour,En agglomération,Hors intersection,Pluie légère,Autre collision,,,,,,,,,,,1,2,1,2,6
200600014341,0006-03-05 13:53:00,6,3,5,13,53,870,85,AUTOROUTE A20,,,Plein jour,Hors agglomération,Hors intersection,Pluie légère,Autre collision,,,,,,,,,,,1,1,1,2,6
200600014342,0006-03-04 02:05:00,6,3,4,2,5,870,85,"2, PERIN (BOULEVARD GEOR",,,Nuit avec éclairage allumé,En agglomération,Hors intersection,Pluie légère,Autre collision,,,,,,,,,,,5,2,1,2,6
200600014343,0006-03-04 13:45:00,6,3,4,13,45,870,85,LOCARNO (AVENUE),,,Plein jour,En agglomération,Hors intersection,Normale,Autre collision,,,,,,,,,,,1,2,1,1,6
200600014344,0006-03-05 00:32:00,6,3,5,0,32,870,85,"18, LABUSSIERE (AVENUE E",,,Nuit avec éclairage allumé,En agglomération,Hors intersection,Normale,Autre collision,,,,,,,,,,,5,2,1,1,6
200600014345,0006-03-06 17:30:00,6,3,6,17,30,870,48,VEYRINAS (LIEU DIT),,,Plein jour,Hors agglomération,Hors intersection,Normale,Deux véhicules - côté,,,,,,,,,,,1,1,1,1,3
200600014346,0006-03-07 18:12:00,6,3,7,18,12,870,85,"244, DUTREIX (RUE ARMAND",,,Plein jour,En agglomération,Hors intersection,Normale,Deux véhicules - côté,,,,,,,,,,,1,2,1,1,3
200600014347,0006-03-09 08:00:00,6,3,9,8,0,870,85,CHATENET (RUE DU),,,Plein jour,En agglomération,Intersection en X,Pluie légère,Deux véhicules - côté,,,,,,,,,,,1,2,2,2,3
200600014348,0006-03-08 17:49:00,6,3,8,17,49,870,85,"2, MOCQUET(RUE GUY)",,,Plein jour,Hors agglomération,Hors intersection,Pluie forte,Sans collision,,,,,,,,,,,1,1,1,3,7
200600014349,0006-03-08 17:48:00,6,3,8,17,48,870,50,"8, LIMOGES (AVENUE DE)",,,Plein jour,En agglomération,Hors intersection,Pluie légère,Deux véhicules - côté,,,,,,,,,,,1,2,1,2,3
200600014350,0006-03-14 06:22:00,6,3,14,6,22,870,85,BORIE (BOULEVARD DE LA),,,Nuit avec éclairage allumé,En agglomération,Hors intersection,Normale,Autre collision,,,,,,,,,,,5,2,1,1,6
200600014351,0006-03-14 17:09:00,6,3,14,17,9,870,85,AURIOL (AVENUE DU PRESID,,,Plein jour,En agglomération,Hors intersection,Normale,Autre collision,,,,,,,,,,,1,2,1,1,6
200600014352,0006-03-15 12:05:00,6,3,15,12,5,870,85,"32, BUISSON (RUE FERDINA",,,Plein jour,En agglomération,Hors intersection,Normale,Autre collision,,,,,,,,,,,1,2,1,1,6
200600014353,0006-03-16 16:50:00,6,3,16,16,50,870,85,TOURNY (CARREFOUR),,,Plein jour,En agglomération,Intersection à plus de 4 branches,Normale,Deux véhicules - côté,,,,,,,,,,,1,2,5,1,3
200600014354,0006-03-17 18:05:00,6,3,17,18,5,870,85,REVOLUTION (PONT DE LA),,,Plein jour,Hors agglomération,Hors intersection,Normale,Autre collision,,,,,,,,,,,1,1,1,1,6
200600014355,0006-03-18 16:45:00,6,3,18,16,45,870,85,"28, BEAUBLANC (BOULEVARD",,,Plein jour,En agglomération,Intersection en T,Pluie légère,Deux véhicules - côté,,,,,,,,,,,1,2,3,2,3
200600014356,0006-03-18 16:55:00,6,3,18,16,55,870,85,"2, GARIBALDI (AVENUE)",,,Plein jour,En agglomération,Hors intersection,Pluie légère,Autre collision,,,,,,,,,,,1,2,1,2,6
200600014357,0006-03-19 16:40:00,6,3,19,16,40,870,85,BEAUBREUIL (AVENUE DE),,,Plein jour,En agglomération,Hors intersection,Normale,Autre collision,,,,,,,,,,,1,2,1,1,6
200600014358,0006-03-19 17:55:00,6,3,19,17,55,870,85,ROCHILLOUX (RUE DES),,,Plein jour,En agglomération,Hors intersection,Normale,Autre collision,,,,,,,,,,,1,2,1,1,6
200600014359,0006-03-20 12:45:00,6,3,20,12,45,870,85,ALLENDE (QUAI SALVADOR),,,Plein jour,En agglomération,Hors intersection,Normale,Deux véhicules - côté,,,,,,,,,,,1,2,1,1,3
200600014360,0006-03-31 17:50:00,6,3,31,17,50,870,85,"3, PETITES MAISONS (RUE",,,Nuit avec éclairage allumé,En agglomération,Hors intersection,Normale,Autre collision,,,,,,,,,,,5,2,1,1,6
200600014361,0006-03-24 14:45:00,6,3,24,14,45,870,85,"9, REVOLUTION (AVENUE DE",,,Plein jour,En agglomération,Intersection en X,Normale,Deux véhicules - côté,,,,,,,,,,,1,2,2,1,3
200600014362,0006-03-24 19:17:00,6,3,24,19,17,870,85,VALIN (AVENUE DU GENERAL,,,Nuit avec éclairage allumé,En agglomération,Hors intersection,Pluie légère,Deux véhicules - arrière,,,,,,,,,,,5,2,1,2,2
200600014363,0006-03-25 01:35:00,6,3,25,1,35,870,114,"2, LEYSSENE (JOSEPH-)",,,Nuit avec éclairage allumé,En agglomération,Hors intersection,Normale,Deux véhicules - arrière,,,,,,,,,,,5,2,1,1,2
200600014364,0006-03-25 17:00:00,6,3,25,17,0,870,85,"62, ROUSSILLON (AVENUE D",,,Plein jour,En agglomération,Hors intersection,Normale,Autre collision,,,,,,,,,,,1,2,1,1,6
200600014365,0006-03-26 14:20:00,6,3,26,14,20,870,85,"12, PARBELLE (PLACE PAUL",,,Plein jour,En agglomération,Intersection en T,Normale,Deux véhicules - côté,,,,,,,,,,,1,2,3,1,3
200600014366,0006-03-28 07:45:00,6,3,28,7,45,870,85,"15, HALEVY (RUE)",,,Plein jour,En agglomération,Hors intersection,Normale,Deux véhicules - côté,,,,,,,,,,,1,2,1,1,3
200600014367,0006-03-28 13:55:00,6,3,28,13,55,870,85,AUTOROUTE A20,,,Plein jour,Hors agglomération,Hors intersection,Pluie légère,Deux véhicules - arrière,,,,,,,,,,,1,1,1,2,2
200600014368,0006-03-29 10:10:00,6,3,29,10,10,870,85,"16, BEAUBLANC (BOULEVARD",,,Plein jour,En agglomération,Hors intersection,Pluie légère,Autre collision,,,,,,,,,,,1,2,1,2,6
200600014369,0006-03-30 16:25:00,6,3,30,16,25,870,85,MAS-GIGOU (RUE DU),,,Plein jour,En agglomération,Hors intersection,Pluie légère,Autre collision,,,,,,,,,,,1,2,1,2,6
200600014370,0006-03-23 13:55:00,6,3,23,13,55,880,160,"10, JEUXEY (RTE DE)",,,Plein jour,Hors agglomération,Hors intersection,Normale,Trois véhicules et plus - en chaîne,,,,,,,,,,,1,1,1,1,4
200600014371,0006-03-28 17:45:00,6,3,28,17,45,880,429,VC45,,,Plein jour,Hors agglomération,Hors intersection,Pluie forte,Autre collision,,,,,,,,,,,1,1,1,3,6
200600014372,0006-03-09 13:55:00,6,3,9,13,55,880,413,RN 59,,,Plein jour,Hors agglomération,Hors intersection,Normale,Trois véhicules et plus - en chaîne,,,,,,,,,,,1,1,1,1,4
200600014373,0006-03-20 14:30:00,6,3,20,14,30,880,424,AVENUE DU GENERAL DE GAU,,,Plein jour,En agglomération,Hors intersection,Normale,Autre collision,,,,,,,,,,,1,2,1,1,6
200600014374,0006-03-21 16:35:00,6,3,21,16,35,880,413,"8, RUE JEAN MAURICE ANDR",,,Plein jour,En agglomération,Hors intersection,Normale,Autre collision,,,,,,,,,,,1,2,1,1,6
200600014375,0006-03-07 18:45:00,6,3,7,18,45,890,24,"00, IENA (RUE D')",,,Nuit avec éclairage allumé,En agglomération,Hors intersection,Pluie légère,Sans collision,,,,,,,,,,,5,2,1,2,7
200600014376,0006-03-26 16:05:00,6,3,26,16,5,890,24,"00, 11 NOVEMBRE (BOULEVA",,,Plein jour,En agglomération,Hors intersection,Normale,Autre collision,,,,,,,,,,,1,2,1,1,6
200600014377,0006-03-20 16:00:00,6,3,20,16,0,890,24,GENERAL ROLLET (AVENUE),,,Plein jour,En agglomération,Intersection en T,Normale,Deux véhicules - côté,,,,,,,,,,,1,2,3,1,3
200600014378,0006-03-24 17:25:00,6,3,24,17,25,890,287,"0, LIBERTE (AVENUE)",,,Plein jour,Hors agglomération,Hors intersection,Normale,Sans collision,,,,,,,,,,,1,1,1,1,7
200600014379,0006-03-01 15:10:00,6,3,1,15,10,900,10,"59, MONTBELIARD (FAUBOUR",,,Plein jour,En agglomération,Hors intersection,Neige / grêle,Trois véhicules et plus - en chaîne,,,,,,,,,,,1,2,1,4,4
200600014380,0006-03-06 00:45:00,6,3,6,0,45,900,10,KENNEDY (BOULEVARD),,,Nuit avec éclairage allumé,En agglomération,Hors intersection,Neige / grêle,Deux véhicules - côté,,,,,,,,,,,5,2,1,4,3
200600014381,0006-03-15 15:32:00,6,3,15,15,32,900,8,LIBERATION (RUE DE LA),,,Plein jour,En agglomération,Hors intersection,Normale,Autre collision,,,,,,,,,,,1,2,1,1,6
200600014382,0006-03-16 08:10:00,6,3,16,8,10,900,10,"6, MAGASIN (RUE DU)",,,Plein jour,En agglomération,Hors intersection,Normale,Deux véhicules - arrière,,,,,,,,,,,1,2,1,1,2
200600014383,0006-03-16 16:50:00,6,3,16,16,50,900,99,"1, DE GAULLE (RUE DU GEN",,,Plein jour,En agglomération,Hors intersection,Normale,Deux véhicules - côté,,,,,,,,,,,1,2,1,1,3
200600014384,0006-03-18 15:55:00,6,3,18,15,55,900,99,"23, MARTINET (RUE DU)",,,Plein jour,En agglomération,Intersection en T,Normale,Deux véhicules - côté,,,,,,,,,,,1,2,3,1,3
200600014385,0006-03-23 14:40:00,6,3,23,14,40,900,10,LYON (FAUBOURG DE),,,Plein jour,En agglomération,Intersection en X,Normale,Deux véhicules - côté,,,,,,,,,,,1,2,2,1,3
200600014386,0006-03-04 21:15:00,6,3,4,21,15,910,27,BRIAND (AVENUE ARISTIDE),,,Nuit avec éclairage allumé,En agglomération,Hors intersection,Normale,Autre collision,,,,,,,,,,,5,2,1,1,6