accident_id,datetime,annee,mois,jour,heure,minute,departement,commune_insee,adresse,latitude,longitude,luminosite,agglomeration,intersection,meteo,collision,nb_vehicules,nb_usagers,nb_indemnes,nb_tues,nb_blesses_hosp,nb_blesses_legers,age_cond_1,age_cond_2,veh_type_cond_1,veh_type_cond_2,lum_code,agg_code,int_code,atm_code,col_code
200600014784,0006-03-20 11:30:00,6,3,20,11,30,930,73,SIXIEME (AVENUE),,,Plein jour,En agglomération,Intersection en X,Normale,Deux véhicules - côté,,,,,,,,,,,1,2,2,1,3
200600014785,0006-03-31 14:30:00,6,3,31,14,30,930,78,CHEMIN LATERAL,,,Plein jour,En agglomération,Hors intersection,Normale,Deux véhicules - côté,,,,,,,,,,,1,2,1,1,3
200600014786,0006-03-31 13:00:00,6,3,31,13,0,930,78,CLEMENCEAU (AVENUE GEORG,,,Plein jour,En agglomération,Giratoire,Normale,Deux véhicules - arrière,,,,,,,,,,,1,2,6,1,2
200600014787,0006-03-08 21:50:00,6,3,8,21,50,930,78,NYMPHES (AVENUE DES),,,Nuit avec éclairage allumé,En agglomération,Intersection en X,Pluie légère,Deux véhicules - côté,,,,,,,,,,,5,2,2,2,3
200600014788,0006-03-02 09:45:00,6,3,2,9,45,940,2,"face au 07, REVOLUTION (",,,Plein jour,En agglomération,Hors intersection,Normale,Deux véhicules - côté,,,,,,,,,,,1,2,1,1,3
200600014789,0006-03-03 08:10:00,6,3,3,8,10,940,2,"152, VAILLANT COUTURIER",,,Crépuscule ou aube,En agglomération,Intersection en X,Pluie forte,Deux véhicules - côté,,,,,,,,,,,2,2,2,3,3
200600014790,0006-03-25 17:30:00,6,3,25,17,30,940,2,"0, EMILE ZOLA (R)",,,Plein jour,En agglomération,Intersection en X,Pluie légère,Deux véhicules - côté,,,,,,,,,,,1,2,2,2,3
200600014791,0006-03-01 08:20:00,6,3,1,8,20,940,4,"0, VALENTON (R DE)",,,Crépuscule ou aube,En agglomération,Intersection en T,Neige / grêle,Deux véhicules - arrière,,,,,,,,,,,2,2,3,4,2
200600014792,0006-03-01 20:00:00,6,3,1,20,0,940,4,"0, GENERAL LECLERC (AV D",,,Nuit avec éclairage allumé,En agglomération,Intersection en X,Pluie légère,Deux véhicules - côté,,,,,,,,,,,5,2,2,2,3
200600014793,0006-03-09 20:30:00,6,3,9,20,30,940,4,GENERAL LECLERC (AV DU),,,Nuit avec éclairage allumé,En agglomération,Intersection en X,Pluie légère,Autre collision,,,,,,,,,,,5,2,2,2,6
200600014794,0006-03-09 13:35:00,6,3,9,13,35,940,44,VIEUX LOUVRE (R DU),,,Plein jour,En agglomération,Hors intersection,Normale,Deux véhicules - frontale,,,,,,,,,,,1,2,1,1,1
200600014795,0006-03-12 15:50:00,6,3,12,15,50,940,47,VERDUN (R DE),,,Plein jour,En agglomération,Hors intersection,Normale,Deux véhicules - arrière,,,,,,,,,,,1,2,1,1,2
200600014796,0006-03-15 09:30:00,6,3,15,9,30,940,71,"70, GENERAL LECLERC (R D",,,Plein jour,Hors agglomération,Hors intersection,Normale,Deux véhicules - arrière,,,,,,,,,,,1,1,1,1,2
200600014797,0006-03-16 16:45:00,6,3,16,16,45,940,71,"8, MAURICE BERTEAUX (R)",,,Plein jour,En agglomération,Hors intersection,Normale,Autre collision,,,,,,,,,,,1,2,1,1,6
200600014798,0006-03-22 11:45:00,6,3,22,11,45,940,71,"23, MONTALEAU (R DE)",,,Plein jour,En agglomération,Hors intersection,Pluie légère,Sans collision,,,,,,,,,,,1,2,1,2,7
200600014799,0006-03-22 11:15:00,6,3,22,11,15,940,71,"23, WINSTON CHURCHILL (R",,,Plein jour,En agglomération,Intersection en T,Normale,Deux véhicules - côté,,,,,,,,,,,1,2,3,1,3
200600014800,0006-03-24 09:00:00,6,3,24,9,0,940,48,GRANDS ROSEAUX (R DES),,,Plein jour,En agglomération,Giratoire,Normale,Deux véhicules - frontale,,,,,,,,,,,1,2,6,1,1
200600014801,0006-03-30 17:00:00,6,3,30,17,0,940,75,"0, MANDRES (R DE)",,,Plein jour,En agglomération,Intersection en X,Normale,Autre collision,,,,,,,,,,,1,2,2,1,6
200600014802,0006-03-02 20:40:00,6,3,2,20,40,940,71,"100, GENERAL LECLERC (R",,,Nuit avec éclairage allumé,En agglomération,Hors intersection,Normale,Deux véhicules - côté,,,,,,,,,,,5,2,1,1,3
200600014803,0006-03-26 23:45:00,6,3,26,23,45,940,4,GENERAL LECLERC (AV DU),,,Nuit avec éclairage allumé,En agglomération,Intersection en X,Normale,Deux véhicules - côté,,,,,,,,,,,5,2,2,1,3
200600014804,0006-03-01 06:35:00,6,3,1,6,35,940,17,"116, GENERAL DE GAULLE (",,,Nuit sans éclairage public,En agglomération,Hors intersection,Neige / grêle,Autre collision,,,,,,,,,,,3,2,1,4,6
200600014805,0006-03-06 08:30:00,6,3,6,8,30,940,17,"0, François Mittérrand (",,,Plein jour,En agglomération,Hors intersection,Normale,Deux véhicules - arrière,,,,,,,,,,,1,2,1,1,2
200600014806,0006-03-09 15:30:00,6,3,9,15,30,940,17,"28, LOUIS TALAMONI (R)",,,Plein jour,En agglomération,Hors intersection,Pluie légère,Autre collision,,,,,,,,,,,1,2,1,2,6
200600014807,0006-03-13 16:30:00,6,3,13,16,30,940,17,LOUIS TALAMONI (R),,,Plein jour,En agglomération,Hors intersection,Normale,Autre collision,,,,,,,,,,,1,2,1,1,6
200600014808,0006-03-14 18:00:00,6,3,14,18,0,940,17,HUIT MAI 1945 (AV DU),,,Plein jour,En agglomération,Intersection en T,Normale,Deux véhicules - côté,,,,,,,,,,,1,2,3,1,3
200600014809,0006-03-15 08:50:00,6,3,15,8,50,940,17,AMBROISINE (AV),,,Plein jour,En agglomération,Intersection en X,Normale,Deux véhicules - côté,,,,,,,,,,,1,2,2,1,3
200600014810,0006-03-28 15:25:00,6,3,28,15,25,940,18,PONT DE CHARENTON,,,Plein jour,Hors agglomération,Intersection en T,Normale,Deux véhicules - côté,,,,,,,,,,,1,1,3,1,3
200600014811,0006-03-09 11:25:00,6,3,9,11,25,940,18,"52, GRAVELLE (AV DE)",,,Plein jour,En agglomération,Hors intersection,Normale,Autre collision,,,,,,,,,,,1,2,1,1,6
200600014812,0006-03-17 14:20:00,6,3,17,14,20,940,18,WINSTON CHURCHILL (AV),,,Plein jour,En agglomération,Intersection en T,Normale,Autre collision,,,,,,,,,,,1,2,3,1,6
200600014813,0006-03-29 07:30:00,6,3,29,7,30,940,18,CARRIERES (QU DES),,,Plein jour,En agglomération,Hors intersection,Normale,Autre collision,,,,,,,,,,,1,2,1,1,6
200600014814,0006-03-29 18:10:00,6,3,29,18,10,940,18,"4, BERCY (QU DE)",,,Plein jour,En agglomération,Hors intersection,Normale,Deux véhicules - côté,,,,,,,,,,,1,2,1,1,3
200600014815,0006-03-29 20:40:00,6,3,29,20,40,940,69,GRAVELLE (AV DE),,,Nuit avec éclairage allumé,En agglomération,Intersection en T,Normale,Deux véhicules - côté,,,,,,,,,,,5,2,3,1,3
200600014816,0006-03-30 14:20:00,6,3,30,14,20,940,18,GRAVELLE (AV DE),,,Plein jour,En agglomération,Intersection en T,Pluie légère,Trois véhicules et plus - en chaîne,,,,,,,,,,,1,2,3,2,4
200600014817,0006-03-01 17:40:00,6,3,1,17,40,940,19,"0, SUCY (R DE)",,,Plein jour,En agglomération,Intersection en Y,Normale,Deux véhicules - frontale,,,,,,,,,,,1,2,4,1,1
200600014818,0006-03-08 14:45:00,6,3,8,14,45,940,79,PIERRE SEMARD (PL),,,Plein jour,En agglomération,Hors intersection,Pluie légère,Sans collision,,,,,,,,,,,1,2,1,2,7
200600014819,0006-03-08 20:00:00,6,3,8,20,0,940,19,"0, PONT (R DU)",,,Nuit avec éclairage allumé,En agglomération,Intersection en X,Pluie légère,Deux véhicules - côté,,,,,,,,,,,5,2,2,2,3
200600014820,0006-03-08 22:05:00,6,3,8,22,5,940,19,"00, FUSILLES DE CHATEAUB",,,Nuit avec éclairage allumé,En agglomération,Hors intersection,Pluie forte,Autre collision,,,,,,,,,,,5,2,1,3,6
200600014821,0006-03-09 07:45:00,6,3,9,7,45,940,55,"126, GENERAL DE GAULLE (",,,Plein jour,En agglomération,Hors intersection,Normale,Deux véhicules - côté,,,,,,,,,,,1,2,1,1,3
200600014822,0006-03-16 11:00:00,6,3,16,11,0,940,60,"00, GENERAL DE GAULLE (R",,,Plein jour,En agglomération,Intersection en T,Normale,Deux véhicules - côté,,,,,,,,,,,1,2,3,1,3
200600014823,0006-03-20 14:50:00,6,3,20,14,50,940,79,"00, FRIEDBERG (BD DE)",,,Plein jour,En agglomération,Intersection en X,Normale,Deux véhicules - frontale,,,,,,,,,,,1,2,2,1,1
200600014824,0006-03-31 05:45:00,6,3,31,5,45,940,55,OLIVIER D ORMESSON (AV),,,Nuit avec éclairage allumé,En agglomération,Intersection en Y,Normale,Deux véhicules - côté,,,,,,,,,,,5,2,4,1,3
200600014825,0006-03-04 17:00:00,6,3,4,17,0,940,22,"0, STALINGRAD - CAR DES",,,Plein jour,En agglomération,Intersection en X,Normale,Deux véhicules - côté,,,,,,,,,,,1,2,2,1,3
200600014826,0006-03-01 06:15:00,6,3,1,6,15,940,54,CHARLES TILLON (route),,,Crépuscule ou aube,En agglomération,Hors intersection,Neige / grêle,Deux véhicules - côté,,,,,,,,,,,2,2,1,4,3
200600014827,0006-03-02 10:30:00,6,3,2,10,30,940,22,GENERAL LECLERC (AV),,,Plein jour,En agglomération,Hors intersection,Normale,Deux véhicules - arrière,,,,,,,,,,,1,2,1,1,2
200600014828,0006-03-07 08:35:00,6,3,7,8,35,940,22,"6, LABBE (R)",,,Plein jour,En agglomération,Hors intersection,Normale,Autre collision,,,,,,,,,,,1,2,1,1,6
200600014829,0006-03-09 09:50:00,6,3,9,9,50,940,54,BAS MARIN (R DU),,,Plein jour,En agglomération,Hors intersection,Normale,Deux véhicules - côté,,,,,,,,,,,1,2,1,1,3
200600014830,0006-03-17 19:35:00,6,3,17,19,35,940,54,MARCO POLO (R),,,Crépuscule ou aube,En agglomération,Hors intersection,Normale,Autre collision,,,,,,,,,,,2,2,1,1,6
200600014831,0006-03-17 22:00:00,6,3,17,22,0,940,54,"0, VICTOIRE (AV DE LA)",,,Nuit avec éclairage allumé,En agglomération,Hors intersection,Normale,Autre collision,,,,,,,,,,,5,2,1,1,6
200600014832,0006-03-21 08:50:00,6,3,21,8,50,940,22,"47, VICTOR HUGO (AV)",,,Plein jour,En agglomération,Hors intersection,Normale,Autre collision,,,,,,,,,,,1,2,1,1,6
200600014833,0006-03-26 18:20:00,6,3,26,18,20,940,22,LUGO (AV DE),,,Plein jour,En agglomération,Hors intersection,Normale,Deux véhicules - côté,,,,,,,,,,,1,2,1,1,3
200600014834,0006-03-27 08:30:00,6,3,27,8,30,940,54,CHARLES TILLON (route),,,Plein jour,Hors agglomération,Hors intersection,Pluie légère,Autre collision,,,,,,,,,,,1,1,1,2,6
200600014835,0006-03-30 18:00:00,6,3,30,18,0,940,22,HUIT MAI 1945 (AV DU),,,Plein jour,En agglomération,Hors intersection,Pluie légère,Autre collision,,,,,,,,,,,1,2,1,2,6
200600014836,0006-03-04 15:30:00,6,3,4,15,30,940,28,"0, MESLY.(RUE DE)",48.78917,2.4616,Plein jour,En agglomération,Hors intersection,Normale,Deux véhicules - côté,,,,,,,,,,,1,2,1,1,3
200600014837,0006-03-04 17:30:00,6,3,4,17,30,940,28,"0, FOCH(AVENUE DU MARECH",48.78012,2.43793,Plein jour,En agglomération,Hors intersection,Normale,Autre collision,,,,,,,,,,,1,2,1,1,6
200600014838,0006-03-04 23:00:00,6,3,4,23,0,940,28,COMPAGNONS DE LA LIBERAT,48.77767,2.46027,Nuit sans éclairage public,En agglomération,Hors intersection,Normale,Deux véhicules - côté,,,,,,,,,,,3,2,1,1,3
200600014839,0006-03-08 11:35:00,6,3,8,11,35,940,28,"0, BROSSOLETTE(AVENUE PI",48.79261,2.46167,Plein jour,En agglomération,Hors intersection,Pluie légère,Autre collision,,,,,,,,,,,1,2,1,2,6
200600014840,0006-03-09 17:10:00,6,3,9,17,10,940,28,"7, PORTE DINER.(RUE DU)",48.78468,2.46562,Plein jour,Hors agglomération,Hors intersection,Pluie légère,Autre collision,,,,,,,,,,,1,1,1,2,6
200600014841,0006-03-13 08:20:00,6,3,13,8,20,940,28,HABETTE(AVENUE ET PLACE,48.78015,2.43799,Plein jour,En agglomération,Intersection en X,Normale,Autre collision,,,,,,,,,,,1,2,2,1,6
200600014842,0006-03-10 14:30:00,6,3,10,14,30,940,28,GAULLE(AVENUE DU GENERAL,48.79305,2.44644,Plein jour,En agglomération,Hors intersection,Normale,Autre collision,,,,,,,,,,,1,2,1,1,6
200600014843,0006-03-14 08:00:00,6,3,14,8,0,940,28,ARCOS.(RUE RENE),48.77783,2.46286,Plein jour,En agglomération,Hors intersection,Normale,Autre collision,,,,,,,,,,,1,2,1,1,6
200600014844,0006-03-13 10:15:00,6,3,13,10,15,940,28,"0, ECOLES.(RUE DES)",48.79218,2.46613,Plein jour,En agglomération,Hors intersection,Normale,Autre collision,,,,,,,,,,,1,2,1,1,6
200600014845,0006-03-09 17:11:00,6,3,9,17,11,940,28,"2, MATISSE(RUE HENRI)",,,Plein jour,En agglomération,Hors intersection,Pluie légère,Autre collision,,,,,,,,,,,1,2,1,2,6
200600014846,0006-03-12 15:30:00,6,3,12,15,30,940,28,POMPADOUR(CARREFOUR),,,Plein jour,En agglomération,Hors intersection,Normale,Autre collision,,,,,,,,,,,1,2,1,1,6
200600014847,0006-03-17 13:50:00,6,3,17,13,50,940,11,GAULLE(CARREFOUR CHARLES,48.76847,2.48768,Plein jour,En agglomération,Hors intersection,Normale,Autre collision,,,,,,,,,,,1,2,1,1,6
200600014848,0006-03-20 23:10:00,6,3,20,23,10,940,28,POMPADOUR(CARREFOUR),48.7747,2.43928,Nuit avec éclairage allumé,En agglomération,Giratoire,Normale,Deux véhicules - côté,,,,,,,,,,,5,2,6,1,3
200600014849,0006-03-21 11:15:00,6,3,21,11,15,940,28,"1, MARNE.(AVENUE DE LA)",,,Plein jour,En agglomération,Hors intersection,Normale,Deux véhicules - frontale,,,,,,,,,,,1,2,1,1,1
200600014850,0006-03-23 09:27:00,6,3,23,9,27,940,11,BOISSY.(AVENUE DE),48.77376,2.48228,Plein jour,En agglomération,Hors intersection,Normale,Autre collision,,,,,,,,,,,1,2,1,1,6
200600014851,0006-03-24 16:20:00,6,3,24,16,20,940,28,"80, GAULLE(AVENUE DU GEN",48.79607,2.44781,Plein jour,En agglomération,Hors intersection,Pluie légère,Deux véhicules - arrière,,,,,,,,,,,1,2,1,2,2
200600014852,0006-03-25 14:00:00,6,3,25,14,0,940,28,HALPERN.(AVENUE BERNARD),48.76853,2.46536,Plein jour,En agglomération,Hors intersection,Pluie légère,Autre collision,,,,,,,,,,,1,2,1,2,6
200600014853,0006-03-25 14:35:00,6,3,25,14,35,940,28,"0, POMPADOUR(CARREFOUR)",48.77475,2.43935,Plein jour,En agglomération,Hors intersection,Pluie légère,Deux véhicules - côté,,,,,,,,,,,1,2,1,2,3
200600014854,0006-03-27 17:40:00,6,3,27,17,40,940,28,FRANCE LIBRE(AVENUE DE L,48.781,,Plein jour,En agglomération,Hors intersection,Normale,Deux véhicules - frontale,,,,,,,,,,,1,2,1,1,1
200600014855,0006-03-30 08:40:00,6,3,30,8,40,940,28,"00, FOCH(AVENUE DU MAREC",48.78751,2.43591,Plein jour,Hors agglomération,Giratoire,Normale,Deux véhicules - côté,,,,,,,,,,,1,1,6,1,3
200600014856,0006-03-06 08:00:00,6,3,6,8,0,940,33,"33, RABELAIS (AV)",,,Plein jour,En agglomération,Hors intersection,Normale,Autre collision,,,,,,,,,,,1,2,1,1,6
200600014857,0006-03-08 07:40:00,6,3,8,7,40,940,33,MARECHAL DE LATTRE DE TA,,,Plein jour,En agglomération,Hors intersection,Pluie légère,Deux véhicules - arrière,,,,,,,,,,,1,2,1,2,2
200600014858,0006-03-21 15:10:00,6,3,21,15,10,940,33,LA FONTAINE (R),,,Plein jour,En agglomération,Hors intersection,Normale,Autre collision,,,,,,,,,,,1,2,1,1,6
200600014859,0006-03-20 19:15:00,6,3,20,19,15,940,33,GENERAL DE GAULLE (PL DU,,,Crépuscule ou aube,En agglomération,Hors intersection,Normale,Deux véhicules - côté,,,,,,,,,,,2,2,1,1,3
200600014860,0006-03-25 16:20:00,6,3,25,16,20,940,33,25 AOUT 1944 (BD DU),,,Plein jour,En agglomération,Hors intersection,Pluie légère,Deux véhicules - côté,,,,,,,,,,,1,2,1,2,3
200600014861,0006-03-03 12:30:00,6,3,3,12,30,940,65,LYON (RUE DE),,,Plein jour,Hors agglomération,Intersection en T,Pluie légère,Deux véhicules - côté,,,,,,,,,,,1,1,3,2,3
200600014862,0006-03-07 13:55:00,6,3,7,13,55,940,73,PIERRE BIGLE (R),,,Plein jour,En agglomération,Intersection en X,Normale,Autre collision,,,,,,,,,,,1,2,2,1,6
200600014863,0006-03-08 13:15:00,6,3,8,13,15,940,65,MARCEL (AV),,,Plein jour,En agglomération,Hors intersection,Pluie légère,Autre collision,,,,,,,,,,,1,2,1,2,6
200600014864,0006-03-13 20:00:00,6,3,13,20,0,940,38,FRESNES (R DE),,,Nuit avec éclairage allumé,En agglomération,Passage à niveau,Normale,Autre collision,,,,,,,,,,,5,2,8,1,6
200600014865,0006-03-16 16:50:00,6,3,16,16,50,940,73,FONTAINEBLEAU (AV DE),,,Plein jour,En agglomération,Hors intersection,Normale,Deux véhicules - côté,,,,,,,,,,,1,2,1,1,3
200600014866,0006-03-17 14:35:00,6,3,17,14,35,940,34,"21, DOCTEUR CHARCOT (R D",,,Plein jour,En agglomération,Hors intersection,Normale,Autre collision,,,,,,,,,,,1,2,1,1,6
200600014867,0006-03-22 13:50:00,6,3,22,13,50,940,73,GEORGES HALGOULT (R),,,Plein jour,En agglomération,Intersection en T,Pluie légère,Deux véhicules - côté,,,,,,,,,,,1,2,3,2,3
200600014868,0006-03-20 06:20:00,6,3,20,6,20,940,34,"22, ALBERT ROPER (R)",,,Crépuscule ou aube,En agglomération,Hors intersection,Normale,Autre collision,,,,,,,,,,,2,2,1,1,6
200600014869,0006-03-23 16:15:00,6,3,23,16,15,940,65,FONTAINEBLEAU (AV DE),,,Plein jour,En agglomération,Hors intersection,Normale,Deux véhicules - arrière,,,,,,,,,,,1,2,1,1,2
200600014870,0006-03-25 14:50:00,6,3,25,14,50,940,73,GABRIEL PERI (R),,,Plein jour,En agglomération,Intersection en X,Pluie légère,Autre collision,,,,,,,,,,,1,2,2,2,6
200600014871,0006-03-27 09:00:00,6,3,27,9,0,940,73,RN 186,,,Plein jour,En agglomération,Autre intersection,Normale,Deux véhicules - arrière,,,,,,,,,,,1,2,9,1,2
200600014872,0006-03-24 11:25:00,6,3,24,11,25,940,21,D'AVIGNON (RUE) MIN,,,Plein jour,En agglomération,Hors intersection,Pluie légère,Autre collision,,,,,,,,,,,1,2,1,2,6
200600014873,0006-03-01 07:00:00,6,3,1,7,0,940,41,"9, VERDUN (AV DE)",,,Plein jour,En agglomération,Hors intersection,Neige / grêle,Deux véhicules - arrière,,,,,,,,,,,1,2,1,4,2
200600014874,0006-03-30 11:45:00,6,3,30,11,45,940,41,"36, LENINE (R)",,,Plein jour,En agglomération,Hors intersection,Normale,Deux véhicules - côté,,,,,,,,,,,1,2,1,1,3
200600014875,0006-03-31 15:35:00,6,3,31,15,35,940,41,MARCEL BOYER (QU),,,Plein jour,Hors agglomération,Hors intersection,Normale,Sans collision,,,,,,,,,,,1,1,1,1,7
200600014876,0006-03-03 08:30:00,6,3,3,8,30,940,41,REVOLUTION (QU DE LA),,,Plein jour,Hors agglomération,Hors intersection,Normale,Deux véhicules - arrière,,,,,,,,,,,1,1,1,1,2
200600014877,0006-03-22 14:30:00,6,3,22,14,30,940,41,"79, DANIELLE CASANOVA (A",,,Plein jour,En agglomération,Hors intersection,Pluie légère,Sans collision,,,,,,,,,,,1,2,1,2,7
200600014878,0006-03-27 19:45:00,6,3,27,19,45,940,41,SAINT JUST (R),,,Crépuscule ou aube,En agglomération,Intersection en X,Normale,Deux véhicules - côté,,,,,,,,,,,2,2,2,1,3
200600014879,0006-03-22 07:30:00,6,3,22,7,30,940,41,"05, MARCEL BOYER (QU)",,,Plein jour,Hors agglomération,Hors intersection,Autre,Sans collision,,,,,,,,,,,1,1,1,9,7
200600014880,0006-03-03 13:40:00,6,3,3,13,40,940,46,"33, FERNAND SAGUET (QU)",,,Plein jour,En agglomération,Intersection en X,Temps couvert,Deux véhicules - frontale,,,,,,,,,,,1,2,2,8,1
200600014881,0006-03-06 13:20:00,6,3,6,13,20,940,46,"00, REPUBLIQUE (AV DE LA",,,Plein jour,En agglomération,Hors intersection,Normale,Deux véhicules - côté,,,,,,,,,,,1,2,1,1,3
200600014882,0006-03-09 21:20:00,6,3,9,21,20,940,46,"00, MARC SANGNIER (R)",,,Nuit avec éclairage allumé,En agglomération,Intersection en T,Normale,Deux véhicules - côté,,,,,,,,,,,5,2,3,1,3
200600014883,0006-03-17 09:15:00,6,3,17,9,15,940,46,"185, GAMBETTA (AV)",,,Plein jour,En agglomération,Intersection en X,Normale,Deux véhicules - côté,,,,,,,,,,,1,2,2,1,3
200600014884,0006-03-17 18:15:00,6,3,17,18,15,940,46,"3-5, MARC SANGNIER (R)",,,Plein jour,En agglomération,Autre intersection,Normale,Autre collision,,,,,,,,,,,1,2,9,1,6
200600014885,0006-03-18 12:30:00,6,3,18,12,30,940,46,"00, GENERAL LECLERC (AV",,,Plein jour,En agglomération,Hors intersection,Normale,Trois véhicules et plus - collisions multiples,,,,,,,,,,,1,2,1,1,5
200600014886,0006-03-20 15:35:00,6,3,20,15,35,940,46,"107, MARC SANGNIER (R)",,,Plein jour,En agglomération,Hors intersection,Normale,Autre collision,,,,,,,,,,,1,2,1,1,6
200600014887,0006-03-24 17:40:00,6,3,24,17,40,940,46,"211, GENERAL LECLERC (AV",,,Plein jour,En agglomération,Autre intersection,Pluie légère,Deux véhicules - côté,,,,,,,,,,,1,2,9,2,3
200600014888,0006-03-25 20:25:00,6,3,25,20,25,940,46,"00, REPUBLIQUE (AV DE LA",,,Nuit avec éclairage non allumé,En agglomération,Hors intersection,Pluie légère,Deux véhicules - arrière,,,,,,,,,,,4,2,1,2,2
200600014889,0006-03-27 23:00:00,6,3,27,23,0,940,46,".., JEAN JAURES (R)",,,Nuit avec éclairage allumé,En agglomération,Hors intersection,Normale,Autre collision,,,,,,,,,,,5,2,1,1,6
200600014890,0006-03-27 19:20:00,6,3,27,19,20,940,46,"00, ROUGET DE L ISLE (R",,,Plein jour,En agglomération,Intersection en X,Normale,Trois véhicules et plus - en chaîne,,,,,,,,,,,1,2,2,1,4
200600014891,0006-03-28 08:35:00,6,3,28,8,35,940,46,"155bis, JEAN JAURES (R)",,,Plein jour,En agglomération,Hors intersection,Normale,Autre collision,,,,,,,,,,,1,2,1,1,6
200600014892,0006-03-29 08:50:00,6,3,29,8,50,940,46,"7, GENERAL DE GAULLE (AV",,,Plein jour,En agglomération,Hors intersection,Normale,Deux véhicules - côté,,,,,,,,,,,1,2,1,1,3
200600014893,0006-03-30 17:40:00,6,3,30,17,40,940,46,"249, REPUBLIQUE (AV DE L",,,Plein jour,En agglomération,Intersection en X,Normale,Deux véhicules - frontale,,,,,,,,,,,1,2,2,1,1
200600014894,0006-03-30 19:50:00,6,3,30,19,50,940,46,"., GEORGES MEDERIC (R)",,,Plein jour,En agglomération,Intersection en X,Normale,Deux véhicules - côté,,,,,,,,,,,1,2,2,1,3
200600014895,0006-03-06 07:45:00,6,3,6,7,45,940,15,PONT (R DU),,,Plein jour,En agglomération,Passage à niveau,Normale,Autre collision,,,,,,,,,,,1,2,8,1,6
200600014896,0006-03-06 10:15:00,6,3,6,10,15,940,15,FOUR (R DU),,,Plein jour,En agglomération,Hors intersection,Pluie légère,Deux véhicules - côté,,,,,,,,,,,1,2,1,2,3
200600014897,0006-03-15 07:45:00,6,3,15,7,45,940,58,"171, GENERAL DE GAULLE (",,,Plein jour,En agglomération,Passage à niveau,Normale,Autre collision,,,,,,,,,,,1,2,8,1,6
200600014898,0006-03-16 09:15:00,6,3,16,9,15,940,52,"46, COULMIERS (R DE)",,,Plein jour,En agglomération,Hors intersection,Normale,Deux véhicules - arrière,,,,,,,,,,,1,2,1,1,2
200600014899,0006-03-22 19:40:00,6,3,22,19,40,940,42,"NC, PAULINE (AV)",,,Nuit avec éclairage allumé,En agglomération,Intersection en X,Pluie légère,Deux véhicules - côté,,,,,,,,,,,5,2,2,2,3
200600014900,0006-03-28 19:40:00,6,3,28,19,40,940,15,"NC, PAUL BARILLIET (R)",,,Crépuscule ou aube,En agglomération,Intersection en Y,Normale,Deux véhicules - frontale,,,,,,,,,,,2,2,4,1,1
200600014901,0006-03-03 18:15:00,6,3,3,18,15,940,68,"110, CRETEIL (BD DE)",,,Plein jour,En agglomération,Hors intersection,Normale,Autre collision,,,,,,,,,,,1,2,1,1,6
200600014902,0006-03-06 16:00:00,6,3,6,16,0,940,68,FOCH (AV),,,Plein jour,En agglomération,Intersection en X,Normale,Deux véhicules - côté,,,,,,,,,,,1,2,2,1,3
200600014903,0006-03-09 09:00:00,6,3,9,9,0,940,68,PONT DE CRETEIL (R DU),,,Plein jour,En agglomération,Autre intersection,Normale,Deux véhicules - côté,,,,,,,,,,,1,2,9,1,3
200600014904,0006-03-14 07:30:00,6,3,14,7,30,940,68,"3, DESGENETTES (AV)",,,Plein jour,En agglomération,Hors intersection,Normale,Deux véhicules - côté,,,,,,,,,,,1,2,1,1,3
200600014905,0006-03-16 23:20:00,6,3,16,23,20,940,68,"68, MESNIL (AV DU)",,,Plein jour,En agglomération,Intersection en X,Normale,Deux véhicules - côté,,,,,,,,,,,1,2,2,1,3
200600014906,0006-03-22 11:45:00,6,3,22,11,45,940,68,EST (AV DE L),,,Plein jour,En agglomération,Intersection en X,Temps couvert,Deux véhicules - côté,,,,,,,,,,,1,2,2,8,3
200600014907,0006-03-22 10:50:00,6,3,22,10,50,940,68,"13, CHAMPIGNY (BD DE)",,,Plein jour,En agglomération,Hors intersection,Pluie légère,Autre collision,,,,,,,,,,,1,2,1,2,6
200600014908,0006-03-27 00:25:00,6,3,27,0,25,940,68,CONDE (AV DE),,,Nuit avec éclairage allumé,En agglomération,Intersection en X,Pluie forte,Deux véhicules - côté,,,,,,,,,,,5,2,2,3,3
200600014909,0006-03-27 09:10:00,6,3,27,9,10,940,68,"16, MARINVILLE (AV DE)",,,Plein jour,En agglomération,Hors intersection,Normale,Deux véhicules - côté,,,,,,,,,,,1,2,1,1,3
200600014910,0006-03-02 17:35:00,6,3,2,17,35,940,74,HENRI BARBUSSE (AV),,,Plein jour,En agglomération,Hors intersection,Normale,Autre collision,,,,,,,,,,,1,2,1,1,6
200600014911,0006-03-04 16:15:00,6,3,4,16,15,940,78,"2, PRESBYTERE (R DU)",,,Plein jour,En agglomération,Intersection en T,Normale,Deux véhicules - frontale,,,,,,,,,,,1,2,3,1,1
200600014912,0006-03-18 21:20:00,6,3,18,21,20,940,74,HENRI BARBUSSE (AV),,,Nuit avec éclairage allumé,En agglomération,Hors intersection,Normale,Autre collision,,,,,,,,,,,5,2,1,1,6
200600014913,0006-03-19 17:10:00,6,3,19,17,10,940,78,"0, CLEMENT ADER (R)",,,Plein jour,En agglomération,Hors intersection,Normale,Autre collision,,,,,,,,,,,1,2,1,1,6
200600014914,0006-03-24 15:25:00,6,3,24,15,25,940,78,"0, VOLTAIRE (R)",,,Plein jour,En agglomération,Autre intersection,Pluie légère,Autre collision,,,,,,,,,,,1,2,9,2,6
200600014915,0006-03-25 16:50:00,6,3,25,16,50,940,74,HENRI BARBUSSE (AV),,,Plein jour,En agglomération,Hors intersection,Pluie légère,Autre collision,,,,,,,,,,,1,2,1,2,6
200600014916,0006-03-30 16:45:00,6,3,30,16,45,940,78,"220, PARIS (VCHE DE)",,,Plein jour,En agglomération,Hors intersection,Pluie légère,Autre collision,,,,,,,,,,,1,2,1,2,6