accident_id,datetime,annee,mois,jour,heure,minute,departement,commune_insee,adresse,latitude,longitude,luminosite,agglomeration,intersection,meteo,collision,nb_vehicules,nb_usagers,nb_indemnes,nb_tues,nb_blesses_hosp,nb_blesses_legers,age_cond_1,age_cond_2,veh_type_cond_1,veh_type_cond_2,lum_code,agg_code,int_code,atm_code,col_code
200600015323,0006-03-07 23:06:00,6,3,7,23,6,690,294,A7,,,Nuit avec éclairage non allumé,Hors agglomération,Hors intersection,Pluie légère,Deux véhicules - arrière,,,,,,,,,,,4,1,1,2,2
200600015324,0006-03-09 07:40:00,6,3,9,7,40,380,184,A43,,,Plein jour,Hors agglomération,Hors intersection,Normale,Sans collision,,,,,,,,,,,1,1,1,1,7
200600015325,0006-03-09 20:20:00,6,3,9,20,20,690,29,A43,,,Nuit avec éclairage allumé,Hors agglomération,Hors intersection,Normale,Autre collision,,,,,,,,,,,5,1,1,1,6
200600015326,0006-03-11 09:45:00,6,3,11,9,45,690,389,A6,,,Plein jour,Hors agglomération,Hors intersection,Temps couvert,Deux véhicules - arrière,,,,,,,,,,,1,1,1,8,2
200600015327,0006-03-11 18:00:00,6,3,11,18,0,690,29,RN383,,,Crépuscule ou aube,Hors agglomération,Hors intersection,Normale,Autre collision,,,,,,,,,,,2,1,1,1,6
200600015328,0006-03-13 09:30:00,6,3,13,9,30,690,29,RN383,,,Plein jour,Hors agglomération,Hors intersection,Normale,Trois véhicules et plus - en chaîne,,,,,,,,,,,1,1,1,1,4
200600015329,0006-03-15 14:39:00,6,3,15,14,39,690,286,A46N,,,Plein jour,Hors agglomération,Hors intersection,Normale,Deux véhicules - côté,,,,,,,,,,,1,1,1,1,3
200600015330,0006-03-21 02:00:00,6,3,21,2,0,690,122,A6,,,Nuit sans éclairage public,Hors agglomération,Hors intersection,Normale,Deux véhicules - arrière,,,,,,,,,,,3,1,1,1,2
200600015331,0006-03-16 07:45:00,6,3,16,7,45,690,199,A7,,,Plein jour,Hors agglomération,Hors intersection,Normale,Deux véhicules - arrière,,,,,,,,,,,1,1,1,1,2
200600015332,0006-03-16 07:20:00,6,3,16,7,20,380,87,A7,,,Plein jour,Hors agglomération,Hors intersection,Normale,Autre collision,,,,,,,,,,,1,1,1,1,6
200600015333,0006-03-18 06:25:00,6,3,18,6,25,690,382,A7,,,Crépuscule ou aube,Hors agglomération,Hors intersection,Normale,Autre collision,,,,,,,,,,,2,1,1,1,6
200600015334,0006-03-18 18:50:00,6,3,18,18,50,690,256,RN346,,,Nuit avec éclairage allumé,Hors agglomération,Hors intersection,Pluie légère,Sans collision,,,,,,,,,,,5,1,1,2,7
200600015335,0006-03-22 21:15:00,6,3,22,21,15,690,382,A7,,,Nuit avec éclairage allumé,Hors agglomération,Hors intersection,Pluie légère,Deux véhicules - côté,,,,,,,,,,,5,1,1,2,3
200600015336,0006-03-12 18:40:00,6,3,12,18,40,690,389,"37, SIDOINE APPOLINAIRE",,,Plein jour,En agglomération,Hors intersection,Normale,Autre collision,,,,,,,,,,,1,2,1,1,6
200600015337,0006-03-12 23:45:00,6,3,12,23,45,690,389,"46, JAYR",,,Nuit avec éclairage allumé,En agglomération,Hors intersection,Autre,Autre collision,,,,,,,,,,,5,2,1,9,6
200600015338,0006-03-27 17:50:00,6,3,27,17,50,690,389,"220, DUCHERE (DE LA)",,,Plein jour,En agglomération,Intersection en X,Pluie légère,Deux véhicules - côté,,,,,,,,,,,1,2,2,2,3
200600015339,0006-03-01 07:05:00,6,3,1,7,5,830,90,A50,,,Plein jour,Hors agglomération,Hors intersection,Normale,Deux véhicules - arrière,,,,,,,,,,,1,1,1,1,2
200600015340,0006-03-01 14:17:00,6,3,1,14,17,830,137,A57,,,Plein jour,Hors agglomération,Hors intersection,Normale,Trois véhicules et plus - en chaîne,,,,,,,,,,,1,1,1,1,4
200600015341,0006-03-03 16:45:00,6,3,3,16,45,830,70,A570,,,Plein jour,Hors agglomération,Hors intersection,Normale,Sans collision,,,,,,,,,,,1,1,1,1,7
200600015342,0006-03-07 05:09:00,6,3,7,5,9,830,70,A57,,,Nuit avec éclairage allumé,Hors agglomération,Hors intersection,Normale,Sans collision,,,,,,,,,,,5,1,1,1,7
200600015343,0006-03-07 09:30:00,6,3,7,9,30,830,137,A57,,,Plein jour,Hors agglomération,Hors intersection,Normale,Trois véhicules et plus - en chaîne,,,,,,,,,,,1,1,1,1,4
200600015344,0006-03-13 08:51:00,6,3,13,8,51,830,137,A57,,,Plein jour,Hors agglomération,Hors intersection,Normale,Deux véhicules - arrière,,,,,,,,,,,1,1,1,1,2
200600015345,0006-03-29 16:30:00,6,3,29,16,30,830,70,A57,,,Plein jour,Hors agglomération,Hors intersection,Normale,Deux véhicules - côté,,,,,,,,,,,1,1,1,1,3
200600015346,0006-03-01 09:00:00,6,3,1,9,0,130,56,A55-Sens Martigues vers,,,Plein jour,Hors agglomération,Hors intersection,Normale,Autre collision,,,,,,,,,,,1,1,1,1,6
200600015347,0006-03-01 20:00:00,6,3,1,20,0,130,70,A50-Sens Marseille vers,,,Nuit sans éclairage public,Hors agglomération,Hors intersection,Normale,Autre collision,,,,,,,,,,,3,1,1,1,6
200600015348,0006-03-02 16:30:00,6,3,2,16,30,130,55,A7-Sens Lyon vers Marsei,,,Plein jour,Hors agglomération,Hors intersection,Normale,Deux véhicules - arrière,,,,,,,,,,,1,1,1,1,2
200600015349,0006-03-04 16:03:00,6,3,4,16,3,130,55,A55-Sens Marseille vers,,,Plein jour,Hors agglomération,Hors intersection,Normale,Deux véhicules - frontale,,,,,,,,,,,1,1,1,1,1
200600015350,0006-03-04 14:05:00,6,3,4,14,5,130,117,A7-Sens Marseille vers L,,,Plein jour,Hors agglomération,Hors intersection,Normale,Sans collision,,,,,,,,,,,1,1,1,1,7
200600015351,0006-03-03 17:38:00,6,3,3,17,38,130,55,Sens Marseille vers Auba,,,Plein jour,Hors agglomération,Hors intersection,Normale,Trois véhicules et plus - en chaîne,,,,,,,,,,,1,1,1,1,4
200600015352,0006-03-04 02:20:00,6,3,4,2,20,130,55,A50-Sens Aubagne vers Ma,,,Nuit avec éclairage allumé,Hors agglomération,Hors intersection,Normale,Sans collision,,,,,,,,,,,5,1,1,1,7
200600015353,0006-03-05 07:00:00,6,3,5,7,0,130,71,A55 - Sens Marseille ver,,,Crépuscule ou aube,Hors agglomération,Hors intersection,Normale,Autre collision,,,,,,,,,,,2,1,1,1,6
200600015354,0006-03-05 18:00:00,6,3,5,18,0,130,55,A7-Sens Lyon vers Marsei,,,Plein jour,Hors agglomération,Hors intersection,Normale,Trois véhicules et plus - en chaîne,,,,,,,,,,,1,1,1,1,4
200600015355,0006-03-06 07:50:00,6,3,6,7,50,130,55,A55-Sens Martigues vers,,,Plein jour,Hors agglomération,Hors intersection,Normale,Deux véhicules - arrière,,,,,,,,,,,1,1,1,1,2
200600015356,0006-03-10 03:15:00,6,3,10,3,15,130,55,A55-Sens Martigues vers,,,Nuit avec éclairage allumé,Hors agglomération,Hors intersection,Normale,Autre collision,,,,,,,,,,,5,1,1,1,6
200600015357,0006-03-10 07:00:00,6,3,10,7,0,130,70,"A50, Sens Aubagne vers M",,,Crépuscule ou aube,Hors agglomération,Hors intersection,Normale,Deux véhicules - côté,,,,,,,,,,,2,1,1,1,3
200600015358,0006-03-12 08:30:00,6,3,12,8,30,130,55,A50-Sens Aubagne vers Ma,,,Plein jour,Hors agglomération,Hors intersection,Normale,Sans collision,,,,,,,,,,,1,1,1,1,7
200600015359,0006-03-13 08:10:00,6,3,13,8,10,130,55,A55-Sens Marseille vers,,,Plein jour,Hors agglomération,Hors intersection,Normale,Trois véhicules et plus - en chaîne,,,,,,,,,,,1,1,1,1,4
200600015360,0006-03-14 07:15:00,6,3,14,7,15,130,5,Sens Pont de l'Etoile ve,,,Crépuscule ou aube,Hors agglomération,Hors intersection,Normale,Deux véhicules - arrière,,,,,,,,,,,2,1,1,1,2
200600015361,0006-03-15 08:53:00,6,3,15,8,53,130,1,A51-Sens Aix en Provence,,,Plein jour,Hors agglomération,Hors intersection,Normale,Trois véhicules et plus - en chaîne,,,,,,,,,,,1,1,1,1,4
200600015362,0006-03-15 13:45:00,6,3,15,13,45,130,5,Sens Aubagne vers Marsei,,,Plein jour,Hors agglomération,Hors intersection,Normale,Deux véhicules - côté,,,,,,,,,,,1,1,1,1,3
200600015363,0006-03-15 14:45:00,6,3,15,14,45,130,1,A51-Sens Aix en Provence,,,Plein jour,Hors agglomération,Hors intersection,Normale,Deux véhicules - côté,,,,,,,,,,,1,1,1,1,3
200600015364,0006-03-16 21:25:00,6,3,16,21,25,130,1,A51-Sens Aix en Provence,,,Nuit sans éclairage public,Hors agglomération,Hors intersection,Normale,Deux véhicules - côté,,,,,,,,,,,3,1,1,1,3
200600015365,0006-03-16 08:00:00,6,3,16,8,0,130,71,A55-Sens Martigues vers,,,Plein jour,Hors agglomération,Hors intersection,Normale,Autre collision,,,,,,,,,,,1,1,1,1,6
200600015366,0006-03-16 08:35:00,6,3,16,8,35,130,55,A7-Sens Lyon vers Marsei,,,Plein jour,Hors agglomération,Hors intersection,Normale,Deux véhicules - arrière,,,,,,,,,,,1,1,1,1,2
200600015367,0006-03-17 07:40:00,6,3,17,7,40,130,55,A7-Sens Marseille vers L,,,Plein jour,Hors agglomération,Hors intersection,Normale,Deux véhicules - côté,,,,,,,,,,,1,1,1,1,3
200600015368,0006-03-17 21:30:00,6,3,17,21,30,130,5,Sens Aubagne vers Marsei,,,Nuit sans éclairage public,Hors agglomération,Hors intersection,Normale,Trois véhicules et plus - collisions multiples,,,,,,,,,,,3,1,1,1,5
200600015369,0006-03-18 00:20:00,6,3,18,0,20,130,55,Sens Marseille vers Auba,,,Nuit avec éclairage allumé,Hors agglomération,Hors intersection,Normale,Trois véhicules et plus - en chaîne,,,,,,,,,,,5,1,1,1,4
200600015370,0006-03-21 04:00:00,6,3,21,4,0,130,55,A55-Sens Martigues vers,,,Nuit avec éclairage allumé,Hors agglomération,Hors intersection,Pluie légère,Autre collision,,,,,,,,,,,5,1,1,2,6
200600015371,0006-03-21 17:50:00,6,3,21,17,50,130,55,A55-Sens Marseille vers,,,Plein jour,Hors agglomération,Hors intersection,Normale,Trois véhicules et plus - en chaîne,,,,,,,,,,,1,1,1,1,4
200600015372,0006-03-22 08:25:00,6,3,22,8,25,130,55,A50-Sens Aubagne vers Ma,,,Plein jour,Hors agglomération,Hors intersection,Normale,Trois véhicules et plus - en chaîne,,,,,,,,,,,1,1,1,1,4
200600015373,0006-03-22 17:30:00,6,3,22,17,30,130,1,A51-Sens Marseille vers,,,Plein jour,Hors agglomération,Hors intersection,Normale,Deux véhicules - arrière,,,,,,,,,,,1,1,1,1,2
200600015374,0006-03-22 19:00:00,6,3,22,19,0,130,55,A7-Sens Lyon vers Marsei,,,Crépuscule ou aube,Hors agglomération,Hors intersection,Normale,Deux véhicules - arrière,,,,,,,,,,,2,1,1,1,2
200600015375,0006-03-23 05:15:00,6,3,23,5,15,130,55,A7-Sens Lyon vers Marsei,,,Nuit sans éclairage public,Hors agglomération,Hors intersection,Normale,Sans collision,,,,,,,,,,,3,1,1,1,7
200600015376,0006-03-23 09:15:00,6,3,23,9,15,130,71,A7-Sens Marseille vers L,,,Plein jour,Hors agglomération,Hors intersection,Normale,Deux véhicules - arrière,,,,,,,,,,,1,1,1,1,2
200600015377,0006-03-24 09:30:00,6,3,24,9,30,130,71,A7-Sens Marseille vers L,,,Plein jour,Hors agglomération,Hors intersection,Normale,Sans collision,,,,,,,,,,,1,1,1,1,7
200600015378,0006-03-24 20:36:00,6,3,24,20,36,130,55,A7-Sens Marseille vers L,,,Nuit avec éclairage allumé,Hors agglomération,Hors intersection,Normale,Deux véhicules - côté,,,,,,,,,,,5,1,1,1,3
200600015379,0006-03-25 18:20:00,6,3,25,18,20,130,55,A7-Sens Lyon vers Marsei,,,Plein jour,Hors agglomération,Autre intersection,Normale,Trois véhicules et plus - collisions multiples,,,,,,,,,,,1,1,9,1,5
200600015380,0006-03-25 19:30:00,6,3,25,19,30,130,55,Sens Aubagne vers Marsei,,,Crépuscule ou aube,Hors agglomération,Hors intersection,Normale,Trois véhicules et plus - en chaîne,,,,,,,,,,,2,1,1,1,4
200600015381,0006-03-26 12:55:00,6,3,26,12,55,130,22,A50-Sens Aubagne vers To,,,Plein jour,Hors agglomération,Hors intersection,Normale,Autre collision,,,,,,,,,,,1,1,1,1,6
200600015382,0006-03-28 06:50:00,6,3,28,6,50,130,71,A7-Sens Lyon vers Marsei,,,Nuit sans éclairage public,Hors agglomération,Hors intersection,Normale,Deux véhicules - arrière,,,,,,,,,,,3,1,1,1,2
200600015383,0006-03-28 14:15:00,6,3,28,14,15,130,81,A7-Sens Lyon vers Marsei,,,Plein jour,Hors agglomération,Hors intersection,Normale,Deux véhicules - côté,,,,,,,,,,,1,1,1,1,3
200600015384,0006-03-29 18:30:00,6,3,29,18,30,130,55,A50-Sens Aubagne vers Ma,,,Plein jour,Hors agglomération,Hors intersection,Normale,Deux véhicules - arrière,,,,,,,,,,,1,1,1,1,2
200600015385,0006-03-29 22:50:00,6,3,29,22,50,130,55,A7-Sens Marseille vers L,,,Nuit sans éclairage public,Hors agglomération,Hors intersection,Normale,Trois véhicules et plus - collisions multiples,,,,,,,,,,,3,1,1,1,5
200600015386,0006-03-30 07:45:00,6,3,30,7,45,130,71,A7-Sens Lyon vers Marsei,,,Plein jour,Hors agglomération,Hors intersection,Normale,Deux véhicules - côté,,,,,,,,,,,1,1,1,1,3
200600015387,0006-03-30 07:50:00,6,3,30,7,50,130,71,A55 - Sens Marseille ver,,,Plein jour,Hors agglomération,Hors intersection,Normale,Deux véhicules - arrière,,,,,,,,,,,1,1,1,1,2
200600015388,0006-03-30 18:31:00,6,3,30,18,31,130,5,A50-Sens Aubagne vers Ma,,,Plein jour,Hors agglomération,Hors intersection,Normale,Autre collision,,,,,,,,,,,1,1,1,1,6
200600015389,0006-03-31 14:34:00,6,3,31,14,34,130,71,A7-Sens Lyon vers Marsei,,,Plein jour,Hors agglomération,Hors intersection,Normale,Deux véhicules - frontale,,,,,,,,,,,1,1,1,1,1
200600015390,0006-03-31 04:45:00,6,3,31,4,45,130,106,A51-Sens Marseille vers,,,Nuit sans éclairage public,Hors agglomération,Hors intersection,Normale,Deux véhicules - arrière,,,,,,,,,,,3,1,1,1,2
200600015391,0006-03-31 18:35:00,6,3,31,18,35,130,55,Sens Marseille vers Auba,,,Plein jour,Hors agglomération,Hors intersection,Normale,Deux véhicules - côté,,,,,,,,,,,1,1,1,1,3
200600015392,0006-03-05 18:30:00,6,3,5,18,30,590,388,,50.567,2.865,Crépuscule ou aube,Hors agglomération,Hors intersection,Normale,Deux véhicules - frontale,,,,,,,,,,,2,1,1,1,1
200600015393,0006-03-15 07:40:00,6,3,15,7,40,590,398,rue de PONT A MARCQ,50.516,3.113,Plein jour,En agglomération,Hors intersection,Normale,Trois véhicules et plus - collisions multiples,,,,,,,,,,,1,2,1,1,5
200600015394,0006-03-30 07:30:00,6,3,30,7,30,590,647,RUE PASCAL LEULIETTE,50.822,2.216,Plein jour,En agglomération,Hors intersection,Temps couvert,Deux véhicules - frontale,,,,,,,,,,,1,2,1,8,1
200600015395,0006-03-01 16:00:00,6,3,1,16,0,590,641,,,,Plein jour,Hors agglomération,Intersection en X,Normale,Deux véhicules - côté,,,,,,,,,,,1,1,2,1,3
200600015396,0006-03-04 02:00:00,6,3,4,2,0,590,663,Chemin de Winnezeele,50.885,2.478,Nuit sans éclairage public,En agglomération,Hors intersection,Normale,Autre collision,,,,,,,,,,,3,2,1,1,6
200600015397,0006-03-18 09:20:00,6,3,18,9,20,590,469,ROUTE NATIONALE 42,50.735,2.612,Plein jour,En agglomération,Hors intersection,Normale,Autre collision,,,,,,,,,,,1,2,1,1,6
200600015398,0006-03-02 21:10:00,6,3,2,21,10,590,212,rue de Lille,,,Nuit avec éclairage allumé,En agglomération,Hors intersection,Normale,Trois véhicules et plus - collisions multiples,,,,,,,,,,,5,2,1,1,5
200600015399,0006-03-03 20:15:00,6,3,3,20,15,590,400,51 RUE GL DE GAULLE,,,Nuit avec éclairage allumé,En agglomération,Hors intersection,Normale,Sans collision,,,,,,,,,,,5,2,1,1,7
200600015400,0006-03-06 19:15:00,6,3,6,19,15,590,580,CD948,50.814,2.602,Crépuscule ou aube,En agglomération,Autre intersection,Normale,Deux véhicules - frontale,,,,,,,,,,,2,2,9,1,1
200600015401,0006-03-04 18:30:00,6,3,4,18,30,590,92,540 rue frères REGNIER,50.293,3.319,Plein jour,En agglomération,Hors intersection,Normale,Deux véhicules - frontale,,,,,,,,,,,1,2,1,1,1
200600015402,0006-03-28 23:15:00,6,3,28,23,15,590,545,18 RUE DE LA FABRIQUE,,,Nuit sans éclairage public,En agglomération,Hors intersection,Temps couvert,Autre collision,,,,,,,,,,,3,2,1,8,6
200600015403,0006-03-14 22:45:00,6,3,14,22,45,590,224,CD 148 A,,,Nuit sans éclairage public,Hors agglomération,Hors intersection,Normale,Sans collision,,,,,,,,,,,3,1,1,1,7
200600015404,0006-03-15 15:45:00,6,3,15,15,45,590,80,Rue Jules Plus,,,Plein jour,En agglomération,Hors intersection,Temps éblouissant,Deux véhicules - côté,,,,,,,,,,,1,2,1,7,3
200600015405,0006-03-18 21:45:00,6,3,18,21,45,590,157,EN DIRECTION DE BEAUMONT,,,Nuit sans éclairage public,Hors agglomération,Hors intersection,Normale,Sans collision,,,,,,,,,,,3,1,1,1,7
200600015406,0006-03-17 22:00:00,6,3,17,22,0,620,371,rue des alouettes,,,Nuit avec éclairage allumé,En agglomération,Intersection en X,Normale,Deux véhicules - côté,,,,,,,,,,,5,2,2,1,3
200600015407,0006-03-07 17:30:00,6,3,7,17,30,620,817,,50.3,2.829,Plein jour,Hors agglomération,Hors intersection,Normale,Deux véhicules - côté,,,,,,,,,,,1,1,1,1,3
200600015408,0006-03-15 13:45:00,6,3,15,13,45,620,582,,,,Plein jour,Hors agglomération,Hors intersection,Normale,Autre collision,,,,,,,,,,,1,1,1,1,6
200600015409,0006-03-17 18:30:00,6,3,17,18,30,620,284,,50.264,3.056,Plein jour,Hors agglomération,Autre intersection,Normale,Deux véhicules - frontale,,,,,,,,,,,1,1,9,1,1
200600015410,0006-03-23 09:30:00,6,3,23,9,30,620,502,la rue de la Grand Voie,50.604,2.678,Plein jour,Hors agglomération,Intersection en X,Normale,Deux véhicules - côté,,,,,,,,,,,1,1,2,1,3
200600015411,0006-03-25 23:00:00,6,3,25,23,0,620,190,Rue de Lillers,50.591,2.516,Nuit avec éclairage allumé,En agglomération,Hors intersection,Pluie légère,Autre collision,,,,,,,,,,,5,2,1,2,6
200600015412,0006-03-01 01:00:00,6,3,1,1,0,620,300,,50.693,1.578,Nuit sans éclairage public,Hors agglomération,Hors intersection,Normale,Autre collision,,,,,,,,,,,3,1,1,1,6
200600015413,0006-03-01 16:00:00,6,3,1,16,0,620,264,,50.597,1.613,Plein jour,Hors agglomération,Hors intersection,Normale,Deux véhicules - arrière,,,,,,,,,,,1,1,1,1,2
200600015414,0006-03-03 16:15:00,6,3,3,16,15,620,170,,50.439,2.678,Plein jour,Hors agglomération,Hors intersection,Normale,Trois véhicules et plus - collisions multiples,,,,,,,,,,,1,1,1,1,5
200600015415,0006-03-08 21:00:00,6,3,8,21,0,620,176,106 Route Nationale,50.503,1.697,Nuit avec éclairage allumé,En agglomération,Hors intersection,Pluie légère,Deux véhicules - frontale,,,,,,,,,,,5,2,1,2,1
200600015416,0006-03-22 16:45:00,6,3,22,16,45,620,849,303 et Rue du Pont Rouge,,,Plein jour,Hors agglomération,Hors intersection,Normale,Deux véhicules - côté,,,,,,,,,,,1,1,1,1,3
200600015417,0006-03-15 19:40:00,6,3,15,19,40,620,447,Avenue Ste Austreberthe,,,Crépuscule ou aube,En agglomération,Hors intersection,Normale,Autre collision,,,,,,,,,,,2,2,1,1,6
200600015418,0006-03-24 20:15:00,6,3,24,20,15,620,229,,50.662,2.185,Nuit sans éclairage public,Hors agglomération,Hors intersection,Pluie légère,Autre collision,,,,,,,,,,,3,1,1,2,6
200600015419,0006-03-16 18:45:00,6,3,16,18,45,620,534,rue 8 mai,,,Plein jour,En agglomération,Hors intersection,Normale,Deux véhicules - côté,,,,,,,,,,,1,2,1,1,3
200600015420,0006-03-19 09:30:00,6,3,19,9,30,620,717,,50.367,2.383,Plein jour,Hors agglomération,Hors intersection,Brouillard / fumée,Trois véhicules et plus - en chaîne,,,,,,,,,,,1,1,1,5,4
200600015421,0006-03-31 18:00:00,6,3,31,18,0,620,835,CD77,,,Plein jour,Hors agglomération,Hors intersection,Normale,Deux véhicules - frontale,,,,,,,,,,,1,1,1,1,1
200600015422,0006-03-08 10:45:00,6,3,8,10,45,620,629,,50.302,2.585,Plein jour,Hors agglomération,Hors intersection,Pluie forte,Autre collision,,,,,,,,,,,1,1,1,3,6
200600015423,0006-03-04 15:45:00,6,3,4,15,45,620,881,,50.225,2.163,Plein jour,En agglomération,Hors intersection,Normale,Deux véhicules - frontale,,,,,,,,,,,1,2,1,1,1
200600015424,0006-03-05 05:10:00,6,3,5,5,10,620,361,,50.261,2.279,Nuit sans éclairage public,Hors agglomération,Hors intersection,Autre,Autre collision,,,,,,,,,,,3,1,1,9,6
200600015425,0006-03-22 18:50:00,6,3,22,18,50,800,426,ue du Moulin et Caquevel,,,Crépuscule ou aube,En agglomération,Hors intersection,Normale,Deux véhicules - côté,,,,,,,,,,,2,2,1,1,3
200600015426,0006-03-27 17:15:00,6,3,27,17,15,800,661,27 Rue de Villers,,,Plein jour,En agglomération,Hors intersection,Normale,Deux véhicules - frontale,,,,,,,,,,,1,2,1,1,1
200600015427,0006-03-12 01:30:00,6,3,12,1,30,800,444,HAMEAU DES CROISETTES,,,Nuit avec éclairage allumé,Hors agglomération,Hors intersection,Normale,Deux véhicules - côté,,,,,,,,,,,5,1,1,1,3
200600015428,0006-03-28 14:50:00,6,3,28,14,50,800,368,rue Henri Barbusse,,,Plein jour,En agglomération,Hors intersection,Normale,Sans collision,,,,,,,,,,,1,2,1,1,7
200600015429,0006-03-05 01:30:00,6,3,5,1,30,800,600,,50.198,1.731,Nuit sans éclairage public,Hors agglomération,Hors intersection,Normale,Autre collision,,,,,,,,,,,3,1,1,1,6
200600015430,0006-03-17 08:15:00,6,3,17,8,15,800,222,,,,Plein jour,Hors agglomération,Intersection en T,Normale,Deux véhicules - côté,,,,,,,,,,,1,1,3,1,3
200600015431,0006-03-09 10:00:00,6,3,9,10,0,800,71,RN 25,50.12,2.34,Plein jour,En agglomération,Hors intersection,Pluie légère,Autre collision,,,,,,,,,,,1,2,1,2,6
200600015432,0006-03-01 11:15:00,6,3,1,11,15,800,64,CD 28,49.802,2.606,Plein jour,Hors agglomération,Hors intersection,Autre,Deux véhicules - frontale,,,,,,,,,,,1,1,1,9,1
200600015433,0006-03-17 15:00:00,6,3,17,15,0,800,620,Faubourg de Paris,,,Plein jour,En agglomération,Intersection en X,Normale,Deux véhicules - côté,,,,,,,,,,,1,2,2,1,3
200600015434,0006-03-26 15:15:00,6,3,26,15,15,800,647,,49.808,2.812,Plein jour,Hors agglomération,Intersection en X,Normale,Deux véhicules - frontale,,,,,,,,,,,1,1,2,1,1
200600015435,0006-03-03 17:15:00,6,3,3,17,15,20,617,RUE DE CRECY,49.688,3.591,Plein jour,En agglomération,Hors intersection,Normale,Deux véhicules - côté,,,,,,,,,,,1,2,1,1,3
200600015436,0006-03-06 07:15:00,6,3,6,7,15,20,128,,49.533,3.66,Crépuscule ou aube,En agglomération,Autre intersection,Temps couvert,Deux véhicules - côté,,,,,,,,,,,2,2,9,8,3
200600015437,0006-03-17 00:15:00,6,3,17,0,15,20,153,,,,Nuit sans éclairage public,Hors agglomération,Hors intersection,Normale,Sans collision,,,,,,,,,,,3,1,1,1,7
200600015438,0006-03-08 19:15:00,6,3,8,19,15,20,461,t kilomètrique 0 + 577,,,Nuit sans éclairage public,Hors agglomération,Hors intersection,Pluie légère,Deux véhicules - côté,,,,,,,,,,,3,1,1,2,3
200600015439,0006-03-25 23:30:00,6,3,25,23,30,20,820,CD 429E,,,Nuit avec éclairage allumé,Hors agglomération,Autre intersection,Pluie légère,Deux véhicules - frontale,,,,,,,,,,,5,1,9,2,1
200600015440,0006-03-30 07:45:00,6,3,30,7,45,20,335,,49.633,3.419,Plein jour,Hors agglomération,Hors intersection,Pluie légère,Autre collision,,,,,,,,,,,1,1,1,2,6
200600015441,0006-03-10 15:30:00,6,3,10,15,30,20,18,CARREFOUR CD5 et CD265,,,Plein jour,En agglomération,Hors intersection,Normale,Deux véhicules - frontale,,,,,,,,,,,1,2,1,1,1
200600015442,0006-03-03 11:15:00,6,3,3,11,15,20,778,,49.426,3.667,Plein jour,Hors agglomération,Hors intersection,Neige / grêle,Deux véhicules - frontale,,,,,,,,,,,1,1,1,4,1
200600015443,0006-03-04 23:30:00,6,3,4,23,30,20,309,,,,Nuit sans éclairage public,Hors agglomération,Hors intersection,Normale,Sans collision,,,,,,,,,,,3,1,1,1,7
200600015444,0006-03-19 06:00:00,6,3,19,6,0,20,218,,49.554,3.801,Crépuscule ou aube,Hors agglomération,Hors intersection,Normale,Sans collision,,,,,,,,,,,2,1,1,1,7
200600015445,0006-03-29 21:00:00,6,3,29,21,0,20,543,,49.166,3.281,Nuit sans éclairage public,Hors agglomération,Hors intersection,Normale,Sans collision,,,,,,,,,,,3,1,1,1,7
200600015446,0006-03-31 10:00:00,6,3,31,10,0,20,305,06 RUE DEBARLES,,,Plein jour,En agglomération,Hors intersection,Normale,Autre collision,,,,,,,,,,,1,2,1,1,6
200600015447,0006-03-12 12:30:00,6,3,12,12,30,20,658,,,,Plein jour,Hors agglomération,Hors intersection,Normale,Autre collision,,,,,,,,,,,1,1,1,1,6
200600015448,0006-03-10 12:15:00,6,3,10,12,15,20,149,sens ST QUENTIN /LAON,,,Plein jour,Hors agglomération,Hors intersection,Neige / grêle,Autre collision,,,,,,,,,,,1,1,1,4,6
200600015449,0006-03-13 14:15:00,6,3,13,14,15,20,775,,49.725,3.348,Plein jour,Hors agglomération,Hors intersection,Temps éblouissant,Deux véhicules - côté,,,,,,,,,,,1,1,1,7,3
200600015450,0006-03-07 08:00:00,6,3,7,8,0,20,372,,,,Plein jour,Hors agglomération,Hors intersection,Normale,Deux véhicules - frontale,,,,,,,,,,,1,1,1,1,1
200600015451,0006-03-09 16:45:00,6,3,9,16,45,20,90,Route de Neuilly,,,Plein jour,En agglomération,Hors intersection,Pluie légère,Autre collision,,,,,,,,,,,1,2,1,2,6
200600015452,0006-03-26 01:15:00,6,3,26,1,15,20,487,07 RUE DE VOUZIERS,49.39,3.41,Nuit avec éclairage allumé,En agglomération,Hors intersection,Normale,Autre collision,,,,,,,,,,,5,2,1,1,6
200600015453,0006-03-26 05:30:00,6,3,26,5,30,20,730,,,,Nuit sans éclairage public,Hors agglomération,Hors intersection,Pluie légère,Sans collision,,,,,,,,,,,3,1,1,2,7
200600015454,0006-03-01 21:45:00,6,3,1,21,45,20,302,,49.238,3.19,Nuit sans éclairage public,Hors agglomération,Hors intersection,Neige / grêle,Autre collision,,,,,,,,,,,3,1,1,4,6