accident_id,datetime,annee,mois,jour,heure,minute,departement,commune_insee,adresse,latitude,longitude,luminosite,agglomeration,intersection,meteo,collision,nb_vehicules,nb_usagers,nb_indemnes,nb_tues,nb_blesses_hosp,nb_blesses_legers,age_cond_1,age_cond_2,veh_type_cond_1,veh_type_cond_2,lum_code,agg_code,int_code,atm_code,col_code
200600015455,0006-03-09 18:00:00,6,3,9,18,0,20,368,,49.279,3.064,Plein jour,En agglomération,Hors intersection,Normale,Autre collision,,,,,,,,,,,1,2,1,1,6
200600015456,0006-03-04 23:45:00,6,3,4,23,45,20,341,,,,Nuit sans éclairage public,Hors agglomération,Hors intersection,Normale,Deux véhicules - arrière,,,,,,,,,,,3,1,1,1,2
200600015457,0006-03-25 14:00:00,6,3,25,14,0,20,295,,,,Plein jour,Hors agglomération,Hors intersection,Normale,Deux véhicules - côté,,,,,,,,,,,1,1,1,1,3
200600015458,0006-03-18 12:30:00,6,3,18,12,30,20,381,AVENUE DE VERDUN,49.915,4.079,Plein jour,En agglomération,Intersection en X,Normale,Deux véhicules - côté,,,,,,,,,,,1,2,2,1,3
200600015459,0006-03-24 22:25:00,6,3,24,22,25,20,574,CD 963,,,Nuit sans éclairage public,Hors agglomération,Hors intersection,Pluie légère,Sans collision,,,,,,,,,,,3,1,1,2,7
200600015460,0006-03-01 19:00:00,6,3,1,19,0,600,639,,49.473,2.115,Nuit sans éclairage public,Hors agglomération,Hors intersection,Neige / grêle,Autre collision,,,,,,,,,,,3,1,1,4,6
200600015461,0006-03-03 20:00:00,6,3,3,20,0,600,277,RN31,49.433,2.036,Nuit sans éclairage public,Hors agglomération,Hors intersection,Normale,Deux véhicules - frontale,,,,,,,,,,,3,1,1,1,1
200600015462,0006-03-16 17:45:00,6,3,16,17,45,600,30,CD927 PK23,,,Plein jour,Hors agglomération,Hors intersection,Normale,Sans collision,,,,,,,,,,,1,1,1,1,7
200600015463,0006-03-31 22:50:00,6,3,31,22,50,600,143,Rue du bras d'or,,,Nuit avec éclairage allumé,En agglomération,Hors intersection,Normale,Autre collision,,,,,,,,,,,5,2,1,1,6
200600015464,0006-03-13 07:45:00,6,3,13,7,45,600,242,,,,Plein jour,Hors agglomération,Intersection en Y,Normale,Deux véhicules - côté,,,,,,,,,,,1,1,4,1,3
200600015465,0006-03-11 12:10:00,6,3,11,12,10,600,334,CD 46,,,Plein jour,Hors agglomération,Hors intersection,Pluie légère,Deux véhicules - frontale,,,,,,,,,,,1,1,1,2,1
200600015466,0006-03-09 20:05:00,6,3,9,20,5,600,107,Rue du grand Air,,,Nuit avec éclairage allumé,Hors agglomération,Hors intersection,Pluie légère,Deux véhicules - côté,,,,,,,,,,,5,1,1,2,3
200600015467,0006-03-09 09:15:00,6,3,9,9,15,600,8,,,,Plein jour,Hors agglomération,Hors intersection,Normale,Deux véhicules - frontale,,,,,,,,,,,1,1,1,1,1
200600015468,0006-03-21 19:45:00,6,3,21,19,45,600,360,26 RUE VICTOR HUGO,,,Crépuscule ou aube,En agglomération,Hors intersection,Normale,Autre collision,,,,,,,,,,,2,2,1,1,6
200600015469,0006-03-28 16:00:00,6,3,28,16,0,600,342,,,,Plein jour,Hors agglomération,Hors intersection,Normale,Trois véhicules et plus - en chaîne,,,,,,,,,,,1,1,1,1,4
200600015470,0006-03-11 13:30:00,6,3,11,13,30,600,638,RUE D EN BAS,,,Plein jour,En agglomération,Hors intersection,Normale,Deux véhicules - frontale,,,,,,,,,,,1,2,1,1,1
200600015471,0006-03-15 08:00:00,6,3,15,8,0,600,701,Carrefour CD543 et CD916,49.554,2.366,Plein jour,En agglomération,Autre intersection,Normale,Deux véhicules - frontale,,,,,,,,,,,1,2,9,1,1
200600015472,0006-03-08 11:35:00,6,3,8,11,35,600,491,rue des carrières,,,Plein jour,Hors agglomération,Hors intersection,Pluie légère,Autre collision,,,,,,,,,,,1,1,1,2,6
200600015473,0006-03-02 09:45:00,6,3,2,9,45,600,156,CD81,,,Plein jour,Hors agglomération,Hors intersection,Normale,Trois véhicules et plus - collisions multiples,,,,,,,,,,,1,1,1,1,5
200600015474,0006-03-03 12:00:00,6,3,3,12,0,600,531,,49.434,2.662,Plein jour,Hors agglomération,Passage à niveau,Neige / grêle,Deux véhicules - frontale,,,,,,,,,,,1,1,8,4,1
200600015475,0006-03-19 07:45:00,6,3,19,7,45,600,318,,49.334,2.646,Plein jour,Hors agglomération,Hors intersection,Normale,Sans collision,,,,,,,,,,,1,1,1,1,7
200600015476,0006-03-20 17:15:00,6,3,20,17,15,600,507,,,,Plein jour,Hors agglomération,Hors intersection,Normale,Sans collision,,,,,,,,,,,1,1,1,1,7
200600015477,0006-03-25 08:45:00,6,3,25,8,45,570,323,Lieu-dit Bellevue,,,Plein jour,Hors agglomération,Hors intersection,Pluie légère,Deux véhicules - frontale,,,,,,,,,,,1,1,1,2,1
200600015478,0006-03-10 18:15:00,6,3,10,18,15,600,138,RN 330,,,Plein jour,Hors agglomération,Hors intersection,Temps couvert,Deux véhicules - côté,,,,,,,,,,,1,1,1,8,3
200600015479,0006-03-04 19:15:00,6,3,4,19,15,600,380,CD936,,,Nuit avec éclairage allumé,En agglomération,Hors intersection,Normale,Deux véhicules - arrière,,,,,,,,,,,5,2,1,1,2
200600015480,0006-03-03 09:00:00,6,3,3,9,0,600,139,route Nationale 1,,,Plein jour,Hors agglomération,Hors intersection,Neige / grêle,Deux véhicules - frontale,,,,,,,,,,,1,1,1,4,1
200600015481,0006-03-24 13:10:00,6,3,24,13,10,600,197,,,,Plein jour,Hors agglomération,Hors intersection,Temps couvert,Deux véhicules - frontale,,,,,,,,,,,1,1,1,8,1
200600015482,0006-03-25 14:00:00,6,3,25,14,0,600,139,RUE THOMAS EDISON,,,Plein jour,En agglomération,Giratoire,Normale,Autre collision,,,,,,,,,,,1,2,6,1,6
200600015483,0006-03-01 21:00:00,6,3,1,21,0,600,346,avenue du Général de GAU,49.16,2.427,Nuit sans éclairage public,En agglomération,Hors intersection,Pluie légère,Autre collision,,,,,,,,,,,3,2,1,2,6
200600015484,0006-03-07 17:00:00,6,3,7,17,0,600,346,,49.167,2.448,Plein jour,Hors agglomération,Hors intersection,Pluie forte,Deux véhicules - frontale,,,,,,,,,,,1,1,1,3,1
200600015485,0006-03-09 09:10:00,6,3,9,9,10,600,141,enue du Général Leclerc,,,Plein jour,En agglomération,Hors intersection,Normale,Deux véhicules - arrière,,,,,,,,,,,1,2,1,1,2
200600015486,0006-03-20 13:00:00,6,3,20,13,0,600,176,rue nationale,49.24,2.89,Plein jour,En agglomération,Hors intersection,Pluie légère,Sans collision,,,,,,,,,,,1,2,1,2,7
200600015487,0006-03-20 15:30:00,6,3,20,15,30,600,479,,,,Plein jour,Hors agglomération,Hors intersection,Pluie légère,Deux véhicules - frontale,,,,,,,,,,,1,1,1,2,1
200600015488,0006-03-12 15:00:00,6,3,12,15,0,600,79,,49.168,2.857,Plein jour,Hors agglomération,Hors intersection,Normale,Autre collision,,,,,,,,,,,1,1,1,1,6
200600015489,0006-03-01 00:01:00,6,3,1,0,1,600,272,CD 332,,,Nuit sans éclairage public,Hors agglomération,Hors intersection,Neige / grêle,Deux véhicules - frontale,,,,,,,,,,,3,1,1,4,1
200600015490,0006-03-15 08:15:00,6,3,15,8,15,600,509,place de la République,,,Plein jour,En agglomération,Hors intersection,Normale,Autre collision,,,,,,,,,,,1,2,1,1,6
200600015491,0006-03-23 08:15:00,6,3,23,8,15,600,509,rue Pasteur,,,Plein jour,En agglomération,Hors intersection,Temps éblouissant,Autre collision,,,,,,,,,,,1,2,1,7,6
200600015492,0006-03-19 17:45:00,6,3,19,17,45,760,728,CD47,,,Plein jour,Hors agglomération,Hors intersection,Normale,Deux véhicules - frontale,,,,,,,,,,,1,1,1,1,1
200600015493,0006-03-13 08:00:00,6,3,13,8,0,760,452,TUR MAROMME DUBUC,,,Plein jour,En agglomération,Hors intersection,Normale,Autre collision,,,,,,,,,,,1,2,1,1,6
200600015494,0006-03-31 08:00:00,6,3,31,8,0,760,675,route de CLERES,,,Plein jour,Hors agglomération,Hors intersection,Temps couvert,Autre collision,,,,,,,,,,,1,1,1,8,6
200600015495,0006-03-06 09:15:00,6,3,6,9,15,760,24,,,,Plein jour,Hors agglomération,Intersection en X,Normale,Deux véhicules - côté,,,,,,,,,,,1,1,2,1,3
200600015496,0006-03-09 17:45:00,6,3,9,17,45,760,34,,,,Plein jour,Hors agglomération,Intersection en T,Temps couvert,Deux véhicules - frontale,,,,,,,,,,,1,1,3,8,1
200600015497,0006-03-10 14:45:00,6,3,10,14,45,760,351,RUE DESMALLIERES,49.5,0.15,Plein jour,En agglomération,Hors intersection,Normale,Deux véhicules - arrière,,,,,,,,,,,1,2,1,1,2
200600015498,0006-03-06 19:15:00,6,3,6,19,15,760,33,,,,Crépuscule ou aube,Hors agglomération,Hors intersection,Normale,Deux véhicules - côté,,,,,,,,,,,2,1,1,1,3
200600015499,0006-03-19 01:00:00,6,3,19,1,0,760,715,,49.6,0.596,Nuit sans éclairage public,Hors agglomération,Giratoire,Normale,Autre collision,,,,,,,,,,,3,1,6,1,6
200600015500,0006-03-19 17:30:00,6,3,19,17,30,760,92,,49.563,0.525,Plein jour,Hors agglomération,Hors intersection,Temps couvert,Sans collision,,,,,,,,,,,1,1,1,8,7
200600015501,0006-03-27 17:30:00,6,3,27,17,30,760,494,RUE DE LA MARE AURAY,49.591,0.395,Plein jour,En agglomération,Hors intersection,Normale,Sans collision,,,,,,,,,,,1,2,1,1,7
200600015502,0006-03-01 12:45:00,6,3,1,12,45,760,714,HAMEAU FROIDERUE,49.559,0.402,Plein jour,Hors agglomération,Hors intersection,Neige / grêle,Autre collision,,,,,,,,,,,1,1,1,4,6
200600015503,0006-03-04 04:15:00,6,3,4,4,15,760,276,rue de la libération,,,Nuit avec éclairage allumé,En agglomération,Hors intersection,Normale,Autre collision,,,,,,,,,,,5,2,1,1,6
200600015504,0006-03-30 16:45:00,6,3,30,16,45,760,263,RN 31,49.466,1.541,Plein jour,Hors agglomération,Hors intersection,Pluie légère,Deux véhicules - côté,,,,,,,,,,,1,1,1,2,3
200600015505,0006-03-03 06:45:00,6,3,3,6,45,760,467,CD69 route de ST RIQUIER,49.827,0.703,Crépuscule ou aube,En agglomération,Hors intersection,Neige / grêle,Autre collision,,,,,,,,,,,2,2,1,4,6
200600015506,0006-03-28 13:30:00,6,3,28,13,30,760,241,,49.815,0.789,Plein jour,Hors agglomération,Intersection en X,Normale,Deux véhicules - côté,,,,,,,,,,,1,1,2,1,3
200600015507,0006-03-11 21:15:00,6,3,11,21,15,760,187,,49.723,0.424,Nuit sans éclairage public,Hors agglomération,Hors intersection,Normale,Sans collision,,,,,,,,,,,3,1,1,1,7
200600015508,0006-03-29 07:45:00,6,3,29,7,45,760,524,,,,Crépuscule ou aube,Hors agglomération,Hors intersection,Normale,Deux véhicules - frontale,,,,,,,,,,,2,1,1,1,1
200600015509,0006-03-05 12:45:00,6,3,5,12,45,270,31,,,,Plein jour,Hors agglomération,Hors intersection,Temps éblouissant,Deux véhicules - frontale,,,,,,,,,,,1,1,1,7,1
200600015510,0006-03-17 16:00:00,6,3,17,16,0,270,165,,48.956,0.938,Plein jour,Hors agglomération,Hors intersection,Normale,Deux véhicules - arrière,,,,,,,,,,,1,1,1,1,2
200600015511,0006-03-17 22:15:00,6,3,17,22,15,270,20,01 RUE DU HAMEL,48.997,1.108,Nuit avec éclairage allumé,En agglomération,Hors intersection,Normale,Autre collision,,,,,,,,,,,5,2,1,1,6
200600015512,0006-03-25 12:45:00,6,3,25,12,45,270,165,Hameau de GOUPIGNY,,,Plein jour,En agglomération,Hors intersection,Pluie légère,Autre collision,,,,,,,,,,,1,2,1,2,6
200600015513,0006-03-03 12:45:00,6,3,3,12,45,270,478,,48.956,1.224,Plein jour,Hors agglomération,Hors intersection,Pluie légère,Deux véhicules - côté,,,,,,,,,,,1,1,1,2,3
200600015514,0006-03-17 20:15:00,6,3,17,20,15,270,411,,,,Nuit sans éclairage public,Hors agglomération,Hors intersection,Normale,Sans collision,,,,,,,,,,,3,1,1,1,7
200600015515,0006-03-07 21:15:00,6,3,7,21,15,270,448,rue Dulong,,,Nuit avec éclairage allumé,En agglomération,Hors intersection,Pluie légère,Autre collision,,,,,,,,,,,5,2,1,2,6
200600015516,0006-03-11 12:30:00,6,3,11,12,30,270,278,,48.922,1.406,Plein jour,Hors agglomération,Intersection en X,Temps couvert,Deux véhicules - côté,,,,,,,,,,,1,1,2,8,3
200600015517,0006-03-16 23:45:00,6,3,16,23,45,270,230,ROND POINT DE LA MAIRIE,,,Nuit avec éclairage allumé,En agglomération,Giratoire,Normale,Deux véhicules - côté,,,,,,,,,,,5,2,6,1,3
200600015518,0006-03-22 16:15:00,6,3,22,16,15,270,481,,,,Plein jour,Hors agglomération,Hors intersection,Pluie légère,Autre collision,,,,,,,,,,,1,1,1,2,6
200600015519,0006-03-14 17:45:00,6,3,14,17,45,270,104,,49.396,1.299,Plein jour,Hors agglomération,Hors intersection,Normale,Autre collision,,,,,,,,,,,1,1,1,1,6
200600015520,0006-03-29 11:20:00,6,3,29,11,20,270,284,CD 15 BIS,,,Plein jour,En agglomération,Intersection en X,Normale,Deux véhicules - côté,,,,,,,,,,,1,2,2,1,3
200600015521,0006-03-06 10:30:00,6,3,6,10,30,270,629,rue de la mairie,49.142,0.455,Plein jour,En agglomération,Place,Normale,Autre collision,,,,,,,,,,,1,2,7,1,6
200600015522,0006-03-14 12:15:00,6,3,14,12,15,270,414,impasse turbo,,,Plein jour,En agglomération,Hors intersection,Normale,Autre collision,,,,,,,,,,,1,2,1,1,6
200600015523,0006-03-26 19:00:00,6,3,26,19,0,270,547,,49.044,0.393,Plein jour,Hors agglomération,Hors intersection,Normale,Autre collision,,,,,,,,,,,1,1,1,1,6
200600015524,0006-03-08 17:00:00,6,3,8,17,0,270,221,,48.99,0.642,Plein jour,Hors agglomération,Hors intersection,Pluie légère,Deux véhicules - frontale,,,,,,,,,,,1,1,1,2,1
200600015525,0006-03-11 21:45:00,6,3,11,21,45,270,1,RN 138,,,Nuit sans éclairage public,Hors agglomération,Hors intersection,Normale,Deux véhicules - frontale,,,,,,,,,,,3,1,1,1,1
200600015526,0006-03-15 19:00:00,6,3,15,19,0,270,290,,,,Nuit sans éclairage public,Hors agglomération,Hors intersection,Normale,Deux véhicules - côté,,,,,,,,,,,3,1,1,1,3
200600015527,0006-03-27 05:00:00,6,3,27,5,0,270,51,Rue du Pont aux Chèvres,,,Nuit avec éclairage allumé,En agglomération,Hors intersection,Normale,Autre collision,,,,,,,,,,,5,2,1,1,6
200600015528,0006-03-28 18:30:00,6,3,28,18,30,270,51,CD133 bd Jean Pothin,,,Plein jour,En agglomération,Intersection en X,Normale,Deux véhicules - côté,,,,,,,,,,,1,2,2,1,3
200600015529,0006-03-08 12:00:00,6,3,8,12,0,270,275,rue de Verdun,49.166,1.34,Plein jour,En agglomération,Giratoire,Normale,Sans collision,,,,,,,,,,,1,2,6,1,7
200600015530,0006-03-16 01:00:00,6,3,16,1,0,270,651,3 route de Poses,49.28,1.261,Nuit avec éclairage allumé,En agglomération,Hors intersection,Normale,Autre collision,,,,,,,,,,,5,2,1,1,6
200600015531,0006-03-03 12:45:00,6,3,3,12,45,270,467,6 RUE DU MAQUIS SURCOUF,49.36,0.516,Plein jour,En agglomération,Hors intersection,Normale,Deux véhicules - côté,,,,,,,,,,,1,2,1,1,3
200600015532,0006-03-17 08:30:00,6,3,17,8,30,270,102,,49.361,0.755,Plein jour,Hors agglomération,Hors intersection,Normale,Autre collision,,,,,,,,,,,1,1,1,1,6
200600015533,0006-03-30 23:30:00,6,3,30,23,30,270,102,"D 144, PR 0+500",,,Nuit sans éclairage public,Hors agglomération,Hors intersection,Autre,Deux véhicules - frontale,,,,,,,,,,,3,1,1,9,1
200600015534,0006-03-09 08:45:00,6,3,9,8,45,270,110,,49.349,0.684,Plein jour,Hors agglomération,Hors intersection,Normale,Sans collision,,,,,,,,,,,1,1,1,1,7
200600015535,0006-03-14 13:15:00,6,3,14,13,15,350,206,,,,Plein jour,Hors agglomération,Hors intersection,Normale,Deux véhicules - côté,,,,,,,,,,,1,1,1,1,3
200600015536,0006-03-01 00:40:00,6,3,1,0,40,350,258,RN 137 PK 74500,,,Nuit sans éclairage public,Hors agglomération,Hors intersection,Neige / grêle,Autre collision,,,,,,,,,,,3,1,1,4,6
200600015537,0006-03-30 14:30:00,6,3,30,14,30,350,3,,48.282,-1.605,Plein jour,Hors agglomération,Autre intersection,Pluie légère,Autre collision,,,,,,,,,,,1,1,9,2,6
200600015538,0006-03-01 19:45:00,6,3,1,19,45,350,245,,,,Nuit sans éclairage public,Hors agglomération,Hors intersection,Normale,Autre collision,,,,,,,,,,,3,1,1,1,6
200600015539,0006-03-26 17:45:00,6,3,26,17,45,350,171,,,,Plein jour,Hors agglomération,Hors intersection,Normale,Autre collision,,,,,,,,,,,1,1,1,1,6
200600015540,0006-03-31 18:15:00,6,3,31,18,15,350,184,,,,Plein jour,Hors agglomération,Hors intersection,Normale,Deux véhicules - côté,,,,,,,,,,,1,1,1,1,3
200600015541,0006-03-11 20:00:00,6,3,11,20,0,350,23,,,,Nuit sans éclairage public,Hors agglomération,Hors intersection,Normale,Deux véhicules - frontale,,,,,,,,,,,3,1,1,1,1
200600015542,0006-03-04 08:55:00,6,3,4,8,55,350,137,rsection RD 113 / RD 798,,,Plein jour,Hors agglomération,Hors intersection,Neige / grêle,Autre collision,,,,,,,,,,,1,1,1,4,6
200600015543,0006-03-31 19:00:00,6,3,31,19,0,350,162,1 place du Prieuré,48.486,-1.124,Plein jour,En agglomération,Hors intersection,Normale,Deux véhicules - frontale,,,,,,,,,,,1,2,1,1,1
200600015544,0006-03-15 11:45:00,6,3,15,11,45,350,19,,48.43,-1.557,Plein jour,Hors agglomération,Hors intersection,Normale,Autre collision,,,,,,,,,,,1,1,1,1,6
200600015545,0006-03-10 02:45:00,6,3,10,2,45,350,19,,,,Nuit sans éclairage public,Hors agglomération,Hors intersection,Neige / grêle,Autre collision,,,,,,,,,,,3,1,1,4,6
200600015546,0006-03-10 13:45:00,6,3,10,13,45,350,236,rue Général de la Férriè,,,Plein jour,En agglomération,Hors intersection,Normale,Deux véhicules - côté,,,,,,,,,,,1,2,1,1,3
200600015547,0006-03-21 19:00:00,6,3,21,19,0,350,12,PK12800,,,Nuit sans éclairage public,Hors agglomération,Hors intersection,Pluie forte,Deux véhicules - côté,,,,,,,,,,,3,1,1,3,3
200600015548,0006-03-04 08:15:00,6,3,4,8,15,350,219,,47.838,-1.947,Plein jour,Hors agglomération,Hors intersection,Neige / grêle,Deux véhicules - frontale,,,,,,,,,,,1,1,1,4,1
200600015549,0006-03-09 21:00:00,6,3,9,21,0,350,123,,,,Nuit sans éclairage public,Hors agglomération,Intersection en T,Normale,Deux véhicules - frontale,,,,,,,,,,,3,1,3,1,1
200600015550,0006-03-13 12:15:00,6,3,13,12,15,350,123,La haute épine,48.005,-1.833,Plein jour,Hors agglomération,Hors intersection,Normale,Deux véhicules - frontale,,,,,,,,,,,1,1,1,1,1
200600015551,0006-03-19 08:15:00,6,3,19,8,15,350,129,La Roche Raimbaul,,,Plein jour,Hors agglomération,Hors intersection,Normale,Sans collision,,,,,,,,,,,1,1,1,1,7
200600015552,0006-03-01 07:30:00,6,3,1,7,30,350,17,,,,Crépuscule ou aube,Hors agglomération,Hors intersection,Neige / grêle,Deux véhicules - frontale,,,,,,,,,,,2,1,1,4,1
200600015553,0006-03-28 16:15:00,6,3,28,16,15,350,95,,,,Plein jour,Hors agglomération,Hors intersection,Neige / grêle,Deux véhicules - frontale,,,,,,,,,,,1,1,1,4,1
200600015554,0006-03-01 09:15:00,6,3,1,9,15,350,228,route de DINAN,48.58,-2.059,Plein jour,En agglomération,Hors intersection,Normale,Autre collision,,,,,,,,,,,1,2,1,1,6
200600015555,0006-03-01 08:30:00,6,3,1,8,30,350,338,"157, sens PARIS RENNES.",,,Plein jour,Hors agglomération,Hors intersection,Neige / grêle,Autre collision,,,,,,,,,,,1,1,1,4,6
200600015556,0006-03-01 08:15:00,6,3,1,8,15,350,360,,,,Plein jour,Hors agglomération,Hors intersection,Temps couvert,Deux véhicules - arrière,,,,,,,,,,,1,1,1,8,2
200600015557,0006-03-02 18:15:00,6,3,2,18,15,350,207,,48.115,-1.534,Nuit avec éclairage allumé,Hors agglomération,Hors intersection,Pluie légère,Autre collision,,,,,,,,,,,5,1,1,2,6
200600015558,0006-03-25 02:30:00,6,3,25,2,30,350,161,,,,Nuit avec éclairage non allumé,En agglomération,Hors intersection,Normale,Autre collision,,,,,,,,,,,4,2,1,1,6
200600015559,0006-03-20 11:15:00,6,3,20,11,15,350,41,,,,Plein jour,Hors agglomération,Intersection en X,Normale,Deux véhicules - côté,,,,,,,,,,,1,1,2,1,3
200600015560,0006-03-31 06:00:00,6,3,31,6,0,220,298,ARREFOUR DE SAINT-CONNEC,,,Nuit sans éclairage public,Hors agglomération,Intersection en X,Normale,Deux véhicules - côté,,,,,,,,,,,3,1,2,1,3
200600015561,0006-03-03 03:45:00,6,3,3,3,45,220,112,,48.65,-3.005,Nuit sans éclairage public,Hors agglomération,Hors intersection,Pluie forte,Deux véhicules - frontale,,,,,,,,,,,3,1,1,3,1
200600015562,0006-03-11 15:00:00,6,3,11,15,0,220,121,Rue Joseph DARSEL,,,Plein jour,En agglomération,Giratoire,Normale,Deux véhicules - côté,,,,,,,,,,,1,2,6,1,3
200600015563,0006-03-31 17:00:00,6,3,31,17,0,220,375,,,,Plein jour,Hors agglomération,Hors intersection,Normale,Deux véhicules - côté,,,,,,,,,,,1,1,1,1,3
200600015564,0006-03-30 17:30:00,6,3,30,17,30,220,210,,,,Plein jour,Hors agglomération,Hors intersection,Normale,Deux véhicules - arrière,,,,,,,,,,,1,1,1,1,2
200600015565,0006-03-25 21:45:00,6,3,25,21,45,220,172,,,,Nuit sans éclairage public,Hors agglomération,Intersection en T,Pluie forte,Deux véhicules - frontale,,,,,,,,,,,3,1,3,3,1
200600015566,0006-03-04 17:50:00,6,3,4,17,50,220,147,intersection VC 1 - VC 2,,,Plein jour,Hors agglomération,Hors intersection,Temps couvert,Autre collision,,,,,,,,,,,1,1,1,8,6
200600015567,0006-03-01 22:20:00,6,3,1,22,20,220,164,Lieu dit Kerilut,,,Nuit sans éclairage public,Hors agglomération,Hors intersection,Pluie légère,Autre collision,,,,,,,,,,,3,1,1,2,6
200600015568,0006-03-02 09:15:00,6,3,2,9,15,220,207,,48.63,-3.47,Plein jour,Hors agglomération,Passage à niveau,Neige / grêle,Autre collision,,,,,,,,,,,1,1,8,4,6
200600015569,0006-03-11 23:30:00,6,3,11,23,30,220,343,10 route de pleumeur,48.775,-3.559,Nuit avec éclairage allumé,En agglomération,Hors intersection,Normale,Autre collision,,,,,,,,,,,5,2,1,1,6
200600015570,0006-03-26 19:30:00,6,3,26,19,30,220,245,lieudit kersulvez CD 30,48.651,-3.401,Plein jour,Hors agglomération,Hors intersection,Normale,Deux véhicules - frontale,,,,,,,,,,,1,1,1,1,1
200600015571,0006-03-29 22:30:00,6,3,29,22,30,220,90,,48.785,-3.385,Nuit sans éclairage public,Hors agglomération,Hors intersection,Pluie forte,Autre collision,,,,,,,,,,,3,1,1,3,6
200600015572,0006-03-10 08:30:00,6,3,10,8,30,220,362,rue Marcelin Berthelot,48.79,-3.223,Plein jour,En agglomération,Hors intersection,Normale,Autre collision,,,,,,,,,,,1,2,1,1,6
200600015573,0006-03-28 14:45:00,6,3,28,14,45,220,127,KERMENGUY,,,Plein jour,Hors agglomération,Hors intersection,Pluie légère,Deux véhicules - arrière,,,,,,,,,,,1,1,1,2,2
200600015574,0006-03-04 17:30:00,6,3,4,17,30,290,215,,47.99,-4.401,Plein jour,Hors agglomération,Hors intersection,Normale,Deux véhicules - côté,,,,,,,,,,,1,1,1,1,3
200600015575,0006-03-31 14:15:00,6,3,31,14,15,290,215,17+500  menez kerlaeron,47.999,-4.378,Plein jour,Hors agglomération,Hors intersection,Normale,Autre collision,,,,,,,,,,,1,1,1,1,6
200600015576,0006-03-02 20:30:00,6,3,2,20,30,290,46,,48.071,-4.29,Nuit avec éclairage allumé,Hors agglomération,Hors intersection,Pluie légère,Deux véhicules - côté,,,,,,,,,,,5,1,1,2,3
200600015577,0006-03-05 20:00:00,6,3,5,20,0,290,169,,48.057,-4.133,Nuit sans éclairage public,Hors agglomération,Intersection en X,Normale,Deux véhicules - frontale,,,,,,,,,,,3,1,2,1,1
200600015578,0006-03-07 15:45:00,6,3,7,15,45,290,46,,48.071,-4.29,Plein jour,Hors agglomération,Intersection en X,Pluie forte,Deux véhicules - côté,,,,,,,,,,,1,1,2,3,3
200600015579,0006-03-07 15:00:00,6,3,7,15,0,290,171,,47.823,-4.293,Plein jour,Hors agglomération,Hors intersection,Pluie légère,Deux véhicules - côté,,,,,,,,,,,1,1,1,2,3
200600015580,0006-03-25 02:15:00,6,3,25,2,15,290,171,,47.837,-4.286,Nuit sans éclairage public,Hors agglomération,Hors intersection,Pluie légère,Sans collision,,,,,,,,,,,3,1,1,2,7
200600015581,0006-03-26 00:15:00,6,3,26,0,15,290,135,Rue Penfontenyo,47.836,-4.173,Nuit avec éclairage allumé,En agglomération,Hors intersection,Pluie forte,Autre collision,,,,,,,,,,,5,2,1,3,6
200600015582,0006-03-02 04:30:00,6,3,2,4,30,290,268,,48.481,-4.312,Nuit sans éclairage public,Hors agglomération,Hors intersection,Neige / grêle,Trois véhicules et plus - en chaîne,,,,,,,,,,,3,1,1,4,4
200600015583,0006-03-20 11:40:00,6,3,20,11,40,290,75,t - Voie communale n° 2,,,Plein jour,Hors agglomération,Hors intersection,Normale,Autre collision,,,,,,,,,,,1,1,1,1,6
200600015584,0006-03-21 14:45:00,6,3,21,14,45,290,181,,,,Plein jour,Hors agglomération,Intersection en T,Pluie légère,Deux véhicules - côté,,,,,,,,,,,1,1,3,2,3
200600015585,0006-03-16 15:00:00,6,3,16,15,0,290,15,"""Breignou""",48.492,-4.499,Plein jour,Hors agglomération,Hors intersection,Normale,Deux véhicules - côté,,,,,,,,,,,1,1,1,1,3
200600015586,0006-03-14 22:15:00,6,3,14,22,15,290,208,,48.499,-4.685,Nuit sans éclairage public,Hors agglomération,Hors intersection,Normale,Autre collision,,,,,,,,,,,3,1,1,1,6
200600015587,0006-03-18 18:30:00,6,3,18,18,30,290,17,,,,Plein jour,Hors agglomération,Hors intersection,Normale,Deux véhicules - côté,,,,,,,,,,,1,1,1,1,3
200600015588,0006-03-05 07:30:00,6,3,5,7,30,290,302,Kergaerig,48.238,-4.101,Crépuscule ou aube,Hors agglomération,Hors intersection,Autre,Autre collision,,,,,,,,,,,2,1,1,9,6
200600015589,0006-03-06 08:15:00,6,3,6,8,15,290,26,Rue de Kerlobret,,,Plein jour,En agglomération,Hors intersection,Temps couvert,Deux véhicules - frontale,,,,,,,,,,,1,2,1,8,1
200600015590,0006-03-02 07:35:00,6,3,2,7,35,290,42,St Jean- Leidez,,,Plein jour,Hors agglomération,Hors intersection,Autre,Sans collision,,,,,,,,,,,1,1,1,9,7
200600015591,0006-03-10 16:00:00,6,3,10,16,0,290,42,d Point dit de St Fiacre,,,Plein jour,Hors agglomération,Giratoire,Normale,Deux véhicules - frontale,,,,,,,,,,,1,1,6,1,1