accident_id,datetime,annee,mois,jour,heure,minute,departement,commune_insee,adresse,latitude,longitude,luminosite,agglomeration,intersection,meteo,collision,nb_vehicules,nb_usagers,nb_indemnes,nb_tues,nb_blesses_hosp,nb_blesses_legers,age_cond_1,age_cond_2,veh_type_cond_1,veh_type_cond_2,lum_code,agg_code,int_code,atm_code,col_code
200600016131,0006-03-19 14:15:00,6,3,19,14,15,380,189,CHEMIN DE LA CROZE,,,Plein jour,En agglomération,Hors intersection,Normale,Deux véhicules - frontale,,,,,,,,,,,1,2,1,1,1
200600016132,0006-03-16 16:15:00,6,3,16,16,15,380,316,rue Grammont,,,Plein jour,En agglomération,Hors intersection,Normale,Deux véhicules - frontale,,,,,,,,,,,1,2,1,1,1
200600016133,0006-03-16 18:45:00,6,3,16,18,45,380,507,CD517,,,Nuit avec éclairage allumé,Hors agglomération,Hors intersection,Normale,Deux véhicules - frontale,,,,,,,,,,,5,1,1,1,1
200600016134,0006-03-21 09:30:00,6,3,21,9,30,380,344,,45.403,4.809,Plein jour,Hors agglomération,Hors intersection,Pluie légère,Deux véhicules - frontale,,,,,,,,,,,1,1,1,2,1
200600016135,0006-03-15 09:00:00,6,3,15,9,0,420,39,,,,Plein jour,Hors agglomération,Hors intersection,Normale,Deux véhicules - côté,,,,,,,,,,,1,1,1,1,3
200600016136,0006-03-31 09:50:00,6,3,31,9,50,420,134,Le bourg,,,Plein jour,En agglomération,Hors intersection,Normale,Autre collision,,,,,,,,,,,1,2,1,1,6
200600016137,0006-03-20 15:20:00,6,3,20,15,20,420,66,La Chanal,,,Plein jour,Hors agglomération,Hors intersection,Normale,Sans collision,,,,,,,,,,,1,1,1,1,7
200600016138,0006-03-24 10:05:00,6,3,24,10,5,420,94,boulevard de l'hipodrome,,,Plein jour,En agglomération,Autre intersection,Pluie légère,Autre collision,,,,,,,,,,,1,2,9,2,6
200600016139,0006-03-25 16:45:00,6,3,25,16,45,420,174,,45.727,4.169,Plein jour,Hors agglomération,Intersection en X,Normale,Deux véhicules - côté,,,,,,,,,,,1,1,2,1,3
200600016140,0006-03-02 07:05:00,6,3,2,7,5,420,338,lieu dit St Roch,,,Plein jour,Hors agglomération,Hors intersection,Temps couvert,Deux véhicules - arrière,,,,,,,,,,,1,1,1,8,2
200600016141,0006-03-17 05:00:00,6,3,17,5,0,420,294,Les Moulins,,,Nuit sans éclairage public,En agglomération,Hors intersection,Normale,Sans collision,,,,,,,,,,,3,2,1,1,7
200600016142,0006-03-21 13:00:00,6,3,21,13,0,420,120,,,,Plein jour,Hors agglomération,Hors intersection,Normale,Deux véhicules - frontale,,,,,,,,,,,1,1,1,1,1
200600016143,0006-03-23 09:15:00,6,3,23,9,15,420,145,,,,Plein jour,Hors agglomération,Hors intersection,Temps couvert,Autre collision,,,,,,,,,,,1,1,1,8,6
200600016144,0006-03-18 18:45:00,6,3,18,18,45,420,254,La croix de bard,,,Plein jour,Hors agglomération,Hors intersection,Normale,Deux véhicules - frontale,,,,,,,,,,,1,1,1,1,1
200600016145,0006-03-29 17:00:00,6,3,29,17,0,420,212,,,,Plein jour,Hors agglomération,Hors intersection,Normale,Deux véhicules - côté,,,,,,,,,,,1,1,1,1,3
200600016146,0006-03-31 22:00:00,6,3,31,22,0,420,289,,,,Nuit sans éclairage public,Hors agglomération,Hors intersection,Normale,Autre collision,,,,,,,,,,,3,1,1,1,6
200600016147,0006-03-08 16:15:00,6,3,8,16,15,420,267,,46.159,4.164,Plein jour,Hors agglomération,Hors intersection,Normale,Deux véhicules - frontale,,,,,,,,,,,1,1,1,1,1
200600016148,0006-03-11 14:45:00,6,3,11,14,45,420,215,,,,Plein jour,Hors agglomération,Hors intersection,Pluie légère,Deux véhicules - frontale,,,,,,,,,,,1,1,1,2,1
200600016149,0006-03-19 11:50:00,6,3,19,11,50,420,152,LIEU DIT RESSINS,,,Plein jour,Hors agglomération,Autre intersection,Normale,Deux véhicules - frontale,,,,,,,,,,,1,1,9,1,1
200600016150,0006-03-03 12:05:00,6,3,3,12,5,730,328,RD 17 E,,,Plein jour,Hors agglomération,Hors intersection,Normale,Deux véhicules - frontale,,,,,,,,,,,1,1,1,1,1
200600016151,0006-03-03 21:40:00,6,3,3,21,40,730,128,CD 911,,,Nuit avec éclairage allumé,En agglomération,Hors intersection,Normale,Deux véhicules - frontale,,,,,,,,,,,5,2,1,1,1
200600016152,0006-03-31 11:45:00,6,3,31,11,45,730,128,RN201,,,Plein jour,Hors agglomération,Hors intersection,Normale,Trois véhicules et plus - en chaîne,,,,,,,,,,,1,1,1,1,4
200600016153,0006-03-31 10:15:00,6,3,31,10,15,730,18,,45.518,6.09,Plein jour,Hors agglomération,Hors intersection,Normale,Deux véhicules - frontale,,,,,,,,,,,1,1,1,1,1
200600016154,0006-03-02 13:45:00,6,3,2,13,45,730,282,,45.505,5.843,Plein jour,Hors agglomération,Hors intersection,Normale,Deux véhicules - frontale,,,,,,,,,,,1,1,1,1,1
200600016155,0006-03-09 17:15:00,6,3,9,17,15,730,39,,45.56,5.676,Plein jour,Hors agglomération,Hors intersection,Pluie légère,Deux véhicules - frontale,,,,,,,,,,,1,1,1,2,1
200600016156,0006-03-14 10:15:00,6,3,14,10,15,730,191,Rue de l'église,45.599,5.772,Plein jour,En agglomération,Hors intersection,Normale,Autre collision,,,,,,,,,,,1,2,1,1,6
200600016157,0006-03-26 16:15:00,6,3,26,16,15,730,1,,45.546,5.817,Plein jour,Hors agglomération,Hors intersection,Normale,Deux véhicules - frontale,,,,,,,,,,,1,1,1,1,1
200600016158,0006-03-31 16:45:00,6,3,31,16,45,730,191,,45.604,5.765,Plein jour,Hors agglomération,Hors intersection,Normale,Deux véhicules - côté,,,,,,,,,,,1,1,1,1,3
200600016159,0006-03-02 19:30:00,6,3,2,19,30,730,121,12 rue des tilleuls,,,Nuit avec éclairage allumé,En agglomération,Hors intersection,Normale,Deux véhicules - côté,,,,,,,,,,,5,2,1,1,3
200600016160,0006-03-20 06:30:00,6,3,20,6,30,730,162,,45.595,6.273,Crépuscule ou aube,Hors agglomération,Hors intersection,Pluie légère,Deux véhicules - frontale,,,,,,,,,,,2,1,1,2,1
200600016161,0006-03-06 16:30:00,6,3,6,16,30,730,186,,45.782,6.54,Plein jour,Hors agglomération,Hors intersection,Temps couvert,Deux véhicules - frontale,,,,,,,,,,,1,1,1,8,1
200600016162,0006-03-16 16:50:00,6,3,16,16,50,730,115,route des bellevilles,,,Plein jour,Hors agglomération,Hors intersection,Normale,Deux véhicules - frontale,,,,,,,,,,,1,1,1,1,1
200600016163,0006-03-06 17:15:00,6,3,6,17,15,730,117,avenue de la liberté,45.197,6.636,Plein jour,En agglomération,Hors intersection,Normale,Deux véhicules - côté,,,,,,,,,,,1,2,1,1,3
200600016164,0006-03-18 08:45:00,6,3,18,8,45,730,157,,45.211,6.674,Plein jour,Hors agglomération,Hors intersection,Normale,Autre collision,,,,,,,,,,,1,1,1,1,6
200600016165,0006-03-03 20:15:00,6,3,3,20,15,740,19,,,,Nuit sans éclairage public,Hors agglomération,Hors intersection,Pluie légère,Autre collision,,,,,,,,,,,3,1,1,2,6
200600016166,0006-03-22 15:45:00,6,3,22,15,45,740,123,lle - RN 508 - PK 64+500,,,Plein jour,En agglomération,Hors intersection,Pluie légère,Deux véhicules - frontale,,,,,,,,,,,1,2,1,2,1
200600016167,0006-03-04 02:15:00,6,3,4,2,15,740,35,RD910,,,Nuit sans éclairage public,Hors agglomération,Hors intersection,Vent fort / tempête,Sans collision,,,,,,,,,,,3,1,1,6,7
200600016168,0006-03-30 15:45:00,6,3,30,15,45,740,2,RN201,,,Plein jour,Hors agglomération,Hors intersection,Pluie légère,Deux véhicules - frontale,,,,,,,,,,,1,1,1,2,1
200600016169,0006-03-10 19:00:00,6,3,10,19,0,740,302,,45.921,6.379,Nuit sans éclairage public,Hors agglomération,Hors intersection,Neige / grêle,Deux véhicules - frontale,,,,,,,,,,,3,1,1,4,1
200600016170,0006-03-24 10:00:00,6,3,24,10,0,740,280,Ave d'Annecy,45.887,6.322,Plein jour,En agglomération,Hors intersection,Pluie légère,Deux véhicules - frontale,,,,,,,,,,,1,2,1,2,1
200600016171,0006-03-31 11:30:00,6,3,31,11,30,740,80,ond point de la Montagne,,,Plein jour,En agglomération,Giratoire,Normale,Autre collision,,,,,,,,,,,1,2,6,1,6
200600016172,0006-03-15 19:30:00,6,3,15,19,30,740,81,av. Dr Jacques Arnaud,,,Nuit avec éclairage allumé,En agglomération,Hors intersection,Normale,Deux véhicules - côté,,,,,,,,,,,5,2,1,1,3
200600016173,0006-03-08 08:30:00,6,3,8,8,30,740,236,Avenue du Mont Paccard,,,Plein jour,Hors agglomération,Hors intersection,Neige / grêle,Deux véhicules - frontale,,,,,,,,,,,1,1,1,4,1
200600016174,0006-03-11 23:00:00,6,3,11,23,0,740,7,,,,Nuit avec éclairage allumé,Hors agglomération,Hors intersection,Neige / grêle,Deux véhicules - frontale,,,,,,,,,,,5,1,1,4,1
200600016175,0006-03-26 18:15:00,6,3,26,18,15,740,250,,,,Plein jour,Hors agglomération,Intersection en X,Normale,Deux véhicules - côté,,,,,,,,,,,1,1,2,1,3
200600016176,0006-03-12 13:30:00,6,3,12,13,30,740,256,,,,Plein jour,Hors agglomération,Hors intersection,Normale,Trois véhicules et plus - collisions multiples,,,,,,,,,,,1,1,1,1,5
200600016177,0006-03-07 11:45:00,6,3,7,11,45,740,220,,46.149,6.265,Nuit sans éclairage public,Hors agglomération,Hors intersection,Normale,Deux véhicules - frontale,,,,,,,,,,,3,1,1,1,1
200600016178,0006-03-20 15:00:00,6,3,20,15,0,740,197,,,,Plein jour,Hors agglomération,Hors intersection,Normale,Deux véhicules - frontale,,,,,,,,,,,1,1,1,1,1
200600016179,0006-03-25 09:30:00,6,3,25,9,30,740,229,,,,Plein jour,Hors agglomération,Hors intersection,Normale,Deux véhicules - côté,,,,,,,,,,,1,1,1,1,3
200600016180,0006-03-08 17:00:00,6,3,8,17,0,740,184,,46.063,5.985,Plein jour,Hors agglomération,Hors intersection,Normale,Deux véhicules - frontale,,,,,,,,,,,1,1,1,1,1
200600016181,0006-03-04 22:45:00,6,3,4,22,45,740,131,RN 508,,,Nuit avec éclairage allumé,En agglomération,Giratoire,Pluie légère,Deux véhicules - frontale,,,,,,,,,,,5,2,6,2,1
200600016182,0006-03-05 17:00:00,6,3,5,17,0,740,195,chef lieu,,,Plein jour,En agglomération,Hors intersection,Normale,Deux véhicules - frontale,,,,,,,,,,,1,2,1,1,1
200600016183,0006-03-10 08:15:00,6,3,10,8,15,740,58,VERS L EGLISE,,,Plein jour,En agglomération,Hors intersection,Normale,Deux véhicules - arrière,,,,,,,,,,,1,2,1,1,2
200600016184,0006-03-10 16:30:00,6,3,10,16,30,740,63,,,,Plein jour,Hors agglomération,Hors intersection,Neige / grêle,Deux véhicules - frontale,,,,,,,,,,,1,1,1,4,1
200600016185,0006-03-17 15:30:00,6,3,17,15,30,740,1,sous le pas,,,Plein jour,Hors agglomération,Hors intersection,Normale,Autre collision,,,,,,,,,,,1,1,1,1,6
200600016186,0006-03-27 21:00:00,6,3,27,21,0,740,1,CD 22,,,Nuit avec éclairage allumé,En agglomération,Hors intersection,Normale,Sans collision,,,,,,,,,,,5,2,1,1,7
200600016187,0006-03-11 06:00:00,6,3,11,6,0,740,238,,46.216,6.672,Crépuscule ou aube,Hors agglomération,Hors intersection,Normale,Deux véhicules - frontale,,,,,,,,,,,2,1,1,1,1
200600016188,0006-03-03 11:30:00,6,3,3,11,30,630,126,,45.68,3.14,Plein jour,Hors agglomération,Hors intersection,Vent fort / tempête,Autre collision,,,,,,,,,,,1,1,1,6,6
200600016189,0006-03-30 14:45:00,6,3,30,14,45,630,10,,45.411,3.725,Plein jour,Hors agglomération,Hors intersection,Normale,Deux véhicules - côté,,,,,,,,,,,1,1,1,1,3
200600016190,0006-03-09 07:30:00,6,3,9,7,30,630,353,cd 37 PK 3.200,,,Plein jour,Hors agglomération,Hors intersection,Normale,Autre collision,,,,,,,,,,,1,1,1,1,6
200600016191,0006-03-01 00:30:00,6,3,1,0,30,630,342,CD.26 - PK 6+300,,,Nuit sans éclairage public,En agglomération,Hors intersection,Temps couvert,Autre collision,,,,,,,,,,,3,2,1,8,6
200600016192,0006-03-11 02:45:00,6,3,11,2,45,630,178,RUE DE LAVAUR,,,Nuit avec éclairage allumé,En agglomération,Hors intersection,Normale,Autre collision,,,,,,,,,,,5,2,1,1,6
200600016193,0006-03-11 20:00:00,6,3,11,20,0,630,121,,,,Nuit sans éclairage public,Hors agglomération,Hors intersection,Pluie forte,Deux véhicules - frontale,,,,,,,,,,,3,1,1,3,1
200600016194,0006-03-26 15:30:00,6,3,26,15,30,630,383,,45.546,2.983,Plein jour,Hors agglomération,Hors intersection,Normale,Trois véhicules et plus - en chaîne,,,,,,,,,,,1,1,1,1,4
200600016195,0006-03-04 12:00:00,6,3,4,12,0,630,50,rue des rochelles,,,Plein jour,En agglomération,Hors intersection,Normale,Deux véhicules - côté,,,,,,,,,,,1,2,1,1,3
200600016196,0006-03-19 18:00:00,6,3,19,18,0,630,352,rue de la petite tournel,45.462,3.241,Plein jour,En agglomération,Hors intersection,Normale,Sans collision,,,,,,,,,,,1,2,1,1,7
200600016197,0006-03-15 20:30:00,6,3,15,20,30,630,470,LIEU DIT LA PLAINE,,,Nuit sans éclairage public,Hors agglomération,Hors intersection,Normale,Sans collision,,,,,,,,,,,3,1,1,1,7
200600016198,0006-03-01 15:45:00,6,3,1,15,45,630,362,,,,Plein jour,Hors agglomération,Hors intersection,Normale,Deux véhicules - frontale,,,,,,,,,,,1,1,1,1,1
200600016199,0006-03-01 14:30:00,6,3,1,14,30,630,362,,45.924,3.296,Plein jour,Hors agglomération,Hors intersection,Normale,Sans collision,,,,,,,,,,,1,1,1,1,7
200600016200,0006-03-20 17:15:00,6,3,20,17,15,630,89,,45.886,3.219,Plein jour,Hors agglomération,Hors intersection,Normale,Deux véhicules - arrière,,,,,,,,,,,1,1,1,1,2
200600016201,0006-03-17 20:15:00,6,3,17,20,15,630,251,,,,Nuit sans éclairage public,Hors agglomération,Hors intersection,Normale,Deux véhicules - côté,,,,,,,,,,,3,1,1,1,3
200600016202,0006-03-12 11:45:00,6,3,12,11,45,630,101,,46.136,2.57,Plein jour,Hors agglomération,Hors intersection,Normale,Sans collision,,,,,,,,,,,1,1,1,1,7
200600016203,0006-03-18 18:00:00,6,3,18,18,0,630,329,"lieu dit ""le vernet""",,,Plein jour,Hors agglomération,Hors intersection,Normale,Deux véhicules - frontale,,,,,,,,,,,1,1,1,1,1
200600016204,0006-03-11 03:30:00,6,3,11,3,30,30,200,leiu-dit Corgenay,,,Nuit sans éclairage public,Hors agglomération,Hors intersection,Normale,Autre collision,,,,,,,,,,,3,1,1,1,6
200600016205,0006-03-12 17:20:00,6,3,12,17,20,30,155,1bis rue de Sézeaux,,,Plein jour,En agglomération,Hors intersection,Temps éblouissant,Sans collision,,,,,,,,,,,1,2,1,7,7
200600016206,0006-03-26 04:30:00,6,3,26,4,30,30,155,Fbg des porcelainiers,,,Nuit avec éclairage non allumé,En agglomération,Hors intersection,Normale,Autre collision,,,,,,,,,,,4,2,1,1,6
200600016207,0006-03-02 17:45:00,6,3,2,17,45,30,102,,46.51,3.67,Crépuscule ou aube,Hors agglomération,Hors intersection,Normale,Autre collision,,,,,,,,,,,2,1,1,1,6
200600016208,0006-03-27 16:35:00,6,3,27,16,35,30,300,ieu dit Les Semoux (D53),,,Plein jour,Hors agglomération,Hors intersection,Normale,Sans collision,,,,,,,,,,,1,1,1,1,7
200600016209,0006-03-28 17:45:00,6,3,28,17,45,30,102,,,,Plein jour,Hors agglomération,Hors intersection,Normale,Deux véhicules - frontale,,,,,,,,,,,1,1,1,1,1
200600016210,0006-03-05 10:30:00,6,3,5,10,30,30,180,,,,Plein jour,Hors agglomération,Hors intersection,Temps éblouissant,Trois véhicules et plus - collisions multiples,,,,,,,,,,,1,1,1,7,5
200600016211,0006-03-26 21:00:00,6,3,26,21,0,30,74,Place du marché,46.617,3.554,Nuit avec éclairage allumé,En agglomération,Hors intersection,Normale,Autre collision,,,,,,,,,,,5,2,1,1,6
200600016212,0006-03-31 23:00:00,6,3,31,23,0,30,197,lieu dit cognerue,,,Nuit sans éclairage public,Hors agglomération,Hors intersection,Normale,Sans collision,,,,,,,,,,,3,1,1,1,7
200600016213,0006-03-02 18:00:00,6,3,2,18,0,30,227,,46.25,3.34,Plein jour,Hors agglomération,Intersection en X,Normale,Deux véhicules - côté,,,,,,,,,,,1,1,2,1,3
200600016214,0006-03-12 22:00:00,6,3,12,22,0,30,254,Avenue Pasteur,46.31,3.29,Nuit avec éclairage allumé,En agglomération,Hors intersection,Normale,Sans collision,,,,,,,,,,,5,2,1,1,7
200600016215,0006-03-14 16:00:00,6,3,14,16,0,30,193,PK36,,,Plein jour,Hors agglomération,Hors intersection,Normale,Trois véhicules et plus - collisions multiples,,,,,,,,,,,1,1,1,1,5
200600016216,0006-03-19 04:30:00,6,3,19,4,30,30,314,Route de NERIS,46.273,2.644,Nuit sans éclairage public,En agglomération,Hors intersection,Pluie légère,Autre collision,,,,,,,,,,,3,2,1,2,6
200600016217,0006-03-18 12:15:00,6,3,18,12,15,30,271,Chemin du Cat,,,Plein jour,Hors agglomération,Hors intersection,Temps couvert,Sans collision,,,,,,,,,,,1,1,1,8,7
200600016218,0006-03-16 15:00:00,6,3,16,15,0,30,272,,46.284,3.588,Crépuscule ou aube,Hors agglomération,Hors intersection,Normale,Deux véhicules - frontale,,,,,,,,,,,2,1,1,1,1
200600016219,0006-03-23 15:30:00,6,3,23,15,30,30,138,RUE DU PDT ROOSEVELT,46.252,3.635,Plein jour,En agglomération,Autre intersection,Normale,Autre collision,,,,,,,,,,,1,2,9,1,6
200600016220,0006-03-20 14:00:00,6,3,20,14,0,150,268,CD 20,,,Plein jour,Hors agglomération,Hors intersection,Normale,Deux véhicules - frontale,,,,,,,,,,,1,1,1,1,1
200600016221,0006-03-10 15:00:00,6,3,10,15,0,150,77,,44.943,2.877,Plein jour,Hors agglomération,Intersection en X,Neige / grêle,Deux véhicules - côté,,,,,,,,,,,1,1,2,4,3
200600016222,0006-03-10 18:00:00,6,3,10,18,0,430,150,Le bourg,,,Plein jour,En agglomération,Hors intersection,Temps couvert,Autre collision,,,,,,,,,,,1,2,1,8,6
200600016223,0006-03-09 15:45:00,6,3,9,15,45,430,189,,45.286,3.896,Plein jour,Hors agglomération,Hors intersection,Pluie légère,Deux véhicules - frontale,,,,,,,,,,,1,1,1,2,1
200600016224,0006-03-19 02:00:00,6,3,19,2,0,430,189,,45.298,3.885,Nuit sans éclairage public,Hors agglomération,Intersection en X,Pluie légère,Deux véhicules - côté,,,,,,,,,,,3,1,2,2,3
200600016225,0006-03-02 07:40:00,6,3,2,7,40,430,183,PK 51.300 RN102,,,Plein jour,Hors agglomération,Hors intersection,Neige / grêle,Deux véhicules - côté,,,,,,,,,,,1,1,1,4,3
200600016226,0006-03-11 19:15:00,6,3,11,19,15,430,232,LE MARCET,45.213,3.498,Nuit avec éclairage allumé,En agglomération,Hors intersection,Normale,Autre collision,,,,,,,,,,,5,2,1,1,6
200600016227,0006-03-12 19:00:00,6,3,12,19,0,430,12,place des perrots Semène,,,Nuit avec éclairage allumé,En agglomération,Place,Temps couvert,Autre collision,,,,,,,,,,,5,2,7,8,6
200600016228,0006-03-31 21:55:00,6,3,31,21,55,430,137,3  Avenue Jean Martouret,,,Nuit avec éclairage allumé,En agglomération,Hors intersection,Normale,Deux véhicules - frontale,,,,,,,,,,,5,2,1,1,1
200600016229,0006-03-04 16:15:00,6,3,4,16,15,430,224,route de LA BATIE,,,Plein jour,En agglomération,Hors intersection,Normale,Sans collision,,,,,,,,,,,1,2,1,1,7
200600016230,0006-03-29 10:30:00,6,3,29,10,30,430,224,,45.26,4.218,Plein jour,Hors agglomération,Hors intersection,Normale,Deux véhicules - frontale,,,,,,,,,,,1,1,1,1,1
200600016231,0006-03-13 09:25:00,6,3,13,9,25,430,159,LA DETOURBE,,,Plein jour,Hors agglomération,Hors intersection,Temps couvert,Deux véhicules - frontale,,,,,,,,,,,1,1,1,8,1
200600016232,0006-03-09 12:00:00,6,3,9,12,0,570,634,,,,Plein jour,Hors agglomération,Hors intersection,Pluie légère,Autre collision,,,,,,,,,,,1,1,1,2,6
200600016233,0006-03-19 13:30:00,6,3,19,13,30,570,620,,,,Plein jour,Hors agglomération,Hors intersection,Normale,Deux véhicules - côté,,,,,,,,,,,1,1,1,1,3
200600016234,0006-03-30 20:00:00,6,3,30,20,0,570,620,CD 181A,,,Nuit avec éclairage non allumé,Hors agglomération,Hors intersection,Pluie légère,Deux véhicules - côté,,,,,,,,,,,4,1,1,2,3
200600016235,0006-03-05 11:30:00,6,3,5,11,30,570,30,RN57,,,Plein jour,Hors agglomération,Hors intersection,Normale,Autre collision,,,,,,,,,,,1,1,1,1,6
200600016236,0006-03-21 19:00:00,6,3,21,19,0,570,153,RUE DE NANCY,,,Nuit sans éclairage public,En agglomération,Hors intersection,Normale,Deux véhicules - côté,,,,,,,,,,,3,2,1,1,3
200600016237,0006-03-18 11:00:00,6,3,18,11,0,570,515,Rue des Alliés,,,Plein jour,En agglomération,Hors intersection,Normale,Autre collision,,,,,,,,,,,1,2,1,1,6
200600016238,0006-03-24 19:45:00,6,3,24,19,45,570,193,RD.52,,,Nuit sans éclairage public,Hors agglomération,Hors intersection,Pluie légère,Deux véhicules - frontale,,,,,,,,,,,3,1,1,2,1
200600016239,0006-03-25 09:00:00,6,3,25,9,0,570,128,,,,Plein jour,Hors agglomération,Hors intersection,Normale,Autre collision,,,,,,,,,,,1,1,1,1,6
200600016240,0006-03-07 19:00:00,6,3,7,19,0,570,97,rue du Général Newinger,,,Nuit avec éclairage allumé,En agglomération,Hors intersection,Normale,Autre collision,,,,,,,,,,,5,2,1,1,6
200600016241,0006-03-25 16:00:00,6,3,25,16,0,570,186,rue de la Gare,,,Plein jour,En agglomération,Passage à niveau,Temps couvert,Deux véhicules - frontale,,,,,,,,,,,1,2,8,8,1
200600016242,0006-03-10 07:45:00,6,3,10,7,45,570,160,rue de carling,49.21,6.696,Plein jour,En agglomération,Hors intersection,Normale,Deux véhicules - côté,,,,,,,,,,,1,2,1,1,3
200600016243,0006-03-05 07:15:00,6,3,5,7,15,570,276,CD 19,,,Plein jour,Hors agglomération,Hors intersection,Brouillard / fumée,Autre collision,,,,,,,,,,,1,1,1,5,6
200600016244,0006-03-17 18:00:00,6,3,17,18,0,570,36,,,,Plein jour,Hors agglomération,Hors intersection,Normale,Sans collision,,,,,,,,,,,1,1,1,1,7
200600016245,0006-03-19 15:45:00,6,3,19,15,45,570,360,,49.159,6.977,Plein jour,Hors agglomération,Hors intersection,Normale,Deux véhicules - frontale,,,,,,,,,,,1,1,1,1,1
200600016246,0006-03-24 17:00:00,6,3,24,17,0,570,360,,49.162,6.97,Plein jour,Hors agglomération,Hors intersection,Normale,Deux véhicules - arrière,,,,,,,,,,,1,1,1,1,2
200600016247,0006-03-28 19:15:00,6,3,28,19,15,570,466,,49.092,6.956,Crépuscule ou aube,Hors agglomération,Hors intersection,Pluie légère,Autre collision,,,,,,,,,,,2,1,1,2,6
200600016248,0006-03-10 16:45:00,6,3,10,16,45,570,64,,,,Plein jour,Hors agglomération,Hors intersection,Normale,Deux véhicules - frontale,,,,,,,,,,,1,1,1,1,1
200600016249,0006-03-17 08:15:00,6,3,17,8,15,570,760,,,,Plein jour,Hors agglomération,Hors intersection,Normale,Autre collision,,,,,,,,,,,1,1,1,1,6
200600016250,0006-03-24 01:00:00,6,3,24,1,0,570,89,"35, rue des Tilleuls",,,Nuit avec éclairage allumé,En agglomération,Giratoire,Normale,Autre collision,,,,,,,,,,,5,2,6,1,6
200600016251,0006-03-15 13:30:00,6,3,15,13,30,570,683,rue de l'Hôtel de Ville,,,Plein jour,En agglomération,Intersection en X,Normale,Deux véhicules - côté,,,,,,,,,,,1,2,2,1,3
200600016252,0006-03-18 18:30:00,6,3,18,18,30,540,589,1 place de la Fontaine,,,Nuit avec éclairage allumé,En agglomération,Autre intersection,Normale,Autre collision,,,,,,,,,,,5,2,9,1,6
200600016253,0006-03-13 19:15:00,6,3,13,19,15,540,115,RUE DE FROUARD,48.747,6.155,Nuit avec éclairage allumé,En agglomération,Intersection en Y,Normale,Deux véhicules - frontale,,,,,,,,,,,5,2,4,1,1
200600016254,0006-03-16 08:15:00,6,3,16,8,15,540,579,RD89,,,Plein jour,Hors agglomération,Hors intersection,Normale,Deux véhicules - frontale,,,,,,,,,,,1,1,1,1,1
200600016255,0006-03-30 13:30:00,6,3,30,13,30,540,212,Chemin communal,,,Plein jour,Hors agglomération,Hors intersection,Temps couvert,Deux véhicules - frontale,,,,,,,,,,,1,1,1,8,1
200600016256,0006-03-09 15:30:00,6,3,9,15,30,540,148,,,,Plein jour,Hors agglomération,Intersection en T,Normale,Deux véhicules - côté,,,,,,,,,,,1,1,3,1,3
200600016257,0006-03-19 20:00:00,6,3,19,20,0,540,350,lieu dit La Bare,,,Nuit sans éclairage public,Hors agglomération,Hors intersection,Normale,Autre collision,,,,,,,,,,,3,1,1,1,6
200600016258,0006-03-10 11:30:00,6,3,10,11,30,550,291,,,,Plein jour,Hors agglomération,Hors intersection,Temps couvert,Autre collision,,,,,,,,,,,1,1,1,8,6
200600016259,0006-03-31 11:45:00,6,3,31,11,45,550,466,rue Jeanne d'Arc,,,Plein jour,En agglomération,Hors intersection,Normale,Autre collision,,,,,,,,,,,1,2,1,1,6
200600016260,0006-03-18 13:45:00,6,3,18,13,45,550,467,,,,Plein jour,Hors agglomération,Autre intersection,Normale,Sans collision,,,,,,,,,,,1,1,9,1,7
200600016261,0006-03-12 15:45:00,6,3,12,15,45,550,351,Route d'Avioth / RN43,,,Plein jour,En agglomération,Hors intersection,Normale,Sans collision,,,,,,,,,,,1,2,1,1,7
200600016262,0006-03-03 14:30:00,6,3,3,14,30,550,237,,49.115,5.559,Plein jour,Hors agglomération,Hors intersection,Normale,Deux véhicules - frontale,,,,,,,,,,,1,1,1,1,1
200600016263,0006-03-06 08:00:00,6,3,6,8,0,880,513,,,,Nuit sans éclairage public,Hors agglomération,Hors intersection,Pluie légère,Deux véhicules - arrière,,,,,,,,,,,3,1,1,2,2
200600016264,0006-03-10 12:15:00,6,3,10,12,15,880,173,,48.367,6.26,Plein jour,Hors agglomération,Hors intersection,Normale,Deux véhicules - arrière,,,,,,,,,,,1,1,1,1,2
200600016265,0006-03-02 09:00:00,6,3,2,9,0,880,465,ZI INOVA 3000,,,Plein jour,En agglomération,Hors intersection,Neige / grêle,Deux véhicules - arrière,,,,,,,,,,,1,2,1,4,2
200600016266,0006-03-03 13:00:00,6,3,3,13,0,880,465,rue de la 2ème D.B,48.254,6.419,Plein jour,En agglomération,Hors intersection,Normale,Deux véhicules - arrière,,,,,,,,,,,1,2,1,1,2
200600016267,0006-03-08 19:45:00,6,3,8,19,45,880,99,RUE DES MARRONIERS,48.24,6.43,Nuit avec éclairage allumé,En agglomération,Hors intersection,Pluie légère,Deux véhicules - côté,,,,,,,,,,,5,2,1,2,3