accident_id,datetime,annee,mois,jour,heure,minute,departement,commune_insee,adresse,latitude,longitude,luminosite,agglomeration,intersection,meteo,collision,nb_vehicules,nb_usagers,nb_indemnes,nb_tues,nb_blesses_hosp,nb_blesses_legers,age_cond_1,age_cond_2,veh_type_cond_1,veh_type_cond_2,lum_code,agg_code,int_code,atm_code,col_code
200600016268,0006-03-06 18:00:00,6,3,6,18,0,880,95,,48.307,5.818,Crépuscule ou aube,Hors agglomération,Hors intersection,Temps couvert,Deux véhicules - côté,,,,,,,,,,,2,1,1,8,3
200600016269,0006-03-19 18:45:00,6,3,19,18,45,880,408,carrefour RN 66 & RD 35,47.93,6.66,Nuit avec éclairage allumé,En agglomération,Hors intersection,Normale,Deux véhicules - frontale,,,,,,,,,,,5,2,1,1,1
200600016270,0006-03-10 16:40:00,6,3,10,16,40,880,244,route de Bruyères,,,Plein jour,En agglomération,Hors intersection,Normale,Autre collision,,,,,,,,,,,1,2,1,1,6
200600016271,0006-03-27 18:00:00,6,3,27,18,0,880,451,,48.39,6.97,Plein jour,Hors agglomération,Hors intersection,Pluie forte,Deux véhicules - côté,,,,,,,,,,,1,1,1,3,3
200600016272,0006-03-26 18:00:00,6,3,26,18,0,880,319,36 rue Haute Pierre,48.385,6.906,Plein jour,En agglomération,Hors intersection,Normale,Deux véhicules - frontale,,,,,,,,,,,1,2,1,1,1
200600016273,0006-03-01 07:35:00,6,3,1,7,35,670,192,CD 5,48.351,7.632,Plein jour,En agglomération,Autre intersection,Neige / grêle,Deux véhicules - frontale,,,,,,,,,,,1,2,9,4,1
200600016274,0006-03-18 15:45:00,6,3,18,15,45,670,28,route de Strasbourg,,,Plein jour,Hors agglomération,Hors intersection,Normale,Deux véhicules - côté,,,,,,,,,,,1,1,1,1,3
200600016275,0006-03-23 10:30:00,6,3,23,10,30,670,348,Rue rempart Caspar,48.467,7.483,Plein jour,En agglomération,Hors intersection,Normale,Autre collision,,,,,,,,,,,1,2,1,1,6
200600016276,0006-03-28 20:15:00,6,3,28,20,15,670,348,,48.468,7.488,Nuit sans éclairage public,En agglomération,Hors intersection,Temps couvert,Autre collision,,,,,,,,,,,3,2,1,8,6
200600016277,0006-03-31 14:30:00,6,3,31,14,30,670,300,Rue Ernest Friederich,48.541,7.493,Nuit avec éclairage allumé,En agglomération,Hors intersection,Normale,Deux véhicules - frontale,,,,,,,,,,,5,2,1,1,1
200600016278,0006-03-03 22:45:00,6,3,3,22,45,670,98,,,,Nuit sans éclairage public,Hors agglomération,Hors intersection,Pluie forte,Autre collision,,,,,,,,,,,3,1,1,3,6
200600016279,0006-03-11 01:15:00,6,3,11,1,15,670,98,Rue de Mulhbach,,,Nuit avec éclairage allumé,En agglomération,Hors intersection,Pluie légère,Sans collision,,,,,,,,,,,5,2,1,2,7
200600016280,0006-03-13 21:15:00,6,3,13,21,15,670,66,Rue du Général de Gaulle,48.469,7.208,Nuit avec éclairage allumé,En agglomération,Hors intersection,Normale,Autre collision,,,,,,,,,,,5,2,1,1,6
200600016281,0006-03-03 15:15:00,6,3,3,15,15,670,333,carrefour CD 6 et CD 701,,,Plein jour,Hors agglomération,Autre intersection,Normale,Deux véhicules - côté,,,,,,,,,,,1,1,9,1,3
200600016282,0006-03-26 13:15:00,6,3,26,13,15,670,222,Chemin d'Offwiller,,,Plein jour,En agglomération,Hors intersection,Normale,Autre collision,,,,,,,,,,,1,2,1,1,6
200600016283,0006-03-23 15:30:00,6,3,23,15,30,670,437,,,,Plein jour,Hors agglomération,Hors intersection,Normale,Sans collision,,,,,,,,,,,1,1,1,1,7
200600016284,0006-03-28 17:20:00,6,3,28,17,20,670,478,ntersection CD 6 - CD 14,,,Plein jour,Hors agglomération,Intersection en T,Normale,Deux véhicules - frontale,,,,,,,,,,,1,1,3,1,1
200600016285,0006-03-03 06:45:00,6,3,3,6,45,670,274,,,,Plein jour,Hors agglomération,Hors intersection,Neige / grêle,Autre collision,,,,,,,,,,,1,1,1,4,6
200600016286,0006-03-06 08:30:00,6,3,6,8,30,670,371,,,,Plein jour,Hors agglomération,Hors intersection,Neige / grêle,Deux véhicules - frontale,,,,,,,,,,,1,1,1,4,1
200600016287,0006-03-09 14:00:00,6,3,9,14,0,670,136,,48.881,7.14,Plein jour,Hors agglomération,Hors intersection,Temps couvert,Autre collision,,,,,,,,,,,1,1,1,8,6
200600016288,0006-03-25 12:05:00,6,3,25,12,5,670,156,CD 47,,,Plein jour,Hors agglomération,Hors intersection,Pluie légère,Sans collision,,,,,,,,,,,1,1,1,2,7
200600016289,0006-03-11 08:45:00,6,3,11,8,45,670,220,"2, rue principale",48.74,7.52,Plein jour,En agglomération,Hors intersection,Normale,Deux véhicules - frontale,,,,,,,,,,,1,2,1,1,1
200600016290,0006-03-02 09:15:00,6,3,2,9,15,670,382,,,,Plein jour,Hors agglomération,Hors intersection,Neige / grêle,Deux véhicules - frontale,,,,,,,,,,,1,1,1,4,1
200600016291,0006-03-02 10:30:00,6,3,2,10,30,670,181,Rue d'Osthoffen,,,Plein jour,En agglomération,Hors intersection,Neige / grêle,Deux véhicules - frontale,,,,,,,,,,,1,2,1,4,1
200600016292,0006-03-06 15:55:00,6,3,6,15,55,670,551,rue d'Oberhausbergen,,,Plein jour,En agglomération,Hors intersection,Temps couvert,Autre collision,,,,,,,,,,,1,2,1,8,6
200600016293,0006-03-29 19:15:00,6,3,29,19,15,670,445,Rue maréchal Joffre,48.291,7.415,Plein jour,En agglomération,Hors intersection,Normale,Deux véhicules - frontale,,,,,,,,,,,1,2,1,1,1
200600016294,0006-03-04 17:40:00,6,3,4,17,40,670,210,CD 425,,,Nuit avec éclairage allumé,En agglomération,Hors intersection,Neige / grêle,Trois véhicules et plus - collisions multiples,,,,,,,,,,,5,2,1,4,5
200600016295,0006-03-01 07:45:00,6,3,1,7,45,670,422,,,,Crépuscule ou aube,Hors agglomération,Hors intersection,Neige / grêle,Autre collision,,,,,,,,,,,2,1,1,4,6
200600016296,0006-03-13 07:55:00,6,3,13,7,55,670,290,CD 28,48.944,7.825,Plein jour,En agglomération,Hors intersection,Normale,Trois véhicules et plus - en chaîne,,,,,,,,,,,1,2,1,1,4
200600016297,0006-03-26 16:30:00,6,3,26,16,30,680,143,,,,Plein jour,Hors agglomération,Hors intersection,Normale,Autre collision,,,,,,,,,,,1,1,1,1,6
200600016298,0006-03-14 12:00:00,6,3,14,12,0,680,298,rue Jean Jaures,48.254,7.189,Plein jour,En agglomération,Hors intersection,Normale,Autre collision,,,,,,,,,,,1,2,1,1,6
200600016299,0006-03-29 08:00:00,6,3,29,8,0,680,374,Halte de Wettolsheim (in,48.072,7.311,Plein jour,En agglomération,Intersection en X,Pluie légère,Autre collision,,,,,,,,,,,1,2,2,2,6
200600016300,0006-03-16 14:00:00,6,3,16,14,0,680,139,,47.583,7.211,Plein jour,Hors agglomération,Hors intersection,Normale,Autre collision,,,,,,,,,,,1,1,1,1,6
200600016301,0006-03-08 08:45:00,6,3,8,8,45,680,99,,47.702,7.28,Plein jour,Hors agglomération,Hors intersection,Temps couvert,Deux véhicules - frontale,,,,,,,,,,,1,1,1,8,1
200600016302,0006-03-25 15:30:00,6,3,25,15,30,680,90,,,,Plein jour,Hors agglomération,Hors intersection,Normale,Deux véhicules - frontale,,,,,,,,,,,1,1,1,1,1
200600016303,0006-03-10 12:30:00,6,3,10,12,30,680,300,e de munchouse (RD 8 II),,,Plein jour,Hors agglomération,Intersection en X,Pluie légère,Deux véhicules - arrière,,,,,,,,,,,1,1,2,2,2
200600016304,0006-03-24 14:45:00,6,3,24,14,45,680,300,D 39 - route de Chalampé,,,Plein jour,Hors agglomération,Hors intersection,Normale,Deux véhicules - arrière,,,,,,,,,,,1,1,1,1,2
200600016305,0006-03-25 23:30:00,6,3,25,23,30,680,154,rue de Sausheim,47.77,7.361,Nuit avec éclairage allumé,En agglomération,Hors intersection,Temps couvert,Deux véhicules - côté,,,,,,,,,,,5,2,1,8,3
200600016306,0006-03-18 23:30:00,6,3,18,23,30,680,263,,47.592,7.454,Nuit sans éclairage public,Hors agglomération,Hors intersection,Normale,Sans collision,,,,,,,,,,,3,1,1,1,7
200600016307,0006-03-21 18:25:00,6,3,21,18,25,680,372,CD13bVI,,,Crépuscule ou aube,Hors agglomération,Hors intersection,Pluie légère,Sans collision,,,,,,,,,,,2,1,1,2,7
200600016308,0006-03-02 16:45:00,6,3,2,16,45,680,63,faubourg des vosges,47.815,7.172,Plein jour,En agglomération,Hors intersection,Normale,Autre collision,,,,,,,,,,,1,2,1,1,6
200600016309,0006-03-12 20:15:00,6,3,12,20,15,510,357,,48.986,4.253,Nuit sans éclairage public,Hors agglomération,Hors intersection,Normale,Autre collision,,,,,,,,,,,3,1,1,1,6
200600016310,0006-03-14 08:00:00,6,3,14,8,0,510,161,,,,Plein jour,Hors agglomération,Hors intersection,Autre,Deux véhicules - frontale,,,,,,,,,,,1,1,1,9,1
200600016311,0006-03-09 23:15:00,6,3,9,23,15,510,78,,49.092,4.348,Nuit avec éclairage allumé,En agglomération,Hors intersection,Normale,Autre collision,,,,,,,,,,,5,2,1,1,6
200600016312,0006-03-20 14:00:00,6,3,20,14,0,510,651,,48.896,4.061,Plein jour,Hors agglomération,Hors intersection,Normale,Sans collision,,,,,,,,,,,1,1,1,1,7
200600016313,0006-03-23 23:15:00,6,3,23,23,15,510,35,,48.801,3.903,Nuit sans éclairage public,Hors agglomération,Hors intersection,Normale,Sans collision,,,,,,,,,,,3,1,1,1,7
200600016314,0006-03-27 19:30:00,6,3,27,19,30,510,167,,48.748,4.433,Plein jour,Hors agglomération,Hors intersection,Normale,Deux véhicules - frontale,,,,,,,,,,,1,1,1,1,1
200600016315,0006-03-28 18:45:00,6,3,28,18,45,510,555,,48.739,4.284,Plein jour,Hors agglomération,Hors intersection,Normale,Trois véhicules et plus - en chaîne,,,,,,,,,,,1,1,1,1,4
200600016316,0006-03-01 10:00:00,6,3,1,10,0,510,380,,48.877,3.564,Plein jour,Hors agglomération,Hors intersection,Normale,Sans collision,,,,,,,,,,,1,1,1,1,7
200600016317,0006-03-10 20:45:00,6,3,10,20,45,510,237,,48.73,3.561,Nuit sans éclairage public,Hors agglomération,Hors intersection,Normale,Deux véhicules - frontale,,,,,,,,,,,3,1,1,1,1
200600016318,0006-03-16 18:45:00,6,3,16,18,45,510,625,"RN 34, PR 1+300",48.76,3.423,Plein jour,Hors agglomération,Hors intersection,Normale,Autre collision,,,,,,,,,,,1,1,1,1,6
200600016319,0006-03-19 01:30:00,6,3,19,1,30,510,495,,48.729,3.833,Nuit sans éclairage public,Hors agglomération,Hors intersection,Normale,Sans collision,,,,,,,,,,,3,1,1,1,7
200600016320,0006-03-25 09:15:00,6,3,25,9,15,510,514,,48.703,3.767,Plein jour,Hors agglomération,Intersection en X,Normale,Deux véhicules - côté,,,,,,,,,,,1,1,2,1,3
200600016321,0006-03-07 18:35:00,6,3,7,18,35,510,308,RN.31,,,Nuit sans éclairage public,Hors agglomération,Hors intersection,Pluie légère,Deux véhicules - arrière,,,,,,,,,,,3,1,1,2,2
200600016322,0006-03-14 12:00:00,6,3,14,12,0,510,48,,,,Plein jour,Hors agglomération,Hors intersection,Normale,Deux véhicules - côté,,,,,,,,,,,1,1,1,1,3
200600016323,0006-03-18 00:30:00,6,3,18,0,30,510,391,rue de la gare,49.28,3.893,Nuit avec éclairage allumé,En agglomération,Hors intersection,Normale,Autre collision,,,,,,,,,,,5,2,1,1,6
200600016324,0006-03-26 23:30:00,6,3,26,23,30,510,391,,,,Nuit sans éclairage public,Hors agglomération,Hors intersection,Temps couvert,Sans collision,,,,,,,,,,,3,1,1,8,7
200600016325,0006-03-26 18:30:00,6,3,26,18,30,510,46,avenue de la gare,,,Plein jour,En agglomération,Hors intersection,Normale,Autre collision,,,,,,,,,,,1,2,1,1,6
200600016326,0006-03-08 05:45:00,6,3,8,5,45,510,649,Avenue de Gaulle,48.731,4.587,Nuit avec éclairage allumé,En agglomération,Hors intersection,Pluie légère,Autre collision,,,,,,,,,,,5,2,1,2,6
200600016327,0006-03-19 12:20:00,6,3,19,12,20,510,17,,,,Plein jour,Hors agglomération,Hors intersection,Normale,Deux véhicules - frontale,,,,,,,,,,,1,1,1,1,1
200600016328,0006-03-19 17:30:00,6,3,19,17,30,510,417,,48.679,4.766,Plein jour,Hors agglomération,Autre intersection,Normale,Deux véhicules - côté,,,,,,,,,,,1,1,9,1,3
200600016329,0006-03-24 16:15:00,6,3,24,16,15,80,328,18 rue Jean Roger,,,Plein jour,En agglomération,Hors intersection,Pluie forte,Autre collision,,,,,,,,,,,1,2,1,3,6
200600016330,0006-03-27 10:00:00,6,3,27,10,0,80,81,Rue Camille DESMOULIN,,,Plein jour,En agglomération,Hors intersection,Temps éblouissant,Autre collision,,,,,,,,,,,1,2,1,7,6
200600016331,0006-03-29 06:30:00,6,3,29,6,30,80,328,rue victor hugo,49.822,4.741,Nuit avec éclairage allumé,En agglomération,Hors intersection,Normale,Autre collision,,,,,,,,,,,5,2,1,1,6
200600016332,0006-03-14 19:00:00,6,3,14,19,0,80,363,rue Jean Baptiste,49.94,4.641,Nuit avec éclairage allumé,En agglomération,Hors intersection,Normale,Deux véhicules - frontale,,,,,,,,,,,5,2,1,1,1
200600016333,0006-03-17 15:30:00,6,3,17,15,30,80,185,PLACE DU BATY,49.998,4.708,Plein jour,En agglomération,Hors intersection,Normale,Autre collision,,,,,,,,,,,1,2,1,1,6
200600016334,0006-03-21 10:00:00,6,3,21,10,0,80,226,,,,Plein jour,Hors agglomération,Hors intersection,Pluie légère,Autre collision,,,,,,,,,,,1,1,1,2,6
200600016335,0006-03-17 15:45:00,6,3,17,15,45,80,367,rue de montmorency,,,Plein jour,En agglomération,Autre intersection,Normale,Autre collision,,,,,,,,,,,1,2,9,1,6
200600016336,0006-03-09 12:00:00,6,3,9,12,0,80,145,,,,Plein jour,En agglomération,Hors intersection,Pluie légère,Autre collision,,,,,,,,,,,1,2,1,2,6
200600016337,0006-03-23 08:55:00,6,3,23,8,55,80,90,19 rue des écoles,,,Plein jour,En agglomération,Hors intersection,Normale,Deux véhicules - frontale,,,,,,,,,,,1,2,1,1,1
200600016338,0006-03-08 17:45:00,6,3,8,17,45,80,191,,49.709,4.974,Crépuscule ou aube,Hors agglomération,Hors intersection,Normale,Deux véhicules - côté,,,,,,,,,,,2,1,1,1,3
200600016339,0006-03-11 21:30:00,6,3,11,21,30,80,419,hurtault - PK 27 - CD 2,,,Nuit sans éclairage public,Hors agglomération,Hors intersection,Normale,Autre collision,,,,,,,,,,,3,1,1,1,6
200600016340,0006-03-01 07:15:00,6,3,1,7,15,100,74,25 RUE DU BOURGET,,,Crépuscule ou aube,En agglomération,Hors intersection,Neige / grêle,Deux véhicules - côté,,,,,,,,,,,2,2,1,4,3
200600016341,0006-03-12 06:45:00,6,3,12,6,45,100,373,,,,Crépuscule ou aube,Hors agglomération,Hors intersection,Temps couvert,Autre collision,,,,,,,,,,,2,1,1,8,6
200600016342,0006-03-26 15:30:00,6,3,26,15,30,100,108,RD87 JARDELET,,,Plein jour,En agglomération,Hors intersection,Normale,Autre collision,,,,,,,,,,,1,2,1,1,6
200600016343,0006-03-19 03:30:00,6,3,19,3,30,100,307,,,,Nuit sans éclairage public,Hors agglomération,Hors intersection,Normale,Sans collision,,,,,,,,,,,3,1,1,1,7
200600016344,0006-03-02 17:45:00,6,3,2,17,45,100,287,CD79,48.359,4.343,Plein jour,Hors agglomération,Hors intersection,Normale,Sans collision,,,,,,,,,,,1,1,1,1,7
200600016345,0006-03-13 17:30:00,6,3,13,17,30,100,209,,,,Crépuscule ou aube,Hors agglomération,Hors intersection,Temps éblouissant,Trois véhicules et plus - collisions multiples,,,,,,,,,,,2,1,1,7,5
200600016346,0006-03-27 17:30:00,6,3,27,17,30,100,239,,,,Plein jour,En agglomération,Intersection en X,Normale,Deux véhicules - frontale,,,,,,,,,,,1,2,2,1,1
200600016347,0006-03-02 22:00:00,6,3,2,22,0,100,389,,48.34,4.56,Nuit sans éclairage public,Hors agglomération,Hors intersection,Normale,Autre collision,,,,,,,,,,,3,1,1,1,6
200600016348,0006-03-07 19:00:00,6,3,7,19,0,100,35,OIS DE LA COTE AUX AUGES,,,Nuit sans éclairage public,Hors agglomération,Hors intersection,Pluie légère,Autre collision,,,,,,,,,,,3,1,1,2,6
200600016349,0006-03-15 20:00:00,6,3,15,20,0,100,426,STATION SERVICE TOTAL,48.127,4.791,Nuit avec éclairage allumé,En agglomération,Hors intersection,Normale,Deux véhicules - frontale,,,,,,,,,,,5,2,1,1,1
200600016350,0006-03-19 06:00:00,6,3,19,6,0,100,419,CD 28,,,Crépuscule ou aube,Hors agglomération,Hors intersection,Normale,Sans collision,,,,,,,,,,,2,1,1,1,7
200600016351,0006-03-01 08:00:00,6,3,1,8,0,100,290,,,,Plein jour,Hors agglomération,Hors intersection,Neige / grêle,Deux véhicules - frontale,,,,,,,,,,,1,1,1,4,1
200600016352,0006-03-12 15:00:00,6,3,12,15,0,520,154,,,,Plein jour,Hors agglomération,Hors intersection,Normale,Sans collision,,,,,,,,,,,1,1,1,1,7
200600016353,0006-03-18 02:20:00,6,3,18,2,20,520,22,"mentale 20, P.K. 7 + 200",,,Nuit sans éclairage public,Hors agglomération,Hors intersection,Normale,Sans collision,,,,,,,,,,,3,1,1,1,7
200600016354,0006-03-18 20:45:00,6,3,18,20,45,520,193,,,,Nuit sans éclairage public,Hors agglomération,Hors intersection,Normale,Sans collision,,,,,,,,,,,3,1,1,1,7
200600016355,0006-03-02 12:15:00,6,3,2,12,15,520,128,,48.21,5.27,Plein jour,Hors agglomération,Hors intersection,Temps couvert,Deux véhicules - frontale,,,,,,,,,,,1,1,1,8,1
200600016356,0006-03-16 12:00:00,6,3,16,12,0,520,412,,48.142,5.285,Plein jour,Hors agglomération,Hors intersection,Normale,Sans collision,,,,,,,,,,,1,1,1,1,7
200600016357,0006-03-22 12:45:00,6,3,22,12,45,520,58,rue de la fontaine CD144,48.208,5.141,Plein jour,En agglomération,Hors intersection,Pluie légère,Deux véhicules - côté,,,,,,,,,,,1,2,1,2,3
200600016358,0006-03-25 15:30:00,6,3,25,15,30,520,524,,,,Plein jour,Hors agglomération,Hors intersection,Normale,Sans collision,,,,,,,,,,,1,1,1,1,7
200600016359,0006-03-31 18:30:00,6,3,31,18,30,520,211,CD 253,,,Plein jour,Hors agglomération,Hors intersection,Normale,Trois véhicules et plus - collisions multiples,,,,,,,,,,,1,1,1,1,5
200600016360,0006-03-31 18:15:00,6,3,31,18,15,520,269,,47.84,5.374,Plein jour,Hors agglomération,Hors intersection,Normale,Deux véhicules - frontale,,,,,,,,,,,1,1,1,1,1
200600016361,0006-03-14 19:00:00,6,3,14,19,0,520,113,CD67,,,Crépuscule ou aube,Hors agglomération,Hors intersection,Normale,Deux véhicules - frontale,,,,,,,,,,,2,1,1,1,1
200600016362,0006-03-05 19:15:00,6,3,5,19,15,520,294,rue Fontaine St Nicolas,,,Nuit avec éclairage allumé,En agglomération,Hors intersection,Normale,Autre collision,,,,,,,,,,,5,2,1,1,6
200600016363,0006-03-11 16:00:00,6,3,11,16,0,520,182,,48.604,4.831,Plein jour,Hors agglomération,Hors intersection,Normale,Sans collision,,,,,,,,,,,1,1,1,1,7
200600016364,0006-03-30 17:00:00,6,3,30,17,0,520,356,,48.438,5.091,Plein jour,Hors agglomération,Hors intersection,Normale,Deux véhicules - côté,,,,,,,,,,,1,1,1,1,3
200600016365,0006-03-06 07:45:00,6,3,6,7,45,890,353,"114+550, sens PARIS LYON",,,Plein jour,Hors agglomération,Hors intersection,Temps couvert,Autre collision,,,,,,,,,,,1,1,1,8,6
200600016366,0006-03-31 15:13:00,6,3,31,15,13,890,298,ique 31 sens SENS / LYON,,,Plein jour,Hors agglomération,Autre intersection,Normale,Sans collision,,,,,,,,,,,1,1,9,1,7
200600016367,0006-03-27 06:45:00,6,3,27,6,45,210,105,CV1,,,Plein jour,Hors agglomération,Hors intersection,Normale,Sans collision,,,,,,,,,,,1,1,1,1,7
200600016368,0006-03-17 17:40:00,6,3,17,17,40,210,38,rue de LABERGEMENT,47.188,5.387,Plein jour,En agglomération,Hors intersection,Normale,Deux véhicules - arrière,,,,,,,,,,,1,2,1,1,2
200600016369,0006-03-01 21:15:00,6,3,1,21,15,210,261,,47.268,5.136,Nuit sans éclairage public,Hors agglomération,Hors intersection,Normale,Deux véhicules - frontale,,,,,,,,,,,3,1,1,1,1
200600016370,0006-03-11 17:50:00,6,3,11,17,50,210,263,hameau de Domois,,,Plein jour,Hors agglomération,Intersection en X,Pluie légère,Deux véhicules - côté,,,,,,,,,,,1,1,2,2,3
200600016371,0006-03-31 13:30:00,6,3,31,13,30,210,337,,47.262,5.388,Plein jour,Hors agglomération,Hors intersection,Normale,Deux véhicules - frontale,,,,,,,,,,,1,1,1,1,1
200600016372,0006-03-30 00:35:00,6,3,30,0,35,210,290,RD974,,,Nuit sans éclairage public,Hors agglomération,Hors intersection,Normale,Autre collision,,,,,,,,,,,3,1,1,1,6
200600016373,0006-03-22 08:15:00,6,3,22,8,15,210,121,,47.347,4.732,Plein jour,Hors agglomération,Hors intersection,Brouillard / fumée,Deux véhicules - frontale,,,,,,,,,,,1,1,1,5,1
200600016374,0006-03-04 15:45:00,6,3,4,15,45,210,86,,47.003,4.825,Plein jour,Hors agglomération,Hors intersection,Neige / grêle,Deux véhicules - frontale,,,,,,,,,,,1,1,1,4,1
200600016375,0006-03-24 13:00:00,6,3,24,13,0,210,527,,46.967,4.692,Plein jour,Hors agglomération,Hors intersection,Normale,Deux véhicules - frontale,,,,,,,,,,,1,1,1,1,1
200600016376,0006-03-27 15:00:00,6,3,27,15,0,210,173,,47.045,4.893,Plein jour,Hors agglomération,Intersection en X,Normale,Deux véhicules - côté,,,,,,,,,,,1,1,2,1,3
200600016377,0006-03-17 17:30:00,6,3,17,17,30,210,517,,47.12,4.976,Plein jour,Hors agglomération,Hors intersection,Normale,Deux véhicules - côté,,,,,,,,,,,1,1,1,1,3
200600016378,0006-03-21 20:15:00,6,3,21,20,15,210,297,,47.184,4.967,Nuit avec éclairage allumé,Hors agglomération,Hors intersection,Normale,Deux véhicules - frontale,,,,,,,,,,,5,1,1,1,1
200600016379,0006-03-02 08:00:00,6,3,2,8,0,210,547,,47.467,4.377,Plein jour,Hors agglomération,Hors intersection,Temps couvert,Autre collision,,,,,,,,,,,1,1,1,8,6
200600016380,0006-03-27 07:00:00,6,3,27,7,0,210,584,,47.298,4.256,Crépuscule ou aube,Hors agglomération,Hors intersection,Normale,Deux véhicules - frontale,,,,,,,,,,,2,1,1,1,1
200600016381,0006-03-06 06:30:00,6,3,6,6,30,580,245,RD 979,,,Crépuscule ou aube,Hors agglomération,Hors intersection,Autre,Deux véhicules - arrière,,,,,,,,,,,2,1,1,9,2
200600016382,0006-03-10 13:30:00,6,3,10,13,30,580,280,PK 27500,,,Plein jour,Hors agglomération,Hors intersection,Normale,Sans collision,,,,,,,,,,,1,1,1,1,7
200600016383,0006-03-26 09:25:00,6,3,26,9,25,580,148,t Blanc - Route communal,,,Plein jour,Hors agglomération,Hors intersection,Normale,Deux véhicules - frontale,,,,,,,,,,,1,1,1,1,1
200600016384,0006-03-16 17:30:00,6,3,16,17,30,580,294,,46.726,3.249,Plein jour,Hors agglomération,Hors intersection,Normale,Deux véhicules - côté,,,,,,,,,,,1,1,1,1,3
200600016385,0006-03-11 20:30:00,6,3,11,20,30,580,149,AVENUE MARCEAU,46.791,3.962,Nuit avec éclairage allumé,En agglomération,Hors intersection,Pluie forte,Autre collision,,,,,,,,,,,5,2,1,3,6
200600016386,0006-03-04 17:45:00,6,3,4,17,45,580,304,D 977,47.348,3.379,Plein jour,Hors agglomération,Hors intersection,Neige / grêle,Deux véhicules - frontale,,,,,,,,,,,1,1,1,4,1
200600016387,0006-03-15 09:00:00,6,3,15,9,0,580,86,Port AUBRY,,,Plein jour,En agglomération,Passage à niveau,Temps éblouissant,Autre collision,,,,,,,,,,,1,2,8,7,6
200600016388,0006-03-04 20:00:00,6,3,4,20,0,580,155,,,,Nuit sans éclairage public,Hors agglomération,Hors intersection,Neige / grêle,Autre collision,,,,,,,,,,,3,1,1,4,6
200600016389,0006-03-17 21:15:00,6,3,17,21,15,580,12,,47.565,2.989,Nuit sans éclairage public,Hors agglomération,Hors intersection,Normale,Sans collision,,,,,,,,,,,3,1,1,1,7
200600016390,0006-03-09 07:15:00,6,3,9,7,15,710,481,tementale  166  PR6 +900,46.18,4.77,Plein jour,Hors agglomération,Hors intersection,Normale,Deux véhicules - frontale,,,,,,,,,,,1,1,1,1,1
200600016391,0006-03-18 18:30:00,6,3,18,18,30,710,280,le pont de vaux,46.746,3.933,Crépuscule ou aube,Hors agglomération,Hors intersection,Normale,Autre collision,,,,,,,,,,,2,1,1,1,6
200600016392,0006-03-06 08:10:00,6,3,6,8,10,710,182,rue du Pressoir,,,Plein jour,En agglomération,Hors intersection,Autre,Deux véhicules - frontale,,,,,,,,,,,1,2,1,9,1
200600016393,0006-03-10 16:45:00,6,3,10,16,45,710,221,RN 80,,,Plein jour,Hors agglomération,Hors intersection,Temps couvert,Trois véhicules et plus - collisions multiples,,,,,,,,,,,1,1,1,8,5
200600016394,0006-03-23 16:10:00,6,3,23,16,10,710,221,RN 80,,,Plein jour,Hors agglomération,Hors intersection,Normale,Deux véhicules - arrière,,,,,,,,,,,1,1,1,1,2
200600016395,0006-03-19 18:55:00,6,3,19,18,55,710,23,CD.933 Tenarre,,,Crépuscule ou aube,Hors agglomération,Hors intersection,Normale,Sans collision,,,,,,,,,,,2,1,1,1,7
200600016396,0006-03-26 16:30:00,6,3,26,16,30,710,120,rue centrale,46.212,4.338,Plein jour,En agglomération,Hors intersection,Normale,Deux véhicules - frontale,,,,,,,,,,,1,2,1,1,1
200600016397,0006-03-02 07:30:00,6,3,2,7,30,710,11,Les carrons,,,Crépuscule ou aube,Hors agglomération,Intersection en T,Neige / grêle,Deux véhicules - côté,,,,,,,,,,,2,1,3,4,3
200600016398,0006-03-11 15:10:00,6,3,11,15,10,710,291,,,,Plein jour,En agglomération,Hors intersection,Normale,Deux véhicules - frontale,,,,,,,,,,,1,2,1,1,1
200600016399,0006-03-18 03:30:00,6,3,18,3,30,710,149,,,,Nuit sans éclairage public,Hors agglomération,Hors intersection,Normale,Sans collision,,,,,,,,,,,3,1,1,1,7
200600016400,0006-03-30 17:00:00,6,3,30,17,0,710,282,RN 80,,,Plein jour,Hors agglomération,Hors intersection,Pluie légère,Deux véhicules - frontale,,,,,,,,,,,1,1,1,2,1
200600016401,0006-03-10 12:00:00,6,3,10,12,0,710,255,,46.641,3.732,Plein jour,Hors agglomération,Hors intersection,Neige / grêle,Deux véhicules - frontale,,,,,,,,,,,1,1,1,4,1
200600016402,0006-03-13 07:30:00,6,3,13,7,30,710,340,,,,Crépuscule ou aube,Hors agglomération,Hors intersection,Normale,Deux véhicules - côté,,,,,,,,,,,2,1,1,1,3