accident_id,datetime,annee,mois,jour,heure,minute,departement,commune_insee,adresse,latitude,longitude,luminosite,agglomeration,intersection,meteo,collision,nb_vehicules,nb_usagers,nb_indemnes,nb_tues,nb_blesses_hosp,nb_blesses_legers,age_cond_1,age_cond_2,veh_type_cond_1,veh_type_cond_2,lum_code,agg_code,int_code,atm_code,col_code
200600016539,0006-03-20 20:10:00,6,3,20,20,10,830,115,"8 Lieu dit ""la madrague""",,,Nuit sans éclairage public,Hors agglomération,Hors intersection,Normale,Autre collision,,,,,,,,,,,3,1,1,1,6
200600016540,0006-03-25 16:00:00,6,3,25,16,0,830,16,route nationale 8,,,Plein jour,Hors agglomération,Hors intersection,Normale,Trois véhicules et plus - collisions multiples,,,,,,,,,,,1,1,1,1,5
200600016541,0006-03-17 21:00:00,6,3,17,21,0,830,112,,,,Nuit sans éclairage public,Hors agglomération,Hors intersection,Normale,Sans collision,,,,,,,,,,,3,1,1,1,7
200600016542,0006-03-14 19:45:00,6,3,14,19,45,830,132,,43.181,6.047,Crépuscule ou aube,Hors agglomération,Hors intersection,Normale,Autre collision,,,,,,,,,,,2,1,1,1,6
200600016543,0006-03-25 16:15:00,6,3,25,16,15,830,54,,43.156,6.035,Plein jour,Hors agglomération,Hors intersection,Normale,Deux véhicules - frontale,,,,,,,,,,,1,1,1,1,1
200600016544,0006-03-17 09:00:00,6,3,17,9,0,840,119,Route de perne,43.962,4.935,Plein jour,En agglomération,Hors intersection,Normale,Deux véhicules - arrière,,,,,,,,,,,1,2,1,1,2
200600016545,0006-03-22 12:15:00,6,3,22,12,15,840,81,rue des portugaises,,,Plein jour,Hors agglomération,Hors intersection,Normale,Deux véhicules - frontale,,,,,,,,,,,1,1,1,1,1
200600016546,0006-03-31 20:45:00,6,3,31,20,45,840,38,,,,Nuit sans éclairage public,Hors agglomération,Hors intersection,Normale,Deux véhicules - frontale,,,,,,,,,,,3,1,1,1,1
200600016547,0006-03-13 17:15:00,6,3,13,17,15,840,92,,43.985,4.875,Plein jour,Hors agglomération,Hors intersection,Normale,Deux véhicules - côté,,,,,,,,,,,1,1,1,1,3
200600016548,0006-03-08 07:55:00,6,3,8,7,55,840,3,ant au centre enfouissem,,,Plein jour,Hors agglomération,Intersection en T,Normale,Deux véhicules - côté,,,,,,,,,,,1,1,3,1,3
200600016549,0006-03-04 19:45:00,6,3,4,19,45,840,147,,43.717,5.436,Crépuscule ou aube,Hors agglomération,Hors intersection,Normale,Deux véhicules - frontale,,,,,,,,,,,2,1,1,1,1
200600016550,0006-03-30 01:30:00,6,3,30,1,30,840,147,,43.693,5.449,Nuit sans éclairage public,Hors agglomération,Hors intersection,Normale,Autre collision,,,,,,,,,,,3,1,1,1,6
200600016551,0006-03-29 15:45:00,6,3,29,15,45,840,51,,43.862,5.239,Plein jour,Hors agglomération,Hors intersection,Normale,Deux véhicules - côté,,,,,,,,,,,1,1,1,1,3
200600016552,0006-03-13 07:45:00,6,3,13,7,45,840,122,te de  CARPENTRAS CD 950,44.08,4.97,Plein jour,En agglomération,Hors intersection,Normale,Deux véhicules - arrière,,,,,,,,,,,1,2,1,1,2
200600016553,0006-03-23 18:15:00,6,3,23,18,15,840,4,D7 - ROUTE DE CARPENTRAS,,,Plein jour,En agglomération,Autre intersection,Normale,Deux véhicules - frontale,,,,,,,,,,,1,2,9,1,1
200600016554,0006-03-26 09:30:00,6,3,26,9,30,840,130,Quartier Toulony,,,Plein jour,Hors agglomération,Hors intersection,Normale,Deux véhicules - frontale,,,,,,,,,,,1,1,1,1,1
200600016555,0006-03-21 11:15:00,6,3,21,11,15,840,148,,44.068,5.247,Plein jour,Hors agglomération,Hors intersection,Normale,Autre collision,,,,,,,,,,,1,1,1,1,6
200600016556,0006-03-29 09:30:00,6,3,29,9,30,840,70,carrefour avenue st jean,44.026,5.162,Plein jour,En agglomération,Hors intersection,Normale,Autre collision,,,,,,,,,,,1,2,1,1,6
200600016557,0006-03-21 10:00:00,6,3,21,10,0,840,88,,,,Plein jour,Hors agglomération,Hors intersection,Pluie légère,Deux véhicules - frontale,,,,,,,,,,,1,1,1,2,1
200600016558,0006-03-28 21:15:00,6,3,28,21,15,840,142,38 X CHEMIN DES GYPIERES,,,Nuit sans éclairage public,Hors agglomération,Hors intersection,Normale,Autre collision,,,,,,,,,,,3,1,1,1,6
200600016559,0006-03-11 11:15:00,6,3,11,11,15,840,37,Rte d'Orange - CD 68,44.086,4.832,Plein jour,Hors agglomération,Hors intersection,Vent fort / tempête,Sans collision,,,,,,,,,,,1,1,1,6,7
200600016560,0006-03-20 21:30:00,6,3,20,21,30,840,96,RD 69,,,Nuit sans éclairage public,Hors agglomération,Hors intersection,Pluie légère,Sans collision,,,,,,,,,,,3,1,1,2,7
200600016561,0006-03-03 18:40:00,6,3,3,18,40,340,27,rue du pic saint loup,,,Nuit avec éclairage allumé,En agglomération,Intersection en Y,Normale,Deux véhicules - côté,,,,,,,,,,,5,2,4,1,3
200600016562,0006-03-03 20:30:00,6,3,3,20,30,340,327,RN110,,,Nuit avec éclairage allumé,En agglomération,Autre intersection,Normale,Deux véhicules - côté,,,,,,,,,,,5,2,9,1,3
200600016563,0006-03-11 19:30:00,6,3,11,19,30,340,244,RN113,,,Nuit sans éclairage public,Hors agglomération,Hors intersection,Normale,Trois véhicules et plus - collisions multiples,,,,,,,,,,,3,1,1,1,5
200600016564,0006-03-26 00:30:00,6,3,26,0,30,340,22,CD26E,,,Nuit sans éclairage public,Hors agglomération,Hors intersection,Normale,Autre collision,,,,,,,,,,,3,1,1,1,6
200600016565,0006-03-10 08:30:00,6,3,10,8,30,340,111,,43.952,3.685,Plein jour,Hors agglomération,Hors intersection,Normale,Trois véhicules et plus - collisions multiples,,,,,,,,,,,1,1,1,1,5
200600016566,0006-03-02 17:10:00,6,3,2,17,10,340,145,nt-kilométrique : 08+700,,,Plein jour,Hors agglomération,Hors intersection,Normale,Autre collision,,,,,,,,,,,1,1,1,1,6
200600016567,0006-03-09 18:45:00,6,3,9,18,45,340,145,CD61,43.677,4.147,Nuit sans éclairage public,En agglomération,Hors intersection,Normale,Trois véhicules et plus - collisions multiples,,,,,,,,,,,3,2,1,1,5
200600016568,0006-03-21 12:15:00,6,3,21,12,15,340,146,du Canal Philippe Lamour,,,Plein jour,Hors agglomération,Hors intersection,Normale,Deux véhicules - arrière,,,,,,,,,,,1,1,1,1,2
200600016569,0006-03-25 11:45:00,6,3,25,11,45,340,154,,,,Plein jour,Hors agglomération,Hors intersection,Normale,Deux véhicules - côté,,,,,,,,,,,1,1,1,1,3
200600016570,0006-03-29 13:55:00,6,3,29,13,55,340,154,"CD 112, PK 24",,,Plein jour,Hors agglomération,Hors intersection,Normale,Trois véhicules et plus - en chaîne,,,,,,,,,,,1,1,1,1,4
200600016571,0006-03-30 18:00:00,6,3,30,18,0,340,119,avenue de l'Espinouse,,,Plein jour,En agglomération,Hors intersection,Normale,Deux véhicules - côté,,,,,,,,,,,1,2,1,1,3
200600016572,0006-03-02 06:30:00,6,3,2,6,30,340,6,route du château d'eau,,,Crépuscule ou aube,En agglomération,Hors intersection,Normale,Sans collision,,,,,,,,,,,2,2,1,1,7
200600016573,0006-03-28 17:40:00,6,3,28,17,40,340,199,"Domaine ST Julien , CD13",43.469,3.401,Plein jour,Hors agglomération,Hors intersection,Normale,Deux véhicules - côté,,,,,,,,,,,1,1,1,1,3
200600016574,0006-03-06 15:15:00,6,3,6,15,15,340,229,,43.474,2.819,Plein jour,Hors agglomération,Hors intersection,Pluie légère,Deux véhicules - frontale,,,,,,,,,,,1,1,1,2,1
200600016575,0006-03-26 10:30:00,6,3,26,10,30,340,293,,43.592,2.704,Plein jour,Hors agglomération,Hors intersection,Normale,Sans collision,,,,,,,,,,,1,1,1,1,7
200600016576,0006-03-03 16:30:00,6,3,3,16,30,340,147,RUE ST LAURENT,43.476,3.222,Plein jour,En agglomération,Hors intersection,Normale,Autre collision,,,,,,,,,,,1,2,1,1,6
200600016577,0006-03-14 14:15:00,6,3,14,14,15,340,139,,43.424,3.227,Plein jour,Hors agglomération,Hors intersection,Normale,Deux véhicules - frontale,,,,,,,,,,,1,1,1,1,1
200600016578,0006-03-16 15:15:00,6,3,16,15,15,340,300,,43.4,3.328,Plein jour,Hors agglomération,Hors intersection,Normale,Deux véhicules - côté,,,,,,,,,,,1,1,1,1,3
200600016579,0006-03-20 16:00:00,6,3,20,16,0,340,300,,43.409,3.236,Plein jour,Hors agglomération,Hors intersection,Pluie légère,Autre collision,,,,,,,,,,,1,1,1,2,6
200600016580,0006-03-31 09:00:00,6,3,31,9,0,340,237,,43.506,3.31,Plein jour,Hors agglomération,Hors intersection,Normale,Autre collision,,,,,,,,,,,1,1,1,1,6
200600016581,0006-03-12 21:15:00,6,3,12,21,15,340,142,ARD DU GENERAL DE GAULLE,,,Nuit avec éclairage allumé,En agglomération,Hors intersection,Normale,Deux véhicules - frontale,,,,,,,,,,,5,2,1,1,1
200600016582,0006-03-29 07:45:00,6,3,29,7,45,340,142,ROUTE DU GREZAC,,,Plein jour,Hors agglomération,Hors intersection,Normale,Autre collision,,,,,,,,,,,1,1,1,1,6
200600016583,0006-03-23 17:30:00,6,3,23,17,30,340,281,,43.541,3.56,Plein jour,Hors agglomération,Hors intersection,Normale,Sans collision,,,,,,,,,,,1,1,1,1,7
200600016584,0006-03-14 12:30:00,6,3,14,12,30,340,173,départementale 141 E3,,,Plein jour,En agglomération,Hors intersection,Normale,Deux véhicules - frontale,,,,,,,,,,,1,2,1,1,1
200600016585,0006-03-15 20:00:00,6,3,15,20,0,340,114,,43.655,3.51,Nuit sans éclairage public,Hors agglomération,Hors intersection,Normale,Deux véhicules - arrière,,,,,,,,,,,3,1,1,1,2
200600016586,0006-03-24 09:40:00,6,3,24,9,40,340,125,"CD9, PK 33+769",,,Plein jour,Hors agglomération,Hors intersection,Normale,Autre collision,,,,,,,,,,,1,1,1,1,6
200600016587,0006-03-29 20:00:00,6,3,29,20,0,340,239,route de Ceyras - D 908,,,Nuit avec éclairage allumé,En agglomération,Hors intersection,Normale,Deux véhicules - arrière,,,,,,,,,,,5,2,1,1,2
200600016588,0006-03-17 18:45:00,6,3,17,18,45,340,101,rond point de la Poste,,,Plein jour,En agglomération,Giratoire,Normale,Deux véhicules - côté,,,,,,,,,,,1,2,6,1,3
200600016589,0006-03-26 14:45:00,6,3,26,14,45,340,332,rue des genets,,,Plein jour,En agglomération,Hors intersection,Normale,Deux véhicules - frontale,,,,,,,,,,,1,2,1,1,1
200600016590,0006-03-26 16:30:00,6,3,26,16,30,340,295,,,,Plein jour,Hors agglomération,Hors intersection,Normale,Autre collision,,,,,,,,,,,1,1,1,1,6
200600016591,0006-03-26 21:15:00,6,3,26,21,15,340,165,,,,Nuit sans éclairage public,Hors agglomération,Hors intersection,Normale,Autre collision,,,,,,,,,,,3,1,1,1,6
200600016592,0006-03-02 23:15:00,6,3,2,23,15,340,341,Carrefour CD 2 et CD 5.E,43.504,3.605,Nuit avec éclairage allumé,En agglomération,Hors intersection,Normale,Deux véhicules - côté,,,,,,,,,,,5,2,1,1,3
200600016593,0006-03-31 11:10:00,6,3,31,11,10,110,425,avenue du Languedoc,,,Plein jour,En agglomération,Hors intersection,Normale,Deux véhicules - côté,,,,,,,,,,,1,2,1,1,3
200600016594,0006-03-16 11:00:00,6,3,16,11,0,110,351,,43.08,2.689,Plein jour,Hors agglomération,Hors intersection,Normale,Autre collision,,,,,,,,,,,1,1,1,1,6
200600016595,0006-03-12 21:00:00,6,3,12,21,0,110,301,,,,Nuit sans éclairage public,Hors agglomération,Hors intersection,Normale,Autre collision,,,,,,,,,,,3,1,1,1,6
200600016596,0006-03-23 10:15:00,6,3,23,10,15,110,286,CD 206,43.27,2.57,Plein jour,Hors agglomération,Hors intersection,Normale,Autre collision,,,,,,,,,,,1,1,1,1,6
200600016597,0006-03-28 18:30:00,6,3,28,18,30,110,434,,43.277,2.078,Plein jour,Hors agglomération,Hors intersection,Normale,Deux véhicules - frontale,,,,,,,,,,,1,1,1,1,1
200600016598,0006-03-04 13:00:00,6,3,4,13,0,110,90,6 route du PIEMONT CD118,,,Plein jour,En agglomération,Autre intersection,Normale,Autre collision,,,,,,,,,,,1,2,9,1,6
200600016599,0006-03-31 22:15:00,6,3,31,22,15,110,206,Carrefour de MAGRIE,,,Nuit avec éclairage allumé,En agglomération,Hors intersection,Normale,Deux véhicules - frontale,,,,,,,,,,,5,2,1,1,1
200600016600,0006-03-04 20:45:00,6,3,4,20,45,110,263,,42.88,2.14,Nuit sans éclairage public,Hors agglomération,Hors intersection,Normale,Autre collision,,,,,,,,,,,3,1,1,1,6
200600016601,0006-03-05 00:15:00,6,3,5,0,15,110,129,Rue Elie SERMET- CD12-,42.94,2.22,Nuit avec éclairage allumé,En agglomération,Hors intersection,Normale,Autre collision,,,,,,,,,,,5,2,1,1,6
200600016602,0006-03-05 20:15:00,6,3,5,20,15,110,15,,42.95,2.37,Nuit sans éclairage public,Hors agglomération,Hors intersection,Normale,Deux véhicules - frontale,,,,,,,,,,,3,1,1,1,1
200600016603,0006-03-11 22:00:00,6,3,11,22,0,110,209,,42.964,2.264,Nuit sans éclairage public,Hors agglomération,Hors intersection,Normale,Deux véhicules - frontale,,,,,,,,,,,3,1,1,1,1
200600016604,0006-03-16 13:45:00,6,3,16,13,45,110,262,"ir, Route de Marcorignan",,,Plein jour,Hors agglomération,Hors intersection,Normale,Trois véhicules et plus - collisions multiples,,,,,,,,,,,1,1,1,1,5
200600016605,0006-03-20 09:30:00,6,3,20,9,30,110,106,,43.241,3.058,Plein jour,Hors agglomération,Hors intersection,Normale,Trois véhicules et plus - collisions multiples,,,,,,,,,,,1,1,1,1,5
200600016606,0006-03-31 06:00:00,6,3,31,6,0,110,14,,,,Nuit sans éclairage public,Hors agglomération,Hors intersection,Normale,Autre collision,,,,,,,,,,,3,1,1,1,6
200600016607,0006-03-19 10:15:00,6,3,19,10,15,110,269,CD 5 la minervoise PK 17,43.321,2.984,Plein jour,Hors agglomération,Hors intersection,Pluie légère,Trois véhicules et plus - en chaîne,,,,,,,,,,,1,1,1,2,4
200600016608,0006-03-05 22:45:00,6,3,5,22,45,300,133,291 Rue des primevères,43.535,4.145,Nuit avec éclairage allumé,En agglomération,Hors intersection,Normale,Deux véhicules - arrière,,,,,,,,,,,5,2,1,1,2
200600016609,0006-03-29 18:15:00,6,3,29,18,15,300,133,GIRATOIRE CARREFOUR 2000,,,Plein jour,En agglomération,Giratoire,Normale,Deux véhicules - frontale,,,,,,,,,,,1,2,6,1,1
200600016610,0006-03-04 21:45:00,6,3,4,21,45,300,324,,,,Nuit sans éclairage public,Hors agglomération,Hors intersection,Normale,Sans collision,,,,,,,,,,,3,1,1,1,7
200600016611,0006-03-06 09:15:00,6,3,6,9,15,300,321,rue ABBE FABRE,,,Plein jour,En agglomération,Hors intersection,Normale,Deux véhicules - frontale,,,,,,,,,,,1,2,1,1,1
200600016612,0006-03-28 22:30:00,6,3,28,22,30,300,6,,,,Nuit sans éclairage public,Hors agglomération,Hors intersection,Normale,Autre collision,,,,,,,,,,,3,1,1,1,6
200600016613,0006-03-29 16:00:00,6,3,29,16,0,300,214,,44.055,4.097,Plein jour,Hors agglomération,Intersection en T,Normale,Deux véhicules - côté,,,,,,,,,,,1,1,3,1,3
200600016614,0006-03-07 08:30:00,6,3,7,8,30,300,284,,44.171,4.102,Plein jour,Hors agglomération,Hors intersection,Normale,Deux véhicules - côté,,,,,,,,,,,1,1,1,1,3
200600016615,0006-03-14 14:00:00,6,3,14,14,0,300,147,CD 982,,,Plein jour,Hors agglomération,Hors intersection,Normale,Deux véhicules - frontale,,,,,,,,,,,1,1,1,1,1
200600016616,0006-03-24 13:00:00,6,3,24,13,0,300,267,,,,Plein jour,Hors agglomération,Hors intersection,Normale,Autre collision,,,,,,,,,,,1,1,1,1,6
200600016617,0006-03-27 23:45:00,6,3,27,23,45,300,109,,44.074,4.225,Nuit sans éclairage public,Hors agglomération,Hors intersection,Normale,Autre collision,,,,,,,,,,,3,1,1,1,6
200600016618,0006-03-30 14:00:00,6,3,30,14,0,300,53,RN106 - Le planiol,,,Plein jour,En agglomération,Intersection en X,Normale,Deux véhicules - côté,,,,,,,,,,,1,2,2,1,3
200600016619,0006-03-09 17:15:00,6,3,9,17,15,300,201,,44.406,3.963,Plein jour,Hors agglomération,Hors intersection,Normale,Sans collision,,,,,,,,,,,1,1,1,1,7
200600016620,0006-03-22 12:35:00,6,3,22,12,35,300,227,6CD 904,,,Plein jour,En agglomération,Hors intersection,Normale,Autre collision,,,,,,,,,,,1,2,1,1,6
200600016621,0006-03-07 09:30:00,6,3,7,9,30,300,334,Avenue LOUIS ALTEIRAC,,,Plein jour,En agglomération,Intersection en X,Normale,Autre collision,,,,,,,,,,,1,2,2,1,6
200600016622,0006-03-09 18:15:00,6,3,9,18,15,300,295,d eSt Laurent La Vernède,,,Crépuscule ou aube,Hors agglomération,Hors intersection,Normale,Deux véhicules - frontale,,,,,,,,,,,2,1,1,1,1
200600016623,0006-03-16 11:50:00,6,3,16,11,50,300,308,D112 PK7,,,Plein jour,Hors agglomération,Hors intersection,Normale,Autre collision,,,,,,,,,,,1,1,1,1,6
200600016624,0006-03-16 19:15:00,6,3,16,19,15,300,331,,,,Crépuscule ou aube,Hors agglomération,Hors intersection,Normale,Sans collision,,,,,,,,,,,2,1,1,1,7
200600016625,0006-03-23 16:15:00,6,3,23,16,15,300,202,avenue kennedy,44.264,4.648,Plein jour,En agglomération,Autre intersection,Normale,Autre collision,,,,,,,,,,,1,2,9,1,6
200600016626,0006-03-12 07:00:00,6,3,12,7,0,300,116,,43.944,4.606,Plein jour,Hors agglomération,Hors intersection,Normale,Deux véhicules - côté,,,,,,,,,,,1,1,1,1,3
200600016627,0006-03-23 13:30:00,6,3,23,13,30,300,73,,43.963,4.57,Plein jour,Hors agglomération,Hors intersection,Normale,Deux véhicules - frontale,,,,,,,,,,,1,1,1,1,1
200600016628,0006-03-23 17:00:00,6,3,23,17,0,300,212,RN100,43.943,4.572,Plein jour,En agglomération,Hors intersection,Normale,Deux véhicules - côté,,,,,,,,,,,1,2,1,1,3
200600016629,0006-03-05 17:15:00,6,3,5,17,15,300,141,,44.088,4.707,Nuit sans éclairage public,Hors agglomération,Hors intersection,Normale,Deux véhicules - côté,,,,,,,,,,,3,1,1,1,3
200600016630,0006-03-05 07:00:00,6,3,5,7,0,300,241,route de Nimes,43.972,4.279,Crépuscule ou aube,En agglomération,Hors intersection,Normale,Autre collision,,,,,,,,,,,2,2,1,1,6
200600016631,0006-03-01 18:45:00,6,3,1,18,45,300,255,D124,,,Nuit avec éclairage allumé,En agglomération,Hors intersection,Normale,Deux véhicules - frontale,,,,,,,,,,,5,2,1,1,1
200600016632,0006-03-22 09:15:00,6,3,22,9,15,300,122,,,,Plein jour,Hors agglomération,Hors intersection,Pluie légère,Deux véhicules - côté,,,,,,,,,,,1,1,1,2,3
200600016633,0006-03-24 07:50:00,6,3,24,7,50,300,61,"06, au niveau du SUPER U",,,Plein jour,Hors agglomération,Giratoire,Pluie légère,Deux véhicules - arrière,,,,,,,,,,,1,1,6,2,2
200600016634,0006-03-13 23:00:00,6,3,13,23,0,300,217,,,,Nuit sans éclairage public,Hors agglomération,Hors intersection,Normale,Autre collision,,,,,,,,,,,3,1,1,1,6
200600016635,0006-03-17 16:15:00,6,3,17,16,15,300,12,COMPLEXE Henri Cavene,,,Plein jour,En agglomération,Hors intersection,Normale,Autre collision,,,,,,,,,,,1,2,1,1,6
200600016636,0006-03-17 15:00:00,6,3,17,15,0,300,229,,44.005,3.659,Plein jour,Hors agglomération,Hors intersection,Normale,Sans collision,,,,,,,,,,,1,1,1,1,7
200600016637,0006-03-24 09:00:00,6,3,24,9,0,300,26,,43.992,3.61,Plein jour,Hors agglomération,Hors intersection,Normale,Deux véhicules - frontale,,,,,,,,,,,1,1,1,1,1
200600016638,0006-03-14 06:45:00,6,3,14,6,45,300,140,"dit ""hameau de calviac""",,,Crépuscule ou aube,Hors agglomération,Hors intersection,Normale,Sans collision,,,,,,,,,,,2,1,1,1,7
200600016639,0006-03-17 09:15:00,6,3,17,9,15,480,138,,,,Plein jour,Hors agglomération,Hors intersection,Normale,Autre collision,,,,,,,,,,,1,1,1,1,6
200600016640,0006-03-18 09:30:00,6,3,18,9,30,480,92,,44.552,3.29,Plein jour,Hors agglomération,Hors intersection,Normale,Autre collision,,,,,,,,,,,1,1,1,1,6
200600016641,0006-03-06 14:30:00,6,3,6,14,30,480,128,,,,Plein jour,Hors agglomération,Hors intersection,Normale,Autre collision,,,,,,,,,,,1,1,1,1,6
200600016642,0006-03-04 21:45:00,6,3,4,21,45,660,21,,,,Nuit sans éclairage public,Hors agglomération,Intersection en X,Brouillard / fumée,Trois véhicules et plus - collisions multiples,,,,,,,,,,,3,1,2,5,5
200600016643,0006-03-13 13:30:00,6,3,13,13,30,660,65,rue nationale,,,Plein jour,En agglomération,Hors intersection,Normale,Autre collision,,,,,,,,,,,1,2,1,1,6
200600016644,0006-03-07 19:15:00,6,3,7,19,15,660,177,avenue de brouilla,,,Nuit avec éclairage non allumé,En agglomération,Hors intersection,Pluie légère,Autre collision,,,,,,,,,,,4,2,1,2,6
200600016645,0006-03-12 05:30:00,6,3,12,5,30,660,44,,42.649,2.718,Nuit sans éclairage public,Hors agglomération,Hors intersection,Normale,Sans collision,,,,,,,,,,,3,1,1,1,7
200600016646,0006-03-13 11:40:00,6,3,13,11,40,660,9,CD 115,,,Plein jour,Hors agglomération,Hors intersection,Normale,Deux véhicules - frontale,,,,,,,,,,,1,1,1,1,1
200600016647,0006-03-17 23:00:00,6,3,17,23,0,660,8,route d'elne,,,Nuit avec éclairage allumé,En agglomération,Autre intersection,Normale,Deux véhicules - côté,,,,,,,,,,,5,2,9,1,3
200600016648,0006-03-14 07:15:00,6,3,14,7,15,660,16,avenue Alain GERBAULT,,,Plein jour,En agglomération,Hors intersection,Temps éblouissant,Deux véhicules - arrière,,,,,,,,,,,1,2,1,7,2
200600016649,0006-03-17 21:00:00,6,3,17,21,0,660,16,RD 914,,,Nuit avec éclairage allumé,En agglomération,Hors intersection,Normale,Sans collision,,,,,,,,,,,5,2,1,1,7
200600016650,0006-03-07 20:20:00,6,3,7,20,20,660,149,"lieu dit "" Gribaltar""",,,Nuit sans éclairage public,Hors agglomération,Hors intersection,Pluie légère,Deux véhicules - frontale,,,,,,,,,,,3,1,1,2,1
200600016651,0006-03-10 19:00:00,6,3,10,19,0,660,222,"62, avenue clemenceau",,,Crépuscule ou aube,En agglomération,Hors intersection,Pluie légère,Autre collision,,,,,,,,,,,2,2,1,2,6
200600016652,0006-03-26 13:15:00,6,3,26,13,15,660,149,Avenue Louis PRATS,,,Plein jour,En agglomération,Hors intersection,Normale,Deux véhicules - frontale,,,,,,,,,,,1,2,1,1,1
200600016653,0006-03-10 03:00:00,6,3,10,3,0,660,105,,,,Nuit sans éclairage public,Hors agglomération,Autre intersection,Neige / grêle,Sans collision,,,,,,,,,,,3,1,9,4,7
200600016654,0006-03-27 06:30:00,6,3,27,6,30,660,103,"RN 116, PR 38+400",42.647,2.502,Nuit sans éclairage public,Hors agglomération,Hors intersection,Temps couvert,Autre collision,,,,,,,,,,,3,1,1,8,6
200600016655,0006-03-18 03:15:00,6,3,18,3,15,201,324,,42.08,9.011,Nuit sans éclairage public,Hors agglomération,Hors intersection,Normale,Deux véhicules - frontale,,,,,,,,,,,3,1,1,1,1
200600016656,0006-03-18 13:00:00,6,3,18,13,0,201,41,Lieu dit Santa Manza,,,Plein jour,En agglomération,Hors intersection,Normale,Deux véhicules - frontale,,,,,,,,,,,1,2,1,1,1
200600016657,0006-03-31 19:15:00,6,3,31,19,15,201,247,Route de Bastia,,,Plein jour,En agglomération,Hors intersection,Normale,Deux véhicules - frontale,,,,,,,,,,,1,2,1,1,1
200600016658,0006-03-30 07:30:00,6,3,30,7,30,201,272,ns SARTENE PORTO VECCHIO,,,Plein jour,Hors agglomération,Hors intersection,Normale,Deux véhicules - arrière,,,,,,,,,,,1,1,1,1,2
200600016659,0006-03-09 10:30:00,6,3,9,10,30,201,211,,,,Plein jour,Hors agglomération,Autre intersection,Normale,Sans collision,,,,,,,,,,,1,1,9,1,7
200600016660,0006-03-18 16:00:00,6,3,18,16,0,201,249,Avenue Napoléon,41.68,8.89,Plein jour,En agglomération,Hors intersection,Normale,Deux véhicules - côté,,,,,,,,,,,1,2,1,1,3
200600016661,0006-03-05 02:25:00,6,3,5,2,25,202,42,route nationale 193,,,Nuit avec éclairage allumé,En agglomération,Hors intersection,Normale,Deux véhicules - frontale,,,,,,,,,,,5,2,1,1,1
200600016662,0006-03-01 10:15:00,6,3,1,10,15,202,49,,42.525,8.848,Plein jour,Hors agglomération,Hors intersection,Normale,Sans collision,,,,,,,,,,,1,1,1,1,7
200600016663,0006-03-08 10:10:00,6,3,8,10,10,202,50,RN 197,,,Plein jour,Hors agglomération,Hors intersection,Normale,Trois véhicules et plus - collisions multiples,,,,,,,,,,,1,1,1,1,5
200600016664,0006-03-20 09:30:00,6,3,20,9,30,202,150,,,,Plein jour,Hors agglomération,Autre intersection,Normale,Deux véhicules - côté,,,,,,,,,,,1,1,9,1,3
200600016665,0006-03-03 20:15:00,6,3,3,20,15,202,199,,42.657,9.071,Nuit sans éclairage public,Hors agglomération,Hors intersection,Normale,Autre collision,,,,,,,,,,,3,1,1,1,6
200600016666,0006-03-04 19:30:00,6,3,4,19,30,202,93,Marines de Davia,42.627,8.893,Nuit sans éclairage public,En agglomération,Hors intersection,Normale,Sans collision,,,,,,,,,,,3,2,1,1,7
200600016667,0006-03-16 10:30:00,6,3,16,10,30,202,337,,42.478,9.258,Plein jour,Hors agglomération,Hors intersection,Normale,Deux véhicules - frontale,,,,,,,,,,,1,1,1,1,1
200600016668,0006-03-16 21:25:00,6,3,16,21,25,202,87,prunete,42.324,9.54,Nuit avec éclairage allumé,En agglomération,Hors intersection,Normale,Deux véhicules - frontale,,,,,,,,,,,5,2,1,1,1
200600016669,0006-03-20 00:30:00,6,3,20,0,30,202,313,PONT BUCATOJO,42.38,9.531,Nuit avec éclairage allumé,En agglomération,Hors intersection,Autre,Autre collision,,,,,,,,,,,5,2,1,9,6
200600016670,0006-03-28 17:45:00,6,3,28,17,45,780,528,64 ROUTE DE LA CORNICHE,49.022,1.608,Plein jour,En agglomération,Hors intersection,Normale,Deux véhicules - frontale,,,,,,,,,,,1,2,1,1,1
200600016671,0006-03-11 13:30:00,6,3,11,13,30,780,320,,,,Plein jour,Hors agglomération,Hors intersection,Normale,Deux véhicules - côté,,,,,,,,,,,1,1,1,1,3
200600016672,0006-03-23 07:15:00,6,3,23,7,15,780,147,,,,Plein jour,Hors agglomération,Hors intersection,Normale,Trois véhicules et plus - en chaîne,,,,,,,,,,,1,1,1,1,4
200600016673,0006-03-26 07:50:00,6,3,26,7,50,780,57,route de la roche guyon,,,Plein jour,Hors agglomération,Hors intersection,Temps couvert,Autre collision,,,,,,,,,,,1,1,1,8,6