accident_id,datetime,annee,mois,jour,heure,minute,departement,commune_insee,adresse,latitude,longitude,luminosite,agglomeration,intersection,meteo,collision,nb_vehicules,nb_usagers,nb_indemnes,nb_tues,nb_blesses_hosp,nb_blesses_legers,age_cond_1,age_cond_2,veh_type_cond_1,veh_type_cond_2,lum_code,agg_code,int_code,atm_code,col_code
200600016674,0006-03-17 08:15:00,6,3,17,8,15,780,655,,,,Plein jour,Hors agglomération,Hors intersection,Normale,Deux véhicules - côté,,,,,,,,,,,1,1,1,1,3
200600016675,0006-03-27 07:00:00,6,3,27,7,0,780,9,,48.462,1.905,Nuit sans éclairage public,Hors agglomération,Giratoire,Pluie légère,Autre collision,,,,,,,,,,,3,1,6,2,6
200600016676,0006-03-07 15:00:00,6,3,7,15,0,780,590,,48.685,1.997,Plein jour,Hors agglomération,Hors intersection,Pluie forte,Autre collision,,,,,,,,,,,1,1,1,3,6
200600016677,0006-03-11 02:55:00,6,3,11,2,55,780,128,CD 906,,,Nuit sans éclairage public,Hors agglomération,Hors intersection,Normale,Autre collision,,,,,,,,,,,3,1,1,1,6
200600016678,0006-03-09 18:00:00,6,3,9,18,0,780,615,,,,Plein jour,Hors agglomération,Hors intersection,Normale,Trois véhicules et plus - collisions multiples,,,,,,,,,,,1,1,1,1,5
200600016679,0006-03-18 01:30:00,6,3,18,1,30,780,513,ir - route communale N°4,,,Nuit avec éclairage allumé,Hors agglomération,Hors intersection,Normale,Autre collision,,,,,,,,,,,5,1,1,1,6
200600016680,0006-03-26 20:45:00,6,3,26,20,45,780,616,,,,Nuit sans éclairage public,Hors agglomération,Hors intersection,Normale,Autre collision,,,,,,,,,,,3,1,1,1,6
200600016681,0006-03-26 00:15:00,6,3,26,0,15,780,87,chemin des Clos,,,Nuit sans éclairage public,Hors agglomération,Hors intersection,Pluie forte,Autre collision,,,,,,,,,,,3,1,1,3,6
200600016682,0006-03-29 17:45:00,6,3,29,17,45,910,340,AVENUE DU 8 MAI 1945,,,Plein jour,En agglomération,Hors intersection,Normale,Autre collision,,,,,,,,,,,1,2,1,1,6
200600016683,0006-03-09 21:00:00,6,3,9,21,0,910,159,,48.534,2.429,Nuit sans éclairage public,Hors agglomération,Hors intersection,Pluie légère,Sans collision,,,,,,,,,,,3,1,1,2,7
200600016684,0006-03-28 07:45:00,6,3,28,7,45,910,386,RN191,48.558,2.415,Plein jour,En agglomération,Hors intersection,Normale,Sans collision,,,,,,,,,,,1,2,1,1,7
200600016685,0006-03-03 16:05:00,6,3,3,16,5,910,359,CD 837 PK 10,,,Plein jour,Hors agglomération,Hors intersection,Normale,Deux véhicules - frontale,,,,,,,,,,,1,1,1,1,1
200600016686,0006-03-16 14:00:00,6,3,16,14,0,910,86,RUE DES TROIS PARTS,48.618,2.375,Plein jour,En agglomération,Autre intersection,Normale,Autre collision,,,,,,,,,,,1,2,9,1,6
200600016687,0006-03-13 21:10:00,6,3,13,21,10,910,226,RN 20 - PK 29,,,Nuit sans éclairage public,Hors agglomération,Hors intersection,Normale,Deux véhicules - côté,,,,,,,,,,,3,1,1,1,3
200600016688,0006-03-19 17:00:00,6,3,19,17,0,910,330,"CD449 PK6,770",,,Plein jour,Hors agglomération,Hors intersection,Normale,Autre collision,,,,,,,,,,,1,1,1,1,6
200600016689,0006-03-22 14:00:00,6,3,22,14,0,910,132,,,,Plein jour,Hors agglomération,Hors intersection,Pluie légère,Autre collision,,,,,,,,,,,1,1,1,2,6
200600016690,0006-03-12 01:30:00,6,3,12,1,30,910,248,RD 63 PK 6,,,Nuit sans éclairage public,Hors agglomération,Hors intersection,Autre,Autre collision,,,,,,,,,,,3,1,1,9,6
200600016691,0006-03-08 18:00:00,6,3,8,18,0,910,115,CD 97 / CD 116,,,Crépuscule ou aube,Hors agglomération,Intersection en T,Temps couvert,Deux véhicules - côté,,,,,,,,,,,2,1,3,8,3
200600016692,0006-03-14 02:30:00,6,3,14,2,30,910,207,route nationale 20,,,Nuit sans éclairage public,Hors agglomération,Hors intersection,Normale,Deux véhicules - côté,,,,,,,,,,,3,1,1,1,3
200600016693,0006-03-20 14:30:00,6,3,20,14,30,910,41,,48.576,2.234,Plein jour,Hors agglomération,Autre intersection,Normale,Sans collision,,,,,,,,,,,1,1,9,1,7
200600016694,0006-03-21 22:30:00,6,3,21,22,30,910,41,,48.574,2.234,Nuit avec éclairage allumé,Hors agglomération,Hors intersection,Normale,Deux véhicules - arrière,,,,,,,,,,,5,1,1,1,2
200600016695,0006-03-24 14:15:00,6,3,24,14,15,910,207,,48.581,2.236,Plein jour,Hors agglomération,Hors intersection,Normale,Deux véhicules - côté,,,,,,,,,,,1,1,1,1,3
200600016696,0006-03-07 07:45:00,6,3,7,7,45,910,494,cd19,,,Crépuscule ou aube,Hors agglomération,Giratoire,Normale,Trois véhicules et plus - en chaîne,,,,,,,,,,,2,1,6,1,4
200600016697,0006-03-11 05:00:00,6,3,11,5,0,910,338,,48.64,2.05,Nuit sans éclairage public,Hors agglomération,Hors intersection,Normale,Autre collision,,,,,,,,,,,3,1,1,1,6
200600016698,0006-03-19 10:30:00,6,3,19,10,30,910,538,route du Golf,,,Plein jour,En agglomération,Hors intersection,Normale,Trois véhicules et plus - collisions multiples,,,,,,,,,,,1,2,1,1,5
200600016699,0006-03-13 18:15:00,6,3,13,18,15,950,119,RD14,,,Plein jour,Hors agglomération,Hors intersection,Normale,Deux véhicules - frontale,,,,,,,,,,,1,1,1,1,1
200600016700,0006-03-28 10:45:00,6,3,28,10,45,950,379,,,,Plein jour,Hors agglomération,Hors intersection,Normale,Autre collision,,,,,,,,,,,1,1,1,1,6
200600016701,0006-03-31 18:30:00,6,3,31,18,30,950,554,,,,Plein jour,Hors agglomération,Hors intersection,Normale,Autre collision,,,,,,,,,,,1,1,1,1,6
200600016702,0006-03-23 19:15:00,6,3,23,19,15,950,370,Jean Jaurès et rue Rémé,,,Crépuscule ou aube,En agglomération,Hors intersection,Normale,Deux véhicules - côté,,,,,,,,,,,2,2,1,1,3
200600016703,0006-03-13 15:45:00,6,3,13,15,45,950,395,RD 316,,,Plein jour,Hors agglomération,Hors intersection,Normale,Trois véhicules et plus - collisions multiples,,,,,,,,,,,1,1,1,1,5
200600016704,0006-03-07 10:05:00,6,3,7,10,5,770,453,nt kilométrique 23 + 350,48.536,2.738,Plein jour,Hors agglomération,Hors intersection,Normale,Deux véhicules - frontale,,,,,,,,,,,1,1,1,1,1
200600016705,0006-03-27 18:45:00,6,3,27,18,45,770,352,1 rue de la République,48.663,2.771,Plein jour,En agglomération,Intersection en X,Normale,Deux véhicules - côté,,,,,,,,,,,1,2,2,1,3
200600016706,0006-03-30 08:15:00,6,3,30,8,15,770,352,"RD319, PK 13+800",,,Plein jour,Hors agglomération,Hors intersection,Pluie légère,Deux véhicules - arrière,,,,,,,,,,,1,1,1,2,2
200600016707,0006-03-24 11:30:00,6,3,24,11,30,770,191,route de mlelun,48.561,2.955,Plein jour,En agglomération,Hors intersection,Normale,Deux véhicules - arrière,,,,,,,,,,,1,2,1,1,2
200600016708,0006-03-05 19:30:00,6,3,5,19,30,770,142,,48.861,2.923,Nuit avec éclairage allumé,Hors agglomération,Hors intersection,Normale,Deux véhicules - frontale,,,,,,,,,,,5,1,1,1,1
200600016709,0006-03-31 16:30:00,6,3,31,16,30,770,128,Avenue Alphonse Boulingr,48.893,2.855,Plein jour,En agglomération,Hors intersection,Normale,Deux véhicules - côté,,,,,,,,,,,1,2,1,1,3
200600016710,0006-03-08 17:00:00,6,3,8,17,0,770,240,,,,Plein jour,Hors agglomération,Hors intersection,Pluie forte,Sans collision,,,,,,,,,,,1,1,1,3,7
200600016711,0006-03-18 19:15:00,6,3,18,19,15,770,93,,48.79,3.37,Nuit sans éclairage public,Hors agglomération,Hors intersection,Normale,Sans collision,,,,,,,,,,,3,1,1,1,7
200600016712,0006-03-22 17:30:00,6,3,22,17,30,770,97,,48.76,3.27,Crépuscule ou aube,Hors agglomération,Hors intersection,Pluie légère,Autre collision,,,,,,,,,,,2,1,1,2,6
200600016713,0006-03-31 05:30:00,6,3,31,5,30,770,238,avenue de CHALONS,,,Nuit avec éclairage allumé,En agglomération,Autre intersection,Normale,Deux véhicules - frontale,,,,,,,,,,,5,2,9,1,1
200600016714,0006-03-04 17:00:00,6,3,4,17,0,770,45,Rte Corbeval/VC6,48.201,2.686,Plein jour,En agglomération,Hors intersection,Pluie légère,Autre collision,,,,,,,,,,,1,2,1,2,6
200600016715,0006-03-18 21:45:00,6,3,18,21,45,770,184,,48.32,2.924,Nuit sans éclairage public,Hors agglomération,Hors intersection,Normale,Autre collision,,,,,,,,,,,3,1,1,1,6
200600016716,0006-03-23 11:45:00,6,3,23,11,45,770,465,PK2+400,48.278,2.934,Plein jour,Hors agglomération,Intersection en X,Normale,Deux véhicules - côté,,,,,,,,,,,1,1,2,1,3
200600016717,0006-03-29 22:45:00,6,3,29,22,45,770,171,48 avenue Joffre,48.495,2.357,Nuit sans éclairage public,En agglomération,Hors intersection,Normale,Deux véhicules - arrière,,,,,,,,,,,3,2,1,1,2
200600016718,0006-03-08 17:45:00,6,3,8,17,45,770,203,,48.631,2.605,Plein jour,Hors agglomération,Hors intersection,Pluie légère,Deux véhicules - frontale,,,,,,,,,,,1,1,1,2,1
200600016719,0006-03-06 18:45:00,6,3,6,18,45,770,273,,49.086,2.297,Nuit sans éclairage public,Hors agglomération,Hors intersection,Normale,Deux véhicules - côté,,,,,,,,,,,3,1,1,1,3
200600016720,0006-03-21 05:15:00,6,3,21,5,15,770,32,02 ROUTE NATIONALE 4,48.703,3.241,Nuit avec éclairage allumé,En agglomération,Hors intersection,Normale,Autre collision,,,,,,,,,,,5,2,1,1,6
200600016721,0006-03-23 18:45:00,6,3,23,18,45,770,246,,48.562,3.383,Plein jour,Hors agglomération,Hors intersection,Normale,Autre collision,,,,,,,,,,,1,1,1,1,6
200600016722,0006-03-05 10:00:00,6,3,5,10,0,770,51,CD411 - CD79,,,Plein jour,Hors agglomération,Hors intersection,Temps éblouissant,Trois véhicules et plus - collisions multiples,,,,,,,,,,,1,1,1,7,5
200600016723,0006-03-05 15:20:00,6,3,5,15,20,770,327,RN 19 PK 39.700,,,Plein jour,Hors agglomération,Hors intersection,Normale,Sans collision,,,,,,,,,,,1,1,1,1,7
200600016724,0006-03-01 11:15:00,6,3,1,11,15,450,346,,,,Plein jour,Hors agglomération,Hors intersection,Normale,Sans collision,,,,,,,,,,,1,1,1,1,7
200600016725,0006-03-12 21:00:00,6,3,12,21,0,450,194,rue de la binette,47.892,2.056,Nuit sans éclairage public,En agglomération,Hors intersection,Normale,Autre collision,,,,,,,,,,,3,2,1,1,6
200600016726,0006-03-03 19:00:00,6,3,3,19,0,450,146,,,,Nuit sans éclairage public,Hors agglomération,Hors intersection,Pluie forte,Deux véhicules - frontale,,,,,,,,,,,3,1,1,3,1
200600016727,0006-03-05 17:30:00,6,3,5,17,30,450,108,,,,Plein jour,Hors agglomération,Hors intersection,Normale,Deux véhicules - côté,,,,,,,,,,,1,1,1,1,3
200600016728,0006-03-23 07:45:00,6,3,23,7,45,450,16,,,,Plein jour,Hors agglomération,Hors intersection,Normale,Autre collision,,,,,,,,,,,1,1,1,1,6
200600016729,0006-03-11 17:15:00,6,3,11,17,15,450,51,,,,Plein jour,Hors agglomération,Hors intersection,Normale,Trois véhicules et plus - collisions multiples,,,,,,,,,,,1,1,1,1,5
200600016730,0006-03-27 16:40:00,6,3,27,16,40,450,297,"CD 119, PK1",,,Plein jour,Hors agglomération,Hors intersection,Normale,Trois véhicules et plus - collisions multiples,,,,,,,,,,,1,1,1,1,5
200600016731,0006-03-30 15:00:00,6,3,30,15,0,450,247,Lieu dit La Jacquinière,48.0,2.67,Plein jour,En agglomération,Hors intersection,Pluie légère,Deux véhicules - côté,,,,,,,,,,,1,2,1,2,3
200600016732,0006-03-25 02:30:00,6,3,25,2,30,450,322,,48.032,2.885,Nuit sans éclairage public,Hors agglomération,Hors intersection,Pluie légère,Deux véhicules - frontale,,,,,,,,,,,3,1,1,2,1
200600016733,0006-03-28 00:35:00,6,3,28,0,35,450,257,RN 7,,,Nuit sans éclairage public,Hors agglomération,Hors intersection,Normale,Deux véhicules - côté,,,,,,,,,,,3,1,1,1,3
200600016734,0006-03-03 12:45:00,6,3,3,12,45,450,145,,,,Plein jour,Hors agglomération,Hors intersection,Normale,Autre collision,,,,,,,,,,,1,1,1,1,6
200600016735,0006-03-31 18:30:00,6,3,31,18,30,450,303,route du mesnil,48.111,2.591,Plein jour,Hors agglomération,Hors intersection,Pluie légère,Deux véhicules - frontale,,,,,,,,,,,1,1,1,2,1
200600016736,0006-03-06 12:45:00,6,3,6,12,45,450,252,CD 26,48.18,2.256,Plein jour,En agglomération,Hors intersection,Normale,Deux véhicules - frontale,,,,,,,,,,,1,2,1,1,1
200600016737,0006-03-20 16:00:00,6,3,20,16,0,450,252,,48.178,2.253,Plein jour,En agglomération,Hors intersection,Normale,Autre collision,,,,,,,,,,,1,2,1,1,6
200600016738,0006-03-28 12:45:00,6,3,28,12,45,450,252,rue des meuniers,48.181,2.261,Plein jour,En agglomération,Hors intersection,Pluie forte,Autre collision,,,,,,,,,,,1,2,1,3,6
200600016739,0006-03-29 15:45:00,6,3,29,15,45,450,253,CD927,,,Plein jour,Hors agglomération,Hors intersection,Normale,Autre collision,,,,,,,,,,,1,1,1,1,6
200600016740,0006-03-08 20:45:00,6,3,8,20,45,450,41,,,,Nuit sans éclairage public,Hors agglomération,Hors intersection,Pluie légère,Autre collision,,,,,,,,,,,3,1,1,2,6
200600016741,0006-03-24 23:45:00,6,3,24,23,45,450,258,Faubourg St Père,48.207,2.488,Nuit avec éclairage allumé,En agglomération,Intersection en X,Normale,Deux véhicules - côté,,,,,,,,,,,5,2,2,1,3
200600016742,0006-03-29 22:15:00,6,3,29,22,15,450,258,ersection CD 28 et CV 12,,,Nuit sans éclairage public,Hors agglomération,Intersection en Y,Normale,Deux véhicules - frontale,,,,,,,,,,,3,1,4,1,1
200600016743,0006-03-12 13:25:00,6,3,12,13,25,180,75,"D12, ""route de Nevers""",,,Plein jour,En agglomération,Hors intersection,Normale,Deux véhicules - frontale,,,,,,,,,,,1,2,1,1,1
200600016744,0006-03-21 07:45:00,6,3,21,7,45,180,215,,47.019,2.906,Crépuscule ou aube,Hors agglomération,Hors intersection,Temps couvert,Deux véhicules - frontale,,,,,,,,,,,2,1,1,8,1
200600016745,0006-03-09 15:45:00,6,3,9,15,45,180,20,,,,Plein jour,Hors agglomération,Hors intersection,Pluie légère,Deux véhicules - frontale,,,,,,,,,,,1,1,1,2,1
200600016746,0006-03-13 19:45:00,6,3,13,19,45,180,197,rue nationale,46.72,2.5,Nuit avec éclairage allumé,En agglomération,Autre intersection,Normale,Deux véhicules - côté,,,,,,,,,,,5,2,9,1,3
200600016747,0006-03-15 21:30:00,6,3,15,21,30,180,197,rue du champs nadot,,,Nuit avec éclairage allumé,En agglomération,Hors intersection,Normale,Sans collision,,,,,,,,,,,5,2,1,1,7
200600016748,0006-03-16 11:45:00,6,3,16,11,45,180,108,rue de massay,,,Plein jour,En agglomération,Hors intersection,Normale,Autre collision,,,,,,,,,,,1,2,1,1,6
200600016749,0006-03-06 21:45:00,6,3,6,21,45,180,67,DEPARTEMENTALE 7,,,Nuit sans éclairage public,Hors agglomération,Hors intersection,Normale,Deux véhicules - frontale,,,,,,,,,,,3,1,1,1,1
200600016750,0006-03-11 11:30:00,6,3,11,11,30,180,15,rue de la république,,,Plein jour,En agglomération,Hors intersection,Normale,Deux véhicules - arrière,,,,,,,,,,,1,2,1,1,2
200600016751,0006-03-19 09:15:00,6,3,19,9,15,180,138,,,,Plein jour,Hors agglomération,Hors intersection,Normale,Sans collision,,,,,,,,,,,1,1,1,1,7
200600016752,0006-03-03 08:30:00,6,3,3,8,30,180,223,Rue du Commerce,,,Plein jour,En agglomération,Hors intersection,Normale,Autre collision,,,,,,,,,,,1,2,1,1,6
200600016753,0006-03-27 04:45:00,6,3,27,4,45,180,97,"08, route de MENETOU",47.143,2.434,Nuit avec éclairage allumé,En agglomération,Hors intersection,Pluie légère,Autre collision,,,,,,,,,,,5,2,1,2,6
200600016754,0006-03-28 18:00:00,6,3,28,18,0,280,158,,48.42,1.437,Plein jour,Hors agglomération,Hors intersection,Normale,Deux véhicules - frontale,,,,,,,,,,,1,1,1,1,1
200600016755,0006-03-28 08:15:00,6,3,28,8,15,280,220,,48.422,1.447,Plein jour,Hors agglomération,Giratoire,Normale,Deux véhicules - côté,,,,,,,,,,,1,1,6,1,3
200600016756,0006-03-09 16:30:00,6,3,9,16,30,280,191,RUE DE LA BARRE,,,Plein jour,En agglomération,Autre intersection,Temps couvert,Autre collision,,,,,,,,,,,1,2,9,8,6
200600016757,0006-03-28 17:15:00,6,3,28,17,15,280,140,ue Nouvelle du Sycomore,,,Plein jour,En agglomération,Intersection en T,Pluie forte,Deux véhicules - frontale,,,,,,,,,,,1,2,3,3,1
200600016758,0006-03-10 14:30:00,6,3,10,14,30,280,391,,48.198,1.935,Plein jour,Hors agglomération,Intersection en X,Normale,Deux véhicules - côté,,,,,,,,,,,1,1,2,1,3
200600016759,0006-03-31 22:25:00,6,3,31,22,25,280,422,ulevard Maurice VIOLETTE,,,Nuit avec éclairage allumé,En agglomération,Hors intersection,Normale,Deux véhicules - côté,,,,,,,,,,,5,2,1,1,3
200600016760,0006-03-05 06:00:00,6,3,5,6,0,280,295,Axe D31,,,Crépuscule ou aube,Hors agglomération,Hors intersection,Autre,Sans collision,,,,,,,,,,,2,1,1,9,7
200600016761,0006-03-17 19:45:00,6,3,17,19,45,280,17,,,,Nuit sans éclairage public,Hors agglomération,Autre intersection,Normale,Autre collision,,,,,,,,,,,3,1,9,1,6
200600016762,0006-03-18 04:30:00,6,3,18,4,30,280,103,34 rue du 8 mai 1945,48.001,1.237,Nuit avec éclairage allumé,En agglomération,Hors intersection,Normale,Autre collision,,,,,,,,,,,5,2,1,1,6
200600016763,0006-03-13 23:15:00,6,3,13,23,15,280,359,RUE DE LA GARE,,,Nuit avec éclairage allumé,En agglomération,Hors intersection,Normale,Autre collision,,,,,,,,,,,5,2,1,1,6
200600016764,0006-03-01 23:15:00,6,3,1,23,15,280,377,rue jean moreau,48.838,1.366,Nuit avec éclairage allumé,En agglomération,Hors intersection,Autre,Autre collision,,,,,,,,,,,5,2,1,9,6
200600016765,0006-03-03 01:45:00,6,3,3,1,45,280,187,,48.918,1.461,Nuit sans éclairage public,Hors agglomération,Intersection en X,Normale,Deux véhicules - côté,,,,,,,,,,,3,1,2,1,3
200600016766,0006-03-08 16:30:00,6,3,8,16,30,280,1,ROUTE DE DREUX,48.776,1.431,Plein jour,En agglomération,Hors intersection,Normale,Deux véhicules - côté,,,,,,,,,,,1,2,1,1,3
200600016767,0006-03-04 10:00:00,6,3,4,10,0,280,31,,,,Plein jour,Hors agglomération,Hors intersection,Neige / grêle,Autre collision,,,,,,,,,,,1,1,1,4,6
200600016768,0006-03-17 07:30:00,6,3,17,7,30,280,280,Rue gouverneur,,,Plein jour,En agglomération,Hors intersection,Normale,Deux véhicules - arrière,,,,,,,,,,,1,2,1,1,2
200600016769,0006-03-26 20:30:00,6,3,26,20,30,280,280,Saint Pierre La Bruyère,,,Plein jour,Hors agglomération,Hors intersection,Normale,Deux véhicules - frontale,,,,,,,,,,,1,1,1,1,1
200600016770,0006-03-25 16:20:00,6,3,25,16,20,280,331,La crois des brûlons,,,Plein jour,Hors agglomération,Hors intersection,Temps couvert,Autre collision,,,,,,,,,,,1,1,1,8,6
200600016771,0006-03-04 12:45:00,6,3,4,12,45,360,247,,46.935,1.634,Plein jour,Hors agglomération,Hors intersection,Neige / grêle,Deux véhicules - arrière,,,,,,,,,,,1,1,1,4,2
200600016772,0006-03-18 19:00:00,6,3,18,19,0,360,142,"RD 80, PR 27 + 090",,,Crépuscule ou aube,Hors agglomération,Hors intersection,Normale,Autre collision,,,,,,,,,,,2,1,1,1,6
200600016773,0006-03-27 16:30:00,6,3,27,16,30,360,142,"RD 80, PR 58 + 300",,,Plein jour,Hors agglomération,Hors intersection,Normale,Deux véhicules - frontale,,,,,,,,,,,1,1,1,1,1
200600016774,0006-03-30 15:00:00,6,3,30,15,0,360,247,,,,Plein jour,Hors agglomération,Hors intersection,Pluie forte,Deux véhicules - frontale,,,,,,,,,,,1,1,1,3,1
200600016775,0006-03-17 13:05:00,6,3,17,13,5,360,6,chemin du stade du lycée,,,Plein jour,En agglomération,Hors intersection,Normale,Trois véhicules et plus - collisions multiples,,,,,,,,,,,1,2,1,1,5
200600016776,0006-03-20 17:15:00,6,3,20,17,15,360,168,Route de bélâbre,,,Plein jour,En agglomération,Hors intersection,Pluie forte,Autre collision,,,,,,,,,,,1,2,1,3,6
200600016777,0006-03-24 14:30:00,6,3,24,14,30,360,53,,,,Plein jour,Hors agglomération,Hors intersection,Pluie légère,Deux véhicules - côté,,,,,,,,,,,1,1,1,2,3
200600016778,0006-03-23 17:30:00,6,3,23,17,30,360,90,,,,Plein jour,Hors agglomération,Hors intersection,Normale,Deux véhicules - côté,,,,,,,,,,,1,1,1,1,3
200600016779,0006-03-28 12:15:00,6,3,28,12,15,360,31,rue des Hervaux,46.891,1.417,Plein jour,En agglomération,Hors intersection,Pluie forte,Autre collision,,,,,,,,,,,1,2,1,3,6
200600016780,0006-03-17 15:45:00,6,3,17,15,45,360,162,,47.155,1.661,Plein jour,Hors agglomération,Hors intersection,Normale,Deux véhicules - frontale,,,,,,,,,,,1,1,1,1,1
200600016781,0006-03-17 19:30:00,6,3,17,19,30,360,204,,,,Crépuscule ou aube,Hors agglomération,Hors intersection,Normale,Autre collision,,,,,,,,,,,2,1,1,1,6
200600016782,0006-03-24 07:45:00,6,3,24,7,45,360,18,Avenue Gambetta,46.64,1.065,Crépuscule ou aube,En agglomération,Hors intersection,Pluie légère,Deux véhicules - arrière,,,,,,,,,,,2,2,1,2,2
200600016783,0006-03-05 10:45:00,6,3,5,10,45,360,127,Route de Châteauroux,,,Plein jour,En agglomération,Hors intersection,Normale,Deux véhicules - côté,,,,,,,,,,,1,2,1,1,3
200600016784,0006-03-12 15:45:00,6,3,12,15,45,360,146,,46.47,1.67,Plein jour,En agglomération,Hors intersection,Temps éblouissant,Deux véhicules - frontale,,,,,,,,,,,1,2,1,7,1
200600016785,0006-03-26 11:15:00,6,3,26,11,15,360,207,,46.455,1.65,Plein jour,Hors agglomération,Hors intersection,Normale,Autre collision,,,,,,,,,,,1,1,1,1,6
200600016786,0006-03-11 18:30:00,6,3,11,18,30,360,88,cd 9 route de migny,,,Nuit sans éclairage public,Hors agglomération,Hors intersection,Normale,Autre collision,,,,,,,,,,,3,1,1,1,6
200600016787,0006-03-18 23:15:00,6,3,18,23,15,370,109,RUE DES GUILLETS,47.399,0.614,Nuit sans éclairage public,En agglomération,Hors intersection,Normale,Sans collision,,,,,,,,,,,3,2,1,1,7
200600016788,0006-03-17 05:15:00,6,3,17,5,15,370,245,,47.504,0.601,Nuit sans éclairage public,Hors agglomération,Hors intersection,Normale,Autre collision,,,,,,,,,,,3,1,1,1,6
200600016789,0006-03-07 17:00:00,6,3,7,17,0,370,58,,,,Plein jour,Hors agglomération,Hors intersection,Normale,Deux véhicules - frontale,,,,,,,,,,,1,1,1,1,1
200600016790,0006-03-12 17:45:00,6,3,12,17,45,370,11,,,,Plein jour,Hors agglomération,Intersection en X,Normale,Deux véhicules - côté,,,,,,,,,,,1,1,2,1,3
200600016791,0006-03-19 03:00:00,6,3,19,3,0,370,210,,,,Nuit sans éclairage public,Hors agglomération,Hors intersection,Autre,Deux véhicules - côté,,,,,,,,,,,3,1,1,9,3
200600016792,0006-03-26 15:10:00,6,3,26,15,10,370,77,23 rue de Tours,47.356,0.474,Plein jour,En agglomération,Hors intersection,Normale,Autre collision,,,,,,,,,,,1,2,1,1,6
200600016793,0006-03-31 19:15:00,6,3,31,19,15,370,123,La roche,,,Plein jour,Hors agglomération,Hors intersection,Normale,Deux véhicules - arrière,,,,,,,,,,,1,1,1,1,2
200600016794,0006-03-08 21:45:00,6,3,8,21,45,370,180,,47.107,0.476,Nuit avec éclairage allumé,Hors agglomération,Hors intersection,Pluie légère,Autre collision,,,,,,,,,,,5,1,1,2,6
200600016795,0006-03-28 07:40:00,6,3,28,7,40,370,212,section RN.10 et RD.101,,,Plein jour,Hors agglomération,Hors intersection,Pluie forte,Deux véhicules - côté,,,,,,,,,,,1,1,1,3,3
200600016796,0006-03-26 13:30:00,6,3,26,13,30,370,282,CD 725,,,Plein jour,Hors agglomération,Hors intersection,Normale,Autre collision,,,,,,,,,,,1,1,1,1,6
200600016797,0006-03-14 08:45:00,6,3,14,8,45,370,6,,47.273,0.583,Plein jour,Hors agglomération,Hors intersection,Normale,Autre collision,,,,,,,,,,,1,1,1,1,6
200600016798,0006-03-18 18:10:00,6,3,18,18,10,370,159,RUE DE VAL DE L'INDRE,47.282,0.623,Plein jour,En agglomération,Hors intersection,Normale,Sans collision,,,,,,,,,,,1,2,1,1,7
200600016799,0006-03-01 08:00:00,6,3,1,8,0,410,45,,,,Plein jour,Hors agglomération,Hors intersection,Normale,Sans collision,,,,,,,,,,,1,1,1,1,7
200600016800,0006-03-06 08:15:00,6,3,6,8,15,410,29,,,,Plein jour,Hors agglomération,Hors intersection,Autre,Sans collision,,,,,,,,,,,1,1,1,9,7
200600016801,0006-03-24 05:00:00,6,3,24,5,0,410,69,,,,Nuit sans éclairage public,Hors agglomération,Hors intersection,Normale,Deux véhicules - frontale,,,,,,,,,,,3,1,1,1,1
200600016802,0006-03-18 20:45:00,6,3,18,20,45,410,51,D 115,,,Nuit sans éclairage public,Hors agglomération,Hors intersection,Normale,Deux véhicules - frontale,,,,,,,,,,,3,1,1,1,1
200600016803,0006-03-20 16:15:00,6,3,20,16,15,410,231,Lieu-dit Courmême,,,Plein jour,Hors agglomération,Hors intersection,Normale,Sans collision,,,,,,,,,,,1,1,1,1,7
200600016804,0006-03-04 14:30:00,6,3,4,14,30,410,140,,,,Plein jour,Hors agglomération,Hors intersection,Neige / grêle,Deux véhicules - frontale,,,,,,,,,,,1,1,1,4,1
200600016805,0006-03-09 19:15:00,6,3,9,19,15,410,10,,47.842,0.992,Crépuscule ou aube,Hors agglomération,Hors intersection,Vent fort / tempête,Deux véhicules - côté,,,,,,,,,,,2,1,1,6,3
200600016806,0006-03-09 15:15:00,6,3,9,15,15,410,248,,,,Plein jour,Hors agglomération,Hors intersection,Normale,Autre collision,,,,,,,,,,,1,1,1,1,6
200600016807,0006-03-13 15:00:00,6,3,13,15,0,410,5,,,,Plein jour,Hors agglomération,Hors intersection,Normale,Autre collision,,,,,,,,,,,1,1,1,1,6
200600016808,0006-03-16 11:00:00,6,3,16,11,0,290,147,82 Sens QUIMPER-LORIENT,,,Plein jour,Hors agglomération,Hors intersection,Normale,Deux véhicules - arrière,,,,,,,,,,,1,1,1,1,2