accident_id,datetime,annee,mois,jour,heure,minute,departement,commune_insee,adresse,latitude,longitude,luminosite,agglomeration,intersection,meteo,collision,nb_vehicules,nb_usagers,nb_indemnes,nb_tues,nb_blesses_hosp,nb_blesses_legers,age_cond_1,age_cond_2,veh_type_cond_1,veh_type_cond_2,lum_code,agg_code,int_code,atm_code,col_code
200600017080,0006-04-29 15:30:00,6,4,29,15,30,620,374,rue de Bihucourt,,,Plein jour,En agglomération,Hors intersection,Normale,Autre collision,,,,,,,,,,,1,2,1,1,6
200600017081,0006-04-13 22:15:00,6,4,13,22,15,620,770,CD 937,,,Nuit sans éclairage public,En agglomération,Hors intersection,Normale,Sans collision,,,,,,,,,,,3,2,1,1,7
200600017082,0006-04-13 08:00:00,6,4,13,8,0,620,473,,50.628,2.452,Plein jour,Hors agglomération,Hors intersection,Normale,Deux véhicules - frontale,,,,,,,,,,,1,1,1,1,1
200600017083,0006-04-08 15:00:00,6,4,8,15,0,620,233,CD143,,,Plein jour,En agglomération,Hors intersection,Normale,Deux véhicules - côté,,,,,,,,,,,1,2,1,1,3
200600017084,0006-04-22 08:30:00,6,4,22,8,30,620,318,ulevard de l'Impératrice,,,Plein jour,En agglomération,Hors intersection,Normale,Deux véhicules - côté,,,,,,,,,,,1,2,1,1,3
200600017085,0006-04-07 19:00:00,6,4,7,19,0,620,501,CD 349,,,Plein jour,En agglomération,Hors intersection,Normale,Deux véhicules - arrière,,,,,,,,,,,1,2,1,1,2
200600017086,0006-04-08 06:15:00,6,4,8,6,15,620,752,,50.485,1.65,Nuit sans éclairage public,Hors agglomération,Hors intersection,Normale,Deux véhicules - frontale,,,,,,,,,,,3,1,1,1,1
200600017087,0006-04-29 13:45:00,6,4,29,13,45,620,752,"au lieu-dit "" Le Tertre""",50.486,1.67,Plein jour,Hors agglomération,Hors intersection,Normale,Deux véhicules - côté,,,,,,,,,,,1,1,1,1,3
200600017088,0006-04-29 15:45:00,6,4,29,15,45,620,543,CD 157 - Hameau de CRECQ,50.638,2.325,Plein jour,En agglomération,Hors intersection,Normale,Deux véhicules - frontale,,,,,,,,,,,1,2,1,1,1
200600017089,0006-04-09 06:45:00,6,4,9,6,45,620,229,Route Nationale,50.656,2.177,Crépuscule ou aube,En agglomération,Hors intersection,Normale,Sans collision,,,,,,,,,,,2,2,1,1,7
200600017090,0006-04-16 17:40:00,6,4,16,17,40,620,325,rue de RENTY,50.602,2.093,Plein jour,En agglomération,Hors intersection,Normale,Sans collision,,,,,,,,,,,1,2,1,1,7
200600017091,0006-04-10 19:45:00,6,4,10,19,45,620,675,,,,Crépuscule ou aube,Hors agglomération,Hors intersection,Normale,Deux véhicules - frontale,,,,,,,,,,,2,1,1,1,1
200600017092,0006-04-22 20:00:00,6,4,22,20,0,620,88,,,,Plein jour,Hors agglomération,Hors intersection,Temps éblouissant,Autre collision,,,,,,,,,,,1,1,1,7,6
200600017093,0006-04-07 15:15:00,6,4,7,15,15,620,767,Rue du Général de Gaulle,50.385,2.337,Plein jour,En agglomération,Hors intersection,Normale,Deux véhicules - côté,,,,,,,,,,,1,2,1,1,3
200600017094,0006-04-06 17:10:00,6,4,6,17,10,620,767,rue René Cassin,,,Plein jour,En agglomération,Hors intersection,Normale,Deux véhicules - côté,,,,,,,,,,,1,2,1,1,3
200600017095,0006-04-15 11:00:00,6,4,15,11,0,620,677,rue d'Auxi,50.339,2.053,Plein jour,En agglomération,Hors intersection,Normale,Deux véhicules - côté,,,,,,,,,,,1,2,1,1,3
200600017096,0006-04-10 11:00:00,6,4,10,11,0,620,86,,50.22,2.568,Plein jour,Hors agglomération,Intersection en X,Normale,Deux véhicules - côté,,,,,,,,,,,1,1,2,1,3
200600017097,0006-04-06 14:00:00,6,4,6,14,0,620,513,,50.284,2.266,Plein jour,Hors agglomération,Hors intersection,Normale,Autre collision,,,,,,,,,,,1,1,1,1,6
200600017098,0006-04-22 04:15:00,6,4,22,4,15,620,60,CD 119,50.239,2.113,Nuit sans éclairage public,Hors agglomération,Hors intersection,Normale,Autre collision,,,,,,,,,,,3,1,1,1,6
200600017099,0006-04-23 08:15:00,6,4,23,8,15,620,513,CD340 PR+0,50.283,2.272,Plein jour,En agglomération,Giratoire,Normale,Sans collision,,,,,,,,,,,1,2,6,1,7
200600017100,0006-04-07 00:01:00,6,4,7,0,1,800,156,CD1,,,Plein jour,Hors agglomération,Hors intersection,Normale,Deux véhicules - frontale,,,,,,,,,,,1,1,1,1,1
200600017101,0006-04-16 13:55:00,6,4,16,13,55,800,36,CD 1,,,Plein jour,Hors agglomération,Hors intersection,Normale,Deux véhicules - frontale,,,,,,,,,,,1,1,1,1,1
200600017102,0006-04-26 21:30:00,6,4,26,21,30,800,820,rue du Général Leclerc,,,Nuit avec éclairage allumé,En agglomération,Intersection en X,Normale,Deux véhicules - frontale,,,,,,,,,,,5,2,2,1,1
200600017103,0006-04-02 17:00:00,6,4,2,17,0,800,732,,49.892,1.723,Plein jour,Hors agglomération,Hors intersection,Normale,Deux véhicules - côté,,,,,,,,,,,1,1,1,1,3
200600017104,0006-04-04 17:30:00,6,4,4,17,30,800,62,,,,Plein jour,Hors agglomération,Hors intersection,Normale,Deux véhicules - frontale,,,,,,,,,,,1,1,1,1,1
200600017105,0006-04-27 16:15:00,6,4,27,16,15,800,587,CD 1015,,,Plein jour,Hors agglomération,Hors intersection,Normale,Deux véhicules - côté,,,,,,,,,,,1,1,1,1,3
200600017106,0006-04-30 12:30:00,6,4,30,12,30,800,606,CD 29,,,Plein jour,Hors agglomération,Intersection en X,Pluie légère,Deux véhicules - frontale,,,,,,,,,,,1,1,2,2,1
200600017107,0006-04-22 06:45:00,6,4,22,6,45,800,424,33 rue de Paris,,,Crépuscule ou aube,En agglomération,Hors intersection,Normale,Deux véhicules - frontale,,,,,,,,,,,2,2,1,1,1
200600017108,0006-04-27 17:30:00,6,4,27,17,30,800,399,,,,Plein jour,Hors agglomération,Intersection en X,Normale,Deux véhicules - frontale,,,,,,,,,,,1,1,2,1,1
200600017109,0006-04-28 16:00:00,6,4,28,16,0,800,11,rue Jean Catelas à haute,49.927,2.207,Plein jour,En agglomération,Hors intersection,Normale,Deux véhicules - frontale,,,,,,,,,,,1,2,1,1,1
200600017110,0006-04-09 17:50:00,6,4,9,17,50,800,78,,50.089,1.928,Plein jour,Hors agglomération,Intersection en T,Normale,Trois véhicules et plus - collisions multiples,,,,,,,,,,,1,1,3,1,5
200600017111,0006-04-13 13:30:00,6,4,13,13,30,800,308,,50.062,1.626,Plein jour,Hors agglomération,Hors intersection,Vent fort / tempête,Deux véhicules - arrière,,,,,,,,,,,1,1,1,6,2
200600017112,0006-04-04 13:45:00,6,4,4,13,45,800,477,,50.299,1.873,Plein jour,Hors agglomération,Hors intersection,Normale,Deux véhicules - côté,,,,,,,,,,,1,1,1,1,3
200600017113,0006-04-30 14:30:00,6,4,30,14,30,800,654,TUNCH et de VAUDRICOURT,,,Plein jour,En agglomération,Hors intersection,Normale,Trois véhicules et plus - collisions multiples,,,,,,,,,,,1,2,1,1,5
200600017114,0006-04-04 18:30:00,6,4,4,18,30,800,545,,49.793,2.574,Plein jour,Hors agglomération,Hors intersection,Normale,Deux véhicules - côté,,,,,,,,,,,1,1,1,1,3
200600017115,0006-04-08 14:30:00,6,4,8,14,30,800,628,17 Rue de l'Hérelle,,,Plein jour,En agglomération,Hors intersection,Normale,Autre collision,,,,,,,,,,,1,2,1,1,6
200600017116,0006-04-24 17:30:00,6,4,24,17,30,800,415,rue du Chateau,,,Plein jour,En agglomération,Hors intersection,Normale,Deux véhicules - frontale,,,,,,,,,,,1,2,1,1,1
200600017117,0006-04-14 05:30:00,6,4,14,5,30,800,10,Rue Sadi Carnot,49.758,2.353,Nuit avec éclairage allumé,En agglomération,Hors intersection,Pluie légère,Deux véhicules - arrière,,,,,,,,,,,5,2,1,2,2
200600017118,0006-04-06 19:00:00,6,4,6,19,0,800,240,,,,Plein jour,Hors agglomération,Hors intersection,Normale,Deux véhicules - côté,,,,,,,,,,,1,1,1,1,3
200600017119,0006-04-29 19:00:00,6,4,29,19,0,800,620,rue faubourg de Paris.,,,Plein jour,En agglomération,Hors intersection,Normale,Autre collision,,,,,,,,,,,1,2,1,1,6
200600017120,0006-04-04 11:45:00,6,4,4,11,45,800,417,,,,Plein jour,Hors agglomération,Hors intersection,Normale,Deux véhicules - frontale,,,,,,,,,,,1,1,1,1,1
200600017121,0006-04-20 17:45:00,6,4,20,17,45,800,481,,49.819,2.752,Plein jour,Hors agglomération,Hors intersection,Normale,Sans collision,,,,,,,,,,,1,1,1,1,7
200600017122,0006-04-21 20:00:00,6,4,21,20,0,800,186,,49.808,2.797,Plein jour,Hors agglomération,Hors intersection,Normale,Deux véhicules - frontale,,,,,,,,,,,1,1,1,1,1
200600017123,0006-04-02 04:15:00,6,4,2,4,15,20,217,,,,Nuit sans éclairage public,Hors agglomération,Hors intersection,Normale,Autre collision,,,,,,,,,,,3,1,1,1,6
200600017124,0006-04-05 06:45:00,6,4,5,6,45,20,498,rue du prieuré,49.538,3.829,Crépuscule ou aube,En agglomération,Hors intersection,Normale,Autre collision,,,,,,,,,,,2,2,1,1,6
200600017125,0006-04-23 16:45:00,6,4,23,16,45,20,97,cd59,,,Plein jour,Hors agglomération,Hors intersection,Normale,Sans collision,,,,,,,,,,,1,1,1,1,7
200600017126,0006-04-22 18:15:00,6,4,22,18,15,20,147,,,,Plein jour,Hors agglomération,Hors intersection,Normale,Autre collision,,,,,,,,,,,1,1,1,1,6
200600017127,0006-04-10 11:30:00,6,4,10,11,30,20,303,,,,Plein jour,Hors agglomération,Intersection en X,Normale,Deux véhicules - côté,,,,,,,,,,,1,1,2,1,3
200600017128,0006-04-11 08:45:00,6,4,11,8,45,20,330,,,,Plein jour,Hors agglomération,Intersection en X,Normale,Deux véhicules - arrière,,,,,,,,,,,1,1,2,1,2
200600017129,0006-04-21 21:45:00,6,4,21,21,45,20,382,RUE FOCH,,,Crépuscule ou aube,En agglomération,Hors intersection,Normale,Autre collision,,,,,,,,,,,2,2,1,1,6
200600017130,0006-04-25 13:30:00,6,4,25,13,30,20,29,devant le 20 grand rue,49.862,3.173,Plein jour,En agglomération,Hors intersection,Normale,Deux véhicules - frontale,,,,,,,,,,,1,2,1,1,1
200600017131,0006-04-10 13:00:00,6,4,10,13,0,20,95,rue fagard,49.994,3.453,Plein jour,En agglomération,Hors intersection,Normale,Deux véhicules - frontale,,,,,,,,,,,1,2,1,1,1
200600017132,0006-04-06 19:00:00,6,4,6,19,0,20,387,,49.795,3.366,Plein jour,Hors agglomération,Hors intersection,Normale,Deux véhicules - côté,,,,,,,,,,,1,1,1,1,3
200600017133,0006-04-11 12:30:00,6,4,11,12,30,20,648,CD131,49.819,3.48,Plein jour,Hors agglomération,Hors intersection,Normale,Sans collision,,,,,,,,,,,1,1,1,1,7
200600017134,0006-04-13 18:30:00,6,4,13,18,30,20,249,,,,Plein jour,Hors agglomération,Hors intersection,Normale,Deux véhicules - arrière,,,,,,,,,,,1,1,1,1,2
200600017135,0006-04-28 22:15:00,6,4,28,22,15,20,739,,,,Nuit sans éclairage public,Hors agglomération,Hors intersection,Normale,Deux véhicules - frontale,,,,,,,,,,,3,1,1,1,1
200600017136,0006-04-25 23:30:00,6,4,25,23,30,20,495,CD 753,49.98,4.051,Nuit avec éclairage non allumé,Hors agglomération,Hors intersection,Pluie légère,Deux véhicules - frontale,,,,,,,,,,,4,1,1,2,1
200600017137,0006-04-20 06:55:00,6,4,20,6,55,600,95,CD 981,,,Plein jour,Hors agglomération,Hors intersection,Brouillard / fumée,Deux véhicules - côté,,,,,,,,,,,1,1,1,5,3
200600017138,0006-04-08 19:45:00,6,4,8,19,45,600,605,rue des Baillons,,,Plein jour,En agglomération,Hors intersection,Normale,Deux véhicules - côté,,,,,,,,,,,1,2,1,1,3
200600017139,0006-04-13 01:30:00,6,4,13,1,30,600,194,,,,Nuit sans éclairage public,Hors agglomération,Hors intersection,Normale,Sans collision,,,,,,,,,,,3,1,1,1,7
200600017140,0006-04-09 08:45:00,6,4,9,8,45,600,4,cd901,,,Plein jour,En agglomération,Hors intersection,Normale,Sans collision,,,,,,,,,,,1,2,1,1,7
200600017141,0006-04-07 17:45:00,6,4,7,17,45,600,366,,,,Plein jour,Hors agglomération,Hors intersection,Temps éblouissant,Deux véhicules - arrière,,,,,,,,,,,1,1,1,7,2
200600017142,0006-04-24 16:15:00,6,4,24,16,15,600,7,,,,Plein jour,Hors agglomération,Hors intersection,Normale,Sans collision,,,,,,,,,,,1,1,1,1,7
200600017143,0006-04-26 16:40:00,6,4,26,16,40,600,157,Rue de Paris,,,Plein jour,En agglomération,Hors intersection,Normale,Deux véhicules - arrière,,,,,,,,,,,1,2,1,1,2
200600017144,0006-04-02 01:30:00,6,4,2,1,30,600,16,R.D.929 - PK 28+050,,,Nuit sans éclairage public,Hors agglomération,Hors intersection,Normale,Deux véhicules - côté,,,,,,,,,,,3,1,1,1,3
200600017145,0006-04-28 19:30:00,6,4,28,19,30,600,15,,,,Plein jour,Hors agglomération,Hors intersection,Normale,Sans collision,,,,,,,,,,,1,1,1,1,7
200600017146,0006-04-26 15:15:00,6,4,26,15,15,600,581,Rue Brunehaut,,,Plein jour,En agglomération,Intersection en T,Normale,Deux véhicules - frontale,,,,,,,,,,,1,2,3,1,1
200600017147,0006-04-29 16:00:00,6,4,29,16,0,600,581,rue jean moulin,49.513,2.43,Plein jour,En agglomération,Hors intersection,Normale,Autre collision,,,,,,,,,,,1,2,1,1,6
200600017148,0006-04-16 19:00:00,6,4,16,19,0,600,188,rue ST ELOI,49.39,3.009,Plein jour,En agglomération,Autre intersection,Normale,Deux véhicules - frontale,,,,,,,,,,,1,2,9,1,1
200600017149,0006-04-22 19:30:00,6,4,22,19,30,600,64,19 RUE DES CHIENS ROUGES,,,Plein jour,En agglomération,Hors intersection,Normale,Autre collision,,,,,,,,,,,1,2,1,1,6
200600017150,0006-04-08 18:15:00,6,4,8,18,15,600,392,,49.493,2.86,Plein jour,Hors agglomération,Hors intersection,Pluie légère,Deux véhicules - frontale,,,,,,,,,,,1,1,1,2,1
200600017151,0006-04-28 22:00:00,6,4,28,22,0,600,119,"e RN 32, désormais RD932",,,Nuit avec éclairage allumé,Hors agglomération,Hors intersection,Normale,Trois véhicules et plus - collisions multiples,,,,,,,,,,,5,1,1,1,5
200600017152,0006-04-07 08:00:00,6,4,7,8,0,600,386,,49.509,2.728,Plein jour,Hors agglomération,Intersection en T,Normale,Deux véhicules - côté,,,,,,,,,,,1,1,3,1,3
200600017153,0006-04-07 14:00:00,6,4,7,14,0,600,53,cd 24,,,Plein jour,Hors agglomération,Hors intersection,Normale,Sans collision,,,,,,,,,,,1,1,1,1,7
200600017154,0006-04-21 15:30:00,6,4,21,15,30,600,471,Carrefour du Guidon,,,Plein jour,En agglomération,Hors intersection,Normale,Deux véhicules - côté,,,,,,,,,,,1,2,1,1,3
200600017155,0006-04-02 21:00:00,6,4,2,21,0,570,323,rue PATTON,49.409,6.158,Nuit avec éclairage allumé,En agglomération,Hors intersection,Normale,Autre collision,,,,,,,,,,,5,2,1,1,6
200600017156,0006-04-06 11:00:00,6,4,6,11,0,570,557,Carrefour RD1 et RD 57,49.491,6.283,Plein jour,Hors agglomération,Hors intersection,Normale,Trois véhicules et plus - collisions multiples,,,,,,,,,,,1,1,1,1,5
200600017157,0006-04-24 18:00:00,6,4,24,18,0,570,282,rue du Acker,49.5,6.17,Plein jour,En agglomération,Hors intersection,Normale,Deux véhicules - frontale,,,,,,,,,,,1,2,1,1,1
200600017158,0006-04-02 20:45:00,6,4,2,20,45,600,279,RN2,,,Nuit sans éclairage public,Hors agglomération,Hors intersection,Normale,Trois véhicules et plus - collisions multiples,,,,,,,,,,,3,1,1,1,5
200600017159,0006-04-23 11:15:00,6,4,23,11,15,600,358,CD 332,,,Plein jour,Hors agglomération,Intersection en X,Normale,Autre collision,,,,,,,,,,,1,1,2,1,6
200600017160,0006-04-27 13:00:00,6,4,27,13,0,600,259,route de BEAUMONT,,,Plein jour,Hors agglomération,Hors intersection,Normale,Autre collision,,,,,,,,,,,1,1,1,1,6
200600017161,0006-04-11 07:45:00,6,4,11,7,45,600,346,rue Michel Bléret,,,Plein jour,En agglomération,Hors intersection,Normale,Deux véhicules - côté,,,,,,,,,,,1,2,1,1,3
200600017162,0006-04-13 15:20:00,6,4,13,15,20,600,346,venue du géneral Leclerc,,,Plein jour,En agglomération,Hors intersection,Normale,Autre collision,,,,,,,,,,,1,2,1,1,6
200600017163,0006-04-22 12:45:00,6,4,22,12,45,600,141,RD 924a,,,Plein jour,En agglomération,Hors intersection,Normale,Trois véhicules et plus - collisions multiples,,,,,,,,,,,1,2,1,1,5
200600017164,0006-04-19 19:00:00,6,4,19,19,0,600,479,GRANDE RUE,,,Plein jour,En agglomération,Hors intersection,Normale,Deux véhicules - côté,,,,,,,,,,,1,2,1,1,3
200600017165,0006-04-07 22:30:00,6,4,7,22,30,600,509,,,,Nuit sans éclairage public,Hors agglomération,Hors intersection,Normale,Deux véhicules - frontale,,,,,,,,,,,3,1,1,1,1
200600017166,0006-04-19 14:00:00,6,4,19,14,0,600,667,,,,Plein jour,Hors agglomération,Hors intersection,Normale,Autre collision,,,,,,,,,,,1,1,1,1,6
200600017167,0006-04-29 13:55:00,6,4,29,13,55,600,481,rue MONTLAVILLE,,,Plein jour,En agglomération,Hors intersection,Normale,Autre collision,,,,,,,,,,,1,2,1,1,6
200600017168,0006-04-14 12:15:00,6,4,14,12,15,760,728,Autoroute A 150,,,Plein jour,Hors agglomération,Hors intersection,Normale,Deux véhicules - frontale,,,,,,,,,,,1,1,1,1,1
200600017169,0006-04-29 09:30:00,6,4,29,9,30,760,503,lieu dit Le varvot,,,Plein jour,Hors agglomération,Intersection en X,Normale,Deux véhicules - côté,,,,,,,,,,,1,1,2,1,3
200600017170,0006-04-28 18:45:00,6,4,28,18,45,760,700,,,,Plein jour,Hors agglomération,Intersection en X,Normale,Deux véhicules - côté,,,,,,,,,,,1,1,2,1,3
200600017171,0006-04-13 14:30:00,6,4,13,14,30,760,39,CD 13 - PK 13,,,Plein jour,Hors agglomération,Hors intersection,Normale,Deux véhicules - frontale,,,,,,,,,,,1,1,1,1,1
200600017172,0006-04-05 18:30:00,6,4,5,18,30,760,659,,49.56,0.731,Plein jour,Hors agglomération,Hors intersection,Normale,Deux véhicules - frontale,,,,,,,,,,,1,1,1,1,1
200600017173,0006-04-18 15:45:00,6,4,18,15,45,760,418,,,,Plein jour,Hors agglomération,Autre intersection,Pluie forte,Deux véhicules - frontale,,,,,,,,,,,1,1,9,3,1
200600017174,0006-04-18 08:15:00,6,4,18,8,15,760,401,,49.45,0.78,Plein jour,Hors agglomération,Hors intersection,Normale,Sans collision,,,,,,,,,,,1,1,1,1,7
200600017175,0006-04-18 17:00:00,6,4,18,17,0,760,164,QUAI GUILBAUD,,,Plein jour,En agglomération,Hors intersection,Normale,Autre collision,,,,,,,,,,,1,2,1,1,6
200600017176,0006-04-29 20:30:00,6,4,29,20,30,760,368,,,,Crépuscule ou aube,Hors agglomération,Hors intersection,Normale,Autre collision,,,,,,,,,,,2,1,1,1,6
200600017177,0006-04-07 19:00:00,6,4,7,19,0,760,616,Rue André Mabire,,,Plein jour,En agglomération,Hors intersection,Normale,Deux véhicules - frontale,,,,,,,,,,,1,2,1,1,1
200600017178,0006-04-16 05:30:00,6,4,16,5,30,760,167,CD940,,,Nuit sans éclairage public,Hors agglomération,Hors intersection,Normale,Deux véhicules - frontale,,,,,,,,,,,3,1,1,1,1
200600017179,0006-04-29 00:45:00,6,4,29,0,45,760,627,,49.531,0.451,Nuit sans éclairage public,Hors agglomération,Hors intersection,Normale,Autre collision,,,,,,,,,,,3,1,1,1,6
200600017180,0006-04-18 12:10:00,6,4,18,12,10,760,239,intersection VC 3 / CD34,,,Plein jour,Hors agglomération,Intersection en X,Normale,Deux véhicules - côté,,,,,,,,,,,1,1,2,1,3
200600017181,0006-04-23 19:45:00,6,4,23,19,45,760,462,PK 24 + 350  Route de QU,,,Plein jour,En agglomération,Hors intersection,Normale,Deux véhicules - frontale,,,,,,,,,,,1,2,1,1,1
200600017182,0006-04-24 19:15:00,6,4,24,19,15,760,276,Avenue des sources,49.614,1.539,Plein jour,En agglomération,Hors intersection,Normale,Autre collision,,,,,,,,,,,1,2,1,1,6
200600017183,0006-04-06 12:15:00,6,4,6,12,15,760,263,,49.464,1.505,Plein jour,Hors agglomération,Hors intersection,Normale,Deux véhicules - côté,,,,,,,,,,,1,1,1,1,3
200600017184,0006-04-12 18:00:00,6,4,12,18,0,760,25,,49.547,1.509,Plein jour,Hors agglomération,Hors intersection,Normale,Autre collision,,,,,,,,,,,1,1,1,1,6
200600017185,0006-04-15 01:00:00,6,4,15,1,0,760,242,,49.468,1.724,Nuit sans éclairage public,Hors agglomération,Hors intersection,Normale,Autre collision,,,,,,,,,,,3,1,1,1,6
200600017186,0006-04-21 12:15:00,6,4,21,12,15,760,312,RUE CROQUET DU BOSC,49.483,1.717,Plein jour,En agglomération,Intersection en T,Normale,Deux véhicules - côté,,,,,,,,,,,1,2,3,1,3
200600017187,0006-04-23 17:45:00,6,4,23,17,45,760,124,,49.44,1.651,Plein jour,Hors agglomération,Intersection en X,Normale,Trois véhicules et plus - collisions multiples,,,,,,,,,,,1,1,2,1,5
200600017188,0006-04-20 11:15:00,6,4,20,11,15,760,223,,49.625,0.826,Plein jour,Hors agglomération,Hors intersection,Normale,Sans collision,,,,,,,,,,,1,1,1,1,7
200600017189,0006-04-22 04:55:00,6,4,22,4,55,760,610,,,,Nuit avec éclairage allumé,En agglomération,Intersection en X,Normale,Deux véhicules - côté,,,,,,,,,,,5,2,2,1,3
200600017190,0006-04-30 05:15:00,6,4,30,5,15,760,718,RN15,49.62,0.713,Nuit sans éclairage public,Hors agglomération,Giratoire,Normale,Sans collision,,,,,,,,,,,3,1,6,1,7
200600017191,0006-04-17 15:15:00,6,4,17,15,15,760,385,four CD 142 et du CD 324,,,Plein jour,Hors agglomération,Hors intersection,Normale,Deux véhicules - côté,,,,,,,,,,,1,1,1,1,3
200600017192,0006-04-03 22:30:00,6,4,3,22,30,760,195,CD 925,,,Nuit sans éclairage public,Hors agglomération,Hors intersection,Normale,Deux véhicules - arrière,,,,,,,,,,,3,1,1,1,2
200600017193,0006-04-01 00:01:00,6,4,1,0,1,270,165,rue roedere,48.964,0.935,Plein jour,En agglomération,Hors intersection,Temps éblouissant,Autre collision,,,,,,,,,,,1,2,1,7,6
200600017194,0006-04-18 11:15:00,6,4,18,11,15,270,165,rue Pierre SAVARRE,,,Plein jour,En agglomération,Hors intersection,Normale,Autre collision,,,,,,,,,,,1,2,1,1,6
200600017195,0006-04-23 16:45:00,6,4,23,16,45,270,678,,,,Plein jour,Hors agglomération,Hors intersection,Normale,Autre collision,,,,,,,,,,,1,1,1,1,6
200600017196,0006-04-24 16:45:00,6,4,24,16,45,270,120,,48.989,0.95,Plein jour,En agglomération,Hors intersection,Normale,Deux véhicules - côté,,,,,,,,,,,1,2,1,1,3
200600017197,0006-04-16 17:15:00,6,4,16,17,15,270,391,,48.836,1.339,Plein jour,Hors agglomération,Hors intersection,Normale,Sans collision,,,,,,,,,,,1,1,1,1,7
200600017198,0006-04-01 19:00:00,6,4,1,19,0,270,481,,48.736,0.883,Plein jour,Hors agglomération,Hors intersection,Normale,Autre collision,,,,,,,,,,,1,1,1,1,6
200600017199,0006-04-03 23:30:00,6,4,3,23,30,270,481,,48.746,0.873,Nuit sans éclairage public,Hors agglomération,Hors intersection,Normale,Autre collision,,,,,,,,,,,3,1,1,1,6
200600017200,0006-04-11 19:30:00,6,4,11,19,30,270,112,rue modeste leroy,48.841,0.917,Plein jour,En agglomération,Hors intersection,Normale,Deux véhicules - frontale,,,,,,,,,,,1,2,1,1,1
200600017201,0006-04-22 13:45:00,6,4,22,13,45,270,679,,,,Plein jour,En agglomération,Autre intersection,Normale,Autre collision,,,,,,,,,,,1,2,9,1,6
200600017202,0006-04-26 20:30:00,6,4,26,20,30,270,180,route des andelys,,,Plein jour,En agglomération,Hors intersection,Normale,Deux véhicules - arrière,,,,,,,,,,,1,2,1,1,2
200600017203,0006-04-20 17:40:00,6,4,20,17,40,270,569,CD138 - PK 5,,,Plein jour,Hors agglomération,Hors intersection,Normale,Sans collision,,,,,,,,,,,1,1,1,1,7
200600017204,0006-04-12 17:15:00,6,4,12,17,15,270,630,,,,Plein jour,Hors agglomération,Intersection en X,Normale,Deux véhicules - côté,,,,,,,,,,,1,1,2,1,3
200600017205,0006-04-22 17:00:00,6,4,22,17,0,270,425,route du funiculaire,,,Plein jour,Hors agglomération,Hors intersection,Normale,Autre collision,,,,,,,,,,,1,1,1,1,6
200600017206,0006-04-29 04:00:00,6,4,29,4,0,270,51,,,,Nuit sans éclairage public,Hors agglomération,Hors intersection,Temps couvert,Deux véhicules - arrière,,,,,,,,,,,3,1,1,8,2
200600017207,0006-04-21 11:15:00,6,4,21,11,15,270,127,,49.169,1.083,Plein jour,Hors agglomération,Hors intersection,Normale,Deux véhicules - côté,,,,,,,,,,,1,1,1,1,3
200600017208,0006-04-04 21:15:00,6,4,4,21,15,270,517,rsection CD 316 et CD 75,,,Nuit sans éclairage public,Hors agglomération,Hors intersection,Normale,Deux véhicules - frontale,,,,,,,,,,,3,1,1,1,1
200600017209,0006-04-29 11:50:00,6,4,29,11,50,270,519,5 - Cote de Sainte Barbe,,,Plein jour,Hors agglomération,Hors intersection,Normale,Deux véhicules - arrière,,,,,,,,,,,1,1,1,1,2
200600017210,0006-04-09 18:00:00,6,4,9,18,0,270,320,,49.246,0.877,Plein jour,Hors agglomération,Hors intersection,Normale,Deux véhicules - frontale,,,,,,,,,,,1,1,1,1,1
200600017211,0006-04-05 21:15:00,6,4,5,21,15,270,388,CD 103,,,Nuit sans éclairage public,En agglomération,Hors intersection,Normale,Deux véhicules - frontale,,,,,,,,,,,3,2,1,1,1
200600017212,0006-04-17 16:15:00,6,4,17,16,15,270,233,,49.418,0.314,Plein jour,Hors agglomération,Hors intersection,Normale,Deux véhicules - côté,,,,,,,,,,,1,1,1,1,3
200600017213,0006-04-21 14:45:00,6,4,21,14,45,270,65,,,,Plein jour,Hors agglomération,Hors intersection,Normale,Trois véhicules et plus - en chaîne,,,,,,,,,,,1,1,1,1,4
200600017214,0006-04-02 02:00:00,6,4,2,2,0,270,340,CD313,,,Nuit sans éclairage public,Hors agglomération,Hors intersection,Normale,Autre collision,,,,,,,,,,,3,1,1,1,6
200600017215,0006-04-10 20:20:00,6,4,10,20,20,270,103,route nationale 175,,,Crépuscule ou aube,Hors agglomération,Intersection en Y,Normale,Deux véhicules - frontale,,,,,,,,,,,2,1,4,1,1
200600017216,0006-04-20 19:15:00,6,4,20,19,15,270,62,,,,Plein jour,Hors agglomération,Hors intersection,Normale,Sans collision,,,,,,,,,,,1,1,1,1,7
200600017217,0006-04-24 08:15:00,6,4,24,8,15,270,92,,,,Plein jour,Hors agglomération,Hors intersection,Brouillard / fumée,Trois véhicules et plus - en chaîne,,,,,,,,,,,1,1,1,5,4