accident_id,datetime,annee,mois,jour,heure,minute,departement,commune_insee,adresse,latitude,longitude,luminosite,agglomeration,intersection,meteo,collision,nb_vehicules,nb_usagers,nb_indemnes,nb_tues,nb_blesses_hosp,nb_blesses_legers,age_cond_1,age_cond_2,veh_type_cond_1,veh_type_cond_2,lum_code,agg_code,int_code,atm_code,col_code
200600017356,0006-04-16 14:45:00,6,4,16,14,45,440,123,parking de la mairie,47.691,-1.734,Plein jour,En agglomération,Hors intersection,Normale,Autre collision,,,,,,,,,,,1,2,1,1,6
200600017357,0006-04-19 11:30:00,6,4,19,11,30,440,15,,47.48,-1.823,Plein jour,Hors agglomération,Hors intersection,Temps couvert,Deux véhicules - frontale,,,,,,,,,,,1,1,1,8,1
200600017358,0006-04-26 14:45:00,6,4,26,14,45,440,185,,47.63,-2.047,Plein jour,Hors agglomération,Hors intersection,Normale,Deux véhicules - côté,,,,,,,,,,,1,1,1,1,3
200600017359,0006-04-29 15:30:00,6,4,29,15,30,440,56,,47.403,-1.775,Plein jour,Hors agglomération,Hors intersection,Normale,Deux véhicules - côté,,,,,,,,,,,1,1,1,1,3
200600017360,0006-04-14 18:15:00,6,4,14,18,15,440,73,,47.462,-1.692,Plein jour,Hors agglomération,Intersection en X,Normale,Trois véhicules et plus - collisions multiples,,,,,,,,,,,1,1,2,1,5
200600017361,0006-04-02 03:30:00,6,4,2,3,30,440,126,Ruie de la Croix Bouteau,,,Nuit sans éclairage public,En agglomération,Giratoire,Pluie légère,Sans collision,,,,,,,,,,,3,2,6,2,7
200600017362,0006-04-08 14:10:00,6,4,8,14,10,440,59,rue des hautes vignes,,,Plein jour,En agglomération,Hors intersection,Normale,Deux véhicules - côté,,,,,,,,,,,1,2,1,1,3
200600017363,0006-04-05 10:00:00,6,4,5,10,0,440,61,,47.23,-1.975,Plein jour,Hors agglomération,Hors intersection,Normale,Deux véhicules - frontale,,,,,,,,,,,1,1,1,1,1
200600017364,0006-04-09 15:45:00,6,4,9,15,45,440,5,,47.188,-1.965,Plein jour,Hors agglomération,Hors intersection,Normale,Deux véhicules - côté,,,,,,,,,,,1,1,1,1,3
200600017365,0006-04-17 21:45:00,6,4,17,21,45,440,187,,47.22,-2.053,Nuit sans éclairage public,Hors agglomération,Intersection en T,Normale,Deux véhicules - côté,,,,,,,,,,,3,1,3,1,3
200600017366,0006-04-19 16:15:00,6,4,19,16,15,440,187,Rocade CD   PR 11+000,,,Plein jour,Hors agglomération,Hors intersection,Normale,Deux véhicules - côté,,,,,,,,,,,1,1,1,1,3
200600017367,0006-04-03 02:30:00,6,4,3,2,30,440,178,,47.128,-1.703,Nuit sans éclairage public,Hors agglomération,Hors intersection,Normale,Autre collision,,,,,,,,,,,3,1,1,1,6
200600017368,0006-04-12 12:00:00,6,4,12,12,0,440,87,Rue marcel brunelière,,,Plein jour,En agglomération,Hors intersection,Normale,Trois véhicules et plus - collisions multiples,,,,,,,,,,,1,2,1,1,5
200600017369,0006-04-20 06:15:00,6,4,20,6,15,440,133,,47.137,-1.792,Nuit sans éclairage public,Hors agglomération,Hors intersection,Brouillard / fumée,Deux véhicules - frontale,,,,,,,,,,,3,1,1,5,1
200600017370,0006-04-20 23:30:00,6,4,20,23,30,440,87,L'ouche Tisan PK 11+200,47.009,-1.823,Nuit sans éclairage public,Hors agglomération,Hors intersection,Normale,Sans collision,,,,,,,,,,,3,1,1,1,7
200600017371,0006-04-30 17:00:00,6,4,30,17,0,440,74,rue Jean JAURES,47.206,-1.674,Plein jour,En agglomération,Giratoire,Normale,Deux véhicules - frontale,,,,,,,,,,,1,2,6,1,1
200600017372,0006-04-05 15:45:00,6,4,5,15,45,440,49,avenue de la Pierre Long,,,Plein jour,En agglomération,Hors intersection,Normale,Sans collision,,,,,,,,,,,1,2,1,1,7
200600017373,0006-04-15 20:15:00,6,4,15,20,15,440,72,POMPAS  Rue de MES,,,Plein jour,En agglomération,Hors intersection,Normale,Sans collision,,,,,,,,,,,1,2,1,1,7
200600017374,0006-04-23 01:20:00,6,4,23,1,20,440,69,"CD99, lieu dit Clis",,,Nuit sans éclairage public,Hors agglomération,Hors intersection,Normale,Deux véhicules - frontale,,,,,,,,,,,3,1,1,1,1
200600017375,0006-04-02 19:15:00,6,4,2,19,15,440,210,,,,Plein jour,Hors agglomération,Hors intersection,Normale,Autre collision,,,,,,,,,,,1,1,1,1,6
200600017376,0006-04-06 08:45:00,6,4,6,8,45,440,210,Rue JB MARCET,,,Plein jour,En agglomération,Hors intersection,Normale,Sans collision,,,,,,,,,,,1,2,1,1,7
200600017377,0006-04-09 16:15:00,6,4,9,16,15,440,52,,,,Plein jour,En agglomération,Hors intersection,Normale,Deux véhicules - côté,,,,,,,,,,,1,2,1,1,3
200600017378,0006-04-20 07:30:00,6,4,20,7,30,440,52,52 rue du stade,,,Crépuscule ou aube,En agglomération,Hors intersection,Normale,Deux véhicules - côté,,,,,,,,,,,2,2,1,1,3
200600017379,0006-04-15 10:15:00,6,4,15,10,15,440,161,10 route de Pontchateau,47.514,-2.04,Plein jour,En agglomération,Hors intersection,Pluie forte,Autre collision,,,,,,,,,,,1,2,1,3,6
200600017380,0006-04-07 21:00:00,6,4,7,21,0,440,158,rue de la chezine,,,Nuit avec éclairage allumé,En agglomération,Hors intersection,Normale,Deux véhicules - arrière,,,,,,,,,,,5,2,1,1,2
200600017381,0006-04-23 16:00:00,6,4,23,16,0,440,45,,47.299,-1.827,Plein jour,Hors agglomération,Hors intersection,Normale,Deux véhicules - côté,,,,,,,,,,,1,1,1,1,3
200600017382,0006-04-08 05:30:00,6,4,8,5,30,440,195,,,,Nuit sans éclairage public,Hors agglomération,Hors intersection,Normale,Autre collision,,,,,,,,,,,3,1,1,1,6
200600017383,0006-04-13 19:00:00,6,4,13,19,0,440,137,,,,Plein jour,Hors agglomération,Hors intersection,Normale,Deux véhicules - frontale,,,,,,,,,,,1,1,1,1,1
200600017384,0006-04-30 20:30:00,6,4,30,20,30,440,89,ieu dit le Bois de LAVAU,,,Plein jour,Hors agglomération,Hors intersection,Normale,Sans collision,,,,,,,,,,,1,1,1,1,7
200600017385,0006-04-11 07:00:00,6,4,11,7,0,490,196,place de l'église,47.524,-0.667,Crépuscule ou aube,En agglomération,Hors intersection,Normale,Autre collision,,,,,,,,,,,2,2,1,1,6
200600017386,0006-04-01 12:30:00,6,4,1,12,30,490,194,,47.46,-0.281,Plein jour,Hors agglomération,Autre intersection,Pluie légère,Deux véhicules - arrière,,,,,,,,,,,1,1,9,2,2
200600017387,0006-04-28 14:00:00,6,4,28,14,0,490,194,,47.455,-0.262,Plein jour,Hors agglomération,Intersection en T,Normale,Deux véhicules - côté,,,,,,,,,,,1,1,3,1,3
200600017388,0006-04-08 02:00:00,6,4,8,2,0,490,241,,,,Nuit sans éclairage public,Hors agglomération,Hors intersection,Normale,Autre collision,,,,,,,,,,,3,1,1,1,6
200600017389,0006-04-18 16:45:00,6,4,18,16,45,490,323,,,,Plein jour,Hors agglomération,Autre intersection,Normale,Deux véhicules - côté,,,,,,,,,,,1,1,9,1,3
200600017390,0006-04-28 20:45:00,6,4,28,20,45,490,377,,,,Crépuscule ou aube,Hors agglomération,Hors intersection,Normale,Autre collision,,,,,,,,,,,2,1,1,1,6
200600017391,0006-04-03 14:25:00,6,4,3,14,25,490,284,carrefour de cure-bourse,47.416,-0.831,Plein jour,Hors agglomération,Intersection en X,Normale,Deux véhicules - côté,,,,,,,,,,,1,1,2,1,3
200600017392,0006-04-19 17:45:00,6,4,19,17,45,490,63,Rue Paul Vigière,47.357,-0.765,Plein jour,En agglomération,Hors intersection,Normale,Deux véhicules - frontale,,,,,,,,,,,1,2,1,1,1
200600017393,0006-04-21 20:15:00,6,4,21,20,15,490,283,,47.379,-0.751,Plein jour,Hors agglomération,Hors intersection,Normale,Deux véhicules - arrière,,,,,,,,,,,1,1,1,1,2
200600017394,0006-04-01 13:50:00,6,4,1,13,50,490,17,"eu dit ""Ancien Calvaire""",,,Plein jour,Hors agglomération,Hors intersection,Normale,Deux véhicules - frontale,,,,,,,,,,,1,1,1,1,1
200600017395,0006-04-10 16:15:00,6,4,10,16,15,490,332,,47.064,-0.946,Plein jour,Hors agglomération,Hors intersection,Normale,Deux véhicules - arrière,,,,,,,,,,,1,1,1,1,2
200600017396,0006-04-27 16:00:00,6,4,27,16,0,490,299,,,,Plein jour,Hors agglomération,Hors intersection,Normale,Deux véhicules - côté,,,,,,,,,,,1,1,1,1,3
200600017397,0006-04-30 02:45:00,6,4,30,2,45,490,260,,47.069,-1.022,Nuit avec éclairage non allumé,En agglomération,Hors intersection,Normale,Deux véhicules - côté,,,,,,,,,,,4,2,1,1,3
200600017398,0006-04-05 13:00:00,6,4,5,13,0,490,296,,,,Plein jour,Hors agglomération,Hors intersection,Normale,Deux véhicules - frontale,,,,,,,,,,,1,1,1,1,1
200600017399,0006-04-16 10:15:00,6,4,16,10,15,490,320,,,,Plein jour,Hors agglomération,Hors intersection,Normale,Sans collision,,,,,,,,,,,1,1,1,1,7
200600017400,0006-04-30 16:30:00,6,4,30,16,30,490,137,,,,Plein jour,Hors agglomération,Hors intersection,Normale,Autre collision,,,,,,,,,,,1,1,1,1,6
200600017401,0006-04-06 19:00:00,6,4,6,19,0,490,369,Rue de la Vincenderie CD,,,Plein jour,En agglomération,Hors intersection,Normale,Deux véhicules - frontale,,,,,,,,,,,1,2,1,1,1
200600017402,0006-04-04 12:15:00,6,4,4,12,15,490,125,RUE DES FONTAINES,47.2,-0.275,Plein jour,En agglomération,Hors intersection,Normale,Autre collision,,,,,,,,,,,1,2,1,1,6
200600017403,0006-04-02 14:45:00,6,4,2,14,45,490,30,,47.381,-0.077,Plein jour,Hors agglomération,Hors intersection,Normale,Deux véhicules - côté,,,,,,,,,,,1,1,1,1,3
200600017404,0006-04-06 21:45:00,6,4,6,21,45,490,91,rue des Tilleuls,47.344,-0.359,Nuit avec éclairage allumé,En agglomération,Hors intersection,Normale,Autre collision,,,,,,,,,,,5,2,1,1,6
200600017405,0006-04-08 18:15:00,6,4,8,18,15,490,311,,47.389,-0.078,Plein jour,Hors agglomération,Hors intersection,Normale,Deux véhicules - côté,,,,,,,,,,,1,1,1,1,3
200600017406,0006-04-15 14:00:00,6,4,15,14,0,490,158,rue d Anjou,,,Plein jour,En agglomération,Hors intersection,Normale,Autre collision,,,,,,,,,,,1,2,1,1,6
200600017407,0006-04-21 22:00:00,6,4,21,22,0,490,248,Avenue du Général de Gau,,,Nuit avec éclairage allumé,En agglomération,Hors intersection,Normale,Deux véhicules - arrière,,,,,,,,,,,5,2,1,1,2
200600017408,0006-04-23 09:45:00,6,4,23,9,45,490,135,PK 0 intersection CD191,47.573,-0.589,Plein jour,En agglomération,Hors intersection,Normale,Deux véhicules - frontale,,,,,,,,,,,1,2,1,1,1
200600017409,0006-04-01 10:45:00,6,4,1,10,45,530,104,,47.863,-0.585,Plein jour,Hors agglomération,Hors intersection,Normale,Deux véhicules - arrière,,,,,,,,,,,1,1,1,1,2
200600017410,0006-04-11 08:15:00,6,4,11,8,15,530,197,2 RUE DE L'AVENIR,,,Crépuscule ou aube,En agglomération,Hors intersection,Temps éblouissant,Deux véhicules - frontale,,,,,,,,,,,2,2,1,7,1
200600017411,0006-04-25 17:45:00,6,4,25,17,45,530,88,Rue d'Anjou,47.973,-1.118,Plein jour,En agglomération,Hors intersection,Normale,Deux véhicules - frontale,,,,,,,,,,,1,2,1,1,1
200600017412,0006-04-08 10:35:00,6,4,8,10,35,530,147,Ambroise de Loré - RN12,,,Plein jour,En agglomération,Hors intersection,Normale,Autre collision,,,,,,,,,,,1,2,1,1,6
200600017413,0006-04-26 12:45:00,6,4,26,12,45,530,51,,48.346,-0.534,Plein jour,Hors agglomération,Hors intersection,Normale,Trois véhicules et plus - en chaîne,,,,,,,,,,,1,1,1,1,4
200600017414,0006-04-29 14:30:00,6,4,29,14,30,720,306,,47.851,0.191,Plein jour,Hors agglomération,Hors intersection,Temps éblouissant,Sans collision,,,,,,,,,,,1,1,1,7,7
200600017415,0006-04-20 03:00:00,6,4,20,3,0,720,58,L'Epine,,,Nuit sans éclairage public,Hors agglomération,Hors intersection,Normale,Autre collision,,,,,,,,,,,3,1,1,1,6
200600017416,0006-04-21 09:45:00,6,4,21,9,45,720,269,La chasselouvière RN157,,,Plein jour,Hors agglomération,Hors intersection,Normale,Deux véhicules - frontale,,,,,,,,,,,1,1,1,1,1
200600017417,0006-04-05 11:30:00,6,4,5,11,30,720,386,Route de Parence,,,Plein jour,En agglomération,Hors intersection,Normale,Deux véhicules - arrière,,,,,,,,,,,1,2,1,1,2
200600017418,0006-04-02 01:00:00,6,4,2,1,0,720,329,Place de l'église,,,Nuit avec éclairage allumé,En agglomération,Place,Normale,Sans collision,,,,,,,,,,,5,2,7,1,7
200600017419,0006-04-21 17:15:00,6,4,21,17,15,720,217,,48.095,0.21,Plein jour,Hors agglomération,Hors intersection,Normale,Autre collision,,,,,,,,,,,1,1,1,1,6
200600017420,0006-04-23 16:00:00,6,4,23,16,0,720,310,rue de Normandie,,,Plein jour,En agglomération,Hors intersection,Normale,Autre collision,,,,,,,,,,,1,2,1,1,6
200600017421,0006-04-21 10:30:00,6,4,21,10,30,720,230,,,,Plein jour,Hors agglomération,Intersection en X,Normale,Deux véhicules - côté,,,,,,,,,,,1,1,2,1,3
200600017422,0006-04-07 17:30:00,6,4,7,17,30,720,195,e de courcelles la Forêt,,,Plein jour,En agglomération,Hors intersection,Normale,Autre collision,,,,,,,,,,,1,2,1,1,6
200600017423,0006-04-08 16:15:00,6,4,8,16,15,720,184,section du CD21 et CD163,,,Plein jour,Hors agglomération,Hors intersection,Normale,Deux véhicules - arrière,,,,,,,,,,,1,1,1,1,2
200600017424,0006-04-17 04:15:00,6,4,17,4,15,720,10,,47.885,-0.221,Nuit sans éclairage public,Hors agglomération,Hors intersection,Normale,Sans collision,,,,,,,,,,,3,1,1,1,7
200600017425,0006-04-01 13:00:00,6,4,1,13,0,720,243,,,,Plein jour,Hors agglomération,Hors intersection,Pluie forte,Sans collision,,,,,,,,,,,1,1,1,3,7
200600017426,0006-04-06 18:45:00,6,4,6,18,45,720,264,rue Saint Denis,,,Plein jour,En agglomération,Giratoire,Normale,Autre collision,,,,,,,,,,,1,2,6,1,6
200600017427,0006-04-13 22:00:00,6,4,13,22,0,720,343,Varennes,,,Nuit sans éclairage public,Hors agglomération,Hors intersection,Normale,Deux véhicules - arrière,,,,,,,,,,,3,1,1,1,2
200600017428,0006-04-05 09:20:00,6,4,5,9,20,720,112,Le Chêne Vert,,,Plein jour,Hors agglomération,Hors intersection,Normale,Trois véhicules et plus - collisions multiples,,,,,,,,,,,1,1,1,1,5
200600017429,0006-04-05 18:15:00,6,4,5,18,15,720,39,,,,Plein jour,Hors agglomération,Hors intersection,Normale,Sans collision,,,,,,,,,,,1,1,1,1,7
200600017430,0006-04-21 12:00:00,6,4,21,12,0,720,284,,48.267,0.046,Plein jour,Hors agglomération,Hors intersection,Normale,Trois véhicules et plus - collisions multiples,,,,,,,,,,,1,1,1,1,5
200600017431,0006-04-30 14:00:00,6,4,30,14,0,720,186,,48.216,0.138,Plein jour,Hors agglomération,Hors intersection,Normale,Autre collision,,,,,,,,,,,1,1,1,1,6
200600017432,0006-04-24 08:00:00,6,4,24,8,0,850,61,,,,Plein jour,Hors agglomération,Hors intersection,Normale,Autre collision,,,,,,,,,,,1,1,1,1,6
200600017433,0006-04-24 18:45:00,6,4,24,18,45,850,8,,,,Plein jour,Hors agglomération,Hors intersection,Normale,Deux véhicules - frontale,,,,,,,,,,,1,1,1,1,1
200600017434,0006-04-16 01:30:00,6,4,16,1,30,850,17,,46.91,-1.07,Nuit sans éclairage public,Hors agglomération,Hors intersection,Normale,Deux véhicules - frontale,,,,,,,,,,,3,1,1,1,1
200600017435,0006-04-02 16:00:00,6,4,2,16,0,850,178,CD 6,,,Plein jour,Hors agglomération,Hors intersection,Normale,Deux véhicules - frontale,,,,,,,,,,,1,1,1,1,1
200600017436,0006-04-09 09:45:00,6,4,9,9,45,850,223,sur le CD 8 - PK 1,46.55,-1.04,Plein jour,Hors agglomération,Hors intersection,Normale,Trois véhicules et plus - collisions multiples,,,,,,,,,,,1,1,1,1,5
200600017437,0006-04-10 08:45:00,6,4,10,8,45,850,117,,46.47,-1.25,Plein jour,Hors agglomération,Intersection en X,Normale,Trois véhicules et plus - en chaîne,,,,,,,,,,,1,1,2,1,4
200600017438,0006-04-22 03:15:00,6,4,22,3,15,850,209,RN 148,46.529,-0.995,Nuit sans éclairage public,En agglomération,Hors intersection,Normale,Deux véhicules - arrière,,,,,,,,,,,3,2,1,1,2
200600017439,0006-04-24 17:05:00,6,4,24,17,5,850,42,,46.38,-1.01,Plein jour,Hors agglomération,Hors intersection,Normale,Deux véhicules - frontale,,,,,,,,,,,1,1,1,1,1
200600017440,0006-04-09 18:00:00,6,4,9,18,0,850,113,,,,Plein jour,Hors agglomération,Hors intersection,Normale,Deux véhicules - frontale,,,,,,,,,,,1,1,1,1,1
200600017441,0006-04-15 00:15:00,6,4,15,0,15,850,112,,46.571,-1.769,Nuit sans éclairage public,Hors agglomération,Hors intersection,Normale,Autre collision,,,,,,,,,,,3,1,1,1,6
200600017442,0006-04-23 20:05:00,6,4,23,20,5,850,218,La Bardonnière,,,Plein jour,Hors agglomération,Giratoire,Normale,Deux véhicules - côté,,,,,,,,,,,1,1,6,1,3
200600017443,0006-04-17 18:30:00,6,4,17,18,30,850,106,RUE DES ELOUX,,,Plein jour,En agglomération,Hors intersection,Normale,Deux véhicules - côté,,,,,,,,,,,1,2,1,1,3
200600017444,0006-04-06 18:45:00,6,4,6,18,45,850,226,,,,Plein jour,Hors agglomération,Hors intersection,Normale,Deux véhicules - frontale,,,,,,,,,,,1,1,1,1,1
200600017445,0006-04-16 04:30:00,6,4,16,4,30,850,70,CD6 - PK 18+490,,,Nuit sans éclairage public,Hors agglomération,Hors intersection,Normale,Autre collision,,,,,,,,,,,3,1,1,1,6
200600017446,0006-04-28 14:50:00,6,4,28,14,50,850,100,Ldt La Michelinière,,,Plein jour,Hors agglomération,Hors intersection,Normale,Deux véhicules - frontale,,,,,,,,,,,1,1,1,1,1
200600017447,0006-04-28 18:00:00,6,4,28,18,0,330,56,46 avenue du général de,,,Plein jour,En agglomération,Hors intersection,Normale,Deux véhicules - côté,,,,,,,,,,,1,2,1,1,3
200600017448,0006-04-17 17:00:00,6,4,17,17,0,330,236,rue Jean Cocteau,,,Plein jour,En agglomération,Intersection en T,Normale,Deux véhicules - côté,,,,,,,,,,,1,2,3,1,3
200600017449,0006-04-07 22:30:00,6,4,7,22,30,330,200,211 - Avenue de Magudas,,,Nuit sans éclairage public,Hors agglomération,Hors intersection,Normale,Sans collision,,,,,,,,,,,3,1,1,1,7
200600017450,0006-04-09 01:45:00,6,4,9,1,45,330,3,,44.928,-0.526,Nuit avec éclairage allumé,Hors agglomération,Hors intersection,Normale,Autre collision,,,,,,,,,,,5,1,1,1,6
200600017451,0006-04-02 04:30:00,6,4,2,4,30,330,435,,,,Nuit sans éclairage public,Hors agglomération,Hors intersection,Normale,Trois véhicules et plus - collisions multiples,,,,,,,,,,,3,1,1,1,5
200600017452,0006-04-14 16:40:00,6,4,14,16,40,330,98,CD 13 lieu dit Reynon,,,Plein jour,En agglomération,Hors intersection,Normale,Sans collision,,,,,,,,,,,1,2,1,1,7
200600017453,0006-04-02 08:30:00,6,4,2,8,30,330,140,avenue de la Croix Blanc,44.781,-0.351,Plein jour,En agglomération,Hors intersection,Normale,Deux véhicules - frontale,,,,,,,,,,,1,2,1,1,1
200600017454,0006-04-15 19:15:00,6,4,15,19,15,330,327,urs du Général de Gaulle,,,Plein jour,En agglomération,Intersection en T,Normale,Deux véhicules - frontale,,,,,,,,,,,1,2,3,1,1
200600017455,0006-04-01 11:35:00,6,4,1,11,35,330,366,45 PASSAGE DE PEYROT,,,Plein jour,En agglomération,Hors intersection,Normale,Autre collision,,,,,,,,,,,1,2,1,1,6
200600017456,0006-04-07 19:50:00,6,4,7,19,50,330,366,87 rue Emile Dantagnan,44.99,-0.43,Crépuscule ou aube,En agglomération,Intersection en T,Normale,Trois véhicules et plus - collisions multiples,,,,,,,,,,,2,2,3,1,5
200600017457,0006-04-19 02:30:00,6,4,19,2,30,330,321,,,,Nuit sans éclairage public,Hors agglomération,Hors intersection,Normale,Deux véhicules - frontale,,,,,,,,,,,3,1,1,1,1
200600017458,0006-04-02 20:15:00,6,4,2,20,15,330,465,Lieu dit Arrocs,44.557,-0.21,Crépuscule ou aube,Hors agglomération,Hors intersection,Normale,Sans collision,,,,,,,,,,,2,1,1,1,7
200600017459,0006-04-02 18:00:00,6,4,2,18,0,330,26,,44.51,-0.43,Plein jour,Hors agglomération,Hors intersection,Normale,Autre collision,,,,,,,,,,,1,1,1,1,6
200600017460,0006-04-21 06:30:00,6,4,21,6,30,330,484,Avenue Jean-Jaurès,44.433,-0.485,Crépuscule ou aube,En agglomération,Giratoire,Normale,Autre collision,,,,,,,,,,,2,2,6,1,6
200600017461,0006-04-10 14:45:00,6,4,10,14,45,330,57,,44.753,-0.113,Plein jour,Hors agglomération,Hors intersection,Normale,Deux véhicules - côté,,,,,,,,,,,1,1,1,1,3
200600017462,0006-04-15 09:30:00,6,4,15,9,30,330,258,,44.765,-0.148,Plein jour,Hors agglomération,Intersection en X,Normale,Deux véhicules - côté,,,,,,,,,,,1,1,2,1,3
200600017463,0006-04-01 17:00:00,6,4,1,17,0,330,268,,,,Plein jour,Hors agglomération,Hors intersection,Normale,Autre collision,,,,,,,,,,,1,1,1,1,6
200600017464,0006-04-16 14:15:00,6,4,16,14,15,330,193,,45.43,-1.09,Plein jour,Hors agglomération,Hors intersection,Normale,Deux véhicules - côté,,,,,,,,,,,1,1,1,1,3
200600017465,0006-04-22 18:45:00,6,4,22,18,45,330,208,03 chemin de PIGOT,45.41,-0.94,Plein jour,En agglomération,Hors intersection,Normale,Autre collision,,,,,,,,,,,1,2,1,1,6
200600017466,0006-04-29 11:45:00,6,4,29,11,45,330,222,,44.982,-0.152,Plein jour,Hors agglomération,Hors intersection,Normale,Trois véhicules et plus - collisions multiples,,,,,,,,,,,1,1,1,1,5
200600017467,0006-04-04 12:20:00,6,4,4,12,20,330,421,CD 670,44.812,-0.143,Plein jour,Hors agglomération,Hors intersection,Normale,Deux véhicules - frontale,,,,,,,,,,,1,1,1,1,1
200600017468,0006-04-14 07:15:00,6,4,14,7,15,330,466,LIEU DIT PERINOT,44.831,-0.29,Crépuscule ou aube,En agglomération,Hors intersection,Brouillard / fumée,Trois véhicules et plus - collisions multiples,,,,,,,,,,,2,2,1,5,5
200600017469,0006-04-22 13:15:00,6,4,22,13,15,330,413,four des quatre chemins,,,Plein jour,Hors agglomération,Intersection en X,Normale,Deux véhicules - côté,,,,,,,,,,,1,1,2,1,3
200600017470,0006-04-22 21:40:00,6,4,22,21,40,330,108,Rue Gambetta,,,Nuit sans éclairage public,En agglomération,Hors intersection,Normale,Deux véhicules - arrière,,,,,,,,,,,3,2,1,1,2
200600017471,0006-04-01 18:00:00,6,4,1,18,0,330,138,Chemin de Couperie,,,Plein jour,En agglomération,Hors intersection,Normale,Deux véhicules - frontale,,,,,,,,,,,1,2,1,1,1
200600017472,0006-04-18 16:30:00,6,4,18,16,30,330,138,,,,Plein jour,Hors agglomération,Hors intersection,Normale,Sans collision,,,,,,,,,,,1,1,1,1,7
200600017473,0006-04-22 20:15:00,6,4,22,20,15,330,393,,45.011,-0.17,Plein jour,Hors agglomération,Hors intersection,Normale,Sans collision,,,,,,,,,,,1,1,1,1,7
200600017474,0006-04-24 20:00:00,6,4,24,20,0,330,393,,44.994,-0.18,Crépuscule ou aube,Hors agglomération,Hors intersection,Normale,Deux véhicules - arrière,,,,,,,,,,,2,1,1,1,2
200600017475,0006-04-30 18:45:00,6,4,30,18,45,330,210,La Tourbeille,,,Plein jour,Hors agglomération,Hors intersection,Normale,Deux véhicules - frontale,,,,,,,,,,,1,1,1,1,1
200600017476,0006-04-18 20:00:00,6,4,18,20,0,330,179,lieu dit bourricot,45.002,-0.259,Plein jour,Hors agglomération,Intersection en X,Normale,Deux véhicules - côté,,,,,,,,,,,1,1,2,1,3
200600017477,0006-04-03 20:00:00,6,4,3,20,0,240,160,,45.092,0.719,Plein jour,Hors agglomération,Hors intersection,Normale,Deux véhicules - côté,,,,,,,,,,,1,1,1,1,3
200600017478,0006-04-08 10:45:00,6,4,8,10,45,240,571,ROUTE DU MARCHE DE LA FR,,,Plein jour,En agglomération,Hors intersection,Normale,Trois véhicules et plus - collisions multiples,,,,,,,,,,,1,2,1,1,5
200600017479,0006-04-12 23:20:00,6,4,12,23,20,240,26,Les Roches,,,Nuit sans éclairage public,Hors agglomération,Hors intersection,Normale,Autre collision,,,,,,,,,,,3,1,1,1,6
200600017480,0006-04-14 11:30:00,6,4,14,11,30,240,190,,,,Plein jour,Hors agglomération,Hors intersection,Normale,Deux véhicules - frontale,,,,,,,,,,,1,1,1,1,1
200600017481,0006-04-07 11:30:00,6,4,7,11,30,240,474,,,,Plein jour,Hors agglomération,Hors intersection,Normale,Deux véhicules - frontale,,,,,,,,,,,1,1,1,1,1
200600017482,0006-04-09 05:45:00,6,4,9,5,45,240,69,LD COMBE NOIRE,45.261,0.616,Nuit sans éclairage public,Hors agglomération,Hors intersection,Temps couvert,Autre collision,,,,,,,,,,,3,1,1,8,6
200600017483,0006-04-11 12:45:00,6,4,11,12,45,240,236,Rte des Granges,45.191,0.562,Plein jour,Hors agglomération,Hors intersection,Normale,Autre collision,,,,,,,,,,,1,1,1,1,6
200600017484,0006-04-06 08:50:00,6,4,6,8,50,240,429,Lieu-dit Glane,,,Plein jour,Hors agglomération,Hors intersection,Normale,Deux véhicules - frontale,,,,,,,,,,,1,1,1,1,1
200600017485,0006-04-14 23:30:00,6,4,14,23,30,240,540,"""Le Poteau""",45.321,0.874,Nuit sans éclairage public,Hors agglomération,Hors intersection,Normale,Sans collision,,,,,,,,,,,3,1,1,1,7
200600017486,0006-04-15 18:00:00,6,4,15,18,0,240,239,,,,Plein jour,Hors agglomération,Hors intersection,Normale,Sans collision,,,,,,,,,,,1,1,1,1,7
200600017487,0006-04-17 19:05:00,6,4,17,19,5,240,182,Route de Port Ste Foy,,,Plein jour,En agglomération,Intersection en X,Normale,Trois véhicules et plus - collisions multiples,,,,,,,,,,,1,2,2,1,5
200600017488,0006-04-19 09:45:00,6,4,19,9,45,240,194,,,,Plein jour,Hors agglomération,Hors intersection,Normale,Deux véhicules - arrière,,,,,,,,,,,1,1,1,1,2
200600017489,0006-04-10 19:30:00,6,4,10,19,30,240,126,Pince Guerre,,,Plein jour,Hors agglomération,Hors intersection,Normale,Deux véhicules - arrière,,,,,,,,,,,1,1,1,1,2
200600017490,0006-04-22 22:15:00,6,4,22,22,15,240,132,,,,Nuit sans éclairage public,Hors agglomération,Hors intersection,Normale,Sans collision,,,,,,,,,,,3,1,1,1,7
200600017491,0006-04-20 18:00:00,6,4,20,18,0,240,501,,44.832,0.061,Plein jour,Hors agglomération,Hors intersection,Normale,Trois véhicules et plus - collisions multiples,,,,,,,,,,,1,1,1,1,5