accident_id,datetime,annee,mois,jour,heure,minute,departement,commune_insee,adresse,latitude,longitude,luminosite,agglomeration,intersection,meteo,collision,nb_vehicules,nb_usagers,nb_indemnes,nb_tues,nb_blesses_hosp,nb_blesses_legers,age_cond_1,age_cond_2,veh_type_cond_1,veh_type_cond_2,lum_code,agg_code,int_code,atm_code,col_code
200600017628,0006-04-06 10:00:00,6,4,6,10,0,790,193,route de THOUARS,,,Plein jour,En agglomération,Intersection en X,Normale,Deux véhicules - côté,,,,,,,,,,,1,2,2,1,3
200600017629,0006-04-03 07:45:00,6,4,3,7,45,790,158,,46.138,-0.159,Plein jour,Hors agglomération,Hors intersection,Normale,Deux véhicules - côté,,,,,,,,,,,1,1,1,1,3
200600017630,0006-04-15 16:00:00,6,4,15,16,0,790,352,,46.109,-0.292,Plein jour,Hors agglomération,Hors intersection,Normale,Sans collision,,,,,,,,,,,1,1,1,1,7
200600017631,0006-04-25 14:30:00,6,4,25,14,30,790,230,,46.282,0.133,Plein jour,Hors agglomération,Hors intersection,Temps éblouissant,Trois véhicules et plus - collisions multiples,,,,,,,,,,,1,1,1,7,5
200600017632,0006-04-25 14:30:00,6,4,25,14,30,790,71,,,,Plein jour,Hors agglomération,Hors intersection,Normale,Deux véhicules - frontale,,,,,,,,,,,1,1,1,1,1
200600017633,0006-04-02 21:23:00,6,4,2,21,23,790,156,carrefour d138 d27,,,Nuit sans éclairage public,Hors agglomération,Intersection en X,Normale,Deux véhicules - côté,,,,,,,,,,,3,1,2,1,3
200600017634,0006-04-12 14:15:00,6,4,12,14,15,790,19,,46.74,-0.131,Plein jour,Hors agglomération,Hors intersection,Normale,Deux véhicules - arrière,,,,,,,,,,,1,1,1,1,2
200600017635,0006-04-05 17:15:00,6,4,5,17,15,870,2,Avenue de la Libération,45.956,1.396,Plein jour,En agglomération,Hors intersection,Normale,Autre collision,,,,,,,,,,,1,2,1,1,6
200600017636,0006-04-21 18:30:00,6,4,21,18,30,870,35,,45.84,1.614,Plein jour,Hors agglomération,Hors intersection,Normale,Autre collision,,,,,,,,,,,1,1,1,1,6
200600017637,0006-04-09 01:30:00,6,4,9,1,30,870,66,,,,Nuit avec éclairage allumé,En agglomération,Hors intersection,Normale,Autre collision,,,,,,,,,,,5,2,1,1,6
200600017638,0006-04-01 21:45:00,6,4,1,21,45,870,11,,46.111,1.087,Nuit sans éclairage public,Hors agglomération,Hors intersection,Normale,Autre collision,,,,,,,,,,,3,1,1,1,6
200600017639,0006-04-04 12:30:00,6,4,4,12,30,870,33,Le Chatain,,,Plein jour,Hors agglomération,Hors intersection,Normale,Deux véhicules - arrière,,,,,,,,,,,1,1,1,1,2
200600017640,0006-04-28 15:45:00,6,4,28,15,45,870,103,3 avenue des pins,,,Plein jour,En agglomération,Hors intersection,Normale,Autre collision,,,,,,,,,,,1,2,1,1,6
200600017641,0006-04-08 21:30:00,6,4,8,21,30,190,176,La Fontaine du Trait,,,Nuit sans éclairage public,Hors agglomération,Intersection en X,Normale,Trois véhicules et plus - en chaîne,,,,,,,,,,,3,1,2,1,4
200600017642,0006-04-18 18:15:00,6,4,18,18,15,190,56,carrefour CD 978 - CD 10,,,Plein jour,En agglomération,Hors intersection,Normale,Deux véhicules - frontale,,,,,,,,,,,1,2,1,1,1
200600017643,0006-04-07 14:35:00,6,4,7,14,35,190,1,le bourg,45.524,1.766,Plein jour,En agglomération,Hors intersection,Normale,Deux véhicules - côté,,,,,,,,,,,1,2,1,1,3
200600017644,0006-04-12 08:00:00,6,4,12,8,0,190,276,Av du Général De Gaulle,45.42,1.56,Plein jour,En agglomération,Hors intersection,Normale,Trois véhicules et plus - collisions multiples,,,,,,,,,,,1,2,1,1,5
200600017645,0006-04-07 08:15:00,6,4,7,8,15,190,23,Le bourg,45.127,1.726,Plein jour,En agglomération,Hors intersection,Normale,Sans collision,,,,,,,,,,,1,2,1,1,7
200600017646,0006-04-28 16:20:00,6,4,28,16,20,190,13,Vergonzac,,,Plein jour,En agglomération,Hors intersection,Normale,Deux véhicules - côté,,,,,,,,,,,1,2,1,1,3
200600017647,0006-04-01 03:30:00,6,4,1,3,30,190,195,,45.261,1.387,Nuit sans éclairage public,Hors agglomération,Hors intersection,Normale,Autre collision,,,,,,,,,,,3,1,1,1,6
200600017648,0006-04-10 14:00:00,6,4,10,14,0,190,114,,45.596,2.291,Plein jour,Hors agglomération,Hors intersection,Pluie légère,Deux véhicules - côté,,,,,,,,,,,1,1,1,2,3
200600017649,0006-04-19 03:00:00,6,4,19,3,0,230,18,,46.329,1.528,Nuit sans éclairage public,Hors agglomération,Hors intersection,Normale,Autre collision,,,,,,,,,,,3,1,1,1,6
200600017650,0006-04-11 18:00:00,6,4,11,18,0,230,8,Rue des Lissiers,45.958,2.167,Plein jour,En agglomération,Hors intersection,Normale,Sans collision,,,,,,,,,,,1,2,1,1,7
200600017651,0006-04-11 08:45:00,6,4,11,8,45,230,125,,45.734,2.199,Plein jour,Hors agglomération,Hors intersection,Autre,Deux véhicules - frontale,,,,,,,,,,,1,1,1,9,1
200600017652,0006-04-12 16:15:00,6,4,12,16,15,230,67,Rue de l'Eglise,45.705,2.264,Plein jour,En agglomération,Hors intersection,Normale,Deux véhicules - frontale,,,,,,,,,,,1,2,1,1,1
200600017653,0006-04-08 15:00:00,6,4,8,15,0,230,14,ieu-dit Le Cros  - CD 61,46.092,1.796,Plein jour,Hors agglomération,Intersection en X,Normale,Deux véhicules - frontale,,,,,,,,,,,1,1,2,1,1
200600017654,0006-04-13 04:45:00,6,4,13,4,45,310,44,Avenue des Aérostiers,43.612,1.488,Nuit avec éclairage allumé,En agglomération,Giratoire,Normale,Sans collision,,,,,,,,,,,5,2,6,1,7
200600017655,0006-04-01 18:15:00,6,4,1,18,15,310,212,RN88,,,Plein jour,En agglomération,Hors intersection,Normale,Autre collision,,,,,,,,,,,1,2,1,1,6
200600017656,0006-04-18 23:00:00,6,4,18,23,0,310,584,avenue de la gare,,,Nuit avec éclairage allumé,En agglomération,Hors intersection,Normale,Autre collision,,,,,,,,,,,5,2,1,1,6
200600017657,0006-04-08 22:45:00,6,4,8,22,45,310,424,Boulevard Victor HUGO,43.57,1.321,Nuit avec éclairage allumé,En agglomération,Hors intersection,Normale,Autre collision,,,,,,,,,,,5,2,1,1,6
200600017658,0006-04-14 08:30:00,6,4,14,8,30,310,291,59 Avenue de Gascogne,43.604,1.234,Plein jour,En agglomération,Hors intersection,Normale,Autre collision,,,,,,,,,,,1,2,1,1,6
200600017659,0006-04-29 06:30:00,6,4,29,6,30,310,438,,43.643,1.146,Crépuscule ou aube,Hors agglomération,Hors intersection,Normale,Autre collision,,,,,,,,,,,2,1,1,1,6
200600017660,0006-04-07 08:00:00,6,4,7,8,0,310,433,,43.544,1.376,Plein jour,Hors agglomération,Intersection en T,Normale,Deux véhicules - côté,,,,,,,,,,,1,1,3,1,3
200600017661,0006-04-11 05:00:00,6,4,11,5,0,310,433,,43.537,1.389,Nuit sans éclairage public,En agglomération,Intersection en T,Normale,Deux véhicules - frontale,,,,,,,,,,,3,2,3,1,1
200600017662,0006-04-27 11:00:00,6,4,27,11,0,310,458,AV DES PYRENEES,43.511,1.371,Plein jour,En agglomération,Intersection en X,Normale,Trois véhicules et plus - collisions multiples,,,,,,,,,,,1,2,2,1,5
200600017663,0006-04-08 07:30:00,6,4,8,7,30,310,446,RN 113,43.54,1.48,Plein jour,En agglomération,Hors intersection,Normale,Deux véhicules - frontale,,,,,,,,,,,1,2,1,1,1
200600017664,0006-04-06 20:00:00,6,4,6,20,0,310,516,"e de villemur, PK 48+700",,,Plein jour,Hors agglomération,Hors intersection,Normale,Deux véhicules - arrière,,,,,,,,,,,1,1,1,1,2
200600017665,0006-04-13 08:00:00,6,4,13,8,0,310,182,estaurant la Feuilleraie,,,Plein jour,Hors agglomération,Hors intersection,Normale,Deux véhicules - frontale,,,,,,,,,,,1,1,1,1,1
200600017666,0006-04-23 11:30:00,6,4,23,11,30,310,91,9 AVENUE DE TOULOUSE,43.734,1.416,Plein jour,En agglomération,Hors intersection,Normale,Deux véhicules - arrière,,,,,,,,,,,1,2,1,1,2
200600017667,0006-04-24 12:30:00,6,4,24,12,30,310,91,,,,Plein jour,Hors agglomération,Hors intersection,Normale,Autre collision,,,,,,,,,,,1,1,1,1,6
200600017668,0006-04-15 21:00:00,6,4,15,21,0,310,561,RN 88 - au niveau du N°,,,Nuit avec éclairage allumé,En agglomération,Hors intersection,Pluie forte,Autre collision,,,,,,,,,,,5,2,1,3,6
200600017669,0006-04-04 18:45:00,6,4,4,18,45,310,395,7 RUE DU LANGUEDOC,,,Plein jour,En agglomération,Hors intersection,Normale,Deux véhicules - côté,,,,,,,,,,,1,2,1,1,3
200600017670,0006-04-26 10:15:00,6,4,26,10,15,310,395,AVENUE JACQUES DOUZANS,43.467,1.326,Plein jour,En agglomération,Hors intersection,Normale,Autre collision,,,,,,,,,,,1,2,1,1,6
200600017671,0006-04-29 11:00:00,6,4,29,11,0,310,263,,43.402,1.407,Plein jour,Hors agglomération,Hors intersection,Normale,Autre collision,,,,,,,,,,,1,1,1,1,6
200600017672,0006-04-03 21:00:00,6,4,3,21,0,310,361,,43.344,1.323,Nuit sans éclairage public,Hors agglomération,Hors intersection,Normale,Deux véhicules - frontale,,,,,,,,,,,3,1,1,1,1
200600017673,0006-04-04 18:00:00,6,4,4,18,0,310,574,Rue de l'Oratoire,43.437,1.427,Plein jour,En agglomération,Hors intersection,Normale,Deux véhicules - arrière,,,,,,,,,,,1,2,1,1,2
200600017674,0006-04-22 16:15:00,6,4,22,16,15,310,33,,43.342,1.481,Plein jour,Hors agglomération,Hors intersection,Normale,Deux véhicules - arrière,,,,,,,,,,,1,1,1,1,2
200600017675,0006-04-25 08:00:00,6,4,25,8,0,310,145,,43.336,1.488,Plein jour,Hors agglomération,Hors intersection,Temps couvert,Trois véhicules et plus - collisions multiples,,,,,,,,,,,1,1,1,8,5
200600017676,0006-04-05 14:15:00,6,4,5,14,15,310,107,RUE ETIENNE PROJEAN,43.302,1.227,Plein jour,En agglomération,Hors intersection,Normale,Autre collision,,,,,,,,,,,1,2,1,1,6
200600017677,0006-04-19 08:00:00,6,4,19,8,0,310,324,,43.204,1.012,Plein jour,En agglomération,Giratoire,Normale,Autre collision,,,,,,,,,,,1,2,6,1,6
200600017678,0006-04-09 01:30:00,6,4,9,1,30,310,481,,,,Nuit sans éclairage public,Hors agglomération,Intersection en X,Normale,Deux véhicules - côté,,,,,,,,,,,3,1,2,1,3
200600017679,0006-04-13 13:20:00,6,4,13,13,20,310,302,Carrefour D9/D75,,,Plein jour,En agglomération,Intersection en Y,Normale,Deux véhicules - côté,,,,,,,,,,,1,2,4,1,3
200600017680,0006-04-17 01:15:00,6,4,17,1,15,310,43,,43.199,0.56,Nuit sans éclairage public,Hors agglomération,Hors intersection,Normale,Sans collision,,,,,,,,,,,3,1,1,1,7
200600017681,0006-04-21 15:30:00,6,4,21,15,30,310,390,RN 117,43.09,0.562,Plein jour,En agglomération,Hors intersection,Temps éblouissant,Deux véhicules - côté,,,,,,,,,,,1,2,1,7,3
200600017682,0006-04-22 18:10:00,6,4,22,18,10,310,207,,42.994,0.631,Plein jour,Hors agglomération,Hors intersection,Pluie légère,Deux véhicules - côté,,,,,,,,,,,1,1,1,2,3
200600017683,0006-04-07 00:15:00,6,4,7,0,15,310,142,,42.86,0.607,Nuit sans éclairage public,Hors agglomération,Hors intersection,Normale,Deux véhicules - frontale,,,,,,,,,,,3,1,1,1,1
200600017684,0006-04-18 07:30:00,6,4,18,7,30,310,144,,42.932,0.65,Crépuscule ou aube,Hors agglomération,Hors intersection,Pluie légère,Deux véhicules - côté,,,,,,,,,,,2,1,1,2,3
200600017685,0006-04-08 03:30:00,6,4,8,3,30,310,415,,,,Nuit sans éclairage public,Hors agglomération,Hors intersection,Normale,Autre collision,,,,,,,,,,,3,1,1,1,6
200600017686,0006-04-05 15:00:00,6,4,5,15,0,310,485,lieu dit Peyrecave,43.478,1.722,Plein jour,Hors agglomération,Hors intersection,Normale,Deux véhicules - côté,,,,,,,,,,,1,1,1,1,3
200600017687,0006-04-20 17:15:00,6,4,20,17,15,310,546,,43.372,1.673,Plein jour,Hors agglomération,Hors intersection,Temps éblouissant,Deux véhicules - frontale,,,,,,,,,,,1,1,1,7,1
200600017688,0006-04-01 00:45:00,6,4,1,0,45,310,29,,43.542,1.696,Nuit sans éclairage public,Hors agglomération,Hors intersection,Normale,Autre collision,,,,,,,,,,,3,1,1,1,6
200600017689,0006-04-02 04:15:00,6,4,2,4,15,310,4,,43.452,1.597,Nuit avec éclairage allumé,Hors agglomération,Intersection à plus de 4 branches,Normale,Deux véhicules - côté,,,,,,,,,,,5,1,5,1,3
200600017690,0006-04-24 09:15:00,6,4,24,9,15,90,303,Route de Saurat,42.866,1.574,Plein jour,En agglomération,Hors intersection,Normale,Autre collision,,,,,,,,,,,1,2,1,1,6
200600017691,0006-04-29 11:00:00,6,4,29,11,0,90,306,Avenue St Roch,,,Plein jour,En agglomération,Hors intersection,Normale,Deux véhicules - côté,,,,,,,,,,,1,2,1,1,3
200600017692,0006-04-30 14:30:00,6,4,30,14,30,90,38,e de Toulouse - C.D. 628,43.16,1.27,Plein jour,Hors agglomération,Hors intersection,Normale,Autre collision,,,,,,,,,,,1,1,1,1,6
200600017693,0006-04-07 07:00:00,6,4,7,7,0,90,194,,43.088,1.905,Crépuscule ou aube,Hors agglomération,Hors intersection,Normale,Deux véhicules - frontale,,,,,,,,,,,2,1,1,1,1
200600017694,0006-04-23 22:15:00,6,4,23,22,15,90,268,RD117,43.006,1.131,Nuit avec éclairage allumé,En agglomération,Hors intersection,Normale,Deux véhicules - côté,,,,,,,,,,,5,2,1,1,3
200600017695,0006-04-29 01:30:00,6,4,29,1,30,90,149,,42.956,1.176,Nuit sans éclairage public,Hors agglomération,Hors intersection,Normale,Sans collision,,,,,,,,,,,3,1,1,1,7
200600017696,0006-04-16 00:30:00,6,4,16,0,30,120,32,,44.309,2.395,Nuit sans éclairage public,Hors agglomération,Hors intersection,Pluie légère,Deux véhicules - côté,,,,,,,,,,,3,1,1,2,3
200600017697,0006-04-30 09:45:00,6,4,30,9,45,120,202,FLAVIN,44.29,2.605,Plein jour,En agglomération,Hors intersection,Normale,Deux véhicules - frontale,,,,,,,,,,,1,2,1,1,1
200600017698,0006-04-19 15:40:00,6,4,19,15,40,120,199,la Bouldoire,,,Plein jour,Hors agglomération,Hors intersection,Normale,Sans collision,,,,,,,,,,,1,1,1,1,7
200600017699,0006-04-24 19:00:00,6,4,24,19,0,120,134,La Miquelie,,,Plein jour,En agglomération,Hors intersection,Normale,Deux véhicules - frontale,,,,,,,,,,,1,2,1,1,1
200600017700,0006-04-01 20:00:00,6,4,1,20,0,120,164,rue de l'église,,,Plein jour,En agglomération,Autre intersection,Normale,Deux véhicules - côté,,,,,,,,,,,1,2,9,1,3
200600017701,0006-04-25 08:55:00,6,4,25,8,55,120,238,arrefour CD 911 et CD 29,,,Plein jour,Hors agglomération,Hors intersection,Normale,Deux véhicules - côté,,,,,,,,,,,1,1,1,1,3
200600017702,0006-04-29 17:30:00,6,4,29,17,30,120,266,CD29,44.268,2.892,Plein jour,Hors agglomération,Hors intersection,Normale,Deux véhicules - frontale,,,,,,,,,,,1,1,1,1,1
200600017703,0006-04-15 15:35:00,6,4,15,15,35,120,140,Lieu dit Lenque,,,Plein jour,Hors agglomération,Intersection en X,Normale,Deux véhicules - côté,,,,,,,,,,,1,1,2,1,3
200600017704,0006-04-29 14:30:00,6,4,29,14,30,120,300,Côte de Grave,44.35,2.02,Plein jour,En agglomération,Hors intersection,Normale,Deux véhicules - frontale,,,,,,,,,,,1,2,1,1,1
200600017705,0006-04-05 17:45:00,6,4,5,17,45,320,183,,43.664,0.665,Plein jour,Hors agglomération,Hors intersection,Normale,Deux véhicules - frontale,,,,,,,,,,,1,1,1,1,1
200600017706,0006-04-24 20:10:00,6,4,24,20,10,320,29,"""Gazax""",43.603,0.43,Plein jour,Hors agglomération,Hors intersection,Normale,Deux véhicules - frontale,,,,,,,,,,,1,1,1,1,1
200600017707,0006-04-26 17:15:00,6,4,26,17,15,320,162,,43.76,0.478,Plein jour,Hors agglomération,Hors intersection,Normale,Trois véhicules et plus - collisions multiples,,,,,,,,,,,1,1,1,1,5
200600017708,0006-04-09 04:15:00,6,4,9,4,15,320,87,,43.865,-0.167,Nuit sans éclairage public,En agglomération,Hors intersection,Normale,Autre collision,,,,,,,,,,,3,2,1,1,6
200600017709,0006-04-24 13:45:00,6,4,24,13,45,320,96,,,,Plein jour,Hors agglomération,Hors intersection,Normale,Deux véhicules - frontale,,,,,,,,,,,1,1,1,1,1
200600017710,0006-04-30 20:30:00,6,4,30,20,30,320,79,,43.953,0.093,Crépuscule ou aube,Hors agglomération,Hors intersection,Normale,Sans collision,,,,,,,,,,,2,1,1,1,7
200600017711,0006-04-03 09:15:00,6,4,3,9,15,320,132,Allées Aristide BRIAND,43.85,0.666,Plein jour,En agglomération,Hors intersection,Normale,Autre collision,,,,,,,,,,,1,2,1,1,6
200600017712,0006-04-09 09:30:00,6,4,9,9,30,320,370,,,,Plein jour,Hors agglomération,Hors intersection,Normale,Autre collision,,,,,,,,,,,1,1,1,1,6
200600017713,0006-04-28 15:15:00,6,4,28,15,15,320,85,,43.985,0.72,Plein jour,Hors agglomération,Hors intersection,Temps couvert,Deux véhicules - côté,,,,,,,,,,,1,1,1,8,3
200600017714,0006-04-27 18:15:00,6,4,27,18,15,320,254,,43.548,0.47,Plein jour,Hors agglomération,Hors intersection,Temps couvert,Trois véhicules et plus - collisions multiples,,,,,,,,,,,1,1,1,8,5
200600017715,0006-04-03 06:30:00,6,4,3,6,30,320,28,au village,43.384,0.391,Crépuscule ou aube,En agglomération,Hors intersection,Normale,Autre collision,,,,,,,,,,,2,2,1,1,6
200600017716,0006-04-07 14:15:00,6,4,7,14,15,320,464,au n° 48 route de Tarbes,,,Plein jour,En agglomération,Hors intersection,Normale,Deux véhicules - côté,,,,,,,,,,,1,2,1,1,3
200600017717,0006-04-13 11:30:00,6,4,13,11,30,320,233,,43.53,0.18,Plein jour,Hors agglomération,Hors intersection,Normale,Autre collision,,,,,,,,,,,1,1,1,1,6
200600017718,0006-04-30 19:15:00,6,4,30,19,15,320,265,CARREFOUR CD34 CD159,43.53,0.347,Plein jour,En agglomération,Hors intersection,Normale,Deux véhicules - frontale,,,,,,,,,,,1,2,1,1,1
200600017719,0006-04-22 17:50:00,6,4,22,17,50,460,137,CD 653 - Route du Cluzel,,,Plein jour,Hors agglomération,Hors intersection,Normale,Deux véhicules - frontale,,,,,,,,,,,1,1,1,1,1
200600017720,0006-04-03 16:45:00,6,4,3,16,45,460,89,,,,Plein jour,Hors agglomération,Hors intersection,Normale,Deux véhicules - côté,,,,,,,,,,,1,1,1,1,3
200600017721,0006-04-15 18:30:00,6,4,15,18,30,460,307,Lieu Dit Le Pradal,44.497,1.044,Plein jour,Hors agglomération,Hors intersection,Normale,Deux véhicules - frontale,,,,,,,,,,,1,1,1,1,1
200600017722,0006-04-05 16:30:00,6,4,5,16,30,460,273,,,,Plein jour,Hors agglomération,Hors intersection,Normale,Sans collision,,,,,,,,,,,1,1,1,1,7
200600017723,0006-04-06 14:15:00,6,4,6,14,15,460,271,D 807 ST JEAN LESPINASSE,44.865,1.849,Plein jour,En agglomération,Hors intersection,Normale,Autre collision,,,,,,,,,,,1,2,1,1,6
200600017724,0006-04-14 09:00:00,6,4,14,9,0,460,311,Route de St-Céré,,,Plein jour,En agglomération,Hors intersection,Normale,Deux véhicules - frontale,,,,,,,,,,,1,2,1,1,1
200600017725,0006-04-08 11:20:00,6,4,8,11,20,460,127,Le champ de l'abbé,,,Plein jour,Hors agglomération,Hors intersection,Normale,Deux véhicules - arrière,,,,,,,,,,,1,1,1,1,2
200600017726,0006-04-01 06:00:00,6,4,1,6,0,460,128,avenue Louis Conte,,,Nuit avec éclairage allumé,En agglomération,Hors intersection,Normale,Deux véhicules - arrière,,,,,,,,,,,5,2,1,1,2
200600017727,0006-04-21 14:30:00,6,4,21,14,30,460,83,"lieu dit ""TERSAC""",,,Plein jour,Hors agglomération,Hors intersection,Normale,Autre collision,,,,,,,,,,,1,1,1,1,6
200600017728,0006-04-25 16:45:00,6,4,25,16,45,650,375,rue du foirail,,,Plein jour,En agglomération,Intersection en T,Normale,Deux véhicules - côté,,,,,,,,,,,1,2,3,1,3
200600017729,0006-04-01 09:15:00,6,4,1,9,15,650,7,dit le pont d'Andrest,43.32,0.07,Plein jour,Hors agglomération,Hors intersection,Normale,Trois véhicules et plus - collisions multiples,,,,,,,,,,,1,1,1,1,5
200600017730,0006-04-14 19:30:00,6,4,14,19,30,650,130,,43.57,-0.02,Crépuscule ou aube,Hors agglomération,Hors intersection,Normale,Deux véhicules - côté,,,,,,,,,,,2,1,1,1,3
200600017731,0006-04-20 08:30:00,6,4,20,8,30,810,26,,,,Plein jour,Hors agglomération,Hors intersection,Autre,Deux véhicules - côté,,,,,,,,,,,1,1,1,9,3
200600017732,0006-04-09 06:00:00,6,4,9,6,0,810,308,,44.029,2.403,Nuit sans éclairage public,Hors agglomération,Hors intersection,Normale,Autre collision,,,,,,,,,,,3,1,1,1,6
200600017733,0006-04-01 04:30:00,6,4,1,4,30,810,140,,43.7,1.8,Nuit sans éclairage public,Hors agglomération,Hors intersection,Normale,Trois véhicules et plus - collisions multiples,,,,,,,,,,,3,1,1,1,5
200600017734,0006-04-28 17:15:00,6,4,28,17,15,810,39,"lotissement al pount, ro",,,Plein jour,En agglomération,Hors intersection,Normale,Autre collision,,,,,,,,,,,1,2,1,1,6
200600017735,0006-04-02 03:00:00,6,4,2,3,0,810,99,,43.886,1.857,Nuit sans éclairage public,Hors agglomération,Hors intersection,Normale,Autre collision,,,,,,,,,,,3,1,1,1,6
200600017736,0006-04-18 08:15:00,6,4,18,8,15,690,89,20 rue du bochut,,,Plein jour,En agglomération,Hors intersection,Normale,Deux véhicules - côté,,,,,,,,,,,1,2,1,1,3
200600017737,0006-04-30 20:15:00,6,4,30,20,15,810,204,carrefour RD 612 / CD 65,43.526,2.364,Plein jour,En agglomération,Hors intersection,Temps éblouissant,Deux véhicules - frontale,,,,,,,,,,,1,2,1,7,1
200600017738,0006-04-03 21:00:00,6,4,3,21,0,810,81,CD 85,,,Nuit sans éclairage public,Hors agglomération,Hors intersection,Normale,Autre collision,,,,,,,,,,,3,1,1,1,6
200600017739,0006-04-22 10:20:00,6,4,22,10,20,810,219,"""la peyre""",,,Plein jour,Hors agglomération,Hors intersection,Normale,Sans collision,,,,,,,,,,,1,1,1,1,7
200600017740,0006-04-02 09:00:00,6,4,2,9,0,820,126,"lieu dit "" la biasse""",,,Plein jour,En agglomération,Giratoire,Normale,Autre collision,,,,,,,,,,,1,2,6,1,6
200600017741,0006-04-13 09:10:00,6,4,13,9,10,820,87,Pech Raynaud,,,Plein jour,Hors agglomération,Hors intersection,Normale,Autre collision,,,,,,,,,,,1,1,1,1,6
200600017742,0006-04-21 14:45:00,6,4,21,14,45,820,90,Avenue de Cos,,,Plein jour,En agglomération,Hors intersection,Normale,Deux véhicules - côté,,,,,,,,,,,1,2,1,1,3
200600017743,0006-04-28 08:15:00,6,4,28,8,15,820,98,"Lieu-dit ""Bellegarde""",,,Plein jour,Hors agglomération,Hors intersection,Normale,Autre collision,,,,,,,,,,,1,1,1,1,6
200600017744,0006-04-05 07:45:00,6,4,5,7,45,820,13,,43.868,1.039,Plein jour,Hors agglomération,Hors intersection,Pluie légère,Autre collision,,,,,,,,,,,1,1,1,2,6
200600017745,0006-04-19 11:30:00,6,4,19,11,30,820,103,,43.84,0.92,Plein jour,Hors agglomération,Hors intersection,Normale,Sans collision,,,,,,,,,,,1,1,1,1,7
200600017746,0006-04-21 18:15:00,6,4,21,18,15,820,180,,,,Plein jour,Hors agglomération,Hors intersection,Normale,Autre collision,,,,,,,,,,,1,1,1,1,6
200600017747,0006-04-23 21:30:00,6,4,23,21,30,820,53,,43.869,1.068,Nuit sans éclairage public,Hors agglomération,Hors intersection,Normale,Autre collision,,,,,,,,,,,3,1,1,1,6
200600017748,0006-04-23 15:15:00,6,4,23,15,15,820,75,Camp de CASTELNAU,,,Plein jour,Hors agglomération,Hors intersection,Normale,Deux véhicules - arrière,,,,,,,,,,,1,1,1,1,2
200600017749,0006-04-27 17:45:00,6,4,27,17,45,820,136,,,,Plein jour,Hors agglomération,Hors intersection,Normale,Autre collision,,,,,,,,,,,1,1,1,1,6
200600017750,0006-04-21 23:00:00,6,4,21,23,0,820,51,"lieu-dit ""la bourdonne""",44.175,1.165,Nuit sans éclairage public,Hors agglomération,Hors intersection,Normale,Autre collision,,,,,,,,,,,3,1,1,1,6
200600017751,0006-04-04 21:50:00,6,4,4,21,50,820,96,"Barraque"" - PK 10 + 500",,,Nuit sans éclairage public,Hors agglomération,Hors intersection,Normale,Sans collision,,,,,,,,,,,3,1,1,1,7
200600017752,0006-04-28 23:00:00,6,4,28,23,0,820,127,,,,Nuit sans éclairage public,Hors agglomération,Hors intersection,Normale,Autre collision,,,,,,,,,,,3,1,1,1,6
200600017753,0006-04-30 11:50:00,6,4,30,11,50,820,169,CD15,,,Plein jour,Hors agglomération,Hors intersection,Normale,Sans collision,,,,,,,,,,,1,1,1,1,7
200600017754,0006-04-14 15:45:00,6,4,14,15,45,820,186,ROND POINT DE L EUROPE,,,Plein jour,En agglomération,Giratoire,Normale,Sans collision,,,,,,,,,,,1,2,6,1,7
200600017755,0006-04-21 08:15:00,6,4,21,8,15,690,194,Place Morel,,,Plein jour,En agglomération,Place,Normale,Deux véhicules - frontale,,,,,,,,,,,1,2,7,1,1
200600017756,0006-04-22 12:15:00,6,4,22,12,15,690,285,CD 517,,,Plein jour,En agglomération,Hors intersection,Normale,Deux véhicules - côté,,,,,,,,,,,1,2,1,1,3
200600017757,0006-04-13 14:15:00,6,4,13,14,15,690,286,avenue de l'hippodrome,,,Plein jour,En agglomération,Hors intersection,Pluie légère,Deux véhicules - frontale,,,,,,,,,,,1,2,1,2,1
200600017758,0006-04-27 20:15:00,6,4,27,20,15,690,287,,,,Plein jour,Hors agglomération,Hors intersection,Temps couvert,Sans collision,,,,,,,,,,,1,1,1,8,7
200600017759,0006-04-01 18:55:00,6,4,1,18,55,690,273,Rue Marcel Meyrieux,,,Plein jour,En agglomération,Hors intersection,Normale,Deux véhicules - côté,,,,,,,,,,,1,2,1,1,3
200600017760,0006-04-10 16:45:00,6,4,10,16,45,690,283,CD 518 - devant le n° 30,,,Plein jour,En agglomération,Hors intersection,Pluie légère,Deux véhicules - frontale,,,,,,,,,,,1,2,1,2,1
200600017761,0006-04-18 15:45:00,6,4,18,15,45,690,112,"devant le magasin ""8 à 8",,,Plein jour,En agglomération,Hors intersection,Normale,Trois véhicules et plus - collisions multiples,,,,,,,,,,,1,2,1,1,5
200600017762,0006-04-24 10:45:00,6,4,24,10,45,690,238,Place des terreaux,45.636,4.458,Plein jour,En agglomération,Hors intersection,Normale,Deux véhicules - côté,,,,,,,,,,,1,2,1,1,3