accident_id,datetime,annee,mois,jour,heure,minute,departement,commune_insee,adresse,latitude,longitude,luminosite,agglomeration,intersection,meteo,collision,nb_vehicules,nb_usagers,nb_indemnes,nb_tues,nb_blesses_hosp,nb_blesses_legers,age_cond_1,age_cond_2,veh_type_cond_1,veh_type_cond_2,lum_code,agg_code,int_code,atm_code,col_code
200600017763,0006-04-05 10:45:00,6,4,5,10,45,690,94,chemin du martoret,45.738,4.688,Plein jour,En agglomération,Hors intersection,Normale,Deux véhicules - frontale,,,,,,,,,,,1,2,1,1,1
200600017764,0006-04-21 23:30:00,6,4,21,23,30,690,249,,45.68,4.66,Nuit sans éclairage public,Hors agglomération,Hors intersection,Normale,Autre collision,,,,,,,,,,,3,1,1,1,6
200600017765,0006-04-14 17:30:00,6,4,14,17,30,690,291,avenue de Burago di Mold,,,Plein jour,En agglomération,Hors intersection,Normale,Deux véhicules - arrière,,,,,,,,,,,1,2,1,1,2
200600017766,0006-04-18 16:30:00,6,4,18,16,30,690,228,,,,Plein jour,Hors agglomération,Hors intersection,Normale,Sans collision,,,,,,,,,,,1,1,1,1,7
200600017767,0006-04-02 14:30:00,6,4,2,14,30,690,9,,,,Plein jour,Hors agglomération,Hors intersection,Normale,Autre collision,,,,,,,,,,,1,1,1,1,6
200600017768,0006-04-04 17:55:00,6,4,4,17,55,690,121,190 rte de Lyon,,,Plein jour,En agglomération,Hors intersection,Normale,Autre collision,,,,,,,,,,,1,2,1,1,6
200600017769,0006-04-10 18:30:00,6,4,10,18,30,690,106,Montée de LACHASSAGNE,,,Plein jour,En agglomération,Hors intersection,Pluie forte,Deux véhicules - frontale,,,,,,,,,,,1,2,1,3,1
200600017770,0006-04-27 17:30:00,6,4,27,17,30,690,165,105 chemin d'Erpent,46.143,4.642,Plein jour,En agglomération,Hors intersection,Normale,Deux véhicules - arrière,,,,,,,,,,,1,2,1,1,2
200600017771,0006-04-01 14:30:00,6,4,1,14,30,690,206,CD 43,,,Plein jour,Hors agglomération,Hors intersection,Normale,Autre collision,,,,,,,,,,,1,1,1,1,6
200600017772,0006-04-17 16:00:00,6,4,17,16,0,690,19,,46.097,4.73,Plein jour,Hors agglomération,Hors intersection,Normale,Trois véhicules et plus - collisions multiples,,,,,,,,,,,1,1,1,1,5
200600017773,0006-04-18 21:10:00,6,4,18,21,10,690,211,CD 337,,,Nuit sans éclairage public,Hors agglomération,Hors intersection,Normale,Deux véhicules - arrière,,,,,,,,,,,3,1,1,1,2
200600017774,0006-04-19 12:30:00,6,4,19,12,30,690,206,route de bois franc CD20,46.063,4.707,Plein jour,En agglomération,Hors intersection,Normale,Deux véhicules - côté,,,,,,,,,,,1,2,1,1,3
200600017775,0006-04-29 11:45:00,6,4,29,11,45,690,77,CIMETIERE,46.159,4.765,Crépuscule ou aube,En agglomération,Hors intersection,Normale,Deux véhicules - frontale,,,,,,,,,,,2,2,1,1,1
200600017776,0006-04-16 06:45:00,6,4,16,6,45,690,111,"Les Granges, CD 313",,,Crépuscule ou aube,Hors agglomération,Hors intersection,Normale,Sans collision,,,,,,,,,,,2,1,1,1,7
200600017777,0006-04-22 01:30:00,6,4,22,1,30,690,50,CD70E,,,Nuit sans éclairage public,Hors agglomération,Hors intersection,Normale,Sans collision,,,,,,,,,,,3,1,1,1,7
200600017778,0006-04-07 09:40:00,6,4,7,9,40,690,160,"eu-dit ""la croisillette""",,,Plein jour,Hors agglomération,Hors intersection,Normale,Sans collision,,,,,,,,,,,1,1,1,1,7
200600017779,0006-04-22 10:00:00,6,4,22,10,0,690,229,,,,Plein jour,Hors agglomération,Hors intersection,Normale,Trois véhicules et plus - collisions multiples,,,,,,,,,,,1,1,1,1,5
200600017780,0006-04-14 05:45:00,6,4,14,5,45,10,264,l'étoile,46.194,5.128,Nuit sans éclairage public,Hors agglomération,Hors intersection,Normale,Autre collision,,,,,,,,,,,3,1,1,1,6
200600017781,0006-04-21 12:00:00,6,4,21,12,0,10,259,,46.21,5.1,Plein jour,Hors agglomération,Hors intersection,Normale,Autre collision,,,,,,,,,,,1,1,1,1,6
200600017782,0006-04-09 05:00:00,6,4,9,5,0,10,125,,46.219,5.45,Plein jour,Hors agglomération,Hors intersection,Pluie légère,Autre collision,,,,,,,,,,,1,1,1,2,6
200600017783,0006-04-15 13:30:00,6,4,15,13,30,10,266,"20, route de Bourg",46.337,5.132,Plein jour,En agglomération,Hors intersection,Normale,Deux véhicules - côté,,,,,,,,,,,1,2,1,1,3
200600017784,0006-04-18 08:05:00,6,4,18,8,5,10,24,"Lieud-dit ""les prés""",,,Plein jour,Hors agglomération,Hors intersection,Normale,Deux véhicules - frontale,,,,,,,,,,,1,1,1,1,1
200600017785,0006-04-23 12:45:00,6,4,23,12,45,10,332,,,,Plein jour,Hors agglomération,Hors intersection,Normale,Deux véhicules - côté,,,,,,,,,,,1,1,1,1,3
200600017786,0006-04-30 12:15:00,6,4,30,12,15,10,144,La Route,46.323,5.01,Plein jour,Hors agglomération,Hors intersection,Normale,Deux véhicules - côté,,,,,,,,,,,1,1,1,1,3
200600017787,0006-04-17 18:15:00,6,4,17,18,15,10,904,88 Grande rue,,,Plein jour,En agglomération,Hors intersection,Normale,Deux véhicules - côté,,,,,,,,,,,1,2,1,1,3
200600017788,0006-04-01 22:00:00,6,4,1,22,0,10,116,CD41A,45.825,5.613,Nuit sans éclairage public,Hors agglomération,Hors intersection,Normale,Deux véhicules - frontale,,,,,,,,,,,3,1,1,1,1
200600017789,0006-04-02 16:15:00,6,4,2,16,15,10,456,,,,Plein jour,Hors agglomération,Hors intersection,Normale,Deux véhicules - frontale,,,,,,,,,,,1,1,1,1,1
200600017790,0006-04-08 11:30:00,6,4,8,11,30,10,66,,,,Plein jour,Hors agglomération,Hors intersection,Normale,Trois véhicules et plus - collisions multiples,,,,,,,,,,,1,1,1,1,5
200600017791,0006-04-23 22:30:00,6,4,23,22,30,10,36,,45.906,5.636,Nuit sans éclairage public,Hors agglomération,Hors intersection,Normale,Sans collision,,,,,,,,,,,3,1,1,1,7
200600017792,0006-04-22 20:20:00,6,4,22,20,20,10,282,lieu dit le traverset,,,Crépuscule ou aube,En agglomération,Hors intersection,Normale,Autre collision,,,,,,,,,,,2,2,1,1,6
200600017793,0006-04-18 02:45:00,6,4,18,2,45,10,4,194 RUE ALEXANDRE BERAR,45.969,5.347,Nuit avec éclairage allumé,En agglomération,Hors intersection,Normale,Autre collision,,,,,,,,,,,5,2,1,1,6
200600017794,0006-04-23 17:15:00,6,4,23,17,15,10,345,,45.954,5.321,Plein jour,Hors agglomération,Hors intersection,Normale,Deux véhicules - côté,,,,,,,,,,,1,1,1,1,3
200600017795,0006-04-25 16:00:00,6,4,25,16,0,10,202,,,,Plein jour,Hors agglomération,Giratoire,Normale,Deux véhicules - frontale,,,,,,,,,,,1,1,6,1,1
200600017796,0006-04-24 14:30:00,6,4,24,14,30,10,63,,,,Plein jour,En agglomération,Intersection en X,Normale,Deux véhicules - côté,,,,,,,,,,,1,2,2,1,3
200600017797,0006-04-30 16:30:00,6,4,30,16,30,10,228,,,,Plein jour,Hors agglomération,Hors intersection,Temps éblouissant,Deux véhicules - frontale,,,,,,,,,,,1,1,1,7,1
200600017798,0006-04-02 16:30:00,6,4,2,16,30,10,91,Trébillet,,,Plein jour,Hors agglomération,Hors intersection,Normale,Deux véhicules - côté,,,,,,,,,,,1,1,1,1,3
200600017799,0006-04-02 06:15:00,6,4,2,6,15,10,153,,46.305,6.046,Plein jour,Hors agglomération,Hors intersection,Normale,Deux véhicules - frontale,,,,,,,,,,,1,1,1,1,1
200600017800,0006-04-05 08:15:00,6,4,5,8,15,10,173,,46.346,6.086,Plein jour,Hors agglomération,Hors intersection,Pluie légère,Deux véhicules - côté,,,,,,,,,,,1,1,1,2,3
200600017801,0006-04-12 18:00:00,6,4,12,18,0,10,436,,46.352,6.103,Plein jour,Hors agglomération,Hors intersection,Normale,Deux véhicules - arrière,,,,,,,,,,,1,1,1,1,2
200600017802,0006-04-02 11:15:00,6,4,2,11,15,10,354,rue de Genève,,,Plein jour,En agglomération,Autre intersection,Normale,Autre collision,,,,,,,,,,,1,2,9,1,6
200600017803,0006-04-25 17:00:00,6,4,25,17,0,10,354,"int ""du CERN"" RD35/RD984",,,Plein jour,Hors agglomération,Giratoire,Normale,Trois véhicules et plus - collisions multiples,,,,,,,,,,,1,1,6,1,5
200600017804,0006-04-24 19:00:00,6,4,24,19,0,10,354,Rue de la faucille,,,Plein jour,En agglomération,Hors intersection,Pluie légère,Deux véhicules - arrière,,,,,,,,,,,1,2,1,2,2
200600017805,0006-04-03 16:45:00,6,4,3,16,45,10,85,,,,Plein jour,Hors agglomération,Hors intersection,Normale,Autre collision,,,,,,,,,,,1,1,1,1,6
200600017806,0006-04-25 22:15:00,6,4,25,22,15,10,383,,,,Nuit sans éclairage public,Hors agglomération,Hors intersection,Normale,Sans collision,,,,,,,,,,,3,1,1,1,7
200600017807,0006-04-17 00:30:00,6,4,17,0,30,10,244,nue du Docteur Berthier,,,Nuit avec éclairage allumé,En agglomération,Hors intersection,Normale,Sans collision,,,,,,,,,,,5,2,1,1,7
200600017808,0006-04-08 23:45:00,6,4,8,23,45,10,376,avenue des Iles,,,Nuit avec éclairage allumé,En agglomération,Hors intersection,Normale,Autre collision,,,,,,,,,,,5,2,1,1,6
200600017809,0006-04-03 12:45:00,6,4,3,12,45,10,443,Rue du Bugey,,,Plein jour,En agglomération,Hors intersection,Normale,Deux véhicules - frontale,,,,,,,,,,,1,2,1,1,1
200600017810,0006-04-06 21:00:00,6,4,6,21,0,10,105,LA BERGERIE,,,Nuit avec éclairage allumé,Hors agglomération,Hors intersection,Normale,Deux véhicules - côté,,,,,,,,,,,5,1,1,1,3
200600017811,0006-04-01 19:30:00,6,4,1,19,30,10,398,LE BOURG-CD 44,,,Plein jour,En agglomération,Hors intersection,Normale,Autre collision,,,,,,,,,,,1,2,1,1,6
200600017812,0006-04-06 19:30:00,6,4,6,19,30,70,278,Lieu-dit Les Sagnes,,,Plein jour,Hors agglomération,Hors intersection,Normale,Deux véhicules - côté,,,,,,,,,,,1,1,1,1,3
200600017813,0006-04-10 17:00:00,6,4,10,17,0,70,348,,44.556,4.409,Plein jour,Hors agglomération,Hors intersection,Normale,Deux véhicules - côté,,,,,,,,,,,1,1,1,1,3
200600017814,0006-04-09 17:15:00,6,4,9,17,15,70,288,RN304,,,Plein jour,Hors agglomération,Hors intersection,Pluie légère,Deux véhicules - côté,,,,,,,,,,,1,1,1,2,3
200600017815,0006-04-11 10:00:00,6,4,11,10,0,70,349,rue Louis Antériou,,,Plein jour,En agglomération,Hors intersection,Normale,Autre collision,,,,,,,,,,,1,2,1,1,6
200600017816,0006-04-07 10:45:00,6,4,7,10,45,70,196,,,,Plein jour,Hors agglomération,Hors intersection,Normale,Deux véhicules - frontale,,,,,,,,,,,1,1,1,1,1
200600017817,0006-04-14 17:15:00,6,4,14,17,15,70,343,quartier les côtes,,,Plein jour,Hors agglomération,Intersection en T,Normale,Deux véhicules - côté,,,,,,,,,,,1,1,3,1,3
200600017818,0006-04-29 15:30:00,6,4,29,15,30,70,117,quartier sous l'église,,,Plein jour,Hors agglomération,Hors intersection,Normale,Deux véhicules - côté,,,,,,,,,,,1,1,1,1,3
200600017819,0006-04-28 18:30:00,6,4,28,18,30,70,127,le village,,,Plein jour,En agglomération,Hors intersection,Normale,Autre collision,,,,,,,,,,,1,2,1,1,6
200600017820,0006-04-01 13:45:00,6,4,1,13,45,70,101,,44.42,4.306,Plein jour,Hors agglomération,Hors intersection,Temps couvert,Autre collision,,,,,,,,,,,1,1,1,8,6
200600017821,0006-04-16 15:20:00,6,4,16,15,20,70,97,RN 86,45.005,4.839,Plein jour,Hors agglomération,Hors intersection,Normale,Autre collision,,,,,,,,,,,1,1,1,1,6
200600017822,0006-04-19 13:30:00,6,4,19,13,30,70,40,,45.02,4.669,Plein jour,Hors agglomération,Intersection en T,Normale,Deux véhicules - côté,,,,,,,,,,,1,1,3,1,3
200600017823,0006-04-21 05:45:00,6,4,21,5,45,70,52,,44.945,4.774,Plein jour,Hors agglomération,Hors intersection,Normale,Deux véhicules - frontale,,,,,,,,,,,1,1,1,1,1
200600017824,0006-04-11 07:30:00,6,4,11,7,30,70,228,Barges - Quartier Morel,,,Plein jour,Hors agglomération,Hors intersection,Normale,Deux véhicules - côté,,,,,,,,,,,1,1,1,1,3
200600017825,0006-04-14 16:15:00,6,4,14,16,15,260,206,rue du stade,44.834,4.979,Plein jour,En agglomération,Hors intersection,Normale,Deux véhicules - côté,,,,,,,,,,,1,2,1,1,3
200600017826,0006-04-06 18:15:00,6,4,6,18,15,260,249,,,,Plein jour,Hors agglomération,Hors intersection,Normale,Autre collision,,,,,,,,,,,1,1,1,1,6
200600017827,0006-04-16 16:30:00,6,4,16,16,30,260,56,,44.563,5.117,Plein jour,Hors agglomération,Hors intersection,Normale,Sans collision,,,,,,,,,,,1,1,1,1,7
200600017828,0006-04-17 11:00:00,6,4,17,11,0,260,365,,,,Plein jour,Hors agglomération,Hors intersection,Normale,Deux véhicules - frontale,,,,,,,,,,,1,1,1,1,1
200600017829,0006-04-22 19:45:00,6,4,22,19,45,260,108,,,,Plein jour,Hors agglomération,Hors intersection,Normale,Autre collision,,,,,,,,,,,1,1,1,1,6
200600017830,0006-04-24 13:30:00,6,4,24,13,30,260,11,intersection rue bories,44.72,5.061,Plein jour,En agglomération,Hors intersection,Normale,Autre collision,,,,,,,,,,,1,2,1,1,6
200600017831,0006-04-25 22:50:00,6,4,25,22,50,260,365,Lieux dit Champsaux,,,Nuit sans éclairage public,Hors agglomération,Hors intersection,Normale,Trois véhicules et plus - collisions multiples,,,,,,,,,,,3,1,1,1,5
200600017832,0006-04-26 17:45:00,6,4,26,17,45,260,108,,,,Plein jour,Hors agglomération,Hors intersection,Normale,Deux véhicules - frontale,,,,,,,,,,,1,1,1,1,1
200600017833,0006-04-29 20:30:00,6,4,29,20,30,260,35,CD 70 - PK40,,,Crépuscule ou aube,Hors agglomération,Hors intersection,Normale,Autre collision,,,,,,,,,,,2,1,1,1,6
200600017834,0006-04-30 19:15:00,6,4,30,19,15,260,336,,44.638,5.075,Plein jour,Hors agglomération,Hors intersection,Normale,Autre collision,,,,,,,,,,,1,1,1,1,6
200600017835,0006-04-19 17:30:00,6,4,19,17,30,260,166,,44.759,4.79,Plein jour,Hors agglomération,Hors intersection,Normale,Deux véhicules - frontale,,,,,,,,,,,1,1,1,1,1
200600017836,0006-04-20 19:00:00,6,4,20,19,0,260,124,rue des remparts,44.841,4.895,Plein jour,En agglomération,Hors intersection,Temps éblouissant,Deux véhicules - côté,,,,,,,,,,,1,2,1,7,3
200600017837,0006-04-28 16:30:00,6,4,28,16,30,260,124,boulevard puya,,,Plein jour,En agglomération,Hors intersection,Normale,Autre collision,,,,,,,,,,,1,2,1,1,6
200600017838,0006-04-11 08:30:00,6,4,11,8,30,260,40,,44.558,5.583,Plein jour,Hors agglomération,Hors intersection,Autre,Deux véhicules - frontale,,,,,,,,,,,1,1,1,9,1
200600017839,0006-04-17 02:15:00,6,4,17,2,15,260,85,,44.52,4.746,Nuit sans éclairage public,Hors agglomération,Intersection en T,Normale,Deux véhicules - côté,,,,,,,,,,,3,1,3,1,3
200600017840,0006-04-27 16:30:00,6,4,27,16,30,260,220,place des Arcades,,,Plein jour,En agglomération,Place,Normale,Autre collision,,,,,,,,,,,1,2,7,1,6
200600017841,0006-04-15 14:45:00,6,4,15,14,45,260,360,,,,Plein jour,Hors agglomération,Hors intersection,Normale,Deux véhicules - côté,,,,,,,,,,,1,1,1,1,3
200600017842,0006-04-02 15:30:00,6,4,2,15,30,260,129,,,,Plein jour,Hors agglomération,Hors intersection,Normale,Deux véhicules - côté,,,,,,,,,,,1,1,1,1,3
200600017843,0006-04-07 17:30:00,6,4,7,17,30,260,39,Centre du village,,,Plein jour,En agglomération,Hors intersection,Normale,Deux véhicules - côté,,,,,,,,,,,1,2,1,1,3
200600017844,0006-04-08 17:30:00,6,4,8,17,30,260,174,CD538,,,Plein jour,En agglomération,Hors intersection,Normale,Deux véhicules - côté,,,,,,,,,,,1,2,1,1,3
200600017845,0006-04-17 17:45:00,6,4,17,17,45,260,231,,,,Plein jour,Hors agglomération,Hors intersection,Normale,Deux véhicules - frontale,,,,,,,,,,,1,1,1,1,1
200600017846,0006-04-19 20:15:00,6,4,19,20,15,260,10,quartier les Classieux,45.286,4.904,Crépuscule ou aube,Hors agglomération,Hors intersection,Normale,Autre collision,,,,,,,,,,,2,1,1,1,6
200600017847,0006-04-25 23:00:00,6,4,25,23,0,260,271,,,,Nuit sans éclairage public,Hors agglomération,Hors intersection,Normale,Autre collision,,,,,,,,,,,3,1,1,1,6
200600017848,0006-04-07 19:30:00,6,4,7,19,30,380,538,Rue Albert Girard Blanc,,,Plein jour,Hors agglomération,Hors intersection,Normale,Sans collision,,,,,,,,,,,1,1,1,1,7
200600017849,0006-04-29 05:00:00,6,4,29,5,0,380,474,avenue de Valence,,,Nuit avec éclairage allumé,En agglomération,Autre intersection,Normale,Deux véhicules - frontale,,,,,,,,,,,5,2,9,1,1
200600017850,0006-04-04 00:15:00,6,4,4,0,15,380,70,Rond point ZI 7 Laux,,,Plein jour,En agglomération,Giratoire,Normale,Sans collision,,,,,,,,,,,1,2,6,1,7
200600017851,0006-04-13 16:30:00,6,4,13,16,30,380,262,LE ROSSAND,45.372,6.015,Plein jour,Hors agglomération,Hors intersection,Normale,Autre collision,,,,,,,,,,,1,1,1,1,6
200600017852,0006-04-15 12:00:00,6,4,15,12,0,380,303,et la route de la Pierre,,,Plein jour,En agglomération,Hors intersection,Pluie légère,Autre collision,,,,,,,,,,,1,2,1,2,6
200600017853,0006-04-15 03:00:00,6,4,15,3,0,380,140,,45.297,5.894,Nuit sans éclairage public,Hors agglomération,Hors intersection,Normale,Sans collision,,,,,,,,,,,3,1,1,1,7
200600017854,0006-04-18 22:30:00,6,4,18,22,30,380,140,sur le pont qui enjambe,,,Nuit avec éclairage allumé,En agglomération,Hors intersection,Normale,Autre collision,,,,,,,,,,,5,2,1,1,6
200600017855,0006-04-21 16:00:00,6,4,21,16,0,380,501,CD 523,,,Plein jour,En agglomération,Hors intersection,Normale,Deux véhicules - arrière,,,,,,,,,,,1,2,1,1,2
200600017856,0006-04-23 21:15:00,6,4,23,21,15,380,466,D9 devant salle des fete,45.382,5.949,Nuit avec éclairage allumé,En agglomération,Giratoire,Normale,Autre collision,,,,,,,,,,,5,2,6,1,6
200600017857,0006-04-30 01:30:00,6,4,30,1,30,380,367,,45.353,5.914,Nuit sans éclairage public,Hors agglomération,Hors intersection,Normale,Autre collision,,,,,,,,,,,3,1,1,1,6
200600017858,0006-04-05 11:30:00,6,4,5,11,30,380,565,,,,Plein jour,Hors agglomération,Autre intersection,Normale,Deux véhicules - frontale,,,,,,,,,,,1,1,9,1,1
200600017859,0006-04-02 05:00:00,6,4,2,5,0,380,269,avenue Charles de GAULLE,44.908,5.787,Nuit avec éclairage allumé,En agglomération,Autre intersection,Temps couvert,Autre collision,,,,,,,,,,,5,2,9,8,6
200600017860,0006-04-02 18:45:00,6,4,2,18,45,380,113,,44.827,5.622,Plein jour,Hors agglomération,Hors intersection,Normale,Deux véhicules - frontale,,,,,,,,,,,1,1,1,1,1
200600017861,0006-04-07 19:15:00,6,4,7,19,15,380,203,Place de l'Eglise,,,Plein jour,En agglomération,Hors intersection,Normale,Deux véhicules - frontale,,,,,,,,,,,1,2,1,1,1
200600017862,0006-04-28 15:20:00,6,4,28,15,20,380,200,Croix de la vue,45.1,5.74,Plein jour,En agglomération,Hors intersection,Pluie légère,Deux véhicules - frontale,,,,,,,,,,,1,2,1,2,1
200600017863,0006-04-30 17:45:00,6,4,30,17,45,380,71,rue de l'oisans,45.08,5.73,Plein jour,En agglomération,Hors intersection,Normale,Autre collision,,,,,,,,,,,1,2,1,1,6
200600017864,0006-04-05 16:30:00,6,4,5,16,30,380,95,,45.144,5.308,Plein jour,En agglomération,Hors intersection,Pluie légère,Deux véhicules - frontale,,,,,,,,,,,1,2,1,2,1
200600017865,0006-04-21 16:45:00,6,4,21,16,45,380,416,Rue Camponnière - N92,45.151,5.312,Plein jour,En agglomération,Giratoire,Normale,Deux véhicules - côté,,,,,,,,,,,1,2,6,1,3
200600017866,0006-04-22 10:52:00,6,4,22,10,52,380,416,Avenue de PROVENCE,45.155,5.318,Plein jour,En agglomération,Giratoire,Normale,Deux véhicules - frontale,,,,,,,,,,,1,2,6,1,1
200600017867,0006-04-16 20:30:00,6,4,16,20,30,380,566,,45.326,5.533,Nuit sans éclairage public,Hors agglomération,Hors intersection,Normale,Deux véhicules - frontale,,,,,,,,,,,3,1,1,1,1
200600017868,0006-04-03 18:45:00,6,4,3,18,45,380,517,avenue de la gare,45.306,5.491,Plein jour,En agglomération,Intersection en T,Normale,Deux véhicules - côté,,,,,,,,,,,1,2,3,1,3
200600017869,0006-04-19 13:15:00,6,4,19,13,15,380,526,,45.261,5.405,Plein jour,Hors agglomération,Hors intersection,Normale,Deux véhicules - frontale,,,,,,,,,,,1,1,1,1,1
200600017870,0006-04-11 21:30:00,6,4,11,21,30,380,467,,,,Nuit sans éclairage public,Hors agglomération,Hors intersection,Normale,Deux véhicules - frontale,,,,,,,,,,,3,1,1,1,1
200600017871,0006-04-17 17:45:00,6,4,17,17,45,380,467,,,,Plein jour,Hors agglomération,Hors intersection,Normale,Deux véhicules - frontale,,,,,,,,,,,1,1,1,1,1
200600017872,0006-04-17 13:30:00,6,4,17,13,30,380,560,Champ de Mars,45.488,5.476,Plein jour,En agglomération,Hors intersection,Normale,Deux véhicules - frontale,,,,,,,,,,,1,2,1,1,1
200600017873,0006-04-23 18:00:00,6,4,23,18,0,380,65,rue du gymnase,45.448,5.428,Plein jour,En agglomération,Hors intersection,Normale,Autre collision,,,,,,,,,,,1,2,1,1,6
200600017874,0006-04-03 07:45:00,6,4,3,7,45,380,26,,45.832,5.318,Plein jour,Hors agglomération,Hors intersection,Normale,Deux véhicules - frontale,,,,,,,,,,,1,1,1,1,1
200600017875,0006-04-23 22:45:00,6,4,23,22,45,380,135,e 75 hameau de POLEYRIEY,,,Nuit sans éclairage public,Hors agglomération,Hors intersection,Normale,Autre collision,,,,,,,,,,,3,1,1,1,6
200600017876,0006-04-26 01:30:00,6,4,26,1,30,380,14,RN 75,,,Nuit avec éclairage allumé,En agglomération,Hors intersection,Normale,Autre collision,,,,,,,,,,,5,2,1,1,6
200600017877,0006-04-15 04:00:00,6,4,15,4,0,380,28,60 route du bourg,45.514,5.598,Nuit avec éclairage allumé,En agglomération,Hors intersection,Normale,Autre collision,,,,,,,,,,,5,2,1,1,6
200600017878,0006-04-24 13:20:00,6,4,24,13,20,380,377,"aine, route de faverges",45.585,5.523,Plein jour,Hors agglomération,Hors intersection,Normale,Sans collision,,,,,,,,,,,1,1,1,1,7
200600017879,0006-04-16 20:30:00,6,4,16,20,30,440,35,rue de l'erdre,,,Plein jour,En agglomération,Hors intersection,Normale,Sans collision,,,,,,,,,,,1,2,1,1,7
200600017880,0006-04-01 16:00:00,6,4,1,16,0,380,87,CHASSE SUR RHONE,45.581,4.807,Plein jour,En agglomération,Hors intersection,Normale,Autre collision,,,,,,,,,,,1,2,1,1,6
200600017881,0006-04-23 18:00:00,6,4,23,18,0,380,160,,45.476,5.037,Plein jour,Hors agglomération,Hors intersection,Normale,Sans collision,,,,,,,,,,,1,1,1,1,7
200600017882,0006-04-24 11:00:00,6,4,24,11,0,380,131,,45.451,4.855,Plein jour,Hors agglomération,Hors intersection,Normale,Sans collision,,,,,,,,,,,1,1,1,1,7
200600017883,0006-04-22 18:30:00,6,4,22,18,30,380,487,,45.565,4.861,Plein jour,Hors agglomération,Hors intersection,Normale,Deux véhicules - côté,,,,,,,,,,,1,1,1,1,3
200600017884,0006-04-28 20:30:00,6,4,28,20,30,380,336,,45.49,4.836,Crépuscule ou aube,Hors agglomération,Hors intersection,Pluie légère,Trois véhicules et plus - en chaîne,,,,,,,,,,,2,1,1,2,4
200600017885,0006-04-15 09:30:00,6,4,15,9,30,380,198,,,,Plein jour,Hors agglomération,Intersection en X,Normale,Deux véhicules - côté,,,,,,,,,,,1,1,2,1,3
200600017886,0006-04-19 20:45:00,6,4,19,20,45,380,259,,45.445,4.981,Plein jour,Hors agglomération,Intersection en X,Temps éblouissant,Deux véhicules - côté,,,,,,,,,,,1,1,2,7,3
200600017887,0006-04-20 17:15:00,6,4,20,17,15,380,134,,45.436,5.011,Plein jour,Hors agglomération,Hors intersection,Normale,Deux véhicules - frontale,,,,,,,,,,,1,1,1,1,1
200600017888,0006-04-23 08:45:00,6,4,23,8,45,380,406,,45.43,5.087,Plein jour,Hors agglomération,Hors intersection,Normale,Deux véhicules - côté,,,,,,,,,,,1,1,1,1,3
200600017889,0006-04-29 12:45:00,6,4,29,12,45,380,324,,45.424,5.015,Plein jour,Hors agglomération,Intersection en T,Normale,Deux véhicules - frontale,,,,,,,,,,,1,1,3,1,1
200600017890,0006-04-10 15:15:00,6,4,10,15,15,380,346,,45.503,5.089,Plein jour,Hors agglomération,Intersection en X,Pluie légère,Deux véhicules - frontale,,,,,,,,,,,1,1,2,2,1
200600017891,0006-04-15 04:10:00,6,4,15,4,10,380,351,Le Moule,,,Nuit sans éclairage public,Hors agglomération,Hors intersection,Normale,Autre collision,,,,,,,,,,,3,1,1,1,6
200600017892,0006-04-17 17:00:00,6,4,17,17,0,380,189,rond point d'intermarché,,,Plein jour,Hors agglomération,Giratoire,Normale,Sans collision,,,,,,,,,,,1,1,6,1,7
200600017893,0006-04-23 02:15:00,6,4,23,2,15,380,351,,,,Nuit sans éclairage public,Hors agglomération,Hors intersection,Pluie légère,Autre collision,,,,,,,,,,,3,1,1,2,6
200600017894,0006-04-24 20:15:00,6,4,24,20,15,380,316,rue de la république,,,Plein jour,En agglomération,Hors intersection,Normale,Deux véhicules - côté,,,,,,,,,,,1,2,1,1,3
200600017895,0006-04-28 23:30:00,6,4,28,23,30,380,97,D18,,,Nuit avec éclairage allumé,En agglomération,Hors intersection,Normale,Autre collision,,,,,,,,,,,5,2,1,1,6
200600017896,0006-04-16 12:00:00,6,4,16,12,0,420,46,,,,Plein jour,Hors agglomération,Hors intersection,Normale,Deux véhicules - côté,,,,,,,,,,,1,1,1,1,3
200600017897,0006-04-09 05:30:00,6,4,9,5,30,420,22,RUE DES ESSARTS,,,Crépuscule ou aube,En agglomération,Hors intersection,Normale,Deux véhicules - frontale,,,,,,,,,,,2,2,1,1,1
200600017898,0006-04-22 18:30:00,6,4,22,18,30,420,5,RUE BULLIEUX,45.538,4.272,Plein jour,En agglomération,Autre intersection,Normale,Deux véhicules - frontale,,,,,,,,,,,1,2,9,1,1
200600017899,0006-04-17 13:15:00,6,4,17,13,15,420,238,,45.783,3.8,Plein jour,Hors agglomération,Hors intersection,Normale,Sans collision,,,,,,,,,,,1,1,1,1,7
200600017900,0006-04-02 22:00:00,6,4,2,22,0,420,88,Lieu dit Le Chanasson,45.782,4.214,Nuit sans éclairage public,Hors agglomération,Hors intersection,Pluie légère,Autre collision,,,,,,,,,,,3,1,1,2,6