accident_id,datetime,annee,mois,jour,heure,minute,departement,commune_insee,adresse,latitude,longitude,luminosite,agglomeration,intersection,meteo,collision,nb_vehicules,nb_usagers,nb_indemnes,nb_tues,nb_blesses_hosp,nb_blesses_legers,age_cond_1,age_cond_2,veh_type_cond_1,veh_type_cond_2,lum_code,agg_code,int_code,atm_code,col_code
200600018040,0006-04-12 17:15:00,6,4,12,17,15,880,160,rue du général Haxo,,,Plein jour,En agglomération,Hors intersection,Pluie légère,Deux véhicules - frontale,,,,,,,,,,,1,2,1,2,1
200600018041,0006-04-25 19:30:00,6,4,25,19,30,880,126,rue d'EPINAL,,,Plein jour,En agglomération,Hors intersection,Normale,Deux véhicules - frontale,,,,,,,,,,,1,2,1,1,1
200600018042,0006-04-29 16:45:00,6,4,29,16,45,880,253,n CD11-CD11A central EDF,,,Plein jour,Hors agglomération,Hors intersection,Normale,Deux véhicules - côté,,,,,,,,,,,1,1,1,1,3
200600018043,0006-04-30 18:05:00,6,4,30,18,5,880,483,rue de sanchey,,,Plein jour,En agglomération,Hors intersection,Normale,Deux véhicules - côté,,,,,,,,,,,1,2,1,1,3
200600018044,0006-04-15 05:15:00,6,4,15,5,15,880,90,,48.372,6.276,Crépuscule ou aube,Hors agglomération,Hors intersection,Normale,Deux véhicules - frontale,,,,,,,,,,,2,1,1,1,1
200600018045,0006-04-03 04:30:00,6,4,3,4,30,880,465,rue d'Alsace,,,Nuit avec éclairage allumé,En agglomération,Hors intersection,Normale,Deux véhicules - côté,,,,,,,,,,,5,2,1,1,3
200600018046,0006-04-30 18:00:00,6,4,30,18,0,880,530,,48.044,6.363,Plein jour,Hors agglomération,Hors intersection,Normale,Trois véhicules et plus - collisions multiples,,,,,,,,,,,1,1,1,1,5
200600018047,0006-04-18 15:15:00,6,4,18,15,15,880,321,rue général de Gaulle,,,Plein jour,En agglomération,Hors intersection,Normale,Autre collision,,,,,,,,,,,1,2,1,1,6
200600018048,0006-04-27 21:30:00,6,4,27,21,30,880,304,RD 17 PK 36+400,48.302,6.082,Nuit sans éclairage public,Hors agglomération,Hors intersection,Normale,Deux véhicules - frontale,,,,,,,,,,,3,1,1,1,1
200600018049,0006-04-16 21:30:00,6,4,16,21,30,880,3,,48.209,5.784,Nuit sans éclairage public,Hors agglomération,Hors intersection,Pluie légère,Sans collision,,,,,,,,,,,3,1,1,2,7
200600018050,0006-04-19 08:15:00,6,4,19,8,15,880,385,,48.201,6.051,Plein jour,Hors agglomération,Hors intersection,Normale,Deux véhicules - côté,,,,,,,,,,,1,1,1,1,3
200600018051,0006-04-04 15:45:00,6,4,4,15,45,880,116,Rue du chermenil,,,Plein jour,En agglomération,Hors intersection,Normale,Deux véhicules - frontale,,,,,,,,,,,1,2,1,1,1
200600018052,0006-04-07 20:45:00,6,4,7,20,45,880,467,,,,Nuit sans éclairage public,Hors agglomération,Hors intersection,Normale,Sans collision,,,,,,,,,,,3,1,1,1,7
200600018053,0006-04-23 05:00:00,6,4,23,5,0,880,116,,,,Nuit avec éclairage allumé,Hors agglomération,Hors intersection,Normale,Autre collision,,,,,,,,,,,5,1,1,1,6
200600018054,0006-04-16 12:10:00,6,4,16,12,10,880,408,"lieu dit ""LE PALTON""",,,Plein jour,Hors agglomération,Hors intersection,Temps couvert,Trois véhicules et plus - collisions multiples,,,,,,,,,,,1,1,1,8,5
200600018055,0006-04-22 22:00:00,6,4,22,22,0,880,468,61 rue charles DE GAULLE,47.881,6.771,Nuit avec éclairage allumé,En agglomération,Hors intersection,Normale,Deux véhicules - frontale,,,,,,,,,,,5,2,1,1,1
200600018056,0006-04-28 23:00:00,6,4,28,23,0,880,349,CARREFOUR CD23-RN415,,,Nuit avec éclairage allumé,En agglomération,Intersection en X,Normale,Deux véhicules - côté,,,,,,,,,,,5,2,2,1,3
200600018057,0006-04-29 15:45:00,6,4,29,15,45,880,181,,,,Plein jour,Hors agglomération,Hors intersection,Normale,Sans collision,,,,,,,,,,,1,1,1,1,7
200600018058,0006-04-10 13:30:00,6,4,10,13,30,880,196,Bd kelsch,,,Plein jour,En agglomération,Hors intersection,Pluie légère,Trois véhicules et plus - collisions multiples,,,,,,,,,,,1,2,1,2,5
200600018059,0006-04-09 17:30:00,6,4,9,17,30,880,319,rue de la cheville,48.399,6.864,Plein jour,En agglomération,Hors intersection,Normale,Sans collision,,,,,,,,,,,1,2,1,1,7
200600018060,0006-04-07 20:40:00,6,4,7,20,40,880,451,RD 424,,,Nuit avec éclairage allumé,Hors agglomération,Autre intersection,Normale,Deux véhicules - arrière,,,,,,,,,,,5,1,9,1,2
200600018061,0006-04-07 08:00:00,6,4,7,8,0,670,246,3 - Rue du Chemin de Fer,48.341,7.548,Plein jour,Hors agglomération,Hors intersection,Normale,Deux véhicules - frontale,,,,,,,,,,,1,1,1,1,1
200600018062,0006-04-05 23:00:00,6,4,5,23,0,670,285,,48.399,7.619,Nuit sans éclairage public,Hors agglomération,Hors intersection,Normale,Sans collision,,,,,,,,,,,3,1,1,1,7
200600018063,0006-04-08 12:55:00,6,4,8,12,55,670,397,ue du fossé des pierres.,,,Plein jour,En agglomération,Intersection en X,Normale,Deux véhicules - côté,,,,,,,,,,,1,2,2,1,3
200600018064,0006-04-12 18:45:00,6,4,12,18,45,670,397,Rue du Sergent Viala,48.32,7.716,Plein jour,En agglomération,Hors intersection,Temps couvert,Deux véhicules - frontale,,,,,,,,,,,1,2,1,8,1
200600018065,0006-04-28 06:45:00,6,4,28,6,45,670,28,CD829 rue de STRASBOURG,48.376,7.597,Plein jour,En agglomération,Hors intersection,Normale,Deux véhicules - côté,,,,,,,,,,,1,2,1,1,3
200600018066,0006-04-21 07:30:00,6,4,21,7,30,670,154,,48.39,7.72,Plein jour,Hors agglomération,Hors intersection,Normale,Autre collision,,,,,,,,,,,1,1,1,1,6
200600018067,0006-04-03 07:45:00,6,4,3,7,45,670,313,,48.543,7.463,Plein jour,Hors agglomération,Hors intersection,Pluie légère,Autre collision,,,,,,,,,,,1,1,1,2,6
200600018068,0006-04-29 09:15:00,6,4,29,9,15,670,368,,48.464,7.43,Plein jour,En agglomération,Hors intersection,Normale,Autre collision,,,,,,,,,,,1,2,1,1,6
200600018069,0006-04-06 07:45:00,6,4,6,7,45,670,66,rue du Gal De Gaulle,,,Plein jour,En agglomération,Hors intersection,Normale,Autre collision,,,,,,,,,,,1,2,1,1,6
200600018070,0006-04-15 18:15:00,6,4,15,18,15,670,20,"29, rue du Heydé",,,Plein jour,En agglomération,Hors intersection,Pluie légère,Deux véhicules - arrière,,,,,,,,,,,1,2,1,2,2
200600018071,0006-04-20 20:30:00,6,4,20,20,30,670,242,chemin de Busswiller,48.821,7.534,Nuit sans éclairage public,En agglomération,Hors intersection,Normale,Autre collision,,,,,,,,,,,3,2,1,1,6
200600018072,0006-04-23 19:30:00,6,4,23,19,30,670,437,,,,Plein jour,Hors agglomération,Hors intersection,Normale,Trois véhicules et plus - collisions multiples,,,,,,,,,,,1,1,1,1,5
200600018073,0006-04-01 15:00:00,6,4,1,15,0,670,355,,49.01,7.108,Plein jour,Hors agglomération,Hors intersection,Normale,Autre collision,,,,,,,,,,,1,1,1,1,6
200600018074,0006-04-06 07:30:00,6,4,6,7,30,670,202,"rte strasbourg, rue rose",,,Plein jour,En agglomération,Hors intersection,Temps éblouissant,Deux véhicules - arrière,,,,,,,,,,,1,2,1,7,2
200600018075,0006-04-11 10:30:00,6,4,11,10,30,670,202,14 rue du général Lebocq,,,Plein jour,En agglomération,Hors intersection,Normale,Autre collision,,,,,,,,,,,1,2,1,1,6
200600018076,0006-04-18 16:45:00,6,4,18,16,45,670,439,,,,Plein jour,Hors agglomération,Hors intersection,Normale,Deux véhicules - arrière,,,,,,,,,,,1,1,1,1,2
200600018077,0006-04-01 12:30:00,6,4,1,12,30,670,236,,48.699,7.578,Plein jour,Hors agglomération,Hors intersection,Normale,Sans collision,,,,,,,,,,,1,1,1,1,7
200600018078,0006-04-01 17:00:00,6,4,1,17,0,670,214,,48.624,7.606,Plein jour,Hors agglomération,Hors intersection,Normale,Sans collision,,,,,,,,,,,1,1,1,1,7
200600018079,0006-04-07 17:15:00,6,4,7,17,15,670,485,,48.632,7.625,Plein jour,En agglomération,Hors intersection,Normale,Deux véhicules - côté,,,,,,,,,,,1,2,1,1,3
200600018080,0006-04-24 08:30:00,6,4,24,8,30,670,150,,,,Plein jour,Hors agglomération,Hors intersection,Normale,Deux véhicules - arrière,,,,,,,,,,,1,1,1,1,2
200600018081,0006-04-26 16:45:00,6,4,26,16,45,670,173,7 RUE DE L ANGLE,,,Plein jour,En agglomération,Hors intersection,Normale,Sans collision,,,,,,,,,,,1,2,1,1,7
200600018082,0006-04-20 15:30:00,6,4,20,15,30,670,151,,48.707,7.87,Plein jour,Hors agglomération,Hors intersection,Normale,Deux véhicules - frontale,,,,,,,,,,,1,1,1,1,1
200600018083,0006-04-03 21:10:00,6,4,3,21,10,670,551,CD 63,,,Nuit sans éclairage public,Hors agglomération,Hors intersection,Pluie forte,Deux véhicules - frontale,,,,,,,,,,,3,1,1,3,1
200600018084,0006-04-14 14:30:00,6,4,14,14,30,670,118,rue du général De Gaulle,,,Plein jour,En agglomération,Hors intersection,Normale,Deux véhicules - côté,,,,,,,,,,,1,2,1,1,3
200600018085,0006-04-30 16:15:00,6,4,30,16,15,670,10,CD 425 - PK 18,,,Plein jour,Hors agglomération,Hors intersection,Normale,Sans collision,,,,,,,,,,,1,1,1,1,7
200600018086,0006-04-16 02:30:00,6,4,16,2,30,670,261,CD3 au PR 47300,,,Nuit sans éclairage public,Hors agglomération,Hors intersection,Normale,Autre collision,,,,,,,,,,,3,1,1,1,6
200600018087,0006-04-16 03:00:00,6,4,16,3,0,670,221,,48.976,7.934,Nuit sans éclairage public,Hors agglomération,Hors intersection,Temps couvert,Sans collision,,,,,,,,,,,3,1,1,8,7
200600018088,0006-04-26 05:45:00,6,4,26,5,45,670,404,rue principale,48.907,7.952,Nuit avec éclairage allumé,En agglomération,Hors intersection,Normale,Autre collision,,,,,,,,,,,5,2,1,1,6
200600018089,0006-04-06 18:30:00,6,4,6,18,30,670,259,RUE PRINCIPALE CD 255,48.973,7.734,Plein jour,En agglomération,Hors intersection,Normale,Deux véhicules - frontale,,,,,,,,,,,1,2,1,1,1
200600018090,0006-04-22 13:45:00,6,4,22,13,45,670,550,,48.917,7.748,Plein jour,Hors agglomération,Hors intersection,Normale,Sans collision,,,,,,,,,,,1,1,1,1,7
200600018091,0006-04-23 15:45:00,6,4,23,15,45,680,175,Rue de la WEISS,48.153,7.19,Plein jour,En agglomération,Hors intersection,Normale,Autre collision,,,,,,,,,,,1,2,1,1,6
200600018092,0006-04-01 10:30:00,6,4,1,10,30,680,155,RUE DE LA REPUBLIQUE,48.105,7.309,Plein jour,En agglomération,Hors intersection,Normale,Sans collision,,,,,,,,,,,1,2,1,1,7
200600018093,0006-04-30 03:00:00,6,4,30,3,0,680,152,14A route d'ALTKIRCH,47.674,7.266,Nuit avec éclairage allumé,En agglomération,Hors intersection,Normale,Deux véhicules - frontale,,,,,,,,,,,5,2,1,1,1
200600018094,0006-04-23 12:15:00,6,4,23,12,15,680,190,,47.436,7.279,Nuit sans éclairage public,Hors agglomération,Hors intersection,Normale,Autre collision,,,,,,,,,,,3,1,1,1,6
200600018095,0006-04-15 14:30:00,6,4,15,14,30,680,156,,,,Plein jour,Hors agglomération,Giratoire,Pluie légère,Deux véhicules - frontale,,,,,,,,,,,1,1,6,2,1
200600018096,0006-04-10 13:45:00,6,4,10,13,45,680,82,,47.85,7.321,Plein jour,Hors agglomération,Intersection en X,Pluie forte,Deux véhicules - côté,,,,,,,,,,,1,1,2,3,3
200600018097,0006-04-28 04:15:00,6,4,28,4,15,680,205,,47.919,7.392,Nuit sans éclairage public,Hors agglomération,Hors intersection,Normale,Sans collision,,,,,,,,,,,3,1,1,1,7
200600018098,0006-04-08 04:30:00,6,4,8,4,30,680,343,,47.881,7.313,Nuit sans éclairage public,Hors agglomération,Autre intersection,Normale,Deux véhicules - arrière,,,,,,,,,,,3,1,9,1,2
200600018099,0006-04-21 10:45:00,6,4,21,10,45,680,287,PLACE CLEMENCEAU,47.96,7.299,Plein jour,En agglomération,Hors intersection,Normale,Deux véhicules - frontale,,,,,,,,,,,1,2,1,1,1
200600018100,0006-04-05 14:00:00,6,4,5,14,0,680,154,Rue des vosges,47.783,7.356,Plein jour,En agglomération,Hors intersection,Neige / grêle,Deux véhicules - arrière,,,,,,,,,,,1,2,1,4,2
200600018101,0006-04-16 17:45:00,6,4,16,17,45,680,154,CD 39 ROUTE DE CHALAMPE,,,Plein jour,Hors agglomération,Hors intersection,Normale,Autre collision,,,,,,,,,,,1,1,1,1,6
200600018102,0006-04-07 05:45:00,6,4,7,5,45,680,94,,,,Nuit sans éclairage public,Hors agglomération,Hors intersection,Temps couvert,Autre collision,,,,,,,,,,,3,1,1,8,6
200600018103,0006-04-10 12:45:00,6,4,10,12,45,680,182,rue de Fluh,,,Plein jour,En agglomération,Hors intersection,Pluie légère,Deux véhicules - côté,,,,,,,,,,,1,2,1,2,3
200600018104,0006-04-26 21:30:00,6,4,26,21,30,680,286,,,,Nuit sans éclairage public,Hors agglomération,Hors intersection,Normale,Trois véhicules et plus - collisions multiples,,,,,,,,,,,3,1,1,1,5
200600018105,0006-04-15 11:15:00,6,4,15,11,15,680,309,,,,Plein jour,Hors agglomération,Autre intersection,Normale,Deux véhicules - frontale,,,,,,,,,,,1,1,9,1,1
200600018106,0006-04-05 10:45:00,6,4,5,10,45,680,334,RUE DU GENERAL DE GAULLE,,,Plein jour,En agglomération,Hors intersection,Pluie légère,Autre collision,,,,,,,,,,,1,2,1,2,6
200600018107,0006-04-27 18:15:00,6,4,27,18,15,680,63,rue des Romains ZI Europ,47.796,7.199,Plein jour,En agglomération,Hors intersection,Normale,Autre collision,,,,,,,,,,,1,2,1,1,6
200600018108,0006-04-27 14:05:00,6,4,27,14,5,510,548,"RN3,",,,Plein jour,Hors agglomération,Hors intersection,Normale,Deux véhicules - frontale,,,,,,,,,,,1,1,1,1,1
200600018109,0006-04-03 15:45:00,6,4,3,15,45,510,413,,48.999,4.032,Plein jour,Hors agglomération,Hors intersection,Normale,Deux véhicules - côté,,,,,,,,,,,1,1,1,1,3
200600018110,0006-04-12 01:45:00,6,4,12,1,45,510,434,8 rue du maréchal DELATT,,,Nuit avec éclairage allumé,En agglomération,Hors intersection,Pluie légère,Autre collision,,,,,,,,,,,5,2,1,2,6
200600018111,0006-04-14 09:45:00,6,4,14,9,45,510,153,,,,Plein jour,Hors agglomération,Hors intersection,Normale,Deux véhicules - côté,,,,,,,,,,,1,1,1,1,3
200600018112,0006-04-22 18:00:00,6,4,22,18,0,510,200,CD 10 - PK 2+800 mètres,,,Plein jour,Hors agglomération,Hors intersection,Normale,Deux véhicules - arrière,,,,,,,,,,,1,1,1,1,2
200600018113,0006-04-24 18:25:00,6,4,24,18,25,510,165,rue de l'hermitage,48.736,3.912,Plein jour,Hors agglomération,Autre intersection,Normale,Deux véhicules - côté,,,,,,,,,,,1,1,9,1,3
200600018114,0006-04-23 18:45:00,6,4,23,18,45,510,248,234 RUE JEANNE D'ARC,48.757,3.984,Plein jour,En agglomération,Hors intersection,Normale,Sans collision,,,,,,,,,,,1,2,1,1,7
200600018115,0006-04-29 01:40:00,6,4,29,1,40,510,380,RD933,,,Nuit sans éclairage public,Hors agglomération,Hors intersection,Normale,Deux véhicules - frontale,,,,,,,,,,,3,1,1,1,1
200600018116,0006-04-04 14:15:00,6,4,4,14,15,510,492,RUE MARCEL CACHIN,48.547,3.758,Plein jour,En agglomération,Hors intersection,Normale,Deux véhicules - côté,,,,,,,,,,,1,2,1,1,3
200600018117,0006-04-04 15:45:00,6,4,4,15,45,510,185,,48.721,3.504,Plein jour,Hors agglomération,Hors intersection,Vent fort / tempête,Deux véhicules - frontale,,,,,,,,,,,1,1,1,6,1
200600018118,0006-04-14 17:45:00,6,4,14,17,45,510,535,R. Briand et R. Abraham,48.725,3.726,Plein jour,En agglomération,Intersection en T,Normale,Deux véhicules - côté,,,,,,,,,,,1,2,3,1,3
200600018119,0006-04-19 17:45:00,6,4,19,17,45,510,41,,48.58,3.78,Plein jour,Hors agglomération,Hors intersection,Normale,Sans collision,,,,,,,,,,,1,1,1,1,7
200600018120,0006-04-29 00:01:00,6,4,29,0,1,510,56,12 rue principale,48.61,3.61,Nuit avec éclairage allumé,En agglomération,Hors intersection,Normale,Autre collision,,,,,,,,,,,5,2,1,1,6
200600018121,0006-04-05 12:00:00,6,4,5,12,0,510,250,ALLEE DES MISSIONS,49.312,3.679,Plein jour,En agglomération,Hors intersection,Normale,Deux véhicules - frontale,,,,,,,,,,,1,2,1,1,1
200600018122,0006-04-02 19:30:00,6,4,2,19,30,510,391,Rue Alexandre Dumas,49.279,3.887,Plein jour,En agglomération,Hors intersection,Normale,Deux véhicules - frontale,,,,,,,,,,,1,2,1,1,1
200600018123,0006-04-05 08:45:00,6,4,5,8,45,510,46,,,,Plein jour,Hors agglomération,Hors intersection,Normale,Deux véhicules - arrière,,,,,,,,,,,1,1,1,1,2
200600018124,0006-04-04 11:45:00,6,4,4,11,45,510,80,ection de BRANDONVILLERS,,,Plein jour,Hors agglomération,Hors intersection,Normale,Deux véhicules - côté,,,,,,,,,,,1,1,1,1,3
200600018125,0006-04-23 06:30:00,6,4,23,6,30,510,274,,49.071,4.785,Plein jour,Hors agglomération,Hors intersection,Normale,Sans collision,,,,,,,,,,,1,1,1,1,7
200600018126,0006-04-14 15:00:00,6,4,14,15,0,80,212,,,,Plein jour,Hors agglomération,Hors intersection,Normale,Deux véhicules - côté,,,,,,,,,,,1,1,1,1,3
200600018127,0006-04-15 16:30:00,6,4,15,16,30,80,121,,,,Plein jour,Hors agglomération,Hors intersection,Temps couvert,Trois véhicules et plus - en chaîne,,,,,,,,,,,1,1,1,8,4
200600018128,0006-04-30 21:00:00,6,4,30,21,0,80,363,,,,Nuit sans éclairage public,Hors agglomération,Hors intersection,Brouillard / fumée,Autre collision,,,,,,,,,,,3,1,1,5,6
200600018129,0006-04-12 06:45:00,6,4,12,6,45,80,78,13 rue Viot BRICARD,,,Crépuscule ou aube,En agglomération,Hors intersection,Pluie légère,Autre collision,,,,,,,,,,,2,2,1,2,6
200600018130,0006-04-27 17:45:00,6,4,27,17,45,80,273,,,,Plein jour,Hors agglomération,Hors intersection,Normale,Deux véhicules - frontale,,,,,,,,,,,1,1,1,1,1
200600018131,0006-04-07 18:30:00,6,4,7,18,30,80,362,rue du docteur Gobinet,,,Plein jour,En agglomération,Hors intersection,Normale,Trois véhicules et plus - collisions multiples,,,,,,,,,,,1,2,1,1,5
200600018132,0006-04-18 10:25:00,6,4,18,10,25,80,362,"100,  sens ECLY - RETHEL",,,Plein jour,Hors agglomération,Hors intersection,Normale,Deux véhicules - frontale,,,,,,,,,,,1,1,1,1,1
200600018133,0006-04-22 17:30:00,6,4,22,17,30,80,1,RD 30,,,Plein jour,Hors agglomération,Hors intersection,Temps éblouissant,Autre collision,,,,,,,,,,,1,1,1,7,6
200600018134,0006-04-24 21:15:00,6,4,24,21,15,80,362,44 boulevard Masson,49.509,4.358,Crépuscule ou aube,En agglomération,Hors intersection,Normale,Autre collision,,,,,,,,,,,2,2,1,1,6
200600018135,0006-04-16 02:00:00,6,4,16,2,0,100,431,,,,Nuit sans éclairage public,Hors agglomération,Hors intersection,Normale,Sans collision,,,,,,,,,,,3,1,1,1,7
200600018136,0006-04-01 15:30:00,6,4,1,15,30,100,173,,,,Plein jour,Hors agglomération,Intersection en X,Temps couvert,Deux véhicules - côté,,,,,,,,,,,1,1,2,8,3
200600018137,0006-04-02 10:15:00,6,4,2,10,15,100,3,,,,Plein jour,Hors agglomération,Hors intersection,Normale,Autre collision,,,,,,,,,,,1,1,1,1,6
200600018138,0006-04-03 19:00:00,6,4,3,19,0,100,156,"02, Louis Aubrat",,,Plein jour,En agglomération,Hors intersection,Normale,Deux véhicules - frontale,,,,,,,,,,,1,2,1,1,1
200600018139,0006-04-26 17:55:00,6,4,26,17,55,100,30,CD 60,,,Plein jour,Hors agglomération,Hors intersection,Normale,Deux véhicules - frontale,,,,,,,,,,,1,1,1,1,1
200600018140,0006-04-03 17:55:00,6,4,3,17,55,100,401,GRANDE RUE,,,Plein jour,En agglomération,Hors intersection,Normale,Deux véhicules - côté,,,,,,,,,,,1,2,1,1,3
200600018141,0006-04-05 07:30:00,6,4,5,7,30,100,64,42 rue de l'école milita,,,Crépuscule ou aube,En agglomération,Hors intersection,Normale,Autre collision,,,,,,,,,,,2,2,1,1,6
200600018142,0006-04-27 10:15:00,6,4,27,10,15,100,399,,48.187,4.198,Plein jour,Hors agglomération,Hors intersection,Normale,Deux véhicules - frontale,,,,,,,,,,,1,1,1,1,1
200600018143,0006-04-15 20:15:00,6,4,15,20,15,100,259,,48.476,3.457,Crépuscule ou aube,Hors agglomération,Hors intersection,Normale,Autre collision,,,,,,,,,,,2,1,1,1,6
200600018144,0006-04-24 08:25:00,6,4,24,8,25,100,223,CD 440 PK 23,,,Plein jour,Hors agglomération,Hors intersection,Normale,Sans collision,,,,,,,,,,,1,1,1,1,7
200600018145,0006-04-27 19:15:00,6,4,27,19,15,100,106,,48.46,3.399,Plein jour,Hors agglomération,Hors intersection,Normale,Autre collision,,,,,,,,,,,1,1,1,1,6
200600018146,0006-04-29 22:30:00,6,4,29,22,30,100,339,,48.404,3.781,Nuit sans éclairage public,Hors agglomération,Hors intersection,Normale,Deux véhicules - frontale,,,,,,,,,,,3,1,1,1,1
200600018147,0006-04-03 18:30:00,6,4,3,18,30,100,323,"tionale n° 19, PK 22+100",48.512,3.697,Plein jour,Hors agglomération,Hors intersection,Temps éblouissant,Trois véhicules et plus - collisions multiples,,,,,,,,,,,1,1,1,7,5
200600018148,0006-04-01 04:00:00,6,4,1,4,0,520,165,,47.96,4.878,Nuit sans éclairage public,Hors agglomération,Hors intersection,Normale,Sans collision,,,,,,,,,,,3,1,1,1,7
200600018149,0006-04-12 16:45:00,6,4,12,16,45,520,205,Rue des murots,48.045,5.214,Plein jour,En agglomération,Intersection en T,Normale,Deux véhicules - côté,,,,,,,,,,,1,2,3,1,3
200600018150,0006-04-01 13:50:00,6,4,1,13,50,520,423,route nationale 74,,,Plein jour,Hors agglomération,Hors intersection,Normale,Trois véhicules et plus - collisions multiples,,,,,,,,,,,1,1,1,1,5
200600018151,0006-04-07 14:30:00,6,4,7,14,30,520,247,CD16,,,Plein jour,Hors agglomération,Hors intersection,Normale,Autre collision,,,,,,,,,,,1,1,1,1,6
200600018152,0006-04-08 16:30:00,6,4,8,16,30,520,211,de de FOOT de l'Anglotte,,,Plein jour,Hors agglomération,Hors intersection,Normale,Deux véhicules - côté,,,,,,,,,,,1,1,1,1,3
200600018153,0006-04-20 22:30:00,6,4,20,22,30,520,308,rue des Tennis,48.14,4.867,Nuit avec éclairage non allumé,En agglomération,Hors intersection,Normale,Autre collision,,,,,,,,,,,4,2,1,1,6
200600018154,0006-04-07 18:00:00,6,4,7,18,0,520,269,155 rue Alphonse DAUDET,47.868,5.348,Plein jour,En agglomération,Hors intersection,Normale,Autre collision,,,,,,,,,,,1,2,1,1,6
200600018155,0006-04-01 16:30:00,6,4,1,16,30,520,910,,47.826,5.578,Plein jour,Hors agglomération,Hors intersection,Normale,Autre collision,,,,,,,,,,,1,1,1,1,6
200600018156,0006-04-22 14:00:00,6,4,22,14,0,520,60,Rue athanase renard,47.96,5.749,Plein jour,En agglomération,Hors intersection,Normale,Deux véhicules - côté,,,,,,,,,,,1,2,1,1,3
200600018157,0006-04-11 21:00:00,6,4,11,21,0,520,23,,,,Nuit sans éclairage public,Hors agglomération,Hors intersection,Normale,Sans collision,,,,,,,,,,,3,1,1,1,7
200600018158,0006-04-16 13:10:00,6,4,16,13,10,520,405,Rue de la gare,,,Plein jour,Hors agglomération,Hors intersection,Normale,Deux véhicules - frontale,,,,,,,,,,,1,1,1,1,1
200600018159,0006-04-30 00:15:00,6,4,30,0,15,520,62,,47.786,5.316,Nuit sans éclairage public,Hors agglomération,Hors intersection,Normale,Autre collision,,,,,,,,,,,3,1,1,1,6
200600018160,0006-04-15 18:30:00,6,4,15,18,30,520,182,,48.548,4.832,Plein jour,Hors agglomération,Hors intersection,Temps couvert,Sans collision,,,,,,,,,,,1,1,1,8,7
200600018161,0006-04-24 16:15:00,6,4,24,16,15,210,630,,47.26,4.541,Plein jour,Hors agglomération,Hors intersection,Normale,Trois véhicules et plus - en chaîne,,,,,,,,,,,1,1,1,1,4
200600018162,0006-04-29 18:45:00,6,4,29,18,45,210,493,,47.245,5.383,Plein jour,En agglomération,Intersection en T,Normale,Deux véhicules - côté,,,,,,,,,,,1,2,3,1,3
200600018163,0006-04-20 00:15:00,6,4,20,0,15,210,351,,47.265,5.272,Nuit sans éclairage public,Hors agglomération,Hors intersection,Normale,Sans collision,,,,,,,,,,,3,1,1,1,7
200600018164,0006-04-26 23:00:00,6,4,26,23,0,210,656,"26, route de genlis",47.236,5.199,Nuit avec éclairage allumé,En agglomération,Hors intersection,Normale,Autre collision,,,,,,,,,,,5,2,1,1,6
200600018165,0006-04-01 18:35:00,6,4,1,18,35,210,132,ntre CURLEY et CHAMBOEUF,,,Plein jour,Hors agglomération,Hors intersection,Temps couvert,Deux véhicules - frontale,,,,,,,,,,,1,1,1,8,1
200600018166,0006-04-14 16:00:00,6,4,14,16,0,210,383,rue du Mont,47.526,5.146,Plein jour,En agglomération,Hors intersection,Normale,Sans collision,,,,,,,,,,,1,2,1,1,7
200600018167,0006-04-01 06:25:00,6,4,1,6,25,210,541,Nationale 6 - PK 82+450,46.951,4.711,Crépuscule ou aube,Hors agglomération,Hors intersection,Normale,Deux véhicules - arrière,,,,,,,,,,,2,1,1,1,2
200600018168,0006-04-19 10:00:00,6,4,19,10,0,210,78,,47.859,4.428,Plein jour,Hors agglomération,Hors intersection,Normale,Deux véhicules - frontale,,,,,,,,,,,1,1,1,1,1
200600018169,0006-04-29 18:15:00,6,4,29,18,15,210,12,,47.823,4.471,Plein jour,Hors agglomération,Hors intersection,Normale,Sans collision,,,,,,,,,,,1,1,1,1,7
200600018170,0006-04-30 16:30:00,6,4,30,16,30,210,510,D13,47.911,4.643,Plein jour,Hors agglomération,Hors intersection,Normale,Autre collision,,,,,,,,,,,1,1,1,1,6
200600018171,0006-04-19 15:20:00,6,4,19,15,20,210,425,Avenue Maréchal Leclerc,,,Plein jour,En agglomération,Hors intersection,Normale,Deux véhicules - côté,,,,,,,,,,,1,2,1,1,3
200600018172,0006-04-01 18:45:00,6,4,1,18,45,580,95,pont de la vieille loire,,,Plein jour,En agglomération,Autre intersection,Normale,Deux véhicules - frontale,,,,,,,,,,,1,2,9,1,1
200600018173,0006-04-10 07:00:00,6,4,10,7,0,580,160,,,,Crépuscule ou aube,Hors agglomération,Hors intersection,Pluie légère,Deux véhicules - frontale,,,,,,,,,,,2,1,1,2,1
200600018174,0006-04-04 14:00:00,6,4,4,14,0,580,65,CD978 / CD160,47.06,3.68,Plein jour,En agglomération,Hors intersection,Normale,Sans collision,,,,,,,,,,,1,2,1,1,7