accident_id,datetime,annee,mois,jour,heure,minute,departement,commune_insee,adresse,latitude,longitude,luminosite,agglomeration,intersection,meteo,collision,nb_vehicules,nb_usagers,nb_indemnes,nb_tues,nb_blesses_hosp,nb_blesses_legers,age_cond_1,age_cond_2,veh_type_cond_1,veh_type_cond_2,lum_code,agg_code,int_code,atm_code,col_code
200600018313,0006-04-06 13:20:00,6,4,6,13,20,60,48,CD 15 PK 1+650,,,Plein jour,En agglomération,Hors intersection,Normale,Deux véhicules - arrière,,,,,,,,,,,1,2,1,1,2
200600018314,0006-04-11 15:45:00,6,4,11,15,45,60,15,AVENUE PAUL GRANET,,,Plein jour,En agglomération,Autre intersection,Normale,Deux véhicules - côté,,,,,,,,,,,1,2,9,1,3
200600018315,0006-04-21 19:30:00,6,4,21,19,30,60,57,,,,Plein jour,Hors agglomération,Hors intersection,Normale,Deux véhicules - frontale,,,,,,,,,,,1,1,1,1,1
200600018316,0006-04-23 00:15:00,6,4,23,0,15,60,149,,,,Nuit sans éclairage public,Hors agglomération,Hors intersection,Normale,Trois véhicules et plus - collisions multiples,,,,,,,,,,,3,1,1,1,5
200600018317,0006-04-07 15:00:00,6,4,7,15,0,60,161,avenue de la libération,,,Plein jour,En agglomération,Hors intersection,Normale,Autre collision,,,,,,,,,,,1,2,1,1,6
200600018318,0006-04-25 13:00:00,6,4,25,13,0,60,161,RD6007,,,Plein jour,En agglomération,Hors intersection,Normale,Trois véhicules et plus - en chaîne,,,,,,,,,,,1,2,1,1,4
200600018319,0006-04-16 15:45:00,6,4,16,15,45,60,116,,43.851,6.73,Plein jour,Hors agglomération,Hors intersection,Normale,Deux véhicules - frontale,,,,,,,,,,,1,1,1,1,1
200600018320,0006-04-05 18:20:00,6,4,5,18,20,60,157,6 et chemin de vosgelade,,,Plein jour,Hors agglomération,Hors intersection,Normale,Deux véhicules - côté,,,,,,,,,,,1,1,1,1,3
200600018321,0006-04-17 15:45:00,6,4,17,15,45,60,65,8900 route de cagnes,,,Plein jour,Hors agglomération,Hors intersection,Normale,Deux véhicules - côté,,,,,,,,,,,1,1,1,1,3
200600018322,0006-04-11 12:10:00,6,4,11,12,10,60,33,,43.805,7.194,Plein jour,Hors agglomération,Hors intersection,Normale,Deux véhicules - côté,,,,,,,,,,,1,1,1,1,3
200600018323,0006-04-08 19:15:00,6,4,8,19,15,60,99,,43.959,6.917,Crépuscule ou aube,Hors agglomération,Hors intersection,Normale,Deux véhicules - arrière,,,,,,,,,,,2,1,1,1,2
200600018324,0006-04-08 14:30:00,6,4,8,14,30,60,102,,44.06,7.12,Plein jour,Hors agglomération,Hors intersection,Normale,Autre collision,,,,,,,,,,,1,1,1,1,6
200600018325,0006-04-09 12:15:00,6,4,9,12,15,60,110,,44.098,7.043,Plein jour,Hors agglomération,Hors intersection,Pluie légère,Autre collision,,,,,,,,,,,1,1,1,2,6
200600018326,0006-04-23 18:45:00,6,4,23,18,45,830,56,,,,Plein jour,Hors agglomération,Hors intersection,Normale,Deux véhicules - frontale,,,,,,,,,,,1,1,1,1,1
200600018327,0006-04-23 12:45:00,6,4,23,12,45,830,40,,,,Plein jour,Hors agglomération,Hors intersection,Normale,Deux véhicules - frontale,,,,,,,,,,,1,1,1,1,1
200600018328,0006-04-23 20:30:00,6,4,23,20,30,830,124,,,,Nuit sans éclairage public,Hors agglomération,Hors intersection,Normale,Deux véhicules - côté,,,,,,,,,,,3,1,1,1,3
200600018329,0006-04-02 10:15:00,6,4,2,10,15,830,55,,,,Plein jour,Hors agglomération,Hors intersection,Normale,Autre collision,,,,,,,,,,,1,1,1,1,6
200600018330,0006-04-18 12:30:00,6,4,18,12,30,830,55,,,,Plein jour,Hors agglomération,Hors intersection,Normale,Deux véhicules - frontale,,,,,,,,,,,1,1,1,1,1
200600018331,0006-04-02 00:01:00,6,4,2,0,1,830,72,,,,Nuit sans éclairage public,Hors agglomération,Hors intersection,Normale,Deux véhicules - frontale,,,,,,,,,,,3,1,1,1,1
200600018332,0006-04-16 12:35:00,6,4,16,12,35,830,72,clos st roch,,,Plein jour,En agglomération,Hors intersection,Normale,Deux véhicules - côté,,,,,,,,,,,1,2,1,1,3
200600018333,0006-04-06 13:00:00,6,4,6,13,0,830,23,- Quartier le clavières,,,Plein jour,Hors agglomération,Hors intersection,Normale,Sans collision,,,,,,,,,,,1,1,1,1,7
200600018334,0006-04-14 18:15:00,6,4,14,18,15,830,23,,,,Plein jour,Hors agglomération,Hors intersection,Normale,Sans collision,,,,,,,,,,,1,1,1,1,7
200600018335,0006-04-13 18:15:00,6,4,13,18,15,830,46,CD13,,,Plein jour,En agglomération,Hors intersection,Normale,Deux véhicules - frontale,,,,,,,,,,,1,2,1,1,1
200600018336,0006-04-26 08:50:00,6,4,26,8,50,830,83,CD 22 - PK 18+500,,,Plein jour,En agglomération,Hors intersection,Normale,Deux véhicules - frontale,,,,,,,,,,,1,2,1,1,1
200600018337,0006-04-07 08:40:00,6,4,7,8,40,830,33,artier LE DEFENS - RN 97,,,Plein jour,Hors agglomération,Hors intersection,Normale,Deux véhicules - frontale,,,,,,,,,,,1,1,1,1,1
200600018338,0006-04-19 07:15:00,6,4,19,7,15,830,33,Giratoire de l'Autoroute,,,Plein jour,Hors agglomération,Hors intersection,Normale,Autre collision,,,,,,,,,,,1,1,1,1,6
200600018339,0006-04-26 13:00:00,6,4,26,13,0,830,33,,,,Plein jour,Hors agglomération,Hors intersection,Normale,Autre collision,,,,,,,,,,,1,1,1,1,6
200600018340,0006-04-07 16:00:00,6,4,7,16,0,830,146,,,,Plein jour,Hors agglomération,Hors intersection,Normale,Sans collision,,,,,,,,,,,1,1,1,1,7
200600018341,0006-04-02 19:00:00,6,4,2,19,0,830,106,CD43  PK15+500,,,Plein jour,Hors agglomération,Hors intersection,Normale,Deux véhicules - frontale,,,,,,,,,,,1,1,1,1,1
200600018342,0006-04-16 19:55:00,6,4,16,19,55,830,64,CD 554,,,Crépuscule ou aube,Hors agglomération,Hors intersection,Normale,Deux véhicules - frontale,,,,,,,,,,,2,1,1,1,1
200600018343,0006-04-20 13:50:00,6,4,20,13,50,830,106,CD 43,,,Plein jour,Hors agglomération,Hors intersection,Normale,Deux véhicules - frontale,,,,,,,,,,,1,1,1,1,1
200600018344,0006-04-25 14:45:00,6,4,25,14,45,830,116,Avenue du XVme CORPS,,,Plein jour,En agglomération,Hors intersection,Normale,Deux véhicules - frontale,,,,,,,,,,,1,2,1,1,1
200600018345,0006-04-30 16:00:00,6,4,30,16,0,830,116,route de nice,,,Plein jour,En agglomération,Hors intersection,Normale,Deux véhicules - frontale,,,,,,,,,,,1,2,1,1,1
200600018346,0006-04-02 15:00:00,6,4,2,15,0,830,99,d point des Salles RN 7.,,,Plein jour,Hors agglomération,Giratoire,Normale,Deux véhicules - côté,,,,,,,,,,,1,1,6,1,3
200600018347,0006-04-09 13:40:00,6,4,9,13,40,830,107,u - LES ISSAMBRES 83380,,,Plein jour,En agglomération,Hors intersection,Normale,Deux véhicules - côté,,,,,,,,,,,1,2,1,1,3
200600018348,0006-04-15 22:30:00,6,4,15,22,30,830,107,Route de La Bouverie,,,Nuit sans éclairage public,Hors agglomération,Hors intersection,Normale,Autre collision,,,,,,,,,,,3,1,1,1,6
200600018349,0006-04-06 07:50:00,6,4,6,7,50,830,68,RN 98 - PR 59 +900,,,Plein jour,Hors agglomération,Hors intersection,Normale,Trois véhicules et plus - collisions multiples,,,,,,,,,,,1,1,1,1,5
200600018350,0006-04-07 07:15:00,6,4,7,7,15,830,68,,,,Plein jour,Hors agglomération,Hors intersection,Normale,Deux véhicules - côté,,,,,,,,,,,1,1,1,1,3
200600018351,0006-04-24 11:40:00,6,4,24,11,40,830,68,plage des cigales CD559,43.3,6.62,Plein jour,Hors agglomération,Hors intersection,Normale,Deux véhicules - côté,,,,,,,,,,,1,1,1,1,3
200600018352,0006-04-27 20:00:00,6,4,27,20,0,830,42,Parking Mendes France,,,Plein jour,En agglomération,Hors intersection,Normale,Trois véhicules et plus - collisions multiples,,,,,,,,,,,1,2,1,1,5
200600018353,0006-04-27 15:00:00,6,4,27,15,0,830,68,,43.28,6.54,Plein jour,Hors agglomération,Hors intersection,Normale,Deux véhicules - arrière,,,,,,,,,,,1,1,1,1,2
200600018354,0006-04-30 18:30:00,6,4,30,18,30,830,42,,,,Plein jour,Hors agglomération,Hors intersection,Normale,Autre collision,,,,,,,,,,,1,1,1,1,6
200600018355,0006-04-30 02:45:00,6,4,30,2,45,830,86,LES LAVANDINS,,,Nuit sans éclairage public,Hors agglomération,Autre intersection,Normale,Deux véhicules - côté,,,,,,,,,,,3,1,9,1,3
200600018356,0006-04-02 05:20:00,6,4,2,5,20,830,115,CHEMIN DES VIRGILES,,,Nuit sans éclairage public,Hors agglomération,Hors intersection,Normale,Autre collision,,,,,,,,,,,3,1,1,1,6
200600018357,0006-04-06 17:15:00,6,4,6,17,15,830,65,D 98-A,,,Plein jour,Hors agglomération,Hors intersection,Normale,Deux véhicules - côté,,,,,,,,,,,1,1,1,1,3
200600018358,0006-04-22 02:00:00,6,4,22,2,0,830,101,"pk 7,350 sur la D93",,,Nuit sans éclairage public,Hors agglomération,Hors intersection,Normale,Sans collision,,,,,,,,,,,3,1,1,1,7
200600018359,0006-04-30 19:30:00,6,4,30,19,30,830,65,"98A, quartier Malheribes",,,Plein jour,Hors agglomération,Hors intersection,Normale,Deux véhicules - côté,,,,,,,,,,,1,1,1,1,3
200600018360,0006-04-08 00:30:00,6,4,8,0,30,830,53,RN8 PK15,,,Nuit sans éclairage public,Hors agglomération,Hors intersection,Normale,Deux véhicules - côté,,,,,,,,,,,3,1,1,1,3
200600018361,0006-04-09 18:45:00,6,4,9,18,45,830,49,D14 PR 1,,,Plein jour,Hors agglomération,Autre intersection,Temps éblouissant,Deux véhicules - côté,,,,,,,,,,,1,1,9,7,3
200600018362,0006-04-08 17:30:00,6,4,8,17,30,830,47,Avenue de Limans,43.152,6.075,Plein jour,En agglomération,Hors intersection,Normale,Autre collision,,,,,,,,,,,1,2,1,1,6
200600018363,0006-04-10 16:00:00,6,4,10,16,0,830,47,avenue du 22ème BMNA,,,Plein jour,En agglomération,Hors intersection,Normale,Autre collision,,,,,,,,,,,1,2,1,1,6
200600018364,0006-04-12 20:50:00,6,4,12,20,50,830,19,u-dit Clos mistinguettte,,,Nuit sans éclairage public,Hors agglomération,Hors intersection,Normale,Sans collision,,,,,,,,,,,3,1,1,1,7
200600018365,0006-04-21 22:45:00,6,4,21,22,45,830,19,,,,Nuit sans éclairage public,Hors agglomération,Hors intersection,Normale,Deux véhicules - frontale,,,,,,,,,,,3,1,1,1,1
200600018366,0006-04-26 14:45:00,6,4,26,14,45,830,70,e Du LEVANT à AIGUEBELLE,43.15,6.41,Plein jour,Hors agglomération,Hors intersection,Normale,Deux véhicules - côté,,,,,,,,,,,1,1,1,1,3
200600018367,0006-04-02 18:00:00,6,4,2,18,0,830,130,,43.183,6.068,Plein jour,Hors agglomération,Hors intersection,Normale,Trois véhicules et plus - collisions multiples,,,,,,,,,,,1,1,1,1,5
200600018368,0006-04-21 22:30:00,6,4,21,22,30,830,132,CD 67,43.183,6.043,Nuit avec éclairage allumé,En agglomération,Hors intersection,Normale,Deux véhicules - frontale,,,,,,,,,,,5,2,1,1,1
200600018369,0006-04-03 09:00:00,6,4,3,9,0,840,36,63 ROUTE DU THOR,,,Plein jour,En agglomération,Hors intersection,Normale,Autre collision,,,,,,,,,,,1,2,1,1,6
200600018370,0006-04-03 09:00:00,6,4,3,9,0,840,99,,,,Plein jour,Hors agglomération,Intersection en X,Normale,Deux véhicules - côté,,,,,,,,,,,1,1,2,1,3
200600018371,0006-04-10 10:45:00,6,4,10,10,45,840,99,,,,Plein jour,Hors agglomération,Hors intersection,Pluie forte,Deux véhicules - côté,,,,,,,,,,,1,1,1,3,3
200600018372,0006-04-28 16:35:00,6,4,28,16,35,840,99,tersection CD 22 / CD 31,,,Plein jour,Hors agglomération,Hors intersection,Normale,Deux véhicules - côté,,,,,,,,,,,1,1,1,1,3
200600018373,0006-04-13 08:45:00,6,4,13,8,45,840,62,in de la Bastide Vieille,43.882,5.097,Plein jour,Hors agglomération,Hors intersection,Normale,Trois véhicules et plus - collisions multiples,,,,,,,,,,,1,1,1,1,5
200600018374,0006-04-17 08:15:00,6,4,17,8,15,840,141,Avenue de la fonderie,,,Plein jour,En agglomération,Hors intersection,Normale,Deux véhicules - frontale,,,,,,,,,,,1,2,1,1,1
200600018375,0006-04-23 10:00:00,6,4,23,10,0,840,92,,,,Plein jour,Hors agglomération,Hors intersection,Normale,Deux véhicules - côté,,,,,,,,,,,1,1,1,1,3
200600018376,0006-04-20 19:45:00,6,4,20,19,45,840,112,,43.855,5.499,Plein jour,Hors agglomération,Hors intersection,Normale,Deux véhicules - frontale,,,,,,,,,,,1,1,1,1,1
200600018377,0006-04-26 11:40:00,6,4,26,11,40,840,3,CD 201,,,Plein jour,Hors agglomération,Hors intersection,Normale,Deux véhicules - côté,,,,,,,,,,,1,1,1,1,3
200600018378,0006-04-30 04:45:00,6,4,30,4,45,840,3,,43.884,5.411,Nuit sans éclairage public,Hors agglomération,Hors intersection,Normale,Deux véhicules - côté,,,,,,,,,,,3,1,1,1,3
200600018379,0006-04-22 23:30:00,6,4,22,23,30,840,65,,43.755,5.33,Nuit sans éclairage public,Hors agglomération,Hors intersection,Normale,Deux véhicules - côté,,,,,,,,,,,3,1,1,1,3
200600018380,0006-04-10 07:45:00,6,4,10,7,45,840,2,,43.739,5.483,Plein jour,Hors agglomération,Hors intersection,Normale,Sans collision,,,,,,,,,,,1,1,1,1,7
200600018381,0006-04-17 19:45:00,6,4,17,19,45,840,133,,43.738,5.538,Plein jour,Hors agglomération,Hors intersection,Normale,Deux véhicules - côté,,,,,,,,,,,1,1,1,1,3
200600018382,0006-04-14 22:00:00,6,4,14,22,0,840,72,Chemin pied marin n°1,,,Nuit sans éclairage public,Hors agglomération,Hors intersection,Normale,Sans collision,,,,,,,,,,,3,1,1,1,7
200600018383,0006-04-24 19:00:00,6,4,24,19,0,840,122,,,,Plein jour,Hors agglomération,Hors intersection,Pluie légère,Autre collision,,,,,,,,,,,1,1,1,2,6
200600018384,0006-04-28 08:25:00,6,4,28,8,25,840,88,C.D.31,,,Plein jour,Hors agglomération,Hors intersection,Normale,Deux véhicules - frontale,,,,,,,,,,,1,1,1,1,1
200600018385,0006-04-04 19:30:00,6,4,4,19,30,840,56,Avenue du Général de Gau,44.122,4.901,Plein jour,En agglomération,Giratoire,Normale,Deux véhicules - côté,,,,,,,,,,,1,2,6,1,3
200600018386,0006-04-18 15:45:00,6,4,18,15,45,840,39,,44.102,4.869,Plein jour,Hors agglomération,Hors intersection,Normale,Autre collision,,,,,,,,,,,1,1,1,1,6
200600018387,0006-04-22 15:00:00,6,4,22,15,0,840,91,,,,Plein jour,Hors agglomération,Hors intersection,Normale,Autre collision,,,,,,,,,,,1,1,1,1,6
200600018388,0006-04-04 13:30:00,6,4,4,13,30,840,64,,44.292,4.689,Plein jour,Hors agglomération,Hors intersection,Normale,Deux véhicules - côté,,,,,,,,,,,1,1,1,1,3
200600018389,0006-04-04 18:45:00,6,4,4,18,45,840,19,Résidence du beau site,44.291,4.754,Plein jour,En agglomération,Hors intersection,Normale,Autre collision,,,,,,,,,,,1,2,1,1,6
200600018390,0006-04-07 21:00:00,6,4,7,21,0,840,106,,,,Nuit sans éclairage public,Hors agglomération,Hors intersection,Normale,Sans collision,,,,,,,,,,,3,1,1,1,7
200600018391,0006-04-26 08:30:00,6,4,26,8,30,840,126,e coopérative de SEGURET,,,Plein jour,Hors agglomération,Hors intersection,Normale,Deux véhicules - arrière,,,,,,,,,,,1,1,1,1,2
200600018392,0006-04-18 18:30:00,6,4,18,18,30,840,138,Av Maréchal Leclerc,,,Plein jour,En agglomération,Hors intersection,Normale,Deux véhicules - côté,,,,,,,,,,,1,2,1,1,3
200600018393,0006-04-22 21:00:00,6,4,22,21,0,840,138,Chemin des Saffres,,,Nuit sans éclairage public,En agglomération,Hors intersection,Normale,Deux véhicules - frontale,,,,,,,,,,,3,2,1,1,1
200600018394,0006-04-19 14:00:00,6,4,19,14,0,340,57,avenue de la monnaie,,,Plein jour,En agglomération,Hors intersection,Normale,Deux véhicules - côté,,,,,,,,,,,1,2,1,1,3
200600018395,0006-04-23 14:30:00,6,4,23,14,30,340,57,RUE DE LA CROUZETTE,,,Plein jour,En agglomération,Hors intersection,Normale,Deux véhicules - frontale,,,,,,,,,,,1,2,1,1,1
200600018396,0006-04-19 20:00:00,6,4,19,20,0,340,327,Garribaldi,,,Nuit sans éclairage public,Hors agglomération,Hors intersection,Normale,Trois véhicules et plus - en chaîne,,,,,,,,,,,3,1,1,1,4
200600018397,0006-04-23 05:00:00,6,4,23,5,0,340,344,Allée des palombes,,,Nuit avec éclairage allumé,En agglomération,Hors intersection,Normale,Autre collision,,,,,,,,,,,5,2,1,1,6
200600018398,0006-04-01 18:20:00,6,4,1,18,20,340,151,CD 31E1,,,Plein jour,Hors agglomération,Hors intersection,Normale,Autre collision,,,,,,,,,,,1,1,1,1,6
200600018399,0006-04-06 19:15:00,6,4,6,19,15,340,145,de la fourche ST JULIAN,,,Crépuscule ou aube,Hors agglomération,Hors intersection,Normale,Deux véhicules - arrière,,,,,,,,,,,2,1,1,1,2
200600018400,0006-04-12 11:15:00,6,4,12,11,15,340,145,Rue Olivier de serre,,,Plein jour,En agglomération,Hors intersection,Normale,Deux véhicules - côté,,,,,,,,,,,1,2,1,1,3
200600018401,0006-04-19 08:15:00,6,4,19,8,15,340,145,rue de VERDUN,,,Plein jour,En agglomération,Hors intersection,Normale,Autre collision,,,,,,,,,,,1,2,1,1,6
200600018402,0006-04-25 12:30:00,6,4,25,12,30,340,145,avenue Mas des sports,,,Plein jour,Hors agglomération,Hors intersection,Normale,Autre collision,,,,,,,,,,,1,1,1,1,6
200600018403,0006-04-10 07:30:00,6,4,10,7,30,340,154,,,,Plein jour,Hors agglomération,Hors intersection,Normale,Trois véhicules et plus - collisions multiples,,,,,,,,,,,1,1,1,1,5
200600018404,0006-04-29 16:45:00,6,4,29,16,45,340,102,,43.795,3.911,Plein jour,Hors agglomération,Hors intersection,Normale,Autre collision,,,,,,,,,,,1,1,1,1,6
200600018405,0006-04-05 11:45:00,6,4,5,11,45,340,96,,,,Plein jour,Hors agglomération,Hors intersection,Normale,Autre collision,,,,,,,,,,,1,1,1,1,6
200600018406,0006-04-06 17:45:00,6,4,6,17,45,340,96,,43.558,3.196,Plein jour,Hors agglomération,Hors intersection,Normale,Autre collision,,,,,,,,,,,1,1,1,1,6
200600018407,0006-04-08 00:15:00,6,4,8,0,15,340,96,,43.58,3.16,Nuit sans éclairage public,Hors agglomération,Hors intersection,Normale,Sans collision,,,,,,,,,,,3,1,1,1,7
200600018408,0006-04-27 18:20:00,6,4,27,18,20,340,312,le mas blanc,,,Plein jour,Hors agglomération,Hors intersection,Normale,Deux véhicules - côté,,,,,,,,,,,1,1,1,1,3
200600018409,0006-04-20 07:00:00,6,4,20,7,0,340,81,Pont vieux,43.32,3.141,Crépuscule ou aube,En agglomération,Hors intersection,Normale,Autre collision,,,,,,,,,,,2,2,1,1,6
200600018410,0006-04-21 16:35:00,6,4,21,16,35,340,183,"9 Lieu dit ""Pas du Loup""",43.275,3.08,Plein jour,Hors agglomération,Hors intersection,Normale,Autre collision,,,,,,,,,,,1,1,1,1,6
200600018411,0006-04-21 17:45:00,6,4,21,17,45,340,52,Avenue de Nissan,,,Plein jour,En agglomération,Hors intersection,Normale,Autre collision,,,,,,,,,,,1,2,1,1,6
200600018412,0006-04-20 15:00:00,6,4,20,15,0,340,52,,43.341,2.973,Plein jour,Hors agglomération,Hors intersection,Normale,Sans collision,,,,,,,,,,,1,1,1,1,7
200600018413,0006-04-22 14:45:00,6,4,22,14,45,340,81,CD162 E2,43.304,3.133,Plein jour,Hors agglomération,Hors intersection,Normale,Sans collision,,,,,,,,,,,1,1,1,1,7
200600018414,0006-04-21 14:30:00,6,4,21,14,30,340,199,CD 13 E,,,Plein jour,Hors agglomération,Hors intersection,Normale,Deux véhicules - frontale,,,,,,,,,,,1,1,1,1,1
200600018415,0006-04-12 06:30:00,6,4,12,6,30,340,214,,43.48,3.29,Crépuscule ou aube,Hors agglomération,Hors intersection,Normale,Autre collision,,,,,,,,,,,2,1,1,1,6
200600018416,0006-04-16 18:45:00,6,4,16,18,45,340,214,CD 15,43.5,3.29,Plein jour,Hors agglomération,Hors intersection,Normale,Autre collision,,,,,,,,,,,1,1,1,1,6
200600018417,0006-04-02 03:00:00,6,4,2,3,0,340,135,RD 14,43.265,3.161,Nuit sans éclairage public,Hors agglomération,Hors intersection,Normale,Autre collision,,,,,,,,,,,3,1,1,1,6
200600018418,0006-04-12 09:50:00,6,4,12,9,50,340,142,Bd du Général Leclerc,,,Plein jour,En agglomération,Hors intersection,Normale,Deux véhicules - côté,,,,,,,,,,,1,2,1,1,3
200600018419,0006-04-08 23:30:00,6,4,8,23,30,340,175,,43.613,3.385,Nuit sans éclairage public,Hors agglomération,Hors intersection,Pluie légère,Sans collision,,,,,,,,,,,3,1,1,2,7
200600018420,0006-04-22 18:00:00,6,4,22,18,0,340,16,CD 139,,,Plein jour,Hors agglomération,Hors intersection,Normale,Sans collision,,,,,,,,,,,1,1,1,1,7
200600018421,0006-04-02 18:30:00,6,4,2,18,30,340,332,av. de la méditerranée,,,Plein jour,En agglomération,Autre intersection,Normale,Deux véhicules - côté,,,,,,,,,,,1,2,9,1,3
200600018422,0006-04-14 12:00:00,6,4,14,12,0,340,101,AVENUE DE POMEROLS,43.389,3.47,Plein jour,En agglomération,Hors intersection,Normale,Autre collision,,,,,,,,,,,1,2,1,1,6
200600018423,0006-04-10 02:30:00,6,4,10,2,30,340,95,,,,Nuit sans éclairage public,Hors agglomération,Hors intersection,Normale,Sans collision,,,,,,,,,,,3,1,1,1,7
200600018424,0006-04-30 09:45:00,6,4,30,9,45,340,95,D185,43.563,3.798,Nuit avec éclairage allumé,En agglomération,Hors intersection,Normale,Deux véhicules - frontale,,,,,,,,,,,5,2,1,1,1
200600018425,0006-04-17 06:30:00,6,4,17,6,30,340,143,,43.445,3.618,Nuit sans éclairage public,Hors agglomération,Hors intersection,Normale,Sans collision,,,,,,,,,,,3,1,1,1,7
200600018426,0006-04-05 17:45:00,6,4,5,17,45,110,279,AVENUE DU MINERVOIS,43.247,2.325,Plein jour,En agglomération,Hors intersection,Normale,Deux véhicules - côté,,,,,,,,,,,1,2,1,1,3
200600018427,0006-04-13 15:15:00,6,4,13,15,15,110,426,"PR 27+050, la Malvirade",43.3,2.455,Plein jour,Hors agglomération,Hors intersection,Normale,Deux véhicules - frontale,,,,,,,,,,,1,1,1,1,1
200600018428,0006-04-13 07:15:00,6,4,13,7,15,110,52,"ieu dit ""Les Escoussols""",,,Crépuscule ou aube,Hors agglomération,Hors intersection,Normale,Deux véhicules - arrière,,,,,,,,,,,2,1,1,1,2
200600018429,0006-04-14 17:30:00,6,4,14,17,30,110,286,ZA PEYRIAC MINERVOIS,,,Plein jour,En agglomération,Hors intersection,Normale,Deux véhicules - côté,,,,,,,,,,,1,2,1,1,3
200600018430,0006-04-15 04:15:00,6,4,15,4,15,110,192,,43.296,2.036,Nuit sans éclairage public,Hors agglomération,Hors intersection,Autre,Sans collision,,,,,,,,,,,3,1,1,9,7
200600018431,0006-04-13 09:30:00,6,4,13,9,30,110,18,CD 119,,,Plein jour,Hors agglomération,Hors intersection,Normale,Autre collision,,,,,,,,,,,1,1,1,1,6
200600018432,0006-04-06 20:00:00,6,4,6,20,0,110,33,Avenue du Pont de l'Hers,43.203,1.747,Plein jour,En agglomération,Intersection en X,Normale,Deux véhicules - frontale,,,,,,,,,,,1,2,2,1,1
200600018433,0006-04-06 19:45:00,6,4,6,19,45,110,90,"CD 118, sortie de CEPIE,",,,Plein jour,En agglomération,Hors intersection,Normale,Deux véhicules - côté,,,,,,,,,,,1,2,1,1,3
200600018434,0006-04-10 00:45:00,6,4,10,0,45,110,325,,,,Nuit sans éclairage public,Hors agglomération,Hors intersection,Pluie légère,Sans collision,,,,,,,,,,,3,1,1,2,7
200600018435,0006-04-12 18:15:00,6,4,12,18,15,110,120,"Lieu dit ""La navarre""",,,Plein jour,Hors agglomération,Hors intersection,Normale,Trois véhicules et plus - collisions multiples,,,,,,,,,,,1,1,1,1,5
200600018436,0006-04-21 07:45:00,6,4,21,7,45,110,206,"Avenue Camille BOUCHE, P",,,Plein jour,En agglomération,Hors intersection,Normale,Deux véhicules - arrière,,,,,,,,,,,1,2,1,1,2
200600018437,0006-04-07 21:45:00,6,4,7,21,45,110,167,CD 19,,,Nuit sans éclairage public,Hors agglomération,Hors intersection,Normale,Autre collision,,,,,,,,,,,3,1,1,1,6
200600018438,0006-04-30 14:15:00,6,4,30,14,15,110,91,CD 12,,,Plein jour,En agglomération,Hors intersection,Normale,Deux véhicules - frontale,,,,,,,,,,,1,2,1,1,1
200600018439,0006-04-29 02:00:00,6,4,29,2,0,110,170,CD 32,,,Nuit sans éclairage public,Hors agglomération,Autre intersection,Normale,Deux véhicules - arrière,,,,,,,,,,,3,1,9,1,2
200600018440,0006-04-17 14:45:00,6,4,17,14,45,110,172,Carrefour CD 610 / 611,,,Plein jour,Hors agglomération,Intersection en T,Normale,Trois véhicules et plus - collisions multiples,,,,,,,,,,,1,1,3,1,5
200600018441,0006-04-24 17:45:00,6,4,24,17,45,110,266,Rue Dupleix,,,Plein jour,En agglomération,Hors intersection,Normale,Autre collision,,,,,,,,,,,1,2,1,1,6
200600018442,0006-04-26 21:45:00,6,4,26,21,45,110,266,TIER et alfred DE MUSSET,,,Nuit avec éclairage allumé,En agglomération,Hors intersection,Normale,Deux véhicules - côté,,,,,,,,,,,5,2,1,1,3
200600018443,0006-04-06 11:45:00,6,4,6,11,45,110,113,PK 14 +250,,,Plein jour,Hors agglomération,Hors intersection,Normale,Sans collision,,,,,,,,,,,1,1,1,1,7
200600018444,0006-04-29 15:45:00,6,4,29,15,45,300,3,,,,Plein jour,Hors agglomération,Autre intersection,Normale,Deux véhicules - côté,,,,,,,,,,,1,1,9,1,3
200600018445,0006-04-30 21:15:00,6,4,30,21,15,300,3,Rte du grau du roi,,,Nuit sans éclairage public,En agglomération,Hors intersection,Normale,Autre collision,,,,,,,,,,,3,2,1,1,6
200600018446,0006-04-06 12:00:00,6,4,6,12,0,300,321,rue yvan gaussen,,,Plein jour,En agglomération,Hors intersection,Normale,Trois véhicules et plus - collisions multiples,,,,,,,,,,,1,2,1,1,5
200600018447,0006-04-12 14:15:00,6,4,12,14,15,300,156,rue du grenache/cinsault,,,Plein jour,En agglomération,Hors intersection,Normale,Deux véhicules - côté,,,,,,,,,,,1,2,1,1,3
200600018448,0006-04-10 17:15:00,6,4,10,17,15,300,156,CARREFOUR RUE MIREILLE,,,Plein jour,En agglomération,Hors intersection,Normale,Deux véhicules - frontale,,,,,,,,,,,1,2,1,1,1