accident_id,datetime,annee,mois,jour,heure,minute,departement,commune_insee,adresse,latitude,longitude,luminosite,agglomeration,intersection,meteo,collision,nb_vehicules,nb_usagers,nb_indemnes,nb_tues,nb_blesses_hosp,nb_blesses_legers,age_cond_1,age_cond_2,veh_type_cond_1,veh_type_cond_2,lum_code,agg_code,int_code,atm_code,col_code
200600018725,0006-04-08 12:45:00,6,4,8,12,45,600,44,Rue général LECLERC,,,Plein jour,En agglomération,Hors intersection,Normale,Deux véhicules - côté,,,,,,,,,,,1,2,1,1,3
200600018726,0006-04-16 16:45:00,6,4,16,16,45,270,227,A 13 SENS PROVINCE PARIS,,,Plein jour,Hors agglomération,Hors intersection,Normale,Autre collision,,,,,,,,,,,1,1,1,1,6
200600018727,0006-04-08 19:15:00,6,4,8,19,15,270,517,,,,Plein jour,Hors agglomération,Hors intersection,Pluie légère,Deux véhicules - arrière,,,,,,,,,,,1,1,1,2,2
200600018728,0006-04-24 13:00:00,6,4,24,13,0,270,375,K2+500-Sens Evreux/Rouen,,,Plein jour,Hors agglomération,Hors intersection,Normale,Deux véhicules - frontale,,,,,,,,,,,1,1,1,1,1
200600018729,0006-04-04 05:35:00,6,4,4,5,35,600,138,pk 44+600,,,Nuit sans éclairage public,Hors agglomération,Hors intersection,Normale,Deux véhicules - arrière,,,,,,,,,,,3,1,1,1,2
200600018730,0006-04-04 14:00:00,6,4,4,14,0,600,100,Autoroute A1,,,Plein jour,Hors agglomération,Hors intersection,Normale,Deux véhicules - arrière,,,,,,,,,,,1,1,1,1,2
200600018731,0006-04-15 08:10:00,6,4,15,8,10,600,531,,,,Plein jour,Hors agglomération,Hors intersection,Normale,Deux véhicules - arrière,,,,,,,,,,,1,1,1,1,2
200600018732,0006-04-26 02:00:00,6,4,26,2,0,600,19,,,,Nuit sans éclairage public,Hors agglomération,Hors intersection,Normale,Deux véhicules - arrière,,,,,,,,,,,3,1,1,1,2
200600018733,0006-04-15 18:00:00,6,4,15,18,0,210,651,,,,Plein jour,Hors agglomération,Hors intersection,Normale,Deux véhicules - frontale,,,,,,,,,,,1,1,1,1,1
200600018734,0006-04-18 11:20:00,6,4,18,11,20,210,142,,,,Plein jour,Hors agglomération,Hors intersection,Normale,Sans collision,,,,,,,,,,,1,1,1,1,7
200600018735,0006-04-29 07:00:00,6,4,29,7,0,210,561,,47.441,4.796,Plein jour,Hors agglomération,Hors intersection,Normale,Deux véhicules - frontale,,,,,,,,,,,1,1,1,1,1
200600018736,0006-04-13 15:45:00,6,4,13,15,45,620,189,,,,Plein jour,Hors agglomération,Hors intersection,Normale,Deux véhicules - arrière,,,,,,,,,,,1,1,1,1,2
200600018737,0006-04-07 08:30:00,6,4,7,8,30,680,278,Intersection rue Ile Nap,,,Plein jour,En agglomération,Hors intersection,Temps éblouissant,Deux véhicules - arrière,,,,,,,,,,,1,2,1,7,2
200600018738,0006-04-21 19:45:00,6,4,21,19,45,310,467,Avenue du Bergeron,43.693,1.41,Plein jour,En agglomération,Hors intersection,Normale,Deux véhicules - côté,,,,,,,,,,,1,2,1,1,3
200600018739,0006-04-23 18:00:00,6,4,23,18,0,310,116,route de Villemur,43.72,1.433,Plein jour,Hors agglomération,Hors intersection,Normale,Deux véhicules - côté,,,,,,,,,,,1,1,1,1,3
200600018740,0006-04-15 21:00:00,6,4,15,21,0,740,197,"age de NANGY, sens CH/GE",,,Nuit avec éclairage allumé,Hors agglomération,Hors intersection,Normale,Deux véhicules - arrière,,,,,,,,,,,5,1,1,1,2
200600018741,0006-04-19 15:50:00,6,4,19,15,50,300,344,,,,Plein jour,Hors agglomération,Hors intersection,Normale,Deux véhicules - côté,,,,,,,,,,,1,1,1,1,3
200600018742,0006-04-22 11:15:00,6,4,22,11,15,300,123,,,,Plein jour,Hors agglomération,Hors intersection,Normale,Deux véhicules - arrière,,,,,,,,,,,1,1,1,1,2
200600018743,0006-04-24 20:15:00,6,4,24,20,15,300,189,,,,Plein jour,Hors agglomération,Hors intersection,Normale,Autre collision,,,,,,,,,,,1,1,1,1,6
200600018744,0006-04-14 14:15:00,6,4,14,14,15,110,322,,43.04,2.953,Plein jour,Hors agglomération,Hors intersection,Normale,Autre collision,,,,,,,,,,,1,1,1,1,6
200600018745,0006-04-19 09:00:00,6,4,19,9,0,110,262,,43.167,2.996,Plein jour,Hors agglomération,Hors intersection,Normale,Deux véhicules - arrière,,,,,,,,,,,1,1,1,1,2
200600018746,0006-04-09 12:45:00,6,4,9,12,45,370,15,,,,Plein jour,Hors agglomération,Hors intersection,Normale,Sans collision,,,,,,,,,,,1,1,1,1,7
200600018747,0006-04-21 18:45:00,6,4,21,18,45,370,273,RD 142,,,Plein jour,Hors agglomération,Hors intersection,Normale,Deux véhicules - arrière,,,,,,,,,,,1,1,1,1,2
200600018748,0006-04-21 14:30:00,6,4,21,14,30,370,110,ur des Perrières - RN 76,,,Plein jour,Hors agglomération,Intersection en X,Normale,Deux véhicules - côté,,,,,,,,,,,1,1,2,1,3
200600018749,0006-04-30 04:45:00,6,4,30,4,45,370,91,,,,Nuit sans éclairage public,Hors agglomération,Hors intersection,Normale,Deux véhicules - arrière,,,,,,,,,,,3,1,1,1,2
200600018750,0006-04-08 18:00:00,6,4,8,18,0,280,276,55+500 - PARIS/PROVINCE,,,Plein jour,Hors agglomération,Hors intersection,Normale,Sans collision,,,,,,,,,,,1,1,1,1,7
200600018751,0006-04-12 08:00:00,6,4,12,8,0,450,154,,,,Plein jour,Hors agglomération,Hors intersection,Temps couvert,Sans collision,,,,,,,,,,,1,1,1,8,7
200600018752,0006-04-18 07:45:00,6,4,18,7,45,130,32,QT Logissons D543/D17,,,Plein jour,En agglomération,Giratoire,Normale,Autre collision,,,,,,,,,,,1,2,6,1,6
200600018753,0006-04-07 20:30:00,6,4,7,20,30,670,142,DE LA RN AU RHIN,,,Crépuscule ou aube,En agglomération,Hors intersection,Normale,Autre collision,,,,,,,,,,,2,2,1,1,6
200600018754,0006-04-08 19:00:00,6,4,8,19,0,670,142,10 rue de Stattmatten,,,Crépuscule ou aube,En agglomération,Hors intersection,Normale,Autre collision,,,,,,,,,,,2,2,1,1,6
200600018755,0006-04-11 14:00:00,6,4,11,14,0,210,86,LYON / PARIS PK 310+500,,,Plein jour,Hors agglomération,Hors intersection,Normale,Deux véhicules - arrière,,,,,,,,,,,1,1,1,1,2
200600018756,0006-04-20 06:40:00,6,4,20,6,40,740,137,N - sens GENEVE/CHAMBERY,,,Plein jour,Hors agglomération,Hors intersection,Normale,Deux véhicules - arrière,,,,,,,,,,,1,1,1,1,2
200600018757,0006-04-09 05:15:00,6,4,9,5,15,380,565,A48 - PK 87+850,,,Nuit sans éclairage public,Hors agglomération,Hors intersection,Normale,Trois véhicules et plus - collisions multiples,,,,,,,,,,,3,1,1,1,5
200600018758,0006-04-13 04:50:00,6,4,13,4,50,380,382,A48 - PK 90+450,45.246,5.66,Nuit sans éclairage public,Hors agglomération,Hors intersection,Normale,Trois véhicules et plus - collisions multiples,,,,,,,,,,,3,1,1,1,5
200600018759,0006-04-16 13:15:00,6,4,16,13,15,130,65,"t ""Le Cousssoul"" - CD 17",,,Plein jour,Hors agglomération,Hors intersection,Normale,Autre collision,,,,,,,,,,,1,1,1,1,6
200600018760,0006-04-15 06:20:00,6,4,15,6,20,280,85,oint Kilométrique 55+100,,,Crépuscule ou aube,Hors agglomération,Hors intersection,Normale,Deux véhicules - arrière,,,,,,,,,,,2,1,1,1,2
200600018761,0006-04-16 09:30:00,6,4,16,9,30,280,161,,,,Plein jour,Hors agglomération,Hors intersection,Normale,Deux véhicules - arrière,,,,,,,,,,,1,1,1,1,2
200600018762,0006-04-20 06:30:00,6,4,20,6,30,410,204,,,,Crépuscule ou aube,Hors agglomération,Hors intersection,Normale,Deux véhicules - frontale,,,,,,,,,,,2,1,1,1,1
200600018763,0006-04-13 16:45:00,6,4,13,16,45,690,43,Rue Chapard,,,Plein jour,En agglomération,Hors intersection,Normale,Autre collision,,,,,,,,,,,1,2,1,1,6
200600018764,0006-04-24 17:30:00,6,4,24,17,30,290,130,Porsmilin,48.357,-4.609,Plein jour,En agglomération,Hors intersection,Normale,Deux véhicules - frontale,,,,,,,,,,,1,2,1,1,1
200600018765,0006-04-29 22:45:00,6,4,29,22,45,340,213,,,,Nuit sans éclairage public,Hors agglomération,Hors intersection,Normale,Deux véhicules - arrière,,,,,,,,,,,3,1,1,1,2
200600018766,0006-04-14 18:15:00,6,4,14,18,15,310,506,AVENUE DE LA MARQUEILLE,,,Plein jour,En agglomération,Hors intersection,Normale,Deux véhicules - frontale,,,,,,,,,,,1,2,1,1,1
200600018767,0006-04-02 16:00:00,6,4,2,16,0,550,557,,,,Plein jour,Hors agglomération,Hors intersection,Temps couvert,Autre collision,,,,,,,,,,,1,1,1,8,6
200600018768,0006-04-17 17:30:00,6,4,17,17,30,540,408,Autoroute A4,,,Plein jour,Hors agglomération,Hors intersection,Normale,Sans collision,,,,,,,,,,,1,1,1,1,7
200600018769,0006-04-16 01:20:00,6,4,16,1,20,910,85,route nationale 20,,,Nuit sans éclairage public,Hors agglomération,Hors intersection,Pluie légère,Sans collision,,,,,,,,,,,3,1,1,2,7
200600018770,0006-04-16 12:45:00,6,4,16,12,45,910,85,,,,Plein jour,Hors agglomération,Hors intersection,Normale,Sans collision,,,,,,,,,,,1,1,1,1,7
200600018771,0006-04-10 15:00:00,6,4,10,15,0,690,81,chemin du Tronchon,,,Plein jour,En agglomération,Hors intersection,Pluie légère,Deux véhicules - côté,,,,,,,,,,,1,2,1,2,3
200600018772,0006-04-14 17:45:00,6,4,14,17,45,380,485,,,,Plein jour,Hors agglomération,Hors intersection,Normale,Autre collision,,,,,,,,,,,1,1,1,1,6
200600018773,0006-04-26 22:30:00,6,4,26,22,30,510,588,"206+800, sens PARIS/METZ",,,Nuit avec éclairage allumé,Hors agglomération,Hors intersection,Normale,Deux véhicules - arrière,,,,,,,,,,,5,1,1,1,2
200600018774,0006-04-05 18:30:00,6,4,5,18,30,570,443,,,,Plein jour,Hors agglomération,Hors intersection,Normale,Autre collision,,,,,,,,,,,1,1,1,1,6
200600018775,0006-04-02 00:45:00,6,4,2,0,45,20,164,,49.128,3.526,Nuit sans éclairage public,Hors agglomération,Hors intersection,Normale,Deux véhicules - arrière,,,,,,,,,,,3,1,1,1,2
200600018776,0006-04-04 08:10:00,6,4,4,8,10,60,88,agnan- Sens Italie Franc,,,Plein jour,Hors agglomération,Hors intersection,Normale,Deux véhicules - arrière,,,,,,,,,,,1,1,1,1,2
200600018777,0006-04-16 18:15:00,6,4,16,18,15,60,83,,43.8,7.487,Plein jour,Hors agglomération,Hors intersection,Normale,Deux véhicules - arrière,,,,,,,,,,,1,1,1,1,2
200600018778,0006-04-21 09:05:00,6,4,21,9,5,60,88,autoroute A8,,,Plein jour,Hors agglomération,Hors intersection,Normale,Trois véhicules et plus - en chaîne,,,,,,,,,,,1,1,1,1,4
200600018779,0006-04-22 05:00:00,6,4,22,5,0,60,83,"la coupière SUD, pk 216",,,Nuit avec éclairage allumé,Hors agglomération,Hors intersection,Normale,Autre collision,,,,,,,,,,,5,1,1,1,6
200600018780,0006-04-22 11:45:00,6,4,22,11,45,60,88,,43.734,7.266,Plein jour,Hors agglomération,Hors intersection,Normale,Deux véhicules - arrière,,,,,,,,,,,1,1,1,1,2
200600018781,0006-04-22 21:30:00,6,4,22,21,30,60,12,,43.774,7.449,Nuit sans éclairage public,Hors agglomération,Hors intersection,Normale,Trois véhicules et plus - collisions multiples,,,,,,,,,,,3,1,1,1,5
200600018782,0006-04-03 17:30:00,6,4,3,17,30,680,59,,,,Plein jour,Hors agglomération,Hors intersection,Normale,Deux véhicules - arrière,,,,,,,,,,,1,1,1,1,2
200600018783,0006-04-22 14:30:00,6,4,22,14,30,900,62,,,,Plein jour,Hors agglomération,Hors intersection,Normale,Autre collision,,,,,,,,,,,1,1,1,1,6
200600018784,0006-04-25 21:15:00,6,4,25,21,15,660,137,,,,Nuit sans éclairage public,Hors agglomération,Hors intersection,Normale,Deux véhicules - arrière,,,,,,,,,,,3,1,1,1,2
200600018785,0006-04-16 15:55:00,6,4,16,15,55,950,323,rue de Maurecourt,,,Plein jour,En agglomération,Hors intersection,Normale,Deux véhicules - côté,,,,,,,,,,,1,2,1,1,3
200600018786,0006-04-03 08:45:00,6,4,3,8,45,380,431,"toroute A.41, PK 012.200",,,Plein jour,Hors agglomération,Hors intersection,Pluie légère,Deux véhicules - arrière,,,,,,,,,,,1,1,1,2,2
200600018787,0006-04-26 22:45:00,6,4,26,22,45,380,39,", sens Chambery-Grenoble",,,Nuit sans éclairage public,Hors agglomération,Hors intersection,Pluie légère,Deux véhicules - frontale,,,,,,,,,,,3,1,1,2,1
200600018788,0006-04-12 22:45:00,6,4,12,22,45,60,85,CHAUSSEE SUD - PR166+600,,,Nuit sans éclairage public,Hors agglomération,Hors intersection,Normale,Trois véhicules et plus - collisions multiples,,,,,,,,,,,3,1,1,1,5
200600018789,0006-04-24 13:00:00,6,4,24,13,0,60,123,bretelle d'entrée A8 sud,,,Plein jour,En agglomération,Autre intersection,Normale,Sans collision,,,,,,,,,,,1,2,9,1,7
200600018790,0006-04-28 07:25:00,6,4,28,7,25,60,79,155+100 - chaussée Sud -,,,Crépuscule ou aube,Hors agglomération,Hors intersection,Normale,Deux véhicules - arrière,,,,,,,,,,,2,1,1,1,2
200600018791,0006-04-07 01:45:00,6,4,7,1,45,770,478,,,,Nuit sans éclairage public,Hors agglomération,Hors intersection,Normale,Deux véhicules - arrière,,,,,,,,,,,3,1,1,1,2
200600018792,0006-04-11 03:30:00,6,4,11,3,30,640,505,,43.465,-0.712,Nuit sans éclairage public,Hors agglomération,Hors intersection,Normale,Deux véhicules - arrière,,,,,,,,,,,3,1,1,1,2
200600018793,0006-04-13 17:45:00,6,4,13,17,45,640,76,,43.425,-0.59,Plein jour,Hors agglomération,Hors intersection,Normale,Deux véhicules - arrière,,,,,,,,,,,1,1,1,1,2
200600018794,0006-04-03 16:45:00,6,4,3,16,45,660,172,avenue du Canigou,,,Plein jour,En agglomération,Hors intersection,Normale,Deux véhicules - frontale,,,,,,,,,,,1,2,1,1,1
200600018795,0006-04-20 07:15:00,6,4,20,7,15,660,172,,,,Plein jour,Hors agglomération,Hors intersection,Normale,Autre collision,,,,,,,,,,,1,1,1,1,6
200600018796,0006-04-30 09:45:00,6,4,30,9,45,590,432,CD960,50.149,3.271,Plein jour,Hors agglomération,Hors intersection,Pluie forte,Deux véhicules - côté,,,,,,,,,,,1,1,1,3,3
200600018797,0006-04-24 18:15:00,6,4,24,18,15,250,132,0 sens BEAUNE / MULHOUSE,47.343,6.166,Plein jour,Hors agglomération,Hors intersection,Normale,Autre collision,,,,,,,,,,,1,1,1,1,6
200600018798,0006-04-18 11:00:00,6,4,18,11,0,910,553,rue de la Tuilerie,,,Plein jour,En agglomération,Hors intersection,Normale,Deux véhicules - frontale,,,,,,,,,,,1,2,1,1,1
200600018799,0006-04-26 21:15:00,6,4,26,21,15,910,225,RN448,48.644,2.459,Crépuscule ou aube,En agglomération,Autre intersection,Normale,Deux véhicules - côté,,,,,,,,,,,2,2,9,1,3
200600018800,0006-04-07 08:00:00,6,4,7,8,0,330,199,,44.62,-1.1,Plein jour,Hors agglomération,Hors intersection,Normale,Trois véhicules et plus - collisions multiples,,,,,,,,,,,1,1,1,1,5
200600018801,0006-04-14 07:30:00,6,4,14,7,30,330,284,,44.631,-0.953,Plein jour,Hors agglomération,Hors intersection,Normale,Deux véhicules - arrière,,,,,,,,,,,1,1,1,1,2
200600018802,0006-04-16 12:05:00,6,4,16,12,5,330,122,UTOROUTE A.63  PR 14+500,44.706,-0.757,Plein jour,Hors agglomération,Hors intersection,Normale,Autre collision,,,,,,,,,,,1,1,1,1,6
200600018803,0006-04-09 18:15:00,6,4,9,18,15,460,256,,,,Plein jour,Hors agglomération,Hors intersection,Normale,Deux véhicules - frontale,,,,,,,,,,,1,1,1,1,1
200600018804,0006-04-11 11:45:00,6,4,11,11,45,460,162,Les Débats,,,Plein jour,Hors agglomération,Hors intersection,Normale,Autre collision,,,,,,,,,,,1,1,1,1,6
200600018805,0006-04-28 18:00:00,6,4,28,18,0,460,331,,44.489,1.566,Plein jour,Hors agglomération,Hors intersection,Normale,Sans collision,,,,,,,,,,,1,1,1,1,7
200600018806,0006-04-12 15:00:00,6,4,12,15,0,720,198,,,,Plein jour,Hors agglomération,Hors intersection,Normale,Autre collision,,,,,,,,,,,1,1,1,1,6
200600018807,0006-04-22 14:45:00,6,4,22,14,45,720,360,+600 sens PROVINCE-PARIS,,,Plein jour,Hors agglomération,Hors intersection,Normale,Sans collision,,,,,,,,,,,1,1,1,1,7
200600018808,0006-04-09 04:00:00,6,4,9,4,0,730,43,,45.767,5.921,Nuit sans éclairage public,Hors agglomération,Hors intersection,Pluie forte,Sans collision,,,,,,,,,,,3,1,1,3,7
200600018809,0006-04-04 18:30:00,6,4,4,18,30,680,118,le-Mulhouse - PK 108+400,,,Crépuscule ou aube,Hors agglomération,Hors intersection,Normale,Deux véhicules - arrière,,,,,,,,,,,2,1,1,1,2
200600018810,0006-04-23 22:00:00,6,4,23,22,0,680,66,,48.061,7.367,Nuit sans éclairage public,Hors agglomération,Hors intersection,Normale,Autre collision,,,,,,,,,,,3,1,1,1,6
200600018811,0006-04-30 13:45:00,6,4,30,13,45,680,28,,,,Plein jour,Hors agglomération,Hors intersection,Normale,Sans collision,,,,,,,,,,,1,1,1,1,7
200600018812,0006-04-17 08:00:00,6,4,17,8,0,820,31,,44.045,1.045,Plein jour,Hors agglomération,Hors intersection,Normale,Sans collision,,,,,,,,,,,1,1,1,1,7
200600018813,0006-04-18 14:45:00,6,4,18,14,45,390,448,,,,Plein jour,Hors agglomération,Hors intersection,Normale,Autre collision,,,,,,,,,,,1,1,1,1,6
200600018814,0006-04-09 04:45:00,6,4,9,4,45,380,249,RN 90,,,Nuit avec éclairage allumé,En agglomération,Hors intersection,Normale,Sans collision,,,,,,,,,,,5,2,1,1,7
200600018815,0006-04-25 20:30:00,6,4,25,20,30,380,229,avenue de verdun,,,Crépuscule ou aube,En agglomération,Hors intersection,Normale,Deux véhicules - côté,,,,,,,,,,,2,2,1,1,3
200600018816,0006-04-19 13:00:00,6,4,19,13,0,330,122,Chemin d'Auguste,,,Plein jour,En agglomération,Hors intersection,Normale,Deux véhicules - côté,,,,,,,,,,,1,2,1,1,3
200600018817,0006-04-24 22:45:00,6,4,24,22,45,670,164,,,,Nuit sans éclairage public,Hors agglomération,Hors intersection,Normale,Deux véhicules - arrière,,,,,,,,,,,3,1,1,1,2
200600018818,0006-04-15 19:45:00,6,4,15,19,45,170,148,oroute A10 sens nord sud,,,Plein jour,Hors agglomération,Hors intersection,Normale,Deux véhicules - côté,,,,,,,,,,,1,1,1,1,3
200600018819,0006-04-29 03:28:00,6,4,29,3,28,170,213,,,,Nuit sans éclairage public,Hors agglomération,Hors intersection,Normale,Sans collision,,,,,,,,,,,3,1,1,1,7
200600018820,0006-04-08 10:15:00,6,4,8,10,15,330,351,,,,Plein jour,Hors agglomération,Hors intersection,Normale,Deux véhicules - arrière,,,,,,,,,,,1,1,1,1,2
200600018821,0006-04-21 14:45:00,6,4,21,14,45,740,101,PK 81+500,,,Plein jour,Hors agglomération,Hors intersection,Normale,Sans collision,,,,,,,,,,,1,1,1,1,7
200600018822,0006-04-20 20:00:00,6,4,20,20,0,201,362,,41.66,9.36,Nuit sans éclairage public,Hors agglomération,Hors intersection,Normale,Autre collision,,,,,,,,,,,3,1,1,1,6
200600018823,0006-04-13 13:30:00,6,4,13,13,30,202,341,,42.232,9.243,Plein jour,Hors agglomération,Hors intersection,Normale,Deux véhicules - frontale,,,,,,,,,,,1,1,1,1,1
200600018824,0006-04-28 18:00:00,6,4,28,18,0,740,268,rue du muraillon,,,Plein jour,En agglomération,Intersection en T,Normale,Deux véhicules - côté,,,,,,,,,,,1,2,3,1,3
200600018825,0006-04-15 21:15:00,6,4,15,21,15,10,49,,45.834,5.03,Nuit sans éclairage public,Hors agglomération,Autre intersection,Normale,Sans collision,,,,,,,,,,,3,1,9,1,7
200600018826,0006-04-13 07:00:00,6,4,13,7,0,510,44,,49.172,4.193,Plein jour,Hors agglomération,Hors intersection,Normale,Trois véhicules et plus - collisions multiples,,,,,,,,,,,1,1,1,1,5
200600018827,0006-04-19 17:00:00,6,4,19,17,0,510,584,grande rue,,,Plein jour,En agglomération,Hors intersection,Normale,Sans collision,,,,,,,,,,,1,2,1,1,7
200600018828,0006-04-23 12:15:00,6,4,23,12,15,310,157,,43.558,1.36,Plein jour,Hors agglomération,Hors intersection,Normale,Autre collision,,,,,,,,,,,1,1,1,1,6
200600018829,0006-04-10 18:00:00,6,4,10,18,0,60,18,Route d'Antibes,,,Plein jour,En agglomération,Hors intersection,Normale,Deux véhicules - frontale,,,,,,,,,,,1,2,1,1,1
200600018830,0006-04-13 08:30:00,6,4,13,8,30,60,152,,43.619,7.044,Plein jour,Hors agglomération,Hors intersection,Normale,Autre collision,,,,,,,,,,,1,1,1,1,6
200600018831,0006-04-24 13:15:00,6,4,24,13,15,60,152,,43.624,7.029,Plein jour,Hors agglomération,Hors intersection,Normale,Deux véhicules - côté,,,,,,,,,,,1,1,1,1,3
200600018832,0006-04-30 00:40:00,6,4,30,0,40,690,63,e COLLONGES AU MONT D OR,,,Nuit avec éclairage allumé,En agglomération,Hors intersection,Normale,Sans collision,,,,,,,,,,,5,2,1,1,7
200600018833,0006-04-30 17:00:00,6,4,30,17,0,690,88,Quai Jean Baptiste Simon,45.838,4.844,Plein jour,En agglomération,Hors intersection,Normale,Deux véhicules - frontale,,,,,,,,,,,1,2,1,1,1
200600018834,0006-04-03 19:00:00,6,4,3,19,0,690,244,ud et rue de la Chapelle,,,Plein jour,En agglomération,Intersection en T,Normale,Deux véhicules - côté,,,,,,,,,,,1,2,3,1,3
200600018835,0006-04-16 19:45:00,6,4,16,19,45,380,425,RUE VICTOR RENELLE,45.399,4.769,Plein jour,En agglomération,Hors intersection,Normale,Autre collision,,,,,,,,,,,1,2,1,1,6
200600018836,0006-04-28 13:30:00,6,4,28,13,30,380,19,Les grenouillières,45.432,4.812,Plein jour,En agglomération,Hors intersection,Temps couvert,Deux véhicules - frontale,,,,,,,,,,,1,2,1,8,1
200600018837,0006-04-19 08:45:00,6,4,19,8,45,20,296,,49.812,3.178,Plein jour,Hors agglomération,Hors intersection,Normale,Autre collision,,,,,,,,,,,1,1,1,1,6
200600018838,0006-04-12 15:05:00,6,4,12,15,5,90,70,,42.793,1.694,Plein jour,Hors agglomération,Hors intersection,Normale,Trois véhicules et plus - collisions multiples,,,,,,,,,,,1,1,1,1,5
200600018839,0006-04-14 19:15:00,6,4,14,19,15,560,243,ROND POINT DE DONEGAL,47.626,-2.733,Plein jour,En agglomération,Giratoire,Normale,Deux véhicules - côté,,,,,,,,,,,1,2,6,1,3
200600018840,0006-04-29 04:30:00,6,4,29,4,30,560,243,,47.613,-2.715,Nuit sans éclairage public,Hors agglomération,Intersection en X,Normale,Deux véhicules - côté,,,,,,,,,,,3,1,2,1,3
200600018841,0006-04-11 21:15:00,6,4,11,21,15,410,46,,,,Crépuscule ou aube,Hors agglomération,Hors intersection,Normale,Autre collision,,,,,,,,,,,2,1,1,1,6
200600018842,0006-04-13 16:30:00,6,4,13,16,30,410,232,,47.45,2.0,Plein jour,Hors agglomération,Hors intersection,Normale,Deux véhicules - frontale,,,,,,,,,,,1,1,1,1,1
200600018843,0006-04-13 22:00:00,6,4,13,22,0,340,159,,,,Nuit sans éclairage public,Hors agglomération,Hors intersection,Normale,Deux véhicules - frontale,,,,,,,,,,,3,1,1,1,1
200600018844,0006-04-14 20:55:00,6,4,14,20,55,340,333,CD 114,,,Nuit sans éclairage public,Hors agglomération,Hors intersection,Normale,Deux véhicules - frontale,,,,,,,,,,,3,1,1,1,1
200600018845,0006-04-20 03:30:00,6,4,20,3,30,340,337,RN112-Pont de VILLENEUVE,43.559,3.847,Nuit sans éclairage public,Hors agglomération,Hors intersection,Normale,Autre collision,,,,,,,,,,,3,1,1,1,6
200600018846,0006-04-01 17:00:00,6,4,1,17,0,130,44,refour croix de calamant,,,Plein jour,Hors agglomération,Intersection en X,Normale,Deux véhicules - côté,,,,,,,,,,,1,1,2,1,3
200600018847,0006-04-06 14:10:00,6,4,6,14,10,130,44,CD 69,,,Plein jour,Hors agglomération,Hors intersection,Normale,Deux véhicules - frontale,,,,,,,,,,,1,1,1,1,1
200600018848,0006-04-26 11:20:00,6,4,26,11,20,130,69,"CD572, PK 3+400",,,Plein jour,Hors agglomération,Hors intersection,Normale,Deux véhicules - frontale,,,,,,,,,,,1,1,1,1,1
200600018849,0006-04-04 09:00:00,6,4,4,9,0,630,311,,46.048,3.113,Plein jour,Hors agglomération,Hors intersection,Normale,Deux véhicules - arrière,,,,,,,,,,,1,1,1,1,2
200600018850,0006-04-11 16:15:00,6,4,11,16,15,630,113,K. 385+600 sens Sud Nord,,,Plein jour,Hors agglomération,Intersection en X,Normale,Deux véhicules - frontale,,,,,,,,,,,1,1,2,1,1
200600018851,0006-04-09 19:30:00,6,4,9,19,30,60,90,route de la fénérie,,,Plein jour,En agglomération,Hors intersection,Normale,Autre collision,,,,,,,,,,,1,2,1,1,6
200600018852,0006-04-08 11:15:00,6,4,8,11,15,720,22,,,,Plein jour,Hors agglomération,Hors intersection,Normale,Autre collision,,,,,,,,,,,1,1,1,1,6
200600018853,0006-04-29 06:45:00,6,4,29,6,45,490,7,,47.498,-0.529,Crépuscule ou aube,Hors agglomération,Hors intersection,Normale,Autre collision,,,,,,,,,,,2,1,1,1,6
200600018854,0006-04-21 16:00:00,6,4,21,16,0,670,152,rue du 23 novembre,,,Plein jour,En agglomération,Autre intersection,Normale,Autre collision,,,,,,,,,,,1,2,9,1,6
200600018855,0006-04-15 23:35:00,6,4,15,23,35,670,471,u du 83 route de Brumath,,,Nuit avec éclairage allumé,En agglomération,Hors intersection,Normale,Deux véhicules - côté,,,,,,,,,,,5,2,1,1,3
200600018856,0006-04-29 02:30:00,6,4,29,2,30,670,343,27 RUE LOUIS PASTEUR,48.612,7.687,Nuit avec éclairage allumé,En agglomération,Hors intersection,Normale,Autre collision,,,,,,,,,,,5,2,1,1,6
200600018857,0006-04-04 15:30:00,6,4,4,15,30,380,193,RUE DE LA GAUTHIERE,,,Plein jour,En agglomération,Hors intersection,Normale,Deux véhicules - frontale,,,,,,,,,,,1,2,1,1,1
200600018858,0006-04-10 18:00:00,6,4,10,18,0,380,530,d point de Saint Germain,,,Plein jour,Hors agglomération,Hors intersection,Pluie forte,Deux véhicules - frontale,,,,,,,,,,,1,1,1,3,1
200600018859,0006-04-14 10:00:00,6,4,14,10,0,380,530,RN6 PK10,,,Plein jour,Hors agglomération,Giratoire,Normale,Deux véhicules - arrière,,,,,,,,,,,1,1,6,1,2
200600018860,0006-04-19 17:15:00,6,4,19,17,15,290,19,Base navale Brest,,,Plein jour,En agglomération,Hors intersection,Normale,Deux véhicules - frontale,,,,,,,,,,,1,2,1,1,1