accident_id,datetime,annee,mois,jour,heure,minute,departement,commune_insee,adresse,latitude,longitude,luminosite,agglomeration,intersection,meteo,collision,nb_vehicules,nb_usagers,nb_indemnes,nb_tues,nb_blesses_hosp,nb_blesses_legers,age_cond_1,age_cond_2,veh_type_cond_1,veh_type_cond_2,lum_code,agg_code,int_code,atm_code,col_code
200600018861,0006-04-17 16:45:00,6,4,17,16,45,130,113,carrefour du BArry,,,Plein jour,Hors agglomération,Hors intersection,Normale,Deux véhicules - côté,,,,,,,,,,,1,1,1,1,3
200600018862,0006-04-07 12:00:00,6,4,7,12,0,640,161,,,,Plein jour,Hors agglomération,Hors intersection,Normale,Sans collision,,,,,,,,,,,1,1,1,1,7
200600018863,0006-04-22 12:30:00,6,4,22,12,30,670,205,,,,Plein jour,Hors agglomération,Hors intersection,Normale,Autre collision,,,,,,,,,,,1,1,1,1,6
200600018864,0006-04-17 14:45:00,6,4,17,14,45,620,360,Place de l'Eglise,50.922,1.833,Plein jour,En agglomération,Hors intersection,Normale,Autre collision,,,,,,,,,,,1,2,1,1,6
200600018865,0006-04-18 15:25:00,6,4,18,15,25,890,399,PK 68+600 dans le sens 2,,,Plein jour,Hors agglomération,Hors intersection,Normale,Autre collision,,,,,,,,,,,1,1,1,1,6
200600018866,0006-04-24 09:30:00,6,4,24,9,30,130,91,,,,Plein jour,Hors agglomération,Hors intersection,Normale,Deux véhicules - côté,,,,,,,,,,,1,1,1,1,3
200600018867,0006-04-12 15:30:00,6,4,12,15,30,760,660,,49.455,0.272,Plein jour,Hors agglomération,Hors intersection,Normale,Deux véhicules - frontale,,,,,,,,,,,1,1,1,1,1
200600018868,0006-04-19 18:00:00,6,4,19,18,0,760,657,,,,Plein jour,Hors agglomération,Hors intersection,Normale,Deux véhicules - côté,,,,,,,,,,,1,1,1,1,3
200600018869,0006-04-22 08:45:00,6,4,22,8,45,760,253,,,,Plein jour,Hors agglomération,Hors intersection,Normale,Autre collision,,,,,,,,,,,1,1,1,1,6
200600018870,0006-04-24 17:30:00,6,4,24,17,30,800,131,A29 sens N/SQ PK 199.100,,,Plein jour,Hors agglomération,Hors intersection,Normale,Deux véhicules - arrière,,,,,,,,,,,1,1,1,1,2
200600018871,0006-04-18 09:00:00,6,4,18,9,0,800,385,PARIS/BOULOGNE PK174+800,,,Plein jour,Hors agglomération,Hors intersection,Normale,Autre collision,,,,,,,,,,,1,1,1,1,6
200600018872,0006-04-25 16:50:00,6,4,25,16,50,800,836,,,,Plein jour,Hors agglomération,Autre intersection,Normale,Sans collision,,,,,,,,,,,1,1,9,1,7
200600018873,0006-04-05 22:10:00,6,4,5,22,10,620,799,300 sens PARIS-BOULOGNE,,,Nuit sans éclairage public,Hors agglomération,Hors intersection,Normale,Autre collision,,,,,,,,,,,3,1,1,1,6
200600018874,0006-04-02 15:00:00,6,4,2,15,0,190,178,,,,Plein jour,Hors agglomération,Hors intersection,Pluie légère,Trois véhicules et plus - collisions multiples,,,,,,,,,,,1,1,1,2,5
200600018875,0006-04-09 19:30:00,6,4,9,19,30,870,146,,45.582,1.487,Plein jour,Hors agglomération,Hors intersection,Neige / grêle,Deux véhicules - arrière,,,,,,,,,,,1,1,1,4,2
200600018876,0006-04-05 09:45:00,6,4,5,9,45,360,231,,,,Plein jour,Hors agglomération,Autre intersection,Pluie légère,Trois véhicules et plus - collisions multiples,,,,,,,,,,,1,1,9,2,5
200600018877,0006-04-17 20:15:00,6,4,17,20,15,340,239,,,,Crépuscule ou aube,Hors agglomération,Hors intersection,Normale,Deux véhicules - frontale,,,,,,,,,,,2,1,1,1,1
200600018878,0006-04-25 08:55:00,6,4,25,8,55,340,123,"PK 07+706, sens Sud/Nord",,,Plein jour,Hors agglomération,Hors intersection,Normale,Deux véhicules - frontale,,,,,,,,,,,1,1,1,1,1
200600018879,0006-04-11 05:30:00,6,4,11,5,30,190,2,route  A 89 - PK 283+890,,,Nuit sans éclairage public,Hors agglomération,Hors intersection,Autre,Autre collision,,,,,,,,,,,3,1,1,9,6
200600018880,0006-04-15 16:30:00,6,4,15,16,30,190,263,,,,Plein jour,Hors agglomération,Hors intersection,Pluie forte,Sans collision,,,,,,,,,,,1,1,1,3,7
200600018881,0006-04-04 13:15:00,6,4,4,13,15,720,58,,,,Plein jour,Hors agglomération,Hors intersection,Normale,Sans collision,,,,,,,,,,,1,1,1,1,7
200600018882,0006-04-22 16:30:00,6,4,22,16,30,720,299,PK 79+840,,,Plein jour,Hors agglomération,Hors intersection,Normale,Sans collision,,,,,,,,,,,1,1,1,1,7
200600018883,0006-04-22 17:55:00,6,4,22,17,55,720,157,15 rue des étangs,,,Plein jour,En agglomération,Hors intersection,Normale,Deux véhicules - côté,,,,,,,,,,,1,2,1,1,3
200600018884,0006-04-24 07:40:00,6,4,24,7,40,720,320,LES GUIGNIERS,,,Plein jour,Hors agglomération,Intersection en X,Normale,Deux véhicules - côté,,,,,,,,,,,1,1,2,1,3
200600018885,0006-04-29 14:30:00,6,4,29,14,30,460,323,,,,Plein jour,Hors agglomération,Hors intersection,Normale,Autre collision,,,,,,,,,,,1,1,1,1,6
200600018886,0006-04-06 12:45:00,6,4,6,12,45,580,295,,,,Plein jour,Hors agglomération,Hors intersection,Normale,Sans collision,,,,,,,,,,,1,1,1,1,7
200600018887,0006-04-20 15:30:00,6,4,20,15,30,310,547,325 route de Saint Lys,43.501,1.3,Plein jour,En agglomération,Hors intersection,Normale,Deux véhicules - arrière,,,,,,,,,,,1,2,1,1,2
200600018888,0006-04-27 22:00:00,6,4,27,22,0,310,269,,43.509,1.25,Nuit sans éclairage public,Hors agglomération,Hors intersection,Normale,Deux véhicules - côté,,,,,,,,,,,3,1,1,1,3
200600018889,0006-04-05 16:45:00,6,4,5,16,45,300,47,05 rue Victor Hugo,,,Plein jour,En agglomération,Hors intersection,Normale,Autre collision,,,,,,,,,,,1,2,1,1,6
200600018890,0006-04-08 20:00:00,6,4,8,20,0,300,47,RUE DE LA SOURCE,,,Crépuscule ou aube,En agglomération,Hors intersection,Normale,Deux véhicules - frontale,,,,,,,,,,,2,2,1,1,1
200600018891,0006-04-09 02:30:00,6,4,9,2,30,300,117,,43.709,4.608,Nuit sans éclairage public,Hors agglomération,Autre intersection,Normale,Sans collision,,,,,,,,,,,3,1,9,1,7
200600018892,0006-04-13 03:00:00,6,4,13,3,0,300,60,CARREFOUR D135 ET D42,,,Nuit avec éclairage allumé,En agglomération,Giratoire,Normale,Autre collision,,,,,,,,,,,5,2,6,1,6
200600018893,0006-04-22 19:15:00,6,4,22,19,15,300,117,rue de Nîmes,,,Plein jour,En agglomération,Hors intersection,Normale,Deux véhicules - frontale,,,,,,,,,,,1,2,1,1,1
200600018894,0006-04-02 06:00:00,6,4,2,6,0,520,469,,48.1,5.033,Crépuscule ou aube,Hors agglomération,Hors intersection,Normale,Sans collision,,,,,,,,,,,2,1,1,1,7
200600018895,0006-04-28 09:30:00,6,4,28,9,30,520,151,,47.976,4.97,Plein jour,Hors agglomération,Autre intersection,Normale,Deux véhicules - frontale,,,,,,,,,,,1,1,9,1,1
200600018896,0006-04-23 02:30:00,6,4,23,2,30,130,83,RN 570,,,Nuit sans éclairage public,Hors agglomération,Hors intersection,Normale,Autre collision,,,,,,,,,,,3,1,1,1,6
200600018897,0006-04-30 11:30:00,6,4,30,11,30,340,192,33Av de l'Etang du Grec,,,Plein jour,En agglomération,Hors intersection,Normale,Autre collision,,,,,,,,,,,1,2,1,1,6
200600018898,0006-04-16 18:50:00,6,4,16,18,50,760,255,dénommée route du Trépor,,,Plein jour,En agglomération,Hors intersection,Normale,Autre collision,,,,,,,,,,,1,2,1,1,6
200600018899,0006-04-19 12:00:00,6,4,19,12,0,760,316,,49.481,1.303,Plein jour,Hors agglomération,Hors intersection,Normale,Autre collision,,,,,,,,,,,1,1,1,1,6
200600018900,0006-04-22 19:15:00,6,4,22,19,15,600,102,,,,Plein jour,Hors agglomération,Hors intersection,Normale,Deux véhicules - côté,,,,,,,,,,,1,1,1,1,3
200600018901,0006-04-14 19:45:00,6,4,14,19,45,310,56,,43.671,1.297,Plein jour,Hors agglomération,Hors intersection,Normale,Sans collision,,,,,,,,,,,1,1,1,1,7
200600018902,0006-04-18 07:45:00,6,4,18,7,45,310,351,,43.673,1.293,Plein jour,Hors agglomération,Hors intersection,Normale,Deux véhicules - côté,,,,,,,,,,,1,1,1,1,3
200600018903,0006-04-18 17:15:00,6,4,18,17,15,250,265,CARREFOUR RUE MAUPOMMET,,,Plein jour,En agglomération,Hors intersection,Normale,Deux véhicules - côté,,,,,,,,,,,1,2,1,1,3
200600018904,0006-04-28 11:45:00,6,4,28,11,45,950,388,ue de lattre de tassigny,,,Plein jour,En agglomération,Hors intersection,Normale,Deux véhicules - arrière,,,,,,,,,,,1,2,1,1,2
200600018905,0006-04-21 16:40:00,6,4,21,16,40,350,31,Belle-vue,,,Plein jour,En agglomération,Hors intersection,Normale,Deux véhicules - frontale,,,,,,,,,,,1,2,1,1,1
200600018906,0006-04-22 19:45:00,6,4,22,19,45,620,43,route d'ANDRES,,,Plein jour,En agglomération,Hors intersection,Normale,Deux véhicules - côté,,,,,,,,,,,1,2,1,1,3
200600018907,0006-04-02 16:00:00,6,4,2,16,0,620,792,,,,Plein jour,Hors agglomération,Hors intersection,Normale,Deux véhicules - frontale,,,,,,,,,,,1,1,1,1,1
200600018908,0006-04-13 20:15:00,6,4,13,20,15,950,527,,,,Plein jour,Hors agglomération,Hors intersection,Normale,Sans collision,,,,,,,,,,,1,1,1,1,7
200600018909,0006-04-09 15:45:00,6,4,9,15,45,340,77,,43.674,3.903,Plein jour,Hors agglomération,Hors intersection,Pluie légère,Autre collision,,,,,,,,,,,1,1,1,2,6
200600018910,0006-04-20 13:15:00,6,4,20,13,15,340,77,CD 65,,,Plein jour,En agglomération,Hors intersection,Normale,Sans collision,,,,,,,,,,,1,2,1,1,7
200600018911,0006-04-10 10:15:00,6,4,10,10,15,350,83,,,,Plein jour,Hors agglomération,Hors intersection,Normale,Autre collision,,,,,,,,,,,1,1,1,1,6
200600018912,0006-04-18 15:40:00,6,4,18,15,40,350,191,PK143 - sens CAEN/RENNES,,,Plein jour,Hors agglomération,Hors intersection,Normale,Deux véhicules - arrière,,,,,,,,,,,1,1,1,1,2
200600018913,0006-04-20 08:00:00,6,4,20,8,0,140,513,,48.942,-1.062,Plein jour,Hors agglomération,Hors intersection,Normale,Sans collision,,,,,,,,,,,1,1,1,1,7
200600018914,0006-04-11 07:30:00,6,4,11,7,30,660,189,,,,Plein jour,Hors agglomération,Autre intersection,Normale,Deux véhicules - arrière,,,,,,,,,,,1,1,9,1,2
200600018915,0006-04-21 02:30:00,6,4,21,2,30,270,83,,49.259,0.766,Nuit sans éclairage public,Hors agglomération,Autre intersection,Normale,Sans collision,,,,,,,,,,,3,1,9,1,7
200600018916,0006-04-01 15:05:00,6,4,1,15,5,10,53,"sans, MERCIER (AVENUE AM",,,Plein jour,En agglomération,Intersection en X,Normale,Deux véhicules - côté,,,,,,,,,,,1,2,2,1,3
200600018917,0006-04-04 17:55:00,6,4,4,17,55,10,451,"SNR, RN79",,,Plein jour,Hors agglomération,Intersection en T,Normale,Deux véhicules - côté,,,,,,,,,,,1,1,3,1,3
200600018918,0006-04-19 11:55:00,6,4,19,11,55,10,53,"SANS N, HERRIOT ( BOULEV",,,Plein jour,En agglomération,Intersection en T,Normale,Autre collision,,,,,,,,,,,1,2,3,1,6
200600018919,0006-04-16 03:00:00,6,4,16,3,0,10,289,"snr, LENT ( ROUTE DE )",,,Nuit avec éclairage allumé,Hors agglomération,Intersection en T,Normale,Sans collision,,,,,,,,,,,5,1,3,1,7
200600018920,0006-04-25 10:30:00,6,4,25,10,30,10,53,"20, VERDUN ( COURS DE )",,,Plein jour,En agglomération,Hors intersection,Normale,Trois véhicules et plus - collisions multiples,,,,,,,,,,,1,2,1,1,5
200600018921,0006-04-02 15:35:00,6,4,2,15,35,10,31,"6, GARE (AVENUE DE LA)",,,Plein jour,En agglomération,Intersection en T,Pluie légère,Deux véhicules - côté,,,,,,,,,,,1,2,3,2,3
200600018922,0006-04-04 17:45:00,6,4,4,17,45,10,31,FORGE  DE N°     A  N°,,,Plein jour,En agglomération,Intersection en T,Normale,Deux véhicules - côté,,,,,,,,,,,1,2,3,1,3
200600018923,0006-04-26 18:30:00,6,4,26,18,30,10,283,OYONNAX (ROUTE D'),,,Plein jour,En agglomération,Intersection en T,Pluie forte,Deux véhicules - côté,,,,,,,,,,,1,2,3,3,3
200600018924,0006-04-05 13:00:00,6,4,5,13,0,20,691,RN.44 - ROUTE DE LAON,,,Plein jour,Hors agglomération,Hors intersection,Normale,Deux véhicules - frontale,,,,,,,,,,,1,1,1,1,1
200600018925,0006-04-15 20:40:00,6,4,15,20,40,20,371,C.D 300,,,Nuit avec éclairage allumé,Hors agglomération,Hors intersection,Pluie légère,Sans collision,,,,,,,,,,,5,1,1,2,7
200600018926,0006-04-22 15:35:00,6,4,22,15,35,20,691,"64, HUGO DE 1 A 70 (BD V",,,Plein jour,En agglomération,Hors intersection,Normale,Autre collision,,,,,,,,,,,1,2,1,1,6
200600018927,0006-04-28 12:25:00,6,4,28,12,25,20,691,"0, GUERIN (BD DOCTEUR CA",,,Plein jour,En agglomération,Intersection en X,Normale,Autre collision,,,,,,,,,,,1,2,2,1,6
200600018928,0006-04-18 17:45:00,6,4,18,17,45,20,691,GUERIN (BD DOCTEUR CAMIL,,,Plein jour,En agglomération,Hors intersection,Normale,Autre collision,,,,,,,,,,,1,2,1,1,6
200600018929,0006-04-27 09:05:00,6,4,27,9,5,20,691,"13, NORDET (RUE ADRIEN)",,,Plein jour,En agglomération,Hors intersection,Normale,Autre collision,,,,,,,,,,,1,2,1,1,6
200600018930,0006-04-09 05:20:00,6,4,9,5,20,20,722,REPUBLIQUE  (PLACE DE LA,,,Nuit avec éclairage allumé,En agglomération,Hors intersection,Normale,Sans collision,,,,,,,,,,,5,2,1,1,7
200600018931,0006-04-19 19:00:00,6,4,19,19,0,20,258,"1, PIERRE SEMARD",,,Plein jour,En agglomération,Hors intersection,Normale,Autre collision,,,,,,,,,,,1,2,1,1,6
200600018932,0006-04-26 21:40:00,6,4,26,21,40,20,258,RN 32,,,Nuit sans éclairage public,En agglomération,Intersection en T,Normale,Sans collision,,,,,,,,,,,3,2,3,1,7
200600018933,0006-04-04 13:55:00,6,4,4,13,55,30,185,"45, 8 MAI 1945 ( AVENUE",,,Plein jour,En agglomération,Hors intersection,Normale,Autre collision,,,,,,,,,,,1,2,1,1,6
200600018934,0006-04-25 15:25:00,6,4,25,15,25,30,185,"10, SEMARD ( RUE PIERRE",,,Plein jour,En agglomération,Hors intersection,Normale,Deux véhicules - côté,,,,,,,,,,,1,2,1,1,3
200600018935,0006-04-11 08:40:00,6,4,11,8,40,30,190,"2, REGEMORTES (PLACE)",,,Plein jour,En agglomération,Giratoire,Normale,Autre collision,,,,,,,,,,,1,2,6,1,6
200600018936,0006-04-20 11:15:00,6,4,20,11,15,30,190,"64, Avenue Emile Zola",,,Plein jour,En agglomération,Intersection en T,Normale,Deux véhicules - côté,,,,,,,,,,,1,2,3,1,3
200600018937,0006-04-17 09:55:00,6,4,17,9,55,30,321,MONTBEUGNY (ROUTE DE),,,Plein jour,Hors agglomération,Hors intersection,Normale,Sans collision,,,,,,,,,,,1,1,1,1,7
200600018938,0006-04-16 17:15:00,6,4,16,17,15,30,13,RD 979 A,,,Plein jour,Hors agglomération,Hors intersection,Normale,Autre collision,,,,,,,,,,,1,1,1,1,6
200600018939,0006-04-28 15:35:00,6,4,28,15,35,30,190,"95, LYON (ROUTE DE)",,,Plein jour,En agglomération,Hors intersection,Normale,Deux véhicules - arrière,,,,,,,,,,,1,2,1,1,2
200600018940,0006-04-04 12:50:00,6,4,4,12,50,30,310,"0, DENIERE (BOULEVARD)",,,Plein jour,En agglomération,Intersection en X,Normale,Deux véhicules - frontale,,,,,,,,,,,1,2,2,1,1
200600018941,0006-04-05 08:50:00,6,4,5,8,50,30,95,"0, HUIT MAI 1945 (BOULEV",,,Plein jour,En agglomération,Intersection en T,Pluie forte,Deux véhicules - arrière,,,,,,,,,,,1,2,3,3,2
200600018942,0006-04-09 17:50:00,6,4,9,17,50,30,95,INDUSTRIE (RUE DE L'),,,Plein jour,En agglomération,Hors intersection,Pluie légère,Autre collision,,,,,,,,,,,1,2,1,2,6
200600018943,0006-04-17 10:08:00,6,4,17,10,8,30,310,"41, CARNOT (BOULEVARD)",,,Plein jour,En agglomération,Hors intersection,Normale,Autre collision,,,,,,,,,,,1,2,1,1,6
200600018944,0006-04-20 10:30:00,6,4,20,10,30,30,310,"00, HOPITAL (BOULEVARD D",,,Plein jour,En agglomération,Intersection en T,Normale,Trois véhicules et plus - collisions multiples,,,,,,,,,,,1,2,3,1,5
200600018945,0006-04-25 18:05:00,6,4,25,18,5,30,94,"23, ARLOINGS (RUE DES)",,,Plein jour,En agglomération,Hors intersection,Normale,Deux véhicules - côté,,,,,,,,,,,1,2,1,1,3
200600018946,0006-04-30 22:30:00,6,4,30,22,30,30,310,"0, AILES (ALLEE DES)",,,Nuit avec éclairage allumé,En agglomération,Intersection en X,Normale,Deux véhicules - côté,,,,,,,,,,,5,2,2,1,3
200600018947,0006-04-18 15:30:00,6,4,18,15,30,40,70,BRET (BD MARTIN),,,Plein jour,En agglomération,Passage à niveau,Normale,Autre collision,,,,,,,,,,,1,2,8,1,6
200600018948,0006-04-16 17:45:00,6,4,16,17,45,40,112,", DE GAULLE (BD. CH.)",,,Plein jour,En agglomération,Hors intersection,Normale,Deux véhicules - frontale,,,,,,,,,,,1,2,1,1,1
200600018949,0006-04-07 17:30:00,6,4,7,17,30,50,23,"11, BARBOT (AVENUE DU GE",,,Plein jour,En agglomération,Hors intersection,Normale,Deux véhicules - côté,,,,,,,,,,,1,2,1,1,3
200600018950,0006-04-16 22:25:00,6,4,16,22,25,50,23,RN 94,,,Nuit sans éclairage public,Hors agglomération,Hors intersection,Normale,Sans collision,,,,,,,,,,,3,1,1,1,7
200600018951,0006-04-17 11:54:00,6,4,17,11,54,50,23,SAVOIE (AVENUE DE),,,Plein jour,En agglomération,Hors intersection,Normale,Deux véhicules - frontale,,,,,,,,,,,1,2,1,1,1
200600018952,0006-04-30 11:10:00,6,4,30,11,10,50,23,GAP (ROUTE DE   RN94),,,Plein jour,En agglomération,Intersection en X,Normale,Deux véhicules - côté,,,,,,,,,,,1,2,2,1,3
200600018953,0006-04-25 18:30:00,6,4,25,18,30,50,61,EMILE DIDIER ( AV ),,,Plein jour,En agglomération,Hors intersection,Normale,Trois véhicules et plus - en chaîne,,,,,,,,,,,1,2,1,1,4
200600018954,0006-04-01 13:10:00,6,4,1,13,10,60,4,RD6007,,,Plein jour,En agglomération,Hors intersection,Normale,Autre collision,,,,,,,,,,,1,2,1,1,6
200600018955,0006-04-10 17:20:00,6,4,10,17,20,60,4,SAINT CLAUDE CH.DE,,,Plein jour,En agglomération,Hors intersection,Normale,Deux véhicules - frontale,,,,,,,,,,,1,2,1,1,1
200600018956,0006-04-02 13:10:00,6,4,2,13,10,60,4,LITTORAL(BDM APRES BIJOU,,,Plein jour,En agglomération,Intersection en T,Normale,Deux véhicules - côté,,,,,,,,,,,1,2,3,1,3
200600018957,0006-04-03 13:40:00,6,4,3,13,40,60,4,"50, NICE(RN.7) AV.ET RTE",,,Plein jour,En agglomération,Hors intersection,Normale,Deux véhicules - arrière,,,,,,,,,,,1,2,1,1,2
200600018958,0006-04-03 16:25:00,6,4,3,16,25,60,4,COLLE CH.DE LA,,,Plein jour,En agglomération,Hors intersection,Normale,Deux véhicules - côté,,,,,,,,,,,1,2,1,1,3
200600018959,0006-04-03 16:20:00,6,4,3,16,20,60,4,SAINT MAYMES CH.DE,,,Plein jour,En agglomération,Hors intersection,Normale,Deux véhicules - frontale,,,,,,,,,,,1,2,1,1,1
200600018960,0006-04-03 08:25:00,6,4,3,8,25,60,4,VAUTRIN BD DU GENERAL,,,Plein jour,En agglomération,Intersection en T,Normale,Trois véhicules et plus - en chaîne,,,,,,,,,,,1,2,3,1,4
200600018961,0006-04-08 09:45:00,6,4,8,9,45,60,4,GAROUPE BD DE LA,,,Plein jour,En agglomération,Intersection en X,Normale,Deux véhicules - frontale,,,,,,,,,,,1,2,2,1,1
200600018962,0006-04-08 14:45:00,6,4,8,14,45,60,4,SAINT JEAN RTE ET CH.DE,,,Plein jour,En agglomération,Hors intersection,Normale,Deux véhicules - arrière,,,,,,,,,,,1,2,1,1,2
200600018963,0006-04-08 15:50:00,6,4,8,15,50,60,4,RABIAC ESTAGNOL CH.DE,,,Plein jour,En agglomération,Intersection en T,Normale,Deux véhicules - côté,,,,,,,,,,,1,2,3,1,3
200600018964,0006-04-12 08:55:00,6,4,12,8,55,60,4,RD6007,,,Plein jour,En agglomération,Hors intersection,Normale,Deux véhicules - côté,,,,,,,,,,,1,2,1,1,3
200600018965,0006-04-15 11:00:00,6,4,15,11,0,60,4,NICE(RN.7) AV.ET RTE DE,,,Plein jour,Hors agglomération,Hors intersection,Normale,Autre collision,,,,,,,,,,,1,1,1,1,6
200600018966,0006-04-15 15:55:00,6,4,15,15,55,60,4,"1966, SAINT CLAUDE CH.DE",,,Plein jour,En agglomération,Hors intersection,Pluie légère,Deux véhicules - arrière,,,,,,,,,,,1,2,1,2,2
200600018967,0006-04-20 12:30:00,6,4,20,12,30,60,4,TROIS MOULINS RUE DES,,,Plein jour,En agglomération,Hors intersection,Normale,Deux véhicules - arrière,,,,,,,,,,,1,2,1,1,2
200600018968,0006-04-22 08:12:00,6,4,22,8,12,60,4,COURBET AV.AMIRAL,,,Plein jour,En agglomération,Hors intersection,Normale,Deux véhicules - frontale,,,,,,,,,,,1,2,1,1,1
200600018969,0006-04-22 19:10:00,6,4,22,19,10,60,4,SOLEAU AV.ROBERT,,,Plein jour,En agglomération,Intersection en X,Normale,Deux véhicules - côté,,,,,,,,,,,1,2,2,1,3
200600018970,0006-04-23 18:10:00,6,4,23,18,10,60,4,", SIESTA LA",,,Plein jour,En agglomération,Hors intersection,Normale,Deux véhicules - côté,,,,,,,,,,,1,2,1,1,3
200600018971,0006-04-24 09:10:00,6,4,24,9,10,60,4,GUILLAUMONT BD CHARLES,,,Plein jour,En agglomération,Giratoire,Normale,Autre collision,,,,,,,,,,,1,2,6,1,6
200600018972,0006-04-26 13:00:00,6,4,26,13,0,60,4,MAUPASSANT-JUAN AV.GUY D,,,Plein jour,En agglomération,Hors intersection,Normale,Deux véhicules - arrière,,,,,,,,,,,1,2,1,1,2
200600018973,0006-04-26 21:15:00,6,4,26,21,15,60,4,RD6007,,,Nuit avec éclairage allumé,En agglomération,Hors intersection,Normale,Autre collision,,,,,,,,,,,5,2,1,1,6
200600018974,0006-04-28 19:45:00,6,4,28,19,45,60,4,"14, CANNES(RN.7) AV.DE",,,Plein jour,En agglomération,Hors intersection,Normale,Deux véhicules - côté,,,,,,,,,,,1,2,1,1,3
200600018975,0006-04-28 21:45:00,6,4,28,21,45,60,4,"26, ROCHAT AV.PHILIPPE",,,Nuit avec éclairage allumé,En agglomération,Intersection en T,Normale,Deux véhicules - côté,,,,,,,,,,,5,2,3,1,3
200600018976,0006-04-04 15:35:00,6,4,4,15,35,60,123,DE GAULLE GENERAL AVENUE,,,Plein jour,En agglomération,Hors intersection,Normale,Autre collision,,,,,,,,,,,1,2,1,1,6
200600018977,0006-04-04 16:45:00,6,4,4,16,45,60,27,"29, KENNEDY BOULEVARD J.",,,Plein jour,En agglomération,Hors intersection,Normale,Autre collision,,,,,,,,,,,1,2,1,1,6
200600018978,0006-04-06 08:40:00,6,4,6,8,40,60,27,ST LAURENT CHEMIN DE,,,Plein jour,En agglomération,Hors intersection,Normale,Autre collision,,,,,,,,,,,1,2,1,1,6
200600018979,0006-04-07 08:40:00,6,4,7,8,40,60,27,POMPIDOU AVENUE GEORGES,,,Plein jour,En agglomération,Hors intersection,Normale,Autre collision,,,,,,,,,,,1,2,1,1,6
200600018980,0006-04-11 15:05:00,6,4,11,15,5,60,27,CANNES AVENUE DE (RN7),,,Plein jour,En agglomération,Hors intersection,Normale,Autre collision,,,,,,,,,,,1,2,1,1,6
200600018981,0006-04-12 01:30:00,6,4,12,1,30,60,27,MAUBERTS CHEMIN DES,,,Nuit avec éclairage allumé,En agglomération,Hors intersection,Normale,Autre collision,,,,,,,,,,,5,2,1,1,6
200600018982,0006-04-13 19:30:00,6,4,13,19,30,60,123,FILAGNES AVENUE DES,,,Plein jour,En agglomération,Hors intersection,Pluie légère,Autre collision,,,,,,,,,,,1,2,1,2,6
200600018983,0006-04-13 08:35:00,6,4,13,8,35,60,27,GRASSE AVENUE DE,,,Plein jour,En agglomération,Hors intersection,Normale,Autre collision,,,,,,,,,,,1,2,1,1,6
200600018984,0006-04-13 09:30:00,6,4,13,9,30,60,123,PUGETS ROUTE DES,,,Plein jour,En agglomération,Hors intersection,Normale,Autre collision,,,,,,,,,,,1,2,1,1,6
200600018985,0006-04-17 16:05:00,6,4,17,16,5,60,27,"15, DONAT AVENUE DOCTEUR",,,Plein jour,En agglomération,Hors intersection,Normale,Autre collision,,,,,,,,,,,1,2,1,1,6
200600018986,0006-04-17 17:55:00,6,4,17,17,55,60,123,FRANCE D'OUTRE MER AVENU,,,Plein jour,En agglomération,Hors intersection,Normale,Autre collision,,,,,,,,,,,1,2,1,1,6
200600018987,0006-04-19 08:45:00,6,4,19,8,45,60,27,DONAT AVENUE DOCTEUR MAU,,,Plein jour,En agglomération,Hors intersection,Normale,Autre collision,,,,,,,,,,,1,2,1,1,6
200600018988,0006-04-20 20:55:00,6,4,20,20,55,60,27,GARE AVENUE DE LA,,,Crépuscule ou aube,En agglomération,Hors intersection,Normale,Deux véhicules - côté,,,,,,,,,,,2,2,1,1,3
200600018989,0006-04-21 11:25:00,6,4,21,11,25,60,27,GARE AVENUE DE LA,,,Plein jour,En agglomération,Hors intersection,Normale,Autre collision,,,,,,,,,,,1,2,1,1,6
200600018990,0006-04-21 19:30:00,6,4,21,19,30,60,27,"141, NICE AVENUE DE (RN7",,,Plein jour,En agglomération,Hors intersection,Normale,Autre collision,,,,,,,,,,,1,2,1,1,6
200600018991,0006-04-26 11:20:00,6,4,26,11,20,60,123,"42, VESPINS ROUTE DES",,,Plein jour,En agglomération,Hors intersection,Normale,Trois véhicules et plus - en chaîne,,,,,,,,,,,1,2,1,1,4
200600018992,0006-04-27 19:00:00,6,4,27,19,0,60,27,GRANDS PLANS CHEMIN DES,,,Crépuscule ou aube,En agglomération,Hors intersection,Normale,Deux véhicules - côté,,,,,,,,,,,2,2,1,1,3
200600018993,0006-04-29 17:03:00,6,4,29,17,3,60,123,IMPRIMEURS ALLEE DES,,,Plein jour,En agglomération,Hors intersection,Normale,Autre collision,,,,,,,,,,,1,2,1,1,6
200600018994,0006-04-01 01:00:00,6,4,1,1,0,60,29,MIDI (BOULEVARD DU),,,Nuit avec éclairage allumé,En agglomération,Hors intersection,Normale,Deux véhicules - arrière,,,,,,,,,,,5,2,1,1,2
200600018995,0006-04-03 15:30:00,6,4,3,15,30,60,29,"00, RUSSIE (RUE DE)",,,Plein jour,En agglomération,Intersection en X,Normale,Deux véhicules - côté,,,,,,,,,,,1,2,2,1,3
200600018996,0006-04-02 17:51:00,6,4,2,17,51,60,29,MIDI (BOULEVARD DU),,,Plein jour,En agglomération,Hors intersection,Normale,Deux véhicules - arrière,,,,,,,,,,,1,2,1,1,2
200600018997,0006-04-03 17:50:00,6,4,3,17,50,60,29,"139, JOURDAN (AVENUE MIC",,,Plein jour,En agglomération,Hors intersection,Normale,Deux véhicules - côté,,,,,,,,,,,1,2,1,1,3
200600018998,0006-04-03 17:15:00,6,4,3,17,15,60,29,GOULD (ROND POINT),,,Plein jour,En agglomération,Hors intersection,Normale,Sans collision,,,,,,,,,,,1,2,1,1,7