accident_id,datetime,annee,mois,jour,heure,minute,departement,commune_insee,adresse,latitude,longitude,luminosite,agglomeration,intersection,meteo,collision,nb_vehicules,nb_usagers,nb_indemnes,nb_tues,nb_blesses_hosp,nb_blesses_legers,age_cond_1,age_cond_2,veh_type_cond_1,veh_type_cond_2,lum_code,agg_code,int_code,atm_code,col_code
200600020067,0006-04-24 18:50:00,6,4,24,18,50,330,69,RUE DES GIRONDINS,,,Plein jour,En agglomération,Intersection en X,Normale,Deux véhicules - côté,,,,,,,,,,,1,2,2,1,3
200600020068,0006-04-25 12:25:00,6,4,25,12,25,330,63,BD PIERRE 1ER,,,Plein jour,En agglomération,Intersection en Y,Normale,Autre collision,,,,,,,,,,,1,2,4,1,6
200600020069,0006-04-28 11:30:00,6,4,28,11,30,330,63,RUE HONORE TESSIER,,,Plein jour,En agglomération,Intersection en T,Normale,Autre collision,,,,,,,,,,,1,2,3,1,6
200600020070,0006-04-28 16:40:00,6,4,28,16,40,330,63,BD DU PRESIDENT WILSON,,,Plein jour,En agglomération,Intersection en X,Normale,Autre collision,,,,,,,,,,,1,2,2,1,6
200600020071,0006-04-28 16:50:00,6,4,28,16,50,330,63,RUE LUCIEN FAURE,,,Plein jour,En agglomération,Intersection en T,Normale,Deux véhicules - côté,,,,,,,,,,,1,2,3,1,3
200600020072,0006-04-29 00:05:00,6,4,29,0,5,330,63,RUE CONRAD GAUSSEN,,,Nuit avec éclairage allumé,En agglomération,Intersection en X,Normale,Deux véhicules - arrière,,,,,,,,,,,5,2,2,1,2
200600020073,0006-04-24 19:05:00,6,4,24,19,5,330,249,"15, RUE MICHEL MONTAIGNE",,,Plein jour,En agglomération,Hors intersection,Normale,Deux véhicules - arrière,,,,,,,,,,,1,2,1,1,2
200600020074,0006-04-27 11:06:00,6,4,27,11,6,330,318,AVE ROGER CHAUMET,,,Plein jour,En agglomération,Intersection en T,Pluie légère,Deux véhicules - frontale,,,,,,,,,,,1,2,3,2,1
200600020075,0006-04-28 09:00:00,6,4,28,9,0,330,249,"48, QUAI ELISABETH DUPEY",,,Plein jour,En agglomération,Hors intersection,Normale,Autre collision,,,,,,,,,,,1,2,1,1,6
200600020076,0006-04-28 18:20:00,6,4,28,18,20,330,318,AVE ROBERT CLAVE,,,Plein jour,En agglomération,Intersection en T,Normale,Deux véhicules - côté,,,,,,,,,,,1,2,3,1,3
200600020077,0006-04-28 21:00:00,6,4,28,21,0,330,318,AVE PASTEUR,,,Nuit avec éclairage allumé,En agglomération,Hors intersection,Normale,Deux véhicules - arrière,,,,,,,,,,,5,2,1,1,2
200600020078,0006-04-28 21:15:00,6,4,28,21,15,330,318,AVE PASTEUR,,,Nuit avec éclairage allumé,En agglomération,Intersection en X,Normale,Deux véhicules - frontale,,,,,,,,,,,5,2,2,1,1
200600020079,0006-04-28 21:20:00,6,4,28,21,20,330,281,RUE CAMILLE FLAMMARION,,,Nuit avec éclairage allumé,En agglomération,Intersection en X,Normale,Deux véhicules - côté,,,,,,,,,,,5,2,2,1,3
200600020080,0006-04-29 17:52:00,6,4,29,17,52,330,75,AVE CONRAD GAUSSENS,,,Plein jour,En agglomération,Intersection en T,Normale,Deux véhicules - côté,,,,,,,,,,,1,2,3,1,3
200600020081,0006-04-27 08:40:00,6,4,27,8,40,330,522,"6, RUE PACARIS",,,Plein jour,En agglomération,Hors intersection,Pluie légère,Deux véhicules - frontale,,,,,,,,,,,1,2,1,2,1
200600020082,0006-04-30 22:40:00,6,4,30,22,40,330,522,AVE ROUL,,,Nuit avec éclairage allumé,Hors agglomération,Intersection en X,Normale,Trois véhicules et plus - en chaîne,,,,,,,,,,,5,1,2,1,4
200600020083,0006-04-30 10:00:00,6,4,30,10,0,330,192,PCE BERNARD ROUMEGOUX,,,Plein jour,En agglomération,Hors intersection,Normale,Autre collision,,,,,,,,,,,1,2,1,1,6
200600020084,0006-04-06 23:50:00,6,4,6,23,50,330,243,"FACE 61, GAULLE(AVENUE D",,,Nuit avec éclairage allumé,En agglomération,Hors intersection,Normale,Autre collision,,,,,,,,,,,5,2,1,1,6
200600020085,0006-04-15 10:55:00,6,4,15,10,55,330,243,"68, FONNEUVE(RUE)",,,Plein jour,En agglomération,Hors intersection,Normale,Autre collision,,,,,,,,,,,1,2,1,1,6
200600020086,0006-04-04 17:40:00,6,4,4,17,40,340,3,"10, MOULINS A HUILE (G23",,,Plein jour,En agglomération,Hors intersection,Normale,Deux véhicules - côté,,,,,,,,,,,1,2,1,1,3
200600020087,0006-04-05 04:10:00,6,4,5,4,10,340,3,RICHELIEU (O13 A O14,,,Nuit avec éclairage allumé,En agglomération,Intersection en Y,Normale,Sans collision,,,,,,,,,,,5,2,4,1,7
200600020088,0006-04-16 11:07:00,6,4,16,11,7,340,3,"sans n°, POMPIDOU (H12 A",,,Plein jour,En agglomération,Hors intersection,Normale,Deux véhicules - frontale,,,,,,,,,,,1,2,1,1,1
200600020089,0006-04-24 01:45:00,6,4,24,1,45,340,3,"SANS N), ILE DES LOISIRS",,,Nuit avec éclairage allumé,En agglomération,Hors intersection,Normale,Deux véhicules - arrière,,,,,,,,,,,5,2,1,1,2
200600020090,0006-04-26 12:25:00,6,4,26,12,25,340,3,NATIONALE 112 (A4 A A7,,,Plein jour,En agglomération,Hors intersection,Normale,Deux véhicules - côté,,,,,,,,,,,1,2,1,1,3
200600020091,0006-04-29 13:05:00,6,4,29,13,5,340,3,SAINT CHRIST (M7 A H11,,,Plein jour,En agglomération,Hors intersection,Vent fort / tempête,Autre collision,,,,,,,,,,,1,2,1,6,6
200600020092,0006-04-29 14:35:00,6,4,29,14,35,340,3,REPUBLIQUE (G4 A G7 ET F,,,Plein jour,En agglomération,Intersection en X,Normale,Deux véhicules - côté,,,,,,,,,,,1,2,2,1,3
200600020093,0006-04-30 01:10:00,6,4,30,1,10,340,3,NICOLAS-FOUQUET (ROND-PO,,,Nuit avec éclairage allumé,En agglomération,Giratoire,Normale,Autre collision,,,,,,,,,,,5,2,6,1,6
200600020094,0006-04-01 03:28:00,6,4,1,3,28,340,32,VOIE DOMITIENNE (AV DE L,,,Nuit avec éclairage allumé,En agglomération,Hors intersection,Normale,Sans collision,,,,,,,,,,,5,2,1,1,7
200600020095,0006-04-03 12:20:00,6,4,3,12,20,340,32,"NR, MISTRAL FREDERIC (BD",,,Plein jour,En agglomération,Intersection en X,Normale,Deux véhicules - côté,,,,,,,,,,,1,2,2,1,3
200600020096,0006-04-05 12:10:00,6,4,5,12,10,340,32,ROUTE DEPARTEMENTALE NR.,,,Plein jour,Hors agglomération,Intersection en X,Normale,Trois véhicules et plus - collisions multiples,,,,,,,,,,,1,1,2,1,5
200600020097,0006-04-05 21:30:00,6,4,5,21,30,340,32,BEDARIEUX (ROUTE DE),,,Nuit avec éclairage allumé,En agglomération,Intersection en X,Normale,Deux véhicules - arrière,,,,,,,,,,,5,2,2,1,2
200600020098,0006-04-10 08:00:00,6,4,10,8,0,340,32,"10, PASQUET LIEUTENANT D",,,Plein jour,En agglomération,Hors intersection,Normale,Deux véhicules - côté,,,,,,,,,,,1,2,1,1,3
200600020099,0006-04-10 20:20:00,6,4,10,20,20,340,32,"36, GAMBETTA (AV)",,,Nuit avec éclairage allumé,En agglomération,Hors intersection,Normale,Sans collision,,,,,,,,,,,5,2,1,1,7
200600020100,0006-04-11 19:36:00,6,4,11,19,36,340,32,ALBERTINI ENSEIGNE (AVEN,,,Plein jour,En agglomération,Intersection en T,Normale,Deux véhicules - frontale,,,,,,,,,,,1,2,3,1,1
200600020101,0006-04-12 17:39:00,6,4,12,17,39,340,32,"NR, ROUTE NATIONALE 112",,,Plein jour,Hors agglomération,Intersection en T,Normale,Deux véhicules - frontale,,,,,,,,,,,1,1,3,1,1
200600020102,0006-04-13 10:52:00,6,4,13,10,52,340,32,ROUTE NATIONALE 113 - 9,,,Plein jour,Hors agglomération,Intersection en X,Normale,Deux véhicules - frontale,,,,,,,,,,,1,1,2,1,1
200600020103,0006-04-16 06:55:00,6,4,16,6,55,340,32,"nr, ROUTE DEPARTEMENTALE",,,Crépuscule ou aube,Hors agglomération,Hors intersection,Brouillard / fumée,Sans collision,,,,,,,,,,,2,1,1,5,7
200600020104,0006-04-16 07:05:00,6,4,16,7,5,340,32,"29, ROUTE NATIONALE 112",,,Plein jour,Hors agglomération,Hors intersection,Normale,Sans collision,,,,,,,,,,,1,1,1,1,7
200600020105,0006-04-16 21:30:00,6,4,16,21,30,340,32,"NR, VOIE DOMITIENNE (AV",,,Nuit avec éclairage allumé,En agglomération,Hors intersection,Normale,Deux véhicules - côté,,,,,,,,,,,5,2,1,1,3
200600020106,0006-04-19 09:27:00,6,4,19,9,27,340,32,"NR, WILSON PRESIDENT (AV",,,Plein jour,En agglomération,Hors intersection,Normale,Deux véhicules - arrière,,,,,,,,,,,1,2,1,1,2
200600020107,0006-04-19 18:00:00,6,4,19,18,0,340,32,"38, MOULIN JEAN (AV)",,,Plein jour,En agglomération,Place,Normale,Deux véhicules - côté,,,,,,,,,,,1,2,7,1,3
200600020108,0006-04-21 14:00:00,6,4,21,14,0,340,32,ERIGNAC CLAUDE (AV),,,Plein jour,En agglomération,Intersection en X,Normale,Deux véhicules - arrière,,,,,,,,,,,1,2,2,1,2
200600020109,0006-04-22 20:55:00,6,4,22,20,55,340,32,DOMAINE DE LA GALINIERE,,,Plein jour,Hors agglomération,Hors intersection,Normale,Sans collision,,,,,,,,,,,1,1,1,1,7
200600020110,0006-04-24 10:55:00,6,4,24,10,55,340,32,"14, LATTRE DE TASSIGNY M",,,Plein jour,En agglomération,Intersection en X,Normale,Trois véhicules et plus - en chaîne,,,,,,,,,,,1,2,2,1,4
200600020111,0006-04-24 13:00:00,6,4,24,13,0,340,32,ORNANO COLONEL D' (AV),,,Plein jour,En agglomération,Intersection en X,Normale,Deux véhicules - côté,,,,,,,,,,,1,2,2,1,3
200600020112,0006-04-26 12:40:00,6,4,26,12,40,340,32,BADIE VINCENT (RD POINT),,,Plein jour,En agglomération,Giratoire,Normale,Deux véhicules - côté,,,,,,,,,,,1,2,6,1,3
200600020113,0006-04-26 16:15:00,6,4,26,16,15,340,32,"1-11, MAZAGRAN (RUE)",,,Plein jour,En agglomération,Intersection en X,Normale,Deux véhicules - côté,,,,,,,,,,,1,2,2,1,3
200600020114,0006-04-29 08:54:00,6,4,29,8,54,340,32,"N.R, HORT DE MONSEIGNEUR",,,Plein jour,En agglomération,Intersection en X,Normale,Deux véhicules - côté,,,,,,,,,,,1,2,2,1,3
200600020115,0006-04-01 15:00:00,6,4,1,15,0,340,172,EUROPE (AVENUE DE L'),,,Plein jour,En agglomération,Hors intersection,Normale,Deux véhicules - côté,,,,,,,,,,,1,2,1,1,3
200600020116,0006-04-01 21:53:00,6,4,1,21,53,340,172,RAVAZ (AVENUE DU PROFESS,,,Nuit avec éclairage allumé,En agglomération,Hors intersection,Normale,Trois véhicules et plus - collisions multiples,,,,,,,,,,,5,2,1,1,5
200600020117,0006-04-03 19:30:00,6,4,3,19,30,340,172,RIMBAUD (RUE PAUL),,,Plein jour,En agglomération,Place,Normale,Autre collision,,,,,,,,,,,1,2,7,1,6
200600020118,0006-04-05 19:02:00,6,4,5,19,2,340,172,"2177, SOULAS (AVENUE DU",,,Plein jour,En agglomération,Hors intersection,Normale,Deux véhicules - frontale,,,,,,,,,,,1,2,1,1,1
200600020119,0006-04-05 21:09:00,6,4,5,21,9,340,172,"100 bis, LODEVE (AVENUE",,,Nuit avec éclairage allumé,En agglomération,Hors intersection,Normale,Deux véhicules - côté,,,,,,,,,,,5,2,1,1,3
200600020120,0006-04-07 21:50:00,6,4,7,21,50,340,129,D21 E1,,,Nuit avec éclairage non allumé,En agglomération,Intersection en T,Normale,Sans collision,,,,,,,,,,,4,2,3,1,7
200600020121,0006-04-08 04:40:00,6,4,8,4,40,340,172,MAS ARGELLIERS (AVENUE D,,,Nuit avec éclairage allumé,En agglomération,Hors intersection,Normale,Autre collision,,,,,,,,,,,5,2,1,1,6
200600020122,0006-04-09 00:49:00,6,4,9,0,49,340,172,ORIENT (BOULEVARD D'),,,Nuit avec éclairage allumé,En agglomération,Intersection en X,Normale,Deux véhicules - côté,,,,,,,,,,,5,2,2,1,3
200600020123,0006-04-09 09:30:00,6,4,9,9,30,340,172,BRET (ROND POINT PAUL LO,,,Plein jour,En agglomération,Hors intersection,Normale,Deux véhicules - arrière,,,,,,,,,,,1,2,1,1,2
200600020124,0006-04-09 16:45:00,6,4,9,16,45,340,129,"8, FORUM (RUE DU)",,,Plein jour,En agglomération,Hors intersection,Temps couvert,Deux véhicules - arrière,,,,,,,,,,,1,2,1,8,2
200600020125,0006-04-06 08:21:00,6,4,6,8,21,340,172,"1317, TOULOUSE (AVENUE D",,,Plein jour,En agglomération,Hors intersection,Normale,Deux véhicules - arrière,,,,,,,,,,,1,2,1,1,2
200600020126,0006-04-10 16:16:00,6,4,10,16,16,340,172,SUBSTANTION (RUE DE),,,Plein jour,En agglomération,Intersection en X,Normale,Deux véhicules - côté,,,,,,,,,,,1,2,2,1,3
200600020127,0006-04-10 18:35:00,6,4,10,18,35,340,172,"212, RIMBAUD (RUE PAUL)",,,Plein jour,En agglomération,Hors intersection,Normale,Deux véhicules - frontale,,,,,,,,,,,1,2,1,1,1
200600020128,0006-04-11 17:38:00,6,4,11,17,38,340,172,JOUHAUX (AVENUE LEON),,,Plein jour,Hors agglomération,Hors intersection,Normale,Deux véhicules - côté,,,,,,,,,,,1,1,1,1,3
200600020129,0006-04-11 18:49:00,6,4,11,18,49,340,172,SABATIER D'ESPEYRAN (AVE,,,Plein jour,En agglomération,Hors intersection,Normale,Deux véhicules - côté,,,,,,,,,,,1,2,1,1,3
200600020130,0006-04-12 19:20:00,6,4,12,19,20,340,172,"60, ASSAS (AVENUE D')",,,Plein jour,En agglomération,Hors intersection,Normale,Sans collision,,,,,,,,,,,1,2,1,1,7
200600020131,0006-04-13 17:18:00,6,4,13,17,18,340,172,"1317, TOULOUSE (AVENUE D",,,Plein jour,En agglomération,Hors intersection,Normale,Deux véhicules - côté,,,,,,,,,,,1,2,1,1,3
200600020132,0006-04-13 17:40:00,6,4,13,17,40,340,172,"228, LODEVE (AVENUE DE",,,Plein jour,En agglomération,Hors intersection,Normale,Deux véhicules - côté,,,,,,,,,,,1,2,1,1,3
200600020133,0006-04-14 18:40:00,6,4,14,18,40,340,172,VANIERES (AVENUE DE),,,Plein jour,En agglomération,Intersection en X,Normale,Deux véhicules - côté,,,,,,,,,,,1,2,2,1,3
200600020134,0006-04-15 00:55:00,6,4,15,0,55,340,172,"51, PALAVAS (AVENUE DE)",,,Nuit avec éclairage allumé,En agglomération,Hors intersection,Normale,Autre collision,,,,,,,,,,,5,2,1,1,6
200600020135,0006-04-14 13:25:00,6,4,14,13,25,340,172,FOCH (RUE),,,Plein jour,En agglomération,Hors intersection,Normale,Deux véhicules - côté,,,,,,,,,,,1,2,1,1,3
200600020136,0006-04-15 18:10:00,6,4,15,18,10,340,172,"2081, LAVERUNE (ROUTE DE",,,Plein jour,En agglomération,Hors intersection,Normale,Deux véhicules - frontale,,,,,,,,,,,1,2,1,1,1
200600020137,0006-04-16 20:14:00,6,4,16,20,14,340,172,"2, PRINTEMPS (RUE DU)",,,Plein jour,En agglomération,Hors intersection,Normale,Sans collision,,,,,,,,,,,1,2,1,1,7
200600020138,0006-04-17 21:18:00,6,4,17,21,18,340,172,"pas de N°, MENDE (ROUTE",,,Nuit avec éclairage allumé,En agglomération,Hors intersection,Normale,Autre collision,,,,,,,,,,,5,2,1,1,6
200600020139,0006-04-17 15:30:00,6,4,17,15,30,340,172,"pas de N°, LAKANAL (RUE)",,,Plein jour,En agglomération,Intersection en X,Normale,Deux véhicules - côté,,,,,,,,,,,1,2,2,1,3
200600020140,0006-04-19 14:45:00,6,4,19,14,45,340,172,"sans, DELMAS (RUE)",,,Plein jour,En agglomération,Hors intersection,Normale,Deux véhicules - côté,,,,,,,,,,,1,2,1,1,3
200600020141,0006-04-20 18:00:00,6,4,20,18,0,340,129,PEROLS D132 (AVENUE DE),,,Plein jour,Hors agglomération,Intersection en T,Normale,Deux véhicules - côté,,,,,,,,,,,1,1,3,1,3
200600020142,0006-04-21 15:40:00,6,4,21,15,40,340,172,"13, RONDELET (RUE)",,,Plein jour,En agglomération,Hors intersection,Normale,Autre collision,,,,,,,,,,,1,2,1,1,6
200600020143,0006-04-22 05:50:00,6,4,22,5,50,340,172,BLAYAC (RUE DU PROFESSEU,,,Nuit avec éclairage allumé,En agglomération,Hors intersection,Normale,Autre collision,,,,,,,,,,,5,2,1,1,6
200600020144,0006-04-22 15:18:00,6,4,22,15,18,340,172,BUGATTI (RUE ETTORE),,,Plein jour,En agglomération,Intersection en X,Normale,Deux véhicules - côté,,,,,,,,,,,1,2,2,1,3
200600020145,0006-04-22 17:43:00,6,4,22,17,43,340,129,"PAS DE N°, AGAU (AVENUE",,,Plein jour,Hors agglomération,Hors intersection,Normale,Deux véhicules - frontale,,,,,,,,,,,1,1,1,1,1
200600020146,0006-04-24 09:50:00,6,4,24,9,50,340,129,"1502, PLATANES (AVENUES",,,Plein jour,En agglomération,Hors intersection,Normale,Deux véhicules - frontale,,,,,,,,,,,1,2,1,1,1
200600020147,0006-04-24 11:30:00,6,4,24,11,30,340,129,"pas de N°, PALAVAS D986",,,Plein jour,Hors agglomération,Hors intersection,Normale,Sans collision,,,,,,,,,,,1,1,1,1,7
200600020148,0006-04-25 17:45:00,6,4,25,17,45,340,172,"63, VIEILLE POSTE (RUE D",,,Plein jour,En agglomération,Hors intersection,Normale,Autre collision,,,,,,,,,,,1,2,1,1,6
200600020149,0006-04-25 18:00:00,6,4,25,18,0,340,172,"SANS, MONTPELLIER (AVENU",,,Plein jour,En agglomération,Hors intersection,Normale,Deux véhicules - arrière,,,,,,,,,,,1,2,1,1,2
200600020150,0006-04-26 09:30:00,6,4,26,9,30,340,172,"SANS, DOMITIENNE (VOIE)",,,Plein jour,En agglomération,Hors intersection,Normale,Autre collision,,,,,,,,,,,1,2,1,1,6
200600020151,0006-04-27 18:00:00,6,4,27,18,0,340,172,LAVERUNE (ROUTE DE,,,Plein jour,En agglomération,Hors intersection,Normale,Deux véhicules - arrière,,,,,,,,,,,1,2,1,1,2
200600020152,0006-04-28 17:30:00,6,4,28,17,30,340,172,"pas de N°, BOUISSON-BERT",,,Plein jour,En agglomération,Hors intersection,Normale,Autre collision,,,,,,,,,,,1,2,1,1,6
200600020153,0006-04-29 17:00:00,6,4,29,17,0,340,172,"pas de N°, LIBERTE (AVEN",,,Plein jour,En agglomération,Hors intersection,Normale,Deux véhicules - frontale,,,,,,,,,,,1,2,1,1,1
200600020154,0006-04-30 16:00:00,6,4,30,16,0,340,172,"sans, CROVA (RUE)",,,Plein jour,En agglomération,Intersection en X,Normale,Deux véhicules - côté,,,,,,,,,,,1,2,2,1,3
200600020155,0006-04-01 13:25:00,6,4,1,13,25,340,108,"aucun, RN 112",,,Plein jour,Hors agglomération,Hors intersection,Normale,Trois véhicules et plus - en chaîne,,,,,,,,,,,1,1,1,1,4
200600020156,0006-04-11 11:15:00,6,4,11,11,15,340,108,"aucun, CELESTIN ARNAUD (",,,Plein jour,En agglomération,Hors intersection,Normale,Deux véhicules - côté,,,,,,,,,,,1,2,1,1,3
200600020157,0006-04-08 04:55:00,6,4,8,4,55,340,301,"aucun, PERI GABRIEL (RUE",,,Nuit avec éclairage allumé,En agglomération,Intersection en T,Normale,Deux véhicules - côté,,,,,,,,,,,5,2,3,1,3
200600020158,0006-04-01 16:25:00,6,4,1,16,25,350,238,"02, TRONJOLLY",,,Plein jour,En agglomération,Hors intersection,Normale,Autre collision,,,,,,,,,,,1,2,1,1,6
200600020159,0006-04-01 17:20:00,6,4,1,17,20,350,238,"00, BOSPHORE (DU)",,,Plein jour,En agglomération,Hors intersection,Temps couvert,Autre collision,,,,,,,,,,,1,2,1,8,6
200600020160,0006-04-03 09:13:00,6,4,3,9,13,350,238,"00, ROCADE 5-6",,,Plein jour,Hors agglomération,Hors intersection,Normale,Deux véhicules - arrière,,,,,,,,,,,1,1,1,1,2
200600020161,0006-04-04 08:00:00,6,4,4,8,0,350,238,"249, PATTON (AVENUE DU G",,,Plein jour,En agglomération,Intersection en T,Normale,Deux véhicules - côté,,,,,,,,,,,1,2,3,1,3
200600020162,0006-04-04 16:05:00,6,4,4,16,5,350,238,"00, VILLEBOIS MAREUIL (B",,,Plein jour,En agglomération,Hors intersection,Normale,Autre collision,,,,,,,,,,,1,2,1,1,6
200600020163,0006-04-05 21:55:00,6,4,5,21,55,350,238,"00, CLOS COURTEL (DU)",,,Nuit avec éclairage allumé,En agglomération,Hors intersection,Normale,Autre collision,,,,,,,,,,,5,2,1,1,6
200600020164,0006-04-06 10:00:00,6,4,6,10,0,350,238,"19, MARBEUF (BLD)",,,Plein jour,En agglomération,Hors intersection,Normale,Trois véhicules et plus - en chaîne,,,,,,,,,,,1,2,1,1,4
200600020165,0006-04-06 14:50:00,6,4,6,14,50,350,238,"00, LECLERC (AVENUE DU G",,,Plein jour,En agglomération,Intersection en X,Normale,Deux véhicules - côté,,,,,,,,,,,1,2,2,1,3
200600020166,0006-04-07 05:45:00,6,4,7,5,45,350,238,"00, VILLEBOIS MAREUIL (B",,,Nuit avec éclairage allumé,En agglomération,Intersection en T,Normale,Deux véhicules - côté,,,,,,,,,,,5,2,3,1,3
200600020167,0006-04-07 08:30:00,6,4,7,8,30,350,238,"00, BREST (DE)",,,Plein jour,En agglomération,Intersection en X,Normale,Deux véhicules - côté,,,,,,,,,,,1,2,2,1,3
200600020168,0006-04-07 14:15:00,6,4,7,14,15,350,238,"169, LORIENT (DE)",,,Plein jour,En agglomération,Hors intersection,Normale,Deux véhicules - côté,,,,,,,,,,,1,2,1,1,3
200600020169,0006-04-10 14:55:00,6,4,10,14,55,350,238,"00, LORIENT (DE)",,,Plein jour,En agglomération,Hors intersection,Normale,Sans collision,,,,,,,,,,,1,2,1,1,7
200600020170,0006-04-09 14:20:00,6,4,9,14,20,350,238,"00, RENAULT (RUE CHATEAU",,,Crépuscule ou aube,En agglomération,Intersection en X,Normale,Deux véhicules - côté,,,,,,,,,,,2,2,2,1,3
200600020171,0006-04-10 09:45:00,6,4,10,9,45,350,238,"92, MITTERAND (MAIL FRAN",,,Plein jour,En agglomération,Hors intersection,Normale,Trois véhicules et plus - en chaîne,,,,,,,,,,,1,2,1,1,4
200600020172,0006-04-13 07:55:00,6,4,13,7,55,350,238,"00, VALLES (JULES)",,,Plein jour,En agglomération,Giratoire,Pluie légère,Deux véhicules - côté,,,,,,,,,,,1,2,6,2,3
200600020173,0006-04-14 18:20:00,6,4,14,18,20,350,238,"00, ROCADE 10-11",,,Plein jour,Hors agglomération,Hors intersection,Normale,Sans collision,,,,,,,,,,,1,1,1,1,7
200600020174,0006-04-13 22:10:00,6,4,13,22,10,350,55,"00, RD 163",,,Nuit avec éclairage allumé,Hors agglomération,Hors intersection,Normale,Deux véhicules - arrière,,,,,,,,,,,5,1,1,1,2
200600020175,0006-04-14 13:30:00,6,4,14,13,30,350,238,"278, NANTES (DE)",,,Plein jour,En agglomération,Hors intersection,Normale,Deux véhicules - côté,,,,,,,,,,,1,2,1,1,3
200600020176,0006-04-14 17:00:00,6,4,14,17,0,350,278,"00, RN 137",,,Plein jour,Hors agglomération,Hors intersection,Normale,Deux véhicules - arrière,,,,,,,,,,,1,1,1,1,2
200600020177,0006-04-14 18:00:00,6,4,14,18,0,350,238,"00, RN136",,,Plein jour,Hors agglomération,Hors intersection,Normale,Deux véhicules - côté,,,,,,,,,,,1,1,1,1,3
200600020178,0006-04-15 00:40:00,6,4,15,0,40,350,238,"153, LORIENT (DE)",,,Nuit avec éclairage allumé,En agglomération,Intersection en T,Normale,Autre collision,,,,,,,,,,,5,2,3,1,6
200600020179,0006-04-15 15:10:00,6,4,15,15,10,350,238,"1, JAURES ( JEAN)",,,Plein jour,En agglomération,Intersection en X,Pluie légère,Autre collision,,,,,,,,,,,1,2,2,2,6
200600020180,0006-04-17 06:00:00,6,4,17,6,0,350,238,"00, Chemin Hippolyte MAZ",,,Nuit sans éclairage public,Hors agglomération,Hors intersection,Temps couvert,Sans collision,,,,,,,,,,,3,1,1,8,7
200600020181,0006-04-18 11:00:00,6,4,18,11,0,350,238,"173, LORIENT (DE)",,,Plein jour,En agglomération,Hors intersection,Normale,Deux véhicules - côté,,,,,,,,,,,1,2,1,1,3
200600020182,0006-04-18 13:30:00,6,4,18,13,30,350,238,"00, LERAY (ADOLPHE)",,,Plein jour,En agglomération,Intersection en X,Normale,Deux véhicules - côté,,,,,,,,,,,1,2,2,1,3
200600020183,0006-04-19 11:30:00,6,4,19,11,30,350,238,PORTE DE BREQUIGNY,,,Plein jour,Hors agglomération,Hors intersection,Normale,Deux véhicules - côté,,,,,,,,,,,1,1,1,1,3
200600020184,0006-04-19 16:40:00,6,4,19,16,40,350,238,"44, BOULANGER (SQUARE LO",,,Plein jour,En agglomération,Hors intersection,Normale,Autre collision,,,,,,,,,,,1,2,1,1,6
200600020185,0006-04-21 09:10:00,6,4,21,9,10,350,238,"48, VILLEBOIS MAREUIL (B",,,Plein jour,En agglomération,Hors intersection,Normale,Autre collision,,,,,,,,,,,1,2,1,1,6
200600020186,0006-04-22 11:30:00,6,4,22,11,30,350,238,"00, ROCADE 6-7",,,Plein jour,Hors agglomération,Hors intersection,Normale,Sans collision,,,,,,,,,,,1,1,1,1,7
200600020187,0006-04-24 11:30:00,6,4,24,11,30,350,238,"00, BRETAGNE (PLACE DE)",,,Plein jour,En agglomération,Hors intersection,Normale,Autre collision,,,,,,,,,,,1,2,1,1,6
200600020188,0006-04-25 02:55:00,6,4,25,2,55,350,238,"163, POTTIER (EUGENE)",,,Nuit avec éclairage allumé,En agglomération,Hors intersection,Normale,Autre collision,,,,,,,,,,,5,2,1,1,6
200600020189,0006-04-26 01:45:00,6,4,26,1,45,350,238,"96, ANTRAIN (D') DE 43 E",,,Nuit avec éclairage allumé,En agglomération,Hors intersection,Normale,Sans collision,,,,,,,,,,,5,2,1,1,7
200600020190,0006-04-27 11:10:00,6,4,27,11,10,350,238,"00, CALVAIRE (PLACE DU)",,,Plein jour,En agglomération,Place,Normale,Autre collision,,,,,,,,,,,1,2,7,1,6
200600020191,0006-04-28 10:45:00,6,4,28,10,45,350,238,"9, VOLTAIRE (BD)",,,Plein jour,En agglomération,Hors intersection,Normale,Autre collision,,,,,,,,,,,1,2,1,1,6
200600020192,0006-04-28 14:40:00,6,4,28,14,40,350,238,"00, GUILLOUX (LOUIS)",,,Plein jour,En agglomération,Hors intersection,Normale,Autre collision,,,,,,,,,,,1,2,1,1,6
200600020193,0006-04-28 15:15:00,6,4,28,15,15,350,238,"00, METZ (BD DE)",,,Plein jour,En agglomération,Intersection en X,Normale,Deux véhicules - arrière,,,,,,,,,,,1,2,2,1,2
200600020194,0006-04-28 15:00:00,6,4,28,15,0,350,238,"00, VOLNEY (BD)",,,Plein jour,En agglomération,Hors intersection,Normale,Autre collision,,,,,,,,,,,1,2,1,1,6
200600020195,0006-04-14 09:35:00,6,4,14,9,35,350,288,ANCIENS COMBATTANTS (RON,,,Plein jour,En agglomération,Giratoire,Normale,Deux véhicules - côté,,,,,,,,,,,1,2,6,1,3
200600020196,0006-04-04 09:14:00,6,4,4,9,14,360,44,"58, ETATS-UNIS (RUE DES)",,,Plein jour,En agglomération,Intersection en X,Normale,Sans collision,,,,,,,,,,,1,2,2,1,7
200600020197,0006-04-07 08:30:00,6,4,7,8,30,360,44,VELLES (RTE DE),,,Plein jour,Hors agglomération,Hors intersection,Normale,Sans collision,,,,,,,,,,,1,1,1,1,7
200600020198,0006-04-07 13:30:00,6,4,7,13,30,360,44,"65-63, POSTE (DE LA)",,,Plein jour,En agglomération,Hors intersection,Normale,Autre collision,,,,,,,,,,,1,2,1,1,6
200600020199,0006-04-08 10:11:00,6,4,8,10,11,360,44,"47, ALBERT 1°",,,Plein jour,En agglomération,Hors intersection,Normale,Autre collision,,,,,,,,,,,1,2,1,1,6