accident_id,datetime,annee,mois,jour,heure,minute,departement,commune_insee,adresse,latitude,longitude,luminosite,agglomeration,intersection,meteo,collision,nb_vehicules,nb_usagers,nb_indemnes,nb_tues,nb_blesses_hosp,nb_blesses_legers,age_cond_1,age_cond_2,veh_type_cond_1,veh_type_cond_2,lum_code,agg_code,int_code,atm_code,col_code
200600020602,0006-04-17 20:50:00,6,4,17,20,50,560,98,"101, JAURES (RUE  JEAN )",,,Crépuscule ou aube,En agglomération,Hors intersection,Normale,Deux véhicules - arrière,,,,,,,,,,,2,2,1,1,2
200600020603,0006-04-14 22:15:00,6,4,14,22,15,560,98,"00, DU TOULHOUET (HLM VE",,,Nuit avec éclairage allumé,En agglomération,Hors intersection,Normale,Sans collision,,,,,,,,,,,5,2,1,1,7
200600020604,0006-04-21 11:58:00,6,4,21,11,58,560,121,"02, POULORIO (RUE ET IMP",,,Plein jour,En agglomération,Hors intersection,Normale,Autre collision,,,,,,,,,,,1,2,1,1,6
200600020605,0006-04-22 21:15:00,6,4,22,21,15,560,107,"00, ROUTE DEPARTEMENTALE",,,Crépuscule ou aube,Hors agglomération,Hors intersection,Normale,Sans collision,,,,,,,,,,,2,1,1,1,7
200600020606,0006-04-26 14:55:00,6,4,26,14,55,560,98,"00, LANN-SEVELIN (ROND P",,,Plein jour,En agglomération,Giratoire,Normale,Deux véhicules - côté,,,,,,,,,,,1,2,6,1,3
200600020607,0006-04-26 18:44:00,6,4,26,18,44,560,121,"00, KERGUESTENEN (RUE  D",,,Plein jour,En agglomération,Giratoire,Normale,Deux véhicules - côté,,,,,,,,,,,1,2,6,1,3
200600020608,0006-04-27 06:35:00,6,4,27,6,35,560,121,"44, PLOEMEUR ( ET IMP DE",,,Crépuscule ou aube,En agglomération,Hors intersection,Normale,Deux véhicules - frontale,,,,,,,,,,,2,2,1,1,1
200600020609,0006-04-28 14:35:00,6,4,28,14,35,560,98,"158, JAURES (RUE  JEAN )",,,Plein jour,En agglomération,Hors intersection,Normale,Autre collision,,,,,,,,,,,1,2,1,1,6
200600020610,0006-04-28 19:00:00,6,4,28,19,0,560,121,"00, CARNOT (RUE  LAZARE",,,Plein jour,En agglomération,Intersection en X,Normale,Trois véhicules et plus - collisions multiples,,,,,,,,,,,1,2,2,1,5
200600020611,0006-04-01 06:20:00,6,4,1,6,20,570,227,CD31,,,Nuit avec éclairage allumé,En agglomération,Hors intersection,Normale,Deux véhicules - frontale,,,,,,,,,,,5,2,1,1,1
200600020612,0006-04-19 16:00:00,6,4,19,16,0,570,227,"., ROSSELMONT (RUE DE )",,,Plein jour,En agglomération,Intersection en Y,Normale,Deux véhicules - côté,,,,,,,,,,,1,2,4,1,3
200600020613,0006-04-28 14:25:00,6,4,28,14,25,570,660,"., SAINT GUY(RUE)",,,Plein jour,En agglomération,Giratoire,Normale,Autre collision,,,,,,,,,,,1,2,6,1,6
200600020614,0006-04-11 16:20:00,6,4,11,16,20,570,253,"3, PASTEUR (RUE LOUIS)",,,Plein jour,En agglomération,Hors intersection,Normale,Autre collision,,,,,,,,,,,1,2,1,1,6
200600020615,0006-04-11 17:35:00,6,4,11,17,35,570,597,CD9,,,Plein jour,Hors agglomération,Hors intersection,Normale,Deux véhicules - côté,,,,,,,,,,,1,1,1,1,3
200600020616,0006-04-29 18:35:00,6,4,29,18,35,570,253,"13, JACQUES (RUE ST)",,,Plein jour,En agglomération,Hors intersection,Normale,Autre collision,,,,,,,,,,,1,2,1,1,6
200600020617,0006-04-02 19:30:00,6,4,2,19,30,570,480,"00, SUGNON (RUE DU )",,,Crépuscule ou aube,En agglomération,Hors intersection,Normale,Autre collision,,,,,,,,,,,2,2,1,1,6
200600020618,0006-04-03 10:55:00,6,4,3,10,55,570,463,"63, SAINT PIERRE (RUE )",,,Plein jour,En agglomération,Hors intersection,Normale,Autre collision,,,,,,,,,,,1,2,1,1,6
200600020619,0006-04-03 11:40:00,6,4,3,11,40,570,463,"00, ALSACE (BOULEVARD D'",,,Plein jour,En agglomération,Hors intersection,Normale,Autre collision,,,,,,,,,,,1,2,1,1,6
200600020620,0006-04-03 17:20:00,6,4,3,17,20,570,463,"00, BARONETE (RUE DE LA)",,,Plein jour,En agglomération,Hors intersection,Normale,Autre collision,,,,,,,,,,,1,2,1,1,6
200600020621,0006-04-04 14:30:00,6,4,4,14,30,570,412,"111, SAINT SYMPHORIEN (B",,,Plein jour,En agglomération,Hors intersection,Normale,Sans collision,,,,,,,,,,,1,2,1,1,7
200600020622,0006-04-05 08:00:00,6,4,5,8,0,570,480,"121, PONT A MOUSSON (RUE",,,Plein jour,En agglomération,Intersection en T,Normale,Autre collision,,,,,,,,,,,1,2,3,1,6
200600020623,0006-04-07 10:00:00,6,4,7,10,0,570,463,SOLIDARITE (BOULEVARD DE,,,Plein jour,En agglomération,Autre intersection,Normale,Deux véhicules - côté,,,,,,,,,,,1,2,9,1,3
200600020624,0006-04-10 07:15:00,6,4,10,7,15,570,480,"00, SAINT QUENTIN (RUE )",,,Crépuscule ou aube,Hors agglomération,Hors intersection,Pluie légère,Autre collision,,,,,,,,,,,2,1,1,2,6
200600020625,0006-04-10 07:00:00,6,4,10,7,0,570,480,"03, CITE (RUE DE LA )",,,Crépuscule ou aube,En agglomération,Intersection en T,Pluie légère,Deux véhicules - côté,,,,,,,,,,,2,2,3,2,3
200600020626,0006-04-11 17:30:00,6,4,11,17,30,570,463,"55, LOTHAIRE (RUE )",,,Plein jour,En agglomération,Hors intersection,Normale,Deux véhicules - côté,,,,,,,,,,,1,2,1,1,3
200600020627,0006-04-12 15:55:00,6,4,12,15,55,570,463,"10, JOSEPH HENOT (RUE )",,,Plein jour,En agglomération,Hors intersection,Normale,Autre collision,,,,,,,,,,,1,2,1,1,6
200600020628,0006-04-13 19:35:00,6,4,13,19,35,570,463,RUISSEAU (RUE DU ),,,Crépuscule ou aube,Hors agglomération,Hors intersection,Pluie légère,Deux véhicules - côté,,,,,,,,,,,2,1,1,2,3
200600020629,0006-04-19 18:50:00,6,4,19,18,50,570,463,XX EME CORPS AMERICAIN,,,Plein jour,En agglomération,Hors intersection,Normale,Deux véhicules - côté,,,,,,,,,,,1,2,1,1,3
200600020630,0006-04-25 05:45:00,6,4,25,5,45,570,463,TREVES (BOULEVARD DE ),,,Nuit avec éclairage non allumé,En agglomération,Intersection en X,Normale,Autre collision,,,,,,,,,,,4,2,2,1,6
200600020631,0006-04-25 11:30:00,6,4,25,11,30,570,463,"52, SENTE A MY (RUE )",,,Plein jour,En agglomération,Intersection en X,Normale,Deux véhicules - côté,,,,,,,,,,,1,2,2,1,3
200600020632,0006-04-25 17:30:00,6,4,25,17,30,570,463,GUYENNE (BOULEVARD DE ),,,Plein jour,En agglomération,Hors intersection,Normale,Autre collision,,,,,,,,,,,1,2,1,1,6
200600020633,0006-04-25 19:15:00,6,4,25,19,15,570,463,ROBERT SCHUMAN (AVENUE ),,,Plein jour,Hors agglomération,Hors intersection,Normale,Autre collision,,,,,,,,,,,1,1,1,1,6
200600020634,0006-04-26 07:50:00,6,4,26,7,50,570,463,"00, DRAPIERS (RUE DES )",,,Crépuscule ou aube,En agglomération,Intersection en X,Pluie légère,Autre collision,,,,,,,,,,,2,2,2,2,6
200600020635,0006-04-27 14:19:00,6,4,27,14,19,570,463,PONTIFFROY (BOULEVARD DU,,,Plein jour,En agglomération,Hors intersection,Normale,Deux véhicules - frontale,,,,,,,,,,,1,2,1,1,1
200600020636,0006-04-28 05:15:00,6,4,28,5,15,570,463,"00, TREVES (BOULEVARD DE",,,Nuit avec éclairage allumé,En agglomération,Intersection en X,Normale,Autre collision,,,,,,,,,,,5,2,2,1,6
200600020637,0006-04-29 13:55:00,6,4,29,13,55,570,463,"67, GENERAL METMAN",,,Plein jour,En agglomération,Hors intersection,Normale,Autre collision,,,,,,,,,,,1,2,1,1,6
200600020638,0006-04-29 18:05:00,6,4,29,18,5,570,463,ROBERT SCHUMAN (AVENUE ),,,Plein jour,Hors agglomération,Intersection en T,Normale,Deux véhicules - côté,,,,,,,,,,,1,1,3,1,3
200600020639,0006-04-11 07:30:00,6,4,11,7,30,570,606,"4, SAINT NABOR (PLACE)",,,Plein jour,En agglomération,Hors intersection,Normale,Autre collision,,,,,,,,,,,1,2,1,1,6
200600020640,0006-04-15 17:40:00,6,4,15,17,40,570,606,"27, FOCH (RUE DU MARECHA",,,Plein jour,En agglomération,Intersection en T,Pluie forte,Deux véhicules - côté,,,,,,,,,,,1,2,3,3,3
200600020641,0006-04-22 18:15:00,6,4,22,18,15,570,606,RN 33,,,Plein jour,En agglomération,Intersection en X,Normale,Deux véhicules - côté,,,,,,,,,,,1,2,2,1,3
200600020642,0006-04-22 18:40:00,6,4,22,18,40,570,631,"11, BLIES-EBERSING (RUE",,,Crépuscule ou aube,En agglomération,Hors intersection,Normale,Deux véhicules - arrière,,,,,,,,,,,2,2,1,1,2
200600020643,0006-04-05 10:55:00,6,4,5,10,55,570,221,"9, LONGWY (RUE DE)",,,Plein jour,En agglomération,Hors intersection,Normale,Deux véhicules - arrière,,,,,,,,,,,1,2,1,1,2
200600020644,0006-04-06 17:50:00,6,4,6,17,50,570,221,"10, ALSACE (RUE D')",,,Plein jour,En agglomération,Hors intersection,Normale,Deux véhicules - frontale,,,,,,,,,,,1,2,1,1,1
200600020645,0006-04-11 09:10:00,6,4,11,9,10,570,368,"3, REPUBLIQUE (RUE DE LA",,,Plein jour,En agglomération,Hors intersection,Normale,Autre collision,,,,,,,,,,,1,2,1,1,6
200600020646,0006-04-14 14:10:00,6,4,14,14,10,570,306,"3, PICASSO (RUE PABLO)",,,Plein jour,En agglomération,Intersection en T,Normale,Deux véhicules - côté,,,,,,,,,,,1,2,3,1,3
200600020647,0006-04-20 23:04:00,6,4,20,23,4,570,221,NATIONALE (RUE),,,Nuit avec éclairage allumé,En agglomération,Intersection en T,Normale,Deux véhicules - frontale,,,,,,,,,,,5,2,3,1,1
200600020648,0006-04-28 09:35:00,6,4,28,9,35,570,306,"2a, MENDES FRANCE (RUE P",,,Plein jour,En agglomération,Hors intersection,Normale,Deux véhicules - côté,,,,,,,,,,,1,2,1,1,3
200600020649,0006-04-04 20:45:00,6,4,4,20,45,580,194,MADEMOISELLE BOURGEOIS,,,Nuit avec éclairage allumé,En agglomération,Intersection en X,Normale,Deux véhicules - côté,,,,,,,,,,,5,2,2,1,3
200600020650,0006-04-06 06:40:00,6,4,6,6,40,580,194,"58, TREIZIEME DE LIGNE",,,Crépuscule ou aube,En agglomération,Hors intersection,Normale,Deux véhicules - frontale,,,,,,,,,,,2,2,1,1,1
200600020651,0006-04-20 10:55:00,6,4,20,10,55,580,194,"26bis, PIERRE BEREGOVOY",,,Plein jour,En agglomération,Hors intersection,Normale,Autre collision,,,,,,,,,,,1,2,1,1,6
200600020652,0006-04-20 12:50:00,6,4,20,12,50,580,194,"21, COLBERT",,,Plein jour,En agglomération,Hors intersection,Normale,Deux véhicules - arrière,,,,,,,,,,,1,2,1,1,2
200600020653,0006-04-21 08:50:00,6,4,21,8,50,580,194,MONTOTS,,,Plein jour,En agglomération,Intersection en X,Normale,Deux véhicules - côté,,,,,,,,,,,1,2,2,1,3
200600020654,0006-04-04 23:10:00,6,4,4,23,10,590,17,RESISTANTS (RUE DES ),,,Nuit avec éclairage allumé,En agglomération,Intersection en X,Normale,Deux véhicules - côté,,,,,,,,,,,5,2,2,1,3
200600020655,0006-04-10 17:15:00,6,4,10,17,15,590,17,"79, NATIONALE (RUE)",,,Plein jour,En agglomération,Hors intersection,Normale,Autre collision,,,,,,,,,,,1,2,1,1,6
200600020656,0006-04-19 21:25:00,6,4,19,21,25,590,17,"23, BAYARD (RUE)",,,Nuit avec éclairage allumé,En agglomération,Hors intersection,Normale,Autre collision,,,,,,,,,,,5,2,1,1,6
200600020657,0006-04-22 22:40:00,6,4,22,22,40,590,33,"16, HOTEL DE VILLE (RUE",,,Nuit avec éclairage allumé,En agglomération,Hors intersection,Normale,Autre collision,,,,,,,,,,,5,2,1,1,6
200600020658,0006-04-23 21:45:00,6,4,23,21,45,590,43,"01, KORTENKER (RUE DU)",,,Nuit avec éclairage allumé,En agglomération,Intersection en T,Pluie légère,Sans collision,,,,,,,,,,,5,2,3,2,7
200600020659,0006-04-11 21:20:00,6,4,11,21,20,590,476,NOYELLES (ROUTE DE),,,Nuit sans éclairage public,Hors agglomération,Hors intersection,Normale,Sans collision,,,,,,,,,,,3,1,1,1,7
200600020660,0006-04-22 05:50:00,6,4,22,5,50,590,172,NEVE (R. PIERRE),,,Crépuscule ou aube,En agglomération,Giratoire,Normale,Deux véhicules - arrière,,,,,,,,,,,2,2,6,1,2
200600020661,0006-04-07 17:45:00,6,4,7,17,45,590,489,MUID (VOIE DU),,,Plein jour,En agglomération,Hors intersection,Normale,Autre collision,,,,,,,,,,,1,2,1,1,6
200600020662,0006-04-19 14:10:00,6,4,19,14,10,590,170,LOFFRE (RUE DE),,,Plein jour,Hors agglomération,Intersection en X,Normale,Autre collision,,,,,,,,,,,1,1,2,1,6
200600020663,0006-04-05 10:00:00,6,4,5,10,0,590,183,"00000, RN1",,,Plein jour,En agglomération,Hors intersection,Normale,Deux véhicules - côté,,,,,,,,,,,1,2,1,1,3
200600020664,0006-04-02 19:30:00,6,4,2,19,30,590,155,"22, REMBRANDT",,,Plein jour,En agglomération,Hors intersection,Normale,Deux véhicules - côté,,,,,,,,,,,1,2,1,1,3
200600020665,0006-04-06 16:30:00,6,4,6,16,30,590,183,SAINTE BARBE - BOULEVARD,,,Plein jour,En agglomération,Intersection en X,Normale,Deux véhicules - côté,,,,,,,,,,,1,2,2,1,3
200600020666,0006-04-11 18:30:00,6,4,11,18,30,590,155,"23, VOLTAIRE",,,Plein jour,En agglomération,Hors intersection,Pluie légère,Trois véhicules et plus - en chaîne,,,,,,,,,,,1,2,1,2,4
200600020667,0006-04-11 19:00:00,6,4,11,19,0,590,183,"., CAMBON PAUL - BOULEVA",,,Plein jour,En agglomération,Intersection en X,Normale,Deux véhicules - côté,,,,,,,,,,,1,2,2,1,3
200600020668,0006-04-16 11:45:00,6,4,16,11,45,590,588,HAMEAU N-D DES NEIGES,,,Plein jour,Hors agglomération,Hors intersection,Normale,Deux véhicules - côté,,,,,,,,,,,1,1,1,1,3
200600020669,0006-04-18 17:10:00,6,4,18,17,10,590,131,"0.000, BOURBOURG - ROUTE",,,Plein jour,En agglomération,Intersection en T,Normale,Deux véhicules - côté,,,,,,,,,,,1,2,3,1,3
200600020670,0006-04-25 13:30:00,6,4,25,13,30,590,340,"02, TRYSTRAM JEAN-BAPTIS",,,Plein jour,En agglomération,Hors intersection,Normale,Sans collision,,,,,,,,,,,1,2,1,1,7
200600020671,0006-04-26 13:40:00,6,4,26,13,40,590,183,DARSES - CHAUSSEE,,,Plein jour,En agglomération,Hors intersection,Normale,Deux véhicules - arrière,,,,,,,,,,,1,2,1,1,2
200600020672,0006-04-27 16:20:00,6,4,27,16,20,590,183,"0.000, CHANTIERS DE FRAN",,,Plein jour,En agglomération,Hors intersection,Normale,Deux véhicules - côté,,,,,,,,,,,1,2,1,1,3
200600020673,0006-04-29 00:10:00,6,4,29,0,10,590,340,"982, 2 JUIN 1940",,,Nuit avec éclairage allumé,En agglomération,Hors intersection,Normale,Autre collision,,,,,,,,,,,5,2,1,1,6
200600020674,0006-04-29 17:10:00,6,4,29,17,10,590,155,"0.000, JAURES JEAN - PON",,,Plein jour,En agglomération,Hors intersection,Normale,Trois véhicules et plus - collisions multiples,,,,,,,,,,,1,2,1,1,5
200600020675,0006-04-01 18:45:00,6,4,1,18,45,590,340,"0.000, REYNAERT MARCEL",,,Plein jour,En agglomération,Intersection en T,Normale,Deux véhicules - côté,,,,,,,,,,,1,2,3,1,3
200600020676,0006-04-05 17:50:00,6,4,5,17,50,590,659,"01, JEAN JAURES (RUE)",,,Plein jour,En agglomération,Hors intersection,Normale,Autre collision,,,,,,,,,,,1,2,1,1,6
200600020677,0006-04-19 16:15:00,6,4,19,16,15,590,659,", FERON (ROUTE DE )",,,Plein jour,En agglomération,Hors intersection,Normale,Sans collision,,,,,,,,,,,1,2,1,1,7
200600020678,0006-04-09 14:30:00,6,4,9,14,30,590,359,"1957, RN1",,,Plein jour,Hors agglomération,Hors intersection,Normale,Deux véhicules - arrière,,,,,,,,,,,1,1,1,1,2
200600020679,0006-04-25 13:45:00,6,4,25,13,45,590,324,", LEON BLUM (RUE)",,,Plein jour,En agglomération,Autre intersection,Normale,Deux véhicules - frontale,,,,,,,,,,,1,2,9,1,1
200600020680,0006-04-01 17:15:00,6,4,1,17,15,590,360,"125, DOUMER PAUL RUE",,,Plein jour,En agglomération,Hors intersection,Normale,Deux véhicules - arrière,,,,,,,,,,,1,2,1,1,2
200600020681,0006-04-01 18:05:00,6,4,1,18,5,590,350,"81, ARRAS RUE D",,,Plein jour,En agglomération,Hors intersection,Normale,Autre collision,,,,,,,,,,,1,2,1,1,6
200600020682,0006-04-01 18:25:00,6,4,1,18,25,590,378,CLEMENCEAU BLVD (N°168-2,,,Plein jour,En agglomération,Hors intersection,Normale,Deux véhicules - arrière,,,,,,,,,,,1,2,1,1,2
200600020683,0006-04-03 13:50:00,6,4,3,13,50,590,350,"19, CASSEL RUE DE",,,Plein jour,En agglomération,Hors intersection,Normale,Autre collision,,,,,,,,,,,1,2,1,1,6
200600020684,0006-04-05 18:10:00,6,4,5,18,10,590,378,"001, VERDUN AVENUE DE",,,Plein jour,En agglomération,Intersection en X,Normale,Deux véhicules - côté,,,,,,,,,,,1,2,2,1,3
200600020685,0006-04-04 13:20:00,6,4,4,13,20,590,9,"118, JAURES JEAN RUE",,,Plein jour,En agglomération,Hors intersection,Normale,Trois véhicules et plus - en chaîne,,,,,,,,,,,1,2,1,1,4
200600020686,0006-04-07 16:50:00,6,4,7,16,50,590,350,"45, CORNEILLE RUE",,,Plein jour,En agglomération,Hors intersection,Normale,Autre collision,,,,,,,,,,,1,2,1,1,6
200600020687,0006-04-08 16:15:00,6,4,8,16,15,590,195,ZONE COMMERCIALE,,,Plein jour,Hors agglomération,Autre intersection,Normale,Autre collision,,,,,,,,,,,1,1,9,1,6
200600020688,0006-04-09 04:00:00,6,4,9,4,0,590,350,ESPLANADE FACADE,,,Nuit avec éclairage allumé,En agglomération,Hors intersection,Normale,Sans collision,,,,,,,,,,,5,2,1,1,7
200600020689,0006-04-10 06:00:00,6,4,10,6,0,590,350,"866, DUNKERQUE AVENUE DE",,,Crépuscule ou aube,En agglomération,Intersection en X,Normale,Autre collision,,,,,,,,,,,2,2,2,1,6
200600020690,0006-04-10 14:30:00,6,4,10,14,30,590,350,LIBERTE BVD N°2 A 90-51,,,Plein jour,En agglomération,Hors intersection,Normale,Deux véhicules - côté,,,,,,,,,,,1,2,1,1,3
200600020691,0006-04-11 17:01:00,6,4,11,17,1,590,350,"92, ABELARD RUE",,,Plein jour,En agglomération,Hors intersection,Normale,Autre collision,,,,,,,,,,,1,2,1,1,6
200600020692,0006-04-13 12:20:00,6,4,13,12,20,590,350,"74, STRASBOURG BOULEVARD",,,Plein jour,En agglomération,Hors intersection,Normale,Autre collision,,,,,,,,,,,1,2,1,1,6
200600020693,0006-04-14 07:10:00,6,4,14,7,10,590,350,"00, GARE RUE DE LA",,,Plein jour,En agglomération,Hors intersection,Normale,Autre collision,,,,,,,,,,,1,2,1,1,6
200600020694,0006-04-14 09:50:00,6,4,14,9,50,590,350,"22, CHEVREUL RUE",,,Plein jour,En agglomération,Hors intersection,Normale,Autre collision,,,,,,,,,,,1,2,1,1,6
200600020695,0006-04-14 16:30:00,6,4,14,16,30,590,350,"746, DUNKERQUE AVENUE",,,Plein jour,En agglomération,Hors intersection,Normale,Autre collision,,,,,,,,,,,1,2,1,1,6
200600020696,0006-04-16 22:40:00,6,4,16,22,40,590,350,"22, LEBAS JEAN BAPTISTE",,,Nuit avec éclairage allumé,En agglomération,Hors intersection,Normale,Autre collision,,,,,,,,,,,5,2,1,1,6
200600020697,0006-04-17 11:55:00,6,4,17,11,55,590,368,"80, GAMBETTA LEON RUE",,,Plein jour,En agglomération,Hors intersection,Normale,Sans collision,,,,,,,,,,,1,2,1,1,7
200600020698,0006-04-19 04:50:00,6,4,19,4,50,590,350,"134, MONTEBELLO BD PAIRS",,,Nuit avec éclairage allumé,En agglomération,Intersection en X,Normale,Autre collision,,,,,,,,,,,5,2,2,1,6
200600020699,0006-04-20 15:20:00,6,4,20,15,20,590,560,"001, LILLE ROUTE DE",,,Plein jour,En agglomération,Hors intersection,Normale,Deux véhicules - arrière,,,,,,,,,,,1,2,1,1,2
200600020700,0006-04-21 18:30:00,6,4,21,18,30,590,350,BIGO DANEL BOULEVARD N°,,,Plein jour,En agglomération,Intersection en X,Normale,Autre collision,,,,,,,,,,,1,2,2,1,6
200600020701,0006-04-22 11:35:00,6,4,22,11,35,590,350,"15, SEC AREMBAULT RUE DU",,,Plein jour,En agglomération,Hors intersection,Normale,Autre collision,,,,,,,,,,,1,2,1,1,6
200600020702,0006-04-22 17:20:00,6,4,22,17,20,590,350,"00, CHATEAUDUN RUE DE",,,Plein jour,En agglomération,Intersection en X,Normale,Autre collision,,,,,,,,,,,1,2,2,1,6
200600020703,0006-04-24 18:15:00,6,4,24,18,15,590,316,"2, JAURES JEAN RUE",,,Plein jour,En agglomération,Hors intersection,Normale,Autre collision,,,,,,,,,,,1,2,1,1,6
200600020704,0006-04-26 21:00:00,6,4,26,21,0,590,350,"282, LEGRAND PIERRE RUE",,,Plein jour,En agglomération,Intersection en X,Normale,Deux véhicules - côté,,,,,,,,,,,1,2,2,1,3
200600020705,0006-04-28 09:00:00,6,4,28,9,0,590,350,", LIBERTE BVD N°2 A 90-5",,,Plein jour,En agglomération,Hors intersection,Normale,Deux véhicules - côté,,,,,,,,,,,1,2,1,1,3
200600020706,0006-04-29 22:20:00,6,4,29,22,20,590,636,"520, YPRES RUE D",,,Nuit avec éclairage allumé,En agglomération,Hors intersection,Normale,Deux véhicules - arrière,,,,,,,,,,,5,2,1,1,2
200600020707,0006-04-28 12:00:00,6,4,28,12,0,590,350,"33, NEUVE RUE",,,Plein jour,En agglomération,Intersection en X,Normale,Autre collision,,,,,,,,,,,1,2,2,1,6
200600020708,0006-04-10 19:35:00,6,4,10,19,35,590,365,"49, RENE VICAINE (RUE)",,,Plein jour,En agglomération,Hors intersection,Temps éblouissant,Deux véhicules - arrière,,,,,,,,,,,1,2,1,7,2
200600020709,0006-04-21 22:00:00,6,4,21,22,0,590,365,MONTFORT EN CHALOSSE (AV,,,Nuit avec éclairage allumé,En agglomération,Hors intersection,Normale,Autre collision,,,,,,,,,,,5,2,1,1,6
200600020710,0006-04-29 04:10:00,6,4,29,4,10,590,230,"1010, STRATEGIQUE (CHEMI",,,Nuit avec éclairage allumé,En agglomération,Hors intersection,Normale,Sans collision,,,,,,,,,,,5,2,1,1,7
200600020711,0006-04-14 14:52:00,6,4,14,14,52,590,291,"113, GAMBETTA (RUE)",,,Plein jour,En agglomération,Intersection en T,Normale,Autre collision,,,,,,,,,,,1,2,3,1,6
200600020712,0006-04-20 16:52:00,6,4,20,16,52,590,291,MAUBEUGE (RUE DE),,,Plein jour,En agglomération,Intersection en T,Normale,Deux véhicules - côté,,,,,,,,,,,1,2,3,1,3
200600020713,0006-04-01 18:00:00,6,4,1,18,0,590,646,LEBAS (AVENUE JEAN BAPTI,,,Plein jour,En agglomération,Hors intersection,Normale,Deux véhicules - côté,,,,,,,,,,,1,2,1,1,3
200600020714,0006-04-03 14:30:00,6,4,3,14,30,590,512,ESPACE GRAND RUE,,,Plein jour,En agglomération,Hors intersection,Normale,Autre collision,,,,,,,,,,,1,2,1,1,6
200600020715,0006-04-06 20:00:00,6,4,6,20,0,590,512,TURGOT (RUE),,,Plein jour,En agglomération,Intersection en X,Normale,Deux véhicules - côté,,,,,,,,,,,1,2,2,1,3
200600020716,0006-04-06 18:15:00,6,4,6,18,15,590,512,DELORY  (AVENUE GUSTAVE),,,Plein jour,En agglomération,Hors intersection,Normale,Deux véhicules - arrière,,,,,,,,,,,1,2,1,1,2
200600020717,0006-04-06 19:35:00,6,4,6,19,35,590,650,MOUSCRON (RUE DE),,,Plein jour,En agglomération,Hors intersection,Normale,Deux véhicules - frontale,,,,,,,,,,,1,2,1,1,1
200600020718,0006-04-07 18:50:00,6,4,7,18,50,590,512,BARBIEUX  (RUE DE ),,,Plein jour,En agglomération,Intersection en X,Temps couvert,Deux véhicules - côté,,,,,,,,,,,1,2,2,8,3
200600020719,0006-04-06 15:10:00,6,4,6,15,10,590,512,LINNE ( AVENUE),,,Plein jour,En agglomération,Hors intersection,Normale,Autre collision,,,,,,,,,,,1,2,1,1,6
200600020720,0006-04-10 11:00:00,6,4,10,11,0,590,512,BEAUMARCHAIS (RUE),,,Plein jour,En agglomération,Intersection en X,Normale,Autre collision,,,,,,,,,,,1,2,2,1,6
200600020721,0006-04-09 15:50:00,6,4,9,15,50,590,512,LANNOY (RUE DE ),,,Plein jour,En agglomération,Intersection en X,Normale,Deux véhicules - côté,,,,,,,,,,,1,2,2,1,3
200600020722,0006-04-05 12:00:00,6,4,5,12,0,590,512,NOTRE DAME DES VICTOIRES,,,Plein jour,En agglomération,Hors intersection,Normale,Autre collision,,,,,,,,,,,1,2,1,1,6
200600020723,0006-04-11 15:05:00,6,4,11,15,5,590,367,LECLERC (RUE DU GENERAL),,,Plein jour,En agglomération,Intersection en T,Normale,Autre collision,,,,,,,,,,,1,2,3,1,6
200600020724,0006-04-11 13:55:00,6,4,11,13,55,590,332,CARNOT (PLACE),,,Plein jour,En agglomération,Intersection en X,Normale,Deux véhicules - côté,,,,,,,,,,,1,2,2,1,3
200600020725,0006-04-11 13:20:00,6,4,11,13,20,590,646,MARCQ EN BAROEUL (RUE DE,,,Plein jour,En agglomération,Hors intersection,Normale,Deux véhicules - arrière,,,,,,,,,,,1,2,1,1,2
200600020726,0006-04-01 15:50:00,6,4,1,15,50,590,650,BEAU CHENE (RUE DU),,,Plein jour,En agglomération,Intersection en X,Normale,Autre collision,,,,,,,,,,,1,2,2,1,6
200600020727,0006-04-03 17:57:00,6,4,3,17,57,590,512,METZ (BOULEVARD DE),,,Plein jour,En agglomération,Intersection en X,Normale,Autre collision,,,,,,,,,,,1,2,2,1,6
200600020728,0006-04-10 17:15:00,6,4,10,17,15,590,650,BASANOS (RUE DES),,,Plein jour,En agglomération,Intersection en X,Normale,Autre collision,,,,,,,,,,,1,2,2,1,6
200600020729,0006-04-13 16:15:00,6,4,13,16,15,590,512,MAUFAIT (RUE DE,,,Plein jour,En agglomération,Intersection en X,Normale,Deux véhicules - côté,,,,,,,,,,,1,2,2,1,3
200600020730,0006-04-19 20:10:00,6,4,19,20,10,590,339,CD 700,,,Plein jour,Hors agglomération,Hors intersection,Normale,Deux véhicules - frontale,,,,,,,,,,,1,1,1,1,1
200600020731,0006-04-18 12:13:00,6,4,18,12,13,590,512,TUNIS (RUE DE),,,Plein jour,En agglomération,Hors intersection,Normale,Autre collision,,,,,,,,,,,1,2,1,1,6
200600020732,0006-04-01 13:45:00,6,4,1,13,45,590,163,PERRIN (RUE PROFESSEUR),,,Plein jour,En agglomération,Hors intersection,Normale,Deux véhicules - côté,,,,,,,,,,,1,2,1,1,3
200600020733,0006-04-24 11:35:00,6,4,24,11,35,590,512,ZOLA (RUE EMILE),,,Plein jour,En agglomération,Hors intersection,Normale,Autre collision,,,,,,,,,,,1,2,1,1,6
200600020734,0006-04-24 16:10:00,6,4,24,16,10,590,650,CARNOT (RUE),,,Plein jour,En agglomération,Intersection en T,Normale,Deux véhicules - côté,,,,,,,,,,,1,2,3,1,3
200600020735,0006-04-27 21:55:00,6,4,27,21,55,590,512,COURCELLES (RUE DE),,,Nuit avec éclairage allumé,En agglomération,Intersection en T,Normale,Deux véhicules - côté,,,,,,,,,,,5,2,3,1,3
200600020736,0006-04-30 15:45:00,6,4,30,15,45,590,512,GUESDE (RUE JULES),,,Plein jour,En agglomération,Hors intersection,Normale,Autre collision,,,,,,,,,,,1,2,1,1,6