accident_id,datetime,annee,mois,jour,heure,minute,departement,commune_insee,adresse,latitude,longitude,luminosite,agglomeration,intersection,meteo,collision,nb_vehicules,nb_usagers,nb_indemnes,nb_tues,nb_blesses_hosp,nb_blesses_legers,age_cond_1,age_cond_2,veh_type_cond_1,veh_type_cond_2,lum_code,agg_code,int_code,atm_code,col_code
200600021005,0006-04-16 17:05:00,6,4,16,17,5,670,482,"0, ROSE BLANCHE (PONT DE",,,Plein jour,En agglomération,Intersection en X,Normale,Trois véhicules et plus - en chaîne,,,,,,,,,,,1,2,2,1,4
200600021006,0006-04-19 02:50:00,6,4,19,2,50,670,447,"127, GENERAL DE GAULLE (",,,Nuit avec éclairage allumé,En agglomération,Hors intersection,Normale,Autre collision,,,,,,,,,,,5,2,1,1,6
200600021007,0006-04-19 10:05:00,6,4,19,10,5,670,482,ROBERTSAU (ALLEE DE LA),,,Plein jour,En agglomération,Intersection à plus de 4 branches,Normale,Deux véhicules - côté,,,,,,,,,,,1,2,5,1,3
200600021008,0006-04-19 12:05:00,6,4,19,12,5,670,482,ALPES (QUAI DES),,,Plein jour,En agglomération,Intersection en X,Normale,Deux véhicules - côté,,,,,,,,,,,1,2,2,1,3
200600021009,0006-04-20 17:45:00,6,4,20,17,45,670,482,"00, KLEBER (QUAI)",,,Plein jour,En agglomération,Hors intersection,Normale,Autre collision,,,,,,,,,,,1,2,1,1,6
200600021010,0006-04-21 10:10:00,6,4,21,10,10,670,482,"0, OHMACHT (RUE)",,,Plein jour,En agglomération,Intersection en T,Normale,Autre collision,,,,,,,,,,,1,2,3,1,6
200600021011,0006-04-21 12:00:00,6,4,21,12,0,670,482,"000, RHIN (ROUTE DU)",,,Plein jour,En agglomération,Hors intersection,Normale,Deux véhicules - côté,,,,,,,,,,,1,2,1,1,3
200600021012,0006-04-22 01:50:00,6,4,22,1,50,670,43,PERIGUEUX (AVENUE DE),,,Nuit avec éclairage allumé,En agglomération,Passage à niveau,Normale,Sans collision,,,,,,,,,,,5,2,8,1,7
200600021013,0006-04-23 02:30:00,6,4,23,2,30,670,482,"00, VOSGES (AVENUE DES)",,,Nuit avec éclairage allumé,En agglomération,Intersection en X,Normale,Autre collision,,,,,,,,,,,5,2,2,1,6
200600021014,0006-04-24 18:15:00,6,4,24,18,15,670,482,"3, GENERAL KOENIG (QUAI",,,Plein jour,En agglomération,Hors intersection,Normale,Autre collision,,,,,,,,,,,1,2,1,1,6
200600021015,0006-04-25 17:15:00,6,4,25,17,15,670,447,"131, GENERAL DE GAULLE (",,,Plein jour,En agglomération,Hors intersection,Normale,Deux véhicules - côté,,,,,,,,,,,1,2,1,1,3
200600021016,0006-04-26 13:55:00,6,4,26,13,55,670,482,"37, OSTWALD (RUE D )",,,Plein jour,En agglomération,Intersection en X,Normale,Autre collision,,,,,,,,,,,1,2,2,1,6
200600021017,0006-04-26 18:15:00,6,4,26,18,15,670,482,"00, BOECKLIN (RUE)",,,Plein jour,En agglomération,Hors intersection,Normale,Deux véhicules - côté,,,,,,,,,,,1,2,1,1,3
200600021018,0006-04-27 10:45:00,6,4,27,10,45,670,482,"25, FOSSE DES TANNEURS (",,,Plein jour,En agglomération,Hors intersection,Normale,Deux véhicules - côté,,,,,,,,,,,1,2,1,1,3
200600021019,0006-04-28 10:46:00,6,4,28,10,46,670,482,"00, NEUHOF (ROUTE)",,,Plein jour,En agglomération,Hors intersection,Normale,Deux véhicules - arrière,,,,,,,,,,,1,2,1,1,2
200600021020,0006-04-29 22:00:00,6,4,29,22,0,670,482,"76, FORET NOIRE (AVENUE",,,Nuit avec éclairage allumé,En agglomération,Hors intersection,Normale,Autre collision,,,,,,,,,,,5,2,1,1,6
200600021021,0006-04-30 04:25:00,6,4,30,4,25,670,482,RHIN (ROUTE DU),,,Nuit avec éclairage allumé,Hors agglomération,Intersection en Y,Normale,Deux véhicules - côté,,,,,,,,,,,5,1,4,1,3
200600021022,0006-04-30 14:30:00,6,4,30,14,30,670,482,HORACE (RUE),,,Plein jour,En agglomération,Intersection en T,Normale,Deux véhicules - frontale,,,,,,,,,,,1,2,3,1,1
200600021023,0006-04-01 18:35:00,6,4,1,18,35,680,66,5° DIVISION BLINDEE (RUE,,,Plein jour,En agglomération,Hors intersection,Normale,Deux véhicules - arrière,,,,,,,,,,,1,2,1,1,2
200600021024,0006-04-03 10:00:00,6,4,3,10,0,680,66,STANISLAS (RUE),,,Plein jour,En agglomération,Hors intersection,Normale,Sans collision,,,,,,,,,,,1,2,1,1,7
200600021025,0006-04-04 17:45:00,6,4,4,17,45,680,66,WINTZENHEIM (ROUTE DE),,,Plein jour,En agglomération,Intersection en Y,Normale,Deux véhicules - côté,,,,,,,,,,,1,2,4,1,3
200600021026,0006-04-03 18:00:00,6,4,3,18,0,680,66,INGERSHEIM (ROUTE D'),,,Plein jour,En agglomération,Hors intersection,Normale,Deux véhicules - côté,,,,,,,,,,,1,2,1,1,3
200600021027,0006-04-08 16:30:00,6,4,8,16,30,680,66,"23, ZURICH (RUE DE)",,,Plein jour,En agglomération,Hors intersection,Normale,Autre collision,,,,,,,,,,,1,2,1,1,6
200600021028,0006-04-07 08:30:00,6,4,7,8,30,680,66,SEMM (RUE DE LA),,,Plein jour,En agglomération,Intersection à plus de 4 branches,Normale,Autre collision,,,,,,,,,,,1,2,5,1,6
200600021029,0006-04-23 16:25:00,6,4,23,16,25,680,66,"13, LAUSANNE (RUE DE)",,,Plein jour,En agglomération,Hors intersection,Normale,Deux véhicules - arrière,,,,,,,,,,,1,2,1,1,2
200600021030,0006-04-26 15:25:00,6,4,26,15,25,680,66,"88, GRAND'RUE (RUE)",,,Plein jour,En agglomération,Intersection en T,Normale,Deux véhicules - côté,,,,,,,,,,,1,2,3,1,3
200600021031,0006-04-09 15:10:00,6,4,9,15,10,680,112,"12, LUCERNE (RUE DE)",,,Plein jour,En agglomération,Hors intersection,Normale,Autre collision,,,,,,,,,,,1,2,1,1,6
200600021032,0006-04-21 21:18:00,6,4,21,21,18,680,112,"10, DECK, Théodore (rue)",,,Nuit avec éclairage allumé,En agglomération,Intersection en X,Normale,Deux véhicules - côté,,,,,,,,,,,5,2,2,1,3
200600021033,0006-04-20 20:35:00,6,4,20,20,35,680,112,PENETRANTE (CD430 BIS),,,Nuit avec éclairage allumé,En agglomération,Intersection à plus de 4 branches,Normale,Deux véhicules - côté,,,,,,,,,,,5,2,5,1,3
200600021034,0006-04-08 17:20:00,6,4,8,17,20,680,224,"30, FRANKLIN (RUE)",,,Plein jour,En agglomération,Hors intersection,Normale,Autre collision,,,,,,,,,,,1,2,1,1,6
200600021035,0006-04-03 15:45:00,6,4,3,15,45,680,224,"56, KOECHLIN (RUE)",,,Plein jour,En agglomération,Intersection en X,Normale,Deux véhicules - côté,,,,,,,,,,,1,2,2,1,3
200600021036,0006-04-12 13:45:00,6,4,12,13,45,680,224,"26, PREISS (RUE JACQUES)",,,Plein jour,En agglomération,Autre intersection,Normale,Trois véhicules et plus - collisions multiples,,,,,,,,,,,1,2,9,1,5
200600021037,0006-04-16 14:45:00,6,4,16,14,45,680,271,"369, BALE (RUE DE)",,,Plein jour,En agglomération,Hors intersection,Normale,Deux véhicules - côté,,,,,,,,,,,1,2,1,1,3
200600021038,0006-04-23 11:15:00,6,4,23,11,15,680,224,"9, SIEGFRIED (RUE JULES)",,,Plein jour,En agglomération,Intersection en X,Normale,Deux véhicules - frontale,,,,,,,,,,,1,2,2,1,1
200600021039,0006-04-13 10:50:00,6,4,13,10,50,680,256,"2, KINGERSHEIM (RUE DE)",,,Plein jour,En agglomération,Hors intersection,Normale,Autre collision,,,,,,,,,,,1,2,1,1,6
200600021040,0006-04-20 19:48:00,6,4,20,19,48,680,297,BALE ( AVE DE)WIRU JUSQU,,,Plein jour,En agglomération,Intersection en X,Normale,Deux véhicules - côté,,,,,,,,,,,1,2,2,1,3
200600021041,0006-04-09 17:15:00,6,4,9,17,15,690,34,"76, FRANCOIS PEISSEL",,,Plein jour,En agglomération,Hors intersection,Pluie forte,Autre collision,,,,,,,,,,,1,2,1,3,6
200600021042,0006-04-11 10:20:00,6,4,11,10,20,690,34,"9, JEAN PETIT",,,Plein jour,En agglomération,Hors intersection,Normale,Autre collision,,,,,,,,,,,1,2,1,1,6
200600021043,0006-04-22 15:35:00,6,4,22,15,35,690,34,"33, VASSIEUX (DE)",,,Plein jour,En agglomération,Hors intersection,Normale,Autre collision,,,,,,,,,,,1,2,1,1,6
200600021044,0006-04-04 11:50:00,6,4,4,11,50,690,91,"47, VARISSAN (DE) (RTE)",,,Plein jour,En agglomération,Hors intersection,Normale,Deux véhicules - frontale,,,,,,,,,,,1,2,1,1,1
200600021045,0006-04-27 19:00:00,6,4,27,19,0,690,256,"10, MAURICE THOREZ",,,Plein jour,En agglomération,Intersection en T,Pluie légère,Deux véhicules - côté,,,,,,,,,,,1,2,3,2,3
200600021046,0006-04-02 17:35:00,6,4,2,17,35,690,259,REPUBLIQUE (DE LA),,,Plein jour,En agglomération,Intersection en T,Normale,Deux véhicules - frontale,,,,,,,,,,,1,2,3,1,1
200600021047,0006-04-03 18:37:00,6,4,3,18,37,690,259,"0, JEAN CAGNE",,,Plein jour,En agglomération,Hors intersection,Normale,Autre collision,,,,,,,,,,,1,2,1,1,6
200600021048,0006-04-10 17:20:00,6,4,10,17,20,690,259,JACQUES DUCLOS,,,Plein jour,En agglomération,Giratoire,Pluie légère,Deux véhicules - côté,,,,,,,,,,,1,2,6,2,3
200600021049,0006-04-11 13:50:00,6,4,11,13,50,690,259,"0, DOCTEUR GEORGES LEVY",,,Plein jour,En agglomération,Hors intersection,Normale,Deux véhicules - côté,,,,,,,,,,,1,2,1,1,3
200600021050,0006-04-16 15:25:00,6,4,16,15,25,690,199,"27, CARNOT",,,Plein jour,En agglomération,Hors intersection,Normale,Deux véhicules - côté,,,,,,,,,,,1,2,1,1,3
200600021051,0006-04-17 14:10:00,6,4,17,14,10,690,259,"16, LEO LAGRANGE",,,Plein jour,En agglomération,Hors intersection,Normale,Autre collision,,,,,,,,,,,1,2,1,1,6
200600021052,0006-04-19 10:10:00,6,4,19,10,10,690,259,"142/148, FRANCIS DE PRES",,,Plein jour,En agglomération,Hors intersection,Normale,Autre collision,,,,,,,,,,,1,2,1,1,6
200600021053,0006-04-19 17:50:00,6,4,19,17,50,690,199,"0, ARISTIDE BRIAND",,,Plein jour,En agglomération,Intersection en X,Normale,Autre collision,,,,,,,,,,,1,2,2,1,6
200600021054,0006-04-20 11:40:00,6,4,20,11,40,690,199,YVES FARGE,,,Plein jour,En agglomération,Intersection en T,Normale,Deux véhicules - arrière,,,,,,,,,,,1,2,3,1,2
200600021055,0006-04-27 15:15:00,6,4,27,15,15,690,259,"0, SAVOIES (DES)",,,Plein jour,En agglomération,Hors intersection,Normale,Deux véhicules - arrière,,,,,,,,,,,1,2,1,1,2
200600021056,0006-04-22 19:10:00,6,4,22,19,10,690,199,"24, PARMENTIER",,,Plein jour,En agglomération,Hors intersection,Normale,Deux véhicules - arrière,,,,,,,,,,,1,2,1,1,2
200600021057,0006-04-09 12:05:00,6,4,9,12,5,690,259,"0, FRANCIS DE PRESSENSE",,,Plein jour,En agglomération,Intersection en Y,Pluie légère,Deux véhicules - côté,,,,,,,,,,,1,2,4,2,3
200600021058,0006-04-19 19:00:00,6,4,19,19,0,690,264,BURDEAU   BD ( HORS GEAN,,,Plein jour,En agglomération,Hors intersection,Normale,Trois véhicules et plus - en chaîne,,,,,,,,,,,1,2,1,1,4
200600021059,0006-04-05 17:00:00,6,4,5,17,0,690,264,BERTHIER  PIERRE   R,,,Plein jour,En agglomération,Intersection en X,Pluie forte,Deux véhicules - côté,,,,,,,,,,,1,2,2,3,3
200600021060,0006-04-19 06:25:00,6,4,19,6,25,690,264,"530, ANSE D'   R",,,Nuit avec éclairage allumé,En agglomération,Hors intersection,Normale,Autre collision,,,,,,,,,,,5,2,1,1,6
200600021061,0006-04-25 12:10:00,6,4,25,12,10,690,264,FRANS ROUTE DE,,,Plein jour,En agglomération,Hors intersection,Normale,Deux véhicules - arrière,,,,,,,,,,,1,2,1,1,2
200600021062,0006-04-02 19:45:00,6,4,2,19,45,690,266,"53, RUE L GUERIN",,,Plein jour,En agglomération,Hors intersection,Normale,Deux véhicules - côté,,,,,,,,,,,1,2,1,1,3
200600021063,0006-04-03 13:00:00,6,4,3,13,0,690,266,"5, CRS DE LA REPUBLIQUE",,,Plein jour,En agglomération,Hors intersection,Normale,Deux véhicules - côté,,,,,,,,,,,1,2,1,1,3
200600021064,0006-04-03 17:45:00,6,4,3,17,45,690,266,"47, AV GAL LECLERC",,,Plein jour,En agglomération,Hors intersection,Normale,Autre collision,,,,,,,,,,,1,2,1,1,6
200600021065,0006-04-06 17:50:00,6,4,6,17,50,690,266,"25, CRS TOLSTOI",,,Plein jour,En agglomération,Hors intersection,Normale,Autre collision,,,,,,,,,,,1,2,1,1,6
200600021066,0006-04-13 11:50:00,6,4,13,11,50,690,266,CRS A PHILIP,,,Plein jour,En agglomération,Intersection en X,Normale,Deux véhicules - côté,,,,,,,,,,,1,2,2,1,3
200600021067,0006-04-18 19:20:00,6,4,18,19,20,690,266,"295, RTE DE GENAS",,,Plein jour,En agglomération,Hors intersection,Normale,Deux véhicules - côté,,,,,,,,,,,1,2,1,1,3
200600021068,0006-04-19 16:00:00,6,4,19,16,0,690,266,"1, RUE A BRINON",,,Plein jour,En agglomération,Intersection en X,Normale,Deux véhicules - côté,,,,,,,,,,,1,2,2,1,3
200600021069,0006-04-21 08:45:00,6,4,21,8,45,690,266,"92, RUE L BECKER",,,Plein jour,En agglomération,Intersection en X,Normale,Autre collision,,,,,,,,,,,1,2,2,1,6
200600021070,0006-04-26 16:50:00,6,4,26,16,50,690,266,RUE G COURTELINE,,,Plein jour,En agglomération,Intersection en X,Normale,Deux véhicules - côté,,,,,,,,,,,1,2,2,1,3
200600021071,0006-04-12 10:15:00,6,4,12,10,15,690,275,"31, JEAN JAURES",,,Plein jour,En agglomération,Hors intersection,Normale,Autre collision,,,,,,,,,,,1,2,1,1,6
200600021072,0006-04-03 16:55:00,6,4,3,16,55,690,290,ANCIENNE ROUTE DE GRENOB,,,Plein jour,Hors agglomération,Hors intersection,Normale,Deux véhicules - arrière,,,,,,,,,,,1,1,1,1,2
200600021073,0006-04-03 18:18:00,6,4,3,18,18,690,290,GRENOBLE (DE)  -  RN 6,,,Plein jour,En agglomération,Hors intersection,Normale,Deux véhicules - côté,,,,,,,,,,,1,2,1,1,3
200600021074,0006-04-09 21:00:00,6,4,9,21,0,690,290,"50, DANTON",,,Nuit avec éclairage allumé,En agglomération,Hors intersection,Normale,Autre collision,,,,,,,,,,,5,2,1,1,6
200600021075,0006-04-13 07:30:00,6,4,13,7,30,690,290,PORTE DES ALPES (DE LA),,,Crépuscule ou aube,Hors agglomération,Intersection en X,Normale,Deux véhicules - côté,,,,,,,,,,,2,1,2,1,3
200600021076,0006-04-19 12:20:00,6,4,19,12,20,690,290,"0, LYONNAIS (DU)",,,Plein jour,En agglomération,Intersection en T,Normale,Deux véhicules - arrière,,,,,,,,,,,1,2,3,1,2
200600021077,0006-04-23 13:30:00,6,4,23,13,30,690,290,"60, EGALITE (DE L')",,,Plein jour,En agglomération,Hors intersection,Normale,Deux véhicules - côté,,,,,,,,,,,1,2,1,1,3
200600021078,0006-04-27 11:30:00,6,4,27,11,30,690,290,CORDIERE (DE LA),,,Plein jour,En agglomération,Hors intersection,Normale,Autre collision,,,,,,,,,,,1,2,1,1,6
200600021079,0006-04-21 16:30:00,6,4,21,16,30,700,285,"5 BIS, 11 NOVEMBRE (RUE",,,Plein jour,En agglomération,Hors intersection,Normale,Deux véhicules - côté,,,,,,,,,,,1,2,1,1,3
200600021080,0006-04-05 08:25:00,6,4,5,8,25,700,550,ALLIES (BOULEVARD DES),,,Plein jour,En agglomération,Intersection en T,Normale,Sans collision,,,,,,,,,,,1,2,3,1,7
200600021081,0006-04-04 17:45:00,6,4,4,17,45,710,76,"54, PARIS (AVENUE DE)",,,Plein jour,En agglomération,Intersection en X,Normale,Deux véhicules - côté,,,,,,,,,,,1,2,2,1,3
200600021082,0006-04-08 18:30:00,6,4,8,18,30,710,76,ANDRE (RUE DU LIEUTENANT,,,Plein jour,En agglomération,Intersection en T,Normale,Deux véhicules - côté,,,,,,,,,,,1,2,3,1,3
200600021083,0006-04-21 23:45:00,6,4,21,23,45,710,445,"46, BUTTES (RUE DES )",,,Nuit avec éclairage allumé,En agglomération,Hors intersection,Normale,Autre collision,,,,,,,,,,,5,2,1,1,6
200600021084,0006-04-11 08:25:00,6,4,11,8,25,710,153,EUROPE (AVENUE DE L'),,,Plein jour,En agglomération,Giratoire,Normale,Autre collision,,,,,,,,,,,1,2,6,1,6
200600021085,0006-04-29 19:40:00,6,4,29,19,40,710,153,"66, MARTYRS DE LA LIBERA",,,Plein jour,En agglomération,Intersection en T,Normale,Deux véhicules - côté,,,,,,,,,,,1,2,3,1,3
200600021086,0006-04-05 16:50:00,6,4,5,16,50,710,270,"1, CORPS EXPEDITIONNAIRE",,,Plein jour,En agglomération,Intersection en T,Normale,Deux véhicules - côté,,,,,,,,,,,1,2,3,1,3
200600021087,0006-04-08 14:10:00,6,4,8,14,10,710,270,ALLEMANDS (ROUTE DES),,,Plein jour,Hors agglomération,Intersection en X,Normale,Deux véhicules - côté,,,,,,,,,,,1,1,2,1,3
200600021088,0006-04-08 18:10:00,6,4,8,18,10,710,270,"1, NORMANDIE (RUE DE)",,,Plein jour,En agglomération,Autre intersection,Normale,Deux véhicules - côté,,,,,,,,,,,1,2,9,1,3
200600021089,0006-04-08 16:45:00,6,4,8,16,45,710,270,JUIN (RUE DU MARECHAL),,,Plein jour,En agglomération,Hors intersection,Normale,Deux véhicules - côté,,,,,,,,,,,1,2,1,1,3
200600021090,0006-04-05 15:25:00,6,4,5,15,25,710,270,GARDON (PLACE),,,Plein jour,En agglomération,Autre intersection,Temps couvert,Deux véhicules - arrière,,,,,,,,,,,1,2,9,8,2
200600021091,0006-04-14 15:20:00,6,4,14,15,20,710,270,"1, ONZE NOVEMBRE 1918 (R",,,Plein jour,En agglomération,Hors intersection,Normale,Autre collision,,,,,,,,,,,1,2,1,1,6
200600021092,0006-04-22 18:15:00,6,4,22,18,15,710,270,PONT SAINT LAURENT,,,Plein jour,En agglomération,Intersection en X,Normale,Deux véhicules - arrière,,,,,,,,,,,1,2,2,1,2
200600021093,0006-04-21 14:00:00,6,4,21,14,0,710,270,"Nr, LYON (RUE DE)",,,Plein jour,En agglomération,Intersection en T,Normale,Deux véhicules - côté,,,,,,,,,,,1,2,3,1,3
200600021094,0006-04-20 18:55:00,6,4,20,18,55,710,105,RN 6 (ROUTE NATIONALE),,,Plein jour,En agglomération,Hors intersection,Normale,Autre collision,,,,,,,,,,,1,2,1,1,6
200600021095,0006-04-26 20:35:00,6,4,26,20,35,710,270,EUROPE (CARREFOUR DE L'),,,Nuit sans éclairage public,En agglomération,Autre intersection,Pluie légère,Autre collision,,,,,,,,,,,3,2,9,2,6
200600021096,0006-04-29 11:45:00,6,4,29,11,45,710,270,"23, NEUF CLES (BOULEVARD",,,Plein jour,En agglomération,Hors intersection,Normale,Autre collision,,,,,,,,,,,1,2,1,1,6
200600021097,0006-04-29 07:10:00,6,4,29,7,10,710,270,"N1, RN79",,,Crépuscule ou aube,Hors agglomération,Hors intersection,Normale,Deux véhicules - côté,,,,,,,,,,,2,1,1,1,3
200600021098,0006-04-14 23:40:00,6,4,14,23,40,710,306,"23, ROGER SALENGRO (AVEN",,,Nuit avec éclairage allumé,En agglomération,Intersection en T,Normale,Deux véhicules - côté,,,,,,,,,,,5,2,3,1,3
200600021099,0006-04-13 11:40:00,6,4,13,11,40,710,306,"2, GENERAL DE GAULLE (QU",,,Plein jour,En agglomération,Hors intersection,Normale,Deux véhicules - côté,,,,,,,,,,,1,2,1,1,3
200600021100,0006-04-02 13:30:00,6,4,2,13,30,720,181,"41, RONDE DE SAINT GEORG",,,Plein jour,En agglomération,Hors intersection,Normale,Autre collision,,,,,,,,,,,1,2,1,1,6
200600021101,0006-04-03 19:20:00,6,4,3,19,20,720,181,JAURES JEAN (AV) N° PAIR,,,Plein jour,En agglomération,Hors intersection,Normale,Deux véhicules - arrière,,,,,,,,,,,1,2,1,1,2
200600021102,0006-04-04 03:05:00,6,4,4,3,5,720,181,RUAUDIN (RUE) N° IMP 1 A,,,Nuit avec éclairage allumé,En agglomération,Intersection en T,Normale,Autre collision,,,,,,,,,,,5,2,3,1,6
200600021103,0006-04-04 08:00:00,6,4,4,8,0,720,181,"4, PIFFAULT PIERRE (AV)",,,Plein jour,En agglomération,Hors intersection,Normale,Deux véhicules - frontale,,,,,,,,,,,1,2,1,1,1
200600021104,0006-04-04 08:50:00,6,4,4,8,50,720,181,DOUCE AMIE (RUE) IMP BOL,,,Plein jour,En agglomération,Intersection en T,Normale,Deux véhicules - côté,,,,,,,,,,,1,2,3,1,3
200600021105,0006-04-05 15:00:00,6,4,5,15,0,720,181,"192, RHIN ET DANUBE (AV)",,,Plein jour,En agglomération,Hors intersection,Normale,Autre collision,,,,,,,,,,,1,2,1,1,6
200600021106,0006-04-05 19:25:00,6,4,5,19,25,720,181,"12, COURBOULAY PAUL (RUE",,,Plein jour,En agglomération,Intersection en T,Normale,Autre collision,,,,,,,,,,,1,2,3,1,6
200600021107,0006-04-06 11:00:00,6,4,6,11,0,720,181,"55, CHURCHILL WINSTON (B",,,Plein jour,En agglomération,Hors intersection,Normale,Deux véhicules - arrière,,,,,,,,,,,1,2,1,1,2
200600021108,0006-04-06 15:45:00,6,4,6,15,45,720,181,CIRQUE (RUE DU),,,Plein jour,En agglomération,Intersection en T,Normale,Autre collision,,,,,,,,,,,1,2,3,1,6
200600021109,0006-04-06 22:30:00,6,4,6,22,30,720,181,ANGERS (RTE D'),,,Nuit sans éclairage public,Hors agglomération,Hors intersection,Normale,Autre collision,,,,,,,,,,,3,1,1,1,6
200600021110,0006-04-07 07:30:00,6,4,7,7,30,720,181,DEMORIEUX PAIRS><ROCADE,,,Plein jour,En agglomération,Hors intersection,Normale,Deux véhicules - côté,,,,,,,,,,,1,2,1,1,3
200600021111,0006-04-07 09:30:00,6,4,7,9,30,720,181,"194, LIBERATION (AV DE L",,,Plein jour,En agglomération,Hors intersection,Normale,Deux véhicules - côté,,,,,,,,,,,1,2,1,1,3
200600021112,0006-04-07 16:45:00,6,4,7,16,45,720,181,"74, VOLTAIRE (RUE) N° PA",,,Plein jour,En agglomération,Hors intersection,Normale,Autre collision,,,,,,,,,,,1,2,1,1,6
200600021113,0006-04-08 18:30:00,6,4,8,18,30,720,181,"20, POINTE (RUE DE LA)",,,Plein jour,En agglomération,Hors intersection,Normale,Deux véhicules - arrière,,,,,,,,,,,1,2,1,1,2
200600021114,0006-04-09 08:00:00,6,4,9,8,0,720,181,PLATANES (AV DES),,,Plein jour,En agglomération,Hors intersection,Normale,Deux véhicules - frontale,,,,,,,,,,,1,2,1,1,1
200600021115,0006-04-09 10:15:00,6,4,9,10,15,720,181,RIFFAUDIERES (BD DES),,,Plein jour,En agglomération,Hors intersection,Normale,Autre collision,,,,,,,,,,,1,2,1,1,6
200600021116,0006-04-10 09:25:00,6,4,10,9,25,720,181,DEMORIEUX ENTRE PT CHEM,,,Plein jour,En agglomération,Hors intersection,Normale,Autre collision,,,,,,,,,,,1,2,1,1,6
200600021117,0006-04-10 17:45:00,6,4,10,17,45,720,181,PATTON GENERAL RTE ST-AU,,,Plein jour,En agglomération,Hors intersection,Normale,Trois véhicules et plus - en chaîne,,,,,,,,,,,1,2,1,1,4
200600021118,0006-04-11 09:10:00,6,4,11,9,10,720,181,MESSIAEN OLIVIER (AV) IM,,,Plein jour,En agglomération,Hors intersection,Normale,Deux véhicules - arrière,,,,,,,,,,,1,2,1,1,2
200600021119,0006-04-11 11:55:00,6,4,11,11,55,720,181,"146, PETITE-VITESSE (BD",,,Plein jour,En agglomération,Hors intersection,Normale,Autre collision,,,,,,,,,,,1,2,1,1,6
200600021120,0006-04-11 17:55:00,6,4,11,17,55,720,181,ARNAGE (RUE D') N° PAIRS,,,Plein jour,En agglomération,Intersection en T,Normale,Deux véhicules - côté,,,,,,,,,,,1,2,3,1,3
200600021121,0006-04-14 12:25:00,6,4,14,12,25,720,181,ALENCON (RTE D'),,,Plein jour,Hors agglomération,Hors intersection,Normale,Trois véhicules et plus - en chaîne,,,,,,,,,,,1,1,1,1,4
200600021122,0006-04-16 16:43:00,6,4,16,16,43,720,181,BOURG BELE (RUE DU)  N°,,,Plein jour,En agglomération,Intersection en T,Normale,Autre collision,,,,,,,,,,,1,2,3,1,6
200600021123,0006-04-18 16:00:00,6,4,18,16,0,720,181,SAINT AUBIN (RUE) N° IMP,,,Plein jour,En agglomération,Intersection en T,Normale,Deux véhicules - côté,,,,,,,,,,,1,2,3,1,3
200600021124,0006-04-19 19:00:00,6,4,19,19,0,720,181,CLEMENCEAU GEORGES ( BD),,,Plein jour,En agglomération,Hors intersection,Normale,Deux véhicules - côté,,,,,,,,,,,1,2,1,1,3
200600021125,0006-04-20 07:49:00,6,4,20,7,49,720,181,PATTON GENERAL RTE ST-AU,,,Plein jour,Hors agglomération,Hors intersection,Normale,Autre collision,,,,,,,,,,,1,1,1,1,6
200600021126,0006-04-20 08:25:00,6,4,20,8,25,720,181,"17/19, BOLLEE (AV) N° IM",,,Plein jour,En agglomération,Hors intersection,Normale,Autre collision,,,,,,,,,,,1,2,1,1,6
200600021127,0006-04-20 12:50:00,6,4,20,12,50,720,181,CIRCUIT (RUE DU),,,Plein jour,Hors agglomération,Hors intersection,Normale,Deux véhicules - côté,,,,,,,,,,,1,1,1,1,3
200600021128,0006-04-20 13:00:00,6,4,20,13,0,720,181,ITALIENS (BD DES),,,Plein jour,En agglomération,Hors intersection,Normale,Trois véhicules et plus - collisions multiples,,,,,,,,,,,1,2,1,1,5
200600021129,0006-04-20 15:50:00,6,4,20,15,50,720,181,"309, DURAND GEORGES (AV)",,,Plein jour,En agglomération,Hors intersection,Normale,Autre collision,,,,,,,,,,,1,2,1,1,6
200600021130,0006-04-21 08:25:00,6,4,21,8,25,720,181,PIFFAULT PIERRE (AV) BES,,,Plein jour,En agglomération,Hors intersection,Normale,Deux véhicules - côté,,,,,,,,,,,1,2,1,1,3
200600021131,0006-04-21 14:00:00,6,4,21,14,0,720,181,"71, MARIETTE (RUE DE LA)",,,Plein jour,En agglomération,Hors intersection,Normale,Autre collision,,,,,,,,,,,1,2,1,1,6
200600021132,0006-04-21 17:50:00,6,4,21,17,50,720,181,COURTHARDY (RUE),,,Plein jour,En agglomération,Hors intersection,Normale,Autre collision,,,,,,,,,,,1,2,1,1,6
200600021133,0006-04-21 18:45:00,6,4,21,18,45,720,3,RD 147 E (RTE),,,Plein jour,En agglomération,Hors intersection,Normale,Sans collision,,,,,,,,,,,1,2,1,1,7
200600021134,0006-04-23 10:30:00,6,4,23,10,30,720,181,FALCONET ETIENNE (RUE),,,Plein jour,En agglomération,Hors intersection,Normale,Autre collision,,,,,,,,,,,1,2,1,1,6
200600021135,0006-04-23 13:20:00,6,4,23,13,20,720,181,LAVAL (RTE DE) PAIRS,,,Plein jour,Hors agglomération,Hors intersection,Normale,Autre collision,,,,,,,,,,,1,1,1,1,6
200600021136,0006-04-24 18:00:00,6,4,24,18,0,720,181,ANATOLE FRANCE (BD ),,,Plein jour,En agglomération,Hors intersection,Normale,Deux véhicules - côté,,,,,,,,,,,1,2,1,1,3
200600021137,0006-04-25 15:40:00,6,4,25,15,40,720,181,VOLTAIRE (RUE) N° PAIRS,,,Plein jour,En agglomération,Hors intersection,Normale,Deux véhicules - côté,,,,,,,,,,,1,2,1,1,3
200600021138,0006-04-25 18:25:00,6,4,25,18,25,720,181,"10, TURQUIE (RUE DE)",,,Plein jour,En agglomération,Hors intersection,Normale,Deux véhicules - arrière,,,,,,,,,,,1,2,1,1,2