accident_id,datetime,annee,mois,jour,heure,minute,departement,commune_insee,adresse,latitude,longitude,luminosite,agglomeration,intersection,meteo,collision,nb_vehicules,nb_usagers,nb_indemnes,nb_tues,nb_blesses_hosp,nb_blesses_legers,age_cond_1,age_cond_2,veh_type_cond_1,veh_type_cond_2,lum_code,agg_code,int_code,atm_code,col_code
200600021139,0006-04-26 16:55:00,6,4,26,16,55,720,181,"4, MUTUEL (BD)",,,Plein jour,En agglomération,Hors intersection,Normale,Autre collision,,,,,,,,,,,1,2,1,1,6
200600021140,0006-04-30 20:30:00,6,4,30,20,30,720,181,PONT YSSOIR (RUE DU),,,Crépuscule ou aube,En agglomération,Hors intersection,Normale,Autre collision,,,,,,,,,,,2,2,1,1,6
200600021141,0006-04-21 21:55:00,6,4,21,21,55,730,8,"232, GRAND PORT (RONDEAU",,,Nuit avec éclairage allumé,En agglomération,Hors intersection,Normale,Autre collision,,,,,,,,,,,5,2,1,1,6
200600021142,0006-04-07 15:30:00,6,4,7,15,30,730,11,PARGOUD (RUE),,,Plein jour,En agglomération,Autre intersection,Normale,Autre collision,,,,,,,,,,,1,2,9,1,6
200600021143,0006-04-14 18:50:00,6,4,14,18,50,730,11,ALLOBROGES (QUAI DES),,,Plein jour,En agglomération,Intersection en T,Normale,Deux véhicules - côté,,,,,,,,,,,1,2,3,1,3
200600021144,0006-04-21 15:30:00,6,4,21,15,30,730,11,"17, BUISSON (AV. GENERAL",,,Plein jour,En agglomération,Hors intersection,Normale,Autre collision,,,,,,,,,,,1,2,1,1,6
200600021145,0006-04-12 18:55:00,6,4,12,18,55,730,29,"0.001, CHALLES (ROUTE DE",,,Crépuscule ou aube,En agglomération,Hors intersection,Normale,Sans collision,,,,,,,,,,,2,2,1,1,7
200600021146,0006-04-17 13:45:00,6,4,17,13,45,730,65,"0.001, BERTILLET (RUE DU",,,Plein jour,En agglomération,Hors intersection,Normale,Deux véhicules - côté,,,,,,,,,,,1,2,1,1,3
200600021147,0006-04-04 15:15:00,6,4,4,15,15,740,10,"., MAVERIA",,,Plein jour,En agglomération,Intersection en X,Normale,Deux véhicules - côté,,,,,,,,,,,1,2,2,1,3
200600021148,0006-04-05 13:25:00,6,4,5,13,25,740,10,PARMELAN,,,Plein jour,En agglomération,Intersection en T,Normale,Deux véhicules - côté,,,,,,,,,,,1,2,3,1,3
200600021149,0006-04-07 13:20:00,6,4,7,13,20,740,93,POISY (V.R.U.),,,Plein jour,Hors agglomération,Hors intersection,Normale,Autre collision,,,,,,,,,,,1,1,1,1,6
200600021150,0006-04-08 15:05:00,6,4,8,15,5,740,10,FRANCE (AVENUE)(SECTEUR,,,Plein jour,En agglomération,Intersection en X,Normale,Autre collision,,,,,,,,,,,1,2,2,1,6
200600021151,0006-04-18 22:02:00,6,4,18,22,2,740,10,TRESUM (AVENUE DE),,,Nuit avec éclairage allumé,En agglomération,Hors intersection,Normale,Deux véhicules - côté,,,,,,,,,,,5,2,1,1,3
200600021152,0006-04-21 19:35:00,6,4,21,19,35,740,10,"2, BROGNY (AVENUE DE) (S",,,Plein jour,En agglomération,Hors intersection,Normale,Autre collision,,,,,,,,,,,1,2,1,1,6
200600021153,0006-04-24 00:40:00,6,4,24,0,40,740,10,RHONE (AVENUE DU),,,Nuit avec éclairage allumé,En agglomération,Intersection en X,Normale,Autre collision,,,,,,,,,,,5,2,2,1,6
200600021154,0006-04-08 17:20:00,6,4,8,17,20,740,281,"0, CHAMP BOCHARD (AVENUE",,,Plein jour,En agglomération,Intersection en T,Normale,Deux véhicules - arrière,,,,,,,,,,,1,2,3,1,2
200600021155,0006-04-27 21:45:00,6,4,27,21,45,740,281,"0, CORNICHE (BD DE LA) I",,,Nuit avec éclairage allumé,En agglomération,Hors intersection,Normale,Autre collision,,,,,,,,,,,5,2,1,1,6
200600021156,0006-04-07 18:00:00,6,4,7,18,0,750,1,R SAINT HONORE R SAINT R,,,Plein jour,En agglomération,Intersection en T,Normale,Autre collision,,,,,,,,,,,1,2,3,1,6
200600021157,0006-04-02 09:30:00,6,4,2,9,30,750,18,R PAJOL R RIQUET,,,Plein jour,En agglomération,Intersection en X,Normale,Deux véhicules - côté,,,,,,,,,,,1,2,2,1,3
200600021158,0006-04-03 04:25:00,6,4,3,4,25,750,16,67 BD EXELMANS,,,Nuit avec éclairage allumé,En agglomération,Hors intersection,Normale,Autre collision,,,,,,,,,,,5,2,1,1,6
200600021159,0006-04-03 15:30:00,6,4,3,15,30,750,11,R LACHARRIERE BD VOLTAIR,,,Plein jour,En agglomération,Intersection en T,Normale,Deux véhicules - côté,,,,,,,,,,,1,2,3,1,3
200600021160,0006-04-04 09:58:00,6,4,4,9,58,750,13,Q D AUSTERLITZ PT CH DE,,,Plein jour,En agglomération,Intersection en T,Normale,Autre collision,,,,,,,,,,,1,2,3,1,6
200600021161,0006-04-04 11:30:00,6,4,4,11,30,750,17,IMP CHALABRE AV DE CLICH,,,Plein jour,En agglomération,Intersection en T,Normale,Autre collision,,,,,,,,,,,1,2,3,1,6
200600021162,0006-04-05 09:20:00,6,4,5,9,20,750,1,42 R DU LOUVRE,,,Plein jour,En agglomération,Hors intersection,Normale,Autre collision,,,,,,,,,,,1,2,1,1,6
200600021163,0006-04-01 11:00:00,6,4,1,11,0,750,13,ECH ITALIE AV PORTE D IT,,,Plein jour,En agglomération,Intersection en T,Normale,Deux véhicules - côté,,,,,,,,,,,1,2,3,1,3
200600021164,0006-04-20 12:00:00,6,4,20,12,0,750,13,R DUMERIL BD DE L HOPITA,,,Plein jour,En agglomération,Intersection en T,Normale,Deux véhicules - arrière,,,,,,,,,,,1,2,3,1,2
200600021165,0006-04-05 14:35:00,6,4,5,14,35,750,17,16 R JOUFFR D ABBANS,,,Plein jour,En agglomération,Hors intersection,Normale,Sans collision,,,,,,,,,,,1,2,1,1,7
200600021166,0006-04-06 10:40:00,6,4,6,10,40,750,4,12 Q DE GESVRES,,,Plein jour,En agglomération,Hors intersection,Normale,Autre collision,,,,,,,,,,,1,2,1,1,6
200600021167,0006-04-04 13:45:00,6,4,4,13,45,750,13,AV D ITALIE R MOULIN LA,,,Plein jour,En agglomération,Intersection en Y,Normale,Autre collision,,,,,,,,,,,1,2,4,1,6
200600021168,0006-04-03 17:45:00,6,4,3,17,45,750,7,6 BD DES INVALIDES,,,Plein jour,En agglomération,Hors intersection,Normale,Deux véhicules - côté,,,,,,,,,,,1,2,1,1,3
200600021169,0006-04-06 15:20:00,6,4,6,15,20,750,11,4 AV DE LA REPUBLIQUE,,,Plein jour,En agglomération,Hors intersection,Normale,Sans collision,,,,,,,,,,,1,2,1,1,7
200600021170,0006-04-03 19:00:00,6,4,3,19,0,750,14,BD ARAGO PL DENF ROCHERE,,,Crépuscule ou aube,En agglomération,Intersection en T,Normale,Deux véhicules - arrière,,,,,,,,,,,2,2,3,1,2
200600021171,0006-04-03 06:45:00,6,4,3,6,45,750,15,R DE L EGLISE R DE LOURM,,,Nuit avec éclairage allumé,En agglomération,Intersection en X,Normale,Autre collision,,,,,,,,,,,5,2,2,1,6
200600021172,0006-04-06 19:20:00,6,4,6,19,20,750,19,114 BD MAC DONALD,,,Plein jour,En agglomération,Hors intersection,Normale,Deux véhicules - côté,,,,,,,,,,,1,2,1,1,3
200600021173,0006-04-07 16:05:00,6,4,7,16,5,750,8,R LA BOETIE AV DELCASSE,,,Plein jour,En agglomération,Intersection en X,Normale,Deux véhicules - côté,,,,,,,,,,,1,2,2,1,3
200600021174,0006-04-08 06:40:00,6,4,8,6,40,750,8,AV F ROOSEVELT R P CHAMP,,,Plein jour,En agglomération,Intersection en X,Normale,Autre collision,,,,,,,,,,,1,2,2,1,6
200600021175,0006-04-08 17:50:00,6,4,8,17,50,750,7,Q D ORSAY R SURCOUF,,,Plein jour,En agglomération,Intersection en T,Normale,Deux véhicules - arrière,,,,,,,,,,,1,2,3,1,2
200600021176,0006-04-08 19:00:00,6,4,8,19,0,750,20,R LOUIS LUMIERE,,,Plein jour,En agglomération,Hors intersection,Normale,Deux véhicules - côté,,,,,,,,,,,1,2,1,1,3
200600021177,0006-04-08 19:45:00,6,4,8,19,45,750,15,PL INSURGES DE VARS AV P,,,Plein jour,En agglomération,Intersection en T,Normale,Deux véhicules - côté,,,,,,,,,,,1,2,3,1,3
200600021178,0006-04-09 03:40:00,6,4,9,3,40,750,4,R FRANCOIS MIRON R PONT,,,Nuit avec éclairage allumé,En agglomération,Intersection en X,Normale,Deux véhicules - côté,,,,,,,,,,,5,2,2,1,3
200600021179,0006-04-09 16:20:00,6,4,9,16,20,750,12,L9923 AV DAUMESNIL,,,Plein jour,En agglomération,Hors intersection,Normale,Deux véhicules - côté,,,,,,,,,,,1,2,1,1,3
200600021180,0006-04-09 16:20:00,6,4,9,16,20,750,17,BD MALESHERBES R VIETE,,,Plein jour,En agglomération,Intersection en T,Normale,Deux véhicules - côté,,,,,,,,,,,1,2,3,1,3
200600021181,0006-04-10 00:55:00,6,4,10,0,55,750,16,5 AV GENERAL SARRAIL,,,Nuit avec éclairage allumé,En agglomération,Hors intersection,Normale,Autre collision,,,,,,,,,,,5,2,1,1,6
200600021182,0006-04-03 09:22:00,6,4,3,9,22,750,18,R CAULAINCOURT R TOURLAQ,,,Plein jour,En agglomération,Intersection en X,Normale,Autre collision,,,,,,,,,,,1,2,2,1,6
200600021183,0006-04-03 17:35:00,6,4,3,17,35,750,15,52 R MADEMOISELLE,,,Plein jour,En agglomération,Hors intersection,Normale,Autre collision,,,,,,,,,,,1,2,1,1,6
200600021184,0006-04-10 11:40:00,6,4,10,11,40,750,6,PL PAUL CLAUDEL R DE VAU,,,Plein jour,En agglomération,Intersection en X,Normale,Trois véhicules et plus - en chaîne,,,,,,,,,,,1,2,2,1,4
200600021185,0006-04-10 20:30:00,6,4,10,20,30,750,5,63 BD SAINT MICHEL,,,Plein jour,En agglomération,Hors intersection,Normale,Autre collision,,,,,,,,,,,1,2,1,1,6
200600021186,0006-04-11 02:20:00,6,4,11,2,20,750,12,RTE DAUPHINE,,,Nuit avec éclairage allumé,En agglomération,Hors intersection,Normale,Autre collision,,,,,,,,,,,5,2,1,1,6
200600021187,0006-04-11 05:40:00,6,4,11,5,40,750,18,BPI SAINT OUEN CLIGNANCO,,,Nuit avec éclairage allumé,En agglomération,Intersection en Y,Normale,Autre collision,,,,,,,,,,,5,2,4,1,6
200600021188,0006-04-11 12:30:00,6,4,11,12,30,750,8,8 R DE MONCEAU,,,Plein jour,En agglomération,Hors intersection,Normale,Autre collision,,,,,,,,,,,1,2,1,1,6
200600021189,0006-04-01 07:30:00,6,4,1,7,30,750,7,R DU CHAMP DE MARS AV LA,,,Plein jour,En agglomération,Intersection en Y,Pluie légère,Deux véhicules - arrière,,,,,,,,,,,1,2,4,2,2
200600021190,0006-04-01 11:30:00,6,4,1,11,30,750,12,L10059 RTE CEINTURE DU L,,,Plein jour,En agglomération,Hors intersection,Normale,Deux véhicules - côté,,,,,,,,,,,1,2,1,1,3
200600021191,0006-04-01 09:05:00,6,4,1,9,5,750,12,198 R FG SAINT ANTOINE,,,Plein jour,En agglomération,Hors intersection,Normale,Deux véhicules - arrière,,,,,,,,,,,1,2,1,1,2
200600021192,0006-04-01 14:15:00,6,4,1,14,15,750,14,AV PORTE D ORLEANS,,,Plein jour,En agglomération,Hors intersection,Normale,Autre collision,,,,,,,,,,,1,2,1,1,6
200600021193,0006-04-01 05:05:00,6,4,1,5,5,750,15,32 BD DE VAUGIRARD,,,Nuit avec éclairage allumé,En agglomération,Hors intersection,Pluie légère,Deux véhicules - arrière,,,,,,,,,,,5,2,1,2,2
200600021194,0006-04-01 22:10:00,6,4,1,22,10,750,16,AV FOCH AV RAYMOND POINC,,,Nuit avec éclairage allumé,En agglomération,Intersection en X,Normale,Deux véhicules - côté,,,,,,,,,,,5,2,2,1,3
200600021195,0006-04-01 14:00:00,6,4,1,14,0,750,16,1 AV GENERAL SARRAIL,,,Plein jour,En agglomération,Hors intersection,Normale,Autre collision,,,,,,,,,,,1,2,1,1,6
200600021196,0006-04-01 22:10:00,6,4,1,22,10,750,16,92 AV RAYMOND POINCARE,,,Nuit avec éclairage allumé,En agglomération,Hors intersection,Normale,Autre collision,,,,,,,,,,,5,2,1,1,6
200600021197,0006-04-01 23:50:00,6,4,1,23,50,750,16,AV DE LAMBALLE AV DU PDT,,,Nuit avec éclairage allumé,En agglomération,Intersection à plus de 4 branches,Normale,Deux véhicules - côté,,,,,,,,,,,5,2,5,1,3
200600021198,0006-04-01 13:50:00,6,4,1,13,50,750,17,R DE L ETOILE AV MAC MAH,,,Plein jour,En agglomération,Intersection en Y,Pluie légère,Autre collision,,,,,,,,,,,1,2,4,2,6
200600021199,0006-04-12 10:50:00,6,4,12,10,50,750,4,R DU RENARD R DE LA VERR,,,Plein jour,En agglomération,Intersection en X,Normale,Autre collision,,,,,,,,,,,1,2,2,1,6
200600021200,0006-04-01 13:45:00,6,4,1,13,45,750,17,R CARDINET BD MALESHERBE,,,Plein jour,En agglomération,Intersection en X,Pluie légère,Sans collision,,,,,,,,,,,1,2,2,2,7
200600021201,0006-04-01 22:40:00,6,4,1,22,40,750,18,R DUC R DU MONT CENIS,,,Nuit avec éclairage allumé,En agglomération,Intersection en X,Normale,Autre collision,,,,,,,,,,,5,2,2,1,6
200600021202,0006-04-01 18:05:00,6,4,1,18,5,750,18,BD BARBES R MARCADET,,,Plein jour,En agglomération,Intersection en X,Normale,Autre collision,,,,,,,,,,,1,2,2,1,6
200600021203,0006-04-01 16:45:00,6,4,1,16,45,750,18,R DAMREMONT R LAMARCK,,,Plein jour,En agglomération,Intersection en X,Normale,Autre collision,,,,,,,,,,,1,2,2,1,6
200600021204,0006-04-02 16:00:00,6,4,2,16,0,750,9,36 R DE DOUAI,,,Plein jour,En agglomération,Hors intersection,Normale,Deux véhicules - côté,,,,,,,,,,,1,2,1,1,3
200600021205,0006-04-02 03:30:00,6,4,2,3,30,750,9,R LAMARTINE R DES MARTYR,,,Nuit avec éclairage allumé,En agglomération,Intersection à plus de 4 branches,Normale,Autre collision,,,,,,,,,,,5,2,5,1,6
200600021206,0006-04-02 00:45:00,6,4,2,0,45,750,11,162 BD  VOLTAIRE,,,Nuit avec éclairage allumé,En agglomération,Hors intersection,Normale,Deux véhicules - arrière,,,,,,,,,,,5,2,1,1,2
200600021207,0006-04-02 09:45:00,6,4,2,9,45,750,12,RTE DE LA PYRAMIDE ESP S,,,Plein jour,En agglomération,Intersection en X,Pluie légère,Autre collision,,,,,,,,,,,1,2,2,2,6
200600021208,0006-04-02 16:40:00,6,4,2,16,40,750,16,AV VICTOR HUGO PL VICTOR,,,Plein jour,En agglomération,Intersection en T,Normale,Deux véhicules - côté,,,,,,,,,,,1,2,3,1,3
200600021209,0006-04-02 19:22:00,6,4,2,19,22,750,18,32 AV PTE CLIGNANCOURT,,,Nuit avec éclairage allumé,En agglomération,Hors intersection,Normale,Autre collision,,,,,,,,,,,5,2,1,1,6
200600021210,0006-04-02 12:50:00,6,4,2,12,50,750,18,24 R ORDENER,,,Plein jour,En agglomération,Hors intersection,Normale,Autre collision,,,,,,,,,,,1,2,1,1,6
200600021211,0006-04-08 07:48:00,6,4,8,7,48,750,19,ECH PANTIN,,,Plein jour,En agglomération,Hors intersection,Normale,Autre collision,,,,,,,,,,,1,2,1,1,6
200600021212,0006-04-07 10:24:00,6,4,7,10,24,750,13,38 BD DE L HOPITAL,,,Plein jour,En agglomération,Hors intersection,Normale,Autre collision,,,,,,,,,,,1,2,1,1,6
200600021213,0006-04-07 13:15:00,6,4,7,13,15,750,19,SOU PANTIN VILLETTE,,,Plein jour,En agglomération,Hors intersection,Normale,Autre collision,,,,,,,,,,,1,2,1,1,6
200600021214,0006-04-12 15:10:00,6,4,12,15,10,750,3,48 R DE TURBIGO,,,Plein jour,En agglomération,Hors intersection,Normale,Autre collision,,,,,,,,,,,1,2,1,1,6
200600021215,0006-04-06 18:00:00,6,4,6,18,0,750,1,50 R DU LOUVRE,,,Plein jour,En agglomération,Hors intersection,Normale,Deux véhicules - côté,,,,,,,,,,,1,2,1,1,3
200600021216,0006-04-13 04:50:00,6,4,13,4,50,750,4,BD BOURDON PT MORLAND,,,Nuit avec éclairage allumé,En agglomération,Intersection en Y,Normale,Deux véhicules - côté,,,,,,,,,,,5,2,4,1,3
200600021217,0006-04-06 17:00:00,6,4,6,17,0,750,3,PL DE LA REPUBLIQUE BD S,,,Plein jour,En agglomération,Intersection en T,Normale,Autre collision,,,,,,,,,,,1,2,3,1,6
200600021218,0006-04-13 18:20:00,6,4,13,18,20,750,11,R LEON FROT BD VOLTAIRE,,,Plein jour,En agglomération,Intersection en Y,Normale,Deux véhicules - côté,,,,,,,,,,,1,2,4,1,3
200600021219,0006-04-13 18:50:00,6,4,13,18,50,750,16,R BENJ FRANKLIN AV PAUL,,,Plein jour,En agglomération,Intersection en Y,Normale,Deux véhicules - arrière,,,,,,,,,,,1,2,4,1,2
200600021220,0006-04-01 10:15:00,6,4,1,10,15,750,5,R CUVIER Q SAINT BERNARD,,,Plein jour,En agglomération,Intersection en T,Normale,Autre collision,,,,,,,,,,,1,2,3,1,6
200600021221,0006-04-01 03:40:00,6,4,1,3,40,750,5,BD SAINT GERMAIN R SAINT,,,Nuit avec éclairage allumé,En agglomération,Intersection en X,Normale,Deux véhicules - côté,,,,,,,,,,,5,2,2,1,3
200600021222,0006-04-01 16:50:00,6,4,1,16,50,750,6,102 R DE RENNES,,,Plein jour,En agglomération,Hors intersection,Neige / grêle,Autre collision,,,,,,,,,,,1,2,1,4,6
200600021223,0006-04-01 07:15:00,6,4,1,7,15,750,10,R FG SAINT DENIS R DES D,,,Crépuscule ou aube,En agglomération,Intersection en T,Normale,Autre collision,,,,,,,,,,,2,2,3,1,6
200600021224,0006-04-14 10:05:00,6,4,14,10,5,750,17,10 R CURNONSKY,,,Plein jour,En agglomération,Hors intersection,Normale,Autre collision,,,,,,,,,,,1,2,1,1,6
200600021225,0006-04-01 12:15:00,6,4,1,12,15,750,12,40 R TAINE,,,Plein jour,En agglomération,Hors intersection,Normale,Deux véhicules - frontale,,,,,,,,,,,1,2,1,1,1
200600021226,0006-04-01 15:10:00,6,4,1,15,10,750,20,100  R DE LAGNY,,,Plein jour,En agglomération,Hors intersection,Pluie légère,Deux véhicules - côté,,,,,,,,,,,1,2,1,2,3
200600021227,0006-04-02 20:55:00,6,4,2,20,55,750,12,56 AV GEN MICHEL BIZOT,,,Nuit avec éclairage allumé,En agglomération,Hors intersection,Normale,Deux véhicules - côté,,,,,,,,,,,5,2,1,1,3
200600021228,0006-04-03 10:15:00,6,4,3,10,15,750,16,PL DE BARCELONE R DE REM,,,Plein jour,En agglomération,Intersection en X,Normale,Autre collision,,,,,,,,,,,1,2,2,1,6
200600021229,0006-04-03 19:40:00,6,4,3,19,40,750,16,RTE DES MOULINS RTE DE S,,,Plein jour,En agglomération,Intersection en X,Normale,Deux véhicules - côté,,,,,,,,,,,1,2,2,1,3
200600021230,0006-04-03 19:05:00,6,4,3,19,5,750,14,R DELAMBRE BD EDGAR QUIN,,,Plein jour,En agglomération,Intersection à plus de 4 branches,Normale,Autre collision,,,,,,,,,,,1,2,5,1,6
200600021231,0006-04-03 13:45:00,6,4,3,13,45,750,10,Q DE JEMMAPES R DU FG DU,,,Plein jour,En agglomération,Intersection en X,Normale,Deux véhicules - arrière,,,,,,,,,,,1,2,2,1,2
200600021232,0006-04-03 17:38:00,6,4,3,17,38,750,6,PL EDMOND ROSTAND BD SAI,,,Plein jour,En agglomération,Intersection en X,Normale,Autre collision,,,,,,,,,,,1,2,2,1,6
200600021233,0006-04-03 17:55:00,6,4,3,17,55,750,9,R DE DUNKERQUE BD DE ROC,,,Plein jour,En agglomération,Intersection en Y,Normale,Deux véhicules - côté,,,,,,,,,,,1,2,4,1,3
200600021234,0006-04-03 11:45:00,6,4,3,11,45,750,4,14 R DE TURENNE,,,Plein jour,En agglomération,Hors intersection,Normale,Autre collision,,,,,,,,,,,1,2,1,1,6
200600021235,0006-04-03 18:00:00,6,4,3,18,0,750,1,R AMIRAL COLIGNY PL DU L,,,Plein jour,En agglomération,Intersection en X,Normale,Autre collision,,,,,,,,,,,1,2,2,1,6
200600021236,0006-04-03 13:05:00,6,4,3,13,5,750,4,R DE LA CERISAIE BD HENR,,,Plein jour,En agglomération,Intersection en X,Normale,Autre collision,,,,,,,,,,,1,2,2,1,6
200600021237,0006-04-03 12:03:00,6,4,3,12,3,750,1,Q DE LA MEGISSERIE R DE,,,Plein jour,En agglomération,Intersection en T,Normale,Deux véhicules - côté,,,,,,,,,,,1,2,3,1,3
200600021238,0006-04-15 02:10:00,6,4,15,2,10,750,12,BD DE LA BASTILLE Q DE L,,,Nuit avec éclairage allumé,En agglomération,Intersection en T,Normale,Deux véhicules - côté,,,,,,,,,,,5,2,3,1,3
200600021239,0006-04-15 05:40:00,6,4,15,5,40,750,18,66 BD ORNANO,,,Nuit avec éclairage allumé,En agglomération,Hors intersection,Normale,Autre collision,,,,,,,,,,,5,2,1,1,6
200600021240,0006-04-15 13:40:00,6,4,15,13,40,750,13,R DESS DES BERGES R DE T,,,Plein jour,En agglomération,Intersection en X,Pluie légère,Autre collision,,,,,,,,,,,1,2,2,2,6
200600021241,0006-04-15 17:00:00,6,4,15,17,0,750,18,27 BD NEY,,,Plein jour,En agglomération,Hors intersection,Normale,Deux véhicules - côté,,,,,,,,,,,1,2,1,1,3
200600021242,0006-04-16 03:35:00,6,4,16,3,35,750,4,VERD PT NOTRE DAME PT D,,,Nuit avec éclairage allumé,En agglomération,Hors intersection,Normale,Autre collision,,,,,,,,,,,5,2,1,1,6
200600021243,0006-04-17 19:10:00,6,4,17,19,10,750,15,BD PASTEUR BD DE VAUGIRA,,,Plein jour,En agglomération,Intersection en T,Normale,Autre collision,,,,,,,,,,,1,2,3,1,6
200600021244,0006-04-18 17:35:00,6,4,18,17,35,750,16,BPE AUTEUIL MOLITOR,,,Plein jour,En agglomération,Hors intersection,Normale,Trois véhicules et plus - en chaîne,,,,,,,,,,,1,2,1,1,4
200600021245,0006-04-18 23:40:00,6,4,18,23,40,750,8,134 BD HAUSSMANN,,,Nuit avec éclairage allumé,En agglomération,Hors intersection,Normale,Autre collision,,,,,,,,,,,5,2,1,1,6
200600021246,0006-04-04 21:25:00,6,4,4,21,25,750,1,242 R DE RIVOLI,,,Nuit avec éclairage allumé,En agglomération,Hors intersection,Normale,Trois véhicules et plus - en chaîne,,,,,,,,,,,5,2,1,1,4
200600021247,0006-04-04 20:50:00,6,4,4,20,50,750,2,R ETIENNE MARCEL R DU LO,,,Nuit avec éclairage allumé,En agglomération,Intersection en X,Normale,Deux véhicules - côté,,,,,,,,,,,5,2,2,1,3
200600021248,0006-04-04 12:50:00,6,4,4,12,50,750,3,R REAUMUR R VAUCANSON,,,Plein jour,En agglomération,Intersection à plus de 4 branches,Normale,Deux véhicules - côté,,,,,,,,,,,1,2,5,1,3
200600021249,0006-04-04 08:26:00,6,4,4,8,26,750,4,2  R SAINT ANTOINE,,,Plein jour,En agglomération,Hors intersection,Normale,Autre collision,,,,,,,,,,,1,2,1,1,6
200600021250,0006-04-04 20:50:00,6,4,4,20,50,750,8,PL BEAUVAU R DE MIROMESN,,,Nuit avec éclairage allumé,En agglomération,Intersection en X,Normale,Trois véhicules et plus - en chaîne,,,,,,,,,,,5,2,2,1,4
200600021251,0006-04-04 12:10:00,6,4,4,12,10,750,9,R HALEVY PL DE L OPERA,,,Plein jour,En agglomération,Intersection en T,Normale,Autre collision,,,,,,,,,,,1,2,3,1,6
200600021252,0006-04-04 10:05:00,6,4,4,10,5,750,12,AV DES MINIMES ESP SAINT,,,Plein jour,En agglomération,Intersection en X,Normale,Deux véhicules - côté,,,,,,,,,,,1,2,2,1,3
200600021253,0006-04-04 12:09:00,6,4,4,12,9,750,12,L13655 Q DE BERCY,,,Plein jour,En agglomération,Hors intersection,Normale,Deux véhicules - arrière,,,,,,,,,,,1,2,1,1,2
200600021254,0006-04-04 08:55:00,6,4,4,8,55,750,12,R DE BERCY PL LACHAMBEAU,,,Plein jour,En agglomération,Intersection en X,Normale,Deux véhicules - côté,,,,,,,,,,,1,2,2,1,3
200600021255,0006-04-04 16:10:00,6,4,4,16,10,750,15,150 AV EMILE ZOLA,,,Plein jour,En agglomération,Hors intersection,Normale,Deux véhicules - côté,,,,,,,,,,,1,2,1,1,3
200600021256,0006-04-04 19:55:00,6,4,4,19,55,750,15,42 R DU HAMEAU,,,Nuit avec éclairage allumé,En agglomération,Hors intersection,Normale,Autre collision,,,,,,,,,,,5,2,1,1,6
200600021257,0006-04-04 11:55:00,6,4,4,11,55,750,17,R EUGENE FLACHAT PL PAUL,,,Plein jour,En agglomération,Intersection en T,Normale,Sans collision,,,,,,,,,,,1,2,3,1,7
200600021258,0006-04-04 20:45:00,6,4,4,20,45,750,17,106 AV DE SAINT OUEN,,,Plein jour,En agglomération,Hors intersection,Normale,Deux véhicules - côté,,,,,,,,,,,1,2,1,1,3
200600021259,0006-04-04 08:30:00,6,4,4,8,30,750,18,R J DE MAISTRE R TOURLAQ,,,Plein jour,En agglomération,Intersection en Y,Normale,Autre collision,,,,,,,,,,,1,2,4,1,6
200600021260,0006-04-04 11:45:00,6,4,4,11,45,750,19,25 R MANIN,,,Plein jour,En agglomération,Hors intersection,Normale,Autre collision,,,,,,,,,,,1,2,1,1,6
200600021261,0006-04-04 09:05:00,6,4,4,9,5,750,19,ECH VILLETTE BPI AUBERVI,,,Plein jour,En agglomération,Intersection en T,Normale,Autre collision,,,,,,,,,,,1,2,3,1,6
200600021262,0006-04-04 14:30:00,6,4,4,14,30,750,20,BD MORTIER,,,Plein jour,En agglomération,Hors intersection,Normale,Trois véhicules et plus - en chaîne,,,,,,,,,,,1,2,1,1,4
200600021263,0006-04-01 17:25:00,6,4,1,17,25,750,13,BPI IVRY ITALIE,,,Plein jour,En agglomération,Hors intersection,Pluie forte,Trois véhicules et plus - en chaîne,,,,,,,,,,,1,2,1,3,4
200600021264,0006-04-01 15:00:00,6,4,1,15,0,750,16,BPE PASSY AUTEUIL,,,Plein jour,En agglomération,Hors intersection,Normale,Trois véhicules et plus - en chaîne,,,,,,,,,,,1,2,1,1,4
200600021265,0006-04-02 05:15:00,6,4,2,5,15,750,13,BPI  IVRY ITALIE,,,Nuit avec éclairage allumé,En agglomération,Hors intersection,Normale,Autre collision,,,,,,,,,,,5,2,1,1,6
200600021266,0006-04-02 20:10:00,6,4,2,20,10,750,18,76 R DE LA CHAPELLE,,,Nuit avec éclairage allumé,En agglomération,Hors intersection,Normale,Autre collision,,,,,,,,,,,5,2,1,1,6
200600021267,0006-04-03 14:00:00,6,4,3,14,0,750,12,R DE FECAMP R DE WATTIGN,,,Plein jour,En agglomération,Intersection en X,Normale,Sans collision,,,,,,,,,,,1,2,2,1,7
200600021268,0006-04-03 12:25:00,6,4,3,12,25,750,18,22 R CAULAINCOURT,,,Plein jour,En agglomération,Hors intersection,Normale,Deux véhicules - côté,,,,,,,,,,,1,2,1,1,3
200600021269,0006-04-04 16:55:00,6,4,4,16,55,750,5,R FOSS ST BERNARD R JUSS,,,Plein jour,En agglomération,Intersection en T,Normale,Deux véhicules - côté,,,,,,,,,,,1,2,3,1,3
200600021270,0006-04-04 20:25:00,6,4,4,20,25,750,10,152 AV PARMENTIER,,,Nuit avec éclairage allumé,En agglomération,Hors intersection,Normale,Autre collision,,,,,,,,,,,5,2,1,1,6
200600021271,0006-04-05 10:20:00,6,4,5,10,20,750,1,R DE MARENGO R DE RIVOLI,,,Plein jour,En agglomération,Intersection en T,Normale,Deux véhicules - côté,,,,,,,,,,,1,2,3,1,3
200600021272,0006-04-05 12:10:00,6,4,5,12,10,750,3,52 R FRANCS BOURGEOIS,,,Plein jour,En agglomération,Hors intersection,Normale,Sans collision,,,,,,,,,,,1,2,1,1,7
200600021273,0006-04-05 03:50:00,6,4,5,3,50,750,9,32 R VICTOR MASSE,,,Nuit avec éclairage allumé,En agglomération,Hors intersection,Normale,Autre collision,,,,,,,,,,,5,2,1,1,6
200600021274,0006-04-05 16:30:00,6,4,5,16,30,750,10,R RENE BOULANGER R TAYLO,,,Plein jour,En agglomération,Intersection en T,Normale,Deux véhicules - côté,,,,,,,,,,,1,2,3,1,3