accident_id,datetime,annee,mois,jour,heure,minute,departement,commune_insee,adresse,latitude,longitude,luminosite,agglomeration,intersection,meteo,collision,nb_vehicules,nb_usagers,nb_indemnes,nb_tues,nb_blesses_hosp,nb_blesses_legers,age_cond_1,age_cond_2,veh_type_cond_1,veh_type_cond_2,lum_code,agg_code,int_code,atm_code,col_code
200600021543,0006-04-08 13:30:00,6,4,8,13,30,750,12,BPE CHARENTON DOREE,,,Plein jour,En agglomération,Hors intersection,Normale,Trois véhicules et plus - en chaîne,,,,,,,,,,,1,2,1,1,4
200600021544,0006-04-08 08:35:00,6,4,8,8,35,750,12,ECH BERCY,,,Plein jour,En agglomération,Hors intersection,Normale,Sans collision,,,,,,,,,,,1,2,1,1,7
200600021545,0006-04-08 13:50:00,6,4,8,13,50,750,17,BPI CLICHY SAINT OUEN,,,Plein jour,En agglomération,Hors intersection,Normale,Deux véhicules - arrière,,,,,,,,,,,1,2,1,1,2
200600021546,0006-04-11 08:35:00,6,4,11,8,35,750,14,BPI ORLEANS CHATILLON,,,Plein jour,En agglomération,Hors intersection,Normale,Deux véhicules - côté,,,,,,,,,,,1,2,1,1,3
200600021547,0006-04-23 17:10:00,6,4,23,17,10,750,18,30 R CUGNOT,,,Plein jour,En agglomération,Hors intersection,Pluie légère,Autre collision,,,,,,,,,,,1,2,1,2,6
200600021548,0006-04-23 02:10:00,6,4,23,2,10,750,19,BPE PANTIN VILLETTE,,,Nuit avec éclairage allumé,En agglomération,Hors intersection,Normale,Autre collision,,,,,,,,,,,5,2,1,1,6
200600021549,0006-04-21 17:50:00,6,4,21,17,50,750,19,16 AV LAUMIERE,,,Plein jour,En agglomération,Hors intersection,Normale,Deux véhicules - côté,,,,,,,,,,,1,2,1,1,3
200600021550,0006-04-21 09:20:00,6,4,21,9,20,750,19,R EUGENE JUMIN AV JEAN J,,,Plein jour,En agglomération,Intersection en T,Normale,Deux véhicules - côté,,,,,,,,,,,1,2,3,1,3
200600021551,0006-04-21 22:10:00,6,4,21,22,10,750,4,2 PL DU CHATELET,,,Nuit avec éclairage allumé,En agglomération,Hors intersection,Normale,Deux véhicules - côté,,,,,,,,,,,5,2,1,1,3
200600021552,0006-04-21 09:15:00,6,4,21,9,15,750,3,86 R DES GRAVILLIERS,,,Plein jour,En agglomération,Hors intersection,Normale,Autre collision,,,,,,,,,,,1,2,1,1,6
200600021553,0006-04-21 17:05:00,6,4,21,17,5,750,13,236 R DE TOLBIAC,,,Plein jour,En agglomération,Hors intersection,Normale,Autre collision,,,,,,,,,,,1,2,1,1,6
200600021554,0006-04-21 15:50:00,6,4,21,15,50,750,13,68 AV DES GOBELINS,,,Plein jour,En agglomération,Hors intersection,Normale,Autre collision,,,,,,,,,,,1,2,1,1,6
200600021555,0006-04-21 22:20:00,6,4,21,22,20,750,13,20 R CAILLAUX,,,Nuit avec éclairage allumé,En agglomération,Hors intersection,Normale,Autre collision,,,,,,,,,,,5,2,1,1,6
200600021556,0006-04-21 18:25:00,6,4,21,18,25,750,15,SOU CITROEN CEVENNES,,,Plein jour,En agglomération,Hors intersection,Normale,Deux véhicules - côté,,,,,,,,,,,1,2,1,1,3
200600021557,0006-04-21 01:10:00,6,4,21,1,10,750,18,R DE LA CHAPELLE  R DES,,,Nuit avec éclairage allumé,En agglomération,Intersection en T,Normale,Deux véhicules - côté,,,,,,,,,,,5,2,3,1,3
200600021558,0006-04-22 23:30:00,6,4,22,23,30,750,1,204 R DE RIVOLI,,,Nuit avec éclairage allumé,En agglomération,Hors intersection,Normale,Deux véhicules - arrière,,,,,,,,,,,5,2,1,1,2
200600021559,0006-04-22 17:40:00,6,4,22,17,40,750,8,2 AV F ROOSEVELT,,,Plein jour,En agglomération,Hors intersection,Normale,Deux véhicules - côté,,,,,,,,,,,1,2,1,1,3
200600021560,0006-04-23 00:30:00,6,4,23,0,30,750,5,BD SAINT GERMAIN R SAINT,,,Nuit avec éclairage allumé,En agglomération,Intersection en T,Normale,Deux véhicules - côté,,,,,,,,,,,5,2,3,1,3
200600021561,0006-04-23 07:58:00,6,4,23,7,58,750,6,BD DU MONTPARNASSE  R DE,,,Plein jour,En agglomération,Intersection en X,Normale,Deux véhicules - côté,,,,,,,,,,,1,2,2,1,3
200600021562,0006-04-22 11:00:00,6,4,22,11,0,750,11,R DU FG DU TEMPLE R DE M,,,Plein jour,En agglomération,Intersection en X,Normale,Autre collision,,,,,,,,,,,1,2,2,1,6
200600021563,0006-04-23 17:45:00,6,4,23,17,45,750,7,PT DE LA CONCORDE Q D OR,,,Plein jour,En agglomération,Intersection en T,Pluie légère,Trois véhicules et plus - en chaîne,,,,,,,,,,,1,2,3,2,4
200600021564,0006-04-23 13:40:00,6,4,23,13,40,750,8,R FG SAINT HONORE R ROYA,,,Plein jour,En agglomération,Intersection en X,Normale,Deux véhicules - arrière,,,,,,,,,,,1,2,2,1,2
200600021565,0006-04-22 22:00:00,6,4,22,22,0,750,11,R SAINT HUBERT R SAINT M,,,Nuit avec éclairage allumé,En agglomération,Intersection en T,Normale,Autre collision,,,,,,,,,,,5,2,3,1,6
200600021566,0006-04-23 19:20:00,6,4,23,19,20,750,12,PL DE LA BASTILLE R DE L,,,Plein jour,En agglomération,Intersection en T,Pluie légère,Autre collision,,,,,,,,,,,1,2,3,2,6
200600021567,0006-04-22 06:05:00,6,4,22,6,5,750,14,AV DU MAINE R DU MAINE,,,Plein jour,En agglomération,Intersection en X,Normale,Deux véhicules - arrière,,,,,,,,,,,1,2,2,1,2
200600021568,0006-04-22 22:40:00,6,4,22,22,40,750,14,BD BRUNE R DIDOT,,,Nuit avec éclairage allumé,En agglomération,Intersection en X,Normale,Deux véhicules - côté,,,,,,,,,,,5,2,2,1,3
200600021569,0006-04-23 10:15:00,6,4,23,10,15,750,16,CHE CEINTURE LAC SUP,,,Plein jour,En agglomération,Hors intersection,Normale,Autre collision,,,,,,,,,,,1,2,1,1,6
200600021570,0006-04-22 11:10:00,6,4,22,11,10,750,17,R DE COURCELLES BD DE RE,,,Plein jour,En agglomération,Intersection en X,Normale,Deux véhicules - côté,,,,,,,,,,,1,2,2,1,3
200600021571,0006-04-23 08:40:00,6,4,23,8,40,750,17,117 AV DE CLICHY,,,Plein jour,En agglomération,Hors intersection,Normale,Deux véhicules - côté,,,,,,,,,,,1,2,1,1,3
200600021572,0006-04-22 19:20:00,6,4,22,19,20,750,17,PL STUART MERRILL AV DE,,,Plein jour,En agglomération,Intersection en X,Normale,Deux véhicules - côté,,,,,,,,,,,1,2,2,1,3
200600021573,0006-04-23 01:05:00,6,4,23,1,5,750,18,AV DE CLICHY R GANNERON,,,Nuit avec éclairage allumé,En agglomération,Intersection en T,Normale,Deux véhicules - côté,,,,,,,,,,,5,2,3,1,3
200600021574,0006-04-22 19:50:00,6,4,22,19,50,750,19,R REBEVAL BD DE LA VILLE,,,Nuit avec éclairage allumé,En agglomération,Intersection en T,Normale,Deux véhicules - côté,,,,,,,,,,,5,2,3,1,3
200600021575,0006-04-23 21:30:00,6,4,23,21,30,750,19,44 R BOTZARIS,,,Nuit avec éclairage allumé,En agglomération,Hors intersection,Normale,Deux véhicules - côté,,,,,,,,,,,5,2,1,1,3
200600021576,0006-04-23 03:40:00,6,4,23,3,40,750,19,82 AV SIMON BOLIVAR,,,Nuit avec éclairage allumé,En agglomération,Hors intersection,Normale,Deux véhicules - côté,,,,,,,,,,,5,2,1,1,3
200600021577,0006-04-21 10:45:00,6,4,21,10,45,750,8,R DE LISBONNE BD MALESHE,,,Plein jour,En agglomération,Intersection en X,Normale,Deux véhicules - côté,,,,,,,,,,,1,2,2,1,3
200600021578,0006-04-24 13:10:00,6,4,24,13,10,750,1,VERD PT NEUF PT AU CHANG,,,Plein jour,En agglomération,Hors intersection,Normale,Deux véhicules - côté,,,,,,,,,,,1,2,1,1,3
200600021579,0006-04-25 18:20:00,6,4,25,18,20,750,2,BD BONNE NOUVELLE R POIS,,,Plein jour,En agglomération,Intersection en T,Normale,Deux véhicules - côté,,,,,,,,,,,1,2,3,1,3
200600021580,0006-04-25 08:45:00,6,4,25,8,45,750,4,PL DU CHATELET AV VICTOR,,,Plein jour,En agglomération,Intersection en X,Normale,Autre collision,,,,,,,,,,,1,2,2,1,6
200600021581,0006-04-25 08:50:00,6,4,25,8,50,750,5,R SOUFFLOT R VICTOR COUS,,,Plein jour,En agglomération,Intersection en X,Normale,Autre collision,,,,,,,,,,,1,2,2,1,6
200600021582,0006-04-24 10:00:00,6,4,24,10,0,750,4,38 R DE RIVOLI,,,Plein jour,En agglomération,Hors intersection,Normale,Deux véhicules - côté,,,,,,,,,,,1,2,1,1,3
200600021583,0006-04-24 14:00:00,6,4,24,14,0,750,4,Q DE GESVRES R SAINT MAR,,,Plein jour,En agglomération,Intersection en T,Normale,Deux véhicules - côté,,,,,,,,,,,1,2,3,1,3
200600021584,0006-04-24 11:45:00,6,4,24,11,45,750,5,4 BD DU PORT ROYAL,,,Plein jour,En agglomération,Hors intersection,Normale,Sans collision,,,,,,,,,,,1,2,1,1,7
200600021585,0006-04-25 16:20:00,6,4,25,16,20,750,8,AV CHAMPS ELYSES AV GEOR,,,Plein jour,En agglomération,Intersection en Y,Normale,Sans collision,,,,,,,,,,,1,2,4,1,7
200600021586,0006-04-24 15:11:00,6,4,24,15,11,750,6,6 R ANCIENNE COMEDIE,,,Plein jour,En agglomération,Hors intersection,Normale,Autre collision,,,,,,,,,,,1,2,1,1,6
200600021587,0006-04-25 18:30:00,6,4,25,18,30,750,11,52 R FG SAINT ANTOINE,,,Plein jour,En agglomération,Hors intersection,Normale,Trois véhicules et plus - collisions multiples,,,,,,,,,,,1,2,1,1,5
200600021588,0006-04-24 12:25:00,6,4,24,12,25,750,6,PL DU 18 JUIN 1940 R DE,,,Plein jour,En agglomération,Intersection en Y,Normale,Deux véhicules - côté,,,,,,,,,,,1,2,4,1,3
200600021589,0006-04-24 11:00:00,6,4,24,11,0,750,6,6 PL ST GERMAIN PRES,,,Plein jour,En agglomération,Hors intersection,Normale,Autre collision,,,,,,,,,,,1,2,1,1,6
200600021590,0006-04-25 11:25:00,6,4,25,11,25,750,11,R J PIERRE TIMBAULD  BD,,,Plein jour,En agglomération,Intersection en X,Normale,Deux véhicules - côté,,,,,,,,,,,1,2,2,1,3
200600021591,0006-04-24 20:45:00,6,4,24,20,45,750,10,19 BD DE LA CHAPELLE,,,Nuit avec éclairage allumé,En agglomération,Hors intersection,Pluie légère,Sans collision,,,,,,,,,,,5,2,1,2,7
200600021592,0006-04-24 21:27:00,6,4,24,21,27,750,10,97 BD DE LA VILLETTE,,,Nuit avec éclairage allumé,En agglomération,Hors intersection,Pluie forte,Deux véhicules - arrière,,,,,,,,,,,5,2,1,3,2
200600021593,0006-04-25 14:00:00,6,4,25,14,0,750,12,AV PTE DE VINCENNES ECH,,,Plein jour,En agglomération,Intersection en Y,Normale,Autre collision,,,,,,,,,,,1,2,4,1,6
200600021594,0006-04-24 09:30:00,6,4,24,9,30,750,10,PL FRANZ LISZT R LA FAYE,,,Plein jour,En agglomération,Intersection en X,Normale,Autre collision,,,,,,,,,,,1,2,2,1,6
200600021595,0006-04-24 21:00:00,6,4,24,21,0,750,11,R DES BOULETS R FG SAINT,,,Nuit avec éclairage allumé,En agglomération,Intersection en Y,Pluie légère,Deux véhicules - côté,,,,,,,,,,,5,2,4,2,3
200600021596,0006-04-24 12:47:00,6,4,24,12,47,750,11,R DE MALTE R RAMPON,,,Plein jour,En agglomération,Intersection en X,Normale,Autre collision,,,,,,,,,,,1,2,2,1,6
200600021597,0006-04-24 14:30:00,6,4,24,14,30,750,12,66 AV LEDRU ROLLIN,,,Plein jour,En agglomération,Hors intersection,Normale,Deux véhicules - côté,,,,,,,,,,,1,2,1,1,3
200600021598,0006-04-24 20:05:00,6,4,24,20,5,750,13,R CH DES RENTIERS R REGN,,,Plein jour,En agglomération,Intersection en X,Temps couvert,Autre collision,,,,,,,,,,,1,2,2,8,6
200600021599,0006-04-24 21:15:00,6,4,24,21,15,750,13,Q PAN ET LEVASSOR R NEUV,,,Nuit avec éclairage allumé,En agglomération,Intersection en T,Pluie légère,Deux véhicules - côté,,,,,,,,,,,5,2,3,2,3
200600021600,0006-04-24 20:15:00,6,4,24,20,15,750,15,6 R DE L ARRIVEE,,,Plein jour,En agglomération,Hors intersection,Pluie légère,Autre collision,,,,,,,,,,,1,2,1,2,6
200600021601,0006-04-24 22:27:00,6,4,24,22,27,750,15,R DE LA CONVENTION R CRO,,,Nuit avec éclairage allumé,En agglomération,Intersection en X,Pluie légère,Deux véhicules - côté,,,,,,,,,,,5,2,2,2,3
200600021602,0006-04-24 19:54:00,6,4,24,19,54,750,15,R G DE CAILLAVET R ROBER,,,Plein jour,En agglomération,Intersection en X,Pluie légère,Autre collision,,,,,,,,,,,1,2,2,2,6
200600021603,0006-04-24 08:25:00,6,4,24,8,25,750,15,R CROIX NIVERT R LETELLI,,,Plein jour,En agglomération,Intersection en Y,Normale,Autre collision,,,,,,,,,,,1,2,4,1,6
200600021604,0006-04-24 17:30:00,6,4,24,17,30,750,16,AV FOCH R LAURENT PICHAT,,,Plein jour,En agglomération,Intersection en Y,Normale,Autre collision,,,,,,,,,,,1,2,4,1,6
200600021605,0006-04-24 18:30:00,6,4,24,18,30,750,16,R FRANCOIS MILLET AV TH,,,Plein jour,En agglomération,Intersection en T,Normale,Autre collision,,,,,,,,,,,1,2,3,1,6
200600021606,0006-04-24 19:12:00,6,4,24,19,12,750,17,R BROCHANT AV DE CLICHY,,,Plein jour,En agglomération,Intersection en T,Normale,Autre collision,,,,,,,,,,,1,2,3,1,6
200600021607,0006-04-24 14:00:00,6,4,24,14,0,750,17,72 BD BERTHIER,,,Plein jour,En agglomération,Hors intersection,Normale,Deux véhicules - arrière,,,,,,,,,,,1,2,1,1,2
200600021608,0006-04-24 21:15:00,6,4,24,21,15,750,17,AV MAC MAHON AV DES TERN,,,Nuit avec éclairage allumé,En agglomération,Intersection en X,Pluie légère,Autre collision,,,,,,,,,,,5,2,2,2,6
200600021609,0006-04-24 08:25:00,6,4,24,8,25,750,19,R DE CRIMEE AV DE FLANDR,,,Plein jour,En agglomération,Intersection en X,Normale,Sans collision,,,,,,,,,,,1,2,2,1,7
200600021610,0006-04-24 16:05:00,6,4,24,16,5,750,20,38 R OLIVIER METRA,,,Plein jour,En agglomération,Hors intersection,Normale,Deux véhicules - côté,,,,,,,,,,,1,2,1,1,3
200600021611,0006-04-26 14:15:00,6,4,26,14,15,750,2,R DE LA BANQUE R LA FEUI,,,Plein jour,En agglomération,Intersection à plus de 4 branches,Normale,Deux véhicules - côté,,,,,,,,,,,1,2,5,1,3
200600021612,0006-04-26 13:30:00,6,4,26,13,30,750,1,BD DE SEBASTOPOL AV VICT,,,Plein jour,En agglomération,Intersection en X,Normale,Sans collision,,,,,,,,,,,1,2,2,1,7
200600021613,0006-04-26 09:10:00,6,4,26,9,10,750,14,6 R D ALESIA,,,Plein jour,En agglomération,Hors intersection,Normale,Autre collision,,,,,,,,,,,1,2,1,1,6
200600021614,0006-04-26 15:07:00,6,4,26,15,7,750,6,164 BD SAINT GERMAIN,,,Plein jour,En agglomération,Hors intersection,Pluie légère,Sans collision,,,,,,,,,,,1,2,1,2,7
200600021615,0006-04-26 14:30:00,6,4,26,14,30,750,7,R DE MONTTESSUY AV RAPP,,,Plein jour,En agglomération,Intersection en X,Normale,Deux véhicules - côté,,,,,,,,,,,1,2,2,1,3
200600021616,0006-04-26 18:00:00,6,4,26,18,0,750,8,AV CHAMPS ELYSEES PL DE,,,Plein jour,En agglomération,Intersection en T,Normale,Sans collision,,,,,,,,,,,1,2,3,1,7
200600021617,0006-04-26 14:35:00,6,4,26,14,35,750,8,R DE ROME R DE STOCKHOLM,,,Plein jour,En agglomération,Intersection en T,Pluie légère,Deux véhicules - côté,,,,,,,,,,,1,2,3,2,3
200600021618,0006-04-26 23:35:00,6,4,26,23,35,750,8,PL DU HAVRE R DU HAVRE,,,Nuit avec éclairage allumé,En agglomération,Intersection en T,Normale,Autre collision,,,,,,,,,,,5,2,3,1,6
200600021619,0006-04-26 15:45:00,6,4,26,15,45,750,8,1 PL DE LA CONCORDE,,,Plein jour,En agglomération,Hors intersection,Normale,Deux véhicules - arrière,,,,,,,,,,,1,2,1,1,2
200600021620,0006-04-26 16:10:00,6,4,26,16,10,750,9,14 R HALEVY,,,Plein jour,En agglomération,Hors intersection,Normale,Autre collision,,,,,,,,,,,1,2,1,1,6
200600021621,0006-04-25 08:40:00,6,4,25,8,40,750,12,BD DE BERCY Q DE BERCY,,,Plein jour,En agglomération,Intersection en T,Normale,Autre collision,,,,,,,,,,,1,2,3,1,6
200600021622,0006-04-25 20:15:00,6,4,25,20,15,750,13,BD MASSENA AV PORTE DE V,,,Plein jour,En agglomération,Intersection en X,Normale,Deux véhicules - frontale,,,,,,,,,,,1,2,2,1,1
200600021623,0006-04-25 12:20:00,6,4,25,12,20,750,14,R ERNEST REYER AV PTE DE,,,Plein jour,En agglomération,Intersection en Y,Normale,Deux véhicules - côté,,,,,,,,,,,1,2,4,1,3
200600021624,0006-04-25 13:30:00,6,4,25,13,30,750,14,BD ARAGO R FG SAINT JACQ,,,Plein jour,En agglomération,Intersection en X,Normale,Deux véhicules - côté,,,,,,,,,,,1,2,2,1,3
200600021625,0006-04-25 23:35:00,6,4,25,23,35,750,14,BD ADOLPHE PINARD R JULI,,,Nuit avec éclairage allumé,En agglomération,Intersection en T,Normale,Deux véhicules - côté,,,,,,,,,,,5,2,3,1,3
200600021626,0006-04-25 14:25:00,6,4,25,14,25,750,15,250 R DE LA CONVENTION,,,Plein jour,En agglomération,Hors intersection,Normale,Autre collision,,,,,,,,,,,1,2,1,1,6
200600021627,0006-04-25 11:50:00,6,4,25,11,50,750,15,R DE LA CONVENTION R O D,,,Plein jour,En agglomération,Intersection en X,Normale,Autre collision,,,,,,,,,,,1,2,2,1,6
200600021628,0006-04-25 03:45:00,6,4,25,3,45,750,16,38 AV RAYMOND POINCARE,,,Nuit avec éclairage allumé,En agglomération,Hors intersection,Pluie légère,Autre collision,,,,,,,,,,,5,2,1,2,6
200600021629,0006-04-25 09:15:00,6,4,25,9,15,750,18,10 R CAULAINCOURT,,,Plein jour,En agglomération,Hors intersection,Normale,Autre collision,,,,,,,,,,,1,2,1,1,6
200600021630,0006-04-25 09:10:00,6,4,25,9,10,750,20,R DU CAMBODGE AV GAMBETT,,,Plein jour,En agglomération,Intersection en T,Normale,Deux véhicules - côté,,,,,,,,,,,1,2,3,1,3
200600021631,0006-04-25 18:30:00,6,4,25,18,30,750,20,PL GAMBETTTA AV DU PERE,,,Plein jour,En agglomération,Intersection en T,Normale,Autre collision,,,,,,,,,,,1,2,3,1,6
200600021632,0006-04-26 12:25:00,6,4,26,12,25,750,11,20 R NEUVE BOULETS,,,Plein jour,En agglomération,Hors intersection,Normale,Autre collision,,,,,,,,,,,1,2,1,1,6
200600021633,0006-04-26 08:45:00,6,4,26,8,45,750,12,26 R DE PICPUS,,,Plein jour,En agglomération,Hors intersection,Normale,Autre collision,,,,,,,,,,,1,2,1,1,6
200600021634,0006-04-26 08:10:00,6,4,26,8,10,750,15,21 R COLONEL P AVIA,,,Plein jour,En agglomération,Hors intersection,Normale,Autre collision,,,,,,,,,,,1,2,1,1,6
200600021635,0006-04-26 15:05:00,6,4,26,15,5,750,15,NON AD/15 Q ISSY MOULINE,,,Plein jour,En agglomération,Intersection en T,Normale,Deux véhicules - côté,,,,,,,,,,,1,2,3,1,3
200600021636,0006-04-26 14:50:00,6,4,26,14,50,750,15,L9534 Q DE GRENELLE,,,Plein jour,En agglomération,Hors intersection,Temps couvert,Sans collision,,,,,,,,,,,1,2,1,8,7
200600021637,0006-04-26 14:50:00,6,4,26,14,50,750,17,202 R DE COURCELLES,,,Plein jour,En agglomération,Hors intersection,Normale,Trois véhicules et plus - en chaîne,,,,,,,,,,,1,2,1,1,4
200600021638,0006-04-26 10:40:00,6,4,26,10,40,750,17,AV DE CLICHY R SAINT JEA,,,Plein jour,En agglomération,Intersection en T,Normale,Autre collision,,,,,,,,,,,1,2,3,1,6
200600021639,0006-04-26 20:00:00,6,4,26,20,0,750,17,18 AV DES TERNES,,,Plein jour,En agglomération,Hors intersection,Normale,Autre collision,,,,,,,,,,,1,2,1,1,6
200600021640,0006-04-26 14:00:00,6,4,26,14,0,750,17,40 BD DE COURCELLES,,,Plein jour,En agglomération,Hors intersection,Pluie légère,Deux véhicules - côté,,,,,,,,,,,1,2,1,2,3
200600021641,0006-04-26 11:30:00,6,4,26,11,30,750,17,AV DE CLICHY R GUY MOQUE,,,Plein jour,En agglomération,Intersection en Y,Normale,Deux véhicules - côté,,,,,,,,,,,1,2,4,1,3
200600021642,0006-04-26 09:00:00,6,4,26,9,0,750,19,92 AV SIMON BOLIVAR,,,Plein jour,En agglomération,Hors intersection,Normale,Autre collision,,,,,,,,,,,1,2,1,1,6
200600021643,0006-04-26 15:25:00,6,4,26,15,25,750,19,R EURYALE DEHAYNIN AV JE,,,Plein jour,En agglomération,Intersection en T,Normale,Deux véhicules - côté,,,,,,,,,,,1,2,3,1,3
200600021644,0006-04-26 11:20:00,6,4,26,11,20,750,20,R DE BELLEVILLE R PIAT,,,Plein jour,En agglomération,Intersection en T,Normale,Autre collision,,,,,,,,,,,1,2,3,1,6
200600021645,0006-04-26 08:36:00,6,4,26,8,36,750,20,BD DAVOUT R PAGANINI,,,Plein jour,En agglomération,Intersection en T,Normale,Deux véhicules - côté,,,,,,,,,,,1,2,3,1,3
200600021646,0006-04-27 13:30:00,6,4,27,13,30,750,1,Q DES TUILERIES,,,Plein jour,En agglomération,Hors intersection,Normale,Deux véhicules - côté,,,,,,,,,,,1,2,1,1,3
200600021647,0006-04-27 10:00:00,6,4,27,10,0,750,2,BD DES CAPUCINES R DAUNO,,,Plein jour,En agglomération,Intersection en Y,Normale,Deux véhicules - côté,,,,,,,,,,,1,2,4,1,3
200600021648,0006-04-27 13:45:00,6,4,27,13,45,750,2,R LA FEUILLADE PL DES VI,,,Plein jour,En agglomération,Intersection en T,Normale,Deux véhicules - arrière,,,,,,,,,,,1,2,3,1,2
200600021649,0006-04-27 00:35:00,6,4,27,0,35,750,2,BD SAINT DENIS BD DE SEB,,,Nuit avec éclairage allumé,En agglomération,Intersection en X,Normale,Deux véhicules - côté,,,,,,,,,,,5,2,2,1,3
200600021650,0006-04-27 00:22:00,6,4,27,0,22,750,6,R BONAPARTE R GOZLIN,,,Nuit avec éclairage allumé,En agglomération,Intersection en T,Normale,Deux véhicules - côté,,,,,,,,,,,5,2,3,1,3
200600021651,0006-04-27 15:50:00,6,4,27,15,50,750,6,BD DU MONTPARNASSE R DE,,,Plein jour,En agglomération,Intersection en X,Normale,Autre collision,,,,,,,,,,,1,2,2,1,6
200600021652,0006-04-28 17:50:00,6,4,28,17,50,750,2,R PALESTRO R REAUMUR,,,Plein jour,En agglomération,Intersection en X,Normale,Autre collision,,,,,,,,,,,1,2,2,1,6
200600021653,0006-04-27 10:30:00,6,4,27,10,30,750,7,AV JOSEPH BOUVARD ALL TH,,,Plein jour,En agglomération,Intersection en X,Temps couvert,Autre collision,,,,,,,,,,,1,2,2,8,6
200600021654,0006-04-28 13:35:00,6,4,28,13,35,750,3,BD DE SEBASTOPOL R DE TU,,,Plein jour,En agglomération,Intersection en X,Normale,Autre collision,,,,,,,,,,,1,2,2,1,6
200600021655,0006-04-28 18:15:00,6,4,28,18,15,750,7,BD SAINT GERMAIN R DE SO,,,Plein jour,En agglomération,Intersection en T,Normale,Deux véhicules - côté,,,,,,,,,,,1,2,3,1,3
200600021656,0006-04-27 10:15:00,6,4,27,10,15,750,7,AV DU MAL GALLIENI R SAI,,,Plein jour,En agglomération,Intersection en X,Normale,Deux véhicules - côté,,,,,,,,,,,1,2,2,1,3
200600021657,0006-04-28 10:55:00,6,4,28,10,55,750,8,AV GEORGE V R MARBEUF,,,Plein jour,En agglomération,Intersection en Y,Normale,Autre collision,,,,,,,,,,,1,2,4,1,6
200600021658,0006-04-28 20:51:00,6,4,28,20,51,750,8,AV ARSENE HOUSSAYE AV CH,,,Nuit avec éclairage allumé,En agglomération,Intersection en T,Normale,Deux véhicules - arrière,,,,,,,,,,,5,2,3,1,2
200600021659,0006-04-28 20:00:00,6,4,28,20,0,750,9,18 R DE NAVARIN,,,Plein jour,En agglomération,Hors intersection,Normale,Sans collision,,,,,,,,,,,1,2,1,1,7
200600021660,0006-04-27 09:30:00,6,4,27,9,30,750,8,BD DES BATIGNOLLES R SAI,,,Plein jour,En agglomération,Intersection en Y,Normale,Deux véhicules - côté,,,,,,,,,,,1,2,4,1,3
200600021661,0006-04-27 06:20:00,6,4,27,6,20,750,8,AV CHAMPS ELYSEES PL CLE,,,Plein jour,En agglomération,Intersection en X,Normale,Autre collision,,,,,,,,,,,1,2,2,1,6
200600021662,0006-04-27 11:35:00,6,4,27,11,35,750,9,R AUBER PL CHARLES GARNI,,,Plein jour,En agglomération,Intersection en X,Normale,Autre collision,,,,,,,,,,,1,2,2,1,6
200600021663,0006-04-27 09:10:00,6,4,27,9,10,750,10,BD BONNE NOUVELLE R DE M,,,Plein jour,En agglomération,Intersection en Y,Normale,Autre collision,,,,,,,,,,,1,2,4,1,6
200600021664,0006-04-27 17:10:00,6,4,27,17,10,750,11,115 BD DE CHARONNE,,,Plein jour,En agglomération,Hors intersection,Normale,Deux véhicules - côté,,,,,,,,,,,1,2,1,1,3
200600021665,0006-04-27 13:40:00,6,4,27,13,40,750,11,R PETION R DE LA ROQUETT,,,Plein jour,En agglomération,Intersection en T,Normale,Deux véhicules - côté,,,,,,,,,,,1,2,3,1,3
200600021666,0006-04-27 02:45:00,6,4,27,2,45,750,12,142 R FG SAINT ANTOINE,,,Plein jour,En agglomération,Hors intersection,Normale,Deux véhicules - côté,,,,,,,,,,,1,2,1,1,3
200600021667,0006-04-27 04:45:00,6,4,27,4,45,750,12,PT CH DE GAULLE Q DE LA,,,Nuit avec éclairage allumé,En agglomération,Intersection en T,Normale,Deux véhicules - côté,,,,,,,,,,,5,2,3,1,3
200600021668,0006-04-27 23:55:00,6,4,27,23,55,750,15,68 BD GARIBALDI,,,Nuit avec éclairage allumé,En agglomération,Hors intersection,Normale,Deux véhicules - côté,,,,,,,,,,,5,2,1,1,3
200600021669,0006-04-27 15:20:00,6,4,27,15,20,750,15,70 R BALARD,,,Plein jour,En agglomération,Hors intersection,Normale,Autre collision,,,,,,,,,,,1,2,1,1,6
200600021670,0006-04-27 08:35:00,6,4,27,8,35,750,15,224 R CROIX NIVERT,,,Plein jour,En agglomération,Hors intersection,Normale,Autre collision,,,,,,,,,,,1,2,1,1,6
200600021671,0006-04-27 14:45:00,6,4,27,14,45,750,16,L15515 AV PRESIDENT WILS,,,Plein jour,En agglomération,Hors intersection,Normale,Autre collision,,,,,,,,,,,1,2,1,1,6
200600021672,0006-04-28 05:37:00,6,4,28,5,37,750,11,AV PHILIPPE AUGUSTE R DE,,,Nuit avec éclairage allumé,En agglomération,Intersection en X,Normale,Autre collision,,,,,,,,,,,5,2,2,1,6
200600021673,0006-04-28 12:44:00,6,4,28,12,44,750,12,AV DAUMESNIL BD DIDEROT,,,Plein jour,En agglomération,Intersection en X,Normale,Autre collision,,,,,,,,,,,1,2,2,1,6
200600021674,0006-04-28 23:40:00,6,4,28,23,40,750,12,L10056 AV DAUMESNIL,,,Nuit avec éclairage allumé,En agglomération,Hors intersection,Normale,Deux véhicules - côté,,,,,,,,,,,5,2,1,1,3
200600021675,0006-04-28 19:20:00,6,4,28,19,20,750,12,L9932 AV DAUMESNIL,,,Plein jour,En agglomération,Hors intersection,Normale,Deux véhicules - côté,,,,,,,,,,,1,2,1,1,3
200600021676,0006-04-28 16:20:00,6,4,28,16,20,750,12,R DE LYON,,,Plein jour,En agglomération,Hors intersection,Normale,Deux véhicules - frontale,,,,,,,,,,,1,2,1,1,1
200600021677,0006-04-28 12:02:00,6,4,28,12,2,750,12,PL D ALIGRE R D ALIGRE,,,Plein jour,En agglomération,Intersection en X,Normale,Autre collision,,,,,,,,,,,1,2,2,1,6