accident_id,datetime,annee,mois,jour,heure,minute,departement,commune_insee,adresse,latitude,longitude,luminosite,agglomeration,intersection,meteo,collision,nb_vehicules,nb_usagers,nb_indemnes,nb_tues,nb_blesses_hosp,nb_blesses_legers,age_cond_1,age_cond_2,veh_type_cond_1,veh_type_cond_2,lum_code,agg_code,int_code,atm_code,col_code
200600021678,0006-04-28 16:45:00,6,4,28,16,45,750,13,134 BD MASSENA,,,Plein jour,En agglomération,Hors intersection,Normale,Autre collision,,,,,,,,,,,1,2,1,1,6
200600021679,0006-04-28 08:13:00,6,4,28,8,13,750,15,BD PASTEUR BD DE VAUGIRA,,,Plein jour,En agglomération,Intersection en T,Normale,Deux véhicules - côté,,,,,,,,,,,1,2,3,1,3
200600021680,0006-04-28 21:00:00,6,4,28,21,0,750,15,R DE LA CONVENTION R DE,,,Nuit avec éclairage allumé,En agglomération,Intersection en X,Normale,Deux véhicules - côté,,,,,,,,,,,5,2,2,1,3
200600021681,0006-04-28 17:45:00,6,4,28,17,45,750,15,119 BD LEFEBVRE,,,Plein jour,En agglomération,Hors intersection,Normale,Autre collision,,,,,,,,,,,1,2,1,1,6
200600021682,0006-04-28 19:40:00,6,4,28,19,40,750,15,R DE LA CONVENTION R GUT,,,Plein jour,En agglomération,Intersection en X,Normale,Deux véhicules - côté,,,,,,,,,,,1,2,2,1,3
200600021683,0006-04-28 16:30:00,6,4,28,16,30,750,16,120 AV VICTOR HUGO,,,Plein jour,En agglomération,Hors intersection,Normale,Deux véhicules - côté,,,,,,,,,,,1,2,1,1,3
200600021684,0006-04-28 20:10:00,6,4,28,20,10,750,16,48 AV BUGEAUD,,,Nuit avec éclairage allumé,En agglomération,Hors intersection,Normale,Deux véhicules - frontale,,,,,,,,,,,5,2,1,1,1
200600021685,0006-04-28 13:15:00,6,4,28,13,15,750,16,R NICOLO R DE LA POMPE,,,Plein jour,En agglomération,Intersection en X,Normale,Autre collision,,,,,,,,,,,1,2,2,1,6
200600021686,0006-04-28 10:50:00,6,4,28,10,50,750,17,AV DE CLICHY R PAUL BODI,,,Plein jour,En agglomération,Intersection en T,Normale,Autre collision,,,,,,,,,,,1,2,3,1,6
200600021687,0006-04-28 13:50:00,6,4,28,13,50,750,17,R  JOUFFR D ABBANS R DE,,,Plein jour,En agglomération,Intersection en X,Normale,Autre collision,,,,,,,,,,,1,2,2,1,6
200600021688,0006-04-28 19:30:00,6,4,28,19,30,750,19,4 R DAVID D ANGERS,,,Plein jour,En agglomération,Hors intersection,Normale,Autre collision,,,,,,,,,,,1,2,1,1,6
200600021689,0006-04-28 12:20:00,6,4,28,12,20,750,19,R ADOLPHE  MILLE R DELES,,,Plein jour,En agglomération,Intersection en T,Normale,Autre collision,,,,,,,,,,,1,2,3,1,6
200600021690,0006-04-28 10:35:00,6,4,28,10,35,750,19,BD MACDONALD AV PTE LA V,,,Plein jour,En agglomération,Intersection en X,Normale,Autre collision,,,,,,,,,,,1,2,2,1,6
200600021691,0006-04-29 22:00:00,6,4,29,22,0,750,4,SOU BERGER EST,,,Nuit avec éclairage allumé,En agglomération,Hors intersection,Normale,Sans collision,,,,,,,,,,,5,2,1,1,7
200600021692,0006-04-29 11:08:00,6,4,29,11,8,750,6,BD RASPAIL R DE RENNES,,,Plein jour,En agglomération,Intersection en X,Normale,Sans collision,,,,,,,,,,,1,2,2,1,7
200600021693,0006-04-29 20:15:00,6,4,29,20,15,750,6,BD RASPAIL R DE RENNES,,,Plein jour,En agglomération,Intersection en X,Normale,Deux véhicules - côté,,,,,,,,,,,1,2,2,1,3
200600021694,0006-04-29 20:10:00,6,4,29,20,10,750,8,L4018 AV CHAMPS ELYSES,,,Plein jour,En agglomération,Hors intersection,Normale,Sans collision,,,,,,,,,,,1,2,1,1,7
200600021695,0006-04-29 23:25:00,6,4,29,23,25,750,8,32 AV CHAMPS ELYSES,,,Nuit avec éclairage allumé,En agglomération,Hors intersection,Normale,Deux véhicules - arrière,,,,,,,,,,,5,2,1,1,2
200600021696,0006-04-29 16:56:00,6,4,29,16,56,750,11,PL LEON BLUM R C DESMOUL,,,Plein jour,En agglomération,Intersection en T,Normale,Deux véhicules - côté,,,,,,,,,,,1,2,3,1,3
200600021697,0006-04-29 20:25:00,6,4,29,20,25,750,14,R LEGION ETRANGERE PL DU,,,Nuit avec éclairage allumé,En agglomération,Intersection en T,Normale,Deux véhicules - arrière,,,,,,,,,,,5,2,3,1,2
200600021698,0006-04-29 16:20:00,6,4,29,16,20,750,14,130 AV GENERAL LECLERC,,,Plein jour,En agglomération,Hors intersection,Normale,Autre collision,,,,,,,,,,,1,2,1,1,6
200600021699,0006-04-29 08:05:00,6,4,29,8,5,750,16,ALL DE LONGCHAMP ALL REI,,,Plein jour,En agglomération,Intersection en X,Normale,Trois véhicules et plus - en chaîne,,,,,,,,,,,1,2,2,1,4
200600021700,0006-04-29 16:10:00,6,4,29,16,10,750,18,4 R CAULAINCOURT,,,Plein jour,En agglomération,Hors intersection,Normale,Autre collision,,,,,,,,,,,1,2,1,1,6
200600021701,0006-04-29 19:15:00,6,4,29,19,15,750,18,110 BD DE LA CHAPELLE,,,Plein jour,En agglomération,Hors intersection,Normale,Autre collision,,,,,,,,,,,1,2,1,1,6
200600021702,0006-04-30 01:15:00,6,4,30,1,15,750,8,PL DES TERNES AV DE WAGR,,,Nuit avec éclairage allumé,En agglomération,Intersection en T,Normale,Autre collision,,,,,,,,,,,5,2,3,1,6
200600021703,0006-04-30 00:35:00,6,4,30,0,35,750,13,34 AV DES GOBELINS,,,Nuit avec éclairage allumé,En agglomération,Hors intersection,Normale,Autre collision,,,,,,,,,,,5,2,1,1,6
200600021704,0006-04-30 13:15:00,6,4,30,13,15,750,15,BD PASTEUR R DE SEVRES,,,Plein jour,En agglomération,Intersection en T,Temps couvert,Deux véhicules - côté,,,,,,,,,,,1,2,3,8,3
200600021705,0006-04-30 02:30:00,6,4,30,2,30,750,16,AV PAUL DOUMER PL DU TRO,,,Nuit avec éclairage allumé,En agglomération,Intersection en T,Normale,Deux véhicules - côté,,,,,,,,,,,5,2,3,1,3
200600021706,0006-04-30 17:45:00,6,4,30,17,45,750,19,R DE MEAUX R PETIT,,,Plein jour,En agglomération,Intersection en X,Pluie légère,Autre collision,,,,,,,,,,,1,2,2,2,6
200600021707,0006-04-30 01:05:00,6,4,30,1,5,750,19,112 BD MAC DONALD,,,Nuit avec éclairage allumé,En agglomération,Hors intersection,Normale,Deux véhicules - côté,,,,,,,,,,,5,2,1,1,3
200600021708,0006-04-01 17:25:00,6,4,1,17,25,750,18,BPI CHAPELLE AUBERVILLIE,,,Plein jour,En agglomération,Hors intersection,Normale,Autre collision,,,,,,,,,,,1,2,1,1,6
200600021709,0006-04-04 15:10:00,6,4,4,15,10,750,13,BPI GARE IVRY,,,Plein jour,En agglomération,Hors intersection,Normale,Sans collision,,,,,,,,,,,1,2,1,1,7
200600021710,0006-04-04 08:40:00,6,4,4,8,40,750,13,BPI IVRY ITALIE,,,Plein jour,En agglomération,Hors intersection,Normale,Deux véhicules - côté,,,,,,,,,,,1,2,1,1,3
200600021711,0006-04-11 18:15:00,6,4,11,18,15,750,17,BPI CHAMPERRET ASNIERES,,,Plein jour,En agglomération,Hors intersection,Normale,Sans collision,,,,,,,,,,,1,2,1,1,7
200600021712,0006-04-12 08:30:00,6,4,12,8,30,750,17,BPE SAINT OUEN CLICHY,,,Plein jour,En agglomération,Hors intersection,Normale,Deux véhicules - arrière,,,,,,,,,,,1,2,1,1,2
200600021713,0006-04-05 17:45:00,6,4,5,17,45,750,17,BPE CHAMPERET TERNES,,,Plein jour,En agglomération,Hors intersection,Normale,Sans collision,,,,,,,,,,,1,2,1,1,7
200600021714,0006-04-05 18:25:00,6,4,5,18,25,750,18,BPI CHAPELLE AUBERVILLIE,,,Plein jour,En agglomération,Hors intersection,Normale,Trois véhicules et plus - en chaîne,,,,,,,,,,,1,2,1,1,4
200600021715,0006-04-06 17:00:00,6,4,6,17,0,750,18,BPE CHAPELLE CLIGNANCOUR,,,Plein jour,En agglomération,Hors intersection,Normale,Deux véhicules - arrière,,,,,,,,,,,1,2,1,1,2
200600021716,0006-04-06 21:30:00,6,4,6,21,30,750,16,ECH MAILLOT,,,Nuit avec éclairage allumé,En agglomération,Hors intersection,Normale,Deux véhicules - côté,,,,,,,,,,,5,2,1,1,3
200600021717,0006-04-07 06:05:00,6,4,7,6,5,750,18,BPE CHAPELLE CLIGNANCOUR,,,Nuit avec éclairage allumé,En agglomération,Hors intersection,Normale,Deux véhicules - côté,,,,,,,,,,,5,2,1,1,3
200600021718,0006-04-08 00:25:00,6,4,8,0,25,750,14,BPE VANVES CHATILLON,,,Nuit avec éclairage allumé,En agglomération,Hors intersection,Normale,Autre collision,,,,,,,,,,,5,2,1,1,6
200600021719,0006-04-09 15:20:00,6,4,9,15,20,750,13,BPE IVRY GARE,,,Plein jour,En agglomération,Hors intersection,Normale,Trois véhicules et plus - en chaîne,,,,,,,,,,,1,2,1,1,4
200600021720,0006-04-09 10:30:00,6,4,9,10,30,750,16,BPE MOLITOR SAINT CLOUD,,,Plein jour,En agglomération,Hors intersection,Normale,Trois véhicules et plus - en chaîne,,,,,,,,,,,1,2,1,1,4
200600021721,0006-04-10 10:30:00,6,4,10,10,30,750,13,BPE GENTILLY ITALIE,,,Plein jour,En agglomération,Hors intersection,Normale,Sans collision,,,,,,,,,,,1,2,1,1,7
200600021722,0006-04-26 13:30:00,6,4,26,13,30,750,17,AV MAC MAHON R DE TILSIT,,,Plein jour,En agglomération,Intersection en T,Pluie légère,Autre collision,,,,,,,,,,,1,2,3,2,6
200600021723,0006-04-29 18:55:00,6,4,29,18,55,750,17,BD DU FORT DE VAUX AV PO,,,Plein jour,En agglomération,Intersection en X,Temps éblouissant,Deux véhicules - côté,,,,,,,,,,,1,2,2,7,3
200600021724,0006-04-30 13:50:00,6,4,30,13,50,750,5,60 BD SAINT MICHEL,,,Plein jour,En agglomération,Hors intersection,Pluie légère,Deux véhicules - côté,,,,,,,,,,,1,2,1,2,3
200600021725,0006-04-11 18:15:00,6,4,11,18,15,750,13,BPE ITALIE IVRY,,,Plein jour,En agglomération,Hors intersection,Normale,Deux véhicules - côté,,,,,,,,,,,1,2,1,1,3
200600021726,0006-04-11 14:30:00,6,4,11,14,30,750,13,BPE GARE BERCY,,,Plein jour,En agglomération,Hors intersection,Normale,Autre collision,,,,,,,,,,,1,2,1,1,6
200600021727,0006-04-13 14:25:00,6,4,13,14,25,750,13,BPE Q D IVRY BERCY,,,Plein jour,En agglomération,Hors intersection,Normale,Deux véhicules - côté,,,,,,,,,,,1,2,1,1,3
200600021728,0006-04-13 08:50:00,6,4,13,8,50,750,17,BPI CHAMPERET ASNIERES,,,Plein jour,En agglomération,Hors intersection,Normale,Deux véhicules - arrière,,,,,,,,,,,1,2,1,1,2
200600021729,0006-04-14 09:15:00,6,4,14,9,15,750,12,BPI ST MANDE DOREE,,,Plein jour,En agglomération,Hors intersection,Normale,Trois véhicules et plus - en chaîne,,,,,,,,,,,1,2,1,1,4
200600021730,0006-04-14 09:30:00,6,4,14,9,30,750,16,ECH MAILLOT,,,Plein jour,En agglomération,Hors intersection,Normale,Sans collision,,,,,,,,,,,1,2,1,1,7
200600021731,0006-04-14 20:25:00,6,4,14,20,25,750,16,ECH PASSY,,,Crépuscule ou aube,En agglomération,Hors intersection,Normale,Deux véhicules - arrière,,,,,,,,,,,2,2,1,1,2
200600021732,0006-04-17 11:26:00,6,4,17,11,26,750,19,ECH VILLETTE BPE VILLETT,,,Plein jour,En agglomération,Intersection en Y,Normale,Autre collision,,,,,,,,,,,1,2,4,1,6
200600021733,0006-04-18 15:45:00,6,4,18,15,45,750,18,ECH AUBERVILLIERS,,,Plein jour,En agglomération,Hors intersection,Normale,Deux véhicules - arrière,,,,,,,,,,,1,2,1,1,2
200600021734,0006-04-18 18:40:00,6,4,18,18,40,750,19,BPI VILLETTE PANTIN,,,Plein jour,En agglomération,Hors intersection,Normale,Trois véhicules et plus - en chaîne,,,,,,,,,,,1,2,1,1,4
200600021735,0006-04-18 08:25:00,6,4,18,8,25,750,19,BPE PANTIN VILLETTE,,,Plein jour,En agglomération,Hors intersection,Normale,Deux véhicules - côté,,,,,,,,,,,1,2,1,1,3
200600021736,0006-04-19 23:40:00,6,4,19,23,40,750,20,56 BD DAVOUT,,,Nuit avec éclairage allumé,En agglomération,Hors intersection,Normale,Deux véhicules - frontale,,,,,,,,,,,5,2,1,1,1
200600021737,0006-04-19 08:50:00,6,4,19,8,50,750,20,BPE VINCENNES MONTREUIL,,,Plein jour,En agglomération,Hors intersection,Normale,Autre collision,,,,,,,,,,,1,2,1,1,6
200600021738,0006-04-20 00:23:00,6,4,20,0,23,750,13,BPE IVRY GARE,,,Nuit avec éclairage allumé,En agglomération,Hors intersection,Normale,Deux véhicules - côté,,,,,,,,,,,5,2,1,1,3
200600021739,0006-04-20 10:00:00,6,4,20,10,0,750,20,BPI BAGNOLET MONTREUIL,,,Plein jour,En agglomération,Hors intersection,Normale,Deux véhicules - côté,,,,,,,,,,,1,2,1,1,3
200600021740,0006-04-22 15:10:00,6,4,22,15,10,750,13,BPE GARE BERCY,,,Plein jour,En agglomération,Hors intersection,Normale,Trois véhicules et plus - en chaîne,,,,,,,,,,,1,2,1,1,4
200600021741,0006-04-22 03:00:00,6,4,22,3,0,750,17,BPI TERNES CHAMPERRET,,,Nuit avec éclairage allumé,En agglomération,Hors intersection,Normale,Deux véhicules - côté,,,,,,,,,,,5,2,1,1,3
200600021742,0006-04-22 12:40:00,6,4,22,12,40,750,18,BPI CLIGNANCOURT CHAPELL,,,Plein jour,En agglomération,Hors intersection,Normale,Trois véhicules et plus - en chaîne,,,,,,,,,,,1,2,1,1,4
200600021743,0006-04-24 19:35:00,6,4,24,19,35,750,12,278 R DE CHARENTON,,,Plein jour,En agglomération,Hors intersection,Normale,Autre collision,,,,,,,,,,,1,2,1,1,6
200600021744,0006-04-29 04:45:00,6,4,29,4,45,750,20,BD DE BELLEVILLE R RAMPO,,,Nuit avec éclairage allumé,En agglomération,Intersection en X,Normale,Deux véhicules - côté,,,,,,,,,,,5,2,2,1,3
200600021745,0006-04-29 19:50:00,6,4,29,19,50,750,12,PL DU CAL LAVIGERIE BD P,,,Plein jour,En agglomération,Intersection en X,Normale,Deux véhicules - côté,,,,,,,,,,,1,2,2,1,3
200600021746,0006-04-12 14:45:00,6,4,12,14,45,750,17,BPI CLICHY SAINT OUEN,,,Plein jour,En agglomération,Hors intersection,Normale,Trois véhicules et plus - en chaîne,,,,,,,,,,,1,2,1,1,4
200600021747,0006-04-20 16:50:00,6,4,20,16,50,750,17,BPI TERNES CHAMPERRET,,,Plein jour,En agglomération,Hors intersection,Normale,Sans collision,,,,,,,,,,,1,2,1,1,7
200600021748,0006-04-24 05:45:00,6,4,24,5,45,750,13,BPE GARE BERCY,,,Nuit avec éclairage allumé,En agglomération,Hors intersection,Normale,Autre collision,,,,,,,,,,,5,2,1,1,6
200600021749,0006-04-24 19:20:00,6,4,24,19,20,750,13,BPE GENTILLY ITALIE,,,Plein jour,En agglomération,Hors intersection,Pluie légère,Deux véhicules - côté,,,,,,,,,,,1,2,1,2,3
200600021750,0006-04-24 19:50:00,6,4,24,19,50,750,14,BPI ITALIE GENTILLY,,,Crépuscule ou aube,En agglomération,Hors intersection,Normale,Deux véhicules - côté,,,,,,,,,,,2,2,1,1,3
200600021751,0006-04-24 16:30:00,6,4,24,16,30,750,16,BPI SAINT CLOUD MOLITOR,,,Plein jour,En agglomération,Hors intersection,Normale,Autre collision,,,,,,,,,,,1,2,1,1,6
200600021752,0006-04-24 16:55:00,6,4,24,16,55,750,16,BPI MUETTE DAUPHINE,,,Plein jour,En agglomération,Hors intersection,Normale,Trois véhicules et plus - en chaîne,,,,,,,,,,,1,2,1,1,4
200600021753,0006-04-25 10:50:00,6,4,25,10,50,750,14,BPI CHATILLON VANVES,,,Plein jour,En agglomération,Hors intersection,Normale,Deux véhicules - arrière,,,,,,,,,,,1,2,1,1,2
200600021754,0006-04-25 08:00:00,6,4,25,8,0,750,19,BPE VILLETTE AUBERVILLIE,,,Plein jour,En agglomération,Hors intersection,Normale,Deux véhicules - côté,,,,,,,,,,,1,2,1,1,3
200600021755,0006-04-27 16:10:00,6,4,27,16,10,750,20,BPI LILAS BAGNOLET,,,Plein jour,En agglomération,Hors intersection,Normale,Trois véhicules et plus - en chaîne,,,,,,,,,,,1,2,1,1,4
200600021756,0006-04-22 14:35:00,6,4,22,14,35,750,20,BPI LILAS BAGNOLET,,,Plein jour,En agglomération,Hors intersection,Normale,Deux véhicules - côté,,,,,,,,,,,1,2,1,1,3
200600021757,0006-04-19 11:20:00,6,4,19,11,20,750,14,ECH ORLEANS,,,Plein jour,En agglomération,Hors intersection,Normale,Deux véhicules - côté,,,,,,,,,,,1,2,1,1,3
200600021758,0006-04-21 12:24:00,6,4,21,12,24,750,14,BPI ORLEANS CHATILLON,,,Plein jour,En agglomération,Hors intersection,Normale,Deux véhicules - côté,,,,,,,,,,,1,2,1,1,3
200600021759,0006-04-20 18:00:00,6,4,20,18,0,750,16,BPE  DAUPHINE MUETTE,,,Plein jour,En agglomération,Hors intersection,Normale,Deux véhicules - arrière,,,,,,,,,,,1,2,1,1,2
200600021760,0006-04-20 16:30:00,6,4,20,16,30,750,16,ECH ST CLOUD BPI Q POINT,,,Plein jour,En agglomération,Intersection en Y,Normale,Deux véhicules - côté,,,,,,,,,,,1,2,4,1,3
200600021761,0006-04-28 14:00:00,6,4,28,14,0,750,16,BPI PASSY MUETTE,,,Plein jour,En agglomération,Hors intersection,Normale,Autre collision,,,,,,,,,,,1,2,1,1,6
200600021762,0006-04-28 14:00:00,6,4,28,14,0,750,16,BPI DAUPHINE MAILLOT,,,Plein jour,En agglomération,Hors intersection,Normale,Trois véhicules et plus - en chaîne,,,,,,,,,,,1,2,1,1,4
200600021763,0006-04-28 07:35:00,6,4,28,7,35,750,18,ECH CLIGNANCOURT,,,Plein jour,En agglomération,Hors intersection,Normale,Deux véhicules - arrière,,,,,,,,,,,1,2,1,1,2
200600021764,0006-04-29 02:25:00,6,4,29,2,25,750,20,BPE MONTREUIL BAGNOLET,,,Nuit avec éclairage allumé,En agglomération,Hors intersection,Normale,Autre collision,,,,,,,,,,,5,2,1,1,6
200600021765,0006-04-20 13:02:00,6,4,20,13,2,750,12,R DAGORNO R DE PICPUS,,,Plein jour,En agglomération,Intersection en T,Normale,Autre collision,,,,,,,,,,,1,2,3,1,6
200600021766,0006-04-17 03:05:00,6,4,17,3,5,750,18,70 BD DE  CLICHY,,,Nuit avec éclairage allumé,En agglomération,Hors intersection,Normale,Autre collision,,,,,,,,,,,5,2,1,1,6
200600021767,0006-04-09 18:45:00,6,4,9,18,45,760,329,"41, GENERAL DE GAULLE (R",,,Plein jour,En agglomération,Intersection en X,Normale,Deux véhicules - côté,,,,,,,,,,,1,2,2,1,3
200600021768,0006-04-18 10:30:00,6,4,18,10,30,760,217,"1, GENERAL DE GAULLE (BL",,,Plein jour,En agglomération,Hors intersection,Normale,Autre collision,,,,,,,,,,,1,2,1,1,6
200600021769,0006-04-22 14:05:00,6,4,22,14,5,760,217,"1, DELVINCOURT (CLAUDE)",,,Plein jour,En agglomération,Intersection en X,Normale,Deux véhicules - côté,,,,,,,,,,,1,2,2,1,3
200600021770,0006-04-01 21:00:00,6,4,1,21,0,760,178,"0, SEPTEMBER. RUE DULCEE",,,Nuit avec éclairage allumé,En agglomération,Intersection en T,Normale,Deux véhicules - côté,,,,,,,,,,,5,2,3,1,3
200600021771,0006-04-04 17:50:00,6,4,4,17,50,760,682,"0, N°292 ROUTE DEPARTEME",,,Plein jour,Hors agglomération,Hors intersection,Normale,Deux véhicules - côté,,,,,,,,,,,1,1,1,1,3
200600021772,0006-04-16 04:30:00,6,4,16,4,30,760,561,"124 Bis, FRENEUSE. RUE D",,,Nuit avec éclairage allumé,En agglomération,Hors intersection,Pluie légère,Autre collision,,,,,,,,,,,5,2,1,2,6
200600021773,0006-04-16 12:00:00,6,4,16,12,0,760,486,"0, CIRCUIT ROUEN LES ESS",,,Plein jour,Hors agglomération,Hors intersection,Normale,Deux véhicules - côté,,,,,,,,,,,1,1,1,1,3
200600021774,0006-04-22 16:48:00,6,4,22,16,48,760,705,CD 13,,,Plein jour,Hors agglomération,Hors intersection,Normale,Deux véhicules - frontale,,,,,,,,,,,1,1,1,1,1
200600021775,0006-04-05 16:20:00,6,4,5,16,20,760,351,"20, CASIMIR PERIER",,,Plein jour,En agglomération,Hors intersection,Normale,Autre collision,,,,,,,,,,,1,2,1,1,6
200600021776,0006-04-03 16:15:00,6,4,3,16,15,760,498,"50, VALLES. RUE JULES",,,Plein jour,En agglomération,Hors intersection,Normale,Autre collision,,,,,,,,,,,1,2,1,1,6
200600021777,0006-04-03 23:40:00,6,4,3,23,40,760,540,"1, SAINT MAUR. RUE",,,Nuit avec éclairage allumé,En agglomération,Intersection en T,Normale,Deux véhicules - côté,,,,,,,,,,,5,2,3,1,3
200600021778,0006-04-04 19:40:00,6,4,4,19,40,760,540,"1, EUROPE. BOULEVARD DE",,,Plein jour,En agglomération,Hors intersection,Normale,Deux véhicules - côté,,,,,,,,,,,1,2,1,1,3
200600021779,0006-04-05 13:00:00,6,4,5,13,0,760,681,"1, 4 MARES. GRANDE RUE D",,,Plein jour,En agglomération,Hors intersection,Normale,Deux véhicules - côté,,,,,,,,,,,1,2,1,1,3
200600021780,0006-04-05 17:20:00,6,4,5,17,20,760,366,FRESQUIENNES. ROUTE DE (,,,Plein jour,En agglomération,Hors intersection,Normale,Deux véhicules - arrière,,,,,,,,,,,1,2,1,1,2
200600021781,0006-04-07 08:35:00,6,4,7,8,35,760,681,"27, CANADIENS. AVENUE DE",,,Plein jour,En agglomération,Hors intersection,Normale,Deux véhicules - côté,,,,,,,,,,,1,2,1,1,3
200600021782,0006-04-09 10:00:00,6,4,9,10,0,760,95,"1, SAINTE VENISE. RUE",,,Plein jour,En agglomération,Intersection en T,Normale,Deux véhicules - côté,,,,,,,,,,,1,2,3,1,3
200600021783,0006-04-11 01:40:00,6,4,11,1,40,760,484,"1, CHAPELLE. PONT DE LA",,,Nuit avec éclairage non allumé,En agglomération,Hors intersection,Normale,Sans collision,,,,,,,,,,,4,2,1,1,7
200600021784,0006-04-07 07:30:00,6,4,7,7,30,760,474,"1, FERRY. RUE JULES",,,Plein jour,En agglomération,Intersection en T,Normale,Deux véhicules - côté,,,,,,,,,,,1,2,3,1,3
200600021785,0006-04-07 17:08:00,6,4,7,17,8,760,681,"1, JAURES. AVENUE JEAN",,,Plein jour,En agglomération,Hors intersection,Normale,Trois véhicules et plus - collisions multiples,,,,,,,,,,,1,2,1,1,5
200600021786,0006-04-10 18:00:00,6,4,10,18,0,760,575,"1, BIC AUBERT - QUARTIER",,,Plein jour,En agglomération,Hors intersection,Normale,Deux véhicules - côté,,,,,,,,,,,1,2,1,1,3
200600021787,0006-04-12 10:20:00,6,4,12,10,20,760,410,"1, MARTYRS DE LA RESISTA",,,Plein jour,En agglomération,Intersection en T,Normale,Deux véhicules - côté,,,,,,,,,,,1,2,3,1,3
200600021788,0006-04-14 15:45:00,6,4,14,15,45,760,540,"1, CORNEILLE. QUAI (BAS)",,,Plein jour,En agglomération,Hors intersection,Normale,Deux véhicules - côté,,,,,,,,,,,1,2,1,1,3
200600021789,0006-04-16 03:05:00,6,4,16,3,5,760,575,"1, INDUSTRIEL. BOULEVARD",,,Nuit avec éclairage allumé,Hors agglomération,Hors intersection,Pluie légère,Sans collision,,,,,,,,,,,5,1,1,2,7
200600021790,0006-04-18 03:00:00,6,4,18,3,0,760,497,"1, 11 NOVEMBRE. RUE DU",,,Nuit avec éclairage allumé,En agglomération,Hors intersection,Normale,Sans collision,,,,,,,,,,,5,2,1,1,7
200600021791,0006-04-18 22:45:00,6,4,18,22,45,760,451,CD 43 (AVENUE DU BOIS DE,,,Nuit sans éclairage public,Hors agglomération,Hors intersection,Normale,Sans collision,,,,,,,,,,,3,1,1,1,7
200600021792,0006-04-19 09:40:00,6,4,19,9,40,760,540,"34, PARIS. QUAI DE",,,Plein jour,En agglomération,Hors intersection,Normale,Trois véhicules et plus - collisions multiples,,,,,,,,,,,1,2,1,1,5
200600021793,0006-04-20 13:55:00,6,4,20,13,55,760,540,"1, BOULET. QUAI GASTON",,,Plein jour,En agglomération,Hors intersection,Normale,Deux véhicules - arrière,,,,,,,,,,,1,2,1,1,2
200600021794,0006-04-25 21:00:00,6,4,25,21,0,760,540,DARNETAL. ROUTE DE,,,Nuit avec éclairage allumé,En agglomération,Hors intersection,Normale,Deux véhicules - côté,,,,,,,,,,,5,2,1,1,3
200600021795,0006-04-29 04:30:00,6,4,29,4,30,760,319,"45, LECLERC. AVENUE DU G",,,Nuit avec éclairage allumé,En agglomération,Hors intersection,Normale,Sans collision,,,,,,,,,,,5,2,1,1,7
200600021796,0006-04-28 21:00:00,6,4,28,21,0,760,212,"1, ROULE. RUE DU",,,Crépuscule ou aube,En agglomération,Hors intersection,Normale,Sans collision,,,,,,,,,,,2,2,1,1,7
200600021797,0006-04-26 11:25:00,6,4,26,11,25,760,157,CD 351 (ROUTE DE SAHURS),,,Plein jour,Hors agglomération,Hors intersection,Pluie légère,Deux véhicules - frontale,,,,,,,,,,,1,1,1,2,1
200600021798,0006-04-28 16:20:00,6,4,28,16,20,760,540,"1, NETIEN. RUE",,,Plein jour,En agglomération,Intersection en T,Normale,Deux véhicules - côté,,,,,,,,,,,1,2,3,1,3
200600021799,0006-04-29 18:00:00,6,4,29,18,0,760,484,"1, FRATERNITE. AVENUE DE",,,Plein jour,En agglomération,Hors intersection,Normale,Autre collision,,,,,,,,,,,1,2,1,1,6
200600021800,0006-04-26 20:50:00,6,4,26,20,50,760,497,"1, MARITIME. BOULEVARD",,,Plein jour,En agglomération,Hors intersection,Normale,Sans collision,,,,,,,,,,,1,2,1,1,7
200600021801,0006-04-28 19:45:00,6,4,28,19,45,760,366,"27, LEMARCHAND. RUE EDMO",,,Plein jour,En agglomération,Hors intersection,Normale,Autre collision,,,,,,,,,,,1,2,1,1,6
200600021802,0006-04-23 16:35:00,6,4,23,16,35,760,540,"1, JEANNE D'ARC. RUE",,,Plein jour,En agglomération,Hors intersection,Normale,Autre collision,,,,,,,,,,,1,2,1,1,6
200600021803,0006-04-07 16:15:00,6,4,7,16,15,770,108,MARECHAL FOCH (AVENUE DU,,,Plein jour,En agglomération,Autre intersection,Normale,Autre collision,,,,,,,,,,,1,2,9,1,6
200600021804,0006-04-25 09:00:00,6,4,25,9,0,770,479,"34, PECHEURS (CHEMIN DES",,,Plein jour,En agglomération,Hors intersection,Normale,Deux véhicules - côté,,,,,,,,,,,1,2,1,1,3
200600021805,0006-04-23 00:05:00,6,4,23,0,5,770,132,RN 34,,,Nuit sans éclairage public,Hors agglomération,Hors intersection,Normale,Deux véhicules - frontale,,,,,,,,,,,3,1,1,1,1
200600021806,0006-04-06 08:15:00,6,4,6,8,15,770,131,"24, GAMBETTA (COUR)",,,Plein jour,En agglomération,Hors intersection,Temps éblouissant,Autre collision,,,,,,,,,,,1,2,1,7,6
200600021807,0006-04-08 17:50:00,6,4,8,17,50,770,131,BLUM LEON (AVENUE),,,Plein jour,En agglomération,Intersection en X,Normale,Deux véhicules - côté,,,,,,,,,,,1,2,2,1,3
200600021808,0006-04-07 18:50:00,6,4,7,18,50,770,131,"139, REBAIS (AVENUE DE)",,,Plein jour,Hors agglomération,Hors intersection,Normale,Deux véhicules - arrière,,,,,,,,,,,1,1,1,1,2
200600021809,0006-04-26 18:15:00,6,4,26,18,15,770,42,GRANGES (LES D222 LIEU D,,,Plein jour,En agglomération,Hors intersection,Normale,Deux véhicules - arrière,,,,,,,,,,,1,2,1,1,2
200600021810,0006-04-27 16:10:00,6,4,27,16,10,770,131,"20, GAMBETTA (COUR)",,,Plein jour,En agglomération,Hors intersection,Normale,Autre collision,,,,,,,,,,,1,2,1,1,6