accident_id,datetime,annee,mois,jour,heure,minute,departement,commune_insee,adresse,latitude,longitude,luminosite,agglomeration,intersection,meteo,collision,nb_vehicules,nb_usagers,nb_indemnes,nb_tues,nb_blesses_hosp,nb_blesses_legers,age_cond_1,age_cond_2,veh_type_cond_1,veh_type_cond_2,lum_code,agg_code,int_code,atm_code,col_code
200600021811,0006-04-29 15:25:00,6,4,29,15,25,770,131,"122, REBAIS (AVENUE DE)",,,Plein jour,En agglomération,Hors intersection,Normale,Deux véhicules - arrière,,,,,,,,,,,1,2,1,1,2
200600021812,0006-04-27 19:50:00,6,4,27,19,50,770,407,FONTAINEBLEAU(AVENUE DE),,,Plein jour,En agglomération,Hors intersection,Normale,Deux véhicules - côté,,,,,,,,,,,1,2,1,1,3
200600021813,0006-04-13 21:35:00,6,4,13,21,35,770,186,RN6. de la rochette à l',,,Nuit avec éclairage allumé,Hors agglomération,Intersection en X,Normale,Trois véhicules et plus - collisions multiples,,,,,,,,,,,5,1,2,1,5
200600021814,0006-04-17 21:30:00,6,4,17,21,30,770,186,RD 409 panneau ONF à LIB,,,Nuit sans éclairage public,Hors agglomération,Hors intersection,Normale,Autre collision,,,,,,,,,,,3,1,1,1,6
200600021815,0006-04-07 20:35:00,6,4,7,20,35,770,37,REPUBLIQUE (RUE DE LA),,,Crépuscule ou aube,Hors agglomération,Intersection en T,Normale,Deux véhicules - côté,,,,,,,,,,,2,1,3,1,3
200600021816,0006-04-01 16:40:00,6,4,1,16,40,770,284,TESSAN (RUE FRANCOIS DE),,,Plein jour,En agglomération,Hors intersection,Normale,Autre collision,,,,,,,,,,,1,2,1,1,6
200600021817,0006-04-01 19:15:00,6,4,1,19,15,770,284,SENLIS (RUE DE),,,Plein jour,En agglomération,Intersection en T,Temps couvert,Deux véhicules - côté,,,,,,,,,,,1,2,3,8,3
200600021818,0006-04-02 10:00:00,6,4,2,10,0,770,284,VARREDES (ROUTE DE),,,Plein jour,Hors agglomération,Hors intersection,Temps couvert,Autre collision,,,,,,,,,,,1,1,1,8,6
200600021819,0006-04-04 14:05:00,6,4,4,14,5,770,284,"3, ALLENDE (AV.SALVADOR)",,,Plein jour,En agglomération,Hors intersection,Temps couvert,Autre collision,,,,,,,,,,,1,2,1,8,6
200600021820,0006-04-12 09:00:00,6,4,12,9,0,770,284,VARREDES (ROUTE DE),,,Plein jour,Hors agglomération,Hors intersection,Normale,Deux véhicules - arrière,,,,,,,,,,,1,1,1,1,2
200600021821,0006-04-12 19:20:00,6,4,12,19,20,770,284,VARREDES (ROUTE DE),,,Plein jour,Hors agglomération,Hors intersection,Normale,Deux véhicules - côté,,,,,,,,,,,1,1,1,1,3
200600021822,0006-04-16 16:50:00,6,4,16,16,50,770,330,"10, PEUPLIERS (RUE DES)",,,Plein jour,En agglomération,Hors intersection,Normale,Autre collision,,,,,,,,,,,1,2,1,1,6
200600021823,0006-04-21 18:55:00,6,4,21,18,55,770,284,VARREDES (ROUTE DE),,,Plein jour,Hors agglomération,Hors intersection,Normale,Autre collision,,,,,,,,,,,1,1,1,1,6
200600021824,0006-04-29 15:05:00,6,4,29,15,5,770,369,"12, MEAUX (AVENUE DE)",,,Plein jour,En agglomération,Hors intersection,Normale,Deux véhicules - côté,,,,,,,,,,,1,2,1,1,3
200600021825,0006-04-29 18:40:00,6,4,29,18,40,770,513,RN N°3 (ROUTE NATIONALE),,,Plein jour,En agglomération,Intersection en X,Normale,Deux véhicules - côté,,,,,,,,,,,1,2,2,1,3
200600021826,0006-04-30 03:50:00,6,4,30,3,50,770,475,RN 3,,,Nuit avec éclairage allumé,En agglomération,Hors intersection,Normale,Deux véhicules - côté,,,,,,,,,,,5,2,1,1,3
200600021827,0006-04-11 03:15:00,6,4,11,3,15,770,288,D.306,48.33714,2.37991,Nuit sans éclairage public,En agglomération,Hors intersection,Normale,Sans collision,,,,,,,,,,,3,2,1,1,7
200600021828,0006-04-19 20:50:00,6,4,19,20,50,770,288,THIERS   (AVENUE),48.31693,2.39247,Plein jour,En agglomération,Intersection en X,Normale,Deux véhicules - côté,,,,,,,,,,,1,2,2,1,3
200600021829,0006-04-04 14:20:00,6,4,4,14,20,770,123,MERMOZ (RUE),,,Plein jour,Hors agglomération,Hors intersection,Normale,Autre collision,,,,,,,,,,,1,1,1,1,6
200600021830,0006-04-09 15:15:00,6,4,9,15,15,770,123,CD 212,,,Plein jour,Hors agglomération,Hors intersection,Normale,Autre collision,,,,,,,,,,,1,1,1,1,6
200600021831,0006-04-27 06:30:00,6,4,27,6,30,770,294,C.D. 9,,,Crépuscule ou aube,En agglomération,Intersection en T,Normale,Deux véhicules - frontale,,,,,,,,,,,2,2,3,1,1
200600021832,0006-04-28 12:15:00,6,4,28,12,15,770,294,JEAN BAPTISTE CLEMENT (A,,,Plein jour,Hors agglomération,Hors intersection,Normale,Deux véhicules - côté,,,,,,,,,,,1,1,1,1,3
200600021833,0006-04-08 13:00:00,6,4,8,13,0,770,114,D471,,,Plein jour,Hors agglomération,Hors intersection,Normale,Deux véhicules - côté,,,,,,,,,,,1,1,1,1,3
200600021834,0006-04-23 13:15:00,6,4,23,13,15,770,251,D402,,,Plein jour,Hors agglomération,Intersection en T,Normale,Trois véhicules et plus - collisions multiples,,,,,,,,,,,1,1,3,1,5
200600021835,0006-04-27 06:10:00,6,4,27,6,10,770,450,RN 19,,,Nuit sans éclairage public,Hors agglomération,Hors intersection,Pluie légère,Sans collision,,,,,,,,,,,3,1,1,2,7
200600021836,0006-04-28 16:00:00,6,4,28,16,0,770,53,"73, PASTEUR (RUE)",,,Plein jour,En agglomération,Hors intersection,Normale,Deux véhicules - frontale,,,,,,,,,,,1,2,1,1,1
200600021837,0006-04-27 18:30:00,6,4,27,18,30,770,114,D471,,,Plein jour,Hors agglomération,Hors intersection,Normale,Trois véhicules et plus - en chaîne,,,,,,,,,,,1,1,1,1,4
200600021838,0006-04-17 05:55:00,6,4,17,5,55,770,482,ROUTE NATIONALE 6,,,Nuit sans éclairage public,Hors agglomération,Hors intersection,Pluie légère,Autre collision,,,,,,,,,,,3,1,1,2,6
200600021839,0006-04-18 12:10:00,6,4,18,12,10,770,16,"93 Bis, GLANDELLE (ROUTE",,,Plein jour,Hors agglomération,Hors intersection,Normale,Deux véhicules - côté,,,,,,,,,,,1,1,1,1,3
200600021840,0006-04-15 17:55:00,6,4,15,17,55,770,121,CENTRE COMMERCIAL REGION,,,Plein jour,Hors agglomération,Intersection en X,Normale,Autre collision,,,,,,,,,,,1,1,2,1,6
200600021841,0006-04-21 21:05:00,6,4,21,21,5,770,258,FREDERIC CHOPIN (BOULEVA,,,Nuit avec éclairage allumé,En agglomération,Intersection en X,Normale,Deux véhicules - côté,,,,,,,,,,,5,2,2,1,3
200600021842,0006-04-24 08:25:00,6,4,24,8,25,770,337,"12, SALVADOR ALLENDE (BO",,,Plein jour,En agglomération,Passage à niveau,Temps couvert,Autre collision,,,,,,,,,,,1,2,8,8,6
200600021843,0006-04-25 20:20:00,6,4,25,20,20,770,83,BOIS DE GRACE (BOULEVARD,,,Plein jour,En agglomération,Intersection en X,Normale,Deux véhicules - côté,,,,,,,,,,,1,2,2,1,3
200600021844,0006-04-28 05:45:00,6,4,28,5,45,770,215,RN4 HORS AGGLOMERATION,,,Nuit sans éclairage public,Hors agglomération,Hors intersection,Normale,Deux véhicules - côté,,,,,,,,,,,3,1,1,1,3
200600021845,0006-04-23 17:30:00,6,4,23,17,30,770,379,"40, BRAY (ROUTE DE)",,,Plein jour,En agglomération,Hors intersection,Normale,Deux véhicules - arrière,,,,,,,,,,,1,2,1,1,2
200600021846,0006-04-06 06:40:00,6,4,6,6,40,770,514,ROUTE NATIONALE 3,,,Crépuscule ou aube,Hors agglomération,Hors intersection,Normale,Deux véhicules - arrière,,,,,,,,,,,2,1,1,1,2
200600021847,0006-04-27 10:40:00,6,4,27,10,40,770,118,ABREUVOIR (RUELLE DE L'),,,Plein jour,En agglomération,Intersection en T,Normale,Deux véhicules - côté,,,,,,,,,,,1,2,3,1,3
200600021848,0006-04-01 15:25:00,6,4,1,15,25,780,172,"01, SARRAIL (RUE DU GENE",,,Plein jour,En agglomération,Intersection en T,Normale,Deux véhicules - côté,,,,,,,,,,,1,2,3,1,3
200600021849,0006-04-03 08:50:00,6,4,3,8,50,780,172,"52, FRANCE (RUE ANATOLE)",,,Plein jour,En agglomération,Intersection en X,Normale,Deux véhicules - frontale,,,,,,,,,,,1,2,2,1,1
200600021850,0006-04-08 18:40:00,6,4,8,18,40,780,138,RD 01,,,Plein jour,En agglomération,Hors intersection,Temps couvert,Sans collision,,,,,,,,,,,1,2,1,8,7
200600021851,0006-04-06 17:55:00,6,4,6,17,55,780,15,"30, FOCH (AVENUE DU MARE",,,Plein jour,En agglomération,Hors intersection,Normale,Sans collision,,,,,,,,,,,1,2,1,1,7
200600021852,0006-04-15 10:40:00,6,4,15,10,40,780,172,"19, CHAMPS DU FOUR (RUE",,,Plein jour,En agglomération,Hors intersection,Normale,Sans collision,,,,,,,,,,,1,2,1,1,7
200600021853,0006-04-18 13:25:00,6,4,18,13,25,780,15,RD POINT RD55/TRIEL/ANDR,,,Plein jour,En agglomération,Giratoire,Normale,Deux véhicules - arrière,,,,,,,,,,,1,2,6,1,2
200600021854,0006-04-24 08:40:00,6,4,24,8,40,780,15,RD 55,,,Plein jour,En agglomération,Intersection en T,Normale,Deux véhicules - arrière,,,,,,,,,,,1,2,3,1,2
200600021855,0006-04-14 19:15:00,6,4,14,19,15,780,172,"0.00, BRETELLE ACCES RD",,,Plein jour,En agglomération,Hors intersection,Normale,Sans collision,,,,,,,,,,,1,2,1,1,7
200600021856,0006-04-22 15:30:00,6,4,22,15,30,780,172,RN 184,,,Plein jour,En agglomération,Hors intersection,Normale,Sans collision,,,,,,,,,,,1,2,1,1,7
200600021857,0006-04-20 14:50:00,6,4,20,14,50,780,5,"0.00, CONFLANS (AVENUE D",,,Plein jour,En agglomération,Intersection en T,Normale,Sans collision,,,,,,,,,,,1,2,3,1,7
200600021858,0006-04-27 07:55:00,6,4,27,7,55,780,382,"0.00, VILLE DE PARIS (CH",,,Plein jour,En agglomération,Hors intersection,Normale,Sans collision,,,,,,,,,,,1,2,1,1,7
200600021859,0006-04-25 15:30:00,6,4,25,15,30,780,172,CERGY (RUE DE),,,Plein jour,En agglomération,Intersection en X,Normale,Deux véhicules - côté,,,,,,,,,,,1,2,2,1,3
200600021860,0006-04-04 18:05:00,6,4,4,18,5,780,168,"Indét, VOIE LATERALE SUD",,,Plein jour,En agglomération,Intersection en T,Normale,Deux véhicules - frontale,,,,,,,,,,,1,2,3,1,1
200600021861,0006-04-06 17:50:00,6,4,6,17,50,780,644,DEPARTEMENTALE 13 (ROUTE,,,Plein jour,En agglomération,Hors intersection,Normale,Sans collision,,,,,,,,,,,1,2,1,1,7
200600021862,0006-04-08 12:00:00,6,4,8,12,0,780,490,"Indét, DE GAULLE (AVENUE",,,Plein jour,En agglomération,Intersection en T,Normale,Deux véhicules - côté,,,,,,,,,,,1,2,3,1,3
200600021863,0006-04-07 08:55:00,6,4,7,8,55,780,490,"1, PASTEUR (RUE)",,,Plein jour,En agglomération,Hors intersection,Normale,Deux véhicules - côté,,,,,,,,,,,1,2,1,1,3
200600021864,0006-04-12 17:35:00,6,4,12,17,35,780,208,"Indét, POLITZER (AVENUE",,,Plein jour,En agglomération,Hors intersection,Normale,Trois véhicules et plus - en chaîne,,,,,,,,,,,1,2,1,1,4
200600021865,0006-04-19 08:15:00,6,4,19,8,15,780,490,DEPARTEMENTALE 912 (ROUT,,,Plein jour,Hors agglomération,Hors intersection,Normale,Deux véhicules - arrière,,,,,,,,,,,1,1,1,1,2
200600021866,0006-04-21 21:10:00,6,4,21,21,10,780,168,NATIONALE 10 (ROUTE),,,Nuit avec éclairage allumé,En agglomération,Intersection à plus de 4 branches,Normale,Deux véhicules - côté,,,,,,,,,,,5,2,5,1,3
200600021867,0006-04-22 15:10:00,6,4,22,15,10,780,168,NATIONALE 10 (ROUTE),,,Plein jour,En agglomération,Hors intersection,Normale,Deux véhicules - arrière,,,,,,,,,,,1,2,1,1,2
200600021868,0006-04-24 12:40:00,6,4,24,12,40,780,383,LANGRES (AVENUE DE),,,Plein jour,En agglomération,Hors intersection,Normale,Deux véhicules - côté,,,,,,,,,,,1,2,1,1,3
200600021869,0006-04-02 01:45:00,6,4,2,1,45,780,297,"17, CHATEAU (BOULEVARD D",,,Nuit sans éclairage public,En agglomération,Hors intersection,Autre,Autre collision,,,,,,,,,,,3,2,1,9,6
200600021870,0006-04-14 17:40:00,6,4,14,17,40,780,423,CD 36,,,Plein jour,En agglomération,Hors intersection,Normale,Deux véhicules - frontale,,,,,,,,,,,1,2,1,1,1
200600021871,0006-04-16 12:10:00,6,4,16,12,10,780,423,PAS DU LAC (AVENUE DU),,,Plein jour,En agglomération,Intersection en T,Temps couvert,Autre collision,,,,,,,,,,,1,2,3,8,6
200600021872,0006-04-18 20:45:00,6,4,18,20,45,780,688,"ignoré, CARTIER (RUE JAC",,,Crépuscule ou aube,En agglomération,Giratoire,Normale,Deux véhicules - côté,,,,,,,,,,,2,2,6,1,3
200600021873,0006-04-27 08:35:00,6,4,27,8,35,780,423,KIERSPE (AVENUE DE),,,Plein jour,En agglomération,Intersection en T,Normale,Deux véhicules - arrière,,,,,,,,,,,1,2,3,1,2
200600021874,0006-04-12 17:25:00,6,4,12,17,25,780,297,"1, COMMERCE (ALLEE DU)",,,Plein jour,En agglomération,Hors intersection,Temps éblouissant,Autre collision,,,,,,,,,,,1,2,1,7,6
200600021875,0006-04-27 07:30:00,6,4,27,7,30,780,311,"169, JEAN JAURES (BOULEV",,,Plein jour,En agglomération,Intersection en T,Normale,Autre collision,,,,,,,,,,,1,2,3,1,6
200600021876,0006-04-11 05:35:00,6,4,11,5,35,780,124,"114/116, GENERAL LECLERC",,,Nuit avec éclairage allumé,En agglomération,Hors intersection,Normale,Autre collision,,,,,,,,,,,5,2,1,1,6
200600021877,0006-04-04 20:05:00,6,4,4,20,5,780,358,"29, SAINT GERMAIN (AVENU",,,Crépuscule ou aube,En agglomération,Intersection en T,Normale,Deux véhicules - côté,,,,,,,,,,,2,2,3,1,3
200600021878,0006-04-05 18:15:00,6,4,5,18,15,780,361,"1, PLACE HEVRE",,,Plein jour,En agglomération,Intersection en T,Normale,Deux véhicules - côté,,,,,,,,,,,1,2,3,1,3
200600021879,0006-04-18 15:00:00,6,4,18,15,0,780,335,AVENUE WILSON,,,Plein jour,En agglomération,Intersection en X,Normale,Autre collision,,,,,,,,,,,1,2,2,1,6
200600021880,0006-04-27 08:30:00,6,4,27,8,30,780,674,CD 98,,,Plein jour,Hors agglomération,Giratoire,Normale,Deux véhicules - côté,,,,,,,,,,,1,1,6,1,3
200600021881,0006-04-08 02:55:00,6,4,8,2,55,780,440,PAUL RAOULT (AVENUE),,,Nuit avec éclairage allumé,En agglomération,Giratoire,Normale,Autre collision,,,,,,,,,,,5,2,6,1,6
200600021882,0006-04-06 16:05:00,6,4,6,16,5,780,238,", CD 14",,,Plein jour,En agglomération,Intersection en T,Normale,Deux véhicules - côté,,,,,,,,,,,1,2,3,1,3
200600021883,0006-04-06 15:00:00,6,4,6,15,0,780,638,"250, GENERAL DE GAULLE (",,,Plein jour,En agglomération,Hors intersection,Normale,Autre collision,,,,,,,,,,,1,2,1,1,6
200600021884,0006-04-06 08:00:00,6,4,6,8,0,780,403,"42, CHATEAUBRIAND (AVENU",,,Plein jour,En agglomération,Hors intersection,Normale,Deux véhicules - côté,,,,,,,,,,,1,2,1,1,3
200600021885,0006-04-05 18:25:00,6,4,5,18,25,780,440,CD 14,,,Plein jour,En agglomération,Hors intersection,Normale,Autre collision,,,,,,,,,,,1,2,1,1,6
200600021886,0006-04-03 17:45:00,6,4,3,17,45,780,440,"30, JEAN JAURES  (RUE)",,,Plein jour,En agglomération,Intersection en X,Normale,Deux véhicules - arrière,,,,,,,,,,,1,2,2,1,2
200600021887,0006-04-02 17:20:00,6,4,2,17,20,780,440,LEON FOURCIL (RUE),,,Plein jour,En agglomération,Hors intersection,Normale,Deux véhicules - côté,,,,,,,,,,,1,2,1,1,3
200600021888,0006-04-02 02:00:00,6,4,2,2,0,780,440,PAUL RAOULT (AVENUE),,,Nuit avec éclairage allumé,En agglomération,Giratoire,Normale,Autre collision,,,,,,,,,,,5,2,6,1,6
200600021889,0006-04-17 06:30:00,6,4,17,6,30,780,609,CD 28,,,Crépuscule ou aube,Hors agglomération,Hors intersection,Normale,Autre collision,,,,,,,,,,,2,1,1,1,6
200600021890,0006-04-14 20:50:00,6,4,14,20,50,780,29,"32, PLATEAU (RUE DU)",,,Nuit avec éclairage allumé,En agglomération,Hors intersection,Normale,Sans collision,,,,,,,,,,,5,2,1,1,7
200600021891,0006-04-11 17:10:00,6,4,11,17,10,780,401,"15, FRANCOIS DU VEXIN (R",,,Plein jour,En agglomération,Intersection en X,Normale,Autre collision,,,,,,,,,,,1,2,2,1,6
200600021892,0006-04-22 14:55:00,6,4,22,14,55,780,29,CD 113,,,Plein jour,En agglomération,Giratoire,Normale,Sans collision,,,,,,,,,,,1,2,6,1,7
200600021893,0006-04-22 11:06:00,6,4,22,11,6,780,440,CENTRE ESPACE,,,Plein jour,En agglomération,Hors intersection,Normale,Deux véhicules - côté,,,,,,,,,,,1,2,1,1,3
200600021894,0006-04-30 17:10:00,6,4,30,17,10,780,401,RHIN ET DANUBE (PONT),,,Plein jour,En agglomération,Hors intersection,Normale,Deux véhicules - arrière,,,,,,,,,,,1,2,1,1,2
200600021895,0006-04-28 23:15:00,6,4,28,23,15,780,29,"57, YPRES (AVENUE D')",,,Nuit avec éclairage allumé,En agglomération,Hors intersection,Normale,Sans collision,,,,,,,,,,,5,2,1,1,7
200600021896,0006-04-04 08:40:00,6,4,4,8,40,780,624,DOUMER RUE PAUL,,,Plein jour,Hors agglomération,Hors intersection,Normale,Autre collision,,,,,,,,,,,1,1,1,1,6
200600021897,0006-04-17 14:25:00,6,4,17,14,25,780,123,EUROPE (RN 190) AVENUE D,,,Plein jour,Hors agglomération,Hors intersection,Normale,Autre collision,,,,,,,,,,,1,1,1,1,6
200600021898,0006-04-26 14:23:00,6,4,26,14,23,780,123,DOCTEUR TOUBOU RUE,,,Plein jour,En agglomération,Intersection en T,Normale,Deux véhicules - côté,,,,,,,,,,,1,2,3,1,3
200600021899,0006-04-22 17:20:00,6,4,22,17,20,780,498,"13, BON ROI SAINT LOUIS",,,Plein jour,Hors agglomération,Hors intersection,Normale,Deux véhicules - côté,,,,,,,,,,,1,1,1,1,3
200600021900,0006-04-20 08:25:00,6,4,20,8,25,780,642,CLEMENCEAU BD GEORGES,,,Plein jour,En agglomération,Intersection en T,Normale,Deux véhicules - côté,,,,,,,,,,,1,2,3,1,3
200600021901,0006-04-25 17:55:00,6,4,25,17,55,780,498,LEMELLE BD LOUIS,,,Plein jour,En agglomération,Intersection en Y,Normale,Deux véhicules - frontale,,,,,,,,,,,1,2,4,1,1
200600021902,0006-04-27 07:40:00,6,4,27,7,40,780,498,DEVAUX BD,,,Plein jour,En agglomération,Hors intersection,Normale,Deux véhicules - arrière,,,,,,,,,,,1,2,1,1,2
200600021903,0006-04-27 09:15:00,6,4,27,9,15,780,498,EISENHOWER AV DU GENERAL,,,Nuit avec éclairage allumé,En agglomération,Intersection en T,Normale,Deux véhicules - côté,,,,,,,,,,,5,2,3,1,3
200600021904,0006-04-20 09:10:00,6,4,20,9,10,780,642,COTE NARBONNE RUE DE LA,,,Plein jour,Hors agglomération,Hors intersection,Normale,Deux véhicules - frontale,,,,,,,,,,,1,1,1,1,1
200600021905,0006-04-03 19:25:00,6,4,3,19,25,780,123,HALLAGE CHEMIN DU,,,Plein jour,Hors agglomération,Hors intersection,Normale,Autre collision,,,,,,,,,,,1,1,1,1,6
200600021906,0006-04-15 17:55:00,6,4,15,17,55,780,643,RD1,,,Plein jour,Hors agglomération,Hors intersection,Pluie légère,Autre collision,,,,,,,,,,,1,1,1,2,6
200600021907,0006-04-08 17:50:00,6,4,8,17,50,780,486,RN 10,,,Plein jour,Hors agglomération,Hors intersection,Normale,Sans collision,,,,,,,,,,,1,1,1,1,7
200600021908,0006-04-16 12:45:00,6,4,16,12,45,780,517,"00000, LACHAUX (RUE)",,,Plein jour,En agglomération,Intersection en T,Normale,Trois véhicules et plus - collisions multiples,,,,,,,,,,,1,2,3,1,5
200600021909,0006-04-04 08:30:00,6,4,4,8,30,780,481,"Ignoré, MARECHAL DE LATT",,,Plein jour,En agglomération,Hors intersection,Normale,Sans collision,,,,,,,,,,,1,2,1,1,7
200600021910,0006-04-05 08:50:00,6,4,5,8,50,780,551,"Ignoré, RN 190",,,Plein jour,Hors agglomération,Hors intersection,Normale,Sans collision,,,,,,,,,,,1,1,1,1,7
200600021911,0006-04-22 05:15:00,6,4,22,5,15,780,551,RN 184,,,Nuit sans éclairage public,Hors agglomération,Hors intersection,Normale,Sans collision,,,,,,,,,,,3,1,1,1,7
200600021912,0006-04-25 21:10:00,6,4,25,21,10,780,481,"10, CHARLES DE GAULLE (A",,,Crépuscule ou aube,En agglomération,Hors intersection,Normale,Autre collision,,,,,,,,,,,2,2,1,1,6
200600021913,0006-04-06 18:00:00,6,4,6,18,0,780,586,CONVENTION N° IMPAIR,,,Plein jour,En agglomération,Intersection en X,Normale,Deux véhicules - côté,,,,,,,,,,,1,2,2,1,3
200600021914,0006-04-08 17:00:00,6,4,8,17,0,780,586,ESNAULT PELTERIE,,,Plein jour,En agglomération,Hors intersection,Normale,Autre collision,,,,,,,,,,,1,2,1,1,6
200600021915,0006-04-15 14:20:00,6,4,15,14,20,780,586,CONVENTION N° IMPAIR,,,Plein jour,En agglomération,Intersection en X,Pluie forte,Deux véhicules - côté,,,,,,,,,,,1,2,2,3,3
200600021916,0006-04-21 17:10:00,6,4,21,17,10,780,586,REPUBLIQUE (AVENUE) N° I,,,Plein jour,En agglomération,Hors intersection,Normale,Autre collision,,,,,,,,,,,1,2,1,1,6
200600021917,0006-04-25 06:55:00,6,4,25,6,55,780,586,PONTOISE,,,Crépuscule ou aube,En agglomération,Intersection en T,Normale,Trois véhicules et plus - en chaîne,,,,,,,,,,,2,2,3,1,4
200600021918,0006-04-27 12:25:00,6,4,27,12,25,780,586,", KOCH (PAUL DE)",,,Plein jour,En agglomération,Hors intersection,Normale,Autre collision,,,,,,,,,,,1,2,1,1,6
200600021919,0006-04-28 16:40:00,6,4,28,16,40,780,586,TOBROUK,,,Plein jour,En agglomération,Hors intersection,Normale,Deux véhicules - arrière,,,,,,,,,,,1,2,1,1,2
200600021920,0006-04-21 18:45:00,6,4,21,18,45,780,621,NATIONALE 10   (ROUTE),,,Plein jour,Hors agglomération,Hors intersection,Pluie forte,Autre collision,,,,,,,,,,,1,1,1,3,6
200600021921,0006-04-22 18:35:00,6,4,22,18,35,780,621,PHILIPPE (RUE GERARD),,,Plein jour,En agglomération,Hors intersection,Normale,Autre collision,,,,,,,,,,,1,2,1,1,6
200600021922,0006-04-23 16:15:00,6,4,23,16,15,780,621,NATIONALE 10   (ROUTE),,,Plein jour,Hors agglomération,Hors intersection,Pluie forte,Autre collision,,,,,,,,,,,1,1,1,3,6
200600021923,0006-04-29 07:55:00,6,4,29,7,55,780,621,CASTIGLIONE DEL LAGO (RU,,,Crépuscule ou aube,En agglomération,Intersection en X,Normale,Deux véhicules - côté,,,,,,,,,,,2,2,2,1,3
200600021924,0006-04-02 10:10:00,6,4,2,10,10,780,640,"17, ROBERT WAGNER (AVENU",,,Plein jour,En agglomération,Hors intersection,Pluie forte,Deux véhicules - côté,,,,,,,,,,,1,2,1,3,3
200600021925,0006-04-06 19:10:00,6,4,6,19,10,780,640,EUROPE (AVENUE DE L'),,,Plein jour,En agglomération,Hors intersection,Normale,Deux véhicules - frontale,,,,,,,,,,,1,2,1,1,1
200600021926,0006-04-29 15:20:00,6,4,29,15,20,780,640,ANDRE CITROEN (RUE),,,Plein jour,En agglomération,Hors intersection,Normale,Autre collision,,,,,,,,,,,1,2,1,1,6
200600021927,0006-04-01 17:20:00,6,4,1,17,20,780,646,"0, PARIS (AVENUE DE)",,,Plein jour,En agglomération,Intersection en X,Pluie légère,Deux véhicules - côté,,,,,,,,,,,1,2,2,2,3
200600021928,0006-04-06 16:00:00,6,4,6,16,0,780,646,SAINT CYR (ROUTE DE),,,Plein jour,Hors agglomération,Hors intersection,Normale,Deux véhicules - côté,,,,,,,,,,,1,1,1,1,3
200600021929,0006-04-10 13:05:00,6,4,10,13,5,780,646,"Néant, EUROPE (AVENUE DE",,,Plein jour,En agglomération,Hors intersection,Normale,Autre collision,,,,,,,,,,,1,2,1,1,6
200600021930,0006-04-22 18:15:00,6,4,22,18,15,780,158,NOAILLES (RUE DE),,,Plein jour,En agglomération,Intersection en T,Normale,Deux véhicules - côté,,,,,,,,,,,1,2,3,1,3
200600021931,0006-04-25 17:15:00,6,4,25,17,15,780,158,"40, VERSAILLES (RUE DE)",,,Plein jour,En agglomération,Hors intersection,Normale,Autre collision,,,,,,,,,,,1,2,1,1,6
200600021932,0006-04-26 08:15:00,6,4,26,8,15,780,646,CONDAMINES (ROND POINT D,,,Plein jour,En agglomération,Giratoire,Normale,Autre collision,,,,,,,,,,,1,2,6,1,6
200600021933,0006-04-27 22:25:00,6,4,27,22,25,780,158,"Néant, DOCTEUR SCHWEITZE",,,Nuit avec éclairage allumé,En agglomération,Hors intersection,Normale,Autre collision,,,,,,,,,,,5,2,1,1,6
200600021934,0006-04-28 15:40:00,6,4,28,15,40,780,646,ORANGERIE (RUE DE L'),,,Plein jour,En agglomération,Intersection en T,Normale,Trois véhicules et plus - collisions multiples,,,,,,,,,,,1,2,3,1,5
200600021935,0006-04-04 16:40:00,6,4,4,16,40,780,146,VESINET (ROUTE DU),,,Plein jour,En agglomération,Intersection en T,Normale,Deux véhicules - côté,,,,,,,,,,,1,2,3,1,3
200600021936,0006-04-07 08:00:00,6,4,7,8,0,780,146,"41, REPUBLIQUE (BOULEVAR",,,Plein jour,En agglomération,Hors intersection,Normale,Deux véhicules - côté,,,,,,,,,,,1,2,1,1,3
200600021937,0006-04-19 18:20:00,6,4,19,18,20,780,650,"0, VILLEBOIS MAREUIL (RU",,,Plein jour,En agglomération,Intersection en T,Normale,Autre collision,,,,,,,,,,,1,2,3,1,6
200600021938,0006-04-12 15:40:00,6,4,12,15,40,790,191,"1, GARE",,,Plein jour,En agglomération,Intersection en X,Normale,Sans collision,,,,,,,,,,,1,2,2,1,7
200600021939,0006-04-14 21:00:00,6,4,14,21,0,790,191,ATLANTIQUE (BD) LA ROCHE,,,Nuit avec éclairage allumé,En agglomération,Intersection en X,Temps couvert,Deux véhicules - côté,,,,,,,,,,,5,2,2,8,3
200600021940,0006-04-03 11:20:00,6,4,3,11,20,790,329,EMILE ZOLA (AVENUE),,,Plein jour,En agglomération,Intersection en X,Normale,Deux véhicules - côté,,,,,,,,,,,1,2,2,1,3
200600021941,0006-04-21 17:34:00,6,4,21,17,34,790,329,"38, VICTOR HUGO (AVENUE)",,,Plein jour,En agglomération,Hors intersection,Normale,Deux véhicules - côté,,,,,,,,,,,1,2,1,1,3
200600021942,0006-04-23 12:22:00,6,4,23,12,22,790,329,ALFRED DE VIGNY (BOULEVA,,,Plein jour,En agglomération,Intersection en X,Normale,Trois véhicules et plus - collisions multiples,,,,,,,,,,,1,2,2,1,5
200600021943,0006-04-23 20:30:00,6,4,23,20,30,790,329,"5, Z.I. MOTTE DE JUSTICE",,,Plein jour,En agglomération,Hors intersection,Temps couvert,Deux véhicules - frontale,,,,,,,,,,,1,2,1,8,1
200600021944,0006-04-11 16:05:00,6,4,11,16,5,800,1,"18, PRESIDENT ROBERT SCH",,,Plein jour,En agglomération,Hors intersection,Normale,Deux véhicules - arrière,,,,,,,,,,,1,2,1,1,2
200600021945,0006-04-18 17:45:00,6,4,18,17,45,800,1,"42, SAINT-GILLES",,,Plein jour,En agglomération,Autre intersection,Normale,Autre collision,,,,,,,,,,,1,2,9,1,6