accident_id,datetime,annee,mois,jour,heure,minute,departement,commune_insee,adresse,latitude,longitude,luminosite,agglomeration,intersection,meteo,collision,nb_vehicules,nb_usagers,nb_indemnes,nb_tues,nb_blesses_hosp,nb_blesses_legers,age_cond_1,age_cond_2,veh_type_cond_1,veh_type_cond_2,lum_code,agg_code,int_code,atm_code,col_code
200600022478,0006-04-21 12:30:00,6,4,21,12,30,930,29,"1, ROGER SALENGRO N° 01-",,,Plein jour,En agglomération,Giratoire,Normale,Deux véhicules - côté,,,,,,,,,,,1,2,6,1,3
200600022479,0006-04-01 17:35:00,6,4,1,17,35,930,31,"6, ARMENTIERES (RUE D')",,,Plein jour,En agglomération,Hors intersection,Normale,Autre collision,,,,,,,,,,,1,2,1,1,6
200600022480,0006-04-03 09:30:00,6,4,3,9,30,930,31,"0, ESPACE LUMIERE-DELATT",,,Plein jour,En agglomération,Giratoire,Normale,Autre collision,,,,,,,,,,,1,2,6,1,6
200600022481,0006-04-03 14:35:00,6,4,3,14,35,930,79,"02, RAYMOND BROSSE",,,Plein jour,En agglomération,Giratoire,Normale,Deux véhicules - arrière,,,,,,,,,,,1,2,6,1,2
200600022482,0006-04-03 17:30:00,6,4,3,17,30,930,31,"0, DE LATTRE DE TASSIGNY",,,Plein jour,En agglomération,Intersection en Y,Normale,Deux véhicules - arrière,,,,,,,,,,,1,2,4,1,2
200600022483,0006-04-06 18:45:00,6,4,6,18,45,930,31,"34, CDT LOUIS BOUCHET (A",,,Plein jour,En agglomération,Hors intersection,Normale,Autre collision,,,,,,,,,,,1,2,1,1,6
200600022484,0006-04-11 06:40:00,6,4,11,6,40,930,31,"0, SAINT LEU (ROUTE DE)",,,Plein jour,En agglomération,Giratoire,Normale,Autre collision,,,,,,,,,,,1,2,6,1,6
200600022485,0006-04-19 17:10:00,6,4,19,17,10,930,31,"0, MARSEILLE (RUE DE)",,,Plein jour,En agglomération,Intersection en X,Normale,Deux véhicules - frontale,,,,,,,,,,,1,2,2,1,1
200600022486,0006-04-20 13:55:00,6,4,20,13,55,930,31,"35, FOCH (BOULEVARD)",,,Plein jour,En agglomération,Hors intersection,Normale,Autre collision,,,,,,,,,,,1,2,1,1,6
200600022487,0006-04-24 17:00:00,6,4,24,17,0,930,31,"207, REPUBLIQUE (AVENUE)",,,Plein jour,En agglomération,Hors intersection,Normale,Deux véhicules - arrière,,,,,,,,,,,1,2,1,1,2
200600022488,0006-04-25 08:30:00,6,4,25,8,30,930,31,"31, FOCH (BOULEVARD)",,,Plein jour,En agglomération,Autre intersection,Normale,Deux véhicules - côté,,,,,,,,,,,1,2,9,1,3
200600022489,0006-04-25 18:20:00,6,4,25,18,20,930,31,"54, CDT LOUIS BOUCHET (A",,,Plein jour,En agglomération,Intersection en T,Normale,Deux véhicules - frontale,,,,,,,,,,,1,2,3,1,1
200600022490,0006-04-02 21:50:00,6,4,2,21,50,930,32,PARIS  (RUE DE),,,Nuit avec éclairage allumé,En agglomération,Hors intersection,Normale,Trois véhicules et plus - en chaîne,,,,,,,,,,,5,2,1,1,4
200600022491,0006-04-05 15:30:00,6,4,5,15,30,930,32,"19, CONTANT   (RUE)",,,Plein jour,En agglomération,Hors intersection,Normale,Deux véhicules - côté,,,,,,,,,,,1,2,1,1,3
200600022492,0006-04-05 07:35:00,6,4,5,7,35,930,32,"104, DIX NEUF MARS   (RU",,,Plein jour,En agglomération,Hors intersection,Normale,Autre collision,,,,,,,,,,,1,2,1,1,6
200600022493,0006-04-04 16:30:00,6,4,4,16,30,930,61,"07, AUGIER EMILE RUE",,,Plein jour,En agglomération,Hors intersection,Normale,Autre collision,,,,,,,,,,,1,2,1,1,6
200600022494,0006-04-05 15:55:00,6,4,5,15,55,930,45,JUIN AVENUE DU MARECHAL,,,Plein jour,En agglomération,Intersection en X,Normale,Deux véhicules - côté,,,,,,,,,,,1,2,2,1,3
200600022495,0006-04-10 17:40:00,6,4,10,17,40,930,63,"6, BOISSIERE BD DE LA",,,Plein jour,En agglomération,Hors intersection,Normale,Autre collision,,,,,,,,,,,1,2,1,1,6
200600022496,0006-04-11 15:20:00,6,4,11,15,20,930,6,"40, GAMBETTA AV.",,,Plein jour,En agglomération,Hors intersection,Normale,Deux véhicules - côté,,,,,,,,,,,1,2,1,1,3
200600022497,0006-04-20 05:10:00,6,4,20,5,10,930,6,", GIRARDOT RUE",,,Nuit avec éclairage allumé,En agglomération,Intersection en X,Normale,Deux véhicules - côté,,,,,,,,,,,5,2,2,1,3
200600022498,0006-04-21 14:00:00,6,4,21,14,0,930,45,"59, LIBERTE BD DE LA",,,Plein jour,En agglomération,Hors intersection,Normale,Autre collision,,,,,,,,,,,1,2,1,1,6
200600022499,0006-04-25 19:45:00,6,4,25,19,45,930,6,"96, GALLIENI  AV.",,,Plein jour,En agglomération,Hors intersection,Normale,Autre collision,,,,,,,,,,,1,2,1,1,6
200600022500,0006-04-03 00:15:00,6,4,3,0,15,930,15,"NR, STRATEGIQUE ROUTE",,,Nuit sans éclairage public,Hors agglomération,Hors intersection,Normale,Autre collision,,,,,,,,,,,3,1,1,1,6
200600022501,0006-04-07 08:40:00,6,4,7,8,40,930,46,"148, EMILE GERARD AVENUE",,,Plein jour,En agglomération,Hors intersection,Normale,Deux véhicules - côté,,,,,,,,,,,1,2,1,1,3
200600022502,0006-04-12 13:50:00,6,4,12,13,50,930,46,"NR, CLICHY CHEMIN DE",,,Plein jour,En agglomération,Hors intersection,Normale,Deux véhicules - frontale,,,,,,,,,,,1,2,1,1,1
200600022503,0006-04-14 09:50:00,6,4,14,9,50,930,46,"NR, NEMOURS ALLEE DE",,,Plein jour,En agglomération,Intersection en X,Normale,Deux véhicules - côté,,,,,,,,,,,1,2,2,1,3
200600022504,0006-04-17 10:25:00,6,4,17,10,25,930,74,"NR, MONTAUBAN RUE DE",,,Plein jour,Hors agglomération,Intersection en T,Normale,Deux véhicules - côté,,,,,,,,,,,1,1,3,1,3
200600022505,0006-04-18 09:00:00,6,4,18,9,0,930,74,"NR, DE GAULLE AVENUE DU",,,Plein jour,En agglomération,Intersection en X,Normale,Deux véhicules - côté,,,,,,,,,,,1,2,2,1,3
200600022506,0006-04-20 16:10:00,6,4,20,16,10,930,46,"NR, JOSEPH NOIZE ALLEE",,,Plein jour,En agglomération,Intersection en X,Normale,Deux véhicules - côté,,,,,,,,,,,1,2,2,1,3
200600022507,0006-04-23 14:25:00,6,4,23,14,25,930,15,"NR, BEAUSEJOUR AVENUE",,,Plein jour,En agglomération,Intersection en X,Normale,Deux véhicules - côté,,,,,,,,,,,1,2,2,1,3
200600022508,0006-04-24 08:30:00,6,4,24,8,30,930,46,ORLEANS AVENUE,,,Plein jour,En agglomération,Intersection en X,Normale,Deux véhicules - côté,,,,,,,,,,,1,2,2,1,3
200600022509,0006-04-27 09:10:00,6,4,27,9,10,930,46,"NR, CHATEAU RUE",,,Plein jour,En agglomération,Intersection en X,Normale,Deux véhicules - arrière,,,,,,,,,,,1,2,2,1,2
200600022510,0006-04-13 14:45:00,6,4,13,14,45,930,48,"06, RENARDIERE (RUE DE L",,,Plein jour,En agglomération,Hors intersection,Normale,Autre collision,,,,,,,,,,,1,2,1,1,6
200600022511,0006-04-14 00:10:00,6,4,14,0,10,930,48,"249, ROSNY (RUE DE)",,,Nuit sans éclairage public,En agglomération,Hors intersection,Normale,Autre collision,,,,,,,,,,,3,2,1,1,6
200600022512,0006-04-15 16:15:00,6,4,15,16,15,930,48,ARISTIDE BRIAND (BOULEVA,,,Plein jour,En agglomération,Intersection en T,Pluie légère,Deux véhicules - côté,,,,,,,,,,,1,2,3,2,3
200600022513,0006-04-09 00:01:00,6,4,9,0,1,930,49,MARCEL DASSAULT (AVENUE),,,Nuit avec éclairage allumé,En agglomération,Autre intersection,Normale,Trois véhicules et plus - collisions multiples,,,,,,,,,,,5,2,9,1,5
200600022514,0006-04-09 05:30:00,6,4,9,5,30,930,49,PRESIDENT ROOSEVELT (AVE,,,Crépuscule ou aube,En agglomération,Intersection en X,Normale,Deux véhicules - côté,,,,,,,,,,,2,2,2,1,3
200600022515,0006-04-12 17:40:00,6,4,12,17,40,930,49,MEAUX (CHEMIN),,,Plein jour,En agglomération,Intersection en T,Normale,Autre collision,,,,,,,,,,,1,2,3,1,6
200600022516,0006-04-27 19:55:00,6,4,27,19,55,930,50,"65, ONZE NOVEMBRE (RUE)",,,Plein jour,En agglomération,Hors intersection,Normale,Deux véhicules - arrière,,,,,,,,,,,1,2,1,1,2
200600022517,0006-04-28 07:50:00,6,4,28,7,50,930,50,"55, LOUIS ARMAND (RUE)",,,Plein jour,En agglomération,Hors intersection,Normale,Autre collision,,,,,,,,,,,1,2,1,1,6
200600022518,0006-04-29 21:30:00,6,4,29,21,30,930,50,MARECHAL FOCH (AVENUE) C,,,Crépuscule ou aube,En agglomération,Intersection en X,Normale,Deux véhicules - côté,,,,,,,,,,,2,2,2,1,3
200600022519,0006-04-03 17:15:00,6,4,3,17,15,930,51,BOIS SAINT MARTIN (AVENU,,,Plein jour,En agglomération,Autre intersection,Normale,Autre collision,,,,,,,,,,,1,2,9,1,6
200600022520,0006-04-05 18:30:00,6,4,5,18,30,930,51,MARECHAL FOCH (BOULEVARD,,,Plein jour,En agglomération,Intersection en T,Normale,Deux véhicules - arrière,,,,,,,,,,,1,2,3,1,2
200600022521,0006-04-06 08:35:00,6,4,6,8,35,930,51,HAUTS CHATEAUX,,,Plein jour,En agglomération,Hors intersection,Normale,Deux véhicules - arrière,,,,,,,,,,,1,2,1,1,2
200600022522,0006-04-11 20:50:00,6,4,11,20,50,930,51,PABLO PICASSO (PLACE),,,Nuit avec éclairage allumé,En agglomération,Hors intersection,Normale,Deux véhicules - arrière,,,,,,,,,,,5,2,1,1,2
200600022523,0006-04-12 13:00:00,6,4,12,13,0,930,51,GRAHAM BELL,,,Plein jour,En agglomération,Intersection en T,Normale,Autre collision,,,,,,,,,,,1,2,3,1,6
200600022524,0006-04-18 18:45:00,6,4,18,18,45,930,51,"01, GOURNAY (ROUTE)",,,Plein jour,En agglomération,Intersection en Y,Normale,Deux véhicules - arrière,,,,,,,,,,,1,2,4,1,2
200600022525,0006-04-27 21:00:00,6,4,27,21,0,930,51,MARECHAL FOCH (BOULEVARD,,,Crépuscule ou aube,En agglomération,Hors intersection,Normale,Deux véhicules - côté,,,,,,,,,,,2,2,1,1,3
200600022526,0006-04-04 07:15:00,6,4,4,7,15,930,53,"88, ROGER SALENGRO (BLD)",,,Plein jour,En agglomération,Hors intersection,Normale,Autre collision,,,,,,,,,,,1,2,1,1,6
200600022527,0006-04-10 14:25:00,6,4,10,14,25,930,53,"1, MARCEAU (AVENUE)",,,Plein jour,En agglomération,Intersection en X,Normale,Deux véhicules - côté,,,,,,,,,,,1,2,2,1,3
200600022528,0006-04-18 14:20:00,6,4,18,14,20,930,53,"1, JULES FERRY (RUE)",,,Plein jour,En agglomération,Intersection en T,Normale,Deux véhicules - côté,,,,,,,,,,,1,2,3,1,3
200600022529,0006-04-28 17:15:00,6,4,28,17,15,930,53,"39, GALLIENI",,,Plein jour,En agglomération,Hors intersection,Normale,Autre collision,,,,,,,,,,,1,2,1,1,6
200600022530,0006-04-05 08:40:00,6,4,5,8,40,930,55,"13, GENERAL LECLERC (AVE",,,Plein jour,En agglomération,Hors intersection,Normale,Deux véhicules - côté,,,,,,,,,,,1,2,1,1,3
200600022531,0006-04-11 14:25:00,6,4,11,14,25,930,55,"100, GENERAL LECLERC(AVE",,,Plein jour,En agglomération,Hors intersection,Normale,Deux véhicules - côté,,,,,,,,,,,1,2,1,1,3
200600022532,0006-04-12 14:05:00,6,4,12,14,5,930,55,"55, JULES AUFFRET (51/FI",,,Plein jour,En agglomération,Intersection en X,Normale,Deux véhicules - arrière,,,,,,,,,,,1,2,2,1,2
200600022533,0006-04-14 08:45:00,6,4,14,8,45,930,55,"130, JEAN JAURES (AVENUE",,,Plein jour,En agglomération,Hors intersection,Normale,Deux véhicules - côté,,,,,,,,,,,1,2,1,1,3
200600022534,0006-04-19 18:45:00,6,4,19,18,45,930,55,"58, EDOUARD VAILLANT DU",,,Plein jour,En agglomération,Hors intersection,Normale,Autre collision,,,,,,,,,,,1,2,1,1,6
200600022535,0006-04-23 01:40:00,6,4,23,1,40,930,55,"158, JEAN JAURES (AVENUE",,,Nuit avec éclairage allumé,En agglomération,Hors intersection,Normale,Trois véhicules et plus - en chaîne,,,,,,,,,,,5,2,1,1,4
200600022536,0006-04-25 05:50:00,6,4,25,5,50,930,55,"153, JEAN LOLIVE (AVENUE",,,Plein jour,En agglomération,Hors intersection,Normale,Deux véhicules - arrière,,,,,,,,,,,1,2,1,1,2
200600022537,0006-04-06 17:30:00,6,4,6,17,30,930,62,"0, CHELLES (ALLEE DE)",,,Plein jour,En agglomération,Intersection en X,Normale,Deux véhicules - côté,,,,,,,,,,,1,2,2,1,3
200600022538,0006-04-10 00:01:00,6,4,10,0,1,930,62,RESISTANCE (AVENUE DE LA,,,Nuit avec éclairage allumé,En agglomération,Intersection en X,Normale,Deux véhicules - côté,,,,,,,,,,,5,2,2,1,3
200600022539,0006-04-13 18:40:00,6,4,13,18,40,930,14,"13, RESIDENCE LA FORESTI",,,Plein jour,En agglomération,Hors intersection,Normale,Autre collision,,,,,,,,,,,1,2,1,1,6
200600022540,0006-04-15 13:30:00,6,4,15,13,30,930,14,EMILE ZOLA (BOULEVARD),,,Plein jour,En agglomération,Intersection à plus de 4 branches,Pluie légère,Autre collision,,,,,,,,,,,1,2,5,2,6
200600022541,0006-04-15 13:15:00,6,4,15,13,15,930,14,"2, MAURICE AUDIN (ALLEE)",,,Plein jour,En agglomération,Hors intersection,Pluie légère,Autre collision,,,,,,,,,,,1,2,1,2,6
200600022542,0006-04-20 22:00:00,6,4,20,22,0,930,47,NOTRE-DAME DES ANGES (AL,,,Nuit avec éclairage allumé,En agglomération,Hors intersection,Normale,Sans collision,,,,,,,,,,,5,2,1,1,7
200600022543,0006-04-30 10:40:00,6,4,30,10,40,930,62,"03, MONTFERMEIL (ALLEE D",,,Plein jour,En agglomération,Hors intersection,Normale,Deux véhicules - arrière,,,,,,,,,,,1,2,1,1,2
200600022544,0006-04-09 00:35:00,6,4,9,0,35,930,77,"65, GRANDE RUE  18 / FIN",,,Nuit avec éclairage allumé,En agglomération,Hors intersection,Normale,Autre collision,,,,,,,,,,,5,2,1,1,6
200600022545,0006-04-12 14:15:00,6,4,12,14,15,930,64,"140, PERI (BOULEVARD GAB",,,Plein jour,En agglomération,Hors intersection,Normale,Trois véhicules et plus - en chaîne,,,,,,,,,,,1,2,1,1,4
200600022546,0006-04-21 16:00:00,6,4,21,16,0,930,64,"02, LECLERC (RUE DU GENE",,,Plein jour,En agglomération,Hors intersection,Temps couvert,Autre collision,,,,,,,,,,,1,2,1,8,6
200600022547,0006-04-01 11:45:00,6,4,1,11,45,930,66,"""STRASBOURG, NR 1 A 71 E",,,Plein jour,En agglomération,Hors intersection,Normale,Autre collision,,,,,,,,,,,1,2,1,1,6
200600022548,0006-04-01 23:40:00,6,4,1,23,40,930,66,PORT,,,Nuit avec éclairage allumé,En agglomération,Intersection en T,Normale,Deux véhicules - côté,,,,,,,,,,,5,2,3,1,3
200600022549,0006-04-02 09:45:00,6,4,2,9,45,930,66,"""STALINGRAD (AVENUE), NR",,,Plein jour,En agglomération,Intersection en X,Pluie légère,Deux véhicules - côté,,,,,,,,,,,1,2,2,2,3
200600022550,0006-04-03 10:30:00,6,4,3,10,30,930,66,COLONEL FABIEN (AVENUE),,,Plein jour,En agglomération,Intersection à plus de 4 branches,Normale,Autre collision,,,,,,,,,,,1,2,5,1,6
200600022551,0006-04-03 19:40:00,6,4,3,19,40,930,66,PASTEUR,,,Plein jour,En agglomération,Hors intersection,Normale,Autre collision,,,,,,,,,,,1,2,1,1,6
200600022552,0006-04-04 14:08:00,6,4,4,14,8,930,66,"109, ""LIBERATION RD14, N",,,Plein jour,En agglomération,Hors intersection,Normale,Autre collision,,,,,,,,,,,1,2,1,1,6
200600022553,0006-04-04 18:40:00,6,4,4,18,40,930,66,"35, CARNOT (BOULEVARD)",,,Plein jour,En agglomération,Hors intersection,Normale,Deux véhicules - côté,,,,,,,,,,,1,2,1,1,3
200600022554,0006-04-06 18:00:00,6,4,6,18,0,930,66,THOREZ MAURICE NR 11 A 1,,,Plein jour,En agglomération,Intersection en X,Normale,Autre collision,,,,,,,,,,,1,2,2,1,6
200600022555,0006-04-06 19:30:00,6,4,6,19,30,930,66,GENERAL JOINVILLE,,,Plein jour,En agglomération,Hors intersection,Normale,Deux véhicules - côté,,,,,,,,,,,1,2,1,1,3
200600022556,0006-04-06 21:15:00,6,4,6,21,15,930,66,"""LIBERATION RD14, NR 105",,,Nuit avec éclairage allumé,En agglomération,Hors intersection,Normale,Deux véhicules - côté,,,,,,,,,,,5,2,1,1,3
200600022557,0006-04-10 09:50:00,6,4,10,9,50,930,66,AMPERE,,,Plein jour,En agglomération,Hors intersection,Normale,Deux véhicules - côté,,,,,,,,,,,1,2,1,1,3
200600022558,0006-04-13 15:45:00,6,4,13,15,45,930,66,LENINE (AVENUE) NR 28 A,,,Plein jour,En agglomération,Intersection en T,Normale,Deux véhicules - côté,,,,,,,,,,,1,2,3,1,3
200600022559,0006-04-03 17:40:00,6,4,3,17,40,930,39,PONT DE SAINT OUEN,,,Plein jour,En agglomération,Intersection en T,Normale,Trois véhicules et plus - collisions multiples,,,,,,,,,,,1,2,3,1,5
200600022560,0006-04-15 18:50:00,6,4,15,18,50,930,66,REVOLTE,,,Nuit avec éclairage allumé,En agglomération,Hors intersection,Pluie légère,Deux véhicules - arrière,,,,,,,,,,,5,2,1,2,2
200600022561,0006-04-17 00:10:00,6,4,17,0,10,930,1,C.S.P. LA COURNEUVE - 01,,,Nuit avec éclairage allumé,En agglomération,Intersection en X,Normale,Autre collision,,,,,,,,,,,5,2,2,1,6
200600022562,0006-04-18 19:30:00,6,4,18,19,30,930,66,LENINE (AVENUE) NR 2 A 2,,,Plein jour,En agglomération,Hors intersection,Normale,Autre collision,,,,,,,,,,,1,2,1,1,6
200600022563,0006-04-25 11:10:00,6,4,25,11,10,930,66,DELAFONTAINE DOCTEUR,,,Plein jour,En agglomération,Hors intersection,Normale,Autre collision,,,,,,,,,,,1,2,1,1,6
200600022564,0006-04-25 16:00:00,6,4,25,16,0,930,39,SEINE (QUAI DE ),,,Plein jour,En agglomération,Intersection en X,Normale,Sans collision,,,,,,,,,,,1,2,2,1,7
200600022565,0006-04-26 08:00:00,6,4,26,8,0,930,66,"1, SAULNIER JULES",,,Plein jour,En agglomération,Hors intersection,Temps couvert,Deux véhicules - arrière,,,,,,,,,,,1,2,1,8,2
200600022566,0006-04-27 08:15:00,6,4,27,8,15,930,66,"4, SAULNIER JULES",,,Plein jour,En agglomération,Hors intersection,Normale,Autre collision,,,,,,,,,,,1,2,1,1,6
200600022567,0006-04-20 19:40:00,6,4,20,19,40,930,66,FAURE FELIX (BOULEVARD),,,Plein jour,En agglomération,Intersection en T,Normale,Trois véhicules et plus - collisions multiples,,,,,,,,,,,1,2,3,1,5
200600022568,0006-04-04 20:10:00,6,4,4,20,10,930,70,PAUL-BERT(RUE),,,Crépuscule ou aube,En agglomération,Intersection en X,Normale,Deux véhicules - côté,,,,,,,,,,,2,2,2,1,3
200600022569,0006-04-08 14:55:00,6,4,8,14,55,930,70,"55, GABRIEL-PERI (AV)",,,Plein jour,En agglomération,Hors intersection,Normale,Autre collision,,,,,,,,,,,1,2,1,1,6
200600022570,0006-04-12 09:16:00,6,4,12,9,16,930,70,DOCTEUR BAUER(RUE DU),,,Plein jour,En agglomération,Intersection en T,Normale,Deux véhicules - côté,,,,,,,,,,,1,2,3,1,3
200600022571,0006-04-13 16:30:00,6,4,13,16,30,930,70,"92, VICTOR-HUGO (BD)",,,Plein jour,En agglomération,Place,Normale,Autre collision,,,,,,,,,,,1,2,7,1,6
200600022572,0006-04-15 15:05:00,6,4,15,15,5,930,70,"254, LANDY-PROLONGEE(RUE",,,Plein jour,En agglomération,Hors intersection,Pluie légère,Sans collision,,,,,,,,,,,1,2,1,2,7
200600022573,0006-04-04 13:25:00,6,4,4,13,25,930,71,DUMONT D'URVILLE (AVENUE,,,Plein jour,En agglomération,Intersection en Y,Normale,Autre collision,,,,,,,,,,,1,2,4,1,6
200600022574,0006-04-05 20:30:00,6,4,5,20,30,930,71,"11, HENRI BARBUSSE (AVEN",,,Crépuscule ou aube,En agglomération,Hors intersection,Normale,Deux véhicules - côté,,,,,,,,,,,2,2,1,1,3
200600022575,0006-04-13 14:20:00,6,4,13,14,20,930,71,"19, GABRIEL PERI (RUE)",,,Plein jour,En agglomération,Hors intersection,Temps couvert,Deux véhicules - côté,,,,,,,,,,,1,2,1,8,3
200600022576,0006-04-14 20:00:00,6,4,14,20,0,930,71,RAOUL DAUTRY (AVENUE),,,Crépuscule ou aube,En agglomération,Hors intersection,Normale,Deux véhicules - frontale,,,,,,,,,,,2,2,1,1,1
200600022577,0006-04-24 18:02:00,6,4,24,18,2,930,71,KILLIAN (ALLEE),,,Plein jour,En agglomération,Intersection en Y,Normale,Autre collision,,,,,,,,,,,1,2,4,1,6
200600022578,0006-04-22 22:21:00,6,4,22,22,21,930,72,SALVADOR ALLENDE (RUE),,,Nuit avec éclairage allumé,En agglomération,Giratoire,Normale,Deux véhicules - côté,,,,,,,,,,,5,2,6,1,3
200600022579,0006-04-03 10:20:00,6,4,3,10,20,930,59,"00, BUTTE PINSON (RUE DE",,,Plein jour,En agglomération,Hors intersection,Normale,Deux véhicules - côté,,,,,,,,,,,1,2,1,1,3
200600022580,0006-04-07 09:00:00,6,4,7,9,0,930,72,"00, STALINGRAD (AVENUE)",,,Plein jour,En agglomération,Autre intersection,Normale,Deux véhicules - arrière,,,,,,,,,,,1,2,9,1,2
200600022581,0006-04-10 10:05:00,6,4,10,10,5,930,59,"00, LENINE (AVENUE) N°36",,,Plein jour,En agglomération,Intersection en T,Normale,Trois véhicules et plus - collisions multiples,,,,,,,,,,,1,2,3,1,5
200600022582,0006-04-13 14:45:00,6,4,13,14,45,930,59,"00, ELYSEE RECLUS (AVENU",,,Plein jour,En agglomération,Intersection en T,Temps couvert,Deux véhicules - côté,,,,,,,,,,,1,2,3,8,3
200600022583,0006-04-19 23:00:00,6,4,19,23,0,930,72,"179, MAXIME GORKI (BOULE",,,Nuit avec éclairage allumé,En agglomération,Autre intersection,Normale,Deux véhicules - côté,,,,,,,,,,,5,2,9,1,3
200600022584,0006-04-25 16:10:00,6,4,25,16,10,930,59,AMIENS (RUE D') N° 130 A,,,Plein jour,En agglomération,Hors intersection,Normale,Autre collision,,,,,,,,,,,1,2,1,1,6
200600022585,0006-04-01 14:25:00,6,4,1,14,25,930,78,TREMBLAY (ROUTE DE),,,Plein jour,En agglomération,Hors intersection,Pluie forte,Autre collision,,,,,,,,,,,1,2,1,3,6
200600022586,0006-04-03 18:55:00,6,4,3,18,55,930,73,VAILLANT (BOULEVARD CHAR,,,Plein jour,En agglomération,Hors intersection,Normale,Sans collision,,,,,,,,,,,1,2,1,1,7
200600022587,0006-04-05 14:20:00,6,4,5,14,20,930,73,RESISTANCE (RUE DE LA),,,Plein jour,En agglomération,Hors intersection,Normale,Deux véhicules - arrière,,,,,,,,,,,1,2,1,1,2
200600022588,0006-04-22 19:40:00,6,4,22,19,40,930,73,"2, CUVIER (RUE)",,,Plein jour,En agglomération,Hors intersection,Normale,Deux véhicules - frontale,,,,,,,,,,,1,2,1,1,1
200600022589,0006-04-23 18:20:00,6,4,23,18,20,930,78,DE GAULLE (AVENUE CHARLE,,,Plein jour,En agglomération,Intersection en X,Pluie légère,Deux véhicules - côté,,,,,,,,,,,1,2,2,2,3
200600022590,0006-04-24 15:35:00,6,4,24,15,35,930,78,"154, BALLANGER (BD ROBER",,,Plein jour,En agglomération,Intersection en X,Normale,Deux véhicules - frontale,,,,,,,,,,,1,2,2,1,1
200600022591,0006-04-25 11:18:00,6,4,25,11,18,940,2,"16, GENERAL MALLERET JOI",,,Plein jour,En agglomération,Hors intersection,Normale,Autre collision,,,,,,,,,,,1,2,1,1,6
200600022592,0006-04-25 18:00:00,6,4,25,18,0,940,2,SEINE (R DE),,,Plein jour,En agglomération,Intersection en X,Normale,Sans collision,,,,,,,,,,,1,2,2,1,7
200600022593,0006-04-03 10:00:00,6,4,3,10,0,940,71,MAURICE BERTEAUX (R),,,Plein jour,En agglomération,Hors intersection,Normale,Deux véhicules - arrière,,,,,,,,,,,1,2,1,1,2
200600022594,0006-04-09 18:20:00,6,4,9,18,20,940,4,"27, GENERAL LECLERC (AV)",,,Plein jour,En agglomération,Hors intersection,Normale,Deux véhicules - arrière,,,,,,,,,,,1,2,1,1,2
200600022595,0006-04-12 16:15:00,6,4,12,16,15,940,4,"0, GENERAL LECLERC (AV D",,,Plein jour,En agglomération,Hors intersection,Normale,Deux véhicules - arrière,,,,,,,,,,,1,2,1,1,2
200600022596,0006-04-14 18:15:00,6,4,14,18,15,940,44,"1 BIS, GABRIEL PERI (AV)",,,Plein jour,En agglomération,Hors intersection,Normale,Deux véhicules - côté,,,,,,,,,,,1,2,1,1,3
200600022597,0006-04-26 16:05:00,6,4,26,16,5,940,4,"0, CHARLES DE GAULLE (AV",,,Plein jour,En agglomération,Intersection en T,Normale,Deux véhicules - côté,,,,,,,,,,,1,2,3,1,3
200600022598,0006-04-01 07:45:00,6,4,1,7,45,940,70,"0, PARIS (RTE DE)",,,Plein jour,Hors agglomération,Hors intersection,Temps couvert,Autre collision,,,,,,,,,,,1,1,1,8,6
200600022599,0006-04-03 16:45:00,6,4,3,16,45,940,17,"05, ABREUVOIR (R DE L)",,,Plein jour,En agglomération,Hors intersection,Normale,Autre collision,,,,,,,,,,,1,2,1,1,6
200600022600,0006-04-04 13:55:00,6,4,4,13,55,940,17,FAMILLE (AV DE LA),,,Plein jour,En agglomération,Intersection en X,Normale,Deux véhicules - côté,,,,,,,,,,,1,2,2,1,3
200600022601,0006-04-06 11:20:00,6,4,6,11,20,940,17,STALINGRAD (BD DE),,,Plein jour,En agglomération,Intersection en T,Normale,Deux véhicules - côté,,,,,,,,,,,1,2,3,1,3
200600022602,0006-04-09 21:27:00,6,4,9,21,27,940,17,CHARLES FLOQUET - PONT D,,,Nuit avec éclairage non allumé,En agglomération,Intersection en X,Normale,Deux véhicules - côté,,,,,,,,,,,4,2,2,1,3
200600022603,0006-04-10 09:20:00,6,4,10,9,20,940,17,ROGER SALENGRO (AV),,,Plein jour,En agglomération,Intersection en X,Normale,Deux véhicules - arrière,,,,,,,,,,,1,2,2,1,2
200600022604,0006-04-13 11:15:00,6,4,13,11,15,940,17,"42, VERDUN (R DE)",,,Plein jour,En agglomération,Hors intersection,Normale,Deux véhicules - frontale,,,,,,,,,,,1,2,1,1,1
200600022605,0006-04-21 17:15:00,6,4,21,17,15,940,17,BENOIT FRACHON (R),,,Plein jour,En agglomération,Intersection en X,Normale,Deux véhicules - côté,,,,,,,,,,,1,2,2,1,3
200600022606,0006-04-25 20:40:00,6,4,25,20,40,940,17,JEAN JAURES (R),,,Crépuscule ou aube,En agglomération,Intersection en X,Normale,Deux véhicules - arrière,,,,,,,,,,,2,2,2,1,2
200600022607,0006-04-27 19:50:00,6,4,27,19,50,940,17,"147, ROGER SALENGRO (AV)",,,Plein jour,En agglomération,Hors intersection,Normale,Trois véhicules et plus - en chaîne,,,,,,,,,,,1,2,1,1,4
200600022608,0006-04-08 17:25:00,6,4,8,17,25,940,18,"9, BERCY (QU DE)",,,Plein jour,En agglomération,Hors intersection,Normale,Autre collision,,,,,,,,,,,1,2,1,1,6
200600022609,0006-04-20 13:35:00,6,4,20,13,35,940,18,"32, CARRIERES (QU DES)",,,Plein jour,En agglomération,Hors intersection,Normale,Deux véhicules - côté,,,,,,,,,,,1,2,1,1,3
200600022610,0006-04-21 17:45:00,6,4,21,17,45,940,18,"14, VICTOR HUGO (R)",,,Plein jour,En agglomération,Hors intersection,Normale,Deux véhicules - arrière,,,,,,,,,,,1,2,1,1,2