accident_id,datetime,annee,mois,jour,heure,minute,departement,commune_insee,adresse,latitude,longitude,luminosite,agglomeration,intersection,meteo,collision,nb_vehicules,nb_usagers,nb_indemnes,nb_tues,nb_blesses_hosp,nb_blesses_legers,age_cond_1,age_cond_2,veh_type_cond_1,veh_type_cond_2,lum_code,agg_code,int_code,atm_code,col_code
200600022611,0006-04-22 17:05:00,6,4,22,17,5,940,18,GABRIEL PERI (R),,,Plein jour,En agglomération,Hors intersection,Normale,Autre collision,,,,,,,,,,,1,2,1,1,6
200600022612,0006-04-05 13:17:00,6,4,5,13,17,940,19,"00, LIBERATION (RTE DE L",,,Plein jour,En agglomération,Hors intersection,Normale,Sans collision,,,,,,,,,,,1,2,1,1,7
200600022613,0006-04-05 09:45:00,6,4,5,9,45,940,60,GENERAL DE GAULLE (R DU),,,Plein jour,En agglomération,Hors intersection,Normale,Deux véhicules - côté,,,,,,,,,,,1,2,1,1,3
200600022614,0006-04-08 12:10:00,6,4,8,12,10,940,59,"00, MAURICE BERTEAUX (AV",,,Plein jour,En agglomération,Intersection en T,Normale,Deux véhicules - côté,,,,,,,,,,,1,2,3,1,3
200600022615,0006-04-07 19:35:00,6,4,7,19,35,940,19,"00, PINCE VENT (AV DE)",,,Crépuscule ou aube,En agglomération,Giratoire,Normale,Sans collision,,,,,,,,,,,2,2,6,1,7
200600022616,0006-04-11 16:40:00,6,4,11,16,40,940,59,"00, ARDOUIN (AV)",,,Plein jour,En agglomération,Hors intersection,Normale,Deux véhicules - côté,,,,,,,,,,,1,2,1,1,3
200600022617,0006-04-24 17:05:00,6,4,24,17,5,940,55,"00, PINCE VENT (AV DE)",,,Plein jour,En agglomération,Intersection en Y,Normale,Deux véhicules - côté,,,,,,,,,,,1,2,4,1,3
200600022618,0006-04-29 17:05:00,6,4,29,17,5,940,19,"0, SONIA DE LAUNAY (VOI)",,,Plein jour,En agglomération,Hors intersection,Autre,Trois véhicules et plus - collisions multiples,,,,,,,,,,,1,2,1,9,5
200600022619,0006-04-29 14:15:00,6,4,29,14,15,940,22,"0, LEON GOURDAULT (AV)",,,Plein jour,En agglomération,Hors intersection,Normale,Autre collision,,,,,,,,,,,1,2,1,1,6
200600022620,0006-04-12 16:54:00,6,4,12,16,54,940,22,"0, JEAN JAURES (R)",,,Plein jour,En agglomération,Intersection en X,Normale,Deux véhicules - côté,,,,,,,,,,,1,2,2,1,3
200600022621,0006-04-24 18:11:00,6,4,24,18,11,940,54,"25, JEAN MERMOZ (R)",,,Plein jour,En agglomération,Hors intersection,Normale,Autre collision,,,,,,,,,,,1,2,1,1,6
200600022622,0006-04-01 11:55:00,6,4,1,11,55,940,28,PLUMERETTE.(RUE DE LA),,,Plein jour,En agglomération,Hors intersection,Normale,Autre collision,,,,,,,,,,,1,2,1,1,6
200600022623,0006-04-04 10:50:00,6,4,4,10,50,940,28,ALLENDE.(PLACE SALVADOR),48.77832,2.4541,Plein jour,En agglomération,Hors intersection,Normale,Autre collision,,,,,,,,,,,1,2,1,1,6
200600022624,0006-04-04 23:20:00,6,4,4,23,20,940,28,AVENUE (CINQUIEME),48.77364,2.48988,Plein jour,En agglomération,Hors intersection,Normale,Autre collision,,,,,,,,,,,1,2,1,1,6
200600022625,0006-04-05 17:05:00,6,4,5,17,5,940,28,"108, LAFERRIERE(AVENUE)",48.80189,2.45898,Plein jour,En agglomération,Hors intersection,Normale,Autre collision,,,,,,,,,,,1,2,1,1,6
200600022626,0006-04-10 07:50:00,6,4,10,7,50,940,28,VERDUN.(AVENUE DE),48.79699,2.46381,Plein jour,En agglomération,Hors intersection,Normale,Autre collision,,,,,,,,,,,1,2,1,1,6
200600022627,0006-04-08 20:45:00,6,4,8,20,45,940,11,"0, SEMARD(RUE PIERRE)",,,Crépuscule ou aube,En agglomération,Autre intersection,Normale,Sans collision,,,,,,,,,,,2,2,9,1,7
200600022628,0006-04-11 15:15:00,6,4,11,15,15,940,11,"0, BOISSY.(AVENUE DE)",48.77414,2.48198,Plein jour,En agglomération,Intersection en X,Normale,Deux véhicules - côté,,,,,,,,,,,1,2,2,1,3
200600022629,0006-04-11 11:40:00,6,4,11,11,40,940,28,SAVAR.(RUE JULIETTE),48.78,2.46554,Plein jour,En agglomération,Hors intersection,Normale,Autre collision,,,,,,,,,,,1,2,1,1,6
200600022630,0006-04-12 16:20:00,6,4,12,16,20,940,28,CHOISY(ROUTE DE),48.78671,,Plein jour,En agglomération,Hors intersection,Normale,Deux véhicules - arrière,,,,,,,,,,,1,2,1,1,2
200600022631,0006-04-14 13:40:00,6,4,14,13,40,940,28,"0, CHERET(RUE ET IMPASSE",48.80552,2.4566,Plein jour,En agglomération,Hors intersection,Normale,Autre collision,,,,,,,,,,,1,2,1,1,6
200600022632,0006-04-07 00:15:00,6,4,7,0,15,940,28,LAFERRIERE(AVENUE),48.8006,2.45668,Nuit avec éclairage allumé,En agglomération,Hors intersection,Normale,Autre collision,,,,,,,,,,,5,2,1,1,6
200600022633,0006-04-13 20:00:00,6,4,13,20,0,940,28,"13, HALAGE.(QUAI DE ET P",48.80378,2.46776,Crépuscule ou aube,En agglomération,Hors intersection,Normale,Deux véhicules - frontale,,,,,,,,,,,2,2,1,1,1
200600022634,0006-04-14 09:30:00,6,4,14,9,30,940,28,"36, PORT(RUE DU)",48.80159,2.46727,Plein jour,En agglomération,Hors intersection,Normale,Deux véhicules - arrière,,,,,,,,,,,1,2,1,1,2
200600022635,0006-04-16 02:20:00,6,4,16,2,20,940,28,"89, VERDUN.(AVENUE DE)",48.79882,2.46515,Nuit avec éclairage allumé,En agglomération,Hors intersection,Normale,Autre collision,,,,,,,,,,,5,2,1,1,6
200600022636,0006-04-18 17:15:00,6,4,18,17,15,940,28,CHOISY(ROUTE DE),48.7732,2.43516,Plein jour,En agglomération,Hors intersection,Normale,Deux véhicules - côté,,,,,,,,,,,1,2,1,1,3
200600022637,0006-04-19 14:55:00,6,4,19,14,55,940,28,MECHES.(RUE DES),48.7934,2.46096,Plein jour,En agglomération,Hors intersection,Normale,Deux véhicules - côté,,,,,,,,,,,1,2,1,1,3
200600022638,0006-04-22 18:50:00,6,4,22,18,50,940,11,LECLERC.(AVENUE DU MAREC,48.77385,,Plein jour,En agglomération,Hors intersection,Normale,Deux véhicules - côté,,,,,,,,,,,1,2,1,1,3
200600022639,0006-04-22 20:20:00,6,4,22,20,20,940,28,HALPERN.(AVENUE BERNARD),48.79084,,Crépuscule ou aube,En agglomération,Hors intersection,Normale,Deux véhicules - côté,,,,,,,,,,,2,2,1,1,3
200600022640,0006-04-22 13:20:00,6,4,22,13,20,940,28,"0, HALPERN.(AVENUE BERNA",48.7838,,Plein jour,En agglomération,Hors intersection,Normale,Sans collision,,,,,,,,,,,1,2,1,1,7
200600022641,0006-04-25 20:30:00,6,4,25,20,30,940,28,JULIETTE.(VILLA),48.78273,,Plein jour,En agglomération,Hors intersection,Normale,Autre collision,,,,,,,,,,,1,2,1,1,6
200600022642,0006-04-25 19:35:00,6,4,25,19,35,940,28,C.C.R CRETEIL SOLEIL,48.77959,,Plein jour,En agglomération,Hors intersection,Normale,Autre collision,,,,,,,,,,,1,2,1,1,6
200600022643,0006-04-26 19:40:00,6,4,26,19,40,940,28,POMPADOUR(ROUTE DE LA),48.76684,,Plein jour,En agglomération,Hors intersection,Normale,Trois véhicules et plus - en chaîne,,,,,,,,,,,1,2,1,1,4
200600022644,0006-04-28 08:14:00,6,4,28,8,14,940,11,RHIN ET DANUBE(RUE DU),,,Plein jour,En agglomération,Hors intersection,Normale,Autre collision,,,,,,,,,,,1,2,1,1,6
200600022645,0006-04-28 15:05:00,6,4,28,15,5,940,11,PARIS(AVENUE DE),,,Plein jour,En agglomération,Hors intersection,Normale,Deux véhicules - arrière,,,,,,,,,,,1,2,1,1,2
200600022646,0006-04-28 23:05:00,6,4,28,23,5,940,28,LECLERC.(RUE DU GENERAL),,,Nuit avec éclairage allumé,En agglomération,Hors intersection,Normale,Deux véhicules - frontale,,,,,,,,,,,5,2,1,1,1
200600022647,0006-04-30 13:35:00,6,4,30,13,35,940,28,TASSIGNY(AVE DU MARECHAL,,,Plein jour,En agglomération,Hors intersection,Normale,Deux véhicules - arrière,,,,,,,,,,,1,2,1,1,2
200600022648,0006-04-06 18:00:00,6,4,6,18,0,940,76,"62, PRESIDENT ALLENDE (A",,,Plein jour,En agglomération,Hors intersection,Normale,Sans collision,,,,,,,,,,,1,2,1,1,7
200600022649,0006-04-07 18:00:00,6,4,7,18,0,940,16,"96, VIGNES (R DES)",,,Plein jour,En agglomération,Hors intersection,Normale,Autre collision,,,,,,,,,,,1,2,1,1,6
200600022650,0006-04-09 00:15:00,6,4,9,0,15,940,76,"141, PARIS (AV DE)",,,Nuit avec éclairage allumé,En agglomération,Hors intersection,Normale,Autre collision,,,,,,,,,,,5,2,1,1,6
200600022651,0006-04-12 17:00:00,6,4,12,17,0,940,16,"1, PROVIGNY (R DE)",,,Plein jour,En agglomération,Intersection en T,Normale,Deux véhicules - côté,,,,,,,,,,,1,2,3,1,3
200600022652,0006-04-14 08:10:00,6,4,14,8,10,940,37,"59 bis, PAUL VAILLANT CO",,,Plein jour,En agglomération,Hors intersection,Normale,Deux véhicules - côté,,,,,,,,,,,1,2,1,1,3
200600022653,0006-04-22 16:30:00,6,4,22,16,30,940,76,REPUBLIQUE (AV DE LA),,,Plein jour,En agglomération,Hors intersection,Normale,Sans collision,,,,,,,,,,,1,2,1,1,7
200600022654,0006-04-22 19:00:00,6,4,22,19,0,940,76,PAUL VAILLANT COUTURIER,,,Plein jour,En agglomération,Intersection en X,Pluie légère,Deux véhicules - côté,,,,,,,,,,,1,2,2,2,3
200600022655,0006-04-22 18:00:00,6,4,22,18,0,940,76,"90, CHEVILLY (R DE)",,,Plein jour,En agglomération,Hors intersection,Normale,Deux véhicules - côté,,,,,,,,,,,1,2,1,1,3
200600022656,0006-04-25 17:40:00,6,4,25,17,40,940,43,"115, CHARLES GIDE (AV)",,,Plein jour,En agglomération,Hors intersection,Normale,Autre collision,,,,,,,,,,,1,2,1,1,6
200600022657,0006-04-26 19:30:00,6,4,26,19,30,940,3,"127, ARISTIDE BRIAND (AV",,,Plein jour,En agglomération,Hors intersection,Normale,Deux véhicules - côté,,,,,,,,,,,1,2,1,1,3
200600022658,0006-04-27 21:30:00,6,4,27,21,30,940,76,MAXIME GORKI (BD),,,Crépuscule ou aube,En agglomération,Hors intersection,Normale,Deux véhicules - arrière,,,,,,,,,,,2,2,1,1,2
200600022659,0006-04-03 15:30:00,6,4,3,15,30,940,21,PEPINIERES (AV),,,Plein jour,En agglomération,Intersection en T,Normale,Deux véhicules - côté,,,,,,,,,,,1,2,3,1,3
200600022660,0006-04-07 16:40:00,6,4,7,16,40,940,73,VERSAILLES (AV DE),,,Plein jour,En agglomération,Hors intersection,Normale,Autre collision,,,,,,,,,,,1,2,1,1,6
200600022661,0006-04-06 19:00:00,6,4,6,19,0,940,65,BOULEVARD CIRCULAIRE ( M,,,Plein jour,En agglomération,Hors intersection,Normale,Autre collision,,,,,,,,,,,1,2,1,1,6
200600022662,0006-04-11 14:20:00,6,4,11,14,20,940,38,"98, PAUL VAILLANT COUTUR",,,Plein jour,En agglomération,Hors intersection,Normale,Deux véhicules - frontale,,,,,,,,,,,1,2,1,1,1
200600022663,0006-04-07 05:50:00,6,4,7,5,50,940,21,D'AGEN (RUE),,,Crépuscule ou aube,En agglomération,Intersection en T,Normale,Autre collision,,,,,,,,,,,2,2,3,1,6
200600022664,0006-04-29 16:30:00,6,4,29,16,30,940,73,LUXEMBOURG (AV DU),,,Plein jour,Hors agglomération,Hors intersection,Normale,Autre collision,,,,,,,,,,,1,1,1,1,6
200600022665,0006-04-11 10:40:00,6,4,11,10,40,940,73,RENE PANHARD (AV),,,Plein jour,Hors agglomération,Hors intersection,Normale,Autre collision,,,,,,,,,,,1,1,1,1,6
200600022666,0006-04-29 06:55:00,6,4,29,6,55,940,73,FONTAINEBLEAU (AV DE),,,Plein jour,En agglomération,Intersection en X,Normale,Deux véhicules - côté,,,,,,,,,,,1,2,2,1,3
200600022667,0006-04-28 17:40:00,6,4,28,17,40,940,73,25 AOUT 1944 (AVENUE),,,Plein jour,En agglomération,Hors intersection,Normale,Autre collision,,,,,,,,,,,1,2,1,1,6
200600022668,0006-04-27 19:00:00,6,4,27,19,0,940,73,GEORGES HALGOULT (R),,,Plein jour,En agglomération,Hors intersection,Normale,Autre collision,,,,,,,,,,,1,2,1,1,6
200600022669,0006-04-03 13:50:00,6,4,3,13,50,940,41,"211, MAURICE THOREZ (AV)",,,Plein jour,En agglomération,Hors intersection,Normale,Sans collision,,,,,,,,,,,1,2,1,1,7
200600022670,0006-04-13 08:50:00,6,4,13,8,50,940,41,MARAT,,,Plein jour,En agglomération,Hors intersection,Normale,Autre collision,,,,,,,,,,,1,2,1,1,6
200600022671,0006-04-14 19:40:00,6,4,14,19,40,940,41,JULES VANZUPPE (R),,,Crépuscule ou aube,Hors agglomération,Hors intersection,Pluie légère,Deux véhicules - arrière,,,,,,,,,,,2,1,1,2,2
200600022672,0006-04-17 01:40:00,6,4,17,1,40,940,41,GEORGES GOSNAT (AV),,,Nuit avec éclairage allumé,En agglomération,Hors intersection,Pluie légère,Sans collision,,,,,,,,,,,5,2,1,2,7
200600022673,0006-04-20 14:00:00,6,4,20,14,0,940,41,"68, JEAN LE GALLEU (R)",,,Plein jour,En agglomération,Hors intersection,Normale,Sans collision,,,,,,,,,,,1,2,1,1,7
200600022674,0006-04-08 16:30:00,6,4,8,16,30,940,41,"6-8, REPUBLIQUE (AV DE L",,,Plein jour,En agglomération,Hors intersection,Normale,Sans collision,,,,,,,,,,,1,2,1,1,7
200600022675,0006-04-25 09:00:00,6,4,25,9,0,940,41,"59, HENRI MARTIN (R)",,,Plein jour,Hors agglomération,Intersection en X,Normale,Sans collision,,,,,,,,,,,1,1,2,1,7
200600022676,0006-04-29 13:14:00,6,4,29,13,14,940,41,REPUBLIQUE (AV DE LA),,,Plein jour,En agglomération,Intersection en X,Normale,Deux véhicules - côté,,,,,,,,,,,1,2,2,1,3
200600022677,0006-04-10 10:50:00,6,4,10,10,50,940,46,"61-63, GENERAL LECLERC (",,,Plein jour,En agglomération,Hors intersection,Normale,Deux véhicules - arrière,,,,,,,,,,,1,2,1,1,2
200600022678,0006-04-14 11:20:00,6,4,14,11,20,940,46,GENERAL LECLERC - CAR DE,,,Plein jour,En agglomération,Hors intersection,Normale,Deux véhicules - côté,,,,,,,,,,,1,2,1,1,3
200600022679,0006-04-17 15:25:00,6,4,17,15,25,940,46,"01, LEON BLUM (AV)",,,Plein jour,En agglomération,Hors intersection,Normale,Autre collision,,,,,,,,,,,1,2,1,1,6
200600022680,0006-04-23 12:25:00,6,4,23,12,25,940,46,"00, HUIT MAI 1945 (R DU)",,,Plein jour,En agglomération,Autre intersection,Normale,Deux véhicules - arrière,,,,,,,,,,,1,2,9,1,2
200600022681,0006-04-25 17:10:00,6,4,25,17,10,940,46,GENERAL LECLERC (AV DU),,,Plein jour,En agglomération,Hors intersection,Normale,Deux véhicules - arrière,,,,,,,,,,,1,2,1,1,2
200600022682,0006-04-04 09:00:00,6,4,4,9,0,940,15,"32, CHARLES FLOQUET (IMP",,,Plein jour,En agglomération,Hors intersection,Normale,Deux véhicules - frontale,,,,,,,,,,,1,2,1,1,1
200600022683,0006-04-03 12:05:00,6,4,3,12,5,940,52,"123 bât A4, STRASBOURG (",,,Plein jour,En agglomération,Hors intersection,Normale,Autre collision,,,,,,,,,,,1,2,1,1,6
200600022684,0006-04-08 13:20:00,6,4,8,13,20,940,15,"28, CHAPSAL (R)",,,Plein jour,En agglomération,Hors intersection,Normale,Autre collision,,,,,,,,,,,1,2,1,1,6
200600022685,0006-04-10 18:45:00,6,4,10,18,45,940,58,"NC, RAYMOND POINCARE (BD",,,Plein jour,En agglomération,Intersection à plus de 4 branches,Normale,Trois véhicules et plus - en chaîne,,,,,,,,,,,1,2,5,1,4
200600022686,0006-04-11 17:50:00,6,4,11,17,50,940,58,"112, PIERRE BROSSOLETTE",,,Plein jour,En agglomération,Hors intersection,Normale,Autre collision,,,,,,,,,,,1,2,1,1,6
200600022687,0006-04-12 15:15:00,6,4,12,15,15,940,42,"NC, MARECHAL LECLERC (BD",,,Plein jour,En agglomération,Intersection en X,Normale,Autre collision,,,,,,,,,,,1,2,2,1,6
200600022688,0006-04-29 21:15:00,6,4,29,21,15,940,58,"NC, FOCH (BD)",,,Crépuscule ou aube,En agglomération,Intersection en X,Normale,Deux véhicules - côté,,,,,,,,,,,2,2,2,1,3
200600022689,0006-04-09 10:30:00,6,4,9,10,30,940,68,BAC - PONT DE CHENNEVIER,,,Plein jour,En agglomération,Hors intersection,Normale,Autre collision,,,,,,,,,,,1,2,1,1,6
200600022690,0006-04-16 21:20:00,6,4,16,21,20,940,68,FRANCOIS ADAM (AV),,,Nuit avec éclairage allumé,En agglomération,Intersection en X,Normale,Deux véhicules - côté,,,,,,,,,,,5,2,2,1,3
200600022691,0006-04-22 00:50:00,6,4,22,0,50,940,68,GENERAL GIRAUD (BD DU),,,Nuit avec éclairage allumé,En agglomération,Hors intersection,Normale,Deux véhicules - côté,,,,,,,,,,,5,2,1,1,3
200600022692,0006-04-21 12:50:00,6,4,21,12,50,940,68,"16, RASPAIL (IMP)",,,Plein jour,En agglomération,Hors intersection,Normale,Deux véhicules - côté,,,,,,,,,,,1,2,1,1,3
200600022693,0006-04-23 17:12:00,6,4,23,17,12,940,68,DOCTEUR ROUX (R DU),,,Plein jour,En agglomération,Hors intersection,Normale,Deux véhicules - côté,,,,,,,,,,,1,2,1,1,3
200600022694,0006-04-25 13:20:00,6,4,25,13,20,940,68,"42, PARC (QU DU)",,,Plein jour,En agglomération,Hors intersection,Normale,Sans collision,,,,,,,,,,,1,2,1,1,7
200600022695,0006-04-25 18:00:00,6,4,25,18,0,940,68,DIDIER (AV),,,Plein jour,En agglomération,Intersection à plus de 4 branches,Normale,Deux véhicules - côté,,,,,,,,,,,1,2,5,1,3
200600022696,0006-04-04 10:15:00,6,4,4,10,15,940,78,"0, NON DENOMMEE (VOI)",,,Plein jour,En agglomération,Hors intersection,Normale,Autre collision,,,,,,,,,,,1,2,1,1,6
200600022697,0006-04-12 14:15:00,6,4,12,14,15,940,78,"25, CROSNES (R DE)",,,Plein jour,En agglomération,Hors intersection,Normale,Autre collision,,,,,,,,,,,1,2,1,1,6
200600022698,0006-04-13 07:05:00,6,4,13,7,5,940,77,"0, NON DENOMMEE (VOI)",,,Crépuscule ou aube,En agglomération,Hors intersection,Normale,Trois véhicules et plus - collisions multiples,,,,,,,,,,,2,2,1,1,5
200600022699,0006-04-27 09:30:00,6,4,27,9,30,940,78,PARIS (R DE),,,Plein jour,En agglomération,Hors intersection,Normale,Autre collision,,,,,,,,,,,1,2,1,1,6
200600022700,0006-04-28 09:35:00,6,4,28,9,35,940,78,"0, ALEMBERT (R D)",,,Plein jour,En agglomération,Intersection en T,Normale,Autre collision,,,,,,,,,,,1,2,3,1,6
200600022701,0006-04-13 20:15:00,6,4,13,20,15,940,78,"6, CHATAIGNIERS (R DES)",,,Plein jour,En agglomération,Hors intersection,Normale,Sans collision,,,,,,,,,,,1,2,1,1,7
200600022702,0006-04-23 10:43:00,6,4,23,10,43,940,77,"3, PASTEUR (AV)",,,Plein jour,En agglomération,Hors intersection,Normale,Autre collision,,,,,,,,,,,1,2,1,1,6
200600022703,0006-04-11 10:44:00,6,4,11,10,44,940,78,"0, NON DENOMMEE (VOI)",,,Plein jour,Hors agglomération,Passage à niveau,Normale,Deux véhicules - côté,,,,,,,,,,,1,1,8,1,3
200600022704,0006-04-04 11:50:00,6,4,4,11,50,940,78,"10, PIERRE SEMARD (PL)",,,Plein jour,En agglomération,Hors intersection,Normale,Autre collision,,,,,,,,,,,1,2,1,1,6
200600022705,0006-04-04 16:00:00,6,4,4,16,0,940,78,PRESIDENT JOHN FITZGERAL,,,Plein jour,En agglomération,Hors intersection,Normale,Sans collision,,,,,,,,,,,1,2,1,1,7
200600022706,0006-04-15 18:25:00,6,4,15,18,25,940,78,"172, PARIS (R DE)",,,Plein jour,En agglomération,Hors intersection,Normale,Autre collision,,,,,,,,,,,1,2,1,1,6
200600022707,0006-04-28 15:25:00,6,4,28,15,25,940,77,"40, PAUL PAINLEVE (AV)",,,Plein jour,En agglomération,Hors intersection,Normale,Autre collision,,,,,,,,,,,1,2,1,1,6
200600022708,0006-04-26 09:00:00,6,4,26,9,0,940,78,PARIS (R DE),,,Plein jour,En agglomération,Hors intersection,Normale,Autre collision,,,,,,,,,,,1,2,1,1,6
200600022709,0006-04-06 15:40:00,6,4,6,15,40,940,78,PARIS (R DE),,,Plein jour,En agglomération,Autre intersection,Normale,Autre collision,,,,,,,,,,,1,2,9,1,6
200600022710,0006-04-08 14:55:00,6,4,8,14,55,940,78,PARIS (R DE),,,Plein jour,En agglomération,Hors intersection,Normale,Autre collision,,,,,,,,,,,1,2,1,1,6
200600022711,0006-04-22 14:45:00,6,4,22,14,45,940,74,"5, PLAISIR (ALL DU)",,,Plein jour,En agglomération,Hors intersection,Normale,Autre collision,,,,,,,,,,,1,2,1,1,6
200600022712,0006-04-02 17:15:00,6,4,2,17,15,940,80,"170, PARIS - PL DE LA PR",,,Plein jour,En agglomération,Hors intersection,Pluie forte,Deux véhicules - arrière,,,,,,,,,,,1,2,1,3,2
200600022713,0006-04-06 16:35:00,6,4,6,16,35,940,80,"10 bis, GENERAL DE GAULL",,,Plein jour,En agglomération,Hors intersection,Normale,Autre collision,,,,,,,,,,,1,2,1,1,6
200600022714,0006-04-16 22:15:00,6,4,16,22,15,940,80,"44, STRASBOURG (R DE)",,,Nuit avec éclairage allumé,En agglomération,Hors intersection,Normale,Deux véhicules - côté,,,,,,,,,,,5,2,1,1,3
200600022715,0006-04-22 17:40:00,6,4,22,17,40,940,80,"33, PARIS (AV DE)",,,Plein jour,En agglomération,Hors intersection,Normale,Autre collision,,,,,,,,,,,1,2,1,1,6
200600022716,0006-04-24 14:25:00,6,4,24,14,25,940,67,"34, GENERAL DE GAULLE (A",,,Plein jour,En agglomération,Hors intersection,Normale,Trois véhicules et plus - collisions multiples,,,,,,,,,,,1,2,1,1,5
200600022717,0006-04-25 14:20:00,6,4,25,14,20,940,80,"11, NOGENT (AV DE)",,,Plein jour,En agglomération,Hors intersection,Normale,Deux véhicules - côté,,,,,,,,,,,1,2,1,1,3
200600022718,0006-04-26 10:50:00,6,4,26,10,50,940,80,FELIX FAURE (R),,,Plein jour,En agglomération,Intersection en X,Normale,Deux véhicules - côté,,,,,,,,,,,1,2,2,1,3
200600022719,0006-04-05 15:10:00,6,4,5,15,10,940,81,"113, PAUL ARMANGOT (R)",,,Plein jour,En agglomération,Hors intersection,Normale,Autre collision,,,,,,,,,,,1,2,1,1,6
200600022720,0006-04-06 17:15:00,6,4,6,17,15,940,81,"02, LUCIEN FRANCAIS (AV)",,,Plein jour,En agglomération,Hors intersection,Normale,Autre collision,,,,,,,,,,,1,2,1,1,6
200600022721,0006-04-12 09:40:00,6,4,12,9,40,940,81,SEINE (ALL DE),,,Plein jour,En agglomération,Hors intersection,Normale,Autre collision,,,,,,,,,,,1,2,1,1,6
200600022722,0006-04-01 19:50:00,6,4,1,19,50,950,18,"116, ALLEMANE (BOULEVARD",,,Plein jour,En agglomération,Hors intersection,Normale,Trois véhicules et plus - en chaîne,,,,,,,,,,,1,2,1,1,4
200600022723,0006-04-02 01:05:00,6,4,2,1,5,950,18,RN 311,,,Nuit avec éclairage allumé,En agglomération,Hors intersection,Normale,Deux véhicules - arrière,,,,,,,,,,,5,2,1,1,2
200600022724,0006-04-03 11:15:00,6,4,3,11,15,950,18,"7, RENOIR (ALLEE AUGUSTE",,,Plein jour,En agglomération,Hors intersection,Normale,Deux véhicules - côté,,,,,,,,,,,1,2,1,1,3
200600022725,0006-04-04 08:00:00,6,4,4,8,0,950,18,BARBUSSE (RUE HENRI),,,Plein jour,En agglomération,Intersection en X,Normale,Deux véhicules - côté,,,,,,,,,,,1,2,2,1,3
200600022726,0006-04-05 15:25:00,6,4,5,15,25,950,18,SALOY (RUE EMILE),,,Plein jour,En agglomération,Intersection en T,Normale,Autre collision,,,,,,,,,,,1,2,3,1,6
200600022727,0006-04-06 10:20:00,6,4,6,10,20,950,18,JAURES (AVENUE JEAN),,,Plein jour,En agglomération,Intersection en X,Normale,Deux véhicules - arrière,,,,,,,,,,,1,2,2,1,2
200600022728,0006-04-06 16:45:00,6,4,6,16,45,950,18,"14, POIRIER FOURRIER (RU",,,Plein jour,En agglomération,Hors intersection,Normale,Deux véhicules - frontale,,,,,,,,,,,1,2,1,1,1
200600022729,0006-04-06 23:50:00,6,4,6,23,50,950,18,"124, ALLEMANE (BOULEVARD",,,Nuit avec éclairage allumé,En agglomération,Hors intersection,Normale,Sans collision,,,,,,,,,,,5,2,1,1,7
200600022730,0006-04-07 09:00:00,6,4,7,9,0,950,18,"15, FEIX (BOULEVARD LEON",,,Plein jour,En agglomération,Hors intersection,Normale,Deux véhicules - arrière,,,,,,,,,,,1,2,1,1,2
200600022731,0006-04-07 12:00:00,6,4,7,12,0,950,18,RN 311,,,Plein jour,En agglomération,Hors intersection,Normale,Autre collision,,,,,,,,,,,1,2,1,1,6
200600022732,0006-04-08 00:25:00,6,4,8,0,25,950,18,STALINGRAD (AVENUE DE),,,Nuit avec éclairage allumé,En agglomération,Hors intersection,Normale,Deux véhicules - arrière,,,,,,,,,,,5,2,1,1,2
200600022733,0006-04-08 20:30:00,6,4,8,20,30,950,18,JUSTICE (RUE DE LA),,,Nuit avec éclairage allumé,En agglomération,Intersection en X,Normale,Autre collision,,,,,,,,,,,5,2,2,1,6
200600022734,0006-04-10 16:08:00,6,4,10,16,8,950,18,"276, JAURES (AVENUE JEAN",,,Plein jour,En agglomération,Hors intersection,Normale,Deux véhicules - arrière,,,,,,,,,,,1,2,1,1,2
200600022735,0006-04-11 11:05:00,6,4,11,11,5,950,18,"364, JAURES (AVENUE JEAN",,,Plein jour,En agglomération,Hors intersection,Normale,Autre collision,,,,,,,,,,,1,2,1,1,6
200600022736,0006-04-11 21:40:00,6,4,11,21,40,950,18,STALINGRAD (AVENUE DE),,,Nuit avec éclairage non allumé,En agglomération,Hors intersection,Pluie légère,Sans collision,,,,,,,,,,,4,2,1,2,7
200600022737,0006-04-12 17:40:00,6,4,12,17,40,950,18,"80, CARRE (RUE MICHEL)",,,Plein jour,En agglomération,Hors intersection,Normale,Deux véhicules - frontale,,,,,,,,,,,1,2,1,1,1
200600022738,0006-04-17 18:30:00,6,4,17,18,30,950,18,PIEUX (RUE DES),,,Plein jour,En agglomération,Hors intersection,Normale,Sans collision,,,,,,,,,,,1,2,1,1,7
200600022739,0006-04-17 19:40:00,6,4,17,19,40,950,176,SAINT-GERMAIN (RUE DE),,,Plein jour,En agglomération,Intersection en X,Normale,Deux véhicules - côté,,,,,,,,,,,1,2,2,1,3
200600022740,0006-04-18 08:45:00,6,4,18,8,45,950,18,LILAS (RUE DES),,,Plein jour,En agglomération,Intersection en X,Normale,Deux véhicules - côté,,,,,,,,,,,1,2,2,1,3
200600022741,0006-04-19 12:55:00,6,4,19,12,55,950,18,NONNAISE (RUE DE LA),,,Plein jour,En agglomération,Intersection en X,Normale,Deux véhicules - arrière,,,,,,,,,,,1,2,2,1,2
200600022742,0006-04-19 16:40:00,6,4,19,16,40,950,18,"144, bis, JAURES (AVENUE",,,Plein jour,En agglomération,Hors intersection,Normale,Autre collision,,,,,,,,,,,1,2,1,1,6
200600022743,0006-04-20 19:15:00,6,4,20,19,15,950,18,HUIT MAI 1945 (RUE DU),,,Plein jour,En agglomération,Autre intersection,Normale,Sans collision,,,,,,,,,,,1,2,9,1,7
200600022744,0006-04-21 12:10:00,6,4,21,12,10,950,176,BOIELDIEU (RUE),,,Plein jour,En agglomération,Intersection en T,Normale,Autre collision,,,,,,,,,,,1,2,3,1,6