accident_id,datetime,annee,mois,jour,heure,minute,departement,commune_insee,adresse,latitude,longitude,luminosite,agglomeration,intersection,meteo,collision,nb_vehicules,nb_usagers,nb_indemnes,nb_tues,nb_blesses_hosp,nb_blesses_legers,age_cond_1,age_cond_2,veh_type_cond_1,veh_type_cond_2,lum_code,agg_code,int_code,atm_code,col_code
200600023290,0006-04-27 19:30:00,6,4,27,19,30,940,28,A86,,,Plein jour,Hors agglomération,Hors intersection,Normale,Autre collision,,,,,,,,,,,1,1,1,1,6
200600023291,0006-03-21 07:30:00,6,3,21,7,30,920,25,A86,,,Plein jour,Hors agglomération,Autre intersection,Normale,Autre collision,,,,,,,,,,,1,1,9,1,6
200600023292,0006-03-11 19:30:00,6,3,11,19,30,780,362,A13,,,Nuit avec éclairage allumé,Hors agglomération,Hors intersection,Normale,Autre collision,,,,,,,,,,,5,1,1,1,6
200600023293,0006-01-09 10:00:00,6,1,9,10,0,590,237,AUTOROUTE A25,,,Plein jour,Hors agglomération,Hors intersection,Normale,Deux véhicules - arrière,,,,,,,,,,,1,1,1,1,2
200600023294,0006-04-09 13:15:00,6,4,9,13,15,670,137,Route Nationale 83,,,Plein jour,Hors agglomération,Hors intersection,Normale,Deux véhicules - arrière,,,,,,,,,,,1,1,1,1,2
200600023295,0006-04-25 11:50:00,6,4,25,11,50,670,482,Autoroute A.35,,,Plein jour,Hors agglomération,Hors intersection,Normale,Deux véhicules - côté,,,,,,,,,,,1,1,1,1,3
200600023296,0006-01-08 11:57:00,6,1,8,11,57,420,330,A72,,,Plein jour,Hors agglomération,Hors intersection,Normale,Autre collision,,,,,,,,,,,1,1,1,1,6
200600023297,0006-03-13 19:15:00,6,3,13,19,15,420,207,A47,,,Nuit sans éclairage public,Hors agglomération,Hors intersection,Normale,Trois véhicules et plus - en chaîne,,,,,,,,,,,3,1,1,1,4
200600023298,0006-03-27 15:35:00,6,3,27,15,35,420,44,RN88,,,Plein jour,Hors agglomération,Hors intersection,Normale,Deux véhicules - arrière,,,,,,,,,,,1,1,1,1,2
200600023299,0006-04-07 21:30:00,6,4,7,21,30,420,207,RN88 DECROISSANT,,,Nuit sans éclairage public,Hors agglomération,Hors intersection,Normale,Sans collision,,,,,,,,,,,3,1,1,1,7
200600023300,0006-04-09 03:50:00,6,4,9,3,50,420,237,RN88,,,Nuit sans éclairage public,Hors agglomération,Hors intersection,Normale,Sans collision,,,,,,,,,,,3,1,1,1,7
200600023301,0006-04-14 13:40:00,6,4,14,13,40,420,186,A47,,,Plein jour,Hors agglomération,Autre intersection,Normale,Autre collision,,,,,,,,,,,1,1,9,1,6
200600023302,0006-04-20 14:10:00,6,4,20,14,10,420,97,A72,,,Plein jour,Hors agglomération,Hors intersection,Normale,Trois véhicules et plus - en chaîne,,,,,,,,,,,1,1,1,1,4
200600023303,0006-02-02 19:20:00,6,2,2,19,20,690,40,A6,,,Nuit avec éclairage non allumé,Hors agglomération,Hors intersection,Normale,Autre collision,,,,,,,,,,,4,1,1,1,6
200600023304,0006-03-02 21:25:00,6,3,2,21,25,690,9,A6,,,Nuit avec éclairage allumé,Hors agglomération,Hors intersection,Normale,Sans collision,,,,,,,,,,,5,1,1,1,7
200600023305,0006-03-10 17:05:00,6,3,10,17,5,690,297,A7,,,Plein jour,Hors agglomération,Hors intersection,Normale,Deux véhicules - arrière,,,,,,,,,,,1,1,1,1,2
200600023306,0006-03-18 14:00:00,6,3,18,14,0,690,382,A7,,,Plein jour,Hors agglomération,Hors intersection,Normale,Deux véhicules - côté,,,,,,,,,,,1,1,1,1,3
200600023307,0006-03-18 23:30:00,6,3,18,23,30,690,286,A46N,,,Nuit sans éclairage public,Hors agglomération,Hors intersection,Temps couvert,Deux véhicules - côté,,,,,,,,,,,3,1,1,8,3
200600023308,0006-03-29 17:00:00,6,3,29,17,0,690,271,RN346,,,Plein jour,Hors agglomération,Hors intersection,Normale,Trois véhicules et plus - en chaîne,,,,,,,,,,,1,1,1,1,4
200600023309,0006-03-21 17:10:00,6,3,21,17,10,690,266,RN383,,,Plein jour,Hors agglomération,Hors intersection,Pluie légère,Deux véhicules - côté,,,,,,,,,,,1,1,1,2,3
200600023310,0006-04-07 18:30:00,6,4,7,18,30,690,283,A46S,,,Plein jour,Hors agglomération,Hors intersection,Normale,Trois véhicules et plus - collisions multiples,,,,,,,,,,,1,1,1,1,5
200600023311,0006-04-11 19:00:00,6,4,11,19,0,690,199,RN383,,,Plein jour,Hors agglomération,Hors intersection,Normale,Deux véhicules - arrière,,,,,,,,,,,1,1,1,1,2
200600023312,0006-04-14 15:45:00,6,4,14,15,45,690,296,A7,,,Plein jour,Hors agglomération,Hors intersection,Normale,Deux véhicules - arrière,,,,,,,,,,,1,1,1,1,2
200600023313,0006-04-10 18:40:00,6,4,10,18,40,690,388,RD383,,,Plein jour,Hors agglomération,Hors intersection,Pluie légère,Deux véhicules - côté,,,,,,,,,,,1,1,1,2,3
200600023314,0006-04-18 11:40:00,6,4,18,11,40,690,291,A47,,,Plein jour,Hors agglomération,Hors intersection,Normale,Deux véhicules - côté,,,,,,,,,,,1,1,1,1,3
200600023315,0006-04-22 11:30:00,6,4,22,11,30,380,87,A7,,,Plein jour,Hors agglomération,Hors intersection,Normale,Deux véhicules - arrière,,,,,,,,,,,1,1,1,1,2
200600023316,0006-04-27 18:15:00,6,4,27,18,15,690,199,A7,,,Plein jour,Hors agglomération,Hors intersection,Normale,Deux véhicules - côté,,,,,,,,,,,1,1,1,1,3
200600023317,0006-05-18 08:15:00,6,5,18,8,15,590,320,Rue du Calvaire,,,Plein jour,En agglomération,Intersection en T,Normale,Trois véhicules et plus - collisions multiples,,,,,,,,,,,1,2,3,1,5
200600023318,0006-05-06 17:00:00,6,5,6,17,0,590,630,PLACE  LEBAS,50.49,3.037,Plein jour,En agglomération,Place,Normale,Sans collision,,,,,,,,,,,1,2,7,1,7
200600023319,0006-05-16 19:45:00,6,5,16,19,45,590,605,,,,Plein jour,Hors agglomération,Hors intersection,Pluie légère,Autre collision,,,,,,,,,,,1,1,1,2,6
200600023320,0006-05-15 22:30:00,6,5,15,22,30,590,401,CD944,50.74,2.717,Nuit sans éclairage public,En agglomération,Hors intersection,Normale,Deux véhicules - frontale,,,,,,,,,,,3,2,1,1,1
200600023321,0006-05-30 10:30:00,6,5,30,10,30,590,535,,50.78,2.739,Plein jour,Hors agglomération,Intersection en T,Normale,Deux véhicules - frontale,,,,,,,,,,,1,1,3,1,1
200600023322,0006-05-06 06:00:00,6,5,6,6,0,590,581,CD 122,50.674,2.782,Crépuscule ou aube,Hors agglomération,Hors intersection,Normale,Sans collision,,,,,,,,,,,2,1,1,1,7
200600023323,0006-05-14 16:45:00,6,5,14,16,45,590,268,,50.615,2.75,Plein jour,Hors agglomération,Hors intersection,Normale,Deux véhicules - côté,,,,,,,,,,,1,1,1,1,3
200600023324,0006-05-01 18:30:00,6,5,1,18,30,590,587,,,,Plein jour,Hors agglomération,Hors intersection,Normale,Trois véhicules et plus - en chaîne,,,,,,,,,,,1,1,1,1,4
200600023325,0006-05-18 07:30:00,6,5,18,7,30,590,135,,50.805,2.502,Plein jour,Hors agglomération,Hors intersection,Normale,Deux véhicules - frontale,,,,,,,,,,,1,1,1,1,1
200600023326,0006-05-29 08:15:00,6,5,29,8,15,590,252,,50.705,2.932,Plein jour,Hors agglomération,Intersection en T,Normale,Deux véhicules - côté,,,,,,,,,,,1,1,3,1,3
200600023327,0006-05-30 13:45:00,6,5,30,13,45,590,482,,50.707,3.02,Plein jour,Hors agglomération,Hors intersection,Pluie légère,Deux véhicules - frontale,,,,,,,,,,,1,1,1,2,1
200600023328,0006-05-06 16:45:00,6,5,6,16,45,590,348,25 RUE DE BOUCHAIN,50.282,3.334,Plein jour,En agglomération,Hors intersection,Normale,Deux véhicules - côté,,,,,,,,,,,1,2,1,1,3
200600023329,0006-05-04 11:45:00,6,5,4,11,45,590,434,"Face au 760, rue Paul WI",,,Plein jour,En agglomération,Hors intersection,Normale,Deux véhicules - frontale,,,,,,,,,,,1,2,1,1,1
200600023330,0006-05-07 10:15:00,6,5,7,10,15,590,474,,50.088,3.763,Plein jour,Hors agglomération,Hors intersection,Normale,Autre collision,,,,,,,,,,,1,1,1,1,6
200600023331,0006-05-12 12:30:00,6,5,12,12,30,590,331,52 FAUBOURG DE FRANCE,50.124,3.699,Plein jour,En agglomération,Hors intersection,Normale,Deux véhicules - arrière,,,,,,,,,,,1,2,1,1,2
200600023332,0006-05-27 21:45:00,6,5,27,21,45,590,331,Villars et rue de Verdun,,,Nuit sans éclairage public,En agglomération,Intersection en X,Pluie forte,Deux véhicules - frontale,,,,,,,,,,,3,2,2,3,1
200600023333,0006-05-10 16:45:00,6,5,10,16,45,590,198,INTERSECTION CD119 CD83,50.12,4.182,Plein jour,En agglomération,Hors intersection,Pluie forte,Deux véhicules - côté,,,,,,,,,,,1,2,1,3,3
200600023334,0006-05-07 21:00:00,6,5,7,21,0,590,372,,50.05,3.321,Crépuscule ou aube,Hors agglomération,Hors intersection,Normale,Autre collision,,,,,,,,,,,2,1,1,1,6
200600023335,0006-05-30 22:00:00,6,5,30,22,0,590,149,Rue eugène leclerck,50.083,3.401,Nuit avec éclairage allumé,En agglomération,Hors intersection,Normale,Deux véhicules - frontale,,,,,,,,,,,5,2,1,1,1
200600023336,0006-05-03 14:30:00,6,5,3,14,30,590,158,route nationale,,,Plein jour,En agglomération,Hors intersection,Normale,Deux véhicules - frontale,,,,,,,,,,,1,2,1,1,1
200600023337,0006-05-24 20:30:00,6,5,24,20,30,590,53,rue Eugène MASCART,50.3,3.8,Plein jour,En agglomération,Hors intersection,Normale,Deux véhicules - côté,,,,,,,,,,,1,2,1,1,3
200600023338,0006-05-25 15:00:00,6,5,25,15,0,590,77,voie communale 302,50.317,3.736,Plein jour,Hors agglomération,Hors intersection,Pluie légère,Deux véhicules - frontale,,,,,,,,,,,1,1,1,2,1
200600023339,0006-05-19 12:00:00,6,5,19,12,0,590,481,rue chevray,50.252,3.641,Plein jour,En agglomération,Hors intersection,Normale,Autre collision,,,,,,,,,,,1,2,1,1,6
200600023340,0006-05-17 13:00:00,6,5,17,13,0,590,58,,,,Plein jour,Hors agglomération,Hors intersection,Normale,Deux véhicules - côté,,,,,,,,,,,1,1,1,1,3
200600023341,0006-05-10 06:35:00,6,5,10,6,35,620,876,carrefour CD 929 et C1,,,Plein jour,Hors agglomération,Hors intersection,Brouillard / fumée,Deux véhicules - frontale,,,,,,,,,,,1,1,1,5,1
200600023342,0006-05-03 18:30:00,6,5,3,18,30,620,320,,50.32,2.66,Plein jour,Hors agglomération,Hors intersection,Normale,Deux véhicules - frontale,,,,,,,,,,,1,1,1,1,1
200600023343,0006-05-10 18:00:00,6,5,10,18,0,620,801,Rue Pasteur,,,Plein jour,En agglomération,Hors intersection,Temps éblouissant,Trois véhicules et plus - collisions multiples,,,,,,,,,,,1,2,1,7,5
200600023344,0006-05-06 23:45:00,6,5,6,23,45,620,81,,50.221,3.066,Nuit sans éclairage public,Hors agglomération,Hors intersection,Pluie forte,Deux véhicules - frontale,,,,,,,,,,,3,1,1,3,1
200600023345,0006-05-13 14:15:00,6,5,13,14,15,620,284,RUE DU FAUBOURG,,,Plein jour,En agglomération,Hors intersection,Normale,Deux véhicules - frontale,,,,,,,,,,,1,2,1,1,1
200600023346,0006-05-09 19:30:00,6,5,9,19,30,620,383,,50.3,3.06,Plein jour,Hors agglomération,Giratoire,Normale,Deux véhicules - côté,,,,,,,,,,,1,1,6,1,3
200600023347,0006-05-04 13:45:00,6,5,4,13,45,620,770,rue du Faubourg,,,Plein jour,En agglomération,Intersection en Y,Normale,Deux véhicules - côté,,,,,,,,,,,1,2,4,1,3
200600023348,0006-05-19 15:56:00,6,5,19,15,56,620,473,cd 187d,,,Plein jour,En agglomération,Intersection en X,Normale,Deux véhicules - côté,,,,,,,,,,,1,2,2,1,3
200600023349,0006-05-20 23:30:00,6,5,20,23,30,620,376,rue des près,50.549,2.573,Nuit sans éclairage public,En agglomération,Hors intersection,Normale,Autre collision,,,,,,,,,,,3,2,1,1,6
200600023350,0006-05-26 09:15:00,6,5,26,9,15,620,448,RD901,,,Plein jour,En agglomération,Hors intersection,Pluie forte,Deux véhicules - frontale,,,,,,,,,,,1,2,1,3,1
200600023351,0006-05-20 13:30:00,6,5,20,13,30,620,705,,,,Plein jour,Hors agglomération,Hors intersection,Vent fort / tempête,Autre collision,,,,,,,,,,,1,1,1,6,6
200600023352,0006-05-17 18:10:00,6,5,17,18,10,620,264,CD.940,,,Plein jour,Hors agglomération,Hors intersection,Normale,Deux véhicules - côté,,,,,,,,,,,1,1,1,1,3
200600023353,0006-05-11 02:30:00,6,5,11,2,30,620,408,Route de Hames,,,Nuit sans éclairage public,En agglomération,Autre intersection,Normale,Autre collision,,,,,,,,,,,3,2,9,1,6
200600023354,0006-05-28 05:00:00,6,5,28,5,0,620,506,RD 215 Hameau de ECOTTES,50.822,1.928,Crépuscule ou aube,En agglomération,Hors intersection,Normale,Sans collision,,,,,,,,,,,2,2,1,1,7
200600023355,0006-05-11 14:15:00,6,5,11,14,15,620,571,rue Auguste Biblocq,,,Plein jour,En agglomération,Hors intersection,Normale,Autre collision,,,,,,,,,,,1,2,1,1,6
200600023356,0006-05-24 10:15:00,6,5,24,10,15,620,318,ng cimetière britannique,50.536,1.627,Plein jour,Hors agglomération,Hors intersection,Temps couvert,Deux véhicules - frontale,,,,,,,,,,,1,1,1,8,1
200600023357,0006-05-28 02:00:00,6,5,28,2,0,620,567,eglinghem,,,Nuit sans éclairage public,En agglomération,Hors intersection,Normale,Autre collision,,,,,,,,,,,3,2,1,1,6
200600023358,0006-05-21 17:45:00,6,5,21,17,45,620,468,,,,Plein jour,Hors agglomération,Hors intersection,Pluie forte,Deux véhicules - frontale,,,,,,,,,,,1,1,1,3,1
200600023359,0006-05-12 15:30:00,6,5,12,15,30,620,816,,50.339,2.563,Plein jour,Hors agglomération,Hors intersection,Normale,Deux véhicules - frontale,,,,,,,,,,,1,1,1,1,1
200600023360,0006-05-22 06:15:00,6,5,22,6,15,620,795,route de frevent,50.303,2.328,Crépuscule ou aube,En agglomération,Hors intersection,Normale,Sans collision,,,,,,,,,,,2,2,1,1,7
200600023361,0006-05-23 18:00:00,6,5,23,18,0,620,361,PLACE JEAN JAURES,50.282,2.293,Plein jour,En agglomération,Hors intersection,Normale,Autre collision,,,,,,,,,,,1,2,1,1,6
200600023362,0006-05-21 20:45:00,6,5,21,20,45,800,558,rue de la belle croix,,,Plein jour,En agglomération,Hors intersection,Normale,Autre collision,,,,,,,,,,,1,2,1,1,6
200600023363,0006-05-21 20:30:00,6,5,21,20,30,800,479,route de normandie,49.779,1.867,Plein jour,En agglomération,Hors intersection,Pluie forte,Deux véhicules - frontale,,,,,,,,,,,1,2,1,3,1
200600023364,0006-05-20 05:00:00,6,5,20,5,0,800,187,,,,Nuit sans éclairage public,Hors agglomération,Hors intersection,Pluie légère,Deux véhicules - frontale,,,,,,,,,,,3,1,1,2,1
200600023365,0006-05-13 15:15:00,6,5,13,15,15,800,19,Rue du Quayet,49.97,1.903,Plein jour,En agglomération,Hors intersection,Normale,Deux véhicules - frontale,,,,,,,,,,,1,2,1,1,1
200600023366,0006-05-16 22:30:00,6,5,16,22,30,800,215,23 ROUTE DE D ABBEVILLE,50.147,2.008,Nuit avec éclairage allumé,En agglomération,Hors intersection,Normale,Autre collision,,,,,,,,,,,5,2,1,1,6
200600023367,0006-05-05 22:45:00,6,5,5,22,45,800,308,carrefour départementale,50.066,1.605,Nuit avec éclairage allumé,En agglomération,Intersection en X,Normale,Deux véhicules - côté,,,,,,,,,,,5,2,2,1,3
200600023368,0006-05-08 07:45:00,6,5,8,7,45,800,500,,50.015,1.609,Plein jour,Hors agglomération,Intersection en X,Pluie légère,Deux véhicules - côté,,,,,,,,,,,1,1,2,2,3
200600023369,0006-05-10 17:15:00,6,5,10,17,15,800,500,,50.028,1.64,Plein jour,Hors agglomération,Hors intersection,Normale,Deux véhicules - côté,,,,,,,,,,,1,1,1,1,3
200600023370,0006-05-23 19:15:00,6,5,23,19,15,800,373,face au 4 rue Charles de,49.993,1.555,Plein jour,En agglomération,Hors intersection,Normale,Autre collision,,,,,,,,,,,1,2,1,1,6
200600023371,0006-05-22 10:45:00,6,5,22,10,45,800,333,,50.348,1.633,Plein jour,Hors agglomération,Hors intersection,Normale,Deux véhicules - arrière,,,,,,,,,,,1,1,1,1,2
200600023372,0006-05-06 13:30:00,6,5,6,13,30,800,700,CD.02,,,Plein jour,En agglomération,Hors intersection,Pluie légère,Deux véhicules - frontale,,,,,,,,,,,1,2,1,2,1
200600023373,0006-05-05 17:50:00,6,5,5,17,50,800,508,Place de BAYONNE,,,Plein jour,En agglomération,Hors intersection,Normale,Deux véhicules - frontale,,,,,,,,,,,1,2,1,1,1
200600023374,0006-05-09 07:15:00,6,5,9,7,15,800,669,,49.742,2.877,Crépuscule ou aube,Hors agglomération,Hors intersection,Pluie légère,Deux véhicules - frontale,,,,,,,,,,,2,1,1,2,1
200600023375,0006-05-19 14:25:00,6,5,19,14,25,800,685,rue Anathole France,,,Plein jour,En agglomération,Hors intersection,Normale,Deux véhicules - côté,,,,,,,,,,,1,2,1,1,3
200600023376,0006-05-24 18:10:00,6,5,24,18,10,800,685,rue de goyencourt,,,Plein jour,En agglomération,Giratoire,Pluie forte,Autre collision,,,,,,,,,,,1,2,6,3,6
200600023377,0006-05-26 15:00:00,6,5,26,15,0,800,101,rue Octave Coras,,,Plein jour,En agglomération,Hors intersection,Normale,Sans collision,,,,,,,,,,,1,2,1,1,7
200600023378,0006-05-06 08:15:00,6,5,6,8,15,800,94,,49.824,2.461,Plein jour,Hors agglomération,Hors intersection,Normale,Sans collision,,,,,,,,,,,1,1,1,1,7
200600023379,0006-05-14 18:45:00,6,5,14,18,45,800,494,,49.725,2.408,Plein jour,Hors agglomération,Intersection en X,Normale,Deux véhicules - côté,,,,,,,,,,,1,1,2,1,3
200600023380,0006-05-05 16:20:00,6,5,5,16,20,800,620,7 avenue Danicourt,,,Plein jour,En agglomération,Hors intersection,Normale,Autre collision,,,,,,,,,,,1,2,1,1,6
200600023381,0006-05-12 10:00:00,6,5,12,10,0,800,747,Grande rue,,,Plein jour,En agglomération,Hors intersection,Normale,Autre collision,,,,,,,,,,,1,2,1,1,6
200600023382,0006-05-01 15:25:00,6,5,1,15,25,800,216,CD107,,,Plein jour,Hors agglomération,Hors intersection,Pluie légère,Deux véhicules - frontale,,,,,,,,,,,1,1,1,2,1
200600023383,0006-05-10 17:45:00,6,5,10,17,45,800,549,,50.112,2.745,Plein jour,Hors agglomération,Hors intersection,Normale,Trois véhicules et plus - collisions multiples,,,,,,,,,,,1,1,1,1,5
200600023384,0006-05-15 18:45:00,6,5,15,18,45,800,47,,50.035,2.655,Plein jour,Hors agglomération,Hors intersection,Normale,Sans collision,,,,,,,,,,,1,1,1,1,7
200600023385,0006-05-28 19:00:00,6,5,28,19,0,800,523,CD329,49.986,2.674,Plein jour,En agglomération,Hors intersection,Normale,Deux véhicules - frontale,,,,,,,,,,,1,2,1,1,1
200600023386,0006-05-01 13:30:00,6,5,1,13,30,800,430,Pont de l'autoroute A1,,,Plein jour,Hors agglomération,Hors intersection,Pluie légère,Autre collision,,,,,,,,,,,1,1,1,2,6
200600023387,0006-05-02 18:40:00,6,5,2,18,40,800,693,o 7 de la rue de Moreuil,,,Plein jour,En agglomération,Hors intersection,Normale,Sans collision,,,,,,,,,,,1,2,1,1,7
200600023388,0006-05-16 08:45:00,6,5,16,8,45,800,417,,49.839,2.673,Nuit sans éclairage public,Hors agglomération,Hors intersection,Normale,Sans collision,,,,,,,,,,,3,1,1,1,7
200600023389,0006-05-17 18:00:00,6,5,17,18,0,800,680,GAMBETTA (devant le 49),,,Plein jour,En agglomération,Hors intersection,Normale,Autre collision,,,,,,,,,,,1,2,1,1,6
200600023390,0006-05-18 17:30:00,6,5,18,17,30,800,572,,,,Plein jour,Hors agglomération,Hors intersection,Normale,Autre collision,,,,,,,,,,,1,1,1,1,6
200600023391,0006-05-18 21:45:00,6,5,18,21,45,800,814,rue detaille,49.804,2.695,Nuit avec éclairage allumé,En agglomération,Hors intersection,Pluie légère,Deux véhicules - côté,,,,,,,,,,,5,2,1,2,3
200600023392,0006-05-08 06:00:00,6,5,8,6,0,800,509,,,,Crépuscule ou aube,Hors agglomération,Hors intersection,Pluie légère,Autre collision,,,,,,,,,,,2,1,1,2,6
200600023393,0006-05-08 19:00:00,6,5,8,19,0,800,726,", A PROXIMITE DU  PK 06.",,,Plein jour,En agglomération,Hors intersection,Normale,Deux véhicules - frontale,,,,,,,,,,,1,2,1,1,1
200600023394,0006-05-07 21:45:00,6,5,7,21,45,20,559,,,,Nuit sans éclairage public,Hors agglomération,Hors intersection,Normale,Autre collision,,,,,,,,,,,3,1,1,1,6
200600023395,0006-05-16 11:45:00,6,5,16,11,45,20,238,,49.612,3.503,Plein jour,Hors agglomération,Intersection en T,Normale,Deux véhicules - côté,,,,,,,,,,,1,1,3,1,3
200600023396,0006-05-27 11:15:00,6,5,27,11,15,20,96,,49.728,3.623,Plein jour,En agglomération,Hors intersection,Temps couvert,Deux véhicules - côté,,,,,,,,,,,1,2,1,8,3
200600023397,0006-05-28 19:00:00,6,5,28,19,0,20,621,route de Vorges - CD 25,49.521,3.636,Plein jour,En agglomération,Autre intersection,Normale,Sans collision,,,,,,,,,,,1,2,9,1,7
200600023398,0006-05-12 22:30:00,6,5,12,22,30,20,719,,49.601,3.231,Nuit sans éclairage public,En agglomération,Hors intersection,Pluie légère,Deux véhicules - côté,,,,,,,,,,,3,2,1,2,3
200600023399,0006-05-15 10:15:00,6,5,15,10,15,20,329,,,,Plein jour,Hors agglomération,Hors intersection,Normale,Deux véhicules - côté,,,,,,,,,,,1,1,1,1,3
200600023400,0006-05-21 06:05:00,6,5,21,6,5,20,173,rue Emile Zola,,,Plein jour,En agglomération,Autre intersection,Normale,Autre collision,,,,,,,,,,,1,2,9,1,6
200600023401,0006-05-24 20:00:00,6,5,24,20,0,20,413,cd25,,,Crépuscule ou aube,Hors agglomération,Hors intersection,Pluie légère,Deux véhicules - frontale,,,,,,,,,,,2,1,1,2,1
200600023402,0006-05-12 18:30:00,6,5,12,18,30,20,399,,49.428,3.927,Plein jour,Hors agglomération,Hors intersection,Temps couvert,Deux véhicules - frontale,,,,,,,,,,,1,1,1,8,1
200600023403,0006-05-13 23:15:00,6,5,13,23,15,20,360,Rue de Prouvais,49.442,3.967,Nuit avec éclairage allumé,En agglomération,Hors intersection,Normale,Autre collision,,,,,,,,,,,5,2,1,1,6
200600023404,0006-05-24 15:45:00,6,5,24,15,45,20,453,rue de la 173 ème DBA,,,Plein jour,En agglomération,Hors intersection,Autre,Autre collision,,,,,,,,,,,1,2,1,9,6
200600023405,0006-05-19 23:00:00,6,5,19,23,0,20,85,,,,Nuit sans éclairage public,Hors agglomération,Hors intersection,Normale,Deux véhicules - arrière,,,,,,,,,,,3,1,1,1,2
200600023406,0006-05-24 09:30:00,6,5,24,9,30,20,798,,48.903,3.406,Plein jour,Hors agglomération,Intersection en X,Normale,Deux véhicules - côté,,,,,,,,,,,1,1,2,1,3
200600023407,0006-05-01 18:30:00,6,5,1,18,30,20,305,,49.182,3.495,Plein jour,Hors agglomération,Hors intersection,Pluie légère,Deux véhicules - frontale,,,,,,,,,,,1,1,1,2,1
200600023408,0006-05-21 17:45:00,6,5,21,17,45,20,710,,,,Plein jour,Hors agglomération,Hors intersection,Normale,Deux véhicules - frontale,,,,,,,,,,,1,1,1,1,1
200600023409,0006-05-21 22:10:00,6,5,21,22,10,20,739,31 rue du courty montier,,,Nuit avec éclairage allumé,En agglomération,Hors intersection,Pluie légère,Autre collision,,,,,,,,,,,5,2,1,2,6
200600023410,0006-05-26 11:00:00,6,5,26,11,0,20,804,,,,Plein jour,Hors agglomération,Hors intersection,Temps couvert,Autre collision,,,,,,,,,,,1,1,1,8,6
200600023411,0006-05-20 12:30:00,6,5,20,12,30,20,537,,,,Plein jour,Hors agglomération,Hors intersection,Temps couvert,Deux véhicules - côté,,,,,,,,,,,1,1,1,8,3
200600023412,0006-05-04 21:15:00,6,5,4,21,15,20,232,PLACE DE LA MAIRIE,49.238,3.044,Nuit avec éclairage allumé,En agglomération,Hors intersection,Normale,Autre collision,,,,,,,,,,,5,2,1,1,6
200600023413,0006-05-24 16:00:00,6,5,24,16,0,20,514,,49.378,3.133,Plein jour,Hors agglomération,Intersection en X,Temps couvert,Trois véhicules et plus - collisions multiples,,,,,,,,,,,1,1,2,8,5
200600023414,0006-05-12 20:30:00,6,5,12,20,30,20,369,,,,Crépuscule ou aube,Hors agglomération,Hors intersection,Normale,Autre collision,,,,,,,,,,,2,1,1,1,6
200600023415,0006-05-13 10:45:00,6,5,13,10,45,20,558,56 rue Théodore Blot,50.022,3.79,Plein jour,En agglomération,Hors intersection,Normale,Deux véhicules - frontale,,,,,,,,,,,1,2,1,1,1
200600023416,0006-05-17 19:50:00,6,5,17,19,50,20,361,CD 960,,,Plein jour,Hors agglomération,Hors intersection,Normale,Deux véhicules - frontale,,,,,,,,,,,1,1,1,1,1
200600023417,0006-05-13 11:15:00,6,5,13,11,15,20,381,rue Salvador Allende,49.931,4.103,Plein jour,En agglomération,Hors intersection,Normale,Deux véhicules - frontale,,,,,,,,,,,1,2,1,1,1
200600023418,0006-05-04 09:00:00,6,5,4,9,0,600,41,CD12,49.388,2.222,Plein jour,En agglomération,Hors intersection,Normale,Trois véhicules et plus - collisions multiples,,,,,,,,,,,1,2,1,1,5
200600023419,0006-05-19 01:45:00,6,5,19,1,45,600,646,,49.515,2.016,Nuit sans éclairage public,Hors agglomération,Hors intersection,Normale,Autre collision,,,,,,,,,,,3,1,1,1,6
200600023420,0006-05-02 10:00:00,6,5,2,10,0,600,29,rue de BEAUVAIS,,,Plein jour,En agglomération,Hors intersection,Normale,Deux véhicules - frontale,,,,,,,,,,,1,2,1,1,1
200600023421,0006-05-02 06:30:00,6,5,2,6,30,600,319,,49.364,1.964,Crépuscule ou aube,Hors agglomération,Hors intersection,Normale,Autre collision,,,,,,,,,,,2,1,1,1,6
200600023422,0006-05-10 20:15:00,6,5,10,20,15,600,164,9 Rue de la croisette,49.412,1.838,Plein jour,En agglomération,Hors intersection,Normale,Autre collision,,,,,,,,,,,1,2,1,1,6
200600023423,0006-05-15 21:50:00,6,5,15,21,50,600,30,rue de gournay,,,Nuit avec éclairage allumé,En agglomération,Hors intersection,Normale,Deux véhicules - frontale,,,,,,,,,,,5,2,1,1,1
200600023424,0006-05-26 23:15:00,6,5,26,23,15,600,523,rue de troussures,,,Nuit avec éclairage allumé,En agglomération,Hors intersection,Normale,Autre collision,,,,,,,,,,,5,2,1,1,6
200600023425,0006-05-04 19:15:00,6,5,4,19,15,600,169,cd 981,,,Plein jour,En agglomération,Hors intersection,Normale,Deux véhicules - côté,,,,,,,,,,,1,2,1,1,3