accident_id,datetime,annee,mois,jour,heure,minute,departement,commune_insee,adresse,latitude,longitude,luminosite,agglomeration,intersection,meteo,collision,nb_vehicules,nb_usagers,nb_indemnes,nb_tues,nb_blesses_hosp,nb_blesses_legers,age_cond_1,age_cond_2,veh_type_cond_1,veh_type_cond_2,lum_code,agg_code,int_code,atm_code,col_code
200600023838,0006-05-13 21:00:00,6,5,13,21,0,170,219,La gataudière,45.836,-1.113,Nuit sans éclairage public,Hors agglomération,Hors intersection,Normale,Trois véhicules et plus - collisions multiples,,,,,,,,,,,3,1,1,1,5
200600023839,0006-05-26 17:15:00,6,5,26,17,15,170,351,,45.82,-1.08,Plein jour,Hors agglomération,Hors intersection,Normale,Deux véhicules - côté,,,,,,,,,,,1,1,1,1,3
200600023840,0006-05-31 13:15:00,6,5,31,13,15,170,406,,45.77,-0.992,Plein jour,Hors agglomération,Hors intersection,Normale,Deux véhicules - côté,,,,,,,,,,,1,1,1,1,3
200600023841,0006-05-05 21:15:00,6,5,5,21,15,170,348,,,,Plein jour,Hors agglomération,Hors intersection,Normale,Deux véhicules - frontale,,,,,,,,,,,1,1,1,1,1
200600023842,0006-05-09 23:45:00,6,5,9,23,45,170,155,,45.717,-1.109,Nuit sans éclairage public,Hors agglomération,Hors intersection,Normale,Autre collision,,,,,,,,,,,3,1,1,1,6
200600023843,0006-05-06 12:15:00,6,5,6,12,15,170,75,,45.924,-0.83,Plein jour,Hors agglomération,Hors intersection,Normale,Deux véhicules - frontale,,,,,,,,,,,1,1,1,1,1
200600023844,0006-05-08 16:15:00,6,5,8,16,15,170,253,,,,Plein jour,Hors agglomération,Hors intersection,Normale,Sans collision,,,,,,,,,,,1,1,1,1,7
200600023845,0006-05-16 15:30:00,6,5,16,15,30,170,434,AVENUE DE LA LIBERATION,46.1,-0.75,Plein jour,En agglomération,Intersection en Y,Normale,Autre collision,,,,,,,,,,,1,2,4,1,6
200600023846,0006-05-27 16:30:00,6,5,27,16,30,170,310,,45.559,-0.751,Plein jour,Hors agglomération,Hors intersection,Normale,Deux véhicules - côté,,,,,,,,,,,1,1,1,1,3
200600023847,0006-05-04 15:00:00,6,5,4,15,0,170,183,,,,Plein jour,Hors agglomération,Hors intersection,Normale,Deux véhicules - frontale,,,,,,,,,,,1,1,1,1,1
200600023848,0006-05-07 15:50:00,6,5,7,15,50,170,228,Lieut dit LE BOULEAU,,,Plein jour,Hors agglomération,Intersection en X,Normale,Deux véhicules - côté,,,,,,,,,,,1,1,2,1,3
200600023849,0006-05-06 20:20:00,6,5,6,20,20,170,15,lieu dit 'Brézillas',,,Plein jour,En agglomération,Hors intersection,Normale,Deux véhicules - côté,,,,,,,,,,,1,2,1,1,3
200600023850,0006-05-23 12:15:00,6,5,23,12,15,170,347,N 150 carrefour de véron,,,Plein jour,Hors agglomération,Intersection en T,Normale,Deux véhicules - côté,,,,,,,,,,,1,1,3,1,3
200600023851,0006-05-14 03:15:00,6,5,14,3,15,170,383,,45.958,-0.414,Nuit sans éclairage public,Hors agglomération,Hors intersection,Normale,Autre collision,,,,,,,,,,,3,1,1,1,6
200600023852,0006-05-06 20:30:00,6,5,6,20,30,790,284,,46.459,-0.436,Plein jour,Hors agglomération,Hors intersection,Normale,Sans collision,,,,,,,,,,,1,1,1,1,7
200600023853,0006-05-17 19:00:00,6,5,17,19,0,790,3,RD174 ROUTE DE VOUILLE,,,Plein jour,En agglomération,Autre intersection,Normale,Sans collision,,,,,,,,,,,1,2,9,1,7
200600023854,0006-05-31 08:00:00,6,5,31,8,0,790,170,,46.184,-0.652,Plein jour,Hors agglomération,Hors intersection,Normale,Deux véhicules - frontale,,,,,,,,,,,1,1,1,1,1
200600023855,0006-05-04 18:10:00,6,5,4,18,10,790,189,rue des sources,46.416,-0.17,Plein jour,En agglomération,Hors intersection,Normale,Deux véhicules - côté,,,,,,,,,,,1,2,1,1,3
200600023856,0006-05-16 18:00:00,6,5,16,18,0,790,20,L'Omelière,,,Plein jour,Hors agglomération,Hors intersection,Normale,Deux véhicules - côté,,,,,,,,,,,1,1,1,1,3
200600023857,0006-05-18 12:30:00,6,5,18,12,30,790,88,au 62 Route de Parthenay,,,Plein jour,En agglomération,Hors intersection,Normale,Trois véhicules et plus - collisions multiples,,,,,,,,,,,1,2,1,1,5
200600023858,0006-05-17 16:45:00,6,5,17,16,45,790,17,Les Brosses,,,Plein jour,Hors agglomération,Hors intersection,Normale,Deux véhicules - côté,,,,,,,,,,,1,1,1,1,3
200600023859,0006-05-29 18:10:00,6,5,29,18,10,790,237,La Gauduchère,,,Plein jour,Hors agglomération,Hors intersection,Normale,Deux véhicules - frontale,,,,,,,,,,,1,1,1,1,1
200600023860,0006-05-07 20:30:00,6,5,7,20,30,790,265,,,,Crépuscule ou aube,Hors agglomération,Hors intersection,Normale,Autre collision,,,,,,,,,,,2,1,1,1,6
200600023861,0006-05-25 00:50:00,6,5,25,0,50,790,250,route de Pierrefitte,,,Nuit sans éclairage public,En agglomération,Hors intersection,Normale,Autre collision,,,,,,,,,,,3,2,1,1,6
200600023862,0006-05-19 13:00:00,6,5,19,13,0,790,348,,46.137,-0.278,Plein jour,Hors agglomération,Hors intersection,Normale,Deux véhicules - côté,,,,,,,,,,,1,1,1,1,3
200600023863,0006-05-22 17:30:00,6,5,22,17,30,790,173,,,,Plein jour,Hors agglomération,Hors intersection,Normale,Trois véhicules et plus - collisions multiples,,,,,,,,,,,1,1,1,1,5
200600023864,0006-05-21 15:50:00,6,5,21,15,50,790,8,lieu dit Villeneuve,,,Plein jour,Hors agglomération,Hors intersection,Normale,Deux véhicules - frontale,,,,,,,,,,,1,1,1,1,1
200600023865,0006-05-25 03:45:00,6,5,25,3,45,790,202,Boulevard Bernar Palissy,46.649,-0.218,Nuit avec éclairage allumé,En agglomération,Hors intersection,Normale,Sans collision,,,,,,,,,,,5,2,1,1,7
200600023866,0006-05-13 20:45:00,6,5,13,20,45,790,5,,,,Plein jour,Hors agglomération,Hors intersection,Normale,Sans collision,,,,,,,,,,,1,1,1,1,7
200600023867,0006-05-09 19:35:00,6,5,9,19,35,870,1,Raymond Poincaré - RN 21,,,Plein jour,En agglomération,Hors intersection,Normale,Deux véhicules - frontale,,,,,,,,,,,1,2,1,1,1
200600023868,0006-05-17 15:30:00,6,5,17,15,30,870,1,Carrefour Avenue  de Gau,45.79,1.14,Plein jour,En agglomération,Intersection en T,Normale,Deux véhicules - frontale,,,,,,,,,,,1,2,3,1,1
200600023869,0006-05-13 11:00:00,6,5,13,11,0,870,64,rue Jules GUESTE,45.742,1.752,Plein jour,En agglomération,Hors intersection,Pluie légère,Autre collision,,,,,,,,,,,1,2,1,2,6
200600023870,0006-05-27 11:00:00,6,5,27,11,0,870,202,"eudit ""La Croix Blanche""",,,Plein jour,Hors agglomération,Intersection en X,Normale,Deux véhicules - côté,,,,,,,,,,,1,1,2,1,3
200600023871,0006-05-27 17:30:00,6,5,27,17,30,870,202,,,,Plein jour,Hors agglomération,Hors intersection,Normale,Autre collision,,,,,,,,,,,1,1,1,1,6
200600023872,0006-05-08 18:00:00,6,5,8,18,0,870,27,,45.621,1.033,Plein jour,Hors agglomération,Hors intersection,Neige / grêle,Autre collision,,,,,,,,,,,1,1,1,4,6
200600023873,0006-05-18 14:15:00,6,5,18,14,15,870,12,LASALLE,,,Plein jour,Hors agglomération,Hors intersection,Temps couvert,Deux véhicules - frontale,,,,,,,,,,,1,1,1,8,1
200600023874,0006-05-07 07:00:00,6,5,7,7,0,870,33,Lieu-dit TAILLAC,,,Plein jour,Hors agglomération,Hors intersection,Normale,Sans collision,,,,,,,,,,,1,1,1,1,7
200600023875,0006-05-07 18:15:00,6,5,7,18,15,870,83,Le Mas Croisier,46.09,1.479,Plein jour,Hors agglomération,Hors intersection,Normale,Sans collision,,,,,,,,,,,1,1,1,1,7
200600023876,0006-05-24 12:45:00,6,5,24,12,45,870,103,Place du commerce,,,Plein jour,En agglomération,Intersection en X,Normale,Deux véhicules - côté,,,,,,,,,,,1,2,2,1,3
200600023877,0006-05-19 10:30:00,6,5,19,10,30,870,61,,,,Plein jour,Hors agglomération,Hors intersection,Normale,Sans collision,,,,,,,,,,,1,1,1,1,7
200600023878,0006-05-01 14:45:00,6,5,1,14,45,190,259,,,,Plein jour,Hors agglomération,Hors intersection,Normale,Autre collision,,,,,,,,,,,1,1,1,1,6
200600023879,0006-05-20 15:45:00,6,5,20,15,45,190,4,,45.137,1.852,Plein jour,Hors agglomération,Hors intersection,Pluie légère,Autre collision,,,,,,,,,,,1,1,1,2,6
200600023880,0006-05-17 15:50:00,6,5,17,15,50,190,73,Le Bouchard,,,Plein jour,Hors agglomération,Hors intersection,Normale,Sans collision,,,,,,,,,,,1,1,1,1,7
200600023881,0006-05-26 14:45:00,6,5,26,14,45,190,37,,45.425,1.714,Plein jour,Hors agglomération,Hors intersection,Temps couvert,Deux véhicules - frontale,,,,,,,,,,,1,1,1,8,1
200600023882,0006-05-14 16:40:00,6,5,14,16,40,190,49,"AUSSE D 154   ""LE FORGE""",,,Plein jour,Hors agglomération,Hors intersection,Normale,Autre collision,,,,,,,,,,,1,1,1,1,6
200600023883,0006-05-12 16:00:00,6,5,12,16,0,190,169,Côte de la Jane - CD 38,,,Plein jour,Hors agglomération,Hors intersection,Temps couvert,Sans collision,,,,,,,,,,,1,1,1,8,7
200600023884,0006-05-12 20:30:00,6,5,12,20,30,190,150,"""la Côte""",,,Plein jour,Hors agglomération,Hors intersection,Temps couvert,Sans collision,,,,,,,,,,,1,1,1,8,7
200600023885,0006-05-28 07:45:00,6,5,28,7,45,190,114,la font des cailles,45.594,2.292,Plein jour,Hors agglomération,Hors intersection,Normale,Deux véhicules - frontale,,,,,,,,,,,1,1,1,1,1
200600023886,0006-05-30 13:30:00,6,5,30,13,30,190,113,,45.426,2.303,Plein jour,Hors agglomération,Hors intersection,Normale,Deux véhicules - frontale,,,,,,,,,,,1,1,1,1,1
200600023887,0006-05-08 21:00:00,6,5,8,21,0,230,169,,46.133,1.954,Nuit sans éclairage public,Hors agglomération,Hors intersection,Normale,Autre collision,,,,,,,,,,,3,1,1,1,6
200600023888,0006-05-29 11:45:00,6,5,29,11,45,230,31,AVENUE PIERRE LEROUX,46.352,2.217,Plein jour,En agglomération,Autre intersection,Normale,Autre collision,,,,,,,,,,,1,2,9,1,6
200600023889,0006-05-15 13:45:00,6,5,15,13,45,230,245,,46.19,1.826,Plein jour,Hors agglomération,Hors intersection,Normale,Sans collision,,,,,,,,,,,1,1,1,1,7
200600023890,0006-05-11 19:10:00,6,5,11,19,10,230,71,"Lieu-dit ""Le Tarderon""",,,Plein jour,Hors agglomération,Hors intersection,Normale,Autre collision,,,,,,,,,,,1,1,1,1,6
200600023891,0006-05-23 15:00:00,6,5,23,15,0,230,79,Route d'Aubusson,45.894,2.182,Plein jour,En agglomération,Intersection en T,Normale,Deux véhicules - côté,,,,,,,,,,,1,2,3,1,3
200600023892,0006-05-10 13:15:00,6,5,10,13,15,230,151,,46.092,2.268,Plein jour,Hors agglomération,Hors intersection,Normale,Sans collision,,,,,,,,,,,1,1,1,1,7
200600023893,0006-05-30 10:30:00,6,5,30,10,30,230,145,,46.28,2.389,Plein jour,Hors agglomération,Hors intersection,Normale,Deux véhicules - frontale,,,,,,,,,,,1,1,1,1,1
200600023894,0006-05-08 01:30:00,6,5,8,1,30,230,126,bourg,,,Nuit sans éclairage public,En agglomération,Hors intersection,Pluie légère,Autre collision,,,,,,,,,,,3,2,1,2,6
200600023895,0006-05-07 20:45:00,6,5,7,20,45,230,6,,46.08,1.58,Crépuscule ou aube,Hors agglomération,Hors intersection,Pluie légère,Autre collision,,,,,,,,,,,2,1,1,2,6
200600023896,0006-05-10 19:45:00,6,5,10,19,45,230,95,,46.186,1.66,Plein jour,Hors agglomération,Hors intersection,Temps éblouissant,Deux véhicules - arrière,,,,,,,,,,,1,1,1,7,2
200600023897,0006-05-25 19:40:00,6,5,25,19,40,310,44,ROUTE DE GAURE - RD 66 -,43.63,1.5,Plein jour,Hors agglomération,Giratoire,Normale,Deux véhicules - arrière,,,,,,,,,,,1,1,6,1,2
200600023898,0006-05-06 09:30:00,6,5,6,9,30,310,587,carrefour CD14 / CD 30,,,Plein jour,Hors agglomération,Hors intersection,Temps couvert,Deux véhicules - côté,,,,,,,,,,,1,1,1,8,3
200600023899,0006-05-15 15:00:00,6,5,15,15,0,310,79,CD.4,43.79,1.4,Plein jour,Hors agglomération,Intersection en T,Normale,Deux véhicules - côté,,,,,,,,,,,1,1,3,1,3
200600023900,0006-05-29 19:15:00,6,5,29,19,15,310,202,Entrée intermarché CD 29,,,Plein jour,En agglomération,Autre intersection,Normale,Deux véhicules - frontale,,,,,,,,,,,1,2,9,1,1
200600023901,0006-05-28 16:30:00,6,5,28,16,30,310,232,avenue de Guiraudis,,,Plein jour,En agglomération,Giratoire,Normale,Deux véhicules - frontale,,,,,,,,,,,1,2,6,1,1
200600023902,0006-05-07 22:45:00,6,5,7,22,45,310,424,CD 632,43.555,1.262,Nuit sans éclairage public,Hors agglomération,Hors intersection,Pluie forte,Deux véhicules - frontale,,,,,,,,,,,3,1,1,3,1
200600023903,0006-05-22 15:15:00,6,5,22,15,15,310,490,CD 20,,,Plein jour,En agglomération,Hors intersection,Normale,Deux véhicules - côté,,,,,,,,,,,1,2,1,1,3
200600023904,0006-05-23 07:00:00,6,5,23,7,0,310,490,RN 20,,,Plein jour,En agglomération,Hors intersection,Normale,Autre collision,,,,,,,,,,,1,2,1,1,6
200600023905,0006-05-05 12:30:00,6,5,5,12,30,310,273,,43.71,1.515,Plein jour,Hors agglomération,Intersection en X,Normale,Deux véhicules - côté,,,,,,,,,,,1,1,2,1,3
200600023906,0006-05-30 18:00:00,6,5,30,18,0,310,488,Chemin verdale,43.674,1.507,Plein jour,En agglomération,Hors intersection,Normale,Deux véhicules - côté,,,,,,,,,,,1,2,1,1,3
200600023907,0006-05-08 16:00:00,6,5,8,16,0,310,320,CD.10.E,,,Plein jour,En agglomération,Hors intersection,Pluie légère,Deux véhicules - frontale,,,,,,,,,,,1,2,1,2,1
200600023908,0006-05-19 00:15:00,6,5,19,0,15,310,455,,43.269,1.196,Nuit avec éclairage non allumé,Hors agglomération,Hors intersection,Normale,Autre collision,,,,,,,,,,,4,1,1,1,6
200600023909,0006-05-24 06:00:00,6,5,24,6,0,310,375,21 boulevard ALLARD,43.212,1.227,Crépuscule ou aube,En agglomération,Hors intersection,Normale,Autre collision,,,,,,,,,,,2,2,1,1,6
200600023910,0006-05-24 21:00:00,6,5,24,21,0,310,258,"PK  2,730 Km CD 626",43.288,1.275,Crépuscule ou aube,Hors agglomération,Hors intersection,Temps éblouissant,Autre collision,,,,,,,,,,,2,1,1,7,6
200600023911,0006-05-14 06:00:00,6,5,14,6,0,310,425,,43.163,1.123,Crépuscule ou aube,Hors agglomération,Hors intersection,Normale,Sans collision,,,,,,,,,,,2,1,1,1,7
200600023912,0006-05-14 07:15:00,6,5,14,7,15,310,481,,43.46,1.142,Crépuscule ou aube,Hors agglomération,Hors intersection,Brouillard / fumée,Autre collision,,,,,,,,,,,2,1,1,5,6
200600023913,0006-05-24 15:15:00,6,5,24,15,15,310,75,,43.55,1.158,Plein jour,Hors agglomération,Intersection en X,Normale,Deux véhicules - frontale,,,,,,,,,,,1,1,2,1,1
200600023914,0006-05-27 03:00:00,6,5,27,3,0,310,499,865 route de FONTENILLES,43.533,1.184,Nuit sans éclairage public,Hors agglomération,Hors intersection,Normale,Sans collision,,,,,,,,,,,3,1,1,1,7
200600023915,0006-05-09 14:15:00,6,5,9,14,15,310,270,Rue barthélémy,43.139,0.769,Plein jour,En agglomération,Hors intersection,Normale,Autre collision,,,,,,,,,,,1,2,1,1,6
200600023916,0006-05-17 11:45:00,6,5,17,11,45,310,323,,43.086,0.64,Plein jour,Hors agglomération,Hors intersection,Normale,Deux véhicules - côté,,,,,,,,,,,1,1,1,1,3
200600023917,0006-05-25 18:30:00,6,5,25,18,30,310,13,,43.08,0.635,Plein jour,Hors agglomération,Hors intersection,Normale,Deux véhicules - côté,,,,,,,,,,,1,1,1,1,3
200600023918,0006-05-28 20:30:00,6,5,28,20,30,310,13,,43.08,0.635,Plein jour,Hors agglomération,Hors intersection,Normale,Deux véhicules - côté,,,,,,,,,,,1,1,1,1,3
200600023919,0006-05-06 10:30:00,6,5,6,10,30,310,582,CD622,43.402,1.717,Plein jour,En agglomération,Hors intersection,Normale,Autre collision,,,,,,,,,,,1,2,1,1,6
200600023920,0006-05-17 18:15:00,6,5,17,18,15,310,573,AVENUE DE TOULOUSE,43.658,1.651,Plein jour,En agglomération,Hors intersection,Normale,Deux véhicules - frontale,,,,,,,,,,,1,2,1,1,1
200600023921,0006-05-24 20:25:00,6,5,24,20,25,310,511,En Coustou de Bébian,43.639,1.631,Plein jour,Hors agglomération,Hors intersection,Normale,Autre collision,,,,,,,,,,,1,1,1,1,6
200600023922,0006-05-12 19:15:00,6,5,12,19,15,90,264,,,,Plein jour,Hors agglomération,Hors intersection,Normale,Sans collision,,,,,,,,,,,1,1,1,1,7
200600023923,0006-05-30 08:30:00,6,5,30,8,30,90,329,,,,Plein jour,Hors agglomération,Hors intersection,Temps couvert,Deux véhicules - côté,,,,,,,,,,,1,1,1,8,3
200600023924,0006-05-18 10:15:00,6,5,18,10,15,90,3,Cd 117 - grand rue,42.92,1.89,Plein jour,En agglomération,Hors intersection,Normale,Deux véhicules - frontale,,,,,,,,,,,1,2,1,1,1
200600023925,0006-05-31 12:45:00,6,5,31,12,45,90,15,La bernière,,,Plein jour,Hors agglomération,Hors intersection,Normale,Deux véhicules - frontale,,,,,,,,,,,1,1,1,1,1
200600023926,0006-05-13 01:25:00,6,5,13,1,25,90,332,RN 20 2x2 voies,,,Nuit sans éclairage public,Hors agglomération,Hors intersection,Normale,Autre collision,,,,,,,,,,,3,1,1,1,6
200600023927,0006-05-26 14:30:00,6,5,26,14,30,90,282,GRAND RUE,,,Nuit avec éclairage allumé,En agglomération,Hors intersection,Normale,Deux véhicules - frontale,,,,,,,,,,,5,2,1,1,1
200600023928,0006-05-18 12:15:00,6,5,18,12,15,90,2,,42.994,1.876,Plein jour,Hors agglomération,Hors intersection,Normale,Sans collision,,,,,,,,,,,1,1,1,1,7
200600023929,0006-05-20 05:00:00,6,5,20,5,0,90,57,CD618,,,Nuit sans éclairage public,Hors agglomération,Hors intersection,Normale,Autre collision,,,,,,,,,,,3,1,1,1,6
200600023930,0006-05-02 18:15:00,6,5,2,18,15,120,262,,44.219,2.298,Plein jour,Hors agglomération,Hors intersection,Temps éblouissant,Autre collision,,,,,,,,,,,1,1,1,7,6
200600023931,0006-05-14 18:30:00,6,5,14,18,30,120,68,,44.371,2.322,Plein jour,Hors agglomération,Hors intersection,Normale,Sans collision,,,,,,,,,,,1,1,1,1,7
200600023932,0006-05-17 10:15:00,6,5,17,10,15,120,185,LIEU DIT MEJANES,44.287,2.751,Plein jour,En agglomération,Hors intersection,Normale,Deux véhicules - frontale,,,,,,,,,,,1,2,1,1,1
200600023933,0006-05-25 01:30:00,6,5,25,1,30,120,33,Curlande,44.445,2.696,Nuit avec éclairage allumé,En agglomération,Hors intersection,Normale,Autre collision,,,,,,,,,,,5,2,1,1,6
200600023934,0006-05-17 09:00:00,6,5,17,9,0,120,207,CD 906,,,Plein jour,En agglomération,Hors intersection,Normale,Autre collision,,,,,,,,,,,1,2,1,1,6
200600023935,0006-05-29 18:10:00,6,5,29,18,10,120,66,Les Rivaldies,,,Plein jour,Hors agglomération,Hors intersection,Normale,Autre collision,,,,,,,,,,,1,1,1,1,6
200600023936,0006-05-27 06:30:00,6,5,27,6,30,120,108,,,,Crépuscule ou aube,Hors agglomération,Hors intersection,Brouillard / fumée,Sans collision,,,,,,,,,,,2,1,1,5,7
200600023937,0006-05-05 22:30:00,6,5,5,22,30,120,211,,,,Nuit sans éclairage public,Hors agglomération,Hors intersection,Pluie légère,Sans collision,,,,,,,,,,,3,1,1,2,7
200600023938,0006-05-19 22:00:00,6,5,19,22,0,120,160,,,,Nuit sans éclairage public,Hors agglomération,Hors intersection,Normale,Sans collision,,,,,,,,,,,3,1,1,1,7
200600023939,0006-05-26 14:15:00,6,5,26,14,15,120,2,,,,Plein jour,Hors agglomération,Hors intersection,Normale,Sans collision,,,,,,,,,,,1,1,1,1,7
200600023940,0006-05-27 15:00:00,6,5,27,15,0,120,204,RD991,,,Plein jour,Hors agglomération,Hors intersection,Normale,Sans collision,,,,,,,,,,,1,1,1,1,7
200600023941,0006-05-25 12:30:00,6,5,25,12,30,120,294,,44.244,2.919,Plein jour,Hors agglomération,Hors intersection,Temps éblouissant,Deux véhicules - côté,,,,,,,,,,,1,1,1,7,3
200600023942,0006-05-25 14:15:00,6,5,25,14,15,120,247,CÖTE DES CROZES,44.42,3.005,Plein jour,Hors agglomération,Hors intersection,Normale,Deux véhicules - frontale,,,,,,,,,,,1,1,1,1,1
200600023943,0006-05-30 20:00:00,6,5,30,20,0,120,42,chemin communal,,,Plein jour,Hors agglomération,Hors intersection,Normale,Deux véhicules - frontale,,,,,,,,,,,1,1,1,1,1
200600023944,0006-05-26 14:45:00,6,5,26,14,45,120,44,Avenue de St Affrique,43.828,2.877,Plein jour,En agglomération,Hors intersection,Normale,Autre collision,,,,,,,,,,,1,2,1,1,6
200600023945,0006-05-27 07:50:00,6,5,27,7,50,120,257,"CD 922, PK 50 + 500",,,Crépuscule ou aube,Hors agglomération,Hors intersection,Brouillard / fumée,Deux véhicules - côté,,,,,,,,,,,2,1,1,5,3
200600023946,0006-05-06 22:15:00,6,5,6,22,15,120,190,,44.36,2.25,Nuit sans éclairage public,En agglomération,Hors intersection,Pluie légère,Sans collision,,,,,,,,,,,3,2,1,2,7
200600023947,0006-05-11 20:15:00,6,5,11,20,15,120,105,,,,Plein jour,Hors agglomération,Hors intersection,Normale,Sans collision,,,,,,,,,,,1,1,1,1,7
200600023948,0006-05-21 22:15:00,6,5,21,22,15,120,54,,,,Nuit sans éclairage public,Hors agglomération,Hors intersection,Vent fort / tempête,Autre collision,,,,,,,,,,,3,1,1,6,6
200600023949,0006-05-22 17:00:00,6,5,22,17,0,320,29,,43.63,0.441,Plein jour,Hors agglomération,Hors intersection,Normale,Deux véhicules - frontale,,,,,,,,,,,1,1,1,1,1
200600023950,0006-05-13 13:00:00,6,5,13,13,0,320,249,Route d'AUCH,43.72,0.87,Plein jour,En agglomération,Hors intersection,Temps couvert,Autre collision,,,,,,,,,,,1,2,1,8,6
200600023951,0006-05-25 11:15:00,6,5,25,11,15,320,147,Zi  Lafourcade,,,Plein jour,Hors agglomération,Hors intersection,Normale,Trois véhicules et plus - collisions multiples,,,,,,,,,,,1,1,1,1,5
200600023952,0006-05-12 18:00:00,6,5,12,18,0,320,268,,43.612,0.983,Plein jour,Hors agglomération,Hors intersection,Normale,Autre collision,,,,,,,,,,,1,1,1,1,6
200600023953,0006-05-15 05:30:00,6,5,15,5,30,320,418,,,,Nuit sans éclairage public,Hors agglomération,Intersection en T,Temps couvert,Deux véhicules - côté,,,,,,,,,,,3,1,3,8,3
200600023954,0006-05-06 15:45:00,6,5,6,15,45,320,88,,43.732,0.212,Plein jour,Hors agglomération,Hors intersection,Normale,Sans collision,,,,,,,,,,,1,1,1,1,7
200600023955,0006-05-06 17:00:00,6,5,6,17,0,320,107,CD 931,,,Plein jour,Hors agglomération,Hors intersection,Normale,Sans collision,,,,,,,,,,,1,1,1,1,7
200600023956,0006-05-30 17:30:00,6,5,30,17,30,320,107,"lieu dit ""le haou""",,,Plein jour,Hors agglomération,Hors intersection,Normale,Autre collision,,,,,,,,,,,1,1,1,1,6
200600023957,0006-05-21 05:30:00,6,5,21,5,30,320,96,,,,Nuit sans éclairage public,Hors agglomération,Hors intersection,Normale,Sans collision,,,,,,,,,,,3,1,1,1,7
200600023958,0006-05-21 20:30:00,6,5,21,20,30,320,119,,43.857,0.124,Plein jour,Hors agglomération,Hors intersection,Normale,Autre collision,,,,,,,,,,,1,1,1,1,6
200600023959,0006-05-21 15:45:00,6,5,21,15,45,320,408,,43.812,-0.038,Nuit sans éclairage public,Hors agglomération,Hors intersection,Normale,Autre collision,,,,,,,,,,,3,1,1,1,6
200600023960,0006-05-29 09:15:00,6,5,29,9,15,320,423,,43.742,0.132,Plein jour,Hors agglomération,Hors intersection,Normale,Deux véhicules - frontale,,,,,,,,,,,1,1,1,1,1
200600023961,0006-05-10 18:10:00,6,5,10,18,10,320,278,,43.407,0.421,Plein jour,Hors agglomération,Hors intersection,Temps éblouissant,Deux véhicules - frontale,,,,,,,,,,,1,1,1,7,1
200600023962,0006-05-25 12:15:00,6,5,25,12,15,320,152,C.V 13,,,Plein jour,En agglomération,Hors intersection,Normale,Deux véhicules - frontale,,,,,,,,,,,1,2,1,1,1
200600023963,0006-05-03 19:00:00,6,5,3,19,0,320,1,,43.698,0.041,Plein jour,Hors agglomération,Hors intersection,Normale,Deux véhicules - frontale,,,,,,,,,,,1,1,1,1,1
200600023964,0006-05-31 08:00:00,6,5,31,8,0,320,70,,43.644,-0.004,Plein jour,Hors agglomération,Intersection en T,Normale,Deux véhicules - côté,,,,,,,,,,,1,1,3,1,3
200600023965,0006-05-09 14:00:00,6,5,9,14,0,460,82,,44.397,1.608,Plein jour,Hors agglomération,Hors intersection,Normale,Deux véhicules - frontale,,,,,,,,,,,1,1,1,1,1
200600023966,0006-05-31 16:00:00,6,5,31,16,0,460,53,RD 840,,,Plein jour,Hors agglomération,Hors intersection,Normale,Deux véhicules - frontale,,,,,,,,,,,1,1,1,1,1
200600023967,0006-05-16 00:30:00,6,5,16,0,30,460,127,,,,Nuit sans éclairage public,Hors agglomération,Hors intersection,Normale,Sans collision,,,,,,,,,,,3,1,1,1,7
200600023968,0006-05-01 14:30:00,6,5,1,14,30,460,240,,,,Plein jour,Hors agglomération,Hors intersection,Normale,Trois véhicules et plus - collisions multiples,,,,,,,,,,,1,1,1,1,5
200600023969,0006-05-06 20:30:00,6,5,6,20,30,460,298,,,,Crépuscule ou aube,Hors agglomération,Hors intersection,Pluie légère,Autre collision,,,,,,,,,,,2,1,1,2,6
200600023970,0006-05-12 09:50:00,6,5,12,9,50,650,350,RD 93,,,Plein jour,Hors agglomération,Hors intersection,Pluie légère,Sans collision,,,,,,,,,,,1,1,1,2,7
200600023971,0006-05-15 16:00:00,6,5,15,16,0,650,174,,,,Plein jour,Hors agglomération,Hors intersection,Normale,Sans collision,,,,,,,,,,,1,1,1,1,7
200600023972,0006-05-11 17:20:00,6,5,11,17,20,650,4,carrière du Pibeste,,,Plein jour,Hors agglomération,Autre intersection,Normale,Deux véhicules - côté,,,,,,,,,,,1,1,9,1,3
200600023973,0006-05-14 15:30:00,6,5,14,15,30,650,218,,,,Plein jour,Hors agglomération,Hors intersection,Normale,Trois véhicules et plus - en chaîne,,,,,,,,,,,1,1,1,1,4
200600023974,0006-05-01 10:45:00,6,5,1,10,45,810,88,,43.832,2.258,Plein jour,Hors agglomération,Hors intersection,Normale,Deux véhicules - frontale,,,,,,,,,,,1,1,1,1,1
200600023975,0006-05-08 15:40:00,6,5,8,15,40,810,147,Les Balmes,,,Plein jour,Hors agglomération,Hors intersection,Temps couvert,Deux véhicules - côté,,,,,,,,,,,1,1,1,8,3