accident_id,datetime,annee,mois,jour,heure,minute,departement,commune_insee,adresse,latitude,longitude,luminosite,agglomeration,intersection,meteo,collision,nb_vehicules,nb_usagers,nb_indemnes,nb_tues,nb_blesses_hosp,nb_blesses_legers,age_cond_1,age_cond_2,veh_type_cond_1,veh_type_cond_2,lum_code,agg_code,int_code,atm_code,col_code
200600023976,0006-05-11 07:20:00,6,5,11,7,20,810,261,"PK 28 + 693, CD 38",,,Plein jour,Hors agglomération,Hors intersection,Normale,Autre collision,,,,,,,,,,,1,1,1,1,6
200600023977,0006-05-28 17:00:00,6,5,28,17,0,810,255,,43.746,1.78,Plein jour,Hors agglomération,Intersection en X,Normale,Deux véhicules - frontale,,,,,,,,,,,1,1,2,1,1
200600023978,0006-05-30 05:30:00,6,5,30,5,30,810,271,it lle bois de l'hôpital,43.758,1.68,Nuit sans éclairage public,Hors agglomération,Hors intersection,Normale,Deux véhicules - côté,,,,,,,,,,,3,1,1,1,3
200600023979,0006-05-06 10:00:00,6,5,6,10,0,810,41,,43.959,1.874,Plein jour,Hors agglomération,Hors intersection,Normale,Deux véhicules - côté,,,,,,,,,,,1,1,1,1,3
200600023980,0006-05-18 12:15:00,6,5,18,12,15,810,225,,43.924,1.987,Plein jour,Hors agglomération,Hors intersection,Normale,Autre collision,,,,,,,,,,,1,1,1,1,6
200600023981,0006-05-14 23:45:00,6,5,14,23,45,690,69,60 avenue Edouard Millau,,,Nuit avec éclairage allumé,En agglomération,Hors intersection,Normale,Deux véhicules - arrière,,,,,,,,,,,5,2,1,1,2
200600023982,0006-05-28 22:20:00,6,5,28,22,20,690,89,ue de la table de pierre,,,Nuit avec éclairage allumé,En agglomération,Hors intersection,Normale,Deux véhicules - côté,,,,,,,,,,,5,2,1,1,3
200600023983,0006-05-23 12:15:00,6,5,23,12,15,810,70,,,,Plein jour,Hors agglomération,Hors intersection,Normale,Deux véhicules - frontale,,,,,,,,,,,1,1,1,1,1
200600023984,0006-05-15 07:50:00,6,5,15,7,50,810,121,La Plazede,,,Plein jour,En agglomération,Hors intersection,Pluie forte,Deux véhicules - frontale,,,,,,,,,,,1,2,1,3,1
200600023985,0006-05-19 11:00:00,6,5,19,11,0,810,120,,43.53,2.26,Plein jour,Hors agglomération,Hors intersection,Normale,Deux véhicules - arrière,,,,,,,,,,,1,1,1,1,2
200600023986,0006-05-11 05:15:00,6,5,11,5,15,810,76,,43.56,1.9,Nuit sans éclairage public,Hors agglomération,Hors intersection,Normale,Autre collision,,,,,,,,,,,3,1,1,1,6
200600023987,0006-05-17 18:45:00,6,5,17,18,45,810,251,,43.579,2.063,Plein jour,Hors agglomération,Hors intersection,Normale,Sans collision,,,,,,,,,,,1,1,1,1,7
200600023988,0006-05-03 15:15:00,6,5,3,15,15,820,76,CD 959,44.123,1.357,Plein jour,Hors agglomération,Hors intersection,Normale,Sans collision,,,,,,,,,,,1,1,1,1,7
200600023989,0006-05-28 15:00:00,6,5,28,15,0,820,131,,,,Plein jour,Hors agglomération,Hors intersection,Normale,Autre collision,,,,,,,,,,,1,1,1,1,6
200600023990,0006-05-01 15:00:00,6,5,1,15,0,820,184,route de REVEL,,,Plein jour,En agglomération,Hors intersection,Normale,Deux véhicules - frontale,,,,,,,,,,,1,2,1,1,1
200600023991,0006-05-13 13:40:00,6,5,13,13,40,820,38,CD 19 PK15,,,Plein jour,Hors agglomération,Hors intersection,Pluie légère,Sans collision,,,,,,,,,,,1,1,1,2,7
200600023992,0006-05-12 20:15:00,6,5,12,20,15,820,13,Av. de la Gimone,,,Plein jour,En agglomération,Hors intersection,Temps couvert,Autre collision,,,,,,,,,,,1,2,1,8,6
200600023993,0006-05-15 16:00:00,6,5,15,16,0,820,13,Route d'Esparsac - VC 11,,,Plein jour,En agglomération,Hors intersection,Normale,Deux véhicules - frontale,,,,,,,,,,,1,2,1,1,1
200600023994,0006-05-04 18:00:00,6,5,4,18,0,820,75,RN20 PK61+540,,,Plein jour,Hors agglomération,Hors intersection,Normale,Deux véhicules - arrière,,,,,,,,,,,1,1,1,1,2
200600023995,0006-05-27 17:00:00,6,5,27,17,0,820,75,Rue du Biard,,,Plein jour,En agglomération,Hors intersection,Normale,Deux véhicules - frontale,,,,,,,,,,,1,2,1,1,1
200600023996,0006-05-18 19:00:00,6,5,18,19,0,820,35,Lieu dit Jean Marty,,,Plein jour,Hors agglomération,Hors intersection,Normale,Deux véhicules - côté,,,,,,,,,,,1,1,1,1,3
200600023997,0006-05-02 14:30:00,6,5,2,14,30,820,125,,43.985,1.232,Plein jour,Hors agglomération,Hors intersection,Normale,Autre collision,,,,,,,,,,,1,1,1,1,6
200600023998,0006-05-04 10:45:00,6,5,4,10,45,820,125,,43.971,1.215,Plein jour,Hors agglomération,Hors intersection,Normale,Deux véhicules - côté,,,,,,,,,,,1,1,1,1,3
200600023999,0006-05-19 21:00:00,6,5,19,21,0,820,171,"14 - Lieu -dit ""Barros""",44.026,1.191,Plein jour,Hors agglomération,Hors intersection,Normale,Deux véhicules - côté,,,,,,,,,,,1,1,1,1,3
200600024000,0006-05-20 12:25:00,6,5,20,12,25,820,85,CD 928,,,Plein jour,Hors agglomération,Intersection en X,Temps couvert,Trois véhicules et plus - collisions multiples,,,,,,,,,,,1,1,2,8,5
200600024001,0006-05-28 14:00:00,6,5,28,14,0,820,125,994 route d'Auch,43.959,1.22,Plein jour,En agglomération,Hors intersection,Normale,Autre collision,,,,,,,,,,,1,2,1,1,6
200600024002,0006-05-26 11:55:00,6,5,26,11,55,820,49,larroque,,,Plein jour,Hors agglomération,Hors intersection,Normale,Sans collision,,,,,,,,,,,1,1,1,1,7
200600024003,0006-05-19 10:10:00,6,5,19,10,10,690,116,06 - chemin des bruyères,,,Plein jour,Hors agglomération,Hors intersection,Normale,Deux véhicules - frontale,,,,,,,,,,,1,1,1,1,1
200600024004,0006-05-21 14:30:00,6,5,21,14,30,690,285,AVENUE DE SATOLAS GREEN,,,Plein jour,En agglomération,Hors intersection,Normale,Deux véhicules - frontale,,,,,,,,,,,1,2,1,1,1
200600024005,0006-05-12 15:50:00,6,5,12,15,50,690,163,carrefour CD87/RN6,,,Plein jour,Hors agglomération,Hors intersection,Temps couvert,Deux véhicules - côté,,,,,,,,,,,1,1,1,8,3
200600024006,0006-05-26 11:30:00,6,5,26,11,30,690,143,24 avenue Carnot,45.891,4.832,Plein jour,En agglomération,Hors intersection,Normale,Deux véhicules - côté,,,,,,,,,,,1,2,1,1,3
200600024007,0006-05-13 22:00:00,6,5,13,22,0,690,286,41 route de Genève,,,Nuit avec éclairage allumé,En agglomération,Hors intersection,Autre,Trois véhicules et plus - collisions multiples,,,,,,,,,,,5,2,1,9,5
200600024008,0006-05-22 13:35:00,6,5,22,13,35,690,286,avenue VICTOR HUGO,,,Plein jour,En agglomération,Hors intersection,Normale,Deux véhicules - côté,,,,,,,,,,,1,2,1,1,3
200600024009,0006-05-24 09:45:00,6,5,24,9,45,690,204,chemin de la citadelle,45.687,4.798,Plein jour,En agglomération,Intersection en X,Normale,Deux véhicules - arrière,,,,,,,,,,,1,2,2,1,2
200600024010,0006-05-06 14:10:00,6,5,6,14,10,690,270,CD 151,,,Plein jour,Hors agglomération,Hors intersection,Normale,Deux véhicules - frontale,,,,,,,,,,,1,1,1,1,1
200600024011,0006-05-18 16:00:00,6,5,18,16,0,690,281,CD 150,,,Plein jour,Hors agglomération,Hors intersection,Pluie forte,Sans collision,,,,,,,,,,,1,1,1,3,7
200600024012,0006-05-09 19:15:00,6,5,9,19,15,690,10,RN7 CARREFOUR DU CHEVAL,,,Plein jour,En agglomération,Autre intersection,Normale,Trois véhicules et plus - en chaîne,,,,,,,,,,,1,2,9,1,4
200600024013,0006-05-22 13:45:00,6,5,22,13,45,690,177,,,,Plein jour,Hors agglomération,Hors intersection,Temps couvert,Deux véhicules - frontale,,,,,,,,,,,1,1,1,8,1
200600024014,0006-05-23 09:45:00,6,5,23,9,45,690,32,,,,Plein jour,Hors agglomération,Hors intersection,Normale,Sans collision,,,,,,,,,,,1,1,1,1,7
200600024015,0006-05-23 17:40:00,6,5,23,17,40,690,144,RD 596,,,Plein jour,Hors agglomération,Intersection en X,Normale,Deux véhicules - frontale,,,,,,,,,,,1,1,2,1,1
200600024016,0006-05-01 21:45:00,6,5,1,21,45,690,272,ROUTE DE TERNAY,,,Nuit avec éclairage allumé,En agglomération,Hors intersection,Normale,Autre collision,,,,,,,,,,,5,2,1,1,6
200600024017,0006-05-23 18:00:00,6,5,23,18,0,690,291,,,,Plein jour,Hors agglomération,Hors intersection,Normale,Deux véhicules - arrière,,,,,,,,,,,1,1,1,1,2
200600024018,0006-05-05 16:15:00,6,5,5,16,15,690,148,route du Paradis,,,Plein jour,Hors agglomération,Hors intersection,Normale,Autre collision,,,,,,,,,,,1,1,1,1,6
200600024019,0006-05-13 18:45:00,6,5,13,18,45,690,148,les sept chemins,45.657,4.75,Plein jour,En agglomération,Hors intersection,Normale,Deux véhicules - côté,,,,,,,,,,,1,2,1,1,3
200600024020,0006-05-21 08:55:00,6,5,21,8,55,690,23,BLACERET,,,Plein jour,En agglomération,Hors intersection,Normale,Deux véhicules - côté,,,,,,,,,,,1,2,1,1,3
200600024021,0006-05-24 17:45:00,6,5,24,17,45,690,156,Rte de St Fons,45.975,4.693,Plein jour,En agglomération,Hors intersection,Normale,Deux véhicules - côté,,,,,,,,,,,1,2,1,1,3
200600024022,0006-05-17 18:20:00,6,5,17,18,20,690,161,"oint kilométrique 5+750,",,,Plein jour,Hors agglomération,Hors intersection,Normale,Autre collision,,,,,,,,,,,1,1,1,1,6
200600024023,0006-05-24 19:45:00,6,5,24,19,45,690,108,,46.176,4.747,Plein jour,Hors agglomération,Hors intersection,Normale,Deux véhicules - frontale,,,,,,,,,,,1,1,1,1,1
200600024024,0006-05-17 16:15:00,6,5,17,16,15,690,211,CD 306,46.124,4.738,Plein jour,En agglomération,Giratoire,Normale,Sans collision,,,,,,,,,,,1,2,6,1,7
200600024025,0006-05-12 02:00:00,6,5,12,2,0,690,200,la croix humbert,,,Nuit sans éclairage public,Hors agglomération,Hors intersection,Normale,Sans collision,,,,,,,,,,,3,1,1,1,7
200600024026,0006-05-12 20:50:00,6,5,12,20,50,690,225,rue du Levant,,,Crépuscule ou aube,En agglomération,Hors intersection,Temps couvert,Sans collision,,,,,,,,,,,2,2,1,8,7
200600024027,0006-05-29 10:30:00,6,5,29,10,30,690,157,rue de Verdun,,,Plein jour,En agglomération,Autre intersection,Normale,Deux véhicules - frontale,,,,,,,,,,,1,2,9,1,1
200600024028,0006-05-21 04:45:00,6,5,21,4,45,690,60,,,,Nuit sans éclairage public,Hors agglomération,Hors intersection,Normale,Sans collision,,,,,,,,,,,3,1,1,1,7
200600024029,0006-05-03 22:45:00,6,5,3,22,45,690,25,rue Jean Baptiste FOURNI,46.039,4.29,Nuit avec éclairage allumé,En agglomération,Hors intersection,Normale,Deux véhicules - arrière,,,,,,,,,,,5,2,1,1,2
200600024030,0006-05-07 18:15:00,6,5,7,18,15,10,184,,46.158,5.443,Plein jour,Hors agglomération,Hors intersection,Normale,Deux véhicules - arrière,,,,,,,,,,,1,1,1,1,2
200600024031,0006-05-28 16:10:00,6,5,28,16,10,10,127,Chevignat,,,Plein jour,Hors agglomération,Hors intersection,Normale,Sans collision,,,,,,,,,,,1,1,1,1,7
200600024032,0006-05-19 19:00:00,6,5,19,19,0,10,130,,,,Plein jour,Hors agglomération,Intersection en X,Normale,Deux véhicules - côté,,,,,,,,,,,1,1,2,1,3
200600024033,0006-05-27 10:00:00,6,5,27,10,0,10,305,42 rue Maréchal de lattr,46.435,4.939,Plein jour,En agglomération,Hors intersection,Normale,Deux véhicules - côté,,,,,,,,,,,1,2,1,1,3
200600024034,0006-05-04 10:15:00,6,5,4,10,15,10,320,carrefour la Madeleine,,,Plein jour,En agglomération,Hors intersection,Normale,Deux véhicules - côté,,,,,,,,,,,1,2,1,1,3
200600024035,0006-05-04 14:15:00,6,5,4,14,15,10,26,Rue de la Martinnette,,,Plein jour,Hors agglomération,Hors intersection,Normale,Deux véhicules - côté,,,,,,,,,,,1,1,1,1,3
200600024036,0006-05-13 18:45:00,6,5,13,18,45,10,134,,46.286,4.906,Plein jour,Hors agglomération,Hors intersection,Normale,Deux véhicules - côté,,,,,,,,,,,1,1,1,1,3
200600024037,0006-05-14 02:00:00,6,5,14,2,0,10,343,,,,Nuit sans éclairage public,Hors agglomération,Hors intersection,Pluie légère,Deux véhicules - côté,,,,,,,,,,,3,1,1,2,3
200600024038,0006-05-07 01:25:00,6,5,7,1,25,10,34,D32,,,Nuit sans éclairage public,Hors agglomération,Hors intersection,Pluie forte,Autre collision,,,,,,,,,,,3,1,1,3,6
200600024039,0006-05-23 08:30:00,6,5,23,8,30,10,97,LA CHAPELLE,,,Plein jour,En agglomération,Hors intersection,Normale,Deux véhicules - frontale,,,,,,,,,,,1,2,1,1,1
200600024040,0006-05-12 17:15:00,6,5,12,17,15,10,4,avenue de la libération,,,Plein jour,En agglomération,Hors intersection,Pluie légère,Trois véhicules et plus - collisions multiples,,,,,,,,,,,1,2,1,2,5
200600024041,0006-05-19 19:30:00,6,5,19,19,30,10,4,,45.98,5.314,Plein jour,Hors agglomération,Hors intersection,Normale,Deux véhicules - frontale,,,,,,,,,,,1,1,1,1,1
200600024042,0006-05-24 18:45:00,6,5,24,18,45,10,444,RUE DES ECOLES,,,Plein jour,En agglomération,Hors intersection,Normale,Autre collision,,,,,,,,,,,1,2,1,1,6
200600024043,0006-05-30 16:00:00,6,5,30,16,0,10,4,Avenue Léon Blum,,,Plein jour,En agglomération,Hors intersection,Normale,Deux véhicules - côté,,,,,,,,,,,1,2,1,1,3
200600024044,0006-05-01 13:15:00,6,5,1,13,15,10,192,,46.209,5.567,Plein jour,Hors agglomération,Hors intersection,Normale,Deux véhicules - frontale,,,,,,,,,,,1,1,1,1,1
200600024045,0006-05-08 18:30:00,6,5,8,18,30,10,237,Le Martinet,,,Plein jour,Hors agglomération,Hors intersection,Pluie forte,Deux véhicules - frontale,,,,,,,,,,,1,1,1,3,1
200600024046,0006-05-20 00:07:00,6,5,20,0,7,10,404,it SANTHONAY LE VIGNOBLE,,,Nuit sans éclairage public,Hors agglomération,Hors intersection,Pluie légère,Deux véhicules - côté,,,,,,,,,,,3,1,1,2,3
200600024047,0006-05-30 16:00:00,6,5,30,16,0,10,148,les mercières,,,Plein jour,Hors agglomération,Hors intersection,Normale,Deux véhicules - frontale,,,,,,,,,,,1,1,1,1,1
200600024048,0006-05-05 23:30:00,6,5,5,23,30,10,173,rue de l aiglette,,,Nuit avec éclairage allumé,En agglomération,Giratoire,Pluie légère,Autre collision,,,,,,,,,,,5,2,6,2,6
200600024049,0006-05-27 13:15:00,6,5,27,13,15,10,173,,,,Plein jour,Hors agglomération,Hors intersection,Normale,Autre collision,,,,,,,,,,,1,1,1,1,6
200600024050,0006-05-07 17:30:00,6,5,7,17,30,10,109,,46.126,5.897,Plein jour,Hors agglomération,Hors intersection,Pluie forte,Deux véhicules - frontale,,,,,,,,,,,1,1,1,3,1
200600024051,0006-05-12 21:30:00,6,5,12,21,30,10,194,rue du Beaujolais,,,Nuit avec éclairage allumé,En agglomération,Hors intersection,Pluie légère,Deux véhicules - côté,,,,,,,,,,,5,2,1,2,3
200600024052,0006-05-22 11:45:00,6,5,22,11,45,10,427,BLD DES COMBATTANTS,,,Plein jour,En agglomération,Autre intersection,Temps couvert,Autre collision,,,,,,,,,,,1,2,9,8,6
200600024053,0006-05-18 18:45:00,6,5,18,18,45,10,449,,,,Plein jour,Hors agglomération,Hors intersection,Normale,Sans collision,,,,,,,,,,,1,1,1,1,7
200600024054,0006-05-11 10:15:00,6,5,11,10,15,10,290,,45.905,5.189,Plein jour,Hors agglomération,Hors intersection,Normale,Deux véhicules - frontale,,,,,,,,,,,1,1,1,1,1
200600024055,0006-05-09 14:00:00,6,5,9,14,0,10,249,Route de Strasbourg,,,Plein jour,En agglomération,Hors intersection,Normale,Trois véhicules et plus - collisions multiples,,,,,,,,,,,1,2,1,1,5
200600024056,0006-05-21 20:25:00,6,5,21,20,25,10,249,CD 71 A Pk 1,,,Plein jour,Hors agglomération,Hors intersection,Normale,Deux véhicules - frontale,,,,,,,,,,,1,1,1,1,1
200600024057,0006-05-30 17:45:00,6,5,30,17,45,10,43,montée des accacias et,,,Plein jour,En agglomération,Hors intersection,Normale,Deux véhicules - côté,,,,,,,,,,,1,2,1,1,3
200600024058,0006-05-30 19:15:00,6,5,30,19,15,10,75,,,,Plein jour,Hors agglomération,Intersection en X,Normale,Deux véhicules - côté,,,,,,,,,,,1,1,2,1,3
200600024059,0006-05-10 08:00:00,6,5,10,8,0,10,243,,46.041,4.757,Plein jour,Hors agglomération,Hors intersection,Normale,Deux véhicules - frontale,,,,,,,,,,,1,1,1,1,1
200600024060,0006-05-02 17:45:00,6,5,2,17,45,10,351,,46.152,4.87,Plein jour,Hors agglomération,Hors intersection,Normale,Autre collision,,,,,,,,,,,1,1,1,1,6
200600024061,0006-05-17 14:00:00,6,5,17,14,0,10,83,CD17,46.102,4.855,Plein jour,En agglomération,Hors intersection,Normale,Deux véhicules - frontale,,,,,,,,,,,1,2,1,1,1
200600024062,0006-05-14 12:30:00,6,5,14,12,30,70,139,,,,Plein jour,Hors agglomération,Hors intersection,Normale,Deux véhicules - frontale,,,,,,,,,,,1,1,1,1,1
200600024063,0006-05-30 19:15:00,6,5,30,19,15,70,264,,44.32,4.62,Plein jour,Hors agglomération,Hors intersection,Normale,Deux véhicules - côté,,,,,,,,,,,1,1,1,1,3
200600024064,0006-05-03 18:00:00,6,5,3,18,0,70,22,,44.725,4.749,Plein jour,Hors agglomération,Hors intersection,Normale,Deux véhicules - frontale,,,,,,,,,,,1,1,1,1,1
200600024065,0006-05-09 08:15:00,6,5,9,8,15,70,181,Rue Marcel Nicolas,44.76,4.748,Plein jour,En agglomération,Hors intersection,Normale,Autre collision,,,,,,,,,,,1,2,1,1,6
200600024066,0006-05-29 18:30:00,6,5,29,18,30,70,288,,,,Plein jour,Hors agglomération,Hors intersection,Normale,Trois véhicules et plus - collisions multiples,,,,,,,,,,,1,1,1,1,5
200600024067,0006-05-04 00:15:00,6,5,4,0,15,70,224,"""barbeneuve""",44.759,4.098,Nuit sans éclairage public,En agglomération,Hors intersection,Normale,Autre collision,,,,,,,,,,,3,2,1,1,6
200600024068,0006-05-08 17:00:00,6,5,8,17,0,70,156,,,,Plein jour,Hors agglomération,Hors intersection,Pluie légère,Trois véhicules et plus - collisions multiples,,,,,,,,,,,1,1,1,2,5
200600024069,0006-05-17 12:00:00,6,5,17,12,0,70,245,Rue centrale,,,Plein jour,En agglomération,Hors intersection,Normale,Autre collision,,,,,,,,,,,1,2,1,1,6
200600024070,0006-05-14 10:15:00,6,5,14,10,15,70,347,CD 121 PK 15.300,,,Plein jour,Hors agglomération,Hors intersection,Normale,Deux véhicules - côté,,,,,,,,,,,1,1,1,1,3
200600024071,0006-05-14 20:00:00,6,5,14,20,0,70,313,94 avenue Isidor Cuminal,,,Plein jour,En agglomération,Hors intersection,Normale,Deux véhicules - arrière,,,,,,,,,,,1,2,1,1,2
200600024072,0006-05-15 15:05:00,6,5,15,15,5,70,143,Lieu dit ARCOULES,,,Plein jour,En agglomération,Hors intersection,Normale,Deux véhicules - frontale,,,,,,,,,,,1,2,1,1,1
200600024073,0006-05-10 19:30:00,6,5,10,19,30,70,301,,45.108,4.667,Plein jour,Hors agglomération,Hors intersection,Temps couvert,Deux véhicules - arrière,,,,,,,,,,,1,1,1,8,2
200600024074,0006-05-12 08:30:00,6,5,12,8,30,70,292,PEYRACHA,45.171,4.676,Plein jour,En agglomération,Hors intersection,Normale,Deux véhicules - côté,,,,,,,,,,,1,2,1,1,3
200600024075,0006-05-26 17:45:00,6,5,26,17,45,260,108,,44.736,5.015,Plein jour,Hors agglomération,Giratoire,Normale,Autre collision,,,,,,,,,,,1,1,6,1,6
200600024076,0006-05-23 07:15:00,6,5,23,7,15,260,124,,44.824,4.895,Plein jour,Hors agglomération,Hors intersection,Normale,Sans collision,,,,,,,,,,,1,1,1,1,7
200600024077,0006-05-04 15:15:00,6,5,4,15,15,260,165,RN7,,,Plein jour,Hors agglomération,Hors intersection,Normale,Autre collision,,,,,,,,,,,1,1,1,1,6
200600024078,0006-05-30 17:30:00,6,5,30,17,30,260,166,,44.734,4.775,Plein jour,Hors agglomération,Hors intersection,Normale,Sans collision,,,,,,,,,,,1,1,1,1,7
200600024079,0006-05-20 16:45:00,6,5,20,16,45,260,253,,44.607,5.423,Plein jour,Hors agglomération,Hors intersection,Normale,Deux véhicules - côté,,,,,,,,,,,1,1,1,1,3
200600024080,0006-05-30 18:30:00,6,5,30,18,30,260,45,,44.94,4.587,Plein jour,Hors agglomération,Hors intersection,Normale,Deux véhicules - frontale,,,,,,,,,,,1,1,1,1,1
200600024081,0006-05-02 16:30:00,6,5,2,16,30,260,85,Chemin de l'Etang,,,Plein jour,Hors agglomération,Hors intersection,Normale,Autre collision,,,,,,,,,,,1,1,1,1,6
200600024082,0006-05-27 15:30:00,6,5,27,15,30,260,85,CD 237,44.524,4.713,Plein jour,Hors agglomération,Intersection en T,Normale,Deux véhicules - côté,,,,,,,,,,,1,1,3,1,3
200600024083,0006-05-29 08:50:00,6,5,29,8,50,260,235,Boulevard Jean Perrin,,,Plein jour,En agglomération,Hors intersection,Normale,Autre collision,,,,,,,,,,,1,2,1,1,6
200600024084,0006-05-31 13:45:00,6,5,31,13,45,260,235,Marie Curie-De lattre,,,Plein jour,En agglomération,Hors intersection,Normale,Deux véhicules - côté,,,,,,,,,,,1,2,1,1,3
200600024085,0006-05-03 17:20:00,6,5,3,17,20,260,324,9 - Chemin de la Décelle,,,Plein jour,Hors agglomération,Intersection en T,Normale,Deux véhicules - côté,,,,,,,,,,,1,1,3,1,3
200600024086,0006-05-10 14:00:00,6,5,10,14,0,260,220,,,,Plein jour,Hors agglomération,Hors intersection,Normale,Deux véhicules - côté,,,,,,,,,,,1,1,1,1,3
200600024087,0006-05-12 20:00:00,6,5,12,20,0,260,335,CD 9,44.487,4.944,Plein jour,Hors agglomération,Hors intersection,Normale,Autre collision,,,,,,,,,,,1,1,1,1,6
200600024088,0006-05-02 22:45:00,6,5,2,22,45,260,238,GRAND-RUE,,,Nuit avec éclairage allumé,En agglomération,Hors intersection,Normale,Autre collision,,,,,,,,,,,5,2,1,1,6
200600024089,0006-05-29 12:15:00,6,5,29,12,15,260,306,,,,Plein jour,Hors agglomération,Hors intersection,Normale,Sans collision,,,,,,,,,,,1,1,1,1,7
200600024090,0006-05-04 14:00:00,6,5,4,14,0,260,139,,,,Plein jour,Hors agglomération,Hors intersection,Normale,Sans collision,,,,,,,,,,,1,1,1,1,7
200600024091,0006-05-07 16:45:00,6,5,7,16,45,260,379,C.D.532 - PK 7+500 -,,,Plein jour,Hors agglomération,Hors intersection,Normale,Deux véhicules - côté,,,,,,,,,,,1,1,1,1,3
200600024092,0006-05-27 17:30:00,6,5,27,17,30,260,177,,,,Plein jour,Hors agglomération,Hors intersection,Normale,Deux véhicules - côté,,,,,,,,,,,1,1,1,1,3
200600024093,0006-05-08 16:20:00,6,5,8,16,20,260,213,Quartier moureton,45.292,4.983,Plein jour,Hors agglomération,Hors intersection,Pluie forte,Autre collision,,,,,,,,,,,1,1,1,3,6
200600024094,0006-05-18 18:30:00,6,5,18,18,30,260,71,,,,Plein jour,Hors agglomération,Hors intersection,Pluie légère,Deux véhicules - côté,,,,,,,,,,,1,1,1,2,3
200600024095,0006-05-06 00:01:00,6,5,6,0,1,380,422,,45.17,5.834,Nuit sans éclairage public,Hors agglomération,Hors intersection,Normale,Sans collision,,,,,,,,,,,3,1,1,1,7
200600024096,0006-05-21 11:30:00,6,5,21,11,30,380,150,,,,Plein jour,Hors agglomération,Hors intersection,Normale,Deux véhicules - frontale,,,,,,,,,,,1,1,1,1,1
200600024097,0006-05-26 10:15:00,6,5,26,10,15,380,422,CD 280,,,Plein jour,En agglomération,Giratoire,Normale,Autre collision,,,,,,,,,,,1,2,6,1,6
200600024098,0006-05-03 16:45:00,6,5,3,16,45,380,236,CD49,45.418,5.683,Plein jour,Hors agglomération,Hors intersection,Normale,Sans collision,,,,,,,,,,,1,1,1,1,7
200600024099,0006-05-06 11:30:00,6,5,6,11,30,380,418,,,,Plein jour,Hors agglomération,Hors intersection,Normale,Deux véhicules - frontale,,,,,,,,,,,1,1,1,1,1
200600024100,0006-05-14 18:10:00,6,5,14,18,10,380,511,La Frette,,,Plein jour,En agglomération,Hors intersection,Normale,Deux véhicules - côté,,,,,,,,,,,1,2,1,1,3
200600024101,0006-05-18 14:50:00,6,5,18,14,50,380,140,telle de l'autoroute A41,,,Plein jour,Hors agglomération,Hors intersection,Normale,Deux véhicules - côté,,,,,,,,,,,1,1,1,1,3
200600024102,0006-05-20 07:00:00,6,5,20,7,0,380,140,"D10, PK 2.153",,,Plein jour,Hors agglomération,Hors intersection,Normale,Deux véhicules - côté,,,,,,,,,,,1,1,1,1,3
200600024103,0006-05-24 11:40:00,6,5,24,11,40,380,503,e du Grésivaudan / RN 90,,,Plein jour,Hors agglomération,Hors intersection,Normale,Deux véhicules - arrière,,,,,,,,,,,1,1,1,1,2
200600024104,0006-05-05 17:45:00,6,5,5,17,45,380,21,,,,Plein jour,Hors agglomération,Hors intersection,Normale,Sans collision,,,,,,,,,,,1,1,1,1,7
200600024105,0006-05-26 18:45:00,6,5,26,18,45,380,269,Avenue des Plantations,,,Plein jour,En agglomération,Giratoire,Vent fort / tempête,Deux véhicules - côté,,,,,,,,,,,1,2,6,6,3
200600024106,0006-05-06 01:30:00,6,5,6,1,30,380,226,,44.836,5.771,Nuit sans éclairage public,Hors agglomération,Hors intersection,Temps couvert,Autre collision,,,,,,,,,,,3,1,1,8,6
200600024107,0006-05-02 17:00:00,6,5,2,17,0,380,359,,45.152,5.248,Plein jour,Hors agglomération,Hors intersection,Normale,Autre collision,,,,,,,,,,,1,1,1,1,6
200600024108,0006-05-10 14:00:00,6,5,10,14,0,380,454,RUE DES JONQUILLES,45.157,5.341,Plein jour,En agglomération,Hors intersection,Normale,Deux véhicules - côté,,,,,,,,,,,1,2,1,1,3
200600024109,0006-05-13 06:00:00,6,5,13,6,0,380,95,La garenne,45.132,5.278,Crépuscule ou aube,Hors agglomération,Hors intersection,Normale,Autre collision,,,,,,,,,,,2,1,1,1,6
200600024110,0006-05-15 07:00:00,6,5,15,7,0,380,394,RN92,45.105,5.247,Plein jour,En agglomération,Hors intersection,Normale,Autre collision,,,,,,,,,,,1,2,1,1,6
200600024111,0006-05-16 17:45:00,6,5,16,17,45,380,454,RD32,,,Plein jour,Hors agglomération,Hors intersection,Pluie légère,Deux véhicules - frontale,,,,,,,,,,,1,1,1,2,1
200600024112,0006-05-25 22:30:00,6,5,25,22,30,380,394,,,,Nuit sans éclairage public,Hors agglomération,Hors intersection,Normale,Autre collision,,,,,,,,,,,3,1,1,1,6
200600024113,0006-05-15 01:30:00,6,5,15,1,30,380,133,319 rte de la Tivolière,45.371,5.621,Nuit avec éclairage allumé,En agglomération,Hors intersection,Normale,Sans collision,,,,,,,,,,,5,2,1,1,7