accident_id,datetime,annee,mois,jour,heure,minute,departement,commune_insee,adresse,latitude,longitude,luminosite,agglomeration,intersection,meteo,collision,nb_vehicules,nb_usagers,nb_indemnes,nb_tues,nb_blesses_hosp,nb_blesses_legers,age_cond_1,age_cond_2,veh_type_cond_1,veh_type_cond_2,lum_code,agg_code,int_code,atm_code,col_code
200600024252,0006-05-21 15:00:00,6,5,21,15,0,430,177,ALLEE DU CANAL,45.299,4.256,Plein jour,En agglomération,Hors intersection,Normale,Deux véhicules - frontale,,,,,,,,,,,1,2,1,1,1
200600024253,0006-05-26 07:45:00,6,5,26,7,45,570,620,RD 181B,,,Plein jour,Hors agglomération,Hors intersection,Pluie légère,Sans collision,,,,,,,,,,,1,1,1,2,7
200600024254,0006-05-03 22:45:00,6,5,3,22,45,570,601,,49.112,6.059,Nuit sans éclairage public,Hors agglomération,Hors intersection,Normale,Deux véhicules - côté,,,,,,,,,,,3,1,1,1,3
200600024255,0006-05-06 15:00:00,6,5,6,15,0,570,546,dit ferme de la Tuilerie,,,Plein jour,Hors agglomération,Hors intersection,Normale,Deux véhicules - côté,,,,,,,,,,,1,1,1,1,3
200600024256,0006-05-30 09:30:00,6,5,30,9,30,570,645,52 rue de Verdun,,,Plein jour,En agglomération,Hors intersection,Normale,Deux véhicules - frontale,,,,,,,,,,,1,2,1,1,1
200600024257,0006-05-23 07:45:00,6,5,23,7,45,570,55,Rue du Haut des Ambes,,,Plein jour,En agglomération,Hors intersection,Normale,Autre collision,,,,,,,,,,,1,2,1,1,6
200600024258,0006-05-14 19:00:00,6,5,14,19,0,570,200,,,,Plein jour,Hors agglomération,Hors intersection,Normale,Autre collision,,,,,,,,,,,1,1,1,1,6
200600024259,0006-05-19 15:45:00,6,5,19,15,45,570,736,rue des Jardins,,,Plein jour,En agglomération,Hors intersection,Normale,Autre collision,,,,,,,,,,,1,2,1,1,6
200600024260,0006-05-23 16:30:00,6,5,23,16,30,570,607,,,,Plein jour,Hors agglomération,Hors intersection,Normale,Sans collision,,,,,,,,,,,1,1,1,1,7
200600024261,0006-05-24 13:30:00,6,5,24,13,30,570,193,,,,Plein jour,Hors agglomération,Hors intersection,Normale,Deux véhicules - frontale,,,,,,,,,,,1,1,1,1,1
200600024262,0006-05-05 07:30:00,6,5,5,7,30,570,698,,,,Plein jour,Hors agglomération,Hors intersection,Normale,Deux véhicules - frontale,,,,,,,,,,,1,1,1,1,1
200600024263,0006-05-07 15:00:00,6,5,7,15,0,570,525,rue de l'abbaye,,,Plein jour,En agglomération,Hors intersection,Normale,Autre collision,,,,,,,,,,,1,2,1,1,6
200600024264,0006-05-14 17:45:00,6,5,14,17,45,570,18,RD 955 - PK  43+500,,,Plein jour,Hors agglomération,Hors intersection,Normale,Deux véhicules - côté,,,,,,,,,,,1,1,1,1,3
200600024265,0006-05-04 14:00:00,6,5,4,14,0,570,11,D 28,48.938,6.859,Plein jour,En agglomération,Hors intersection,Normale,Autre collision,,,,,,,,,,,1,2,1,1,6
200600024266,0006-05-08 05:30:00,6,5,8,5,30,570,275,,,,Crépuscule ou aube,Hors agglomération,Hors intersection,Normale,Sans collision,,,,,,,,,,,2,1,1,1,7
200600024267,0006-05-25 18:30:00,6,5,25,18,30,570,540,n départemental n° 104 G,,,Plein jour,Hors agglomération,Hors intersection,Pluie légère,Autre collision,,,,,,,,,,,1,1,1,2,6
200600024268,0006-05-02 16:30:00,6,5,2,16,30,570,752,,49.081,7.022,Plein jour,Hors agglomération,Hors intersection,Normale,Sans collision,,,,,,,,,,,1,1,1,1,7
200600024269,0006-05-22 05:00:00,6,5,22,5,0,570,370,CD 62,,,Nuit sans éclairage public,Hors agglomération,Hors intersection,Temps couvert,Autre collision,,,,,,,,,,,3,1,1,8,6
200600024270,0006-05-31 10:00:00,6,5,31,10,0,570,358,,,,Plein jour,Hors agglomération,Hors intersection,Normale,Autre collision,,,,,,,,,,,1,1,1,1,6
200600024271,0006-05-31 13:30:00,6,5,31,13,30,570,767,,,,Plein jour,Hors agglomération,Hors intersection,Normale,Autre collision,,,,,,,,,,,1,1,1,1,6
200600024272,0006-05-21 23:15:00,6,5,21,23,15,570,152,19 RTE DU VIN,,,Nuit avec éclairage allumé,En agglomération,Hors intersection,Normale,Autre collision,,,,,,,,,,,5,2,1,1,6
200600024273,0006-05-10 19:20:00,6,5,10,19,20,540,320,RD 40,,,Plein jour,Hors agglomération,Hors intersection,Normale,Deux véhicules - frontale,,,,,,,,,,,1,1,1,1,1
200600024274,0006-05-14 05:45:00,6,5,14,5,45,540,464,,,,Crépuscule ou aube,Hors agglomération,Hors intersection,Normale,Sans collision,,,,,,,,,,,2,1,1,1,7
200600024275,0006-05-09 17:30:00,6,5,9,17,30,540,305,e du Baron de Courcelles,,,Plein jour,En agglomération,Hors intersection,Pluie forte,Autre collision,,,,,,,,,,,1,2,1,3,6
200600024276,0006-05-11 17:30:00,6,5,11,17,30,540,115,Route de FROUARD,,,Plein jour,En agglomération,Hors intersection,Normale,Autre collision,,,,,,,,,,,1,2,1,1,6
200600024277,0006-05-04 14:15:00,6,5,4,14,15,540,586,,48.59,6.034,Plein jour,En agglomération,Hors intersection,Normale,Deux véhicules - frontale,,,,,,,,,,,1,2,1,1,1
200600024278,0006-05-24 17:00:00,6,5,24,17,0,540,435,,,,Plein jour,Hors agglomération,Hors intersection,Normale,Deux véhicules - arrière,,,,,,,,,,,1,1,1,1,2
200600024279,0006-05-04 07:40:00,6,5,4,7,40,540,571,RD 71,,,Plein jour,Hors agglomération,Hors intersection,Normale,Deux véhicules - côté,,,,,,,,,,,1,1,1,1,3
200600024280,0006-05-13 12:30:00,6,5,13,12,30,540,513,,48.476,6.116,Plein jour,Hors agglomération,Hors intersection,Temps couvert,Deux véhicules - côté,,,,,,,,,,,1,1,1,8,3
200600024281,0006-05-24 17:00:00,6,5,24,17,0,540,156,,,,Plein jour,Hors agglomération,Intersection en T,Normale,Deux véhicules - côté,,,,,,,,,,,1,1,3,1,3
200600024282,0006-05-26 01:15:00,6,5,26,1,15,540,142,,,,Nuit sans éclairage public,Hors agglomération,Hors intersection,Pluie légère,Deux véhicules - arrière,,,,,,,,,,,3,1,1,2,2
200600024283,0006-05-28 14:30:00,6,5,28,14,30,540,109,,,,Plein jour,Hors agglomération,Hors intersection,Normale,Autre collision,,,,,,,,,,,1,1,1,1,6
200600024284,0006-05-31 08:30:00,6,5,31,8,30,540,252,,,,Plein jour,Hors agglomération,Hors intersection,Normale,Autre collision,,,,,,,,,,,1,1,1,1,6
200600024285,0006-05-16 17:30:00,6,5,16,17,30,540,112,,,,Plein jour,Hors agglomération,Hors intersection,Normale,Autre collision,,,,,,,,,,,1,1,1,1,6
200600024286,0006-05-18 17:55:00,6,5,18,17,55,540,290,RD 125,,,Plein jour,Hors agglomération,Hors intersection,Normale,Sans collision,,,,,,,,,,,1,1,1,1,7
200600024287,0006-05-13 19:30:00,6,5,13,19,30,540,69,bois de Beuvillers,,,Plein jour,Hors agglomération,Hors intersection,Normale,Sans collision,,,,,,,,,,,1,1,1,1,7
200600024288,0006-05-23 20:35:00,6,5,23,20,35,540,222,rue Carnot,,,Plein jour,En agglomération,Hors intersection,Normale,Deux véhicules - côté,,,,,,,,,,,1,2,1,1,3
200600024289,0006-05-12 13:15:00,6,5,12,13,15,540,40,,48.493,6.948,Plein jour,Hors agglomération,Hors intersection,Normale,Deux véhicules - frontale,,,,,,,,,,,1,1,1,1,1
200600024290,0006-05-13 15:50:00,6,5,13,15,50,540,414,RD 908,,,Plein jour,Hors agglomération,Hors intersection,Normale,Sans collision,,,,,,,,,,,1,1,1,1,7
200600024291,0006-05-13 23:30:00,6,5,13,23,30,540,583,"RD 909, PK 2+500",,,Nuit sans éclairage public,Hors agglomération,Hors intersection,Normale,Sans collision,,,,,,,,,,,3,1,1,1,7
200600024292,0006-05-26 18:00:00,6,5,26,18,0,540,80,Intersection RD 11 et ro,,,Plein jour,En agglomération,Intersection en T,Normale,Trois véhicules et plus - collisions multiples,,,,,,,,,,,1,2,3,1,5
200600024293,0006-05-05 07:30:00,6,5,5,7,30,550,298,,48.757,5.264,Plein jour,Hors agglomération,Hors intersection,Normale,Sans collision,,,,,,,,,,,1,1,1,1,7
200600024294,0006-05-04 18:30:00,6,5,4,18,30,550,10,,48.663,5.054,Plein jour,Hors agglomération,Hors intersection,Normale,Autre collision,,,,,,,,,,,1,1,1,1,6
200600024295,0006-05-15 08:30:00,6,5,15,8,30,550,519,76 route national,,,Plein jour,En agglomération,Hors intersection,Normale,Autre collision,,,,,,,,,,,1,2,1,1,6
200600024296,0006-05-02 12:00:00,6,5,2,12,0,550,122,Route de Boncourt,,,Plein jour,En agglomération,Hors intersection,Normale,Autre collision,,,,,,,,,,,1,2,1,1,6
200600024297,0006-05-20 15:30:00,6,5,20,15,30,550,553,,48.791,5.626,Plein jour,Hors agglomération,Hors intersection,Temps couvert,Sans collision,,,,,,,,,,,1,1,1,8,7
200600024298,0006-05-20 20:45:00,6,5,20,20,45,550,122,10 route de Boncourt,,,Nuit avec éclairage allumé,En agglomération,Hors intersection,Normale,Autre collision,,,,,,,,,,,5,2,1,1,6
200600024299,0006-05-23 23:15:00,6,5,23,23,15,550,122,,,,Plein jour,Hors agglomération,Hors intersection,Normale,Sans collision,,,,,,,,,,,1,1,1,1,7
200600024300,0006-05-16 16:30:00,6,5,16,16,30,550,533,Avenue de  DOMREMY,,,Plein jour,En agglomération,Hors intersection,Normale,Autre collision,,,,,,,,,,,1,2,1,1,6
200600024301,0006-05-17 19:30:00,6,5,17,19,30,550,350,,,,Plein jour,Hors agglomération,Hors intersection,Normale,Deux véhicules - frontale,,,,,,,,,,,1,1,1,1,1
200600024302,0006-05-22 11:30:00,6,5,22,11,30,550,398,,48.687,5.721,Plein jour,Hors agglomération,Hors intersection,Pluie légère,Deux véhicules - arrière,,,,,,,,,,,1,1,1,2,2
200600024303,0006-05-06 17:50:00,6,5,6,17,50,550,324,"RN 43, PK 3+350",,,Plein jour,Hors agglomération,Hors intersection,Temps éblouissant,Deux véhicules - côté,,,,,,,,,,,1,1,1,7,3
200600024304,0006-05-26 15:30:00,6,5,26,15,30,550,25,,49.497,5.243,Plein jour,Hors agglomération,Hors intersection,Normale,Deux véhicules - côté,,,,,,,,,,,1,1,1,1,3
200600024305,0006-05-19 11:30:00,6,5,19,11,30,550,156,,,,Plein jour,Hors agglomération,Hors intersection,Normale,Deux véhicules - côté,,,,,,,,,,,1,1,1,1,3
200600024306,0006-05-19 17:45:00,6,5,19,17,45,550,167,"13, rue de l'ile",,,Plein jour,En agglomération,Hors intersection,Normale,Deux véhicules - frontale,,,,,,,,,,,1,2,1,1,1
200600024307,0006-05-25 22:00:00,6,5,25,22,0,550,158,rue Saint Rémy,49.292,5.715,Nuit avec éclairage allumé,En agglomération,Hors intersection,Temps couvert,Autre collision,,,,,,,,,,,5,2,1,8,6
200600024308,0006-05-03 11:05:00,6,5,3,11,5,880,160,S REMIREMONT-EPINAL PK40,,,Plein jour,Hors agglomération,Hors intersection,Normale,Deux véhicules - arrière,,,,,,,,,,,1,1,1,1,2
200600024309,0006-05-08 20:45:00,6,5,8,20,45,880,210,,,,Nuit sans éclairage public,Hors agglomération,Hors intersection,Pluie forte,Deux véhicules - côté,,,,,,,,,,,3,1,1,3,3
200600024310,0006-05-03 21:30:00,6,5,3,21,30,880,216,route de vimenil,,,Nuit avec éclairage allumé,En agglomération,Hors intersection,Normale,Deux véhicules - frontale,,,,,,,,,,,5,2,1,1,1
200600024311,0006-05-17 16:30:00,6,5,17,16,30,880,78,,,,Nuit sans éclairage public,Hors agglomération,Hors intersection,Pluie légère,Autre collision,,,,,,,,,,,3,1,1,2,6
200600024312,0006-05-19 22:00:00,6,5,19,22,0,880,16,,,,Nuit sans éclairage public,Hors agglomération,Hors intersection,Normale,Deux véhicules - frontale,,,,,,,,,,,3,1,1,1,1
200600024313,0006-05-04 07:00:00,6,5,4,7,0,880,313,,,,Plein jour,Hors agglomération,Hors intersection,Normale,Deux véhicules - frontale,,,,,,,,,,,1,1,1,1,1
200600024314,0006-05-01 19:30:00,6,5,1,19,30,880,520,,,,Plein jour,Hors agglomération,Hors intersection,Normale,Trois véhicules et plus - collisions multiples,,,,,,,,,,,1,1,1,1,5
200600024315,0006-05-13 18:15:00,6,5,13,18,15,880,488,Chemin communal C306,,,Plein jour,Hors agglomération,Hors intersection,Pluie légère,Sans collision,,,,,,,,,,,1,1,1,2,7
200600024316,0006-05-19 16:30:00,6,5,19,16,30,880,516,,,,Plein jour,En agglomération,Hors intersection,Normale,Deux véhicules - frontale,,,,,,,,,,,1,2,1,1,1
200600024317,0006-05-21 17:15:00,6,5,21,17,15,880,116,RUE DU DAVAL,,,Plein jour,En agglomération,Hors intersection,Normale,Autre collision,,,,,,,,,,,1,2,1,1,6
200600024318,0006-05-29 22:15:00,6,5,29,22,15,880,48,CD20a Lieu dit Jaillerey,,,Nuit sans éclairage public,Hors agglomération,Hors intersection,Temps couvert,Deux véhicules - frontale,,,,,,,,,,,3,1,1,8,1
200600024319,0006-05-26 19:30:00,6,5,26,19,30,880,218,34 ROUTE DE FRAMBEMENIL,48.148,6.791,Nuit avec éclairage allumé,En agglomération,Hors intersection,Pluie légère,Deux véhicules - frontale,,,,,,,,,,,5,2,1,2,1
200600024320,0006-05-15 18:45:00,6,5,15,18,45,880,196,,,,Plein jour,Hors agglomération,Hors intersection,Normale,Deux véhicules - frontale,,,,,,,,,,,1,1,1,1,1
200600024321,0006-05-24 07:30:00,6,5,24,7,30,880,196,Rue de Lorraine,,,Plein jour,En agglomération,Hors intersection,Normale,Autre collision,,,,,,,,,,,1,2,1,1,6
200600024322,0006-05-02 22:00:00,6,5,2,22,0,670,55,CD 468,,,Nuit sans éclairage public,Hors agglomération,Hors intersection,Normale,Autre collision,,,,,,,,,,,3,1,1,1,6
200600024323,0006-05-17 19:15:00,6,5,17,19,15,670,348,,,,Plein jour,Hors agglomération,Hors intersection,Normale,Deux véhicules - frontale,,,,,,,,,,,1,1,1,1,1
200600024324,0006-05-30 17:30:00,6,5,30,17,30,670,510,,48.768,7.697,Plein jour,Hors agglomération,Giratoire,Normale,Deux véhicules - côté,,,,,,,,,,,1,1,6,1,3
200600024325,0006-05-04 13:45:00,6,5,4,13,45,670,313,CD392,,,Plein jour,En agglomération,Hors intersection,Normale,Deux véhicules - côté,,,,,,,,,,,1,2,1,1,3
200600024326,0006-05-04 17:10:00,6,5,4,17,10,670,313,rue docteur SCHWEITZER,48.541,7.454,Plein jour,En agglomération,Hors intersection,Normale,Deux véhicules - frontale,,,,,,,,,,,1,2,1,1,1
200600024327,0006-05-15 01:00:00,6,5,15,1,0,670,436,7 rue de l'église,,,Nuit sans éclairage public,En agglomération,Hors intersection,Normale,Autre collision,,,,,,,,,,,3,2,1,1,6
200600024328,0006-05-10 13:10:00,6,5,10,13,10,670,328,"Grand-Rue , PK 63,5",,,Plein jour,En agglomération,Hors intersection,Normale,Deux véhicules - frontale,,,,,,,,,,,1,2,1,1,1
200600024329,0006-05-02 17:30:00,6,5,2,17,30,670,528,,48.866,7.181,Plein jour,Hors agglomération,Intersection en T,Normale,Deux véhicules - côté,,,,,,,,,,,1,1,3,1,3
200600024330,0006-05-08 11:30:00,6,5,8,11,30,670,201,,48.845,7.117,Plein jour,Hors agglomération,Hors intersection,Normale,Sans collision,,,,,,,,,,,1,1,1,1,7
200600024331,0006-05-16 18:30:00,6,5,16,18,30,670,111,,48.896,7.198,Plein jour,Hors agglomération,Hors intersection,Pluie légère,Autre collision,,,,,,,,,,,1,1,1,2,6
200600024332,0006-05-13 17:45:00,6,5,13,17,45,670,135,,,,Plein jour,Hors agglomération,Hors intersection,Normale,Sans collision,,,,,,,,,,,1,1,1,1,7
200600024333,0006-05-18 18:00:00,6,5,18,18,0,670,5,,,,Plein jour,Hors agglomération,Hors intersection,Normale,Sans collision,,,,,,,,,,,1,1,1,1,7
200600024334,0006-05-20 14:00:00,6,5,20,14,0,670,539,,,,Plein jour,Hors agglomération,Hors intersection,Normale,Sans collision,,,,,,,,,,,1,1,1,1,7
200600024335,0006-05-19 17:00:00,6,5,19,17,0,670,485,CD64,,,Plein jour,Hors agglomération,Hors intersection,Normale,Deux véhicules - frontale,,,,,,,,,,,1,1,1,1,1
200600024336,0006-05-07 22:15:00,6,5,7,22,15,670,295,,48.397,7.455,Nuit sans éclairage public,Hors agglomération,Hors intersection,Normale,Sans collision,,,,,,,,,,,3,1,1,1,7
200600024337,0006-05-24 18:15:00,6,5,24,18,15,670,210,CD425,,,Plein jour,En agglomération,Hors intersection,Normale,Sans collision,,,,,,,,,,,1,2,1,1,7
200600024338,0006-05-03 19:20:00,6,5,3,19,20,670,196,10 rue d'EBERSMUNSTER,,,Plein jour,En agglomération,Hors intersection,Normale,Deux véhicules - côté,,,,,,,,,,,1,2,1,1,3
200600024339,0006-05-13 09:30:00,6,5,13,9,30,670,398,Chemin rural,,,Plein jour,Hors agglomération,Hors intersection,Normale,Autre collision,,,,,,,,,,,1,1,1,1,6
200600024340,0006-05-25 10:00:00,6,5,25,10,0,670,547,,48.277,7.599,Nuit sans éclairage public,Hors agglomération,Hors intersection,Normale,Deux véhicules - frontale,,,,,,,,,,,3,1,1,1,1
200600024341,0006-05-07 10:00:00,6,5,7,10,0,670,25,Sur CD 468,,,Plein jour,Hors agglomération,Hors intersection,Normale,Autre collision,,,,,,,,,,,1,1,1,1,6
200600024342,0006-05-08 02:15:00,6,5,8,2,15,670,206,,48.938,7.938,Nuit sans éclairage public,Hors agglomération,Hors intersection,Normale,Autre collision,,,,,,,,,,,3,1,1,1,6
200600024343,0006-05-12 06:45:00,6,5,12,6,45,670,184,rue de la gare,,,Plein jour,En agglomération,Hors intersection,Normale,Deux véhicules - frontale,,,,,,,,,,,1,2,1,1,1
200600024344,0006-05-11 18:15:00,6,5,11,18,15,670,263,,,,Plein jour,Hors agglomération,Hors intersection,Normale,Sans collision,,,,,,,,,,,1,1,1,1,7
200600024345,0006-05-14 14:30:00,6,5,14,14,30,670,263,,,,Plein jour,Hors agglomération,Hors intersection,Normale,Deux véhicules - frontale,,,,,,,,,,,1,1,1,1,1
200600024346,0006-05-14 16:45:00,6,5,14,16,45,670,303,,,,Plein jour,Hors agglomération,Hors intersection,Normale,Autre collision,,,,,,,,,,,1,1,1,1,6
200600024347,0006-05-02 18:30:00,6,5,2,18,30,680,145,Grand Rue,48.085,7.389,Plein jour,En agglomération,Autre intersection,Normale,Deux véhicules - arrière,,,,,,,,,,,1,2,9,1,2
200600024348,0006-05-25 17:30:00,6,5,25,17,30,680,146,,,,Plein jour,Hors agglomération,Giratoire,Normale,Deux véhicules - côté,,,,,,,,,,,1,1,6,1,3
200600024349,0006-05-29 00:45:00,6,5,29,0,45,680,226,Rue du 9è Zouaves,,,Nuit avec éclairage allumé,En agglomération,Hors intersection,Normale,Autre collision,,,,,,,,,,,5,2,1,1,6
200600024350,0006-05-02 21:15:00,6,5,2,21,15,680,367,,48.07,7.465,Nuit sans éclairage public,Hors agglomération,Hors intersection,Normale,Autre collision,,,,,,,,,,,3,1,1,1,6
200600024351,0006-05-27 17:45:00,6,5,27,17,45,680,36,,48.059,7.536,Plein jour,Hors agglomération,Hors intersection,Normale,Deux véhicules - frontale,,,,,,,,,,,1,1,1,1,1
200600024352,0006-05-29 17:30:00,6,5,29,17,30,680,367,RD 12 PK2 +500,,,Plein jour,Hors agglomération,Hors intersection,Pluie légère,Deux véhicules - côté,,,,,,,,,,,1,1,1,2,3
200600024353,0006-05-11 04:45:00,6,5,11,4,45,680,185,,48.27,7.26,Nuit sans éclairage public,Hors agglomération,Hors intersection,Normale,Deux véhicules - frontale,,,,,,,,,,,3,1,1,1,1
200600024354,0006-05-31 11:45:00,6,5,31,11,45,680,298,"13, lieu-dit ""Echery""",48.236,7.162,Plein jour,En agglomération,Hors intersection,Normale,Autre collision,,,,,,,,,,,1,2,1,1,6
200600024355,0006-05-06 10:15:00,6,5,6,10,15,680,155,,48.097,7.322,Plein jour,Hors agglomération,Hors intersection,Normale,Deux véhicules - côté,,,,,,,,,,,1,1,1,1,3
200600024356,0006-05-02 00:45:00,6,5,2,0,45,680,333,6 RUE DE BALE,47.626,7.308,Nuit avec éclairage allumé,En agglomération,Hors intersection,Normale,Deux véhicules - arrière,,,,,,,,,,,5,2,1,1,2
200600024357,0006-05-17 20:45:00,6,5,17,20,45,680,333,,47.624,7.307,Plein jour,Hors agglomération,Hors intersection,Normale,Autre collision,,,,,,,,,,,1,1,1,1,6
200600024358,0006-05-02 16:30:00,6,5,2,16,30,680,82,,,,Plein jour,Hors agglomération,Hors intersection,Normale,Deux véhicules - côté,,,,,,,,,,,1,1,1,1,3
200600024359,0006-05-08 22:00:00,6,5,8,22,0,680,140,,47.902,7.428,Nuit sans éclairage public,Hors agglomération,Hors intersection,Pluie forte,Sans collision,,,,,,,,,,,3,1,1,3,7
200600024360,0006-05-11 18:45:00,6,5,11,18,45,680,82,Faubourg de Belfort,,,Plein jour,En agglomération,Hors intersection,Normale,Deux véhicules - arrière,,,,,,,,,,,1,2,1,1,2
200600024361,0006-05-22 17:15:00,6,5,22,17,15,680,91,rue de la première armée,,,Plein jour,En agglomération,Hors intersection,Normale,Deux véhicules - côté,,,,,,,,,,,1,2,1,1,3
200600024362,0006-05-24 11:15:00,6,5,24,11,15,680,43,,,,Plein jour,Hors agglomération,Giratoire,Normale,Deux véhicules - côté,,,,,,,,,,,1,1,6,1,3
200600024363,0006-05-03 18:15:00,6,5,3,18,15,680,300,,47.781,7.382,Plein jour,Hors agglomération,Hors intersection,Normale,Deux véhicules - côté,,,,,,,,,,,1,1,1,1,3
200600024364,0006-05-13 23:30:00,6,5,13,23,30,680,15,rue de lorraine/provence,47.802,7.383,Nuit avec éclairage allumé,En agglomération,Hors intersection,Pluie légère,Deux véhicules - côté,,,,,,,,,,,5,2,1,2,3
200600024365,0006-05-03 21:45:00,6,5,3,21,45,680,126,,,,Nuit sans éclairage public,Hors agglomération,Hors intersection,Normale,Sans collision,,,,,,,,,,,3,1,1,1,7
200600024366,0006-05-10 08:15:00,6,5,10,8,15,680,349,GEN GAULLE - MAR FOCH,47.61,7.572,Plein jour,En agglomération,Hors intersection,Normale,Deux véhicules - frontale,,,,,,,,,,,1,2,1,1,1
200600024367,0006-05-18 23:20:00,6,5,18,23,20,680,94,cd 21,,,Nuit sans éclairage public,Hors agglomération,Hors intersection,Normale,Autre collision,,,,,,,,,,,3,1,1,1,6
200600024368,0006-05-07 14:30:00,6,5,7,14,30,680,89,"56, grand'rue",,,Plein jour,En agglomération,Intersection en T,Normale,Deux véhicules - frontale,,,,,,,,,,,1,2,3,1,1
200600024369,0006-05-03 17:30:00,6,5,3,17,30,510,193,,48.973,4.526,Plein jour,Hors agglomération,Hors intersection,Normale,Sans collision,,,,,,,,,,,1,1,1,1,7
200600024370,0006-05-07 11:45:00,6,5,7,11,45,510,648,,48.844,4.462,Plein jour,Hors agglomération,Hors intersection,Pluie forte,Deux véhicules - frontale,,,,,,,,,,,1,1,1,3,1
200600024371,0006-05-18 16:45:00,6,5,18,16,45,510,485,rue Louis Cochet,49.059,4.386,Plein jour,En agglomération,Hors intersection,Normale,Deux véhicules - côté,,,,,,,,,,,1,2,1,1,3
200600024372,0006-05-21 19:45:00,6,5,21,19,45,510,559,Avenue du Général Lecler,49.134,4.535,Plein jour,En agglomération,Hors intersection,Normale,Deux véhicules - arrière,,,,,,,,,,,1,2,1,1,2
200600024373,0006-05-11 14:00:00,6,5,11,14,0,510,196,RUE DU MOUTIER,48.99,3.99,Plein jour,En agglomération,Hors intersection,Normale,Deux véhicules - frontale,,,,,,,,,,,1,2,1,1,1
200600024374,0006-05-20 15:15:00,6,5,20,15,15,510,387,,,,Plein jour,Hors agglomération,Intersection en X,Normale,Deux véhicules - côté,,,,,,,,,,,1,1,2,1,3
200600024375,0006-05-21 14:45:00,6,5,21,14,45,510,165,,48.723,3.93,Plein jour,Hors agglomération,Hors intersection,Normale,Deux véhicules - côté,,,,,,,,,,,1,1,1,1,3
200600024376,0006-05-07 05:30:00,6,5,7,5,30,510,234,rue de bourgogne,48.558,3.658,Crépuscule ou aube,En agglomération,Hors intersection,Normale,Autre collision,,,,,,,,,,,2,2,1,1,6
200600024377,0006-05-07 19:15:00,6,5,7,19,15,510,535,,,,Plein jour,Hors agglomération,Hors intersection,Normale,Deux véhicules - côté,,,,,,,,,,,1,1,1,1,3
200600024378,0006-05-14 21:30:00,6,5,14,21,30,510,250,ROUTE DEPARTEMENTALE 29,,,Crépuscule ou aube,Hors agglomération,Hors intersection,Autre,Autre collision,,,,,,,,,,,2,1,1,9,6
200600024379,0006-05-02 22:30:00,6,5,2,22,30,510,282,Voie ordinaire,49.264,3.898,Nuit sans éclairage public,Hors agglomération,Hors intersection,Normale,Sans collision,,,,,,,,,,,3,1,1,1,7
200600024380,0006-05-14 00:10:00,6,5,14,0,10,510,38,12 Rue St Vincent,,,Nuit sans éclairage public,En agglomération,Hors intersection,Normale,Autre collision,,,,,,,,,,,3,2,1,1,6
200600024381,0006-05-14 19:45:00,6,5,14,19,45,510,177,,,,Plein jour,Hors agglomération,Hors intersection,Normale,Autre collision,,,,,,,,,,,1,1,1,1,6
200600024382,0006-05-19 07:45:00,6,5,19,7,45,510,282,rue du moutiers,49.254,3.912,Plein jour,En agglomération,Hors intersection,Temps couvert,Deux véhicules - frontale,,,,,,,,,,,1,2,1,8,1
200600024383,0006-05-20 05:30:00,6,5,20,5,30,510,488,,,,Nuit sans éclairage public,Hors agglomération,Hors intersection,Pluie légère,Deux véhicules - arrière,,,,,,,,,,,3,1,1,2,2
200600024384,0006-05-28 18:45:00,6,5,28,18,45,510,529,,,,Plein jour,Hors agglomération,Hors intersection,Normale,Trois véhicules et plus - collisions multiples,,,,,,,,,,,1,1,1,1,5
200600024385,0006-05-04 17:45:00,6,5,4,17,45,510,557,,48.801,4.577,Plein jour,Hors agglomération,Hors intersection,Normale,Deux véhicules - frontale,,,,,,,,,,,1,1,1,1,1
200600024386,0006-05-29 15:15:00,6,5,29,15,15,510,539,,48.818,4.804,Plein jour,Hors agglomération,Hors intersection,Temps couvert,Deux véhicules - frontale,,,,,,,,,,,1,1,1,8,1
200600024387,0006-05-14 14:30:00,6,5,14,14,30,510,549,,48.956,4.724,Plein jour,Hors agglomération,Hors intersection,Normale,Autre collision,,,,,,,,,,,1,1,1,1,6
200600024388,0006-05-22 18:15:00,6,5,22,18,15,510,424,,49.023,4.974,Plein jour,Hors agglomération,Intersection en T,Normale,Deux véhicules - côté,,,,,,,,,,,1,1,3,1,3
200600024389,0006-05-28 18:30:00,6,5,28,18,30,510,507,Route Royale,,,Plein jour,En agglomération,Hors intersection,Normale,Autre collision,,,,,,,,,,,1,2,1,1,6
200600024390,0006-05-29 17:15:00,6,5,29,17,15,80,140,route nationale,49.698,4.79,Plein jour,En agglomération,Hors intersection,Temps couvert,Deux véhicules - côté,,,,,,,,,,,1,2,1,8,3
200600024391,0006-05-19 11:40:00,6,5,19,11,40,80,363,rue Galilée,,,Plein jour,En agglomération,Hors intersection,Pluie légère,Autre collision,,,,,,,,,,,1,2,1,2,6