accident_id,datetime,annee,mois,jour,heure,minute,departement,commune_insee,adresse,latitude,longitude,luminosite,agglomeration,intersection,meteo,collision,nb_vehicules,nb_usagers,nb_indemnes,nb_tues,nb_blesses_hosp,nb_blesses_legers,age_cond_1,age_cond_2,veh_type_cond_1,veh_type_cond_2,lum_code,agg_code,int_code,atm_code,col_code
200600024532,0006-05-19 22:00:00,6,5,19,22,0,130,27,Cd34 / Chemin des écoles,,,Nuit avec éclairage allumé,En agglomération,Intersection en X,Normale,Deux véhicules - côté,,,,,,,,,,,5,2,2,1,3
200600024533,0006-05-17 17:05:00,6,5,17,17,5,130,97,CD 24,,,Plein jour,Hors agglomération,Hors intersection,Normale,Deux véhicules - arrière,,,,,,,,,,,1,1,1,1,2
200600024534,0006-05-29 18:15:00,6,5,29,18,15,130,97,RN 568,,,Plein jour,Hors agglomération,Hors intersection,Vent fort / tempête,Autre collision,,,,,,,,,,,1,1,1,6,6
200600024535,0006-05-07 05:00:00,6,5,7,5,0,130,100,,,,Nuit sans éclairage public,Hors agglomération,Hors intersection,Normale,Autre collision,,,,,,,,,,,3,1,1,1,6
200600024536,0006-05-12 02:15:00,6,5,12,2,15,130,22,,,,Nuit sans éclairage public,Hors agglomération,Hors intersection,Normale,Deux véhicules - frontale,,,,,,,,,,,3,1,1,1,1
200600024537,0006-05-30 20:00:00,6,5,30,20,0,130,7,Montée St Euthrope,,,Plein jour,En agglomération,Hors intersection,Normale,Deux véhicules - côté,,,,,,,,,,,1,2,1,1,3
200600024538,0006-05-03 04:30:00,6,5,3,4,30,130,92,CD 10,,,Nuit sans éclairage public,Hors agglomération,Hors intersection,Normale,Deux véhicules - frontale,,,,,,,,,,,3,1,1,1,1
200600024539,0006-05-12 02:45:00,6,5,12,2,45,130,14,Chemin des Cravons,43.52,5.154,Nuit avec éclairage allumé,En agglomération,Hors intersection,Normale,Autre collision,,,,,,,,,,,5,2,1,1,6
200600024540,0006-05-21 17:30:00,6,5,21,17,30,130,6,Avenue St roch,,,Plein jour,En agglomération,Hors intersection,Normale,Deux véhicules - côté,,,,,,,,,,,1,2,1,1,3
200600024541,0006-05-02 16:30:00,6,5,2,16,30,130,89,,,,Plein jour,Hors agglomération,Hors intersection,Normale,Trois véhicules et plus - collisions multiples,,,,,,,,,,,1,1,1,1,5
200600024542,0006-05-13 12:00:00,6,5,13,12,0,130,84,,,,Plein jour,Hors agglomération,Hors intersection,Normale,Deux véhicules - côté,,,,,,,,,,,1,1,1,1,3
200600024543,0006-05-22 17:15:00,6,5,22,17,15,130,82,Chemin des Garrigues,,,Plein jour,En agglomération,Hors intersection,Normale,Deux véhicules - frontale,,,,,,,,,,,1,2,1,1,1
200600024544,0006-05-04 09:24:00,6,5,4,9,24,40,108,lieu-dit le pesquier,,,Plein jour,Hors agglomération,Hors intersection,Normale,Trois véhicules et plus - collisions multiples,,,,,,,,,,,1,1,1,1,5
200600024545,0006-05-21 19:00:00,6,5,21,19,0,40,143,route de LE CASTELLET,,,Plein jour,En agglomération,Hors intersection,Normale,Deux véhicules - frontale,,,,,,,,,,,1,2,1,1,1
200600024546,0006-05-05 18:10:00,6,5,5,18,10,40,22,"RN202, PK4",,,Plein jour,Hors agglomération,Hors intersection,Pluie légère,Sans collision,,,,,,,,,,,1,1,1,2,7
200600024547,0006-05-06 10:30:00,6,5,6,10,30,40,22,,,,Plein jour,Hors agglomération,Hors intersection,Normale,Deux véhicules - côté,,,,,,,,,,,1,1,1,1,3
200600024548,0006-05-08 10:15:00,6,5,8,10,15,40,22,RN 202,,,Plein jour,En agglomération,Hors intersection,Pluie légère,Sans collision,,,,,,,,,,,1,2,1,2,7
200600024549,0006-05-12 02:40:00,6,5,12,2,40,40,19,ce au camping LE TAMPICO,,,Nuit sans éclairage public,En agglomération,Hors intersection,Normale,Sans collision,,,,,,,,,,,3,2,1,1,7
200600024550,0006-05-06 12:15:00,6,5,6,12,15,40,198,,,,Plein jour,Hors agglomération,Hors intersection,Normale,Deux véhicules - côté,,,,,,,,,,,1,1,1,1,3
200600024551,0006-05-09 14:00:00,6,5,9,14,0,40,161,,,,Plein jour,Hors agglomération,Hors intersection,Normale,Deux véhicules - côté,,,,,,,,,,,1,1,1,1,3
200600024552,0006-05-16 17:15:00,6,5,16,17,15,40,126,CD207,,,Plein jour,Hors agglomération,Hors intersection,Normale,Sans collision,,,,,,,,,,,1,1,1,1,7
200600024553,0006-05-18 16:00:00,6,5,18,16,0,40,161,,,,Plein jour,Hors agglomération,Autre intersection,Normale,Deux véhicules - arrière,,,,,,,,,,,1,1,9,1,2
200600024554,0006-05-01 15:00:00,6,5,1,15,0,40,188,,43.907,5.793,Plein jour,En agglomération,Hors intersection,Normale,Deux véhicules - côté,,,,,,,,,,,1,2,1,1,3
200600024555,0006-05-17 14:45:00,6,5,17,14,45,40,160,,43.884,5.664,Plein jour,Hors agglomération,Hors intersection,Normale,Deux véhicules - côté,,,,,,,,,,,1,1,1,1,3
200600024556,0006-05-23 07:15:00,6,5,23,7,15,40,104,,43.98,5.733,Plein jour,Hors agglomération,Hors intersection,Normale,Trois véhicules et plus - collisions multiples,,,,,,,,,,,1,1,1,1,5
200600024557,0006-05-14 10:00:00,6,5,14,10,0,40,178,CD 951,,,Plein jour,Hors agglomération,Hors intersection,Normale,Deux véhicules - côté,,,,,,,,,,,1,1,1,1,3
200600024558,0006-05-31 23:15:00,6,5,31,23,15,40,245,"r de la Madeleine, RN 96",,,Nuit sans éclairage public,Hors agglomération,Giratoire,Normale,Sans collision,,,,,,,,,,,3,1,6,1,7
200600024559,0006-05-15 14:20:00,6,5,15,14,20,40,75,CD4-CD17,,,Plein jour,Hors agglomération,Hors intersection,Normale,Deux véhicules - côté,,,,,,,,,,,1,1,1,1,3
200600024560,0006-05-05 07:45:00,6,5,5,7,45,50,118,,,,Plein jour,Hors agglomération,Hors intersection,Normale,Sans collision,,,,,,,,,,,1,1,1,1,7
200600024561,0006-05-06 11:20:00,6,5,6,11,20,50,34,stière d'envol de Chabre,44.298,5.79,Plein jour,Hors agglomération,Hors intersection,Normale,Autre collision,,,,,,,,,,,1,1,1,1,6
200600024562,0006-05-06 18:00:00,6,5,6,18,0,50,70,Montée de l'hopital CHS,44.324,5.818,Plein jour,En agglomération,Hors intersection,Normale,Deux véhicules - frontale,,,,,,,,,,,1,2,1,1,1
200600024563,0006-05-15 18:20:00,6,5,15,18,20,50,78,emin départemental n°942,,,Plein jour,Hors agglomération,Intersection en X,Normale,Deux véhicules - côté,,,,,,,,,,,1,1,2,1,3
200600024564,0006-05-14 03:00:00,6,5,14,3,0,50,84,,44.564,6.213,Nuit sans éclairage public,Hors agglomération,Hors intersection,Normale,Sans collision,,,,,,,,,,,3,1,1,1,7
200600024565,0006-05-17 15:15:00,6,5,17,15,15,50,40,,44.537,6.285,Plein jour,Hors agglomération,Hors intersection,Normale,Sans collision,,,,,,,,,,,1,1,1,1,7
200600024566,0006-05-20 19:05:00,6,5,20,19,5,50,17,four RN94-CD11 Déviation,,,Plein jour,Hors agglomération,Intersection en X,Normale,Deux véhicules - frontale,,,,,,,,,,,1,1,2,1,1
200600024567,0006-05-22 12:15:00,6,5,22,12,15,50,11,,44.537,6.187,Plein jour,Hors agglomération,Hors intersection,Normale,Sans collision,,,,,,,,,,,1,1,1,1,7
200600024568,0006-05-26 16:25:00,6,5,26,16,25,50,11,CD 11 / CD 942,,,Plein jour,Hors agglomération,Hors intersection,Normale,Deux véhicules - côté,,,,,,,,,,,1,1,1,1,3
200600024569,0006-05-17 08:00:00,6,5,17,8,0,60,147,,,,Plein jour,Hors agglomération,Autre intersection,Normale,Deux véhicules - côté,,,,,,,,,,,1,1,9,1,3
200600024570,0006-05-28 11:30:00,6,5,28,11,30,60,6,,,,Plein jour,Hors agglomération,Hors intersection,Normale,Deux véhicules - frontale,,,,,,,,,,,1,1,1,1,1
200600024571,0006-05-31 17:00:00,6,5,31,17,0,60,34,route départementale 14,,,Plein jour,Hors agglomération,Hors intersection,Temps couvert,Deux véhicules - frontale,,,,,,,,,,,1,1,1,8,1
200600024572,0006-05-22 13:40:00,6,5,22,13,40,60,31,PK 10.357,,,Plein jour,Hors agglomération,Autre intersection,Normale,Autre collision,,,,,,,,,,,1,1,9,1,6
200600024573,0006-05-24 10:45:00,6,5,24,10,45,60,149,bd Général De Gaulle,,,Plein jour,En agglomération,Hors intersection,Normale,Trois véhicules et plus - collisions multiples,,,,,,,,,,,1,2,1,1,5
200600024574,0006-05-12 11:45:00,6,5,12,11,45,60,161,RD6007,,,Plein jour,En agglomération,Hors intersection,Normale,Deux véhicules - arrière,,,,,,,,,,,1,2,1,1,2
200600024575,0006-05-13 17:30:00,6,5,13,17,30,60,161,,,,Plein jour,Hors agglomération,Hors intersection,Normale,Trois véhicules et plus - collisions multiples,,,,,,,,,,,1,1,1,1,5
200600024576,0006-05-25 06:45:00,6,5,25,6,45,60,161,,,,Plein jour,Hors agglomération,Hors intersection,Normale,Deux véhicules - côté,,,,,,,,,,,1,1,1,1,3
200600024577,0006-05-30 02:30:00,6,5,30,2,30,60,161,RN 6007,,,Crépuscule ou aube,En agglomération,Hors intersection,Normale,Deux véhicules - côté,,,,,,,,,,,2,2,1,1,3
200600024578,0006-05-06 10:15:00,6,5,6,10,15,60,79,AVENUE DU 23 AOUT,,,Plein jour,En agglomération,Hors intersection,Normale,Deux véhicules - arrière,,,,,,,,,,,1,2,1,1,2
200600024579,0006-05-19 11:45:00,6,5,19,11,45,60,138,,,,Plein jour,Hors agglomération,Autre intersection,Normale,Deux véhicules - frontale,,,,,,,,,,,1,1,9,1,1
200600024580,0006-05-24 09:15:00,6,5,24,9,15,60,134,LA DOIRE,,,Plein jour,En agglomération,Hors intersection,Normale,Deux véhicules - côté,,,,,,,,,,,1,2,1,1,3
200600024581,0006-05-18 07:15:00,6,5,18,7,15,60,59,av. de Verdun PK55+890,43.734,7.368,Plein jour,En agglomération,Hors intersection,Normale,Deux véhicules - frontale,,,,,,,,,,,1,2,1,1,1
200600024582,0006-05-31 18:45:00,6,5,31,18,45,60,59,enue du maréchal Leclerc,,,Plein jour,En agglomération,Hors intersection,Normale,Autre collision,,,,,,,,,,,1,2,1,1,6
200600024583,0006-05-16 12:00:00,6,5,16,12,0,60,151,,43.877,7.193,Plein jour,Hors agglomération,Hors intersection,Pluie légère,Deux véhicules - arrière,,,,,,,,,,,1,1,1,2,2
200600024584,0006-05-29 10:15:00,6,5,29,10,15,60,78,,43.922,7.164,Plein jour,Hors agglomération,Hors intersection,Normale,Deux véhicules - frontale,,,,,,,,,,,1,1,1,1,1
200600024585,0006-05-31 14:30:00,6,5,31,14,30,60,119,,44.337,6.851,Plein jour,Hors agglomération,Hors intersection,Neige / grêle,Sans collision,,,,,,,,,,,1,1,1,4,7
200600024586,0006-05-25 17:15:00,6,5,25,17,15,830,38,,43.588,6.427,Plein jour,Hors agglomération,Hors intersection,Normale,Autre collision,,,,,,,,,,,1,1,1,1,6
200600024587,0006-05-04 19:30:00,6,5,4,19,30,830,148,CD 48,,,Crépuscule ou aube,Hors agglomération,Hors intersection,Normale,Sans collision,,,,,,,,,,,2,1,1,1,7
200600024588,0006-05-20 17:45:00,6,5,20,17,45,830,4,Av J. JAURES,,,Plein jour,En agglomération,Autre intersection,Normale,Deux véhicules - côté,,,,,,,,,,,1,2,9,1,3
200600024589,0006-05-04 23:00:00,6,5,4,23,0,830,56,,,,Nuit sans éclairage public,Hors agglomération,Hors intersection,Normale,Sans collision,,,,,,,,,,,3,1,1,1,7
200600024590,0006-05-13 12:00:00,6,5,13,12,0,830,28,,,,Plein jour,Hors agglomération,Hors intersection,Normale,Autre collision,,,,,,,,,,,1,1,1,1,6
200600024591,0006-05-29 16:45:00,6,5,29,16,45,830,55,,,,Plein jour,Hors agglomération,Giratoire,Normale,Autre collision,,,,,,,,,,,1,1,6,1,6
200600024592,0006-05-22 07:30:00,6,5,22,7,30,830,72,CD 562 PK 31,,,Plein jour,Hors agglomération,Hors intersection,Normale,Trois véhicules et plus - collisions multiples,,,,,,,,,,,1,1,1,1,5
200600024593,0006-05-03 08:45:00,6,5,3,8,45,830,73,,,,Plein jour,Hors agglomération,Hors intersection,Normale,Autre collision,,,,,,,,,,,1,1,1,1,6
200600024594,0006-05-22 07:45:00,6,5,22,7,45,830,75,10 Lieu dit La Fouquette,43.323,6.341,Plein jour,Hors agglomération,Hors intersection,Normale,Sans collision,,,,,,,,,,,1,1,1,1,7
200600024595,0006-05-18 16:45:00,6,5,18,16,45,830,121,Rue J. Jacques ROUSSEAu,,,Plein jour,En agglomération,Hors intersection,Normale,Autre collision,,,,,,,,,,,1,2,1,1,6
200600024596,0006-05-20 09:00:00,6,5,20,9,0,830,149,,,,Plein jour,Hors agglomération,Autre intersection,Normale,Deux véhicules - côté,,,,,,,,,,,1,1,9,1,3
200600024597,0006-05-22 19:15:00,6,5,22,19,15,830,7,Chemin des RAYOLS,,,Plein jour,Hors agglomération,Hors intersection,Normale,Deux véhicules - frontale,,,,,,,,,,,1,1,1,1,1
200600024598,0006-05-06 04:45:00,6,5,6,4,45,830,23,"ente "" PR 4+100 - CD 43",,,Nuit sans éclairage public,Hors agglomération,Hors intersection,Normale,Autre collision,,,,,,,,,,,3,1,1,1,6
200600024599,0006-05-15 09:30:00,6,5,15,9,30,830,23,parking des augustins,,,Plein jour,En agglomération,Hors intersection,Normale,Autre collision,,,,,,,,,,,1,2,1,1,6
200600024600,0006-05-29 17:50:00,6,5,29,17,50,830,30,u du quartier les domans,,,Plein jour,Hors agglomération,Autre intersection,Normale,Deux véhicules - arrière,,,,,,,,,,,1,1,9,1,2
200600024601,0006-05-21 06:00:00,6,5,21,6,0,830,49,"""col de la Bigue""",43.3,6.07,Crépuscule ou aube,Hors agglomération,Hors intersection,Normale,Autre collision,,,,,,,,,,,2,1,1,1,6
200600024602,0006-05-21 17:20:00,6,5,21,17,20,830,33,PK 35,43.3,6.22,Plein jour,Hors agglomération,Hors intersection,Normale,Autre collision,,,,,,,,,,,1,1,1,1,6
200600024603,0006-05-30 08:15:00,6,5,30,8,15,830,33,Chemin de LA FERRAGE,,,Plein jour,En agglomération,Hors intersection,Normale,Autre collision,,,,,,,,,,,1,2,1,1,6
200600024604,0006-05-12 20:30:00,6,5,12,20,30,830,104,CD 3,,,Crépuscule ou aube,Hors agglomération,Hors intersection,Normale,Autre collision,,,,,,,,,,,2,1,1,1,6
200600024605,0006-05-26 21:00:00,6,5,26,21,0,830,114,Lieu-dit St Maurin,,,Nuit sans éclairage public,Hors agglomération,Hors intersection,Normale,Deux véhicules - frontale,,,,,,,,,,,3,1,1,1,1
200600024606,0006-05-17 09:55:00,6,5,17,9,55,830,140,Carrefour CD64 / CD1,,,Plein jour,Hors agglomération,Intersection en X,Normale,Trois véhicules et plus - collisions multiples,,,,,,,,,,,1,1,2,1,5
200600024607,0006-05-26 11:15:00,6,5,26,11,15,830,87,Route de  Marseille,,,Plein jour,En agglomération,Intersection en X,Normale,Deux véhicules - côté,,,,,,,,,,,1,2,2,1,3
200600024608,0006-05-27 18:00:00,6,5,27,18,0,830,87,,,,Plein jour,Hors agglomération,Hors intersection,Normale,Deux véhicules - frontale,,,,,,,,,,,1,1,1,1,1
200600024609,0006-05-17 16:30:00,6,5,17,16,30,830,120,la cartiere,,,Plein jour,Hors agglomération,Hors intersection,Normale,Deux véhicules - frontale,,,,,,,,,,,1,1,1,1,1
200600024610,0006-05-02 05:00:00,6,5,2,5,0,830,99,chemin  bagnols en foret,,,Nuit avec éclairage allumé,En agglomération,Hors intersection,Normale,Sans collision,,,,,,,,,,,5,2,1,1,7
200600024611,0006-05-11 17:30:00,6,5,11,17,30,830,107,CD7,,,Plein jour,En agglomération,Hors intersection,Normale,Trois véhicules et plus - collisions multiples,,,,,,,,,,,1,2,1,1,5
200600024612,0006-05-12 10:55:00,6,5,12,10,55,830,36,avenue de St Raphael,,,Plein jour,En agglomération,Autre intersection,Normale,Autre collision,,,,,,,,,,,1,2,9,1,6
200600024613,0006-05-06 16:00:00,6,5,6,16,0,830,68,devant magasin ROCHIETT,,,Plein jour,Hors agglomération,Hors intersection,Normale,Deux véhicules - côté,,,,,,,,,,,1,1,1,1,3
200600024614,0006-05-07 01:45:00,6,5,7,1,45,830,42,CD 559,,,Nuit avec éclairage allumé,En agglomération,Autre intersection,Normale,Deux véhicules - frontale,,,,,,,,,,,5,2,9,1,1
200600024615,0006-05-07 15:25:00,6,5,7,15,25,830,68,Chemin de PEYRAT,,,Plein jour,En agglomération,Hors intersection,Normale,Autre collision,,,,,,,,,,,1,2,1,1,6
200600024616,0006-05-07 20:15:00,6,5,7,20,15,830,42,ZA de COGOLIN route dépa,,,Crépuscule ou aube,En agglomération,Giratoire,Normale,Sans collision,,,,,,,,,,,2,2,6,1,7
200600024617,0006-05-07 20:45:00,6,5,7,20,45,830,68,chemin des vernades,,,Crépuscule ou aube,En agglomération,Hors intersection,Normale,Sans collision,,,,,,,,,,,2,2,1,1,7
200600024618,0006-05-10 11:00:00,6,5,10,11,0,830,68,PLAN DE SUVIERE,,,Plein jour,Hors agglomération,Hors intersection,Normale,Sans collision,,,,,,,,,,,1,1,1,1,7
200600024619,0006-05-10 19:30:00,6,5,10,19,30,830,68,,,,Plein jour,Hors agglomération,Hors intersection,Normale,Deux véhicules - côté,,,,,,,,,,,1,1,1,1,3
200600024620,0006-05-20 10:15:00,6,5,20,10,15,830,42,rue carnot,,,Plein jour,En agglomération,Hors intersection,Normale,Autre collision,,,,,,,,,,,1,2,1,1,6
200600024621,0006-05-24 12:00:00,6,5,24,12,0,830,68,D558,,,Plein jour,Hors agglomération,Hors intersection,Normale,Deux véhicules - frontale,,,,,,,,,,,1,1,1,1,1
200600024622,0006-05-24 17:15:00,6,5,24,17,15,830,900,Le Ginestel,,,Plein jour,Hors agglomération,Hors intersection,Normale,Deux véhicules - côté,,,,,,,,,,,1,1,1,1,3
200600024623,0006-05-29 12:00:00,6,5,29,12,0,830,42,PARKING LECLERC,,,Plein jour,En agglomération,Hors intersection,Normale,Autre collision,,,,,,,,,,,1,2,1,1,6
200600024624,0006-05-29 18:00:00,6,5,29,18,0,830,65,,43.271,6.575,Plein jour,Hors agglomération,Autre intersection,Normale,Deux véhicules - frontale,,,,,,,,,,,1,1,9,1,1
200600024625,0006-05-20 02:00:00,6,5,20,2,0,830,65,Carrefour de la Foux,,,Nuit avec éclairage allumé,Hors agglomération,Hors intersection,Normale,Deux véhicules - côté,,,,,,,,,,,5,1,1,1,3
200600024626,0006-05-24 18:50:00,6,5,24,18,50,830,65,"Rouillère à GASSIN, PK",,,Plein jour,Hors agglomération,Hors intersection,Normale,Trois véhicules et plus - collisions multiples,,,,,,,,,,,1,1,1,1,5
200600024627,0006-05-26 00:01:00,6,5,26,0,1,830,65,,43.25,6.59,Nuit sans éclairage public,Hors agglomération,Hors intersection,Normale,Deux véhicules - frontale,,,,,,,,,,,3,1,1,1,1
200600024628,0006-05-20 09:25:00,6,5,20,9,25,830,127,2/chemin dit des Vooutes,,,Plein jour,Hors agglomération,Hors intersection,Normale,Deux véhicules - côté,,,,,,,,,,,1,1,1,1,3
200600024629,0006-05-20 23:45:00,6,5,20,23,45,830,53,hemin de Venette (CD.62),,,Nuit sans éclairage public,Hors agglomération,Hors intersection,Normale,Autre collision,,,,,,,,,,,3,1,1,1,6
200600024630,0006-05-24 15:30:00,6,5,24,15,30,830,127,chemin ST clair,,,Plein jour,Hors agglomération,Hors intersection,Normale,Deux véhicules - côté,,,,,,,,,,,1,1,1,1,3
200600024631,0006-05-01 05:00:00,6,5,1,5,0,830,91,CD 12 - PK -- 28.300,43.212,6.14,Nuit sans éclairage public,Hors agglomération,Hors intersection,Normale,Deux véhicules - frontale,,,,,,,,,,,3,1,1,1,1
200600024632,0006-05-11 07:00:00,6,5,11,7,0,830,49,,43.264,6.11,Plein jour,Hors agglomération,Hors intersection,Normale,Trois véhicules et plus - collisions multiples,,,,,,,,,,,1,1,1,1,5
200600024633,0006-05-28 05:15:00,6,5,28,5,15,830,33,RN97,,,Plein jour,Hors agglomération,Hors intersection,Normale,Trois véhicules et plus - en chaîne,,,,,,,,,,,1,1,1,1,4
200600024634,0006-05-19 17:30:00,6,5,19,17,30,830,47,carrefour CD 76 - CD 554,,,Plein jour,Hors agglomération,Hors intersection,Normale,Deux véhicules - côté,,,,,,,,,,,1,1,1,1,3
200600024635,0006-05-14 10:10:00,6,5,14,10,10,830,27,RD 559 bis,,,Plein jour,Hors agglomération,Hors intersection,Normale,Deux véhicules - côté,,,,,,,,,,,1,1,1,1,3
200600024636,0006-05-11 11:10:00,6,5,11,11,10,830,130,CD 558  devant le n°5411,,,Plein jour,Hors agglomération,Hors intersection,Normale,Deux véhicules - frontale,,,,,,,,,,,1,1,1,1,1
200600024637,0006-05-19 14:30:00,6,5,19,14,30,830,130,Avenue de l'arlésienne,,,Plein jour,En agglomération,Hors intersection,Normale,Deux véhicules - arrière,,,,,,,,,,,1,2,1,1,2
200600024638,0006-05-19 19:45:00,6,5,19,19,45,830,54,,,,Crépuscule ou aube,Hors agglomération,Giratoire,Normale,Deux véhicules - côté,,,,,,,,,,,2,1,6,1,3
200600024639,0006-05-23 19:00:00,6,5,23,19,0,830,131,,43.21,6.01,Plein jour,Hors agglomération,Hors intersection,Normale,Sans collision,,,,,,,,,,,1,1,1,1,7
200600024640,0006-05-23 21:00:00,6,5,23,21,0,830,54,RUE CHARLES DE GAULLE,43.17,6.04,Crépuscule ou aube,En agglomération,Hors intersection,Normale,Deux véhicules - côté,,,,,,,,,,,2,2,1,1,3
200600024641,0006-05-01 18:00:00,6,5,1,18,0,840,34,CD 973 Rte de Cavaillon,,,Plein jour,Hors agglomération,Hors intersection,Normale,Trois véhicules et plus - collisions multiples,,,,,,,,,,,1,1,1,1,5
200600024642,0006-05-03 16:15:00,6,5,3,16,15,840,34,Bonpas,,,Plein jour,Hors agglomération,Hors intersection,Normale,Deux véhicules - frontale,,,,,,,,,,,1,1,1,1,1
200600024643,0006-05-20 06:00:00,6,5,20,6,0,840,99,,,,Plein jour,Hors agglomération,Hors intersection,Normale,Autre collision,,,,,,,,,,,1,1,1,1,6
200600024644,0006-05-12 17:45:00,6,5,12,17,45,840,92,avenue théophile delorme,43.97,4.859,Plein jour,En agglomération,Hors intersection,Normale,Deux véhicules - frontale,,,,,,,,,,,1,2,1,1,1
200600024645,0006-05-21 05:10:00,6,5,21,5,10,840,3,les Jean-Jean,,,Crépuscule ou aube,Hors agglomération,Hors intersection,Normale,Sans collision,,,,,,,,,,,2,1,1,1,7
200600024646,0006-05-07 13:30:00,6,5,7,13,30,840,26,,43.743,5.35,Plein jour,Hors agglomération,Hors intersection,Normale,Deux véhicules - frontale,,,,,,,,,,,1,1,1,1,1
200600024647,0006-05-27 01:00:00,6,5,27,1,0,840,74,,,,Nuit avec éclairage allumé,Hors agglomération,Hors intersection,Normale,Deux véhicules - arrière,,,,,,,,,,,5,1,1,1,2
200600024648,0006-05-28 10:30:00,6,5,28,10,30,840,42,,43.75,5.463,Plein jour,Hors agglomération,Hors intersection,Normale,Deux véhicules - frontale,,,,,,,,,,,1,1,1,1,1
200600024649,0006-05-22 09:00:00,6,5,22,9,0,840,20,,,,Plein jour,Hors agglomération,Hors intersection,Normale,Deux véhicules - frontale,,,,,,,,,,,1,1,1,1,1
200600024650,0006-05-24 17:30:00,6,5,24,17,30,840,113,rtier Le Castellas CD 91,,,Plein jour,Hors agglomération,Intersection en T,Normale,Deux véhicules - côté,,,,,,,,,,,1,1,3,1,3
200600024651,0006-05-21 20:00:00,6,5,21,20,0,840,72,Place du 08 mai,,,Plein jour,En agglomération,Place,Normale,Autre collision,,,,,,,,,,,1,2,7,1,6
200600024652,0006-05-30 16:30:00,6,5,30,16,30,840,30,Place Rieu,,,Plein jour,En agglomération,Hors intersection,Normale,Autre collision,,,,,,,,,,,1,2,1,1,6
200600024653,0006-05-08 17:00:00,6,5,8,17,0,840,16,,,,Plein jour,Hors agglomération,Hors intersection,Pluie forte,Sans collision,,,,,,,,,,,1,1,1,3,7
200600024654,0006-05-01 15:45:00,6,5,1,15,45,840,123,,,,Plein jour,Hors agglomération,Hors intersection,Normale,Sans collision,,,,,,,,,,,1,1,1,1,7
200600024655,0006-05-26 12:15:00,6,5,26,12,15,840,29,,44.17,4.855,Plein jour,Hors agglomération,Hors intersection,Normale,Deux véhicules - côté,,,,,,,,,,,1,1,1,1,3
200600024656,0006-05-27 00:30:00,6,5,27,0,30,840,29,Chemin du Blanchissage,,,Nuit sans éclairage public,En agglomération,Hors intersection,Normale,Autre collision,,,,,,,,,,,3,2,1,1,6
200600024657,0006-05-15 11:45:00,6,5,15,11,45,840,64,HENE - route de St Paul,,,Plein jour,En agglomération,Giratoire,Normale,Deux véhicules - frontale,,,,,,,,,,,1,2,6,1,1
200600024658,0006-05-24 21:30:00,6,5,24,21,30,840,19,RUE LAURENT BUNUEL,,,Nuit avec éclairage allumé,En agglomération,Hors intersection,Normale,Autre collision,,,,,,,,,,,5,2,1,1,6
200600024659,0006-05-01 15:30:00,6,5,1,15,30,840,29,LE MAS DES OLIVIERS,,,Plein jour,Hors agglomération,Hors intersection,Normale,Autre collision,,,,,,,,,,,1,1,1,1,6
200600024660,0006-05-22 15:00:00,6,5,22,15,0,840,22,51 Quartier la Teyssière,,,Plein jour,Hors agglomération,Hors intersection,Normale,Deux véhicules - frontale,,,,,,,,,,,1,1,1,1,1
200600024661,0006-05-11 08:15:00,6,5,11,8,15,340,22,Avenue  du Colombier,,,Plein jour,En agglomération,Hors intersection,Normale,Deux véhicules - côté,,,,,,,,,,,1,2,1,1,3
200600024662,0006-05-18 18:50:00,6,5,18,18,50,340,58,RN 110 PK 4.200,,,Plein jour,Hors agglomération,Hors intersection,Normale,Sans collision,,,,,,,,,,,1,1,1,1,7
200600024663,0006-05-28 16:15:00,6,5,28,16,15,340,307,rue Louis Bouis,,,Plein jour,En agglomération,Giratoire,Normale,Deux véhicules - côté,,,,,,,,,,,1,2,6,1,3
200600024664,0006-05-28 04:00:00,6,5,28,4,0,340,227,,,,Nuit sans éclairage public,Hors agglomération,Hors intersection,Normale,Deux véhicules - frontale,,,,,,,,,,,3,1,1,1,1
200600024665,0006-05-08 18:00:00,6,5,8,18,0,340,111,RD 999,,,Plein jour,Hors agglomération,Hors intersection,Temps couvert,Deux véhicules - côté,,,,,,,,,,,1,1,1,8,3
200600024666,0006-05-29 05:00:00,6,5,29,5,0,340,344,Allée des palmobes,,,Crépuscule ou aube,En agglomération,Hors intersection,Normale,Sans collision,,,,,,,,,,,2,2,1,1,7
200600024667,0006-05-29 08:00:00,6,5,29,8,0,340,344,allée des bergeronnettes,,,Plein jour,En agglomération,Hors intersection,Normale,Autre collision,,,,,,,,,,,1,2,1,1,6
200600024668,0006-05-01 07:55:00,6,5,1,7,55,340,145,"ttre de tassigny, RN 113",,,Plein jour,En agglomération,Hors intersection,Normale,Autre collision,,,,,,,,,,,1,2,1,1,6
200600024669,0006-05-02 17:00:00,6,5,2,17,0,340,151,te de la Petite Camargue,,,Plein jour,Hors agglomération,Hors intersection,Normale,Deux véhicules - côté,,,,,,,,,,,1,1,1,1,3