accident_id,datetime,annee,mois,jour,heure,minute,departement,commune_insee,adresse,latitude,longitude,luminosite,agglomeration,intersection,meteo,collision,nb_vehicules,nb_usagers,nb_indemnes,nb_tues,nb_blesses_hosp,nb_blesses_legers,age_cond_1,age_cond_2,veh_type_cond_1,veh_type_cond_2,lum_code,agg_code,int_code,atm_code,col_code
200600024808,0006-05-15 07:45:00,6,5,15,7,45,950,12,,,,Plein jour,Hors agglomération,Hors intersection,Normale,Sans collision,,,,,,,,,,,1,1,1,1,7
200600024809,0006-05-14 15:30:00,6,5,14,15,30,950,177,,49.123,2.013,Plein jour,Hors agglomération,Hors intersection,Normale,Autre collision,,,,,,,,,,,1,1,1,1,6
200600024810,0006-05-15 07:00:00,6,5,15,7,0,950,370,,,,Plein jour,Hors agglomération,Hors intersection,Normale,Trois véhicules et plus - collisions multiples,,,,,,,,,,,1,1,1,1,5
200600024811,0006-05-31 12:30:00,6,5,31,12,30,950,287,,,,Plein jour,Hors agglomération,Hors intersection,Pluie forte,Autre collision,,,,,,,,,,,1,1,1,3,6
200600024812,0006-05-09 08:45:00,6,5,9,8,45,950,40,,49.112,1.878,Plein jour,Hors agglomération,Hors intersection,Pluie légère,Deux véhicules - côté,,,,,,,,,,,1,1,1,2,3
200600024813,0006-05-10 07:15:00,6,5,10,7,15,950,205,RD 316,,,Plein jour,Hors agglomération,Hors intersection,Normale,Deux véhicules - frontale,,,,,,,,,,,1,1,1,1,1
200600024814,0006-05-29 06:45:00,6,5,29,6,45,950,94,CD10,,,Crépuscule ou aube,Hors agglomération,Hors intersection,Pluie légère,Deux véhicules - côté,,,,,,,,,,,2,1,1,2,3
200600024815,0006-05-04 16:45:00,6,5,4,16,45,770,175,,48.675,2.624,Plein jour,Hors agglomération,Hors intersection,Normale,Trois véhicules et plus - collisions multiples,,,,,,,,,,,1,1,1,1,5
200600024816,0006-05-13 01:40:00,6,5,13,1,40,770,127,CD96 pk1+400,48.684,2.717,Nuit sans éclairage public,Hors agglomération,Hors intersection,Normale,Autre collision,,,,,,,,,,,3,1,1,1,6
200600024817,0006-05-02 19:15:00,6,5,2,19,15,770,453,,48.551,2.772,Plein jour,Hors agglomération,Hors intersection,Normale,Deux véhicules - côté,,,,,,,,,,,1,1,1,1,3
200600024818,0006-05-13 15:45:00,6,5,13,15,45,770,266,,48.466,2.851,Plein jour,Hors agglomération,Hors intersection,Normale,Deux véhicules - côté,,,,,,,,,,,1,1,1,1,3
200600024819,0006-05-17 13:00:00,6,5,17,13,0,770,222,,48.644,2.792,Plein jour,Hors agglomération,Hors intersection,Normale,Deux véhicules - frontale,,,,,,,,,,,1,1,1,1,1
200600024820,0006-05-20 17:30:00,6,5,20,17,30,770,222,Rue de Paris,48.641,2.796,Plein jour,En agglomération,Hors intersection,Normale,Deux véhicules - côté,,,,,,,,,,,1,2,1,1,3
200600024821,0006-05-19 07:00:00,6,5,19,7,0,770,44,RUE DE LA FONTAINE,48.572,2.856,Plein jour,En agglomération,Hors intersection,Normale,Deux véhicules - frontale,,,,,,,,,,,1,2,1,1,1
200600024822,0006-05-31 17:10:00,6,5,31,17,10,770,177,PK 20.085 / CD 10,48.78,2.77,Plein jour,Hors agglomération,Hors intersection,Normale,Deux véhicules - frontale,,,,,,,,,,,1,1,1,1,1
200600024823,0006-05-16 17:15:00,6,5,16,17,15,770,49,antine PK5+700 croissant,,,Plein jour,Hors agglomération,Hors intersection,Normale,Trois véhicules et plus - en chaîne,,,,,,,,,,,1,1,1,1,4
200600024824,0006-05-03 12:30:00,6,5,3,12,30,770,436,,48.825,3.219,Plein jour,Hors agglomération,Hors intersection,Normale,Deux véhicules - frontale,,,,,,,,,,,1,1,1,1,1
200600024825,0006-05-12 17:30:00,6,5,12,17,30,770,182,,48.797,3.322,Plein jour,Hors agglomération,Hors intersection,Normale,Sans collision,,,,,,,,,,,1,1,1,1,7
200600024826,0006-05-14 05:30:00,6,5,14,5,30,770,432,,48.792,3.242,Crépuscule ou aube,Hors agglomération,Hors intersection,Brouillard / fumée,Autre collision,,,,,,,,,,,2,1,1,5,6
200600024827,0006-05-30 20:40:00,6,5,30,20,40,770,116,,48.763,3.226,Crépuscule ou aube,Hors agglomération,Hors intersection,Normale,Sans collision,,,,,,,,,,,2,1,1,1,7
200600024828,0006-05-30 10:15:00,6,5,30,10,15,770,401,,49.013,3.163,Plein jour,Hors agglomération,Intersection en X,Normale,Trois véhicules et plus - collisions multiples,,,,,,,,,,,1,1,2,1,5
200600024829,0006-05-23 17:00:00,6,5,23,17,0,770,393,,48.721,2.849,Plein jour,Hors agglomération,Hors intersection,Vent fort / tempête,Trois véhicules et plus - collisions multiples,,,,,,,,,,,1,1,1,6,5
200600024830,0006-05-20 07:30:00,6,5,20,7,30,770,339,CD16,,,Plein jour,Hors agglomération,Hors intersection,Pluie légère,Autre collision,,,,,,,,,,,1,1,1,2,6
200600024831,0006-05-13 11:30:00,6,5,13,11,30,770,9,,48.198,2.55,Plein jour,Hors agglomération,Hors intersection,Normale,Deux véhicules - côté,,,,,,,,,,,1,1,1,1,3
200600024832,0006-05-08 19:45:00,6,5,8,19,45,770,461,,48.488,3.18,Plein jour,Hors agglomération,Intersection en X,Normale,Deux véhicules - côté,,,,,,,,,,,1,1,2,1,3
200600024833,0006-05-14 13:45:00,6,5,14,13,45,770,311,CD 403,,,Plein jour,Hors agglomération,Hors intersection,Normale,Sans collision,,,,,,,,,,,1,1,1,1,7
200600024834,0006-05-20 07:30:00,6,5,20,7,30,770,98,,48.59,3.108,Plein jour,En agglomération,Hors intersection,Pluie légère,Deux véhicules - côté,,,,,,,,,,,1,2,1,2,3
200600024835,0006-05-21 18:00:00,6,5,21,18,0,770,327,,,,Plein jour,Hors agglomération,Hors intersection,Normale,Deux véhicules - côté,,,,,,,,,,,1,1,1,1,3
200600024836,0006-05-08 16:45:00,6,5,8,16,45,450,62,,,,Plein jour,Hors agglomération,Hors intersection,Temps couvert,Deux véhicules - frontale,,,,,,,,,,,1,1,1,8,1
200600024837,0006-05-01 14:30:00,6,5,1,14,30,450,89,,47.913,2.034,Plein jour,Hors agglomération,Hors intersection,Normale,Sans collision,,,,,,,,,,,1,1,1,1,7
200600024838,0006-05-03 18:15:00,6,5,3,18,15,450,130,,47.801,1.727,Plein jour,Hors agglomération,Hors intersection,Normale,Deux véhicules - frontale,,,,,,,,,,,1,1,1,1,1
200600024839,0006-05-09 21:45:00,6,5,9,21,45,450,196,rue St Fiacre,47.849,1.795,Nuit avec éclairage allumé,En agglomération,Hors intersection,Normale,Deux véhicules - arrière,,,,,,,,,,,5,2,1,1,2
200600024840,0006-05-29 08:45:00,6,5,29,8,45,450,98,62 rue plaine d'Azenne,,,Plein jour,En agglomération,Intersection en X,Pluie forte,Deux véhicules - côté,,,,,,,,,,,1,2,2,3,3
200600024841,0006-05-04 17:10:00,6,5,4,17,10,450,324,"route de Sully, CD951",,,Plein jour,Hors agglomération,Hors intersection,Normale,Autre collision,,,,,,,,,,,1,1,1,1,6
200600024842,0006-05-05 17:45:00,6,5,5,17,45,450,123,Route d' Orléans,,,Plein jour,En agglomération,Hors intersection,Normale,Deux véhicules - frontale,,,,,,,,,,,1,2,1,1,1
200600024843,0006-05-12 12:30:00,6,5,12,12,30,450,311,,47.85,2.226,Plein jour,Hors agglomération,Hors intersection,Normale,Autre collision,,,,,,,,,,,1,1,1,1,6
200600024844,0006-05-14 15:45:00,6,5,14,15,45,450,193,,,,Plein jour,Hors agglomération,Hors intersection,Normale,Autre collision,,,,,,,,,,,1,1,1,1,6
200600024845,0006-05-23 02:30:00,6,5,23,2,30,450,6,,,,Nuit sans éclairage public,Hors agglomération,Hors intersection,Normale,Autre collision,,,,,,,,,,,3,1,1,1,6
200600024846,0006-05-18 13:30:00,6,5,18,13,30,450,224,,48.07,2.023,Plein jour,Hors agglomération,Hors intersection,Normale,Autre collision,,,,,,,,,,,1,1,1,1,6
200600024847,0006-05-02 17:00:00,6,5,2,17,0,450,280,"29, route de Coullons",,,Plein jour,En agglomération,Hors intersection,Normale,Autre collision,,,,,,,,,,,1,2,1,1,6
200600024848,0006-05-26 20:00:00,6,5,26,20,0,450,155,RUE GEORGES CLEMENCEAU,,,Plein jour,En agglomération,Hors intersection,Normale,Autre collision,,,,,,,,,,,1,2,1,1,6
200600024849,0006-05-28 00:45:00,6,5,28,0,45,450,36,,,,Nuit sans éclairage public,Hors agglomération,Hors intersection,Normale,Sans collision,,,,,,,,,,,3,1,1,1,7
200600024850,0006-05-01 20:30:00,6,5,1,20,30,450,64,,,,Nuit sans éclairage public,Hors agglomération,Hors intersection,Normale,Deux véhicules - côté,,,,,,,,,,,3,1,1,1,3
200600024851,0006-05-12 13:30:00,6,5,12,13,30,450,187,,,,Plein jour,Hors agglomération,Hors intersection,Normale,Deux véhicules - côté,,,,,,,,,,,1,1,1,1,3
200600024852,0006-05-15 14:30:00,6,5,15,14,30,450,249,,48.059,2.792,Plein jour,Hors agglomération,Hors intersection,Normale,Deux véhicules - frontale,,,,,,,,,,,1,1,1,1,1
200600024853,0006-05-22 15:45:00,6,5,22,15,45,450,76,RN60,,,Plein jour,Hors agglomération,Autre intersection,Normale,Deux véhicules - côté,,,,,,,,,,,1,1,9,1,3
200600024854,0006-05-31 19:00:00,6,5,31,19,0,450,115,L'Hôpiteau,,,Plein jour,Hors agglomération,Hors intersection,Temps couvert,Sans collision,,,,,,,,,,,1,1,1,8,7
200600024855,0006-05-31 13:45:00,6,5,31,13,45,450,306,rue du cormier,48.019,2.895,Plein jour,En agglomération,Hors intersection,Pluie légère,Deux véhicules - frontale,,,,,,,,,,,1,2,1,2,1
200600024856,0006-05-23 14:15:00,6,5,23,14,15,450,187,Faubourg de Bellegarde,,,Plein jour,En agglomération,Hors intersection,Normale,Trois véhicules et plus - collisions multiples,,,,,,,,,,,1,2,1,1,5
200600024857,0006-05-29 17:15:00,6,5,29,17,15,450,292,CD 56,,,Plein jour,Hors agglomération,Hors intersection,Temps couvert,Autre collision,,,,,,,,,,,1,1,1,8,6
200600024858,0006-05-08 16:45:00,6,5,8,16,45,450,94,,48.13,2.89,Plein jour,Hors agglomération,Hors intersection,Normale,Deux véhicules - côté,,,,,,,,,,,1,1,1,1,3
200600024859,0006-05-09 15:15:00,6,5,9,15,15,450,127,,48.123,2.77,Plein jour,Hors agglomération,Hors intersection,Normale,Sans collision,,,,,,,,,,,1,1,1,1,7
200600024860,0006-05-25 14:15:00,6,5,25,14,15,450,103,,48.074,2.548,Plein jour,Hors agglomération,Hors intersection,Pluie légère,Deux véhicules - frontale,,,,,,,,,,,1,1,1,2,1
200600024861,0006-05-14 18:30:00,6,5,14,18,30,450,310,D24,,,Plein jour,En agglomération,Autre intersection,Normale,Deux véhicules - côté,,,,,,,,,,,1,2,9,1,3
200600024862,0006-05-20 04:00:00,6,5,20,4,0,450,119,,48.158,2.258,Nuit sans éclairage public,Hors agglomération,Hors intersection,Pluie légère,Autre collision,,,,,,,,,,,3,1,1,2,6
200600024863,0006-05-27 19:00:00,6,5,27,19,0,450,252,92 faubourg du Gatinais,,,Plein jour,En agglomération,Hors intersection,Normale,Deux véhicules - arrière,,,,,,,,,,,1,2,1,1,2
200600024864,0006-05-30 17:45:00,6,5,30,17,45,180,49,,47.193,2.998,Plein jour,Hors agglomération,Autre intersection,Normale,Deux véhicules - frontale,,,,,,,,,,,1,1,9,1,1
200600024865,0006-05-22 08:50:00,6,5,22,8,50,180,116,centre bourg,,,Plein jour,En agglomération,Giratoire,Normale,Deux véhicules - côté,,,,,,,,,,,1,2,6,1,3
200600024866,0006-05-27 18:00:00,6,5,27,18,0,180,208,,,,Plein jour,Hors agglomération,Hors intersection,Normale,Sans collision,,,,,,,,,,,1,1,1,1,7
200600024867,0006-05-01 04:00:00,6,5,1,4,0,180,127,"Lieudit "" Les Cossons""",,,Nuit sans éclairage public,Hors agglomération,Hors intersection,Normale,Sans collision,,,,,,,,,,,3,1,1,1,7
200600024868,0006-05-07 14:15:00,6,5,7,14,15,180,108,,,,Plein jour,Hors agglomération,Hors intersection,Normale,Trois véhicules et plus - en chaîne,,,,,,,,,,,1,1,1,1,4
200600024869,0006-05-06 10:15:00,6,5,6,10,15,180,15,"Rue du pont beaumont , l",,,Plein jour,En agglomération,Autre intersection,Normale,Autre collision,,,,,,,,,,,1,2,9,1,6
200600024870,0006-05-08 19:45:00,6,5,8,19,45,180,47,,,,Plein jour,Hors agglomération,Hors intersection,Normale,Sans collision,,,,,,,,,,,1,1,1,1,7
200600024871,0006-05-13 18:00:00,6,5,13,18,0,180,11,,47.582,2.438,Plein jour,Hors agglomération,Hors intersection,Temps couvert,Sans collision,,,,,,,,,,,1,1,1,8,7
200600024872,0006-05-29 12:35:00,6,5,29,12,35,180,170,Les Naudins,,,Plein jour,Hors agglomération,Hors intersection,Temps couvert,Deux véhicules - frontale,,,,,,,,,,,1,1,1,8,1
200600024873,0006-05-30 17:15:00,6,5,30,17,15,180,11,,47.538,2.447,Plein jour,Hors agglomération,Hors intersection,Normale,Autre collision,,,,,,,,,,,1,1,1,1,6
200600024874,0006-05-23 01:00:00,6,5,23,1,0,180,159,,47.388,2.135,Nuit sans éclairage public,Hors agglomération,Hors intersection,Normale,Autre collision,,,,,,,,,,,3,1,1,1,6
200600024875,0006-05-24 23:30:00,6,5,24,23,30,180,141,,,,Nuit sans éclairage public,Hors agglomération,Hors intersection,Normale,Deux véhicules - frontale,,,,,,,,,,,3,1,1,1,1
200600024876,0006-05-27 16:30:00,6,5,27,16,30,180,281,PK 82+050,,,Plein jour,Hors agglomération,Hors intersection,Normale,Deux véhicules - côté,,,,,,,,,,,1,1,1,1,3
200600024877,0006-05-05 09:00:00,6,5,5,9,0,280,403,,48.368,1.464,Plein jour,Hors agglomération,Intersection en X,Normale,Deux véhicules - côté,,,,,,,,,,,1,1,2,1,3
200600024878,0006-05-16 08:10:00,6,5,16,8,10,280,73,COLTAINVILLE - GALLARDON,,,Plein jour,Hors agglomération,Hors intersection,Normale,Autre collision,,,,,,,,,,,1,1,1,1,6
200600024879,0006-05-01 08:30:00,6,5,1,8,30,280,25,PK 5+300,48.254,1.963,Plein jour,Hors agglomération,Hors intersection,Normale,Autre collision,,,,,,,,,,,1,1,1,1,6
200600024880,0006-05-29 12:15:00,6,5,29,12,15,280,391,PK 10+840 - RN20,,,Plein jour,Hors agglomération,Hors intersection,Normale,Deux véhicules - frontale,,,,,,,,,,,1,1,1,1,1
200600024881,0006-05-31 09:15:00,6,5,31,9,15,280,426,RN154 - PK23+510,48.278,1.743,Plein jour,Hors agglomération,Hors intersection,Normale,Deux véhicules - frontale,,,,,,,,,,,1,1,1,1,1
200600024882,0006-05-26 16:00:00,6,5,26,16,0,280,259,,,,Plein jour,Hors agglomération,Hors intersection,Normale,Deux véhicules - frontale,,,,,,,,,,,1,1,1,1,1
200600024883,0006-05-13 08:30:00,6,5,13,8,30,280,398,,48.171,1.104,Plein jour,Hors agglomération,Intersection en X,Normale,Deux véhicules - côté,,,,,,,,,,,1,1,2,1,3
200600024884,0006-05-17 21:15:00,6,5,17,21,15,280,127,,48.201,1.284,Crépuscule ou aube,Hors agglomération,Hors intersection,Normale,Sans collision,,,,,,,,,,,2,1,1,1,7
200600024885,0006-05-23 12:45:00,6,5,23,12,45,280,405,,48.747,1.319,Plein jour,Hors agglomération,Hors intersection,Normale,Deux véhicules - côté,,,,,,,,,,,1,1,1,1,3
200600024886,0006-05-20 12:30:00,6,5,20,12,30,280,371,Route d'Ezy,48.865,1.423,Plein jour,En agglomération,Hors intersection,Pluie légère,Deux véhicules - arrière,,,,,,,,,,,1,2,1,2,2
200600024887,0006-05-06 11:00:00,6,5,6,11,0,280,202,,,,Plein jour,Hors agglomération,Intersection en X,Pluie forte,Deux véhicules - côté,,,,,,,,,,,1,1,2,3,3
200600024888,0006-05-01 12:00:00,6,5,1,12,0,280,226,,,,Plein jour,Hors agglomération,Hors intersection,Pluie légère,Sans collision,,,,,,,,,,,1,1,1,2,7
200600024889,0006-05-08 16:00:00,6,5,8,16,0,280,54,Route nationale 154,,,Plein jour,Hors agglomération,Hors intersection,Normale,Trois véhicules et plus - collisions multiples,,,,,,,,,,,1,1,1,1,5
200600024890,0006-05-19 21:00:00,6,5,19,21,0,360,231,,,,Crépuscule ou aube,Hors agglomération,Hors intersection,Normale,Sans collision,,,,,,,,,,,2,1,1,1,7
200600024891,0006-05-26 23:45:00,6,5,26,23,45,360,23,,,,Nuit sans éclairage public,En agglomération,Hors intersection,Normale,Deux véhicules - arrière,,,,,,,,,,,3,2,1,1,2
200600024892,0006-05-02 14:10:00,6,5,2,14,10,360,168,"PK 16   ""La Gravette""",,,Plein jour,Hors agglomération,Hors intersection,Temps éblouissant,Autre collision,,,,,,,,,,,1,1,1,7,6
200600024893,0006-05-13 15:30:00,6,5,13,15,30,360,6,95 rue jean jacques rous,,,Plein jour,En agglomération,Hors intersection,Normale,Deux véhicules - frontale,,,,,,,,,,,1,2,1,1,1
200600024894,0006-05-25 18:00:00,6,5,25,18,0,360,148,,46.612,1.288,Plein jour,Hors agglomération,Hors intersection,Temps couvert,Autre collision,,,,,,,,,,,1,1,1,8,6
200600024895,0006-05-02 18:10:00,6,5,2,18,10,360,31,Rue des ponts,46.892,1.421,Plein jour,En agglomération,Hors intersection,Normale,Deux véhicules - côté,,,,,,,,,,,1,2,1,1,3
200600024896,0006-05-17 19:30:00,6,5,17,19,30,360,34,,47.248,1.636,Plein jour,Hors agglomération,Hors intersection,Normale,Deux véhicules - arrière,,,,,,,,,,,1,1,1,1,2
200600024897,0006-05-25 12:00:00,6,5,25,12,0,360,77,,,,Plein jour,Hors agglomération,Intersection en X,Normale,Deux véhicules - côté,,,,,,,,,,,1,1,2,1,3
200600024898,0006-05-26 10:15:00,6,5,26,10,15,360,214,6 et chemin communal 103,46.436,2.016,Plein jour,Hors agglomération,Hors intersection,Pluie légère,Sans collision,,,,,,,,,,,1,1,1,2,7
200600024899,0006-05-27 12:45:00,6,5,27,12,45,360,70,,46.446,1.597,Plein jour,Hors agglomération,Hors intersection,Normale,Sans collision,,,,,,,,,,,1,1,1,1,7
200600024900,0006-05-22 07:15:00,6,5,22,7,15,360,88,,46.971,2.043,Crépuscule ou aube,Hors agglomération,Hors intersection,Normale,Autre collision,,,,,,,,,,,2,1,1,1,6
200600024901,0006-05-17 07:55:00,6,5,17,7,55,370,163,RN 152,,,Plein jour,En agglomération,Intersection en T,Temps éblouissant,Deux véhicules - côté,,,,,,,,,,,1,2,3,7,3
200600024902,0006-05-06 16:30:00,6,5,6,16,30,370,37,,47.574,0.389,Plein jour,Hors agglomération,Hors intersection,Normale,Autre collision,,,,,,,,,,,1,1,1,1,6
200600024903,0006-05-13 00:15:00,6,5,13,0,15,370,59,,,,Nuit sans éclairage public,Hors agglomération,Hors intersection,Normale,Deux véhicules - frontale,,,,,,,,,,,3,1,1,1,1
200600024904,0006-05-25 05:00:00,6,5,25,5,0,370,231,CD 54 PR 35+700,,,Crépuscule ou aube,Hors agglomération,Hors intersection,Normale,Sans collision,,,,,,,,,,,2,1,1,1,7
200600024905,0006-05-14 07:45:00,6,5,14,7,45,370,95,,47.56,1.049,Plein jour,Hors agglomération,Hors intersection,Normale,Autre collision,,,,,,,,,,,1,1,1,1,6
200600024906,0006-05-31 18:30:00,6,5,31,18,30,370,153,,47.497,0.778,Plein jour,Hors agglomération,Hors intersection,Normale,Deux véhicules - frontale,,,,,,,,,,,1,1,1,1,1
200600024907,0006-05-07 01:30:00,6,5,7,1,30,370,126,8 ROUTE DE CHINON,47.14,0.13,Nuit sans éclairage public,En agglomération,Hors intersection,Normale,Autre collision,,,,,,,,,,,3,2,1,1,6
200600024908,0006-05-28 12:00:00,6,5,28,12,0,370,76,rue de la devinière,,,Plein jour,En agglomération,Intersection en X,Normale,Deux véhicules - côté,,,,,,,,,,,1,2,2,1,3
200600024909,0006-05-13 17:30:00,6,5,13,17,30,370,232,,,,Nuit sans éclairage public,Hors agglomération,Hors intersection,Normale,Autre collision,,,,,,,,,,,3,1,1,1,6
200600024910,0006-05-09 18:15:00,6,5,9,18,15,370,226,Bellevue,,,Plein jour,Hors agglomération,Hors intersection,Normale,Deux véhicules - côté,,,,,,,,,,,1,1,1,1,3
200600024911,0006-05-12 11:15:00,6,5,12,11,15,370,119,XXXXXXXXX,47.123,0.422,Plein jour,En agglomération,Hors intersection,Normale,Autre collision,,,,,,,,,,,1,2,1,1,6
200600024912,0006-05-14 22:00:00,6,5,14,22,0,370,180,,47.111,0.478,Nuit avec éclairage allumé,Hors agglomération,Autre intersection,Normale,Sans collision,,,,,,,,,,,5,1,9,1,7
200600024913,0006-05-19 19:15:00,6,5,19,19,15,370,212,,,,Plein jour,Hors agglomération,Intersection en X,Normale,Deux véhicules - côté,,,,,,,,,,,1,1,2,1,3
200600024914,0006-05-29 08:15:00,6,5,29,8,15,370,87,,47.038,0.373,Plein jour,Hors agglomération,Hors intersection,Pluie légère,Deux véhicules - frontale,,,,,,,,,,,1,1,1,2,1
200600024915,0006-05-12 12:00:00,6,5,12,12,0,370,183,rue des Platanes,47.104,1.014,Plein jour,En agglomération,Hors intersection,Normale,Autre collision,,,,,,,,,,,1,2,1,1,6
200600024916,0006-05-23 08:00:00,6,5,23,8,0,370,132,RUE DE LA CHAUVELLERIE,47.138,0.982,Plein jour,En agglomération,Hors intersection,Normale,Deux véhicules - frontale,,,,,,,,,,,1,2,1,1,1
200600024917,0006-05-01 16:40:00,6,5,1,16,40,370,254,"lieu dit ""la place""",,,Plein jour,Hors agglomération,Hors intersection,Normale,Autre collision,,,,,,,,,,,1,1,1,1,6
200600024918,0006-05-03 09:00:00,6,5,3,9,0,370,6,,47.278,0.599,Plein jour,En agglomération,Hors intersection,Normale,Autre collision,,,,,,,,,,,1,2,1,1,6
200600024919,0006-05-19 17:30:00,6,5,19,17,30,370,104,,,,Plein jour,Hors agglomération,Hors intersection,Normale,Deux véhicules - côté,,,,,,,,,,,1,1,1,1,3
200600024920,0006-05-25 19:15:00,6,5,25,19,15,370,250,Lieu Dit La pointe,,,Plein jour,Hors agglomération,Hors intersection,Normale,Deux véhicules - frontale,,,,,,,,,,,1,1,1,1,1
200600024921,0006-05-27 15:00:00,6,5,27,15,0,370,83,RUE NATIONALE,47.268,0.837,Plein jour,En agglomération,Intersection en X,Normale,Deux véhicules - côté,,,,,,,,,,,1,2,2,1,3
200600024922,0006-05-03 06:15:00,6,5,3,6,15,410,29,D173 PK6+700,,,Crépuscule ou aube,Hors agglomération,Hors intersection,Brouillard / fumée,Autre collision,,,,,,,,,,,2,1,1,5,6
200600024923,0006-05-04 08:00:00,6,5,4,8,0,410,206,,,,Plein jour,Hors agglomération,Hors intersection,Normale,Deux véhicules - frontale,,,,,,,,,,,1,1,1,1,1
200600024924,0006-05-02 10:30:00,6,5,2,10,30,410,167,,,,Plein jour,Hors agglomération,Hors intersection,Normale,Sans collision,,,,,,,,,,,1,1,1,1,7
200600024925,0006-05-11 18:30:00,6,5,11,18,30,410,33,,,,Plein jour,Hors agglomération,Hors intersection,Normale,Sans collision,,,,,,,,,,,1,1,1,1,7
200600024926,0006-05-13 17:00:00,6,5,13,17,0,410,55,,,,Plein jour,Hors agglomération,Hors intersection,Normale,Deux véhicules - frontale,,,,,,,,,,,1,1,1,1,1
200600024927,0006-05-16 20:15:00,6,5,16,20,15,410,137,,,,Plein jour,Hors agglomération,Hors intersection,Normale,Sans collision,,,,,,,,,,,1,1,1,1,7
200600024928,0006-05-31 16:45:00,6,5,31,16,45,410,223,,,,Plein jour,Hors agglomération,Hors intersection,Normale,Sans collision,,,,,,,,,,,1,1,1,1,7
200600024929,0006-05-20 14:00:00,6,5,20,14,0,410,206,,,,Plein jour,Hors agglomération,Hors intersection,Normale,Autre collision,,,,,,,,,,,1,1,1,1,6
200600024930,0006-05-04 16:45:00,6,5,4,16,45,410,164,rue Paul Boncour,,,Plein jour,En agglomération,Hors intersection,Normale,Deux véhicules - frontale,,,,,,,,,,,1,2,1,1,1
200600024931,0006-05-06 21:15:00,6,5,6,21,15,410,258,,47.344,1.346,Plein jour,Hors agglomération,Hors intersection,Normale,Autre collision,,,,,,,,,,,1,1,1,1,6
200600024932,0006-05-09 07:45:00,6,5,9,7,45,410,180,,47.39,1.26,Plein jour,En agglomération,Hors intersection,Normale,Autre collision,,,,,,,,,,,1,2,1,1,6
200600024933,0006-05-27 12:00:00,6,5,27,12,0,410,180,,,,Plein jour,En agglomération,Intersection en X,Normale,Deux véhicules - côté,,,,,,,,,,,1,2,2,1,3
200600024934,0006-05-31 12:30:00,6,5,31,12,30,410,211,,,,Plein jour,Hors agglomération,Intersection en X,Normale,Deux véhicules - frontale,,,,,,,,,,,1,1,2,1,1
200600024935,0006-05-15 19:30:00,6,5,15,19,30,410,127,route d'Yvoy,,,Plein jour,En agglomération,Hors intersection,Normale,Deux véhicules - frontale,,,,,,,,,,,1,2,1,1,1
200600024936,0006-05-08 15:00:00,6,5,8,15,0,410,4,,,,Plein jour,Hors agglomération,Hors intersection,Pluie légère,Sans collision,,,,,,,,,,,1,1,1,2,7
200600024937,0006-05-26 13:00:00,6,5,26,13,0,410,287,,47.75,1.039,Plein jour,Hors agglomération,Hors intersection,Normale,Trois véhicules et plus - collisions multiples,,,,,,,,,,,1,1,1,1,5
200600024938,0006-05-15 19:30:00,6,5,15,19,30,410,24,,,,Plein jour,Hors agglomération,Hors intersection,Normale,Autre collision,,,,,,,,,,,1,1,1,1,6
200600024939,0006-05-21 18:30:00,6,5,21,18,30,410,154,lieu dit la Chevernaie,,,Plein jour,Hors agglomération,Hors intersection,Normale,Deux véhicules - côté,,,,,,,,,,,1,1,1,1,3
200600024940,0006-05-26 23:00:00,6,5,26,23,0,410,197,les beauvais,,,Nuit sans éclairage public,Hors agglomération,Hors intersection,Normale,Deux véhicules - frontale,,,,,,,,,,,3,1,1,1,1
200600024941,0006-05-27 17:45:00,6,5,27,17,45,410,270,,47.95,1.42,Plein jour,Hors agglomération,Hors intersection,Normale,Deux véhicules - frontale,,,,,,,,,,,1,1,1,1,1
200600024942,0006-05-31 18:10:00,6,5,31,18,10,410,173,CD 25 lieu dit Mézière,,,Plein jour,Hors agglomération,Hors intersection,Normale,Deux véhicules - côté,,,,,,,,,,,1,1,1,1,3
200600024943,0006-05-14 17:30:00,6,5,14,17,30,330,214,PK 44,,,Plein jour,En agglomération,Hors intersection,Normale,Deux véhicules - frontale,,,,,,,,,,,1,2,1,1,1
200600024944,0006-05-31 09:15:00,6,5,31,9,15,330,203,,45.131,-1.042,Plein jour,Hors agglomération,Autre intersection,Normale,Deux véhicules - côté,,,,,,,,,,,1,1,9,1,3
200600024945,0006-05-13 21:00:00,6,5,13,21,0,290,234,,,,Plein jour,Hors agglomération,Hors intersection,Normale,Deux véhicules - frontale,,,,,,,,,,,1,1,1,1,1
200600024946,0006-05-19 17:30:00,6,5,19,17,30,290,233,Route de TREMEVEN,,,Plein jour,En agglomération,Hors intersection,Pluie forte,Deux véhicules - frontale,,,,,,,,,,,1,2,1,3,1
200600024947,0006-05-19 16:00:00,6,5,19,16,0,290,233,bd de la gare,,,Plein jour,En agglomération,Hors intersection,Pluie légère,Deux véhicules - frontale,,,,,,,,,,,1,2,1,2,1