accident_id,datetime,annee,mois,jour,heure,minute,departement,commune_insee,adresse,latitude,longitude,luminosite,agglomeration,intersection,meteo,collision,nb_vehicules,nb_usagers,nb_indemnes,nb_tues,nb_blesses_hosp,nb_blesses_legers,age_cond_1,age_cond_2,veh_type_cond_1,veh_type_cond_2,lum_code,agg_code,int_code,atm_code,col_code
200600024948,0006-05-28 05:00:00,6,5,28,5,0,290,31,,47.805,-3.568,Plein jour,Hors agglomération,Hors intersection,Normale,Sans collision,,,,,,,,,,,1,1,1,1,7
200600024949,0006-05-20 15:45:00,6,5,20,15,45,130,88,,,,Plein jour,Hors agglomération,Hors intersection,Normale,Sans collision,,,,,,,,,,,1,1,1,1,7
200600024950,0006-05-01 21:30:00,6,5,1,21,30,440,20,Rue Louise Michel,,,Nuit avec éclairage allumé,En agglomération,Hors intersection,Normale,Autre collision,,,,,,,,,,,5,2,1,1,6
200600024951,0006-05-07 19:45:00,6,5,7,19,45,870,174,,45.753,1.432,Plein jour,Hors agglomération,Hors intersection,Pluie forte,Deux véhicules - côté,,,,,,,,,,,1,1,1,3,3
200600024952,0006-05-18 10:15:00,6,5,18,10,15,870,205,,45.753,1.308,Plein jour,Hors agglomération,Hors intersection,Pluie légère,Deux véhicules - frontale,,,,,,,,,,,1,1,1,2,1
200600024953,0006-05-14 16:45:00,6,5,14,16,45,670,395,Rue de la Rivière,,,Plein jour,En agglomération,Intersection en T,Normale,Deux véhicules - côté,,,,,,,,,,,1,2,3,1,3
200600024954,0006-05-26 05:20:00,6,5,26,5,20,580,303,rue Benoit Frachon,,,Crépuscule ou aube,En agglomération,Hors intersection,Temps couvert,Deux véhicules - arrière,,,,,,,,,,,2,2,1,8,2
200600024955,0006-05-04 17:30:00,6,5,4,17,30,570,41,rue du Bambois,49.423,5.947,Plein jour,En agglomération,Hors intersection,Normale,Deux véhicules - frontale,,,,,,,,,,,1,2,1,1,1
200600024956,0006-05-17 15:00:00,6,5,17,15,0,570,603,RUE JEAN MOULIN,49.484,5.954,Plein jour,En agglomération,Hors intersection,Normale,Deux véhicules - frontale,,,,,,,,,,,1,2,1,1,1
200600024957,0006-05-13 13:45:00,6,5,13,13,45,340,270,Rue des coteaux,,,Plein jour,En agglomération,Hors intersection,Normale,Deux véhicules - côté,,,,,,,,,,,1,2,1,1,3
200600024958,0006-05-15 07:45:00,6,5,15,7,45,340,270,,,,Plein jour,Hors agglomération,Hors intersection,Normale,Deux véhicules - frontale,,,,,,,,,,,1,1,1,1,1
200600024959,0006-05-15 11:30:00,6,5,15,11,30,340,270,,,,Plein jour,Hors agglomération,Hors intersection,Normale,Deux véhicules - côté,,,,,,,,,,,1,1,1,1,3
200600024960,0006-05-20 03:00:00,6,5,20,3,0,350,51,rue de la Frébardière,48.107,-1.632,Nuit avec éclairage allumé,En agglomération,Hors intersection,Pluie légère,Autre collision,,,,,,,,,,,5,2,1,2,6
200600024961,0006-05-26 01:15:00,6,5,26,1,15,350,51,,48.119,-1.555,Nuit sans éclairage public,Hors agglomération,Hors intersection,Normale,Autre collision,,,,,,,,,,,3,1,1,1,6
200600024962,0006-05-22 13:45:00,6,5,22,13,45,780,537,,48.56,1.935,Plein jour,Hors agglomération,Hors intersection,Vent fort / tempête,Autre collision,,,,,,,,,,,1,1,1,6,6
200600024963,0006-05-28 21:30:00,6,5,28,21,30,780,349,Autoroute A10 PK 19+600,48.571,1.986,Nuit sans éclairage public,Hors agglomération,Hors intersection,Normale,Deux véhicules - côté,,,,,,,,,,,3,1,1,1,3
200600024964,0006-05-14 01:00:00,6,5,14,1,0,510,52,,,,Nuit sans éclairage public,Hors agglomération,Hors intersection,Normale,Sans collision,,,,,,,,,,,3,1,1,1,7
200600024965,0006-05-07 10:15:00,6,5,7,10,15,690,252,,,,Plein jour,Hors agglomération,Hors intersection,Pluie légère,Sans collision,,,,,,,,,,,1,1,1,2,7
200600024966,0006-05-31 15:45:00,6,5,31,15,45,690,193,route du grisard,,,Plein jour,En agglomération,Hors intersection,Pluie légère,Sans collision,,,,,,,,,,,1,2,1,2,7
200600024967,0006-05-17 12:45:00,6,5,17,12,45,370,18,route des carnaux,,,Plein jour,En agglomération,Hors intersection,Normale,Deux véhicules - frontale,,,,,,,,,,,1,2,1,1,1
200600024968,0006-05-27 15:20:00,6,5,27,15,20,370,25,eu dit les grands champs,,,Plein jour,Hors agglomération,Hors intersection,Normale,Sans collision,,,,,,,,,,,1,1,1,1,7
200600024969,0006-05-20 15:55:00,6,5,20,15,55,290,189,e de la Fontaine Blanche,48.372,-4.363,Plein jour,Hors agglomération,Hors intersection,Normale,Sans collision,,,,,,,,,,,1,1,1,1,7
200600024970,0006-05-24 16:45:00,6,5,24,16,45,290,140,,48.367,-4.31,Plein jour,Hors agglomération,Hors intersection,Normale,Deux véhicules - frontale,,,,,,,,,,,1,1,1,1,1
200600024971,0006-05-19 19:30:00,6,5,19,19,30,890,109,,,,Plein jour,Hors agglomération,Hors intersection,Normale,Autre collision,,,,,,,,,,,1,1,1,1,6
200600024972,0006-05-25 18:45:00,6,5,25,18,45,890,316,", PK204, sens PARIS/LYON",,,Plein jour,Hors agglomération,Hors intersection,Normale,Deux véhicules - côté,,,,,,,,,,,1,1,1,1,3
200600024973,0006-05-12 19:45:00,6,5,12,19,45,620,369,,,,Plein jour,Hors agglomération,Hors intersection,Normale,Autre collision,,,,,,,,,,,1,1,1,1,6
200600024974,0006-05-22 22:10:00,6,5,22,22,10,620,93,"LILLE / PARIS, PK142+750",,,Nuit sans éclairage public,Hors agglomération,Hors intersection,Normale,Autre collision,,,,,,,,,,,3,1,1,1,6
200600024975,0006-05-06 06:45:00,6,5,6,6,45,800,430,/Lille de l'autoroute A1,,,Plein jour,Hors agglomération,Hors intersection,Normale,Deux véhicules - arrière,,,,,,,,,,,1,1,1,1,2
200600024976,0006-05-10 05:15:00,6,5,10,5,15,800,33,,,,Nuit avec éclairage allumé,Hors agglomération,Autre intersection,Normale,Deux véhicules - arrière,,,,,,,,,,,5,1,9,1,2
200600024977,0006-05-14 09:15:00,6,5,14,9,15,800,759,,,,Plein jour,Hors agglomération,Hors intersection,Normale,Autre collision,,,,,,,,,,,1,1,1,1,6
200600024978,0006-05-14 17:30:00,6,5,14,17,30,800,685,,,,Plein jour,Hors agglomération,Hors intersection,Normale,Autre collision,,,,,,,,,,,1,1,1,1,6
200600024979,0006-05-17 13:55:00,6,5,17,13,55,710,543,A6 PK 359.400 PARIS LYON,,,Plein jour,Hors agglomération,Autre intersection,Normale,Deux véhicules - arrière,,,,,,,,,,,1,1,9,1,2
200600024980,0006-05-29 07:15:00,6,5,29,7,15,710,383,,,,Plein jour,Hors agglomération,Hors intersection,Pluie légère,Sans collision,,,,,,,,,,,1,1,1,2,7
200600024981,0006-05-02 19:30:00,6,5,2,19,30,890,484,,,,Plein jour,Hors agglomération,Hors intersection,Normale,Autre collision,,,,,,,,,,,1,1,1,1,6
200600024982,0006-05-03 09:30:00,6,5,3,9,30,130,67,- PK 216+300 - sens N/S,,,Plein jour,Hors agglomération,Hors intersection,Normale,Deux véhicules - arrière,,,,,,,,,,,1,1,1,1,2
200600024983,0006-05-16 14:45:00,6,5,16,14,45,130,76,,,,Plein jour,Hors agglomération,Hors intersection,Normale,Sans collision,,,,,,,,,,,1,1,1,1,7
200600024984,0006-05-24 18:15:00,6,5,24,18,15,130,1,"A8, PK 15+700, sens N/S",,,Plein jour,Hors agglomération,Hors intersection,Normale,Trois véhicules et plus - en chaîne,,,,,,,,,,,1,1,1,1,4
200600024985,0006-05-28 16:00:00,6,5,28,16,0,130,118,,,,Plein jour,Hors agglomération,Hors intersection,Normale,Deux véhicules - frontale,,,,,,,,,,,1,1,1,1,1
200600024986,0006-05-07 10:00:00,6,5,7,10,0,830,107,,43.468,6.678,Plein jour,Hors agglomération,Hors intersection,Normale,Autre collision,,,,,,,,,,,1,1,1,1,6
200600024987,0006-05-15 05:45:00,6,5,15,5,45,830,148,,43.411,6.417,Crépuscule ou aube,Hors agglomération,Hors intersection,Normale,Deux véhicules - arrière,,,,,,,,,,,2,1,1,1,2
200600024988,0006-05-15 15:15:00,6,5,15,15,15,830,57,,43.409,6.198,Plein jour,Hors agglomération,Hors intersection,Normale,Deux véhicules - arrière,,,,,,,,,,,1,1,1,1,2
200600024989,0006-05-23 18:00:00,6,5,23,18,0,830,86,,43.47,6.541,Plein jour,Hors agglomération,Hors intersection,Normale,Sans collision,,,,,,,,,,,1,1,1,1,7
200600024990,0006-05-29 09:00:00,6,5,29,9,0,830,62,,43.152,6.034,Plein jour,Hors agglomération,Hors intersection,Normale,Deux véhicules - côté,,,,,,,,,,,1,1,1,1,3
200600024991,0006-05-04 06:30:00,6,5,4,6,30,270,228,Autoroute A13,,,Plein jour,Hors agglomération,Hors intersection,Normale,Autre collision,,,,,,,,,,,1,1,1,1,6
200600024992,0006-05-12 14:20:00,6,5,12,14,20,760,682,s Paris Rouen PK 107+580,,,Plein jour,Hors agglomération,Hors intersection,Normale,Autre collision,,,,,,,,,,,1,1,1,1,6
200600024993,0006-05-03 17:45:00,6,5,3,17,45,270,456,,,,Plein jour,Hors agglomération,Hors intersection,Normale,Deux véhicules - arrière,,,,,,,,,,,1,1,1,1,2
200600024994,0006-05-03 18:00:00,6,5,3,18,0,780,531,,,,Plein jour,Hors agglomération,Hors intersection,Normale,Sans collision,,,,,,,,,,,1,1,1,1,7
200600024995,0006-05-07 03:15:00,6,5,7,3,15,600,125,,,,Nuit sans éclairage public,Hors agglomération,Hors intersection,Normale,Trois véhicules et plus - en chaîne,,,,,,,,,,,3,1,1,1,4
200600024996,0006-05-10 07:05:00,6,5,10,7,5,600,100,ens Paris/Lille pk51+200,,,Crépuscule ou aube,Hors agglomération,Hors intersection,Normale,Deux véhicules - arrière,,,,,,,,,,,2,1,1,1,2
200600024997,0006-05-15 04:50:00,6,5,15,4,50,600,369,autoroute a1 vers paris,,,Nuit sans éclairage public,Hors agglomération,Hors intersection,Normale,Deux véhicules - frontale,,,,,,,,,,,3,1,1,1,1
200600024998,0006-05-17 18:30:00,6,5,17,18,30,600,533,ute A.1 sens LILLE/PARIS,,,Plein jour,Hors agglomération,Hors intersection,Normale,Autre collision,,,,,,,,,,,1,1,1,1,6
200600024999,0006-05-26 18:00:00,6,5,26,18,0,600,24,,,,Plein jour,Hors agglomération,Hors intersection,Vent fort / tempête,Autre collision,,,,,,,,,,,1,1,1,6,6
200600025000,0006-05-29 05:30:00,6,5,29,5,30,210,651,,47.414,4.897,Crépuscule ou aube,Hors agglomération,Hors intersection,Temps couvert,Autre collision,,,,,,,,,,,2,1,1,8,6
200600025001,0006-05-23 07:30:00,6,5,23,7,30,590,10,,,,Plein jour,Hors agglomération,Hors intersection,Temps couvert,Sans collision,,,,,,,,,,,1,1,1,8,7
200600025002,0006-05-04 15:30:00,6,5,4,15,30,680,278,43 rue île napoléon,47.75,7.4,Plein jour,En agglomération,Hors intersection,Normale,Deux véhicules - frontale,,,,,,,,,,,1,2,1,1,1
200600025003,0006-05-02 23:30:00,6,5,2,23,30,530,226,,,,Nuit sans éclairage public,Hors agglomération,Hors intersection,Normale,Autre collision,,,,,,,,,,,3,1,1,1,6
200600025004,0006-05-11 22:00:00,6,5,11,22,0,530,48,,48.217,-0.89,Nuit sans éclairage public,Hors agglomération,Hors intersection,Normale,Sans collision,,,,,,,,,,,3,1,1,1,7
200600025005,0006-05-04 19:30:00,6,5,4,19,30,130,87,,,,Plein jour,Hors agglomération,Hors intersection,Normale,Deux véhicules - arrière,,,,,,,,,,,1,1,1,1,2
200600025006,0006-05-25 21:50:00,6,5,25,21,50,830,23,68+450 - sens Aix/ Nice,,,Nuit sans éclairage public,Hors agglomération,Hors intersection,Normale,Autre collision,,,,,,,,,,,3,1,1,1,6
200600025007,0006-05-28 10:30:00,6,5,28,10,30,830,96,,,,Plein jour,Hors agglomération,Hors intersection,Normale,Deux véhicules - arrière,,,,,,,,,,,1,1,1,1,2
200600025008,0006-05-01 22:45:00,6,5,1,22,45,740,21,,,,Nuit sans éclairage public,Hors agglomération,Hors intersection,Normale,Deux véhicules - arrière,,,,,,,,,,,3,1,1,1,2
200600025009,0006-05-09 09:10:00,6,5,9,9,10,340,22,A9 PK 88+050 SENS 1,,,Plein jour,Hors agglomération,Intersection en X,Normale,Deux véhicules - côté,,,,,,,,,,,1,1,2,1,3
200600025010,0006-05-18 18:15:00,6,5,18,18,15,340,340,pk 77+300,,,Plein jour,Hors agglomération,Hors intersection,Normale,Deux véhicules - arrière,,,,,,,,,,,1,1,1,1,2
200600025011,0006-05-05 19:00:00,6,5,5,19,0,370,96,RD 40,,,Plein jour,En agglomération,Intersection en T,Normale,Deux véhicules - côté,,,,,,,,,,,1,2,3,1,3
200600025012,0006-05-21 04:30:00,6,5,21,4,30,370,91,av Colonel Soufflet,47.336,0.992,Nuit sans éclairage public,En agglomération,Hors intersection,Normale,Sans collision,,,,,,,,,,,3,2,1,1,7
200600025013,0006-05-30 19:15:00,6,5,30,19,15,370,79,face au 77 rue de Chenon,,,Plein jour,En agglomération,Hors intersection,Normale,Deux véhicules - arrière,,,,,,,,,,,1,2,1,1,2
200600025014,0006-05-25 15:15:00,6,5,25,15,15,450,20,,,,Plein jour,Hors agglomération,Hors intersection,Normale,Deux véhicules - côté,,,,,,,,,,,1,1,1,1,3
200600025015,0006-05-20 17:45:00,6,5,20,17,45,670,356,,48.708,7.919,Plein jour,Hors agglomération,Hors intersection,Vent fort / tempête,Autre collision,,,,,,,,,,,1,1,1,6,6
200600025016,0006-05-04 21:30:00,6,5,4,21,30,740,307,,46.001,6.126,Nuit sans éclairage public,Hors agglomération,Hors intersection,Normale,Autre collision,,,,,,,,,,,3,1,1,1,6
200600025017,0006-05-05 07:35:00,6,5,5,7,35,740,233,A41N - PR 112 + 900,45.796,5.971,Plein jour,Hors agglomération,Hors intersection,Pluie légère,Autre collision,,,,,,,,,,,1,1,1,2,6
200600025018,0006-05-22 08:00:00,6,5,22,8,0,140,45,Autoroute A13,,,Plein jour,Hors agglomération,Hors intersection,Normale,Deux véhicules - côté,,,,,,,,,,,1,1,1,1,3
200600025019,0006-05-13 06:55:00,6,5,13,6,55,130,58,PK 18-500 -- CD 27,,,Plein jour,Hors agglomération,Hors intersection,Normale,Autre collision,,,,,,,,,,,1,1,1,1,6
200600025020,0006-05-25 05:15:00,6,5,25,5,15,130,58,AVE DE  VALLEE DES BAUX,,,Nuit avec éclairage allumé,En agglomération,Hors intersection,Normale,Deux véhicules - côté,,,,,,,,,,,5,2,1,1,3
200600025021,0006-05-03 07:00:00,6,5,3,7,0,280,388,"400, sens PARIS/PROVINCE",,,Crépuscule ou aube,Hors agglomération,Autre intersection,Normale,Autre collision,,,,,,,,,,,2,1,9,1,6
200600025022,0006-05-07 04:00:00,6,5,7,4,0,280,161,,,,Nuit sans éclairage public,Hors agglomération,Hors intersection,Normale,Autre collision,,,,,,,,,,,3,1,1,1,6
200600025023,0006-05-21 11:10:00,6,5,21,11,10,280,403,"350, sens PARIS/PROVINCE",,,Plein jour,Hors agglomération,Hors intersection,Normale,Autre collision,,,,,,,,,,,1,1,1,1,6
200600025024,0006-05-29 06:55:00,6,5,29,6,55,280,139,oint kilométrique 77+500,,,Crépuscule ou aube,Hors agglomération,Hors intersection,Pluie légère,Autre collision,,,,,,,,,,,2,1,1,2,6
200600025025,0006-05-05 17:15:00,6,5,5,17,15,410,59,24 ROUTE DE Cheverny,47.42,1.42,Plein jour,En agglomération,Hors intersection,Normale,Autre collision,,,,,,,,,,,1,2,1,1,6
200600025026,0006-05-23 06:00:00,6,5,23,6,0,410,67,,,,Crépuscule ou aube,Hors agglomération,Hors intersection,Normale,Deux véhicules - côté,,,,,,,,,,,2,1,1,1,3
200600025027,0006-05-18 16:30:00,6,5,18,16,30,690,27,route d'irigny,,,Plein jour,Hors agglomération,Hors intersection,Pluie forte,Deux véhicules - frontale,,,,,,,,,,,1,1,1,3,1
200600025028,0006-05-13 18:30:00,6,5,13,18,30,340,172,,43.598,3.906,Plein jour,Hors agglomération,Intersection en X,Normale,Deux véhicules - côté,,,,,,,,,,,1,1,2,1,3
200600025029,0006-05-16 15:15:00,6,5,16,15,15,340,113,A 9 PK 117 voie Sud,,,Plein jour,Hors agglomération,Hors intersection,Normale,Deux véhicules - arrière,,,,,,,,,,,1,1,1,1,2
200600025030,0006-05-25 23:45:00,6,5,25,23,45,340,172,"700, sens NIMES-BEZIERS,",,,Nuit sans éclairage public,Hors agglomération,Hors intersection,Normale,Trois véhicules et plus - collisions multiples,,,,,,,,,,,3,1,1,1,5
200600025031,0006-05-22 15:05:00,6,5,22,15,5,630,455,", PK 13+400, sens N / S",,,Plein jour,Hors agglomération,Hors intersection,Normale,Trois véhicules et plus - collisions multiples,,,,,,,,,,,1,1,1,1,5
200600025032,0006-05-29 08:15:00,6,5,29,8,15,630,242,A75 PR26+600,45.4,3.27,Plein jour,Hors agglomération,Hors intersection,Normale,Deux véhicules - arrière,,,,,,,,,,,1,1,1,1,2
200600025033,0006-05-06 22:00:00,6,5,6,22,0,550,237,,,,Nuit avec éclairage allumé,Hors agglomération,Hors intersection,Normale,Autre collision,,,,,,,,,,,5,1,1,1,6
200600025034,0006-05-29 10:00:00,6,5,29,10,0,550,567,,,,Plein jour,Hors agglomération,Hors intersection,Temps couvert,Autre collision,,,,,,,,,,,1,1,1,8,6
200600025035,0006-05-31 12:30:00,6,5,31,12,30,380,485,L INDUSTRIE RUE PASTEUR,,,Plein jour,En agglomération,Intersection en X,Normale,Deux véhicules - frontale,,,,,,,,,,,1,2,2,1,1
200600025036,0006-05-06 22:15:00,6,5,6,22,15,370,142,A10 PK 246+500,,,Nuit sans éclairage public,Hors agglomération,Hors intersection,Normale,Autre collision,,,,,,,,,,,3,1,1,1,6
200600025037,0006-05-09 10:00:00,6,5,9,10,0,60,88,,43.737,7.24,Plein jour,Hors agglomération,Hors intersection,Normale,Deux véhicules - arrière,,,,,,,,,,,1,1,1,1,2
200600025038,0006-05-22 07:30:00,6,5,22,7,30,60,88,e NICE NORD AUTOROUTE A8,,,Plein jour,Hors agglomération,Hors intersection,Normale,Deux véhicules - arrière,,,,,,,,,,,1,1,1,1,2
200600025039,0006-05-18 19:15:00,6,5,18,19,15,60,88,,43.727,7.228,Plein jour,Hors agglomération,Hors intersection,Normale,Trois véhicules et plus - en chaîne,,,,,,,,,,,1,1,1,1,4
200600025040,0006-05-31 12:30:00,6,5,31,12,30,60,149,A 8,,,Plein jour,Hors agglomération,Hors intersection,Normale,Trois véhicules et plus - collisions multiples,,,,,,,,,,,1,1,1,1,5
200600025041,0006-05-31 03:15:00,6,5,31,3,15,60,59,Italie-France PK 204+700,,,Nuit sans éclairage public,Hors agglomération,Hors intersection,Normale,Autre collision,,,,,,,,,,,3,1,1,1,6
200600025042,0006-05-01 11:45:00,6,5,1,11,45,670,191,,,,Plein jour,Hors agglomération,Hors intersection,Normale,Sans collision,,,,,,,,,,,1,1,1,1,7
200600025043,0006-05-05 06:15:00,6,5,5,6,15,660,190,,,,Crépuscule ou aube,Hors agglomération,Hors intersection,Normale,Deux véhicules - arrière,,,,,,,,,,,2,1,1,1,2
200600025044,0006-05-18 15:15:00,6,5,18,15,15,620,516,,50.549,2.473,Plein jour,Hors agglomération,Hors intersection,Normale,Sans collision,,,,,,,,,,,1,1,1,1,7
200600025045,0006-05-15 17:00:00,6,5,15,17,0,950,323,,,,Plein jour,Hors agglomération,Hors intersection,Normale,Deux véhicules - frontale,,,,,,,,,,,1,1,1,1,1
200600025046,0006-05-19 18:30:00,6,5,19,18,30,860,115,,,,Plein jour,Hors agglomération,Hors intersection,Normale,Deux véhicules - côté,,,,,,,,,,,1,1,1,1,3
200600025047,0006-05-25 06:45:00,6,5,25,6,45,860,19,700 sens PARIS-PROVINCE,,,Plein jour,Hors agglomération,Hors intersection,Normale,Sans collision,,,,,,,,,,,1,1,1,1,7
200600025048,0006-05-31 16:50:00,6,5,31,16,50,250,618,"+500, direction MULHOUSE",,,Plein jour,Hors agglomération,Hors intersection,Normale,Sans collision,,,,,,,,,,,1,1,1,1,7
200600025049,0006-05-07 10:00:00,6,5,7,10,0,130,16,,43.386,5.607,Plein jour,Hors agglomération,Hors intersection,Normale,Autre collision,,,,,,,,,,,1,1,1,1,6
200600025050,0006-05-10 09:20:00,6,5,10,9,20,60,27,haussée NORD -PR 179+800,,,Plein jour,Hors agglomération,Hors intersection,Normale,Deux véhicules - arrière,,,,,,,,,,,1,1,1,1,2
200600025051,0006-05-27 20:00:00,6,5,27,20,0,60,123,"te A.8, PK 1834+300 Nord",,,Plein jour,Hors agglomération,Hors intersection,Normale,Autre collision,,,,,,,,,,,1,1,1,1,6
200600025052,0006-05-22 04:30:00,6,5,22,4,30,640,430,,43.482,-0.793,Nuit sans éclairage public,Hors agglomération,Intersection en X,Normale,Deux véhicules - frontale,,,,,,,,,,,3,1,2,1,1
200600025053,0006-05-29 10:00:00,6,5,29,10,0,110,69,sortie de la gare de péa,,,Plein jour,Hors agglomération,Autre intersection,Normale,Sans collision,,,,,,,,,,,1,1,9,1,7
200600025054,0006-05-11 08:10:00,6,5,11,8,10,590,37,CD942 - PK 09+600,,,Plein jour,Hors agglomération,Hors intersection,Normale,Deux véhicules - frontale,,,,,,,,,,,1,1,1,1,1
200600025055,0006-05-19 06:45:00,6,5,19,6,45,250,132,,,,Crépuscule ou aube,Hors agglomération,Hors intersection,Normale,Sans collision,,,,,,,,,,,2,1,1,1,7
200600025056,0006-05-27 11:30:00,6,5,27,11,30,330,42,,44.49,-0.83,Plein jour,Hors agglomération,Hors intersection,Normale,Deux véhicules - arrière,,,,,,,,,,,1,1,1,1,2
200600025057,0006-05-11 14:20:00,6,5,11,14,20,740,208,LIEUX DIT MONCOUTANT,,,Plein jour,Hors agglomération,Hors intersection,Normale,Deux véhicules - côté,,,,,,,,,,,1,1,1,1,3
200600025058,0006-05-07 19:10:00,6,5,7,19,10,680,21,lhouse-Bâle - PK 115+400,,,Plein jour,Hors agglomération,Hors intersection,Normale,Sans collision,,,,,,,,,,,1,1,1,1,7
200600025059,0006-05-01 01:00:00,6,5,1,1,0,530,54,,,,Nuit sans éclairage public,Hors agglomération,Hors intersection,Normale,Sans collision,,,,,,,,,,,3,1,1,1,7
200600025060,0006-05-17 18:45:00,6,5,17,18,45,530,140,,,,Plein jour,Hors agglomération,Hors intersection,Normale,Deux véhicules - frontale,,,,,,,,,,,1,1,1,1,1
200600025061,0006-05-16 17:15:00,6,5,16,17,15,440,163,,,,Plein jour,Hors agglomération,Hors intersection,Normale,Autre collision,,,,,,,,,,,1,1,1,1,6
200600025062,0006-05-21 14:45:00,6,5,21,14,45,470,145,,,,Plein jour,Hors agglomération,Hors intersection,Normale,Autre collision,,,,,,,,,,,1,1,1,1,6
200600025063,0006-05-29 15:46:00,6,5,29,15,46,820,2,"oroute A.20 - PK 405,500",,,Plein jour,Hors agglomération,Hors intersection,Normale,Autre collision,,,,,,,,,,,1,1,1,1,6
200600025064,0006-05-18 14:30:00,6,5,18,14,30,201,65,Route du PERO,42.147,8.599,Plein jour,En agglomération,Hors intersection,Normale,Deux véhicules - côté,,,,,,,,,,,1,2,1,1,3
200600025065,0006-05-15 14:00:00,6,5,15,14,0,380,249,,,,Plein jour,Hors agglomération,Hors intersection,Normale,Deux véhicules - arrière,,,,,,,,,,,1,1,1,1,2
200600025066,0006-05-19 18:45:00,6,5,19,18,45,380,229,AVENUE DE VERDUN,,,Plein jour,En agglomération,Hors intersection,Normale,Deux véhicules - frontale,,,,,,,,,,,1,2,1,1,1
200600025067,0006-05-23 10:15:00,6,5,23,10,15,380,249,Domaine du Saint Eynard,,,Plein jour,En agglomération,Hors intersection,Normale,Sans collision,,,,,,,,,,,1,2,1,1,7
200600025068,0006-05-15 17:30:00,6,5,15,17,30,170,362,,,,Plein jour,Hors agglomération,Hors intersection,Normale,Autre collision,,,,,,,,,,,1,1,1,1,6
200600025069,0006-05-28 16:30:00,6,5,28,16,30,10,91,,46.134,5.798,Plein jour,Hors agglomération,Hors intersection,Normale,Autre collision,,,,,,,,,,,1,1,1,1,6
200600025070,0006-05-23 11:30:00,6,5,23,11,30,220,182,,,,Plein jour,Hors agglomération,Hors intersection,Normale,Deux véhicules - côté,,,,,,,,,,,1,1,1,1,3
200600025071,0006-05-30 08:00:00,6,5,30,8,0,220,182,,,,Plein jour,Hors agglomération,Hors intersection,Normale,Deux véhicules - frontale,,,,,,,,,,,1,1,1,1,1
200600025072,0006-05-01 07:30:00,6,5,1,7,30,740,26,RN 508,,,Plein jour,Hors agglomération,Hors intersection,Normale,Sans collision,,,,,,,,,,,1,1,1,1,7
200600025073,0006-05-02 16:30:00,6,5,2,16,30,740,268,,,,Plein jour,Hors agglomération,Hors intersection,Normale,Deux véhicules - côté,,,,,,,,,,,1,1,1,1,3
200600025074,0006-05-26 20:30:00,6,5,26,20,30,740,272,route de Thusy CD38,,,Plein jour,Hors agglomération,Hors intersection,Normale,Sans collision,,,,,,,,,,,1,1,1,1,7
200600025075,0006-05-04 20:00:00,6,5,4,20,0,420,42,,,,Plein jour,Hors agglomération,Hors intersection,Normale,Deux véhicules - frontale,,,,,,,,,,,1,1,1,1,1
200600025076,0006-05-18 15:30:00,6,5,18,15,30,910,648,CD 31,,,Plein jour,Hors agglomération,Hors intersection,Normale,Deux véhicules - frontale,,,,,,,,,,,1,1,1,1,1
200600025077,0006-05-21 17:45:00,6,5,21,17,45,910,244,Avenue SAINT REMY,,,Plein jour,En agglomération,Hors intersection,Normale,Autre collision,,,,,,,,,,,1,2,1,1,6
200600025078,0006-05-06 07:30:00,6,5,6,7,30,520,111,,,,Crépuscule ou aube,Hors agglomération,Hors intersection,Pluie légère,Autre collision,,,,,,,,,,,2,1,1,2,6
200600025079,0006-05-10 06:55:00,6,5,10,6,55,520,282,A 31 PK 217+230,,,Plein jour,Hors agglomération,Hors intersection,Normale,Autre collision,,,,,,,,,,,1,1,1,1,6
200600025080,0006-05-29 12:10:00,6,5,29,12,10,520,399,A5 PK 193+900,,,Plein jour,Hors agglomération,Hors intersection,Normale,Trois véhicules et plus - en chaîne,,,,,,,,,,,1,1,1,1,4
200600025081,0006-05-27 14:10:00,6,5,27,14,10,60,152,"Valmasque RD 35, PK6+495",,,Plein jour,Hors agglomération,Hors intersection,Normale,Autre collision,,,,,,,,,,,1,1,1,1,6
200600025082,0006-05-14 06:30:00,6,5,14,6,30,690,88,Rue Rigot Vitton,,,Crépuscule ou aube,En agglomération,Hors intersection,Normale,Autre collision,,,,,,,,,,,2,2,1,1,6
200600025083,0006-05-28 12:45:00,6,5,28,12,45,690,33,RUE DU FAVRET,,,Plein jour,En agglomération,Hors intersection,Normale,Deux véhicules - côté,,,,,,,,,,,1,2,1,1,3
200600025084,0006-05-28 16:30:00,6,5,28,16,30,690,244,120 rue Joliot Curie,,,Plein jour,En agglomération,Hors intersection,Normale,Autre collision,,,,,,,,,,,1,2,1,1,6
200600025085,0006-05-03 16:15:00,6,5,3,16,15,740,245,RN 201,45.977,6.132,Plein jour,Hors agglomération,Hors intersection,Normale,Deux véhicules - frontale,,,,,,,,,,,1,1,1,1,1
200600025086,0006-05-04 21:30:00,6,5,4,21,30,740,299,Rue de la Tournette,45.885,6.18,Crépuscule ou aube,En agglomération,Hors intersection,Normale,Deux véhicules - côté,,,,,,,,,,,2,2,1,1,3