accident_id,datetime,annee,mois,jour,heure,minute,departement,commune_insee,adresse,latitude,longitude,luminosite,agglomeration,intersection,meteo,collision,nb_vehicules,nb_usagers,nb_indemnes,nb_tues,nb_blesses_hosp,nb_blesses_legers,age_cond_1,age_cond_2,veh_type_cond_1,veh_type_cond_2,lum_code,agg_code,int_code,atm_code,col_code
200600025087,0006-05-28 11:45:00,6,5,28,11,45,740,11,gnes et rue des mouettes,45.909,6.131,Plein jour,En agglomération,Hors intersection,Normale,Deux véhicules - frontale,,,,,,,,,,,1,2,1,1,1
200600025088,0006-05-14 21:30:00,6,5,14,21,30,740,120,,46.02,6.23,Nuit sans éclairage public,Hors agglomération,Hors intersection,Normale,Deux véhicules - frontale,,,,,,,,,,,3,1,1,1,1
200600025089,0006-05-15 18:50:00,6,5,15,18,50,740,11,CD 916,45.938,6.163,Plein jour,Hors agglomération,Hors intersection,Normale,Autre collision,,,,,,,,,,,1,1,1,1,6
200600025090,0006-05-02 18:00:00,6,5,2,18,0,780,233,RD307,,,Plein jour,Hors agglomération,Hors intersection,Normale,Trois véhicules et plus - collisions multiples,,,,,,,,,,,1,1,1,1,5
200600025091,0006-05-20 09:20:00,6,5,20,9,20,780,571,route de STE GEMME,,,Plein jour,Hors agglomération,Hors intersection,Autre,Deux véhicules - frontale,,,,,,,,,,,1,1,1,9,1
200600025092,0006-05-05 18:00:00,6,5,5,18,0,950,660,RD 909,49.077,2.348,Plein jour,Hors agglomération,Hors intersection,Normale,Deux véhicules - côté,,,,,,,,,,,1,1,1,1,3
200600025093,0006-05-05 14:20:00,6,5,5,14,20,90,32,RN20,42.714,1.839,Plein jour,Hors agglomération,Hors intersection,Normale,Deux véhicules - frontale,,,,,,,,,,,1,1,1,1,1
200600025094,0006-05-08 17:40:00,6,5,8,17,40,760,101,A 28 Pk 30 + 900,,,Plein jour,Hors agglomération,Hors intersection,Normale,Sans collision,,,,,,,,,,,1,1,1,1,7
200600025095,0006-05-06 09:15:00,6,5,6,9,15,560,240,,47.537,-2.755,Plein jour,Hors agglomération,Hors intersection,Normale,Deux véhicules - arrière,,,,,,,,,,,1,1,1,1,2
200600025096,0006-05-24 15:00:00,6,5,24,15,0,420,243,,45.865,3.995,Plein jour,Hors agglomération,Hors intersection,Normale,Deux véhicules - arrière,,,,,,,,,,,1,1,1,1,2
200600025097,0006-05-06 10:45:00,6,5,6,10,45,380,553,avenue de la verpillière,,,Plein jour,En agglomération,Hors intersection,Normale,Deux véhicules - frontale,,,,,,,,,,,1,2,1,1,1
200600025098,0006-05-11 16:15:00,6,5,11,16,15,380,48,,45.605,5.129,Plein jour,Hors agglomération,Hors intersection,Normale,Deux véhicules - frontale,,,,,,,,,,,1,1,1,1,1
200600025099,0006-05-02 13:30:00,6,5,2,13,30,130,59,,,,Plein jour,Hors agglomération,Hors intersection,Normale,Autre collision,,,,,,,,,,,1,1,1,1,6
200600025100,0006-05-24 09:50:00,6,5,24,9,50,130,113,"+550, sens SISTERON/AIX",,,Plein jour,Hors agglomération,Hors intersection,Normale,Autre collision,,,,,,,,,,,1,1,1,1,6
200600025101,0006-05-03 00:10:00,6,5,3,0,10,410,46,K127 sens Province-Paris,,,Nuit sans éclairage public,Hors agglomération,Hors intersection,Normale,Deux véhicules - arrière,,,,,,,,,,,3,1,1,1,2
200600025102,0006-05-05 11:10:00,6,5,5,11,10,180,190,Autoroute A.71,,,Plein jour,Hors agglomération,Hors intersection,Normale,Sans collision,,,,,,,,,,,1,1,1,1,7
200600025103,0006-05-11 09:45:00,6,5,11,9,45,180,138,"ris/province, PK 200+300",,,Plein jour,Hors agglomération,Hors intersection,Normale,Sans collision,,,,,,,,,,,1,1,1,1,7
200600025104,0006-05-22 08:45:00,6,5,22,8,45,340,337,avenue René Poitevin,,,Plein jour,En agglomération,Hors intersection,Normale,Deux véhicules - côté,,,,,,,,,,,1,2,1,1,3
200600025105,0006-05-07 14:30:00,6,5,7,14,30,10,269,,46.146,5.617,Plein jour,Hors agglomération,Hors intersection,Normale,Autre collision,,,,,,,,,,,1,1,1,1,6
200600025106,0006-05-09 07:45:00,6,5,9,7,45,10,269,,,,Plein jour,Hors agglomération,Hors intersection,Pluie légère,Autre collision,,,,,,,,,,,1,1,1,2,6
200600025107,0006-05-03 15:30:00,6,5,3,15,30,140,200,route de Caen,49.29,-0.537,Plein jour,En agglomération,Hors intersection,Normale,Autre collision,,,,,,,,,,,1,2,1,1,6
200600025108,0006-05-12 01:30:00,6,5,12,1,30,140,191,rue émile héroult,49.334,-0.446,Nuit avec éclairage allumé,En agglomération,Hors intersection,Normale,Deux véhicules - côté,,,,,,,,,,,5,2,1,1,3
200600025109,0006-05-16 17:45:00,6,5,16,17,45,140,8,,,,Plein jour,Hors agglomération,Intersection en X,Temps couvert,Deux véhicules - côté,,,,,,,,,,,1,1,2,8,3
200600025110,0006-05-24 10:30:00,6,5,24,10,30,630,164,,,,Plein jour,Hors agglomération,Hors intersection,Normale,Autre collision,,,,,,,,,,,1,1,1,1,6
200600025111,0006-05-04 22:30:00,6,5,4,22,30,60,84,CARREFOUR N85CD09,,,Nuit avec éclairage allumé,En agglomération,Hors intersection,Normale,Deux véhicules - frontale,,,,,,,,,,,5,2,1,1,1
200600025112,0006-05-14 17:30:00,6,5,14,17,30,490,110,,,,Plein jour,Hors agglomération,Hors intersection,Normale,Deux véhicules - frontale,,,,,,,,,,,1,1,1,1,1
200600025113,0006-05-31 21:00:00,6,5,31,21,0,490,7,,47.498,-0.53,Plein jour,Hors agglomération,Hors intersection,Normale,Sans collision,,,,,,,,,,,1,1,1,1,7
200600025114,0006-05-19 12:00:00,6,5,19,12,0,670,152,,48.53,7.665,Plein jour,Hors agglomération,Hors intersection,Normale,Deux véhicules - côté,,,,,,,,,,,1,1,1,1,3
200600025115,0006-05-24 08:30:00,6,5,24,8,30,670,343,CD 63 Rue de Wolfisheim,,,Plein jour,En agglomération,Hors intersection,Temps couvert,Deux véhicules - frontale,,,,,,,,,,,1,2,1,8,1
200600025116,0006-05-29 23:45:00,6,5,29,23,45,670,309,"11, Rue de Strasbourg",48.646,7.708,Nuit avec éclairage allumé,En agglomération,Hors intersection,Normale,Sans collision,,,,,,,,,,,5,2,1,1,7
200600025117,0006-05-05 09:30:00,6,5,5,9,30,60,105,,,,Plein jour,Hors agglomération,Hors intersection,Normale,Trois véhicules et plus - collisions multiples,,,,,,,,,,,1,1,1,1,5
200600025118,0006-05-05 17:20:00,6,5,5,17,20,60,105,route Notre Dame,,,Plein jour,En agglomération,Intersection en T,Normale,Deux véhicules - frontale,,,,,,,,,,,1,2,3,1,1
200600025119,0006-05-27 10:00:00,6,5,27,10,0,60,38,970 route de nice,,,Plein jour,En agglomération,Hors intersection,Normale,Autre collision,,,,,,,,,,,1,2,1,1,6
200600025120,0006-05-04 22:30:00,6,5,4,22,30,380,193,Rue de l'Hôtel de Ville,45.628,5.23,Nuit avec éclairage allumé,En agglomération,Hors intersection,Normale,Deux véhicules - frontale,,,,,,,,,,,5,2,1,1,1
200600025121,0006-05-24 18:15:00,6,5,24,18,15,380,193,rue Marc chagall,,,Plein jour,En agglomération,Hors intersection,Normale,Autre collision,,,,,,,,,,,1,2,1,1,6
200600025122,0006-05-07 19:15:00,6,5,7,19,15,30,104,,46.35,2.77,Plein jour,Hors agglomération,Hors intersection,Normale,Trois véhicules et plus - en chaîne,,,,,,,,,,,1,1,1,1,4
200600025123,0006-05-19 13:20:00,6,5,19,13,20,180,63,,46.862,2.429,Plein jour,Hors agglomération,Hors intersection,Normale,Sans collision,,,,,,,,,,,1,1,1,1,7
200600025124,0006-05-25 10:30:00,6,5,25,10,30,210,261,,47.264,5.121,Plein jour,Hors agglomération,Hors intersection,Normale,Deux véhicules - frontale,,,,,,,,,,,1,1,1,1,1
200600025125,0006-05-25 16:45:00,6,5,25,16,45,100,438,,,,Plein jour,Hors agglomération,Hors intersection,Pluie légère,Autre collision,,,,,,,,,,,1,1,1,2,6
200600025126,0006-05-30 13:45:00,6,5,30,13,45,100,53,,,,Plein jour,Hors agglomération,Hors intersection,Normale,Sans collision,,,,,,,,,,,1,1,1,1,7
200600025127,0006-05-29 12:15:00,6,5,29,12,15,130,113,,,,Plein jour,Hors agglomération,Hors intersection,Normale,Deux véhicules - côté,,,,,,,,,,,1,1,1,1,3
200600025128,0006-05-30 19:00:00,6,5,30,19,0,130,80,Château des Arnajons,,,Plein jour,Hors agglomération,Hors intersection,Normale,Sans collision,,,,,,,,,,,1,1,1,1,7
200600025129,0006-05-19 00:15:00,6,5,19,0,15,380,370,,,,Nuit sans éclairage public,Hors agglomération,Hors intersection,Normale,Sans collision,,,,,,,,,,,3,1,1,1,7
200600025130,0006-05-13 03:45:00,6,5,13,3,45,350,352,"PK 28,200",,,Nuit sans éclairage public,Hors agglomération,Hors intersection,Normale,Autre collision,,,,,,,,,,,3,1,1,1,6
200600025131,0006-05-27 19:45:00,6,5,27,19,45,350,32,,,,Plein jour,Hors agglomération,Hors intersection,Normale,Sans collision,,,,,,,,,,,1,1,1,1,7
200600025132,0006-05-05 17:45:00,6,5,5,17,45,670,106,,,,Plein jour,Hors agglomération,Hors intersection,Normale,Deux véhicules - arrière,,,,,,,,,,,1,1,1,1,2
200600025133,0006-05-23 14:15:00,6,5,23,14,15,310,22,,,,Plein jour,Hors agglomération,Hors intersection,Normale,Trois véhicules et plus - collisions multiples,,,,,,,,,,,1,1,1,1,5
200600025134,0006-05-30 19:30:00,6,5,30,19,30,770,453,,,,Plein jour,Hors agglomération,Hors intersection,Normale,Deux véhicules - côté,,,,,,,,,,,1,1,1,1,3
200600025135,0006-05-20 14:30:00,6,5,20,14,30,600,30,,,,Plein jour,Hors agglomération,Hors intersection,Vent fort / tempête,Autre collision,,,,,,,,,,,1,1,1,6,6
200600025136,0006-05-06 12:30:00,6,5,6,12,30,890,111,,48.244,3.459,Plein jour,Hors agglomération,Hors intersection,Normale,Autre collision,,,,,,,,,,,1,1,1,1,6
200600025137,0006-05-01 05:15:00,6,5,1,5,15,310,107,,43.318,1.207,Nuit sans éclairage public,Hors agglomération,Hors intersection,Normale,Deux véhicules - arrière,,,,,,,,,,,3,1,1,1,2
200600025138,0006-05-11 00:45:00,6,5,11,0,45,310,476,,43.282,1.147,Nuit sans éclairage public,Hors agglomération,Hors intersection,Normale,Autre collision,,,,,,,,,,,3,1,1,1,6
200600025139,0006-05-18 13:15:00,6,5,18,13,15,760,489,,,,Plein jour,Hors agglomération,Hors intersection,Normale,Deux véhicules - arrière,,,,,,,,,,,1,1,1,1,2
200600025140,0006-05-29 16:45:00,6,5,29,16,45,310,390,,,,Plein jour,Hors agglomération,Hors intersection,Normale,Deux véhicules - arrière,,,,,,,,,,,1,1,1,1,2
200600025141,0006-05-25 11:00:00,6,5,25,11,0,800,107,,,,Plein jour,Hors agglomération,Hors intersection,Normale,Deux véhicules - arrière,,,,,,,,,,,1,1,1,1,2
200600025142,0006-05-11 16:15:00,6,5,11,16,15,800,1,,,,Plein jour,Hors agglomération,Hors intersection,Normale,Sans collision,,,,,,,,,,,1,1,1,1,7
200600025143,0006-05-19 14:35:00,6,5,19,14,35,620,354,PARIS-BOULOGNE SUR MER,,,Plein jour,Hors agglomération,Hors intersection,Vent fort / tempête,Sans collision,,,,,,,,,,,1,1,1,6,7
200600025144,0006-05-19 18:00:00,6,5,19,18,0,710,198,BOURG EN BRESSE-PK100+30,,,Plein jour,Hors agglomération,Hors intersection,Normale,Deux véhicules - arrière,,,,,,,,,,,1,1,1,1,2
200600025145,0006-05-27 04:15:00,6,5,27,4,15,580,193,,,,Nuit sans éclairage public,Hors agglomération,Hors intersection,Normale,Autre collision,,,,,,,,,,,3,1,1,1,6
200600025146,0006-05-07 15:00:00,6,5,7,15,0,360,231,,46.691,1.584,Plein jour,Hors agglomération,Hors intersection,Normale,Deux véhicules - arrière,,,,,,,,,,,1,1,1,1,2
200600025147,0006-05-15 05:45:00,6,5,15,5,45,360,200,,46.619,1.534,Crépuscule ou aube,Hors agglomération,Hors intersection,Normale,Autre collision,,,,,,,,,,,2,1,1,1,6
200600025148,0006-05-26 08:30:00,6,5,26,8,30,480,32,,,,Nuit sans éclairage public,Hors agglomération,Hors intersection,Normale,Autre collision,,,,,,,,,,,3,1,1,1,6
200600025149,0006-05-11 10:45:00,6,5,11,10,45,340,196,AUTOROUTE A75,,,Plein jour,Hors agglomération,Hors intersection,Normale,Autre collision,,,,,,,,,,,1,1,1,1,6
200600025150,0006-05-29 19:15:00,6,5,29,19,15,340,239,,43.658,3.528,Plein jour,Hors agglomération,Hors intersection,Normale,Deux véhicules - arrière,,,,,,,,,,,1,1,1,1,2
200600025151,0006-05-25 15:10:00,6,5,25,15,10,330,393,A89  P.K 36.000,,,Plein jour,Hors agglomération,Hors intersection,Normale,Sans collision,,,,,,,,,,,1,1,1,1,7
200600025152,0006-05-20 18:30:00,6,5,20,18,30,720,65,rue Louis Delage,,,Plein jour,En agglomération,Autre intersection,Normale,Deux véhicules - frontale,,,,,,,,,,,1,2,9,1,1
200600025153,0006-05-26 20:15:00,6,5,26,20,15,720,157,,48.092,0.042,Plein jour,Hors agglomération,Hors intersection,Normale,Autre collision,,,,,,,,,,,1,1,1,1,6
200600025154,0006-05-14 15:15:00,6,5,14,15,15,580,59,,47.171,3.051,Plein jour,Hors agglomération,Hors intersection,Normale,Autre collision,,,,,,,,,,,1,1,1,1,6
200600025155,0006-05-01 16:25:00,6,5,1,16,25,190,287,A.89 PK 235.150,,,Plein jour,Hors agglomération,Hors intersection,Normale,Deux véhicules - arrière,,,,,,,,,,,1,1,1,1,2
200600025156,0006-05-25 15:00:00,6,5,25,15,0,670,324,"34, route de Bitche",48.962,7.632,Plein jour,En agglomération,Hors intersection,Pluie légère,Deux véhicules - frontale,,,,,,,,,,,1,2,1,2,1
200600025157,0006-05-17 07:45:00,6,5,17,7,45,310,269,,43.482,1.261,Plein jour,Hors agglomération,Hors intersection,Normale,Deux véhicules - côté,,,,,,,,,,,1,1,1,1,3
200600025158,0006-05-02 13:15:00,6,5,2,13,15,300,34,le d'acces RD 38 RD 6113,,,Plein jour,Hors agglomération,Hors intersection,Normale,Sans collision,,,,,,,,,,,1,1,1,1,7
200600025159,0006-05-22 20:00:00,6,5,22,20,0,300,356,,,,Plein jour,Hors agglomération,Hors intersection,Normale,Autre collision,,,,,,,,,,,1,1,1,1,6
200600025160,0006-05-26 15:30:00,6,5,26,15,30,300,117,,,,Plein jour,Hors agglomération,Hors intersection,Normale,Deux véhicules - arrière,,,,,,,,,,,1,1,1,1,2
200600025161,0006-05-10 16:15:00,6,5,10,16,15,80,362,,49.526,4.356,Plein jour,Hors agglomération,Hors intersection,Normale,Sans collision,,,,,,,,,,,1,1,1,1,7
200600025162,0006-05-25 19:35:00,6,5,25,19,35,130,10,C.D. 35,,,Plein jour,Hors agglomération,Hors intersection,Normale,Deux véhicules - arrière,,,,,,,,,,,1,1,1,1,2
200600025163,0006-05-26 15:25:00,6,5,26,15,25,130,45,PK,,,Plein jour,Hors agglomération,Hors intersection,Normale,Deux véhicules - frontale,,,,,,,,,,,1,1,1,1,1
200600025164,0006-05-06 14:30:00,6,5,6,14,30,760,255,,,,Plein jour,Hors agglomération,Hors intersection,Pluie légère,Sans collision,,,,,,,,,,,1,1,1,2,7
200600025165,0006-05-06 08:00:00,6,5,6,8,0,760,591,,49.451,1.211,Plein jour,Hors agglomération,Hors intersection,Normale,Trois véhicules et plus - collisions multiples,,,,,,,,,,,1,1,1,1,5
200600025166,0006-05-09 16:15:00,6,5,9,16,15,760,509,,49.5,1.198,Plein jour,Hors agglomération,Hors intersection,Pluie légère,Deux véhicules - côté,,,,,,,,,,,1,1,1,2,3
200600025167,0006-05-23 10:30:00,6,5,23,10,30,760,673,,49.493,1.277,Plein jour,Hors agglomération,Intersection en X,Normale,Deux véhicules - côté,,,,,,,,,,,1,1,2,1,3
200600025168,0006-05-29 14:30:00,6,5,29,14,30,710,502,,,,Plein jour,Hors agglomération,Hors intersection,Normale,Autre collision,,,,,,,,,,,1,1,1,1,6
200600025169,0006-05-07 04:15:00,6,5,7,4,15,600,404,rue paul faure,,,Nuit avec éclairage allumé,En agglomération,Hors intersection,Pluie légère,Autre collision,,,,,,,,,,,5,2,1,2,6
200600025170,0006-05-29 08:00:00,6,5,29,8,0,600,102,,,,Plein jour,Hors agglomération,Hors intersection,Normale,Deux véhicules - côté,,,,,,,,,,,1,1,1,1,3
200600025171,0006-05-01 21:30:00,6,5,1,21,30,250,326,bordure rd 11,,,Nuit avec éclairage allumé,En agglomération,Hors intersection,Normale,Sans collision,,,,,,,,,,,5,2,1,1,7
200600025172,0006-05-29 11:15:00,6,5,29,11,15,250,212,,,,Plein jour,Hors agglomération,Hors intersection,Pluie forte,Trois véhicules et plus - en chaîne,,,,,,,,,,,1,1,1,3,4
200600025173,0006-05-13 01:10:00,6,5,13,1,10,950,510,Route Départementale 14,,,Nuit avec éclairage allumé,En agglomération,Hors intersection,Normale,Deux véhicules - frontale,,,,,,,,,,,5,2,1,1,1
200600025174,0006-05-14 11:00:00,6,5,14,11,0,950,183,an et boulevard d'ERKRAT,49.047,2.006,Plein jour,En agglomération,Hors intersection,Normale,Deux véhicules - frontale,,,,,,,,,,,1,2,1,1,1
200600025175,0006-05-16 21:00:00,6,5,16,21,0,950,510,CD22,49.085,2.036,Crépuscule ou aube,Hors agglomération,Hors intersection,Temps couvert,Deux véhicules - frontale,,,,,,,,,,,2,1,1,8,1
200600025176,0006-05-25 01:15:00,6,5,25,1,15,950,388,Côte du parc,49.028,1.973,Nuit sans éclairage public,En agglomération,Hors intersection,Pluie légère,Autre collision,,,,,,,,,,,3,2,1,2,6
200600025177,0006-05-21 15:30:00,6,5,21,15,30,560,175,rue Anne De Bretagne,,,Plein jour,En agglomération,Giratoire,Vent fort / tempête,Autre collision,,,,,,,,,,,1,2,6,6,6
200600025178,0006-05-31 17:30:00,6,5,31,17,30,560,148,rue du Maroc,,,Plein jour,En agglomération,Hors intersection,Normale,Deux véhicules - côté,,,,,,,,,,,1,2,1,1,3
200600025179,0006-05-07 05:00:00,6,5,7,5,0,350,173,""" Le Verger """,,,Nuit sans éclairage public,Hors agglomération,Hors intersection,Normale,Autre collision,,,,,,,,,,,3,1,1,1,6
200600025180,0006-05-21 14:55:00,6,5,21,14,55,440,71,rue de Bretagne,,,Plein jour,En agglomération,Hors intersection,Normale,Autre collision,,,,,,,,,,,1,2,1,1,6
200600025181,0006-05-26 07:50:00,6,5,26,7,50,340,120,ntersection CD21 et CD67,,,Plein jour,Hors agglomération,Autre intersection,Temps éblouissant,Autre collision,,,,,,,,,,,1,1,9,7,6
200600025182,0006-05-22 17:15:00,6,5,22,17,15,500,71,- Viaduc de Saultbesnon,48.75,-1.286,Plein jour,Hors agglomération,Hors intersection,Pluie forte,Sans collision,,,,,,,,,,,1,1,1,3,7
200600025183,0006-05-23 07:00:00,6,5,23,7,0,500,137,,48.878,-1.18,Plein jour,Hors agglomération,Hors intersection,Normale,Deux véhicules - arrière,,,,,,,,,,,1,1,1,1,2
200600025184,0006-05-31 11:00:00,6,5,31,11,0,770,425,CD64 / CD11,48.436,2.586,Plein jour,En agglomération,Intersection en X,Normale,Deux véhicules - frontale,,,,,,,,,,,1,2,2,1,1
200600025185,0006-05-06 00:15:00,6,5,6,0,15,690,100,,45.671,4.794,Nuit avec éclairage allumé,Hors agglomération,Giratoire,Normale,Deux véhicules - côté,,,,,,,,,,,5,1,6,1,3
200600025186,0006-05-23 13:45:00,6,5,23,13,45,690,260,intersection CD15-CD36,45.654,4.813,Plein jour,En agglomération,Intersection en T,Normale,Trois véhicules et plus - collisions multiples,,,,,,,,,,,1,2,3,1,5
200600025187,0006-05-29 07:30:00,6,5,29,7,30,690,100,route neuve,,,Plein jour,En agglomération,Hors intersection,Normale,Deux véhicules - arrière,,,,,,,,,,,1,2,1,1,2
200600025188,0006-05-08 11:30:00,6,5,8,11,30,660,186,hemin Départemental n°11,,,Plein jour,Hors agglomération,Hors intersection,Normale,Autre collision,,,,,,,,,,,1,1,1,1,6
200600025189,0006-05-06 17:00:00,6,5,6,17,0,270,613,,,,Plein jour,Hors agglomération,Hors intersection,Temps couvert,Sans collision,,,,,,,,,,,1,1,1,8,7
200600025190,0006-05-04 16:25:00,6,5,4,16,25,10,53,DE GAULLE ( BD GAL) PAIR,,,Plein jour,En agglomération,Intersection en T,Normale,Deux véhicules - côté,,,,,,,,,,,1,2,3,1,3
200600025191,0006-05-07 19:15:00,6,5,7,19,15,10,53,"sans, VERNE (AVENUE JEAN",,,Plein jour,En agglomération,Intersection en X,Normale,Autre collision,,,,,,,,,,,1,2,2,1,6
200600025192,0006-05-08 21:30:00,6,5,8,21,30,10,53,A (ALLEE),,,Nuit avec éclairage allumé,En agglomération,Intersection en X,Pluie légère,Deux véhicules - côté,,,,,,,,,,,5,2,2,2,3
200600025193,0006-05-16 17:50:00,6,5,16,17,50,10,53,SPORTS ((AVENUE DES - N°,,,Plein jour,Hors agglomération,Intersection en T,Pluie légère,Deux véhicules - côté,,,,,,,,,,,1,1,3,2,3
200600025194,0006-05-15 15:15:00,6,5,15,15,15,10,451,"121, MACON ( AVE DE)",,,Plein jour,En agglomération,Hors intersection,Normale,Deux véhicules - côté,,,,,,,,,,,1,2,1,1,3
200600025195,0006-05-13 17:55:00,6,5,13,17,55,10,344,"snr, TREVOUX (AVENUE DE)",,,Plein jour,En agglomération,Hors intersection,Pluie forte,Deux véhicules - arrière,,,,,,,,,,,1,2,1,3,2
200600025196,0006-05-17 14:05:00,6,5,17,14,5,10,53,"SNR, CHAMP DE FOIRE ( AV",,,Plein jour,En agglomération,Hors intersection,Normale,Deux véhicules - côté,,,,,,,,,,,1,2,1,1,3
200600025197,0006-05-17 17:40:00,6,5,17,17,40,10,53,", PONT DES CHEVRES ( RUE",,,Plein jour,En agglomération,Hors intersection,Normale,Autre collision,,,,,,,,,,,1,2,1,1,6
200600025198,0006-05-31 14:30:00,6,5,31,14,30,10,53,DIMES ( RUE DES) N°,,,Plein jour,En agglomération,Hors intersection,Normale,Deux véhicules - côté,,,,,,,,,,,1,2,1,1,3
200600025199,0006-05-31 13:15:00,6,5,31,13,15,10,53,"SNR, VERNE (AVENUE JEAN",,,Plein jour,En agglomération,Intersection en X,Normale,Deux véhicules - frontale,,,,,,,,,,,1,2,2,1,1
200600025200,0006-05-10 17:40:00,6,5,10,17,40,10,344,BRESSE (AVENUE DE),,,Plein jour,Hors agglomération,Giratoire,Normale,Sans collision,,,,,,,,,,,1,1,6,1,7
200600025201,0006-05-11 16:40:00,6,5,11,16,40,20,691,GAYANT (QUAI),,,Plein jour,En agglomération,Autre intersection,Normale,Deux véhicules - côté,,,,,,,,,,,1,2,9,1,3
200600025202,0006-05-17 16:45:00,6,5,17,16,45,20,340,BARBUSSE (RUE HENRI),,,Plein jour,En agglomération,Intersection en X,Normale,Deux véhicules - côté,,,,,,,,,,,1,2,2,1,3
200600025203,0006-05-16 15:00:00,6,5,16,15,0,20,691,"22, RICHELIEU (BD)",,,Plein jour,En agglomération,Intersection en T,Normale,Deux véhicules - côté,,,,,,,,,,,1,2,3,1,3
200600025204,0006-05-23 12:00:00,6,5,23,12,0,20,691,"117 ter, CHAUSSEE-ROMAIN",,,Plein jour,En agglomération,Intersection en T,Normale,Autre collision,,,,,,,,,,,1,2,3,1,6
200600025205,0006-05-26 12:10:00,6,5,26,12,10,20,722,"1, GAMBETTA ( BOULEVARD",,,Plein jour,En agglomération,Hors intersection,Normale,Autre collision,,,,,,,,,,,1,2,1,1,6
200600025206,0006-05-25 19:45:00,6,5,25,19,45,20,258,"1, QUARTIER DROUOT",,,Plein jour,En agglomération,Hors intersection,Normale,Deux véhicules - frontale,,,,,,,,,,,1,2,1,1,1
200600025207,0006-05-14 10:15:00,6,5,14,10,15,30,185,"262, PRESIDENT AURIOL (A",,,Plein jour,En agglomération,Hors intersection,Normale,Deux véhicules - côté,,,,,,,,,,,1,2,1,1,3
200600025208,0006-05-15 15:20:00,6,5,15,15,20,30,185,", BLANC ( QUAI LOUIS )",,,Plein jour,En agglomération,Autre intersection,Normale,Autre collision,,,,,,,,,,,1,2,9,1,6
200600025209,0006-05-19 09:53:00,6,5,19,9,53,30,185,RN 371,,,Plein jour,Hors agglomération,Hors intersection,Normale,Sans collision,,,,,,,,,,,1,1,1,1,7
200600025210,0006-05-28 09:30:00,6,5,28,9,30,30,185,BLANC ( QUAI LOUIS ),,,Plein jour,En agglomération,Hors intersection,Normale,Autre collision,,,,,,,,,,,1,2,1,1,6
200600025211,0006-05-28 10:25:00,6,5,28,10,25,30,101,VALLEE ( CHEMIN DE LA ),,,Plein jour,Hors agglomération,Intersection en Y,Normale,Deux véhicules - frontale,,,,,,,,,,,1,1,4,1,1
200600025212,0006-05-06 08:12:00,6,5,6,8,12,30,190,MONTILLY (ROUTE DE),,,Plein jour,Hors agglomération,Hors intersection,Normale,Autre collision,,,,,,,,,,,1,1,1,1,6
200600025213,0006-05-21 17:48:00,6,5,21,17,48,30,321,"32, JEAN-JAURES (BOULEVA",,,Plein jour,En agglomération,Intersection en X,Normale,Deux véhicules - côté,,,,,,,,,,,1,2,2,1,3
200600025214,0006-05-11 17:59:00,6,5,11,17,59,30,321,"12, BAIGNEUSE (RUE DE LA",,,Plein jour,En agglomération,Hors intersection,Normale,Sans collision,,,,,,,,,,,1,2,1,1,7
200600025215,0006-05-03 14:45:00,6,5,3,14,45,30,23,"14, RUSSIE (AVENUE DE)",,,Plein jour,En agglomération,Hors intersection,Normale,Deux véhicules - côté,,,,,,,,,,,1,2,1,1,3
200600025216,0006-05-03 18:50:00,6,5,3,18,50,30,94,"0, BOUTIRON (RUE DE)",,,Plein jour,En agglomération,Hors intersection,Normale,Deux véhicules - arrière,,,,,,,,,,,1,2,1,1,2
200600025217,0006-05-03 16:00:00,6,5,3,16,0,30,94,"10, VERGNES (RUE DES)",,,Plein jour,En agglomération,Hors intersection,Normale,Autre collision,,,,,,,,,,,1,2,1,1,6
200600025218,0006-05-05 15:00:00,6,5,5,15,0,30,95,"0, CHAMPCOURT (CHEMIN DE",,,Plein jour,En agglomération,Intersection en T,Normale,Deux véhicules - côté,,,,,,,,,,,1,2,3,1,3
200600025219,0006-05-08 12:15:00,6,5,8,12,15,30,94,INDUSTRIE (RUE DE L'),,,Plein jour,Hors agglomération,Giratoire,Normale,Deux véhicules - côté,,,,,,,,,,,1,1,6,1,3
200600025220,0006-05-10 07:35:00,6,5,10,7,35,30,23,EUROPE (AVENUE DE L'),,,Plein jour,En agglomération,Hors intersection,Normale,Deux véhicules - arrière,,,,,,,,,,,1,2,1,1,2
200600025221,0006-05-12 07:40:00,6,5,12,7,40,30,95,"1, LIEGE (RUE DE)",,,Plein jour,En agglomération,Intersection en T,Normale,Deux véhicules - côté,,,,,,,,,,,1,2,3,1,3
200600025222,0006-05-12 11:20:00,6,5,12,11,20,30,23,"00, BURLOT (RUE JEAN-BAP",,,Plein jour,En agglomération,Hors intersection,Temps couvert,Deux véhicules - frontale,,,,,,,,,,,1,2,1,8,1
200600025223,0006-05-15 07:45:00,6,5,15,7,45,30,94,BOUTIRON (RUE DE),,,Plein jour,En agglomération,Intersection en T,Normale,Deux véhicules - côté,,,,,,,,,,,1,2,3,1,3
200600025224,0006-05-16 16:15:00,6,5,16,16,15,30,94,INDUSTRIE (RUE DE L'),,,Plein jour,Hors agglomération,Intersection en T,Temps couvert,Deux véhicules - côté,,,,,,,,,,,1,1,3,8,3