accident_id,datetime,annee,mois,jour,heure,minute,departement,commune_insee,adresse,latitude,longitude,luminosite,agglomeration,intersection,meteo,collision,nb_vehicules,nb_usagers,nb_indemnes,nb_tues,nb_blesses_hosp,nb_blesses_legers,age_cond_1,age_cond_2,veh_type_cond_1,veh_type_cond_2,lum_code,agg_code,int_code,atm_code,col_code
200600025359,0006-05-04 21:10:00,6,5,4,21,10,60,69,"x, FANTON D'ANDON (ROND-",,,Nuit avec éclairage allumé,En agglomération,Giratoire,Normale,Deux véhicules - côté,,,,,,,,,,,5,2,6,1,3
200600025360,0006-05-09 14:50:00,6,5,9,14,50,60,69,"x, MOUANS (ROUTE DE)",,,Plein jour,En agglomération,Hors intersection,Normale,Deux véhicules - côté,,,,,,,,,,,1,2,1,1,3
200600025361,0006-05-12 11:05:00,6,5,12,11,5,60,69,"x, CAPUCINS (CHEMIN ET I",,,Plein jour,En agglomération,Hors intersection,Normale,Deux véhicules - arrière,,,,,,,,,,,1,2,1,1,2
200600025362,0006-05-15 20:40:00,6,5,15,20,40,60,69,"x, MARIGARDE (ROUTE DE L",,,Plein jour,En agglomération,Intersection en T,Normale,Deux véhicules - côté,,,,,,,,,,,1,2,3,1,3
200600025363,0006-05-16 13:00:00,6,5,16,13,0,60,69,"2, JEAN XXIII (AVENUE)",,,Plein jour,En agglomération,Hors intersection,Normale,Deux véhicules - frontale,,,,,,,,,,,1,2,1,1,1
200600025364,0006-05-17 15:10:00,6,5,17,15,10,60,69,"15 bis, HUGO (BOULEVARD",,,Plein jour,En agglomération,Hors intersection,Normale,Deux véhicules - côté,,,,,,,,,,,1,2,1,1,3
200600025365,0006-05-17 17:10:00,6,5,17,17,10,60,69,"16, AUTRANT (BOULEVARD D",,,Plein jour,En agglomération,Hors intersection,Normale,Deux véhicules - côté,,,,,,,,,,,1,2,1,1,3
200600025366,0006-05-17 20:40:00,6,5,17,20,40,60,69,"185, CANNES (ROUTE DE)",,,Crépuscule ou aube,En agglomération,Hors intersection,Normale,Deux véhicules - côté,,,,,,,,,,,2,2,1,1,3
200600025367,0006-05-19 14:45:00,6,5,19,14,45,60,69,"2, DRAGUIGNAN (ROUTE DE)",,,Plein jour,Hors agglomération,Hors intersection,Normale,Deux véhicules - arrière,,,,,,,,,,,1,1,1,1,2
200600025368,0006-05-23 17:55:00,6,5,23,17,55,60,69,"3, CANNES (ROUTE DE)  -R",,,Plein jour,Hors agglomération,Intersection en T,Normale,Deux véhicules - côté,,,,,,,,,,,1,1,3,1,3
200600025369,0006-05-23 17:15:00,6,5,23,17,15,60,69,"20, PLAN (ROUTE DU) -D30",,,Plein jour,En agglomération,Hors intersection,Normale,Deux véhicules - frontale,,,,,,,,,,,1,2,1,1,1
200600025370,0006-05-25 11:30:00,6,5,25,11,30,60,69,"X, SEMARD - LA GARE (AVE",,,Plein jour,En agglomération,Hors intersection,Normale,Autre collision,,,,,,,,,,,1,2,1,1,6
200600025371,0006-05-27 17:00:00,6,5,27,17,0,60,69,"X, POMPIDOU (AVENUE GEOR",,,Plein jour,En agglomération,Hors intersection,Normale,Deux véhicules - côté,,,,,,,,,,,1,2,1,1,3
200600025372,0006-05-31 09:00:00,6,5,31,9,0,60,69,"46, POMPIDOU (AVENUE GEO",,,Plein jour,En agglomération,Hors intersection,Normale,Deux véhicules - arrière,,,,,,,,,,,1,2,1,1,2
200600025373,0006-05-04 21:20:00,6,5,4,21,20,60,83,"3, SOSPEL (AVENUE DE, N°",,,Nuit sans éclairage public,En agglomération,Giratoire,Normale,Deux véhicules - côté,,,,,,,,,,,3,2,6,1,3
200600025374,0006-05-09 14:45:00,6,5,9,14,45,60,83,ROUTE DEPARTEMENTALE 256,,,Plein jour,En agglomération,Hors intersection,Normale,Autre collision,,,,,,,,,,,1,2,1,1,6
200600025375,0006-05-09 22:40:00,6,5,9,22,40,60,83,"17, FAURE (AVENUE FELIX)",,,Nuit avec éclairage allumé,En agglomération,Hors intersection,Normale,Autre collision,,,,,,,,,,,5,2,1,1,6
200600025376,0006-05-07 03:35:00,6,5,7,3,35,60,83,"1, DELATTRE DE TASSIGNY",,,Nuit avec éclairage allumé,En agglomération,Intersection en T,Normale,Deux véhicules - côté,,,,,,,,,,,5,2,3,1,3
200600025377,0006-05-06 23:40:00,6,5,6,23,40,60,104,"25, VOYAGE (AVENUE NOTRE",,,Nuit sans éclairage public,En agglomération,Hors intersection,Pluie légère,Trois véhicules et plus - collisions multiples,,,,,,,,,,,3,2,1,2,5
200600025378,0006-05-10 07:45:00,6,5,10,7,45,60,104,LECLERC (AVENUE GENERAL),,,Plein jour,En agglomération,Intersection en T,Normale,Deux véhicules - côté,,,,,,,,,,,1,2,3,1,3
200600025379,0006-05-08 21:05:00,6,5,8,21,5,60,83,VERDUN (AVENUE DE),,,Nuit avec éclairage allumé,En agglomération,Hors intersection,Normale,Autre collision,,,,,,,,,,,5,2,1,1,6
200600025380,0006-05-13 14:10:00,6,5,13,14,10,60,83,"44, ACACIAS (AVENUE DES)",,,Plein jour,En agglomération,Hors intersection,Normale,Deux véhicules - côté,,,,,,,,,,,1,2,1,1,3
200600025381,0006-05-18 11:10:00,6,5,18,11,10,60,12,"11 bis, FOCH (AVENUE MAR",,,Plein jour,En agglomération,Hors intersection,Normale,Autre collision,,,,,,,,,,,1,2,1,1,6
200600025382,0006-05-26 19:20:00,6,5,26,19,20,60,83,"1, MER (PROMENADE DE LA)",,,Plein jour,En agglomération,Hors intersection,Normale,Autre collision,,,,,,,,,,,1,2,1,1,6
200600025383,0006-05-28 00:50:00,6,5,28,0,50,60,104,JAURES (AVENUE JEAN),,,Nuit avec éclairage allumé,En agglomération,Intersection en X,Normale,Deux véhicules - côté,,,,,,,,,,,5,2,2,1,3
200600025384,0006-05-30 18:45:00,6,5,30,18,45,60,83,"63, SOSPEL (AVENUE DE, N",,,Plein jour,En agglomération,Hors intersection,Normale,Autre collision,,,,,,,,,,,1,2,1,1,6
200600025385,0006-05-27 17:25:00,6,5,27,17,25,60,104,AGERBOL (AVENUE D'),,,Plein jour,En agglomération,Hors intersection,Normale,Sans collision,,,,,,,,,,,1,2,1,1,7
200600025386,0006-05-01 12:15:00,6,5,1,12,15,60,88,"12, REINE-VICTORIA (AV.)",,,Plein jour,En agglomération,Intersection en T,Normale,Autre collision,,,,,,,,,,,1,2,3,1,6
200600025387,0006-05-01 18:10:00,6,5,1,18,10,60,88,"0, DIGUE DES FRANCAIS (T",,,Plein jour,En agglomération,Hors intersection,Normale,Deux véhicules - frontale,,,,,,,,,,,1,2,1,1,1
200600025388,0006-05-01 18:30:00,6,5,1,18,30,60,88,"0, GALLIENI (AV.)",,,Plein jour,En agglomération,Intersection en X,Normale,Deux véhicules - côté,,,,,,,,,,,1,2,2,1,3
200600025389,0006-05-02 01:45:00,6,5,2,1,45,60,88,"0, ANGLAIS (DU N° 114 AU",,,Nuit avec éclairage allumé,En agglomération,Intersection en X,Normale,Deux véhicules - côté,,,,,,,,,,,5,2,2,1,3
200600025390,0006-05-02 17:20:00,6,5,2,17,20,60,88,"4, AUGUSTA (AV. ANTONIA)",,,Plein jour,En agglomération,Hors intersection,Normale,Autre collision,,,,,,,,,,,1,2,1,1,6
200600025391,0006-05-02 18:00:00,6,5,2,18,0,60,88,"197, MADELEINE (BD DE LA",,,Plein jour,Hors agglomération,Hors intersection,Normale,Sans collision,,,,,,,,,,,1,1,1,1,7
200600025392,0006-05-02 18:25:00,6,5,2,18,25,60,88,"0, JOFFRE (R. MARECHAL)",,,Plein jour,En agglomération,Intersection en T,Normale,Deux véhicules - côté,,,,,,,,,,,1,2,3,1,3
200600025393,0006-05-02 18:40:00,6,5,2,18,40,60,88,RD 6007,,,Plein jour,En agglomération,Intersection en T,Normale,Deux véhicules - côté,,,,,,,,,,,1,2,3,1,3
200600025394,0006-05-03 07:30:00,6,5,3,7,30,60,88,"0, CALIFORNIE (AV.) (A P",,,Plein jour,En agglomération,Hors intersection,Normale,Deux véhicules - côté,,,,,,,,,,,1,2,1,1,3
200600025395,0006-05-03 06:20:00,6,5,3,6,20,60,88,SAINT-LAMBERT (AV.) (A P,,,Crépuscule ou aube,En agglomération,Intersection en T,Normale,Deux véhicules - côté,,,,,,,,,,,2,2,3,1,3
200600025396,0006-05-03 07:55:00,6,5,3,7,55,60,88,"0, VEROLA (AV. AUGUSTE)",,,Plein jour,En agglomération,Hors intersection,Normale,Deux véhicules - côté,,,,,,,,,,,1,2,1,1,3
200600025397,0006-05-03 08:30:00,6,5,3,8,30,60,88,"0, CASSIN (BD RENE)",,,Plein jour,En agglomération,Intersection en T,Normale,Deux véhicules - côté,,,,,,,,,,,1,2,3,1,3
200600025398,0006-05-03 09:20:00,6,5,3,9,20,60,88,"0, AICARD (AV. JEAN)",,,Plein jour,En agglomération,Intersection en X,Normale,Deux véhicules - côté,,,,,,,,,,,1,2,2,1,3
200600025399,0006-05-03 11:10:00,6,5,3,11,10,60,88,"0, CARNOT (BD)",,,Plein jour,En agglomération,Intersection en X,Normale,Deux véhicules - côté,,,,,,,,,,,1,2,2,1,3
200600025400,0006-05-03 14:00:00,6,5,3,14,0,60,88,"0, CALIFORNIE (AV.) (DU",,,Plein jour,En agglomération,Intersection en T,Normale,Deux véhicules - arrière,,,,,,,,,,,1,2,3,1,2
200600025401,0006-05-03 15:30:00,6,5,3,15,30,60,88,RD 6202,,,Plein jour,En agglomération,Hors intersection,Normale,Autre collision,,,,,,,,,,,1,2,1,1,6
200600025402,0006-05-03 20:30:00,6,5,3,20,30,60,88,"0, ESTIENNE -D'ORVES (AV",,,Nuit avec éclairage allumé,Hors agglomération,Intersection en X,Normale,Deux véhicules - côté,,,,,,,,,,,5,1,2,1,3
200600025403,0006-05-04 08:20:00,6,5,4,8,20,60,88,", VERNIER (R.)",,,Plein jour,En agglomération,Hors intersection,Normale,Autre collision,,,,,,,,,,,1,2,1,1,6
200600025404,0006-05-04 14:20:00,6,5,4,14,20,60,88,"0, PATRIMOINE (PTE AV. D",,,Plein jour,En agglomération,Intersection en T,Normale,Deux véhicules - frontale,,,,,,,,,,,1,2,3,1,1
200600025405,0006-05-04 14:30:00,6,5,4,14,30,60,88,"47, SMOLLET (R.)",,,Plein jour,En agglomération,Hors intersection,Normale,Deux véhicules - arrière,,,,,,,,,,,1,2,1,1,2
200600025406,0006-05-04 16:45:00,6,5,4,16,45,60,88,"0, RD 6202",,,Plein jour,Hors agglomération,Hors intersection,Normale,Sans collision,,,,,,,,,,,1,1,1,1,7
200600025407,0006-05-04 18:00:00,6,5,4,18,0,60,88,"0, SAINT-AUGUSTIN (AV. D",,,Plein jour,En agglomération,Hors intersection,Normale,Autre collision,,,,,,,,,,,1,2,1,1,6
200600025408,0006-05-04 19:45:00,6,5,4,19,45,60,88,"1, ARIANE (BD DE L')",,,Plein jour,En agglomération,Intersection en T,Normale,Deux véhicules - côté,,,,,,,,,,,1,2,3,1,3
200600025409,0006-05-05 07:45:00,6,5,5,7,45,60,88,"326, TURIN (RTE DE)",,,Plein jour,En agglomération,Hors intersection,Normale,Autre collision,,,,,,,,,,,1,2,1,1,6
200600025410,0006-05-05 08:00:00,6,5,5,8,0,60,88,"8, PAULIANI (AV.)",,,Plein jour,En agglomération,Intersection en T,Normale,Autre collision,,,,,,,,,,,1,2,3,1,6
200600025411,0006-05-05 08:25:00,6,5,5,8,25,60,88,"155, CORNICHE FLEURIE (A",,,Plein jour,En agglomération,Hors intersection,Normale,Deux véhicules - côté,,,,,,,,,,,1,2,1,1,3
200600025412,0006-05-05 09:25:00,6,5,5,9,25,60,88,JOLY (CORNICHE ANDRE DE),,,Plein jour,En agglomération,Intersection en T,Normale,Deux véhicules - côté,,,,,,,,,,,1,2,3,1,3
200600025413,0006-05-05 13:15:00,6,5,5,13,15,60,88,"40, PASTEUR (BD)",,,Plein jour,En agglomération,Hors intersection,Normale,Deux véhicules - côté,,,,,,,,,,,1,2,1,1,3
200600025414,0006-05-05 12:45:00,6,5,5,12,45,60,88,"27, JOLY (CORNICHE ANDRE",,,Plein jour,En agglomération,Hors intersection,Normale,Deux véhicules - côté,,,,,,,,,,,1,2,1,1,3
200600025415,0006-05-05 14:10:00,6,5,5,14,10,60,159,"98, ALBERT 1ER (AVENUE)",,,Plein jour,En agglomération,Hors intersection,Normale,Deux véhicules - côté,,,,,,,,,,,1,2,1,1,3
200600025416,0006-05-05 19:47:00,6,5,5,19,47,60,88,"3 BIS, HUGO (BD VICTOR)",,,Plein jour,Hors agglomération,Hors intersection,Normale,Autre collision,,,,,,,,,,,1,1,1,1,6
200600025417,0006-05-05 22:40:00,6,5,5,22,40,60,88,"175, CASSIN (BD RENE)",,,Nuit avec éclairage allumé,En agglomération,Intersection en T,Normale,Deux véhicules - côté,,,,,,,,,,,5,2,3,1,3
200600025418,0006-05-06 13:35:00,6,5,6,13,35,60,88,"0, DESAMBROIS (AV.)",,,Plein jour,En agglomération,Intersection en T,Normale,Deux véhicules - côté,,,,,,,,,,,1,2,3,1,3
200600025419,0006-05-06 22:48:00,6,5,6,22,48,60,88,"18, REINE-VICTORIA (AV.)",,,Nuit avec éclairage allumé,En agglomération,Intersection en T,Temps couvert,Deux véhicules - côté,,,,,,,,,,,5,2,3,8,3
200600025420,0006-05-07 11:20:00,6,5,7,11,20,60,88,"124, GAMBETTA (A PARTIR",,,Plein jour,En agglomération,Hors intersection,Normale,Deux véhicules - côté,,,,,,,,,,,1,2,1,1,3
200600025421,0006-05-07 11:35:00,6,5,7,11,35,60,88,"0, CORNIGLION MOLINIER (",,,Plein jour,En agglomération,Hors intersection,Normale,Trois véhicules et plus - collisions multiples,,,,,,,,,,,1,2,1,1,5
200600025422,0006-05-07 18:30:00,6,5,7,18,30,60,88,"0, PENETRANTE DU PAILLON",,,Plein jour,En agglomération,Hors intersection,Normale,Sans collision,,,,,,,,,,,1,2,1,1,7
200600025423,0006-05-07 23:15:00,6,5,7,23,15,60,88,"0, ETATS UNIS (QUAI/PLAG",,,Nuit avec éclairage allumé,En agglomération,Hors intersection,Normale,Deux véhicules - côté,,,,,,,,,,,5,2,1,1,3
200600025424,0006-05-08 00:30:00,6,5,8,0,30,60,88,"3, MADELEINE (BD DE LA)",,,Nuit avec éclairage allumé,En agglomération,Hors intersection,Normale,Autre collision,,,,,,,,,,,5,2,1,1,6
200600025425,0006-05-09 13:15:00,6,5,9,13,15,60,88,"60, PERTINAX (R.)",,,Plein jour,En agglomération,Hors intersection,Normale,Autre collision,,,,,,,,,,,1,2,1,1,6
200600025426,0006-05-09 08:20:00,6,5,9,8,20,60,88,"0, CHANTAL (AV.)",,,Plein jour,En agglomération,Intersection en T,Normale,Deux véhicules - côté,,,,,,,,,,,1,2,3,1,3
200600025427,0006-05-09 14:50:00,6,5,9,14,50,60,88,"0, GORBELLA (BD DE)",,,Plein jour,En agglomération,Intersection en T,Normale,Sans collision,,,,,,,,,,,1,2,3,1,7
200600025428,0006-05-09 15:00:00,6,5,9,15,0,60,88,"0, MALRAUX (VOIE ET TUNN",,,Plein jour,En agglomération,Hors intersection,Normale,Deux véhicules - côté,,,,,,,,,,,1,2,1,1,3
200600025429,0006-05-09 19:30:00,6,5,9,19,30,60,88,"0, CIMIEZ (BD) JUSQU'AU",,,Plein jour,En agglomération,Intersection en X,Normale,Deux véhicules - côté,,,,,,,,,,,1,2,2,1,3
200600025430,0006-05-10 11:43:00,6,5,10,11,43,60,88,"53, ARIANE (BD DE L')",,,Plein jour,En agglomération,Hors intersection,Normale,Deux véhicules - arrière,,,,,,,,,,,1,2,1,1,2
200600025431,0006-05-10 12:30:00,6,5,10,12,30,60,88,"145, FRANCE (R. DE) A PA",,,Plein jour,En agglomération,Intersection en T,Normale,Deux véhicules - côté,,,,,,,,,,,1,2,3,1,3
200600025432,0006-05-10 17:40:00,6,5,10,17,40,60,88,"2, FAURE (AV. FELIX)",,,Plein jour,En agglomération,Hors intersection,Temps couvert,Autre collision,,,,,,,,,,,1,2,1,8,6
200600025433,0006-05-10 22:30:00,6,5,10,22,30,60,88,"54, CALIFORNIE (AV.) (DU",,,Nuit avec éclairage allumé,En agglomération,Hors intersection,Pluie forte,Autre collision,,,,,,,,,,,5,2,1,3,6
200600025434,0006-05-11 05:40:00,6,5,11,5,40,60,88,"0, LEPANTE (R. DE)",,,Crépuscule ou aube,En agglomération,Intersection en X,Normale,Deux véhicules - côté,,,,,,,,,,,2,2,2,1,3
200600025435,0006-05-11 08:30:00,6,5,11,8,30,60,88,"17, PILATTE (BD FRANCK)",,,Plein jour,En agglomération,Hors intersection,Normale,Deux véhicules - arrière,,,,,,,,,,,1,2,1,1,2
200600025436,0006-05-11 14:20:00,6,5,11,14,20,60,88,"0, ANGLAIS PLAGE(DU 45 A",,,Plein jour,En agglomération,Hors intersection,Normale,Deux véhicules - côté,,,,,,,,,,,1,2,1,1,3
200600025437,0006-05-11 14:45:00,6,5,11,14,45,60,88,"0, NOTRE-DAME (AV.)",,,Plein jour,En agglomération,Hors intersection,Normale,Autre collision,,,,,,,,,,,1,2,1,1,6
200600025438,0006-05-11 16:50:00,6,5,11,16,50,60,88,"0, VAUBAN (R. MARECHAL)",,,Plein jour,En agglomération,Hors intersection,Normale,Deux véhicules - côté,,,,,,,,,,,1,2,1,1,3
200600025439,0006-05-11 19:45:00,6,5,11,19,45,60,159,"0, ALBERT 1ER (AVENUE)",,,Plein jour,En agglomération,Intersection en T,Normale,Deux véhicules - côté,,,,,,,,,,,1,2,3,1,3
200600025440,0006-05-12 09:15:00,6,5,12,9,15,60,88,"0, JOLY (CORNICHE ANDRE",,,Plein jour,En agglomération,Intersection en T,Normale,Deux véhicules - côté,,,,,,,,,,,1,2,3,1,3
200600025441,0006-05-12 10:15:00,6,5,12,10,15,60,88,"26, QUAI LUNEL",,,Plein jour,En agglomération,Hors intersection,Normale,Deux véhicules - frontale,,,,,,,,,,,1,2,1,1,1
200600025442,0006-05-12 15:20:00,6,5,12,15,20,60,88,"147, NAPOLEON III (BD)",,,Plein jour,En agglomération,Hors intersection,Normale,Deux véhicules - côté,,,,,,,,,,,1,2,1,1,3
200600025443,0006-05-12 22:50:00,6,5,12,22,50,60,88,ANGLAIS PLAGE (DU 114/26,,,Nuit avec éclairage allumé,En agglomération,Hors intersection,Normale,Deux véhicules - côté,,,,,,,,,,,5,2,1,1,3
200600025444,0006-05-13 00:30:00,6,5,13,0,30,60,88,"0, DUFY (RUE RAOUL)",,,Nuit avec éclairage allumé,En agglomération,Intersection en X,Normale,Deux véhicules - côté,,,,,,,,,,,5,2,2,1,3
200600025445,0006-05-13 11:15:00,6,5,13,11,15,60,88,"0, GRENOBLE (ROUTE DE)",,,Plein jour,En agglomération,Autre intersection,Normale,Sans collision,,,,,,,,,,,1,2,9,1,7
200600025446,0006-05-14 01:40:00,6,5,14,1,40,60,88,"0, RAUBA-CAPEU (QUAI)",,,Nuit sans éclairage public,En agglomération,Hors intersection,Temps couvert,Autre collision,,,,,,,,,,,3,2,1,8,6
200600025447,0006-05-14 09:35:00,6,5,14,9,35,60,88,"47/49, LYAUTEY (AV. DU M",,,Plein jour,En agglomération,Hors intersection,Normale,Deux véhicules - côté,,,,,,,,,,,1,2,1,1,3
200600025448,0006-05-14 16:45:00,6,5,14,16,45,60,88,"107, ANGLAIS PLAGE (N° 1",,,Plein jour,En agglomération,Hors intersection,Normale,Deux véhicules - arrière,,,,,,,,,,,1,2,1,1,2
200600025449,0006-05-14 17:00:00,6,5,14,17,0,60,88,"0, ST LAMBERT (JUSQU'AU",,,Plein jour,En agglomération,Hors intersection,Normale,Deux véhicules - côté,,,,,,,,,,,1,2,1,1,3
200600025450,0006-05-14 18:00:00,6,5,14,18,0,60,88,"0, DABRAY (RUE ET IMP.)",,,Plein jour,En agglomération,Intersection en X,Normale,Deux véhicules - côté,,,,,,,,,,,1,2,2,1,3
200600025451,0006-05-14 19:45:00,6,5,14,19,45,60,88,"35, CHENES (AV. DES) LAS",,,Plein jour,En agglomération,Hors intersection,Normale,Deux véhicules - frontale,,,,,,,,,,,1,2,1,1,1
200600025452,0006-05-14 22:50:00,6,5,14,22,50,60,88,NAPOLEON III (PONT),,,Nuit avec éclairage allumé,En agglomération,Hors intersection,Normale,Sans collision,,,,,,,,,,,5,2,1,1,7
200600025453,0006-05-15 07:30:00,6,5,15,7,30,60,88,"65, CASSIN (BD RENE)",,,Plein jour,En agglomération,Hors intersection,Normale,Autre collision,,,,,,,,,,,1,2,1,1,6
200600025454,0006-05-15 11:00:00,6,5,15,11,0,60,88,"0, CASSIN (BD RENE)",,,Plein jour,En agglomération,Hors intersection,Normale,Deux véhicules - arrière,,,,,,,,,,,1,2,1,1,2
200600025455,0006-05-15 14:00:00,6,5,15,14,0,60,88,"212, TURIN (RTE DE)",,,Plein jour,En agglomération,Hors intersection,Normale,Deux véhicules - côté,,,,,,,,,,,1,2,1,1,3
200600025456,0006-05-15 15:20:00,6,5,15,15,20,60,88,"72, GAMBETTA (A PARTIR D",,,Plein jour,En agglomération,Intersection en T,Normale,Deux véhicules - côté,,,,,,,,,,,1,2,3,1,3
200600025457,0006-05-15 21:00:00,6,5,15,21,0,60,88,"109, ANGLAIS (DU N° 45 A",,,Nuit avec éclairage allumé,En agglomération,Hors intersection,Normale,Autre collision,,,,,,,,,,,5,2,1,1,6
200600025458,0006-05-15 21:10:00,6,5,15,21,10,60,88,FAC DE MEDECINE (VALOMBR,,,Nuit avec éclairage allumé,En agglomération,Hors intersection,Normale,Deux véhicules - côté,,,,,,,,,,,5,2,1,1,3
200600025459,0006-05-16 08:00:00,6,5,16,8,0,60,88,"144, TURIN (RTE DE)",,,Plein jour,En agglomération,Hors intersection,Normale,Deux véhicules - arrière,,,,,,,,,,,1,2,1,1,2
200600025460,0006-05-16 00:30:00,6,5,16,0,30,60,88,"0, DUNANT (AV. HENRI)",,,Nuit avec éclairage allumé,En agglomération,Intersection en T,Normale,Sans collision,,,,,,,,,,,5,2,3,1,7
200600025461,0006-05-16 09:10:00,6,5,16,9,10,60,88,"205, MADELEINE (BD DE LA",,,Plein jour,En agglomération,Hors intersection,Normale,Autre collision,,,,,,,,,,,1,2,1,1,6
200600025462,0006-05-16 11:45:00,6,5,16,11,45,60,88,"48, GORBELLA (BD DE)",,,Plein jour,En agglomération,Hors intersection,Normale,Autre collision,,,,,,,,,,,1,2,1,1,6
200600025463,0006-05-16 14:30:00,6,5,16,14,30,60,88,"87, RAYBAUD JOSEPH",,,Plein jour,En agglomération,Hors intersection,Normale,Deux véhicules - côté,,,,,,,,,,,1,2,1,1,3
200600025464,0006-05-16 15:15:00,6,5,16,15,15,60,88,"0, BISCHOFFSHEIM (BD)",,,Plein jour,En agglomération,Intersection en X,Normale,Deux véhicules - frontale,,,,,,,,,,,1,2,2,1,1
200600025465,0006-05-16 17:00:00,6,5,16,17,0,60,88,"58/60, GAIRAUT (AV. DE)",,,Plein jour,En agglomération,Hors intersection,Normale,Deux véhicules - frontale,,,,,,,,,,,1,2,1,1,1
200600025466,0006-05-16 19:08:00,6,5,16,19,8,60,88,"0, HEROLD (R.)",,,Plein jour,En agglomération,Intersection en T,Normale,Deux véhicules - côté,,,,,,,,,,,1,2,3,1,3
200600025467,0006-05-16 19:40:00,6,5,16,19,40,60,88,"0, LYMPIA (AV.)",,,Plein jour,En agglomération,Hors intersection,Normale,Deux véhicules - côté,,,,,,,,,,,1,2,1,1,3
200600025468,0006-05-17 01:15:00,6,5,17,1,15,60,88,"28, QUAI LUNEL",,,Nuit avec éclairage allumé,En agglomération,Hors intersection,Normale,Autre collision,,,,,,,,,,,5,2,1,1,6
200600025469,0006-05-17 08:00:00,6,5,17,8,0,60,88,"122, GAMBETTA (A PARTIR",,,Plein jour,En agglomération,Hors intersection,Normale,Autre collision,,,,,,,,,,,1,2,1,1,6
200600025470,0006-05-17 12:50:00,6,5,17,12,50,60,88,"113, JOLY (CORNICHE ANDR",,,Plein jour,En agglomération,Hors intersection,Normale,Deux véhicules - côté,,,,,,,,,,,1,2,1,1,3
200600025471,0006-05-17 15:00:00,6,5,17,15,0,60,88,"0, SOLA (BD PIERRE)",,,Plein jour,En agglomération,Intersection en X,Normale,Deux véhicules - côté,,,,,,,,,,,1,2,2,1,3
200600025472,0006-05-17 15:59:00,6,5,17,15,59,60,88,TURIN (RTE DE),,,Plein jour,En agglomération,Intersection en X,Normale,Deux véhicules - côté,,,,,,,,,,,1,2,2,1,3
200600025473,0006-05-17 19:25:00,6,5,17,19,25,60,88,"0, HOTEL DES POSTES (R.)",,,Plein jour,En agglomération,Intersection en X,Normale,Deux véhicules - côté,,,,,,,,,,,1,2,2,1,3
200600025474,0006-05-17 20:35:00,6,5,17,20,35,60,88,"50, GALLIENI (AV.)",,,Nuit avec éclairage allumé,En agglomération,Hors intersection,Normale,Sans collision,,,,,,,,,,,5,2,1,1,7
200600025475,0006-05-17 21:28:00,6,5,17,21,28,60,159,"23, CORNE D OR (BOULEVAR",,,Nuit avec éclairage allumé,En agglomération,Hors intersection,Normale,Deux véhicules - côté,,,,,,,,,,,5,2,1,1,3
200600025476,0006-05-18 17:45:00,6,5,18,17,45,60,88,"26, QUAI LUNEL",,,Plein jour,En agglomération,Hors intersection,Normale,Autre collision,,,,,,,,,,,1,2,1,1,6
200600025477,0006-05-19 08:45:00,6,5,19,8,45,60,88,"123, GAMBETTA (A PARTIR",,,Plein jour,En agglomération,Hors intersection,Normale,Trois véhicules et plus - collisions multiples,,,,,,,,,,,1,2,1,1,5
200600025478,0006-05-19 09:20:00,6,5,19,9,20,60,88,"0, HOTEL DES POSTES (R.)",,,Plein jour,En agglomération,Intersection en T,Normale,Deux véhicules - côté,,,,,,,,,,,1,2,3,1,3
200600025479,0006-05-19 12:15:00,6,5,19,12,15,60,88,"0, GEROME (PL. CDT)",,,Plein jour,En agglomération,Place,Normale,Trois véhicules et plus - collisions multiples,,,,,,,,,,,1,2,7,1,5
200600025480,0006-05-19 12:30:00,6,5,19,12,30,60,88,"0, JOFFRE (R. MARECHAL)",,,Plein jour,En agglomération,Hors intersection,Normale,Deux véhicules - côté,,,,,,,,,,,1,2,1,1,3
200600025481,0006-05-19 13:20:00,6,5,19,13,20,60,88,"4850, SERRES DE SAQUIER",,,Plein jour,En agglomération,Hors intersection,Normale,Deux véhicules - frontale,,,,,,,,,,,1,2,1,1,1
200600025482,0006-05-19 13:30:00,6,5,19,13,30,60,88,"104, CIMIEZ (BD) A PARTI",,,Plein jour,En agglomération,Hors intersection,Normale,Deux véhicules - arrière,,,,,,,,,,,1,2,1,1,2
200600025483,0006-05-19 13:31:00,6,5,19,13,31,60,88,"36, ESTIENNE -D'ORVES (A",,,Plein jour,En agglomération,Hors intersection,Normale,Trois véhicules et plus - collisions multiples,,,,,,,,,,,1,2,1,1,5
200600025484,0006-05-20 11:45:00,6,5,20,11,45,60,88,"0, PREFECTURE (R. DE LA)",,,Plein jour,En agglomération,Intersection en T,Normale,Autre collision,,,,,,,,,,,1,2,3,1,6
200600025485,0006-05-20 21:45:00,6,5,20,21,45,60,88,"0, BAQUIS (AV.)",,,Nuit avec éclairage allumé,En agglomération,Intersection en T,Normale,Deux véhicules - côté,,,,,,,,,,,5,2,3,1,3
200600025486,0006-05-21 09:45:00,6,5,21,9,45,60,88,"0, RD 6202",,,Plein jour,En agglomération,Hors intersection,Normale,Autre collision,,,,,,,,,,,1,2,1,1,6
200600025487,0006-05-21 14:30:00,6,5,21,14,30,60,159,"0, SAINT JEAN (PONT)",,,Plein jour,En agglomération,Hors intersection,Normale,Deux véhicules - côté,,,,,,,,,,,1,2,1,1,3
200600025488,0006-05-21 16:00:00,6,5,21,16,0,60,88,"0, BUFFA (RUE DE LA)",,,Plein jour,En agglomération,Intersection en X,Normale,Deux véhicules - côté,,,,,,,,,,,1,2,2,1,3
200600025489,0006-05-22 05:15:00,6,5,22,5,15,60,88,"0, MIRABEAU (AV.)",,,Crépuscule ou aube,En agglomération,Intersection en X,Normale,Deux véhicules - côté,,,,,,,,,,,2,2,2,1,3
200600025490,0006-05-22 06:50:00,6,5,22,6,50,60,88,"323, ANGLAIS (DU N° 265",,,Plein jour,En agglomération,Hors intersection,Normale,Autre collision,,,,,,,,,,,1,2,1,1,6
200600025491,0006-05-22 08:15:00,6,5,22,8,15,60,88,"33, MONT ALBAN (RTE ET C",,,Plein jour,En agglomération,Hors intersection,Normale,Deux véhicules - frontale,,,,,,,,,,,1,2,1,1,1