accident_id,datetime,annee,mois,jour,heure,minute,departement,commune_insee,adresse,latitude,longitude,luminosite,agglomeration,intersection,meteo,collision,nb_vehicules,nb_usagers,nb_indemnes,nb_tues,nb_blesses_hosp,nb_blesses_legers,age_cond_1,age_cond_2,veh_type_cond_1,veh_type_cond_2,lum_code,agg_code,int_code,atm_code,col_code
200600025492,0006-05-22 09:20:00,6,5,22,9,20,60,88,"280, TURIN (RTE DE)",,,Plein jour,En agglomération,Hors intersection,Normale,Deux véhicules - arrière,,,,,,,,,,,1,2,1,1,2
200600025493,0006-05-22 13:00:00,6,5,22,13,0,60,88,"4, CROTTI (DESCENTE)",,,Plein jour,En agglomération,Hors intersection,Normale,Deux véhicules - arrière,,,,,,,,,,,1,2,1,1,2
200600025494,0006-05-22 13:10:00,6,5,22,13,10,60,88,"0, GAMBETTA (JUSQU'AU N°",,,Plein jour,En agglomération,Intersection en X,Normale,Deux véhicules - côté,,,,,,,,,,,1,2,2,1,3
200600025495,0006-05-22 16:20:00,6,5,22,16,20,60,88,"0, NOTRE-DAME (AV.)",,,Plein jour,En agglomération,Intersection en X,Normale,Deux véhicules - côté,,,,,,,,,,,1,2,2,1,3
200600025496,0006-05-22 17:05:00,6,5,22,17,5,60,88,"85, CALIFORNIE (AV.) (DU",,,Plein jour,En agglomération,Hors intersection,Normale,Deux véhicules - côté,,,,,,,,,,,1,2,1,1,3
200600025497,0006-05-22 18:30:00,6,5,22,18,30,60,88,"0, PENETRANTE DU PAILLON",,,Plein jour,En agglomération,Intersection en T,Normale,Deux véhicules - côté,,,,,,,,,,,1,2,3,1,3
200600025498,0006-05-22 20:30:00,6,5,22,20,30,60,88,"0, PILATTE (BD FRANCK)",,,Plein jour,En agglomération,Intersection en T,Normale,Deux véhicules - frontale,,,,,,,,,,,1,2,3,1,1
200600025499,0006-05-23 07:25:00,6,5,23,7,25,60,88,ANGLAIS PLAGE (DU 114/26,,,Plein jour,En agglomération,Hors intersection,Normale,Deux véhicules - côté,,,,,,,,,,,1,2,1,1,3
200600025500,0006-05-23 12:30:00,6,5,23,12,30,60,88,"3, GUIGLIA (R.)",,,Plein jour,En agglomération,Hors intersection,Normale,Deux véhicules - arrière,,,,,,,,,,,1,2,1,1,2
200600025501,0006-05-23 16:45:00,6,5,23,16,45,60,88,"0, NAPOLEON III (BD)",,,Plein jour,En agglomération,Intersection en T,Normale,Deux véhicules - côté,,,,,,,,,,,1,2,3,1,3
200600025502,0006-05-23 18:15:00,6,5,23,18,15,60,88,"3, PHOCEENS (AV. DES)",,,Plein jour,En agglomération,Hors intersection,Normale,Deux véhicules - arrière,,,,,,,,,,,1,2,1,1,2
200600025503,0006-05-23 19:00:00,6,5,23,19,0,60,88,"58, SAINT-AUGUSTIN (AV.",,,Plein jour,En agglomération,Hors intersection,Normale,Deux véhicules - côté,,,,,,,,,,,1,2,1,1,3
200600025504,0006-05-24 00:25:00,6,5,24,0,25,60,88,"54, ANGLAIS PLAGE(DU 45",,,Nuit avec éclairage allumé,En agglomération,Hors intersection,Normale,Autre collision,,,,,,,,,,,5,2,1,1,6
200600025505,0006-05-24 07:20:00,6,5,24,7,20,60,88,"0, ETATS UNIS (QUAI DES)",,,Plein jour,En agglomération,Hors intersection,Normale,Autre collision,,,,,,,,,,,1,2,1,1,6
200600025506,0006-05-24 08:15:00,6,5,24,8,15,60,88,"0, SAINT-LAMBERT (AV.) (",,,Plein jour,En agglomération,Intersection en X,Normale,Deux véhicules - côté,,,,,,,,,,,1,2,2,1,3
200600025507,0006-05-24 14:00:00,6,5,24,14,0,60,88,"0, GRENOBLE (ROUTE DE)",,,Plein jour,En agglomération,Hors intersection,Normale,Deux véhicules - arrière,,,,,,,,,,,1,2,1,1,2
200600025508,0006-05-24 15:30:00,6,5,24,15,30,60,88,"0, STE-MARGUERITE (AV.)",,,Plein jour,En agglomération,Hors intersection,Normale,Sans collision,,,,,,,,,,,1,2,1,1,7
200600025509,0006-05-24 17:00:00,6,5,24,17,0,60,88,"4, BLANQUI (PL. AUGUSTE)",,,Plein jour,En agglomération,Hors intersection,Normale,Autre collision,,,,,,,,,,,1,2,1,1,6
200600025510,0006-05-24 17:30:00,6,5,24,17,30,60,88,"0, VITTONE (AV.)",,,Plein jour,En agglomération,Hors intersection,Normale,Autre collision,,,,,,,,,,,1,2,1,1,6
200600025511,0006-05-24 19:40:00,6,5,24,19,40,60,159,"48, ALBERT 1ER (AVENUE)",,,Plein jour,En agglomération,Hors intersection,Normale,Deux véhicules - arrière,,,,,,,,,,,1,2,1,1,2
200600025512,0006-05-25 14:15:00,6,5,25,14,15,60,88,"0, BERLIOZ (RUE)",,,Plein jour,En agglomération,Intersection en T,Normale,Autre collision,,,,,,,,,,,1,2,3,1,6
200600025513,0006-05-25 19:20:00,6,5,25,19,20,60,88,"147 bas, FABRON (AV. DE)",,,Plein jour,En agglomération,Hors intersection,Normale,Deux véhicules - côté,,,,,,,,,,,1,2,1,1,3
200600025514,0006-05-26 01:45:00,6,5,26,1,45,60,88,"0, PASTORELLE (AV. DE LA",,,Nuit avec éclairage allumé,En agglomération,Hors intersection,Normale,Autre collision,,,,,,,,,,,5,2,1,1,6
200600025515,0006-05-26 16:25:00,6,5,26,16,25,60,88,"0, ST LAMBERT A PARTIR D",,,Plein jour,En agglomération,Intersection en X,Normale,Deux véhicules - côté,,,,,,,,,,,1,2,2,1,3
200600025516,0006-05-26 17:00:00,6,5,26,17,0,60,88,"0, MIRABEAU (AV.)",,,Plein jour,En agglomération,Intersection en X,Normale,Autre collision,,,,,,,,,,,1,2,2,1,6
200600025517,0006-05-27 18:13:00,6,5,27,18,13,60,88,"12, CANTA (IMP.)",,,Plein jour,En agglomération,Hors intersection,Normale,Autre collision,,,,,,,,,,,1,2,1,1,6
200600025518,0006-05-28 10:30:00,6,5,28,10,30,60,88,"0, ANGLAIS PLAGE (DU 114",,,Plein jour,En agglomération,Hors intersection,Normale,Deux véhicules - côté,,,,,,,,,,,1,2,1,1,3
200600025519,0006-05-28 18:00:00,6,5,28,18,0,60,88,"216, TURIN (RTE DE)",,,Plein jour,En agglomération,Hors intersection,Normale,Deux véhicules - arrière,,,,,,,,,,,1,2,1,1,2
200600025520,0006-05-28 18:20:00,6,5,28,18,20,60,88,"34, COMBOUL (AV. RAYMOND",,,Plein jour,En agglomération,Hors intersection,Normale,Deux véhicules - arrière,,,,,,,,,,,1,2,1,1,2
200600025521,0006-05-29 08:40:00,6,5,29,8,40,60,88,"83, LYAUTEY (AV. DU MAL)",,,Plein jour,En agglomération,Hors intersection,Normale,Deux véhicules - arrière,,,,,,,,,,,1,2,1,1,2
200600025522,0006-05-29 07:25:00,6,5,29,7,25,60,88,"0, SOLA (BD PIERRE)",,,Plein jour,En agglomération,Intersection en X,Normale,Deux véhicules - côté,,,,,,,,,,,1,2,2,1,3
200600025523,0006-05-29 09:30:00,6,5,29,9,30,60,88,"23, GRENOBLE (ROUTE DE)",,,Plein jour,En agglomération,Hors intersection,Normale,Autre collision,,,,,,,,,,,1,2,1,1,6
200600025524,0006-05-29 12:00:00,6,5,29,12,0,60,88,"0, SAINT-LAMBERT (AV.) (",,,Plein jour,En agglomération,Intersection en X,Normale,Deux véhicules - côté,,,,,,,,,,,1,2,2,1,3
200600025525,0006-05-29 15:30:00,6,5,29,15,30,60,88,"0, RD 6202",,,Plein jour,Hors agglomération,Hors intersection,Normale,Deux véhicules - côté,,,,,,,,,,,1,1,1,1,3
200600025526,0006-05-29 15:40:00,6,5,29,15,40,60,88,"0, GUISOL (R. FRANCOIS)",,,Plein jour,En agglomération,Intersection en X,Normale,Deux véhicules - côté,,,,,,,,,,,1,2,2,1,3
200600025527,0006-05-29 17:00:00,6,5,29,17,0,60,88,"17, PERTINAX (R.)",,,Plein jour,En agglomération,Hors intersection,Pluie légère,Autre collision,,,,,,,,,,,1,2,1,2,6
200600025528,0006-05-29 17:30:00,6,5,29,17,30,60,88,"13, BARLA (RUE)",,,Plein jour,En agglomération,Hors intersection,Normale,Deux véhicules - arrière,,,,,,,,,,,1,2,1,1,2
200600025529,0006-05-29 17:31:00,6,5,29,17,31,60,88,"0, RD 6202",,,Plein jour,Hors agglomération,Hors intersection,Normale,Deux véhicules - côté,,,,,,,,,,,1,1,1,1,3
200600025530,0006-05-30 14:45:00,6,5,30,14,45,60,88,"0, DON BOSCO (PLACE)",,,Plein jour,En agglomération,Hors intersection,Normale,Deux véhicules - côté,,,,,,,,,,,1,2,1,1,3
200600025531,0006-05-30 16:00:00,6,5,30,16,0,60,88,"4, JOLY (CORNICHE ANDRE",,,Plein jour,En agglomération,Hors intersection,Normale,Autre collision,,,,,,,,,,,1,2,1,1,6
200600025532,0006-05-30 17:35:00,6,5,30,17,35,60,88,GEROME (PL. CDT),,,Plein jour,En agglomération,Place,Normale,Deux véhicules - côté,,,,,,,,,,,1,2,7,1,3
200600025533,0006-05-30 20:00:00,6,5,30,20,0,60,88,"3 BIS, HUGO (BD VICTOR)",,,Plein jour,En agglomération,Hors intersection,Normale,Autre collision,,,,,,,,,,,1,2,1,1,6
200600025534,0006-05-31 07:55:00,6,5,31,7,55,60,88,"0, DIABLES BLEUS (AV. DE",,,Plein jour,En agglomération,Hors intersection,Normale,Deux véhicules - côté,,,,,,,,,,,1,2,1,1,3
200600025535,0006-05-31 08:30:00,6,5,31,8,30,60,88,"0, CARNOT (BD)",,,Plein jour,En agglomération,Intersection en T,Normale,Trois véhicules et plus - collisions multiples,,,,,,,,,,,1,2,3,1,5
200600025536,0006-05-31 13:35:00,6,5,31,13,35,60,88,"11, CARLONE (BD)",,,Plein jour,En agglomération,Hors intersection,Pluie légère,Sans collision,,,,,,,,,,,1,2,1,2,7
200600025537,0006-05-31 15:50:00,6,5,31,15,50,60,88,"0, VERANY (BD J.B.)",,,Plein jour,En agglomération,Hors intersection,Pluie forte,Sans collision,,,,,,,,,,,1,2,1,3,7
200600025538,0006-05-31 16:15:00,6,5,31,16,15,60,88,"0, ANGLAIS PLAGE (DU 265",,,Plein jour,En agglomération,Hors intersection,Temps couvert,Sans collision,,,,,,,,,,,1,2,1,8,7
200600025539,0006-05-31 17:15:00,6,5,31,17,15,60,88,"61, GROSSO (JUSQU'AU N°",,,Plein jour,En agglomération,Intersection en X,Pluie légère,Deux véhicules - côté,,,,,,,,,,,1,2,2,2,3
200600025540,0006-05-31 17:16:00,6,5,31,17,16,60,88,"0, RD 6007",,,Plein jour,Hors agglomération,Intersection à plus de 4 branches,Normale,Trois véhicules et plus - en chaîne,,,,,,,,,,,1,1,5,1,4
200600025541,0006-05-31 18:00:00,6,5,31,18,0,60,88,"0, RD 6202",,,Plein jour,Hors agglomération,Hors intersection,Normale,Deux véhicules - côté,,,,,,,,,,,1,1,1,1,3
200600025542,0006-05-31 19:50:00,6,5,31,19,50,60,88,"54, MONTEL (BD PAUL)",,,Plein jour,En agglomération,Hors intersection,Normale,Autre collision,,,,,,,,,,,1,2,1,1,6
200600025543,0006-05-22 18:25:00,6,5,22,18,25,70,102,"1449, REPUBLIQUE (AV. DE",,,Plein jour,En agglomération,Hors intersection,Normale,Autre collision,,,,,,,,,,,1,2,1,1,6
200600025544,0006-05-02 21:45:00,6,5,2,21,45,80,298,rue de nouzonville,,,Crépuscule ou aube,Hors agglomération,Hors intersection,Normale,Deux véhicules - côté,,,,,,,,,,,2,1,1,1,3
200600025545,0006-05-08 06:50:00,6,5,8,6,50,80,105,"5, FERROUL",,,Plein jour,En agglomération,Autre intersection,Normale,Autre collision,,,,,,,,,,,1,2,9,1,6
200600025546,0006-05-10 14:45:00,6,5,10,14,45,80,105,"51, FERROUL",,,Plein jour,En agglomération,Hors intersection,Normale,Deux véhicules - côté,,,,,,,,,,,1,2,1,1,3
200600025547,0006-05-10 16:50:00,6,5,10,16,50,80,105,"15, FERROUL",,,Plein jour,En agglomération,Hors intersection,Normale,Autre collision,,,,,,,,,,,1,2,1,1,6
200600025548,0006-05-22 17:40:00,6,5,22,17,40,80,105,"51 bis, MONTHERME",,,Plein jour,En agglomération,Hors intersection,Normale,Autre collision,,,,,,,,,,,1,2,1,1,6
200600025549,0006-05-29 08:20:00,6,5,29,8,20,80,105,NOUZONVILLE,,,Plein jour,Hors agglomération,Hors intersection,Temps couvert,Autre collision,,,,,,,,,,,1,1,1,8,6
200600025550,0006-05-19 04:39:00,6,5,19,4,39,90,122,"65, BARCELONE (AVENUE DE",,,Nuit sans éclairage public,En agglomération,Hors intersection,Normale,Sans collision,,,,,,,,,,,3,2,1,1,7
200600025551,0006-05-02 18:55:00,6,5,2,18,55,100,325,"000, PASTEUR (RUE)",,,Plein jour,En agglomération,Intersection en T,Normale,Deux véhicules - arrière,,,,,,,,,,,1,2,3,1,2
200600025552,0006-05-03 12:00:00,6,5,3,12,0,100,387,"000, FORTIER (RUE)",,,Plein jour,En agglomération,Intersection en X,Normale,Deux véhicules - côté,,,,,,,,,,,1,2,2,1,3
200600025553,0006-05-04 12:00:00,6,5,4,12,0,100,387,"000, GENERAL PATTON (NAT",,,Plein jour,En agglomération,Hors intersection,Normale,Deux véhicules - arrière,,,,,,,,,,,1,2,1,1,2
200600025554,0006-05-08 10:25:00,6,5,8,10,25,100,362,"000, LOUIS AUGER (RUE)",,,Plein jour,En agglomération,Hors intersection,Normale,Deux véhicules - frontale,,,,,,,,,,,1,2,1,1,1
200600025555,0006-05-10 16:50:00,6,5,10,16,50,100,81,"000, PRESIDENT RENE COTY",,,Plein jour,En agglomération,Hors intersection,Normale,Autre collision,,,,,,,,,,,1,2,1,1,6
200600025556,0006-05-14 17:20:00,6,5,14,17,20,100,387,"91, MAROTS (RUE DES)",,,Plein jour,En agglomération,Hors intersection,Normale,Deux véhicules - côté,,,,,,,,,,,1,2,1,1,3
200600025557,0006-05-14 06:55:00,6,5,14,6,55,100,387,"000, MARCELIN BERTHELOT",,,Plein jour,En agglomération,Giratoire,Normale,Deux véhicules - côté,,,,,,,,,,,1,2,6,1,3
200600025558,0006-05-31 16:25:00,6,5,31,16,25,100,81,"000, GENERAL SARRAIL (AV",,,Plein jour,En agglomération,Hors intersection,Normale,Deux véhicules - côté,,,,,,,,,,,1,2,1,1,3
200600025559,0006-05-30 19:05:00,6,5,30,19,5,100,387,"000, LOMBARDS (RUE)",,,Plein jour,En agglomération,Intersection en X,Normale,Deux véhicules - côté,,,,,,,,,,,1,2,2,1,3
200600025560,0006-05-09 13:40:00,6,5,9,13,40,110,262,DE GAULLE (BOULEVARD DU,,,Plein jour,En agglomération,Intersection en T,Normale,Deux véhicules - côté,,,,,,,,,,,1,2,3,1,3
200600025561,0006-05-17 00:50:00,6,5,17,0,50,110,262,"16, TOULOUSE (AVENUE DE)",,,Nuit avec éclairage allumé,En agglomération,Intersection en T,Normale,Deux véhicules - côté,,,,,,,,,,,5,2,3,1,3
200600025562,0006-05-19 08:55:00,6,5,19,8,55,110,262,"000, ARMISSAN ROUTE D')",,,Plein jour,En agglomération,Intersection en T,Normale,Deux véhicules - côté,,,,,,,,,,,1,2,3,1,3
200600025563,0006-05-08 07:20:00,6,5,8,7,20,110,262,"000, RN 009 NARBONNE /",,,Crépuscule ou aube,Hors agglomération,Hors intersection,Normale,Deux véhicules - arrière,,,,,,,,,,,2,1,1,1,2
200600025564,0006-05-22 15:45:00,6,5,22,15,45,120,89,"36 bis, VICTOR HUGO (AVE",,,Plein jour,En agglomération,Hors intersection,Normale,Autre collision,,,,,,,,,,,1,2,1,1,6
200600025565,0006-05-29 07:40:00,6,5,29,7,40,120,84,ST ROME DE CERNON A MILL,,,Plein jour,Hors agglomération,Hors intersection,Normale,Trois véhicules et plus - en chaîne,,,,,,,,,,,1,1,1,1,4
200600025566,0006-05-03 18:40:00,6,5,3,18,40,120,202,"7, CITE (PLACE DE LA )",,,Plein jour,En agglomération,Hors intersection,Normale,Autre collision,,,,,,,,,,,1,2,1,1,6
200600025567,0006-05-18 18:10:00,6,5,18,18,10,120,202,EUROPE (AVENUE DE L'),,,Plein jour,En agglomération,Intersection en T,Normale,Deux véhicules - côté,,,,,,,,,,,1,2,3,1,3
200600025568,0006-05-01 17:30:00,6,5,1,17,30,130,1,R.N 7,,,Plein jour,Hors agglomération,Hors intersection,Normale,Trois véhicules et plus - en chaîne,,,,,,,,,,,1,1,1,1,4
200600025569,0006-05-01 21:55:00,6,5,1,21,55,130,1,RD9,,,Nuit sans éclairage public,Hors agglomération,Hors intersection,Normale,Deux véhicules - arrière,,,,,,,,,,,3,1,1,1,2
200600025570,0006-05-04 09:15:00,6,5,4,9,15,130,1,"4400, BELLEC MAURICE (RT",,,Plein jour,Hors agglomération,Hors intersection,Normale,Deux véhicules - frontale,,,,,,,,,,,1,1,1,1,1
200600025571,0006-05-06 19:10:00,6,5,6,19,10,130,1,"1, ETOILES (RUE DES)",,,Plein jour,En agglomération,Hors intersection,Normale,Deux véhicules - frontale,,,,,,,,,,,1,2,1,1,1
200600025572,0006-05-10 19:15:00,6,5,10,19,15,130,1,"115, BREDASQUE (AV DE LA",,,Plein jour,En agglomération,Hors intersection,Normale,Autre collision,,,,,,,,,,,1,2,1,1,6
200600025573,0006-05-11 14:30:00,6,5,11,14,30,130,1,MINIMES (COURS DES),,,Plein jour,En agglomération,Hors intersection,Normale,Deux véhicules - arrière,,,,,,,,,,,1,2,1,1,2
200600025574,0006-05-13 05:55:00,6,5,13,5,55,130,1,"3055, R.N 7",,,Crépuscule ou aube,Hors agglomération,Hors intersection,Normale,Autre collision,,,,,,,,,,,2,1,1,1,6
200600025575,0006-05-13 18:40:00,6,5,13,18,40,130,1,"13, BELGES (AV DES)",,,Plein jour,En agglomération,Hors intersection,Pluie légère,Autre collision,,,,,,,,,,,1,2,1,2,6
200600025576,0006-05-11 12:15:00,6,5,11,12,15,130,1,"1, MISTRAL FREDERIC (RUE",,,Plein jour,En agglomération,Hors intersection,Normale,Autre collision,,,,,,,,,,,1,2,1,1,6
200600025577,0006-05-15 08:40:00,6,5,15,8,40,130,1,"1325, R.N 7",,,Plein jour,Hors agglomération,Hors intersection,Normale,Trois véhicules et plus - collisions multiples,,,,,,,,,,,1,1,1,1,5
200600025578,0006-05-06 16:00:00,6,5,6,16,0,130,1,"1620, COURONNADE (CHEMIN",,,Plein jour,Hors agglomération,Hors intersection,Normale,Deux véhicules - frontale,,,,,,,,,,,1,1,1,1,1
200600025579,0006-05-19 17:00:00,6,5,19,17,0,130,1,"34, SCHUMAN ROBERT (AV)",,,Plein jour,En agglomération,Hors intersection,Normale,Autre collision,,,,,,,,,,,1,2,1,1,6
200600025580,0006-05-23 07:40:00,6,5,23,7,40,130,1,"2, ROSA FREDERIC (RUE)",,,Plein jour,En agglomération,Hors intersection,Normale,Autre collision,,,,,,,,,,,1,2,1,1,6
200600025581,0006-05-16 08:20:00,6,5,16,8,20,130,4,"23, WINSTON CHURCHILL RU",,,Plein jour,En agglomération,Hors intersection,Normale,Autre collision,,,,,,,,,,,1,2,1,1,6
200600025582,0006-05-23 07:45:00,6,5,23,7,45,130,4,RN 570,,,Plein jour,Hors agglomération,Giratoire,Normale,Autre collision,,,,,,,,,,,1,1,6,1,6
200600025583,0006-05-22 18:50:00,6,5,22,18,50,130,4,HENRI SATRE RUE,,,Plein jour,En agglomération,Hors intersection,Normale,Autre collision,,,,,,,,,,,1,2,1,1,6
200600025584,0006-05-26 20:11:00,6,5,26,20,11,130,4,"0, VICTOR HUGO AVENUE",,,Plein jour,En agglomération,Hors intersection,Normale,Trois véhicules et plus - collisions multiples,,,,,,,,,,,1,2,1,1,5
200600025585,0006-05-31 08:40:00,6,5,31,8,40,130,4,RN 570,,,Plein jour,Hors agglomération,Hors intersection,Normale,Sans collision,,,,,,,,,,,1,1,1,1,7
200600025586,0006-05-24 11:15:00,6,5,24,11,15,130,5,RN 396 (ROUTE NATIONALE),,,Plein jour,Hors agglomération,Autre intersection,Normale,Autre collision,,,,,,,,,,,1,1,9,1,6
200600025587,0006-05-03 11:00:00,6,5,3,11,0,130,28,"372, DULAC (AVENUE GUILL",,,Plein jour,En agglomération,Intersection en T,Normale,Deux véhicules - côté,,,,,,,,,,,1,2,3,1,3
200600025588,0006-05-21 15:05:00,6,5,21,15,5,130,28,"10, BEAU RIVAGE (BOULEVA",,,Plein jour,En agglomération,Autre intersection,Normale,Autre collision,,,,,,,,,,,1,2,9,1,6
200600025589,0006-05-31 12:55:00,6,5,31,12,55,130,28,"405, SERPOLET (AVENUE DU",,,Plein jour,En agglomération,Hors intersection,Vent fort / tempête,Autre collision,,,,,,,,,,,1,2,1,6,6
200600025590,0006-05-01 14:00:00,6,5,1,14,0,130,47,RAYMOND FILIPPI AVENUE,,,Plein jour,Hors agglomération,Intersection en T,Normale,Deux véhicules - côté,,,,,,,,,,,1,1,3,1,3
200600025591,0006-05-03 20:00:00,6,5,3,20,0,130,47,ETANGS  CHEMIN DES,,,Plein jour,Hors agglomération,Giratoire,Normale,Deux véhicules - côté,,,,,,,,,,,1,1,6,1,3
200600025592,0006-05-15 21:10:00,6,5,15,21,10,130,47,FELIX GOUIN AVENUE,,,Nuit avec éclairage non allumé,Hors agglomération,Autre intersection,Normale,Deux véhicules - arrière,,,,,,,,,,,4,1,9,1,2
200600025593,0006-05-27 17:45:00,6,5,27,17,45,130,47,FELIX GOUIN AVENUE,,,Plein jour,Hors agglomération,Intersection en X,Normale,Deux véhicules - côté,,,,,,,,,,,1,1,2,1,3
200600025594,0006-05-29 19:20:00,6,5,29,19,20,130,63,CARNOT  RUE,,,Plein jour,Hors agglomération,Intersection en X,Normale,Deux véhicules - côté,,,,,,,,,,,1,1,2,1,3
200600025595,0006-05-24 00:37:00,6,5,24,0,37,130,47,RADOLFZELL AVENUE DE,,,Nuit avec éclairage allumé,En agglomération,Giratoire,Normale,Autre collision,,,,,,,,,,,5,2,6,1,6
200600025596,0006-05-26 07:55:00,6,5,26,7,55,130,47,RAYMOND FILIPPI AVENUE,,,Plein jour,Hors agglomération,Autre intersection,Normale,Deux véhicules - arrière,,,,,,,,,,,1,1,9,1,2
200600025597,0006-05-08 19:10:00,6,5,8,19,10,130,47,ANCIENS COMBATTANTS AVEN,,,Nuit sans éclairage public,Hors agglomération,Giratoire,Normale,Sans collision,,,,,,,,,,,3,1,6,1,7
200600025598,0006-05-01 15:30:00,6,5,1,15,30,130,43,POMPIDOU  AVENUE,,,Plein jour,En agglomération,Hors intersection,Normale,Deux véhicules - côté,,,,,,,,,,,1,2,1,1,3
200600025599,0006-05-03 09:45:00,6,5,3,9,45,130,102,FERRISSE  BLD ROBERT,,,Plein jour,En agglomération,Autre intersection,Normale,Deux véhicules - côté,,,,,,,,,,,1,2,9,1,3
200600025600,0006-05-05 14:30:00,6,5,5,14,30,130,102,JUIN  AVENUE MARECHAL,,,Plein jour,En agglomération,Intersection en Y,Normale,Deux véhicules - côté,,,,,,,,,,,1,2,4,1,3
200600025601,0006-05-08 15:15:00,6,5,8,15,15,130,102,RAUMARTIN  AVENUE DU,,,Plein jour,En agglomération,Hors intersection,Normale,Sans collision,,,,,,,,,,,1,2,1,1,7
200600025602,0006-05-11 11:25:00,6,5,11,11,25,130,54,C D 9,,,Plein jour,En agglomération,Intersection en X,Normale,Deux véhicules - côté,,,,,,,,,,,1,2,2,1,3
200600025603,0006-05-15 07:20:00,6,5,15,7,20,130,43,"1537, FRANCOIS MITTERAND",,,Plein jour,En agglomération,Hors intersection,Normale,Sans collision,,,,,,,,,,,1,2,1,1,7
200600025604,0006-05-15 13:00:00,6,5,15,13,0,130,54,DE GAULLE  AVE GAL DE,,,Plein jour,En agglomération,Giratoire,Normale,Deux véhicules - côté,,,,,,,,,,,1,2,6,1,3
200600025605,0006-05-16 07:00:00,6,5,16,7,0,130,54,DAURAT  RUE DIDIER,,,Plein jour,En agglomération,Hors intersection,Normale,Deux véhicules - côté,,,,,,,,,,,1,2,1,1,3
200600025606,0006-05-16 12:15:00,6,5,16,12,15,130,54,RUINAT  AVENUE MARIUS,,,Plein jour,En agglomération,Hors intersection,Normale,Autre collision,,,,,,,,,,,1,2,1,1,6
200600025607,0006-05-17 10:55:00,6,5,17,10,55,130,54,FIGUERAS  RUE DE,,,Plein jour,En agglomération,Intersection en X,Normale,Deux véhicules - côté,,,,,,,,,,,1,2,2,1,3
200600025608,0006-05-26 07:30:00,6,5,26,7,30,130,54,COMBATTANT A.F.N.,,,Plein jour,En agglomération,Hors intersection,Normale,Deux véhicules - arrière,,,,,,,,,,,1,2,1,1,2
200600025609,0006-05-26 14:50:00,6,5,26,14,50,130,54,COMBATTANT A.F.N.,,,Plein jour,En agglomération,Intersection en T,Normale,Deux véhicules - côté,,,,,,,,,,,1,2,3,1,3
200600025610,0006-05-03 14:30:00,6,5,3,14,30,130,2,", QUATRE SAISONS (ROUTE",,,Plein jour,En agglomération,Hors intersection,Normale,Deux véhicules - côté,,,,,,,,,,,1,2,1,1,3
200600025611,0006-05-03 18:30:00,6,5,3,18,30,130,55,"264, MIREILLE LAUZE (BOU",,,Plein jour,En agglomération,Hors intersection,Normale,Deux véhicules - côté,,,,,,,,,,,1,2,1,1,3
200600025612,0006-05-03 12:55:00,6,5,3,12,55,130,55,"00, SAINT ANTOINE (CHEMI",,,Plein jour,En agglomération,Hors intersection,Normale,Autre collision,,,,,,,,,,,1,2,1,1,6
200600025613,0006-05-03 11:45:00,6,5,3,11,45,130,55,"50, SALETTE (IMPASSE DE",,,Plein jour,En agglomération,Hors intersection,Normale,Autre collision,,,,,,,,,,,1,2,1,1,6
200600025614,0006-05-02 21:50:00,6,5,2,21,50,130,55,PILON (RUE DU),,,Nuit avec éclairage allumé,En agglomération,Hors intersection,Normale,Deux véhicules - côté,,,,,,,,,,,5,2,1,1,3
200600025615,0006-05-02 08:50:00,6,5,2,8,50,130,55,MONTS (IMPASSE DES),,,Plein jour,En agglomération,Hors intersection,Normale,Deux véhicules - arrière,,,,,,,,,,,1,2,1,1,2
200600025616,0006-05-02 17:30:00,6,5,2,17,30,130,55,HENRI BEYLE (RUE),,,Plein jour,En agglomération,Hors intersection,Normale,Deux véhicules - côté,,,,,,,,,,,1,2,1,1,3
200600025617,0006-05-08 17:50:00,6,5,8,17,50,130,55,"383, BESSEDE (TRAVERSE)",,,Plein jour,En agglomération,Hors intersection,Normale,Deux véhicules - côté,,,,,,,,,,,1,2,1,1,3
200600025618,0006-05-03 09:00:00,6,5,3,9,0,130,55,"0, RABATAU (BOULEVARD)",,,Plein jour,En agglomération,Hors intersection,Normale,Deux véhicules - arrière,,,,,,,,,,,1,2,1,1,2
200600025619,0006-05-03 08:30:00,6,5,3,8,30,130,55,COMPIEGNE (BOULEVARD DE),,,Plein jour,En agglomération,Hors intersection,Normale,Deux véhicules - côté,,,,,,,,,,,1,2,1,1,3
200600025620,0006-05-09 17:30:00,6,5,9,17,30,130,55,POSTE (TRAVERSE DE LA),,,Plein jour,En agglomération,Hors intersection,Normale,Autre collision,,,,,,,,,,,1,2,1,1,6
200600025621,0006-05-04 15:15:00,6,5,4,15,15,130,55,"00, LIBERATEURS (BOULEVA",,,Plein jour,En agglomération,Hors intersection,Normale,Deux véhicules - arrière,,,,,,,,,,,1,2,1,1,2
200600025622,0006-05-03 09:30:00,6,5,3,9,30,130,55,CAMOINS (RUE DES),,,Plein jour,En agglomération,Hors intersection,Normale,Autre collision,,,,,,,,,,,1,2,1,1,6
200600025623,0006-05-06 19:40:00,6,5,6,19,40,130,55,"296, SAINT VICTORET (RUE",,,Plein jour,En agglomération,Hors intersection,Normale,Sans collision,,,,,,,,,,,1,2,1,1,7
200600025624,0006-05-05 14:00:00,6,5,5,14,0,130,55,"44, CAMOINS (RUE DES)",,,Plein jour,En agglomération,Hors intersection,Normale,Autre collision,,,,,,,,,,,1,2,1,1,6
200600025625,0006-05-08 07:20:00,6,5,8,7,20,130,55,"143, CAPITAINE GUYONNET",,,Plein jour,En agglomération,Hors intersection,Temps couvert,Deux véhicules - côté,,,,,,,,,,,1,2,1,8,3
200600025626,0006-05-10 18:40:00,6,5,10,18,40,130,55,TOUR (RUE DE LA),,,Plein jour,En agglomération,Hors intersection,Normale,Deux véhicules - frontale,,,,,,,,,,,1,2,1,1,1