accident_id,datetime,annee,mois,jour,heure,minute,departement,commune_insee,adresse,latitude,longitude,luminosite,agglomeration,intersection,meteo,collision,nb_vehicules,nb_usagers,nb_indemnes,nb_tues,nb_blesses_hosp,nb_blesses_legers,age_cond_1,age_cond_2,veh_type_cond_1,veh_type_cond_2,lum_code,agg_code,int_code,atm_code,col_code
200600025627,0006-05-02 16:10:00,6,5,2,16,10,130,55,CHARLES SUSINI (TRAVERSE,,,Plein jour,En agglomération,Hors intersection,Normale,Deux véhicules - arrière,,,,,,,,,,,1,2,1,1,2
200600025628,0006-05-02 08:30:00,6,5,2,8,30,130,55,"601, SAINT PIERRE (RUE)",,,Plein jour,En agglomération,Hors intersection,Normale,Trois véhicules et plus - collisions multiples,,,,,,,,,,,1,2,1,1,5
200600025629,0006-05-05 17:00:00,6,5,5,17,0,130,55,", LOUIS ASTOUIN (RUE)",,,Plein jour,En agglomération,Intersection en X,Normale,Autre collision,,,,,,,,,,,1,2,2,1,6
200600025630,0006-05-02 07:50:00,6,5,2,7,50,130,55,MADRAGUE VILLE (RUE),,,Plein jour,En agglomération,Hors intersection,Normale,Deux véhicules - côté,,,,,,,,,,,1,2,1,1,3
200600025631,0006-05-03 22:50:00,6,5,3,22,50,130,55,SAKAKINI (BOULEVARD),,,Nuit avec éclairage allumé,En agglomération,Hors intersection,Normale,Deux véhicules - côté,,,,,,,,,,,5,2,1,1,3
200600025632,0006-05-06 03:00:00,6,5,6,3,0,130,55,ROME (RUE DE),,,Nuit avec éclairage allumé,En agglomération,Intersection en X,Normale,Deux véhicules - côté,,,,,,,,,,,5,2,2,1,3
200600025633,0006-05-01 18:25:00,6,5,1,18,25,130,55,VOLTAIRE    IMPAIRS (BOU,,,Plein jour,En agglomération,Intersection en T,Normale,Autre collision,,,,,,,,,,,1,2,3,1,6
200600025634,0006-05-08 20:40:00,6,5,8,20,40,130,55,CORDERIE (BOULEVARD DE L,,,Nuit avec éclairage allumé,En agglomération,Hors intersection,Pluie légère,Autre collision,,,,,,,,,,,5,2,1,2,6
200600025635,0006-05-05 01:00:00,6,5,5,1,0,130,55,JARDIN ZOOLOGIQUE (BOULE,,,Nuit avec éclairage allumé,En agglomération,Intersection en T,Normale,Deux véhicules - frontale,,,,,,,,,,,5,2,3,1,1
200600025636,0006-05-05 15:20:00,6,5,5,15,20,130,55,"36, CHARLES LIVON (BOULE",,,Plein jour,En agglomération,Hors intersection,Normale,Deux véhicules - côté,,,,,,,,,,,1,2,1,1,3
200600025637,0006-05-03 11:30:00,6,5,3,11,30,130,55,"36, ROUET (RUE DU)",,,Plein jour,En agglomération,Hors intersection,Normale,Deux véhicules - côté,,,,,,,,,,,1,2,1,1,3
200600025638,0006-05-06 10:00:00,6,5,6,10,0,130,55,COMMANDERIE (CHEMIN),,,Plein jour,En agglomération,Intersection en X,Normale,Sans collision,,,,,,,,,,,1,2,2,1,7
200600025639,0006-05-06 18:15:00,6,5,6,18,15,130,55,LITTORAL (CHEMIN DU),,,Plein jour,Hors agglomération,Intersection en T,Normale,Deux véhicules - côté,,,,,,,,,,,1,1,3,1,3
200600025640,0006-05-06 14:10:00,6,5,6,14,10,130,55,FRANÇOIS MIGNET (AVENUE),,,Plein jour,En agglomération,Hors intersection,Pluie légère,Autre collision,,,,,,,,,,,1,2,1,2,6
200600025641,0006-05-01 17:00:00,6,5,1,17,0,130,55,"724, LITTORAL (CHEMIN DU",,,Plein jour,En agglomération,Hors intersection,Normale,Deux véhicules - côté,,,,,,,,,,,1,2,1,1,3
200600025642,0006-05-02 08:20:00,6,5,2,8,20,130,55,"33, SAINT GEORGES (RUE)",,,Plein jour,En agglomération,Hors intersection,Normale,Deux véhicules - côté,,,,,,,,,,,1,2,1,1,3
200600025643,0006-05-04 10:40:00,6,5,4,10,40,130,55,"22, CAMILLE PELLETAN (AV",,,Plein jour,En agglomération,Hors intersection,Normale,Autre collision,,,,,,,,,,,1,2,1,1,6
200600025644,0006-05-02 21:15:00,6,5,2,21,15,130,55,VAUDOYER (AVENUE),,,Nuit avec éclairage allumé,En agglomération,Hors intersection,Normale,Sans collision,,,,,,,,,,,5,2,1,1,7
200600025645,0006-05-09 13:30:00,6,5,9,13,30,130,55,"82, LIEUTAUD (COURS)",,,Plein jour,En agglomération,Hors intersection,Normale,Trois véhicules et plus - collisions multiples,,,,,,,,,,,1,2,1,1,5
200600025646,0006-05-09 16:00:00,6,5,9,16,0,130,55,DANIEL CASANOVA (BOULEVA,,,Plein jour,En agglomération,Hors intersection,Normale,Deux véhicules - côté,,,,,,,,,,,1,2,1,1,3
200600025647,0006-05-04 10:30:00,6,5,4,10,30,130,55,LITTORAL (CHEMIN DU),,,Plein jour,En agglomération,Hors intersection,Normale,Autre collision,,,,,,,,,,,1,2,1,1,6
200600025648,0006-05-06 20:00:00,6,5,6,20,0,130,55,LÉON LACHAMP (ROUTE),,,Nuit avec éclairage allumé,En agglomération,Hors intersection,Normale,Sans collision,,,,,,,,,,,5,2,1,1,7
200600025649,0006-05-07 18:30:00,6,5,7,18,30,130,55,HAMBOURG (BOULEVARD),,,Plein jour,En agglomération,Autre intersection,Normale,Deux véhicules - arrière,,,,,,,,,,,1,2,9,1,2
200600025650,0006-05-05 11:50:00,6,5,5,11,50,130,55,MENARD (PIERRE) (BOULEVA,,,Plein jour,En agglomération,Hors intersection,Normale,Deux véhicules - arrière,,,,,,,,,,,1,2,1,1,2
200600025651,0006-05-06 15:15:00,6,5,6,15,15,130,55,BOUYALA D'ARNAUD (BOULEV,,,Plein jour,En agglomération,Hors intersection,Pluie légère,Autre collision,,,,,,,,,,,1,2,1,2,6
200600025652,0006-05-10 17:05:00,6,5,10,17,5,130,55,"370, PRADO (AVENUE)",,,Plein jour,En agglomération,Intersection en T,Normale,Deux véhicules - côté,,,,,,,,,,,1,2,3,1,3
200600025653,0006-05-09 16:45:00,6,5,9,16,45,130,55,"9, VITON (AVENUE)",,,Plein jour,En agglomération,Hors intersection,Temps éblouissant,Autre collision,,,,,,,,,,,1,2,1,7,6
200600025654,0006-05-15 15:00:00,6,5,15,15,0,130,55,ORGUES (RUE DES),,,Plein jour,En agglomération,Intersection en X,Normale,Deux véhicules - côté,,,,,,,,,,,1,2,2,1,3
200600025655,0006-05-11 17:30:00,6,5,11,17,30,130,55,MERLAN (AVENUE),,,Plein jour,En agglomération,Hors intersection,Normale,Deux véhicules - frontale,,,,,,,,,,,1,2,1,1,1
200600025656,0006-05-11 06:50:00,6,5,11,6,50,130,55,JEAN COMPADIEU (AVENUE),,,Plein jour,En agglomération,Hors intersection,Normale,Sans collision,,,,,,,,,,,1,2,1,1,7
200600025657,0006-05-15 20:20:00,6,5,15,20,20,130,55,GARE SAINT CHARLES,,,Plein jour,En agglomération,Hors intersection,Normale,Trois véhicules et plus - en chaîne,,,,,,,,,,,1,2,1,1,4
200600025658,0006-05-13 22:00:00,6,5,13,22,0,130,55,JEAN COMPADIEU (AVENUE),,,Nuit avec éclairage allumé,En agglomération,Hors intersection,Normale,Autre collision,,,,,,,,,,,5,2,1,1,6
200600025659,0006-05-13 12:50:00,6,5,13,12,50,130,55,RABATAU (BOULEVARD),,,Plein jour,En agglomération,Hors intersection,Normale,Deux véhicules - côté,,,,,,,,,,,1,2,1,1,3
200600025660,0006-05-09 12:30:00,6,5,9,12,30,130,55,LOUVAIN (BOULEVARD DE),,,Plein jour,En agglomération,Hors intersection,Normale,Deux véhicules - arrière,,,,,,,,,,,1,2,1,1,2
200600025661,0006-05-08 21:45:00,6,5,8,21,45,130,55,RABAT (TRAVERSE DE),,,Nuit avec éclairage allumé,En agglomération,Hors intersection,Pluie légère,Deux véhicules - côté,,,,,,,,,,,5,2,1,2,3
200600025662,0006-05-04 12:15:00,6,5,4,12,15,130,55,SAKAKINI (BOULEVARD),,,Plein jour,En agglomération,Hors intersection,Normale,Trois véhicules et plus - collisions multiples,,,,,,,,,,,1,2,1,1,5
200600025663,0006-05-05 16:30:00,6,5,5,16,30,130,55,LAVERAN (BOULEVARD DU),,,Plein jour,En agglomération,Hors intersection,Normale,Deux véhicules - arrière,,,,,,,,,,,1,2,1,1,2
200600025664,0006-05-05 08:25:00,6,5,5,8,25,130,55,"63, MERLAN (AVENUE)",,,Plein jour,En agglomération,Hors intersection,Normale,Deux véhicules - côté,,,,,,,,,,,1,2,1,1,3
200600025665,0006-05-09 15:00:00,6,5,9,15,0,130,55,"36, CHARLES LIVON (BOULE",,,Plein jour,En agglomération,Hors intersection,Normale,Deux véhicules - frontale,,,,,,,,,,,1,2,1,1,1
200600025666,0006-05-15 17:20:00,6,5,15,17,20,130,55,"172, SAINTE MARGUERITE (",,,Plein jour,En agglomération,Hors intersection,Normale,Deux véhicules - arrière,,,,,,,,,,,1,2,1,1,2
200600025667,0006-05-07 16:25:00,6,5,7,16,25,130,55,SALVADOR ALLENDE (RUE),,,Plein jour,En agglomération,Intersection en X,Normale,Deux véhicules - côté,,,,,,,,,,,1,2,2,1,3
200600025668,0006-05-05 12:30:00,6,5,5,12,30,130,55,PAUL COXE (RUE),,,Plein jour,En agglomération,Intersection en T,Normale,Deux véhicules - côté,,,,,,,,,,,1,2,3,1,3
200600025669,0006-05-11 18:45:00,6,5,11,18,45,130,55,JULIEN (COURS) N°1,,,Plein jour,En agglomération,Hors intersection,Normale,Autre collision,,,,,,,,,,,1,2,1,1,6
200600025670,0006-05-09 07:35:00,6,5,9,7,35,130,55,ROMAIN ROLLAND (BOULEVAR,,,Plein jour,En agglomération,Intersection en T,Normale,Deux véhicules - côté,,,,,,,,,,,1,2,3,1,3
200600025671,0006-05-14 18:50:00,6,5,14,18,50,130,55,MONTREDON (AVENUE DE),,,Plein jour,En agglomération,Intersection en T,Pluie légère,Deux véhicules - côté,,,,,,,,,,,1,2,3,2,3
200600025672,0006-05-14 15:50:00,6,5,14,15,50,130,55,"187, MENDES FRANCE (AVEN",,,Plein jour,En agglomération,Hors intersection,Normale,Deux véhicules - arrière,,,,,,,,,,,1,2,1,1,2
200600025673,0006-05-12 21:00:00,6,5,12,21,0,130,55,RABATAU (BOULEVARD),,,Nuit avec éclairage allumé,En agglomération,Hors intersection,Normale,Sans collision,,,,,,,,,,,5,2,1,1,7
200600025674,0006-05-11 13:00:00,6,5,11,13,0,130,55,REDON (BOULEVARD DU),,,Plein jour,En agglomération,Giratoire,Normale,Deux véhicules - arrière,,,,,,,,,,,1,2,6,1,2
200600025675,0006-05-12 18:30:00,6,5,12,18,30,130,55,"00, JOLIETTE (QUAI DE LA",,,Crépuscule ou aube,En agglomération,Hors intersection,Normale,Deux véhicules - arrière,,,,,,,,,,,2,2,1,1,2
200600025676,0006-05-12 14:30:00,6,5,12,14,30,130,55,CHAVE (BOULEVARD),,,Plein jour,En agglomération,Intersection en X,Normale,Deux véhicules - frontale,,,,,,,,,,,1,2,2,1,1
200600025677,0006-05-01 02:30:00,6,5,1,2,30,130,55,MONUMENT (PLACE DU),,,Nuit avec éclairage allumé,En agglomération,Place,Normale,Autre collision,,,,,,,,,,,5,2,7,1,6
200600025678,0006-05-03 20:00:00,6,5,3,20,0,130,55,"23, NAZARETH (TRAVERSE D",,,Plein jour,En agglomération,Hors intersection,Normale,Deux véhicules - côté,,,,,,,,,,,1,2,1,1,3
200600025679,0006-05-05 17:01:00,6,5,5,17,1,130,55,"166, SAINT LOUP (BOULEVA",,,Plein jour,En agglomération,Place,Normale,Deux véhicules - côté,,,,,,,,,,,1,2,7,1,3
200600025680,0006-05-09 20:15:00,6,5,9,20,15,130,55,"30, ACCATES (CHEMIN DES)",,,Crépuscule ou aube,En agglomération,Hors intersection,Normale,Autre collision,,,,,,,,,,,2,2,1,1,6
200600025681,0006-05-04 20:00:00,6,5,4,20,0,130,55,CHARRAS (RUE),,,Plein jour,En agglomération,Intersection en T,Normale,Deux véhicules - côté,,,,,,,,,,,1,2,3,1,3
200600025682,0006-05-09 20:00:00,6,5,9,20,0,130,55,"96, BAILLE (BOULEVARD)",,,Plein jour,En agglomération,Hors intersection,Normale,Trois véhicules et plus - collisions multiples,,,,,,,,,,,1,2,1,1,5
200600025683,0006-05-08 19:30:00,6,5,8,19,30,130,55,"135, SAINT JEAN (CHEMIN)",,,Plein jour,En agglomération,Hors intersection,Pluie forte,Deux véhicules - côté,,,,,,,,,,,1,2,1,3,3
200600025684,0006-05-09 08:40:00,6,5,9,8,40,130,55,"02, BAILLE (BOULEVARD)",,,Plein jour,En agglomération,Intersection en T,Normale,Trois véhicules et plus - en chaîne,,,,,,,,,,,1,2,3,1,4
200600025685,0006-05-08 19:31:00,6,5,8,19,31,130,55,EMILE DUCLAUX (PARC),,,Nuit avec éclairage allumé,En agglomération,Intersection en T,Pluie forte,Autre collision,,,,,,,,,,,5,2,3,3,6
200600025686,0006-05-03 07:20:00,6,5,3,7,20,130,55,PONT (CHEMIN DU),,,Plein jour,En agglomération,Intersection en T,Normale,Deux véhicules - côté,,,,,,,,,,,1,2,3,1,3
200600025687,0006-05-13 18:30:00,6,5,13,18,30,130,55,"46, CHUTES LAVI (AVENUE)",,,Plein jour,En agglomération,Hors intersection,Pluie légère,Deux véhicules - frontale,,,,,,,,,,,1,2,1,2,1
200600025688,0006-05-13 06:30:00,6,5,13,6,30,130,55,"137, AYGALADES (AVENUE D",,,Crépuscule ou aube,En agglomération,Hors intersection,Normale,Autre collision,,,,,,,,,,,2,2,1,1,6
200600025689,0006-05-17 11:15:00,6,5,17,11,15,130,55,HENRI AUZIAS (RUE),,,Plein jour,En agglomération,Intersection en T,Normale,Autre collision,,,,,,,,,,,1,2,3,1,6
200600025690,0006-05-17 17:15:00,6,5,17,17,15,130,55,ALGER (RUE D'),,,Plein jour,En agglomération,Intersection en X,Normale,Deux véhicules - côté,,,,,,,,,,,1,2,2,1,3
200600025691,0006-05-13 05:10:00,6,5,13,5,10,130,55,REDON (BOULEVARD DU),,,Nuit avec éclairage allumé,En agglomération,Hors intersection,Normale,Autre collision,,,,,,,,,,,5,2,1,1,6
200600025692,0006-05-07 17:15:00,6,5,7,17,15,130,55,REDON (BOULEVARD DU),,,Plein jour,En agglomération,Giratoire,Normale,Deux véhicules - côté,,,,,,,,,,,1,2,6,1,3
200600025693,0006-05-15 12:05:00,6,5,15,12,5,130,55,", SCHLOESING (BOULEVARD)",,,Plein jour,En agglomération,Hors intersection,Normale,Trois véhicules et plus - en chaîne,,,,,,,,,,,1,2,1,1,4
200600025694,0006-05-16 16:00:00,6,5,16,16,0,130,55,LIBERATION (BOULEVARD),,,Plein jour,En agglomération,Intersection en X,Normale,Deux véhicules - frontale,,,,,,,,,,,1,2,2,1,1
200600025695,0006-05-19 07:55:00,6,5,19,7,55,130,55,"0, FRAIS VALLON (AVENUE)",,,Plein jour,En agglomération,Intersection en Y,Normale,Deux véhicules - côté,,,,,,,,,,,1,2,4,1,3
200600025696,0006-05-21 13:00:00,6,5,21,13,0,130,55,ERNEST GASQUY (RUE),,,Plein jour,En agglomération,Intersection en X,Normale,Deux véhicules - frontale,,,,,,,,,,,1,2,2,1,1
200600025697,0006-05-19 17:20:00,6,5,19,17,20,130,55,HENRI BEYLE (RUE),,,Plein jour,En agglomération,Hors intersection,Normale,Autre collision,,,,,,,,,,,1,2,1,1,6
200600025698,0006-05-17 08:05:00,6,5,17,8,5,130,2,"00, THÉRESE OLIVIER (BOU",,,Plein jour,En agglomération,Hors intersection,Normale,Autre collision,,,,,,,,,,,1,2,1,1,6
200600025699,0006-05-19 18:30:00,6,5,19,18,30,130,55,"263, PRADO (AVENUE)",,,Plein jour,En agglomération,Intersection en T,Normale,Deux véhicules - côté,,,,,,,,,,,1,2,3,1,3
200600025700,0006-05-04 08:10:00,6,5,4,8,10,130,55,"33, REPUBLIQUE (RUE DE L",,,Plein jour,En agglomération,Intersection en T,Normale,Deux véhicules - côté,,,,,,,,,,,1,2,3,1,3
200600025701,0006-05-11 13:30:00,6,5,11,13,30,130,55,"07, DUNKERQUE  (BOULEVAR",,,Plein jour,En agglomération,Hors intersection,Normale,Deux véhicules - arrière,,,,,,,,,,,1,2,1,1,2
200600025702,0006-05-12 22:00:00,6,5,12,22,0,130,55,"335, SAINT ANTOINE (AVEN",,,Nuit avec éclairage allumé,En agglomération,Hors intersection,Normale,Deux véhicules - frontale,,,,,,,,,,,5,2,1,1,1
200600025703,0006-05-14 03:00:00,6,5,14,3,0,130,55,"74, DAMES (BOULEVARD DES",,,Nuit avec éclairage allumé,En agglomération,Intersection en X,Normale,Deux véhicules - frontale,,,,,,,,,,,5,2,2,1,1
200600025704,0006-05-11 15:05:00,6,5,11,15,5,130,55,"02, JULES FERRY (RUE)",,,Plein jour,En agglomération,Hors intersection,Normale,Autre collision,,,,,,,,,,,1,2,1,1,6
200600025705,0006-05-11 19:00:00,6,5,11,19,0,130,55,MADRAGUE VILLE (RUE),,,Plein jour,En agglomération,Hors intersection,Normale,Deux véhicules - côté,,,,,,,,,,,1,2,1,1,3
200600025706,0006-05-16 21:15:00,6,5,16,21,15,130,55,"324, MADRAGUE VILLE (RUE",,,Crépuscule ou aube,En agglomération,Autre intersection,Normale,Sans collision,,,,,,,,,,,2,2,9,1,7
200600025707,0006-05-16 15:50:00,6,5,16,15,50,130,55,JEAN PAUL SARTRE (AVENUE,,,Plein jour,En agglomération,Hors intersection,Normale,Deux véhicules - arrière,,,,,,,,,,,1,2,1,1,2
200600025708,0006-05-17 07:00:00,6,5,17,7,0,130,55,VINCENT DELPUECH (BOULEV,,,Plein jour,En agglomération,Intersection en T,Normale,Deux véhicules - côté,,,,,,,,,,,1,2,3,1,3
200600025709,0006-05-12 12:55:00,6,5,12,12,55,130,55,RAYMOND TEISSERE (RUE),,,Plein jour,En agglomération,Hors intersection,Normale,Trois véhicules et plus - en chaîne,,,,,,,,,,,1,2,1,1,4
200600025710,0006-05-21 00:05:00,6,5,21,0,5,130,55,MENDES FRANCE (AVENUE),,,Nuit avec éclairage allumé,En agglomération,Hors intersection,Normale,Sans collision,,,,,,,,,,,5,2,1,1,7
200600025711,0006-05-12 18:31:00,6,5,12,18,31,130,55,PRADO (AVENUE),,,Plein jour,En agglomération,Intersection en T,Normale,Deux véhicules - côté,,,,,,,,,,,1,2,3,1,3
200600025712,0006-05-17 16:00:00,6,5,17,16,0,130,55,"343, SAINTE MARGUERITE (",,,Plein jour,En agglomération,Hors intersection,Normale,Deux véhicules - côté,,,,,,,,,,,1,2,1,1,3
200600025713,0006-05-15 18:00:00,6,5,15,18,0,130,55,", GABRIEL MARIE  (RUE)",,,Plein jour,En agglomération,Intersection en T,Normale,Deux véhicules - côté,,,,,,,,,,,1,2,3,1,3
200600025714,0006-05-17 05:15:00,6,5,17,5,15,130,55,ESQUINADE (RUE),,,Nuit avec éclairage allumé,En agglomération,Hors intersection,Normale,Autre collision,,,,,,,,,,,5,2,1,1,6
200600025715,0006-05-17 20:50:00,6,5,17,20,50,130,55,MAZARGUES (AVENUE DE),,,Nuit avec éclairage allumé,En agglomération,Intersection en X,Normale,Deux véhicules - côté,,,,,,,,,,,5,2,2,1,3
200600025716,0006-05-17 11:45:00,6,5,17,11,45,130,55,AUDIENCE (RUE DE L'),,,Nuit sans éclairage public,En agglomération,Intersection en T,Normale,Deux véhicules - côté,,,,,,,,,,,3,2,3,1,3
200600025717,0006-05-11 17:25:00,6,5,11,17,25,130,55,SOUDE (AVENUE DE LA),,,Plein jour,Hors agglomération,Intersection en T,Normale,Deux véhicules - arrière,,,,,,,,,,,1,1,3,1,2
200600025718,0006-05-19 10:20:00,6,5,19,10,20,130,55,"74, SAINT MARCEL (BOULEV",,,Plein jour,En agglomération,Hors intersection,Normale,Deux véhicules - arrière,,,,,,,,,,,1,2,1,1,2
200600025719,0006-05-03 18:00:00,6,5,3,18,0,130,55,MONTRE (TRAVERSE DE LA),,,Plein jour,En agglomération,Hors intersection,Normale,Trois véhicules et plus - collisions multiples,,,,,,,,,,,1,2,1,1,5
200600025720,0006-05-18 07:40:00,6,5,18,7,40,130,55,VAUBAN (BOULEVARD),,,Plein jour,En agglomération,Intersection en T,Normale,Deux véhicules - côté,,,,,,,,,,,1,2,3,1,3
200600025721,0006-05-11 16:00:00,6,5,11,16,0,130,55,CAMBODGE (RUE DU),,,Plein jour,En agglomération,Hors intersection,Normale,Deux véhicules - arrière,,,,,,,,,,,1,2,1,1,2
200600025722,0006-05-11 10:00:00,6,5,11,10,0,130,55,CAPAZZA (RUE),,,Plein jour,En agglomération,Hors intersection,Normale,Deux véhicules - côté,,,,,,,,,,,1,2,1,1,3
200600025723,0006-05-11 16:01:00,6,5,11,16,1,130,55,"39, CORSE (AVENUE DE LA)",,,Plein jour,En agglomération,Hors intersection,Normale,Autre collision,,,,,,,,,,,1,2,1,1,6
200600025724,0006-05-03 18:40:00,6,5,3,18,40,130,55,"11, LUMINY (AVENUE DE)",,,Plein jour,En agglomération,Hors intersection,Normale,Deux véhicules - côté,,,,,,,,,,,1,2,1,1,3
200600025725,0006-05-18 16:30:00,6,5,18,16,30,130,55,"82, CORDERIE (BOULEVARD",,,Plein jour,En agglomération,Hors intersection,Normale,Autre collision,,,,,,,,,,,1,2,1,1,6
200600025726,0006-05-21 22:30:00,6,5,21,22,30,130,55,LITTORAL (CHEMIN DU),,,Nuit sans éclairage public,En agglomération,Hors intersection,Normale,Autre collision,,,,,,,,,,,3,2,1,1,6
200600025727,0006-05-12 16:35:00,6,5,12,16,35,130,55,"00, ECOLES (RUE DES)",,,Plein jour,En agglomération,Hors intersection,Normale,Autre collision,,,,,,,,,,,1,2,1,1,6
200600025728,0006-05-22 15:00:00,6,5,22,15,0,130,55,ROME (RUE DE),,,Plein jour,En agglomération,Hors intersection,Normale,Deux véhicules - côté,,,,,,,,,,,1,2,1,1,3
200600025729,0006-05-18 09:30:00,6,5,18,9,30,130,55,"228, CASSIS (ANCIEN CHEM",,,Plein jour,En agglomération,Hors intersection,Normale,Sans collision,,,,,,,,,,,1,2,1,1,7
200600025730,0006-05-06 03:01:00,6,5,6,3,1,130,55,"81, REDON (BOULEVARD DU)",,,Nuit avec éclairage allumé,En agglomération,Intersection en T,Normale,Deux véhicules - frontale,,,,,,,,,,,5,2,3,1,1
200600025731,0006-05-20 21:20:00,6,5,20,21,20,130,55,"136, ROLLAND (RUE)",,,Nuit avec éclairage allumé,En agglomération,Hors intersection,Normale,Deux véhicules - côté,,,,,,,,,,,5,2,1,1,3
200600025732,0006-05-07 20:00:00,6,5,7,20,0,130,55,"322, PIERRE DOIZE  (RUE)",,,Plein jour,En agglomération,Hors intersection,Normale,Deux véhicules - arrière,,,,,,,,,,,1,2,1,1,2
200600025733,0006-05-15 05:20:00,6,5,15,5,20,130,55,SCHLOESING (BOULEVARD),,,Crépuscule ou aube,En agglomération,Intersection en Y,Normale,Deux véhicules - côté,,,,,,,,,,,2,2,4,1,3
200600025734,0006-05-16 17:40:00,6,5,16,17,40,130,55,BONNEVEINE (AVENUE),,,Plein jour,En agglomération,Hors intersection,Normale,Deux véhicules - arrière,,,,,,,,,,,1,2,1,1,2
200600025735,0006-05-16 23:15:00,6,5,16,23,15,130,55,PRADO (AVENUE),,,Nuit avec éclairage non allumé,En agglomération,Hors intersection,Normale,Deux véhicules - arrière,,,,,,,,,,,4,2,1,1,2
200600025736,0006-05-22 14:00:00,6,5,22,14,0,130,55,AYGALADES (AVENUE DES),,,Plein jour,En agglomération,Intersection en T,Normale,Deux véhicules - côté,,,,,,,,,,,1,2,3,1,3
200600025737,0006-05-18 19:45:00,6,5,18,19,45,130,55,BOURRELY (CHEMIN DES),,,Plein jour,En agglomération,Intersection en Y,Normale,Deux véhicules - côté,,,,,,,,,,,1,2,4,1,3
200600025738,0006-05-16 18:45:00,6,5,16,18,45,130,55,GIBBES (CHEMIN DE),,,Plein jour,En agglomération,Hors intersection,Normale,Deux véhicules - frontale,,,,,,,,,,,1,2,1,1,1
200600025739,0006-05-09 16:15:00,6,5,9,16,15,130,55,"117, OLIVES (AVENUE DES)",,,Plein jour,Hors agglomération,Hors intersection,Normale,Deux véhicules - côté,,,,,,,,,,,1,1,1,1,3
200600025740,0006-05-03 17:30:00,6,5,3,17,30,130,55,"21, ALEX. FLEMING (BOULE",,,Plein jour,En agglomération,Hors intersection,Normale,Deux véhicules - arrière,,,,,,,,,,,1,2,1,1,2
200600025741,0006-05-19 05:40:00,6,5,19,5,40,130,55,"75, PIERRE PUGET (COURS)",,,Nuit avec éclairage allumé,En agglomération,Hors intersection,Normale,Sans collision,,,,,,,,,,,5,2,1,1,7
200600025742,0006-05-25 09:50:00,6,5,25,9,50,130,55,ALBE (RUE),,,Plein jour,En agglomération,Autre intersection,Normale,Deux véhicules - côté,,,,,,,,,,,1,2,9,1,3
200600025743,0006-05-25 07:20:00,6,5,25,7,20,130,55,HONNORAT (RUE),,,Plein jour,En agglomération,Hors intersection,Normale,Autre collision,,,,,,,,,,,1,2,1,1,6
200600025744,0006-05-18 12:30:00,6,5,18,12,30,130,55,"70, FÉLIX PYAT (RUE)",,,Plein jour,En agglomération,Hors intersection,Normale,Deux véhicules - côté,,,,,,,,,,,1,2,1,1,3
200600025745,0006-05-05 11:10:00,6,5,5,11,10,130,55,"25, BOISSON (BOULEVARD)",,,Plein jour,En agglomération,Hors intersection,Normale,Deux véhicules - côté,,,,,,,,,,,1,2,1,1,3
200600025746,0006-05-20 13:15:00,6,5,20,13,15,130,55,"124, MICHELET (BOULEVARD",,,Plein jour,En agglomération,Hors intersection,Normale,Deux véhicules - côté,,,,,,,,,,,1,2,1,1,3
200600025747,0006-05-20 00:01:00,6,5,20,0,1,130,55,"383, PARADIS (RUE)",,,Nuit avec éclairage allumé,En agglomération,Hors intersection,Normale,Autre collision,,,,,,,,,,,5,2,1,1,6
200600025748,0006-05-16 17:15:00,6,5,16,17,15,130,55,RAYMOND TEISSERE (RUE),,,Plein jour,En agglomération,Hors intersection,Normale,Deux véhicules - arrière,,,,,,,,,,,1,2,1,1,2
200600025749,0006-05-23 17:00:00,6,5,23,17,0,130,55,ALEX. FLEMING (BOULEVARD,,,Plein jour,En agglomération,Hors intersection,Normale,Deux véhicules - arrière,,,,,,,,,,,1,2,1,1,2
200600025750,0006-05-19 17:35:00,6,5,19,17,35,130,2,"22, GRAND'RUE (RUE)",,,Plein jour,En agglomération,Hors intersection,Normale,Deux véhicules - côté,,,,,,,,,,,1,2,1,1,3
200600025751,0006-05-06 18:40:00,6,5,6,18,40,130,55,RIVE NEUVE (QUAI DE),,,Plein jour,En agglomération,Hors intersection,Normale,Autre collision,,,,,,,,,,,1,2,1,1,6
200600025752,0006-05-24 18:35:00,6,5,24,18,35,130,75,FRÉDÉRIC CHEVILLON (AVEN,,,Plein jour,En agglomération,Intersection en X,Normale,Deux véhicules - côté,,,,,,,,,,,1,2,2,1,3
200600025753,0006-05-23 19:55:00,6,5,23,19,55,130,55,OLIVES (AVENUE DES),,,Plein jour,En agglomération,Intersection en T,Normale,Deux véhicules - côté,,,,,,,,,,,1,2,3,1,3
200600025754,0006-05-19 12:30:00,6,5,19,12,30,130,55,"36, SAINT MARCEL (BOULEV",,,Plein jour,En agglomération,Hors intersection,Normale,Deux véhicules - côté,,,,,,,,,,,1,2,1,1,3
200600025755,0006-05-22 13:20:00,6,5,22,13,20,130,55,", SAINT LOUP (BOULEVARD",,,Plein jour,En agglomération,Hors intersection,Normale,Autre collision,,,,,,,,,,,1,2,1,1,6
200600025756,0006-05-19 13:00:00,6,5,19,13,0,130,55,MARCHE D'IN (AVENUE),,,Plein jour,En agglomération,Autre intersection,Normale,Deux véhicules - côté,,,,,,,,,,,1,2,9,1,3
200600025757,0006-05-29 08:15:00,6,5,29,8,15,130,55,ROMAIN ROLLAND (BOULEVAR,,,Plein jour,En agglomération,Intersection en T,Temps éblouissant,Deux véhicules - côté,,,,,,,,,,,1,2,3,7,3
200600025758,0006-05-29 14:30:00,6,5,29,14,30,130,55,"07, LÉON GAMBETTA (ALLEE",,,Plein jour,En agglomération,Intersection en T,Normale,Deux véhicules - côté,,,,,,,,,,,1,2,3,1,3
200600025759,0006-05-24 19:00:00,6,5,24,19,0,130,55,MARCEL SEMBAT (RUE),,,Plein jour,En agglomération,Intersection en X,Normale,Deux véhicules - côté,,,,,,,,,,,1,2,2,1,3