accident_id,datetime,annee,mois,jour,heure,minute,departement,commune_insee,adresse,latitude,longitude,luminosite,agglomeration,intersection,meteo,collision,nb_vehicules,nb_usagers,nb_indemnes,nb_tues,nb_blesses_hosp,nb_blesses_legers,age_cond_1,age_cond_2,veh_type_cond_1,veh_type_cond_2,lum_code,agg_code,int_code,atm_code,col_code
200600026025,0006-05-05 18:42:00,6,5,5,18,42,180,33,SAINT-AMAND (AVENUE DE),,,Plein jour,En agglomération,Intersection en X,Normale,Autre collision,,,,,,,,,,,1,2,2,1,6
200600026026,0006-05-13 23:53:00,6,5,13,23,53,180,279,"136 BIS, VAILLANT (AVENU",,,Nuit avec éclairage allumé,En agglomération,Hors intersection,Normale,Deux véhicules - frontale,,,,,,,,,,,5,2,1,1,1
200600026027,0006-05-18 18:35:00,6,5,18,18,35,180,279,"17, ORME (CHEMIN DU GRAN",,,Plein jour,En agglomération,Hors intersection,Normale,Autre collision,,,,,,,,,,,1,2,1,1,6
200600026028,0006-05-03 12:25:00,6,5,3,12,25,190,31,DE JOUVENEL (BOULEVARD H,,,Plein jour,En agglomération,Hors intersection,Normale,Autre collision,,,,,,,,,,,1,2,1,1,6
200600026029,0006-05-04 18:10:00,6,5,4,18,10,190,31,SIGRIST (RUE ALPHONSE),,,Plein jour,En agglomération,Intersection en X,Normale,Deux véhicules - côté,,,,,,,,,,,1,2,2,1,3
200600026030,0006-05-05 16:05:00,6,5,5,16,5,190,31,RIVET (AVENUE JEAN CHARL,,,Plein jour,En agglomération,Hors intersection,Normale,Deux véhicules - arrière,,,,,,,,,,,1,2,1,1,2
200600026031,0006-05-08 13:00:00,6,5,8,13,0,190,31,ALSACE LORRAINE (AVENUE),,,Plein jour,En agglomération,Intersection en T,Normale,Deux véhicules - côté,,,,,,,,,,,1,2,3,1,3
200600026032,0006-05-09 15:35:00,6,5,9,15,35,190,31,MARBEAU (AVENUE FIRMIN),,,Plein jour,En agglomération,Intersection en X,Normale,Trois véhicules et plus - collisions multiples,,,,,,,,,,,1,2,2,1,5
200600026033,0006-05-10 07:50:00,6,5,10,7,50,190,31,EMERY (AVENUE ANDRE),,,Plein jour,En agglomération,Intersection en X,Normale,Deux véhicules - frontale,,,,,,,,,,,1,2,2,1,1
200600026034,0006-05-11 19:40:00,6,5,11,19,40,190,31,"2, CARNOT (RUE)",,,Plein jour,En agglomération,Hors intersection,Normale,Autre collision,,,,,,,,,,,1,2,1,1,6
200600026035,0006-05-13 19:25:00,6,5,13,19,25,190,31,"94, KENNEDY (AVENUE JOHN",,,Crépuscule ou aube,En agglomération,Hors intersection,Normale,Autre collision,,,,,,,,,,,2,2,1,1,6
200600026036,0006-05-16 16:45:00,6,5,16,16,45,190,31,QUATORZE JUILLET (PLACE,,,Plein jour,En agglomération,Hors intersection,Normale,Autre collision,,,,,,,,,,,1,2,1,1,6
200600026037,0006-05-16 18:05:00,6,5,16,18,5,190,31,RIVET (AVENUE JEAN CHARL,,,Plein jour,En agglomération,Intersection en T,Normale,Deux véhicules - côté,,,,,,,,,,,1,2,3,1,3
200600026038,0006-05-22 10:45:00,6,5,22,10,45,190,31,MAILLARD (AVENUE),,,Plein jour,En agglomération,Giratoire,Normale,Autre collision,,,,,,,,,,,1,2,6,1,6
200600026039,0006-05-23 18:45:00,6,5,23,18,45,190,31,"63, FOCH (AVENUE MARECHA",,,Plein jour,En agglomération,Hors intersection,Normale,Autre collision,,,,,,,,,,,1,2,1,1,6
200600026040,0006-05-24 19:05:00,6,5,24,19,5,190,31,"22, MALRAUX (AVENUE ANDR",,,Plein jour,En agglomération,Hors intersection,Normale,Autre collision,,,,,,,,,,,1,2,1,1,6
200600026041,0006-05-30 18:40:00,6,5,30,18,40,190,31,DUBOIS (BOULEVARD CARDIN,,,Plein jour,En agglomération,Hors intersection,Normale,Deux véhicules - frontale,,,,,,,,,,,1,2,1,1,1
200600026042,0006-05-31 11:45:00,6,5,31,11,45,190,31,MENDES FRANCE (AVENUE PI,,,Plein jour,En agglomération,Hors intersection,Normale,Deux véhicules - côté,,,,,,,,,,,1,2,1,1,3
200600026043,0006-05-24 19:45:00,6,5,24,19,45,190,272,"13, HENRI DE BOURNAZEL (",,,Plein jour,En agglomération,Hors intersection,Normale,Deux véhicules - frontale,,,,,,,,,,,1,2,1,1,1
200600026044,0006-05-21 15:55:00,6,5,21,15,55,190,272,", MALAQUIN (AV)",,,Plein jour,En agglomération,Intersection en T,Normale,Deux véhicules - frontale,,,,,,,,,,,1,2,3,1,1
200600026045,0006-05-08 05:45:00,6,5,8,5,45,210,54,BOUZE (ANCIENNE ROUTE DE,,,Crépuscule ou aube,En agglomération,Hors intersection,Pluie légère,Autre collision,,,,,,,,,,,2,2,1,2,6
200600026046,0006-05-20 19:20:00,6,5,20,19,20,210,54,FERRY (BOULEVARD JULES),,,Plein jour,En agglomération,Intersection en T,Normale,Autre collision,,,,,,,,,,,1,2,3,1,6
200600026047,0006-05-02 07:45:00,6,5,2,7,45,210,231,MOREY SAINT DENIS (DU) (,,,Plein jour,En agglomération,Intersection en X,Normale,Deux véhicules - côté,,,,,,,,,,,1,2,2,1,3
200600026048,0006-05-02 11:38:00,6,5,2,11,38,210,617,GENERAL CANZIO (DU) (AVE,,,Plein jour,En agglomération,Intersection en T,Normale,Deux véhicules - côté,,,,,,,,,,,1,2,3,1,3
200600026049,0006-05-02 16:55:00,6,5,2,16,55,210,231,"7, GARIBALDI (AVENUE)",,,Plein jour,En agglomération,Hors intersection,Normale,Autre collision,,,,,,,,,,,1,2,1,1,6
200600026050,0006-05-03 18:55:00,6,5,3,18,55,210,231,"89, LAC (DU) (AVENUE)",,,Plein jour,En agglomération,Intersection en T,Normale,Autre collision,,,,,,,,,,,1,2,3,1,6
200600026051,0006-05-03 19:55:00,6,5,3,19,55,210,231,"20, MARNE (DE LA) (BOULE",,,Plein jour,En agglomération,Hors intersection,Normale,Deux véhicules - côté,,,,,,,,,,,1,2,1,1,3
200600026052,0006-05-05 11:19:00,6,5,5,11,19,210,231,"31, TREMOUILLE (BOULEVAR",,,Plein jour,En agglomération,Hors intersection,Normale,Deux véhicules - côté,,,,,,,,,,,1,2,1,1,3
200600026053,0006-05-05 11:00:00,6,5,5,11,0,210,231,"30, MARECHAL JOFFRE (BOU",,,Plein jour,En agglomération,Hors intersection,Normale,Deux véhicules - côté,,,,,,,,,,,1,2,1,1,3
200600026054,0006-05-05 16:21:00,6,5,5,16,21,210,231,CHANOINE KIR (BOULEVARD),,,Plein jour,En agglomération,Intersection en T,Pluie forte,Deux véhicules - frontale,,,,,,,,,,,1,2,3,3,1
200600026055,0006-05-05 18:30:00,6,5,5,18,30,210,231,"61, DRAPEAU (DU) (AVENUE",,,Plein jour,En agglomération,Hors intersection,Pluie légère,Trois véhicules et plus - en chaîne,,,,,,,,,,,1,2,1,2,4
200600026056,0006-05-07 23:22:00,6,5,7,23,22,210,355,996 (CD),,,Nuit avec éclairage allumé,En agglomération,Intersection en Y,Temps couvert,Autre collision,,,,,,,,,,,5,2,4,8,6
200600026057,0006-05-08 15:50:00,6,5,8,15,50,210,231,MANUTENTION (DE LA) (RUE,,,Plein jour,En agglomération,Intersection en X,Pluie forte,Deux véhicules - côté,,,,,,,,,,,1,2,2,3,3
200600026058,0006-05-09 07:47:00,6,5,9,7,47,210,231,"5, CHARLES PEGUY (RUE)",,,Plein jour,En agglomération,Intersection en X,Pluie légère,Deux véhicules - arrière,,,,,,,,,,,1,2,2,2,2
200600026059,0006-05-09 12:00:00,6,5,9,12,0,210,166,MAXIME GUILLOT (RUE),,,Plein jour,En agglomération,Intersection en X,Pluie légère,Deux véhicules - côté,,,,,,,,,,,1,2,2,2,3
200600026060,0006-05-11 15:50:00,6,5,11,15,50,210,231,GEORGES POMPIDOU (VOIE),,,Plein jour,Hors agglomération,Hors intersection,Normale,Autre collision,,,,,,,,,,,1,1,1,1,6
200600026061,0006-05-12 12:00:00,6,5,12,12,0,210,231,ARQUEBUSE (DE L') (RUE),,,Plein jour,En agglomération,Intersection en Y,Normale,Deux véhicules - arrière,,,,,,,,,,,1,2,4,1,2
200600026062,0006-05-13 17:05:00,6,5,13,17,5,210,231,"67, ARISTIDE BRIAND (AVE",,,Plein jour,En agglomération,Intersection en X,Pluie légère,Deux véhicules - côté,,,,,,,,,,,1,2,2,2,3
200600026063,0006-05-16 10:40:00,6,5,16,10,40,210,231,GAZ (DU) (RUE),,,Plein jour,En agglomération,Intersection en T,Pluie forte,Deux véhicules - côté,,,,,,,,,,,1,2,3,3,3
200600026064,0006-05-17 19:40:00,6,5,17,19,40,210,166,"36, ERNEST RENAN (RUE)",,,Plein jour,En agglomération,Hors intersection,Normale,Autre collision,,,,,,,,,,,1,2,1,1,6
200600026065,0006-05-18 19:17:00,6,5,18,19,17,210,231,"22, THIERS (BOULEVARD)",,,Plein jour,En agglomération,Hors intersection,Normale,Deux véhicules - arrière,,,,,,,,,,,1,2,1,1,2
200600026066,0006-05-21 17:45:00,6,5,21,17,45,210,231,JEAN DE CIREY (RUE),,,Plein jour,En agglomération,Hors intersection,Normale,Deux véhicules - arrière,,,,,,,,,,,1,2,1,1,2
200600026067,0006-05-22 09:47:00,6,5,22,9,47,210,231,JEANNE D'ARC (BOULEVARD),,,Plein jour,En agglomération,Intersection en X,Temps couvert,Deux véhicules - côté,,,,,,,,,,,1,2,2,8,3
200600026068,0006-05-23 09:30:00,6,5,23,9,30,210,231,"50, CHAIGNOT (DU) (RUE)",,,Plein jour,En agglomération,Hors intersection,Normale,Deux véhicules - arrière,,,,,,,,,,,1,2,1,1,2
200600026069,0006-05-23 12:20:00,6,5,23,12,20,210,355,DIJON (DE) (ROUTE),,,Plein jour,En agglomération,Intersection en T,Normale,Deux véhicules - arrière,,,,,,,,,,,1,2,3,1,2
200600026070,0006-05-23 19:15:00,6,5,23,19,15,210,231,"29 bis, GRANDS CHAMPS (D",,,Plein jour,En agglomération,Hors intersection,Normale,Deux véhicules - frontale,,,,,,,,,,,1,2,1,1,1
200600026071,0006-05-24 11:38:00,6,5,24,11,38,210,231,MARECHAL JOFFRE (BOULEVA,,,Plein jour,En agglomération,Intersection en X,Normale,Deux véhicules - côté,,,,,,,,,,,1,2,2,1,3
200600026072,0006-05-24 16:15:00,6,5,24,16,15,210,231,CHATEAU (DU) (RUE),,,Plein jour,En agglomération,Hors intersection,Normale,Deux véhicules - arrière,,,,,,,,,,,1,2,1,1,2
200600026073,0006-05-24 22:30:00,6,5,24,22,30,210,617,"23, RESERVOIR (DU) (RUE)",,,Nuit avec éclairage allumé,En agglomération,Hors intersection,Normale,Autre collision,,,,,,,,,,,5,2,1,1,6
200600026074,0006-05-27 06:10:00,6,5,27,6,10,210,231,ARISTIDE BRIAND (AVENUE),,,Plein jour,En agglomération,Hors intersection,Normale,Autre collision,,,,,,,,,,,1,2,1,1,6
200600026075,0006-05-27 23:30:00,6,5,27,23,30,210,166,BERNARD    PALISSY (BOUL,,,Nuit avec éclairage allumé,En agglomération,Intersection en X,Normale,Deux véhicules - frontale,,,,,,,,,,,5,2,2,1,1
200600026076,0006-05-29 12:14:00,6,5,29,12,14,210,231,BRUGES (DE) (RUE),,,Plein jour,En agglomération,Intersection en X,Pluie légère,Trois véhicules et plus - en chaîne,,,,,,,,,,,1,2,2,2,4
200600026077,0006-05-29 15:57:00,6,5,29,15,57,210,231,PONT DES TANNERIES (DU),,,Plein jour,En agglomération,Intersection en X,Normale,Deux véhicules - côté,,,,,,,,,,,1,2,2,1,3
200600026078,0006-05-30 08:34:00,6,5,30,8,34,210,231,"11, CHAMPOLLION (AVENUE)",,,Plein jour,En agglomération,Hors intersection,Normale,Deux véhicules - côté,,,,,,,,,,,1,2,1,1,3
200600026079,0006-05-31 12:20:00,6,5,31,12,20,210,231,JOSEPH GARNIER (RUE),,,Plein jour,En agglomération,Intersection en T,Normale,Autre collision,,,,,,,,,,,1,2,3,1,6
200600026080,0006-05-31 18:12:00,6,5,31,18,12,210,231,MALINES (DE) (RUE),,,Plein jour,En agglomération,Intersection en Y,Normale,Deux véhicules - arrière,,,,,,,,,,,1,2,4,1,2
200600026081,0006-05-17 14:00:00,6,5,17,14,0,220,50,"29, CAPITAINE HESRY (RUE",,,Plein jour,En agglomération,Intersection en T,Normale,Deux véhicules - côté,,,,,,,,,,,1,2,3,1,3
200600026082,0006-05-13 17:58:00,6,5,13,17,58,220,113,"0, SAINT MARC (RUE DE)",,,Plein jour,En agglomération,Hors intersection,Normale,Deux véhicules - côté,,,,,,,,,,,1,2,1,1,3
200600026083,0006-05-13 06:00:00,6,5,13,6,0,220,360,"0, ARMOR (RUE D')",,,Crépuscule ou aube,En agglomération,Intersection en X,Normale,Deux véhicules - frontale,,,,,,,,,,,2,2,2,1,1
200600026084,0006-05-01 14:20:00,6,5,1,14,20,220,278,"0, CHARNER (BD)",,,Plein jour,En agglomération,Hors intersection,Normale,Deux véhicules - côté,,,,,,,,,,,1,2,1,1,3
200600026085,0006-05-23 17:20:00,6,5,23,17,20,220,278,"46, RAHUEL (DOCTEUR)",,,Plein jour,En agglomération,Intersection en T,Normale,Deux véhicules - côté,,,,,,,,,,,1,2,3,1,3
200600026086,0006-05-25 11:10:00,6,5,25,11,10,220,360,"0, REPUBLIQUE (RUE DE LA",,,Plein jour,En agglomération,Giratoire,Normale,Deux véhicules - côté,,,,,,,,,,,1,2,6,1,3
200600026087,0006-05-25 05:20:00,6,5,25,5,20,220,278,"0, FRANCE (AV. DE)",,,Nuit avec éclairage allumé,En agglomération,Hors intersection,Normale,Sans collision,,,,,,,,,,,5,2,1,1,7
200600026088,0006-05-26 14:20:00,6,5,26,14,20,220,215,"0, PONT NOIR (RUE DU)",,,Plein jour,Hors agglomération,Intersection en T,Normale,Deux véhicules - arrière,,,,,,,,,,,1,1,3,1,2
200600026089,0006-05-11 03:25:00,6,5,11,3,25,220,360,VERDUN (RUE DE),,,Nuit avec éclairage allumé,Hors agglomération,Intersection en T,Brouillard / fumée,Autre collision,,,,,,,,,,,5,1,3,5,6
200600026090,0006-05-21 08:50:00,6,5,21,8,50,220,278,"44, TREGUEUX (DE)",,,Plein jour,En agglomération,Hors intersection,Temps couvert,Autre collision,,,,,,,,,,,1,2,1,8,6
200600026091,0006-05-07 17:25:00,6,5,7,17,25,230,96,"6, LYRAUD (RUE ANDRE)",,,Plein jour,En agglomération,Intersection en Y,Normale,Deux véhicules - frontale,,,,,,,,,,,1,2,4,1,1
200600026092,0006-05-13 21:25:00,6,5,13,21,25,230,96,"5, LECLERC (RUE DU MAREC",,,Nuit avec éclairage allumé,En agglomération,Hors intersection,Normale,Deux véhicules - frontale,,,,,,,,,,,5,2,1,1,1
200600026093,0006-05-15 20:15:00,6,5,15,20,15,230,96,"22, CARNOT (BOULEVARD)",,,Plein jour,En agglomération,Autre intersection,Normale,Deux véhicules - côté,,,,,,,,,,,1,2,9,1,3
200600026094,0006-05-30 19:10:00,6,5,30,19,10,240,37,PASTEUR (AVENUE),,,Plein jour,En agglomération,Hors intersection,Normale,Deux véhicules - côté,,,,,,,,,,,1,2,1,1,3
200600026095,0006-05-02 16:13:00,6,5,2,16,13,240,322,"00, FRANCHEVILLE (PLACE)",,,Plein jour,En agglomération,Hors intersection,Normale,Autre collision,,,,,,,,,,,1,2,1,1,6
200600026096,0006-05-05 21:55:00,6,5,5,21,55,240,322,FRANCHEVILLE (PLACE),,,Nuit avec éclairage allumé,En agglomération,Hors intersection,Normale,Deux véhicules - côté,,,,,,,,,,,5,2,1,1,3
200600026097,0006-05-06 11:35:00,6,5,6,11,35,240,322,"17, BERT ( RUE PAUL)",,,Plein jour,En agglomération,Hors intersection,Normale,Deux véhicules - côté,,,,,,,,,,,1,2,1,1,3
200600026098,0006-05-06 12:42:00,6,5,6,12,42,240,138,VERGERS (ALLEE ),,,Plein jour,En agglomération,Intersection en T,Normale,Deux véhicules - arrière,,,,,,,,,,,1,2,3,1,2
200600026099,0006-05-07 08:24:00,6,5,7,8,24,240,322,"01, FENELON (COURS)",,,Plein jour,En agglomération,Hors intersection,Normale,Autre collision,,,,,,,,,,,1,2,1,1,6
200600026100,0006-05-10 11:03:00,6,5,10,11,3,240,322,"43, SEMARD (RUE PIERRE)",,,Plein jour,En agglomération,Hors intersection,Normale,Autre collision,,,,,,,,,,,1,2,1,1,6
200600026101,0006-05-11 18:30:00,6,5,11,18,30,240,53,"00, MOULIN ( RUE JEAN)",,,Plein jour,En agglomération,Hors intersection,Normale,Autre collision,,,,,,,,,,,1,2,1,1,6
200600026102,0006-05-12 23:44:00,6,5,12,23,44,240,557,"00, GRANDOU (AVENUE MICH",,,Nuit avec éclairage allumé,En agglomération,Intersection en T,Normale,Autre collision,,,,,,,,,,,5,2,3,1,6
200600026103,0006-05-14 03:20:00,6,5,14,3,20,240,322,"139, JUIN ( AVENUE DU MA",,,Nuit avec éclairage allumé,En agglomération,Hors intersection,Normale,Deux véhicules - frontale,,,,,,,,,,,5,2,1,1,1
200600026104,0006-05-17 12:55:00,6,5,17,12,55,240,138,CHURCHILL ( AVENUE WINST,,,Plein jour,En agglomération,Giratoire,Normale,Autre collision,,,,,,,,,,,1,2,6,1,6
200600026105,0006-05-20 00:15:00,6,5,20,0,15,240,312,EGLISE NEUVE DE VERGT (r,,,Nuit sans éclairage public,En agglomération,Hors intersection,Normale,Autre collision,,,,,,,,,,,3,2,1,1,6
200600026106,0006-05-20 11:12:00,6,5,20,11,12,240,557,"158, GRANDOU (AVENUE MIC",,,Plein jour,En agglomération,Hors intersection,Pluie légère,Trois véhicules et plus - en chaîne,,,,,,,,,,,1,2,1,2,4
200600026107,0006-05-26 11:42:00,6,5,26,11,42,240,322,"20, BERGERAC (ROUTE DE)",,,Plein jour,En agglomération,Intersection en X,Normale,Autre collision,,,,,,,,,,,1,2,2,1,6
200600026108,0006-05-28 19:10:00,6,5,28,19,10,240,256,"65, CHAMBON (ROUTE DE)",,,Plein jour,En agglomération,Hors intersection,Normale,Autre collision,,,,,,,,,,,1,2,1,1,6
200600026109,0006-05-31 09:58:00,6,5,31,9,58,240,322,WILSON (RUE DU PRESIDENT,,,Plein jour,En agglomération,Hors intersection,Normale,Autre collision,,,,,,,,,,,1,2,1,1,6
200600026110,0006-05-03 15:10:00,6,5,3,15,10,250,56,"36, VESOUL RUE DE < 52",,,Plein jour,En agglomération,Hors intersection,Normale,Deux véhicules - côté,,,,,,,,,,,1,2,1,1,3
200600026111,0006-05-03 16:31:00,6,5,3,16,31,250,56,"1, JOUCHOUX RUE AUGUSTE",,,Plein jour,En agglomération,Hors intersection,Normale,Deux véhicules - côté,,,,,,,,,,,1,2,1,1,3
200600026112,0006-05-04 18:36:00,6,5,4,18,36,250,56,"59, VEIL-PICARD QUAI",,,Plein jour,En agglomération,Hors intersection,Normale,Deux véhicules - côté,,,,,,,,,,,1,2,1,1,3
200600026113,0006-05-04 22:10:00,6,5,4,22,10,250,56,MARMIER RUE XAVIER,,,Nuit avec éclairage allumé,En agglomération,Hors intersection,Normale,Autre collision,,,,,,,,,,,5,2,1,1,6
200600026114,0006-05-06 17:20:00,6,5,6,17,20,250,56,"sans, SAVARY RUE ALAIN",,,Plein jour,En agglomération,Giratoire,Normale,Deux véhicules - côté,,,,,,,,,,,1,2,6,1,3
200600026115,0006-05-06 13:25:00,6,5,6,13,25,250,56,"SANS, CUL DES PRES CHEMI",,,Plein jour,Hors agglomération,Hors intersection,Pluie légère,Autre collision,,,,,,,,,,,1,1,1,2,6
200600026116,0006-05-07 22:10:00,6,5,7,22,10,250,56,"32, CHOPIN RUE FREDERIC",,,Nuit sans éclairage public,En agglomération,Hors intersection,Normale,Autre collision,,,,,,,,,,,3,2,1,1,6
200600026117,0006-05-09 16:20:00,6,5,9,16,20,250,56,", RIVOTTE  FAUBOURG",,,Plein jour,En agglomération,Hors intersection,Pluie légère,Autre collision,,,,,,,,,,,1,2,1,2,6
200600026118,0006-05-12 08:08:00,6,5,12,8,8,250,56,"sans, AMPERE RUE",,,Plein jour,En agglomération,Giratoire,Normale,Deux véhicules - frontale,,,,,,,,,,,1,2,6,1,1
200600026119,0006-05-16 09:50:00,6,5,16,9,50,250,56,"30, FONTAINE-ARGENT AVEN",,,Plein jour,En agglomération,Hors intersection,Pluie forte,Autre collision,,,,,,,,,,,1,2,1,3,6
200600026120,0006-05-16 11:40:00,6,5,16,11,40,250,56,"1, BRULARD  RUE GENERAL",,,Plein jour,En agglomération,Hors intersection,Temps couvert,Deux véhicules - arrière,,,,,,,,,,,1,2,1,8,2
200600026121,0006-05-16 13:27:00,6,5,16,13,27,250,56,"9, GRANDS BAS CHEMIN DES",,,Plein jour,En agglomération,Hors intersection,Normale,Deux véhicules - côté,,,,,,,,,,,1,2,1,1,3
200600026122,0006-05-16 16:36:00,6,5,16,16,36,250,56,"SANS, BELFORT RUE DE <14",,,Plein jour,En agglomération,Intersection en X,Normale,Deux véhicules - côté,,,,,,,,,,,1,2,2,1,3
200600026123,0006-05-17 04:00:00,6,5,17,4,0,250,56,KENNEDY  BOULEVARD J.F.,,,Nuit avec éclairage allumé,Hors agglomération,Intersection en X,Normale,Autre collision,,,,,,,,,,,5,1,2,1,6
200600026124,0006-05-17 09:10:00,6,5,17,9,10,250,56,"7, CHAPRAIS RUE DES",,,Plein jour,En agglomération,Hors intersection,Normale,Autre collision,,,,,,,,,,,1,2,1,1,6
200600026125,0006-05-20 13:50:00,6,5,20,13,50,250,56,"1, ARAGON RUE LOUIS",,,Plein jour,Hors agglomération,Hors intersection,Pluie légère,Deux véhicules - frontale,,,,,,,,,,,1,1,1,2,1
200600026126,0006-05-23 16:56:00,6,5,23,16,56,250,56,"sans, MONTRAPON AVENUE D",,,Plein jour,En agglomération,Hors intersection,Normale,Deux véhicules - côté,,,,,,,,,,,1,2,1,1,3
200600026127,0006-05-24 10:44:00,6,5,24,10,44,250,56,"74, TREPILLOT RUE DE",,,Plein jour,En agglomération,Hors intersection,Normale,Deux véhicules - frontale,,,,,,,,,,,1,2,1,1,1
200600026128,0006-05-26 19:00:00,6,5,26,19,0,250,56,DOLE RUE DE >200,,,Plein jour,En agglomération,Hors intersection,Normale,Autre collision,,,,,,,,,,,1,2,1,1,6
200600026129,0006-05-27 16:38:00,6,5,27,16,38,250,56,"1, DIDEROT BOULEVARD",,,Plein jour,En agglomération,Hors intersection,Normale,Trois véhicules et plus - collisions multiples,,,,,,,,,,,1,2,1,1,5
200600026130,0006-05-26 20:43:00,6,5,26,20,43,250,56,OUEST BOULEVARD,,,Plein jour,En agglomération,Autre intersection,Normale,Deux véhicules - côté,,,,,,,,,,,1,2,9,1,3
200600026131,0006-05-29 09:40:00,6,5,29,9,40,250,56,SIFFERT  AVENUE CHARLES,,,Plein jour,En agglomération,Hors intersection,Pluie forte,Deux véhicules - arrière,,,,,,,,,,,1,2,1,3,2
200600026132,0006-05-31 17:13:00,6,5,31,17,13,250,56,"SANS, RN 1057 (BD CHURCH",,,Plein jour,En agglomération,Hors intersection,Normale,Trois véhicules et plus - collisions multiples,,,,,,,,,,,1,2,1,1,5
200600026133,0006-05-08 08:50:00,6,5,8,8,50,250,230,"40, SOCHAUX (RUE DE)",,,Plein jour,En agglomération,Hors intersection,Pluie légère,Autre collision,,,,,,,,,,,1,2,1,2,6
200600026134,0006-05-19 16:00:00,6,5,19,16,0,250,388,", BATAILLONS CHASSEURS (",,,Plein jour,En agglomération,Hors intersection,Normale,Deux véhicules - côté,,,,,,,,,,,1,2,1,1,3
200600026135,0006-05-20 05:10:00,6,5,20,5,10,250,580,"00, AUDINCOURT-R.N.437 (",,,Crépuscule ou aube,Hors agglomération,Hors intersection,Normale,Autre collision,,,,,,,,,,,2,1,1,1,6
200600026136,0006-05-22 07:05:00,6,5,22,7,5,250,31,JAURES (AVENUE JEAN),,,Crépuscule ou aube,En agglomération,Giratoire,Normale,Deux véhicules - côté,,,,,,,,,,,2,2,6,1,3
200600026137,0006-05-24 16:20:00,6,5,24,16,20,250,388,CHAUX (RUE SOUS LA CHAUX,,,Plein jour,En agglomération,Giratoire,Normale,Deux véhicules - côté,,,,,,,,,,,1,2,6,1,3
200600026138,0006-05-23 18:45:00,6,5,23,18,45,250,388,"56, BOIS BOURGEOIS (RUE",,,Plein jour,En agglomération,Hors intersection,Normale,Autre collision,,,,,,,,,,,1,2,1,1,6
200600026139,0006-05-30 17:06:00,6,5,30,17,6,250,580,"24, GRANDE RUE",,,Plein jour,En agglomération,Hors intersection,Normale,Deux véhicules - côté,,,,,,,,,,,1,2,1,1,3
200600026140,0006-05-03 17:35:00,6,5,3,17,35,260,198,"SANS NR, CHARMETTES (CHE",,,Plein jour,En agglomération,Intersection en T,Normale,Deux véhicules - côté,,,,,,,,,,,1,2,3,1,3
200600026141,0006-05-04 22:45:00,6,5,4,22,45,260,198,ROCHEMAURE (ROUTE DE),,,Nuit sans éclairage public,Hors agglomération,Intersection en T,Normale,Autre collision,,,,,,,,,,,3,1,3,1,6
200600026142,0006-05-13 05:30:00,6,5,13,5,30,260,198,SAUZET (ROUTE ),,,Nuit sans éclairage public,Hors agglomération,Hors intersection,Normale,Autre collision,,,,,,,,,,,3,1,1,1,6
200600026143,0006-05-19 02:00:00,6,5,19,2,0,260,198,"sans n, TEIL (ROUTE DU)",,,Nuit avec éclairage allumé,Hors agglomération,Hors intersection,Normale,Autre collision,,,,,,,,,,,5,1,1,1,6
200600026144,0006-05-02 10:25:00,6,5,2,10,25,260,281,"NEANT, DORMOY MARX (BOUL",,,Plein jour,En agglomération,Giratoire,Normale,Autre collision,,,,,,,,,,,1,2,6,1,6
200600026145,0006-05-03 08:25:00,6,5,3,8,25,260,281,"NEANT, GUILHAUME (RUE)",,,Plein jour,En agglomération,Intersection en X,Normale,Autre collision,,,,,,,,,,,1,2,2,1,6
200600026146,0006-05-15 12:50:00,6,5,15,12,50,260,281,BERNARD CLAUDE (RUE),,,Plein jour,En agglomération,Giratoire,Normale,Autre collision,,,,,,,,,,,1,2,6,1,6
200600026147,0006-05-23 19:18:00,6,5,23,19,18,260,281,MOULIN JEAN (AVENUE),,,Plein jour,En agglomération,Intersection en X,Normale,Trois véhicules et plus - collisions multiples,,,,,,,,,,,1,2,2,1,5
200600026148,0006-05-29 10:00:00,6,5,29,10,0,260,281,"NEANT, LAPASSAT ETIENNE",,,Plein jour,En agglomération,Giratoire,Normale,Autre collision,,,,,,,,,,,1,2,6,1,6
200600026149,0006-05-31 17:45:00,6,5,31,17,45,260,281,"NEANT, SORTIE PARKING ET",,,Plein jour,En agglomération,Intersection en T,Temps couvert,Autre collision,,,,,,,,,,,1,2,3,8,6
200600026150,0006-05-02 21:25:00,6,5,2,21,25,260,58,"sans n, RN 2007",,,Nuit sans éclairage public,Hors agglomération,Hors intersection,Normale,Deux véhicules - côté,,,,,,,,,,,3,1,1,1,3
200600026151,0006-05-03 14:40:00,6,5,3,14,40,260,362,"297, ROMANS AVENUE DE (1",,,Plein jour,En agglomération,Hors intersection,Normale,Deux véhicules - frontale,,,,,,,,,,,1,2,1,1,1
200600026152,0006-05-02 20:40:00,6,5,2,20,40,260,362,"Sans n°, MONTELEGER ROUT",,,Crépuscule ou aube,Hors agglomération,Giratoire,Normale,Deux véhicules - côté,,,,,,,,,,,2,1,6,1,3
200600026153,0006-05-11 15:10:00,6,5,11,15,10,260,362,"SANS N, BAUMES AVENUE DE",,,Plein jour,En agglomération,Hors intersection,Normale,Trois véhicules et plus - en chaîne,,,,,,,,,,,1,2,1,1,4
200600026154,0006-05-14 19:45:00,6,5,14,19,45,260,362,"27, AMBLARD RUE",,,Plein jour,En agglomération,Intersection en X,Normale,Deux véhicules - côté,,,,,,,,,,,1,2,2,1,3
200600026155,0006-05-21 00:40:00,6,5,21,0,40,260,362,"SANS N, KENNEDY BD JOHN",,,Nuit avec éclairage allumé,En agglomération,Hors intersection,Pluie légère,Deux véhicules - arrière,,,,,,,,,,,5,2,1,2,2
200600026156,0006-05-29 09:25:00,6,5,29,9,25,260,362,"SANS N, PAPIN RUE DENIS",,,Plein jour,En agglomération,Hors intersection,Normale,Autre collision,,,,,,,,,,,1,2,1,1,6