accident_id,datetime,annee,mois,jour,heure,minute,departement,commune_insee,adresse,latitude,longitude,luminosite,agglomeration,intersection,meteo,collision,nb_vehicules,nb_usagers,nb_indemnes,nb_tues,nb_blesses_hosp,nb_blesses_legers,age_cond_1,age_cond_2,veh_type_cond_1,veh_type_cond_2,lum_code,agg_code,int_code,atm_code,col_code
200600026157,0006-05-07 05:30:00,6,5,7,5,30,260,4,RN 532,,,Nuit sans éclairage public,Hors agglomération,Hors intersection,Pluie légère,Sans collision,,,,,,,,,,,3,1,1,2,7
200600026158,0006-05-04 20:00:00,6,5,4,20,0,270,229,"1, FOCH (AVENUE DU MAREC",,,Plein jour,En agglomération,Intersection en X,Normale,Deux véhicules - côté,,,,,,,,,,,1,2,2,1,3
200600026159,0006-05-06 12:05:00,6,5,6,12,5,270,229,"37, MOULIN (RUE JEAN)",,,Plein jour,En agglomération,Giratoire,Normale,Deux véhicules - arrière,,,,,,,,,,,1,2,6,1,2
200600026160,0006-05-07 17:35:00,6,5,7,17,35,270,229,"3, RUGBY (RUE DE)",,,Crépuscule ou aube,En agglomération,Hors intersection,Normale,Deux véhicules - côté,,,,,,,,,,,2,2,1,1,3
200600026161,0006-05-11 08:20:00,6,5,11,8,20,270,229,"13, LAVOISIER (RUE)",,,Plein jour,En agglomération,Hors intersection,Normale,Deux véhicules - côté,,,,,,,,,,,1,2,1,1,3
200600026162,0006-05-12 13:30:00,6,5,12,13,30,270,229,"45, BROSSOLETTE (RUE PIE",,,Plein jour,En agglomération,Intersection en X,Normale,Deux véhicules - côté,,,,,,,,,,,1,2,2,1,3
200600026163,0006-05-16 13:00:00,6,5,16,13,0,270,229,"45, LEPOUZE (RUE)",,,Plein jour,En agglomération,Hors intersection,Normale,Autre collision,,,,,,,,,,,1,2,1,1,6
200600026164,0006-05-17 07:35:00,6,5,17,7,35,270,229,"13, SAINT LEGER (RUE DU",,,Plein jour,En agglomération,Hors intersection,Normale,Autre collision,,,,,,,,,,,1,2,1,1,6
200600026165,0006-05-21 16:05:00,6,5,21,16,5,270,229,"7, DUNANT (RUE HENRI)",,,Plein jour,En agglomération,Hors intersection,Normale,Autre collision,,,,,,,,,,,1,2,1,1,6
200600026166,0006-05-24 20:35:00,6,5,24,20,35,270,229,"27, BOIS DES COMMUNES (R",,,Plein jour,En agglomération,Hors intersection,Normale,Sans collision,,,,,,,,,,,1,2,1,1,7
200600026167,0006-05-25 21:40:00,6,5,25,21,40,270,229,"45, SAINT ANDRE (ROUTE D",,,Nuit avec éclairage allumé,En agglomération,Intersection en X,Normale,Deux véhicules - frontale,,,,,,,,,,,5,2,2,1,1
200600026168,0006-05-04 06:20:00,6,5,4,6,20,270,701,FALAISES (ROUTE DES) MAI,,,Crépuscule ou aube,En agglomération,Intersection en T,Normale,Deux véhicules - côté,,,,,,,,,,,2,2,3,1,3
200600026169,0006-05-11 19:30:00,6,5,11,19,30,270,375,"0, DUNANT (AVENUE HENRI)",,,Plein jour,En agglomération,Hors intersection,Normale,Sans collision,,,,,,,,,,,1,2,1,1,7
200600026170,0006-05-12 12:25:00,6,5,12,12,25,270,375,CHURCHILL (AVENUE WINSTO,,,Plein jour,En agglomération,Hors intersection,Normale,Trois véhicules et plus - en chaîne,,,,,,,,,,,1,2,1,1,4
200600026171,0006-05-17 21:25:00,6,5,17,21,25,270,701,"0, FALAISES (ROUTE DES)",,,Nuit avec éclairage non allumé,Hors agglomération,Hors intersection,Normale,Sans collision,,,,,,,,,,,4,1,1,1,7
200600026172,0006-05-22 08:30:00,6,5,22,8,30,270,375,"0, SAINT PIERRE (ROUTE D",,,Plein jour,Hors agglomération,Hors intersection,Normale,Sans collision,,,,,,,,,,,1,1,1,1,7
200600026173,0006-05-28 13:45:00,6,5,28,13,45,270,701,"10, REGAIN (ALLEE DU)",,,Plein jour,En agglomération,Hors intersection,Normale,Deux véhicules - arrière,,,,,,,,,,,1,2,1,1,2
200600026174,0006-05-31 15:00:00,6,5,31,15,0,270,701,ANDELLE (CHAUSSEE D'),,,Plein jour,Hors agglomération,Hors intersection,Normale,Deux véhicules - côté,,,,,,,,,,,1,1,1,1,3
200600026175,0006-05-15 08:35:00,6,5,15,8,35,270,681,MENDES FRANCE (AVENUE PI,,,Plein jour,En agglomération,Intersection en T,Normale,Autre collision,,,,,,,,,,,1,2,3,1,6
200600026176,0006-05-17 16:55:00,6,5,17,16,55,270,681,JAURES (BOULEVARD JAURES,,,Plein jour,En agglomération,Autre intersection,Normale,Autre collision,,,,,,,,,,,1,2,9,1,6
200600026177,0006-05-22 15:55:00,6,5,22,15,55,270,681,EVREUX (ROUTE D'),,,Plein jour,Hors agglomération,Hors intersection,Pluie légère,Sans collision,,,,,,,,,,,1,1,1,2,7
200600026178,0006-05-31 11:40:00,6,5,31,11,40,270,681,"0, MENDES FRANCE (AVENUE",,,Plein jour,En agglomération,Autre intersection,Temps éblouissant,Autre collision,,,,,,,,,,,1,2,9,7,6
200600026179,0006-05-06 15:40:00,6,5,6,15,40,280,209,"SANS, RN 154",,,Plein jour,En agglomération,Hors intersection,Pluie forte,Trois véhicules et plus - collisions multiples,,,,,,,,,,,1,2,1,3,5
200600026180,0006-05-12 17:15:00,6,5,12,17,15,280,70,"SANS, D823",,,Plein jour,Hors agglomération,Hors intersection,Normale,Deux véhicules - frontale,,,,,,,,,,,1,1,1,1,1
200600026181,0006-05-13 15:30:00,6,5,13,15,30,280,218,"sans, VARLET (RUE GEORGE",,,Plein jour,En agglomération,Hors intersection,Normale,Deux véhicules - côté,,,,,,,,,,,1,2,1,1,3
200600026182,0006-05-13 17:10:00,6,5,13,17,10,280,85,"sans, MENDES FRANCE (RUE",,,Plein jour,En agglomération,Hors intersection,Normale,Autre collision,,,,,,,,,,,1,2,1,1,6
200600026183,0006-05-14 17:35:00,6,5,14,17,35,280,220,"sans, LEPINE (françois)",,,Plein jour,En agglomération,Hors intersection,Normale,Autre collision,,,,,,,,,,,1,2,1,1,6
200600026184,0006-05-30 09:00:00,6,5,30,9,0,280,85,"sans, MARAIS (RUE DES)",,,Plein jour,En agglomération,Hors intersection,Normale,Deux véhicules - arrière,,,,,,,,,,,1,2,1,1,2
200600026185,0006-05-31 13:20:00,6,5,31,13,20,280,220,"SANS, AVENUE DE LA REPUB",,,Plein jour,En agglomération,Hors intersection,Normale,Deux véhicules - côté,,,,,,,,,,,1,2,1,1,3
200600026186,0006-05-02 07:30:00,6,5,2,7,30,280,404,MITTERRAND (RUE FRANCOIS,,,Crépuscule ou aube,En agglomération,Intersection en X,Normale,Deux véhicules - côté,,,,,,,,,,,2,2,2,1,3
200600026187,0006-05-02 14:00:00,6,5,2,14,0,280,134,KOENIG (ALLEE DU GENERAL,,,Plein jour,En agglomération,Hors intersection,Normale,Deux véhicules - arrière,,,,,,,,,,,1,2,1,1,2
200600026188,0006-05-02 20:58:00,6,5,2,20,58,280,134,RN 12 (DESCENTE ET PONT,,,Crépuscule ou aube,En agglomération,Hors intersection,Normale,Sans collision,,,,,,,,,,,2,2,1,1,7
200600026189,0006-05-08 19:15:00,6,5,8,19,15,280,134,"40, ISAACS (RUE SAM)",,,Plein jour,En agglomération,Hors intersection,Normale,Sans collision,,,,,,,,,,,1,2,1,1,7
200600026190,0006-05-10 14:00:00,6,5,10,14,0,280,404,"1, PRESSOIR (RUE DU)",,,Plein jour,En agglomération,Hors intersection,Normale,Deux véhicules - côté,,,,,,,,,,,1,2,1,1,3
200600026191,0006-05-11 15:10:00,6,5,11,15,10,280,223,RD 929,,,Plein jour,Hors agglomération,Intersection en X,Normale,Deux véhicules - côté,,,,,,,,,,,1,1,2,1,3
200600026192,0006-05-25 21:30:00,6,5,25,21,30,280,404,8 MAI 1945 (ESPLANADE DU,,,Crépuscule ou aube,En agglomération,Intersection en Y,Normale,Sans collision,,,,,,,,,,,2,2,4,1,7
200600026193,0006-05-28 15:05:00,6,5,28,15,5,280,134,FENOTS (AVENUE DES),,,Plein jour,En agglomération,Intersection en T,Normale,Deux véhicules - côté,,,,,,,,,,,1,2,3,1,3
200600026194,0006-05-29 11:30:00,6,5,29,11,30,280,134,SCHUMANN (RUE ROBERT),,,Plein jour,En agglomération,Intersection en T,Normale,Autre collision,,,,,,,,,,,1,2,3,1,6
200600026195,0006-05-01 21:50:00,6,5,1,21,50,290,19,"., JAURES JEAN (DE 1 A 4",,,Nuit avec éclairage non allumé,En agglomération,Intersection en T,Normale,Autre collision,,,,,,,,,,,4,2,3,1,6
200600026196,0006-05-03 07:40:00,6,5,3,7,40,290,19,"., PORTE (DE 1 A 75 ET 2",,,Plein jour,En agglomération,Intersection en X,Normale,Deux véhicules - côté,,,,,,,,,,,1,2,2,1,3
200600026197,0006-05-03 11:15:00,6,5,3,11,15,290,19,"., PORTE (DE 1 A 75 ET 2",,,Plein jour,En agglomération,Intersection en X,Normale,Autre collision,,,,,,,,,,,1,2,2,1,6
200600026198,0006-05-03 17:35:00,6,5,3,17,35,290,19,"., CLEMENCEAU GEORGES (D",,,Plein jour,En agglomération,Intersection en X,Normale,Autre collision,,,,,,,,,,,1,2,2,1,6
200600026199,0006-05-05 09:00:00,6,5,5,9,0,290,19,"., HOCHE (DE 87 ET 90 A",,,Plein jour,En agglomération,Intersection en X,Normale,Deux véhicules - côté,,,,,,,,,,,1,2,2,1,3
200600026200,0006-05-05 15:35:00,6,5,5,15,35,290,19,"., SAINT MARC (DE 1 A 59",,,Plein jour,En agglomération,Intersection en X,Normale,Autre collision,,,,,,,,,,,1,2,2,1,6
200600026201,0006-05-06 10:40:00,6,5,6,10,40,290,19,"., AIGUILLON (DE 1 A 37",,,Plein jour,En agglomération,Intersection en X,Normale,Autre collision,,,,,,,,,,,1,2,2,1,6
200600026202,0006-05-06 03:45:00,6,5,6,3,45,290,19,"., SAINT MARC ROUTE DU V",,,Nuit avec éclairage allumé,En agglomération,Hors intersection,Normale,Deux véhicules - arrière,,,,,,,,,,,5,2,1,1,2
200600026203,0006-05-07 15:25:00,6,5,7,15,25,290,19,PRIGENT TANGUY (RP CARRE,,,Plein jour,En agglomération,Hors intersection,Normale,Sans collision,,,,,,,,,,,1,2,1,1,7
200600026204,0006-05-09 18:55:00,6,5,9,18,55,290,19,"., DONNART MATHIEU (DE 1",,,Plein jour,En agglomération,Intersection en T,Normale,Autre collision,,,,,,,,,,,1,2,3,1,6
200600026205,0006-05-11 00:10:00,6,5,11,0,10,290,19,"., SIAM (DE 1 A 47 ET 2",,,Nuit avec éclairage allumé,En agglomération,Intersection en X,Normale,Deux véhicules - côté,,,,,,,,,,,5,2,2,1,3
200600026206,0006-05-12 18:25:00,6,5,12,18,25,290,19,"., CORDON FRANCOIS",,,Plein jour,En agglomération,Intersection en X,Normale,Deux véhicules - côté,,,,,,,,,,,1,2,2,1,3
200600026207,0006-05-11 19:35:00,6,5,11,19,35,290,19,"., QUIMPER (154 ET 173 A",,,Plein jour,En agglomération,Intersection à plus de 4 branches,Normale,Deux véhicules - côté,,,,,,,,,,,1,2,5,1,3
200600026208,0006-05-13 00:01:00,6,5,13,0,1,290,19,"., CLEMENCEAU GEORGES (D",,,Nuit avec éclairage allumé,En agglomération,Intersection en X,Pluie légère,Deux véhicules - côté,,,,,,,,,,,5,2,2,2,3
200600026209,0006-05-16 17:30:00,6,5,16,17,30,290,19,"., GOUESNOU (DE 221 ET 2",,,Plein jour,En agglomération,Hors intersection,Normale,Autre collision,,,,,,,,,,,1,2,1,1,6
200600026210,0006-05-12 19:15:00,6,5,12,19,15,290,19,"., ROOSEVELT FRANKLIN (A",,,Plein jour,En agglomération,Intersection en X,Normale,Deux véhicules - arrière,,,,,,,,,,,1,2,2,1,2
200600026211,0006-05-18 08:05:00,6,5,18,8,5,290,19,"., MOZART",,,Plein jour,En agglomération,Hors intersection,Normale,Deux véhicules - arrière,,,,,,,,,,,1,2,1,1,2
200600026212,0006-05-18 12:15:00,6,5,18,12,15,290,19,"., CLAIRAUT ALEXIS",,,Plein jour,En agglomération,Intersection en X,Normale,Deux véhicules - côté,,,,,,,,,,,1,2,2,1,3
200600026213,0006-05-19 12:35:00,6,5,19,12,35,290,19,"., HARTELOIRE (PONT)",,,Plein jour,En agglomération,Hors intersection,Pluie légère,Deux véhicules - côté,,,,,,,,,,,1,2,1,2,3
200600026214,0006-05-20 05:00:00,6,5,20,5,0,290,19,ROOSEVELT FRANKLIN (AVEN,,,Nuit avec éclairage allumé,En agglomération,Hors intersection,Vent fort / tempête,Deux véhicules - frontale,,,,,,,,,,,5,2,1,6,1
200600026215,0006-05-20 13:15:00,6,5,20,13,15,290,19,"., MONTAIGNE (DE 1 A 37",,,Plein jour,En agglomération,Intersection en X,Normale,Deux véhicules - côté,,,,,,,,,,,1,2,2,1,3
200600026216,0006-05-22 18:20:00,6,5,22,18,20,290,19,"., KERALLAN",,,Plein jour,En agglomération,Intersection en X,Pluie légère,Deux véhicules - côté,,,,,,,,,,,1,2,2,2,3
200600026217,0006-05-28 17:25:00,6,5,28,17,25,290,19,";, PREMIERE DFL (AVENUE)",,,Plein jour,En agglomération,Hors intersection,Normale,Deux véhicules - arrière,,,,,,,,,,,1,2,1,1,2
200600026218,0006-05-29 03:55:00,6,5,29,3,55,290,19,"40, MASSON PAUL (DE 11 A",,,Nuit avec éclairage allumé,En agglomération,Hors intersection,Normale,Autre collision,,,,,,,,,,,5,2,1,1,6
200600026219,0006-05-30 12:15:00,6,5,30,12,15,290,19,TARENTE,,,Plein jour,En agglomération,Hors intersection,Normale,Deux véhicules - côté,,,,,,,,,,,1,2,1,1,3
200600026220,0006-05-30 17:40:00,6,5,30,17,40,290,19,"., GOUESNOU (DE 221 ET 2",,,Plein jour,En agglomération,Intersection en T,Normale,Autre collision,,,,,,,,,,,1,2,3,1,6
200600026221,0006-05-31 12:20:00,6,5,31,12,20,290,19,QUIMPER (DE 1 A 103 ET 2,,,Plein jour,En agglomération,Hors intersection,Normale,Deux véhicules - arrière,,,,,,,,,,,1,2,1,1,2
200600026222,0006-05-31 14:55:00,6,5,31,14,55,290,19,"., QUIMPER (DE 1 A 103 E",,,Plein jour,En agglomération,Intersection en X,Normale,Deux véhicules - côté,,,,,,,,,,,1,2,2,1,3
200600026223,0006-05-31 19:30:00,6,5,31,19,30,290,19,"., RN 12 (DE PONT DESFOS",,,Plein jour,En agglomération,Hors intersection,Normale,Deux véhicules - arrière,,,,,,,,,,,1,2,1,1,2
200600026224,0006-05-06 23:50:00,6,5,6,23,50,290,39,"290390692, QUIMPER ( RUE",,,Nuit avec éclairage allumé,En agglomération,Hors intersection,Normale,Sans collision,,,,,,,,,,,5,2,1,1,7
200600026225,0006-05-08 02:35:00,6,5,8,2,35,290,39,"290390757, STANG AR LIN",,,Nuit sans éclairage public,En agglomération,Hors intersection,Normale,Sans collision,,,,,,,,,,,3,2,1,1,7
200600026226,0006-05-09 08:15:00,6,5,9,8,15,290,39,LE LAY ( AVENUE ALAIN ),,,Plein jour,En agglomération,Intersection en X,Normale,Deux véhicules - côté,,,,,,,,,,,1,2,2,1,3
200600026227,0006-05-10 14:45:00,6,5,10,14,45,290,151,LANNION (ROUTE DE),,,Plein jour,Hors agglomération,Hors intersection,Normale,Sans collision,,,,,,,,,,,1,1,1,1,7
200600026228,0006-05-31 20:10:00,6,5,31,20,10,290,151,"8, SERUSIER (RUE PAUL)",,,Plein jour,En agglomération,Intersection en T,Normale,Deux véhicules - côté,,,,,,,,,,,1,2,3,1,3
200600026229,0006-05-10 07:40:00,6,5,10,7,40,290,232,"1, SAINT MARC RUE",,,Plein jour,En agglomération,Hors intersection,Normale,Autre collision,,,,,,,,,,,1,2,1,1,6
200600026230,0006-05-12 16:05:00,6,5,12,16,5,290,232,"12, FALKIRK RUE DE",,,Plein jour,En agglomération,Intersection en X,Normale,Autre collision,,,,,,,,,,,1,2,2,1,6
200600026231,0006-05-12 16:30:00,6,5,12,16,30,290,232,"3, PONT L'ABBE RUE DE",,,Plein jour,En agglomération,Hors intersection,Normale,Deux véhicules - côté,,,,,,,,,,,1,2,1,1,3
200600026232,0006-05-14 18:55:00,6,5,14,18,55,290,232,"1, PRESIDENT ALLENDE BOU",,,Plein jour,Hors agglomération,Hors intersection,Normale,Autre collision,,,,,,,,,,,1,1,1,1,6
200600026233,0006-05-18 20:15:00,6,5,18,20,15,290,232,EAU BLANCHE  ROND POINT,,,Plein jour,Hors agglomération,Giratoire,Normale,Deux véhicules - côté,,,,,,,,,,,1,1,6,1,3
200600026234,0006-05-22 18:12:00,6,5,22,18,12,290,232,BOROSSI PAUL RUE,,,Plein jour,Hors agglomération,Hors intersection,Normale,Autre collision,,,,,,,,,,,1,1,1,1,6
200600026235,0006-05-30 15:50:00,6,5,30,15,50,290,232,"13, BREST RUE DE",,,Plein jour,En agglomération,Hors intersection,Normale,Deux véhicules - côté,,,,,,,,,,,1,2,1,1,3
200600026236,0006-05-16 21:30:00,6,5,16,21,30,300,243,"3542, MONTEZE (ROUTE DE)",,,Nuit avec éclairage allumé,En agglomération,Hors intersection,Normale,Autre collision,,,,,,,,,,,5,2,1,1,6
200600026237,0006-05-11 23:25:00,6,5,11,23,25,300,243,MOULIN (AVENUE J.),,,Nuit avec éclairage non allumé,En agglomération,Hors intersection,Normale,Autre collision,,,,,,,,,,,4,2,1,1,6
200600026238,0006-05-31 20:50:00,6,5,31,20,50,300,7,"., GRABIEUX (PONT DE)",,,Plein jour,En agglomération,Intersection en T,Normale,Deux véhicules - frontale,,,,,,,,,,,1,2,3,1,1
200600026239,0006-05-02 16:10:00,6,5,2,16,10,300,28,"8, CEDRES (ALLEE DES)",,,Plein jour,En agglomération,Hors intersection,Normale,Autre collision,,,,,,,,,,,1,2,1,1,6
200600026240,0006-05-01 10:00:00,6,5,1,10,0,300,28,"8, LAMARGUE (RUE DE)",,,Plein jour,En agglomération,Hors intersection,Normale,Deux véhicules - côté,,,,,,,,,,,1,2,1,1,3
200600026241,0006-05-12 16:45:00,6,5,12,16,45,300,28,NIMES (ROUTE DE),,,Plein jour,Hors agglomération,Hors intersection,Normale,Autre collision,,,,,,,,,,,1,1,1,1,6
200600026242,0006-05-12 18:40:00,6,5,12,18,40,300,28,"106, ALPHONSE DAUDET (AV",,,Plein jour,En agglomération,Hors intersection,Normale,Deux véhicules - côté,,,,,,,,,,,1,2,1,1,3
200600026243,0006-05-12 16:46:00,6,5,12,16,46,300,28,"13, BERTIN BOISSIN (PLAC",,,Plein jour,En agglomération,Hors intersection,Normale,Autre collision,,,,,,,,,,,1,2,1,1,6
200600026244,0006-05-19 11:00:00,6,5,19,11,0,300,28,"19, LANGEVIN (AVENUE PAU",,,Plein jour,En agglomération,Hors intersection,Normale,Autre collision,,,,,,,,,,,1,2,1,1,6
200600026245,0006-05-31 08:50:00,6,5,31,8,50,300,28,"2, MAYRE (AVENUE DE LA)",,,Plein jour,En agglomération,Hors intersection,Normale,Autre collision,,,,,,,,,,,1,2,1,1,6
200600026246,0006-05-03 17:20:00,6,5,3,17,20,300,32,MARECHAL FOCH,,,Plein jour,En agglomération,Intersection en T,Normale,Deux véhicules - côté,,,,,,,,,,,1,2,3,1,3
200600026247,0006-05-16 21:45:00,6,5,16,21,45,300,32,ROCADE (DPT90),,,Nuit sans éclairage public,Hors agglomération,Hors intersection,Normale,Autre collision,,,,,,,,,,,3,1,1,1,6
200600026248,0006-05-19 16:30:00,6,5,19,16,30,300,32,FARCIENNES (AV. DE),,,Plein jour,En agglomération,Giratoire,Normale,Deux véhicules - côté,,,,,,,,,,,1,2,6,1,3
200600026249,0006-05-30 18:30:00,6,5,30,18,30,300,32,"1, GENERAL DE GAULLE (QU",,,Plein jour,En agglomération,Hors intersection,Normale,Deux véhicules - arrière,,,,,,,,,,,1,2,1,1,2
200600026250,0006-05-01 14:45:00,6,5,1,14,45,300,189,AVIGNON (ROUTE),,,Plein jour,En agglomération,Hors intersection,Normale,Deux véhicules - arrière,,,,,,,,,,,1,2,1,1,2
200600026251,0006-05-02 06:43:00,6,5,2,6,43,300,189,"10, PUECH DU TEIL (RUE O",,,Plein jour,En agglomération,Hors intersection,Normale,Autre collision,,,,,,,,,,,1,2,1,1,6
200600026252,0006-05-02 13:22:00,6,5,2,13,22,300,189,TOUR DE L'EVEQUE (RUE),,,Plein jour,Hors agglomération,Intersection en X,Normale,Deux véhicules - côté,,,,,,,,,,,1,1,2,1,3
200600026253,0006-05-03 09:33:00,6,5,3,9,33,300,189,"., BOUQUERIE (SQUARE)",,,Plein jour,En agglomération,Hors intersection,Normale,Autre collision,,,,,,,,,,,1,2,1,1,6
200600026254,0006-05-04 09:00:00,6,5,4,9,0,300,189,MONNET JEAN (COURS),,,Plein jour,En agglomération,Giratoire,Normale,Deux véhicules - côté,,,,,,,,,,,1,2,6,1,3
200600026255,0006-05-04 17:00:00,6,5,4,17,0,300,189,PAVLOV (AVENUE),,,Plein jour,En agglomération,Giratoire,Normale,Deux véhicules - côté,,,,,,,,,,,1,2,6,1,3
200600026256,0006-05-04 18:25:00,6,5,4,18,25,300,189,BEAUCAIRE (ROUTE),,,Plein jour,En agglomération,Hors intersection,Normale,Deux véhicules - côté,,,,,,,,,,,1,2,1,1,3
200600026257,0006-05-05 10:35:00,6,5,5,10,35,300,189,"..., PRAGUE (BOULEVARD)",,,Plein jour,En agglomération,Hors intersection,Normale,Deux véhicules - arrière,,,,,,,,,,,1,2,1,1,2
200600026258,0006-05-05 13:43:00,6,5,5,13,43,300,189,"., LIMITES (CHEMIN)",,,Plein jour,En agglomération,Hors intersection,Normale,Deux véhicules - arrière,,,,,,,,,,,1,2,1,1,2
200600026259,0006-05-05 17:04:00,6,5,5,17,4,300,189,DHUODA (RUE),,,Plein jour,En agglomération,Intersection en X,Normale,Deux véhicules - côté,,,,,,,,,,,1,2,2,1,3
200600026260,0006-05-05 18:02:00,6,5,5,18,2,300,189,SAUVE (ROUTE),,,Plein jour,Hors agglomération,Hors intersection,Normale,Autre collision,,,,,,,,,,,1,1,1,1,6
200600026261,0006-05-05 18:03:00,6,5,5,18,3,300,189,"., MAS DE CHEYLON",,,Plein jour,En agglomération,Intersection en X,Normale,Deux véhicules - frontale,,,,,,,,,,,1,2,2,1,1
200600026262,0006-05-06 15:45:00,6,5,6,15,45,300,189,BEAUCAIRE (ROUTE),,,Plein jour,En agglomération,Hors intersection,Normale,Deux véhicules - côté,,,,,,,,,,,1,2,1,1,3
200600026263,0006-05-06 20:33:00,6,5,6,20,33,300,189,"., TRIAIRE SERGENT (BOUL",,,Plein jour,Hors agglomération,Hors intersection,Normale,Deux véhicules - côté,,,,,,,,,,,1,1,1,1,3
200600026264,0006-05-09 10:51:00,6,5,9,10,51,300,189,".., POMPIDOU GEORGES (AV",,,Plein jour,En agglomération,Giratoire,Normale,Autre collision,,,,,,,,,,,1,2,6,1,6
200600026265,0006-05-10 14:55:00,6,5,10,14,55,300,189,"., HUGO VICTOR (BOULEVAR",,,Plein jour,En agglomération,Hors intersection,Normale,Autre collision,,,,,,,,,,,1,2,1,1,6
200600026266,0006-05-10 17:00:00,6,5,10,17,0,300,189,UZES (ROUTE D'),,,Plein jour,Hors agglomération,Hors intersection,Vent fort / tempête,Autre collision,,,,,,,,,,,1,1,1,6,6
200600026267,0006-05-11 07:57:00,6,5,11,7,57,300,189,ALLENDE SALVADOR (RUE),,,Plein jour,En agglomération,Hors intersection,Normale,Trois véhicules et plus - en chaîne,,,,,,,,,,,1,2,1,1,4
200600026268,0006-05-11 09:18:00,6,5,11,9,18,300,189,"3, VERDUN (RUE)",,,Plein jour,En agglomération,Giratoire,Normale,Autre collision,,,,,,,,,,,1,2,6,1,6
200600026269,0006-05-13 05:55:00,6,5,13,5,55,300,189,"17, BEAUCAIRE (RUE)",,,Crépuscule ou aube,En agglomération,Hors intersection,Normale,Autre collision,,,,,,,,,,,2,2,1,1,6
200600026270,0006-05-13 13:51:00,6,5,13,13,51,300,189,", ALES (ROUTE)",,,Plein jour,En agglomération,Intersection en X,Normale,Deux véhicules - côté,,,,,,,,,,,1,2,2,1,3
200600026271,0006-05-13 18:52:00,6,5,13,18,52,300,189,MAS DE CHEYLON,,,Plein jour,En agglomération,Hors intersection,Normale,Deux véhicules - côté,,,,,,,,,,,1,2,1,1,3
200600026272,0006-05-15 09:40:00,6,5,15,9,40,300,189,".., SCOTTO VINCENT (RUE)",,,Plein jour,En agglomération,Intersection en T,Normale,Autre collision,,,,,,,,,,,1,2,3,1,6
200600026273,0006-05-15 16:30:00,6,5,15,16,30,300,189,TILLEULS (RUE),,,Plein jour,En agglomération,Intersection en X,Normale,Deux véhicules - côté,,,,,,,,,,,1,2,2,1,3
200600026274,0006-05-15 19:30:00,6,5,15,19,30,300,189,"., BOUVINE (AVENUE)",,,Plein jour,En agglomération,Hors intersection,Normale,Deux véhicules - côté,,,,,,,,,,,1,2,1,1,3
200600026275,0006-05-16 06:32:00,6,5,16,6,32,300,189,".., FOUR A CHAUX (ROND P",,,Crépuscule ou aube,En agglomération,Giratoire,Pluie légère,Deux véhicules - côté,,,,,,,,,,,2,2,6,2,3
200600026276,0006-05-17 13:20:00,6,5,17,13,20,300,189,"., SAINT GILLES (ROUTE)",,,Plein jour,En agglomération,Hors intersection,Normale,Deux véhicules - frontale,,,,,,,,,,,1,2,1,1,1
200600026277,0006-05-17 15:30:00,6,5,17,15,30,300,189,SAUVE (RUE),,,Plein jour,En agglomération,Hors intersection,Normale,Autre collision,,,,,,,,,,,1,2,1,1,6
200600026278,0006-05-18 19:33:00,6,5,18,19,33,300,189,BRICONNET (RUE),,,Plein jour,En agglomération,Intersection en X,Pluie légère,Deux véhicules - côté,,,,,,,,,,,1,2,2,2,3
200600026279,0006-05-18 23:31:00,6,5,18,23,31,300,189,"., TRIAIRE SERGENT (BOUL",,,Nuit avec éclairage allumé,En agglomération,Hors intersection,Normale,Sans collision,,,,,,,,,,,5,2,1,1,7
200600026280,0006-05-19 16:35:00,6,5,19,16,35,300,189,"., CANAUX (CHEMIN)",,,Plein jour,En agglomération,Hors intersection,Normale,Deux véhicules - côté,,,,,,,,,,,1,2,1,1,3
200600026281,0006-05-19 18:35:00,6,5,19,18,35,300,189,UZES (ROUTE D'),,,Plein jour,Hors agglomération,Hors intersection,Normale,Autre collision,,,,,,,,,,,1,1,1,1,6
200600026282,0006-05-22 19:10:00,6,5,22,19,10,300,189,JAURES JEAN (BOULEVARD),,,Plein jour,En agglomération,Hors intersection,Normale,Deux véhicules - arrière,,,,,,,,,,,1,2,1,1,2
200600026283,0006-05-22 22:22:00,6,5,22,22,22,300,189,ALES (ROUTE),,,Nuit avec éclairage allumé,En agglomération,Intersection en X,Normale,Deux véhicules - côté,,,,,,,,,,,5,2,2,1,3
200600026284,0006-05-23 12:21:00,6,5,23,12,21,300,189,SAUVE (ROUTE),,,Plein jour,En agglomération,Hors intersection,Normale,Deux véhicules - frontale,,,,,,,,,,,1,2,1,1,1
200600026285,0006-05-23 12:36:00,6,5,23,12,36,300,189,ALLENDE SALVADOR (RUE),,,Plein jour,En agglomération,Hors intersection,Normale,Deux véhicules - côté,,,,,,,,,,,1,2,1,1,3
200600026286,0006-05-23 15:05:00,6,5,23,15,5,300,189,THALES (RUE OU PLACE),,,Plein jour,En agglomération,Hors intersection,Normale,Deux véhicules - frontale,,,,,,,,,,,1,2,1,1,1
200600026287,0006-05-23 22:00:00,6,5,23,22,0,300,189,"., POMPIDOU GEORGES (AVE",,,Nuit avec éclairage allumé,En agglomération,Hors intersection,Normale,Deux véhicules - frontale,,,,,,,,,,,5,2,1,1,1
200600026288,0006-05-24 15:10:00,6,5,24,15,10,300,189,ANDUZE (ROUTE OU ANCIENN,,,Plein jour,Hors agglomération,Hors intersection,Normale,Deux véhicules - arrière,,,,,,,,,,,1,1,1,1,2
200600026289,0006-05-26 15:14:00,6,5,26,15,14,300,189,"612, BOUILLARGUES (RUE O",,,Plein jour,En agglomération,Hors intersection,Normale,Autre collision,,,,,,,,,,,1,2,1,1,6
200600026290,0006-05-28 12:15:00,6,5,28,12,15,300,189,MITTERAND FRANCOIS (AVEN,,,Plein jour,En agglomération,Hors intersection,Pluie forte,Autre collision,,,,,,,,,,,1,2,1,3,6