accident_id,datetime,annee,mois,jour,heure,minute,departement,commune_insee,adresse,latitude,longitude,luminosite,agglomeration,intersection,meteo,collision,nb_vehicules,nb_usagers,nb_indemnes,nb_tues,nb_blesses_hosp,nb_blesses_legers,age_cond_1,age_cond_2,veh_type_cond_1,veh_type_cond_2,lum_code,agg_code,int_code,atm_code,col_code
200600026291,0006-05-28 18:51:00,6,5,28,18,51,300,189,".., ANCIENS COMBATTANTS",,,Plein jour,En agglomération,Hors intersection,Normale,Autre collision,,,,,,,,,,,1,2,1,1,6
200600026292,0006-05-29 07:10:00,6,5,29,7,10,300,189,BOEGNER PASTEUR MARC (BO,,,Plein jour,En agglomération,Hors intersection,Normale,Deux véhicules - arrière,,,,,,,,,,,1,2,1,1,2
200600026293,0006-05-29 09:08:00,6,5,29,9,8,300,189,".., SEGUIER (RUE)",,,Plein jour,En agglomération,Hors intersection,Normale,Autre collision,,,,,,,,,,,1,2,1,1,6
200600026294,0006-05-29 16:24:00,6,5,29,16,24,300,189,MAS D'ALESTI (CHEMIN),,,Plein jour,En agglomération,Hors intersection,Normale,Autre collision,,,,,,,,,,,1,2,1,1,6
200600026295,0006-05-29 17:00:00,6,5,29,17,0,300,189,MARECHAL JUIN (BOULEVARD,,,Plein jour,En agglomération,Hors intersection,Normale,Deux véhicules - arrière,,,,,,,,,,,1,2,1,1,2
200600026296,0006-05-29 18:00:00,6,5,29,18,0,300,189,"..., BOUVINE (AVENUE)",,,Plein jour,En agglomération,Intersection en X,Normale,Deux véhicules - côté,,,,,,,,,,,1,2,2,1,3
200600026297,0006-05-30 16:17:00,6,5,30,16,17,300,189,"..., POMPIDOU GEORGES (A",,,Plein jour,En agglomération,Hors intersection,Normale,Autre collision,,,,,,,,,,,1,2,1,1,6
200600026298,0006-05-30 17:20:00,6,5,30,17,20,300,189,SOMMIERES (ROUTE),,,Plein jour,En agglomération,Hors intersection,Normale,Deux véhicules - arrière,,,,,,,,,,,1,2,1,1,2
200600026299,0006-05-31 18:14:00,6,5,31,18,14,300,189,".., BIR HAKEIM (AVENUE)",,,Plein jour,En agglomération,Intersection en Y,Normale,Deux véhicules - côté,,,,,,,,,,,1,2,4,1,3
200600026300,0006-05-31 19:56:00,6,5,31,19,56,300,189,PUECH DU TEIL (RUE OU IM,,,Plein jour,En agglomération,Hors intersection,Normale,Autre collision,,,,,,,,,,,1,2,1,1,6
200600026301,0006-05-05 14:40:00,6,5,5,14,40,300,11,CD2,,,Plein jour,En agglomération,Hors intersection,Normale,Deux véhicules - côté,,,,,,,,,,,1,2,1,1,3
200600026302,0006-05-20 05:50:00,6,5,20,5,50,300,351,"0000000000, VERDUN AVENU",,,Nuit avec éclairage allumé,En agglomération,Hors intersection,Normale,Deux véhicules - frontale,,,,,,,,,,,5,2,1,1,1
200600026303,0006-05-09 13:25:00,6,5,9,13,25,310,69,"13, CARRIERE (RUE)",,,Plein jour,En agglomération,Intersection en X,Normale,Deux véhicules - côté,,,,,,,,,,,1,2,2,1,3
200600026304,0006-05-10 11:10:00,6,5,10,11,10,310,69,"26, PASTEUR (RUE)",,,Plein jour,En agglomération,Hors intersection,Normale,Autre collision,,,,,,,,,,,1,2,1,1,6
200600026305,0006-05-21 16:10:00,6,5,21,16,10,310,69,"22, CATALOGNE (PL DE)",,,Plein jour,En agglomération,Hors intersection,Normale,Deux véhicules - arrière,,,,,,,,,,,1,2,1,1,2
200600026306,0006-05-05 12:31:00,6,5,5,12,31,310,149,"11, AUVERGNE (ALLEE DE L",,,Plein jour,En agglomération,Hors intersection,Temps couvert,Deux véhicules - côté,,,,,,,,,,,1,2,1,8,3
200600026307,0006-05-09 08:43:00,6,5,9,8,43,310,149,3 COLOMIERS EST (A624),,,Plein jour,En agglomération,Hors intersection,Normale,Trois véhicules et plus - en chaîne,,,,,,,,,,,1,2,1,1,4
200600026308,0006-05-09 17:22:00,6,5,9,17,22,310,149,NAUROUZE (ALLEE DE),,,Plein jour,En agglomération,Autre intersection,Normale,Autre collision,,,,,,,,,,,1,2,9,1,6
200600026309,0006-05-12 18:45:00,6,5,12,18,45,310,149,3 COLOMIERS EST (A624),,,Plein jour,En agglomération,Hors intersection,Normale,Deux véhicules - arrière,,,,,,,,,,,1,2,1,1,2
200600026310,0006-05-30 21:00:00,6,5,30,21,0,310,149,LOUDET (CHEMIN DU),,,Plein jour,En agglomération,Giratoire,Normale,Deux véhicules - côté,,,,,,,,,,,1,2,6,1,3
200600026311,0006-05-31 19:45:00,6,5,31,19,45,310,149,"33, EMBAX (CHEMIN D')",,,Plein jour,En agglomération,Hors intersection,Normale,Deux véhicules - côté,,,,,,,,,,,1,2,1,1,3
200600026312,0006-05-31 22:00:00,6,5,31,22,0,310,149,"94, COMMINGES (ALLEE DU)",,,Crépuscule ou aube,En agglomération,Hors intersection,Normale,Deux véhicules - côté,,,,,,,,,,,2,2,1,1,3
200600026313,0006-05-31 22:20:00,6,5,31,22,20,310,149,SALVETAT (CHEMIN DE LA),,,Nuit avec éclairage allumé,En agglomération,Intersection en X,Normale,Deux véhicules - côté,,,,,,,,,,,5,2,2,1,3
200600026314,0006-05-10 17:40:00,6,5,10,17,40,310,483,"20 BIS, JOFFRE (AVENUE D",,,Plein jour,En agglomération,Hors intersection,Normale,Trois véhicules et plus - collisions multiples,,,,,,,,,,,1,2,1,1,5
200600026315,0006-05-22 15:25:00,6,5,22,15,25,310,483,ISLE (AVENUE DE L'),,,Plein jour,Hors agglomération,Hors intersection,Normale,Deux véhicules - frontale,,,,,,,,,,,1,1,1,1,1
200600026316,0006-05-02 03:15:00,6,5,2,3,15,310,555,"999, BD DE LA MARQUETTE",,,Nuit avec éclairage allumé,En agglomération,Hors intersection,Normale,Autre collision,,,,,,,,,,,5,2,1,1,6
200600026317,0006-05-01 09:55:00,6,5,1,9,55,310,555,"999, RTE D AGDE",,,Plein jour,En agglomération,Hors intersection,Normale,Deux véhicules - côté,,,,,,,,,,,1,2,1,1,3
200600026318,0006-05-01 15:35:00,6,5,1,15,35,310,555,VA007331 A620,,,Plein jour,Hors agglomération,Hors intersection,Normale,Autre collision,,,,,,,,,,,1,1,1,1,6
200600026319,0006-05-01 23:25:00,6,5,1,23,25,310,555,"27, RTE D AGDE",,,Nuit avec éclairage allumé,En agglomération,Hors intersection,Normale,Autre collision,,,,,,,,,,,5,2,1,1,6
200600026320,0006-05-02 09:50:00,6,5,2,9,50,310,555,VA007456 SESQUIERES A620,,,Plein jour,Hors agglomération,Hors intersection,Normale,Sans collision,,,,,,,,,,,1,1,1,1,7
200600026321,0006-05-02 10:25:00,6,5,2,10,25,310,555,"999, AV DES ETATS UNIS",,,Plein jour,En agglomération,Hors intersection,Normale,Autre collision,,,,,,,,,,,1,2,1,1,6
200600026322,0006-05-02 12:50:00,6,5,2,12,50,310,555,"0, BD ANDRE NETWILLER",,,Plein jour,En agglomération,Hors intersection,Normale,Deux véhicules - côté,,,,,,,,,,,1,2,1,1,3
200600026323,0006-05-02 13:32:00,6,5,2,13,32,310,555,VA007342 LA CEPIERE  A62,,,Plein jour,Hors agglomération,Hors intersection,Normale,Autre collision,,,,,,,,,,,1,1,1,1,6
200600026324,0006-05-02 14:37:00,6,5,2,14,37,310,555,"10, PL ETIENNE ESQUIROL",,,Plein jour,En agglomération,Hors intersection,Normale,Autre collision,,,,,,,,,,,1,2,1,1,6
200600026325,0006-05-02 15:24:00,6,5,2,15,24,310,555,"999, RUE DE METZ",,,Plein jour,En agglomération,Hors intersection,Normale,Autre collision,,,,,,,,,,,1,2,1,1,6
200600026326,0006-05-03 07:14:00,6,5,3,7,14,310,555,VA007331 A620,,,Plein jour,Hors agglomération,Hors intersection,Normale,Deux véhicules - arrière,,,,,,,,,,,1,1,1,1,2
200600026327,0006-05-03 17:45:00,6,5,3,17,45,310,555,"28, AV DE LYON",,,Plein jour,En agglomération,Hors intersection,Normale,Deux véhicules - côté,,,,,,,,,,,1,2,1,1,3
200600026328,0006-05-03 19:50:00,6,5,3,19,50,310,555,"24, AV M BOURGES MAUNOUR",,,Plein jour,En agglomération,Hors intersection,Normale,Autre collision,,,,,,,,,,,1,2,1,1,6
200600026329,0006-05-04 07:45:00,6,5,4,7,45,310,555,"999, PONT DE LA CROIX DE",,,Plein jour,En agglomération,Hors intersection,Normale,Autre collision,,,,,,,,,,,1,2,1,1,6
200600026330,0006-05-04 13:50:00,6,5,4,13,50,310,555,"133 T, AV ANTOINE DE ST",,,Plein jour,En agglomération,Hors intersection,Normale,Deux véhicules - côté,,,,,,,,,,,1,2,1,1,3
200600026331,0006-05-04 11:30:00,6,5,4,11,30,310,555,"999, CHE DES OLIVIERS",,,Plein jour,En agglomération,Hors intersection,Normale,Sans collision,,,,,,,,,,,1,2,1,1,7
200600026332,0006-05-04 08:35:00,6,5,4,8,35,310,555,"999, R-PT DES FRANCAIS L",,,Plein jour,En agglomération,Intersection en T,Normale,Deux véhicules - arrière,,,,,,,,,,,1,2,3,1,2
200600026333,0006-05-04 21:40:00,6,5,4,21,40,310,555,"999, RUE SAINT THOMAS D",,,Nuit avec éclairage allumé,En agglomération,Hors intersection,Normale,Autre collision,,,,,,,,,,,5,2,1,1,6
200600026334,0006-05-05 14:15:00,6,5,5,14,15,310,555,"330, RTE DE SEYSSES",,,Plein jour,En agglomération,Hors intersection,Normale,Deux véhicules - côté,,,,,,,,,,,1,2,1,1,3
200600026335,0006-05-05 18:28:00,6,5,5,18,28,310,555,"2, PL DU PARLEMENT",,,Plein jour,En agglomération,Hors intersection,Normale,Trois véhicules et plus - collisions multiples,,,,,,,,,,,1,2,1,1,5
200600026336,0006-05-06 13:40:00,6,5,6,13,40,310,555,"53, RTE DE BLAGNAC",,,Plein jour,En agglomération,Hors intersection,Normale,Deux véhicules - côté,,,,,,,,,,,1,2,1,1,3
200600026337,0006-05-06 20:20:00,6,5,6,20,20,310,555,VA007644 EMPALOT A620 So,,,Nuit avec éclairage allumé,Hors agglomération,Hors intersection,Normale,Autre collision,,,,,,,,,,,5,1,1,1,6
200600026338,0006-05-05 21:45:00,6,5,5,21,45,310,555,"990, RTE DE LAUNAGUET",,,Nuit avec éclairage allumé,En agglomération,Hors intersection,Normale,Deux véhicules - arrière,,,,,,,,,,,5,2,1,1,2
200600026339,0006-05-07 05:00:00,6,5,7,5,0,310,555,VA007644 EMPALOT A620 So,,,Nuit avec éclairage allumé,Hors agglomération,Hors intersection,Normale,Autre collision,,,,,,,,,,,5,1,1,1,6
200600026340,0006-05-06 00:50:00,6,5,6,0,50,310,555,"5, PL DE LA DAURADE",,,Nuit avec éclairage allumé,En agglomération,Hors intersection,Normale,Deux véhicules - côté,,,,,,,,,,,5,2,1,1,3
200600026341,0006-05-07 07:25:00,6,5,7,7,25,310,555,"999, AV JEAN ZAY",,,Crépuscule ou aube,En agglomération,Hors intersection,Pluie légère,Autre collision,,,,,,,,,,,2,2,1,2,6
200600026342,0006-05-07 13:05:00,6,5,7,13,5,310,555,"999, CHE DE FENOUILLET",,,Plein jour,En agglomération,Hors intersection,Normale,Autre collision,,,,,,,,,,,1,2,1,1,6
200600026343,0006-05-08 11:20:00,6,5,8,11,20,310,555,"212, AV ANTOINE DE ST EX",,,Plein jour,En agglomération,Hors intersection,Pluie forte,Trois véhicules et plus - collisions multiples,,,,,,,,,,,1,2,1,3,5
200600026344,0006-05-08 07:15:00,6,5,8,7,15,310,555,"46, BD DELTOUR",,,Plein jour,En agglomération,Hors intersection,Normale,Autre collision,,,,,,,,,,,1,2,1,1,6
200600026345,0006-05-08 14:40:00,6,5,8,14,40,310,555,VA007456 SESQUIERES A620,,,Plein jour,Hors agglomération,Hors intersection,Normale,Autre collision,,,,,,,,,,,1,1,1,1,6
200600026346,0006-05-08 16:31:00,6,5,8,16,31,310,555,VA007644 EMPALOT A620 So,,,Plein jour,Hors agglomération,Hors intersection,Normale,Autre collision,,,,,,,,,,,1,1,1,1,6
200600026347,0006-05-09 15:50:00,6,5,9,15,50,310,555,"21, CHE DU PONT DE RUPE",,,Plein jour,En agglomération,Hors intersection,Normale,Autre collision,,,,,,,,,,,1,2,1,1,6
200600026348,0006-05-10 07:10:00,6,5,10,7,10,310,555,"999, CHE DES ETROITS",,,Plein jour,En agglomération,Hors intersection,Normale,Deux véhicules - côté,,,,,,,,,,,1,2,1,1,3
200600026349,0006-05-10 15:00:00,6,5,10,15,0,310,555,"999, PORT SAINT SAUVEUR",,,Plein jour,En agglomération,Hors intersection,Normale,Deux véhicules - frontale,,,,,,,,,,,1,2,1,1,1
200600026350,0006-05-10 16:10:00,6,5,10,16,10,310,555,"76, AV DES MINIMES",,,Plein jour,En agglomération,Hors intersection,Normale,Deux véhicules - arrière,,,,,,,,,,,1,2,1,1,2
200600026351,0006-05-10 17:45:00,6,5,10,17,45,310,555,"116, AV DE LOMBEZ",,,Plein jour,En agglomération,Hors intersection,Normale,Deux véhicules - côté,,,,,,,,,,,1,2,1,1,3
200600026352,0006-05-10 17:50:00,6,5,10,17,50,310,555,VA008482 A624,,,Plein jour,Hors agglomération,Hors intersection,Normale,Deux véhicules - arrière,,,,,,,,,,,1,1,1,1,2
200600026353,0006-05-10 20:10:00,6,5,10,20,10,310,555,"16, RUE GASTON CAILLAVET",,,Plein jour,En agglomération,Hors intersection,Normale,Autre collision,,,,,,,,,,,1,2,1,1,6
200600026354,0006-05-11 14:10:00,6,5,11,14,10,310,555,"12, BD DE LA MARQUETTE",,,Plein jour,En agglomération,Hors intersection,Normale,Deux véhicules - côté,,,,,,,,,,,1,2,1,1,3
200600026355,0006-05-11 18:45:00,6,5,11,18,45,310,555,VA007456 SESQUIERES A620,,,Plein jour,Hors agglomération,Hors intersection,Normale,Deux véhicules - arrière,,,,,,,,,,,1,1,1,1,2
200600026356,0006-05-11 15:10:00,6,5,11,15,10,310,555,"999, PL ETIENNE ESQUIROL",,,Plein jour,En agglomération,Hors intersection,Normale,Deux véhicules - arrière,,,,,,,,,,,1,2,1,1,2
200600026357,0006-05-13 02:03:00,6,5,13,2,3,310,555,"24, BD DE STRASBOURG",,,Nuit avec éclairage allumé,En agglomération,Hors intersection,Normale,Autre collision,,,,,,,,,,,5,2,1,1,6
200600026358,0006-05-15 15:58:00,6,5,15,15,58,310,555,"999, GRANDE RUE SAINT MI",,,Plein jour,En agglomération,Hors intersection,Normale,Autre collision,,,,,,,,,,,1,2,1,1,6
200600026359,0006-05-12 17:09:00,6,5,12,17,9,310,555,"999, BD DE THIBAUD",,,Plein jour,En agglomération,Hors intersection,Normale,Deux véhicules - arrière,,,,,,,,,,,1,2,1,1,2
200600026360,0006-05-12 22:30:00,6,5,12,22,30,310,555,"999, AV DE FONDEYRE",,,Nuit avec éclairage allumé,En agglomération,Hors intersection,Normale,Autre collision,,,,,,,,,,,5,2,1,1,6
200600026361,0006-05-13 08:45:00,6,5,13,8,45,310,69,"999, MAILLOL (RUE ARISTI",,,Plein jour,En agglomération,Hors intersection,Normale,Autre collision,,,,,,,,,,,1,2,1,1,6
200600026362,0006-05-13 09:55:00,6,5,13,9,55,310,555,VA007644 EMPALOT A620 So,,,Plein jour,Hors agglomération,Hors intersection,Pluie légère,Trois véhicules et plus - en chaîne,,,,,,,,,,,1,1,1,2,4
200600026363,0006-05-09 16:25:00,6,5,9,16,25,310,555,"999, RTE DE REVEL",,,Plein jour,En agglomération,Hors intersection,Normale,Deux véhicules - arrière,,,,,,,,,,,1,2,1,1,2
200600026364,0006-05-15 05:39:00,6,5,15,5,39,310,555,"10, AV ETIENNE BILLIERES",,,Nuit avec éclairage allumé,En agglomération,Hors intersection,Pluie légère,Autre collision,,,,,,,,,,,5,2,1,2,6
200600026365,0006-05-15 08:20:00,6,5,15,8,20,310,555,"219, RTE DE SEYSSES",,,Plein jour,En agglomération,Hors intersection,Pluie légère,Autre collision,,,,,,,,,,,1,2,1,2,6
200600026366,0006-05-15 12:22:00,6,5,15,12,22,310,555,"999, AV M BOURGES MAUNOU",,,Plein jour,En agglomération,Hors intersection,Normale,Deux véhicules - côté,,,,,,,,,,,1,2,1,1,3
200600026367,0006-05-16 08:00:00,6,5,16,8,0,310,555,"46, BD LAZARE CARNOT",,,Plein jour,En agglomération,Hors intersection,Normale,Autre collision,,,,,,,,,,,1,2,1,1,6
200600026368,0006-05-16 08:14:00,6,5,16,8,14,310,555,"999, RUE LOUIS PLANA",,,Plein jour,En agglomération,Intersection en T,Normale,Deux véhicules - côté,,,,,,,,,,,1,2,3,1,3
200600026369,0006-05-16 09:05:00,6,5,16,9,5,310,555,"999, RTE D ALBI",,,Plein jour,En agglomération,Intersection en X,Normale,Autre collision,,,,,,,,,,,1,2,2,1,6
200600026370,0006-05-16 17:10:00,6,5,16,17,10,310,555,"126, RTE D ESPAGNE",,,Plein jour,En agglomération,Hors intersection,Normale,Deux véhicules - côté,,,,,,,,,,,1,2,1,1,3
200600026371,0006-05-16 20:30:00,6,5,16,20,30,310,555,"32, CHE DE BEAUREGARD",,,Crépuscule ou aube,En agglomération,Hors intersection,Normale,Autre collision,,,,,,,,,,,2,2,1,1,6
200600026372,0006-05-16 06:40:00,6,5,16,6,40,310,555,ALL DES VITARELLES,,,Plein jour,En agglomération,Intersection en X,Normale,Deux véhicules - arrière,,,,,,,,,,,1,2,2,1,2
200600026373,0006-05-17 08:29:00,6,5,17,8,29,310,555,"285, AV DE GRANDE BRETAG",,,Plein jour,En agglomération,Hors intersection,Normale,Deux véhicules - côté,,,,,,,,,,,1,2,1,1,3
200600026374,0006-05-17 09:40:00,6,5,17,9,40,310,555,"215, RTE D ALBI",,,Plein jour,En agglomération,Hors intersection,Normale,Trois véhicules et plus - collisions multiples,,,,,,,,,,,1,2,1,1,5
200600026375,0006-05-17 16:50:00,6,5,17,16,50,310,555,"47, BD SILVIO TRENTIN",,,Plein jour,En agglomération,Hors intersection,Normale,Deux véhicules - côté,,,,,,,,,,,1,2,1,1,3
200600026376,0006-05-17 19:00:00,6,5,17,19,0,310,555,"999, AV DE CASSELARDIT",,,Plein jour,En agglomération,Hors intersection,Normale,Deux véhicules - frontale,,,,,,,,,,,1,2,1,1,1
200600026377,0006-05-18 11:05:00,6,5,18,11,5,310,555,"334, AV DES ETATS UNIS",,,Plein jour,En agglomération,Hors intersection,Temps couvert,Deux véhicules - arrière,,,,,,,,,,,1,2,1,8,2
200600026378,0006-05-18 11:35:00,6,5,18,11,35,310,555,VA007554 LASBORDES A61 S,,,Plein jour,Hors agglomération,Hors intersection,Normale,Deux véhicules - côté,,,,,,,,,,,1,1,1,1,3
200600026379,0006-05-19 17:32:00,6,5,19,17,32,310,555,VA007473 A62,,,Plein jour,Hors agglomération,Hors intersection,Normale,Sans collision,,,,,,,,,,,1,1,1,1,7
200600026380,0006-05-19 09:00:00,6,5,19,9,0,310,555,"46, RUE DU LANGUEDOC",,,Plein jour,En agglomération,Hors intersection,Normale,Autre collision,,,,,,,,,,,1,2,1,1,6
200600026381,0006-05-19 11:10:00,6,5,19,11,10,310,555,"7, RUE DE NEGOGOUSSES",,,Plein jour,En agglomération,Hors intersection,Normale,Deux véhicules - frontale,,,,,,,,,,,1,2,1,1,1
200600026382,0006-05-20 10:00:00,6,5,20,10,0,310,555,"999, RUE ANNE GUIBAL CAM",,,Plein jour,En agglomération,Hors intersection,Normale,Autre collision,,,,,,,,,,,1,2,1,1,6
200600026383,0006-05-21 04:55:00,6,5,21,4,55,310,555,"74, RUE ADOLPHE COLL",,,Nuit avec éclairage allumé,En agglomération,Hors intersection,Normale,Autre collision,,,,,,,,,,,5,2,1,1,6
200600026384,0006-05-21 23:15:00,6,5,21,23,15,310,555,"109, RTE D ALBI",,,Nuit avec éclairage allumé,En agglomération,Intersection en X,Normale,Deux véhicules - frontale,,,,,,,,,,,5,2,2,1,1
200600026385,0006-05-22 08:00:00,6,5,22,8,0,310,555,"999, AV DES ETATS UNIS",,,Plein jour,En agglomération,Hors intersection,Normale,Deux véhicules - côté,,,,,,,,,,,1,2,1,1,3
200600026386,0006-05-22 15:15:00,6,5,22,15,15,310,555,"79, AV JULES JULIEN",,,Plein jour,En agglomération,Intersection en T,Normale,Deux véhicules - côté,,,,,,,,,,,1,2,3,1,3
200600026387,0006-05-22 19:36:00,6,5,22,19,36,310,555,"999, PL ANDRE ABBAL",,,Plein jour,En agglomération,Hors intersection,Normale,Autre collision,,,,,,,,,,,1,2,1,1,6
200600026388,0006-05-23 18:15:00,6,5,23,18,15,310,555,"999, AV D ELCHE",,,Plein jour,En agglomération,Hors intersection,Normale,Deux véhicules - arrière,,,,,,,,,,,1,2,1,1,2
200600026389,0006-05-23 09:10:00,6,5,23,9,10,310,555,"999, AV DE LA GLOIRE",,,Plein jour,En agglomération,Intersection en X,Normale,Deux véhicules - frontale,,,,,,,,,,,1,2,2,1,1
200600026390,0006-05-23 14:40:00,6,5,23,14,40,310,555,"7, PL ETIENNE ESQUIROL",,,Plein jour,En agglomération,Hors intersection,Normale,Deux véhicules - côté,,,,,,,,,,,1,2,1,1,3
200600026391,0006-05-23 22:55:00,6,5,23,22,55,310,555,"1, CHE ABADIE",,,Nuit avec éclairage allumé,En agglomération,Intersection en X,Normale,Deux véhicules - côté,,,,,,,,,,,5,2,2,1,3
200600026392,0006-05-25 11:00:00,6,5,25,11,0,310,555,VA007553 A61,,,Plein jour,Hors agglomération,Hors intersection,Normale,Deux véhicules - arrière,,,,,,,,,,,1,1,1,1,2
200600026393,0006-05-26 13:32:00,6,5,26,13,32,310,555,"25, RTE D ESPAGNE",,,Plein jour,En agglomération,Hors intersection,Normale,Deux véhicules - côté,,,,,,,,,,,1,2,1,1,3
200600026394,0006-05-27 13:50:00,6,5,27,13,50,310,555,"2 BIS, RUE D ALSACE LORR",,,Plein jour,En agglomération,Hors intersection,Normale,Deux véhicules - côté,,,,,,,,,,,1,2,1,1,3
200600026395,0006-05-28 18:45:00,6,5,28,18,45,310,555,"54, AV JEAN RIEUX",,,Plein jour,En agglomération,Hors intersection,Normale,Trois véhicules et plus - en chaîne,,,,,,,,,,,1,2,1,1,4
200600026396,0006-05-28 18:46:00,6,5,28,18,46,310,555,"77, RUE LOUIS PLANA",,,Plein jour,En agglomération,Hors intersection,Normale,Autre collision,,,,,,,,,,,1,2,1,1,6
200600026397,0006-05-29 11:15:00,6,5,29,11,15,310,555,"11, RTE DE BAYONNE",,,Plein jour,En agglomération,Hors intersection,Normale,Autre collision,,,,,,,,,,,1,2,1,1,6
200600026398,0006-05-29 16:15:00,6,5,29,16,15,310,555,"999, RUE DE METZ",,,Plein jour,En agglomération,Hors intersection,Normale,Autre collision,,,,,,,,,,,1,2,1,1,6
200600026399,0006-05-30 19:50:00,6,5,30,19,50,310,555,"999, ALL FORAIN FRANCOIS",,,Plein jour,En agglomération,Hors intersection,Normale,Deux véhicules - arrière,,,,,,,,,,,1,2,1,1,2
200600026400,0006-05-30 13:30:00,6,5,30,13,30,310,555,"20, BD DELACOURTIE",,,Plein jour,En agglomération,Hors intersection,Normale,Deux véhicules - arrière,,,,,,,,,,,1,2,1,1,2
200600026401,0006-05-30 15:50:00,6,5,30,15,50,310,555,VA001490 A621,,,Plein jour,Hors agglomération,Hors intersection,Normale,Deux véhicules - arrière,,,,,,,,,,,1,1,1,1,2
200600026402,0006-05-30 16:30:00,6,5,30,16,30,310,555,"1, CHE LINIERES",,,Plein jour,Hors agglomération,Intersection en X,Normale,Deux véhicules - côté,,,,,,,,,,,1,1,2,1,3
200600026403,0006-05-29 17:45:00,6,5,29,17,45,310,555,"999, RUE NICEPHORE NIEPC",,,Plein jour,En agglomération,Intersection en X,Normale,Deux véhicules - arrière,,,,,,,,,,,1,2,2,1,2
200600026404,0006-05-30 20:10:00,6,5,30,20,10,310,555,VA007456 SESQUIERES A620,,,Plein jour,Hors agglomération,Hors intersection,Normale,Trois véhicules et plus - en chaîne,,,,,,,,,,,1,1,1,1,4
200600026405,0006-05-31 09:55:00,6,5,31,9,55,310,555,"44 BIS, RUE DU FAUBOURG",,,Plein jour,En agglomération,Hors intersection,Normale,Autre collision,,,,,,,,,,,1,2,1,1,6
200600026406,0006-05-31 18:15:00,6,5,31,18,15,310,555,VA007333 LA FAOURETTE A6,,,Plein jour,Hors agglomération,Hors intersection,Normale,Deux véhicules - arrière,,,,,,,,,,,1,1,1,1,2
200600026407,0006-05-19 08:40:00,6,5,19,8,40,310,555,"01, RUE FEDERICO GARCIA",,,Plein jour,En agglomération,Hors intersection,Normale,Deux véhicules - côté,,,,,,,,,,,1,2,1,1,3
200600026408,0006-05-27 14:45:00,6,5,27,14,45,310,557,"263, RAMELET MOUNDI (CH",,,Plein jour,En agglomération,Hors intersection,Normale,Deux véhicules - arrière,,,,,,,,,,,1,2,1,1,2
200600026409,0006-05-05 15:20:00,6,5,5,15,20,320,13,MARNE (AVENUE DE LA),,,Plein jour,En agglomération,Hors intersection,Normale,Deux véhicules - frontale,,,,,,,,,,,1,2,1,1,1
200600026410,0006-05-05 18:15:00,6,5,5,18,15,320,13,AGEN (ROUTE D'),,,Plein jour,En agglomération,Hors intersection,Normale,Trois véhicules et plus - en chaîne,,,,,,,,,,,1,2,1,1,4
200600026411,0006-05-11 09:05:00,6,5,11,9,5,320,13,"2, ANTONIN BORDES",,,Plein jour,En agglomération,Intersection en T,Normale,Autre collision,,,,,,,,,,,1,2,3,1,6
200600026412,0006-05-16 16:50:00,6,5,16,16,50,320,13,"12, PONT NATIONAL",,,Plein jour,En agglomération,Intersection en X,Normale,Deux véhicules - côté,,,,,,,,,,,1,2,2,1,3
200600026413,0006-05-17 14:10:00,6,5,17,14,10,320,13,"49, VICTOR HUGO (RUE)",,,Plein jour,En agglomération,Hors intersection,Normale,Deux véhicules - arrière,,,,,,,,,,,1,2,1,1,2
200600026414,0006-05-18 16:55:00,6,5,18,16,55,320,13,ONZE NOVEMBRE,,,Plein jour,En agglomération,Hors intersection,Normale,Autre collision,,,,,,,,,,,1,2,1,1,6
200600026415,0006-05-29 16:05:00,6,5,29,16,5,320,13,"52, ROQUELAURE (BOULEVAR",,,Plein jour,En agglomération,Hors intersection,Normale,Deux véhicules - côté,,,,,,,,,,,1,2,1,1,3
200600026416,0006-05-07 02:30:00,6,5,7,2,30,330,9,"103, LAMARQUE PLAISANCE",,,Nuit avec éclairage allumé,En agglomération,Hors intersection,Normale,Autre collision,,,,,,,,,,,5,2,1,1,6
200600026417,0006-05-07 12:30:00,6,5,7,12,30,330,529,"., CAMICAS (CH. DE)",,,Plein jour,Hors agglomération,Hors intersection,Normale,Deux véhicules - frontale,,,,,,,,,,,1,1,1,1,1
200600026418,0006-05-12 16:10:00,6,5,12,16,10,330,9,"96, DESBIEY (CRS) DU 04",,,Plein jour,En agglomération,Hors intersection,Normale,Deux véhicules - frontale,,,,,,,,,,,1,2,1,1,1
200600026419,0006-05-23 22:00:00,6,5,23,22,0,330,529,"60, LAGRUA (CH.)",,,Nuit avec éclairage allumé,En agglomération,Hors intersection,Normale,Trois véhicules et plus - collisions multiples,,,,,,,,,,,5,2,1,1,5
200600026420,0006-05-13 10:55:00,6,5,13,10,55,330,529,"., SAINT-EXUPERY (AVE)",,,Plein jour,En agglomération,Hors intersection,Normale,Autre collision,,,,,,,,,,,1,2,1,1,6
200600026421,0006-05-18 16:40:00,6,5,18,16,40,330,9,"131, PLAGE (BD DE LA) DU",,,Plein jour,En agglomération,Hors intersection,Normale,Deux véhicules - côté,,,,,,,,,,,1,2,1,1,3
200600026422,0006-05-20 04:50:00,6,5,20,4,50,330,529,PYLA (BD DU),,,Nuit sans éclairage public,En agglomération,Hors intersection,Normale,Autre collision,,,,,,,,,,,3,2,1,1,6
200600026423,0006-05-02 14:40:00,6,5,2,14,40,330,63,CRS JULES LADOUMEGUE,,,Plein jour,Hors agglomération,Hors intersection,Normale,Sans collision,,,,,,,,,,,1,1,1,1,7