accident_id,datetime,annee,mois,jour,heure,minute,departement,commune_insee,adresse,latitude,longitude,luminosite,agglomeration,intersection,meteo,collision,nb_vehicules,nb_usagers,nb_indemnes,nb_tues,nb_blesses_hosp,nb_blesses_legers,age_cond_1,age_cond_2,veh_type_cond_1,veh_type_cond_2,lum_code,agg_code,int_code,atm_code,col_code
200600026424,0006-05-02 17:40:00,6,5,2,17,40,330,63,"82, RUE PIERRE TREBOD",,,Plein jour,En agglomération,Hors intersection,Normale,Autre collision,,,,,,,,,,,1,2,1,1,6
200600026425,0006-05-02 07:40:00,6,5,2,7,40,330,318,"135, AVE JEAN JAURES",,,Plein jour,En agglomération,Hors intersection,Normale,Deux véhicules - arrière,,,,,,,,,,,1,2,1,1,2
200600026426,0006-05-06 08:00:00,6,5,6,8,0,330,63,BD GODARD,,,Plein jour,En agglomération,Hors intersection,Normale,Trois véhicules et plus - en chaîne,,,,,,,,,,,1,2,1,1,4
200600026427,0006-05-03 21:15:00,6,5,3,21,15,330,63,RUE DU TONDU,,,Plein jour,En agglomération,Intersection en T,Normale,Deux véhicules - côté,,,,,,,,,,,1,2,3,1,3
200600026428,0006-05-04 10:20:00,6,5,4,10,20,330,63,"10, AVE EMILE COUNORD",,,Plein jour,En agglomération,Hors intersection,Normale,Deux véhicules - côté,,,,,,,,,,,1,2,1,1,3
200600026429,0006-05-04 12:39:00,6,5,4,12,39,330,63,RUE CROIX DE SEGUEY,,,Plein jour,En agglomération,Intersection en Y,Normale,Deux véhicules - côté,,,,,,,,,,,1,2,4,1,3
200600026430,0006-05-01 18:47:00,6,5,1,18,47,330,281,AVE BON AIR,,,Plein jour,En agglomération,Intersection en T,Normale,Deux véhicules - côté,,,,,,,,,,,1,2,3,1,3
200600026431,0006-05-02 19:48:00,6,5,2,19,48,330,281,AVE DE BELFORT,,,Plein jour,En agglomération,Intersection en T,Normale,Autre collision,,,,,,,,,,,1,2,3,1,6
200600026432,0006-05-05 13:05:00,6,5,5,13,5,330,63,RUE DE L'ABATTOIR,,,Plein jour,En agglomération,Intersection en X,Pluie légère,Autre collision,,,,,,,,,,,1,2,2,2,6
200600026433,0006-05-06 20:45:00,6,5,6,20,45,330,63,PRK AUCHAN,,,Plein jour,En agglomération,Intersection en T,Normale,Deux véhicules - côté,,,,,,,,,,,1,2,3,1,3
200600026434,0006-05-07 17:00:00,6,5,7,17,0,330,63,RUE FRANCOIS MARCEAU CAU,,,Plein jour,En agglomération,Intersection en X,Normale,Deux véhicules - côté,,,,,,,,,,,1,2,2,1,3
200600026435,0006-05-08 11:50:00,6,5,8,11,50,330,63,RUE CORPS FRANC POMMIES,,,Plein jour,En agglomération,Intersection en X,Normale,Deux véhicules - côté,,,,,,,,,,,1,2,2,1,3
200600026436,0006-05-03 13:05:00,6,5,3,13,5,330,69,"3, RUE BONNAOUS",,,Plein jour,En agglomération,Hors intersection,Normale,Autre collision,,,,,,,,,,,1,2,1,1,6
200600026437,0006-05-03 18:00:00,6,5,3,18,0,330,63,RUE CHARLES VERSEIN CAUD,,,Plein jour,En agglomération,Intersection en T,Normale,Deux véhicules - côté,,,,,,,,,,,1,2,3,1,3
200600026438,0006-05-09 10:05:00,6,5,9,10,5,330,63,RUE DU PORT,,,Plein jour,En agglomération,Intersection en T,Normale,Deux véhicules - côté,,,,,,,,,,,1,2,3,1,3
200600026439,0006-05-09 13:25:00,6,5,9,13,25,330,63,CRS DE LA MARNE,,,Plein jour,En agglomération,Intersection en X,Normale,Deux véhicules - côté,,,,,,,,,,,1,2,2,1,3
200600026440,0006-05-09 13:40:00,6,5,9,13,40,330,63,"155, BD GEORGE V",,,Plein jour,En agglomération,Hors intersection,Normale,Deux véhicules - arrière,,,,,,,,,,,1,2,1,1,2
200600026441,0006-05-09 14:20:00,6,5,9,14,20,330,63,RUE PASTEUR CAUD,,,Plein jour,En agglomération,Intersection en T,Normale,Deux véhicules - arrière,,,,,,,,,,,1,2,3,1,2
200600026442,0006-05-04 10:20:00,6,5,4,10,20,330,119,"22, AVE JEAN JAURES",,,Plein jour,En agglomération,Hors intersection,Normale,Trois véhicules et plus - en chaîne,,,,,,,,,,,1,2,1,1,4
200600026443,0006-05-04 15:15:00,6,5,4,15,15,330,249,AVE DE LA LIBERATION,,,Plein jour,En agglomération,Intersection en T,Normale,Trois véhicules et plus - en chaîne,,,,,,,,,,,1,2,3,1,4
200600026444,0006-05-11 18:00:00,6,5,11,18,0,330,63,RUE FIEFFE,,,Plein jour,En agglomération,Intersection en X,Normale,Deux véhicules - côté,,,,,,,,,,,1,2,2,1,3
200600026445,0006-05-11 09:00:00,6,5,11,9,0,330,63,RUE BOUTHIER,,,Plein jour,En agglomération,Intersection en X,Normale,Deux véhicules - côté,,,,,,,,,,,1,2,2,1,3
200600026446,0006-05-03 18:25:00,6,5,3,18,25,330,39,"6, RUE ANDRE AMANIEU",,,Plein jour,En agglomération,Hors intersection,Normale,Deux véhicules - côté,,,,,,,,,,,1,2,1,1,3
200600026447,0006-05-04 14:20:00,6,5,4,14,20,330,281,RUE ALBERT EINSTEIN,,,Plein jour,En agglomération,Hors intersection,Normale,Deux véhicules - côté,,,,,,,,,,,1,2,1,1,3
200600026448,0006-05-05 12:10:00,6,5,5,12,10,330,249,AVE DE LA RESISTANCE,,,Plein jour,En agglomération,Hors intersection,Pluie légère,Trois véhicules et plus - en chaîne,,,,,,,,,,,1,2,1,2,4
200600026449,0006-05-04 09:10:00,6,5,4,9,10,330,69,AVE DE LA LIBERATION-CH.,,,Plein jour,En agglomération,Hors intersection,Normale,Deux véhicules - côté,,,,,,,,,,,1,2,1,1,3
200600026450,0006-05-04 13:35:00,6,5,4,13,35,330,281,RUE MAURIAN,,,Plein jour,En agglomération,Intersection en X,Normale,Trois véhicules et plus - collisions multiples,,,,,,,,,,,1,2,2,1,5
200600026451,0006-05-04 16:39:00,6,5,4,16,39,330,318,AVE JEAN JAURES,,,Plein jour,En agglomération,Hors intersection,Normale,Deux véhicules - côté,,,,,,,,,,,1,2,1,1,3
200600026452,0006-05-11 15:20:00,6,5,11,15,20,330,63,QUAI DE LA MONNAIE,,,Plein jour,En agglomération,Intersection en T,Normale,Deux véhicules - côté,,,,,,,,,,,1,2,3,1,3
200600026453,0006-05-12 19:45:00,6,5,12,19,45,330,63,CRS BALGUERIE STUTTENBER,,,Plein jour,En agglomération,Intersection en X,Normale,Deux véhicules - côté,,,,,,,,,,,1,2,2,1,3
200600026454,0006-05-13 05:40:00,6,5,13,5,40,330,63,QUAI DE BRIENNE,,,Nuit avec éclairage allumé,En agglomération,Hors intersection,Pluie légère,Deux véhicules - côté,,,,,,,,,,,5,2,1,2,3
200600026455,0006-05-13 12:55:00,6,5,13,12,55,330,63,"4, RUE LE CHAPELIER",,,Plein jour,En agglomération,Hors intersection,Normale,Trois véhicules et plus - en chaîne,,,,,,,,,,,1,2,1,1,4
200600026456,0006-05-13 18:55:00,6,5,13,18,55,330,63,"17, BD DU PRESIDENT WILS",,,Plein jour,En agglomération,Hors intersection,Normale,Trois véhicules et plus - en chaîne,,,,,,,,,,,1,2,1,1,4
200600026457,0006-05-13 22:30:00,6,5,13,22,30,330,63,AVE MAL DE LATTRE TASSIG,,,Nuit avec éclairage allumé,En agglomération,Intersection à plus de 4 branches,Normale,Deux véhicules - côté,,,,,,,,,,,5,2,5,1,3
200600026458,0006-05-13 23:14:00,6,5,13,23,14,330,63,"258, AVE D'EYSINES CAUD",,,Nuit avec éclairage allumé,En agglomération,Hors intersection,Normale,Deux véhicules - côté,,,,,,,,,,,5,2,1,1,3
200600026459,0006-05-14 02:55:00,6,5,14,2,55,330,63,RDPT MARIE FEL,,,Nuit avec éclairage allumé,En agglomération,Hors intersection,Normale,Autre collision,,,,,,,,,,,5,2,1,1,6
200600026460,0006-05-15 08:26:00,6,5,15,8,26,330,63,"37, BD ANTOINE GAUTIER",,,Plein jour,En agglomération,Hors intersection,Normale,Deux véhicules - côté,,,,,,,,,,,1,2,1,1,3
200600026461,0006-05-15 21:30:00,6,5,15,21,30,330,63,BD JEAN-JACQUES BOSC,,,Plein jour,En agglomération,Intersection en X,Normale,Deux véhicules - côté,,,,,,,,,,,1,2,2,1,3
200600026462,0006-05-10 12:10:00,6,5,10,12,10,330,281,RUE DE BEAUDESERT,,,Plein jour,En agglomération,Hors intersection,Normale,Deux véhicules - arrière,,,,,,,,,,,1,2,1,1,2
200600026463,0006-05-10 15:35:00,6,5,10,15,35,330,522,RUE PACARIS,,,Plein jour,En agglomération,Intersection en X,Normale,Autre collision,,,,,,,,,,,1,2,2,1,6
200600026464,0006-05-12 11:40:00,6,5,12,11,40,330,119,RUE PROFESSEUR CALMETTE,,,Plein jour,En agglomération,Giratoire,Normale,Autre collision,,,,,,,,,,,1,2,6,1,6
200600026465,0006-05-12 18:30:00,6,5,12,18,30,330,318,AVE DES PROVINCES,,,Plein jour,En agglomération,Giratoire,Normale,Deux véhicules - côté,,,,,,,,,,,1,2,6,1,3
200600026466,0006-05-18 02:25:00,6,5,18,2,25,330,63,RUE JULES DELPIT,,,Nuit avec éclairage allumé,En agglomération,Intersection en X,Normale,Deux véhicules - côté,,,,,,,,,,,5,2,2,1,3
200600026467,0006-05-12 12:20:00,6,5,12,12,20,330,281,AVE MARCEL DASSAULT,,,Plein jour,En agglomération,Hors intersection,Normale,Deux véhicules - côté,,,,,,,,,,,1,2,1,1,3
200600026468,0006-05-14 20:09:00,6,5,14,20,9,330,550,RUE YVON MANSENCAL,,,Plein jour,Hors agglomération,Hors intersection,Normale,Deux véhicules - frontale,,,,,,,,,,,1,1,1,1,1
200600026469,0006-05-16 16:45:00,6,5,16,16,45,330,318,"156, AVE JEAN JAURES",,,Plein jour,En agglomération,Hors intersection,Normale,Deux véhicules - côté,,,,,,,,,,,1,2,1,1,3
200600026470,0006-05-16 08:55:00,6,5,16,8,55,330,318,"52, AVE DE SAIGE",,,Plein jour,En agglomération,Hors intersection,Normale,Autre collision,,,,,,,,,,,1,2,1,1,6
200600026471,0006-05-12 18:00:00,6,5,12,18,0,330,318,"76, AVE JEAN JAURES",,,Plein jour,En agglomération,Hors intersection,Normale,Trois véhicules et plus - en chaîne,,,,,,,,,,,1,2,1,1,4
200600026472,0006-05-16 23:10:00,6,5,16,23,10,330,32,RUE DE LA POMME D'OR,,,Plein jour,En agglomération,Intersection en T,Normale,Deux véhicules - côté,,,,,,,,,,,1,2,3,1,3
200600026473,0006-05-18 07:50:00,6,5,18,7,50,330,63,"181, CRS DU MEDOC",,,Plein jour,En agglomération,Hors intersection,Pluie légère,Autre collision,,,,,,,,,,,1,2,1,2,6
200600026474,0006-05-18 09:20:00,6,5,18,9,20,330,522,RUE PACARIS,,,Plein jour,En agglomération,Hors intersection,Pluie légère,Deux véhicules - côté,,,,,,,,,,,1,2,1,2,3
200600026475,0006-05-18 13:20:00,6,5,18,13,20,330,63,RUE ESPRIT-DES-LOIS,,,Plein jour,En agglomération,Intersection en X,Pluie légère,Deux véhicules - côté,,,,,,,,,,,1,2,2,2,3
200600026476,0006-05-16 07:20:00,6,5,16,7,20,330,63,"145, QUAI DE LA SOUYS",,,Plein jour,En agglomération,Hors intersection,Normale,Deux véhicules - arrière,,,,,,,,,,,1,2,1,1,2
200600026477,0006-05-16 09:00:00,6,5,16,9,0,330,63,"249, RUE DE BETHMANN",,,Plein jour,En agglomération,Hors intersection,Normale,Deux véhicules - côté,,,,,,,,,,,1,2,1,1,3
200600026478,0006-05-16 18:30:00,6,5,16,18,30,330,522,RUE CHARLES GOUNOD,,,Plein jour,En agglomération,Intersection en X,Normale,Deux véhicules - côté,,,,,,,,,,,1,2,2,1,3
200600026479,0006-05-17 14:15:00,6,5,17,14,15,330,167,CHEM DU PONT DE BOULIAC,,,Plein jour,En agglomération,Hors intersection,Normale,Deux véhicules - frontale,,,,,,,,,,,1,2,1,1,1
200600026480,0006-05-19 14:00:00,6,5,19,14,0,330,63,RUE LEON PALLIERE,,,Plein jour,En agglomération,Intersection en T,Normale,Deux véhicules - côté,,,,,,,,,,,1,2,3,1,3
200600026481,0006-05-22 00:10:00,6,5,22,0,10,330,63,"170, BD GEORGE V",,,Nuit avec éclairage non allumé,En agglomération,Hors intersection,Normale,Deux véhicules - côté,,,,,,,,,,,4,2,1,1,3
200600026482,0006-05-20 04:00:00,6,5,20,4,0,330,63,PCE DE CAMPEYRAUT,,,Nuit avec éclairage allumé,En agglomération,Place,Normale,Autre collision,,,,,,,,,,,5,2,7,1,6
200600026483,0006-05-20 14:07:00,6,5,20,14,7,330,167,VOIE PENETRANTE EST,,,Plein jour,En agglomération,Intersection en X,Pluie légère,Deux véhicules - arrière,,,,,,,,,,,1,2,2,2,2
200600026484,0006-05-23 18:20:00,6,5,23,18,20,330,63,"370, CRS DE LA SOMME",,,Plein jour,En agglomération,Hors intersection,Normale,Deux véhicules - frontale,,,,,,,,,,,1,2,1,1,1
200600026485,0006-05-23 08:20:00,6,5,23,8,20,330,63,"80, RUE DE LA BECHADE",,,Plein jour,En agglomération,Hors intersection,Normale,Deux véhicules - côté,,,,,,,,,,,1,2,1,1,3
200600026486,0006-05-24 12:40:00,6,5,24,12,40,330,63,AVE MAL DE LATTRE TASSIG,,,Plein jour,En agglomération,Intersection en T,Normale,Deux véhicules - arrière,,,,,,,,,,,1,2,3,1,2
200600026487,0006-05-25 21:08:00,6,5,25,21,8,330,63,"19, CRS VICTOR HUGO",,,Plein jour,En agglomération,Hors intersection,Normale,Autre collision,,,,,,,,,,,1,2,1,1,6
200600026488,0006-05-26 06:30:00,6,5,26,6,30,330,63,"99, RUE DES PINS FRANCS",,,Plein jour,En agglomération,Hors intersection,Normale,Deux véhicules - côté,,,,,,,,,,,1,2,1,1,3
200600026489,0006-05-27 04:45:00,6,5,27,4,45,330,63,QUAI DE LA GRAVE,,,Nuit avec éclairage allumé,En agglomération,Intersection en T,Normale,Deux véhicules - arrière,,,,,,,,,,,5,2,3,1,2
200600026490,0006-05-28 01:40:00,6,5,28,1,40,330,63,BD DES FRERES MOGA,,,Nuit avec éclairage allumé,En agglomération,Hors intersection,Normale,Autre collision,,,,,,,,,,,5,2,1,1,6
200600026491,0006-05-22 11:40:00,6,5,22,11,40,330,39,AVE DU MARECHAL LECLERC,,,Plein jour,En agglomération,Intersection en T,Normale,Deux véhicules - côté,,,,,,,,,,,1,2,3,1,3
200600026492,0006-05-20 17:25:00,6,5,20,17,25,330,39,"9, RUE CALIXTE CAMELLE",,,Plein jour,En agglomération,Intersection en X,Normale,Deux véhicules - frontale,,,,,,,,,,,1,2,2,1,1
200600026493,0006-05-26 19:50:00,6,5,26,19,50,330,63,BD DU PRESIDENT WILSON,,,Plein jour,En agglomération,Intersection en X,Normale,Deux véhicules - côté,,,,,,,,,,,1,2,2,1,3
200600026494,0006-05-27 15:55:00,6,5,27,15,55,330,63,RUE JUDAIQUE,,,Plein jour,En agglomération,Intersection en X,Normale,Deux véhicules - côté,,,,,,,,,,,1,2,2,1,3
200600026495,0006-05-27 13:30:00,6,5,27,13,30,330,63,BD ALFRED DANEY,,,Plein jour,En agglomération,Place,Normale,Deux véhicules - arrière,,,,,,,,,,,1,2,7,1,2
200600026496,0006-05-26 13:10:00,6,5,26,13,10,330,63,CRS VICTOR HUGO,,,Plein jour,En agglomération,Intersection en T,Normale,Deux véhicules - côté,,,,,,,,,,,1,2,3,1,3
200600026497,0006-05-28 15:35:00,6,5,28,15,35,330,63,RUE DU DOCTEUR GABRIEL P,,,Plein jour,En agglomération,Intersection en X,Normale,Deux véhicules - côté,,,,,,,,,,,1,2,2,1,3
200600026498,0006-05-26 13:00:00,6,5,26,13,0,330,63,RUE DE CAUDERAN,,,Plein jour,En agglomération,Intersection à plus de 4 branches,Normale,Deux véhicules - côté,,,,,,,,,,,1,2,5,1,3
200600026499,0006-05-24 17:00:00,6,5,24,17,0,330,522,CRS DE LA LIBERATION,,,Plein jour,En agglomération,Intersection en X,Normale,Deux véhicules - arrière,,,,,,,,,,,1,2,2,1,2
200600026500,0006-05-29 16:00:00,6,5,29,16,0,330,249,RUE PAUL COURTAULT,,,Plein jour,En agglomération,Hors intersection,Normale,Autre collision,,,,,,,,,,,1,2,1,1,6
200600026501,0006-05-29 16:45:00,6,5,29,16,45,330,63,CRS DE LA MARNE,,,Plein jour,En agglomération,Intersection en T,Normale,Autre collision,,,,,,,,,,,1,2,3,1,6
200600026502,0006-05-29 11:45:00,6,5,29,11,45,330,63,QUAI LOUIS XVIII,,,Plein jour,En agglomération,Hors intersection,Pluie légère,Deux véhicules - côté,,,,,,,,,,,1,2,1,2,3
200600026503,0006-05-27 09:00:00,6,5,27,9,0,330,318,"18, AVE JEAN JAURES",,,Plein jour,En agglomération,Hors intersection,Normale,Deux véhicules - côté,,,,,,,,,,,1,2,1,1,3
200600026504,0006-05-29 17:00:00,6,5,29,17,0,330,63,CRS MARC NOUAUX,,,Plein jour,En agglomération,Intersection à plus de 4 branches,Normale,Deux véhicules - côté,,,,,,,,,,,1,2,5,1,3
200600026505,0006-05-23 08:24:00,6,5,23,8,24,330,522,VOIE 1 FACULTE DES SCIEN,,,Plein jour,En agglomération,Intersection en X,Normale,Deux véhicules - côté,,,,,,,,,,,1,2,2,1,3
200600026506,0006-05-30 16:35:00,6,5,30,16,35,330,281,AVE DE LA GRANGE NOIRE,,,Plein jour,En agglomération,Intersection en X,Normale,Deux véhicules - côté,,,,,,,,,,,1,2,2,1,3
200600026507,0006-05-30 21:37:00,6,5,30,21,37,330,63,CRS D'ALBRET,,,Crépuscule ou aube,En agglomération,Intersection en X,Normale,Deux véhicules - côté,,,,,,,,,,,2,2,2,1,3
200600026508,0006-05-24 18:40:00,6,5,24,18,40,330,550,RUE PIERRE CURIE,,,Plein jour,En agglomération,Intersection en X,Normale,Deux véhicules - côté,,,,,,,,,,,1,2,2,1,3
200600026509,0006-05-25 20:00:00,6,5,25,20,0,330,522,RUE DU 19 MARS 1962,,,Plein jour,En agglomération,Intersection en T,Normale,Deux véhicules - côté,,,,,,,,,,,1,2,3,1,3
200600026510,0006-05-28 18:00:00,6,5,28,18,0,330,522,RUE DE LA VIEILLE TOUR,,,Plein jour,En agglomération,Intersection en X,Normale,Deux véhicules - côté,,,,,,,,,,,1,2,2,1,3
200600026511,0006-05-31 18:23:00,6,5,31,18,23,330,63,"390, BD DU PRESIDENT WIL",,,Plein jour,En agglomération,Hors intersection,Normale,Autre collision,,,,,,,,,,,1,2,1,1,6
200600026512,0006-05-31 17:20:00,6,5,31,17,20,330,63,CRS DE LA SOMME,,,Plein jour,En agglomération,Intersection en T,Normale,Deux véhicules - côté,,,,,,,,,,,1,2,3,1,3
200600026513,0006-05-29 12:30:00,6,5,29,12,30,330,550,"548, RTE DE TOULOUSE",,,Plein jour,En agglomération,Hors intersection,Pluie légère,Deux véhicules - côté,,,,,,,,,,,1,2,1,2,3
200600026514,0006-05-29 15:36:00,6,5,29,15,36,330,75,AVE DE LA JALLE NOIRE,,,Plein jour,En agglomération,Intersection en T,Pluie légère,Autre collision,,,,,,,,,,,1,2,3,2,6
200600026515,0006-05-30 18:20:00,6,5,30,18,20,330,281,AVE DE L'YSER,,,Plein jour,En agglomération,Intersection en X,Normale,Deux véhicules - côté,,,,,,,,,,,1,2,2,1,3
200600026516,0006-05-30 16:50:00,6,5,30,16,50,330,39,RUE LOUIS BLERIOT,,,Plein jour,En agglomération,Hors intersection,Normale,Deux véhicules - arrière,,,,,,,,,,,1,2,1,1,2
200600026517,0006-05-31 09:50:00,6,5,31,9,50,330,522,RUE LAMARTINE,,,Plein jour,En agglomération,Intersection en X,Normale,Deux véhicules - côté,,,,,,,,,,,1,2,2,1,3
200600026518,0006-05-15 22:30:00,6,5,15,22,30,340,3,TOURS DE SAINT-MARTIN (R,,,Nuit avec éclairage allumé,En agglomération,Giratoire,Normale,Deux véhicules - frontale,,,,,,,,,,,5,2,6,1,1
200600026519,0006-05-21 19:10:00,6,5,21,19,10,340,3,RICHELIEU (D8 0 E8 ET E1,,,Plein jour,En agglomération,Autre intersection,Normale,Autre collision,,,,,,,,,,,1,2,9,1,6
200600026520,0006-05-01 19:01:00,6,5,1,19,1,340,32,FOCH MARECHAL FERDINAND,,,Plein jour,En agglomération,Intersection en X,Normale,Deux véhicules - frontale,,,,,,,,,,,1,2,2,1,1
200600026521,0006-05-03 17:05:00,6,5,3,17,5,340,32,"102, LIBERTE (BD DE LA)",,,Plein jour,En agglomération,Hors intersection,Normale,Deux véhicules - côté,,,,,,,,,,,1,2,1,1,3
200600026522,0006-05-07 05:37:00,6,5,7,5,37,340,32,ROUTE DEPARTEMENTALE NR.,,,Nuit sans éclairage public,Hors agglomération,Hors intersection,Normale,Sans collision,,,,,,,,,,,3,1,1,1,7
200600026523,0006-05-06 06:00:00,6,5,6,6,0,340,32,MAGASIN SUPERMARCHE CASI,,,Nuit sans éclairage public,En agglomération,Hors intersection,Normale,Deux véhicules - frontale,,,,,,,,,,,3,2,1,1,1
200600026524,0006-05-08 20:45:00,6,5,8,20,45,340,32,"07, GIRAUDOUX JEAN (RUE)",,,Plein jour,En agglomération,Intersection en T,Normale,Deux véhicules - frontale,,,,,,,,,,,1,2,3,1,1
200600026525,0006-05-10 14:55:00,6,5,10,14,55,340,32,"153, ROUTE DE PEZENAS (R",,,Plein jour,En agglomération,Hors intersection,Normale,Deux véhicules - arrière,,,,,,,,,,,1,2,1,1,2
200600026526,0006-05-09 10:20:00,6,5,9,10,20,340,32,BEDARIEUX (ROUTE DE),,,Plein jour,En agglomération,Intersection en X,Normale,Deux véhicules - côté,,,,,,,,,,,1,2,2,1,3
200600026527,0006-05-12 11:10:00,6,5,12,11,10,340,32,"NR, ROUTE DEPARTEMENTALE",,,Plein jour,Hors agglomération,Hors intersection,Normale,Sans collision,,,,,,,,,,,1,1,1,1,7
200600026528,0006-05-14 06:57:00,6,5,14,6,57,340,32,"NR, GAY- LUSSAC LOUIS JO",,,Plein jour,En agglomération,Hors intersection,Normale,Sans collision,,,,,,,,,,,1,2,1,1,7
200600026529,0006-05-14 08:00:00,6,5,14,8,0,340,32,LECLERC MARECHAL (BD),,,Plein jour,En agglomération,Intersection en X,Normale,Deux véhicules - côté,,,,,,,,,,,1,2,2,1,3
200600026530,0006-05-15 17:10:00,6,5,15,17,10,340,32,ROUTE DEPARTEMENTALE NR.,,,Plein jour,Hors agglomération,Hors intersection,Normale,Trois véhicules et plus - collisions multiples,,,,,,,,,,,1,1,1,1,5
200600026531,0006-05-16 16:00:00,6,5,16,16,0,340,32,"NR, CLAPAREDE EMILE (AVE",,,Plein jour,En agglomération,Intersection en T,Normale,Deux véhicules - côté,,,,,,,,,,,1,2,3,1,3
200600026532,0006-05-22 17:43:00,6,5,22,17,43,340,32,PREVOST JEAN (RUE),,,Plein jour,En agglomération,Hors intersection,Normale,Deux véhicules - frontale,,,,,,,,,,,1,2,1,1,1
200600026533,0006-05-19 13:19:00,6,5,19,13,19,340,32,"N.R, STRASBOURG (BD DE)",,,Plein jour,En agglomération,Hors intersection,Normale,Deux véhicules - côté,,,,,,,,,,,1,2,1,1,3
200600026534,0006-05-21 23:30:00,6,5,21,23,30,340,32,ROUTE NATIONALE 112,,,Nuit sans éclairage public,Hors agglomération,Hors intersection,Normale,Sans collision,,,,,,,,,,,3,1,1,1,7
200600026535,0006-05-22 15:55:00,6,5,22,15,55,340,32,TEXIER CHARLES (RUE),,,Plein jour,En agglomération,Intersection en X,Normale,Deux véhicules - côté,,,,,,,,,,,1,2,2,1,3
200600026536,0006-05-24 22:40:00,6,5,24,22,40,340,32,ROUTE DE PEZENAS (RN.113,,,Nuit sans éclairage public,Hors agglomération,Intersection en T,Normale,Deux véhicules - arrière,,,,,,,,,,,3,1,3,1,2
200600026537,0006-05-24 17:14:00,6,5,24,17,14,340,32,"NR, VICTOIRE (PLACE DE L",,,Plein jour,En agglomération,Giratoire,Normale,Trois véhicules et plus - collisions multiples,,,,,,,,,,,1,2,6,1,5
200600026538,0006-05-24 19:33:00,6,5,24,19,33,340,32,"NR, SOLFERINO (RUE)",,,Plein jour,En agglomération,Intersection en X,Normale,Deux véhicules - côté,,,,,,,,,,,1,2,2,1,3
200600026539,0006-05-26 15:55:00,6,5,26,15,55,340,32,RD.64,,,Plein jour,Hors agglomération,Intersection en T,Normale,Deux véhicules - côté,,,,,,,,,,,1,1,3,1,3
200600026540,0006-05-26 18:49:00,6,5,26,18,49,340,32,ROUTE NATIONALE 112,,,Plein jour,Hors agglomération,Hors intersection,Normale,Sans collision,,,,,,,,,,,1,1,1,1,7
200600026541,0006-05-27 18:00:00,6,5,27,18,0,340,32,ESTIENNE D'ORVES (AV),,,Plein jour,En agglomération,Hors intersection,Normale,Sans collision,,,,,,,,,,,1,2,1,1,7
200600026542,0006-05-29 09:55:00,6,5,29,9,55,340,32,"41, ALBERTINI AUGUSTE (A",,,Plein jour,En agglomération,Hors intersection,Vent fort / tempête,Sans collision,,,,,,,,,,,1,2,1,6,7
200600026543,0006-05-30 12:41:00,6,5,30,12,41,340,32,POUSSAN LE BAS (DOMAINE,,,Plein jour,Hors agglomération,Intersection en Y,Vent fort / tempête,Deux véhicules - côté,,,,,,,,,,,1,1,4,6,3
200600026544,0006-05-31 08:09:00,6,5,31,8,9,340,32,"13, PORT NEUF (QUAI DU)",,,Plein jour,En agglomération,Hors intersection,Vent fort / tempête,Sans collision,,,,,,,,,,,1,2,1,6,7
200600026545,0006-05-31 12:58:00,6,5,31,12,58,340,32,GALINIER HENRI (AV),,,Plein jour,En agglomération,Hors intersection,Normale,Deux véhicules - côté,,,,,,,,,,,1,2,1,1,3
200600026546,0006-05-31 18:07:00,6,5,31,18,7,340,32,STRAVOPOL (RUE DE),,,Plein jour,En agglomération,Hors intersection,Normale,Deux véhicules - côté,,,,,,,,,,,1,2,1,1,3
200600026547,0006-05-31 18:57:00,6,5,31,18,57,340,32,JUIN MARECHAL (RUE DU),,,Plein jour,En agglomération,Intersection en T,Normale,Deux véhicules - côté,,,,,,,,,,,1,2,3,1,3
200600026548,0006-05-14 00:40:00,6,5,14,0,40,340,32,"nr, MISTRAL FREDERIC (BD",,,Nuit avec éclairage allumé,En agglomération,Intersection en X,Normale,Autre collision,,,,,,,,,,,5,2,2,1,6
200600026549,0006-05-02 08:05:00,6,5,2,8,5,340,172,"sans, DUBOUT (AVENUE ALB",,,Plein jour,En agglomération,Hors intersection,Normale,Deux véhicules - côté,,,,,,,,,,,1,2,1,1,3
200600026550,0006-05-02 17:00:00,6,5,2,17,0,340,172,PAUL (RUE MARCEL),,,Plein jour,En agglomération,Autre intersection,Normale,Deux véhicules - côté,,,,,,,,,,,1,2,9,1,3
200600026551,0006-05-04 06:45:00,6,5,4,6,45,340,172,"87, JUSTICE DE CASTELNAU",,,Plein jour,En agglomération,Hors intersection,Normale,Deux véhicules - arrière,,,,,,,,,,,1,2,1,1,2
200600026552,0006-05-05 12:00:00,6,5,5,12,0,340,172,"2, ABRIVADO (RUE DE L')",,,Plein jour,En agglomération,Hors intersection,Normale,Trois véhicules et plus - collisions multiples,,,,,,,,,,,1,2,1,1,5
200600026553,0006-05-04 19:56:00,6,5,4,19,56,340,198,PAGNOL (AVENUE MARCEL),,,Plein jour,En agglomération,Hors intersection,Normale,Sans collision,,,,,,,,,,,1,2,1,1,7
200600026554,0006-05-05 21:15:00,6,5,5,21,15,340,172,ALCO (RUE D',,,Nuit avec éclairage allumé,En agglomération,Intersection en X,Normale,Deux véhicules - côté,,,,,,,,,,,5,2,2,1,3
200600026555,0006-05-07 01:35:00,6,5,7,1,35,340,172,MENDE (ROUTE DE),,,Nuit avec éclairage allumé,En agglomération,Hors intersection,Normale,Autre collision,,,,,,,,,,,5,2,1,1,6
200600026556,0006-05-07 03:26:00,6,5,7,3,26,340,172,LIBERTE (AVENUE DE LA,,,Nuit avec éclairage allumé,En agglomération,Hors intersection,Normale,Autre collision,,,,,,,,,,,5,2,1,1,6
200600026557,0006-05-08 14:10:00,6,5,8,14,10,340,129,MASSILIA (AVENUE DE),,,Plein jour,En agglomération,Giratoire,Normale,Autre collision,,,,,,,,,,,1,2,6,1,6