accident_id,datetime,annee,mois,jour,heure,minute,departement,commune_insee,adresse,latitude,longitude,luminosite,agglomeration,intersection,meteo,collision,nb_vehicules,nb_usagers,nb_indemnes,nb_tues,nb_blesses_hosp,nb_blesses_legers,age_cond_1,age_cond_2,veh_type_cond_1,veh_type_cond_2,lum_code,agg_code,int_code,atm_code,col_code
200600026558,0006-05-08 15:05:00,6,5,8,15,5,340,129,D172,,,Plein jour,Hors agglomération,Hors intersection,Pluie légère,Deux véhicules - frontale,,,,,,,,,,,1,1,1,2,1
200600026559,0006-05-09 18:45:00,6,5,9,18,45,340,172,AURIOL (AVENUE VINCENT),,,Plein jour,Hors agglomération,Hors intersection,Normale,Trois véhicules et plus - collisions multiples,,,,,,,,,,,1,1,1,1,5
200600026560,0006-05-11 09:25:00,6,5,11,9,25,340,172,BRANDT (CARREFOUR WILLY),,,Plein jour,En agglomération,Hors intersection,Normale,Deux véhicules - arrière,,,,,,,,,,,1,2,1,1,2
200600026561,0006-05-11 18:30:00,6,5,11,18,30,340,129,PLATANES (AVENUES DES),,,Plein jour,Hors agglomération,Hors intersection,Normale,Deux véhicules - côté,,,,,,,,,,,1,1,1,1,3
200600026562,0006-05-12 16:30:00,6,5,12,16,30,340,172,"SANS, ECOLE D'AGRICULTUR",,,Plein jour,En agglomération,Intersection en X,Normale,Deux véhicules - frontale,,,,,,,,,,,1,2,2,1,1
200600026563,0006-05-13 12:40:00,6,5,13,12,40,340,172,"sans, EINSTEIN (AVENUE A",,,Plein jour,En agglomération,Intersection en T,Temps couvert,Deux véhicules - côté,,,,,,,,,,,1,2,3,8,3
200600026564,0006-05-12 17:00:00,6,5,12,17,0,340,172,", LUNARET (RUE)",,,Plein jour,En agglomération,Intersection en X,Normale,Deux véhicules - côté,,,,,,,,,,,1,2,2,1,3
200600026565,0006-05-15 15:20:00,6,5,15,15,20,340,172,"2, HUGO (BOULEVARD VICTO",,,Plein jour,En agglomération,Hors intersection,Normale,Autre collision,,,,,,,,,,,1,2,1,1,6
200600026566,0006-05-15 19:20:00,6,5,15,19,20,340,172,ARMEE DES ALPES (ROND-PO,,,Plein jour,En agglomération,Giratoire,Normale,Autre collision,,,,,,,,,,,1,2,6,1,6
200600026567,0006-05-16 15:36:00,6,5,16,15,36,340,172,GANGES (ROUTE DE,,,Plein jour,En agglomération,Intersection en X,Normale,Deux véhicules - côté,,,,,,,,,,,1,2,2,1,3
200600026568,0006-05-16 10:30:00,6,5,16,10,30,340,172,MAURIN (AVENUE DE,,,Plein jour,En agglomération,Intersection en X,Normale,Autre collision,,,,,,,,,,,1,2,2,1,6
200600026569,0006-05-18 16:31:00,6,5,18,16,31,340,129,"sans, D21 E1",,,Plein jour,En agglomération,Intersection en X,Pluie légère,Deux véhicules - côté,,,,,,,,,,,1,2,2,2,3
200600026570,0006-05-18 22:20:00,6,5,18,22,20,340,172,"26, MERMOZ (AVENUE JEAN)",,,Nuit avec éclairage allumé,En agglomération,Hors intersection,Normale,Autre collision,,,,,,,,,,,5,2,1,1,6
200600026571,0006-05-18 07:56:00,6,5,18,7,56,340,172,MOULARES (CHEMIN DE,,,Plein jour,En agglomération,Intersection en X,Temps couvert,Deux véhicules - côté,,,,,,,,,,,1,2,2,8,3
200600026572,0006-05-19 22:10:00,6,5,19,22,10,340,172,"PAS DE N°, ALEXANDRIE (C",,,Nuit avec éclairage allumé,En agglomération,Giratoire,Normale,Autre collision,,,,,,,,,,,5,2,6,1,6
200600026573,0006-05-20 01:20:00,6,5,20,1,20,340,172,"25, SAINT LAZARE (AVENUE",,,Nuit avec éclairage allumé,En agglomération,Hors intersection,Normale,Autre collision,,,,,,,,,,,5,2,1,1,6
200600026574,0006-05-20 22:17:00,6,5,20,22,17,340,172,"131, PARGUEL (AVENUE ABB",,,Nuit avec éclairage allumé,En agglomération,Hors intersection,Normale,Autre collision,,,,,,,,,,,5,2,1,1,6
200600026575,0006-05-20 20:10:00,6,5,20,20,10,340,172,RECAMBALE (AVENUE DE LA),,,Plein jour,En agglomération,Hors intersection,Normale,Trois véhicules et plus - collisions multiples,,,,,,,,,,,1,2,1,1,5
200600026576,0006-05-19 08:22:00,6,5,19,8,22,340,172,AVILER (PLACE D'),,,Plein jour,En agglomération,Intersection en Y,Normale,Deux véhicules - côté,,,,,,,,,,,1,2,4,1,3
200600026577,0006-05-22 23:53:00,6,5,22,23,53,340,172,"6, LODEVE (ROUTE DE)",,,Nuit avec éclairage allumé,En agglomération,Hors intersection,Normale,Autre collision,,,,,,,,,,,5,2,1,1,6
200600026578,0006-05-23 08:25:00,6,5,23,8,25,340,172,EUROPE (AVENUE DE L'),,,Plein jour,En agglomération,Hors intersection,Normale,Sans collision,,,,,,,,,,,1,2,1,1,7
200600026579,0006-05-23 14:06:00,6,5,23,14,6,340,129,FIGUIERES (AVENUE DE),,,Plein jour,En agglomération,Hors intersection,Normale,Trois véhicules et plus - collisions multiples,,,,,,,,,,,1,2,1,1,5
200600026580,0006-05-23 19:20:00,6,5,23,19,20,340,172,LAVERUNE (ROUTE DE,,,Plein jour,En agglomération,Hors intersection,Normale,Sans collision,,,,,,,,,,,1,2,1,1,7
200600026581,0006-05-23 15:39:00,6,5,23,15,39,340,172,", LAISSAC (PLACE ALEXAND",,,Plein jour,En agglomération,Hors intersection,Normale,Deux véhicules - arrière,,,,,,,,,,,1,2,1,1,2
200600026582,0006-05-25 15:00:00,6,5,25,15,0,340,172,"sans, ETATS DU LANGUEDOC",,,Plein jour,En agglomération,Intersection en X,Normale,Deux véhicules - côté,,,,,,,,,,,1,2,2,1,3
200600026583,0006-05-25 16:20:00,6,5,25,16,20,340,172,"151, CARDENAL (RUE PIERR",,,Plein jour,En agglomération,Hors intersection,Normale,Deux véhicules - arrière,,,,,,,,,,,1,2,1,1,2
200600026584,0006-05-26 11:50:00,6,5,26,11,50,340,172,"sans, FLANDRES-DUNKERQUE",,,Plein jour,En agglomération,Hors intersection,Normale,Sans collision,,,,,,,,,,,1,2,1,1,7
200600026585,0006-05-27 12:50:00,6,5,27,12,50,340,172,"pas de N°, AEROPORT INTE",,,Plein jour,En agglomération,Intersection en X,Normale,Deux véhicules - côté,,,,,,,,,,,1,2,2,1,3
200600026586,0006-05-27 15:38:00,6,5,27,15,38,340,172,BRASSENS (RUE GEORGES),,,Plein jour,En agglomération,Hors intersection,Normale,Deux véhicules - côté,,,,,,,,,,,1,2,1,1,3
200600026587,0006-05-27 16:00:00,6,5,27,16,0,340,172,RAVAZ (AVENUE DU PROFESS,,,Plein jour,En agglomération,Intersection en T,Normale,Deux véhicules - arrière,,,,,,,,,,,1,2,3,1,2
200600026588,0006-05-27 16:30:00,6,5,27,16,30,340,172,SOULAS (AVENUE DU PERE,,,Plein jour,En agglomération,Intersection en Y,Normale,Deux véhicules - arrière,,,,,,,,,,,1,2,4,1,2
200600026589,0006-05-29 14:58:00,6,5,29,14,58,340,172,SAINT MAUR (AVENUE DE),,,Plein jour,En agglomération,Intersection en X,Normale,Deux véhicules - côté,,,,,,,,,,,1,2,2,1,3
200600026590,0006-05-29 18:20:00,6,5,29,18,20,340,172,MENDES FRANCE (AVENUE PR,,,Plein jour,En agglomération,Hors intersection,Normale,Deux véhicules - côté,,,,,,,,,,,1,2,1,1,3
200600026591,0006-05-30 09:46:00,6,5,30,9,46,340,172,"17, FLAHAULT (AVENUE CHA",,,Plein jour,En agglomération,Hors intersection,Normale,Deux véhicules - arrière,,,,,,,,,,,1,2,1,1,2
200600026592,0006-05-30 08:34:00,6,5,30,8,34,340,172,"26, OLLIVIER (RUE ARISTI",,,Plein jour,En agglomération,Hors intersection,Normale,Sans collision,,,,,,,,,,,1,2,1,1,7
200600026593,0006-05-30 07:02:00,6,5,30,7,2,340,172,VANIERES (AVENUE DE),,,Plein jour,En agglomération,Intersection en X,Normale,Deux véhicules - frontale,,,,,,,,,,,1,2,2,1,1
200600026594,0006-05-31 17:40:00,6,5,31,17,40,340,172,"571, COMTE DE NICE (AVEN",,,Plein jour,En agglomération,Hors intersection,Temps éblouissant,Deux véhicules - frontale,,,,,,,,,,,1,2,1,7,1
200600026595,0006-05-31 16:30:00,6,5,31,16,30,340,172,"32, ARCEAUX (BOULEVARD D",,,Plein jour,En agglomération,Hors intersection,Normale,Autre collision,,,,,,,,,,,1,2,1,1,6
200600026596,0006-05-31 20:10:00,6,5,31,20,10,340,172,"sans, EUROPE (AVENUE DE",,,Plein jour,En agglomération,Hors intersection,Normale,Deux véhicules - arrière,,,,,,,,,,,1,2,1,1,2
200600026597,0006-05-06 18:00:00,6,5,6,18,0,340,301,"aucun, EAUX BLANCHES (ZO",,,Plein jour,Hors agglomération,Hors intersection,Normale,Autre collision,,,,,,,,,,,1,1,1,1,6
200600026598,0006-05-07 00:40:00,6,5,7,0,40,340,108,"aucun, MAL JUIN (RUE DU)",,,Nuit avec éclairage allumé,En agglomération,Hors intersection,Normale,Sans collision,,,,,,,,,,,5,2,1,1,7
200600026599,0006-05-10 01:10:00,6,5,10,1,10,340,108,"AUCUN, RN 112",,,Nuit sans éclairage public,Hors agglomération,Hors intersection,Normale,Deux véhicules - frontale,,,,,,,,,,,3,1,1,1,1
200600026600,0006-05-17 07:54:00,6,5,17,7,54,340,301,"AUCUN, LECLERC PHILIPPE",,,Plein jour,En agglomération,Hors intersection,Normale,Autre collision,,,,,,,,,,,1,2,1,1,6
200600026601,0006-05-24 09:45:00,6,5,24,9,45,340,301,"AUCUN, DOUANE (RUE DE LA",,,Plein jour,En agglomération,Hors intersection,Normale,Autre collision,,,,,,,,,,,1,2,1,1,6
200600026602,0006-05-28 12:50:00,6,5,28,12,50,340,108,"AUCUN, ROND POINT SALVAD",,,Plein jour,En agglomération,Giratoire,Normale,Autre collision,,,,,,,,,,,1,2,6,1,6
200600026603,0006-05-31 14:45:00,6,5,31,14,45,340,301,VERDUN (BOULEVARD DE),,,Plein jour,En agglomération,Hors intersection,Normale,Deux véhicules - côté,,,,,,,,,,,1,2,1,1,3
200600026604,0006-05-02 16:15:00,6,5,2,16,15,350,238,"00, SAINTE-ANNE (PLACE)",,,Plein jour,En agglomération,Giratoire,Normale,Autre collision,,,,,,,,,,,1,2,6,1,6
200600026605,0006-05-03 16:50:00,6,5,3,16,50,350,238,"00, VEZIN (ROUTE DE)",,,Plein jour,En agglomération,Hors intersection,Normale,Sans collision,,,,,,,,,,,1,2,1,1,7
200600026606,0006-05-04 20:40:00,6,5,4,20,40,350,55,"31, LANDES (RUE DES)",,,Nuit avec éclairage allumé,En agglomération,Hors intersection,Normale,Deux véhicules - frontale,,,,,,,,,,,5,2,1,1,1
200600026607,0006-05-05 21:20:00,6,5,5,21,20,350,238,"47, TOUR D'AUVERGNE (BD",,,Crépuscule ou aube,En agglomération,Hors intersection,Normale,Deux véhicules - côté,,,,,,,,,,,2,2,1,1,3
200600026608,0006-05-07 19:30:00,6,5,7,19,30,350,238,"00, PORTE DE BREQUIGNY",,,Crépuscule ou aube,Hors agglomération,Hors intersection,Pluie forte,Autre collision,,,,,,,,,,,2,1,1,3,6
200600026609,0006-05-08 19:15:00,6,5,8,19,15,350,238,"00, BOURBONNAIS (DU)",,,Plein jour,En agglomération,Intersection en X,Normale,Deux véhicules - côté,,,,,,,,,,,1,2,2,1,3
200600026610,0006-05-09 08:55:00,6,5,9,8,55,350,238,"00, TILLON (AVENUE CHARL",,,Plein jour,En agglomération,Intersection en T,Normale,Deux véhicules - côté,,,,,,,,,,,1,2,3,1,3
200600026611,0006-05-09 08:45:00,6,5,9,8,45,350,238,"00, PORTE DE NANTES",,,Plein jour,Hors agglomération,Hors intersection,Normale,Trois véhicules et plus - en chaîne,,,,,,,,,,,1,1,1,1,4
200600026612,0006-05-09 16:55:00,6,5,9,16,55,350,238,"00, LEGRAVEREND",,,Plein jour,En agglomération,Intersection en X,Normale,Autre collision,,,,,,,,,,,1,2,2,1,6
200600026613,0006-05-10 15:47:00,6,5,10,15,47,350,238,"00, JOFFRE ( DU MARECHAL",,,Plein jour,En agglomération,Intersection en X,Normale,Autre collision,,,,,,,,,,,1,2,2,1,6
200600026614,0006-05-10 19:00:00,6,5,10,19,0,350,238,"00, VOLCLAIR (BD LOUIS)",,,Plein jour,En agglomération,Intersection en X,Normale,Autre collision,,,,,,,,,,,1,2,2,1,6
200600026615,0006-05-10 20:30:00,6,5,10,20,30,350,238,"00, LA FONTAINE",,,Plein jour,En agglomération,Intersection en X,Normale,Deux véhicules - côté,,,,,,,,,,,1,2,2,1,3
200600026616,0006-05-11 17:35:00,6,5,11,17,35,350,238,"00, SOHIER (YANN)",,,Plein jour,En agglomération,Intersection en T,Normale,Deux véhicules - arrière,,,,,,,,,,,1,2,3,1,2
200600026617,0006-05-12 08:45:00,6,5,12,8,45,350,238,"00, MAILLARD DE LA GOURN",,,Plein jour,En agglomération,Intersection en X,Normale,Deux véhicules - côté,,,,,,,,,,,1,2,2,1,3
200600026618,0006-05-14 19:40:00,6,5,14,19,40,350,238,"19, BERGER (AVENUE GASTO",,,Plein jour,En agglomération,Hors intersection,Normale,Sans collision,,,,,,,,,,,1,2,1,1,7
200600026619,0006-05-15 18:20:00,6,5,15,18,20,350,238,"00, SAINTE-ANNE (PLACE)",,,Plein jour,En agglomération,Giratoire,Normale,Autre collision,,,,,,,,,,,1,2,6,1,6
200600026620,0006-05-16 12:55:00,6,5,16,12,55,350,238,"00, COETLOGON (DE)",,,Plein jour,En agglomération,Intersection en X,Normale,Deux véhicules - côté,,,,,,,,,,,1,2,2,1,3
200600026621,0006-05-17 10:25:00,6,5,17,10,25,350,238,"00, YSER (BD DE L')",,,Plein jour,En agglomération,Intersection en X,Normale,Deux véhicules - côté,,,,,,,,,,,1,2,2,1,3
200600026622,0006-05-17 16:30:00,6,5,17,16,30,350,238,"265, NANTES (DE)",,,Plein jour,En agglomération,Hors intersection,Normale,Deux véhicules - arrière,,,,,,,,,,,1,2,1,1,2
200600026623,0006-05-19 13:45:00,6,5,19,13,45,350,281,"00, MENDES FRANCE (BD PI",,,Plein jour,En agglomération,Hors intersection,Normale,Deux véhicules - côté,,,,,,,,,,,1,2,1,1,3
200600026624,0006-05-19 17:20:00,6,5,19,17,20,350,238,"00, FORCES FRANCAISES DE",,,Plein jour,En agglomération,Giratoire,Autre,Autre collision,,,,,,,,,,,1,2,6,9,6
200600026625,0006-05-19 23:49:00,6,5,19,23,49,350,238,ROCADE 7-8,,,Nuit sans éclairage public,Hors agglomération,Hors intersection,Pluie forte,Autre collision,,,,,,,,,,,3,1,1,3,6
200600026626,0006-05-21 10:45:00,6,5,21,10,45,350,238,"171, CHATEAUGIRON (DE)",,,Plein jour,En agglomération,Hors intersection,Normale,Deux véhicules - côté,,,,,,,,,,,1,2,1,1,3
200600026627,0006-05-21 15:00:00,6,5,21,15,0,350,238,"00, FORCES FRANCAISES DE",,,Plein jour,En agglomération,Giratoire,Pluie légère,Trois véhicules et plus - collisions multiples,,,,,,,,,,,1,2,6,2,5
200600026628,0006-05-21 18:45:00,6,5,21,18,45,350,238,"00, GROS MALHON (AVENUE)",,,Plein jour,En agglomération,Hors intersection,Temps éblouissant,Deux véhicules - arrière,,,,,,,,,,,1,2,1,7,2
200600026629,0006-05-22 20:00:00,6,5,22,20,0,350,238,"35, STRASBOURG (BOULEVAR",,,Plein jour,En agglomération,Hors intersection,Normale,Deux véhicules - côté,,,,,,,,,,,1,2,1,1,3
200600026630,0006-05-24 11:45:00,6,5,24,11,45,350,238,"00, MENDES FRANCE (BD PI",,,Plein jour,En agglomération,Intersection en X,Normale,Deux véhicules - côté,,,,,,,,,,,1,2,2,1,3
200600026631,0006-05-26 21:45:00,6,5,26,21,45,350,238,"00, ROBIQUETTE ( BOULEVA",,,Crépuscule ou aube,En agglomération,Giratoire,Normale,Autre collision,,,,,,,,,,,2,2,6,1,6
200600026632,0006-05-26 22:15:00,6,5,26,22,15,350,238,"00, JOFFRE ( DU MARECHAL",,,Nuit avec éclairage allumé,En agglomération,Intersection en X,Normale,Deux véhicules - côté,,,,,,,,,,,5,2,2,1,3
200600026633,0006-05-28 04:10:00,6,5,28,4,10,350,238,"00, DECOMBE (LUCIEN)",,,Nuit avec éclairage allumé,En agglomération,Hors intersection,Pluie légère,Autre collision,,,,,,,,,,,5,2,1,2,6
200600026634,0006-05-28 16:45:00,6,5,28,16,45,350,238,"00, MITTERAND (MAIL FRAN",,,Plein jour,En agglomération,Giratoire,Normale,Deux véhicules - arrière,,,,,,,,,,,1,2,6,1,2
200600026635,0006-05-30 08:50:00,6,5,30,8,50,350,238,ROCADE 13-14,,,Plein jour,Hors agglomération,Hors intersection,Normale,Deux véhicules - arrière,,,,,,,,,,,1,1,1,1,2
200600026636,0006-05-30 09:55:00,6,5,30,9,55,350,238,"19, CHATEAUBRIAND (QUAI)",,,Plein jour,En agglomération,Hors intersection,Normale,Deux véhicules - côté,,,,,,,,,,,1,2,1,1,3
200600026637,0006-05-30 19:10:00,6,5,30,19,10,350,238,"00, GROS MALHON (AVENUE)",,,Plein jour,En agglomération,Intersection en T,Normale,Deux véhicules - arrière,,,,,,,,,,,1,2,3,1,2
200600026638,0006-05-30 19:30:00,6,5,30,19,30,350,238,"00, METZ (BD DE)",,,Plein jour,En agglomération,Intersection à plus de 4 branches,Normale,Deux véhicules - côté,,,,,,,,,,,1,2,5,1,3
200600026639,0006-05-30 21:20:00,6,5,30,21,20,350,238,"00, ARMORIQUE (BD D')",,,Plein jour,En agglomération,Intersection en X,Normale,Deux véhicules - arrière,,,,,,,,,,,1,2,2,1,2
200600026640,0006-05-31 07:05:00,6,5,31,7,5,350,238,"00, COETLOGON (DE)",,,Plein jour,En agglomération,Intersection en X,Normale,Sans collision,,,,,,,,,,,1,2,2,1,7
200600026641,0006-05-31 15:30:00,6,5,31,15,30,350,238,"00, SAINT-MALO (DE) DE 1",,,Plein jour,En agglomération,Intersection en X,Normale,Deux véhicules - arrière,,,,,,,,,,,1,2,2,1,2
200600026642,0006-05-09 10:55:00,6,5,9,10,55,350,288,"37, JAURES JEAN (AVENUE)",,,Plein jour,En agglomération,Hors intersection,Normale,Autre collision,,,,,,,,,,,1,2,1,1,6
200600026643,0006-05-12 12:00:00,6,5,12,12,0,350,288,BAZILLE FREDERIC (RUE),,,Plein jour,En agglomération,Intersection en X,Normale,Deux véhicules - côté,,,,,,,,,,,1,2,2,1,3
200600026644,0006-05-14 08:20:00,6,5,14,8,20,350,288,UMBRICHT (REVEREND PERE),,,Plein jour,En agglomération,Hors intersection,Normale,Autre collision,,,,,,,,,,,1,2,1,1,6
200600026645,0006-05-22 23:25:00,6,5,22,23,25,350,288,CLEMENCEAU (RUE GEORGES),,,Nuit avec éclairage allumé,En agglomération,Hors intersection,Normale,Autre collision,,,,,,,,,,,5,2,1,1,6
200600026646,0006-05-25 02:00:00,6,5,25,2,0,350,288,"000000, TUNIS (RUE DE)",,,Nuit avec éclairage allumé,En agglomération,Intersection en X,Normale,Deux véhicules - côté,,,,,,,,,,,5,2,2,1,3
200600026647,0006-05-31 01:00:00,6,5,31,1,0,350,288,", JUIN MARECHAL  (AVENUE",,,Nuit sans éclairage public,En agglomération,Hors intersection,Normale,Sans collision,,,,,,,,,,,3,2,1,1,7
200600026648,0006-05-18 15:40:00,6,5,18,15,40,360,63,"0, RD PT FREESBEE",,,Plein jour,Hors agglomération,Giratoire,Normale,Autre collision,,,,,,,,,,,1,1,6,1,6
200600026649,0006-05-29 19:55:00,6,5,29,19,55,360,63,"13, EGALITE (DE L')",,,Plein jour,En agglomération,Hors intersection,Normale,Deux véhicules - frontale,,,,,,,,,,,1,2,1,1,1
200600026650,0006-05-23 12:55:00,6,5,23,12,55,360,44,"168, CHATRE (AV DE LA) D",,,Plein jour,En agglomération,Intersection en T,Pluie légère,Deux véhicules - côté,,,,,,,,,,,1,2,3,2,3
200600026651,0006-05-19 17:00:00,6,5,19,17,0,360,44,"18, GAMBETTA (PL)",,,Plein jour,En agglomération,Hors intersection,Normale,Autre collision,,,,,,,,,,,1,2,1,1,6
200600026652,0006-05-04 11:50:00,6,5,4,11,50,360,44,"0, GENETS (ALL DES)",,,Plein jour,En agglomération,Intersection en T,Normale,Deux véhicules - côté,,,,,,,,,,,1,2,3,1,3
200600026653,0006-05-08 21:40:00,6,5,8,21,40,360,63,"48, ENTES (DES)",,,Crépuscule ou aube,En agglomération,Hors intersection,Normale,Autre collision,,,,,,,,,,,2,2,1,1,6
200600026654,0006-05-10 19:35:00,6,5,10,19,35,360,44,MONTAIGNE,,,Plein jour,En agglomération,Hors intersection,Normale,Deux véhicules - arrière,,,,,,,,,,,1,2,1,1,2
200600026655,0006-05-18 08:25:00,6,5,18,8,25,360,44,"1, ROCHETTE (DE LA)",,,Plein jour,En agglomération,Intersection en X,Pluie légère,Deux véhicules - côté,,,,,,,,,,,1,2,2,2,3
200600026656,0006-05-19 20:30:00,6,5,19,20,30,360,44,FUIE (DE LA),,,Plein jour,En agglomération,Intersection en X,Normale,Deux véhicules - côté,,,,,,,,,,,1,2,2,1,3
200600026657,0006-05-20 09:15:00,6,5,20,9,15,360,44,"1, GAMBETTA (PL)",,,Plein jour,En agglomération,Hors intersection,Normale,Sans collision,,,,,,,,,,,1,2,1,1,7
200600026658,0006-05-21 21:10:00,6,5,21,21,10,360,44,CHATELLERAULT (DE),,,Crépuscule ou aube,En agglomération,Intersection en X,Normale,Deux véhicules - côté,,,,,,,,,,,2,2,2,1,3
200600026659,0006-05-23 18:08:00,6,5,23,18,8,360,44,"1, TOURAINE (PL DE)",,,Plein jour,En agglomération,Hors intersection,Normale,Deux véhicules - côté,,,,,,,,,,,1,2,1,1,3
200600026660,0006-05-31 09:20:00,6,5,31,9,20,360,44,"0, BRYAS (BD DE)",,,Plein jour,En agglomération,Hors intersection,Normale,Deux véhicules - arrière,,,,,,,,,,,1,2,1,1,2
200600026661,0006-05-30 19:20:00,6,5,30,19,20,360,44,"0, CHATEAUBRIAND",,,Plein jour,En agglomération,Hors intersection,Normale,Deux véhicules - côté,,,,,,,,,,,1,2,1,1,3
200600026662,0006-05-06 10:05:00,6,5,6,10,5,370,122,BRETONNIERES (BOULEVARD,,,Plein jour,Hors agglomération,Intersection en X,Pluie forte,Deux véhicules - frontale,,,,,,,,,,,1,1,2,3,1
200600026663,0006-05-02 19:45:00,6,5,2,19,45,370,261,MONREPOS (RUE DE),,,Plein jour,Hors agglomération,Hors intersection,Normale,Deux véhicules - frontale,,,,,,,,,,,1,1,1,1,1
200600026664,0006-05-03 16:30:00,6,5,3,16,30,370,261,MARIGNAN (RUE),,,Plein jour,En agglomération,Intersection en T,Normale,Deux véhicules - côté,,,,,,,,,,,1,2,3,1,3
200600026665,0006-05-03 13:25:00,6,5,3,13,25,370,261,PONT CHER (AVENUE DE),,,Plein jour,Hors agglomération,Hors intersection,Normale,Deux véhicules - arrière,,,,,,,,,,,1,1,1,1,2
200600026666,0006-05-09 17:00:00,6,5,9,17,0,370,261,JUIN (BOULEVARD DU MAREC,,,Plein jour,En agglomération,Hors intersection,Normale,Autre collision,,,,,,,,,,,1,2,1,1,6
200600026667,0006-05-12 18:00:00,6,5,12,18,0,370,261,"31, MAINE (RUE DU)",,,Plein jour,En agglomération,Intersection en X,Temps éblouissant,Autre collision,,,,,,,,,,,1,2,2,7,6
200600026668,0006-05-12 15:35:00,6,5,12,15,35,370,261,"48, THIERS (BOULEVARD)",,,Plein jour,En agglomération,Intersection en X,Normale,Deux véhicules - côté,,,,,,,,,,,1,2,2,1,3
200600026669,0006-05-14 18:30:00,6,5,14,18,30,370,261,GUESDE (RUE JULES),,,Plein jour,En agglomération,Intersection en X,Normale,Deux véhicules - côté,,,,,,,,,,,1,2,2,1,3
200600026670,0006-05-21 05:40:00,6,5,21,5,40,370,261,ROUZIERS (ROUTE DE),,,Crépuscule ou aube,En agglomération,Hors intersection,Pluie légère,Autre collision,,,,,,,,,,,2,2,1,2,6
200600026671,0006-05-21 05:46:00,6,5,21,5,46,370,261,ALOUETTE (AVENUE),,,Crépuscule ou aube,En agglomération,Hors intersection,Normale,Autre collision,,,,,,,,,,,2,2,1,1,6
200600026672,0006-05-22 07:45:00,6,5,22,7,45,370,261,SAINT ELOI (PLACE),,,Plein jour,En agglomération,Hors intersection,Normale,Trois véhicules et plus - en chaîne,,,,,,,,,,,1,2,1,1,4
200600026673,0006-05-15 13:20:00,6,5,15,13,20,370,261,"39, BERGEONNERIE (RUE DE",,,Plein jour,En agglomération,Hors intersection,Normale,Autre collision,,,,,,,,,,,1,2,1,1,6
200600026674,0006-05-20 14:21:00,6,5,20,14,21,370,214,RN 138,,,Plein jour,En agglomération,Hors intersection,Normale,Autre collision,,,,,,,,,,,1,2,1,1,6
200600026675,0006-05-26 04:03:00,6,5,26,4,3,370,261,DE GAULLE (AVENUE DU GEN,,,Nuit avec éclairage allumé,En agglomération,Intersection en X,Normale,Deux véhicules - côté,,,,,,,,,,,5,2,2,1,3
200600026676,0006-05-28 03:05:00,6,5,28,3,5,370,261,PONT CHER (AVENUE DE),,,Nuit avec éclairage allumé,En agglomération,Hors intersection,Normale,Autre collision,,,,,,,,,,,5,2,1,1,6
200600026677,0006-05-23 07:50:00,6,5,23,7,50,370,261,COLOMBIER (RUE),,,Plein jour,En agglomération,Autre intersection,Normale,Sans collision,,,,,,,,,,,1,2,9,1,7
200600026678,0006-05-31 18:30:00,6,5,31,18,30,370,261,PONT VOLANT (RUE DU),,,Plein jour,En agglomération,Intersection en X,Normale,Deux véhicules - frontale,,,,,,,,,,,1,2,2,1,1
200600026679,0006-05-27 19:20:00,6,5,27,19,20,370,195,PRIEURE (AVENUE DU),,,Plein jour,En agglomération,Giratoire,Normale,Deux véhicules - côté,,,,,,,,,,,1,2,6,1,3
200600026680,0006-05-01 14:30:00,6,5,1,14,30,380,179,"00, MARRONNIERS (CHEMIN",,,Plein jour,En agglomération,Intersection en X,Normale,Deux véhicules - côté,,,,,,,,,,,1,2,2,1,3
200600026681,0006-05-02 11:15:00,6,5,2,11,15,380,185,"00, LIBERATION (COURS) 1",,,Plein jour,En agglomération,Hors intersection,Normale,Deux véhicules - côté,,,,,,,,,,,1,2,1,1,3
200600026682,0006-05-02 13:20:00,6,5,2,13,20,380,185,A.480 (AUTOROUTE),,,Plein jour,Hors agglomération,Hors intersection,Normale,Trois véhicules et plus - en chaîne,,,,,,,,,,,1,1,1,1,4
200600026683,0006-05-04 10:30:00,6,5,4,10,30,380,185,"00, GAMBETTA ( BOULEVARD",,,Plein jour,En agglomération,Intersection en X,Normale,Deux véhicules - côté,,,,,,,,,,,1,2,2,1,3
200600026684,0006-05-04 15:45:00,6,5,4,15,45,380,185,"00, JEANNE D'ARC (AV.)",,,Plein jour,En agglomération,Hors intersection,Normale,Deux véhicules - frontale,,,,,,,,,,,1,2,1,1,1
200600026685,0006-05-04 17:30:00,6,5,4,17,30,380,185,"5, MARTIN (SQUARE DR.)",,,Plein jour,En agglomération,Intersection en X,Normale,Deux véhicules - côté,,,,,,,,,,,1,2,2,1,3
200600026686,0006-05-04 18:20:00,6,5,4,18,20,380,421,"00, LEYSSIEUX (RUE M.)",,,Plein jour,En agglomération,Hors intersection,Normale,Autre collision,,,,,,,,,,,1,2,1,1,6
200600026687,0006-05-04 21:46:00,6,5,4,21,46,380,185,"00, MALHERBE (AVENUE)",,,Nuit avec éclairage allumé,En agglomération,Hors intersection,Normale,Autre collision,,,,,,,,,,,5,2,1,1,6
200600026688,0006-05-05 06:30:00,6,5,5,6,30,380,185,"3 bis, JAY (QUAI STEPHAN",,,Plein jour,En agglomération,Hors intersection,Normale,Autre collision,,,,,,,,,,,1,2,1,1,6
200600026689,0006-05-05 11:15:00,6,5,5,11,15,380,185,"132, PERROT (AVENUE J.)",,,Crépuscule ou aube,En agglomération,Hors intersection,Normale,Deux véhicules - arrière,,,,,,,,,,,2,2,1,1,2
200600026690,0006-05-05 11:30:00,6,5,5,11,30,380,151,"12, BERRY (ALLEE DU)",,,Plein jour,En agglomération,Hors intersection,Normale,Deux véhicules - frontale,,,,,,,,,,,1,2,1,1,1