accident_id,datetime,annee,mois,jour,heure,minute,departement,commune_insee,adresse,latitude,longitude,luminosite,agglomeration,intersection,meteo,collision,nb_vehicules,nb_usagers,nb_indemnes,nb_tues,nb_blesses_hosp,nb_blesses_legers,age_cond_1,age_cond_2,veh_type_cond_1,veh_type_cond_2,lum_code,agg_code,int_code,atm_code,col_code
200600026824,0006-05-12 09:00:00,6,5,12,9,0,440,109,"3, BOULEVARD DU TERTRE",,,Plein jour,En agglomération,Hors intersection,Normale,Deux véhicules - côté,,,,,,,,,,,1,2,1,1,3
200600026825,0006-05-14 02:10:00,6,5,14,2,10,440,162,BOULEVARD CHARLES DE GAU,,,Nuit sans éclairage public,Hors agglomération,Hors intersection,Normale,Autre collision,,,,,,,,,,,3,1,1,1,6
200600026826,0006-05-13 01:50:00,6,5,13,1,50,440,109,RUE DE STRASBOURG,,,Nuit avec éclairage allumé,En agglomération,Intersection en X,Normale,Deux véhicules - côté,,,,,,,,,,,5,2,2,1,3
200600026827,0006-05-13 02:47:00,6,5,13,2,47,440,109,"145, RUE DE COULMIERS",,,Nuit avec éclairage allumé,En agglomération,Hors intersection,Normale,Autre collision,,,,,,,,,,,5,2,1,1,6
200600026828,0006-05-15 10:20:00,6,5,15,10,20,440,109,"32, BOULEVARD VICTOR HUG",,,Plein jour,En agglomération,Hors intersection,Normale,Trois véhicules et plus - collisions multiples,,,,,,,,,,,1,2,1,1,5
200600026829,0006-05-13 12:10:00,6,5,13,12,10,440,114,ROUTE DE RENNES,,,Plein jour,En agglomération,Hors intersection,Normale,Trois véhicules et plus - en chaîne,,,,,,,,,,,1,2,1,1,4
200600026830,0006-05-15 14:30:00,6,5,15,14,30,440,162,"1, BOULEVARD MARCEL PAUL",,,Plein jour,En agglomération,Giratoire,Normale,Deux véhicules - côté,,,,,,,,,,,1,2,6,1,3
200600026831,0006-05-15 17:50:00,6,5,15,17,50,440,162,"1, BOULEVARD CHARLES DE",,,Plein jour,En agglomération,Hors intersection,Normale,Deux véhicules - arrière,,,,,,,,,,,1,2,1,1,2
200600026832,0006-05-16 02:25:00,6,5,16,2,25,440,109,"88, RUE DE LA CONVENTION",,,Nuit avec éclairage allumé,En agglomération,Hors intersection,Normale,Autre collision,,,,,,,,,,,5,2,1,1,6
200600026833,0006-05-15 14:52:00,6,5,15,14,52,440,109,PLACE GABRIEL TRARIEUX,,,Plein jour,En agglomération,Hors intersection,Normale,Sans collision,,,,,,,,,,,1,2,1,1,7
200600026834,0006-05-13 17:45:00,6,5,13,17,45,440,162,"0, CHEMIN DE LA BRETINAI",,,Plein jour,Hors agglomération,Hors intersection,Normale,Deux véhicules - côté,,,,,,,,,,,1,1,1,1,3
200600026835,0006-05-16 12:50:00,6,5,16,12,50,440,109,"9, RUE DES CHALATRES",,,Plein jour,En agglomération,Intersection en T,Pluie légère,Autre collision,,,,,,,,,,,1,2,3,2,6
200600026836,0006-05-15 17:00:00,6,5,15,17,0,440,114,"0, ROUTE DE RENNES",,,Plein jour,En agglomération,Hors intersection,Normale,Autre collision,,,,,,,,,,,1,2,1,1,6
200600026837,0006-05-16 13:50:00,6,5,16,13,50,440,109,"1, BOULEVARD DES BELGES",,,Plein jour,En agglomération,Intersection en T,Temps couvert,Autre collision,,,,,,,,,,,1,2,3,8,6
200600026838,0006-05-16 18:25:00,6,5,16,18,25,440,109,RUE DES PLATANES,,,Plein jour,En agglomération,Intersection en X,Normale,Deux véhicules - côté,,,,,,,,,,,1,2,2,1,3
200600026839,0006-05-17 17:30:00,6,5,17,17,30,440,109,"35, RUE DU PETIT BEL AIR",,,Plein jour,En agglomération,Hors intersection,Normale,Autre collision,,,,,,,,,,,1,2,1,1,6
200600026840,0006-05-17 17:45:00,6,5,17,17,45,440,109,"85, BOULEVARD JULES VERN",,,Plein jour,En agglomération,Hors intersection,Normale,Deux véhicules - côté,,,,,,,,,,,1,2,1,1,3
200600026841,0006-05-25 14:00:00,6,5,25,14,0,440,109,"08, AVENUE DES AJONCS",,,Plein jour,En agglomération,Hors intersection,Normale,Autre collision,,,,,,,,,,,1,2,1,1,6
200600026842,0006-05-18 19:00:00,6,5,18,19,0,440,109,"41, RUE DE LA MARZELLE D",,,Plein jour,En agglomération,Hors intersection,Normale,Deux véhicules - côté,,,,,,,,,,,1,2,1,1,3
200600026843,0006-05-18 19:15:00,6,5,18,19,15,440,109,RUE HECTOR BERLIOZ,,,Plein jour,En agglomération,Hors intersection,Normale,Autre collision,,,,,,,,,,,1,2,1,1,6
200600026844,0006-05-16 20:12:00,6,5,16,20,12,440,109,"29, RUE LUCIEN AUBERT",,,Plein jour,En agglomération,Hors intersection,Normale,Autre collision,,,,,,,,,,,1,2,1,1,6
200600026845,0006-05-19 16:10:00,6,5,19,16,10,440,109,"98, BOULEVARD ROBERT SCH",,,Plein jour,En agglomération,Autre intersection,Pluie légère,Autre collision,,,,,,,,,,,1,2,9,2,6
200600026846,0006-05-20 06:10:00,6,5,20,6,10,440,143,REZE ( PORTE PERIPH INTE,,,Crépuscule ou aube,Hors agglomération,Hors intersection,Pluie légère,Autre collision,,,,,,,,,,,2,1,1,2,6
200600026847,0006-05-19 07:55:00,6,5,19,7,55,440,143,RUE CHARLES RIVIERE,,,Plein jour,En agglomération,Intersection en X,Normale,Autre collision,,,,,,,,,,,1,2,2,1,6
200600026848,0006-05-23 17:10:00,6,5,23,17,10,440,109,BOULEVARD SALVADOR ALLEN,,,Plein jour,En agglomération,Giratoire,Normale,Deux véhicules - arrière,,,,,,,,,,,1,2,6,1,2
200600026849,0006-05-22 17:40:00,6,5,22,17,40,440,143,"2, RUE DES AJONCS",,,Plein jour,En agglomération,Intersection en X,Vent fort / tempête,Autre collision,,,,,,,,,,,1,2,2,6,6
200600026850,0006-05-23 19:45:00,6,5,23,19,45,440,114,ROUTE DE VANNES,,,Plein jour,En agglomération,Hors intersection,Normale,Autre collision,,,,,,,,,,,1,2,1,1,6
200600026851,0006-05-24 15:55:00,6,5,24,15,55,440,109,"27, RUE JEAN JAURES",,,Plein jour,En agglomération,Hors intersection,Normale,Deux véhicules - côté,,,,,,,,,,,1,2,1,1,3
200600026852,0006-05-27 02:58:00,6,5,27,2,58,440,109,"22, QUAI ERNEST RENAUD",,,Nuit avec éclairage allumé,En agglomération,Hors intersection,Normale,Autre collision,,,,,,,,,,,5,2,1,1,6
200600026853,0006-05-27 18:55:00,6,5,27,18,55,440,109,"., BOULEVARD JEAN MOULIN",,,Plein jour,En agglomération,Hors intersection,Normale,Deux véhicules - côté,,,,,,,,,,,1,2,1,1,3
200600026854,0006-05-28 17:20:00,6,5,28,17,20,440,109,"00, RUE DE WINNIPEG",,,Plein jour,En agglomération,Hors intersection,Normale,Autre collision,,,,,,,,,,,1,2,1,1,6
200600026855,0006-05-28 11:00:00,6,5,28,11,0,440,190,"32, RUE DU DOUET",,,Plein jour,En agglomération,Hors intersection,Normale,Autre collision,,,,,,,,,,,1,2,1,1,6
200600026856,0006-05-20 06:15:00,6,5,20,6,15,440,162,BOULEVARD SALVADOR ALLEN,,,Crépuscule ou aube,En agglomération,Hors intersection,Pluie légère,Sans collision,,,,,,,,,,,2,2,1,2,7
200600026857,0006-05-27 07:30:00,6,5,27,7,30,440,109,"1, LADMIRAULT (PL)",,,Plein jour,En agglomération,Hors intersection,Normale,Autre collision,,,,,,,,,,,1,2,1,1,6
200600026858,0006-05-30 12:30:00,6,5,30,12,30,440,109,"1, COURS FRANKLIN ROOSEV",,,Plein jour,En agglomération,Autre intersection,Normale,Autre collision,,,,,,,,,,,1,2,9,1,6
200600026859,0006-05-30 15:50:00,6,5,30,15,50,440,109,"14, RUE DE LA DURANTIERE",,,Plein jour,En agglomération,Hors intersection,Normale,Autre collision,,,,,,,,,,,1,2,1,1,6
200600026860,0006-05-30 16:30:00,6,5,30,16,30,440,109,"61, BOULEVARD ROBERT SCH",,,Plein jour,En agglomération,Intersection en T,Normale,Autre collision,,,,,,,,,,,1,2,3,1,6
200600026861,0006-05-30 23:30:00,6,5,30,23,30,440,109,PONT HAUDAUDINE,,,Nuit avec éclairage allumé,En agglomération,Intersection en X,Normale,Autre collision,,,,,,,,,,,5,2,2,1,6
200600026862,0006-05-23 09:15:00,6,5,23,9,15,440,114,PERIPHERIQUE ROUTIER,,,Plein jour,Hors agglomération,Hors intersection,Normale,Trois véhicules et plus - en chaîne,,,,,,,,,,,1,1,1,1,4
200600026863,0006-05-31 10:40:00,6,5,31,10,40,440,162,"1, BOULEVARD DU VAL DE C",,,Plein jour,En agglomération,Hors intersection,Normale,Autre collision,,,,,,,,,,,1,2,1,1,6
200600026864,0006-05-22 16:00:00,6,5,22,16,0,440,109,"1, BOULEVARD GUSTAVE ROC",,,Plein jour,En agglomération,Hors intersection,Normale,Autre collision,,,,,,,,,,,1,2,1,1,6
200600026865,0006-05-04 08:30:00,6,5,4,8,30,440,184,"88, ANDRÉ (AVENUE GÉO)",,,Plein jour,En agglomération,Intersection en X,Normale,Deux véhicules - frontale,,,,,,,,,,,1,2,2,1,1
200600026866,0006-05-06 01:50:00,6,5,6,1,50,440,184,RN 171 (CRAN NEUF AU PON,,,Nuit sans éclairage public,Hors agglomération,Hors intersection,Pluie légère,Autre collision,,,,,,,,,,,3,1,1,2,6
200600026867,0006-05-11 17:30:00,6,5,11,17,30,440,184,BUFFON (RUE GEORGES DE),,,Plein jour,En agglomération,Intersection en X,Normale,Deux véhicules - côté,,,,,,,,,,,1,2,2,1,3
200600026868,0006-05-12 09:20:00,6,5,12,9,20,440,184,CÔTE D'AMOUR (RTE DE LA),,,Plein jour,En agglomération,Giratoire,Normale,Deux véhicules - côté,,,,,,,,,,,1,2,6,1,3
200600026869,0006-05-12 16:40:00,6,5,12,16,40,440,184,LECHAT (RUE AUGUSTE BAPT,,,Plein jour,En agglomération,Intersection en X,Normale,Deux véhicules - arrière,,,,,,,,,,,1,2,2,1,2
200600026870,0006-05-14 19:40:00,6,5,14,19,40,440,184,"1, VERNE (RUE JULES)",,,Plein jour,En agglomération,Intersection en Y,Normale,Deux véhicules - côté,,,,,,,,,,,1,2,4,1,3
200600026871,0006-05-15 09:35:00,6,5,15,9,35,440,184,VERT (CHEMIN),,,Plein jour,En agglomération,Hors intersection,Normale,Deux véhicules - côté,,,,,,,,,,,1,2,1,1,3
200600026872,0006-05-16 08:40:00,6,5,16,8,40,440,184,FORT DE L'EVE (ROUTE DU),,,Plein jour,En agglomération,Hors intersection,Normale,Sans collision,,,,,,,,,,,1,2,1,1,7
200600026873,0006-05-19 13:25:00,6,5,19,13,25,440,184,"95, DISSIGNAC (ROUTE DE)",,,Plein jour,En agglomération,Hors intersection,Normale,Sans collision,,,,,,,,,,,1,2,1,1,7
200600026874,0006-05-22 13:30:00,6,5,22,13,30,440,184,RELAIS (CHEMIN DU),,,Plein jour,En agglomération,Intersection en T,Vent fort / tempête,Sans collision,,,,,,,,,,,1,2,3,6,7
200600026875,0006-05-23 16:50:00,6,5,23,16,50,440,184,"83, ANJOU (RUE D') DU 51",,,Plein jour,En agglomération,Hors intersection,Normale,Sans collision,,,,,,,,,,,1,2,1,1,7
200600026876,0006-05-26 17:20:00,6,5,26,17,20,440,184,"332, CÔTE D'AMOUR (RTE D",,,Plein jour,En agglomération,Autre intersection,Normale,Sans collision,,,,,,,,,,,1,2,9,1,7
200600026877,0006-05-27 02:10:00,6,5,27,2,10,440,184,"37, CÔTE D'AMOUR (RTE DE",,,Nuit avec éclairage allumé,En agglomération,Hors intersection,Normale,Autre collision,,,,,,,,,,,5,2,1,1,6
200600026878,0006-05-31 07:40:00,6,5,31,7,40,440,184,GUTENBERG (RUE JEAN),,,Plein jour,En agglomération,Intersection en T,Normale,Deux véhicules - côté,,,,,,,,,,,1,2,3,1,3
200600026879,0006-05-02 18:50:00,6,5,2,18,50,450,4,RN7 Carrières ROLAND,,,Plein jour,Hors agglomération,Hors intersection,Normale,Trois véhicules et plus - collisions multiples,,,,,,,,,,,1,1,1,1,5
200600026880,0006-05-05 19:00:00,6,5,5,19,0,450,4,PONT D'ARDAN (RUE DU),,,Plein jour,En agglomération,Hors intersection,Normale,Deux véhicules - frontale,,,,,,,,,,,1,2,1,1,1
200600026881,0006-05-24 11:00:00,6,5,24,11,0,450,208,GENERAL LECLERC (AVENUE,,,Plein jour,En agglomération,Autre intersection,Normale,Deux véhicules - côté,,,,,,,,,,,1,2,9,1,3
200600026882,0006-05-26 12:00:00,6,5,26,12,0,450,208,COCHERY (RUE ADOLPHE),,,Plein jour,En agglomération,Intersection en T,Normale,Deux véhicules - côté,,,,,,,,,,,1,2,3,1,3
200600026883,0006-05-01 00:30:00,6,5,1,0,30,450,274,SANDILLON  (ROUTE DE),,,Nuit sans éclairage public,Hors agglomération,Hors intersection,Normale,Autre collision,,,,,,,,,,,3,1,1,1,6
200600026884,0006-05-02 08:20:00,6,5,2,8,20,450,284,RN 60,,,Plein jour,Hors agglomération,Hors intersection,Normale,Deux véhicules - arrière,,,,,,,,,,,1,1,1,1,2
200600026885,0006-05-02 12:00:00,6,5,2,12,0,450,234,"50, MARTIN (BOULEVARD AL",,,Plein jour,En agglomération,Hors intersection,Normale,Deux véhicules - arrière,,,,,,,,,,,1,2,1,1,2
200600026886,0006-05-02 13:50:00,6,5,2,13,50,450,234,LIBERATION (AVENUE DE LA,,,Plein jour,En agglomération,Hors intersection,Normale,Autre collision,,,,,,,,,,,1,2,1,1,6
200600026887,0006-05-02 16:25:00,6,5,2,16,25,450,234,"18, MARTIN (BOULEVARD AL",,,Plein jour,En agglomération,Hors intersection,Normale,Autre collision,,,,,,,,,,,1,2,1,1,6
200600026888,0006-05-03 17:40:00,6,5,3,17,40,450,234,"face au 10, TOUR NEUVE (",,,Plein jour,En agglomération,Intersection en X,Normale,Deux véhicules - côté,,,,,,,,,,,1,2,2,1,3
200600026889,0006-05-03 19:40:00,6,5,3,19,40,450,147,"34, SANGNIER (RUE MARC S",,,Plein jour,En agglomération,Intersection en T,Normale,Deux véhicules - côté,,,,,,,,,,,1,2,3,1,3
200600026890,0006-05-05 22:10:00,6,5,5,22,10,450,234,"01, ZAY (AVENUE JEAN ZAY",,,Nuit avec éclairage allumé,En agglomération,Hors intersection,Normale,Deux véhicules - arrière,,,,,,,,,,,5,2,1,1,2
200600026891,0006-05-09 16:45:00,6,5,9,16,45,450,298,"149, SAINT MICHEL (RUE)",,,Plein jour,Hors agglomération,Hors intersection,Normale,Deux véhicules - arrière,,,,,,,,,,,1,1,1,1,2
200600026892,0006-05-10 17:32:00,6,5,10,17,32,450,302,A 701 (BRETELLE ACCES),,,Plein jour,Hors agglomération,Hors intersection,Normale,Deux véhicules - arrière,,,,,,,,,,,1,1,1,1,2
200600026893,0006-05-12 07:25:00,6,5,12,7,25,450,285,RN 60,,,Plein jour,Hors agglomération,Hors intersection,Normale,Trois véhicules et plus - en chaîne,,,,,,,,,,,1,1,1,1,4
200600026894,0006-05-12 14:05:00,6,5,12,14,5,450,75,"06, GABELIERE (RUE DE LA",,,Plein jour,Hors agglomération,Hors intersection,Normale,Sans collision,,,,,,,,,,,1,1,1,1,7
200600026895,0006-05-12 14:25:00,6,5,12,14,25,450,234,ROI (QUAI DU),,,Plein jour,En agglomération,Autre intersection,Normale,Deux véhicules - côté,,,,,,,,,,,1,2,9,1,3
200600026896,0006-05-12 17:35:00,6,5,12,17,35,450,285,"59, BEAUHAIRE (RUE CHARL",,,Plein jour,En agglomération,Hors intersection,Normale,Autre collision,,,,,,,,,,,1,2,1,1,6
200600026897,0006-05-12 18:30:00,6,5,12,18,30,450,147,"face au 14, LAMBALLE (BO",,,Plein jour,En agglomération,Hors intersection,Normale,Trois véhicules et plus - collisions multiples,,,,,,,,,,,1,2,1,1,5
200600026898,0006-05-12 17:30:00,6,5,12,17,30,450,302,"133, VILLAMBLAIN (RUE DE",,,Plein jour,En agglomération,Hors intersection,Normale,Autre collision,,,,,,,,,,,1,2,1,1,6
200600026899,0006-05-14 15:25:00,6,5,14,15,25,450,75,"56, NATIONALE (ROUTE)",,,Plein jour,En agglomération,Hors intersection,Normale,Deux véhicules - côté,,,,,,,,,,,1,2,1,1,3
200600026900,0006-05-16 07:35:00,6,5,16,7,35,450,284,"119, ROSTAND (BOULEVARD",,,Plein jour,En agglomération,Hors intersection,Normale,Deux véhicules - côté,,,,,,,,,,,1,2,1,1,3
200600026901,0006-05-18 12:30:00,6,5,18,12,30,450,147,"405, BANNIER (RUE DU FAU",,,Plein jour,En agglomération,Hors intersection,Normale,Autre collision,,,,,,,,,,,1,2,1,1,6
200600026902,0006-05-19 17:55:00,6,5,19,17,55,450,284,"127, FREDEVILLE (RUE DE)",,,Plein jour,En agglomération,Hors intersection,Normale,Sans collision,,,,,,,,,,,1,2,1,1,7
200600026903,0006-05-21 16:15:00,6,5,21,16,15,450,284,"142, FREDEVILLE (RUE DE)",,,Plein jour,En agglomération,Hors intersection,Normale,Deux véhicules - frontale,,,,,,,,,,,1,2,1,1,1
200600026904,0006-05-23 16:40:00,6,5,23,16,40,450,234,"130, ZAY (AVENUE JEAN ZA",,,Plein jour,En agglomération,Hors intersection,Normale,Autre collision,,,,,,,,,,,1,2,1,1,6
200600026905,0006-05-25 21:25:00,6,5,25,21,25,450,285,CHAINGY (CHEMIN DE),,,Crépuscule ou aube,En agglomération,Intersection en X,Normale,Deux véhicules - côté,,,,,,,,,,,2,2,2,1,3
200600026906,0006-05-24 14:56:00,6,5,24,14,56,450,234,"12, GALEN (RUE MONSEIGNE",,,Plein jour,En agglomération,Hors intersection,Normale,Deux véhicules - arrière,,,,,,,,,,,1,2,1,1,2
200600026907,0006-05-24 20:05:00,6,5,24,20,5,450,285,"104, CLEMENCEAU (GEORGES",,,Plein jour,En agglomération,Intersection en Y,Normale,Deux véhicules - côté,,,,,,,,,,,1,2,4,1,3
200600026908,0006-05-25 12:25:00,6,5,25,12,25,450,285,MENDES FRANCE (AVENUE PI,,,Plein jour,En agglomération,Hors intersection,Normale,Autre collision,,,,,,,,,,,1,2,1,1,6
200600026909,0006-05-26 05:15:00,6,5,26,5,15,450,302,VALLEES (RUE DES),,,Nuit sans éclairage public,En agglomération,Intersection en X,Normale,Deux véhicules - côté,,,,,,,,,,,3,2,2,1,3
200600026910,0006-05-18 17:50:00,6,5,18,17,50,450,169,NATIONALE (ROUTE ),,,Plein jour,En agglomération,Intersection en X,Normale,Deux véhicules - côté,,,,,,,,,,,1,2,2,1,3
200600026911,0006-05-30 16:15:00,6,5,30,16,15,450,234,"06, MARTIN (BOULEVARD AL",,,Plein jour,En agglomération,Hors intersection,Normale,Autre collision,,,,,,,,,,,1,2,1,1,6
200600026912,0006-05-30 19:00:00,6,5,30,19,0,450,302,PASSE DEBOUT (RUE PASSE,,,Plein jour,Hors agglomération,Intersection en T,Normale,Deux véhicules - arrière,,,,,,,,,,,1,1,3,1,2
200600026913,0006-05-31 07:45:00,6,5,31,7,45,450,308,"02ter, GALLOUEDEC (AVENU",,,Plein jour,En agglomération,Intersection en X,Normale,Deux véhicules - côté,,,,,,,,,,,1,2,2,1,3
200600026914,0006-05-06 22:10:00,6,5,6,22,10,460,42,ORMEAUX (COTE DES),,,Nuit avec éclairage allumé,En agglomération,Hors intersection,Normale,Deux véhicules - côté,,,,,,,,,,,5,2,1,1,3
200600026915,0006-05-24 20:20:00,6,5,24,20,20,460,105,Route des Ramonets C7,,,Plein jour,Hors agglomération,Intersection en T,Normale,Deux véhicules - côté,,,,,,,,,,,1,1,3,1,3
200600026916,0006-05-30 12:50:00,6,5,30,12,50,460,42,"23, GAMBETTA (BOULEVARD",,,Plein jour,En agglomération,Hors intersection,Normale,Deux véhicules - côté,,,,,,,,,,,1,2,1,1,3
200600026917,0006-05-30 15:30:00,6,5,30,15,30,460,42,"103, GAMBETTA (BOULEVARD",,,Plein jour,En agglomération,Hors intersection,Normale,Deux véhicules - côté,,,,,,,,,,,1,2,1,1,3
200600026918,0006-05-03 07:45:00,6,5,3,7,45,470,1,LAVOISIER (RUE),,,Plein jour,En agglomération,Intersection en X,Normale,Deux véhicules - côté,,,,,,,,,,,1,2,2,1,3
200600026919,0006-05-07 16:28:00,6,5,7,16,28,470,1,"28, CASSIN (RUE RENE)",,,Plein jour,En agglomération,Hors intersection,Normale,Autre collision,,,,,,,,,,,1,2,1,1,6
200600026920,0006-05-10 14:00:00,6,5,10,14,0,470,1,LIBERTE (BOULEVARD DE LA,,,Plein jour,En agglomération,Hors intersection,Normale,Deux véhicules - arrière,,,,,,,,,,,1,2,1,1,2
200600026921,0006-05-17 10:19:00,6,5,17,10,19,470,1,COLMAR (AV. DE),,,Plein jour,En agglomération,Intersection en X,Normale,Deux véhicules - frontale,,,,,,,,,,,1,2,2,1,1
200600026922,0006-05-17 18:19:00,6,5,17,18,19,470,1,MONNET (AV. JEAN),,,Plein jour,En agglomération,Intersection en X,Normale,Deux véhicules - côté,,,,,,,,,,,1,2,2,1,3
200600026923,0006-05-21 15:28:00,6,5,21,15,28,470,1,GAMBETTA (COURS),,,Plein jour,En agglomération,Intersection en X,Normale,Deux véhicules - côté,,,,,,,,,,,1,2,2,1,3
200600026924,0006-05-21 21:05:00,6,5,21,21,5,470,1,LACOUR (BD EDOUARD),,,Plein jour,En agglomération,Intersection en X,Normale,Deux véhicules - arrière,,,,,,,,,,,1,2,2,1,2
200600026925,0006-05-23 14:46:00,6,5,23,14,46,470,1,DUNKERQUE (QUAI DE),,,Plein jour,En agglomération,Hors intersection,Normale,Deux véhicules - arrière,,,,,,,,,,,1,2,1,1,2
200600026926,0006-05-24 07:55:00,6,5,24,7,55,470,1,GAMBETTA (COURS),,,Plein jour,En agglomération,Hors intersection,Normale,Trois véhicules et plus - collisions multiples,,,,,,,,,,,1,2,1,1,5
200600026927,0006-05-30 10:34:00,6,5,30,10,34,470,201,MARNE (AV. DE LA),,,Plein jour,En agglomération,Hors intersection,Normale,Autre collision,,,,,,,,,,,1,2,1,1,6
200600026928,0006-05-31 11:11:00,6,5,31,11,11,470,1,VAUCANSON (RUE),,,Plein jour,En agglomération,Intersection en X,Normale,Deux véhicules - côté,,,,,,,,,,,1,2,2,1,3
200600026929,0006-05-06 09:00:00,6,5,6,9,0,470,157,MAI 1945 (RUE DU 8),,,Plein jour,En agglomération,Intersection en T,Pluie légère,Autre collision,,,,,,,,,,,1,2,3,2,6
200600026930,0006-05-15 15:15:00,6,5,15,15,15,470,157,CD 132- ROUTE D'ESCASSEF,,,Plein jour,En agglomération,Intersection en X,Normale,Deux véhicules - côté,,,,,,,,,,,1,2,2,1,3
200600026931,0006-05-05 07:50:00,6,5,5,7,50,470,323,"14, ROOY (RUE DU)",,,Plein jour,En agglomération,Hors intersection,Normale,Deux véhicules - frontale,,,,,,,,,,,1,2,1,1,1
200600026932,0006-05-16 07:45:00,6,5,16,7,45,480,95,", TERRES BLEUES (RUE DES",,,Plein jour,En agglomération,Hors intersection,Normale,Autre collision,,,,,,,,,,,1,2,1,1,6
200600026933,0006-05-30 13:31:00,6,5,30,13,31,480,95,"1, MEYLET (CHEMIN DU)",,,Plein jour,En agglomération,Intersection en Y,Normale,Deux véhicules - arrière,,,,,,,,,,,1,2,4,1,2
200600026934,0006-05-02 14:00:00,6,5,2,14,0,490,7,"00, ARAGON AVENUE",,,Plein jour,En agglomération,Giratoire,Normale,Deux véhicules - côté,,,,,,,,,,,1,2,6,1,3
200600026935,0006-05-01 00:50:00,6,5,1,0,50,490,7,"0, VOLNEY",,,Nuit avec éclairage allumé,En agglomération,Hors intersection,Normale,Deux véhicules - frontale,,,,,,,,,,,5,2,1,1,1
200600026936,0006-05-04 20:29:00,6,5,4,20,29,490,7,"08, LECOMBRE",,,Plein jour,En agglomération,Hors intersection,Normale,Deux véhicules - côté,,,,,,,,,,,1,2,1,1,3
200600026937,0006-05-01 00:35:00,6,5,1,0,35,490,7,"00, FOCH BOULEVARD",,,Nuit avec éclairage allumé,En agglomération,Hors intersection,Normale,Autre collision,,,,,,,,,,,5,2,1,1,6
200600026938,0006-05-06 18:20:00,6,5,6,18,20,490,246,"00, VILLESICARD",,,Plein jour,Hors agglomération,Hors intersection,Normale,Sans collision,,,,,,,,,,,1,1,1,1,7
200600026939,0006-05-07 15:45:00,6,5,7,15,45,490,7,"00, RAMON BOULEVARD",,,Plein jour,En agglomération,Hors intersection,Normale,Deux véhicules - côté,,,,,,,,,,,1,2,1,1,3
200600026940,0006-05-10 13:01:00,6,5,10,13,1,490,267,"120, ANGERS ROUTE",,,Plein jour,En agglomération,Hors intersection,Normale,Sans collision,,,,,,,,,,,1,2,1,1,7
200600026941,0006-05-10 13:45:00,6,5,10,13,45,490,7,GRAND MONTREJEAU,,,Plein jour,En agglomération,Hors intersection,Normale,Deux véhicules - côté,,,,,,,,,,,1,2,1,1,3
200600026942,0006-05-11 08:15:00,6,5,11,8,15,490,7,"23, ATLANTIQUE  AVENUE D",,,Plein jour,En agglomération,Hors intersection,Normale,Deux véhicules - arrière,,,,,,,,,,,1,2,1,1,2
200600026943,0006-05-06 14:34:00,6,5,6,14,34,490,267,"00, ANGERS ROUTE",,,Plein jour,En agglomération,Intersection en T,Normale,Deux véhicules - côté,,,,,,,,,,,1,2,3,1,3
200600026944,0006-05-09 16:51:00,6,5,9,16,51,490,7,"00, BON PASTEUR BOULEVAR",,,Plein jour,En agglomération,Hors intersection,Normale,Deux véhicules - côté,,,,,,,,,,,1,2,1,1,3
200600026945,0006-05-13 22:12:00,6,5,13,22,12,490,7,"64, PASTEUR AVENUE",,,Nuit avec éclairage allumé,En agglomération,Intersection en T,Normale,Deux véhicules - côté,,,,,,,,,,,5,2,3,1,3
200600026946,0006-05-13 00:28:00,6,5,13,0,28,490,7,"08, FOCH BOULEVARD",,,Nuit avec éclairage allumé,En agglomération,Hors intersection,Normale,Deux véhicules - côté,,,,,,,,,,,5,2,1,1,3
200600026947,0006-05-14 16:49:00,6,5,14,16,49,490,7,"70, LAC DE MAINE AVENUE",,,Plein jour,En agglomération,Hors intersection,Normale,Autre collision,,,,,,,,,,,1,2,1,1,6
200600026948,0006-05-15 17:44:00,6,5,15,17,44,490,7,"00, BARANGE BOULEVARD",,,Plein jour,Hors agglomération,Hors intersection,Normale,Deux véhicules - arrière,,,,,,,,,,,1,1,1,1,2
200600026949,0006-05-15 07:14:00,6,5,15,7,14,490,7,"00, PATTON AVENUE",,,Plein jour,En agglomération,Intersection en X,Normale,Deux véhicules - côté,,,,,,,,,,,1,2,2,1,3
200600026950,0006-05-15 16:01:00,6,5,15,16,1,490,7,"00, STRASBOURG BOULEVARD",,,Plein jour,En agglomération,Intersection en T,Normale,Deux véhicules - côté,,,,,,,,,,,1,2,3,1,3
200600026951,0006-05-16 16:54:00,6,5,16,16,54,490,7,"43, SAUMUROISE IMPASSE E",,,Plein jour,En agglomération,Hors intersection,Normale,Deux véhicules - côté,,,,,,,,,,,1,2,1,1,3
200600026952,0006-05-16 15:54:00,6,5,16,15,54,490,7,"23, SAUMUROISE IMPASSE E",,,Plein jour,En agglomération,Hors intersection,Normale,Deux véhicules - côté,,,,,,,,,,,1,2,1,1,3
200600026953,0006-05-17 11:01:00,6,5,17,11,1,490,7,"30, COMMERCE",,,Plein jour,En agglomération,Hors intersection,Normale,Deux véhicules - côté,,,,,,,,,,,1,2,1,1,3
200600026954,0006-05-17 15:43:00,6,5,17,15,43,490,7,DAVIERS BOULEVARD,,,Plein jour,En agglomération,Hors intersection,Normale,Deux véhicules - côté,,,,,,,,,,,1,2,1,1,3
200600026955,0006-05-17 18:16:00,6,5,17,18,16,490,7,"00, CHATENAY AVENUE VICT",,,Plein jour,En agglomération,Intersection en X,Normale,Deux véhicules - côté,,,,,,,,,,,1,2,2,1,3
200600026956,0006-05-18 10:45:00,6,5,18,10,45,490,7,"00, SAINT AUBIN",,,Plein jour,En agglomération,Hors intersection,Normale,Sans collision,,,,,,,,,,,1,2,1,1,7
200600026957,0006-05-19 11:40:00,6,5,19,11,40,490,7,ATLANTIQUE  AVENUE DE L',,,Plein jour,Hors agglomération,Hors intersection,Normale,Sans collision,,,,,,,,,,,1,1,1,1,7