accident_id,datetime,annee,mois,jour,heure,minute,departement,commune_insee,adresse,latitude,longitude,luminosite,agglomeration,intersection,meteo,collision,nb_vehicules,nb_usagers,nb_indemnes,nb_tues,nb_blesses_hosp,nb_blesses_legers,age_cond_1,age_cond_2,veh_type_cond_1,veh_type_cond_2,lum_code,agg_code,int_code,atm_code,col_code
200600027092,0006-05-02 20:10:00,6,5,2,20,10,560,121,BOVE ( COURS DE LA ),,,Plein jour,En agglomération,Intersection en X,Normale,Autre collision,,,,,,,,,,,1,2,2,1,6
200600027093,0006-05-03 05:10:00,6,5,3,5,10,560,121,"00, FLANDRES-DUNKERQUE (",,,Nuit avec éclairage allumé,En agglomération,Intersection en X,Normale,Deux véhicules - côté,,,,,,,,,,,5,2,2,1,3
200600027094,0006-05-05 15:45:00,6,5,5,15,45,560,121,"00, DEMAINE ( BD YVES )",,,Plein jour,En agglomération,Hors intersection,Normale,Deux véhicules - côté,,,,,,,,,,,1,2,1,1,3
200600027095,0006-05-08 08:35:00,6,5,8,8,35,560,121,"00, FERRY ( PL. JULES )",,,Plein jour,En agglomération,Hors intersection,Pluie légère,Sans collision,,,,,,,,,,,1,2,1,2,7
200600027096,0006-05-08 09:45:00,6,5,8,9,45,560,107,"38, PLOEMEUR (RUE DE)",,,Plein jour,En agglomération,Giratoire,Normale,Autre collision,,,,,,,,,,,1,2,6,1,6
200600027097,0006-05-09 17:33:00,6,5,9,17,33,560,162,"00, MOULIN DU TER",,,Plein jour,Hors agglomération,Hors intersection,Normale,Sans collision,,,,,,,,,,,1,1,1,1,7
200600027098,0006-05-10 10:40:00,6,5,10,10,40,560,162,"00, 152 (ROUTE DEPARTEME",,,Plein jour,Hors agglomération,Giratoire,Normale,Deux véhicules - côté,,,,,,,,,,,1,1,6,1,3
200600027099,0006-05-13 04:55:00,6,5,13,4,55,560,121,"29, BLUM ( BD LEON )",,,Nuit avec éclairage allumé,En agglomération,Hors intersection,Normale,Deux véhicules - arrière,,,,,,,,,,,5,2,1,1,2
200600027100,0006-05-13 21:00:00,6,5,13,21,0,560,162,"H, CHATAIGNERAIE (HLM DE",,,Plein jour,En agglomération,Hors intersection,Normale,Autre collision,,,,,,,,,,,1,2,1,1,6
200600027101,0006-05-14 16:10:00,6,5,14,16,10,560,98,"00, SAINT-CHRISTOPHE ( P",,,Plein jour,En agglomération,Hors intersection,Normale,Sans collision,,,,,,,,,,,1,2,1,1,7
200600027102,0006-05-15 17:45:00,6,5,15,17,45,560,162,"00, MOULIN DU TER (RUE D",,,Plein jour,Hors agglomération,Hors intersection,Normale,Sans collision,,,,,,,,,,,1,1,1,1,7
200600027103,0006-05-16 17:00:00,6,5,16,17,0,560,162,"00, KERHAM",,,Plein jour,Hors agglomération,Hors intersection,Normale,Deux véhicules - frontale,,,,,,,,,,,1,1,1,1,1
200600027104,0006-05-16 18:05:00,6,5,16,18,5,560,121,"41, BLUM ( BD LEON )",,,Plein jour,En agglomération,Intersection en X,Normale,Trois véhicules et plus - collisions multiples,,,,,,,,,,,1,2,2,1,5
200600027105,0006-05-18 21:03:00,6,5,18,21,3,560,121,"00, TOULLEC (RUE  FRANCO",,,Plein jour,En agglomération,Intersection en X,Normale,Deux véhicules - côté,,,,,,,,,,,1,2,2,1,3
200600027106,0006-05-20 19:13:00,6,5,20,19,13,560,83,"90, PASTEUR ( AVENUE )",,,Plein jour,En agglomération,Hors intersection,Normale,Deux véhicules - côté,,,,,,,,,,,1,2,1,1,3
200600027107,0006-05-21 02:08:00,6,5,21,2,8,560,121,"85, DE GAULLE ( AVE DU G",,,Nuit avec éclairage allumé,En agglomération,Hors intersection,Normale,Sans collision,,,,,,,,,,,5,2,1,1,7
200600027108,0006-05-23 08:47:00,6,5,23,8,47,560,98,"00, LENINE ( AV. )",,,Plein jour,En agglomération,Intersection en X,Normale,Deux véhicules - côté,,,,,,,,,,,1,2,2,1,3
200600027109,0006-05-23 09:12:00,6,5,23,9,12,560,162,"00, ROUTE DEPARTEMENTALE",,,Plein jour,Hors agglomération,Hors intersection,Normale,Sans collision,,,,,,,,,,,1,1,1,1,7
200600027110,0006-05-24 20:02:00,6,5,24,20,2,560,121,"07, JOFFRE ( BD MARECHAL",,,Plein jour,En agglomération,Hors intersection,Normale,Deux véhicules - arrière,,,,,,,,,,,1,2,1,1,2
200600027111,0006-05-26 16:15:00,6,5,26,16,15,560,121,"00, DE GAULLE ( AVE DU G",,,Plein jour,En agglomération,Intersection en T,Normale,Deux véhicules - côté,,,,,,,,,,,1,2,3,1,3
200600027112,0006-05-26 15:16:00,6,5,26,15,16,560,98,"00, DJIBAOU (RUE  JEAN-M",,,Plein jour,En agglomération,Hors intersection,Normale,Deux véhicules - côté,,,,,,,,,,,1,2,1,1,3
200600027113,0006-05-28 10:05:00,6,5,28,10,5,560,98,"47, JAURES (RUE  JEAN )",,,Plein jour,En agglomération,Hors intersection,Normale,Autre collision,,,,,,,,,,,1,2,1,1,6
200600027114,0006-05-30 09:09:00,6,5,30,9,9,560,98,"71, JAURES (RUE  JEAN )",,,Plein jour,En agglomération,Hors intersection,Normale,Autre collision,,,,,,,,,,,1,2,1,1,6
200600027115,0006-05-30 17:15:00,6,5,30,17,15,560,107,"00, ROUTE DEPARTEMENTALE",,,Plein jour,Hors agglomération,Hors intersection,Normale,Sans collision,,,,,,,,,,,1,1,1,1,7
200600027116,0006-05-02 19:50:00,6,5,2,19,50,560,260,"., PARGO(GIRATOIRE DU)",,,Plein jour,En agglomération,Giratoire,Normale,Sans collision,,,,,,,,,,,1,2,6,1,7
200600027117,0006-05-06 01:15:00,6,5,6,1,15,560,260,"., TOHANNIC(AVENUE DE)",,,Nuit avec éclairage allumé,En agglomération,Hors intersection,Normale,Sans collision,,,,,,,,,,,5,2,1,1,7
200600027118,0006-05-12 16:35:00,6,5,12,16,35,560,260,"., METZ(RUE DE)",,,Plein jour,En agglomération,Hors intersection,Normale,Autre collision,,,,,,,,,,,1,2,1,1,6
200600027119,0006-05-23 17:30:00,6,5,23,17,30,560,260,"136, JUIN(AVENUE DU MARE",,,Plein jour,En agglomération,Hors intersection,Normale,Deux véhicules - côté,,,,,,,,,,,1,2,1,1,3
200600027120,0006-05-27 04:50:00,6,5,27,4,50,560,260,"., LE BARTZ(RUE GUILLAUM",,,Plein jour,En agglomération,Giratoire,Normale,Deux véhicules - côté,,,,,,,,,,,1,2,6,1,3
200600027121,0006-05-31 08:25:00,6,5,31,8,25,560,260,"48, HUGO(AVENUE VICTOR)",,,Plein jour,En agglomération,Intersection en T,Normale,Deux véhicules - côté,,,,,,,,,,,1,2,3,1,3
200600027122,0006-05-31 17:50:00,6,5,31,17,50,560,260,"., RESISTANCE(BLD DE LA)",,,Plein jour,En agglomération,Hors intersection,Normale,Trois véhicules et plus - en chaîne,,,,,,,,,,,1,2,1,1,4
200600027123,0006-05-24 16:20:00,6,5,24,16,20,560,260,"., DELACROIX(RUE EUGENE)",,,Plein jour,En agglomération,Intersection en T,Normale,Deux véhicules - côté,,,,,,,,,,,1,2,3,1,3
200600027124,0006-05-30 19:20:00,6,5,30,19,20,560,260,"., PALAIS DES ARTS(GIRAT",,,Plein jour,En agglomération,Giratoire,Normale,Autre collision,,,,,,,,,,,1,2,6,1,6
200600027125,0006-05-16 09:55:00,6,5,16,9,55,560,260,"., BILAIRE(RUE DE)",,,Plein jour,En agglomération,Intersection en T,Temps couvert,Deux véhicules - arrière,,,,,,,,,,,1,2,3,8,2
200600027126,0006-05-17 17:50:00,6,5,17,17,50,560,260,"., BORGNIS DESBORDES(AVE",,,Plein jour,En agglomération,Hors intersection,Normale,Deux véhicules - côté,,,,,,,,,,,1,2,1,1,3
200600027127,0006-05-19 08:05:00,6,5,19,8,5,560,260,"., CHURCHILL(RUE WINSTON",,,Plein jour,En agglomération,Hors intersection,Temps couvert,Sans collision,,,,,,,,,,,1,2,1,8,7
200600027128,0006-05-19 08:45:00,6,5,19,8,45,560,260,"35, MARTIN(RUE JEAN)",,,Plein jour,En agglomération,Hors intersection,Temps couvert,Sans collision,,,,,,,,,,,1,2,1,8,7
200600027129,0006-05-22 08:55:00,6,5,22,8,55,560,260,RN 165 -SENS NANTES / LO,,,Plein jour,En agglomération,Autre intersection,Temps couvert,Deux véhicules - arrière,,,,,,,,,,,1,2,9,8,2
200600027130,0006-05-24 14:40:00,6,5,24,14,40,560,260,"., ILES(BOULEVARD DES)",,,Plein jour,En agglomération,Hors intersection,Normale,Deux véhicules - arrière,,,,,,,,,,,1,2,1,1,2
200600027131,0006-05-03 17:50:00,6,5,3,17,50,570,660,PASTEUR(RUE ),,,Plein jour,En agglomération,Hors intersection,Normale,Autre collision,,,,,,,,,,,1,2,1,1,6
200600027132,0006-05-03 20:15:00,6,5,3,20,15,570,332,NATIONALE (RUE),,,Plein jour,En agglomération,Intersection en X,Normale,Deux véhicules - côté,,,,,,,,,,,1,2,2,1,3
200600027133,0006-05-07 08:00:00,6,5,7,8,0,570,591,"6, POINCARE (RUE RAYMOND",,,Plein jour,En agglomération,Intersection en T,Normale,Deux véhicules - côté,,,,,,,,,,,1,2,3,1,3
200600027134,0006-05-28 18:30:00,6,5,28,18,30,570,591,"2, USINE (RUE DE L')",,,Plein jour,En agglomération,Hors intersection,Normale,Autre collision,,,,,,,,,,,1,2,1,1,6
200600027135,0006-05-05 18:30:00,6,5,5,18,30,570,463,"28, PONT A MOUSSON (RUE",,,Plein jour,En agglomération,Hors intersection,Normale,Deux véhicules - arrière,,,,,,,,,,,1,2,1,1,2
200600027136,0006-05-10 13:15:00,6,5,10,13,15,570,751,"62, ROGET (RUE )",,,Plein jour,En agglomération,Hors intersection,Normale,Autre collision,,,,,,,,,,,1,2,1,1,6
200600027137,0006-05-12 16:50:00,6,5,12,16,50,570,412,"20, SAINT SYMPHORIEN (BO",,,Plein jour,En agglomération,Hors intersection,Normale,Autre collision,,,,,,,,,,,1,2,1,1,6
200600027138,0006-05-13 12:50:00,6,5,13,12,50,570,463,"00, ALEXANDRE MONPEURT (",,,Plein jour,En agglomération,Intersection en T,Normale,Autre collision,,,,,,,,,,,1,2,3,1,6
200600027139,0006-05-15 11:10:00,6,5,15,11,10,570,463,ROBERT SCHUMAN (AVENUE ),,,Plein jour,En agglomération,Intersection en T,Normale,Deux véhicules - côté,,,,,,,,,,,1,2,3,1,3
200600027140,0006-05-18 17:35:00,6,5,18,17,35,570,480,"00, GRANGE LE MERCIER (R",,,Plein jour,En agglomération,Intersection en T,Normale,Autre collision,,,,,,,,,,,1,2,3,1,6
200600027141,0006-05-22 11:45:00,6,5,22,11,45,570,463,"29, PAIXHANS (BOULEVARD",,,Plein jour,En agglomération,Hors intersection,Normale,Autre collision,,,,,,,,,,,1,2,1,1,6
200600027142,0006-05-23 14:00:00,6,5,23,14,0,570,751,"00, BOURGOGNE (RUE DE )",,,Plein jour,En agglomération,Hors intersection,Normale,Autre collision,,,,,,,,,,,1,2,1,1,6
200600027143,0006-05-30 09:30:00,6,5,30,9,30,570,463,"02, GEORGE BERNANOS (RUE",,,Plein jour,En agglomération,Hors intersection,Normale,Autre collision,,,,,,,,,,,1,2,1,1,6
200600027144,0006-05-31 08:05:00,6,5,31,8,5,570,463,"20, RONDE (RUE DE LA )",,,Plein jour,En agglomération,Hors intersection,Normale,Autre collision,,,,,,,,,,,1,2,1,1,6
200600027145,0006-05-31 23:20:00,6,5,31,23,20,570,463,VALLIERES (RUE DE ),,,Nuit avec éclairage allumé,En agglomération,Intersection en T,Normale,Deux véhicules - côté,,,,,,,,,,,5,2,3,1,3
200600027146,0006-05-10 17:10:00,6,5,10,17,10,570,630,"10, DOLVING",,,Plein jour,En agglomération,Hors intersection,Normale,Deux véhicules - côté,,,,,,,,,,,1,2,1,1,3
200600027147,0006-05-01 19:15:00,6,5,1,19,15,570,630,LUMIERE (AUGUSTE),,,Plein jour,En agglomération,Autre intersection,Normale,Deux véhicules - côté,,,,,,,,,,,1,2,9,1,3
200600027148,0006-05-28 05:20:00,6,5,28,5,20,570,630,STRASBOURG,,,Nuit avec éclairage allumé,En agglomération,Intersection en X,Pluie légère,Deux véhicules - côté,,,,,,,,,,,5,2,2,2,3
200600027149,0006-05-02 20:50:00,6,5,2,20,50,570,672,"96, AFRIQUE (CHAUSSEE D'",,,Nuit avec éclairage allumé,En agglomération,Intersection à plus de 4 branches,Normale,Deux véhicules - côté,,,,,,,,,,,5,2,5,1,3
200600027150,0006-05-05 13:00:00,6,5,5,13,0,570,672,"1, BOURGOGNE (RUE DE)",,,Plein jour,En agglomération,Intersection en X,Normale,Deux véhicules - côté,,,,,,,,,,,1,2,2,1,3
200600027151,0006-05-09 16:45:00,6,5,9,16,45,570,672,ESCH SUR ALZETTE (ROUTE,,,Plein jour,En agglomération,Hors intersection,Normale,Deux véhicules - côté,,,,,,,,,,,1,2,1,1,3
200600027152,0006-05-12 12:18:00,6,5,12,12,18,570,672,"5, SAINT-HUBERT (RUE)",,,Plein jour,En agglomération,Hors intersection,Normale,Autre collision,,,,,,,,,,,1,2,1,1,6
200600027153,0006-05-09 05:15:00,6,5,9,5,15,570,221,"243, GRAND'RUE",,,Crépuscule ou aube,En agglomération,Intersection en X,Pluie légère,Deux véhicules - côté,,,,,,,,,,,2,2,2,2,3
200600027154,0006-05-11 17:30:00,6,5,11,17,30,570,221,LORRAINE (AVENUE DE),,,Plein jour,En agglomération,Hors intersection,Normale,Deux véhicules - arrière,,,,,,,,,,,1,2,1,1,2
200600027155,0006-05-16 17:35:00,6,5,16,17,35,570,757,NATIONALE (RUE),,,Plein jour,En agglomération,Intersection en T,Normale,Deux véhicules - côté,,,,,,,,,,,1,2,3,1,3
200600027156,0006-05-17 14:40:00,6,5,17,14,40,570,221,NATIONALE (RUE),,,Plein jour,En agglomération,Intersection en X,Normale,Trois véhicules et plus - collisions multiples,,,,,,,,,,,1,2,2,1,5
200600027157,0006-05-20 18:40:00,6,5,20,18,40,570,672,"58, BEL AIR (ALLEE) - PA",,,Plein jour,En agglomération,Hors intersection,Normale,Autre collision,,,,,,,,,,,1,2,1,1,6
200600027158,0006-05-25 00:30:00,6,5,25,0,30,570,221,NATIONALE (RUE),,,Nuit sans éclairage public,Hors agglomération,Hors intersection,Normale,Trois véhicules et plus - collisions multiples,,,,,,,,,,,3,1,1,1,5
200600027159,0006-05-26 06:30:00,6,5,26,6,30,570,757,"26, NATIONALE (RUE)",,,Crépuscule ou aube,En agglomération,Intersection en X,Pluie légère,Deux véhicules - côté,,,,,,,,,,,2,2,2,2,3
200600027160,0006-05-27 20:05:00,6,5,27,20,5,570,672,"9, COLBERT (IMPASSE)",,,Crépuscule ou aube,En agglomération,Hors intersection,Normale,Sans collision,,,,,,,,,,,2,2,1,1,7
200600027161,0006-05-28 21:55:00,6,5,28,21,55,570,672,"16, LIBERATION (ALLEE DE",,,Nuit avec éclairage allumé,En agglomération,Hors intersection,Normale,Autre collision,,,,,,,,,,,5,2,1,1,6
200600027162,0006-05-27 08:45:00,6,5,27,8,45,570,666,", 14 JUILLET (AVENUE DU)",,,Plein jour,En agglomération,Autre intersection,Normale,Deux véhicules - côté,,,,,,,,,,,1,2,9,1,3
200600027163,0006-05-16 21:20:00,6,5,16,21,20,570,221,"140, GRAND'RUE",,,Nuit avec éclairage allumé,En agglomération,Intersection en T,Pluie légère,Deux véhicules - côté,,,,,,,,,,,5,2,3,2,3
200600027164,0006-05-17 10:40:00,6,5,17,10,40,570,368,"111, REPUBLIQUE (RUE DE",,,Plein jour,En agglomération,Hors intersection,Normale,Deux véhicules - arrière,,,,,,,,,,,1,2,1,1,2
200600027165,0006-05-19 20:50:00,6,5,19,20,50,570,306,"34, METROPOLE (AVENUE DE",,,Crépuscule ou aube,En agglomération,Hors intersection,Normale,Autre collision,,,,,,,,,,,2,2,1,1,6
200600027166,0006-05-22 19:00:00,6,5,22,19,0,570,221,"78, NATIONALE (RUE)",,,Plein jour,En agglomération,Hors intersection,Normale,Deux véhicules - frontale,,,,,,,,,,,1,2,1,1,1
200600027167,0006-05-23 09:10:00,6,5,23,9,10,570,306,CD 13,,,Plein jour,En agglomération,Intersection en T,Normale,Deux véhicules - frontale,,,,,,,,,,,1,2,3,1,1
200600027168,0006-05-31 13:00:00,6,5,31,13,0,570,672,SAINT-MICHEL (MONTEE DU),,,Plein jour,Hors agglomération,Hors intersection,Pluie légère,Sans collision,,,,,,,,,,,1,1,1,2,7
200600027169,0006-05-30 02:50:00,6,5,30,2,50,580,194,GALVACHERS (ROND POINT),,,Nuit avec éclairage allumé,En agglomération,Hors intersection,Pluie légère,Sans collision,,,,,,,,,,,5,2,1,2,7
200600027170,0006-05-04 13:30:00,6,5,4,13,30,580,194,EMILE COMBES,,,Plein jour,En agglomération,Intersection en X,Normale,Autre collision,,,,,,,,,,,1,2,2,1,6
200600027171,0006-05-07 02:35:00,6,5,7,2,35,580,194,"9, QUATORZE JUILLET",,,Nuit avec éclairage allumé,En agglomération,Hors intersection,Pluie légère,Autre collision,,,,,,,,,,,5,2,1,2,6
200600027172,0006-05-01 20:35:00,6,5,1,20,35,580,194,JEAN GAUTHERIN,,,Plein jour,En agglomération,Intersection en X,Normale,Deux véhicules - côté,,,,,,,,,,,1,2,2,1,3
200600027173,0006-05-10 11:05:00,6,5,10,11,5,580,194,ROGER FOUVIELLE,,,Plein jour,En agglomération,Intersection en X,Pluie légère,Deux véhicules - côté,,,,,,,,,,,1,2,2,2,3
200600027174,0006-05-19 10:00:00,6,5,19,10,0,580,194,PREFECTURE,,,Plein jour,En agglomération,Intersection en X,Normale,Deux véhicules - côté,,,,,,,,,,,1,2,2,1,3
200600027175,0006-05-17 09:55:00,6,5,17,9,55,580,194,MARECHAL LYAUTEY,,,Plein jour,En agglomération,Intersection en X,Normale,Deux véhicules - côté,,,,,,,,,,,1,2,2,1,3
200600027176,0006-05-19 16:25:00,6,5,19,16,25,580,194,"35, TREIZIEME DE LIGNE",,,Plein jour,En agglomération,Intersection en X,Normale,Deux véhicules - côté,,,,,,,,,,,1,2,2,1,3
200600027177,0006-05-20 05:30:00,6,5,20,5,30,580,194,PARIGNY,,,Nuit avec éclairage allumé,En agglomération,Intersection en X,Pluie légère,Deux véhicules - frontale,,,,,,,,,,,5,2,2,2,1
200600027178,0006-05-21 09:35:00,6,5,21,9,35,580,194,PARIGNY,,,Plein jour,En agglomération,Hors intersection,Normale,Deux véhicules - arrière,,,,,,,,,,,1,2,1,1,2
200600027179,0006-05-22 18:10:00,6,5,22,18,10,580,194,COMMANDANT PAUL PIERRE C,,,Plein jour,En agglomération,Hors intersection,Normale,Deux véhicules - côté,,,,,,,,,,,1,2,1,1,3
200600027180,0006-05-23 15:15:00,6,5,23,15,15,580,194,COLBERT,,,Plein jour,En agglomération,Intersection en T,Normale,Deux véhicules - côté,,,,,,,,,,,1,2,3,1,3
200600027181,0006-05-03 12:20:00,6,5,3,12,20,590,17,"10, RABECQUES (CHEMIN DE",,,Plein jour,En agglomération,Hors intersection,Normale,Autre collision,,,,,,,,,,,1,2,1,1,6
200600027182,0006-05-12 22:00:00,6,5,12,22,0,590,317,AVENTURE (CHEMIN DE L ',,,Nuit sans éclairage public,Hors agglomération,Hors intersection,Normale,Sans collision,,,,,,,,,,,3,1,1,1,7
200600027183,0006-05-22 05:00:00,6,5,22,5,0,590,431,HOUCKE (AVENUE JULES),,,Crépuscule ou aube,Hors agglomération,Hors intersection,Normale,Deux véhicules - frontale,,,,,,,,,,,2,1,1,1,1
200600027184,0006-05-31 09:25:00,6,5,31,9,25,590,17,"3, GAMBETTA  (RUE)",,,Plein jour,En agglomération,Hors intersection,Pluie légère,Autre collision,,,,,,,,,,,1,2,1,2,6
200600027185,0006-05-31 17:20:00,6,5,31,17,20,590,317,"53, HUGO  (RUE VICTOR)",,,Plein jour,En agglomération,Hors intersection,Normale,Autre collision,,,,,,,,,,,1,2,1,1,6
200600027186,0006-05-24 10:10:00,6,5,24,10,10,590,17,"52, SAINT VAAST (PLACE)",,,Plein jour,En agglomération,Hors intersection,Normale,Deux véhicules - côté,,,,,,,,,,,1,2,1,1,3
200600027187,0006-05-03 17:30:00,6,5,3,17,30,590,43,"2568, LILLE (ROUTE DE)",,,Plein jour,Hors agglomération,Hors intersection,Normale,Deux véhicules - côté,,,,,,,,,,,1,1,1,1,3
200600027188,0006-05-13 20:25:00,6,5,13,20,25,590,43,", LILLE (RUE DE) S2",,,Plein jour,Hors agglomération,Autre intersection,Normale,Deux véhicules - côté,,,,,,,,,,,1,1,9,1,3
200600027189,0006-05-29 14:07:00,6,5,29,14,7,590,122,"45, VAUBAN (BOULEVARD)",,,Plein jour,En agglomération,Hors intersection,Pluie forte,Sans collision,,,,,,,,,,,1,2,1,3,7
200600027190,0006-05-04 17:40:00,6,5,4,17,40,590,153,"1, GERMINAL (RUE )",,,Plein jour,En agglomération,Hors intersection,Normale,Sans collision,,,,,,,,,,,1,2,1,1,7
200600027191,0006-05-11 08:45:00,6,5,11,8,45,590,444,"60, DELCOURT (RUE PIERRE",,,Plein jour,En agglomération,Hors intersection,Normale,Trois véhicules et plus - en chaîne,,,,,,,,,,,1,2,1,1,4
200600027192,0006-05-13 13:30:00,6,5,13,13,30,590,616,"397, BETH (RUE RENE )",,,Plein jour,En agglomération,Hors intersection,Normale,Sans collision,,,,,,,,,,,1,2,1,1,7
200600027193,0006-05-30 11:20:00,6,5,30,11,20,590,172,"0, CENTRE COMMERCIAL CAR",,,Plein jour,En agglomération,Hors intersection,Pluie légère,Autre collision,,,,,,,,,,,1,2,1,2,6
200600027194,0006-05-25 23:25:00,6,5,25,23,25,590,302,"40, HUGO (R. VICTOR)",,,Nuit avec éclairage allumé,En agglomération,Autre intersection,Normale,Deux véhicules - côté,,,,,,,,,,,5,2,9,1,3
200600027195,0006-05-13 17:45:00,6,5,13,17,45,590,178,DELEBECQUE (BOULEVARD),,,Plein jour,En agglomération,Hors intersection,Normale,Autre collision,,,,,,,,,,,1,2,1,1,6
200600027196,0006-05-18 16:17:00,6,5,18,16,17,590,178,PARIS (RUE DE),,,Plein jour,En agglomération,Intersection en T,Normale,Autre collision,,,,,,,,,,,1,2,3,1,6
200600027197,0006-05-01 03:00:00,6,5,1,3,0,590,183,"0.000, EUROPE - PONT",,,Nuit avec éclairage allumé,En agglomération,Intersection en X,Normale,Deux véhicules - côté,,,,,,,,,,,5,2,2,1,3
200600027198,0006-05-04 21:00:00,6,5,4,21,0,590,183,"., CONCORDE",,,Plein jour,En agglomération,Hors intersection,Normale,Sans collision,,,,,,,,,,,1,2,1,1,7
200600027199,0006-05-08 13:15:00,6,5,8,13,15,590,540,FERRER,,,Plein jour,En agglomération,Intersection en X,Pluie forte,Trois véhicules et plus - en chaîne,,,,,,,,,,,1,2,2,3,4
200600027200,0006-05-11 11:50:00,6,5,11,11,50,590,540,"0.000, AURORE - BOULEVAR",,,Plein jour,En agglomération,Hors intersection,Normale,Sans collision,,,,,,,,,,,1,2,1,1,7
200600027201,0006-05-11 17:30:00,6,5,11,17,30,590,183,"0.000, REPUBLIQUE - F MI",,,Plein jour,En agglomération,Intersection en X,Normale,Deux véhicules - arrière,,,,,,,,,,,1,2,2,1,2
200600027202,0006-05-16 13:50:00,6,5,16,13,50,590,155,"1, BOURBOURG CD 202 - RO",,,Plein jour,En agglomération,Hors intersection,Normale,Autre collision,,,,,,,,,,,1,2,1,1,6
200600027203,0006-05-16 13:30:00,6,5,16,13,30,590,340,"118, ROBINSON",,,Plein jour,En agglomération,Giratoire,Normale,Sans collision,,,,,,,,,,,1,2,6,1,7
200600027204,0006-05-15 19:35:00,6,5,15,19,35,590,540,"0.000, CORELLI - BOULEVA",,,Plein jour,En agglomération,Autre intersection,Normale,Deux véhicules - côté,,,,,,,,,,,1,2,9,1,3
200600027205,0006-05-22 17:50:00,6,5,22,17,50,590,249,42 ( CHEMIN DEPARTEMENTA,,,Plein jour,Hors agglomération,Hors intersection,Normale,Deux véhicules - frontale,,,,,,,,,,,1,1,1,1,1
200600027206,0006-05-16 08:30:00,6,5,16,8,30,590,273,INDUSTRIE (RUE DE L'),,,Plein jour,Hors agglomération,Intersection en X,Normale,Deux véhicules - côté,,,,,,,,,,,1,1,2,1,3
200600027207,0006-05-17 17:00:00,6,5,17,17,0,590,295,"1071, AVENUE DE SAINT OM",,,Plein jour,Hors agglomération,Hors intersection,Normale,Deux véhicules - frontale,,,,,,,,,,,1,1,1,1,1
200600027208,0006-05-10 07:45:00,6,5,10,7,45,590,295,"322, AIRE",,,Plein jour,En agglomération,Hors intersection,Normale,Autre collision,,,,,,,,,,,1,2,1,1,6
200600027209,0006-05-30 17:00:00,6,5,30,17,0,590,324,"1, PUISSANT (RUE)",,,Plein jour,En agglomération,Hors intersection,Normale,Autre collision,,,,,,,,,,,1,2,1,1,6
200600027210,0006-05-01 19:30:00,6,5,1,19,30,590,560,"56, WATTIESSART RUE DE",,,Plein jour,En agglomération,Hors intersection,Normale,Autre collision,,,,,,,,,,,1,2,1,1,6
200600027211,0006-05-03 19:00:00,6,5,3,19,0,590,350,"001, BAUMANN PIERRE RUE",,,Plein jour,En agglomération,Intersection en T,Normale,Deux véhicules - côté,,,,,,,,,,,1,2,3,1,3
200600027212,0006-05-03 20:30:00,6,5,3,20,30,590,368,"Sans objet, DE GAULLE RU",,,Plein jour,En agglomération,Hors intersection,Normale,Autre collision,,,,,,,,,,,1,2,1,1,6
200600027213,0006-05-03 12:05:00,6,5,3,12,5,590,350,"27, LELEUX ALEXANDRE RUE",,,Plein jour,En agglomération,Hors intersection,Normale,Autre collision,,,,,,,,,,,1,2,1,1,6
200600027214,0006-05-04 20:20:00,6,5,4,20,20,590,9,BREUCQ BOULEVARD DU,,,Plein jour,En agglomération,Intersection en X,Normale,Deux véhicules - côté,,,,,,,,,,,1,2,2,1,3
200600027215,0006-05-06 22:35:00,6,5,6,22,35,590,350,"65, LOUIS XIV BOULEVARD",,,Nuit avec éclairage allumé,En agglomération,Hors intersection,Normale,Autre collision,,,,,,,,,,,5,2,1,1,6
200600027216,0006-05-02 18:10:00,6,5,2,18,10,590,350,"4, COURMONT RUE",,,Plein jour,En agglomération,Hors intersection,Normale,Autre collision,,,,,,,,,,,1,2,1,1,6
200600027217,0006-05-04 17:50:00,6,5,4,17,50,590,350,"185, FAUBOURG DE ROUBAIX",,,Plein jour,En agglomération,Hors intersection,Normale,Trois véhicules et plus - collisions multiples,,,,,,,,,,,1,2,1,1,5
200600027218,0006-05-10 12:10:00,6,5,10,12,10,590,636,"48, LECLERCQ RUE DU GENE",,,Plein jour,En agglomération,Hors intersection,Normale,Autre collision,,,,,,,,,,,1,2,1,1,6
200600027219,0006-05-05 11:00:00,6,5,5,11,0,590,378,BAILLY ALBERT RUE,,,Plein jour,En agglomération,Hors intersection,Normale,Sans collision,,,,,,,,,,,1,2,1,1,7
200600027220,0006-05-11 14:20:00,6,5,11,14,20,590,378,"00, NATIONALE RUE",,,Plein jour,En agglomération,Intersection en T,Normale,Autre collision,,,,,,,,,,,1,2,3,1,6
200600027221,0006-05-09 15:30:00,6,5,9,15,30,590,9,"001, MARQUE AVENUE DE LA",,,Plein jour,En agglomération,Intersection en X,Normale,Deux véhicules - côté,,,,,,,,,,,1,2,2,1,3
200600027222,0006-05-13 11:25:00,6,5,13,11,25,590,350,LEGRAND PIERRE RUE,,,Plein jour,En agglomération,Hors intersection,Normale,Autre collision,,,,,,,,,,,1,2,1,1,6
200600027223,0006-05-13 15:30:00,6,5,13,15,30,590,9,FLANDRE AVENUEE DE,,,Plein jour,En agglomération,Intersection en X,Normale,Deux véhicules - côté,,,,,,,,,,,1,2,2,1,3
200600027224,0006-05-14 22:15:00,6,5,14,22,15,590,350,"186, NATIONALE RUE N°2 A",,,Nuit avec éclairage allumé,En agglomération,Intersection en X,Normale,Deux véhicules - côté,,,,,,,,,,,5,2,2,1,3