accident_id,datetime,annee,mois,jour,heure,minute,departement,commune_insee,adresse,latitude,longitude,luminosite,agglomeration,intersection,meteo,collision,nb_vehicules,nb_usagers,nb_indemnes,nb_tues,nb_blesses_hosp,nb_blesses_legers,age_cond_1,age_cond_2,veh_type_cond_1,veh_type_cond_2,lum_code,agg_code,int_code,atm_code,col_code
200600027225,0006-05-14 12:10:00,6,5,14,12,10,590,286,"0, POTIE AUGUSTE RUE",,,Plein jour,En agglomération,Intersection en X,Normale,Autre collision,,,,,,,,,,,1,2,2,1,6
200600027226,0006-05-16 09:00:00,6,5,16,9,0,590,328,AMPERE RUE,,,Plein jour,En agglomération,Intersection en X,Normale,Deux véhicules - côté,,,,,,,,,,,1,2,2,1,3
200600027227,0006-05-16 17:20:00,6,5,16,17,20,590,350,GANDHI RUE,,,Plein jour,En agglomération,Intersection en X,Normale,Deux véhicules - côté,,,,,,,,,,,1,2,2,1,3
200600027228,0006-05-17 23:00:00,6,5,17,23,0,590,350,BIGO DANEL BOULEVARD N°,,,Nuit avec éclairage allumé,En agglomération,Intersection en X,Pluie légère,Autre collision,,,,,,,,,,,5,2,2,2,6
200600027229,0006-05-08 20:50:00,6,5,8,20,50,590,360,"001, FOCH RUE DU MARECHA",,,Plein jour,En agglomération,Intersection en X,Normale,Autre collision,,,,,,,,,,,1,2,2,1,6
200600027230,0006-05-10 16:35:00,6,5,10,16,35,590,9,CHATELLENIE AVENUE DE LA,,,Plein jour,En agglomération,Hors intersection,Normale,Autre collision,,,,,,,,,,,1,2,1,1,6
200600027231,0006-05-18 08:30:00,6,5,18,8,30,590,507,"60, SAINT VENANT CHARLES",,,Plein jour,En agglomération,Hors intersection,Normale,Autre collision,,,,,,,,,,,1,2,1,1,6
200600027232,0006-05-18 19:50:00,6,5,18,19,50,590,9,"30, CONSTANT LOUIS RUE",,,Plein jour,En agglomération,Hors intersection,Normale,Autre collision,,,,,,,,,,,1,2,1,1,6
200600027233,0006-05-18 22:20:00,6,5,18,22,20,590,9,CONSTANT LOUIS RUE,,,Nuit avec éclairage allumé,En agglomération,Intersection en X,Pluie forte,Deux véhicules - côté,,,,,,,,,,,5,2,2,3,3
200600027234,0006-05-19 08:25:00,6,5,19,8,25,590,286,"22, VANDERHAGEN ALBERT R",,,Plein jour,En agglomération,Hors intersection,Normale,Trois véhicules et plus - en chaîne,,,,,,,,,,,1,2,1,1,4
200600027235,0006-05-13 17:15:00,6,5,13,17,15,590,350,"109, IENA RUE",,,Plein jour,En agglomération,Hors intersection,Normale,Autre collision,,,,,,,,,,,1,2,1,1,6
200600027236,0006-05-09 10:30:00,6,5,9,10,30,590,350,"31, JACQUARD RUE",,,Plein jour,En agglomération,Intersection en T,Normale,Autre collision,,,,,,,,,,,1,2,3,1,6
200600027237,0006-05-14 22:00:00,6,5,14,22,0,590,286,BELLEVUE CITE/RUE SARDI,,,Nuit avec éclairage allumé,Hors agglomération,Hors intersection,Normale,Autre collision,,,,,,,,,,,5,1,1,1,6
200600027238,0006-05-19 18:25:00,6,5,19,18,25,590,350,"33, WAZEMMES RUE DE N°1",,,Plein jour,En agglomération,Hors intersection,Normale,Autre collision,,,,,,,,,,,1,2,1,1,6
200600027239,0006-05-21 05:30:00,6,5,21,5,30,590,350,"42, WAZEMMES RUE DE N°1",,,Nuit avec éclairage allumé,En agglomération,Intersection en X,Normale,Autre collision,,,,,,,,,,,5,2,2,1,6
200600027240,0006-05-22 10:35:00,6,5,22,10,35,590,9,"001, TRANSIT RUE DU",,,Plein jour,En agglomération,Intersection en X,Normale,Deux véhicules - côté,,,,,,,,,,,1,2,2,1,3
200600027241,0006-05-23 13:55:00,6,5,23,13,55,590,350,"001, VAUBAN BOULEVARD N°",,,Plein jour,En agglomération,Hors intersection,Pluie légère,Trois véhicules et plus - collisions multiples,,,,,,,,,,,1,2,1,2,5
200600027242,0006-05-24 18:00:00,6,5,24,18,0,590,378,"00, MENIN RUE DE",,,Plein jour,En agglomération,Intersection en X,Temps couvert,Autre collision,,,,,,,,,,,1,2,2,8,6
200600027243,0006-05-27 08:25:00,6,5,27,8,25,590,9,"140, JAURES JEAN RUE DU",,,Plein jour,En agglomération,Intersection en T,Normale,Autre collision,,,,,,,,,,,1,2,3,1,6
200600027244,0006-05-27 17:20:00,6,5,27,17,20,590,9,DECUGIS YVES RUE,,,Plein jour,En agglomération,Intersection en T,Temps couvert,Deux véhicules - arrière,,,,,,,,,,,1,2,3,8,2
200600027245,0006-05-28 03:45:00,6,5,28,3,45,590,350,DE COUBERTIN PIERRE BOUL,,,Nuit avec éclairage non allumé,En agglomération,Intersection en X,Pluie forte,Deux véhicules - arrière,,,,,,,,,,,4,2,2,3,2
200600027246,0006-05-28 17:50:00,6,5,28,17,50,590,350,"76, FAIDHERBE RUE",,,Plein jour,Hors agglomération,Intersection en T,Temps couvert,Autre collision,,,,,,,,,,,1,1,3,8,6
200600027247,0006-05-27 16:00:00,6,5,27,16,0,590,636,YPRES RUE D,,,Plein jour,En agglomération,Intersection en X,Normale,Deux véhicules - côté,,,,,,,,,,,1,2,2,1,3
200600027248,0006-05-29 15:20:00,6,5,29,15,20,590,368,"2, PASTEUR RUE",,,Plein jour,En agglomération,Hors intersection,Pluie légère,Autre collision,,,,,,,,,,,1,2,1,2,6
200600027249,0006-05-30 07:25:00,6,5,30,7,25,590,9,BAUDOIN IX RUE,,,Plein jour,En agglomération,Hors intersection,Normale,Autre collision,,,,,,,,,,,1,2,1,1,6
200600027250,0006-05-30 16:20:00,6,5,30,16,20,590,350,ROTONDE AVENUE DE LA,,,Plein jour,En agglomération,Hors intersection,Normale,Autre collision,,,,,,,,,,,1,2,1,1,6
200600027251,0006-05-31 09:00:00,6,5,31,9,0,590,350,TENREMONDE RUE N°IMPAIRS,,,Plein jour,En agglomération,Intersection en X,Normale,Deux véhicules - côté,,,,,,,,,,,1,2,2,1,3
200600027252,0006-05-26 18:15:00,6,5,26,18,15,590,350,DUNKERQUE AVENUE,,,Plein jour,En agglomération,Intersection en X,Normale,Autre collision,,,,,,,,,,,1,2,2,1,6
200600027253,0006-05-31 13:20:00,6,5,31,13,20,590,378,BAILLY ALBERT RUE,,,Plein jour,En agglomération,Hors intersection,Pluie légère,Autre collision,,,,,,,,,,,1,2,1,2,6
200600027254,0006-05-19 19:00:00,6,5,19,19,0,590,286,FREMAUX CHARLES PLACE,,,Plein jour,En agglomération,Intersection à plus de 4 branches,Normale,Deux véhicules - côté,,,,,,,,,,,1,2,5,1,3
200600027255,0006-05-08 12:35:00,6,5,8,12,35,590,392,FEIGNIES (ROUTE DE),,,Plein jour,En agglomération,Intersection en X,Pluie forte,Deux véhicules - arrière,,,,,,,,,,,1,2,2,3,2
200600027256,0006-05-09 09:35:00,6,5,9,9,35,590,365,CLAUDE DEBUSSY (RUE),,,Plein jour,En agglomération,Intersection en X,Normale,Deux véhicules - côté,,,,,,,,,,,1,2,2,1,3
200600027257,0006-05-13 21:15:00,6,5,13,21,15,590,392,AVESNES (ROUTE D'),,,Crépuscule ou aube,En agglomération,Intersection en X,Normale,Deux véhicules - côté,,,,,,,,,,,2,2,2,1,3
200600027258,0006-05-06 23:17:00,6,5,6,23,17,590,392,CROIX (RUE DE LA),,,Nuit avec éclairage allumé,En agglomération,Hors intersection,Normale,Sans collision,,,,,,,,,,,5,2,1,1,7
200600027259,0006-05-31 09:55:00,6,5,31,9,55,590,291,VICTOR HUGO (RUE),,,Plein jour,En agglomération,Intersection en T,Normale,Sans collision,,,,,,,,,,,1,2,3,1,7
200600027260,0006-05-22 12:00:00,6,5,22,12,0,590,291,HEBBURN (AVENUE),,,Plein jour,En agglomération,Hors intersection,Normale,Sans collision,,,,,,,,,,,1,2,1,1,7
200600027261,0006-05-04 14:45:00,6,5,4,14,45,590,367,FRESNOY (RUE DU),,,Plein jour,En agglomération,Hors intersection,Normale,Autre collision,,,,,,,,,,,1,2,1,1,6
200600027262,0006-05-07 23:45:00,6,5,7,23,45,590,650,JAURES (RUE JEAN),,,Nuit avec éclairage allumé,En agglomération,Hors intersection,Normale,Deux véhicules - côté,,,,,,,,,,,5,2,1,1,3
200600027263,0006-05-07 16:45:00,6,5,7,16,45,590,650,GUESDE (RUE JULES),,,Plein jour,En agglomération,Intersection en X,Normale,Deux véhicules - frontale,,,,,,,,,,,1,2,2,1,1
200600027264,0006-05-02 20:15:00,6,5,2,20,15,590,512,DOUAI (BOULEVARD DE),,,Plein jour,En agglomération,Intersection en X,Normale,Deux véhicules - côté,,,,,,,,,,,1,2,2,1,3
200600027265,0006-05-10 13:00:00,6,5,10,13,0,590,650,JOUHAUX (BOULEVARD LEON),,,Plein jour,En agglomération,Hors intersection,Normale,Autre collision,,,,,,,,,,,1,2,1,1,6
200600027266,0006-05-10 18:45:00,6,5,10,18,45,590,512,GAMBETTA ( BOULEVARD),,,Plein jour,En agglomération,Hors intersection,Normale,Deux véhicules - arrière,,,,,,,,,,,1,2,1,1,2
200600027267,0006-05-11 18:00:00,6,5,11,18,0,590,650,BELLE PROMENADE (RUE DE,,,Plein jour,En agglomération,Intersection en X,Normale,Deux véhicules - côté,,,,,,,,,,,1,2,2,1,3
200600027268,0006-05-16 05:20:00,6,5,16,5,20,590,646,MOLINEL (RUE DU),,,Nuit avec éclairage allumé,En agglomération,Intersection en X,Normale,Deux véhicules - côté,,,,,,,,,,,5,2,2,1,3
200600027269,0006-05-18 12:45:00,6,5,18,12,45,590,512,GAMBETTA ( BOULEVARD),,,Plein jour,En agglomération,Intersection en X,Normale,Deux véhicules - côté,,,,,,,,,,,1,2,2,1,3
200600027270,0006-05-12 20:15:00,6,5,12,20,15,590,512,LACROIX (RUE BOULEVARD),,,Plein jour,En agglomération,Hors intersection,Normale,Deux véhicules - côté,,,,,,,,,,,1,2,1,1,3
200600027271,0006-05-12 11:50:00,6,5,12,11,50,590,650,MENDES FRANCE (BOULEVARD,,,Plein jour,En agglomération,Hors intersection,Normale,Deux véhicules - arrière,,,,,,,,,,,1,2,1,1,2
200600027272,0006-05-13 19:20:00,6,5,13,19,20,590,646,LOTI (RUE PIERRE),,,Plein jour,En agglomération,Hors intersection,Normale,Autre collision,,,,,,,,,,,1,2,1,1,6
200600027273,0006-05-18 19:40:00,6,5,18,19,40,590,650,LIBERTE (BOULEVARD DE LA,,,Plein jour,En agglomération,Intersection en X,Normale,Deux véhicules - côté,,,,,,,,,,,1,2,2,1,3
200600027274,0006-05-20 08:30:00,6,5,20,8,30,590,163,ZOLA (BOULEVARD EMILE),,,Plein jour,En agglomération,Intersection en T,Pluie forte,Autre collision,,,,,,,,,,,1,2,3,3,6
200600027275,0006-05-20 00:25:00,6,5,20,0,25,590,650,SAINT LIEVIN (CONTOUR),,,Nuit avec éclairage allumé,En agglomération,Hors intersection,Normale,Autre collision,,,,,,,,,,,5,2,1,1,6
200600027276,0006-05-25 14:00:00,6,5,25,14,0,590,512,FOSSES AUX CHENES  (PLAC,,,Plein jour,En agglomération,Intersection en X,Pluie légère,Autre collision,,,,,,,,,,,1,2,2,2,6
200600027277,0006-05-22 11:20:00,6,5,22,11,20,590,512,DE ROUBAIX (RUE PIERRE),,,Plein jour,En agglomération,Hors intersection,Normale,Deux véhicules - côté,,,,,,,,,,,1,2,1,1,3
200600027278,0006-05-13 18:15:00,6,5,13,18,15,590,512,VERDUN (AVENUE DE),,,Plein jour,En agglomération,Hors intersection,Normale,Autre collision,,,,,,,,,,,1,2,1,1,6
200600027279,0006-05-29 18:35:00,6,5,29,18,35,590,512,CONSTANTINE (RUE DE),,,Plein jour,En agglomération,Intersection en X,Pluie légère,Deux véhicules - côté,,,,,,,,,,,1,2,2,2,3
200600027280,0006-05-30 16:15:00,6,5,30,16,15,590,512,METZ (BOULEVARD DE),,,Plein jour,En agglomération,Intersection en T,Pluie forte,Trois véhicules et plus - en chaîne,,,,,,,,,,,1,2,3,3,4
200600027281,0006-05-26 11:45:00,6,5,26,11,45,590,512,LUXEMBOURG (RUE DU),,,Plein jour,En agglomération,Intersection en X,Pluie légère,Deux véhicules - côté,,,,,,,,,,,1,2,2,2,3
200600027282,0006-05-03 20:40:00,6,5,3,20,40,590,599,"0, GAMBETTA (BOULEVARD)",,,Plein jour,En agglomération,Hors intersection,Normale,Autre collision,,,,,,,,,,,1,2,1,1,6
200600027283,0006-05-03 08:05:00,6,5,3,8,5,590,152,"88, DIEU (RUE DU VIEIL)",,,Plein jour,En agglomération,Intersection en X,Normale,Deux véhicules - frontale,,,,,,,,,,,1,2,2,1,1
200600027284,0006-05-04 17:45:00,6,5,4,17,45,590,599,PIERRES (RUE DES TROIS),,,Plein jour,En agglomération,Hors intersection,Normale,Autre collision,,,,,,,,,,,1,2,1,1,6
200600027285,0006-05-03 15:15:00,6,5,3,15,15,590,279,"63, LILLE (RUE DE)",,,Plein jour,En agglomération,Hors intersection,Normale,Autre collision,,,,,,,,,,,1,2,1,1,6
200600027286,0006-05-04 20:40:00,6,5,4,20,40,590,421,"27 TER, MIRABEAU (RUE)",,,Plein jour,En agglomération,Hors intersection,Normale,Deux véhicules - côté,,,,,,,,,,,1,2,1,1,3
200600027287,0006-05-09 19:00:00,6,5,9,19,0,590,599,MARNE (AVENUE DE LA),,,Plein jour,En agglomération,Hors intersection,Normale,Deux véhicules - côté,,,,,,,,,,,1,2,1,1,3
200600027288,0006-05-15 18:10:00,6,5,15,18,10,590,508,ROUTE DE CONTOURNEMENT,,,Plein jour,Hors agglomération,Hors intersection,Normale,Deux véhicules - côté,,,,,,,,,,,1,1,1,1,3
200600027289,0006-05-13 17:30:00,6,5,13,17,30,590,279,LILLE (RUE DE),,,Plein jour,En agglomération,Hors intersection,Normale,Deux véhicules - côté,,,,,,,,,,,1,2,1,1,3
200600027290,0006-05-16 19:05:00,6,5,16,19,5,590,599,"95, ROUGE (RUE DE LA CRO",,,Plein jour,En agglomération,Hors intersection,Normale,Deux véhicules - côté,,,,,,,,,,,1,2,1,1,3
200600027291,0006-05-17 11:00:00,6,5,17,11,0,590,421,"51, LEBAS (RUE JEAN BAPT",,,Plein jour,En agglomération,Hors intersection,Normale,Deux véhicules - côté,,,,,,,,,,,1,2,1,1,3
200600027292,0006-05-24 16:30:00,6,5,24,16,30,590,599,SEMARD (PLACE PIERRE),,,Plein jour,En agglomération,Hors intersection,Normale,Autre collision,,,,,,,,,,,1,2,1,1,6
200600027293,0006-05-24 13:05:00,6,5,24,13,5,590,599,LILLE (RUE DE),,,Plein jour,En agglomération,Intersection en T,Normale,Autre collision,,,,,,,,,,,1,2,3,1,6
200600027294,0006-05-04 16:45:00,6,5,4,16,45,590,14,"75, JAURES (RUE JEAN)",,,Plein jour,En agglomération,Hors intersection,Normale,Deux véhicules - côté,,,,,,,,,,,1,2,1,1,3
200600027295,0006-05-14 20:50:00,6,5,14,20,50,590,27,RD 13,,,Plein jour,Hors agglomération,Hors intersection,Normale,Autre collision,,,,,,,,,,,1,1,1,1,6
200600027296,0006-05-03 12:40:00,6,5,3,12,40,590,613,RD 50,,,Plein jour,Hors agglomération,Intersection en T,Normale,Deux véhicules - côté,,,,,,,,,,,1,1,3,1,3
200600027297,0006-05-04 14:05:00,6,5,4,14,5,590,112,"383, JAURES (RUE JEAN)",,,Plein jour,En agglomération,Hors intersection,Normale,Deux véhicules - côté,,,,,,,,,,,1,2,1,1,3
200600027298,0006-05-27 12:15:00,6,5,27,12,15,590,603,VOIE PRIVEE USINE LME,,,Plein jour,Hors agglomération,Hors intersection,Normale,Autre collision,,,,,,,,,,,1,1,1,1,6
200600027299,0006-05-29 18:15:00,6,5,29,18,15,590,606,CANADA (PLACE DU),,,Plein jour,En agglomération,Intersection à plus de 4 branches,Normale,Autre collision,,,,,,,,,,,1,2,5,1,6
200600027300,0006-05-26 05:10:00,6,5,26,5,10,590,606,DUBLED (RUE LEON),,,Crépuscule ou aube,En agglomération,Intersection en T,Normale,Autre collision,,,,,,,,,,,2,2,3,1,6
200600027301,0006-05-21 16:35:00,6,5,21,16,35,590,383,BARBUSSE (AVENUE HENRI),,,Plein jour,En agglomération,Intersection en T,Normale,Autre collision,,,,,,,,,,,1,2,3,1,6
200600027302,0006-05-24 16:30:00,6,5,24,16,30,590,112,JAURES (RUE JEAN),,,Plein jour,En agglomération,Intersection en T,Normale,Deux véhicules - côté,,,,,,,,,,,1,2,3,1,3
200600027303,0006-05-08 11:10:00,6,5,8,11,10,590,207,JAURES (RUE JEAN),,,Plein jour,En agglomération,Intersection en T,Pluie forte,Deux véhicules - frontale,,,,,,,,,,,1,2,3,3,1
200600027304,0006-05-18 17:50:00,6,5,18,17,50,590,447,"33, SCOUFLAIRE (RUE)",,,Plein jour,En agglomération,Hors intersection,Normale,Autre collision,,,,,,,,,,,1,2,1,1,6
200600027305,0006-05-31 14:20:00,6,5,31,14,20,590,606,"141A, DESANDROUIN (AV) -",,,Plein jour,En agglomération,Hors intersection,Normale,Autre collision,,,,,,,,,,,1,2,1,1,6
200600027306,0006-05-17 16:30:00,6,5,17,16,30,590,207,"38, JAURES (RUE JEAN)",,,Plein jour,En agglomération,Intersection en T,Normale,Autre collision,,,,,,,,,,,1,2,3,1,6
200600027307,0006-05-15 17:15:00,6,5,15,17,15,590,606,"07, BERNIER (RUE JEAN)",,,Plein jour,En agglomération,Hors intersection,Normale,Autre collision,,,,,,,,,,,1,2,1,1,6
200600027308,0006-05-26 15:40:00,6,5,26,15,40,590,606,PARIS (RUE DE),,,Plein jour,En agglomération,Intersection en T,Vent fort / tempête,Deux véhicules - arrière,,,,,,,,,,,1,2,3,6,2
200600027309,0006-05-29 14:00:00,6,5,29,14,0,590,112,JAURES (RUE JEAN),,,Plein jour,En agglomération,Intersection en X,Pluie forte,Autre collision,,,,,,,,,,,1,2,2,3,6
200600027310,0006-05-18 12:10:00,6,5,18,12,10,590,606,DUBLED (RUE LEON),,,Plein jour,En agglomération,Hors intersection,Normale,Autre collision,,,,,,,,,,,1,2,1,1,6
200600027311,0006-05-29 00:25:00,6,5,29,0,25,590,564,RN 30,,,Nuit avec éclairage allumé,Hors agglomération,Hors intersection,Normale,Autre collision,,,,,,,,,,,5,1,1,1,6
200600027312,0006-05-26 19:35:00,6,5,26,19,35,590,475,MAIRIE (RUE DE LA),,,Plein jour,En agglomération,Intersection en T,Normale,Deux véhicules - côté,,,,,,,,,,,1,2,3,1,3
200600027313,0006-05-02 10:39:00,6,5,2,10,39,600,57,"D139, WINSTON CHURCHILL",,,Plein jour,En agglomération,Hors intersection,Normale,Trois véhicules et plus - en chaîne,,,,,,,,,,,1,2,1,1,4
200600027314,0006-05-05 15:35:00,6,5,5,15,35,600,57,"27, MARISSEL (RUE DE)",,,Plein jour,En agglomération,Intersection en X,Normale,Deux véhicules - côté,,,,,,,,,,,1,2,2,1,3
200600027315,0006-05-02 21:00:00,6,5,2,21,0,600,665,EUROPE (AVENUE DE L'),,,Crépuscule ou aube,En agglomération,Hors intersection,Normale,Autre collision,,,,,,,,,,,2,2,1,1,6
200600027316,0006-05-11 15:45:00,6,5,11,15,45,600,159,"5, LAVOISIER",,,Plein jour,En agglomération,Intersection en T,Normale,Autre collision,,,,,,,,,,,1,2,3,1,6
200600027317,0006-05-05 19:05:00,6,5,5,19,5,600,601,PUVIS DE CHAVANNE (AVENU,,,Plein jour,En agglomération,Intersection en X,Normale,Autre collision,,,,,,,,,,,1,2,2,1,6
200600027318,0006-05-05 19:05:00,6,5,5,19,5,600,463,BURTON (PLACE),,,Plein jour,En agglomération,Hors intersection,Normale,Deux véhicules - côté,,,,,,,,,,,1,2,1,1,3
200600027319,0006-05-12 16:15:00,6,5,12,16,15,600,463,SAINT-EXUPERY (RUE DE)_S,,,Plein jour,En agglomération,Hors intersection,Normale,Deux véhicules - côté,,,,,,,,,,,1,2,1,1,3
200600027320,0006-05-19 18:35:00,6,5,19,18,35,600,601,"8, MUSSET (RUE ALFRED DE",,,Plein jour,En agglomération,Hors intersection,Normale,Autre collision,,,,,,,,,,,1,2,1,1,6
200600027321,0006-05-21 18:15:00,6,5,21,18,15,600,463,"11, HUIT MAI (AVENUE DU)",,,Plein jour,En agglomération,Hors intersection,Pluie légère,Autre collision,,,,,,,,,,,1,2,1,2,6
200600027322,0006-05-27 13:05:00,6,5,27,13,5,600,601,AVAL (QUAI D'),,,Plein jour,En agglomération,Hors intersection,Normale,Autre collision,,,,,,,,,,,1,2,1,1,6
200600027323,0006-05-20 11:25:00,6,5,20,11,25,610,1,"0, D'ARGENTAN (RUE)",,,Plein jour,Hors agglomération,Intersection en X,Pluie légère,Deux véhicules - côté,,,,,,,,,,,1,1,2,2,3
200600027324,0006-05-03 12:45:00,6,5,3,12,45,610,6,", SEES (ROUTE DE)",,,Plein jour,Hors agglomération,Intersection en X,Normale,Autre collision,,,,,,,,,,,1,1,2,1,6
200600027325,0006-05-02 08:45:00,6,5,2,8,45,610,391,"68, CANADIENS (RUE DES)",,,Plein jour,En agglomération,Hors intersection,Normale,Autre collision,,,,,,,,,,,1,2,1,1,6
200600027326,0006-05-05 20:55:00,6,5,5,20,55,610,169,RUE DE DOMFRONT (LES CAP,,,Plein jour,En agglomération,Intersection en X,Normale,Deux véhicules - côté,,,,,,,,,,,1,2,2,1,3
200600027327,0006-05-07 13:05:00,6,5,7,13,5,610,169,"16, DURRMEYER (RUE JACQU",,,Plein jour,En agglomération,Hors intersection,Normale,Deux véhicules - arrière,,,,,,,,,,,1,2,1,1,2
200600027328,0006-05-26 10:35:00,6,5,26,10,35,610,169,"1, LOUIS TOUSSAINT (AVE)",,,Plein jour,En agglomération,Intersection en X,Normale,Deux véhicules - côté,,,,,,,,,,,1,2,2,1,3
200600027329,0006-05-07 18:30:00,6,5,7,18,30,620,13,D 919,,,Plein jour,Hors agglomération,Hors intersection,Normale,Autre collision,,,,,,,,,,,1,1,1,1,6
200600027330,0006-05-29 16:10:00,6,5,29,16,10,620,41,"0, IMPASSE DES BOIS",,,Plein jour,En agglomération,Hors intersection,Pluie légère,Deux véhicules - arrière,,,,,,,,,,,1,2,1,2,2
200600027331,0006-05-31 18:00:00,6,5,31,18,0,620,41,LECLERC ( AV. DU MARECHA,,,Plein jour,En agglomération,Intersection en T,Temps couvert,Deux véhicules - côté,,,,,,,,,,,1,2,3,8,3
200600027332,0006-05-11 18:40:00,6,5,11,18,40,620,217,"70, NATIONALE (ROUTE)",,,Plein jour,En agglomération,Hors intersection,Normale,Autre collision,,,,,,,,,,,1,2,1,1,6
200600027333,0006-05-03 17:30:00,6,5,3,17,30,620,724,"110, DE GAULLE (DU GENER",,,Plein jour,En agglomération,Hors intersection,Normale,Deux véhicules - côté,,,,,,,,,,,1,2,1,1,3
200600027334,0006-05-06 12:05:00,6,5,6,12,5,620,570,"55, DOUAUMONT",,,Plein jour,En agglomération,Hors intersection,Normale,Autre collision,,,,,,,,,,,1,2,1,1,6
200600027335,0006-05-12 13:53:00,6,5,12,13,53,620,724,"377, FOSSE DEUX ( BOULEV",,,Plein jour,En agglomération,Intersection en X,Normale,Trois véhicules et plus - collisions multiples,,,,,,,,,,,1,2,2,1,5
200600027336,0006-05-27 18:09:00,6,5,27,18,9,620,65,"00, FRANCE (BOULEVARD AN",,,Plein jour,En agglomération,Hors intersection,Pluie légère,Sans collision,,,,,,,,,,,1,2,1,2,7
200600027337,0006-05-07 18:40:00,6,5,7,18,40,620,34,BLUM ( RUE LEON ),,,Plein jour,En agglomération,Intersection en X,Normale,Deux véhicules - côté,,,,,,,,,,,1,2,2,1,3
200600027338,0006-05-19 09:45:00,6,5,19,9,45,620,51,ROUTE NATIONALE 41,,,Plein jour,En agglomération,Intersection en T,Pluie forte,Deux véhicules - côté,,,,,,,,,,,1,2,3,3,3
200600027339,0006-05-12 18:15:00,6,5,12,18,15,620,126,NATIONALE  ( ROUTE ),,,Plein jour,En agglomération,Hors intersection,Normale,Sans collision,,,,,,,,,,,1,2,1,1,7
200600027340,0006-05-19 21:20:00,6,5,19,21,20,620,119,POINCARE   ( BOULEVARD R,,,Nuit avec éclairage allumé,En agglomération,Hors intersection,Normale,Autre collision,,,,,,,,,,,5,2,1,1,6
200600027341,0006-05-19 16:55:00,6,5,19,16,55,620,119,MOULIN ( BOULEVARD JEAN,,,Plein jour,En agglomération,Hors intersection,Normale,Autre collision,,,,,,,,,,,1,2,1,1,6
200600027342,0006-05-27 00:10:00,6,5,27,0,10,620,35,"140, QUATRE VENTS ( RUE",,,Nuit avec éclairage allumé,En agglomération,Intersection en T,Normale,Autre collision,,,,,,,,,,,5,2,3,1,6
200600027343,0006-05-23 19:05:00,6,5,23,19,5,620,119,SAINT PRY ( RUE DU FAUBO,,,Plein jour,En agglomération,Hors intersection,Normale,Sans collision,,,,,,,,,,,1,2,1,1,7
200600027344,0006-05-13 04:05:00,6,5,13,4,5,620,160,", DE GAULLE (Ave Charles",,,Nuit avec éclairage allumé,En agglomération,Hors intersection,Normale,Autre collision,,,,,,,,,,,5,2,1,1,6
200600027345,0006-05-13 23:20:00,6,5,13,23,20,620,160,"0, KENNEDY (Ave. John)",,,Nuit avec éclairage allumé,En agglomération,Hors intersection,Pluie légère,Deux véhicules - côté,,,,,,,,,,,5,2,1,2,3
200600027346,0006-05-14 16:10:00,6,5,14,16,10,620,160,", PERCIER ET FONTAINE (A",,,Plein jour,En agglomération,Hors intersection,Normale,Deux véhicules - côté,,,,,,,,,,,1,2,1,1,3
200600027347,0006-05-31 22:26:00,6,5,31,22,26,620,160,"24, CAMP DE DROITE (Rue",,,Nuit avec éclairage allumé,En agglomération,Hors intersection,Normale,Deux véhicules - frontale,,,,,,,,,,,5,2,1,1,1
200600027348,0006-05-03 12:10:00,6,5,3,12,10,620,178,AMONT ( D'),,,Plein jour,En agglomération,Hors intersection,Normale,Deux véhicules - arrière,,,,,,,,,,,1,2,1,1,2
200600027349,0006-05-06 22:00:00,6,5,6,22,0,620,178,VERDUN,,,Nuit avec éclairage allumé,En agglomération,Hors intersection,Normale,Autre collision,,,,,,,,,,,5,2,1,1,6
200600027350,0006-05-19 17:20:00,6,5,19,17,20,620,445,"43, REPUBLIQUE (DE LA)",,,Plein jour,En agglomération,Intersection en T,Normale,Deux véhicules - frontale,,,,,,,,,,,1,2,3,1,1
200600027351,0006-05-20 14:45:00,6,5,20,14,45,620,178,"21, DAMES (CHEMIN DES)",,,Plein jour,En agglomération,Hors intersection,Normale,Sans collision,,,,,,,,,,,1,2,1,1,7
200600027352,0006-05-05 16:00:00,6,5,5,16,0,620,244,BART (RUE ARTHUR),,,Plein jour,En agglomération,Hors intersection,Normale,Autre collision,,,,,,,,,,,1,2,1,1,6
200600027353,0006-05-05 18:00:00,6,5,5,18,0,620,193,"153, CURIE (BOULEVARD)",,,Plein jour,En agglomération,Hors intersection,Normale,Deux véhicules - arrière,,,,,,,,,,,1,2,1,1,2
200600027354,0006-05-05 19:00:00,6,5,5,19,0,620,193,"600, DE LATTRE DE TASSIG",,,Plein jour,En agglomération,Hors intersection,Normale,Deux véhicules - frontale,,,,,,,,,,,1,2,1,1,1
200600027355,0006-05-12 08:00:00,6,5,12,8,0,620,193,CHANTILLY,,,Plein jour,En agglomération,Hors intersection,Normale,Deux véhicules - arrière,,,,,,,,,,,1,2,1,1,2
200600027356,0006-05-14 22:15:00,6,5,14,22,15,620,193,"446, TOUMANIANTZ (AVENUE",,,Nuit avec éclairage non allumé,En agglomération,Hors intersection,Normale,Deux véhicules - arrière,,,,,,,,,,,4,2,1,1,2
200600027357,0006-05-17 14:30:00,6,5,17,14,30,620,193,ALLENDE (RUE S.),,,Plein jour,En agglomération,Hors intersection,Normale,Deux véhicules - arrière,,,,,,,,,,,1,2,1,1,2
200600027358,0006-05-19 19:05:00,6,5,19,19,5,620,193,"98, GUILLAUMET (RUE H.)",,,Plein jour,En agglomération,Hors intersection,Normale,Autre collision,,,,,,,,,,,1,2,1,1,6
200600027359,0006-05-26 15:30:00,6,5,26,15,30,620,239,CD 243E,,,Plein jour,Hors agglomération,Hors intersection,Temps couvert,Autre collision,,,,,,,,,,,1,1,1,8,6