accident_id,datetime,annee,mois,jour,heure,minute,departement,commune_insee,adresse,latitude,longitude,luminosite,agglomeration,intersection,meteo,collision,nb_vehicules,nb_usagers,nb_indemnes,nb_tues,nb_blesses_hosp,nb_blesses_legers,age_cond_1,age_cond_2,veh_type_cond_1,veh_type_cond_2,lum_code,agg_code,int_code,atm_code,col_code
200600027360,0006-05-27 18:35:00,6,5,27,18,35,620,193,CURIE (BOULEVARD),,,Plein jour,En agglomération,Intersection en X,Normale,Autre collision,,,,,,,,,,,1,2,2,1,6
200600027361,0006-05-14 22:20:00,6,5,14,22,20,620,194,"20, WAVRANS (RUE DE)",,,Nuit avec éclairage allumé,En agglomération,Hors intersection,Normale,Sans collision,,,,,,,,,,,5,2,1,1,7
200600027362,0006-05-01 19:30:00,6,5,1,19,30,620,413,"9, FOUQUIERES (CHE. DE)",,,Plein jour,En agglomération,Hors intersection,Normale,Autre collision,,,,,,,,,,,1,2,1,1,6
200600027363,0006-05-03 17:55:00,6,5,3,17,55,620,215,EGLISE (CTR DE L'),,,Plein jour,En agglomération,Intersection en X,Normale,Deux véhicules - côté,,,,,,,,,,,1,2,2,1,3
200600027364,0006-05-03 11:20:00,6,5,3,11,20,620,250,"18, MASSENET (R )",,,Plein jour,En agglomération,Hors intersection,Normale,Autre collision,,,,,,,,,,,1,2,1,1,6
200600027365,0006-05-13 18:50:00,6,5,13,18,50,620,215,"sans, QUINET (R CYPRIEN)",,,Plein jour,En agglomération,Intersection en X,Normale,Deux véhicules - côté,,,,,,,,,,,1,2,2,1,3
200600027366,0006-05-29 08:40:00,6,5,29,8,40,620,413,"55, FUSILLES (R DES)",,,Plein jour,En agglomération,Hors intersection,Normale,Autre collision,,,,,,,,,,,1,2,1,1,6
200600027367,0006-05-20 18:50:00,6,5,20,18,50,620,427,DEPORTES (AV. DES ),,,Plein jour,En agglomération,Hors intersection,Normale,Deux véhicules - côté,,,,,,,,,,,1,2,1,1,3
200600027368,0006-05-08 12:00:00,6,5,8,12,0,620,427,"0, KENNEDY (BD JOHN FITZ",,,Plein jour,En agglomération,Intersection en T,Normale,Deux véhicules - côté,,,,,,,,,,,1,2,3,1,3
200600027369,0006-05-18 18:40:00,6,5,18,18,40,620,274,"0, SALENGRO (R ROGER )",,,Plein jour,En agglomération,Hors intersection,Normale,Deux véhicules - côté,,,,,,,,,,,1,2,1,1,3
200600027370,0006-05-13 20:10:00,6,5,13,20,10,620,624,MALFIDANO (AV),,,Plein jour,En agglomération,Hors intersection,Normale,Autre collision,,,,,,,,,,,1,2,1,1,6
200600027371,0006-05-30 07:50:00,6,5,30,7,50,620,274,LEBLOND (R ),,,Plein jour,En agglomération,Intersection en X,Pluie légère,Deux véhicules - côté,,,,,,,,,,,1,2,2,2,3
200600027372,0006-05-26 19:10:00,6,5,26,19,10,620,321,BASLY (R EMILE ),,,Plein jour,En agglomération,Hors intersection,Normale,Autre collision,,,,,,,,,,,1,2,1,1,6
200600027373,0006-05-25 16:00:00,6,5,25,16,0,620,427,PASTEUR (R ),,,Plein jour,En agglomération,Intersection en X,Pluie légère,Deux véhicules - côté,,,,,,,,,,,1,2,2,2,3
200600027374,0006-05-25 19:45:00,6,5,25,19,45,620,351,"0, SALENGRO (R ROGER)",,,Plein jour,En agglomération,Intersection en T,Normale,Deux véhicules - côté,,,,,,,,,,,1,2,3,1,3
200600027375,0006-05-06 00:58:00,6,5,6,0,58,620,523,"17, ABBAYE (R DE L')",,,Nuit avec éclairage allumé,En agglomération,Hors intersection,Normale,Deux véhicules - frontale,,,,,,,,,,,5,2,1,1,1
200600027376,0006-05-11 19:10:00,6,5,11,19,10,620,842,"sans, LEFEBVRE (R GUSTAV",,,Plein jour,En agglomération,Intersection en X,Normale,Deux véhicules - côté,,,,,,,,,,,1,2,2,1,3
200600027377,0006-05-02 18:12:00,6,5,2,18,12,620,464,"sans, MALVOISIN (R PIERR",,,Plein jour,En agglomération,Hors intersection,Normale,Deux véhicules - arrière,,,,,,,,,,,1,2,1,1,2
200600027378,0006-05-13 23:04:00,6,5,13,23,4,620,498,"213, BETHUNE (RTE DE)",,,Nuit avec éclairage allumé,En agglomération,Hors intersection,Normale,Deux véhicules - côté,,,,,,,,,,,5,2,1,1,3
200600027379,0006-05-15 15:25:00,6,5,15,15,25,620,107,"sans, BASSEE (RTE DE LA)",,,Plein jour,Hors agglomération,Intersection en T,Normale,Deux véhicules - côté,,,,,,,,,,,1,1,3,1,3
200600027380,0006-05-23 18:07:00,6,5,23,18,7,620,498,"sans, LOOS (VOIRIE COMMU",,,Plein jour,En agglomération,Intersection en T,Normale,Deux véhicules - côté,,,,,,,,,,,1,2,3,1,3
200600027381,0006-05-17 17:44:00,6,5,17,17,44,620,842,"sans, RN 47",,,Plein jour,Hors agglomération,Hors intersection,Normale,Deux véhicules - arrière,,,,,,,,,,,1,1,1,1,2
200600027382,0006-05-24 15:40:00,6,5,24,15,40,620,498,"137, BASSEE (RTE DE LA)",,,Plein jour,En agglomération,Hors intersection,Normale,Autre collision,,,,,,,,,,,1,2,1,1,6
200600027383,0006-05-12 17:05:00,6,5,12,17,5,620,510,"., MONTGOLFIER (R)",,,Plein jour,En agglomération,Hors intersection,Normale,Trois véhicules et plus - collisions multiples,,,,,,,,,,,1,2,1,1,5
200600027384,0006-05-20 19:15:00,6,5,20,19,15,620,563,"., DUPUICH (R RAYMOND)",,,Plein jour,Hors agglomération,Hors intersection,Normale,Deux véhicules - frontale,,,,,,,,,,,1,1,1,1,1
200600027385,0006-05-13 18:15:00,6,5,13,18,15,620,826,DOROTHEE (RUE),,,Plein jour,En agglomération,Intersection en X,Normale,Deux véhicules - côté,,,,,,,,,,,1,2,2,1,3
200600027386,0006-05-01 15:50:00,6,5,1,15,50,630,70,RN 89 PAS DE NUMERO,,,Plein jour,Hors agglomération,Hors intersection,Normale,Deux véhicules - arrière,,,,,,,,,,,1,1,1,1,2
200600027387,0006-05-02 10:00:00,6,5,2,10,0,630,113,"1, LACEPEDE (RUE)",,,Plein jour,En agglomération,Hors intersection,Normale,Autre collision,,,,,,,,,,,1,2,1,1,6
200600027388,0006-05-04 07:40:00,6,5,4,7,40,630,113,"1, LA ROCHEFOUCAULD (RUE",,,Plein jour,En agglomération,Intersection en X,Normale,Deux véhicules - côté,,,,,,,,,,,1,2,2,1,3
200600027389,0006-05-05 12:50:00,6,5,5,12,50,630,113,"2, CHAMBRETTES (RUE DES)",,,Plein jour,En agglomération,Hors intersection,Normale,Autre collision,,,,,,,,,,,1,2,1,1,6
200600027390,0006-05-05 14:00:00,6,5,5,14,0,630,113,"1, ITALIE (AVENUE DE L')",,,Plein jour,En agglomération,Hors intersection,Normale,Autre collision,,,,,,,,,,,1,2,1,1,6
200600027391,0006-05-05 15:55:00,6,5,5,15,55,630,113,"1, BELLEVUE (RUE DE)",,,Plein jour,En agglomération,Hors intersection,Normale,Autre collision,,,,,,,,,,,1,2,1,1,6
200600027392,0006-05-06 01:02:00,6,5,6,1,2,630,113,"1, GILBERT (RUE EUGENE)",,,Nuit avec éclairage allumé,En agglomération,Intersection en X,Normale,Deux véhicules - côté,,,,,,,,,,,5,2,2,1,3
200600027393,0006-05-06 15:45:00,6,5,6,15,45,630,113,FONTAINE (PLACE DE LA),,,Plein jour,En agglomération,Hors intersection,Normale,Autre collision,,,,,,,,,,,1,2,1,1,6
200600027394,0006-05-08 17:50:00,6,5,8,17,50,630,113,"16, SABLON (COURS)",,,Plein jour,En agglomération,Hors intersection,Normale,Autre collision,,,,,,,,,,,1,2,1,1,6
200600027395,0006-05-10 07:20:00,6,5,10,7,20,630,113,"21, GROLIERE (RUE DE LA)",,,Plein jour,En agglomération,Hors intersection,Normale,Deux véhicules - arrière,,,,,,,,,,,1,2,1,1,2
200600027396,0006-05-10 17:55:00,6,5,10,17,55,630,113,"1, CHANDIOTS (RUE DES)",,,Plein jour,En agglomération,Hors intersection,Normale,Autre collision,,,,,,,,,,,1,2,1,1,6
200600027397,0006-05-10 11:35:00,6,5,10,11,35,630,113,"1, ORADOU (RUE DE L')",,,Plein jour,En agglomération,Hors intersection,Normale,Autre collision,,,,,,,,,,,1,2,1,1,6
200600027398,0006-05-10 14:10:00,6,5,10,14,10,630,113,"1, BERTHELOT (BOULEVARD)",,,Plein jour,En agglomération,Hors intersection,Normale,Autre collision,,,,,,,,,,,1,2,1,1,6
200600027399,0006-05-10 07:43:00,6,5,10,7,43,630,113,"1, GRANDE BRETAGNE (AVEN",,,Plein jour,En agglomération,Autre intersection,Normale,Autre collision,,,,,,,,,,,1,2,9,1,6
200600027400,0006-05-10 19:50:00,6,5,10,19,50,630,113,"1, FONTAINE DU LARGE (RU",,,Plein jour,En agglomération,Intersection en X,Normale,Autre collision,,,,,,,,,,,1,2,2,1,6
200600027401,0006-05-11 01:25:00,6,5,11,1,25,630,75,"78, ROYAT (AVENUE DE)",,,Nuit avec éclairage allumé,En agglomération,Hors intersection,Normale,Autre collision,,,,,,,,,,,5,2,1,1,6
200600027402,0006-05-12 12:15:00,6,5,12,12,15,630,113,"1, VERLAINE (RUE)",,,Plein jour,En agglomération,Hors intersection,Normale,Deux véhicules - arrière,,,,,,,,,,,1,2,1,1,2
200600027403,0006-05-12 19:03:00,6,5,12,19,3,630,113,"28, GIROD (RUE JOSEPH)",,,Plein jour,En agglomération,Hors intersection,Normale,Autre collision,,,,,,,,,,,1,2,1,1,6
200600027404,0006-05-12 20:55:00,6,5,12,20,55,630,113,"127, CLEMENTEL (BD ETIEN",,,Plein jour,En agglomération,Hors intersection,Normale,Autre collision,,,,,,,,,,,1,2,1,1,6
200600027405,0006-05-13 06:20:00,6,5,13,6,20,630,14,"64, NOELLET (AVENUE JEAN",,,Plein jour,En agglomération,Hors intersection,Normale,Autre collision,,,,,,,,,,,1,2,1,1,6
200600027406,0006-05-15 07:50:00,6,5,15,7,50,630,113,BREZET (AVENUE),,,Plein jour,En agglomération,Autre intersection,Normale,Autre collision,,,,,,,,,,,1,2,9,1,6
200600027407,0006-05-16 18:50:00,6,5,16,18,50,630,14,POURLIAT (RUE DE),,,Plein jour,En agglomération,Hors intersection,Normale,Autre collision,,,,,,,,,,,1,2,1,1,6
200600027408,0006-05-17 06:40:00,6,5,17,6,40,630,14,"1, ROUSSILLON (AVENUE DU",,,Plein jour,Hors agglomération,Hors intersection,Normale,Deux véhicules - côté,,,,,,,,,,,1,1,1,1,3
200600027409,0006-05-17 16:20:00,6,5,17,16,20,630,113,"3 BIS, BARBUSSE (RUE HEN",,,Plein jour,En agglomération,Hors intersection,Normale,Deux véhicules - côté,,,,,,,,,,,1,2,1,1,3
200600027410,0006-05-18 00:56:00,6,5,18,0,56,630,113,"1, DE LATTRE DE TASSIGNY",,,Nuit avec éclairage allumé,En agglomération,Autre intersection,Normale,Autre collision,,,,,,,,,,,5,2,9,1,6
200600027411,0006-05-18 17:25:00,6,5,18,17,25,630,113,"72, LAVOISIERS (BD)",,,Plein jour,En agglomération,Hors intersection,Normale,Autre collision,,,,,,,,,,,1,2,1,1,6
200600027412,0006-05-18 17:30:00,6,5,18,17,30,630,14,"1, MAERTE (RUE ROGER)",,,Plein jour,En agglomération,Hors intersection,Normale,Deux véhicules - arrière,,,,,,,,,,,1,2,1,1,2
200600027413,0006-05-19 07:48:00,6,5,19,7,48,630,75,"1, GAMBETTA (BOULEVARD)",,,Plein jour,En agglomération,Hors intersection,Normale,Deux véhicules - frontale,,,,,,,,,,,1,2,1,1,1
200600027414,0006-05-19 13:30:00,6,5,19,13,30,630,14,SAUZES (RUE DES),,,Plein jour,En agglomération,Hors intersection,Normale,Autre collision,,,,,,,,,,,1,2,1,1,6
200600027415,0006-05-19 14:15:00,6,5,19,14,15,630,113,"1, CLEMENTEL (BD ETIENNE",,,Plein jour,En agglomération,Intersection en X,Normale,Trois véhicules et plus - collisions multiples,,,,,,,,,,,1,2,2,1,5
200600027416,0006-05-19 15:55:00,6,5,19,15,55,630,113,"1, SCHUMAN (BD ROBERT)",,,Plein jour,En agglomération,Hors intersection,Normale,Deux véhicules - arrière,,,,,,,,,,,1,2,1,1,2
200600027417,0006-05-19 18:00:00,6,5,19,18,0,630,113,"5, BENNETT (RUE GORDON)",,,Plein jour,En agglomération,Hors intersection,Normale,Autre collision,,,,,,,,,,,1,2,1,1,6
200600027418,0006-05-20 04:15:00,6,5,20,4,15,630,113,"1, MAYER (BD DANIEL)",,,Nuit avec éclairage allumé,En agglomération,Hors intersection,Normale,Sans collision,,,,,,,,,,,5,2,1,1,7
200600027419,0006-05-20 12:15:00,6,5,20,12,15,630,113,"36, OURAGAN (RUE DU TCD)",,,Plein jour,En agglomération,Hors intersection,Normale,Deux véhicules - frontale,,,,,,,,,,,1,2,1,1,1
200600027420,0006-05-20 16:25:00,6,5,20,16,25,630,113,"6, VERCINGETORIX (AVENUE",,,Plein jour,En agglomération,Autre intersection,Normale,Autre collision,,,,,,,,,,,1,2,9,1,6
200600027421,0006-05-20 20:00:00,6,5,20,20,0,630,308,"22, MONTAGNARDS (RUE DES",,,Plein jour,En agglomération,Hors intersection,Normale,Deux véhicules - arrière,,,,,,,,,,,1,2,1,1,2
200600027422,0006-05-21 12:40:00,6,5,21,12,40,630,113,"1, POURCHON (BD MAURICE)",,,Plein jour,En agglomération,Intersection en X,Normale,Deux véhicules - frontale,,,,,,,,,,,1,2,2,1,1
200600027423,0006-05-22 11:15:00,6,5,22,11,15,630,113,"1, FRANCE (RUE ANATOLE)",,,Plein jour,En agglomération,Autre intersection,Normale,Autre collision,,,,,,,,,,,1,2,9,1,6
200600027424,0006-05-22 12:10:00,6,5,22,12,10,630,113,"1, FLAUBERT (BD GUSTAVE)",,,Plein jour,En agglomération,Hors intersection,Normale,Deux véhicules - côté,,,,,,,,,,,1,2,1,1,3
200600027425,0006-05-22 12:40:00,6,5,22,12,40,630,113,"1, BLUM (AVENUE LEON)",,,Plein jour,En agglomération,Intersection en T,Normale,Deux véhicules - côté,,,,,,,,,,,1,2,3,1,3
200600027426,0006-05-23 07:30:00,6,5,23,7,30,630,14,JAURES (PLACE JEAN),,,Plein jour,En agglomération,Hors intersection,Normale,Autre collision,,,,,,,,,,,1,2,1,1,6
200600027427,0006-05-24 16:20:00,6,5,24,16,20,630,14,"38, SAUZES (RUE DES)",,,Plein jour,En agglomération,Autre intersection,Normale,Autre collision,,,,,,,,,,,1,2,9,1,6
200600027428,0006-05-24 19:00:00,6,5,24,19,0,630,113,"24, BERTHELOT (BOULEVARD",,,Plein jour,En agglomération,Hors intersection,Normale,Deux véhicules - arrière,,,,,,,,,,,1,2,1,1,2
200600027429,0006-05-28 02:55:00,6,5,28,2,55,630,113,"1, LAFAYETTE (BD)",,,Nuit avec éclairage allumé,En agglomération,Autre intersection,Normale,Autre collision,,,,,,,,,,,5,2,9,1,6
200600027430,0006-05-28 19:35:00,6,5,28,19,35,630,113,"1, MIRABEAU (PLACE)",,,Plein jour,En agglomération,Hors intersection,Normale,Sans collision,,,,,,,,,,,1,2,1,1,7
200600027431,0006-05-30 12:35:00,6,5,30,12,35,630,113,"10bis, DESAIX (BD)",,,Plein jour,En agglomération,Hors intersection,Pluie légère,Autre collision,,,,,,,,,,,1,2,1,2,6
200600027432,0006-05-31 08:53:00,6,5,31,8,53,630,113,"2, ORADOU (RUE DE L')",,,Plein jour,En agglomération,Hors intersection,Temps couvert,Autre collision,,,,,,,,,,,1,2,1,8,6
200600027433,0006-05-31 14:05:00,6,5,31,14,5,630,113,"1, MONTCALM (RUE)",,,Plein jour,En agglomération,Hors intersection,Normale,Autre collision,,,,,,,,,,,1,2,1,1,6
200600027434,0006-05-31 17:40:00,6,5,31,17,40,630,113,"9, CHALONNAX (RUE DE)",,,Plein jour,En agglomération,Hors intersection,Normale,Autre collision,,,,,,,,,,,1,2,1,1,6
200600027435,0006-05-03 16:20:00,6,5,3,16,20,630,193,"2, THIERS (AVENUE DE)",,,Plein jour,En agglomération,Intersection en X,Normale,Deux véhicules - côté,,,,,,,,,,,1,2,2,1,3
200600027436,0006-05-04 17:30:00,6,5,4,17,30,630,193,RD 766,,,Plein jour,En agglomération,Hors intersection,Normale,Deux véhicules - côté,,,,,,,,,,,1,2,1,1,3
200600027437,0006-05-09 17:35:00,6,5,9,17,35,630,193,RD 769,,,Plein jour,Hors agglomération,Intersection en X,Normale,Deux véhicules - côté,,,,,,,,,,,1,1,2,1,3
200600027438,0006-05-19 15:55:00,6,5,19,15,55,630,124,"2, JOLIOT-CURIE (BOULEVA",,,Plein jour,En agglomération,Hors intersection,Normale,Sans collision,,,,,,,,,,,1,2,1,1,7
200600027439,0006-05-23 16:10:00,6,5,23,16,10,630,193,"4, TAUREAU (PLACE DU)",,,Plein jour,En agglomération,Hors intersection,Normale,Deux véhicules - frontale,,,,,,,,,,,1,2,1,1,1
200600027440,0006-05-24 14:30:00,6,5,24,14,30,630,69,"48, AUZON (AVENUE DE L')",,,Plein jour,En agglomération,Intersection en X,Normale,Deux véhicules - côté,,,,,,,,,,,1,2,2,1,3
200600027441,0006-05-27 02:08:00,6,5,27,2,8,630,124,SARLIEVES (RUE DE),,,Nuit avec éclairage allumé,En agglomération,Hors intersection,Normale,Autre collision,,,,,,,,,,,5,2,1,1,6
200600027442,0006-05-05 13:20:00,6,5,5,13,20,630,63,CHATEAUGAY (RUE DE),,,Plein jour,Hors agglomération,Autre intersection,Normale,Deux véhicules - côté,,,,,,,,,,,1,1,9,1,3
200600027443,0006-05-29 12:50:00,6,5,29,12,50,630,164,EUROPE (BOULEVARD DE L'),,,Plein jour,En agglomération,Hors intersection,Normale,Deux véhicules - côté,,,,,,,,,,,1,2,1,1,3
200600027444,0006-05-02 14:35:00,6,5,2,14,35,640,24,HARDOY (RUE DE),,,Plein jour,En agglomération,Intersection en X,Normale,Deux véhicules - frontale,,,,,,,,,,,1,2,2,1,1
200600027445,0006-05-02 17:48:00,6,5,2,17,48,640,102,BERNEDE (RUE),,,Plein jour,En agglomération,Hors intersection,Normale,Autre collision,,,,,,,,,,,1,2,1,1,6
200600027446,0006-05-03 19:36:00,6,5,3,19,36,640,24,BAB (BOULEVARD DU),,,Plein jour,En agglomération,Intersection en X,Normale,Trois véhicules et plus - collisions multiples,,,,,,,,,,,1,2,2,1,5
200600027447,0006-05-10 10:00:00,6,5,10,10,0,640,24,"., QUATRE CANTONS (RUE D",,,Plein jour,En agglomération,Hors intersection,Normale,Autre collision,,,,,,,,,,,1,2,1,1,6
200600027448,0006-05-13 22:55:00,6,5,13,22,55,640,24,"88, BIARRITZ (AVENUE DE)",,,Nuit avec éclairage allumé,En agglomération,Hors intersection,Normale,Trois véhicules et plus - collisions multiples,,,,,,,,,,,5,2,1,1,5
200600027449,0006-05-15 19:00:00,6,5,15,19,0,640,24,"15, GUYNEMER (AVENUE)",,,Plein jour,En agglomération,Hors intersection,Normale,Trois véhicules et plus - en chaîne,,,,,,,,,,,1,2,1,1,4
200600027450,0006-05-17 18:10:00,6,5,17,18,10,640,102,DELVAILLE (AVENUE DU DOC,,,Plein jour,En agglomération,Intersection en T,Normale,Deux véhicules - côté,,,,,,,,,,,1,2,3,1,3
200600027451,0006-05-22 11:05:00,6,5,22,11,5,640,24,LAPORTE (AVENUE JEAN LEO,,,Plein jour,En agglomération,Intersection en T,Normale,Deux véhicules - côté,,,,,,,,,,,1,2,3,1,3
200600027452,0006-05-22 18:15:00,6,5,22,18,15,640,24,BIARRITZ (AVENUE DE),,,Plein jour,En agglomération,Intersection en T,Pluie légère,Deux véhicules - côté,,,,,,,,,,,1,2,3,2,3
200600027453,0006-05-23 15:41:00,6,5,23,15,41,640,102,SOULT (AVENUE MARECHAL),,,Plein jour,En agglomération,Hors intersection,Normale,Deux véhicules - arrière,,,,,,,,,,,1,2,1,1,2
200600027454,0006-05-30 08:45:00,6,5,30,8,45,640,140,"17, THIMBAUD (RUE JEAN P",,,Plein jour,En agglomération,Intersection en T,Normale,Deux véhicules - côté,,,,,,,,,,,1,2,3,1,3
200600027455,0006-05-02 15:40:00,6,5,2,15,40,640,122,MAYSONNABE (RUE DE - IMP,,,Plein jour,Hors agglomération,Hors intersection,Normale,Deux véhicules - côté,,,,,,,,,,,1,1,1,1,3
200600027456,0006-05-05 09:15:00,6,5,5,9,15,640,122,KENNEDY (AVENUE DU PRES,,,Plein jour,Hors agglomération,Hors intersection,Normale,Deux véhicules - côté,,,,,,,,,,,1,1,1,1,3
200600027457,0006-05-06 14:25:00,6,5,6,14,25,640,122,"., ROND POINT DE L EUROP",,,Plein jour,En agglomération,Giratoire,Normale,Deux véhicules - côté,,,,,,,,,,,1,2,6,1,3
200600027458,0006-05-07 04:56:00,6,5,7,4,56,640,122,DE LATTRE DE TASSIGNY MA,,,Nuit avec éclairage allumé,En agglomération,Hors intersection,Normale,Sans collision,,,,,,,,,,,5,2,1,1,7
200600027459,0006-05-15 22:34:00,6,5,15,22,34,640,122,";, CASCAILS (BD DE)",,,Nuit avec éclairage allumé,En agglomération,Hors intersection,Normale,Sans collision,,,,,,,,,,,5,2,1,1,7
200600027460,0006-05-17 14:10:00,6,5,17,14,10,640,122,";,  KENNEDY (AVENUE DU P",,,Plein jour,En agglomération,Hors intersection,Normale,Deux véhicules - arrière,,,,,,,,,,,1,2,1,1,2
200600027461,0006-05-17 16:55:00,6,5,17,16,55,640,125,"., BAYONNE (AVENUE DE)",,,Plein jour,En agglomération,Hors intersection,Normale,Deux véhicules - côté,,,,,,,,,,,1,2,1,1,3
200600027462,0006-05-18 19:30:00,6,5,18,19,30,640,122,"50, VERDUN (AVENUE DE)",,,Plein jour,En agglomération,Hors intersection,Normale,Autre collision,,,,,,,,,,,1,2,1,1,6
200600027463,0006-05-23 10:52:00,6,5,23,10,52,640,122,"., ETIENNE (AVENUE D')",,,Plein jour,En agglomération,Intersection en X,Normale,Deux véhicules - côté,,,,,,,,,,,1,2,2,1,3
200600027464,0006-05-28 13:30:00,6,5,28,13,30,640,122,EDOUARD VII (AVENUE),,,Plein jour,En agglomération,Hors intersection,Normale,Autre collision,,,,,,,,,,,1,2,1,1,6
200600027465,0006-05-03 15:20:00,6,5,3,15,20,640,445,"16, RECTEUR JEAN SARRAIL",,,Plein jour,En agglomération,Hors intersection,Normale,Autre collision,,,,,,,,,,,1,2,1,1,6
200600027466,0006-05-04 18:10:00,6,5,4,18,10,640,445,MAGNOLIAS DES,,,Plein jour,En agglomération,Intersection en X,Normale,Deux véhicules - côté,,,,,,,,,,,1,2,2,1,3
200600027467,0006-05-06 10:05:00,6,5,6,10,5,640,445,"1, LEON BERARD",,,Plein jour,En agglomération,Intersection en X,Normale,Deux véhicules - côté,,,,,,,,,,,1,2,2,1,3
200600027468,0006-05-09 16:20:00,6,5,9,16,20,640,41,"29, MATACHOT",,,Plein jour,En agglomération,Hors intersection,Normale,Autre collision,,,,,,,,,,,1,2,1,1,6
200600027469,0006-05-09 20:55:00,6,5,9,20,55,640,445,MARECHAL LECLERC DU,,,Plein jour,En agglomération,Hors intersection,Normale,Autre collision,,,,,,,,,,,1,2,1,1,6
200600027470,0006-05-10 15:53:00,6,5,10,15,53,640,445,BOSQUET,,,Plein jour,En agglomération,Hors intersection,Normale,Autre collision,,,,,,,,,,,1,2,1,1,6
200600027471,0006-05-10 16:45:00,6,5,10,16,45,640,445,"2, EDOUARD VII",,,Plein jour,En agglomération,Intersection en Y,Normale,Deux véhicules - arrière,,,,,,,,,,,1,2,4,1,2
200600027472,0006-05-13 07:08:00,6,5,13,7,8,640,445,YITZHAK RABIN,,,Crépuscule ou aube,En agglomération,Giratoire,Pluie légère,Deux véhicules - frontale,,,,,,,,,,,2,2,6,2,1
200600027473,0006-05-15 19:05:00,6,5,15,19,5,640,445,DIDIER DAURAT,,,Plein jour,En agglomération,Intersection en X,Normale,Deux véhicules - côté,,,,,,,,,,,1,2,2,1,3
200600027474,0006-05-13 05:05:00,6,5,13,5,5,640,445,ETIGNY D',,,Nuit avec éclairage allumé,En agglomération,Hors intersection,Normale,Deux véhicules - arrière,,,,,,,,,,,5,2,1,1,2
200600027475,0006-05-22 15:10:00,6,5,22,15,10,640,445,"12, EDOUARD VII",,,Plein jour,En agglomération,Intersection en T,Normale,Deux véhicules - côté,,,,,,,,,,,1,2,3,1,3
200600027476,0006-05-26 01:45:00,6,5,26,1,45,640,445,GENERAL DE GAULLE DU,,,Nuit avec éclairage allumé,En agglomération,Hors intersection,Normale,Autre collision,,,,,,,,,,,5,2,1,1,6
200600027477,0006-05-27 13:55:00,6,5,27,13,55,640,445,"33, 14 JUILLET DU",,,Plein jour,En agglomération,Hors intersection,Normale,Autre collision,,,,,,,,,,,1,2,1,1,6
200600027478,0006-05-29 09:05:00,6,5,29,9,5,640,445,"1, ALLEES DE MORLAAS DES",,,Plein jour,Hors agglomération,Intersection en X,Normale,Deux véhicules - côté,,,,,,,,,,,1,1,2,1,3
200600027479,0006-05-31 08:00:00,6,5,31,8,0,640,445,GENERAL DE GAULLE DU,,,Plein jour,En agglomération,Intersection en T,Normale,Deux véhicules - côté,,,,,,,,,,,1,2,3,1,3
200600027480,0006-05-19 19:40:00,6,5,19,19,40,640,260,"15, BAIE DE CHINGUDY (AV",,,Plein jour,En agglomération,Hors intersection,Normale,Deux véhicules - côté,,,,,,,,,,,1,2,1,1,3
200600027481,0006-05-29 13:25:00,6,5,29,13,25,640,260,MIMOSAS (AVENUE DES),,,Plein jour,En agglomération,Intersection en T,Normale,Deux véhicules - côté,,,,,,,,,,,1,2,3,1,3
200600027482,0006-05-10 11:30:00,6,5,10,11,30,640,249,"1, MENDI-ALDE(CHEMIN)",,,Plein jour,En agglomération,Hors intersection,Normale,Deux véhicules - frontale,,,,,,,,,,,1,2,1,1,1
200600027483,0006-05-16 16:40:00,6,5,16,16,40,640,545,RN10,,,Plein jour,En agglomération,Hors intersection,Normale,Deux véhicules - arrière,,,,,,,,,,,1,2,1,1,2
200600027484,0006-05-18 09:10:00,6,5,18,9,10,640,545,RN10,,,Plein jour,Hors agglomération,Hors intersection,Pluie légère,Deux véhicules - arrière,,,,,,,,,,,1,1,1,2,2
200600027485,0006-05-25 11:10:00,6,5,25,11,10,640,189,RN10,,,Plein jour,En agglomération,Hors intersection,Normale,Deux véhicules - côté,,,,,,,,,,,1,2,1,1,3
200600027486,0006-05-26 19:15:00,6,5,26,19,15,640,483,RN10,,,Plein jour,En agglomération,Hors intersection,Normale,Autre collision,,,,,,,,,,,1,2,1,1,6
200600027487,0006-05-28 19:45:00,6,5,28,19,45,640,545,"1, LEGARCIA (ROUTE DE)",,,Plein jour,Hors agglomération,Hors intersection,Normale,Sans collision,,,,,,,,,,,1,1,1,1,7
200600027488,0006-05-29 17:10:00,6,5,29,17,10,640,483,"1, LARRAMENDY PIERRE (AV",,,Plein jour,En agglomération,Hors intersection,Pluie légère,Sans collision,,,,,,,,,,,1,2,1,2,7
200600027489,0006-05-29 18:55:00,6,5,29,18,55,640,483,RN10,,,Plein jour,Hors agglomération,Hors intersection,Normale,Autre collision,,,,,,,,,,,1,1,1,1,6
200600027490,0006-05-01 06:25:00,6,5,1,6,25,640,483,PYRENEES (AVENUE DES),,,Nuit avec éclairage allumé,En agglomération,Hors intersection,Normale,Deux véhicules - frontale,,,,,,,,,,,5,2,1,1,1
200600027491,0006-05-07 08:35:00,6,5,7,8,35,640,189,BENOIT PIERRE (BOULEVARD,,,Plein jour,En agglomération,Hors intersection,Normale,Deux véhicules - arrière,,,,,,,,,,,1,2,1,1,2
200600027492,0006-05-10 14:45:00,6,5,10,14,45,640,260,RN 111,,,Plein jour,En agglomération,Hors intersection,Normale,Deux véhicules - côté,,,,,,,,,,,1,2,1,1,3
200600027493,0006-05-22 19:55:00,6,5,22,19,55,640,483,"21, AXULAR (RUE)",,,Plein jour,En agglomération,Hors intersection,Normale,Deux véhicules - frontale,,,,,,,,,,,1,2,1,1,1
200600027494,0006-05-25 13:15:00,6,5,25,13,15,640,260,CD358,,,Plein jour,En agglomération,Intersection en T,Normale,Deux véhicules - côté,,,,,,,,,,,1,2,3,1,3