accident_id,datetime,annee,mois,jour,heure,minute,departement,commune_insee,adresse,latitude,longitude,luminosite,agglomeration,intersection,meteo,collision,nb_vehicules,nb_usagers,nb_indemnes,nb_tues,nb_blesses_hosp,nb_blesses_legers,age_cond_1,age_cond_2,veh_type_cond_1,veh_type_cond_2,lum_code,agg_code,int_code,atm_code,col_code
200600027495,0006-05-06 21:40:00,6,5,6,21,40,650,286,"1, MARANSIN (CHAUSSEE)",,,Nuit avec éclairage allumé,En agglomération,Intersection en T,Pluie forte,Autre collision,,,,,,,,,,,5,2,3,3,6
200600027496,0006-05-15 17:30:00,6,5,15,17,30,650,286,PAU (RUE DE),,,Plein jour,En agglomération,Hors intersection,Normale,Autre collision,,,,,,,,,,,1,2,1,1,6
200600027497,0006-05-29 09:55:00,6,5,29,9,55,650,286,PAU (RUE DE),,,Plein jour,En agglomération,Intersection en X,Normale,Autre collision,,,,,,,,,,,1,2,2,1,6
200600027498,0006-05-01 17:45:00,6,5,1,17,45,650,440,"., URAC (RUE PROLONGEE)",,,Plein jour,En agglomération,Intersection en Y,Normale,Deux véhicules - arrière,,,,,,,,,,,1,2,4,1,2
200600027499,0006-05-02 12:10:00,6,5,2,12,10,650,251,R.D.92,,,Plein jour,Hors agglomération,Intersection en X,Normale,Deux véhicules - côté,,,,,,,,,,,1,1,2,1,3
200600027500,0006-05-03 22:35:00,6,5,3,22,35,650,440,"46, MARTINET (BOULEVARD",,,Nuit avec éclairage allumé,En agglomération,Intersection en X,Normale,Deux véhicules - côté,,,,,,,,,,,5,2,2,1,3
200600027501,0006-05-06 11:20:00,6,5,6,11,20,650,440,", ESTEVENET (QUAI)",,,Plein jour,En agglomération,Intersection en T,Normale,Autre collision,,,,,,,,,,,1,2,3,1,6
200600027502,0006-05-11 17:08:00,6,5,11,17,8,650,440,"., LARREY (RUE)",,,Plein jour,En agglomération,Intersection en X,Normale,Deux véhicules - arrière,,,,,,,,,,,1,2,2,1,2
200600027503,0006-05-12 16:50:00,6,5,12,16,50,650,440,DEBUSSY (BOULEVARD CLAUD,,,Plein jour,En agglomération,Hors intersection,Normale,Deux véhicules - arrière,,,,,,,,,,,1,2,1,1,2
200600027504,0006-05-13 11:35:00,6,5,13,11,35,650,47,JAURES (AVE JEAN),,,Plein jour,Hors agglomération,Intersection en T,Pluie légère,Deux véhicules - côté,,,,,,,,,,,1,1,3,2,3
200600027505,0006-05-13 16:45:00,6,5,13,16,45,650,440,ALSACE LORRAINE (AVENUE),,,Plein jour,En agglomération,Intersection en T,Normale,Autre collision,,,,,,,,,,,1,2,3,1,6
200600027506,0006-05-15 06:50:00,6,5,15,6,50,650,100,"., FRANCE (RUE ANATOLE)",,,Plein jour,En agglomération,Hors intersection,Pluie légère,Deux véhicules - côté,,,,,,,,,,,1,2,1,2,3
200600027507,0006-05-15 11:25:00,6,5,15,11,25,650,440,"3, JAURES (PLACE JEAN)",,,Plein jour,En agglomération,Hors intersection,Normale,Autre collision,,,,,,,,,,,1,2,1,1,6
200600027508,0006-05-16 14:20:00,6,5,16,14,20,650,440,"., SAINT-EXUPERY (AVENUE",,,Plein jour,En agglomération,Intersection en T,Normale,Deux véhicules - côté,,,,,,,,,,,1,2,3,1,3
200600027509,0006-05-17 09:15:00,6,5,17,9,15,650,440,"3, MARNE (AVENUE DE LA)",,,Plein jour,En agglomération,Intersection en X,Normale,Autre collision,,,,,,,,,,,1,2,2,1,6
200600027510,0006-05-18 21:15:00,6,5,18,21,15,650,433,"., R.D. 92",,,Nuit sans éclairage public,Hors agglomération,Hors intersection,Pluie légère,Sans collision,,,,,,,,,,,3,1,1,2,7
200600027511,0006-05-19 17:45:00,6,5,19,17,45,650,440,"., PORTAIL D'AVANT (RUE)",,,Plein jour,En agglomération,Hors intersection,Normale,Deux véhicules - frontale,,,,,,,,,,,1,2,1,1,1
200600027512,0006-05-21 19:20:00,6,5,21,19,20,650,47,"., INDUSTRIE (RUE DE L')",,,Plein jour,En agglomération,Hors intersection,Normale,Autre collision,,,,,,,,,,,1,2,1,1,6
200600027513,0006-05-26 17:45:00,6,5,26,17,45,650,440,"., LAPORTE (RUE HONORE)",,,Plein jour,En agglomération,Intersection en X,Normale,Deux véhicules - côté,,,,,,,,,,,1,2,2,1,3
200600027514,0006-05-26 22:15:00,6,5,26,22,15,650,440,"3, MERMOZ (AVENUE JEAN)",,,Nuit avec éclairage allumé,En agglomération,Intersection en X,Normale,Autre collision,,,,,,,,,,,5,2,2,1,6
200600027515,0006-05-27 10:00:00,6,5,27,10,0,650,440,"4, DESPOURRINS (RUE)",,,Plein jour,En agglomération,Hors intersection,Normale,Deux véhicules - arrière,,,,,,,,,,,1,2,1,1,2
200600027516,0006-05-28 15:50:00,6,5,28,15,50,650,417,"., CLEMENCEAU (RUE GEORG",,,Plein jour,En agglomération,Intersection en X,Normale,Deux véhicules - côté,,,,,,,,,,,1,2,2,1,3
200600027517,0006-05-30 12:10:00,6,5,30,12,10,650,331,"., MESANGES (AVENUE DES)",,,Plein jour,En agglomération,Intersection en X,Normale,Deux véhicules - côté,,,,,,,,,,,1,2,2,1,3
200600027518,0006-05-06 11:15:00,6,5,6,11,15,660,136,"2, FUSTERIE (DE LA)",,,Plein jour,En agglomération,Hors intersection,Normale,Autre collision,,,,,,,,,,,1,2,1,1,6
200600027519,0006-05-09 06:45:00,6,5,9,6,45,660,136,"5, GRANDE BRETAGNE (AVEN",,,Plein jour,En agglomération,Intersection en T,Normale,Deux véhicules - côté,,,,,,,,,,,1,2,3,1,3
200600027520,0006-05-10 23:15:00,6,5,10,23,15,660,136,"48, NUNGESSER-ET-COLI (B",,,Nuit avec éclairage allumé,En agglomération,Hors intersection,Normale,Deux véhicules - frontale,,,,,,,,,,,5,2,1,1,1
200600027521,0006-05-17 07:30:00,6,5,17,7,30,660,136,"82, DALBIEZ (AVENUE VICT",,,Plein jour,En agglomération,Hors intersection,Normale,Autre collision,,,,,,,,,,,1,2,1,1,6
200600027522,0006-05-18 10:10:00,6,5,18,10,10,660,136,"20, BEARN DU",,,Plein jour,En agglomération,Hors intersection,Normale,Autre collision,,,,,,,,,,,1,2,1,1,6
200600027523,0006-05-21 13:20:00,6,5,21,13,20,660,136,GUYNEMER (AVENUE GEORGES,,,Plein jour,En agglomération,Hors intersection,Normale,Deux véhicules - côté,,,,,,,,,,,1,2,1,1,3
200600027524,0006-05-02 08:35:00,6,5,2,8,35,670,180,"1, SCHIRRHEIN (ROUTE DE)",,,Plein jour,Hors agglomération,Hors intersection,Normale,Deux véhicules - côté,,,,,,,,,,,1,1,1,1,3
200600027525,0006-05-18 08:30:00,6,5,18,8,30,670,180,"18, SCHIRRHEIN (ROUTE DE",,,Plein jour,En agglomération,Hors intersection,Pluie légère,Deux véhicules - côté,,,,,,,,,,,1,2,1,2,3
200600027526,0006-05-27 20:30:00,6,5,27,20,30,670,180,RD263,,,Plein jour,Hors agglomération,Intersection en X,Normale,Deux véhicules - côté,,,,,,,,,,,1,1,2,1,3
200600027527,0006-05-01 15:00:00,6,5,1,15,0,670,482,"170, RHIN (ROUTE DU)",,,Plein jour,En agglomération,Hors intersection,Temps couvert,Deux véhicules - côté,,,,,,,,,,,1,2,1,8,3
200600027528,0006-05-01 21:50:00,6,5,1,21,50,670,482,"31, NANCY (BOULEVARD DE)",,,Nuit avec éclairage allumé,En agglomération,Hors intersection,Normale,Deux véhicules - côté,,,,,,,,,,,5,2,1,1,3
200600027529,0006-05-02 13:00:00,6,5,2,13,0,670,43,ROBERTSAU (RUE DE LA),,,Plein jour,En agglomération,Intersection en T,Normale,Autre collision,,,,,,,,,,,1,2,3,1,6
200600027530,0006-05-02 14:25:00,6,5,2,14,25,670,482,"59, VOSGES (AVENUE DES)",,,Plein jour,En agglomération,Hors intersection,Normale,Autre collision,,,,,,,,,,,1,2,1,1,6
200600027531,0006-05-02 14:50:00,6,5,2,14,50,670,482,"9, BRUGES (RUE DE)",,,Plein jour,En agglomération,Intersection en X,Normale,Autre collision,,,,,,,,,,,1,2,2,1,6
200600027532,0006-05-03 12:15:00,6,5,3,12,15,670,447,"42, BISCHWILLER (ROUTE D",,,Plein jour,En agglomération,Hors intersection,Normale,Autre collision,,,,,,,,,,,1,2,1,1,6
200600027533,0006-05-03 14:20:00,6,5,3,14,20,670,482,STOSSWIHR (RUE DE),,,Plein jour,En agglomération,Intersection en T,Normale,Autre collision,,,,,,,,,,,1,2,3,1,6
200600027534,0006-05-03 15:00:00,6,5,3,15,0,670,482,"000, ARTHUR RIMBAUD (RUE",,,Plein jour,Hors agglomération,Intersection en T,Normale,Deux véhicules - côté,,,,,,,,,,,1,1,3,1,3
200600027535,0006-05-04 10:00:00,6,5,4,10,0,670,482,"00, POLYGONE (ROUTE DU)",,,Plein jour,En agglomération,Intersection en T,Normale,Deux véhicules - côté,,,,,,,,,,,1,2,3,1,3
200600027536,0006-05-04 14:45:00,6,5,4,14,45,670,482,"00, JEAN MERMOZ (RUE)",,,Plein jour,En agglomération,Intersection en X,Normale,Deux véhicules - côté,,,,,,,,,,,1,2,2,1,3
200600027537,0006-05-04 21:15:00,6,5,4,21,15,670,267,"1 B, HOLTZHEIM (RUE DE)",,,Nuit avec éclairage allumé,En agglomération,Hors intersection,Normale,Deux véhicules - arrière,,,,,,,,,,,5,2,1,1,2
200600027538,0006-05-05 02:10:00,6,5,5,2,10,670,482,"00, PLAINE DES BOUCHERS",,,Nuit avec éclairage allumé,En agglomération,Hors intersection,Normale,Deux véhicules - côté,,,,,,,,,,,5,2,1,1,3
200600027539,0006-05-05 16:15:00,6,5,5,16,15,670,482,MACON (RUE DE),,,Plein jour,En agglomération,Hors intersection,Normale,Deux véhicules - côté,,,,,,,,,,,1,2,1,1,3
200600027540,0006-05-06 04:10:00,6,5,6,4,10,670,218,"6, VINGT TROIS NOVEMBRE",,,Nuit avec éclairage allumé,En agglomération,Hors intersection,Normale,Deux véhicules - frontale,,,,,,,,,,,5,2,1,1,1
200600027541,0006-05-06 14:45:00,6,5,6,14,45,670,482,"223, COLMAR (AVENUE DE)",,,Plein jour,Hors agglomération,Intersection en T,Normale,Deux véhicules - côté,,,,,,,,,,,1,1,3,1,3
200600027542,0006-05-06 13:00:00,6,5,6,13,0,670,447,"52, SARREBOURG (RUE DE)",,,Plein jour,En agglomération,Hors intersection,Normale,Autre collision,,,,,,,,,,,1,2,1,1,6
200600027543,0006-05-07 13:20:00,6,5,7,13,20,670,482,PRESIDENT WILSON (BOULEV,,,Plein jour,En agglomération,Intersection en X,Normale,Deux véhicules - côté,,,,,,,,,,,1,2,2,1,3
200600027544,0006-05-07 14:00:00,6,5,7,14,0,670,447,"152, BISCHWILLER (ROUTE",,,Plein jour,En agglomération,Hors intersection,Normale,Sans collision,,,,,,,,,,,1,2,1,1,7
200600027545,0006-05-09 11:45:00,6,5,9,11,45,670,482,"15, RATHSAMSHAUSEN (RUE",,,Plein jour,En agglomération,Hors intersection,Pluie légère,Deux véhicules - côté,,,,,,,,,,,1,2,1,2,3
200600027546,0006-05-09 13:00:00,6,5,9,13,0,670,482,BEETHOVEN (RUE),,,Plein jour,En agglomération,Intersection en X,Pluie légère,Deux véhicules - frontale,,,,,,,,,,,1,2,2,2,1
200600027547,0006-05-09 15:55:00,6,5,9,15,55,670,482,"00, PRESIDENT WILSON (BO",,,Plein jour,En agglomération,Intersection en X,Pluie légère,Autre collision,,,,,,,,,,,1,2,2,2,6
200600027548,0006-05-09 20:00:00,6,5,9,20,0,670,482,"000, BRUMATH (ROUTE DE)",,,Crépuscule ou aube,En agglomération,Hors intersection,Normale,Deux véhicules - côté,,,,,,,,,,,2,2,1,1,3
200600027549,0006-05-10 16:20:00,6,5,10,16,20,670,482,"0, MOLSHEIM (RUE DE)",,,Plein jour,En agglomération,Hors intersection,Normale,Autre collision,,,,,,,,,,,1,2,1,1,6
200600027550,0006-05-10 17:10:00,6,5,10,17,10,670,447,"00, HERRENSCHMIDT (AVENU",,,Plein jour,En agglomération,Intersection en X,Normale,Autre collision,,,,,,,,,,,1,2,2,1,6
200600027551,0006-05-10 17:40:00,6,5,10,17,40,670,447,"153-155, SCHIRMECK (RUE",,,Plein jour,En agglomération,Hors intersection,Normale,Trois véhicules et plus - en chaîne,,,,,,,,,,,1,2,1,1,4
200600027552,0006-05-10 18:00:00,6,5,10,18,0,670,218,"0, RHIN (ROUTE DU)",,,Plein jour,En agglomération,Hors intersection,Normale,Deux véhicules - côté,,,,,,,,,,,1,2,1,1,3
200600027553,0006-05-11 11:55:00,6,5,11,11,55,670,482,GUTENBERG (PLACE),,,Plein jour,En agglomération,Hors intersection,Normale,Deux véhicules - frontale,,,,,,,,,,,1,2,1,1,1
200600027554,0006-05-12 15:05:00,6,5,12,15,5,670,43,"00, MARAIS (RUE DU)",,,Plein jour,En agglomération,Intersection en T,Normale,Deux véhicules - côté,,,,,,,,,,,1,2,3,1,3
200600027555,0006-05-15 17:35:00,6,5,15,17,35,670,482,"00, MUSAU (RUE DE LA)",,,Plein jour,En agglomération,Intersection en T,Normale,Deux véhicules - frontale,,,,,,,,,,,1,2,3,1,1
200600027556,0006-05-15 18:10:00,6,5,15,18,10,670,482,"00, BECQUEREL (RUE)",,,Plein jour,En agglomération,Intersection en T,Normale,Deux véhicules - frontale,,,,,,,,,,,1,2,3,1,1
200600027557,0006-05-16 07:30:00,6,5,16,7,30,670,365,"00, VOSGES (RUE DES)",,,Plein jour,Hors agglomération,Intersection en X,Pluie légère,Deux véhicules - arrière,,,,,,,,,,,1,1,2,2,2
200600027558,0006-05-17 11:00:00,6,5,17,11,0,670,267,"0, MARECHAL FOCH (RUE DU",,,Plein jour,En agglomération,Intersection en T,Normale,Deux véhicules - côté,,,,,,,,,,,1,2,3,1,3
200600027559,0006-05-17 18:22:00,6,5,17,18,22,670,482,GUSTAVE ADOLPHE HIRN (RU,,,Plein jour,En agglomération,Intersection en Y,Normale,Deux véhicules - côté,,,,,,,,,,,1,2,4,1,3
200600027560,0006-05-18 14:40:00,6,5,18,14,40,670,365,"00, GEISPOLSHEIM (RUE DE",,,Plein jour,En agglomération,Intersection en T,Pluie légère,Deux véhicules - arrière,,,,,,,,,,,1,2,3,2,2
200600027561,0006-05-18 23:30:00,6,5,18,23,30,670,365,"00, MARECHAL FOCH (RUE D",,,Nuit avec éclairage allumé,En agglomération,Intersection en X,Normale,Deux véhicules - côté,,,,,,,,,,,5,2,2,1,3
200600027562,0006-05-19 09:25:00,6,5,19,9,25,670,482,"0, COLMAR (AVENUE DE)",,,Plein jour,En agglomération,Intersection en X,Pluie légère,Deux véhicules - arrière,,,,,,,,,,,1,2,2,2,2
200600027563,0006-05-20 22:30:00,6,5,20,22,30,670,482,"00, MONTAGNE VERTE (RUE",,,Nuit avec éclairage allumé,En agglomération,Hors intersection,Pluie légère,Deux véhicules - côté,,,,,,,,,,,5,2,1,2,3
200600027564,0006-05-21 20:00:00,6,5,21,20,0,670,482,"4b, HOHWALD (RUE DU)",,,Plein jour,En agglomération,Hors intersection,Normale,Autre collision,,,,,,,,,,,1,2,1,1,6
200600027565,0006-05-22 09:40:00,6,5,22,9,40,670,482,"0, ROMAINS (ROUTE DES)",,,Plein jour,En agglomération,Intersection en T,Normale,Deux véhicules - côté,,,,,,,,,,,1,2,3,1,3
200600027566,0006-05-22 16:00:00,6,5,22,16,0,670,482,"31, POLYGONE (ROUTE DU)",,,Plein jour,En agglomération,Hors intersection,Pluie légère,Deux véhicules - côté,,,,,,,,,,,1,2,1,2,3
200600027567,0006-05-23 07:45:00,6,5,23,7,45,670,482,"00, MESANGE (RUE DE LA)",,,Plein jour,En agglomération,Intersection en X,Normale,Deux véhicules - côté,,,,,,,,,,,1,2,2,1,3
200600027568,0006-05-23 08:50:00,6,5,23,8,50,670,482,"83, SCHIRMECK (ROUTE DE)",,,Plein jour,En agglomération,Hors intersection,Normale,Deux véhicules - côté,,,,,,,,,,,1,2,1,1,3
200600027569,0006-05-23 18:20:00,6,5,23,18,20,670,43,"32, PERIGUEUX (AVENUE DE",,,Plein jour,Hors agglomération,Intersection en T,Normale,Trois véhicules et plus - collisions multiples,,,,,,,,,,,1,1,3,1,5
200600027570,0006-05-24 06:10:00,6,5,24,6,10,670,482,"000, RHIN (ROUTE DU)",,,Crépuscule ou aube,En agglomération,Intersection en X,Normale,Autre collision,,,,,,,,,,,2,2,2,1,6
200600027571,0006-05-07 16:35:00,6,5,7,16,35,670,218,"0, STRASBOURG (ROUTE DE)",,,Plein jour,En agglomération,Hors intersection,Normale,Sans collision,,,,,,,,,,,1,2,1,1,7
200600027572,0006-05-25 07:15:00,6,5,25,7,15,670,218,"0, ALFRED KASTLER (ROUTE",,,Plein jour,En agglomération,Hors intersection,Normale,Autre collision,,,,,,,,,,,1,2,1,1,6
200600027573,0006-05-26 17:25:00,6,5,26,17,25,670,482,"00, GRAND PONT (RUE DU)",,,Plein jour,En agglomération,Hors intersection,Vent fort / tempête,Trois véhicules et plus - en chaîne,,,,,,,,,,,1,2,1,6,4
200600027574,0006-05-27 05:10:00,6,5,27,5,10,670,267,"00, JUIFS (RUE DES)",,,Crépuscule ou aube,En agglomération,Intersection en T,Normale,Autre collision,,,,,,,,,,,2,2,3,1,6
200600027575,0006-05-27 12:50:00,6,5,27,12,50,670,482,"31, JEAN JAURES (AVENUE)",,,Plein jour,En agglomération,Hors intersection,Normale,Autre collision,,,,,,,,,,,1,2,1,1,6
200600027576,0006-05-30 07:31:00,6,5,30,7,31,670,482,", FRERES EBERTS (RUE DES",,,Plein jour,En agglomération,Intersection en X,Pluie légère,Deux véhicules - côté,,,,,,,,,,,1,2,2,2,3
200600027577,0006-05-30 16:15:00,6,5,30,16,15,670,482,"28, BATELIERS (QUAI DES)",,,Plein jour,En agglomération,Intersection en T,Normale,Autre collision,,,,,,,,,,,1,2,3,1,6
200600027578,0006-05-30 17:13:00,6,5,30,17,13,670,365,"00, GENERAL LECLERC (RUE",,,Plein jour,En agglomération,Intersection en T,Normale,Deux véhicules - côté,,,,,,,,,,,1,2,3,1,3
200600027579,0006-05-30 21:45:00,6,5,30,21,45,670,482,"29, POLYGONE (ROUTE DU)",,,Nuit avec éclairage allumé,En agglomération,Hors intersection,Pluie légère,Sans collision,,,,,,,,,,,5,2,1,2,7
200600027580,0006-05-02 16:40:00,6,5,2,16,40,680,66,"107, DE GAULLE (AVENUE D",,,Plein jour,Hors agglomération,Hors intersection,Normale,Autre collision,,,,,,,,,,,1,1,1,1,6
200600027581,0006-05-10 18:10:00,6,5,10,18,10,680,66,EUROPE (AVENUE DE L'),,,Plein jour,En agglomération,Intersection en X,Normale,Deux véhicules - côté,,,,,,,,,,,1,2,2,1,3
200600027582,0006-05-12 15:55:00,6,5,12,15,55,680,66,"19, CHAMP DE MARS (BLD D",,,Plein jour,En agglomération,Autre intersection,Normale,Deux véhicules - côté,,,,,,,,,,,1,2,9,1,3
200600027583,0006-05-16 15:00:00,6,5,16,15,0,680,66,SEMM (RUE DE LA),,,Plein jour,En agglomération,Intersection en X,Normale,Deux véhicules - côté,,,,,,,,,,,1,2,2,1,3
200600027584,0006-05-16 16:50:00,6,5,16,16,50,680,66,"10, HUNAWIHR (RUE DE)",,,Plein jour,En agglomération,Hors intersection,Normale,Autre collision,,,,,,,,,,,1,2,1,1,6
200600027585,0006-05-24 12:10:00,6,5,24,12,10,680,66,"15, INGERSHEIM (ROUTE D'",,,Plein jour,En agglomération,Hors intersection,Normale,Autre collision,,,,,,,,,,,1,2,1,1,6
200600027586,0006-05-26 16:25:00,6,5,26,16,25,680,66,"5, LADHOF (RUE DU)",,,Plein jour,En agglomération,Hors intersection,Normale,Autre collision,,,,,,,,,,,1,2,1,1,6
200600027587,0006-05-29 19:25:00,6,5,29,19,25,680,66,"15, GOLBERY (RUE)",,,Plein jour,En agglomération,Intersection en X,Pluie légère,Autre collision,,,,,,,,,,,1,2,2,2,6
200600027588,0006-05-30 16:45:00,6,5,30,16,45,680,66,LORRAINE (AVENUE DE),,,Plein jour,Hors agglomération,Intersection en T,Pluie légère,Trois véhicules et plus - collisions multiples,,,,,,,,,,,1,1,3,2,5
200600027589,0006-05-31 17:05:00,6,5,31,17,5,680,66,"26, SEMM (RUE DE LA)",,,Plein jour,En agglomération,Hors intersection,Normale,Autre collision,,,,,,,,,,,1,2,1,1,6
200600027590,0006-05-09 15:45:00,6,5,9,15,45,680,112,PENETRANTE (CD430 BIS),,,Plein jour,En agglomération,Hors intersection,Normale,Deux véhicules - côté,,,,,,,,,,,1,2,1,1,3
200600027591,0006-05-01 21:25:00,6,5,1,21,25,680,224,"48, FRANKLIN (RUE)",,,Nuit avec éclairage allumé,En agglomération,Intersection en X,Normale,Deux véhicules - côté,,,,,,,,,,,5,2,2,1,3
200600027592,0006-05-08 16:05:00,6,5,8,16,5,680,224,"175, MERTZAU (RUE DE LA)",,,Plein jour,En agglomération,Hors intersection,Temps couvert,Autre collision,,,,,,,,,,,1,2,1,8,6
200600027593,0006-05-12 01:45:00,6,5,12,1,45,680,224,"0, CONCORDE (PLACE DE LA",,,Nuit avec éclairage allumé,En agglomération,Hors intersection,Normale,Autre collision,,,,,,,,,,,5,2,1,1,6
200600027594,0006-05-05 16:25:00,6,5,5,16,25,680,224,"39, ILL (RUE DE L')",,,Plein jour,En agglomération,Hors intersection,Normale,Deux véhicules - côté,,,,,,,,,,,1,2,1,1,3
200600027595,0006-05-13 12:52:00,6,5,13,12,52,680,224,"2, SCHUMAN (AVENUE ROBER",,,Plein jour,Hors agglomération,Hors intersection,Normale,Autre collision,,,,,,,,,,,1,1,1,1,6
200600027596,0006-05-27 22:30:00,6,5,27,22,30,680,224,HEILMANN (RUE JOSUE),,,Nuit avec éclairage allumé,En agglomération,Intersection en X,Normale,Deux véhicules - côté,,,,,,,,,,,5,2,2,1,3
200600027597,0006-05-28 00:20:00,6,5,28,0,20,680,224,"42, KATZ (ALLEE NATHAN)",,,Nuit avec éclairage allumé,En agglomération,Intersection en X,Normale,Trois véhicules et plus - en chaîne,,,,,,,,,,,5,2,2,1,4
200600027598,0006-05-27 18:40:00,6,5,27,18,40,680,224,"175, MERTZAU (RUE DE LA)",,,Plein jour,En agglomération,Intersection en T,Normale,Deux véhicules - côté,,,,,,,,,,,1,2,3,1,3
200600027599,0006-05-22 08:59:00,6,5,22,8,59,680,224,GUNSBACH (RUE DE),,,Plein jour,En agglomération,Intersection en T,Normale,Deux véhicules - côté,,,,,,,,,,,1,2,3,1,3
200600027600,0006-05-31 21:05:00,6,5,31,21,5,680,224,"93, LEFEBVRE (RUE)",,,Crépuscule ou aube,En agglomération,Hors intersection,Normale,Deux véhicules - arrière,,,,,,,,,,,2,2,1,1,2
200600027601,0006-05-30 12:30:00,6,5,30,12,30,680,224,"10, WILSON (RUE)",,,Plein jour,En agglomération,Hors intersection,Normale,Autre collision,,,,,,,,,,,1,2,1,1,6
200600027602,0006-05-24 13:25:00,6,5,24,13,25,680,224,JUIN (AVENUE ALPHONSE),,,Plein jour,En agglomération,Intersection en X,Normale,Deux véhicules - côté,,,,,,,,,,,1,2,2,1,3
200600027603,0006-05-02 10:55:00,6,5,2,10,55,690,34,"02, CLAUDE BAUDRAND",,,Plein jour,En agglomération,Hors intersection,Normale,Autre collision,,,,,,,,,,,1,2,1,1,6
200600027604,0006-05-10 08:15:00,6,5,10,8,15,690,34,"4, MARGNOLLES (DE)",,,Plein jour,En agglomération,Hors intersection,Normale,Autre collision,,,,,,,,,,,1,2,1,1,6
200600027605,0006-05-12 13:05:00,6,5,12,13,5,690,34,JEAN PETIT,,,Plein jour,En agglomération,Intersection en X,Normale,Deux véhicules - frontale,,,,,,,,,,,1,2,2,1,1
200600027606,0006-05-12 02:30:00,6,5,12,2,30,690,34,BELLEVUE,,,Nuit avec éclairage allumé,En agglomération,Hors intersection,Normale,Autre collision,,,,,,,,,,,5,2,1,1,6
200600027607,0006-05-04 18:20:00,6,5,4,18,20,690,96,MOULIN (JEAN) (AV),,,Plein jour,En agglomération,Intersection en T,Normale,Deux véhicules - côté,,,,,,,,,,,1,2,3,1,3
200600027608,0006-05-27 12:05:00,6,5,27,12,5,690,149,"25, JEAN JAURES",,,Plein jour,En agglomération,Hors intersection,Normale,Autre collision,,,,,,,,,,,1,2,1,1,6
200600027609,0006-05-10 20:00:00,6,5,10,20,0,690,256,"4, GUY MOQUET",,,Plein jour,En agglomération,Hors intersection,Normale,Autre collision,,,,,,,,,,,1,2,1,1,6
200600027610,0006-05-01 03:00:00,6,5,1,3,0,690,199,"00, LOUIS AULAGNE",,,Nuit avec éclairage allumé,Hors agglomération,Hors intersection,Normale,Autre collision,,,,,,,,,,,5,1,1,1,6
200600027611,0006-05-02 15:30:00,6,5,2,15,30,690,29,"0, PARC DE PARILLY",,,Plein jour,En agglomération,Hors intersection,Normale,Autre collision,,,,,,,,,,,1,2,1,1,6
200600027612,0006-05-11 20:01:00,6,5,11,20,1,690,259,"20, VIVIANI",,,Plein jour,En agglomération,Hors intersection,Normale,Autre collision,,,,,,,,,,,1,2,1,1,6
200600027613,0006-05-13 15:25:00,6,5,13,15,25,690,259,"0, REPUBLIQUE (DE LA)",,,Plein jour,En agglomération,Intersection en T,Pluie légère,Deux véhicules - côté,,,,,,,,,,,1,2,3,2,3
200600027614,0006-05-16 21:40:00,6,5,16,21,40,690,199,CARNOT,,,Nuit avec éclairage allumé,En agglomération,Intersection en X,Normale,Deux véhicules - arrière,,,,,,,,,,,5,2,2,1,2
200600027615,0006-05-18 14:30:00,6,5,18,14,30,690,199,"00, LOUIS BLANC",,,Plein jour,En agglomération,Intersection en T,Pluie forte,Deux véhicules - côté,,,,,,,,,,,1,2,3,3,3
200600027616,0006-05-24 09:10:00,6,5,24,9,10,690,29,"0, PARC DE PARILLY",,,Plein jour,Hors agglomération,Hors intersection,Normale,Autre collision,,,,,,,,,,,1,1,1,1,6
200600027617,0006-05-30 21:40:00,6,5,30,21,40,690,259,"26, LOUIS PERGAUD",,,Nuit avec éclairage non allumé,En agglomération,Hors intersection,Normale,Autre collision,,,,,,,,,,,4,2,1,1,6
200600027618,0006-05-26 16:45:00,6,5,26,16,45,690,259,", LAURENT BONNEVAY",,,Plein jour,Hors agglomération,Hors intersection,Normale,Deux véhicules - côté,,,,,,,,,,,1,1,1,1,3
200600027619,0006-05-31 20:25:00,6,5,31,20,25,690,259,VIVIANI,,,Plein jour,En agglomération,Hors intersection,Normale,Deux véhicules - arrière,,,,,,,,,,,1,2,1,1,2
200600027620,0006-05-01 19:20:00,6,5,1,19,20,690,264,"125, ANSE D'   R",,,Plein jour,En agglomération,Intersection en T,Normale,Deux véhicules - côté,,,,,,,,,,,1,2,3,1,3
200600027621,0006-05-05 17:45:00,6,5,5,17,45,690,264,FRANS ROUTE DE,,,Plein jour,En agglomération,Hors intersection,Normale,Autre collision,,,,,,,,,,,1,2,1,1,6
200600027622,0006-05-06 14:50:00,6,5,6,14,50,690,13,LONGSARD (ROUTE DE),,,Plein jour,En agglomération,Intersection en X,Pluie légère,Autre collision,,,,,,,,,,,1,2,2,2,6
200600027623,0006-05-03 12:55:00,6,5,3,12,55,690,115,ECOSSAIS (RUE DES),,,Plein jour,Hors agglomération,Hors intersection,Normale,Autre collision,,,,,,,,,,,1,1,1,1,6
200600027624,0006-05-13 18:45:00,6,5,13,18,45,690,264,"112, DECHAVANNE",,,Plein jour,En agglomération,Hors intersection,Normale,Trois véhicules et plus - en chaîne,,,,,,,,,,,1,2,1,1,4
200600027625,0006-05-25 19:00:00,6,5,25,19,0,690,13,JOUX (AVENUE DE),,,Plein jour,En agglomération,Intersection en T,Normale,Deux véhicules - arrière,,,,,,,,,,,1,2,3,1,2
200600027626,0006-05-05 11:11:00,6,5,5,11,11,690,264,BALLOFFET JOSEPH   AV,,,Plein jour,En agglomération,Hors intersection,Normale,Deux véhicules - côté,,,,,,,,,,,1,2,1,1,3
200600027627,0006-05-04 14:50:00,6,5,4,14,50,690,266,"204, AV R SALENGRO",,,Plein jour,En agglomération,Hors intersection,Normale,Deux véhicules - côté,,,,,,,,,,,1,2,1,1,3