accident_id,datetime,annee,mois,jour,heure,minute,departement,commune_insee,adresse,latitude,longitude,luminosite,agglomeration,intersection,meteo,collision,nb_vehicules,nb_usagers,nb_indemnes,nb_tues,nb_blesses_hosp,nb_blesses_legers,age_cond_1,age_cond_2,veh_type_cond_1,veh_type_cond_2,lum_code,agg_code,int_code,atm_code,col_code
200600028034,0006-05-16 17:50:00,6,5,16,17,50,750,5,R MONGE BD SAINT GERMAIN,,,Plein jour,En agglomération,Intersection en X,Normale,Deux véhicules - côté,,,,,,,,,,,1,2,2,1,3
200600028035,0006-05-16 22:50:00,6,5,16,22,50,750,5,R DES ECOLES R DE LA SOR,,,Nuit avec éclairage allumé,En agglomération,Intersection en X,Normale,Deux véhicules - côté,,,,,,,,,,,5,2,2,1,3
200600028036,0006-05-16 09:30:00,6,5,16,9,30,750,7,11 QU BRANLY,,,Plein jour,En agglomération,Hors intersection,Normale,Deux véhicules - côté,,,,,,,,,,,1,2,1,1,3
200600028037,0006-05-16 18:09:00,6,5,16,18,9,750,9,R LA FAYETTE R PAPILLON,,,Plein jour,En agglomération,Intersection en Y,Normale,Deux véhicules - côté,,,,,,,,,,,1,2,4,1,3
200600028038,0006-05-16 11:00:00,6,5,16,11,0,750,10,158 R LA FAYETTE,,,Plein jour,En agglomération,Hors intersection,Normale,Deux véhicules - arrière,,,,,,,,,,,1,2,1,1,2
200600028039,0006-05-16 18:20:00,6,5,16,18,20,750,10,56 R DU CHATEAU D EAU,,,Plein jour,En agglomération,Hors intersection,Normale,Autre collision,,,,,,,,,,,1,2,1,1,6
200600028040,0006-05-16 13:40:00,6,5,16,13,40,750,12,60 BD DIDEROT,,,Plein jour,En agglomération,Hors intersection,Normale,Deux véhicules - côté,,,,,,,,,,,1,2,1,1,3
200600028041,0006-05-16 12:20:00,6,5,16,12,20,750,16,R DEBROUSSE AV DU PDT WI,,,Plein jour,En agglomération,Intersection en X,Normale,Deux véhicules - côté,,,,,,,,,,,1,2,2,1,3
200600028042,0006-05-16 19:05:00,6,5,16,19,5,750,18,18 R RAYMOND QUENEAU,,,Plein jour,En agglomération,Hors intersection,Normale,Autre collision,,,,,,,,,,,1,2,1,1,6
200600028043,0006-05-16 18:00:00,6,5,16,18,0,750,19,128 R HAXO,,,Plein jour,En agglomération,Hors intersection,Normale,Sans collision,,,,,,,,,,,1,2,1,1,7
200600028044,0006-05-16 11:30:00,6,5,16,11,30,750,20,R HENRI CHEVREAU R MENIL,,,Plein jour,En agglomération,Intersection en X,Normale,Deux véhicules - côté,,,,,,,,,,,1,2,2,1,3
200600028045,0006-05-17 12:50:00,6,5,17,12,50,750,3,4 RUE REAUMUR,,,Plein jour,En agglomération,Hors intersection,Normale,Autre collision,,,,,,,,,,,1,2,1,1,6
200600028046,0006-05-17 13:30:00,6,5,17,13,30,750,7,AV MARECHAL GALLIENI R D,,,Plein jour,En agglomération,Intersection en X,Normale,Deux véhicules - côté,,,,,,,,,,,1,2,2,1,3
200600028047,0006-05-02 14:45:00,6,5,2,14,45,750,6,PT NEUF,,,Plein jour,En agglomération,Hors intersection,Normale,Deux véhicules - arrière,,,,,,,,,,,1,2,1,1,2
200600028048,0006-05-17 16:12:00,6,5,17,16,12,750,7,QU ANATOLE FRANCE R DU B,,,Plein jour,En agglomération,Intersection en X,Normale,Autre collision,,,,,,,,,,,1,2,2,1,6
200600028049,0006-05-17 22:15:00,6,5,17,22,15,750,8,R LA BOETIE AV CHAMPS EL,,,Nuit avec éclairage allumé,En agglomération,Intersection en X,Pluie légère,Deux véhicules - arrière,,,,,,,,,,,5,2,2,2,2
200600028050,0006-05-17 09:00:00,6,5,17,9,0,750,12,BD DIDEROT R DE REUILLY,,,Plein jour,En agglomération,Intersection en X,Normale,Deux véhicules - arrière,,,,,,,,,,,1,2,2,1,2
200600028051,0006-05-17 08:40:00,6,5,17,8,40,750,13,R COYPEL AV GOBELINS,,,Plein jour,En agglomération,Intersection en X,Normale,Deux véhicules - côté,,,,,,,,,,,1,2,2,1,3
200600028052,0006-05-17 16:10:00,6,5,17,16,10,750,14,AV DU MAINE R RAYMOND LO,,,Plein jour,En agglomération,Intersection en X,Normale,Deux véhicules - arrière,,,,,,,,,,,1,2,2,1,2
200600028053,0006-05-17 22:00:00,6,5,17,22,0,750,16,R RANELAGH R RAYNOUARD,,,Nuit avec éclairage allumé,En agglomération,Intersection en X,Pluie légère,Autre collision,,,,,,,,,,,5,2,2,2,6
200600028054,0006-05-17 09:30:00,6,5,17,9,30,750,16,RTE DES MOULINS RTE DE S,,,Plein jour,En agglomération,Intersection en X,Normale,Deux véhicules - côté,,,,,,,,,,,1,2,2,1,3
200600028055,0006-05-17 18:35:00,6,5,17,18,35,750,17,R DES DAMES R DE ROME,,,Plein jour,En agglomération,Intersection en X,Normale,Deux véhicules - côté,,,,,,,,,,,1,2,2,1,3
200600028056,0006-05-17 22:20:00,6,5,17,22,20,750,17,14 BD DE BATIGNOLLES,,,Nuit avec éclairage allumé,En agglomération,Hors intersection,Pluie forte,Sans collision,,,,,,,,,,,5,2,1,3,7
200600028057,0006-05-17 01:55:00,6,5,17,1,55,750,17,AV DE CLICHY R LEGENDRE,,,Nuit avec éclairage allumé,En agglomération,Intersection en X,Normale,Deux véhicules - côté,,,,,,,,,,,5,2,2,1,3
200600028058,0006-05-17 15:50:00,6,5,17,15,50,750,19,4 AV SECRETAN,,,Plein jour,En agglomération,Hors intersection,Normale,Autre collision,,,,,,,,,,,1,2,1,1,6
200600028059,0006-05-17 23:00:00,6,5,17,23,0,750,19,190 BD MAC DONALD,,,Nuit avec éclairage allumé,En agglomération,Hors intersection,Pluie légère,Deux véhicules - côté,,,,,,,,,,,5,2,1,2,3
200600028060,0006-05-17 00:40:00,6,5,17,0,40,750,19,BD D INDOCHINE R DE TOUL,,,Nuit sans éclairage public,En agglomération,Intersection en X,Normale,Deux véhicules - arrière,,,,,,,,,,,3,2,2,1,2
200600028061,0006-05-17 16:30:00,6,5,17,16,30,750,20,98 BD MORTIER,,,Plein jour,En agglomération,Hors intersection,Normale,Deux véhicules - côté,,,,,,,,,,,1,2,1,1,3
200600028062,0006-05-18 05:50:00,6,5,18,5,50,750,2,R REAUMUR R SAINT DENIS,,,Nuit avec éclairage allumé,En agglomération,Intersection en X,Normale,Autre collision,,,,,,,,,,,5,2,2,1,6
200600028063,0006-05-18 16:20:00,6,5,18,16,20,750,7,98 R SAINT DOMINIQUE,,,Plein jour,En agglomération,Hors intersection,Normale,Deux véhicules - côté,,,,,,,,,,,1,2,1,1,3
200600028064,0006-05-18 17:55:00,6,5,18,17,55,750,8,86 R DU ROCHER,,,Plein jour,En agglomération,Hors intersection,Normale,Autre collision,,,,,,,,,,,1,2,1,1,6
200600028065,0006-05-18 18:30:00,6,5,18,18,30,750,8,BD DE COURCELLES PL DE L,,,Plein jour,En agglomération,Intersection en X,Normale,Deux véhicules - arrière,,,,,,,,,,,1,2,2,1,2
200600028066,0006-05-18 15:20:00,6,5,18,15,20,750,8,R DES MATHURINS R TRONCH,,,Plein jour,En agglomération,Intersection en X,Normale,Deux véhicules - côté,,,,,,,,,,,1,2,2,1,3
200600028067,0006-05-18 18:20:00,6,5,18,18,20,750,11,R RAMPON AV DE LA REPUBL,,,Plein jour,En agglomération,Intersection en T,Normale,Deux véhicules - côté,,,,,,,,,,,1,2,3,1,3
200600028068,0006-05-18 11:23:00,6,5,18,11,23,750,11,R JEAN PIERRE TIMBAUD R,,,Plein jour,En agglomération,Intersection en X,Normale,Autre collision,,,,,,,,,,,1,2,2,1,6
200600028069,0006-05-18 09:00:00,6,5,18,9,0,750,14,86 R DE L AMIRAL MOUCHEZ,,,Plein jour,En agglomération,Hors intersection,Normale,Deux véhicules - côté,,,,,,,,,,,1,2,1,1,3
200600028070,0006-05-18 00:05:00,6,5,18,0,5,750,14,R DU CHATEAU AV DU MAINE,,,Nuit avec éclairage allumé,En agglomération,Intersection en T,Normale,Deux véhicules - côté,,,,,,,,,,,5,2,3,1,3
200600028071,0006-05-18 09:05:00,6,5,18,9,5,750,15,R DE LA CONVENTION R LAU,,,Plein jour,En agglomération,Intersection en T,Normale,Deux véhicules - côté,,,,,,,,,,,1,2,3,1,3
200600028072,0006-05-18 14:30:00,6,5,18,14,30,750,15,12 R DE CEPRE,,,Plein jour,En agglomération,Hors intersection,Normale,Deux véhicules - arrière,,,,,,,,,,,1,2,1,1,2
200600028073,0006-05-18 16:55:00,6,5,18,16,55,750,16,PL CHARLES DE GAULLE AV,,,Plein jour,En agglomération,Intersection en T,Normale,Deux véhicules - côté,,,,,,,,,,,1,2,3,1,3
200600028074,0006-05-18 18:45:00,6,5,18,18,45,750,17,92 R POUCHET,,,Plein jour,En agglomération,Hors intersection,Normale,Deux véhicules - arrière,,,,,,,,,,,1,2,1,1,2
200600028075,0006-05-19 11:15:00,6,5,19,11,15,750,1,SOU LEMONNIER,,,Plein jour,En agglomération,Hors intersection,Normale,Deux véhicules - arrière,,,,,,,,,,,1,2,1,1,2
200600028076,0006-05-18 14:35:00,6,5,18,14,35,750,17,25 R TOULOUSE LAUTREC,,,Plein jour,En agglomération,Hors intersection,Normale,Deux véhicules - arrière,,,,,,,,,,,1,2,1,1,2
200600028077,0006-05-19 13:30:00,6,5,19,13,30,750,6,48 BD RASPAIL,,,Plein jour,En agglomération,Hors intersection,Normale,Deux véhicules - côté,,,,,,,,,,,1,2,1,1,3
200600028078,0006-05-19 10:00:00,6,5,19,10,0,750,6,76 R DE RENNES,,,Plein jour,En agglomération,Hors intersection,Normale,Deux véhicules - côté,,,,,,,,,,,1,2,1,1,3
200600028079,0006-05-18 23:35:00,6,5,18,23,35,750,17,R ANDRE BRECHET AV DE LA,,,Nuit avec éclairage allumé,En agglomération,Intersection en X,Pluie légère,Deux véhicules - côté,,,,,,,,,,,5,2,2,2,3
200600028080,0006-05-19 12:55:00,6,5,19,12,55,750,7,BD DES INVALIDES R DE SE,,,Plein jour,En agglomération,Intersection en X,Normale,Deux véhicules - côté,,,,,,,,,,,1,2,2,1,3
200600028081,0006-05-18 18:00:00,6,5,18,18,0,750,18,46 AV DE SAINT OUEN,,,Plein jour,En agglomération,Hors intersection,Normale,Autre collision,,,,,,,,,,,1,2,1,1,6
200600028082,0006-05-19 00:25:00,6,5,19,0,25,750,8,66 AV HOCHE,,,Nuit avec éclairage allumé,En agglomération,Hors intersection,Pluie légère,Autre collision,,,,,,,,,,,5,2,1,2,6
200600028083,0006-05-19 17:48:00,6,5,19,17,48,750,10,264 R DU FG ST MARTIN,,,Plein jour,En agglomération,Hors intersection,Normale,Deux véhicules - côté,,,,,,,,,,,1,2,1,1,3
200600028084,0006-05-19 20:55:00,6,5,19,20,55,750,10,39 BD LA CHAPELLE,,,Plein jour,En agglomération,Hors intersection,Normale,Deux véhicules - côté,,,,,,,,,,,1,2,1,1,3
200600028085,0006-05-19 23:35:00,6,5,19,23,35,750,11,92 AV PARMENTIER,,,Nuit avec éclairage allumé,En agglomération,Hors intersection,Normale,Deux véhicules - côté,,,,,,,,,,,5,2,1,1,3
200600028086,0006-05-19 14:05:00,6,5,19,14,5,750,11,R DE MALTE R RAMPON,,,Plein jour,En agglomération,Intersection en X,Normale,Deux véhicules - côté,,,,,,,,,,,1,2,2,1,3
200600028087,0006-05-19 19:50:00,6,5,19,19,50,750,11,R DU FG ST ANTOINE R DES,,,Plein jour,En agglomération,Intersection en X,Normale,Deux véhicules - arrière,,,,,,,,,,,1,2,2,1,2
200600028088,0006-05-18 12:32:00,6,5,18,12,32,750,20,R DE MENILMONTANT R PELL,,,Plein jour,En agglomération,Intersection en X,Normale,Autre collision,,,,,,,,,,,1,2,2,1,6
200600028089,0006-05-19 17:05:00,6,5,19,17,5,750,13,R DU JAVELOT R DE TOLBIA,,,Plein jour,En agglomération,Intersection en X,Normale,Deux véhicules - côté,,,,,,,,,,,1,2,2,1,3
200600028090,0006-05-19 20:55:00,6,5,19,20,55,750,13,180 R JEANNE D ARC,,,Plein jour,En agglomération,Hors intersection,Normale,Sans collision,,,,,,,,,,,1,2,1,1,7
200600028091,0006-05-18 08:10:00,6,5,18,8,10,750,20,7 BD MORTIER,,,Plein jour,En agglomération,Hors intersection,Normale,Deux véhicules - arrière,,,,,,,,,,,1,2,1,1,2
200600028092,0006-05-19 12:50:00,6,5,19,12,50,750,14,64 AV JEAN MOULIN,,,Plein jour,En agglomération,Hors intersection,Normale,Deux véhicules - côté,,,,,,,,,,,1,2,1,1,3
200600028093,0006-05-18 05:33:00,6,5,18,5,33,750,20,R GUEBRIANT BD MORTIER,,,Nuit avec éclairage allumé,En agglomération,Intersection en X,Pluie légère,Deux véhicules - côté,,,,,,,,,,,5,2,2,2,3
200600028094,0006-05-21 21:00:00,6,5,21,21,0,750,3,R SAINT GILLES R DE TURE,,,Nuit avec éclairage allumé,En agglomération,Intersection en X,Pluie légère,Autre collision,,,,,,,,,,,5,2,2,2,6
200600028095,0006-05-21 18:50:00,6,5,21,18,50,750,4,R DU PETIT MUSC R SAINT,,,Plein jour,En agglomération,Intersection en T,Pluie légère,Deux véhicules - côté,,,,,,,,,,,1,2,3,2,3
200600028096,0006-05-19 14:15:00,6,5,19,14,15,750,15,R BLOMET R CAMBRONNE,,,Plein jour,En agglomération,Intersection en X,Normale,Deux véhicules - côté,,,,,,,,,,,1,2,2,1,3
200600028097,0006-05-19 21:45:00,6,5,19,21,45,750,15,BD DE GRENELLE QU DE GRE,,,Nuit avec éclairage allumé,En agglomération,Intersection en X,Normale,Deux véhicules - côté,,,,,,,,,,,5,2,2,1,3
200600028098,0006-05-21 05:25:00,6,5,21,5,25,750,8,34 R MARBEUF,,,Nuit avec éclairage allumé,En agglomération,Hors intersection,Normale,Autre collision,,,,,,,,,,,5,2,1,1,6
200600028099,0006-05-19 18:00:00,6,5,19,18,0,750,16,VILLA MALAKOFF AV RAYMON,,,Plein jour,En agglomération,Intersection en X,Normale,Deux véhicules - côté,,,,,,,,,,,1,2,2,1,3
200600028100,0006-05-21 03:32:00,6,5,21,3,32,750,8,R BASSANO AV CHAMPS ELYS,,,Nuit avec éclairage allumé,En agglomération,Intersection en T,Normale,Deux véhicules - côté,,,,,,,,,,,5,2,3,1,3
200600028101,0006-05-19 06:40:00,6,5,19,6,40,750,16,PL PTE D AUTEUIL BD SUCH,,,Plein jour,En agglomération,Intersection en X,Normale,Deux véhicules - côté,,,,,,,,,,,1,2,2,1,3
200600028102,0006-05-19 08:10:00,6,5,19,8,10,750,17,AV DE CLICHY R LE CHAPEL,,,Plein jour,En agglomération,Intersection en X,Normale,Deux véhicules - côté,,,,,,,,,,,1,2,2,1,3
200600028103,0006-05-19 12:45:00,6,5,19,12,45,750,17,BPI ASNIERES CLICHY,,,Plein jour,En agglomération,Hors intersection,Normale,Deux véhicules - côté,,,,,,,,,,,1,2,1,1,3
200600028104,0006-05-21 21:30:00,6,5,21,21,30,750,8,AV GEORGE V R VERNET,,,Nuit avec éclairage allumé,En agglomération,Intersection en X,Pluie légère,Deux véhicules - côté,,,,,,,,,,,5,2,2,2,3
200600028105,0006-05-21 07:10:00,6,5,21,7,10,750,9,BD HAUSSMANN R LE PELETI,,,Plein jour,En agglomération,Intersection en X,Normale,Deux véhicules - côté,,,,,,,,,,,1,2,2,1,3
200600028106,0006-05-21 06:15:00,6,5,21,6,15,750,10,BD DE LA CHAPELLE BD DE,,,Plein jour,En agglomération,Intersection en X,Normale,Deux véhicules - côté,,,,,,,,,,,1,2,2,1,3
200600028107,0006-05-21 06:50:00,6,5,21,6,50,750,11,R OBERKAMPF BD RICHARD L,,,Plein jour,En agglomération,Intersection en X,Normale,Sans collision,,,,,,,,,,,1,2,2,1,7
200600028108,0006-05-21 17:20:00,6,5,21,17,20,750,12,206 AV DAUMESNIL,,,Plein jour,En agglomération,Hors intersection,Normale,Autre collision,,,,,,,,,,,1,2,1,1,6
200600028109,0006-05-19 06:45:00,6,5,19,6,45,750,20,EC BAGNOLET,,,Plein jour,En agglomération,Hors intersection,Normale,Sans collision,,,,,,,,,,,1,2,1,1,7
200600028110,0006-05-21 15:00:00,6,5,21,15,0,750,13,AV PORTE  D ITALIE ECH I,,,Plein jour,En agglomération,Intersection en T,Normale,Deux véhicules - côté,,,,,,,,,,,1,2,3,1,3
200600028111,0006-05-19 18:35:00,6,5,19,18,35,750,20,R DESIREE AV GAMBETTA,,,Crépuscule ou aube,En agglomération,Intersection en X,Normale,Deux véhicules - côté,,,,,,,,,,,2,2,2,1,3
200600028112,0006-05-20 12:30:00,6,5,20,12,30,750,1,R CAMBON BD DE LA MADELE,,,Plein jour,En agglomération,Intersection à plus de 4 branches,Temps couvert,Deux véhicules - côté,,,,,,,,,,,1,2,5,8,3
200600028113,0006-05-20 15:45:00,6,5,20,15,45,750,5,2 R CUJAS,,,Plein jour,En agglomération,Hors intersection,Normale,Autre collision,,,,,,,,,,,1,2,1,1,6
200600028114,0006-05-20 12:40:00,6,5,20,12,40,750,6,R ANCIENNE COMEDIE BD SA,,,Plein jour,En agglomération,Intersection en T,Pluie légère,Sans collision,,,,,,,,,,,1,2,3,2,7
200600028115,0006-05-20 17:15:00,6,5,20,17,15,750,6,108 BD DU MONTPARNASSE,,,Plein jour,En agglomération,Hors intersection,Normale,Autre collision,,,,,,,,,,,1,2,1,1,6
200600028116,0006-05-21 11:25:00,6,5,21,11,25,750,16,ALL DE LONGCHAMP RTE DAU,,,Plein jour,En agglomération,Intersection en X,Normale,Autre collision,,,,,,,,,,,1,2,2,1,6
200600028117,0006-05-20 17:55:00,6,5,20,17,55,750,8,102 BD HAUSSMANN,,,Plein jour,En agglomération,Hors intersection,Normale,Deux véhicules - côté,,,,,,,,,,,1,2,1,1,3
200600028118,0006-05-20 05:32:00,6,5,20,5,32,750,8,AV GEORGE V PL J HENRY D,,,Nuit avec éclairage allumé,En agglomération,Intersection à plus de 4 branches,Pluie légère,Autre collision,,,,,,,,,,,5,2,5,2,6
200600028119,0006-05-20 12:45:00,6,5,20,12,45,750,8,R D AMSTERDAM R DE LIEGE,,,Plein jour,En agglomération,Intersection en X,Pluie légère,Autre collision,,,,,,,,,,,1,2,2,2,6
200600028120,0006-05-21 19:45:00,6,5,21,19,45,750,16,68 AV KLEBER,,,Plein jour,En agglomération,Hors intersection,Pluie légère,Autre collision,,,,,,,,,,,1,2,1,2,6
200600028121,0006-05-20 09:20:00,6,5,20,9,20,750,9,BD HAUSSMANN R LE PELETI,,,Plein jour,En agglomération,Intersection en X,Temps couvert,Deux véhicules - côté,,,,,,,,,,,1,2,2,8,3
200600028122,0006-05-21 22:45:00,6,5,21,22,45,750,17,BD BESSIERES R POUCHET,,,Nuit avec éclairage allumé,En agglomération,Intersection en Y,Pluie légère,Autre collision,,,,,,,,,,,5,2,4,2,6
200600028123,0006-05-20 23:53:00,6,5,20,23,53,750,9,14 R DE MILAN,,,Nuit avec éclairage allumé,En agglomération,Hors intersection,Normale,Autre collision,,,,,,,,,,,5,2,1,1,6
200600028124,0006-05-20 16:35:00,6,5,20,16,35,750,10,84 BD DE MAGENTA,,,Plein jour,En agglomération,Hors intersection,Pluie légère,Sans collision,,,,,,,,,,,1,2,1,2,7
200600028125,0006-05-21 01:50:00,6,5,21,1,50,750,17,AV NIEL AV DES TERNES,,,Nuit avec éclairage allumé,En agglomération,Intersection en X,Normale,Deux véhicules - côté,,,,,,,,,,,5,2,2,1,3
200600028126,0006-05-20 19:10:00,6,5,20,19,10,750,11,110 R FG SAINT ANTOINE,,,Plein jour,En agglomération,Hors intersection,Temps couvert,Deux véhicules - côté,,,,,,,,,,,1,2,1,8,3
200600028127,0006-05-21 00:40:00,6,5,21,0,40,750,19,132 AV JEAN JAURES,,,Nuit avec éclairage allumé,En agglomération,Hors intersection,Normale,Deux véhicules - côté,,,,,,,,,,,5,2,1,1,3
200600028128,0006-05-20 16:55:00,6,5,20,16,55,750,11,R DE CRUSSOL BD DU TEMPL,,,Plein jour,En agglomération,Intersection en T,Normale,Deux véhicules - côté,,,,,,,,,,,1,2,3,1,3
200600028129,0006-05-20 19:20:00,6,5,20,19,20,750,12,86 AV LEDRU ROLLIN,,,Plein jour,En agglomération,Hors intersection,Normale,Deux véhicules - côté,,,,,,,,,,,1,2,1,1,3
200600028130,0006-05-20 17:10:00,6,5,20,17,10,750,12,320 R DE CHARENTON,,,Plein jour,En agglomération,Hors intersection,Normale,Autre collision,,,,,,,,,,,1,2,1,1,6
200600028131,0006-05-20 15:26:00,6,5,20,15,26,750,12,50 AV GEN MICHEL BIZOT,,,Plein jour,En agglomération,Hors intersection,Normale,Autre collision,,,,,,,,,,,1,2,1,1,6
200600028132,0006-05-20 06:10:00,6,5,20,6,10,750,14,PL DENF ROCHEREAU AV GEN,,,Plein jour,En agglomération,Intersection à plus de 4 branches,Pluie légère,Deux véhicules - arrière,,,,,,,,,,,1,2,5,2,2
200600028133,0006-05-20 15:00:00,6,5,20,15,0,750,14,50 R LIANCOURT,,,Plein jour,En agglomération,Hors intersection,Normale,Autre collision,,,,,,,,,,,1,2,1,1,6
200600028134,0006-05-20 20:50:00,6,5,20,20,50,750,16,L5272 AV DU PDT KENNEDY,,,Nuit avec éclairage allumé,En agglomération,Hors intersection,Normale,Autre collision,,,,,,,,,,,5,2,1,1,6
200600028135,0006-05-20 00:15:00,6,5,20,0,15,750,17,8 PL DU MARECHAL JUIN,,,Nuit avec éclairage allumé,En agglomération,Hors intersection,Normale,Sans collision,,,,,,,,,,,5,2,1,1,7
200600028136,0006-05-20 01:20:00,6,5,20,1,20,750,17,R DENIS POISSON AV GRAND,,,Nuit avec éclairage allumé,En agglomération,Intersection en T,Normale,Deux véhicules - côté,,,,,,,,,,,5,2,3,1,3
200600028137,0006-05-20 23:00:00,6,5,20,23,0,750,18,PL DE LA CHAPELLE R MARX,,,Nuit avec éclairage allumé,En agglomération,Intersection en X,Normale,Deux véhicules - côté,,,,,,,,,,,5,2,2,1,3
200600028138,0006-05-20 19:10:00,6,5,20,19,10,750,18,R DIARD R MARCADET,,,Plein jour,En agglomération,Intersection en T,Normale,Autre collision,,,,,,,,,,,1,2,3,1,6
200600028139,0006-05-20 02:40:00,6,5,20,2,40,750,20,R DE BAGNOLET R DES PYRE,,,Nuit avec éclairage allumé,En agglomération,Intersection en X,Pluie légère,Deux véhicules - côté,,,,,,,,,,,5,2,2,2,3
200600028140,0006-05-20 18:02:00,6,5,20,18,2,750,20,BD DAVOUT R PAGANINI,,,Plein jour,En agglomération,Intersection en T,Normale,Deux véhicules - côté,,,,,,,,,,,1,2,3,1,3
200600028141,0006-05-20 00:24:00,6,5,20,0,24,750,20,226 R DES PYRENEES,,,Plein jour,En agglomération,Hors intersection,Normale,Deux véhicules - côté,,,,,,,,,,,1,2,1,1,3
200600028142,0006-05-22 17:42:00,6,5,22,17,42,750,5,38 R HENRI BARBUSSE,,,Plein jour,En agglomération,Hors intersection,Normale,Autre collision,,,,,,,,,,,1,2,1,1,6
200600028143,0006-05-22 21:50:00,6,5,22,21,50,750,6,BD SAINT MICHEL PL EDMON,,,Nuit avec éclairage allumé,En agglomération,Intersection en X,Normale,Deux véhicules - côté,,,,,,,,,,,5,2,2,1,3
200600028144,0006-05-22 13:30:00,6,5,22,13,30,750,8,PL DE LA CONCORDE PT DE,,,Plein jour,En agglomération,Intersection en T,Normale,Deux véhicules - côté,,,,,,,,,,,1,2,3,1,3
200600028145,0006-05-22 17:10:00,6,5,22,17,10,750,8,AV CHAMPS ELYSEES PL CH,,,Plein jour,En agglomération,Intersection en T,Temps couvert,Deux véhicules - côté,,,,,,,,,,,1,2,3,8,3
200600028146,0006-05-22 20:37:00,6,5,22,20,37,750,11,PL DE LA NATION R DE TAI,,,Plein jour,En agglomération,Intersection en X,Normale,Deux véhicules - côté,,,,,,,,,,,1,2,2,1,3
200600028147,0006-05-22 21:25:00,6,5,22,21,25,750,11,204 R DE LA ROQUETTE,,,Plein jour,En agglomération,Hors intersection,Normale,Autre collision,,,,,,,,,,,1,2,1,1,6
200600028148,0006-05-22 15:15:00,6,5,22,15,15,750,11,PAS BONNE GRAINE R FG SA,,,Plein jour,En agglomération,Intersection en T,Pluie légère,Deux véhicules - arrière,,,,,,,,,,,1,2,3,2,2
200600028149,0006-05-22 11:15:00,6,5,22,11,15,750,12,BD DIDEROT R DE PICPUS,,,Plein jour,En agglomération,Intersection en X,Normale,Autre collision,,,,,,,,,,,1,2,2,1,6
200600028150,0006-05-22 11:40:00,6,5,22,11,40,750,12,116 R DE REUILLY,,,Plein jour,En agglomération,Hors intersection,Normale,Deux véhicules - côté,,,,,,,,,,,1,2,1,1,3
200600028151,0006-05-22 23:10:00,6,5,22,23,10,750,13,R CAILLAUX AV D ITALIE,,,Nuit avec éclairage allumé,En agglomération,Intersection en T,Normale,Deux véhicules - côté,,,,,,,,,,,5,2,3,1,3
200600028152,0006-05-22 12:45:00,6,5,22,12,45,750,16,18 R WILHEM,,,Plein jour,En agglomération,Hors intersection,Normale,Deux véhicules - côté,,,,,,,,,,,1,2,1,1,3
200600028153,0006-05-22 10:50:00,6,5,22,10,50,750,19,104 AV DE FLANDRE,,,Plein jour,En agglomération,Hors intersection,Normale,Sans collision,,,,,,,,,,,1,2,1,1,7
200600028154,0006-05-22 18:30:00,6,5,22,18,30,750,19,208 BD MACDONALD,,,Plein jour,En agglomération,Hors intersection,Temps couvert,Autre collision,,,,,,,,,,,1,2,1,8,6
200600028155,0006-05-05 08:20:00,6,5,5,8,20,750,14,BPE CHATILLON ORLEANS,,,Plein jour,En agglomération,Hors intersection,Normale,Deux véhicules - côté,,,,,,,,,,,1,2,1,1,3
200600028156,0006-05-05 12:40:00,6,5,5,12,40,750,20,BPE MONTREUIL BAGNOLET,,,Plein jour,En agglomération,Hors intersection,Normale,Autre collision,,,,,,,,,,,1,2,1,1,6
200600028157,0006-05-06 23:43:00,6,5,6,23,43,750,18,ECH CHAPELLE,,,Nuit avec éclairage allumé,En agglomération,Hors intersection,Pluie légère,Deux véhicules - arrière,,,,,,,,,,,5,2,1,2,2
200600028158,0006-05-07 22:10:00,6,5,7,22,10,750,12,BPE DOREE SAINT MANDE,,,Nuit avec éclairage allumé,En agglomération,Hors intersection,Normale,Autre collision,,,,,,,,,,,5,2,1,1,6
200600028159,0006-05-07 05:45:00,6,5,7,5,45,750,13,BPI BERCY GARE,,,Nuit avec éclairage allumé,En agglomération,Hors intersection,Normale,Autre collision,,,,,,,,,,,5,2,1,1,6
200600028160,0006-05-09 18:05:00,6,5,9,18,5,750,16,BPI POINT DU JOUR  SAINT,,,Plein jour,En agglomération,Hors intersection,Pluie légère,Trois véhicules et plus - en chaîne,,,,,,,,,,,1,2,1,2,4
200600028161,0006-05-09 13:50:00,6,5,9,13,50,750,15,BPI SEVRES ISSY LES MLX,,,Plein jour,En agglomération,Hors intersection,Pluie légère,Autre collision,,,,,,,,,,,1,2,1,2,6
200600028162,0006-05-10 08:25:00,6,5,10,8,25,750,17,BPE ST OUEN CLICHY,,,Plein jour,En agglomération,Hors intersection,Normale,Sans collision,,,,,,,,,,,1,2,1,1,7
200600028163,0006-05-11 13:35:00,6,5,11,13,35,750,12,BPI CHARENTON BERCY,,,Plein jour,En agglomération,Hors intersection,Normale,Deux véhicules - arrière,,,,,,,,,,,1,2,1,1,2
200600028164,0006-05-12 18:40:00,6,5,12,18,40,750,17,BPI CLICHY ST OUEN,,,Plein jour,En agglomération,Hors intersection,Normale,Deux véhicules - côté,,,,,,,,,,,1,2,1,1,3
200600028165,0006-05-12 09:20:00,6,5,12,9,20,750,20,BPE VINCENNES MONTREUIL,,,Plein jour,En agglomération,Hors intersection,Normale,Trois véhicules et plus - en chaîne,,,,,,,,,,,1,2,1,1,4
200600028166,0006-05-13 23:20:00,6,5,13,23,20,750,12,R DE BERCY BD DE BERCY,,,Nuit avec éclairage allumé,En agglomération,Intersection en T,Normale,Autre collision,,,,,,,,,,,5,2,3,1,6
200600028167,0006-05-13 07:50:00,6,5,13,7,50,750,16,BPI ST CLOUD MOLITOR ECH,,,Plein jour,En agglomération,Intersection en Y,Normale,Trois véhicules et plus - collisions multiples,,,,,,,,,,,1,2,4,1,5