accident_id,datetime,annee,mois,jour,heure,minute,departement,commune_insee,adresse,latitude,longitude,luminosite,agglomeration,intersection,meteo,collision,nb_vehicules,nb_usagers,nb_indemnes,nb_tues,nb_blesses_hosp,nb_blesses_legers,age_cond_1,age_cond_2,veh_type_cond_1,veh_type_cond_2,lum_code,agg_code,int_code,atm_code,col_code
200600028437,0006-05-23 12:35:00,6,5,23,12,35,760,540,"50, YSER. BOULEVARD DE L",,,Plein jour,En agglomération,Hors intersection,Temps couvert,Deux véhicules - arrière,,,,,,,,,,,1,2,1,8,2
200600028438,0006-05-24 13:05:00,6,5,24,13,5,760,402,"258, DIEPPE. ROUTE DE (R",,,Plein jour,En agglomération,Hors intersection,Normale,Deux véhicules - arrière,,,,,,,,,,,1,2,1,1,2
200600028439,0006-05-25 11:40:00,6,5,25,11,40,760,157,"1, MAUPASSANT. COTE GUY",,,Plein jour,En agglomération,Hors intersection,Pluie légère,Sans collision,,,,,,,,,,,1,2,1,2,7
200600028440,0006-05-26 13:25:00,6,5,26,13,25,760,540,"1, MARNE. BOULEVARD DE L",,,Plein jour,En agglomération,Hors intersection,Normale,Autre collision,,,,,,,,,,,1,2,1,1,6
200600028441,0006-05-28 16:00:00,6,5,28,16,0,760,540,"18, GUILLAUME LE CONQUER",,,Plein jour,En agglomération,Hors intersection,Normale,Autre collision,,,,,,,,,,,1,2,1,1,6
200600028442,0006-05-28 17:50:00,6,5,28,17,50,760,319,"1, LECLERC. AVENUE DU GE",,,Plein jour,En agglomération,Hors intersection,Normale,Deux véhicules - côté,,,,,,,,,,,1,2,1,1,3
200600028443,0006-05-29 19:00:00,6,5,29,19,0,760,322,"1, MAURICE RAVEL - QUART",,,Plein jour,En agglomération,Hors intersection,Normale,Deux véhicules - côté,,,,,,,,,,,1,2,1,1,3
200600028444,0006-05-30 08:50:00,6,5,30,8,50,760,410,DUCLAIR. ROUTE DE (CD 86,,,Plein jour,Hors agglomération,Hors intersection,Normale,Deux véhicules - côté,,,,,,,,,,,1,1,1,1,3
200600028445,0006-05-30 12:20:00,6,5,30,12,20,760,575,"1, CROIZAT. AVENUE AMBRO",,,Plein jour,En agglomération,Hors intersection,Normale,Deux véhicules - arrière,,,,,,,,,,,1,2,1,1,2
200600028446,0006-05-30 16:40:00,6,5,30,16,40,760,498,"53, ROUGET DE LISLE. RUE",,,Plein jour,En agglomération,Hors intersection,Normale,Autre collision,,,,,,,,,,,1,2,1,1,6
200600028447,0006-05-31 07:00:00,6,5,31,7,0,760,410,"1, MARTYRS DE LA RESISTA",,,Plein jour,En agglomération,Hors intersection,Normale,Deux véhicules - côté,,,,,,,,,,,1,2,1,1,3
200600028448,0006-05-06 14:15:00,6,5,6,14,15,770,479,"01, HUGO (PLACE VICTOR)",,,Plein jour,En agglomération,Giratoire,Normale,Deux véhicules - côté,,,,,,,,,,,1,2,6,1,3
200600028449,0006-05-23 20:30:00,6,5,23,20,30,770,479,"112, CHELLES (RUE DE)",,,Plein jour,En agglomération,Hors intersection,Temps couvert,Autre collision,,,,,,,,,,,1,2,1,8,6
200600028450,0006-05-02 12:30:00,6,5,2,12,30,770,131,"4, REBAIS (AVENUE DE)",,,Plein jour,En agglomération,Hors intersection,Normale,Deux véhicules - arrière,,,,,,,,,,,1,2,1,1,2
200600028451,0006-05-03 14:20:00,6,5,3,14,20,770,131,"116, GENERAL LECLERC (RU",,,Plein jour,En agglomération,Autre intersection,Temps éblouissant,Deux véhicules - arrière,,,,,,,,,,,1,2,9,7,2
200600028452,0006-05-06 10:30:00,6,5,6,10,30,770,131,"28, MORIN (rue du)",,,Plein jour,En agglomération,Intersection en T,Normale,Deux véhicules - côté,,,,,,,,,,,1,2,3,1,3
200600028453,0006-05-16 13:20:00,6,5,16,13,20,770,320,"309, CHAMPAGNE (RUE DES)",,,Plein jour,En agglomération,Intersection en Y,Normale,Deux véhicules - côté,,,,,,,,,,,1,2,4,1,3
200600028454,0006-05-26 23:40:00,6,5,26,23,40,770,28,PRESSOUCY  (LIEU DIT),,,Nuit sans éclairage public,Hors agglomération,Hors intersection,Normale,Deux véhicules - frontale,,,,,,,,,,,3,1,1,1,1
200600028455,0006-05-29 09:00:00,6,5,29,9,0,770,371,"1, VALLEE (RUE DE LA)",,,Plein jour,En agglomération,Hors intersection,Normale,Deux véhicules - côté,,,,,,,,,,,1,2,1,1,3
200600028456,0006-05-22 22:55:00,6,5,22,22,55,770,131,THEIL (RUE DU),,,Nuit sans éclairage public,En agglomération,Hors intersection,Normale,Sans collision,,,,,,,,,,,3,2,1,1,7
200600028457,0006-05-31 13:25:00,6,5,31,13,25,770,281,D402,,,Plein jour,Hors agglomération,Hors intersection,Pluie légère,Trois véhicules et plus - en chaîne,,,,,,,,,,,1,1,1,2,4
200600028458,0006-05-19 08:45:00,6,5,19,8,45,770,407,RN 7,,,Plein jour,Hors agglomération,Intersection en T,Normale,Autre collision,,,,,,,,,,,1,1,3,1,6
200600028459,0006-05-29 14:35:00,6,5,29,14,35,770,152,"16, LYS(AVENUE DU)N°9 A",,,Plein jour,En agglomération,Hors intersection,Normale,Autre collision,,,,,,,,,,,1,2,1,1,6
200600028460,0006-05-07 19:52:00,6,5,7,19,52,770,186,RD 409 panneau ONF à LIB,,,Plein jour,Hors agglomération,Hors intersection,Pluie légère,Sans collision,,,,,,,,,,,1,1,1,2,7
200600028461,0006-05-06 14:45:00,6,5,6,14,45,770,186,ROND POINT OBELISQUE,,,Plein jour,En agglomération,Hors intersection,Pluie légère,Autre collision,,,,,,,,,,,1,2,1,2,6
200600028462,0006-05-08 22:10:00,6,5,8,22,10,770,186,RN7 de Barbizon à pavé d,,,Nuit sans éclairage public,Hors agglomération,Hors intersection,Pluie légère,Deux véhicules - côté,,,,,,,,,,,3,1,1,2,3
200600028463,0006-05-20 00:35:00,6,5,20,0,35,770,186,RN152 de l'obélisque à p,,,Nuit sans éclairage public,Hors agglomération,Hors intersection,Normale,Autre collision,,,,,,,,,,,3,1,1,1,6
200600028464,0006-05-22 20:45:00,6,5,22,20,45,770,14,"45, FRANKLIN ROOSEVELT (",,,Plein jour,En agglomération,Hors intersection,Normale,Autre collision,,,,,,,,,,,1,2,1,1,6
200600028465,0006-05-24 17:30:00,6,5,24,17,30,770,442,"22, ROUTE DE CHAMPAGNE",,,Plein jour,En agglomération,Hors intersection,Normale,Deux véhicules - côté,,,,,,,,,,,1,2,1,1,3
200600028466,0006-05-30 16:45:00,6,5,30,16,45,770,186,RN7 de Barbizon à pavé d,,,Plein jour,Hors agglomération,Intersection en T,Normale,Deux véhicules - arrière,,,,,,,,,,,1,1,3,1,2
200600028467,0006-05-01 12:30:00,6,5,1,12,30,770,330,TESSAN F (AVENUE DE ),,,Plein jour,En agglomération,Hors intersection,Normale,Deux véhicules - côté,,,,,,,,,,,1,2,1,1,3
200600028468,0006-05-01 15:40:00,6,5,1,15,40,770,475,"3, DE GAULLE (RUE GAL)",,,Plein jour,En agglomération,Hors intersection,Pluie légère,Deux véhicules - arrière,,,,,,,,,,,1,2,1,2,2
200600028469,0006-05-05 13:08:00,6,5,5,13,8,770,284,"12, ALLENDE (AV.SALVADOR",,,Plein jour,En agglomération,Hors intersection,Normale,Deux véhicules - arrière,,,,,,,,,,,1,2,1,1,2
200600028470,0006-05-11 07:35:00,6,5,11,7,35,770,284,"20, BRIAND (RUE ARISTIDE",,,Plein jour,En agglomération,Hors intersection,Normale,Deux véhicules - arrière,,,,,,,,,,,1,2,1,1,2
200600028471,0006-05-13 04:40:00,6,5,13,4,40,770,276,"3, JEAN SERVA (RUE)",,,Nuit avec éclairage allumé,En agglomération,Hors intersection,Normale,Sans collision,,,,,,,,,,,5,2,1,1,7
200600028472,0006-05-14 13:20:00,6,5,14,13,20,770,284,"15, COSMONAUTES (BD.DES)",,,Plein jour,En agglomération,Hors intersection,Normale,Sans collision,,,,,,,,,,,1,2,1,1,7
200600028473,0006-05-19 17:10:00,6,5,19,17,10,770,513,"4, CHAUSSEE DE PARIS (RU",,,Plein jour,En agglomération,Hors intersection,Pluie légère,Deux véhicules - côté,,,,,,,,,,,1,2,1,2,3
200600028474,0006-05-20 11:25:00,6,5,20,11,25,770,284,"1, BRICONNETS (RUE GUILL",,,Plein jour,En agglomération,Hors intersection,Normale,Autre collision,,,,,,,,,,,1,2,1,1,6
200600028475,0006-05-23 08:30:00,6,5,23,8,30,770,369,DAMPLEGER (RUE DE),,,Plein jour,Hors agglomération,Hors intersection,Normale,Trois véhicules et plus - collisions multiples,,,,,,,,,,,1,1,1,1,5
200600028476,0006-05-29 17:40:00,6,5,29,17,40,770,284,"7, ALLENDE (AV.SALVADOR)",,,Plein jour,En agglomération,Hors intersection,Pluie légère,Deux véhicules - arrière,,,,,,,,,,,1,2,1,2,2
200600028477,0006-05-30 13:45:00,6,5,30,13,45,770,284,"3, APPEL DU 18 JUIN 1940",,,Plein jour,En agglomération,Hors intersection,Normale,Sans collision,,,,,,,,,,,1,2,1,1,7
200600028478,0006-05-31 17:00:00,6,5,31,17,0,770,284,"7, APPEL DU 18 JUIN 1940",,,Plein jour,En agglomération,Hors intersection,Normale,Sans collision,,,,,,,,,,,1,2,1,1,7
200600028479,0006-05-04 23:25:00,6,5,4,23,25,770,67,D.346,,,Nuit avec éclairage allumé,Hors agglomération,Giratoire,Normale,Sans collision,,,,,,,,,,,5,1,6,1,7
200600028480,0006-05-04 11:55:00,6,5,4,11,55,770,288,13 QUAI FOCH,,,Plein jour,En agglomération,Hors intersection,Temps éblouissant,Autre collision,,,,,,,,,,,1,2,1,7,6
200600028481,0006-05-03 18:05:00,6,5,3,18,5,770,294,STRAUSS (RUE),,,Plein jour,En agglomération,Intersection en X,Normale,Deux véhicules - côté,,,,,,,,,,,1,2,2,1,3
200600028482,0006-05-03 19:15:00,6,5,3,19,15,770,294,JEAN BAPTISTE CLEMENT (A,,,Plein jour,En agglomération,Hors intersection,Normale,Deux véhicules - frontale,,,,,,,,,,,1,2,1,1,1
200600028483,0006-05-05 08:10:00,6,5,5,8,10,770,291,CD 212,,,Plein jour,Hors agglomération,Hors intersection,Normale,Trois véhicules et plus - collisions multiples,,,,,,,,,,,1,1,1,1,5
200600028484,0006-05-08 10:25:00,6,5,8,10,25,770,462,MOULIN (RUE DU),,,Plein jour,En agglomération,Intersection en T,Normale,Deux véhicules - frontale,,,,,,,,,,,1,2,3,1,1
200600028485,0006-05-05 06:15:00,6,5,5,6,15,770,291,CD 212,,,Plein jour,Hors agglomération,Hors intersection,Normale,Deux véhicules - frontale,,,,,,,,,,,1,1,1,1,1
200600028486,0006-05-05 11:28:00,6,5,5,11,28,770,294,NEWTON (RUE),,,Plein jour,En agglomération,Hors intersection,Normale,Deux véhicules - côté,,,,,,,,,,,1,2,1,1,3
200600028487,0006-05-11 18:55:00,6,5,11,18,55,770,296,"464, PHILIPPE BUR(AVENUE",,,Plein jour,En agglomération,Hors intersection,Normale,Autre collision,,,,,,,,,,,1,2,1,1,6
200600028488,0006-05-13 16:15:00,6,5,13,16,15,770,180,FONTAINE (ALLEE DE LA),,,Plein jour,En agglomération,Autre intersection,Pluie légère,Trois véhicules et plus - collisions multiples,,,,,,,,,,,1,2,9,2,5
200600028489,0006-05-31 15:40:00,6,5,31,15,40,770,251,GRANDS CHAMPS (RUE DES),,,Plein jour,En agglomération,Giratoire,Normale,Deux véhicules - frontale,,,,,,,,,,,1,2,6,1,1
200600028490,0006-05-20 18:05:00,6,5,20,18,5,770,482,"37, GRANDE (RUE)",,,Plein jour,En agglomération,Hors intersection,Vent fort / tempête,Sans collision,,,,,,,,,,,1,2,1,6,7
200600028491,0006-05-15 08:25:00,6,5,15,8,25,770,494,CD 210,,,Plein jour,Hors agglomération,Intersection en X,Normale,Deux véhicules - côté,,,,,,,,,,,1,1,2,1,3
200600028492,0006-05-25 18:10:00,6,5,25,18,10,770,79,GENERAL DE GAULLE (RUE D,,,Plein jour,En agglomération,Hors intersection,Pluie légère,Deux véhicules - frontale,,,,,,,,,,,1,2,1,2,1
200600028493,0006-05-01 04:30:00,6,5,1,4,30,770,202,"30, BOURG (RUE DU)",,,Nuit avec éclairage allumé,En agglomération,Hors intersection,Normale,Autre collision,,,,,,,,,,,5,2,1,1,6
200600028494,0006-05-16 10:00:00,6,5,16,10,0,770,333,"57, HUGO (PLACE VICTOR)",,,Plein jour,En agglomération,Intersection en X,Normale,Autre collision,,,,,,,,,,,1,2,2,1,6
200600028495,0006-05-20 10:50:00,6,5,20,10,50,770,373,"45, ROBESPIERRE (RUE)",,,Plein jour,En agglomération,Hors intersection,Normale,Deux véhicules - frontale,,,,,,,,,,,1,2,1,1,1
200600028496,0006-05-16 07:05:00,6,5,16,7,5,770,379,LIBERATION (AVENUE DE LA,,,Plein jour,En agglomération,Intersection en X,Normale,Deux véhicules - côté,,,,,,,,,,,1,2,2,1,3
200600028497,0006-05-21 15:45:00,6,5,21,15,45,770,514,ROUTE NATIONALE 3,,,Plein jour,Hors agglomération,Hors intersection,Normale,Sans collision,,,,,,,,,,,1,1,1,1,7
200600028498,0006-05-26 20:30:00,6,5,26,20,30,770,514,VILLEVAUDE (ROUTE DE),,,Plein jour,Hors agglomération,Hors intersection,Normale,Autre collision,,,,,,,,,,,1,1,1,1,6
200600028499,0006-05-22 15:45:00,6,5,22,15,45,770,514,GENERAL DE GAULLE (AVENU,,,Plein jour,En agglomération,Intersection en X,Normale,Deux véhicules - côté,,,,,,,,,,,1,2,2,1,3
200600028500,0006-05-12 00:01:00,6,5,12,0,1,780,92,BOISSY D'ANGLAS (QUAI),,,Nuit avec éclairage allumé,En agglomération,Hors intersection,Normale,Deux véhicules - côté,,,,,,,,,,,5,2,1,1,3
200600028501,0006-05-12 20:35:00,6,5,12,20,35,780,126,JONCHERE (AVENUE DE LA),,,Plein jour,En agglomération,Intersection en T,Normale,Autre collision,,,,,,,,,,,1,2,3,1,6
200600028502,0006-05-24 05:45:00,6,5,24,5,45,780,92,RENNEQUIN SUALEM (QUAI),,,Crépuscule ou aube,En agglomération,Hors intersection,Normale,Deux véhicules - frontale,,,,,,,,,,,2,2,1,1,1
200600028503,0006-05-02 17:10:00,6,5,2,17,10,780,138,"9, ANDRESY (RUE D')",,,Plein jour,En agglomération,Hors intersection,Normale,Autre collision,,,,,,,,,,,1,2,1,1,6
200600028504,0006-05-15 08:25:00,6,5,15,8,25,780,172,CLEMENT (RUE DESIRE),,,Plein jour,En agglomération,Intersection en X,Normale,Deux véhicules - côté,,,,,,,,,,,1,2,2,1,3
200600028505,0006-05-23 13:35:00,6,5,23,13,35,780,15,"0.00, SCHWEISGUTH (RUE D",,,Plein jour,En agglomération,Hors intersection,Normale,Sans collision,,,,,,,,,,,1,2,1,1,7
200600028506,0006-05-30 09:15:00,6,5,30,9,15,780,172,"0.00, CHEMIN VERT (RUE D",,,Plein jour,En agglomération,Intersection en X,Normale,Deux véhicules - côté,,,,,,,,,,,1,2,2,1,3
200600028507,0006-05-09 18:30:00,6,5,9,18,30,780,172,"0.00, DUNANT (RUE HENRI)",,,Plein jour,En agglomération,Hors intersection,Pluie légère,Deux véhicules - côté,,,,,,,,,,,1,2,1,2,3
200600028508,0006-05-10 16:29:00,6,5,10,16,29,780,172,"11, ECOUVILLIERS (RUE DE",,,Plein jour,En agglomération,Hors intersection,Normale,Sans collision,,,,,,,,,,,1,2,1,1,7
200600028509,0006-05-24 07:45:00,6,5,24,7,45,780,5,RD 30,,,Plein jour,En agglomération,Hors intersection,Normale,Deux véhicules - arrière,,,,,,,,,,,1,2,1,1,2
200600028510,0006-05-06 13:20:00,6,5,6,13,20,780,5,"74, BOURGOIN (RUE GEORGE",,,Plein jour,En agglomération,Hors intersection,Normale,Deux véhicules - côté,,,,,,,,,,,1,2,1,1,3
200600028511,0006-05-10 17:40:00,6,5,10,17,40,780,168,"Indét, COGNASSIERS (RUE",,,Plein jour,En agglomération,Intersection en T,Normale,Deux véhicules - arrière,,,,,,,,,,,1,2,3,1,2
200600028512,0006-05-16 18:55:00,6,5,16,18,55,780,208,DEPARTEMENTALE 58 (ROUTE,,,Plein jour,Hors agglomération,Hors intersection,Normale,Deux véhicules - frontale,,,,,,,,,,,1,1,1,1,1
200600028513,0006-05-19 10:35:00,6,5,19,10,35,780,383,DEPARTEMENTALE 13 (ROUTE,,,Plein jour,En agglomération,Intersection en T,Normale,Deux véhicules - arrière,,,,,,,,,,,1,2,3,1,2
200600028514,0006-05-29 07:45:00,6,5,29,7,45,780,644,"Indét, SCHULLER  (AVENUE",,,Plein jour,En agglomération,Intersection en T,Pluie légère,Deux véhicules - côté,,,,,,,,,,,1,2,3,2,3
200600028515,0006-05-31 09:55:00,6,5,31,9,55,780,168,"43, VOIE LATERALE SUD",,,Plein jour,En agglomération,Hors intersection,Temps couvert,Deux véhicules - côté,,,,,,,,,,,1,2,1,8,3
200600028516,0006-05-31 18:15:00,6,5,31,18,15,780,383,"Indét, LOIRE (BOULEVARD",,,Plein jour,En agglomération,Giratoire,Normale,Deux véhicules - côté,,,,,,,,,,,1,2,6,1,3
200600028517,0006-05-05 17:00:00,6,5,5,17,0,780,297,EUROPE (AVENUE DE L'),,,Plein jour,En agglomération,Hors intersection,Autre,Autre collision,,,,,,,,,,,1,2,1,9,6
200600028518,0006-05-13 18:45:00,6,5,13,18,45,780,423,AQUEDUC (AVENUE DE L'),,,Plein jour,En agglomération,Intersection en T,Normale,Deux véhicules - côté,,,,,,,,,,,1,2,3,1,3
200600028519,0006-05-12 18:45:00,6,5,12,18,45,780,297,"ignoré, GOLF (AVENUE DU)",,,Plein jour,En agglomération,Hors intersection,Normale,Sans collision,,,,,,,,,,,1,2,1,1,7
200600028520,0006-05-07 01:35:00,6,5,7,1,35,780,124,"10, FERMETTES (RUE DES)",,,Nuit avec éclairage allumé,En agglomération,Hors intersection,Normale,Autre collision,,,,,,,,,,,5,2,1,1,6
200600028521,0006-05-21 12:05:00,6,5,21,12,5,780,311,"30, PASTEUR (RUE)",,,Plein jour,En agglomération,Intersection en T,Normale,Deux véhicules - côté,,,,,,,,,,,1,2,3,1,3
200600028522,0006-05-14 18:40:00,6,5,14,18,40,780,335,"31, AVENUE DE LA PAIX",,,Plein jour,En agglomération,Hors intersection,Normale,Autre collision,,,,,,,,,,,1,2,1,1,6
200600028523,0006-05-30 14:00:00,6,5,30,14,0,780,362,"10, RUE DU JURA",,,Plein jour,En agglomération,Hors intersection,Normale,Autre collision,,,,,,,,,,,1,2,1,1,6
200600028524,0006-05-18 20:05:00,6,5,18,20,5,780,372,EUROPE (AVENUE DE L'),,,Plein jour,En agglomération,Hors intersection,Normale,Deux véhicules - côté,,,,,,,,,,,1,2,1,1,3
200600028525,0006-05-20 11:00:00,6,5,20,11,0,780,372,"7, GARE",,,Plein jour,En agglomération,Hors intersection,Pluie légère,Sans collision,,,,,,,,,,,1,2,1,2,7
200600028526,0006-05-10 17:55:00,6,5,10,17,55,780,440,EUROPE (AVENUE DE L'),,,Plein jour,En agglomération,Hors intersection,Normale,Sans collision,,,,,,,,,,,1,2,1,1,7
200600028527,0006-05-03 15:15:00,6,5,3,15,15,780,440,PAUL RAOULT (AVENUE),,,Plein jour,En agglomération,Hors intersection,Normale,Trois véhicules et plus - en chaîne,,,,,,,,,,,1,2,1,1,4
200600028528,0006-05-03 12:40:00,6,5,3,12,40,780,638,"31, PONTOISE (ROUTE DE)",,,Plein jour,En agglomération,Intersection en X,Normale,Deux véhicules - côté,,,,,,,,,,,1,2,2,1,3
200600028529,0006-05-14 20:40:00,6,5,14,20,40,780,227,"indt, CD 922",,,Crépuscule ou aube,Hors agglomération,Hors intersection,Normale,Sans collision,,,,,,,,,,,2,1,1,1,7
200600028530,0006-05-13 04:50:00,6,5,13,4,50,780,238,CD 14,,,Nuit sans éclairage public,En agglomération,Hors intersection,Normale,Deux véhicules - côté,,,,,,,,,,,3,2,1,1,3
200600028531,0006-05-19 15:25:00,6,5,19,15,25,780,238,CD 14,,,Plein jour,En agglomération,Hors intersection,Normale,Sans collision,,,,,,,,,,,1,2,1,1,7
200600028532,0006-05-22 16:00:00,6,5,22,16,0,780,440,CENTRE ESPACE,,,Plein jour,En agglomération,Hors intersection,Normale,Autre collision,,,,,,,,,,,1,2,1,1,6
200600028533,0006-05-22 17:15:00,6,5,22,17,15,780,29,CHARLES DE GAULLE (AVENU,,,Plein jour,En agglomération,Intersection en X,Normale,Deux véhicules - arrière,,,,,,,,,,,1,2,2,1,2
200600028534,0006-05-07 17:25:00,6,5,7,17,25,780,674,CD 11,,,Plein jour,En agglomération,Hors intersection,Normale,Deux véhicules - arrière,,,,,,,,,,,1,2,1,1,2
200600028535,0006-05-15 16:10:00,6,5,15,16,10,780,490,RD 134,,,Plein jour,En agglomération,Hors intersection,Normale,Deux véhicules - arrière,,,,,,,,,,,1,2,1,1,2
200600028536,0006-05-24 18:55:00,6,5,24,18,55,780,165,"1, SAINT GERMAIN (AVENUE",,,Plein jour,En agglomération,Hors intersection,Normale,Deux véhicules - frontale,,,,,,,,,,,1,2,1,1,1
200600028537,0006-05-14 19:10:00,6,5,14,19,10,780,498,BON ROI SAINT LOUIS AVEN,,,Plein jour,En agglomération,Intersection en X,Normale,Trois véhicules et plus - collisions multiples,,,,,,,,,,,1,2,2,1,5
200600028538,0006-05-11 08:40:00,6,5,11,8,40,780,498,PONTOISE AV DE,,,Plein jour,En agglomération,Intersection en X,Normale,Autre collision,,,,,,,,,,,1,2,2,1,6
200600028539,0006-05-09 12:10:00,6,5,9,12,10,780,498,GAMBETTA BD,,,Plein jour,En agglomération,Hors intersection,Pluie légère,Autre collision,,,,,,,,,,,1,2,1,2,6
200600028540,0006-05-09 08:10:00,6,5,9,8,10,780,624,RD1,,,Plein jour,Hors agglomération,Hors intersection,Normale,Deux véhicules - arrière,,,,,,,,,,,1,1,1,1,2
200600028541,0006-05-17 16:50:00,6,5,17,16,50,780,498,"00, QUATORZE JUILLETCOUR",,,Plein jour,En agglomération,Hors intersection,Normale,Sans collision,,,,,,,,,,,1,2,1,1,7
200600028542,0006-05-02 18:15:00,6,5,2,18,15,780,498,BON ROI SAINT LOUIS AVEN,,,Plein jour,Hors agglomération,Hors intersection,Normale,Deux véhicules - côté,,,,,,,,,,,1,1,1,1,3
200600028543,0006-05-13 15:45:00,6,5,13,15,45,780,498,"117, SAINT SEBASTIEN RUE",,,Plein jour,En agglomération,Hors intersection,Normale,Autre collision,,,,,,,,,,,1,2,1,1,6
200600028544,0006-05-17 22:45:00,6,5,17,22,45,780,498,BON ROI SAINT LOUIS AVEN,,,Nuit avec éclairage allumé,En agglomération,Intersection en X,Normale,Deux véhicules - côté,,,,,,,,,,,5,2,2,1,3
200600028545,0006-05-18 17:35:00,6,5,18,17,35,780,498,"98, BRUYERE RUE DE LA",,,Plein jour,En agglomération,Hors intersection,Normale,Autre collision,,,,,,,,,,,1,2,1,1,6
200600028546,0006-05-09 17:15:00,6,5,9,17,15,780,498,"49, CASTILLE AV BLANCHE",,,Plein jour,En agglomération,Hors intersection,Pluie légère,Trois véhicules et plus - collisions multiples,,,,,,,,,,,1,2,1,2,5
200600028547,0006-05-14 12:45:00,6,5,14,12,45,780,123,CLEMENCEAU RUE GEORGES,,,Plein jour,En agglomération,Intersection en X,Normale,Autre collision,,,,,,,,,,,1,2,2,1,6
200600028548,0006-05-05 16:00:00,6,5,5,16,0,780,498,QUARANTE SOUS ROUTE DE,,,Plein jour,Hors agglomération,Hors intersection,Normale,Autre collision,,,,,,,,,,,1,1,1,1,6
200600028549,0006-05-23 11:05:00,6,5,23,11,5,780,498,BERTEAUX MAURICE AVENUE,,,Plein jour,En agglomération,Hors intersection,Normale,Autre collision,,,,,,,,,,,1,2,1,1,6
200600028550,0006-05-04 16:07:00,6,5,4,16,7,780,517,"11, LENOTRE (RUE G.)",,,Plein jour,En agglomération,Hors intersection,Normale,Autre collision,,,,,,,,,,,1,2,1,1,6
200600028551,0006-05-15 16:50:00,6,5,15,16,50,780,486,"00000, CHARTRES (RUE DE",,,Plein jour,En agglomération,Intersection en T,Normale,Autre collision,,,,,,,,,,,1,2,3,1,6
200600028552,0006-05-20 16:25:00,6,5,20,16,25,780,517,"00000, CHAMP DE COURSES",,,Plein jour,En agglomération,Intersection en T,Normale,Deux véhicules - côté,,,,,,,,,,,1,2,3,1,3
200600028553,0006-05-22 18:00:00,6,5,22,18,0,780,486,"0000, MOULIN (RUE DU)",,,Plein jour,En agglomération,Intersection en Y,Normale,Deux véhicules - côté,,,,,,,,,,,1,2,4,1,3
200600028554,0006-05-07 20:30:00,6,5,7,20,30,780,551,RN 184,,,Crépuscule ou aube,Hors agglomération,Hors intersection,Normale,Deux véhicules - arrière,,,,,,,,,,,2,1,1,1,2
200600028555,0006-05-21 12:00:00,6,5,21,12,0,780,551,"Ignoré, REPUBLIQUE (DE L",,,Plein jour,En agglomération,Intersection en X,Normale,Deux véhicules - côté,,,,,,,,,,,1,2,2,1,3
200600028556,0006-05-22 08:15:00,6,5,22,8,15,780,133,"Ignoré, MONTAIGU (DE)",,,Plein jour,En agglomération,Intersection en Y,Normale,Deux véhicules - côté,,,,,,,,,,,1,2,4,1,3
200600028557,0006-05-31 12:00:00,6,5,31,12,0,780,551,"Ignoré, BONNENFANT  (AND",,,Plein jour,En agglomération,Hors intersection,Normale,Autre collision,,,,,,,,,,,1,2,1,1,6
200600028558,0006-05-03 19:15:00,6,5,3,19,15,780,586,MOQUET (GUY),,,Plein jour,En agglomération,Intersection en X,Normale,Deux véhicules - côté,,,,,,,,,,,1,2,2,1,3
200600028559,0006-05-09 11:45:00,6,5,9,11,45,780,586,SCHUMAN (ROBERT),,,Plein jour,En agglomération,Hors intersection,Pluie légère,Autre collision,,,,,,,,,,,1,2,1,2,6
200600028560,0006-05-11 19:15:00,6,5,11,19,15,780,586,JAURES (AVENUE JEAN) N°,,,Plein jour,En agglomération,Hors intersection,Normale,Deux véhicules - côté,,,,,,,,,,,1,2,1,1,3
200600028561,0006-05-19 23:00:00,6,5,19,23,0,780,586,DAUMIER,,,Nuit avec éclairage allumé,En agglomération,Intersection en X,Normale,Deux véhicules - côté,,,,,,,,,,,5,2,2,1,3
200600028562,0006-05-20 10:30:00,6,5,20,10,30,780,586,TOBROUK,,,Plein jour,En agglomération,Giratoire,Pluie légère,Deux véhicules - côté,,,,,,,,,,,1,2,6,2,3
200600028563,0006-05-22 18:30:00,6,5,22,18,30,780,586,CLEMENCEAU (G.) N°65 A 1,,,Plein jour,En agglomération,Hors intersection,Temps couvert,Autre collision,,,,,,,,,,,1,2,1,8,6
200600028564,0006-05-26 18:00:00,6,5,26,18,0,780,586,LAMARTINE,,,Plein jour,En agglomération,Hors intersection,Normale,Autre collision,,,,,,,,,,,1,2,1,1,6
200600028565,0006-05-28 18:20:00,6,5,28,18,20,780,586,LEBON,,,Plein jour,En agglomération,Autre intersection,Normale,Deux véhicules - côté,,,,,,,,,,,1,2,9,1,3
200600028566,0006-05-01 14:20:00,6,5,1,14,20,780,621,STALINGRAD NORD (RUE DE),,,Plein jour,En agglomération,Hors intersection,Pluie légère,Deux véhicules - frontale,,,,,,,,,,,1,2,1,2,1
200600028567,0006-05-02 15:10:00,6,5,2,15,10,780,621,NATIONALE 10   (ROUTE),,,Plein jour,En agglomération,Autre intersection,Normale,Deux véhicules - arrière,,,,,,,,,,,1,2,9,1,2
200600028568,0006-05-10 17:55:00,6,5,10,17,55,780,621,ALLENDE (AVE. SALV.)(NOR,,,Plein jour,En agglomération,Intersection en X,Normale,Deux véhicules - côté,,,,,,,,,,,1,2,2,1,3
200600028569,0006-05-18 20:40:00,6,5,18,20,40,780,621,"7, MACE (SQUARE JEAN)",,,Crépuscule ou aube,En agglomération,Hors intersection,Normale,Autre collision,,,,,,,,,,,2,2,1,1,6
200600028570,0006-05-22 13:55:00,6,5,22,13,55,780,621,ZAY (RUE JEAN),,,Plein jour,En agglomération,Hors intersection,Normale,Autre collision,,,,,,,,,,,1,2,1,1,6