accident_id,datetime,annee,mois,jour,heure,minute,departement,commune_insee,adresse,latitude,longitude,luminosite,agglomeration,intersection,meteo,collision,nb_vehicules,nb_usagers,nb_indemnes,nb_tues,nb_blesses_hosp,nb_blesses_legers,age_cond_1,age_cond_2,veh_type_cond_1,veh_type_cond_2,lum_code,agg_code,int_code,atm_code,col_code
200600028571,0006-05-23 07:50:00,6,5,23,7,50,780,621,ALLENDE (AVE. SALV.)(NOR,,,Plein jour,En agglomération,Hors intersection,Normale,Autre collision,,,,,,,,,,,1,2,1,1,6
200600028572,0006-05-01 19:15:00,6,5,1,19,15,780,322,LIBERATION (RUE DE LA),,,Plein jour,En agglomération,Hors intersection,Normale,Sans collision,,,,,,,,,,,1,2,1,1,7
200600028573,0006-05-04 20:00:00,6,5,4,20,0,780,686,JOUY (RUE DE),,,Plein jour,En agglomération,Hors intersection,Normale,Autre collision,,,,,,,,,,,1,2,1,1,6
200600028574,0006-05-11 08:50:00,6,5,11,8,50,780,640,SADI LECOINTE (AVENUE),,,Plein jour,En agglomération,Hors intersection,Normale,Deux véhicules - arrière,,,,,,,,,,,1,2,1,1,2
200600028575,0006-05-20 08:40:00,6,5,20,8,40,780,686,GENERAL LECLERC (AVENUE,,,Plein jour,En agglomération,Intersection en X,Pluie légère,Autre collision,,,,,,,,,,,1,2,2,2,6
200600028576,0006-05-20 15:57:00,6,5,20,15,57,780,640,LE MAIL (CENTRE COMMERCI,,,Plein jour,En agglomération,Hors intersection,Normale,Autre collision,,,,,,,,,,,1,2,1,1,6
200600028577,0006-05-21 21:10:00,6,5,21,21,10,780,640,EUROPE (AVENUE DE L'),,,Nuit avec éclairage allumé,En agglomération,Hors intersection,Pluie légère,Autre collision,,,,,,,,,,,5,2,1,2,6
200600028578,0006-05-23 13:00:00,6,5,23,13,0,780,640,GISY (CHEMIN DE),,,Plein jour,En agglomération,Giratoire,Temps couvert,Deux véhicules - côté,,,,,,,,,,,1,2,6,8,3
200600028579,0006-05-26 22:00:00,6,5,26,22,0,780,640,ROBERT WAGNER (AVENUE),,,Nuit avec éclairage allumé,En agglomération,Intersection en X,Normale,Deux véhicules - côté,,,,,,,,,,,5,2,2,1,3
200600028580,0006-05-24 19:55:00,6,5,24,19,55,780,640,LOUVOIS (RUE),,,Plein jour,En agglomération,Intersection en T,Normale,Deux véhicules - côté,,,,,,,,,,,1,2,3,1,3
200600028581,0006-05-30 09:20:00,6,5,30,9,20,780,686,GENERAL LECLERC (AVENUE,,,Plein jour,En agglomération,Hors intersection,Temps couvert,Deux véhicules - arrière,,,,,,,,,,,1,2,1,8,2
200600028582,0006-05-04 14:43:00,6,5,4,14,43,780,646,"Néant, EDOUARD CHARTON (",,,Plein jour,En agglomération,Hors intersection,Normale,Deux véhicules - arrière,,,,,,,,,,,1,2,1,1,2
200600028583,0006-05-04 12:00:00,6,5,4,12,0,780,646,"néant, ETATS GENERAUX (R",,,Plein jour,En agglomération,Hors intersection,Normale,Deux véhicules - côté,,,,,,,,,,,1,2,1,1,3
200600028584,0006-05-02 17:30:00,6,5,2,17,30,780,646,ETANG (RUE DE L'),,,Plein jour,En agglomération,Hors intersection,Normale,Deux véhicules - arrière,,,,,,,,,,,1,2,1,1,2
200600028585,0006-05-05 23:00:00,6,5,5,23,0,780,158,VERSAILLES (RUE DE),,,Nuit avec éclairage allumé,En agglomération,Intersection en T,Normale,Deux véhicules - côté,,,,,,,,,,,5,2,3,1,3
200600028586,0006-05-10 12:35:00,6,5,10,12,35,780,646,"1 bis, CHAMP LAGARDE (RU",,,Plein jour,En agglomération,Hors intersection,Normale,Autre collision,,,,,,,,,,,1,2,1,1,6
200600028587,0006-05-11 19:40:00,6,5,11,19,40,780,646,SAINT ANTOINE (BOULEVARD,,,Plein jour,Hors agglomération,Hors intersection,Normale,Deux véhicules - arrière,,,,,,,,,,,1,1,1,1,2
200600028588,0006-05-12 16:50:00,6,5,12,16,50,780,646,COLONEL DE BANGE (RUE DU,,,Plein jour,En agglomération,Intersection en T,Normale,Deux véhicules - côté,,,,,,,,,,,1,2,3,1,3
200600028589,0006-05-12 20:45:00,6,5,12,20,45,780,646,MARECHAL FOCH (RUE DU),,,Crépuscule ou aube,En agglomération,Intersection en T,Normale,Deux véhicules - côté,,,,,,,,,,,2,2,3,1,3
200600028590,0006-05-12 15:40:00,6,5,12,15,40,780,646,"Néant, SCEAUX (AVENUE DE",,,Plein jour,En agglomération,Hors intersection,Normale,Autre collision,,,,,,,,,,,1,2,1,1,6
200600028591,0006-05-16 11:50:00,6,5,16,11,50,780,646,CHANTIERS (RUE DES),,,Plein jour,En agglomération,Intersection en X,Normale,Autre collision,,,,,,,,,,,1,2,2,1,6
200600028592,0006-05-17 18:00:00,6,5,17,18,0,780,646,"néant, EUROPE (AVENUE DE",,,Plein jour,En agglomération,Hors intersection,Normale,Deux véhicules - côté,,,,,,,,,,,1,2,1,1,3
200600028593,0006-05-23 07:10:00,6,5,23,7,10,780,646,RAMEAU (RUE),,,Plein jour,En agglomération,Intersection en X,Normale,Deux véhicules - côté,,,,,,,,,,,1,2,2,1,3
200600028594,0006-05-24 11:20:00,6,5,24,11,20,780,646,"Néant, EUROPE (AVENUE DE",,,Plein jour,En agglomération,Hors intersection,Normale,Autre collision,,,,,,,,,,,1,2,1,1,6
200600028595,0006-05-24 12:00:00,6,5,24,12,0,780,646,REPUBLIQUE (BOULEVARD DE,,,Plein jour,En agglomération,Hors intersection,Pluie légère,Autre collision,,,,,,,,,,,1,2,1,2,6
200600028596,0006-05-30 08:25:00,6,5,30,8,25,780,646,ORANGERIE (RUE DE L'),,,Plein jour,En agglomération,Hors intersection,Normale,Autre collision,,,,,,,,,,,1,2,1,1,6
200600028597,0006-05-31 12:50:00,6,5,31,12,50,780,158,"0, VERSAILLES (RUE DE)",,,Plein jour,En agglomération,Intersection en T,Pluie légère,Trois véhicules et plus - en chaîne,,,,,,,,,,,1,2,3,2,4
200600028598,0006-05-02 08:45:00,6,5,2,8,45,780,190,"20bis, SAINT GERMAIN (AV",,,Plein jour,En agglomération,Hors intersection,Normale,Autre collision,,,,,,,,,,,1,2,1,1,6
200600028599,0006-05-05 21:45:00,6,5,5,21,45,780,146,"0, ECOLES (RUE DES)",,,Nuit avec éclairage allumé,En agglomération,Intersection en T,Normale,Autre collision,,,,,,,,,,,5,2,3,1,6
200600028600,0006-05-07 20:25:00,6,5,7,20,25,790,191,"1, AIFFRES (ROUTE D')",,,Plein jour,En agglomération,Hors intersection,Pluie forte,Autre collision,,,,,,,,,,,1,2,1,3,6
200600028601,0006-05-22 15:15:00,6,5,22,15,15,790,81,NAURON (RUE DU),,,Plein jour,En agglomération,Hors intersection,Normale,Autre collision,,,,,,,,,,,1,2,1,1,6
200600028602,0006-05-26 15:40:00,6,5,26,15,40,800,1,"200, REPUBLIQUE (de la)",,,Plein jour,En agglomération,Hors intersection,Normale,Trois véhicules et plus - en chaîne,,,,,,,,,,,1,2,1,1,4
200600028603,0006-05-24 17:30:00,6,5,24,17,30,800,1,"1, 11 NOVEMBRE 1918 (du)",,,Plein jour,En agglomération,Giratoire,Normale,Deux véhicules - frontale,,,,,,,,,,,1,2,6,1,1
200600028604,0006-05-30 07:40:00,6,5,30,7,40,800,1,"92, VAUBAN",,,Plein jour,En agglomération,Intersection en T,Normale,Deux véhicules - côté,,,,,,,,,,,1,2,3,1,3
200600028605,0006-05-15 10:00:00,6,5,15,10,0,800,1,"102, DOULLENS (de)",,,Plein jour,En agglomération,Hors intersection,Normale,Deux véhicules - côté,,,,,,,,,,,1,2,1,1,3
200600028606,0006-05-02 14:45:00,6,5,2,14,45,800,21,"365, VERDUN (RUE DE )",,,Plein jour,En agglomération,Hors intersection,Normale,Deux véhicules - côté,,,,,,,,,,,1,2,1,1,3
200600028607,0006-05-05 05:20:00,6,5,5,5,20,800,21,"0, PIERRE MENDES FRANCE",,,Nuit avec éclairage allumé,En agglomération,Hors intersection,Normale,Sans collision,,,,,,,,,,,5,2,1,1,7
200600028608,0006-05-04 09:55:00,6,5,4,9,55,800,256,"59, JEAN JAURES (RUE)",,,Plein jour,En agglomération,Hors intersection,Normale,Deux véhicules - côté,,,,,,,,,,,1,2,1,1,3
200600028609,0006-05-03 12:05:00,6,5,3,12,5,800,21,"14, JULES FERRY (CHAUSSE",,,Plein jour,En agglomération,Hors intersection,Normale,Deux véhicules - arrière,,,,,,,,,,,1,2,1,1,2
200600028610,0006-05-05 11:40:00,6,5,5,11,40,800,21,"0, CAMILLE DESMOULINS (R",,,Plein jour,En agglomération,Intersection en X,Normale,Deux véhicules - côté,,,,,,,,,,,1,2,2,1,3
200600028611,0006-05-09 19:40:00,6,5,9,19,40,800,21,"03, RENE FONCK (RUE)",,,Plein jour,En agglomération,Hors intersection,Normale,Autre collision,,,,,,,,,,,1,2,1,1,6
200600028612,0006-05-05 17:30:00,6,5,5,17,30,800,21,ROUEN (RUE DE),,,Plein jour,En agglomération,Hors intersection,Normale,Sans collision,,,,,,,,,,,1,2,1,1,7
200600028613,0006-05-06 20:15:00,6,5,6,20,15,800,21,COMMUNE DE PARIS (AVENUE,,,Nuit avec éclairage allumé,En agglomération,Hors intersection,Normale,Deux véhicules - arrière,,,,,,,,,,,5,2,1,1,2
200600028614,0006-05-06 14:45:00,6,5,6,14,45,800,21,"0, EUROPE (AVENUE DE L')",,,Plein jour,En agglomération,Hors intersection,Normale,Trois véhicules et plus - collisions multiples,,,,,,,,,,,1,2,1,1,5
200600028615,0006-05-13 10:55:00,6,5,13,10,55,800,21,ROCADE NORD EST RN 25,,,Plein jour,Hors agglomération,Hors intersection,Normale,Sans collision,,,,,,,,,,,1,1,1,1,7
200600028616,0006-05-14 10:41:00,6,5,14,10,41,800,21,ROUBAIX (BOULEVARD DE ),,,Plein jour,En agglomération,Hors intersection,Normale,Autre collision,,,,,,,,,,,1,2,1,1,6
200600028617,0006-05-15 16:40:00,6,5,15,16,40,800,21,DEFENSE PASSIVE (AVENUE,,,Plein jour,En agglomération,Hors intersection,Normale,Autre collision,,,,,,,,,,,1,2,1,1,6
200600028618,0006-05-16 08:40:00,6,5,16,8,40,800,21,"0, ELSA TRIOLET (RUE)",,,Plein jour,En agglomération,Hors intersection,Normale,Autre collision,,,,,,,,,,,1,2,1,1,6
200600028619,0006-05-17 13:55:00,6,5,17,13,55,800,21,"40, VULFRAN WARME (RUE)",,,Plein jour,En agglomération,Hors intersection,Normale,Autre collision,,,,,,,,,,,1,2,1,1,6
200600028620,0006-05-19 13:20:00,6,5,19,13,20,800,21,"0, FEDERES (BOULEVARD DE",,,Plein jour,En agglomération,Intersection en X,Pluie légère,Deux véhicules - côté,,,,,,,,,,,1,2,2,2,3
200600028621,0006-05-23 10:00:00,6,5,23,10,0,800,21,ROUBAIX (BOULEVARD DE ),,,Plein jour,En agglomération,Intersection en X,Normale,Deux véhicules - côté,,,,,,,,,,,1,2,2,1,3
200600028622,0006-05-28 03:55:00,6,5,28,3,55,800,489,"0, VILLE IDEALE (AVENUE",,,Nuit avec éclairage allumé,En agglomération,Hors intersection,Pluie légère,Sans collision,,,,,,,,,,,5,2,1,2,7
200600028623,0006-05-23 16:10:00,6,5,23,16,10,800,21,"7, MERCIER (RUE)",,,Plein jour,En agglomération,Hors intersection,Normale,Autre collision,,,,,,,,,,,1,2,1,1,6
200600028624,0006-05-26 14:00:00,6,5,26,14,0,800,21,"0, JULES FERRY (CHAUSSEE",,,Plein jour,En agglomération,Intersection en T,Normale,Autre collision,,,,,,,,,,,1,2,3,1,6
200600028625,0006-05-29 18:10:00,6,5,29,18,10,800,21,"0, CHATEAU MILAN (RUE DU",,,Plein jour,En agglomération,Intersection en X,Pluie légère,Deux véhicules - arrière,,,,,,,,,,,1,2,2,2,2
200600028626,0006-05-29 15:15:00,6,5,29,15,15,800,21,"0, AMONT (PORT D')",,,Plein jour,En agglomération,Intersection en X,Pluie légère,Autre collision,,,,,,,,,,,1,2,2,2,6
200600028627,0006-05-30 23:00:00,6,5,30,23,0,800,379,"0, MICHEL STROGOFF  (BOU",,,Nuit avec éclairage allumé,En agglomération,Hors intersection,Normale,Sans collision,,,,,,,,,,,5,2,1,1,7
200600028628,0006-05-30 08:25:00,6,5,30,8,25,800,21,ALLONVILLE (ROUTE D'),,,Plein jour,En agglomération,Hors intersection,Normale,Autre collision,,,,,,,,,,,1,2,1,1,6
200600028629,0006-05-31 16:00:00,6,5,31,16,0,800,674,"0, ALAIN COLAS (RUE)",,,Plein jour,En agglomération,Intersection en X,Normale,Deux véhicules - côté,,,,,,,,,,,1,2,2,1,3
200600028630,0006-05-27 10:20:00,6,5,27,10,20,810,18,RD 100,,,Plein jour,Hors agglomération,Hors intersection,Normale,Deux véhicules - côté,,,,,,,,,,,1,1,1,1,3
200600028631,0006-05-05 19:20:00,6,5,5,19,20,810,65,VITTOZ (BD.RAYMOND),,,Plein jour,En agglomération,Hors intersection,Normale,Deux véhicules - arrière,,,,,,,,,,,1,2,1,1,2
200600028632,0006-05-06 01:45:00,6,5,6,1,45,810,65,"1, CORPORAL (CHEMIN DU )",,,Nuit avec éclairage allumé,En agglomération,Intersection en T,Normale,Deux véhicules - côté,,,,,,,,,,,5,2,3,1,3
200600028633,0006-05-06 11:55:00,6,5,6,11,55,810,65,TOULOUSE RN 126 (RTE DE),,,Plein jour,En agglomération,Hors intersection,Normale,Deux véhicules - côté,,,,,,,,,,,1,2,1,1,3
200600028634,0006-05-17 13:40:00,6,5,17,13,40,810,65,"126, AUDENET  (RUE SOEUR",,,Plein jour,En agglomération,Intersection en T,Normale,Sans collision,,,,,,,,,,,1,2,3,1,7
200600028635,0006-05-17 14:30:00,6,5,17,14,30,810,65,MITTERRAND (AV. FRANCOIS,,,Plein jour,En agglomération,Intersection en T,Normale,Deux véhicules - côté,,,,,,,,,,,1,2,3,1,3
200600028636,0006-05-21 00:56:00,6,5,21,0,56,810,65,"2, SICARD (BD.DES DOCTEU",,,Nuit avec éclairage allumé,En agglomération,Intersection en T,Normale,Deux véhicules - côté,,,,,,,,,,,5,2,3,1,3
200600028637,0006-05-27 21:45:00,6,5,27,21,45,810,65,DE GAULLE RD 612 (AV. CH,,,Nuit avec éclairage allumé,En agglomération,Intersection en T,Normale,Deux véhicules - côté,,,,,,,,,,,5,2,3,1,3
200600028638,0006-05-28 20:55:00,6,5,28,20,55,810,65,"18, BRETAGNE (RUE DE)",,,Crépuscule ou aube,En agglomération,Hors intersection,Normale,Sans collision,,,,,,,,,,,2,2,1,1,7
200600028639,0006-05-24 08:30:00,6,5,24,8,30,810,65,ROUTE DEPARTEMENTALE 56,,,Plein jour,Hors agglomération,Hors intersection,Normale,Deux véhicules - côté,,,,,,,,,,,1,1,1,1,3
200600028640,0006-05-16 21:20:00,6,5,16,21,20,810,163,"25, SABATIE (CHARLES)",,,Plein jour,En agglomération,Hors intersection,Normale,Deux véhicules - côté,,,,,,,,,,,1,2,1,1,3
200600028641,0006-05-02 18:45:00,6,5,2,18,45,820,33,"0, RN 113",,,Plein jour,Hors agglomération,Autre intersection,Normale,Deux véhicules - côté,,,,,,,,,,,1,1,9,1,3
200600028642,0006-05-13 05:50:00,6,5,13,5,50,820,121,"0, PARIS N 20 (AVENUE DE",,,Nuit avec éclairage allumé,En agglomération,Giratoire,Normale,Autre collision,,,,,,,,,,,5,2,6,1,6
200600028643,0006-05-12 13:30:00,6,5,12,13,30,820,121,"0, VILLENOUVELLE (GRANDE",,,Plein jour,En agglomération,Intersection en X,Normale,Deux véhicules - côté,,,,,,,,,,,1,2,2,1,3
200600028644,0006-05-11 07:50:00,6,5,11,7,50,820,121,"0, ROUTE DE CASTELSARRAS",,,Plein jour,Hors agglomération,Hors intersection,Normale,Deux véhicules - frontale,,,,,,,,,,,1,1,1,1,1
200600028645,0006-05-09 18:05:00,6,5,9,18,5,820,121,"701, MOULIN N 20 (AVENUE",,,Plein jour,En agglomération,Hors intersection,Normale,Deux véhicules - côté,,,,,,,,,,,1,2,1,1,3
200600028646,0006-05-07 03:15:00,6,5,7,3,15,820,121,"0, VOLTAIRE (RUE)",,,Nuit avec éclairage allumé,En agglomération,Intersection en X,Normale,Autre collision,,,,,,,,,,,5,2,2,1,6
200600028647,0006-05-13 18:23:00,6,5,13,18,23,820,121,"0, SAINT-ANTONIN (ROUTE",,,Plein jour,Hors agglomération,Intersection en X,Normale,Deux véhicules - côté,,,,,,,,,,,1,1,2,1,3
200600028648,0006-05-03 09:10:00,6,5,3,9,10,820,121,"0, TOULOUSE (AVENUE DE)",,,Plein jour,En agglomération,Intersection en T,Normale,Deux véhicules - côté,,,,,,,,,,,1,2,3,1,3
200600028649,0006-05-28 01:00:00,6,5,28,1,0,820,121,"0, MARGUE (CHEMIN DE LA)",,,Nuit sans éclairage public,Hors agglomération,Intersection en X,Normale,Deux véhicules - côté,,,,,,,,,,,3,1,2,1,3
200600028650,0006-05-29 16:45:00,6,5,29,16,45,820,121,"0, MOULIN N 20 (AVENUE J",,,Plein jour,En agglomération,Intersection en T,Normale,Deux véhicules - côté,,,,,,,,,,,1,2,3,1,3
200600028651,0006-05-05 18:00:00,6,5,5,18,0,820,121,"0, MOULIN N 20 (AVENUE J",,,Plein jour,En agglomération,Hors intersection,Normale,Autre collision,,,,,,,,,,,1,2,1,1,6
200600028652,0006-05-31 21:10:00,6,5,31,21,10,820,121,"0, GUERRET (RUE MARCEL)",,,Crépuscule ou aube,En agglomération,Intersection en T,Normale,Deux véhicules - arrière,,,,,,,,,,,2,2,3,1,2
200600028653,0006-05-09 20:00:00,6,5,9,20,0,830,50,"236, JUIN( AVENUE DU MAR",,,Plein jour,En agglomération,Hors intersection,Normale,Autre collision,,,,,,,,,,,1,2,1,1,6
200600028654,0006-05-13 12:48:00,6,5,13,12,48,830,118,"1371, AVENUE DU GRAND DE",,,Plein jour,En agglomération,Hors intersection,Normale,Deux véhicules - côté,,,,,,,,,,,1,2,1,1,3
200600028655,0006-05-05 17:50:00,6,5,5,17,50,830,61,"0, RUE GRISOLLE",,,Plein jour,En agglomération,Hors intersection,Normale,Autre collision,,,,,,,,,,,1,2,1,1,6
200600028656,0006-05-09 16:55:00,6,5,9,16,55,830,118,"153, AVENUE DU XV EME CO",,,Plein jour,En agglomération,Hors intersection,Normale,Autre collision,,,,,,,,,,,1,2,1,1,6
200600028657,0006-05-25 23:30:00,6,5,25,23,30,830,118,"0, BOULEVARD DE L'ASPE",,,Nuit avec éclairage allumé,En agglomération,Hors intersection,Normale,Sans collision,,,,,,,,,,,5,2,1,1,7
200600028658,0006-05-10 01:10:00,6,5,10,1,10,830,69,"17, RN98",,,Nuit sans éclairage public,Hors agglomération,Hors intersection,Normale,Deux véhicules - frontale,,,,,,,,,,,3,1,1,1,1
200600028659,0006-05-14 17:35:00,6,5,14,17,35,830,34,"1525, RUE DES 3 PINS",,,Plein jour,En agglomération,Hors intersection,Normale,Deux véhicules - frontale,,,,,,,,,,,1,2,1,1,1
200600028660,0006-05-30 08:35:00,6,5,30,8,35,830,69,"14, TOULON RD 554 (AVENU",,,Plein jour,En agglomération,Hors intersection,Normale,Autre collision,,,,,,,,,,,1,2,1,1,6
200600028661,0006-05-06 11:55:00,6,5,6,11,55,830,34,"715, CD559",,,Plein jour,Hors agglomération,Hors intersection,Normale,Deux véhicules - frontale,,,,,,,,,,,1,1,1,1,1
200600028662,0006-05-01 04:55:00,6,5,1,4,55,830,123,"95, BUGE (CHEMIN DE LA)",,,Nuit avec éclairage allumé,En agglomération,Hors intersection,Normale,Sans collision,,,,,,,,,,,5,2,1,1,7
200600028663,0006-05-09 10:45:00,6,5,9,10,45,830,123,"0000, TOULON (ANCIEN CHE",,,Plein jour,En agglomération,Intersection en T,Normale,Deux véhicules - arrière,,,,,,,,,,,1,2,3,1,2
200600028664,0006-05-10 17:30:00,6,5,10,17,30,830,129,"497, GUERIN (CHE DE)",,,Plein jour,Hors agglomération,Hors intersection,Normale,Autre collision,,,,,,,,,,,1,1,1,1,6
200600028665,0006-05-12 18:45:00,6,5,12,18,45,830,129,"4, ALLEGRE (CHE)",,,Plein jour,En agglomération,Hors intersection,Temps couvert,Deux véhicules - côté,,,,,,,,,,,1,2,1,8,3
200600028666,0006-05-18 15:40:00,6,5,18,15,40,830,129,"586, LAENNEC (AVENUE DE)",,,Plein jour,En agglomération,Intersection en X,Normale,Deux véhicules - frontale,,,,,,,,,,,1,2,2,1,1
200600028667,0006-05-18 18:10:00,6,5,18,18,10,830,123,"120, EUROPE UNIE (AVENUE",,,Plein jour,En agglomération,Hors intersection,Normale,Deux véhicules - frontale,,,,,,,,,,,1,2,1,1,1
200600028668,0006-05-19 17:15:00,6,5,19,17,15,830,9,"2562, ROUTE DE BANDOL",,,Plein jour,En agglomération,Hors intersection,Normale,Autre collision,,,,,,,,,,,1,2,1,1,6
200600028669,0006-05-21 18:00:00,6,5,21,18,0,830,129,"249, GUILLEMARD (AV ROBE",,,Plein jour,En agglomération,Hors intersection,Normale,Deux véhicules - côté,,,,,,,,,,,1,2,1,1,3
200600028670,0006-05-22 14:45:00,6,5,22,14,45,830,9,ROUTE NATIONALE 559,,,Plein jour,En agglomération,Hors intersection,Normale,Deux véhicules - arrière,,,,,,,,,,,1,2,1,1,2
200600028671,0006-05-13 19:20:00,6,5,13,19,20,830,126,D18,,,Plein jour,En agglomération,Intersection en X,Pluie légère,Deux véhicules - côté,,,,,,,,,,,1,2,2,2,3
200600028672,0006-05-17 10:30:00,6,5,17,10,30,830,126,"816, OIDE (CHEMIN DE L')",,,Plein jour,En agglomération,Intersection en T,Normale,Autre collision,,,,,,,,,,,1,2,3,1,6
200600028673,0006-05-30 19:20:00,6,5,30,19,20,830,126,", GAMBETTA (AV)",,,Plein jour,En agglomération,Intersection en X,Normale,Deux véhicules - côté,,,,,,,,,,,1,2,2,1,3
200600028674,0006-05-31 17:34:00,6,5,31,17,34,830,126,EUROPE (BD DE L'),,,Plein jour,En agglomération,Hors intersection,Normale,Trois véhicules et plus - en chaîne,,,,,,,,,,,1,2,1,1,4
200600028675,0006-05-02 13:45:00,6,5,2,13,45,830,62,FERRY (RUE ET AVENUE JUL,,,Plein jour,En agglomération,Hors intersection,Normale,Autre collision,,,,,,,,,,,1,2,1,1,6
200600028676,0006-05-05 08:05:00,6,5,5,8,5,830,137,"0, VAL D'ARDENE (ROUTE D",,,Plein jour,En agglomération,Hors intersection,Temps éblouissant,Autre collision,,,,,,,,,,,1,2,1,7,6
200600028677,0006-05-07 19:10:00,6,5,7,19,10,830,137,ARMARIS (BD DES),,,Plein jour,En agglomération,Passage à niveau,Normale,Autre collision,,,,,,,,,,,1,2,8,1,6
200600028678,0006-05-10 08:40:00,6,5,10,8,40,830,137,CAMUS (AVE ALBERT),,,Plein jour,En agglomération,Hors intersection,Normale,Deux véhicules - frontale,,,,,,,,,,,1,2,1,1,1
200600028679,0006-05-09 18:25:00,6,5,9,18,25,830,137,"4353, ESCARTEFIGUE (CORN",,,Plein jour,En agglomération,Intersection en T,Normale,Deux véhicules - côté,,,,,,,,,,,1,2,3,1,3
200600028680,0006-05-13 12:40:00,6,5,13,12,40,830,137,"292, GOURAUD (AVE GENERA",,,Plein jour,En agglomération,Hors intersection,Temps couvert,Sans collision,,,,,,,,,,,1,2,1,8,7
200600028681,0006-05-14 20:50:00,6,5,14,20,50,830,137,"0, STRASBOURG (BD DE )",,,Nuit avec éclairage allumé,En agglomération,Intersection en T,Normale,Deux véhicules - côté,,,,,,,,,,,5,2,3,1,3
200600028682,0006-05-12 17:30:00,6,5,12,17,30,830,144,"0, GUIOL (IMP)",,,Plein jour,En agglomération,Intersection en T,Normale,Deux véhicules - côté,,,,,,,,,,,1,2,3,1,3
200600028683,0006-05-14 22:00:00,6,5,14,22,0,830,144,MIRASOULEOU (AVE),,,Nuit avec éclairage allumé,En agglomération,Intersection en X,Normale,Deux véhicules - côté,,,,,,,,,,,5,2,2,1,3
200600028684,0006-05-05 18:02:00,6,5,5,18,2,830,137,"0, GASQUET (AVE JOSEPH D",,,Plein jour,En agglomération,Place,Normale,Deux véhicules - côté,,,,,,,,,,,1,2,7,1,3
200600028685,0006-05-14 07:40:00,6,5,14,7,40,830,137,"0, BONAPARTE (ROND POINT",,,Plein jour,En agglomération,Hors intersection,Normale,Deux véhicules - frontale,,,,,,,,,,,1,2,1,1,1
200600028686,0006-05-09 07:45:00,6,5,9,7,45,830,137,MOULINS (AVE DES DE 18 A,,,Plein jour,En agglomération,Hors intersection,Normale,Deux véhicules - côté,,,,,,,,,,,1,2,1,1,3
200600028687,0006-05-03 09:50:00,6,5,3,9,50,830,137,"0, ROI RENE (RUE DU)",,,Plein jour,Hors agglomération,Hors intersection,Normale,Autre collision,,,,,,,,,,,1,1,1,1,6
200600028688,0006-05-16 16:28:00,6,5,16,16,28,830,137,GRENIER (QUAI EMILE),,,Plein jour,En agglomération,Hors intersection,Normale,Deux véhicules - arrière,,,,,,,,,,,1,2,1,1,2
200600028689,0006-05-20 15:50:00,6,5,20,15,50,830,137,"400, JOFFRE (BD MARECHAL",,,Plein jour,En agglomération,Hors intersection,Normale,Autre collision,,,,,,,,,,,1,2,1,1,6
200600028690,0006-05-21 08:30:00,6,5,21,8,30,830,137,"0, RESISTANCE (AVE / IMP",,,Plein jour,En agglomération,Hors intersection,Normale,Autre collision,,,,,,,,,,,1,2,1,1,6
200600028691,0006-05-21 07:30:00,6,5,21,7,30,830,137,"0, BROSSET (BD GENERAL)",,,Plein jour,En agglomération,Intersection en X,Normale,Deux véhicules - côté,,,,,,,,,,,1,2,2,1,3
200600028692,0006-05-19 16:10:00,6,5,19,16,10,830,137,"0, VERT COTEAU (AVE DU)",,,Plein jour,En agglomération,Intersection en X,Normale,Deux véhicules - côté,,,,,,,,,,,1,2,2,1,3
200600028693,0006-05-22 11:55:00,6,5,22,11,55,830,137,"0, CUZIN (AVE FRANCOIS)",,,Plein jour,En agglomération,Hors intersection,Normale,Autre collision,,,,,,,,,,,1,2,1,1,6
200600028694,0006-05-16 16:55:00,6,5,16,16,55,830,137,"0, STRASBOURG (BD DE )",,,Plein jour,En agglomération,Hors intersection,Normale,Autre collision,,,,,,,,,,,1,2,1,1,6
200600028695,0006-05-22 21:15:00,6,5,22,21,15,830,137,"0, FARON (ROUTE  DU)",,,Crépuscule ou aube,Hors agglomération,Hors intersection,Normale,Autre collision,,,,,,,,,,,2,1,1,1,6
200600028696,0006-05-14 10:00:00,6,5,14,10,0,830,137,FARRERE (AVE CLAUDE),,,Plein jour,En agglomération,Hors intersection,Normale,Autre collision,,,,,,,,,,,1,2,1,1,6
200600028697,0006-05-26 13:00:00,6,5,26,13,0,830,62,"52, VIEUX COLOMBIER (CHE",,,Plein jour,En agglomération,Intersection en T,Normale,Deux véhicules - côté,,,,,,,,,,,1,2,3,1,3
200600028698,0006-05-14 19:00:00,6,5,14,19,0,830,137,"0, TIRAILLEURS SENEGALAI",,,Plein jour,En agglomération,Intersection en Y,Normale,Sans collision,,,,,,,,,,,1,2,4,1,7
200600028699,0006-05-20 10:15:00,6,5,20,10,15,830,137,DUNANT (HENRI),,,Plein jour,En agglomération,Intersection en X,Normale,Deux véhicules - côté,,,,,,,,,,,1,2,2,1,3
200600028700,0006-05-26 10:55:00,6,5,26,10,55,830,62,"0, BICENTAIRE (DE LA REV",,,Plein jour,En agglomération,Intersection en T,Normale,Deux véhicules - côté,,,,,,,,,,,1,2,3,1,3
200600028701,0006-05-12 16:55:00,6,5,12,16,55,830,137,"3, STRASBOURG (BD DE )",,,Plein jour,En agglomération,Hors intersection,Temps couvert,Deux véhicules - côté,,,,,,,,,,,1,2,1,8,3
200600028702,0006-05-26 16:50:00,6,5,26,16,50,830,137,"1009, MON PARADIS (CHEMI",,,Plein jour,En agglomération,Hors intersection,Normale,Autre collision,,,,,,,,,,,1,2,1,1,6
200600028703,0006-05-26 10:33:00,6,5,26,10,33,830,137,"0, GASQUET (AVE JOSEPH D",,,Plein jour,En agglomération,Hors intersection,Normale,Deux véhicules - côté,,,,,,,,,,,1,2,1,1,3