accident_id,datetime,annee,mois,jour,heure,minute,departement,commune_insee,adresse,latitude,longitude,luminosite,agglomeration,intersection,meteo,collision,nb_vehicules,nb_usagers,nb_indemnes,nb_tues,nb_blesses_hosp,nb_blesses_legers,age_cond_1,age_cond_2,veh_type_cond_1,veh_type_cond_2,lum_code,agg_code,int_code,atm_code,col_code
200600028972,0006-05-06 23:50:00,6,5,6,23,50,920,25,CHARLES DE GAULLE (BD),,,Nuit avec éclairage allumé,En agglomération,Hors intersection,Pluie légère,Deux véhicules - côté,,,,,,,,,,,5,2,1,2,3
200600028973,0006-05-16 17:55:00,6,5,16,17,55,920,25,E.D'ORVES > 330 & 281 (R,,,Plein jour,En agglomération,Hors intersection,Normale,Autre collision,,,,,,,,,,,1,2,1,1,6
200600028974,0006-05-18 08:00:00,6,5,18,8,0,920,25,"133, HENRI BARBUSSE (AV)",,,Plein jour,En agglomération,Hors intersection,Pluie légère,Autre collision,,,,,,,,,,,1,2,1,2,6
200600028975,0006-05-20 16:25:00,6,5,20,16,25,920,25,PAUL BERT (RUE),,,Plein jour,En agglomération,Hors intersection,Normale,Deux véhicules - arrière,,,,,,,,,,,1,2,1,1,2
200600028976,0006-05-23 11:05:00,6,5,23,11,5,920,25,"176, C.DE G.> 130 & 1103",,,Plein jour,En agglomération,Intersection en T,Normale,Deux véhicules - côté,,,,,,,,,,,1,2,3,1,3
200600028977,0006-05-24 07:10:00,6,5,24,7,10,920,25,"1, PAUL BERT (RUE)",,,Crépuscule ou aube,En agglomération,Hors intersection,Temps éblouissant,Deux véhicules - côté,,,,,,,,,,,2,2,1,7,3
200600028978,0006-05-24 15:35:00,6,5,24,15,35,920,25,GENERAL LECLERC (PLACE D,,,Plein jour,En agglomération,Intersection en X,Normale,Autre collision,,,,,,,,,,,1,2,2,1,6
200600028979,0006-05-28 16:30:00,6,5,28,16,30,920,25,"24, AUDRA (AV)",,,Plein jour,En agglomération,Hors intersection,Normale,Autre collision,,,,,,,,,,,1,2,1,1,6
200600028980,0006-05-29 17:15:00,6,5,29,17,15,920,25,"71, G.GRES<> 150 A 190 &",,,Plein jour,En agglomération,Hors intersection,Normale,Autre collision,,,,,,,,,,,1,2,1,1,6
200600028981,0006-05-30 10:30:00,6,5,30,10,30,920,25,STALINGRAD (AV DE),,,Plein jour,En agglomération,Intersection en T,Normale,Deux véhicules - côté,,,,,,,,,,,1,2,3,1,3
200600028982,0006-05-31 07:40:00,6,5,31,7,40,920,25,STALINGRAD (AV DE),,,Plein jour,En agglomération,Intersection en T,Normale,Deux véhicules - côté,,,,,,,,,,,1,2,3,1,3
200600028983,0006-05-31 14:35:00,6,5,31,14,35,920,25,PONT ACQUEDUC,,,Plein jour,En agglomération,Hors intersection,Pluie forte,Deux véhicules - côté,,,,,,,,,,,1,2,1,3,3
200600028984,0006-05-06 19:00:00,6,5,6,19,0,920,26,ARISTIDE BRIAND,,,Plein jour,En agglomération,Intersection en X,Pluie légère,Deux véhicules - arrière,,,,,,,,,,,1,2,2,2,2
200600028985,0006-05-01 16:30:00,6,5,1,16,30,920,26,PUVIS DE CHAVANNES,,,Plein jour,En agglomération,Intersection en T,Temps couvert,Deux véhicules - côté,,,,,,,,,,,1,2,3,8,3
200600028986,0006-05-09 18:15:00,6,5,9,18,15,920,26,"3, CHÂTEAU DU LOIR (DE 0",,,Plein jour,En agglomération,Hors intersection,Temps couvert,Autre collision,,,,,,,,,,,1,2,1,8,6
200600028987,0006-05-09 17:00:00,6,5,9,17,0,920,26,JEAN-PIERRE TIMBAUD,,,Plein jour,En agglomération,Intersection en T,Pluie légère,Sans collision,,,,,,,,,,,1,2,3,2,7
200600028988,0006-05-13 14:40:00,6,5,13,14,40,920,26,VERDUN (DE 62 A FIN),,,Plein jour,En agglomération,Intersection en T,Normale,Deux véhicules - côté,,,,,,,,,,,1,2,3,1,3
200600028989,0006-05-19 11:20:00,6,5,19,11,20,920,26,VERDUN (DE 01 A 61),,,Plein jour,En agglomération,Intersection en T,Normale,Deux véhicules - côté,,,,,,,,,,,1,2,3,1,3
200600028990,0006-05-05 17:45:00,6,5,5,17,45,920,26,VERDUN (DE 62 A FIN),,,Plein jour,En agglomération,Hors intersection,Normale,Deux véhicules - côté,,,,,,,,,,,1,2,1,1,3
200600028991,0006-05-10 19:15:00,6,5,10,19,15,920,26,VERDUN (DE 01 A 61),,,Plein jour,En agglomération,Intersection en X,Normale,Autre collision,,,,,,,,,,,1,2,2,1,6
200600028992,0006-05-30 07:15:00,6,5,30,7,15,920,26,MISSION MARCHAND (COTE P,,,Plein jour,En agglomération,Intersection en X,Normale,Deux véhicules - côté,,,,,,,,,,,1,2,2,1,3
200600028993,0006-05-30 16:00:00,6,5,30,16,0,920,26,"106, VERDUN (DE 62 A FIN",,,Plein jour,En agglomération,Hors intersection,Normale,Trois véhicules et plus - en chaîne,,,,,,,,,,,1,2,1,1,4
200600028994,0006-05-30 09:20:00,6,5,30,9,20,920,26,"29, ALMA",,,Plein jour,En agglomération,Hors intersection,Normale,Autre collision,,,,,,,,,,,1,2,1,1,6
200600028995,0006-05-12 11:30:00,6,5,12,11,30,920,35,"75, Joffre ( avenue )",,,Plein jour,En agglomération,Intersection en X,Normale,Deux véhicules - côté,,,,,,,,,,,1,2,2,1,3
200600028996,0006-05-16 09:25:00,6,5,16,9,25,920,35,"15, Léon Maurice Nordman",,,Plein jour,En agglomération,Intersection en T,Normale,Autre collision,,,,,,,,,,,1,2,3,1,6
200600028997,0006-05-02 20:10:00,6,5,2,20,10,920,36,"03, COLLINES (RUE DES) (",,,Plein jour,En agglomération,Hors intersection,Normale,Autre collision,,,,,,,,,,,1,2,1,1,6
200600028998,0006-05-03 15:05:00,6,5,3,15,5,920,36,"0, LAURENT CELY (AVENUE)",,,Plein jour,En agglomération,Intersection en X,Normale,Deux véhicules - côté,,,,,,,,,,,1,2,2,1,3
200600028999,0006-05-03 15:10:00,6,5,3,15,10,920,36,"51, GRESILLONS (AVENUE D",,,Plein jour,En agglomération,Hors intersection,Normale,Deux véhicules - côté,,,,,,,,,,,1,2,1,1,3
200600029000,0006-05-10 06:50:00,6,5,10,6,50,920,36,"0, LOUIS ROCHE (AVENUE)",,,Plein jour,En agglomération,Intersection en X,Pluie légère,Deux véhicules - côté,,,,,,,,,,,1,2,2,2,3
200600029001,0006-05-10 12:15:00,6,5,10,12,15,920,36,"6, THOMAS EDISON (RUE)",,,Plein jour,En agglomération,Hors intersection,Normale,Deux véhicules - côté,,,,,,,,,,,1,2,1,1,3
200600029002,0006-05-11 07:40:00,6,5,11,7,40,920,36,"BAT 27, MOLE N°2 ET 3 (R",,,Plein jour,En agglomération,Autre intersection,Normale,Deux véhicules - côté,,,,,,,,,,,1,2,9,1,3
200600029003,0006-05-20 14:15:00,6,5,20,14,15,920,36,"145, GRESILLONS (AVENUE",,,Plein jour,En agglomération,Hors intersection,Vent fort / tempête,Autre collision,,,,,,,,,,,1,2,1,6,6
200600029004,0006-05-20 19:00:00,6,5,20,19,0,920,36,"7, MARCEL ROYER (RUE)",,,Plein jour,En agglomération,Hors intersection,Normale,Autre collision,,,,,,,,,,,1,2,1,1,6
200600029005,0006-05-29 22:55:00,6,5,29,22,55,920,36,"0, PAUL VERLAINE (RUE)",,,Nuit avec éclairage allumé,En agglomération,Intersection en X,Normale,Deux véhicules - côté,,,,,,,,,,,5,2,2,1,3
200600029006,0006-05-31 08:25:00,6,5,31,8,25,920,36,"105, GABRIEL PERI (AVENU",,,Plein jour,En agglomération,Intersection en Y,Normale,Autre collision,,,,,,,,,,,1,2,4,1,6
200600029007,0006-05-03 12:15:00,6,5,3,12,15,920,40,"84, GALLIENI (BOULEVARD)",,,Plein jour,En agglomération,Hors intersection,Normale,Deux véhicules - côté,,,,,,,,,,,1,2,1,1,3
200600029008,0006-05-05 17:05:00,6,5,5,17,5,920,40,"56, GALLIENI (BOULEVARD)",,,Plein jour,En agglomération,Hors intersection,Normale,Autre collision,,,,,,,,,,,1,2,1,1,6
200600029009,0006-05-09 19:05:00,6,5,9,19,5,920,40,"20, QUATRE SEPTEMBRE (DU",,,Plein jour,En agglomération,Hors intersection,Pluie légère,Trois véhicules et plus - collisions multiples,,,,,,,,,,,1,2,1,2,5
200600029010,0006-05-17 12:45:00,6,5,17,12,45,920,40,"2, PAIX (AVENUE DE LA)",,,Plein jour,En agglomération,Hors intersection,Normale,Autre collision,,,,,,,,,,,1,2,1,1,6
200600029011,0006-05-18 22:15:00,6,5,18,22,15,920,40,"101, VERDUN (AVENUE DE)",,,Nuit avec éclairage allumé,En agglomération,Hors intersection,Normale,Deux véhicules - côté,,,,,,,,,,,5,2,1,1,3
200600029012,0006-05-19 09:50:00,6,5,19,9,50,920,40,PAIX (AVENUE DE LA),,,Plein jour,En agglomération,Intersection en Y,Temps couvert,Deux véhicules - côté,,,,,,,,,,,1,2,4,8,3
200600029013,0006-05-24 01:15:00,6,5,24,1,15,920,40,VERDUN (AVENUE DE) DU 11,,,Nuit avec éclairage allumé,En agglomération,Intersection en T,Normale,Deux véhicules - frontale,,,,,,,,,,,5,2,3,1,1
200600029014,0006-05-26 22:50:00,6,5,26,22,50,920,40,"7 bis, ERNEST RENAN",,,Nuit avec éclairage allumé,En agglomération,Hors intersection,Normale,Deux véhicules - côté,,,,,,,,,,,5,2,1,1,3
200600029015,0006-05-29 20:30:00,6,5,29,20,30,920,40,"190, VERDUN (AVENUE DE)",,,Plein jour,En agglomération,Hors intersection,Pluie légère,Deux véhicules - côté,,,,,,,,,,,1,2,1,2,3
200600029016,0006-05-11 09:20:00,6,5,11,9,20,920,44,"132, ARISTIDE BRIAND(RUE",,,Plein jour,En agglomération,Intersection en X,Normale,Deux véhicules - arrière,,,,,,,,,,,1,2,2,1,2
200600029017,0006-05-05 09:35:00,6,5,5,9,35,920,44,"nr, CAMILLE PELLETAN(RUE",,,Plein jour,En agglomération,Intersection en X,Normale,Deux véhicules - côté,,,,,,,,,,,1,2,2,1,3
200600029018,0006-05-18 11:05:00,6,5,18,11,5,920,44,MARIUS AUFAN(RUE) 69+ ET,,,Plein jour,En agglomération,Intersection en X,Normale,Autre collision,,,,,,,,,,,1,2,2,1,6
200600029019,0006-05-22 15:35:00,6,5,22,15,35,920,44,", BAUDIN (RUE)85 + ET 86",,,Plein jour,En agglomération,Intersection en X,Normale,Deux véhicules - arrière,,,,,,,,,,,1,2,2,1,2
200600029020,0006-05-22 16:35:00,6,5,22,16,35,920,44,"140, VIC. HUGO(RUE)091A1",,,Plein jour,En agglomération,Hors intersection,Pluie légère,Trois véhicules et plus - collisions multiples,,,,,,,,,,,1,2,1,2,5
200600029021,0006-05-24 09:05:00,6,5,24,9,5,920,44,"22, VILLIERS(RUE DE)  2A",,,Plein jour,En agglomération,Hors intersection,Normale,Deux véhicules - côté,,,,,,,,,,,1,2,1,1,3
200600029022,0006-05-04 15:40:00,6,5,4,15,40,920,48,"., TRIVAUX (AVENUE DE) N",,,Plein jour,En agglomération,Hors intersection,Normale,Sans collision,,,,,,,,,,,1,2,1,1,7
200600029023,0006-05-04 11:00:00,6,5,4,11,0,920,20,"177, PARIS AVENUE DE N°",,,Plein jour,En agglomération,Intersection en X,Normale,Autre collision,,,,,,,,,,,1,2,2,1,6
200600029024,0006-05-14 13:55:00,6,5,14,13,55,920,20,"1, 8 MAI 45 CARREFOUR DU",,,Plein jour,En agglomération,Giratoire,Normale,Deux véhicules - côté,,,,,,,,,,,1,2,6,1,3
200600029025,0006-05-16 18:15:00,6,5,16,18,15,920,20,"57, SEMARD RUE P. N°1 A",,,Plein jour,En agglomération,Hors intersection,Normale,Autre collision,,,,,,,,,,,1,2,1,1,6
200600029026,0006-05-17 06:00:00,6,5,17,6,0,920,49,"39, BROSSOLETTE AVENUE P",,,Crépuscule ou aube,En agglomération,Hors intersection,Normale,Deux véhicules - côté,,,,,,,,,,,2,2,1,1,3
200600029027,0006-05-19 15:45:00,6,5,19,15,45,920,20,"74, BROSSOLETTE RUE PIER",,,Plein jour,En agglomération,Hors intersection,Normale,Deux véhicules - côté,,,,,,,,,,,1,2,1,1,3
200600029028,0006-05-19 18:10:00,6,5,19,18,10,920,49,"23, PERI RUE GABRIEL N°1",,,Plein jour,En agglomération,Hors intersection,Normale,Deux véhicules - côté,,,,,,,,,,,1,2,1,1,3
200600029029,0006-05-22 09:30:00,6,5,22,9,30,920,49,"46, BARBES RUE",,,Plein jour,En agglomération,Hors intersection,Normale,Deux véhicules - côté,,,,,,,,,,,1,2,1,1,3
200600029030,0006-05-23 17:30:00,6,5,23,17,30,920,20,"33, PARIS AVENUE DE N° I",,,Plein jour,En agglomération,Hors intersection,Normale,Autre collision,,,,,,,,,,,1,2,1,1,6
200600029031,0006-05-28 13:00:00,6,5,28,13,0,920,49,"127, BROSSOLETTE AVENUE",,,Plein jour,En agglomération,Intersection en X,Autre,Deux véhicules - côté,,,,,,,,,,,1,2,2,9,3
200600029032,0006-05-30 07:30:00,6,5,30,7,30,920,20,"1, DE GAULLE CARREFOUR C",,,Crépuscule ou aube,En agglomération,Giratoire,Normale,Deux véhicules - arrière,,,,,,,,,,,2,2,6,1,2
200600029033,0006-05-30 18:20:00,6,5,30,18,20,920,49,"105, BROSSOLETTE AVENUE",,,Plein jour,En agglomération,Intersection en T,Normale,Deux véhicules - côté,,,,,,,,,,,1,2,3,1,3
200600029034,0006-05-30 20:00:00,6,5,30,20,0,920,20,"14, BROSSOLETTE RUE PIER",,,Plein jour,En agglomération,Giratoire,Normale,Autre collision,,,,,,,,,,,1,2,6,1,6
200600029035,0006-05-31 12:55:00,6,5,31,12,55,920,49,"7, BARBES RUE",,,Plein jour,En agglomération,Intersection en X,Autre,Autre collision,,,,,,,,,,,1,2,2,9,6
200600029036,0006-05-03 16:10:00,6,5,3,16,10,920,50,"383, REPUBLIQUE AVENUE D",,,Plein jour,En agglomération,Hors intersection,Normale,Deux véhicules - frontale,,,,,,,,,,,1,2,1,1,1
200600029037,0006-05-10 20:30:00,6,5,10,20,30,920,50,JOLIOT CURIE F. ET IRENE,,,Plein jour,En agglomération,Hors intersection,Normale,Autre collision,,,,,,,,,,,1,2,1,1,6
200600029038,0006-05-19 08:15:00,6,5,19,8,15,920,50,"15, PREMIER MAI RUE DU",,,Plein jour,En agglomération,Hors intersection,Normale,Deux véhicules - côté,,,,,,,,,,,1,2,1,1,3
200600029039,0006-05-23 18:10:00,6,5,23,18,10,920,50,HAVRE BOULEVARD DU,,,Plein jour,En agglomération,Hors intersection,Normale,Deux véhicules - côté,,,,,,,,,,,1,2,1,1,3
200600029040,0006-05-26 09:05:00,6,5,26,9,5,920,50,CHATOU ROUTE DE,,,Plein jour,En agglomération,Intersection en T,Normale,Deux véhicules - côté,,,,,,,,,,,1,2,3,1,3
200600029041,0006-05-27 20:30:00,6,5,27,20,30,920,50,DEQUEANT ALFRED RUE,,,Plein jour,En agglomération,Autre intersection,Normale,Sans collision,,,,,,,,,,,1,2,9,1,7
200600029042,0006-05-18 13:50:00,6,5,18,13,50,920,50,PONS NOEL RUE,,,Plein jour,En agglomération,Intersection en X,Normale,Deux véhicules - côté,,,,,,,,,,,1,2,2,1,3
200600029043,0006-05-30 21:45:00,6,5,30,21,45,920,50,"200, REPUBLIQUE AVENUE D",,,Crépuscule ou aube,Hors agglomération,Hors intersection,Normale,Deux véhicules - frontale,,,,,,,,,,,2,1,1,1,1
200600029044,0006-05-10 11:40:00,6,5,10,11,40,920,51,"152, CHARLES DE GAULLE (",,,Plein jour,En agglomération,Hors intersection,Normale,Deux véhicules - côté,,,,,,,,,,,1,2,1,1,3
200600029045,0006-05-15 19:40:00,6,5,15,19,40,920,51,"73, CHARLES DE GAULLE (A",,,Plein jour,En agglomération,Hors intersection,Normale,Deux véhicules - arrière,,,,,,,,,,,1,2,1,1,2
200600029046,0006-05-22 17:46:00,6,5,22,17,46,920,51,CHARLES DE GAULLE (AVENU,,,Plein jour,En agglomération,Hors intersection,Pluie légère,Autre collision,,,,,,,,,,,1,2,1,2,6
200600029047,0006-05-24 18:10:00,6,5,24,18,10,920,51,"30, MAILLOT (BOULEVARD)",,,Plein jour,En agglomération,Hors intersection,Normale,Autre collision,,,,,,,,,,,1,2,1,1,6
200600029048,0006-05-26 19:20:00,6,5,26,19,20,920,51,"20, INKERMANN (BOULEVARD",,,Plein jour,En agglomération,Hors intersection,Pluie légère,Deux véhicules - arrière,,,,,,,,,,,1,2,1,2,2
200600029049,0006-05-07 07:50:00,6,5,7,7,50,920,62,"00, GENERAL DE GAULLE (A",,,Plein jour,En agglomération,Hors intersection,Normale,Autre collision,,,,,,,,,,,1,2,1,1,6
200600029050,0006-05-15 15:30:00,6,5,15,15,30,920,62,"00, WALLACE (BD RICHARD)",,,Plein jour,En agglomération,Intersection en X,Normale,Autre collision,,,,,,,,,,,1,2,2,1,6
200600029051,0006-05-19 14:35:00,6,5,19,14,35,920,62,CARNOT (RUE SADI),,,Plein jour,En agglomération,Intersection en X,Pluie légère,Deux véhicules - arrière,,,,,,,,,,,1,2,2,2,2
200600029052,0006-05-26 20:16:00,6,5,26,20,16,920,62,"00, GENERAL DE GAULLE (A",,,Plein jour,Hors agglomération,Intersection en X,Normale,Deux véhicules - frontale,,,,,,,,,,,1,1,2,1,1
200600029053,0006-05-31 14:40:00,6,5,31,14,40,920,62,"0, GENERAL DE GAULLE (AV",,,Plein jour,En agglomération,Intersection en X,Pluie légère,Deux véhicules - côté,,,,,,,,,,,1,2,2,2,3
200600029054,0006-05-01 13:45:00,6,5,1,13,45,920,63,HOPITAL STELL (BOULEVARD,,,Plein jour,En agglomération,Intersection en T,Pluie légère,Deux véhicules - côté,,,,,,,,,,,1,2,3,2,3
200600029055,0006-05-04 16:10:00,6,5,4,16,10,920,63,"Néant, BOURGUIGNON (RUE",,,Plein jour,En agglomération,Intersection en T,Normale,Deux véhicules - arrière,,,,,,,,,,,1,2,3,1,2
200600029056,0006-05-05 17:05:00,6,5,5,17,5,920,63,"7, CHARCOT (RUE DU DOCTE",,,Plein jour,En agglomération,Hors intersection,Normale,Deux véhicules - arrière,,,,,,,,,,,1,2,1,1,2
200600029057,0006-05-17 09:00:00,6,5,17,9,0,920,63,"37, CHATEAU (RUE DU)",,,Plein jour,En agglomération,Hors intersection,Normale,Autre collision,,,,,,,,,,,1,2,1,1,6
200600029058,0006-05-18 22:22:00,6,5,18,22,22,920,63,"NEANT, MONTBRISON (RUE D",,,Nuit avec éclairage allumé,En agglomération,Giratoire,Pluie légère,Deux véhicules - côté,,,,,,,,,,,5,2,6,2,3
200600029059,0006-05-20 17:05:00,6,5,20,17,5,920,63,"neant, DOUMER (AVENUE PA",,,Plein jour,En agglomération,Hors intersection,Normale,Autre collision,,,,,,,,,,,1,2,1,1,6
200600029060,0006-05-25 13:10:00,6,5,25,13,10,920,63,MONTBRISON (RUE DU LIEUT,,,Plein jour,En agglomération,Intersection en T,Normale,Deux véhicules - côté,,,,,,,,,,,1,2,3,1,3
200600029061,0006-05-23 19:15:00,6,5,23,19,15,920,63,COLMAR (AVENUE DE),,,Plein jour,En agglomération,Intersection en X,Normale,Deux véhicules - côté,,,,,,,,,,,1,2,2,1,3
200600029062,0006-05-03 09:00:00,6,5,3,9,0,920,64,"120, MARECHAL FOCH",,,Plein jour,En agglomération,Hors intersection,Normale,Deux véhicules - arrière,,,,,,,,,,,1,2,1,1,2
200600029063,0006-05-03 18:10:00,6,5,3,18,10,920,76,"40, THERY",,,Plein jour,En agglomération,Hors intersection,Normale,Autre collision,,,,,,,,,,,1,2,1,1,6
200600029064,0006-05-06 08:30:00,6,5,6,8,30,920,33,"106, RAYMOND POINCARE",,,Plein jour,En agglomération,Hors intersection,Normale,Sans collision,,,,,,,,,,,1,2,1,1,7
200600029065,0006-05-09 19:00:00,6,5,9,19,0,920,33,"102, RAYMOND POINCARE",,,Plein jour,En agglomération,Hors intersection,Pluie légère,Trois véhicules et plus - en chaîne,,,,,,,,,,,1,2,1,2,4
200600029066,0006-05-14 13:15:00,6,5,14,13,15,920,64,"180, REPUBLIQUE",,,Plein jour,En agglomération,Hors intersection,Normale,Autre collision,,,,,,,,,,,1,2,1,1,6
200600029067,0006-05-19 08:35:00,6,5,19,8,35,920,64,REPUBLIQUE,,,Plein jour,En agglomération,Intersection en Y,Normale,Deux véhicules - côté,,,,,,,,,,,1,2,4,1,3
200600029068,0006-05-21 19:40:00,6,5,21,19,40,920,64,"33, CARNOT",,,Plein jour,En agglomération,Hors intersection,Pluie forte,Deux véhicules - côté,,,,,,,,,,,1,2,1,3,3
200600029069,0006-05-23 08:40:00,6,5,23,8,40,920,33,SURESNES,,,Plein jour,En agglomération,Intersection en T,Normale,Deux véhicules - côté,,,,,,,,,,,1,2,3,1,3
200600029070,0006-05-25 05:40:00,6,5,25,5,40,920,64,MARCEL DASSAULT,,,Nuit avec éclairage allumé,En agglomération,Hors intersection,Pluie légère,Sans collision,,,,,,,,,,,5,2,1,2,7
200600029071,0006-05-25 13:20:00,6,5,25,13,20,920,33,PORTE JAUNE,,,Plein jour,En agglomération,Intersection en T,Normale,Deux véhicules - côté,,,,,,,,,,,1,2,3,1,3
200600029072,0006-05-28 14:00:00,6,5,28,14,0,920,64,REPUBLIQUE,,,Plein jour,En agglomération,Intersection en X,Normale,Deux véhicules - côté,,,,,,,,,,,1,2,2,1,3
200600029073,0006-05-06 08:15:00,6,5,6,8,15,920,22,PAVE DES GARDES (ROUTE D,,,Plein jour,En agglomération,Hors intersection,Normale,Autre collision,,,,,,,,,,,1,2,1,1,6
200600029074,0006-05-06 13:40:00,6,5,6,13,40,920,72,"05, GRANDE RUE",,,Plein jour,En agglomération,Hors intersection,Normale,Deux véhicules - côté,,,,,,,,,,,1,2,1,1,3
200600029075,0006-05-11 14:05:00,6,5,11,14,5,920,72,VILLE D'AVRAY (RUE DE ),,,Plein jour,En agglomération,Intersection en T,Normale,Deux véhicules - frontale,,,,,,,,,,,1,2,3,1,1
200600029076,0006-05-13 09:45:00,6,5,13,9,45,920,77,"04, BOURLON-CLAUZEL (RUE",,,Plein jour,En agglomération,Hors intersection,Normale,Deux véhicules - arrière,,,,,,,,,,,1,2,1,1,2
200600029077,0006-05-15 18:50:00,6,5,15,18,50,920,22,CURIE (AVENUE),,,Plein jour,En agglomération,Intersection en T,Normale,Autre collision,,,,,,,,,,,1,2,3,1,6
200600029078,0006-05-18 21:30:00,6,5,18,21,30,920,22,"08, JONQUILLES (RUE DES)",,,Nuit avec éclairage allumé,En agglomération,Hors intersection,Normale,Autre collision,,,,,,,,,,,5,2,1,1,6
200600029079,0006-05-19 11:30:00,6,5,19,11,30,920,72,"23, SAINT CLOUD (RUE DE)",,,Plein jour,En agglomération,Hors intersection,Normale,Deux véhicules - côté,,,,,,,,,,,1,2,1,1,3
200600029080,0006-05-24 18:40:00,6,5,24,18,40,920,72,BRUYERES (RUE DES),,,Plein jour,En agglomération,Intersection en T,Normale,Deux véhicules - arrière,,,,,,,,,,,1,2,3,1,2
200600029081,0006-05-04 07:55:00,6,5,4,7,55,920,73,"26, SELLIER (BOULEVARD H",,,Plein jour,En agglomération,Hors intersection,Normale,Autre collision,,,,,,,,,,,1,2,1,1,6
200600029082,0006-05-09 21:10:00,6,5,9,21,10,920,73,"27, GALLIENI (QUAI)",,,Nuit avec éclairage allumé,En agglomération,Hors intersection,Pluie légère,Deux véhicules - arrière,,,,,,,,,,,5,2,1,2,2
200600029083,0006-05-11 00:10:00,6,5,11,0,10,920,73,"11, BRIAND (BOULEVARD AR",,,Nuit avec éclairage allumé,En agglomération,Intersection en T,Normale,Deux véhicules - côté,,,,,,,,,,,5,2,3,1,3
200600029084,0006-05-11 19:15:00,6,5,11,19,15,920,73,"38, ROOSVELT (AVENUE FRA",,,Plein jour,En agglomération,Intersection en X,Normale,Deux véhicules - côté,,,,,,,,,,,1,2,2,1,3
200600029085,0006-05-18 09:55:00,6,5,18,9,55,920,73,"1, GAULLE (AVENUE GENERA",,,Plein jour,En agglomération,Intersection en X,Normale,Autre collision,,,,,,,,,,,1,2,2,1,6
200600029086,0006-05-31 18:05:00,6,5,31,18,5,920,73,"90, VERDUN (RUE DE)",,,Plein jour,En agglomération,Hors intersection,Normale,Sans collision,,,,,,,,,,,1,2,1,1,7
200600029087,0006-05-09 16:25:00,6,5,9,16,25,920,46,bld du Colonel Fabien,,,Plein jour,En agglomération,Intersection en X,Normale,Deux véhicules - côté,,,,,,,,,,,1,2,2,1,3
200600029088,0006-05-15 20:35:00,6,5,15,20,35,920,46,"40, PIERRE VALETTE (RUE)",,,Plein jour,En agglomération,Hors intersection,Temps couvert,Deux véhicules - frontale,,,,,,,,,,,1,2,1,8,1
200600029089,0006-05-23 17:00:00,6,5,23,17,0,920,75,"55, JEAN JAURES (RUE)",,,Plein jour,En agglomération,Hors intersection,Normale,Autre collision,,,,,,,,,,,1,2,1,1,6
200600029090,0006-05-24 08:15:00,6,5,24,8,15,920,46,PIERRE BROSSOLETTE,,,Plein jour,En agglomération,Intersection en X,Normale,Autre collision,,,,,,,,,,,1,2,2,1,6
200600029091,0006-05-29 18:30:00,6,5,29,18,30,920,46,FRERES VIGOUROUX (RUE DE,,,Plein jour,En agglomération,Intersection en T,Normale,Deux véhicules - côté,,,,,,,,,,,1,2,3,1,3
200600029092,0006-05-21 06:15:00,6,5,21,6,15,920,78,"168, GALLIENI (BD) (154",,,Crépuscule ou aube,En agglomération,Hors intersection,Normale,Autre collision,,,,,,,,,,,2,2,1,1,6
200600029093,0006-05-22 18:05:00,6,5,22,18,5,920,78,"1, MOULIN CAGE (QUAI)",,,Plein jour,En agglomération,Hors intersection,Normale,Autre collision,,,,,,,,,,,1,2,1,1,6
200600029094,0006-05-13 01:10:00,6,5,13,1,10,920,26,BOULEVARD CIRCULAIRE,,,Nuit avec éclairage allumé,En agglomération,Intersection en X,Normale,Deux véhicules - côté,,,,,,,,,,,5,2,2,1,3
200600029095,0006-05-19 17:05:00,6,5,19,17,5,920,62,GENERAL DE GAULLE (AVENU,,,Plein jour,En agglomération,Hors intersection,Temps couvert,Autre collision,,,,,,,,,,,1,2,1,8,6
200600029096,0006-05-02 18:46:00,6,5,2,18,46,930,1,"42, FELIX FAURE (BLD)  =",,,Plein jour,En agglomération,Intersection en Y,Normale,Autre collision,,,,,,,,,,,1,2,4,1,6
200600029097,0006-05-04 10:45:00,6,5,4,10,45,930,1,VICTOR HUGO (AVE)  => 12,,,Plein jour,En agglomération,Passage à niveau,Normale,Autre collision,,,,,,,,,,,1,2,8,1,6
200600029098,0006-05-05 12:15:00,6,5,5,12,15,930,1,"146, CITES (RUE DES)  12",,,Plein jour,En agglomération,Hors intersection,Normale,Sans collision,,,,,,,,,,,1,2,1,1,7
200600029099,0006-05-05 17:20:00,6,5,5,17,20,930,1,"01, REPUBLIQUE (AVE DE L",,,Plein jour,En agglomération,Hors intersection,Normale,Autre collision,,,,,,,,,,,1,2,1,1,6
200600029100,0006-05-09 15:30:00,6,5,9,15,30,930,1,"59, VICTOR HUGO (AVE)  =",,,Plein jour,En agglomération,Hors intersection,Pluie légère,Autre collision,,,,,,,,,,,1,2,1,2,6
200600029101,0006-05-19 23:35:00,6,5,19,23,35,930,1,"181, JEAN JAURES  (AVE)",,,Nuit avec éclairage allumé,En agglomération,Hors intersection,Normale,Autre collision,,,,,,,,,,,5,2,1,1,6
200600029102,0006-05-20 12:00:00,6,5,20,12,0,930,1,"103, JEAN JAURES (AVE) 5",,,Plein jour,En agglomération,Hors intersection,Pluie légère,Trois véhicules et plus - en chaîne,,,,,,,,,,,1,2,1,2,4
200600029103,0006-05-23 12:40:00,6,5,23,12,40,930,1,"85, VICTOR HUGO (AVE)  =",,,Plein jour,En agglomération,Hors intersection,Normale,Deux véhicules - arrière,,,,,,,,,,,1,2,1,1,2
200600029104,0006-05-27 20:50:00,6,5,27,20,50,930,1,"06, DOCTEUR MICHAUX (AVE",,,Crépuscule ou aube,En agglomération,Hors intersection,Normale,Autre collision,,,,,,,,,,,2,2,1,1,6
200600029105,0006-05-30 15:55:00,6,5,30,15,55,930,1,"115, JEAN JAURES (AVE) 5",,,Plein jour,En agglomération,Hors intersection,Normale,Deux véhicules - côté,,,,,,,,,,,1,2,1,1,3