accident_id,datetime,annee,mois,jour,heure,minute,departement,commune_insee,adresse,latitude,longitude,luminosite,agglomeration,intersection,meteo,collision,nb_vehicules,nb_usagers,nb_indemnes,nb_tues,nb_blesses_hosp,nb_blesses_legers,age_cond_1,age_cond_2,veh_type_cond_1,veh_type_cond_2,lum_code,agg_code,int_code,atm_code,col_code
200600029106,0006-05-02 20:20:00,6,5,2,20,20,930,5,"néant, EDGAR DEGAS (RUE)",,,Plein jour,En agglomération,Intersection en X,Normale,Deux véhicules - côté,,,,,,,,,,,1,2,2,1,3
200600029107,0006-05-05 17:00:00,6,5,5,17,0,930,5,"19/21/23, MOULIN DE LA V",,,Plein jour,En agglomération,Hors intersection,Normale,Deux véhicules - côté,,,,,,,,,,,1,2,1,1,3
200600029108,0006-05-04 18:00:00,6,5,4,18,0,930,5,"111, JACQUES DUCLOS [CD4",,,Plein jour,En agglomération,Hors intersection,Normale,Autre collision,,,,,,,,,,,1,2,1,1,6
200600029109,0006-05-06 14:45:00,6,5,6,14,45,930,5,"NEANT, HENRI MATISSE (RU",,,Plein jour,En agglomération,Hors intersection,Normale,Autre collision,,,,,,,,,,,1,2,1,1,6
200600029110,0006-05-06 19:30:00,6,5,6,19,30,930,5,"néant, ANDRE CITROEN (BO",,,Plein jour,En agglomération,Hors intersection,Pluie forte,Trois véhicules et plus - en chaîne,,,,,,,,,,,1,2,1,3,4
200600029111,0006-05-09 07:10:00,6,5,9,7,10,930,5,"21, ARTHUR CHEVALIER (RU",,,Plein jour,En agglomération,Hors intersection,Pluie légère,Deux véhicules - côté,,,,,,,,,,,1,2,1,2,3
200600029112,0006-05-09 11:45:00,6,5,9,11,45,930,5,GENERAL GALLIENI (BOULEV,,,Plein jour,En agglomération,Intersection en T,Pluie légère,Deux véhicules - arrière,,,,,,,,,,,1,2,3,2,2
200600029113,0006-05-17 08:10:00,6,5,17,8,10,930,5,"2, PAUL GAUGUIN (RUE)",,,Plein jour,En agglomération,Hors intersection,Normale,Sans collision,,,,,,,,,,,1,2,1,1,7
200600029114,0006-05-22 16:00:00,6,5,22,16,0,930,5,"36, JULES PRINCET [CD115",,,Plein jour,En agglomération,Hors intersection,Normale,Deux véhicules - arrière,,,,,,,,,,,1,2,1,1,2
200600029115,0006-05-22 18:35:00,6,5,22,18,35,930,5,JULES JOUY (AVENUE),,,Plein jour,En agglomération,Intersection en T,Normale,Deux véhicules - côté,,,,,,,,,,,1,2,3,1,3
200600029116,0006-05-27 16:55:00,6,5,27,16,55,930,5,BRUXELLES PROLONGEE (RUE,,,Plein jour,En agglomération,Hors intersection,Normale,Autre collision,,,,,,,,,,,1,2,1,1,6
200600029117,0006-05-27 18:35:00,6,5,27,18,35,930,5,EDGAR DEGAS (RUE),,,Plein jour,En agglomération,Hors intersection,Temps couvert,Autre collision,,,,,,,,,,,1,2,1,8,6
200600029118,0006-05-31 11:25:00,6,5,31,11,25,930,5,"1-3, MARECHAL JUIN (AVEN",,,Plein jour,En agglomération,Hors intersection,Pluie légère,Sans collision,,,,,,,,,,,1,2,1,2,7
200600029119,0006-05-04 11:55:00,6,5,4,11,55,930,7,"03, MANET (RUE)",,,Plein jour,En agglomération,Hors intersection,Normale,Autre collision,,,,,,,,,,,1,2,1,1,6
200600029120,0006-05-07 17:45:00,6,5,7,17,45,930,7,"78, VLADIMIR I. LENINE (",,,Plein jour,En agglomération,Intersection en X,Normale,Deux véhicules - côté,,,,,,,,,,,1,2,2,1,3
200600029121,0006-05-07 18:35:00,6,5,7,18,35,930,7,JACQUES SOLOMON (RUE),,,Plein jour,En agglomération,Hors intersection,Normale,Autre collision,,,,,,,,,,,1,2,1,1,6
200600029122,0006-05-08 15:15:00,6,5,8,15,15,930,7,NORMANDIE-NIEMEN (AVENUE,,,Plein jour,En agglomération,Intersection en X,Normale,Deux véhicules - côté,,,,,,,,,,,1,2,2,1,3
200600029123,0006-05-11 08:35:00,6,5,11,8,35,930,7,"39, DIVISION LECLERC (AV",,,Plein jour,En agglomération,Hors intersection,Normale,Autre collision,,,,,,,,,,,1,2,1,1,6
200600029124,0006-05-11 17:30:00,6,5,11,17,30,930,7,PAUL VAILLANT COUTURIER,,,Plein jour,En agglomération,Hors intersection,Normale,Autre collision,,,,,,,,,,,1,2,1,1,6
200600029125,0006-05-12 16:55:00,6,5,12,16,55,930,7,"94,  PAUL VAILLANT COUTU",,,Plein jour,En agglomération,Hors intersection,Normale,Autre collision,,,,,,,,,,,1,2,1,1,6
200600029126,0006-05-14 18:45:00,6,5,14,18,45,930,7,PAUL VAILLANT COUTURIER,,,Plein jour,En agglomération,Hors intersection,Normale,Autre collision,,,,,,,,,,,1,2,1,1,6
200600029127,0006-05-22 20:00:00,6,5,22,20,0,930,7,"10, ARISTIDE BRIAND (AVE",,,Plein jour,En agglomération,Hors intersection,Normale,Autre collision,,,,,,,,,,,1,2,1,1,6
200600029128,0006-05-11 19:25:00,6,5,11,19,25,930,8,"165, PARIS (RUE DE)",,,Plein jour,En agglomération,Hors intersection,Normale,Deux véhicules - arrière,,,,,,,,,,,1,2,1,1,2
200600029129,0006-05-14 17:10:00,6,5,14,17,10,930,8,"55, REPUBLIQUE (RUE DE L",,,Plein jour,En agglomération,Hors intersection,Normale,Autre collision,,,,,,,,,,,1,2,1,1,6
200600029130,0006-05-14 22:00:00,6,5,14,22,0,930,8,"362, VAILLANT COUTURIER",,,Nuit avec éclairage allumé,En agglomération,Hors intersection,Normale,Autre collision,,,,,,,,,,,5,2,1,1,6
200600029131,0006-05-16 07:55:00,6,5,16,7,55,930,8,SEMARD (AVENUE PIERRE),,,Plein jour,En agglomération,Intersection en Y,Normale,Deux véhicules - arrière,,,,,,,,,,,1,2,4,1,2
200600029132,0006-05-19 08:20:00,6,5,19,8,20,930,8,"05, CARNOT (RUE)",,,Plein jour,En agglomération,Hors intersection,Normale,Autre collision,,,,,,,,,,,1,2,1,1,6
200600029133,0006-05-20 18:40:00,6,5,20,18,40,930,8,STALINGRAD (RUE DE) A10,,,Plein jour,En agglomération,Giratoire,Normale,Sans collision,,,,,,,,,,,1,2,6,1,7
200600029134,0006-05-24 17:10:00,6,5,24,17,10,930,8,"412, VAILLANT COUTURIER",,,Plein jour,En agglomération,Hors intersection,Normale,Autre collision,,,,,,,,,,,1,2,1,1,6
200600029135,0006-05-17 20:10:00,6,5,17,20,10,930,8,"67, ARAGON (AVENUE LOUIS",,,Crépuscule ou aube,En agglomération,Intersection en X,Temps couvert,Deux véhicules - frontale,,,,,,,,,,,2,2,2,8,1
200600029136,0006-05-01 14:55:00,6,5,1,14,55,930,10,"ignore, GALLIENI (AV.) D",,,Plein jour,En agglomération,Hors intersection,Pluie légère,Deux véhicules - arrière,,,,,,,,,,,1,2,1,2,2
200600029137,0006-05-07 08:45:00,6,5,7,8,45,930,57,"1, BRIAND ( AV. ARISTIDE",,,Plein jour,En agglomération,Intersection en X,Temps couvert,Deux véhicules - côté,,,,,,,,,,,1,2,2,8,3
200600029138,0006-05-09 13:35:00,6,5,9,13,35,930,57,"IGN, BRIAND ( AV.  ARIST",,,Plein jour,En agglomération,Hors intersection,Pluie légère,Autre collision,,,,,,,,,,,1,2,1,2,6
200600029139,0006-05-11 18:05:00,6,5,11,18,5,930,10,"02, BUISSON (AV. SUZANNE",,,Plein jour,En agglomération,Hors intersection,Normale,Autre collision,,,,,,,,,,,1,2,1,1,6
200600029140,0006-05-18 18:35:00,6,5,18,18,35,930,10,"56, GALLIENI (AV.) DE 1",,,Plein jour,En agglomération,Hors intersection,Normale,Deux véhicules - côté,,,,,,,,,,,1,2,1,1,3
200600029141,0006-05-18 19:20:00,6,5,18,19,20,930,10,"52, GUESDES (RUE JULES)",,,Plein jour,En agglomération,Hors intersection,Normale,Deux véhicules - côté,,,,,,,,,,,1,2,1,1,3
200600029142,0006-05-19 18:20:00,6,5,19,18,20,930,10,"IGNORE, GALLIENI (AV.) D",,,Plein jour,En agglomération,Hors intersection,Normale,Trois véhicules et plus - collisions multiples,,,,,,,,,,,1,2,1,1,5
200600029143,0006-05-20 12:35:00,6,5,20,12,35,930,10,"IGNORE, MOULIN (AV. JEAN",,,Plein jour,En agglomération,Hors intersection,Vent fort / tempête,Autre collision,,,,,,,,,,,1,2,1,6,6
200600029144,0006-05-22 17:10:00,6,5,22,17,10,930,10,"IGNORE, GROUSSIER (RUE A",,,Plein jour,En agglomération,Hors intersection,Normale,Autre collision,,,,,,,,,,,1,2,1,1,6
200600029145,0006-05-24 01:00:00,6,5,24,1,0,930,10,"128, BARBUSSE (AV. HENRI",,,Nuit avec éclairage allumé,En agglomération,Intersection en T,Normale,Deux véhicules - arrière,,,,,,,,,,,5,2,3,1,2
200600029146,0006-05-29 20:50:00,6,5,29,20,50,930,57,"132, BRIAND (AV. ARISTID",,,Plein jour,En agglomération,Hors intersection,Normale,Deux véhicules - côté,,,,,,,,,,,1,2,1,1,3
200600029147,0006-05-30 18:20:00,6,5,30,18,20,930,10,"IGNORE, PASTEUR (AV.)",,,Plein jour,En agglomération,Hors intersection,Normale,Autre collision,,,,,,,,,,,1,2,1,1,6
200600029148,0006-05-02 12:40:00,6,5,2,12,40,930,27,"126, VAILLANT-COUTURIER",,,Plein jour,En agglomération,Hors intersection,Normale,Autre collision,,,,,,,,,,,1,2,1,1,6
200600029149,0006-05-07 10:15:00,6,5,7,10,15,930,30,", HUIT-MAI-1945 (AVENUE",,,Plein jour,En agglomération,Hors intersection,Normale,Deux véhicules - arrière,,,,,,,,,,,1,2,1,1,2
200600029150,0006-05-08 13:20:00,6,5,8,13,20,930,30,"00, HUIT-MAI-1945 (AVENU",,,Plein jour,En agglomération,Intersection en T,Normale,Trois véhicules et plus - collisions multiples,,,,,,,,,,,1,2,3,1,5
200600029151,0006-05-16 15:17:00,6,5,16,15,17,930,27,HUIT-MAI-1945 (PLACE DU),,,Plein jour,En agglomération,Hors intersection,Normale,Autre collision,,,,,,,,,,,1,2,1,1,6
200600029152,0006-05-20 18:00:00,6,5,20,18,0,930,30,"7, CHARDAVOINE (RUE ALBE",,,Plein jour,En agglomération,Hors intersection,Vent fort / tempête,Autre collision,,,,,,,,,,,1,2,1,6,6
200600029153,0006-05-21 19:00:00,6,5,21,19,0,930,27,VAILLANT-COUTURIER (AVEN,,,Plein jour,En agglomération,Hors intersection,Pluie forte,Autre collision,,,,,,,,,,,1,2,1,3,6
200600029154,0006-05-03 20:50:00,6,5,3,20,50,930,31,"158, REPUBLIQUE (AVENUE)",,,Crépuscule ou aube,En agglomération,Hors intersection,Normale,Deux véhicules - frontale,,,,,,,,,,,2,2,1,1,1
200600029155,0006-05-04 18:45:00,6,5,4,18,45,930,31,"5, GARE EPINAY/VILLETANE",,,Plein jour,En agglomération,Hors intersection,Normale,Sans collision,,,,,,,,,,,1,2,1,1,7
200600029156,0006-05-07 18:10:00,6,5,7,18,10,930,79,SAINT LEU (ROUTE),,,Plein jour,En agglomération,Intersection en Y,Normale,Deux véhicules - côté,,,,,,,,,,,1,2,4,1,3
200600029157,0006-05-12 18:30:00,6,5,12,18,30,930,31,"81, JOFFRE (AVENUE)",,,Plein jour,En agglomération,Hors intersection,Normale,Autre collision,,,,,,,,,,,1,2,1,1,6
200600029158,0006-05-17 23:40:00,6,5,17,23,40,930,31,"153, REPUBLIQUE (AVENUE)",,,Nuit avec éclairage allumé,En agglomération,Intersection en X,Pluie légère,Deux véhicules - côté,,,,,,,,,,,5,2,2,2,3
200600029159,0006-05-18 10:50:00,6,5,18,10,50,930,31,"0, JOFFRE (AVENUE)",,,Plein jour,En agglomération,Intersection en T,Normale,Deux véhicules - côté,,,,,,,,,,,1,2,3,1,3
200600029160,0006-05-21 22:05:00,6,5,21,22,5,930,31,"115, JEAN JAURES (AVENUE",,,Nuit sans éclairage public,En agglomération,Hors intersection,Pluie légère,Deux véhicules - côté,,,,,,,,,,,3,2,1,2,3
200600029161,0006-05-24 21:40:00,6,5,24,21,40,930,31,"0, JARROW (AVENUE DE)",,,Nuit avec éclairage allumé,En agglomération,Intersection en X,Pluie légère,Autre collision,,,,,,,,,,,5,2,2,2,6
200600029162,0006-05-02 08:45:00,6,5,2,8,45,930,47,CHARMILLES (AVENUE DES),,,Plein jour,En agglomération,Intersection en X,Normale,Deux véhicules - côté,,,,,,,,,,,1,2,2,1,3
200600029163,0006-05-11 04:00:00,6,5,11,4,0,930,32,HENRI BARBUSSE   (AVENUE,,,Nuit avec éclairage allumé,En agglomération,Intersection en Y,Normale,Deux véhicules - côté,,,,,,,,,,,5,2,4,1,3
200600029164,0006-05-07 00:30:00,6,5,7,0,30,930,47,GABRIEL PERI  (AVENUE),,,Nuit avec éclairage allumé,En agglomération,Autre intersection,Pluie légère,Deux véhicules - côté,,,,,,,,,,,5,2,9,2,3
200600029165,0006-05-08 05:25:00,6,5,8,5,25,930,32,"16, CHENES (ALLEE DES)",,,Nuit avec éclairage allumé,En agglomération,Hors intersection,Pluie légère,Autre collision,,,,,,,,,,,5,2,1,2,6
200600029166,0006-05-11 19:38:00,6,5,11,19,38,930,47,NOTRE DAMES DES ANGES  (,,,Plein jour,En agglomération,Intersection en X,Normale,Deux véhicules - frontale,,,,,,,,,,,1,2,2,1,1
200600029167,0006-05-12 07:10:00,6,5,12,7,10,930,32,"59, JEAN JAURES (AVENUE)",,,Plein jour,En agglomération,Hors intersection,Normale,Autre collision,,,,,,,,,,,1,2,1,1,6
200600029168,0006-05-14 07:10:00,6,5,14,7,10,930,47,JEAN JAURES (AVENUE),,,Plein jour,En agglomération,Intersection à plus de 4 branches,Normale,Sans collision,,,,,,,,,,,1,2,5,1,7
200600029169,0006-05-15 08:20:00,6,5,15,8,20,930,47,", PAQUERETTES  (AVENUE D",,,Plein jour,En agglomération,Intersection en X,Normale,Deux véhicules - côté,,,,,,,,,,,1,2,2,1,3
200600029170,0006-05-21 11:35:00,6,5,21,11,35,930,32,MONTGUICHET  (CHEMIN DE),,,Plein jour,En agglomération,Intersection en T,Normale,Deux véhicules - arrière,,,,,,,,,,,1,2,3,1,2
200600029171,0006-05-18 20:35:00,6,5,18,20,35,930,32,"03, JEAN MOULIN  (RUE)",,,Crépuscule ou aube,En agglomération,Hors intersection,Normale,Deux véhicules - côté,,,,,,,,,,,2,2,1,1,3
200600029172,0006-05-23 08:15:00,6,5,23,8,15,930,32,", ARISTIDE BRIAND (RUE)",,,Plein jour,En agglomération,Intersection en X,Normale,Deux véhicules - côté,,,,,,,,,,,1,2,2,1,3
200600029173,0006-05-23 16:20:00,6,5,23,16,20,930,47,"29, PAUL CEZANNE  (AVENU",,,Plein jour,En agglomération,Hors intersection,Normale,Sans collision,,,,,,,,,,,1,2,1,1,7
200600029174,0006-05-25 19:45:00,6,5,25,19,45,930,47,"51, CHEVREUL  (AVENUE)",,,Crépuscule ou aube,En agglomération,Hors intersection,Normale,Autre collision,,,,,,,,,,,2,2,1,1,6
200600029175,0006-05-27 19:55:00,6,5,27,19,55,930,47,"34, GABRIEL PERI  (AVENU",,,Plein jour,En agglomération,Hors intersection,Normale,Deux véhicules - côté,,,,,,,,,,,1,2,1,1,3
200600029176,0006-05-04 17:30:00,6,5,4,17,30,930,63,BARBUSSE HENRI BOULEVARD,,,Plein jour,En agglomération,Hors intersection,Normale,Autre collision,,,,,,,,,,,1,2,1,1,6
200600029177,0006-05-11 16:45:00,6,5,11,16,45,930,61,"49, JAURES AVENUE JEAN",,,Plein jour,En agglomération,Hors intersection,Normale,Autre collision,,,,,,,,,,,1,2,1,1,6
200600029178,0006-05-13 23:15:00,6,5,13,23,15,930,63,"01, BENFLEET RUE DE",,,Nuit avec éclairage allumé,En agglomération,Hors intersection,Normale,Autre collision,,,,,,,,,,,5,2,1,1,6
200600029179,0006-05-14 18:30:00,6,5,14,18,30,930,6,THOMAS RUE DU LIEUTENANT,,,Plein jour,En agglomération,Hors intersection,Normale,Autre collision,,,,,,,,,,,1,2,1,1,6
200600029180,0006-05-16 17:00:00,6,5,16,17,0,930,6,"140, PASTEUR AV.",,,Plein jour,En agglomération,Hors intersection,Normale,Deux véhicules - côté,,,,,,,,,,,1,2,1,1,3
200600029181,0006-05-23 14:35:00,6,5,23,14,35,930,6,GAL LECLERC AV. DU,,,Plein jour,En agglomération,Intersection en T,Normale,Autre collision,,,,,,,,,,,1,2,3,1,6
200600029182,0006-05-26 17:40:00,6,5,26,17,40,930,45,"131, PARIS RUE DE",,,Plein jour,En agglomération,Hors intersection,Normale,Autre collision,,,,,,,,,,,1,2,1,1,6
200600029183,0006-05-27 05:25:00,6,5,27,5,25,930,63,BARBUSSE HENRI BOULEVARD,,,Crépuscule ou aube,En agglomération,Intersection en X,Temps couvert,Deux véhicules - côté,,,,,,,,,,,2,2,2,8,3
200600029184,0006-05-29 00:40:00,6,5,29,0,40,930,45,"20, LECLERC BOULEVARD DU",,,Nuit avec éclairage allumé,En agglomération,Intersection en T,Normale,Deux véhicules - côté,,,,,,,,,,,5,2,3,1,3
200600029185,0006-05-29 05:05:00,6,5,29,5,5,930,63,SAINT-GERMAIN RUE,,,Crépuscule ou aube,En agglomération,Hors intersection,Normale,Autre collision,,,,,,,,,,,2,2,1,1,6
200600029186,0006-05-29 11:45:00,6,5,29,11,45,930,6,LEFEVRE RAYMOND,,,Plein jour,En agglomération,Hors intersection,Pluie légère,Autre collision,,,,,,,,,,,1,2,1,2,6
200600029187,0006-05-29 16:10:00,6,5,29,16,10,930,6,"53, GAMBETTA AV.",,,Plein jour,En agglomération,Hors intersection,Temps couvert,Deux véhicules - frontale,,,,,,,,,,,1,2,1,8,1
200600029188,0006-05-12 10:25:00,6,5,12,10,25,930,74,"209, MEAUX RUE DE",,,Plein jour,En agglomération,Hors intersection,Normale,Deux véhicules - côté,,,,,,,,,,,1,2,1,1,3
200600029189,0006-05-17 10:10:00,6,5,17,10,10,930,46,"NR, MARX DORMOY BOULEVAR",,,Plein jour,En agglomération,Intersection en X,Normale,Deux véhicules - arrière,,,,,,,,,,,1,2,2,1,2
200600029190,0006-05-19 19:50:00,6,5,19,19,50,930,46,"128, MAURICE BERTHEAUX A",,,Plein jour,En agglomération,Hors intersection,Normale,Autre collision,,,,,,,,,,,1,2,1,1,6
200600029191,0006-05-21 15:30:00,6,5,21,15,30,930,15,"1, LARCHE RUE RAOUL",,,Plein jour,En agglomération,Intersection en X,Normale,Deux véhicules - côté,,,,,,,,,,,1,2,2,1,3
200600029192,0006-05-29 20:25:00,6,5,29,20,25,930,46,"86, QUESNAY AVENUE",,,Plein jour,En agglomération,Hors intersection,Normale,Autre collision,,,,,,,,,,,1,2,1,1,6
200600029193,0006-05-01 18:30:00,6,5,1,18,30,930,48,"149, PRESIDENT SALVADOR",,,Plein jour,En agglomération,Hors intersection,Temps couvert,Deux véhicules - arrière,,,,,,,,,,,1,2,1,8,2
200600029194,0006-05-08 09:45:00,6,5,8,9,45,930,48,"65, MARCEAU (RUE)",,,Plein jour,En agglomération,Intersection en X,Temps couvert,Autre collision,,,,,,,,,,,1,2,2,8,6
200600029195,0006-05-12 07:00:00,6,5,12,7,0,930,48,WALWEIN (AVENUE),,,Plein jour,En agglomération,Intersection en X,Normale,Deux véhicules - côté,,,,,,,,,,,1,2,2,1,3
200600029196,0006-05-12 13:15:00,6,5,12,13,15,930,48,"28, ARISTIDE BRIAND S2 (",,,Plein jour,En agglomération,Hors intersection,Normale,Autre collision,,,,,,,,,,,1,2,1,1,6
200600029197,0006-05-14 18:20:00,6,5,14,18,20,930,48,ROBERT LEGROS (RUE),,,Plein jour,En agglomération,Hors intersection,Normale,Autre collision,,,,,,,,,,,1,2,1,1,6
200600029198,0006-05-15 19:00:00,6,5,15,19,0,930,48,THEOPHILE SUEUR (BOULEVA,,,Plein jour,En agglomération,Hors intersection,Normale,Autre collision,,,,,,,,,,,1,2,1,1,6
200600029199,0006-05-15 19:05:00,6,5,15,19,5,930,48,"31, RASPAIL (RUE)",,,Plein jour,En agglomération,Intersection en X,Normale,Deux véhicules - côté,,,,,,,,,,,1,2,2,1,3
200600029200,0006-05-16 09:30:00,6,5,16,9,30,930,48,", SERGENT BOBILLOT (RUE",,,Plein jour,En agglomération,Intersection en T,Normale,Deux véhicules - côté,,,,,,,,,,,1,2,3,1,3
200600029201,0006-05-17 13:55:00,6,5,17,13,55,930,48,LAGNY (RUE DE),,,Plein jour,En agglomération,Hors intersection,Normale,Autre collision,,,,,,,,,,,1,2,1,1,6
200600029202,0006-05-23 14:25:00,6,5,23,14,25,930,48,BOISSIERE (BOULEVARD DE,,,Plein jour,En agglomération,Hors intersection,Normale,Autre collision,,,,,,,,,,,1,2,1,1,6
200600029203,0006-05-24 13:05:00,6,5,24,13,5,930,48,"222, ROSNY (RUE DE)",,,Plein jour,En agglomération,Intersection en T,Normale,Deux véhicules - arrière,,,,,,,,,,,1,2,3,1,2
200600029204,0006-05-28 13:50:00,6,5,28,13,50,930,48,"95 bis, PRESIDENT WILSON",,,Plein jour,En agglomération,Intersection en X,Normale,Deux véhicules - côté,,,,,,,,,,,1,2,2,1,3
200600029205,0006-05-29 18:20:00,6,5,29,18,20,930,48,"224, THEOPHILE SUEUR (BO",,,Plein jour,En agglomération,Hors intersection,Normale,Deux véhicules - arrière,,,,,,,,,,,1,2,1,1,2
200600029206,0006-05-04 12:15:00,6,5,4,12,15,930,50,"5, MARTYRS DE LA DEPORTA",,,Plein jour,En agglomération,Hors intersection,Normale,Autre collision,,,,,,,,,,,1,2,1,1,6
200600029207,0006-05-05 11:00:00,6,5,5,11,0,930,49,"56, CAHOUETTES (RUE)",,,Plein jour,En agglomération,Hors intersection,Normale,Deux véhicules - frontale,,,,,,,,,,,1,2,1,1,1
200600029208,0006-05-14 15:15:00,6,5,14,15,15,930,50,"211, PAUL ET CAMILLE THO",,,Plein jour,En agglomération,Hors intersection,Normale,Autre collision,,,,,,,,,,,1,2,1,1,6
200600029209,0006-05-26 19:30:00,6,5,26,19,30,930,49,"25, PASTEUR (RUE)",,,Plein jour,En agglomération,Hors intersection,Pluie légère,Deux véhicules - frontale,,,,,,,,,,,1,2,1,2,1
200600029210,0006-05-27 20:25:00,6,5,27,20,25,930,50,"99, PAUL ET CAMILLE THOM",,,Plein jour,En agglomération,Intersection en T,Normale,Deux véhicules - côté,,,,,,,,,,,1,2,3,1,3
200600029211,0006-05-30 07:50:00,6,5,30,7,50,930,50,"60, LOUIS VANNINI (RUE)",,,Plein jour,En agglomération,Hors intersection,Normale,Deux véhicules - côté,,,,,,,,,,,1,2,1,1,3
200600029212,0006-05-30 15:05:00,6,5,30,15,5,930,50,"84, PAUL ET CAMILLE THOM",,,Plein jour,En agglomération,Intersection en X,Normale,Autre collision,,,,,,,,,,,1,2,2,1,6
200600029213,0006-05-10 12:20:00,6,5,10,12,20,930,51,"212, PIERRE BROSSOLETTE",,,Plein jour,En agglomération,Hors intersection,Normale,Autre collision,,,,,,,,,,,1,2,1,1,6
200600029214,0006-05-11 14:15:00,6,5,11,14,15,930,51,MARNE (QUAI),,,Plein jour,En agglomération,Hors intersection,Normale,Autre collision,,,,,,,,,,,1,2,1,1,6
200600029215,0006-05-17 09:15:00,6,5,17,9,15,930,51,"01, MONGE",,,Plein jour,En agglomération,Hors intersection,Normale,Deux véhicules - côté,,,,,,,,,,,1,2,1,1,3
200600029216,0006-05-18 17:30:00,6,5,18,17,30,930,51,"138, MEDERIC (AVENUE)",,,Plein jour,En agglomération,Hors intersection,Normale,Autre collision,,,,,,,,,,,1,2,1,1,6
200600029217,0006-05-21 14:50:00,6,5,21,14,50,930,51,"44, PAUL PAMBRUN (BOULEV",,,Plein jour,En agglomération,Hors intersection,Normale,Deux véhicules - arrière,,,,,,,,,,,1,2,1,1,2
200600029218,0006-05-02 17:10:00,6,5,2,17,10,930,53,JURA (RUE DU),,,Plein jour,En agglomération,Intersection en X,Normale,Deux véhicules - côté,,,,,,,,,,,1,2,2,1,3
200600029219,0006-05-15 21:20:00,6,5,15,21,20,930,53,"70, PARIS (RUE DE)",,,Nuit avec éclairage allumé,En agglomération,Hors intersection,Normale,Autre collision,,,,,,,,,,,5,2,1,1,6
200600029220,0006-05-13 18:40:00,6,5,13,18,40,930,53,"55, JEAN JAURES (RUE)",,,Plein jour,En agglomération,Hors intersection,Normale,Autre collision,,,,,,,,,,,1,2,1,1,6
200600029221,0006-05-02 11:45:00,6,5,2,11,45,930,55,JEAN LOLIVE (AVENUE)(55/,,,Plein jour,En agglomération,Intersection en X,Normale,Autre collision,,,,,,,,,,,1,2,2,1,6
200600029222,0006-05-03 09:20:00,6,5,3,9,20,930,55,"28, JEAN LOLIVE (AVENUE)",,,Plein jour,En agglomération,Hors intersection,Normale,Autre collision,,,,,,,,,,,1,2,1,1,6
200600029223,0006-05-12 13:30:00,6,5,12,13,30,930,55,"52, JEAN LOLIVE (AVENUE)",,,Plein jour,En agglomération,Intersection en X,Normale,Deux véhicules - côté,,,,,,,,,,,1,2,2,1,3
200600029224,0006-05-16 16:55:00,6,5,16,16,55,930,55,"140, JEAN LOLIVE (AVENUE",,,Plein jour,En agglomération,Intersection à plus de 4 branches,Pluie légère,Autre collision,,,,,,,,,,,1,2,5,2,6
200600029225,0006-05-18 11:30:00,6,5,18,11,30,930,55,"108, JEAN LOLIVE (AVENUE",,,Plein jour,Hors agglomération,Intersection en X,Normale,Deux véhicules - arrière,,,,,,,,,,,1,1,2,1,2
200600029226,0006-05-22 19:10:00,6,5,22,19,10,930,55,DIVISION LECLERC (AVE DE,,,Plein jour,En agglomération,Intersection en T,Vent fort / tempête,Deux véhicules - côté,,,,,,,,,,,1,2,3,6,3
200600029227,0006-05-24 10:50:00,6,5,24,10,50,930,55,JEAN LOLIVE (AVENUE)(137,,,Plein jour,En agglomération,Hors intersection,Pluie forte,Autre collision,,,,,,,,,,,1,2,1,3,6
200600029228,0006-05-27 11:40:00,6,5,27,11,40,930,55,"42-44, HOCHE",,,Plein jour,En agglomération,Hors intersection,Normale,Autre collision,,,,,,,,,,,1,2,1,1,6
200600029229,0006-05-29 17:10:00,6,5,29,17,10,930,55,"09, GENERAL LECLERC (AVE",,,Plein jour,En agglomération,Autre intersection,Normale,Deux véhicules - arrière,,,,,,,,,,,1,2,9,1,2
200600029230,0006-05-02 20:30:00,6,5,2,20,30,930,14,ARCHERS (ALLEE DES),,,Plein jour,En agglomération,Hors intersection,Normale,Autre collision,,,,,,,,,,,1,2,1,1,6
200600029231,0006-05-03 09:25:00,6,5,3,9,25,930,62,"01, NORD (BOULEVARD DU)",,,Plein jour,En agglomération,Hors intersection,Normale,Deux véhicules - côté,,,,,,,,,,,1,2,1,1,3
200600029232,0006-05-07 19:05:00,6,5,7,19,5,930,14,", MONTFERMEIL (ALLEE DE",,,Plein jour,En agglomération,Intersection en X,Normale,Deux véhicules - côté,,,,,,,,,,,1,2,2,1,3
200600029233,0006-05-07 18:00:00,6,5,7,18,0,930,14,"5, ANATOLE FRANCE (ALLEE",,,Plein jour,En agglomération,Hors intersection,Normale,Deux véhicules - côté,,,,,,,,,,,1,2,1,1,3
200600029234,0006-05-10 18:00:00,6,5,10,18,0,930,62,"107, MONTFERMEIL (ALLEE",,,Plein jour,En agglomération,Autre intersection,Normale,Autre collision,,,,,,,,,,,1,2,9,1,6
200600029235,0006-05-12 23:50:00,6,5,12,23,50,930,62,"56, JARDIN ANGLAIS ET DE",,,Nuit avec éclairage allumé,En agglomération,Intersection en X,Normale,Deux véhicules - côté,,,,,,,,,,,5,2,2,1,3
200600029236,0006-05-13 18:30:00,6,5,13,18,30,930,62,"88, RESISTANCE (AVENUE D",,,Plein jour,En agglomération,Hors intersection,Normale,Deux véhicules - arrière,,,,,,,,,,,1,2,1,1,2
200600029237,0006-05-23 08:20:00,6,5,23,8,20,930,62,"66, THIERS (AVENUE)",,,Plein jour,En agglomération,Hors intersection,Normale,Deux véhicules - arrière,,,,,,,,,,,1,2,1,1,2
200600029238,0006-05-24 17:50:00,6,5,24,17,50,930,14,POSTES (CHEMIN DES),,,Plein jour,En agglomération,Hors intersection,Normale,Deux véhicules - frontale,,,,,,,,,,,1,2,1,1,1
200600029239,0006-05-10 10:15:00,6,5,10,10,15,930,77,"84, GRANDE RUE  18 / FIN",,,Plein jour,En agglomération,Intersection en T,Normale,Deux véhicules - côté,,,,,,,,,,,1,2,3,1,3