accident_id,datetime,annee,mois,jour,heure,minute,departement,commune_insee,adresse,latitude,longitude,luminosite,agglomeration,intersection,meteo,collision,nb_vehicules,nb_usagers,nb_indemnes,nb_tues,nb_blesses_hosp,nb_blesses_legers,age_cond_1,age_cond_2,veh_type_cond_1,veh_type_cond_2,lum_code,agg_code,int_code,atm_code,col_code
200600029374,0006-05-04 17:00:00,6,5,4,17,0,940,3,"1, PAUL VAILLANT COUTURI",,,Plein jour,En agglomération,Intersection en T,Normale,Deux véhicules - côté,,,,,,,,,,,1,2,3,1,3
200600029375,0006-05-04 17:00:00,6,5,4,17,0,940,43,"1, CONVENTION (R DE LA)",,,Plein jour,En agglomération,Intersection en T,Normale,Sans collision,,,,,,,,,,,1,2,3,1,7
200600029376,0006-05-09 10:05:00,6,5,9,10,5,940,76,"62, REPUBLIQUE (AV DE LA",,,Plein jour,En agglomération,Hors intersection,Normale,Autre collision,,,,,,,,,,,1,2,1,1,6
200600029377,0006-05-12 14:30:00,6,5,12,14,30,940,76,LOUIS ARAGON (AV),,,Plein jour,En agglomération,Hors intersection,Normale,Deux véhicules - côté,,,,,,,,,,,1,2,1,1,3
200600029378,0006-05-14 17:40:00,6,5,14,17,40,940,76,"1, LAMARTINE (R)",,,Plein jour,En agglomération,Intersection en T,Normale,Deux véhicules - côté,,,,,,,,,,,1,2,3,1,3
200600029379,0006-05-18 08:25:00,6,5,18,8,25,940,16,"28, PRESIDENT WILSON (AV",,,Plein jour,En agglomération,Hors intersection,Normale,Deux véhicules - côté,,,,,,,,,,,1,2,1,1,3
200600029380,0006-05-24 09:30:00,6,5,24,9,30,940,37,"82, RASPAIL (AV)",,,Plein jour,En agglomération,Hors intersection,Normale,Sans collision,,,,,,,,,,,1,2,1,1,7
200600029381,0006-05-24 14:50:00,6,5,24,14,50,940,16,"03, DEFRANCE (AV)",,,Plein jour,En agglomération,Hors intersection,Normale,Sans collision,,,,,,,,,,,1,2,1,1,7
200600029382,0006-05-24 19:20:00,6,5,24,19,20,940,76,", PARIS (AV DE)",,,Plein jour,En agglomération,Hors intersection,Normale,Deux véhicules - arrière,,,,,,,,,,,1,2,1,1,2
200600029383,0006-05-24 19:05:00,6,5,24,19,5,940,76,"1, EDOUARD VAILLANT (R)",,,Plein jour,En agglomération,Intersection en T,Normale,Deux véhicules - frontale,,,,,,,,,,,1,2,3,1,1
200600029384,0006-05-28 09:30:00,6,5,28,9,30,940,76,"42, PARIS (AV DE)",,,Plein jour,En agglomération,Hors intersection,Normale,Sans collision,,,,,,,,,,,1,2,1,1,7
200600029385,0006-05-30 14:10:00,6,5,30,14,10,940,3,"1, MARX DORMOY (AV)",,,Plein jour,En agglomération,Intersection en T,Normale,Deux véhicules - côté,,,,,,,,,,,1,2,3,1,3
200600029386,0006-05-29 08:45:00,6,5,29,8,45,940,3,"3, AUGUSTE DELAUNE (R)",,,Plein jour,En agglomération,Hors intersection,Normale,Deux véhicules - côté,,,,,,,,,,,1,2,1,1,3
200600029387,0006-05-31 14:15:00,6,5,31,14,15,940,3,"4, BERTHOLLET (R)",,,Plein jour,En agglomération,Hors intersection,Normale,Deux véhicules - côté,,,,,,,,,,,1,2,1,1,3
200600029388,0006-05-06 21:50:00,6,5,6,21,50,940,73,VERSAILLES (AV DE),,,Nuit avec éclairage allumé,En agglomération,Intersection en T,Temps couvert,Deux véhicules - côté,,,,,,,,,,,5,2,3,8,3
200600029389,0006-05-09 02:00:00,6,5,9,2,0,940,73,VERSAILLES (AV DE),,,Nuit avec éclairage allumé,Hors agglomération,Hors intersection,Pluie légère,Autre collision,,,,,,,,,,,5,1,1,2,6
200600029390,0006-05-06 14:00:00,6,5,6,14,0,940,34,CERISAIE (AV DE LA),,,Plein jour,En agglomération,Hors intersection,Normale,Deux véhicules - arrière,,,,,,,,,,,1,2,1,1,2
200600029391,0006-05-02 16:50:00,6,5,2,16,50,940,38,"35, PAUL HOCHART (R)",,,Plein jour,En agglomération,Hors intersection,Normale,Autre collision,,,,,,,,,,,1,2,1,1,6
200600029392,0006-05-04 21:25:00,6,5,4,21,25,940,65,HALLIERS (R DES),,,Nuit avec éclairage allumé,En agglomération,Hors intersection,Normale,Autre collision,,,,,,,,,,,5,2,1,1,6
200600029393,0006-05-02 19:35:00,6,5,2,19,35,940,65,BOULEVARD CIRCULAIRE ( M,,,Plein jour,En agglomération,Hors intersection,Normale,Trois véhicules et plus - collisions multiples,,,,,,,,,,,1,2,1,1,5
200600029394,0006-05-01 15:20:00,6,5,1,15,20,940,65,TROIS MARCHES (AV) / MIN,,,Plein jour,En agglomération,Hors intersection,Pluie légère,Autre collision,,,,,,,,,,,1,2,1,2,6
200600029395,0006-05-15 09:00:00,6,5,15,9,0,940,21,porte de Thiais,,,Plein jour,En agglomération,Hors intersection,Normale,Sans collision,,,,,,,,,,,1,2,1,1,7
200600029396,0006-05-15 08:45:00,6,5,15,8,45,940,34,LIBERTE (AV DE LA),,,Plein jour,En agglomération,Hors intersection,Normale,Sans collision,,,,,,,,,,,1,2,1,1,7
200600029397,0006-05-15 13:00:00,6,5,15,13,0,940,21,STALINGRAD (AV DE),,,Plein jour,En agglomération,Hors intersection,Normale,Deux véhicules - côté,,,,,,,,,,,1,2,1,1,3
200600029398,0006-05-18 18:10:00,6,5,18,18,10,940,73,GEORGES HALGOULT (R),,,Plein jour,En agglomération,Hors intersection,Normale,Autre collision,,,,,,,,,,,1,2,1,1,6
200600029399,0006-05-25 16:55:00,6,5,25,16,55,940,73,LUXEMBOURG (AV DU),,,Plein jour,En agglomération,Hors intersection,Pluie légère,Autre collision,,,,,,,,,,,1,2,1,2,6
200600029400,0006-05-23 06:30:00,6,5,23,6,30,940,65,porte de Rungis,,,Crépuscule ou aube,En agglomération,Hors intersection,Normale,Autre collision,,,,,,,,,,,2,2,1,1,6
200600029401,0006-05-09 14:05:00,6,5,9,14,5,940,41,"3, GASTON CORNAVIN (R)",,,Plein jour,En agglomération,Hors intersection,Pluie légère,Deux véhicules - arrière,,,,,,,,,,,1,2,1,2,2
200600029402,0006-05-14 19:25:00,6,5,14,19,25,940,41,"82, VICTOR HUGO (R)",,,Plein jour,En agglomération,Hors intersection,Normale,Sans collision,,,,,,,,,,,1,2,1,1,7
200600029403,0006-05-20 21:40:00,6,5,20,21,40,940,41,AUGUSTE DESHAIES (QU),,,Crépuscule ou aube,En agglomération,Hors intersection,Normale,Deux véhicules - arrière,,,,,,,,,,,2,2,1,1,2
200600029404,0006-05-21 19:28:00,6,5,21,19,28,940,41,"45, JEAN LE GALLEU (R)",,,Plein jour,En agglomération,Hors intersection,Pluie légère,Deux véhicules - frontale,,,,,,,,,,,1,2,1,2,1
200600029405,0006-05-06 14:00:00,6,5,6,14,0,940,41,"58, BRANDEBOURG (BD DE)",,,Plein jour,En agglomération,Hors intersection,Normale,Sans collision,,,,,,,,,,,1,2,1,1,7
200600029406,0006-05-12 08:00:00,6,5,12,8,0,940,46,"11 bis, EUGENE RENAULT (",,,Plein jour,En agglomération,Hors intersection,Normale,Autre collision,,,,,,,,,,,1,2,1,1,6
200600029407,0006-05-17 20:45:00,6,5,17,20,45,940,46,"00, EUGENE RENAULT - CAR",,,Plein jour,En agglomération,Hors intersection,Normale,Deux véhicules - arrière,,,,,,,,,,,1,2,1,1,2
200600029408,0006-05-19 15:45:00,6,5,19,15,45,940,46,REPUBLIQUE (AV DE LA),,,Plein jour,En agglomération,Intersection en X,Normale,Deux véhicules - côté,,,,,,,,,,,1,2,2,1,3
200600029409,0006-05-22 15:10:00,6,5,22,15,10,940,46,"., REPUBLIQUE (AV DE LA)",,,Plein jour,En agglomération,Hors intersection,Normale,Autre collision,,,,,,,,,,,1,2,1,1,6
200600029410,0006-05-24 09:00:00,6,5,24,9,0,940,46,"07 quater, GENERAL DE GA",,,Plein jour,En agglomération,Hors intersection,Normale,Trois véhicules et plus - collisions multiples,,,,,,,,,,,1,2,1,1,5
200600029411,0006-05-27 14:30:00,6,5,27,14,30,940,46,"08, EUGENE RENAULT (R)",,,Plein jour,En agglomération,Hors intersection,Normale,Deux véhicules - côté,,,,,,,,,,,1,2,1,1,3
200600029412,0006-05-27 23:45:00,6,5,27,23,45,940,46,"53, GENERAL DE GAULLE (A",,,Nuit avec éclairage allumé,En agglomération,Intersection en T,Normale,Autre collision,,,,,,,,,,,5,2,3,1,6
200600029413,0006-05-29 14:50:00,6,5,29,14,50,940,46,"05, GENERAL LECLERC - CA",,,Plein jour,En agglomération,Hors intersection,Normale,Autre collision,,,,,,,,,,,1,2,1,1,6
200600029414,0006-05-31 18:40:00,6,5,31,18,40,940,46,"292, JEAN JAURES (R)",,,Plein jour,En agglomération,Hors intersection,Normale,Deux véhicules - côté,,,,,,,,,,,1,2,1,1,3
200600029415,0006-05-02 14:40:00,6,5,2,14,40,940,52,"33 TER, STRASBOURG (BD D",,,Plein jour,En agglomération,Hors intersection,Normale,Autre collision,,,,,,,,,,,1,2,1,1,6
200600029416,0006-05-03 13:15:00,6,5,3,13,15,940,58,"252, GENERAL DE GAULLE (",,,Plein jour,En agglomération,Intersection en X,Normale,Deux véhicules - côté,,,,,,,,,,,1,2,2,1,3
200600029417,0006-05-08 06:15:00,6,5,8,6,15,940,54,de RDPT PAV.HONN.vs HILT,,,Crépuscule ou aube,Hors agglomération,Hors intersection,Pluie légère,Deux véhicules - frontale,,,,,,,,,,,2,1,1,2,1
200600029418,0006-05-02 15:05:00,6,5,2,15,5,940,68,"11, REMISES (R DES)",,,Plein jour,En agglomération,Hors intersection,Normale,Autre collision,,,,,,,,,,,1,2,1,1,6
200600029419,0006-05-04 08:20:00,6,5,4,8,20,940,68,"34, ALMA (AV DE L)",,,Plein jour,En agglomération,Hors intersection,Normale,Autre collision,,,,,,,,,,,1,2,1,1,6
200600029420,0006-05-06 13:15:00,6,5,6,13,15,940,68,ARROMANCHES (AV D),,,Plein jour,En agglomération,Hors intersection,Normale,Deux véhicules - arrière,,,,,,,,,,,1,2,1,1,2
200600029421,0006-05-05 16:00:00,6,5,5,16,0,940,68,LOUIS BLANC (AV),,,Plein jour,En agglomération,Hors intersection,Normale,Autre collision,,,,,,,,,,,1,2,1,1,6
200600029422,0006-05-05 13:05:00,6,5,5,13,5,940,68,DESGENETTES (AV),,,Plein jour,En agglomération,Hors intersection,Normale,Autre collision,,,,,,,,,,,1,2,1,1,6
200600029423,0006-05-10 18:10:00,6,5,10,18,10,940,68,"186, CRETEIL (BD DE)",,,Plein jour,En agglomération,Intersection en T,Normale,Deux véhicules - côté,,,,,,,,,,,1,2,3,1,3
200600029424,0006-05-04 11:15:00,6,5,4,11,15,940,68,"01, PONT DE CRETEIL (R D",,,Plein jour,En agglomération,Hors intersection,Normale,Deux véhicules - arrière,,,,,,,,,,,1,2,1,1,2
200600029425,0006-05-16 19:50:00,6,5,16,19,50,940,68,"01, LIBERTE (R DE LA)",,,Plein jour,En agglomération,Hors intersection,Normale,Autre collision,,,,,,,,,,,1,2,1,1,6
200600029426,0006-05-16 14:17:00,6,5,16,14,17,940,68,BAC (AV DU),,,Plein jour,En agglomération,Hors intersection,Normale,Autre collision,,,,,,,,,,,1,2,1,1,6
200600029427,0006-05-17 19:25:00,6,5,17,19,25,940,68,RABELAIS (BD),,,Plein jour,En agglomération,Hors intersection,Normale,Autre collision,,,,,,,,,,,1,2,1,1,6
200600029428,0006-05-18 17:25:00,6,5,18,17,25,940,68,"90, BAC (AV DU)",,,Plein jour,En agglomération,Hors intersection,Normale,Autre collision,,,,,,,,,,,1,2,1,1,6
200600029429,0006-05-22 17:55:00,6,5,22,17,55,940,68,PONT DE CRETEIL (R DU),,,Plein jour,En agglomération,Hors intersection,Normale,Autre collision,,,,,,,,,,,1,2,1,1,6
200600029430,0006-05-30 08:55:00,6,5,30,8,55,940,68,LIEUTENANT SOUFFLAY (R D,,,Plein jour,En agglomération,Intersection en T,Normale,Deux véhicules - côté,,,,,,,,,,,1,2,3,1,3
200600029431,0006-05-30 16:45:00,6,5,30,16,45,940,68,"10 ter, BEAUBOURG (QU)",,,Plein jour,En agglomération,Hors intersection,Normale,Deux véhicules - arrière,,,,,,,,,,,1,2,1,1,2
200600029432,0006-05-04 20:45:00,6,5,4,20,45,940,78,"10, VALENTON (AV DE)",,,Crépuscule ou aube,En agglomération,Hors intersection,Normale,Sans collision,,,,,,,,,,,2,2,1,1,7
200600029433,0006-05-22 08:45:00,6,5,22,8,45,940,78,REPUBLIQUE (AV DE LA),,,Plein jour,En agglomération,Hors intersection,Normale,Autre collision,,,,,,,,,,,1,2,1,1,6
200600029434,0006-05-12 16:40:00,6,5,12,16,40,940,78,"1, PRESIDENT WILSON (R D",,,Plein jour,En agglomération,Intersection en X,Normale,Deux véhicules - côté,,,,,,,,,,,1,2,2,1,3
200600029435,0006-05-11 17:40:00,6,5,11,17,40,940,78,REPUBLIQUE (AV DE LA),,,Plein jour,En agglomération,Hors intersection,Normale,Autre collision,,,,,,,,,,,1,2,1,1,6
200600029436,0006-05-08 21:25:00,6,5,8,21,25,940,78,"118, SACCO ET VANZETTI (",,,Nuit avec éclairage allumé,En agglomération,Hors intersection,Normale,Autre collision,,,,,,,,,,,5,2,1,1,6
200600029437,0006-05-24 19:30:00,6,5,24,19,30,940,78,PARIS (R DE),,,Plein jour,En agglomération,Hors intersection,Normale,Autre collision,,,,,,,,,,,1,2,1,1,6
200600029438,0006-05-04 19:10:00,6,5,4,19,10,940,78,PARIS (R DE),,,Plein jour,En agglomération,Hors intersection,Normale,Autre collision,,,,,,,,,,,1,2,1,1,6
200600029439,0006-05-10 19:30:00,6,5,10,19,30,940,77,"69, PAUL BERT (R)",,,Plein jour,En agglomération,Hors intersection,Normale,Sans collision,,,,,,,,,,,1,2,1,1,7
200600029440,0006-05-18 17:00:00,6,5,18,17,0,940,74,COLONEL FABIEN (R),,,Plein jour,En agglomération,Hors intersection,Normale,Sans collision,,,,,,,,,,,1,2,1,1,7
200600029441,0006-05-27 15:40:00,6,5,27,15,40,940,78,NON DENOMMEE (VOI),,,Plein jour,En agglomération,Hors intersection,Normale,Deux véhicules - frontale,,,,,,,,,,,1,2,1,1,1
200600029442,0006-05-27 22:10:00,6,5,27,22,10,940,78,"34, VALENTON (AV DE)",,,Nuit avec éclairage allumé,En agglomération,Hors intersection,Normale,Autre collision,,,,,,,,,,,5,2,1,1,6
200600029443,0006-05-30 16:30:00,6,5,30,16,30,940,74,GASTON MONMOUSSEAU (R),,,Plein jour,En agglomération,Hors intersection,Normale,Autre collision,,,,,,,,,,,1,2,1,1,6
200600029444,0006-05-31 13:50:00,6,5,31,13,50,940,78,"59, PARIS (R DE)",,,Plein jour,En agglomération,Hors intersection,Normale,Autre collision,,,,,,,,,,,1,2,1,1,6
200600029445,0006-05-04 16:15:00,6,5,4,16,15,940,80,CHATEAU (AV DU),,,Plein jour,En agglomération,Intersection en X,Normale,Autre collision,,,,,,,,,,,1,2,2,1,6
200600029446,0006-05-11 08:20:00,6,5,11,8,20,940,80,"134, PARIS (AV DE)",,,Plein jour,En agglomération,Intersection en X,Normale,Deux véhicules - côté,,,,,,,,,,,1,2,2,1,3
200600029447,0006-05-12 13:25:00,6,5,12,13,25,940,67,"50, GENERAL DE GAULLE (A",,,Plein jour,En agglomération,Hors intersection,Normale,Autre collision,,,,,,,,,,,1,2,1,1,6
200600029448,0006-05-15 18:15:00,6,5,15,18,15,940,80,"105, PARIS (AV DE)",,,Plein jour,En agglomération,Hors intersection,Normale,Autre collision,,,,,,,,,,,1,2,1,1,6
200600029449,0006-05-16 09:30:00,6,5,16,9,30,940,80,"10, VICTOR BASCH (R)",,,Plein jour,En agglomération,Intersection en X,Normale,Deux véhicules - côté,,,,,,,,,,,1,2,2,1,3
200600029450,0006-05-19 17:00:00,6,5,19,17,0,940,80,"101, PARIS - PL DE LA PR",,,Plein jour,En agglomération,Hors intersection,Normale,Autre collision,,,,,,,,,,,1,2,1,1,6
200600029451,0006-05-23 17:45:00,6,5,23,17,45,940,80,"31, REPUBLIQUE (AV DE LA",,,Plein jour,En agglomération,Intersection en Y,Normale,Autre collision,,,,,,,,,,,1,2,4,1,6
200600029452,0006-05-24 19:20:00,6,5,24,19,20,940,80,"189, FONTENAY (R DE)",,,Plein jour,En agglomération,Hors intersection,Normale,Autre collision,,,,,,,,,,,1,2,1,1,6
200600029453,0006-05-27 23:25:00,6,5,27,23,25,940,67,", GAMBETTA (AV)",,,Nuit avec éclairage allumé,En agglomération,Intersection en T,Normale,Deux véhicules - frontale,,,,,,,,,,,5,2,3,1,1
200600029454,0006-05-30 18:50:00,6,5,30,18,50,940,80,"119, PARIS (AV DE)",,,Plein jour,En agglomération,Hors intersection,Normale,Deux véhicules - côté,,,,,,,,,,,1,2,1,1,3
200600029455,0006-05-04 18:00:00,6,5,4,18,0,940,81,"23, JEAN JAURES (AV)",,,Plein jour,En agglomération,Hors intersection,Normale,Autre collision,,,,,,,,,,,1,2,1,1,6
200600029456,0006-05-06 09:40:00,6,5,6,9,40,940,81,"17, HENRI BARBUSSE (AV)",,,Plein jour,En agglomération,Intersection en T,Normale,Autre collision,,,,,,,,,,,1,2,3,1,6
200600029457,0006-05-09 16:43:00,6,5,9,16,43,940,81,YOURI GAGARINE (AV),,,Plein jour,En agglomération,Hors intersection,Pluie légère,Autre collision,,,,,,,,,,,1,2,1,2,6
200600029458,0006-05-10 18:40:00,6,5,10,18,40,940,81,HUIT MAI 1945 (AV DU),,,Plein jour,En agglomération,Hors intersection,Normale,Autre collision,,,,,,,,,,,1,2,1,1,6
200600029459,0006-05-10 16:15:00,6,5,10,16,15,940,81,JULES GUESDE (QU),,,Plein jour,En agglomération,Hors intersection,Normale,Autre collision,,,,,,,,,,,1,2,1,1,6
200600029460,0006-05-16 14:15:00,6,5,16,14,15,940,81,"155, ROUGET DE L ISLE (A",,,Nuit avec éclairage non allumé,En agglomération,Hors intersection,Temps couvert,Autre collision,,,,,,,,,,,4,2,1,8,6
200600029461,0006-05-18 05:05:00,6,5,18,5,5,940,81,JULES GUESDE (QU),,,Nuit avec éclairage allumé,En agglomération,Hors intersection,Pluie légère,Deux véhicules - frontale,,,,,,,,,,,5,2,1,2,1
200600029462,0006-05-22 13:05:00,6,5,22,13,5,940,81,"angle, ANDRE MAGINOT (AV",,,Plein jour,En agglomération,Intersection en X,Vent fort / tempête,Deux véhicules - côté,,,,,,,,,,,1,2,2,6,3
200600029463,0006-05-24 18:00:00,6,5,24,18,0,940,81,"ANGLE, BERTHIE ALBRECHT",,,Plein jour,En agglomération,Intersection en X,Normale,Deux véhicules - côté,,,,,,,,,,,1,2,2,1,3
200600029464,0006-05-25 13:10:00,6,5,25,13,10,940,81,"15, CONSTANT COQUELIN (R",,,Plein jour,En agglomération,Hors intersection,Normale,Autre collision,,,,,,,,,,,1,2,1,1,6
200600029465,0006-05-26 11:35:00,6,5,26,11,35,940,81,PAUL BERT (R),,,Plein jour,En agglomération,Intersection en X,Normale,Deux véhicules - côté,,,,,,,,,,,1,2,2,1,3
200600029466,0006-05-26 20:30:00,6,5,26,20,30,940,81,"38, MOULIN DE SAQUET (AV",,,Plein jour,En agglomération,Hors intersection,Normale,Deux véhicules - arrière,,,,,,,,,,,1,2,1,1,2
200600029467,0006-05-26 21:20:00,6,5,26,21,20,940,81,ABBE ROGER DERRY (AV DE,,,Crépuscule ou aube,En agglomération,Hors intersection,Normale,Deux véhicules - frontale,,,,,,,,,,,2,2,1,1,1
200600029468,0006-05-30 10:10:00,6,5,30,10,10,940,81,LEON GOURDAULT (AV),,,Plein jour,En agglomération,Hors intersection,Normale,Autre collision,,,,,,,,,,,1,2,1,1,6
200600029469,0006-05-01 13:40:00,6,5,1,13,40,950,18,MANET (RUE EDOUARD),,,Plein jour,En agglomération,Hors intersection,Normale,Autre collision,,,,,,,,,,,1,2,1,1,6
200600029470,0006-05-02 11:30:00,6,5,2,11,30,950,18,"51, GRAND PRIEUR (RUE DU",,,Plein jour,En agglomération,Hors intersection,Normale,Autre collision,,,,,,,,,,,1,2,1,1,6
200600029471,0006-05-02 17:50:00,6,5,2,17,50,950,18,PERI (AVENUE GABRIEL),,,Plein jour,En agglomération,Intersection en X,Normale,Autre collision,,,,,,,,,,,1,2,2,1,6
200600029472,0006-05-05 16:55:00,6,5,5,16,55,950,18,", FOCH (AVENUE DU MARECH",,,Plein jour,En agglomération,Hors intersection,Normale,Autre collision,,,,,,,,,,,1,2,1,1,6
200600029473,0006-05-07 15:15:00,6,5,7,15,15,950,18,"40, ORGEMONT (RUE D' )",,,Plein jour,En agglomération,Hors intersection,Normale,Autre collision,,,,,,,,,,,1,2,1,1,6
200600029474,0006-05-07 13:00:00,6,5,7,13,0,950,176,JOFFRE (BOULEVARD),,,Plein jour,En agglomération,Giratoire,Normale,Sans collision,,,,,,,,,,,1,2,6,1,7
200600029475,0006-05-08 14:25:00,6,5,8,14,25,950,18,"148, PONTOISE (ROUTE DE)",,,Plein jour,En agglomération,Hors intersection,Normale,Autre collision,,,,,,,,,,,1,2,1,1,6
200600029476,0006-05-10 23:40:00,6,5,10,23,40,950,18,ENGHIEN (ROUTE D' ),,,Nuit sans éclairage public,En agglomération,Intersection en T,Pluie légère,Deux véhicules - arrière,,,,,,,,,,,3,2,3,2,2
200600029477,0006-05-12 20:00:00,6,5,12,20,0,950,18,DE GAULLE (AVENUE DU GEN,,,Plein jour,En agglomération,Intersection en T,Normale,Deux véhicules - côté,,,,,,,,,,,1,2,3,1,3
200600029478,0006-05-13 19:15:00,6,5,13,19,15,950,18,"13, MARTYRS DE CHATEAUBR",,,Plein jour,Hors agglomération,Hors intersection,Normale,Deux véhicules - arrière,,,,,,,,,,,1,1,1,1,2
200600029479,0006-05-14 15:00:00,6,5,14,15,0,950,18,THOMAS (RUE AMBROISE),,,Plein jour,En agglomération,Intersection en X,Normale,Sans collision,,,,,,,,,,,1,2,2,1,7
200600029480,0006-05-16 07:45:00,6,5,16,7,45,950,18,LURCAT (RUE JEAN),,,Plein jour,En agglomération,Hors intersection,Normale,Sans collision,,,,,,,,,,,1,2,1,1,7
200600029481,0006-05-16 18:55:00,6,5,16,18,55,950,18,CHEVALIER (RUE),,,Plein jour,En agglomération,Intersection en X,Normale,Autre collision,,,,,,,,,,,1,2,2,1,6
200600029482,0006-05-22 13:20:00,6,5,22,13,20,950,582,GEORGES J.F KENNEDY (BOU,,,Plein jour,En agglomération,Hors intersection,Normale,Autre collision,,,,,,,,,,,1,2,1,1,6
200600029483,0006-05-23 08:55:00,6,5,23,8,55,950,18,RN 311,,,Plein jour,En agglomération,Hors intersection,Normale,Deux véhicules - côté,,,,,,,,,,,1,2,1,1,3
200600029484,0006-05-24 21:00:00,6,5,24,21,0,950,18,LECOQ (RUE CHARLES),,,Nuit avec éclairage non allumé,En agglomération,Intersection en X,Normale,Deux véhicules - arrière,,,,,,,,,,,4,2,2,1,2
200600029485,0006-05-28 12:23:00,6,5,28,12,23,950,18,DIX NEUF MARS 1962 (RUE,,,Plein jour,En agglomération,Intersection en X,Normale,Deux véhicules - côté,,,,,,,,,,,1,2,2,1,3
200600029486,0006-05-28 18:20:00,6,5,28,18,20,950,18,"7, RETHONDES (RUE DE)",,,Plein jour,En agglomération,Hors intersection,Normale,Autre collision,,,,,,,,,,,1,2,1,1,6
200600029487,0006-05-29 08:45:00,6,5,29,8,45,950,176,"43, CLEMENCEAU (BOULEVAR",,,Plein jour,En agglomération,Hors intersection,Temps couvert,Trois véhicules et plus - en chaîne,,,,,,,,,,,1,2,1,8,4
200600029488,0006-05-29 13:55:00,6,5,29,13,55,950,18,"17, JOFFRE (AVENUE DU MA",,,Plein jour,En agglomération,Hors intersection,Normale,Autre collision,,,,,,,,,,,1,2,1,1,6
200600029489,0006-05-20 00:40:00,6,5,20,0,40,950,18,PONTOISE (ROUTE DE),,,Nuit sans éclairage public,En agglomération,Intersection à plus de 4 branches,Normale,Deux véhicules - arrière,,,,,,,,,,,3,2,5,1,2
200600029490,0006-05-29 17:55:00,6,5,29,17,55,950,18,JOLIVAL (RUE DE),,,Plein jour,En agglomération,Intersection en T,Normale,Autre collision,,,,,,,,,,,1,2,3,1,6
200600029491,0006-05-30 13:30:00,6,5,30,13,30,950,18,MARTYRS DE CHATEAUBRIAND,,,Plein jour,En agglomération,Intersection en X,Normale,Deux véhicules - arrière,,,,,,,,,,,1,2,2,1,2
200600029492,0006-05-30 19:30:00,6,5,30,19,30,950,582,"83, CHARLES DE GAULLE (B",,,Plein jour,En agglomération,Hors intersection,Normale,Deux véhicules - arrière,,,,,,,,,,,1,2,1,1,2
200600029493,0006-05-31 17:45:00,6,5,31,17,45,950,18,CORMEILLES (ROUTE DE),,,Plein jour,En agglomération,Hors intersection,Normale,Deux véhicules - côté,,,,,,,,,,,1,2,1,1,3
200600029494,0006-05-31 17:25:00,6,5,31,17,25,950,176,"1, DUNANT (RUE HENRI)",,,Plein jour,En agglomération,Hors intersection,Normale,Autre collision,,,,,,,,,,,1,2,1,1,6
200600029495,0006-05-31 18:05:00,6,5,31,18,5,950,18,PRUDHON (RUE DU LT COLON,,,Plein jour,En agglomération,Intersection en X,Normale,Deux véhicules - côté,,,,,,,,,,,1,2,2,1,3
200600029496,0006-05-26 07:05:00,6,5,26,7,5,950,63,VOLTAIRE (QUAI),,,Plein jour,En agglomération,Hors intersection,Normale,Deux véhicules - côté,,,,,,,,,,,1,2,1,1,3
200600029497,0006-05-09 20:05:00,6,5,9,20,5,950,488,BESSANCOURT (RUE DE),,,Plein jour,En agglomération,Hors intersection,Pluie légère,Deux véhicules - côté,,,,,,,,,,,1,2,1,2,3
200600029498,0006-05-07 15:20:00,6,5,7,15,20,950,476,"9, CHATEAUBRIAND (RUE)",,,Plein jour,En agglomération,Hors intersection,Normale,Deux véhicules - frontale,,,,,,,,,,,1,2,1,1,1
200600029499,0006-05-04 18:40:00,6,5,4,18,40,950,127,"30, ARABESQUE (CHEMIN DE",,,Plein jour,En agglomération,Hors intersection,Normale,Sans collision,,,,,,,,,,,1,2,1,1,7
200600029500,0006-05-20 16:22:00,6,5,20,16,22,950,500,"01, VERDUN (AVENUE DE)",,,Plein jour,En agglomération,Hors intersection,Normale,Sans collision,,,,,,,,,,,1,2,1,1,7
200600029501,0006-05-19 23:25:00,6,5,19,23,25,950,572,RN 184,,,Nuit avec éclairage allumé,En agglomération,Intersection en X,Normale,Deux véhicules - côté,,,,,,,,,,,5,2,2,1,3
200600029502,0006-05-16 12:10:00,6,5,16,12,10,950,127,"0, BONTEMPS (AVENUE DU)",,,Plein jour,En agglomération,Hors intersection,Normale,Deux véhicules - côté,,,,,,,,,,,1,2,1,1,3
200600029503,0006-05-25 22:20:00,6,5,25,22,20,950,218,"0, R.N. 184",,,Nuit avec éclairage allumé,Hors agglomération,Intersection en T,Normale,Deux véhicules - côté,,,,,,,,,,,5,1,3,1,3
200600029504,0006-05-12 17:00:00,6,5,12,17,0,950,598,"42, GENERAL LECLERC   AV",,,Plein jour,En agglomération,Intersection en T,Normale,Deux véhicules - côté,,,,,,,,,,,1,2,3,1,3
200600029505,0006-05-23 18:20:00,6,5,23,18,20,950,598,CIMETIERE           RUE,,,Plein jour,En agglomération,Hors intersection,Normale,Trois véhicules et plus - en chaîne,,,,,,,,,,,1,2,1,1,4
200600029506,0006-05-23 18:38:00,6,5,23,18,38,950,428,CHARLES DE GAULLE  AVENU,,,Plein jour,En agglomération,Intersection en X,Normale,Deux véhicules - côté,,,,,,,,,,,1,2,2,1,3
200600029507,0006-05-26 09:10:00,6,5,26,9,10,950,369,GEORGES  POMPIDOU,,,Plein jour,En agglomération,Giratoire,Pluie légère,Deux véhicules - côté,,,,,,,,,,,1,2,6,2,3
200600029508,0006-05-03 08:15:00,6,5,3,8,15,950,219,MARECHAL FOCH (RUE DU),,,Plein jour,En agglomération,Hors intersection,Normale,Autre collision,,,,,,,,,,,1,2,1,1,6
200600029509,0006-05-03 12:50:00,6,5,3,12,50,950,252,ANDRE CITROEN (RUE),,,Plein jour,En agglomération,Hors intersection,Temps couvert,Autre collision,,,,,,,,,,,1,2,1,8,6