accident_id,datetime,annee,mois,jour,heure,minute,departement,commune_insee,adresse,latitude,longitude,luminosite,agglomeration,intersection,meteo,collision,nb_vehicules,nb_usagers,nb_indemnes,nb_tues,nb_blesses_hosp,nb_blesses_legers,age_cond_1,age_cond_2,veh_type_cond_1,veh_type_cond_2,lum_code,agg_code,int_code,atm_code,col_code
200600029648,0006-05-03 10:00:00,6,5,3,10,0,920,26,N1014Y,,,Plein jour,Hors agglomération,Hors intersection,Normale,Autre collision,,,,,,,,,,,1,1,1,1,6
200600029649,0006-05-29 14:20:00,6,5,29,14,20,780,524,A13,,,Plein jour,Hors agglomération,Hors intersection,Normale,Deux véhicules - côté,,,,,,,,,,,1,1,1,1,3
200600029650,0006-05-30 08:45:00,6,5,30,8,45,780,43,A12W,,,Plein jour,Hors agglomération,Hors intersection,Normale,Deux véhicules - côté,,,,,,,,,,,1,1,1,1,3
200600029651,0006-05-30 10:45:00,6,5,30,10,45,750,56,A13,,,Plein jour,Hors agglomération,Hors intersection,Normale,Autre collision,,,,,,,,,,,1,1,1,1,6
200600029652,0006-05-30 08:55:00,6,5,30,8,55,780,490,N12W,,,Plein jour,Hors agglomération,Hors intersection,Normale,Trois véhicules et plus - en chaîne,,,,,,,,,,,1,1,1,1,4
200600029653,0006-05-29 07:50:00,6,5,29,7,50,920,50,A14,,,Nuit avec éclairage allumé,Hors agglomération,Hors intersection,Normale,Deux véhicules - côté,,,,,,,,,,,5,1,1,1,3
200600029654,0006-05-29 08:45:00,6,5,29,8,45,780,418,A14,,,Plein jour,Hors agglomération,Hors intersection,Normale,Sans collision,,,,,,,,,,,1,1,1,1,7
200600029655,0006-05-24 22:35:00,6,5,24,22,35,780,524,A13,,,Nuit avec éclairage allumé,Hors agglomération,Hors intersection,Pluie légère,Autre collision,,,,,,,,,,,5,1,1,2,6
200600029656,0006-05-01 06:25:00,6,5,1,6,25,910,521,RN 104,,,Crépuscule ou aube,Hors agglomération,Hors intersection,Temps couvert,Sans collision,,,,,,,,,,,2,1,1,8,7
200600029657,0006-05-01 16:45:00,6,5,1,16,45,910,687,AUTOROUTE A6,,,Plein jour,Hors agglomération,Hors intersection,Normale,Autre collision,,,,,,,,,,,1,1,1,1,6
200600029658,0006-05-03 15:15:00,6,5,3,15,15,910,174,RN 104,,,Plein jour,Hors agglomération,Hors intersection,Normale,Deux véhicules - arrière,,,,,,,,,,,1,1,1,1,2
200600029659,0006-05-04 15:59:00,6,5,4,15,59,910,521,RN 104,,,Plein jour,Hors agglomération,Hors intersection,Normale,Deux véhicules - arrière,,,,,,,,,,,1,1,1,1,2
200600029660,0006-05-05 07:59:00,6,5,5,7,59,940,34,AUTOROUTE A86,,,Plein jour,Hors agglomération,Hors intersection,Normale,Deux véhicules - arrière,,,,,,,,,,,1,1,1,1,2
200600029661,0006-05-05 22:27:00,6,5,5,22,27,910,363,AUTOROUTE A10,,,Nuit sans éclairage public,Hors agglomération,Hors intersection,Normale,Deux véhicules - arrière,,,,,,,,,,,3,1,1,1,2
200600029662,0006-05-06 16:50:00,6,5,6,16,50,910,553,RN 104,,,Plein jour,Hors agglomération,Hors intersection,Temps couvert,Deux véhicules - arrière,,,,,,,,,,,1,1,1,8,2
200600029663,0006-05-07 05:40:00,6,5,7,5,40,910,589,AUTOROUTE A6,,,Plein jour,Hors agglomération,Hors intersection,Normale,Trois véhicules et plus - en chaîne,,,,,,,,,,,1,1,1,1,4
200600029664,0006-05-07 08:10:00,6,5,7,8,10,940,37,AUTOROUTE A6B,,,Plein jour,Hors agglomération,Hors intersection,Normale,Deux véhicules - arrière,,,,,,,,,,,1,1,1,1,2
200600029665,0006-05-07 18:20:00,6,5,7,18,20,910,340,AUTOROUTE A6,,,Plein jour,Hors agglomération,Hors intersection,Normale,Autre collision,,,,,,,,,,,1,1,1,1,6
200600029666,0006-05-08 05:37:00,6,5,8,5,37,940,3,AUTOROUTE A6B,,,Nuit sans éclairage public,Hors agglomération,Hors intersection,Pluie légère,Autre collision,,,,,,,,,,,3,1,1,2,6
200600029667,0006-05-10 18:20:00,6,5,10,18,20,910,161,AUTOROUTE A6,,,Plein jour,Hors agglomération,Hors intersection,Normale,Deux véhicules - côté,,,,,,,,,,,1,1,1,1,3
200600029668,0006-05-11 04:15:00,6,5,11,4,15,940,37,AUTOROUTE A6A,,,Nuit avec éclairage allumé,Hors agglomération,Autre intersection,Normale,Sans collision,,,,,,,,,,,5,1,9,1,7
200600029669,0006-05-11 12:00:00,6,5,11,12,0,910,553,RN 104,,,Plein jour,Hors agglomération,Hors intersection,Normale,Deux véhicules - côté,,,,,,,,,,,1,1,1,1,3
200600029670,0006-05-12 09:30:00,6,5,12,9,30,910,521,RN 104,,,Plein jour,Hors agglomération,Hors intersection,Normale,Deux véhicules - côté,,,,,,,,,,,1,1,1,1,3
200600029671,0006-05-16 19:46:00,6,5,16,19,46,910,617,"14, RN6 PROVINCE / RN 10",,,Plein jour,Hors agglomération,Hors intersection,Normale,Sans collision,,,,,,,,,,,1,1,1,1,7
200600029672,0006-05-18 22:35:00,6,5,18,22,35,940,38,AUTOROUTE A6A,,,Nuit avec éclairage allumé,Hors agglomération,Hors intersection,Normale,Deux véhicules - arrière,,,,,,,,,,,5,1,1,1,2
200600029673,0006-05-19 06:47:00,6,5,19,6,47,910,687,AUTOROUTE A6,,,Plein jour,Hors agglomération,Hors intersection,Normale,Deux véhicules - côté,,,,,,,,,,,1,1,1,1,3
200600029674,0006-05-19 09:30:00,6,5,19,9,30,910,377,RN 188,,,Plein jour,Hors agglomération,Hors intersection,Normale,Sans collision,,,,,,,,,,,1,1,1,1,7
200600029675,0006-05-19 15:08:00,6,5,19,15,8,940,3,AUTOROUTE A6A,,,Plein jour,Hors agglomération,Hors intersection,Normale,Autre collision,,,,,,,,,,,1,1,1,1,6
200600029676,0006-05-20 06:15:00,6,5,20,6,15,770,251,AUTOROUTE A6,,,Crépuscule ou aube,Hors agglomération,Hors intersection,Vent fort / tempête,Autre collision,,,,,,,,,,,2,1,1,6,6
200600029677,0006-05-20 10:00:00,6,5,20,10,0,940,34,AUTOROUTE A6B,,,Plein jour,Hors agglomération,Hors intersection,Pluie légère,Autre collision,,,,,,,,,,,1,1,1,2,6
200600029678,0006-05-21 11:25:00,6,5,21,11,25,910,689,AUTOROUTE A6A,,,Plein jour,Hors agglomération,Hors intersection,Temps couvert,Deux véhicules - côté,,,,,,,,,,,1,1,1,8,3
200600029679,0006-05-21 19:21:00,6,5,21,19,21,910,136,CD 591,,,Plein jour,Hors agglomération,Hors intersection,Pluie légère,Autre collision,,,,,,,,,,,1,1,1,2,6
200600029680,0006-05-22 09:42:00,6,5,22,9,42,910,339,RN 104,,,Plein jour,Hors agglomération,Hors intersection,Normale,Sans collision,,,,,,,,,,,1,1,1,1,7
200600029681,0006-05-22 17:55:00,6,5,22,17,55,920,2,AUTOROUTE A86,,,Plein jour,Hors agglomération,Hors intersection,Normale,Deux véhicules - côté,,,,,,,,,,,1,1,1,1,3
200600029682,0006-05-22 19:00:00,6,5,22,19,0,910,174,RN 104,,,Plein jour,Hors agglomération,Hors intersection,Vent fort / tempête,Deux véhicules - arrière,,,,,,,,,,,1,1,1,6,2
200600029683,0006-05-22 18:43:00,6,5,22,18,43,770,251,RN 337,,,Plein jour,Hors agglomération,Hors intersection,Vent fort / tempête,Autre collision,,,,,,,,,,,1,1,1,6,6
200600029684,0006-05-23 06:58:00,6,5,23,6,58,910,617,AUTOROUTE A5A,,,Plein jour,Hors agglomération,Hors intersection,Normale,Sans collision,,,,,,,,,,,1,1,1,1,7
200600029685,0006-05-24 20:40:00,6,5,24,20,40,910,521,AUTOROUTE A6,,,Plein jour,Hors agglomération,Hors intersection,Normale,Deux véhicules - côté,,,,,,,,,,,1,1,1,1,3
200600029686,0006-05-28 18:05:00,6,5,28,18,5,940,38,AUTOROUTE A6A,,,Plein jour,Hors agglomération,Hors intersection,Normale,Sans collision,,,,,,,,,,,1,1,1,1,7
200600029687,0006-05-30 08:00:00,6,5,30,8,0,910,345,AUTOROUTE A6,,,Plein jour,Hors agglomération,Hors intersection,Normale,Deux véhicules - arrière,,,,,,,,,,,1,1,1,1,2
200600029688,0006-05-30 09:15:00,6,5,30,9,15,910,161,AUTOROUTE A6,,,Plein jour,Hors agglomération,Hors intersection,Normale,Deux véhicules - arrière,,,,,,,,,,,1,1,1,1,2
200600029689,0006-05-31 23:45:00,6,5,31,23,45,910,377,AUTOROUTE A10,,,Nuit sans éclairage public,Hors agglomération,Hors intersection,Temps couvert,Trois véhicules et plus - en chaîne,,,,,,,,,,,3,1,1,8,4
200600029690,0006-05-31 07:00:00,6,5,31,7,0,770,495,AUTOROUTE A5A,,,Plein jour,Hors agglomération,Hors intersection,Temps couvert,Sans collision,,,,,,,,,,,1,1,1,8,7
200600029691,0006-05-31 10:25:00,6,5,31,10,25,910,136,AUTOROUTE A10,,,Plein jour,Hors agglomération,Hors intersection,Normale,Sans collision,,,,,,,,,,,1,1,1,1,7
200600029692,0006-05-31 14:55:00,6,5,31,14,55,940,34,AUTOROUTE A6B,,,Plein jour,Hors agglomération,Hors intersection,Temps couvert,Deux véhicules - côté,,,,,,,,,,,1,1,1,8,3
200600029693,0006-05-31 15:15:00,6,5,31,15,15,940,37,AUTOROUTE A6A,,,Plein jour,Hors agglomération,Hors intersection,Pluie légère,Deux véhicules - côté,,,,,,,,,,,1,1,1,2,3
200600029694,0006-05-31 19:35:00,6,5,31,19,35,910,347,RN 104,,,Plein jour,Hors agglomération,Hors intersection,Normale,Trois véhicules et plus - collisions multiples,,,,,,,,,,,1,1,1,1,5
200600029695,0006-05-02 18:30:00,6,5,2,18,30,202,120,"SANS, TOUTES RUES",,,Plein jour,En agglomération,Hors intersection,Normale,Deux véhicules - arrière,,,,,,,,,,,1,2,1,1,2
200600029696,0006-05-03 08:53:00,6,5,3,8,53,202,120,"SANS, TOUTES RUES",,,Plein jour,Hors agglomération,Intersection en T,Normale,Trois véhicules et plus - collisions multiples,,,,,,,,,,,1,1,3,1,5
200600029697,0006-05-03 09:40:00,6,5,3,9,40,202,33,"SANS, TOUTES RUES",,,Plein jour,En agglomération,Hors intersection,Normale,Autre collision,,,,,,,,,,,1,2,1,1,6
200600029698,0006-05-03 11:55:00,6,5,3,11,55,202,33,"SANS, TOUTES RUES",,,Plein jour,En agglomération,Hors intersection,Normale,Autre collision,,,,,,,,,,,1,2,1,1,6
200600029699,0006-05-06 00:52:00,6,5,6,0,52,202,33,"SANS, ROND POINT",,,Nuit avec éclairage allumé,En agglomération,Hors intersection,Normale,Deux véhicules - frontale,,,,,,,,,,,5,2,1,1,1
200600029700,0006-05-09 14:10:00,6,5,9,14,10,202,120,"SANS, TOUTES RUES",,,Plein jour,Hors agglomération,Hors intersection,Normale,Deux véhicules - arrière,,,,,,,,,,,1,1,1,1,2
200600029701,0006-05-11 21:51:00,6,5,11,21,51,202,33,"SANS, AV DE LA LIBERATIO",,,Nuit avec éclairage non allumé,En agglomération,Hors intersection,Normale,Trois véhicules et plus - collisions multiples,,,,,,,,,,,4,2,1,1,5
200600029702,0006-05-13 23:09:00,6,5,13,23,9,202,33,"SANS, IMPERIALE - ROUTE",,,Nuit avec éclairage allumé,En agglomération,Hors intersection,Normale,Deux véhicules - côté,,,,,,,,,,,5,2,1,1,3
200600029703,0006-05-15 13:50:00,6,5,15,13,50,202,33,"SANS, FRONT DE MER - ROU",,,Plein jour,En agglomération,Hors intersection,Normale,Trois véhicules et plus - collisions multiples,,,,,,,,,,,1,2,1,1,5
200600029704,0006-05-15 12:00:00,6,5,15,12,0,202,33,"SANS, AV DE LA LIBERATIO",,,Plein jour,En agglomération,Hors intersection,Normale,Deux véhicules - arrière,,,,,,,,,,,1,2,1,1,2
200600029705,0006-05-16 12:06:00,6,5,16,12,6,202,33,"19, PAOLI DU NR 1 A 20 -",,,Plein jour,En agglomération,Hors intersection,Normale,Deux véhicules - arrière,,,,,,,,,,,1,2,1,1,2
200600029706,0006-05-17 09:55:00,6,5,17,9,55,202,33,"SANS, TOUTES RUES",,,Plein jour,En agglomération,Hors intersection,Normale,Deux véhicules - arrière,,,,,,,,,,,1,2,1,1,2
200600029707,0006-05-17 12:36:00,6,5,17,12,36,202,33,"SANS, ROND POINT",,,Plein jour,En agglomération,Hors intersection,Normale,Deux véhicules - arrière,,,,,,,,,,,1,2,1,1,2
200600029708,0006-05-18 15:57:00,6,5,18,15,57,202,33,"SANS, ROND POINT",,,Plein jour,En agglomération,Hors intersection,Normale,Autre collision,,,,,,,,,,,1,2,1,1,6
200600029709,0006-05-19 02:14:00,6,5,19,2,14,202,33,"SANS, PIERANGELLI -COURS",,,Nuit avec éclairage allumé,En agglomération,Intersection en X,Normale,Deux véhicules - côté,,,,,,,,,,,5,2,2,1,3
200600029710,0006-05-24 07:21:00,6,5,24,7,21,202,33,"33, SARI - AV EMILE",,,Plein jour,En agglomération,Hors intersection,Normale,Autre collision,,,,,,,,,,,1,2,1,1,6
200600029711,0006-05-24 12:08:00,6,5,24,12,8,202,33,"SANS, TOUTES RUES",,,Plein jour,En agglomération,Hors intersection,Normale,Deux véhicules - côté,,,,,,,,,,,1,2,1,1,3
200600029712,0006-05-24 17:39:00,6,5,24,17,39,202,33,"SANS, GAUDIN - BLD AUGUS",,,Plein jour,En agglomération,Hors intersection,Normale,Autre collision,,,,,,,,,,,1,2,1,1,6
200600029713,0006-05-25 15:16:00,6,5,25,15,16,202,33,TOUTES RUES,,,Plein jour,En agglomération,Hors intersection,Normale,Sans collision,,,,,,,,,,,1,2,1,1,7
200600029714,0006-05-28 20:50:00,6,5,28,20,50,202,120,"SANS, TOUTES RUES",,,Plein jour,En agglomération,Hors intersection,Normale,Deux véhicules - frontale,,,,,,,,,,,1,2,1,1,1
200600029715,0006-05-28 18:03:00,6,5,28,18,3,202,120,"SANS, TOUTES RUES",,,Plein jour,Hors agglomération,Hors intersection,Normale,Autre collision,,,,,,,,,,,1,1,1,1,6
200600029716,0006-05-31 12:23:00,6,5,31,12,23,202,33,"D 81, TOUTES RUES",,,Plein jour,En agglomération,Hors intersection,Pluie forte,Deux véhicules - frontale,,,,,,,,,,,1,2,1,3,1
200600029717,0006-05-31 14:00:00,6,5,31,14,0,202,33,"SANS, ROUTE ROYALE",,,Plein jour,En agglomération,Hors intersection,Pluie légère,Deux véhicules - frontale,,,,,,,,,,,1,2,1,2,1
200600029718,0006-05-08 06:25:00,6,5,8,6,25,690,382,RAVAT,,,Crépuscule ou aube,En agglomération,Intersection en X,Pluie légère,Deux véhicules - côté,,,,,,,,,,,2,2,2,2,3
200600029719,0006-05-15 15:45:00,6,5,15,15,45,690,382,CHARITE (DE LA),,,Plein jour,En agglomération,Intersection en X,Normale,Deux véhicules - côté,,,,,,,,,,,1,2,2,1,3
200600029720,0006-05-10 18:45:00,6,5,10,18,45,690,382,"12, REPUBLIQUE (DE LA)",,,Plein jour,En agglomération,Intersection en X,Normale,Deux véhicules - côté,,,,,,,,,,,1,2,2,1,3
200600029721,0006-05-11 16:47:00,6,5,11,16,47,690,382,PRESIDENT EDOUARD HERRIO,,,Plein jour,En agglomération,Intersection en X,Normale,Autre collision,,,,,,,,,,,1,2,2,1,6
200600029722,0006-05-01 10:25:00,6,5,1,10,25,590,350,AUTOROUTE A25,,,Plein jour,Hors agglomération,Hors intersection,Pluie légère,Deux véhicules - frontale,,,,,,,,,,,1,1,1,2,1
200600029723,0006-05-01 13:40:00,6,5,1,13,40,590,13,AUTOROUTE A27,,,Plein jour,Hors agglomération,Hors intersection,Pluie légère,Sans collision,,,,,,,,,,,1,1,1,2,7
200600029724,0006-05-02 08:00:00,6,5,2,8,0,590,378,ROUTE NATIONALE 356,,,Plein jour,Hors agglomération,Hors intersection,Normale,Trois véhicules et plus - en chaîne,,,,,,,,,,,1,1,1,1,4
200600029725,0006-05-02 08:15:00,6,5,2,8,15,590,410,ROUTE NATIONALE 356,,,Plein jour,Hors agglomération,Hors intersection,Normale,Autre collision,,,,,,,,,,,1,1,1,1,6
200600029726,0006-05-02 09:00:00,6,5,2,9,0,590,523,AUTOROUTE A23,,,Plein jour,Hors agglomération,Hors intersection,Normale,Deux véhicules - arrière,,,,,,,,,,,1,1,1,1,2
200600029727,0006-05-03 11:50:00,6,5,3,11,50,590,478,AUTOROUTE A25,,,Plein jour,Hors agglomération,Hors intersection,Normale,Deux véhicules - arrière,,,,,,,,,,,1,1,1,1,2
200600029728,0006-05-05 06:45:00,6,5,5,6,45,620,274,AUTOROUTE A1,,,Plein jour,Hors agglomération,Hors intersection,Normale,Trois véhicules et plus - collisions multiples,,,,,,,,,,,1,1,1,1,5
200600029729,0006-05-05 12:10:00,6,5,5,12,10,590,586,AUTOROUTE A23,,,Plein jour,Hors agglomération,Hors intersection,Normale,Autre collision,,,,,,,,,,,1,1,1,1,6
200600029730,0006-05-06 18:30:00,6,5,6,18,30,590,435,AUTOROUTE A23,,,Plein jour,Hors agglomération,Hors intersection,Pluie légère,Sans collision,,,,,,,,,,,1,1,1,2,7
200600029731,0006-05-07 12:03:00,6,5,7,12,3,620,510,AUTOROUTE A21,,,Plein jour,Hors agglomération,Hors intersection,Normale,Trois véhicules et plus - collisions multiples,,,,,,,,,,,1,1,1,1,5
200600029732,0006-05-07 13:30:00,6,5,7,13,30,590,9,ROUTE NATIONALE 227,,,Plein jour,Hors agglomération,Hors intersection,Pluie forte,Autre collision,,,,,,,,,,,1,1,1,3,6
200600029733,0006-05-07 23:55:00,6,5,7,23,55,590,196,AUTOROUTE A25,,,Nuit sans éclairage public,Hors agglomération,Hors intersection,Normale,Autre collision,,,,,,,,,,,3,1,1,1,6
200600029734,0006-05-08 13:00:00,6,5,8,13,0,590,350,ROUTE NATIONALE 356,,,Plein jour,Hors agglomération,Hors intersection,Pluie légère,Autre collision,,,,,,,,,,,1,1,1,2,6
200600029735,0006-05-08 15:05:00,6,5,8,15,5,620,274,AUTOROUTE A21,,,Plein jour,Hors agglomération,Hors intersection,Normale,Trois véhicules et plus - en chaîne,,,,,,,,,,,1,1,1,1,4
200600029736,0006-05-08 23:05:00,6,5,8,23,5,590,378,AUTOROUTE A21,,,Nuit avec éclairage allumé,Hors agglomération,Hors intersection,Pluie légère,Trois véhicules et plus - collisions multiples,,,,,,,,,,,5,1,1,2,5
200600029737,0006-05-09 11:05:00,6,5,9,11,5,620,748,AUTOROUTE A16,,,Plein jour,Hors agglomération,Hors intersection,Normale,Sans collision,,,,,,,,,,,1,1,1,1,7
200600029738,0006-05-09 16:50:00,6,5,9,16,50,590,556,AUTOROUTE A25,,,Plein jour,Hors agglomération,Hors intersection,Normale,Sans collision,,,,,,,,,,,1,1,1,1,7
200600029739,0006-05-10 17:15:00,6,5,10,17,15,590,350,AUTOROUTE A25,,,Plein jour,Hors agglomération,Hors intersection,Normale,Deux véhicules - côté,,,,,,,,,,,1,1,1,1,3
200600029740,0006-05-10 20:20:00,6,5,10,20,20,620,498,AUTOROUTE A211,,,Plein jour,Hors agglomération,Hors intersection,Normale,Sans collision,,,,,,,,,,,1,1,1,1,7
200600029741,0006-05-11 09:10:00,6,5,11,9,10,590,350,AUTOROUTE A25,,,Plein jour,Hors agglomération,Hors intersection,Normale,Sans collision,,,,,,,,,,,1,1,1,1,7
200600029742,0006-05-11 10:30:00,6,5,11,10,30,620,274,AUTOROUTE A1,,,Plein jour,Hors agglomération,Hors intersection,Normale,Sans collision,,,,,,,,,,,1,1,1,1,7
200600029743,0006-05-11 13:45:00,6,5,11,13,45,590,383,AUTOROUTE A2,,,Plein jour,Hors agglomération,Hors intersection,Normale,Trois véhicules et plus - en chaîne,,,,,,,,,,,1,1,1,1,4
200600029744,0006-05-14 01:10:00,6,5,14,1,10,590,378,ROUTE NATIONALE 356,,,Nuit avec éclairage allumé,Hors agglomération,Hors intersection,Normale,Deux véhicules - arrière,,,,,,,,,,,5,1,1,1,2
200600029745,0006-05-14 05:15:00,6,5,14,5,15,590,431,AUTOROUTE A25,,,Nuit sans éclairage public,Hors agglomération,Hors intersection,Normale,Autre collision,,,,,,,,,,,3,1,1,1,6
200600029746,0006-05-14 04:40:00,6,5,14,4,40,590,284,AUTOROUTE A23,,,Nuit sans éclairage public,Hors agglomération,Hors intersection,Normale,Autre collision,,,,,,,,,,,3,1,1,1,6
200600029747,0006-05-14 14:40:00,6,5,14,14,40,620,766,AUTOROUTE A16,,,Plein jour,Hors agglomération,Hors intersection,Normale,Deux véhicules - arrière,,,,,,,,,,,1,1,1,1,2
200600029748,0006-05-14 18:25:00,6,5,14,18,25,590,359,AUTOROUTE A16,,,Plein jour,Hors agglomération,Hors intersection,Normale,Deux véhicules - côté,,,,,,,,,,,1,1,1,1,3
200600029749,0006-05-16 08:15:00,6,5,16,8,15,590,479,AUTOROUTE A2,,,Plein jour,Hors agglomération,Hors intersection,Normale,Deux véhicules - côté,,,,,,,,,,,1,1,1,1,3
200600029750,0006-05-17 19:30:00,6,5,17,19,30,590,360,AUTOROUTE A25,,,Plein jour,Hors agglomération,Hors intersection,Normale,Autre collision,,,,,,,,,,,1,1,1,1,6
200600029751,0006-05-18 09:40:00,6,5,18,9,40,590,43,AUTOROUTE A25,,,Plein jour,Hors agglomération,Hors intersection,Normale,Trois véhicules et plus - collisions multiples,,,,,,,,,,,1,1,1,1,5
200600029752,0006-05-19 18:00:00,6,5,19,18,0,590,350,AUTOROUTE A25,,,Plein jour,Hors agglomération,Hors intersection,Normale,Trois véhicules et plus - en chaîne,,,,,,,,,,,1,1,1,1,4
200600029753,0006-05-20 12:40:00,6,5,20,12,40,590,350,ROUTE NATIONALE 351,,,Plein jour,Hors agglomération,Hors intersection,Pluie forte,Deux véhicules - côté,,,,,,,,,,,1,1,1,3,3
200600029754,0006-05-29 15:00:00,6,5,29,15,0,620,907,AUTOROUTE A1,,,Plein jour,Hors agglomération,Hors intersection,Pluie forte,Trois véhicules et plus - collisions multiples,,,,,,,,,,,1,1,1,3,5
200600029755,0006-05-23 09:35:00,6,5,23,9,35,590,305,AUTOROUTE A25,,,Plein jour,Hors agglomération,Hors intersection,Normale,Deux véhicules - arrière,,,,,,,,,,,1,1,1,1,2
200600029756,0006-05-23 11:15:00,6,5,23,11,15,620,907,AUTOROUTE A1,,,Plein jour,Hors agglomération,Hors intersection,Pluie légère,Autre collision,,,,,,,,,,,1,1,1,2,6
200600029757,0006-05-24 02:50:00,6,5,24,2,50,590,459,AUTOROUTE A23,,,Nuit sans éclairage public,Hors agglomération,Hors intersection,Normale,Autre collision,,,,,,,,,,,3,1,1,1,6
200600029758,0006-05-26 16:30:00,6,5,26,16,30,590,328,ROUTE NATIONALE 352,,,Plein jour,Hors agglomération,Hors intersection,Pluie légère,Deux véhicules - côté,,,,,,,,,,,1,1,1,2,3
200600029759,0006-05-26 19:15:00,6,5,26,19,15,590,343,RD 952/CHUTE SUR A27,,,Plein jour,Hors agglomération,Autre intersection,Temps couvert,Autre collision,,,,,,,,,,,1,1,9,8,6
200600029760,0006-05-27 21:05:00,6,5,27,21,5,590,271,AUTOROUTE A16,,,Crépuscule ou aube,Hors agglomération,Hors intersection,Pluie forte,Deux véhicules - arrière,,,,,,,,,,,2,1,1,3,2
200600029761,0006-05-28 18:55:00,6,5,28,18,55,620,582,AUTOROUTE A16,,,Plein jour,Hors agglomération,Hors intersection,Normale,Deux véhicules - arrière,,,,,,,,,,,1,1,1,1,2
200600029762,0006-05-30 12:45:00,6,5,30,12,45,590,350,ROUTE NATIONALE 356,,,Plein jour,Hors agglomération,Hors intersection,Pluie forte,Autre collision,,,,,,,,,,,1,1,1,3,6
200600029763,0006-05-30 15:20:00,6,5,30,15,20,590,426,AUTOROUTE A22,,,Plein jour,Hors agglomération,Hors intersection,Normale,Deux véhicules - arrière,,,,,,,,,,,1,1,1,1,2
200600029764,0006-05-31 15:20:00,6,5,31,15,20,590,378,ROUTE NATIONALE 352,,,Plein jour,Hors agglomération,Hors intersection,Normale,Deux véhicules - côté,,,,,,,,,,,1,1,1,1,3
200600029765,0006-05-26 15:15:00,6,5,26,15,15,590,143,AUTOROUTE A25,,,Plein jour,Hors agglomération,Hors intersection,Pluie légère,Deux véhicules - arrière,,,,,,,,,,,1,1,1,2,2
200600029766,0006-05-04 17:30:00,6,5,4,17,30,690,383,FELIX FAURE,,,Plein jour,En agglomération,Hors intersection,Normale,Autre collision,,,,,,,,,,,1,2,1,1,6
200600029767,0006-05-05 19:00:00,6,5,5,19,0,690,386,"7, BELGES (DES)",,,Plein jour,En agglomération,Hors intersection,Normale,Trois véhicules et plus - collisions multiples,,,,,,,,,,,1,2,1,1,5
200600029768,0006-05-08 22:15:00,6,5,8,22,15,690,383,FELIX FAURE,,,Nuit avec éclairage allumé,En agglomération,Intersection en X,Normale,Deux véhicules - côté,,,,,,,,,,,5,2,2,1,3
200600029769,0006-05-10 07:55:00,6,5,10,7,55,690,383,LACASSAGNE,,,Plein jour,En agglomération,Hors intersection,Normale,Autre collision,,,,,,,,,,,1,2,1,1,6
200600029770,0006-05-11 17:00:00,6,5,11,17,0,690,383,STE MARIE,,,Plein jour,En agglomération,Intersection en X,Normale,Deux véhicules - côté,,,,,,,,,,,1,2,2,1,3
200600029771,0006-05-11 19:50:00,6,5,11,19,50,690,386,LAFAYETTE,,,Plein jour,En agglomération,Intersection en X,Normale,Deux véhicules - côté,,,,,,,,,,,1,2,2,1,3
200600029772,0006-05-11 11:00:00,6,5,11,11,0,690,383,PAUL BERT,,,Plein jour,En agglomération,Intersection en Y,Normale,Deux véhicules - côté,,,,,,,,,,,1,2,4,1,3
200600029773,0006-05-16 08:15:00,6,5,16,8,15,690,383,"179, LACASSAGNE",,,Plein jour,En agglomération,Hors intersection,Normale,Autre collision,,,,,,,,,,,1,2,1,1,6
200600029774,0006-05-16 15:45:00,6,5,16,15,45,690,383,"4, JEAN RENOIR",,,Plein jour,En agglomération,Hors intersection,Normale,Autre collision,,,,,,,,,,,1,2,1,1,6
200600029775,0006-05-14 02:00:00,6,5,14,2,0,690,383,"116, LAFAYETTE",,,Nuit avec éclairage allumé,En agglomération,Hors intersection,Normale,Deux véhicules - arrière,,,,,,,,,,,5,2,1,1,2
200600029776,0006-05-16 18:15:00,6,5,16,18,15,690,386,VITTON,,,Plein jour,En agglomération,Hors intersection,Normale,Autre collision,,,,,,,,,,,1,2,1,1,6
200600029777,0006-05-17 12:40:00,6,5,17,12,40,690,386,THIERS,,,Plein jour,En agglomération,Intersection en X,Normale,Deux véhicules - frontale,,,,,,,,,,,1,2,2,1,1
200600029778,0006-05-13 17:20:00,6,5,13,17,20,690,383,LAFAYETTE,,,Plein jour,En agglomération,Hors intersection,Normale,Deux véhicules - arrière,,,,,,,,,,,1,2,1,1,2
200600029779,0006-05-18 08:30:00,6,5,18,8,30,690,386,VITTON,,,Plein jour,En agglomération,Intersection en X,Normale,Autre collision,,,,,,,,,,,1,2,2,1,6
200600029780,0006-05-20 18:55:00,6,5,20,18,55,690,386,JULES FAVRE,,,Plein jour,En agglomération,Hors intersection,Normale,Autre collision,,,,,,,,,,,1,2,1,1,6
200600029781,0006-05-18 19:40:00,6,5,18,19,40,690,383,VILLETTE (DE LA),,,Plein jour,En agglomération,Hors intersection,Normale,Autre collision,,,,,,,,,,,1,2,1,1,6
200600029782,0006-05-22 12:10:00,6,5,22,12,10,690,383,BONNAND,,,Plein jour,En agglomération,Intersection en X,Normale,Deux véhicules - côté,,,,,,,,,,,1,2,2,1,3
200600029783,0006-05-22 18:20:00,6,5,22,18,20,690,386,LAFAYETTE,,,Plein jour,En agglomération,Intersection en X,Normale,Deux véhicules - côté,,,,,,,,,,,1,2,2,1,3
200600029784,0006-05-24 10:00:00,6,5,24,10,0,690,386,GRANDE BRETAGNE (DE),,,Plein jour,En agglomération,Hors intersection,Normale,Trois véhicules et plus - collisions multiples,,,,,,,,,,,1,2,1,1,5