accident_id,datetime,annee,mois,jour,heure,minute,departement,commune_insee,adresse,latitude,longitude,luminosite,agglomeration,intersection,meteo,collision,nb_vehicules,nb_usagers,nb_indemnes,nb_tues,nb_blesses_hosp,nb_blesses_legers,age_cond_1,age_cond_2,veh_type_cond_1,veh_type_cond_2,lum_code,agg_code,int_code,atm_code,col_code
200600029923,0006-05-16 08:30:00,6,5,16,8,30,130,55,A7-Sens Lyon vers Marsei,,,Plein jour,Hors agglomération,Hors intersection,Normale,Deux véhicules - côté,,,,,,,,,,,1,1,1,1,3
200600029924,0006-05-16 09:15:00,6,5,16,9,15,130,19,A51-Sens Aix en Provence,,,Plein jour,Hors agglomération,Hors intersection,Normale,Autre collision,,,,,,,,,,,1,1,1,1,6
200600029925,0006-05-18 18:07:00,6,5,18,18,7,130,55,A55-Sens Martigues vers,,,Plein jour,Hors agglomération,Hors intersection,Normale,Deux véhicules - côté,,,,,,,,,,,1,1,1,1,3
200600029926,0006-05-19 07:00:00,6,5,19,7,0,130,33,A55-Sens Marseille vers,,,Plein jour,Hors agglomération,Hors intersection,Normale,Deux véhicules - arrière,,,,,,,,,,,1,1,1,1,2
200600029927,0006-05-21 23:45:00,6,5,21,23,45,130,55,A55-Sens Martigues vers,,,Nuit avec éclairage allumé,Hors agglomération,Autre intersection,Normale,Sans collision,,,,,,,,,,,5,1,9,1,7
200600029928,0006-05-05 17:31:00,6,5,5,17,31,130,55,A50-Sens Marseille vers,,,Plein jour,Hors agglomération,Hors intersection,Normale,Trois véhicules et plus - en chaîne,,,,,,,,,,,1,1,1,1,4
200600029929,0006-05-27 09:00:00,6,5,27,9,0,130,5,A50-Sens Aubagne vers Ma,,,Plein jour,Hors agglomération,Hors intersection,Normale,Autre collision,,,,,,,,,,,1,1,1,1,6
200600029930,0006-05-27 23:10:00,6,5,27,23,10,130,55,A7-Sens Lyon vers Marsei,,,Nuit avec éclairage allumé,Hors agglomération,Hors intersection,Normale,Autre collision,,,,,,,,,,,5,1,1,1,6
200600029931,0006-05-29 08:00:00,6,5,29,8,0,130,55,A7-Sens Lyon vers Marsei,,,Plein jour,Hors agglomération,Hors intersection,Normale,Trois véhicules et plus - en chaîne,,,,,,,,,,,1,1,1,1,4
200600029932,0006-05-29 08:30:00,6,5,29,8,30,130,71,A55-Sens Martigues vers,,,Plein jour,Hors agglomération,Hors intersection,Normale,Trois véhicules et plus - en chaîne,,,,,,,,,,,1,1,1,1,4
200600029933,0006-05-29 08:35:00,6,5,29,8,35,130,71,A51-Sens Marseille vers,,,Plein jour,Hors agglomération,Hors intersection,Normale,Autre collision,,,,,,,,,,,1,1,1,1,6
200600029934,0006-05-29 14:05:00,6,5,29,14,5,130,55,A55-Sens Marseille vers,,,Plein jour,Hors agglomération,Hors intersection,Normale,Deux véhicules - arrière,,,,,,,,,,,1,1,1,1,2
200600029935,0006-05-29 14:07:00,6,5,29,14,7,130,55,A55-Sens Martigues vers,,,Plein jour,Hors agglomération,Hors intersection,Vent fort / tempête,Autre collision,,,,,,,,,,,1,1,1,6,6
200600029936,0006-05-29 17:45:00,6,5,29,17,45,130,70,A50-Sens Aubagne vers Ma,,,Plein jour,Hors agglomération,Hors intersection,Normale,Trois véhicules et plus - en chaîne,,,,,,,,,,,1,1,1,1,4
200600029937,0006-05-29 18:15:00,6,5,29,18,15,130,106,A51-Sens Aix en Provence,,,Plein jour,Hors agglomération,Hors intersection,Normale,Trois véhicules et plus - collisions multiples,,,,,,,,,,,1,1,1,1,5
200600029938,0006-05-30 11:01:00,6,5,30,11,1,130,5,A50-Sens Aubagne vers Ma,,,Plein jour,Hors agglomération,Hors intersection,Vent fort / tempête,Autre collision,,,,,,,,,,,1,1,1,6,6
200600029939,0006-05-31 07:40:00,6,5,31,7,40,130,117,A7-Sens Marseille vers L,,,Plein jour,Hors agglomération,Hors intersection,Normale,Deux véhicules - arrière,,,,,,,,,,,1,1,1,1,2
200600029940,0006-04-18 17:15:00,6,4,18,17,15,480,103,VOIE COMMUNALE 1,44.55,3.33,Plein jour,En agglomération,Hors intersection,Normale,Autre collision,,,,,,,,,,,1,2,1,1,6
200600029941,0006-05-20 15:15:00,6,5,20,15,15,660,187,,,,Plein jour,Hors agglomération,Hors intersection,Normale,Sans collision,,,,,,,,,,,1,1,1,1,7
200600029942,0006-02-18 16:45:00,6,2,18,16,45,350,93,GOUYON MATIGNON (RUE),,,Plein jour,En agglomération,Hors intersection,Pluie légère,Autre collision,,,,,,,,,,,1,2,1,2,6
200600029943,0006-03-06 09:10:00,6,3,6,9,10,350,288,DEMALVILLAIN LEONCE (BOU,,,Plein jour,En agglomération,Giratoire,Temps éblouissant,Deux véhicules - côté,,,,,,,,,,,1,2,6,7,3
200600029944,0006-03-07 14:20:00,6,3,7,14,20,350,241,D168,,,Plein jour,En agglomération,Hors intersection,Pluie forte,Trois véhicules et plus - en chaîne,,,,,,,,,,,1,2,1,3,4
200600029945,0006-03-13 13:30:00,6,3,13,13,30,350,288,"18, MARNE (RUE DE LA)",,,Plein jour,En agglomération,Hors intersection,Normale,Sans collision,,,,,,,,,,,1,2,1,1,7
200600029946,0006-03-30 17:00:00,6,3,30,17,0,350,288,GAMBETTA (BOULEVARD),,,Plein jour,En agglomération,Intersection en T,Normale,Deux véhicules - côté,,,,,,,,,,,1,2,3,1,3
200600029947,0006-05-07 22:30:00,6,5,7,22,30,350,288,", VAL (DU) QUAI",,,Nuit avec éclairage allumé,En agglomération,Hors intersection,Pluie forte,Sans collision,,,,,,,,,,,5,2,1,3,7
200600029948,0006-05-24 16:00:00,6,5,24,16,0,350,93,", EDOUARD VII - N°1A 64-",,,Plein jour,En agglomération,Intersection en X,Normale,Deux véhicules - côté,,,,,,,,,,,1,2,2,1,3
200600029949,0006-03-29 13:40:00,6,3,29,13,40,440,109,"1, RUE DES HAUTS PAVES",,,Plein jour,En agglomération,Hors intersection,Normale,Autre collision,,,,,,,,,,,1,2,1,1,6
200600029950,0006-05-29 15:50:00,6,5,29,15,50,590,350,"369, DUNKERQUE AVENUE",,,Plein jour,En agglomération,Hors intersection,Normale,Autre collision,,,,,,,,,,,1,2,1,1,6
200600029951,0006-05-15 21:43:00,6,5,15,21,43,690,29,"/, CAMILLE ROUSSET",,,Nuit avec éclairage allumé,En agglomération,Hors intersection,Normale,Autre collision,,,,,,,,,,,5,2,1,1,6
200600029952,0006-01-31 18:10:00,6,1,31,18,10,690,264,LECLERC GENERAL  BD,,,Nuit avec éclairage allumé,En agglomération,Intersection en X,Normale,Deux véhicules - frontale,,,,,,,,,,,5,2,2,1,1
200600029953,0006-03-15 17:05:00,6,3,15,17,5,760,351,AUGUSTE BLANQUI (PONT),,,Plein jour,En agglomération,Hors intersection,Normale,Autre collision,,,,,,,,,,,1,2,1,1,6
200600029954,0006-03-16 12:30:00,6,3,16,12,30,760,351,"57, BOIS DE BLEVILLE (AV",,,Plein jour,En agglomération,Hors intersection,Normale,Autre collision,,,,,,,,,,,1,2,1,1,6
200600029955,0006-03-21 13:15:00,6,3,21,13,15,760,351,"92, HILAIRE COLOMBEL",,,Plein jour,En agglomération,Hors intersection,Normale,Autre collision,,,,,,,,,,,1,2,1,1,6
200600029956,0006-03-21 17:50:00,6,3,21,17,50,760,351,"6bis, ERNEST RENAN",,,Plein jour,En agglomération,Intersection en X,Normale,Autre collision,,,,,,,,,,,1,2,2,1,6
200600029957,0006-03-29 16:20:00,6,3,29,16,20,760,351,"0, LUDOVIC HALEVY",,,Plein jour,En agglomération,Intersection en X,Normale,Deux véhicules - côté,,,,,,,,,,,1,2,2,1,3
200600029958,0006-03-30 08:15:00,6,3,30,8,15,760,351,"55, SALVADOR ALLENDE N°5",,,Crépuscule ou aube,En agglomération,Hors intersection,Pluie légère,Deux véhicules - arrière,,,,,,,,,,,2,2,1,2,2
200600029959,0006-05-03 11:55:00,6,5,3,11,55,760,351,"0, GUSTAVE BRINDEAU",,,Plein jour,En agglomération,Intersection en X,Normale,Autre collision,,,,,,,,,,,1,2,2,1,6
200600029960,0006-05-05 16:20:00,6,5,5,16,20,760,351,"84, AMIRAL MOUCHEZ (BD)",,,Plein jour,En agglomération,Hors intersection,Normale,Deux véhicules - côté,,,,,,,,,,,1,2,1,1,3
200600029961,0006-02-24 17:00:00,6,2,24,17,0,770,131,"4, REBAIS (AVENUE DE)",,,Plein jour,En agglomération,Autre intersection,Normale,Autre collision,,,,,,,,,,,1,2,9,1,6
200600029962,0006-03-07 14:35:00,6,3,7,14,35,770,131,"0.000, PALAIS DE JUSTICE",,,Plein jour,En agglomération,Hors intersection,Pluie légère,Deux véhicules - côté,,,,,,,,,,,1,2,1,2,3
200600029963,0006-04-08 16:15:00,6,4,8,16,15,770,464,", RAYMOND POINCARE  (RUE",,,Plein jour,En agglomération,Intersection en X,Normale,Deux véhicules - frontale,,,,,,,,,,,1,2,2,1,1
200600029964,0006-03-03 00:35:00,6,3,3,0,35,770,350,RN4 HORS AGGLOMERATION,,,Nuit avec éclairage allumé,Hors agglomération,Hors intersection,Neige / grêle,Autre collision,,,,,,,,,,,5,1,1,4,6
200600029965,0006-03-24 19:16:00,6,3,24,19,16,790,329,"44, EMILE ZOLA (AVENUE)",,,Crépuscule ou aube,En agglomération,Hors intersection,Pluie légère,Trois véhicules et plus - en chaîne,,,,,,,,,,,2,2,1,2,4
200600029966,0006-02-15 19:20:00,6,2,15,19,20,920,12,"120, ANDRE MORIZET (AVEN",,,Nuit avec éclairage allumé,En agglomération,Hors intersection,Pluie légère,Sans collision,,,,,,,,,,,5,2,1,2,7
200600029967,0006-03-28 09:05:00,6,3,28,9,5,920,12,REINE (ROUTE DE LA) 39/1,,,Plein jour,En agglomération,Hors intersection,Normale,Autre collision,,,,,,,,,,,1,2,1,1,6
200600029968,0006-05-16 17:45:00,6,5,16,17,45,920,12,"1, MARCEL SEMBAT (PLACE)",,,Plein jour,En agglomération,Hors intersection,Normale,Autre collision,,,,,,,,,,,1,2,1,1,6
200600029969,0006-05-16 17:40:00,6,5,16,17,40,920,12,"11/13, LONGS PRES (RUE D",,,Plein jour,En agglomération,Hors intersection,Normale,Autre collision,,,,,,,,,,,1,2,1,1,6
200600029970,0006-05-18 10:45:00,6,5,18,10,45,920,12,"1, ABONDANCES (RUE DES)",,,Plein jour,En agglomération,Intersection en X,Normale,Deux véhicules - côté,,,,,,,,,,,1,2,2,1,3
200600029971,0006-05-17 14:00:00,6,5,17,14,0,920,12,"151, FORUM (ALLEE DU)",,,Plein jour,En agglomération,Hors intersection,Normale,Autre collision,,,,,,,,,,,1,2,1,1,6
200600029972,0006-05-24 14:35:00,6,5,24,14,35,920,12,"1, POINT DU JOUR (QUAI D",,,Plein jour,En agglomération,Hors intersection,Normale,Deux véhicules - côté,,,,,,,,,,,1,2,1,1,3
200600029973,0006-05-27 17:45:00,6,5,27,17,45,920,12,"187, JEAN JAURES (BOULEV",,,Plein jour,En agglomération,Hors intersection,Normale,Autre collision,,,,,,,,,,,1,2,1,1,6
200600029974,0006-05-30 10:20:00,6,5,30,10,20,920,12,"78, REINE (ROUTE DE LA)",,,Plein jour,En agglomération,Hors intersection,Normale,Autre collision,,,,,,,,,,,1,2,1,1,6
200600029975,0006-05-30 08:30:00,6,5,30,8,30,920,12,"1, ANATOLE FRANCE (BOULE",,,Plein jour,En agglomération,Intersection en Y,Normale,Trois véhicules et plus - collisions multiples,,,,,,,,,,,1,2,4,1,5
200600029976,0006-01-05 11:05:00,6,1,5,11,5,930,29,"103, DANTON",,,Plein jour,En agglomération,Hors intersection,Normale,Deux véhicules - côté,,,,,,,,,,,1,2,1,1,3
200600029977,0006-05-01 23:30:00,6,5,1,23,30,930,29,HENRI BARBUSSE (AVE) N°1,,,Nuit avec éclairage allumé,En agglomération,Intersection en X,Pluie légère,Deux véhicules - arrière,,,,,,,,,,,5,2,2,2,2
200600029978,0006-05-04 08:05:00,6,5,4,8,5,930,29,REPIQUET (ROND-POINT),,,Plein jour,En agglomération,Giratoire,Normale,Autre collision,,,,,,,,,,,1,2,6,1,6
200600029979,0006-05-07 19:10:00,6,5,7,19,10,930,29,"47, HENRI BARBUSSE (AVE)",,,Plein jour,En agglomération,Intersection en T,Normale,Deux véhicules - côté,,,,,,,,,,,1,2,3,1,3
200600029980,0006-05-15 12:00:00,6,5,15,12,0,930,29,SAINT-SIMON (BOULEVARD),,,Plein jour,En agglomération,Intersection en X,Normale,Deux véhicules - côté,,,,,,,,,,,1,2,2,1,3
200600029981,0006-05-17 06:50:00,6,5,17,6,50,930,29,LADOUCETTE,,,Plein jour,En agglomération,Intersection en X,Normale,Deux véhicules - côté,,,,,,,,,,,1,2,2,1,3
200600029982,0006-05-18 00:20:00,6,5,18,0,20,930,29,"91, HENRI BARBUSSE (AVE)",,,Nuit avec éclairage allumé,En agglomération,Hors intersection,Pluie légère,Deux véhicules - frontale,,,,,,,,,,,5,2,1,2,1
200600029983,0006-05-18 15:30:00,6,5,18,15,30,930,29,SADI CARNOT,,,Plein jour,En agglomération,Intersection en T,Normale,Autre collision,,,,,,,,,,,1,2,3,1,6
200600029984,0006-05-20 18:30:00,6,5,20,18,30,930,29,"7, MARCELIN BERTHELOT",,,Plein jour,En agglomération,Hors intersection,Normale,Autre collision,,,,,,,,,,,1,2,1,1,6
200600029985,0006-05-29 09:00:00,6,5,29,9,0,930,29,HENRI BARBUSSE (AVE) N°1,,,Plein jour,En agglomération,Intersection en X,Pluie légère,Autre collision,,,,,,,,,,,1,2,2,2,6
200600029986,0006-05-30 08:30:00,6,5,30,8,30,930,29,"46, MARCEAU (AVENUE) N°",,,Plein jour,En agglomération,Hors intersection,Normale,Deux véhicules - côté,,,,,,,,,,,1,2,1,1,3
200600029987,0006-02-05 19:00:00,6,2,5,19,0,950,585,RN1 PARIS PROVINCE,,,Nuit avec éclairage allumé,En agglomération,Hors intersection,Normale,Sans collision,,,,,,,,,,,5,2,1,1,7
200600029988,0006-03-28 15:50:00,6,3,28,15,50,690,381,"08, REPUBLIQUE (DE LA)",,,Plein jour,En agglomération,Intersection en X,Normale,Autre collision,,,,,,,,,,,1,2,2,1,6
200600029989,0006-06-29 18:45:00,6,6,29,18,45,590,52,Rue Jules GUESDE,50.524,2.891,Plein jour,En agglomération,Hors intersection,Normale,Deux véhicules - côté,,,,,,,,,,,1,2,1,1,3
200600029990,0006-06-01 11:00:00,6,6,1,11,0,590,25,CD 141 ROUTE DE FROMELLE,50.604,2.838,Plein jour,En agglomération,Hors intersection,Pluie légère,Deux véhicules - arrière,,,,,,,,,,,1,2,1,2,2
200600029991,0006-06-02 16:30:00,6,6,2,16,30,590,250,,50.595,2.929,Plein jour,Hors agglomération,Giratoire,Normale,Deux véhicules - côté,,,,,,,,,,,1,1,6,1,3
200600029992,0006-06-02 09:15:00,6,6,2,9,15,590,462,,,,Plein jour,Hors agglomération,Hors intersection,Normale,Deux véhicules - frontale,,,,,,,,,,,1,1,1,1,1
200600029993,0006-06-12 11:00:00,6,6,12,11,0,590,408,Place de l'église,50.457,3.08,Plein jour,En agglomération,Place,Normale,Autre collision,,,,,,,,,,,1,2,7,1,6
200600029994,0006-06-04 15:00:00,6,6,4,15,0,590,307,957 Basse Rue,,,Plein jour,En agglomération,Hors intersection,Normale,Deux véhicules - frontale,,,,,,,,,,,1,2,1,1,1
200600029995,0006-06-10 15:30:00,6,6,10,15,30,590,641,,,,Plein jour,Hors agglomération,Intersection en X,Normale,Trois véhicules et plus - collisions multiples,,,,,,,,,,,1,1,2,1,5
200600029996,0006-06-19 21:30:00,6,6,19,21,30,590,107,2 rue albert 1er,,,Plein jour,En agglomération,Hors intersection,Normale,Sans collision,,,,,,,,,,,1,2,1,1,7
200600029997,0006-06-26 17:15:00,6,6,26,17,15,590,309,50 RUE DE LA LIBERATION,,,Plein jour,En agglomération,Hors intersection,Normale,Sans collision,,,,,,,,,,,1,2,1,1,7
200600029998,0006-06-08 22:30:00,6,6,8,22,30,590,666,"CD52, voie romaine",50.897,2.401,Nuit sans éclairage public,Hors agglomération,Hors intersection,Normale,Deux véhicules - frontale,,,,,,,,,,,3,1,1,1,1
200600029999,0006-06-24 14:00:00,6,6,24,14,0,590,397,route de la nouvelle ter,50.897,2.254,Plein jour,En agglomération,Hors intersection,Normale,Deux véhicules - côté,,,,,,,,,,,1,2,1,1,3
200600030000,0006-06-13 17:15:00,6,6,13,17,15,590,86,,50.817,2.711,Plein jour,Hors agglomération,Intersection en X,Normale,Deux véhicules - côté,,,,,,,,,,,1,1,2,1,3
200600030001,0006-06-02 19:00:00,6,6,2,19,0,590,180,161 Domaine BAYARD,,,Plein jour,En agglomération,Hors intersection,Normale,Autre collision,,,,,,,,,,,1,2,1,1,6
200600030002,0006-06-24 12:20:00,6,6,24,12,20,590,615,CD.947,50.682,2.656,Plein jour,Hors agglomération,Hors intersection,Normale,Deux véhicules - arrière,,,,,,,,,,,1,1,1,1,2
200600030003,0006-06-27 11:30:00,6,6,27,11,30,590,400,Rue Victorine DEROIDE,,,Plein jour,En agglomération,Hors intersection,Normale,Trois véhicules et plus - collisions multiples,,,,,,,,,,,1,2,1,1,5
200600030004,0006-06-30 16:15:00,6,6,30,16,15,590,400,place libération,50.647,2.64,Plein jour,En agglomération,Hors intersection,Normale,Deux véhicules - côté,,,,,,,,,,,1,2,1,1,3
200600030005,0006-06-17 11:45:00,6,6,17,11,45,590,44,rue de lille,50.614,3.23,Plein jour,En agglomération,Hors intersection,Normale,Deux véhicules - frontale,,,,,,,,,,,1,2,1,1,1
200600030006,0006-06-19 22:15:00,6,6,19,22,15,590,602,face au 69 rue Ml Lecler,,,Nuit avec éclairage allumé,En agglomération,Hors intersection,Normale,Autre collision,,,,,,,,,,,5,2,1,1,6
200600030007,0006-06-03 12:30:00,6,6,3,12,30,590,610,98 rue de monchaux,,,Plein jour,En agglomération,Hors intersection,Normale,Deux véhicules - côté,,,,,,,,,,,1,2,1,1,3
200600030008,0006-06-27 21:30:00,6,6,27,21,30,590,92,ROUTE NATIONALE 30,50.282,3.332,Plein jour,En agglomération,Hors intersection,Normale,Deux véhicules - côté,,,,,,,,,,,1,2,1,1,3
200600030009,0006-06-29 17:30:00,6,6,29,17,30,590,301,Rue Jean Jaurès,,,Plein jour,En agglomération,Hors intersection,Normale,Deux véhicules - frontale,,,,,,,,,,,1,2,1,1,1
200600030010,0006-06-30 18:30:00,6,6,30,18,30,590,529,CD 124,,,Plein jour,Hors agglomération,Hors intersection,Normale,Deux véhicules - frontale,,,,,,,,,,,1,1,1,1,1
200600030011,0006-06-24 19:15:00,6,6,24,19,15,590,425,,50.204,3.58,Plein jour,Hors agglomération,Hors intersection,Normale,Autre collision,,,,,,,,,,,1,1,1,1,6
200600030012,0006-06-25 07:00:00,6,6,25,7,0,590,12,,49.999,4.15,Crépuscule ou aube,Hors agglomération,Hors intersection,Pluie légère,Autre collision,,,,,,,,,,,2,1,1,2,6
200600030013,0006-06-07 21:00:00,6,6,7,21,0,590,492,RUE DE CAMBRAI,,,Plein jour,En agglomération,Intersection en T,Normale,Deux véhicules - côté,,,,,,,,,,,1,2,3,1,3
200600030014,0006-06-21 18:15:00,6,6,21,18,15,590,311,,50.052,3.47,Plein jour,Hors agglomération,Hors intersection,Normale,Deux véhicules - côté,,,,,,,,,,,1,1,1,1,3
200600030015,0006-06-24 11:15:00,6,6,24,11,15,590,545,,50.05,3.5,Plein jour,Hors agglomération,Hors intersection,Normale,Autre collision,,,,,,,,,,,1,1,1,1,6
200600030016,0006-06-18 17:45:00,6,6,18,17,45,590,115,35 rue d'en bas,50.27,3.14,Plein jour,En agglomération,Hors intersection,Normale,Autre collision,,,,,,,,,,,1,2,1,1,6
200600030017,0006-06-04 16:15:00,6,6,4,16,15,590,551,,,,Plein jour,En agglomération,Hors intersection,Normale,Deux véhicules - arrière,,,,,,,,,,,1,2,1,1,2
200600030018,0006-06-10 11:00:00,6,6,10,11,0,590,53,route de maubeuge,50.3,3.79,Plein jour,En agglomération,Hors intersection,Normale,Autre collision,,,,,,,,,,,1,2,1,1,6
200600030019,0006-06-30 16:50:00,6,6,30,16,50,590,481,"hênes"", rue du 08 mai 45",,,Plein jour,En agglomération,Giratoire,Normale,Autre collision,,,,,,,,,,,1,2,6,1,6
200600030020,0006-06-28 18:30:00,6,6,28,18,30,590,555,Route départementale 962,,,Plein jour,En agglomération,Hors intersection,Normale,Deux véhicules - côté,,,,,,,,,,,1,2,1,1,3
200600030021,0006-06-03 20:30:00,6,6,3,20,30,620,801,,,,Plein jour,Hors agglomération,Hors intersection,Normale,Autre collision,,,,,,,,,,,1,1,1,1,6
200600030022,0006-06-05 21:00:00,6,6,5,21,0,620,861,intersection rue victor,50.375,2.804,Plein jour,En agglomération,Hors intersection,Normale,Deux véhicules - frontale,,,,,,,,,,,1,2,1,1,1
200600030023,0006-06-13 09:00:00,6,6,13,9,0,620,185,,50.197,2.927,Plein jour,En agglomération,Intersection en T,Normale,Deux véhicules - côté,,,,,,,,,,,1,2,3,1,3
200600030024,0006-06-28 16:00:00,6,6,28,16,0,620,331,,,,Plein jour,Hors agglomération,Hors intersection,Normale,Deux véhicules - côté,,,,,,,,,,,1,1,1,1,3
200600030025,0006-06-16 11:45:00,6,6,16,11,45,620,620,,50.59,2.4,Plein jour,En agglomération,Hors intersection,Normale,Deux véhicules - frontale,,,,,,,,,,,1,2,1,1,1
200600030026,0006-06-27 18:35:00,6,6,27,18,35,620,49,CHAUSSEE BRUNEHAUT,,,Plein jour,Hors agglomération,Hors intersection,Normale,Deux véhicules - côté,,,,,,,,,,,1,1,1,1,3
200600030027,0006-06-03 19:00:00,6,6,3,19,0,620,214,,,,Plein jour,Hors agglomération,Hors intersection,Normale,Sans collision,,,,,,,,,,,1,1,1,1,7
200600030028,0006-06-24 08:30:00,6,6,24,8,30,620,773,CD52,,,Plein jour,En agglomération,Intersection en X,Normale,Deux véhicules - côté,,,,,,,,,,,1,2,2,1,3
200600030029,0006-06-10 17:45:00,6,6,10,17,45,620,444,,,,Plein jour,Hors agglomération,Hors intersection,Normale,Sans collision,,,,,,,,,,,1,1,1,1,7
200600030030,0006-06-13 23:30:00,6,6,13,23,30,620,610,43 route de Boulogne,50.482,1.77,Nuit avec éclairage allumé,En agglomération,Hors intersection,Pluie forte,Autre collision,,,,,,,,,,,5,2,1,3,6
200600030031,0006-06-04 19:45:00,6,6,4,19,45,620,849,,50.408,1.602,Plein jour,Hors agglomération,Hors intersection,Normale,Deux véhicules - côté,,,,,,,,,,,1,1,1,1,3
200600030032,0006-06-25 23:45:00,6,6,25,23,45,620,571,,50.441,1.612,Nuit avec éclairage allumé,Hors agglomération,Hors intersection,Pluie légère,Autre collision,,,,,,,,,,,5,1,1,2,6
200600030033,0006-06-01 10:15:00,6,6,1,10,15,620,318,parking du magasin ATAK,,,Plein jour,En agglomération,Hors intersection,Normale,Deux véhicules - côté,,,,,,,,,,,1,2,1,1,3
200600030034,0006-06-05 18:15:00,6,6,5,18,15,620,201,rue des usines,50.576,1.617,Plein jour,En agglomération,Hors intersection,Normale,Autre collision,,,,,,,,,,,1,2,1,1,6
200600030035,0006-06-05 14:15:00,6,6,5,14,15,620,596,CD 134,,,Plein jour,Hors agglomération,Hors intersection,Normale,Deux véhicules - frontale,,,,,,,,,,,1,1,1,1,1
200600030036,0006-06-17 00:30:00,6,6,17,0,30,620,57,459 RUE EDMOND DUPONT,50.881,2.076,Nuit sans éclairage public,En agglomération,Hors intersection,Normale,Autre collision,,,,,,,,,,,3,2,1,1,6
200600030037,0006-06-24 17:20:00,6,6,24,17,20,620,57,RUE EDMOND DUPONT,,,Plein jour,En agglomération,Hors intersection,Normale,Autre collision,,,,,,,,,,,1,2,1,1,6
200600030038,0006-06-15 07:45:00,6,6,15,7,45,620,837,,,,Plein jour,Hors agglomération,Hors intersection,Normale,Autre collision,,,,,,,,,,,1,1,1,1,6
200600030039,0006-06-11 11:20:00,6,6,11,11,20,620,468,Route nationale,,,Plein jour,En agglomération,Hors intersection,Normale,Deux véhicules - arrière,,,,,,,,,,,1,2,1,1,2
200600030040,0006-06-23 19:00:00,6,6,23,19,0,620,477,CD 54 - PR 07 + 500,50.32,2.55,Plein jour,Hors agglomération,Hors intersection,Normale,Sans collision,,,,,,,,,,,1,1,1,1,7
200600030041,0006-06-26 21:15:00,6,6,26,21,15,620,879,,,,Crépuscule ou aube,Hors agglomération,Hors intersection,Normale,Deux véhicules - côté,,,,,,,,,,,2,1,1,1,3
200600030042,0006-06-04 00:15:00,6,6,4,0,15,620,361,rue Jean Moulin,50.282,2.281,Nuit avec éclairage allumé,En agglomération,Hors intersection,Normale,Autre collision,,,,,,,,,,,5,2,1,1,6
200600030043,0006-06-10 15:00:00,6,6,10,15,0,620,833,CD941 PK 11+900,,,Plein jour,Hors agglomération,Hors intersection,Normale,Deux véhicules - côté,,,,,,,,,,,1,1,1,1,3
200600030044,0006-06-01 18:45:00,6,6,1,18,45,800,543,,49.582,1.533,Plein jour,Hors agglomération,Hors intersection,Normale,Deux véhicules - frontale,,,,,,,,,,,1,1,1,1,1
200600030045,0006-06-09 18:00:00,6,6,9,18,0,800,485,,,,Plein jour,Hors agglomération,Intersection en Y,Normale,Deux véhicules - côté,,,,,,,,,,,1,1,4,1,3
200600030046,0006-06-06 15:35:00,6,6,6,15,35,800,24,Sens VIGNACOURT - AMIENS,,,Plein jour,Hors agglomération,Hors intersection,Normale,Deux véhicules - côté,,,,,,,,,,,1,1,1,1,3
200600030047,0006-06-03 08:15:00,6,6,3,8,15,800,444,,,,Plein jour,Hors agglomération,Intersection en T,Brouillard / fumée,Deux véhicules - côté,,,,,,,,,,,1,1,3,5,3
200600030048,0006-06-04 19:30:00,6,6,4,19,30,800,613,rue FICHET,50.046,1.458,Plein jour,En agglomération,Hors intersection,Normale,Sans collision,,,,,,,,,,,1,2,1,1,7
200600030049,0006-06-06 20:45:00,6,6,6,20,45,800,190,r de la Croix de Pierre,,,Crépuscule ou aube,Hors agglomération,Hors intersection,Normale,Deux véhicules - côté,,,,,,,,,,,2,1,1,1,3
200600030050,0006-06-09 16:15:00,6,6,9,16,15,800,183,,49.987,1.749,Plein jour,Hors agglomération,Hors intersection,Temps éblouissant,Deux véhicules - frontale,,,,,,,,,,,1,1,1,7,1
200600030051,0006-06-14 12:45:00,6,6,14,12,45,800,96,rue tournière face au 69,,,Plein jour,En agglomération,Hors intersection,Pluie légère,Deux véhicules - frontale,,,,,,,,,,,1,2,1,2,1
200600030052,0006-06-18 06:30:00,6,6,18,6,30,800,63,,,,Plein jour,Hors agglomération,Hors intersection,Normale,Autre collision,,,,,,,,,,,1,1,1,1,6
200600030053,0006-06-26 09:15:00,6,6,26,9,15,800,368,Carrefour,,,Plein jour,En agglomération,Hors intersection,Normale,Autre collision,,,,,,,,,,,1,2,1,1,6
200600030054,0006-06-27 12:30:00,6,6,27,12,30,800,39,grande rue cd19,,,Plein jour,En agglomération,Hors intersection,Normale,Deux véhicules - côté,,,,,,,,,,,1,2,1,1,3
200600030055,0006-06-19 07:30:00,6,6,19,7,30,800,109,,50.272,1.982,Plein jour,En agglomération,Hors intersection,Normale,Deux véhicules - frontale,,,,,,,,,,,1,2,1,1,1
200600030056,0006-06-21 11:45:00,6,6,21,11,45,800,721,QUAI PEREE,,,Plein jour,En agglomération,Hors intersection,Normale,Deux véhicules - arrière,,,,,,,,,,,1,2,1,1,2
200600030057,0006-06-03 16:00:00,6,6,3,16,0,800,253,R RN25 BOULEVARD MALGRAS,50.16,2.34,Plein jour,En agglomération,Intersection en T,Normale,Trois véhicules et plus - collisions multiples,,,,,,,,,,,1,2,3,1,5