accident_id,datetime,annee,mois,jour,heure,minute,departement,commune_insee,adresse,latitude,longitude,luminosite,agglomeration,intersection,meteo,collision,nb_vehicules,nb_usagers,nb_indemnes,nb_tues,nb_blesses_hosp,nb_blesses_legers,age_cond_1,age_cond_2,veh_type_cond_1,veh_type_cond_2,lum_code,agg_code,int_code,atm_code,col_code
200600030058,0006-06-25 14:45:00,6,6,25,14,45,800,619,rue de DAILLY,,,Plein jour,En agglomération,Hors intersection,Normale,Sans collision,,,,,,,,,,,1,2,1,1,7
200600030059,0006-06-23 18:00:00,6,6,23,18,0,800,224,,,,Plein jour,Hors agglomération,Hors intersection,Normale,Deux véhicules - frontale,,,,,,,,,,,1,1,1,1,1
200600030060,0006-06-04 20:30:00,6,6,4,20,30,800,570,92 Rue VIcto Gaillard,49.782,2.473,Plein jour,En agglomération,Hors intersection,Normale,Deux véhicules - frontale,,,,,,,,,,,1,2,1,1,1
200600030061,0006-06-19 12:30:00,6,6,19,12,30,800,209,CD 935 PK 19,49.722,2.539,Plein jour,En agglomération,Hors intersection,Normale,Autre collision,,,,,,,,,,,1,2,1,1,6
200600030062,0006-06-28 08:30:00,6,6,28,8,30,800,452,,,,Plein jour,Hors agglomération,Hors intersection,Normale,Deux véhicules - côté,,,,,,,,,,,1,1,1,1,3
200600030063,0006-06-03 11:45:00,6,6,3,11,45,800,115,RN 17,,,Plein jour,En agglomération,Intersection en Y,Normale,Trois véhicules et plus - collisions multiples,,,,,,,,,,,1,2,4,1,5
200600030064,0006-06-04 21:30:00,6,6,4,21,30,800,240,5 rue Paul GAMAND,49.928,2.966,Plein jour,En agglomération,Hors intersection,Normale,Autre collision,,,,,,,,,,,1,2,1,1,6
200600030065,0006-06-06 09:30:00,6,6,6,9,30,800,601,,50.001,3.012,Plein jour,Hors agglomération,Hors intersection,Normale,Autre collision,,,,,,,,,,,1,1,1,1,6
200600030066,0006-06-18 13:00:00,6,6,18,13,0,800,404,,50.054,3.121,Plein jour,Hors agglomération,Hors intersection,Normale,Autre collision,,,,,,,,,,,1,1,1,1,6
200600030067,0006-06-14 16:15:00,6,6,14,16,15,800,523,,,,Plein jour,Hors agglomération,Autre intersection,Pluie forte,Deux véhicules - frontale,,,,,,,,,,,1,1,9,3,1
200600030068,0006-06-17 22:00:00,6,6,17,22,0,800,540,,50.042,2.635,Crépuscule ou aube,Hors agglomération,Hors intersection,Normale,Deux véhicules - frontale,,,,,,,,,,,2,1,1,1,1
200600030069,0006-06-07 14:15:00,6,6,7,14,15,800,680,rue du 41ème R.I.,,,Plein jour,En agglomération,Hors intersection,Normale,Deux véhicules - côté,,,,,,,,,,,1,2,1,1,3
200600030070,0006-06-19 17:00:00,6,6,19,17,0,800,288,,49.88,2.843,Plein jour,Hors agglomération,Hors intersection,Normale,Deux véhicules - côté,,,,,,,,,,,1,1,1,1,3
200600030071,0006-06-30 20:15:00,6,6,30,20,15,800,680,RESIDENCE DU BOIS REGNIE,,,Plein jour,En agglomération,Hors intersection,Normale,Deux véhicules - côté,,,,,,,,,,,1,2,1,1,3
200600030072,0006-06-08 23:45:00,6,6,8,23,45,800,274,dit le pont d'Allemagne,,,Nuit sans éclairage public,Hors agglomération,Hors intersection,Normale,Autre collision,,,,,,,,,,,3,1,1,1,6
200600030073,0006-06-12 14:53:00,6,6,12,14,53,800,684,emin Départemental 930 D,,,Plein jour,Hors agglomération,Hors intersection,Normale,Deux véhicules - frontale,,,,,,,,,,,1,1,1,1,1
200600030074,0006-06-22 05:10:00,6,6,22,5,10,800,585,CD 930 - PK 34+600,,,Crépuscule ou aube,Hors agglomération,Hors intersection,Normale,Autre collision,,,,,,,,,,,2,1,1,1,6
200600030075,0006-06-02 18:00:00,6,6,2,18,0,20,80,,49.589,3.565,Plein jour,Hors agglomération,Hors intersection,Normale,Deux véhicules - côté,,,,,,,,,,,1,1,1,1,3
200600030076,0006-06-13 02:35:00,6,6,13,2,35,20,80,"RN 44 , CD 548 , CD 266",,,Nuit sans éclairage public,Hors agglomération,Intersection en X,Normale,Deux véhicules - côté,,,,,,,,,,,3,1,2,1,3
200600030077,0006-06-16 17:00:00,6,6,16,17,0,20,600,,,,Plein jour,Hors agglomération,Hors intersection,Normale,Deux véhicules - côté,,,,,,,,,,,1,1,1,1,3
200600030078,0006-06-20 18:15:00,6,6,20,18,15,20,468,CARREFOUR DE LA GRENOUIL,49.754,3.772,Plein jour,En agglomération,Hors intersection,Normale,Deux véhicules - côté,,,,,,,,,,,1,2,1,1,3
200600030079,0006-06-06 11:00:00,6,6,6,11,0,20,86,9 rue du calvaire,49.58,3.22,Plein jour,En agglomération,Hors intersection,Normale,Autre collision,,,,,,,,,,,1,2,1,1,6
200600030080,0006-06-25 00:01:00,6,6,25,0,1,20,820,,,,Nuit sans éclairage public,Hors agglomération,Hors intersection,Normale,Autre collision,,,,,,,,,,,3,1,1,1,6
200600030081,0006-06-27 15:30:00,6,6,27,15,30,20,262,,49.64,3.36,Plein jour,Hors agglomération,Hors intersection,Normale,Autre collision,,,,,,,,,,,1,1,1,1,6
200600030082,0006-06-28 18:00:00,6,6,28,18,0,20,768,231 rue du 102 ème RI,,,Plein jour,En agglomération,Hors intersection,Normale,Deux véhicules - côté,,,,,,,,,,,1,2,1,1,3
200600030083,0006-06-15 21:00:00,6,6,15,21,0,20,613,,49.412,3.825,Plein jour,Hors agglomération,Hors intersection,Normale,Deux véhicules - frontale,,,,,,,,,,,1,1,1,1,1
200600030084,0006-06-12 08:30:00,6,6,12,8,30,20,791,,,,Plein jour,Hors agglomération,Hors intersection,Normale,Trois véhicules et plus - en chaîne,,,,,,,,,,,1,1,1,1,4
200600030085,0006-06-28 17:45:00,6,6,28,17,45,20,720,ERCQ - Rue des moulins.,,,Plein jour,En agglomération,Hors intersection,Normale,Deux véhicules - frontale,,,,,,,,,,,1,2,1,1,1
200600030086,0006-06-10 19:30:00,6,6,10,19,30,20,540,,,,Plein jour,Hors agglomération,Hors intersection,Temps éblouissant,Deux véhicules - côté,,,,,,,,,,,1,1,1,7,3
200600030087,0006-06-14 18:00:00,6,6,14,18,0,20,290,rue Jacques Fourrier,,,Plein jour,En agglomération,Hors intersection,Normale,Deux véhicules - côté,,,,,,,,,,,1,2,1,1,3
200600030088,0006-06-17 10:00:00,6,6,17,10,0,20,290,16 rue jacques fourrier,49.02,3.37,Plein jour,En agglomération,Hors intersection,Normale,Deux véhicules - côté,,,,,,,,,,,1,2,1,1,3
200600030089,0006-06-11 19:30:00,6,6,11,19,30,20,268,RUE DES VIGNES,,,Plein jour,En agglomération,Hors intersection,Normale,Sans collision,,,,,,,,,,,1,2,1,1,7
200600030090,0006-06-25 12:05:00,6,6,25,12,5,20,555,,,,Plein jour,Hors agglomération,Hors intersection,Pluie légère,Autre collision,,,,,,,,,,,1,1,1,2,6
200600030091,0006-06-01 17:30:00,6,6,1,17,30,20,806,,49.173,3.486,Plein jour,Hors agglomération,Intersection en T,Pluie légère,Deux véhicules - côté,,,,,,,,,,,1,1,3,2,3
200600030092,0006-06-13 21:00:00,6,6,13,21,0,20,305,CD 967,,,Plein jour,Hors agglomération,Hors intersection,Normale,Deux véhicules - arrière,,,,,,,,,,,1,1,1,1,2
200600030093,0006-06-10 12:15:00,6,6,10,12,15,20,359,,,,Plein jour,Hors agglomération,Hors intersection,Normale,Deux véhicules - côté,,,,,,,,,,,1,1,1,1,3
200600030094,0006-06-02 07:15:00,6,6,2,7,15,20,775,,49.741,3.345,Plein jour,Hors agglomération,Hors intersection,Brouillard / fumée,Deux véhicules - côté,,,,,,,,,,,1,1,1,5,3
200600030095,0006-06-30 15:30:00,6,6,30,15,30,20,717,Chemin de Senercy,49.772,3.393,Plein jour,Hors agglomération,Hors intersection,Normale,Trois véhicules et plus - collisions multiples,,,,,,,,,,,1,1,1,1,5
200600030096,0006-06-10 14:00:00,6,6,10,14,0,20,564,route de CHATEAU THIERRY,,,Plein jour,En agglomération,Hors intersection,Temps éblouissant,Deux véhicules - frontale,,,,,,,,,,,1,2,1,7,1
200600030097,0006-06-07 18:45:00,6,6,7,18,45,20,439,,,,Plein jour,Hors agglomération,Intersection en Y,Normale,Deux véhicules - frontale,,,,,,,,,,,1,1,4,1,1
200600030098,0006-06-08 11:45:00,6,6,8,11,45,20,432,,49.327,3.552,Plein jour,Hors agglomération,Intersection en X,Normale,Deux véhicules - frontale,,,,,,,,,,,1,1,2,1,1
200600030099,0006-06-10 17:30:00,6,6,10,17,30,20,763,,,,Plein jour,Hors agglomération,Hors intersection,Normale,Sans collision,,,,,,,,,,,1,1,1,1,7
200600030100,0006-06-30 07:00:00,6,6,30,7,0,20,589,par le CD 15 et le CD 18,49.454,3.54,Plein jour,Hors agglomération,Intersection en X,Normale,Deux véhicules - frontale,,,,,,,,,,,1,1,2,1,1
200600030101,0006-06-06 16:25:00,6,6,6,16,25,20,216,rue de l'étang,,,Plein jour,En agglomération,Hors intersection,Normale,Autre collision,,,,,,,,,,,1,2,1,1,6
200600030102,0006-06-11 18:45:00,6,6,11,18,45,20,666,d977,,,Plein jour,En agglomération,Hors intersection,Temps éblouissant,Deux véhicules - frontale,,,,,,,,,,,1,2,1,7,1
200600030103,0006-06-16 19:15:00,6,6,16,19,15,20,126,CD977,,,Plein jour,En agglomération,Hors intersection,Normale,Autre collision,,,,,,,,,,,1,2,1,1,6
200600030104,0006-06-01 19:30:00,6,6,1,19,30,20,298,,50.001,3.656,Plein jour,Hors agglomération,Hors intersection,Normale,Autre collision,,,,,,,,,,,1,1,1,1,6
200600030105,0006-06-29 21:00:00,6,6,29,21,0,20,298,84 RUE DE L ECLAIREUR,,,Plein jour,En agglomération,Hors intersection,Normale,Autre collision,,,,,,,,,,,1,2,1,1,6
200600030106,0006-06-30 11:00:00,6,6,30,11,0,20,495,,49.959,4.049,Plein jour,Hors agglomération,Hors intersection,Normale,Deux véhicules - frontale,,,,,,,,,,,1,1,1,1,1
200600030107,0006-06-30 18:30:00,6,6,30,18,30,20,831,carrefour de la pointe,49.904,4.198,Plein jour,En agglomération,Hors intersection,Normale,Autre collision,,,,,,,,,,,1,2,1,1,6
200600030108,0006-06-03 17:30:00,6,6,3,17,30,600,103,Route de Bailleul,,,Plein jour,En agglomération,Hors intersection,Normale,Deux véhicules - frontale,,,,,,,,,,,1,2,1,1,1
200600030109,0006-06-03 19:15:00,6,6,3,19,15,600,54,,,,Plein jour,Hors agglomération,Hors intersection,Normale,Deux véhicules - frontale,,,,,,,,,,,1,1,1,1,1
200600030110,0006-06-13 12:30:00,6,6,13,12,30,600,73,02 rue du Pont Fleuri,49.45,1.87,Plein jour,En agglomération,Hors intersection,Normale,Deux véhicules - arrière,,,,,,,,,,,1,2,1,1,2
200600030111,0006-06-16 19:30:00,6,6,16,19,30,600,63,,49.361,2.063,Plein jour,Hors agglomération,Hors intersection,Normale,Deux véhicules - côté,,,,,,,,,,,1,1,1,1,3
200600030112,0006-06-21 18:30:00,6,6,21,18,30,600,164,,49.394,1.823,Plein jour,Hors agglomération,Hors intersection,Pluie légère,Deux véhicules - frontale,,,,,,,,,,,1,1,1,2,1
200600030113,0006-06-10 12:00:00,6,6,10,12,0,600,143,,,,Plein jour,Hors agglomération,Hors intersection,Normale,Deux véhicules - côté,,,,,,,,,,,1,1,1,1,3
200600030114,0006-06-20 15:00:00,6,6,20,15,0,600,570,,,,Plein jour,Hors agglomération,Hors intersection,Normale,Deux véhicules - arrière,,,,,,,,,,,1,1,1,1,2
200600030115,0006-06-09 15:15:00,6,6,9,15,15,600,157,,,,Plein jour,Hors agglomération,Hors intersection,Normale,Autre collision,,,,,,,,,,,1,1,1,1,6
200600030116,0006-06-21 09:15:00,6,6,21,9,15,600,234,rue Pasteur,,,Plein jour,En agglomération,Hors intersection,Normale,Deux véhicules - côté,,,,,,,,,,,1,2,1,1,3
200600030117,0006-06-13 14:45:00,6,6,13,14,45,600,221,10 rue St Pierre,49.664,2.266,Plein jour,En agglomération,Hors intersection,Normale,Trois véhicules et plus - collisions multiples,,,,,,,,,,,1,2,1,1,5
200600030118,0006-06-21 06:30:00,6,6,21,6,30,600,664,Route dépatementale 1001,,,Crépuscule ou aube,Hors agglomération,Hors intersection,Normale,Trois véhicules et plus - collisions multiples,,,,,,,,,,,2,1,1,1,5
200600030119,0006-06-07 18:00:00,6,6,7,18,0,600,130,,,,Plein jour,Hors agglomération,Intersection en T,Normale,Deux véhicules - côté,,,,,,,,,,,1,1,3,1,3
200600030120,0006-06-09 07:30:00,6,6,9,7,30,600,574,CD 12 Rue principale,,,Plein jour,En agglomération,Intersection en T,Normale,Deux véhicules - frontale,,,,,,,,,,,1,2,3,1,1
200600030121,0006-06-11 22:00:00,6,6,11,22,0,600,451,,,,Crépuscule ou aube,Hors agglomération,Hors intersection,Normale,Sans collision,,,,,,,,,,,2,1,1,1,7
200600030122,0006-06-25 19:15:00,6,6,25,19,15,600,551,,,,Plein jour,Hors agglomération,Hors intersection,Pluie légère,Sans collision,,,,,,,,,,,1,1,1,2,7
200600030123,0006-06-28 13:08:00,6,6,28,13,8,600,439,Rue Jean Corroyer,,,Plein jour,En agglomération,Hors intersection,Normale,Deux véhicules - côté,,,,,,,,,,,1,2,1,1,3
200600030124,0006-06-03 03:00:00,6,6,3,3,0,600,400,,,,Nuit avec éclairage allumé,Hors agglomération,Hors intersection,Normale,Deux véhicules - arrière,,,,,,,,,,,5,1,1,1,2
200600030125,0006-06-18 12:00:00,6,6,18,12,0,600,634,CD 23,,,Plein jour,Hors agglomération,Hors intersection,Normale,Deux véhicules - arrière,,,,,,,,,,,1,1,1,1,2
200600030126,0006-06-23 08:15:00,6,6,23,8,15,600,466,arrefour CD 101 et CD 35,,,Plein jour,Hors agglomération,Hors intersection,Normale,Deux véhicules - côté,,,,,,,,,,,1,1,1,1,3
200600030127,0006-06-08 13:25:00,6,6,8,13,25,600,373,PONT DU MATZ,,,Plein jour,Hors agglomération,Intersection en T,Normale,Deux véhicules - côté,,,,,,,,,,,1,1,3,1,3
200600030128,0006-06-17 23:15:00,6,6,17,23,15,600,537,rue de Paris,49.514,2.923,Nuit avec éclairage allumé,En agglomération,Hors intersection,Normale,Deux véhicules - frontale,,,,,,,,,,,5,2,1,1,1
200600030129,0006-06-22 06:50:00,6,6,22,6,50,600,537,rue de Paris,,,Crépuscule ou aube,En agglomération,Hors intersection,Normale,Deux véhicules - arrière,,,,,,,,,,,2,2,1,1,2
200600030130,0006-06-01 14:00:00,6,6,1,14,0,600,338,Route Nationale,,,Plein jour,En agglomération,Hors intersection,Normale,Autre collision,,,,,,,,,,,1,2,1,1,6
200600030131,0006-06-03 17:00:00,6,6,3,17,0,600,273,route de villers,49.463,2.815,Plein jour,En agglomération,Hors intersection,Normale,Deux véhicules - arrière,,,,,,,,,,,1,2,1,1,2
200600030132,0006-06-04 22:00:00,6,6,4,22,0,600,617,6 rue de Beaurains,,,Crépuscule ou aube,En agglomération,Hors intersection,Normale,Sans collision,,,,,,,,,,,2,2,1,1,7
200600030133,0006-06-19 04:40:00,6,6,19,4,40,600,507,CD 934,,,Nuit sans éclairage public,Hors agglomération,Hors intersection,Normale,Deux véhicules - frontale,,,,,,,,,,,3,1,1,1,1
200600030134,0006-06-22 17:50:00,6,6,22,17,50,600,348,route d'EVRICOURT,,,Plein jour,Hors agglomération,Hors intersection,Normale,Trois véhicules et plus - collisions multiples,,,,,,,,,,,1,1,1,1,5
200600030135,0006-06-09 18:30:00,6,6,9,18,30,600,612,cd 932a,,,Plein jour,Hors agglomération,Hors intersection,Normale,Deux véhicules - côté,,,,,,,,,,,1,1,1,1,3
200600030136,0006-06-03 16:30:00,6,6,3,16,30,600,358,CD 332 Bois de LEVIGNEN,,,Plein jour,Hors agglomération,Hors intersection,Temps éblouissant,Trois véhicules et plus - collisions multiples,,,,,,,,,,,1,1,1,7,5
200600030137,0006-06-04 02:00:00,6,6,4,2,0,600,429,RUE DE LA MARE AUX BOIS,,,Nuit avec éclairage allumé,En agglomération,Intersection en X,Normale,Deux véhicules - côté,,,,,,,,,,,5,2,2,1,3
200600030138,0006-06-16 20:45:00,6,6,16,20,45,600,139,,,,Plein jour,Hors agglomération,Hors intersection,Normale,Deux véhicules - frontale,,,,,,,,,,,1,1,1,1,1
200600030139,0006-06-21 15:30:00,6,6,21,15,30,600,517,rue de l'équipée,,,Plein jour,En agglomération,Hors intersection,Normale,Sans collision,,,,,,,,,,,1,2,1,1,7
200600030140,0006-06-24 03:15:00,6,6,24,3,15,600,517,Route Nationale 1,,,Nuit sans éclairage public,Hors agglomération,Hors intersection,Normale,Sans collision,,,,,,,,,,,3,1,1,1,7
200600030141,0006-06-12 17:05:00,6,6,12,17,5,600,346,grande avenue,,,Plein jour,Hors agglomération,Hors intersection,Temps éblouissant,Deux véhicules - côté,,,,,,,,,,,1,1,1,7,3
200600030142,0006-06-20 18:00:00,6,6,20,18,0,600,141,- AVENUE GENERAL LECLERC,,,Plein jour,En agglomération,Hors intersection,Normale,Sans collision,,,,,,,,,,,1,2,1,1,7
200600030143,0006-06-29 16:05:00,6,6,29,16,5,600,22,RN330 PK8,,,Plein jour,Hors agglomération,Hors intersection,Normale,Deux véhicules - frontale,,,,,,,,,,,1,1,1,1,1
200600030144,0006-06-03 11:00:00,6,6,3,11,0,600,176,RD 332,,,Plein jour,Hors agglomération,Hors intersection,Normale,Deux véhicules - côté,,,,,,,,,,,1,1,1,1,3
200600030145,0006-06-17 17:15:00,6,6,17,17,15,600,489,,,,Plein jour,Hors agglomération,Hors intersection,Normale,Deux véhicules - arrière,,,,,,,,,,,1,1,1,1,2
200600030146,0006-06-18 10:00:00,6,6,18,10,0,600,79,,49.164,2.878,Plein jour,En agglomération,Hors intersection,Normale,Deux véhicules - côté,,,,,,,,,,,1,2,1,1,3
200600030147,0006-06-02 07:40:00,6,6,2,7,40,600,509,carrefour jeanlin,,,Plein jour,En agglomération,Hors intersection,Normale,Deux véhicules - frontale,,,,,,,,,,,1,2,1,1,1
200600030148,0006-06-13 07:30:00,6,6,13,7,30,760,517,,49.526,1.129,Plein jour,Hors agglomération,Intersection en X,Normale,Deux véhicules - côté,,,,,,,,,,,1,1,2,1,3
200600030149,0006-06-11 21:45:00,6,6,11,21,45,760,51,RD149,49.791,0.994,Crépuscule ou aube,En agglomération,Hors intersection,Normale,Sans collision,,,,,,,,,,,2,2,1,1,7
200600030150,0006-06-04 15:45:00,6,6,4,15,45,760,18,,,,Plein jour,Hors agglomération,Hors intersection,Normale,Trois véhicules et plus - collisions multiples,,,,,,,,,,,1,1,1,1,5
200600030151,0006-06-25 01:30:00,6,6,25,1,30,760,723,,,,Nuit sans éclairage public,Hors agglomération,Hors intersection,Normale,Autre collision,,,,,,,,,,,3,1,1,1,6
200600030152,0006-06-14 12:00:00,6,6,14,12,0,760,753,,49.361,1.183,Plein jour,Hors agglomération,Hors intersection,Pluie légère,Deux véhicules - frontale,,,,,,,,,,,1,1,1,2,1
200600030153,0006-06-02 15:30:00,6,6,2,15,30,760,164,rue du 8 mai,,,Plein jour,En agglomération,Hors intersection,Normale,Deux véhicules - frontale,,,,,,,,,,,1,2,1,1,1
200600030154,0006-06-12 19:45:00,6,6,12,19,45,760,56,,,,Plein jour,Hors agglomération,Hors intersection,Normale,Deux véhicules - frontale,,,,,,,,,,,1,1,1,1,1
200600030155,0006-06-19 07:00:00,6,6,19,7,0,760,659,INTERSECTION CD490-CD37,,,Plein jour,Hors agglomération,Hors intersection,Normale,Deux véhicules - côté,,,,,,,,,,,1,1,1,1,3
200600030156,0006-06-23 15:45:00,6,6,23,15,45,760,727,,,,Plein jour,Hors agglomération,Hors intersection,Normale,Deux véhicules - côté,,,,,,,,,,,1,1,1,1,3
200600030157,0006-06-29 08:00:00,6,6,29,8,0,760,222,Rue Mustad,,,Plein jour,En agglomération,Hors intersection,Normale,Deux véhicules - côté,,,,,,,,,,,1,2,1,1,3
200600030158,0006-06-15 07:20:00,6,6,15,7,20,760,305,A131,,,Plein jour,Hors agglomération,Hors intersection,Normale,Trois véhicules et plus - collisions multiples,,,,,,,,,,,1,1,1,1,5
200600030159,0006-06-25 20:30:00,6,6,25,20,30,760,14,Route Etainhus,,,Plein jour,En agglomération,Hors intersection,Temps couvert,Autre collision,,,,,,,,,,,1,2,1,8,6
200600030160,0006-06-24 15:30:00,6,6,24,15,30,760,551,,,,Plein jour,Hors agglomération,Hors intersection,Normale,Deux véhicules - côté,,,,,,,,,,,1,1,1,1,3
200600030161,0006-06-09 14:30:00,6,6,9,14,30,760,421,CD 910,,,Plein jour,Hors agglomération,Hors intersection,Normale,Autre collision,,,,,,,,,,,1,1,1,1,6
200600030162,0006-06-30 16:00:00,6,6,30,16,0,760,592,,49.51,0.5,Plein jour,Hors agglomération,Hors intersection,Normale,Autre collision,,,,,,,,,,,1,1,1,1,6
200600030163,0006-06-02 12:15:00,6,6,2,12,15,760,551,oute de la mare violette,,,Plein jour,En agglomération,Intersection en T,Normale,Deux véhicules - côté,,,,,,,,,,,1,2,3,1,3
200600030164,0006-06-10 19:45:00,6,6,10,19,45,760,101,5 CHEMIN DE PIERRECOURT,49.92,1.63,Plein jour,En agglomération,Hors intersection,Normale,Deux véhicules - frontale,,,,,,,,,,,1,2,1,1,1
200600030165,0006-06-12 10:40:00,6,6,12,10,40,760,535,CD 141,,,Plein jour,Hors agglomération,Autre intersection,Normale,Deux véhicules - arrière,,,,,,,,,,,1,1,9,1,2
200600030166,0006-06-16 11:45:00,6,6,16,11,45,760,312,Rue du Croquet du Bosc,,,Plein jour,En agglomération,Hors intersection,Normale,Autre collision,,,,,,,,,,,1,2,1,1,6
200600030167,0006-06-23 17:15:00,6,6,23,17,15,760,142,,49.519,1.62,Plein jour,En agglomération,Hors intersection,Normale,Deux véhicules - côté,,,,,,,,,,,1,2,1,1,3
200600030168,0006-06-30 23:00:00,6,6,30,23,0,760,260,Route de GERBEROY,49.506,1.784,Nuit sans éclairage public,Hors agglomération,Hors intersection,Normale,Autre collision,,,,,,,,,,,3,1,1,1,6
200600030169,0006-06-07 13:45:00,6,6,7,13,45,760,1,,,,Plein jour,Hors agglomération,Hors intersection,Normale,Autre collision,,,,,,,,,,,1,1,1,1,6
200600030170,0006-06-30 18:00:00,6,6,30,18,0,760,743,ALLEE DES MYOSOTHIS,49.532,0.933,Plein jour,En agglomération,Hors intersection,Normale,Deux véhicules - frontale,,,,,,,,,,,1,2,1,1,1
200600030171,0006-06-07 17:00:00,6,6,7,17,0,760,493,,,,Plein jour,Hors agglomération,Hors intersection,Normale,Autre collision,,,,,,,,,,,1,1,1,1,6
200600030172,0006-06-09 08:15:00,6,6,9,8,15,760,407,,49.857,0.74,Plein jour,Hors agglomération,Hors intersection,Normale,Autre collision,,,,,,,,,,,1,1,1,1,6
200600030173,0006-06-11 20:45:00,6,6,11,20,45,760,298,CD 28,,,Nuit sans éclairage public,En agglomération,Hors intersection,Normale,Deux véhicules - côté,,,,,,,,,,,3,2,1,1,3
200600030174,0006-06-06 19:15:00,6,6,6,19,15,270,424,,48.937,0.945,Plein jour,Hors agglomération,Hors intersection,Normale,Deux véhicules - frontale,,,,,,,,,,,1,1,1,1,1
200600030175,0006-06-07 20:00:00,6,6,7,20,0,270,439,Cd 316 Pk 0+600,49.07,1.175,Plein jour,Hors agglomération,Hors intersection,Normale,Deux véhicules - frontale,,,,,,,,,,,1,1,1,1,1
200600030176,0006-06-16 06:30:00,6,6,16,6,30,270,306,,48.986,1.192,Plein jour,Hors agglomération,Hors intersection,Normale,Deux véhicules - côté,,,,,,,,,,,1,1,1,1,3
200600030177,0006-06-16 19:45:00,6,6,16,19,45,270,424,,48.925,0.941,Plein jour,Hors agglomération,Hors intersection,Normale,Deux véhicules - côté,,,,,,,,,,,1,1,1,1,3
200600030178,0006-06-25 16:45:00,6,6,25,16,45,270,524,RN 13,49.118,0.94,Plein jour,En agglomération,Hors intersection,Pluie légère,Deux véhicules - côté,,,,,,,,,,,1,2,1,2,3
200600030179,0006-06-06 17:30:00,6,6,6,17,30,270,198,,48.873,1.071,Plein jour,En agglomération,Hors intersection,Normale,Autre collision,,,,,,,,,,,1,2,1,1,6
200600030180,0006-06-08 18:30:00,6,6,8,18,30,270,411,,,,Plein jour,Hors agglomération,Hors intersection,Normale,Deux véhicules - frontale,,,,,,,,,,,1,1,1,1,1
200600030181,0006-06-13 18:30:00,6,6,13,18,30,270,181,Hameau les GRES,,,Plein jour,En agglomération,Hors intersection,Pluie légère,Deux véhicules - frontale,,,,,,,,,,,1,2,1,2,1
200600030182,0006-06-02 14:30:00,6,6,2,14,30,270,400,Chemin du faite,,,Plein jour,Hors agglomération,Hors intersection,Normale,Sans collision,,,,,,,,,,,1,1,1,1,7
200600030183,0006-06-09 18:45:00,6,6,9,18,45,270,696,grande rue,,,Plein jour,En agglomération,Hors intersection,Normale,Autre collision,,,,,,,,,,,1,2,1,1,6
200600030184,0006-06-11 03:30:00,6,6,11,3,30,270,254,37 rue de la poste,,,Nuit sans éclairage public,En agglomération,Hors intersection,Normale,Autre collision,,,,,,,,,,,3,2,1,1,6
200600030185,0006-06-09 09:30:00,6,6,9,9,30,270,473,RUE GRANDE,49.168,1.415,Plein jour,En agglomération,Hors intersection,Normale,Deux véhicules - côté,,,,,,,,,,,1,2,1,1,3
200600030186,0006-06-20 17:30:00,6,6,20,17,30,270,493,rue de la gare,49.331,1.252,Plein jour,En agglomération,Hors intersection,Normale,Deux véhicules - côté,,,,,,,,,,,1,2,1,1,3
200600030187,0006-06-13 08:45:00,6,6,13,8,45,270,284,rue du Faubourg de Neauf,49.282,1.77,Plein jour,En agglomération,Hors intersection,Normale,Deux véhicules - côté,,,,,,,,,,,1,2,1,1,3
200600030188,0006-06-17 16:40:00,6,6,17,16,40,270,226,RUE DE LA LIBERATION,49.31,1.607,Plein jour,En agglomération,Hors intersection,Normale,Trois véhicules et plus - en chaîne,,,,,,,,,,,1,2,1,1,4
200600030189,0006-06-30 16:15:00,6,6,30,16,15,270,26,Rue du Claquet,49.221,1.644,Plein jour,En agglomération,Intersection en T,Normale,Deux véhicules - côté,,,,,,,,,,,1,2,3,1,3
200600030190,0006-06-06 05:45:00,6,6,6,5,45,270,600,,49.081,0.584,Plein jour,Hors agglomération,Hors intersection,Normale,Sans collision,,,,,,,,,,,1,1,1,1,7
200600030191,0006-06-12 09:00:00,6,6,12,9,0,270,56,,49.086,0.587,Plein jour,Hors agglomération,Hors intersection,Normale,Deux véhicules - arrière,,,,,,,,,,,1,1,1,1,2
200600030192,0006-06-12 17:35:00,6,6,12,17,35,270,398,RD133 et du Chemin noir,,,Plein jour,En agglomération,Intersection en X,Normale,Deux véhicules - côté,,,,,,,,,,,1,2,2,1,3
200600030193,0006-06-17 14:30:00,6,6,17,14,30,270,42,,,,Plein jour,Hors agglomération,Hors intersection,Normale,Sans collision,,,,,,,,,,,1,1,1,1,7
200600030194,0006-06-10 01:45:00,6,6,10,1,45,270,164,,,,Nuit sans éclairage public,Hors agglomération,Hors intersection,Normale,Deux véhicules - frontale,,,,,,,,,,,3,1,1,1,1
200600030195,0006-06-20 13:00:00,6,6,20,13,0,270,330,,,,Plein jour,En agglomération,Hors intersection,Normale,Sans collision,,,,,,,,,,,1,2,1,1,7