accident_id,datetime,annee,mois,jour,heure,minute,departement,commune_insee,adresse,latitude,longitude,luminosite,agglomeration,intersection,meteo,collision,nb_vehicules,nb_usagers,nb_indemnes,nb_tues,nb_blesses_hosp,nb_blesses_legers,age_cond_1,age_cond_2,veh_type_cond_1,veh_type_cond_2,lum_code,agg_code,int_code,atm_code,col_code
200600030196,0006-06-09 17:50:00,6,6,9,17,50,270,676,rue Pollet,,,Plein jour,En agglomération,Hors intersection,Normale,Deux véhicules - frontale,,,,,,,,,,,1,2,1,1,1
200600030197,0006-06-09 19:30:00,6,6,9,19,30,270,275,,49.164,1.351,Plein jour,Hors agglomération,Hors intersection,Normale,Deux véhicules - frontale,,,,,,,,,,,1,1,1,1,1
200600030198,0006-06-09 18:30:00,6,6,9,18,30,270,469,RN 15,,,Plein jour,Hors agglomération,Hors intersection,Normale,Deux véhicules - côté,,,,,,,,,,,1,1,1,1,3
200600030199,0006-06-26 18:55:00,6,6,26,18,55,270,188,CD321,,,Plein jour,Hors agglomération,Hors intersection,Normale,Deux véhicules - côté,,,,,,,,,,,1,1,1,1,3
200600030200,0006-06-21 07:30:00,6,6,21,7,30,270,428,,49.152,0.897,Plein jour,Hors agglomération,Intersection en Y,Normale,Deux véhicules - côté,,,,,,,,,,,1,1,4,1,3
200600030201,0006-06-22 17:45:00,6,6,22,17,45,270,428,Parking de la picine,49.145,0.906,Plein jour,En agglomération,Place,Normale,Autre collision,,,,,,,,,,,1,2,7,1,6
200600030202,0006-06-24 04:15:00,6,6,24,4,15,270,302,Route de brionne face à,49.227,0.834,Nuit avec éclairage allumé,En agglomération,Hors intersection,Normale,Deux véhicules - frontale,,,,,,,,,,,5,2,1,1,1
200600030203,0006-06-04 17:30:00,6,6,4,17,30,270,107,RUE DU BOURG,,,Plein jour,En agglomération,Hors intersection,Normale,Deux véhicules - frontale,,,,,,,,,,,1,2,1,1,1
200600030204,0006-06-08 19:15:00,6,6,8,19,15,270,174,,,,Plein jour,Hors agglomération,Hors intersection,Normale,Deux véhicules - arrière,,,,,,,,,,,1,1,1,1,2
200600030205,0006-06-23 13:45:00,6,6,23,13,45,270,100,,,,Plein jour,Hors agglomération,Hors intersection,Normale,Deux véhicules - côté,,,,,,,,,,,1,1,1,1,3
200600030206,0006-06-04 21:45:00,6,6,4,21,45,270,90,Rue du 18 Juin,,,Plein jour,En agglomération,Hors intersection,Normale,Autre collision,,,,,,,,,,,1,2,1,1,6
200600030207,0006-06-22 20:00:00,6,6,22,20,0,270,542,,49.242,0.599,Plein jour,Hors agglomération,Hors intersection,Normale,Autre collision,,,,,,,,,,,1,1,1,1,6
200600030208,0006-06-25 02:30:00,6,6,25,2,30,270,288,,49.287,0.684,Nuit sans éclairage public,Hors agglomération,Hors intersection,Pluie légère,Sans collision,,,,,,,,,,,3,1,1,2,7
200600030209,0006-06-26 17:30:00,6,6,26,17,30,270,542,route de lieurey,49.248,0.581,Plein jour,En agglomération,Hors intersection,Normale,Autre collision,,,,,,,,,,,1,2,1,1,6
200600030210,0006-06-18 04:15:00,6,6,18,4,15,350,296,,,,Nuit sans éclairage public,Hors agglomération,Hors intersection,Normale,Autre collision,,,,,,,,,,,3,1,1,1,6
200600030211,0006-06-23 20:00:00,6,6,23,20,0,350,128,,48.287,-1.738,Plein jour,Hors agglomération,Hors intersection,Normale,Trois véhicules et plus - collisions multiples,,,,,,,,,,,1,1,1,1,5
200600030212,0006-06-02 17:30:00,6,6,2,17,30,350,297,,,,Plein jour,Hors agglomération,Hors intersection,Normale,Autre collision,,,,,,,,,,,1,1,1,1,6
200600030213,0006-06-04 14:15:00,6,6,4,14,15,350,117,,,,Plein jour,Hors agglomération,Hors intersection,Normale,Deux véhicules - côté,,,,,,,,,,,1,1,1,1,3
200600030214,0006-06-01 19:30:00,6,6,1,19,30,350,65,LA CHERTRERIE,,,Plein jour,Hors agglomération,Hors intersection,Normale,Deux véhicules - frontale,,,,,,,,,,,1,1,1,1,1
200600030215,0006-06-03 15:30:00,6,6,3,15,30,350,223,,,,Plein jour,Hors agglomération,Hors intersection,Normale,Autre collision,,,,,,,,,,,1,1,1,1,6
200600030216,0006-06-08 02:45:00,6,6,8,2,45,350,240,,,,Nuit sans éclairage public,Hors agglomération,Autre intersection,Normale,Autre collision,,,,,,,,,,,3,1,9,1,6
200600030217,0006-06-28 18:00:00,6,6,28,18,0,350,137,,,,Plein jour,Hors agglomération,Hors intersection,Normale,Deux véhicules - frontale,,,,,,,,,,,1,1,1,1,1
200600030218,0006-06-08 08:00:00,6,6,8,8,0,350,293,,,,Plein jour,Hors agglomération,Hors intersection,Normale,Deux véhicules - frontale,,,,,,,,,,,1,1,1,1,1
200600030219,0006-06-05 22:45:00,6,6,5,22,45,350,13,,47.72,-2.1,Nuit sans éclairage public,Hors agglomération,Hors intersection,Normale,Autre collision,,,,,,,,,,,3,1,1,1,6
200600030220,0006-06-11 00:45:00,6,6,11,0,45,350,13,,,,Nuit sans éclairage public,Hors agglomération,Hors intersection,Normale,Autre collision,,,,,,,,,,,3,1,1,1,6
200600030221,0006-06-22 21:30:00,6,6,22,21,30,350,221,,47.881,-1.776,Plein jour,Hors agglomération,Hors intersection,Normale,Deux véhicules - arrière,,,,,,,,,,,1,1,1,1,2
200600030222,0006-06-13 13:40:00,6,6,13,13,40,350,123,les croix de roches,,,Plein jour,Hors agglomération,Hors intersection,Normale,Autre collision,,,,,,,,,,,1,1,1,1,6
200600030223,0006-06-16 11:40:00,6,6,16,11,40,350,45,"lieudit ""St Paul""",,,Plein jour,Hors agglomération,Hors intersection,Normale,Sans collision,,,,,,,,,,,1,1,1,1,7
200600030224,0006-06-08 18:50:00,6,6,8,18,50,350,226,la revelinais,,,Plein jour,Hors agglomération,Hors intersection,Normale,Deux véhicules - frontale,,,,,,,,,,,1,1,1,1,1
200600030225,0006-06-25 14:45:00,6,6,25,14,45,350,337,,,,Plein jour,Hors agglomération,Intersection en X,Normale,Deux véhicules - côté,,,,,,,,,,,1,1,2,1,3
200600030226,0006-06-27 15:00:00,6,6,27,15,0,350,17,,,,Plein jour,Hors agglomération,Hors intersection,Normale,Autre collision,,,,,,,,,,,1,1,1,1,6
200600030227,0006-06-01 01:00:00,6,6,1,1,0,350,95,Rue de ST Malo,48.553,-1.752,Nuit avec éclairage allumé,En agglomération,Hors intersection,Normale,Autre collision,,,,,,,,,,,5,2,1,1,6
200600030228,0006-06-21 11:30:00,6,6,21,11,30,350,95,SUPER U RUE D GRINGOIRE,,,Plein jour,En agglomération,Hors intersection,Normale,Autre collision,,,,,,,,,,,1,2,1,1,6
200600030229,0006-06-21 19:30:00,6,6,21,19,30,350,186,,48.58,-1.778,Plein jour,Hors agglomération,Hors intersection,Normale,Sans collision,,,,,,,,,,,1,1,1,1,7
200600030230,0006-06-05 18:00:00,6,6,5,18,0,350,287,,,,Plein jour,Hors agglomération,Intersection en X,Normale,Trois véhicules et plus - collisions multiples,,,,,,,,,,,1,1,2,1,5
200600030231,0006-06-03 00:30:00,6,6,3,0,30,350,194,,,,Nuit sans éclairage public,Hors agglomération,Hors intersection,Normale,Deux véhicules - côté,,,,,,,,,,,3,1,1,1,3
200600030232,0006-06-14 14:15:00,6,6,14,14,15,350,360,promenade St Yves,,,Plein jour,En agglomération,Hors intersection,Temps couvert,Autre collision,,,,,,,,,,,1,2,1,8,6
200600030233,0006-06-20 08:00:00,6,6,20,8,0,350,360,,,,Plein jour,Hors agglomération,Hors intersection,Normale,Deux véhicules - frontale,,,,,,,,,,,1,1,1,1,1
200600030234,0006-06-30 11:15:00,6,6,30,11,15,350,360,rue du Mée,,,Plein jour,En agglomération,Hors intersection,Normale,Deux véhicules - côté,,,,,,,,,,,1,2,1,1,3
200600030235,0006-06-18 02:30:00,6,6,18,2,30,350,68,,48.103,-1.415,Nuit sans éclairage public,Hors agglomération,Hors intersection,Normale,Deux véhicules - côté,,,,,,,,,,,3,1,1,1,3
200600030236,0006-06-14 14:45:00,6,6,14,14,45,350,103,,47.82,-1.26,Plein jour,Hors agglomération,Hors intersection,Normale,Deux véhicules - frontale,,,,,,,,,,,1,1,1,1,1
200600030237,0006-06-16 18:00:00,6,6,16,18,0,350,14,28 Rue des Tisserands,48.01,-1.29,Plein jour,En agglomération,Hors intersection,Normale,Deux véhicules - frontale,,,,,,,,,,,1,2,1,1,1
200600030238,0006-06-21 18:15:00,6,6,21,18,15,350,82,le bois guy,,,Plein jour,Hors agglomération,Hors intersection,Normale,Autre collision,,,,,,,,,,,1,1,1,1,6
200600030239,0006-06-03 16:15:00,6,6,3,16,15,220,112,La petite lande,,,Plein jour,Hors agglomération,Intersection en X,Normale,Deux véhicules - côté,,,,,,,,,,,1,1,2,1,3
200600030240,0006-06-25 16:30:00,6,6,25,16,30,220,232,RUE CROIX TOMELOT,,,Plein jour,En agglomération,Intersection en X,Normale,Deux véhicules - côté,,,,,,,,,,,1,2,2,1,3
200600030241,0006-06-08 11:15:00,6,6,8,11,15,220,93,,48.481,-2.588,Plein jour,Hors agglomération,Hors intersection,Normale,Deux véhicules - arrière,,,,,,,,,,,1,1,1,1,2
200600030242,0006-06-30 19:15:00,6,6,30,19,15,220,300,la fontaine robert,,,Plein jour,Hors agglomération,Hors intersection,Temps éblouissant,Deux véhicules - frontale,,,,,,,,,,,1,1,1,7,1
200600030243,0006-06-24 18:15:00,6,6,24,18,15,220,54,,,,Plein jour,Hors agglomération,Hors intersection,Normale,Sans collision,,,,,,,,,,,1,1,1,1,7
200600030244,0006-06-27 08:15:00,6,6,27,8,15,220,81,CD 786 Lieu dit Carsugat,,,Plein jour,Hors agglomération,Hors intersection,Normale,Deux véhicules - frontale,,,,,,,,,,,1,1,1,1,1
200600030245,0006-06-13 16:30:00,6,6,13,16,30,220,277,,48.415,-2.857,Plein jour,Hors agglomération,Hors intersection,Normale,Deux véhicules - arrière,,,,,,,,,,,1,1,1,1,2
200600030246,0006-06-16 21:45:00,6,6,16,21,45,220,315,,,,Crépuscule ou aube,Hors agglomération,Hors intersection,Normale,Sans collision,,,,,,,,,,,2,1,1,1,7
200600030247,0006-06-13 10:30:00,6,6,13,10,30,220,84,,48.41,-2.32,Plein jour,Hors agglomération,Hors intersection,Pluie légère,Sans collision,,,,,,,,,,,1,1,1,2,7
200600030248,0006-06-20 11:30:00,6,6,20,11,30,220,20,,,,Plein jour,Hors agglomération,Hors intersection,Normale,Deux véhicules - frontale,,,,,,,,,,,1,1,1,1,1
200600030249,0006-06-04 15:00:00,6,6,4,15,0,220,282,rue Duguay Trouin,48.637,-2.258,Plein jour,En agglomération,Hors intersection,Normale,Deux véhicules - frontale,,,,,,,,,,,1,2,1,1,1
200600030250,0006-06-06 10:15:00,6,6,6,10,15,220,143,,,,Plein jour,Hors agglomération,Intersection en X,Normale,Deux véhicules - côté,,,,,,,,,,,1,1,2,1,3
200600030251,0006-06-15 20:00:00,6,6,15,20,0,220,143,Lieu-dit les salines,48.611,-2.305,Plein jour,Hors agglomération,Hors intersection,Temps éblouissant,Deux véhicules - arrière,,,,,,,,,,,1,1,1,7,2
200600030252,0006-06-10 18:30:00,6,6,10,18,30,220,147,,48.178,-2.385,Plein jour,Hors agglomération,Hors intersection,Normale,Deux véhicules - arrière,,,,,,,,,,,1,1,1,1,2
200600030253,0006-06-26 08:30:00,6,6,26,8,30,220,256,intersection D6/D82,,,Plein jour,Hors agglomération,Intersection en X,Normale,Deux véhicules - côté,,,,,,,,,,,1,1,2,1,3
200600030254,0006-06-06 07:30:00,6,6,6,7,30,220,92,LIEU DIT LE BOTHALEC,48.414,-3.14,Plein jour,Hors agglomération,Hors intersection,Normale,Deux véhicules - frontale,,,,,,,,,,,1,1,1,1,1
200600030255,0006-06-06 16:15:00,6,6,6,16,15,220,238,,48.6,-3.6,Plein jour,Hors agglomération,Hors intersection,Normale,Deux véhicules - frontale,,,,,,,,,,,1,1,1,1,1
200600030256,0006-06-18 09:15:00,6,6,18,9,15,220,349,,,,Plein jour,Hors agglomération,Hors intersection,Normale,Deux véhicules - frontale,,,,,,,,,,,1,1,1,1,1
200600030257,0006-06-13 18:15:00,6,6,13,18,15,220,228,Keramanac'h,,,Plein jour,Hors agglomération,Hors intersection,Normale,Deux véhicules - frontale,,,,,,,,,,,1,1,1,1,1
200600030258,0006-06-15 17:30:00,6,6,15,17,30,220,195,,48.838,-3.142,Plein jour,Hors agglomération,Hors intersection,Normale,Deux véhicules - côté,,,,,,,,,,,1,1,1,1,3
200600030259,0006-06-17 19:00:00,6,6,17,19,0,220,199,,,,Crépuscule ou aube,Hors agglomération,Hors intersection,Normale,Sans collision,,,,,,,,,,,2,1,1,1,7
200600030260,0006-06-19 16:15:00,6,6,19,16,15,220,362,rue de la corderie,,,Plein jour,En agglomération,Intersection en X,Normale,Deux véhicules - côté,,,,,,,,,,,1,2,2,1,3
200600030261,0006-06-16 18:30:00,6,6,16,18,30,290,145,,48.055,-4.453,Plein jour,Hors agglomération,Hors intersection,Normale,Trois véhicules et plus - collisions multiples,,,,,,,,,,,1,1,1,1,5
200600030262,0006-06-22 16:45:00,6,6,22,16,45,290,58,,47.91,-3.997,Plein jour,Hors agglomération,Hors intersection,Normale,Autre collision,,,,,,,,,,,1,1,1,1,6
200600030263,0006-06-02 18:30:00,6,6,2,18,30,290,220,Route de Quimper,,,Plein jour,En agglomération,Autre intersection,Normale,Deux véhicules - côté,,,,,,,,,,,1,2,9,1,3
200600030264,0006-06-30 11:30:00,6,6,30,11,30,290,37,,,,Plein jour,Hors agglomération,Hors intersection,Normale,Deux véhicules - côté,,,,,,,,,,,1,1,1,1,3
200600030265,0006-06-22 16:20:00,6,6,22,16,20,290,235,rue de la mairie RD 233,,,Plein jour,En agglomération,Hors intersection,Normale,Deux véhicules - frontale,,,,,,,,,,,1,2,1,1,1
200600030266,0006-06-24 17:30:00,6,6,24,17,30,290,75,Rue de BREST,48.436,-4.405,Plein jour,En agglomération,Hors intersection,Normale,Autre collision,,,,,,,,,,,1,2,1,1,6
200600030267,0006-06-24 19:00:00,6,6,24,19,0,290,245,,,,Plein jour,Hors agglomération,Hors intersection,Normale,Trois véhicules et plus - collisions multiples,,,,,,,,,,,1,1,1,1,5
200600030268,0006-06-06 12:15:00,6,6,6,12,15,290,181,lieu dit LA GARENNE,48.487,-4.265,Plein jour,Hors agglomération,Hors intersection,Normale,Deux véhicules - frontale,,,,,,,,,,,1,1,1,1,1
200600030269,0006-06-18 04:00:00,6,6,18,4,0,290,179,Kerfelgar,,,Nuit sans éclairage public,Hors agglomération,Hors intersection,Normale,Deux véhicules - frontale,,,,,,,,,,,3,1,1,1,1
200600030270,0006-06-08 11:00:00,6,6,8,11,0,290,160,,48.521,-4.443,Plein jour,Hors agglomération,Hors intersection,Normale,Deux véhicules - frontale,,,,,,,,,,,1,1,1,1,1
200600030271,0006-06-11 20:45:00,6,6,11,20,45,290,209,,48.547,-4.495,Plein jour,Hors agglomération,Hors intersection,Normale,Sans collision,,,,,,,,,,,1,1,1,1,7
200600030272,0006-06-23 13:30:00,6,6,23,13,30,290,117,,48.574,-4.467,Plein jour,Hors agglomération,Hors intersection,Normale,Deux véhicules - frontale,,,,,,,,,,,1,1,1,1,1
200600030273,0006-06-02 21:30:00,6,6,2,21,30,290,260,,48.438,-4.611,Crépuscule ou aube,Hors agglomération,Hors intersection,Normale,Deux véhicules - frontale,,,,,,,,,,,2,1,1,1,1
200600030274,0006-06-23 16:00:00,6,6,23,16,0,290,178,,48.548,-4.66,Plein jour,Hors agglomération,Intersection en T,Normale,Deux véhicules - côté,,,,,,,,,,,1,1,3,1,3
200600030275,0006-06-16 16:45:00,6,6,16,16,45,290,26,rond point quai Carnot,,,Plein jour,En agglomération,Giratoire,Normale,Deux véhicules - côté,,,,,,,,,,,1,2,6,1,3
200600030276,0006-06-20 18:30:00,6,6,20,18,30,290,26,PARKING INTERMARCHE,,,Plein jour,En agglomération,Hors intersection,Normale,Autre collision,,,,,,,,,,,1,2,1,1,6
200600030277,0006-06-16 20:30:00,6,6,16,20,30,290,29,Route de Botaval,,,Plein jour,En agglomération,Hors intersection,Normale,Deux véhicules - frontale,,,,,,,,,,,1,2,1,1,1
200600030278,0006-06-11 19:00:00,6,6,11,19,0,290,249,Place du Calvaire,,,Plein jour,En agglomération,Hors intersection,Normale,Autre collision,,,,,,,,,,,1,2,1,1,6
200600030279,0006-06-26 09:30:00,6,6,26,9,30,290,280,,48.24,-4.36,Plein jour,Hors agglomération,Hors intersection,Normale,Deux véhicules - côté,,,,,,,,,,,1,1,1,1,3
200600030280,0006-06-10 20:00:00,6,6,10,20,0,290,38,,,,Crépuscule ou aube,Hors agglomération,Hors intersection,Normale,Deux véhicules - côté,,,,,,,,,,,2,1,1,1,3
200600030281,0006-06-19 08:00:00,6,6,19,8,0,290,244,,,,Plein jour,Hors agglomération,Hors intersection,Normale,Deux véhicules - frontale,,,,,,,,,,,1,1,1,1,1
200600030282,0006-06-13 16:00:00,6,6,13,16,0,560,61,La provotaie,,,Plein jour,Hors agglomération,Hors intersection,Normale,Deux véhicules - frontale,,,,,,,,,,,1,1,1,1,1
200600030283,0006-06-21 12:15:00,6,6,21,12,15,560,194,CD 114 - 6 RUE L EGLISE,,,Plein jour,En agglomération,Hors intersection,Pluie légère,Autre collision,,,,,,,,,,,1,2,1,2,6
200600030284,0006-06-30 17:00:00,6,6,30,17,0,560,11,,47.601,-2.239,Plein jour,Hors agglomération,Hors intersection,Normale,Deux véhicules - côté,,,,,,,,,,,1,1,1,1,3
200600030285,0006-06-10 14:00:00,6,6,10,14,0,560,147,,,,Plein jour,Hors agglomération,Hors intersection,Normale,Deux véhicules - frontale,,,,,,,,,,,1,1,1,1,1
200600030286,0006-06-11 09:30:00,6,6,11,9,30,560,176,,47.672,-2.948,Plein jour,Hors agglomération,Hors intersection,Normale,Deux véhicules - arrière,,,,,,,,,,,1,1,1,1,2
200600030287,0006-06-18 06:00:00,6,6,18,6,0,560,7,,47.674,-2.949,Crépuscule ou aube,Hors agglomération,Hors intersection,Normale,Autre collision,,,,,,,,,,,2,1,1,1,6
200600030288,0006-06-19 09:30:00,6,6,19,9,30,560,176,,47.671,-2.951,Plein jour,Hors agglomération,Autre intersection,Pluie légère,Deux véhicules - côté,,,,,,,,,,,1,1,9,2,3
200600030289,0006-06-24 01:30:00,6,6,24,1,30,560,23,,47.695,-3.026,Nuit sans éclairage public,Hors agglomération,Hors intersection,Normale,Sans collision,,,,,,,,,,,3,1,1,1,7
200600030290,0006-06-09 11:30:00,6,6,9,11,30,560,34,CD 168 PK 20,,,Plein jour,Hors agglomération,Hors intersection,Normale,Deux véhicules - arrière,,,,,,,,,,,1,1,1,1,2
200600030291,0006-06-21 20:15:00,6,6,21,20,15,560,234,Fort de Penthièvre,,,Plein jour,Hors agglomération,Hors intersection,Normale,Deux véhicules - côté,,,,,,,,,,,1,1,1,1,3
200600030292,0006-06-24 14:30:00,6,6,24,14,30,560,168,,47.607,-3.105,Plein jour,Hors agglomération,Hors intersection,Normale,Deux véhicules - frontale,,,,,,,,,,,1,1,1,1,1
200600030293,0006-06-28 19:00:00,6,6,28,19,0,560,34,118 avenue des druides,47.578,-3.068,Plein jour,En agglomération,Hors intersection,Normale,Deux véhicules - arrière,,,,,,,,,,,1,2,1,1,2
200600030294,0006-06-20 08:15:00,6,6,20,8,15,560,179,AU  PK 26+800  SUR LE D6,,,Plein jour,Hors agglomération,Hors intersection,Normale,Autre collision,,,,,,,,,,,1,1,1,1,6
200600030295,0006-06-09 19:10:00,6,6,9,19,10,560,130,Kerdaniel,,,Plein jour,Hors agglomération,Hors intersection,Normale,Deux véhicules - frontale,,,,,,,,,,,1,1,1,1,1
200600030296,0006-06-29 13:55:00,6,6,29,13,55,560,181,rue du DRIASKER,,,Plein jour,En agglomération,Hors intersection,Normale,Deux véhicules - côté,,,,,,,,,,,1,2,1,1,3
200600030297,0006-06-08 18:10:00,6,6,8,18,10,560,75,Avenue Foch,,,Plein jour,En agglomération,Hors intersection,Normale,Deux véhicules - frontale,,,,,,,,,,,1,2,1,1,1
200600030298,0006-06-15 17:00:00,6,6,15,17,0,560,244,,47.808,-2.446,Plein jour,Hors agglomération,Hors intersection,Normale,Deux véhicules - frontale,,,,,,,,,,,1,1,1,1,1
200600030299,0006-06-27 11:30:00,6,6,27,11,30,560,6,,47.925,-2.29,Plein jour,Hors agglomération,Hors intersection,Normale,Autre collision,,,,,,,,,,,1,1,1,1,6
200600030300,0006-06-01 19:00:00,6,6,1,19,0,560,222,,47.851,-2.725,Plein jour,En agglomération,Hors intersection,Normale,Deux véhicules - côté,,,,,,,,,,,1,2,1,1,3
200600030301,0006-06-17 03:30:00,6,6,17,3,30,560,47,lieu-dit BLEZOUAN,,,Nuit sans éclairage public,Hors agglomération,Hors intersection,Normale,Autre collision,,,,,,,,,,,3,1,1,1,6
200600030302,0006-06-02 17:15:00,6,6,2,17,15,560,93,,48.141,-2.895,Plein jour,Hors agglomération,Hors intersection,Normale,Deux véhicules - arrière,,,,,,,,,,,1,1,1,1,2
200600030303,0006-06-26 17:00:00,6,6,26,17,0,560,242,,48.11,-3.191,Plein jour,Hors agglomération,Hors intersection,Normale,Deux véhicules - frontale,,,,,,,,,,,1,1,1,1,1
200600030304,0006-06-03 06:45:00,6,6,3,6,45,560,140,,47.908,-2.784,Plein jour,Hors agglomération,Hors intersection,Normale,Autre collision,,,,,,,,,,,1,1,1,1,6
200600030305,0006-06-05 17:30:00,6,6,5,17,30,560,144,petit Guenolay,,,Plein jour,Hors agglomération,Hors intersection,Normale,Sans collision,,,,,,,,,,,1,1,1,1,7
200600030306,0006-06-07 18:45:00,6,6,7,18,45,560,173,,48.015,-2.987,Plein jour,Hors agglomération,Autre intersection,Normale,Sans collision,,,,,,,,,,,1,1,9,1,7
200600030307,0006-06-10 21:15:00,6,6,10,21,15,560,10,,47.88,-2.95,Plein jour,Hors agglomération,Hors intersection,Normale,Autre collision,,,,,,,,,,,1,1,1,1,6
200600030308,0006-06-13 13:00:00,6,6,13,13,0,560,174,,47.89,-2.893,Plein jour,Hors agglomération,Hors intersection,Normale,Trois véhicules et plus - collisions multiples,,,,,,,,,,,1,1,1,1,5
200600030309,0006-06-13 15:25:00,6,6,13,15,25,560,74,PK 58,,,Plein jour,Hors agglomération,Hors intersection,Normale,Sans collision,,,,,,,,,,,1,1,1,1,7
200600030310,0006-06-10 13:30:00,6,6,10,13,30,140,228,rue Gabriel Fauré,49.304,-0.374,Plein jour,En agglomération,Giratoire,Normale,Deux véhicules - côté,,,,,,,,,,,1,2,6,1,3
200600030311,0006-06-28 18:30:00,6,6,28,18,30,140,543,Sente des Fontaines,49.213,-0.471,Plein jour,En agglomération,Hors intersection,Normale,Sans collision,,,,,,,,,,,1,2,1,1,7
200600030312,0006-06-08 15:30:00,6,6,8,15,30,140,39,,49.013,-0.357,Plein jour,Hors agglomération,Hors intersection,Normale,Deux véhicules - frontale,,,,,,,,,,,1,1,1,1,1
200600030313,0006-06-26 16:00:00,6,6,26,16,0,140,623,,49.119,-0.373,Plein jour,En agglomération,Hors intersection,Normale,Autre collision,,,,,,,,,,,1,2,1,1,6
200600030314,0006-06-10 12:00:00,6,6,10,12,0,140,407,,49.245,-0.371,Plein jour,Hors agglomération,Hors intersection,Normale,Deux véhicules - arrière,,,,,,,,,,,1,1,1,1,2
200600030315,0006-06-30 23:00:00,6,6,30,23,0,140,488,rue pasteur,49.29,-0.258,Nuit avec éclairage non allumé,En agglomération,Hors intersection,Normale,Autre collision,,,,,,,,,,,4,2,1,1,6
200600030316,0006-06-24 11:30:00,6,6,24,11,30,140,722,,49.104,-0.864,Plein jour,Hors agglomération,Hors intersection,Normale,Autre collision,,,,,,,,,,,1,1,1,1,6
200600030317,0006-06-06 07:30:00,6,6,6,7,30,140,47,BLD DE LA RESISTANCE,,,Plein jour,En agglomération,Hors intersection,Normale,Deux véhicules - côté,,,,,,,,,,,1,2,1,1,3
200600030318,0006-06-08 19:15:00,6,6,8,19,15,140,47,boulevard  d'eindhoven,,,Plein jour,En agglomération,Hors intersection,Temps éblouissant,Autre collision,,,,,,,,,,,1,2,1,7,6
200600030319,0006-06-10 23:15:00,6,6,10,23,15,140,47,Rue Royale,49.282,-0.703,Nuit avec éclairage allumé,En agglomération,Hors intersection,Normale,Deux véhicules - côté,,,,,,,,,,,5,2,1,1,3
200600030320,0006-06-15 20:00:00,6,6,15,20,0,140,47,RUE ST MALO,49.281,-0.7,Plein jour,En agglomération,Hors intersection,Normale,Sans collision,,,,,,,,,,,1,2,1,1,7
200600030321,0006-06-04 07:00:00,6,6,4,7,0,140,63,,49.281,-0.937,Plein jour,Hors agglomération,Hors intersection,Normale,Deux véhicules - frontale,,,,,,,,,,,1,1,1,1,1
200600030322,0006-06-04 18:00:00,6,6,4,18,0,140,370,rue Bernard Sebert,49.248,-0.88,Plein jour,En agglomération,Hors intersection,Normale,Deux véhicules - frontale,,,,,,,,,,,1,2,1,1,1
200600030323,0006-06-05 18:45:00,6,6,5,18,45,140,63,,49.279,-0.937,Plein jour,Hors agglomération,Hors intersection,Normale,Deux véhicules - frontale,,,,,,,,,,,1,1,1,1,1
200600030324,0006-06-24 15:15:00,6,6,24,15,15,140,481,,49.267,-1.054,Plein jour,Hors agglomération,Hors intersection,Normale,Sans collision,,,,,,,,,,,1,1,1,1,7
200600030325,0006-06-04 17:15:00,6,6,4,17,15,140,207,,48.994,-0.456,Plein jour,Hors agglomération,Hors intersection,Normale,Deux véhicules - côté,,,,,,,,,,,1,1,1,1,3
200600030326,0006-06-02 17:15:00,6,6,2,17,15,140,425,,49.095,0.119,Plein jour,Hors agglomération,Hors intersection,Normale,Deux véhicules - frontale,,,,,,,,,,,1,1,1,1,1
200600030327,0006-06-05 15:30:00,6,6,5,15,30,140,648,,49.114,0.149,Plein jour,Hors agglomération,Hors intersection,Normale,Deux véhicules - arrière,,,,,,,,,,,1,1,1,1,2
200600030328,0006-06-20 17:15:00,6,6,20,17,15,140,582,,49.068,0.187,Plein jour,Hors agglomération,Hors intersection,Normale,Deux véhicules - arrière,,,,,,,,,,,1,1,1,1,2
200600030329,0006-06-20 17:45:00,6,6,20,17,45,140,563,Les Heurtiers,49.331,0.291,Plein jour,Hors agglomération,Hors intersection,Normale,Deux véhicules - frontale,,,,,,,,,,,1,1,1,1,1
200600030330,0006-06-03 00:01:00,6,6,3,0,1,140,584,,48.809,-0.921,Plein jour,Hors agglomération,Hors intersection,Normale,Deux véhicules - frontale,,,,,,,,,,,1,1,1,1,1
200600030331,0006-06-23 08:15:00,6,6,23,8,15,140,379,,,,Plein jour,Hors agglomération,Hors intersection,Normale,Deux véhicules - arrière,,,,,,,,,,,1,1,1,1,2
200600030332,0006-06-25 08:00:00,6,6,25,8,0,500,592,,48.948,-1.092,Plein jour,Hors agglomération,Hors intersection,Normale,Autre collision,,,,,,,,,,,1,1,1,1,6
200600030333,0006-06-09 19:20:00,6,6,9,19,20,500,444,les rouges terres,,,Plein jour,Hors agglomération,Hors intersection,Temps éblouissant,Sans collision,,,,,,,,,,,1,1,1,7,7
200600030334,0006-06-09 15:00:00,6,6,9,15,0,500,224,,48.99,-0.956,Plein jour,Hors agglomération,Hors intersection,Normale,Deux véhicules - côté,,,,,,,,,,,1,1,1,1,3