accident_id,datetime,annee,mois,jour,heure,minute,departement,commune_insee,adresse,latitude,longitude,luminosite,agglomeration,intersection,meteo,collision,nb_vehicules,nb_usagers,nb_indemnes,nb_tues,nb_blesses_hosp,nb_blesses_legers,age_cond_1,age_cond_2,veh_type_cond_1,veh_type_cond_2,lum_code,agg_code,int_code,atm_code,col_code
200600030335,0006-06-07 12:15:00,6,6,7,12,15,500,237,Rue du Thar,,,Plein jour,En agglomération,Hors intersection,Normale,Autre collision,,,,,,,,,,,1,2,1,1,6
200600030336,0006-06-11 00:45:00,6,6,11,0,45,500,66,,48.774,-1.518,Nuit sans éclairage public,Hors agglomération,Hors intersection,Normale,Autre collision,,,,,,,,,,,3,1,1,1,6
200600030337,0006-06-17 18:10:00,6,6,17,18,10,500,38,,,,Plein jour,Hors agglomération,Hors intersection,Normale,Deux véhicules - frontale,,,,,,,,,,,1,1,1,1,1
200600030338,0006-06-18 15:00:00,6,6,18,15,0,500,535,La Rimbardière,48.771,-1.301,Plein jour,Hors agglomération,Hors intersection,Normale,Autre collision,,,,,,,,,,,1,1,1,1,6
200600030339,0006-06-08 08:45:00,6,6,8,8,45,500,259,Rue de la libération,48.604,-1.348,Plein jour,En agglomération,Intersection en X,Temps éblouissant,Deux véhicules - côté,,,,,,,,,,,1,2,2,7,3
200600030340,0006-06-16 10:45:00,6,6,16,10,45,500,74,route d'AVRANHCES,48.72,-1.16,Plein jour,En agglomération,Hors intersection,Normale,Autre collision,,,,,,,,,,,1,2,1,1,6
200600030341,0006-06-06 16:00:00,6,6,6,16,0,500,643,5 le bourg,49.573,-1.729,Plein jour,En agglomération,Hors intersection,Normale,Autre collision,,,,,,,,,,,1,2,1,1,6
200600030342,0006-06-25 12:15:00,6,6,25,12,15,500,41,Place de la Madeleine,,,Plein jour,En agglomération,Place,Normale,Autre collision,,,,,,,,,,,1,2,7,1,6
200600030343,0006-06-06 09:30:00,6,6,6,9,30,500,332,,,,Plein jour,Hors agglomération,Hors intersection,Normale,Autre collision,,,,,,,,,,,1,1,1,1,6
200600030344,0006-06-16 17:15:00,6,6,16,17,15,500,418,,,,Plein jour,Hors agglomération,Hors intersection,Normale,Deux véhicules - frontale,,,,,,,,,,,1,1,1,1,1
200600030345,0006-06-19 10:15:00,6,6,19,10,15,500,480,,,,Plein jour,Hors agglomération,Hors intersection,Pluie légère,Sans collision,,,,,,,,,,,1,1,1,2,7
200600030346,0006-06-24 22:00:00,6,6,24,22,0,500,577,,,,Nuit sans éclairage public,Hors agglomération,Hors intersection,Normale,Autre collision,,,,,,,,,,,3,1,1,1,6
200600030347,0006-06-16 16:00:00,6,6,16,16,0,500,268,"""Carrefour des Buvettes""",49.526,-1.318,Plein jour,Hors agglomération,Hors intersection,Normale,Deux véhicules - côté,,,,,,,,,,,1,1,1,1,3
200600030348,0006-06-28 15:00:00,6,6,28,15,0,500,648,carrefour de la brique,,,Plein jour,Hors agglomération,Hors intersection,Normale,Deux véhicules - côté,,,,,,,,,,,1,1,1,1,3
200600030349,0006-06-13 12:15:00,6,6,13,12,15,500,243,,49.043,-1.5,Plein jour,Hors agglomération,Hors intersection,Normale,Deux véhicules - arrière,,,,,,,,,,,1,1,1,1,2
200600030350,0006-06-15 10:30:00,6,6,15,10,30,500,84,rue du Val de Soulles,,,Plein jour,En agglomération,Hors intersection,Normale,Autre collision,,,,,,,,,,,1,2,1,1,6
200600030351,0006-06-04 16:30:00,6,6,4,16,30,500,3,77rue dramard,,,Plein jour,En agglomération,Hors intersection,Normale,Autre collision,,,,,,,,,,,1,2,1,1,6
200600030352,0006-06-28 17:30:00,6,6,28,17,30,500,364,,,,Plein jour,Hors agglomération,Intersection en X,Normale,Deux véhicules - côté,,,,,,,,,,,1,1,2,1,3
200600030353,0006-06-05 12:15:00,6,6,5,12,15,500,109,Rue principale,,,Plein jour,En agglomération,Intersection en X,Normale,Deux véhicules - côté,,,,,,,,,,,1,2,2,1,3
200600030354,0006-06-07 08:15:00,6,6,7,8,15,500,419,"Lieu-dit ""Montceaux""",,,Plein jour,Hors agglomération,Hors intersection,Normale,Autre collision,,,,,,,,,,,1,1,1,1,6
200600030355,0006-06-19 13:30:00,6,6,19,13,30,500,231,,,,Plein jour,Hors agglomération,Hors intersection,Normale,Deux véhicules - côté,,,,,,,,,,,1,1,1,1,3
200600030356,0006-06-02 21:30:00,6,6,2,21,30,500,198,,49.136,-1.592,Crépuscule ou aube,Hors agglomération,Hors intersection,Normale,Autre collision,,,,,,,,,,,2,1,1,1,6
200600030357,0006-06-03 14:45:00,6,6,3,14,45,500,273,,,,Plein jour,Hors agglomération,Hors intersection,Normale,Deux véhicules - frontale,,,,,,,,,,,1,1,1,1,1
200600030358,0006-06-09 10:15:00,6,6,9,10,15,500,481,,49.244,-1.619,Plein jour,Hors agglomération,Hors intersection,Normale,Deux véhicules - frontale,,,,,,,,,,,1,1,1,1,1
200600030359,0006-06-18 00:30:00,6,6,18,0,30,500,510,,49.177,-1.35,Nuit sans éclairage public,Hors agglomération,Hors intersection,Normale,Autre collision,,,,,,,,,,,3,1,1,1,6
200600030360,0006-06-09 15:30:00,6,6,9,15,30,500,462,,48.58,-0.84,Plein jour,Hors agglomération,Autre intersection,Normale,Deux véhicules - frontale,,,,,,,,,,,1,1,9,1,1
200600030361,0006-06-20 20:30:00,6,6,20,20,30,500,514,,48.735,-0.859,Crépuscule ou aube,Hors agglomération,Hors intersection,Normale,Sans collision,,,,,,,,,,,2,1,1,1,7
200600030362,0006-06-25 07:00:00,6,6,25,7,0,500,37,,48.65,-1.026,Crépuscule ou aube,Hors agglomération,Hors intersection,Normale,Sans collision,,,,,,,,,,,2,1,1,1,7
200600030363,0006-06-08 17:00:00,6,6,8,17,0,500,293,,,,Plein jour,Hors agglomération,Hors intersection,Normale,Deux véhicules - frontale,,,,,,,,,,,1,1,1,1,1
200600030364,0006-06-28 19:00:00,6,6,28,19,0,610,279,,,,Plein jour,Hors agglomération,Hors intersection,Normale,Deux véhicules - côté,,,,,,,,,,,1,1,1,1,3
200600030365,0006-06-10 21:15:00,6,6,10,21,15,610,480,CV N°8 le BOURG,,,Nuit sans éclairage public,En agglomération,Hors intersection,Normale,Autre collision,,,,,,,,,,,3,2,1,1,6
200600030366,0006-06-12 17:15:00,6,6,12,17,15,610,304,,,,Plein jour,Hors agglomération,Hors intersection,Normale,Autre collision,,,,,,,,,,,1,1,1,1,6
200600030367,0006-06-19 17:45:00,6,6,19,17,45,610,261,lieu dit saussay,,,Plein jour,Hors agglomération,Hors intersection,Normale,Trois véhicules et plus - collisions multiples,,,,,,,,,,,1,1,1,1,5
200600030368,0006-06-27 16:20:00,6,6,27,16,20,610,412,dit l'ormeau de la garde,,,Plein jour,Hors agglomération,Intersection en T,Normale,Deux véhicules - côté,,,,,,,,,,,1,1,3,1,3
200600030369,0006-06-05 01:00:00,6,6,5,1,0,610,508,RUE DU MARECHAL LYAUTEY,,,Nuit avec éclairage allumé,En agglomération,Hors intersection,Normale,Deux véhicules - frontale,,,,,,,,,,,5,2,1,1,1
200600030370,0006-06-09 09:15:00,6,6,9,9,15,610,512,le hamel,,,Plein jour,Hors agglomération,Hors intersection,Normale,Deux véhicules - frontale,,,,,,,,,,,1,1,1,1,1
200600030371,0006-06-30 15:00:00,6,6,30,15,0,610,153,,,,Plein jour,En agglomération,Hors intersection,Normale,Deux véhicules - arrière,,,,,,,,,,,1,2,1,1,2
200600030372,0006-06-03 17:30:00,6,6,3,17,30,610,211,36 rue Louis Esparre,48.554,-0.51,Plein jour,En agglomération,Hors intersection,Normale,Autre collision,,,,,,,,,,,1,2,1,1,6
200600030373,0006-06-18 17:15:00,6,6,18,17,15,610,22,Avenue du docteur maimez,,,Plein jour,En agglomération,Hors intersection,Normale,Trois véhicules et plus - collisions multiples,,,,,,,,,,,1,2,1,1,5
200600030374,0006-06-10 20:00:00,6,6,10,20,0,610,374,,,,Plein jour,Hors agglomération,Hors intersection,Normale,Deux véhicules - frontale,,,,,,,,,,,1,1,1,1,1
200600030375,0006-06-17 07:45:00,6,6,17,7,45,610,95,CD 25,,,Plein jour,En agglomération,Hors intersection,Temps éblouissant,Deux véhicules - côté,,,,,,,,,,,1,2,1,7,3
200600030376,0006-06-17 22:45:00,6,6,17,22,45,610,451,carrefour CD 22 / CD 265,,,Nuit sans éclairage public,Hors agglomération,Intersection en X,Normale,Deux véhicules - côté,,,,,,,,,,,3,1,2,1,3
200600030377,0006-06-09 07:15:00,6,6,9,7,15,610,507,,,,Plein jour,Hors agglomération,Intersection en T,Normale,Deux véhicules - côté,,,,,,,,,,,1,1,3,1,3
200600030378,0006-06-17 14:00:00,6,6,17,14,0,610,255,,,,Plein jour,Hors agglomération,Hors intersection,Temps éblouissant,Deux véhicules - frontale,,,,,,,,,,,1,1,1,7,1
200600030379,0006-06-22 06:00:00,6,6,22,6,0,610,418,LE BOURG,,,Plein jour,En agglomération,Hors intersection,Normale,Deux véhicules - frontale,,,,,,,,,,,1,2,1,1,1
200600030380,0006-06-28 18:30:00,6,6,28,18,30,610,229,,,,Plein jour,Hors agglomération,Hors intersection,Normale,Sans collision,,,,,,,,,,,1,1,1,1,7
200600030381,0006-06-26 16:45:00,6,6,26,16,45,440,204,Rue des Ecoles,,,Plein jour,En agglomération,Hors intersection,Normale,Deux véhicules - arrière,,,,,,,,,,,1,2,1,1,2
200600030382,0006-06-02 07:30:00,6,6,2,7,30,440,26,Avenue des Villages,,,Plein jour,En agglomération,Intersection en T,Normale,Deux véhicules - côté,,,,,,,,,,,1,2,3,1,3
200600030383,0006-06-26 09:15:00,6,6,26,9,15,440,26,,,,Plein jour,Hors agglomération,Autre intersection,Normale,Deux véhicules - côté,,,,,,,,,,,1,1,9,1,3
200600030384,0006-06-22 09:00:00,6,6,22,9,0,440,100,Rue de la POSTE,,,Plein jour,En agglomération,Hors intersection,Normale,Deux véhicules - frontale,,,,,,,,,,,1,2,1,1,1
200600030385,0006-06-01 12:30:00,6,6,1,12,30,440,215,,,,Plein jour,Hors agglomération,Giratoire,Normale,Deux véhicules - côté,,,,,,,,,,,1,1,6,1,3
200600030386,0006-06-30 17:30:00,6,6,30,17,30,440,37,,,,Plein jour,Hors agglomération,Autre intersection,Normale,Deux véhicules - frontale,,,,,,,,,,,1,1,9,1,1
200600030387,0006-06-03 15:45:00,6,6,3,15,45,440,134,,47.463,-1.173,Plein jour,Hors agglomération,Hors intersection,Temps éblouissant,Deux véhicules - côté,,,,,,,,,,,1,1,1,7,3
200600030388,0006-06-19 09:30:00,6,6,19,9,30,440,34,Lieu dit les Délinières,,,Plein jour,Hors agglomération,Hors intersection,Normale,Deux véhicules - côté,,,,,,,,,,,1,1,1,1,3
200600030389,0006-06-23 08:15:00,6,6,23,8,15,440,3,RP DE LA GILARDERIE,,,Plein jour,En agglomération,Giratoire,Normale,Deux véhicules - côté,,,,,,,,,,,1,2,6,1,3
200600030390,0006-06-14 19:30:00,6,6,14,19,30,440,212,,,,Plein jour,Hors agglomération,Hors intersection,Normale,Deux véhicules - côté,,,,,,,,,,,1,1,1,1,3
200600030391,0006-06-15 16:30:00,6,6,15,16,30,440,32,,,,Plein jour,Hors agglomération,Hors intersection,Normale,Sans collision,,,,,,,,,,,1,1,1,1,7
200600030392,0006-06-23 11:00:00,6,6,23,11,0,440,212,,,,Plein jour,Hors agglomération,Hors intersection,Normale,Deux véhicules - côté,,,,,,,,,,,1,1,1,1,3
200600030393,0006-06-26 10:45:00,6,6,26,10,45,440,48,,47.364,-1.32,Plein jour,Hors agglomération,Intersection en X,Normale,Deux véhicules - frontale,,,,,,,,,,,1,1,2,1,1
200600030394,0006-06-22 19:30:00,6,6,22,19,30,440,36,28 rue de LAUNAYE,47.721,-1.373,Plein jour,En agglomération,Hors intersection,Normale,Deux véhicules - frontale,,,,,,,,,,,1,2,1,1,1
200600030395,0006-06-22 14:15:00,6,6,22,14,15,440,7,,47.643,-1.988,Plein jour,Hors agglomération,Hors intersection,Normale,Deux véhicules - côté,,,,,,,,,,,1,1,1,1,3
200600030396,0006-06-22 22:00:00,6,6,22,22,0,440,179,,47.354,-1.42,Plein jour,Hors agglomération,Hors intersection,Normale,Sans collision,,,,,,,,,,,1,1,1,1,7
200600030397,0006-06-30 18:45:00,6,6,30,18,45,440,73,,,,Plein jour,Hors agglomération,Hors intersection,Normale,Deux véhicules - côté,,,,,,,,,,,1,1,1,1,3
200600030398,0006-06-11 12:30:00,6,6,11,12,30,440,18,,47.149,-1.695,Plein jour,Hors agglomération,Hors intersection,Normale,Deux véhicules - frontale,,,,,,,,,,,1,1,1,1,1
200600030399,0006-06-24 02:15:00,6,6,24,2,15,440,20,CD 85,,,Nuit avec éclairage allumé,Hors agglomération,Hors intersection,Normale,Sans collision,,,,,,,,,,,5,1,1,1,7
200600030400,0006-06-07 13:45:00,6,6,7,13,45,440,131,Lieu dit la Cossonnière,,,Plein jour,Hors agglomération,Hors intersection,Normale,Deux véhicules - arrière,,,,,,,,,,,1,1,1,1,2
200600030401,0006-06-06 19:00:00,6,6,6,19,0,440,5,,,,Plein jour,Hors agglomération,Hors intersection,Normale,Deux véhicules - frontale,,,,,,,,,,,1,1,1,1,1
200600030402,0006-06-23 22:30:00,6,6,23,22,30,440,116,RUE PIERRE JUBAU,47.292,-2.029,Nuit avec éclairage allumé,En agglomération,Hors intersection,Normale,Trois véhicules et plus - collisions multiples,,,,,,,,,,,5,2,1,1,5
200600030403,0006-06-29 17:00:00,6,6,29,17,0,440,154,Av. raymond Poincaré,47.268,-2.164,Plein jour,En agglomération,Giratoire,Normale,Deux véhicules - frontale,,,,,,,,,,,1,2,6,1,1
200600030404,0006-06-29 14:30:00,6,6,29,14,30,440,5,la feuillardais,,,Plein jour,En agglomération,Intersection en T,Normale,Deux véhicules - côté,,,,,,,,,,,1,2,3,1,3
200600030405,0006-06-30 17:00:00,6,6,30,17,0,440,187,,47.206,-2.049,Plein jour,Hors agglomération,Intersection en X,Normale,Deux véhicules - côté,,,,,,,,,,,1,1,2,1,3
200600030406,0006-06-24 10:00:00,6,6,24,10,0,440,192,,,,Plein jour,Hors agglomération,Hors intersection,Normale,Deux véhicules - arrière,,,,,,,,,,,1,1,1,1,2
200600030407,0006-06-04 02:15:00,6,6,4,2,15,440,211,rue du Loc Croisey,,,Nuit sans éclairage public,En agglomération,Hors intersection,Normale,Autre collision,,,,,,,,,,,3,2,1,1,6
200600030408,0006-06-07 08:10:00,6,6,7,8,10,440,69,avenue Anne de Bretagne,,,Plein jour,En agglomération,Hors intersection,Temps éblouissant,Autre collision,,,,,,,,,,,1,2,1,7,6
200600030409,0006-06-06 20:00:00,6,6,6,20,0,440,69,CD252,,,Plein jour,Hors agglomération,Hors intersection,Normale,Deux véhicules - côté,,,,,,,,,,,1,1,1,1,3
200600030410,0006-06-10 04:45:00,6,6,10,4,45,440,69,,47.316,-2.423,Nuit sans éclairage public,Hors agglomération,Hors intersection,Normale,Autre collision,,,,,,,,,,,3,1,1,1,6
200600030411,0006-06-24 18:30:00,6,6,24,18,30,440,69,,,,Plein jour,Hors agglomération,Hors intersection,Normale,Deux véhicules - frontale,,,,,,,,,,,1,1,1,1,1
200600030412,0006-06-28 20:50:00,6,6,28,20,50,440,183,rue du Maréchal Ferrant,,,Plein jour,En agglomération,Hors intersection,Normale,Autre collision,,,,,,,,,,,1,2,1,1,6
200600030413,0006-06-17 18:00:00,6,6,17,18,0,440,168,CD 50,,,Plein jour,Hors agglomération,Hors intersection,Normale,Deux véhicules - côté,,,,,,,,,,,1,1,1,1,3
200600030414,0006-06-22 13:15:00,6,6,22,13,15,440,103,Route de l'aéroport,,,Plein jour,Hors agglomération,Hors intersection,Normale,Deux véhicules - frontale,,,,,,,,,,,1,1,1,1,1
200600030415,0006-06-03 15:30:00,6,6,3,15,30,440,189,,,,Plein jour,Hors agglomération,Hors intersection,Normale,Deux véhicules - côté,,,,,,,,,,,1,1,1,1,3
200600030416,0006-06-13 23:00:00,6,6,13,23,0,440,935,st raoûl,,,Nuit sans éclairage public,Hors agglomération,Intersection en X,Normale,Deux véhicules - côté,,,,,,,,,,,3,1,2,1,3
200600030417,0006-06-03 16:30:00,6,6,3,16,30,440,217,RUE DE LA FONTAINE NEUVE,,,Plein jour,En agglomération,Hors intersection,Normale,Autre collision,,,,,,,,,,,1,2,1,1,6
200600030418,0006-06-10 15:15:00,6,6,10,15,15,440,194,,47.286,-1.707,Plein jour,Hors agglomération,Hors intersection,Normale,Autre collision,,,,,,,,,,,1,1,1,1,6
200600030419,0006-06-16 20:15:00,6,6,16,20,15,490,21,,47.429,-0.184,Plein jour,Hors agglomération,Hors intersection,Normale,Deux véhicules - arrière,,,,,,,,,,,1,1,1,1,2
200600030420,0006-06-03 16:45:00,6,6,3,16,45,490,327,espérance PK6+800 RD 761,,,Plein jour,Hors agglomération,Hors intersection,Temps éblouissant,Deux véhicules - côté,,,,,,,,,,,1,1,1,7,3
200600030421,0006-06-24 08:00:00,6,6,24,8,0,490,66,Rue du Cormier,47.271,-0.576,Plein jour,En agglomération,Hors intersection,Normale,Deux véhicules - côté,,,,,,,,,,,1,2,1,1,3
200600030422,0006-06-10 20:50:00,6,6,10,20,50,490,238,ieu dit le petit funault,,,Plein jour,Hors agglomération,Hors intersection,Normale,Sans collision,,,,,,,,,,,1,1,1,1,7
200600030423,0006-06-22 16:20:00,6,6,22,16,20,490,68,Carrefour des Gâts,,,Plein jour,Hors agglomération,Hors intersection,Normale,Deux véhicules - frontale,,,,,,,,,,,1,1,1,1,1
200600030424,0006-06-04 14:00:00,6,6,4,14,0,490,159,,47.652,-0.304,Plein jour,Hors agglomération,Hors intersection,Normale,Sans collision,,,,,,,,,,,1,1,1,1,7
200600030425,0006-06-28 08:15:00,6,6,28,8,15,490,19,,47.538,-0.331,Plein jour,Hors agglomération,Intersection en X,Normale,Deux véhicules - côté,,,,,,,,,,,1,1,2,1,3
200600030426,0006-06-18 12:45:00,6,6,18,12,45,490,375,,47.179,-1.045,Plein jour,Hors agglomération,Hors intersection,Normale,Deux véhicules - côté,,,,,,,,,,,1,1,1,1,3
200600030427,0006-06-03 17:00:00,6,6,3,17,0,490,264,,,,Plein jour,Hors agglomération,Hors intersection,Normale,Deux véhicules - frontale,,,,,,,,,,,1,1,1,1,1
200600030428,0006-06-08 14:45:00,6,6,8,14,45,490,27,,,,Plein jour,Hors agglomération,Hors intersection,Normale,Trois véhicules et plus - en chaîne,,,,,,,,,,,1,1,1,1,4
200600030429,0006-06-12 14:15:00,6,6,12,14,15,490,355,,47.155,-0.828,Plein jour,Hors agglomération,Hors intersection,Normale,Deux véhicules - frontale,,,,,,,,,,,1,1,1,1,1
200600030430,0006-06-18 16:00:00,6,6,18,16,0,490,285,"""le petit lapin""",,,Plein jour,Hors agglomération,Hors intersection,Normale,Sans collision,,,,,,,,,,,1,1,1,1,7
200600030431,0006-06-23 17:00:00,6,6,23,17,0,490,260,L'Armandiere,,,Plein jour,Hors agglomération,Hors intersection,Normale,Deux véhicules - arrière,,,,,,,,,,,1,1,1,1,2
200600030432,0006-06-26 19:00:00,6,6,26,19,0,490,179,,,,Plein jour,Hors agglomération,Hors intersection,Normale,Deux véhicules - côté,,,,,,,,,,,1,1,1,1,3
200600030433,0006-06-27 16:45:00,6,6,27,16,45,490,332,RUE DES AMOURETTES,,,Plein jour,En agglomération,Intersection en X,Normale,Deux véhicules - côté,,,,,,,,,,,1,2,2,1,3
200600030434,0006-06-02 08:15:00,6,6,2,8,15,490,40,,,,Plein jour,Hors agglomération,Hors intersection,Normale,Deux véhicules - côté,,,,,,,,,,,1,1,1,1,3
200600030435,0006-06-04 12:30:00,6,6,4,12,30,490,40,,,,Plein jour,Hors agglomération,Intersection en X,Normale,Deux véhicules - côté,,,,,,,,,,,1,1,2,1,3
200600030436,0006-06-26 10:15:00,6,6,26,10,15,490,177,rue rabelais,,,Plein jour,En agglomération,Autre intersection,Normale,Autre collision,,,,,,,,,,,1,2,9,1,6
200600030437,0006-06-30 17:15:00,6,6,30,17,15,490,175,,,,Plein jour,Hors agglomération,Hors intersection,Normale,Trois véhicules et plus - en chaîne,,,,,,,,,,,1,1,1,1,4
200600030438,0006-06-07 15:15:00,6,6,7,15,15,490,121,,,,Plein jour,Hors agglomération,Hors intersection,Normale,Deux véhicules - frontale,,,,,,,,,,,1,1,1,1,1
200600030439,0006-06-07 11:45:00,6,6,7,11,45,490,2,Rue Albert Pottier,47.296,0.027,Plein jour,En agglomération,Intersection en X,Normale,Deux véhicules - côté,,,,,,,,,,,1,2,2,1,3
200600030440,0006-06-12 08:00:00,6,6,12,8,0,490,180,,47.378,-0.137,Plein jour,Hors agglomération,Hors intersection,Temps éblouissant,Deux véhicules - arrière,,,,,,,,,,,1,1,1,7,2
200600030441,0006-06-12 16:30:00,6,6,12,16,30,490,180,,47.402,-0.135,Plein jour,Hors agglomération,Hors intersection,Normale,Deux véhicules - côté,,,,,,,,,,,1,1,1,1,3
200600030442,0006-06-19 09:15:00,6,6,19,9,15,490,374,impasse des barraudière,47.257,-0.029,Plein jour,En agglomération,Hors intersection,Normale,Deux véhicules - frontale,,,,,,,,,,,1,2,1,1,1
200600030443,0006-06-25 10:45:00,6,6,25,10,45,490,378,,47.307,-0.036,Plein jour,Hors agglomération,Hors intersection,Pluie légère,Deux véhicules - frontale,,,,,,,,,,,1,1,1,2,1
200600030444,0006-06-14 13:30:00,6,6,14,13,30,490,53,,,,Plein jour,Hors agglomération,Hors intersection,Normale,Trois véhicules et plus - collisions multiples,,,,,,,,,,,1,1,1,1,5
200600030445,0006-06-11 08:45:00,6,6,11,8,45,490,8,,47.585,-0.925,Plein jour,Hors agglomération,Hors intersection,Normale,Autre collision,,,,,,,,,,,1,1,1,1,6
200600030446,0006-06-17 03:30:00,6,6,17,3,30,490,331,Place de la République,,,Nuit avec éclairage allumé,En agglomération,Giratoire,Normale,Deux véhicules - frontale,,,,,,,,,,,5,2,6,1,1
200600030447,0006-06-25 20:30:00,6,6,25,20,30,490,305,La Chataigneraie,,,Plein jour,Hors agglomération,Hors intersection,Normale,Sans collision,,,,,,,,,,,1,1,1,1,7
200600030448,0006-06-13 21:45:00,6,6,13,21,45,490,294,10 Rue des carrières,47.487,-0.678,Crépuscule ou aube,En agglomération,Hors intersection,Normale,Deux véhicules - frontale,,,,,,,,,,,2,2,1,1,1
200600030449,0006-06-18 03:45:00,6,6,18,3,45,490,176,,47.652,-0.784,Nuit sans éclairage public,Hors agglomération,Hors intersection,Normale,Autre collision,,,,,,,,,,,3,1,1,1,6
200600030450,0006-06-22 10:30:00,6,6,22,10,30,490,367,rue du Commerce,,,Plein jour,En agglomération,Intersection en X,Normale,Deux véhicules - côté,,,,,,,,,,,1,2,2,1,3
200600030451,0006-06-09 09:45:00,6,6,9,9,45,490,170,,47.668,-0.5,Plein jour,Hors agglomération,Hors intersection,Normale,Deux véhicules - arrière,,,,,,,,,,,1,1,1,1,2
200600030452,0006-06-17 15:30:00,6,6,17,15,30,490,48,114 route de TIERCE,,,Plein jour,En agglomération,Hors intersection,Normale,Deux véhicules - frontale,,,,,,,,,,,1,2,1,1,1
200600030453,0006-06-25 09:45:00,6,6,25,9,45,490,170,,47.665,-0.52,Plein jour,Hors agglomération,Hors intersection,Pluie légère,Sans collision,,,,,,,,,,,1,1,1,2,7
200600030454,0006-06-24 05:30:00,6,6,24,5,30,530,26,,,,Crépuscule ou aube,Hors agglomération,Hors intersection,Normale,Sans collision,,,,,,,,,,,2,1,1,1,7
200600030455,0006-06-04 01:15:00,6,6,4,1,15,530,89,RUE DU PONT,47.755,-0.639,Nuit avec éclairage allumé,En agglomération,Hors intersection,Normale,Autre collision,,,,,,,,,,,5,2,1,1,6
200600030456,0006-06-07 09:15:00,6,6,7,9,15,530,46,,,,Plein jour,Hors agglomération,Hors intersection,Normale,Autre collision,,,,,,,,,,,1,1,1,1,6
200600030457,0006-06-28 07:45:00,6,6,28,7,45,530,136,,,,Plein jour,Hors agglomération,Hors intersection,Normale,Deux véhicules - frontale,,,,,,,,,,,1,1,1,1,1
200600030458,0006-06-12 17:30:00,6,6,12,17,30,530,35,,,,Plein jour,Hors agglomération,Hors intersection,Normale,Deux véhicules - frontale,,,,,,,,,,,1,1,1,1,1
200600030459,0006-06-13 08:00:00,6,6,13,8,0,530,147,RUE COLBERT,48.3,-0.6,Plein jour,En agglomération,Hors intersection,Normale,Deux véhicules - côté,,,,,,,,,,,1,2,1,1,3
200600030460,0006-06-19 20:45:00,6,6,19,20,45,530,147,,,,Plein jour,Hors agglomération,Intersection à plus de 4 branches,Normale,Deux véhicules - côté,,,,,,,,,,,1,1,5,1,3
200600030461,0006-06-24 17:00:00,6,6,24,17,0,530,16,RD 20,,,Plein jour,En agglomération,Autre intersection,Normale,Deux véhicules - côté,,,,,,,,,,,1,2,9,1,3
200600030462,0006-06-25 17:30:00,6,6,25,17,30,530,113,"""La Duchetière""",,,Plein jour,Hors agglomération,Hors intersection,Pluie légère,Deux véhicules - côté,,,,,,,,,,,1,1,1,2,3
200600030463,0006-06-04 05:15:00,6,6,4,5,15,530,269,,,,Nuit sans éclairage public,Hors agglomération,Hors intersection,Normale,Deux véhicules - arrière,,,,,,,,,,,3,1,1,1,2
200600030464,0006-06-20 17:45:00,6,6,20,17,45,530,202,1 rue du Bocage,,,Plein jour,En agglomération,Hors intersection,Normale,Deux véhicules - côté,,,,,,,,,,,1,2,1,1,3
200600030465,0006-06-07 20:45:00,6,6,7,20,45,530,160,,48.39,-0.515,Plein jour,Hors agglomération,Hors intersection,Normale,Sans collision,,,,,,,,,,,1,1,1,1,7
200600030466,0006-06-17 02:30:00,6,6,17,2,30,530,55,La hamelinière,48.42,-0.556,Nuit sans éclairage public,En agglomération,Hors intersection,Normale,Sans collision,,,,,,,,,,,3,2,1,1,7
200600030467,0006-06-07 18:55:00,6,6,7,18,55,530,196,Route de JAVRON CD3,,,Plein jour,En agglomération,Hors intersection,Normale,Autre collision,,,,,,,,,,,1,2,1,1,6
200600030468,0006-06-01 08:00:00,6,6,1,8,0,720,213,Rue des Pins,47.914,0.248,Plein jour,En agglomération,Hors intersection,Normale,Deux véhicules - côté,,,,,,,,,,,1,2,1,1,3
200600030469,0006-06-08 18:45:00,6,6,8,18,45,720,260,"lieu-dit ""La Chesnaie""",,,Plein jour,Hors agglomération,Hors intersection,Normale,Autre collision,,,,,,,,,,,1,1,1,1,6
200600030470,0006-06-19 13:45:00,6,6,19,13,45,720,58,D152 LE BOIS DU VERGER,,,Plein jour,Hors agglomération,Hors intersection,Normale,Deux véhicules - côté,,,,,,,,,,,1,1,1,1,3
200600030471,0006-06-26 08:30:00,6,6,26,8,30,720,260,Route de PARIGNE L EVEQU,,,Plein jour,En agglomération,Hors intersection,Temps éblouissant,Autre collision,,,,,,,,,,,1,2,1,7,6
200600030472,0006-06-18 20:15:00,6,6,18,20,15,720,181,Patte d'oie d'ALLONNES,47.982,0.175,Plein jour,Hors agglomération,Giratoire,Normale,Deux véhicules - frontale,,,,,,,,,,,1,1,6,1,1
200600030473,0006-06-15 16:15:00,6,6,15,16,15,720,269,Avenue du Docteur Leroy,,,Plein jour,En agglomération,Hors intersection,Normale,Deux véhicules - côté,,,,,,,,,,,1,2,1,1,3
200600030474,0006-06-24 11:15:00,6,6,24,11,15,720,373,,48.06,0.76,Plein jour,Hors agglomération,Hors intersection,Normale,Sans collision,,,,,,,,,,,1,1,1,1,7