accident_id,datetime,annee,mois,jour,heure,minute,departement,commune_insee,adresse,latitude,longitude,luminosite,agglomeration,intersection,meteo,collision,nb_vehicules,nb_usagers,nb_indemnes,nb_tues,nb_blesses_hosp,nb_blesses_legers,age_cond_1,age_cond_2,veh_type_cond_1,veh_type_cond_2,lum_code,agg_code,int_code,atm_code,col_code
200600030614,0006-06-23 16:45:00,6,6,23,16,45,240,551,,,,Plein jour,Hors agglomération,Hors intersection,Normale,Autre collision,,,,,,,,,,,1,1,1,1,6
200600030615,0006-06-11 09:15:00,6,6,11,9,15,240,352,Rue du 26 mars,,,Plein jour,En agglomération,Hors intersection,Normale,Autre collision,,,,,,,,,,,1,2,1,1,6
200600030616,0006-06-23 18:45:00,6,6,23,18,45,240,409,La Feuillade,45.051,0.368,Plein jour,Hors agglomération,Hors intersection,Normale,Trois véhicules et plus - collisions multiples,,,,,,,,,,,1,1,1,1,5
200600030617,0006-06-25 18:00:00,6,6,25,18,0,240,354,,45.138,-0.016,Plein jour,Hors agglomération,Hors intersection,Normale,Sans collision,,,,,,,,,,,1,1,1,1,7
200600030618,0006-06-17 11:15:00,6,6,17,11,15,240,355,,44.813,1.206,Plein jour,Hors agglomération,Hors intersection,Normale,Deux véhicules - frontale,,,,,,,,,,,1,1,1,1,1
200600030619,0006-06-30 14:15:00,6,6,30,14,15,240,520,,,,Plein jour,Hors agglomération,Hors intersection,Normale,Deux véhicules - frontale,,,,,,,,,,,1,1,1,1,1
200600030620,0006-06-02 19:05:00,6,6,2,19,5,240,91,"""La Traverse""",,,Plein jour,Hors agglomération,Hors intersection,Normale,Deux véhicules - frontale,,,,,,,,,,,1,1,1,1,1
200600030621,0006-06-15 19:00:00,6,6,15,19,0,240,438,,44.758,1.109,Plein jour,Hors agglomération,Hors intersection,Normale,Trois véhicules et plus - collisions multiples,,,,,,,,,,,1,1,1,1,5
200600030622,0006-06-21 22:15:00,6,6,21,22,15,240,585,PLACE DE LA HALLE,44.631,1.088,Nuit avec éclairage allumé,En agglomération,Place,Normale,Autre collision,,,,,,,,,,,5,2,7,1,6
200600030623,0006-06-22 08:01:00,6,6,22,8,1,240,207,PONT BOURG GROLEJAC,,,Plein jour,Hors agglomération,Autre intersection,Normale,Deux véhicules - arrière,,,,,,,,,,,1,1,9,1,2
200600030624,0006-06-06 18:00:00,6,6,6,18,0,240,396,Le Bourg,,,Plein jour,En agglomération,Hors intersection,Normale,Deux véhicules - côté,,,,,,,,,,,1,2,1,1,3
200600030625,0006-06-07 23:00:00,6,6,7,23,0,240,36,,44.84,1.047,Nuit sans éclairage public,Hors agglomération,Hors intersection,Normale,Autre collision,,,,,,,,,,,3,1,1,1,6
200600030626,0006-06-06 08:30:00,6,6,6,8,30,240,321,D6089 lieu dit DEAUDEVIE,,,Plein jour,Hors agglomération,Hors intersection,Normale,Deux véhicules - frontale,,,,,,,,,,,1,1,1,1,1
200600030627,0006-06-18 17:30:00,6,6,18,17,30,400,122,,43.855,-0.522,Nuit sans éclairage public,Hors agglomération,Hors intersection,Normale,Deux véhicules - frontale,,,,,,,,,,,3,1,1,1,1
200600030628,0006-06-18 14:00:00,6,6,18,14,0,400,164,,44.087,-0.311,Plein jour,Hors agglomération,Hors intersection,Normale,Sans collision,,,,,,,,,,,1,1,1,1,7
200600030629,0006-06-24 14:40:00,6,6,24,14,40,400,164,CD932,44.144,-0.288,Plein jour,Hors agglomération,Hors intersection,Normale,Autre collision,,,,,,,,,,,1,1,1,1,6
200600030630,0006-06-02 12:15:00,6,6,2,12,15,400,313,20 cours St Jacques,,,Plein jour,En agglomération,Hors intersection,Normale,Autre collision,,,,,,,,,,,1,2,1,1,6
200600030631,0006-06-08 19:45:00,6,6,8,19,45,400,67,,,,Plein jour,Hors agglomération,Hors intersection,Normale,Deux véhicules - côté,,,,,,,,,,,1,1,1,1,3
200600030632,0006-06-14 19:30:00,6,6,14,19,30,400,313,ROUTE DE LA FONTAINE,,,Plein jour,En agglomération,Hors intersection,Normale,Deux véhicules - frontale,,,,,,,,,,,1,2,1,1,1
200600030633,0006-06-24 04:30:00,6,6,24,4,30,400,334,Rte de Montfort,43.713,-1.008,Nuit avec éclairage allumé,Hors agglomération,Hors intersection,Normale,Autre collision,,,,,,,,,,,5,1,1,1,6
200600030634,0006-06-26 21:45:00,6,6,26,21,45,400,202,Rue Alphonse Daudet,,,Nuit avec éclairage allumé,En agglomération,Hors intersection,Pluie légère,Autre collision,,,,,,,,,,,5,2,1,2,6
200600030635,0006-06-08 16:00:00,6,6,8,16,0,400,157,Avenue du marensin,44.034,-1.259,Plein jour,En agglomération,Hors intersection,Temps éblouissant,Trois véhicules et plus - en chaîne,,,,,,,,,,,1,2,1,7,4
200600030636,0006-06-11 17:30:00,6,6,11,17,30,400,326,,43.955,-1.345,Plein jour,Hors agglomération,Hors intersection,Normale,Autre collision,,,,,,,,,,,1,1,1,1,6
200600030637,0006-06-15 20:00:00,6,6,15,20,0,400,235,route de Nousse,,,Plein jour,Hors agglomération,Hors intersection,Normale,Sans collision,,,,,,,,,,,1,1,1,1,7
200600030638,0006-06-04 10:15:00,6,6,4,10,15,400,224,rue de l'arriou,43.553,-1.108,Plein jour,En agglomération,Hors intersection,Normale,Deux véhicules - frontale,,,,,,,,,,,1,2,1,1,1
200600030639,0006-06-08 11:45:00,6,6,8,11,45,400,132,,43.568,-1.002,Plein jour,Hors agglomération,Hors intersection,Normale,Sans collision,,,,,,,,,,,1,1,1,1,7
200600030640,0006-06-16 10:05:00,6,6,16,10,5,400,209,Quatier LESBACHE,,,Plein jour,En agglomération,Hors intersection,Pluie légère,Deux véhicules - côté,,,,,,,,,,,1,2,1,2,3
200600030641,0006-06-17 15:00:00,6,6,17,15,0,400,312,RUE LENINE,,,Plein jour,En agglomération,Hors intersection,Normale,Deux véhicules - arrière,,,,,,,,,,,1,2,1,1,2
200600030642,0006-06-04 11:30:00,6,6,4,11,30,400,46,,,,Plein jour,Hors agglomération,Hors intersection,Normale,Trois véhicules et plus - collisions multiples,,,,,,,,,,,1,1,1,1,5
200600030643,0006-06-09 23:45:00,6,6,9,23,45,400,920,BOULEVARD D ARCACHON,,,Nuit avec éclairage allumé,En agglomération,Hors intersection,Normale,Deux véhicules - côté,,,,,,,,,,,5,2,1,1,3
200600030644,0006-06-06 08:30:00,6,6,6,8,30,400,167,CD651,,,Plein jour,Hors agglomération,Hors intersection,Normale,Deux véhicules - frontale,,,,,,,,,,,1,1,1,1,1
200600030645,0006-06-07 15:00:00,6,6,7,15,0,400,184,CD  329-,,,Plein jour,En agglomération,Hors intersection,Normale,Autre collision,,,,,,,,,,,1,2,1,1,6
200600030646,0006-06-20 10:30:00,6,6,20,10,30,400,282,,,,Plein jour,Hors agglomération,Intersection en X,Temps couvert,Deux véhicules - frontale,,,,,,,,,,,1,1,2,8,1
200600030647,0006-06-02 22:00:00,6,6,2,22,0,470,31,Rue Jean Jaurès,,,Nuit sans éclairage public,En agglomération,Hors intersection,Normale,Autre collision,,,,,,,,,,,3,2,1,1,6
200600030648,0006-06-07 13:55:00,6,6,7,13,55,470,209,Rue Charles De Gaulle,,,Plein jour,En agglomération,Intersection en X,Normale,Trois véhicules et plus - collisions multiples,,,,,,,,,,,1,2,2,1,5
200600030649,0006-06-09 20:20:00,6,6,9,20,20,470,60,"L-dt ""CAPURRAT""",,,Plein jour,Hors agglomération,Autre intersection,Normale,Sans collision,,,,,,,,,,,1,1,9,1,7
200600030650,0006-06-10 14:00:00,6,6,10,14,0,470,31,RN113,,,Plein jour,En agglomération,Autre intersection,Normale,Autre collision,,,,,,,,,,,1,2,9,1,6
200600030651,0006-06-24 10:25:00,6,6,24,10,25,470,15,lieu dit Lauzin,,,Plein jour,Hors agglomération,Hors intersection,Normale,Deux véhicules - frontale,,,,,,,,,,,1,1,1,1,1
200600030652,0006-06-25 10:00:00,6,6,25,10,0,470,145,30 bis avenue Massenet,,,Plein jour,En agglomération,Hors intersection,Normale,Deux véhicules - arrière,,,,,,,,,,,1,2,1,1,2
200600030653,0006-06-30 14:15:00,6,6,30,14,15,470,15,,,,Plein jour,Hors agglomération,Hors intersection,Normale,Autre collision,,,,,,,,,,,1,1,1,1,6
200600030654,0006-06-30 20:15:00,6,6,30,20,15,470,69,,,,Plein jour,Hors agglomération,Hors intersection,Normale,Deux véhicules - côté,,,,,,,,,,,1,1,1,1,3
200600030655,0006-06-11 12:30:00,6,6,11,12,30,470,4,,44.284,0.337,Plein jour,Hors agglomération,Hors intersection,Normale,Deux véhicules - frontale,,,,,,,,,,,1,1,1,1,1
200600030656,0006-06-19 08:30:00,6,6,19,8,30,470,190,,,,Plein jour,Hors agglomération,Hors intersection,Normale,Autre collision,,,,,,,,,,,1,1,1,1,6
200600030657,0006-06-27 14:45:00,6,6,27,14,45,470,190,,44.346,0.526,Plein jour,Hors agglomération,Hors intersection,Normale,Autre collision,,,,,,,,,,,1,1,1,1,6
200600030658,0006-06-06 22:00:00,6,6,6,22,0,470,25,Lieu dit Pracol,,,Nuit sans éclairage public,Hors agglomération,Hors intersection,Normale,Autre collision,,,,,,,,,,,3,1,1,1,6
200600030659,0006-06-13 19:30:00,6,6,13,19,30,470,165,,44.509,0.078,Plein jour,Hors agglomération,Hors intersection,Normale,Autre collision,,,,,,,,,,,1,1,1,1,6
200600030660,0006-06-18 00:45:00,6,6,18,0,45,470,10,,44.352,0.002,Nuit sans éclairage public,Hors agglomération,Hors intersection,Temps couvert,Sans collision,,,,,,,,,,,3,1,1,8,7
200600030661,0006-06-26 18:45:00,6,6,26,18,45,470,233,RN 113,44.534,0.096,Plein jour,En agglomération,Hors intersection,Normale,Autre collision,,,,,,,,,,,1,2,1,1,6
200600030662,0006-06-21 21:30:00,6,6,21,21,30,470,168,Grand Croix,44.592,0.344,Crépuscule ou aube,Hors agglomération,Hors intersection,Normale,Deux véhicules - arrière,,,,,,,,,,,2,1,1,1,2
200600030663,0006-06-03 20:50:00,6,6,3,20,50,470,310,,,,Plein jour,En agglomération,Intersection en T,Normale,Deux véhicules - côté,,,,,,,,,,,1,2,3,1,3
200600030664,0006-06-24 23:40:00,6,6,24,23,40,470,316,"20, Face au Bar du Stade",,,Nuit avec éclairage allumé,En agglomération,Hors intersection,Pluie forte,Autre collision,,,,,,,,,,,5,2,1,3,6
200600030665,0006-06-03 16:30:00,6,6,3,16,30,470,203,,,,Plein jour,Hors agglomération,Hors intersection,Normale,Deux véhicules - arrière,,,,,,,,,,,1,1,1,1,2
200600030666,0006-06-11 13:00:00,6,6,11,13,0,470,175,,44.515,0.754,Plein jour,Hors agglomération,Hors intersection,Normale,Deux véhicules - frontale,,,,,,,,,,,1,1,1,1,1
200600030667,0006-06-09 13:30:00,6,6,9,13,30,470,324,cote de St Michel,,,Plein jour,En agglomération,Hors intersection,Normale,Sans collision,,,,,,,,,,,1,2,1,1,7
200600030668,0006-06-29 14:45:00,6,6,29,14,45,470,241,,,,Plein jour,Hors agglomération,Hors intersection,Normale,Deux véhicules - côté,,,,,,,,,,,1,1,1,1,3
200600030669,0006-06-16 06:45:00,6,6,16,6,45,640,230,,,,Plein jour,Hors agglomération,Hors intersection,Normale,Deux véhicules - frontale,,,,,,,,,,,1,1,1,1,1
200600030670,0006-06-18 01:30:00,6,6,18,1,30,640,230,avenue Henri IV,,,Nuit sans éclairage public,En agglomération,Hors intersection,Normale,Sans collision,,,,,,,,,,,3,2,1,1,7
200600030671,0006-06-29 14:30:00,6,6,29,14,30,640,230,34  Côteaux de guindalos,,,Plein jour,Hors agglomération,Hors intersection,Normale,Autre collision,,,,,,,,,,,1,1,1,1,6
200600030672,0006-06-11 06:30:00,6,6,11,6,30,640,80,RN 117,,,Plein jour,Hors agglomération,Hors intersection,Normale,Deux véhicules - arrière,,,,,,,,,,,1,1,1,1,2
200600030673,0006-06-17 06:00:00,6,6,17,6,0,640,238,RN 117,,,Nuit sans éclairage public,Hors agglomération,Hors intersection,Normale,Sans collision,,,,,,,,,,,3,1,1,1,7
200600030674,0006-06-04 21:15:00,6,6,4,21,15,640,191,chemin de Lanot,,,Crépuscule ou aube,En agglomération,Hors intersection,Normale,Autre collision,,,,,,,,,,,2,2,1,1,6
200600030675,0006-06-13 11:15:00,6,6,13,11,15,640,453,Rue du Maréchal Foch,,,Plein jour,En agglomération,Hors intersection,Temps éblouissant,Deux véhicules - frontale,,,,,,,,,,,1,2,1,7,1
200600030676,0006-06-11 06:30:00,6,6,11,6,30,640,308,,,,Plein jour,Hors agglomération,Hors intersection,Normale,Deux véhicules - frontale,,,,,,,,,,,1,1,1,1,1
200600030677,0006-06-01 12:45:00,6,6,1,12,45,640,540,,43.505,-1.324,Plein jour,Hors agglomération,Hors intersection,Normale,Deux véhicules - arrière,,,,,,,,,,,1,1,1,1,2
200600030678,0006-06-21 17:30:00,6,6,21,17,30,640,407,CD261,,,Plein jour,En agglomération,Intersection en X,Normale,Deux véhicules - frontale,,,,,,,,,,,1,2,2,1,1
200600030679,0006-06-08 15:00:00,6,6,8,15,0,640,504,306 sens SARE/LIZARRIETA,,,Plein jour,Hors agglomération,Hors intersection,Normale,Sans collision,,,,,,,,,,,1,1,1,1,7
200600030680,0006-06-06 12:30:00,6,6,6,12,30,640,547,place du fronton,43.419,-1.467,Plein jour,En agglomération,Hors intersection,Normale,Autre collision,,,,,,,,,,,1,2,1,1,6
200600030681,0006-06-19 15:45:00,6,6,19,15,45,640,317,CD 20,,,Plein jour,En agglomération,Hors intersection,Normale,Sans collision,,,,,,,,,,,1,2,1,1,7
200600030682,0006-06-05 08:15:00,6,6,5,8,15,640,484,Route d'Harrieta - Pont,,,Plein jour,En agglomération,Hors intersection,Normale,Deux véhicules - frontale,,,,,,,,,,,1,2,1,1,1
200600030683,0006-06-06 15:45:00,6,6,6,15,45,640,124,,43.302,-1.349,Plein jour,Hors agglomération,Hors intersection,Normale,Deux véhicules - côté,,,,,,,,,,,1,1,1,1,3
200600030684,0006-06-14 19:55:00,6,6,14,19,55,640,409,RC9,,,Plein jour,Hors agglomération,Hors intersection,Normale,Autre collision,,,,,,,,,,,1,1,1,1,6
200600030685,0006-06-26 23:15:00,6,6,26,23,15,640,5,,43.366,-0.571,Nuit sans éclairage public,Hors agglomération,Hors intersection,Normale,Autre collision,,,,,,,,,,,3,1,1,1,6
200600030686,0006-06-16 01:45:00,6,6,16,1,45,640,501,,43.52,-0.724,Nuit sans éclairage public,Hors agglomération,Hors intersection,Normale,Sans collision,,,,,,,,,,,3,1,1,1,7
200600030687,0006-06-11 10:30:00,6,6,11,10,30,640,403,"Lieu dit ""Campagne""",,,Plein jour,Hors agglomération,Hors intersection,Normale,Sans collision,,,,,,,,,,,1,1,1,1,7
200600030688,0006-06-18 20:15:00,6,6,18,20,15,640,462,,43.527,-0.897,Plein jour,Hors agglomération,Hors intersection,Normale,Autre collision,,,,,,,,,,,1,1,1,1,6
200600030689,0006-06-12 13:55:00,6,6,12,13,55,860,95,our RD15 et voie romaine,,,Plein jour,Hors agglomération,Hors intersection,Normale,Deux véhicules - frontale,,,,,,,,,,,1,1,1,1,1
200600030690,0006-06-17 00:01:00,6,6,17,0,1,860,62,,,,Nuit avec éclairage non allumé,Hors agglomération,Hors intersection,Temps couvert,Autre collision,,,,,,,,,,,4,1,1,8,6
200600030691,0006-06-02 15:45:00,6,6,2,15,45,860,82,AVENUE DE PARIS,,,Plein jour,En agglomération,Hors intersection,Normale,Deux véhicules - côté,,,,,,,,,,,1,2,1,1,3
200600030692,0006-06-03 19:00:00,6,6,3,19,0,860,39,"Lieu-dit ""Le faudret""",,,Plein jour,Hors agglomération,Hors intersection,Normale,Sans collision,,,,,,,,,,,1,1,1,1,7
200600030693,0006-06-22 17:30:00,6,6,22,17,30,860,82,,,,Plein jour,Hors agglomération,Hors intersection,Normale,Sans collision,,,,,,,,,,,1,1,1,1,7
200600030694,0006-06-11 19:45:00,6,6,11,19,45,860,121,Avenue de la Plaine,,,Plein jour,En agglomération,Hors intersection,Normale,Deux véhicules - frontale,,,,,,,,,,,1,2,1,1,1
200600030695,0006-06-13 19:30:00,6,6,13,19,30,860,180,,,,Plein jour,Hors agglomération,Intersection en X,Normale,Deux véhicules - côté,,,,,,,,,,,1,1,2,1,3
200600030696,0006-06-17 04:45:00,6,6,17,4,45,860,137,31 BD DU 11 NOVEMBRE,47.016,0.074,Nuit sans éclairage public,En agglomération,Hors intersection,Normale,Sans collision,,,,,,,,,,,3,2,1,1,7
200600030697,0006-06-17 06:45:00,6,6,17,6,45,860,49,,46.988,0.095,Crépuscule ou aube,En agglomération,Hors intersection,Normale,Deux véhicules - côté,,,,,,,,,,,2,2,1,1,3
200600030698,0006-06-09 18:45:00,6,6,9,18,45,860,298,,46.715,0.445,Plein jour,Hors agglomération,Hors intersection,Normale,Sans collision,,,,,,,,,,,1,1,1,1,7
200600030699,0006-06-23 16:00:00,6,6,23,16,0,860,14,la tour d'oyré,,,Plein jour,En agglomération,Hors intersection,Normale,Deux véhicules - frontale,,,,,,,,,,,1,2,1,1,1
200600030700,0006-06-09 11:15:00,6,6,9,11,15,860,154,,,,Plein jour,Hors agglomération,Intersection en X,Normale,Deux véhicules - frontale,,,,,,,,,,,1,1,2,1,1
200600030701,0006-06-10 10:00:00,6,6,10,10,0,860,70,Rue de POITIERS,46.573,0.631,Plein jour,En agglomération,Hors intersection,Normale,Deux véhicules - côté,,,,,,,,,,,1,2,1,1,3
200600030702,0006-06-17 15:00:00,6,6,17,15,0,860,152,,46.178,0.525,Plein jour,Hors agglomération,Hors intersection,Normale,Deux véhicules - frontale,,,,,,,,,,,1,1,1,1,1
200600030703,0006-06-10 14:10:00,6,6,10,14,10,160,125,chez Francais,,,Plein jour,Hors agglomération,Intersection en X,Normale,Deux véhicules - côté,,,,,,,,,,,1,1,2,1,3
200600030704,0006-06-25 19:30:00,6,6,25,19,30,160,101,Sur les rocs,,,Plein jour,En agglomération,Hors intersection,Normale,Autre collision,,,,,,,,,,,1,2,1,1,6
200600030705,0006-06-10 20:30:00,6,6,10,20,30,160,330,route basse de SAINTES,45.69,-0.401,Plein jour,Hors agglomération,Hors intersection,Normale,Sans collision,,,,,,,,,,,1,1,1,1,7
200600030706,0006-06-07 14:00:00,6,6,7,14,0,160,276,RN10,,,Plein jour,Hors agglomération,Hors intersection,Normale,Deux véhicules - arrière,,,,,,,,,,,1,1,1,1,2
200600030707,0006-06-10 02:15:00,6,6,10,2,15,160,132,,,,Nuit sans éclairage public,Hors agglomération,Hors intersection,Normale,Deux véhicules - frontale,,,,,,,,,,,3,1,1,1,1
200600030708,0006-06-02 07:15:00,6,6,2,7,15,160,329,,,,Plein jour,Hors agglomération,Hors intersection,Normale,Deux véhicules - frontale,,,,,,,,,,,1,1,1,1,1
200600030709,0006-06-10 20:15:00,6,6,10,20,15,160,183,,,,Plein jour,Hors agglomération,Hors intersection,Normale,Autre collision,,,,,,,,,,,1,1,1,1,6
200600030710,0006-06-17 01:15:00,6,6,17,1,15,160,289,,,,Nuit sans éclairage public,Hors agglomération,Hors intersection,Normale,Autre collision,,,,,,,,,,,3,1,1,1,6
200600030711,0006-06-02 02:30:00,6,6,2,2,30,160,292,ROUTE D'AIGRE,46.028,0.196,Nuit avec éclairage allumé,En agglomération,Hors intersection,Normale,Autre collision,,,,,,,,,,,5,2,1,1,6
200600030712,0006-06-11 18:30:00,6,6,11,18,30,160,335,,46.071,0.156,Plein jour,Hors agglomération,Hors intersection,Normale,Autre collision,,,,,,,,,,,1,1,1,1,6
200600030713,0006-06-18 16:30:00,6,6,18,16,30,160,104,,46.028,0.232,Plein jour,Hors agglomération,Hors intersection,Normale,Autre collision,,,,,,,,,,,1,1,1,1,6
200600030714,0006-06-09 17:10:00,6,6,9,17,10,160,281,12 Route de l'arbre,,,Plein jour,En agglomération,Hors intersection,Normale,Trois véhicules et plus - collisions multiples,,,,,,,,,,,1,2,1,1,5
200600030715,0006-06-23 19:30:00,6,6,23,19,30,160,411,"RD 739, rue de l'Eglise",,,Plein jour,En agglomération,Hors intersection,Normale,Deux véhicules - frontale,,,,,,,,,,,1,2,1,1,1
200600030716,0006-06-11 05:15:00,6,6,11,5,15,170,391,RD 108,,,Crépuscule ou aube,Hors agglomération,Autre intersection,Normale,Deux véhicules - frontale,,,,,,,,,,,2,1,9,1,1
200600030717,0006-06-20 11:45:00,6,6,20,11,45,170,10,ZAC LES FOURNEAUX,,,Plein jour,En agglomération,Intersection en Y,Normale,Deux véhicules - arrière,,,,,,,,,,,1,2,4,1,2
200600030718,0006-06-05 15:45:00,6,6,5,15,45,170,297,avenue des dunes,,,Plein jour,En agglomération,Hors intersection,Normale,Trois véhicules et plus - collisions multiples,,,,,,,,,,,1,2,1,1,5
200600030719,0006-06-14 17:15:00,6,6,14,17,15,170,197,Rue du château,45.448,-0.432,Plein jour,En agglomération,Hors intersection,Normale,Deux véhicules - côté,,,,,,,,,,,1,2,1,1,3
200600030720,0006-06-25 07:05:00,6,6,25,7,5,170,345,CD 699,,,Crépuscule ou aube,Hors agglomération,Hors intersection,Pluie légère,Autre collision,,,,,,,,,,,2,1,1,2,6
200600030721,0006-06-27 11:15:00,6,6,27,11,15,170,328,,,,Plein jour,Hors agglomération,Hors intersection,Normale,Autre collision,,,,,,,,,,,1,1,1,1,6
200600030722,0006-06-22 04:45:00,6,6,22,4,45,170,99,"lieu-dit ""chez le roi""",45.258,-0.3,Nuit sans éclairage public,Hors agglomération,Hors intersection,Normale,Autre collision,,,,,,,,,,,3,1,1,1,6
200600030723,0006-06-22 17:00:00,6,6,22,17,0,170,432,,45.305,-0.433,Plein jour,Hors agglomération,Hors intersection,Normale,Deux véhicules - frontale,,,,,,,,,,,1,1,1,1,1
200600030724,0006-06-24 03:45:00,6,6,24,3,45,170,38,,45.185,-0.324,Nuit sans éclairage public,Hors agglomération,Hors intersection,Normale,Autre collision,,,,,,,,,,,3,1,1,1,6
200600030725,0006-06-17 15:15:00,6,6,17,15,15,170,167,Lieu dit Nadeau,45.208,-0.148,Plein jour,Hors agglomération,Hors intersection,Normale,Autre collision,,,,,,,,,,,1,1,1,1,6
200600030726,0006-06-03 13:45:00,6,6,3,13,45,170,385,route des chateliers,,,Plein jour,Hors agglomération,Hors intersection,Normale,Deux véhicules - frontale,,,,,,,,,,,1,1,1,1,1
200600030727,0006-06-10 02:00:00,6,6,10,2,0,170,411,Boulevard Félix FAURE,,,Nuit avec éclairage non allumé,En agglomération,Hors intersection,Normale,Sans collision,,,,,,,,,,,4,2,1,1,7
200600030728,0006-06-11 05:00:00,6,6,11,5,0,170,337,,,,Nuit sans éclairage public,Hors agglomération,Hors intersection,Normale,Autre collision,,,,,,,,,,,3,1,1,1,6
200600030729,0006-06-20 01:15:00,6,6,20,1,15,170,385,LA COTINIERE,,,Nuit avec éclairage allumé,En agglomération,Hors intersection,Normale,Sans collision,,,,,,,,,,,5,2,1,1,7
200600030730,0006-06-17 17:45:00,6,6,17,17,45,170,79,,45.729,-1.077,Plein jour,Hors agglomération,Hors intersection,Normale,Deux véhicules - côté,,,,,,,,,,,1,1,1,1,3
200600030731,0006-06-17 21:15:00,6,6,17,21,15,170,75,Rue de la Vinsonnerie,45.924,-0.858,Nuit avec éclairage allumé,En agglomération,Hors intersection,Normale,Deux véhicules - frontale,,,,,,,,,,,5,2,1,1,1
200600030732,0006-06-13 12:30:00,6,6,13,12,30,170,3,,,,Plein jour,Hors agglomération,Hors intersection,Normale,Deux véhicules - côté,,,,,,,,,,,1,1,1,1,3
200600030733,0006-06-29 20:45:00,6,6,29,20,45,170,338,FORTENUZAY,,,Plein jour,En agglomération,Hors intersection,Normale,Autre collision,,,,,,,,,,,1,2,1,1,6
200600030734,0006-06-11 00:45:00,6,6,11,0,45,170,154,,,,Nuit sans éclairage public,Hors agglomération,Hors intersection,Normale,Sans collision,,,,,,,,,,,3,1,1,1,7
200600030735,0006-06-03 11:15:00,6,6,3,11,15,170,425,Les Chapelles,,,Plein jour,Hors agglomération,Hors intersection,Normale,Deux véhicules - frontale,,,,,,,,,,,1,1,1,1,1
200600030736,0006-06-15 08:30:00,6,6,15,8,30,170,131,"du lieu-dit ""Les Gorces""",45.571,-0.808,Plein jour,Hors agglomération,Autre intersection,Normale,Deux véhicules - frontale,,,,,,,,,,,1,1,9,1,1
200600030737,0006-06-22 00:15:00,6,6,22,0,15,170,248,,,,Nuit sans éclairage public,Hors agglomération,Hors intersection,Normale,Sans collision,,,,,,,,,,,3,1,1,1,7
200600030738,0006-06-16 12:20:00,6,6,16,12,20,170,347,Avenue général de gaulle,,,Plein jour,En agglomération,Intersection en T,Normale,Deux véhicules - côté,,,,,,,,,,,1,2,3,1,3
200600030739,0006-06-21 17:45:00,6,6,21,17,45,170,440,,,,Plein jour,Hors agglomération,Hors intersection,Normale,Deux véhicules - côté,,,,,,,,,,,1,1,1,1,3
200600030740,0006-06-02 17:30:00,6,6,2,17,30,170,37,cd226,45.888,-0.203,Plein jour,Hors agglomération,Hors intersection,Normale,Sans collision,,,,,,,,,,,1,1,1,1,7
200600030741,0006-06-07 16:00:00,6,6,7,16,0,170,224,,45.87,-0.319,Plein jour,En agglomération,Intersection en T,Normale,Deux véhicules - côté,,,,,,,,,,,1,2,3,1,3
200600030742,0006-06-11 11:40:00,6,6,11,11,40,790,249,Rte de Cherveux,,,Plein jour,En agglomération,Intersection en X,Normale,Deux véhicules - frontale,,,,,,,,,,,1,2,2,1,1
200600030743,0006-06-30 22:00:00,6,6,30,22,0,790,101,6 Place du château,46.487,-0.599,Plein jour,En agglomération,Place,Normale,Autre collision,,,,,,,,,,,1,2,7,1,6
200600030744,0006-06-08 08:00:00,6,6,8,8,0,790,78,,46.162,-0.501,Plein jour,Hors agglomération,Intersection en X,Normale,Deux véhicules - côté,,,,,,,,,,,1,1,2,1,3
200600030745,0006-06-11 23:20:00,6,6,11,23,20,790,62,- PK 11+300 Décroissant,,,Nuit sans éclairage public,Hors agglomération,Hors intersection,Normale,Trois véhicules et plus - collisions multiples,,,,,,,,,,,3,1,1,1,5
200600030746,0006-06-02 10:00:00,6,6,2,10,0,790,265,arrefour CD 37 et CD 172,,,Plein jour,Hors agglomération,Intersection en X,Normale,Autre collision,,,,,,,,,,,1,1,2,1,6
200600030747,0006-06-14 12:15:00,6,6,14,12,15,790,171,,,,Plein jour,Hors agglomération,Hors intersection,Temps éblouissant,Deux véhicules - côté,,,,,,,,,,,1,1,1,7,3
200600030748,0006-06-21 19:00:00,6,6,21,19,0,790,14,,,,Plein jour,Hors agglomération,Hors intersection,Normale,Sans collision,,,,,,,,,,,1,1,1,1,7
200600030749,0006-06-21 18:00:00,6,6,21,18,0,790,299,"rue de l'ébaupin, Boucoe",,,Plein jour,En agglomération,Hors intersection,Normale,Autre collision,,,,,,,,,,,1,2,1,1,6
200600030750,0006-06-17 18:30:00,6,6,17,18,30,790,264,,46.244,-0.105,Plein jour,Hors agglomération,Hors intersection,Normale,Deux véhicules - frontale,,,,,,,,,,,1,1,1,1,1
200600030751,0006-06-26 04:00:00,6,6,26,4,0,790,64,,46.199,-0.093,Nuit sans éclairage public,Hors agglomération,Hors intersection,Normale,Sans collision,,,,,,,,,,,3,1,1,1,7