accident_id,datetime,annee,mois,jour,heure,minute,departement,commune_insee,adresse,latitude,longitude,luminosite,agglomeration,intersection,meteo,collision,nb_vehicules,nb_usagers,nb_indemnes,nb_tues,nb_blesses_hosp,nb_blesses_legers,age_cond_1,age_cond_2,veh_type_cond_1,veh_type_cond_2,lum_code,agg_code,int_code,atm_code,col_code
200600030891,0006-06-12 07:10:00,6,6,12,7,10,690,286,60 avenue de l'europe,,,Plein jour,En agglomération,Hors intersection,Temps éblouissant,Autre collision,,,,,,,,,,,1,2,1,7,6
200600030892,0006-06-14 09:45:00,6,6,14,9,45,690,286,chemin du champ de lière,,,Plein jour,En agglomération,Hors intersection,Normale,Deux véhicules - arrière,,,,,,,,,,,1,2,1,1,2
200600030893,0006-06-23 19:20:00,6,6,23,19,20,690,286,2 place Alexandre Dumas,,,Plein jour,En agglomération,Place,Normale,Autre collision,,,,,,,,,,,1,2,7,1,6
200600030894,0006-06-16 11:15:00,6,6,16,11,15,690,204,rue Jules Guesdes,,,Plein jour,En agglomération,Hors intersection,Normale,Deux véhicules - frontale,,,,,,,,,,,1,2,1,1,1
200600030895,0006-06-03 16:00:00,6,6,3,16,0,690,299,3 rte de lyon,,,Plein jour,En agglomération,Intersection en X,Normale,Deux véhicules - frontale,,,,,,,,,,,1,2,2,1,1
200600030896,0006-06-12 07:15:00,6,6,12,7,15,690,283,boulevard VOS,,,Plein jour,En agglomération,Hors intersection,Normale,Deux véhicules - frontale,,,,,,,,,,,1,2,1,1,1
200600030897,0006-06-06 09:00:00,6,6,6,9,0,690,283,Avenue Bernard VOS,,,Plein jour,En agglomération,Hors intersection,Normale,Deux véhicules - côté,,,,,,,,,,,1,2,1,1,3
200600030898,0006-06-02 18:15:00,6,6,2,18,15,690,32,Lieu dit la Barotte,,,Plein jour,Hors agglomération,Hors intersection,Normale,Deux véhicules - côté,,,,,,,,,,,1,1,1,1,3
200600030899,0006-06-04 18:00:00,6,6,4,18,0,690,21,,,,Plein jour,Hors agglomération,Hors intersection,Normale,Trois véhicules et plus - collisions multiples,,,,,,,,,,,1,1,1,1,5
200600030900,0006-06-09 08:45:00,6,6,9,8,45,690,21,,,,Plein jour,Hors agglomération,Hors intersection,Normale,Deux véhicules - frontale,,,,,,,,,,,1,1,1,1,1
200600030901,0006-06-12 07:00:00,6,6,12,7,0,690,10,,,,Plein jour,Hors agglomération,Hors intersection,Normale,Deux véhicules - côté,,,,,,,,,,,1,1,1,1,3
200600030902,0006-06-21 09:15:00,6,6,21,9,15,690,86,,,,Plein jour,Hors agglomération,Hors intersection,Normale,Deux véhicules - côté,,,,,,,,,,,1,1,1,1,3
200600030903,0006-06-19 07:30:00,6,6,19,7,30,690,220,Avenue Gabriel FOUGEROUS,,,Plein jour,En agglomération,Hors intersection,Normale,Deux véhicules - frontale,,,,,,,,,,,1,2,1,1,1
200600030904,0006-06-28 10:30:00,6,6,28,10,30,690,31,Parking de la Poste,,,Plein jour,En agglomération,Autre intersection,Normale,Autre collision,,,,,,,,,,,1,2,9,1,6
200600030905,0006-06-03 04:30:00,6,6,3,4,30,690,249,Route de Rontalon,45.682,4.643,Nuit sans éclairage public,En agglomération,Hors intersection,Normale,Deux véhicules - frontale,,,,,,,,,,,3,2,1,1,1
200600030906,0006-06-04 10:45:00,6,6,4,10,45,690,269,CD 112,,,Plein jour,Hors agglomération,Hors intersection,Normale,Deux véhicules - arrière,,,,,,,,,,,1,1,1,1,2
200600030907,0006-06-07 07:40:00,6,6,7,7,40,690,28,montée du Clos,,,Plein jour,Hors agglomération,Hors intersection,Normale,Trois véhicules et plus - collisions multiples,,,,,,,,,,,1,1,1,1,5
200600030908,0006-06-29 20:20:00,6,6,29,20,20,690,255,ue des droits de l'homme,,,Plein jour,Hors agglomération,Hors intersection,Normale,Deux véhicules - frontale,,,,,,,,,,,1,1,1,1,1
200600030909,0006-06-15 21:00:00,6,6,15,21,0,690,295,rue des fontaines,,,Crépuscule ou aube,En agglomération,Hors intersection,Normale,Deux véhicules - côté,,,,,,,,,,,2,2,1,1,3
200600030910,0006-06-28 23:15:00,6,6,28,23,15,690,291,CD 149,,,Nuit avec éclairage allumé,En agglomération,Intersection en X,Normale,Deux véhicules - côté,,,,,,,,,,,5,2,2,1,3
200600030911,0006-06-27 16:00:00,6,6,27,16,0,690,272,rue du chateau d'eau,,,Plein jour,En agglomération,Hors intersection,Pluie forte,Sans collision,,,,,,,,,,,1,2,1,3,7
200600030912,0006-06-11 10:15:00,6,6,11,10,15,690,184,chemin du mollard,,,Plein jour,Hors agglomération,Hors intersection,Normale,Sans collision,,,,,,,,,,,1,1,1,1,7
200600030913,0006-06-20 08:45:00,6,6,20,8,45,690,219,CD30 - route de SOUCIEU,,,Plein jour,En agglomération,Giratoire,Normale,Autre collision,,,,,,,,,,,1,2,6,1,6
200600030914,0006-06-20 08:00:00,6,6,20,8,0,690,51,La Piasse,,,Plein jour,Hors agglomération,Hors intersection,Normale,Deux véhicules - côté,,,,,,,,,,,1,1,1,1,3
200600030915,0006-06-06 18:00:00,6,6,6,18,0,690,167,"lieu dit ""le pire""",,,Plein jour,Hors agglomération,Hors intersection,Normale,Autre collision,,,,,,,,,,,1,1,1,1,6
200600030916,0006-06-08 08:45:00,6,6,8,8,45,690,121,,,,Plein jour,Hors agglomération,Hors intersection,Normale,Deux véhicules - frontale,,,,,,,,,,,1,1,1,1,1
200600030917,0006-06-10 19:00:00,6,6,10,19,0,690,165,,46.136,4.659,Plein jour,Hors agglomération,Hors intersection,Temps éblouissant,Deux véhicules - frontale,,,,,,,,,,,1,1,1,7,1
200600030918,0006-06-24 07:30:00,6,6,24,7,30,690,209,,,,Plein jour,Hors agglomération,Intersection en X,Normale,Deux véhicules - côté,,,,,,,,,,,1,1,2,1,3
200600030919,0006-06-10 17:15:00,6,6,10,17,15,690,19,rue du 11 novembre,,,Plein jour,En agglomération,Hors intersection,Normale,Autre collision,,,,,,,,,,,1,2,1,1,6
200600030920,0006-06-12 16:15:00,6,6,12,16,15,690,206,,46.063,4.706,Plein jour,En agglomération,Hors intersection,Normale,Deux véhicules - côté,,,,,,,,,,,1,2,1,1,3
200600030921,0006-06-16 19:30:00,6,6,16,19,30,690,197,,46.067,4.652,Plein jour,Hors agglomération,Hors intersection,Pluie forte,Autre collision,,,,,,,,,,,1,1,1,3,6
200600030922,0006-06-29 14:30:00,6,6,29,14,30,690,19,rue de la République,46.113,4.751,Plein jour,En agglomération,Hors intersection,Normale,Deux véhicules - frontale,,,,,,,,,,,1,2,1,1,1
200600030923,0006-06-21 19:30:00,6,6,21,19,30,690,56,Les Mines,,,Crépuscule ou aube,Hors agglomération,Intersection en T,Autre,Deux véhicules - frontale,,,,,,,,,,,2,1,3,9,1
200600030924,0006-06-11 10:30:00,6,6,11,10,30,690,25,ROUTE DE ROANNE,46.044,4.299,Plein jour,En agglomération,Autre intersection,Normale,Autre collision,,,,,,,,,,,1,2,9,1,6
200600030925,0006-06-17 10:15:00,6,6,17,10,15,690,6,rue de L'Industrie,45.986,4.328,Plein jour,En agglomération,Hors intersection,Normale,Deux véhicules - côté,,,,,,,,,,,1,2,1,1,3
200600030926,0006-06-11 06:15:00,6,6,11,6,15,10,65,rue des condamines,,,Crépuscule ou aube,Hors agglomération,Hors intersection,Normale,Autre collision,,,,,,,,,,,2,1,1,1,6
200600030927,0006-06-17 19:30:00,6,6,17,19,30,10,254,,,,Plein jour,Hors agglomération,Intersection en T,Autre,Deux véhicules - côté,,,,,,,,,,,1,1,3,9,3
200600030928,0006-06-19 22:15:00,6,6,19,22,15,10,426,,,,Nuit sans éclairage public,Hors agglomération,Hors intersection,Pluie légère,Sans collision,,,,,,,,,,,3,1,1,2,7
200600030929,0006-06-30 16:30:00,6,6,30,16,30,10,57,,46.41,4.924,Plein jour,Hors agglomération,Hors intersection,Normale,Deux véhicules - côté,,,,,,,,,,,1,1,1,1,3
200600030930,0006-06-30 23:30:00,6,6,30,23,30,10,130,lieu dit Chassagne,,,Nuit sans éclairage public,Hors agglomération,Hors intersection,Normale,Sans collision,,,,,,,,,,,3,1,1,1,7
200600030931,0006-06-11 20:00:00,6,6,11,20,0,10,69,,,,Plein jour,Hors agglomération,Hors intersection,Normale,Autre collision,,,,,,,,,,,1,1,1,1,6
200600030932,0006-06-16 20:00:00,6,6,16,20,0,10,304,Rue du 1er Septembre 44,,,Plein jour,En agglomération,Hors intersection,Normale,Deux véhicules - frontale,,,,,,,,,,,1,2,1,1,1
200600030933,0006-06-27 17:30:00,6,6,27,17,30,10,134,CD 933,,,Plein jour,Hors agglomération,Hors intersection,Normale,Autre collision,,,,,,,,,,,1,1,1,1,6
200600030934,0006-06-09 23:00:00,6,6,9,23,0,10,118,CD 991 - PK 60-61,45.969,5.821,Nuit avec éclairage allumé,En agglomération,Hors intersection,Normale,Autre collision,,,,,,,,,,,5,2,1,1,6
200600030935,0006-06-10 01:45:00,6,6,10,1,45,10,176,lieu dit la manche,,,Nuit sans éclairage public,Hors agglomération,Hors intersection,Normale,Sans collision,,,,,,,,,,,3,1,1,1,7
200600030936,0006-06-03 06:00:00,6,6,3,6,0,10,7,COUTELIEU,45.999,5.343,Plein jour,En agglomération,Hors intersection,Normale,Autre collision,,,,,,,,,,,1,2,1,1,6
200600030937,0006-06-12 16:45:00,6,6,12,16,45,10,390,,45.847,5.296,Plein jour,Hors agglomération,Hors intersection,Normale,Deux véhicules - côté,,,,,,,,,,,1,1,1,1,3
200600030938,0006-06-17 08:45:00,6,6,17,8,45,10,345,rue du Docteur Charcot,,,Plein jour,En agglomération,Hors intersection,Normale,Deux véhicules - côté,,,,,,,,,,,1,2,1,1,3
200600030939,0006-06-22 18:30:00,6,6,22,18,30,10,4,RN 75,,,Plein jour,Hors agglomération,Hors intersection,Normale,Trois véhicules et plus - collisions multiples,,,,,,,,,,,1,1,1,1,5
200600030940,0006-06-27 15:45:00,6,6,27,15,45,10,4,rue Amédée BONNET,45.962,5.359,Plein jour,En agglomération,Hors intersection,Normale,Deux véhicules - arrière,,,,,,,,,,,1,2,1,1,2
200600030941,0006-06-15 17:45:00,6,6,15,17,45,10,265,,,,Plein jour,Hors agglomération,Hors intersection,Normale,Deux véhicules - côté,,,,,,,,,,,1,1,1,1,3
200600030942,0006-06-23 10:00:00,6,6,23,10,0,10,373,route de brenod,,,Plein jour,En agglomération,Hors intersection,Normale,Autre collision,,,,,,,,,,,1,2,1,1,6
200600030943,0006-06-11 16:30:00,6,6,11,16,30,10,210,RD991,,,Plein jour,Hors agglomération,Hors intersection,Normale,Deux véhicules - frontale,,,,,,,,,,,1,1,1,1,1
200600030944,0006-06-20 18:25:00,6,6,20,18,25,10,104,grande rue,,,Plein jour,En agglomération,Hors intersection,Normale,Deux véhicules - frontale,,,,,,,,,,,1,2,1,1,1
200600030945,0006-06-06 12:00:00,6,6,6,12,0,10,281,,,,Plein jour,Hors agglomération,Hors intersection,Normale,Deux véhicules - côté,,,,,,,,,,,1,1,1,1,3
200600030946,0006-06-20 16:40:00,6,6,20,16,40,10,71,RN 5,,,Plein jour,Hors agglomération,Hors intersection,Normale,Deux véhicules - côté,,,,,,,,,,,1,1,1,1,3
200600030947,0006-06-16 01:15:00,6,6,16,1,15,10,143,rue marcel anthonioz,,,Nuit avec éclairage allumé,En agglomération,Hors intersection,Normale,Deux véhicules - arrière,,,,,,,,,,,5,2,1,1,2
200600030948,0006-06-12 22:45:00,6,6,12,22,45,10,354,RD984C,46.27,6.033,Nuit sans éclairage public,Hors agglomération,Hors intersection,Normale,Trois véhicules et plus - collisions multiples,,,,,,,,,,,3,1,1,1,5
200600030949,0006-06-18 04:20:00,6,6,18,4,20,10,354,rond point des tattes,,,Nuit avec éclairage allumé,En agglomération,Giratoire,Normale,Sans collision,,,,,,,,,,,5,2,6,1,7
200600030950,0006-06-26 18:45:00,6,6,26,18,45,10,308,route de la gare,,,Plein jour,En agglomération,Hors intersection,Normale,Deux véhicules - frontale,,,,,,,,,,,1,2,1,1,1
200600030951,0006-06-15 07:30:00,6,6,15,7,30,10,434,PR 30.500 / RD 904,,,Plein jour,Hors agglomération,Hors intersection,Normale,Autre collision,,,,,,,,,,,1,1,1,1,6
200600030952,0006-06-11 01:40:00,6,6,11,1,40,10,65,PR 16+600,,,Nuit sans éclairage public,Hors agglomération,Hors intersection,Normale,Deux véhicules - frontale,,,,,,,,,,,3,1,1,1,1
200600030953,0006-06-21 16:45:00,6,6,21,16,45,10,244,avenue du docteur boyer,,,Plein jour,En agglomération,Hors intersection,Normale,Deux véhicules - côté,,,,,,,,,,,1,2,1,1,3
200600030954,0006-06-18 13:00:00,6,6,18,13,0,10,249,,45.816,4.971,Plein jour,Hors agglomération,Hors intersection,Normale,Sans collision,,,,,,,,,,,1,1,1,1,7
200600030955,0006-06-14 22:30:00,6,6,14,22,30,10,75,Lieu dit la Motadet,,,Nuit sans éclairage public,Hors agglomération,Intersection en X,Normale,Deux véhicules - côté,,,,,,,,,,,3,1,2,1,3
200600030956,0006-06-20 10:45:00,6,6,20,10,45,10,443,Avenue Charles de Gaulle,,,Plein jour,En agglomération,Hors intersection,Normale,Deux véhicules - arrière,,,,,,,,,,,1,2,1,1,2
200600030957,0006-06-21 14:30:00,6,6,21,14,30,70,122,,,,Plein jour,Hors agglomération,Hors intersection,Normale,Deux véhicules - frontale,,,,,,,,,,,1,1,1,1,1
200600030958,0006-06-17 20:45:00,6,6,17,20,45,70,42,,44.4,4.64,Crépuscule ou aube,Hors agglomération,Hors intersection,Normale,Autre collision,,,,,,,,,,,2,1,1,1,6
200600030959,0006-06-04 12:00:00,6,6,4,12,0,70,295,,,,Plein jour,Hors agglomération,Hors intersection,Normale,Autre collision,,,,,,,,,,,1,1,1,1,6
200600030960,0006-06-22 03:45:00,6,6,22,3,45,70,219,CD 322,,,Nuit sans éclairage public,Hors agglomération,Hors intersection,Normale,Deux véhicules - côté,,,,,,,,,,,3,1,1,1,3
200600030961,0006-06-29 10:50:00,6,6,29,10,50,70,319,lieu dit pont du frayol,,,Plein jour,En agglomération,Hors intersection,Temps éblouissant,Autre collision,,,,,,,,,,,1,2,1,7,6
200600030962,0006-06-04 10:00:00,6,6,4,10,0,70,181,rue Marcel NICOLAS,,,Plein jour,En agglomération,Hors intersection,Normale,Autre collision,,,,,,,,,,,1,2,1,1,6
200600030963,0006-06-04 19:00:00,6,6,4,19,0,70,27,Le colombier,44.832,4.78,Plein jour,Hors agglomération,Hors intersection,Normale,Sans collision,,,,,,,,,,,1,1,1,1,7
200600030964,0006-06-09 18:15:00,6,6,9,18,15,70,349,rue des Gonnettes,44.817,4.793,Plein jour,En agglomération,Hors intersection,Normale,Deux véhicules - frontale,,,,,,,,,,,1,2,1,1,1
200600030965,0006-06-25 19:15:00,6,6,25,19,15,70,322,,,,Plein jour,Hors agglomération,Hors intersection,Normale,Deux véhicules - frontale,,,,,,,,,,,1,1,1,1,1
200600030966,0006-06-28 15:15:00,6,6,28,15,15,70,322,AVENUE DES PLATANES,,,Plein jour,En agglomération,Hors intersection,Normale,Autre collision,,,,,,,,,,,1,2,1,1,6
200600030967,0006-06-03 13:30:00,6,6,3,13,30,70,201,rue du plot,44.458,4.342,Plein jour,En agglomération,Hors intersection,Normale,Autre collision,,,,,,,,,,,1,2,1,1,6
200600030968,0006-06-29 09:00:00,6,6,29,9,0,70,304,,44.37,4.37,Plein jour,Hors agglomération,Hors intersection,Normale,Sans collision,,,,,,,,,,,1,1,1,1,7
200600030969,0006-06-11 02:00:00,6,6,11,2,0,70,31,PR 20+700 décroissant,,,Nuit sans éclairage public,Hors agglomération,Hors intersection,Normale,Sans collision,,,,,,,,,,,3,1,1,1,7
200600030970,0006-06-15 17:30:00,6,6,15,17,30,70,225,RN 82,,,Plein jour,Hors agglomération,Hors intersection,Normale,Deux véhicules - frontale,,,,,,,,,,,1,1,1,1,1
200600030971,0006-06-30 12:15:00,6,6,30,12,15,70,226,,,,Plein jour,Hors agglomération,Hors intersection,Normale,Sans collision,,,,,,,,,,,1,1,1,1,7
200600030972,0006-06-21 18:00:00,6,6,21,18,0,70,205,Le village,45.193,4.639,Plein jour,En agglomération,Hors intersection,Normale,Deux véhicules - côté,,,,,,,,,,,1,2,1,1,3
200600030973,0006-06-08 18:30:00,6,6,8,18,30,260,64,lieu-dit aux places,44.931,4.98,Plein jour,En agglomération,Hors intersection,Normale,Deux véhicules - frontale,,,,,,,,,,,1,2,1,1,1
200600030974,0006-06-10 15:10:00,6,6,10,15,10,260,64,Les bérards,,,Plein jour,Hors agglomération,Intersection en X,Normale,Deux véhicules - côté,,,,,,,,,,,1,1,2,1,3
200600030975,0006-06-21 21:30:00,6,6,21,21,30,260,144,Quartier Challiac,44.732,4.925,Plein jour,En agglomération,Hors intersection,Normale,Deux véhicules - frontale,,,,,,,,,,,1,2,1,1,1
200600030976,0006-06-11 15:30:00,6,6,11,15,30,260,166,CD 104,,,Plein jour,Hors agglomération,Hors intersection,Normale,Sans collision,,,,,,,,,,,1,1,1,1,7
200600030977,0006-06-21 20:45:00,6,6,21,20,45,260,208,,44.819,4.924,Plein jour,Hors agglomération,Hors intersection,Normale,Trois véhicules et plus - collisions multiples,,,,,,,,,,,1,1,1,1,5
200600030978,0006-06-29 03:45:00,6,6,29,3,45,260,208,,,,Nuit sans éclairage public,Hors agglomération,Giratoire,Normale,Autre collision,,,,,,,,,,,3,1,6,1,6
200600030979,0006-06-04 14:45:00,6,6,4,14,45,260,95,Quartier la Commanderie,44.609,4.945,Plein jour,Hors agglomération,Hors intersection,Vent fort / tempête,Deux véhicules - frontale,,,,,,,,,,,1,1,1,6,1
200600030980,0006-06-10 12:45:00,6,6,10,12,45,260,202,,,,Plein jour,Hors agglomération,Hors intersection,Normale,Autre collision,,,,,,,,,,,1,1,1,1,6
200600030981,0006-06-18 05:15:00,6,6,18,5,15,260,45,,,,Nuit sans éclairage public,Hors agglomération,Hors intersection,Normale,Autre collision,,,,,,,,,,,3,1,1,1,6
200600030982,0006-06-14 18:45:00,6,6,14,18,45,260,235,er Beauregard  PK 22+545,,,Plein jour,Hors agglomération,Intersection en T,Temps éblouissant,Deux véhicules - côté,,,,,,,,,,,1,1,3,7,3
200600030983,0006-06-07 14:15:00,6,6,7,14,15,260,93,Le plantier CD571,,,Plein jour,Hors agglomération,Hors intersection,Normale,Trois véhicules et plus - collisions multiples,,,,,,,,,,,1,1,1,1,5
200600030984,0006-06-06 19:35:00,6,6,6,19,35,260,377,CD 94,,,Plein jour,Hors agglomération,Intersection en T,Normale,Deux véhicules - frontale,,,,,,,,,,,1,1,3,1,1
200600030985,0006-06-05 16:30:00,6,6,5,16,30,260,355,,,,Plein jour,Hors agglomération,Hors intersection,Normale,Deux véhicules - frontale,,,,,,,,,,,1,1,1,1,1
200600030986,0006-06-17 05:45:00,6,6,17,5,45,260,139,,,,Crépuscule ou aube,Hors agglomération,Hors intersection,Normale,Autre collision,,,,,,,,,,,2,1,1,1,6
200600030987,0006-06-19 18:15:00,6,6,19,18,15,260,174,,,,Plein jour,Hors agglomération,Hors intersection,Normale,Deux véhicules - côté,,,,,,,,,,,1,1,1,1,3
200600030988,0006-06-24 03:00:00,6,6,24,3,0,260,107,,,,Nuit sans éclairage public,Hors agglomération,Hors intersection,Normale,Sans collision,,,,,,,,,,,3,1,1,1,7
200600030989,0006-06-03 15:45:00,6,6,3,15,45,260,307,rue Benjamin Malossane,,,Plein jour,En agglomération,Autre intersection,Normale,Deux véhicules - côté,,,,,,,,,,,1,2,9,1,3
200600030990,0006-06-16 17:30:00,6,6,16,17,30,260,332,Rue Pierre Sémard,,,Plein jour,En agglomération,Hors intersection,Normale,Autre collision,,,,,,,,,,,1,2,1,1,6
200600030991,0006-06-02 19:15:00,6,6,2,19,15,260,119,RN7,,,Plein jour,En agglomération,Hors intersection,Normale,Deux véhicules - frontale,,,,,,,,,,,1,2,1,1,1
200600030992,0006-06-17 19:30:00,6,6,17,19,30,260,38,CD153,,,Plein jour,Hors agglomération,Hors intersection,Normale,Deux véhicules - côté,,,,,,,,,,,1,1,1,1,3
200600030993,0006-06-03 10:20:00,6,6,3,10,20,380,150,19 Route de Revel,,,Plein jour,En agglomération,Hors intersection,Normale,Sans collision,,,,,,,,,,,1,2,1,1,7
200600030994,0006-06-05 17:45:00,6,6,5,17,45,380,538,,45.214,5.853,Plein jour,Hors agglomération,Hors intersection,Normale,Deux véhicules - côté,,,,,,,,,,,1,1,1,1,3
200600030995,0006-06-13 17:45:00,6,6,13,17,45,380,422,Le FAUX de la RONZIERE,,,Plein jour,Hors agglomération,Hors intersection,Normale,Deux véhicules - arrière,,,,,,,,,,,1,1,1,1,2
200600030996,0006-06-17 12:00:00,6,6,17,12,0,380,334,La Bourgeat,45.191,5.867,Plein jour,Hors agglomération,Hors intersection,Normale,Deux véhicules - arrière,,,,,,,,,,,1,1,1,1,2
200600030997,0006-06-19 20:45:00,6,6,19,20,45,380,314,avenue du dauphiné,,,Crépuscule ou aube,En agglomération,Giratoire,Normale,Deux véhicules - frontale,,,,,,,,,,,2,2,6,1,1
200600030998,0006-06-22 00:30:00,6,6,22,0,30,380,27,Rue de la croix/Cleyat,,,Nuit avec éclairage allumé,En agglomération,Hors intersection,Normale,Deux véhicules - côté,,,,,,,,,,,5,2,1,1,3
200600030999,0006-06-19 20:45:00,6,6,19,20,45,380,382,avenue de la Monta,,,Plein jour,En agglomération,Hors intersection,Normale,Deux véhicules - côté,,,,,,,,,,,1,2,1,1,3
200600031000,0006-06-13 20:45:00,6,6,13,20,45,380,466,CD 9,45.381,5.949,Plein jour,En agglomération,Hors intersection,Normale,Deux véhicules - arrière,,,,,,,,,,,1,2,1,1,2
200600031001,0006-06-21 17:45:00,6,6,21,17,45,380,205,,45.129,5.578,Plein jour,Hors agglomération,Hors intersection,Normale,Trois véhicules et plus - collisions multiples,,,,,,,,,,,1,1,1,1,5
200600031002,0006-06-06 18:30:00,6,6,6,18,30,380,61,RN 75,,,Plein jour,En agglomération,Hors intersection,Normale,Deux véhicules - côté,,,,,,,,,,,1,2,1,1,3
200600031003,0006-06-03 18:50:00,6,6,3,18,50,380,265,CD 529 - Rue de la gare,,,Plein jour,En agglomération,Hors intersection,Normale,Deux véhicules - frontale,,,,,,,,,,,1,2,1,1,1
200600031004,0006-06-23 19:45:00,6,6,23,19,45,380,562,"CD 524, route d'Uriage",,,Plein jour,En agglomération,Hors intersection,Normale,Deux véhicules - arrière,,,,,,,,,,,1,2,1,1,2
200600031005,0006-06-25 00:01:00,6,6,25,0,1,380,203,Descente de LAFFREY,,,Nuit sans éclairage public,Hors agglomération,Hors intersection,Normale,Deux véhicules - frontale,,,,,,,,,,,3,1,1,1,1
200600031006,0006-06-21 18:15:00,6,6,21,18,15,380,95,,45.144,5.275,Plein jour,Hors agglomération,Hors intersection,Normale,Deux véhicules - frontale,,,,,,,,,,,1,1,1,1,1
200600031007,0006-06-05 08:00:00,6,6,5,8,0,380,337,,45.387,5.471,Nuit sans éclairage public,Hors agglomération,Hors intersection,Normale,Deux véhicules - côté,,,,,,,,,,,3,1,1,1,3
200600031008,0006-06-19 19:50:00,6,6,19,19,50,380,276,R.N.85,,,Plein jour,En agglomération,Hors intersection,Normale,Deux véhicules - frontale,,,,,,,,,,,1,2,1,1,1
200600031009,0006-06-02 23:00:00,6,6,2,23,0,380,515,Hameau de Cozance,45.706,5.33,Nuit avec éclairage allumé,En agglomération,Hors intersection,Normale,Autre collision,,,,,,,,,,,5,2,1,1,6
200600031010,0006-06-28 18:15:00,6,6,28,18,15,380,98,,45.506,5.487,Plein jour,Hors agglomération,Hors intersection,Normale,Deux véhicules - frontale,,,,,,,,,,,1,1,1,1,1
200600031011,0006-06-03 02:15:00,6,6,3,2,15,380,543,,,,Nuit sans éclairage public,Hors agglomération,Hors intersection,Normale,Deux véhicules - frontale,,,,,,,,,,,3,1,1,1,1
200600031012,0006-06-02 14:15:00,6,6,2,14,15,380,139,,,,Plein jour,Hors agglomération,Hors intersection,Normale,Autre collision,,,,,,,,,,,1,1,1,1,6
200600031013,0006-06-26 12:50:00,6,6,26,12,50,380,297,CD 517,45.696,5.415,Plein jour,Hors agglomération,Autre intersection,Normale,Deux véhicules - frontale,,,,,,,,,,,1,1,9,1,1
200600031014,0006-06-29 18:30:00,6,6,29,18,30,380,256,,45.461,5.547,Plein jour,Hors agglomération,Hors intersection,Normale,Deux véhicules - côté,,,,,,,,,,,1,1,1,1,3
200600031015,0006-06-24 09:20:00,6,6,24,9,20,440,35,Rue Charles de Gaulle,,,Plein jour,En agglomération,Hors intersection,Normale,Autre collision,,,,,,,,,,,1,2,1,1,6
200600031016,0006-06-25 21:15:00,6,6,25,21,15,440,35,Rue Charles de Gaulle,,,Plein jour,En agglomération,Hors intersection,Normale,Deux véhicules - frontale,,,,,,,,,,,1,2,1,1,1
200600031017,0006-06-29 19:30:00,6,6,29,19,30,380,87,Chemin Laurent DEVALORS,,,Plein jour,En agglomération,Hors intersection,Normale,Deux véhicules - côté,,,,,,,,,,,1,2,1,1,3
200600031018,0006-06-30 10:45:00,6,6,30,10,45,380,87,chemin du violent,45.586,4.807,Plein jour,En agglomération,Hors intersection,Normale,Deux véhicules - côté,,,,,,,,,,,1,2,1,1,3
200600031019,0006-06-11 18:00:00,6,6,11,18,0,380,34,CD 73,,,Plein jour,Hors agglomération,Hors intersection,Normale,Deux véhicules - frontale,,,,,,,,,,,1,1,1,1,1
200600031020,0006-06-08 09:15:00,6,6,8,9,15,380,130,BD de LATTRE DE TASSIGNY,45.396,5.263,Plein jour,En agglomération,Hors intersection,Normale,Deux véhicules - frontale,,,,,,,,,,,1,2,1,1,1
200600031021,0006-06-15 16:00:00,6,6,15,16,0,380,473,,45.348,5.217,Plein jour,Hors agglomération,Hors intersection,Normale,Sans collision,,,,,,,,,,,1,1,1,1,7
200600031022,0006-06-24 12:00:00,6,6,24,12,0,380,335,CD 538,,,Plein jour,Hors agglomération,Hors intersection,Normale,Trois véhicules et plus - en chaîne,,,,,,,,,,,1,1,1,1,4
200600031023,0006-06-26 12:30:00,6,6,26,12,30,380,130,,45.42,5.263,Plein jour,Hors agglomération,Intersection en X,Normale,Deux véhicules - côté,,,,,,,,,,,1,1,2,1,3
200600031024,0006-06-26 18:45:00,6,6,26,18,45,380,130,rue de la Halle,45.398,5.261,Plein jour,En agglomération,Hors intersection,Normale,Autre collision,,,,,,,,,,,1,2,1,1,6
200600031025,0006-06-02 18:45:00,6,6,2,18,45,380,358,CD56,45.506,5.253,Plein jour,Hors agglomération,Hors intersection,Normale,Autre collision,,,,,,,,,,,1,1,1,1,6
200600031026,0006-06-03 18:30:00,6,6,3,18,30,380,399,CD 502,,,Plein jour,En agglomération,Hors intersection,Normale,Deux véhicules - côté,,,,,,,,,,,1,2,1,1,3
200600031027,0006-06-16 08:00:00,6,6,16,8,0,380,351,,,,Plein jour,Hors agglomération,Hors intersection,Normale,Deux véhicules - frontale,,,,,,,,,,,1,1,1,1,1
200600031028,0006-06-03 09:30:00,6,6,3,9,30,380,389,,,,Nuit sans éclairage public,Hors agglomération,Hors intersection,Normale,Sans collision,,,,,,,,,,,3,1,1,1,7