accident_id,datetime,annee,mois,jour,heure,minute,departement,commune_insee,adresse,latitude,longitude,luminosite,agglomeration,intersection,meteo,collision,nb_vehicules,nb_usagers,nb_indemnes,nb_tues,nb_blesses_hosp,nb_blesses_legers,age_cond_1,age_cond_2,veh_type_cond_1,veh_type_cond_2,lum_code,agg_code,int_code,atm_code,col_code
200600031307,0006-06-17 19:00:00,6,6,17,19,0,680,36,,48.054,7.538,Plein jour,Hors agglomération,Hors intersection,Normale,Deux véhicules - frontale,,,,,,,,,,,1,1,1,1,1
200600031308,0006-06-24 19:45:00,6,6,24,19,45,680,185,rue du Hoimbach,48.274,7.283,Plein jour,En agglomération,Hors intersection,Normale,Deux véhicules - côté,,,,,,,,,,,1,2,1,1,3
200600031309,0006-06-27 19:30:00,6,6,27,19,30,680,374,,48.083,7.301,Plein jour,Hors agglomération,Hors intersection,Normale,Deux véhicules - frontale,,,,,,,,,,,1,1,1,1,1
200600031310,0006-06-02 14:00:00,6,6,2,14,0,680,355,Rue du 19 novembre,47.554,7.314,Plein jour,En agglomération,Hors intersection,Normale,Deux véhicules - côté,,,,,,,,,,,1,2,1,1,3
200600031311,0006-06-12 20:30:00,6,6,12,20,30,680,92,,,,Plein jour,Hors agglomération,Hors intersection,Normale,Autre collision,,,,,,,,,,,1,1,1,1,6
200600031312,0006-06-23 16:45:00,6,6,23,16,45,680,187,,,,Plein jour,Hors agglomération,Hors intersection,Normale,Deux véhicules - côté,,,,,,,,,,,1,1,1,1,3
200600031313,0006-06-07 13:00:00,6,6,7,13,0,680,52,,47.717,7.069,Plein jour,Hors agglomération,Hors intersection,Normale,Trois véhicules et plus - collisions multiples,,,,,,,,,,,1,1,1,1,5
200600031314,0006-06-11 12:00:00,6,6,11,12,0,680,25,,47.488,7.3,Plein jour,Hors agglomération,Hors intersection,Normale,Deux véhicules - frontale,,,,,,,,,,,1,1,1,1,1
200600031315,0006-06-21 13:15:00,6,6,21,13,15,680,235,,47.996,7.384,Plein jour,Hors agglomération,Intersection en X,Normale,Deux véhicules - côté,,,,,,,,,,,1,1,2,1,3
200600031316,0006-06-22 05:15:00,6,6,22,5,15,680,287,,47.948,7.279,Crépuscule ou aube,Hors agglomération,Hors intersection,Normale,Deux véhicules - frontale,,,,,,,,,,,2,1,1,1,1
200600031317,0006-06-26 14:15:00,6,6,26,14,15,680,287,,47.951,7.292,Plein jour,Hors agglomération,Hors intersection,Normale,Deux véhicules - côté,,,,,,,,,,,1,1,1,1,3
200600031318,0006-06-06 21:30:00,6,6,6,21,30,680,15,rue de l'église,47.805,7.381,Nuit avec éclairage allumé,En agglomération,Hors intersection,Normale,Deux véhicules - côté,,,,,,,,,,,5,2,1,1,3
200600031319,0006-06-03 13:45:00,6,6,3,13,45,680,195,RN 66,,,Plein jour,Hors agglomération,Hors intersection,Normale,Deux véhicules - arrière,,,,,,,,,,,1,1,1,1,2
200600031320,0006-06-02 16:00:00,6,6,2,16,0,680,362,,,,Plein jour,Hors agglomération,Hors intersection,Temps couvert,Deux véhicules - côté,,,,,,,,,,,1,1,1,8,3
200600031321,0006-06-14 20:30:00,6,6,14,20,30,680,163,,47.69,7.512,Plein jour,Hors agglomération,Hors intersection,Normale,Deux véhicules - côté,,,,,,,,,,,1,1,1,1,3
200600031322,0006-06-30 07:40:00,6,6,30,7,40,680,902,CD,,,Plein jour,Hors agglomération,Hors intersection,Normale,Deux véhicules - arrière,,,,,,,,,,,1,1,1,1,2
200600031323,0006-06-08 16:15:00,6,6,8,16,15,680,292,Rue Charles de Gaulle,,,Plein jour,En agglomération,Hors intersection,Normale,Autre collision,,,,,,,,,,,1,2,1,1,6
200600031324,0006-06-11 18:15:00,6,6,11,18,15,680,171,"27, montée du Markstein",,,Plein jour,Hors agglomération,Hors intersection,Normale,Sans collision,,,,,,,,,,,1,1,1,1,7
200600031325,0006-06-18 12:15:00,6,6,18,12,15,680,247,,,,Plein jour,Hors agglomération,Hors intersection,Normale,Deux véhicules - frontale,,,,,,,,,,,1,1,1,1,1
200600031326,0006-06-18 17:20:00,6,6,18,17,20,680,247,60 grande rue,,,Plein jour,En agglomération,Hors intersection,Normale,Deux véhicules - arrière,,,,,,,,,,,1,2,1,1,2
200600031327,0006-06-22 18:38:00,6,6,22,18,38,680,59,elle sortie A35 / CD 466,,,Plein jour,Hors agglomération,Intersection en Y,Normale,Deux véhicules - frontale,,,,,,,,,,,1,1,4,1,1
200600031328,0006-06-01 21:00:00,6,6,1,21,0,510,146,RD 5,,,Crépuscule ou aube,Hors agglomération,Hors intersection,Autre,Deux véhicules - arrière,,,,,,,,,,,2,1,1,9,2
200600031329,0006-06-13 14:00:00,6,6,13,14,0,510,409,,48.873,4.281,Plein jour,Hors agglomération,Hors intersection,Normale,Deux véhicules - frontale,,,,,,,,,,,1,1,1,1,1
200600031330,0006-06-15 11:15:00,6,6,15,11,15,510,227,,48.922,4.357,Plein jour,Hors agglomération,Hors intersection,Normale,Autre collision,,,,,,,,,,,1,1,1,1,6
200600031331,0006-06-03 14:45:00,6,6,3,14,45,510,435,,,,Plein jour,Hors agglomération,Hors intersection,Normale,Autre collision,,,,,,,,,,,1,1,1,1,6
200600031332,0006-06-18 18:45:00,6,6,18,18,45,510,367,,,,Plein jour,Hors agglomération,Hors intersection,Temps couvert,Sans collision,,,,,,,,,,,1,1,1,8,7
200600031333,0006-06-25 12:30:00,6,6,25,12,30,510,413,CD 9  - PK 43+820,,,Plein jour,Hors agglomération,Hors intersection,Pluie légère,Deux véhicules - côté,,,,,,,,,,,1,1,1,2,3
200600031334,0006-06-25 17:00:00,6,6,25,17,0,510,594,,48.745,4.13,Plein jour,Hors agglomération,Hors intersection,Normale,Sans collision,,,,,,,,,,,1,1,1,1,7
200600031335,0006-06-15 19:45:00,6,6,15,19,45,510,380,,48.889,3.532,Plein jour,Hors agglomération,Hors intersection,Normale,Deux véhicules - frontale,,,,,,,,,,,1,1,1,1,1
200600031336,0006-06-05 18:30:00,6,6,5,18,30,510,535,,48.761,3.722,Plein jour,Hors agglomération,Hors intersection,Normale,Autre collision,,,,,,,,,,,1,1,1,1,6
200600031337,0006-06-18 20:20:00,6,6,18,20,20,510,514,RN4,,,Plein jour,Hors agglomération,Intersection en X,Normale,Trois véhicules et plus - en chaîne,,,,,,,,,,,1,1,2,1,4
200600031338,0006-06-06 18:45:00,6,6,6,18,45,510,308,,,,Plein jour,En agglomération,Hors intersection,Normale,Deux véhicules - frontale,,,,,,,,,,,1,2,1,1,1
200600031339,0006-06-19 09:45:00,6,6,19,9,45,510,250,RUE HILDEVERT LEFEVRE,,,Plein jour,En agglomération,Intersection en X,Normale,Trois véhicules et plus - collisions multiples,,,,,,,,,,,1,2,2,1,5
200600031340,0006-06-11 20:00:00,6,6,11,20,0,510,425,,,,Plein jour,Hors agglomération,Hors intersection,Normale,Sans collision,,,,,,,,,,,1,1,1,1,7
200600031341,0006-06-07 14:45:00,6,6,7,14,45,510,28,11 rue de l'église,49.075,4.049,Plein jour,En agglomération,Hors intersection,Normale,Autre collision,,,,,,,,,,,1,2,1,1,6
200600031342,0006-06-21 22:00:00,6,6,21,22,0,510,210,43 rue de Reims,49.065,3.967,Crépuscule ou aube,En agglomération,Hors intersection,Normale,Autre collision,,,,,,,,,,,2,2,1,1,6
200600031343,0006-06-27 18:20:00,6,6,27,18,20,510,576,,,,Plein jour,Hors agglomération,Hors intersection,Normale,Deux véhicules - côté,,,,,,,,,,,1,1,1,1,3
200600031344,0006-06-04 16:30:00,6,6,4,16,30,510,496,"CD 60, PK 28+110",48.792,4.642,Plein jour,Hors agglomération,Hors intersection,Normale,Deux véhicules - frontale,,,,,,,,,,,1,1,1,1,1
200600031345,0006-06-02 23:00:00,6,6,2,23,0,510,65,,,,Nuit sans éclairage public,Hors agglomération,Hors intersection,Normale,Sans collision,,,,,,,,,,,3,1,1,1,7
200600031346,0006-06-05 18:27:00,6,6,5,18,27,510,141,RUE DOCTEUR JUSTIN JOLLY,48.839,4.52,Plein jour,En agglomération,Hors intersection,Normale,Deux véhicules - côté,,,,,,,,,,,1,2,1,1,3
200600031347,0006-06-09 10:45:00,6,6,9,10,45,510,649,RN 4 / PK 85+200,48.744,4.594,Plein jour,Hors agglomération,Hors intersection,Normale,Deux véhicules - frontale,,,,,,,,,,,1,1,1,1,1
200600031348,0006-06-23 17:15:00,6,6,23,17,15,510,552,,48.811,4.496,Plein jour,Hors agglomération,Hors intersection,Normale,Deux véhicules - frontale,,,,,,,,,,,1,1,1,1,1
200600031349,0006-06-13 14:15:00,6,6,13,14,15,510,269,,,,Plein jour,Hors agglomération,Hors intersection,Normale,Autre collision,,,,,,,,,,,1,1,1,1,6
200600031350,0006-06-20 13:15:00,6,6,20,13,15,510,635,,48.817,4.86,Plein jour,Hors agglomération,Hors intersection,Normale,Autre collision,,,,,,,,,,,1,1,1,1,6
200600031351,0006-06-10 18:15:00,6,6,10,18,15,510,133,,48.938,4.92,Plein jour,Hors agglomération,Hors intersection,Normale,Autre collision,,,,,,,,,,,1,1,1,1,6
200600031352,0006-06-17 11:30:00,6,6,17,11,30,510,272,,48.951,4.895,Plein jour,Hors agglomération,Hors intersection,Normale,Sans collision,,,,,,,,,,,1,1,1,1,7
200600031353,0006-06-17 10:30:00,6,6,17,10,30,80,235,rue Robin des loups,,,Plein jour,En agglomération,Hors intersection,Normale,Deux véhicules - frontale,,,,,,,,,,,1,2,1,1,1
200600031354,0006-06-06 14:30:00,6,6,6,14,30,80,237,rue du chêne,49.843,4.761,Plein jour,En agglomération,Hors intersection,Normale,Deux véhicules - frontale,,,,,,,,,,,1,2,1,1,1
200600031355,0006-06-17 14:30:00,6,6,17,14,30,80,139,CD 1,49.935,4.663,Plein jour,Hors agglomération,Hors intersection,Normale,Autre collision,,,,,,,,,,,1,1,1,1,6
200600031356,0006-06-10 13:30:00,6,6,10,13,30,80,400,,49.657,4.779,Plein jour,Hors agglomération,Hors intersection,Normale,Sans collision,,,,,,,,,,,1,1,1,1,7
200600031357,0006-06-29 12:00:00,6,6,29,12,0,80,295,,49.72,4.63,Plein jour,Hors agglomération,Hors intersection,Normale,Trois véhicules et plus - collisions multiples,,,,,,,,,,,1,1,1,1,5
200600031358,0006-06-14 01:20:00,6,6,14,1,20,80,358,,,,Nuit sans éclairage public,Hors agglomération,Hors intersection,Normale,Sans collision,,,,,,,,,,,3,1,1,1,7
200600031359,0006-06-08 17:30:00,6,6,8,17,30,80,363,rue Calmette,49.933,4.651,Plein jour,En agglomération,Hors intersection,Normale,Autre collision,,,,,,,,,,,1,2,1,1,6
200600031360,0006-06-22 11:00:00,6,6,22,11,0,80,367,RUE DU TOUR DE VILLE,,,Plein jour,En agglomération,Hors intersection,Normale,Deux véhicules - côté,,,,,,,,,,,1,2,1,1,3
200600031361,0006-06-08 16:15:00,6,6,8,16,15,80,336,,49.659,5.143,Plein jour,Hors agglomération,Hors intersection,Normale,Deux véhicules - côté,,,,,,,,,,,1,1,1,1,3
200600031362,0006-06-12 06:45:00,6,6,12,6,45,80,145,,49.677,5.024,Plein jour,Hors agglomération,Hors intersection,Normale,Deux véhicules - côté,,,,,,,,,,,1,1,1,1,3
200600031363,0006-06-18 20:15:00,6,6,18,20,15,80,330,,,,Plein jour,Hors agglomération,Hors intersection,Temps couvert,Deux véhicules - frontale,,,,,,,,,,,1,1,1,8,1
200600031364,0006-06-24 23:45:00,6,6,24,23,45,80,8,carrefour cd 30 et cd 21,49.522,4.502,Nuit avec éclairage non allumé,En agglomération,Hors intersection,Normale,Deux véhicules - frontale,,,,,,,,,,,4,2,1,1,1
200600031365,0006-06-17 09:00:00,6,6,17,9,0,80,381,,49.503,4.134,Plein jour,Hors agglomération,Giratoire,Normale,Sans collision,,,,,,,,,,,1,1,6,1,7
200600031366,0006-06-09 18:45:00,6,6,9,18,45,80,402,Carrefour rue aux Cannes,49.581,4.495,Plein jour,En agglomération,Hors intersection,Normale,Deux véhicules - côté,,,,,,,,,,,1,2,1,1,3
200600031367,0006-06-26 15:15:00,6,6,26,15,15,100,307,,,,Plein jour,Hors agglomération,Hors intersection,Normale,Sans collision,,,,,,,,,,,1,1,1,1,7
200600031368,0006-06-04 16:10:00,6,6,4,16,10,100,375,,,,Plein jour,Hors agglomération,Hors intersection,Normale,Deux véhicules - frontale,,,,,,,,,,,1,1,1,1,1
200600031369,0006-06-14 09:30:00,6,6,14,9,30,100,2,RN19,,,Plein jour,En agglomération,Intersection en T,Normale,Deux véhicules - côté,,,,,,,,,,,1,2,3,1,3
200600031370,0006-06-13 15:40:00,6,6,13,15,40,100,34,rue Victor Hugo,48.12,4.373,Plein jour,En agglomération,Hors intersection,Normale,Autre collision,,,,,,,,,,,1,2,1,1,6
200600031371,0006-06-18 02:00:00,6,6,18,2,0,100,58,,,,Nuit sans éclairage public,En agglomération,Intersection en X,Normale,Deux véhicules - côté,,,,,,,,,,,3,2,2,1,3
200600031372,0006-06-24 02:15:00,6,6,24,2,15,520,309,,48.18,5.11,Nuit sans éclairage public,Hors agglomération,Hors intersection,Normale,Sans collision,,,,,,,,,,,3,1,1,1,7
200600031373,0006-06-12 07:15:00,6,6,12,7,15,520,111,rue de la fontaine,,,Plein jour,En agglomération,Hors intersection,Normale,Deux véhicules - frontale,,,,,,,,,,,1,2,1,1,1
200600031374,0006-06-15 13:45:00,6,6,15,13,45,520,432,,,,Plein jour,Hors agglomération,Hors intersection,Normale,Deux véhicules - frontale,,,,,,,,,,,1,1,1,1,1
200600031375,0006-06-15 15:45:00,6,6,15,15,45,520,37,rue Pommeret,,,Plein jour,En agglomération,Intersection en T,Normale,Deux véhicules - côté,,,,,,,,,,,1,2,3,1,3
200600031376,0006-06-22 19:35:00,6,6,22,19,35,520,449,428 / Rue de la Courvée,,,Plein jour,En agglomération,Giratoire,Normale,Autre collision,,,,,,,,,,,1,2,6,1,6
200600031377,0006-06-05 14:00:00,6,6,5,14,0,520,164,CD 417,,,Plein jour,Hors agglomération,Hors intersection,Normale,Sans collision,,,,,,,,,,,1,1,1,1,7
200600031378,0006-06-18 17:00:00,6,6,18,17,0,520,332,,48.0,5.533,Plein jour,Hors agglomération,Hors intersection,Normale,Sans collision,,,,,,,,,,,1,1,1,1,7
200600031379,0006-06-29 14:00:00,6,6,29,14,0,520,400,CD 417,,,Plein jour,Hors agglomération,Hors intersection,Temps éblouissant,Deux véhicules - côté,,,,,,,,,,,1,1,1,7,3
200600031380,0006-06-05 16:15:00,6,6,5,16,15,520,333,,,,Plein jour,Hors agglomération,Intersection en T,Normale,Deux véhicules - côté,,,,,,,,,,,1,1,3,1,3
200600031381,0006-06-17 21:15:00,6,6,17,21,15,520,544,route de Melay,,,Plein jour,Hors agglomération,Hors intersection,Normale,Deux véhicules - arrière,,,,,,,,,,,1,1,1,1,2
200600031382,0006-06-28 03:30:00,6,6,28,3,30,520,424,,47.749,5.441,Nuit sans éclairage public,Hors agglomération,Hors intersection,Pluie forte,Autre collision,,,,,,,,,,,3,1,1,3,6
200600031383,0006-06-01 06:00:00,6,6,1,6,0,520,62,,,,Crépuscule ou aube,Hors agglomération,Hors intersection,Normale,Autre collision,,,,,,,,,,,2,1,1,1,6
200600031384,0006-06-04 12:30:00,6,6,4,12,30,520,113,rue DIDEROT,,,Plein jour,En agglomération,Hors intersection,Normale,Autre collision,,,,,,,,,,,1,2,1,1,6
200600031385,0006-06-26 13:00:00,6,6,26,13,0,520,292,RN 74,,,Plein jour,En agglomération,Autre intersection,Normale,Autre collision,,,,,,,,,,,1,2,9,1,6
200600031386,0006-06-27 18:00:00,6,6,27,18,0,520,200,,,,Plein jour,Hors agglomération,Hors intersection,Normale,Autre collision,,,,,,,,,,,1,1,1,1,6
200600031387,0006-06-28 23:45:00,6,6,28,23,45,520,250,,,,Nuit sans éclairage public,Hors agglomération,Hors intersection,Normale,Sans collision,,,,,,,,,,,3,1,1,1,7
200600031388,0006-06-01 05:00:00,6,6,1,5,0,520,550,,,,Crépuscule ou aube,Hors agglomération,Hors intersection,Normale,Autre collision,,,,,,,,,,,2,1,1,1,6
200600031389,0006-06-28 20:15:00,6,6,28,20,15,520,79,ROUTE DE VAUX,,,Plein jour,En agglomération,Hors intersection,Pluie forte,Deux véhicules - frontale,,,,,,,,,,,1,2,1,3,1
200600031390,0006-06-29 16:30:00,6,6,29,16,30,520,88,rue Jacques d'arc,,,Plein jour,En agglomération,Hors intersection,Normale,Trois véhicules et plus - collisions multiples,,,,,,,,,,,1,2,1,1,5
200600031391,0006-06-28 01:45:00,6,6,28,1,45,890,350,"s Paris/Lyon, PK 115+650",,,Nuit sans éclairage public,Hors agglomération,Hors intersection,Normale,Deux véhicules - arrière,,,,,,,,,,,3,1,1,1,2
200600031392,0006-06-04 13:45:00,6,6,4,13,45,210,138,entale 976 - P.K. 26+350,47.202,5.321,Plein jour,Hors agglomération,Hors intersection,Normale,Sans collision,,,,,,,,,,,1,1,1,1,7
200600031393,0006-06-01 07:15:00,6,6,1,7,15,210,656,,47.227,5.187,Plein jour,Hors agglomération,Intersection en X,Normale,Deux véhicules - côté,,,,,,,,,,,1,1,2,1,3
200600031394,0006-06-24 23:00:00,6,6,24,23,0,210,292,,47.233,5.236,Nuit sans éclairage public,Hors agglomération,Hors intersection,Normale,Deux véhicules - frontale,,,,,,,,,,,3,1,1,1,1
200600031395,0006-06-19 16:00:00,6,6,19,16,0,210,390,"10, Route de Beaune",,,Plein jour,En agglomération,Hors intersection,Normale,Deux véhicules - frontale,,,,,,,,,,,1,2,1,1,1
200600031396,0006-06-23 09:00:00,6,6,23,9,0,210,586,CD 996,47.222,5.068,Plein jour,Hors agglomération,Hors intersection,Normale,Deux véhicules - côté,,,,,,,,,,,1,1,1,1,3
200600031397,0006-06-03 11:30:00,6,6,3,11,30,210,421,,47.553,4.922,Plein jour,Hors agglomération,Hors intersection,Normale,Deux véhicules - frontale,,,,,,,,,,,1,1,1,1,1
200600031398,0006-06-30 08:00:00,6,6,30,8,0,210,127,,47.484,5.085,Plein jour,Hors agglomération,Hors intersection,Normale,Deux véhicules - côté,,,,,,,,,,,1,1,1,1,3
200600031399,0006-06-03 12:00:00,6,6,3,12,0,210,192,,47.302,4.955,Plein jour,Hors agglomération,Hors intersection,Normale,Deux véhicules - frontale,,,,,,,,,,,1,1,1,1,1
200600031400,0006-06-03 18:00:00,6,6,3,18,0,210,636,,47.02,4.513,Plein jour,Hors agglomération,Hors intersection,Normale,Deux véhicules - frontale,,,,,,,,,,,1,1,1,1,1
200600031401,0006-06-04 06:15:00,6,6,4,6,15,210,712,,46.998,4.794,Crépuscule ou aube,Hors agglomération,Intersection en T,Normale,Autre collision,,,,,,,,,,,2,1,3,1,6
200600031402,0006-06-11 14:15:00,6,6,11,14,15,210,86,,47.003,4.824,Plein jour,Hors agglomération,Hors intersection,Normale,Autre collision,,,,,,,,,,,1,1,1,1,6
200600031403,0006-06-13 20:00:00,6,6,13,20,0,210,412,RD 974,,,Plein jour,Hors agglomération,Hors intersection,Normale,Trois véhicules et plus - collisions multiples,,,,,,,,,,,1,1,1,1,5
200600031404,0006-06-21 18:30:00,6,6,21,18,30,210,590,,47.068,4.818,Plein jour,En agglomération,Hors intersection,Normale,Deux véhicules - côté,,,,,,,,,,,1,2,1,1,3
200600031405,0006-06-19 14:00:00,6,6,19,14,0,210,567,CD17,,,Plein jour,En agglomération,Hors intersection,Normale,Deux véhicules - frontale,,,,,,,,,,,1,2,1,1,1
200600031406,0006-06-05 08:00:00,6,6,5,8,0,210,708,CD 20,47.057,4.968,Plein jour,Hors agglomération,Hors intersection,Normale,Autre collision,,,,,,,,,,,1,1,1,1,6
200600031407,0006-06-11 06:15:00,6,6,11,6,15,210,332,route de Beaune - CD 973,47.01,5.091,Plein jour,En agglomération,Hors intersection,Normale,Autre collision,,,,,,,,,,,1,2,1,1,6
200600031408,0006-06-29 12:00:00,6,6,29,12,0,210,647,,46.979,5.142,Plein jour,Hors agglomération,Hors intersection,Normale,Autre collision,,,,,,,,,,,1,1,1,1,6
200600031409,0006-06-29 19:15:00,6,6,29,19,15,210,356,22 route nationale,,,Plein jour,En agglomération,Hors intersection,Normale,Deux véhicules - côté,,,,,,,,,,,1,2,1,1,3
200600031410,0006-06-17 00:01:00,6,6,17,0,1,210,711,,47.91,4.545,Nuit sans éclairage public,Hors agglomération,Hors intersection,Normale,Deux véhicules - frontale,,,,,,,,,,,3,1,1,1,1
200600031411,0006-06-24 04:15:00,6,6,24,4,15,210,154,RUE SAINT VORLES,,,Nuit avec éclairage allumé,En agglomération,Hors intersection,Normale,Sans collision,,,,,,,,,,,5,2,1,1,7
200600031412,0006-06-02 08:00:00,6,6,2,8,0,210,358,Départementale 19,,,Plein jour,Hors agglomération,Hors intersection,Normale,Autre collision,,,,,,,,,,,1,1,1,1,6
200600031413,0006-06-03 05:30:00,6,6,3,5,30,210,689,ROUTE DE SEMUR,,,Crépuscule ou aube,En agglomération,Hors intersection,Normale,Sans collision,,,,,,,,,,,2,2,1,1,7
200600031414,0006-06-11 17:30:00,6,6,11,17,30,210,584,,47.287,4.217,Plein jour,Hors agglomération,Intersection en X,Normale,Deux véhicules - frontale,,,,,,,,,,,1,1,2,1,1
200600031415,0006-06-30 16:00:00,6,6,30,16,0,210,615,LE MAUPAS,47.218,4.352,Plein jour,Hors agglomération,Hors intersection,Normale,Deux véhicules - côté,,,,,,,,,,,1,1,1,1,3
200600031416,0006-06-26 14:00:00,6,6,26,14,0,580,117,Rue Gambetta,,,Plein jour,En agglomération,Hors intersection,Normale,Deux véhicules - côté,,,,,,,,,,,1,2,1,1,3
200600031417,0006-06-21 18:15:00,6,6,21,18,15,580,239,,47.048,3.369,Plein jour,Hors agglomération,Hors intersection,Normale,Deux véhicules - côté,,,,,,,,,,,1,1,1,1,3
200600031418,0006-06-30 18:00:00,6,6,30,18,0,580,238,10 rue de la perrière,,,Plein jour,En agglomération,Hors intersection,Normale,Deux véhicules - côté,,,,,,,,,,,1,2,1,1,3
200600031419,0006-06-25 21:15:00,6,6,25,21,15,580,144,,,,Plein jour,Hors agglomération,Hors intersection,Normale,Deux véhicules - frontale,,,,,,,,,,,1,1,1,1,1
200600031420,0006-06-01 16:00:00,6,6,1,16,0,580,240,,,,Plein jour,Hors agglomération,Hors intersection,Normale,Sans collision,,,,,,,,,,,1,1,1,1,7
200600031421,0006-06-29 14:55:00,6,6,29,14,55,580,132,CD 977 bis,,,Plein jour,Hors agglomération,Hors intersection,Normale,Sans collision,,,,,,,,,,,1,1,1,1,7
200600031422,0006-06-24 10:30:00,6,6,24,10,30,580,161,,,,Plein jour,En agglomération,Hors intersection,Normale,Deux véhicules - côté,,,,,,,,,,,1,2,1,1,3
200600031423,0006-06-09 13:30:00,6,6,9,13,30,580,263,,47.396,3.445,Plein jour,Hors agglomération,Hors intersection,Normale,Deux véhicules - frontale,,,,,,,,,,,1,1,1,1,1
200600031424,0006-06-13 08:15:00,6,6,13,8,15,710,360,9 ou Route des Allemands,,,Plein jour,Hors agglomération,Hors intersection,Normale,Deux véhicules - frontale,,,,,,,,,,,1,1,1,1,1
200600031425,0006-06-19 18:10:00,6,6,19,18,10,710,360,Chevigne,,,Plein jour,Hors agglomération,Hors intersection,Normale,Deux véhicules - frontale,,,,,,,,,,,1,1,1,1,1
200600031426,0006-06-22 17:15:00,6,6,22,17,15,710,481,RD466b,,,Plein jour,Hors agglomération,Hors intersection,Normale,Autre collision,,,,,,,,,,,1,1,1,1,6
200600031427,0006-06-29 14:45:00,6,6,29,14,45,710,481,,46.19,4.76,Plein jour,Hors agglomération,Hors intersection,Normale,Deux véhicules - frontale,,,,,,,,,,,1,1,1,1,1
200600031428,0006-06-10 21:45:00,6,6,10,21,45,710,137,rue  St pierre le vieux,46.31,4.484,Crépuscule ou aube,En agglomération,Hors intersection,Normale,Autre collision,,,,,,,,,,,2,2,1,1,6
200600031429,0006-06-20 14:00:00,6,6,20,14,0,710,137,rue prud'hon,46.435,4.662,Plein jour,En agglomération,Hors intersection,Normale,Deux véhicules - côté,,,,,,,,,,,1,2,1,1,3
200600031430,0006-06-22 12:15:00,6,6,22,12,15,710,112,,,,Plein jour,Hors agglomération,Hors intersection,Normale,Deux véhicules - frontale,,,,,,,,,,,1,1,1,1,1
200600031431,0006-06-15 07:15:00,6,6,15,7,15,710,383,RN6,46.431,4.879,Plein jour,En agglomération,Hors intersection,Normale,Deux véhicules - côté,,,,,,,,,,,1,2,1,1,3
200600031432,0006-06-16 08:00:00,6,6,16,8,0,710,359,,,,Plein jour,Hors agglomération,Intersection en X,Normale,Trois véhicules et plus - collisions multiples,,,,,,,,,,,1,1,2,1,5
200600031433,0006-06-20 08:15:00,6,6,20,8,15,710,16,,,,Plein jour,Hors agglomération,Hors intersection,Normale,Deux véhicules - côté,,,,,,,,,,,1,1,1,1,3
200600031434,0006-06-05 18:50:00,6,6,5,18,50,710,14,cd 120,,,Plein jour,Hors agglomération,Hors intersection,Normale,Trois véhicules et plus - collisions multiples,,,,,,,,,,,1,1,1,1,5
200600031435,0006-06-26 18:30:00,6,6,26,18,30,710,62,,,,Plein jour,Hors agglomération,Hors intersection,Normale,Deux véhicules - frontale,,,,,,,,,,,1,1,1,1,1
200600031436,0006-06-09 17:00:00,6,6,9,17,0,710,182,,46.79,4.74,Plein jour,Hors agglomération,Hors intersection,Normale,Autre collision,,,,,,,,,,,1,1,1,1,6
200600031437,0006-06-23 09:45:00,6,6,23,9,45,710,296,MESSEY LE BOIS,,,Plein jour,En agglomération,Hors intersection,Normale,Trois véhicules et plus - collisions multiples,,,,,,,,,,,1,2,1,1,5
200600031438,0006-06-27 09:00:00,6,6,27,9,0,710,102,,,,Plein jour,Hors agglomération,Hors intersection,Normale,Deux véhicules - frontale,,,,,,,,,,,1,1,1,1,1
200600031439,0006-06-28 17:45:00,6,6,28,17,45,710,221,,46.78,4.74,Plein jour,Hors agglomération,Hors intersection,Normale,Deux véhicules - côté,,,,,,,,,,,1,1,1,1,3
200600031440,0006-06-18 03:40:00,6,6,18,3,40,710,256,"RN 78, Lieu Dit La Forêt",,,Nuit sans éclairage public,Hors agglomération,Hors intersection,Normale,Deux véhicules - arrière,,,,,,,,,,,3,1,1,1,2
200600031441,0006-06-29 23:30:00,6,6,29,23,30,710,444,Route Nationale 6,,,Nuit sans éclairage public,En agglomération,Intersection en T,Normale,Trois véhicules et plus - collisions multiples,,,,,,,,,,,3,2,3,1,5
200600031442,0006-06-30 23:15:00,6,6,30,23,15,710,512,Route de JUGY,46.634,4.868,Nuit avec éclairage allumé,En agglomération,Hors intersection,Normale,Sans collision,,,,,,,,,,,5,2,1,1,7
200600031443,0006-06-24 18:15:00,6,6,24,18,15,710,4,CARREFOUR RN 73 - PIOCHY,46.812,4.949,Plein jour,En agglomération,Hors intersection,Normale,Sans collision,,,,,,,,,,,1,2,1,1,7
200600031444,0006-06-29 02:30:00,6,6,29,2,30,710,562,JJJJJ,46.42,4.32,Nuit sans éclairage public,Hors agglomération,Hors intersection,Normale,Autre collision,,,,,,,,,,,3,1,1,1,6
200600031445,0006-06-25 18:45:00,6,6,25,18,45,710,439,,46.479,4.086,Plein jour,Hors agglomération,Hors intersection,Pluie légère,Sans collision,,,,,,,,,,,1,1,1,2,7