accident_id,datetime,annee,mois,jour,heure,minute,departement,commune_insee,adresse,latitude,longitude,luminosite,agglomeration,intersection,meteo,collision,nb_vehicules,nb_usagers,nb_indemnes,nb_tues,nb_blesses_hosp,nb_blesses_legers,age_cond_1,age_cond_2,veh_type_cond_1,veh_type_cond_2,lum_code,agg_code,int_code,atm_code,col_code
200600031586,0006-06-11 10:45:00,6,6,11,10,45,60,130,,,,Plein jour,Hors agglomération,Hors intersection,Normale,Deux véhicules - frontale,,,,,,,,,,,1,1,1,1,1
200600031587,0006-06-11 17:30:00,6,6,11,17,30,60,45,,,,Plein jour,Hors agglomération,Hors intersection,Normale,Deux véhicules - frontale,,,,,,,,,,,1,1,1,1,1
200600031588,0006-06-16 16:30:00,6,6,16,16,30,60,130,RD6085,,,Plein jour,Hors agglomération,Hors intersection,Normale,Deux véhicules - frontale,,,,,,,,,,,1,1,1,1,1
200600031589,0006-06-05 12:15:00,6,6,5,12,15,60,157,,,,Plein jour,Hors agglomération,Intersection en X,Normale,Deux véhicules - frontale,,,,,,,,,,,1,1,2,1,1
200600031590,0006-06-05 17:00:00,6,6,5,17,0,60,157,nes /chemin de vosgelade,,,Plein jour,En agglomération,Hors intersection,Normale,Deux véhicules - côté,,,,,,,,,,,1,2,1,1,3
200600031591,0006-06-07 18:00:00,6,6,7,18,0,60,157,Avenue Emile Hugues,,,Plein jour,En agglomération,Hors intersection,Normale,Autre collision,,,,,,,,,,,1,2,1,1,6
200600031592,0006-06-21 16:00:00,6,6,21,16,0,60,157,rue du 08 mai 1945,,,Plein jour,En agglomération,Hors intersection,Normale,Autre collision,,,,,,,,,,,1,2,1,1,6
200600031593,0006-06-14 09:00:00,6,6,14,9,0,60,150,36 ROUTE DE NICE,,,Plein jour,En agglomération,Hors intersection,Normale,Deux véhicules - frontale,,,,,,,,,,,1,2,1,1,1
200600031594,0006-06-16 07:15:00,6,6,16,7,15,60,151,,43.857,7.198,Plein jour,Hors agglomération,Hors intersection,Temps couvert,Deux véhicules - frontale,,,,,,,,,,,1,1,1,8,1
200600031595,0006-06-29 12:45:00,6,6,29,12,45,60,78,,,,Plein jour,Hors agglomération,Hors intersection,Normale,Trois véhicules et plus - collisions multiples,,,,,,,,,,,1,1,1,1,5
200600031596,0006-06-21 10:00:00,6,6,21,10,0,60,16,,44.101,7.015,Crépuscule ou aube,Hors agglomération,Hors intersection,Normale,Sans collision,,,,,,,,,,,2,1,1,1,7
200600031597,0006-06-25 14:30:00,6,6,25,14,30,60,22,,43.826,7.123,Plein jour,Hors agglomération,Hors intersection,Normale,Deux véhicules - côté,,,,,,,,,,,1,1,1,1,3
200600031598,0006-06-04 14:45:00,6,6,4,14,45,60,129,,44.09,7.107,Plein jour,Hors agglomération,Hors intersection,Normale,Autre collision,,,,,,,,,,,1,1,1,1,6
200600031599,0006-06-05 14:45:00,6,6,5,14,45,60,129,,44.09,7.1,Plein jour,Hors agglomération,Hors intersection,Normale,Sans collision,,,,,,,,,,,1,1,1,1,7
200600031600,0006-06-29 16:00:00,6,6,29,16,0,60,129,,44.08,7.1,Plein jour,Hors agglomération,Hors intersection,Pluie forte,Sans collision,,,,,,,,,,,1,1,1,3,7
200600031601,0006-06-30 14:45:00,6,6,30,14,45,60,119,,44.32,6.86,Plein jour,Hors agglomération,Hors intersection,Normale,Sans collision,,,,,,,,,,,1,1,1,1,7
200600031602,0006-06-24 18:30:00,6,6,24,18,30,830,4,,,,Plein jour,Hors agglomération,Hors intersection,Normale,Deux véhicules - côté,,,,,,,,,,,1,1,1,1,3
200600031603,0006-06-26 06:15:00,6,6,26,6,15,830,4,,43.468,6.497,Crépuscule ou aube,Hors agglomération,Hors intersection,Normale,Deux véhicules - frontale,,,,,,,,,,,2,1,1,1,1
200600031604,0006-06-27 17:45:00,6,6,27,17,45,830,4,"Carrefour avenue des ""13",,,Plein jour,En agglomération,Intersection en X,Normale,Deux véhicules - côté,,,,,,,,,,,1,2,2,1,3
200600031605,0006-06-11 11:00:00,6,6,11,11,0,830,40,,,,Plein jour,Hors agglomération,Hors intersection,Normale,Sans collision,,,,,,,,,,,1,1,1,1,7
200600031606,0006-06-02 11:45:00,6,6,2,11,45,830,13,CD 21 pk 12+71m,,,Plein jour,Hors agglomération,Hors intersection,Normale,Sans collision,,,,,,,,,,,1,1,1,1,7
200600031607,0006-06-09 00:01:00,6,6,9,0,1,830,138,,,,Nuit sans éclairage public,Hors agglomération,Autre intersection,Normale,Deux véhicules - frontale,,,,,,,,,,,3,1,9,1,1
200600031608,0006-06-22 09:45:00,6,6,22,9,45,830,133,CD 37 - PK 25+900,,,Plein jour,Hors agglomération,Hors intersection,Normale,Trois véhicules et plus - en chaîne,,,,,,,,,,,1,1,1,1,4
200600031609,0006-06-24 12:10:00,6,6,24,12,10,830,18,Quartier La Meissonnière,,,Plein jour,Hors agglomération,Passage à niveau,Normale,Deux véhicules - frontale,,,,,,,,,,,1,1,8,1,1
200600031610,0006-06-27 11:30:00,6,6,27,11,30,830,149,arrefour CD 560 - CD 557,,,Plein jour,Hors agglomération,Intersection en T,Normale,Deux véhicules - côté,,,,,,,,,,,1,1,3,1,3
200600031611,0006-06-11 16:00:00,6,6,11,16,0,830,23,Déviation de la RN 7,,,Plein jour,En agglomération,Hors intersection,Normale,Trois véhicules et plus - collisions multiples,,,,,,,,,,,1,2,1,1,5
200600031612,0006-06-22 16:45:00,6,6,22,16,45,830,37,,,,Plein jour,Hors agglomération,Hors intersection,Normale,Deux véhicules - côté,,,,,,,,,,,1,1,1,1,3
200600031613,0006-06-07 18:00:00,6,6,7,18,0,830,25,,43.516,5.925,Plein jour,Hors agglomération,Hors intersection,Normale,Sans collision,,,,,,,,,,,1,1,1,1,7
200600031614,0006-06-13 09:30:00,6,6,13,9,30,830,32,CD 562,,,Plein jour,Hors agglomération,Hors intersection,Normale,Autre collision,,,,,,,,,,,1,1,1,1,6
200600031615,0006-06-12 14:30:00,6,6,12,14,30,830,25,,,,Plein jour,Hors agglomération,Hors intersection,Normale,Autre collision,,,,,,,,,,,1,1,1,1,6
200600031616,0006-06-11 17:45:00,6,6,11,17,45,830,33,97  PK 30+500 croissant,,,Plein jour,Hors agglomération,Hors intersection,Normale,Autre collision,,,,,,,,,,,1,1,1,1,6
200600031617,0006-06-16 17:00:00,6,6,16,17,0,830,33,CD13,,,Plein jour,En agglomération,Hors intersection,Normale,Deux véhicules - frontale,,,,,,,,,,,1,2,1,1,1
200600031618,0006-06-22 22:50:00,6,6,22,22,50,830,91,D12,,,Nuit sans éclairage public,Hors agglomération,Hors intersection,Normale,Sans collision,,,,,,,,,,,3,1,1,1,7
200600031619,0006-06-28 22:15:00,6,6,28,22,15,830,100,ancienne RN97,,,Nuit avec éclairage allumé,En agglomération,Hors intersection,Normale,Deux véhicules - côté,,,,,,,,,,,5,2,1,1,3
200600031620,0006-06-09 21:45:00,6,6,9,21,45,830,77,le cros de l'étang,,,Crépuscule ou aube,Hors agglomération,Hors intersection,Normale,Autre collision,,,,,,,,,,,2,1,1,1,6
200600031621,0006-06-04 11:20:00,6,6,4,11,20,830,120,RN 560 LA SAMBUC,,,Plein jour,Hors agglomération,Hors intersection,Normale,Deux véhicules - frontale,,,,,,,,,,,1,1,1,1,1
200600031622,0006-06-06 02:00:00,6,6,6,2,0,830,87,,,,Nuit sans éclairage public,Hors agglomération,Hors intersection,Normale,Autre collision,,,,,,,,,,,3,1,1,1,6
200600031623,0006-06-13 11:45:00,6,6,13,11,45,830,107,,43.466,6.624,Plein jour,Hors agglomération,Hors intersection,Normale,Deux véhicules - frontale,,,,,,,,,,,1,1,1,1,1
200600031624,0006-06-16 20:30:00,6,6,16,20,30,830,107,Route de la Bouverie,,,Plein jour,Hors agglomération,Hors intersection,Normale,Deux véhicules - frontale,,,,,,,,,,,1,1,1,1,1
200600031625,0006-06-22 18:15:00,6,6,22,18,15,830,107,san peire,,,Plein jour,En agglomération,Hors intersection,Normale,Autre collision,,,,,,,,,,,1,2,1,1,6
200600031626,0006-06-20 10:15:00,6,6,20,10,15,830,48,,,,Plein jour,Hors agglomération,Hors intersection,Normale,Deux véhicules - frontale,,,,,,,,,,,1,1,1,1,1
200600031627,0006-06-02 12:45:00,6,6,2,12,45,830,68,parcs de la Reine Astrid,,,Plein jour,Hors agglomération,Giratoire,Normale,Deux véhicules - côté,,,,,,,,,,,1,1,6,1,3
200600031628,0006-06-02 19:45:00,6,6,2,19,45,830,68,,,,Plein jour,Hors agglomération,Hors intersection,Normale,Deux véhicules - côté,,,,,,,,,,,1,1,1,1,3
200600031629,0006-06-15 11:25:00,6,6,15,11,25,830,68,RN 98,,,Plein jour,Hors agglomération,Hors intersection,Normale,Deux véhicules - frontale,,,,,,,,,,,1,1,1,1,1
200600031630,0006-06-15 12:15:00,6,6,15,12,15,830,42,Rue Sigismond Coulet,,,Plein jour,En agglomération,Hors intersection,Normale,Autre collision,,,,,,,,,,,1,2,1,1,6
200600031631,0006-06-15 12:45:00,6,6,15,12,45,830,68,,,,Plein jour,Hors agglomération,Hors intersection,Normale,Autre collision,,,,,,,,,,,1,1,1,1,6
200600031632,0006-06-15 17:35:00,6,6,15,17,35,830,68,e la pépinière ROCHIETTA,,,Plein jour,Hors agglomération,Hors intersection,Normale,Deux véhicules - côté,,,,,,,,,,,1,1,1,1,3
200600031633,0006-06-16 08:00:00,6,6,16,8,0,830,42,RUE MARCEAU,,,Plein jour,En agglomération,Hors intersection,Normale,Autre collision,,,,,,,,,,,1,2,1,1,6
200600031634,0006-06-16 18:05:00,6,6,16,18,5,830,68,route nbationale 98,,,Plein jour,Hors agglomération,Hors intersection,Normale,Deux véhicules - arrière,,,,,,,,,,,1,1,1,1,2
200600031635,0006-06-17 08:30:00,6,6,17,8,30,830,68,,,,Plein jour,Hors agglomération,Hors intersection,Normale,Deux véhicules - côté,,,,,,,,,,,1,1,1,1,3
200600031636,0006-06-24 09:30:00,6,6,24,9,30,830,68,D61,,,Plein jour,Hors agglomération,Hors intersection,Normale,Deux véhicules - arrière,,,,,,,,,,,1,1,1,1,2
200600031637,0006-06-24 18:35:00,6,6,24,18,35,830,42,S - RD 48 - P. R. 21+900,,,Plein jour,En agglomération,Hors intersection,Normale,Deux véhicules - côté,,,,,,,,,,,1,2,1,1,3
200600031638,0006-06-27 00:45:00,6,6,27,0,45,830,68,,,,Nuit avec éclairage allumé,Hors agglomération,Hors intersection,Normale,Autre collision,,,,,,,,,,,5,1,1,1,6
200600031639,0006-06-26 09:30:00,6,6,26,9,30,830,68,ST PONS LES MURES,,,Plein jour,Hors agglomération,Autre intersection,Normale,Deux véhicules - frontale,,,,,,,,,,,1,1,9,1,1
200600031640,0006-06-09 21:00:00,6,6,9,21,0,830,86,chemin d'Endre,,,Nuit sans éclairage public,Hors agglomération,Hors intersection,Normale,Autre collision,,,,,,,,,,,3,1,1,1,6
200600031641,0006-06-25 10:05:00,6,6,25,10,5,830,86,quartier Les Signes,,,Plein jour,Hors agglomération,Hors intersection,Normale,Sans collision,,,,,,,,,,,1,1,1,1,7
200600031642,0006-06-01 11:00:00,6,6,1,11,0,830,94,CD74,,,Plein jour,En agglomération,Hors intersection,Normale,Deux véhicules - frontale,,,,,,,,,,,1,2,1,1,1
200600031643,0006-06-17 15:45:00,6,6,17,15,45,830,115,La Nartelle,,,Plein jour,En agglomération,Hors intersection,Normale,Autre collision,,,,,,,,,,,1,2,1,1,6
200600031644,0006-06-27 11:15:00,6,6,27,11,15,830,115,"u-dit ""St Donat"" - CD 25",,,Plein jour,Hors agglomération,Hors intersection,Normale,Sans collision,,,,,,,,,,,1,1,1,1,7
200600031645,0006-06-14 09:00:00,6,6,14,9,0,830,65,,,,Plein jour,Hors agglomération,Intersection en T,Normale,Deux véhicules - frontale,,,,,,,,,,,1,1,3,1,1
200600031646,0006-06-22 01:50:00,6,6,22,1,50,830,65,eu dit le Treizain CD98A,,,Nuit avec éclairage allumé,Hors agglomération,Hors intersection,Normale,Autre collision,,,,,,,,,,,5,1,1,1,6
200600031647,0006-06-22 03:00:00,6,6,22,3,0,830,119,Route des salins,,,Nuit avec éclairage allumé,En agglomération,Hors intersection,Normale,Sans collision,,,,,,,,,,,5,2,1,1,7
200600031648,0006-06-02 07:15:00,6,6,2,7,15,830,35,,,,Crépuscule ou aube,Hors agglomération,Hors intersection,Normale,Trois véhicules et plus - collisions multiples,,,,,,,,,,,2,1,1,1,5
200600031649,0006-06-03 17:30:00,6,6,3,17,30,830,16,oute nationale 8 - PK 10,,,Plein jour,Hors agglomération,Hors intersection,Normale,Sans collision,,,,,,,,,,,1,1,1,1,7
200600031650,0006-06-03 18:45:00,6,6,3,18,45,830,47,"RN 98, PONT DE GAVARRY",,,Plein jour,Hors agglomération,Hors intersection,Temps éblouissant,Deux véhicules - frontale,,,,,,,,,,,1,1,1,7,1
200600031651,0006-06-02 15:00:00,6,6,2,15,0,830,19,sement du Grand Plantier,,,Plein jour,En agglomération,Hors intersection,Normale,Deux véhicules - côté,,,,,,,,,,,1,2,1,1,3
200600031652,0006-06-11 20:15:00,6,6,11,20,15,830,70,mentale 559 - Aiguebelle,,,Plein jour,Hors agglomération,Hors intersection,Normale,Deux véhicules - côté,,,,,,,,,,,1,1,1,1,3
200600031653,0006-06-16 09:45:00,6,6,16,9,45,830,70,AV LOU MISTRAOU,,,Plein jour,En agglomération,Hors intersection,Normale,Autre collision,,,,,,,,,,,1,2,1,1,6
200600031654,0006-06-02 22:00:00,6,6,2,22,0,830,71,NUE DU GENERAL DE GAULLE,,,Nuit avec éclairage allumé,En agglomération,Hors intersection,Normale,Autre collision,,,,,,,,,,,5,2,1,1,6
200600031655,0006-06-25 09:15:00,6,6,25,9,15,830,71,La Brulade -,,,Nuit avec éclairage allumé,En agglomération,Hors intersection,Normale,Sans collision,,,,,,,,,,,5,2,1,1,7
200600031656,0006-06-04 14:45:00,6,6,4,14,45,830,112,"CD 559, ZAC des Pradeaux",,,Plein jour,En agglomération,Hors intersection,Normale,Trois véhicules et plus - collisions multiples,,,,,,,,,,,1,2,1,1,5
200600031657,0006-06-23 11:00:00,6,6,23,11,0,830,132,le logis neuf,,,Plein jour,En agglomération,Hors intersection,Normale,Autre collision,,,,,,,,,,,1,2,1,1,6
200600031658,0006-06-23 08:00:00,6,6,23,8,0,840,34,,,,Plein jour,Hors agglomération,Autre intersection,Normale,Deux véhicules - frontale,,,,,,,,,,,1,1,9,1,1
200600031659,0006-06-17 10:30:00,6,6,17,10,30,840,99,,,,Plein jour,Hors agglomération,Intersection en X,Normale,Deux véhicules - côté,,,,,,,,,,,1,1,2,1,3
200600031660,0006-06-06 08:55:00,6,6,6,8,55,840,92,Route de St Saturnin,,,Plein jour,Hors agglomération,Hors intersection,Normale,Deux véhicules - arrière,,,,,,,,,,,1,1,1,1,2
200600031661,0006-06-14 15:00:00,6,6,14,15,0,840,92,Avenue Gustave GOUTAREL,43.967,4.875,Plein jour,En agglomération,Hors intersection,Normale,Deux véhicules - côté,,,,,,,,,,,1,2,1,1,3
200600031662,0006-06-25 08:45:00,6,6,25,8,45,840,129,CHEMIN DE L OISELET,,,Plein jour,En agglomération,Hors intersection,Normale,Autre collision,,,,,,,,,,,1,2,1,1,6
200600031663,0006-06-30 13:50:00,6,6,30,13,50,840,129,La Marquette,,,Plein jour,Hors agglomération,Hors intersection,Normale,Autre collision,,,,,,,,,,,1,1,1,1,6
200600031664,0006-06-20 16:50:00,6,6,20,16,50,840,3,avenue victor Hugo,,,Plein jour,En agglomération,Autre intersection,Normale,Deux véhicules - côté,,,,,,,,,,,1,2,9,1,3
200600031665,0006-06-12 16:30:00,6,6,12,16,30,840,9,,43.78,5.613,Plein jour,Hors agglomération,Hors intersection,Normale,Deux véhicules - frontale,,,,,,,,,,,1,1,1,1,1
200600031666,0006-06-23 13:45:00,6,6,23,13,45,840,84,,43.762,5.508,Plein jour,Hors agglomération,Hors intersection,Normale,Trois véhicules et plus - collisions multiples,,,,,,,,,,,1,1,1,1,5
200600031667,0006-06-04 11:30:00,6,6,4,11,30,840,4,place de l'église,,,Plein jour,En agglomération,Place,Normale,Autre collision,,,,,,,,,,,1,2,7,1,6
200600031668,0006-06-26 17:15:00,6,6,26,17,15,840,72,,,,Plein jour,Hors agglomération,Intersection en X,Normale,Deux véhicules - côté,,,,,,,,,,,1,1,2,1,3
200600031669,0006-06-27 13:45:00,6,6,27,13,45,840,72,Rt de Blauvac,,,Plein jour,En agglomération,Intersection en X,Normale,Deux véhicules - côté,,,,,,,,,,,1,2,2,1,3
200600031670,0006-06-15 12:15:00,6,6,15,12,15,840,17,route de la garenne,,,Plein jour,En agglomération,Hors intersection,Normale,Deux véhicules - frontale,,,,,,,,,,,1,2,1,1,1
200600031671,0006-06-07 09:45:00,6,6,7,9,45,840,88,,44.019,5.03,Plein jour,Hors agglomération,Hors intersection,Normale,Deux véhicules - frontale,,,,,,,,,,,1,1,1,1,1
200600031672,0006-06-01 04:15:00,6,6,1,4,15,840,37,,,,Nuit sans éclairage public,Hors agglomération,Hors intersection,Normale,Deux véhicules - frontale,,,,,,,,,,,3,1,1,1,1
200600031673,0006-06-09 13:30:00,6,6,9,13,30,840,78,intersection RN7 et D44,44.244,4.714,Plein jour,En agglomération,Hors intersection,Normale,Deux véhicules - côté,,,,,,,,,,,1,2,1,1,3
200600031674,0006-06-10 10:00:00,6,6,10,10,0,840,19,Rue Champollion,44.299,4.751,Plein jour,En agglomération,Hors intersection,Normale,Deux véhicules - frontale,,,,,,,,,,,1,2,1,1,1
200600031675,0006-06-26 16:45:00,6,6,26,16,45,840,64,,,,Plein jour,Hors agglomération,Hors intersection,Normale,Deux véhicules - frontale,,,,,,,,,,,1,1,1,1,1
200600031676,0006-06-27 10:50:00,6,6,27,10,50,840,19,N7 quartier la croisière,,,Plein jour,Hors agglomération,Hors intersection,Normale,Autre collision,,,,,,,,,,,1,1,1,1,6
200600031677,0006-06-19 08:45:00,6,6,19,8,45,840,63,rond point de la mairie,44.269,4.678,Plein jour,En agglomération,Giratoire,Normale,Deux véhicules - frontale,,,,,,,,,,,1,2,6,1,1
200600031678,0006-06-17 13:30:00,6,6,17,13,30,840,116,,,,Plein jour,Hors agglomération,Hors intersection,Normale,Deux véhicules - frontale,,,,,,,,,,,1,1,1,1,1
200600031679,0006-06-29 12:00:00,6,6,29,12,0,840,127,CD976,,,Plein jour,Hors agglomération,Hors intersection,Normale,Sans collision,,,,,,,,,,,1,1,1,1,7
200600031680,0006-06-15 17:00:00,6,6,15,17,0,340,57,AVENUE DU JEU DE MAIL,,,Plein jour,En agglomération,Hors intersection,Normale,Autre collision,,,,,,,,,,,1,2,1,1,6
200600031681,0006-06-17 20:00:00,6,6,17,20,0,340,57,avenue jean jaurès,,,Plein jour,En agglomération,Hors intersection,Normale,Deux véhicules - frontale,,,,,,,,,,,1,2,1,1,1
200600031682,0006-06-26 17:30:00,6,6,26,17,30,340,57,enue de l'europe RN 113,,,Plein jour,En agglomération,Hors intersection,Normale,Autre collision,,,,,,,,,,,1,2,1,1,6
200600031683,0006-06-11 03:20:00,6,6,11,3,20,340,249,route de Beaulieu,,,Nuit avec éclairage allumé,En agglomération,Hors intersection,Normale,Autre collision,,,,,,,,,,,5,2,1,1,6
200600031684,0006-06-11 17:10:00,6,6,11,17,10,340,309,CD 68,,,Plein jour,Hors agglomération,Hors intersection,Normale,Deux véhicules - frontale,,,,,,,,,,,1,1,1,1,1
200600031685,0006-06-21 08:20:00,6,6,21,8,20,340,151,8 rue Léopold DIOT,,,Plein jour,En agglomération,Hors intersection,Normale,Autre collision,,,,,,,,,,,1,2,1,1,6
200600031686,0006-06-23 17:15:00,6,6,23,17,15,340,145,,,,Plein jour,En agglomération,Hors intersection,Normale,Deux véhicules - frontale,,,,,,,,,,,1,2,1,1,1
200600031687,0006-06-27 20:20:00,6,6,27,20,20,340,145,chemin des Boeufs,,,Plein jour,En agglomération,Hors intersection,Normale,Deux véhicules - côté,,,,,,,,,,,1,2,1,1,3
200600031688,0006-06-19 17:30:00,6,6,19,17,30,340,240,CD 24 E,43.63,3.97,Plein jour,Hors agglomération,Hors intersection,Normale,Deux véhicules - frontale,,,,,,,,,,,1,1,1,1,1
200600031689,0006-06-22 06:45:00,6,6,22,6,45,340,154,,43.6,3.96,Plein jour,Hors agglomération,Hors intersection,Normale,Deux véhicules - frontale,,,,,,,,,,,1,1,1,1,1
200600031690,0006-06-30 15:00:00,6,6,30,15,0,340,240,avenue du salaison,43.646,3.954,Plein jour,Hors agglomération,Hors intersection,Normale,Deux véhicules - frontale,,,,,,,,,,,1,1,1,1,1
200600031691,0006-06-10 22:30:00,6,6,10,22,30,340,28,CD908,,,Nuit sans éclairage public,Hors agglomération,Hors intersection,Normale,Sans collision,,,,,,,,,,,3,1,1,1,7
200600031692,0006-06-26 10:00:00,6,6,26,10,0,340,28,ZONE COMMERCIALE,,,Plein jour,En agglomération,Hors intersection,Normale,Autre collision,,,,,,,,,,,1,2,1,1,6
200600031693,0006-06-26 12:30:00,6,6,26,12,30,340,167,,,,Plein jour,Hors agglomération,Hors intersection,Normale,Autre collision,,,,,,,,,,,1,1,1,1,6
200600031694,0006-06-28 08:00:00,6,6,28,8,0,340,183,CD 609,43.296,3.12,Plein jour,En agglomération,Hors intersection,Normale,Sans collision,,,,,,,,,,,1,2,1,1,7
200600031695,0006-06-19 15:00:00,6,6,19,15,0,340,70,,,,Plein jour,Hors agglomération,Hors intersection,Normale,Deux véhicules - côté,,,,,,,,,,,1,1,1,1,3
200600031696,0006-06-07 09:30:00,6,6,7,9,30,340,199,AVENUE DE VERDUN,43.46,3.424,Plein jour,En agglomération,Hors intersection,Normale,Autre collision,,,,,,,,,,,1,2,1,1,6
200600031697,0006-06-16 17:15:00,6,6,16,17,15,340,199,30 Avenue de Plaisance,43.465,3.421,Plein jour,En agglomération,Hors intersection,Temps éblouissant,Autre collision,,,,,,,,,,,1,2,1,7,6
200600031698,0006-06-23 11:30:00,6,6,23,11,30,340,199,,,,Plein jour,Hors agglomération,Hors intersection,Normale,Autre collision,,,,,,,,,,,1,1,1,1,6
200600031699,0006-06-02 17:45:00,6,6,2,17,45,340,237,,,,Plein jour,Hors agglomération,Hors intersection,Normale,Trois véhicules et plus - collisions multiples,,,,,,,,,,,1,1,1,1,5
200600031700,0006-06-13 17:50:00,6,6,13,17,50,340,214,D15  lieu dit St PREMIAN,,,Plein jour,Hors agglomération,Hors intersection,Normale,Autre collision,,,,,,,,,,,1,1,1,1,6
200600031701,0006-06-18 07:15:00,6,6,18,7,15,340,300,,43.399,3.327,Plein jour,Hors agglomération,Hors intersection,Pluie légère,Sans collision,,,,,,,,,,,1,1,1,2,7
200600031702,0006-06-23 12:15:00,6,6,23,12,15,340,149,,,,Plein jour,Hors agglomération,Hors intersection,Normale,Autre collision,,,,,,,,,,,1,1,1,1,6
200600031703,0006-06-08 23:00:00,6,6,8,23,0,340,324,Boulevard Jean MOULIN,43.247,3.291,Nuit avec éclairage allumé,En agglomération,Hors intersection,Normale,Autre collision,,,,,,,,,,,5,2,1,1,6
200600031704,0006-06-30 16:45:00,6,6,30,16,45,340,299,D37E11,43.287,3.284,Plein jour,En agglomération,Hors intersection,Normale,Deux véhicules - frontale,,,,,,,,,,,1,2,1,1,1
200600031705,0006-06-14 16:30:00,6,6,14,16,30,340,142,,,,Plein jour,Hors agglomération,Hors intersection,Normale,Deux véhicules - frontale,,,,,,,,,,,1,1,1,1,1
200600031706,0006-06-01 17:15:00,6,6,1,17,15,340,204,PLACE DE LA POSTE,43.562,3.524,Plein jour,En agglomération,Place,Normale,Autre collision,,,,,,,,,,,1,2,7,1,6
200600031707,0006-06-10 19:00:00,6,6,10,19,0,340,47,,43.543,3.5,Plein jour,Hors agglomération,Hors intersection,Normale,Deux véhicules - côté,,,,,,,,,,,1,1,1,1,3
200600031708,0006-06-21 08:00:00,6,6,21,8,0,340,313,,43.583,3.489,Crépuscule ou aube,Hors agglomération,Hors intersection,Normale,Autre collision,,,,,,,,,,,2,1,1,1,6
200600031709,0006-06-27 16:15:00,6,6,27,16,15,340,79,avenue du stade municipa,43.633,3.433,Plein jour,En agglomération,Hors intersection,Normale,Deux véhicules - côté,,,,,,,,,,,1,2,1,1,3
200600031710,0006-06-27 17:00:00,6,6,27,17,0,340,79,"CD 908 ""La Faïence""",43.624,3.412,Plein jour,Hors agglomération,Hors intersection,Normale,Sans collision,,,,,,,,,,,1,1,1,1,7
200600031711,0006-06-26 16:30:00,6,6,26,16,30,340,267,,43.71,3.556,Plein jour,Hors agglomération,Hors intersection,Normale,Sans collision,,,,,,,,,,,1,1,1,1,7
200600031712,0006-06-26 08:00:00,6,6,26,8,0,340,79,1 Rue Hippolytte Rouquet,43.631,3.434,Plein jour,En agglomération,Hors intersection,Normale,Deux véhicules - arrière,,,,,,,,,,,1,2,1,1,2
200600031713,0006-06-23 07:50:00,6,6,23,7,50,340,150,avenue Victor Hugo,,,Plein jour,En agglomération,Hors intersection,Normale,Deux véhicules - côté,,,,,,,,,,,1,2,1,1,3
200600031714,0006-06-26 14:00:00,6,6,26,14,0,340,143,,43.467,3.626,Plein jour,Hors agglomération,Hors intersection,Normale,Sans collision,,,,,,,,,,,1,1,1,1,7
200600031715,0006-06-08 01:45:00,6,6,8,1,45,110,259,,,,Nuit sans éclairage public,Hors agglomération,Hors intersection,Normale,Sans collision,,,,,,,,,,,3,1,1,1,7
200600031716,0006-06-03 19:05:00,6,6,3,19,5,110,99,Lieu-dit ' La tuilerie',43.277,2.424,Plein jour,Hors agglomération,Hors intersection,Normale,Sans collision,,,,,,,,,,,1,1,1,1,7
200600031717,0006-06-15 15:50:00,6,6,15,15,50,110,185,CD 3 - PK 34.680,,,Plein jour,Hors agglomération,Hors intersection,Normale,Autre collision,,,,,,,,,,,1,1,1,1,6
200600031718,0006-06-30 18:40:00,6,6,30,18,40,110,356,16  lieu-dit les periers,43.318,2.013,Plein jour,Hors agglomération,Hors intersection,Normale,Deux véhicules - frontale,,,,,,,,,,,1,1,1,1,1
200600031719,0006-06-24 18:15:00,6,6,24,18,15,110,136,ROUTE DE bELPECH,,,Plein jour,En agglomération,Intersection en T,Pluie légère,Deux véhicules - frontale,,,,,,,,,,,1,2,3,2,1
200600031720,0006-06-23 15:45:00,6,6,23,15,45,110,371,,,,Plein jour,Hors agglomération,Hors intersection,Normale,Autre collision,,,,,,,,,,,1,1,1,1,6
200600031721,0006-06-27 12:30:00,6,6,27,12,30,110,312,Les PRADELS,43.181,1.915,Plein jour,En agglomération,Hors intersection,Normale,Sans collision,,,,,,,,,,,1,2,1,1,7
200600031722,0006-06-07 17:15:00,6,6,7,17,15,110,90,,43.114,2.27,Plein jour,Hors agglomération,Hors intersection,Normale,Autre collision,,,,,,,,,,,1,1,1,1,6
200600031723,0006-06-29 06:30:00,6,6,29,6,30,110,8,PK 68.500,43.004,2.251,Plein jour,Hors agglomération,Hors intersection,Normale,Deux véhicules - frontale,,,,,,,,,,,1,1,1,1,1
200600031724,0006-06-30 23:40:00,6,6,30,23,40,110,105,PK 64+400 CD118,,,Nuit sans éclairage public,Hors agglomération,Hors intersection,Normale,Deux véhicules - arrière,,,,,,,,,,,3,1,1,1,2