accident_id,datetime,annee,mois,jour,heure,minute,departement,commune_insee,adresse,latitude,longitude,luminosite,agglomeration,intersection,meteo,collision,nb_vehicules,nb_usagers,nb_indemnes,nb_tues,nb_blesses_hosp,nb_blesses_legers,age_cond_1,age_cond_2,veh_type_cond_1,veh_type_cond_2,lum_code,agg_code,int_code,atm_code,col_code
200600031864,0006-06-09 17:20:00,6,6,9,17,20,770,25,CD 411,,,Plein jour,Hors agglomération,Hors intersection,Normale,Deux véhicules - arrière,,,,,,,,,,,1,1,1,1,2
200600031865,0006-06-29 16:00:00,6,6,29,16,0,770,236,,48.422,3.282,Plein jour,Hors agglomération,Autre intersection,Normale,Deux véhicules - arrière,,,,,,,,,,,1,1,9,1,2
200600031866,0006-06-01 04:15:00,6,6,1,4,15,450,8,,,,Nuit avec éclairage allumé,Hors agglomération,Hors intersection,Normale,Deux véhicules - côté,,,,,,,,,,,5,1,1,1,3
200600031867,0006-06-16 13:15:00,6,6,16,13,15,450,341,,,,Plein jour,Hors agglomération,Hors intersection,Normale,Sans collision,,,,,,,,,,,1,1,1,1,7
200600031868,0006-06-24 17:30:00,6,6,24,17,30,450,146,e de la fontaine / RN 20,,,Plein jour,En agglomération,Hors intersection,Normale,Trois véhicules et plus - collisions multiples,,,,,,,,,,,1,2,1,1,5
200600031869,0006-06-29 16:45:00,6,6,29,16,45,450,272,,,,Plein jour,Hors agglomération,Hors intersection,Normale,Deux véhicules - côté,,,,,,,,,,,1,1,1,1,3
200600031870,0006-06-15 19:15:00,6,6,15,19,15,450,24,,47.813,1.668,Plein jour,Hors agglomération,Hors intersection,Normale,Trois véhicules et plus - collisions multiples,,,,,,,,,,,1,1,1,1,5
200600031871,0006-06-20 18:00:00,6,6,20,18,0,450,179,Carrefour des essaveurs,,,Plein jour,Hors agglomération,Hors intersection,Normale,Deux véhicules - côté,,,,,,,,,,,1,1,1,1,3
200600031872,0006-06-01 13:15:00,6,6,1,13,15,450,80,,48.238,2.077,Plein jour,Hors agglomération,Intersection en X,Normale,Deux véhicules - côté,,,,,,,,,,,1,1,2,1,3
200600031873,0006-06-02 18:00:00,6,6,2,18,0,450,261,Rue du Soleil,,,Plein jour,En agglomération,Hors intersection,Normale,Sans collision,,,,,,,,,,,1,2,1,1,7
200600031874,0006-06-04 05:45:00,6,6,4,5,45,450,188,avenue de fontainebleau,48.004,2.091,Crépuscule ou aube,En agglomération,Hors intersection,Normale,Trois véhicules et plus - en chaîne,,,,,,,,,,,2,2,1,1,4
200600031875,0006-06-15 19:30:00,6,6,15,19,30,450,155,Rue de la noé,,,Plein jour,En agglomération,Hors intersection,Normale,Autre collision,,,,,,,,,,,1,2,1,1,6
200600031876,0006-06-17 17:50:00,6,6,17,17,50,450,227,d point de NEVOY- CD 952,,,Plein jour,Hors agglomération,Giratoire,Normale,Sans collision,,,,,,,,,,,1,1,6,1,7
200600031877,0006-06-28 17:40:00,6,6,28,17,40,450,155,73 rue bernard palissy,,,Plein jour,En agglomération,Hors intersection,Normale,Deux véhicules - arrière,,,,,,,,,,,1,2,1,1,2
200600031878,0006-06-19 13:45:00,6,6,19,13,45,450,53,46 rue Saint Firmin,47.637,2.74,Plein jour,En agglomération,Hors intersection,Normale,Deux véhicules - frontale,,,,,,,,,,,1,2,1,1,1
200600031879,0006-06-11 18:15:00,6,6,11,18,15,450,277,,,,Plein jour,Hors agglomération,Hors intersection,Temps éblouissant,Autre collision,,,,,,,,,,,1,1,1,7,6
200600031880,0006-06-11 23:45:00,6,6,11,23,45,450,122,,,,Nuit sans éclairage public,Hors agglomération,Hors intersection,Normale,Autre collision,,,,,,,,,,,3,1,1,1,6
200600031881,0006-06-17 16:15:00,6,6,17,16,15,450,51,,,,Plein jour,Hors agglomération,Hors intersection,Normale,Autre collision,,,,,,,,,,,1,1,1,1,6
200600031882,0006-06-27 17:00:00,6,6,27,17,0,450,83,,47.946,2.925,Plein jour,Hors agglomération,Hors intersection,Normale,Deux véhicules - frontale,,,,,,,,,,,1,1,1,1,1
200600031883,0006-06-09 08:45:00,6,6,9,8,45,450,103,lieux dit Bréau,,,Plein jour,En agglomération,Hors intersection,Normale,Deux véhicules - frontale,,,,,,,,,,,1,2,1,1,1
200600031884,0006-06-26 18:45:00,6,6,26,18,45,450,148,,48.09,2.77,Plein jour,Hors agglomération,Hors intersection,Normale,Deux véhicules - arrière,,,,,,,,,,,1,1,1,1,2
200600031885,0006-06-15 11:15:00,6,6,15,11,15,450,191,route de Sermaises,48.299,2.407,Plein jour,En agglomération,Hors intersection,Pluie forte,Sans collision,,,,,,,,,,,1,2,1,3,7
200600031886,0006-06-20 08:15:00,6,6,20,8,15,450,139,,48.191,2.312,Plein jour,Hors agglomération,Hors intersection,Pluie légère,Deux véhicules - frontale,,,,,,,,,,,1,1,1,2,1
200600031887,0006-06-21 15:45:00,6,6,21,15,45,450,253,,,,Plein jour,Hors agglomération,Hors intersection,Normale,Deux véhicules - frontale,,,,,,,,,,,1,1,1,1,1
200600031888,0006-06-27 17:45:00,6,6,27,17,45,450,192,4 GRANDE RUE,,,Plein jour,En agglomération,Hors intersection,Normale,Deux véhicules - frontale,,,,,,,,,,,1,2,1,1,1
200600031889,0006-06-03 15:30:00,6,6,3,15,30,450,125,RUE DE LA REPUBLIQUE,,,Plein jour,En agglomération,Hors intersection,Normale,Deux véhicules - frontale,,,,,,,,,,,1,2,1,1,1
200600031890,0006-06-09 10:00:00,6,6,9,10,0,180,118,,47.056,3.0,Plein jour,Hors agglomération,Hors intersection,Normale,Deux véhicules - arrière,,,,,,,,,,,1,1,1,1,2
200600031891,0006-06-29 04:15:00,6,6,29,4,15,180,240,route de Groises,47.167,2.914,Nuit avec éclairage allumé,Hors agglomération,Hors intersection,Normale,Autre collision,,,,,,,,,,,5,1,1,1,6
200600031892,0006-06-22 20:30:00,6,6,22,20,30,180,117,CD 89,,,Plein jour,Hors agglomération,Hors intersection,Normale,Deux véhicules - frontale,,,,,,,,,,,1,1,1,1,1
200600031893,0006-06-02 16:45:00,6,6,2,16,45,180,197,,46.74,2.489,Plein jour,Hors agglomération,Hors intersection,Normale,Sans collision,,,,,,,,,,,1,1,1,1,7
200600031894,0006-06-05 17:45:00,6,6,5,17,45,180,169,,46.73,2.44,Plein jour,Hors agglomération,Hors intersection,Normale,Deux véhicules - côté,,,,,,,,,,,1,1,1,1,3
200600031895,0006-06-11 23:10:00,6,6,11,23,10,180,155,"""Les Chétifs Bois""",46.832,2.987,Nuit sans éclairage public,Hors agglomération,Hors intersection,Normale,Trois véhicules et plus - collisions multiples,,,,,,,,,,,3,1,1,1,5
200600031896,0006-06-29 13:15:00,6,6,29,13,15,180,108,,46.978,2.89,Plein jour,Hors agglomération,Autre intersection,Normale,Sans collision,,,,,,,,,,,1,1,9,1,7
200600031897,0006-06-10 08:30:00,6,6,10,8,30,180,159,,47.379,2.145,Plein jour,Hors agglomération,Hors intersection,Normale,Autre collision,,,,,,,,,,,1,1,1,1,6
200600031898,0006-06-20 14:00:00,6,6,20,14,0,180,15,,,,Plein jour,Hors agglomération,Hors intersection,Normale,Deux véhicules - côté,,,,,,,,,,,1,1,1,1,3
200600031899,0006-06-30 19:15:00,6,6,30,19,15,180,207,,46.989,2.268,Plein jour,Hors agglomération,Hors intersection,Normale,Deux véhicules - arrière,,,,,,,,,,,1,1,1,1,2
200600031900,0006-06-11 03:30:00,6,6,11,3,30,180,206,Bourgneuf - RD 944,47.184,2.331,Nuit avec éclairage allumé,En agglomération,Hors intersection,Normale,Autre collision,,,,,,,,,,,5,2,1,1,6
200600031901,0006-06-12 07:15:00,6,6,12,7,15,180,97,,47.138,2.43,Plein jour,Hors agglomération,Hors intersection,Normale,Autre collision,,,,,,,,,,,1,1,1,1,6
200600031902,0006-06-09 16:15:00,6,6,9,16,15,280,201,,48.529,1.532,Plein jour,Hors agglomération,Hors intersection,Normale,Deux véhicules - côté,,,,,,,,,,,1,1,1,1,3
200600031903,0006-06-10 15:50:00,6,6,10,15,50,280,309,rn  154,,,Plein jour,Hors agglomération,Hors intersection,Normale,Autre collision,,,,,,,,,,,1,1,1,1,6
200600031904,0006-06-01 17:15:00,6,6,1,17,15,280,140,rue st denis,48.613,1.688,Plein jour,En agglomération,Hors intersection,Normale,Autre collision,,,,,,,,,,,1,2,1,1,6
200600031905,0006-06-10 14:00:00,6,6,10,14,0,280,423,rue de l'arsenal,48.554,1.634,Plein jour,En agglomération,Hors intersection,Normale,Deux véhicules - frontale,,,,,,,,,,,1,2,1,1,1
200600031906,0006-06-24 13:45:00,6,6,24,13,45,280,42,,48.525,1.746,Plein jour,Hors agglomération,Hors intersection,Normale,Autre collision,,,,,,,,,,,1,1,1,1,6
200600031907,0006-06-29 08:00:00,6,6,29,8,0,280,169,CD n° 24,,,Plein jour,Hors agglomération,Intersection en X,Normale,Deux véhicules - côté,,,,,,,,,,,1,1,2,1,3
200600031908,0006-06-25 13:00:00,6,6,25,13,0,280,32,RN 154,,,Plein jour,Hors agglomération,Hors intersection,Pluie légère,Deux véhicules - arrière,,,,,,,,,,,1,1,1,2,2
200600031909,0006-06-20 13:20:00,6,6,20,13,20,280,88,nue du GENERAL DE GAULLE,,,Plein jour,En agglomération,Hors intersection,Normale,Autre collision,,,,,,,,,,,1,2,1,1,6
200600031910,0006-06-23 00:30:00,6,6,23,0,30,280,224,Départementale 955,,,Nuit sans éclairage public,Hors agglomération,Hors intersection,Normale,Deux véhicules - frontale,,,,,,,,,,,3,1,1,1,1
200600031911,0006-06-23 14:10:00,6,6,23,14,10,280,330,a RD 955 et de la RD 127,,,Plein jour,Hors agglomération,Hors intersection,Normale,Deux véhicules - arrière,,,,,,,,,,,1,1,1,1,2
200600031912,0006-06-24 21:45:00,6,6,24,21,45,280,93,Lieu-dit le coudray,,,Crépuscule ou aube,Hors agglomération,Hors intersection,Normale,Sans collision,,,,,,,,,,,2,1,1,1,7
200600031913,0006-06-11 10:30:00,6,6,11,10,30,280,14,Grand rue,48.674,1.305,Plein jour,En agglomération,Hors intersection,Normale,Trois véhicules et plus - collisions multiples,,,,,,,,,,,1,2,1,1,5
200600031914,0006-06-12 18:45:00,6,6,12,18,45,280,251,,48.716,1.437,Plein jour,Hors agglomération,Hors intersection,Normale,Autre collision,,,,,,,,,,,1,1,1,1,6
200600031915,0006-06-12 22:45:00,6,6,12,22,45,280,136,,,,Nuit avec éclairage allumé,Hors agglomération,Hors intersection,Normale,Autre collision,,,,,,,,,,,5,1,1,1,6
200600031916,0006-06-09 19:00:00,6,6,9,19,0,280,347,18 rue du cornet,,,Plein jour,Hors agglomération,Hors intersection,Normale,Deux véhicules - frontale,,,,,,,,,,,1,1,1,1,1
200600031917,0006-06-10 15:45:00,6,6,10,15,45,280,293,,,,Plein jour,Hors agglomération,Hors intersection,Normale,Deux véhicules - arrière,,,,,,,,,,,1,1,1,1,2
200600031918,0006-06-27 18:00:00,6,6,27,18,0,280,226,,48.629,1.12,Plein jour,Hors agglomération,Hors intersection,Normale,Autre collision,,,,,,,,,,,1,1,1,1,6
200600031919,0006-06-05 15:30:00,6,6,5,15,30,280,280,,48.32,0.82,Plein jour,En agglomération,Hors intersection,Normale,Deux véhicules - frontale,,,,,,,,,,,1,2,1,1,1
200600031920,0006-06-11 16:45:00,6,6,11,16,45,280,280,,48.309,0.842,Crépuscule ou aube,Hors agglomération,Intersection en T,Normale,Deux véhicules - côté,,,,,,,,,,,2,1,3,1,3
200600031921,0006-06-15 05:00:00,6,6,15,5,0,280,111,,48.231,0.873,Crépuscule ou aube,Hors agglomération,Hors intersection,Normale,Autre collision,,,,,,,,,,,2,1,1,1,6
200600031922,0006-06-17 17:45:00,6,6,17,17,45,280,18,RUE DE LA LIBERATION,48.2,0.892,Plein jour,En agglomération,Hors intersection,Normale,Sans collision,,,,,,,,,,,1,2,1,1,7
200600031923,0006-06-09 20:10:00,6,6,9,20,10,280,265,ng du relais de l'Europe,,,Plein jour,En agglomération,Autre intersection,Normale,Deux véhicules - côté,,,,,,,,,,,1,2,9,1,3
200600031924,0006-06-26 23:00:00,6,6,26,23,0,280,71,CD 941,,,Nuit sans éclairage public,Hors agglomération,Hors intersection,Pluie légère,Sans collision,,,,,,,,,,,3,1,1,2,7
200600031925,0006-06-15 07:45:00,6,6,15,7,45,360,231,"maine des Grands-Champs""",,,Plein jour,Hors agglomération,Hors intersection,Normale,Autre collision,,,,,,,,,,,1,1,1,1,6
200600031926,0006-06-25 11:15:00,6,6,25,11,15,360,9,Les Grelets,,,Plein jour,Hors agglomération,Hors intersection,Normale,Autre collision,,,,,,,,,,,1,1,1,1,6
200600031927,0006-06-27 16:15:00,6,6,27,16,15,360,5,AVENUE DE VERDUN,46.748,1.832,Plein jour,En agglomération,Hors intersection,Normale,Autre collision,,,,,,,,,,,1,2,1,1,6
200600031928,0006-06-28 18:15:00,6,6,28,18,15,360,142,,,,Plein jour,Hors agglomération,Hors intersection,Temps éblouissant,Deux véhicules - arrière,,,,,,,,,,,1,1,1,7,2
200600031929,0006-06-14 07:45:00,6,6,14,7,45,360,154,AVENUE DU VIVIER,,,Plein jour,En agglomération,Hors intersection,Normale,Deux véhicules - côté,,,,,,,,,,,1,2,1,1,3
200600031930,0006-06-21 12:00:00,6,6,21,12,0,360,16,"lieu dit ""NESMES""",,,Plein jour,En agglomération,Hors intersection,Normale,Deux véhicules - frontale,,,,,,,,,,,1,2,1,1,1
200600031931,0006-06-23 09:00:00,6,6,23,9,0,360,6,25 rue du Petit Nice,,,Plein jour,En agglomération,Hors intersection,Normale,Deux véhicules - arrière,,,,,,,,,,,1,2,1,1,2
200600031932,0006-06-26 18:00:00,6,6,26,18,0,360,161,,46.628,1.49,Plein jour,Hors agglomération,Hors intersection,Normale,Autre collision,,,,,,,,,,,1,1,1,1,6
200600031933,0006-06-03 04:30:00,6,6,3,4,30,360,31,,46.907,1.459,Nuit sans éclairage public,Hors agglomération,Hors intersection,Normale,Sans collision,,,,,,,,,,,3,1,1,1,7
200600031934,0006-06-03 19:00:00,6,6,3,19,0,360,149,,46.935,1.316,Plein jour,Hors agglomération,Hors intersection,Normale,Deux véhicules - côté,,,,,,,,,,,1,1,1,1,3
200600031935,0006-06-10 19:30:00,6,6,10,19,30,360,155,,46.997,1.367,Plein jour,Hors agglomération,Hors intersection,Normale,Autre collision,,,,,,,,,,,1,1,1,1,6
200600031936,0006-06-11 11:00:00,6,6,11,11,0,360,45,,,,Plein jour,Hors agglomération,Hors intersection,Normale,Sans collision,,,,,,,,,,,1,1,1,1,7
200600031937,0006-06-20 14:30:00,6,6,20,14,30,360,74,3 ROUTE DE CHATILLON,47.023,1.11,Plein jour,En agglomération,Hors intersection,Normale,Autre collision,,,,,,,,,,,1,2,1,1,6
200600031938,0006-06-28 11:15:00,6,6,28,11,15,360,203,,47.007,1.235,Plein jour,Hors agglomération,Hors intersection,Normale,Deux véhicules - frontale,,,,,,,,,,,1,1,1,1,1
200600031939,0006-06-30 11:00:00,6,6,30,11,0,360,31,,,,Plein jour,Hors agglomération,Hors intersection,Normale,Autre collision,,,,,,,,,,,1,1,1,1,6
200600031940,0006-06-03 08:45:00,6,6,3,8,45,360,228,Rue des Templiers,47.165,1.579,Plein jour,En agglomération,Hors intersection,Normale,Deux véhicules - côté,,,,,,,,,,,1,2,1,1,3
200600031941,0006-06-03 19:45:00,6,6,3,19,45,360,230,,,,Plein jour,En agglomération,Hors intersection,Normale,Deux véhicules - côté,,,,,,,,,,,1,2,1,1,3
200600031942,0006-06-12 15:15:00,6,6,12,15,15,360,228,rue Nationale,47.16,1.571,Plein jour,En agglomération,Hors intersection,Normale,Deux véhicules - frontale,,,,,,,,,,,1,2,1,1,1
200600031943,0006-06-06 15:45:00,6,6,6,15,45,360,18,,46.636,1.138,Plein jour,Hors agglomération,Hors intersection,Normale,Sans collision,,,,,,,,,,,1,1,1,1,7
200600031944,0006-06-17 03:00:00,6,6,17,3,0,360,18,,46.629,1.042,Nuit sans éclairage public,Hors agglomération,Hors intersection,Normale,Deux véhicules - arrière,,,,,,,,,,,3,1,1,1,2
200600031945,0006-06-24 16:30:00,6,6,24,16,30,360,227,,,,Plein jour,Hors agglomération,Hors intersection,Normale,Deux véhicules - frontale,,,,,,,,,,,1,1,1,1,1
200600031946,0006-06-05 15:30:00,6,6,5,15,30,360,1,Les chatrettes,,,Plein jour,Hors agglomération,Hors intersection,Normale,Deux véhicules - côté,,,,,,,,,,,1,1,1,1,3
200600031947,0006-06-24 19:15:00,6,6,24,19,15,360,81,,46.524,1.635,Plein jour,Hors agglomération,Hors intersection,Normale,Deux véhicules - frontale,,,,,,,,,,,1,1,1,1,1
200600031948,0006-06-09 18:00:00,6,6,9,18,0,360,88,,46.948,2.013,Plein jour,Hors agglomération,Hors intersection,Normale,Deux véhicules - côté,,,,,,,,,,,1,1,1,1,3
200600031949,0006-06-17 12:00:00,6,6,17,12,0,360,199,grande rue,,,Plein jour,En agglomération,Hors intersection,Normale,Deux véhicules - côté,,,,,,,,,,,1,2,1,1,3
200600031950,0006-06-29 18:00:00,6,6,29,18,0,360,171,1 rue du stade,,,Plein jour,En agglomération,Hors intersection,Normale,Deux véhicules - frontale,,,,,,,,,,,1,2,1,1,1
200600031951,0006-06-04 19:15:00,6,6,4,19,15,370,230,,47.478,1.008,Plein jour,Hors agglomération,Hors intersection,Normale,Trois véhicules et plus - collisions multiples,,,,,,,,,,,1,1,1,1,5
200600031952,0006-06-06 07:15:00,6,6,6,7,15,370,109,,,,Plein jour,Hors agglomération,Hors intersection,Normale,Deux véhicules - côté,,,,,,,,,,,1,1,1,1,3
200600031953,0006-06-14 08:30:00,6,6,14,8,30,370,139,,,,Plein jour,Hors agglomération,Hors intersection,Normale,Deux véhicules - frontale,,,,,,,,,,,1,1,1,1,1
200600031954,0006-06-03 00:15:00,6,6,3,0,15,370,21,,47.573,0.642,Nuit sans éclairage public,Hors agglomération,Hors intersection,Normale,Sans collision,,,,,,,,,,,3,1,1,1,7
200600031955,0006-06-13 08:00:00,6,6,13,8,0,370,21,CD 766,,,Plein jour,Hors agglomération,Intersection en X,Normale,Deux véhicules - frontale,,,,,,,,,,,1,1,2,1,1
200600031956,0006-06-16 19:00:00,6,6,16,19,0,370,21,,,,Plein jour,Hors agglomération,Hors intersection,Normale,Sans collision,,,,,,,,,,,1,1,1,1,7
200600031957,0006-06-27 16:15:00,6,6,27,16,15,370,135,tersection CD 29 / CD 54,,,Plein jour,Hors agglomération,Intersection en X,Normale,Deux véhicules - côté,,,,,,,,,,,1,1,2,1,3
200600031958,0006-06-23 17:15:00,6,6,23,17,15,370,240,,47.594,0.932,Plein jour,Hors agglomération,Hors intersection,Normale,Trois véhicules et plus - en chaîne,,,,,,,,,,,1,1,1,1,4
200600031959,0006-06-24 09:30:00,6,6,24,9,30,370,281,,,,Plein jour,Hors agglomération,Hors intersection,Normale,Deux véhicules - côté,,,,,,,,,,,1,1,1,1,3
200600031960,0006-06-29 11:45:00,6,6,29,11,45,370,281,Rue rabelais,,,Plein jour,En agglomération,Hors intersection,Normale,Autre collision,,,,,,,,,,,1,2,1,1,6
200600031961,0006-06-30 23:30:00,6,6,30,23,30,370,169,,,,Nuit sans éclairage public,Hors agglomération,Intersection en X,Normale,Deux véhicules - côté,,,,,,,,,,,3,1,2,1,3
200600031962,0006-06-02 17:45:00,6,6,2,17,45,370,193,,,,Plein jour,Hors agglomération,Autre intersection,Normale,Autre collision,,,,,,,,,,,1,1,9,1,6
200600031963,0006-06-03 00:15:00,6,6,3,0,15,370,112,,,,Nuit sans éclairage public,Hors agglomération,Hors intersection,Normale,Sans collision,,,,,,,,,,,3,1,1,1,7
200600031964,0006-06-19 21:00:00,6,6,19,21,0,370,201,,,,Plein jour,Hors agglomération,Giratoire,Normale,Autre collision,,,,,,,,,,,1,1,6,1,6
200600031965,0006-06-22 18:45:00,6,6,22,18,45,370,72,rue du faubourd St Jacqu,,,Plein jour,En agglomération,Hors intersection,Normale,Autre collision,,,,,,,,,,,1,2,1,1,6
200600031966,0006-06-28 19:45:00,6,6,28,19,45,370,118,,,,Plein jour,Hors agglomération,Hors intersection,Normale,Deux véhicules - frontale,,,,,,,,,,,1,1,1,1,1
200600031967,0006-06-09 19:15:00,6,6,9,19,15,370,186,rue St Brice,,,Plein jour,En agglomération,Hors intersection,Normale,Autre collision,,,,,,,,,,,1,2,1,1,6
200600031968,0006-06-24 08:45:00,6,6,24,8,45,370,264,,47.331,0.472,Plein jour,Hors agglomération,Hors intersection,Normale,Deux véhicules - frontale,,,,,,,,,,,1,1,1,1,1
200600031969,0006-06-07 19:30:00,6,6,7,19,30,370,216,,47.189,0.56,Plein jour,Hors agglomération,Hors intersection,Normale,Sans collision,,,,,,,,,,,1,1,1,1,7
200600031970,0006-06-30 18:30:00,6,6,30,18,30,370,40,route de L'Ile bouchard,47.119,0.409,Plein jour,Hors agglomération,Hors intersection,Temps couvert,Autre collision,,,,,,,,,,,1,1,1,8,6
200600031971,0006-06-30 18:45:00,6,6,30,18,45,370,148,,46.982,0.46,Plein jour,Hors agglomération,Hors intersection,Temps éblouissant,Autre collision,,,,,,,,,,,1,1,1,7,6
200600031972,0006-06-28 20:00:00,6,6,28,20,0,370,147,rue de cambraye,47.047,0.54,Plein jour,En agglomération,Hors intersection,Normale,Deux véhicules - côté,,,,,,,,,,,1,2,1,1,3
200600031973,0006-06-04 10:30:00,6,6,4,10,30,370,16,le bourg,47.214,0.947,Plein jour,En agglomération,Hors intersection,Normale,Autre collision,,,,,,,,,,,1,2,1,1,6
200600031974,0006-06-04 15:45:00,6,6,4,15,45,370,132,rue de la prairie,,,Nuit avec éclairage allumé,En agglomération,Hors intersection,Normale,Autre collision,,,,,,,,,,,5,2,1,1,6
200600031975,0006-06-16 19:30:00,6,6,16,19,30,370,277,RUE DE MONTRESOR,,,Plein jour,En agglomération,Intersection en T,Normale,Deux véhicules - frontale,,,,,,,,,,,1,2,3,1,1
200600031976,0006-06-20 17:50:00,6,6,20,17,50,370,49,RN143,,,Plein jour,Hors agglomération,Hors intersection,Normale,Trois véhicules et plus - collisions multiples,,,,,,,,,,,1,1,1,1,5
200600031977,0006-06-08 13:45:00,6,6,8,13,45,370,282,,,,Plein jour,Hors agglomération,Hors intersection,Normale,Autre collision,,,,,,,,,,,1,1,1,1,6
200600031978,0006-06-27 18:00:00,6,6,27,18,0,370,33,,,,Plein jour,Hors agglomération,Hors intersection,Normale,Deux véhicules - arrière,,,,,,,,,,,1,1,1,1,2
200600031979,0006-06-18 02:30:00,6,6,18,2,30,370,143,33 fg de la bichetterie,,,Nuit sans éclairage public,En agglomération,Hors intersection,Normale,Sans collision,,,,,,,,,,,3,2,1,1,7
200600031980,0006-06-10 08:30:00,6,6,10,8,30,370,159,,,,Plein jour,Hors agglomération,Hors intersection,Normale,Autre collision,,,,,,,,,,,1,1,1,1,6
200600031981,0006-06-03 14:45:00,6,6,3,14,45,410,55,,47.537,1.269,Plein jour,Hors agglomération,Hors intersection,Normale,Sans collision,,,,,,,,,,,1,1,1,1,7
200600031982,0006-06-07 11:15:00,6,6,7,11,15,410,167,6 chemin des Fontenelles,,,Plein jour,En agglomération,Hors intersection,Normale,Autre collision,,,,,,,,,,,1,2,1,1,6
200600031983,0006-06-21 07:45:00,6,6,21,7,45,410,206,,,,Plein jour,Hors agglomération,Hors intersection,Normale,Deux véhicules - côté,,,,,,,,,,,1,1,1,1,3
200600031984,0006-06-26 10:45:00,6,6,26,10,45,410,55,,,,Nuit sans éclairage public,Hors agglomération,Hors intersection,Pluie légère,Sans collision,,,,,,,,,,,3,1,1,2,7
200600031985,0006-06-25 15:30:00,6,6,25,15,30,410,101,Face au 10 rue du Bailli,,,Plein jour,En agglomération,Hors intersection,Normale,Deux véhicules - côté,,,,,,,,,,,1,2,1,1,3
200600031986,0006-06-28 18:45:00,6,6,28,18,45,410,144,,,,Plein jour,En agglomération,Hors intersection,Normale,Deux véhicules - frontale,,,,,,,,,,,1,2,1,1,1
200600031987,0006-06-09 17:45:00,6,6,9,17,45,410,220,,,,Plein jour,Hors agglomération,Intersection en T,Normale,Deux véhicules - côté,,,,,,,,,,,1,1,3,1,3
200600031988,0006-06-12 18:15:00,6,6,12,18,15,410,46,lieu dit EPILLY,47.58,1.954,Plein jour,Hors agglomération,Intersection en T,Normale,Deux véhicules - côté,,,,,,,,,,,1,1,3,1,3
200600031989,0006-06-10 14:00:00,6,6,10,14,0,410,242,,,,Plein jour,Hors agglomération,Hors intersection,Normale,Deux véhicules - côté,,,,,,,,,,,1,1,1,1,3
200600031990,0006-06-11 14:30:00,6,6,11,14,30,410,236,,47.723,0.937,Plein jour,Hors agglomération,Hors intersection,Normale,Sans collision,,,,,,,,,,,1,1,1,1,7
200600031991,0006-06-26 17:30:00,6,6,26,17,30,410,78,,47.902,0.926,Plein jour,Hors agglomération,Hors intersection,Normale,Deux véhicules - côté,,,,,,,,,,,1,1,1,1,3
200600031992,0006-06-03 16:30:00,6,6,3,16,30,410,154,07 chemin de la motte,47.9,1.23,Plein jour,En agglomération,Hors intersection,Normale,Sans collision,,,,,,,,,,,1,2,1,1,7
200600031993,0006-06-08 13:15:00,6,6,8,13,15,410,143,,47.986,0.895,Plein jour,En agglomération,Hors intersection,Normale,Autre collision,,,,,,,,,,,1,2,1,1,6
200600031994,0006-06-23 17:05:00,6,6,23,17,5,410,95,Route de la Bosse,,,Plein jour,Hors agglomération,Hors intersection,Normale,Autre collision,,,,,,,,,,,1,1,1,1,6
200600031995,0006-06-30 21:00:00,6,6,30,21,0,330,203,,45.229,-1.144,Plein jour,Hors agglomération,Hors intersection,Normale,Deux véhicules - côté,,,,,,,,,,,1,1,1,1,3
200600031996,0006-06-17 10:00:00,6,6,17,10,0,290,233,86 rue de Pont Aven,47.873,-3.547,Plein jour,En agglomération,Hors intersection,Normale,Autre collision,,,,,,,,,,,1,2,1,1,6
200600031997,0006-06-28 18:30:00,6,6,28,18,30,290,153,-dit Kergroes - PK 6+100,,,Plein jour,Hors agglomération,Hors intersection,Normale,Deux véhicules - frontale,,,,,,,,,,,1,1,1,1,1
200600031998,0006-06-04 23:45:00,6,6,4,23,45,290,4,Rue de la Gare,47.934,-3.7,Nuit avec éclairage non allumé,En agglomération,Hors intersection,Normale,Deux véhicules - frontale,,,,,,,,,,,4,2,1,1,1
200600031999,0006-06-16 11:00:00,6,6,16,11,0,290,241,ond point Jérôme Jeannes,47.968,-3.84,Plein jour,En agglomération,Giratoire,Normale,Deux véhicules - frontale,,,,,,,,,,,1,2,6,1,1
200600032000,0006-06-15 14:15:00,6,6,15,14,15,130,21,ès la rue Jérome CHAPUIS,,,Plein jour,En agglomération,Hors intersection,Normale,Sans collision,,,,,,,,,,,1,2,1,1,7
200600032001,0006-06-17 19:50:00,6,6,17,19,50,130,21,Avenue DRAIO DE LA MAR,,,Plein jour,En agglomération,Intersection en X,Normale,Deux véhicules - côté,,,,,,,,,,,1,2,2,1,3
200600032002,0006-06-22 01:20:00,6,6,22,1,20,130,88,RN 568 - PK 59.100,,,Nuit sans éclairage public,Hors agglomération,Hors intersection,Normale,Deux véhicules - frontale,,,,,,,,,,,3,1,1,1,1