accident_id,datetime,annee,mois,jour,heure,minute,departement,commune_insee,adresse,latitude,longitude,luminosite,agglomeration,intersection,meteo,collision,nb_vehicules,nb_usagers,nb_indemnes,nb_tues,nb_blesses_hosp,nb_blesses_legers,age_cond_1,age_cond_2,veh_type_cond_1,veh_type_cond_2,lum_code,agg_code,int_code,atm_code,col_code
200600032003,0006-06-22 02:45:00,6,6,22,2,45,130,21,Avenue Pierre Sémard,,,Nuit avec éclairage allumé,En agglomération,Intersection en X,Normale,Deux véhicules - côté,,,,,,,,,,,5,2,2,1,3
200600032004,0006-06-22 16:30:00,6,6,22,16,30,950,56,CD909,,,Plein jour,Hors agglomération,Hors intersection,Normale,Deux véhicules - arrière,,,,,,,,,,,1,1,1,1,2
200600032005,0006-06-09 20:45:00,6,6,9,20,45,330,199,,,,Plein jour,Hors agglomération,Hors intersection,Normale,Deux véhicules - frontale,,,,,,,,,,,1,1,1,1,1
200600032006,0006-06-18 11:30:00,6,6,18,11,30,870,119,x 87260 PIERRE BUFFIERE,45.703,1.36,Plein jour,Hors agglomération,Hors intersection,Normale,Sans collision,,,,,,,,,,,1,1,1,1,7
200600032007,0006-06-25 04:00:00,6,6,25,4,0,870,120,LA CROIX CHABANNE,45.588,1.538,Nuit avec éclairage allumé,En agglomération,Hors intersection,Pluie forte,Autre collision,,,,,,,,,,,5,2,1,3,6
200600032008,0006-06-03 14:30:00,6,6,3,14,30,670,283,,,,Plein jour,Hors agglomération,Hors intersection,Normale,Deux véhicules - côté,,,,,,,,,,,1,1,1,1,3
200600032009,0006-06-18 11:15:00,6,6,18,11,15,670,283,,,,Plein jour,Hors agglomération,Hors intersection,Normale,Deux véhicules - arrière,,,,,,,,,,,1,1,1,1,2
200600032010,0006-06-03 13:45:00,6,6,3,13,45,580,303,,,,Plein jour,Hors agglomération,Hors intersection,Normale,Autre collision,,,,,,,,,,,1,1,1,1,6
200600032011,0006-06-02 09:30:00,6,6,2,9,30,130,87,LIEU DIT LA DECHETERIE,,,Plein jour,Hors agglomération,Hors intersection,Normale,Sans collision,,,,,,,,,,,1,1,1,1,7
200600032012,0006-06-28 14:20:00,6,6,28,14,20,130,40,min du moulin des forges,43.467,5.559,Plein jour,Hors agglomération,Hors intersection,Normale,Autre collision,,,,,,,,,,,1,1,1,1,6
200600032013,0006-06-06 23:45:00,6,6,6,23,45,470,9,,,,Nuit sans éclairage public,Hors agglomération,Autre intersection,Normale,Sans collision,,,,,,,,,,,3,1,9,1,7
200600032014,0006-06-29 08:25:00,6,6,29,8,25,470,195,"du lieu dit ""Le Marhein""",44.13,0.4,Plein jour,Hors agglomération,Hors intersection,Normale,Autre collision,,,,,,,,,,,1,1,1,1,6
200600032015,0006-06-09 15:10:00,6,6,9,15,10,170,146,Base aérienne 721,,,Plein jour,En agglomération,Hors intersection,Normale,Deux véhicules - côté,,,,,,,,,,,1,2,1,1,3
200600032016,0006-06-16 16:15:00,6,6,16,16,15,110,398,,42.929,2.955,Plein jour,Hors agglomération,Hors intersection,Pluie légère,Autre collision,,,,,,,,,,,1,1,1,2,6
200600032017,0006-06-18 01:45:00,6,6,18,1,45,570,498,,,,Nuit sans éclairage public,Hors agglomération,Hors intersection,Normale,Autre collision,,,,,,,,,,,3,1,1,1,6
200600032018,0006-06-21 18:15:00,6,6,21,18,15,570,96,,,,Plein jour,Hors agglomération,Hors intersection,Normale,Deux véhicules - côté,,,,,,,,,,,1,1,1,1,3
200600032019,0006-06-06 10:10:00,6,6,6,10,10,340,270,Avenue de la Condamine,,,Plein jour,Hors agglomération,Hors intersection,Normale,Deux véhicules - frontale,,,,,,,,,,,1,1,1,1,1
200600032020,0006-06-09 18:45:00,6,6,9,18,45,340,202,rue gaston defferre,43.587,3.754,Plein jour,En agglomération,Hors intersection,Normale,Deux véhicules - frontale,,,,,,,,,,,1,2,1,1,1
200600032021,0006-06-13 07:10:00,6,6,13,7,10,340,270,ERS et Avenue de Librill,,,Plein jour,En agglomération,Hors intersection,Normale,Deux véhicules - côté,,,,,,,,,,,1,2,1,1,3
200600032022,0006-06-26 07:15:00,6,6,26,7,15,340,270,2 / Chemin du rieucoulon,,,Plein jour,En agglomération,Hors intersection,Normale,Deux véhicules - côté,,,,,,,,,,,1,2,1,1,3
200600032023,0006-06-17 23:00:00,6,6,17,23,0,350,51,,48.119,-1.556,Nuit sans éclairage public,Hors agglomération,Hors intersection,Normale,Deux véhicules - côté,,,,,,,,,,,3,1,1,1,3
200600032024,0006-06-24 19:00:00,6,6,24,19,0,110,146,RN 113  PK 43 + 700,43.189,2.491,Plein jour,Hors agglomération,Hors intersection,Normale,Deux véhicules - côté,,,,,,,,,,,1,1,1,1,3
200600032025,0006-06-07 08:45:00,6,6,7,8,45,280,169,,,,Plein jour,Hors agglomération,Hors intersection,Normale,Sans collision,,,,,,,,,,,1,1,1,1,7
200600032026,0006-06-09 18:30:00,6,6,9,18,30,280,26,,,,Plein jour,Hors agglomération,Hors intersection,Normale,Deux véhicules - côté,,,,,,,,,,,1,1,1,1,3
200600032027,0006-06-20 06:30:00,6,6,20,6,30,510,329,,,,Plein jour,Hors agglomération,Hors intersection,Normale,Deux véhicules - côté,,,,,,,,,,,1,1,1,1,3
200600032028,0006-06-28 12:00:00,6,6,28,12,0,510,662,boulevard de montève,,,Plein jour,En agglomération,Hors intersection,Normale,Deux véhicules - côté,,,,,,,,,,,1,2,1,1,3
200600032029,0006-06-10 23:10:00,6,6,10,23,10,690,118,1152 Route  de Baucaire,,,Nuit avec éclairage allumé,En agglomération,Intersection en X,Normale,Deux véhicules - frontale,,,,,,,,,,,5,2,2,1,1
200600032030,0006-06-25 15:00:00,6,6,25,15,0,690,235,,,,Plein jour,Hors agglomération,Hors intersection,Normale,Deux véhicules - côté,,,,,,,,,,,1,1,1,1,3
200600032031,0006-06-09 14:05:00,6,6,9,14,5,370,50,ant la clinique du Parc),,,Plein jour,En agglomération,Hors intersection,Normale,Deux véhicules - frontale,,,,,,,,,,,1,2,1,1,1
200600032032,0006-06-30 10:00:00,6,6,30,10,0,370,122,,,,Plein jour,Hors agglomération,Autre intersection,Normale,Autre collision,,,,,,,,,,,1,1,9,1,6
200600032033,0006-06-03 00:45:00,6,6,3,0,45,290,189,165 - Hauteur GORREQUER,48.385,-4.338,Nuit sans éclairage public,Hors agglomération,Hors intersection,Normale,Deux véhicules - arrière,,,,,,,,,,,3,1,1,1,2
200600032034,0006-06-30 09:30:00,6,6,30,9,30,770,333,,48.26,2.73,Plein jour,Hors agglomération,Autre intersection,Normale,Trois véhicules et plus - collisions multiples,,,,,,,,,,,1,1,9,1,5
200600032035,0006-06-02 09:45:00,6,6,2,9,45,890,379,,,,Plein jour,Hors agglomération,Hors intersection,Normale,Autre collision,,,,,,,,,,,1,1,1,1,6
200600032036,0006-06-04 19:45:00,6,6,4,19,45,890,339,,,,Plein jour,Hors agglomération,Hors intersection,Normale,Deux véhicules - frontale,,,,,,,,,,,1,1,1,1,1
200600032037,0006-06-13 15:45:00,6,6,13,15,45,890,341,,,,Plein jour,Hors agglomération,Hors intersection,Normale,Autre collision,,,,,,,,,,,1,1,1,1,6
200600032038,0006-06-02 05:15:00,6,6,2,5,15,620,718,,,,Crépuscule ou aube,Hors agglomération,Hors intersection,Normale,Deux véhicules - côté,,,,,,,,,,,2,1,1,1,3
200600032039,0006-06-03 07:30:00,6,6,3,7,30,620,829,,,,Plein jour,Hors agglomération,Hors intersection,Normale,Deux véhicules - arrière,,,,,,,,,,,1,1,1,1,2
200600032040,0006-06-29 20:10:00,6,6,29,20,10,620,829,"PARIS/LILLE, PK 137+700",,,Plein jour,Hors agglomération,Hors intersection,Normale,Trois véhicules et plus - collisions multiples,,,,,,,,,,,1,1,1,1,5
200600032041,0006-06-06 09:00:00,6,6,6,9,0,800,186,A1 P/L PK113+600,,,Plein jour,En agglomération,Hors intersection,Normale,Deux véhicules - frontale,,,,,,,,,,,1,2,1,1,1
200600032042,0006-06-16 23:30:00,6,6,16,23,30,800,750,utoroute A 29 PK 252+729,,,Nuit sans éclairage public,Hors agglomération,Hors intersection,Normale,Autre collision,,,,,,,,,,,3,1,1,1,6
200600032043,0006-06-21 05:15:00,6,6,21,5,15,800,2,,,,Nuit sans éclairage public,Hors agglomération,Hors intersection,Normale,Autre collision,,,,,,,,,,,3,1,1,1,6
200600032044,0006-06-28 06:30:00,6,6,28,6,30,800,359,,,,Plein jour,Hors agglomération,Hors intersection,Normale,Autre collision,,,,,,,,,,,1,1,1,1,6
200600032045,0006-06-21 14:15:00,6,6,21,14,15,710,520,,,,Plein jour,Hors agglomération,Hors intersection,Normale,Autre collision,,,,,,,,,,,1,1,1,1,6
200600032046,0006-06-23 07:00:00,6,6,23,7,0,710,444,"s PARIS LYON, PK 339.100",,,Plein jour,Hors agglomération,Hors intersection,Normale,Deux véhicules - frontale,,,,,,,,,,,1,1,1,1,1
200600032047,0006-06-01 15:35:00,6,6,1,15,35,890,108,71+960  sens PARIS/LYON,,,Plein jour,Hors agglomération,Hors intersection,Normale,Deux véhicules - arrière,,,,,,,,,,,1,1,1,1,2
200600032048,0006-06-03 11:15:00,6,6,3,11,15,890,53,PK 148,,,Plein jour,Hors agglomération,Hors intersection,Normale,Autre collision,,,,,,,,,,,1,1,1,1,6
200600032049,0006-06-13 08:15:00,6,6,13,8,15,130,51,,,,Plein jour,Hors agglomération,Hors intersection,Normale,Autre collision,,,,,,,,,,,1,1,1,1,6
200600032050,0006-06-14 10:45:00,6,6,14,10,45,130,1,,,,Plein jour,Hors agglomération,Hors intersection,Normale,Deux véhicules - côté,,,,,,,,,,,1,1,1,1,3
200600032051,0006-06-15 11:30:00,6,6,15,11,30,840,39,,44.089,4.878,Plein jour,Hors agglomération,Hors intersection,Normale,Autre collision,,,,,,,,,,,1,1,1,1,6
200600032052,0006-06-29 06:40:00,6,6,29,6,40,840,141,185+200 - sens nord-sud,,,Plein jour,Hors agglomération,Autre intersection,Normale,Autre collision,,,,,,,,,,,1,1,9,1,6
200600032053,0006-06-06 07:00:00,6,6,6,7,0,830,31,,43.407,6.278,Plein jour,Hors agglomération,Hors intersection,Normale,Autre collision,,,,,,,,,,,1,1,1,1,6
200600032054,0006-06-08 09:15:00,6,6,8,9,15,830,62,,43.162,6.045,Plein jour,Hors agglomération,Hors intersection,Normale,Deux véhicules - arrière,,,,,,,,,,,1,1,1,1,2
200600032055,0006-06-21 01:45:00,6,6,21,1,45,830,148,,43.406,6.404,Nuit sans éclairage public,Hors agglomération,Hors intersection,Normale,Sans collision,,,,,,,,,,,3,1,1,1,7
200600032056,0006-06-26 03:45:00,6,6,26,3,45,830,23,,43.427,6.071,Nuit sans éclairage public,Hors agglomération,Hors intersection,Normale,Deux véhicules - arrière,,,,,,,,,,,3,1,1,1,2
200600032057,0006-06-26 07:15:00,6,6,26,7,15,830,62,,43.12,6.017,Plein jour,Hors agglomération,Hors intersection,Normale,Autre collision,,,,,,,,,,,1,1,1,1,6
200600032058,0006-06-04 14:00:00,6,6,4,14,0,600,155,,,,Plein jour,Hors agglomération,Intersection en X,Normale,Deux véhicules - côté,,,,,,,,,,,1,1,2,1,3
200600032059,0006-06-13 12:30:00,6,6,13,12,30,600,584,,,,Plein jour,Hors agglomération,Hors intersection,Normale,Deux véhicules - côté,,,,,,,,,,,1,1,1,1,3
200600032060,0006-06-14 17:45:00,6,6,14,17,45,600,584,,,,Plein jour,Hors agglomération,Hors intersection,Normale,Deux véhicules - frontale,,,,,,,,,,,1,1,1,1,1
200600032061,0006-06-20 14:15:00,6,6,20,14,15,600,155,,,,Plein jour,Hors agglomération,Intersection en X,Normale,Deux véhicules - côté,,,,,,,,,,,1,1,2,1,3
200600032062,0006-06-20 21:00:00,6,6,20,21,0,600,155,RUE DE BLAINCOURT,,,Plein jour,En agglomération,Hors intersection,Normale,Deux véhicules - côté,,,,,,,,,,,1,2,1,1,3
200600032063,0006-06-30 16:45:00,6,6,30,16,45,600,584,place de la république,,,Plein jour,En agglomération,Place,Normale,Autre collision,,,,,,,,,,,1,2,7,1,6
200600032064,0006-06-29 17:30:00,6,6,29,17,30,270,517,,,,Plein jour,Hors agglomération,Hors intersection,Normale,Sans collision,,,,,,,,,,,1,1,1,1,7
200600032065,0006-06-17 14:30:00,6,6,17,14,30,600,459,ns Paris/Lille PK 83+900,,,Plein jour,Hors agglomération,Hors intersection,Normale,Trois véhicules et plus - collisions multiples,,,,,,,,,,,1,1,1,1,5
200600032066,0006-06-21 10:25:00,6,6,21,10,25,210,345,carrefour D101 et D101L,,,Plein jour,Hors agglomération,Hors intersection,Normale,Deux véhicules - côté,,,,,,,,,,,1,1,1,1,3
200600032067,0006-06-23 18:00:00,6,6,23,18,0,210,561,,47.436,4.815,Plein jour,Hors agglomération,Hors intersection,Normale,Deux véhicules - côté,,,,,,,,,,,1,1,1,1,3
200600032068,0006-06-29 17:00:00,6,6,29,17,0,210,462,,47.419,5.048,Plein jour,Hors agglomération,Hors intersection,Normale,Deux véhicules - frontale,,,,,,,,,,,1,1,1,1,1
200600032069,0006-06-23 17:50:00,6,6,23,17,50,690,13,ns Lyon Paris PK 421-300,,,Plein jour,Hors agglomération,Hors intersection,Normale,Deux véhicules - arrière,,,,,,,,,,,1,1,1,1,2
200600032070,0006-06-24 09:00:00,6,6,24,9,0,690,13,aris au niveau du PK 421,,,Plein jour,Hors agglomération,Hors intersection,Normale,Deux véhicules - arrière,,,,,,,,,,,1,1,1,1,2
200600032071,0006-06-29 18:45:00,6,6,29,18,45,690,13,,46.026,4.726,Plein jour,Hors agglomération,Hors intersection,Normale,Deux véhicules - arrière,,,,,,,,,,,1,1,1,1,2
200600032072,0006-06-11 06:00:00,6,6,11,6,0,620,909,autoroute A2,,,Plein jour,Hors agglomération,Hors intersection,Normale,Sans collision,,,,,,,,,,,1,1,1,1,7
200600032073,0006-06-14 12:26:00,6,6,14,12,26,380,64,Autoroute A 43,,,Plein jour,Hors agglomération,Hors intersection,Normale,Sans collision,,,,,,,,,,,1,1,1,1,7
200600032074,0006-06-14 10:00:00,6,6,14,10,0,380,64,,45.564,5.39,Plein jour,Hors agglomération,Hors intersection,Normale,Autre collision,,,,,,,,,,,1,1,1,1,6
200600032075,0006-06-14 17:20:00,6,6,14,17,20,380,64,"+500, sens LYON-CHAMBERY",,,Plein jour,Hors agglomération,Hors intersection,Normale,Deux véhicules - arrière,,,,,,,,,,,1,1,1,1,2
200600032076,0006-06-21 20:10:00,6,6,21,20,10,380,343,2+500 sens CHAMBERY-LYON,,,Plein jour,Hors agglomération,Autre intersection,Normale,Deux véhicules - côté,,,,,,,,,,,1,1,9,1,3
200600032077,0006-06-01 14:00:00,6,6,1,14,0,680,118,199 rue du Général de Ga,47.719,7.421,Plein jour,En agglomération,Intersection en X,Temps couvert,Deux véhicules - côté,,,,,,,,,,,1,2,2,8,3
200600032078,0006-06-19 09:15:00,6,6,19,9,15,950,580,Rue de Paris,49.095,2.567,Plein jour,En agglomération,Hors intersection,Normale,Deux véhicules - arrière,,,,,,,,,,,1,2,1,1,2
200600032079,0006-06-28 11:15:00,6,6,28,11,15,830,96,,,,Plein jour,Hors agglomération,Hors intersection,Normale,Deux véhicules - arrière,,,,,,,,,,,1,1,1,1,2
200600032080,0006-06-02 23:35:00,6,6,2,23,35,410,223,- PK159 - PARIS-PROVINCE,,,Nuit sans éclairage public,Hors agglomération,Hors intersection,Normale,Deux véhicules - arrière,,,,,,,,,,,3,1,1,1,2
200600032081,0006-06-06 18:40:00,6,6,6,18,40,410,288,"440, sens province-Paris",,,Plein jour,Hors agglomération,Hors intersection,Normale,Deux véhicules - arrière,,,,,,,,,,,1,1,1,1,2
200600032082,0006-06-14 06:00:00,6,6,14,6,0,410,114,,47.751,1.536,Crépuscule ou aube,Hors agglomération,Hors intersection,Normale,Sans collision,,,,,,,,,,,2,1,1,1,7
200600032083,0006-06-29 11:00:00,6,6,29,11,0,410,101,autoroute A10 aquitaine,,,Plein jour,Hors agglomération,Hors intersection,Normale,Autre collision,,,,,,,,,,,1,1,1,1,6
200600032084,0006-06-30 00:01:00,6,6,30,0,1,410,276,,,,Nuit sans éclairage public,Hors agglomération,Hors intersection,Normale,Sans collision,,,,,,,,,,,3,1,1,1,7
200600032085,0006-06-02 05:30:00,6,6,2,5,30,300,189,,,,Crépuscule ou aube,Hors agglomération,Hors intersection,Normale,Autre collision,,,,,,,,,,,2,1,1,1,6
200600032086,0006-06-21 11:25:00,6,6,21,11,25,300,257,"te A9, sens 1, PK 43+050",,,Plein jour,Hors agglomération,Hors intersection,Normale,Autre collision,,,,,,,,,,,1,1,1,1,6
200600032087,0006-06-03 06:15:00,6,6,3,6,15,110,188,,42.978,2.973,Crépuscule ou aube,Hors agglomération,Hors intersection,Normale,Autre collision,,,,,,,,,,,2,1,1,1,6
200600032088,0006-06-18 17:45:00,6,6,18,17,45,110,188,,42.954,2.972,Plein jour,Hors agglomération,Hors intersection,Normale,Autre collision,,,,,,,,,,,1,1,1,1,6
200600032089,0006-06-07 14:10:00,6,6,7,14,10,370,156,"u dit "" Greux"" CD 140",,,Plein jour,Hors agglomération,Hors intersection,Normale,Sans collision,,,,,,,,,,,1,1,1,1,7
200600032090,0006-06-18 15:50:00,6,6,18,15,50,370,253,""" - CD 31 - PR 36 + 050",,,Plein jour,Hors agglomération,Hors intersection,Normale,Sans collision,,,,,,,,,,,1,1,1,1,7
200600032091,0006-06-26 16:40:00,6,6,26,16,40,370,273,eorges sand et de RD 142,,,Plein jour,Hors agglomération,Hors intersection,Normale,Deux véhicules - arrière,,,,,,,,,,,1,1,1,1,2
200600032092,0006-06-19 12:45:00,6,6,19,12,45,280,29,,,,Plein jour,Hors agglomération,Hors intersection,Normale,Autre collision,,,,,,,,,,,1,1,1,1,6
200600032093,0006-06-22 15:30:00,6,6,22,15,30,450,8,,,,Plein jour,Hors agglomération,Hors intersection,Normale,Deux véhicules - côté,,,,,,,,,,,1,1,1,1,3
200600032094,0006-06-24 02:00:00,6,6,24,2,0,450,20,,,,Nuit sans éclairage public,Hors agglomération,Hors intersection,Normale,Autre collision,,,,,,,,,,,3,1,1,1,6
200600032095,0006-06-27 17:45:00,6,6,27,17,45,280,392,,,,Plein jour,Hors agglomération,Hors intersection,Normale,Deux véhicules - côté,,,,,,,,,,,1,1,1,1,3
200600032096,0006-06-23 17:15:00,6,6,23,17,15,130,114,,43.54,5.278,Plein jour,Hors agglomération,Hors intersection,Normale,Deux véhicules - frontale,,,,,,,,,,,1,1,1,1,1
200600032097,0006-06-15 16:00:00,6,6,15,16,0,210,88,,,,Plein jour,Hors agglomération,Hors intersection,Temps éblouissant,Trois véhicules et plus - en chaîne,,,,,,,,,,,1,1,1,7,4
200600032098,0006-06-20 08:10:00,6,6,20,8,10,210,347,LYON / PARIS PK 305+940,,,Plein jour,Hors agglomération,Hors intersection,Normale,Deux véhicules - côté,,,,,,,,,,,1,1,1,1,3
200600032099,0006-06-04 13:00:00,6,6,4,13,0,410,295,rue du Pont,47.583,1.375,Plein jour,En agglomération,Intersection en Y,Normale,Deux véhicules - côté,,,,,,,,,,,1,2,4,1,3
200600032100,0006-06-16 23:30:00,6,6,16,23,30,410,59,,,,Nuit sans éclairage public,Hors agglomération,Hors intersection,Normale,Sans collision,,,,,,,,,,,3,1,1,1,7
200600032101,0006-06-17 16:45:00,6,6,17,16,45,410,31,Route de Seur.,,,Plein jour,En agglomération,Hors intersection,Normale,Deux véhicules - côté,,,,,,,,,,,1,2,1,1,3
200600032102,0006-06-23 17:45:00,6,6,23,17,45,410,237,,,,Plein jour,Hors agglomération,Hors intersection,Normale,Deux véhicules - frontale,,,,,,,,,,,1,1,1,1,1
200600032103,0006-06-29 17:30:00,6,6,29,17,30,410,67,RUE NATIONALE,,,Plein jour,En agglomération,Hors intersection,Normale,Deux véhicules - côté,,,,,,,,,,,1,2,1,1,3
200600032104,0006-06-29 14:00:00,6,6,29,14,0,290,212,Route du Minou,48.381,-4.618,Plein jour,En agglomération,Hors intersection,Normale,Deux véhicules - frontale,,,,,,,,,,,1,2,1,1,1
200600032105,0006-06-07 14:15:00,6,6,7,14,15,340,270,,43.568,3.839,Plein jour,Hors agglomération,Hors intersection,Normale,Deux véhicules - arrière,,,,,,,,,,,1,1,1,1,2
200600032106,0006-06-21 00:45:00,6,6,21,0,45,330,227,,,,Nuit sans éclairage public,Hors agglomération,Hors intersection,Normale,Deux véhicules - arrière,,,,,,,,,,,3,1,1,1,2
200600032107,0006-06-06 08:00:00,6,6,6,8,0,310,445,,,,Plein jour,Hors agglomération,Hors intersection,Normale,Deux véhicules - côté,,,,,,,,,,,1,1,1,1,3
200600032108,0006-06-25 10:00:00,6,6,25,10,0,630,14,,,,Plein jour,Hors agglomération,Autre intersection,Normale,Deux véhicules - arrière,,,,,,,,,,,1,1,9,1,2
200600032109,0006-06-30 15:15:00,6,6,30,15,15,630,425,"pk 11,675 sens Nord/Sud",,,Plein jour,Hors agglomération,Hors intersection,Normale,Sans collision,,,,,,,,,,,1,1,1,1,7
200600032110,0006-06-20 07:45:00,6,6,20,7,45,630,178,,45.54,3.26,Plein jour,Hors agglomération,Hors intersection,Normale,Deux véhicules - frontale,,,,,,,,,,,1,1,1,1,1
200600032111,0006-06-26 15:20:00,6,6,26,15,20,630,52,R 40+100 SENS SUD - NORD,,,Plein jour,Hors agglomération,Hors intersection,Normale,Deux véhicules - côté,,,,,,,,,,,1,1,1,1,3
200600032112,0006-06-06 18:30:00,6,6,6,18,30,400,284,,43.684,-1.303,Plein jour,Hors agglomération,Hors intersection,Normale,Trois véhicules et plus - collisions multiples,,,,,,,,,,,1,1,1,1,5
200600032113,0006-06-06 10:30:00,6,6,6,10,30,550,276,,,,Plein jour,Hors agglomération,Hors intersection,Normale,Autre collision,,,,,,,,,,,1,1,1,1,6
200600032114,0006-06-09 14:45:00,6,6,9,14,45,550,236,,,,Plein jour,Hors agglomération,Hors intersection,Normale,Autre collision,,,,,,,,,,,1,1,1,1,6
200600032115,0006-06-29 17:45:00,6,6,29,17,45,550,242,,,,Plein jour,Hors agglomération,Hors intersection,Normale,Autre collision,,,,,,,,,,,1,1,1,1,6
200600032116,0006-06-13 17:00:00,6,6,13,17,0,690,81,rue franklin roosevelt,,,Plein jour,En agglomération,Hors intersection,Normale,Autre collision,,,,,,,,,,,1,2,1,1,6
200600032117,0006-06-23 15:30:00,6,6,23,15,30,690,81,Chemin J-M VIANNEY,,,Plein jour,En agglomération,Intersection en X,Normale,Deux véhicules - frontale,,,,,,,,,,,1,2,2,1,1
200600032118,0006-06-15 21:45:00,6,6,15,21,45,690,127,chemin de la madone,,,Nuit avec éclairage allumé,En agglomération,Hors intersection,Normale,Deux véhicules - côté,,,,,,,,,,,5,2,1,1,3
200600032119,0006-06-23 17:30:00,6,6,23,17,30,380,173,,45.047,6.131,Plein jour,Hors agglomération,Hors intersection,Normale,Autre collision,,,,,,,,,,,1,1,1,1,6
200600032120,0006-06-04 16:40:00,6,6,4,16,40,510,515,88+900 sens Paris / Metz,,,Plein jour,Hors agglomération,Hors intersection,Normale,Autre collision,,,,,,,,,,,1,1,1,1,6
200600032121,0006-06-08 15:15:00,6,6,8,15,15,570,620,,,,Plein jour,Hors agglomération,Hors intersection,Normale,Deux véhicules - arrière,,,,,,,,,,,1,1,1,1,2
200600032122,0006-06-09 13:30:00,6,6,9,13,30,570,413,,,,Plein jour,Hors agglomération,Hors intersection,Normale,Autre collision,,,,,,,,,,,1,1,1,1,6
200600032123,0006-06-20 07:15:00,6,6,20,7,15,60,88,,43.715,7.205,Plein jour,Hors agglomération,Hors intersection,Normale,Deux véhicules - côté,,,,,,,,,,,1,1,1,1,3
200600032124,0006-06-22 06:25:00,6,6,22,6,25,900,59,"00, sens BEAUNE-MULHOUSE",,,Crépuscule ou aube,Hors agglomération,Hors intersection,Normale,Deux véhicules - arrière,,,,,,,,,,,2,1,1,1,2
200600032125,0006-06-03 17:15:00,6,6,3,17,15,660,172,,,,Plein jour,Hors agglomération,Hors intersection,Normale,Autre collision,,,,,,,,,,,1,1,1,1,6
200600032126,0006-06-10 16:30:00,6,6,10,16,30,620,737,,50.447,2.702,Plein jour,Hors agglomération,Hors intersection,Normale,Autre collision,,,,,,,,,,,1,1,1,1,6
200600032127,0006-06-21 13:40:00,6,6,21,13,40,620,701,"Reims/Calais, PK 54+539",50.581,2.376,Plein jour,Hors agglomération,Hors intersection,Pluie légère,Deux véhicules - arrière,,,,,,,,,,,1,1,1,2,2
200600032128,0006-06-11 12:10:00,6,6,11,12,10,860,62,A 10- PK 297+300,,,Plein jour,Hors agglomération,Hors intersection,Normale,Sans collision,,,,,,,,,,,1,1,1,1,7
200600032129,0006-06-01 19:30:00,6,6,1,19,30,60,4,,,,Plein jour,Hors agglomération,Hors intersection,Normale,Deux véhicules - arrière,,,,,,,,,,,1,1,1,1,2
200600032130,0006-06-14 15:30:00,6,6,14,15,30,60,27,,,,Plein jour,Hors agglomération,Hors intersection,Normale,Trois véhicules et plus - collisions multiples,,,,,,,,,,,1,1,1,1,5
200600032131,0006-06-16 21:00:00,6,6,16,21,0,60,85,,,,Crépuscule ou aube,Hors agglomération,Autre intersection,Normale,Trois véhicules et plus - collisions multiples,,,,,,,,,,,2,1,9,1,5
200600032132,0006-06-24 21:00:00,6,6,24,21,0,830,133,,,,Plein jour,Hors agglomération,Hors intersection,Normale,Deux véhicules - arrière,,,,,,,,,,,1,1,1,1,2
200600032133,0006-06-25 02:45:00,6,6,25,2,45,60,27,,,,Nuit avec éclairage allumé,Hors agglomération,Hors intersection,Normale,Autre collision,,,,,,,,,,,5,1,1,1,6
200600032134,0006-06-17 18:40:00,6,6,17,18,40,770,235,,,,Plein jour,Hors agglomération,Hors intersection,Normale,Autre collision,,,,,,,,,,,1,1,1,1,6
200600032135,0006-06-18 08:30:00,6,6,18,8,30,770,415,,,,Plein jour,Hors agglomération,Hors intersection,Normale,Deux véhicules - arrière,,,,,,,,,,,1,1,1,1,2
200600032136,0006-06-02 18:15:00,6,6,2,18,15,470,68,,,,Plein jour,Hors agglomération,Hors intersection,Normale,Sans collision,,,,,,,,,,,1,1,1,1,7
200600032137,0006-06-30 18:55:00,6,6,30,18,55,470,159,"as d'Agenais ""Carrefour""",,,Plein jour,Hors agglomération,Giratoire,Normale,Autre collision,,,,,,,,,,,1,1,6,1,6
200600032138,0006-06-02 16:45:00,6,6,2,16,45,250,137,,47.348,6.164,Plein jour,Hors agglomération,Hors intersection,Normale,Deux véhicules - arrière,,,,,,,,,,,1,1,1,1,2
200600032139,0006-06-29 03:30:00,6,6,29,3,30,250,56,"HOUSE-BEAUNE, PK 120+500",,,Nuit sans éclairage public,Hors agglomération,Hors intersection,Normale,Autre collision,,,,,,,,,,,3,1,1,1,6
200600032140,0006-06-04 18:15:00,6,6,4,18,15,330,284,,44.62,-1.1,Plein jour,Hors agglomération,Hors intersection,Normale,Deux véhicules - côté,,,,,,,,,,,1,1,1,1,3
200600032141,0006-06-08 06:45:00,6,6,8,6,45,330,284,,44.72,-0.74,Crépuscule ou aube,Hors agglomération,Hors intersection,Normale,Deux véhicules - arrière,,,,,,,,,,,2,1,1,1,2
200600032142,0006-06-17 14:30:00,6,6,17,14,30,330,284,- BRETELLE DE SORTIE N°1,44.63,-0.89,Plein jour,Hors agglomération,Hors intersection,Normale,Deux véhicules - côté,,,,,,,,,,,1,1,1,1,3