accident_id,datetime,annee,mois,jour,heure,minute,departement,commune_insee,adresse,latitude,longitude,luminosite,agglomeration,intersection,meteo,collision,nb_vehicules,nb_usagers,nb_indemnes,nb_tues,nb_blesses_hosp,nb_blesses_legers,age_cond_1,age_cond_2,veh_type_cond_1,veh_type_cond_2,lum_code,agg_code,int_code,atm_code,col_code
200600032143,0006-06-14 08:15:00,6,6,14,8,15,680,66,,,,Plein jour,Hors agglomération,Hors intersection,Normale,Autre collision,,,,,,,,,,,1,1,1,1,6
200600032144,0006-06-08 15:30:00,6,6,8,15,30,530,54,5 -- Sens Province/Paris,,,Plein jour,Hors agglomération,Hors intersection,Normale,Autre collision,,,,,,,,,,,1,1,1,1,6
200600032145,0006-06-15 14:45:00,6,6,15,14,45,530,7,A81- PK 228+700,,,Plein jour,Hors agglomération,Hors intersection,Normale,Deux véhicules - arrière,,,,,,,,,,,1,1,1,1,2
200600032146,0006-06-25 13:00:00,6,6,25,13,0,530,228,,,,Plein jour,Hors agglomération,Hors intersection,Pluie légère,Sans collision,,,,,,,,,,,1,1,1,2,7
200600032147,0006-06-09 16:00:00,6,6,9,16,0,440,163,,,,Plein jour,Hors agglomération,Hors intersection,Normale,Deux véhicules - frontale,,,,,,,,,,,1,1,1,1,1
200600032148,0006-06-17 23:00:00,6,6,17,23,0,470,145,,,,Nuit sans éclairage public,Hors agglomération,Hors intersection,Normale,Autre collision,,,,,,,,,,,3,1,1,1,6
200600032149,0006-06-21 08:50:00,6,6,21,8,50,470,267,90 - Sens TOULOUSE / BOR,,,Plein jour,Hors agglomération,Hors intersection,Normale,Trois véhicules et plus - collisions multiples,,,,,,,,,,,1,1,1,1,5
200600032150,0006-06-10 12:15:00,6,6,10,12,15,820,25,LACRA A20,,,Plein jour,Hors agglomération,Hors intersection,Normale,Autre collision,,,,,,,,,,,1,1,1,1,6
200600032151,0006-06-08 14:45:00,6,6,8,14,45,201,70,CD 81 Pont du Liamone,,,Plein jour,Hors agglomération,Hors intersection,Normale,Deux véhicules - côté,,,,,,,,,,,1,1,1,1,3
200600032152,0006-06-18 16:00:00,6,6,18,16,0,201,65,Route du Pero,42.146,8.599,Plein jour,En agglomération,Hors intersection,Normale,Autre collision,,,,,,,,,,,1,2,1,1,6
200600032153,0006-06-19 17:15:00,6,6,19,17,15,201,348,Sagone,42.153,8.726,Plein jour,Hors agglomération,Hors intersection,Normale,Sans collision,,,,,,,,,,,1,1,1,1,7
200600032154,0006-06-15 17:45:00,6,6,15,17,45,201,200,,42.0,9.187,Plein jour,Hors agglomération,Hors intersection,Normale,Autre collision,,,,,,,,,,,1,1,1,1,6
200600032155,0006-06-04 16:45:00,6,6,4,16,45,380,249,,,,Plein jour,Hors agglomération,Hors intersection,Normale,Deux véhicules - frontale,,,,,,,,,,,1,1,1,1,1
200600032156,0006-06-15 13:45:00,6,6,15,13,45,380,229,avenue du Vercors,,,Plein jour,En agglomération,Hors intersection,Normale,Autre collision,,,,,,,,,,,1,2,1,1,6
200600032157,0006-06-25 16:45:00,6,6,25,16,45,380,431,,,,Plein jour,Hors agglomération,Hors intersection,Pluie légère,Sans collision,,,,,,,,,,,1,1,1,2,7
200600032158,0006-06-03 16:00:00,6,6,3,16,0,60,85,chemin des Campelières,,,Plein jour,En agglomération,Hors intersection,Normale,Deux véhicules - frontale,,,,,,,,,,,1,2,1,1,1
200600032159,0006-06-19 18:15:00,6,6,19,18,15,330,122,PLACE DE LA REPUBLIQUE,,,Plein jour,En agglomération,Giratoire,Normale,Deux véhicules - frontale,,,,,,,,,,,1,2,6,1,1
200600032160,0006-06-24 14:45:00,6,6,24,14,45,660,38,,,,Plein jour,Hors agglomération,Hors intersection,Normale,Autre collision,,,,,,,,,,,1,1,1,1,6
200600032161,0006-06-15 21:15:00,6,6,15,21,15,670,45,,,,Plein jour,Hors agglomération,Hors intersection,Normale,Deux véhicules - frontale,,,,,,,,,,,1,1,1,1,1
200600032162,0006-06-03 01:15:00,6,6,3,1,15,790,31,"UTOROUTE A.10, PK386.100",,,Nuit sans éclairage public,Hors agglomération,Hors intersection,Normale,Sans collision,,,,,,,,,,,3,1,1,1,7
200600032163,0006-06-19 04:10:00,6,6,19,4,10,790,125,,,,Nuit sans éclairage public,Hors agglomération,Intersection en X,Normale,Trois véhicules et plus - en chaîne,,,,,,,,,,,3,1,2,1,4
200600032164,0006-06-23 14:45:00,6,6,23,14,45,790,3,,,,Plein jour,Hors agglomération,Hors intersection,Normale,Deux véhicules - arrière,,,,,,,,,,,1,1,1,1,2
200600032165,0006-06-17 19:25:00,6,6,17,19,25,790,276,,,,Plein jour,Hors agglomération,Hors intersection,Normale,Autre collision,,,,,,,,,,,1,1,1,1,6
200600032166,0006-06-11 14:00:00,6,6,11,14,0,170,299,", sens SAINTES-ROCHEFORT",,,Plein jour,Hors agglomération,Hors intersection,Normale,Deux véhicules - arrière,,,,,,,,,,,1,1,1,1,2
200600032167,0006-06-14 21:45:00,6,6,14,21,45,740,118,,,,Nuit sans éclairage public,Hors agglomération,Hors intersection,Normale,Sans collision,,,,,,,,,,,3,1,1,1,7
200600032168,0006-06-29 18:10:00,6,6,29,18,10,220,187,e du chalutier le Forban,,,Plein jour,En agglomération,Autre intersection,Normale,Autre collision,,,,,,,,,,,1,2,9,1,6
200600032169,0006-06-30 17:45:00,6,6,30,17,45,220,187,,,,Plein jour,Hors agglomération,Hors intersection,Normale,Deux véhicules - arrière,,,,,,,,,,,1,1,1,1,2
200600032170,0006-06-13 18:35:00,6,6,13,18,35,201,922,RN198,,,Plein jour,En agglomération,Hors intersection,Normale,Sans collision,,,,,,,,,,,1,2,1,1,7
200600032171,0006-06-26 22:30:00,6,6,26,22,30,201,269,route de la poste,41.863,9.399,Nuit avec éclairage allumé,En agglomération,Hors intersection,Normale,Sans collision,,,,,,,,,,,5,2,1,1,7
200600032172,0006-06-20 16:45:00,6,6,20,16,45,740,67,Route de Maclamod,,,Plein jour,Hors agglomération,Hors intersection,Normale,Autre collision,,,,,,,,,,,1,1,1,1,6
200600032173,0006-06-27 11:15:00,6,6,27,11,15,740,112,,,,Plein jour,Hors agglomération,Hors intersection,Normale,Trois véhicules et plus - collisions multiples,,,,,,,,,,,1,1,1,1,5
200600032174,0006-06-07 09:30:00,6,6,7,9,30,10,142,,45.85,5.09,Plein jour,Hors agglomération,Hors intersection,Normale,Trois véhicules et plus - en chaîne,,,,,,,,,,,1,1,1,1,4
200600032175,0006-06-07 14:00:00,6,6,7,14,0,10,49,,,,Plein jour,Hors agglomération,Hors intersection,Normale,Deux véhicules - frontale,,,,,,,,,,,1,1,1,1,1
200600032176,0006-06-11 14:30:00,6,6,11,14,30,10,142,"A 42, PK 16 + 800",,,Plein jour,Hors agglomération,Hors intersection,Normale,Deux véhicules - arrière,,,,,,,,,,,1,1,1,1,2
200600032177,0006-06-11 18:00:00,6,6,11,18,0,910,45,20bis et 22 rue Pasteur,,,Plein jour,En agglomération,Hors intersection,Normale,Sans collision,,,,,,,,,,,1,2,1,1,7
200600032178,0006-06-19 08:30:00,6,6,19,8,30,910,648,CD 31,48.578,2.365,Plein jour,Hors agglomération,Hors intersection,Normale,Trois véhicules et plus - en chaîne,,,,,,,,,,,1,1,1,1,4
200600032179,0006-06-11 08:45:00,6,6,11,8,45,510,428,,49.146,4.225,Plein jour,Hors agglomération,Hors intersection,Normale,Trois véhicules et plus - collisions multiples,,,,,,,,,,,1,1,1,1,5
200600032180,0006-06-19 16:00:00,6,6,19,16,0,510,115,RN 51,,,Plein jour,En agglomération,Hors intersection,Normale,Deux véhicules - frontale,,,,,,,,,,,1,2,1,1,1
200600032181,0006-06-22 16:15:00,6,6,22,16,15,510,629,,49.178,4.013,Plein jour,Hors agglomération,Hors intersection,Normale,Autre collision,,,,,,,,,,,1,1,1,1,6
200600032182,0006-06-11 19:50:00,6,6,11,19,50,620,676,52+150 SENS CALAIS/REIMS,,,Plein jour,Hors agglomération,Hors intersection,Normale,Autre collision,,,,,,,,,,,1,1,1,1,6
200600032183,0006-06-24 09:15:00,6,6,24,9,15,310,203,66 boulevard de la médit,43.52,1.329,Plein jour,En agglomération,Hors intersection,Normale,Deux véhicules - frontale,,,,,,,,,,,1,2,1,1,1
200600032184,0006-06-15 18:00:00,6,6,15,18,0,60,152,,,,Plein jour,Hors agglomération,Hors intersection,Normale,Sans collision,,,,,,,,,,,1,1,1,1,7
200600032185,0006-06-17 17:05:00,6,6,17,17,5,690,244,12 Rue finat du clos,,,Plein jour,Hors agglomération,Hors intersection,Normale,Autre collision,,,,,,,,,,,1,1,1,1,6
200600032186,0006-06-06 15:30:00,6,6,6,15,30,380,19,PLACE DE L EGLISE,45.427,4.818,Plein jour,En agglomération,Hors intersection,Normale,Trois véhicules et plus - collisions multiples,,,,,,,,,,,1,2,1,1,5
200600032187,0006-06-10 15:30:00,6,6,10,15,30,740,245,,,,Plein jour,Hors agglomération,Hors intersection,Normale,Deux véhicules - frontale,,,,,,,,,,,1,1,1,1,1
200600032188,0006-06-30 18:00:00,6,6,30,18,0,740,137,,,,Plein jour,Hors agglomération,Hors intersection,Normale,Deux véhicules - frontale,,,,,,,,,,,1,1,1,1,1
200600032189,0006-06-28 13:45:00,6,6,28,13,45,340,247,"de la Buffette, CD112E3",,,Plein jour,Hors agglomération,Hors intersection,Normale,Deux véhicules - frontale,,,,,,,,,,,1,1,1,1,1
200600032190,0006-06-27 23:30:00,6,6,27,23,30,130,37,,,,Nuit sans éclairage public,Hors agglomération,Intersection en T,Normale,Deux véhicules - frontale,,,,,,,,,,,3,1,3,1,1
200600032191,0006-06-12 10:30:00,6,6,12,10,30,950,430,Départementale 9 - rue d,49.069,2.303,Plein jour,En agglomération,Hors intersection,Normale,Deux véhicules - frontale,,,,,,,,,,,1,2,1,1,1
200600032192,0006-06-23 23:00:00,6,6,23,23,0,950,42,lf de BAILLET EN FRANCE,49.06,2.299,Nuit sans éclairage public,Hors agglomération,Autre intersection,Normale,Autre collision,,,,,,,,,,,3,1,9,1,6
200600032193,0006-06-30 10:00:00,6,6,30,10,0,760,262,,,,Plein jour,Hors agglomération,Hors intersection,Normale,Deux véhicules - arrière,,,,,,,,,,,1,1,1,1,2
200600032194,0006-06-15 18:15:00,6,6,15,18,15,350,131,,,,Plein jour,Hors agglomération,Intersection en T,Normale,Deux véhicules - côté,,,,,,,,,,,1,1,3,1,3
200600032195,0006-06-25 15:45:00,6,6,25,15,45,560,214,8 RUE DE GOAHSSIGNY,,,Plein jour,En agglomération,Hors intersection,Normale,Autre collision,,,,,,,,,,,1,2,1,1,6
200600032196,0006-06-11 15:00:00,6,6,11,15,0,420,20,,45.615,4.207,Plein jour,Hors agglomération,Hors intersection,Normale,Sans collision,,,,,,,,,,,1,1,1,1,7
200600032197,0006-06-04 13:10:00,6,6,4,13,10,420,255,A.72 -  PK 63+420,,,Plein jour,Hors agglomération,Hors intersection,Normale,Sans collision,,,,,,,,,,,1,1,1,1,7
200600032198,0006-06-04 19:00:00,6,6,4,19,0,540,528,,,,Plein jour,Hors agglomération,Hors intersection,Normale,Sans collision,,,,,,,,,,,1,1,1,1,7
200600032199,0006-06-06 13:30:00,6,6,6,13,30,410,256,500- sens Province/Paris,,,Plein jour,Hors agglomération,Hors intersection,Normale,Deux véhicules - côté,,,,,,,,,,,1,1,1,1,3
200600032200,0006-06-11 08:00:00,6,6,11,8,0,180,190,300 sens province/paaris,,,Plein jour,Hors agglomération,Hors intersection,Normale,Sans collision,,,,,,,,,,,1,1,1,1,7
200600032201,0006-06-13 07:45:00,6,6,13,7,45,410,256,00 - sen PROVINCE /PARIS,,,Plein jour,Hors agglomération,Hors intersection,Normale,Deux véhicules - arrière,,,,,,,,,,,1,1,1,1,2
200600032202,0006-06-13 14:50:00,6,6,13,14,50,410,232,A71-PK156+600-,,,Plein jour,Hors agglomération,Hors intersection,Normale,Sans collision,,,,,,,,,,,1,1,1,1,7
200600032203,0006-06-16 17:45:00,6,6,16,17,45,180,279,200  SENS PROVINCE-PARIS,,,Plein jour,Hors agglomération,Hors intersection,Normale,Autre collision,,,,,,,,,,,1,1,1,1,6
200600032204,0006-06-18 18:10:00,6,6,18,18,10,410,46,"900, sens PARIS-PROVINCE",,,Plein jour,Hors agglomération,Hors intersection,Normale,Sans collision,,,,,,,,,,,1,1,1,1,7
200600032205,0006-06-24 18:40:00,6,6,24,18,40,410,46,"100, sens Province-Paris",,,Plein jour,Hors agglomération,Hors intersection,Normale,Sans collision,,,,,,,,,,,1,1,1,1,7
200600032206,0006-06-28 19:00:00,6,6,28,19,0,180,141,,,,Plein jour,Hors agglomération,Hors intersection,Normale,Autre collision,,,,,,,,,,,1,1,1,1,6
200600032207,0006-06-02 18:30:00,6,6,2,18,30,10,331,,,,Plein jour,Hors agglomération,Hors intersection,Normale,Deux véhicules - côté,,,,,,,,,,,1,1,1,1,3
200600032208,0006-06-13 14:00:00,6,6,13,14,0,130,51,,,,Plein jour,Hors agglomération,Hors intersection,Normale,Deux véhicules - arrière,,,,,,,,,,,1,1,1,1,2
200600032209,0006-06-21 14:00:00,6,6,21,14,0,130,44,,,,Plein jour,Hors agglomération,Hors intersection,Normale,Deux véhicules - frontale,,,,,,,,,,,1,1,1,1,1
200600032210,0006-06-03 11:45:00,6,6,3,11,45,630,164,age de Clermont barrière,,,Plein jour,Hors agglomération,Hors intersection,Normale,Trois véhicules et plus - en chaîne,,,,,,,,,,,1,1,1,1,4
200600032211,0006-06-22 12:15:00,6,6,22,12,15,630,113,,45.81,3.145,Plein jour,Hors agglomération,Hors intersection,Normale,Deux véhicules - côté,,,,,,,,,,,1,1,1,1,3
200600032212,0006-06-12 16:50:00,6,6,12,16,50,60,84,oute de tiragon - CD 209,,,Plein jour,Hors agglomération,Hors intersection,Normale,Deux véhicules - côté,,,,,,,,,,,1,1,1,1,3
200600032213,0006-06-21 23:00:00,6,6,21,23,0,60,7,route du bayle,,,Nuit avec éclairage allumé,En agglomération,Autre intersection,Normale,Deux véhicules - côté,,,,,,,,,,,5,2,9,1,3
200600032214,0006-06-10 14:50:00,6,6,10,14,50,400,210,RN10 PR 48+750,,,Plein jour,Hors agglomération,Hors intersection,Normale,Trois véhicules et plus - en chaîne,,,,,,,,,,,1,1,1,1,4
200600032215,0006-06-19 17:15:00,6,6,19,17,15,670,212,place de RAIFFEISEN,48.565,7.646,Plein jour,En agglomération,Hors intersection,Temps couvert,Deux véhicules - frontale,,,,,,,,,,,1,2,1,8,1
200600032216,0006-06-02 17:00:00,6,6,2,17,0,670,389,R.D. 63,48.654,7.742,Plein jour,Hors agglomération,Hors intersection,Normale,Deux véhicules - côté,,,,,,,,,,,1,1,1,1,3
200600032217,0006-06-29 12:30:00,6,6,29,12,30,670,256,,48.658,7.71,Plein jour,Hors agglomération,Hors intersection,Normale,Deux véhicules - côté,,,,,,,,,,,1,1,1,1,3
200600032218,0006-06-08 08:30:00,6,6,8,8,30,650,10,e sens TOULOUSE -BAYONNE,,,Plein jour,Hors agglomération,Hors intersection,Normale,Autre collision,,,,,,,,,,,1,1,1,1,6
200600032219,0006-06-14 15:00:00,6,6,14,15,0,650,258,A.64 PK 176+770,,,Plein jour,Hors agglomération,Hors intersection,Temps éblouissant,Trois véhicules et plus - collisions multiples,,,,,,,,,,,1,1,1,7,5
200600032220,0006-06-18 21:15:00,6,6,18,21,15,380,193,avenue du stade,,,Nuit avec éclairage allumé,En agglomération,Hors intersection,Normale,Deux véhicules - côté,,,,,,,,,,,5,2,1,1,3
200600032221,0006-06-29 14:25:00,6,6,29,14,25,180,212,"5, sens PARIS - PROVINCE",46.9,2.417,Plein jour,Hors agglomération,Hors intersection,Normale,Sans collision,,,,,,,,,,,1,1,1,1,7
200600032222,0006-06-17 18:00:00,6,6,17,18,0,210,263,AUTOROUTE A.31,,,Plein jour,Hors agglomération,Hors intersection,Normale,Sans collision,,,,,,,,,,,1,1,1,1,7
200600032223,0006-06-09 23:15:00,6,6,9,23,15,40,63,,,,Nuit sans éclairage public,Hors agglomération,Hors intersection,Normale,Deux véhicules - arrière,,,,,,,,,,,3,1,1,1,2
200600032224,0006-06-23 12:30:00,6,6,23,12,30,50,103,,44.297,5.903,Plein jour,Hors agglomération,Hors intersection,Normale,Autre collision,,,,,,,,,,,1,1,1,1,6
200600032225,0006-06-10 13:50:00,6,6,10,13,50,100,216,,,,Plein jour,Hors agglomération,Hors intersection,Normale,Autre collision,,,,,,,,,,,1,1,1,1,6
200600032226,0006-06-01 21:30:00,6,6,1,21,30,130,80,,,,Crépuscule ou aube,Hors agglomération,Hors intersection,Normale,Sans collision,,,,,,,,,,,2,1,1,1,7
200600032227,0006-06-17 15:00:00,6,6,17,15,0,130,80,CD 561,,,Plein jour,Hors agglomération,Hors intersection,Pluie légère,Sans collision,,,,,,,,,,,1,1,1,2,7
200600032228,0006-06-11 02:45:00,6,6,11,2,45,380,95,A 49 PK 35+180,,,Nuit sans éclairage public,Hors agglomération,Hors intersection,Normale,Sans collision,,,,,,,,,,,3,1,1,1,7
200600032229,0006-06-24 11:00:00,6,6,24,11,0,260,381,,,,Plein jour,Hors agglomération,Hors intersection,Temps éblouissant,Autre collision,,,,,,,,,,,1,1,1,7,6
200600032230,0006-06-01 15:00:00,6,6,1,15,0,670,418,,,,Plein jour,Hors agglomération,Hors intersection,Normale,Sans collision,,,,,,,,,,,1,1,1,1,7
200600032231,0006-06-25 03:00:00,6,6,25,3,0,670,465,A35 pk 226+300,,,Nuit sans éclairage public,Hors agglomération,Hors intersection,Normale,Trois véhicules et plus - en chaîne,,,,,,,,,,,3,1,1,1,4
200600032232,0006-06-20 17:00:00,6,6,20,17,0,770,279,Province / Paris - P.R.,,,Plein jour,Hors agglomération,Hors intersection,Normale,Trois véhicules et plus - collisions multiples,,,,,,,,,,,1,1,1,1,5
200600032233,0006-06-26 16:30:00,6,6,26,16,30,950,313,,,,Plein jour,Hors agglomération,Hors intersection,Normale,Autre collision,,,,,,,,,,,1,1,1,1,6
200600032234,0006-06-09 14:45:00,6,6,9,14,45,130,91,,,,Plein jour,Hors agglomération,Hors intersection,Normale,Trois véhicules et plus - collisions multiples,,,,,,,,,,,1,1,1,1,5
200600032235,0006-06-19 12:45:00,6,6,19,12,45,130,50,Avenue de la résistance,,,Plein jour,En agglomération,Hors intersection,Normale,Deux véhicules - frontale,,,,,,,,,,,1,2,1,1,1
200600032236,0006-06-09 05:30:00,6,6,9,5,30,310,261,,43.296,1.17,Crépuscule ou aube,Hors agglomération,Hors intersection,Normale,Deux véhicules - frontale,,,,,,,,,,,2,1,1,1,1
200600032237,0006-06-01 17:30:00,6,6,1,17,30,760,684,R.N 182,,,Plein jour,Hors agglomération,Hors intersection,Normale,Trois véhicules et plus - collisions multiples,,,,,,,,,,,1,1,1,1,5
200600032238,0006-06-03 10:45:00,6,6,3,10,45,760,169,LE HAVRE / TANCARVILLE;,,,Plein jour,Hors agglomération,Hors intersection,Normale,Sans collision,,,,,,,,,,,1,1,1,1,7
200600032239,0006-06-20 18:00:00,6,6,20,18,0,760,10,,,,Plein jour,Hors agglomération,Autre intersection,Normale,Deux véhicules - arrière,,,,,,,,,,,1,1,9,1,2
200600032240,0006-06-12 16:15:00,6,6,12,16,15,310,483,,43.128,0.728,Plein jour,Hors agglomération,Hors intersection,Normale,Autre collision,,,,,,,,,,,1,1,1,1,6
200600032241,0006-06-24 18:30:00,6,6,24,18,30,310,147,,,,Plein jour,Hors agglomération,Hors intersection,Normale,Sans collision,,,,,,,,,,,1,1,1,1,7
200600032242,0006-06-21 10:25:00,6,6,21,10,25,800,489,de Longueau Jules Verne,,,Plein jour,Hors agglomération,Hors intersection,Normale,Sans collision,,,,,,,,,,,1,1,1,1,7
200600032243,0006-06-07 18:30:00,6,6,7,18,30,800,87,,,,Plein jour,Hors agglomération,Hors intersection,Normale,Autre collision,,,,,,,,,,,1,1,1,1,6
200600032244,0006-06-07 14:25:00,6,6,7,14,25,620,233,ROUTE A.16 PK 204 + 950,,,Plein jour,Hors agglomération,Hors intersection,Normale,Sans collision,,,,,,,,,,,1,1,1,1,7
200600032245,0006-06-13 07:00:00,6,6,13,7,0,620,751,,,,Plein jour,Hors agglomération,Hors intersection,Normale,Deux véhicules - frontale,,,,,,,,,,,1,1,1,1,1
200600032246,0006-06-18 14:55:00,6,6,18,14,55,390,171,dans le sens DOLE/BOURG,,,Plein jour,Hors agglomération,Hors intersection,Normale,Autre collision,,,,,,,,,,,1,1,1,1,6
200600032247,0006-06-10 16:00:00,6,6,10,16,0,610,175,A28 PR 166+400,,,Plein jour,Hors agglomération,Hors intersection,Normale,Sans collision,,,,,,,,,,,1,1,1,1,7
200600032248,0006-06-13 16:45:00,6,6,13,16,45,190,274,,45.192,1.494,Plein jour,Hors agglomération,Autre intersection,Normale,Deux véhicules - arrière,,,,,,,,,,,1,1,9,1,2
200600032249,0006-06-22 18:45:00,6,6,22,18,45,450,53,,,,Plein jour,Hors agglomération,Hors intersection,Normale,Sans collision,,,,,,,,,,,1,1,1,1,7
200600032250,0006-06-21 11:30:00,6,6,21,11,30,360,101,,,,Plein jour,Hors agglomération,Hors intersection,Normale,Sans collision,,,,,,,,,,,1,1,1,1,7
200600032251,0006-06-20 18:50:00,6,6,20,18,50,360,230,,,,Plein jour,Hors agglomération,Hors intersection,Normale,Autre collision,,,,,,,,,,,1,1,1,1,6
200600032252,0006-06-30 02:30:00,6,6,30,2,30,360,26,"autoroute A20, Pk 48+500",,,Nuit sans éclairage public,Hors agglomération,Hors intersection,Normale,Deux véhicules - frontale,,,,,,,,,,,3,1,1,1,1
200600032253,0006-06-28 16:00:00,6,6,28,16,0,480,47,,,,Plein jour,Hors agglomération,Hors intersection,Normale,Sans collision,,,,,,,,,,,1,1,1,1,7
200600032254,0006-06-02 06:30:00,6,6,2,6,30,340,16,PK 21+500,,,Plein jour,Hors agglomération,Hors intersection,Normale,Autre collision,,,,,,,,,,,1,1,1,1,6
200600032255,0006-06-26 07:45:00,6,6,26,7,45,780,143,CD 938,,,Plein jour,En agglomération,Hors intersection,Normale,Trois véhicules et plus - collisions multiples,,,,,,,,,,,1,2,1,1,5
200600032256,0006-06-29 17:00:00,6,6,29,17,0,780,143,RD 938,48.73,2.094,Plein jour,Hors agglomération,Hors intersection,Normale,Deux véhicules - frontale,,,,,,,,,,,1,1,1,1,1
200600032257,0006-06-29 10:45:00,6,6,29,10,45,720,299,A 28 SENS LE MANS TOURS,,,Plein jour,Hors agglomération,Hors intersection,Normale,Sans collision,,,,,,,,,,,1,1,1,1,7
200600032258,0006-06-02 17:15:00,6,6,2,17,15,720,219,le petit Mans,,,Plein jour,Hors agglomération,Hors intersection,Temps éblouissant,Deux véhicules - frontale,,,,,,,,,,,1,1,1,7,1
200600032259,0006-06-07 12:45:00,6,6,7,12,45,720,289,,,,Plein jour,Hors agglomération,Hors intersection,Normale,Deux véhicules - côté,,,,,,,,,,,1,1,1,1,3
200600032260,0006-06-11 16:10:00,6,6,11,16,10,670,340,CD242,,,Plein jour,Hors agglomération,Hors intersection,Normale,Deux véhicules - frontale,,,,,,,,,,,1,1,1,1,1
200600032261,0006-06-15 20:15:00,6,6,15,20,15,670,388,,,,Plein jour,Hors agglomération,Hors intersection,Normale,Deux véhicules - côté,,,,,,,,,,,1,1,1,1,3
200600032262,0006-06-30 09:15:00,6,6,30,9,15,140,311,,49.147,-0.538,Plein jour,Hors agglomération,Hors intersection,Normale,Sans collision,,,,,,,,,,,1,1,1,1,7
200600032263,0006-06-03 15:45:00,6,6,3,15,45,300,135,,43.833,4.591,Plein jour,Hors agglomération,Hors intersection,Normale,Autre collision,,,,,,,,,,,1,1,1,1,6
200600032264,0006-06-13 18:00:00,6,6,13,18,0,300,356,CD 135 / Rue Jean Bouin,,,Plein jour,En agglomération,Giratoire,Normale,Deux véhicules - frontale,,,,,,,,,,,1,2,6,1,1
200600032265,0006-06-15 14:00:00,6,6,15,14,0,300,47,RD 135,,,Plein jour,Hors agglomération,Autre intersection,Normale,Deux véhicules - côté,,,,,,,,,,,1,1,9,1,3
200600032266,0006-06-20 14:15:00,6,6,20,14,15,300,135,RUE DES PICARDES-PASTEUR,,,Plein jour,En agglomération,Hors intersection,Normale,Deux véhicules - arrière,,,,,,,,,,,1,2,1,1,2
200600032267,0006-06-22 14:30:00,6,6,22,14,30,300,117,rue de beaucaire,,,Plein jour,En agglomération,Hors intersection,Normale,Deux véhicules - frontale,,,,,,,,,,,1,2,1,1,1
200600032268,0006-06-08 16:00:00,6,6,8,16,0,760,192,Rue de la libération,,,Plein jour,En agglomération,Hors intersection,Normale,Sans collision,,,,,,,,,,,1,2,1,1,7
200600032269,0006-06-11 20:30:00,6,6,11,20,30,760,711,QUAI SADI CARNOT,50.065,1.373,Plein jour,En agglomération,Hors intersection,Normale,Deux véhicules - côté,,,,,,,,,,,1,2,1,1,3
200600032270,0006-06-11 17:15:00,6,6,11,17,15,760,509,route de la vieux rue,49.495,1.223,Plein jour,En agglomération,Giratoire,Normale,Deux véhicules - frontale,,,,,,,,,,,1,2,6,1,1
200600032271,0006-06-14 14:45:00,6,6,14,14,45,760,673,,49.493,1.275,Plein jour,Hors agglomération,Intersection en X,Pluie forte,Deux véhicules - côté,,,,,,,,,,,1,1,2,3,3
200600032272,0006-06-24 23:45:00,6,6,24,23,45,760,581,,,,Nuit sans éclairage public,Hors agglomération,Hors intersection,Normale,Autre collision,,,,,,,,,,,3,1,1,1,6
200600032273,0006-06-30 08:00:00,6,6,30,8,0,760,591,RUE DU GENERAL DE GAULLE,49.448,1.205,Plein jour,En agglomération,Hors intersection,Normale,Autre collision,,,,,,,,,,,1,2,1,1,6
200600032274,0006-06-08 10:45:00,6,6,8,10,45,640,410,Avenue Henri IV,,,Plein jour,En agglomération,Hors intersection,Normale,Deux véhicules - arrière,,,,,,,,,,,1,2,1,1,2
200600032275,0006-06-24 20:45:00,6,6,24,20,45,600,539,,,,Plein jour,Hors agglomération,Hors intersection,Normale,Deux véhicules - frontale,,,,,,,,,,,1,1,1,1,1
200600032276,0006-06-24 19:00:00,6,6,24,19,0,600,409,rue de la république,,,Plein jour,En agglomération,Hors intersection,Normale,Deux véhicules - frontale,,,,,,,,,,,1,2,1,1,1
200600032277,0006-06-08 15:15:00,6,6,8,15,15,310,351,,43.67,1.296,Plein jour,Hors agglomération,Hors intersection,Normale,Deux véhicules - côté,,,,,,,,,,,1,1,1,1,3
200600032278,0006-06-14 19:15:00,6,6,14,19,15,310,351,route de Toulouse,43.667,1.303,Plein jour,Hors agglomération,Hors intersection,Normale,Deux véhicules - frontale,,,,,,,,,,,1,1,1,1,1
200600032279,0006-06-06 07:45:00,6,6,6,7,45,250,186,,,,Plein jour,Hors agglomération,Hors intersection,Normale,Deux véhicules - arrière,,,,,,,,,,,1,1,1,1,2
200600032280,0006-06-17 21:15:00,6,6,17,21,15,250,326,GRANDE RUE,,,Plein jour,En agglomération,Intersection en X,Normale,Deux véhicules - côté,,,,,,,,,,,1,2,2,1,3
200600032281,0006-06-30 12:00:00,6,6,30,12,0,250,115,,,,Crépuscule ou aube,Hors agglomération,Hors intersection,Normale,Deux véhicules - frontale,,,,,,,,,,,2,1,1,1,1