accident_id,datetime,annee,mois,jour,heure,minute,departement,commune_insee,adresse,latitude,longitude,luminosite,agglomeration,intersection,meteo,collision,nb_vehicules,nb_usagers,nb_indemnes,nb_tues,nb_blesses_hosp,nb_blesses_legers,age_cond_1,age_cond_2,veh_type_cond_1,veh_type_cond_2,lum_code,agg_code,int_code,atm_code,col_code
200600032550,0006-06-13 09:00:00,6,6,13,9,0,60,88,"0, DIABLES BLEUS (AV. DE",,,Plein jour,En agglomération,Intersection en X,Normale,Deux véhicules - côté,,,,,,,,,,,1,2,2,1,3
200600032551,0006-06-13 14:45:00,6,6,13,14,45,60,88,"0, RISSO (BD)",,,Plein jour,En agglomération,Intersection en T,Normale,Deux véhicules - côté,,,,,,,,,,,1,2,3,1,3
200600032552,0006-06-13 15:00:00,6,6,13,15,0,60,88,"0, MARSHALL (PL. GENERAL",,,Plein jour,En agglomération,Intersection en T,Normale,Deux véhicules - côté,,,,,,,,,,,1,2,3,1,3
200600032553,0006-06-13 15:35:00,6,6,13,15,35,60,88,MEDECIN (AV. JEAN),,,Plein jour,En agglomération,Intersection en T,Normale,Deux véhicules - côté,,,,,,,,,,,1,2,3,1,3
200600032554,0006-06-13 18:15:00,6,6,13,18,15,60,88,FIGHIERA PASQUIER (AV.),,,Plein jour,En agglomération,Intersection en X,Normale,Deux véhicules - frontale,,,,,,,,,,,1,2,2,1,1
200600032555,0006-06-13 20:05:00,6,6,13,20,5,60,88,"18, DELFINO (BD GENERAL)",,,Plein jour,En agglomération,Intersection en X,Normale,Autre collision,,,,,,,,,,,1,2,2,1,6
200600032556,0006-06-13 20:55:00,6,6,13,20,55,60,88,"25, DELFINO (BD GENERAL)",,,Plein jour,En agglomération,Hors intersection,Normale,Sans collision,,,,,,,,,,,1,2,1,1,7
200600032557,0006-06-14 13:00:00,6,6,14,13,0,60,88,"0, BARBERIS (RUE)",,,Plein jour,En agglomération,Intersection en X,Normale,Deux véhicules - côté,,,,,,,,,,,1,2,2,1,3
200600032558,0006-06-14 13:30:00,6,6,14,13,30,60,88,"25, COMBOUL (AV. RAYMOND",,,Plein jour,En agglomération,Hors intersection,Normale,Deux véhicules - côté,,,,,,,,,,,1,2,1,1,3
200600032559,0006-06-14 16:00:00,6,6,14,16,0,60,88,"2, GARIBALDI (PL.)",,,Plein jour,En agglomération,Hors intersection,Normale,Autre collision,,,,,,,,,,,1,2,1,1,6
200600032560,0006-06-14 17:00:00,6,6,14,17,0,60,88,"0, RD 6202",,,Plein jour,En agglomération,Hors intersection,Normale,Deux véhicules - côté,,,,,,,,,,,1,2,1,1,3
200600032561,0006-06-15 10:30:00,6,6,15,10,30,60,88,"0, DALPOZZO (RUE)",,,Plein jour,En agglomération,Intersection en X,Normale,Autre collision,,,,,,,,,,,1,2,2,1,6
200600032562,0006-06-15 15:00:00,6,6,15,15,0,60,88,"27, GIOFFREDO (R.)",,,Plein jour,En agglomération,Hors intersection,Normale,Deux véhicules - arrière,,,,,,,,,,,1,2,1,1,2
200600032563,0006-06-15 18:00:00,6,6,15,18,0,60,88,"0, ARSON (RUE)",,,Plein jour,En agglomération,Hors intersection,Normale,Deux véhicules - côté,,,,,,,,,,,1,2,1,1,3
200600032564,0006-06-16 03:40:00,6,6,16,3,40,60,88,QUAI LUNEL,,,Nuit avec éclairage allumé,En agglomération,Hors intersection,Pluie légère,Sans collision,,,,,,,,,,,5,2,1,2,7
200600032565,0006-06-16 07:20:00,6,6,16,7,20,60,88,"0, COMBOUL (AV. RAYMOND)",,,Plein jour,En agglomération,Hors intersection,Normale,Deux véhicules - arrière,,,,,,,,,,,1,2,1,1,2
200600032566,0006-06-16 08:05:00,6,6,16,8,5,60,88,"0, MONTEL (BD PAUL)",,,Plein jour,En agglomération,Hors intersection,Normale,Autre collision,,,,,,,,,,,1,2,1,1,6
200600032567,0006-06-16 08:30:00,6,6,16,8,30,60,88,"0, VILLENEUVE (R. DE)",,,Plein jour,En agglomération,Intersection en X,Pluie légère,Autre collision,,,,,,,,,,,1,2,2,2,6
200600032568,0006-06-16 12:00:00,6,6,16,12,0,60,88,"0, COMBOUL (AV. RAYMOND)",,,Plein jour,En agglomération,Hors intersection,Normale,Sans collision,,,,,,,,,,,1,2,1,1,7
200600032569,0006-06-16 12:10:00,6,6,16,12,10,60,88,"43, SANTOLINE (R. DE LA)",,,Plein jour,En agglomération,Hors intersection,Normale,Autre collision,,,,,,,,,,,1,2,1,1,6
200600032570,0006-06-19 12:20:00,6,6,19,12,20,60,88,"1, PENCHIENATI (R.)",,,Plein jour,En agglomération,Intersection en X,Normale,Autre collision,,,,,,,,,,,1,2,2,1,6
200600032571,0006-06-16 17:25:00,6,6,16,17,25,60,88,"0, MEDECIN (PL. ALEXANDR",,,Plein jour,En agglomération,Place,Normale,Deux véhicules - côté,,,,,,,,,,,1,2,7,1,3
200600032572,0006-06-16 18:15:00,6,6,16,18,15,60,88,"0, LAMARTINE (R.)",,,Plein jour,En agglomération,Intersection en X,Normale,Autre collision,,,,,,,,,,,1,2,2,1,6
200600032573,0006-06-16 18:40:00,6,6,16,18,40,60,88,"1, JOFFRE (R. MARECHAL)",,,Plein jour,En agglomération,Intersection en X,Normale,Autre collision,,,,,,,,,,,1,2,2,1,6
200600032574,0006-06-17 13:15:00,6,6,17,13,15,60,88,"407, BELLET (RTE DE)",,,Plein jour,En agglomération,Hors intersection,Pluie légère,Deux véhicules - côté,,,,,,,,,,,1,2,1,2,3
200600032575,0006-06-17 13:25:00,6,6,17,13,25,60,88,"38, CIMIEZ (BD) A PARTIR",,,Plein jour,En agglomération,Hors intersection,Pluie légère,Deux véhicules - côté,,,,,,,,,,,1,2,1,2,3
200600032576,0006-06-17 14:45:00,6,6,17,14,45,60,88,"0, RAUBA-CAPEU (QUAI)",,,Plein jour,En agglomération,Hors intersection,Normale,Deux véhicules - côté,,,,,,,,,,,1,2,1,1,3
200600032577,0006-06-18 23:20:00,6,6,18,23,20,60,88,SERRES DE SAQUIER (CH. D,,,Nuit avec éclairage allumé,En agglomération,Hors intersection,Normale,Deux véhicules - frontale,,,,,,,,,,,5,2,1,1,1
200600032578,0006-06-19 06:10:00,6,6,19,6,10,60,88,"75, CARNOT (BD)",,,Plein jour,En agglomération,Hors intersection,Normale,Autre collision,,,,,,,,,,,1,2,1,1,6
200600032579,0006-06-19 13:10:00,6,6,19,13,10,60,88,"0, CLEMENCEAU (AV. GEORG",,,Plein jour,En agglomération,Intersection en X,Normale,Deux véhicules - côté,,,,,,,,,,,1,2,2,1,3
200600032580,0006-06-19 16:00:00,6,6,19,16,0,60,88,PASTORELLI (R.),,,Plein jour,En agglomération,Intersection en X,Normale,Deux véhicules - côté,,,,,,,,,,,1,2,2,1,3
200600032581,0006-06-19 17:00:00,6,6,19,17,0,60,88,"0, PASCHETTA (PL. DR CH.",,,Plein jour,En agglomération,Hors intersection,Normale,Deux véhicules - arrière,,,,,,,,,,,1,2,1,1,2
200600032582,0006-06-19 18:15:00,6,6,19,18,15,60,88,"35, CESSOLE (BD DE) (JUS",,,Plein jour,En agglomération,Intersection en T,Normale,Deux véhicules - côté,,,,,,,,,,,1,2,3,1,3
200600032583,0006-06-19 20:15:00,6,6,19,20,15,60,88,"5, GAMBETTA (JUSQU'AU N°",,,Plein jour,En agglomération,Hors intersection,Normale,Sans collision,,,,,,,,,,,1,2,1,1,7
200600032584,0006-06-19 20:16:00,6,6,19,20,16,60,88,"00, BELLET (AV. DE)",,,Plein jour,En agglomération,Hors intersection,Normale,Deux véhicules - arrière,,,,,,,,,,,1,2,1,1,2
200600032585,0006-06-18 22:15:00,6,6,18,22,15,60,88,"0, CAISSOTI (RUE)",,,Nuit avec éclairage allumé,En agglomération,Hors intersection,Normale,Autre collision,,,,,,,,,,,5,2,1,1,6
200600032586,0006-06-19 23:05:00,6,6,19,23,5,60,88,"0, ROSSINI (R.)",,,Nuit avec éclairage allumé,En agglomération,Intersection en X,Normale,Deux véhicules - côté,,,,,,,,,,,5,2,2,1,3
200600032587,0006-06-20 07:15:00,6,6,20,7,15,60,159,"50, CORNE D OR (BOULEVAR",,,Plein jour,En agglomération,Hors intersection,Normale,Deux véhicules - côté,,,,,,,,,,,1,2,1,1,3
200600032588,0006-06-20 08:15:00,6,6,20,8,15,60,88,"0, THIERS (AV.)",,,Plein jour,En agglomération,Hors intersection,Normale,Autre collision,,,,,,,,,,,1,2,1,1,6
200600032589,0006-06-20 10:45:00,6,6,20,10,45,60,88,"0, MARSHALL (PL. GENERAL",,,Plein jour,En agglomération,Place,Normale,Deux véhicules - côté,,,,,,,,,,,1,2,7,1,3
200600032590,0006-06-20 13:00:00,6,6,20,13,0,60,88,"00, ANGLAIS (DU N° 1 AU",,,Plein jour,En agglomération,Hors intersection,Normale,Autre collision,,,,,,,,,,,1,2,1,1,6
200600032591,0006-06-20 16:40:00,6,6,20,16,40,60,88,"0, ARENE (AV. PAUL)",,,Plein jour,En agglomération,Intersection en X,Normale,Autre collision,,,,,,,,,,,1,2,2,1,6
200600032592,0006-06-20 20:00:00,6,6,20,20,0,60,88,"0, SAINT-ISIDORE (QUART.",,,Plein jour,En agglomération,Hors intersection,Normale,Deux véhicules - côté,,,,,,,,,,,1,2,1,1,3
200600032593,0006-06-20 23:45:00,6,6,20,23,45,60,88,"26, QUAI LUNEL",,,Nuit avec éclairage allumé,En agglomération,Hors intersection,Normale,Autre collision,,,,,,,,,,,5,2,1,1,6
200600032594,0006-06-21 21:50:00,6,6,21,21,50,60,88,"0, ANGLAIS (DU N° 1 AU N",,,Nuit avec éclairage allumé,En agglomération,Hors intersection,Normale,Autre collision,,,,,,,,,,,5,2,1,1,6
200600032595,0006-06-21 22:05:00,6,6,21,22,5,60,88,"18, SAINT-JEAN BAPTISTE",,,Nuit avec éclairage allumé,En agglomération,Hors intersection,Normale,Deux véhicules - côté,,,,,,,,,,,5,2,1,1,3
200600032596,0006-06-22 01:45:00,6,6,22,1,45,60,88,"0, PREFECTURE (R. DE LA)",,,Nuit avec éclairage allumé,En agglomération,Hors intersection,Normale,Autre collision,,,,,,,,,,,5,2,1,1,6
200600032597,0006-06-22 11:50:00,6,6,22,11,50,60,88,"156, CALIFORNIE (AV.) (A",,,Plein jour,En agglomération,Hors intersection,Normale,Deux véhicules - arrière,,,,,,,,,,,1,2,1,1,2
200600032598,0006-06-22 16:45:00,6,6,22,16,45,60,88,"0, GAL (R. AUGUSTE)",,,Plein jour,En agglomération,Intersection en X,Normale,Autre collision,,,,,,,,,,,1,2,2,1,6
200600032599,0006-06-22 16:52:00,6,6,22,16,52,60,88,"40, BEHRA (BD JEAN)",,,Plein jour,En agglomération,Intersection en T,Normale,Deux véhicules - côté,,,,,,,,,,,1,2,3,1,3
200600032600,0006-06-22 17:15:00,6,6,22,17,15,60,88,"11, JOLY (CORNICHE ANDRE",,,Plein jour,En agglomération,Hors intersection,Normale,Deux véhicules - côté,,,,,,,,,,,1,2,1,1,3
200600032601,0006-06-22 20:25:00,6,6,22,20,25,60,88,LEVESI (R. DOCTEUR),,,Crépuscule ou aube,En agglomération,Hors intersection,Normale,Autre collision,,,,,,,,,,,2,2,1,1,6
200600032602,0006-06-22 21:00:00,6,6,22,21,0,60,88,"92, ESTIENNE -D'ORVES (A",,,Crépuscule ou aube,En agglomération,Hors intersection,Normale,Deux véhicules - frontale,,,,,,,,,,,2,2,1,1,1
200600032603,0006-06-22 22:45:00,6,6,22,22,45,60,88,"09, RAUBA-CAPEU (QUAI)",,,Nuit avec éclairage allumé,En agglomération,Hors intersection,Normale,Deux véhicules - arrière,,,,,,,,,,,5,2,1,1,2
200600032604,0006-06-23 07:30:00,6,6,23,7,30,60,88,CARNOT (BD),,,Plein jour,En agglomération,Intersection en X,Normale,Deux véhicules - côté,,,,,,,,,,,1,2,2,1,3
200600032605,0006-06-23 08:00:00,6,6,23,8,0,60,88,SAINT-LAMBERT (AV.) (JUS,,,Plein jour,En agglomération,Hors intersection,Normale,Deux véhicules - côté,,,,,,,,,,,1,2,1,1,3
200600032606,0006-06-23 08:40:00,6,6,23,8,40,60,159,NAPOLEON III (BOULEVARD),,,Plein jour,En agglomération,Hors intersection,Normale,Deux véhicules - côté,,,,,,,,,,,1,2,1,1,3
200600032607,0006-06-23 10:20:00,6,6,23,10,20,60,159,"6, ALBERT 1ER (AVENUE)",,,Plein jour,En agglomération,Hors intersection,Normale,Trois véhicules et plus - collisions multiples,,,,,,,,,,,1,2,1,1,5
200600032608,0006-06-23 11:30:00,6,6,23,11,30,60,88,"0, GAMBETTA (A PARTIR DU",,,Plein jour,En agglomération,Intersection en T,Normale,Autre collision,,,,,,,,,,,1,2,3,1,6
200600032609,0006-06-23 11:50:00,6,6,23,11,50,60,88,"0, SOLA (BD PIERRE)",,,Plein jour,En agglomération,Intersection en X,Normale,Deux véhicules - côté,,,,,,,,,,,1,2,2,1,3
200600032610,0006-06-23 15:00:00,6,6,23,15,0,60,88,TERRON (CH. DE),,,Plein jour,En agglomération,Intersection en T,Normale,Deux véhicules - frontale,,,,,,,,,,,1,2,3,1,1
200600032611,0006-06-23 15:15:00,6,6,23,15,15,60,88,"143, FRANCE (R. DE) A PA",,,Plein jour,En agglomération,Hors intersection,Normale,Deux véhicules - arrière,,,,,,,,,,,1,2,1,1,2
200600032612,0006-06-23 16:30:00,6,6,23,16,30,60,88,"75, FRANCE (R. DE) DU N°",,,Plein jour,En agglomération,Hors intersection,Normale,Autre collision,,,,,,,,,,,1,2,1,1,6
200600032613,0006-06-23 16:45:00,6,6,23,16,45,60,88,"09, FLIREY (AV. DE)",,,Plein jour,En agglomération,Hors intersection,Normale,Autre collision,,,,,,,,,,,1,2,1,1,6
200600032614,0006-06-23 17:55:00,6,6,23,17,55,60,88,"12, MACCARIO (R. MAURICE",,,Plein jour,En agglomération,Hors intersection,Normale,Autre collision,,,,,,,,,,,1,2,1,1,6
200600032615,0006-06-24 01:00:00,6,6,24,1,0,60,88,"0, Route de la Sonexa",,,Nuit avec éclairage allumé,En agglomération,Hors intersection,Normale,Autre collision,,,,,,,,,,,5,2,1,1,6
200600032616,0006-06-24 11:15:00,6,6,24,11,15,60,88,"0, POTIERS (R. DES)",,,Plein jour,En agglomération,Intersection en X,Normale,Autre collision,,,,,,,,,,,1,2,2,1,6
200600032617,0006-06-24 11:30:00,6,6,24,11,30,60,88,"27, DIABLES BLEUS (AV. D",,,Plein jour,En agglomération,Hors intersection,Normale,Autre collision,,,,,,,,,,,1,2,1,1,6
200600032618,0006-06-24 14:15:00,6,6,24,14,15,60,88,"53, PESSICART (JUSQU'AU",,,Plein jour,En agglomération,Hors intersection,Normale,Deux véhicules - arrière,,,,,,,,,,,1,2,1,1,2
200600032619,0006-06-24 18:10:00,6,6,24,18,10,60,88,"14, MILLION DE VERAILLON",,,Plein jour,En agglomération,Hors intersection,Normale,Autre collision,,,,,,,,,,,1,2,1,1,6
200600032620,0006-06-25 08:15:00,6,6,25,8,15,60,88,VOIE RAPIDE,,,Plein jour,En agglomération,Intersection en X,Normale,Deux véhicules - côté,,,,,,,,,,,1,2,2,1,3
200600032621,0006-06-25 14:45:00,6,6,25,14,45,60,88,"01, KARR (R. ALPHONSE)",,,Plein jour,En agglomération,Hors intersection,Normale,Autre collision,,,,,,,,,,,1,2,1,1,6
200600032622,0006-06-25 23:00:00,6,6,25,23,0,60,88,"39, ANGLAIS PLAGE (N°1 A",,,Nuit avec éclairage allumé,En agglomération,Hors intersection,Normale,Deux véhicules - côté,,,,,,,,,,,5,2,1,1,3
200600032623,0006-06-26 09:30:00,6,6,26,9,30,60,88,"0, PENETRANTE DU PAILLON",,,Plein jour,En agglomération,Hors intersection,Normale,Deux véhicules - côté,,,,,,,,,,,1,2,1,1,3
200600032624,0006-06-26 13:45:00,6,6,26,13,45,60,88,"0, VOIE RAPIDE",,,Plein jour,En agglomération,Hors intersection,Normale,Autre collision,,,,,,,,,,,1,2,1,1,6
200600032625,0006-06-26 16:00:00,6,6,26,16,0,60,88,"0, MARCEAU (R.)",,,Plein jour,En agglomération,Intersection en T,Normale,Autre collision,,,,,,,,,,,1,2,3,1,6
200600032626,0006-06-26 18:25:00,6,6,26,18,25,60,88,"0, BLANCON (RUE PIERRE)",,,Plein jour,En agglomération,Intersection en X,Normale,Deux véhicules - côté,,,,,,,,,,,1,2,2,1,3
200600032627,0006-06-27 10:10:00,6,6,27,10,10,60,88,SAINT-JEAN BAPTISTE (AV.,,,Plein jour,En agglomération,Hors intersection,Normale,Autre collision,,,,,,,,,,,1,2,1,1,6
200600032628,0006-06-27 17:00:00,6,6,27,17,0,60,88,ABADIE (RTE DE L'),,,Plein jour,Hors agglomération,Hors intersection,Normale,Deux véhicules - frontale,,,,,,,,,,,1,1,1,1,1
200600032629,0006-06-27 17:01:00,6,6,27,17,1,60,88,"16, VILLERMONT (AV.)",,,Plein jour,En agglomération,Hors intersection,Normale,Autre collision,,,,,,,,,,,1,2,1,1,6
200600032630,0006-06-27 18:30:00,6,6,27,18,30,60,88,"31-33, MAETERLINCK (BD M",,,Plein jour,En agglomération,Hors intersection,Normale,Deux véhicules - côté,,,,,,,,,,,1,2,1,1,3
200600032631,0006-06-27 22:25:00,6,6,27,22,25,60,88,"0, ALBERTI (RUE)",,,Nuit avec éclairage allumé,En agglomération,Intersection en X,Normale,Deux véhicules - côté,,,,,,,,,,,5,2,2,1,3
200600032632,0006-06-28 11:45:00,6,6,28,11,45,60,88,"0, DIGUE DES FRANCAIS (T",,,Plein jour,Hors agglomération,Intersection en X,Normale,Deux véhicules - côté,,,,,,,,,,,1,1,2,1,3
200600032633,0006-06-28 15:00:00,6,6,28,15,0,60,88,VIGNY (AV. IMP. ALFRED D,,,Plein jour,En agglomération,Intersection en X,Normale,Autre collision,,,,,,,,,,,1,2,2,1,6
200600032634,0006-06-28 17:30:00,6,6,28,17,30,60,88,"10, JOLY (CORNICHE ANDRE",,,Plein jour,En agglomération,Hors intersection,Normale,Sans collision,,,,,,,,,,,1,2,1,1,7
200600032635,0006-06-28 21:30:00,6,6,28,21,30,60,88,VOIE RAPIDE,,,Crépuscule ou aube,En agglomération,Hors intersection,Normale,Deux véhicules - côté,,,,,,,,,,,2,2,1,1,3
200600032636,0006-06-29 10:00:00,6,6,29,10,0,60,88,"0, MAETERLINCK (BD M.)",,,Plein jour,En agglomération,Hors intersection,Normale,Deux véhicules - côté,,,,,,,,,,,1,2,1,1,3
200600032637,0006-06-29 13:45:00,6,6,29,13,45,60,88,PRAT (R. DU DR LOUIS),,,Plein jour,En agglomération,Intersection en T,Normale,Deux véhicules - frontale,,,,,,,,,,,1,2,3,1,1
200600032638,0006-06-29 14:30:00,6,6,29,14,30,60,88,"0, BLANCON (RUE PIERRE)",,,Plein jour,En agglomération,Intersection en X,Normale,Deux véhicules - côté,,,,,,,,,,,1,2,2,1,3
200600032639,0006-06-29 16:45:00,6,6,29,16,45,60,88,"15, DANTE (RUE)",,,Plein jour,En agglomération,Hors intersection,Normale,Autre collision,,,,,,,,,,,1,2,1,1,6
200600032640,0006-06-29 18:40:00,6,6,29,18,40,60,88,"0, AUBER (AV.)",,,Plein jour,En agglomération,Intersection en X,Normale,Deux véhicules - côté,,,,,,,,,,,1,2,2,1,3
200600032641,0006-06-29 18:41:00,6,6,29,18,41,60,88,MADELEINE (BD DE LA),,,Plein jour,En agglomération,Hors intersection,Normale,Deux véhicules - côté,,,,,,,,,,,1,2,1,1,3
200600032642,0006-06-29 23:45:00,6,6,29,23,45,60,159,"74, VINAIGRIER (CHEMIN D",,,Nuit avec éclairage allumé,En agglomération,Hors intersection,Normale,Autre collision,,,,,,,,,,,5,2,1,1,6
200600032643,0006-06-30 16:45:00,6,6,30,16,45,60,88,"179, CASSIN (BD RENE)",,,Plein jour,En agglomération,Intersection en T,Normale,Deux véhicules - côté,,,,,,,,,,,1,2,3,1,3
200600032644,0006-06-30 18:50:00,6,6,30,18,50,60,88,"23, GRENOBLE (ROUTE DE)",,,Plein jour,En agglomération,Hors intersection,Normale,Deux véhicules - côté,,,,,,,,,,,1,2,1,1,3
200600032645,0006-06-30 21:30:00,6,6,30,21,30,70,331,ARLIX (ROUTE D'),,,Nuit avec éclairage allumé,Hors agglomération,Hors intersection,Normale,Deux véhicules - frontale,,,,,,,,,,,5,1,1,1,1
200600032646,0006-06-04 18:50:00,6,6,4,18,50,70,281,C.D. 533 (VERS LE PUY),,,Plein jour,Hors agglomération,Hors intersection,Normale,Deux véhicules - frontale,,,,,,,,,,,1,1,1,1,1
200600032647,0006-06-09 20:10:00,6,6,9,20,10,70,316,NIMES (ROUTE DE),,,Crépuscule ou aube,En agglomération,Hors intersection,Normale,Trois véhicules et plus - en chaîne,,,,,,,,,,,2,2,1,1,4
200600032648,0006-06-19 15:55:00,6,6,19,15,55,70,316,R.N.534,,,Plein jour,Hors agglomération,Hors intersection,Normale,Deux véhicules - côté,,,,,,,,,,,1,1,1,1,3
200600032649,0006-06-25 16:50:00,6,6,25,16,50,70,102,"23, REPUBLIQUE (AV. DE L",,,Plein jour,En agglomération,Hors intersection,Normale,Deux véhicules - arrière,,,,,,,,,,,1,2,1,1,2
200600032650,0006-06-11 18:05:00,6,6,11,18,5,70,186,"19, PALAIS (COURS DU)",,,Plein jour,En agglomération,Hors intersection,Normale,Trois véhicules et plus - en chaîne,,,,,,,,,,,1,2,1,1,4
200600032651,0006-06-23 13:00:00,6,6,23,13,0,70,186,"835, PASTE (BLD. DE)",,,Plein jour,En agglomération,Hors intersection,Normale,Deux véhicules - côté,,,,,,,,,,,1,2,1,1,3
200600032652,0006-06-10 19:50:00,6,6,10,19,50,80,105,CHARCOT J. QUAI,,,Plein jour,En agglomération,Hors intersection,Normale,Autre collision,,,,,,,,,,,1,2,1,1,6
200600032653,0006-06-13 16:47:00,6,6,13,16,47,80,105,"45, NIVELET E.",,,Plein jour,En agglomération,Hors intersection,Normale,Deux véhicules - arrière,,,,,,,,,,,1,2,1,1,2
200600032654,0006-06-25 00:10:00,6,6,25,0,10,80,105,91EME R.I. (AVENUE ET SQ,,,Nuit avec éclairage allumé,En agglomération,Intersection en X,Normale,Deux véhicules - côté,,,,,,,,,,,5,2,2,1,3
200600032655,0006-06-27 10:20:00,6,6,27,10,20,80,105,RN 43,,,Plein jour,En agglomération,Hors intersection,Pluie forte,Deux véhicules - côté,,,,,,,,,,,1,2,1,3,3
200600032656,0006-06-24 20:30:00,6,6,24,20,30,80,174,"51 A, WENTZEL (RUE JACQU",,,Plein jour,En agglomération,Hors intersection,Normale,Deux véhicules - frontale,,,,,,,,,,,1,2,1,1,1
200600032657,0006-06-19 08:45:00,6,6,19,8,45,90,122,LECLERC (AVENUE DU GENER,,,Plein jour,En agglomération,Intersection en T,Normale,Deux véhicules - côté,,,,,,,,,,,1,2,3,1,3
200600032658,0006-06-25 21:35:00,6,6,25,21,35,90,122,20 (R.N.) COTE SUD DU TU,,,Crépuscule ou aube,Hors agglomération,Hors intersection,Normale,Autre collision,,,,,,,,,,,2,1,1,1,6
200600032659,0006-06-02 08:40:00,6,6,2,8,40,100,387,"109, PREMIER MAI (RUE DU",,,Plein jour,En agglomération,Hors intersection,Normale,Autre collision,,,,,,,,,,,1,2,1,1,6
200600032660,0006-06-06 01:20:00,6,6,6,1,20,100,333,"56, TILLEULS (AVENUE DES",,,Nuit avec éclairage allumé,En agglomération,Hors intersection,Normale,Autre collision,,,,,,,,,,,5,2,1,1,6
200600032661,0006-06-01 20:50:00,6,6,1,20,50,100,333,"000, CHARLES BALTET (RUE",,,Plein jour,En agglomération,Intersection en X,Pluie légère,Deux véhicules - côté,,,,,,,,,,,1,2,2,2,3
200600032662,0006-06-12 20:30:00,6,6,12,20,30,100,387,NOES (RUE DES),,,Plein jour,En agglomération,Intersection en X,Normale,Deux véhicules - côté,,,,,,,,,,,1,2,2,1,3
200600032663,0006-06-10 13:45:00,6,6,10,13,45,100,333,"1, ROCADE OUEST (CD)",,,Plein jour,En agglomération,Hors intersection,Normale,Trois véhicules et plus - collisions multiples,,,,,,,,,,,1,2,1,1,5
200600032664,0006-06-08 21:50:00,6,6,8,21,50,100,387,"000, COMTE HENRI( RUE)",,,Plein jour,En agglomération,Intersection en X,Normale,Deux véhicules - côté,,,,,,,,,,,1,2,2,1,3
200600032665,0006-06-09 07:50:00,6,6,9,7,50,100,387,"30, JULES GUESDE (RUE)",,,Plein jour,En agglomération,Hors intersection,Normale,Autre collision,,,,,,,,,,,1,2,1,1,6
200600032666,0006-06-15 07:20:00,6,6,15,7,20,100,325,ROCADE SUD,,,Plein jour,Hors agglomération,Hors intersection,Normale,Trois véhicules et plus - en chaîne,,,,,,,,,,,1,1,1,1,4
200600032667,0006-06-17 21:10:00,6,6,17,21,10,100,362,"248 bis, GENERAL LECLERC",,,Plein jour,En agglomération,Hors intersection,Normale,Autre collision,,,,,,,,,,,1,2,1,1,6
200600032668,0006-06-17 19:00:00,6,6,17,19,0,100,387,FAUBOURG CRONCELS (RUE D,,,Plein jour,En agglomération,Intersection en X,Normale,Deux véhicules - côté,,,,,,,,,,,1,2,2,1,3
200600032669,0006-06-28 09:40:00,6,6,28,9,40,100,81,"14 BIS, VEUVE BENARD BOD",,,Plein jour,En agglomération,Hors intersection,Normale,Autre collision,,,,,,,,,,,1,2,1,1,6
200600032670,0006-06-30 11:15:00,6,6,30,11,15,100,333,"000, ROCADE OUEST (CD)",,,Plein jour,En agglomération,Hors intersection,Normale,Deux véhicules - frontale,,,,,,,,,,,1,2,1,1,1
200600032671,0006-06-30 19:00:00,6,6,30,19,0,100,325,GABRIEL DEHEURLES (RUE),,,Plein jour,En agglomération,Hors intersection,Normale,Deux véhicules - arrière,,,,,,,,,,,1,2,1,1,2
200600032672,0006-06-26 12:10:00,6,6,26,12,10,100,387,"1, MARTYRS DE LA RESISTA",,,Plein jour,En agglomération,Hors intersection,Normale,Deux véhicules - côté,,,,,,,,,,,1,2,1,1,3
200600032673,0006-06-23 17:00:00,6,6,23,17,0,110,76,"21, LANGLE (AVENUE MONSE",,,Plein jour,En agglomération,Hors intersection,Normale,Autre collision,,,,,,,,,,,1,2,1,1,6
200600032674,0006-06-07 17:40:00,6,6,7,17,40,110,262,"000, GENIE (RUE DU)",,,Plein jour,En agglomération,Intersection en X,Normale,Deux véhicules - côté,,,,,,,,,,,1,2,2,1,3
200600032675,0006-06-27 21:15:00,6,6,27,21,15,110,262,"000, CAMELLE (RUE CALIXT",,,Crépuscule ou aube,En agglomération,Intersection en T,Normale,Deux véhicules - côté,,,,,,,,,,,2,2,3,1,3
200600032676,0006-06-17 14:10:00,6,6,17,14,10,110,262,MISTRAL (BOULEVARD FREDE,,,Plein jour,En agglomération,Hors intersection,Normale,Autre collision,,,,,,,,,,,1,2,1,1,6
200600032677,0006-06-02 08:30:00,6,6,2,8,30,120,89,"07, CAYRADE",,,Plein jour,En agglomération,Hors intersection,Normale,Autre collision,,,,,,,,,,,1,2,1,1,6
200600032678,0006-06-10 12:45:00,6,6,10,12,45,120,89,19 MARS 1962 (IPassage d,,,Plein jour,En agglomération,Hors intersection,Normale,Autre collision,,,,,,,,,,,1,2,1,1,6
200600032679,0006-06-06 11:10:00,6,6,6,11,10,120,145,BONALD (BOULEVARD DE),,,Plein jour,En agglomération,Hors intersection,Normale,Autre collision,,,,,,,,,,,1,2,1,1,6
200600032680,0006-06-08 19:36:00,6,6,8,19,36,120,145,MILLAU PLAGE (AVENUE DE),,,Plein jour,En agglomération,Intersection en T,Normale,Deux véhicules - côté,,,,,,,,,,,1,2,3,1,3
200600032681,0006-06-07 10:50:00,6,6,7,10,50,120,145,AIGOUAL (AVENUE DE L'),,,Plein jour,En agglomération,Hors intersection,Normale,Deux véhicules - côté,,,,,,,,,,,1,2,1,1,3
200600032682,0006-06-06 08:40:00,6,6,6,8,40,120,145,DELMAS ETIENNE,,,Plein jour,En agglomération,Intersection en T,Normale,Deux véhicules - côté,,,,,,,,,,,1,2,3,1,3
200600032683,0006-06-13 13:44:00,6,6,13,13,44,120,145,"6, PONT LEROUGE (AVENUE",,,Plein jour,En agglomération,Hors intersection,Normale,Deux véhicules - côté,,,,,,,,,,,1,2,1,1,3