accident_id,datetime,annee,mois,jour,heure,minute,departement,commune_insee,adresse,latitude,longitude,luminosite,agglomeration,intersection,meteo,collision,nb_vehicules,nb_usagers,nb_indemnes,nb_tues,nb_blesses_hosp,nb_blesses_legers,age_cond_1,age_cond_2,veh_type_cond_1,veh_type_cond_2,lum_code,agg_code,int_code,atm_code,col_code
200600032818,0006-06-14 17:25:00,6,6,14,17,25,130,55,JEAN MOULIN (BOULEVARD),,,Plein jour,En agglomération,Intersection en T,Normale,Autre collision,,,,,,,,,,,1,2,3,1,6
200600032819,0006-06-16 23:30:00,6,6,16,23,30,130,55,LESSEPS (RUE DE),,,Nuit avec éclairage allumé,En agglomération,Place,Normale,Deux véhicules - côté,,,,,,,,,,,5,2,7,1,3
200600032820,0006-06-16 08:15:00,6,6,16,8,15,130,55,"24, ALEX. FLEMING (BOULE",,,Plein jour,En agglomération,Hors intersection,Normale,Deux véhicules - côté,,,,,,,,,,,1,2,1,1,3
200600032821,0006-06-17 11:00:00,6,6,17,11,0,130,55,"130, MADRAGUE VILLE (RUE",,,Plein jour,En agglomération,Hors intersection,Pluie légère,Autre collision,,,,,,,,,,,1,2,1,2,6
200600032822,0006-06-18 18:15:00,6,6,18,18,15,130,55,MONTREDON (AVENUE DE),,,Plein jour,En agglomération,Hors intersection,Normale,Deux véhicules - côté,,,,,,,,,,,1,2,1,1,3
200600032823,0006-06-21 18:25:00,6,6,21,18,25,130,55,"07, JEAN MOULIN (BOULEVA",,,Plein jour,En agglomération,Hors intersection,Normale,Trois véhicules et plus - en chaîne,,,,,,,,,,,1,2,1,1,4
200600032824,0006-06-22 03:15:00,6,6,22,3,15,130,55,MENDES FRANCE (AVENUE),,,Nuit avec éclairage allumé,En agglomération,Hors intersection,Pluie légère,Deux véhicules - arrière,,,,,,,,,,,5,2,1,2,2
200600032825,0006-06-17 15:45:00,6,6,17,15,45,130,55,"00, MONTREDON (AVENUE DE",,,Plein jour,En agglomération,Hors intersection,Normale,Deux véhicules - arrière,,,,,,,,,,,1,2,1,1,2
200600032826,0006-06-16 09:00:00,6,6,16,9,0,130,55,JULES CANTINI (AVENUE),,,Plein jour,En agglomération,Hors intersection,Normale,Deux véhicules - côté,,,,,,,,,,,1,2,1,1,3
200600032827,0006-06-08 17:15:00,6,6,8,17,15,130,55,BAILLE (BOULEVARD),,,Plein jour,En agglomération,Hors intersection,Normale,Deux véhicules - côté,,,,,,,,,,,1,2,1,1,3
200600032828,0006-06-09 15:00:00,6,6,9,15,0,130,55,LÉON GAMBETTA (ALLEE),,,Plein jour,En agglomération,Hors intersection,Normale,Deux véhicules - côté,,,,,,,,,,,1,2,1,1,3
200600032829,0006-06-07 12:00:00,6,6,7,12,0,130,55,ALEX. FLEMING (BOULEVARD,,,Plein jour,En agglomération,Hors intersection,Normale,Deux véhicules - arrière,,,,,,,,,,,1,2,1,1,2
200600032830,0006-06-07 19:00:00,6,6,7,19,0,130,55,", JUNOT (RUE)",,,Plein jour,En agglomération,Hors intersection,Normale,Deux véhicules - arrière,,,,,,,,,,,1,2,1,1,2
200600032831,0006-06-08 21:00:00,6,6,8,21,0,130,55,"59, CAMILLE PELLETAN (AV",,,Crépuscule ou aube,En agglomération,Hors intersection,Normale,Deux véhicules - arrière,,,,,,,,,,,2,2,1,1,2
200600032832,0006-06-16 12:00:00,6,6,16,12,0,130,55,SAINT JEAN (RUE),,,Plein jour,En agglomération,Intersection à plus de 4 branches,Normale,Autre collision,,,,,,,,,,,1,2,5,1,6
200600032833,0006-06-20 16:20:00,6,6,20,16,20,130,55,ANDRE ZENATTI (AVENUE),,,Plein jour,En agglomération,Hors intersection,Normale,Autre collision,,,,,,,,,,,1,2,1,1,6
200600032834,0006-06-06 13:00:00,6,6,6,13,0,130,55,"120, HAMBOURG (BOULEVARD",,,Plein jour,En agglomération,Hors intersection,Normale,Deux véhicules - frontale,,,,,,,,,,,1,2,1,1,1
200600032835,0006-06-16 18:10:00,6,6,16,18,10,130,55,", ENDOUME (RUE D')",,,Plein jour,En agglomération,Hors intersection,Normale,Autre collision,,,,,,,,,,,1,2,1,1,6
200600032836,0006-06-21 15:30:00,6,6,21,15,30,130,55,"7, PAUL DALBRET (AVENUE)",,,Plein jour,Hors agglomération,Hors intersection,Normale,Autre collision,,,,,,,,,,,1,1,1,1,6
200600032837,0006-06-19 19:20:00,6,6,19,19,20,130,55,RUFFI (RUE DE),,,Plein jour,En agglomération,Hors intersection,Normale,Deux véhicules - côté,,,,,,,,,,,1,2,1,1,3
200600032838,0006-06-19 16:45:00,6,6,19,16,45,130,55,SABLIERE (ROUTE DE LA),,,Plein jour,En agglomération,Hors intersection,Normale,Deux véhicules - côté,,,,,,,,,,,1,2,1,1,3
200600032839,0006-06-25 20:40:00,6,6,25,20,40,130,55,"341, MICHELET (BOULEVARD",,,Plein jour,En agglomération,Hors intersection,Normale,Trois véhicules et plus - en chaîne,,,,,,,,,,,1,2,1,1,4
200600032840,0006-06-25 19:10:00,6,6,25,19,10,130,55,SAINT PAUL (AVENUE),,,Plein jour,En agglomération,Hors intersection,Normale,Autre collision,,,,,,,,,,,1,2,1,1,6
200600032841,0006-06-23 12:30:00,6,6,23,12,30,130,55,"00, ALEX ANSALDI (RUE)",,,Plein jour,En agglomération,Hors intersection,Normale,Deux véhicules - côté,,,,,,,,,,,1,2,1,1,3
200600032842,0006-06-18 08:15:00,6,6,18,8,15,130,55,"19, HAITI (BOULEVARD D')",,,Plein jour,En agglomération,Hors intersection,Normale,Autre collision,,,,,,,,,,,1,2,1,1,6
200600032843,0006-06-22 18:40:00,6,6,22,18,40,130,55,"281, CAPELETTE (AVENUE D",,,Plein jour,En agglomération,Hors intersection,Normale,Deux véhicules - côté,,,,,,,,,,,1,2,1,1,3
200600032844,0006-06-22 19:00:00,6,6,22,19,0,130,55,NOTRE DAME (BOULEVARD),,,Plein jour,En agglomération,Hors intersection,Normale,Deux véhicules - côté,,,,,,,,,,,1,2,1,1,3
200600032845,0006-06-21 15:31:00,6,6,21,15,31,130,55,"0, CORSE (AVENUE DE LA)",,,Plein jour,En agglomération,Hors intersection,Normale,Deux véhicules - arrière,,,,,,,,,,,1,2,1,1,2
200600032846,0006-06-22 16:30:00,6,6,22,16,30,130,55,LIEUTAUD (COURS)      2,,,Plein jour,En agglomération,Hors intersection,Normale,Deux véhicules - arrière,,,,,,,,,,,1,2,1,1,2
200600032847,0006-06-22 14:00:00,6,6,22,14,0,130,55,ROME (RUE DE),,,Plein jour,En agglomération,Hors intersection,Normale,Deux véhicules - côté,,,,,,,,,,,1,2,1,1,3
200600032848,0006-06-22 00:15:00,6,6,22,0,15,130,55,SAKAKINI (BOULEVARD),,,Nuit avec éclairage allumé,En agglomération,Intersection en X,Temps couvert,Deux véhicules - côté,,,,,,,,,,,5,2,2,8,3
200600032849,0006-06-22 20:30:00,6,6,22,20,30,130,55,"13, RIVE NEUVE (QUAI)",,,Crépuscule ou aube,En agglomération,Intersection en T,Normale,Autre collision,,,,,,,,,,,2,2,3,1,6
200600032850,0006-06-19 12:00:00,6,6,19,12,0,130,55,VOLTAIRE    PAIRS (BOULE,,,Plein jour,En agglomération,Hors intersection,Normale,Deux véhicules - arrière,,,,,,,,,,,1,2,1,1,2
200600032851,0006-06-05 13:45:00,6,6,5,13,45,130,55,"85, LÉON BANCAL (RUE)",,,Plein jour,En agglomération,Hors intersection,Normale,Autre collision,,,,,,,,,,,1,2,1,1,6
200600032852,0006-06-12 07:30:00,6,6,12,7,30,130,55,DAMES (BOULEVARD DES),,,Plein jour,En agglomération,Giratoire,Normale,Deux véhicules - côté,,,,,,,,,,,1,2,6,1,3
200600032853,0006-06-19 07:00:00,6,6,19,7,0,130,55,"118, PONT DE VIVAUX (BOU",,,Plein jour,En agglomération,Hors intersection,Normale,Autre collision,,,,,,,,,,,1,2,1,1,6
200600032854,0006-06-22 20:20:00,6,6,22,20,20,130,55,"614, PRADO (AVENUE)",,,Plein jour,En agglomération,Hors intersection,Normale,Autre collision,,,,,,,,,,,1,2,1,1,6
200600032855,0006-06-19 17:45:00,6,6,19,17,45,130,55,CROIX ROUGE (AVENUE),,,Plein jour,En agglomération,Hors intersection,Normale,Autre collision,,,,,,,,,,,1,2,1,1,6
200600032856,0006-06-14 11:00:00,6,6,14,11,0,130,55,"233, CAMOINS (AVENUE DES",,,Plein jour,En agglomération,Hors intersection,Normale,Deux véhicules - frontale,,,,,,,,,,,1,2,1,1,1
200600032857,0006-06-29 00:40:00,6,6,29,0,40,130,55,"59, AVIATEUR LE BRIX (RU",,,Nuit avec éclairage allumé,En agglomération,Hors intersection,Normale,Autre collision,,,,,,,,,,,5,2,1,1,6
200600032858,0006-06-28 19:10:00,6,6,28,19,10,130,55,"25, MENDES FRANCE (AVENU",,,Plein jour,En agglomération,Hors intersection,Normale,Deux véhicules - côté,,,,,,,,,,,1,2,1,1,3
200600032859,0006-06-07 19:30:00,6,6,7,19,30,130,55,"74, JULES CANTINI (AVENU",,,Plein jour,En agglomération,Hors intersection,Normale,Sans collision,,,,,,,,,,,1,2,1,1,7
200600032860,0006-06-03 11:20:00,6,6,3,11,20,130,55,"259, CAPELETTE (AVENUE D",,,Plein jour,En agglomération,Hors intersection,Normale,Trois véhicules et plus - en chaîne,,,,,,,,,,,1,2,1,1,4
200600032861,0006-06-24 17:40:00,6,6,24,17,40,130,55,"150, ESTAQUE PLAGE",,,Plein jour,En agglomération,Hors intersection,Normale,Trois véhicules et plus - en chaîne,,,,,,,,,,,1,2,1,1,4
200600032862,0006-06-19 16:55:00,6,6,19,16,55,130,55,SAINTE MARTHE (CHEMIN DE,,,Plein jour,En agglomération,Hors intersection,Normale,Deux véhicules - côté,,,,,,,,,,,1,2,1,1,3
200600032863,0006-06-17 22:30:00,6,6,17,22,30,130,55,"58, SAINT ANTOINE (AVENU",,,Nuit sans éclairage public,En agglomération,Intersection en T,Normale,Autre collision,,,,,,,,,,,3,2,3,1,6
200600032864,0006-06-09 17:20:00,6,6,9,17,20,130,55,"99, AYGALADES (AVENUE DE",,,Plein jour,En agglomération,Hors intersection,Normale,Deux véhicules - côté,,,,,,,,,,,1,2,1,1,3
200600032865,0006-06-04 19:00:00,6,6,4,19,0,130,55,MALVINA (TRAVERSE),,,Plein jour,En agglomération,Intersection en T,Normale,Deux véhicules - côté,,,,,,,,,,,1,2,3,1,3
200600032866,0006-06-23 07:45:00,6,6,23,7,45,130,55,"149, FRÉDÉRIC MISTRAL (A",,,Plein jour,En agglomération,Intersection en T,Normale,Deux véhicules - côté,,,,,,,,,,,1,2,3,1,3
200600032867,0006-06-26 20:30:00,6,6,26,20,30,130,55,"11, HUVEAUNE (BOULEVARD",,,Crépuscule ou aube,En agglomération,Hors intersection,Normale,Autre collision,,,,,,,,,,,2,2,1,1,6
200600032868,0006-06-02 09:35:00,6,6,2,9,35,130,55,"87, CAMILLE PELLETAN (AV",,,Plein jour,En agglomération,Hors intersection,Normale,Autre collision,,,,,,,,,,,1,2,1,1,6
200600032869,0006-06-10 12:00:00,6,6,10,12,0,130,55,ARNAVAUX (AVENUE DES),,,Plein jour,En agglomération,Hors intersection,Normale,Deux véhicules - arrière,,,,,,,,,,,1,2,1,1,2
200600032870,0006-06-14 12:55:00,6,6,14,12,55,130,55,"51, LESSEPS (RUE DE)",,,Plein jour,En agglomération,Hors intersection,Normale,Deux véhicules - côté,,,,,,,,,,,1,2,1,1,3
200600032871,0006-06-15 08:30:00,6,6,15,8,30,130,55,"44, MOULIN LA V (TRAVERS",,,Plein jour,En agglomération,Hors intersection,Normale,Deux véhicules - arrière,,,,,,,,,,,1,2,1,1,2
200600032872,0006-06-30 23:00:00,6,6,30,23,0,130,55,"36, JEAN MOULIN (BOULEVA",,,Nuit avec éclairage allumé,En agglomération,Hors intersection,Normale,Sans collision,,,,,,,,,,,5,2,1,1,7
200600032873,0006-06-15 08:40:00,6,6,15,8,40,130,55,GUEY (BOULEVARD),,,Plein jour,En agglomération,Hors intersection,Normale,Deux véhicules - arrière,,,,,,,,,,,1,2,1,1,2
200600032874,0006-06-26 15:10:00,6,6,26,15,10,130,55,PIERRE DOIZE  (RUE),,,Plein jour,En agglomération,Hors intersection,Normale,Deux véhicules - côté,,,,,,,,,,,1,2,1,1,3
200600032875,0006-06-05 17:55:00,6,6,5,17,55,130,55,"face au 17, SAINT JEAN (",,,Plein jour,En agglomération,Hors intersection,Normale,Deux véhicules - arrière,,,,,,,,,,,1,2,1,1,2
200600032876,0006-06-30 10:30:00,6,6,30,10,30,130,55,", MARÉCHAL DE LATTRE (AV",,,Plein jour,En agglomération,Intersection en T,Normale,Deux véhicules - côté,,,,,,,,,,,1,2,3,1,3
200600032877,0006-06-23 13:05:00,6,6,23,13,5,130,55,ROME (RUE DE),,,Plein jour,En agglomération,Intersection en X,Normale,Deux véhicules - côté,,,,,,,,,,,1,2,2,1,3
200600032878,0006-06-21 13:30:00,6,6,21,13,30,130,55,"00, CANEBIERE     1 A 79",,,Plein jour,En agglomération,Hors intersection,Normale,Deux véhicules - arrière,,,,,,,,,,,1,2,1,1,2
200600032879,0006-06-23 16:15:00,6,6,23,16,15,130,55,PARADIS (RUE),,,Plein jour,En agglomération,Hors intersection,Normale,Deux véhicules - côté,,,,,,,,,,,1,2,1,1,3
200600032880,0006-06-27 14:30:00,6,6,27,14,30,130,55,"75, LIEUTAUD (COURS)",,,Plein jour,En agglomération,Intersection en T,Normale,Deux véhicules - arrière,,,,,,,,,,,1,2,3,1,2
200600032881,0006-06-13 07:50:00,6,6,13,7,50,130,55,MARTHELINE (AVENUE DE LA,,,Plein jour,En agglomération,Giratoire,Normale,Deux véhicules - côté,,,,,,,,,,,1,2,6,1,3
200600032882,0006-06-28 17:30:00,6,6,28,17,30,130,55,POLOGNE (PLACE DE),,,Plein jour,En agglomération,Autre intersection,Normale,Sans collision,,,,,,,,,,,1,2,9,1,7
200600032883,0006-06-15 09:00:00,6,6,15,9,0,130,55,ENJOLRAS (AVENUE),,,Plein jour,En agglomération,Hors intersection,Normale,Deux véhicules - côté,,,,,,,,,,,1,2,1,1,3
200600032884,0006-06-22 18:30:00,6,6,22,18,30,130,55,"25, MERLE (BOULEVARD)",,,Plein jour,En agglomération,Hors intersection,Normale,Trois véhicules et plus - en chaîne,,,,,,,,,,,1,2,1,1,4
200600032885,0006-06-30 08:50:00,6,6,30,8,50,130,2,LEI RIMA (AVENUE),,,Plein jour,En agglomération,Intersection en T,Normale,Deux véhicules - arrière,,,,,,,,,,,1,2,3,1,2
200600032886,0006-06-30 18:00:00,6,6,30,18,0,130,2,"68, 7EME TIRAILLEURS ALG",,,Plein jour,En agglomération,Hors intersection,Normale,Deux véhicules - arrière,,,,,,,,,,,1,2,1,1,2
200600032887,0006-06-23 19:30:00,6,6,23,19,30,130,55,"0, GASSENDI (BOULEVARD)",,,Plein jour,En agglomération,Intersection en T,Normale,Deux véhicules - frontale,,,,,,,,,,,1,2,3,1,1
200600032888,0006-06-24 22:15:00,6,6,24,22,15,130,55,ELLEON (AVENUE),,,Nuit avec éclairage allumé,En agglomération,Hors intersection,Normale,Autre collision,,,,,,,,,,,5,2,1,1,6
200600032889,0006-06-14 09:00:00,6,6,14,9,0,130,55,"332, POILUS (AVENUE DES)",,,Plein jour,En agglomération,Hors intersection,Normale,Trois véhicules et plus - en chaîne,,,,,,,,,,,1,2,1,1,4
200600032890,0006-06-09 08:30:00,6,6,9,8,30,130,55,"149, PRADO (AVENUE)",,,Plein jour,En agglomération,Hors intersection,Normale,Deux véhicules - côté,,,,,,,,,,,1,2,1,1,3
200600032891,0006-06-27 07:50:00,6,6,27,7,50,130,55,MAURIAC (RUE),,,Plein jour,En agglomération,Hors intersection,Normale,Deux véhicules - arrière,,,,,,,,,,,1,2,1,1,2
200600032892,0006-06-08 08:40:00,6,6,8,8,40,130,55,", HALLE DELACROIX",,,Plein jour,En agglomération,Hors intersection,Normale,Sans collision,,,,,,,,,,,1,2,1,1,7
200600032893,0006-06-16 10:30:00,6,6,16,10,30,130,55,SALVADOR ALLENDE (RUE),,,Plein jour,En agglomération,Hors intersection,Normale,Deux véhicules - côté,,,,,,,,,,,1,2,1,1,3
200600032894,0006-06-10 10:50:00,6,6,10,10,50,130,55,", SAINT MARCEL (BOULEVAR",,,Plein jour,En agglomération,Hors intersection,Normale,Deux véhicules - côté,,,,,,,,,,,1,2,1,1,3
200600032895,0006-06-27 12:00:00,6,6,27,12,0,130,55,CORNICHE KENNEDY,,,Plein jour,En agglomération,Hors intersection,Normale,Deux véhicules - côté,,,,,,,,,,,1,2,1,1,3
200600032896,0006-06-26 18:15:00,6,6,26,18,15,130,55,"386, PRADO (AVENUE)",,,Plein jour,En agglomération,Hors intersection,Normale,Deux véhicules - côté,,,,,,,,,,,1,2,1,1,3
200600032897,0006-06-27 16:20:00,6,6,27,16,20,130,55,MENDES FRANCE (AVENUE),,,Plein jour,En agglomération,Hors intersection,Normale,Sans collision,,,,,,,,,,,1,2,1,1,7
200600032898,0006-06-24 20:00:00,6,6,24,20,0,130,55,CASSIS (BOULEVARD),,,Plein jour,En agglomération,Hors intersection,Normale,Deux véhicules - frontale,,,,,,,,,,,1,2,1,1,1
200600032899,0006-06-24 17:00:00,6,6,24,17,0,130,55,MENDES FRANCE (AVENUE),,,Plein jour,En agglomération,Hors intersection,Normale,Deux véhicules - arrière,,,,,,,,,,,1,2,1,1,2
200600032900,0006-06-22 21:00:00,6,6,22,21,0,130,55,"00, BARRAL (BOULEVARD)",,,Crépuscule ou aube,En agglomération,Intersection en X,Normale,Deux véhicules - côté,,,,,,,,,,,2,2,2,1,3
200600032901,0006-06-27 12:30:00,6,6,27,12,30,130,55,"387, MICHELET (BOULEVARD",,,Plein jour,En agglomération,Intersection en X,Normale,Deux véhicules - côté,,,,,,,,,,,1,2,2,1,3
200600032902,0006-06-24 23:40:00,6,6,24,23,40,130,55,MENDES FRANCE (AVENUE),,,Nuit avec éclairage allumé,En agglomération,Hors intersection,Normale,Trois véhicules et plus - en chaîne,,,,,,,,,,,5,2,1,1,4
200600032903,0006-06-19 17:40:00,6,6,19,17,40,130,55,"18, FIFI TURIN (RUE)",,,Plein jour,En agglomération,Hors intersection,Normale,Deux véhicules - côté,,,,,,,,,,,1,2,1,1,3
200600032904,0006-06-29 13:50:00,6,6,29,13,50,130,55,ROMAIN ROLLAND (BOULEVAR,,,Plein jour,En agglomération,Intersection en X,Pluie légère,Deux véhicules - côté,,,,,,,,,,,1,2,2,2,3
200600032905,0006-06-15 15:55:00,6,6,15,15,55,130,55,FERRARI (RUE),,,Plein jour,En agglomération,Hors intersection,Normale,Sans collision,,,,,,,,,,,1,2,1,1,7
200600032906,0006-06-14 16:15:00,6,6,14,16,15,130,55,"232, BAILLE (BOULEVARD)",,,Plein jour,En agglomération,Hors intersection,Normale,Deux véhicules - côté,,,,,,,,,,,1,2,1,1,3
200600032907,0006-06-17 10:00:00,6,6,17,10,0,130,55,"139, ROME (RUE DE)",,,Plein jour,Hors agglomération,Hors intersection,Normale,Autre collision,,,,,,,,,,,1,1,1,1,6
200600032908,0006-06-09 17:10:00,6,6,9,17,10,130,55,ALEX. FLEMING (BOULEVARD,,,Plein jour,En agglomération,Hors intersection,Normale,Deux véhicules - arrière,,,,,,,,,,,1,2,1,1,2
200600032909,0006-06-30 12:30:00,6,6,30,12,30,130,55,SAINT ANTOINE (CHEMIN DE,,,Plein jour,En agglomération,Hors intersection,Normale,Deux véhicules - côté,,,,,,,,,,,1,2,1,1,3
200600032910,0006-06-14 11:01:00,6,6,14,11,1,130,55,"126, CORDERIE (BOULEVARD",,,Plein jour,En agglomération,Hors intersection,Normale,Autre collision,,,,,,,,,,,1,2,1,1,6
200600032911,0006-06-22 16:00:00,6,6,22,16,0,130,55,"00, PARTY (CHEMIN DE)",,,Plein jour,En agglomération,Intersection en T,Normale,Deux véhicules - côté,,,,,,,,,,,1,2,3,1,3
200600032912,0006-06-21 17:30:00,6,6,21,17,30,130,55,BROCHIER (RUE),,,Plein jour,En agglomération,Intersection en X,Normale,Deux véhicules - côté,,,,,,,,,,,1,2,2,1,3
200600032913,0006-06-29 19:30:00,6,6,29,19,30,130,55,SAINT MENET (AVENUE DE),,,Plein jour,En agglomération,Intersection en Y,Normale,Deux véhicules - côté,,,,,,,,,,,1,2,4,1,3
200600032914,0006-06-23 10:40:00,6,6,23,10,40,130,55,ROMAIN ROLLAND (BOULEVAR,,,Plein jour,En agglomération,Intersection en T,Normale,Deux véhicules - côté,,,,,,,,,,,1,2,3,1,3
200600032915,0006-06-29 16:20:00,6,6,29,16,20,130,55,"27, CAPELETTE (AVENUE DE",,,Plein jour,En agglomération,Autre intersection,Temps éblouissant,Deux véhicules - côté,,,,,,,,,,,1,2,9,7,3
200600032916,0006-06-24 22:00:00,6,6,24,22,0,130,55,LÉON BANCAL (RUE),,,Nuit avec éclairage allumé,En agglomération,Hors intersection,Normale,Deux véhicules - frontale,,,,,,,,,,,5,2,1,1,1
200600032917,0006-06-23 06:50:00,6,6,23,6,50,130,55,LITTORAL (CHEMIN DU),,,Plein jour,En agglomération,Intersection en T,Normale,Autre collision,,,,,,,,,,,1,2,3,1,6
200600032918,0006-06-26 19:45:00,6,6,26,19,45,130,55,"68, JEANNE D'ARC (BOULEV",,,Plein jour,En agglomération,Intersection en X,Normale,Autre collision,,,,,,,,,,,1,2,2,1,6
200600032919,0006-06-04 17:50:00,6,6,4,17,50,130,55,"00, BEAUMONT (BOULEVARD)",,,Plein jour,En agglomération,Autre intersection,Normale,Deux véhicules - frontale,,,,,,,,,,,1,2,9,1,1
200600032920,0006-06-13 09:50:00,6,6,13,9,50,130,55,", MARGAILLAN (BOULEVARD)",,,Plein jour,En agglomération,Intersection en X,Normale,Deux véhicules - côté,,,,,,,,,,,1,2,2,1,3
200600032921,0006-06-26 15:20:00,6,6,26,15,20,130,55,KADDOUZ (CHEMIN),,,Plein jour,Hors agglomération,Hors intersection,Normale,Autre collision,,,,,,,,,,,1,1,1,1,6
200600032922,0006-06-27 02:50:00,6,6,27,2,50,130,55,PEINTRES RO (RUE),,,Nuit avec éclairage allumé,En agglomération,Hors intersection,Normale,Deux véhicules - arrière,,,,,,,,,,,5,2,1,1,2
200600032923,0006-06-26 18:35:00,6,6,26,18,35,130,55,"360, POILUS (AVENUE DES)",,,Plein jour,En agglomération,Intersection en T,Normale,Deux véhicules - côté,,,,,,,,,,,1,2,3,1,3
200600032924,0006-06-25 00:10:00,6,6,25,0,10,130,55,HAMBOURG (BOULEVARD),,,Nuit avec éclairage allumé,En agglomération,Hors intersection,Normale,Deux véhicules - arrière,,,,,,,,,,,5,2,1,1,2
200600032925,0006-06-15 20:20:00,6,6,15,20,20,130,55,STRASBOURG (BOULEVARD),,,Plein jour,En agglomération,Intersection en X,Normale,Deux véhicules - côté,,,,,,,,,,,1,2,2,1,3
200600032926,0006-06-26 16:00:00,6,6,26,16,0,130,55,FLEGIER (RUE),,,Plein jour,En agglomération,Hors intersection,Normale,Deux véhicules - côté,,,,,,,,,,,1,2,1,1,3
200600032927,0006-06-08 12:30:00,6,6,8,12,30,130,55,"135, CORNICHE KENNEDY",,,Plein jour,En agglomération,Intersection en X,Normale,Deux véhicules - arrière,,,,,,,,,,,1,2,2,1,2
200600032928,0006-06-06 16:30:00,6,6,6,16,30,130,55,BRETEUIL (RUE)    2 A 18,,,Plein jour,En agglomération,Intersection en X,Normale,Deux véhicules - côté,,,,,,,,,,,1,2,2,1,3
200600032929,0006-06-23 17:00:00,6,6,23,17,0,130,55,MONTREDON (AVENUE DE),,,Plein jour,En agglomération,Intersection en T,Normale,Deux véhicules - côté,,,,,,,,,,,1,2,3,1,3
200600032930,0006-06-22 21:30:00,6,6,22,21,30,130,55,"00, MICHELET (BOULEVARD)",,,Nuit avec éclairage allumé,En agglomération,Intersection en X,Normale,Deux véhicules - côté,,,,,,,,,,,5,2,2,1,3
200600032931,0006-06-23 18:50:00,6,6,23,18,50,130,55,"00, ALEX ANSALDI (RUE)",,,Plein jour,En agglomération,Hors intersection,Normale,Deux véhicules - côté,,,,,,,,,,,1,2,1,1,3
200600032932,0006-06-21 20:45:00,6,6,21,20,45,130,55,"5, RAVEL (IMPASSE)",,,Nuit avec éclairage allumé,En agglomération,Hors intersection,Normale,Deux véhicules - côté,,,,,,,,,,,5,2,1,1,3
200600032933,0006-06-30 10:31:00,6,6,30,10,31,130,55,"02, SEBASTOPOL (PLACE)",,,Plein jour,En agglomération,Hors intersection,Normale,Autre collision,,,,,,,,,,,1,2,1,1,6
200600032934,0006-06-07 10:30:00,6,6,7,10,30,130,55,", GAVOTTE (RUE DE LA)",,,Plein jour,En agglomération,Intersection en T,Normale,Autre collision,,,,,,,,,,,1,2,3,1,6
200600032935,0006-06-22 18:20:00,6,6,22,18,20,130,55,JEAN MOULIN (BOULEVARD),,,Plein jour,En agglomération,Hors intersection,Normale,Sans collision,,,,,,,,,,,1,2,1,1,7
200600032936,0006-06-01 14:50:00,6,6,1,14,50,130,55,"00, BAILLE (BOULEVARD)",,,Plein jour,En agglomération,Hors intersection,Normale,Deux véhicules - arrière,,,,,,,,,,,1,2,1,1,2
200600032937,0006-06-03 11:15:00,6,6,3,11,15,130,55,"103, LODI (RUE DE)",,,Plein jour,En agglomération,Hors intersection,Normale,Autre collision,,,,,,,,,,,1,2,1,1,6
200600032938,0006-06-12 18:30:00,6,6,12,18,30,130,55,"319, PRADO (AVENUE)",,,Plein jour,En agglomération,Hors intersection,Normale,Autre collision,,,,,,,,,,,1,2,1,1,6
200600032939,0006-06-30 09:30:00,6,6,30,9,30,130,55,PLOMBIERES (BOULEVARD DE,,,Plein jour,En agglomération,Hors intersection,Normale,Autre collision,,,,,,,,,,,1,2,1,1,6
200600032940,0006-06-25 04:00:00,6,6,25,4,0,130,55,JEAN MOULIN (BOULEVARD),,,Nuit avec éclairage allumé,En agglomération,Hors intersection,Normale,Sans collision,,,,,,,,,,,5,2,1,1,7
200600032941,0006-06-27 04:30:00,6,6,27,4,30,130,55,JARRE (AVENUE DE LA),,,Nuit avec éclairage allumé,En agglomération,Hors intersection,Normale,Autre collision,,,,,,,,,,,5,2,1,1,6
200600032942,0006-06-19 17:30:00,6,6,19,17,30,130,55,PIERRE DRAVET (RUE),,,Plein jour,En agglomération,Hors intersection,Normale,Deux véhicules - arrière,,,,,,,,,,,1,2,1,1,2
200600032943,0006-06-27 12:50:00,6,6,27,12,50,130,55,ANDRE ZENATTI (AVENUE),,,Plein jour,En agglomération,Hors intersection,Normale,Deux véhicules - côté,,,,,,,,,,,1,2,1,1,3
200600032944,0006-06-24 15:15:00,6,6,24,15,15,130,55,"72, JEANNE D'ARC (BOULEV",,,Plein jour,En agglomération,Hors intersection,Normale,Autre collision,,,,,,,,,,,1,2,1,1,6
200600032945,0006-06-19 20:45:00,6,6,19,20,45,130,55,BLANCARDE (BOULEVARD),,,Plein jour,En agglomération,Intersection en X,Normale,Autre collision,,,,,,,,,,,1,2,2,1,6
200600032946,0006-06-19 11:45:00,6,6,19,11,45,130,55,"439, MADRAGUE VILLE (RUE",,,Plein jour,En agglomération,Hors intersection,Normale,Sans collision,,,,,,,,,,,1,2,1,1,7
200600032947,0006-06-20 09:35:00,6,6,20,9,35,130,55,"51, CAMILLE PELLETAN (AV",,,Plein jour,En agglomération,Hors intersection,Normale,Deux véhicules - arrière,,,,,,,,,,,1,2,1,1,2
200600032948,0006-06-26 18:30:00,6,6,26,18,30,130,55,BARRY (BOULEVARD),,,Plein jour,En agglomération,Hors intersection,Normale,Deux véhicules - côté,,,,,,,,,,,1,2,1,1,3
200600032949,0006-06-21 10:20:00,6,6,21,10,20,130,55,MARSEILLAISES (PLACE DES,,,Plein jour,En agglomération,Hors intersection,Normale,Sans collision,,,,,,,,,,,1,2,1,1,7
200600032950,0006-06-28 00:50:00,6,6,28,0,50,130,55,MARÉCHAL JUIN (BOULEVARD,,,Nuit avec éclairage allumé,En agglomération,Hors intersection,Normale,Trois véhicules et plus - en chaîne,,,,,,,,,,,5,2,1,1,4