accident_id,datetime,annee,mois,jour,heure,minute,departement,commune_insee,adresse,latitude,longitude,luminosite,agglomeration,intersection,meteo,collision,nb_vehicules,nb_usagers,nb_indemnes,nb_tues,nb_blesses_hosp,nb_blesses_legers,age_cond_1,age_cond_2,veh_type_cond_1,veh_type_cond_2,lum_code,agg_code,int_code,atm_code,col_code
200600033354,0006-06-06 15:53:00,6,6,6,15,53,300,189,"..., CROIX DE VAUVERT (C",,,Plein jour,En agglomération,Intersection en X,Normale,Deux véhicules - côté,,,,,,,,,,,1,2,2,1,3
200600033355,0006-06-06 17:35:00,6,6,6,17,35,300,189,ALLENDE SALVADOR (RUE),,,Plein jour,En agglomération,Hors intersection,Normale,Trois véhicules et plus - en chaîne,,,,,,,,,,,1,2,1,1,4
200600033356,0006-06-07 08:27:00,6,6,7,8,27,300,189,"., SEMARD PIERRE (RUE)",,,Plein jour,En agglomération,Intersection en T,Normale,Autre collision,,,,,,,,,,,1,2,3,1,6
200600033357,0006-06-07 09:01:00,6,6,7,9,1,300,189,"..., ARTS (AVENUE)",,,Plein jour,En agglomération,Hors intersection,Normale,Autre collision,,,,,,,,,,,1,2,1,1,6
200600033358,0006-06-08 15:30:00,6,6,8,15,30,300,189,ALBENAS (RUE),,,Plein jour,En agglomération,Intersection en X,Normale,Deux véhicules - côté,,,,,,,,,,,1,2,2,1,3
200600033359,0006-06-09 11:03:00,6,6,9,11,3,300,189,"., MITTERAND FRANCOIS (A",,,Plein jour,En agglomération,Giratoire,Normale,Autre collision,,,,,,,,,,,1,2,6,1,6
200600033360,0006-06-10 05:16:00,6,6,10,5,16,300,189,CANAUX (CHEMIN),,,Crépuscule ou aube,En agglomération,Hors intersection,Normale,Deux véhicules - frontale,,,,,,,,,,,2,2,1,1,1
200600033361,0006-06-10 10:52:00,6,6,10,10,52,300,189,GENERAC (ROUTE),,,Plein jour,Hors agglomération,Hors intersection,Normale,Sans collision,,,,,,,,,,,1,1,1,1,7
200600033362,0006-06-13 11:58:00,6,6,13,11,58,300,189,"1541, MARECHAL JUIN (BOU",,,Plein jour,En agglomération,Intersection en T,Normale,Deux véhicules - côté,,,,,,,,,,,1,2,3,1,3
200600033363,0006-06-13 14:14:00,6,6,13,14,14,300,189,BOURDAN PIERRE (RUE),,,Plein jour,Hors agglomération,Intersection en X,Normale,Trois véhicules et plus - collisions multiples,,,,,,,,,,,1,1,2,1,5
200600033364,0006-06-13 12:05:00,6,6,13,12,5,300,189,".., DHUODA (RUE)",,,Plein jour,Hors agglomération,Intersection en X,Normale,Deux véhicules - côté,,,,,,,,,,,1,1,2,1,3
200600033365,0006-06-14 07:14:00,6,6,14,7,14,300,189,"., ALLENDE SALVADOR (RUE",,,Plein jour,En agglomération,Hors intersection,Normale,Sans collision,,,,,,,,,,,1,2,1,1,7
200600033366,0006-06-14 10:10:00,6,6,14,10,10,300,189,CITE FOULC (RUE),,,Plein jour,En agglomération,Intersection en X,Normale,Deux véhicules - côté,,,,,,,,,,,1,2,2,1,3
200600033367,0006-06-16 17:20:00,6,6,16,17,20,300,189,"., DEMIANS  (RUE OU IMPA",,,Plein jour,En agglomération,Hors intersection,Normale,Deux véhicules - côté,,,,,,,,,,,1,2,1,1,3
200600033368,0006-06-17 09:34:00,6,6,17,9,34,300,189,".., LECLERC GENERAL (AVE",,,Plein jour,En agglomération,Intersection en X,Normale,Deux véhicules - côté,,,,,,,,,,,1,2,2,1,3
200600033369,0006-06-17 19:15:00,6,6,17,19,15,300,189,"..., SAINT GILLES (ROUTE",,,Plein jour,En agglomération,Hors intersection,Normale,Autre collision,,,,,,,,,,,1,2,1,1,6
200600033370,0006-06-17 22:10:00,6,6,17,22,10,300,189,"116, AVIGNON (ANCIENNE R",,,Crépuscule ou aube,Hors agglomération,Hors intersection,Normale,Autre collision,,,,,,,,,,,2,1,1,1,6
200600033371,0006-06-18 15:44:00,6,6,18,15,44,300,189,FOCH MARECHAL (PLACE),,,Plein jour,En agglomération,Intersection en T,Normale,Deux véhicules - côté,,,,,,,,,,,1,2,3,1,3
200600033372,0006-06-19 16:02:00,6,6,19,16,2,300,189,BABY JACQUES (RUE ET IMP,,,Plein jour,En agglomération,Intersection en X,Normale,Deux véhicules - frontale,,,,,,,,,,,1,2,2,1,1
200600033373,0006-06-19 19:52:00,6,6,19,19,52,300,189,"..., MAS DE CHEYLON",,,Plein jour,En agglomération,Intersection en X,Normale,Deux véhicules - côté,,,,,,,,,,,1,2,2,1,3
200600033374,0006-06-21 18:50:00,6,6,21,18,50,300,189,"., CANAUX (CHEMIN)",,,Plein jour,Hors agglomération,Hors intersection,Normale,Deux véhicules - côté,,,,,,,,,,,1,1,1,1,3
200600033375,0006-06-22 01:30:00,6,6,22,1,30,300,189,"., PERRIER GENERAL (RUE)",,,Nuit avec éclairage allumé,En agglomération,Intersection en X,Normale,Autre collision,,,,,,,,,,,5,2,2,1,6
200600033376,0006-06-23 11:17:00,6,6,23,11,17,300,189,"..., MAS DE CHEYLON",,,Plein jour,Hors agglomération,Hors intersection,Normale,Deux véhicules - arrière,,,,,,,,,,,1,1,1,1,2
200600033377,0006-06-24 10:58:00,6,6,24,10,58,300,189,SAINTE FELICITE (RUE),,,Plein jour,En agglomération,Intersection en X,Normale,Deux véhicules - côté,,,,,,,,,,,1,2,2,1,3
200600033378,0006-06-26 16:44:00,6,6,26,16,44,300,189,"..., BIR HAKEIM (AVENUE)",,,Plein jour,En agglomération,Intersection en X,Normale,Deux véhicules - frontale,,,,,,,,,,,1,2,2,1,1
200600033379,0006-06-27 09:35:00,6,6,27,9,35,300,189,NATOIRE (BOULEVARD),,,Plein jour,En agglomération,Hors intersection,Normale,Autre collision,,,,,,,,,,,1,2,1,1,6
200600033380,0006-06-27 15:50:00,6,6,27,15,50,300,189,"9, RONZAS EMILIEN (RUE)",,,Plein jour,En agglomération,Hors intersection,Normale,Autre collision,,,,,,,,,,,1,2,1,1,6
200600033381,0006-06-27 21:03:00,6,6,27,21,3,300,189,"44, GAMBETTA (BD)",,,Crépuscule ou aube,En agglomération,Hors intersection,Normale,Autre collision,,,,,,,,,,,2,2,1,1,6
200600033382,0006-06-28 23:16:00,6,6,28,23,16,300,189,CLINIQUE KENNEDY,,,Nuit avec éclairage non allumé,En agglomération,Hors intersection,Normale,Deux véhicules - côté,,,,,,,,,,,4,2,1,1,3
200600033383,0006-06-29 17:14:00,6,6,29,17,14,300,189,".., CALQUIERES (RUE OU I",,,Plein jour,En agglomération,Hors intersection,Normale,Autre collision,,,,,,,,,,,1,2,1,1,6
200600033384,0006-06-29 21:45:00,6,6,29,21,45,300,189,ARTS (AVENUE),,,Nuit avec éclairage allumé,En agglomération,Intersection en T,Normale,Sans collision,,,,,,,,,,,5,2,3,1,7
200600033385,0006-06-30 13:25:00,6,6,30,13,25,300,189,"., CAPOUCHINE (CHEMIN)",,,Plein jour,En agglomération,Intersection en X,Normale,Trois véhicules et plus - collisions multiples,,,,,,,,,,,1,2,2,1,5
200600033386,0006-06-09 13:05:00,6,6,9,13,5,300,11,"325, DE GAULLE AVENUE CH",,,Plein jour,En agglomération,Hors intersection,Normale,Deux véhicules - côté,,,,,,,,,,,1,2,1,1,3
200600033387,0006-06-15 20:20:00,6,6,15,20,20,300,11,VERDUN AVENUE DE,,,Plein jour,En agglomération,Hors intersection,Normale,Deux véhicules - côté,,,,,,,,,,,1,2,1,1,3
200600033388,0006-06-21 21:00:00,6,6,21,21,0,300,351,"22, GENERAL LECLERC AVEN",,,Plein jour,En agglomération,Giratoire,Normale,Deux véhicules - côté,,,,,,,,,,,1,2,6,1,3
200600033389,0006-06-03 15:17:00,6,6,3,15,17,310,69,"17, ZOLA (ALL EMILE)",,,Plein jour,En agglomération,Hors intersection,Normale,Deux véhicules - arrière,,,,,,,,,,,1,2,1,1,2
200600033390,0006-06-08 08:00:00,6,6,8,8,0,310,149,MONNET (AVENUE JEAN),,,Plein jour,En agglomération,Giratoire,Normale,Deux véhicules - côté,,,,,,,,,,,1,2,6,1,3
200600033391,0006-06-13 12:15:00,6,6,13,12,15,310,149,"26, GILET (RUE)",,,Plein jour,En agglomération,Hors intersection,Normale,Autre collision,,,,,,,,,,,1,2,1,1,6
200600033392,0006-06-14 11:20:00,6,6,14,11,20,310,149,"5, MORBIHAN (ALLEE DU)",,,Plein jour,En agglomération,Hors intersection,Normale,Sans collision,,,,,,,,,,,1,2,1,1,7
200600033393,0006-06-14 09:10:00,6,6,14,9,10,310,149,SALVETAT (CHEMIN DE LA),,,Plein jour,En agglomération,Intersection en T,Normale,Deux véhicules - côté,,,,,,,,,,,1,2,3,1,3
200600033394,0006-06-29 08:05:00,6,6,29,8,5,310,149,CHAMPAGNE (ALLEE DE LA),,,Plein jour,En agglomération,Intersection en T,Normale,Deux véhicules - côté,,,,,,,,,,,1,2,3,1,3
200600033395,0006-06-29 08:18:00,6,6,29,8,18,310,149,3 COLOMIERS EST (A624),,,Plein jour,En agglomération,Hors intersection,Normale,Deux véhicules - arrière,,,,,,,,,,,1,2,1,1,2
200600033396,0006-06-21 08:20:00,6,6,21,8,20,310,483,SCHWEITZER ( RUE DU DOCT,,,Plein jour,En agglomération,Hors intersection,Pluie légère,Autre collision,,,,,,,,,,,1,2,1,2,6
200600033397,0006-06-28 10:20:00,6,6,28,10,20,310,483,", PICON ( RUE DU )",,,Plein jour,En agglomération,Passage à niveau,Normale,Deux véhicules - côté,,,,,,,,,,,1,2,8,1,3
200600033398,0006-06-01 08:50:00,6,6,1,8,50,310,483,SCHUMANN ROBERT (RUE),,,Plein jour,En agglomération,Hors intersection,Normale,Deux véhicules - frontale,,,,,,,,,,,1,2,1,1,1
200600033399,0006-06-02 12:00:00,6,6,2,12,0,310,483,PHOEBUS GASTON (AVENUE),,,Plein jour,En agglomération,Hors intersection,Normale,Autre collision,,,,,,,,,,,1,2,1,1,6
200600033400,0006-06-07 17:15:00,6,6,7,17,15,310,483,FOURNIER (PLACE ),,,Plein jour,En agglomération,Giratoire,Temps éblouissant,Deux véhicules - côté,,,,,,,,,,,1,2,6,7,3
200600033401,0006-06-07 23:15:00,6,6,7,23,15,310,483,"1, VIEILLE SERRE (RUE DE",,,Nuit avec éclairage allumé,En agglomération,Hors intersection,Normale,Deux véhicules - frontale,,,,,,,,,,,5,2,1,1,1
200600033402,0006-06-01 12:55:00,6,6,1,12,55,310,555,"999, RTE DE BAYONNE",,,Plein jour,En agglomération,Hors intersection,Normale,Deux véhicules - côté,,,,,,,,,,,1,2,1,1,3
200600033403,0006-06-01 12:56:00,6,6,1,12,56,310,555,"999, RTE D AGDE",,,Plein jour,En agglomération,Intersection en X,Normale,Deux véhicules - côté,,,,,,,,,,,1,2,2,1,3
200600033404,0006-06-04 08:25:00,6,6,4,8,25,310,555,"999, AV DES ETATS UNIS",,,Plein jour,En agglomération,Intersection en X,Normale,Deux véhicules - frontale,,,,,,,,,,,1,2,2,1,1
200600033405,0006-06-02 14:43:00,6,6,2,14,43,310,555,"20, RUE DU LANGUEDOC",,,Plein jour,En agglomération,Hors intersection,Normale,Deux véhicules - côté,,,,,,,,,,,1,2,1,1,3
200600033406,0006-06-02 18:00:00,6,6,2,18,0,310,555,VA007379 BAYLAC  A624 So,,,Plein jour,En agglomération,Hors intersection,Normale,Trois véhicules et plus - en chaîne,,,,,,,,,,,1,2,1,1,4
200600033407,0006-06-03 06:55:00,6,6,3,6,55,310,555,"999, RUE DU DR MARCEL BO",,,Plein jour,En agglomération,Intersection en X,Normale,Deux véhicules - frontale,,,,,,,,,,,1,2,2,1,1
200600033408,0006-06-03 20:55:00,6,6,3,20,55,310,555,"999, BD PIERRE PAUL RIQU",,,Nuit avec éclairage allumé,En agglomération,Hors intersection,Normale,Deux véhicules - côté,,,,,,,,,,,5,2,1,1,3
200600033409,0006-06-04 16:35:00,6,6,4,16,35,310,555,"27, ALL JEAN JAURES",,,Plein jour,En agglomération,Hors intersection,Normale,Autre collision,,,,,,,,,,,1,2,1,1,6
200600033410,0006-06-01 09:05:00,6,6,1,9,5,310,555,VA007553 A61,,,Plein jour,En agglomération,Hors intersection,Normale,Autre collision,,,,,,,,,,,1,2,1,1,6
200600033411,0006-06-05 07:30:00,6,6,5,7,30,310,555,"999, RUE DU TAUR",,,Crépuscule ou aube,En agglomération,Intersection en X,Normale,Autre collision,,,,,,,,,,,2,2,2,1,6
200600033412,0006-06-06 04:15:00,6,6,6,4,15,310,555,"4, BD D ARCOLE",,,Nuit avec éclairage allumé,En agglomération,Hors intersection,Normale,Autre collision,,,,,,,,,,,5,2,1,1,6
200600033413,0006-06-06 08:00:00,6,6,6,8,0,310,555,"239, AV DE CASTRES",,,Plein jour,En agglomération,Intersection en T,Normale,Deux véhicules - côté,,,,,,,,,,,1,2,3,1,3
200600033414,0006-06-06 17:47:00,6,6,6,17,47,310,555,"48, BD LASCROSSES",,,Plein jour,En agglomération,Hors intersection,Normale,Autre collision,,,,,,,,,,,1,2,1,1,6
200600033415,0006-06-06 20:09:00,6,6,6,20,9,310,555,"999, RUE DE LA CHAUSSEE",,,Plein jour,En agglomération,Intersection en X,Normale,Deux véhicules - côté,,,,,,,,,,,1,2,2,1,3
200600033416,0006-06-06 17:30:00,6,6,6,17,30,310,555,"318, RTE DE SAINT SIMON",,,Plein jour,En agglomération,Hors intersection,Normale,Autre collision,,,,,,,,,,,1,2,1,1,6
200600033417,0006-06-06 20:29:00,6,6,6,20,29,310,555,"999, AV DE GRANDE BRETAG",,,Crépuscule ou aube,En agglomération,Intersection en T,Normale,Deux véhicules - côté,,,,,,,,,,,2,2,3,1,3
200600033418,0006-06-07 07:50:00,6,6,7,7,50,310,555,"999, ROND-POINT JOSEPH S",,,Plein jour,En agglomération,Intersection en Y,Normale,Deux véhicules - arrière,,,,,,,,,,,1,2,4,1,2
200600033419,0006-06-07 08:15:00,6,6,7,8,15,310,555,VA008432 LANGLADE A620 S,,,Plein jour,Hors agglomération,Hors intersection,Normale,Trois véhicules et plus - en chaîne,,,,,,,,,,,1,1,1,1,4
200600033420,0006-06-07 10:05:00,6,6,7,10,5,310,555,"999, AV DE GRANDE BRETAG",,,Plein jour,En agglomération,Intersection en T,Normale,Deux véhicules - côté,,,,,,,,,,,1,2,3,1,3
200600033421,0006-06-07 10:40:00,6,6,7,10,40,310,555,VA007500 CROIX DAURADE A,,,Plein jour,En agglomération,Hors intersection,Normale,Deux véhicules - arrière,,,,,,,,,,,1,2,1,1,2
200600033422,0006-06-07 12:05:00,6,6,7,12,5,310,555,"38, AV DE LOMBEZ",,,Plein jour,En agglomération,Hors intersection,Normale,Autre collision,,,,,,,,,,,1,2,1,1,6
200600033423,0006-06-07 15:10:00,6,6,7,15,10,310,555,"999, RUE DE PERIOLE",,,Plein jour,En agglomération,Intersection en Y,Normale,Deux véhicules - côté,,,,,,,,,,,1,2,4,1,3
200600033424,0006-06-08 15:25:00,6,6,8,15,25,310,555,"17, AV DE CASTRES",,,Plein jour,En agglomération,Hors intersection,Normale,Deux véhicules - arrière,,,,,,,,,,,1,2,1,1,2
200600033425,0006-06-08 08:25:00,6,6,8,8,25,310,555,GAUSSENS (rue henry),,,Plein jour,En agglomération,Hors intersection,Normale,Deux véhicules - côté,,,,,,,,,,,1,2,1,1,3
200600033426,0006-06-08 15:50:00,6,6,8,15,50,310,555,"999, RUE MATABIAU",,,Plein jour,En agglomération,Hors intersection,Normale,Deux véhicules - côté,,,,,,,,,,,1,2,1,1,3
200600033427,0006-06-08 17:50:00,6,6,8,17,50,310,555,"13, ALL CHARLES DE FITTE",,,Plein jour,En agglomération,Hors intersection,Normale,Deux véhicules - arrière,,,,,,,,,,,1,2,1,1,2
200600033428,0006-06-08 18:45:00,6,6,8,18,45,310,555,"999, RUE DES PUITS CREUS",,,Plein jour,En agglomération,Intersection en T,Normale,Deux véhicules - côté,,,,,,,,,,,1,2,3,1,3
200600033429,0006-06-11 05:20:00,6,6,11,5,20,310,555,"3 ter, BD LASCROSSES",,,Nuit avec éclairage allumé,En agglomération,Hors intersection,Normale,Autre collision,,,,,,,,,,,5,2,1,1,6
200600033430,0006-06-09 13:35:00,6,6,9,13,35,310,555,"374, RTE DE SAINT SIMON",,,Plein jour,En agglomération,Intersection en T,Normale,Deux véhicules - arrière,,,,,,,,,,,1,2,3,1,2
200600033431,0006-06-09 14:25:00,6,6,9,14,25,310,555,"91, BD GABRIEL KOENIGS",,,Plein jour,En agglomération,Hors intersection,Normale,Trois véhicules et plus - collisions multiples,,,,,,,,,,,1,2,1,1,5
200600033432,0006-06-09 19:25:00,6,6,9,19,25,310,555,"10, AV DES ETATS UNIS",,,Plein jour,En agglomération,Hors intersection,Normale,Deux véhicules - côté,,,,,,,,,,,1,2,1,1,3
200600033433,0006-06-10 17:40:00,6,6,10,17,40,310,555,"999, AV D ATLANTA",,,Plein jour,En agglomération,Intersection en X,Normale,Deux véhicules - côté,,,,,,,,,,,1,2,2,1,3
200600033434,0006-06-10 22:30:00,6,6,10,22,30,310,555,"216 BIS, RTE DE SEYSSES",,,Nuit avec éclairage allumé,En agglomération,Hors intersection,Normale,Autre collision,,,,,,,,,,,5,2,1,1,6
200600033435,0006-06-11 07:32:00,6,6,11,7,32,310,555,"76, ALL CHARLES DE FITTE",,,Plein jour,En agglomération,Intersection en T,Normale,Autre collision,,,,,,,,,,,1,2,3,1,6
200600033436,0006-06-11 17:45:00,6,6,11,17,45,310,555,"194, RTE DE SEYSSES",,,Plein jour,En agglomération,Hors intersection,Normale,Deux véhicules - arrière,,,,,,,,,,,1,2,1,1,2
200600033437,0006-06-11 20:10:00,6,6,11,20,10,310,555,"365, RTE DE SEYSSES",,,Plein jour,En agglomération,Intersection en X,Normale,Deux véhicules - frontale,,,,,,,,,,,1,2,2,1,1
200600033438,0006-06-11 22:00:00,6,6,11,22,0,310,555,VA007342 LA CEPIERE  A62,,,Nuit avec éclairage allumé,Hors agglomération,Hors intersection,Normale,Autre collision,,,,,,,,,,,5,1,1,1,6
200600033439,0006-06-12 09:40:00,6,6,12,9,40,310,555,"25, RUE DE METZ",,,Plein jour,En agglomération,Hors intersection,Normale,Deux véhicules - côté,,,,,,,,,,,1,2,1,1,3
200600033440,0006-06-12 16:00:00,6,6,12,16,0,310,555,"999, BD DE LA GARE",,,Plein jour,En agglomération,Hors intersection,Normale,Autre collision,,,,,,,,,,,1,2,1,1,6
200600033441,0006-06-12 22:29:00,6,6,12,22,29,310,555,"0, BD DE SUISSE",,,Plein jour,En agglomération,Intersection en T,Normale,Deux véhicules - côté,,,,,,,,,,,1,2,3,1,3
200600033442,0006-06-13 11:50:00,6,6,13,11,50,310,555,"272, RTE DE LAUNAGUET",,,Plein jour,En agglomération,Hors intersection,Normale,Autre collision,,,,,,,,,,,1,2,1,1,6
200600033443,0006-06-13 11:40:00,6,6,13,11,40,310,555,"38, BD DES RECOLLETS",,,Plein jour,En agglomération,Intersection en X,Normale,Autre collision,,,,,,,,,,,1,2,2,1,6
200600033444,0006-06-13 13:50:00,6,6,13,13,50,310,555,VA007331 A620,,,Plein jour,Hors agglomération,Hors intersection,Normale,Deux véhicules - côté,,,,,,,,,,,1,1,1,1,3
200600033445,0006-06-13 18:45:00,6,6,13,18,45,310,555,"18, RUE FENELON",,,Plein jour,En agglomération,Hors intersection,Normale,Deux véhicules - frontale,,,,,,,,,,,1,2,1,1,1
200600033446,0006-06-13 18:46:00,6,6,13,18,46,310,555,"999, RUE REGUELONGUE",,,Plein jour,En agglomération,Intersection en T,Normale,Autre collision,,,,,,,,,,,1,2,3,1,6
200600033447,0006-06-14 20:20:00,6,6,14,20,20,310,555,"12, RUE REYER",,,Plein jour,En agglomération,Hors intersection,Normale,Autre collision,,,,,,,,,,,1,2,1,1,6
200600033448,0006-06-06 16:45:00,6,6,6,16,45,310,555,"999, AV FREDERIC ESTEBE",,,Plein jour,En agglomération,Hors intersection,Normale,Autre collision,,,,,,,,,,,1,2,1,1,6
200600033449,0006-06-10 20:15:00,6,6,10,20,15,310,555,"51, RTE DE NARBONNE",,,Plein jour,En agglomération,Hors intersection,Normale,Autre collision,,,,,,,,,,,1,2,1,1,6
200600033450,0006-06-15 08:00:00,6,6,15,8,0,310,555,VA008482 A624,,,Plein jour,Hors agglomération,Hors intersection,Normale,Trois véhicules et plus - en chaîne,,,,,,,,,,,1,1,1,1,4
200600033451,0006-06-15 09:45:00,6,6,15,9,45,310,555,VA001490 A621,,,Plein jour,Hors agglomération,Hors intersection,Normale,Autre collision,,,,,,,,,,,1,1,1,1,6
200600033452,0006-06-15 11:45:00,6,6,15,11,45,310,555,"75, AV DES ETATS UNIS",,,Plein jour,En agglomération,Hors intersection,Normale,Deux véhicules - côté,,,,,,,,,,,1,2,1,1,3
200600033453,0006-06-15 15:50:00,6,6,15,15,50,310,555,"14, PL JEANNE D ARC",,,Plein jour,En agglomération,Hors intersection,Normale,Autre collision,,,,,,,,,,,1,2,1,1,6
200600033454,0006-06-16 06:55:00,6,6,16,6,55,310,555,"999, RTE DE BLAGNAC",,,Plein jour,En agglomération,Hors intersection,Normale,Autre collision,,,,,,,,,,,1,2,1,1,6
200600033455,0006-06-16 07:40:00,6,6,16,7,40,310,555,"118, RTE DE NARBONNE",,,Plein jour,En agglomération,Hors intersection,Temps couvert,Deux véhicules - côté,,,,,,,,,,,1,2,1,8,3
200600033456,0006-06-16 11:10:00,6,6,16,11,10,310,555,"39, AV ETIENNE BILLIERES",,,Plein jour,En agglomération,Hors intersection,Normale,Deux véhicules - côté,,,,,,,,,,,1,2,1,1,3
200600033457,0006-06-16 13:30:00,6,6,16,13,30,310,555,"76, AV CAMILLE PUJOL",,,Plein jour,En agglomération,Hors intersection,Normale,Autre collision,,,,,,,,,,,1,2,1,1,6
200600033458,0006-06-16 16:40:00,6,6,16,16,40,310,555,"37, RUE ADOLPHE COLL",,,Plein jour,En agglomération,Hors intersection,Normale,Autre collision,,,,,,,,,,,1,2,1,1,6
200600033459,0006-06-17 00:01:00,6,6,17,0,1,310,555,"999, RUE UNIVERSITE DU M",,,Nuit avec éclairage allumé,En agglomération,Hors intersection,Normale,Autre collision,,,,,,,,,,,5,2,1,1,6
200600033460,0006-06-17 22:45:00,6,6,17,22,45,310,555,"36, RUE DE NIMES",,,Nuit avec éclairage allumé,En agglomération,Hors intersection,Normale,Autre collision,,,,,,,,,,,5,2,1,1,6
200600033461,0006-06-18 11:10:00,6,6,18,11,10,310,555,VA007644 EMPALOT A620 So,,,Plein jour,Hors agglomération,Hors intersection,Normale,Autre collision,,,,,,,,,,,1,1,1,1,6
200600033462,0006-06-18 22:00:00,6,6,18,22,0,310,555,"999, RUE DU PONT SAINT P",,,Nuit avec éclairage allumé,En agglomération,Intersection en X,Normale,Deux véhicules - côté,,,,,,,,,,,5,2,2,1,3
200600033463,0006-06-19 11:45:00,6,6,19,11,45,310,555,"23, RUE AUGUSTE GUENOT",,,Plein jour,En agglomération,Hors intersection,Normale,Autre collision,,,,,,,,,,,1,2,1,1,6
200600033464,0006-06-18 16:00:00,6,6,18,16,0,310,555,VA007644 EMPALOT A620 So,,,Plein jour,Hors agglomération,Hors intersection,Normale,Deux véhicules - côté,,,,,,,,,,,1,1,1,1,3
200600033465,0006-06-20 07:45:00,6,6,20,7,45,310,555,"353, AV DE FRONTON",,,Plein jour,En agglomération,Intersection en T,Normale,Deux véhicules - arrière,,,,,,,,,,,1,2,3,1,2
200600033466,0006-06-20 13:35:00,6,6,20,13,35,310,555,"999, PL DU DR JOSEPH BAY",,,Plein jour,En agglomération,Place,Normale,Autre collision,,,,,,,,,,,1,2,7,1,6
200600033467,0006-06-20 23:30:00,6,6,20,23,30,310,555,"45, RUE DU FAUBOURG BONN",,,Nuit avec éclairage allumé,En agglomération,Hors intersection,Normale,Deux véhicules - côté,,,,,,,,,,,5,2,1,1,3
200600033468,0006-06-14 18:56:00,6,6,14,18,56,310,555,"28, RUE BONNAT",,,Plein jour,En agglomération,Intersection en T,Normale,Deux véhicules - côté,,,,,,,,,,,1,2,3,1,3
200600033469,0006-06-22 05:25:00,6,6,22,5,25,310,555,"999, AV DE CASTRES",,,Nuit avec éclairage allumé,En agglomération,Hors intersection,Normale,Autre collision,,,,,,,,,,,5,2,1,1,6
200600033470,0006-06-21 05:45:00,6,6,21,5,45,310,555,"250, AV DE LARDENNE",,,Nuit avec éclairage allumé,En agglomération,Hors intersection,Pluie forte,Autre collision,,,,,,,,,,,5,2,1,3,6
200600033471,0006-06-21 05:55:00,6,6,21,5,55,310,555,VA001490 A621,,,Crépuscule ou aube,Hors agglomération,Hors intersection,Temps couvert,Autre collision,,,,,,,,,,,2,1,1,8,6
200600033472,0006-06-21 06:10:00,6,6,21,6,10,310,555,"13, AV DES MINIMES",,,Crépuscule ou aube,En agglomération,Hors intersection,Normale,Deux véhicules - côté,,,,,,,,,,,2,2,1,1,3
200600033473,0006-06-21 08:05:00,6,6,21,8,5,310,555,"111, CHE DE PECHBUSQUE",,,Plein jour,En agglomération,Hors intersection,Pluie légère,Deux véhicules - côté,,,,,,,,,,,1,2,1,2,3
200600033474,0006-06-21 08:40:00,6,6,21,8,40,310,555,"999, RUE BERNARD DELICIE",,,Plein jour,En agglomération,Intersection en T,Normale,Deux véhicules - côté,,,,,,,,,,,1,2,3,1,3
200600033475,0006-06-21 15:57:00,6,6,21,15,57,310,555,"28, RUE DU FAUBOURG BONN",,,Plein jour,En agglomération,Hors intersection,Normale,Deux véhicules - côté,,,,,,,,,,,1,2,1,1,3
200600033476,0006-06-22 14:35:00,6,6,22,14,35,310,555,VA008482 A624,,,Plein jour,Hors agglomération,Hors intersection,Normale,Autre collision,,,,,,,,,,,1,1,1,1,6
200600033477,0006-06-22 08:45:00,6,6,22,8,45,310,555,"20, CHE DE LAPORTE",,,Plein jour,En agglomération,Hors intersection,Normale,Deux véhicules - côté,,,,,,,,,,,1,2,1,1,3
200600033478,0006-06-22 13:10:00,6,6,22,13,10,310,555,"221, RUE HENRI DESBALS",,,Plein jour,En agglomération,Hors intersection,Normale,Deux véhicules - côté,,,,,,,,,,,1,2,1,1,3
200600033479,0006-06-22 15:05:00,6,6,22,15,5,310,555,"165, RTE DE SEYSSES",,,Plein jour,En agglomération,Hors intersection,Normale,Deux véhicules - côté,,,,,,,,,,,1,2,1,1,3
200600033480,0006-06-22 17:00:00,6,6,22,17,0,310,555,"999, AV LOUIS BAZERQUE",,,Plein jour,En agglomération,Hors intersection,Normale,Autre collision,,,,,,,,,,,1,2,1,1,6
200600033481,0006-06-22 19:00:00,6,6,22,19,0,310,555,"1, RUE DE LA REPUBLIQUE",,,Plein jour,En agglomération,Hors intersection,Normale,Deux véhicules - arrière,,,,,,,,,,,1,2,1,1,2
200600033482,0006-06-18 11:05:00,6,6,18,11,5,310,555,VA007644 EMPALOT A620 So,,,Plein jour,Hors agglomération,Hors intersection,Normale,Deux véhicules - arrière,,,,,,,,,,,1,1,1,1,2
200600033483,0006-06-23 09:09:00,6,6,23,9,9,310,555,"218, AV DE LARDENNE",,,Plein jour,En agglomération,Hors intersection,Normale,Deux véhicules - frontale,,,,,,,,,,,1,2,1,1,1
200600033484,0006-06-23 19:55:00,6,6,23,19,55,310,555,"14, RUE DU PONT GUILHEME",,,Plein jour,En agglomération,Intersection en T,Normale,Deux véhicules - frontale,,,,,,,,,,,1,2,3,1,1
200600033485,0006-06-24 05:22:00,6,6,24,5,22,310,555,"999, RUE DU POLE",,,Nuit avec éclairage allumé,En agglomération,Intersection en T,Normale,Deux véhicules - frontale,,,,,,,,,,,5,2,3,1,1
200600033486,0006-06-24 18:05:00,6,6,24,18,5,310,555,"999, AV DES ETATS UNIS",,,Plein jour,En agglomération,Intersection en X,Pluie légère,Autre collision,,,,,,,,,,,1,2,2,2,6
200600033487,0006-06-24 22:25:00,6,6,24,22,25,310,555,"999, RUE PRADAL",,,Nuit avec éclairage allumé,En agglomération,Hors intersection,Normale,Autre collision,,,,,,,,,,,5,2,1,1,6