accident_id,datetime,annee,mois,jour,heure,minute,departement,commune_insee,adresse,latitude,longitude,luminosite,agglomeration,intersection,meteo,collision,nb_vehicules,nb_usagers,nb_indemnes,nb_tues,nb_blesses_hosp,nb_blesses_legers,age_cond_1,age_cond_2,veh_type_cond_1,veh_type_cond_2,lum_code,agg_code,int_code,atm_code,col_code
200600033488,0006-06-25 02:35:00,6,6,25,2,35,310,555,"999, CHE DE LAPUJADE",,,Nuit avec éclairage allumé,En agglomération,Intersection en Y,Normale,Deux véhicules - frontale,,,,,,,,,,,5,2,4,1,1
200600033489,0006-06-25 16:07:00,6,6,25,16,7,310,555,"999, BD DE STRASBOURG",,,Plein jour,En agglomération,Hors intersection,Normale,Deux véhicules - côté,,,,,,,,,,,1,2,1,1,3
200600033490,0006-06-26 11:00:00,6,6,26,11,0,310,149,ECHANGEUR ST MARTIN (A62,,,Plein jour,Hors agglomération,Hors intersection,Normale,Trois véhicules et plus - en chaîne,,,,,,,,,,,1,1,1,1,4
200600033491,0006-06-26 12:40:00,6,6,26,12,40,310,555,"8, PL DU PONT NEUF",,,Plein jour,En agglomération,Intersection en X,Normale,Deux véhicules - côté,,,,,,,,,,,1,2,2,1,3
200600033492,0006-06-26 14:20:00,6,6,26,14,20,310,555,"999, ALL JULES GUESDE",,,Plein jour,En agglomération,Hors intersection,Temps éblouissant,Deux véhicules - arrière,,,,,,,,,,,1,2,1,7,2
200600033493,0006-06-27 08:51:00,6,6,27,8,51,310,555,"16, CHE DE PERPIGNAN",,,Plein jour,En agglomération,Intersection en X,Normale,Deux véhicules - frontale,,,,,,,,,,,1,2,2,1,1
200600033494,0006-06-27 12:30:00,6,6,27,12,30,310,555,"68, RTE DE NARBONNE",,,Plein jour,En agglomération,Hors intersection,Temps éblouissant,Deux véhicules - arrière,,,,,,,,,,,1,2,1,7,2
200600033495,0006-06-27 13:45:00,6,6,27,13,45,310,555,"91, AV DE LOMBEZ",,,Plein jour,En agglomération,Hors intersection,Normale,Deux véhicules - côté,,,,,,,,,,,1,2,1,1,3
200600033496,0006-06-27 15:15:00,6,6,27,15,15,310,555,"999, AV FREDERIC ESTEBE",,,Plein jour,En agglomération,Intersection en X,Normale,Deux véhicules - arrière,,,,,,,,,,,1,2,2,1,2
200600033497,0006-06-27 17:15:00,6,6,27,17,15,310,555,"999, RTE D ALBI",,,Plein jour,En agglomération,Intersection en T,Normale,Deux véhicules - côté,,,,,,,,,,,1,2,3,1,3
200600033498,0006-06-27 20:45:00,6,6,27,20,45,310,555,"81, ALL CHARLES DE FITTE",,,Crépuscule ou aube,En agglomération,Hors intersection,Pluie légère,Deux véhicules - côté,,,,,,,,,,,2,2,1,2,3
200600033499,0006-06-29 14:55:00,6,6,29,14,55,310,555,"999, RTE DE SEYSSES",,,Plein jour,En agglomération,Intersection en X,Normale,Deux véhicules - côté,,,,,,,,,,,1,2,2,1,3
200600033500,0006-06-29 16:05:00,6,6,29,16,5,310,555,VA007553 A61,,,Plein jour,Hors agglomération,Hors intersection,Normale,Autre collision,,,,,,,,,,,1,1,1,1,6
200600033501,0006-06-30 23:30:00,6,6,30,23,30,310,555,"76, GRANDE RUE SAINT MIC",,,Nuit avec éclairage allumé,En agglomération,Hors intersection,Normale,Trois véhicules et plus - en chaîne,,,,,,,,,,,5,2,1,1,4
200600033502,0006-06-30 06:05:00,6,6,30,6,5,310,555,"999, AV YVES BRUNAUD",,,Plein jour,En agglomération,Intersection en X,Normale,Autre collision,,,,,,,,,,,1,2,2,1,6
200600033503,0006-06-30 12:12:00,6,6,30,12,12,310,555,"41, RUE D ALSACE LORRAIN",,,Plein jour,En agglomération,Hors intersection,Normale,Autre collision,,,,,,,,,,,1,2,1,1,6
200600033504,0006-06-30 14:07:00,6,6,30,14,7,310,555,"236, AV DE GRANDE BRETAG",,,Plein jour,En agglomération,Hors intersection,Normale,Sans collision,,,,,,,,,,,1,2,1,1,7
200600033505,0006-06-30 14:39:00,6,6,30,14,39,310,555,"999, RUE THEODORE OZENNE",,,Plein jour,En agglomération,Intersection en T,Normale,Deux véhicules - côté,,,,,,,,,,,1,2,3,1,3
200600033506,0006-06-30 15:00:00,6,6,30,15,0,310,555,"17, BD DE STRASBOURG",,,Plein jour,En agglomération,Hors intersection,Normale,Deux véhicules - arrière,,,,,,,,,,,1,2,1,1,2
200600033507,0006-06-30 16:33:00,6,6,30,16,33,310,555,"42, RUE D ALSACE LORRAIN",,,Plein jour,En agglomération,Intersection en T,Normale,Autre collision,,,,,,,,,,,1,2,3,1,6
200600033508,0006-06-30 18:15:00,6,6,30,18,15,310,555,"999, BD PIERRE SEMARD",,,Plein jour,En agglomération,Hors intersection,Normale,Deux véhicules - côté,,,,,,,,,,,1,2,1,1,3
200600033509,0006-06-30 22:50:00,6,6,30,22,50,310,555,VA007547 SOUPETARD A61 S,,,Plein jour,Hors agglomération,Hors intersection,Normale,Deux véhicules - arrière,,,,,,,,,,,1,1,1,1,2
200600033510,0006-06-06 07:45:00,6,6,6,7,45,310,557,"21, CHANDELIER (CH DU)",,,Plein jour,En agglomération,Hors intersection,Normale,Deux véhicules - arrière,,,,,,,,,,,1,2,1,1,2
200600033511,0006-06-06 17:30:00,6,6,6,17,30,310,557,"0, LARRAMET (CH DE)",,,Plein jour,En agglomération,Hors intersection,Normale,Trois véhicules et plus - en chaîne,,,,,,,,,,,1,2,1,1,4
200600033512,0006-06-11 07:20:00,6,6,11,7,20,310,557,"27, MARQUISAT (AV DU)",,,Plein jour,En agglomération,Hors intersection,Normale,Deux véhicules - côté,,,,,,,,,,,1,2,1,1,3
200600033513,0006-06-19 17:35:00,6,6,19,17,35,310,557,"21, DOUMERGUE (RUE GASTO",,,Plein jour,En agglomération,Hors intersection,Normale,Sans collision,,,,,,,,,,,1,2,1,1,7
200600033514,0006-06-22 16:35:00,6,6,22,16,35,310,557,"56, AURIOL (BD VINCENT)",,,Plein jour,En agglomération,Hors intersection,Normale,Deux véhicules - arrière,,,,,,,,,,,1,2,1,1,2
200600033515,0006-06-23 23:40:00,6,6,23,23,40,310,557,"09, TARBES (ROUTE DE)",,,Nuit avec éclairage allumé,En agglomération,Hors intersection,Normale,Autre collision,,,,,,,,,,,5,2,1,1,6
200600033516,0006-06-27 14:00:00,6,6,27,14,0,310,557,LABITRIE (RUE PIERRE),,,Plein jour,En agglomération,Intersection en T,Normale,Deux véhicules - arrière,,,,,,,,,,,1,2,3,1,2
200600033517,0006-06-02 12:15:00,6,6,2,12,15,320,13,"70, VICTOR HUGO (RUE)",,,Plein jour,En agglomération,Hors intersection,Normale,Trois véhicules et plus - en chaîne,,,,,,,,,,,1,2,1,1,4
200600033518,0006-06-27 10:55:00,6,6,27,10,55,320,13,MARNE (AVENUE DE LA),,,Plein jour,En agglomération,Intersection en T,Normale,Deux véhicules - côté,,,,,,,,,,,1,2,3,1,3
200600033519,0006-06-29 09:35:00,6,6,29,9,35,320,13,"2, BOURGET",,,Plein jour,En agglomération,Intersection en T,Normale,Deux véhicules - arrière,,,,,,,,,,,1,2,3,1,2
200600033520,0006-06-30 21:20:00,6,6,30,21,20,320,13,AGEN (ROUTE D'),,,Crépuscule ou aube,En agglomération,Intersection en T,Normale,Deux véhicules - côté,,,,,,,,,,,2,2,3,1,3
200600033521,0006-06-04 20:05:00,6,6,4,20,5,330,529,RN 250 (CAMICAS-OUSTALET,,,Plein jour,Hors agglomération,Hors intersection,Normale,Deux véhicules - côté,,,,,,,,,,,1,1,1,1,3
200600033522,0006-06-18 02:59:00,6,6,18,2,59,330,529,"1, INDUSTRIE (BD DE L')",,,Nuit avec éclairage allumé,Hors agglomération,Hors intersection,Normale,Sans collision,,,,,,,,,,,5,1,1,1,7
200600033523,0006-06-07 11:30:00,6,6,7,11,30,330,529,"1, BOYENS (RUE DES)",,,Plein jour,En agglomération,Hors intersection,Normale,Deux véhicules - arrière,,,,,,,,,,,1,2,1,1,2
200600033524,0006-06-21 13:10:00,6,6,21,13,10,330,9,"., TAFFARD DE LA RUADE (",,,Plein jour,En agglomération,Intersection en X,Normale,Deux véhicules - côté,,,,,,,,,,,1,2,2,1,3
200600033525,0006-06-01 16:20:00,6,6,1,16,20,330,63,CRS SAINT LOUIS,,,Plein jour,En agglomération,Intersection en X,Normale,Autre collision,,,,,,,,,,,1,2,2,1,6
200600033526,0006-06-01 18:30:00,6,6,1,18,30,330,63,"271, AVE DE LA REPUBLIQU",,,Plein jour,En agglomération,Hors intersection,Normale,Autre collision,,,,,,,,,,,1,2,1,1,6
200600033527,0006-06-04 23:25:00,6,6,4,23,25,330,63,"236, BD DU PRESIDENT WIL",,,Plein jour,En agglomération,Hors intersection,Normale,Deux véhicules - arrière,,,,,,,,,,,1,2,1,1,2
200600033528,0006-06-04 05:00:00,6,6,4,5,0,330,69,"81, AVE DE LA LIBERATION",,,Plein jour,En agglomération,Hors intersection,Normale,Autre collision,,,,,,,,,,,1,2,1,1,6
200600033529,0006-06-03 20:25:00,6,6,3,20,25,330,63,"49, PCE DES CAPUCINS",,,Plein jour,En agglomération,Hors intersection,Normale,Autre collision,,,,,,,,,,,1,2,1,1,6
200600033530,0006-06-02 20:20:00,6,6,2,20,20,330,63,CRS DE LA MARNE,,,Plein jour,En agglomération,Hors intersection,Normale,Deux véhicules - côté,,,,,,,,,,,1,2,1,1,3
200600033531,0006-06-02 13:40:00,6,6,2,13,40,330,63,BD DU PRESIDENT WILSON,,,Plein jour,En agglomération,Intersection à plus de 4 branches,Normale,Deux véhicules - côté,,,,,,,,,,,1,2,5,1,3
200600033532,0006-06-02 08:45:00,6,6,2,8,45,330,63,RUE MALBEC,,,Plein jour,En agglomération,Hors intersection,Normale,Deux véhicules - arrière,,,,,,,,,,,1,2,1,1,2
200600033533,0006-06-02 11:30:00,6,6,2,11,30,330,63,CRS DE LA MARNE,,,Plein jour,En agglomération,Intersection en X,Normale,Deux véhicules - côté,,,,,,,,,,,1,2,2,1,3
200600033534,0006-06-03 16:30:00,6,6,3,16,30,330,63,CRS DU MARECHAL GALLIENI,,,Plein jour,En agglomération,Intersection en T,Normale,Deux véhicules - arrière,,,,,,,,,,,1,2,3,1,2
200600033535,0006-06-04 17:35:00,6,6,4,17,35,330,63,"66, QUAI DES CHARTRONS",,,Plein jour,En agglomération,Hors intersection,Normale,Deux véhicules - arrière,,,,,,,,,,,1,2,1,1,2
200600033536,0006-06-06 10:40:00,6,6,6,10,40,330,63,"124, CRS DE L'ARGONNE",,,Plein jour,En agglomération,Hors intersection,Normale,Deux véhicules - côté,,,,,,,,,,,1,2,1,1,3
200600033537,0006-06-01 08:20:00,6,6,1,8,20,330,75,AVE PERIER,,,Plein jour,En agglomération,Intersection en T,Normale,Deux véhicules - côté,,,,,,,,,,,1,2,3,1,3
200600033538,0006-06-06 15:00:00,6,6,6,15,0,330,192,RUE DE LAHOUNEAU,,,Plein jour,En agglomération,Intersection en X,Normale,Deux véhicules - côté,,,,,,,,,,,1,2,2,1,3
200600033539,0006-06-07 07:45:00,6,6,7,7,45,330,69,RUE RAYMOND LAVIGNE,,,Plein jour,En agglomération,Intersection en X,Normale,Autre collision,,,,,,,,,,,1,2,2,1,6
200600033540,0006-06-07 08:30:00,6,6,7,8,30,330,63,"90, BD MARECHAL LECLERC",,,Plein jour,En agglomération,Hors intersection,Normale,Deux véhicules - côté,,,,,,,,,,,1,2,1,1,3
200600033541,0006-06-01 18:15:00,6,6,1,18,15,330,281,AVE DE L'YSER,,,Plein jour,En agglomération,Intersection en T,Normale,Deux véhicules - frontale,,,,,,,,,,,1,2,3,1,1
200600033542,0006-06-02 10:50:00,6,6,2,10,50,330,167,"26, AVE PIERRE CURIE",,,Plein jour,En agglomération,Hors intersection,Normale,Deux véhicules - côté,,,,,,,,,,,1,2,1,1,3
200600033543,0006-06-03 20:52:00,6,6,3,20,52,330,281,"314, AVE DE L'ARGONNE",,,Crépuscule ou aube,En agglomération,Hors intersection,Normale,Sans collision,,,,,,,,,,,2,2,1,1,7
200600033544,0006-06-08 09:00:00,6,6,8,9,0,330,192,AVE DE LA POTERIE,,,Plein jour,En agglomération,Intersection en T,Normale,Deux véhicules - frontale,,,,,,,,,,,1,2,3,1,1
200600033545,0006-06-08 08:48:00,6,6,8,8,48,330,63,RUE LEO SAIGNAT,,,Plein jour,En agglomération,Intersection en T,Normale,Deux véhicules - frontale,,,,,,,,,,,1,2,3,1,1
200600033546,0006-06-08 09:25:00,6,6,8,9,25,330,63,RUE MATHIEU,,,Plein jour,En agglomération,Intersection en X,Normale,Deux véhicules - arrière,,,,,,,,,,,1,2,2,1,2
200600033547,0006-06-08 16:50:00,6,6,8,16,50,330,63,"92, RUE FRANCIN",,,Plein jour,En agglomération,Hors intersection,Normale,Autre collision,,,,,,,,,,,1,2,1,1,6
200600033548,0006-06-08 18:15:00,6,6,8,18,15,330,63,VOIE PORT BASTIDE,,,Plein jour,En agglomération,Intersection en X,Normale,Deux véhicules - côté,,,,,,,,,,,1,2,2,1,3
200600033549,0006-06-06 08:50:00,6,6,6,8,50,330,39,RTE DE TOULOUSE,,,Plein jour,En agglomération,Intersection en X,Normale,Deux véhicules - côté,,,,,,,,,,,1,2,2,1,3
200600033550,0006-06-06 09:50:00,6,6,6,9,50,330,39,"26, RUE FERDINAND BUISSO",,,Plein jour,En agglomération,Hors intersection,Normale,Deux véhicules - arrière,,,,,,,,,,,1,2,1,1,2
200600033551,0006-06-06 15:20:00,6,6,6,15,20,330,63,RUE CAMILLE GODARD,,,Plein jour,En agglomération,Intersection à plus de 4 branches,Normale,Deux véhicules - côté,,,,,,,,,,,1,2,5,1,3
200600033552,0006-06-07 07:30:00,6,6,7,7,30,330,318,RUE ANATOLE FRANCE,,,Plein jour,En agglomération,Intersection en X,Normale,Deux véhicules - côté,,,,,,,,,,,1,2,2,1,3
200600033553,0006-06-10 02:50:00,6,6,10,2,50,330,63,BD DU PDT FRANKLIN ROOSE,,,Nuit avec éclairage allumé,En agglomération,Intersection à plus de 4 branches,Normale,Deux véhicules - arrière,,,,,,,,,,,5,2,5,1,2
200600033554,0006-06-10 17:00:00,6,6,10,17,0,330,63,RUE KLEBER,,,Plein jour,En agglomération,Intersection en X,Normale,Deux véhicules - côté,,,,,,,,,,,1,2,2,1,3
200600033555,0006-06-10 18:25:00,6,6,10,18,25,330,63,"24, RES LANDIRAS",,,Plein jour,En agglomération,Hors intersection,Normale,Deux véhicules - côté,,,,,,,,,,,1,2,1,1,3
200600033556,0006-06-11 01:00:00,6,6,11,1,0,330,63,RUE BOUDET,,,Nuit avec éclairage allumé,En agglomération,Intersection en X,Normale,Deux véhicules - côté,,,,,,,,,,,5,2,2,1,3
200600033557,0006-06-11 15:00:00,6,6,11,15,0,330,63,VOIE HALL DES EXPOSITION,,,Plein jour,En agglomération,Intersection en X,Normale,Deux véhicules - côté,,,,,,,,,,,1,2,2,1,3
200600033558,0006-06-06 17:05:00,6,6,6,17,5,330,249,AVE DU PDT SALVADOR ALLE,,,Plein jour,En agglomération,Hors intersection,Normale,Autre collision,,,,,,,,,,,1,2,1,1,6
200600033559,0006-06-07 11:20:00,6,6,7,11,20,330,39,AVE JEANNE D'ARC,,,Plein jour,En agglomération,Hors intersection,Normale,Deux véhicules - frontale,,,,,,,,,,,1,2,1,1,1
200600033560,0006-06-12 16:40:00,6,6,12,16,40,330,63,RUE PRESIDENT COTY,,,Plein jour,En agglomération,Intersection en Y,Normale,Autre collision,,,,,,,,,,,1,2,4,1,6
200600033561,0006-06-13 00:30:00,6,6,13,0,30,330,63,RUE CHARLES MARTIN,,,Nuit avec éclairage allumé,En agglomération,Intersection en X,Normale,Deux véhicules - côté,,,,,,,,,,,5,2,2,1,3
200600033562,0006-06-12 18:55:00,6,6,12,18,55,330,550,AVE FERNAND COIN,,,Plein jour,En agglomération,Hors intersection,Normale,Deux véhicules - arrière,,,,,,,,,,,1,2,1,1,2
200600033563,0006-06-13 06:50:00,6,6,13,6,50,330,63,QUAI DE BRIENNE,,,Plein jour,En agglomération,Giratoire,Normale,Deux véhicules - arrière,,,,,,,,,,,1,2,6,1,2
200600033564,0006-06-13 07:30:00,6,6,13,7,30,330,69,BD PIERRE 1ER,,,Plein jour,En agglomération,Intersection en X,Normale,Deux véhicules - côté,,,,,,,,,,,1,2,2,1,3
200600033565,0006-06-12 12:48:00,6,6,12,12,48,330,63,CITE DES FLEURS,,,Plein jour,En agglomération,Intersection en Y,Normale,Deux véhicules - arrière,,,,,,,,,,,1,2,4,1,2
200600033566,0006-06-13 15:04:00,6,6,13,15,4,330,63,"81, RUE DE TAUZIA",,,Plein jour,En agglomération,Hors intersection,Normale,Autre collision,,,,,,,,,,,1,2,1,1,6
200600033567,0006-06-07 10:40:00,6,6,7,10,40,330,281,"228, AVE DE L'ARGONNE",,,Plein jour,En agglomération,Hors intersection,Normale,Deux véhicules - arrière,,,,,,,,,,,1,2,1,1,2
200600033568,0006-06-10 10:20:00,6,6,10,10,20,330,318,AVE DE SAIGE,,,Plein jour,En agglomération,Intersection en T,Normale,Autre collision,,,,,,,,,,,1,2,3,1,6
200600033569,0006-06-11 16:35:00,6,6,11,16,35,330,281,AVE PIERRE MENDES FRANCE,,,Plein jour,En agglomération,Hors intersection,Normale,Deux véhicules - côté,,,,,,,,,,,1,2,1,1,3
200600033570,0006-06-12 03:29:00,6,6,12,3,29,330,119,"67, AVE JEAN JAURES",,,Nuit avec éclairage allumé,En agglomération,Hors intersection,Normale,Autre collision,,,,,,,,,,,5,2,1,1,6
200600033571,0006-06-08 17:10:00,6,6,8,17,10,330,192,RUE DU MOULINEAU,,,Plein jour,En agglomération,Intersection en T,Normale,Deux véhicules - côté,,,,,,,,,,,1,2,3,1,3
200600033572,0006-06-09 19:15:00,6,6,9,19,15,330,550,RUE RAYMOND POINCARE,,,Plein jour,En agglomération,Intersection à plus de 4 branches,Normale,Autre collision,,,,,,,,,,,1,2,5,1,6
200600033573,0006-06-10 02:15:00,6,6,10,2,15,330,63,CRS DU MEDOC,,,Nuit avec éclairage allumé,En agglomération,Intersection en X,Normale,Deux véhicules - côté,,,,,,,,,,,5,2,2,1,3
200600033574,0006-06-12 15:00:00,6,6,12,15,0,330,249,AVE CARNOT,,,Plein jour,En agglomération,Giratoire,Normale,Deux véhicules - frontale,,,,,,,,,,,1,2,6,1,1
200600033575,0006-06-12 17:15:00,6,6,12,17,15,330,75,AVE DES 4 PONTS,,,Plein jour,En agglomération,Hors intersection,Normale,Deux véhicules - frontale,,,,,,,,,,,1,2,1,1,1
200600033576,0006-06-13 00:10:00,6,6,13,0,10,330,39,RUE GUSTAVE EIFFEL,,,Nuit avec éclairage allumé,En agglomération,Hors intersection,Normale,Deux véhicules - côté,,,,,,,,,,,5,2,1,1,3
200600033577,0006-06-13 06:35:00,6,6,13,6,35,330,167,RUE JULES GUESDE,,,Plein jour,En agglomération,Intersection en X,Normale,Deux véhicules - côté,,,,,,,,,,,1,2,2,1,3
200600033578,0006-06-13 17:40:00,6,6,13,17,40,330,249,"84, QUAI CARRIET",,,Plein jour,En agglomération,Hors intersection,Normale,Trois véhicules et plus - en chaîne,,,,,,,,,,,1,2,1,1,4
200600033579,0006-06-16 17:10:00,6,6,16,17,10,330,63,"1, QUAI DE BRAZZA",,,Plein jour,En agglomération,Intersection en T,Normale,Deux véhicules - côté,,,,,,,,,,,1,2,3,1,3
200600033580,0006-06-17 18:55:00,6,6,17,18,55,330,63,"15, PCE DE LA VICTOIRE",,,Plein jour,En agglomération,Hors intersection,Normale,Autre collision,,,,,,,,,,,1,2,1,1,6
200600033581,0006-06-19 20:15:00,6,6,19,20,15,330,63,"53, CRS DE L'ARGONNE",,,Plein jour,En agglomération,Hors intersection,Normale,Autre collision,,,,,,,,,,,1,2,1,1,6
200600033582,0006-06-20 00:35:00,6,6,20,0,35,330,63,BD ALFRED DANEY,,,Nuit avec éclairage allumé,En agglomération,Intersection à plus de 4 branches,Pluie légère,Deux véhicules - côté,,,,,,,,,,,5,2,5,2,3
200600033583,0006-06-13 00:10:00,6,6,13,0,10,330,192,AVE FAVARD,,,Nuit avec éclairage allumé,En agglomération,Intersection en X,Normale,Deux véhicules - côté,,,,,,,,,,,5,2,2,1,3
200600033584,0006-06-14 12:00:00,6,6,14,12,0,330,318,"196, AVE DU GENERAL LECL",,,Plein jour,En agglomération,Hors intersection,Normale,Deux véhicules - arrière,,,,,,,,,,,1,2,1,1,2
200600033585,0006-06-17 04:45:00,6,6,17,4,45,330,318,RUE DE LA PRINCESSE,,,Nuit sans éclairage public,En agglomération,Hors intersection,Normale,Autre collision,,,,,,,,,,,3,2,1,1,6
200600033586,0006-06-20 09:15:00,6,6,20,9,15,330,63,"1, CRS SAINT LOUIS",,,Plein jour,En agglomération,Intersection en X,Normale,Autre collision,,,,,,,,,,,1,2,2,1,6
200600033587,0006-06-12 18:00:00,6,6,12,18,0,330,281,AVE PRESIDENT J.F. KENNE,,,Plein jour,En agglomération,Intersection en T,Normale,Deux véhicules - frontale,,,,,,,,,,,1,2,3,1,1
200600033588,0006-06-14 11:25:00,6,6,14,11,25,330,281,"35, AVE DE LA MARNE",,,Plein jour,En agglomération,Hors intersection,Normale,Deux véhicules - côté,,,,,,,,,,,1,2,1,1,3
200600033589,0006-06-21 16:50:00,6,6,21,16,50,330,281,"228, AVE MARCEL DASSAULT",,,Plein jour,Hors agglomération,Hors intersection,Normale,Autre collision,,,,,,,,,,,1,1,1,1,6
200600033590,0006-06-13 17:20:00,6,6,13,17,20,330,522,"7, AVE GEORGES CLEMENCEA",,,Plein jour,En agglomération,Hors intersection,Normale,Deux véhicules - côté,,,,,,,,,,,1,2,1,1,3
200600033591,0006-06-19 17:37:00,6,6,19,17,37,330,281,AVE PRESIDENT J.F. KENNE,,,Plein jour,En agglomération,Intersection en X,Normale,Autre collision,,,,,,,,,,,1,2,2,1,6
200600033592,0006-06-22 15:05:00,6,6,22,15,5,330,522,RUE EMILE ZOLA,,,Plein jour,En agglomération,Intersection en T,Normale,Deux véhicules - arrière,,,,,,,,,,,1,2,3,1,2
200600033593,0006-06-22 18:15:00,6,6,22,18,15,330,63,CRS DE LA SOMME,,,Plein jour,En agglomération,Intersection en X,Normale,Deux véhicules - côté,,,,,,,,,,,1,2,2,1,3
200600033594,0006-06-22 19:10:00,6,6,22,19,10,330,63,CRS D'ALSACE ET LORRAINE,,,Plein jour,En agglomération,Intersection en X,Normale,Autre collision,,,,,,,,,,,1,2,2,1,6
200600033595,0006-06-22 10:35:00,6,6,22,10,35,330,63,"27, QUAI DE BACALAN",,,Plein jour,En agglomération,Hors intersection,Normale,Autre collision,,,,,,,,,,,1,2,1,1,6
200600033596,0006-06-23 09:15:00,6,6,23,9,15,330,63,"116, AVE THIERS",,,Plein jour,En agglomération,Hors intersection,Normale,Deux véhicules - côté,,,,,,,,,,,1,2,1,1,3
200600033597,0006-06-23 14:40:00,6,6,23,14,40,330,63,BD ALIENOR D'AQUITAINE,,,Plein jour,En agglomération,Hors intersection,Normale,Deux véhicules - arrière,,,,,,,,,,,1,2,1,1,2
200600033598,0006-06-23 13:30:00,6,6,23,13,30,330,63,PCE DE LATULE,,,Plein jour,En agglomération,Hors intersection,Normale,Trois véhicules et plus - en chaîne,,,,,,,,,,,1,2,1,1,4
200600033599,0006-06-25 13:10:00,6,6,25,13,10,330,63,"79, CRS ARISTIDE BRIAND",,,Plein jour,En agglomération,Autre intersection,Normale,Deux véhicules - arrière,,,,,,,,,,,1,2,9,1,2
200600033600,0006-06-25 17:24:00,6,6,25,17,24,330,63,"42, RUE DAVID JOHNSTON",,,Plein jour,En agglomération,Intersection en T,Normale,Deux véhicules - arrière,,,,,,,,,,,1,2,3,1,2
200600033601,0006-06-26 06:00:00,6,6,26,6,0,330,63,CRS VICTOR HUGO,,,Crépuscule ou aube,En agglomération,Intersection en X,Normale,Deux véhicules - côté,,,,,,,,,,,2,2,2,1,3
200600033602,0006-06-26 08:06:00,6,6,26,8,6,330,63,CRS D'ALBRET,,,Plein jour,En agglomération,Intersection en X,Normale,Deux véhicules - côté,,,,,,,,,,,1,2,2,1,3
200600033603,0006-06-20 20:20:00,6,6,20,20,20,330,192,RUE DE CHAUT,,,Plein jour,En agglomération,Intersection en X,Normale,Deux véhicules - côté,,,,,,,,,,,1,2,2,1,3
200600033604,0006-06-21 18:00:00,6,6,21,18,0,330,550,RUE FERNAND SOORS,,,Plein jour,En agglomération,Hors intersection,Normale,Deux véhicules - arrière,,,,,,,,,,,1,2,1,1,2
200600033605,0006-06-22 16:25:00,6,6,22,16,25,330,32,"90, AVE LAMARTINE",,,Plein jour,En agglomération,Hors intersection,Normale,Trois véhicules et plus - collisions multiples,,,,,,,,,,,1,2,1,1,5
200600033606,0006-06-23 15:00:00,6,6,23,15,0,330,318,"286, AVE PASTEUR",,,Plein jour,En agglomération,Hors intersection,Normale,Deux véhicules - côté,,,,,,,,,,,1,2,1,1,3
200600033607,0006-06-28 16:10:00,6,6,28,16,10,330,39,BD ALBERT 1ER,,,Plein jour,En agglomération,Intersection en X,Normale,Deux véhicules - côté,,,,,,,,,,,1,2,2,1,3
200600033608,0006-06-28 23:10:00,6,6,28,23,10,330,63,PCE AMELIE RABA LEON,,,Nuit avec éclairage allumé,En agglomération,Intersection en T,Normale,Autre collision,,,,,,,,,,,5,2,3,1,6
200600033609,0006-06-22 17:50:00,6,6,22,17,50,330,249,RUE VICTOR HUGO,,,Plein jour,En agglomération,Intersection en T,Normale,Autre collision,,,,,,,,,,,1,2,3,1,6
200600033610,0006-06-23 11:54:00,6,6,23,11,54,330,39,RUE DES FRERES MOGA,,,Plein jour,En agglomération,Intersection en X,Normale,Trois véhicules et plus - collisions multiples,,,,,,,,,,,1,2,2,1,5
200600033611,0006-06-23 20:25:00,6,6,23,20,25,330,39,"380, BD JEAN-JACQUES BOS",,,Plein jour,En agglomération,Intersection en T,Normale,Deux véhicules - côté,,,,,,,,,,,1,2,3,1,3
200600033612,0006-06-25 20:20:00,6,6,25,20,20,330,550,AVE DE GALGON,,,Plein jour,En agglomération,Intersection en X,Normale,Deux véhicules - côté,,,,,,,,,,,1,2,2,1,3
200600033613,0006-06-24 19:45:00,6,6,24,19,45,330,281,"93, AVE PRESIDENT J.F. K",,,Plein jour,En agglomération,Hors intersection,Normale,Autre collision,,,,,,,,,,,1,2,1,1,6
200600033614,0006-06-30 12:20:00,6,6,30,12,20,330,63,"59, QUAI DE BACALAN",,,Plein jour,En agglomération,Hors intersection,Normale,Autre collision,,,,,,,,,,,1,2,1,1,6
200600033615,0006-06-29 05:45:00,6,6,29,5,45,330,281,RUE DE BEAUDESERT,,,Nuit avec éclairage non allumé,En agglomération,Hors intersection,Normale,Deux véhicules - côté,,,,,,,,,,,4,2,1,1,3
200600033616,0006-06-29 13:15:00,6,6,29,13,15,330,249,"14, RUE DES GAROSSES",,,Plein jour,En agglomération,Hors intersection,Normale,Autre collision,,,,,,,,,,,1,2,1,1,6
200600033617,0006-06-30 07:00:00,6,6,30,7,0,330,281,AVE DE L'YSER,,,Plein jour,En agglomération,Intersection en T,Normale,Autre collision,,,,,,,,,,,1,2,3,1,6
200600033618,0006-06-29 23:26:00,6,6,29,23,26,330,63,AVE D'EYSINES CAUD,,,Nuit avec éclairage allumé,En agglomération,Intersection en Y,Normale,Deux véhicules - frontale,,,,,,,,,,,5,2,4,1,1
200600033619,0006-06-29 16:40:00,6,6,29,16,40,330,550,RUE VINCENT VAN GOGH,,,Plein jour,En agglomération,Giratoire,Normale,Deux véhicules - côté,,,,,,,,,,,1,2,6,1,3
200600033620,0006-06-28 15:00:00,6,6,28,15,0,330,192,BD DE MALARTIC,,,Plein jour,En agglomération,Intersection en T,Normale,Deux véhicules - côté,,,,,,,,,,,1,2,3,1,3
200600033621,0006-06-30 20:45:00,6,6,30,20,45,330,69,"151, AVE VICTOR HUGO",,,Plein jour,En agglomération,Hors intersection,Normale,Autre collision,,,,,,,,,,,1,2,1,1,6