accident_id,datetime,annee,mois,jour,heure,minute,departement,commune_insee,adresse,latitude,longitude,luminosite,agglomeration,intersection,meteo,collision,nb_vehicules,nb_usagers,nb_indemnes,nb_tues,nb_blesses_hosp,nb_blesses_legers,age_cond_1,age_cond_2,veh_type_cond_1,veh_type_cond_2,lum_code,agg_code,int_code,atm_code,col_code
200600033622,0006-06-13 17:55:00,6,6,13,17,55,330,243,"04, EPINETTE(AVENUE DE L",,,Plein jour,En agglomération,Hors intersection,Normale,Deux véhicules - côté,,,,,,,,,,,1,2,1,1,3
200600033623,0006-06-02 22:55:00,6,6,2,22,55,340,3,RD32,,,Nuit sans éclairage public,Hors agglomération,Hors intersection,Normale,Autre collision,,,,,,,,,,,3,1,1,1,6
200600033624,0006-06-07 16:10:00,6,6,7,16,10,340,3,EUROPE (ROND-POINT DE L',,,Plein jour,En agglomération,Giratoire,Normale,Sans collision,,,,,,,,,,,1,2,6,1,7
200600033625,0006-06-13 19:50:00,6,6,13,19,50,340,3,CHIMINIE (F20 A H21,,,Plein jour,En agglomération,Intersection en Y,Normale,Sans collision,,,,,,,,,,,1,2,4,1,7
200600033626,0006-06-13 12:40:00,6,6,13,12,40,340,3,MONNET (K17 A K18,,,Plein jour,En agglomération,Hors intersection,Normale,Autre collision,,,,,,,,,,,1,2,1,1,6
200600033627,0006-06-22 05:00:00,6,6,22,5,0,340,3,MITTERRAND (K19 A O24,,,Nuit avec éclairage allumé,En agglomération,Hors intersection,Normale,Sans collision,,,,,,,,,,,5,2,1,1,7
200600033628,0006-06-24 13:52:00,6,6,24,13,52,340,3,ESTACADE (M15 A N15RUE D,,,Plein jour,En agglomération,Intersection en T,Normale,Sans collision,,,,,,,,,,,1,2,3,1,7
200600033629,0006-06-01 11:44:00,6,6,1,11,44,340,32,RIQUET PIERRE PAUL (ALLE,,,Plein jour,En agglomération,Intersection en T,Normale,Deux véhicules - côté,,,,,,,,,,,1,2,3,1,3
200600033630,0006-06-01 17:13:00,6,6,1,17,13,340,32,HORT DE MONSEIGNEUR (RUE,,,Plein jour,En agglomération,Intersection en T,Normale,Sans collision,,,,,,,,,,,1,2,3,1,7
200600033631,0006-06-03 01:25:00,6,6,3,1,25,340,32,ROUTE DEPARTEMENTALE NR.,,,Nuit sans éclairage public,Hors agglomération,Hors intersection,Normale,Sans collision,,,,,,,,,,,3,1,1,1,7
200600033632,0006-06-03 16:15:00,6,6,3,16,15,340,32,ROUTE DEPARTEMENTALE NR.,,,Plein jour,Hors agglomération,Hors intersection,Normale,Sans collision,,,,,,,,,,,1,1,1,1,7
200600033633,0006-06-08 10:15:00,6,6,8,10,15,340,73,"47, PROMENADE (AV. DE LA",,,Plein jour,En agglomération,Hors intersection,Normale,Deux véhicules - arrière,,,,,,,,,,,1,2,1,1,2
200600033634,0006-06-10 03:00:00,6,6,10,3,0,340,32,"NR, VIGUIER (AV DU)",,,Nuit avec éclairage allumé,En agglomération,Intersection en T,Normale,Deux véhicules - frontale,,,,,,,,,,,5,2,3,1,1
200600033635,0006-06-10 11:30:00,6,6,10,11,30,340,336,"NR, SOURCE (RUE DE LA)",,,Plein jour,En agglomération,Intersection en X,Normale,Deux véhicules - côté,,,,,,,,,,,1,2,2,1,3
200600033636,0006-06-10 12:34:00,6,6,10,12,34,340,32,"NR, VOIE DOMITIENNE (AV",,,Plein jour,En agglomération,Intersection en T,Normale,Deux véhicules - côté,,,,,,,,,,,1,2,3,1,3
200600033637,0006-06-11 23:10:00,6,6,11,23,10,340,32,"NR, LIBERTE (BD DE LA)",,,Nuit avec éclairage allumé,Hors agglomération,Hors intersection,Normale,Sans collision,,,,,,,,,,,5,1,1,1,7
200600033638,0006-06-12 16:40:00,6,6,12,16,40,340,32,"nr, FOCH MARECHAL FERDIN",,,Plein jour,En agglomération,Hors intersection,Normale,Deux véhicules - côté,,,,,,,,,,,1,2,1,1,3
200600033639,0006-06-14 12:20:00,6,6,14,12,20,340,32,"NR, MANOIR YVES DU(BD)",,,Plein jour,En agglomération,Hors intersection,Normale,Deux véhicules - côté,,,,,,,,,,,1,2,1,1,3
200600033640,0006-06-13 15:56:00,6,6,13,15,56,340,32,"NR, MOULIN JEAN (AV)",,,Plein jour,En agglomération,Hors intersection,Normale,Deux véhicules - côté,,,,,,,,,,,1,2,1,1,3
200600033641,0006-06-19 20:15:00,6,6,19,20,15,340,32,"NR, SAINT PIERRE (DOMAIN",,,Plein jour,Hors agglomération,Hors intersection,Normale,Sans collision,,,,,,,,,,,1,1,1,1,7
200600033642,0006-06-16 22:25:00,6,6,16,22,25,340,32,"nr, WILSON PRESIDENT (AV",,,Nuit avec éclairage allumé,En agglomération,Intersection en T,Normale,Deux véhicules - côté,,,,,,,,,,,5,2,3,1,3
200600033643,0006-06-21 22:00:00,6,6,21,22,0,340,32,"24, VERDIER PIERRE (AV)",,,Nuit avec éclairage allumé,En agglomération,Hors intersection,Normale,Sans collision,,,,,,,,,,,5,2,1,1,7
200600033644,0006-06-26 17:17:00,6,6,26,17,17,340,32,"nr, LIBERTE (BD DE LA)",,,Plein jour,En agglomération,Intersection en T,Normale,Deux véhicules - côté,,,,,,,,,,,1,2,3,1,3
200600033645,0006-06-24 14:53:00,6,6,24,14,53,340,32,"NR, INJALBERT ANTONIN (B",,,Plein jour,En agglomération,Intersection en T,Normale,Deux véhicules - côté,,,,,,,,,,,1,2,3,1,3
200600033646,0006-06-26 22:10:00,6,6,26,22,10,340,32,ROUTE DE PEZENAS (RN.113,,,Nuit sans éclairage public,Hors agglomération,Hors intersection,Normale,Autre collision,,,,,,,,,,,3,1,1,1,6
200600033647,0006-06-26 22:55:00,6,6,26,22,55,340,32,"75, WILSON PRESIDENT (AV",,,Nuit avec éclairage allumé,En agglomération,Hors intersection,Normale,Autre collision,,,,,,,,,,,5,2,1,1,6
200600033648,0006-06-29 13:00:00,6,6,29,13,0,340,32,"NR, SAINT SAENS CAMILLE",,,Plein jour,En agglomération,Hors intersection,Normale,Deux véhicules - côté,,,,,,,,,,,1,2,1,1,3
200600033649,0006-06-29 16:00:00,6,6,29,16,0,340,32,BORDEAUX HENRI (RUE DE),,,Plein jour,En agglomération,Hors intersection,Normale,Sans collision,,,,,,,,,,,1,2,1,1,7
200600033650,0006-06-30 21:30:00,6,6,30,21,30,340,32,ROUTE DE BEDARIEUX (RD.9,,,Plein jour,Hors agglomération,Hors intersection,Normale,Deux véhicules - frontale,,,,,,,,,,,1,1,1,1,1
200600033651,0006-06-02 19:25:00,6,6,2,19,25,340,172,MOULARES (CHEMIN DE,,,Plein jour,En agglomération,Intersection en X,Normale,Deux véhicules - côté,,,,,,,,,,,1,2,2,1,3
200600033652,0006-06-03 10:30:00,6,6,3,10,30,340,172,POMPIGNANE (AVENUE DE LA,,,Plein jour,En agglomération,Intersection en T,Normale,Deux véhicules - côté,,,,,,,,,,,1,2,3,1,3
200600033653,0006-06-04 07:40:00,6,6,4,7,40,340,172,LODEVE (AVENUE DE,,,Plein jour,En agglomération,Intersection en T,Normale,Deux véhicules - côté,,,,,,,,,,,1,2,3,1,3
200600033654,0006-06-04 11:25:00,6,6,4,11,25,340,172,"33, VERDANSON (QUAI DU)",,,Plein jour,En agglomération,Hors intersection,Normale,Autre collision,,,,,,,,,,,1,2,1,1,6
200600033655,0006-06-04 02:20:00,6,6,4,2,20,340,172,LIBERTE (AVENUE DE LA,,,Nuit avec éclairage allumé,En agglomération,Hors intersection,Normale,Deux véhicules - côté,,,,,,,,,,,5,2,1,1,3
200600033656,0006-06-05 06:20:00,6,6,5,6,20,340,129,ABRIVADO (RUE DE L'),,,Crépuscule ou aube,Hors agglomération,Hors intersection,Normale,Sans collision,,,,,,,,,,,2,1,1,1,7
200600033657,0006-06-07 01:19:00,6,6,7,1,19,340,129,D21 E1,,,Nuit avec éclairage non allumé,Hors agglomération,Giratoire,Normale,Autre collision,,,,,,,,,,,4,1,6,1,6
200600033658,0006-06-07 13:05:00,6,6,7,13,5,340,172,MICHEL (RUE ERNEST),,,Plein jour,En agglomération,Intersection en X,Normale,Deux véhicules - côté,,,,,,,,,,,1,2,2,1,3
200600033659,0006-06-08 09:45:00,6,6,8,9,45,340,172,"18, LEENHARDT (RUE ALBER",,,Plein jour,En agglomération,Hors intersection,Normale,Deux véhicules - arrière,,,,,,,,,,,1,2,1,1,2
200600033660,0006-06-08 15:10:00,6,6,8,15,10,340,172,PAS DU LOUP (RUE DU,,,Plein jour,En agglomération,Intersection en X,Normale,Deux véhicules - côté,,,,,,,,,,,1,2,2,1,3
200600033661,0006-06-08 17:10:00,6,6,8,17,10,340,172,PONT JUVENAL (AVENUE DU),,,Plein jour,En agglomération,Intersection en X,Normale,Deux véhicules - côté,,,,,,,,,,,1,2,2,1,3
200600033662,0006-06-09 08:20:00,6,6,9,8,20,340,172,COLOMB (PLACE CHRISTOPHE,,,Plein jour,En agglomération,Giratoire,Normale,Deux véhicules - côté,,,,,,,,,,,1,2,6,1,3
200600033663,0006-06-06 12:01:00,6,6,6,12,1,340,172,"407, BARCELONE (AVENUE D",,,Plein jour,En agglomération,Intersection en T,Normale,Autre collision,,,,,,,,,,,1,2,3,1,6
200600033664,0006-06-11 06:47:00,6,6,11,6,47,340,172,GANGES (ROUTE DE,,,Plein jour,En agglomération,Hors intersection,Normale,Autre collision,,,,,,,,,,,1,2,1,1,6
200600033665,0006-06-09 19:57:00,6,6,9,19,57,340,172,RIMBAUD (RUE PAUL),,,Plein jour,En agglomération,Hors intersection,Normale,Autre collision,,,,,,,,,,,1,2,1,1,6
200600033666,0006-06-12 08:40:00,6,6,12,8,40,340,172,MENDES FRANCE (AVENUE PR,,,Plein jour,En agglomération,Hors intersection,Normale,Trois véhicules et plus - en chaîne,,,,,,,,,,,1,2,1,1,4
200600033667,0006-06-14 10:30:00,6,6,14,10,30,340,172,"sans, FABRE DE MORLHON (",,,Plein jour,En agglomération,Hors intersection,Normale,Deux véhicules - arrière,,,,,,,,,,,1,2,1,1,2
200600033668,0006-06-20 07:45:00,6,6,20,7,45,340,172,"17, SICHUAN (RUE DU)",,,Plein jour,En agglomération,Intersection en T,Normale,Deux véhicules - côté,,,,,,,,,,,1,2,3,1,3
200600033669,0006-06-14 22:35:00,6,6,14,22,35,340,172,MARQUEROSE (RUE DE LA,,,Nuit avec éclairage allumé,En agglomération,Intersection en T,Normale,Deux véhicules - côté,,,,,,,,,,,5,2,3,1,3
200600033670,0006-06-14 18:15:00,6,6,14,18,15,340,129,D132,,,Plein jour,Hors agglomération,Hors intersection,Normale,Autre collision,,,,,,,,,,,1,1,1,1,6
200600033671,0006-06-14 17:50:00,6,6,14,17,50,340,172,FLAHAULT (AVENUE CHARLES,,,Plein jour,En agglomération,Hors intersection,Normale,Deux véhicules - arrière,,,,,,,,,,,1,2,1,1,2
200600033672,0006-06-15 15:14:00,6,6,15,15,14,340,172,VALERY (BOULEVARD PAUL,,,Plein jour,En agglomération,Intersection en T,Normale,Deux véhicules - frontale,,,,,,,,,,,1,2,3,1,1
200600033673,0006-06-16 17:05:00,6,6,16,17,5,340,129,EUROPE (PLACE DE L'),,,Plein jour,En agglomération,Giratoire,Normale,Deux véhicules - côté,,,,,,,,,,,1,2,6,1,3
200600033674,0006-06-16 20:28:00,6,6,16,20,28,340,129,CARNON (ROUTE DE  D21),,,Plein jour,Hors agglomération,Hors intersection,Normale,Deux véhicules - arrière,,,,,,,,,,,1,1,1,1,2
200600033675,0006-06-18 05:45:00,6,6,18,5,45,340,172,"830, ROQUETURIERE (RUE D",,,Crépuscule ou aube,En agglomération,Hors intersection,Normale,Autre collision,,,,,,,,,,,2,2,1,1,6
200600033676,0006-06-18 21:12:00,6,6,18,21,12,340,172,GANGES (ROUTE DE,,,Nuit avec éclairage allumé,En agglomération,Intersection en T,Normale,Deux véhicules - côté,,,,,,,,,,,5,2,3,1,3
200600033677,0006-06-19 15:50:00,6,6,19,15,50,340,172,JOUHAUX (AVENUE LEON),,,Plein jour,En agglomération,Hors intersection,Normale,Autre collision,,,,,,,,,,,1,2,1,1,6
200600033678,0006-06-20 16:40:00,6,6,20,16,40,340,172,"752, RAVAZ (AVENUE DU PR",,,Plein jour,En agglomération,Autre intersection,Normale,Deux véhicules - arrière,,,,,,,,,,,1,2,9,1,2
200600033679,0006-06-22 00:20:00,6,6,22,0,20,340,172,"22, BONNES NOUVELLES (BO",,,Nuit avec éclairage allumé,En agglomération,Hors intersection,Normale,Autre collision,,,,,,,,,,,5,2,1,1,6
200600033680,0006-06-22 07:10:00,6,6,22,7,10,340,129,D116,,,Plein jour,Hors agglomération,Hors intersection,Normale,Trois véhicules et plus - collisions multiples,,,,,,,,,,,1,1,1,1,5
200600033681,0006-06-22 08:50:00,6,6,22,8,50,340,172,"7, JEU DE PAUME (BOULEVA",,,Plein jour,En agglomération,Hors intersection,Normale,Autre collision,,,,,,,,,,,1,2,1,1,6
200600033682,0006-06-21 19:54:00,6,6,21,19,54,340,172,BRET (ROND POINT PAUL LO,,,Crépuscule ou aube,En agglomération,Hors intersection,Normale,Sans collision,,,,,,,,,,,2,2,1,1,7
200600033683,0006-06-23 13:25:00,6,6,23,13,25,340,172,"sans, LIBERTE (AVENUE DE",,,Plein jour,En agglomération,Hors intersection,Normale,Deux véhicules - côté,,,,,,,,,,,1,2,1,1,3
200600033684,0006-06-23 15:30:00,6,6,23,15,30,340,172,"236, LODEVE (ROUTE DE)",,,Plein jour,En agglomération,Hors intersection,Normale,Deux véhicules - arrière,,,,,,,,,,,1,2,1,1,2
200600033685,0006-06-22 03:39:00,6,6,22,3,39,340,172,"97, LODEVE (AVENUE DE",,,Nuit avec éclairage allumé,En agglomération,Hors intersection,Normale,Deux véhicules - frontale,,,,,,,,,,,5,2,1,1,1
200600033686,0006-06-23 18:20:00,6,6,23,18,20,340,172,ROCAMBOLE,,,Plein jour,En agglomération,Hors intersection,Normale,Deux véhicules - arrière,,,,,,,,,,,1,2,1,1,2
200600033687,0006-06-23 18:15:00,6,6,23,18,15,340,198,"SANS N°, BOUVINE (ALLEE)",,,Plein jour,Hors agglomération,Hors intersection,Normale,Autre collision,,,,,,,,,,,1,1,1,1,6
200600033688,0006-06-23 16:55:00,6,6,23,16,55,340,172,"143 BIS, LODEVE (ROUTE D",,,Plein jour,En agglomération,Hors intersection,Normale,Autre collision,,,,,,,,,,,1,2,1,1,6
200600033689,0006-06-25 22:15:00,6,6,25,22,15,340,172,PALAVAS (AVENUE DE),,,Nuit avec éclairage non allumé,En agglomération,Intersection en Y,Normale,Deux véhicules - arrière,,,,,,,,,,,4,2,4,1,2
200600033690,0006-06-26 09:25:00,6,6,26,9,25,340,172,"6, PALADILHE (RUE)",,,Plein jour,En agglomération,Hors intersection,Normale,Autre collision,,,,,,,,,,,1,2,1,1,6
200600033691,0006-06-27 18:35:00,6,6,27,18,35,340,172,"240, GARRATS (AVENUE DES",,,Plein jour,En agglomération,Hors intersection,Normale,Trois véhicules et plus - collisions multiples,,,,,,,,,,,1,2,1,1,5
200600033692,0006-06-27 11:31:00,6,6,27,11,31,340,172,CHATEAU D'O (ROND-POINT,,,Plein jour,En agglomération,Giratoire,Normale,Deux véhicules - côté,,,,,,,,,,,1,2,6,1,3
200600033693,0006-06-28 11:05:00,6,6,28,11,5,340,172,POMPIGNANE (AVENUE DE LA,,,Plein jour,En agglomération,Intersection en X,Normale,Deux véhicules - côté,,,,,,,,,,,1,2,2,1,3
200600033694,0006-06-28 09:20:00,6,6,28,9,20,340,172,"134, PALAVAS (AVENUE DE)",,,Plein jour,En agglomération,Hors intersection,Normale,Autre collision,,,,,,,,,,,1,2,1,1,6
200600033695,0006-06-29 13:35:00,6,6,29,13,35,340,172,"35, AEROPORT INTERNATION",,,Plein jour,En agglomération,Hors intersection,Normale,Deux véhicules - côté,,,,,,,,,,,1,2,1,1,3
200600033696,0006-06-29 17:30:00,6,6,29,17,30,340,172,"38, FIGAIRASSE (RUE DE L",,,Plein jour,En agglomération,Autre intersection,Normale,Deux véhicules - arrière,,,,,,,,,,,1,2,9,1,2
200600033697,0006-06-30 10:19:00,6,6,30,10,19,340,172,"145, JUSTICE DE CASTELNA",,,Plein jour,En agglomération,Hors intersection,Normale,Autre collision,,,,,,,,,,,1,2,1,1,6
200600033698,0006-06-30 22:44:00,6,6,30,22,44,340,172,"458, PARGUEL (AVENUE ABB",,,Nuit avec éclairage allumé,En agglomération,Hors intersection,Normale,Deux véhicules - frontale,,,,,,,,,,,5,2,1,1,1
200600033699,0006-06-28 12:00:00,6,6,28,12,0,340,172,CLEMENCEAU (AVENUE GEORG,,,Plein jour,En agglomération,Autre intersection,Normale,Deux véhicules - arrière,,,,,,,,,,,1,2,9,1,2
200600033700,0006-06-06 16:10:00,6,6,6,16,10,340,301,"aucun, ALLENDE SALVADOR",,,Plein jour,En agglomération,Intersection en Y,Normale,Deux véhicules - frontale,,,,,,,,,,,1,2,4,1,1
200600033701,0006-06-06 18:40:00,6,6,6,18,40,340,301,"AUCUN, NEUBURG (CORNICHE",,,Plein jour,En agglomération,Hors intersection,Normale,Autre collision,,,,,,,,,,,1,2,1,1,6
200600033702,0006-06-08 09:40:00,6,6,8,9,40,340,301,BLANC CAMILLE (BOULEVARD,,,Nuit sans éclairage public,En agglomération,Hors intersection,Normale,Deux véhicules - côté,,,,,,,,,,,3,2,1,1,3
200600033703,0006-06-10 23:20:00,6,6,10,23,20,340,108,"aucun, MAL JUIN (RUE DU)",,,Nuit sans éclairage public,En agglomération,Hors intersection,Normale,Autre collision,,,,,,,,,,,3,2,1,1,6
200600033704,0006-06-09 21:12:00,6,6,9,21,12,340,108,"AUCUN, RN 112",,,Nuit sans éclairage public,Hors agglomération,Hors intersection,Normale,Deux véhicules - frontale,,,,,,,,,,,3,1,1,1,1
200600033705,0006-06-15 03:20:00,6,6,15,3,20,340,301,"aucun, MARTY JEAN BAPTIS",,,Nuit avec éclairage allumé,En agglomération,Hors intersection,Normale,Sans collision,,,,,,,,,,,5,2,1,1,7
200600033706,0006-06-18 05:10:00,6,6,18,5,10,340,301,"AUCUN, ROUTE NATIONALE 1",,,Nuit sans éclairage public,En agglomération,Hors intersection,Normale,Sans collision,,,,,,,,,,,3,2,1,1,7
200600033707,0006-06-23 18:25:00,6,6,23,18,25,340,301,"aucun, HERRIOT EDOUARD (",,,Plein jour,En agglomération,Autre intersection,Normale,Deux véhicules - côté,,,,,,,,,,,1,2,9,1,3
200600033708,0006-06-01 17:05:00,6,6,1,17,5,350,238,"03, CHATEAUBRIAND (QUAI)",,,Plein jour,En agglomération,Hors intersection,Normale,Autre collision,,,,,,,,,,,1,2,1,1,6
200600033709,0006-06-01 17:15:00,6,6,1,17,15,350,238,"00, PAYS-BAS (AVENUE DES",,,Plein jour,En agglomération,Hors intersection,Normale,Autre collision,,,,,,,,,,,1,2,1,1,6
200600033710,0006-06-01 16:55:00,6,6,1,16,55,350,238,ROCADE 8-9,,,Plein jour,Hors agglomération,Hors intersection,Normale,Deux véhicules - arrière,,,,,,,,,,,1,1,1,1,2
200600033711,0006-06-02 18:15:00,6,6,2,18,15,350,238,"00, CASSIN (RUE RENE)",,,Plein jour,En agglomération,Intersection en X,Normale,Autre collision,,,,,,,,,,,1,2,2,1,6
200600033712,0006-06-02 20:25:00,6,6,2,20,25,350,238,"00, BULGARIE (BD DE)",,,Plein jour,En agglomération,Intersection en X,Normale,Autre collision,,,,,,,,,,,1,2,2,1,6
200600033713,0006-06-06 17:20:00,6,6,6,17,20,350,238,"7, CHAMPS (RUE DES PETIT",,,Plein jour,En agglomération,Hors intersection,Normale,Deux véhicules - côté,,,,,,,,,,,1,2,1,1,3
200600033714,0006-06-09 07:10:00,6,6,9,7,10,350,238,"00, VILLEBOIS MAREUIL (B",,,Plein jour,En agglomération,Giratoire,Normale,Deux véhicules - arrière,,,,,,,,,,,1,2,6,1,2
200600033715,0006-06-09 17:45:00,6,6,9,17,45,350,238,"200, PATTON (AVENUE DU G",,,Plein jour,En agglomération,Hors intersection,Normale,Autre collision,,,,,,,,,,,1,2,1,1,6
200600033716,0006-06-10 11:00:00,6,6,10,11,0,350,238,"00, RN 12",,,Plein jour,Hors agglomération,Hors intersection,Normale,Deux véhicules - côté,,,,,,,,,,,1,1,1,1,3
200600033717,0006-06-13 09:30:00,6,6,13,9,30,350,238,"00, SAINT-MALO (DE) DE 1",,,Plein jour,En agglomération,Intersection en X,Normale,Deux véhicules - côté,,,,,,,,,,,1,2,2,1,3
200600033718,0006-06-13 10:45:00,6,6,13,10,45,350,238,"00, MONTGERMONT (ROND PO",,,Plein jour,Hors agglomération,Giratoire,Normale,Autre collision,,,,,,,,,,,1,1,6,1,6
200600033719,0006-06-14 07:55:00,6,6,14,7,55,350,238,"05, POLOGNE (AVENUE DE)",,,Plein jour,En agglomération,Hors intersection,Temps couvert,Autre collision,,,,,,,,,,,1,2,1,8,6
200600033720,0006-06-14 12:00:00,6,6,14,12,0,350,238,"15, MANOIR DE SERVIGNE (",,,Plein jour,En agglomération,Intersection en T,Pluie légère,Deux véhicules - côté,,,,,,,,,,,1,2,3,2,3
200600033721,0006-06-14 13:00:00,6,6,14,13,0,350,238,"00, BOSPHORE (DU)",,,Plein jour,En agglomération,Hors intersection,Pluie légère,Deux véhicules - côté,,,,,,,,,,,1,2,1,2,3
200600033722,0006-06-14 17:50:00,6,6,14,17,50,350,238,"00, CHURCHILL (AVENUE SI",,,Plein jour,En agglomération,Intersection en X,Normale,Autre collision,,,,,,,,,,,1,2,2,1,6
200600033723,0006-06-16 11:10:00,6,6,16,11,10,350,238,"00, JUILLET ( DE)",,,Plein jour,En agglomération,Hors intersection,Normale,Autre collision,,,,,,,,,,,1,2,1,1,6
200600033724,0006-06-16 13:48:00,6,6,16,13,48,350,238,"00, IRLANDE (AVENUE D')",,,Plein jour,En agglomération,Intersection en X,Normale,Autre collision,,,,,,,,,,,1,2,2,1,6
200600033725,0006-06-16 16:35:00,6,6,16,16,35,350,238,"19, MABILAIS (DE LA)",,,Plein jour,En agglomération,Hors intersection,Normale,Deux véhicules - arrière,,,,,,,,,,,1,2,1,1,2
200600033726,0006-06-18 18:20:00,6,6,18,18,20,350,238,"00, VILLEBOIS MAREUIL (B",,,Plein jour,En agglomération,Intersection en T,Normale,Deux véhicules - arrière,,,,,,,,,,,1,2,3,1,2
200600033727,0006-06-19 13:50:00,6,6,19,13,50,350,238,"00, ALBERT 1ER (BD)",,,Plein jour,En agglomération,Giratoire,Normale,Deux véhicules - côté,,,,,,,,,,,1,2,6,1,3
200600033728,0006-06-19 17:25:00,6,6,19,17,25,350,238,"00, CARTIER (BD JACQUES)",,,Plein jour,En agglomération,Intersection en X,Normale,Deux véhicules - côté,,,,,,,,,,,1,2,2,1,3
200600033729,0006-06-19 19:00:00,6,6,19,19,0,350,238,"36, MARBEUF (BLD)",,,Plein jour,En agglomération,Intersection en T,Normale,Deux véhicules - côté,,,,,,,,,,,1,2,3,1,3
200600033730,0006-06-19 22:00:00,6,6,19,22,0,350,238,"00, VILLEBOIS MAREUIL (B",,,Crépuscule ou aube,En agglomération,Intersection en X,Normale,Autre collision,,,,,,,,,,,2,2,2,1,6
200600033731,0006-06-20 11:20:00,6,6,20,11,20,350,238,"000, PARKING CENTRE COMM",,,Plein jour,En agglomération,Hors intersection,Normale,Deux véhicules - côté,,,,,,,,,,,1,2,1,1,3
200600033732,0006-06-20 18:10:00,6,6,20,18,10,350,238,"00, WOOD (AVENUE DU GENE",,,Plein jour,Hors agglomération,Intersection en X,Normale,Deux véhicules - arrière,,,,,,,,,,,1,1,2,1,2
200600033733,0006-06-22 03:20:00,6,6,22,3,20,350,238,"00, DODIN (AVENUE ROGER)",,,Nuit avec éclairage non allumé,En agglomération,Hors intersection,Normale,Autre collision,,,,,,,,,,,4,2,1,1,6
200600033734,0006-06-22 15:45:00,6,6,22,15,45,350,238,"00, PAYS-BAS (AVENUE DES",,,Plein jour,En agglomération,Giratoire,Normale,Sans collision,,,,,,,,,,,1,2,6,1,7
200600033735,0006-06-22 18:45:00,6,6,22,18,45,350,238,"00, BRIAND (AVENUE ARIST",,,Plein jour,En agglomération,Intersection en X,Normale,Deux véhicules - côté,,,,,,,,,,,1,2,2,1,3
200600033736,0006-06-23 12:10:00,6,6,23,12,10,350,238,"00, BUISSON (FERDINAND)",,,Plein jour,En agglomération,Intersection en X,Normale,Deux véhicules - côté,,,,,,,,,,,1,2,2,1,3
200600033737,0006-06-23 19:15:00,6,6,23,19,15,350,238,"29, BREST (DE)",,,Plein jour,En agglomération,Hors intersection,Normale,Autre collision,,,,,,,,,,,1,2,1,1,6
200600033738,0006-06-25 05:40:00,6,6,25,5,40,350,238,"00, TOUR D'AUVERGNE (BD",,,Nuit avec éclairage allumé,En agglomération,Intersection en X,Normale,Deux véhicules - côté,,,,,,,,,,,5,2,2,1,3
200600033739,0006-06-25 14:35:00,6,6,25,14,35,350,238,"00, QUIBERON (ALLEE DE)",,,Plein jour,En agglomération,Hors intersection,Normale,Sans collision,,,,,,,,,,,1,2,1,1,7
200600033740,0006-06-26 08:50:00,6,6,26,8,50,350,238,"78, COMBES (BD EMILE)",,,Plein jour,En agglomération,Hors intersection,Normale,Deux véhicules - arrière,,,,,,,,,,,1,2,1,1,2
200600033741,0006-06-28 08:40:00,6,6,28,8,40,350,238,"00, REPUBLIQUE (PLACE DE",,,Plein jour,En agglomération,Hors intersection,Normale,Deux véhicules - arrière,,,,,,,,,,,1,2,1,1,2
200600033742,0006-06-29 13:55:00,6,6,29,13,55,350,238,"00, HAIE-DES-COGNETS (BO",,,Plein jour,Hors agglomération,Hors intersection,Normale,Deux véhicules - côté,,,,,,,,,,,1,1,1,1,3
200600033743,0006-06-29 15:10:00,6,6,29,15,10,350,238,"00, ANTRAIN (D') DE 0 A",,,Plein jour,En agglomération,Intersection en X,Normale,Autre collision,,,,,,,,,,,1,2,2,1,6
200600033744,0006-06-30 12:20:00,6,6,30,12,20,350,238,"14, BERTRAND (DE)",,,Plein jour,En agglomération,Hors intersection,Normale,Autre collision,,,,,,,,,,,1,2,1,1,6
200600033745,0006-06-30 17:55:00,6,6,30,17,55,350,238,"41, CHATEAUGIRON (DE)",,,Plein jour,En agglomération,Hors intersection,Normale,Autre collision,,,,,,,,,,,1,2,1,1,6
200600033746,0006-06-01 07:50:00,6,6,1,7,50,350,288,FONTAINE AU BONHOMME (RU,,,Plein jour,En agglomération,Intersection en T,Normale,Deux véhicules - côté,,,,,,,,,,,1,2,3,1,3
200600033747,0006-06-07 12:05:00,6,6,7,12,5,350,288,BERNARD CLAUDE (RUE),,,Plein jour,En agglomération,Hors intersection,Normale,Deux véhicules - côté,,,,,,,,,,,1,2,1,1,3
200600033748,0006-06-07 14:15:00,6,6,7,14,15,350,288,"8, DEPORTES (BOULEVARD D",,,Plein jour,En agglomération,Hors intersection,Normale,Deux véhicules - arrière,,,,,,,,,,,1,2,1,1,2
200600033749,0006-06-17 20:30:00,6,6,17,20,30,350,288,TRIQUERVILLE JEAN-PIERRE,,,Plein jour,En agglomération,Intersection en T,Normale,Deux véhicules - côté,,,,,,,,,,,1,2,3,1,3
200600033750,0006-06-25 12:00:00,6,6,25,12,0,350,288,TABARLY ERIC  (CHAUSSEE),,,Plein jour,En agglomération,Giratoire,Normale,Deux véhicules - côté,,,,,,,,,,,1,2,6,1,3
200600033751,0006-06-21 21:40:00,6,6,21,21,40,360,44,"68, MARINS (BD DES)",,,Crépuscule ou aube,En agglomération,Intersection en T,Normale,Deux véhicules - côté,,,,,,,,,,,2,2,3,1,3
200600033752,0006-06-30 20:50:00,6,6,30,20,50,360,63,"1, LANGEVIN (AV PAUL)",,,Plein jour,En agglomération,Hors intersection,Normale,Autre collision,,,,,,,,,,,1,2,1,1,6
200600033753,0006-06-07 13:21:00,6,6,7,13,21,360,44,"1, CHATELLERAULT (DE)",,,Plein jour,En agglomération,Hors intersection,Normale,Deux véhicules - côté,,,,,,,,,,,1,2,1,1,3
200600033754,0006-06-09 17:30:00,6,6,9,17,30,360,63,"1, VILLERS (RTE DE)",,,Plein jour,En agglomération,Intersection en T,Normale,Trois véhicules et plus - collisions multiples,,,,,,,,,,,1,2,3,1,5