accident_id,datetime,annee,mois,jour,heure,minute,departement,commune_insee,adresse,latitude,longitude,luminosite,agglomeration,intersection,meteo,collision,nb_vehicules,nb_usagers,nb_indemnes,nb_tues,nb_blesses_hosp,nb_blesses_legers,age_cond_1,age_cond_2,veh_type_cond_1,veh_type_cond_2,lum_code,agg_code,int_code,atm_code,col_code
200600033755,0006-06-16 02:37:00,6,6,16,2,37,360,44,CAZALA (ROGER),,,Nuit avec éclairage allumé,En agglomération,Hors intersection,Normale,Sans collision,,,,,,,,,,,5,2,1,1,7
200600033756,0006-06-17 13:30:00,6,6,17,13,30,360,44,"1, ANVAUX (BD D')",,,Plein jour,En agglomération,Hors intersection,Normale,Deux véhicules - frontale,,,,,,,,,,,1,2,1,1,1
200600033757,0006-06-20 11:20:00,6,6,20,11,20,360,63,PIAF (EDITH),,,Plein jour,En agglomération,Hors intersection,Normale,Sans collision,,,,,,,,,,,1,2,1,1,7
200600033758,0006-06-22 12:37:00,6,6,22,12,37,360,44,PASCAL (BD BLAISE),,,Plein jour,En agglomération,Hors intersection,Pluie légère,Autre collision,,,,,,,,,,,1,2,1,2,6
200600033759,0006-06-23 13:20:00,6,6,23,13,20,360,44,"2 BIS, NORMAND (BD CROIX",,,Plein jour,En agglomération,Hors intersection,Normale,Deux véhicules - côté,,,,,,,,,,,1,2,1,1,3
200600033760,0006-06-24 18:22:00,6,6,24,18,22,360,63,RN20 ROND POINT MARTINER,,,Plein jour,En agglomération,Hors intersection,Normale,Sans collision,,,,,,,,,,,1,2,1,1,7
200600033761,0006-06-27 11:10:00,6,6,27,11,10,360,44,"16, RAVEL (MAURICE)",,,Plein jour,En agglomération,Hors intersection,Normale,Sans collision,,,,,,,,,,,1,2,1,1,7
200600033762,0006-06-26 12:30:00,6,6,26,12,30,360,44,"0, DELACROIX (EUGENE)",,,Plein jour,En agglomération,Intersection en T,Normale,Deux véhicules - côté,,,,,,,,,,,1,2,3,1,3
200600033763,0006-06-28 11:27:00,6,6,28,11,27,360,63,"15, THOREZ (AV MAURICE)",,,Plein jour,En agglomération,Hors intersection,Normale,Sans collision,,,,,,,,,,,1,2,1,1,7
200600033764,0006-06-29 08:00:00,6,6,29,8,0,360,44,"24, INGRAINS (DES)",,,Plein jour,En agglomération,Hors intersection,Normale,Deux véhicules - côté,,,,,,,,,,,1,2,1,1,3
200600033765,0006-06-29 18:20:00,6,6,29,18,20,360,44,"168, DE GAULLE (AVENUE D",,,Plein jour,En agglomération,Hors intersection,Normale,Autre collision,,,,,,,,,,,1,2,1,1,6
200600033766,0006-06-30 15:22:00,6,6,30,15,22,360,44,CANTRELLE (PONT),,,Plein jour,En agglomération,Intersection en X,Normale,Deux véhicules - côté,,,,,,,,,,,1,2,2,1,3
200600033767,0006-06-30 22:10:00,6,6,30,22,10,360,44,"1, BRASSERIE (IMP DE LA)",,,Crépuscule ou aube,En agglomération,Hors intersection,Normale,Sans collision,,,,,,,,,,,2,2,1,1,7
200600033768,0006-06-07 15:50:00,6,6,7,15,50,370,122,DE LA FONTAINE (RUE JEAN,,,Plein jour,En agglomération,Intersection en X,Normale,Deux véhicules - côté,,,,,,,,,,,1,2,2,1,3
200600033769,0006-06-02 20:20:00,6,6,2,20,20,370,261,PAS NOTRE-DAME (RUE DU),,,Plein jour,En agglomération,Intersection en X,Normale,Deux véhicules - côté,,,,,,,,,,,1,2,2,1,3
200600033770,0006-06-06 19:15:00,6,6,6,19,15,370,261,HOSPITALITE (RUE DE L'),,,Plein jour,Hors agglomération,Intersection en T,Normale,Autre collision,,,,,,,,,,,1,1,3,1,6
200600033771,0006-06-17 01:20:00,6,6,17,1,20,370,195,VAUQUIER (RUE SIMON),,,Nuit avec éclairage non allumé,En agglomération,Hors intersection,Normale,Sans collision,,,,,,,,,,,4,2,1,1,7
200600033772,0006-06-16 17:40:00,6,6,16,17,40,370,233,POMPIDOU (AVENUE GEORGES,,,Plein jour,En agglomération,Hors intersection,Normale,Deux véhicules - côté,,,,,,,,,,,1,2,1,1,3
200600033773,0006-06-10 19:50:00,6,6,10,19,50,370,261,NAPOLEON (PONT),,,Plein jour,En agglomération,Hors intersection,Normale,Autre collision,,,,,,,,,,,1,2,1,1,6
200600033774,0006-06-05 19:50:00,6,6,5,19,50,370,208,"31, BRANCHOIRE (RUE DE L",,,Plein jour,En agglomération,Hors intersection,Normale,Sans collision,,,,,,,,,,,1,2,1,1,7
200600033775,0006-06-16 16:00:00,6,6,16,16,0,370,233,MAGASINS GENERAUX (RUE D,,,Plein jour,En agglomération,Giratoire,Normale,Deux véhicules - côté,,,,,,,,,,,1,2,6,1,3
200600033776,0006-06-10 09:45:00,6,6,10,9,45,370,261,DE GAULLE (AVENUE DU GEN,,,Plein jour,En agglomération,Giratoire,Normale,Deux véhicules - côté,,,,,,,,,,,1,2,6,1,3
200600033777,0006-06-13 17:25:00,6,6,13,17,25,370,261,"02, TRANCHEE (AVENUE DE",,,Plein jour,En agglomération,Hors intersection,Normale,Autre collision,,,,,,,,,,,1,2,1,1,6
200600033778,0006-06-10 09:40:00,6,6,10,9,40,370,261,DE LATTRE DE TASSIGNY (B,,,Plein jour,En agglomération,Giratoire,Normale,Sans collision,,,,,,,,,,,1,2,6,1,7
200600033779,0006-06-23 18:45:00,6,6,23,18,45,370,261,BERT (QUAI PAUL),,,Plein jour,En agglomération,Intersection en T,Normale,Deux véhicules - côté,,,,,,,,,,,1,2,3,1,3
200600033780,0006-06-30 12:15:00,6,6,30,12,15,370,208,"355, CORMERY (RUE DE)",,,Plein jour,En agglomération,Intersection en X,Normale,Trois véhicules et plus - en chaîne,,,,,,,,,,,1,2,2,1,4
200600033781,0006-06-29 17:15:00,6,6,29,17,15,370,233,"1, CASANOVA (RUE DANIELL",,,Plein jour,En agglomération,Intersection en X,Normale,Deux véhicules - côté,,,,,,,,,,,1,2,2,1,3
200600033782,0006-06-02 17:15:00,6,6,2,17,15,380,185,"12, STALINGRAD (RUE DE)",,,Plein jour,En agglomération,Hors intersection,Normale,Autre collision,,,,,,,,,,,1,2,1,1,6
200600033783,0006-06-04 08:35:00,6,6,4,8,35,380,185,A.480 (AUTOROUTE),,,Plein jour,Hors agglomération,Hors intersection,Normale,Deux véhicules - arrière,,,,,,,,,,,1,1,1,1,2
200600033784,0006-06-07 07:15:00,6,6,7,7,15,380,185,"01, ETOILE (PLACE DE L')",,,Plein jour,En agglomération,Hors intersection,Normale,Deux véhicules - côté,,,,,,,,,,,1,2,1,1,3
200600033785,0006-06-07 17:20:00,6,6,7,17,20,380,421,"57, MEHLIS (AVENUE ZELLA",,,Plein jour,En agglomération,Hors intersection,Normale,Autre collision,,,,,,,,,,,1,2,1,1,6
200600033786,0006-06-09 00:05:00,6,6,9,0,5,380,185,"00, JAURES (COURS J.)",,,Nuit avec éclairage allumé,En agglomération,Intersection en X,Normale,Deux véhicules - côté,,,,,,,,,,,5,2,2,1,3
200600033787,0006-06-09 18:50:00,6,6,9,18,50,380,185,"00, LESDIGUIERES (RUE)",,,Plein jour,En agglomération,Intersection en T,Normale,Autre collision,,,,,,,,,,,1,2,3,1,6
200600033788,0006-06-09 19:30:00,6,6,9,19,30,380,185,"00, FLANDRIN (RUE J.)",,,Plein jour,En agglomération,Hors intersection,Normale,Autre collision,,,,,,,,,,,1,2,1,1,6
200600033789,0006-06-12 13:45:00,6,6,12,13,45,380,185,A.480 (AUTOROUTE),,,Plein jour,Hors agglomération,Hors intersection,Normale,Deux véhicules - arrière,,,,,,,,,,,1,1,1,1,2
200600033790,0006-06-12 19:05:00,6,6,12,19,5,380,185,"25, CONSTANTINE (AVENUE",,,Plein jour,En agglomération,Hors intersection,Normale,Autre collision,,,,,,,,,,,1,2,1,1,6
200600033791,0006-06-13 08:45:00,6,6,13,8,45,380,185,"22, MENON (RUE)",,,Plein jour,En agglomération,Intersection en T,Normale,Deux véhicules - côté,,,,,,,,,,,1,2,3,1,3
200600033792,0006-06-14 10:00:00,6,6,14,10,0,380,421,"00, PERI (AVENUE G.)",,,Plein jour,En agglomération,Hors intersection,Normale,Deux véhicules - arrière,,,,,,,,,,,1,2,1,1,2
200600033793,0006-06-15 14:00:00,6,6,15,14,0,380,185,"00, VILLAGE ( RUE DU )",,,Plein jour,En agglomération,Hors intersection,Normale,Autre collision,,,,,,,,,,,1,2,1,1,6
200600033794,0006-06-15 18:45:00,6,6,15,18,45,380,185,"1, ETOILE (PLACE DE L')",,,Plein jour,En agglomération,Hors intersection,Normale,Autre collision,,,,,,,,,,,1,2,1,1,6
200600033795,0006-06-16 17:35:00,6,6,16,17,35,380,185,"00, GREGOIRE (RUE A.) 49",,,Plein jour,En agglomération,Hors intersection,Normale,Autre collision,,,,,,,,,,,1,2,1,1,6
200600033796,0006-06-18 17:45:00,6,6,18,17,45,380,185,"00, GAMBETTA (BOULEVARD)",,,Plein jour,En agglomération,Hors intersection,Normale,Deux véhicules - côté,,,,,,,,,,,1,2,1,1,3
200600033797,0006-06-17 14:25:00,6,6,17,14,25,380,421,VALLES (AV. J.)A. CROIZA,,,Plein jour,En agglomération,Hors intersection,Pluie légère,Deux véhicules - frontale,,,,,,,,,,,1,2,1,2,1
200600033798,0006-06-19 08:30:00,6,6,19,8,30,380,185,GREGOIRE (RUE A.) 15 A 4,,,Plein jour,En agglomération,Hors intersection,Normale,Deux véhicules - côté,,,,,,,,,,,1,2,1,1,3
200600033799,0006-06-19 18:00:00,6,6,19,18,0,380,185,"0, JAURES (COURS J.)",,,Plein jour,En agglomération,Hors intersection,Normale,Deux véhicules - côté,,,,,,,,,,,1,2,1,1,3
200600033800,0006-06-20 07:45:00,6,6,20,7,45,380,185,JOUHAUX (RUE L.)      1,,,Plein jour,En agglomération,Intersection en X,Normale,Deux véhicules - côté,,,,,,,,,,,1,2,2,1,3
200600033801,0006-06-21 16:45:00,6,6,21,16,45,380,185,LYAUTEY (BOULEVARD MAL),,,Plein jour,En agglomération,Hors intersection,Normale,Autre collision,,,,,,,,,,,1,2,1,1,6
200600033802,0006-06-21 18:15:00,6,6,21,18,15,380,185,PUPIN (RUE A.),,,Plein jour,En agglomération,Hors intersection,Normale,Autre collision,,,,,,,,,,,1,2,1,1,6
200600033803,0006-06-23 13:30:00,6,6,23,13,30,380,421,"00, SACCO ET VANZETTI (R",,,Plein jour,En agglomération,Intersection en X,Normale,Deux véhicules - côté,,,,,,,,,,,1,2,2,1,3
200600033804,0006-06-25 12:00:00,6,6,25,12,0,380,185,"87, JAURES (COURS J.)",,,Plein jour,En agglomération,Hors intersection,Normale,Autre collision,,,,,,,,,,,1,2,1,1,6
200600033805,0006-06-27 16:40:00,6,6,27,16,40,380,185,"0, ROCH ST (AVENUE) LECL",,,Plein jour,En agglomération,Intersection en X,Normale,Deux véhicules - côté,,,,,,,,,,,1,2,2,1,3
200600033806,0006-06-27 17:30:00,6,6,27,17,30,380,151,A.480,,,Plein jour,Hors agglomération,Hors intersection,Normale,Autre collision,,,,,,,,,,,1,1,1,1,6
200600033807,0006-06-28 00:01:00,6,6,28,0,1,380,185,EUROPE ( AVENUE DE L' ),,,Nuit avec éclairage allumé,En agglomération,Intersection en X,Pluie légère,Deux véhicules - côté,,,,,,,,,,,5,2,2,2,3
200600033808,0006-06-28 12:20:00,6,6,28,12,20,380,421,BEAL (RUE DU),,,Plein jour,En agglomération,Hors intersection,Normale,Sans collision,,,,,,,,,,,1,2,1,1,7
200600033809,0006-06-28 17:00:00,6,6,28,17,0,380,169,"., MOCQUET (RUE G.)",,,Plein jour,En agglomération,Autre intersection,Normale,Autre collision,,,,,,,,,,,1,2,9,1,6
200600033810,0006-06-29 18:30:00,6,6,29,18,30,380,185,"., VERCORS (RUE DU)",,,Plein jour,En agglomération,Autre intersection,Normale,Autre collision,,,,,,,,,,,1,2,9,1,6
200600033811,0006-06-29 19:00:00,6,6,29,19,0,380,151,"0, TREMBLAY (CHEMIN DU)",,,Crépuscule ou aube,En agglomération,Autre intersection,Normale,Autre collision,,,,,,,,,,,2,2,9,1,6
200600033812,0006-06-29 13:40:00,6,6,29,13,40,380,421,"0, MALFANGEAT (RUE DE)",,,Plein jour,En agglomération,Autre intersection,Normale,Autre collision,,,,,,,,,,,1,2,9,1,6
200600033813,0006-06-30 07:00:00,6,6,30,7,0,380,151,"127, JAURES        (COUR",,,Plein jour,En agglomération,Hors intersection,Normale,Deux véhicules - côté,,,,,,,,,,,1,2,1,1,3
200600033814,0006-06-30 11:05:00,6,6,30,11,5,380,185,"18, FOCH (BOULEVARD MAL)",,,Plein jour,En agglomération,Hors intersection,Normale,Autre collision,,,,,,,,,,,1,2,1,1,6
200600033815,0006-06-30 14:40:00,6,6,30,14,40,380,185,"0, GAMBETTA ( BOULEVARD)",,,Plein jour,En agglomération,Hors intersection,Normale,Deux véhicules - arrière,,,,,,,,,,,1,2,1,1,2
200600033816,0006-06-30 18:00:00,6,6,30,18,0,380,423,A.48 (AUTOROUTE),,,Plein jour,Hors agglomération,Hors intersection,Normale,Deux véhicules - arrière,,,,,,,,,,,1,1,1,1,2
200600033817,0006-06-30 18:00:00,6,6,30,18,0,380,185,DODERO(RUE M.),,,Plein jour,En agglomération,Intersection en T,Normale,Deux véhicules - côté,,,,,,,,,,,1,2,3,1,3
200600033818,0006-06-30 22:52:00,6,6,30,22,52,380,185,JOFFRE (BOULEVARD MAL) E,,,Nuit avec éclairage allumé,En agglomération,Intersection en X,Normale,Deux véhicules - côté,,,,,,,,,,,5,2,2,1,3
200600033819,0006-06-04 19:30:00,6,6,4,19,30,380,544,"0, ST MARCEL(MONTEE)",,,Plein jour,En agglomération,Intersection en T,Normale,Trois véhicules et plus - collisions multiples,,,,,,,,,,,1,2,3,1,5
200600033820,0006-06-14 16:05:00,6,6,14,16,5,380,544,CD 41,,,Plein jour,Hors agglomération,Hors intersection,Normale,Trois véhicules et plus - collisions multiples,,,,,,,,,,,1,1,1,1,5
200600033821,0006-06-19 13:10:00,6,6,19,13,10,380,318,"19, VIMAINE(RUE)",,,Plein jour,En agglomération,Intersection en X,Normale,Deux véhicules - côté,,,,,,,,,,,1,2,2,1,3
200600033822,0006-06-24 18:25:00,6,6,24,18,25,380,544,"38 BIS, VERDUN(COUR DE)",,,Plein jour,En agglomération,Hors intersection,Normale,Autre collision,,,,,,,,,,,1,2,1,1,6
200600033823,0006-06-11 05:20:00,6,6,11,5,20,380,563,"113, VALOIS (AVENUE DU D",,,Nuit avec éclairage allumé,En agglomération,Hors intersection,Normale,Autre collision,,,,,,,,,,,5,2,1,1,6
200600033824,0006-06-19 12:05:00,6,6,19,12,5,380,563,"113, PATINIERE (AVENUE D",,,Plein jour,En agglomération,Autre intersection,Normale,Deux véhicules - côté,,,,,,,,,,,1,2,9,1,3
200600033825,0006-06-13 12:05:00,6,6,13,12,5,390,198,"0, VERDUN (AVENUE DE)",,,Plein jour,En agglomération,Intersection en X,Normale,Autre collision,,,,,,,,,,,1,2,2,1,6
200600033826,0006-06-26 13:20:00,6,6,26,13,20,390,198,"16, CHAMPVANS (ROUTE DE)",,,Plein jour,Hors agglomération,Hors intersection,Normale,Autre collision,,,,,,,,,,,1,1,1,1,6
200600033827,0006-06-28 12:12:00,6,6,28,12,12,390,300,"73, SAINT DESIRE (RUE) N",,,Plein jour,En agglomération,Hors intersection,Normale,Autre collision,,,,,,,,,,,1,2,1,1,6
200600033828,0006-06-01 11:15:00,6,6,1,11,15,400,88,PEYROUTON (RUE DE),,,Plein jour,En agglomération,Hors intersection,Normale,Autre collision,,,,,,,,,,,1,2,1,1,6
200600033829,0006-06-03 19:30:00,6,6,3,19,30,400,279,"25, RESISTANCE (AVE DE L",,,Plein jour,En agglomération,Hors intersection,Normale,Deux véhicules - arrière,,,,,,,,,,,1,2,1,1,2
200600033830,0006-06-14 12:39:00,6,6,14,12,39,400,88,"12, GAMBETTA (RUE)",,,Plein jour,En agglomération,Intersection en Y,Normale,Deux véhicules - côté,,,,,,,,,,,1,2,4,1,3
200600033831,0006-06-21 14:15:00,6,6,21,14,15,400,88,CLEMENCEAU (RUE GEORGES),,,Plein jour,En agglomération,Autre intersection,Normale,Deux véhicules - frontale,,,,,,,,,,,1,2,9,1,1
200600033832,0006-06-24 21:55:00,6,6,24,21,55,400,88,BASTIAT (AVE JULES),,,Nuit avec éclairage allumé,En agglomération,Intersection en T,Temps couvert,Deux véhicules - côté,,,,,,,,,,,5,2,3,8,3
200600033833,0006-06-24 09:40:00,6,6,24,9,40,400,279,"54, RESISTANCE (AVE DE L",,,Plein jour,En agglomération,Hors intersection,Normale,Autre collision,,,,,,,,,,,1,2,1,1,6
200600033834,0006-06-08 21:20:00,6,6,8,21,20,400,192,SABRES (AV DE),,,Plein jour,En agglomération,Hors intersection,Normale,Autre collision,,,,,,,,,,,1,2,1,1,6
200600033835,0006-06-26 13:25:00,6,6,26,13,25,400,192,"56, FARBOS (AV HENRI)",,,Plein jour,En agglomération,Hors intersection,Normale,Autre collision,,,,,,,,,,,1,2,1,1,6
200600033836,0006-06-01 13:00:00,6,6,1,13,0,410,18,CHAILLES (LEVEE DE),,,Plein jour,Hors agglomération,Hors intersection,Normale,Deux véhicules - arrière,,,,,,,,,,,1,1,1,1,2
200600033837,0006-06-02 12:37:00,6,6,2,12,37,410,18,BESNARD (QUAI ULYSSE),,,Plein jour,En agglomération,Hors intersection,Normale,Deux véhicules - arrière,,,,,,,,,,,1,2,1,1,2
200600033838,0006-06-02 17:30:00,6,6,2,17,30,410,18,BEGON (RUE MICHEL)  N° I,,,Plein jour,En agglomération,Hors intersection,Normale,Autre collision,,,,,,,,,,,1,2,1,1,6
200600033839,0006-06-03 08:45:00,6,6,3,8,45,410,18,COULANGES (ALLEE DE),,,Plein jour,Hors agglomération,Hors intersection,Normale,Deux véhicules - côté,,,,,,,,,,,1,1,1,1,3
200600033840,0006-06-07 08:00:00,6,6,7,8,0,410,18,"15, BOULLE (RUE ANDRE)",,,Plein jour,En agglomération,Hors intersection,Normale,Deux véhicules - arrière,,,,,,,,,,,1,2,1,1,2
200600033841,0006-06-08 11:00:00,6,6,8,11,0,410,18,"31, GAMBETTA (AVENUE)",,,Plein jour,En agglomération,Hors intersection,Normale,Deux véhicules - arrière,,,,,,,,,,,1,2,1,1,2
200600033842,0006-06-10 14:45:00,6,6,10,14,45,410,212,D 956,,,Plein jour,En agglomération,Hors intersection,Pluie légère,Trois véhicules et plus - en chaîne,,,,,,,,,,,1,2,1,2,4
200600033843,0006-06-08 17:55:00,6,6,8,17,55,410,18,RN 152,,,Plein jour,En agglomération,Hors intersection,Normale,Deux véhicules - arrière,,,,,,,,,,,1,2,1,1,2
200600033844,0006-06-12 10:45:00,6,6,12,10,45,410,18,BUTTE (AVENUE DE LA),,,Plein jour,En agglomération,Intersection en X,Normale,Deux véhicules - côté,,,,,,,,,,,1,2,2,1,3
200600033845,0006-06-13 17:40:00,6,6,13,17,40,410,18,"0, VENDOME (AVENUE DE)",,,Plein jour,En agglomération,Hors intersection,Normale,Deux véhicules - arrière,,,,,,,,,,,1,2,1,1,2
200600033846,0006-06-13 21:20:00,6,6,13,21,20,410,18,LEWES (RUE DE),,,Plein jour,En agglomération,Hors intersection,Normale,Deux véhicules - côté,,,,,,,,,,,1,2,1,1,3
200600033847,0006-06-14 10:56:00,6,6,14,10,56,410,18,"22, LUMIERE (RUE LOUIS E",,,Plein jour,En agglomération,Hors intersection,Normale,Autre collision,,,,,,,,,,,1,2,1,1,6
200600033848,0006-06-14 19:50:00,6,6,14,19,50,410,47,GATINETTES (RUE DES),,,Plein jour,En agglomération,Hors intersection,Normale,Autre collision,,,,,,,,,,,1,2,1,1,6
200600033849,0006-06-15 18:06:00,6,6,15,18,6,410,18,CITES UNIES (BOULEVARD D,,,Plein jour,En agglomération,Giratoire,Normale,Deux véhicules - côté,,,,,,,,,,,1,2,6,1,3
200600033850,0006-06-16 00:15:00,6,6,16,0,15,410,18,"57, CONTANT (QUAI AMEDEE",,,Nuit avec éclairage allumé,En agglomération,Hors intersection,Normale,Autre collision,,,,,,,,,,,5,2,1,1,6
200600033851,0006-06-17 12:50:00,6,6,17,12,50,410,212,DUBOIS (RUE GERARD),,,Plein jour,En agglomération,Intersection en X,Normale,Deux véhicules - côté,,,,,,,,,,,1,2,2,1,3
200600033852,0006-06-19 15:36:00,6,6,19,15,36,410,18,ONZE ARPENTS (RUE DES),,,Plein jour,En agglomération,Intersection en T,Normale,Deux véhicules - côté,,,,,,,,,,,1,2,3,1,3
200600033853,0006-06-19 18:40:00,6,6,19,18,40,410,18,RN 152,,,Plein jour,En agglomération,Hors intersection,Normale,Deux véhicules - côté,,,,,,,,,,,1,2,1,1,3
200600033854,0006-06-23 08:10:00,6,6,23,8,10,410,18,VENDOME (AVENUE DE),,,Plein jour,En agglomération,Hors intersection,Normale,Deux véhicules - côté,,,,,,,,,,,1,2,1,1,3
200600033855,0006-06-25 16:15:00,6,6,25,16,15,410,18,CHATEAUDUN (AVENUE DE),,,Plein jour,En agglomération,Hors intersection,Pluie légère,Deux véhicules - arrière,,,,,,,,,,,1,2,1,2,2
200600033856,0006-06-26 11:58:00,6,6,26,11,58,410,18,INDUSTRIE (BOULEVARD DE,,,Plein jour,En agglomération,Hors intersection,Normale,Deux véhicules - côté,,,,,,,,,,,1,2,1,1,3
200600033857,0006-06-30 15:44:00,6,6,30,15,44,410,212,NATIONALE (ROUTE),,,Plein jour,En agglomération,Hors intersection,Normale,Deux véhicules - arrière,,,,,,,,,,,1,2,1,1,2
200600033858,0006-06-05 20:10:00,6,6,5,20,10,410,194,"19, FAVIGNOLLES (AVENUE",,,Plein jour,En agglomération,Intersection en X,Normale,Deux véhicules - côté,,,,,,,,,,,1,2,2,1,3
200600033859,0006-06-19 23:00:00,6,6,19,23,0,410,269,"., MAILLETTES (RUE DES)",,,Nuit avec éclairage allumé,En agglomération,Hors intersection,Normale,Sans collision,,,,,,,,,,,5,2,1,1,7
200600033860,0006-06-20 21:25:00,6,6,20,21,25,410,269,RN 10,,,Nuit sans éclairage public,En agglomération,Hors intersection,Normale,Sans collision,,,,,,,,,,,3,2,1,1,7
200600033861,0006-06-22 13:30:00,6,6,22,13,30,410,158,"., ROUTE DEPARTEMENTALE",,,Plein jour,Hors agglomération,Intersection en X,Normale,Trois véhicules et plus - collisions multiples,,,,,,,,,,,1,1,2,1,5
200600033862,0006-06-13 23:15:00,6,6,13,23,15,420,316,"29, RECLUS (RUE ELYSEE)",,,Nuit sans éclairage public,En agglomération,Hors intersection,Normale,Deux véhicules - côté,,,,,,,,,,,3,2,1,1,3
200600033863,0006-06-19 18:25:00,6,6,19,18,25,420,44,"29, HURFE (RUE HONORE D'",,,Plein jour,En agglomération,Intersection en X,Pluie légère,Deux véhicules - frontale,,,,,,,,,,,1,2,2,2,1
200600033864,0006-06-30 18:50:00,6,6,30,18,50,420,95,"3, FERRE (PLACE)",,,Plein jour,En agglomération,Place,Normale,Autre collision,,,,,,,,,,,1,2,7,1,6
200600033865,0006-06-20 12:35:00,6,6,20,12,35,420,147,"1, CHAMPDIEU (RUE DE)",,,Plein jour,En agglomération,Intersection en Y,Normale,Sans collision,,,,,,,,,,,1,2,4,1,7
200600033866,0006-06-06 14:30:00,6,6,6,14,30,420,299,"58, LYON (RUE DE )",,,Plein jour,En agglomération,Hors intersection,Normale,Deux véhicules - frontale,,,,,,,,,,,1,2,1,1,1
200600033867,0006-06-09 07:40:00,6,6,9,7,40,420,147,", REPUBLIQUE (RUE DE LA)",,,Plein jour,En agglomération,Hors intersection,Normale,Deux véhicules - côté,,,,,,,,,,,1,2,1,1,3
200600033868,0006-06-18 02:45:00,6,6,18,2,45,420,147,LIBERATION  (AVENUE),,,Nuit avec éclairage allumé,En agglomération,Hors intersection,Normale,Autre collision,,,,,,,,,,,5,2,1,1,6
200600033869,0006-06-26 16:45:00,6,6,26,16,45,420,147,"15, BEAUREGARD (RUE DE)",,,Plein jour,En agglomération,Hors intersection,Normale,Deux véhicules - arrière,,,,,,,,,,,1,2,1,1,2
200600033870,0006-06-27 20:50:00,6,6,27,20,50,420,299,"10, DUGUET (BOULEVARD)",,,Crépuscule ou aube,En agglomération,Hors intersection,Pluie forte,Deux véhicules - arrière,,,,,,,,,,,2,2,1,3,2
200600033871,0006-06-12 15:50:00,6,6,12,15,50,420,147,PIERRE A CHAUX (RUE),,,Plein jour,Hors agglomération,Hors intersection,Normale,Autre collision,,,,,,,,,,,1,1,1,1,6
200600033872,0006-06-03 17:45:00,6,6,3,17,45,420,225,ARC ROUTE DES,,,Plein jour,En agglomération,Hors intersection,Normale,Deux véhicules - côté,,,,,,,,,,,1,2,1,1,3
200600033873,0006-06-17 13:55:00,6,6,17,13,55,420,123,"09 bis, STADE RUE DU",,,Plein jour,En agglomération,Intersection en T,Normale,Autre collision,,,,,,,,,,,1,2,3,1,6
200600033874,0006-06-02 08:15:00,6,6,2,8,15,420,127,BRIENNON (RT DE),,,Plein jour,En agglomération,Hors intersection,Normale,Autre collision,,,,,,,,,,,1,2,1,1,6
200600033875,0006-06-03 19:25:00,6,6,3,19,25,420,187,"2, CENTRALE (AVENUE)",,,Plein jour,En agglomération,Intersection en X,Normale,Deux véhicules - côté,,,,,,,,,,,1,2,2,1,3
200600033876,0006-06-04 13:15:00,6,6,4,13,15,420,187,"85, SAINT-ALBAN (RUE DE",,,Plein jour,En agglomération,Intersection en X,Normale,Deux véhicules - côté,,,,,,,,,,,1,2,2,1,3
200600033877,0006-06-05 17:35:00,6,6,5,17,35,420,184,"20, POINCARE RAYMOND (RU",,,Plein jour,En agglomération,Intersection en X,Normale,Deux véhicules - côté,,,,,,,,,,,1,2,2,1,3
200600033878,0006-06-06 17:00:00,6,6,6,17,0,420,184,"356, BRIAND   ARISTIDE (",,,Plein jour,En agglomération,Intersection en T,Normale,Deux véhicules - côté,,,,,,,,,,,1,2,3,1,3
200600033879,0006-06-06 11:00:00,6,6,6,11,0,420,187,"20, ROCHARD (RUE FRANCIS",,,Plein jour,En agglomération,Hors intersection,Normale,Autre collision,,,,,,,,,,,1,2,1,1,6
200600033880,0006-06-07 17:40:00,6,6,7,17,40,420,187,"9, CIMETIERE (BOULEVARD",,,Plein jour,En agglomération,Intersection en Y,Normale,Deux véhicules - arrière,,,,,,,,,,,1,2,4,1,2
200600033881,0006-06-09 08:50:00,6,6,9,8,50,420,184,SAINT-ALBAN (RUE DE),,,Plein jour,En agglomération,Intersection en X,Normale,Deux véhicules - frontale,,,,,,,,,,,1,2,2,1,1
200600033882,0006-06-09 11:45:00,6,6,9,11,45,420,187,"20, Pont de la LOIRE",,,Plein jour,En agglomération,Hors intersection,Normale,Deux véhicules - côté,,,,,,,,,,,1,2,1,1,3
200600033883,0006-06-09 21:25:00,6,6,9,21,25,420,187,"1, MARECHAL JOFFRE (BOUL",,,Plein jour,En agglomération,Intersection en X,Normale,Deux véhicules - côté,,,,,,,,,,,1,2,2,1,3
200600033884,0006-06-10 22:05:00,6,6,10,22,5,420,187,"47, SEMARD (RUE PIERRE )",,,Nuit avec éclairage allumé,En agglomération,Hors intersection,Normale,Deux véhicules - côté,,,,,,,,,,,5,2,1,1,3
200600033885,0006-06-12 08:50:00,6,6,12,8,50,420,187,"3, BELGIQUE (BOULEVARD D",,,Plein jour,En agglomération,Hors intersection,Normale,Sans collision,,,,,,,,,,,1,2,1,1,7
200600033886,0006-06-12 11:00:00,6,6,12,11,0,420,187,"261, BRIENNON (ROUTE DE",,,Plein jour,En agglomération,Hors intersection,Normale,Autre collision,,,,,,,,,,,1,2,1,1,6
200600033887,0006-06-13 01:35:00,6,6,13,1,35,420,187,"2, REPUBLIQUE (COUR DE L",,,Nuit avec éclairage allumé,En agglomération,Intersection en X,Normale,Autre collision,,,,,,,,,,,5,2,2,1,6
200600033888,0006-06-11 17:00:00,6,6,11,17,0,420,187,"1, GIRAUD (RUE DU GENERA",,,Plein jour,En agglomération,Intersection en X,Normale,Deux véhicules - côté,,,,,,,,,,,1,2,2,1,3