accident_id,datetime,annee,mois,jour,heure,minute,departement,commune_insee,adresse,latitude,longitude,luminosite,agglomeration,intersection,meteo,collision,nb_vehicules,nb_usagers,nb_indemnes,nb_tues,nb_blesses_hosp,nb_blesses_legers,age_cond_1,age_cond_2,veh_type_cond_1,veh_type_cond_2,lum_code,agg_code,int_code,atm_code,col_code
200600033889,0006-06-11 17:30:00,6,6,11,17,30,420,187,"20, GIRAUD (RUE DU GENER",,,Plein jour,En agglomération,Hors intersection,Normale,Deux véhicules - côté,,,,,,,,,,,1,2,1,1,3
200600033890,0006-06-16 11:15:00,6,6,16,11,15,420,71,ETINES (BOULEVARD DES),,,Plein jour,En agglomération,Intersection en X,Normale,Deux véhicules - côté,,,,,,,,,,,1,2,2,1,3
200600033891,0006-06-16 17:10:00,6,6,16,17,10,420,187,"51, CLEMENT (BOULEVARD J",,,Plein jour,En agglomération,Hors intersection,Normale,Autre collision,,,,,,,,,,,1,2,1,1,6
200600033892,0006-06-19 12:30:00,6,6,19,12,30,420,184,"20, FARON JULES (RUE)",,,Plein jour,En agglomération,Giratoire,Normale,Deux véhicules - côté,,,,,,,,,,,1,2,6,1,3
200600033893,0006-06-20 07:30:00,6,6,20,7,30,420,184,"1, FOLLEREAU RAOUL (RUE)",,,Plein jour,En agglomération,Intersection en T,Normale,Trois véhicules et plus - collisions multiples,,,,,,,,,,,1,2,3,1,5
200600033894,0006-06-20 23:55:00,6,6,20,23,55,420,170,"1, LE POTEAU (LIEU DIT)",,,Nuit sans éclairage public,Hors agglomération,Hors intersection,Normale,Deux véhicules - côté,,,,,,,,,,,3,1,1,1,3
200600033895,0006-06-21 20:20:00,6,6,21,20,20,420,127,"61, FONTAINE JEAN  (RUE",,,Plein jour,En agglomération,Hors intersection,Normale,Deux véhicules - côté,,,,,,,,,,,1,2,1,1,3
200600033896,0006-06-01 13:40:00,6,6,1,13,40,420,218,"05, GOUNOD CHARLES",,,Plein jour,En agglomération,Hors intersection,Normale,Autre collision,,,,,,,,,,,1,2,1,1,6
200600033897,0006-06-05 10:15:00,6,6,5,10,15,420,218,"44, FAURIEL (COURS)",,,Plein jour,En agglomération,Intersection en T,Normale,Deux véhicules - côté,,,,,,,,,,,1,2,3,1,3
200600033898,0006-06-06 20:50:00,6,6,6,20,50,420,218,"3, FOCH MARECHAL (PLACE)",,,Plein jour,En agglomération,Hors intersection,Normale,Autre collision,,,,,,,,,,,1,2,1,1,6
200600033899,0006-06-06 22:30:00,6,6,6,22,30,420,218,MONTAT (DE LA) A PARTIR,,,Nuit avec éclairage allumé,En agglomération,Intersection en X,Normale,Autre collision,,,,,,,,,,,5,2,2,1,6
200600033900,0006-06-07 18:50:00,6,6,7,18,50,420,218,"9, ROBESPIERRE",,,Plein jour,En agglomération,Hors intersection,Normale,Autre collision,,,,,,,,,,,1,2,1,1,6
200600033901,0006-06-08 07:45:00,6,6,8,7,45,420,218,"4, SAUZEA HYPPOLYTE (COU",,,Plein jour,En agglomération,Intersection en T,Normale,Autre collision,,,,,,,,,,,1,2,3,1,6
200600033902,0006-06-08 17:57:00,6,6,8,17,57,420,218,"0000000001, NECKER",,,Plein jour,En agglomération,Giratoire,Normale,Autre collision,,,,,,,,,,,1,2,6,1,6
200600033903,0006-06-09 08:45:00,6,6,9,8,45,420,218,"43, MIMARD ETIENNE A PAR",,,Plein jour,En agglomération,Hors intersection,Normale,Autre collision,,,,,,,,,,,1,2,1,1,6
200600033904,0006-06-09 23:45:00,6,6,9,23,45,420,305,RN 498,,,Nuit avec éclairage allumé,Hors agglomération,Intersection à plus de 4 branches,Normale,Deux véhicules - côté,,,,,,,,,,,5,1,5,1,3
200600033905,0006-06-10 19:30:00,6,6,10,19,30,420,218,STALINGRAD (SQUARE),,,Plein jour,En agglomération,Hors intersection,Normale,Autre collision,,,,,,,,,,,1,2,1,1,6
200600033906,0006-06-10 20:25:00,6,6,10,20,25,420,218,ROCHER ROGER BOULEVARD,,,Plein jour,En agglomération,Hors intersection,Normale,Deux véhicules - côté,,,,,,,,,,,1,2,1,1,3
200600033907,0006-06-11 19:50:00,6,6,11,19,50,420,218,"1, HUSS JEAN",,,Plein jour,En agglomération,Intersection en X,Normale,Autre collision,,,,,,,,,,,1,2,2,1,6
200600033908,0006-06-13 17:30:00,6,6,13,17,30,420,218,JANIN JULES (BD) A PARTI,,,Plein jour,En agglomération,Hors intersection,Normale,Autre collision,,,,,,,,,,,1,2,1,1,6
200600033909,0006-06-14 08:15:00,6,6,14,8,15,420,218,"29, JANIN JULES (BD) DES",,,Plein jour,En agglomération,Hors intersection,Normale,Deux véhicules - arrière,,,,,,,,,,,1,2,1,1,2
200600033910,0006-06-15 12:15:00,6,6,15,12,15,420,218,"2, KNOBLAUCH LIEUTENANT",,,Plein jour,En agglomération,Intersection en X,Normale,Deux véhicules - côté,,,,,,,,,,,1,2,2,1,3
200600033911,0006-06-15 16:00:00,6,6,15,16,0,420,218,CUGNOT,,,Plein jour,En agglomération,Hors intersection,Normale,Autre collision,,,,,,,,,,,1,2,1,1,6
200600033912,0006-06-16 08:57:00,6,6,16,8,57,420,218,"63, CHARCOT DOCTEURS A P",,,Plein jour,En agglomération,Hors intersection,Temps couvert,Deux véhicules - arrière,,,,,,,,,,,1,2,1,8,2
200600033913,0006-06-17 16:00:00,6,6,17,16,0,420,218,Départementale,,,Plein jour,Hors agglomération,Hors intersection,Normale,Deux véhicules - frontale,,,,,,,,,,,1,1,1,1,1
200600033914,0006-06-19 14:15:00,6,6,19,14,15,420,218,GUTENBERG JUSQU'AUX N° 2,,,Plein jour,En agglomération,Intersection en X,Normale,Autre collision,,,,,,,,,,,1,2,2,1,6
200600033915,0006-06-19 14:30:00,6,6,19,14,30,420,218,MUSSET ALFRED DE (BD) JU,,,Plein jour,En agglomération,Intersection en T,Normale,Autre collision,,,,,,,,,,,1,2,3,1,6
200600033916,0006-06-25 22:30:00,6,6,25,22,30,420,218,"0000000001, JANIN JULES",,,Nuit avec éclairage allumé,En agglomération,Intersection en X,Normale,Trois véhicules et plus - collisions multiples,,,,,,,,,,,5,2,2,1,5
200600033917,0006-06-26 14:20:00,6,6,26,14,20,420,218,"0000000001, VERNEY CARRO",,,Plein jour,En agglomération,Intersection en X,Normale,Deux véhicules - côté,,,,,,,,,,,1,2,2,1,3
200600033918,0006-06-28 18:30:00,6,6,28,18,30,420,218,"18, MASSENET (PLACE)",,,Plein jour,En agglomération,Hors intersection,Normale,Autre collision,,,,,,,,,,,1,2,1,1,6
200600033919,0006-06-29 16:37:00,6,6,29,16,37,420,218,"1, CHARCOT DOCTEURS A PA",,,Plein jour,En agglomération,Hors intersection,Normale,Autre collision,,,,,,,,,,,1,2,1,1,6
200600033920,0006-06-29 08:59:00,6,6,29,8,59,420,218,"87, ALLIES JUSQU'AUX N°",,,Plein jour,En agglomération,Hors intersection,Normale,Autre collision,,,,,,,,,,,1,2,1,1,6
200600033921,0006-06-29 16:50:00,6,6,29,16,50,420,218,"1, FLEMING ALEXANDER",,,Plein jour,En agglomération,Hors intersection,Normale,Deux véhicules - frontale,,,,,,,,,,,1,2,1,1,1
200600033922,0006-06-30 11:00:00,6,6,30,11,0,420,189,"35, BRAILLE LOUIS (BOULE",,,Plein jour,En agglomération,Hors intersection,Normale,Deux véhicules - arrière,,,,,,,,,,,1,2,1,1,2
200600033923,0006-06-29 16:42:00,6,6,29,16,42,420,218,"2, MUSSET ALFRED DE (BD)",,,Plein jour,En agglomération,Intersection en T,Normale,Deux véhicules - côté,,,,,,,,,,,1,2,3,1,3
200600033924,0006-06-09 12:05:00,6,6,9,12,5,430,157,JOFFRE (BD. MARECHAL),,,Plein jour,En agglomération,Hors intersection,Normale,Autre collision,,,,,,,,,,,1,2,1,1,6
200600033925,0006-06-20 13:45:00,6,6,20,13,45,430,251,"01, JEANNE D'ARC (AVENUE",,,Plein jour,En agglomération,Intersection en X,Normale,Deux véhicules - côté,,,,,,,,,,,1,2,2,1,3
200600033926,0006-06-24 15:00:00,6,6,24,15,0,430,46,"16, MONTEE DE CHADRAC",,,Plein jour,En agglomération,Hors intersection,Temps couvert,Deux véhicules - frontale,,,,,,,,,,,1,2,1,8,1
200600033927,0006-06-28 14:00:00,6,6,28,14,0,430,157,JOFFRE (BD. MARECHAL),,,Plein jour,En agglomération,Intersection à plus de 4 branches,Normale,Deux véhicules - côté,,,,,,,,,,,1,2,5,1,3
200600033928,0006-06-09 17:30:00,6,6,9,17,30,440,55,"21, OCÉAN ( BOULEVARD DE",,,Plein jour,En agglomération,Hors intersection,Normale,Autre collision,,,,,,,,,,,1,2,1,1,6
200600033929,0006-06-11 04:00:00,6,6,11,4,0,440,55,"1, HOCHE ( AVENUE )",,,Nuit avec éclairage allumé,En agglomération,Intersection en X,Normale,Trois véhicules et plus - collisions multiples,,,,,,,,,,,5,2,2,1,5
200600033930,0006-06-01 08:00:00,6,6,1,8,0,440,132,"1, PORT (BOULEVARD DU)",,,Plein jour,En agglomération,Hors intersection,Normale,Deux véhicules - côté,,,,,,,,,,,1,2,1,1,3
200600033931,0006-06-02 08:19:00,6,6,2,8,19,440,55,"32, ETOILE ( AVENUE DE L",,,Plein jour,En agglomération,Hors intersection,Normale,Autre collision,,,,,,,,,,,1,2,1,1,6
200600033932,0006-06-02 22:00:00,6,6,2,22,0,440,132,"16, BONNE SOURCE (AVENUE",,,Crépuscule ou aube,En agglomération,Hors intersection,Normale,Deux véhicules - frontale,,,,,,,,,,,2,2,1,1,1
200600033933,0006-06-06 11:45:00,6,6,6,11,45,440,55,BERTHO ( RUE HENRI ),,,Plein jour,En agglomération,Giratoire,Normale,Sans collision,,,,,,,,,,,1,2,6,1,7
200600033934,0006-06-07 13:20:00,6,6,7,13,20,440,55,"79, LILAS ( AVENUE DES )",,,Plein jour,En agglomération,Intersection en X,Normale,Deux véhicules - côté,,,,,,,,,,,1,2,2,1,3
200600033935,0006-06-11 13:05:00,6,6,11,13,5,440,55,"1, CAILLAUD ( BOULEVARD",,,Plein jour,En agglomération,Hors intersection,Pluie légère,Sans collision,,,,,,,,,,,1,2,1,2,7
200600033936,0006-06-16 18:50:00,6,6,16,18,50,440,55,"1, REIMS ( PLACE DE )",,,Plein jour,En agglomération,Hors intersection,Normale,Sans collision,,,,,,,,,,,1,2,1,1,7
200600033937,0006-06-23 12:25:00,6,6,23,12,25,440,55,"113, CAILLAUD ( BOULEVAR",,,Plein jour,En agglomération,Hors intersection,Normale,Autre collision,,,,,,,,,,,1,2,1,1,6
200600033938,0006-06-28 10:30:00,6,6,28,10,30,440,55,"1, FOCH ( AVENUE DU MARÉ",,,Plein jour,En agglomération,Hors intersection,Normale,Autre collision,,,,,,,,,,,1,2,1,1,6
200600033939,0006-06-28 11:45:00,6,6,28,11,45,440,55,DARLU ( BOULEVARD ),,,Plein jour,En agglomération,Hors intersection,Normale,Autre collision,,,,,,,,,,,1,2,1,1,6
200600033940,0006-06-30 12:50:00,6,6,30,12,50,440,55,BERTHO ( RUE HENRI ),,,Plein jour,En agglomération,Hors intersection,Normale,Deux véhicules - frontale,,,,,,,,,,,1,2,1,1,1
200600033941,0006-06-06 17:40:00,6,6,6,17,40,440,109,"1, ROUTE DE PARIS",,,Plein jour,En agglomération,Hors intersection,Normale,Deux véhicules - côté,,,,,,,,,,,1,2,1,1,3
200600033942,0006-06-02 09:00:00,6,6,2,9,0,440,109,"1, RUE PAUL BELLAMY",,,Plein jour,En agglomération,Hors intersection,Normale,Deux véhicules - côté,,,,,,,,,,,1,2,1,1,3
200600033943,0006-06-04 07:05:00,6,6,4,7,5,440,109,"184, BOULEVARD JULES VER",,,Plein jour,En agglomération,Hors intersection,Normale,Autre collision,,,,,,,,,,,1,2,1,1,6
200600033944,0006-06-06 07:45:00,6,6,6,7,45,440,109,"., BOULEVARD LEON BUREAU",,,Plein jour,En agglomération,Hors intersection,Normale,Sans collision,,,,,,,,,,,1,2,1,1,7
200600033945,0006-06-06 17:00:00,6,6,6,17,0,440,162,"1, ALLEE BOUGAINVILLE",,,Plein jour,En agglomération,Hors intersection,Normale,Autre collision,,,,,,,,,,,1,2,1,1,6
200600033946,0006-06-03 07:00:00,6,6,3,7,0,440,109,RUE GAMBETTA,,,Plein jour,En agglomération,Intersection en X,Temps éblouissant,Autre collision,,,,,,,,,,,1,2,2,7,6
200600033947,0006-06-02 05:45:00,6,6,2,5,45,440,109,ROND-POINT DE PARIS,,,Nuit avec éclairage allumé,En agglomération,Giratoire,Normale,Autre collision,,,,,,,,,,,5,2,6,1,6
200600033948,0006-06-07 13:15:00,6,6,7,13,15,440,109,"., BOULEVARD GUY MOLLET",,,Plein jour,En agglomération,Hors intersection,Normale,Deux véhicules - arrière,,,,,,,,,,,1,2,1,1,2
200600033949,0006-06-07 10:00:00,6,6,7,10,0,440,109,"6, QUAI CEINERAY",,,Plein jour,En agglomération,Hors intersection,Normale,Autre collision,,,,,,,,,,,1,2,1,1,6
200600033950,0006-06-08 14:20:00,6,6,8,14,20,440,109,"1, RUE JEAN JAURES",,,Plein jour,En agglomération,Hors intersection,Normale,Autre collision,,,,,,,,,,,1,2,1,1,6
200600033951,0006-06-08 11:55:00,6,6,8,11,55,440,109,"38, RUE DU BREIL",,,Plein jour,En agglomération,Hors intersection,Normale,Autre collision,,,,,,,,,,,1,2,1,1,6
200600033952,0006-06-01 13:40:00,6,6,1,13,40,440,162,"1, AVENUE DES NAUDIERES",,,Plein jour,En agglomération,Hors intersection,Normale,Autre collision,,,,,,,,,,,1,2,1,1,6
200600033953,0006-06-09 11:15:00,6,6,9,11,15,440,109,"44, RUE CAMILLE DESMOULI",,,Plein jour,En agglomération,Hors intersection,Normale,Autre collision,,,,,,,,,,,1,2,1,1,6
200600033954,0006-06-12 08:50:00,6,6,12,8,50,440,109,"3, COURS DES 50 OTAGES",,,Plein jour,En agglomération,Hors intersection,Normale,Autre collision,,,,,,,,,,,1,2,1,1,6
200600033955,0006-06-10 14:50:00,6,6,10,14,50,440,162,"., RN 165",,,Plein jour,Hors agglomération,Hors intersection,Normale,Deux véhicules - arrière,,,,,,,,,,,1,1,1,1,2
200600033956,0006-06-12 19:40:00,6,6,12,19,40,440,109,"1, LADMIRAULT (PL)",,,Plein jour,En agglomération,Hors intersection,Normale,Autre collision,,,,,,,,,,,1,2,1,1,6
200600033957,0006-06-13 12:35:00,6,6,13,12,35,440,109,"48, BOULEVARD DE DOULON",,,Plein jour,En agglomération,Hors intersection,Normale,Autre collision,,,,,,,,,,,1,2,1,1,6
200600033958,0006-06-15 16:55:00,6,6,15,16,55,440,109,RUE PITRE CHEVALIER,,,Plein jour,En agglomération,Hors intersection,Normale,Autre collision,,,,,,,,,,,1,2,1,1,6
200600033959,0006-06-15 16:40:00,6,6,15,16,40,440,109,"2, RUE VOLTAIRE",,,Plein jour,En agglomération,Hors intersection,Normale,Autre collision,,,,,,,,,,,1,2,1,1,6
200600033960,0006-06-17 09:30:00,6,6,17,9,30,440,109,"9, RUE FRANCOIS JOSEPH T",,,Plein jour,En agglomération,Hors intersection,Normale,Deux véhicules - arrière,,,,,,,,,,,1,2,1,1,2
200600033961,0006-06-17 18:05:00,6,6,17,18,5,440,109,RUE GENERAL LECLERC DE H,,,Plein jour,En agglomération,Hors intersection,Normale,Deux véhicules - côté,,,,,,,,,,,1,2,1,1,3
200600033962,0006-06-17 19:00:00,6,6,17,19,0,440,109,"., RUE LAMARTINE",,,Plein jour,En agglomération,Intersection en X,Normale,Sans collision,,,,,,,,,,,1,2,2,1,7
200600033963,0006-06-18 11:45:00,6,6,18,11,45,440,109,"99, RUE PAUL BELLAMY",,,Plein jour,En agglomération,Hors intersection,Normale,Deux véhicules - arrière,,,,,,,,,,,1,2,1,1,2
200600033964,0006-06-18 05:30:00,6,6,18,5,30,440,114,RD 965,,,Crépuscule ou aube,Hors agglomération,Hors intersection,Normale,Autre collision,,,,,,,,,,,2,1,1,1,6
200600033965,0006-06-18 05:00:00,6,6,18,5,0,440,162,"1, RUE JEAN MONNET",,,Nuit sans éclairage public,En agglomération,Hors intersection,Normale,Sans collision,,,,,,,,,,,3,2,1,1,7
200600033966,0006-06-20 11:15:00,6,6,20,11,15,440,109,"1, RUE ARMAND BROSSARD",,,Plein jour,En agglomération,Intersection en X,Normale,Autre collision,,,,,,,,,,,1,2,2,1,6
200600033967,0006-06-21 13:10:00,6,6,21,13,10,440,109,"., BOULEVARD DE CARDIFF",,,Plein jour,En agglomération,Hors intersection,Pluie légère,Deux véhicules - côté,,,,,,,,,,,1,2,1,2,3
200600033968,0006-06-22 04:40:00,6,6,22,4,40,440,109,"00, RUE STANISLAS BAUDRY",,,Nuit avec éclairage allumé,En agglomération,Autre intersection,Normale,Autre collision,,,,,,,,,,,5,2,9,1,6
200600033969,0006-06-22 13:40:00,6,6,22,13,40,440,114,"0, AVENUE DE LA PAQUELAI",,,Plein jour,En agglomération,Giratoire,Normale,Deux véhicules - côté,,,,,,,,,,,1,2,6,1,3
200600033970,0006-06-23 08:40:00,6,6,23,8,40,440,109,QUAI DE MALAKOFF,,,Plein jour,En agglomération,Intersection en X,Normale,Autre collision,,,,,,,,,,,1,2,2,1,6
200600033971,0006-06-23 11:50:00,6,6,23,11,50,440,109,"89, RUE DE LA DURANTIERE",,,Plein jour,En agglomération,Hors intersection,Normale,Deux véhicules - côté,,,,,,,,,,,1,2,1,1,3
200600033972,0006-06-23 12:30:00,6,6,23,12,30,440,109,"46-48, BOULEVARD PASTEUR",,,Plein jour,En agglomération,Hors intersection,Normale,Deux véhicules - arrière,,,,,,,,,,,1,2,1,1,2
200600033973,0006-06-24 13:50:00,6,6,24,13,50,440,109,BOULEVARD LEON JOUHAUX,,,Plein jour,En agglomération,Hors intersection,Normale,Autre collision,,,,,,,,,,,1,2,1,1,6
200600033974,0006-06-26 08:26:00,6,6,26,8,26,440,109,"., BOULEVARD PRESIDENT R",,,Plein jour,En agglomération,Hors intersection,Pluie légère,Sans collision,,,,,,,,,,,1,2,1,2,7
200600033975,0006-06-24 02:05:00,6,6,24,2,5,440,162,RUE KONRAD ADENAUER,,,Nuit avec éclairage non allumé,En agglomération,Hors intersection,Normale,Deux véhicules - frontale,,,,,,,,,,,4,2,1,1,1
200600033976,0006-06-23 19:00:00,6,6,23,19,0,440,109,"12, BOULEVARD BOULAY PAT",,,Plein jour,En agglomération,Hors intersection,Normale,Autre collision,,,,,,,,,,,1,2,1,1,6
200600033977,0006-06-27 08:15:00,6,6,27,8,15,440,109,"06, RUE SAINT MIHIEL",,,Plein jour,En agglomération,Hors intersection,Normale,Autre collision,,,,,,,,,,,1,2,1,1,6
200600033978,0006-06-27 19:00:00,6,6,27,19,0,440,109,BOULEVARD DE LA PRAIRIE,,,Plein jour,Hors agglomération,Hors intersection,Normale,Autre collision,,,,,,,,,,,1,1,1,1,6
200600033979,0006-06-28 14:45:00,6,6,28,14,45,440,109,"99, BOULEVARD DE LONGCHA",,,Plein jour,En agglomération,Hors intersection,Normale,Autre collision,,,,,,,,,,,1,2,1,1,6
200600033980,0006-06-28 21:50:00,6,6,28,21,50,440,109,"170, BOULEVARD JULES VER",,,Crépuscule ou aube,En agglomération,Hors intersection,Normale,Autre collision,,,,,,,,,,,2,2,1,1,6
200600033981,0006-06-27 08:52:00,6,6,27,8,52,440,109,"13, RUE FRANCOIS FARINEA",,,Plein jour,En agglomération,Hors intersection,Normale,Trois véhicules et plus - collisions multiples,,,,,,,,,,,1,2,1,1,5
200600033982,0006-06-29 12:40:00,6,6,29,12,40,440,109,"1, BOULEVARD GUSTAVE ROC",,,Plein jour,En agglomération,Hors intersection,Normale,Autre collision,,,,,,,,,,,1,2,1,1,6
200600033983,0006-06-28 17:35:00,6,6,28,17,35,440,162,"7, RUE ALFRED NOBEL",,,Plein jour,En agglomération,Hors intersection,Normale,Autre collision,,,,,,,,,,,1,2,1,1,6
200600033984,0006-06-28 11:07:00,6,6,28,11,7,440,114,"250, ROUTE DE VANNES",,,Plein jour,En agglomération,Hors intersection,Normale,Deux véhicules - arrière,,,,,,,,,,,1,2,1,1,2
200600033985,0006-06-30 19:45:00,6,6,30,19,45,440,109,"9, LADMIRAULT (PL)",,,Plein jour,En agglomération,Hors intersection,Normale,Autre collision,,,,,,,,,,,1,2,1,1,6
200600033986,0006-06-30 15:25:00,6,6,30,15,25,440,109,"1, BOULEVARD PRESIDENT R",,,Plein jour,En agglomération,Hors intersection,Normale,Autre collision,,,,,,,,,,,1,2,1,1,6
200600033987,0006-06-17 16:40:00,6,6,17,16,40,440,109,", RUE DES RENARDS",,,Plein jour,En agglomération,Hors intersection,Normale,Autre collision,,,,,,,,,,,1,2,1,1,6
200600033988,0006-06-02 12:50:00,6,6,2,12,50,440,184,RD 492 DU PONT BD HÔPITA,,,Plein jour,En agglomération,Hors intersection,Normale,Deux véhicules - frontale,,,,,,,,,,,1,2,1,1,1
200600033989,0006-06-04 02:05:00,6,6,4,2,5,440,184,"93, SAINT-MARC (ROUTE DE",,,Nuit sans éclairage public,En agglomération,Hors intersection,Normale,Deux véhicules - côté,,,,,,,,,,,3,2,1,1,3
200600033990,0006-06-04 17:07:00,6,6,4,17,7,440,184,HOUSSAIE (ALLÉE DE LA),,,Plein jour,En agglomération,Hors intersection,Normale,Deux véhicules - côté,,,,,,,,,,,1,2,1,1,3
200600033991,0006-06-05 11:45:00,6,6,5,11,45,440,184,MOULIN DE LA BUTTE (BOUL,,,Plein jour,En agglomération,Intersection en X,Normale,Deux véhicules - côté,,,,,,,,,,,1,2,2,1,3
200600033992,0006-06-04 18:15:00,6,6,4,18,15,440,184,PARÉ (RUE AMBROISE),,,Plein jour,En agglomération,Hors intersection,Normale,Deux véhicules - côté,,,,,,,,,,,1,2,1,1,3
200600033993,0006-06-09 16:00:00,6,6,9,16,0,440,184,"48, HUGO (BOULEVARD VICT",,,Plein jour,En agglomération,Hors intersection,Normale,Sans collision,,,,,,,,,,,1,2,1,1,7
200600033994,0006-06-11 18:20:00,6,6,11,18,20,440,184,LILAS (ALLÉE DES),,,Plein jour,En agglomération,Intersection en X,Normale,Deux véhicules - côté,,,,,,,,,,,1,2,2,1,3
200600033995,0006-06-12 10:20:00,6,6,12,10,20,440,184,COMMANDIERES (ROUTE DES),,,Plein jour,En agglomération,Hors intersection,Normale,Deux véhicules - côté,,,,,,,,,,,1,2,1,1,3
200600033996,0006-06-18 00:01:00,6,6,18,0,1,440,184,MAINE (RUE DU) DU 01 AU,,,Nuit avec éclairage allumé,En agglomération,Intersection en X,Normale,Deux véhicules - côté,,,,,,,,,,,5,2,2,1,3
200600033997,0006-06-20 17:50:00,6,6,20,17,50,440,184,GÂTÉ (RUE DU CDT) DU 01,,,Plein jour,En agglomération,Intersection en X,Normale,Deux véhicules - côté,,,,,,,,,,,1,2,2,1,3
200600033998,0006-06-22 12:00:00,6,6,22,12,0,440,184,"09, GUINDREFF (ROUTE DE)",,,Plein jour,Hors agglomération,Intersection en T,Normale,Deux véhicules - côté,,,,,,,,,,,1,1,3,1,3
200600033999,0006-06-24 20:40:00,6,6,24,20,40,440,184,"17, MARSAC (ROUTE DE)",,,Plein jour,En agglomération,Hors intersection,Normale,Deux véhicules - frontale,,,,,,,,,,,1,2,1,1,1
200600034000,0006-06-04 09:25:00,6,6,4,9,25,450,4,SAINT FIRMIN DES VIGNES,,,Plein jour,En agglomération,Intersection en T,Normale,Deux véhicules - côté,,,,,,,,,,,1,2,3,1,3
200600034001,0006-06-22 08:15:00,6,6,22,8,15,450,68,"28, LECLERC (AVENUE DU G",,,Plein jour,En agglomération,Autre intersection,Normale,Deux véhicules - côté,,,,,,,,,,,1,2,9,1,3
200600034002,0006-06-25 12:55:00,6,6,25,12,55,450,4,RN7 Carrières ROLAND,,,Plein jour,Hors agglomération,Hors intersection,Pluie légère,Trois véhicules et plus - collisions multiples,,,,,,,,,,,1,1,1,2,5
200600034003,0006-06-27 17:15:00,6,6,27,17,15,450,208,ROUX-FEDRY (RUE),,,Plein jour,En agglomération,Intersection en X,Normale,Deux véhicules - côté,,,,,,,,,,,1,2,2,1,3
200600034004,0006-06-28 01:45:00,6,6,28,1,45,450,4,PAUCOURT (ROUTE DE),,,Nuit avec éclairage allumé,Hors agglomération,Hors intersection,Normale,Autre collision,,,,,,,,,,,5,1,1,1,6
200600034005,0006-06-01 11:45:00,6,6,1,11,45,450,284,AMPERE (AVENUE ),,,Plein jour,Hors agglomération,Intersection en X,Normale,Deux véhicules - côté,,,,,,,,,,,1,1,2,1,3
200600034006,0006-06-01 14:35:00,6,6,1,14,35,450,169,CHATEAU (RUE DU CHATEAU,,,Plein jour,En agglomération,Giratoire,Normale,Deux véhicules - côté,,,,,,,,,,,1,2,6,1,3
200600034007,0006-06-04 21:05:00,6,6,4,21,5,450,302,ORMES (ROUTE D'),,,Plein jour,En agglomération,Intersection en T,Normale,Deux véhicules - côté,,,,,,,,,,,1,2,3,1,3
200600034008,0006-06-06 07:40:00,6,6,6,7,40,450,234,"42, GRAND VILLIERS (RUE",,,Plein jour,En agglomération,Hors intersection,Normale,Autre collision,,,,,,,,,,,1,2,1,1,6
200600034009,0006-06-06 10:50:00,6,6,6,10,50,450,234,"86, OLIVET (ROUTE D'OLIV",,,Plein jour,En agglomération,Intersection en T,Normale,Deux véhicules - côté,,,,,,,,,,,1,2,3,1,3
200600034010,0006-06-07 21:30:00,6,6,7,21,30,450,147,"12, BERTHELOT (RUE MARCE",,,Plein jour,En agglomération,Intersection en T,Normale,Deux véhicules - côté,,,,,,,,,,,1,2,3,1,3
200600034011,0006-06-08 17:55:00,6,6,8,17,55,450,234,JAURES (BOULEVARD JEAN ),,,Plein jour,En agglomération,Hors intersection,Normale,Trois véhicules et plus - en chaîne,,,,,,,,,,,1,2,1,1,4
200600034012,0006-06-11 15:45:00,6,6,11,15,45,450,308,"129, BIGNON (RUE DU)",,,Plein jour,En agglomération,Hors intersection,Normale,Autre collision,,,,,,,,,,,1,2,1,1,6
200600034013,0006-06-10 19:00:00,6,6,10,19,0,450,234,"55, MARTIN (BOULEVARD AL",,,Plein jour,En agglomération,Intersection en X,Normale,Deux véhicules - côté,,,,,,,,,,,1,2,2,1,3
200600034014,0006-06-10 17:45:00,6,6,10,17,45,450,234,"08, PARIS (AVENUE DE)",,,Plein jour,En agglomération,Hors intersection,Normale,Autre collision,,,,,,,,,,,1,2,1,1,6
200600034015,0006-06-11 03:10:00,6,6,11,3,10,450,284,"74, PAIX (AVENUE DE LA)",,,Nuit avec éclairage allumé,En agglomération,Intersection en X,Normale,Deux véhicules - côté,,,,,,,,,,,5,2,2,1,3
200600034016,0006-06-12 08:10:00,6,6,12,8,10,450,234,"07, DUNOIS (PLACE)",,,Plein jour,En agglomération,Place,Normale,Autre collision,,,,,,,,,,,1,2,7,1,6
200600034017,0006-06-12 09:40:00,6,6,12,9,40,450,232,"20, R.N. 271",,,Crépuscule ou aube,Hors agglomération,Hors intersection,Normale,Autre collision,,,,,,,,,,,2,1,1,1,6
200600034018,0006-06-12 12:22:00,6,6,12,12,22,450,302,"105, SABLONNIERES (RUE D",,,Plein jour,En agglomération,Intersection en T,Normale,Deux véhicules - arrière,,,,,,,,,,,1,2,3,1,2
200600034019,0006-06-14 08:10:00,6,6,14,8,10,450,234,"275, FAUBOURG SAINT VINC",,,Plein jour,En agglomération,Autre intersection,Normale,Deux véhicules - côté,,,,,,,,,,,1,2,9,1,3
200600034020,0006-06-14 14:30:00,6,6,14,14,30,450,234,"145, FAUBOURG BANNIER (R",,,Plein jour,En agglomération,Intersection en X,Normale,Deux véhicules - côté,,,,,,,,,,,1,2,2,1,3
200600034021,0006-06-17 01:10:00,6,6,17,1,10,450,284,"97, CURIE (AVENUE PIERRE",,,Nuit avec éclairage allumé,En agglomération,Hors intersection,Normale,Autre collision,,,,,,,,,,,5,2,1,1,6
200600034022,0006-06-17 17:20:00,6,6,17,17,20,450,234,"07, MUNSTER (AVENUE DE)",,,Plein jour,En agglomération,Hors intersection,Normale,Autre collision,,,,,,,,,,,1,2,1,1,6