accident_id,datetime,annee,mois,jour,heure,minute,departement,commune_insee,adresse,latitude,longitude,luminosite,agglomeration,intersection,meteo,collision,nb_vehicules,nb_usagers,nb_indemnes,nb_tues,nb_blesses_hosp,nb_blesses_legers,age_cond_1,age_cond_2,veh_type_cond_1,veh_type_cond_2,lum_code,agg_code,int_code,atm_code,col_code
200600034023,0006-06-16 17:40:00,6,6,16,17,40,450,234,"face 07, CHARLES LE CHAU",,,Plein jour,En agglomération,Hors intersection,Normale,Autre collision,,,,,,,,,,,1,2,1,1,6
200600034024,0006-06-19 13:45:00,6,6,19,13,45,450,234,"138, CHATEAUDUN (BOULEVA",,,Plein jour,En agglomération,Hors intersection,Normale,Deux véhicules - arrière,,,,,,,,,,,1,2,1,1,2
200600034025,0006-06-21 21:30:00,6,6,21,21,30,450,302,GIDY (ROUTE DE GIDY),,,Crépuscule ou aube,Hors agglomération,Hors intersection,Normale,Sans collision,,,,,,,,,,,2,1,1,1,7
200600034026,0006-06-21 23:30:00,6,6,21,23,30,450,234,FAUBOURG BANNIER (RUE DU,,,Nuit avec éclairage allumé,En agglomération,Intersection en T,Normale,Autre collision,,,,,,,,,,,5,2,3,1,6
200600034027,0006-06-22 20:00:00,6,6,22,20,0,450,234,"69, BOURG (ALLEE ANNE DU",,,Plein jour,En agglomération,Intersection en T,Normale,Autre collision,,,,,,,,,,,1,2,3,1,6
200600034028,0006-06-22 07:35:00,6,6,22,7,35,450,234,"14, REPUBLIQUE (RUE DE L",,,Plein jour,En agglomération,Hors intersection,Normale,Autre collision,,,,,,,,,,,1,2,1,1,6
200600034029,0006-06-27 18:00:00,6,6,27,18,0,450,274,"781, SAINT DENIS  (RUE D",,,Plein jour,En agglomération,Hors intersection,Normale,Deux véhicules - arrière,,,,,,,,,,,1,2,1,1,2
200600034030,0006-06-28 01:05:00,6,6,28,1,5,450,234,GENEVOIX (RUE MAURICE GE,,,Nuit avec éclairage allumé,En agglomération,Giratoire,Normale,Autre collision,,,,,,,,,,,5,2,6,1,6
200600034031,0006-06-28 10:50:00,6,6,28,10,50,450,284,"25, ROSTAND (BOULEVARD J",,,Plein jour,En agglomération,Autre intersection,Normale,Deux véhicules - arrière,,,,,,,,,,,1,2,9,1,2
200600034032,0006-06-29 08:20:00,6,6,29,8,20,450,234,"23, HAUT SENTIER (CHEMIN",,,Plein jour,En agglomération,Hors intersection,Normale,Deux véhicules - arrière,,,,,,,,,,,1,2,1,1,2
200600034033,0006-06-03 12:50:00,6,6,3,12,50,460,42,"1, PEYROLIS (CHEMIN DE)",,,Plein jour,Hors agglomération,Hors intersection,Normale,Deux véhicules - frontale,,,,,,,,,,,1,1,1,1,1
200600034034,0006-06-30 10:05:00,6,6,30,10,5,460,42,"15, GAMBETTA (BOULEVARD",,,Plein jour,En agglomération,Intersection en X,Normale,Autre collision,,,,,,,,,,,1,2,2,1,6
200600034035,0006-06-05 23:10:00,6,6,5,23,10,470,1,REPUBLIQUE (BOULEVARD DE,,,Nuit avec éclairage allumé,En agglomération,Hors intersection,Normale,Deux véhicules - arrière,,,,,,,,,,,5,2,1,1,2
200600034036,0006-06-06 07:56:00,6,6,6,7,56,470,1,LIBERTE (BOULEVARD DE LA,,,Plein jour,En agglomération,Intersection en T,Normale,Deux véhicules - frontale,,,,,,,,,,,1,2,3,1,1
200600034037,0006-06-07 06:35:00,6,6,7,6,35,470,1,"92, JAURES (AV. JEAN)",,,Plein jour,En agglomération,Hors intersection,Normale,Deux véhicules - côté,,,,,,,,,,,1,2,1,1,3
200600034038,0006-06-11 15:00:00,6,6,11,15,0,470,1,JAURES (AV. JEAN),,,Plein jour,En agglomération,Intersection en T,Normale,Deux véhicules - côté,,,,,,,,,,,1,2,3,1,3
200600034039,0006-06-11 17:40:00,6,6,11,17,40,470,1,MIRABEAU (RUE),,,Plein jour,En agglomération,Hors intersection,Normale,Autre collision,,,,,,,,,,,1,2,1,1,6
200600034040,0006-06-17 10:11:00,6,6,17,10,11,470,1,MONTESQUIEU (RUE),,,Plein jour,En agglomération,Hors intersection,Normale,Deux véhicules - côté,,,,,,,,,,,1,2,1,1,3
200600034041,0006-06-27 19:20:00,6,6,27,19,20,470,1,TISSIDRE (AV. ANDRE),,,Plein jour,En agglomération,Hors intersection,Normale,Deux véhicules - arrière,,,,,,,,,,,1,2,1,1,2
200600034042,0006-06-14 10:55:00,6,6,14,10,55,480,95,"07, PIENCOURT (ALLEE)",,,Plein jour,En agglomération,Intersection en X,Normale,Deux véhicules - côté,,,,,,,,,,,1,2,2,1,3
200600034043,0006-06-20 16:40:00,6,6,20,16,40,480,95,PERE COUDRIN (AVENUE DU),,,Plein jour,En agglomération,Hors intersection,Normale,Deux véhicules - côté,,,,,,,,,,,1,2,1,1,3
200600034044,0006-06-02 03:30:00,6,6,2,3,30,490,7,"10, GAIN ( LOUIS)",,,Nuit avec éclairage allumé,En agglomération,Intersection en T,Normale,Deux véhicules - frontale,,,,,,,,,,,5,2,3,1,1
200600034045,0006-06-10 16:43:00,6,6,10,16,43,490,7,"28, JOXE AVENUE",,,Plein jour,En agglomération,Hors intersection,Normale,Deux véhicules - côté,,,,,,,,,,,1,2,1,1,3
200600034046,0006-06-02 12:17:00,6,6,2,12,17,490,7,"00, BIRGE BOULEVARD",,,Plein jour,En agglomération,Hors intersection,Normale,Deux véhicules - côté,,,,,,,,,,,1,2,1,1,3
200600034047,0006-06-02 12:25:00,6,6,2,12,25,490,267,ROMANERIE BOULEVARD,,,Plein jour,Hors agglomération,Hors intersection,Normale,Deux véhicules - arrière,,,,,,,,,,,1,1,1,1,2
200600034048,0006-06-03 16:10:00,6,6,3,16,10,490,7,"00, ROUCHY",,,Plein jour,En agglomération,Hors intersection,Normale,Sans collision,,,,,,,,,,,1,2,1,1,7
200600034049,0006-06-01 03:00:00,6,6,1,3,0,490,246,RN 260,,,Nuit avec éclairage allumé,Hors agglomération,Hors intersection,Normale,Deux véhicules - côté,,,,,,,,,,,5,1,1,1,3
200600034050,0006-06-02 19:09:00,6,6,2,19,9,490,7,"00, POIREL BOULEVARD",,,Plein jour,En agglomération,Hors intersection,Normale,Sans collision,,,,,,,,,,,1,2,1,1,7
200600034051,0006-06-04 20:00:00,6,6,4,20,0,490,7,BRAULT,,,Plein jour,Hors agglomération,Hors intersection,Normale,Sans collision,,,,,,,,,,,1,1,1,1,7
200600034052,0006-06-07 18:51:00,6,6,7,18,51,490,267,RN 260,,,Plein jour,Hors agglomération,Hors intersection,Normale,Autre collision,,,,,,,,,,,1,1,1,1,6
200600034053,0006-06-03 15:07:00,6,6,3,15,7,490,7,"00, CLEMENCEAU BOULEVARD",,,Plein jour,En agglomération,Intersection en X,Normale,Sans collision,,,,,,,,,,,1,2,2,1,7
200600034054,0006-06-07 08:21:00,6,6,7,8,21,490,353,"00, JEAN JAURES RUE",,,Plein jour,En agglomération,Hors intersection,Normale,Deux véhicules - côté,,,,,,,,,,,1,2,1,1,3
200600034055,0006-06-08 18:19:00,6,6,8,18,19,490,7,"00, DUNANT BOULEVARD",,,Plein jour,Hors agglomération,Hors intersection,Normale,Autre collision,,,,,,,,,,,1,1,1,1,6
200600034056,0006-06-12 12:43:00,6,6,12,12,43,490,7,"5, PATTON AVENUE",,,Plein jour,En agglomération,Hors intersection,Normale,Deux véhicules - côté,,,,,,,,,,,1,2,1,1,3
200600034057,0006-06-15 19:04:00,6,6,15,19,4,490,7,"00, PRUNIERS",,,Plein jour,Hors agglomération,Hors intersection,Normale,Deux véhicules - côté,,,,,,,,,,,1,1,1,1,3
200600034058,0006-06-17 21:38:00,6,6,17,21,38,490,7,PATTON AVENUE,,,Crépuscule ou aube,En agglomération,Hors intersection,Normale,Autre collision,,,,,,,,,,,2,2,1,1,6
200600034059,0006-06-15 15:00:00,6,6,15,15,0,490,353,"1, DIX NEUF MARS 1962",,,Plein jour,En agglomération,Hors intersection,Normale,Sans collision,,,,,,,,,,,1,2,1,1,7
200600034060,0006-06-17 05:49:00,6,6,17,5,49,490,246,"100, EUROPE AVENUE",,,Crépuscule ou aube,En agglomération,Hors intersection,Normale,Sans collision,,,,,,,,,,,2,2,1,1,7
200600034061,0006-06-18 12:07:00,6,6,18,12,7,490,7,"00, CANTENAY EPINARD ROU",,,Plein jour,En agglomération,Hors intersection,Normale,Deux véhicules - arrière,,,,,,,,,,,1,2,1,1,2
200600034062,0006-06-15 09:08:00,6,6,15,9,8,490,7,"49, BAUDRIERE",,,Plein jour,En agglomération,Hors intersection,Normale,Deux véhicules - côté,,,,,,,,,,,1,2,1,1,3
200600034063,0006-06-19 16:35:00,6,6,19,16,35,490,7,"50, MONTESQUIEU PASSAGE",,,Plein jour,En agglomération,Hors intersection,Normale,Sans collision,,,,,,,,,,,1,2,1,1,7
200600034064,0006-06-19 08:30:00,6,6,19,8,30,490,7,"02, JUSSIEU",,,Plein jour,En agglomération,Intersection en X,Normale,Deux véhicules - côté,,,,,,,,,,,1,2,2,1,3
200600034065,0006-06-16 13:30:00,6,6,16,13,30,490,267,RN 147,,,Plein jour,Hors agglomération,Hors intersection,Normale,Autre collision,,,,,,,,,,,1,1,1,1,6
200600034066,0006-06-20 20:54:00,6,6,20,20,54,490,7,"176, EBLE",,,Plein jour,En agglomération,Intersection en X,Normale,Deux véhicules - côté,,,,,,,,,,,1,2,2,1,3
200600034067,0006-06-20 16:40:00,6,6,20,16,40,490,7,BLANCHERAIE AVENUE,,,Plein jour,En agglomération,Intersection en X,Normale,Deux véhicules - côté,,,,,,,,,,,1,2,2,1,3
200600034068,0006-06-20 17:25:00,6,6,20,17,25,490,7,"0, PLACE",,,Plein jour,En agglomération,Hors intersection,Normale,Autre collision,,,,,,,,,,,1,2,1,1,6
200600034069,0006-06-22 09:19:00,6,6,22,9,19,490,7,"0, PASTEUR",,,Plein jour,En agglomération,Intersection en X,Temps couvert,Deux véhicules - arrière,,,,,,,,,,,1,2,2,8,2
200600034070,0006-06-22 11:10:00,6,6,22,11,10,490,7,"2, BIRGE BOULEVARD",,,Plein jour,En agglomération,Intersection en X,Temps couvert,Sans collision,,,,,,,,,,,1,2,2,8,7
200600034071,0006-06-22 14:19:00,6,6,22,14,19,490,267,"0, CHAMPFLEUR",,,Plein jour,En agglomération,Hors intersection,Temps couvert,Sans collision,,,,,,,,,,,1,2,1,8,7
200600034072,0006-06-24 15:32:00,6,6,24,15,32,490,7,", GARE PLACE",,,Plein jour,En agglomération,Hors intersection,Normale,Sans collision,,,,,,,,,,,1,2,1,1,7
200600034073,0006-06-25 12:44:00,6,6,25,12,44,490,7,"48, AYRAULT",,,Plein jour,En agglomération,Hors intersection,Pluie légère,Deux véhicules - arrière,,,,,,,,,,,1,2,1,2,2
200600034074,0006-06-23 22:43:00,6,6,23,22,43,490,7,"0, ATLANTIQUE  AVENUE DE",,,Nuit avec éclairage allumé,En agglomération,Hors intersection,Normale,Sans collision,,,,,,,,,,,5,2,1,1,7
200600034075,0006-06-23 15:32:00,6,6,23,15,32,490,7,"0, VAUCANSSON",,,Plein jour,En agglomération,Hors intersection,Normale,Deux véhicules - côté,,,,,,,,,,,1,2,1,1,3
200600034076,0006-06-23 15:09:00,6,6,23,15,9,490,7,"377, SAINT LEONARD",,,Plein jour,En agglomération,Hors intersection,Normale,Sans collision,,,,,,,,,,,1,2,1,1,7
200600034077,0006-06-26 18:18:00,6,6,26,18,18,490,7,"0, GASNIER AVENUE",,,Plein jour,En agglomération,Intersection en T,Normale,Deux véhicules - arrière,,,,,,,,,,,1,2,3,1,2
200600034078,0006-06-27 01:07:00,6,6,27,1,7,490,15,RD 107,,,Nuit sans éclairage public,Hors agglomération,Intersection en X,Normale,Sans collision,,,,,,,,,,,3,1,2,1,7
200600034079,0006-06-30 23:46:00,6,6,30,23,46,490,7,"0, RESISTANCE ET DEPORTA",,,Nuit avec éclairage allumé,En agglomération,Intersection en X,Normale,Trois véhicules et plus - collisions multiples,,,,,,,,,,,5,2,2,1,5
200600034080,0006-06-12 17:02:00,6,6,12,17,2,490,7,"00, CHATENAY AVENUE VICT",,,Plein jour,En agglomération,Intersection en T,Normale,Deux véhicules - côté,,,,,,,,,,,1,2,3,1,3
200600034081,0006-06-18 12:25:00,6,6,18,12,25,490,99,"7, SAINT CORENTIN (RUE)",,,Plein jour,En agglomération,Hors intersection,Normale,Deux véhicules - côté,,,,,,,,,,,1,2,1,1,3
200600034082,0006-06-18 13:25:00,6,6,18,13,25,490,99,VC 02,,,Plein jour,Hors agglomération,Hors intersection,Normale,Deux véhicules - côté,,,,,,,,,,,1,1,1,1,3
200600034083,0006-06-20 15:00:00,6,6,20,15,0,490,99,MOINIE(BOULEVARD DE LA ),,,Plein jour,En agglomération,Intersection en X,Normale,Deux véhicules - côté,,,,,,,,,,,1,2,2,1,3
200600034084,0006-06-21 16:40:00,6,6,21,16,40,490,99,"1, JUIN (BOULEVARD DU MA",,,Plein jour,En agglomération,Hors intersection,Normale,Autre collision,,,,,,,,,,,1,2,1,1,6
200600034085,0006-06-21 18:10:00,6,6,21,18,10,490,99,"84, ANGERS (AVENUE D' )",,,Plein jour,En agglomération,Hors intersection,Temps couvert,Trois véhicules et plus - en chaîne,,,,,,,,,,,1,2,1,8,4
200600034086,0006-06-24 16:50:00,6,6,24,16,50,490,99,"50, RICHARD (BOULEVARD G",,,Plein jour,Hors agglomération,Intersection en T,Normale,Deux véhicules - côté,,,,,,,,,,,1,1,3,1,3
200600034087,0006-06-29 14:35:00,6,6,29,14,35,490,99,"1, ABREUVOIR (RUE DE)",,,Plein jour,En agglomération,Intersection en X,Normale,Deux véhicules - côté,,,,,,,,,,,1,2,2,1,3
200600034088,0006-06-03 16:55:00,6,6,3,16,55,490,328,"sans, CADRE NOIR (PONT D",,,Plein jour,En agglomération,Hors intersection,Normale,Deux véhicules - arrière,,,,,,,,,,,1,2,1,1,2
200600034089,0006-06-30 08:40:00,6,6,30,8,40,490,328,"sans, DAVID D'ANGERS (AV",,,Plein jour,En agglomération,Giratoire,Normale,Deux véhicules - côté,,,,,,,,,,,1,2,6,1,3
200600034090,0006-06-28 16:45:00,6,6,28,16,45,490,328,"sans, ACKERMAN (RUE)",,,Plein jour,En agglomération,Hors intersection,Normale,Deux véhicules - côté,,,,,,,,,,,1,2,1,1,3
200600034091,0006-06-02 18:40:00,6,6,2,18,40,500,173,"00, SEMBAT (RUE MARCEL)",,,Plein jour,En agglomération,Intersection en X,Normale,Deux véhicules - côté,,,,,,,,,,,1,2,2,1,3
200600034092,0006-06-08 19:15:00,6,6,8,19,15,500,602,"13, GAULLE (RUE DU GENER",,,Plein jour,En agglomération,Hors intersection,Normale,Deux véhicules - arrière,,,,,,,,,,,1,2,1,1,2
200600034093,0006-06-11 02:05:00,6,6,11,2,5,500,129,ABBAYE (RUE DE L'),,,Nuit avec éclairage allumé,En agglomération,Hors intersection,Normale,Sans collision,,,,,,,,,,,5,2,1,1,7
200600034094,0006-06-11 12:45:00,6,6,11,12,45,500,129,"00, CALIGNY (QUAI DE)",,,Plein jour,Hors agglomération,Hors intersection,Normale,Deux véhicules - côté,,,,,,,,,,,1,1,1,1,3
200600034095,0006-06-13 10:25:00,6,6,13,10,25,500,203,"0, AXE NORD SUD",,,Plein jour,En agglomération,Hors intersection,Normale,Deux véhicules - arrière,,,,,,,,,,,1,2,1,1,2
200600034096,0006-06-14 19:20:00,6,6,14,19,20,500,129,"27, ATLANTIQUE (BOULEVAR",,,Plein jour,En agglomération,Hors intersection,Pluie légère,Deux véhicules - arrière,,,,,,,,,,,1,2,1,2,2
200600034097,0006-06-15 17:25:00,6,6,15,17,25,500,602,"55, MEDERIC (RUE)",,,Plein jour,En agglomération,Hors intersection,Normale,Trois véhicules et plus - collisions multiples,,,,,,,,,,,1,2,1,1,5
200600034098,0006-06-16 15:40:00,6,6,16,15,40,500,602,"02, MOIGNERIE (RUE DE LA",,,Plein jour,En agglomération,Hors intersection,Normale,Sans collision,,,,,,,,,,,1,2,1,1,7
200600034099,0006-06-17 14:05:00,6,6,17,14,5,500,416,"0, LECLERC (RUE DU GENER",,,Plein jour,En agglomération,Hors intersection,Normale,Deux véhicules - arrière,,,,,,,,,,,1,2,1,1,2
200600034100,0006-06-18 19:05:00,6,6,18,19,5,500,602,CAPLAIN (ROUTE DU),,,Plein jour,Hors agglomération,Hors intersection,Normale,Deux véhicules - frontale,,,,,,,,,,,1,1,1,1,1
200600034101,0006-06-19 18:00:00,6,6,19,18,0,500,129,"10, NORMANDIE (AVENUE DE",,,Plein jour,En agglomération,Hors intersection,Normale,Autre collision,,,,,,,,,,,1,2,1,1,6
200600034102,0006-06-20 17:45:00,6,6,20,17,45,500,416,BRETON (RUE DU),,,Plein jour,Hors agglomération,Hors intersection,Normale,Deux véhicules - côté,,,,,,,,,,,1,1,1,1,3
200600034103,0006-06-27 15:15:00,6,6,27,15,15,500,129,"47, LATTRE DE TASSIGNY (",,,Plein jour,En agglomération,Hors intersection,Normale,Deux véhicules - côté,,,,,,,,,,,1,2,1,1,3
200600034104,0006-06-27 11:30:00,6,6,27,11,30,500,129,"0, MALAKOFF (RUE)",,,Plein jour,En agglomération,Hors intersection,Normale,Autre collision,,,,,,,,,,,1,2,1,1,6
200600034105,0006-06-28 12:15:00,6,6,28,12,15,500,129,"00, GAMBETTA (parking)",,,Plein jour,En agglomération,Hors intersection,Normale,Sans collision,,,,,,,,,,,1,2,1,1,7
200600034106,0006-06-04 18:30:00,6,6,4,18,30,500,147,"56, REPUBLIQUE",,,Plein jour,En agglomération,Hors intersection,Normale,Autre collision,,,,,,,,,,,1,2,1,1,6
200600034107,0006-06-25 17:00:00,6,6,25,17,0,500,147,"1, CROIX QUILLARD",,,Plein jour,En agglomération,Intersection en Y,Temps couvert,Deux véhicules - frontale,,,,,,,,,,,1,2,4,8,1
200600034108,0006-06-10 18:30:00,6,6,10,18,30,500,218,"576, VILLEDIEU LES POELE",,,Plein jour,En agglomération,Hors intersection,Normale,Deux véhicules - côté,,,,,,,,,,,1,2,1,1,3
200600034109,0006-06-10 19:30:00,6,6,10,19,30,500,502,SAINT JEAN,,,Plein jour,En agglomération,Intersection en X,Temps éblouissant,Deux véhicules - côté,,,,,,,,,,,1,2,2,7,3
200600034110,0006-06-22 19:20:00,6,6,22,19,20,500,502,"526, PLATANES",,,Plein jour,En agglomération,Hors intersection,Normale,Trois véhicules et plus - en chaîne,,,,,,,,,,,1,2,1,1,4
200600034111,0006-06-01 18:39:00,6,6,1,18,39,510,108,"1, LIBERATION (PL DE LA)",,,Plein jour,En agglomération,Giratoire,Temps couvert,Autre collision,,,,,,,,,,,1,2,6,8,6
200600034112,0006-06-04 19:30:00,6,6,4,19,30,510,108,"100, D'ARC (AVE JEANNE)",,,Plein jour,En agglomération,Hors intersection,Normale,Deux véhicules - côté,,,,,,,,,,,1,2,1,1,3
200600034113,0006-06-13 14:25:00,6,6,13,14,25,510,525,CD 1,,,Plein jour,Hors agglomération,Hors intersection,Normale,Autre collision,,,,,,,,,,,1,1,1,1,6
200600034114,0006-06-17 00:50:00,6,6,17,0,50,510,108,RN 44,,,Nuit sans éclairage public,Hors agglomération,Hors intersection,Normale,Deux véhicules - arrière,,,,,,,,,,,3,1,1,1,2
200600034115,0006-06-21 11:55:00,6,6,21,11,55,510,108,"15, URSULINES (PL DES)",,,Plein jour,En agglomération,Hors intersection,Normale,Deux véhicules - côté,,,,,,,,,,,1,2,1,1,3
200600034116,0006-06-03 11:35:00,6,6,3,11,35,510,431,D951,,,Plein jour,Hors agglomération,Intersection en X,Normale,Deux véhicules - côté,,,,,,,,,,,1,1,2,1,3
200600034117,0006-06-02 17:20:00,6,6,2,17,20,510,230,"107, HOPITAL (RUE DE L')",,,Plein jour,En agglomération,Hors intersection,Normale,Autre collision,,,,,,,,,,,1,2,1,1,6
200600034118,0006-06-05 13:10:00,6,6,5,13,10,510,230,"29, GODARD (RUE ROGER)",,,Plein jour,En agglomération,Hors intersection,Normale,Deux véhicules - frontale,,,,,,,,,,,1,2,1,1,1
200600034119,0006-06-20 07:55:00,6,6,20,7,55,510,230,CHANDON (AVENUE PAUL),,,Plein jour,En agglomération,Hors intersection,Normale,Deux véhicules - frontale,,,,,,,,,,,1,2,1,1,1
200600034120,0006-06-02 23:35:00,6,6,2,23,35,510,30,"18, ROGER SONDAG (RUE)",,,Nuit avec éclairage allumé,En agglomération,Hors intersection,Normale,Autre collision,,,,,,,,,,,5,2,1,1,6
200600034121,0006-06-02 20:05:00,6,6,2,20,5,510,454,", EISENHOWER (AVENUE DU",,,Plein jour,En agglomération,Intersection en X,Normale,Deux véhicules - côté,,,,,,,,,,,1,2,2,1,3
200600034122,0006-06-03 06:40:00,6,6,3,6,40,510,454,CHAMPAGNE AVENUE DE,,,Plein jour,En agglomération,Intersection en X,Normale,Deux véhicules - côté,,,,,,,,,,,1,2,2,1,3
200600034123,0006-06-05 12:15:00,6,6,5,12,15,510,454,WITRY (ROUTE DE),,,Plein jour,En agglomération,Hors intersection,Normale,Deux véhicules - arrière,,,,,,,,,,,1,2,1,1,2
200600034124,0006-06-09 22:10:00,6,6,9,22,10,510,454,LAON (AVENUE) DU N) 1 A,,,Crépuscule ou aube,En agglomération,Intersection en X,Normale,Deux véhicules - côté,,,,,,,,,,,2,2,2,1,3
200600034125,0006-06-10 08:40:00,6,6,10,8,40,510,454,"04, REIMBEAU (RUE)",,,Plein jour,En agglomération,Hors intersection,Normale,Autre collision,,,,,,,,,,,1,2,1,1,6
200600034126,0006-06-10 16:50:00,6,6,10,16,50,510,172,"2, HUGO (RUE VICTOR)",,,Plein jour,En agglomération,Hors intersection,Normale,Autre collision,,,,,,,,,,,1,2,1,1,6
200600034127,0006-06-12 20:25:00,6,6,12,20,25,510,454,JUIN (AVENUE DU MARECHAL,,,Plein jour,En agglomération,Hors intersection,Normale,Autre collision,,,,,,,,,,,1,2,1,1,6
200600034128,0006-06-13 10:50:00,6,6,13,10,50,510,454,WITRY (ROUTE DE),,,Plein jour,En agglomération,Hors intersection,Normale,Autre collision,,,,,,,,,,,1,2,1,1,6
200600034129,0006-06-14 09:55:00,6,6,14,9,55,510,454,BREBANT (AVENUE) DU 1 A,,,Plein jour,En agglomération,Intersection en Y,Normale,Deux véhicules - côté,,,,,,,,,,,1,2,4,1,3
200600034130,0006-06-13 18:05:00,6,6,13,18,5,510,454,EPERNAY (AVENUE D') COTE,,,Plein jour,En agglomération,Hors intersection,Normale,Autre collision,,,,,,,,,,,1,2,1,1,6
200600034131,0006-06-14 20:30:00,6,6,14,20,30,510,454,LAON (AVENUE) DU N) 1 A,,,Plein jour,En agglomération,Intersection en X,Pluie légère,Deux véhicules - côté,,,,,,,,,,,1,2,2,2,3
200600034132,0006-06-12 09:25:00,6,6,12,9,25,510,454,NATIONALE (AVENUE) LA NE,,,Plein jour,Hors agglomération,Hors intersection,Normale,Deux véhicules - frontale,,,,,,,,,,,1,1,1,1,1
200600034133,0006-06-18 17:50:00,6,6,18,17,50,510,474,SORBON (RUE),,,Plein jour,En agglomération,Intersection en X,Normale,Deux véhicules - côté,,,,,,,,,,,1,2,2,1,3
200600034134,0006-06-19 10:45:00,6,6,19,10,45,510,454,VESLE (RUE),,,Plein jour,En agglomération,Hors intersection,Normale,Deux véhicules - côté,,,,,,,,,,,1,2,1,1,3
200600034135,0006-06-22 01:15:00,6,6,22,1,15,510,55,"28, BETHENY (ROUTE)",,,Nuit avec éclairage allumé,En agglomération,Hors intersection,Pluie légère,Deux véhicules - frontale,,,,,,,,,,,5,2,1,2,1
200600034136,0006-06-21 20:30:00,6,6,21,20,30,510,454,"13, FRANCE (COURS ANATOL",,,Plein jour,En agglomération,Hors intersection,Normale,Deux véhicules - côté,,,,,,,,,,,1,2,1,1,3
200600034137,0006-06-21 18:15:00,6,6,21,18,15,510,454,DUMONT D'URVILLE (RUE),,,Plein jour,En agglomération,Hors intersection,Normale,Autre collision,,,,,,,,,,,1,2,1,1,6
200600034138,0006-06-26 08:05:00,6,6,26,8,5,510,454,"2, SAINT MARCEAUX (BOULE",,,Plein jour,En agglomération,Intersection en X,Temps couvert,Deux véhicules - côté,,,,,,,,,,,1,2,2,8,3
200600034139,0006-06-26 20:40:00,6,6,26,20,40,510,454,VESLE (RUE),,,Plein jour,En agglomération,Hors intersection,Normale,Autre collision,,,,,,,,,,,1,2,1,1,6
200600034140,0006-06-29 17:10:00,6,6,29,17,10,510,454,VAILLANT COUTURIER (RUE,,,Plein jour,En agglomération,Hors intersection,Normale,Deux véhicules - côté,,,,,,,,,,,1,2,1,1,3
200600034141,0006-06-23 11:30:00,6,6,23,11,30,510,454,MICHELET (AVENUE EDMOND),,,Plein jour,En agglomération,Intersection en T,Normale,Deux véhicules - arrière,,,,,,,,,,,1,2,3,1,2
200600034142,0006-06-16 00:40:00,6,6,16,0,40,520,121,R.D. 161,,,Nuit sans éclairage public,Hors agglomération,Hors intersection,Normale,Sans collision,,,,,,,,,,,3,1,1,1,7
200600034143,0006-06-27 20:10:00,6,6,27,20,10,520,121,"4, LOUCHEUR (RUE)",,,Plein jour,En agglomération,Hors intersection,Normale,Sans collision,,,,,,,,,,,1,2,1,1,7
200600034144,0006-06-01 18:30:00,6,6,1,18,30,520,121,"0, ROBESPIERRE (RUE)",,,Plein jour,En agglomération,Intersection en X,Pluie légère,Trois véhicules et plus - collisions multiples,,,,,,,,,,,1,2,2,2,5
200600034145,0006-06-13 20:35:00,6,6,13,20,35,520,121,RN67,,,Plein jour,Hors agglomération,Hors intersection,Normale,Trois véhicules et plus - collisions multiples,,,,,,,,,,,1,1,1,1,5
200600034146,0006-06-16 00:41:00,6,6,16,0,41,520,121,R.N. 19 SUD,,,Nuit avec éclairage allumé,En agglomération,Intersection en T,Normale,Deux véhicules - côté,,,,,,,,,,,5,2,3,1,3
200600034147,0006-06-02 06:00:00,6,6,2,6,0,520,448,RN 4,,,Crépuscule ou aube,Hors agglomération,Hors intersection,Temps couvert,Sans collision,,,,,,,,,,,2,1,1,8,7
200600034148,0006-06-03 11:50:00,6,6,3,11,50,520,448,"25, TROIS FONTAINES (ROU",,,Plein jour,En agglomération,Intersection en X,Normale,Deux véhicules - côté,,,,,,,,,,,1,2,2,1,3
200600034149,0006-06-07 10:00:00,6,6,7,10,0,520,448,"69 BIS, FRANCE (RUE ANAT",,,Plein jour,En agglomération,Autre intersection,Normale,Deux véhicules - arrière,,,,,,,,,,,1,2,9,1,2
200600034150,0006-06-08 11:40:00,6,6,8,11,40,520,448,"107, REPUBLIQUE (AVE DE",,,Plein jour,En agglomération,Intersection en T,Temps éblouissant,Deux véhicules - côté,,,,,,,,,,,1,2,3,7,3
200600034151,0006-06-08 22:20:00,6,6,8,22,20,520,448,"1, SOMMIERE (RUE DE LA)",,,Crépuscule ou aube,En agglomération,Hors intersection,Normale,Autre collision,,,,,,,,,,,2,2,1,1,6
200600034152,0006-06-09 07:40:00,6,6,9,7,40,520,448,RN 4,,,Plein jour,Hors agglomération,Hors intersection,Temps éblouissant,Deux véhicules - arrière,,,,,,,,,,,1,1,1,7,2
200600034153,0006-06-15 18:10:00,6,6,15,18,10,520,448,"6, LAMARTINE (RUE)",,,Plein jour,En agglomération,Hors intersection,Temps éblouissant,Autre collision,,,,,,,,,,,1,2,1,7,6
200600034154,0006-06-22 14:05:00,6,6,22,14,5,520,534,HALLIGNICOURT (ROUTE DE),,,Plein jour,Hors agglomération,Passage à niveau,Normale,Autre collision,,,,,,,,,,,1,1,8,1,6
200600034155,0006-06-23 21:45:00,6,6,23,21,45,520,448,TROIS FONTAINES (ROUTE D,,,Crépuscule ou aube,Hors agglomération,Hors intersection,Normale,Deux véhicules - frontale,,,,,,,,,,,2,1,1,1,1
200600034156,0006-06-29 08:35:00,6,6,29,8,35,520,448,"1, PONT VICTOR HUGO",,,Plein jour,En agglomération,Intersection en T,Normale,Autre collision,,,,,,,,,,,1,2,3,1,6
200600034157,0006-06-29 18:25:00,6,6,29,18,25,520,448,Z.A.C. CHENE SAINT AMAND,,,Plein jour,Hors agglomération,Intersection en X,Temps éblouissant,Deux véhicules - côté,,,,,,,,,,,1,1,2,7,3