accident_id,datetime,annee,mois,jour,heure,minute,departement,commune_insee,adresse,latitude,longitude,luminosite,agglomeration,intersection,meteo,collision,nb_vehicules,nb_usagers,nb_indemnes,nb_tues,nb_blesses_hosp,nb_blesses_legers,age_cond_1,age_cond_2,veh_type_cond_1,veh_type_cond_2,lum_code,agg_code,int_code,atm_code,col_code
200600034291,0006-06-14 09:15:00,6,6,14,9,15,570,463,"08, GEORGES CLEMENCEAU (",,,Plein jour,En agglomération,Hors intersection,Normale,Autre collision,,,,,,,,,,,1,2,1,1,6
200600034292,0006-06-16 07:20:00,6,6,16,7,20,570,480,"00, GENERAL FRANIATTE (R",,,Plein jour,En agglomération,Intersection en X,Normale,Autre collision,,,,,,,,,,,1,2,2,1,6
200600034293,0006-06-16 18:50:00,6,6,16,18,50,570,642,"00, SCHUMAN (RUE ROBERT)",,,Plein jour,En agglomération,Intersection en X,Normale,Autre collision,,,,,,,,,,,1,2,2,1,6
200600034294,0006-06-17 19:15:00,6,6,17,19,15,570,463,"00, LORRY (ROUTE DE )",,,Plein jour,En agglomération,Hors intersection,Normale,Autre collision,,,,,,,,,,,1,2,1,1,6
200600034295,0006-06-19 08:25:00,6,6,19,8,25,570,463,"00, ROBERT (RUE DES )",,,Plein jour,En agglomération,Intersection en X,Normale,Autre collision,,,,,,,,,,,1,2,2,1,6
200600034296,0006-06-19 14:55:00,6,6,19,14,55,570,463,"00, CLOVIS (RUE )",,,Plein jour,En agglomération,Hors intersection,Pluie légère,Autre collision,,,,,,,,,,,1,2,1,2,6
200600034297,0006-06-21 07:20:00,6,6,21,7,20,570,463,GUYENNE (BOULEVARD DE ),,,Plein jour,En agglomération,Intersection en X,Normale,Deux véhicules - côté,,,,,,,,,,,1,2,2,1,3
200600034298,0006-06-23 08:00:00,6,6,23,8,0,570,463,"00, LE MOYNE (RUE )",,,Plein jour,En agglomération,Intersection en T,Normale,Autre collision,,,,,,,,,,,1,2,3,1,6
200600034299,0006-06-27 09:15:00,6,6,27,9,15,570,412,"00, SAINT SYMPHORIEN (BO",,,Plein jour,En agglomération,Hors intersection,Pluie légère,Autre collision,,,,,,,,,,,1,2,1,2,6
200600034300,0006-06-29 09:05:00,6,6,29,9,5,570,463,"00, DEUX FONTAINES (AVEN",,,Plein jour,En agglomération,Hors intersection,Normale,Deux véhicules - arrière,,,,,,,,,,,1,2,1,1,2
200600034301,0006-06-30 11:45:00,6,6,30,11,45,570,463,"00, PROVENCE (BOULEVARD",,,Plein jour,En agglomération,Hors intersection,Normale,Autre collision,,,,,,,,,,,1,2,1,1,6
200600034302,0006-06-01 01:45:00,6,6,1,1,45,570,336,"87, GARE (RUE DE LA GARE",,,Nuit avec éclairage allumé,En agglomération,Hors intersection,Normale,Autre collision,,,,,,,,,,,5,2,1,1,6
200600034303,0006-06-11 12:30:00,6,6,11,12,30,570,606,CD 72,,,Plein jour,Hors agglomération,Intersection en X,Normale,Deux véhicules - côté,,,,,,,,,,,1,1,2,1,3
200600034304,0006-06-24 10:42:00,6,6,24,10,42,570,606,"1, CLEMENCEAU (AVENUE GE",,,Plein jour,Hors agglomération,Intersection en T,Normale,Sans collision,,,,,,,,,,,1,1,3,1,7
200600034305,0006-06-19 05:25:00,6,6,19,5,25,570,630,"15, JOFFRE (MARECHAL)L",,,Crépuscule ou aube,En agglomération,Hors intersection,Normale,Autre collision,,,,,,,,,,,2,2,1,1,6
200600034306,0006-06-01 17:00:00,6,6,1,17,0,570,630,"0, NIDERVILLER",,,Plein jour,Hors agglomération,Autre intersection,Pluie forte,Deux véhicules - côté,,,,,,,,,,,1,1,9,3,3
200600034307,0006-06-09 23:45:00,6,6,9,23,45,570,630,"19, NIDERVILLER",,,Nuit avec éclairage allumé,En agglomération,Hors intersection,Normale,Autre collision,,,,,,,,,,,5,2,1,1,6
200600034308,0006-06-13 14:25:00,6,6,13,14,25,570,630,", CLEMENCEAU (AV)",,,Plein jour,En agglomération,Hors intersection,Normale,Autre collision,,,,,,,,,,,1,2,1,1,6
200600034309,0006-06-14 10:55:00,6,6,14,10,55,570,631,", FOCH (RUE DU MARECHAL)",,,Plein jour,En agglomération,Intersection en X,Normale,Deux véhicules - côté,,,,,,,,,,,1,2,2,1,3
200600034310,0006-06-17 19:45:00,6,6,17,19,45,570,631,BLEUETS (RUE DES),,,Plein jour,En agglomération,Intersection en X,Temps éblouissant,Deux véhicules - côté,,,,,,,,,,,1,2,2,7,3
200600034311,0006-06-03 18:30:00,6,6,3,18,30,570,757,"84, NATIONALE (RUE)",,,Plein jour,En agglomération,Hors intersection,Normale,Autre collision,,,,,,,,,,,1,2,1,1,6
200600034312,0006-06-11 03:35:00,6,6,11,3,35,570,757,"2OO, ROOSEVELT (RUE DU P",,,Nuit avec éclairage allumé,En agglomération,Hors intersection,Normale,Autre collision,,,,,,,,,,,5,2,1,1,6
200600034313,0006-06-15 21:20:00,6,6,15,21,20,570,672,MARSPICH (ROUTE DE),,,Crépuscule ou aube,Hors agglomération,Hors intersection,Normale,Deux véhicules - frontale,,,,,,,,,,,2,1,1,1,1
200600034314,0006-06-17 14:25:00,6,6,17,14,25,570,672,"20, 14 JUILLET (AVENUE)",,,Plein jour,En agglomération,Hors intersection,Normale,Sans collision,,,,,,,,,,,1,2,1,1,7
200600034315,0006-06-23 15:25:00,6,6,23,15,25,570,672,"5, CYGNE (RUE DU)",,,Plein jour,En agglomération,Hors intersection,Normale,Deux véhicules - côté,,,,,,,,,,,1,2,1,1,3
200600034316,0006-06-23 17:55:00,6,6,23,17,55,580,194,"40, RAIE",,,Plein jour,En agglomération,Hors intersection,Normale,Sans collision,,,,,,,,,,,1,2,1,1,7
200600034317,0006-06-26 19:15:00,6,6,26,19,15,580,194,DOCKS (IMPASSE),,,Plein jour,En agglomération,Hors intersection,Normale,Sans collision,,,,,,,,,,,1,2,1,1,7
200600034318,0006-06-05 19:00:00,6,6,5,19,0,580,194,", CHAILLOUX",,,Crépuscule ou aube,En agglomération,Hors intersection,Normale,Deux véhicules - côté,,,,,,,,,,,2,2,1,1,3
200600034319,0006-06-06 16:55:00,6,6,6,16,55,580,194,CURTEAS DE ARGES (ROND P,,,Plein jour,En agglomération,Hors intersection,Normale,Sans collision,,,,,,,,,,,1,2,1,1,7
200600034320,0006-06-06 11:25:00,6,6,6,11,25,580,194,"13, SAINT BENIN",,,Plein jour,En agglomération,Hors intersection,Normale,Deux véhicules - arrière,,,,,,,,,,,1,2,1,1,2
200600034321,0006-06-02 14:55:00,6,6,2,14,55,580,194,"79bis, BARATTE (FAUBOURG",,,Plein jour,En agglomération,Intersection en X,Normale,Deux véhicules - côté,,,,,,,,,,,1,2,2,1,3
200600034322,0006-06-06 10:05:00,6,6,6,10,5,580,194,ROMAIN BARON,,,Plein jour,En agglomération,Hors intersection,Normale,Deux véhicules - côté,,,,,,,,,,,1,2,1,1,3
200600034323,0006-06-07 09:35:00,6,6,7,9,35,580,194,LAMARTINE,,,Plein jour,En agglomération,Intersection en X,Normale,Deux véhicules - côté,,,,,,,,,,,1,2,2,1,3
200600034324,0006-06-20 21:40:00,6,6,20,21,40,580,194,MARECHAL LECLERC,,,Plein jour,En agglomération,Hors intersection,Normale,Deux véhicules - côté,,,,,,,,,,,1,2,1,1,3
200600034325,0006-06-22 20:45:00,6,6,22,20,45,580,194,"19, CHAILLOUX",,,Plein jour,En agglomération,Hors intersection,Normale,Autre collision,,,,,,,,,,,1,2,1,1,6
200600034326,0006-06-28 18:00:00,6,6,28,18,0,580,194,GRAND PRE DES BORDES,,,Plein jour,En agglomération,Intersection en X,Normale,Deux véhicules - côté,,,,,,,,,,,1,2,2,1,3
200600034327,0006-06-29 16:55:00,6,6,29,16,55,580,194,"5, BARATTE (FAUBOURG)",,,Plein jour,En agglomération,Hors intersection,Normale,Deux véhicules - arrière,,,,,,,,,,,1,2,1,1,2
200600034328,0006-06-30 09:30:00,6,6,30,9,30,580,194,"42, FOSSE AUX LOUPS",,,Plein jour,En agglomération,Hors intersection,Normale,Deux véhicules - côté,,,,,,,,,,,1,2,1,1,3
200600034329,0006-06-09 11:15:00,6,6,9,11,15,590,431,TURCK (CHEMIN ),,,Plein jour,En agglomération,Intersection en T,Temps éblouissant,Deux véhicules - côté,,,,,,,,,,,1,2,3,7,3
200600034330,0006-06-12 07:15:00,6,6,12,7,15,590,143,BIRCHINGTON (PLACE),,,Plein jour,En agglomération,Giratoire,Normale,Deux véhicules - côté,,,,,,,,,,,1,2,6,1,3
200600034331,0006-06-09 11:30:00,6,6,9,11,30,590,17,"01, GENERAL DE GAULLE (P",,,Plein jour,En agglomération,Hors intersection,Normale,Deux véhicules - côté,,,,,,,,,,,1,2,1,1,3
200600034332,0006-06-01 13:00:00,6,6,1,13,0,590,17,"30, RESISTANTS (RUE DES",,,Plein jour,En agglomération,Intersection en T,Pluie forte,Deux véhicules - côté,,,,,,,,,,,1,2,3,3,3
200600034333,0006-06-08 16:18:00,6,6,8,16,18,590,122,BART (BOULEVARD JEAN),,,Plein jour,En agglomération,Intersection en X,Normale,Deux véhicules - côté,,,,,,,,,,,1,2,2,1,3
200600034334,0006-06-09 21:30:00,6,6,9,21,30,590,122,BART (BOULEVARD JEAN),,,Plein jour,En agglomération,Hors intersection,Normale,Sans collision,,,,,,,,,,,1,2,1,1,7
200600034335,0006-06-05 19:10:00,6,6,5,19,10,590,122,PREMIER (AVENUE ALBERT),,,Plein jour,En agglomération,Hors intersection,Normale,Deux véhicules - côté,,,,,,,,,,,1,2,1,1,3
200600034336,0006-06-29 14:00:00,6,6,29,14,0,590,122,HUGO (AVENUE VICTOR),,,Plein jour,En agglomération,Intersection en T,Normale,Autre collision,,,,,,,,,,,1,2,3,1,6
200600034337,0006-06-28 19:30:00,6,6,28,19,30,590,616,"765, TABARY (RUE EMILE )",,,Plein jour,En agglomération,Intersection en T,Temps éblouissant,Deux véhicules - côté,,,,,,,,,,,1,2,3,7,3
200600034338,0006-06-13 06:15:00,6,6,13,6,15,590,504,"0, JAURES (R. JEAN)",,,Plein jour,En agglomération,Intersection en X,Normale,Deux véhicules - côté,,,,,,,,,,,1,2,2,1,3
200600034339,0006-06-13 15:45:00,6,6,13,15,45,590,179,"0, REPUBLIQUE (AV DE LA)",,,Plein jour,En agglomération,Hors intersection,Normale,Deux véhicules - frontale,,,,,,,,,,,1,2,1,1,1
200600034340,0006-06-17 11:40:00,6,6,17,11,40,590,172,"0, BRUNET (R. ARTHUR)",,,Plein jour,En agglomération,Hors intersection,Normale,Autre collision,,,,,,,,,,,1,2,1,1,6
200600034341,0006-06-27 17:15:00,6,6,27,17,15,590,172,"0, VILLARS (R.)",,,Plein jour,En agglomération,Hors intersection,Normale,Autre collision,,,,,,,,,,,1,2,1,1,6
200600034342,0006-06-29 04:50:00,6,6,29,4,50,590,179,"0, RN30",,,Crépuscule ou aube,En agglomération,Intersection en T,Normale,Deux véhicules - côté,,,,,,,,,,,2,2,3,1,3
200600034343,0006-06-21 18:20:00,6,6,21,18,20,590,239,MOULIN (RUE DU),,,Plein jour,En agglomération,Intersection en T,Normale,Deux véhicules - côté,,,,,,,,,,,1,2,3,1,3
200600034344,0006-06-04 20:00:00,6,6,4,20,0,590,183,"0.000, ROSENDAEL - AVENU",,,Plein jour,En agglomération,Intersection en X,Pluie légère,Deux véhicules - côté,,,,,,,,,,,1,2,2,2,3
200600034345,0006-06-11 22:55:00,6,6,11,22,55,590,588,"204, CHAPEAU ROUGE - ROU",,,Nuit avec éclairage allumé,En agglomération,Hors intersection,Normale,Autre collision,,,,,,,,,,,5,2,1,1,6
200600034346,0006-06-10 18:45:00,6,6,10,18,45,590,183,"0.000, VANGHELUWE ROBERT",,,Plein jour,En agglomération,Hors intersection,Normale,Deux véhicules - côté,,,,,,,,,,,1,2,1,1,3
200600034347,0006-06-16 08:30:00,6,6,16,8,30,590,183,"8, ROYER",,,Plein jour,En agglomération,Hors intersection,Normale,Autre collision,,,,,,,,,,,1,2,1,1,6
200600034348,0006-06-16 22:05:00,6,6,16,22,5,590,155,"0.000, GENERAL HOCHE",,,Crépuscule ou aube,En agglomération,Hors intersection,Normale,Autre collision,,,,,,,,,,,2,2,1,1,6
200600034349,0006-06-19 17:50:00,6,6,19,17,50,590,183,"335, REPUBLIQUE - F MITT",,,Plein jour,En agglomération,Hors intersection,Normale,Autre collision,,,,,,,,,,,1,2,1,1,6
200600034350,0006-06-20 22:50:00,6,6,20,22,50,590,540,"6, PARMENTIER",,,Nuit avec éclairage allumé,En agglomération,Hors intersection,Normale,Deux véhicules - côté,,,,,,,,,,,5,2,1,1,3
200600034351,0006-06-22 19:40:00,6,6,22,19,40,590,155,"0.000, BOURBOURG CD 202",,,Plein jour,En agglomération,Hors intersection,Normale,Autre collision,,,,,,,,,,,1,2,1,1,6
200600034352,0006-06-25 01:00:00,6,6,25,1,0,590,183,"0.000, STRASBOURG",,,Nuit avec éclairage allumé,En agglomération,Intersection en X,Normale,Deux véhicules - arrière,,,,,,,,,,,5,2,2,1,2
200600034353,0006-06-25 20:35:00,6,6,25,20,35,590,540,"0.000, DELPORTE",,,Plein jour,En agglomération,Intersection en X,Pluie légère,Deux véhicules - côté,,,,,,,,,,,1,2,2,2,3
200600034354,0006-06-26 16:00:00,6,6,26,16,0,590,183,"0.000, BANC VERT",,,Plein jour,En agglomération,Hors intersection,Normale,Deux véhicules - arrière,,,,,,,,,,,1,2,1,1,2
200600034355,0006-06-22 05:05:00,6,6,22,5,5,590,183,"0.000, DARSES - CHAUSSEE",,,Crépuscule ou aube,En agglomération,Intersection en T,Normale,Deux véhicules - côté,,,,,,,,,,,2,2,3,1,3
200600034356,0006-06-27 16:00:00,6,6,27,16,0,590,540,"0.000, BERTEAUX MAURICE",,,Plein jour,En agglomération,Intersection en X,Normale,Deux véhicules - côté,,,,,,,,,,,1,2,2,1,3
200600034357,0006-06-29 08:55:00,6,6,29,8,55,590,540,"0.000, FUSILLERS MARINS",,,Plein jour,En agglomération,Intersection en X,Normale,Deux véhicules - côté,,,,,,,,,,,1,2,2,1,3
200600034358,0006-06-18 17:23:00,6,6,18,17,23,590,261,BOIS LEVANT (RESIDENCE D,,,Plein jour,En agglomération,Intersection en X,Normale,Deux véhicules - côté,,,,,,,,,,,1,2,2,1,3
200600034359,0006-06-21 11:10:00,6,6,21,11,10,590,249,FERNAND PECHEUX (RUE),,,Plein jour,En agglomération,Intersection en T,Normale,Deux véhicules - côté,,,,,,,,,,,1,2,3,1,3
200600034360,0006-06-20 13:20:00,6,6,20,13,20,590,272,ALSACE (RUE D'),,,Plein jour,En agglomération,Intersection en X,Normale,Deux véhicules - côté,,,,,,,,,,,1,2,2,1,3
200600034361,0006-06-14 19:45:00,6,6,14,19,45,590,295,DE MERVILLE,,,Plein jour,En agglomération,Intersection en T,Normale,Deux véhicules - côté,,,,,,,,,,,1,2,3,1,3
200600034362,0006-06-18 14:45:00,6,6,18,14,45,590,324,LEON BLUM (RUE),,,Plein jour,En agglomération,Hors intersection,Normale,Trois véhicules et plus - collisions multiples,,,,,,,,,,,1,2,1,1,5
200600034363,0006-06-01 09:15:00,6,6,1,9,15,590,220,"106, FRANCE ANATOLE RUE",,,Plein jour,En agglomération,Hors intersection,Normale,Autre collision,,,,,,,,,,,1,2,1,1,6
200600034364,0006-06-01 11:00:00,6,6,1,11,0,590,378,"125, MENIN RUE DE",,,Plein jour,En agglomération,Hors intersection,Normale,Autre collision,,,,,,,,,,,1,2,1,1,6
200600034365,0006-06-01 20:55:00,6,6,1,20,55,590,378,"115, CLEMENCEAU BLVD (N°",,,Plein jour,En agglomération,Hors intersection,Normale,Autre collision,,,,,,,,,,,1,2,1,1,6
200600034366,0006-06-03 15:45:00,6,6,3,15,45,590,648,"204, DE GAULLE RUE DU GE",,,Plein jour,En agglomération,Hors intersection,Normale,Autre collision,,,,,,,,,,,1,2,1,1,6
200600034367,0006-06-03 19:15:00,6,6,3,19,15,590,9,", VAN GOGH BOULEVARD",,,Plein jour,En agglomération,Intersection en T,Normale,Deux véhicules - côté,,,,,,,,,,,1,2,3,1,3
200600034368,0006-06-03 21:30:00,6,6,3,21,30,590,350,"176, NATIONALE RUE N°2 A",,,Crépuscule ou aube,En agglomération,Hors intersection,Normale,Deux véhicules - côté,,,,,,,,,,,2,2,1,1,3
200600034369,0006-06-05 18:00:00,6,6,5,18,0,590,350,"7/9, DELESALLE CHARLES R",,,Plein jour,En agglomération,Hors intersection,Normale,Autre collision,,,,,,,,,,,1,2,1,1,6
200600034370,0006-06-06 11:20:00,6,6,6,11,20,590,527,"157, LECLERC RUE DU GENE",,,Plein jour,En agglomération,Hors intersection,Normale,Autre collision,,,,,,,,,,,1,2,1,1,6
200600034371,0006-06-07 20:05:00,6,6,7,20,5,590,566,"31, CEZANNE PAUL RUE",,,Plein jour,En agglomération,Hors intersection,Normale,Autre collision,,,,,,,,,,,1,2,1,1,6
200600034372,0006-06-08 08:15:00,6,6,8,8,15,590,350,REPUBLIQUE AVENUE DE LA,,,Plein jour,En agglomération,Intersection en X,Normale,Deux véhicules - côté,,,,,,,,,,,1,2,2,1,3
200600034373,0006-06-07 18:05:00,6,6,7,18,5,590,386,"001, WAMBRECHIES RUE DE",,,Plein jour,En agglomération,Hors intersection,Normale,Deux véhicules - côté,,,,,,,,,,,1,2,1,1,3
200600034374,0006-06-08 11:00:00,6,6,8,11,0,590,410,"001, NAPOLEON 1ER BOULEV",,,Plein jour,En agglomération,Hors intersection,Normale,Autre collision,,,,,,,,,,,1,2,1,1,6
200600034375,0006-06-08 16:50:00,6,6,8,16,50,590,328,"29, VIERSEN AVENUE DE",,,Plein jour,En agglomération,Hors intersection,Normale,Autre collision,,,,,,,,,,,1,2,1,1,6
200600034376,0006-06-08 19:00:00,6,6,8,19,0,590,350,"136, MONTEBELLO BOULEVAR",,,Plein jour,En agglomération,Hors intersection,Normale,Autre collision,,,,,,,,,,,1,2,1,1,6
200600034377,0006-06-08 17:10:00,6,6,8,17,10,590,9,DOUMER PAUL RUE DU PRESI,,,Plein jour,En agglomération,Hors intersection,Normale,Deux véhicules - arrière,,,,,,,,,,,1,2,1,1,2
200600034378,0006-06-09 13:10:00,6,6,9,13,10,590,350,"59, FAUBOURG DES POSTES",,,Plein jour,En agglomération,Hors intersection,Normale,Autre collision,,,,,,,,,,,1,2,1,1,6
200600034379,0006-06-11 12:50:00,6,6,11,12,50,590,350,"00, FENELON RUE",,,Plein jour,En agglomération,Intersection en T,Normale,Deux véhicules - côté,,,,,,,,,,,1,2,3,1,3
200600034380,0006-06-12 07:45:00,6,6,12,7,45,590,350,"73, BRETAGNE AVENUE DE",,,Plein jour,En agglomération,Hors intersection,Temps éblouissant,Autre collision,,,,,,,,,,,1,2,1,7,6
200600034381,0006-06-12 13:30:00,6,6,12,13,30,590,527,"127, LECLERC RUE DU GENE",,,Plein jour,En agglomération,Hors intersection,Normale,Autre collision,,,,,,,,,,,1,2,1,1,6
200600034382,0006-06-12 12:30:00,6,6,12,12,30,590,410,"001, SANGNIER MARC AVENU",,,Plein jour,En agglomération,Intersection en X,Normale,Deux véhicules - côté,,,,,,,,,,,1,2,2,1,3
200600034383,0006-06-12 14:15:00,6,6,12,14,15,590,9,"156, FUSILLES RUE DES DU",,,Plein jour,En agglomération,Hors intersection,Normale,Autre collision,,,,,,,,,,,1,2,1,1,6
200600034384,0006-06-12 20:15:00,6,6,12,20,15,590,9,"001, BREUCQ BOULEVARD DU",,,Plein jour,En agglomération,Intersection en X,Normale,Deux véhicules - côté,,,,,,,,,,,1,2,2,1,3
200600034385,0006-06-13 16:30:00,6,6,13,16,30,590,350,"71, ARC RUE JEANNE D",,,Plein jour,En agglomération,Intersection en X,Normale,Autre collision,,,,,,,,,,,1,2,2,1,6
200600034386,0006-06-13 17:55:00,6,6,13,17,55,590,350,HUGO VICTOR RUE,,,Plein jour,En agglomération,Intersection en X,Normale,Deux véhicules - côté,,,,,,,,,,,1,2,2,1,3
200600034387,0006-06-14 17:15:00,6,6,14,17,15,590,378,MARNE AVENUE DE LA,,,Plein jour,En agglomération,Hors intersection,Pluie légère,Deux véhicules - arrière,,,,,,,,,,,1,2,1,2,2
200600034388,0006-06-14 11:30:00,6,6,14,11,30,590,350,JOUHAUX LEON PONT,,,Plein jour,En agglomération,Hors intersection,Pluie forte,Deux véhicules - côté,,,,,,,,,,,1,2,1,3,3
200600034389,0006-06-15 15:30:00,6,6,15,15,30,590,350,"87, ALSACE BOULEVARD D",,,Plein jour,En agglomération,Autre intersection,Normale,Autre collision,,,,,,,,,,,1,2,9,1,6
200600034390,0006-06-16 03:30:00,6,6,16,3,30,590,350,"48, MONNAIE RUE",,,Nuit avec éclairage allumé,En agglomération,Hors intersection,Normale,Autre collision,,,,,,,,,,,5,2,1,1,6
200600034391,0006-06-15 17:55:00,6,6,15,17,55,590,350,"59, CANNES RUE DE",,,Plein jour,En agglomération,Hors intersection,Normale,Autre collision,,,,,,,,,,,1,2,1,1,6
200600034392,0006-06-17 20:30:00,6,6,17,20,30,590,609,"22, SAULES RUE DES",,,Plein jour,En agglomération,Hors intersection,Normale,Autre collision,,,,,,,,,,,1,2,1,1,6
200600034393,0006-06-18 17:30:00,6,6,18,17,30,590,636,"01, BRASSENS GEORGES AVE",,,Plein jour,En agglomération,Hors intersection,Normale,Autre collision,,,,,,,,,,,1,2,1,1,6
200600034394,0006-06-19 11:20:00,6,6,19,11,20,590,350,"001, BRETELLE SORTIE RN",,,Plein jour,En agglomération,Intersection en T,Normale,Deux véhicules - côté,,,,,,,,,,,1,2,3,1,3
200600034395,0006-06-19 14:00:00,6,6,19,14,0,590,350,"1A, FAUBOURG D'ARRAS RUE",,,Plein jour,En agglomération,Hors intersection,Normale,Autre collision,,,,,,,,,,,1,2,1,1,6
200600034396,0006-06-19 19:35:00,6,6,19,19,35,590,9,"001, BOIS AVENUE DU PONT",,,Plein jour,En agglomération,Intersection en X,Normale,Autre collision,,,,,,,,,,,1,2,2,1,6
200600034397,0006-06-20 00:45:00,6,6,20,0,45,590,350,CARNOT SADI BV. N°PAIRS,,,Nuit avec éclairage allumé,En agglomération,Intersection en X,Normale,Deux véhicules - côté,,,,,,,,,,,5,2,2,1,3
200600034398,0006-06-20 11:40:00,6,6,20,11,40,590,350,"48, FAIDHERBE RUE",,,Plein jour,En agglomération,Hors intersection,Normale,Autre collision,,,,,,,,,,,1,2,1,1,6
200600034399,0006-06-20 18:40:00,6,6,20,18,40,590,527,"00, GARE RUE DE LA",,,Plein jour,En agglomération,Intersection en Y,Normale,Autre collision,,,,,,,,,,,1,2,4,1,6
200600034400,0006-06-20 08:00:00,6,6,20,8,0,590,378,"2, DELCENSERIE JULES RUE",,,Plein jour,En agglomération,Intersection en X,Normale,Autre collision,,,,,,,,,,,1,2,2,1,6
200600034401,0006-06-20 19:30:00,6,6,20,19,30,590,350,"Sans objet, JOUHAUX LEON",,,Plein jour,En agglomération,Hors intersection,Normale,Autre collision,,,,,,,,,,,1,2,1,1,6
200600034402,0006-06-20 18:05:00,6,6,20,18,5,590,316,"001, LEBAS JEAN BAPTISTE",,,Plein jour,En agglomération,Intersection en X,Normale,Deux véhicules - côté,,,,,,,,,,,1,2,2,1,3
200600034403,0006-06-21 13:20:00,6,6,21,13,20,590,9,"00, BREUCQ BOULEVARD DU",,,Plein jour,En agglomération,Intersection en X,Normale,Autre collision,,,,,,,,,,,1,2,2,1,6
200600034404,0006-06-22 00:30:00,6,6,22,0,30,590,350,"001, CORBUSIER AVENUE LE",,,Nuit avec éclairage allumé,En agglomération,Intersection en X,Normale,Deux véhicules - côté,,,,,,,,,,,5,2,2,1,3
200600034405,0006-06-21 16:10:00,6,6,21,16,10,590,328,DE LATTRE DE TASSIGNY AV,,,Plein jour,En agglomération,Intersection en X,Normale,Deux véhicules - côté,,,,,,,,,,,1,2,2,1,3
200600034406,0006-06-21 22:05:00,6,6,21,22,5,590,328,"001, HIPPODROME AV DE L",,,Crépuscule ou aube,En agglomération,Intersection en Y,Normale,Deux véhicules - côté,,,,,,,,,,,2,2,4,1,3
200600034407,0006-06-22 19:20:00,6,6,22,19,20,590,328,"79, DOUMER PAUL AV. DU P",,,Plein jour,En agglomération,Hors intersection,Normale,Autre collision,,,,,,,,,,,1,2,1,1,6
200600034408,0006-06-23 18:25:00,6,6,23,18,25,590,378,"00, MENIN RUE DE",,,Plein jour,En agglomération,Intersection en X,Normale,Autre collision,,,,,,,,,,,1,2,2,1,6
200600034409,0006-06-20 08:55:00,6,6,20,8,55,590,636,"00, MARQUETTE RUE DE",,,Plein jour,En agglomération,Giratoire,Normale,Autre collision,,,,,,,,,,,1,2,6,1,6
200600034410,0006-06-22 07:35:00,6,6,22,7,35,590,410,"Sans objet, COTY RENE AV",,,Plein jour,En agglomération,Intersection en X,Normale,Autre collision,,,,,,,,,,,1,2,2,1,6
200600034411,0006-06-28 08:00:00,6,6,28,8,0,590,378,"79, MARNE AVENUE DE LA",,,Plein jour,En agglomération,Hors intersection,Normale,Autre collision,,,,,,,,,,,1,2,1,1,6
200600034412,0006-06-27 21:55:00,6,6,27,21,55,590,9,FRANCE ANATOLE RUE,,,Nuit avec éclairage allumé,En agglomération,Intersection en T,Normale,Deux véhicules - côté,,,,,,,,,,,5,2,3,1,3
200600034413,0006-06-28 15:25:00,6,6,28,15,25,590,378,"949, REPUBLIQUE AV DE LA",,,Plein jour,En agglomération,Hors intersection,Normale,Autre collision,,,,,,,,,,,1,2,1,1,6
200600034414,0006-06-19 16:05:00,6,6,19,16,5,590,350,"775, DUNKERQUE AVENUE",,,Plein jour,En agglomération,Hors intersection,Normale,Autre collision,,,,,,,,,,,1,2,1,1,6
200600034415,0006-06-29 11:33:00,6,6,29,11,33,590,286,"Sans objet, VANDERHAGEN",,,Plein jour,En agglomération,Hors intersection,Normale,Autre collision,,,,,,,,,,,1,2,1,1,6
200600034416,0006-06-29 17:00:00,6,6,29,17,0,590,350,ARRAS RUE D,,,Plein jour,En agglomération,Hors intersection,Normale,Autre collision,,,,,,,,,,,1,2,1,1,6
200600034417,0006-06-24 17:25:00,6,6,24,17,25,590,648,REIMS RUE DE,,,Plein jour,En agglomération,Hors intersection,Normale,Sans collision,,,,,,,,,,,1,2,1,1,7
200600034418,0006-06-30 12:00:00,6,6,30,12,0,590,378,"6, MEUNIER PROLONGEE RUE",,,Plein jour,En agglomération,Hors intersection,Normale,Autre collision,,,,,,,,,,,1,2,1,1,6
200600034419,0006-06-30 16:25:00,6,6,30,16,25,590,368,"121, DE GAULLE RUE DU GE",,,Plein jour,En agglomération,Hors intersection,Normale,Autre collision,,,,,,,,,,,1,2,1,1,6
200600034420,0006-06-21 17:25:00,6,6,21,17,25,590,286,"46, GAMBETTA LEON RUE",,,Plein jour,En agglomération,Hors intersection,Pluie légère,Autre collision,,,,,,,,,,,1,2,1,2,6
200600034421,0006-06-09 21:40:00,6,6,9,21,40,590,365,LANDRECIES (ROUTE DE),,,Nuit avec éclairage non allumé,En agglomération,Hors intersection,Normale,Deux véhicules - côté,,,,,,,,,,,4,2,1,1,3
200600034422,0006-06-16 20:10:00,6,6,16,20,10,590,365,PASTEUR (RUE),,,Plein jour,En agglomération,Intersection en T,Normale,Deux véhicules - côté,,,,,,,,,,,1,2,3,1,3
200600034423,0006-06-28 16:05:00,6,6,28,16,5,590,392,LOUIS PASTEUR (BOULEVARD,,,Plein jour,En agglomération,Hors intersection,Normale,Deux véhicules - arrière,,,,,,,,,,,1,2,1,1,2
200600034424,0006-06-02 12:10:00,6,6,2,12,10,590,512,MOTTE (AVENUE ALFRED),,,Plein jour,En agglomération,Hors intersection,Normale,Autre collision,,,,,,,,,,,1,2,1,1,6
200600034425,0006-06-05 09:40:00,6,6,5,9,40,590,163,KLEBER (RUE),,,Plein jour,En agglomération,Hors intersection,Normale,Autre collision,,,,,,,,,,,1,2,1,1,6
200600034426,0006-06-03 15:20:00,6,6,3,15,20,590,512,PARC DES SPORTS (AVENUE,,,Plein jour,En agglomération,Intersection en X,Normale,Autre collision,,,,,,,,,,,1,2,2,1,6