accident_id,datetime,annee,mois,jour,heure,minute,departement,commune_insee,adresse,latitude,longitude,luminosite,agglomeration,intersection,meteo,collision,nb_vehicules,nb_usagers,nb_indemnes,nb_tues,nb_blesses_hosp,nb_blesses_legers,age_cond_1,age_cond_2,veh_type_cond_1,veh_type_cond_2,lum_code,agg_code,int_code,atm_code,col_code
200600034427,0006-06-01 08:30:00,6,6,1,8,30,590,299,NERUDA (RUE PABLO),,,Plein jour,En agglomération,Intersection en T,Normale,Deux véhicules - côté,,,,,,,,,,,1,2,3,1,3
200600034428,0006-06-06 10:25:00,6,6,6,10,25,590,512,MAUFAIT (RUE DE,,,Plein jour,En agglomération,Intersection en X,Normale,Deux véhicules - côté,,,,,,,,,,,1,2,2,1,3
200600034429,0006-06-10 02:10:00,6,6,10,2,10,590,650,UNION (RUE DE L'),,,Nuit avec éclairage allumé,En agglomération,Intersection en X,Normale,Deux véhicules - frontale,,,,,,,,,,,5,2,2,1,1
200600034430,0006-06-10 18:55:00,6,6,10,18,55,590,512,EPEULE  (RUE DE L'),,,Plein jour,En agglomération,Hors intersection,Normale,Autre collision,,,,,,,,,,,1,2,1,1,6
200600034431,0006-06-10 13:30:00,6,6,10,13,30,590,512,QUINT (RUE CHARLES),,,Plein jour,En agglomération,Intersection en X,Normale,Deux véhicules - frontale,,,,,,,,,,,1,2,2,1,1
200600034432,0006-06-11 22:00:00,6,6,11,22,0,590,512,LALANDE (RUE),,,Plein jour,En agglomération,Intersection en T,Normale,Deux véhicules - côté,,,,,,,,,,,1,2,3,1,3
200600034433,0006-06-11 12:35:00,6,6,11,12,35,590,512,LILLE ( RUE DE),,,Plein jour,En agglomération,Intersection en X,Normale,Deux véhicules - côté,,,,,,,,,,,1,2,2,1,3
200600034434,0006-06-12 19:20:00,6,6,12,19,20,590,163,HOLDEN CROTHERS(RUE),,,Plein jour,En agglomération,Intersection en X,Normale,Deux véhicules - côté,,,,,,,,,,,1,2,2,1,3
200600034435,0006-06-12 16:00:00,6,6,12,16,0,590,512,ALGER  (RUE D'),,,Plein jour,En agglomération,Hors intersection,Normale,Deux véhicules - côté,,,,,,,,,,,1,2,1,1,3
200600034436,0006-06-08 19:36:00,6,6,8,19,36,590,646,GRAND COTTIGNIES (AVENUE,,,Plein jour,En agglomération,Autre intersection,Normale,Deux véhicules - côté,,,,,,,,,,,1,2,9,1,3
200600034437,0006-06-11 00:13:00,6,6,11,0,13,590,646,FLANDRE (AVENUE DE),,,Nuit avec éclairage allumé,En agglomération,Hors intersection,Normale,Autre collision,,,,,,,,,,,5,2,1,1,6
200600034438,0006-06-19 16:30:00,6,6,19,16,30,590,512,COGGHE (RUE REMY),,,Plein jour,En agglomération,Hors intersection,Normale,Autre collision,,,,,,,,,,,1,2,1,1,6
200600034439,0006-06-14 17:50:00,6,6,14,17,50,590,367,LECLERC (RUE DU GENERAL),,,Plein jour,En agglomération,Intersection en T,Pluie légère,Deux véhicules - côté,,,,,,,,,,,1,2,3,2,3
200600034440,0006-06-18 19:00:00,6,6,18,19,0,590,650,GUESDE (RUE JULES),,,Plein jour,En agglomération,Hors intersection,Normale,Deux véhicules - côté,,,,,,,,,,,1,2,1,1,3
200600034441,0006-06-10 19:00:00,6,6,10,19,0,590,163,JAURES (RUE JEAN),,,Plein jour,En agglomération,Hors intersection,Normale,Autre collision,,,,,,,,,,,1,2,1,1,6
200600034442,0006-06-21 21:25:00,6,6,21,21,25,590,646,SCHUMANN (PLACE MAURICE),,,Plein jour,En agglomération,Hors intersection,Normale,Autre collision,,,,,,,,,,,1,2,1,1,6
200600034443,0006-06-21 17:00:00,6,6,21,17,0,590,512,BEAUMONT (RUE DE),,,Plein jour,En agglomération,Intersection en X,Normale,Autre collision,,,,,,,,,,,1,2,2,1,6
200600034444,0006-06-26 21:35:00,6,6,26,21,35,590,163,JAURES (RUE JEAN),,,Plein jour,En agglomération,Hors intersection,Temps couvert,Deux véhicules - côté,,,,,,,,,,,1,2,1,8,3
200600034445,0006-06-16 11:30:00,6,6,16,11,30,590,512,VERDUN (AVENUE DE),,,Plein jour,En agglomération,Hors intersection,Normale,Autre collision,,,,,,,,,,,1,2,1,1,6
200600034446,0006-06-16 18:15:00,6,6,16,18,15,590,339,LECLERC (RUE DU MARECHAL,,,Plein jour,En agglomération,Hors intersection,Normale,Trois véhicules et plus - en chaîne,,,,,,,,,,,1,2,1,1,4
200600034447,0006-06-16 08:00:00,6,6,16,8,0,590,512,ALGER (RUE D'),,,Plein jour,En agglomération,Hors intersection,Temps couvert,Autre collision,,,,,,,,,,,1,2,1,8,6
200600034448,0006-06-27 13:25:00,6,6,27,13,25,590,646,FLANDRE (AVENUE DE),,,Plein jour,En agglomération,Hors intersection,Normale,Deux véhicules - côté,,,,,,,,,,,1,2,1,1,3
200600034449,0006-06-28 17:45:00,6,6,28,17,45,590,512,COLLEGE (RUE DU),,,Plein jour,En agglomération,Intersection en X,Normale,Deux véhicules - côté,,,,,,,,,,,1,2,2,1,3
200600034450,0006-06-20 12:30:00,6,6,20,12,30,590,512,LEBAS (AVENUE JEAN),,,Plein jour,En agglomération,Hors intersection,Normale,Deux véhicules - côté,,,,,,,,,,,1,2,1,1,3
200600034451,0006-06-26 18:00:00,6,6,26,18,0,590,512,VOLTA (RUE),,,Plein jour,En agglomération,Hors intersection,Normale,Autre collision,,,,,,,,,,,1,2,1,1,6
200600034452,0006-06-29 15:10:00,6,6,29,15,10,590,163,GUESDE,,,Plein jour,En agglomération,Intersection en X,Normale,Deux véhicules - côté,,,,,,,,,,,1,2,2,1,3
200600034453,0006-06-24 07:55:00,6,6,24,7,55,590,646,JAURES (RUE JEAN),,,Plein jour,En agglomération,Giratoire,Pluie légère,Autre collision,,,,,,,,,,,1,2,6,2,6
200600034454,0006-06-30 14:00:00,6,6,30,14,0,590,512,BEAUREPAIRE (BOULEVARD),,,Plein jour,En agglomération,Hors intersection,Normale,Deux véhicules - côté,,,,,,,,,,,1,2,1,1,3
200600034455,0006-06-26 16:55:00,6,6,26,16,55,590,512,FRASEZ (AVENUE),,,Plein jour,En agglomération,Autre intersection,Normale,Deux véhicules - côté,,,,,,,,,,,1,2,9,1,3
200600034456,0006-06-30 03:20:00,6,6,30,3,20,590,512,EPEULE  (RUE DE L'),,,Nuit avec éclairage allumé,En agglomération,Hors intersection,Normale,Autre collision,,,,,,,,,,,5,2,1,1,6
200600034457,0006-06-21 16:50:00,6,6,21,16,50,590,512,LEBAS (AVENUE JEAN),,,Plein jour,En agglomération,Intersection en X,Temps couvert,Deux véhicules - côté,,,,,,,,,,,1,2,2,8,3
200600034458,0006-06-12 18:30:00,6,6,12,18,30,590,299,COUBRONNE (RUE DU DOCTEU,,,Plein jour,En agglomération,Intersection en T,Normale,Deux véhicules - côté,,,,,,,,,,,1,2,3,1,3
200600034459,0006-06-23 20:05:00,6,6,23,20,5,590,650,LIBERTE (BOULEVARD DE LA,,,Plein jour,En agglomération,Hors intersection,Normale,Sans collision,,,,,,,,,,,1,2,1,1,7
200600034460,0006-06-10 17:50:00,6,6,10,17,50,590,526,"171, HENRI DURRE",,,Plein jour,En agglomération,Hors intersection,Normale,Trois véhicules et plus - collisions multiples,,,,,,,,,,,1,2,1,1,5
200600034461,0006-06-02 16:00:00,6,6,2,16,0,590,526,"NR 4, AV DU CLOS",,,Plein jour,En agglomération,Hors intersection,Normale,Autre collision,,,,,,,,,,,1,2,1,1,6
200600034462,0006-06-10 19:05:00,6,6,10,19,5,590,284,"0.000, CD.40",,,Plein jour,Hors agglomération,Intersection en X,Normale,Deux véhicules - côté,,,,,,,,,,,1,1,2,1,3
200600034463,0006-06-22 13:50:00,6,6,22,13,50,590,526,"0.000, DREVE DE SUCHEMON",,,Plein jour,Hors agglomération,Hors intersection,Normale,Deux véhicules - arrière,,,,,,,,,,,1,1,1,1,2
200600034464,0006-06-19 15:35:00,6,6,19,15,35,590,574,"65, LOUISE MICHEL(BOULEV",,,Plein jour,En agglomération,Hors intersection,Normale,Deux véhicules - côté,,,,,,,,,,,1,2,1,1,3
200600034465,0006-06-01 15:55:00,6,6,1,15,55,590,599,"0, CARNOT (RUE)",,,Plein jour,En agglomération,Intersection en X,Normale,Deux véhicules - côté,,,,,,,,,,,1,2,2,1,3
200600034466,0006-06-03 12:19:00,6,6,3,12,19,590,352,NORD (ROUTE DE LA PLAINE,,,Plein jour,En agglomération,Intersection en X,Normale,Deux véhicules - côté,,,,,,,,,,,1,2,2,1,3
200600034467,0006-06-04 08:55:00,6,6,4,8,55,590,599,"94, HOUPLINE (RUE DU CHÊ",,,Plein jour,En agglomération,Intersection en T,Normale,Deux véhicules - côté,,,,,,,,,,,1,2,3,1,3
200600034468,0006-06-06 20:40:00,6,6,6,20,40,590,352,QUESNOY (RUE),,,Plein jour,En agglomération,Intersection en T,Normale,Deux véhicules - côté,,,,,,,,,,,1,2,3,1,3
200600034469,0006-06-06 20:40:00,6,6,6,20,40,590,426,BRIQUETERIE (RUE),,,Crépuscule ou aube,En agglomération,Intersection en T,Normale,Deux véhicules - côté,,,,,,,,,,,2,2,3,1,3
200600034470,0006-06-07 11:55:00,6,6,7,11,55,590,90,", PERI (RUE GABRIEL)",,,Plein jour,En agglomération,Hors intersection,Normale,Autre collision,,,,,,,,,,,1,2,1,1,6
200600034471,0006-06-07 14:40:00,6,6,7,14,40,590,599,"98, ROSES (RESIDENCE DES",,,Plein jour,En agglomération,Hors intersection,Normale,Autre collision,,,,,,,,,,,1,2,1,1,6
200600034472,0006-06-09 17:45:00,6,6,9,17,45,590,599,CLINQUET (RUE DU),,,Plein jour,En agglomération,Hors intersection,Normale,Autre collision,,,,,,,,,,,1,2,1,1,6
200600034473,0006-06-09 20:15:00,6,6,9,20,15,590,599,"33, FROISSART (RUE JEAN)",,,Plein jour,En agglomération,Intersection en T,Normale,Deux véhicules - côté,,,,,,,,,,,1,2,3,1,3
200600034474,0006-06-14 18:30:00,6,6,14,18,30,590,90,WAMBRECHIES (AVENUE),,,Plein jour,En agglomération,Hors intersection,Pluie forte,Deux véhicules - arrière,,,,,,,,,,,1,2,1,3,2
200600034475,0006-06-16 14:00:00,6,6,16,14,0,590,599,DRAGON (RUE DU),,,Plein jour,En agglomération,Hors intersection,Normale,Autre collision,,,,,,,,,,,1,2,1,1,6
200600034476,0006-06-20 14:20:00,6,6,20,14,20,590,599,"14, BASSIN (RUE DU)",,,Plein jour,En agglomération,Hors intersection,Normale,Autre collision,,,,,,,,,,,1,2,1,1,6
200600034477,0006-06-11 09:00:00,6,6,11,9,0,590,152,HALOT (CHEMIN DU),,,Plein jour,Hors agglomération,Intersection en X,Normale,Deux véhicules - côté,,,,,,,,,,,1,1,2,1,3
200600034478,0006-06-23 13:00:00,6,6,23,13,0,590,279,LYS (RUE DE LA),,,Plein jour,Hors agglomération,Hors intersection,Normale,Deux véhicules - frontale,,,,,,,,,,,1,1,1,1,1
200600034479,0006-06-24 22:10:00,6,6,24,22,10,590,599,"84, COURBET (RUE DE L'AM",,,Crépuscule ou aube,En agglomération,Hors intersection,Autre,Deux véhicules - côté,,,,,,,,,,,2,2,1,9,3
200600034480,0006-06-26 07:45:00,6,6,26,7,45,590,421,LILLE (RUE DE),,,Plein jour,En agglomération,Hors intersection,Pluie légère,Autre collision,,,,,,,,,,,1,2,1,2,6
200600034481,0006-06-27 23:20:00,6,6,27,23,20,590,599,SALENGRO (RUE ROGER),,,Nuit avec éclairage allumé,En agglomération,Place,Normale,Deux véhicules - côté,,,,,,,,,,,5,2,7,1,3
200600034482,0006-06-27 19:05:00,6,6,27,19,5,590,599,"., FAIDHERBE (RUE )",,,Plein jour,En agglomération,Intersection en X,Normale,Deux véhicules - côté,,,,,,,,,,,1,2,2,1,3
200600034483,0006-06-27 04:45:00,6,6,27,4,45,590,352,"140, DESCAMPS (AVENUE RO",,,Nuit sans éclairage public,En agglomération,Hors intersection,Normale,Autre collision,,,,,,,,,,,3,2,1,1,6
200600034484,0006-06-29 20:30:00,6,6,29,20,30,590,599,"INTER, MALCENSE (RUE DE",,,Plein jour,En agglomération,Intersection en X,Normale,Deux véhicules - côté,,,,,,,,,,,1,2,2,1,3
200600034485,0006-06-30 18:45:00,6,6,30,18,45,590,599,"48, VERDUN (RUE DE)",,,Plein jour,En agglomération,Hors intersection,Normale,Autre collision,,,,,,,,,,,1,2,1,1,6
200600034486,0006-06-17 18:45:00,6,6,17,18,45,590,279,"8, VAN DER MEERSCH (RUE",,,Plein jour,En agglomération,Intersection en T,Normale,Autre collision,,,,,,,,,,,1,2,3,1,6
200600034487,0006-06-14 16:00:00,6,6,14,16,0,590,557,BARBUSSE (AVENUE HENRI),,,Plein jour,Hors agglomération,Intersection en X,Normale,Deux véhicules - côté,,,,,,,,,,,1,1,2,1,3
200600034488,0006-06-05 18:30:00,6,6,5,18,30,590,606,HORNE (AVENUE GENERAL),,,Plein jour,En agglomération,Autre intersection,Normale,Deux véhicules - côté,,,,,,,,,,,1,2,9,1,3
200600034489,0006-06-18 19:45:00,6,6,18,19,45,590,112,"44, MERLICANS (RUE DES)",,,Plein jour,En agglomération,Hors intersection,Normale,Autre collision,,,,,,,,,,,1,2,1,1,6
200600034490,0006-06-25 03:05:00,6,6,25,3,5,590,383,ZONE INDUSTRIELLE,,,Nuit avec éclairage allumé,En agglomération,Hors intersection,Normale,Autre collision,,,,,,,,,,,5,2,1,1,6
200600034491,0006-06-11 12:45:00,6,6,11,12,45,590,491,SALENGRO (RUE ROGER),,,Plein jour,En agglomération,Intersection en T,Normale,Autre collision,,,,,,,,,,,1,2,3,1,6
200600034492,0006-06-12 16:45:00,6,6,12,16,45,590,491,GARCIA (RUE CHRISTINO),,,Plein jour,Hors agglomération,Intersection en T,Normale,Deux véhicules - arrière,,,,,,,,,,,1,1,3,1,2
200600034493,0006-06-13 23:02:00,6,6,13,23,2,590,603,RD 40,,,Nuit avec éclairage allumé,Hors agglomération,Intersection en T,Normale,Autre collision,,,,,,,,,,,5,1,3,1,6
200600034494,0006-06-22 14:25:00,6,6,22,14,25,590,606,QUAI DES MINES,,,Plein jour,En agglomération,Intersection en T,Normale,Autre collision,,,,,,,,,,,1,2,3,1,6
200600034495,0006-06-06 08:20:00,6,6,6,8,20,590,491,"240, DURRE (RUE HENRI)",,,Plein jour,En agglomération,Hors intersection,Normale,Trois véhicules et plus - collisions multiples,,,,,,,,,,,1,2,1,1,5
200600034496,0006-06-11 12:15:00,6,6,11,12,15,590,564,RN 30,,,Plein jour,En agglomération,Hors intersection,Normale,Deux véhicules - côté,,,,,,,,,,,1,2,1,1,3
200600034497,0006-06-13 13:45:00,6,6,13,13,45,590,606,", GAY LUSSAC (PLACE)",,,Plein jour,En agglomération,Hors intersection,Normale,Autre collision,,,,,,,,,,,1,2,1,1,6
200600034498,0006-06-24 10:50:00,6,6,24,10,50,590,447,ZONE INDUSTRIELLE N°9,,,Plein jour,Hors agglomération,Hors intersection,Normale,Deux véhicules - côté,,,,,,,,,,,1,1,1,1,3
200600034499,0006-06-20 09:55:00,6,6,20,9,55,590,606,AUVERGNE (RUE D'),,,Plein jour,En agglomération,Intersection en T,Normale,Deux véhicules - côté,,,,,,,,,,,1,2,3,1,3
200600034500,0006-06-24 17:40:00,6,6,24,17,40,590,112,"143, JAURES (RUE JEAN)",,,Plein jour,En agglomération,Hors intersection,Normale,Autre collision,,,,,,,,,,,1,2,1,1,6
200600034501,0006-06-24 13:35:00,6,6,24,13,35,590,544,RD 935 N,,,Plein jour,Hors agglomération,Hors intersection,Normale,Deux véhicules - arrière,,,,,,,,,,,1,1,1,1,2
200600034502,0006-06-23 17:05:00,6,6,23,17,5,590,14,FRANCE (AVENUE ANATOLE),,,Plein jour,En agglomération,Hors intersection,Normale,Deux véhicules - côté,,,,,,,,,,,1,2,1,1,3
200600034503,0006-06-20 12:30:00,6,6,20,12,30,590,459,A 23 ( sortie  sens Lill,,,Plein jour,En agglomération,Intersection en T,Normale,Deux véhicules - côté,,,,,,,,,,,1,2,3,1,3
200600034504,0006-06-20 14:55:00,6,6,20,14,55,590,606,QUAI DES MINES,,,Plein jour,En agglomération,Hors intersection,Normale,Autre collision,,,,,,,,,,,1,2,1,1,6
200600034505,0006-06-26 16:40:00,6,6,26,16,40,590,32,MATISSE (AVENUE HENRI),,,Plein jour,En agglomération,Intersection en X,Normale,Deux véhicules - côté,,,,,,,,,,,1,2,2,1,3
200600034506,0006-06-23 17:35:00,6,6,23,17,35,590,484,"410, QUESNOY (RUE DU)",,,Plein jour,En agglomération,Hors intersection,Normale,Autre collision,,,,,,,,,,,1,2,1,1,6
200600034507,0006-06-24 18:50:00,6,6,24,18,50,590,32,MOUSSERON (RUE JULES),,,Plein jour,Hors agglomération,Giratoire,Normale,Autre collision,,,,,,,,,,,1,1,6,1,6
200600034508,0006-06-20 20:20:00,6,6,20,20,20,600,57,"70, JEAN MERMOZ (AVENUE)",,,Plein jour,En agglomération,Intersection en X,Normale,Deux véhicules - côté,,,,,,,,,,,1,2,2,1,3
200600034509,0006-06-23 22:15:00,6,6,23,22,15,600,57,"57, CLERMONT (RUE DE) IM",,,Nuit avec éclairage allumé,En agglomération,Hors intersection,Normale,Autre collision,,,,,,,,,,,5,2,1,1,6
200600034510,0006-06-17 14:30:00,6,6,17,14,30,600,57,"68, PONTOISE (RUE DE)",,,Plein jour,En agglomération,Hors intersection,Normale,Autre collision,,,,,,,,,,,1,2,1,1,6
200600034511,0006-06-29 15:40:00,6,6,29,15,40,600,57,ROCADE NORD - BAS ROMAIN,,,Plein jour,Hors agglomération,Hors intersection,Normale,Autre collision,,,,,,,,,,,1,1,1,1,6
200600034512,0006-06-15 15:50:00,6,6,15,15,50,600,159,ABBAYE (CARREFOUR DE L'),,,Plein jour,En agglomération,Intersection à plus de 4 branches,Normale,Deux véhicules - côté,,,,,,,,,,,1,2,5,1,3
200600034513,0006-06-20 20:50:00,6,6,20,20,50,600,382,PRAIRIE (DE LA),,,Nuit avec éclairage allumé,En agglomération,Intersection en T,Normale,Deux véhicules - côté,,,,,,,,,,,5,2,3,1,3
200600034514,0006-06-13 18:40:00,6,6,13,18,40,600,175,DOLET (RUE ETIENNE),,,Plein jour,En agglomération,Intersection en X,Normale,Deux véhicules - frontale,,,,,,,,,,,1,2,2,1,1
200600034515,0006-06-16 19:40:00,6,6,16,19,40,600,175,RD 201_ROND POINT P.BLAN,,,Plein jour,Hors agglomération,Hors intersection,Normale,Deux véhicules - côté,,,,,,,,,,,1,1,1,1,3
200600034516,0006-06-28 20:00:00,6,6,28,20,0,600,175,PUVIS DE CHAVANNE (AVENU,,,Plein jour,En agglomération,Intersection en T,Normale,Deux véhicules - côté,,,,,,,,,,,1,2,3,1,3
200600034517,0006-06-21 17:30:00,6,6,21,17,30,600,601,BLUM (RUE LEON),,,Plein jour,En agglomération,Hors intersection,Normale,Autre collision,,,,,,,,,,,1,2,1,1,6
200600034518,0006-06-01 19:25:00,6,6,1,19,25,610,1,"4, CHATEAUBRIAND (RUE)",,,Plein jour,Hors agglomération,Hors intersection,Normale,Deux véhicules - arrière,,,,,,,,,,,1,1,1,1,2
200600034519,0006-06-09 12:15:00,6,6,9,12,15,610,1,"3, RUE MATIGNON",,,Plein jour,En agglomération,Hors intersection,Normale,Sans collision,,,,,,,,,,,1,2,1,1,7
200600034520,0006-06-08 17:20:00,6,6,8,17,20,610,1,"149, REPUBLIQUE (BOULEVA",,,Plein jour,Hors agglomération,Hors intersection,Normale,Autre collision,,,,,,,,,,,1,1,1,1,6
200600034521,0006-06-23 17:55:00,6,6,23,17,55,610,1,"1, COURTEILLE ( AVENUE D",,,Plein jour,Hors agglomération,Intersection en X,Normale,Deux véhicules - côté,,,,,,,,,,,1,1,2,1,3
200600034522,0006-06-26 08:10:00,6,6,26,8,10,610,143,RN 12 (ROUTE NATIONALE),,,Plein jour,Hors agglomération,Hors intersection,Temps couvert,Autre collision,,,,,,,,,,,1,1,1,8,6
200600034523,0006-06-10 17:50:00,6,6,10,17,50,610,6,"11, CORDAY (RUE CHARLOTT",,,Plein jour,En agglomération,Intersection en T,Normale,Deux véhicules - côté,,,,,,,,,,,1,2,3,1,3
200600034524,0006-06-28 13:50:00,6,6,28,13,50,610,6,GUYNEMER (PLACE),,,Plein jour,En agglomération,Hors intersection,Normale,Sans collision,,,,,,,,,,,1,2,1,1,7
200600034525,0006-06-15 14:14:00,6,6,15,14,14,610,466,LE DOMAINE (LIEU-DIT),,,Plein jour,En agglomération,Hors intersection,Normale,Deux véhicules - frontale,,,,,,,,,,,1,2,1,1,1
200600034526,0006-06-28 14:55:00,6,6,28,14,55,610,169,GRANDS CHAMPS (LES),,,Plein jour,En agglomération,Hors intersection,Normale,Autre collision,,,,,,,,,,,1,2,1,1,6
200600034527,0006-06-04 18:20:00,6,6,4,18,20,610,218,"41, IFS MILLENAIRES (RUE",,,Plein jour,En agglomération,Intersection à plus de 4 branches,Normale,Deux véhicules - côté,,,,,,,,,,,1,2,5,1,3
200600034528,0006-06-08 07:40:00,6,6,8,7,40,620,263,"14, MOULIN(RUE JEAN)",,,Plein jour,En agglomération,Hors intersection,Normale,Autre collision,,,,,,,,,,,1,2,1,1,6
200600034529,0006-06-19 13:30:00,6,6,19,13,30,620,41,"0, CAMBRAI (DE)",,,Plein jour,En agglomération,Intersection en T,Normale,Deux véhicules - côté,,,,,,,,,,,1,2,3,1,3
200600034530,0006-06-23 19:10:00,6,6,23,19,10,620,41,"22, BAPAUME (ROUTE DE)",,,Plein jour,En agglomération,Hors intersection,Normale,Deux véhicules - arrière,,,,,,,,,,,1,2,1,1,2
200600034531,0006-06-03 18:00:00,6,6,3,18,0,620,48,ALPES (DES),,,Plein jour,En agglomération,Intersection en X,Normale,Deux véhicules - côté,,,,,,,,,,,1,2,2,1,3
200600034532,0006-06-07 15:05:00,6,6,7,15,5,620,48,"13, BAPAUME (DE)",,,Plein jour,En agglomération,Hors intersection,Normale,Autre collision,,,,,,,,,,,1,2,1,1,6
200600034533,0006-06-09 18:15:00,6,6,9,18,15,620,65,"7, FRANCE (BOULEVARD ANA",,,Plein jour,En agglomération,Hors intersection,Normale,Deux véhicules - frontale,,,,,,,,,,,1,2,1,1,1
200600034534,0006-06-18 19:30:00,6,6,18,19,30,620,724,"25, CEZANNE",,,Plein jour,En agglomération,Intersection en X,Normale,Deux véhicules - côté,,,,,,,,,,,1,2,2,1,3
200600034535,0006-06-19 19:43:00,6,6,19,19,43,620,277,"2, LA FONTAINE",,,Plein jour,En agglomération,Hors intersection,Normale,Autre collision,,,,,,,,,,,1,2,1,1,6
200600034536,0006-06-22 20:40:00,6,6,22,20,40,620,570,"19, ROLLIN (LEDRU)",,,Crépuscule ou aube,En agglomération,Hors intersection,Normale,Autre collision,,,,,,,,,,,2,2,1,1,6
200600034537,0006-06-26 12:20:00,6,6,26,12,20,620,108,CHARLES ROUSSEL,,,Plein jour,En agglomération,Hors intersection,Normale,Autre collision,,,,,,,,,,,1,2,1,1,6
200600034538,0006-06-05 20:06:00,6,6,5,20,6,620,108,CHARLES ROUSSEL,,,Plein jour,En agglomération,Intersection en T,Normale,Deux véhicules - côté,,,,,,,,,,,1,2,3,1,3
200600034539,0006-06-10 17:10:00,6,6,10,17,10,620,108,"1, HUIT MAI",,,Plein jour,En agglomération,Intersection en X,Normale,Deux véhicules - côté,,,,,,,,,,,1,2,2,1,3
200600034540,0006-06-02 16:00:00,6,6,2,16,0,620,119,MOULIN ( BOULEVARD JEAN,,,Plein jour,En agglomération,Hors intersection,Normale,Deux véhicules - côté,,,,,,,,,,,1,2,1,1,3
200600034541,0006-06-05 15:00:00,6,6,5,15,0,620,119,"7, LUXEMBOURG ( BOULEVAR",,,Plein jour,En agglomération,Hors intersection,Normale,Autre collision,,,,,,,,,,,1,2,1,1,6
200600034542,0006-06-17 20:35:00,6,6,17,20,35,620,841,"10, SAINT VENANT ( RUE D",,,Plein jour,En agglomération,Hors intersection,Normale,Sans collision,,,,,,,,,,,1,2,1,1,7
200600034543,0006-06-02 08:45:00,6,6,2,8,45,620,119,"584, CONFLANS SAINTE HON",,,Plein jour,Hors agglomération,Hors intersection,Normale,Autre collision,,,,,,,,,,,1,1,1,1,6
200600034544,0006-06-12 10:30:00,6,6,12,10,30,620,35,"10, MORINIE ( AVENUE DE",,,Plein jour,En agglomération,Hors intersection,Normale,Deux véhicules - arrière,,,,,,,,,,,1,2,1,1,2
200600034545,0006-06-12 10:45:00,6,6,12,10,45,620,119,"1, ALBERT 1ER ( RUE )",,,Plein jour,En agglomération,Hors intersection,Normale,Autre collision,,,,,,,,,,,1,2,1,1,6
200600034546,0006-06-03 17:25:00,6,6,3,17,25,620,160,"0, CHATILLON (Bld de)",,,Plein jour,En agglomération,Hors intersection,Normale,Deux véhicules - côté,,,,,,,,,,,1,2,1,1,3
200600034547,0006-06-12 20:40:00,6,6,12,20,40,620,160,"4, FARJON (Rue Roger)",,,Plein jour,En agglomération,Hors intersection,Normale,Sans collision,,,,,,,,,,,1,2,1,1,7
200600034548,0006-06-24 12:45:00,6,6,24,12,45,620,893,"02, AUDRAN ( Rue Edmond)",,,Plein jour,En agglomération,Hors intersection,Normale,Autre collision,,,,,,,,,,,1,2,1,1,6
200600034549,0006-06-24 13:40:00,6,6,24,13,40,620,758,"0, AUCHAN ( Parking  Cen",,,Plein jour,Hors agglomération,Intersection en X,Normale,Deux véhicules - côté,,,,,,,,,,,1,1,2,1,3
200600034550,0006-06-28 21:13:00,6,6,28,21,13,620,160,NATIONALE (Rue),,,Plein jour,En agglomération,Giratoire,Normale,Deux véhicules - côté,,,,,,,,,,,1,2,6,1,3
200600034551,0006-06-11 21:00:00,6,6,11,21,0,620,178,"732, DESCAMPS ( PAUL )",,,Plein jour,En agglomération,Hors intersection,Normale,Autre collision,,,,,,,,,,,1,2,1,1,6
200600034552,0006-06-07 18:50:00,6,6,7,18,50,620,244,"20, ANCIENS COMBATTANTS",,,Plein jour,En agglomération,Hors intersection,Normale,Deux véhicules - arrière,,,,,,,,,,,1,2,1,1,2
200600034553,0006-06-01 20:35:00,6,6,1,20,35,620,215,"115, FRETE (CHE. DE LA)",,,Plein jour,En agglomération,Hors intersection,Pluie légère,Deux véhicules - arrière,,,,,,,,,,,1,2,1,2,2
200600034554,0006-06-02 19:05:00,6,6,2,19,5,620,33,"sans, BOURBOULE (R DE LA",,,Plein jour,En agglomération,Hors intersection,Normale,Deux véhicules - côté,,,,,,,,,,,1,2,1,1,3
200600034555,0006-06-20 19:50:00,6,6,20,19,50,620,250,"41, GARE (R DE LA)",,,Plein jour,En agglomération,Hors intersection,Normale,Deux véhicules - côté,,,,,,,,,,,1,2,1,1,3
200600034556,0006-06-30 15:40:00,6,6,30,15,40,620,907,"sans, RN 17",,,Plein jour,Hors agglomération,Intersection en T,Normale,Trois véhicules et plus - collisions multiples,,,,,,,,,,,1,1,3,1,5
200600034557,0006-06-21 17:35:00,6,6,21,17,35,620,413,"SANS, DEBARGE (R CHARLES",,,Plein jour,En agglomération,Intersection en T,Pluie légère,Deux véhicules - frontale,,,,,,,,,,,1,2,3,2,1
200600034558,0006-06-13 10:20:00,6,6,13,10,20,620,457,"4, GALLIENI (RUE DU MARE",,,Plein jour,En agglomération,Hors intersection,Normale,Deux véhicules - frontale,,,,,,,,,,,1,2,1,1,1
200600034559,0006-06-23 17:25:00,6,6,23,17,25,620,457,CD301,,,Plein jour,Hors agglomération,Hors intersection,Normale,Deux véhicules - frontale,,,,,,,,,,,1,1,1,1,1
200600034560,0006-06-26 17:30:00,6,6,26,17,30,620,249,"SANS, BUISSON (R FERDINA",,,Plein jour,En agglomération,Intersection en T,Normale,Trois véhicules et plus - en chaîne,,,,,,,,,,,1,2,3,1,4
200600034561,0006-06-07 18:10:00,6,6,7,18,10,620,427,"0, AMPERE (R)",,,Plein jour,En agglomération,Hors intersection,Normale,Deux véhicules - côté,,,,,,,,,,,1,2,1,1,3