accident_id,datetime,annee,mois,jour,heure,minute,departement,commune_insee,adresse,latitude,longitude,luminosite,agglomeration,intersection,meteo,collision,nb_vehicules,nb_usagers,nb_indemnes,nb_tues,nb_blesses_hosp,nb_blesses_legers,age_cond_1,age_cond_2,veh_type_cond_1,veh_type_cond_2,lum_code,agg_code,int_code,atm_code,col_code
200600034562,0006-06-12 07:40:00,6,6,12,7,40,620,274,"0, SALENGRO (R ROGER )",,,Plein jour,Hors agglomération,Intersection en T,Normale,Deux véhicules - côté,,,,,,,,,,,1,1,3,1,3
200600034563,0006-06-30 12:40:00,6,6,30,12,40,620,427,"0, DIX MARS 1962 (BD DU)",,,Plein jour,En agglomération,Hors intersection,Neige / grêle,Deux véhicules - frontale,,,,,,,,,,,1,2,1,4,1
200600034564,0006-06-28 13:30:00,6,6,28,13,30,620,587,"23, CREIL (R DE)",,,Plein jour,En agglomération,Hors intersection,Normale,Autre collision,,,,,,,,,,,1,2,1,1,6
200600034565,0006-06-09 12:05:00,6,6,9,12,5,620,771,"sans, D252 (DEP)",,,Plein jour,Hors agglomération,Hors intersection,Normale,Autre collision,,,,,,,,,,,1,1,1,1,6
200600034566,0006-06-12 09:07:00,6,6,12,9,7,620,498,"44, ARRAS (RTE  D')",,,Plein jour,En agglomération,Hors intersection,Normale,Autre collision,,,,,,,,,,,1,2,1,1,6
200600034567,0006-06-14 12:53:00,6,6,14,12,53,620,498,"33, QUATRE SEPTEMBRE (AV",,,Plein jour,En agglomération,Hors intersection,Pluie forte,Autre collision,,,,,,,,,,,1,2,1,3,6
200600034568,0006-06-06 17:10:00,6,6,6,17,10,620,464,"sans, BASSEE (RTE DE LA)",,,Plein jour,Hors agglomération,Intersection en T,Normale,Deux véhicules - côté,,,,,,,,,,,1,1,3,1,3
200600034569,0006-06-06 11:15:00,6,6,6,11,15,620,771,"sans, VAILLANT (R EDOUAR",,,Plein jour,En agglomération,Hors intersection,Neige / grêle,Trois véhicules et plus - en chaîne,,,,,,,,,,,1,2,1,4,4
200600034570,0006-06-21 17:42:00,6,6,21,17,42,620,498,"sans, BETHUNE (RTE DE)",,,Plein jour,En agglomération,Intersection en T,Pluie légère,Deux véhicules - côté,,,,,,,,,,,1,2,3,2,3
200600034571,0006-06-28 07:15:00,6,6,28,7,15,620,498,"235, BASSEE (RTE DE LA)",,,Plein jour,En agglomération,Hors intersection,Normale,Autre collision,,,,,,,,,,,1,2,1,1,6
200600034572,0006-06-13 12:21:00,6,6,13,12,21,620,498,"sans, ALAIN (R)",,,Plein jour,En agglomération,Intersection en X,Normale,Deux véhicules - côté,,,,,,,,,,,1,2,2,1,3
200600034573,0006-06-13 08:50:00,6,6,13,8,50,620,510,"., MOULINAGE (R DU)",,,Plein jour,En agglomération,Hors intersection,Normale,Deux véhicules - arrière,,,,,,,,,,,1,2,1,1,2
200600034574,0006-06-06 08:12:00,6,6,6,8,12,620,510,"., BLANQUI (R)",,,Plein jour,En agglomération,Hors intersection,Normale,Autre collision,,,,,,,,,,,1,2,1,1,6
200600034575,0006-06-09 19:20:00,6,6,9,19,20,620,19,"40, BULLY (R DE)",,,Plein jour,En agglomération,Hors intersection,Normale,Autre collision,,,,,,,,,,,1,2,1,1,6
200600034576,0006-06-22 14:15:00,6,6,22,14,15,620,510,"., TASSIGNY (R DU MAL. D",,,Plein jour,En agglomération,Hors intersection,Normale,Autre collision,,,,,,,,,,,1,2,1,1,6
200600034577,0006-06-02 16:49:00,6,6,2,16,49,620,510,"., JAURES (AV JEAN )",,,Plein jour,En agglomération,Hors intersection,Normale,Deux véhicules - arrière,,,,,,,,,,,1,2,1,1,2
200600034578,0006-06-30 21:40:00,6,6,30,21,40,620,510,"., LACHENAL (R LOUIS)",,,Plein jour,En agglomération,Hors intersection,Normale,Autre collision,,,,,,,,,,,1,2,1,1,6
200600034579,0006-06-29 14:55:00,6,6,29,14,55,620,386,"., PLAINE (BD DE LA)",,,Plein jour,En agglomération,Hors intersection,Normale,Autre collision,,,,,,,,,,,1,2,1,1,6
200600034580,0006-06-30 15:26:00,6,6,30,15,26,620,510,"., BASLY (R EMILE)",,,Plein jour,En agglomération,Hors intersection,Normale,Autre collision,,,,,,,,,,,1,2,1,1,6
200600034581,0006-06-02 08:45:00,6,6,2,8,45,630,75,"5, VILLARS (AVENUE DE)",,,Plein jour,En agglomération,Hors intersection,Normale,Autre collision,,,,,,,,,,,1,2,1,1,6
200600034582,0006-06-03 00:45:00,6,6,3,0,45,630,113,"1, BALLAINVILLIERS (RUE)",,,Nuit avec éclairage non allumé,En agglomération,Hors intersection,Normale,Autre collision,,,,,,,,,,,4,2,1,1,6
200600034583,0006-06-03 00:50:00,6,6,3,0,50,630,14,"1, ROUSSILLON (AVENUE DU",,,Nuit sans éclairage public,Hors agglomération,Hors intersection,Normale,Autre collision,,,,,,,,,,,3,1,1,1,6
200600034584,0006-06-03 16:35:00,6,6,3,16,35,630,113,"1, BRIAND (BD ARISTIDE)",,,Plein jour,En agglomération,Hors intersection,Normale,Deux véhicules - côté,,,,,,,,,,,1,2,1,1,3
200600034585,0006-06-03 17:45:00,6,6,3,17,45,630,113,"79, JAURES (BD JEAN)",,,Plein jour,En agglomération,Hors intersection,Normale,Autre collision,,,,,,,,,,,1,2,1,1,6
200600034586,0006-06-04 20:55:00,6,6,4,20,55,630,113,"1, FLAUBERT (BD GUSTAVE)",,,Plein jour,En agglomération,Hors intersection,Normale,Autre collision,,,,,,,,,,,1,2,1,1,6
200600034587,0006-06-05 06:40:00,6,6,5,6,40,630,113,"1, SOUS LES VIGNES (RUE)",,,Plein jour,En agglomération,Hors intersection,Normale,Autre collision,,,,,,,,,,,1,2,1,1,6
200600034588,0006-06-05 18:20:00,6,6,5,18,20,630,14,"1, ROUSSILLON (AVENUE DU",,,Plein jour,En agglomération,Hors intersection,Normale,Deux véhicules - arrière,,,,,,,,,,,1,2,1,1,2
200600034589,0006-06-06 09:25:00,6,6,6,9,25,630,113,"1, JAURES (BD JEAN)",,,Plein jour,En agglomération,Hors intersection,Normale,Autre collision,,,,,,,,,,,1,2,1,1,6
200600034590,0006-06-06 14:15:00,6,6,6,14,15,630,113,"1, SAINT JEAN (BD)",,,Plein jour,En agglomération,Hors intersection,Normale,Deux véhicules - arrière,,,,,,,,,,,1,2,1,1,2
200600034591,0006-06-07 12:15:00,6,6,7,12,15,630,113,"1, VERNE (RUE JULES)",,,Plein jour,En agglomération,Hors intersection,Normale,Autre collision,,,,,,,,,,,1,2,1,1,6
200600034592,0006-06-07 18:50:00,6,6,7,18,50,630,113,"119, LAFAYETTE (BD)",,,Plein jour,En agglomération,Hors intersection,Normale,Deux véhicules - côté,,,,,,,,,,,1,2,1,1,3
200600034593,0006-06-08 11:45:00,6,6,8,11,45,630,113,"154, ORADOU (RUE DE L')",,,Plein jour,En agglomération,Hors intersection,Normale,Autre collision,,,,,,,,,,,1,2,1,1,6
200600034594,0006-06-08 15:50:00,6,6,8,15,50,630,14,"74, ROCHE GENES (RUE)",,,Plein jour,En agglomération,Hors intersection,Normale,Autre collision,,,,,,,,,,,1,2,1,1,6
200600034595,0006-06-08 16:00:00,6,6,8,16,0,630,113,"1, BRUGIERE (BD AMBROISE",,,Plein jour,En agglomération,Hors intersection,Normale,Trois véhicules et plus - collisions multiples,,,,,,,,,,,1,2,1,1,5
200600034596,0006-06-08 18:00:00,6,6,8,18,0,630,32,"1, MASAGE (RUE DU)",,,Plein jour,En agglomération,Intersection en T,Normale,Deux véhicules - côté,,,,,,,,,,,1,2,3,1,3
200600034597,0006-06-09 04:20:00,6,6,9,4,20,630,75,ROYAT (AVENUE DE),,,Nuit avec éclairage allumé,En agglomération,Hors intersection,Normale,Autre collision,,,,,,,,,,,5,2,1,1,6
200600034598,0006-06-09 21:00:00,6,6,9,21,0,630,113,"1, BRUGIERE (BD AMBROISE",,,Plein jour,En agglomération,Hors intersection,Normale,Autre collision,,,,,,,,,,,1,2,1,1,6
200600034599,0006-06-10 05:45:00,6,6,10,5,45,630,14,"24, NOELLET (AVENUE JEAN",,,Plein jour,En agglomération,Hors intersection,Normale,Sans collision,,,,,,,,,,,1,2,1,1,7
200600034600,0006-06-10 12:45:00,6,6,10,12,45,630,70,BEAUMONT (AVENUE DE),,,Plein jour,En agglomération,Hors intersection,Normale,Deux véhicules - côté,,,,,,,,,,,1,2,1,1,3
200600034601,0006-06-10 19:55:00,6,6,10,19,55,630,113,"21, PUY DE DOME (AVENUE",,,Plein jour,En agglomération,Hors intersection,Normale,Autre collision,,,,,,,,,,,1,2,1,1,6
200600034602,0006-06-12 16:05:00,6,6,12,16,5,630,113,"1, AGRICULTURE (AVENUE D",,,Plein jour,En agglomération,Hors intersection,Normale,Autre collision,,,,,,,,,,,1,2,1,1,6
200600034603,0006-06-13 08:20:00,6,6,13,8,20,630,113,"1, SAINT JEAN (BD)",,,Plein jour,En agglomération,Hors intersection,Normale,Deux véhicules - côté,,,,,,,,,,,1,2,1,1,3
200600034604,0006-06-14 19:15:00,6,6,14,19,15,630,113,"3, JACOBINS (RUE DES)",,,Plein jour,En agglomération,Hors intersection,Pluie légère,Autre collision,,,,,,,,,,,1,2,1,2,6
200600034605,0006-06-15 17:25:00,6,6,15,17,25,630,113,"25, UNION SOVIETIQUE (AV",,,Plein jour,En agglomération,Hors intersection,Normale,Autre collision,,,,,,,,,,,1,2,1,1,6
200600034606,0006-06-16 17:30:00,6,6,16,17,30,630,113,"37, REPUBLIQUE (AVENUE D",,,Plein jour,En agglomération,Hors intersection,Normale,Deux véhicules - arrière,,,,,,,,,,,1,2,1,1,2
200600034607,0006-06-16 20:05:00,6,6,16,20,5,630,14,CRISTAL (AVENUE ERNEST),,,Plein jour,En agglomération,Hors intersection,Normale,Autre collision,,,,,,,,,,,1,2,1,1,6
200600034608,0006-06-17 11:20:00,6,6,17,11,20,630,113,"1, GIRAUD (RUE CARDINAL)",,,Plein jour,En agglomération,Intersection en X,Normale,Autre collision,,,,,,,,,,,1,2,2,1,6
200600034609,0006-06-17 19:30:00,6,6,17,19,30,630,75,"74, THERMALE (AVENUE)",,,Plein jour,En agglomération,Hors intersection,Normale,Autre collision,,,,,,,,,,,1,2,1,1,6
200600034610,0006-06-18 13:35:00,6,6,18,13,35,630,14,D799,,,Plein jour,Hors agglomération,Hors intersection,Normale,Autre collision,,,,,,,,,,,1,1,1,1,6
200600034611,0006-06-20 17:55:00,6,6,20,17,55,630,113,"25, BENNETT (RUE GORDON)",,,Plein jour,En agglomération,Hors intersection,Normale,Autre collision,,,,,,,,,,,1,2,1,1,6
200600034612,0006-06-20 19:15:00,6,6,20,19,15,630,113,"1, TORPILLEUR SIROCCO (R",,,Plein jour,En agglomération,Intersection en X,Normale,Deux véhicules - côté,,,,,,,,,,,1,2,2,1,3
200600034613,0006-06-21 21:05:00,6,6,21,21,5,630,113,", ITALIE (AVENUE DE L')",,,Plein jour,En agglomération,Hors intersection,Normale,Autre collision,,,,,,,,,,,1,2,1,1,6
200600034614,0006-06-21 17:10:00,6,6,21,17,10,630,113,"117, LAFAYETTE (BD)",,,Plein jour,En agglomération,Hors intersection,Normale,Autre collision,,,,,,,,,,,1,2,1,1,6
200600034615,0006-06-21 18:15:00,6,6,21,18,15,630,113,"1, CHATEAU DES VERGNES (",,,Plein jour,En agglomération,Hors intersection,Normale,Deux véhicules - côté,,,,,,,,,,,1,2,1,1,3
200600034616,0006-06-21 21:06:00,6,6,21,21,6,630,113,"1, BERTHELOT (BOULEVARD)",,,Plein jour,En agglomération,Autre intersection,Normale,Autre collision,,,,,,,,,,,1,2,9,1,6
200600034617,0006-06-22 16:30:00,6,6,22,16,30,630,113,"1, LAFAYETTE (BD)",,,Plein jour,En agglomération,Hors intersection,Normale,Autre collision,,,,,,,,,,,1,2,1,1,6
200600034618,0006-06-22 17:30:00,6,6,22,17,30,630,113,"1, RENOUX (PLACE)",,,Plein jour,En agglomération,Hors intersection,Normale,Autre collision,,,,,,,,,,,1,2,1,1,6
200600034619,0006-06-23 06:40:00,6,6,23,6,40,630,113,BLERIOT (AVENUE LOUIS),,,Plein jour,Hors agglomération,Intersection en X,Normale,Autre collision,,,,,,,,,,,1,1,2,1,6
200600034620,0006-06-23 08:30:00,6,6,23,8,30,630,113,"21, REPUBLIQUE (AVENUE D",,,Plein jour,En agglomération,Hors intersection,Normale,Autre collision,,,,,,,,,,,1,2,1,1,6
200600034621,0006-06-23 16:30:00,6,6,23,16,30,630,113,"1, FRANCE (RUE ANATOLE)",,,Plein jour,En agglomération,Hors intersection,Normale,Deux véhicules - côté,,,,,,,,,,,1,2,1,1,3
200600034622,0006-06-23 19:38:00,6,6,23,19,38,630,113,"1, AMBOISE (RUE D')",,,Plein jour,En agglomération,Hors intersection,Normale,Autre collision,,,,,,,,,,,1,2,1,1,6
200600034623,0006-06-25 02:20:00,6,6,25,2,20,630,113,"8, DUMAS (BD J.BAPTISTE)",,,Nuit avec éclairage allumé,En agglomération,Hors intersection,Normale,Autre collision,,,,,,,,,,,5,2,1,1,6
200600034624,0006-06-25 18:30:00,6,6,25,18,30,630,113,"2, TRIOUX (RUE DES)",,,Plein jour,En agglomération,Hors intersection,Normale,Autre collision,,,,,,,,,,,1,2,1,1,6
200600034625,0006-06-26 13:20:00,6,6,26,13,20,630,113,MONTALEMBERT (RUE),,,Plein jour,En agglomération,Hors intersection,Normale,Autre collision,,,,,,,,,,,1,2,1,1,6
200600034626,0006-06-27 09:35:00,6,6,27,9,35,630,113,REPUBLIQUE (AVENUE DE LA,,,Plein jour,En agglomération,Intersection en T,Normale,Autre collision,,,,,,,,,,,1,2,3,1,6
200600034627,0006-06-29 13:30:00,6,6,29,13,30,630,113,"1, BONNABAUD (RUE)",,,Plein jour,En agglomération,Hors intersection,Normale,Deux véhicules - frontale,,,,,,,,,,,1,2,1,1,1
200600034628,0006-06-29 18:10:00,6,6,29,18,10,630,113,KENNEDY (BD J.F.),,,Plein jour,En agglomération,Hors intersection,Normale,Autre collision,,,,,,,,,,,1,2,1,1,6
200600034629,0006-06-29 21:30:00,6,6,29,21,30,630,70,"1, MONTAGNARDS (RUE DES)",,,Plein jour,En agglomération,Hors intersection,Normale,Autre collision,,,,,,,,,,,1,2,1,1,6
200600034630,0006-06-30 13:43:00,6,6,30,13,43,630,113,PONT NATUREL (RUE DU),,,Plein jour,En agglomération,Autre intersection,Normale,Autre collision,,,,,,,,,,,1,2,9,1,6
200600034631,0006-06-03 00:25:00,6,6,3,0,25,630,124,LAVEUSES (RUE DES),,,Nuit sans éclairage public,En agglomération,Hors intersection,Normale,Deux véhicules - côté,,,,,,,,,,,3,2,1,1,3
200600034632,0006-06-06 17:50:00,6,6,6,17,50,630,124,"22, LECLERC (AVENUE MARE",,,Plein jour,En agglomération,Intersection en Y,Normale,Deux véhicules - arrière,,,,,,,,,,,1,2,4,1,2
200600034633,0006-06-02 09:33:00,6,6,2,9,33,630,124,SARLIEVES (RUE DE),,,Plein jour,Hors agglomération,Hors intersection,Normale,Trois véhicules et plus - en chaîne,,,,,,,,,,,1,1,1,1,4
200600034634,0006-06-22 14:30:00,6,6,22,14,30,630,124,"17, DOMES (AVENUE DES)",,,Plein jour,En agglomération,Hors intersection,Normale,Autre collision,,,,,,,,,,,1,2,1,1,6
200600034635,0006-06-03 07:30:00,6,6,3,7,30,630,164,Route départementale 210,,,Plein jour,Hors agglomération,Giratoire,Normale,Deux véhicules - côté,,,,,,,,,,,1,1,6,1,3
200600034636,0006-06-10 15:10:00,6,6,10,15,10,630,164,PATURAL (HLM LE),,,Plein jour,En agglomération,Hors intersection,Normale,Autre collision,,,,,,,,,,,1,2,1,1,6
200600034637,0006-06-13 15:05:00,6,6,13,15,5,630,164,route départementale 722,,,Plein jour,Hors agglomération,Intersection en T,Normale,Deux véhicules - côté,,,,,,,,,,,1,1,3,1,3
200600034638,0006-06-17 14:40:00,6,6,17,14,40,630,19,"10, JAURES (AVENUE JEAN)",,,Plein jour,Hors agglomération,Intersection en T,Normale,Deux véhicules - frontale,,,,,,,,,,,1,1,3,1,1
200600034639,0006-06-25 15:35:00,6,6,25,15,35,630,19,"25, SAINT-EXUPERY (AVENU",,,Plein jour,En agglomération,Hors intersection,Normale,Deux véhicules - côté,,,,,,,,,,,1,2,1,1,3
200600034640,0006-06-27 08:05:00,6,6,27,8,5,630,63,VERTE (RUE),,,Plein jour,En agglomération,Hors intersection,Normale,Trois véhicules et plus - en chaîne,,,,,,,,,,,1,2,1,1,4
200600034641,0006-06-07 07:50:00,6,6,7,7,50,630,245,ROCADE RD 446,,,Plein jour,Hors agglomération,Autre intersection,Normale,Deux véhicules - arrière,,,,,,,,,,,1,1,9,1,2
200600034642,0006-06-04 20:18:00,6,6,4,20,18,640,24,"26, BOUNEY (RUE DE)",,,Plein jour,En agglomération,Hors intersection,Normale,Autre collision,,,,,,,,,,,1,2,1,1,6
200600034643,0006-06-06 09:35:00,6,6,6,9,35,640,24,BARRE (ROND POINT DE LA),,,Plein jour,En agglomération,Giratoire,Normale,Deux véhicules - frontale,,,,,,,,,,,1,2,6,1,1
200600034644,0006-06-08 23:40:00,6,6,8,23,40,640,24,BARRE (PROMENADE DE LA),,,Nuit avec éclairage allumé,En agglomération,Intersection en Y,Normale,Autre collision,,,,,,,,,,,5,2,4,1,6
200600034645,0006-06-11 18:41:00,6,6,11,18,41,640,102,SAINT BERNARD (CHEMIN DE,,,Plein jour,En agglomération,Giratoire,Normale,Autre collision,,,,,,,,,,,1,2,6,1,6
200600034646,0006-06-12 16:42:00,6,6,12,16,42,640,102,D'ARROUSETS (RUE),,,Plein jour,En agglomération,Intersection en T,Normale,Deux véhicules - frontale,,,,,,,,,,,1,2,3,1,1
200600034647,0006-06-15 22:40:00,6,6,15,22,40,640,102,"63, DUVERGIER DE HAURANN",,,Nuit avec éclairage allumé,En agglomération,Hors intersection,Normale,Autre collision,,,,,,,,,,,5,2,1,1,6
200600034648,0006-06-16 23:30:00,6,6,16,23,30,640,24,PLAGES (BOULEVARD DES),,,Nuit sans éclairage public,En agglomération,Giratoire,Pluie forte,Autre collision,,,,,,,,,,,3,2,6,3,6
200600034649,0006-06-18 20:40:00,6,6,18,20,40,640,102,SOULT (AVENUE MARECHAL),,,Plein jour,En agglomération,Intersection en T,Normale,Deux véhicules - côté,,,,,,,,,,,1,2,3,1,3
200600034650,0006-06-20 15:35:00,6,6,20,15,35,640,24,"., LAPORTE (AVENUE JEAN",,,Plein jour,En agglomération,Hors intersection,Normale,Deux véhicules - arrière,,,,,,,,,,,1,2,1,1,2
200600034651,0006-06-25 18:25:00,6,6,25,18,25,640,102,"13, FAURES (RUE DES)",,,Plein jour,En agglomération,Hors intersection,Normale,Autre collision,,,,,,,,,,,1,2,1,1,6
200600034652,0006-06-28 09:00:00,6,6,28,9,0,640,102,FREDERIC (PONT SAINT),,,Plein jour,Hors agglomération,Hors intersection,Normale,Trois véhicules et plus - en chaîne,,,,,,,,,,,1,1,1,1,4
200600034653,0006-06-02 16:20:00,6,6,2,16,20,640,125,"., ESPAGNE (AVENUE D')",,,Plein jour,En agglomération,Hors intersection,Normale,Deux véhicules - frontale,,,,,,,,,,,1,2,1,1,1
200600034654,0006-06-03 22:30:00,6,6,3,22,30,640,122,"., MARCEL DASSAULT (BD)",,,Nuit sans éclairage public,Hors agglomération,Hors intersection,Normale,Deux véhicules - arrière,,,,,,,,,,,3,1,1,1,2
200600034655,0006-06-05 17:38:00,6,6,5,17,38,640,122,"., GENERAL DE GAULLE (BD",,,Plein jour,En agglomération,Hors intersection,Normale,Deux véhicules - arrière,,,,,,,,,,,1,2,1,1,2
200600034656,0006-06-08 09:50:00,6,6,8,9,50,640,122,"., GOLF (AVENUE - IMPASS",,,Plein jour,En agglomération,Hors intersection,Normale,Deux véhicules - côté,,,,,,,,,,,1,2,1,1,3
200600034657,0006-06-09 17:10:00,6,6,9,17,10,640,122,"104, PIOCHE (AVENUE-IMPA",,,Plein jour,En agglomération,Hors intersection,Normale,Trois véhicules et plus - collisions multiples,,,,,,,,,,,1,2,1,1,5
200600034658,0006-06-11 10:25:00,6,6,11,10,25,640,122,"., REINE VICTORIA (AVENU",,,Plein jour,En agglomération,Hors intersection,Normale,Autre collision,,,,,,,,,,,1,2,1,1,6
200600034659,0006-06-13 11:10:00,6,6,13,11,10,640,122,"., MARBELLA (IMPASSE DE)",,,Plein jour,En agglomération,Hors intersection,Normale,Deux véhicules - côté,,,,,,,,,,,1,2,1,1,3
200600034660,0006-06-14 17:00:00,6,6,14,17,0,640,122,"., MILADY (AVENUE DE LA)",,,Plein jour,En agglomération,Hors intersection,Normale,Sans collision,,,,,,,,,,,1,2,1,1,7
200600034661,0006-06-15 10:55:00,6,6,15,10,55,640,122,"9, IMPERATRICE (AVENUE D",,,Plein jour,En agglomération,Hors intersection,Normale,Autre collision,,,,,,,,,,,1,2,1,1,6
200600034662,0006-06-15 12:00:00,6,6,15,12,0,640,122,SABAOU (AVENUE DU),,,Plein jour,En agglomération,Hors intersection,Normale,Deux véhicules - côté,,,,,,,,,,,1,2,1,1,3
200600034663,0006-06-16 08:35:00,6,6,16,8,35,640,122,"., MOUSSE (ROND POINT DU",,,Plein jour,En agglomération,Giratoire,Normale,Sans collision,,,,,,,,,,,1,2,6,1,7
200600034664,0006-06-16 15:40:00,6,6,16,15,40,640,125,CUMBA (AVENUE),,,Plein jour,En agglomération,Hors intersection,Normale,Trois véhicules et plus - en chaîne,,,,,,,,,,,1,2,1,1,4
200600034665,0006-06-26 15:40:00,6,6,26,15,40,640,122,"., ROND POINT DE L EUROP",,,Plein jour,En agglomération,Hors intersection,Pluie légère,Deux véhicules - côté,,,,,,,,,,,1,2,1,2,3
200600034666,0006-06-28 17:30:00,6,6,28,17,30,640,122,"117, ""KENNEDY (AVENUE DU",,,Plein jour,En agglomération,Hors intersection,Normale,Deux véhicules - côté,,,,,,,,,,,1,2,1,1,3
200600034667,0006-06-06 13:00:00,6,6,6,13,0,640,445,"3, PAIX",,,Plein jour,Hors agglomération,Hors intersection,Normale,Deux véhicules - frontale,,,,,,,,,,,1,1,1,1,1
200600034668,0006-06-03 23:00:00,6,6,3,23,0,640,335,TARBES DE,,,Nuit avec éclairage allumé,En agglomération,Intersection en X,Normale,Deux véhicules - côté,,,,,,,,,,,5,2,2,1,3
200600034669,0006-06-02 15:00:00,6,6,2,15,0,640,445,"239, PAIX",,,Plein jour,En agglomération,Hors intersection,Normale,Autre collision,,,,,,,,,,,1,2,1,1,6
200600034670,0006-06-09 17:50:00,6,6,9,17,50,640,129,"82, BAYONNE DE",,,Plein jour,Hors agglomération,Hors intersection,Normale,Deux véhicules - côté,,,,,,,,,,,1,1,1,1,3
200600034671,0006-06-12 17:55:00,6,6,12,17,55,640,445,"5, GASTON LACOSTE",,,Plein jour,En agglomération,Hors intersection,Normale,Deux véhicules - frontale,,,,,,,,,,,1,2,1,1,1
200600034672,0006-06-15 14:20:00,6,6,15,14,20,640,445,EUROPE DE L',,,Plein jour,En agglomération,Hors intersection,Normale,Trois véhicules et plus - collisions multiples,,,,,,,,,,,1,2,1,1,5
200600034673,0006-06-16 09:25:00,6,6,16,9,25,640,445,"267, PAIX",,,Plein jour,En agglomération,Hors intersection,Normale,Deux véhicules - arrière,,,,,,,,,,,1,2,1,1,2
200600034674,0006-06-16 10:54:00,6,6,16,10,54,640,348,MARTYRS DU PONT LONG DES,,,Plein jour,Hors agglomération,Intersection en T,Normale,Deux véhicules - côté,,,,,,,,,,,1,1,3,1,3
200600034675,0006-06-17 23:50:00,6,6,17,23,50,640,445,"1, CRAONNE DE",,,Nuit avec éclairage allumé,En agglomération,Intersection en T,Normale,Deux véhicules - côté,,,,,,,,,,,5,2,3,1,3
200600034676,0006-06-18 03:15:00,6,6,18,3,15,640,445,14 JUILLET DU,,,Nuit avec éclairage allumé,En agglomération,Intersection en X,Normale,Deux véhicules - côté,,,,,,,,,,,5,2,2,1,3
200600034677,0006-06-24 11:10:00,6,6,24,11,10,640,445,"43, DUFAU",,,Plein jour,En agglomération,Hors intersection,Normale,Deux véhicules - côté,,,,,,,,,,,1,2,1,1,3
200600034678,0006-06-23 00:55:00,6,6,23,0,55,640,445,"20, CASTETNAU",,,Nuit avec éclairage allumé,En agglomération,Intersection en X,Normale,Deux véhicules - côté,,,,,,,,,,,5,2,2,1,3
200600034679,0006-06-27 16:05:00,6,6,27,16,5,640,445,DIDIER DAURAT,,,Plein jour,En agglomération,Hors intersection,Normale,Deux véhicules - côté,,,,,,,,,,,1,2,1,1,3
200600034680,0006-06-14 07:05:00,6,6,14,7,5,640,260,"1, EVADES (RUE DES)",,,Plein jour,En agglomération,Intersection en T,Normale,Deux véhicules - côté,,,,,,,,,,,1,2,3,1,3
200600034681,0006-06-27 10:10:00,6,6,27,10,10,640,260,"9, ALLEES (RUE DES)",,,Plein jour,En agglomération,Hors intersection,Normale,Autre collision,,,,,,,,,,,1,2,1,1,6
200600034682,0006-06-02 17:10:00,6,6,2,17,10,640,483,RN10,,,Plein jour,En agglomération,Hors intersection,Normale,Trois véhicules et plus - en chaîne,,,,,,,,,,,1,2,1,1,4
200600034683,0006-06-09 02:00:00,6,6,9,2,0,640,545,RN10,,,Nuit avec éclairage allumé,Hors agglomération,Hors intersection,Normale,Autre collision,,,,,,,,,,,5,1,1,1,6
200600034684,0006-06-14 13:13:00,6,6,14,13,13,640,483,"25, RN10",,,Plein jour,En agglomération,Hors intersection,Normale,Deux véhicules - côté,,,,,,,,,,,1,2,1,1,3
200600034685,0006-06-18 17:00:00,6,6,18,17,0,640,483,ITHURRALDE ANDRE (AVENUE,,,Plein jour,En agglomération,Hors intersection,Normale,Autre collision,,,,,,,,,,,1,2,1,1,6
200600034686,0006-06-26 13:45:00,6,6,26,13,45,640,483,CHANTACO (AVENUE DE ),,,Plein jour,Hors agglomération,Hors intersection,Normale,Sans collision,,,,,,,,,,,1,1,1,1,7
200600034687,0006-06-26 18:55:00,6,6,26,18,55,640,483,RN10,,,Plein jour,Hors agglomération,Hors intersection,Normale,Deux véhicules - côté,,,,,,,,,,,1,1,1,1,3
200600034688,0006-06-01 18:40:00,6,6,1,18,40,640,260,"58, RN 111",,,Plein jour,En agglomération,Intersection en T,Normale,Deux véhicules - côté,,,,,,,,,,,1,2,3,1,3
200600034689,0006-06-13 12:00:00,6,6,13,12,0,640,483,RN10,,,Plein jour,En agglomération,Hors intersection,Normale,Deux véhicules - côté,,,,,,,,,,,1,2,1,1,3
200600034690,0006-06-17 15:00:00,6,6,17,15,0,640,483,"1, LAHANCHIPIA (AVENUE)",,,Plein jour,Hors agglomération,Intersection en T,Normale,Deux véhicules - frontale,,,,,,,,,,,1,1,3,1,1
200600034691,0006-06-23 09:25:00,6,6,23,9,25,640,260,"1, SAINT JACQUES (ACCES",,,Plein jour,En agglomération,Intersection en T,Normale,Deux véhicules - côté,,,,,,,,,,,1,2,3,1,3
200600034692,0006-06-30 19:30:00,6,6,30,19,30,640,545,IBARDIN (ROUTE D'),,,Crépuscule ou aube,Hors agglomération,Hors intersection,Normale,Deux véhicules - frontale,,,,,,,,,,,2,1,1,1,1
200600034693,0006-06-24 10:50:00,6,6,24,10,50,640,483,"1, HUIT MAI 45(RUE DU )",,,Plein jour,En agglomération,Hors intersection,Normale,Autre collision,,,,,,,,,,,1,2,1,1,6
200600034694,0006-06-05 15:55:00,6,6,5,15,55,650,286,"38, LANGELLE (RUE DE)",,,Plein jour,En agglomération,Hors intersection,Normale,Autre collision,,,,,,,,,,,1,2,1,1,6
200600034695,0006-06-21 14:10:00,6,6,21,14,10,650,286,"45, LANNEDARRE (CHEMIN D",,,Plein jour,En agglomération,Hors intersection,Normale,Autre collision,,,,,,,,,,,1,2,1,1,6
200600034696,0006-06-02 22:45:00,6,6,2,22,45,650,440,KENNEDY (BOULEVARD DU PR,,,Nuit avec éclairage allumé,En agglomération,Giratoire,Normale,Autre collision,,,,,,,,,,,5,2,6,1,6