accident_id,datetime,annee,mois,jour,heure,minute,departement,commune_insee,adresse,latitude,longitude,luminosite,agglomeration,intersection,meteo,collision,nb_vehicules,nb_usagers,nb_indemnes,nb_tues,nb_blesses_hosp,nb_blesses_legers,age_cond_1,age_cond_2,veh_type_cond_1,veh_type_cond_2,lum_code,agg_code,int_code,atm_code,col_code
200600034829,0006-06-20 17:00:00,6,6,20,17,0,690,34,"42, CREPIEUX (DE)",,,Plein jour,En agglomération,Hors intersection,Normale,Autre collision,,,,,,,,,,,1,2,1,1,6
200600034830,0006-06-22 10:45:00,6,6,22,10,45,690,34,56,,,Plein jour,En agglomération,Hors intersection,Normale,Autre collision,,,,,,,,,,,1,2,1,1,6
200600034831,0006-06-05 19:30:00,6,6,5,19,30,690,91,RIVE DE GIER (DE) (RTE),,,Plein jour,En agglomération,Intersection en T,Normale,Deux véhicules - côté,,,,,,,,,,,1,2,3,1,3
200600034832,0006-06-19 08:15:00,6,6,19,8,15,690,91,RIVE DE GIER (DE) (RTE),,,Plein jour,En agglomération,Hors intersection,Normale,Deux véhicules - côté,,,,,,,,,,,1,2,1,1,3
200600034833,0006-06-30 10:54:00,6,6,30,10,54,690,142,"100, STEPHANE DECHANT",,,Plein jour,En agglomération,Hors intersection,Normale,Autre collision,,,,,,,,,,,1,2,1,1,6
200600034834,0006-06-07 18:35:00,6,6,7,18,35,690,259,"91, IRENE JOLIOT CURIE",,,Plein jour,En agglomération,Hors intersection,Normale,Deux véhicules - côté,,,,,,,,,,,1,2,1,1,3
200600034835,0006-06-11 00:35:00,6,6,11,0,35,690,259,"0, JACQUES DUCLOS",,,Nuit avec éclairage allumé,En agglomération,Intersection en X,Normale,Deux véhicules - côté,,,,,,,,,,,5,2,2,1,3
200600034836,0006-06-11 13:40:00,6,6,11,13,40,690,199,"0, FRERES PERRET",,,Plein jour,En agglomération,Hors intersection,Normale,Deux véhicules - côté,,,,,,,,,,,1,2,1,1,3
200600034837,0006-06-12 05:50:00,6,6,12,5,50,690,259,"145, FRANCIS DE PRESSENS",,,Crépuscule ou aube,En agglomération,Hors intersection,Normale,Deux véhicules - côté,,,,,,,,,,,2,2,1,1,3
200600034838,0006-06-20 11:20:00,6,6,20,11,20,690,259,JULES FERRY,,,Plein jour,En agglomération,Intersection en X,Normale,Autre collision,,,,,,,,,,,1,2,2,1,6
200600034839,0006-06-26 17:30:00,6,6,26,17,30,690,199,"42, CARNOT",,,Plein jour,En agglomération,Intersection en T,Normale,Deux véhicules - côté,,,,,,,,,,,1,2,3,1,3
200600034840,0006-06-26 06:50:00,6,6,26,6,50,690,259,"0, EUGENE PELOUX",,,Plein jour,En agglomération,Intersection en X,Normale,Trois véhicules et plus - collisions multiples,,,,,,,,,,,1,2,2,1,5
200600034841,0006-06-27 11:13:00,6,6,27,11,13,690,259,"0, CHARLES DE GAULLE",,,Plein jour,En agglomération,Hors intersection,Normale,Trois véhicules et plus - collisions multiples,,,,,,,,,,,1,2,1,1,5
200600034842,0006-06-25 18:25:00,6,6,25,18,25,690,259,"0, 11 NOVEMBRE 1918 (DU)",,,Plein jour,En agglomération,Hors intersection,Pluie forte,Autre collision,,,,,,,,,,,1,2,1,3,6
200600034843,0006-06-28 18:30:00,6,6,28,18,30,690,199,"93, JEAN JAURES",,,Plein jour,En agglomération,Hors intersection,Normale,Deux véhicules - arrière,,,,,,,,,,,1,2,1,1,2
200600034844,0006-06-30 16:40:00,6,6,30,16,40,690,259,"00, GASPARD PICARD",,,Plein jour,En agglomération,Intersection en X,Normale,Autre collision,,,,,,,,,,,1,2,2,1,6
200600034845,0006-06-01 11:10:00,6,6,1,11,10,690,115,"564, ROUTE NATIONALE 6",,,Plein jour,En agglomération,Hors intersection,Normale,Deux véhicules - arrière,,,,,,,,,,,1,2,1,1,2
200600034846,0006-06-12 20:10:00,6,6,12,20,10,690,264,"1, BERNAND ETIENNE  BD",,,Plein jour,En agglomération,Intersection en X,Normale,Sans collision,,,,,,,,,,,1,2,2,1,7
200600034847,0006-06-19 19:15:00,6,6,19,19,15,690,115,"13, ECOSSAIS (RUE DES)",,,Plein jour,En agglomération,Hors intersection,Normale,Deux véhicules - côté,,,,,,,,,,,1,2,1,1,3
200600034848,0006-06-20 12:05:00,6,6,20,12,5,690,264,"680, BELLEROCHE DE  R",,,Plein jour,En agglomération,Hors intersection,Normale,Autre collision,,,,,,,,,,,1,2,1,1,6
200600034849,0006-06-26 08:55:00,6,6,26,8,55,690,264,"76, HERON  PHILIPPE   R",,,Plein jour,En agglomération,Hors intersection,Normale,Autre collision,,,,,,,,,,,1,2,1,1,6
200600034850,0006-06-26 18:50:00,6,6,26,18,50,690,264,BLANC  LOUIS  BD,,,Plein jour,En agglomération,Hors intersection,Normale,Deux véhicules - côté,,,,,,,,,,,1,2,1,1,3
200600034851,0006-06-29 18:48:00,6,6,29,18,48,690,264,FRANS ROUTE DE,,,Plein jour,En agglomération,Autre intersection,Normale,Deux véhicules - arrière,,,,,,,,,,,1,2,9,1,2
200600034852,0006-06-30 07:32:00,6,6,30,7,32,690,264,DESMOULINS CAMILLE   R,,,Plein jour,En agglomération,Hors intersection,Normale,Deux véhicules - arrière,,,,,,,,,,,1,2,1,1,2
200600034853,0006-06-22 03:45:00,6,6,22,3,45,690,92,MONTMARTIN (STADE PIERRE,,,Nuit avec éclairage allumé,En agglomération,Hors intersection,Normale,Autre collision,,,,,,,,,,,5,2,1,1,6
200600034854,0006-06-28 14:00:00,6,6,28,14,0,690,264,GODART JUSTIN  R,,,Plein jour,En agglomération,Hors intersection,Normale,Deux véhicules - côté,,,,,,,,,,,1,2,1,1,3
200600034855,0006-06-03 11:10:00,6,6,3,11,10,690,266,AV A BRIAND,,,Plein jour,En agglomération,Hors intersection,Normale,Autre collision,,,,,,,,,,,1,2,1,1,6
200600034856,0006-06-06 16:40:00,6,6,6,16,40,690,266,"1, PONT DE CUSSET",,,Plein jour,En agglomération,Hors intersection,Normale,Deux véhicules - arrière,,,,,,,,,,,1,2,1,1,2
200600034857,0006-06-07 16:50:00,6,6,7,16,50,690,266,"1, RUE DEDIEU",,,Plein jour,En agglomération,Intersection en X,Normale,Autre collision,,,,,,,,,,,1,2,2,1,6
200600034858,0006-06-05 19:20:00,6,6,5,19,20,690,266,"35, AV R SALENGRO",,,Plein jour,En agglomération,Intersection en Y,Normale,Deux véhicules - côté,,,,,,,,,,,1,2,4,1,3
200600034859,0006-06-05 08:45:00,6,6,5,8,45,690,266,"1, CRS TOLSTOI",,,Plein jour,En agglomération,Intersection en T,Normale,Autre collision,,,,,,,,,,,1,2,3,1,6
200600034860,0006-06-03 15:50:00,6,6,3,15,50,690,266,"14, RUE J PEYHORGUE",,,Plein jour,En agglomération,Hors intersection,Normale,Autre collision,,,,,,,,,,,1,2,1,1,6
200600034861,0006-06-21 23:35:00,6,6,21,23,35,690,266,"234, CRS E ZOLA",,,Nuit avec éclairage allumé,En agglomération,Intersection en X,Normale,Deux véhicules - côté,,,,,,,,,,,5,2,2,1,3
200600034862,0006-06-10 18:20:00,6,6,10,18,20,690,266,"1, RUE D'ALSACE",,,Plein jour,En agglomération,Intersection en X,Normale,Autre collision,,,,,,,,,,,1,2,2,1,6
200600034863,0006-06-30 15:50:00,6,6,30,15,50,690,266,"100, RUE F DE PRESSENSE",,,Plein jour,En agglomération,Hors intersection,Normale,Autre collision,,,,,,,,,,,1,2,1,1,6
200600034864,0006-06-01 13:20:00,6,6,1,13,20,690,290,"0, GRISARD (DU)",,,Plein jour,Hors agglomération,Intersection en T,Normale,Deux véhicules - côté,,,,,,,,,,,1,1,3,1,3
200600034865,0006-06-14 11:45:00,6,6,14,11,45,690,290,ANCIENNE ROUTE DE GRENOB,,,Plein jour,Hors agglomération,Hors intersection,Normale,Autre collision,,,,,,,,,,,1,1,1,1,6
200600034866,0006-06-06 07:40:00,6,6,6,7,40,690,290,PIERRE COT,,,Crépuscule ou aube,Hors agglomération,Giratoire,Normale,Deux véhicules - côté,,,,,,,,,,,2,1,6,1,3
200600034867,0006-06-22 07:45:00,6,6,22,7,45,690,290,AGRICULTURE (DE L'),,,Plein jour,En agglomération,Intersection en X,Normale,Deux véhicules - côté,,,,,,,,,,,1,2,2,1,3
200600034868,0006-06-28 12:22:00,6,6,28,12,22,690,290,"152, GRENOBLE (DE)  -  R",,,Plein jour,En agglomération,Hors intersection,Normale,Trois véhicules et plus - en chaîne,,,,,,,,,,,1,2,1,1,4
200600034869,0006-06-02 16:25:00,6,6,2,16,25,700,550,ROCADE OUEST - RD 457,,,Plein jour,Hors agglomération,Hors intersection,Pluie légère,Deux véhicules - arrière,,,,,,,,,,,1,1,1,2,2
200600034870,0006-06-03 16:20:00,6,6,3,16,20,700,550,KOPP (RUE DU LIEUTENANT),,,Plein jour,En agglomération,Intersection en X,Normale,Deux véhicules - côté,,,,,,,,,,,1,2,2,1,3
200600034871,0006-06-04 03:25:00,6,6,4,3,25,700,550,SAINT LOUP (RUE DE),,,Nuit avec éclairage allumé,En agglomération,Intersection en X,Normale,Deux véhicules - côté,,,,,,,,,,,5,2,2,1,3
200600034872,0006-06-10 00:01:00,6,6,10,0,1,700,261,RD919,,,Nuit sans éclairage public,Hors agglomération,Hors intersection,Normale,Sans collision,,,,,,,,,,,3,1,1,1,7
200600034873,0006-06-28 12:00:00,6,6,28,12,0,700,550,"8, LAFAYETTE (RUE)",,,Plein jour,En agglomération,Hors intersection,Normale,Sans collision,,,,,,,,,,,1,2,1,1,7
200600034874,0006-06-27 18:45:00,6,6,27,18,45,710,118,"5, GENERAL DE GAULLE (AV",,,Plein jour,En agglomération,Hors intersection,Normale,Autre collision,,,,,,,,,,,1,2,1,1,6
200600034875,0006-06-30 04:45:00,6,6,30,4,45,710,445,73,,,Nuit sans éclairage public,En agglomération,Hors intersection,Normale,Deux véhicules - frontale,,,,,,,,,,,3,2,1,1,1
200600034876,0006-06-03 14:45:00,6,6,3,14,45,710,153,"63, MARTYRS DE LA LIBERA",,,Plein jour,En agglomération,Intersection en T,Normale,Deux véhicules - côté,,,,,,,,,,,1,2,3,1,3
200600034877,0006-06-24 08:45:00,6,6,24,8,45,710,153,"53, REPUBLIQUE (AVENUE D",,,Plein jour,En agglomération,Intersection en X,Normale,Autre collision,,,,,,,,,,,1,2,2,1,6
200600034878,0006-06-06 14:45:00,6,6,6,14,45,710,270,Carf Liberté/Flacé/Hérit,,,Plein jour,En agglomération,Intersection en X,Normale,Deux véhicules - côté,,,,,,,,,,,1,2,2,1,3
200600034879,0006-06-14 06:55:00,6,6,14,6,55,710,270,Carf quai Lamartine/rue,,,Plein jour,En agglomération,Intersection en X,Normale,Deux véhicules - côté,,,,,,,,,,,1,2,2,1,3
200600034880,0006-06-17 11:25:00,6,6,17,11,25,710,270,LAMARTINE (QUAI),,,Plein jour,En agglomération,Hors intersection,Normale,Autre collision,,,,,,,,,,,1,2,1,1,6
200600034881,0006-06-15 20:25:00,6,6,15,20,25,710,270,"1, BIGONNET (RUE)",,,Plein jour,En agglomération,Hors intersection,Normale,Sans collision,,,,,,,,,,,1,2,1,1,7
200600034882,0006-06-20 09:45:00,6,6,20,9,45,710,270,"205, PERRIERES ET DU 5EM",,,Plein jour,En agglomération,Hors intersection,Normale,Autre collision,,,,,,,,,,,1,2,1,1,6
200600034883,0006-06-21 08:40:00,6,6,21,8,40,710,105,Carf Rte de Davaye/ch Cr,,,Plein jour,Hors agglomération,Intersection en X,Normale,Deux véhicules - côté,,,,,,,,,,,1,1,2,1,3
200600034884,0006-06-25 00:01:00,6,6,25,0,1,710,270,"NR1, SIGORGNE (RUE)",,,Nuit avec éclairage allumé,En agglomération,Intersection en X,Normale,Deux véhicules - côté,,,,,,,,,,,5,2,2,1,3
200600034885,0006-06-25 16:15:00,6,6,25,16,15,710,270,LYON (RUE DE),,,Plein jour,En agglomération,Hors intersection,Normale,Deux véhicules - côté,,,,,,,,,,,1,2,1,1,3
200600034886,0006-06-27 12:10:00,6,6,27,12,10,710,270,BIOUX (ROUTE DE),,,Plein jour,En agglomération,Hors intersection,Normale,Autre collision,,,,,,,,,,,1,2,1,1,6
200600034887,0006-06-01 06:20:00,6,6,1,6,20,710,306,ALOUETTES (AVENUE DES),,,Plein jour,En agglomération,Hors intersection,Temps couvert,Deux véhicules - côté,,,,,,,,,,,1,2,1,8,3
200600034888,0006-06-13 09:10:00,6,6,13,9,10,710,306,"54, MARECHAL LECLERC (AV",,,Plein jour,En agglomération,Hors intersection,Temps éblouissant,Autre collision,,,,,,,,,,,1,2,1,7,6
200600034889,0006-06-22 17:18:00,6,6,22,17,18,710,306,RN 70 (ROUTE EXPRESS),,,Plein jour,Hors agglomération,Hors intersection,Normale,Deux véhicules - frontale,,,,,,,,,,,1,1,1,1,1
200600034890,0006-06-01 23:50:00,6,6,1,23,50,720,181,"64, DEGRE (RUE DE) N° PA",,,Nuit avec éclairage allumé,En agglomération,Hors intersection,Normale,Autre collision,,,,,,,,,,,5,2,1,1,6
200600034891,0006-06-05 10:15:00,6,6,5,10,15,720,181,RUBILLARD AV N° IMP 57 E,,,Plein jour,En agglomération,Intersection en X,Normale,Deux véhicules - arrière,,,,,,,,,,,1,2,2,1,2
200600034892,0006-06-06 17:45:00,6,6,6,17,45,720,181,BOUVET ROGER (RUE) N° IM,,,Crépuscule ou aube,En agglomération,Intersection en X,Normale,Deux véhicules - frontale,,,,,,,,,,,2,2,2,1,1
200600034893,0006-06-07 18:27:00,6,6,7,18,27,720,95,GAULLE GENERAL DE (AV DU,,,Plein jour,En agglomération,Hors intersection,Normale,Autre collision,,,,,,,,,,,1,2,1,1,6
200600034894,0006-06-07 19:45:00,6,6,7,19,45,720,181,RUAUDIN (RUE) N° IMP 1 A,,,Plein jour,En agglomération,Hors intersection,Normale,Deux véhicules - frontale,,,,,,,,,,,1,2,1,1,1
200600034895,0006-06-09 15:50:00,6,6,9,15,50,720,181,SAINT AUBIN (RUE) N° PAI,,,Plein jour,En agglomération,Hors intersection,Normale,Autre collision,,,,,,,,,,,1,2,1,1,6
200600034896,0006-06-09 17:35:00,6,6,9,17,35,720,181,SAINT NICOLAS (PL),,,Plein jour,En agglomération,Hors intersection,Normale,Autre collision,,,,,,,,,,,1,2,1,1,6
200600034897,0006-06-09 22:58:00,6,6,9,22,58,720,181,GLONNIERES (BD) N° IMP,,,Nuit avec éclairage allumé,En agglomération,Hors intersection,Normale,Deux véhicules - côté,,,,,,,,,,,5,2,1,1,3
200600034898,0006-06-11 02:10:00,6,6,11,2,10,720,181,"104-106, POLYGONE (RUE D",,,Nuit avec éclairage allumé,En agglomération,Hors intersection,Normale,Autre collision,,,,,,,,,,,5,2,1,1,6
200600034899,0006-06-10 19:40:00,6,6,10,19,40,720,181,19 MARS 1962 (PL),,,Plein jour,En agglomération,Hors intersection,Normale,Autre collision,,,,,,,,,,,1,2,1,1,6
200600034900,0006-06-11 17:10:00,6,6,11,17,10,720,181,LOUIS BLANC (QUAI),,,Plein jour,En agglomération,Hors intersection,Normale,Trois véhicules et plus - collisions multiples,,,,,,,,,,,1,2,1,1,5
200600034901,0006-06-11 04:30:00,6,6,11,4,30,720,181,ANGERS (RTE D'),,,Nuit avec éclairage allumé,Hors agglomération,Hors intersection,Normale,Autre collision,,,,,,,,,,,5,1,1,1,6
200600034902,0006-06-12 08:55:00,6,6,12,8,55,720,181,BRETAGNE (AV DE),,,Plein jour,En agglomération,Hors intersection,Normale,Deux véhicules - côté,,,,,,,,,,,1,2,1,1,3
200600034903,0006-06-12 18:20:00,6,6,12,18,20,720,181,BOLLEE (AV) N° PAIRS 154,,,Plein jour,En agglomération,Hors intersection,Normale,Deux véhicules - côté,,,,,,,,,,,1,2,1,1,3
200600034904,0006-06-12 18:30:00,6,6,12,18,30,720,181,BLANCHARD (RUE),,,Plein jour,En agglomération,Intersection en X,Normale,Deux véhicules - côté,,,,,,,,,,,1,2,2,1,3
200600034905,0006-06-13 10:30:00,6,6,13,10,30,720,181,"18, BLANCHISSERIE (RUE D",,,Plein jour,En agglomération,Hors intersection,Normale,Autre collision,,,,,,,,,,,1,2,1,1,6
200600034906,0006-06-13 12:30:00,6,6,13,12,30,720,181,"15, LEFAUCHEUX PIERRE (B",,,Plein jour,En agglomération,Hors intersection,Normale,Autre collision,,,,,,,,,,,1,2,1,1,6
200600034907,0006-06-13 14:25:00,6,6,13,14,25,720,181,"96, SARGE (RUE) N° PAIRS",,,Plein jour,En agglomération,Hors intersection,Normale,Deux véhicules - côté,,,,,,,,,,,1,2,1,1,3
200600034908,0006-06-13 16:10:00,6,6,13,16,10,720,181,"100, VOLTAIRE (RUE) N° P",,,Plein jour,En agglomération,Hors intersection,Normale,Deux véhicules - arrière,,,,,,,,,,,1,2,1,1,2
200600034909,0006-06-13 17:05:00,6,6,13,17,5,720,181,ANATOLE FRANCE (BD ),,,Plein jour,En agglomération,Hors intersection,Normale,Deux véhicules - frontale,,,,,,,,,,,1,2,1,1,1
200600034910,0006-06-14 15:30:00,6,6,14,15,30,720,181,BONNETABLE (RTE) N° IMP,,,Plein jour,En agglomération,Hors intersection,Normale,Autre collision,,,,,,,,,,,1,2,1,1,6
200600034911,0006-06-15 18:15:00,6,6,15,18,15,720,3,GAULLE CHARLES DE (AV),,,Plein jour,En agglomération,Hors intersection,Normale,Autre collision,,,,,,,,,,,1,2,1,1,6
200600034912,0006-06-17 11:05:00,6,6,17,11,5,720,181,ITALIENS (BD DES),,,Plein jour,En agglomération,Hors intersection,Normale,Deux véhicules - côté,,,,,,,,,,,1,2,1,1,3
200600034913,0006-06-17 14:45:00,6,6,17,14,45,720,181,ALLONNES PONT ROUGE (RTE,,,Plein jour,En agglomération,Hors intersection,Normale,Autre collision,,,,,,,,,,,1,2,1,1,6
200600034914,0006-06-17 21:00:00,6,6,17,21,0,720,181,ITALIENS (BD DES),,,Nuit avec éclairage allumé,En agglomération,Hors intersection,Normale,Autre collision,,,,,,,,,,,5,2,1,1,6
200600034915,0006-06-18 13:20:00,6,6,18,13,20,720,181,"22, MAC JEAN (AV) N° PAI",,,Plein jour,En agglomération,Hors intersection,Normale,Autre collision,,,,,,,,,,,1,2,1,1,6
200600034916,0006-06-18 21:35:00,6,6,18,21,35,720,181,BOEUFS LE PETIT HOUX (CH,,,Plein jour,En agglomération,Hors intersection,Normale,Deux véhicules - côté,,,,,,,,,,,1,2,1,1,3
200600034917,0006-06-19 14:05:00,6,6,19,14,5,720,181,DEGRE (RUE DE) N° IMP DE,,,Plein jour,En agglomération,Intersection en X,Normale,Deux véhicules - côté,,,,,,,,,,,1,2,2,1,3
200600034918,0006-06-19 20:50:00,6,6,19,20,50,720,181,ZOLA EMILE (BD) N° IMP 6,,,Plein jour,En agglomération,Intersection en X,Normale,Deux véhicules - côté,,,,,,,,,,,1,2,2,1,3
200600034919,0006-06-20 16:00:00,6,6,20,16,0,720,181,"184, SAINT AUBIN (RUE) N",,,Plein jour,En agglomération,Hors intersection,Normale,Autre collision,,,,,,,,,,,1,2,1,1,6
200600034920,0006-06-20 20:50:00,6,6,20,20,50,720,95,VIGNES (RUE DES),,,Plein jour,Hors agglomération,Hors intersection,Normale,Autre collision,,,,,,,,,,,1,1,1,1,6
200600034921,0006-06-22 21:35:00,6,6,22,21,35,720,3,RAVEL MAURICE (RUE),,,Crépuscule ou aube,En agglomération,Hors intersection,Normale,Autre collision,,,,,,,,,,,2,2,1,1,6
200600034922,0006-06-23 08:20:00,6,6,23,8,20,720,181,EVENTAIL RUE DE L' BOBBY,,,Plein jour,En agglomération,Hors intersection,Normale,Deux véhicules - arrière,,,,,,,,,,,1,2,1,1,2
200600034923,0006-06-23 18:30:00,6,6,23,18,30,720,181,"231, BOLLEE (AV) N° IMP",,,Plein jour,En agglomération,Hors intersection,Normale,Deux véhicules - côté,,,,,,,,,,,1,2,1,1,3
200600034924,0006-06-23 20:45:00,6,6,23,20,45,720,181,VAN GOGH (RUE),,,Plein jour,En agglomération,Hors intersection,Normale,Autre collision,,,,,,,,,,,1,2,1,1,6
200600034925,0006-06-20 22:45:00,6,6,20,22,45,720,3,ROBESPIERRE (RUE),,,Nuit avec éclairage allumé,En agglomération,Hors intersection,Normale,Autre collision,,,,,,,,,,,5,2,1,1,6
200600034926,0006-06-24 01:46:00,6,6,24,1,46,720,181,DURAND GEORGES (AV) N° I,,,Nuit avec éclairage allumé,En agglomération,Hors intersection,Normale,Deux véhicules - côté,,,,,,,,,,,5,2,1,1,3
200600034927,0006-06-25 11:50:00,6,6,25,11,50,720,181,DURAND GEORGES (AV) N° I,,,Plein jour,En agglomération,Hors intersection,Normale,Deux véhicules - frontale,,,,,,,,,,,1,2,1,1,1
200600034928,0006-06-25 18:10:00,6,6,25,18,10,720,181,"110, GENESLAY FELIX (AV)",,,Plein jour,En agglomération,Hors intersection,Pluie légère,Autre collision,,,,,,,,,,,1,2,1,2,6
200600034929,0006-06-25 21:05:00,6,6,25,21,5,720,181,PATTON GENERAL RTE ST-AU,,,Nuit avec éclairage allumé,Hors agglomération,Hors intersection,Pluie légère,Deux véhicules - arrière,,,,,,,,,,,5,1,1,2,2
200600034930,0006-06-27 12:50:00,6,6,27,12,50,720,181,"8, PRE (RUE DU)",,,Plein jour,En agglomération,Hors intersection,Normale,Autre collision,,,,,,,,,,,1,2,1,1,6
200600034931,0006-06-28 09:15:00,6,6,28,9,15,720,181,"25, MAC JEAN (AV) N° IMP",,,Plein jour,En agglomération,Hors intersection,Normale,Autre collision,,,,,,,,,,,1,2,1,1,6
200600034932,0006-06-28 16:50:00,6,6,28,16,50,720,181,CHAMPION HENRI (RUE) N°,,,Plein jour,En agglomération,Hors intersection,Normale,Deux véhicules - frontale,,,,,,,,,,,1,2,1,1,1
200600034933,0006-06-30 17:30:00,6,6,30,17,30,720,181,POLOGNE (RUE DE),,,Plein jour,En agglomération,Hors intersection,Normale,Deux véhicules - arrière,,,,,,,,,,,1,2,1,1,2
200600034934,0006-06-30 18:50:00,6,6,30,18,50,720,181,"92, BONNETABLE (RTE) N°",,,Plein jour,En agglomération,Hors intersection,Normale,Deux véhicules - arrière,,,,,,,,,,,1,2,1,1,2
200600034935,0006-06-04 13:40:00,6,6,4,13,40,730,8,MARLIOZ AVENUE DE,,,Plein jour,En agglomération,Giratoire,Normale,Autre collision,,,,,,,,,,,1,2,6,1,6
200600034936,0006-06-16 19:05:00,6,6,16,19,5,730,8,"103, MARLIOZ AVENUE DE",,,Plein jour,En agglomération,Hors intersection,Normale,Autre collision,,,,,,,,,,,1,2,1,1,6
200600034937,0006-06-05 09:30:00,6,6,5,9,30,730,65,"0.001, HUIT MAI 1945 (PL",,,Plein jour,En agglomération,Hors intersection,Normale,Autre collision,,,,,,,,,,,1,2,1,1,6
200600034938,0006-06-06 09:45:00,6,6,6,9,45,730,65,"0.001, CASSINE (CHEMIN D",,,Plein jour,En agglomération,Intersection en Y,Normale,Sans collision,,,,,,,,,,,1,2,4,1,7
200600034939,0006-06-13 17:53:00,6,6,13,17,53,730,87,"0.001, FORGERIE (RUE DE",,,Plein jour,En agglomération,Hors intersection,Normale,Sans collision,,,,,,,,,,,1,2,1,1,7
200600034940,0006-06-22 22:00:00,6,6,22,22,0,730,65,"0.001, CHEVALIERS TIREUR",,,Nuit avec éclairage allumé,En agglomération,Intersection en X,Normale,Deux véhicules - côté,,,,,,,,,,,5,2,2,1,3
200600034941,0006-06-06 21:10:00,6,6,6,21,10,740,10,"., EUSTACHE CHAPPUIS",,,Plein jour,En agglomération,Hors intersection,Normale,Autre collision,,,,,,,,,,,1,2,1,1,6
200600034942,0006-06-12 18:50:00,6,6,12,18,50,740,10,FIER (BOULEVARD DU)),,,Plein jour,En agglomération,Intersection en T,Normale,Trois véhicules et plus - en chaîne,,,,,,,,,,,1,2,3,1,4
200600034943,0006-06-10 14:10:00,6,6,10,14,10,740,10,"17 BIS, RHONE (AVENUE DU",,,Plein jour,En agglomération,Hors intersection,Normale,Autre collision,,,,,,,,,,,1,2,1,1,6
200600034944,0006-06-27 17:05:00,6,6,27,17,5,740,10,"27, STAND (DU)",,,Plein jour,En agglomération,Hors intersection,Normale,Deux véhicules - arrière,,,,,,,,,,,1,2,1,1,2
200600034945,0006-06-27 17:20:00,6,6,27,17,20,740,10,"3, CHAMBERY",,,Plein jour,En agglomération,Hors intersection,Normale,Autre collision,,,,,,,,,,,1,2,1,1,6
200600034946,0006-06-27 17:30:00,6,6,27,17,30,740,10,"3, CHAMBERY",,,Plein jour,En agglomération,Hors intersection,Normale,Autre collision,,,,,,,,,,,1,2,1,1,6
200600034947,0006-06-27 19:40:00,6,6,27,19,40,740,10,ANDRE THEURIET,,,Plein jour,En agglomération,Intersection en X,Normale,Deux véhicules - côté,,,,,,,,,,,1,2,2,1,3
200600034948,0006-06-03 13:20:00,6,6,3,13,20,740,12,BRIAND (RUE ARISITIDE),,,Plein jour,En agglomération,Hors intersection,Normale,Deux véhicules - côté,,,,,,,,,,,1,2,1,1,3
200600034949,0006-06-04 22:20:00,6,6,4,22,20,740,118,SAINT-JULIEN (ROUTE DE),,,Nuit avec éclairage allumé,En agglomération,Hors intersection,Normale,Autre collision,,,,,,,,,,,5,2,1,1,6
200600034950,0006-06-05 20:05:00,6,6,5,20,5,740,12,ETREMBIERES (ROUTE D'),,,Plein jour,En agglomération,Hors intersection,Normale,Sans collision,,,,,,,,,,,1,2,1,1,7
200600034951,0006-06-08 08:15:00,6,6,8,8,15,740,12,SALEVE (RUE DU),,,Plein jour,En agglomération,Intersection en Y,Normale,Autre collision,,,,,,,,,,,1,2,4,1,6
200600034952,0006-06-08 07:55:00,6,6,8,7,55,740,8,RAVIER (RUE),,,Plein jour,En agglomération,Intersection en T,Normale,Deux véhicules - arrière,,,,,,,,,,,1,2,3,1,2
200600034953,0006-06-06 15:45:00,6,6,6,15,45,740,12,VERDUN (AVENUE DE),,,Plein jour,En agglomération,Intersection en X,Normale,Deux véhicules - arrière,,,,,,,,,,,1,2,2,1,2
200600034954,0006-06-07 19:40:00,6,6,7,19,40,740,12,FERRY (AVENUE JULES),,,Plein jour,En agglomération,Intersection en X,Normale,Deux véhicules - côté,,,,,,,,,,,1,2,2,1,3
200600034955,0006-06-14 17:05:00,6,6,14,17,5,740,305,CHABLAIS PROLONGEE (RUE,,,Plein jour,En agglomération,Intersection en X,Normale,Deux véhicules - côté,,,,,,,,,,,1,2,2,1,3
200600034956,0006-06-08 16:00:00,6,6,8,16,0,740,12,"13, GENEVE (RUE DE)",,,Plein jour,En agglomération,Hors intersection,Normale,Autre collision,,,,,,,,,,,1,2,1,1,6
200600034957,0006-06-09 07:35:00,6,6,9,7,35,740,133,INDUSTRIE (RUE DE L'),,,Plein jour,En agglomération,Hors intersection,Normale,Deux véhicules - frontale,,,,,,,,,,,1,2,1,1,1
200600034958,0006-06-09 19:40:00,6,6,9,19,40,740,12,MERMOZ RUE JEAN),,,Plein jour,En agglomération,Intersection en X,Normale,Deux véhicules - côté,,,,,,,,,,,1,2,2,1,3
200600034959,0006-06-06 18:35:00,6,6,6,18,35,740,12,VERDUN (AVENUE DE),,,Plein jour,En agglomération,Intersection en T,Normale,Deux véhicules - côté,,,,,,,,,,,1,2,3,1,3
200600034960,0006-06-15 10:10:00,6,6,15,10,10,740,12,BERT (RUE PAUL),,,Plein jour,En agglomération,Intersection en T,Normale,Autre collision,,,,,,,,,,,1,2,3,1,6
200600034961,0006-06-15 22:00:00,6,6,15,22,0,740,12,FLORISSANT (AVENUE),,,Nuit avec éclairage allumé,En agglomération,Intersection en T,Normale,Deux véhicules - côté,,,,,,,,,,,5,2,3,1,3
200600034962,0006-06-15 21:50:00,6,6,15,21,50,740,12,GARE (RUE DE LA),,,Nuit sans éclairage public,En agglomération,Hors intersection,Normale,Autre collision,,,,,,,,,,,3,2,1,1,6
200600034963,0006-06-23 18:45:00,6,6,23,18,45,740,133,"132, GENEVE (RUE DE)",,,Plein jour,En agglomération,Hors intersection,Normale,Autre collision,,,,,,,,,,,1,2,1,1,6
200600034964,0006-06-20 09:20:00,6,6,20,9,20,740,12,"16, CLOS FLEURY (RUE DU)",,,Plein jour,En agglomération,Hors intersection,Normale,Autre collision,,,,,,,,,,,1,2,1,1,6