accident_id,datetime,annee,mois,jour,heure,minute,departement,commune_insee,adresse,latitude,longitude,luminosite,agglomeration,intersection,meteo,collision,nb_vehicules,nb_usagers,nb_indemnes,nb_tues,nb_blesses_hosp,nb_blesses_legers,age_cond_1,age_cond_2,veh_type_cond_1,veh_type_cond_2,lum_code,agg_code,int_code,atm_code,col_code
200600034965,0006-06-22 19:48:00,6,6,22,19,48,740,12,BASTIN (RUE ALFRED),,,Plein jour,En agglomération,Intersection en X,Normale,Deux véhicules - côté,,,,,,,,,,,1,2,2,1,3
200600034966,0006-06-23 19:35:00,6,6,23,19,35,740,12,FERRY (AVENUE JULES),,,Plein jour,En agglomération,Intersection en X,Normale,Deux véhicules - côté,,,,,,,,,,,1,2,2,1,3
200600034967,0006-06-19 17:30:00,6,6,19,17,30,740,118,SAINT-JULIEN (ROUTE DE),,,Plein jour,En agglomération,Intersection en T,Normale,Deux véhicules - arrière,,,,,,,,,,,1,2,3,1,2
200600034968,0006-06-26 10:50:00,6,6,26,10,50,740,12,VERDUN (AVENUE DE),,,Plein jour,En agglomération,Hors intersection,Normale,Autre collision,,,,,,,,,,,1,2,1,1,6
200600034969,0006-06-09 17:15:00,6,6,9,17,15,740,281,"0, CORNICHE (BD DE LA) I",,,Plein jour,En agglomération,Intersection en T,Temps éblouissant,Deux véhicules - côté,,,,,,,,,,,1,2,3,7,3
200600034970,0006-06-13 07:35:00,6,6,13,7,35,740,281,"0, PRES VERTS (AVENUE DE",,,Plein jour,En agglomération,Intersection en T,Normale,Deux véhicules - arrière,,,,,,,,,,,1,2,3,1,2
200600034971,0006-06-19 21:20:00,6,6,19,21,20,740,218,THONON (AVENUE DE),,,Nuit avec éclairage allumé,Hors agglomération,Hors intersection,Normale,Deux véhicules - côté,,,,,,,,,,,5,1,1,1,3
200600034972,0006-06-18 17:45:00,6,6,18,17,45,740,281,"0, DE GAULLE (AV DU GAL)",,,Plein jour,En agglomération,Intersection en X,Normale,Autre collision,,,,,,,,,,,1,2,2,1,6
200600034973,0006-06-28 10:45:00,6,6,28,10,45,740,281,"64, ARMOY (ROUTE D')",,,Plein jour,Hors agglomération,Hors intersection,Normale,Deux véhicules - frontale,,,,,,,,,,,1,1,1,1,1
200600034974,0006-06-01 15:00:00,6,6,1,15,0,750,13,106 AV D ITALIE,,,Plein jour,En agglomération,Hors intersection,Normale,Autre collision,,,,,,,,,,,1,2,1,1,6
200600034975,0006-06-01 19:46:00,6,6,1,19,46,750,11,148 R DE LA ROQUETTE,,,Plein jour,En agglomération,Hors intersection,Normale,Autre collision,,,,,,,,,,,1,2,1,1,6
200600034976,0006-06-01 22:45:00,6,6,1,22,45,750,15,Q ANDRE CITROEN,,,Nuit avec éclairage allumé,En agglomération,Hors intersection,Normale,Sans collision,,,,,,,,,,,5,2,1,1,7
200600034977,0006-06-02 19:27:00,6,6,2,19,27,750,8,120 BD HAUSSMANN,,,Plein jour,En agglomération,Hors intersection,Normale,Autre collision,,,,,,,,,,,1,2,1,1,6
200600034978,0006-06-03 00:45:00,6,6,3,0,45,750,16,ALL DE LONGCHAMP RTE DAU,,,Plein jour,En agglomération,Intersection en X,Normale,Deux véhicules - côté,,,,,,,,,,,1,2,2,1,3
200600034979,0006-06-04 01:55:00,6,6,4,1,55,750,20,BPE VINCENNES MONTREUIL,,,Nuit avec éclairage allumé,En agglomération,Hors intersection,Normale,Deux véhicules - arrière,,,,,,,,,,,5,2,1,1,2
200600034980,0006-06-04 16:45:00,6,6,4,16,45,750,16,AV KLEBER R PAUL VALERY,,,Plein jour,En agglomération,Intersection en Y,Normale,Trois véhicules et plus - en chaîne,,,,,,,,,,,1,2,4,1,4
200600034981,0006-06-05 14:40:00,6,6,5,14,40,750,17,10 BD DU FORT DE VAUX,,,Plein jour,En agglomération,Hors intersection,Normale,Deux véhicules - côté,,,,,,,,,,,1,2,1,1,3
200600034982,0006-06-05 14:40:00,6,6,5,14,40,750,16,AV FOCH R DE PRESBOURG,,,Plein jour,En agglomération,Intersection en X,Normale,Sans collision,,,,,,,,,,,1,2,2,1,7
200600034983,0006-06-06 08:30:00,6,6,6,8,30,750,7,19 R DE CONSTANTINE,,,Plein jour,En agglomération,Hors intersection,Normale,Deux véhicules - côté,,,,,,,,,,,1,2,1,1,3
200600034984,0006-06-06 18:50:00,6,6,6,18,50,750,12,R EDOUARD LARTET BD DE L,,,Plein jour,En agglomération,Intersection en T,Normale,Deux véhicules - côté,,,,,,,,,,,1,2,3,1,3
200600034985,0006-06-06 10:40:00,6,6,6,10,40,750,14,R JULES GUESDE R DE L OU,,,Plein jour,En agglomération,Intersection en X,Normale,Deux véhicules - côté,,,,,,,,,,,1,2,2,1,3
200600034986,0006-06-06 21:15:00,6,6,6,21,15,750,18,BPE AUBERVILLIERS CHAPEL,,,Plein jour,En agglomération,Hors intersection,Normale,Deux véhicules - arrière,,,,,,,,,,,1,2,1,1,2
200600034987,0006-06-07 10:30:00,6,6,7,10,30,750,17,R A DE LA FORGE AV GRAND,,,Plein jour,En agglomération,Intersection en T,Normale,Deux véhicules - côté,,,,,,,,,,,1,2,3,1,3
200600034988,0006-06-07 16:15:00,6,6,7,16,15,750,13,R ALBERT R DE TOLBIAC,,,Plein jour,En agglomération,Intersection en T,Normale,Deux véhicules - arrière,,,,,,,,,,,1,2,3,1,2
200600034989,0006-06-07 17:25:00,6,6,7,17,25,750,19,9 PAS DE FLANDRE,,,Plein jour,En agglomération,Hors intersection,Normale,Autre collision,,,,,,,,,,,1,2,1,1,6
200600034990,0006-06-08 03:20:00,6,6,8,3,20,750,7,AV CHARLES RISLER,,,Nuit avec éclairage allumé,En agglomération,Hors intersection,Normale,Autre collision,,,,,,,,,,,5,2,1,1,6
200600034991,0006-06-08 12:30:00,6,6,8,12,30,750,19,AV JEAN JAURES R DE LORR,,,Plein jour,En agglomération,Intersection en T,Normale,Autre collision,,,,,,,,,,,1,2,3,1,6
200600034992,0006-06-08 17:55:00,6,6,8,17,55,750,10,2 BD DE STRASBOURG,,,Plein jour,En agglomération,Hors intersection,Normale,Autre collision,,,,,,,,,,,1,2,1,1,6
200600034993,0006-06-09 10:25:00,6,6,9,10,25,750,13,BD DE L HOPITAL,,,Plein jour,En agglomération,Hors intersection,Normale,Autre collision,,,,,,,,,,,1,2,1,1,6
200600034994,0006-06-09 11:25:00,6,6,9,11,25,750,20,R BELGRAND R PELLEPORT,,,Plein jour,En agglomération,Intersection en X,Normale,Deux véhicules - côté,,,,,,,,,,,1,2,2,1,3
200600034995,0006-06-09 15:10:00,6,6,9,15,10,750,13,R DU BANQUIER AV DES GOB,,,Plein jour,En agglomération,Intersection en T,Normale,Autre collision,,,,,,,,,,,1,2,3,1,6
200600034996,0006-06-09 17:45:00,6,6,9,17,45,750,14,10 AV PORTE DE VANVES,,,Plein jour,En agglomération,Hors intersection,Normale,Autre collision,,,,,,,,,,,1,2,1,1,6
200600034997,0006-06-09 18:50:00,6,6,9,18,50,750,11,R OBERKAMPF BD VOLTAIRE,,,Plein jour,En agglomération,Intersection en X,Normale,Deux véhicules - côté,,,,,,,,,,,1,2,2,1,3
200600034998,0006-06-10 11:40:00,6,6,10,11,40,750,11,102 R DE CHARONNE,,,Plein jour,En agglomération,Hors intersection,Normale,Deux véhicules - côté,,,,,,,,,,,1,2,1,1,3
200600034999,0006-06-10 22:30:00,6,6,10,22,30,750,13,BD AUGUSTE BLANQUI R DE,,,Crépuscule ou aube,En agglomération,Intersection en X,Normale,Autre collision,,,,,,,,,,,2,2,2,1,6
200600035000,0006-06-11 13:20:00,6,6,11,13,20,750,12,L12759 RTE DE LA PYRAMID,,,Plein jour,En agglomération,Hors intersection,Normale,Trois véhicules et plus - collisions multiples,,,,,,,,,,,1,2,1,1,5
200600035001,0006-06-12 10:00:00,6,6,12,10,0,750,15,BPI PLAINE SEVRES,,,Plein jour,En agglomération,Hors intersection,Normale,Deux véhicules - côté,,,,,,,,,,,1,2,1,1,3
200600035002,0006-06-14 15:00:00,6,6,14,15,0,750,15,R EMERIAU R LINOIS,,,Plein jour,En agglomération,Intersection en X,Normale,Deux véhicules - côté,,,,,,,,,,,1,2,2,1,3
200600035003,0006-06-14 19:40:00,6,6,14,19,40,750,12,BPI CHARENTON BERCY,,,Plein jour,En agglomération,Hors intersection,Normale,Deux véhicules - arrière,,,,,,,,,,,1,2,1,1,2
200600035004,0006-06-15 17:45:00,6,6,15,17,45,750,1,R ETIENNE MARCEL R SAINT,,,Plein jour,En agglomération,Intersection en X,Normale,Autre collision,,,,,,,,,,,1,2,2,1,6
200600035005,0006-06-16 01:45:00,6,6,16,1,45,750,16,42 AV DU PDT KENNEDY,,,Nuit avec éclairage allumé,En agglomération,Hors intersection,Normale,Autre collision,,,,,,,,,,,5,2,1,1,6
200600035006,0006-06-01 13:45:00,6,6,1,13,45,750,7,R DE GRENELLE  BD RASPAI,,,Plein jour,En agglomération,Intersection en X,Temps couvert,Deux véhicules - côté,,,,,,,,,,,1,2,2,8,3
200600035007,0006-06-01 17:45:00,6,6,1,17,45,750,7,AV BOSQUET R DE L UNIVER,,,Plein jour,En agglomération,Intersection en X,Normale,Autre collision,,,,,,,,,,,1,2,2,1,6
200600035008,0006-06-01 18:45:00,6,6,1,18,45,750,7,R SAINT DOMINIQUE BD SAI,,,Plein jour,En agglomération,Intersection en Y,Normale,Autre collision,,,,,,,,,,,1,2,4,1,6
200600035009,0006-06-01 11:05:00,6,6,1,11,5,750,11,102 BD BEAUMARCHAIS,,,Plein jour,En agglomération,Hors intersection,Normale,Deux véhicules - arrière,,,,,,,,,,,1,2,1,1,2
200600035010,0006-06-01 21:35:00,6,6,1,21,35,750,11,242 BD VOLTAIRE,,,Crépuscule ou aube,En agglomération,Hors intersection,Normale,Autre collision,,,,,,,,,,,2,2,1,1,6
200600035011,0006-06-01 15:15:00,6,6,1,15,15,750,11,224 BD VOLTAIRE,,,Plein jour,En agglomération,Hors intersection,Normale,Autre collision,,,,,,,,,,,1,2,1,1,6
200600035012,0006-06-01 17:45:00,6,6,1,17,45,750,11,86 BD RICHARD LENOIR,,,Plein jour,En agglomération,Hors intersection,Pluie légère,Deux véhicules - arrière,,,,,,,,,,,1,2,1,2,2
200600035013,0006-06-01 10:55:00,6,6,1,10,55,750,11,78 AV DE LA REPUBLIQUE,,,Plein jour,En agglomération,Hors intersection,Normale,Deux véhicules - côté,,,,,,,,,,,1,2,1,1,3
200600035014,0006-06-01 16:45:00,6,6,1,16,45,750,13,R NATIONALE R DE TOLBIAC,,,Plein jour,En agglomération,Intersection en X,Pluie légère,Autre collision,,,,,,,,,,,1,2,2,2,6
200600035015,0006-06-01 21:10:00,6,6,1,21,10,750,15,160 BD DE GRENELLE,,,Plein jour,En agglomération,Hors intersection,Pluie légère,Sans collision,,,,,,,,,,,1,2,1,2,7
200600035016,0006-06-01 13:25:00,6,6,1,13,25,750,15,12 PL 5 MARTYRS  BUFFON,,,Plein jour,En agglomération,Hors intersection,Normale,Deux véhicules - arrière,,,,,,,,,,,1,2,1,1,2
200600035017,0006-06-01 11:50:00,6,6,1,11,50,750,15,BD  DE GRENELLE AV LA MO,,,Plein jour,En agglomération,Intersection en X,Normale,Sans collision,,,,,,,,,,,1,2,2,1,7
200600035018,0006-06-01 09:30:00,6,6,1,9,30,750,16,L10451 AV MAHATMA GANDHI,,,Plein jour,En agglomération,Hors intersection,Normale,Deux véhicules - côté,,,,,,,,,,,1,2,1,1,3
200600035019,0006-06-01 10:30:00,6,6,1,10,30,750,16,76 AV PAUL DOUMER,,,Plein jour,En agglomération,Hors intersection,Normale,Deux véhicules - arrière,,,,,,,,,,,1,2,1,1,2
200600035020,0006-06-01 11:10:00,6,6,1,11,10,750,17,AV CARNOT PL CH DE GAULL,,,Plein jour,En agglomération,Intersection en T,Normale,Sans collision,,,,,,,,,,,1,2,3,1,7
200600035021,0006-06-01 17:30:00,6,6,1,17,30,750,17,PL PORTE MAILLOT,,,Plein jour,En agglomération,Hors intersection,Normale,Sans collision,,,,,,,,,,,1,2,1,1,7
200600035022,0006-06-01 16:00:00,6,6,1,16,0,750,19,54 BD DE LA VILLETTE,,,Plein jour,En agglomération,Hors intersection,Pluie légère,Autre collision,,,,,,,,,,,1,2,1,2,6
200600035023,0006-06-01 05:16:00,6,6,1,5,16,750,9,R DE SEZE R VIGNON,,,Nuit avec éclairage allumé,En agglomération,Intersection en X,Normale,Deux véhicules - côté,,,,,,,,,,,5,2,2,1,3
200600035024,0006-06-02 08:50:00,6,6,2,8,50,750,20,248 R DES PYRENEES,,,Plein jour,En agglomération,Hors intersection,Normale,Sans collision,,,,,,,,,,,1,2,1,1,7
200600035025,0006-06-02 19:45:00,6,6,2,19,45,750,3,56 BD BEAUMARCHAIS,,,Nuit avec éclairage allumé,En agglomération,Hors intersection,Normale,Deux véhicules - côté,,,,,,,,,,,5,2,1,1,3
200600035026,0006-06-02 20:00:00,6,6,2,20,0,750,9,54 BD HAUSSMANN,,,Plein jour,En agglomération,Hors intersection,Normale,Deux véhicules - côté,,,,,,,,,,,1,2,1,1,3
200600035027,0006-06-02 18:55:00,6,6,2,18,55,750,11,PL DE LA NATION AV PHILI,,,Plein jour,En agglomération,Intersection en X,Normale,Deux véhicules - côté,,,,,,,,,,,1,2,2,1,3
200600035028,0006-06-02 04:00:00,6,6,2,4,0,750,9,R LE PELETIER R DE PROVE,,,Nuit avec éclairage allumé,En agglomération,Intersection en X,Normale,Deux véhicules - côté,,,,,,,,,,,5,2,2,1,3
200600035029,0006-06-02 18:10:00,6,6,2,18,10,750,11,R FONTAINE AU ROI AV PAR,,,Plein jour,En agglomération,Intersection en X,Normale,Autre collision,,,,,,,,,,,1,2,2,1,6
200600035030,0006-06-02 17:10:00,6,6,2,17,10,750,18,R BAUDELIQUE BD ORNANO,,,Plein jour,En agglomération,Intersection en Y,Normale,Deux véhicules - côté,,,,,,,,,,,1,2,4,1,3
200600035031,0006-06-02 12:10:00,6,6,2,12,10,750,18,R DUC R HERMEL,,,Plein jour,En agglomération,Intersection en X,Normale,Deux véhicules - côté,,,,,,,,,,,1,2,2,1,3
200600035032,0006-06-02 18:55:00,6,6,2,18,55,750,7,2 AV BOSQUET,,,Plein jour,En agglomération,Hors intersection,Normale,Autre collision,,,,,,,,,,,1,2,1,1,6
200600035033,0006-06-02 12:05:00,6,6,2,12,5,750,8,AV CHAMPS ELYSEES R WASH,,,Plein jour,En agglomération,Intersection en T,Normale,Sans collision,,,,,,,,,,,1,2,3,1,7
200600035034,0006-06-02 16:45:00,6,6,2,16,45,750,8,R DE COURCELLES R MURILL,,,Plein jour,En agglomération,Intersection en Y,Normale,Autre collision,,,,,,,,,,,1,2,4,1,6
200600035035,0006-06-02 13:50:00,6,6,2,13,50,750,10,48 BD DE MAGENTA,,,Plein jour,En agglomération,Hors intersection,Normale,Sans collision,,,,,,,,,,,1,2,1,1,7
200600035036,0006-06-02 20:10:00,6,6,2,20,10,750,10,R LA FAYETTE PL FRANZ LI,,,Plein jour,En agglomération,Intersection en X,Normale,Deux véhicules - côté,,,,,,,,,,,1,2,2,1,3
200600035037,0006-06-03 14:09:00,6,6,3,14,9,750,1,R DE RIVOLI R DU 29 JUIL,,,Plein jour,En agglomération,Intersection en T,Normale,Autre collision,,,,,,,,,,,1,2,3,1,6
200600035038,0006-06-02 10:58:00,6,6,2,10,58,750,13,AV DES GOBELINS R VERONE,,,Plein jour,En agglomération,Intersection en X,Normale,Autre collision,,,,,,,,,,,1,2,2,1,6
200600035039,0006-06-03 01:00:00,6,6,3,1,0,750,7,PT ROYAL Q VOLTAIRE,,,Nuit avec éclairage allumé,En agglomération,Intersection en T,Normale,Deux véhicules - côté,,,,,,,,,,,5,2,3,1,3
200600035040,0006-06-02 11:45:00,6,6,2,11,45,750,13,2 BD DE L HOPITAL,,,Plein jour,En agglomération,Hors intersection,Normale,Autre collision,,,,,,,,,,,1,2,1,1,6
200600035041,0006-06-03 01:10:00,6,6,3,1,10,750,10,R LOUIS BLANC R PERDONNE,,,Nuit avec éclairage allumé,En agglomération,Intersection en X,Normale,Deux véhicules - côté,,,,,,,,,,,5,2,2,1,3
200600035042,0006-06-02 13:25:00,6,6,2,13,25,750,14,116 AV GENERAL LECLERC,,,Plein jour,En agglomération,Hors intersection,Normale,Autre collision,,,,,,,,,,,1,2,1,1,6
200600035043,0006-06-02 06:35:00,6,6,2,6,35,750,14,82 AV GENERAL LECLERC,,,Plein jour,En agglomération,Hors intersection,Normale,Sans collision,,,,,,,,,,,1,2,1,1,7
200600035044,0006-06-02 14:45:00,6,6,2,14,45,750,16,PL PTE DE ST CLOUD AV DE,,,Plein jour,En agglomération,Intersection en T,Normale,Sans collision,,,,,,,,,,,1,2,3,1,7
200600035045,0006-06-03 12:35:00,6,6,3,12,35,750,12,R DE REUILLY R SERGENT B,,,Plein jour,En agglomération,Intersection en T,Normale,Autre collision,,,,,,,,,,,1,2,3,1,6
200600035046,0006-06-02 10:10:00,6,6,2,10,10,750,16,R DEGAS AV DE VERSAILLES,,,Plein jour,En agglomération,Intersection en X,Normale,Autre collision,,,,,,,,,,,1,2,2,1,6
200600035047,0006-06-03 16:02:00,6,6,3,16,2,750,15,28 R LECOURBE,,,Plein jour,En agglomération,Hors intersection,Normale,Autre collision,,,,,,,,,,,1,2,1,1,6
200600035048,0006-06-02 11:40:00,6,6,2,11,40,750,16,R CHARDON LAGACHE R MOLI,,,Plein jour,En agglomération,Intersection en T,Normale,Autre collision,,,,,,,,,,,1,2,3,1,6
200600035049,0006-06-02 19:05:00,6,6,2,19,5,750,16,PL PORTE D AUTEUIL BD MU,,,Plein jour,En agglomération,Intersection en T,Normale,Autre collision,,,,,,,,,,,1,2,3,1,6
200600035050,0006-06-03 16:00:00,6,6,3,16,0,750,17,L16444 BD DE DOUAUMONT,,,Plein jour,En agglomération,Hors intersection,Normale,Deux véhicules - arrière,,,,,,,,,,,1,2,1,1,2
200600035051,0006-06-03 16:15:00,6,6,3,16,15,750,17,AV DE CLICHY R LA CONDAM,,,Plein jour,En agglomération,Intersection en T,Normale,Deux véhicules - côté,,,,,,,,,,,1,2,3,1,3
200600035052,0006-06-02 14:15:00,6,6,2,14,15,750,16,RUE MANUTENTION AV DE NE,,,Plein jour,En agglomération,Intersection en T,Normale,Trois véhicules et plus - en chaîne,,,,,,,,,,,1,2,3,1,4
200600035053,0006-06-03 02:20:00,6,6,3,2,20,750,11,R AMELOT R PASTEUR WAGNE,,,Nuit avec éclairage allumé,En agglomération,Intersection en X,Normale,Deux véhicules - côté,,,,,,,,,,,5,2,2,1,3
200600035054,0006-06-03 05:02:00,6,6,3,5,2,750,11,317 R FG SAINT ANTOINE,,,Nuit avec éclairage allumé,En agglomération,Hors intersection,Normale,Autre collision,,,,,,,,,,,5,2,1,1,6
200600035055,0006-06-02 18:50:00,6,6,2,18,50,750,20,116 R DE BELLEVILLE,,,Plein jour,En agglomération,Hors intersection,Normale,Autre collision,,,,,,,,,,,1,2,1,1,6
200600035056,0006-06-03 13:15:00,6,6,3,13,15,750,13,44 BD ARAGO,,,Plein jour,En agglomération,Hors intersection,Normale,Deux véhicules - côté,,,,,,,,,,,1,2,1,1,3
200600035057,0006-06-02 17:55:00,6,6,2,17,55,750,1,108 R DE RIVOLI,,,Plein jour,En agglomération,Hors intersection,Normale,Deux véhicules - côté,,,,,,,,,,,1,2,1,1,3
200600035058,0006-06-03 01:30:00,6,6,3,1,30,750,12,Q DE BERCY,,,Nuit avec éclairage allumé,En agglomération,Hors intersection,Normale,Sans collision,,,,,,,,,,,5,2,1,1,7
200600035059,0006-06-03 18:00:00,6,6,3,18,0,750,18,R ETEX AV DE SAINT OUEN,,,Plein jour,En agglomération,Intersection en Y,Normale,Trois véhicules et plus - en chaîne,,,,,,,,,,,1,2,4,1,4
200600035060,0006-06-20 01:55:00,6,6,20,1,55,750,19,SOU VILLETTE,,,Nuit avec éclairage allumé,En agglomération,Hors intersection,Normale,Autre collision,,,,,,,,,,,5,2,1,1,6
200600035061,0006-06-04 13:00:00,6,6,4,13,0,750,8,R DES MATHURINS R TRONCH,,,Plein jour,En agglomération,Intersection en X,Normale,Trois véhicules et plus - collisions multiples,,,,,,,,,,,1,2,2,1,5
200600035062,0006-06-04 03:30:00,6,6,4,3,30,750,15,BD PASTEUR R DE VAUGIRAR,,,Nuit avec éclairage allumé,En agglomération,Intersection en X,Normale,Autre collision,,,,,,,,,,,5,2,2,1,6
200600035063,0006-06-04 06:05:00,6,6,4,6,5,750,1,SOU TRANSIT HALLES,,,Nuit avec éclairage allumé,En agglomération,Hors intersection,Normale,Autre collision,,,,,,,,,,,5,2,1,1,6
200600035064,0006-06-04 23:10:00,6,6,4,23,10,750,4,BD DE SEBASTOPOL AV VICT,,,Nuit avec éclairage allumé,En agglomération,Intersection en X,Normale,Deux véhicules - côté,,,,,,,,,,,5,2,2,1,3
200600035065,0006-06-01 07:50:00,6,6,1,7,50,750,12,64 AV LEDRU ROLLIN,,,Plein jour,En agglomération,Hors intersection,Normale,Trois véhicules et plus - en chaîne,,,,,,,,,,,1,2,1,1,4
200600035066,0006-06-20 10:05:00,6,6,20,10,5,750,7,BD LA TOUR MAUBOURG R DE,,,Plein jour,En agglomération,Intersection en X,Normale,Autre collision,,,,,,,,,,,1,2,2,1,6
200600035067,0006-06-20 10:45:00,6,6,20,10,45,750,10,R FG SAINT MARTIN BD DE,,,Plein jour,En agglomération,Intersection en X,Normale,Deux véhicules - côté,,,,,,,,,,,1,2,2,1,3
200600035068,0006-06-01 12:35:00,6,6,1,12,35,750,18,18 BD DE LA CHAPELLE,,,Plein jour,En agglomération,Hors intersection,Normale,Deux véhicules - côté,,,,,,,,,,,1,2,1,1,3
200600035069,0006-06-02 17:50:00,6,6,2,17,50,750,6,R D ASSAS R DE VAUGIRARD,,,Plein jour,En agglomération,Intersection en X,Temps éblouissant,Deux véhicules - côté,,,,,,,,,,,1,2,2,7,3
200600035070,0006-06-02 19:00:00,6,6,2,19,0,750,5,R SOUFFLOT R VICTOR COUS,,,Plein jour,En agglomération,Intersection en X,Normale,Sans collision,,,,,,,,,,,1,2,2,1,7
200600035071,0006-06-02 15:15:00,6,6,2,15,15,750,20,R F LEMAITRE AV TAILLADE,,,Plein jour,En agglomération,Intersection en Y,Normale,Autre collision,,,,,,,,,,,1,2,4,1,6
200600035072,0006-06-03 09:00:00,6,6,3,9,0,750,5,R SAINT JACQUES R SOUFFL,,,Plein jour,En agglomération,Intersection en X,Normale,Autre collision,,,,,,,,,,,1,2,2,1,6
200600035073,0006-06-03 20:05:00,6,6,3,20,5,750,6,BD DU MONTPARNASSE R DE,,,Plein jour,En agglomération,Intersection en X,Normale,Deux véhicules - côté,,,,,,,,,,,1,2,2,1,3
200600035074,0006-06-03 18:10:00,6,6,3,18,10,750,12,RTE DE LA FALUERE,,,Plein jour,En agglomération,Hors intersection,Normale,Sans collision,,,,,,,,,,,1,2,1,1,7
200600035075,0006-06-03 19:25:00,6,6,3,19,25,750,13,AV DES GOBELINS R LE BRU,,,Plein jour,En agglomération,Intersection en Y,Normale,Deux véhicules - côté,,,,,,,,,,,1,2,4,1,3
200600035076,0006-06-03 13:05:00,6,6,3,13,5,750,18,R DES TROIS FRERES R TAR,,,Plein jour,En agglomération,Intersection à plus de 4 branches,Normale,Deux véhicules - côté,,,,,,,,,,,1,2,5,1,3
200600035077,0006-06-03 15:00:00,6,6,3,15,0,750,20,R DE LA CHINE AV GAMBETT,,,Plein jour,En agglomération,Intersection en X,Normale,Deux véhicules - côté,,,,,,,,,,,1,2,2,1,3
200600035078,0006-06-04 13:20:00,6,6,4,13,20,750,20,224 R DES PYRENEES,,,Plein jour,En agglomération,Hors intersection,Normale,Autre collision,,,,,,,,,,,1,2,1,1,6
200600035079,0006-06-05 15:40:00,6,6,5,15,40,750,3,26 PL DES VOSGES,,,Plein jour,En agglomération,Hors intersection,Normale,Autre collision,,,,,,,,,,,1,2,1,1,6
200600035080,0006-06-05 14:00:00,6,6,5,14,0,750,3,R REAUMUR R DES VERTUS,,,Plein jour,En agglomération,Intersection en T,Normale,Sans collision,,,,,,,,,,,1,2,3,1,7
200600035081,0006-06-05 13:15:00,6,6,5,13,15,750,6,R ROTROU R DE VAUGIRARD,,,Plein jour,En agglomération,Intersection en T,Normale,Autre collision,,,,,,,,,,,1,2,3,1,6
200600035082,0006-06-05 05:35:00,6,6,5,5,35,750,8,R P CHAMPS ELYSEES AV F,,,Crépuscule ou aube,En agglomération,Intersection en T,Normale,Sans collision,,,,,,,,,,,2,2,3,1,7
200600035083,0006-06-05 18:20:00,6,6,5,18,20,750,11,130 R DE CHARONNE,,,Plein jour,En agglomération,Hors intersection,Normale,Deux véhicules - côté,,,,,,,,,,,1,2,1,1,3
200600035084,0006-06-05 18:10:00,6,6,5,18,10,750,12,108 AV GEN MICHEL BIZOT,,,Plein jour,En agglomération,Hors intersection,Normale,Deux véhicules - côté,,,,,,,,,,,1,2,1,1,3
200600035085,0006-06-05 14:10:00,6,6,5,14,10,750,16,BD EXELMANS AV DE VERSAI,,,Plein jour,En agglomération,Intersection en X,Normale,Autre collision,,,,,,,,,,,1,2,2,1,6
200600035086,0006-06-05 21:20:00,6,6,5,21,20,750,16,AV DE NEW YORK PL DE  VA,,,Crépuscule ou aube,En agglomération,Intersection en T,Normale,Deux véhicules - côté,,,,,,,,,,,2,2,3,1,3
200600035087,0006-06-05 20:40:00,6,6,5,20,40,750,16,R DE L ASSOMPTION AV MOZ,,,Plein jour,En agglomération,Intersection en X,Normale,Sans collision,,,,,,,,,,,1,2,2,1,7
200600035088,0006-06-05 10:30:00,6,6,5,10,30,750,16,R COPERNIC R LAURISTON,,,Plein jour,En agglomération,Intersection en X,Normale,Autre collision,,,,,,,,,,,1,2,2,1,6
200600035089,0006-06-05 19:45:00,6,6,5,19,45,750,19,48 AV DE FLANDRE,,,Plein jour,En agglomération,Hors intersection,Normale,Autre collision,,,,,,,,,,,1,2,1,1,6
200600035090,0006-06-05 19:30:00,6,6,5,19,30,750,19,34 AV DE FLANDRE,,,Plein jour,En agglomération,Hors intersection,Normale,Autre collision,,,,,,,,,,,1,2,1,1,6
200600035091,0006-06-05 21:10:00,6,6,5,21,10,750,17,R ANDRE SUARES AV PORTE,,,Plein jour,En agglomération,Intersection en X,Normale,Deux véhicules - côté,,,,,,,,,,,1,2,2,1,3
200600035092,0006-06-05 11:30:00,6,6,5,11,30,750,18,R DES ABBESSES R LEPIC,,,Plein jour,En agglomération,Intersection en Y,Normale,Autre collision,,,,,,,,,,,1,2,4,1,6
200600035093,0006-06-05 12:35:00,6,6,5,12,35,750,20,AV GAMBETTA R DES GATINE,,,Plein jour,En agglomération,Intersection en T,Normale,Autre collision,,,,,,,,,,,1,2,3,1,6
200600035094,0006-06-06 11:40:00,6,6,6,11,40,750,6,58 R MAZARINE,,,Plein jour,En agglomération,Hors intersection,Normale,Autre collision,,,,,,,,,,,1,2,1,1,6
200600035095,0006-06-06 20:45:00,6,6,6,20,45,750,7,30 AV DE SAXE,,,Plein jour,En agglomération,Hors intersection,Normale,Sans collision,,,,,,,,,,,1,2,1,1,7
200600035096,0006-06-06 09:17:00,6,6,6,9,17,750,8,R DE BERRI AV CHAMPS ELY,,,Plein jour,En agglomération,Intersection en T,Temps éblouissant,Deux véhicules - arrière,,,,,,,,,,,1,2,3,7,2
200600035097,0006-06-06 08:40:00,6,6,6,8,40,750,8,R D AMSTERDAM R DE BUCAR,,,Plein jour,En agglomération,Intersection en T,Normale,Autre collision,,,,,,,,,,,1,2,3,1,6
200600035098,0006-06-06 17:00:00,6,6,6,17,0,750,12,AV DR ARNOLD NETTER R DE,,,Plein jour,En agglomération,Intersection en T,Normale,Autre collision,,,,,,,,,,,1,2,3,1,6
200600035099,0006-06-06 12:10:00,6,6,6,12,10,750,16,8 R BOULAINVILLIERS,,,Plein jour,En agglomération,Hors intersection,Normale,Deux véhicules - arrière,,,,,,,,,,,1,2,1,1,2
200600035100,0006-06-17 00:40:00,6,6,17,0,40,750,11,32 R ALEXANDRE DUMAS,,,Nuit avec éclairage allumé,En agglomération,Hors intersection,Normale,Autre collision,,,,,,,,,,,5,2,1,1,6