accident_id,datetime,annee,mois,jour,heure,minute,departement,commune_insee,adresse,latitude,longitude,luminosite,agglomeration,intersection,meteo,collision,nb_vehicules,nb_usagers,nb_indemnes,nb_tues,nb_blesses_hosp,nb_blesses_legers,age_cond_1,age_cond_2,veh_type_cond_1,veh_type_cond_2,lum_code,agg_code,int_code,atm_code,col_code
200600035101,0006-06-20 18:50:00,6,6,20,18,50,750,8,AV CHAMPS ELYSEES AV DE,,,Plein jour,En agglomération,Intersection en T,Normale,Autre collision,,,,,,,,,,,1,2,3,1,6
200600035102,0006-06-05 13:05:00,6,6,5,13,5,750,19,R SIGMUND FREUD,,,Plein jour,En agglomération,Hors intersection,Normale,Deux véhicules - arrière,,,,,,,,,,,1,2,1,1,2
200600035103,0006-06-06 11:15:00,6,6,6,11,15,750,20,RUE DE LAGNY RUE DES PYR,,,Plein jour,En agglomération,Intersection en X,Normale,Autre collision,,,,,,,,,,,1,2,2,1,6
200600035104,0006-06-06 20:40:00,6,6,6,20,40,750,20,RUE BELGRAND R E PIERRE,,,Plein jour,En agglomération,Intersection en T,Normale,Deux véhicules - côté,,,,,,,,,,,1,2,3,1,3
200600035105,0006-06-06 10:10:00,6,6,6,10,10,750,20,RUE DULAURE  BD MORTIER,,,Plein jour,En agglomération,Intersection en T,Normale,Deux véhicules - côté,,,,,,,,,,,1,2,3,1,3
200600035106,0006-06-06 19:20:00,6,6,6,19,20,750,2,BD SAINT DENIS BD DE SEB,,,Plein jour,En agglomération,Intersection en X,Normale,Autre collision,,,,,,,,,,,1,2,2,1,6
200600035107,0006-06-06 15:17:00,6,6,6,15,17,750,3,4 R DES HAUDRIETTES,,,Plein jour,En agglomération,Hors intersection,Normale,Autre collision,,,,,,,,,,,1,2,1,1,6
200600035108,0006-06-06 14:35:00,6,6,6,14,35,750,11,74 BD VOLTAIRE,,,Plein jour,En agglomération,Hors intersection,Normale,Deux véhicules - arrière,,,,,,,,,,,1,2,1,1,2
200600035109,0006-06-06 15:50:00,6,6,6,15,50,750,12,Q DE BERCY,,,Plein jour,En agglomération,Hors intersection,Normale,Deux véhicules - côté,,,,,,,,,,,1,2,1,1,3
200600035110,0006-06-06 15:45:00,6,6,6,15,45,750,12,295 AV DAUMESNIL,,,Plein jour,En agglomération,Hors intersection,Normale,Deux véhicules - arrière,,,,,,,,,,,1,2,1,1,2
200600035111,0006-06-06 19:15:00,6,6,6,19,15,750,12,R DUBRUNFAUT BD DE REUIL,,,Plein jour,En agglomération,Intersection en X,Normale,Trois véhicules et plus - en chaîne,,,,,,,,,,,1,2,2,1,4
200600035112,0006-06-06 19:30:00,6,6,6,19,30,750,13,PT DE BERCY Q DE LA GARE,,,Plein jour,En agglomération,Intersection en T,Normale,Sans collision,,,,,,,,,,,1,2,3,1,7
200600035113,0006-06-06 10:00:00,6,6,6,10,0,750,15,344 R DE VAUGIRARD,,,Plein jour,En agglomération,Hors intersection,Normale,Deux véhicules - côté,,,,,,,,,,,1,2,1,1,3
200600035114,0006-06-06 17:55:00,6,6,6,17,55,750,16,BPE MUETTE PASSY,,,Plein jour,En agglomération,Hors intersection,Normale,Sans collision,,,,,,,,,,,1,2,1,1,7
200600035115,0006-06-06 18:10:00,6,6,6,18,10,750,16,L1154 ALL FORTIFICATIONS,,,Plein jour,En agglomération,Hors intersection,Normale,Deux véhicules - arrière,,,,,,,,,,,1,2,1,1,2
200600035116,0006-06-06 16:55:00,6,6,6,16,55,750,16,PL D IENA AV PRESIDENT W,,,Plein jour,En agglomération,Intersection à plus de 4 branches,Normale,Sans collision,,,,,,,,,,,1,2,5,1,7
200600035117,0006-06-06 20:55:00,6,6,6,20,55,750,17,BD DU FORT DE VAUX,,,Plein jour,En agglomération,Hors intersection,Normale,Autre collision,,,,,,,,,,,1,2,1,1,6
200600035118,0006-06-07 16:10:00,6,6,7,16,10,750,3,R GRENETA BD DE SEBASTOP,,,Plein jour,En agglomération,Intersection en X,Normale,Trois véhicules et plus - en chaîne,,,,,,,,,,,1,2,2,1,4
200600035119,0006-06-07 15:00:00,6,6,7,15,0,750,4,PT AU CHANGE Q DE GESVRE,,,Plein jour,En agglomération,Intersection en X,Normale,Deux véhicules - côté,,,,,,,,,,,1,2,2,1,3
200600035120,0006-06-07 10:30:00,6,6,7,10,30,750,4,2 R COUTELLERIE,,,Plein jour,En agglomération,Hors intersection,Normale,Deux véhicules - arrière,,,,,,,,,,,1,2,1,1,2
200600035121,0006-06-07 13:25:00,6,6,7,13,25,750,4,R DU ROI DE SICILE R PAV,,,Plein jour,En agglomération,Intersection en X,Normale,Deux véhicules - côté,,,,,,,,,,,1,2,2,1,3
200600035122,0006-06-07 15:40:00,6,6,7,15,40,750,14,R D ALESIA R VERCINGETOR,,,Plein jour,En agglomération,Intersection en X,Normale,Deux véhicules - côté,,,,,,,,,,,1,2,2,1,3
200600035123,0006-06-07 14:10:00,6,6,7,14,10,750,5,R CENSIER R MONGE,,,Plein jour,En agglomération,Intersection en X,Normale,Deux véhicules - côté,,,,,,,,,,,1,2,2,1,3
200600035124,0006-06-07 11:40:00,6,6,7,11,40,750,9,R CHORON R DES MARTYRS,,,Plein jour,En agglomération,Intersection en T,Normale,Deux véhicules - côté,,,,,,,,,,,1,2,3,1,3
200600035125,0006-06-07 15:50:00,6,6,7,15,50,750,9,SQ D ANVERS BD DE ROCHEC,,,Plein jour,En agglomération,Intersection en T,Normale,Deux véhicules - côté,,,,,,,,,,,1,2,3,1,3
200600035126,0006-06-07 16:05:00,6,6,7,16,5,750,9,1 R AUBER,,,Plein jour,En agglomération,Hors intersection,Normale,Deux véhicules - côté,,,,,,,,,,,1,2,1,1,3
200600035127,0006-06-07 19:15:00,6,6,7,19,15,750,12,ESP SAINT LOUIS RTE DE L,,,Plein jour,En agglomération,Intersection en T,Normale,Deux véhicules - côté,,,,,,,,,,,1,2,3,1,3
200600035128,0006-06-07 08:25:00,6,6,7,8,25,750,14,R D ALESIA R BROUSSAIS,,,Plein jour,En agglomération,Intersection en T,Normale,Deux véhicules - côté,,,,,,,,,,,1,2,3,1,3
200600035129,0006-06-07 06:45:00,6,6,7,6,45,750,15,AV ERNEST RENAN PL PTE V,,,Plein jour,En agglomération,Intersection en T,Normale,Sans collision,,,,,,,,,,,1,2,3,1,7
200600035130,0006-06-07 09:20:00,6,6,7,9,20,750,16,R LAURISTON AV RAYMOND P,,,Plein jour,En agglomération,Intersection en X,Normale,Autre collision,,,,,,,,,,,1,2,2,1,6
200600035131,0006-06-07 09:08:00,6,6,7,9,8,750,16,L6735 VERD PT DE GRENELL,,,Plein jour,En agglomération,Hors intersection,Normale,Deux véhicules - côté,,,,,,,,,,,1,2,1,1,3
200600035132,0006-06-07 21:00:00,6,6,7,21,0,750,16,PL CH DE GAULLE AV GRAND,,,Plein jour,En agglomération,Intersection en T,Normale,Deux véhicules - côté,,,,,,,,,,,1,2,3,1,3
200600035133,0006-06-07 19:15:00,6,6,7,19,15,750,16,PL PIERRE BRISSON AV MAR,,,Plein jour,En agglomération,Intersection en X,Normale,Autre collision,,,,,,,,,,,1,2,2,1,6
200600035134,0006-06-21 12:40:00,6,6,21,12,40,750,15,26 BD DE GRENELLE,,,Plein jour,En agglomération,Hors intersection,Normale,Autre collision,,,,,,,,,,,1,2,1,1,6
200600035135,0006-06-07 14:28:00,6,6,7,14,28,750,16,AV KLEBER R PAUL VALERY,,,Plein jour,En agglomération,Intersection en Y,Normale,Autre collision,,,,,,,,,,,1,2,4,1,6
200600035136,0006-06-07 10:25:00,6,6,7,10,25,750,17,R A DE LA FORGE AV GRAND,,,Plein jour,En agglomération,Intersection en T,Normale,Deux véhicules - côté,,,,,,,,,,,1,2,3,1,3
200600035137,0006-06-07 13:50:00,6,6,7,13,50,750,17,PL DU MARECHAL JUIN AV D,,,Plein jour,En agglomération,Intersection à plus de 4 branches,Normale,Autre collision,,,,,,,,,,,1,2,5,1,6
200600035138,0006-06-08 18:55:00,6,6,8,18,55,750,4,36 R VIEILLE TEMPLE,,,Plein jour,En agglomération,Hors intersection,Normale,Autre collision,,,,,,,,,,,1,2,1,1,6
200600035139,0006-06-08 12:50:00,6,6,8,12,50,750,14,96 BD DE PORT ROYAL,,,Plein jour,En agglomération,Hors intersection,Normale,Autre collision,,,,,,,,,,,1,2,1,1,6
200600035140,0006-06-08 09:20:00,6,6,8,9,20,750,8,R CONSTANTINOPLE R DE RO,,,Plein jour,En agglomération,Intersection en X,Normale,Autre collision,,,,,,,,,,,1,2,2,1,6
200600035141,0006-06-08 15:50:00,6,6,8,15,50,750,8,62 R LA BOETIE,,,Plein jour,En agglomération,Hors intersection,Normale,Autre collision,,,,,,,,,,,1,2,1,1,6
200600035142,0006-06-08 10:45:00,6,6,8,10,45,750,9,40 R DE MAUBEUGE,,,Plein jour,En agglomération,Hors intersection,Normale,Trois véhicules et plus - en chaîne,,,,,,,,,,,1,2,1,1,4
200600035143,0006-06-08 21:10:00,6,6,8,21,10,750,11,R RICHARD LENOIR BD VOLT,,,Plein jour,En agglomération,Intersection en Y,Normale,Deux véhicules - côté,,,,,,,,,,,1,2,4,1,3
200600035144,0006-06-08 09:20:00,6,6,8,9,20,750,11,R SAINT SABIN R SEDAINE,,,Plein jour,En agglomération,Intersection en X,Normale,Sans collision,,,,,,,,,,,1,2,2,1,7
200600035145,0006-06-08 21:15:00,6,6,8,21,15,750,11,98 R DE LA ROQUETTE,,,Plein jour,En agglomération,Hors intersection,Normale,Deux véhicules - arrière,,,,,,,,,,,1,2,1,1,2
200600035146,0006-06-08 12:56:00,6,6,8,12,56,750,12,168 BD DIDEROT,,,Plein jour,En agglomération,Hors intersection,Normale,Autre collision,,,,,,,,,,,1,2,1,1,6
200600035147,0006-06-08 15:47:00,6,6,8,15,47,750,13,Q D AUSTERLITZ PT CH DE,,,Plein jour,En agglomération,Intersection en T,Normale,Deux véhicules - côté,,,,,,,,,,,1,2,3,1,3
200600035148,0006-06-08 07:03:00,6,6,8,7,3,750,14,BPI GENTILLY ORLEANS,,,Plein jour,En agglomération,Hors intersection,Normale,Sans collision,,,,,,,,,,,1,2,1,1,7
200600035149,0006-06-08 16:05:00,6,6,8,16,5,750,15,PT MIRABEAU PRT DE JAVEL,,,Plein jour,En agglomération,Intersection en T,Normale,Deux véhicules - côté,,,,,,,,,,,1,2,3,1,3
200600035150,0006-06-08 21:55:00,6,6,8,21,55,750,16,RTE AUTEUIL AUX LACS,,,Crépuscule ou aube,En agglomération,Hors intersection,Normale,Autre collision,,,,,,,,,,,2,2,1,1,6
200600035151,0006-06-08 18:55:00,6,6,8,18,55,750,16,AV GEORGES MANDEL PL DU,,,Plein jour,En agglomération,Intersection en T,Normale,Deux véhicules - arrière,,,,,,,,,,,1,2,3,1,2
200600035152,0006-06-08 17:35:00,6,6,8,17,35,750,17,82 AV DES TERNES,,,Plein jour,En agglomération,Hors intersection,Normale,Autre collision,,,,,,,,,,,1,2,1,1,6
200600035153,0006-06-08 10:45:00,6,6,8,10,45,750,18,72 BD ORNANO,,,Plein jour,En agglomération,Hors intersection,Normale,Deux véhicules - côté,,,,,,,,,,,1,2,1,1,3
200600035154,0006-06-08 09:40:00,6,6,8,9,40,750,18,R DU DEPARTEMENT R PH DE,,,Plein jour,En agglomération,Intersection en X,Normale,Deux véhicules - côté,,,,,,,,,,,1,2,2,1,3
200600035155,0006-06-08 07:15:00,6,6,8,7,15,750,19,PL PORTE DE PANTIN AV PO,,,Plein jour,En agglomération,Intersection en T,Normale,Deux véhicules - arrière,,,,,,,,,,,1,2,3,1,2
200600035156,0006-06-08 09:10:00,6,6,8,9,10,750,19,116 AV DE FLANDRE,,,Plein jour,En agglomération,Hors intersection,Normale,Autre collision,,,,,,,,,,,1,2,1,1,6
200600035157,0006-06-08 16:35:00,6,6,8,16,35,750,20,R BISSON R DE TOURTILLE,,,Plein jour,En agglomération,Intersection en X,Normale,Autre collision,,,,,,,,,,,1,2,2,1,6
200600035158,0006-06-21 17:00:00,6,6,21,17,0,750,14,R DU LOING R SARRETTE,,,Plein jour,En agglomération,Intersection en T,Normale,Autre collision,,,,,,,,,,,1,2,3,1,6
200600035159,0006-06-18 16:35:00,6,6,18,16,35,750,17,PL GENERAL CATROUX AV DE,,,Plein jour,En agglomération,Intersection en X,Normale,Autre collision,,,,,,,,,,,1,2,2,1,6
200600035160,0006-06-21 19:00:00,6,6,21,19,0,750,19,R DE BELLEVILLE R HAXO,,,Plein jour,En agglomération,Intersection en X,Normale,Autre collision,,,,,,,,,,,1,2,2,1,6
200600035161,0006-06-05 17:00:00,6,6,5,17,0,750,10,R FG SAINT MARTIN R DU T,,,Plein jour,En agglomération,Intersection en T,Normale,Deux véhicules - arrière,,,,,,,,,,,1,2,3,1,2
200600035162,0006-06-06 20:30:00,6,6,6,20,30,750,10,R DE L AQUEDUC R LA FAYE,,,Plein jour,En agglomération,Intersection en T,Normale,Autre collision,,,,,,,,,,,1,2,3,1,6
200600035163,0006-06-06 09:05:00,6,6,6,9,5,750,10,168 BD DE MAGENTA,,,Plein jour,En agglomération,Hors intersection,Normale,Trois véhicules et plus - en chaîne,,,,,,,,,,,1,2,1,1,4
200600035164,0006-06-07 18:50:00,6,6,7,18,50,750,12,L6065 PL DE LA BASTILLE,,,Plein jour,En agglomération,Hors intersection,Normale,Sans collision,,,,,,,,,,,1,2,1,1,7
200600035165,0006-06-08 18:00:00,6,6,8,18,0,750,10,Q DE JEMMAPES R DU FG DU,,,Plein jour,En agglomération,Intersection en T,Normale,Autre collision,,,,,,,,,,,1,2,3,1,6
200600035166,0006-06-09 17:40:00,6,6,9,17,40,750,12,AV DE SAINT MAURICE RTE,,,Plein jour,En agglomération,Intersection en T,Normale,Deux véhicules - côté,,,,,,,,,,,1,2,3,1,3
200600035167,0006-06-09 17:08:00,6,6,9,17,8,750,20,138 R D AVRON,,,Plein jour,En agglomération,Hors intersection,Normale,Deux véhicules - côté,,,,,,,,,,,1,2,1,1,3
200600035168,0006-06-09 14:15:00,6,6,9,14,15,750,5,BD SAINT GERMAIN R SAINT,,,Plein jour,En agglomération,Intersection en X,Normale,Deux véhicules - côté,,,,,,,,,,,1,2,2,1,3
200600035169,0006-06-09 14:30:00,6,6,9,14,30,750,7,BD DES INVALIDES R DE VA,,,Plein jour,En agglomération,Intersection en T,Normale,Autre collision,,,,,,,,,,,1,2,3,1,6
200600035170,0006-06-09 11:55:00,6,6,9,11,55,750,8,AV GEORGE V R VERNET,,,Plein jour,En agglomération,Intersection en X,Normale,Autre collision,,,,,,,,,,,1,2,2,1,6
200600035171,0006-06-09 10:05:00,6,6,9,10,5,750,8,PL CH DE GAULLE AV DE FR,,,Plein jour,En agglomération,Intersection en T,Normale,Deux véhicules - côté,,,,,,,,,,,1,2,3,1,3
200600035172,0006-06-09 15:25:00,6,6,9,15,25,750,9,R DE BRUXELLES R DE CLIC,,,Plein jour,En agglomération,Intersection en T,Normale,Deux véhicules - côté,,,,,,,,,,,1,2,3,1,3
200600035173,0006-06-09 18:50:00,6,6,9,18,50,750,11,R OBERKAMPF BD VOLTAIRE,,,Plein jour,En agglomération,Intersection en X,Normale,Deux véhicules - côté,,,,,,,,,,,1,2,2,1,3
200600035174,0006-06-09 20:20:00,6,6,9,20,20,750,11,R FONTAINE AU ROI AV PAR,,,Plein jour,En agglomération,Intersection en T,Normale,Autre collision,,,,,,,,,,,1,2,3,1,6
200600035175,0006-06-09 14:15:00,6,6,9,14,15,750,11,40 AV PHILIPPE AUGUSTE,,,Plein jour,En agglomération,Hors intersection,Normale,Deux véhicules - côté,,,,,,,,,,,1,2,1,1,3
200600035176,0006-06-09 20:30:00,6,6,9,20,30,750,11,88 AV DE LA REPUBLIQUE,,,Plein jour,En agglomération,Hors intersection,Normale,Autre collision,,,,,,,,,,,1,2,1,1,6
200600035177,0006-06-09 15:30:00,6,6,9,15,30,750,12,AV DE NOGENT AV DU TREMB,,,Plein jour,En agglomération,Intersection en Y,Normale,Deux véhicules - côté,,,,,,,,,,,1,2,4,1,3
200600035178,0006-06-09 19:09:00,6,6,9,19,9,750,13,Q D IVRY R J BAPT BERLIE,,,Plein jour,En agglomération,Intersection en Y,Normale,Deux véhicules - côté,,,,,,,,,,,1,2,4,1,3
200600035179,0006-06-09 13:45:00,6,6,9,13,45,750,14,R D ALESIA R R LOSSERAND,,,Plein jour,En agglomération,Intersection en X,Normale,Autre collision,,,,,,,,,,,1,2,2,1,6
200600035180,0006-06-09 16:15:00,6,6,9,16,15,750,14,40 R DIDOT,,,Plein jour,En agglomération,Hors intersection,Normale,Deux véhicules - arrière,,,,,,,,,,,1,2,1,1,2
200600035181,0006-06-09 16:28:00,6,6,9,16,28,750,14,37 R DU DEPART,,,Plein jour,En agglomération,Hors intersection,Normale,Autre collision,,,,,,,,,,,1,2,1,1,6
200600035182,0006-06-09 20:50:00,6,6,9,20,50,750,15,54 BD DE GRENELLE,,,Plein jour,En agglomération,Hors intersection,Normale,Deux véhicules - côté,,,,,,,,,,,1,2,1,1,3
200600035183,0006-06-09 10:40:00,6,6,9,10,40,750,15,Q DE GRENELLE PL FERNAND,,,Plein jour,En agglomération,Intersection en T,Normale,Deux véhicules - côté,,,,,,,,,,,1,2,3,1,3
200600035184,0006-06-10 20:10:00,6,6,10,20,10,750,3,2 R DUPETIT THOUARS,,,Plein jour,En agglomération,Hors intersection,Normale,Autre collision,,,,,,,,,,,1,2,1,1,6
200600035185,0006-06-10 14:30:00,6,6,10,14,30,750,6,R BONAPARTE R DE MEZIERE,,,Plein jour,En agglomération,Intersection en T,Normale,Autre collision,,,,,,,,,,,1,2,3,1,6
200600035186,0006-06-10 00:01:00,6,6,10,0,1,750,6,PL JACQUES COPEAU BD SAI,,,Nuit avec éclairage allumé,En agglomération,Intersection en T,Normale,Deux véhicules - côté,,,,,,,,,,,5,2,3,1,3
200600035187,0006-06-10 14:57:00,6,6,10,14,57,750,6,14 R ANCIENNE COMEDIE,,,Plein jour,En agglomération,Hors intersection,Normale,Autre collision,,,,,,,,,,,1,2,1,1,6
200600035188,0006-06-10 20:45:00,6,6,10,20,45,750,8,AV CHAMPS ELYSEES R PIER,,,Plein jour,En agglomération,Intersection en X,Normale,Deux véhicules - côté,,,,,,,,,,,1,2,2,1,3
200600035189,0006-06-10 17:20:00,6,6,10,17,20,750,9,BD POISSONNIERE R ROUGEM,,,Plein jour,En agglomération,Intersection en T,Normale,Deux véhicules - côté,,,,,,,,,,,1,2,3,1,3
200600035190,0006-06-10 19:00:00,6,6,10,19,0,750,11,R FG SAINT ANTOINE AV LE,,,Plein jour,En agglomération,Intersection en X,Normale,Deux véhicules - côté,,,,,,,,,,,1,2,2,1,3
200600035191,0006-06-10 01:00:00,6,6,10,1,0,750,12,120 R DE LYON,,,Nuit avec éclairage allumé,En agglomération,Hors intersection,Normale,Autre collision,,,,,,,,,,,5,2,1,1,6
200600035192,0006-06-10 10:55:00,6,6,10,10,55,750,4,R DU PLATRE R DU TEMPLE,,,Plein jour,En agglomération,Intersection en T,Normale,Autre collision,,,,,,,,,,,1,2,3,1,6
200600035193,0006-06-10 21:00:00,6,6,10,21,0,750,10,10 R J LOUVEL TESSIER,,,Plein jour,En agglomération,Hors intersection,Normale,Deux véhicules - arrière,,,,,,,,,,,1,2,1,1,2
200600035194,0006-06-10 14:50:00,6,6,10,14,50,750,14,142 AV GENERAL LECLERC,,,Plein jour,En agglomération,Hors intersection,Normale,Deux véhicules - côté,,,,,,,,,,,1,2,1,1,3
200600035195,0006-06-10 23:20:00,6,6,10,23,20,750,15,60 AV LA MOTTE PICQUET,,,Nuit avec éclairage allumé,En agglomération,Hors intersection,Normale,Deux véhicules - côté,,,,,,,,,,,5,2,1,1,3
200600035196,0006-06-22 23:40:00,6,6,22,23,40,750,7,Q BRANLY PT D IENA,,,Nuit avec éclairage allumé,En agglomération,Intersection en T,Normale,Autre collision,,,,,,,,,,,5,2,3,1,6
200600035197,0006-06-10 12:00:00,6,6,10,12,0,750,16,AV KLEBER AV SAINT DIDIE,,,Plein jour,En agglomération,Intersection en T,Normale,Deux véhicules - côté,,,,,,,,,,,1,2,3,1,3
200600035198,0006-06-10 06:20:00,6,6,10,6,20,750,16,AV HIPPODROME ALL REINE,,,Plein jour,En agglomération,Intersection en X,Normale,Deux véhicules - côté,,,,,,,,,,,1,2,2,1,3
200600035199,0006-06-10 01:20:00,6,6,10,1,20,750,16,ALL DE LONGCHAMP ALL REI,,,Nuit avec éclairage allumé,En agglomération,Intersection en X,Normale,Deux véhicules - côté,,,,,,,,,,,5,2,2,1,3
200600035200,0006-06-10 11:50:00,6,6,10,11,50,750,18,BD BARBES R DE SOFIA,,,Plein jour,En agglomération,Intersection en Y,Normale,Autre collision,,,,,,,,,,,1,2,4,1,6
200600035201,0006-06-10 11:00:00,6,6,10,11,0,750,18,R EUGENE CARRIERE PL NAT,,,Plein jour,En agglomération,Intersection en Y,Normale,Deux véhicules - côté,,,,,,,,,,,1,2,4,1,3
200600035202,0006-06-11 14:30:00,6,6,11,14,30,750,16,L1147 ALL  FORTIFICATION,,,Plein jour,En agglomération,Hors intersection,Normale,Deux véhicules - côté,,,,,,,,,,,1,2,1,1,3
200600035203,0006-06-11 16:40:00,6,6,11,16,40,750,16,L13151 AV DE NEW YORK,,,Plein jour,En agglomération,Hors intersection,Normale,Deux véhicules - côté,,,,,,,,,,,1,2,1,1,3
200600035204,0006-06-11 17:15:00,6,6,11,17,15,750,16,AV GRANDE ARMEE R DE PRE,,,Plein jour,En agglomération,Intersection en X,Normale,Deux véhicules - côté,,,,,,,,,,,1,2,2,1,3
200600035205,0006-06-11 13:20:00,6,6,11,13,20,750,19,144 BD SERURIER,,,Plein jour,En agglomération,Hors intersection,Normale,Deux véhicules - côté,,,,,,,,,,,1,2,1,1,3
200600035206,0006-06-11 10:45:00,6,6,11,10,45,750,20,148 R D AVRON,,,Plein jour,En agglomération,Hors intersection,Normale,Deux véhicules - côté,,,,,,,,,,,1,2,1,1,3
200600035207,0006-06-11 15:30:00,6,6,11,15,30,750,4,40 R DE RIVOLI,,,Plein jour,En agglomération,Hors intersection,Normale,Deux véhicules - arrière,,,,,,,,,,,1,2,1,1,2
200600035208,0006-06-13 09:00:00,6,6,13,9,0,750,10,BD DE MAGENTA R DE MAUBE,,,Plein jour,En agglomération,Intersection en T,Normale,Deux véhicules - côté,,,,,,,,,,,1,2,3,1,3
200600035209,0006-06-11 22:55:00,6,6,11,22,55,750,8,AV CHAMPS ELYSEES PL CH,,,Nuit avec éclairage allumé,En agglomération,Intersection en T,Normale,Autre collision,,,,,,,,,,,5,2,3,1,6
200600035210,0006-06-11 13:35:00,6,6,11,13,35,750,12,AV LEDRU ROLLIN R TRAVER,,,Plein jour,En agglomération,Intersection en T,Normale,Deux véhicules - côté,,,,,,,,,,,1,2,3,1,3
200600035211,0006-06-11 15:10:00,6,6,11,15,10,750,12,BPI SAINT MANDE DOREE,,,Plein jour,En agglomération,Hors intersection,Normale,Deux véhicules - arrière,,,,,,,,,,,1,2,1,1,2
200600035212,0006-06-02 07:10:00,6,6,2,7,10,750,5,BD SAINT GERMAIN R SAINT,,,Plein jour,En agglomération,Intersection en X,Normale,Deux véhicules - côté,,,,,,,,,,,1,2,2,1,3
200600035213,0006-06-11 15:10:00,6,6,11,15,10,750,13,AV DE CHOISY R TOUSSAINT,,,Plein jour,En agglomération,Intersection en T,Normale,Deux véhicules - côté,,,,,,,,,,,1,2,3,1,3
200600035214,0006-06-11 14:55:00,6,6,11,14,55,750,14,R MAURICE ROUVIER R R LO,,,Plein jour,En agglomération,Intersection en T,Normale,Deux véhicules - côté,,,,,,,,,,,1,2,3,1,3
200600035215,0006-06-11 20:15:00,6,6,11,20,15,750,15,80 R CROIX NIVERT,,,Plein jour,En agglomération,Hors intersection,Normale,Autre collision,,,,,,,,,,,1,2,1,1,6
200600035216,0006-06-11 20:35:00,6,6,11,20,35,750,15,R CROIX NIVERT R DU THEA,,,Plein jour,En agglomération,Intersection en T,Normale,Deux véhicules - arrière,,,,,,,,,,,1,2,3,1,2
200600035217,0006-06-12 12:50:00,6,6,12,12,50,750,14,108 AV GENERAL LECLERC,,,Plein jour,En agglomération,Hors intersection,Normale,Autre collision,,,,,,,,,,,1,2,1,1,6
200600035218,0006-06-12 17:30:00,6,6,12,17,30,750,15,24 R DU COTENTIN,,,Plein jour,En agglomération,Hors intersection,Normale,Autre collision,,,,,,,,,,,1,2,1,1,6
200600035219,0006-06-12 10:21:00,6,6,12,10,21,750,16,R ERLANGER BD EXELMANS,,,Plein jour,En agglomération,Intersection en T,Normale,Autre collision,,,,,,,,,,,1,2,3,1,6
200600035220,0006-06-12 19:55:00,6,6,12,19,55,750,16,BPI AUTEUIL PASSY,,,Plein jour,En agglomération,Hors intersection,Normale,Deux véhicules - côté,,,,,,,,,,,1,2,1,1,3
200600035221,0006-06-12 14:40:00,6,6,12,14,40,750,16,10 R VITAL,,,Plein jour,En agglomération,Hors intersection,Normale,Sans collision,,,,,,,,,,,1,2,1,1,7
200600035222,0006-06-12 18:10:00,6,6,12,18,10,750,18,78 R DE LA CHAPELLLE,,,Plein jour,En agglomération,Hors intersection,Normale,Autre collision,,,,,,,,,,,1,2,1,1,6
200600035223,0006-06-12 10:15:00,6,6,12,10,15,750,18,BD DE ROCHECHOUART R SEV,,,Plein jour,En agglomération,Intersection en T,Normale,Autre collision,,,,,,,,,,,1,2,3,1,6
200600035224,0006-06-12 19:00:00,6,6,12,19,0,750,19,R JEAN MENANS R MANIN,,,Plein jour,En agglomération,Intersection en Y,Normale,Autre collision,,,,,,,,,,,1,2,4,1,6
200600035225,0006-06-13 16:58:00,6,6,13,16,58,750,14,R D ALESIA R TOMBE ISSOI,,,Plein jour,En agglomération,Intersection en X,Normale,Autre collision,,,,,,,,,,,1,2,2,1,6
200600035226,0006-06-12 15:56:00,6,6,12,15,56,750,12,L10064 RTE CEINTURE DU L,,,Plein jour,En agglomération,Hors intersection,Normale,Deux véhicules - côté,,,,,,,,,,,1,2,1,1,3
200600035227,0006-06-13 08:25:00,6,6,13,8,25,750,15,R MIZON BD PASTEUR,,,Plein jour,En agglomération,Intersection en T,Normale,Autre collision,,,,,,,,,,,1,2,3,1,6
200600035228,0006-06-13 20:40:00,6,6,13,20,40,750,16,BD EXELMANS R MICHEL ANG,,,Plein jour,En agglomération,Intersection en X,Normale,Autre collision,,,,,,,,,,,1,2,2,1,6
200600035229,0006-06-13 18:40:00,6,6,13,18,40,750,16,PL ABBE FRANZ STOCK AV M,,,Plein jour,En agglomération,Intersection en X,Normale,Deux véhicules - côté,,,,,,,,,,,1,2,2,1,3
200600035230,0006-06-13 07:30:00,6,6,13,7,30,750,17,132 AV DE SAINT OUEN,,,Plein jour,En agglomération,Hors intersection,Normale,Autre collision,,,,,,,,,,,1,2,1,1,6
200600035231,0006-06-13 17:05:00,6,6,13,17,5,750,17,142 BD BERTHIER,,,Plein jour,En agglomération,Hors intersection,Normale,Autre collision,,,,,,,,,,,1,2,1,1,6
200600035232,0006-06-12 09:45:00,6,6,12,9,45,750,13,34 R DE DOMREMY,,,Plein jour,En agglomération,Hors intersection,Normale,Autre collision,,,,,,,,,,,1,2,1,1,6
200600035233,0006-06-12 20:00:00,6,6,12,20,0,750,14,235 R VERCINGETORIX,,,Plein jour,En agglomération,Hors intersection,Normale,Deux véhicules - côté,,,,,,,,,,,1,2,1,1,3
200600035234,0006-06-13 20:15:00,6,6,13,20,15,750,18,ECH CHAPELLE AV PTE LA C,,,Plein jour,En agglomération,Intersection en T,Normale,Deux véhicules - côté,,,,,,,,,,,1,2,3,1,3
200600035235,0006-06-12 08:40:00,6,6,12,8,40,750,8,R CHAUVEAU LAGARDE R PAS,,,Plein jour,En agglomération,Intersection en X,Normale,Deux véhicules - côté,,,,,,,,,,,1,2,2,1,3
200600035236,0006-06-13 07:45:00,6,6,13,7,45,750,20,18 BD DAVOUT,,,Plein jour,En agglomération,Hors intersection,Normale,Autre collision,,,,,,,,,,,1,2,1,1,6
200600035237,0006-06-13 08:20:00,6,6,13,8,20,750,20,162 R DE BAGNOLET,,,Plein jour,En agglomération,Hors intersection,Normale,Deux véhicules - côté,,,,,,,,,,,1,2,1,1,3