accident_id,datetime,annee,mois,jour,heure,minute,departement,commune_insee,adresse,latitude,longitude,luminosite,agglomeration,intersection,meteo,collision,nb_vehicules,nb_usagers,nb_indemnes,nb_tues,nb_blesses_hosp,nb_blesses_legers,age_cond_1,age_cond_2,veh_type_cond_1,veh_type_cond_2,lum_code,agg_code,int_code,atm_code,col_code
200600035375,0006-06-15 19:20:00,6,6,15,19,20,750,20,136 AV GAMBETTA,,,Plein jour,En agglomération,Hors intersection,Normale,Deux véhicules - côté,,,,,,,,,,,1,2,1,1,3
200600035376,0006-06-15 16:30:00,6,6,15,16,30,750,20,AV GAMBETTA BD MORTIER,,,Plein jour,En agglomération,Intersection en X,Normale,Deux véhicules - côté,,,,,,,,,,,1,2,2,1,3
200600035377,0006-06-19 06:50:00,6,6,19,6,50,750,18,L6452 BD NEY,,,Plein jour,En agglomération,Hors intersection,Normale,Trois véhicules et plus - collisions multiples,,,,,,,,,,,1,2,1,1,5
200600035378,0006-06-16 20:45:00,6,6,16,20,45,750,8,86 AV CHAMPS ELYSEES,,,Plein jour,En agglomération,Hors intersection,Normale,Deux véhicules - côté,,,,,,,,,,,1,2,1,1,3
200600035379,0006-06-19 20:45:00,6,6,19,20,45,750,18,2 BD BARBES,,,Plein jour,En agglomération,Hors intersection,Normale,Autre collision,,,,,,,,,,,1,2,1,1,6
200600035380,0006-06-16 15:35:00,6,6,16,15,35,750,8,10 AV MARCEAU,,,Plein jour,En agglomération,Hors intersection,Normale,Sans collision,,,,,,,,,,,1,2,1,1,7
200600035381,0006-06-19 16:25:00,6,6,19,16,25,750,18,R DU MONT CENIS R ORDENE,,,Plein jour,En agglomération,Intersection en X,Normale,Autre collision,,,,,,,,,,,1,2,2,1,6
200600035382,0006-06-16 15:40:00,6,6,16,15,40,750,8,10 AV MARCEAU,,,Plein jour,En agglomération,Hors intersection,Normale,Autre collision,,,,,,,,,,,1,2,1,1,6
200600035383,0006-06-16 17:20:00,6,6,16,17,20,750,8,PL DE L ALMA AV PRESIDEN,,,Plein jour,En agglomération,Intersection en X,Normale,Autre collision,,,,,,,,,,,1,2,2,1,6
200600035384,0006-06-16 10:15:00,6,6,16,10,15,750,20,R D AVRON R DES RASSELIN,,,Plein jour,En agglomération,Intersection en T,Normale,Autre collision,,,,,,,,,,,1,2,3,1,6
200600035385,0006-06-16 10:50:00,6,6,16,10,50,750,20,R LE BUA R PELLEPORT,,,Plein jour,En agglomération,Intersection en Y,Normale,Autre collision,,,,,,,,,,,1,2,4,1,6
200600035386,0006-06-19 23:20:00,6,6,19,23,20,750,19,R HENRI TUROT BD DE LA V,,,Nuit avec éclairage allumé,En agglomération,Intersection en T,Normale,Autre collision,,,,,,,,,,,5,2,3,1,6
200600035387,0006-06-16 19:33:00,6,6,16,19,33,750,17,8 AV DES TERNES,,,Plein jour,En agglomération,Hors intersection,Normale,Trois véhicules et plus - collisions multiples,,,,,,,,,,,1,2,1,1,5
200600035388,0006-06-19 20:05:00,6,6,19,20,5,750,19,150 AV JEAN JAURES,,,Plein jour,En agglomération,Hors intersection,Normale,Deux véhicules - côté,,,,,,,,,,,1,2,1,1,3
200600035389,0006-06-16 13:05:00,6,6,16,13,5,750,7,5 Q ANATOLE FRANCE,,,Plein jour,En agglomération,Hors intersection,Normale,Deux véhicules - côté,,,,,,,,,,,1,2,1,1,3
200600035390,0006-06-17 16:05:00,6,6,17,16,5,750,13,89 BD AUGUSTE BLANQUI,,,Plein jour,En agglomération,Hors intersection,Normale,Autre collision,,,,,,,,,,,1,2,1,1,6
200600035391,0006-06-17 17:25:00,6,6,17,17,25,750,8,R LA BOETIE R DE PONTHIE,,,Plein jour,En agglomération,Intersection en X,Normale,Sans collision,,,,,,,,,,,1,2,2,1,7
200600035392,0006-06-19 09:18:00,6,6,19,9,18,750,17,BD DE COURCELLES R DE CO,,,Plein jour,En agglomération,Intersection en X,Normale,Autre collision,,,,,,,,,,,1,2,2,1,6
200600035393,0006-06-17 19:50:00,6,6,17,19,50,750,7,PT DE L ALMA Q D ORSAY,,,Plein jour,En agglomération,Intersection en T,Normale,Deux véhicules - côté,,,,,,,,,,,1,2,3,1,3
200600035394,0006-06-18 14:50:00,6,6,18,14,50,750,15,R DE CRONSTADT R DE VOUI,,,Plein jour,En agglomération,Intersection en X,Normale,Deux véhicules - côté,,,,,,,,,,,1,2,2,1,3
200600035395,0006-06-18 20:50:00,6,6,18,20,50,750,16,R DE LA POMPE R DE LA TO,,,Plein jour,En agglomération,Intersection en X,Normale,Deux véhicules - côté,,,,,,,,,,,1,2,2,1,3
200600035396,0006-06-27 18:55:00,6,6,27,18,55,750,17,BPI CHAMPERRET ASNIERES,,,Plein jour,En agglomération,Hors intersection,Normale,Deux véhicules - arrière,,,,,,,,,,,1,2,1,1,2
200600035397,0006-06-18 02:50:00,6,6,18,2,50,750,18,50 R DE LA CHAPELLE,,,Nuit avec éclairage allumé,En agglomération,Hors intersection,Normale,Autre collision,,,,,,,,,,,5,2,1,1,6
200600035398,0006-06-18 20:15:00,6,6,18,20,15,750,18,96 R DOUDEAUVILLE,,,Plein jour,En agglomération,Hors intersection,Normale,Autre collision,,,,,,,,,,,1,2,1,1,6
200600035399,0006-06-18 09:50:00,6,6,18,9,50,750,19,46 AV DE FLANDRE,,,Plein jour,En agglomération,Hors intersection,Normale,Deux véhicules - côté,,,,,,,,,,,1,2,1,1,3
200600035400,0006-06-18 17:55:00,6,6,18,17,55,750,14,166 R LOSSERAND,,,Plein jour,En agglomération,Hors intersection,Normale,Autre collision,,,,,,,,,,,1,2,1,1,6
200600035401,0006-06-18 19:00:00,6,6,18,19,0,750,10,R PERDONNET R PH DE GIRA,,,Plein jour,En agglomération,Intersection en T,Normale,Autre collision,,,,,,,,,,,1,2,3,1,6
200600035402,0006-06-18 18:55:00,6,6,18,18,55,750,11,69 BD DE BELLEVILLE,,,Plein jour,En agglomération,Hors intersection,Normale,Autre collision,,,,,,,,,,,1,2,1,1,6
200600035403,0006-06-18 15:10:00,6,6,18,15,10,750,11,R FG SAINT ANTOINE PL DE,,,Plein jour,En agglomération,Intersection en X,Normale,Deux véhicules - côté,,,,,,,,,,,1,2,2,1,3
200600035404,0006-06-18 03:05:00,6,6,18,3,5,750,11,R OBERKAMPF BD RICHARD L,,,Nuit avec éclairage allumé,En agglomération,Intersection en X,Normale,Deux véhicules - côté,,,,,,,,,,,5,2,2,1,3
200600035405,0006-06-18 01:35:00,6,6,18,1,35,750,12,ECH VINCENNES R JEANNE J,,,Nuit avec éclairage allumé,En agglomération,Intersection en Y,Normale,Sans collision,,,,,,,,,,,5,2,4,1,7
200600035406,0006-06-18 13:00:00,6,6,18,13,0,750,13,18 R DE TOLBIAC,,,Plein jour,En agglomération,Hors intersection,Normale,Autre collision,,,,,,,,,,,1,2,1,1,6
200600035407,0006-06-18 21:50:00,6,6,18,21,50,750,17,R NOLLET R LEGENDRE,,,Nuit avec éclairage allumé,En agglomération,Intersection en X,Normale,Deux véhicules - côté,,,,,,,,,,,5,2,2,1,3
200600035408,0006-06-17 12:30:00,6,6,17,12,30,750,17,12 AV MAC MAHON,,,Plein jour,En agglomération,Hors intersection,Normale,Deux véhicules - côté,,,,,,,,,,,1,2,1,1,3
200600035409,0006-06-18 12:30:00,6,6,18,12,30,750,8,L7323 CRS ALBERT 1ER,,,Plein jour,En agglomération,Hors intersection,Normale,Sans collision,,,,,,,,,,,1,2,1,1,7
200600035410,0006-06-18 13:00:00,6,6,18,13,0,750,8,L4777 AV W CHURCHILL,,,Plein jour,En agglomération,Hors intersection,Normale,Deux véhicules - côté,,,,,,,,,,,1,2,1,1,3
200600035411,0006-06-18 17:30:00,6,6,18,17,30,750,5,30 BD DE L HOPITAL,,,Plein jour,En agglomération,Hors intersection,Normale,Autre collision,,,,,,,,,,,1,2,1,1,6
200600035412,0006-06-19 12:40:00,6,6,19,12,40,750,5,R ABBE DE L EPEE R GAY L,,,Plein jour,En agglomération,Intersection en T,Normale,Sans collision,,,,,,,,,,,1,2,3,1,7
200600035413,0006-06-19 17:20:00,6,6,19,17,20,750,7,10 R DE BABYLONE,,,Plein jour,En agglomération,Hors intersection,Normale,Deux véhicules - côté,,,,,,,,,,,1,2,1,1,3
200600035414,0006-06-19 20:40:00,6,6,19,20,40,750,8,14 AV HOCHE,,,Plein jour,En agglomération,Hors intersection,Normale,Sans collision,,,,,,,,,,,1,2,1,1,7
200600035415,0006-06-19 13:20:00,6,6,19,13,20,750,9,R BLANCHE R DE DOUAI,,,Plein jour,En agglomération,Intersection en X,Normale,Autre collision,,,,,,,,,,,1,2,2,1,6
200600035416,0006-06-19 23:15:00,6,6,19,23,15,750,15,BD PASTEUR BD DE VAUGIRA,,,Nuit avec éclairage allumé,En agglomération,Intersection en T,Normale,Autre collision,,,,,,,,,,,5,2,3,1,6
200600035417,0006-06-19 08:00:00,6,6,19,8,0,750,15,R DES BERGERS R DE LA CO,,,Plein jour,En agglomération,Intersection en X,Normale,Autre collision,,,,,,,,,,,1,2,2,1,6
200600035418,0006-06-19 16:35:00,6,6,19,16,35,750,15,68 R BRANCION,,,Plein jour,En agglomération,Hors intersection,Normale,Deux véhicules - côté,,,,,,,,,,,1,2,1,1,3
200600035419,0006-06-19 11:35:00,6,6,19,11,35,750,15,L10767 R LEBLANC,,,Plein jour,En agglomération,Hors intersection,Normale,Deux véhicules - arrière,,,,,,,,,,,1,2,1,1,2
200600035420,0006-06-19 08:10:00,6,6,19,8,10,750,15,100 BD LEFEBVRE,,,Plein jour,En agglomération,Hors intersection,Normale,Autre collision,,,,,,,,,,,1,2,1,1,6
200600035421,0006-06-20 12:55:00,6,6,20,12,55,750,18,120 BD DE CLICHY,,,Plein jour,En agglomération,Hors intersection,Normale,Deux véhicules - arrière,,,,,,,,,,,1,2,1,1,2
200600035422,0006-06-20 17:20:00,6,6,20,17,20,750,19,AV JEAN JAURES BD DE LA,,,Plein jour,En agglomération,Intersection en X,Normale,Deux véhicules - côté,,,,,,,,,,,1,2,2,1,3
200600035423,0006-06-20 10:25:00,6,6,20,10,25,750,18,30 R BOUCRY,,,Plein jour,En agglomération,Hors intersection,Normale,Autre collision,,,,,,,,,,,1,2,1,1,6
200600035424,0006-06-20 08:23:00,6,6,20,8,23,750,18,54 R CUSTINE,,,Plein jour,En agglomération,Hors intersection,Normale,Autre collision,,,,,,,,,,,1,2,1,1,6
200600035425,0006-06-20 08:10:00,6,6,20,8,10,750,18,12 BD DE LA CHAPELLE,,,Plein jour,En agglomération,Hors intersection,Normale,Deux véhicules - côté,,,,,,,,,,,1,2,1,1,3
200600035426,0006-06-20 17:10:00,6,6,20,17,10,750,16,L11749 RTE DE SURESNES,,,Plein jour,En agglomération,Hors intersection,Normale,Deux véhicules - côté,,,,,,,,,,,1,2,1,1,3
200600035427,0006-06-20 11:35:00,6,6,20,11,35,750,16,R GALILEE AV KLEBER,,,Plein jour,En agglomération,Intersection en T,Normale,Deux véhicules - côté,,,,,,,,,,,1,2,3,1,3
200600035428,0006-06-20 19:20:00,6,6,20,19,20,750,16,52 R LA FONTAINE,,,Plein jour,En agglomération,Hors intersection,Normale,Autre collision,,,,,,,,,,,1,2,1,1,6
200600035429,0006-06-20 09:10:00,6,6,20,9,10,750,14,PL DENF ROCHEREAU BD RAS,,,Plein jour,En agglomération,Intersection en X,Normale,Sans collision,,,,,,,,,,,1,2,2,1,7
200600035430,0006-06-20 17:30:00,6,6,20,17,30,750,13,192 AV D ITALIE,,,Plein jour,En agglomération,Hors intersection,Normale,Deux véhicules - côté,,,,,,,,,,,1,2,1,1,3
200600035431,0006-06-20 10:15:00,6,6,20,10,15,750,7,27 QU VOLTAIRE,,,Plein jour,En agglomération,Hors intersection,Normale,Deux véhicules - arrière,,,,,,,,,,,1,2,1,1,2
200600035432,0006-06-20 20:20:00,6,6,20,20,20,750,7,PL VAUBAN AV DE VILLARS,,,Plein jour,En agglomération,Intersection en T,Normale,Deux véhicules - côté,,,,,,,,,,,1,2,3,1,3
200600035433,0006-06-20 17:20:00,6,6,20,17,20,750,7,PL ECOLE MILITAIRE AV DE,,,Plein jour,En agglomération,Intersection en T,Normale,Deux véhicules - côté,,,,,,,,,,,1,2,3,1,3
200600035434,0006-06-20 07:35:00,6,6,20,7,35,750,2,BD DES CAPUCINES R DAUNO,,,Plein jour,En agglomération,Intersection en T,Normale,Deux véhicules - côté,,,,,,,,,,,1,2,3,1,3
200600035435,0006-06-20 10:50:00,6,6,20,10,50,750,1,SOU TRANSIT HALLES,,,Plein jour,En agglomération,Hors intersection,Normale,Sans collision,,,,,,,,,,,1,2,1,1,7
200600035436,0006-06-21 15:10:00,6,6,21,15,10,750,17,8 R DE LA JONQUIERE,,,Plein jour,En agglomération,Hors intersection,Normale,Autre collision,,,,,,,,,,,1,2,1,1,6
200600035437,0006-06-21 20:45:00,6,6,21,20,45,750,19,R DE CRIMEE R GASTON TES,,,Crépuscule ou aube,En agglomération,Intersection en X,Pluie légère,Sans collision,,,,,,,,,,,2,2,2,2,7
200600035438,0006-06-21 03:12:00,6,6,21,3,12,750,11,R FAIDHERBE R DE MONTREU,,,Nuit avec éclairage allumé,En agglomération,Intersection en X,Normale,Autre collision,,,,,,,,,,,5,2,2,1,6
200600035439,0006-06-21 15:05:00,6,6,21,15,5,750,15,PRT DE JAVEL,,,Plein jour,En agglomération,Hors intersection,Normale,Sans collision,,,,,,,,,,,1,2,1,1,7
200600035440,0006-06-21 16:10:00,6,6,21,16,10,750,15,R M DE LESPEROU,,,Plein jour,En agglomération,Hors intersection,Normale,Autre collision,,,,,,,,,,,1,2,1,1,6
200600035441,0006-06-21 17:50:00,6,6,21,17,50,750,16,AV ALBERT DE MUN AV NATI,,,Plein jour,En agglomération,Intersection en X,Normale,Trois véhicules et plus - en chaîne,,,,,,,,,,,1,2,2,1,4
200600035442,0006-06-21 09:00:00,6,6,21,9,0,750,17,43 R LEGENDRE,,,Plein jour,En agglomération,Hors intersection,Normale,Deux véhicules - arrière,,,,,,,,,,,1,2,1,1,2
200600035443,0006-06-21 16:30:00,6,6,21,16,30,750,2,PL DES VICTOIRES R VIDE,,,Plein jour,En agglomération,Intersection en T,Normale,Sans collision,,,,,,,,,,,1,2,3,1,7
200600035444,0006-06-22 20:40:00,6,6,22,20,40,750,16,ALL DE LONGCHAMP RTE MUE,,,Plein jour,En agglomération,Intersection en X,Normale,Autre collision,,,,,,,,,,,1,2,2,1,6
200600035445,0006-06-22 09:20:00,6,6,22,9,20,750,16,AV DE LAMBALLE R RAYNOUA,,,Plein jour,En agglomération,Intersection en Y,Normale,Deux véhicules - côté,,,,,,,,,,,1,2,4,1,3
200600035446,0006-06-22 18:35:00,6,6,22,18,35,750,16,PT D IENA AV DE NEW YORK,,,Plein jour,En agglomération,Intersection en T,Normale,Deux véhicules - arrière,,,,,,,,,,,1,2,3,1,2
200600035447,0006-06-22 09:00:00,6,6,22,9,0,750,16,2 R MOLITOR,,,Plein jour,En agglomération,Hors intersection,Normale,Autre collision,,,,,,,,,,,1,2,1,1,6
200600035448,0006-06-28 15:35:00,6,6,28,15,35,750,8,R P CHAMPS ELYSEES AV MO,,,Plein jour,En agglomération,Intersection en T,Normale,Deux véhicules - côté,,,,,,,,,,,1,2,3,1,3
200600035449,0006-06-28 17:40:00,6,6,28,17,40,750,17,BD BESSIERES R DES EPINE,,,Plein jour,En agglomération,Intersection en Y,Normale,Deux véhicules - côté,,,,,,,,,,,1,2,4,1,3
200600035450,0006-06-28 20:00:00,6,6,28,20,0,750,13,BD D L HOPITAL R DES WAL,,,Plein jour,En agglomération,Intersection en T,Normale,Deux véhicules - côté,,,,,,,,,,,1,2,3,1,3
200600035451,0006-06-26 11:15:00,6,6,26,11,15,750,1,104 R DE RIVOLI,,,Plein jour,En agglomération,Hors intersection,Normale,Sans collision,,,,,,,,,,,1,2,1,1,7
200600035452,0006-06-26 20:04:00,6,6,26,20,4,750,3,74 R DES ARCHIVES,,,Plein jour,En agglomération,Hors intersection,Normale,Deux véhicules - côté,,,,,,,,,,,1,2,1,1,3
200600035453,0006-06-26 09:55:00,6,6,26,9,55,750,3,R DES GRAVILLIERS R DE T,,,Plein jour,En agglomération,Intersection en Y,Normale,Deux véhicules - côté,,,,,,,,,,,1,2,4,1,3
200600035454,0006-06-26 18:00:00,6,6,26,18,0,750,7,R DE BOURGOGNE R DE VARE,,,Plein jour,En agglomération,Intersection en T,Normale,Deux véhicules - arrière,,,,,,,,,,,1,2,3,1,2
200600035455,0006-06-25 06:50:00,6,6,25,6,50,750,4,VERD PT MARIE PT SULLY,,,Plein jour,En agglomération,Hors intersection,Pluie légère,Autre collision,,,,,,,,,,,1,2,1,2,6
200600035456,0006-06-25 13:00:00,6,6,25,13,0,750,5,R DES BERNARDINS R DES E,,,Plein jour,En agglomération,Intersection en T,Pluie légère,Autre collision,,,,,,,,,,,1,2,3,2,6
200600035457,0006-06-01 17:30:00,6,6,1,17,30,750,12,BPI DOREE CHARENTON,,,Plein jour,En agglomération,Hors intersection,Normale,Trois véhicules et plus - en chaîne,,,,,,,,,,,1,2,1,1,4
200600035458,0006-06-01 19:05:00,6,6,1,19,5,750,12,L7973 AV DAUMESNIL,,,Plein jour,En agglomération,Hors intersection,Normale,Deux véhicules - côté,,,,,,,,,,,1,2,1,1,3
200600035459,0006-06-02 23:15:00,6,6,2,23,15,750,19,BPI PANTIN PRE SAINT GER,,,Nuit avec éclairage allumé,En agglomération,Hors intersection,Normale,Autre collision,,,,,,,,,,,5,2,1,1,6
200600035460,0006-06-03 09:00:00,6,6,3,9,0,750,18,BPE AUBERVILLIERS CHAPEL,,,Plein jour,En agglomération,Hors intersection,Normale,Deux véhicules - arrière,,,,,,,,,,,1,2,1,1,2
200600035461,0006-06-06 14:10:00,6,6,6,14,10,750,16,BPE PASSY AUTEUIL,,,Plein jour,En agglomération,Hors intersection,Normale,Trois véhicules et plus - en chaîne,,,,,,,,,,,1,2,1,1,4
200600035462,0006-06-07 11:07:00,6,6,7,11,7,750,12,26 R CHALIGNY,,,Plein jour,En agglomération,Hors intersection,Normale,Deux véhicules - arrière,,,,,,,,,,,1,2,1,1,2
200600035463,0006-06-07 17:00:00,6,6,7,17,0,750,14,BPE ORLEANS GENTILLY,,,Plein jour,En agglomération,Hors intersection,Normale,Deux véhicules - côté,,,,,,,,,,,1,2,1,1,3
200600035464,0006-06-07 12:03:00,6,6,7,12,3,750,12,70 BD DIDEROT,,,Plein jour,En agglomération,Hors intersection,Normale,Autre collision,,,,,,,,,,,1,2,1,1,6
200600035465,0006-06-07 22:30:00,6,6,7,22,30,750,20,ECH  MONTREUIL,,,Nuit avec éclairage allumé,En agglomération,Hors intersection,Normale,Deux véhicules - arrière,,,,,,,,,,,5,2,1,1,2
200600035466,0006-06-08 12:15:00,6,6,8,12,15,750,17,BD GOUVION ST CYR PL POR,,,Plein jour,En agglomération,Intersection en T,Normale,Deux véhicules - côté,,,,,,,,,,,1,2,3,1,3
200600035467,0006-06-08 00:15:00,6,6,8,0,15,750,17,ECH MAILLOT,,,Nuit avec éclairage allumé,En agglomération,Hors intersection,Normale,Deux véhicules - arrière,,,,,,,,,,,5,2,1,1,2
200600035468,0006-06-08 15:20:00,6,6,8,15,20,750,18,BPE CHAPELLE CLIGNANCOUR,,,Plein jour,En agglomération,Hors intersection,Normale,Deux véhicules - arrière,,,,,,,,,,,1,2,1,1,2
200600035469,0006-06-12 19:19:00,6,6,12,19,19,750,12,R ABEL BD DIDEROT,,,Plein jour,En agglomération,Intersection à plus de 4 branches,Normale,Deux véhicules - côté,,,,,,,,,,,1,2,5,1,3
200600035470,0006-06-16 15:00:00,6,6,16,15,0,750,20,PL AUGUSTE METIVIER AV G,,,Plein jour,En agglomération,Intersection en X,Normale,Deux véhicules - arrière,,,,,,,,,,,1,2,2,1,2
200600035471,0006-06-17 20:35:00,6,6,17,20,35,750,12,R FG SAINT ANTOINE PL DE,,,Plein jour,En agglomération,Intersection en X,Normale,Autre collision,,,,,,,,,,,1,2,2,1,6
200600035472,0006-06-17 15:50:00,6,6,17,15,50,750,20,212 R DES PYRENNES,,,Plein jour,En agglomération,Hors intersection,Normale,Deux véhicules - frontale,,,,,,,,,,,1,2,1,1,1
200600035473,0006-06-19 18:55:00,6,6,19,18,55,750,4,4 R DE LOBAU,,,Plein jour,En agglomération,Hors intersection,Normale,Deux véhicules - côté,,,,,,,,,,,1,2,1,1,3
200600035474,0006-06-20 10:05:00,6,6,20,10,5,750,5,12 Q SAINT BERNARD,,,Plein jour,En agglomération,Hors intersection,Normale,Deux véhicules - frontale,,,,,,,,,,,1,2,1,1,1
200600035475,0006-06-20 20:14:00,6,6,20,20,14,750,8,42 AV CHAMPS ELYSEES,,,Plein jour,En agglomération,Hors intersection,Normale,Deux véhicules - arrière,,,,,,,,,,,1,2,1,1,2
200600035476,0006-06-20 12:17:00,6,6,20,12,17,750,10,66 R RENE BOULANGER,,,Plein jour,En agglomération,Hors intersection,Normale,Sans collision,,,,,,,,,,,1,2,1,1,7
200600035477,0006-06-20 17:25:00,6,6,20,17,25,750,10,32 R DU CHATEAU D EAU,,,Plein jour,En agglomération,Hors intersection,Normale,Deux véhicules - côté,,,,,,,,,,,1,2,1,1,3
200600035478,0006-06-29 14:35:00,6,6,29,14,35,750,17,R JOUFFR D ABBANS R DE S,,,Plein jour,En agglomération,Intersection en X,Normale,Deux véhicules - côté,,,,,,,,,,,1,2,2,1,3
200600035479,0006-06-20 17:50:00,6,6,20,17,50,750,17,2 PL REP DOMINICAINE,,,Plein jour,En agglomération,Hors intersection,Normale,Autre collision,,,,,,,,,,,1,2,1,1,6
200600035480,0006-06-20 19:00:00,6,6,20,19,0,750,18,BD DE LA CHAPELLE R DE C,,,Plein jour,En agglomération,Intersection en Y,Normale,Deux véhicules - côté,,,,,,,,,,,1,2,4,1,3
200600035481,0006-06-20 08:40:00,6,6,20,8,40,750,20,BD DAVOUT R JEAN VEBER,,,Plein jour,En agglomération,Intersection en T,Normale,Sans collision,,,,,,,,,,,1,2,3,1,7
200600035482,0006-06-21 19:05:00,6,6,21,19,5,750,4,VERD PT MARIE PT SULLY,,,Plein jour,En agglomération,Hors intersection,Normale,Deux véhicules - côté,,,,,,,,,,,1,2,1,1,3
200600035483,0006-06-14 19:40:00,6,6,14,19,40,750,6,14 R DE SEINE,,,Plein jour,En agglomération,Hors intersection,Normale,Autre collision,,,,,,,,,,,1,2,1,1,6
200600035484,0006-06-15 08:35:00,6,6,15,8,35,750,15,R DE LA CONVENTION R MAR,,,Plein jour,En agglomération,Intersection en T,Normale,Sans collision,,,,,,,,,,,1,2,3,1,7
200600035485,0006-06-17 21:06:00,6,6,17,21,6,750,20,CRS DE VINCENNES R DES P,,,Plein jour,En agglomération,Intersection en X,Normale,Deux véhicules - côté,,,,,,,,,,,1,2,2,1,3
200600035486,0006-06-20 06:30:00,6,6,20,6,30,750,12,34 R HENARD,,,Plein jour,En agglomération,Hors intersection,Normale,Autre collision,,,,,,,,,,,1,2,1,1,6
200600035487,0006-06-20 08:15:00,6,6,20,8,15,750,12,184 R  FG SAINT ANTOINE,,,Plein jour,En agglomération,Hors intersection,Normale,Autre collision,,,,,,,,,,,1,2,1,1,6
200600035488,0006-06-21 09:20:00,6,6,21,9,20,750,12,AV LEDRU ROLLIN R DE LYO,,,Plein jour,En agglomération,Intersection en X,Normale,Deux véhicules - côté,,,,,,,,,,,1,2,2,1,3
200600035489,0006-06-29 21:30:00,6,6,29,21,30,750,13,BPI GARE IVRY,,,Plein jour,En agglomération,Hors intersection,Normale,Autre collision,,,,,,,,,,,1,2,1,1,6
200600035490,0006-06-29 22:15:00,6,6,29,22,15,750,17,12 R GAUTHEY,,,Nuit avec éclairage allumé,En agglomération,Hors intersection,Normale,Autre collision,,,,,,,,,,,5,2,1,1,6
200600035491,0006-06-30 06:40:00,6,6,30,6,40,750,18,64 BD NEY,,,Plein jour,En agglomération,Hors intersection,Normale,Deux véhicules - côté,,,,,,,,,,,1,2,1,1,3
200600035492,0006-06-22 02:30:00,6,6,22,2,30,750,18,R DOUDEAUVILLE BD MARX D,,,Nuit avec éclairage allumé,En agglomération,Intersection en T,Normale,Autre collision,,,,,,,,,,,5,2,3,1,6
200600035493,0006-06-22 17:10:00,6,6,22,17,10,750,18,28 R LEIBNITZ,,,Plein jour,En agglomération,Hors intersection,Normale,Autre collision,,,,,,,,,,,1,2,1,1,6
200600035494,0006-06-22 08:00:00,6,6,22,8,0,750,12,L12753 RTE DE LA PYRAMID,,,Plein jour,En agglomération,Hors intersection,Normale,Deux véhicules - arrière,,,,,,,,,,,1,2,1,1,2
200600035495,0006-06-22 08:05:00,6,6,22,8,5,750,4,2 R SAINT ANTOINE,,,Plein jour,En agglomération,Hors intersection,Normale,Autre collision,,,,,,,,,,,1,2,1,1,6
200600035496,0006-06-23 15:00:00,6,6,23,15,0,750,15,R CROIX NIVERT R LECOURB,,,Plein jour,En agglomération,Intersection en X,Normale,Autre collision,,,,,,,,,,,1,2,2,1,6
200600035497,0006-06-23 13:00:00,6,6,23,13,0,750,12,RTE FORTIFICATIONS AV PT,,,Plein jour,En agglomération,Intersection en X,Normale,Sans collision,,,,,,,,,,,1,2,2,1,7
200600035498,0006-06-24 21:25:00,6,6,24,21,25,750,18,R CAULAINCOURT R LAMARCK,,,Plein jour,En agglomération,Intersection en Y,Normale,Deux véhicules - arrière,,,,,,,,,,,1,2,4,1,2
200600035499,0006-06-24 18:00:00,6,6,24,18,0,750,18,2 R DE LA CHAPELLE,,,Plein jour,En agglomération,Hors intersection,Normale,Autre collision,,,,,,,,,,,1,2,1,1,6
200600035500,0006-06-24 21:05:00,6,6,24,21,5,750,6,R MADAME R VIEUX COLOMBI,,,Plein jour,En agglomération,Intersection en X,Normale,Deux véhicules - côté,,,,,,,,,,,1,2,2,1,3
200600035501,0006-06-24 12:00:00,6,6,24,12,0,750,15,R LECOURBE BD VICTOR,,,Plein jour,En agglomération,Intersection en X,Normale,Autre collision,,,,,,,,,,,1,2,2,1,6
200600035502,0006-06-25 10:30:00,6,6,25,10,30,750,18,VLA SAINT MICHEL AV DE S,,,Plein jour,En agglomération,Intersection en T,Pluie légère,Deux véhicules - côté,,,,,,,,,,,1,2,3,2,3
200600035503,0006-06-25 18:40:00,6,6,25,18,40,750,6,R ECOLE MEDECINE BD SAIN,,,Plein jour,En agglomération,Intersection à plus de 4 branches,Normale,Autre collision,,,,,,,,,,,1,2,5,1,6
200600035504,0006-06-25 20:50:00,6,6,25,20,50,750,15,R DE DANTZIG R DES MORIL,,,Plein jour,En agglomération,Intersection en X,Pluie légère,Autre collision,,,,,,,,,,,1,2,2,2,6
200600035505,0006-06-26 12:50:00,6,6,26,12,50,750,16,AV D EYLAU PL DE MEXICO,,,Plein jour,En agglomération,Intersection en T,Normale,Autre collision,,,,,,,,,,,1,2,3,1,6
200600035506,0006-06-26 16:00:00,6,6,26,16,0,750,14,154 R VERCINGETORIX,,,Plein jour,En agglomération,Hors intersection,Normale,Autre collision,,,,,,,,,,,1,2,1,1,6
200600035507,0006-06-26 15:00:00,6,6,26,15,0,750,14,BD BRUNE R CH  LE GOFFIC,,,Plein jour,En agglomération,Intersection en T,Normale,Deux véhicules - côté,,,,,,,,,,,1,2,3,1,3
200600035508,0006-06-30 11:21:00,6,6,30,11,21,750,19,ECH PANTIN PL PORTE DE P,,,Plein jour,En agglomération,Intersection en Y,Normale,Deux véhicules - côté,,,,,,,,,,,1,2,4,1,3
200600035509,0006-06-26 18:00:00,6,6,26,18,0,750,19,44 AV DE FLANDRE,,,Plein jour,En agglomération,Hors intersection,Normale,Sans collision,,,,,,,,,,,1,2,1,1,7
200600035510,0006-06-26 10:50:00,6,6,26,10,50,750,4,R DE LOBAU PL SAINT GERV,,,Plein jour,En agglomération,Intersection en T,Normale,Autre collision,,,,,,,,,,,1,2,3,1,6
200600035511,0006-06-27 18:45:00,6,6,27,18,45,750,16,BPE DAUPHINE MUETTE,,,Plein jour,En agglomération,Hors intersection,Normale,Autre collision,,,,,,,,,,,1,2,1,1,6