accident_id,datetime,annee,mois,jour,heure,minute,departement,commune_insee,adresse,latitude,longitude,luminosite,agglomeration,intersection,meteo,collision,nb_vehicules,nb_usagers,nb_indemnes,nb_tues,nb_blesses_hosp,nb_blesses_legers,age_cond_1,age_cond_2,veh_type_cond_1,veh_type_cond_2,lum_code,agg_code,int_code,atm_code,col_code
200600035512,0006-06-27 18:15:00,6,6,27,18,15,750,16,RTE BOULOGNE A PASSY BUT,,,Plein jour,En agglomération,Intersection en T,Normale,Deux véhicules - côté,,,,,,,,,,,1,2,3,1,3
200600035513,0006-06-27 20:45:00,6,6,27,20,45,750,16,BD EMILE AUGIER R G DE M,,,Plein jour,En agglomération,Intersection en X,Normale,Deux véhicules - côté,,,,,,,,,,,1,2,2,1,3
200600035514,0006-06-27 09:30:00,6,6,27,9,30,750,16,R FRANCOIS MILLET AV TH,,,Plein jour,En agglomération,Intersection en T,Temps couvert,Deux véhicules - côté,,,,,,,,,,,1,2,3,8,3
200600035515,0006-06-27 23:30:00,6,6,27,23,30,750,14,46 R D ALESIA,,,Nuit avec éclairage allumé,En agglomération,Hors intersection,Normale,Sans collision,,,,,,,,,,,5,2,1,1,7
200600035516,0006-06-27 13:20:00,6,6,27,13,20,750,12,L11636 Q DE BERCY,,,Plein jour,En agglomération,Hors intersection,Normale,Sans collision,,,,,,,,,,,1,2,1,1,7
200600035517,0006-06-27 15:50:00,6,6,27,15,50,750,19,68 R MANIN,,,Plein jour,En agglomération,Hors intersection,Normale,Autre collision,,,,,,,,,,,1,2,1,1,6
200600035518,0006-06-28 00:05:00,6,6,28,0,5,750,19,20 BD DE LA VILLETTE,,,Nuit avec éclairage allumé,En agglomération,Hors intersection,Normale,Deux véhicules - arrière,,,,,,,,,,,5,2,1,1,2
200600035519,0006-06-21 08:28:00,6,6,21,8,28,750,3,BD BEAUMARCHAIS R DES AR,,,Plein jour,En agglomération,Intersection en T,Normale,Deux véhicules - côté,,,,,,,,,,,1,2,3,1,3
200600035520,0006-06-21 12:18:00,6,6,21,12,18,750,4,24 R RAMBUTEAU,,,Plein jour,En agglomération,Hors intersection,Normale,Sans collision,,,,,,,,,,,1,2,1,1,7
200600035521,0006-06-21 14:25:00,6,6,21,14,25,750,5,R DES ECOLES R MONGE,,,Plein jour,En agglomération,Intersection en X,Normale,Deux véhicules - côté,,,,,,,,,,,1,2,2,1,3
200600035522,0006-06-21 08:35:00,6,6,21,8,35,750,5,28 R G SAINT HILAIRE,,,Plein jour,En agglomération,Hors intersection,Normale,Deux véhicules - côté,,,,,,,,,,,1,2,1,1,3
200600035523,0006-06-21 22:45:00,6,6,21,22,45,750,10,2 BD DE MAGENTA,,,Nuit avec éclairage allumé,En agglomération,Hors intersection,Pluie légère,Autre collision,,,,,,,,,,,5,2,1,2,6
200600035524,0006-06-21 20:45:00,6,6,21,20,45,750,10,R FG SAINT MARTIN PL BT,,,Plein jour,En agglomération,Intersection en X,Pluie légère,Deux véhicules - côté,,,,,,,,,,,1,2,2,2,3
200600035525,0006-06-21 18:20:00,6,6,21,18,20,750,10,12  PL DE LA REPUBLIQUE,,,Plein jour,En agglomération,Hors intersection,Normale,Autre collision,,,,,,,,,,,1,2,1,1,6
200600035526,0006-06-21 09:20:00,6,6,21,9,20,750,13,6 BD SAINT MARCEL,,,Plein jour,En agglomération,Hors intersection,Normale,Autre collision,,,,,,,,,,,1,2,1,1,6
200600035527,0006-06-21 17:08:00,6,6,21,17,8,750,14,L8768 BD ADOLPHE PINARD,,,Plein jour,En agglomération,Hors intersection,Normale,Autre collision,,,,,,,,,,,1,2,1,1,6
200600035528,0006-06-21 15:20:00,6,6,21,15,20,750,14,R DAGUERRE AV GENERAL LE,,,Plein jour,En agglomération,Intersection en T,Normale,Deux véhicules - arrière,,,,,,,,,,,1,2,3,1,2
200600035529,0006-06-21 12:12:00,6,6,21,12,12,750,18,44 BD DE CLICHY,,,Plein jour,En agglomération,Hors intersection,Normale,Autre collision,,,,,,,,,,,1,2,1,1,6
200600035530,0006-06-21 07:55:00,6,6,21,7,55,750,20,R PELLEPORT R SAINT FARG,,,Plein jour,En agglomération,Intersection en X,Normale,Autre collision,,,,,,,,,,,1,2,2,1,6
200600035531,0006-06-21 10:35:00,6,6,21,10,35,750,20,4 R BELGRAND,,,Plein jour,En agglomération,Hors intersection,Normale,Autre collision,,,,,,,,,,,1,2,1,1,6
200600035532,0006-06-22 18:15:00,6,6,22,18,15,750,1,R ETIENNE MARCEL R DE  T,,,Plein jour,En agglomération,Intersection en X,Normale,Autre collision,,,,,,,,,,,1,2,2,1,6
200600035533,0006-06-22 11:35:00,6,6,22,11,35,750,2,BD DES ITALIENS R DE LA,,,Plein jour,En agglomération,Intersection en X,Normale,Deux véhicules - côté,,,,,,,,,,,1,2,2,1,3
200600035534,0006-06-22 06:25:00,6,6,22,6,25,750,8,R FG SAINT HONORE AV MAR,,,Plein jour,En agglomération,Intersection en T,Normale,Deux véhicules - côté,,,,,,,,,,,1,2,3,1,3
200600035535,0006-06-22 17:15:00,6,6,22,17,15,750,10,BD DE MAGENTA R PIERRE C,,,Plein jour,En agglomération,Intersection en T,Normale,Deux véhicules - côté,,,,,,,,,,,1,2,3,1,3
200600035536,0006-06-22 19:35:00,6,6,22,19,35,750,10,PL FRANZ LISZT R PETITS,,,Plein jour,En agglomération,Intersection en T,Normale,Deux véhicules - côté,,,,,,,,,,,1,2,3,1,3
200600035537,0006-06-22 18:00:00,6,6,22,18,0,750,11,R FG SAINT ANTOINE AV LE,,,Plein jour,En agglomération,Intersection en X,Normale,Deux véhicules - arrière,,,,,,,,,,,1,2,2,1,2
200600035538,0006-06-22 17:55:00,6,6,22,17,55,750,14,R ALPHONSE DAUDET AV GEN,,,Plein jour,En agglomération,Intersection en T,Normale,Autre collision,,,,,,,,,,,1,2,3,1,6
200600035539,0006-06-22 09:00:00,6,6,22,9,0,750,17,AV GRANDE ARMEE PL YVON,,,Plein jour,En agglomération,Intersection en X,Normale,Deux véhicules - côté,,,,,,,,,,,1,2,2,1,3
200600035540,0006-06-22 02:50:00,6,6,22,2,50,750,18,42 R DES ABBESSES,,,Nuit avec éclairage allumé,En agglomération,Hors intersection,Normale,Autre collision,,,,,,,,,,,5,2,1,1,6
200600035541,0006-06-22 13:45:00,6,6,22,13,45,750,19,R D AUBERVILLIERS R GAST,,,Plein jour,En agglomération,Intersection en X,Normale,Deux véhicules - côté,,,,,,,,,,,1,2,2,1,3
200600035542,0006-06-22 09:55:00,6,6,22,9,55,750,20,60 BD MORTIER,,,Plein jour,En agglomération,Hors intersection,Normale,Autre collision,,,,,,,,,,,1,2,1,1,6
200600035543,0006-06-23 19:40:00,6,6,23,19,40,750,4,R SAINT MARTIN AV VICTOR,,,Plein jour,En agglomération,Intersection en X,Normale,Autre collision,,,,,,,,,,,1,2,2,1,6
200600035544,0006-06-23 11:12:00,6,6,23,11,12,750,5,AV DES GOBELINS R DU PET,,,Plein jour,En agglomération,Intersection en T,Normale,Autre collision,,,,,,,,,,,1,2,3,1,6
200600035545,0006-06-23 19:30:00,6,6,23,19,30,750,8,R DU BOCCADOR AV MONTAIG,,,Plein jour,En agglomération,Intersection en T,Normale,Autre collision,,,,,,,,,,,1,2,3,1,6
200600035546,0006-06-23 18:55:00,6,6,23,18,55,750,10,BD BONNE NOUVELLE R FG P,,,Plein jour,En agglomération,Intersection en T,Normale,Autre collision,,,,,,,,,,,1,2,3,1,6
200600035547,0006-06-23 18:05:00,6,6,23,18,5,750,12,PL MAURICE  FONTENAY R D,,,Plein jour,En agglomération,Intersection en X,Normale,Deux véhicules - côté,,,,,,,,,,,1,2,2,1,3
200600035548,0006-06-23 09:40:00,6,6,23,9,40,750,16,PL CH DE GAULLE AV D IEN,,,Plein jour,En agglomération,Intersection en T,Normale,Sans collision,,,,,,,,,,,1,2,3,1,7
200600035549,0006-06-23 15:58:00,6,6,23,15,58,750,16,BD EMILE AUGIER R GUSTAV,,,Plein jour,En agglomération,Intersection en T,Normale,Sans collision,,,,,,,,,,,1,2,3,1,7
200600035550,0006-06-24 11:40:00,6,6,24,11,40,750,7,AV DE BRETEUIL AV DUQUES,,,Plein jour,En agglomération,Intersection en X,Normale,Sans collision,,,,,,,,,,,1,2,2,1,7
200600035551,0006-06-24 04:00:00,6,6,24,4,0,750,13,BD DE L HOPITAL PL VALHU,,,Nuit avec éclairage allumé,En agglomération,Intersection en X,Normale,Deux véhicules - côté,,,,,,,,,,,5,2,2,1,3
200600035552,0006-06-24 09:45:00,6,6,24,9,45,750,16,PL PORTE DE PASSY BD SUC,,,Plein jour,En agglomération,Intersection en X,Normale,Deux véhicules - côté,,,,,,,,,,,1,2,2,1,3
200600035553,0006-06-24 16:00:00,6,6,24,16,0,750,16,PL D IENA AV PRESIDENT W,,,Plein jour,En agglomération,Intersection en X,Normale,Deux véhicules - arrière,,,,,,,,,,,1,2,2,1,2
200600035554,0006-06-24 16:40:00,6,6,24,16,40,750,19,256 R DE BELLEVILLE,,,Plein jour,En agglomération,Hors intersection,Normale,Autre collision,,,,,,,,,,,1,2,1,1,6
200600035555,0006-06-24 17:30:00,6,6,24,17,30,750,19,36 R RIQUET,,,Plein jour,En agglomération,Hors intersection,Normale,Autre collision,,,,,,,,,,,1,2,1,1,6
200600035556,0006-06-24 20:40:00,6,6,24,20,40,750,19,PL AUGUSTE BARON ECH VIL,,,Crépuscule ou aube,En agglomération,Intersection en T,Normale,Deux véhicules - côté,,,,,,,,,,,2,2,3,1,3
200600035557,0006-06-06 15:00:00,6,6,6,15,0,750,16,BPI ST CLOUD MOLITOR,,,Plein jour,En agglomération,Hors intersection,Normale,Deux véhicules - arrière,,,,,,,,,,,1,2,1,1,2
200600035558,0006-06-11 14:30:00,6,6,11,14,30,750,19,BPI PRE SAINT GERVAIS LE,,,Plein jour,En agglomération,Hors intersection,Normale,Trois véhicules et plus - en chaîne,,,,,,,,,,,1,2,1,1,4
200600035559,0006-06-15 12:30:00,6,6,15,12,30,750,2,18 AV DE L OPERA,,,Plein jour,En agglomération,Hors intersection,Temps couvert,Autre collision,,,,,,,,,,,1,2,1,8,6
200600035560,0006-06-23 08:45:00,6,6,23,8,45,750,2,R CHENIER R DE CLERY,,,Plein jour,En agglomération,Intersection en T,Normale,Deux véhicules - côté,,,,,,,,,,,1,2,3,1,3
200600035561,0006-06-23 14:10:00,6,6,23,14,10,750,8,12 AV FRIEDLAND,,,Plein jour,En agglomération,Hors intersection,Normale,Autre collision,,,,,,,,,,,1,2,1,1,6
200600035562,0006-06-23 02:04:00,6,6,23,2,4,750,17,AV DE CLICHY R JACQUEMON,,,Nuit avec éclairage allumé,En agglomération,Intersection en T,Normale,Autre collision,,,,,,,,,,,5,2,3,1,6
200600035563,0006-06-24 19:50:00,6,6,24,19,50,750,17,PL PORTE MAILLOT,,,Plein jour,En agglomération,Hors intersection,Normale,Deux véhicules - côté,,,,,,,,,,,1,2,1,1,3
200600035564,0006-06-25 00:20:00,6,6,25,0,20,750,8,R DE ROME R DE VIENNE,,,Nuit avec éclairage allumé,En agglomération,Intersection en X,Normale,Deux véhicules - côté,,,,,,,,,,,5,2,2,1,3
200600035565,0006-06-25 11:45:00,6,6,25,11,45,750,10,R LA FAYETTE R LOUIS BLA,,,Plein jour,En agglomération,Intersection en X,Pluie légère,Deux véhicules - arrière,,,,,,,,,,,1,2,2,2,2
200600035566,0006-06-25 17:40:00,6,6,25,17,40,750,12,RTE DU PESAGE RTE TOUREL,,,Plein jour,En agglomération,Intersection en X,Pluie légère,Deux véhicules - côté,,,,,,,,,,,1,2,2,2,3
200600035567,0006-06-25 13:30:00,6,6,25,13,30,750,13,R DU JAVELOT R DE TOLBIA,,,Plein jour,En agglomération,Intersection en T,Pluie légère,Sans collision,,,,,,,,,,,1,2,3,2,7
200600035568,0006-06-26 04:10:00,6,6,26,4,10,750,8,R D ARTOIS R DE BERRI,,,Nuit avec éclairage allumé,En agglomération,Intersection en X,Pluie légère,Autre collision,,,,,,,,,,,5,2,2,2,6
200600035569,0006-06-26 11:45:00,6,6,26,11,45,750,11,10 R FG SAINT ANTOINE,,,Plein jour,En agglomération,Hors intersection,Normale,Autre collision,,,,,,,,,,,1,2,1,1,6
200600035570,0006-06-26 13:11:00,6,6,26,13,11,750,11,15 PL DE LA NATION,,,Plein jour,En agglomération,Hors intersection,Normale,Deux véhicules - arrière,,,,,,,,,,,1,2,1,1,2
200600035571,0006-06-27 14:45:00,6,6,27,14,45,750,3,R DE SAINTONGE BD DU TEM,,,Plein jour,En agglomération,Intersection en Y,Normale,Deux véhicules - côté,,,,,,,,,,,1,2,4,1,3
200600035572,0006-06-27 11:20:00,6,6,27,11,20,750,1,PL DU CHATELET Q DE LA M,,,Plein jour,En agglomération,Intersection en X,Normale,Deux véhicules - côté,,,,,,,,,,,1,2,2,1,3
200600035573,0006-06-27 05:09:00,6,6,27,5,9,750,8,AV CHAMPS ELYSEES PL CLE,,,Nuit avec éclairage allumé,En agglomération,Intersection en X,Pluie légère,Deux véhicules - arrière,,,,,,,,,,,5,2,2,2,2
200600035574,0006-06-27 14:50:00,6,6,27,14,50,750,8,BD HAUSSMANN R DU HAVRE,,,Plein jour,En agglomération,Intersection en X,Normale,Deux véhicules - arrière,,,,,,,,,,,1,2,2,1,2
200600035575,0006-06-27 15:25:00,6,6,27,15,25,750,10,26 R LOUIS BLANC,,,Plein jour,En agglomération,Hors intersection,Normale,Autre collision,,,,,,,,,,,1,2,1,1,6
200600035576,0006-06-27 19:45:00,6,6,27,19,45,750,10,74 BD DE MAGENTA,,,Plein jour,En agglomération,Hors intersection,Normale,Deux véhicules - côté,,,,,,,,,,,1,2,1,1,3
200600035577,0006-06-27 02:30:00,6,6,27,2,30,750,10,154 BD DE MAGENTA,,,Nuit avec éclairage allumé,En agglomération,Hors intersection,Normale,Autre collision,,,,,,,,,,,5,2,1,1,6
200600035578,0006-06-27 14:20:00,6,6,27,14,20,750,10,104 R LA FAYETTE,,,Plein jour,En agglomération,Hors intersection,Normale,Deux véhicules - côté,,,,,,,,,,,1,2,1,1,3
200600035579,0006-06-27 02:00:00,6,6,27,2,0,750,10,AV CLAUDE VELLEFAUX R JU,,,Nuit avec éclairage allumé,En agglomération,Intersection en Y,Normale,Autre collision,,,,,,,,,,,5,2,4,1,6
200600035580,0006-06-27 11:30:00,6,6,27,11,30,750,11,202 R FG SAINT ANTOINE,,,Plein jour,En agglomération,Hors intersection,Normale,Deux véhicules - côté,,,,,,,,,,,1,2,1,1,3
200600035581,0006-06-27 16:00:00,6,6,27,16,0,750,11,R OBERKAMPF AV DE LA REP,,,Plein jour,En agglomération,Intersection en Y,Normale,Deux véhicules - côté,,,,,,,,,,,1,2,4,1,3
200600035582,0006-06-27 16:20:00,6,6,27,16,20,750,11,18  BD VOLTAIRE,,,Plein jour,En agglomération,Hors intersection,Normale,Deux véhicules - côté,,,,,,,,,,,1,2,1,1,3
200600035583,0006-06-27 13:20:00,6,6,27,13,20,750,15,Q ANDRE CITROEN PL FERNA,,,Plein jour,En agglomération,Intersection en X,Normale,Deux véhicules - côté,,,,,,,,,,,1,2,2,1,3
200600035584,0006-06-27 17:35:00,6,6,27,17,35,750,15,BPE ISSY LES MLX  SEVRES,,,Plein jour,En agglomération,Hors intersection,Normale,Deux véhicules - côté,,,,,,,,,,,1,2,1,1,3
200600035585,0006-06-27 17:30:00,6,6,27,17,30,750,17,AV CIM BATIGNOLLES AV PO,,,Plein jour,En agglomération,Intersection en X,Normale,Autre collision,,,,,,,,,,,1,2,2,1,6
200600035586,0006-06-28 08:45:00,6,6,28,8,45,750,2,30 R N D VICTOIRES,,,Plein jour,En agglomération,Hors intersection,Normale,Autre collision,,,,,,,,,,,1,2,1,1,6
200600035587,0006-06-28 03:25:00,6,6,28,3,25,750,4,BD DE SEBASTOPOL AV VICT,,,Nuit avec éclairage allumé,En agglomération,Intersection en X,Normale,Sans collision,,,,,,,,,,,5,2,2,1,7
200600035588,0006-06-28 10:45:00,6,6,28,10,45,750,5,44 R FOSS ST BERNARD,,,Plein jour,En agglomération,Hors intersection,Normale,Deux véhicules - côté,,,,,,,,,,,1,2,1,1,3
200600035589,0006-06-28 13:00:00,6,6,28,13,0,750,5,98 BD SAINT GERMAIN,,,Plein jour,En agglomération,Hors intersection,Normale,Deux véhicules - côté,,,,,,,,,,,1,2,1,1,3
200600035590,0006-06-28 02:34:00,6,6,28,2,34,750,8,R LA BOETIE R FG SAINT H,,,Nuit avec éclairage allumé,En agglomération,Intersection en X,Normale,Deux véhicules - côté,,,,,,,,,,,5,2,2,1,3
200600035591,0006-06-28 19:30:00,6,6,28,19,30,750,10,R LA FAYETTE R LOUIS BLA,,,Plein jour,En agglomération,Intersection en X,Normale,Autre collision,,,,,,,,,,,1,2,2,1,6
200600035592,0006-06-28 23:10:00,6,6,28,23,10,750,16,98 R DE LA TOUR,,,Nuit avec éclairage allumé,En agglomération,Hors intersection,Normale,Autre collision,,,,,,,,,,,5,2,1,1,6
200600035593,0006-06-28 21:45:00,6,6,28,21,45,750,19,85 R MANIN,,,Nuit avec éclairage allumé,En agglomération,Hors intersection,Normale,Deux véhicules - côté,,,,,,,,,,,5,2,1,1,3
200600035594,0006-06-28 12:55:00,6,6,28,12,55,750,19,181 AV JEAN JAURES,,,Plein jour,En agglomération,Hors intersection,Normale,Deux véhicules - côté,,,,,,,,,,,1,2,1,1,3
200600035595,0006-06-29 10:05:00,6,6,29,10,5,750,3,R DE BRETAGNE R DE SAINT,,,Plein jour,En agglomération,Intersection en X,Normale,Autre collision,,,,,,,,,,,1,2,2,1,6
200600035596,0006-06-15 10:50:00,6,6,15,10,50,750,12,R FG SAINT ANTOINE R CHA,,,Plein jour,En agglomération,Intersection à plus de 4 branches,Normale,Deux véhicules - côté,,,,,,,,,,,1,2,5,1,3
200600035597,0006-06-20 17:50:00,6,6,20,17,50,750,12,24 R ERARD,,,Plein jour,En agglomération,Hors intersection,Normale,Autre collision,,,,,,,,,,,1,2,1,1,6
200600035598,0006-06-21 13:10:00,6,6,21,13,10,750,17,PL DU BRESIL AV DE VILLI,,,Plein jour,En agglomération,Intersection en X,Normale,Deux véhicules - côté,,,,,,,,,,,1,2,2,1,3
200600035599,0006-06-25 12:20:00,6,6,25,12,20,750,1,R DE RIVOLI BD DE SEBAST,,,Plein jour,En agglomération,Intersection en X,Pluie légère,Autre collision,,,,,,,,,,,1,2,2,2,6
200600035600,0006-06-25 21:25:00,6,6,25,21,25,750,19,114 AV SIMON BOLIVAR,,,Crépuscule ou aube,En agglomération,Hors intersection,Pluie légère,Sans collision,,,,,,,,,,,2,2,1,2,7
200600035601,0006-06-26 17:20:00,6,6,26,17,20,750,1,R DE RICHELIEU PL ANDRE,,,Plein jour,En agglomération,Intersection en X,Normale,Deux véhicules - côté,,,,,,,,,,,1,2,2,1,3
200600035602,0006-06-26 09:45:00,6,6,26,9,45,750,7,R DE GRENELLE BD RASPAIL,,,Plein jour,En agglomération,Intersection en X,Pluie légère,Deux véhicules - côté,,,,,,,,,,,1,2,2,2,3
200600035603,0006-06-27 08:40:00,6,6,27,8,40,750,7,PL DE FINLANDE Q D ORSAY,,,Plein jour,En agglomération,Intersection en T,Normale,Deux véhicules - côté,,,,,,,,,,,1,2,3,1,3
200600035604,0006-06-27 20:15:00,6,6,27,20,15,750,7,18 R SAINT DOMINIQUE,,,Plein jour,En agglomération,Hors intersection,Normale,Sans collision,,,,,,,,,,,1,2,1,1,7
200600035605,0006-06-28 20:50:00,6,6,28,20,50,750,2,108 BD DE SEBASTOPOL,,,Plein jour,En agglomération,Hors intersection,Normale,Deux véhicules - arrière,,,,,,,,,,,1,2,1,1,2
200600035606,0006-06-28 12:05:00,6,6,28,12,5,750,14,4 R GAZAN,,,Plein jour,En agglomération,Hors intersection,Normale,Autre collision,,,,,,,,,,,1,2,1,1,6
200600035607,0006-06-28 19:38:00,6,6,28,19,38,750,13,BPI ITALIE GENTILLY,,,Plein jour,En agglomération,Hors intersection,Normale,Deux véhicules - arrière,,,,,,,,,,,1,2,1,1,2
200600035608,0006-06-28 21:10:00,6,6,28,21,10,750,14,BD ADOLPHE PINARD,,,Plein jour,En agglomération,Hors intersection,Normale,Deux véhicules - arrière,,,,,,,,,,,1,2,1,1,2
200600035609,0006-06-28 18:20:00,6,6,28,18,20,750,19,PL AUGUSTE BARON AV PTE,,,Plein jour,En agglomération,Intersection en T,Normale,Deux véhicules - côté,,,,,,,,,,,1,2,3,1,3
200600035610,0006-06-29 19:50:00,6,6,29,19,50,750,1,22 Q DU LOUVRE,,,Plein jour,En agglomération,Hors intersection,Normale,Deux véhicules - côté,,,,,,,,,,,1,2,1,1,3
200600035611,0006-06-29 12:15:00,6,6,29,12,15,750,7,AV JOSEPH BOUVARD PL JAC,,,Plein jour,En agglomération,Intersection en T,Normale,Autre collision,,,,,,,,,,,1,2,3,1,6
200600035612,0006-06-29 16:00:00,6,6,29,16,0,750,7,L7714 AV DU MAL GALLIENI,,,Plein jour,En agglomération,Hors intersection,Normale,Autre collision,,,,,,,,,,,1,2,1,1,6
200600035613,0006-06-29 17:15:00,6,6,29,17,15,750,7,R ARISTIDE BRIAND BD SAI,,,Plein jour,En agglomération,Intersection en T,Temps éblouissant,Deux véhicules - côté,,,,,,,,,,,1,2,3,7,3
200600035614,0006-06-29 20:35:00,6,6,29,20,35,750,12,BD DIDEROT R VAN GOGH,,,Plein jour,En agglomération,Intersection en X,Normale,Sans collision,,,,,,,,,,,1,2,2,1,7
200600035615,0006-06-29 09:10:00,6,6,29,9,10,750,12,ECH BERCY,,,Plein jour,En agglomération,Hors intersection,Normale,Deux véhicules - côté,,,,,,,,,,,1,2,1,1,3
200600035616,0006-06-29 09:38:00,6,6,29,9,38,750,12,L13568 Q DE BERCY,,,Plein jour,En agglomération,Hors intersection,Normale,Deux véhicules - côté,,,,,,,,,,,1,2,1,1,3
200600035617,0006-06-29 14:25:00,6,6,29,14,25,750,16,20 AV FOCH,,,Plein jour,En agglomération,Hors intersection,Normale,Sans collision,,,,,,,,,,,1,2,1,1,7
200600035618,0006-06-29 15:25:00,6,6,29,15,25,750,16,R GENERAL LARGEAU R LA F,,,Plein jour,En agglomération,Intersection en T,Normale,Deux véhicules - côté,,,,,,,,,,,1,2,3,1,3
200600035619,0006-06-29 17:30:00,6,6,29,17,30,750,16,RTE DES MOULINS RTE DE S,,,Plein jour,En agglomération,Intersection en X,Normale,Deux véhicules - côté,,,,,,,,,,,1,2,2,1,3
200600035620,0006-06-29 22:40:00,6,6,29,22,40,750,16,AV FOCH AV RAYMOND  POIN,,,Nuit avec éclairage allumé,En agglomération,Intersection en X,Normale,Deux véhicules - côté,,,,,,,,,,,5,2,2,1,3
200600035621,0006-06-29 21:15:00,6,6,29,21,15,750,16,L8912 CHS MUETTE,,,Plein jour,En agglomération,Hors intersection,Normale,Autre collision,,,,,,,,,,,1,2,1,1,6
200600035622,0006-06-29 23:50:00,6,6,29,23,50,750,16,18 R MESNIL,,,Nuit avec éclairage allumé,En agglomération,Hors intersection,Normale,Autre collision,,,,,,,,,,,5,2,1,1,6
200600035623,0006-06-29 16:30:00,6,6,29,16,30,750,17,PL GENERAL CATROUX BD MA,,,Plein jour,En agglomération,Intersection en X,Normale,Deux véhicules - côté,,,,,,,,,,,1,2,2,1,3
200600035624,0006-06-29 16:50:00,6,6,29,16,50,750,17,R LEGENDRE R DE ROME,,,Plein jour,En agglomération,Intersection en X,Normale,Autre collision,,,,,,,,,,,1,2,2,1,6
200600035625,0006-06-29 10:54:00,6,6,29,10,54,750,19,AV DE FLANDRE R DE JOINV,,,Plein jour,En agglomération,Intersection en T,Normale,Autre collision,,,,,,,,,,,1,2,3,1,6
200600035626,0006-06-30 17:25:00,6,6,30,17,25,750,1,R DES PYRAMIDES R SAINT,,,Plein jour,En agglomération,Intersection en X,Normale,Autre collision,,,,,,,,,,,1,2,2,1,6
200600035627,0006-06-29 20:30:00,6,6,29,20,30,750,1,8 Q DES TUILERIES,,,Plein jour,En agglomération,Hors intersection,Normale,Sans collision,,,,,,,,,,,1,2,1,1,7
200600035628,0006-06-30 12:00:00,6,6,30,12,0,750,18,R DE LA CHAPELLE R MARC,,,Plein jour,En agglomération,Intersection en X,Normale,Deux véhicules - côté,,,,,,,,,,,1,2,2,1,3
200600035629,0006-06-30 09:42:00,6,6,30,9,42,750,8,PL CH DE GAULLE AV HOCHE,,,Plein jour,En agglomération,Intersection en T,Normale,Deux véhicules - côté,,,,,,,,,,,1,2,3,1,3
200600035630,0006-06-30 18:40:00,6,6,30,18,40,750,16,R PAUL DELAROCHE R VITAL,,,Plein jour,En agglomération,Intersection en T,Normale,Autre collision,,,,,,,,,,,1,2,3,1,6
200600035631,0006-06-30 18:00:00,6,6,30,18,0,750,16,18 AV DU PDT KENNEDY,,,Plein jour,En agglomération,Hors intersection,Normale,Autre collision,,,,,,,,,,,1,2,1,1,6
200600035632,0006-06-29 23:00:00,6,6,29,23,0,750,2,14 R DE LA PAIX,,,Plein jour,En agglomération,Hors intersection,Normale,Deux véhicules - côté,,,,,,,,,,,1,2,1,1,3
200600035633,0006-06-29 09:15:00,6,6,29,9,15,750,8,IMP D ANTIN AV F ROOSEVE,,,Plein jour,En agglomération,Intersection en T,Normale,Deux véhicules - côté,,,,,,,,,,,1,2,3,1,3
200600035634,0006-06-29 14:50:00,6,6,29,14,50,750,8,88 BD MALESHERBES,,,Plein jour,En agglomération,Hors intersection,Normale,Deux véhicules - côté,,,,,,,,,,,1,2,1,1,3
200600035635,0006-06-29 08:35:00,6,6,29,8,35,750,8,AV CHAMPS ELYSEES PL DE,,,Plein jour,En agglomération,Intersection en X,Normale,Deux véhicules - côté,,,,,,,,,,,1,2,2,1,3
200600035636,0006-06-17 18:30:00,6,6,17,18,30,750,20,R DE BUZENVAL R GRANDS C,,,Plein jour,En agglomération,Intersection en X,Normale,Autre collision,,,,,,,,,,,1,2,2,1,6
200600035637,0006-06-26 15:00:00,6,6,26,15,0,750,20,R DES PYRENEES CRS DE VI,,,Plein jour,En agglomération,Intersection en X,Normale,Autre collision,,,,,,,,,,,1,2,2,1,6
200600035638,0006-06-26 15:10:00,6,6,26,15,10,750,20,R GENERAL NIESSEL R DE L,,,Plein jour,En agglomération,Intersection en X,Normale,Autre collision,,,,,,,,,,,1,2,2,1,6
200600035639,0006-06-27 07:45:00,6,6,27,7,45,750,13,26 R DE TOLBIAC,,,Plein jour,En agglomération,Hors intersection,Normale,Autre collision,,,,,,,,,,,1,2,1,1,6
200600035640,0006-06-27 13:20:00,6,6,27,13,20,750,16,52 BD LANNES,,,Plein jour,En agglomération,Hors intersection,Normale,Deux véhicules - arrière,,,,,,,,,,,1,2,1,1,2
200600035641,0006-06-28 02:40:00,6,6,28,2,40,750,13,194 AV D ITALIE,,,Nuit avec éclairage allumé,En agglomération,Hors intersection,Normale,Autre collision,,,,,,,,,,,5,2,1,1,6
200600035642,0006-06-29 20:30:00,6,6,29,20,30,750,11,R BOULLE R FROMENT,,,Plein jour,En agglomération,Intersection en Y,Normale,Autre collision,,,,,,,,,,,1,2,4,1,6
200600035643,0006-06-29 13:10:00,6,6,29,13,10,750,11,R DE CHARONNE R SAINT BE,,,Plein jour,En agglomération,Intersection en X,Normale,Autre collision,,,,,,,,,,,1,2,2,1,6
200600035644,0006-06-29 20:15:00,6,6,29,20,15,750,13,134 R DU CHEVALERET,,,Plein jour,En agglomération,Hors intersection,Normale,Deux véhicules - côté,,,,,,,,,,,1,2,1,1,3
200600035645,0006-06-29 08:52:00,6,6,29,8,52,750,17,30 R DES MOINES,,,Plein jour,En agglomération,Hors intersection,Normale,Autre collision,,,,,,,,,,,1,2,1,1,6
200600035646,0006-06-29 08:20:00,6,6,29,8,20,750,20,R DES PYRENEES R DU RETR,,,Plein jour,En agglomération,Intersection en T,Normale,Autre collision,,,,,,,,,,,1,2,3,1,6
200600035647,0006-06-30 21:00:00,6,6,30,21,0,750,5,R CLOVIS R DESCARTES,,,Plein jour,En agglomération,Intersection en X,Normale,Autre collision,,,,,,,,,,,1,2,2,1,6