accident_id,datetime,annee,mois,jour,heure,minute,departement,commune_insee,adresse,latitude,longitude,luminosite,agglomeration,intersection,meteo,collision,nb_vehicules,nb_usagers,nb_indemnes,nb_tues,nb_blesses_hosp,nb_blesses_legers,age_cond_1,age_cond_2,veh_type_cond_1,veh_type_cond_2,lum_code,agg_code,int_code,atm_code,col_code
200600035783,0006-06-19 13:15:00,6,6,19,13,15,760,5,"1, WILDAU. RUE DE",,,Plein jour,En agglomération,Intersection en T,Normale,Deux véhicules - côté,,,,,,,,,,,1,2,3,1,3
200600035784,0006-06-20 16:40:00,6,6,20,16,40,760,540,"1, CAEN. AVENUE DE",,,Plein jour,En agglomération,Hors intersection,Normale,Deux véhicules - arrière,,,,,,,,,,,1,2,1,1,2
200600035785,0006-06-20 06:15:00,6,6,20,6,15,760,540,"1, JEANNE D'ARC. PONT",,,Plein jour,En agglomération,Hors intersection,Normale,Deux véhicules - arrière,,,,,,,,,,,1,2,1,1,2
200600035786,0006-06-20 18:45:00,6,6,20,18,45,760,5,"224, RN 15 (ROUTE DE PAR",,,Plein jour,En agglomération,Hors intersection,Normale,Deux véhicules - arrière,,,,,,,,,,,1,2,1,1,2
200600035787,0006-06-22 11:57:00,6,6,22,11,57,760,540,"1, LECANUET. RUE JEAN",,,Plein jour,En agglomération,Hors intersection,Normale,Deux véhicules - côté,,,,,,,,,,,1,2,1,1,3
200600035788,0006-06-21 19:00:00,6,6,21,19,0,760,540,"1, SAINT JULIEN. RUE",,,Plein jour,En agglomération,Hors intersection,Normale,Autre collision,,,,,,,,,,,1,2,1,1,6
200600035789,0006-06-22 19:55:00,6,6,22,19,55,760,402,"12, DIEPPE. ROUTE DE (RN",,,Plein jour,En agglomération,Hors intersection,Normale,Sans collision,,,,,,,,,,,1,2,1,1,7
200600035790,0006-06-24 03:10:00,6,6,24,3,10,760,319,"130, JAURES. AVENUE JEAN",,,Nuit avec éclairage allumé,En agglomération,Hors intersection,Normale,Sans collision,,,,,,,,,,,5,2,1,1,7
200600035791,0006-06-24 06:05:00,6,6,24,6,5,760,540,"40, VERDUN. BOULEVARD DE",,,Crépuscule ou aube,En agglomération,Hors intersection,Normale,Deux véhicules - arrière,,,,,,,,,,,2,2,1,1,2
200600035792,0006-06-24 16:05:00,6,6,24,16,5,760,216,RN 27 (ROUTE DE DIEPPE),,,Plein jour,En agglomération,Intersection en T,Normale,Deux véhicules - côté,,,,,,,,,,,1,2,3,1,3
200600035793,0006-06-23 15:20:00,6,6,23,15,20,760,410,"1, REPUBLIQUE. RUE DE LA",,,Plein jour,En agglomération,Hors intersection,Normale,Deux véhicules - côté,,,,,,,,,,,1,2,1,1,3
200600035794,0006-06-23 20:35:00,6,6,23,20,35,760,540,BOURSE. QUAI (HAUT) DE L,,,Plein jour,En agglomération,Hors intersection,Normale,Deux véhicules - côté,,,,,,,,,,,1,2,1,1,3
200600035795,0006-06-28 01:30:00,6,6,28,1,30,760,103,NEUVE. ROUTE (RN 14),,,Nuit sans éclairage public,En agglomération,Hors intersection,Normale,Sans collision,,,,,,,,,,,3,2,1,1,7
200600035796,0006-06-29 18:10:00,6,6,29,18,10,760,157,"1, DANEMARK. QUAI DU",,,Plein jour,En agglomération,Hors intersection,Normale,Deux véhicules - arrière,,,,,,,,,,,1,2,1,1,2
200600035797,0006-06-28 15:30:00,6,6,28,15,30,760,540,"1, AMIENS. RUE D'",,,Plein jour,En agglomération,Hors intersection,Normale,Deux véhicules - côté,,,,,,,,,,,1,2,1,1,3
200600035798,0006-06-28 22:35:00,6,6,28,22,35,760,108,"1063, NEUFCHATEL. ROUTE",,,Nuit avec éclairage allumé,En agglomération,Hors intersection,Normale,Sans collision,,,,,,,,,,,5,2,1,1,7
200600035799,0006-06-29 12:50:00,6,6,29,12,50,760,540,"1, PARIS. QUAI (BAS) DE",,,Plein jour,En agglomération,Hors intersection,Normale,Deux véhicules - arrière,,,,,,,,,,,1,2,1,1,2
200600035800,0006-06-29 21:30:00,6,6,29,21,30,760,322,"1, ROOSEVELT. AVENUE FRA",,,Crépuscule ou aube,En agglomération,Intersection en T,Normale,Deux véhicules - côté,,,,,,,,,,,2,2,3,1,3
200600035801,0006-06-30 20:30:00,6,6,30,20,30,760,540,"1, BOISGUILBERT. BOULEVA",,,Plein jour,En agglomération,Hors intersection,Normale,Deux véhicules - côté,,,,,,,,,,,1,2,1,1,3
200600035802,0006-06-30 23:30:00,6,6,30,23,30,760,575,"48, GOUBERT. AVENUE OLIV",,,Nuit avec éclairage allumé,En agglomération,Hors intersection,Normale,Sans collision,,,,,,,,,,,5,2,1,1,7
200600035803,0006-06-30 19:05:00,6,6,30,19,5,760,410,"14, 8 MAI 1945. RUE DU",,,Plein jour,En agglomération,Hors intersection,Normale,Autre collision,,,,,,,,,,,1,2,1,1,6
200600035804,0006-06-10 15:35:00,6,6,10,15,35,770,108,"98, CHANTEREINE (CHEMIN",,,Plein jour,En agglomération,Hors intersection,Normale,Deux véhicules - arrière,,,,,,,,,,,1,2,1,1,2
200600035805,0006-06-15 11:30:00,6,6,15,11,30,770,108,"03, MEUNIER (RUE AUGUSTE",,,Plein jour,En agglomération,Hors intersection,Normale,Autre collision,,,,,,,,,,,1,2,1,1,6
200600035806,0006-06-15 16:40:00,6,6,15,16,40,770,479,"01, DEVIATION POIDS LOUR",,,Plein jour,En agglomération,Hors intersection,Normale,Autre collision,,,,,,,,,,,1,2,1,1,6
200600035807,0006-06-29 12:00:00,6,6,29,12,0,770,108,JAURES (AVENUE JEAN),,,Plein jour,En agglomération,Hors intersection,Normale,Autre collision,,,,,,,,,,,1,2,1,1,6
200600035808,0006-06-29 16:10:00,6,6,29,16,10,770,55,CARNOT (RUE),,,Plein jour,En agglomération,Hors intersection,Normale,Autre collision,,,,,,,,,,,1,2,1,1,6
200600035809,0006-06-20 06:10:00,6,6,20,6,10,770,307,"10, RABOUTS ( RUE DES )",,,Plein jour,En agglomération,Hors intersection,Normale,Autre collision,,,,,,,,,,,1,2,1,1,6
200600035810,0006-06-25 09:10:00,6,6,25,9,10,770,18,406 ( R D ),,,Plein jour,Hors agglomération,Hors intersection,Pluie forte,Deux véhicules - côté,,,,,,,,,,,1,1,1,3,3
200600035811,0006-06-28 00:30:00,6,6,28,0,30,770,111,RN34,,,Nuit avec éclairage allumé,Hors agglomération,Hors intersection,Normale,Deux véhicules - frontale,,,,,,,,,,,5,1,1,1,1
200600035812,0006-06-02 14:41:00,6,6,2,14,41,770,131,"01, GARE S.N.C.F.",,,Plein jour,En agglomération,Autre intersection,Normale,Autre collision,,,,,,,,,,,1,2,9,1,6
200600035813,0006-06-03 10:55:00,6,6,3,10,55,770,320,"66, GIREMOUTIERS (RUE DE",,,Plein jour,En agglomération,Hors intersection,Normale,Deux véhicules - côté,,,,,,,,,,,1,2,1,1,3
200600035814,0006-06-10 09:45:00,6,6,10,9,45,770,400,"06, MOUROUX (ROUTE DE)",,,Plein jour,Hors agglomération,Hors intersection,Normale,Deux véhicules - côté,,,,,,,,,,,1,1,1,1,3
200600035815,0006-06-16 13:40:00,6,6,16,13,40,770,131,"00, MARCEL CLAVIER (RUE)",,,Plein jour,En agglomération,Hors intersection,Normale,Deux véhicules - côté,,,,,,,,,,,1,2,1,1,3
200600035816,0006-06-18 22:15:00,6,6,18,22,15,770,320,"00, CAPUCINERIE (RUE DE",,,Nuit avec éclairage allumé,En agglomération,Hors intersection,Temps couvert,Autre collision,,,,,,,,,,,5,2,1,8,6
200600035817,0006-06-20 18:05:00,6,6,20,18,5,770,42,"15, CHARLES DE GAULLE (A",,,Plein jour,En agglomération,Hors intersection,Temps éblouissant,Autre collision,,,,,,,,,,,1,2,1,7,6
200600035818,0006-06-24 18:30:00,6,6,24,18,30,770,131,"26, STRASBOURG (AVENUE D",,,Plein jour,En agglomération,Hors intersection,Normale,Deux véhicules - côté,,,,,,,,,,,1,2,1,1,3
200600035819,0006-06-25 00:55:00,6,6,25,0,55,770,42,MOULIN (RUE DU),,,Nuit sans éclairage public,Hors agglomération,Hors intersection,Normale,Sans collision,,,,,,,,,,,3,1,1,1,7
200600035820,0006-06-25 01:00:00,6,6,25,1,0,770,42,"32, MOULIN (RUE DU)",,,Nuit sans éclairage public,Hors agglomération,Hors intersection,Normale,Sans collision,,,,,,,,,,,3,1,1,1,7
200600035821,0006-06-11 22:45:00,6,6,11,22,45,770,378,"18, FONTAINEBLEAU(AVENUE",,,Nuit avec éclairage allumé,En agglomération,Intersection en T,Normale,Deux véhicules - arrière,,,,,,,,,,,5,2,3,1,2
200600035822,0006-06-02 14:30:00,6,6,2,14,30,770,186,"rn 152, CROIX DE SOUVRAY",,,Plein jour,Hors agglomération,Intersection en T,Normale,Autre collision,,,,,,,,,,,1,1,3,1,6
200600035823,0006-06-07 15:00:00,6,6,7,15,0,770,37,"6, GALLIENI (AVENUE)",,,Plein jour,En agglomération,Autre intersection,Normale,Autre collision,,,,,,,,,,,1,2,9,1,6
200600035824,0006-06-11 14:10:00,6,6,11,14,10,770,186,d137 avon / samois/ bois,,,Plein jour,Hors agglomération,Hors intersection,Normale,Deux véhicules - arrière,,,,,,,,,,,1,1,1,1,2
200600035825,0006-06-24 09:30:00,6,6,24,9,30,770,186,RD137e3.   d137 avon int,,,Plein jour,Hors agglomération,Hors intersection,Normale,Autre collision,,,,,,,,,,,1,1,1,1,6
200600035826,0006-06-22 20:50:00,6,6,22,20,50,770,464,"06, CHTEAU (ALLEE DU)",,,Crépuscule ou aube,En agglomération,Hors intersection,Normale,Deux véhicules - côté,,,,,,,,,,,2,2,1,1,3
200600035827,0006-06-03 22:40:00,6,6,3,22,40,770,358,RN 330 DEVIATION PENCHAR,,,Nuit sans éclairage public,Hors agglomération,Hors intersection,Normale,Deux véhicules - frontale,,,,,,,,,,,3,1,1,1,1
200600035828,0006-06-03 12:10:00,6,6,3,12,10,770,284,"7, ROSE (BD.JEAN)",,,Plein jour,En agglomération,Hors intersection,Normale,Sans collision,,,,,,,,,,,1,2,1,1,7
200600035829,0006-06-03 21:05:00,6,6,3,21,5,770,284,REPUBLIQUE (AV.DE LA),,,Plein jour,En agglomération,Intersection en X,Normale,Deux véhicules - côté,,,,,,,,,,,1,2,2,1,3
200600035830,0006-06-07 17:05:00,6,6,7,17,5,770,475,"46, JOFFRE (RUE DU MAL.)",,,Plein jour,En agglomération,Hors intersection,Normale,Sans collision,,,,,,,,,,,1,2,1,1,7
200600035831,0006-06-09 12:00:00,6,6,9,12,0,770,284,VICTOIRE (AV.DE LA),,,Plein jour,Hors agglomération,Hors intersection,Normale,Sans collision,,,,,,,,,,,1,1,1,1,7
200600035832,0006-06-10 01:30:00,6,6,10,1,30,770,143,HENRI DUFLOCQ (AVENUE),,,Nuit sans éclairage public,Hors agglomération,Hors intersection,Normale,Sans collision,,,,,,,,,,,3,1,1,1,7
200600035833,0006-06-10 19:55:00,6,6,10,19,55,770,335,RD5 (ROUTE DEPARTEMENTAL,,,Plein jour,Hors agglomération,Hors intersection,Normale,Deux véhicules - arrière,,,,,,,,,,,1,1,1,1,2
200600035834,0006-06-12 21:00:00,6,6,12,21,0,770,284,VICTOIRE (AV.DE LA),,,Plein jour,Hors agglomération,Intersection en T,Normale,Deux véhicules - côté,,,,,,,,,,,1,1,3,1,3
200600035835,0006-06-15 12:00:00,6,6,15,12,0,770,284,VICTOIRE (AV.DE LA),,,Plein jour,Hors agglomération,Hors intersection,Normale,Trois véhicules et plus - collisions multiples,,,,,,,,,,,1,1,1,1,5
200600035836,0006-06-15 16:40:00,6,6,15,16,40,770,284,"1, COMTES DE CHAMPAGNE (",,,Plein jour,En agglomération,Giratoire,Normale,Deux véhicules - côté,,,,,,,,,,,1,2,6,1,3
200600035837,0006-06-18 10:16:00,6,6,18,10,16,770,330,"10, GAMBETTA (RUE)",,,Plein jour,En agglomération,Hors intersection,Normale,Autre collision,,,,,,,,,,,1,2,1,1,6
200600035838,0006-06-18 15:25:00,6,6,18,15,25,770,284,"1, LAFAYETTE (PLACE)",,,Plein jour,En agglomération,Hors intersection,Normale,Deux véhicules - arrière,,,,,,,,,,,1,2,1,1,2
200600035839,0006-06-19 18:00:00,6,6,19,18,0,770,276,"1, HAYETTE (RUE DE LA)",,,Plein jour,En agglomération,Giratoire,Normale,Autre collision,,,,,,,,,,,1,2,6,1,6
200600035840,0006-06-19 20:05:00,6,6,19,20,5,770,284,"7, ALLENDE (AV.SALVADOR)",,,Plein jour,En agglomération,Intersection en X,Normale,Deux véhicules - côté,,,,,,,,,,,1,2,2,1,3
200600035841,0006-06-21 07:35:00,6,6,21,7,35,770,284,"79, CLEMENCEAU (AV.)",,,Plein jour,En agglomération,Hors intersection,Normale,Autre collision,,,,,,,,,,,1,2,1,1,6
200600035842,0006-06-23 15:25:00,6,6,23,15,25,770,284,"7, VOLTA (RUE ALEXANDRE)",,,Plein jour,En agglomération,Hors intersection,Normale,Deux véhicules - arrière,,,,,,,,,,,1,2,1,1,2
200600035843,0006-06-26 09:30:00,6,6,26,9,30,770,284,"7, ALLENDE (AV.SALVADOR)",,,Plein jour,En agglomération,Hors intersection,Normale,Sans collision,,,,,,,,,,,1,2,1,1,7
200600035844,0006-06-27 07:50:00,6,6,27,7,50,770,475,"71, VERDUN (AVENUE DE)",,,Plein jour,Hors agglomération,Hors intersection,Normale,Autre collision,,,,,,,,,,,1,1,1,1,6
200600035845,0006-06-27 09:30:00,6,6,27,9,30,770,284,"5, HUGO (QUAI VICTOR)",,,Plein jour,En agglomération,Hors intersection,Normale,Sans collision,,,,,,,,,,,1,2,1,1,7
200600035846,0006-06-27 23:52:00,6,6,27,23,52,770,284,"7, SAINT-FARON (RUE)",,,Nuit avec éclairage allumé,En agglomération,Intersection en X,Normale,Deux véhicules - côté,,,,,,,,,,,5,2,2,1,3
200600035847,0006-06-14 13:15:00,6,6,14,13,15,770,288,R.N 105,,,Plein jour,En agglomération,Hors intersection,Normale,Deux véhicules - arrière,,,,,,,,,,,1,2,1,1,2
200600035848,0006-06-24 01:50:00,6,6,24,1,50,770,288,"182, LALLIA (QUAI)",,,Nuit avec éclairage allumé,En agglomération,Hors intersection,Normale,Sans collision,,,,,,,,,,,5,2,1,1,7
200600035849,0006-06-06 11:50:00,6,6,6,11,50,770,294,"90, FRANKLIN ROOSEVELT (",,,Plein jour,En agglomération,Hors intersection,Normale,Deux véhicules - côté,,,,,,,,,,,1,2,1,1,3
200600035850,0006-06-16 21:35:00,6,6,16,21,35,770,241,CD 404,,,Plein jour,Hors agglomération,Hors intersection,Normale,Sans collision,,,,,,,,,,,1,1,1,1,7
200600035851,0006-06-23 18:00:00,6,6,23,18,0,770,294,C.D. 9,,,Crépuscule ou aube,Hors agglomération,Hors intersection,Normale,Sans collision,,,,,,,,,,,2,1,1,1,7
200600035852,0006-06-21 11:03:00,6,6,21,11,3,770,291,PARIS (RUE DE),,,Plein jour,En agglomération,Hors intersection,Normale,Deux véhicules - côté,,,,,,,,,,,1,2,1,1,3
200600035853,0006-06-19 18:35:00,6,6,19,18,35,770,427,D. 404,,,Plein jour,En agglomération,Hors intersection,Normale,Deux véhicules - frontale,,,,,,,,,,,1,2,1,1,1
200600035854,0006-06-12 11:55:00,6,6,12,11,55,770,450,RN 19,,,Plein jour,Hors agglomération,Hors intersection,Normale,Deux véhicules - côté,,,,,,,,,,,1,1,1,1,3
200600035855,0006-06-08 19:50:00,6,6,8,19,50,770,53,GENERAL LECLERC (RUE DU),,,Plein jour,En agglomération,Hors intersection,Normale,Deux véhicules - arrière,,,,,,,,,,,1,2,1,1,2
200600035856,0006-06-10 00:30:00,6,6,10,0,30,770,53,GENERAL LECLERC (RUE DU),,,Nuit sans éclairage public,Hors agglomération,Hors intersection,Normale,Autre collision,,,,,,,,,,,3,1,1,1,6
200600035857,0006-06-14 18:40:00,6,6,14,18,40,770,296,"390, CANTON (RUE DU)",,,Plein jour,En agglomération,Autre intersection,Normale,Autre collision,,,,,,,,,,,1,2,9,1,6
200600035858,0006-06-12 12:50:00,6,6,12,12,50,770,54,D 124,,,Plein jour,Hors agglomération,Intersection en T,Normale,Autre collision,,,,,,,,,,,1,1,3,1,6
200600035859,0006-06-12 19:05:00,6,6,12,19,5,770,245,D 210,,,Plein jour,Hors agglomération,Hors intersection,Normale,Trois véhicules et plus - collisions multiples,,,,,,,,,,,1,1,1,1,5
200600035860,0006-06-17 20:15:00,6,6,17,20,15,770,305,"23, MARECHAL LEFEBVRE (R",,,Plein jour,Hors agglomération,Intersection en X,Normale,Autre collision,,,,,,,,,,,1,1,2,1,6
200600035861,0006-06-05 13:55:00,6,6,5,13,55,770,468,LOUIS ARAGON (AVENUE),,,Plein jour,En agglomération,Intersection en X,Normale,Deux véhicules - côté,,,,,,,,,,,1,2,2,1,3
200600035862,0006-06-12 20:20:00,6,6,12,20,20,770,146,BEAUBOURG (BOULEVARD DE),,,Plein jour,En agglomération,Hors intersection,Normale,Deux véhicules - arrière,,,,,,,,,,,1,2,1,1,2
200600035863,0006-06-09 17:35:00,6,6,9,17,35,770,258,COURCERIN (BOULEVARD DE),,,Plein jour,En agglomération,Intersection en Y,Normale,Deux véhicules - frontale,,,,,,,,,,,1,2,4,1,1
200600035864,0006-06-09 13:05:00,6,6,9,13,5,770,468,LAGNY (ROUTE DE),,,Plein jour,En agglomération,Intersection en X,Normale,Deux véhicules - côté,,,,,,,,,,,1,2,2,1,3
200600035865,0006-06-22 14:45:00,6,6,22,14,45,770,258,COURCERIN (BOULEVARD DE),,,Plein jour,En agglomération,Giratoire,Normale,Deux véhicules - arrière,,,,,,,,,,,1,2,6,1,2
200600035866,0006-06-22 14:45:00,6,6,22,14,45,770,468,"12, LOUIS ARAGON (AVENUE",,,Plein jour,En agglomération,Intersection en X,Normale,Deux véhicules - arrière,,,,,,,,,,,1,2,2,1,2
200600035867,0006-06-23 03:43:00,6,6,23,3,43,770,379,NATIONALE 19 (ROUTE),,,Nuit sans éclairage public,Hors agglomération,Hors intersection,Normale,Sans collision,,,,,,,,,,,3,1,1,1,7
200600035868,0006-06-27 23:40:00,6,6,27,23,40,770,73,STADE (RUE DU),,,Nuit avec éclairage allumé,En agglomération,Hors intersection,Normale,Autre collision,,,,,,,,,,,5,2,1,1,6
200600035869,0006-06-02 21:50:00,6,6,2,21,50,770,514,EUGENE VARLIN (AVENUE),,,Plein jour,En agglomération,Intersection en X,Normale,Deux véhicules - arrière,,,,,,,,,,,1,2,2,1,2
200600035870,0006-06-21 10:00:00,6,6,21,10,0,770,118,DEPARTEMENTAL 34 (ROUTE),,,Plein jour,Hors agglomération,Hors intersection,Normale,Deux véhicules - côté,,,,,,,,,,,1,1,1,1,3
200600035871,0006-06-15 23:25:00,6,6,15,23,25,780,92,"62, KELNER JACQUES (RUE)",,,Nuit avec éclairage allumé,En agglomération,Hors intersection,Normale,Sans collision,,,,,,,,,,,5,2,1,1,7
200600035872,0006-06-28 10:10:00,6,6,28,10,10,780,126,PUITS (AVENUE DES),,,Plein jour,En agglomération,Intersection en X,Normale,Deux véhicules - côté,,,,,,,,,,,1,2,2,1,3
200600035873,0006-06-09 10:55:00,6,6,9,10,55,780,172,"0.00, DE GAULLE (BD DU G",,,Plein jour,En agglomération,Intersection en X,Normale,Deux véhicules - côté,,,,,,,,,,,1,2,2,1,3
200600035874,0006-06-11 12:30:00,6,6,11,12,30,780,5,"83, CONFLANS (AVENUE DE)",,,Plein jour,En agglomération,Hors intersection,Normale,Autre collision,,,,,,,,,,,1,2,1,1,6
200600035875,0006-06-09 13:14:00,6,6,9,13,14,780,172,"170, FOCH (AVENUE DU MAR",,,Plein jour,En agglomération,Hors intersection,Normale,Trois véhicules et plus - en chaîne,,,,,,,,,,,1,2,1,1,4
200600035876,0006-06-22 05:55:00,6,6,22,5,55,780,15,MOULIN (AVENUE JEAN),,,Plein jour,En agglomération,Hors intersection,Normale,Deux véhicules - frontale,,,,,,,,,,,1,2,1,1,1
200600035877,0006-06-24 08:40:00,6,6,24,8,40,780,15,"0.00, MOULIN (AVENUE JEA",,,Plein jour,En agglomération,Intersection en X,Normale,Deux véhicules - arrière,,,,,,,,,,,1,2,2,1,2
200600035878,0006-06-13 17:00:00,6,6,13,17,0,780,15,"0.00, SCHOELCHER (AVENUE",,,Plein jour,Hors agglomération,Intersection en X,Normale,Trois véhicules et plus - en chaîne,,,,,,,,,,,1,1,2,1,4
200600035879,0006-06-13 19:30:00,6,6,13,19,30,780,172,"03, FOCH (AVENUE DU MARE",,,Plein jour,En agglomération,Hors intersection,Normale,Sans collision,,,,,,,,,,,1,2,1,1,7
200600035880,0006-06-27 13:05:00,6,6,27,13,5,780,172,"117, CLEMENT (RUE DESIRE",,,Plein jour,En agglomération,Hors intersection,Normale,Deux véhicules - côté,,,,,,,,,,,1,2,1,1,3
200600035881,0006-06-24 03:10:00,6,6,24,3,10,780,172,"0.00, CRAPOTTE (RUE ARNO",,,Nuit avec éclairage allumé,En agglomération,Hors intersection,Normale,Sans collision,,,,,,,,,,,5,2,1,1,7
200600035882,0006-06-26 12:25:00,6,6,26,12,25,780,5,"0.00, CROIX ROMPUE (RUE",,,Plein jour,En agglomération,Giratoire,Normale,Deux véhicules - côté,,,,,,,,,,,1,2,6,1,3
200600035883,0006-06-09 23:00:00,6,6,9,23,0,780,644,DEPARTEMENTALE 58 (ROUTE,,,Nuit avec éclairage allumé,En agglomération,Giratoire,Normale,Deux véhicules - côté,,,,,,,,,,,5,2,6,1,3
200600035884,0006-06-11 23:35:00,6,6,11,23,35,780,208,DUBLIN (RUE DE),,,Nuit avec éclairage allumé,En agglomération,Hors intersection,Normale,Deux véhicules - côté,,,,,,,,,,,5,2,1,1,3
200600035885,0006-06-16 20:00:00,6,6,16,20,0,780,208,"Indét, HUIT MAI 1945 (AV",,,Plein jour,En agglomération,Hors intersection,Normale,Deux véhicules - côté,,,,,,,,,,,1,2,1,1,3
200600035886,0006-06-20 13:05:00,6,6,20,13,5,780,208,"Indét, MALRAUX (BOULEVAR",,,Plein jour,En agglomération,Hors intersection,Normale,Deux véhicules - côté,,,,,,,,,,,1,2,1,1,3
200600035887,0006-06-26 07:50:00,6,6,26,7,50,780,208,NATIONALE 10 (ROUTE),,,Plein jour,Hors agglomération,Hors intersection,Pluie légère,Deux véhicules - arrière,,,,,,,,,,,1,1,1,2,2
200600035888,0006-06-27 17:40:00,6,6,27,17,40,780,208,"Indét, VILLEDIEU (AVENUE",,,Plein jour,En agglomération,Giratoire,Normale,Deux véhicules - côté,,,,,,,,,,,1,2,6,1,3
200600035889,0006-06-04 17:30:00,6,6,4,17,30,780,297,CD 91,,,Plein jour,Hors agglomération,Hors intersection,Normale,Autre collision,,,,,,,,,,,1,1,1,1,6
200600035890,0006-06-05 02:35:00,6,6,5,2,35,780,297,BLUM (AVENUE LEON),,,Nuit avec éclairage allumé,En agglomération,Hors intersection,Normale,Autre collision,,,,,,,,,,,5,2,1,1,6
200600035891,0006-06-09 16:45:00,6,6,9,16,45,780,423,"ignoré, PRES (AVENUE DES",,,Plein jour,En agglomération,Hors intersection,Normale,Autre collision,,,,,,,,,,,1,2,1,1,6
200600035892,0006-06-10 11:20:00,6,6,10,11,20,780,297,"4, GABRIEL (RUE JACQUES-",,,Plein jour,En agglomération,Hors intersection,Normale,Deux véhicules - côté,,,,,,,,,,,1,2,1,1,3
200600035893,0006-06-05 12:35:00,6,6,5,12,35,780,688,"ignoré, PORT ROYAL (RUE",,,Plein jour,Hors agglomération,Hors intersection,Normale,Autre collision,,,,,,,,,,,1,1,1,1,6
200600035894,0006-06-18 16:10:00,6,6,18,16,10,780,423,LECLERC (AVENUE DU  GENE,,,Plein jour,En agglomération,Hors intersection,Normale,Sans collision,,,,,,,,,,,1,2,1,1,7
200600035895,0006-06-20 15:45:00,6,6,20,15,45,780,423,FRERES LUMIERES (AVENUE,,,Plein jour,En agglomération,Intersection en T,Normale,Deux véhicules - côté,,,,,,,,,,,1,2,3,1,3
200600035896,0006-06-28 19:40:00,6,6,28,19,40,780,688,CD 36,,,Plein jour,En agglomération,Hors intersection,Normale,Deux véhicules - arrière,,,,,,,,,,,1,2,1,1,2
200600035897,0006-06-29 13:45:00,6,6,29,13,45,780,297,TOULOUSE LAUTREC (RUE HE,,,Plein jour,En agglomération,Hors intersection,Normale,Deux véhicules - côté,,,,,,,,,,,1,2,1,1,3
200600035898,0006-06-08 23:25:00,6,6,8,23,25,780,311,"18, LEDRU ROLLIN (RUE)",,,Nuit avec éclairage allumé,En agglomération,Hors intersection,Normale,Autre collision,,,,,,,,,,,5,2,1,1,6
200600035899,0006-06-09 20:20:00,6,6,9,20,20,780,311,"70, JEAN JAURES (BOULEVA",,,Plein jour,En agglomération,Hors intersection,Normale,Deux véhicules - côté,,,,,,,,,,,1,2,1,1,3
200600035900,0006-06-20 15:40:00,6,6,20,15,40,780,311,"51, HOCHE (RUE)",,,Plein jour,En agglomération,Hors intersection,Normale,Autre collision,,,,,,,,,,,1,2,1,1,6
200600035901,0006-06-30 20:45:00,6,6,30,20,45,780,124,"139, JEAN JACQUES ROUSSE",,,Plein jour,En agglomération,Hors intersection,Normale,Deux véhicules - arrière,,,,,,,,,,,1,2,1,1,2
200600035902,0006-06-04 01:35:00,6,6,4,1,35,780,217,"0, ROUTE D'ELISABETHVILL",,,Nuit sans éclairage public,En agglomération,Hors intersection,Normale,Autre collision,,,,,,,,,,,3,2,1,1,6
200600035903,0006-06-12 00:40:00,6,6,12,0,40,780,361,BD GEORGES CLEMENCEAU 1,,,Nuit avec éclairage allumé,En agglomération,Hors intersection,Normale,Deux véhicules - arrière,,,,,,,,,,,5,2,1,1,2
200600035904,0006-06-13 13:25:00,6,6,13,13,25,780,217,R.D 130,,,Plein jour,En agglomération,Hors intersection,Normale,Deux véhicules - côté,,,,,,,,,,,1,2,1,1,3
200600035905,0006-06-23 08:05:00,6,6,23,8,5,780,402,C.D  113,,,Plein jour,En agglomération,Hors intersection,Normale,Deux véhicules - frontale,,,,,,,,,,,1,2,1,1,1
200600035906,0006-06-11 18:00:00,6,6,11,18,0,780,372,"3 TER, MONTAGNE (RUE DE",,,Plein jour,En agglomération,Intersection en Y,Normale,Deux véhicules - côté,,,,,,,,,,,1,2,4,1,3
200600035907,0006-06-16 12:25:00,6,6,16,12,25,780,350,VERSAILLES (ROUTE DE),,,Plein jour,En agglomération,Hors intersection,Normale,Trois véhicules et plus - en chaîne,,,,,,,,,,,1,2,1,1,4
200600035908,0006-06-24 06:00:00,6,6,24,6,0,780,372,ABREUVOIR (AVENUE DE L'),,,Crépuscule ou aube,En agglomération,Intersection en X,Normale,Autre collision,,,,,,,,,,,2,2,2,1,6
200600035909,0006-06-08 18:15:00,6,6,8,18,15,780,403,"47, CHATEAUBRIAND (AVENU",,,Plein jour,En agglomération,Hors intersection,Normale,Deux véhicules - arrière,,,,,,,,,,,1,2,1,1,2
200600035910,0006-06-08 13:10:00,6,6,8,13,10,780,609,CD 28,,,Plein jour,Hors agglomération,Hors intersection,Normale,Deux véhicules - arrière,,,,,,,,,,,1,1,1,1,2
200600035911,0006-06-08 12:00:00,6,6,8,12,0,780,440,"02, PAUL RAOULT (AVENUE)",,,Plein jour,En agglomération,Intersection en X,Normale,Autre collision,,,,,,,,,,,1,2,2,1,6
200600035912,0006-06-09 13:10:00,6,6,9,13,10,780,440,LEVASSOR (RUE),,,Plein jour,En agglomération,Intersection en T,Normale,Deux véhicules - côté,,,,,,,,,,,1,2,3,1,3
200600035913,0006-06-11 10:15:00,6,6,11,10,15,780,440,"23, PAUL CURIEN (RUE)",,,Plein jour,En agglomération,Hors intersection,Normale,Sans collision,,,,,,,,,,,1,2,1,1,7
200600035914,0006-06-16 21:45:00,6,6,16,21,45,780,638,"288, GENERAL DE GAULLE (",,,Plein jour,En agglomération,Hors intersection,Normale,Autre collision,,,,,,,,,,,1,2,1,1,6
200600035915,0006-06-17 03:15:00,6,6,17,3,15,780,238,CD 14,,,Nuit avec éclairage allumé,En agglomération,Hors intersection,Normale,Autre collision,,,,,,,,,,,5,2,1,1,6