accident_id,datetime,annee,mois,jour,heure,minute,departement,commune_insee,adresse,latitude,longitude,luminosite,agglomeration,intersection,meteo,collision,nb_vehicules,nb_usagers,nb_indemnes,nb_tues,nb_blesses_hosp,nb_blesses_legers,age_cond_1,age_cond_2,veh_type_cond_1,veh_type_cond_2,lum_code,agg_code,int_code,atm_code,col_code
200600035916,0006-06-17 11:10:00,6,6,17,11,10,780,299,ETANGS PRES (AVENUE DES),,,Plein jour,En agglomération,Hors intersection,Normale,Autre collision,,,,,,,,,,,1,2,1,1,6
200600035917,0006-06-19 18:05:00,6,6,19,18,5,780,440,"4, AMPERE (RUE)",,,Plein jour,En agglomération,Intersection en T,Normale,Autre collision,,,,,,,,,,,1,2,3,1,6
200600035918,0006-06-07 13:20:00,6,6,7,13,20,780,490,DEUX PLATEAUX (ROUTE DES,,,Plein jour,En agglomération,Intersection en Y,Normale,Sans collision,,,,,,,,,,,1,2,4,1,7
200600035919,0006-06-09 12:50:00,6,6,9,12,50,780,165,PROU (AVENUE HENRI),,,Plein jour,En agglomération,Hors intersection,Normale,Deux véhicules - frontale,,,,,,,,,,,1,2,1,1,1
200600035920,0006-06-13 06:30:00,6,6,13,6,30,780,490,DEUX PLATEAUX (ROUTE DES,,,Crépuscule ou aube,En agglomération,Giratoire,Normale,Deux véhicules - côté,,,,,,,,,,,2,2,6,1,3
200600035921,0006-06-22 19:10:00,6,6,22,19,10,780,674,PARIS  CD 11 E (COTE DE),,,Plein jour,En agglomération,Hors intersection,Normale,Sans collision,,,,,,,,,,,1,2,1,1,7
200600035922,0006-06-22 17:25:00,6,6,22,17,25,780,490,", GARE (RUE DE LA)",,,Plein jour,En agglomération,Autre intersection,Normale,Deux véhicules - arrière,,,,,,,,,,,1,2,9,1,2
200600035923,0006-06-26 20:30:00,6,6,26,20,30,780,490,"2, SAINT JUST (ALLEE)",,,Plein jour,En agglomération,Hors intersection,Normale,Deux véhicules - côté,,,,,,,,,,,1,2,1,1,3
200600035924,0006-06-26 15:45:00,6,6,26,15,45,780,490,"433, TATI (RUE JACQUES)",,,Plein jour,En agglomération,Hors intersection,Normale,Deux véhicules - frontale,,,,,,,,,,,1,2,1,1,1
200600035925,0006-06-27 16:30:00,6,6,27,16,30,780,490,"0, CHEVREUSE (AVENUE DE)",,,Plein jour,En agglomération,Hors intersection,Normale,Deux véhicules - côté,,,,,,,,,,,1,2,1,1,3
200600035926,0006-06-02 12:10:00,6,6,2,12,10,780,498,"26, GAMBETTA BD",,,Plein jour,En agglomération,Hors intersection,Normale,Deux véhicules - arrière,,,,,,,,,,,1,2,1,1,2
200600035927,0006-06-07 22:10:00,6,6,7,22,10,780,498,RD30,,,Nuit avec éclairage allumé,Hors agglomération,Hors intersection,Normale,Deux véhicules - côté,,,,,,,,,,,5,1,1,1,3
200600035928,0006-06-14 13:30:00,6,6,14,13,30,780,498,GAMBETTA BD,,,Plein jour,En agglomération,Intersection en X,Normale,Deux véhicules - côté,,,,,,,,,,,1,2,2,1,3
200600035929,0006-06-13 08:40:00,6,6,13,8,40,780,498,HUGO BD VICTOR,,,Plein jour,En agglomération,Hors intersection,Normale,Autre collision,,,,,,,,,,,1,2,1,1,6
200600035930,0006-06-17 12:25:00,6,6,17,12,25,780,498,MIGNEAUX RUE DE,,,Plein jour,Hors agglomération,Intersection en Y,Normale,Deux véhicules - côté,,,,,,,,,,,1,1,4,1,3
200600035931,0006-06-02 13:10:00,6,6,2,13,10,780,642,MALRAUX BD ANDRE,,,Plein jour,En agglomération,Intersection en X,Normale,Autre collision,,,,,,,,,,,1,2,2,1,6
200600035932,0006-06-11 12:30:00,6,6,11,12,30,780,642,MALRAUX BD ANDRE,,,Plein jour,En agglomération,Hors intersection,Normale,Autre collision,,,,,,,,,,,1,2,1,1,6
200600035933,0006-06-06 19:20:00,6,6,6,19,20,780,498,GAMBETTA BD,,,Plein jour,En agglomération,Intersection en T,Normale,Autre collision,,,,,,,,,,,1,2,3,1,6
200600035934,0006-06-22 07:20:00,6,6,22,7,20,780,123,BERTAUX RUE MAURICE,,,Plein jour,En agglomération,Hors intersection,Normale,Deux véhicules - frontale,,,,,,,,,,,1,2,1,1,1
200600035935,0006-06-25 13:20:00,6,6,25,13,20,780,498,RD30,,,Plein jour,Hors agglomération,Hors intersection,Pluie légère,Autre collision,,,,,,,,,,,1,1,1,2,6
200600035936,0006-06-27 09:00:00,6,6,27,9,0,780,498,BON ROI SAINT LOUIS AVEN,,,Plein jour,Hors agglomération,Hors intersection,Normale,Deux véhicules - arrière,,,,,,,,,,,1,1,1,1,2
200600035937,0006-06-29 09:00:00,6,6,29,9,0,780,498,RD30,,,Plein jour,Hors agglomération,Intersection en T,Normale,Deux véhicules - côté,,,,,,,,,,,1,1,3,1,3
200600035938,0006-06-02 18:30:00,6,6,2,18,30,780,498,EIFFEL RUE GUSTAVE,,,Plein jour,En agglomération,Hors intersection,Normale,Sans collision,,,,,,,,,,,1,2,1,1,7
200600035939,0006-06-26 11:50:00,6,6,26,11,50,780,624,"33, DOUMER RUE PAUL",,,Plein jour,En agglomération,Hors intersection,Normale,Sans collision,,,,,,,,,,,1,2,1,1,7
200600035940,0006-06-25 17:30:00,6,6,25,17,30,780,642,ROUILLARD CHEMIN DU,,,Plein jour,Hors agglomération,Hors intersection,Pluie légère,Deux véhicules - frontale,,,,,,,,,,,1,1,1,2,1
200600035941,0006-06-29 19:55:00,6,6,29,19,55,780,498,VILLIERS RUE DE,,,Plein jour,En agglomération,Hors intersection,Normale,Autre collision,,,,,,,,,,,1,2,1,1,6
200600035942,0006-06-15 08:40:00,6,6,15,8,40,780,498,VILLIERS RUE DE,,,Plein jour,En agglomération,Hors intersection,Pluie légère,Sans collision,,,,,,,,,,,1,2,1,2,7
200600035943,0006-06-05 12:50:00,6,6,5,12,50,780,123,"573, DAVID RUE",,,Plein jour,En agglomération,Hors intersection,Normale,Autre collision,,,,,,,,,,,1,2,1,1,6
200600035944,0006-06-16 16:30:00,6,6,16,16,30,780,498,SAINT LOUIS RUE,,,Plein jour,En agglomération,Hors intersection,Normale,Autre collision,,,,,,,,,,,1,2,1,1,6
200600035945,0006-06-20 18:25:00,6,6,20,18,25,780,498,BERTEAUX MAURICE AVENUE,,,Plein jour,Hors agglomération,Intersection en T,Normale,Autre collision,,,,,,,,,,,1,1,3,1,6
200600035946,0006-06-01 04:55:00,6,6,1,4,55,780,517,PARIS (AVENUE DE),,,Nuit avec éclairage allumé,En agglomération,Intersection en T,Normale,Deux véhicules - côté,,,,,,,,,,,5,2,3,1,3
200600035947,0006-06-02 10:50:00,6,6,2,10,50,780,517,"000, POMPIDOU (AVENUE GE",,,Plein jour,En agglomération,Hors intersection,Normale,Autre collision,,,,,,,,,,,1,2,1,1,6
200600035948,0006-06-07 23:45:00,6,6,7,23,45,780,220,"000, RN 10",,,Nuit avec éclairage allumé,Hors agglomération,Autre intersection,Normale,Deux véhicules - arrière,,,,,,,,,,,5,1,9,1,2
200600035949,0006-06-12 08:30:00,6,6,12,8,30,780,517,"00000, DEMANGE (RUE PAUL",,,Plein jour,Hors agglomération,Intersection en T,Normale,Deux véhicules - frontale,,,,,,,,,,,1,1,3,1,1
200600035950,0006-06-16 23:40:00,6,6,16,23,40,780,517,RN 10,,,Nuit avec éclairage allumé,Hors agglomération,Hors intersection,Normale,Deux véhicules - arrière,,,,,,,,,,,5,1,1,1,2
200600035951,0006-06-28 02:15:00,6,6,28,2,15,780,486,RN 10,,,Nuit sans éclairage public,Hors agglomération,Hors intersection,Normale,Sans collision,,,,,,,,,,,3,1,1,1,7
200600035952,0006-06-02 10:55:00,6,6,2,10,55,780,242,REPUBLIQUE (AVENUE DE LA,,,Plein jour,En agglomération,Giratoire,Normale,Autre collision,,,,,,,,,,,1,2,6,1,6
200600035953,0006-06-04 19:15:00,6,6,4,19,15,780,551,RN 184,,,Plein jour,Hors agglomération,Intersection en X,Normale,Deux véhicules - côté,,,,,,,,,,,1,1,2,1,3
200600035954,0006-06-02 15:40:00,6,6,2,15,40,780,586,MICHELET,,,Plein jour,En agglomération,Intersection en T,Normale,Deux véhicules - côté,,,,,,,,,,,1,2,3,1,3
200600035955,0006-06-09 13:10:00,6,6,9,13,10,780,586,MERMOZ (JEAN),,,Plein jour,En agglomération,Hors intersection,Temps couvert,Trois véhicules et plus - en chaîne,,,,,,,,,,,1,2,1,8,4
200600035956,0006-06-10 18:05:00,6,6,10,18,5,780,586,REPUBLIQUE (AVENUE) N° P,,,Plein jour,En agglomération,Hors intersection,Normale,Autre collision,,,,,,,,,,,1,2,1,1,6
200600035957,0006-06-12 18:35:00,6,6,12,18,35,780,586,BERT (PAUL) N° IMPAIR,,,Plein jour,En agglomération,Hors intersection,Normale,Autre collision,,,,,,,,,,,1,2,1,1,6
200600035958,0006-06-14 07:50:00,6,6,14,7,50,780,586,JAURES (ALLEE JEAN),,,Crépuscule ou aube,En agglomération,Intersection en T,Normale,Deux véhicules - côté,,,,,,,,,,,2,2,3,1,3
200600035959,0006-06-14 12:30:00,6,6,14,12,30,780,586,PONTOISE,,,Plein jour,En agglomération,Hors intersection,Normale,Autre collision,,,,,,,,,,,1,2,1,1,6
200600035960,0006-06-17 11:50:00,6,6,17,11,50,780,586,TOBROUK,,,Plein jour,En agglomération,Intersection en X,Normale,Autre collision,,,,,,,,,,,1,2,2,1,6
200600035961,0006-06-17 20:30:00,6,6,17,20,30,780,586,REPUBLIQUE (AVENUE) N° I,,,Plein jour,En agglomération,Intersection en T,Normale,Deux véhicules - côté,,,,,,,,,,,1,2,3,1,3
200600035962,0006-06-18 11:20:00,6,6,18,11,20,780,586,"61, DUQUESNE",,,Plein jour,En agglomération,Hors intersection,Normale,Autre collision,,,,,,,,,,,1,2,1,1,6
200600035963,0006-06-23 10:50:00,6,6,23,10,50,780,586,BEZONS N°21 A 163 ET N°2,,,Plein jour,En agglomération,Intersection en X,Normale,Deux véhicules - côté,,,,,,,,,,,1,2,2,1,3
200600035964,0006-06-27 08:10:00,6,6,27,8,10,780,586,CORMEILLES N° IMPAIR,,,Plein jour,En agglomération,Hors intersection,Normale,Deux véhicules - côté,,,,,,,,,,,1,2,1,1,3
200600035965,0006-06-29 15:20:00,6,6,29,15,20,780,586,MERMOZ (JEAN),,,Plein jour,En agglomération,Intersection en X,Normale,Deux véhicules - côté,,,,,,,,,,,1,2,2,1,3
200600035966,0006-06-08 14:45:00,6,6,8,14,45,780,621,HOCHE (AVENUE),,,Plein jour,En agglomération,Hors intersection,Normale,Autre collision,,,,,,,,,,,1,2,1,1,6
200600035967,0006-06-15 06:30:00,6,6,15,6,30,780,621,VERLAINE (RUE PAUL),,,Crépuscule ou aube,En agglomération,Intersection en T,Pluie légère,Autre collision,,,,,,,,,,,2,2,3,2,6
200600035968,0006-06-28 17:45:00,6,6,28,17,45,780,621,NATIONALE 10   (ROUTE),,,Plein jour,Hors agglomération,Hors intersection,Normale,Trois véhicules et plus - collisions multiples,,,,,,,,,,,1,1,1,1,5
200600035969,0006-06-03 19:40:00,6,6,3,19,40,780,686,GENERAL LECLERC (AVENUE,,,Plein jour,En agglomération,Hors intersection,Normale,Deux véhicules - côté,,,,,,,,,,,1,2,1,1,3
200600035970,0006-06-07 17:15:00,6,6,7,17,15,780,686,"41, GENERAL LECLERC (AVE",,,Plein jour,En agglomération,Hors intersection,Normale,Autre collision,,,,,,,,,,,1,2,1,1,6
200600035971,0006-06-09 09:05:00,6,6,9,9,5,780,686,"172, GENERAL LECLERC (AV",,,Plein jour,En agglomération,Hors intersection,Normale,Trois véhicules et plus - collisions multiples,,,,,,,,,,,1,2,1,1,5
200600035972,0006-06-09 21:30:00,6,6,9,21,30,780,686,JEAN REY (RUE),,,Plein jour,En agglomération,Intersection en T,Normale,Deux véhicules - côté,,,,,,,,,,,1,2,3,1,3
200600035973,0006-06-12 15:00:00,6,6,12,15,0,780,686,FETE (PLACE DE LA),,,Plein jour,En agglomération,Intersection en T,Normale,Deux véhicules - côté,,,,,,,,,,,1,2,3,1,3
200600035974,0006-06-20 09:00:00,6,6,20,9,0,780,686,JOUY (RUE DE),,,Plein jour,En agglomération,Hors intersection,Normale,Deux véhicules - frontale,,,,,,,,,,,1,2,1,1,1
200600035975,0006-06-24 10:57:00,6,6,24,10,57,780,686,GENERAL LECLERC (AVENUE,,,Plein jour,En agglomération,Hors intersection,Normale,Autre collision,,,,,,,,,,,1,2,1,1,6
200600035976,0006-06-28 15:40:00,6,6,28,15,40,780,640,ROBERT WAGNER (AVENUE),,,Plein jour,En agglomération,Hors intersection,Normale,Deux véhicules - côté,,,,,,,,,,,1,2,1,1,3
200600035977,0006-06-06 11:25:00,6,6,6,11,25,780,646,SAINT CYR (ROUTE DE),,,Plein jour,Hors agglomération,Intersection en T,Normale,Deux véhicules - côté,,,,,,,,,,,1,1,3,1,3
200600035978,0006-06-07 08:15:00,6,6,7,8,15,780,646,"Neant, Route des Docks",,,Plein jour,En agglomération,Hors intersection,Normale,Deux véhicules - côté,,,,,,,,,,,1,2,1,1,3
200600035979,0006-06-07 14:15:00,6,6,7,14,15,780,646,SAINT CLOUD (AVENUE DE),,,Plein jour,En agglomération,Hors intersection,Normale,Deux véhicules - côté,,,,,,,,,,,1,2,1,1,3
200600035980,0006-06-07 19:15:00,6,6,7,19,15,780,646,"34, PONT COLBERT (RUE DU",,,Plein jour,En agglomération,Hors intersection,Normale,Deux véhicules - côté,,,,,,,,,,,1,2,1,1,3
200600035981,0006-06-08 20:05:00,6,6,8,20,5,780,343,"14, LA COCANNE (RUE)",,,Plein jour,En agglomération,Hors intersection,Normale,Deux véhicules - côté,,,,,,,,,,,1,2,1,1,3
200600035982,0006-06-13 22:20:00,6,6,13,22,20,780,158,REDINGOTE (CARREFOUR DE,,,Nuit avec éclairage allumé,En agglomération,Giratoire,Pluie légère,Autre collision,,,,,,,,,,,5,2,6,2,6
200600035983,0006-06-13 17:45:00,6,6,13,17,45,780,158,GLATIGNY (RUE DE),,,Plein jour,En agglomération,Intersection en T,Normale,Deux véhicules - côté,,,,,,,,,,,1,2,3,1,3
200600035984,0006-06-16 17:40:00,6,6,16,17,40,780,646,"0, PARIS (AVENUE DE)",,,Plein jour,En agglomération,Hors intersection,Normale,Deux véhicules - côté,,,,,,,,,,,1,2,1,1,3
200600035985,0006-06-19 16:35:00,6,6,19,16,35,780,646,"7, M. DE LATTRE DE TASSI",,,Plein jour,En agglomération,Hors intersection,Normale,Deux véhicules - côté,,,,,,,,,,,1,2,1,1,3
200600035986,0006-06-21 00:25:00,6,6,21,0,25,780,646,GENERAL DE GAULLE (AVENU,,,Nuit avec éclairage allumé,En agglomération,Hors intersection,Pluie légère,Deux véhicules - arrière,,,,,,,,,,,5,2,1,2,2
200600035987,0006-06-22 16:30:00,6,6,22,16,30,780,646,CHANTIERS (RUE DES),,,Plein jour,En agglomération,Intersection en X,Normale,Autre collision,,,,,,,,,,,1,2,2,1,6
200600035988,0006-06-23 13:00:00,6,6,23,13,0,780,646,"0, ECOLE DES POSTES (RUE",,,Plein jour,En agglomération,Intersection en T,Normale,Autre collision,,,,,,,,,,,1,2,3,1,6
200600035989,0006-06-27 13:45:00,6,6,27,13,45,780,646,"64, MARECHAL FOCH (RUE D",,,Plein jour,En agglomération,Hors intersection,Normale,Autre collision,,,,,,,,,,,1,2,1,1,6
200600035990,0006-06-28 12:00:00,6,6,28,12,0,780,646,"54, MONTREUIL (RUE DE)",,,Plein jour,En agglomération,Hors intersection,Normale,Autre collision,,,,,,,,,,,1,2,1,1,6
200600035991,0006-06-13 13:15:00,6,6,13,13,15,780,646,GENERAL LECLERC (RUE DU),,,Plein jour,En agglomération,Hors intersection,Normale,Autre collision,,,,,,,,,,,1,2,1,1,6
200600035992,0006-06-12 09:30:00,6,6,12,9,30,780,146,"06, LARCHER (AVENUE)",,,Plein jour,En agglomération,Hors intersection,Normale,Autre collision,,,,,,,,,,,1,2,1,1,6
200600035993,0006-06-30 12:00:00,6,6,30,12,0,780,418,"114, PAUL DOUMER (AVENUE",,,Plein jour,En agglomération,Hors intersection,Normale,Deux véhicules - arrière,,,,,,,,,,,1,2,1,1,2
200600035994,0006-06-23 21:40:00,6,6,23,21,40,790,191,"14, PAUL BERT",,,Crépuscule ou aube,En agglomération,Intersection en T,Normale,Deux véhicules - côté,,,,,,,,,,,2,2,3,1,3
200600035995,0006-06-07 09:15:00,6,6,7,9,15,790,191,"45, GAMBETTA",,,Plein jour,En agglomération,Hors intersection,Normale,Sans collision,,,,,,,,,,,1,2,1,1,7
200600035996,0006-06-05 19:35:00,6,6,5,19,35,790,329,"81, PARTHENAY (ROUTE DE)",,,Plein jour,En agglomération,Intersection en T,Normale,Deux véhicules - côté,,,,,,,,,,,1,2,3,1,3
200600035997,0006-06-20 07:40:00,6,6,20,7,40,790,329,CORNET (LE GRAND),,,Plein jour,Hors agglomération,Intersection en X,Normale,Deux véhicules - côté,,,,,,,,,,,1,1,2,1,3
200600035998,0006-06-24 18:14:00,6,6,24,18,14,790,329,"12, DILIGENCE (RUE DE LA",,,Plein jour,En agglomération,Intersection en X,Normale,Deux véhicules - côté,,,,,,,,,,,1,2,2,1,3
200600035999,0006-06-27 20:44:00,6,6,27,20,44,790,329,BASSET (RUE DU DOCTEUR),,,Plein jour,Hors agglomération,Hors intersection,Normale,Sans collision,,,,,,,,,,,1,1,1,1,7
200600036000,0006-06-28 09:40:00,6,6,28,9,40,800,1,"3, GRANDES ECOLES (des)",,,Plein jour,En agglomération,Hors intersection,Normale,Autre collision,,,,,,,,,,,1,2,1,1,6
200600036001,0006-06-01 09:10:00,6,6,1,9,10,800,21,"0, VALLEE (RUE DE LA )",,,Plein jour,En agglomération,Hors intersection,Normale,Autre collision,,,,,,,,,,,1,2,1,1,6
200600036002,0006-06-01 11:45:00,6,6,1,11,45,800,21,"111, GENERAL FOY (AVENUE",,,Plein jour,En agglomération,Hors intersection,Normale,Autre collision,,,,,,,,,,,1,2,1,1,6
200600036003,0006-06-01 08:15:00,6,6,1,8,15,800,21,"27, BAPAUME (BOULEVARD D",,,Plein jour,En agglomération,Hors intersection,Normale,Deux véhicules - arrière,,,,,,,,,,,1,2,1,1,2
200600036004,0006-06-06 23:20:00,6,6,6,23,20,800,21,"25, FEDERES (BOULEVARD D",,,Nuit avec éclairage allumé,En agglomération,Intersection en X,Normale,Trois véhicules et plus - collisions multiples,,,,,,,,,,,5,2,2,1,5
200600036005,0006-06-02 09:00:00,6,6,2,9,0,800,21,"0, BAPAUME (BOULEVARD DE",,,Plein jour,En agglomération,Hors intersection,Normale,Deux véhicules - arrière,,,,,,,,,,,1,2,1,1,2
200600036006,0006-06-02 18:05:00,6,6,2,18,5,800,21,"232, LUCIEN LECOINTE (RU",,,Plein jour,En agglomération,Hors intersection,Normale,Deux véhicules - côté,,,,,,,,,,,1,2,1,1,3
200600036007,0006-06-03 13:05:00,6,6,3,13,5,800,21,"0, JACOBINS (RUE DES)",,,Plein jour,En agglomération,Hors intersection,Normale,Sans collision,,,,,,,,,,,1,2,1,1,7
200600036008,0006-06-03 12:50:00,6,6,3,12,50,800,21,"0, DARLINGTON (SQUARE DE",,,Plein jour,En agglomération,Hors intersection,Normale,Deux véhicules - frontale,,,,,,,,,,,1,2,1,1,1
200600036009,0006-06-05 10:30:00,6,6,5,10,30,800,21,"0, MARECHAL JOFFRE (PLAC",,,Plein jour,En agglomération,Hors intersection,Normale,Autre collision,,,,,,,,,,,1,2,1,1,6
200600036010,0006-06-07 16:45:00,6,6,7,16,45,800,21,"0, SAINT PIERRE (ETANG)",,,Plein jour,En agglomération,Autre intersection,Normale,Autre collision,,,,,,,,,,,1,2,9,1,6
200600036011,0006-06-10 00:10:00,6,6,10,0,10,800,21,"0, JULES BARNI (RUE)",,,Nuit avec éclairage allumé,En agglomération,Intersection en T,Normale,Deux véhicules - côté,,,,,,,,,,,5,2,3,1,3
200600036012,0006-06-11 21:15:00,6,6,11,21,15,800,21,"0, LEMERCHIER (RUE)",,,Plein jour,En agglomération,Hors intersection,Normale,Sans collision,,,,,,,,,,,1,2,1,1,7
200600036013,0006-06-11 19:35:00,6,6,11,19,35,800,21,"36, PEPINIERE (RUE DE LA",,,Plein jour,En agglomération,Hors intersection,Normale,Deux véhicules - côté,,,,,,,,,,,1,2,1,1,3
200600036014,0006-06-09 22:30:00,6,6,9,22,30,800,21,BEAUVILLE NORD (BOULEVAR,,,Nuit avec éclairage allumé,En agglomération,Hors intersection,Normale,Autre collision,,,,,,,,,,,5,2,1,1,6
200600036015,0006-06-09 17:00:00,6,6,9,17,0,800,21,BEAUVILLE NORD (BOULEVAR,,,Plein jour,En agglomération,Hors intersection,Normale,Autre collision,,,,,,,,,,,1,2,1,1,6
200600036016,0006-06-09 16:50:00,6,6,9,16,50,800,21,"5, PARIS (RUE DE)",,,Plein jour,En agglomération,Hors intersection,Normale,Sans collision,,,,,,,,,,,1,2,1,1,7
200600036017,0006-06-12 08:30:00,6,6,12,8,30,800,21,"52, DOCTEUR LENOEL (RUE",,,Plein jour,En agglomération,Hors intersection,Normale,Deux véhicules - arrière,,,,,,,,,,,1,2,1,1,2
200600036018,0006-06-14 19:20:00,6,6,14,19,20,800,21,"0, JULES FERRY (CHAUSSEE",,,Plein jour,En agglomération,Hors intersection,Pluie légère,Sans collision,,,,,,,,,,,1,2,1,2,7
200600036019,0006-06-14 11:20:00,6,6,14,11,20,800,21,"83, SAINT FUSCIEN (RUE)",,,Plein jour,En agglomération,Hors intersection,Normale,Autre collision,,,,,,,,,,,1,2,1,1,6
200600036020,0006-06-13 12:10:00,6,6,13,12,10,800,21,"172, JEAN JAURES (RUE)",,,Plein jour,En agglomération,Hors intersection,Normale,Autre collision,,,,,,,,,,,1,2,1,1,6
200600036021,0006-06-15 13:10:00,6,6,15,13,10,800,21,"4, GENERAL LECLERC (RUE",,,Plein jour,En agglomération,Hors intersection,Normale,Autre collision,,,,,,,,,,,1,2,1,1,6
200600036022,0006-06-15 16:50:00,6,6,15,16,50,800,21,"0, MARECHAL DE LATTRE DE",,,Plein jour,En agglomération,Hors intersection,Normale,Deux véhicules - arrière,,,,,,,,,,,1,2,1,1,2
200600036023,0006-06-17 11:00:00,6,6,17,11,0,800,21,"0, MONMIGNON (IMPASSE)",,,Plein jour,Hors agglomération,Hors intersection,Normale,Deux véhicules - frontale,,,,,,,,,,,1,1,1,1,1
200600036024,0006-06-16 16:30:00,6,6,16,16,30,800,21,ROCADE NORD EST RN 25,,,Plein jour,Hors agglomération,Hors intersection,Normale,Deux véhicules - côté,,,,,,,,,,,1,1,1,1,3
200600036025,0006-06-16 03:15:00,6,6,16,3,15,800,21,"0, DODANE (RUE DE LA)",,,Nuit avec éclairage allumé,En agglomération,Hors intersection,Normale,Autre collision,,,,,,,,,,,5,2,1,1,6
200600036026,0006-06-16 18:10:00,6,6,16,18,10,800,21,"8, MARIVAUX (RUE)",,,Plein jour,En agglomération,Hors intersection,Normale,Deux véhicules - côté,,,,,,,,,,,1,2,1,1,3
200600036027,0006-06-20 18:40:00,6,6,20,18,40,800,21,"4, ROGER SALENGRO (MAIL)",,,Plein jour,En agglomération,Hors intersection,Normale,Autre collision,,,,,,,,,,,1,2,1,1,6
200600036028,0006-06-21 14:45:00,6,6,21,14,45,800,724,"0, JEAN CATELAS (RUE)",,,Plein jour,En agglomération,Hors intersection,Normale,Sans collision,,,,,,,,,,,1,2,1,1,7
200600036029,0006-06-22 01:40:00,6,6,22,1,40,800,21,"0, DEUX PONTS (RUE DES)",,,Nuit avec éclairage allumé,En agglomération,Hors intersection,Normale,Autre collision,,,,,,,,,,,5,2,1,1,6
200600036030,0006-06-21 17:15:00,6,6,21,17,15,800,21,"0, PAUL CLAUDEL (AVENUE)",,,Plein jour,En agglomération,Hors intersection,Pluie légère,Deux véhicules - arrière,,,,,,,,,,,1,2,1,2,2
200600036031,0006-06-21 08:20:00,6,6,21,8,20,800,21,"10, ABBAYE (RUE DE L')",,,Plein jour,En agglomération,Hors intersection,Normale,Deux véhicules - frontale,,,,,,,,,,,1,2,1,1,1
200600036032,0006-06-24 07:15:00,6,6,24,7,15,800,164,CORBIE (ROUTE),,,Plein jour,Hors agglomération,Hors intersection,Temps éblouissant,Trois véhicules et plus - collisions multiples,,,,,,,,,,,1,1,1,7,5
200600036033,0006-06-23 17:50:00,6,6,23,17,50,800,21,"0, ALSACE LORRAINE (BOUL",,,Plein jour,En agglomération,Hors intersection,Normale,Trois véhicules et plus - collisions multiples,,,,,,,,,,,1,2,1,1,5
200600036034,0006-06-24 15:55:00,6,6,24,15,55,800,21,QUATORZE JUILLET 1789 (A,,,Plein jour,En agglomération,Hors intersection,Normale,Deux véhicules - arrière,,,,,,,,,,,1,2,1,1,2
200600036035,0006-06-24 23:05:00,6,6,24,23,5,800,725,"59, PASTEUR (RUE)",,,Nuit avec éclairage allumé,En agglomération,Hors intersection,Normale,Autre collision,,,,,,,,,,,5,2,1,1,6
200600036036,0006-06-26 08:35:00,6,6,26,8,35,800,21,"0, FLORIMONT  LEROUX (RU",,,Plein jour,En agglomération,Intersection en X,Normale,Deux véhicules - côté,,,,,,,,,,,1,2,2,1,3
200600036037,0006-06-26 18:10:00,6,6,26,18,10,800,379,"0, GEANT (ZONE COMMERCIA",,,Plein jour,En agglomération,Hors intersection,Normale,Autre collision,,,,,,,,,,,1,2,1,1,6
200600036038,0006-06-28 18:05:00,6,6,28,18,5,800,489,"0, PRES (RUE DES)",,,Plein jour,En agglomération,Hors intersection,Normale,Autre collision,,,,,,,,,,,1,2,1,1,6
200600036039,0006-06-30 22:05:00,6,6,30,22,5,800,21,"16, RAYMOND GOURDAIN (RU",,,Crépuscule ou aube,En agglomération,Hors intersection,Normale,Autre collision,,,,,,,,,,,2,2,1,1,6
200600036040,0006-06-30 17:15:00,6,6,30,17,15,800,21,"0, FEDERES (BOULEVARD DE",,,Plein jour,En agglomération,Hors intersection,Normale,Deux véhicules - arrière,,,,,,,,,,,1,2,1,1,2
200600036041,0006-06-30 15:40:00,6,6,30,15,40,800,21,"81, ALBERT 1ER (MAIL)",,,Plein jour,En agglomération,Hors intersection,Normale,Autre collision,,,,,,,,,,,1,2,1,1,6
200600036042,0006-06-18 21:00:00,6,6,18,21,0,810,257,VALLEE ( ROUTE DE LA ),,,Plein jour,Hors agglomération,Hors intersection,Normale,Deux véhicules - côté,,,,,,,,,,,1,1,1,1,3
200600036043,0006-06-28 00:25:00,6,6,28,0,25,810,4,ROCADE RN88 EST,,,Nuit sans éclairage public,Hors agglomération,Hors intersection,Pluie légère,Sans collision,,,,,,,,,,,3,1,1,2,7
200600036044,0006-06-02 10:15:00,6,6,2,10,15,810,65,"59, LAUTREC RD 83 ( AVEN",,,Plein jour,En agglomération,Hors intersection,Normale,Deux véhicules - côté,,,,,,,,,,,1,2,1,1,3
200600036045,0006-06-02 13:30:00,6,6,2,13,30,810,65,"49, REY (RUE DU)",,,Plein jour,En agglomération,Hors intersection,Normale,Autre collision,,,,,,,,,,,1,2,1,1,6
200600036046,0006-06-03 17:05:00,6,6,3,17,5,810,65,ROQUECOURBE (AV. DE),,,Plein jour,Hors agglomération,Intersection en T,Normale,Deux véhicules - côté,,,,,,,,,,,1,1,3,1,3
200600036047,0006-06-05 19:30:00,6,6,5,19,30,810,65,"40, CORBIERE (ALL.)",,,Plein jour,En agglomération,Intersection en T,Normale,Deux véhicules - côté,,,,,,,,,,,1,2,3,1,3
200600036048,0006-06-07 07:45:00,6,6,7,7,45,810,65,"16, DE GAULLE RD 612 (AV",,,Plein jour,En agglomération,Hors intersection,Normale,Deux véhicules - arrière,,,,,,,,,,,1,2,1,1,2
200600036049,0006-06-07 17:15:00,6,6,7,17,15,810,65,"4, DE GAULLE RD 612 (AV.",,,Plein jour,En agglomération,Intersection en T,Normale,Deux véhicules - côté,,,,,,,,,,,1,2,3,1,3
200600036050,0006-06-23 17:45:00,6,6,23,17,45,810,65,"48, SIZAIRE (BD.HENRI)",,,Plein jour,En agglomération,Hors intersection,Normale,Autre collision,,,,,,,,,,,1,2,1,1,6