accident_id,datetime,annee,mois,jour,heure,minute,departement,commune_insee,adresse,latitude,longitude,luminosite,agglomeration,intersection,meteo,collision,nb_vehicules,nb_usagers,nb_indemnes,nb_tues,nb_blesses_hosp,nb_blesses_legers,age_cond_1,age_cond_2,veh_type_cond_1,veh_type_cond_2,lum_code,agg_code,int_code,atm_code,col_code
200600036184,0006-06-08 23:30:00,6,6,8,23,30,860,194,ANATOLE FRANCE (BOULEVAR,,,Nuit avec éclairage allumé,En agglomération,Intersection en X,Normale,Deux véhicules - côté,,,,,,,,,,,5,2,2,1,3
200600036185,0006-06-11 16:55:00,6,6,11,16,55,860,157,"., PENETRANTE EST",,,Plein jour,Hors agglomération,Hors intersection,Normale,Autre collision,,,,,,,,,,,1,1,1,1,6
200600036186,0006-06-11 19:15:00,6,6,11,19,15,860,194,"44-46, MONTBERNAGE (COTE",,,Plein jour,En agglomération,Hors intersection,Normale,Autre collision,,,,,,,,,,,1,2,1,1,6
200600036187,0006-06-12 15:45:00,6,6,12,15,45,860,194,JOHN KENNEDY (AVENUE),,,Plein jour,En agglomération,Hors intersection,Normale,Deux véhicules - arrière,,,,,,,,,,,1,2,1,1,2
200600036188,0006-06-13 13:40:00,6,6,13,13,40,860,194,"141, NANTES (AVENUE DE)",,,Plein jour,En agglomération,Hors intersection,Normale,Deux véhicules - arrière,,,,,,,,,,,1,2,1,1,2
200600036189,0006-06-15 20:55:00,6,6,15,20,55,860,194,ROCADE OUEST (RN10),,,Plein jour,Hors agglomération,Hors intersection,Normale,Autre collision,,,,,,,,,,,1,1,1,1,6
200600036190,0006-06-17 16:10:00,6,6,17,16,10,860,194,ROBERT SCHUMAN (AVENUE),,,Plein jour,En agglomération,Intersection en X,Normale,Deux véhicules - côté,,,,,,,,,,,1,2,2,1,3
200600036191,0006-06-17 22:45:00,6,6,17,22,45,860,214,"35, BERLONNIERE (RUE DE",,,Nuit sans éclairage public,En agglomération,Hors intersection,Normale,Autre collision,,,,,,,,,,,3,2,1,1,6
200600036192,0006-06-18 08:55:00,6,6,18,8,55,860,194,"41, PONT ACHARD (BOULEVA",,,Plein jour,En agglomération,Hors intersection,Normale,Deux véhicules - côté,,,,,,,,,,,1,2,1,1,3
200600036193,0006-06-19 18:55:00,6,6,19,18,55,860,194,NANTES (AVENUE DE),,,Plein jour,En agglomération,Intersection en X,Normale,Deux véhicules - côté,,,,,,,,,,,1,2,2,1,3
200600036194,0006-06-19 20:15:00,6,6,19,20,15,860,158,,,,Plein jour,Hors agglomération,Hors intersection,Normale,Deux véhicules - côté,,,,,,,,,,,1,1,1,1,3
200600036195,0006-06-22 01:20:00,6,6,22,1,20,860,194,JOHN KENNEDY (AVENUE),,,Nuit avec éclairage allumé,En agglomération,Hors intersection,Pluie légère,Autre collision,,,,,,,,,,,5,2,1,2,6
200600036196,0006-06-22 17:30:00,6,6,22,17,30,860,194,"29, PAUL VERLAINE (RUE)",,,Plein jour,En agglomération,Hors intersection,Normale,Autre collision,,,,,,,,,,,1,2,1,1,6
200600036197,0006-06-26 08:40:00,6,6,26,8,40,860,194,"12, SOLFERINO (BOULEVARD",,,Plein jour,En agglomération,Hors intersection,Normale,Deux véhicules - arrière,,,,,,,,,,,1,2,1,1,2
200600036198,0006-06-26 13:50:00,6,6,26,13,50,860,214,ROCADE SUD EST (RD 162),,,Plein jour,En agglomération,Hors intersection,Normale,Deux véhicules - arrière,,,,,,,,,,,1,2,1,1,2
200600036199,0006-06-27 17:40:00,6,6,27,17,40,860,194,"180, LIBERATION (AVENUE",,,Plein jour,En agglomération,Hors intersection,Normale,Autre collision,,,,,,,,,,,1,2,1,1,6
200600036200,0006-06-28 01:10:00,6,6,28,1,10,860,41,ROUTE DE LESSART,,,Nuit avec éclairage allumé,Hors agglomération,Hors intersection,Normale,Autre collision,,,,,,,,,,,5,1,1,1,6
200600036201,0006-06-28 12:35:00,6,6,28,12,35,860,158,"., Rue de Chardonchamps",,,Plein jour,En agglomération,Intersection en T,Normale,Deux véhicules - côté,,,,,,,,,,,1,2,3,1,3
200600036202,0006-06-01 16:34:00,6,6,1,16,34,870,85,MAS-BILIER (RUE DU),,,Plein jour,Hors agglomération,Giratoire,Normale,Deux véhicules - côté,,,,,,,,,,,1,1,6,1,3
200600036203,0006-06-02 15:35:00,6,6,2,15,35,870,48,RD 11,,,Plein jour,Hors agglomération,Hors intersection,Normale,Sans collision,,,,,,,,,,,1,1,1,1,7
200600036204,0006-06-02 18:30:00,6,6,2,18,30,870,85,"6, GOUFFIER DE LASTOURS",,,Plein jour,En agglomération,Intersection en X,Normale,Deux véhicules - côté,,,,,,,,,,,1,2,2,1,3
200600036205,0006-06-03 11:49:00,6,6,3,11,49,870,85,"270, TOULOUSE (RUE DE)",,,Plein jour,En agglomération,Hors intersection,Normale,Deux véhicules - côté,,,,,,,,,,,1,2,1,1,3
200600036206,0006-06-03 15:40:00,6,6,3,15,40,870,85,"2, BAUDIN (AVENUE)",,,Plein jour,En agglomération,Hors intersection,Normale,Autre collision,,,,,,,,,,,1,2,1,1,6
200600036207,0006-06-04 05:00:00,6,6,4,5,0,870,85,"2, SCHUMAN (BOULEVARD RO",,,Nuit avec éclairage allumé,En agglomération,Hors intersection,Normale,Autre collision,,,,,,,,,,,5,2,1,1,6
200600036208,0006-06-06 15:13:00,6,6,6,15,13,870,65,"6, MERMOZ (RUE JEAN-)",,,Plein jour,En agglomération,Hors intersection,Normale,Autre collision,,,,,,,,,,,1,2,1,1,6
200600036209,0006-06-07 14:00:00,6,6,7,14,0,870,85,"31, ANTONY (RUE  ET CHEM",,,Plein jour,En agglomération,Intersection en T,Normale,Deux véhicules - côté,,,,,,,,,,,1,2,3,1,3
200600036210,0006-06-08 13:40:00,6,6,8,13,40,870,85,DUMAS (AVENUE GEORGES),,,Plein jour,En agglomération,Intersection en X,Normale,Deux véhicules - frontale,,,,,,,,,,,1,2,2,1,1
200600036211,0006-06-08 15:00:00,6,6,8,15,0,870,65,INDUSTRIE (CARREFOUR DE,,,Plein jour,En agglomération,Hors intersection,Normale,Autre collision,,,,,,,,,,,1,2,1,1,6
200600036212,0006-06-08 14:00:00,6,6,8,14,0,870,114,WALLON (AVENUE HENRI-),,,Plein jour,En agglomération,Intersection en T,Normale,Deux véhicules - côté,,,,,,,,,,,1,2,3,1,3
200600036213,0006-06-08 19:40:00,6,6,8,19,40,870,85,"2, BAC (RUE THEODORE)",,,Crépuscule ou aube,En agglomération,Hors intersection,Normale,Autre collision,,,,,,,,,,,2,2,1,1,6
200600036214,0006-06-08 23:50:00,6,6,8,23,50,870,85,"19, CITE (BOULEVARD)",,,Nuit avec éclairage allumé,En agglomération,Hors intersection,Normale,Autre collision,,,,,,,,,,,5,2,1,1,6
200600036215,0006-06-09 08:40:00,6,6,9,8,40,870,85,"120, LOUYAT (AVENUE DE)",,,Plein jour,En agglomération,Hors intersection,Normale,Autre collision,,,,,,,,,,,1,2,1,1,6
200600036216,0006-06-10 13:05:00,6,6,10,13,5,870,85,"70, HOCHE (RUE)",,,Plein jour,En agglomération,Intersection en X,Normale,Deux véhicules - côté,,,,,,,,,,,1,2,2,1,3
200600036217,0006-06-11 05:25:00,6,6,11,5,25,870,85,"2, DUMONT (RUE HENRI)",,,Nuit avec éclairage allumé,En agglomération,Hors intersection,Normale,Autre collision,,,,,,,,,,,5,2,1,1,6
200600036218,0006-06-12 08:45:00,6,6,12,8,45,870,85,"154, DUTREIX (RUE ARMAND",,,Plein jour,En agglomération,Hors intersection,Normale,Trois véhicules et plus - en chaîne,,,,,,,,,,,1,2,1,1,4
200600036219,0006-06-12 13:40:00,6,6,12,13,40,870,85,"24, SAINT ELOI (AVENUE)",,,Plein jour,En agglomération,Hors intersection,Normale,Deux véhicules - côté,,,,,,,,,,,1,2,1,1,3
200600036220,0006-06-12 12:10:00,6,6,12,12,10,870,75,D20,,,Plein jour,Hors agglomération,Hors intersection,Normale,Deux véhicules - arrière,,,,,,,,,,,1,1,1,1,2
200600036221,0006-06-12 18:55:00,6,6,12,18,55,870,85,"270, TOULOUSE (RUE DE)",,,Plein jour,En agglomération,Hors intersection,Normale,Deux véhicules - frontale,,,,,,,,,,,1,2,1,1,1
200600036222,0006-06-12 23:16:00,6,6,12,23,16,870,85,"12, BROUSSEAUD (RUE)",,,Nuit avec éclairage allumé,En agglomération,Hors intersection,Normale,Deux véhicules - côté,,,,,,,,,,,5,2,1,1,3
200600036223,0006-06-14 20:05:00,6,6,14,20,5,870,85,"39, GUERIN (RUE CAMILLE)",,,Plein jour,En agglomération,Hors intersection,Normale,Autre collision,,,,,,,,,,,1,2,1,1,6
200600036224,0006-06-15 01:24:00,6,6,15,1,24,870,85,"40, GAY-LUSSAC (COURS)",,,Nuit avec éclairage allumé,En agglomération,Hors intersection,Normale,Deux véhicules - côté,,,,,,,,,,,5,2,1,1,3
200600036225,0006-06-15 07:54:00,6,6,15,7,54,870,85,"18, JUIN (RUE DU MARECHA",,,Plein jour,En agglomération,Hors intersection,Normale,Autre collision,,,,,,,,,,,1,2,1,1,6
200600036226,0006-06-15 18:20:00,6,6,15,18,20,870,85,"21, BEAUBLANC (BOULEVARD",,,Plein jour,En agglomération,Hors intersection,Normale,Deux véhicules - côté,,,,,,,,,,,1,2,1,1,3
200600036227,0006-06-15 18:45:00,6,6,15,18,45,870,85,"22, LIBERATION (AVENUE D",,,Plein jour,En agglomération,Intersection en T,Normale,Autre collision,,,,,,,,,,,1,2,3,1,6
200600036228,0006-06-16 01:08:00,6,6,16,1,8,870,113,Route de SAINT PRIEST TA,,,Plein jour,Hors agglomération,Hors intersection,Normale,Autre collision,,,,,,,,,,,1,1,1,1,6
200600036229,0006-06-16 07:50:00,6,6,16,7,50,870,85,"50, MONTJOVIS (AVENUE)",,,Plein jour,En agglomération,Hors intersection,Normale,Autre collision,,,,,,,,,,,1,2,1,1,6
200600036230,0006-06-16 14:57:00,6,6,16,14,57,870,85,BUGEAUD (COURS),,,Plein jour,En agglomération,Intersection en T,Normale,Deux véhicules - côté,,,,,,,,,,,1,2,3,1,3
200600036231,0006-06-17 20:15:00,6,6,17,20,15,870,85,"21, BEAUBLANC (BOULEVARD",,,Plein jour,En agglomération,Intersection en T,Normale,Deux véhicules - côté,,,,,,,,,,,1,2,3,1,3
200600036232,0006-06-18 02:15:00,6,6,18,2,15,870,85,REVOLUTION (PONT DE LA),,,Nuit avec éclairage allumé,En agglomération,Intersection en X,Normale,Deux véhicules - frontale,,,,,,,,,,,5,2,2,1,1
200600036233,0006-06-18 19:41:00,6,6,18,19,41,870,85,AUTOROUTE A20,,,Plein jour,Hors agglomération,Hors intersection,Normale,Autre collision,,,,,,,,,,,1,1,1,1,6
200600036234,0006-06-19 14:01:00,6,6,19,14,1,870,85,"40, AMPHITHEATRE (RUE DE",,,Plein jour,En agglomération,Hors intersection,Normale,Deux véhicules - côté,,,,,,,,,,,1,2,1,1,3
200600036235,0006-06-20 05:30:00,6,6,20,5,30,870,75,"6, COURRIERES (ROUTE DES",,,Nuit avec éclairage non allumé,Hors agglomération,Hors intersection,Normale,Sans collision,,,,,,,,,,,4,1,1,1,7
200600036236,0006-06-21 19:55:00,6,6,21,19,55,870,85,"2, CITE (BOULEVARD)",,,Plein jour,En agglomération,Hors intersection,Normale,Trois véhicules et plus - en chaîne,,,,,,,,,,,1,2,1,1,4
200600036237,0006-06-22 13:24:00,6,6,22,13,24,870,65,"7, VALIN (AVENUE MARTIAL",,,Plein jour,En agglomération,Hors intersection,Normale,Trois véhicules et plus - en chaîne,,,,,,,,,,,1,2,1,1,4
200600036238,0006-06-23 12:15:00,6,6,23,12,15,870,85,AUTOROUTE A20,,,Plein jour,Hors agglomération,Hors intersection,Normale,Deux véhicules - arrière,,,,,,,,,,,1,1,1,1,2
200600036239,0006-06-24 17:32:00,6,6,24,17,32,870,85,SCHUMAN (BOULEVARD ROBER,,,Plein jour,En agglomération,Hors intersection,Normale,Deux véhicules - arrière,,,,,,,,,,,1,2,1,1,2
200600036240,0006-06-25 02:21:00,6,6,25,2,21,870,85,REVOLUTION (PONT DE LA),,,Nuit avec éclairage allumé,En agglomération,Intersection en X,Pluie légère,Deux véhicules - côté,,,,,,,,,,,5,2,2,2,3
200600036241,0006-06-25 10:20:00,6,6,25,10,20,870,75,RN 21,,,Plein jour,Hors agglomération,Hors intersection,Normale,Autre collision,,,,,,,,,,,1,1,1,1,6
200600036242,0006-06-25 11:00:00,6,6,25,11,0,870,85,RD 39,,,Plein jour,Hors agglomération,Hors intersection,Normale,Autre collision,,,,,,,,,,,1,1,1,1,6
200600036243,0006-06-26 16:50:00,6,6,26,16,50,870,85,SCHUMAN (BOULEVARD ROBER,,,Plein jour,En agglomération,Hors intersection,Pluie légère,Trois véhicules et plus - en chaîne,,,,,,,,,,,1,2,1,2,4
200600036244,0006-06-27 12:45:00,6,6,27,12,45,870,85,KING (AVENUE MARTIN LUTH,,,Plein jour,En agglomération,Hors intersection,Normale,Autre collision,,,,,,,,,,,1,2,1,1,6
200600036245,0006-06-27 17:00:00,6,6,27,17,0,870,85,GOUJAUD (QUAI LOUIS),,,Plein jour,Hors agglomération,Hors intersection,Normale,Sans collision,,,,,,,,,,,1,1,1,1,7
200600036246,0006-06-27 16:40:00,6,6,27,16,40,870,85,REVOLUTION (PONT DE LA),,,Plein jour,En agglomération,Intersection en X,Normale,Deux véhicules - côté,,,,,,,,,,,1,2,2,1,3
200600036247,0006-06-27 19:20:00,6,6,27,19,20,870,85,"1, BAKER ( Rue Joséphine",,,Crépuscule ou aube,En agglomération,Hors intersection,Normale,Autre collision,,,,,,,,,,,2,2,1,1,6
200600036248,0006-06-29 11:05:00,6,6,29,11,5,870,48,RD 11,,,Plein jour,Hors agglomération,Intersection en T,Normale,Deux véhicules - côté,,,,,,,,,,,1,1,3,1,3
200600036249,0006-06-29 17:06:00,6,6,29,17,6,870,85,VALIN (AVENUE DU GENERAL,,,Plein jour,En agglomération,Intersection à plus de 4 branches,Normale,Autre collision,,,,,,,,,,,1,2,5,1,6
200600036250,0006-06-30 00:40:00,6,6,30,0,40,870,85,ORADOUR SUR GLANE (CARRE,,,Nuit avec éclairage allumé,En agglomération,Hors intersection,Normale,Deux véhicules - côté,,,,,,,,,,,5,2,1,1,3
200600036251,0006-06-04 14:30:00,6,6,4,14,30,880,160,"25, CHIPOTTE (RUE DE LA)",,,Plein jour,En agglomération,Intersection en T,Normale,Deux véhicules - côté,,,,,,,,,,,1,2,3,1,3
200600036252,0006-06-07 07:45:00,6,6,7,7,45,880,209,"59, BOULAY (RUE)",,,Plein jour,En agglomération,Intersection en X,Normale,Deux véhicules - côté,,,,,,,,,,,1,2,2,1,3
200600036253,0006-06-17 11:15:00,6,6,17,11,15,880,209,"1, JEAN-JACQUES ROUSSEAU",,,Plein jour,En agglomération,Intersection en X,Normale,Deux véhicules - côté,,,,,,,,,,,1,2,2,1,3
200600036254,0006-06-20 12:15:00,6,6,20,12,15,880,209,"1, LOUVROIE (RUE DE LA)",,,Plein jour,En agglomération,Intersection en X,Normale,Deux véhicules - côté,,,,,,,,,,,1,2,2,1,3
200600036255,0006-06-20 07:45:00,6,6,20,7,45,880,160,"1, CAMUS (RUE ALBERT-)",,,Plein jour,En agglomération,Hors intersection,Normale,Autre collision,,,,,,,,,,,1,2,1,1,6
200600036256,0006-06-24 00:15:00,6,6,24,0,15,880,209,"69, LECLERC ( RUE GENERA",,,Nuit avec éclairage allumé,En agglomération,Hors intersection,Normale,Autre collision,,,,,,,,,,,5,2,1,1,6
200600036257,0006-06-24 22:20:00,6,6,24,22,20,880,160,"5, ESPACE COURS (CHAMPS",,,Crépuscule ou aube,En agglomération,Hors intersection,Normale,Autre collision,,,,,,,,,,,2,2,1,1,6
200600036258,0006-06-29 22:00:00,6,6,29,22,0,880,87,"28, LECLERC (RUE GENERAL",,,Crépuscule ou aube,En agglomération,Intersection en X,Normale,Deux véhicules - côté,,,,,,,,,,,2,2,2,1,3
200600036259,0006-06-28 22:40:00,6,6,28,22,40,880,413,RD 49,,,Nuit avec éclairage allumé,Hors agglomération,Hors intersection,Normale,Deux véhicules - frontale,,,,,,,,,,,5,1,1,1,1
200600036260,0006-06-14 11:45:00,6,6,14,11,45,890,24,"00, R.N.6",,,Plein jour,Hors agglomération,Hors intersection,Normale,Deux véhicules - côté,,,,,,,,,,,1,1,1,1,3
200600036261,0006-06-16 19:55:00,6,6,16,19,55,890,24,"12, CLAIRIONS (AVENUE DE",,,Plein jour,En agglomération,Hors intersection,Normale,Deux véhicules - arrière,,,,,,,,,,,1,2,1,1,2
200600036262,0006-06-06 01:15:00,6,6,6,1,15,890,387,"0, TARBE (COURS)",,,Nuit avec éclairage allumé,En agglomération,Hors intersection,Normale,Autre collision,,,,,,,,,,,5,2,1,1,6
200600036263,0006-06-06 16:40:00,6,6,6,16,40,890,342,"0, PARIS (RUE DE)",,,Plein jour,Hors agglomération,Intersection en X,Normale,Deux véhicules - côté,,,,,,,,,,,1,1,2,1,3
200600036264,0006-06-29 17:35:00,6,6,29,17,35,890,387,ECRIVAIN (RUE DE L'),,,Plein jour,En agglomération,Intersection en X,Normale,Deux véhicules - côté,,,,,,,,,,,1,2,2,1,3
200600036265,0006-06-04 15:20:00,6,6,4,15,20,900,10,"8, DEFERRE (RUE GASTON)",,,Plein jour,En agglomération,Hors intersection,Normale,Autre collision,,,,,,,,,,,1,2,1,1,6
200600036266,0006-06-07 10:00:00,6,6,7,10,0,900,10,"1, FRERY (RUE)",,,Plein jour,En agglomération,Hors intersection,Normale,Autre collision,,,,,,,,,,,1,2,1,1,6
200600036267,0006-06-10 21:00:00,6,6,10,21,0,900,10,"15, ALTKIRCH (AVENUE)",,,Crépuscule ou aube,En agglomération,Hors intersection,Normale,Autre collision,,,,,,,,,,,2,2,1,1,6
200600036268,0006-06-20 18:10:00,6,6,20,18,10,900,10,"34, MONTBELIARD (FAUBOUR",,,Plein jour,En agglomération,Hors intersection,Normale,Autre collision,,,,,,,,,,,1,2,1,1,6
200600036269,0006-06-20 18:25:00,6,6,20,18,25,900,10,"04, ANCETRES (FAUBOURG D",,,Plein jour,En agglomération,Hors intersection,Normale,Deux véhicules - arrière,,,,,,,,,,,1,2,1,1,2
200600036270,0006-06-23 14:05:00,6,6,23,14,5,900,10,"45, PAYOT",,,Plein jour,En agglomération,Hors intersection,Normale,Sans collision,,,,,,,,,,,1,2,1,1,7
200600036271,0006-06-24 13:30:00,6,6,24,13,30,900,10,"8, MICHELET (RUE)",,,Plein jour,En agglomération,Intersection en X,Normale,Deux véhicules - côté,,,,,,,,,,,1,2,2,1,3
200600036272,0006-06-30 15:40:00,6,6,30,15,40,900,8,"6, BELFORT (RUE DE)",,,Plein jour,En agglomération,Hors intersection,Normale,Deux véhicules - arrière,,,,,,,,,,,1,2,1,1,2
200600036273,0006-06-06 17:40:00,6,6,6,17,40,910,103,"48, ALLENDE SALVADOR (RU",,,Plein jour,En agglomération,Hors intersection,Normale,Deux véhicules - arrière,,,,,,,,,,,1,2,1,1,2
200600036274,0006-06-03 21:15:00,6,6,3,21,15,910,27,"180, MITTERAND (AVENUE F",,,Plein jour,En agglomération,Hors intersection,Normale,Autre collision,,,,,,,,,,,1,2,1,1,6
200600036275,0006-06-15 03:40:00,6,6,15,3,40,910,479,"0, FONTAINEBLEAU (BOULEV",,,Nuit avec éclairage allumé,En agglomération,Hors intersection,Pluie forte,Autre collision,,,,,,,,,,,5,2,1,3,6
200600036276,0006-06-12 14:35:00,6,6,12,14,35,910,114,FORET (AVENUE DE LA),,,Plein jour,En agglomération,Hors intersection,Normale,Deux véhicules - côté,,,,,,,,,,,1,2,1,1,3
200600036277,0006-06-25 12:20:00,6,6,25,12,20,910,514,COMBS LA VILLE (RUE DE),,,Plein jour,En agglomération,Hors intersection,Pluie forte,Trois véhicules et plus - collisions multiples,,,,,,,,,,,1,2,1,3,5
200600036278,0006-06-30 18:35:00,6,6,30,18,35,910,514,REPUBLIQUE (RUE DE LA),,,Plein jour,En agglomération,Hors intersection,Normale,Deux véhicules - côté,,,,,,,,,,,1,2,1,1,3
200600036279,0006-06-26 15:45:00,6,6,26,15,45,910,174,"44, CARNOT(avenue)",,,Plein jour,En agglomération,Hors intersection,Normale,Autre collision,,,,,,,,,,,1,2,1,1,6
200600036280,0006-06-01 11:10:00,6,6,1,11,10,910,657,BOURBONNAIS (RUE),,,Plein jour,En agglomération,Intersection en T,Normale,Autre collision,,,,,,,,,,,1,2,3,1,6
200600036281,0006-06-02 18:25:00,6,6,2,18,25,910,657,"0, CHEMIN VERT (RUE DU)",,,Plein jour,En agglomération,Hors intersection,Normale,Deux véhicules - côté,,,,,,,,,,,1,2,1,1,3
200600036282,0006-06-14 09:00:00,6,6,14,9,0,910,201,HENRI BARBUSSE(BOULEVARD,,,Plein jour,En agglomération,Hors intersection,Normale,Deux véhicules - côté,,,,,,,,,,,1,2,1,1,3
200600036283,0006-06-20 11:40:00,6,6,20,11,40,910,657,HENRI BARBUSSE (AVENUE),,,Plein jour,En agglomération,Hors intersection,Normale,Deux véhicules - côté,,,,,,,,,,,1,2,1,1,3
200600036284,0006-06-20 12:20:00,6,6,20,12,20,910,201,"120, GENERAL DE GAULLE(B",,,Plein jour,En agglomération,Hors intersection,Normale,Deux véhicules - arrière,,,,,,,,,,,1,2,1,1,2
200600036285,0006-06-23 09:55:00,6,6,23,9,55,910,201,"87, HENRI BARBUSSE(BOULE",,,Plein jour,En agglomération,Hors intersection,Normale,Deux véhicules - côté,,,,,,,,,,,1,2,1,1,3
200600036286,0006-06-28 08:10:00,6,6,28,8,10,910,201,CHATILLON(RUE DE ),,,Plein jour,En agglomération,Hors intersection,Normale,Autre collision,,,,,,,,,,,1,2,1,1,6
200600036287,0006-06-29 16:05:00,6,6,29,16,5,910,201,GENERAL DE GAULLE(BOULEV,,,Plein jour,En agglomération,Hors intersection,Normale,Sans collision,,,,,,,,,,,1,2,1,1,7
200600036288,0006-06-30 17:45:00,6,6,30,17,45,910,657,QUATORZE JUILLET (PLACE,,,Plein jour,En agglomération,Hors intersection,Normale,Autre collision,,,,,,,,,,,1,2,1,1,6
200600036289,0006-06-05 18:50:00,6,6,5,18,50,910,223,", REPUBLIQUE (RUE DE LA)",,,Plein jour,En agglomération,Intersection en T,Normale,Deux véhicules - côté,,,,,,,,,,,1,2,3,1,3
200600036290,0006-06-28 08:40:00,6,6,28,8,40,910,223,"1, GUETTARD (RUE J.E.)",,,Plein jour,En agglomération,Hors intersection,Normale,Autre collision,,,,,,,,,,,1,2,1,1,6
200600036291,0006-06-03 04:40:00,6,6,3,4,40,910,521,", MENNECY (ROUTE DE)",,,Crépuscule ou aube,En agglomération,Hors intersection,Normale,Autre collision,,,,,,,,,,,2,2,1,1,6
200600036292,0006-06-03 13:20:00,6,6,3,13,20,910,228,"., PAVEURS (RUE DES)",,,Plein jour,En agglomération,Hors intersection,Normale,Autre collision,,,,,,,,,,,1,2,1,1,6
200600036293,0006-06-04 20:25:00,6,6,4,20,25,910,521,"., JOHNSTON ET RECKITT (",,,Plein jour,En agglomération,Hors intersection,Normale,Autre collision,,,,,,,,,,,1,2,1,1,6
200600036294,0006-06-06 14:09:00,6,6,6,14,9,910,521,"., REMY (RUE ALBERT)",,,Plein jour,En agglomération,Hors intersection,Normale,Deux véhicules - arrière,,,,,,,,,,,1,2,1,1,2
200600036295,0006-06-07 16:15:00,6,6,7,16,15,910,228,"., EUROPE (BD) N° PAIRS",,,Plein jour,En agglomération,Hors intersection,Normale,Deux véhicules - arrière,,,,,,,,,,,1,2,1,1,2
200600036296,0006-06-09 09:00:00,6,6,9,9,0,910,228,"., GENERAL PATTON (AVENU",,,Plein jour,En agglomération,Hors intersection,Normale,Trois véhicules et plus - collisions multiples,,,,,,,,,,,1,2,1,1,5
200600036297,0006-06-15 11:00:00,6,6,15,11,0,910,228,"., EUROPE (PLACE DE L')",,,Plein jour,En agglomération,Place,Pluie légère,Deux véhicules - côté,,,,,,,,,,,1,2,7,2,3
200600036298,0006-06-20 10:30:00,6,6,20,10,30,910,228,"., VOIE TU",,,Plein jour,En agglomération,Intersection en X,Normale,Deux véhicules - côté,,,,,,,,,,,1,2,2,1,3
200600036299,0006-06-21 11:40:00,6,6,21,11,40,910,182,"19, BRASSENS (RUE GEORGE",,,Plein jour,En agglomération,Hors intersection,Normale,Autre collision,,,,,,,,,,,1,2,1,1,6
200600036300,0006-06-21 15:15:00,6,6,21,15,15,910,182,"., LETIEN (RUE JOSEPH)",,,Plein jour,En agglomération,Hors intersection,Normale,Deux véhicules - côté,,,,,,,,,,,1,2,1,1,3
200600036301,0006-06-22 16:30:00,6,6,22,16,30,910,228,"., CHAMPS ELYSEES (BD)N°",,,Plein jour,En agglomération,Hors intersection,Normale,Deux véhicules - arrière,,,,,,,,,,,1,2,1,1,2
200600036302,0006-06-24 16:20:00,6,6,24,16,20,910,182,BRASSENS (RUE GEORGES),,,Plein jour,En agglomération,Hors intersection,Normale,Autre collision,,,,,,,,,,,1,2,1,1,6
200600036303,0006-06-09 14:50:00,6,6,9,14,50,910,326,COUR DE FRANCE (AVENUE D,,,Plein jour,En agglomération,Intersection en T,Normale,Deux véhicules - côté,,,,,,,,,,,1,2,3,1,3
200600036304,0006-06-22 15:00:00,6,6,22,15,0,910,326,"19, JEAN DANAUX (RUE)",,,Plein jour,En agglomération,Hors intersection,Normale,Deux véhicules - côté,,,,,,,,,,,1,2,1,1,3
200600036305,0006-06-23 15:05:00,6,6,23,15,5,910,687,"0, PONT GODEAU (RUE DU)",,,Plein jour,En agglomération,Hors intersection,Normale,Autre collision,,,,,,,,,,,1,2,1,1,6
200600036306,0006-06-24 15:15:00,6,6,24,15,15,910,687,"9, JEAN MERMOZ (AVENUE)",,,Plein jour,En agglomération,Hors intersection,Normale,Deux véhicules - côté,,,,,,,,,,,1,2,1,1,3
200600036307,0006-06-26 16:30:00,6,6,26,16,30,910,326,19 MARS 1962 (SQUARE DU),,,Plein jour,En agglomération,Place,Normale,Sans collision,,,,,,,,,,,1,2,7,1,7
200600036308,0006-06-15 12:10:00,6,6,15,12,10,910,161,"01, LONGJUMEAU (route de",,,Plein jour,En agglomération,Intersection en T,Normale,Deux véhicules - côté,,,,,,,,,,,1,2,3,1,3
200600036309,0006-06-15 18:15:00,6,6,15,18,15,910,161,"01, JEAN MOULIN (ROND PO",,,Plein jour,En agglomération,Giratoire,Normale,Trois véhicules et plus - en chaîne,,,,,,,,,,,1,2,6,1,4
200600036310,0006-06-19 18:20:00,6,6,19,18,20,910,345,rue Maurice,,,Plein jour,En agglomération,Intersection en X,Normale,Deux véhicules - côté,,,,,,,,,,,1,2,2,1,3
200600036311,0006-06-20 09:20:00,6,6,20,9,20,910,161,CD 118,,,Plein jour,Hors agglomération,Hors intersection,Normale,Trois véhicules et plus - collisions multiples,,,,,,,,,,,1,1,1,1,5
200600036312,0006-06-23 20:10:00,6,6,23,20,10,910,345,PRESIDENT FRANCOIS MITTE,,,Plein jour,En agglomération,Hors intersection,Normale,Autre collision,,,,,,,,,,,1,2,1,1,6
200600036313,0006-06-29 07:35:00,6,6,29,7,35,910,345,PRESIDENT FRANCOIS MITTE,,,Plein jour,En agglomération,Intersection en X,Normale,Deux véhicules - côté,,,,,,,,,,,1,2,2,1,3
200600036314,0006-06-02 12:15:00,6,6,2,12,15,910,377,EUROPE (AVENUE DE L'),,,Plein jour,En agglomération,Hors intersection,Normale,Deux véhicules - côté,,,,,,,,,,,1,2,1,1,3
200600036315,0006-06-17 21:00:00,6,6,17,21,0,910,377,VALLEE DE LA BIEVRE (VOI,,,Plein jour,Hors agglomération,Hors intersection,Normale,Deux véhicules - frontale,,,,,,,,,,,1,1,1,1,1
200600036316,0006-06-02 08:45:00,6,6,2,8,45,910,421,"5, REPUBLIQUE (AVENUE DE",,,Plein jour,En agglomération,Intersection en T,Normale,Deux véhicules - côté,,,,,,,,,,,1,2,3,1,3
200600036317,0006-06-03 21:50:00,6,6,3,21,50,910,691,"22, RENE BRUN(RUE)",,,Crépuscule ou aube,En agglomération,Intersection en T,Normale,Deux véhicules - côté,,,,,,,,,,,2,2,3,1,3