accident_id,datetime,annee,mois,jour,heure,minute,departement,commune_insee,adresse,latitude,longitude,luminosite,agglomeration,intersection,meteo,collision,nb_vehicules,nb_usagers,nb_indemnes,nb_tues,nb_blesses_hosp,nb_blesses_legers,age_cond_1,age_cond_2,veh_type_cond_1,veh_type_cond_2,lum_code,agg_code,int_code,atm_code,col_code
200600036452,0006-06-08 12:15:00,6,6,8,12,15,920,44,"NR, VIC. HUGO(RUE)115A14",,,Plein jour,En agglomération,Intersection en X,Normale,Deux véhicules - côté,,,,,,,,,,,1,2,2,1,3
200600036453,0006-06-08 09:30:00,6,6,8,9,30,920,44,"43, ALSACE (RUE) N°19 +",,,Plein jour,En agglomération,Intersection en T,Normale,Autre collision,,,,,,,,,,,1,2,3,1,6
200600036454,0006-06-09 12:00:00,6,6,9,12,0,920,44,"nr, MICHELET (QUAI) 58 A",,,Plein jour,En agglomération,Intersection en X,Normale,Deux véhicules - arrière,,,,,,,,,,,1,2,2,1,2
200600036455,0006-06-10 19:20:00,6,6,10,19,20,920,44,"105, VIC. HUGO(RUE)091A1",,,Plein jour,En agglomération,Hors intersection,Normale,Deux véhicules - arrière,,,,,,,,,,,1,2,1,1,2
200600036456,0006-06-14 13:40:00,6,6,14,13,40,920,44,"01, GEO.POMPIDOU(AVE) 1A",,,Plein jour,En agglomération,Intersection en T,Normale,Autre collision,,,,,,,,,,,1,2,3,1,6
200600036457,0006-06-15 19:30:00,6,6,15,19,30,920,44,"nr, MARIUS AUFAN(RUE) 1A",,,Plein jour,En agglomération,Intersection en X,Normale,Deux véhicules - côté,,,,,,,,,,,1,2,2,1,3
200600036458,0006-06-17 11:28:00,6,6,17,11,28,920,44,"11, BINEAU (BOULEVARD)",,,Plein jour,En agglomération,Hors intersection,Normale,Autre collision,,,,,,,,,,,1,2,1,1,6
200600036459,0006-06-26 09:00:00,6,6,26,9,0,920,44,"151, LOUIS ROUQUIER (RUE",,,Plein jour,En agglomération,Hors intersection,Pluie légère,Deux véhicules - arrière,,,,,,,,,,,1,2,1,2,2
200600036460,0006-06-26 19:15:00,6,6,26,19,15,920,44,"nr, RIVAY(RUE)73A95 ET 6",,,Nuit avec éclairage non allumé,En agglomération,Intersection en X,Normale,Deux véhicules - côté,,,,,,,,,,,4,2,2,1,3
200600036461,0006-06-30 17:55:00,6,6,30,17,55,920,44,"36, LORRAINE (RUE DE)",,,Plein jour,En agglomération,Hors intersection,Normale,Autre collision,,,,,,,,,,,1,2,1,1,6
200600036462,0006-06-12 12:50:00,6,6,12,12,50,920,48,"25, REPUBLIQUE (RUE DE L",,,Plein jour,En agglomération,Hors intersection,Normale,Deux véhicules - arrière,,,,,,,,,,,1,2,1,1,2
200600036463,0006-06-19 08:50:00,6,6,19,8,50,920,48,"., GENERAL DE GAULLE (AV",,,Plein jour,En agglomération,Intersection en X,Normale,Deux véhicules - côté,,,,,,,,,,,1,2,2,1,3
200600036464,0006-06-19 13:00:00,6,6,19,13,0,920,48,"., TERRE NEUVE (RUE)",,,Plein jour,En agglomération,Intersection en X,Normale,Deux véhicules - côté,,,,,,,,,,,1,2,2,1,3
200600036465,0006-06-20 18:45:00,6,6,20,18,45,920,48,HENRI BARBUSSE (RUE),,,Plein jour,En agglomération,Intersection en X,Normale,Deux véhicules - frontale,,,,,,,,,,,1,2,2,1,1
200600036466,0006-06-06 20:20:00,6,6,6,20,20,920,20,"2, PAIX AVENUE DE LA N°1",,,Crépuscule ou aube,En agglomération,Intersection en X,Normale,Deux véhicules - arrière,,,,,,,,,,,2,2,2,1,2
200600036467,0006-06-08 10:05:00,6,6,8,10,5,920,20,"1, BAGNEUX RUE DE",,,Plein jour,En agglomération,Intersection en X,Normale,Autre collision,,,,,,,,,,,1,2,2,1,6
200600036468,0006-06-05 22:00:00,6,6,5,22,0,920,20,"19, PERI RUE GABRIEL",,,Plein jour,En agglomération,Hors intersection,Normale,Autre collision,,,,,,,,,,,1,2,1,1,6
200600036469,0006-06-13 10:00:00,6,6,13,10,0,920,49,"107, BRIAND AVENUE ARIST",,,Plein jour,En agglomération,Hors intersection,Normale,Deux véhicules - arrière,,,,,,,,,,,1,2,1,1,2
200600036470,0006-06-14 09:15:00,6,6,14,9,15,920,20,"166, PARIS AVENUE DE N°8",,,Plein jour,En agglomération,Intersection en X,Normale,Deux véhicules - arrière,,,,,,,,,,,1,2,2,1,2
200600036471,0006-06-20 00:35:00,6,6,20,0,35,920,49,"63, BROSSOLETTE AVENUE P",,,Nuit avec éclairage allumé,En agglomération,Hors intersection,Normale,Autre collision,,,,,,,,,,,5,2,1,1,6
200600036472,0006-06-20 09:30:00,6,6,20,9,30,920,49,"2, BARBES RUE",,,Plein jour,En agglomération,Intersection en X,Normale,Deux véhicules - côté,,,,,,,,,,,1,2,2,1,3
200600036473,0006-06-20 20:50:00,6,6,20,20,50,920,49,"33, BARBES RUE",,,Plein jour,En agglomération,Hors intersection,Normale,Deux véhicules - côté,,,,,,,,,,,1,2,1,1,3
200600036474,0006-06-23 09:25:00,6,6,23,9,25,920,49,"28, BARBES RUE",,,Plein jour,En agglomération,Intersection en X,Normale,Autre collision,,,,,,,,,,,1,2,2,1,6
200600036475,0006-06-25 23:15:00,6,6,25,23,15,920,20,"22, VERDUN AVENUE DE AUT",,,Nuit avec éclairage allumé,En agglomération,Hors intersection,Pluie forte,Deux véhicules - arrière,,,,,,,,,,,5,2,1,3,2
200600036476,0006-06-30 13:10:00,6,6,30,13,10,920,49,"166, ARNOUX AVENUE MAURI",,,Plein jour,En agglomération,Intersection en X,Normale,Trois véhicules et plus - en chaîne,,,,,,,,,,,1,2,2,1,4
200600036477,0006-06-03 15:35:00,6,6,3,15,35,920,50,"30, CHAILLIERS RUE DES",,,Plein jour,En agglomération,Hors intersection,Normale,Deux véhicules - arrière,,,,,,,,,,,1,2,1,1,2
200600036478,0006-06-07 09:40:00,6,6,7,9,40,920,50,JOILIOT CURIE F. ET IREN,,,Plein jour,En agglomération,Intersection en X,Normale,Deux véhicules - côté,,,,,,,,,,,1,2,2,1,3
200600036479,0006-06-04 16:55:00,6,6,4,16,55,920,50,FRACHON BENOIT AVENUE,,,Plein jour,En agglomération,Intersection en X,Normale,Deux véhicules - côté,,,,,,,,,,,1,2,2,1,3
200600036480,0006-06-06 18:20:00,6,6,6,18,20,920,50,BERANGER RUE,,,Plein jour,En agglomération,Intersection en T,Normale,Autre collision,,,,,,,,,,,1,2,3,1,6
200600036481,0006-06-09 08:50:00,6,6,9,8,50,920,50,"242, CLEMENCEAU GEORGES",,,Plein jour,En agglomération,Hors intersection,Normale,Autre collision,,,,,,,,,,,1,2,1,1,6
200600036482,0006-06-05 09:00:00,6,6,5,9,0,920,50,HAVRE BOULEVARD DU,,,Plein jour,En agglomération,Hors intersection,Normale,Trois véhicules et plus - en chaîne,,,,,,,,,,,1,2,1,1,4
200600036483,0006-06-11 19:15:00,6,6,11,19,15,920,50,"65, PICASSO PABLO AVENUE",,,Plein jour,En agglomération,Hors intersection,Normale,Autre collision,,,,,,,,,,,1,2,1,1,6
200600036484,0006-06-05 19:20:00,6,6,5,19,20,920,50,FRACHON BENOIT AVENUE,,,Plein jour,En agglomération,Intersection en X,Normale,Autre collision,,,,,,,,,,,1,2,2,1,6
200600036485,0006-06-16 16:40:00,6,6,16,16,40,920,50,"55, JOLIOT CURIE F. ET I",,,Plein jour,En agglomération,Hors intersection,Normale,Deux véhicules - côté,,,,,,,,,,,1,2,1,1,3
200600036486,0006-06-12 21:00:00,6,6,12,21,0,920,50,REPUBLIQUE AVENUE DE LA,,,Crépuscule ou aube,En agglomération,Hors intersection,Normale,Sans collision,,,,,,,,,,,2,2,1,1,7
200600036487,0006-06-22 16:20:00,6,6,22,16,20,920,50,"144, VAILLANT COUTURIER",,,Plein jour,En agglomération,Hors intersection,Normale,Trois véhicules et plus - collisions multiples,,,,,,,,,,,1,2,1,1,5
200600036488,0006-06-23 10:15:00,6,6,23,10,15,920,50,"999, BEZONS RUE DE",,,Plein jour,En agglomération,Intersection en X,Normale,Sans collision,,,,,,,,,,,1,2,2,1,7
200600036489,0006-06-25 13:05:00,6,6,25,13,5,920,50,PROVINCES FRANCAISES BD,,,Crépuscule ou aube,En agglomération,Intersection en X,Normale,Trois véhicules et plus - collisions multiples,,,,,,,,,,,2,2,2,1,5
200600036490,0006-06-27 09:00:00,6,6,27,9,0,920,50,LEO ANDRE RUE,,,Plein jour,En agglomération,Intersection en X,Normale,Sans collision,,,,,,,,,,,1,2,2,1,7
200600036491,0006-06-30 10:05:00,6,6,30,10,5,920,50,"244, REPUBLIQUE AVENUE D",,,Plein jour,En agglomération,Hors intersection,Normale,Deux véhicules - arrière,,,,,,,,,,,1,2,1,1,2
200600036492,0006-06-30 17:50:00,6,6,30,17,50,920,50,COUCHANT BOULEVARD DU,,,Plein jour,En agglomération,Intersection en X,Normale,Autre collision,,,,,,,,,,,1,2,2,1,6
200600036493,0006-06-03 10:45:00,6,6,3,10,45,920,51,"103, ROULE (AVENUE DU, N",,,Plein jour,En agglomération,Hors intersection,Normale,Autre collision,,,,,,,,,,,1,2,1,1,6
200600036494,0006-06-08 09:20:00,6,6,8,9,20,920,51,"53, BINEAU (BOULEVARD, N",,,Plein jour,En agglomération,Hors intersection,Normale,Deux véhicules - arrière,,,,,,,,,,,1,2,1,1,2
200600036495,0006-06-10 05:45:00,6,6,10,5,45,920,51,"81, CHARLES DE GAULLE (A",,,Crépuscule ou aube,En agglomération,Hors intersection,Normale,Trois véhicules et plus - collisions multiples,,,,,,,,,,,2,2,1,1,5
200600036496,0006-06-09 18:30:00,6,6,9,18,30,920,51,"30, MAURICE BARRES (BOUL",,,Plein jour,En agglomération,Hors intersection,Normale,Deux véhicules - côté,,,,,,,,,,,1,2,1,1,3
200600036497,0006-06-15 14:45:00,6,6,15,14,45,920,51,"67, GENERAL KOENIG (BOUL",,,Plein jour,En agglomération,Hors intersection,Normale,Autre collision,,,,,,,,,,,1,2,1,1,6
200600036498,0006-06-27 17:45:00,6,6,27,17,45,920,51,"22, INKERMANN (BOULEVARD",,,Plein jour,En agglomération,Hors intersection,Normale,Autre collision,,,,,,,,,,,1,2,1,1,6
200600036499,0006-06-27 17:50:00,6,6,27,17,50,920,51,"53, PAUL-EMILE VICTOR (B",,,Plein jour,En agglomération,Hors intersection,Normale,Deux véhicules - arrière,,,,,,,,,,,1,2,1,1,2
200600036500,0006-06-07 17:35:00,6,6,7,17,35,920,62,"08, GODEFROY (RUE) DU 1",,,Plein jour,En agglomération,Hors intersection,Normale,Autre collision,,,,,,,,,,,1,2,1,1,6
200600036501,0006-06-09 20:00:00,6,6,9,20,0,920,62,"00, JAURES (RUE JEAN) DU",,,Plein jour,En agglomération,Intersection en T,Normale,Deux véhicules - côté,,,,,,,,,,,1,2,3,1,3
200600036502,0006-06-29 16:30:00,6,6,29,16,30,920,62,"154, REPUBLIQUE (RUE DE",,,Plein jour,En agglomération,Hors intersection,Normale,Autre collision,,,,,,,,,,,1,2,1,1,6
200600036503,0006-06-29 18:25:00,6,6,29,18,25,920,62,"29-30, DE DION BOUTON (Q",,,Plein jour,Hors agglomération,Hors intersection,Normale,Autre collision,,,,,,,,,,,1,1,1,1,6
200600036504,0006-06-05 13:20:00,6,6,5,13,20,920,63,"64, DIX-HUIT JUIN 1940 (",,,Plein jour,En agglomération,Hors intersection,Normale,Deux véhicules - frontale,,,,,,,,,,,1,2,1,1,1
200600036505,0006-06-06 18:35:00,6,6,6,18,35,920,63,GALLIENI (RUE),,,Plein jour,En agglomération,Hors intersection,Normale,Deux véhicules - côté,,,,,,,,,,,1,2,1,1,3
200600036506,0006-06-08 18:10:00,6,6,8,18,10,920,63,COLMAR (AVENUE DE),,,Plein jour,En agglomération,Hors intersection,Normale,Deux véhicules - côté,,,,,,,,,,,1,2,1,1,3
200600036507,0006-06-10 13:30:00,6,6,10,13,30,920,63,"néant, EMPEREUR (ROUTE D",,,Plein jour,En agglomération,Intersection en X,Normale,Deux véhicules - côté,,,,,,,,,,,1,2,2,1,3
200600036508,0006-06-12 16:45:00,6,6,12,16,45,920,63,"4, DIX-NEUF JANVIER (RUE",,,Plein jour,En agglomération,Hors intersection,Normale,Autre collision,,,,,,,,,,,1,2,1,1,6
200600036509,0006-06-13 12:55:00,6,6,13,12,55,920,63,"2, HOPITAL STELL (BOULEV",,,Plein jour,En agglomération,Hors intersection,Normale,Autre collision,,,,,,,,,,,1,2,1,1,6
200600036510,0006-06-24 18:15:00,6,6,24,18,15,920,63,"191, EMPEREUR (ROUTE DE",,,Plein jour,En agglomération,Intersection en T,Normale,Sans collision,,,,,,,,,,,1,2,3,1,7
200600036511,0006-06-27 17:20:00,6,6,27,17,20,920,63,"21, JUIN (AVENUE DU MARE",,,Plein jour,En agglomération,Hors intersection,Normale,Deux véhicules - frontale,,,,,,,,,,,1,2,1,1,1
200600036512,0006-06-01 11:05:00,6,6,1,11,5,920,64,", MAGENTA PLACE",,,Plein jour,En agglomération,Intersection en X,Normale,Deux véhicules - côté,,,,,,,,,,,1,2,2,1,3
200600036513,0006-06-03 13:00:00,6,6,3,13,0,920,64,REPUBLIQUE,,,Plein jour,En agglomération,Hors intersection,Normale,Autre collision,,,,,,,,,,,1,2,1,1,6
200600036514,0006-06-07 12:30:00,6,6,7,12,30,920,64,PAS DE SAINT CLOUD,,,Plein jour,En agglomération,Hors intersection,Normale,Autre collision,,,,,,,,,,,1,2,1,1,6
200600036515,0006-06-16 07:40:00,6,6,16,7,40,920,64,"18, GOUNOD",,,Plein jour,En agglomération,Hors intersection,Normale,Autre collision,,,,,,,,,,,1,2,1,1,6
200600036516,0006-06-15 09:55:00,6,6,15,9,55,920,76,"24, JARDY",,,Plein jour,En agglomération,Hors intersection,Normale,Trois véhicules et plus - collisions multiples,,,,,,,,,,,1,2,1,1,5
200600036517,0006-06-21 09:50:00,6,6,21,9,50,920,64,"70, MARCEL DASSAULT",,,Plein jour,En agglomération,Hors intersection,Normale,Trois véhicules et plus - en chaîne,,,,,,,,,,,1,2,1,1,4
200600036518,0006-06-21 16:00:00,6,6,21,16,0,920,64,"12, DAILLY",,,Plein jour,En agglomération,Hors intersection,Normale,Autre collision,,,,,,,,,,,1,2,1,1,6
200600036519,0006-06-22 06:25:00,6,6,22,6,25,920,33,"126, GENERAL DE GAULLE",,,Plein jour,En agglomération,Hors intersection,Normale,Autre collision,,,,,,,,,,,1,2,1,1,6
200600036520,0006-06-29 18:25:00,6,6,29,18,25,920,64,GOUNOD,,,Plein jour,En agglomération,Intersection en T,Normale,Deux véhicules - côté,,,,,,,,,,,1,2,3,1,3
200600036521,0006-06-01 18:10:00,6,6,1,18,10,920,77,"17, ST CLOUD (RUE DE)",,,Plein jour,En agglomération,Hors intersection,Normale,Autre collision,,,,,,,,,,,1,2,1,1,6
200600036522,0006-06-08 15:30:00,6,6,8,15,30,920,72,"174, GRANDE RUE",,,Plein jour,En agglomération,Hors intersection,Normale,Autre collision,,,,,,,,,,,1,2,1,1,6
200600036523,0006-06-19 14:50:00,6,6,19,14,50,920,77,SEVRES (RUE DE),,,Plein jour,En agglomération,Intersection en X,Normale,Deux véhicules - frontale,,,,,,,,,,,1,2,2,1,1
200600036524,0006-06-21 08:55:00,6,6,21,8,55,920,72,"36-38, TROYON (RUE)",,,Plein jour,En agglomération,Hors intersection,Normale,Trois véhicules et plus - en chaîne,,,,,,,,,,,1,2,1,1,4
200600036525,0006-06-05 17:10:00,6,6,5,17,10,920,73,"56, SELLIER (BOULEVARD H",,,Plein jour,En agglomération,Hors intersection,Normale,Autre collision,,,,,,,,,,,1,2,1,1,6
200600036526,0006-06-09 12:10:00,6,6,9,12,10,920,73,"2, SELLIER (BOULEVARD HE",,,Plein jour,En agglomération,Hors intersection,Normale,Deux véhicules - arrière,,,,,,,,,,,1,2,1,1,2
200600036527,0006-06-16 13:00:00,6,6,16,13,0,920,73,"50, SELLIER (BOULEVARD H",,,Plein jour,En agglomération,Intersection en T,Normale,Autre collision,,,,,,,,,,,1,2,3,1,6
200600036528,0006-06-16 07:45:00,6,6,16,7,45,920,73,"01, WORTH (RUE)",,,Plein jour,En agglomération,Intersection en T,Normale,Sans collision,,,,,,,,,,,1,2,3,1,7
200600036529,0006-06-18 02:00:00,6,6,18,2,0,920,73,SELLIER (BOULEVARD HENRI,,,Nuit avec éclairage allumé,En agglomération,Intersection en Y,Normale,Deux véhicules - frontale,,,,,,,,,,,5,2,4,1,1
200600036530,0006-06-21 18:20:00,6,6,21,18,20,920,73,"29, VERDUN (RUE DE)",,,Plein jour,En agglomération,Intersection en T,Normale,Autre collision,,,,,,,,,,,1,2,3,1,6
200600036531,0006-06-22 16:50:00,6,6,22,16,50,920,73,ROOSVELT (AVENUE FRANKLI,,,Plein jour,En agglomération,Hors intersection,Normale,Sans collision,,,,,,,,,,,1,2,1,1,7
200600036532,0006-06-27 09:05:00,6,6,27,9,5,920,73,"25, ROOSVELT (AVENUE FRA",,,Plein jour,En agglomération,Intersection en T,Temps couvert,Deux véhicules - côté,,,,,,,,,,,1,2,3,8,3
200600036533,0006-06-01 15:45:00,6,6,1,15,45,920,75,"8, JEAN BLEUZEN",,,Plein jour,En agglomération,Giratoire,Pluie légère,Deux véhicules - arrière,,,,,,,,,,,1,2,6,2,2
200600036534,0006-06-04 20:40:00,6,6,4,20,40,920,46,PIERRE BROSSOLETTE,,,Plein jour,En agglomération,Hors intersection,Normale,Autre collision,,,,,,,,,,,1,2,1,1,6
200600036535,0006-06-07 15:25:00,6,6,7,15,25,920,46,PAUL BERT (RUE),,,Plein jour,En agglomération,Intersection en X,Normale,Deux véhicules - côté,,,,,,,,,,,1,2,2,1,3
200600036536,0006-06-16 16:15:00,6,6,16,16,15,920,46,DE STALINGRAD,,,Plein jour,En agglomération,Intersection en T,Normale,Deux véhicules - côté,,,,,,,,,,,1,2,3,1,3
200600036537,0006-06-20 08:10:00,6,6,20,8,10,920,46,"54, AUGUSTIN DUMONT",,,Plein jour,En agglomération,Intersection en T,Normale,Deux véhicules - côté,,,,,,,,,,,1,2,3,1,3
200600036538,0006-06-26 14:05:00,6,6,26,14,5,920,46,"9, AVAULEE (RUE)",,,Plein jour,En agglomération,Hors intersection,Normale,Autre collision,,,,,,,,,,,1,2,1,1,6
200600036539,0006-06-29 14:30:00,6,6,29,14,30,920,46,GABRIEL PERI,,,Plein jour,En agglomération,Intersection en X,Normale,Deux véhicules - côté,,,,,,,,,,,1,2,2,1,3
200600036540,0006-06-30 10:25:00,6,6,30,10,25,920,75,"25, ERNEST LAVAL (RUE)",,,Plein jour,En agglomération,Hors intersection,Normale,Autre collision,,,,,,,,,,,1,2,1,1,6
200600036541,0006-06-10 20:25:00,6,6,10,20,25,920,78,"56, ALFRED SISLEY (QUAI)",,,Plein jour,En agglomération,Hors intersection,Normale,Autre collision,,,,,,,,,,,1,2,1,1,6
200600036542,0006-06-08 09:10:00,6,6,8,9,10,920,62,"1, MICHELET (COURS)",,,Plein jour,En agglomération,Intersection en Y,Normale,Deux véhicules - arrière,,,,,,,,,,,1,2,4,1,2
200600036543,0006-06-02 08:00:00,6,6,2,8,0,930,1,"104, EDOUARD VAILLANT (B",,,Plein jour,En agglomération,Hors intersection,Normale,Deux véhicules - côté,,,,,,,,,,,1,2,1,1,3
200600036544,0006-06-02 18:25:00,6,6,2,18,25,930,1,"85, VICTOR HUGO (AVE)  =",,,Plein jour,En agglomération,Hors intersection,Normale,Deux véhicules - côté,,,,,,,,,,,1,2,1,1,3
200600036545,0006-06-05 19:35:00,6,6,5,19,35,930,1,"79, SADI CARNOT (RUE)  (",,,Plein jour,En agglomération,Intersection en X,Normale,Autre collision,,,,,,,,,,,1,2,2,1,6
200600036546,0006-06-09 12:12:00,6,6,9,12,12,930,1,"265, JEAN JAURES (AVE)",,,Plein jour,En agglomération,Hors intersection,Normale,Autre collision,,,,,,,,,,,1,2,1,1,6
200600036547,0006-06-09 17:50:00,6,6,9,17,50,930,1,"42, PRESLES (RUE DE)",,,Plein jour,En agglomération,Hors intersection,Normale,Autre collision,,,,,,,,,,,1,2,1,1,6
200600036548,0006-06-10 16:50:00,6,6,10,16,50,930,1,", GAETAN LAMY (RUE)",,,Plein jour,En agglomération,Intersection en T,Normale,Deux véhicules - côté,,,,,,,,,,,1,2,3,1,3
200600036549,0006-06-15 11:13:00,6,6,15,11,13,930,1,PASTEUR (RUE),,,Plein jour,En agglomération,Intersection en X,Pluie légère,Autre collision,,,,,,,,,,,1,2,2,2,6
200600036550,0006-06-19 21:50:00,6,6,19,21,50,930,1,ACHILLE DOMART (RUE),,,Crépuscule ou aube,En agglomération,Intersection en X,Normale,Deux véhicules - côté,,,,,,,,,,,2,2,2,1,3
200600036551,0006-06-20 15:25:00,6,6,20,15,25,930,1,FELIX FAURE (BLD) =>174,,,Plein jour,En agglomération,Intersection en X,Normale,Deux véhicules - frontale,,,,,,,,,,,1,2,2,1,1
200600036552,0006-06-20 19:30:00,6,6,20,19,30,930,1,"143, VICTOR HUGO (AVE)",,,Plein jour,En agglomération,Hors intersection,Normale,Trois véhicules et plus - en chaîne,,,,,,,,,,,1,2,1,1,4
200600036553,0006-06-23 07:55:00,6,6,23,7,55,930,1,"54, PRESLES (RUE DE)",,,Plein jour,En agglomération,Intersection en X,Normale,Autre collision,,,,,,,,,,,1,2,2,1,6
200600036554,0006-06-26 17:35:00,6,6,26,17,35,930,1,"156, DANIELLE CASANOVA (",,,Plein jour,En agglomération,Hors intersection,Temps couvert,Autre collision,,,,,,,,,,,1,2,1,8,6
200600036555,0006-06-30 21:05:00,6,6,30,21,5,930,1,JEAN JAURES  (AVE)  157,,,Crépuscule ou aube,En agglomération,Intersection en T,Normale,Deux véhicules - frontale,,,,,,,,,,,2,2,3,1,1
200600036556,0006-06-29 14:25:00,6,6,29,14,25,930,1,"73, SAINT DENIS (RUE DE)",,,Plein jour,En agglomération,Hors intersection,Normale,Deux véhicules - arrière,,,,,,,,,,,1,2,1,1,2
200600036557,0006-06-05 00:30:00,6,6,5,0,30,930,5,"9, TOURVILLE (RUE DE)",,,Nuit avec éclairage allumé,En agglomération,Hors intersection,Normale,Autre collision,,,,,,,,,,,5,2,1,1,6
200600036558,0006-06-09 03:00:00,6,6,9,3,0,930,5,JEAN MONET (CARREFOUR),,,Nuit avec éclairage allumé,En agglomération,Giratoire,Normale,Deux véhicules - frontale,,,,,,,,,,,5,2,6,1,1
200600036559,0006-06-09 09:05:00,6,6,9,9,5,930,5,"103, JACQUES DUCLOS [CD4",,,Plein jour,En agglomération,Intersection en T,Normale,Trois véhicules et plus - en chaîne,,,,,,,,,,,1,2,3,1,4
200600036560,0006-06-10 14:10:00,6,6,10,14,10,930,5,"NEANT, NONNEVILLE (AVENU",,,Plein jour,En agglomération,Intersection en X,Normale,Deux véhicules - côté,,,,,,,,,,,1,2,2,1,3
200600036561,0006-06-16 13:30:00,6,6,16,13,30,930,5,ANDRE CITROEN (BOULEVARD,,,Plein jour,En agglomération,Hors intersection,Normale,Autre collision,,,,,,,,,,,1,2,1,1,6
200600036562,0006-06-17 08:35:00,6,6,17,8,35,930,5,"NEANT, LILAS (RUE DES)",,,Plein jour,En agglomération,Hors intersection,Normale,Autre collision,,,,,,,,,,,1,2,1,1,6
200600036563,0006-06-18 18:00:00,6,6,18,18,0,930,5,JACQUES DUCLOS [CD44] (R,,,Plein jour,En agglomération,Hors intersection,Normale,Autre collision,,,,,,,,,,,1,2,1,1,6
200600036564,0006-06-21 10:40:00,6,6,21,10,40,930,5,"néant, KLEBER (AVENUE)",,,Plein jour,En agglomération,Hors intersection,Normale,Deux véhicules - côté,,,,,,,,,,,1,2,1,1,3
200600036565,0006-06-21 13:20:00,6,6,21,13,20,930,5,SUZANNE LENGLEN (AVENUE),,,Plein jour,En agglomération,Giratoire,Normale,Deux véhicules - frontale,,,,,,,,,,,1,2,6,1,1
200600036566,0006-06-25 16:00:00,6,6,25,16,0,930,5,"neant, ORMETEAU (CARREFO",,,Plein jour,En agglomération,Hors intersection,Pluie forte,Deux véhicules - arrière,,,,,,,,,,,1,2,1,3,2
200600036567,0006-06-25 22:15:00,6,6,25,22,15,930,5,"05, DAUPHINE (RUE DU)",,,Nuit avec éclairage allumé,En agglomération,Hors intersection,Pluie légère,Autre collision,,,,,,,,,,,5,2,1,2,6
200600036568,0006-06-26 00:40:00,6,6,26,0,40,930,5,"131, LEFEVRE (BOULEVARD)",,,Nuit avec éclairage allumé,En agglomération,Intersection en T,Pluie légère,Deux véhicules - côté,,,,,,,,,,,5,2,3,2,3
200600036569,0006-06-26 21:15:00,6,6,26,21,15,930,5,MAXIMILIEN ROBESPIERRE (,,,Crépuscule ou aube,En agglomération,Hors intersection,Normale,Deux véhicules - frontale,,,,,,,,,,,2,2,1,1,1
200600036570,0006-06-29 17:45:00,6,6,29,17,45,930,5,NONNEVILLE (AVENUE DE),,,Plein jour,En agglomération,Intersection en T,Normale,Deux véhicules - côté,,,,,,,,,,,1,2,3,1,3
200600036571,0006-06-06 15:35:00,6,6,6,15,35,930,7,"35, ""HENRI BARBUSSE (AVE",,,Plein jour,En agglomération,Intersection en T,Normale,Autre collision,,,,,,,,,,,1,2,3,1,6
200600036572,0006-06-07 16:20:00,6,6,7,16,20,930,7,PABLO NERUDA (ROND-POINT,,,Plein jour,En agglomération,Giratoire,Normale,Deux véhicules - côté,,,,,,,,,,,1,2,6,1,3
200600036573,0006-06-17 02:35:00,6,6,17,2,35,930,7,VICTOR HUGO (RUE),,,Nuit avec éclairage allumé,En agglomération,Intersection en T,Normale,Deux véhicules - côté,,,,,,,,,,,5,2,3,1,3
200600036574,0006-06-18 19:25:00,6,6,18,19,25,930,7,MASCOTTES (RUE DES),,,Plein jour,En agglomération,Intersection en X,Normale,Deux véhicules - côté,,,,,,,,,,,1,2,2,1,3
200600036575,0006-06-24 07:25:00,6,6,24,7,25,930,7,", ALBERT EINSTEIN (AVENU",,,Plein jour,En agglomération,Intersection en T,Normale,Deux véhicules - côté,,,,,,,,,,,1,2,3,1,3
200600036576,0006-06-24 16:10:00,6,6,24,16,10,930,7,"90, ""REPUBLIQUE (AVENUE",,,Plein jour,En agglomération,Hors intersection,Normale,Autre collision,,,,,,,,,,,1,2,1,1,6
200600036577,0006-06-27 08:05:00,6,6,27,8,5,930,7,"14, MAURICE AUDIN (RUE)",,,Crépuscule ou aube,En agglomération,Hors intersection,Normale,Autre collision,,,,,,,,,,,2,2,1,1,6
200600036578,0006-06-30 10:25:00,6,6,30,10,25,930,7,"158, CHARLES FLOQUET (AV",,,Plein jour,En agglomération,Intersection en X,Normale,Deux véhicules - côté,,,,,,,,,,,1,2,2,1,3
200600036579,0006-06-30 19:15:00,6,6,30,19,15,930,7,"59, ARISTIDE BRIAND (AVE",,,Plein jour,En agglomération,Hors intersection,Normale,Autre collision,,,,,,,,,,,1,2,1,1,6
200600036580,0006-06-09 10:00:00,6,6,9,10,0,930,8,BARBUSSE (AVENUE HENRI),,,Plein jour,En agglomération,Hors intersection,Normale,Deux véhicules - arrière,,,,,,,,,,,1,2,1,1,2
200600036581,0006-06-09 16:20:00,6,6,9,16,20,930,8,"2, JAURES (AVENUE JEAN)",,,Plein jour,En agglomération,Intersection en X,Normale,Deux véhicules - arrière,,,,,,,,,,,1,2,2,1,2
200600036582,0006-06-12 09:20:00,6,6,12,9,20,930,8,"32, GROSLAY (CHEMIN DE)",,,Plein jour,En agglomération,Intersection en T,Normale,Deux véhicules - côté,,,,,,,,,,,1,2,3,1,3
200600036583,0006-06-18 21:01:00,6,6,18,21,1,930,8,", BELWO (RUE PAUL)",,,Crépuscule ou aube,En agglomération,Intersection en X,Normale,Deux véhicules - côté,,,,,,,,,,,2,2,2,1,3
200600036584,0006-06-30 17:20:00,6,6,30,17,20,930,8,"1, VAILLANT COUTURIER (A",,,Plein jour,En agglomération,Intersection à plus de 4 branches,Normale,Deux véhicules - arrière,,,,,,,,,,,1,2,5,1,2
200600036585,0006-06-30 12:30:00,6,6,30,12,30,930,8,PARIS (RUE DE),,,Plein jour,En agglomération,Intersection en T,Normale,Deux véhicules - côté,,,,,,,,,,,1,2,3,1,3