accident_id,datetime,annee,mois,jour,heure,minute,departement,commune_insee,adresse,latitude,longitude,luminosite,agglomeration,intersection,meteo,collision,nb_vehicules,nb_usagers,nb_indemnes,nb_tues,nb_blesses_hosp,nb_blesses_legers,age_cond_1,age_cond_2,veh_type_cond_1,veh_type_cond_2,lum_code,agg_code,int_code,atm_code,col_code
200600036586,0006-06-08 07:50:00,6,6,8,7,50,930,57,"24, BRIAND (AV. ARISTIDE",,,Plein jour,En agglomération,Hors intersection,Normale,Deux véhicules - arrière,,,,,,,,,,,1,2,1,1,2
200600036587,0006-06-23 19:00:00,6,6,23,19,0,930,10,", QUATORZE-JUILLET",,,Plein jour,En agglomération,Hors intersection,Normale,Deux véhicules - côté,,,,,,,,,,,1,2,1,1,3
200600036588,0006-06-27 21:10:00,6,6,27,21,10,930,10,", BLANQUI (R. LOUI",,,Plein jour,En agglomération,Hors intersection,Normale,Autre collision,,,,,,,,,,,1,2,1,1,6
200600036589,0006-06-28 16:40:00,6,6,28,16,40,930,10,"53, GALLIENI (AV.) CONFO",,,Plein jour,En agglomération,Hors intersection,Normale,Deux véhicules - arrière,,,,,,,,,,,1,2,1,1,2
200600036590,0006-06-23 22:30:00,6,6,23,22,30,930,10,"08, VERDUN (AV. DE) 2 A",,,Nuit avec éclairage allumé,En agglomération,Intersection en T,Normale,Deux véhicules - côté,,,,,,,,,,,5,2,3,1,3
200600036591,0006-06-02 17:25:00,6,6,2,17,25,930,27,"01, LECLERC (AVENUE DU G",,,Plein jour,En agglomération,Giratoire,Normale,Autre collision,,,,,,,,,,,1,2,6,1,6
200600036592,0006-06-06 18:05:00,6,6,6,18,5,930,13,"1, DOLET (RUE ETIENNE)",,,Plein jour,En agglomération,Hors intersection,Normale,Sans collision,,,,,,,,,,,1,2,1,1,7
200600036593,0006-06-06 21:00:00,6,6,6,21,0,930,13,LECLERC (AVENU DE LA DIV,,,Plein jour,En agglomération,Hors intersection,Normale,Deux véhicules - arrière,,,,,,,,,,,1,2,1,1,2
200600036594,0006-06-07 15:20:00,6,6,7,15,20,930,30,"6, CROIZAT (AVENUE AMBRO",,,Plein jour,En agglomération,Intersection en X,Normale,Autre collision,,,,,,,,,,,1,2,2,1,6
200600036595,0006-06-12 15:20:00,6,6,12,15,20,930,27,"51, JAURES (AVENUE JEAN)",,,Plein jour,En agglomération,Hors intersection,Normale,Autre collision,,,,,,,,,,,1,2,1,1,6
200600036596,0006-06-13 09:30:00,6,6,13,9,30,930,27,PASTEUR (BOULEVARD) DE 1,,,Plein jour,En agglomération,Hors intersection,Normale,Autre collision,,,,,,,,,,,1,2,1,1,6
200600036597,0006-06-17 18:10:00,6,6,17,18,10,930,27,"1, GENEVE (RUE DE)",,,Plein jour,En agglomération,Hors intersection,Normale,Deux véhicules - côté,,,,,,,,,,,1,2,1,1,3
200600036598,0006-06-25 21:00:00,6,6,25,21,0,930,30,HUIT-MAI-1945 (AVENUE DU,,,Plein jour,En agglomération,Hors intersection,Pluie légère,Deux véhicules - arrière,,,,,,,,,,,1,2,1,2,2
200600036599,0006-06-26 19:16:00,6,6,26,19,16,930,27,VAILLANT-COUTURIER (AVEN,,,Plein jour,En agglomération,Hors intersection,Normale,Trois véhicules et plus - collisions multiples,,,,,,,,,,,1,2,1,1,5
200600036600,0006-06-28 14:30:00,6,6,28,14,30,930,13,"37, CAVILLON (RUE ANIZAN",,,Plein jour,En agglomération,Hors intersection,Normale,Deux véhicules - frontale,,,,,,,,,,,1,2,1,1,1
200600036601,0006-06-10 14:50:00,6,6,10,14,50,930,27,"2, CONVENTION (RUE DE LA",,,Plein jour,En agglomération,Hors intersection,Temps éblouissant,Deux véhicules - côté,,,,,,,,,,,1,2,1,7,3
200600036602,0006-06-19 09:20:00,6,6,19,9,20,930,29,"48, HENRI BARBUSSE (AVE)",,,Plein jour,En agglomération,Hors intersection,Normale,Autre collision,,,,,,,,,,,1,2,1,1,6
200600036603,0006-06-04 19:55:00,6,6,4,19,55,930,29,"152, HENRI BARBUSSE (AVE",,,Plein jour,En agglomération,Hors intersection,Normale,Deux véhicules - côté,,,,,,,,,,,1,2,1,1,3
200600036604,0006-06-06 16:45:00,6,6,6,16,45,930,29,"68, EUGENE VARLIN",,,Plein jour,En agglomération,Intersection en X,Normale,Deux véhicules - côté,,,,,,,,,,,1,2,2,1,3
200600036605,0006-06-06 17:45:00,6,6,6,17,45,930,29,BOIS DE GROSLAY (DES),,,Plein jour,En agglomération,Intersection en X,Normale,Autre collision,,,,,,,,,,,1,2,2,1,6
200600036606,0006-06-10 15:15:00,6,6,10,15,15,930,29,"40-43, JEAN JAURES (AVEN",,,Plein jour,En agglomération,Hors intersection,Normale,Deux véhicules - côté,,,,,,,,,,,1,2,1,1,3
200600036607,0006-06-11 07:13:00,6,6,11,7,13,930,29,MARCELIN BERTHELOT,,,Plein jour,En agglomération,Intersection en T,Normale,Deux véhicules - arrière,,,,,,,,,,,1,2,3,1,2
200600036608,0006-06-11 22:20:00,6,6,11,22,20,930,29,"139, ROGER SALENGRO N° 0",,,Nuit avec éclairage allumé,En agglomération,Hors intersection,Normale,Autre collision,,,,,,,,,,,5,2,1,1,6
200600036609,0006-06-13 17:30:00,6,6,13,17,30,930,29,"1, PAUL VAILLANT COUTURI",,,Plein jour,En agglomération,Intersection en Y,Normale,Autre collision,,,,,,,,,,,1,2,4,1,6
200600036610,0006-06-15 12:45:00,6,6,15,12,45,930,29,DOMINIQUE ROBERTY,,,Plein jour,En agglomération,Intersection en X,Normale,Deux véhicules - côté,,,,,,,,,,,1,2,2,1,3
200600036611,0006-06-15 19:20:00,6,6,15,19,20,930,29,"87, HENRI LANGLOIS",,,Plein jour,En agglomération,Hors intersection,Normale,Autre collision,,,,,,,,,,,1,2,1,1,6
200600036612,0006-06-16 18:45:00,6,6,16,18,45,930,29,"56, HENRI FOURNIER",,,Plein jour,En agglomération,Hors intersection,Normale,Autre collision,,,,,,,,,,,1,2,1,1,6
200600036613,0006-06-26 17:52:00,6,6,26,17,52,930,29,ANATOLE FRANCE,,,Plein jour,En agglomération,Hors intersection,Normale,Deux véhicules - arrière,,,,,,,,,,,1,2,1,1,2
200600036614,0006-06-28 14:25:00,6,6,28,14,25,930,29,REPIQUET (ROND-POINT),,,Plein jour,En agglomération,Hors intersection,Normale,Deux véhicules - arrière,,,,,,,,,,,1,2,1,1,2
200600036615,0006-06-29 20:30:00,6,6,29,20,30,930,29,"42, HENRI BARBUSSE (AVE)",,,Plein jour,En agglomération,Hors intersection,Normale,Autre collision,,,,,,,,,,,1,2,1,1,6
200600036616,0006-06-03 13:00:00,6,6,3,13,0,930,31,"42, FOCH (BOULEVARD)",,,Plein jour,En agglomération,Hors intersection,Normale,Deux véhicules - côté,,,,,,,,,,,1,2,1,1,3
200600036617,0006-06-06 08:00:00,6,6,6,8,0,930,31,"0, FELIX MERLIN",,,Plein jour,En agglomération,Passage à niveau,Normale,Autre collision,,,,,,,,,,,1,2,8,1,6
200600036618,0006-06-09 15:20:00,6,6,9,15,20,930,31,"58, FELIX MERLIN",,,Plein jour,En agglomération,Hors intersection,Normale,Autre collision,,,,,,,,,,,1,2,1,1,6
200600036619,0006-06-10 14:30:00,6,6,10,14,30,930,31,"37, CDT LOUIS BOUCHET (A",,,Plein jour,En agglomération,Hors intersection,Normale,Deux véhicules - côté,,,,,,,,,,,1,2,1,1,3
200600036620,0006-06-10 21:20:00,6,6,10,21,20,930,31,"24-26, PARIS (RUE DE) 1",,,Plein jour,En agglomération,Hors intersection,Normale,Autre collision,,,,,,,,,,,1,2,1,1,6
200600036621,0006-06-21 11:55:00,6,6,21,11,55,930,31,"0, DE LATTRE DE TASSIGNY",,,Plein jour,En agglomération,Hors intersection,Normale,Autre collision,,,,,,,,,,,1,2,1,1,6
200600036622,0006-06-21 14:00:00,6,6,21,14,0,930,31,", SAINT LEU (ROUTE DE) 1",,,Plein jour,En agglomération,Hors intersection,Normale,Autre collision,,,,,,,,,,,1,2,1,1,6
200600036623,0006-06-21 19:20:00,6,6,21,19,20,930,31,"0, ENGHIEN (AV D')",,,Plein jour,En agglomération,Autre intersection,Normale,Deux véhicules - côté,,,,,,,,,,,1,2,9,1,3
200600036624,0006-06-18 18:15:00,6,6,18,18,15,930,79,"0, SAINT LEU (ROUTE)",,,Plein jour,En agglomération,Intersection en Y,Normale,Deux véhicules - arrière,,,,,,,,,,,1,2,4,1,2
200600036625,0006-06-22 18:45:00,6,6,22,18,45,930,31,"12, PARIS (RUE DE) 1 à 8",,,Plein jour,En agglomération,Hors intersection,Normale,Autre collision,,,,,,,,,,,1,2,1,1,6
200600036626,0006-06-04 19:50:00,6,6,4,19,50,930,47,", SCIENCES   (AVENUE DES",,,Plein jour,En agglomération,Intersection en X,Normale,Deux véhicules - côté,,,,,,,,,,,1,2,2,1,3
200600036627,0006-06-08 19:30:00,6,6,8,19,30,930,47,GABRIEL PERI  (AVENUE),,,Plein jour,En agglomération,Hors intersection,Normale,Sans collision,,,,,,,,,,,1,2,1,1,7
200600036628,0006-06-12 15:05:00,6,6,12,15,5,930,32,"JULES GUESDES  (RUE, DU",,,Plein jour,En agglomération,Intersection en T,Normale,Autre collision,,,,,,,,,,,1,2,3,1,6
200600036629,0006-06-15 01:10:00,6,6,15,1,10,930,32,GENERAL LECLERC   (RUE D,,,Nuit avec éclairage allumé,En agglomération,Hors intersection,Pluie légère,Autre collision,,,,,,,,,,,5,2,1,2,6
200600036630,0006-06-16 20:30:00,6,6,16,20,30,930,32,"105, VERSAILLES (AVENUE",,,Plein jour,En agglomération,Hors intersection,Normale,Deux véhicules - côté,,,,,,,,,,,1,2,1,1,3
200600036631,0006-06-17 18:30:00,6,6,17,18,30,930,47,"9, TOUR DU PARC  (CHEMIN",,,Plein jour,En agglomération,Hors intersection,Normale,Autre collision,,,,,,,,,,,1,2,1,1,6
200600036632,0006-06-25 00:01:00,6,6,25,0,1,930,47,EUROPE (BOULEVARD DE L'),,,Nuit avec éclairage allumé,En agglomération,Hors intersection,Normale,Deux véhicules - côté,,,,,,,,,,,5,2,1,1,3
200600036633,0006-06-25 06:00:00,6,6,25,6,0,930,32,HENRI BARBUSSE   (AVENUE,,,Plein jour,En agglomération,Hors intersection,Autre,Autre collision,,,,,,,,,,,1,2,1,9,6
200600036634,0006-06-26 08:40:00,6,6,26,8,40,930,47,PAUL BERT  (RUE),,,Plein jour,En agglomération,Autre intersection,Temps couvert,Autre collision,,,,,,,,,,,1,2,9,8,6
200600036635,0006-06-30 19:50:00,6,6,30,19,50,930,47,"204, DANIEL PERDRIGE  (A",,,Plein jour,En agglomération,Intersection en X,Normale,Deux véhicules - côté,,,,,,,,,,,1,2,2,1,3
200600036636,0006-06-02 01:15:00,6,6,2,1,15,930,63,"ignoré, CARNOT PLACE",,,Nuit avec éclairage allumé,En agglomération,Place,Normale,Deux véhicules - côté,,,,,,,,,,,5,2,7,1,3
200600036637,0006-06-02 16:00:00,6,6,2,16,0,930,63,"157, NOISY ROUTE DE",,,Plein jour,En agglomération,Hors intersection,Normale,Deux véhicules - côté,,,,,,,,,,,1,2,1,1,3
200600036638,0006-06-02 18:25:00,6,6,2,18,25,930,6,PASTEUR AV.,,,Plein jour,En agglomération,Autre intersection,Normale,Deux véhicules - côté,,,,,,,,,,,1,2,9,1,3
200600036639,0006-06-03 18:30:00,6,6,3,18,30,930,6,"53, GIRARDOT RUE",,,Plein jour,En agglomération,Hors intersection,Normale,Autre collision,,,,,,,,,,,1,2,1,1,6
200600036640,0006-06-06 20:05:00,6,6,6,20,5,930,63,METZ AVENUE DE,,,Plein jour,En agglomération,Intersection en T,Normale,Deux véhicules - côté,,,,,,,,,,,1,2,3,1,3
200600036641,0006-06-07 18:40:00,6,6,7,18,40,930,63,LEMOINE RUE JEAN,,,Plein jour,En agglomération,Hors intersection,Normale,Deux véhicules - frontale,,,,,,,,,,,1,2,1,1,1
200600036642,0006-06-09 15:00:00,6,6,9,15,0,930,63,"4, BENFLEET RUE DE",,,Plein jour,En agglomération,Hors intersection,Normale,Deux véhicules - côté,,,,,,,,,,,1,2,1,1,3
200600036643,0006-06-12 15:05:00,6,6,12,15,5,930,45,"118, DE LATTRE DE TASSIG",,,Plein jour,En agglomération,Hors intersection,Normale,Deux véhicules - côté,,,,,,,,,,,1,2,1,1,3
200600036644,0006-06-19 17:25:00,6,6,19,17,25,930,6,COLOMBIER MARIE-ANNE,,,Plein jour,En agglomération,Hors intersection,Normale,Deux véhicules - frontale,,,,,,,,,,,1,2,1,1,1
200600036645,0006-06-21 11:35:00,6,6,21,11,35,930,45,"52, PARIS RUE DE",,,Plein jour,En agglomération,Hors intersection,Normale,Autre collision,,,,,,,,,,,1,2,1,1,6
200600036646,0006-06-21 11:45:00,6,6,21,11,45,930,63,JAURES RUE JEAN,,,Plein jour,En agglomération,Intersection en X,Normale,Deux véhicules - côté,,,,,,,,,,,1,2,2,1,3
200600036647,0006-06-28 14:15:00,6,6,28,14,15,930,61,", ESTIENNE D'ORVES",,,Plein jour,En agglomération,Intersection en T,Normale,Deux véhicules - côté,,,,,,,,,,,1,2,3,1,3
200600036648,0006-06-29 22:40:00,6,6,29,22,40,930,63,KERAUTRET AVENUE PIERRE,,,Nuit avec éclairage allumé,En agglomération,Intersection en T,Normale,Deux véhicules - côté,,,,,,,,,,,5,2,3,1,3
200600036649,0006-06-06 13:05:00,6,6,6,13,5,930,46,"73, VAUBAN AVENUE",,,Plein jour,En agglomération,Hors intersection,Normale,Autre collision,,,,,,,,,,,1,2,1,1,6
200600036650,0006-06-10 15:25:00,6,6,10,15,25,930,46,"26, GUTEMBERG BOULEVARD",,,Plein jour,En agglomération,Hors intersection,Temps éblouissant,Deux véhicules - côté,,,,,,,,,,,1,2,1,7,3
200600036651,0006-06-11 10:45:00,6,6,11,10,45,930,46,"NR, ARISTIDE BRIAND AVEN",,,Plein jour,En agglomération,Intersection en T,Normale,Deux véhicules - côté,,,,,,,,,,,1,2,3,1,3
200600036652,0006-06-12 17:30:00,6,6,12,17,30,930,46,"80, CESAR COLLAVERI AVEN",,,Plein jour,En agglomération,Intersection en X,Normale,Deux véhicules - côté,,,,,,,,,,,1,2,2,1,3
200600036653,0006-06-13 16:55:00,6,6,13,16,55,930,74,"NR, MEAUX RUE DE",,,Plein jour,En agglomération,Intersection en T,Normale,Deux véhicules - côté,,,,,,,,,,,1,2,3,1,3
200600036654,0006-06-15 08:00:00,6,6,15,8,0,930,46,"NR, VOLTAIRE AVENUE",,,Plein jour,En agglomération,Intersection en T,Pluie légère,Deux véhicules - côté,,,,,,,,,,,1,2,3,2,3
200600036655,0006-06-17 21:00:00,6,6,17,21,0,930,46,EUROPE BOULEVARD DE L',,,Plein jour,Hors agglomération,Hors intersection,Normale,Sans collision,,,,,,,,,,,1,1,1,1,7
200600036656,0006-06-18 00:10:00,6,6,18,0,10,930,74,"139, MEAUX RUE DE",,,Nuit avec éclairage allumé,En agglomération,Hors intersection,Normale,Deux véhicules - arrière,,,,,,,,,,,5,2,1,1,2
200600036657,0006-06-21 14:10:00,6,6,21,14,10,930,74,"67, MEAUX RUE DE",,,Plein jour,En agglomération,Hors intersection,Normale,Autre collision,,,,,,,,,,,1,2,1,1,6
200600036658,0006-06-21 17:10:00,6,6,21,17,10,930,74,"28, SEVRAN RUE DE",,,Plein jour,En agglomération,Hors intersection,Normale,Deux véhicules - côté,,,,,,,,,,,1,2,1,1,3
200600036659,0006-06-23 18:00:00,6,6,23,18,0,930,46,ARISTIDE BRIAND AVENUE,,,Plein jour,En agglomération,Intersection en X,Normale,Deux véhicules - frontale,,,,,,,,,,,1,2,2,1,1
200600036660,0006-06-24 05:00:00,6,6,24,5,0,930,74,RN 3,,,Nuit sans éclairage public,Hors agglomération,Hors intersection,Normale,Autre collision,,,,,,,,,,,3,1,1,1,6
200600036661,0006-06-24 20:25:00,6,6,24,20,25,930,46,"nr, JOSEPH NOIZE ALLEE",,,Plein jour,En agglomération,Intersection en X,Normale,Deux véhicules - côté,,,,,,,,,,,1,2,2,1,3
200600036662,0006-06-29 21:15:00,6,6,29,21,15,930,74,RN 3,,,Plein jour,En agglomération,Hors intersection,Normale,Deux véhicules - côté,,,,,,,,,,,1,2,1,1,3
200600036663,0006-06-04 18:50:00,6,6,4,18,50,930,48,ETIENNE MARCEL (RUE),,,Plein jour,En agglomération,Hors intersection,Normale,Autre collision,,,,,,,,,,,1,2,1,1,6
200600036664,0006-06-07 09:10:00,6,6,7,9,10,930,48,"1, ROUGET DE L'ISLE (BOU",,,Plein jour,En agglomération,Hors intersection,Normale,Autre collision,,,,,,,,,,,1,2,1,1,6
200600036665,0006-06-07 11:40:00,6,6,7,11,40,930,48,NOUVELLE FRANCE (RUE DE,,,Plein jour,En agglomération,Hors intersection,Normale,Deux véhicules - arrière,,,,,,,,,,,1,2,1,1,2
200600036666,0006-06-07 19:30:00,6,6,7,19,30,930,48,"4, JEAN-JACQUES ROUSSEAU",,,Plein jour,En agglomération,Intersection en T,Normale,Autre collision,,,,,,,,,,,1,2,3,1,6
200600036667,0006-06-08 18:00:00,6,6,8,18,0,930,48,ROSNY (RUE DE),,,Plein jour,En agglomération,Hors intersection,Normale,Autre collision,,,,,,,,,,,1,2,1,1,6
200600036668,0006-06-12 09:40:00,6,6,12,9,40,930,48,"31, GALLILEE (RUE)",,,Plein jour,En agglomération,Hors intersection,Normale,Sans collision,,,,,,,,,,,1,2,1,1,7
200600036669,0006-06-12 10:40:00,6,6,12,10,40,930,48,"289bis, VICTOR HUGO S5 (",,,Plein jour,En agglomération,Hors intersection,Normale,Autre collision,,,,,,,,,,,1,2,1,1,6
200600036670,0006-06-12 17:00:00,6,6,12,17,0,930,48,"72, THEOPHILE SUEUR (BOU",,,Plein jour,En agglomération,Intersection en T,Normale,Autre collision,,,,,,,,,,,1,2,3,1,6
200600036671,0006-06-13 16:30:00,6,6,13,16,30,930,48,"37, PRESIDENT WILSON (AV",,,Plein jour,En agglomération,Hors intersection,Normale,Autre collision,,,,,,,,,,,1,2,1,1,6
200600036672,0006-06-14 21:45:00,6,6,14,21,45,930,48,ROBESPIERRE (RUE),,,Nuit avec éclairage allumé,En agglomération,Intersection en T,Pluie légère,Deux véhicules - frontale,,,,,,,,,,,5,2,3,2,1
200600036673,0006-06-15 16:25:00,6,6,15,16,25,930,48,SERGENT BOBILLOT (RUE DU,,,Plein jour,En agglomération,Intersection en X,Normale,Deux véhicules - côté,,,,,,,,,,,1,2,2,1,3
200600036674,0006-06-19 18:15:00,6,6,19,18,15,930,48,"104, MARCEAU (RUE)",,,Plein jour,En agglomération,Hors intersection,Normale,Deux véhicules - arrière,,,,,,,,,,,1,2,1,1,2
200600036675,0006-06-20 17:30:00,6,6,20,17,30,930,48,"280, ROSNY (RUE DE)",,,Plein jour,En agglomération,Hors intersection,Normale,Deux véhicules - côté,,,,,,,,,,,1,2,1,1,3
200600036676,0006-06-26 16:30:00,6,6,26,16,30,930,48,"228, PARIS (RUE DE)",,,Plein jour,En agglomération,Hors intersection,Normale,Autre collision,,,,,,,,,,,1,2,1,1,6
200600036677,0006-06-28 19:40:00,6,6,28,19,40,930,48,"58, REPUBLIQUE (RUE DE L",,,Plein jour,En agglomération,Hors intersection,Normale,Autre collision,,,,,,,,,,,1,2,1,1,6
200600036678,0006-06-29 14:30:00,6,6,29,14,30,930,48,"268, THEOPHILE SUEUR (BO",,,Plein jour,En agglomération,Intersection en X,Normale,Deux véhicules - côté,,,,,,,,,,,1,2,2,1,3
200600036679,0006-06-01 11:20:00,6,6,1,11,20,930,50,MARX DORMOY (RUE),,,Plein jour,En agglomération,Intersection en X,Normale,Deux véhicules - côté,,,,,,,,,,,1,2,2,1,3
200600036680,0006-06-03 11:00:00,6,6,3,11,0,930,50,MASSENET (AVENUE),,,Plein jour,En agglomération,Hors intersection,Normale,Autre collision,,,,,,,,,,,1,2,1,1,6
200600036681,0006-06-11 19:00:00,6,6,11,19,0,930,49,NORD (AVENUE),,,Plein jour,En agglomération,Intersection en X,Temps éblouissant,Deux véhicules - côté,,,,,,,,,,,1,2,2,7,3
200600036682,0006-06-15 08:30:00,6,6,15,8,30,930,50,PAUL DOUMER (RUE),,,Plein jour,En agglomération,Intersection en T,Pluie légère,Deux véhicules - côté,,,,,,,,,,,1,2,3,2,3
200600036683,0006-06-18 11:00:00,6,6,18,11,0,930,50,"17, MARECHAL FOCH (AVENU",,,Plein jour,En agglomération,Intersection en T,Normale,Deux véhicules - côté,,,,,,,,,,,1,2,3,1,3
200600036684,0006-06-18 00:15:00,6,6,18,0,15,930,50,JEAN JAURES (AVENUE) COT,,,Nuit avec éclairage allumé,En agglomération,Hors intersection,Normale,Autre collision,,,,,,,,,,,5,2,1,1,6
200600036685,0006-06-27 16:00:00,6,6,27,16,0,930,50,"79, PAUL ET CAMILLE THOM",,,Plein jour,En agglomération,Hors intersection,Normale,Deux véhicules - côté,,,,,,,,,,,1,2,1,1,3
200600036686,0006-06-28 10:50:00,6,6,28,10,50,930,50,"100, ONZE NOVEMBRE (RUE)",,,Plein jour,En agglomération,Hors intersection,Normale,Deux véhicules - côté,,,,,,,,,,,1,2,1,1,3
200600036687,0006-06-01 17:45:00,6,6,1,17,45,930,51,PAUL PAMBRUN (BOULEVARD),,,Plein jour,En agglomération,Intersection en T,Temps couvert,Autre collision,,,,,,,,,,,1,2,3,8,6
200600036688,0006-06-06 11:10:00,6,6,6,11,10,930,51,"85, MEDERIC (AVENUE)",,,Plein jour,En agglomération,Intersection en Y,Normale,Autre collision,,,,,,,,,,,1,2,4,1,6
200600036689,0006-06-07 07:25:00,6,6,7,7,25,930,51,NEUILLY (ROUTE),,,Plein jour,En agglomération,Hors intersection,Normale,Deux véhicules - arrière,,,,,,,,,,,1,2,1,1,2
200600036690,0006-06-12 17:45:00,6,6,12,17,45,930,51,DOCTEUR SUREAU,,,Plein jour,En agglomération,Hors intersection,Normale,Sans collision,,,,,,,,,,,1,2,1,1,7
200600036691,0006-06-14 10:10:00,6,6,14,10,10,930,51,PIERRE BROSSOLETTE,,,Plein jour,En agglomération,Intersection en X,Normale,Deux véhicules - côté,,,,,,,,,,,1,2,2,1,3
200600036692,0006-06-16 16:01:00,6,6,16,16,1,930,51,"1, VILLIERS (ROUTE)",,,Plein jour,En agglomération,Hors intersection,Normale,Autre collision,,,,,,,,,,,1,2,1,1,6
200600036693,0006-06-17 15:10:00,6,6,17,15,10,930,33,GENERAL LECLERC (AVENUE),,,Plein jour,En agglomération,Intersection en T,Normale,Deux véhicules - côté,,,,,,,,,,,1,2,3,1,3
200600036694,0006-06-21 08:50:00,6,6,21,8,50,930,51,"09, UNIVERSITE",,,Plein jour,En agglomération,Hors intersection,Normale,Deux véhicules - côté,,,,,,,,,,,1,2,1,1,3
200600036695,0006-06-26 10:10:00,6,6,26,10,10,930,51,MONT D'EST (BD),,,Plein jour,En agglomération,Intersection à plus de 4 branches,Normale,Autre collision,,,,,,,,,,,1,2,5,1,6
200600036696,0006-06-27 07:50:00,6,6,27,7,50,930,51,MARECHAL FOCH (BOULEVARD,,,Plein jour,En agglomération,Intersection à plus de 4 branches,Temps couvert,Deux véhicules - côté,,,,,,,,,,,1,2,5,8,3
200600036697,0006-06-09 15:47:00,6,6,9,15,47,930,53,"104, VAILLANT COUTURIER",,,Plein jour,En agglomération,Hors intersection,Normale,Autre collision,,,,,,,,,,,1,2,1,1,6
200600036698,0006-06-10 16:16:00,6,6,10,16,16,930,53,"21, GENERAL LECLERC (AVE",,,Plein jour,En agglomération,Intersection en T,Normale,Deux véhicules - côté,,,,,,,,,,,1,2,3,1,3
200600036699,0006-06-11 20:05:00,6,6,11,20,5,930,53,"94, JULES AUFFRET (RUE)",,,Plein jour,En agglomération,Intersection en Y,Normale,Deux véhicules - arrière,,,,,,,,,,,1,2,4,1,2
200600036700,0006-06-14 17:30:00,6,6,14,17,30,930,53,"61, GALLIENI",,,Plein jour,En agglomération,Hors intersection,Normale,Autre collision,,,,,,,,,,,1,2,1,1,6
200600036701,0006-06-15 16:45:00,6,6,15,16,45,930,53,"95, MARCEAU (AVENUE)",,,Plein jour,En agglomération,Intersection en T,Normale,Autre collision,,,,,,,,,,,1,2,3,1,6
200600036702,0006-06-20 17:00:00,6,6,20,17,0,930,53,"04, BAUDIN (RUE)",,,Plein jour,En agglomération,Intersection en X,Normale,Autre collision,,,,,,,,,,,1,2,2,1,6
200600036703,0006-06-29 16:45:00,6,6,29,16,45,930,53,"34, ROSNY (AVENUE DE) N°",,,Plein jour,En agglomération,Hors intersection,Normale,Deux véhicules - arrière,,,,,,,,,,,1,2,1,1,2
200600036704,0006-06-02 16:25:00,6,6,2,16,25,930,55,"ANGLE, DEBARCADERE (DU)",,,Plein jour,En agglomération,Intersection en T,Normale,Deux véhicules - côté,,,,,,,,,,,1,2,3,1,3
200600036705,0006-06-07 14:00:00,6,6,7,14,0,930,55,"48, HOCHE",,,Plein jour,En agglomération,Intersection en T,Normale,Deux véhicules - côté,,,,,,,,,,,1,2,3,1,3
200600036706,0006-06-08 00:40:00,6,6,8,0,40,930,55,"52, JEAN LOLIVE (AVENUE)",,,Nuit avec éclairage allumé,En agglomération,Intersection en T,Normale,Deux véhicules - côté,,,,,,,,,,,5,2,3,1,3
200600036707,0006-06-13 15:35:00,6,6,13,15,35,930,55,POMMIERS(DES) (31/FIN .,,,Plein jour,En agglomération,Hors intersection,Normale,Autre collision,,,,,,,,,,,1,2,1,1,6
200600036708,0006-06-18 17:55:00,6,6,18,17,55,930,55,"57, EDOUARD VAILLANT DU",,,Plein jour,En agglomération,Hors intersection,Normale,Autre collision,,,,,,,,,,,1,2,1,1,6
200600036709,0006-06-19 13:35:00,6,6,19,13,35,930,55,"19-21, JEAN LOLIVE (AVEN",,,Plein jour,En agglomération,Hors intersection,Normale,Trois véhicules et plus - en chaîne,,,,,,,,,,,1,2,1,1,4
200600036710,0006-06-20 20:50:00,6,6,20,20,50,930,55,"86, GENERAL LECLERC(AVE",,,Plein jour,En agglomération,Passage à niveau,Normale,Deux véhicules - côté,,,,,,,,,,,1,2,8,1,3
200600036711,0006-06-21 07:40:00,6,6,21,7,40,930,55,"10, EDOUARD VAILLANT DU",,,Plein jour,En agglomération,Passage à niveau,Normale,Autre collision,,,,,,,,,,,1,2,8,1,6
200600036712,0006-06-28 18:20:00,6,6,28,18,20,930,55,"100, GENERAL LECLERC(AVE",,,Plein jour,En agglomération,Hors intersection,Normale,Trois véhicules et plus - collisions multiples,,,,,,,,,,,1,2,1,1,5
200600036713,0006-06-28 21:10:00,6,6,28,21,10,930,55,"14, DIVISION LECLERC (AV",,,Plein jour,En agglomération,Intersection en T,Normale,Sans collision,,,,,,,,,,,1,2,3,1,7
200600036714,0006-06-30 02:10:00,6,6,30,2,10,930,55,GUTENBERG,,,Nuit avec éclairage allumé,En agglomération,Intersection en X,Normale,Deux véhicules - frontale,,,,,,,,,,,5,2,2,1,1
200600036715,0006-06-02 16:50:00,6,6,2,16,50,930,14,EMILE COSSONNEAU (ALLEE),,,Plein jour,En agglomération,Intersection en X,Normale,Deux véhicules - côté,,,,,,,,,,,1,2,2,1,3
200600036716,0006-06-03 18:55:00,6,6,3,18,55,930,62,"0, GENERAL DE GAULLE (PL",,,Plein jour,En agglomération,Intersection en T,Normale,Deux véhicules - côté,,,,,,,,,,,1,2,3,1,3
200600036717,0006-06-08 14:30:00,6,6,8,14,30,930,62,"14 A, RESISTANCE (AVENUE",,,Plein jour,En agglomération,Hors intersection,Normale,Deux véhicules - côté,,,,,,,,,,,1,2,1,1,3
200600036718,0006-06-15 09:55:00,6,6,15,9,55,930,14,"33, GAGNY (ALLEE DE) 7 I",,,Plein jour,En agglomération,Hors intersection,Pluie légère,Autre collision,,,,,,,,,,,1,2,1,2,6
200600036719,0006-06-18 14:30:00,6,6,18,14,30,930,14,JEAN MOULIN (AVENUE),,,Plein jour,En agglomération,Intersection en Y,Normale,Deux véhicules - frontale,,,,,,,,,,,1,2,4,1,1
200600036720,0006-06-20 18:30:00,6,6,20,18,30,930,14,"2, MAURICE AUDIN (ALLEE)",,,Plein jour,En agglomération,Hors intersection,Normale,Autre collision,,,,,,,,,,,1,2,1,1,6