accident_id,datetime,annee,mois,jour,heure,minute,departement,commune_insee,adresse,latitude,longitude,luminosite,agglomeration,intersection,meteo,collision,nb_vehicules,nb_usagers,nb_indemnes,nb_tues,nb_blesses_hosp,nb_blesses_legers,age_cond_1,age_cond_2,veh_type_cond_1,veh_type_cond_2,lum_code,agg_code,int_code,atm_code,col_code
200600036855,0006-06-25 00:30:00,6,6,25,0,30,940,28,"0, HALPERN.(AVENUE BERNA",,,Nuit avec éclairage allumé,En agglomération,Hors intersection,Pluie légère,Deux véhicules - arrière,,,,,,,,,,,5,2,1,2,2
200600036856,0006-06-26 14:15:00,6,6,26,14,15,940,28,FOCH(AVENUE DU MARECHAL),,,Plein jour,En agglomération,Hors intersection,Normale,Deux véhicules - frontale,,,,,,,,,,,1,2,1,1,1
200600036857,0006-06-26 12:25:00,6,6,26,12,25,940,28,VERDUN.(AVENUE DE),,,Plein jour,En agglomération,Hors intersection,Normale,Trois véhicules et plus - en chaîne,,,,,,,,,,,1,2,1,1,4
200600036858,0006-06-27 08:10:00,6,6,27,8,10,940,28,"104, LECLERC.(RUE DU GEN",,,Plein jour,En agglomération,Hors intersection,Normale,Deux véhicules - côté,,,,,,,,,,,1,2,1,1,3
200600036859,0006-06-27 17:30:00,6,6,27,17,30,940,28,HALPERN.(AVENUE BERNARD),,,Plein jour,En agglomération,Hors intersection,Normale,Deux véhicules - côté,,,,,,,,,,,1,2,1,1,3
200600036860,0006-06-28 10:45:00,6,6,28,10,45,940,28,"0, HALPERN.(AVENUE BERNA",,,Plein jour,En agglomération,Hors intersection,Normale,Deux véhicules - arrière,,,,,,,,,,,1,2,1,1,2
200600036861,0006-06-28 17:45:00,6,6,28,17,45,940,11,"0, PAUL VAILLANT COUTURI",,,Plein jour,En agglomération,Hors intersection,Normale,Autre collision,,,,,,,,,,,1,2,1,1,6
200600036862,0006-06-29 17:30:00,6,6,29,17,30,940,28,LECLERC.(RUE DU GENERAL),,,Plein jour,En agglomération,Intersection en X,Normale,Deux véhicules - côté,,,,,,,,,,,1,2,2,1,3
200600036863,0006-06-12 13:10:00,6,6,12,13,10,940,33,STALINGRAD (AV DE),,,Plein jour,En agglomération,Hors intersection,Normale,Deux véhicules - côté,,,,,,,,,,,1,2,1,1,3
200600036864,0006-06-09 22:10:00,6,6,9,22,10,940,33,NEUILLY (AV DE),,,Plein jour,En agglomération,Hors intersection,Normale,Deux véhicules - arrière,,,,,,,,,,,1,2,1,1,2
200600036865,0006-06-13 08:55:00,6,6,13,8,55,940,33,VICTOR HUGO (AV),,,Plein jour,En agglomération,Hors intersection,Normale,Deux véhicules - côté,,,,,,,,,,,1,2,1,1,3
200600036866,0006-06-20 19:30:00,6,6,20,19,30,940,33,PEPINIERE (AV DE LA),,,Plein jour,En agglomération,Hors intersection,Normale,Autre collision,,,,,,,,,,,1,2,1,1,6
200600036867,0006-06-29 05:35:00,6,6,29,5,35,940,33,25 AOUT 1944 (BD DU),,,Crépuscule ou aube,En agglomération,Intersection en X,Normale,Deux véhicules - côté,,,,,,,,,,,2,2,2,1,3
200600036868,0006-06-01 09:15:00,6,6,1,9,15,940,16,"1, EUROPE (AV DE L)",,,Plein jour,En agglomération,Hors intersection,Normale,Autre collision,,,,,,,,,,,1,2,1,1,6
200600036869,0006-06-02 15:50:00,6,6,2,15,50,940,43,"2, EMILE ZOLA (R)",,,Plein jour,En agglomération,Hors intersection,Normale,Sans collision,,,,,,,,,,,1,2,1,1,7
200600036870,0006-06-02 14:15:00,6,6,2,14,15,940,16,"44, EUGENE BELGRAND (ALL",,,Plein jour,En agglomération,Hors intersection,Normale,Autre collision,,,,,,,,,,,1,2,1,1,6
200600036871,0006-06-03 22:20:00,6,6,3,22,20,940,3,"20, PAUL VAILLANT COUTUR",,,Crépuscule ou aube,En agglomération,Hors intersection,Normale,Deux véhicules - côté,,,,,,,,,,,2,2,1,1,3
200600036872,0006-06-03 11:50:00,6,6,3,11,50,940,3,"1, GENERAL MALLERET JOIN",,,Plein jour,En agglomération,Intersection en T,Normale,Deux véhicules - côté,,,,,,,,,,,1,2,3,1,3
200600036873,0006-06-07 16:40:00,6,6,7,16,40,940,3,"25, CAUCHY (R)",,,Plein jour,En agglomération,Hors intersection,Normale,Sans collision,,,,,,,,,,,1,2,1,1,7
200600036874,0006-06-07 15:45:00,6,6,7,15,45,940,16,"1, LEON BLUM (AV)",,,Plein jour,En agglomération,Intersection en T,Normale,Deux véhicules - côté,,,,,,,,,,,1,2,3,1,3
200600036875,0006-06-07 17:10:00,6,6,7,17,10,940,3,"5, PAUL VAILLANT COUTURI",,,Plein jour,En agglomération,Hors intersection,Normale,Deux véhicules - côté,,,,,,,,,,,1,2,1,1,3
200600036876,0006-06-12 08:35:00,6,6,12,8,35,940,16,"2, DIVISION LECLERC (AV",,,Plein jour,En agglomération,Hors intersection,Normale,Sans collision,,,,,,,,,,,1,2,1,1,7
200600036877,0006-06-13 07:45:00,6,6,13,7,45,940,76,PARIS (AV DE),,,Plein jour,En agglomération,Hors intersection,Normale,Trois véhicules et plus - collisions multiples,,,,,,,,,,,1,2,1,1,5
200600036878,0006-06-13 08:50:00,6,6,13,8,50,940,3,"1, PAUL VAILLANT COUTURI",,,Plein jour,En agglomération,Intersection en X,Normale,Sans collision,,,,,,,,,,,1,2,2,1,7
200600036879,0006-06-15 18:00:00,6,6,15,18,0,940,43,"1, CHARLES GIDE (AV)",,,Plein jour,En agglomération,Intersection en T,Normale,Sans collision,,,,,,,,,,,1,2,3,1,7
200600036880,0006-06-15 19:15:00,6,6,15,19,15,940,43,"15, CHARLES GIDE (AV)",,,Plein jour,En agglomération,Intersection en T,Normale,Trois véhicules et plus - collisions multiples,,,,,,,,,,,1,2,3,1,5
200600036881,0006-06-16 17:00:00,6,6,16,17,0,940,16,"28, DIVISION LECLERC (AV",,,Plein jour,En agglomération,Hors intersection,Pluie légère,Deux véhicules - côté,,,,,,,,,,,1,2,1,2,3
200600036882,0006-06-16 20:47:00,6,6,16,20,47,940,16,"60, CAMILLE DESMOULINS (",,,Plein jour,En agglomération,Hors intersection,Pluie légère,Sans collision,,,,,,,,,,,1,2,1,2,7
200600036883,0006-06-17 13:35:00,6,6,17,13,35,940,43,"52, GENERAL LECLERC (R D",,,Plein jour,En agglomération,Hors intersection,Normale,Deux véhicules - côté,,,,,,,,,,,1,2,1,1,3
200600036884,0006-06-17 17:05:00,6,6,17,17,5,940,16,"1, AMEDEE PICARD (R)",,,Plein jour,En agglomération,Intersection en T,Normale,Deux véhicules - frontale,,,,,,,,,,,1,2,3,1,1
200600036885,0006-06-18 14:30:00,6,6,18,14,30,940,76,"1, LOUIS ARAGON (AV)",,,Plein jour,En agglomération,Intersection en X,Normale,Deux véhicules - côté,,,,,,,,,,,1,2,2,1,3
200600036886,0006-06-20 17:30:00,6,6,20,17,30,940,76,"15, CHASTENET DE GERY (B",,,Plein jour,En agglomération,Hors intersection,Normale,Sans collision,,,,,,,,,,,1,2,1,1,7
200600036887,0006-06-21 23:30:00,6,6,21,23,30,940,76,"1, DOCTEUR PINEL (R DU)",,,Nuit avec éclairage allumé,En agglomération,Giratoire,Normale,Deux véhicules - côté,,,,,,,,,,,5,2,6,1,3
200600036888,0006-06-22 17:45:00,6,6,22,17,45,940,76,"108, REPUBLIQUE (AV DE L",,,Crépuscule ou aube,En agglomération,Hors intersection,Normale,Sans collision,,,,,,,,,,,2,2,1,1,7
200600036889,0006-06-22 20:15:00,6,6,22,20,15,940,16,"109, ARISTIDE BRIAND (AV",,,Plein jour,En agglomération,Hors intersection,Normale,Deux véhicules - arrière,,,,,,,,,,,1,2,1,1,2
200600036890,0006-06-23 11:30:00,6,6,23,11,30,940,3,", GABRIEL PERI (AV)",,,Plein jour,En agglomération,Hors intersection,Normale,Trois véhicules et plus - collisions multiples,,,,,,,,,,,1,2,1,1,5
200600036891,0006-06-25 11:20:00,6,6,25,11,20,940,76,LOUIS ARAGON (AV),,,Plein jour,En agglomération,Hors intersection,Normale,Deux véhicules - côté,,,,,,,,,,,1,2,1,1,3
200600036892,0006-06-30 02:30:00,6,6,30,2,30,940,37,"1, JEAN JAURES (AV)",,,Nuit avec éclairage allumé,En agglomération,Intersection en T,Normale,Deux véhicules - côté,,,,,,,,,,,5,2,3,1,3
200600036893,0006-06-02 19:35:00,6,6,2,19,35,940,73,boulevard du midi,,,Plein jour,En agglomération,Hors intersection,Pluie légère,Autre collision,,,,,,,,,,,1,2,1,2,6
200600036894,0006-06-02 13:10:00,6,6,2,13,10,940,73,GENERAL DE GAULLE (AV DU,,,Plein jour,Hors agglomération,Hors intersection,Normale,Autre collision,,,,,,,,,,,1,1,1,1,6
200600036895,0006-06-05 18:30:00,6,6,5,18,30,940,65,REPUBLIQUE (AV DE LA),,,Plein jour,En agglomération,Hors intersection,Normale,Autre collision,,,,,,,,,,,1,2,1,1,6
200600036896,0006-06-06 06:30:00,6,6,6,6,30,940,65,D'ANGERS (RUE),,,Plein jour,En agglomération,Hors intersection,Normale,Deux véhicules - côté,,,,,,,,,,,1,2,1,1,3
200600036897,0006-06-08 10:25:00,6,6,8,10,25,940,34,MAIRIE (AV DE LA),,,Plein jour,En agglomération,Hors intersection,Normale,Deux véhicules - frontale,,,,,,,,,,,1,2,1,1,1
200600036898,0006-06-06 14:00:00,6,6,6,14,0,940,34,"63, PASTEUR (BD)",,,Plein jour,En agglomération,Hors intersection,Normale,Autre collision,,,,,,,,,,,1,2,1,1,6
200600036899,0006-06-09 14:20:00,6,6,9,14,20,940,73,GENERAL DE GAULLE (AV DU,,,Plein jour,En agglomération,Hors intersection,Normale,Autre collision,,,,,,,,,,,1,2,1,1,6
200600036900,0006-06-07 19:50:00,6,6,7,19,50,940,73,RN 186,,,Plein jour,En agglomération,Hors intersection,Normale,Sans collision,,,,,,,,,,,1,2,1,1,7
200600036901,0006-06-10 13:30:00,6,6,10,13,30,940,34,HENRI BARBUSSE (R),,,Plein jour,En agglomération,Hors intersection,Normale,Sans collision,,,,,,,,,,,1,2,1,1,7
200600036902,0006-06-12 18:15:00,6,6,12,18,15,940,34,PARC DES SPORTS (AV DU),,,Plein jour,En agglomération,Hors intersection,Normale,Autre collision,,,,,,,,,,,1,2,1,1,6
200600036903,0006-06-15 05:50:00,6,6,15,5,50,940,73,RN 186,,,Crépuscule ou aube,Hors agglomération,Hors intersection,Pluie légère,Deux véhicules - frontale,,,,,,,,,,,2,1,1,2,1
200600036904,0006-06-19 16:25:00,6,6,19,16,25,940,21,JEAN MERMOZ (BD),,,Plein jour,En agglomération,Intersection en X,Normale,Deux véhicules - arrière,,,,,,,,,,,1,2,2,1,2
200600036905,0006-06-22 14:30:00,6,6,22,14,30,940,73,FONTAINEBLEAU - CAR BELL,,,Plein jour,En agglomération,Hors intersection,Normale,Deux véhicules - côté,,,,,,,,,,,1,2,1,1,3
200600036906,0006-06-12 10:20:00,6,6,12,10,20,940,73,"127, STALINGRAD (BD DE)",,,Plein jour,En agglomération,Hors intersection,Normale,Autre collision,,,,,,,,,,,1,2,1,1,6
200600036907,0006-06-21 12:10:00,6,6,21,12,10,940,21,"3, VERDUN (R DE)",,,Plein jour,En agglomération,Hors intersection,Normale,Autre collision,,,,,,,,,,,1,2,1,1,6
200600036908,0006-06-27 16:30:00,6,6,27,16,30,940,38,PAUL VAILLANT COUTURIER,,,Plein jour,En agglomération,Hors intersection,Normale,Deux véhicules - côté,,,,,,,,,,,1,2,1,1,3
200600036909,0006-06-28 05:35:00,6,6,28,5,35,940,65,RUE DU JOUR,,,Crépuscule ou aube,En agglomération,Hors intersection,Normale,Deux véhicules - frontale,,,,,,,,,,,2,2,1,1,1
200600036910,0006-06-22 09:15:00,6,6,22,9,15,940,73,VERSAILLES (AV DE),,,Plein jour,En agglomération,Hors intersection,Normale,Deux véhicules - arrière,,,,,,,,,,,1,2,1,1,2
200600036911,0006-06-24 08:30:00,6,6,24,8,30,940,65,"65, CHARLES LINDBERGH (A",,,Plein jour,En agglomération,Hors intersection,Normale,Deux véhicules - côté,,,,,,,,,,,1,2,1,1,3
200600036912,0006-06-11 15:20:00,6,6,11,15,20,940,21,STALINGRAD - CAR DES SOR,,,Plein jour,En agglomération,Hors intersection,Normale,Autre collision,,,,,,,,,,,1,2,1,1,6
200600036913,0006-06-19 16:10:00,6,6,19,16,10,940,65,"7, GRANGE (R DE LA)",,,Plein jour,En agglomération,Hors intersection,Normale,Autre collision,,,,,,,,,,,1,2,1,1,6
200600036914,0006-06-02 21:00:00,6,6,2,21,0,940,73,JEAN JAURES (R),,,Plein jour,En agglomération,Hors intersection,Normale,Autre collision,,,,,,,,,,,1,2,1,1,6
200600036915,0006-06-02 10:00:00,6,6,2,10,0,940,41,"2, JEAN JACQUES ROUSSEAU",,,Plein jour,En agglomération,Hors intersection,Normale,Sans collision,,,,,,,,,,,1,2,1,1,7
200600036916,0006-06-06 14:45:00,6,6,6,14,45,940,41,"12, MAURICE THOREZ (AV)",,,Plein jour,En agglomération,Hors intersection,Normale,Trois véhicules et plus - en chaîne,,,,,,,,,,,1,2,1,1,4
200600036917,0006-06-14 17:15:00,6,6,14,17,15,940,41,PAUL VAILLANT COUTURIER,,,Plein jour,En agglomération,Hors intersection,Normale,Deux véhicules - côté,,,,,,,,,,,1,2,1,1,3
200600036918,0006-06-16 15:05:00,6,6,16,15,5,940,41,"03, MOLIERE (R)",,,Plein jour,En agglomération,Hors intersection,Normale,Deux véhicules - arrière,,,,,,,,,,,1,2,1,1,2
200600036919,0006-06-20 16:30:00,6,6,20,16,30,940,41,VERDUN (AV DE),,,Plein jour,En agglomération,Intersection en X,Normale,Sans collision,,,,,,,,,,,1,2,2,1,7
200600036920,0006-06-23 17:50:00,6,6,23,17,50,940,41,LOUIS BERTRAND (R),,,Plein jour,En agglomération,Autre intersection,Autre,Deux véhicules - côté,,,,,,,,,,,1,2,9,9,3
200600036921,0006-06-30 17:45:00,6,6,30,17,45,940,41,VERDUN (AV DE),,,Plein jour,En agglomération,Hors intersection,Normale,Deux véhicules - arrière,,,,,,,,,,,1,2,1,1,2
200600036922,0006-06-30 08:55:00,6,6,30,8,55,940,41,"12, MARCEL BOYER (QU)",,,Plein jour,En agglomération,Hors intersection,Normale,Deux véhicules - côté,,,,,,,,,,,1,2,1,1,3
200600036923,0006-06-19 14:40:00,6,6,19,14,40,940,41,"75, VERDUN (AV DE)",,,Plein jour,En agglomération,Hors intersection,Normale,Sans collision,,,,,,,,,,,1,2,1,1,7
200600036924,0006-06-09 14:45:00,6,6,9,14,45,940,41,"1, MOISE (R)",,,Plein jour,En agglomération,Hors intersection,Normale,Deux véhicules - côté,,,,,,,,,,,1,2,1,1,3
200600036925,0006-06-02 20:10:00,6,6,2,20,10,940,46,"., GAMBETTA (AV)",,,Plein jour,En agglomération,Intersection en X,Normale,Deux véhicules - côté,,,,,,,,,,,1,2,2,1,3
200600036926,0006-06-06 16:10:00,6,6,6,16,10,940,46,"78, GAMBETTA (AV)",,,Plein jour,En agglomération,Hors intersection,Normale,Autre collision,,,,,,,,,,,1,2,1,1,6
200600036927,0006-06-06 12:10:00,6,6,6,12,10,940,46,"19, GENERAL DE GAULLE (A",,,Plein jour,En agglomération,Hors intersection,Normale,Deux véhicules - arrière,,,,,,,,,,,1,2,1,1,2
200600036928,0006-06-09 16:30:00,6,6,9,16,30,940,46,"., BELLE IMAGE (R DE LA)",,,Plein jour,En agglomération,Intersection en X,Normale,Deux véhicules - côté,,,,,,,,,,,1,2,2,1,3
200600036929,0006-06-14 19:25:00,6,6,14,19,25,940,46,"05, EUGENE RENAULT (R)",,,Plein jour,En agglomération,Hors intersection,Normale,Autre collision,,,,,,,,,,,1,2,1,1,6
200600036930,0006-06-15 09:10:00,6,6,15,9,10,940,46,"70, REPUBLIQUE (AV DE LA",,,Plein jour,En agglomération,Hors intersection,Normale,Deux véhicules - côté,,,,,,,,,,,1,2,1,1,3
200600036931,0006-06-15 12:35:00,6,6,15,12,35,940,46,"50, LIBERTE (AV DE LA)",,,Plein jour,En agglomération,Hors intersection,Normale,Autre collision,,,,,,,,,,,1,2,1,1,6
200600036932,0006-06-23 13:40:00,6,6,23,13,40,940,46,"214, REPUBLIQUE (AV DE L",,,Plein jour,En agglomération,Autre intersection,Normale,Deux véhicules - arrière,,,,,,,,,,,1,2,9,1,2
200600036933,0006-06-04 10:15:00,6,6,4,10,15,940,15,CHARLES DE GAULLE (GR),,,Plein jour,En agglomération,Hors intersection,Normale,Autre collision,,,,,,,,,,,1,2,1,1,6
200600036934,0006-06-10 14:00:00,6,6,10,14,0,940,42,CANADIENS (AV DES),,,Plein jour,En agglomération,Hors intersection,Normale,Trois véhicules et plus - collisions multiples,,,,,,,,,,,1,2,1,1,5
200600036935,0006-06-18 16:15:00,6,6,18,16,15,940,42,"3, MARECHAL LECLERC (BD",,,Plein jour,En agglomération,Hors intersection,Normale,Deux véhicules - côté,,,,,,,,,,,1,2,1,1,3
200600036936,0006-06-16 03:50:00,6,6,16,3,50,940,42,GENERAL GALLIENI (AV DU),,,Nuit avec éclairage allumé,En agglomération,Hors intersection,Normale,Autre collision,,,,,,,,,,,5,2,1,1,6
200600036937,0006-06-18 20:00:00,6,6,18,20,0,940,42,BARRAGE (QU DU),,,Plein jour,En agglomération,Hors intersection,Normale,Deux véhicules - côté,,,,,,,,,,,1,2,1,1,3
200600036938,0006-06-22 00:15:00,6,6,22,0,15,940,52,"57, STRASBOURG (BD DE)",,,Nuit sans éclairage public,En agglomération,Hors intersection,Normale,Autre collision,,,,,,,,,,,3,2,1,1,6
200600036939,0006-06-10 11:10:00,6,6,10,11,10,940,68,ARROMANCHES (AV D),,,Plein jour,En agglomération,Intersection en X,Normale,Deux véhicules - côté,,,,,,,,,,,1,2,2,1,3
200600036940,0006-06-09 19:14:00,6,6,9,19,14,940,68,ARISTIDE BRIAND (R),,,Plein jour,En agglomération,Hors intersection,Normale,Deux véhicules - côté,,,,,,,,,,,1,2,1,1,3
200600036941,0006-06-09 14:10:00,6,6,9,14,10,940,68,COTEAUX (R DES),,,Plein jour,En agglomération,Intersection en X,Normale,Deux véhicules - côté,,,,,,,,,,,1,2,2,1,3
200600036942,0006-06-14 12:25:00,6,6,14,12,25,940,68,BEAUJEU (R DE),,,Plein jour,En agglomération,Hors intersection,Normale,Deux véhicules - côté,,,,,,,,,,,1,2,1,1,3
200600036943,0006-06-14 10:45:00,6,6,14,10,45,940,68,"1, MURIERS (BD DES)",,,Plein jour,En agglomération,Hors intersection,Normale,Deux véhicules - côté,,,,,,,,,,,1,2,1,1,3
200600036944,0006-06-15 23:00:00,6,6,15,23,0,940,68,"18, PONT DE CRETEIL (R D",,,Nuit avec éclairage allumé,En agglomération,Hors intersection,Normale,Autre collision,,,,,,,,,,,5,2,1,1,6
200600036945,0006-06-16 09:40:00,6,6,16,9,40,940,68,GARNIER PAGES (R),,,Plein jour,En agglomération,Intersection en X,Normale,Trois véhicules et plus - collisions multiples,,,,,,,,,,,1,2,2,1,5
200600036946,0006-06-20 17:45:00,6,6,20,17,45,940,68,PORT AU FOUARRE (QU DU),,,Plein jour,En agglomération,Hors intersection,Normale,Sans collision,,,,,,,,,,,1,2,1,1,7
200600036947,0006-06-21 09:40:00,6,6,21,9,40,940,68,"96, FOCH (AV)",,,Plein jour,En agglomération,Hors intersection,Normale,Autre collision,,,,,,,,,,,1,2,1,1,6
200600036948,0006-06-22 17:50:00,6,6,22,17,50,940,68,PETIT PARC (QU DU),,,Plein jour,En agglomération,Intersection en X,Normale,Deux véhicules - côté,,,,,,,,,,,1,2,2,1,3
200600036949,0006-06-11 19:00:00,6,6,11,19,0,940,78,BOILEAU (R),,,Plein jour,En agglomération,Giratoire,Normale,Sans collision,,,,,,,,,,,1,2,6,1,7
200600036950,0006-06-18 14:20:00,6,6,18,14,20,940,74,"0, SALVADOR ALLENDE (AV)",,,Plein jour,En agglomération,Hors intersection,Normale,Sans collision,,,,,,,,,,,1,2,1,1,7
200600036951,0006-06-06 16:30:00,6,6,6,16,30,940,77,"0, VERDUN (COUR DE)",,,Plein jour,En agglomération,Hors intersection,Normale,Deux véhicules - arrière,,,,,,,,,,,1,2,1,1,2
200600036952,0006-06-23 16:50:00,6,6,23,16,50,940,78,CHOISY (AV DE),,,Plein jour,En agglomération,Intersection en Y,Normale,Autre collision,,,,,,,,,,,1,2,4,1,6
200600036953,0006-06-24 16:30:00,6,6,24,16,30,940,77,REPUBLIQUE (AV DE LA),,,Plein jour,En agglomération,Autre intersection,Normale,Sans collision,,,,,,,,,,,1,2,9,1,7
200600036954,0006-06-08 06:55:00,6,6,8,6,55,940,77,LE FOLL (AV),,,Crépuscule ou aube,En agglomération,Intersection en X,Normale,Deux véhicules - côté,,,,,,,,,,,2,2,2,1,3
200600036955,0006-06-02 18:30:00,6,6,2,18,30,940,78,"16/18, CHENES (R DES)",,,Plein jour,En agglomération,Hors intersection,Normale,Autre collision,,,,,,,,,,,1,2,1,1,6
200600036956,0006-06-12 17:15:00,6,6,12,17,15,940,78,"1, MELUN (AV DE)",,,Plein jour,En agglomération,Hors intersection,Normale,Sans collision,,,,,,,,,,,1,2,1,1,7
200600036957,0006-06-16 07:00:00,6,6,16,7,0,940,78,"8, PARIS (R DE)",,,Plein jour,En agglomération,Hors intersection,Normale,Sans collision,,,,,,,,,,,1,2,1,1,7
200600036958,0006-06-18 22:40:00,6,6,18,22,40,940,78,MELUN (AV DE),,,Nuit avec éclairage allumé,En agglomération,Hors intersection,Normale,Deux véhicules - arrière,,,,,,,,,,,5,2,1,1,2
200600036959,0006-06-22 09:20:00,6,6,22,9,20,940,78,MELUN (AV DE),,,Plein jour,En agglomération,Hors intersection,Normale,Sans collision,,,,,,,,,,,1,2,1,1,7
200600036960,0006-06-30 01:50:00,6,6,30,1,50,940,77,NORMANDE (VOI),,,Nuit avec éclairage allumé,En agglomération,Hors intersection,Normale,Autre collision,,,,,,,,,,,5,2,1,1,6
200600036961,0006-06-05 22:45:00,6,6,5,22,45,940,78,HUIT MAI 1945 (AV DU),,,Nuit avec éclairage allumé,En agglomération,Hors intersection,Normale,Autre collision,,,,,,,,,,,5,2,1,1,6
200600036962,0006-06-09 06:40:00,6,6,9,6,40,940,77,"27, REPUBLIQUE (AV DE LA",,,Plein jour,En agglomération,Hors intersection,Normale,Autre collision,,,,,,,,,,,1,2,1,1,6
200600036963,0006-06-12 09:20:00,6,6,12,9,20,940,78,PARIS (R DE),,,Plein jour,En agglomération,Hors intersection,Normale,Autre collision,,,,,,,,,,,1,2,1,1,6
200600036964,0006-06-17 13:30:00,6,6,17,13,30,940,78,JEAN MOULIN (CAR),,,Plein jour,En agglomération,Intersection en T,Normale,Autre collision,,,,,,,,,,,1,2,3,1,6
200600036965,0006-06-20 11:40:00,6,6,20,11,40,940,78,HUIT MAI 1945 (AV DU),,,Plein jour,En agglomération,Hors intersection,Normale,Deux véhicules - arrière,,,,,,,,,,,1,2,1,1,2
200600036966,0006-06-06 19:10:00,6,6,6,19,10,940,80,AUBERT (AV),,,Plein jour,En agglomération,Intersection en X,Normale,Deux véhicules - côté,,,,,,,,,,,1,2,2,1,3
200600036967,0006-06-10 16:40:00,6,6,10,16,40,940,80,"56, PARIS (AV DE)",,,Plein jour,En agglomération,Hors intersection,Normale,Deux véhicules - arrière,,,,,,,,,,,1,2,1,1,2
200600036968,0006-06-30 16:40:00,6,6,30,16,40,940,80,"109, FRANCE (R DE)",,,Plein jour,En agglomération,Hors intersection,Normale,Deux véhicules - arrière,,,,,,,,,,,1,2,1,1,2
200600036969,0006-06-29 14:45:00,6,6,29,14,45,940,80,"29, PARIS (AV DE)",,,Plein jour,En agglomération,Hors intersection,Normale,Autre collision,,,,,,,,,,,1,2,1,1,6
200600036970,0006-06-05 13:40:00,6,6,5,13,40,940,81,"57, MOULIN DE SAQUET (AV",,,Plein jour,En agglomération,Hors intersection,Normale,Autre collision,,,,,,,,,,,1,2,1,1,6
200600036971,0006-06-06 08:10:00,6,6,6,8,10,940,81,"19, JULES GUESDE (QU)",,,Plein jour,En agglomération,Hors intersection,Normale,Autre collision,,,,,,,,,,,1,2,1,1,6
200600036972,0006-06-09 13:45:00,6,6,9,13,45,940,81,HENRI BARBUSSE (AV),,,Plein jour,Hors agglomération,Hors intersection,Normale,Deux véhicules - frontale,,,,,,,,,,,1,1,1,1,1
200600036973,0006-06-10 16:00:00,6,6,10,16,0,940,81,"38, YOURI GAGARINE (AV)",,,Plein jour,En agglomération,Hors intersection,Normale,Deux véhicules - arrière,,,,,,,,,,,1,2,1,1,2
200600036974,0006-06-13 14:10:00,6,6,13,14,10,940,81,"100, PAUL VAILLANT COUTU",,,Plein jour,En agglomération,Intersection en T,Normale,Autre collision,,,,,,,,,,,1,2,3,1,6
200600036975,0006-06-13 14:30:00,6,6,13,14,30,940,81,CHARLES INFROIT (R),,,Plein jour,En agglomération,Intersection en T,Normale,Autre collision,,,,,,,,,,,1,2,3,1,6
200600036976,0006-06-22 05:40:00,6,6,22,5,40,940,81,"1, MARAT (R)",,,Crépuscule ou aube,En agglomération,Intersection en X,Normale,Autre collision,,,,,,,,,,,2,2,2,1,6
200600036977,0006-06-23 18:20:00,6,6,23,18,20,940,81,", HENRI BARBUSSE (AV)",,,Plein jour,En agglomération,Intersection en T,Normale,Autre collision,,,,,,,,,,,1,2,3,1,6
200600036978,0006-06-25 14:00:00,6,6,25,14,0,940,81,"19, JULES GUESDE (QU)",,,Plein jour,En agglomération,Hors intersection,Pluie légère,Deux véhicules - frontale,,,,,,,,,,,1,2,1,2,1
200600036979,0006-06-27 16:30:00,6,6,27,16,30,940,81,JULES GUESDE (QU),,,Plein jour,En agglomération,Autre intersection,Normale,Autre collision,,,,,,,,,,,1,2,9,1,6
200600036980,0006-06-27 23:05:00,6,6,27,23,5,940,81,MAXIMILIEN ROBESPIERRE (,,,Nuit avec éclairage allumé,En agglomération,Hors intersection,Normale,Deux véhicules - arrière,,,,,,,,,,,5,2,1,1,2
200600036981,0006-06-28 16:45:00,6,6,28,16,45,940,81,"75 / 77, JEAN JAURES (AV",,,Plein jour,En agglomération,Hors intersection,Normale,Deux véhicules - arrière,,,,,,,,,,,1,2,1,1,2
200600036982,0006-06-30 13:05:00,6,6,30,13,5,940,81,JULES GUESDE (QU),,,Plein jour,En agglomération,Intersection en T,Normale,Deux véhicules - frontale,,,,,,,,,,,1,2,3,1,1
200600036983,0006-06-02 16:25:00,6,6,2,16,25,950,176,"3, SAINT-GERMAIN (RUE DE",,,Plein jour,En agglomération,Intersection en T,Normale,Deux véhicules - arrière,,,,,,,,,,,1,2,3,1,2
200600036984,0006-06-03 10:07:00,6,6,3,10,7,950,18,CORMEILLES (ROUTE DE),,,Plein jour,En agglomération,Intersection en T,Normale,Deux véhicules - côté,,,,,,,,,,,1,2,3,1,3
200600036985,0006-06-05 14:05:00,6,6,5,14,5,950,18,ALLOBROGES (RUE DES),,,Plein jour,En agglomération,Hors intersection,Normale,Autre collision,,,,,,,,,,,1,2,1,1,6
200600036986,0006-06-06 07:20:00,6,6,6,7,20,950,18,EPINAY (RUE D' ),,,Plein jour,En agglomération,Intersection en T,Normale,Autre collision,,,,,,,,,,,1,2,3,1,6
200600036987,0006-06-06 17:25:00,6,6,6,17,25,950,176,"188, JOFFRE (BOULEVARD)",,,Plein jour,En agglomération,Hors intersection,Normale,Deux véhicules - côté,,,,,,,,,,,1,2,1,1,3
200600036988,0006-06-08 12:10:00,6,6,8,12,10,950,582,MARECHAL FOCH (RUE DU),,,Plein jour,En agglomération,Intersection en T,Normale,Autre collision,,,,,,,,,,,1,2,3,1,6
200600036989,0006-06-01 14:50:00,6,6,1,14,50,950,176,EMY-LES-PRES (RUE),,,Plein jour,En agglomération,Intersection en X,Normale,Deux véhicules - côté,,,,,,,,,,,1,2,2,1,3
200600036990,0006-06-08 20:25:00,6,6,8,20,25,950,18,JOFFRE (AVENUE DU MARECH,,,Plein jour,En agglomération,Intersection en T,Normale,Deux véhicules - arrière,,,,,,,,,,,1,2,3,1,2