accident_id,datetime,annee,mois,jour,heure,minute,departement,commune_insee,adresse,latitude,longitude,luminosite,agglomeration,intersection,meteo,collision,nb_vehicules,nb_usagers,nb_indemnes,nb_tues,nb_blesses_hosp,nb_blesses_legers,age_cond_1,age_cond_2,veh_type_cond_1,veh_type_cond_2,lum_code,agg_code,int_code,atm_code,col_code
200600036991,0006-06-09 09:15:00,6,6,9,9,15,950,18,"14-16, GUILLOT (BOULEVAR",,,Plein jour,En agglomération,Hors intersection,Normale,Autre collision,,,,,,,,,,,1,2,1,1,6
200600036992,0006-06-12 15:35:00,6,6,12,15,35,950,18,"32, PERI (AVENUE GABRIEL",,,Plein jour,En agglomération,Hors intersection,Normale,Autre collision,,,,,,,,,,,1,2,1,1,6
200600036993,0006-06-12 22:00:00,6,6,12,22,0,950,18,COUDRAY (RUE DU),,,Nuit avec éclairage allumé,En agglomération,Hors intersection,Normale,Sans collision,,,,,,,,,,,5,2,1,1,7
200600036994,0006-06-11 23:40:00,6,6,11,23,40,950,18,DIX NEUF MARS 1962 (RUE,,,Nuit avec éclairage allumé,En agglomération,Intersection en X,Normale,Autre collision,,,,,,,,,,,5,2,2,1,6
200600036995,0006-06-09 09:16:00,6,6,9,9,16,950,18,GIOT (RUE),,,Plein jour,En agglomération,Intersection en X,Normale,Trois véhicules et plus - collisions multiples,,,,,,,,,,,1,2,2,1,5
200600036996,0006-06-13 20:30:00,6,6,13,20,30,950,18,"6, THOMAS (RUE AMBROISE)",,,Plein jour,En agglomération,Intersection en X,Normale,Autre collision,,,,,,,,,,,1,2,2,1,6
200600036997,0006-06-16 16:50:00,6,6,16,16,50,950,176,"6, SARRAIL (RUE DU GENER",,,Plein jour,En agglomération,Hors intersection,Normale,Autre collision,,,,,,,,,,,1,2,1,1,6
200600036998,0006-06-18 17:40:00,6,6,18,17,40,950,18,BERIONNE (RUE DE LA),,,Plein jour,En agglomération,Hors intersection,Normale,Deux véhicules - côté,,,,,,,,,,,1,2,1,1,3
200600036999,0006-06-11 23:15:00,6,6,11,23,15,950,582,"42, GAMBETTA (BOULEVARD)",,,Nuit avec éclairage allumé,En agglomération,Hors intersection,Normale,Autre collision,,,,,,,,,,,5,2,1,1,6
200600037000,0006-06-19 21:45:00,6,6,19,21,45,950,18,DELAMBRE (BOULEVARD DU G,,,Nuit avec éclairage allumé,En agglomération,Intersection en X,Normale,Deux véhicules - côté,,,,,,,,,,,5,2,2,1,3
200600037001,0006-06-19 17:20:00,6,6,19,17,20,950,18,"70 bis, PONTOISE (ROUTE",,,Plein jour,En agglomération,Hors intersection,Normale,Deux véhicules - côté,,,,,,,,,,,1,2,1,1,3
200600037002,0006-06-20 17:25:00,6,6,20,17,25,950,18,PERI (AVENUE GABRIEL),,,Plein jour,En agglomération,Hors intersection,Normale,Autre collision,,,,,,,,,,,1,2,1,1,6
200600037003,0006-06-20 16:42:00,6,6,20,16,42,950,18,CORMEILLES (ROUTE DE),,,Plein jour,En agglomération,Hors intersection,Normale,Autre collision,,,,,,,,,,,1,2,1,1,6
200600037004,0006-06-22 10:05:00,6,6,22,10,5,950,18,", PONTOISE (ROUTE DE)",,,Plein jour,En agglomération,Hors intersection,Normale,Deux véhicules - côté,,,,,,,,,,,1,2,1,1,3
200600037005,0006-06-23 21:55:00,6,6,23,21,55,950,18,LA FONTAINE (RUE JEAN DE,,,Nuit avec éclairage allumé,Hors agglomération,Hors intersection,Normale,Autre collision,,,,,,,,,,,5,1,1,1,6
200600037006,0006-06-24 13:35:00,6,6,24,13,35,950,18,DE GAULLE (AVENUE DU GEN,,,Plein jour,En agglomération,Intersection en X,Normale,Deux véhicules - côté,,,,,,,,,,,1,2,2,1,3
200600037007,0006-06-28 23:35:00,6,6,28,23,35,950,18,BARBUSSE (RUE HENRI),,,Nuit avec éclairage allumé,En agglomération,Intersection en X,Normale,Deux véhicules - côté,,,,,,,,,,,5,2,2,1,3
200600037008,0006-06-30 17:10:00,6,6,30,17,10,950,18,GIBET (RUE DU),,,Plein jour,En agglomération,Intersection en X,Normale,Deux véhicules - côté,,,,,,,,,,,1,2,2,1,3
200600037009,0006-06-06 18:40:00,6,6,6,18,40,950,63,"17, BERTHIE (RUE DE LA)",,,Plein jour,En agglomération,Hors intersection,Normale,Sans collision,,,,,,,,,,,1,2,1,1,7
200600037010,0006-06-01 19:30:00,6,6,1,19,30,950,63,"49, GABRIEL PERI (AVENUE",,,Nuit avec éclairage allumé,En agglomération,Hors intersection,Normale,Sans collision,,,,,,,,,,,5,2,1,1,7
200600037011,0006-06-19 15:15:00,6,6,19,15,15,950,63,"49, GABRIEL PERI (AVENUE",,,Plein jour,En agglomération,Hors intersection,Normale,Deux véhicules - côté,,,,,,,,,,,1,2,1,1,3
200600037012,0006-06-26 21:45:00,6,6,26,21,45,950,63,GABRIEL PERI (AVENUE-2 A,,,Crépuscule ou aube,En agglomération,Intersection en X,Normale,Deux véhicules - côté,,,,,,,,,,,2,2,2,1,3
200600037013,0006-06-14 14:25:00,6,6,14,14,25,950,476,"0, R.D. 915",,,Plein jour,Hors agglomération,Hors intersection,Temps couvert,Sans collision,,,,,,,,,,,1,1,1,8,7
200600037014,0006-06-18 17:15:00,6,6,18,17,15,950,127,"15, PORT (BOULEVARD DU)",,,Plein jour,En agglomération,Hors intersection,Normale,Deux véhicules - côté,,,,,,,,,,,1,2,1,1,3
200600037015,0006-06-03 10:30:00,6,6,3,10,30,950,598,DURES TERRES    SENTE DE,,,Plein jour,En agglomération,Intersection en T,Normale,Autre collision,,,,,,,,,,,1,2,3,1,6
200600037016,0006-06-12 08:30:00,6,6,12,8,30,950,555,"19, ALBRECHT (RUE BERTHI",,,Plein jour,En agglomération,Hors intersection,Normale,Autre collision,,,,,,,,,,,1,2,1,1,6
200600037017,0006-06-13 18:35:00,6,6,13,18,35,950,555,"29, ERMONT (RUE D')",,,Plein jour,En agglomération,Hors intersection,Normale,Autre collision,,,,,,,,,,,1,2,1,1,6
200600037018,0006-06-17 14:35:00,6,6,17,14,35,950,555,CASANOVA (AVENUE DANIELL,,,Plein jour,En agglomération,Hors intersection,Normale,Autre collision,,,,,,,,,,,1,2,1,1,6
200600037019,0006-06-26 10:00:00,6,6,26,10,0,950,555,"41, ERMONT (RUE D')",,,Plein jour,En agglomération,Intersection en T,Normale,Deux véhicules - frontale,,,,,,,,,,,1,2,3,1,1
200600037020,0006-06-07 13:05:00,6,6,7,13,5,950,219,JEAN JAURES (RUE),,,Plein jour,En agglomération,Giratoire,Normale,Deux véhicules - côté,,,,,,,,,,,1,2,6,1,3
200600037021,0006-06-07 15:05:00,6,6,7,15,5,950,203,REPUBLIQUE (BOULEVARD DE,,,Plein jour,En agglomération,Intersection en T,Normale,Deux véhicules - frontale,,,,,,,,,,,1,2,3,1,1
200600037022,0006-06-15 10:05:00,6,6,15,10,5,950,203,"FACE 116, LECLERC (RUE D",,,Plein jour,En agglomération,Hors intersection,Normale,Autre collision,,,,,,,,,,,1,2,1,1,6
200600037023,0006-06-17 01:25:00,6,6,17,1,25,950,203,REPUBLIQUE (BOULEVARD DE,,,Nuit avec éclairage allumé,En agglomération,Intersection en T,Normale,Deux véhicules - côté,,,,,,,,,,,5,2,3,1,3
200600037024,0006-06-29 16:50:00,6,6,29,16,50,950,203,CESAR (CHAUSSEE JULES),,,Plein jour,En agglomération,Intersection en Y,Normale,Autre collision,,,,,,,,,,,1,2,4,1,6
200600037025,0006-06-19 18:25:00,6,6,19,18,25,950,203,"133, CESAR (CHAUSSEE JUL",,,Plein jour,En agglomération,Hors intersection,Normale,Autre collision,,,,,,,,,,,1,2,1,1,6
200600037026,0006-06-19 19:50:00,6,6,19,19,50,950,574,GENERAL LECLERC (AVENUE,,,Plein jour,En agglomération,Intersection en X,Normale,Deux véhicules - côté,,,,,,,,,,,1,2,2,1,3
200600037027,0006-06-20 16:25:00,6,6,20,16,25,950,426,PARIS (ROUTE DE),,,Plein jour,En agglomération,Hors intersection,Normale,Autre collision,,,,,,,,,,,1,2,1,1,6
200600037028,0006-06-20 17:25:00,6,6,20,17,25,950,252,PARIS (RUE DE),,,Plein jour,En agglomération,Intersection en X,Normale,Autre collision,,,,,,,,,,,1,2,2,1,6
200600037029,0006-06-22 08:10:00,6,6,22,8,10,950,203,DODE (AVENUE DU MARECHAL,,,Plein jour,En agglomération,Intersection en X,Normale,Deux véhicules - côté,,,,,,,,,,,1,2,2,1,3
200600037030,0006-06-24 11:15:00,6,6,24,11,15,950,203,"16, JEAN THOMAS (RUE)",,,Plein jour,En agglomération,Hors intersection,Normale,Autre collision,,,,,,,,,,,1,2,1,1,6
200600037031,0006-06-24 19:38:00,6,6,24,19,38,950,219,PETITE BAPAUME (RUE DE L,,,Plein jour,En agglomération,Hors intersection,Normale,Autre collision,,,,,,,,,,,1,2,1,1,6
200600037032,0006-06-26 20:10:00,6,6,26,20,10,950,252,"79, GENERAL LECLERC (RUE",,,Plein jour,En agglomération,Hors intersection,Pluie légère,Deux véhicules - arrière,,,,,,,,,,,1,2,1,2,2
200600037033,0006-06-21 14:50:00,6,6,21,14,50,950,277,NORD (SQUARE DU),,,Plein jour,En agglomération,Hors intersection,Normale,Autre collision,,,,,,,,,,,1,2,1,1,6
200600037034,0006-06-23 14:45:00,6,6,23,14,45,950,277,PATTE D'OIE (CARREFOUR D,,,Plein jour,En agglomération,Hors intersection,Normale,Deux véhicules - côté,,,,,,,,,,,1,2,1,1,3
200600037035,0006-06-08 11:46:00,6,6,8,11,46,950,19,LAUGERE JEAN (AVENUE),,,Plein jour,En agglomération,Hors intersection,Normale,Autre collision,,,,,,,,,,,1,2,1,1,6
200600037036,0006-06-03 18:50:00,6,6,3,18,50,950,306,"0, PIERRELAYE (ROUTE DE)",,,Plein jour,En agglomération,Intersection en T,Normale,Deux véhicules - côté,,,,,,,,,,,1,2,3,1,3
200600037037,0006-06-06 12:00:00,6,6,6,12,0,950,306,HAVRE (BOULEVARD DU),,,Plein jour,En agglomération,Hors intersection,Normale,Sans collision,,,,,,,,,,,1,2,1,1,7
200600037038,0006-06-04 15:40:00,6,6,4,15,40,950,306,"66, GAILLON (QUAI DE)",,,Plein jour,En agglomération,Hors intersection,Normale,Autre collision,,,,,,,,,,,1,2,1,1,6
200600037039,0006-06-05 16:45:00,6,6,5,16,45,950,306,"41, GROS CHENES (AVENUE",,,Plein jour,En agglomération,Hors intersection,Normale,Autre collision,,,,,,,,,,,1,2,1,1,6
200600037040,0006-06-13 10:30:00,6,6,13,10,30,950,306,"12, GENIE (QUAI DU)",,,Plein jour,En agglomération,Hors intersection,Normale,Autre collision,,,,,,,,,,,1,2,1,1,6
200600037041,0006-06-25 19:35:00,6,6,25,19,35,950,424,"55, FORTUNE CHARLOT (RUE",,,Plein jour,En agglomération,Hors intersection,Pluie légère,Deux véhicules - côté,,,,,,,,,,,1,2,1,2,3
200600037042,0006-06-05 18:55:00,6,6,5,18,55,950,487,GASTON VERMEIRE (AVENUE),,,Plein jour,En agglomération,Intersection en X,Normale,Deux véhicules - côté,,,,,,,,,,,1,2,2,1,3
200600037043,0006-06-04 11:30:00,6,6,4,11,30,950,313,BEAUMONT (DE),,,Plein jour,En agglomération,Autre intersection,Normale,Autre collision,,,,,,,,,,,1,2,9,1,6
200600037044,0006-06-19 08:40:00,6,6,19,8,40,950,527,", route des badauds",,,Plein jour,En agglomération,Intersection en X,Normale,Deux véhicules - côté,,,,,,,,,,,1,2,2,1,3
200600037045,0006-06-03 08:15:00,6,6,3,8,15,950,539,DIVISION LECLERC (AVENUE,,,Plein jour,En agglomération,Hors intersection,Normale,Deux véhicules - frontale,,,,,,,,,,,1,2,1,1,1
200600037046,0006-06-20 15:45:00,6,6,20,15,45,950,680,ALEXIS VARAGNE ( RUE),,,Plein jour,En agglomération,Hors intersection,Normale,Sans collision,,,,,,,,,,,1,2,1,1,7
200600037047,0006-06-23 10:05:00,6,6,23,10,5,950,680,HUIT MAI 1945 (AVENUE DU,,,Plein jour,En agglomération,Hors intersection,Normale,Sans collision,,,,,,,,,,,1,2,1,1,7
200600037048,0006-06-28 20:45:00,6,6,28,20,45,950,539,RN 1 SENS PARIS- PROVINC,,,Plein jour,Hors agglomération,Intersection en X,Normale,Deux véhicules - côté,,,,,,,,,,,1,1,2,1,3
200600037049,0006-06-12 21:10:00,6,6,12,21,10,950,607,"16, PIERRE DE COUBERTIN",,,Nuit avec éclairage allumé,En agglomération,Hors intersection,Normale,Deux véhicules - côté,,,,,,,,,,,5,2,1,1,3
200600037050,0006-06-08 15:10:00,6,6,8,15,10,950,51,"00, SAINT EXUPERY",,,Plein jour,En agglomération,Intersection en T,Normale,Deux véhicules - côté,,,,,,,,,,,1,2,3,1,3
200600037051,0006-06-15 12:15:00,6,6,15,12,15,950,51,PASCAL (ALLEE),,,Plein jour,En agglomération,Intersection en T,Normale,Deux véhicules - côté,,,,,,,,,,,1,2,3,1,3
200600037052,0006-06-17 18:45:00,6,6,17,18,45,950,563,"25, NAUDIERES (BOULEVARD",,,Plein jour,En agglomération,Hors intersection,Normale,Deux véhicules - frontale,,,,,,,,,,,1,2,1,1,1
200600037053,0006-06-24 04:10:00,6,6,24,4,10,950,563,"57, ERMITAGE (RUE DE L')",,,Nuit avec éclairage allumé,En agglomération,Hors intersection,Normale,Autre collision,,,,,,,,,,,5,2,1,1,6
200600037054,0006-06-24 12:20:00,6,6,24,12,20,950,51,"17, EMILE ZOLA (AVENUE)",,,Plein jour,En agglomération,Hors intersection,Normale,Autre collision,,,,,,,,,,,1,2,1,1,6
200600037055,0006-06-26 19:20:00,6,6,26,19,20,950,607,MOULIN-A-PIERRE-MAILLARD,,,Plein jour,En agglomération,Intersection en T,Normale,Deux véhicules - côté,,,,,,,,,,,1,2,3,1,3
200600037056,0006-06-28 15:30:00,6,6,28,15,30,950,607,"01, CEP (RUE DU)",,,Plein jour,En agglomération,Hors intersection,Normale,Autre collision,,,,,,,,,,,1,2,1,1,6
200600037057,0006-06-01 10:10:00,6,6,1,10,10,201,4,"SANS, ILES SANGUINAIRES",,,Plein jour,Hors agglomération,Hors intersection,Normale,Deux véhicules - côté,,,,,,,,,,,1,1,1,1,3
200600037058,0006-06-01 07:00:00,6,6,1,7,0,201,4,"sans, CAMPO DELL ORO RTE",,,Plein jour,Hors agglomération,Giratoire,Normale,Deux véhicules - côté,,,,,,,,,,,1,1,6,1,3
200600037059,0006-06-02 12:15:00,6,6,2,12,15,201,4,"SANS, ALATA ROUTE",,,Plein jour,En agglomération,Hors intersection,Normale,Sans collision,,,,,,,,,,,1,2,1,1,7
200600037060,0006-06-05 12:00:00,6,6,5,12,0,201,4,"SANS, MEZZAVIA ROUTE DE",,,Plein jour,Hors agglomération,Hors intersection,Normale,Autre collision,,,,,,,,,,,1,1,1,1,6
200600037061,0006-06-06 10:50:00,6,6,6,10,50,201,4,"SANS, MAILLOT HENRI BD",,,Plein jour,En agglomération,Autre intersection,Normale,Autre collision,,,,,,,,,,,1,2,9,1,6
200600037062,0006-06-09 07:40:00,6,6,9,7,40,201,4,"SANS, CAMPI LOUIS BD",,,Plein jour,En agglomération,Hors intersection,Normale,Deux véhicules - arrière,,,,,,,,,,,1,2,1,1,2
200600037063,0006-06-08 15:03:00,6,6,8,15,3,201,4,"47, NAPOLEON COURS APRES",,,Plein jour,En agglomération,Hors intersection,Normale,Autre collision,,,,,,,,,,,1,2,1,1,6
200600037064,0006-06-11 17:35:00,6,6,11,17,35,201,4,"SANS, PERI GABRIEL RUE",,,Plein jour,En agglomération,Hors intersection,Normale,Deux véhicules - arrière,,,,,,,,,,,1,2,1,1,2
200600037065,0006-06-12 17:27:00,6,6,12,17,27,201,4,"SANS, ASPRETTO ROUTE",,,Plein jour,En agglomération,Giratoire,Normale,Autre collision,,,,,,,,,,,1,2,6,1,6
200600037066,0006-06-20 18:26:00,6,6,20,18,26,201,4,"sans, BIANCAMARIA COLONE",,,Plein jour,En agglomération,Intersection en T,Normale,Sans collision,,,,,,,,,,,1,2,3,1,7
200600037067,0006-06-12 16:35:00,6,6,12,16,35,201,4,"SANS, RECCO ABBE BOULEVA",,,Plein jour,En agglomération,Hors intersection,Normale,Deux véhicules - côté,,,,,,,,,,,1,2,1,1,3
200600037068,0006-06-21 12:10:00,6,6,21,12,10,201,4,"sans, CAMPI LOUIS BD",,,Plein jour,En agglomération,Hors intersection,Normale,Deux véhicules - côté,,,,,,,,,,,1,2,1,1,3
200600037069,0006-06-23 02:56:00,6,6,23,2,56,201,4,"SANS, LECLERC GENERAL CO",,,Nuit avec éclairage allumé,En agglomération,Intersection en T,Normale,Deux véhicules - arrière,,,,,,,,,,,5,2,3,1,2
200600037070,0006-06-23 17:40:00,6,6,23,17,40,201,4,"sans, ACQUALONGA CHEMIN",,,Plein jour,En agglomération,Hors intersection,Normale,Deux véhicules - côté,,,,,,,,,,,1,2,1,1,3
200600037071,0006-06-26 05:15:00,6,6,26,5,15,201,4,"SANS, MARECHAL MONCEY AV",,,Crépuscule ou aube,En agglomération,Intersection en Y,Normale,Deux véhicules - côté,,,,,,,,,,,2,2,4,1,3
200600037072,0006-06-20 11:48:00,6,6,20,11,48,201,4,"SANS, ALBERT 1ER BD",,,Plein jour,En agglomération,Intersection en T,Normale,Deux véhicules - côté,,,,,,,,,,,1,2,3,1,3
200600037073,0006-06-29 16:25:00,6,6,29,16,25,201,4,"SANS, STILETTO LOT RTE M",,,Plein jour,En agglomération,Hors intersection,Normale,Deux véhicules - arrière,,,,,,,,,,,1,2,1,1,2
200600037074,0006-06-29 14:10:00,6,6,29,14,10,201,4,"SANS, ALATA ROUTE",,,Plein jour,Hors agglomération,Hors intersection,Normale,Autre collision,,,,,,,,,,,1,1,1,1,6
200600037075,0006-06-30 18:01:00,6,6,30,18,1,201,4,"SANS, BONAPARTE LUCIEN",,,Plein jour,En agglomération,Hors intersection,Normale,Deux véhicules - côté,,,,,,,,,,,1,2,1,1,3
200600037076,0006-06-12 12:10:00,6,6,12,12,10,690,381,"16, GENERAL GIRAUD (DU)",,,Plein jour,En agglomération,Hors intersection,Normale,Autre collision,,,,,,,,,,,1,2,1,1,6
200600037077,0006-06-21 04:30:00,6,6,21,4,30,690,381,"7, JEAN MOULIN",,,Nuit avec éclairage allumé,En agglomération,Hors intersection,Normale,Autre collision,,,,,,,,,,,5,2,1,1,6
200600037078,0006-06-22 23:50:00,6,6,22,23,50,690,381,PAUL CHENAVARD,,,Nuit avec éclairage allumé,En agglomération,Hors intersection,Normale,Autre collision,,,,,,,,,,,5,2,1,1,6
200600037079,0006-06-22 00:01:00,6,6,22,0,1,690,381,"3, JEAN MOULIN",,,Nuit avec éclairage allumé,En agglomération,Hors intersection,Normale,Autre collision,,,,,,,,,,,5,2,1,1,6
200600037080,0006-06-01 06:50:00,6,6,1,6,50,940,28,A86,,,Plein jour,Hors agglomération,Hors intersection,Normale,Deux véhicules - arrière,,,,,,,,,,,1,1,1,1,2
200600037081,0006-06-01 12:00:00,6,6,1,12,0,940,17,A4,,,Plein jour,Hors agglomération,Hors intersection,Normale,Trois véhicules et plus - en chaîne,,,,,,,,,,,1,1,1,1,4
200600037082,0006-06-02 09:15:00,6,6,2,9,15,770,258,A4.Y,,,Plein jour,Hors agglomération,Hors intersection,Normale,Trois véhicules et plus - collisions multiples,,,,,,,,,,,1,1,1,1,5
200600037083,0006-06-02 09:06:00,6,6,2,9,6,940,17,A4,,,Plein jour,Hors agglomération,Hors intersection,Normale,Deux véhicules - côté,,,,,,,,,,,1,1,1,1,3
200600037084,0006-06-02 11:55:00,6,6,2,11,55,940,65,A86,,,Plein jour,Hors agglomération,Hors intersection,Normale,Autre collision,,,,,,,,,,,1,1,1,1,6
200600037085,0006-06-02 14:25:00,6,6,2,14,25,770,258,A4.W,,,Plein jour,Hors agglomération,Hors intersection,Normale,Deux véhicules - arrière,,,,,,,,,,,1,1,1,1,2
200600037086,0006-06-02 23:50:00,6,6,2,23,50,770,175,RN104,,,Nuit sans éclairage public,Hors agglomération,Hors intersection,Normale,Deux véhicules - arrière,,,,,,,,,,,3,1,1,1,2
200600037087,0006-06-03 14:15:00,6,6,3,14,15,770,450,RN104,,,Plein jour,Hors agglomération,Hors intersection,Normale,Autre collision,,,,,,,,,,,1,1,1,1,6
200600037088,0006-06-05 16:15:00,6,6,5,16,15,940,73,A86,,,Plein jour,Hors agglomération,Hors intersection,Normale,Autre collision,,,,,,,,,,,1,1,1,1,6
200600037089,0006-06-06 09:00:00,6,6,6,9,0,930,51,A4,,,Plein jour,Hors agglomération,Hors intersection,Normale,Deux véhicules - côté,,,,,,,,,,,1,1,1,1,3
200600037090,0006-06-06 10:00:00,6,6,6,10,0,930,51,A4,,,Plein jour,Hors agglomération,Hors intersection,Normale,Deux véhicules - côté,,,,,,,,,,,1,1,1,1,3
200600037091,0006-06-06 12:25:00,6,6,6,12,25,940,69,A86,,,Plein jour,Hors agglomération,Hors intersection,Normale,Deux véhicules - côté,,,,,,,,,,,1,1,1,1,3
200600037092,0006-06-07 01:50:00,6,6,7,1,50,940,52,A86.EXT,,,Nuit avec éclairage allumé,Hors agglomération,Hors intersection,Normale,Sans collision,,,,,,,,,,,5,1,1,1,7
200600037093,0006-06-08 13:45:00,6,6,8,13,45,940,65,A86,,,Plein jour,Hors agglomération,Hors intersection,Normale,Deux véhicules - côté,,,,,,,,,,,1,1,1,1,3
200600037094,0006-06-08 17:50:00,6,6,8,17,50,770,258,A4.W,,,Plein jour,Hors agglomération,Hors intersection,Normale,Deux véhicules - côté,,,,,,,,,,,1,1,1,1,3
200600037095,0006-06-09 09:45:00,6,6,9,9,45,940,28,A86,,,Plein jour,Hors agglomération,Hors intersection,Normale,Trois véhicules et plus - en chaîne,,,,,,,,,,,1,1,1,1,4
200600037096,0006-06-06 16:20:00,6,6,6,16,20,770,258,RN104,,,Plein jour,Hors agglomération,Hors intersection,Normale,Trois véhicules et plus - en chaîne,,,,,,,,,,,1,1,1,1,4
200600037097,0006-06-09 18:00:00,6,6,9,18,0,770,58,A4,,,Nuit sans éclairage public,Hors agglomération,Hors intersection,Normale,Autre collision,,,,,,,,,,,3,1,1,1,6
200600037098,0006-06-09 19:10:00,6,6,9,19,10,770,121,A4,,,Plein jour,Hors agglomération,Hors intersection,Normale,Autre collision,,,,,,,,,,,1,1,1,1,6
200600037099,0006-06-12 19:00:00,6,6,12,19,0,940,18,A4,,,Plein jour,Hors agglomération,Hors intersection,Normale,Deux véhicules - côté,,,,,,,,,,,1,1,1,1,3
200600037100,0006-06-19 07:45:00,6,6,19,7,45,770,175,RN104,,,Plein jour,Hors agglomération,Hors intersection,Pluie légère,Autre collision,,,,,,,,,,,1,1,1,2,6
200600037101,0006-06-15 07:00:00,6,6,15,7,0,940,17,A4,,,Crépuscule ou aube,Hors agglomération,Hors intersection,Normale,Trois véhicules et plus - en chaîne,,,,,,,,,,,2,1,1,1,4
200600037102,0006-06-06 10:30:00,6,6,6,10,30,770,294,A104,,,Plein jour,Hors agglomération,Hors intersection,Normale,Autre collision,,,,,,,,,,,1,1,1,1,6
200600037103,0006-06-16 12:55:00,6,6,16,12,55,940,42,A4,,,Plein jour,Hors agglomération,Hors intersection,Normale,Autre collision,,,,,,,,,,,1,1,1,1,6
200600037104,0006-06-16 17:50:00,6,6,16,17,50,770,363,A104,,,Plein jour,Hors agglomération,Hors intersection,Normale,Trois véhicules et plus - en chaîne,,,,,,,,,,,1,1,1,1,4
200600037105,0006-06-16 23:30:00,6,6,16,23,30,940,18,A4,,,Nuit avec éclairage allumé,Hors agglomération,Hors intersection,Normale,Trois véhicules et plus - en chaîne,,,,,,,,,,,5,1,1,1,4
200600037106,0006-06-17 09:00:00,6,6,17,9,0,940,46,A86,,,Plein jour,Hors agglomération,Hors intersection,Normale,Deux véhicules - arrière,,,,,,,,,,,1,1,1,1,2
200600037107,0006-06-18 19:30:00,6,6,18,19,30,940,22,A86,,,Plein jour,Hors agglomération,Hors intersection,Normale,Deux véhicules - arrière,,,,,,,,,,,1,1,1,1,2
200600037108,0006-06-18 21:20:00,6,6,18,21,20,770,294,A104,,,Plein jour,Hors agglomération,Hors intersection,Normale,Autre collision,,,,,,,,,,,1,1,1,1,6
200600037109,0006-06-19 13:35:00,6,6,19,13,35,940,69,A86,,,Plein jour,Hors agglomération,Hors intersection,Normale,Sans collision,,,,,,,,,,,1,1,1,1,7
200600037110,0006-06-20 10:20:00,6,6,20,10,20,770,373,RN104,,,Plein jour,Hors agglomération,Hors intersection,Normale,Sans collision,,,,,,,,,,,1,1,1,1,7
200600037111,0006-06-20 15:30:00,6,6,20,15,30,770,181,A4,,,Plein jour,Hors agglomération,Hors intersection,Normale,Trois véhicules et plus - collisions multiples,,,,,,,,,,,1,1,1,1,5
200600037112,0006-06-20 23:10:00,6,6,20,23,10,770,249,RN104,,,Nuit sans éclairage public,Hors agglomération,Hors intersection,Normale,Sans collision,,,,,,,,,,,3,1,1,1,7
200600037113,0006-06-24 06:40:00,6,6,24,6,40,770,83,A4.W,,,Crépuscule ou aube,Hors agglomération,Hors intersection,Normale,Sans collision,,,,,,,,,,,2,1,1,1,7
200600037114,0006-06-22 12:15:00,6,6,22,12,15,770,181,A4,,,Plein jour,Hors agglomération,Hors intersection,Normale,Sans collision,,,,,,,,,,,1,1,1,1,7
200600037115,0006-06-10 09:45:00,6,6,10,9,45,940,18,A4,,,Plein jour,Hors agglomération,Hors intersection,Normale,Deux véhicules - côté,,,,,,,,,,,1,1,1,1,3
200600037116,0006-06-23 20:20:00,6,6,23,20,20,770,337,VPO.INT,,,Plein jour,Hors agglomération,Hors intersection,Normale,Deux véhicules - arrière,,,,,,,,,,,1,1,1,1,2
200600037117,0006-06-23 22:20:00,6,6,23,22,20,770,121,A104,,,Crépuscule ou aube,Hors agglomération,Hors intersection,Normale,Sans collision,,,,,,,,,,,2,1,1,1,7
200600037118,0006-06-24 15:45:00,6,6,24,15,45,940,65,A86,,,Plein jour,Hors agglomération,Hors intersection,Normale,Trois véhicules et plus - en chaîne,,,,,,,,,,,1,1,1,1,4
200600037119,0006-06-25 04:40:00,6,6,25,4,40,770,294,A104,,,Nuit sans éclairage public,Hors agglomération,Hors intersection,Pluie forte,Sans collision,,,,,,,,,,,3,1,1,3,7
200600037120,0006-06-25 14:15:00,6,6,25,14,15,770,121,A104,,,Plein jour,Hors agglomération,Hors intersection,Pluie forte,Sans collision,,,,,,,,,,,1,1,1,3,7
200600037121,0006-06-25 16:15:00,6,6,25,16,15,770,373,RN104,,,Plein jour,Hors agglomération,Hors intersection,Pluie légère,Deux véhicules - côté,,,,,,,,,,,1,1,1,2,3
200600037122,0006-06-25 16:30:00,6,6,25,16,30,750,112,A4,,,Plein jour,Hors agglomération,Hors intersection,Pluie forte,Trois véhicules et plus - collisions multiples,,,,,,,,,,,1,1,1,3,5
200600037123,0006-06-25 19:30:00,6,6,25,19,30,770,449,A4,,,Plein jour,Hors agglomération,Hors intersection,Pluie légère,Sans collision,,,,,,,,,,,1,1,1,2,7
200600037124,0006-06-27 09:20:00,6,6,27,9,20,750,112,A4,,,Plein jour,Hors agglomération,Hors intersection,Normale,Deux véhicules - côté,,,,,,,,,,,1,1,1,1,3
200600037125,0006-06-27 13:40:00,6,6,27,13,40,940,17,A4,,,Plein jour,Hors agglomération,Hors intersection,Normale,Sans collision,,,,,,,,,,,1,1,1,1,7
200600037126,0006-06-29 13:10:00,6,6,29,13,10,940,46,A86,,,Plein jour,Hors agglomération,Hors intersection,Normale,Deux véhicules - côté,,,,,,,,,,,1,1,1,1,3
200600037127,0006-06-29 21:33:00,6,6,29,21,33,930,51,A4,,,Plein jour,Hors agglomération,Hors intersection,Normale,Trois véhicules et plus - collisions multiples,,,,,,,,,,,1,1,1,1,5
200600037128,0006-06-30 18:50:00,6,6,30,18,50,770,258,A4.W,,,Plein jour,Hors agglomération,Hors intersection,Normale,Trois véhicules et plus - en chaîne,,,,,,,,,,,1,1,1,1,4