accident_id,datetime,annee,mois,jour,heure,minute,departement,commune_insee,adresse,latitude,longitude,luminosite,agglomeration,intersection,meteo,collision,nb_vehicules,nb_usagers,nb_indemnes,nb_tues,nb_blesses_hosp,nb_blesses_legers,age_cond_1,age_cond_2,veh_type_cond_1,veh_type_cond_2,lum_code,agg_code,int_code,atm_code,col_code
200600037267,0006-06-25 04:06:00,6,6,25,4,6,940,37,AUTOROUTE A6A,,,Nuit avec éclairage allumé,Hors agglomération,Hors intersection,Pluie légère,Sans collision,,,,,,,,,,,5,1,1,2,7
200600037268,0006-06-25 16:10:00,6,6,25,16,10,910,477,AUTOROUTE A10,,,Plein jour,Hors agglomération,Hors intersection,Pluie légère,Sans collision,,,,,,,,,,,1,1,1,2,7
200600037269,0006-06-25 19:30:00,6,6,25,19,30,770,251,AUTOROUTE A5A,,,Plein jour,Hors agglomération,Autre intersection,Pluie légère,Autre collision,,,,,,,,,,,1,1,9,2,6
200600037270,0006-06-25 19:40:00,6,6,25,19,40,910,64,RN 118,,,Plein jour,Hors agglomération,Hors intersection,Pluie légère,Sans collision,,,,,,,,,,,1,1,1,2,7
200600037271,0006-06-25 22:20:00,6,6,25,22,20,910,477,RN 444,,,Nuit avec éclairage non allumé,Hors agglomération,Hors intersection,Pluie légère,Autre collision,,,,,,,,,,,4,1,1,2,6
200600037272,0006-06-26 11:45:00,6,6,26,11,45,910,661,AUTOROUTE A10,,,Plein jour,Hors agglomération,Hors intersection,Normale,Deux véhicules - côté,,,,,,,,,,,1,1,1,1,3
200600037273,0006-06-26 19:37:00,6,6,26,19,37,910,471,RN 118,,,Plein jour,Hors agglomération,Hors intersection,Normale,Deux véhicules - arrière,,,,,,,,,,,1,1,1,1,2
200600037274,0006-06-27 06:24:00,6,6,27,6,24,910,689,AUTOROUTE A6B,,,Plein jour,Hors agglomération,Hors intersection,Pluie légère,Deux véhicules - arrière,,,,,,,,,,,1,1,1,2,2
200600037275,0006-06-29 16:20:00,6,6,29,16,20,910,340,AUTOROUTE A6,,,Plein jour,Hors agglomération,Hors intersection,Normale,Sans collision,,,,,,,,,,,1,1,1,1,7
200600037276,0006-06-29 17:54:00,6,6,29,17,54,910,553,RN 104,,,Plein jour,Hors agglomération,Hors intersection,Normale,Trois véhicules et plus - collisions multiples,,,,,,,,,,,1,1,1,1,5
200600037277,0006-06-30 08:00:00,6,6,30,8,0,910,617,AUTOROUTE A5A,,,Plein jour,Hors agglomération,Hors intersection,Normale,Deux véhicules - arrière,,,,,,,,,,,1,1,1,1,2
200600037278,0006-06-30 08:30:00,6,6,30,8,30,940,3,AUTOROUTE A6A,,,Plein jour,Hors agglomération,Hors intersection,Normale,Deux véhicules - côté,,,,,,,,,,,1,1,1,1,3
200600037279,0006-06-30 09:00:00,6,6,30,9,0,910,434,AUTOROUTE A6,,,Plein jour,Hors agglomération,Hors intersection,Normale,Trois véhicules et plus - collisions multiples,,,,,,,,,,,1,1,1,1,5
200600037280,0006-06-30 18:00:00,6,6,30,18,0,910,689,AUTOROUTE A10,,,Plein jour,Hors agglomération,Hors intersection,Normale,Sans collision,,,,,,,,,,,1,1,1,1,7
200600037281,0006-06-30 18:45:00,6,6,30,18,45,910,689,AUTOROUTE A6,,,Plein jour,Hors agglomération,Hors intersection,Normale,Autre collision,,,,,,,,,,,1,1,1,1,6
200600037282,0006-06-02 18:16:00,6,6,2,18,16,202,33,"38, PAOLI DU NR 21 AU 45",,,Plein jour,En agglomération,Hors intersection,Normale,Deux véhicules - côté,,,,,,,,,,,1,2,1,1,3
200600037283,0006-06-03 23:39:00,6,6,3,23,39,202,33,"SANS, TOUTES RUES",,,Nuit avec éclairage allumé,Hors agglomération,Intersection en T,Normale,Deux véhicules - côté,,,,,,,,,,,5,1,3,1,3
200600037284,0006-06-05 18:02:00,6,6,5,18,2,202,37,"SANS, TOUTES RUES",,,Plein jour,En agglomération,Hors intersection,Normale,Autre collision,,,,,,,,,,,1,2,1,1,6
200600037285,0006-06-07 19:30:00,6,6,7,19,30,202,33,"SANS, TOUTES RUES",,,Plein jour,En agglomération,Intersection en T,Normale,Deux véhicules - côté,,,,,,,,,,,1,2,3,1,3
200600037286,0006-06-08 23:51:00,6,6,8,23,51,202,120,"SANS, TOUTES RUES",,,Nuit avec éclairage allumé,En agglomération,Hors intersection,Normale,Autre collision,,,,,,,,,,,5,2,1,1,6
200600037287,0006-06-12 17:40:00,6,6,12,17,40,202,37,"SANS, TOUTES RUES",,,Plein jour,En agglomération,Intersection en Y,Normale,Deux véhicules - côté,,,,,,,,,,,1,2,4,1,3
200600037288,0006-06-13 10:00:00,6,6,13,10,0,202,33,"SANS, DANESI - BLD BENOI",,,Plein jour,En agglomération,Hors intersection,Normale,Autre collision,,,,,,,,,,,1,2,1,1,6
200600037289,0006-06-14 12:10:00,6,6,14,12,10,202,33,"sans, TOUTES RUES",,,Plein jour,En agglomération,Hors intersection,Normale,Autre collision,,,,,,,,,,,1,2,1,1,6
200600037290,0006-06-17 07:13:00,6,6,17,7,13,202,33,"sans, ARINELLA (PLAGE)",,,Plein jour,En agglomération,Hors intersection,Normale,Autre collision,,,,,,,,,,,1,2,1,1,6
200600037291,0006-06-17 08:50:00,6,6,17,8,50,202,37,TOUTES RUES,,,Plein jour,En agglomération,Intersection en X,Normale,Deux véhicules - côté,,,,,,,,,,,1,2,2,1,3
200600037292,0006-06-19 05:56:00,6,6,19,5,56,202,37,"sans, TOUTES RUES",,,Nuit avec éclairage allumé,Hors agglomération,Hors intersection,Normale,Autre collision,,,,,,,,,,,5,1,1,1,6
200600037293,0006-06-20 08:47:00,6,6,20,8,47,202,33,"SANS, ROUTE ROYALE",,,Plein jour,En agglomération,Hors intersection,Normale,Autre collision,,,,,,,,,,,1,2,1,1,6
200600037294,0006-06-22 14:05:00,6,6,22,14,5,202,33,"SANS, CHANOINE LESCHI -",,,Plein jour,En agglomération,Hors intersection,Normale,Autre collision,,,,,,,,,,,1,2,1,1,6
200600037295,0006-06-24 01:07:00,6,6,24,1,7,202,37,"SANS, TOUTES RUES",,,Nuit avec éclairage allumé,En agglomération,Hors intersection,Normale,Autre collision,,,,,,,,,,,5,2,1,1,6
200600037296,0006-06-26 16:57:00,6,6,26,16,57,202,33,"SANS, GIACCOBBI - AV PAU",,,Plein jour,En agglomération,Intersection en X,Normale,Deux véhicules - côté,,,,,,,,,,,1,2,2,1,3
200600037297,0006-06-26 17:20:00,6,6,26,17,20,202,33,"sans, TOGA",,,Plein jour,En agglomération,Hors intersection,Normale,Trois véhicules et plus - en chaîne,,,,,,,,,,,1,2,1,1,4
200600037298,0006-06-27 14:04:00,6,6,27,14,4,202,33,"SANS, CAP - ROUTE DU CAP",,,Plein jour,En agglomération,Hors intersection,Normale,Deux véhicules - côté,,,,,,,,,,,1,2,1,1,3
200600037299,0006-06-28 18:53:00,6,6,28,18,53,202,120,TOUTES RUES,,,Plein jour,En agglomération,Hors intersection,Normale,Deux véhicules - côté,,,,,,,,,,,1,2,1,1,3
200600037300,0006-06-30 10:59:00,6,6,30,10,59,202,33,"SANS, GIACCOBBI - AV PAU",,,Plein jour,En agglomération,Hors intersection,Normale,Deux véhicules - côté,,,,,,,,,,,1,2,1,1,3
200600037301,0006-06-30 18:24:00,6,6,30,18,24,202,33,"SANS, ABATUCCI - RUE",,,Plein jour,En agglomération,Intersection en T,Normale,Autre collision,,,,,,,,,,,1,2,3,1,6
200600037302,0006-06-01 16:30:00,6,6,1,16,30,690,382,RAMBAUD,,,Plein jour,En agglomération,Intersection en T,Normale,Deux véhicules - côté,,,,,,,,,,,1,2,3,1,3
200600037303,0006-06-02 18:00:00,6,6,2,18,0,690,382,"01, BELLECOUR",,,Plein jour,En agglomération,Intersection en Y,Normale,Deux véhicules - côté,,,,,,,,,,,1,2,4,1,3
200600037304,0006-06-06 19:00:00,6,6,6,19,0,690,382,GENTIL,,,Plein jour,En agglomération,Intersection en X,Normale,Deux véhicules - côté,,,,,,,,,,,1,2,2,1,3
200600037305,0006-06-13 09:15:00,6,6,13,9,15,690,382,TILSITT,,,Plein jour,En agglomération,Intersection en X,Normale,Deux véhicules - côté,,,,,,,,,,,1,2,2,1,3
200600037306,0006-06-14 18:10:00,6,6,14,18,10,690,382,"68, CHARLEMAGNE",,,Plein jour,En agglomération,Hors intersection,Normale,Autre collision,,,,,,,,,,,1,2,1,1,6
200600037307,0006-06-27 17:15:00,6,6,27,17,15,690,382,"11 bis, JARENTE",,,Plein jour,En agglomération,Hors intersection,Normale,Autre collision,,,,,,,,,,,1,2,1,1,6
200600037308,0006-06-08 17:15:00,6,6,8,17,15,690,382,"22, REPUBLIQUE (DE LA)",,,Plein jour,En agglomération,Hors intersection,Normale,Autre collision,,,,,,,,,,,1,2,1,1,6
200600037309,0006-06-29 18:20:00,6,6,29,18,20,690,382,"06, SALA",,,Plein jour,En agglomération,Hors intersection,Normale,Autre collision,,,,,,,,,,,1,2,1,1,6
200600037310,0006-06-07 17:10:00,6,6,7,17,10,690,382,"09, CARNOT",,,Plein jour,En agglomération,Hors intersection,Normale,Autre collision,,,,,,,,,,,1,2,1,1,6
200600037311,0006-06-01 09:30:00,6,6,1,9,30,590,599,ROUTE NATIONALE 356,,,Plein jour,Hors agglomération,Hors intersection,Normale,Deux véhicules - côté,,,,,,,,,,,1,1,1,1,3
200600037312,0006-06-01 22:50:00,6,6,1,22,50,590,183,ROUTE NATIONALE 225,,,Nuit avec éclairage allumé,Hors agglomération,Hors intersection,Normale,Autre collision,,,,,,,,,,,5,1,1,1,6
200600037313,0006-06-02 17:50:00,6,6,2,17,50,590,581,AUTOROUTE A25,,,Plein jour,Hors agglomération,Hors intersection,Normale,Autre collision,,,,,,,,,,,1,1,1,1,6
200600037314,0006-06-02 18:50:00,6,6,2,18,50,590,143,AUTOROUTE A25,,,Plein jour,Hors agglomération,Hors intersection,Normale,Deux véhicules - côté,,,,,,,,,,,1,1,1,1,3
200600037315,0006-06-03 07:00:00,6,6,3,7,0,590,508,AUTOROUTE A22,,,Plein jour,Hors agglomération,Hors intersection,Normale,Deux véhicules - arrière,,,,,,,,,,,1,1,1,1,2
200600037316,0006-06-04 09:14:00,6,6,4,9,14,590,665,AUTOROUTE A25,,,Plein jour,Hors agglomération,Hors intersection,Normale,Sans collision,,,,,,,,,,,1,1,1,1,7
200600037317,0006-06-05 09:00:00,6,6,5,9,0,590,9,ROUTE NATIONALE 227,,,Plein jour,Hors agglomération,Hors intersection,Normale,Sans collision,,,,,,,,,,,1,1,1,1,7
200600037318,0006-06-06 09:00:00,6,6,6,9,0,590,646,ROUTE NATIONALE 352,,,Plein jour,Hors agglomération,Hors intersection,Normale,Trois véhicules et plus - collisions multiples,,,,,,,,,,,1,1,1,1,5
200600037319,0006-06-06 10:50:00,6,6,6,10,50,620,587,AUTOROUTE A21,,,Plein jour,Hors agglomération,Hors intersection,Normale,Autre collision,,,,,,,,,,,1,1,1,1,6
200600037320,0006-06-06 18:00:00,6,6,6,18,0,620,628,AUTOROUTE A21,,,Plein jour,Hors agglomération,Hors intersection,Normale,Trois véhicules et plus - en chaîne,,,,,,,,,,,1,1,1,1,4
200600037321,0006-06-06 18:30:00,6,6,6,18,30,620,427,AUTOROUTE A1,,,Plein jour,Hors agglomération,Hors intersection,Normale,Deux véhicules - arrière,,,,,,,,,,,1,1,1,1,2
200600037322,0006-06-07 14:30:00,6,6,7,14,30,620,274,AUTOROUTE A21,,,Plein jour,Hors agglomération,Hors intersection,Normale,Autre collision,,,,,,,,,,,1,1,1,1,6
200600037323,0006-06-07 17:50:00,6,6,7,17,50,590,155,AUTOROUTE A16,,,Plein jour,Hors agglomération,Hors intersection,Normale,Autre collision,,,,,,,,,,,1,1,1,1,6
200600037324,0006-06-08 19:20:00,6,6,8,19,20,590,515,AUTOROUTE A2,,,Plein jour,Hors agglomération,Hors intersection,Normale,Autre collision,,,,,,,,,,,1,1,1,1,6
200600037325,0006-06-09 07:20:00,6,6,9,7,20,590,123,AUTOROUTE A1,,,Plein jour,Hors agglomération,Hors intersection,Normale,Autre collision,,,,,,,,,,,1,1,1,1,6
200600037326,0006-06-09 17:30:00,6,6,9,17,30,620,351,AUTOROUTE A21,,,Plein jour,Hors agglomération,Hors intersection,Normale,Autre collision,,,,,,,,,,,1,1,1,1,6
200600037327,0006-06-09 18:30:00,6,6,9,18,30,590,350,AUTOROUTE A25,,,Plein jour,Hors agglomération,Hors intersection,Normale,Trois véhicules et plus - en chaîne,,,,,,,,,,,1,1,1,1,4
200600037328,0006-06-10 05:00:00,6,6,10,5,0,590,557,AUTOROUTE A2,,,Nuit avec éclairage allumé,Hors agglomération,Hors intersection,Normale,Trois véhicules et plus - en chaîne,,,,,,,,,,,5,1,1,1,4
200600037329,0006-06-10 05:05:00,6,6,10,5,5,590,183,AUTOROUTE A16,,,Nuit avec éclairage allumé,Hors agglomération,Hors intersection,Normale,Autre collision,,,,,,,,,,,5,1,1,1,6
200600037330,0006-06-10 20:55:00,6,6,10,20,55,590,43,AUTOROUTE A25,,,Crépuscule ou aube,Hors agglomération,Hors intersection,Normale,Deux véhicules - arrière,,,,,,,,,,,2,1,1,1,2
200600037331,0006-06-11 00:50:00,6,6,11,0,50,620,748,AUTOROUTE A16,,,Nuit avec éclairage allumé,Hors agglomération,Hors intersection,Normale,Autre collision,,,,,,,,,,,5,1,1,1,6
200600037332,0006-06-11 13:00:00,6,6,11,13,0,590,343,ROUTE NATIONALE 227,,,Plein jour,Hors agglomération,Hors intersection,Normale,Sans collision,,,,,,,,,,,1,1,1,1,7
200600037333,0006-06-11 20:40:00,6,6,11,20,40,620,634,AUTOROUTE A16,,,Plein jour,Hors agglomération,Hors intersection,Normale,Autre collision,,,,,,,,,,,1,1,1,1,6
200600037334,0006-06-11 23:30:00,6,6,11,23,30,590,359,AUTOROUTE A16,,,Nuit avec éclairage allumé,Hors agglomération,Hors intersection,Normale,Autre collision,,,,,,,,,,,5,1,1,1,6
200600037335,0006-06-12 06:45:00,6,6,12,6,45,590,478,AUTOROUTE A25,,,Crépuscule ou aube,Hors agglomération,Hors intersection,Normale,Autre collision,,,,,,,,,,,2,1,1,1,6
200600037336,0006-06-12 17:10:00,6,6,12,17,10,620,351,AUTOROUTE A21,,,Plein jour,Hors agglomération,Hors intersection,Normale,Deux véhicules - arrière,,,,,,,,,,,1,1,1,1,2
200600037337,0006-06-12 19:15:00,6,6,12,19,15,620,628,AUTOROUTE A21,,,Plein jour,Hors agglomération,Hors intersection,Normale,Autre collision,,,,,,,,,,,1,1,1,1,6
200600037338,0006-06-14 09:50:00,6,6,14,9,50,590,258,AUTOROUTE A23,,,Plein jour,Hors agglomération,Hors intersection,Pluie légère,Trois véhicules et plus - en chaîne,,,,,,,,,,,1,1,1,2,4
200600037339,0006-06-14 10:10:00,6,6,14,10,10,590,350,ROUTE NATIONALE 351,,,Plein jour,Hors agglomération,Hors intersection,Pluie légère,Autre collision,,,,,,,,,,,1,1,1,2,6
200600037340,0006-06-14 11:15:00,6,6,14,11,15,590,515,AUTOROUTE A2,,,Plein jour,Hors agglomération,Hors intersection,Pluie légère,Deux véhicules - côté,,,,,,,,,,,1,1,1,2,3
200600037341,0006-06-16 14:20:00,6,6,16,14,20,590,556,AUTOROUTE A25,,,Plein jour,Hors agglomération,Hors intersection,Pluie légère,Trois véhicules et plus - en chaîne,,,,,,,,,,,1,1,1,2,4
200600037342,0006-06-14 16:43:00,6,6,14,16,43,590,603,AUTOROUTE A2,,,Plein jour,Hors agglomération,Hors intersection,Pluie légère,Trois véhicules et plus - en chaîne,,,,,,,,,,,1,1,1,2,4
200600037343,0006-06-15 21:10:00,6,6,15,21,10,590,350,AUTOROUTE A1,,,Crépuscule ou aube,Hors agglomération,Hors intersection,Normale,Autre collision,,,,,,,,,,,2,1,1,1,6
200600037344,0006-06-16 16:45:00,6,6,16,16,45,590,556,AUTOROUTE A25,,,Plein jour,Hors agglomération,Hors intersection,Normale,Deux véhicules - côté,,,,,,,,,,,1,1,1,1,3
200600037345,0006-06-16 18:50:00,6,6,16,18,50,620,65,AUTOROUTE A211,,,Plein jour,Hors agglomération,Hors intersection,Normale,Deux véhicules - arrière,,,,,,,,,,,1,1,1,1,2
200600037346,0006-06-16 22:10:00,6,6,16,22,10,590,131,ROUTE NATIONALE 225,,,Plein jour,Hors agglomération,Hors intersection,Normale,Autre collision,,,,,,,,,,,1,1,1,1,6
200600037347,0006-06-17 14:00:00,6,6,17,14,0,590,350,AUTOROUTE A25,,,Plein jour,Hors agglomération,Hors intersection,Normale,Autre collision,,,,,,,,,,,1,1,1,1,6
200600037348,0006-06-17 16:30:00,6,6,17,16,30,590,215,AUTOROUTE A2,,,Plein jour,Hors agglomération,Hors intersection,Normale,Autre collision,,,,,,,,,,,1,1,1,1,6
200600037349,0006-06-17 19:00:00,6,6,17,19,0,590,646,ROUTE NATIONALE 356,,,Plein jour,Hors agglomération,Hors intersection,Normale,Sans collision,,,,,,,,,,,1,1,1,1,7
200600037350,0006-06-18 11:40:00,6,6,18,11,40,590,143,AUTOROUTE A25,,,Plein jour,Hors agglomération,Hors intersection,Normale,Deux véhicules - arrière,,,,,,,,,,,1,1,1,1,2
200600037351,0006-06-19 08:15:00,6,6,19,8,15,620,186,AUTOROUTE A21,,,Plein jour,Hors agglomération,Hors intersection,Normale,Deux véhicules - côté,,,,,,,,,,,1,1,1,1,3
200600037352,0006-06-19 20:00:00,6,6,19,20,0,590,350,AUTOROUTE A25,,,Crépuscule ou aube,Hors agglomération,Hors intersection,Normale,Autre collision,,,,,,,,,,,2,1,1,1,6
200600037353,0006-06-21 18:00:00,6,6,21,18,0,620,498,AUTOROUTE A21,,,Plein jour,Hors agglomération,Hors intersection,Pluie légère,Autre collision,,,,,,,,,,,1,1,1,2,6
200600037354,0006-06-21 18:40:00,6,6,21,18,40,590,606,AUTOROUTE A2,,,Plein jour,Hors agglomération,Hors intersection,Normale,Trois véhicules et plus - collisions multiples,,,,,,,,,,,1,1,1,1,5
200600037355,0006-06-22 08:30:00,6,6,22,8,30,590,479,AUTOROUTE A2,,,Plein jour,Hors agglomération,Hors intersection,Normale,Autre collision,,,,,,,,,,,1,1,1,1,6
200600037356,0006-06-22 17:55:00,6,6,22,17,55,590,9,ROUTE NATIONALE 227,,,Plein jour,Hors agglomération,Hors intersection,Normale,Deux véhicules - côté,,,,,,,,,,,1,1,1,1,3
200600037357,0006-06-20 18:45:00,6,6,20,18,45,590,350,AUTOROUTE A25,,,Plein jour,Hors agglomération,Hors intersection,Normale,Autre collision,,,,,,,,,,,1,1,1,1,6
200600037358,0006-06-23 02:10:00,6,6,23,2,10,590,507,AUTOROUTE A1,,,Nuit avec éclairage allumé,Hors agglomération,Hors intersection,Normale,Autre collision,,,,,,,,,,,5,1,1,1,6
200600037359,0006-06-23 14:20:00,6,6,23,14,20,590,581,AUTOROUTE A25,,,Plein jour,Hors agglomération,Hors intersection,Normale,Autre collision,,,,,,,,,,,1,1,1,1,6
200600037360,0006-06-24 14:25:00,6,6,24,14,25,590,378,AUTOROUTE A22,,,Plein jour,Hors agglomération,Hors intersection,Normale,Autre collision,,,,,,,,,,,1,1,1,1,6
200600037361,0006-06-24 17:00:00,6,6,24,17,0,590,350,ROUTE NATIONALE 356,,,Plein jour,Hors agglomération,Hors intersection,Normale,Autre collision,,,,,,,,,,,1,1,1,1,6
200600037362,0006-06-25 14:30:00,6,6,25,14,30,590,196,AUTOROUTE A25,,,Plein jour,Hors agglomération,Hors intersection,Pluie légère,Sans collision,,,,,,,,,,,1,1,1,2,7
200600037363,0006-06-25 23:25:00,6,6,25,23,25,590,646,ROUTE NATIONALE 356,,,Nuit avec éclairage allumé,Hors agglomération,Hors intersection,Normale,Autre collision,,,,,,,,,,,5,1,1,1,6
200600037364,0006-06-26 01:10:00,6,6,26,1,10,590,580,AUTOROUTE A25,,,Nuit avec éclairage allumé,Hors agglomération,Hors intersection,Pluie légère,Deux véhicules - arrière,,,,,,,,,,,5,1,1,2,2
200600037365,0006-06-26 18:15:00,6,6,26,18,15,590,462,AUTOROUTE A1,,,Plein jour,Hors agglomération,Hors intersection,Normale,Deux véhicules - arrière,,,,,,,,,,,1,1,1,1,2
200600037366,0006-06-29 08:25:00,6,6,29,8,25,590,570,ROUTE NATIONALE 225,,,Plein jour,Hors agglomération,Hors intersection,Normale,Autre collision,,,,,,,,,,,1,1,1,1,6
200600037367,0006-06-29 07:45:00,6,6,29,7,45,590,383,AUTOROUTE A2,,,Plein jour,Hors agglomération,Hors intersection,Normale,Trois véhicules et plus - en chaîne,,,,,,,,,,,1,1,1,1,4
200600037368,0006-06-29 11:00:00,6,6,29,11,0,620,274,AUTOROUTE A21,,,Plein jour,Hors agglomération,Hors intersection,Normale,Autre collision,,,,,,,,,,,1,1,1,1,6
200600037369,0006-06-29 13:45:00,6,6,29,13,45,590,305,AUTOROUTE A25,,,Plein jour,Hors agglomération,Hors intersection,Normale,Autre collision,,,,,,,,,,,1,1,1,1,6
200600037370,0006-06-29 13:50:00,6,6,29,13,50,620,193,AUTOROUTE A16,,,Plein jour,Hors agglomération,Hors intersection,Normale,Autre collision,,,,,,,,,,,1,1,1,1,6
200600037371,0006-06-29 05:25:00,6,6,29,5,25,590,665,AUTOROUTE A25,,,Plein jour,Hors agglomération,Hors intersection,Normale,Autre collision,,,,,,,,,,,1,1,1,1,6
200600037372,0006-06-30 11:10:00,6,6,30,11,10,620,498,AUTOROUTE A211,,,Plein jour,Hors agglomération,Hors intersection,Normale,Deux véhicules - côté,,,,,,,,,,,1,1,1,1,3
200600037373,0006-06-01 01:25:00,6,6,1,1,25,690,383,GEORGES POMPIDOU,,,Nuit avec éclairage allumé,En agglomération,Hors intersection,Normale,Deux véhicules - côté,,,,,,,,,,,5,2,1,1,3
200600037374,0006-06-02 23:30:00,6,6,2,23,30,690,383,VERLET HANUS,,,Nuit avec éclairage allumé,En agglomération,Intersection en X,Normale,Autre collision,,,,,,,,,,,5,2,2,1,6
200600037375,0006-06-02 20:00:00,6,6,2,20,0,690,386,"23, GENERAL SARRAIL (DU)",,,Plein jour,En agglomération,Hors intersection,Normale,Deux véhicules - arrière,,,,,,,,,,,1,2,1,1,2
200600037376,0006-06-07 09:35:00,6,6,7,9,35,690,383,"3 BIS, CUIRASSIERS (DES)",,,Plein jour,En agglomération,Hors intersection,Normale,Trois véhicules et plus - collisions multiples,,,,,,,,,,,1,2,1,1,5
200600037377,0006-06-06 10:30:00,6,6,6,10,30,690,383,RABELAIS,,,Plein jour,En agglomération,Intersection en X,Normale,Deux véhicules - arrière,,,,,,,,,,,1,2,2,1,2
200600037378,0006-06-07 16:15:00,6,6,7,16,15,690,383,"3, ALBERT THOMAS",,,Plein jour,En agglomération,Hors intersection,Normale,Trois véhicules et plus - en chaîne,,,,,,,,,,,1,2,1,1,4
200600037379,0006-06-07 18:45:00,6,6,7,18,45,690,383,VILLON,,,Plein jour,En agglomération,Hors intersection,Normale,Deux véhicules - arrière,,,,,,,,,,,1,2,1,1,2
200600037380,0006-06-09 13:20:00,6,6,9,13,20,690,383,EUGENIE,,,Plein jour,En agglomération,Intersection en X,Normale,Deux véhicules - arrière,,,,,,,,,,,1,2,2,1,2
200600037381,0006-06-13 09:20:00,6,6,13,9,20,690,386,GARIBALDI,,,Plein jour,En agglomération,Hors intersection,Normale,Autre collision,,,,,,,,,,,1,2,1,1,6
200600037382,0006-06-13 22:35:00,6,6,13,22,35,690,383,DOCTEUR LONG (DU),,,Nuit avec éclairage allumé,En agglomération,Intersection en X,Normale,Deux véhicules - côté,,,,,,,,,,,5,2,2,1,3
200600037383,0006-06-14 08:40:00,6,6,14,8,40,690,383,MARECHAL DE SAXE,,,Plein jour,En agglomération,Hors intersection,Normale,Deux véhicules - côté,,,,,,,,,,,1,2,1,1,3
200600037384,0006-06-15 13:00:00,6,6,15,13,0,690,383,ST ANTOINE,,,Plein jour,En agglomération,Intersection en X,Normale,Autre collision,,,,,,,,,,,1,2,2,1,6
200600037385,0006-06-15 18:20:00,6,6,15,18,20,690,386,GRANDE BRETAGNE (DE),,,Plein jour,En agglomération,Hors intersection,Normale,Deux véhicules - côté,,,,,,,,,,,1,2,1,1,3
200600037386,0006-06-10 09:25:00,6,6,10,9,25,690,383,"45, DOCTEUR LONG (DU)",,,Plein jour,En agglomération,Hors intersection,Normale,Autre collision,,,,,,,,,,,1,2,1,1,6
200600037387,0006-06-14 19:30:00,6,6,14,19,30,690,386,PETREQUIN,,,Plein jour,En agglomération,Intersection en X,Normale,Deux véhicules - côté,,,,,,,,,,,1,2,2,1,3
200600037388,0006-06-14 19:45:00,6,6,14,19,45,690,386,MARECHAL DE SAXE,,,Plein jour,En agglomération,Intersection en X,Normale,Autre collision,,,,,,,,,,,1,2,2,1,6
200600037389,0006-06-16 18:15:00,6,6,16,18,15,690,386,"10, JULIETTE RECAMIER",,,Plein jour,En agglomération,Hors intersection,Normale,Autre collision,,,,,,,,,,,1,2,1,1,6
200600037390,0006-06-17 15:20:00,6,6,17,15,20,690,383,RABELAIS,,,Plein jour,En agglomération,Intersection en X,Pluie forte,Deux véhicules - côté,,,,,,,,,,,1,2,2,3,3
200600037391,0006-06-19 09:20:00,6,6,19,9,20,690,386,"83, BELGES (DES)",,,Plein jour,En agglomération,Hors intersection,Normale,Autre collision,,,,,,,,,,,1,2,1,1,6
200600037392,0006-06-19 13:00:00,6,6,19,13,0,690,383,ROCKEFELLER,,,Plein jour,En agglomération,Hors intersection,Normale,Autre collision,,,,,,,,,,,1,2,1,1,6
200600037393,0006-06-21 16:00:00,6,6,21,16,0,690,386,"42, ACHILLE LIGNON",,,Plein jour,En agglomération,Hors intersection,Normale,Autre collision,,,,,,,,,,,1,2,1,1,6
200600037394,0006-06-21 17:30:00,6,6,21,17,30,690,383,"57, DAUPHINE (DU)",,,Plein jour,En agglomération,Hors intersection,Normale,Autre collision,,,,,,,,,,,1,2,1,1,6
200600037395,0006-06-22 10:45:00,6,6,22,10,45,690,386,CRILLON,,,Plein jour,En agglomération,Intersection en X,Normale,Deux véhicules - côté,,,,,,,,,,,1,2,2,1,3
200600037396,0006-06-23 08:30:00,6,6,23,8,30,690,383,VIALA,,,Plein jour,En agglomération,Intersection en X,Normale,Deux véhicules - côté,,,,,,,,,,,1,2,2,1,3
200600037397,0006-06-26 23:20:00,6,6,26,23,20,690,383,LACASSAGNE,,,Nuit avec éclairage allumé,En agglomération,Hors intersection,Normale,Deux véhicules - côté,,,,,,,,,,,5,2,1,1,3
200600037398,0006-06-23 13:25:00,6,6,23,13,25,690,383,"36, DAUPHINE (DU)",,,Plein jour,En agglomération,Hors intersection,Normale,Deux véhicules - côté,,,,,,,,,,,1,2,1,1,3
200600037399,0006-06-27 08:00:00,6,6,27,8,0,690,383,"238, ANDRE PHILIP",,,Plein jour,En agglomération,Hors intersection,Normale,Deux véhicules - arrière,,,,,,,,,,,1,2,1,1,2
200600037400,0006-06-23 11:30:00,6,6,23,11,30,690,386,LAFAYETTE,,,Plein jour,En agglomération,Intersection en X,Normale,Deux véhicules - frontale,,,,,,,,,,,1,2,2,1,1
200600037401,0006-06-27 15:15:00,6,6,27,15,15,690,383,JEAN LARRIVE,,,Plein jour,En agglomération,Hors intersection,Normale,Autre collision,,,,,,,,,,,1,2,1,1,6
200600037402,0006-06-27 17:35:00,6,6,27,17,35,690,383,"56, DAUPHINE (DU)",,,Plein jour,En agglomération,Hors intersection,Normale,Autre collision,,,,,,,,,,,1,2,1,1,6
200600037403,0006-06-28 16:20:00,6,6,28,16,20,690,386,"50, VENDOME",,,Plein jour,En agglomération,Hors intersection,Normale,Deux véhicules - côté,,,,,,,,,,,1,2,1,1,3
200600037404,0006-06-28 17:00:00,6,6,28,17,0,690,383,"194, FELIX FAURE",,,Plein jour,En agglomération,Hors intersection,Normale,Autre collision,,,,,,,,,,,1,2,1,1,6