accident_id,datetime,annee,mois,jour,heure,minute,departement,commune_insee,adresse,latitude,longitude,luminosite,agglomeration,intersection,meteo,collision,nb_vehicules,nb_usagers,nb_indemnes,nb_tues,nb_blesses_hosp,nb_blesses_legers,age_cond_1,age_cond_2,veh_type_cond_1,veh_type_cond_2,lum_code,agg_code,int_code,atm_code,col_code
200600037680,0006-07-12 10:30:00,6,7,12,10,30,60,29,"15, ESPRIT VIOLET (RUE)",,,Plein jour,En agglomération,Hors intersection,Normale,Autre collision,,,,,,,,,,,1,2,1,1,6
200600037681,0006-07-14 18:15:00,6,7,14,18,15,60,29,MIDI (BOULEVARD DU),,,Plein jour,En agglomération,Hors intersection,Normale,Deux véhicules - arrière,,,,,,,,,,,1,2,1,1,2
200600037682,0006-07-16 23:15:00,6,7,16,23,15,60,29,"00, RIOU (BOULEVARD DU)",,,Nuit avec éclairage allumé,En agglomération,Giratoire,Normale,Sans collision,,,,,,,,,,,5,2,6,1,7
200600037683,0006-07-14 03:35:00,6,7,14,3,35,60,29,MIDI (BOULEVARD DU),,,Plein jour,En agglomération,Hors intersection,Normale,Trois véhicules et plus - collisions multiples,,,,,,,,,,,1,2,1,1,5
200600037684,0006-07-19 12:08:00,6,7,19,12,8,60,29,"00, MIDI (BOULEVARD DU)",,,Plein jour,En agglomération,Hors intersection,Normale,Trois véhicules et plus - collisions multiples,,,,,,,,,,,1,2,1,1,5
200600037685,0006-07-20 18:55:00,6,7,20,18,55,60,29,BASTIDE ROUGE,,,Plein jour,En agglomération,Hors intersection,Normale,Deux véhicules - côté,,,,,,,,,,,1,2,1,1,3
200600037686,0006-07-20 22:30:00,6,7,20,22,30,60,29,MONTE-CARLO (AVENUE),,,Nuit avec éclairage allumé,En agglomération,Intersection en X,Normale,Autre collision,,,,,,,,,,,5,2,2,1,6
200600037687,0006-07-21 16:04:00,6,7,21,16,4,60,29,"16, JOFFRE (RUE MARECHAL",,,Plein jour,En agglomération,Hors intersection,Normale,Sans collision,,,,,,,,,,,1,2,1,1,7
200600037688,0006-07-22 21:30:00,6,7,22,21,30,60,30,CAMPON (RUE,,,Crépuscule ou aube,En agglomération,Hors intersection,Normale,Deux véhicules - arrière,,,,,,,,,,,2,2,1,1,2
200600037689,0006-07-23 01:10:00,6,7,23,1,10,60,29,"81, CLEMENCEAU (RUE GEOR",,,Nuit avec éclairage allumé,En agglomération,Hors intersection,Normale,Deux véhicules - arrière,,,,,,,,,,,5,2,1,1,2
200600037690,0006-07-23 15:29:00,6,7,23,15,29,60,29,"259, TONNER (AVENUE FRAN",,,Plein jour,En agglomération,Hors intersection,Normale,Deux véhicules - côté,,,,,,,,,,,1,2,1,1,3
200600037691,0006-07-23 08:57:00,6,7,23,8,57,60,29,MIDI (BOULEVARD DU),,,Plein jour,En agglomération,Hors intersection,Normale,Deux véhicules - côté,,,,,,,,,,,1,2,1,1,3
200600037692,0006-07-21 17:00:00,6,7,21,17,0,60,30,JOURDAN (AVENUE MICHEL (,,,Plein jour,En agglomération,Autre intersection,Normale,Deux véhicules - côté,,,,,,,,,,,1,2,9,1,3
200600037693,0006-07-24 13:15:00,6,7,24,13,15,60,29,"139, JUIN (AVENUE MARECH",,,Plein jour,En agglomération,Hors intersection,Normale,Deux véhicules - côté,,,,,,,,,,,1,2,1,1,3
200600037694,0006-07-25 15:15:00,6,7,25,15,15,60,29,PANTIERO (PROMENADE DE L,,,Plein jour,En agglomération,Hors intersection,Normale,Deux véhicules - côté,,,,,,,,,,,1,2,1,1,3
200600037695,0006-07-25 14:43:00,6,7,25,14,43,60,29,"24, TUBY (AVENUE FRANCOI",,,Plein jour,En agglomération,Hors intersection,Normale,Trois véhicules et plus - en chaîne,,,,,,,,,,,1,2,1,1,4
200600037696,0006-07-25 16:09:00,6,7,25,16,9,60,29,"20, CARNOT (BOULEVARD)",,,Plein jour,En agglomération,Hors intersection,Normale,Trois véhicules et plus - collisions multiples,,,,,,,,,,,1,2,1,1,5
200600037697,0006-07-26 10:50:00,6,7,26,10,50,60,29,ANCIENS COMBATTANTS D'AF,,,Plein jour,En agglomération,Hors intersection,Normale,Deux véhicules - côté,,,,,,,,,,,1,2,1,1,3
200600037698,0006-07-27 03:15:00,6,7,27,3,15,60,29,ANGLAIS (AVENUE DES),,,Nuit avec éclairage allumé,En agglomération,Giratoire,Normale,Deux véhicules - côté,,,,,,,,,,,5,2,6,1,3
200600037699,0006-07-27 17:45:00,6,7,27,17,45,60,29,"35, REPUBLIQUE (BOULEVAR",,,Plein jour,En agglomération,Hors intersection,Normale,Deux véhicules - côté,,,,,,,,,,,1,2,1,1,3
200600037700,0006-07-27 21:30:00,6,7,27,21,30,60,30,ROOSEVELT (AVENUE FRANKL,,,Crépuscule ou aube,En agglomération,Hors intersection,Normale,Deux véhicules - côté,,,,,,,,,,,2,2,1,1,3
200600037701,0006-07-27 16:50:00,6,7,27,16,50,60,29,"1, LAFONTAINE (RUE)",,,Plein jour,En agglomération,Hors intersection,Normale,Sans collision,,,,,,,,,,,1,2,1,1,7
200600037702,0006-07-28 16:34:00,6,7,28,16,34,60,29,"72, REPUBLIQUE (BOULEVAR",,,Plein jour,En agglomération,Hors intersection,Normale,Sans collision,,,,,,,,,,,1,2,1,1,7
200600037703,0006-07-29 12:20:00,6,7,29,12,20,60,29,"126, TONNER (AVENUE FRAN",,,Plein jour,En agglomération,Hors intersection,Normale,Sans collision,,,,,,,,,,,1,2,1,1,7
200600037704,0006-07-29 16:44:00,6,7,29,16,44,60,29,"260, JOURDAN (AVENUE MIC",,,Plein jour,En agglomération,Hors intersection,Normale,Autre collision,,,,,,,,,,,1,2,1,1,6
200600037705,0006-07-29 23:45:00,6,7,29,23,45,60,29,ANCIENS COMBATTANTS D'AF,,,Nuit avec éclairage allumé,En agglomération,Hors intersection,Normale,Deux véhicules - arrière,,,,,,,,,,,5,2,1,1,2
200600037706,0006-07-29 17:56:00,6,7,29,17,56,60,29,MIDI (BOULEVARD DU),,,Plein jour,En agglomération,Hors intersection,Normale,Deux véhicules - côté,,,,,,,,,,,1,2,1,1,3
200600037707,0006-07-30 09:44:00,6,7,30,9,44,60,29,"17, FERRAGE (BOULEVARD D",,,Plein jour,En agglomération,Hors intersection,Normale,Trois véhicules et plus - collisions multiples,,,,,,,,,,,1,2,1,1,5
200600037708,0006-07-31 21:40:00,6,7,31,21,40,60,29,CROISETTE (BOULEVARD DE,,,Nuit avec éclairage allumé,En agglomération,Hors intersection,Normale,Sans collision,,,,,,,,,,,5,2,1,1,7
200600037709,0006-07-31 23:45:00,6,7,31,23,45,60,29,MIDI (BOULEVARD DU),,,Nuit avec éclairage allumé,En agglomération,Hors intersection,Normale,Sans collision,,,,,,,,,,,5,2,1,1,7
200600037710,0006-07-04 17:00:00,6,7,4,17,0,60,69,"1, ROUQUIER (BOULEVARD E",,,Plein jour,En agglomération,Hors intersection,Normale,Deux véhicules - arrière,,,,,,,,,,,1,2,1,1,2
200600037711,0006-07-05 10:15:00,6,7,5,10,15,60,69,"X, BUANDERIE (PLACE DE L",,,Plein jour,En agglomération,Hors intersection,Normale,Autre collision,,,,,,,,,,,1,2,1,1,6
200600037712,0006-07-06 19:55:00,6,7,6,19,55,60,69,"17, SAINT MARC (CHEMIN)",,,Crépuscule ou aube,En agglomération,Hors intersection,Pluie légère,Autre collision,,,,,,,,,,,2,2,1,2,6
200600037713,0006-07-09 00:25:00,6,7,9,0,25,60,69,"89, DRAGUIGNAN (ROUTE DE",,,Nuit avec éclairage allumé,En agglomération,Hors intersection,Normale,Deux véhicules - frontale,,,,,,,,,,,5,2,1,1,1
200600037714,0006-07-09 08:55:00,6,7,9,8,55,60,69,"1, CRESP (COURS HONORE)",,,Plein jour,En agglomération,Hors intersection,Normale,Deux véhicules - côté,,,,,,,,,,,1,2,1,1,3
200600037715,0006-07-11 08:45:00,6,7,11,8,45,60,69,"1, VICTOR HUGO  (BD)",,,Plein jour,En agglomération,Hors intersection,Normale,Sans collision,,,,,,,,,,,1,2,1,1,7
200600037716,0006-07-11 16:30:00,6,7,11,16,30,60,69,"17, CANNES (ROUTE DE)  -",,,Plein jour,En agglomération,Hors intersection,Normale,Autre collision,,,,,,,,,,,1,2,1,1,6
200600037717,0006-07-12 14:30:00,6,7,12,14,30,60,69,"115, ZILLER (AVENUE PIER",,,Plein jour,Hors agglomération,Hors intersection,Normale,Sans collision,,,,,,,,,,,1,1,1,1,7
200600037718,0006-07-17 07:40:00,6,7,17,7,40,60,69,"x, SAINT EXUPERY (AVENUE",,,Plein jour,En agglomération,Hors intersection,Normale,Deux véhicules - frontale,,,,,,,,,,,1,2,1,1,1
200600037719,0006-07-18 17:35:00,6,7,18,17,35,60,69,"83, ROUQUIER (BOULEVARD",,,Plein jour,En agglomération,Hors intersection,Normale,Deux véhicules - arrière,,,,,,,,,,,1,2,1,1,2
200600037720,0006-07-21 11:20:00,6,7,21,11,20,60,69,"11, SAINT EXUPERY (AVENU",,,Plein jour,En agglomération,Hors intersection,Normale,Deux véhicules - arrière,,,,,,,,,,,1,2,1,1,2
200600037721,0006-07-22 15:50:00,6,7,22,15,50,60,69,", PLAN (ROUTE DU) -D304-",,,Plein jour,En agglomération,Hors intersection,Normale,Deux véhicules - côté,,,,,,,,,,,1,2,1,1,3
200600037722,0006-07-24 21:00:00,6,7,24,21,0,60,69,"77, SAINT JEAN (CHEMIN,",,,Crépuscule ou aube,En agglomération,Hors intersection,Normale,Deux véhicules - frontale,,,,,,,,,,,2,2,1,1,1
200600037723,0006-07-26 15:30:00,6,7,26,15,30,60,69,AURIBEAU (ROUTE D') -D60,,,Plein jour,Hors agglomération,Hors intersection,Normale,Sans collision,,,,,,,,,,,1,1,1,1,7
200600037724,0006-07-27 13:25:00,6,7,27,13,25,60,69,"151, CANNES (ROUTE DE)",,,Plein jour,En agglomération,Hors intersection,Normale,Deux véhicules - côté,,,,,,,,,,,1,2,1,1,3
200600037725,0006-07-29 21:00:00,6,7,29,21,0,60,69,", BENARD (AVENUE HENRI)",,,Crépuscule ou aube,En agglomération,Hors intersection,Normale,Deux véhicules - frontale,,,,,,,,,,,2,2,1,1,1
200600037726,0006-07-31 09:00:00,6,7,31,9,0,60,69,"X, DRAGUIGNAN (ROUTE DE)",,,Plein jour,En agglomération,Intersection en T,Normale,Deux véhicules - côté,,,,,,,,,,,1,2,3,1,3
200600037727,0006-07-16 07:10:00,6,7,16,7,10,60,12,"7, CENTRE (BRETELLE DU)",,,Plein jour,En agglomération,Hors intersection,Normale,Deux véhicules - frontale,,,,,,,,,,,1,2,1,1,1
200600037728,0006-07-15 21:45:00,6,7,15,21,45,60,83,"SOLEIL (PROMENADE DU, N°",,,Nuit avec éclairage allumé,En agglomération,Hors intersection,Normale,Autre collision,,,,,,,,,,,5,2,1,1,6
200600037729,0006-07-12 22:20:00,6,7,12,22,20,60,83,"14, PARTOUNEAUX",,,Nuit avec éclairage allumé,En agglomération,Hors intersection,Normale,Deux véhicules - côté,,,,,,,,,,,5,2,1,1,3
200600037730,0006-07-22 23:00:00,6,7,22,23,0,60,83,"25, HARPIGNIES",,,Nuit avec éclairage non allumé,En agglomération,Intersection en T,Normale,Deux véhicules - côté,,,,,,,,,,,4,2,3,1,3
200600037731,0006-07-21 10:00:00,6,7,21,10,0,60,12,"1, CORNICHE (MOYENNE, N°",,,Plein jour,En agglomération,Intersection en Y,Normale,Sans collision,,,,,,,,,,,1,2,4,1,7
200600037732,0006-07-29 11:45:00,6,7,29,11,45,60,104,JAURES (AVENUE JEAN),,,Plein jour,En agglomération,Intersection en X,Normale,Deux véhicules - côté,,,,,,,,,,,1,2,2,1,3
200600037733,0006-07-01 18:31:00,6,7,1,18,31,60,88,"0, FAURE (AV. FELIX)",,,Plein jour,En agglomération,Hors intersection,Normale,Autre collision,,,,,,,,,,,1,2,1,1,6
200600037734,0006-07-01 17:40:00,6,7,1,17,40,60,88,"0, ANGLAIS (DU N° 265 AU",,,Plein jour,En agglomération,Hors intersection,Normale,Autre collision,,,,,,,,,,,1,2,1,1,6
200600037735,0006-07-01 11:55:00,6,7,1,11,55,60,88,JOFFRE (R. MARECHAL),,,Plein jour,En agglomération,Hors intersection,Normale,Autre collision,,,,,,,,,,,1,2,1,1,6
200600037736,0006-07-01 09:00:00,6,7,1,9,0,60,88,"30, FLIREY (AV. DE)",,,Plein jour,En agglomération,Hors intersection,Normale,Autre collision,,,,,,,,,,,1,2,1,1,6
200600037737,0006-07-02 00:35:00,6,7,2,0,35,60,88,"327, ASPREMONT (RTE D')",,,Nuit sans éclairage public,Hors agglomération,Hors intersection,Normale,Autre collision,,,,,,,,,,,3,1,1,1,6
200600037738,0006-07-02 00:50:00,6,7,2,0,50,60,88,"0, ANGLAIS PLAGE(  PARTI",,,Nuit avec éclairage allumé,En agglomération,Intersection en X,Normale,Deux véhicules - côté,,,,,,,,,,,5,2,2,1,3
200600037739,0006-07-02 08:40:00,6,7,2,8,40,60,88,"0, CARNOT (BD)",,,Plein jour,En agglomération,Intersection en X,Normale,Deux véhicules - côté,,,,,,,,,,,1,2,2,1,3
200600037740,0006-07-02 12:40:00,6,7,2,12,40,60,159,"0, CONDAMINE (AVENUE DE",,,Plein jour,En agglomération,Hors intersection,Normale,Deux véhicules - côté,,,,,,,,,,,1,2,1,1,3
200600037741,0006-07-02 19:40:00,6,7,2,19,40,60,88,"225, TURIN (RTE DE)",,,Plein jour,En agglomération,Hors intersection,Normale,Autre collision,,,,,,,,,,,1,2,1,1,6
200600037742,0006-07-02 23:05:00,6,7,2,23,5,60,88,"0, DELFINO (BD GENERAL)",,,Nuit avec éclairage allumé,En agglomération,Intersection en X,Normale,Deux véhicules - côté,,,,,,,,,,,5,2,2,1,3
200600037743,0006-07-03 03:10:00,6,7,3,3,10,60,88,"0, SUISSE (R. DE)",,,Nuit avec éclairage allumé,En agglomération,Intersection en X,Normale,Deux véhicules - côté,,,,,,,,,,,5,2,2,1,3
200600037744,0006-07-03 11:10:00,6,7,3,11,10,60,88,"21, FORESTA (R. DE)",,,Plein jour,En agglomération,Hors intersection,Normale,Deux véhicules - arrière,,,,,,,,,,,1,2,1,1,2
200600037745,0006-07-03 13:00:00,6,7,3,13,0,60,88,"0, DIGUE DES FRANCAIS (T",,,Plein jour,En agglomération,Hors intersection,Normale,Trois véhicules et plus - collisions multiples,,,,,,,,,,,1,2,1,1,5
200600037746,0006-07-03 14:15:00,6,7,3,14,15,60,88,"307, MADELEINE (BD DE LA",,,Plein jour,En agglomération,Hors intersection,Normale,Autre collision,,,,,,,,,,,1,2,1,1,6
200600037747,0006-07-03 14:50:00,6,7,3,14,50,60,88,"140, TURIN (RTE DE)",,,Plein jour,En agglomération,Hors intersection,Normale,Deux véhicules - côté,,,,,,,,,,,1,2,1,1,3
200600037748,0006-07-03 16:30:00,6,7,3,16,30,60,88,"34, FLIREY (AV. DE)",,,Plein jour,En agglomération,Hors intersection,Normale,Autre collision,,,,,,,,,,,1,2,1,1,6
200600037749,0006-07-03 17:00:00,6,7,3,17,0,60,88,"47, ANGLAIS (DU N° 45 AU",,,Plein jour,En agglomération,Hors intersection,Normale,Autre collision,,,,,,,,,,,1,2,1,1,6
200600037750,0006-07-04 16:45:00,6,7,4,16,45,60,88,"0, STE-MARGUERITE (AV.)",,,Plein jour,En agglomération,Intersection en X,Normale,Trois véhicules et plus - collisions multiples,,,,,,,,,,,1,2,2,1,5
200600037751,0006-07-04 17:20:00,6,7,4,17,20,60,88,"2, CHARBONNIER (RUE GAST",,,Plein jour,En agglomération,Hors intersection,Normale,Autre collision,,,,,,,,,,,1,2,1,1,6
200600037752,0006-07-04 20:30:00,6,7,4,20,30,60,88,"26, FLIREY (AV. DE)",,,Plein jour,En agglomération,Hors intersection,Normale,Deux véhicules - arrière,,,,,,,,,,,1,2,1,1,2
200600037753,0006-07-04 17:45:00,6,7,4,17,45,60,88,CASSIN (BD RENE),,,Plein jour,En agglomération,Hors intersection,Normale,Deux véhicules - côté,,,,,,,,,,,1,2,1,1,3
200600037754,0006-07-05 05:50:00,6,7,5,5,50,60,88,BARLA (RUE),,,Crépuscule ou aube,En agglomération,Intersection en X,Normale,Deux véhicules - côté,,,,,,,,,,,2,2,2,1,3
200600037755,0006-07-05 17:00:00,6,7,5,17,0,60,88,"48, BESSET (AV.) (A PART",,,Plein jour,En agglomération,Hors intersection,Normale,Autre collision,,,,,,,,,,,1,2,1,1,6
200600037756,0006-07-05 18:02:00,6,7,5,18,2,60,88,"19, VALOMBROSE (AV. DE)",,,Plein jour,En agglomération,Hors intersection,Normale,Deux véhicules - arrière,,,,,,,,,,,1,2,1,1,2
200600037757,0006-07-05 21:55:00,6,7,5,21,55,60,88,"35, RIQUIER (BD DE)",,,Nuit avec éclairage non allumé,En agglomération,Hors intersection,Normale,Deux véhicules - côté,,,,,,,,,,,4,2,1,1,3
200600037758,0006-07-05 23:20:00,6,7,5,23,20,60,88,"0, ANGLAIS PLAGE (DU 114",,,Nuit avec éclairage allumé,En agglomération,Hors intersection,Normale,Trois véhicules et plus - collisions multiples,,,,,,,,,,,5,2,1,1,5
200600037759,0006-07-06 00:30:00,6,7,6,0,30,60,88,"0, LEPANTE (R. DE)",,,Nuit avec éclairage allumé,En agglomération,Intersection en X,Normale,Deux véhicules - côté,,,,,,,,,,,5,2,2,1,3
200600037760,0006-07-06 05:00:00,6,7,6,5,0,60,159,"9, ALBERT 1ER (AVENUE)",,,Crépuscule ou aube,En agglomération,Hors intersection,Normale,Deux véhicules - arrière,,,,,,,,,,,2,2,1,1,2
200600037761,0006-07-06 07:30:00,6,7,6,7,30,60,88,"0, VERANY (BD J.B.)",,,Plein jour,En agglomération,Hors intersection,Normale,Deux véhicules - arrière,,,,,,,,,,,1,2,1,1,2
200600037762,0006-07-06 08:00:00,6,7,6,8,0,60,88,"0, ANGLAIS PLAGE (N°1 AU",,,Plein jour,En agglomération,Hors intersection,Normale,Autre collision,,,,,,,,,,,1,2,1,1,6
200600037763,0006-07-06 12:20:00,6,7,6,12,20,60,88,"201, CALIFORNIE (AV.) (D",,,Plein jour,En agglomération,Hors intersection,Normale,Deux véhicules - côté,,,,,,,,,,,1,2,1,1,3
200600037764,0006-07-06 18:00:00,6,7,6,18,0,60,88,"263, ANGLAIS PLAGE (DU 1",,,Plein jour,En agglomération,Hors intersection,Pluie légère,Deux véhicules - côté,,,,,,,,,,,1,2,1,2,3
200600037765,0006-07-06 18:40:00,6,7,6,18,40,60,88,"21, CARNOT (BD)",,,Plein jour,En agglomération,Hors intersection,Temps couvert,Sans collision,,,,,,,,,,,1,2,1,8,7
200600037766,0006-07-07 17:30:00,6,7,7,17,30,60,88,GINESTIERE (CH. DE LA),,,Plein jour,En agglomération,Hors intersection,Normale,Autre collision,,,,,,,,,,,1,2,1,1,6
200600037767,0006-07-07 18:08:00,6,7,7,18,8,60,88,"201, CALIFORNIE (AV.) (D",,,Plein jour,En agglomération,Intersection en X,Normale,Deux véhicules - côté,,,,,,,,,,,1,2,2,1,3
200600037768,0006-07-07 19:50:00,6,7,7,19,50,60,88,"11, SARAMITO (AV. GEN.)",,,Plein jour,En agglomération,Hors intersection,Normale,Autre collision,,,,,,,,,,,1,2,1,1,6
200600037769,0006-07-07 20:15:00,6,7,7,20,15,60,88,"0, CAP DE CROIX (AV. ET",,,Crépuscule ou aube,En agglomération,Hors intersection,Normale,Autre collision,,,,,,,,,,,2,2,1,1,6
200600037770,0006-07-08 01:20:00,6,7,8,1,20,60,88,"12, CARABACEL (BD)",,,Nuit avec éclairage allumé,En agglomération,Hors intersection,Normale,Autre collision,,,,,,,,,,,5,2,1,1,6
200600037771,0006-07-08 11:15:00,6,7,8,11,15,60,88,"39, COMBOUL (AV. RAYMOND",,,Plein jour,En agglomération,Intersection en T,Normale,Deux véhicules - côté,,,,,,,,,,,1,2,3,1,3
200600037772,0006-07-08 12:45:00,6,7,8,12,45,60,88,"38, TURIN (RTE DE)",,,Plein jour,En agglomération,Hors intersection,Normale,Autre collision,,,,,,,,,,,1,2,1,1,6
200600037773,0006-07-08 23:20:00,6,7,8,23,20,60,88,PENETRANTE DU PAILLON,,,Nuit avec éclairage non allumé,En agglomération,Hors intersection,Normale,Trois véhicules et plus - collisions multiples,,,,,,,,,,,4,2,1,1,5
200600037774,0006-07-09 02:25:00,6,7,9,2,25,60,88,QUAI DES ETATS UNIS,,,Nuit avec éclairage allumé,En agglomération,Hors intersection,Normale,Autre collision,,,,,,,,,,,5,2,1,1,6
200600037775,0006-07-09 05:25:00,6,7,9,5,25,60,88,"43, ANGLAIS PLAGE (N°1 A",,,Crépuscule ou aube,En agglomération,Hors intersection,Normale,Deux véhicules - côté,,,,,,,,,,,2,2,1,1,3
200600037776,0006-07-09 08:15:00,6,7,9,8,15,60,88,"43, DAUPHINE (AV.)",,,Plein jour,En agglomération,Hors intersection,Normale,Autre collision,,,,,,,,,,,1,2,1,1,6
200600037777,0006-07-09 05:50:00,6,7,9,5,50,60,88,"147, MADELEINE (BD DE LA",,,Crépuscule ou aube,En agglomération,Hors intersection,Normale,Autre collision,,,,,,,,,,,2,2,1,1,6
200600037778,0006-07-09 16:40:00,6,7,9,16,40,60,88,"0, MIOLLIS (R.)",,,Plein jour,En agglomération,Intersection en X,Normale,Autre collision,,,,,,,,,,,1,2,2,1,6
200600037779,0006-07-09 17:30:00,6,7,9,17,30,60,88,"237, SAINTE-MARGUERITE (",,,Plein jour,En agglomération,Hors intersection,Normale,Deux véhicules - côté,,,,,,,,,,,1,2,1,1,3
200600037780,0006-07-10 17:55:00,6,7,10,17,55,60,88,CESSOLE (BD DE) (A PARTI,,,Plein jour,En agglomération,Intersection en T,Normale,Deux véhicules - côté,,,,,,,,,,,1,2,3,1,3
200600037781,0006-07-10 17:56:00,6,7,10,17,56,60,88,"0, DIABLES BLEUS (AV. DE",,,Plein jour,En agglomération,Intersection en T,Normale,Deux véhicules - côté,,,,,,,,,,,1,2,3,1,3
200600037782,0006-07-10 18:50:00,6,7,10,18,50,60,88,ROQUEBILLIERE (R. DE),,,Plein jour,En agglomération,Giratoire,Normale,Deux véhicules - côté,,,,,,,,,,,1,2,6,1,3
200600037783,0006-07-11 08:45:00,6,7,11,8,45,60,88,PELLOS (R. FRANCOIS),,,Plein jour,En agglomération,Intersection en X,Normale,Deux véhicules - côté,,,,,,,,,,,1,2,2,1,3
200600037784,0006-07-11 18:35:00,6,7,11,18,35,60,88,"0, CLEMENCEAU (AV. GEORG",,,Plein jour,En agglomération,Intersection en T,Normale,Deux véhicules - côté,,,,,,,,,,,1,2,3,1,3
200600037785,0006-07-12 11:10:00,6,7,12,11,10,60,88,"6, SEYTOUR (R. MARTIN)",,,Plein jour,En agglomération,Hors intersection,Normale,Autre collision,,,,,,,,,,,1,2,1,1,6
200600037786,0006-07-12 12:45:00,6,7,12,12,45,60,88,"25, CARABACEL (BD)",,,Plein jour,En agglomération,Intersection en T,Normale,Deux véhicules - arrière,,,,,,,,,,,1,2,3,1,2
200600037787,0006-07-12 16:15:00,6,7,12,16,15,60,88,GAMBETTA (JUSQU'AU N° 62,,,Plein jour,En agglomération,Hors intersection,Normale,Deux véhicules - côté,,,,,,,,,,,1,2,1,1,3
200600037788,0006-07-12 17:00:00,6,7,12,17,0,60,88,"158-160, FRANCE (R. DE)",,,Plein jour,En agglomération,Intersection en T,Normale,Autre collision,,,,,,,,,,,1,2,3,1,6
200600037789,0006-07-12 19:55:00,6,7,12,19,55,60,88,RD 6007,,,Plein jour,Hors agglomération,Autre intersection,Normale,Deux véhicules - frontale,,,,,,,,,,,1,1,9,1,1
200600037790,0006-07-12 19:15:00,6,7,12,19,15,60,88,"343, BELLET (ANC. CH. DE",,,Plein jour,En agglomération,Hors intersection,Normale,Deux véhicules - côté,,,,,,,,,,,1,2,1,1,3
200600037791,0006-07-13 03:40:00,6,7,13,3,40,60,88,"0, ROSSINI (R.)",,,Nuit avec éclairage allumé,En agglomération,Intersection en X,Normale,Deux véhicules - côté,,,,,,,,,,,5,2,2,1,3
200600037792,0006-07-13 09:00:00,6,7,13,9,0,60,88,"124 BIS, GAMBETTA (A PAR",,,Plein jour,En agglomération,Hors intersection,Normale,Deux véhicules - côté,,,,,,,,,,,1,2,1,1,3
200600037793,0006-07-13 12:15:00,6,7,13,12,15,60,88,"285, ANGLAIS (DU N° 265",,,Plein jour,En agglomération,Hors intersection,Normale,Trois véhicules et plus - collisions multiples,,,,,,,,,,,1,2,1,1,5
200600037794,0006-07-13 14:15:00,6,7,13,14,15,60,88,"34, GAMBETTA (JUSQU'AU N",,,Plein jour,En agglomération,Hors intersection,Normale,Deux véhicules - arrière,,,,,,,,,,,1,2,1,1,2
200600037795,0006-07-13 14:30:00,6,7,13,14,30,60,88,"271, CASSIN (BD RENE)",,,Plein jour,En agglomération,Intersection en T,Normale,Deux véhicules - côté,,,,,,,,,,,1,2,3,1,3
200600037796,0006-07-15 07:00:00,6,7,15,7,0,60,88,"90, OLIVIERS (CORNICHE D",,,Plein jour,En agglomération,Hors intersection,Normale,Autre collision,,,,,,,,,,,1,2,1,1,6
200600037797,0006-07-15 18:30:00,6,7,15,18,30,60,88,"0, POMPIDOU (BD GEORGES)",,,Plein jour,En agglomération,Hors intersection,Normale,Deux véhicules - côté,,,,,,,,,,,1,2,1,1,3
200600037798,0006-07-16 16:50:00,6,7,16,16,50,60,88,"57, ANGLAIS (DU N° 45 AU",,,Plein jour,En agglomération,Hors intersection,Normale,Deux véhicules - arrière,,,,,,,,,,,1,2,1,1,2
200600037799,0006-07-16 17:10:00,6,7,16,17,10,60,88,"0, SOLA (BD PIERRE)",,,Plein jour,En agglomération,Hors intersection,Normale,Autre collision,,,,,,,,,,,1,2,1,1,6
200600037800,0006-07-17 08:40:00,6,7,17,8,40,60,88,"0, SAINT-PIERRE DE FERIC",,,Plein jour,En agglomération,Intersection en X,Normale,Deux véhicules - côté,,,,,,,,,,,1,2,2,1,3
200600037801,0006-07-17 19:10:00,6,7,17,19,10,60,88,"0, JOLY (CORNICHE ANDRE",,,Plein jour,En agglomération,Hors intersection,Normale,Deux véhicules - côté,,,,,,,,,,,1,2,1,1,3
200600037802,0006-07-17 20:20:00,6,7,17,20,20,60,88,"0, COSTE (RUE EUGENE)",,,Plein jour,En agglomération,Hors intersection,Normale,Deux véhicules - arrière,,,,,,,,,,,1,2,1,1,2
200600037803,0006-07-18 09:50:00,6,7,18,9,50,60,88,"0, MADELEINE (BD DE LA)",,,Plein jour,En agglomération,Hors intersection,Normale,Autre collision,,,,,,,,,,,1,2,1,1,6
200600037804,0006-07-18 10:45:00,6,7,18,10,45,60,88,"34, DELFINO (BD GENERAL)",,,Plein jour,En agglomération,Hors intersection,Normale,Autre collision,,,,,,,,,,,1,2,1,1,6
200600037805,0006-07-18 11:25:00,6,7,18,11,25,60,88,"0, POMPIDOU (BD GEORGES)",,,Plein jour,En agglomération,Hors intersection,Temps éblouissant,Deux véhicules - arrière,,,,,,,,,,,1,2,1,7,2
200600037806,0006-07-18 18:15:00,6,7,18,18,15,60,88,"0, FLIREY (AV. DE)",,,Plein jour,En agglomération,Hors intersection,Normale,Deux véhicules - arrière,,,,,,,,,,,1,2,1,1,2
200600037807,0006-07-19 12:50:00,6,7,19,12,50,60,88,"0, LYAUTEY (AV. DU MAL)",,,Plein jour,En agglomération,Intersection en X,Normale,Deux véhicules - côté,,,,,,,,,,,1,2,2,1,3
200600037808,0006-07-19 14:30:00,6,7,19,14,30,60,88,CARABACEL (BD),,,Plein jour,En agglomération,Hors intersection,Normale,Deux véhicules - côté,,,,,,,,,,,1,2,1,1,3
200600037809,0006-07-20 11:00:00,6,7,20,11,0,60,88,"81, ESTIENNE -D'ORVES (A",,,Plein jour,En agglomération,Hors intersection,Normale,Deux véhicules - arrière,,,,,,,,,,,1,2,1,1,2
200600037810,0006-07-20 11:50:00,6,7,20,11,50,60,159,"12, MARECHAL FOCH (AVENU",,,Plein jour,En agglomération,Hors intersection,Normale,Deux véhicules - côté,,,,,,,,,,,1,2,1,1,3
200600037811,0006-07-20 16:50:00,6,7,20,16,50,60,159,ALBERT 1ER (AVENUE),,,Plein jour,En agglomération,Intersection en T,Normale,Deux véhicules - côté,,,,,,,,,,,1,2,3,1,3
200600037812,0006-07-20 22:10:00,6,7,20,22,10,60,159,SADI CARNOT (AVENUE),,,Nuit avec éclairage allumé,En agglomération,Hors intersection,Normale,Deux véhicules - côté,,,,,,,,,,,5,2,1,1,3