accident_id,datetime,annee,mois,jour,heure,minute,departement,commune_insee,adresse,latitude,longitude,luminosite,agglomeration,intersection,meteo,collision,nb_vehicules,nb_usagers,nb_indemnes,nb_tues,nb_blesses_hosp,nb_blesses_legers,age_cond_1,age_cond_2,veh_type_cond_1,veh_type_cond_2,lum_code,agg_code,int_code,atm_code,col_code
200600037947,0006-07-02 15:15:00,6,7,2,15,15,130,2,"00, CD46A (DE PICHAURIS",,,Plein jour,Hors agglomération,Hors intersection,Normale,Sans collision,,,,,,,,,,,1,1,1,1,7
200600037948,0006-07-05 11:15:00,6,7,5,11,15,130,55,"120, CAPELETTE (AVENUE D",,,Plein jour,En agglomération,Hors intersection,Normale,Deux véhicules - arrière,,,,,,,,,,,1,2,1,1,2
200600037949,0006-07-01 23:45:00,6,7,1,23,45,130,55,", RIVE NEUVE (QUAI)",,,Nuit avec éclairage allumé,En agglomération,Hors intersection,Normale,Deux véhicules - frontale,,,,,,,,,,,5,2,1,1,1
200600037950,0006-07-06 00:01:00,6,7,6,0,1,130,55,"00, JOLIETTE (QUAI DE LA",,,Nuit avec éclairage allumé,En agglomération,Intersection en X,Normale,Autre collision,,,,,,,,,,,5,2,2,1,6
200600037951,0006-07-08 10:10:00,6,7,8,10,10,130,55,"24, LOUIS SALVATOR (BOUL",,,Plein jour,En agglomération,Hors intersection,Normale,Deux véhicules - arrière,,,,,,,,,,,1,2,1,1,2
200600037952,0006-07-05 10:00:00,6,7,5,10,0,130,55,BRIANCON (BOULEVARD),,,Plein jour,En agglomération,Intersection en T,Normale,Deux véhicules - côté,,,,,,,,,,,1,2,3,1,3
200600037953,0006-07-10 09:15:00,6,7,10,9,15,130,55,"69, CAP JANET (CHEMIN)",,,Plein jour,En agglomération,Hors intersection,Normale,Deux véhicules - arrière,,,,,,,,,,,1,2,1,1,2
200600037954,0006-07-10 00:50:00,6,7,10,0,50,130,55,GENES (RUE DE),,,Nuit avec éclairage allumé,En agglomération,Hors intersection,Normale,Deux véhicules - côté,,,,,,,,,,,5,2,1,1,3
200600037955,0006-07-12 15:43:00,6,7,12,15,43,130,55,"279, SAINT PIERRE (RUE)",,,Plein jour,En agglomération,Hors intersection,Temps éblouissant,Autre collision,,,,,,,,,,,1,2,1,7,6
200600037956,0006-07-05 15:00:00,6,7,5,15,0,130,55,SCHLOESING (BOULEVARD),,,Plein jour,En agglomération,Hors intersection,Normale,Deux véhicules - côté,,,,,,,,,,,1,2,1,1,3
200600037957,0006-07-08 20:00:00,6,7,8,20,0,130,2,"200, 7EME TIRAILLEURS AL",,,Plein jour,En agglomération,Hors intersection,Normale,Deux véhicules - côté,,,,,,,,,,,1,2,1,1,3
200600037958,0006-07-05 08:45:00,6,7,5,8,45,130,55,"00, MIREILLE LAUZE (BOUL",,,Plein jour,En agglomération,Hors intersection,Temps couvert,Sans collision,,,,,,,,,,,1,2,1,8,7
200600037959,0006-07-09 23:35:00,6,7,9,23,35,130,55,CAPELETTE (AVENUE DE LA),,,Nuit avec éclairage allumé,En agglomération,Hors intersection,Normale,Autre collision,,,,,,,,,,,5,2,1,1,6
200600037960,0006-07-13 10:45:00,6,7,13,10,45,130,55,"00, PONT DE VIVAUX (BOUL",,,Plein jour,En agglomération,Hors intersection,Normale,Autre collision,,,,,,,,,,,1,2,1,1,6
200600037961,0006-07-15 13:30:00,6,7,15,13,30,130,55,CARRIERE (RUE DE LA),,,Plein jour,En agglomération,Intersection en X,Normale,Deux véhicules - côté,,,,,,,,,,,1,2,2,1,3
200600037962,0006-07-13 18:00:00,6,7,13,18,0,130,55,"348, ROUCAS BLAN (CHEMIN",,,Plein jour,En agglomération,Hors intersection,Temps éblouissant,Autre collision,,,,,,,,,,,1,2,1,7,6
200600037963,0006-07-04 07:30:00,6,7,4,7,30,130,55,DAMES (BOULEVARD DES),,,Plein jour,En agglomération,Intersection en X,Normale,Deux véhicules - côté,,,,,,,,,,,1,2,2,1,3
200600037964,0006-07-12 11:50:00,6,7,12,11,50,130,55,"0, MICHELET (BOULEVARD)",,,Plein jour,En agglomération,Hors intersection,Normale,Deux véhicules - arrière,,,,,,,,,,,1,2,1,1,2
200600037965,0006-07-02 13:45:00,6,7,2,13,45,130,55,GUEIDON (BOULEVARD),,,Plein jour,En agglomération,Hors intersection,Normale,Deux véhicules - côté,,,,,,,,,,,1,2,1,1,3
200600037966,0006-07-09 00:45:00,6,7,9,0,45,130,55,"303, POILUS (AVENUE DES)",,,Nuit avec éclairage allumé,En agglomération,Intersection en T,Normale,Autre collision,,,,,,,,,,,5,2,3,1,6
200600037967,0006-07-01 05:30:00,6,7,1,5,30,130,55,JEAN MOULIN (BOULEVARD),,,Crépuscule ou aube,En agglomération,Autre intersection,Normale,Sans collision,,,,,,,,,,,2,2,9,1,7
200600037968,0006-07-09 07:30:00,6,7,9,7,30,130,55,SAINT JOSEPH (CHEMIN DE),,,Plein jour,En agglomération,Hors intersection,Normale,Autre collision,,,,,,,,,,,1,2,1,1,6
200600037969,0006-07-10 22:00:00,6,7,10,22,0,130,55,"126, SAINT LOUP (BOULEVA",,,Nuit avec éclairage allumé,En agglomération,Hors intersection,Normale,Deux véhicules - côté,,,,,,,,,,,5,2,1,1,3
200600037970,0006-07-15 19:30:00,6,7,15,19,30,130,55,"333, CAPELETTE (AVENUE D",,,Plein jour,En agglomération,Hors intersection,Normale,Deux véhicules - côté,,,,,,,,,,,1,2,1,1,3
200600037971,0006-07-06 04:10:00,6,7,6,4,10,130,55,"197, PONT DE VIVAUX (BOU",,,Nuit avec éclairage allumé,En agglomération,Hors intersection,Normale,Deux véhicules - côté,,,,,,,,,,,5,2,1,1,3
200600037972,0006-07-05 21:10:00,6,7,5,21,10,130,55,LOUIS MAZAUDIER (RUE),,,Plein jour,En agglomération,Hors intersection,Normale,Trois véhicules et plus - en chaîne,,,,,,,,,,,1,2,1,1,4
200600037973,0006-07-06 11:30:00,6,7,6,11,30,130,55,RABATAU (BOULEVARD),,,Plein jour,En agglomération,Hors intersection,Normale,Deux véhicules - côté,,,,,,,,,,,1,2,1,1,3
200600037974,0006-07-15 22:00:00,6,7,15,22,0,130,55,CORNICHE KENNEDY,,,Nuit avec éclairage allumé,En agglomération,Hors intersection,Normale,Deux véhicules - côté,,,,,,,,,,,5,2,1,1,3
200600037975,0006-07-18 20:30:00,6,7,18,20,30,130,55,"368, SAINT ANTOINE (AVEN",,,Nuit avec éclairage non allumé,En agglomération,Hors intersection,Normale,Trois véhicules et plus - collisions multiples,,,,,,,,,,,4,2,1,1,5
200600037976,0006-07-09 16:50:00,6,7,9,16,50,130,2,"7, BAUQUIERE (CHEMIN DE",,,Plein jour,En agglomération,Hors intersection,Normale,Autre collision,,,,,,,,,,,1,2,1,1,6
200600037977,0006-07-06 21:40:00,6,7,6,21,40,130,55,"276, SAINT LOUP (BOULEVA",,,Nuit avec éclairage allumé,En agglomération,Hors intersection,Normale,Deux véhicules - frontale,,,,,,,,,,,5,2,1,1,1
200600037978,0006-07-12 01:10:00,6,7,12,1,10,130,55,STRASBOURG (BOULEVARD),,,Nuit avec éclairage allumé,En agglomération,Hors intersection,Normale,Deux véhicules - côté,,,,,,,,,,,5,2,1,1,3
200600037979,0006-07-11 21:30:00,6,7,11,21,30,130,55,VALDONNE (AVENUE DE),,,Nuit avec éclairage allumé,En agglomération,Hors intersection,Normale,Deux véhicules - côté,,,,,,,,,,,5,2,1,1,3
200600037980,0006-07-10 20:00:00,6,7,10,20,0,130,55,BOURRELY (CHEMIN DES),,,Plein jour,En agglomération,Hors intersection,Normale,Deux véhicules - arrière,,,,,,,,,,,1,2,1,1,2
200600037981,0006-07-06 12:30:00,6,7,6,12,30,130,55,"223, PLOMBIERES (BOULEVA",,,Plein jour,En agglomération,Hors intersection,Normale,Trois véhicules et plus - collisions multiples,,,,,,,,,,,1,2,1,1,5
200600037982,0006-07-06 13:45:00,6,7,6,13,45,130,55,"40, LA NERTHE (CHEMIN DE",,,Plein jour,En agglomération,Hors intersection,Normale,Autre collision,,,,,,,,,,,1,2,1,1,6
200600037983,0006-07-14 15:05:00,6,7,14,15,5,130,55,MONNET (ROND-POINT),,,Plein jour,En agglomération,Hors intersection,Normale,Deux véhicules - côté,,,,,,,,,,,1,2,1,1,3
200600037984,0006-07-04 23:20:00,6,7,4,23,20,130,55,"104, ROSE (AVENUE DE LA)",,,Nuit avec éclairage allumé,En agglomération,Hors intersection,Normale,Autre collision,,,,,,,,,,,5,2,1,1,6
200600037985,0006-07-06 17:20:00,6,7,6,17,20,130,55,"7, LOUIS SALVATOR (BOULE",,,Plein jour,En agglomération,Hors intersection,Normale,Autre collision,,,,,,,,,,,1,2,1,1,6
200600037986,0006-07-12 17:45:00,6,7,12,17,45,130,55,"176, LIEUTAUD (COURS)",,,Plein jour,En agglomération,Hors intersection,Normale,Deux véhicules - arrière,,,,,,,,,,,1,2,1,1,2
200600037987,0006-07-19 11:30:00,6,7,19,11,30,130,55,"39, MARCEL (BOULEVARD)",,,Plein jour,En agglomération,Hors intersection,Normale,Sans collision,,,,,,,,,,,1,2,1,1,7
200600037988,0006-07-02 15:10:00,6,7,2,15,10,130,55,"20, OLIVES (AVENUE DES)",,,Plein jour,En agglomération,Hors intersection,Normale,Trois véhicules et plus - en chaîne,,,,,,,,,,,1,2,1,1,4
200600037989,0006-07-05 09:00:00,6,7,5,9,0,130,55,BAILLE (BOULEVARD),,,Plein jour,En agglomération,Intersection en T,Normale,Autre collision,,,,,,,,,,,1,2,3,1,6
200600037990,0006-07-02 18:00:00,6,7,2,18,0,130,55,"397, CORNICHE KENNEDY",,,Plein jour,En agglomération,Hors intersection,Normale,Sans collision,,,,,,,,,,,1,2,1,1,7
200600037991,0006-07-07 14:31:00,6,7,7,14,31,130,55,"15, SAINT ANDRE (RUE)",,,Plein jour,En agglomération,Hors intersection,Normale,Autre collision,,,,,,,,,,,1,2,1,1,6
200600037992,0006-07-04 20:00:00,6,7,4,20,0,130,55,"31, POILUS (AVENUE DES)",,,Plein jour,En agglomération,Hors intersection,Normale,Deux véhicules - côté,,,,,,,,,,,1,2,1,1,3
200600037993,0006-07-04 12:40:00,6,7,4,12,40,130,55,JEAN MOULIN (BOULEVARD),,,Plein jour,En agglomération,Hors intersection,Normale,Deux véhicules - côté,,,,,,,,,,,1,2,1,1,3
200600037994,0006-07-07 19:36:00,6,7,7,19,36,130,55,"143, FÉLIX PYAT (RUE)",,,Plein jour,En agglomération,Hors intersection,Normale,Sans collision,,,,,,,,,,,1,2,1,1,7
200600037995,0006-07-10 08:45:00,6,7,10,8,45,130,55,"71, LA NERTHE (CHEMIN DE",,,Plein jour,En agglomération,Hors intersection,Normale,Autre collision,,,,,,,,,,,1,2,1,1,6
200600037996,0006-07-04 09:15:00,6,7,4,9,15,130,55,"19, POINTE A PI (RUE)",,,Plein jour,En agglomération,Hors intersection,Normale,Autre collision,,,,,,,,,,,1,2,1,1,6
200600037997,0006-07-07 17:30:00,6,7,7,17,30,130,55,CANEBIERE    81 A FIN,,,Plein jour,En agglomération,Hors intersection,Normale,Autre collision,,,,,,,,,,,1,2,1,1,6
200600037998,0006-07-06 18:30:00,6,7,6,18,30,130,55,"00, FRANÇOIS PEREZ (BOUL",,,Plein jour,En agglomération,Hors intersection,Normale,Deux véhicules - arrière,,,,,,,,,,,1,2,1,1,2
200600037999,0006-07-10 17:10:00,6,7,10,17,10,130,55,RABATAU (BOULEVARD),,,Plein jour,En agglomération,Hors intersection,Normale,Deux véhicules - arrière,,,,,,,,,,,1,2,1,1,2
200600038000,0006-07-10 12:00:00,6,7,10,12,0,130,55,RABATAU (BOULEVARD),,,Plein jour,En agglomération,Hors intersection,Normale,Deux véhicules - côté,,,,,,,,,,,1,2,1,1,3
200600038001,0006-07-04 12:45:00,6,7,4,12,45,130,55,POMPIDOU (PROMENADE),,,Plein jour,En agglomération,Hors intersection,Normale,Trois véhicules et plus - en chaîne,,,,,,,,,,,1,2,1,1,4
200600038002,0006-07-22 11:15:00,6,7,22,11,15,130,55,"00, RUFFI (RUE DE)",,,Plein jour,En agglomération,Intersection en X,Normale,Deux véhicules - côté,,,,,,,,,,,1,2,2,1,3
200600038003,0006-07-23 01:30:00,6,7,23,1,30,130,55,"127, CROIX ROUGE (AVENUE",,,Nuit avec éclairage allumé,En agglomération,Hors intersection,Normale,Deux véhicules - frontale,,,,,,,,,,,5,2,1,1,1
200600038004,0006-07-10 02:30:00,6,7,10,2,30,130,55,"00, SAINT LOUIS (AVENUE",,,Nuit avec éclairage allumé,En agglomération,Hors intersection,Normale,Sans collision,,,,,,,,,,,5,2,1,1,7
200600038005,0006-07-01 23:00:00,6,7,1,23,0,130,55,"50, PERRIN (BOULEVARD)",,,Nuit avec éclairage non allumé,En agglomération,Hors intersection,Normale,Autre collision,,,,,,,,,,,4,2,1,1,6
200600038006,0006-07-14 01:30:00,6,7,14,1,30,130,55,ESTAQUE PLAGE,,,Nuit sans éclairage public,Hors agglomération,Hors intersection,Normale,Deux véhicules - côté,,,,,,,,,,,3,1,1,1,3
200600038007,0006-07-17 23:00:00,6,7,17,23,0,130,55,ALEX ANSALDI (RUE),,,Nuit avec éclairage allumé,En agglomération,Hors intersection,Normale,Deux véhicules - frontale,,,,,,,,,,,5,2,1,1,1
200600038008,0006-07-20 14:15:00,6,7,20,14,15,130,55,"448, MAZARGUES (AVENUE D",,,Plein jour,En agglomération,Hors intersection,Normale,Deux véhicules - arrière,,,,,,,,,,,1,2,1,1,2
200600038009,0006-07-20 16:15:00,6,7,20,16,15,130,75,"00, FRÉDÉRIC CHEVILLON (",,,Plein jour,En agglomération,Hors intersection,Normale,Deux véhicules - arrière,,,,,,,,,,,1,2,1,1,2
200600038010,0006-07-11 09:20:00,6,7,11,9,20,130,55,VALLENCE PE (RUE),,,Plein jour,En agglomération,Intersection en X,Normale,Deux véhicules - côté,,,,,,,,,,,1,2,2,1,3
200600038011,0006-07-25 23:30:00,6,7,25,23,30,130,55,LOGE (RUE DE LA),,,Plein jour,En agglomération,Intersection en X,Normale,Deux véhicules - frontale,,,,,,,,,,,1,2,2,1,1
200600038012,0006-07-04 12:41:00,6,7,4,12,41,130,55,PARIS (BOULEVARD DE),,,Plein jour,En agglomération,Hors intersection,Normale,Autre collision,,,,,,,,,,,1,2,1,1,6
200600038013,0006-07-03 11:15:00,6,7,3,11,15,130,55,"353, NATIONAL (BOULEVARD",,,Plein jour,En agglomération,Hors intersection,Normale,Deux véhicules - côté,,,,,,,,,,,1,2,1,1,3
200600038014,0006-07-12 18:45:00,6,7,12,18,45,130,55,GRANDS CARMES (RUE DES),,,Plein jour,En agglomération,Hors intersection,Normale,Autre collision,,,,,,,,,,,1,2,1,1,6
200600038015,0006-07-06 04:11:00,6,7,6,4,11,130,55,"121, CAMILLE PELLETAN (A",,,Nuit avec éclairage allumé,En agglomération,Hors intersection,Normale,Autre collision,,,,,,,,,,,5,2,1,1,6
200600038016,0006-07-12 16:40:00,6,7,12,16,40,130,55,FRANKLIN ROOSEVELT (COUR,,,Plein jour,En agglomération,Intersection en X,Normale,Deux véhicules - côté,,,,,,,,,,,1,2,2,1,3
200600038017,0006-07-21 12:30:00,6,7,21,12,30,130,55,"00, ALBERT EINSTEIN (RUE",,,Plein jour,En agglomération,Hors intersection,Normale,Sans collision,,,,,,,,,,,1,2,1,1,7
200600038018,0006-07-18 18:00:00,6,7,18,18,0,130,55,"91, ROME (RUE DE)",,,Plein jour,En agglomération,Hors intersection,Normale,Deux véhicules - côté,,,,,,,,,,,1,2,1,1,3
200600038019,0006-07-20 09:35:00,6,7,20,9,35,130,55,"00, NICOLAS APPERT (RUE)",,,Plein jour,En agglomération,Hors intersection,Normale,Deux véhicules - côté,,,,,,,,,,,1,2,1,1,3
200600038020,0006-07-11 15:30:00,6,7,11,15,30,130,55,"215, MENDES FRANCE (AVEN",,,Plein jour,En agglomération,Hors intersection,Normale,Deux véhicules - arrière,,,,,,,,,,,1,2,1,1,2
200600038021,0006-07-12 12:45:00,6,7,12,12,45,130,55,JULES ISAAC (RUE),,,Plein jour,En agglomération,Intersection en T,Normale,Trois véhicules et plus - collisions multiples,,,,,,,,,,,1,2,3,1,5
200600038022,0006-07-20 17:30:00,6,7,20,17,30,130,55,HENRI BARNIER (BOULEVARD,,,Plein jour,En agglomération,Hors intersection,Normale,Deux véhicules - côté,,,,,,,,,,,1,2,1,1,3
200600038023,0006-07-18 15:10:00,6,7,18,15,10,130,55,"00, SAINTE MARTHE (CHEMI",,,Plein jour,En agglomération,Hors intersection,Normale,Deux véhicules - frontale,,,,,,,,,,,1,2,1,1,1
200600038024,0006-07-09 15:40:00,6,7,9,15,40,130,55,KADDOUZ (CHEMIN),,,Plein jour,En agglomération,Intersection en T,Normale,Deux véhicules - côté,,,,,,,,,,,1,2,3,1,3
200600038025,0006-07-21 11:15:00,6,7,21,11,15,130,55,"00, PLOMBIERES (BOULEVAR",,,Plein jour,En agglomération,Intersection en X,Normale,Deux véhicules - côté,,,,,,,,,,,1,2,2,1,3
200600038026,0006-07-23 19:45:00,6,7,23,19,45,130,75,FRÉDÉRIC CHEVILLON (AVEN,,,Plein jour,En agglomération,Intersection en X,Normale,Deux véhicules - côté,,,,,,,,,,,1,2,2,1,3
200600038027,0006-07-22 18:40:00,6,7,22,18,40,130,75,"00, FRÉDÉRIC CHEVILLON (",,,Plein jour,En agglomération,Hors intersection,Normale,Deux véhicules - frontale,,,,,,,,,,,1,2,1,1,1
200600038028,0006-07-22 15:35:00,6,7,22,15,35,130,55,"00, ALEX ANSALDI (RUE)",,,Plein jour,En agglomération,Hors intersection,Normale,Autre collision,,,,,,,,,,,1,2,1,1,6
200600038029,0006-07-21 15:15:00,6,7,21,15,15,130,55,"11, ORANGE (RUE D')",,,Plein jour,En agglomération,Hors intersection,Normale,Autre collision,,,,,,,,,,,1,2,1,1,6
200600038030,0006-07-27 11:30:00,6,7,27,11,30,130,55,MILLIERE (BOULEVARD DE L,,,Plein jour,En agglomération,Hors intersection,Normale,Deux véhicules - arrière,,,,,,,,,,,1,2,1,1,2
200600038031,0006-07-27 07:30:00,6,7,27,7,30,130,55,PAUL CLAUDEL (BOULEVARD),,,Plein jour,En agglomération,Hors intersection,Normale,Deux véhicules - arrière,,,,,,,,,,,1,2,1,1,2
200600038032,0006-07-28 03:00:00,6,7,28,3,0,130,55,"35, VALLON DE L (CHEMIN)",,,Nuit avec éclairage allumé,En agglomération,Intersection en T,Normale,Deux véhicules - arrière,,,,,,,,,,,5,2,3,1,2
200600038033,0006-07-29 08:45:00,6,7,29,8,45,130,55,BRIANCON (BOULEVARD),,,Plein jour,En agglomération,Intersection en X,Normale,Autre collision,,,,,,,,,,,1,2,2,1,6
200600038034,0006-07-29 00:50:00,6,7,29,0,50,130,55,"45, GAVOTY (BOULEVARD)",,,Nuit avec éclairage allumé,En agglomération,Hors intersection,Normale,Autre collision,,,,,,,,,,,5,2,1,1,6
200600038035,0006-07-06 20:45:00,6,7,6,20,45,130,55,"156, JULES CANTINI (AVEN",,,Plein jour,En agglomération,Hors intersection,Normale,Deux véhicules - côté,,,,,,,,,,,1,2,1,1,3
200600038036,0006-07-26 06:25:00,6,7,26,6,25,130,55,"17, SAINT BARNABE (AVENU",,,Crépuscule ou aube,En agglomération,Hors intersection,Normale,Autre collision,,,,,,,,,,,2,2,1,1,6
200600038037,0006-07-22 08:00:00,6,7,22,8,0,130,55,"0, CORDERIE (BOULEVARD D",,,Plein jour,En agglomération,Hors intersection,Normale,Autre collision,,,,,,,,,,,1,2,1,1,6
200600038038,0006-07-15 20:30:00,6,7,15,20,30,130,55,BERNEX (RUE)    IMPAIRS,,,Crépuscule ou aube,En agglomération,Intersection en X,Normale,Deux véhicules - côté,,,,,,,,,,,2,2,2,1,3
200600038039,0006-07-21 13:50:00,6,7,21,13,50,130,55,"17, BAILLE (BOULEVARD)",,,Plein jour,En agglomération,Hors intersection,Normale,Deux véhicules - arrière,,,,,,,,,,,1,2,1,1,2
200600038040,0006-07-20 16:30:00,6,7,20,16,30,130,55,"339, CORNICHE KENNEDY",,,Plein jour,En agglomération,Autre intersection,Normale,Deux véhicules - côté,,,,,,,,,,,1,2,9,1,3
200600038041,0006-07-20 13:00:00,6,7,20,13,0,130,55,"00, PARADIS (RUE)",,,Plein jour,En agglomération,Intersection en X,Normale,Deux véhicules - côté,,,,,,,,,,,1,2,2,1,3
200600038042,0006-07-15 11:30:00,6,7,15,11,30,130,55,"66-68, CANEBIERE    30 A",,,Plein jour,En agglomération,Intersection en X,Normale,Autre collision,,,,,,,,,,,1,2,2,1,6
200600038043,0006-07-25 20:50:00,6,7,25,20,50,130,55,"34, GASSENDI (BOULEVARD)",,,Crépuscule ou aube,En agglomération,Intersection en X,Normale,Deux véhicules - côté,,,,,,,,,,,2,2,2,1,3
200600038044,0006-07-25 14:15:00,6,7,25,14,15,130,55,SAINT LOUP (BOULEVARD DE,,,Plein jour,En agglomération,Hors intersection,Normale,Autre collision,,,,,,,,,,,1,2,1,1,6
200600038045,0006-07-24 12:50:00,6,7,24,12,50,130,55,RABATAU (BOULEVARD),,,Plein jour,En agglomération,Hors intersection,Normale,Deux véhicules - côté,,,,,,,,,,,1,2,1,1,3
200600038046,0006-07-27 17:00:00,6,7,27,17,0,130,55,MARÉCHAL DE LATTRE (AVEN,,,Plein jour,En agglomération,Hors intersection,Normale,Deux véhicules - arrière,,,,,,,,,,,1,2,1,1,2
200600038047,0006-07-26 19:20:00,6,7,26,19,20,130,55,PEINTRES RO (RUE),,,Plein jour,En agglomération,Hors intersection,Temps éblouissant,Sans collision,,,,,,,,,,,1,2,1,7,7
200600038048,0006-07-17 19:30:00,6,7,17,19,30,130,55,"56, MONTREDON (AVENUE DE",,,Plein jour,En agglomération,Hors intersection,Normale,Autre collision,,,,,,,,,,,1,2,1,1,6
200600038049,0006-07-29 20:30:00,6,7,29,20,30,130,55,"00, FRANCOIS CHARNIGNY (",,,Plein jour,En agglomération,Hors intersection,Normale,Autre collision,,,,,,,,,,,1,2,1,1,6
200600038050,0006-07-06 11:20:00,6,7,6,11,20,130,55,"61, NORD (BOULEVARD DU)",,,Plein jour,En agglomération,Hors intersection,Normale,Autre collision,,,,,,,,,,,1,2,1,1,6
200600038051,0006-07-25 23:45:00,6,7,25,23,45,130,55,"8, ROLAND DORGELES (BOUL",,,Nuit avec éclairage allumé,En agglomération,Hors intersection,Normale,Autre collision,,,,,,,,,,,5,2,1,1,6
200600038052,0006-07-26 14:20:00,6,7,26,14,20,130,55,CHEMIN DU LITTORAL (CHEM,,,Plein jour,En agglomération,Hors intersection,Normale,Autre collision,,,,,,,,,,,1,2,1,1,6
200600038053,0006-07-28 18:50:00,6,7,28,18,50,130,55,MIREILLE LAUZE (BOULEVAR,,,Plein jour,En agglomération,Giratoire,Normale,Deux véhicules - côté,,,,,,,,,,,1,2,6,1,3
200600038054,0006-07-29 01:30:00,6,7,29,1,30,130,55,"181, MONTOLIVET (AVENUE",,,Nuit avec éclairage allumé,En agglomération,Hors intersection,Normale,Autre collision,,,,,,,,,,,5,2,1,1,6
200600038055,0006-07-26 18:00:00,6,7,26,18,0,130,55,"14, VALDONNE (AVENUE DE)",,,Plein jour,En agglomération,Hors intersection,Normale,Sans collision,,,,,,,,,,,1,2,1,1,7
200600038056,0006-07-25 08:15:00,6,7,25,8,15,130,55,"122, MIREILLE LAUZE (BOU",,,Plein jour,En agglomération,Hors intersection,Normale,Autre collision,,,,,,,,,,,1,2,1,1,6
200600038057,0006-07-19 11:00:00,6,7,19,11,0,130,55,"305, PRADO (AVENUE)",,,Plein jour,En agglomération,Hors intersection,Normale,Sans collision,,,,,,,,,,,1,2,1,1,7
200600038058,0006-07-25 10:30:00,6,7,25,10,30,130,55,MONTREDON (AVENUE DE),,,Plein jour,En agglomération,Hors intersection,Normale,Trois véhicules et plus - collisions multiples,,,,,,,,,,,1,2,1,1,5
200600038059,0006-07-29 04:15:00,6,7,29,4,15,130,55,"117, JOSEPH VIDAL (AVENU",,,Nuit avec éclairage allumé,En agglomération,Hors intersection,Normale,Autre collision,,,,,,,,,,,5,2,1,1,6
200600038060,0006-07-20 23:10:00,6,7,20,23,10,130,55,"00, LÉON GAMBETTA (ALLEE",,,Nuit avec éclairage allumé,En agglomération,Intersection en T,Normale,Deux véhicules - côté,,,,,,,,,,,5,2,3,1,3
200600038061,0006-07-21 10:30:00,6,7,21,10,30,130,55,"0, PIOT (BOULEVARD)",,,Plein jour,En agglomération,Hors intersection,Normale,Autre collision,,,,,,,,,,,1,2,1,1,6
200600038062,0006-07-28 12:15:00,6,7,28,12,15,130,55,"00, SAINT MENET (AVENUE",,,Plein jour,En agglomération,Hors intersection,Pluie légère,Autre collision,,,,,,,,,,,1,2,1,2,6
200600038063,0006-07-07 16:35:00,6,7,7,16,35,130,55,"181, ROME (RUE DE)",,,Plein jour,En agglomération,Hors intersection,Normale,Autre collision,,,,,,,,,,,1,2,1,1,6
200600038064,0006-07-25 09:30:00,6,7,25,9,30,130,55,FRANCOISE DUPARC (BOULEV,,,Plein jour,En agglomération,Hors intersection,Normale,Deux véhicules - côté,,,,,,,,,,,1,2,1,1,3
200600038065,0006-07-27 18:30:00,6,7,27,18,30,130,55,"23, BAILLE (BOULEVARD)",,,Plein jour,En agglomération,Intersection en T,Normale,Deux véhicules - côté,,,,,,,,,,,1,2,3,1,3
200600038066,0006-07-14 16:30:00,6,7,14,16,30,130,55,"106, CHARLES LIVON (BOUL",,,Plein jour,En agglomération,Hors intersection,Normale,Deux véhicules - côté,,,,,,,,,,,1,2,1,1,3
200600038067,0006-07-26 12:20:00,6,7,26,12,20,130,55,"13, POMPIDOU (PROMENADE)",,,Plein jour,En agglomération,Hors intersection,Normale,Trois véhicules et plus - collisions multiples,,,,,,,,,,,1,2,1,1,5
200600038068,0006-07-30 08:20:00,6,7,30,8,20,130,55,JEAN MOULIN (BOULEVARD),,,Plein jour,En agglomération,Hors intersection,Normale,Autre collision,,,,,,,,,,,1,2,1,1,6
200600038069,0006-07-27 16:30:00,6,7,27,16,30,130,55,"18, PARIS (BOULEVARD DE)",,,Plein jour,En agglomération,Intersection en X,Normale,Autre collision,,,,,,,,,,,1,2,2,1,6
200600038070,0006-07-28 17:20:00,6,7,28,17,20,130,55,"202, SAINT LOUIS (AVENUE",,,Plein jour,En agglomération,Hors intersection,Normale,Deux véhicules - arrière,,,,,,,,,,,1,2,1,1,2
200600038071,0006-07-24 12:25:00,6,7,24,12,25,130,55,"276, LITTORAL (CHEMIN DU",,,Plein jour,En agglomération,Hors intersection,Normale,Deux véhicules - arrière,,,,,,,,,,,1,2,1,1,2
200600038072,0006-07-18 20:31:00,6,7,18,20,31,130,55,"00, AMERICAINE (CHEMIN D",,,Nuit avec éclairage allumé,En agglomération,Intersection en T,Normale,Autre collision,,,,,,,,,,,5,2,3,1,6
200600038073,0006-07-26 16:00:00,6,7,26,16,0,130,55,HENRI BARNIER (BOULEVARD,,,Plein jour,En agglomération,Hors intersection,Normale,Sans collision,,,,,,,,,,,1,2,1,1,7
200600038074,0006-07-29 07:30:00,6,7,29,7,30,130,55,CAPITAINE GEZE (BOULEVAR,,,Plein jour,En agglomération,Intersection en T,Normale,Autre collision,,,,,,,,,,,1,2,3,1,6
200600038075,0006-07-03 17:30:00,6,7,3,17,30,130,55,"15, BERGERS (RUE DES)",,,Plein jour,En agglomération,Hors intersection,Pluie légère,Autre collision,,,,,,,,,,,1,2,1,2,6
200600038076,0006-07-03 14:45:00,6,7,3,14,45,130,55,"00, MARÉCHAL JUIN (BOULE",,,Plein jour,En agglomération,Hors intersection,Normale,Deux véhicules - frontale,,,,,,,,,,,1,2,1,1,1
200600038077,0006-07-25 21:00:00,6,7,25,21,0,130,55,"0, TIMONE (AVENUE DE LA)",,,Nuit avec éclairage allumé,En agglomération,Hors intersection,Normale,Deux véhicules - arrière,,,,,,,,,,,5,2,1,1,2