accident_id,datetime,annee,mois,jour,heure,minute,departement,commune_insee,adresse,latitude,longitude,luminosite,agglomeration,intersection,meteo,collision,nb_vehicules,nb_usagers,nb_indemnes,nb_tues,nb_blesses_hosp,nb_blesses_legers,age_cond_1,age_cond_2,veh_type_cond_1,veh_type_cond_2,lum_code,agg_code,int_code,atm_code,col_code
200600038078,0006-07-21 14:40:00,6,7,21,14,40,130,55,"2, JEANNE D'ARC (BOULEVA",,,Plein jour,En agglomération,Hors intersection,Normale,Autre collision,,,,,,,,,,,1,2,1,1,6
200600038079,0006-07-04 14:10:00,6,7,4,14,10,130,55,FLAMMARION (BOULEVARD),,,Plein jour,En agglomération,Intersection en T,Normale,Deux véhicules - côté,,,,,,,,,,,1,2,3,1,3
200600038080,0006-07-31 16:45:00,6,7,31,16,45,130,55,"105, CAMILLE PELLETAN (A",,,Plein jour,En agglomération,Intersection en T,Normale,Autre collision,,,,,,,,,,,1,2,3,1,6
200600038081,0006-07-16 10:50:00,6,7,16,10,50,130,55,JEAN QUEILLAU (RUE),,,Plein jour,En agglomération,Hors intersection,Normale,Deux véhicules - frontale,,,,,,,,,,,1,2,1,1,1
200600038082,0006-07-31 20:00:00,6,7,31,20,0,130,55,ESTAQUE PLAGE,,,Nuit sans éclairage public,Hors agglomération,Hors intersection,Normale,Trois véhicules et plus - en chaîne,,,,,,,,,,,3,1,1,1,4
200600038083,0006-07-09 15:41:00,6,7,9,15,41,130,55,KADDOUZ (CHEMIN),,,Plein jour,En agglomération,Intersection en T,Normale,Deux véhicules - côté,,,,,,,,,,,1,2,3,1,3
200600038084,0006-07-31 22:15:00,6,7,31,22,15,130,55,ODESSA (AVENUE),,,Nuit avec éclairage allumé,En agglomération,Hors intersection,Normale,Deux véhicules - arrière,,,,,,,,,,,5,2,1,1,2
200600038085,0006-07-01 11:45:00,6,7,1,11,45,130,55,"69, COROT (AVENUE)",,,Plein jour,En agglomération,Hors intersection,Normale,Deux véhicules - frontale,,,,,,,,,,,1,2,1,1,1
200600038086,0006-07-05 18:00:00,6,7,5,18,0,130,55,"9, ANNE GACON (RUE)",,,Plein jour,En agglomération,Hors intersection,Normale,Sans collision,,,,,,,,,,,1,2,1,1,7
200600038087,0006-07-10 15:20:00,6,7,10,15,20,130,55,"178, CROIX ROUGE (AVENUE",,,Plein jour,En agglomération,Hors intersection,Normale,Deux véhicules - côté,,,,,,,,,,,1,2,1,1,3
200600038088,0006-07-29 23:20:00,6,7,29,23,20,130,55,"00, FRANÇOIS MIGNET (AVE",,,Nuit avec éclairage allumé,En agglomération,Hors intersection,Normale,Sans collision,,,,,,,,,,,5,2,1,1,7
200600038089,0006-07-01 21:00:00,6,7,1,21,0,130,55,", BUREL (BOULEVARD ET PL",,,Crépuscule ou aube,En agglomération,Intersection en X,Normale,Autre collision,,,,,,,,,,,2,2,2,1,6
200600038090,0006-07-19 09:30:00,6,7,19,9,30,130,55,"00, ROVE (ROUTE DU)",,,Plein jour,En agglomération,Hors intersection,Normale,Deux véhicules - côté,,,,,,,,,,,1,2,1,1,3
200600038091,0006-07-01 23:30:00,6,7,1,23,30,130,55,CORNICHE KENNEDY,,,Nuit avec éclairage allumé,En agglomération,Intersection en T,Normale,Autre collision,,,,,,,,,,,5,2,3,1,6
200600038092,0006-07-03 05:00:00,6,7,3,5,0,130,55,"10, SAKAKINI (BOULEVARD)",,,Plein jour,En agglomération,Hors intersection,Normale,Deux véhicules - côté,,,,,,,,,,,1,2,1,1,3
200600038093,0006-07-21 09:50:00,6,7,21,9,50,130,55,"00, GAROUTTE (BOULEVARD)",,,Plein jour,En agglomération,Hors intersection,Normale,Deux véhicules - arrière,,,,,,,,,,,1,2,1,1,2
200600038094,0006-07-28 08:45:00,6,7,28,8,45,130,55,HAMBOURG (BOULEVARD),,,Plein jour,En agglomération,Hors intersection,Normale,Deux véhicules - côté,,,,,,,,,,,1,2,1,1,3
200600038095,0006-07-05 12:40:00,6,7,5,12,40,130,55,"00, D'ARRAS (BOULEVARD)",,,Plein jour,En agglomération,Hors intersection,Normale,Autre collision,,,,,,,,,,,1,2,1,1,6
200600038096,0006-07-22 14:45:00,6,7,22,14,45,130,55,"78, FRANCOISE DUPARC (BO",,,Plein jour,En agglomération,Hors intersection,Normale,Deux véhicules - arrière,,,,,,,,,,,1,2,1,1,2
200600038097,0006-07-11 08:40:00,6,7,11,8,40,130,55,SAKAKINI (BOULEVARD),,,Plein jour,En agglomération,Hors intersection,Normale,Deux véhicules - côté,,,,,,,,,,,1,2,1,1,3
200600038098,0006-07-28 10:55:00,6,7,28,10,55,130,55,SAKAKINI (BOULEVARD),,,Plein jour,En agglomération,Intersection en X,Normale,Deux véhicules - côté,,,,,,,,,,,1,2,2,1,3
200600038099,0006-07-28 10:15:00,6,7,28,10,15,130,55,"219, CHARTREUX (AVENUE D",,,Plein jour,En agglomération,Hors intersection,Normale,Autre collision,,,,,,,,,,,1,2,1,1,6
200600038100,0006-07-26 14:45:00,6,7,26,14,45,130,55,"00, ROME (RUE DE)",,,Plein jour,En agglomération,Intersection en X,Normale,Deux véhicules - côté,,,,,,,,,,,1,2,2,1,3
200600038101,0006-07-20 14:30:00,6,7,20,14,30,130,55,"00, SAINT PIERRE (RUE)",,,Plein jour,En agglomération,Intersection en T,Normale,Deux véhicules - côté,,,,,,,,,,,1,2,3,1,3
200600038102,0006-07-12 17:15:00,6,7,12,17,15,130,55,"250, ROMAIN ROLLAND (BOU",,,Plein jour,En agglomération,Hors intersection,Normale,Autre collision,,,,,,,,,,,1,2,1,1,6
200600038103,0006-07-17 16:00:00,6,7,17,16,0,130,55,"00, POILUS (AVENUE DES)",,,Plein jour,En agglomération,Hors intersection,Normale,Autre collision,,,,,,,,,,,1,2,1,1,6
200600038104,0006-07-04 17:50:00,6,7,4,17,50,130,55,"9, STRASBOURG (BOULEVARD",,,Plein jour,En agglomération,Hors intersection,Normale,Deux véhicules - côté,,,,,,,,,,,1,2,1,1,3
200600038105,0006-07-12 07:10:00,6,7,12,7,10,130,55,"361, SAINT ANTOINE (AVEN",,,Plein jour,En agglomération,Hors intersection,Normale,Deux véhicules - côté,,,,,,,,,,,1,2,1,1,3
200600038106,0006-07-31 11:00:00,6,7,31,11,0,130,55,"00, MONTE CRISTO (RUE)",,,Plein jour,En agglomération,Hors intersection,Normale,Autre collision,,,,,,,,,,,1,2,1,1,6
200600038107,0006-07-28 00:15:00,6,7,28,0,15,130,55,CORNICHE KENNEDY,,,Nuit avec éclairage allumé,En agglomération,Intersection en T,Normale,Deux véhicules - côté,,,,,,,,,,,5,2,3,1,3
200600038108,0006-07-25 18:45:00,6,7,25,18,45,130,55,"94, BARRY (BOULEVARD)",,,Plein jour,En agglomération,Hors intersection,Normale,Deux véhicules - arrière,,,,,,,,,,,1,2,1,1,2
200600038109,0006-07-31 17:30:00,6,7,31,17,30,130,55,JEAN PAUL SARTRE (AVENUE,,,Plein jour,En agglomération,Hors intersection,Normale,Deux véhicules - côté,,,,,,,,,,,1,2,1,1,3
200600038110,0006-07-28 18:25:00,6,7,28,18,25,130,55,GERANIUMS (RUE DES),,,Plein jour,En agglomération,Hors intersection,Normale,Autre collision,,,,,,,,,,,1,2,1,1,6
200600038111,0006-07-23 12:00:00,6,7,23,12,0,130,55,"720, LITTORAL (CHEMIN DU",,,Plein jour,En agglomération,Hors intersection,Normale,Deux véhicules - côté,,,,,,,,,,,1,2,1,1,3
200600038112,0006-07-22 01:30:00,6,7,22,1,30,130,55,"359, MICHELET (BOULEVARD",,,Nuit avec éclairage allumé,En agglomération,Hors intersection,Normale,Autre collision,,,,,,,,,,,5,2,1,1,6
200600038113,0006-07-15 18:30:00,6,7,15,18,30,130,2,"670, PROVENCE (AVENUE DE",,,Plein jour,En agglomération,Hors intersection,Normale,Deux véhicules - arrière,,,,,,,,,,,1,2,1,1,2
200600038114,0006-07-10 16:40:00,6,7,10,16,40,130,55,ALEX. FLEMING (BOULEVARD,,,Plein jour,En agglomération,Hors intersection,Normale,Deux véhicules - côté,,,,,,,,,,,1,2,1,1,3
200600038115,0006-07-15 16:15:00,6,7,15,16,15,130,55,SAUVEUR TOBELEM (RUE),,,Plein jour,En agglomération,Intersection en X,Normale,Deux véhicules - côté,,,,,,,,,,,1,2,2,1,3
200600038116,0006-07-27 20:15:00,6,7,27,20,15,130,55,"00, VOLTAIRE    PAIRS (B",,,Crépuscule ou aube,En agglomération,Hors intersection,Normale,Autre collision,,,,,,,,,,,2,2,1,1,6
200600038117,0006-07-13 19:00:00,6,7,13,19,0,130,55,VOLTAIRE    IMPAIRS (BOU,,,Plein jour,En agglomération,Hors intersection,Normale,Deux véhicules - côté,,,,,,,,,,,1,2,1,1,3
200600038118,0006-07-31 17:20:00,6,7,31,17,20,130,55,"27, PONT DE VIVAUX (BOUL",,,Plein jour,En agglomération,Hors intersection,Normale,Autre collision,,,,,,,,,,,1,2,1,1,6
200600038119,0006-07-11 12:00:00,6,7,11,12,0,130,55,DE ROUX (BD ET IMPASSE),,,Plein jour,En agglomération,Intersection en X,Normale,Deux véhicules - côté,,,,,,,,,,,1,2,2,1,3
200600038120,0006-07-01 20:45:00,6,7,1,20,45,130,55,"169, CORNICHE KENNEDY",,,Plein jour,En agglomération,Hors intersection,Normale,Deux véhicules - côté,,,,,,,,,,,1,2,1,1,3
200600038121,0006-07-17 20:45:00,6,7,17,20,45,130,55,SAINT LOUP (BOULEVARD DE,,,Crépuscule ou aube,En agglomération,Hors intersection,Normale,Autre collision,,,,,,,,,,,2,2,1,1,6
200600038122,0006-07-11 18:00:00,6,7,11,18,0,130,55,PONT DE VIVAUX (BOULEVAR,,,Plein jour,En agglomération,Hors intersection,Normale,Deux véhicules - côté,,,,,,,,,,,1,2,1,1,3
200600038123,0006-07-23 21:40:00,6,7,23,21,40,130,55,ROMAIN ROLLAND (BOULEVAR,,,Nuit avec éclairage allumé,En agglomération,Intersection en X,Normale,Deux véhicules - arrière,,,,,,,,,,,5,2,2,1,2
200600038124,0006-07-28 21:10:00,6,7,28,21,10,130,55,"03, MAZENODE (AVENUE)",,,Nuit avec éclairage allumé,En agglomération,Hors intersection,Normale,Deux véhicules - arrière,,,,,,,,,,,5,2,1,1,2
200600038125,0006-07-01 13:20:00,6,7,1,13,20,130,55,"139, OLIVES (AVENUE DES)",,,Plein jour,En agglomération,Hors intersection,Normale,Trois véhicules et plus - collisions multiples,,,,,,,,,,,1,2,1,1,5
200600038126,0006-07-28 13:15:00,6,7,28,13,15,130,55,"48, CLOT BEY (AVENUE)",,,Plein jour,En agglomération,Hors intersection,Normale,Deux véhicules - côté,,,,,,,,,,,1,2,1,1,3
200600038127,0006-07-10 17:55:00,6,7,10,17,55,130,55,EUGENE PIERRE (BOULEVARD,,,Plein jour,En agglomération,Intersection en X,Normale,Autre collision,,,,,,,,,,,1,2,2,1,6
200600038128,0006-07-29 18:30:00,6,7,29,18,30,130,55,HENRI BARNIER (BOULEVARD,,,Plein jour,En agglomération,Hors intersection,Normale,Deux véhicules - arrière,,,,,,,,,,,1,2,1,1,2
200600038129,0006-07-31 11:45:00,6,7,31,11,45,130,55,ROSE (AVENUE DE LA),,,Plein jour,En agglomération,Hors intersection,Normale,Deux véhicules - côté,,,,,,,,,,,1,2,1,1,3
200600038130,0006-07-06 17:30:00,6,7,6,17,30,130,55,"25, PRADO (AVENUE DU)",,,Plein jour,En agglomération,Intersection en X,Normale,Autre collision,,,,,,,,,,,1,2,2,1,6
200600038131,0006-07-05 16:10:00,6,7,5,16,10,130,55,"25, SABLIER (BOULEVARD D",,,Plein jour,En agglomération,Intersection en T,Normale,Deux véhicules - frontale,,,,,,,,,,,1,2,3,1,1
200600038132,0006-07-15 11:31:00,6,7,15,11,31,130,55,JEAN MOULIN (BOULEVARD),,,Plein jour,En agglomération,Autre intersection,Normale,Deux véhicules - côté,,,,,,,,,,,1,2,9,1,3
200600038133,0006-07-21 06:50:00,6,7,21,6,50,130,55,"69, MERLAN (AVENUE)",,,Plein jour,En agglomération,Hors intersection,Normale,Deux véhicules - arrière,,,,,,,,,,,1,2,1,1,2
200600038134,0006-07-20 20:30:00,6,7,20,20,30,130,55,"00, LT COL PIOLLET (ROND",,,Crépuscule ou aube,En agglomération,Hors intersection,Normale,Deux véhicules - arrière,,,,,,,,,,,2,2,1,1,2
200600038135,0006-07-27 14:45:00,6,7,27,14,45,130,55,"108, CAPELETTE (AVENUE D",,,Plein jour,En agglomération,Hors intersection,Normale,Sans collision,,,,,,,,,,,1,2,1,1,7
200600038136,0006-07-23 08:30:00,6,7,23,8,30,130,55,"18, LAVOISIER (BOULEVARD",,,Plein jour,En agglomération,Hors intersection,Normale,Sans collision,,,,,,,,,,,1,2,1,1,7
200600038137,0006-07-04 18:45:00,6,7,4,18,45,130,55,GIBBES (CHEMIN DE),,,Plein jour,En agglomération,Hors intersection,Normale,Deux véhicules - côté,,,,,,,,,,,1,2,1,1,3
200600038138,0006-07-23 15:00:00,6,7,23,15,0,130,55,"0, PARIS (BOULEVARD DE)",,,Plein jour,En agglomération,Hors intersection,Normale,Deux véhicules - arrière,,,,,,,,,,,1,2,1,1,2
200600038139,0006-07-23 05:30:00,6,7,23,5,30,130,55,"00, JEAN PAUL SARTRE (AV",,,Crépuscule ou aube,En agglomération,Hors intersection,Normale,Deux véhicules - côté,,,,,,,,,,,2,2,1,1,3
200600038140,0006-07-12 16:20:00,6,7,12,16,20,130,55,"17, SAKAKINI (BOULEVARD)",,,Plein jour,En agglomération,Hors intersection,Normale,Deux véhicules - arrière,,,,,,,,,,,1,2,1,1,2
200600038141,0006-07-21 15:40:00,6,7,21,15,40,130,55,"00, GAZ DU MIDI (RUE)",,,Plein jour,Hors agglomération,Autre intersection,Normale,Sans collision,,,,,,,,,,,1,1,9,1,7
200600038142,0006-07-06 13:20:00,6,7,6,13,20,130,55,"00, MIREILLE LAUZE (BOUL",,,Plein jour,En agglomération,Giratoire,Normale,Deux véhicules - côté,,,,,,,,,,,1,2,6,1,3
200600038143,0006-07-05 19:30:00,6,7,5,19,30,130,55,"00, RABATAU (BOULEVARD)",,,Plein jour,En agglomération,Autre intersection,Normale,Deux véhicules - côté,,,,,,,,,,,1,2,9,1,3
200600038144,0006-07-19 15:00:00,6,7,19,15,0,130,55,"178, LIBERATION (BOULEVA",,,Plein jour,En agglomération,Hors intersection,Normale,Deux véhicules - arrière,,,,,,,,,,,1,2,1,1,2
200600038145,0006-07-23 23:10:00,6,7,23,23,10,130,55,MAZARGUES (AVENUE DE),,,Nuit avec éclairage allumé,En agglomération,Intersection en T,Normale,Deux véhicules - côté,,,,,,,,,,,5,2,3,1,3
200600038146,0006-07-18 18:01:00,6,7,18,18,1,130,55,"30, FRÉDÉRIC MISTRAL (AV",,,Plein jour,En agglomération,Autre intersection,Normale,Autre collision,,,,,,,,,,,1,2,9,1,6
200600038147,0006-07-13 06:15:00,6,7,13,6,15,130,55,ANTHOINE (RUE D'),,,Crépuscule ou aube,En agglomération,Hors intersection,Normale,Deux véhicules - arrière,,,,,,,,,,,2,2,1,1,2
200600038148,0006-07-12 17:25:00,6,7,12,17,25,130,55,"44, JULES CANTINI (AVENU",,,Plein jour,En agglomération,Hors intersection,Normale,Trois véhicules et plus - en chaîne,,,,,,,,,,,1,2,1,1,4
200600038149,0006-07-07 16:15:00,6,7,7,16,15,130,55,ALGER (RUE D'),,,Plein jour,En agglomération,Intersection en X,Normale,Deux véhicules - côté,,,,,,,,,,,1,2,2,1,3
200600038150,0006-07-22 13:40:00,6,7,22,13,40,130,55,FERRARI (RUE),,,Plein jour,En agglomération,Intersection en X,Normale,Deux véhicules - côté,,,,,,,,,,,1,2,2,1,3
200600038151,0006-07-18 15:00:00,6,7,18,15,0,130,55,"201, CHATEAU GOMBERT (AV",,,Plein jour,En agglomération,Hors intersection,Normale,Deux véhicules - côté,,,,,,,,,,,1,2,1,1,3
200600038152,0006-07-19 19:15:00,6,7,19,19,15,130,55,"97, LYON (RUE DE)",,,Plein jour,En agglomération,Hors intersection,Normale,Autre collision,,,,,,,,,,,1,2,1,1,6
200600038153,0006-07-13 12:00:00,6,7,13,12,0,130,55,PINS (AVENUE DES),,,Plein jour,En agglomération,Hors intersection,Normale,Deux véhicules - arrière,,,,,,,,,,,1,2,1,1,2
200600038154,0006-07-11 09:45:00,6,7,11,9,45,130,55,CAVAIGNAC (RUE),,,Plein jour,En agglomération,Hors intersection,Normale,Deux véhicules - côté,,,,,,,,,,,1,2,1,1,3
200600038155,0006-07-24 18:15:00,6,7,24,18,15,130,55,COUTELLERIE (RUE),,,Plein jour,En agglomération,Hors intersection,Normale,Autre collision,,,,,,,,,,,1,2,1,1,6
200600038156,0006-07-21 23:15:00,6,7,21,23,15,130,55,"00, PEYPIN (RUE DE)",,,Nuit avec éclairage allumé,En agglomération,Hors intersection,Normale,Autre collision,,,,,,,,,,,5,2,1,1,6
200600038157,0006-07-28 12:00:00,6,7,28,12,0,130,55,"00, PRADO (AVENUE DU)",,,Plein jour,En agglomération,Hors intersection,Pluie légère,Trois véhicules et plus - collisions multiples,,,,,,,,,,,1,2,1,2,5
200600038158,0006-07-27 15:15:00,6,7,27,15,15,130,55,"171, LIEUTAUD (COURS)",,,Plein jour,En agglomération,Hors intersection,Normale,Deux véhicules - côté,,,,,,,,,,,1,2,1,1,3
200600038159,0006-07-27 18:00:00,6,7,27,18,0,130,55,CHARLES NEDELEC (BOULEVA,,,Plein jour,En agglomération,Hors intersection,Normale,Autre collision,,,,,,,,,,,1,2,1,1,6
200600038160,0006-07-09 16:00:00,6,7,9,16,0,130,55,", RIVE NEUVE (QUAI DE)",,,Plein jour,En agglomération,Hors intersection,Normale,Sans collision,,,,,,,,,,,1,2,1,1,7
200600038161,0006-07-23 18:45:00,6,7,23,18,45,130,55,MADRAGUE VILLE (RUE),,,Plein jour,En agglomération,Place,Normale,Autre collision,,,,,,,,,,,1,2,7,1,6
200600038162,0006-07-13 15:15:00,6,7,13,15,15,130,55,VALDONNE (AVENUE DE),,,Plein jour,En agglomération,Hors intersection,Normale,Deux véhicules - frontale,,,,,,,,,,,1,2,1,1,1
200600038163,0006-07-11 16:20:00,6,7,11,16,20,130,55,"18, CORINTHE (AVENUE DE)",,,Plein jour,En agglomération,Hors intersection,Normale,Deux véhicules - arrière,,,,,,,,,,,1,2,1,1,2
200600038164,0006-07-19 10:00:00,6,7,19,10,0,130,55,"00, JEAN MOULIN (BOULEVA",,,Plein jour,En agglomération,Hors intersection,Normale,Trois véhicules et plus - en chaîne,,,,,,,,,,,1,2,1,1,4
200600038165,0006-07-25 18:00:00,6,7,25,18,0,130,55,"12, PORT (QUAI DU)",,,Plein jour,En agglomération,Hors intersection,Normale,Autre collision,,,,,,,,,,,1,2,1,1,6
200600038166,0006-07-24 01:15:00,6,7,24,1,15,130,55,CAMOINS ((RUE LES),,,Nuit avec éclairage allumé,En agglomération,Intersection en Y,Normale,Deux véhicules - côté,,,,,,,,,,,5,2,4,1,3
200600038167,0006-07-24 10:15:00,6,7,24,10,15,130,55,TOULON (AVENUE DE),,,Plein jour,En agglomération,Hors intersection,Normale,Autre collision,,,,,,,,,,,1,2,1,1,6
200600038168,0006-07-28 17:00:00,6,7,28,17,0,130,55,BERNEX (RUE)    IMPAIRS,,,Plein jour,En agglomération,Intersection en T,Normale,Autre collision,,,,,,,,,,,1,2,3,1,6
200600038169,0006-07-06 12:00:00,6,7,6,12,0,130,55,"83, CAMAS (RUE DU)",,,Plein jour,En agglomération,Hors intersection,Normale,Deux véhicules - arrière,,,,,,,,,,,1,2,1,1,2
200600038170,0006-07-26 08:20:00,6,7,26,8,20,130,55,GAVOTTE (RUE DE LA),,,Plein jour,En agglomération,Hors intersection,Normale,Autre collision,,,,,,,,,,,1,2,1,1,6
200600038171,0006-07-01 08:00:00,6,7,1,8,0,130,77,RN 568,,,Plein jour,Hors agglomération,Hors intersection,Normale,Deux véhicules - arrière,,,,,,,,,,,1,1,1,1,2
200600038172,0006-07-05 17:15:00,6,7,5,17,15,130,77,RN 568,,,Plein jour,Hors agglomération,Hors intersection,Normale,Sans collision,,,,,,,,,,,1,1,1,1,7
200600038173,0006-07-11 22:00:00,6,7,11,22,0,130,26,VIEUX MOULIN (rue du),,,Nuit avec éclairage allumé,En agglomération,Hors intersection,Normale,Autre collision,,,,,,,,,,,5,2,1,1,6
200600038174,0006-07-17 17:20:00,6,7,17,17,20,130,77,RN 568,,,Plein jour,Hors agglomération,Hors intersection,Normale,Autre collision,,,,,,,,,,,1,1,1,1,6
200600038175,0006-07-17 13:00:00,6,7,17,13,0,130,26,PAGNOL (bld Marcel),,,Plein jour,En agglomération,Intersection en T,Normale,Deux véhicules - côté,,,,,,,,,,,1,2,3,1,3
200600038176,0006-07-25 00:30:00,6,7,25,0,30,130,77,RN 568,,,Nuit sans éclairage public,Hors agglomération,Hors intersection,Normale,Deux véhicules - arrière,,,,,,,,,,,3,1,1,1,2
200600038177,0006-07-20 09:40:00,6,7,20,9,40,130,39,SOLLAC (entrée Nord),,,Plein jour,Hors agglomération,Hors intersection,Normale,Sans collision,,,,,,,,,,,1,1,1,1,7
200600038178,0006-07-27 11:15:00,6,7,27,11,15,130,77,THOREZ MAURICE (avenue),,,Plein jour,En agglomération,Hors intersection,Normale,Deux véhicules - côté,,,,,,,,,,,1,2,1,1,3
200600038179,0006-07-31 05:50:00,6,7,31,5,50,130,26,RN 568 CLM,,,Crépuscule ou aube,Hors agglomération,Hors intersection,Normale,Sans collision,,,,,,,,,,,2,1,1,1,7
200600038180,0006-07-31 12:35:00,6,7,31,12,35,130,56,"1, KENNEDY AVENUE DU PRE",,,Plein jour,En agglomération,Hors intersection,Temps éblouissant,Autre collision,,,,,,,,,,,1,2,1,7,6
200600038181,0006-07-19 03:30:00,6,7,19,3,30,130,78,PORT (AVENUE DU),,,Nuit avec éclairage allumé,En agglomération,Intersection en X,Normale,Deux véhicules - côté,,,,,,,,,,,5,2,2,1,3
200600038182,0006-07-20 21:00:00,6,7,20,21,0,130,78,"00, CROIZAT AMBROISE (RU",,,Crépuscule ou aube,En agglomération,Intersection en X,Normale,Trois véhicules et plus - collisions multiples,,,,,,,,,,,2,2,2,1,5
200600038183,0006-07-29 17:00:00,6,7,29,17,0,130,78,"SN, NAPOLEON (ROUTE)",,,Plein jour,Hors agglomération,Hors intersection,Normale,Deux véhicules - frontale,,,,,,,,,,,1,1,1,1,1
200600038184,0006-07-21 19:05:00,6,7,21,19,5,130,103,ROUTE D'ARLES-RN 113,,,Plein jour,Hors agglomération,Hors intersection,Normale,Deux véhicules - frontale,,,,,,,,,,,1,1,1,1,1
200600038185,0006-07-14 01:50:00,6,7,14,1,50,130,108,RN 570 ROUTE D'AVIGNON,,,Nuit sans éclairage public,Hors agglomération,Hors intersection,Normale,Deux véhicules - côté,,,,,,,,,,,3,1,1,1,3
200600038186,0006-07-21 12:05:00,6,7,21,12,5,130,108,"44, EMILE ZOLA (RUE)",,,Plein jour,En agglomération,Intersection en X,Normale,Deux véhicules - côté,,,,,,,,,,,1,2,2,1,3
200600038187,0006-07-02 00:25:00,6,7,2,0,25,130,71,TOTAL (RN 113 - LE TUNNE,,,Nuit sans éclairage public,En agglomération,Hors intersection,Normale,Deux véhicules - frontale,,,,,,,,,,,3,2,1,1,1
200600038188,0006-07-08 00:15:00,6,7,8,0,15,130,117,"XX, ROUTE NATIONALE 113",,,Nuit sans éclairage public,Hors agglomération,Hors intersection,Normale,Sans collision,,,,,,,,,,,3,1,1,1,7
200600038189,0006-07-11 16:45:00,6,7,11,16,45,130,117,LONDRES (AVENUE DE),,,Plein jour,Hors agglomération,Hors intersection,Normale,Deux véhicules - côté,,,,,,,,,,,1,1,1,1,3
200600038190,0006-07-15 19:31:00,6,7,15,19,31,130,71,"XX, CD 543",,,Plein jour,En agglomération,Hors intersection,Normale,Deux véhicules - côté,,,,,,,,,,,1,2,1,1,3
200600038191,0006-07-17 15:30:00,6,7,17,15,30,130,71,MITTERRAND (AVENUE FRANC,,,Plein jour,En agglomération,Hors intersection,Normale,Deux véhicules - côté,,,,,,,,,,,1,2,1,1,3
200600038192,0006-07-18 21:35:00,6,7,18,21,35,130,71,VAL SEC ( CHEMIN DE ),,,Nuit sans éclairage public,En agglomération,Hors intersection,Normale,Deux véhicules - côté,,,,,,,,,,,3,2,1,1,3
200600038193,0006-07-25 12:20:00,6,7,25,12,20,130,71,CHATEAU (MONTEE DU ),,,Plein jour,En agglomération,Hors intersection,Normale,Deux véhicules - côté,,,,,,,,,,,1,2,1,1,3
200600038194,0006-07-31 00:25:00,6,7,31,0,25,130,117,STADIUM (CD9),,,Nuit sans éclairage public,Hors agglomération,Hors intersection,Normale,Autre collision,,,,,,,,,,,3,1,1,1,6
200600038195,0006-07-14 06:30:00,6,7,14,6,30,140,167,"38, MONIN (RUE HIPPOLYTE",,,Crépuscule ou aube,En agglomération,Hors intersection,Normale,Autre collision,,,,,,,,,,,2,2,1,1,6
200600038196,0006-07-26 18:55:00,6,7,26,18,55,140,118,"0, CLEMENCEAU (AVENUE GE",,,Plein jour,En agglomération,Intersection en T,Temps couvert,Deux véhicules - côté,,,,,,,,,,,1,2,3,8,3
200600038197,0006-07-28 17:35:00,6,7,28,17,35,140,341,"0, BLACK WATCH (AVENUE D",,,Plein jour,En agglomération,Hors intersection,Normale,Autre collision,,,,,,,,,,,1,2,1,1,6
200600038198,0006-07-11 20:30:00,6,7,11,20,30,140,117,CAEN (ROUTE DE),,,Plein jour,En agglomération,Intersection en X,Normale,Deux véhicules - côté,,,,,,,,,,,1,2,2,1,3
200600038199,0006-07-15 09:20:00,6,7,15,9,20,140,333,"85, MANUEL (COURS ALBERT",,,Plein jour,En agglomération,Hors intersection,Normale,Autre collision,,,,,,,,,,,1,2,1,1,6
200600038200,0006-07-25 17:25:00,6,7,25,17,25,140,333,CD34,,,Plein jour,Hors agglomération,Hors intersection,Normale,Trois véhicules et plus - en chaîne,,,,,,,,,,,1,1,1,1,4
200600038201,0006-07-02 20:45:00,6,7,2,20,45,140,366,"100, ORBEC (ROUTE D')",,,Plein jour,En agglomération,Hors intersection,Normale,Deux véhicules - frontale,,,,,,,,,,,1,2,1,1,1
200600038202,0006-07-05 20:40:00,6,7,5,20,40,140,366,"0, NICOLAS VAUQUELIN ( S",,,Plein jour,En agglomération,Hors intersection,Normale,Deux véhicules - côté,,,,,,,,,,,1,2,1,1,3
200600038203,0006-07-14 01:00:00,6,7,14,1,0,140,366,"0, WILLY BRANDT ( GIRATO",,,Nuit avec éclairage allumé,En agglomération,Giratoire,Normale,Deux véhicules - frontale,,,,,,,,,,,5,2,6,1,1
200600038204,0006-07-05 10:00:00,6,7,5,10,0,150,14,PLOMB DU CANTAL (AVENUE,,,Plein jour,En agglomération,Hors intersection,Vent fort / tempête,Autre collision,,,,,,,,,,,1,2,1,6,6
200600038205,0006-07-03 15:15:00,6,7,3,15,15,160,113,"0, RN 10 -DEVIATION-",,,Plein jour,Hors agglomération,Hors intersection,Normale,Autre collision,,,,,,,,,,,1,1,1,1,6
200600038206,0006-07-26 16:45:00,6,7,26,16,45,160,102,"12, MARIGNAN (RUE DE)",,,Plein jour,En agglomération,Intersection en X,Normale,Deux véhicules - côté,,,,,,,,,,,1,2,2,1,3
200600038207,0006-07-22 17:20:00,6,7,22,17,20,170,449,"174490005, AUNIS AVENUE",,,Plein jour,En agglomération,Hors intersection,Normale,Sans collision,,,,,,,,,,,1,2,1,1,7
200600038208,0006-07-22 22:25:00,6,7,22,22,25,170,299,"172990099, CLEMOT RUE",,,Nuit avec éclairage allumé,En agglomération,Intersection en Y,Normale,Sans collision,,,,,,,,,,,5,2,4,1,7
200600038209,0006-07-30 01:10:00,6,7,30,1,10,170,299,"172990166, GAMBETTA RUE",,,Nuit avec éclairage allumé,En agglomération,Hors intersection,Normale,Autre collision,,,,,,,,,,,5,2,1,1,6
200600038210,0006-07-03 08:38:00,6,7,3,8,38,170,300,"39, JOFFRE   BOULEVARD (",,,Plein jour,En agglomération,Hors intersection,Normale,Deux véhicules - côté,,,,,,,,,,,1,2,1,1,3