accident_id,datetime,annee,mois,jour,heure,minute,departement,commune_insee,adresse,latitude,longitude,luminosite,agglomeration,intersection,meteo,collision,nb_vehicules,nb_usagers,nb_indemnes,nb_tues,nb_blesses_hosp,nb_blesses_legers,age_cond_1,age_cond_2,veh_type_cond_1,veh_type_cond_2,lum_code,agg_code,int_code,atm_code,col_code
200600038610,0006-07-02 21:20:00,6,7,2,21,20,330,63,RUE BLANQUI,,,Nuit sans éclairage public,En agglomération,Intersection en X,Normale,Autre collision,,,,,,,,,,,3,2,2,1,6
200600038611,0006-07-03 01:15:00,6,7,3,1,15,330,63,CRS DU MEDOC,,,Nuit avec éclairage allumé,En agglomération,Intersection en X,Normale,Deux véhicules - côté,,,,,,,,,,,5,2,2,1,3
200600038612,0006-07-03 16:48:00,6,7,3,16,48,330,63,"0, RUE GINER DE LOS RIOS",,,Plein jour,En agglomération,Intersection en X,Normale,Deux véhicules - côté,,,,,,,,,,,1,2,2,1,3
200600038613,0006-07-04 01:50:00,6,7,4,1,50,330,63,"236, PCE NANSOUTY",,,Nuit avec éclairage allumé,En agglomération,Intersection à plus de 4 branches,Normale,Autre collision,,,,,,,,,,,5,2,5,1,6
200600038614,0006-07-02 03:04:00,6,7,2,3,4,330,522,RUE DE LA VIEILLE TOUR,,,Nuit avec éclairage allumé,En agglomération,Intersection en X,Normale,Deux véhicules - côté,,,,,,,,,,,5,2,2,1,3
200600038615,0006-07-06 10:00:00,6,7,6,10,0,330,63,CRS VICTOR HUGO,,,Plein jour,En agglomération,Intersection en T,Pluie forte,Deux véhicules - frontale,,,,,,,,,,,1,2,3,3,1
200600038616,0006-07-06 17:45:00,6,7,6,17,45,330,63,CRS SAINT LOUIS,,,Plein jour,En agglomération,Intersection en X,Normale,Deux véhicules - côté,,,,,,,,,,,1,2,2,1,3
200600038617,0006-07-06 19:17:00,6,7,6,19,17,330,63,RUE MONTGOLFIER,,,Plein jour,En agglomération,Intersection en X,Normale,Deux véhicules - arrière,,,,,,,,,,,1,2,2,1,2
200600038618,0006-07-07 01:00:00,6,7,7,1,0,330,63,"75  bis, QUAI DE PALUDAT",,,Nuit avec éclairage allumé,En agglomération,Intersection en T,Normale,Deux véhicules - arrière,,,,,,,,,,,5,2,3,1,2
200600038619,0006-07-08 00:01:00,6,7,8,0,1,330,522,"192, CRS MARECHAL GALLIE",,,Nuit avec éclairage allumé,En agglomération,Hors intersection,Normale,Autre collision,,,,,,,,,,,5,2,1,1,6
200600038620,0006-07-08 12:40:00,6,7,8,12,40,330,63,AVE DE NONTRASTE,,,Plein jour,En agglomération,Hors intersection,Normale,Autre collision,,,,,,,,,,,1,2,1,1,6
200600038621,0006-07-09 19:50:00,6,7,9,19,50,330,63,"34, RUE DE CANOLLE",,,Plein jour,En agglomération,Hors intersection,Normale,Deux véhicules - frontale,,,,,,,,,,,1,2,1,1,1
200600038622,0006-07-04 12:58:00,6,7,4,12,58,330,63,RUE JEAN-JACQUES ROUSSEA,,,Plein jour,En agglomération,Intersection en T,Normale,Autre collision,,,,,,,,,,,1,2,3,1,6
200600038623,0006-07-08 20:30:00,6,7,8,20,30,330,63,BD PIERRE 1ER,,,Plein jour,En agglomération,Intersection en X,Normale,Deux véhicules - frontale,,,,,,,,,,,1,2,2,1,1
200600038624,0006-07-05 08:20:00,6,7,5,8,20,330,281,"10, AVE DU MARECHAL GALL",,,Plein jour,En agglomération,Hors intersection,Normale,Autre collision,,,,,,,,,,,1,2,1,1,6
200600038625,0006-07-07 11:20:00,6,7,7,11,20,330,318,RUE GEORGES POMPIDOU,,,Plein jour,En agglomération,Intersection en X,Normale,Deux véhicules - côté,,,,,,,,,,,1,2,2,1,3
200600038626,0006-07-06 08:15:00,6,7,6,8,15,330,281,AVE MATOSINHOS,,,Plein jour,En agglomération,Hors intersection,Pluie légère,Deux véhicules - arrière,,,,,,,,,,,1,2,1,2,2
200600038627,0006-07-07 16:00:00,6,7,7,16,0,330,281,AVE DE MAGUDAS,,,Plein jour,En agglomération,Intersection en X,Normale,Deux véhicules - côté,,,,,,,,,,,1,2,2,1,3
200600038628,0006-07-07 18:10:00,6,7,7,18,10,330,119,"21, AVE JEAN JAURES",,,Plein jour,En agglomération,Hors intersection,Normale,Trois véhicules et plus - en chaîne,,,,,,,,,,,1,2,1,1,4
200600038629,0006-07-11 23:30:00,6,7,11,23,30,330,63,PCE BIR HAKEIM,,,Nuit avec éclairage allumé,En agglomération,Place,Normale,Trois véhicules et plus - collisions multiples,,,,,,,,,,,5,2,7,1,5
200600038630,0006-07-11 17:15:00,6,7,11,17,15,330,63,CRS VICTOR HUGO,,,Plein jour,En agglomération,Passage à niveau,Normale,Deux véhicules - côté,,,,,,,,,,,1,2,8,1,3
200600038631,0006-07-12 16:35:00,6,7,12,16,35,330,63,"18, CRS D'ALBRET",,,Plein jour,En agglomération,Hors intersection,Normale,Autre collision,,,,,,,,,,,1,2,1,1,6
200600038632,0006-07-13 07:45:00,6,7,13,7,45,330,63,"16-20, CRS DE LA MARNE",,,Plein jour,En agglomération,Hors intersection,Normale,Deux véhicules - côté,,,,,,,,,,,1,2,1,1,3
200600038633,0006-07-13 17:15:00,6,7,13,17,15,330,63,PCE DE VALMY,,,Plein jour,En agglomération,Intersection en T,Normale,Deux véhicules - arrière,,,,,,,,,,,1,2,3,1,2
200600038634,0006-07-16 16:20:00,6,7,16,16,20,330,63,RUE KLEBER,,,Plein jour,En agglomération,Intersection en X,Normale,Deux véhicules - côté,,,,,,,,,,,1,2,2,1,3
200600038635,0006-07-05 09:35:00,6,7,5,9,35,330,281,"80, AVE DE LA SOMME",,,Crépuscule ou aube,En agglomération,Hors intersection,Normale,Deux véhicules - arrière,,,,,,,,,,,2,2,1,1,2
200600038636,0006-07-17 15:35:00,6,7,17,15,35,330,63,"20, CRS DE VERDUN",,,Plein jour,En agglomération,Intersection en X,Normale,Deux véhicules - côté,,,,,,,,,,,1,2,2,1,3
200600038637,0006-07-17 16:00:00,6,7,17,16,0,330,63,"147, RUE DE LA PELOUSE D",,,Plein jour,En agglomération,Hors intersection,Normale,Deux véhicules - arrière,,,,,,,,,,,1,2,1,1,2
200600038638,0006-07-18 21:05:00,6,7,18,21,5,330,63,RUE AUGUSTE POIRSON,,,Plein jour,En agglomération,Intersection en X,Normale,Deux véhicules - côté,,,,,,,,,,,1,2,2,1,3
200600038639,0006-07-19 00:05:00,6,7,19,0,5,330,63,"47, CRS PASTEUR",,,Nuit avec éclairage allumé,En agglomération,Hors intersection,Normale,Sans collision,,,,,,,,,,,5,2,1,1,7
200600038640,0006-07-12 19:55:00,6,7,12,19,55,330,69,"417, RTE DU MEDOC",,,Plein jour,En agglomération,Hors intersection,Normale,Deux véhicules - arrière,,,,,,,,,,,1,2,1,1,2
200600038641,0006-07-13 15:05:00,6,7,13,15,5,330,69,AVE DE LA LIBERATION-CH.,,,Plein jour,En agglomération,Hors intersection,Normale,Deux véhicules - côté,,,,,,,,,,,1,2,1,1,3
200600038642,0006-07-19 14:25:00,6,7,19,14,25,330,63,"55, CRS XAVIER ARNOZAN",,,Plein jour,En agglomération,Hors intersection,Normale,Autre collision,,,,,,,,,,,1,2,1,1,6
200600038643,0006-07-19 14:45:00,6,7,19,14,45,330,63,AVE THIERS,,,Plein jour,En agglomération,Intersection en X,Normale,Deux véhicules - côté,,,,,,,,,,,1,2,2,1,3
200600038644,0006-07-13 03:33:00,6,7,13,3,33,330,75,AVE CHARLES DE GAULLE,,,Nuit avec éclairage allumé,En agglomération,Intersection en X,Normale,Autre collision,,,,,,,,,,,5,2,2,1,6
200600038645,0006-07-13 11:55:00,6,7,13,11,55,330,192,RTE DE PESSAC,,,Plein jour,En agglomération,Intersection en X,Normale,Deux véhicules - côté,,,,,,,,,,,1,2,2,1,3
200600038646,0006-07-17 17:10:00,6,7,17,17,10,330,522,RUE DE LA VIEILLE TOUR,,,Plein jour,En agglomération,Intersection en X,Normale,Trois véhicules et plus - en chaîne,,,,,,,,,,,1,2,2,1,4
200600038647,0006-07-13 20:40:00,6,7,13,20,40,330,550,PCE ARISTIDE BRIAND,,,Nuit avec éclairage allumé,En agglomération,Hors intersection,Normale,Deux véhicules - côté,,,,,,,,,,,5,2,1,1,3
200600038648,0006-07-22 07:15:00,6,7,22,7,15,330,63,BD DES FRERES MOGA,,,Plein jour,En agglomération,Hors intersection,Normale,Sans collision,,,,,,,,,,,1,2,1,1,7
200600038649,0006-07-23 10:00:00,6,7,23,10,0,330,63,CRS DE L'ARGONNE,,,Plein jour,En agglomération,Intersection en X,Normale,Deux véhicules - côté,,,,,,,,,,,1,2,2,1,3
200600038650,0006-07-14 01:00:00,6,7,14,1,0,330,281,AVE DE L'YSER,,,Nuit avec éclairage allumé,En agglomération,Intersection en X,Normale,Deux véhicules - côté,,,,,,,,,,,5,2,2,1,3
200600038651,0006-07-22 16:10:00,6,7,22,16,10,330,63,RUE CADROIN,,,Plein jour,En agglomération,Intersection en X,Normale,Autre collision,,,,,,,,,,,1,2,2,1,6
200600038652,0006-07-24 14:25:00,6,7,24,14,25,330,63,"83, CRS D'ALBRET",,,Plein jour,En agglomération,Intersection en X,Normale,Autre collision,,,,,,,,,,,1,2,2,1,6
200600038653,0006-07-26 02:20:00,6,7,26,2,20,330,63,BD DES FRERES MOGA,,,Nuit avec éclairage allumé,En agglomération,Hors intersection,Normale,Autre collision,,,,,,,,,,,5,2,1,1,6
200600038654,0006-07-20 08:15:00,6,7,20,8,15,330,39,"30, AVE JEANNE D'ARC",,,Plein jour,En agglomération,Hors intersection,Normale,Autre collision,,,,,,,,,,,1,2,1,1,6
200600038655,0006-07-18 08:35:00,6,7,18,8,35,330,522,AVE DE L'UNIVERSITE,,,Plein jour,En agglomération,Giratoire,Normale,Deux véhicules - côté,,,,,,,,,,,1,2,6,1,3
200600038656,0006-07-21 19:40:00,6,7,21,19,40,330,522,AVE DE L'UNIVERSITE,,,Plein jour,En agglomération,Giratoire,Normale,Deux véhicules - côté,,,,,,,,,,,1,2,6,1,3
200600038657,0006-07-27 09:00:00,6,7,27,9,0,330,63,CRS BALGUERIE STUTTENBER,,,Plein jour,En agglomération,Intersection en T,Normale,Deux véhicules - côté,,,,,,,,,,,1,2,3,1,3
200600038658,0006-07-27 14:00:00,6,7,27,14,0,330,63,"34, RTE DE TOULOUSE",,,Plein jour,En agglomération,Hors intersection,Normale,Trois véhicules et plus - en chaîne,,,,,,,,,,,1,2,1,1,4
200600038659,0006-07-23 19:40:00,6,7,23,19,40,330,550,RTE DE TOULOUSE,,,Plein jour,En agglomération,Intersection en X,Normale,Deux véhicules - côté,,,,,,,,,,,1,2,2,1,3
200600038660,0006-07-24 16:15:00,6,7,24,16,15,330,318,AVE JEAN BABIN,,,Plein jour,En agglomération,Intersection en X,Normale,Deux véhicules - côté,,,,,,,,,,,1,2,2,1,3
200600038661,0006-07-27 14:08:00,6,7,27,14,8,330,63,"228, BD GODARD",,,Plein jour,En agglomération,Hors intersection,Normale,Autre collision,,,,,,,,,,,1,2,1,1,6
200600038662,0006-07-28 14:00:00,6,7,28,14,0,330,63,"17, BD ANTOINE GAUTIER",,,Plein jour,En agglomération,Hors intersection,Normale,Deux véhicules - côté,,,,,,,,,,,1,2,1,1,3
200600038663,0006-07-28 16:05:00,6,7,28,16,5,330,63,RUE LAGRANGE,,,Plein jour,En agglomération,Intersection en X,Normale,Deux véhicules - côté,,,,,,,,,,,1,2,2,1,3
200600038664,0006-07-31 22:05:00,6,7,31,22,5,330,63,RUE ESPRIT-DES-LOIS,,,Nuit avec éclairage allumé,En agglomération,Intersection en T,Normale,Deux véhicules - côté,,,,,,,,,,,5,2,3,1,3
200600038665,0006-07-27 08:00:00,6,7,27,8,0,330,69,AVE D'EYSINES,,,Plein jour,En agglomération,Intersection en X,Normale,Deux véhicules - côté,,,,,,,,,,,1,2,2,1,3
200600038666,0006-07-28 10:30:00,6,7,28,10,30,330,318,"2, AVE DU GENERAL LECLER",,,Plein jour,En agglomération,Hors intersection,Normale,Deux véhicules - côté,,,,,,,,,,,1,2,1,1,3
200600038667,0006-07-21 14:50:00,6,7,21,14,50,330,281,CHEM DE LA POUDRIERE,,,Plein jour,En agglomération,Intersection en T,Normale,Trois véhicules et plus - collisions multiples,,,,,,,,,,,1,2,3,1,5
200600038668,0006-07-26 19:30:00,6,7,26,19,30,330,522,CRS DE LA LIBERATION,,,Plein jour,En agglomération,Giratoire,Normale,Deux véhicules - côté,,,,,,,,,,,1,2,6,1,3
200600038669,0006-07-27 20:35:00,6,7,27,20,35,330,318,AVE ROGER CHAUMET,,,Plein jour,En agglomération,Giratoire,Normale,Trois véhicules et plus - collisions multiples,,,,,,,,,,,1,2,6,1,5
200600038670,0006-07-29 16:04:00,6,7,29,16,4,330,69,AVE DE LA LIBERATION-CH.,,,Plein jour,En agglomération,Hors intersection,Normale,Deux véhicules - côté,,,,,,,,,,,1,2,1,1,3
200600038671,0006-07-28 13:45:00,6,7,28,13,45,330,550,"1, IMP DES CYGNES",,,Plein jour,En agglomération,Hors intersection,Normale,Autre collision,,,,,,,,,,,1,2,1,1,6
200600038672,0006-07-19 17:00:00,6,7,19,17,0,330,243,"162, GAULLE(AVENUE DU GE",,,Plein jour,En agglomération,Hors intersection,Normale,Autre collision,,,,,,,,,,,1,2,1,1,6
200600038673,0006-07-04 09:30:00,6,7,4,9,30,340,3,"sans N°, POMPIDOU (H12 A",,,Plein jour,En agglomération,Autre intersection,Normale,Deux véhicules - côté,,,,,,,,,,,1,2,9,1,3
200600038674,0006-07-09 14:50:00,6,7,9,14,50,340,3,D 13 BESSAN (ROUTE DE),,,Plein jour,Hors agglomération,Hors intersection,Normale,Sans collision,,,,,,,,,,,1,1,1,1,7
200600038675,0006-07-16 21:10:00,6,7,16,21,10,340,3,"sans n°, NEUF AGDE-LA TA",,,Crépuscule ou aube,Hors agglomération,Intersection en Y,Normale,Autre collision,,,,,,,,,,,2,1,4,1,6
200600038676,0006-07-13 10:35:00,6,7,13,10,35,340,3,D 51 MARSEILLAN (ROUTE D,,,Plein jour,Hors agglomération,Hors intersection,Temps éblouissant,Deux véhicules - frontale,,,,,,,,,,,1,1,1,7,1
200600038677,0006-07-22 01:30:00,6,7,22,1,30,340,3,"34, SERS (S2 A S4",,,Nuit avec éclairage allumé,En agglomération,Intersection en X,Normale,Deux véhicules - côté,,,,,,,,,,,5,2,2,1,3
200600038678,0006-07-30 03:35:00,6,7,30,3,35,340,3,D 13 BESSAN (ROUTE DE),,,Nuit sans éclairage public,Hors agglomération,Hors intersection,Normale,Autre collision,,,,,,,,,,,3,1,1,1,6
200600038679,0006-07-31 03:45:00,6,7,31,3,45,340,3,MITTERRAND (K19 A O24,,,Nuit sans éclairage public,En agglomération,Autre intersection,Normale,Deux véhicules - côté,,,,,,,,,,,3,2,9,1,3
200600038680,0006-07-01 04:56:00,6,7,1,4,56,340,73,ROUTE D'AGDE (R.N 112),,,Crépuscule ou aube,Hors agglomération,Hors intersection,Normale,Autre collision,,,,,,,,,,,2,1,1,1,6
200600038681,0006-07-02 23:35:00,6,7,2,23,35,340,32,RD 613 (VOIE RAPIDE),,,Nuit sans éclairage public,Hors agglomération,Hors intersection,Normale,Trois véhicules et plus - collisions multiples,,,,,,,,,,,3,1,1,1,5
200600038682,0006-07-05 16:21:00,6,7,5,16,21,340,32,"nr, VOIE DOMITIENNE (AV",,,Plein jour,En agglomération,Hors intersection,Normale,Deux véhicules - côté,,,,,,,,,,,1,2,1,1,3
200600038683,0006-07-05 19:30:00,6,7,5,19,30,340,32,"104, LIBERTE (BD DE LA)",,,Plein jour,En agglomération,Intersection en T,Normale,Sans collision,,,,,,,,,,,1,2,3,1,7
200600038684,0006-07-06 10:38:00,6,7,6,10,38,340,32,"NR, MOULIN JEAN (AV)",,,Plein jour,En agglomération,Intersection en X,Normale,Trois véhicules et plus - collisions multiples,,,,,,,,,,,1,2,2,1,5
200600038685,0006-07-06 10:50:00,6,7,6,10,50,340,32,"NR, BOUIN JEAN (BD)",,,Plein jour,En agglomération,Hors intersection,Normale,Sans collision,,,,,,,,,,,1,2,1,1,7
200600038686,0006-07-06 15:36:00,6,7,6,15,36,340,32,"NR, CLAPAREDE EMILE (AVE",,,Plein jour,En agglomération,Hors intersection,Normale,Deux véhicules - côté,,,,,,,,,,,1,2,1,1,3
200600038687,0006-07-07 16:20:00,6,7,7,16,20,340,32,"NR, VOIE DOMITIENNE (AV",,,Plein jour,En agglomération,Hors intersection,Normale,Sans collision,,,,,,,,,,,1,2,1,1,7
200600038688,0006-07-08 14:30:00,6,7,8,14,30,340,32,"NR, ROUTE NATIONALE 112",,,Plein jour,Hors agglomération,Intersection en T,Normale,Deux véhicules - arrière,,,,,,,,,,,1,1,3,1,2
200600038689,0006-07-09 09:44:00,6,7,9,9,44,340,32,"NR, ROUTE NATIONALE 1112",,,Plein jour,Hors agglomération,Hors intersection,Normale,Deux véhicules - côté,,,,,,,,,,,1,1,1,1,3
200600038690,0006-07-12 11:37:00,6,7,12,11,37,340,32,", BEDARIEUX (ROUTE DE)",,,Plein jour,En agglomération,Intersection en T,Normale,Deux véhicules - frontale,,,,,,,,,,,1,2,3,1,1
200600038691,0006-07-13 09:30:00,6,7,13,9,30,340,32,"NR, BADIE VINCENT (RD PO",,,Plein jour,Hors agglomération,Giratoire,Normale,Deux véhicules - côté,,,,,,,,,,,1,1,6,1,3
200600038692,0006-07-13 16:15:00,6,7,13,16,15,340,336,"NR, ROUTE DEPARTEMENTALE",,,Plein jour,Hors agglomération,Intersection en T,Normale,Deux véhicules - côté,,,,,,,,,,,1,1,3,1,3
200600038693,0006-07-13 18:10:00,6,7,13,18,10,340,32,"NR, FAURE EDGARD (RD.POI",,,Plein jour,Hors agglomération,Giratoire,Normale,Deux véhicules - côté,,,,,,,,,,,1,1,6,1,3
200600038694,0006-07-14 05:50:00,6,7,14,5,50,340,32,"NR, ROUTE NATIONALE 113",,,Crépuscule ou aube,Hors agglomération,Intersection en T,Normale,Sans collision,,,,,,,,,,,2,1,3,1,7
200600038695,0006-07-20 14:05:00,6,7,20,14,5,340,32,"NR, MALAFOSSE PIERRE (BD",,,Plein jour,En agglomération,Hors intersection,Normale,Sans collision,,,,,,,,,,,1,2,1,1,7
200600038696,0006-07-20 21:50:00,6,7,20,21,50,340,32,"NR, ROUTE NATIONALE 1112",,,Nuit sans éclairage public,Hors agglomération,Hors intersection,Normale,Sans collision,,,,,,,,,,,3,1,1,1,7
200600038697,0006-07-23 03:15:00,6,7,23,3,15,340,336,"NR, ROUTE NATIONALE 112",,,Nuit sans éclairage public,Hors agglomération,Intersection en T,Normale,Deux véhicules - côté,,,,,,,,,,,3,1,3,1,3
200600038698,0006-07-24 18:36:00,6,7,24,18,36,340,32,"84, MISTRAL FREDERIC (BD",,,Plein jour,En agglomération,Intersection en X,Normale,Sans collision,,,,,,,,,,,1,2,2,1,7
200600038699,0006-07-25 08:22:00,6,7,25,8,22,340,32,"NR, LAZARE JOSEPH (AV)",,,Plein jour,Hors agglomération,Intersection en T,Normale,Deux véhicules - côté,,,,,,,,,,,1,1,3,1,3
200600038700,0006-07-25 16:54:00,6,7,25,16,54,340,32,"NR, BOUIN JEAN (BD)",,,Plein jour,En agglomération,Hors intersection,Normale,Sans collision,,,,,,,,,,,1,2,1,1,7
200600038701,0006-07-28 06:30:00,6,7,28,6,30,340,32,"43, CLAPAREDE EMILE (AVE",,,Crépuscule ou aube,En agglomération,Hors intersection,Normale,Sans collision,,,,,,,,,,,2,2,1,1,7
200600038702,0006-07-28 07:20:00,6,7,28,7,20,340,32,"NR, MISTRAL FREDERIC (BD",,,Plein jour,En agglomération,Intersection en T,Normale,Sans collision,,,,,,,,,,,1,2,3,1,7
200600038703,0006-07-28 09:45:00,6,7,28,9,45,340,32,"69, CLEMENCEAU GEORGES (",,,Plein jour,En agglomération,Hors intersection,Normale,Sans collision,,,,,,,,,,,1,2,1,1,7
200600038704,0006-07-01 21:15:00,6,7,1,21,15,340,172,PAS DU LOUP (RUE DU,,,Nuit avec éclairage non allumé,En agglomération,Hors intersection,Normale,Autre collision,,,,,,,,,,,4,2,1,1,6
200600038705,0006-07-01 12:00:00,6,7,1,12,0,340,172,"SANS, GANGES (ROUTE DE",,,Plein jour,En agglomération,Autre intersection,Normale,Deux véhicules - côté,,,,,,,,,,,1,2,9,1,3
200600038706,0006-07-01 20:10:00,6,7,1,20,10,340,172,MICHELET (RUE),,,Plein jour,En agglomération,Hors intersection,Normale,Autre collision,,,,,,,,,,,1,2,1,1,6
200600038707,0006-07-03 01:10:00,6,7,3,1,10,340,172,AEROPORT INTERNATIONAL (,,,Nuit avec éclairage allumé,En agglomération,Hors intersection,Normale,Deux véhicules - arrière,,,,,,,,,,,5,2,1,1,2
200600038708,0006-07-03 15:30:00,6,7,3,15,30,340,172,"14, JEU DE PAUME (BOULEV",,,Plein jour,En agglomération,Hors intersection,Normale,Sans collision,,,,,,,,,,,1,2,1,1,7
200600038709,0006-07-04 09:35:00,6,7,4,9,35,340,172,"2, FOCH (RUE)",,,Plein jour,En agglomération,Hors intersection,Normale,Deux véhicules - côté,,,,,,,,,,,1,2,1,1,3
200600038710,0006-07-04 15:00:00,6,7,4,15,0,340,172,LODEVE (AVENUE DE,,,Plein jour,En agglomération,Intersection en T,Normale,Deux véhicules - frontale,,,,,,,,,,,1,2,3,1,1
200600038711,0006-07-07 19:20:00,6,7,7,19,20,340,198,D66  VOIE RAPIDE,,,Plein jour,Hors agglomération,Hors intersection,Normale,Autre collision,,,,,,,,,,,1,1,1,1,6
200600038712,0006-07-10 08:10:00,6,7,10,8,10,340,172,ALCO (RUE D',,,Plein jour,En agglomération,Intersection en X,Normale,Deux véhicules - frontale,,,,,,,,,,,1,2,2,1,1
200600038713,0006-07-11 14:55:00,6,7,11,14,55,340,172,"25, ASSAS (AVENUE D')",,,Plein jour,En agglomération,Hors intersection,Normale,Deux véhicules - côté,,,,,,,,,,,1,2,1,1,3
200600038714,0006-07-11 12:10:00,6,7,11,12,10,340,172,"15, ALCO (RUE D'",,,Plein jour,En agglomération,Hors intersection,Normale,Deux véhicules - côté,,,,,,,,,,,1,2,1,1,3
200600038715,0006-07-13 14:00:00,6,7,13,14,0,340,172,LODEVE (AVENUE DE,,,Plein jour,En agglomération,Intersection en X,Normale,Deux véhicules - côté,,,,,,,,,,,1,2,2,1,3
200600038716,0006-07-14 22:06:00,6,7,14,22,6,340,129,PALAVAS D986 (ROUTE DE),,,Nuit sans éclairage public,Hors agglomération,Hors intersection,Normale,Deux véhicules - arrière,,,,,,,,,,,3,1,1,1,2
200600038717,0006-07-14 19:09:00,6,7,14,19,9,340,172,"577, PRES D'ARENES (AVEN",,,Plein jour,En agglomération,Hors intersection,Normale,Deux véhicules - côté,,,,,,,,,,,1,2,1,1,3
200600038718,0006-07-15 09:20:00,6,7,15,9,20,340,172,GRASSET (AVENUE DU PROFE,,,Plein jour,En agglomération,Intersection en X,Normale,Deux véhicules - côté,,,,,,,,,,,1,2,2,1,3
200600038719,0006-07-16 05:10:00,6,7,16,5,10,340,172,ASSAS (AVENUE D'),,,Plein jour,En agglomération,Intersection en X,Normale,Deux véhicules - côté,,,,,,,,,,,1,2,2,1,3
200600038720,0006-07-17 17:15:00,6,7,17,17,15,340,172,"13, GAMBETTA (COURS)",,,Plein jour,En agglomération,Hors intersection,Normale,Deux véhicules - côté,,,,,,,,,,,1,2,1,1,3
200600038721,0006-07-18 18:00:00,6,7,18,18,0,340,172,"1292, SOULAS (AVENUE DU",,,Plein jour,En agglomération,Hors intersection,Normale,Deux véhicules - arrière,,,,,,,,,,,1,2,1,1,2
200600038722,0006-07-19 02:00:00,6,7,19,2,0,340,172,TOULOUSE (AVENUE DE,,,Nuit avec éclairage allumé,En agglomération,Intersection en T,Normale,Deux véhicules - côté,,,,,,,,,,,5,2,3,1,3
200600038723,0006-07-16 12:20:00,6,7,16,12,20,340,172,BRINGUIER (AVENUE PAUL),,,Plein jour,En agglomération,Autre intersection,Normale,Deux véhicules - côté,,,,,,,,,,,1,2,9,1,3
200600038724,0006-07-19 12:20:00,6,7,19,12,20,340,172,"178, LODEVE (AVENUE DE",,,Plein jour,En agglomération,Hors intersection,Normale,Autre collision,,,,,,,,,,,1,2,1,1,6
200600038725,0006-07-19 18:20:00,6,7,19,18,20,340,172,LIBERTE (AVENUE DE LA,,,Plein jour,En agglomération,Hors intersection,Normale,Autre collision,,,,,,,,,,,1,2,1,1,6
200600038726,0006-07-20 15:40:00,6,7,20,15,40,340,129,FIGUIERES (AVENUE DE),,,Plein jour,Hors agglomération,Intersection en X,Normale,Deux véhicules - côté,,,,,,,,,,,1,1,2,1,3
200600038727,0006-07-20 16:45:00,6,7,20,16,45,340,129,D132,,,Plein jour,Hors agglomération,Hors intersection,Normale,Autre collision,,,,,,,,,,,1,1,1,1,6
200600038728,0006-07-22 08:45:00,6,7,22,8,45,340,172,"406, PEDRO DE LUNA (BOUL",,,Plein jour,En agglomération,Hors intersection,Normale,Autre collision,,,,,,,,,,,1,2,1,1,6
200600038729,0006-07-22 18:45:00,6,7,22,18,45,340,198,ROND-POINT DE LA NORIA,,,Plein jour,En agglomération,Giratoire,Normale,Sans collision,,,,,,,,,,,1,2,6,1,7
200600038730,0006-07-23 13:15:00,6,7,23,13,15,340,129,"sans, D132",,,Plein jour,Hors agglomération,Hors intersection,Normale,Autre collision,,,,,,,,,,,1,1,1,1,6
200600038731,0006-07-20 12:10:00,6,7,20,12,10,340,172,"FACE 834, RAVAZ (AVENUE",,,Plein jour,En agglomération,Hors intersection,Normale,Deux véhicules - côté,,,,,,,,,,,1,2,1,1,3
200600038732,0006-07-24 09:38:00,6,7,24,9,38,340,172,CITADELLE (ALLEE DE LA),,,Plein jour,En agglomération,Hors intersection,Normale,Deux véhicules - arrière,,,,,,,,,,,1,2,1,1,2
200600038733,0006-07-24 08:48:00,6,7,24,8,48,340,172,RECAMBALE (AVENUE DE LA),,,Plein jour,En agglomération,Hors intersection,Normale,Trois véhicules et plus - en chaîne,,,,,,,,,,,1,2,1,1,4
200600038734,0006-07-25 14:00:00,6,7,25,14,0,340,172,"51, ALBIGEOIS (RUE DE L'",,,Plein jour,En agglomération,Hors intersection,Normale,Autre collision,,,,,,,,,,,1,2,1,1,6
200600038735,0006-07-25 11:05:00,6,7,25,11,5,340,172,"sans, PAVELET (AVENUE DU",,,Plein jour,En agglomération,Hors intersection,Normale,Deux véhicules - frontale,,,,,,,,,,,1,2,1,1,1
200600038736,0006-07-27 06:15:00,6,7,27,6,15,340,172,EUROPE (AVENUE DE L'),,,Plein jour,En agglomération,Intersection en X,Normale,Deux véhicules - côté,,,,,,,,,,,1,2,2,1,3
200600038737,0006-07-27 07:05:00,6,7,27,7,5,340,172,EUROPE (AVENUE DE L'),,,Plein jour,En agglomération,Intersection en X,Normale,Deux véhicules - côté,,,,,,,,,,,1,2,2,1,3
200600038738,0006-07-27 14:15:00,6,7,27,14,15,340,172,LIBERTE (AVENUE DE LA,,,Plein jour,En agglomération,Intersection en X,Normale,Trois véhicules et plus - collisions multiples,,,,,,,,,,,1,2,2,1,5
200600038739,0006-07-28 11:00:00,6,7,28,11,0,340,129,SORIECH (CHEMIN DE),,,Plein jour,En agglomération,Intersection en T,Normale,Deux véhicules - côté,,,,,,,,,,,1,2,3,1,3
200600038740,0006-07-28 18:12:00,6,7,28,18,12,340,129,PALAVAS D986 (ROUTE DE),,,Plein jour,Hors agglomération,Hors intersection,Normale,Deux véhicules - arrière,,,,,,,,,,,1,1,1,1,2
200600038741,0006-07-30 06:05:00,6,7,30,6,5,340,129,MAIRIE DE LATTES,,,Crépuscule ou aube,Hors agglomération,Hors intersection,Normale,Autre collision,,,,,,,,,,,2,1,1,1,6
200600038742,0006-07-30 21:16:00,6,7,30,21,16,340,172,HUIT MAI 1945 (PLACE DU),,,Nuit avec éclairage allumé,En agglomération,Place,Normale,Deux véhicules - côté,,,,,,,,,,,5,2,7,1,3
200600038743,0006-07-05 12:00:00,6,7,5,12,0,340,108,BALARUC (ROUTE DE),,,Plein jour,Hors agglomération,Hors intersection,Normale,Deux véhicules - côté,,,,,,,,,,,1,1,1,1,3