accident_id,datetime,annee,mois,jour,heure,minute,departement,commune_insee,adresse,latitude,longitude,luminosite,agglomeration,intersection,meteo,collision,nb_vehicules,nb_usagers,nb_indemnes,nb_tues,nb_blesses_hosp,nb_blesses_legers,age_cond_1,age_cond_2,veh_type_cond_1,veh_type_cond_2,lum_code,agg_code,int_code,atm_code,col_code
200600038744,0006-07-17 08:35:00,6,7,17,8,35,340,301,"aucun, EAUX BLANCHES (ZO",,,Plein jour,En agglomération,Hors intersection,Normale,Deux véhicules - côté,,,,,,,,,,,1,2,1,1,3
200600038745,0006-07-18 20:10:00,6,7,18,20,10,340,301,"AUCUN, ROUTE NATIONALE 1",,,Plein jour,Hors agglomération,Hors intersection,Normale,Deux véhicules - côté,,,,,,,,,,,1,1,1,1,3
200600038746,0006-07-20 04:25:00,6,7,20,4,25,340,301,BLANC CAMILLE (BOULEVARD,,,Nuit avec éclairage allumé,En agglomération,Hors intersection,Normale,Sans collision,,,,,,,,,,,5,2,1,1,7
200600038747,0006-07-31 16:40:00,6,7,31,16,40,340,108,"aucun, RN300",,,Plein jour,Hors agglomération,Hors intersection,Normale,Deux véhicules - arrière,,,,,,,,,,,1,1,1,1,2
200600038748,0006-07-02 11:30:00,6,7,2,11,30,350,238,"11, BURLOUD (BD ALBERT)",,,Plein jour,En agglomération,Hors intersection,Normale,Autre collision,,,,,,,,,,,1,2,1,1,6
200600038749,0006-07-01 01:05:00,6,7,1,1,5,350,238,"00, SAINT-MALO (DE) DE 1",,,Nuit avec éclairage allumé,En agglomération,Hors intersection,Normale,Deux véhicules - côté,,,,,,,,,,,5,2,1,1,3
200600038750,0006-07-04 12:55:00,6,7,4,12,55,350,238,"00, COMBES (BD EMILE)",,,Plein jour,En agglomération,Intersection en T,Normale,Deux véhicules - côté,,,,,,,,,,,1,2,3,1,3
200600038751,0006-07-04 13:20:00,6,7,4,13,20,350,238,"6, MONTS D'ARREE (AVENUE",,,Plein jour,En agglomération,Hors intersection,Normale,Deux véhicules - côté,,,,,,,,,,,1,2,1,1,3
200600038752,0006-07-04 15:10:00,6,7,4,15,10,350,238,"00, BOSPHORE (DU)",,,Plein jour,En agglomération,Hors intersection,Normale,Sans collision,,,,,,,,,,,1,2,1,1,7
200600038753,0006-07-05 13:40:00,6,7,5,13,40,350,238,"00, FRANCAIS LIBRES (AVE",,,Plein jour,En agglomération,Intersection en X,Normale,Deux véhicules - côté,,,,,,,,,,,1,2,2,1,3
200600038754,0006-07-05 17:00:00,6,7,5,17,0,350,238,"00, GUINEBAUDIERE  (LIEU",,,Plein jour,Hors agglomération,Hors intersection,Pluie légère,Deux véhicules - arrière,,,,,,,,,,,1,1,1,2,2
200600038755,0006-07-05 18:00:00,6,7,5,18,0,350,238,"00, ROBIQUETTE ( BOULEVA",,,Plein jour,Hors agglomération,Intersection en X,Pluie forte,Trois véhicules et plus - collisions multiples,,,,,,,,,,,1,1,2,3,5
200600038756,0006-07-06 14:00:00,6,7,6,14,0,350,238,"00, SAINT JEAN- EUDES (P",,,Plein jour,En agglomération,Place,Normale,Deux véhicules - côté,,,,,,,,,,,1,2,7,1,3
200600038757,0006-07-07 00:01:00,6,7,7,0,1,350,238,"00, LAENNEC (BD RENE)",,,Nuit avec éclairage allumé,En agglomération,Intersection en X,Normale,Deux véhicules - côté,,,,,,,,,,,5,2,2,1,3
200600038758,0006-07-07 08:25:00,6,7,7,8,25,350,238,"00, BOURGEOIS (BOULEVARD",,,Plein jour,En agglomération,Hors intersection,Normale,Deux véhicules - arrière,,,,,,,,,,,1,2,1,1,2
200600038759,0006-07-07 13:50:00,6,7,7,13,50,350,238,"27, VERDUN (BD DE)",,,Plein jour,En agglomération,Hors intersection,Normale,Autre collision,,,,,,,,,,,1,2,1,1,6
200600038760,0006-07-07 17:10:00,6,7,7,17,10,350,238,"00, ARMORIQUE (BD D')",,,Plein jour,En agglomération,Intersection en X,Normale,Deux véhicules - arrière,,,,,,,,,,,1,2,2,1,2
200600038761,0006-07-09 01:40:00,6,7,9,1,40,350,278,"00, RD 82",,,Nuit avec éclairage allumé,Hors agglomération,Hors intersection,Normale,Deux véhicules - côté,,,,,,,,,,,5,1,1,1,3
200600038762,0006-07-09 22:20:00,6,7,9,22,20,350,238,"00, ROCADE 9-10",,,Nuit sans éclairage public,Hors agglomération,Hors intersection,Normale,Autre collision,,,,,,,,,,,3,1,1,1,6
200600038763,0006-07-10 01:15:00,6,7,10,1,15,350,238,"00, MARTINIERE (RUE DE L",,,Nuit sans éclairage public,En agglomération,Hors intersection,Normale,Autre collision,,,,,,,,,,,3,2,1,1,6
200600038764,0006-07-10 02:05:00,6,7,10,2,5,350,238,"11, PAPU",,,Nuit sans éclairage public,En agglomération,Hors intersection,Normale,Autre collision,,,,,,,,,,,3,2,1,1,6
200600038765,0006-07-12 11:50:00,6,7,12,11,50,350,238,"00, ROCADE 1-2",,,Plein jour,Hors agglomération,Hors intersection,Normale,Deux véhicules - arrière,,,,,,,,,,,1,1,1,1,2
200600038766,0006-07-12 12:00:00,6,7,12,12,0,350,238,"00, BRETAGNE (PLACE DE)",,,Plein jour,En agglomération,Intersection en X,Normale,Sans collision,,,,,,,,,,,1,2,2,1,7
200600038767,0006-07-13 10:00:00,6,7,13,10,0,350,238,"33, TOUR D'AUVERGNE (BD",,,Plein jour,En agglomération,Intersection en X,Normale,Trois véhicules et plus - en chaîne,,,,,,,,,,,1,2,2,1,4
200600038768,0006-07-13 20:05:00,6,7,13,20,5,350,238,PORTE DES LOGES,,,Plein jour,Hors agglomération,Hors intersection,Normale,Deux véhicules - côté,,,,,,,,,,,1,1,1,1,3
200600038769,0006-07-16 22:50:00,6,7,16,22,50,350,238,"00, CHATEAUDUN (DE)",,,Nuit avec éclairage allumé,En agglomération,Intersection en X,Normale,Deux véhicules - côté,,,,,,,,,,,5,2,2,1,3
200600038770,0006-07-19 15:05:00,6,7,19,15,5,350,238,"00, DODIN (AVENUE ROGER)",,,Plein jour,En agglomération,Giratoire,Normale,Deux véhicules - côté,,,,,,,,,,,1,2,6,1,3
200600038771,0006-07-20 17:35:00,6,7,20,17,35,350,238,"00, SAINT-BRIEUC (DE)",,,Plein jour,En agglomération,Hors intersection,Normale,Sans collision,,,,,,,,,,,1,2,1,1,7
200600038772,0006-07-21 15:15:00,6,7,21,15,15,350,238,"00, MIRABEAU",,,Plein jour,En agglomération,Hors intersection,Normale,Sans collision,,,,,,,,,,,1,2,1,1,7
200600038773,0006-07-22 05:40:00,6,7,22,5,40,350,238,"8, CHATEAUGIRON (DE)",,,Nuit avec éclairage allumé,En agglomération,Hors intersection,Normale,Deux véhicules - côté,,,,,,,,,,,5,2,1,1,3
200600038774,0006-07-23 19:10:00,6,7,23,19,10,350,238,"00, SALLE (BLD JEAN BAPT",,,Plein jour,En agglomération,Intersection en X,Normale,Deux véhicules - côté,,,,,,,,,,,1,2,2,1,3
200600038775,0006-07-25 15:55:00,6,7,25,15,55,350,55,"00, BREILLOU (RUE DU)",,,Plein jour,Hors agglomération,Hors intersection,Normale,Deux véhicules - arrière,,,,,,,,,,,1,1,1,1,2
200600038776,0006-07-25 17:55:00,6,7,25,17,55,350,238,"00, PORTE DES LONGS CHAM",,,Plein jour,En agglomération,Hors intersection,Normale,Deux véhicules - côté,,,,,,,,,,,1,2,1,1,3
200600038777,0006-07-25 18:20:00,6,7,25,18,20,350,238,"00, GUTENBERG",,,Plein jour,En agglomération,Hors intersection,Normale,Deux véhicules - arrière,,,,,,,,,,,1,2,1,1,2
200600038778,0006-07-25 22:05:00,6,7,25,22,5,350,55,"36, BONNIN ANDRE (AVENUE",,,Plein jour,En agglomération,Hors intersection,Normale,Sans collision,,,,,,,,,,,1,2,1,1,7
200600038779,0006-07-26 12:30:00,6,7,26,12,30,350,238,"147, LORIENT (DE)",,,Plein jour,En agglomération,Hors intersection,Normale,Deux véhicules - côté,,,,,,,,,,,1,2,1,1,3
200600038780,0006-07-26 18:00:00,6,7,26,18,0,350,238,"00, CARREL (BD ALEXIS)",,,Plein jour,En agglomération,Giratoire,Normale,Autre collision,,,,,,,,,,,1,2,6,1,6
200600038781,0006-07-26 20:55:00,6,7,26,20,55,350,238,"00, ARMORIQUE (BD D')",,,Plein jour,En agglomération,Hors intersection,Temps couvert,Autre collision,,,,,,,,,,,1,2,1,8,6
200600038782,0006-07-28 08:00:00,6,7,28,8,0,350,278,"00, RD 29",,,Plein jour,Hors agglomération,Hors intersection,Normale,Autre collision,,,,,,,,,,,1,1,1,1,6
200600038783,0006-07-28 12:20:00,6,7,28,12,20,350,238,LORIENT (DE),,,Plein jour,En agglomération,Hors intersection,Normale,Deux véhicules - côté,,,,,,,,,,,1,2,1,1,3
200600038784,0006-07-29 19:10:00,6,7,29,19,10,350,238,"00, PASTEUR (PLACE)",,,Plein jour,En agglomération,Intersection en X,Normale,Deux véhicules - côté,,,,,,,,,,,1,2,2,1,3
200600038785,0006-07-18 20:20:00,6,7,18,20,20,350,288,"000000, DEMALVILLAIN LEO",,,Plein jour,En agglomération,Hors intersection,Normale,Deux véhicules - côté,,,,,,,,,,,1,2,1,1,3
200600038786,0006-07-18 13:00:00,6,7,18,13,0,350,93,ISLE CELEE (RUE DE L'),,,Plein jour,En agglomération,Hors intersection,Normale,Deux véhicules - côté,,,,,,,,,,,1,2,1,1,3
200600038787,0006-07-18 18:20:00,6,7,18,18,20,350,288,ILE MAURICE (ROND POINT),,,Plein jour,En agglomération,Giratoire,Normale,Trois véhicules et plus - collisions multiples,,,,,,,,,,,1,2,6,1,5
200600038788,0006-07-25 14:25:00,6,7,25,14,25,350,288,FEVAL PAUL (RUE),,,Plein jour,En agglomération,Hors intersection,Normale,Deux véhicules - arrière,,,,,,,,,,,1,2,1,1,2
200600038789,0006-07-08 16:25:00,6,7,8,16,25,360,44,"0, VERDUN (AV DE)",,,Plein jour,En agglomération,Intersection en X,Normale,Deux véhicules - côté,,,,,,,,,,,1,2,2,1,3
200600038790,0006-07-27 12:45:00,6,7,27,12,45,360,44,"192, ARGENTON (AV D')",,,Plein jour,En agglomération,Hors intersection,Normale,Deux véhicules - côté,,,,,,,,,,,1,2,1,1,3
200600038791,0006-07-03 07:39:00,6,7,3,7,39,360,44,"1, MARINS (AV DES)",,,Crépuscule ou aube,En agglomération,Intersection en T,Normale,Deux véhicules - côté,,,,,,,,,,,2,2,3,1,3
200600038792,0006-07-04 18:00:00,6,7,4,18,0,360,63,"0, RN20 ROND POINT MARTI",,,Plein jour,Hors agglomération,Hors intersection,Normale,Trois véhicules et plus - en chaîne,,,,,,,,,,,1,1,1,1,4
200600038793,0006-07-05 11:52:00,6,7,5,11,52,360,44,"1, RN 20 PONT DE GIREUGN",,,Plein jour,En agglomération,Hors intersection,Normale,Sans collision,,,,,,,,,,,1,2,1,1,7
200600038794,0006-07-09 18:10:00,6,7,9,18,10,360,63,"1, RD PT FREESBEE",,,Plein jour,Hors agglomération,Giratoire,Normale,Deux véhicules - côté,,,,,,,,,,,1,1,6,1,3
200600038795,0006-07-10 08:49:00,6,7,10,8,49,360,44,"1, VELLES (RTE DE)",,,Plein jour,Hors agglomération,Hors intersection,Normale,Sans collision,,,,,,,,,,,1,1,1,1,7
200600038796,0006-07-12 17:03:00,6,7,12,17,3,360,44,", CHATELLERAULT (DE)",,,Plein jour,En agglomération,Hors intersection,Normale,Autre collision,,,,,,,,,,,1,2,1,1,6
200600038797,0006-07-13 11:55:00,6,7,13,11,55,360,44,"55, SAND (BD GEORGE)",,,Plein jour,En agglomération,Hors intersection,Normale,Autre collision,,,,,,,,,,,1,2,1,1,6
200600038798,0006-07-15 15:00:00,6,7,15,15,0,360,44,"53, LEMOINE (AV MARCEL)",,,Plein jour,En agglomération,Hors intersection,Normale,Sans collision,,,,,,,,,,,1,2,1,1,7
200600038799,0006-07-15 15:43:00,6,7,15,15,43,360,63,"1, BLOIS (ROND POINT DE)",,,Plein jour,Hors agglomération,Intersection en T,Normale,Deux véhicules - côté,,,,,,,,,,,1,1,3,1,3
200600038800,0006-07-17 13:30:00,6,7,17,13,30,360,44,PASCAL (BD BLAISE),,,Plein jour,En agglomération,Hors intersection,Normale,Deux véhicules - frontale,,,,,,,,,,,1,2,1,1,1
200600038801,0006-07-18 16:30:00,6,7,18,16,30,360,202,TOURS (ANCIENNE ROUTE DE,,,Plein jour,En agglomération,Hors intersection,Normale,Sans collision,,,,,,,,,,,1,2,1,1,7
200600038802,0006-07-19 16:01:00,6,7,19,16,1,360,63,RN20 ROND POINT MARTINER,,,Plein jour,En agglomération,Hors intersection,Normale,Deux véhicules - côté,,,,,,,,,,,1,2,1,1,3
200600038803,0006-07-19 22:20:00,6,7,19,22,20,360,44,BOURDILLON,,,Nuit avec éclairage allumé,En agglomération,Hors intersection,Normale,Sans collision,,,,,,,,,,,5,2,1,1,7
200600038804,0006-07-20 10:00:00,6,7,20,10,0,360,44,"71, MARINS (BD DES)",,,Plein jour,En agglomération,Hors intersection,Normale,Deux véhicules - côté,,,,,,,,,,,1,2,1,1,3
200600038805,0006-07-24 13:23:00,6,7,24,13,23,360,44,"2, NORMAND (BD CROIX)",,,Plein jour,En agglomération,Hors intersection,Normale,Sans collision,,,,,,,,,,,1,2,1,1,7
200600038806,0006-07-29 09:30:00,6,7,29,9,30,360,44,"0, MOULIN NEUF (BD DU)",,,Plein jour,En agglomération,Intersection en X,Normale,Deux véhicules - côté,,,,,,,,,,,1,2,2,1,3
200600038807,0006-07-24 11:10:00,6,7,24,11,10,370,122,JAURES (BOULEVARD JEAN),,,Plein jour,En agglomération,Hors intersection,Normale,Deux véhicules - côté,,,,,,,,,,,1,2,1,1,3
200600038808,0006-07-06 22:10:00,6,7,6,22,10,370,261,GRAMMONT (AVENUE DE),,,Nuit avec éclairage allumé,En agglomération,Intersection en X,Normale,Deux véhicules - côté,,,,,,,,,,,5,2,2,1,3
200600038809,0006-07-15 01:10:00,6,7,15,1,10,370,261,VERDUN (CARREFOUR DE),,,Nuit avec éclairage allumé,En agglomération,Intersection en X,Normale,Autre collision,,,,,,,,,,,5,2,2,1,6
200600038810,0006-07-12 12:25:00,6,7,12,12,25,370,261,GRAMMONT (AVENUE DE),,,Plein jour,En agglomération,Hors intersection,Normale,Autre collision,,,,,,,,,,,1,2,1,1,6
200600038811,0006-07-12 17:50:00,6,7,12,17,50,370,261,RENAULT (RUE DU GAL),,,Plein jour,En agglomération,Intersection en X,Temps éblouissant,Deux véhicules - frontale,,,,,,,,,,,1,2,2,7,1
200600038812,0006-07-03 05:25:00,6,7,3,5,25,370,233,BONNIN (AVENUE JEAN),,,Plein jour,En agglomération,Intersection en X,Normale,Deux véhicules - côté,,,,,,,,,,,1,2,2,1,3
200600038813,0006-07-07 14:15:00,6,7,7,14,15,370,122,ROUTE DE SAVONNIERES,,,Plein jour,En agglomération,Intersection en T,Normale,Deux véhicules - côté,,,,,,,,,,,1,2,3,1,3
200600038814,0006-07-17 18:20:00,6,7,17,18,20,370,261,TONNELLE (BOULEVARD),,,Plein jour,En agglomération,Hors intersection,Normale,Deux véhicules - côté,,,,,,,,,,,1,2,1,1,3
200600038815,0006-07-25 05:10:00,6,7,25,5,10,370,233,DUCLOS (AVENUE JACQUES),,,Nuit avec éclairage allumé,En agglomération,Intersection en T,Normale,Deux véhicules - frontale,,,,,,,,,,,5,2,3,1,1
200600038816,0006-07-25 05:00:00,6,7,25,5,0,370,261,PARCAY (RUE DE),,,Nuit avec éclairage allumé,En agglomération,Autre intersection,Normale,Deux véhicules - arrière,,,,,,,,,,,5,2,9,1,2
200600038817,0006-07-25 00:35:00,6,7,25,0,35,370,261,GOYA (PLACE),,,Nuit avec éclairage allumé,En agglomération,Hors intersection,Normale,Sans collision,,,,,,,,,,,5,2,1,1,7
200600038818,0006-07-25 23:55:00,6,7,25,23,55,370,261,PROUDHON (AVENUE),,,Nuit sans éclairage public,En agglomération,Intersection en X,Normale,Autre collision,,,,,,,,,,,3,2,2,1,6
200600038819,0006-07-03 17:30:00,6,7,3,17,30,380,53,ZOLA (AV EMILE),,,Plein jour,En agglomération,Intersection en T,Normale,Deux véhicules - côté,,,,,,,,,,,1,2,3,1,3
200600038820,0006-07-04 12:15:00,6,7,4,12,15,380,53,"51, JAURES (JEAN)",,,Plein jour,En agglomération,Hors intersection,Normale,Deux véhicules - côté,,,,,,,,,,,1,2,1,1,3
200600038821,0006-07-01 11:00:00,6,7,1,11,0,380,516,"00, CARRONNERIE (CARREFO",,,Plein jour,Hors agglomération,Hors intersection,Normale,Deux véhicules - côté,,,,,,,,,,,1,1,1,1,3
200600038822,0006-07-01 11:15:00,6,7,1,11,15,380,185,PAIN (BOULEVARD),,,Plein jour,En agglomération,Hors intersection,Normale,Deux véhicules - arrière,,,,,,,,,,,1,2,1,1,2
200600038823,0006-07-04 14:00:00,6,7,4,14,0,380,185,"2, PERRIERE (QUAI)",,,Plein jour,En agglomération,Hors intersection,Normale,Autre collision,,,,,,,,,,,1,2,1,1,6
200600038824,0006-07-04 12:25:00,6,7,4,12,25,380,185,"00, JAURES (COURS J.)",,,Plein jour,En agglomération,Hors intersection,Normale,Autre collision,,,,,,,,,,,1,2,1,1,6
200600038825,0006-07-04 14:30:00,6,7,4,14,30,380,151,"00, HUIT MAI 45 (AV. DU)",,,Plein jour,En agglomération,Hors intersection,Normale,Autre collision,,,,,,,,,,,1,2,1,1,6
200600038826,0006-07-04 17:10:00,6,7,4,17,10,380,185,"00, PORTE DE FRANCE (PON",,,Plein jour,En agglomération,Hors intersection,Normale,Deux véhicules - côté,,,,,,,,,,,1,2,1,1,3
200600038827,0006-07-06 05:10:00,6,7,6,5,10,380,169,BERTHOIN (RUE J.),,,Nuit avec éclairage allumé,En agglomération,Intersection en T,Normale,Deux véhicules - côté,,,,,,,,,,,5,2,3,1,3
200600038828,0006-07-06 18:15:00,6,7,6,18,15,380,185,FERJUS ST (RUE),,,Plein jour,En agglomération,Autre intersection,Normale,Autre collision,,,,,,,,,,,1,2,9,1,6
200600038829,0006-07-07 17:15:00,6,7,7,17,15,380,185,"0, VERLAINE (AVENUE P.)",,,Plein jour,En agglomération,Hors intersection,Normale,Autre collision,,,,,,,,,,,1,2,1,1,6
200600038830,0006-07-07 21:00:00,6,7,7,21,0,380,185,"66, VERCORS (RUE DU)",,,Nuit avec éclairage allumé,En agglomération,Hors intersection,Normale,Autre collision,,,,,,,,,,,5,2,1,1,6
200600038831,0006-07-08 01:00:00,6,7,8,1,0,380,151,"111, JAURES        (COUR",,,Nuit avec éclairage allumé,En agglomération,Hors intersection,Normale,Autre collision,,,,,,,,,,,5,2,1,1,6
200600038832,0006-07-09 17:45:00,6,7,9,17,45,380,185,INNSBRUCK (AVENUE) (NORD,,,Plein jour,En agglomération,Hors intersection,Normale,Autre collision,,,,,,,,,,,1,2,1,1,6
200600038833,0006-07-10 09:15:00,6,7,10,9,15,380,185,JAURES (COURS J.),,,Plein jour,En agglomération,Hors intersection,Normale,Autre collision,,,,,,,,,,,1,2,1,1,6
200600038834,0006-07-11 08:35:00,6,7,11,8,35,380,185,MALHERBE (AVENUE),,,Plein jour,En agglomération,Hors intersection,Normale,Autre collision,,,,,,,,,,,1,2,1,1,6
200600038835,0006-07-11 18:30:00,6,7,11,18,30,380,185,BLUM (AVENUE L.)(J.PERRI,,,Plein jour,En agglomération,Hors intersection,Normale,Autre collision,,,,,,,,,,,1,2,1,1,6
200600038836,0006-07-11 19:50:00,6,7,11,19,50,380,185,A.480 (AUTOROUTE),,,Plein jour,Hors agglomération,Hors intersection,Normale,Sans collision,,,,,,,,,,,1,1,1,1,7
200600038837,0006-07-12 16:45:00,6,7,12,16,45,380,179,"00, COMBE (LIEU-DIT LA)",,,Plein jour,Hors agglomération,Hors intersection,Normale,Trois véhicules et plus - collisions multiples,,,,,,,,,,,1,1,1,1,5
200600038838,0006-07-12 19:00:00,6,7,12,19,0,380,185,A.480 (AUTOROUTE),,,Plein jour,Hors agglomération,Hors intersection,Normale,Deux véhicules - côté,,,,,,,,,,,1,1,1,1,3
200600038839,0006-07-13 00:45:00,6,7,13,0,45,380,185,"00, JAURES (COURS J.)",,,Nuit avec éclairage allumé,En agglomération,Intersection en X,Pluie légère,Autre collision,,,,,,,,,,,5,2,2,2,6
200600038840,0006-07-13 14:30:00,6,7,13,14,30,380,185,"27, LIBERATION (COURS) 1",,,Plein jour,En agglomération,Hors intersection,Normale,Deux véhicules - côté,,,,,,,,,,,1,2,1,1,3
200600038841,0006-07-13 16:20:00,6,7,13,16,20,380,158,RN.87,,,Plein jour,En agglomération,Hors intersection,Normale,Trois véhicules et plus - en chaîne,,,,,,,,,,,1,2,1,1,4
200600038842,0006-07-17 08:30:00,6,7,17,8,30,380,423,"113, LECLERC (AVENUE GL.",,,Plein jour,En agglomération,Hors intersection,Normale,Deux véhicules - côté,,,,,,,,,,,1,2,1,1,3
200600038843,0006-07-17 10:15:00,6,7,17,10,15,380,169,ARGENTIERE (RUE DE L'),,,Plein jour,En agglomération,Hors intersection,Normale,Autre collision,,,,,,,,,,,1,2,1,1,6
200600038844,0006-07-18 12:10:00,6,7,18,12,10,380,185,"145, BERRIAT (COURS)",,,Plein jour,En agglomération,Hors intersection,Normale,Deux véhicules - arrière,,,,,,,,,,,1,2,1,1,2
200600038845,0006-07-18 15:25:00,6,7,18,15,25,380,185,"0, BIR HAKEIM (PLACE)",,,Plein jour,En agglomération,Hors intersection,Normale,Deux véhicules - arrière,,,,,,,,,,,1,2,1,1,2
200600038846,0006-07-19 06:15:00,6,7,19,6,15,380,185,"78 bis, PERROT (AVENUE J",,,Crépuscule ou aube,En agglomération,Autre intersection,Normale,Deux véhicules - arrière,,,,,,,,,,,2,2,9,1,2
200600038847,0006-07-19 09:15:00,6,7,19,9,15,380,185,"42, MARTYRS (AV. DES)",,,Plein jour,En agglomération,Hors intersection,Normale,Deux véhicules - arrière,,,,,,,,,,,1,2,1,1,2
200600038848,0006-07-19 10:10:00,6,7,19,10,10,380,421,"6, GALOCHERE(AV. DE LA)R",,,Plein jour,En agglomération,Hors intersection,Normale,Deux véhicules - frontale,,,,,,,,,,,1,2,1,1,1
200600038849,0006-07-20 05:50:00,6,7,20,5,50,380,185,REYNOARD (AV. M.),,,Plein jour,En agglomération,Intersection en X,Normale,Deux véhicules - côté,,,,,,,,,,,1,2,2,1,3
200600038850,0006-07-21 17:40:00,6,7,21,17,40,380,185,CONDILLAC (RUE),,,Plein jour,En agglomération,Hors intersection,Normale,Autre collision,,,,,,,,,,,1,2,1,1,6
200600038851,0006-07-25 19:50:00,6,7,25,19,50,380,185,"00, VERLAINE (AVENUE P.)",,,Plein jour,En agglomération,Hors intersection,Normale,Deux véhicules - arrière,,,,,,,,,,,1,2,1,1,2
200600038852,0006-07-25 23:15:00,6,7,25,23,15,380,185,"00, PERROT (AVENUE J.)",,,Nuit avec éclairage allumé,En agglomération,Intersection en X,Normale,Deux véhicules - côté,,,,,,,,,,,5,2,2,1,3
200600038853,0006-07-26 08:25:00,6,7,26,8,25,380,185,"00, BALZAC (RUE H. DE)",,,Plein jour,En agglomération,Hors intersection,Temps éblouissant,Autre collision,,,,,,,,,,,1,2,1,7,6
200600038854,0006-07-27 15:30:00,6,7,27,15,30,380,185,"00, GALERIE DE L'ARLEQUI",,,Plein jour,En agglomération,Hors intersection,Pluie légère,Autre collision,,,,,,,,,,,1,2,1,2,6
200600038855,0006-07-27 17:30:00,6,7,27,17,30,380,185,"00, JEUX OLYMPIQUES (AV.",,,Plein jour,En agglomération,Hors intersection,Normale,Autre collision,,,,,,,,,,,1,2,1,1,6
200600038856,0006-07-27 19:15:00,6,7,27,19,15,380,185,"45, CHORIER (RUE N.) 1 A",,,Plein jour,En agglomération,Hors intersection,Normale,Autre collision,,,,,,,,,,,1,2,1,1,6
200600038857,0006-07-29 05:45:00,6,7,29,5,45,380,185,ECHANGEUR DES SABLONS,,,Nuit avec éclairage allumé,En agglomération,Hors intersection,Pluie légère,Autre collision,,,,,,,,,,,5,2,1,2,6
200600038858,0006-07-29 14:10:00,6,7,29,14,10,380,185,"00, VIGNY (RUE ALFRED DE",,,Plein jour,En agglomération,Hors intersection,Normale,Autre collision,,,,,,,,,,,1,2,1,1,6
200600038859,0006-07-30 05:00:00,6,7,30,5,0,380,185,"26, LIBERATION (COURS) 1",,,Nuit avec éclairage allumé,En agglomération,Hors intersection,Normale,Autre collision,,,,,,,,,,,5,2,1,1,6
200600038860,0006-07-31 10:00:00,6,7,31,10,0,380,185,"00, LIBERATION (COURS)",,,Plein jour,En agglomération,Hors intersection,Normale,Autre collision,,,,,,,,,,,1,2,1,1,6
200600038861,0006-07-31 20:15:00,6,7,31,20,15,380,185,"00, FAURE (RUE E.)",,,Plein jour,En agglomération,Hors intersection,Pluie légère,Autre collision,,,,,,,,,,,1,2,1,2,6
200600038862,0006-07-03 18:35:00,6,7,3,18,35,380,544,TONY ZACCHARIE(RUE),,,Plein jour,En agglomération,Intersection en T,Normale,Autre collision,,,,,,,,,,,1,2,3,1,6
200600038863,0006-07-07 15:20:00,6,7,7,15,20,380,544,"0, VERDUN(COUR DE)",,,Plein jour,En agglomération,Intersection en X,Normale,Autre collision,,,,,,,,,,,1,2,2,1,6
200600038864,0006-07-11 00:35:00,6,7,11,0,35,380,544,"5, VERDUN(COUR DE)",,,Nuit avec éclairage allumé,En agglomération,Place,Normale,Deux véhicules - côté,,,,,,,,,,,5,2,7,1,3
200600038865,0006-07-28 08:15:00,6,7,28,8,15,380,544,CD 41,,,Plein jour,Hors agglomération,Hors intersection,Autre,Deux véhicules - frontale,,,,,,,,,,,1,1,1,9,1
200600038866,0006-07-09 20:00:00,6,7,9,20,0,380,563,"74, BECQUART-CASTELBON (",,,Plein jour,En agglomération,Hors intersection,Normale,Deux véhicules - arrière,,,,,,,,,,,1,2,1,1,2
200600038867,0006-07-10 13:45:00,6,7,10,13,45,400,279,LIBERTE (AVE DE LA),,,Plein jour,En agglomération,Hors intersection,Normale,Deux véhicules - arrière,,,,,,,,,,,1,2,1,1,2
200600038868,0006-07-21 11:20:00,6,7,21,11,20,400,88,TUILERIES (AVENUE DES),,,Plein jour,Hors agglomération,Intersection en T,Normale,Deux véhicules - côté,,,,,,,,,,,1,1,3,1,3
200600038869,0006-07-02 07:05:00,6,7,2,7,5,400,192,"3, FOCH (AV DU MARECHAL)",,,Plein jour,En agglomération,Hors intersection,Normale,Autre collision,,,,,,,,,,,1,2,1,1,6
200600038870,0006-07-05 12:15:00,6,7,5,12,15,400,281,", KENNEDY (AV DU PDT. JO",,,Plein jour,En agglomération,Intersection en T,Normale,Deux véhicules - côté,,,,,,,,,,,1,2,3,1,3
200600038871,0006-07-02 07:34:00,6,7,2,7,34,410,18,COULANGES (ALLEE DE),,,Nuit sans éclairage public,Hors agglomération,Hors intersection,Normale,Sans collision,,,,,,,,,,,3,1,1,1,7
200600038872,0006-07-05 10:50:00,6,7,5,10,50,410,18,WILSON (AVENUE DU PRESID,,,Plein jour,En agglomération,Hors intersection,Normale,Deux véhicules - arrière,,,,,,,,,,,1,2,1,1,2
200600038873,0006-07-05 18:35:00,6,7,5,18,35,410,18,COBAUDIERE (RUE),,,Plein jour,En agglomération,Hors intersection,Normale,Deux véhicules - côté,,,,,,,,,,,1,2,1,1,3
200600038874,0006-07-06 21:00:00,6,7,6,21,0,410,18,NAU (RUE ROBERT),,,Plein jour,Hors agglomération,Giratoire,Normale,Deux véhicules - côté,,,,,,,,,,,1,1,6,1,3
200600038875,0006-07-18 20:17:00,6,7,18,20,17,410,18,FENELON (RUE),,,Plein jour,En agglomération,Hors intersection,Normale,Deux véhicules - arrière,,,,,,,,,,,1,2,1,1,2
200600038876,0006-07-21 19:00:00,6,7,21,19,0,410,18,GUERRY (PLACE),,,Plein jour,En agglomération,Intersection en T,Normale,Deux véhicules - côté,,,,,,,,,,,1,2,3,1,3