accident_id,datetime,annee,mois,jour,heure,minute,departement,commune_insee,adresse,latitude,longitude,luminosite,agglomeration,intersection,meteo,collision,nb_vehicules,nb_usagers,nb_indemnes,nb_tues,nb_blesses_hosp,nb_blesses_legers,age_cond_1,age_cond_2,veh_type_cond_1,veh_type_cond_2,lum_code,agg_code,int_code,atm_code,col_code
200600038877,0006-07-22 16:00:00,6,7,22,16,0,410,18,RD200,,,Plein jour,Hors agglomération,Hors intersection,Normale,Deux véhicules - arrière,,,,,,,,,,,1,1,1,1,2
200600038878,0006-07-22 02:00:00,6,7,22,2,0,410,47,CITES UNIES (BOULEVARD D,,,Nuit avec éclairage non allumé,En agglomération,Hors intersection,Normale,Autre collision,,,,,,,,,,,4,2,1,1,6
200600038879,0006-07-24 17:45:00,6,7,24,17,45,410,47,MAUNOURY (AVENUE DE MARE,,,Plein jour,En agglomération,Hors intersection,Normale,Deux véhicules - côté,,,,,,,,,,,1,2,1,1,3
200600038880,0006-07-27 21:40:00,6,7,27,21,40,410,18,LATHAM (RUE) N° PAIRS DU,,,Plein jour,En agglomération,Hors intersection,Normale,Deux véhicules - frontale,,,,,,,,,,,1,2,1,1,1
200600038881,0006-07-22 13:55:00,6,7,22,13,55,410,269,"., BRIAND (AVENUE ARISTI",,,Plein jour,En agglomération,Intersection en T,Normale,Deux véhicules - côté,,,,,,,,,,,1,2,3,1,3
200600038882,0006-07-02 19:10:00,6,7,2,19,10,420,31,CD 108,,,Plein jour,En agglomération,Hors intersection,Normale,Deux véhicules - côté,,,,,,,,,,,1,2,1,1,3
200600038883,0006-07-03 15:40:00,6,7,3,15,40,420,44,URFE (RUE HONORE D'),,,Plein jour,En agglomération,Intersection en T,Normale,Deux véhicules - côté,,,,,,,,,,,1,2,3,1,3
200600038884,0006-07-05 11:35:00,6,7,5,11,35,420,95,"35, REPUBLIQUE (RUE DE L",,,Plein jour,En agglomération,Hors intersection,Normale,Deux véhicules - arrière,,,,,,,,,,,1,2,1,1,2
200600038885,0006-07-06 15:20:00,6,7,6,15,20,420,316,"1, CONDORCET (RUE)",,,Plein jour,En agglomération,Intersection en T,Normale,Deux véhicules - côté,,,,,,,,,,,1,2,3,1,3
200600038886,0006-07-10 18:50:00,6,7,10,18,50,420,316,CD 3,,,Plein jour,Hors agglomération,Hors intersection,Normale,Deux véhicules - frontale,,,,,,,,,,,1,1,1,1,1
200600038887,0006-07-26 18:45:00,6,7,26,18,45,420,270,GORGES (ROUTE DES) SAINT,,,Plein jour,Hors agglomération,Hors intersection,Normale,Deux véhicules - côté,,,,,,,,,,,1,1,1,1,3
200600038888,0006-07-26 08:30:00,6,7,26,8,30,420,95,"14, ABATTOIR (PLACE DE L",,,Plein jour,En agglomération,Hors intersection,Normale,Autre collision,,,,,,,,,,,1,2,1,1,6
200600038889,0006-07-19 11:13:00,6,7,19,11,13,420,147,"9, PREFECTURE (BOULEVARD",,,Plein jour,En agglomération,Intersection en T,Normale,Autre collision,,,,,,,,,,,1,2,3,1,6
200600038890,0006-07-04 14:55:00,6,7,4,14,55,420,187,"20, CLERMONT (RUE DE )",,,Plein jour,En agglomération,Intersection en T,Normale,Deux véhicules - côté,,,,,,,,,,,1,2,3,1,3
200600038891,0006-07-05 10:30:00,6,7,5,10,30,420,127,"125, BRIENNON (RT DE)",,,Plein jour,En agglomération,Hors intersection,Normale,Autre collision,,,,,,,,,,,1,2,1,1,6
200600038892,0006-07-05 22:10:00,6,7,5,22,10,420,187,"1, CLEMENT (BOULEVARD JE",,,Nuit avec éclairage allumé,En agglomération,Intersection en X,Pluie forte,Deux véhicules - arrière,,,,,,,,,,,5,2,2,3,2
200600038893,0006-07-06 00:01:00,6,7,6,0,1,420,187,"20, PARIS (AVENUE DE)",,,Nuit avec éclairage allumé,En agglomération,Intersection en X,Pluie légère,Autre collision,,,,,,,,,,,5,2,2,2,6
200600038894,0006-07-07 11:00:00,6,7,7,11,0,420,187,"1, SALENGRO (RUE ROGER)",,,Plein jour,En agglomération,Intersection en X,Normale,Deux véhicules - arrière,,,,,,,,,,,1,2,2,1,2
200600038895,0006-07-10 07:10:00,6,7,10,7,10,420,127,"1, MUSSET  RD 207 (AVENU",,,Plein jour,En agglomération,Giratoire,Normale,Sans collision,,,,,,,,,,,1,2,6,1,7
200600038896,0006-07-10 17:30:00,6,7,10,17,30,420,184,"2427, FOCH MARECHAL (RUE",,,Plein jour,En agglomération,Hors intersection,Normale,Deux véhicules - côté,,,,,,,,,,,1,2,1,1,3
200600038897,0006-07-13 09:45:00,6,7,13,9,45,420,187,"20, BARON DU MARAIS (BOU",,,Plein jour,En agglomération,Intersection à plus de 4 branches,Normale,Deux véhicules - côté,,,,,,,,,,,1,2,5,1,3
200600038898,0006-07-14 21:15:00,6,7,14,21,15,420,127,Route nationale 7,,,Plein jour,En agglomération,Giratoire,Normale,Autre collision,,,,,,,,,,,1,2,6,1,6
200600038899,0006-07-17 18:10:00,6,7,17,18,10,420,187,"20, THOMAS (RUE ALBERT)",,,Plein jour,En agglomération,Intersection en T,Normale,Deux véhicules - côté,,,,,,,,,,,1,2,3,1,3
200600038900,0006-07-18 11:05:00,6,7,18,11,5,420,187,"102, PARIS (AVENUE DE)",,,Plein jour,En agglomération,Hors intersection,Normale,Deux véhicules - arrière,,,,,,,,,,,1,2,1,1,2
200600038901,0006-07-18 12:25:00,6,7,18,12,25,420,127,"20, LIBERATION (AVENUE D",,,Plein jour,En agglomération,Intersection en X,Normale,Deux véhicules - arrière,,,,,,,,,,,1,2,2,1,2
200600038902,0006-07-19 18:20:00,6,7,19,18,20,420,127,Route nationale 7,,,Plein jour,En agglomération,Hors intersection,Normale,Sans collision,,,,,,,,,,,1,2,1,1,7
200600038903,0006-07-24 20:00:00,6,7,24,20,0,420,187,CHARLIEU (RUE DE ),,,Plein jour,En agglomération,Intersection en T,Normale,Autre collision,,,,,,,,,,,1,2,3,1,6
200600038904,0006-07-24 20:30:00,6,7,24,20,30,420,187,LYON (AVENUE DE),,,Plein jour,En agglomération,Hors intersection,Normale,Deux véhicules - côté,,,,,,,,,,,1,2,1,1,3
200600038905,0006-07-28 19:30:00,6,7,28,19,30,420,127,Route nationale 7,,,Plein jour,Hors agglomération,Hors intersection,Normale,Deux véhicules - arrière,,,,,,,,,,,1,1,1,1,2
200600038906,0006-07-13 12:15:00,6,7,13,12,15,420,207,"81, PETIN GAUDET RUE",,,Plein jour,En agglomération,Intersection en T,Normale,Deux véhicules - côté,,,,,,,,,,,1,2,3,1,3
200600038907,0006-07-03 06:15:00,6,7,3,6,15,420,218,PRESSENCE FRANCIS DE,,,Crépuscule ou aube,En agglomération,Intersection en X,Normale,Deux véhicules - côté,,,,,,,,,,,2,2,2,1,3
200600038908,0006-07-04 19:00:00,6,7,4,19,0,420,218,"1, Parking ""Go Sport""",,,Plein jour,Hors agglomération,Hors intersection,Normale,Deux véhicules - côté,,,,,,,,,,,1,1,1,1,3
200600038909,0006-07-04 15:03:00,6,7,4,15,3,420,218,"000000001, LYON",,,Plein jour,En agglomération,Intersection en Y,Normale,Deux véhicules - côté,,,,,,,,,,,1,2,4,1,3
200600038910,0006-07-05 23:30:00,6,7,5,23,30,420,218,BALAY A PARTIR GARE CARN,,,Nuit avec éclairage allumé,En agglomération,Hors intersection,Temps couvert,Autre collision,,,,,,,,,,,5,2,1,8,6
200600038911,0006-07-09 07:04:00,6,7,9,7,4,420,189,BRAILLE LOUIS (BOULEVARD,,,Plein jour,En agglomération,Hors intersection,Normale,Deux véhicules - arrière,,,,,,,,,,,1,2,1,1,2
200600038912,0006-07-09 19:20:00,6,7,9,19,20,420,189,"2, LECLERC MARECHAL (BOU",,,Plein jour,En agglomération,Giratoire,Normale,Deux véhicules - côté,,,,,,,,,,,1,2,6,1,3
200600038913,0006-07-10 10:30:00,6,7,10,10,30,420,218,"12, JABOULAY EMILE",,,Plein jour,En agglomération,Hors intersection,Normale,Autre collision,,,,,,,,,,,1,2,1,1,6
200600038914,0006-07-11 15:50:00,6,7,11,15,50,420,218,"19, POURCEL ALEXANDRE JU",,,Plein jour,En agglomération,Hors intersection,Normale,Autre collision,,,,,,,,,,,1,2,1,1,6
200600038915,0006-07-11 11:53:00,6,7,11,11,53,420,218,"38, FAURIAT (BOULEVARD)",,,Plein jour,En agglomération,Intersection en T,Normale,Deux véhicules - côté,,,,,,,,,,,1,2,3,1,3
200600038916,0006-07-12 05:42:00,6,7,12,5,42,420,218,GRIS DE LIN (DU),,,Crépuscule ou aube,En agglomération,Intersection en X,Normale,Deux véhicules - frontale,,,,,,,,,,,2,2,2,1,1
200600038917,0006-07-13 06:00:00,6,7,13,6,0,420,218,"00000001, LYON",,,Plein jour,En agglomération,Intersection en T,Normale,Deux véhicules - côté,,,,,,,,,,,1,2,3,1,3
200600038918,0006-07-13 13:55:00,6,7,13,13,55,420,218,JANIN JULES (BD) A PARTI,,,Plein jour,En agglomération,Intersection à plus de 4 branches,Normale,Deux véhicules - côté,,,,,,,,,,,1,2,5,1,3
200600038919,0006-07-14 22:20:00,6,7,14,22,20,420,218,THIERRY AUGUSTIN (BD) JU,,,Nuit avec éclairage allumé,En agglomération,Intersection en X,Pluie forte,Deux véhicules - côté,,,,,,,,,,,5,2,2,3,3
200600038920,0006-07-15 08:13:00,6,7,15,8,13,420,218,MUSSET ALFRED DE (BD) JU,,,Plein jour,En agglomération,Intersection en X,Normale,Deux véhicules - côté,,,,,,,,,,,1,2,2,1,3
200600038921,0006-07-15 18:30:00,6,7,15,18,30,420,218,"10, RICHARD",,,Plein jour,En agglomération,Intersection en X,Normale,Deux véhicules - côté,,,,,,,,,,,1,2,2,1,3
200600038922,0006-07-27 08:40:00,6,7,27,8,40,420,223,"0000000001, MONTBRISON",,,Plein jour,En agglomération,Intersection en T,Normale,Sans collision,,,,,,,,,,,1,2,3,1,7
200600038923,0006-07-27 13:05:00,6,7,27,13,5,420,218,"42, TERRENOIRE (DE) A PA",,,Plein jour,En agglomération,Hors intersection,Normale,Deux véhicules - arrière,,,,,,,,,,,1,2,1,1,2
200600038924,0006-07-27 18:50:00,6,7,27,18,50,420,218,DURAFOUR ANTOINE A PARTI,,,Plein jour,En agglomération,Hors intersection,Normale,Autre collision,,,,,,,,,,,1,2,1,1,6
200600038925,0006-07-27 21:20:00,6,7,27,21,20,420,218,"36, MALON BENOIT",,,Crépuscule ou aube,En agglomération,Hors intersection,Normale,Autre collision,,,,,,,,,,,2,2,1,1,6
200600038926,0006-07-19 13:22:00,6,7,19,13,22,420,330,"1, MONTRAVEL (CHEMIN)",,,Plein jour,En agglomération,Hors intersection,Normale,Deux véhicules - frontale,,,,,,,,,,,1,2,1,1,1
200600038927,0006-07-20 07:27:00,6,7,20,7,27,420,218,"26, JANIN JULES (BD) JUS",,,Plein jour,En agglomération,Hors intersection,Normale,Deux véhicules - arrière,,,,,,,,,,,1,2,1,1,2
200600038928,0006-07-20 17:30:00,6,7,20,17,30,420,218,"30, BEAUBRUN",,,Plein jour,En agglomération,Hors intersection,Normale,Trois véhicules et plus - collisions multiples,,,,,,,,,,,1,2,1,1,5
200600038929,0006-07-22 13:25:00,6,7,22,13,25,420,218,"72, ALLIES JUSQU'AUX N°",,,Plein jour,En agglomération,Hors intersection,Normale,Autre collision,,,,,,,,,,,1,2,1,1,6
200600038930,0006-07-23 02:20:00,6,7,23,2,20,420,218,MUSSET ALFRED DE (BD) JU,,,Nuit avec éclairage allumé,En agglomération,Intersection en X,Normale,Deux véhicules - côté,,,,,,,,,,,5,2,2,1,3
200600038931,0006-07-30 22:50:00,6,7,30,22,50,420,218,"125, VIVALDI ANTONIO (BO",,,Nuit avec éclairage non allumé,En agglomération,Hors intersection,Normale,Deux véhicules - arrière,,,,,,,,,,,4,2,1,1,2
200600038932,0006-07-01 04:07:00,6,7,1,4,7,430,157,"15, REPUBLIQUE (BD DE LA",,,Nuit avec éclairage allumé,En agglomération,Hors intersection,Normale,Autre collision,,,,,,,,,,,5,2,1,1,6
200600038933,0006-07-03 06:20:00,6,7,3,6,20,430,157,88 (ROUTE NATIONALE),,,Crépuscule ou aube,Hors agglomération,Hors intersection,Normale,Deux véhicules - frontale,,,,,,,,,,,2,1,1,1,1
200600038934,0006-07-06 17:15:00,6,7,6,17,15,430,251,"02, MASSOT (RUE CHARLES)",,,Plein jour,En agglomération,Hors intersection,Pluie forte,Autre collision,,,,,,,,,,,1,2,1,3,6
200600038935,0006-07-25 18:30:00,6,7,25,18,30,430,89,"52, MAIRIE (AVENUE DE LA",,,Plein jour,En agglomération,Hors intersection,Normale,Trois véhicules et plus - en chaîne,,,,,,,,,,,1,2,1,1,4
200600038936,0006-07-03 09:18:00,6,7,3,9,18,440,132,GUERANDE (ROUTE DE),,,Plein jour,En agglomération,Intersection en X,Normale,Deux véhicules - frontale,,,,,,,,,,,1,2,2,1,1
200600038937,0006-07-03 14:35:00,6,7,3,14,35,440,55,OCÉAN ( BOULEVARD DE L',,,Plein jour,En agglomération,Intersection en T,Normale,Deux véhicules - côté,,,,,,,,,,,1,2,3,1,3
200600038938,0006-07-04 11:55:00,6,7,4,11,55,440,132,PORT (BOULEVARD DU),,,Plein jour,En agglomération,Hors intersection,Normale,Sans collision,,,,,,,,,,,1,2,1,1,7
200600038939,0006-07-11 17:00:00,6,7,11,17,0,440,55,ANDRÉ ( ESPLANADE FRANÇO,,,Plein jour,En agglomération,Hors intersection,Normale,Deux véhicules - arrière,,,,,,,,,,,1,2,1,1,2
200600038940,0006-07-04 17:40:00,6,7,4,17,40,440,55,HALLALI ( AVENUE DE L' ),,,Plein jour,En agglomération,Hors intersection,Normale,Sans collision,,,,,,,,,,,1,2,1,1,7
200600038941,0006-07-07 14:59:00,6,7,7,14,59,440,132,"32, OCEANIDES (BOULEVARD",,,Plein jour,En agglomération,Hors intersection,Normale,Autre collision,,,,,,,,,,,1,2,1,1,6
200600038942,0006-07-08 00:01:00,6,7,8,0,1,440,132,"70, SAINT SEBASTIEN (AVE",,,Nuit avec éclairage allumé,En agglomération,Hors intersection,Normale,Deux véhicules - côté,,,,,,,,,,,5,2,1,1,3
200600038943,0006-07-08 05:55:00,6,7,8,5,55,440,55,KORRIGANE ( ALLÉE DE LA,,,Crépuscule ou aube,En agglomération,Intersection en X,Normale,Deux véhicules - arrière,,,,,,,,,,,2,2,2,1,2
200600038944,0006-07-13 05:20:00,6,7,13,5,20,440,55,RN 171,,,Crépuscule ou aube,Hors agglomération,Hors intersection,Normale,Deux véhicules - arrière,,,,,,,,,,,2,1,1,1,2
200600038945,0006-07-13 15:16:00,6,7,13,15,16,440,135,LLANTWIT-MAJOR ( AVENUE,,,Plein jour,En agglomération,Hors intersection,Normale,Deux véhicules - arrière,,,,,,,,,,,1,2,1,1,2
200600038946,0006-07-13 17:50:00,6,7,13,17,50,440,55,"32, ETOILE ( AVENUE DE L",,,Plein jour,En agglomération,Hors intersection,Normale,Deux véhicules - côté,,,,,,,,,,,1,2,1,1,3
200600038947,0006-07-13 21:00:00,6,7,13,21,0,440,55,KER RIVAUD ( ROUTE DE ),,,Plein jour,En agglomération,Hors intersection,Normale,Deux véhicules - arrière,,,,,,,,,,,1,2,1,1,2
200600038948,0006-07-14 02:05:00,6,7,14,2,5,440,135,LABÉGO ( BOULEVARD DU ),,,Nuit avec éclairage allumé,En agglomération,Hors intersection,Normale,Autre collision,,,,,,,,,,,5,2,1,1,6
200600038949,0006-07-14 13:00:00,6,7,14,13,0,440,55,BERTHO ( RUE HENRI ),,,Plein jour,En agglomération,Hors intersection,Normale,Sans collision,,,,,,,,,,,1,2,1,1,7
200600038950,0006-07-14 17:39:00,6,7,14,17,39,440,55,AULNES ( ALLÉE DES ),,,Plein jour,En agglomération,Hors intersection,Normale,Deux véhicules - côté,,,,,,,,,,,1,2,1,1,3
200600038951,0006-07-15 06:30:00,6,7,15,6,30,440,55,BERTHO ( RUE HENRI ),,,Crépuscule ou aube,En agglomération,Hors intersection,Normale,Sans collision,,,,,,,,,,,2,2,1,1,7
200600038952,0006-07-16 10:05:00,6,7,16,10,5,440,55,LATTRE DE TASSIGNY ( AVE,,,Plein jour,En agglomération,Hors intersection,Normale,Deux véhicules - arrière,,,,,,,,,,,1,2,1,1,2
200600038953,0006-07-16 22:25:00,6,7,16,22,25,440,55,TOURANGELLE ( AVENUE DE,,,Nuit avec éclairage non allumé,En agglomération,Intersection en X,Normale,Deux véhicules - côté,,,,,,,,,,,4,2,2,1,3
200600038954,0006-07-17 08:30:00,6,7,17,8,30,440,135,ATLANTIQUE ( BOULEVARD D,,,Crépuscule ou aube,En agglomération,Hors intersection,Normale,Sans collision,,,,,,,,,,,2,2,1,1,7
200600038955,0006-07-19 14:10:00,6,7,19,14,10,440,55,LYON ( AVENUE DE ),,,Plein jour,En agglomération,Hors intersection,Normale,Sans collision,,,,,,,,,,,1,2,1,1,7
200600038956,0006-07-21 19:45:00,6,7,21,19,45,440,55,JOFFRE ( AVENUE ),,,Plein jour,En agglomération,Hors intersection,Normale,Deux véhicules - côté,,,,,,,,,,,1,2,1,1,3
200600038957,0006-07-25 20:20:00,6,7,25,20,20,440,55,NERVO ( AVENUE DU CDT. P,,,Plein jour,En agglomération,Intersection en X,Normale,Deux véhicules - côté,,,,,,,,,,,1,2,2,1,3
200600038958,0006-07-26 19:45:00,6,7,26,19,45,440,132,GAULLE (AVENUE DU GÉNÉRA,,,Plein jour,En agglomération,Hors intersection,Normale,Deux véhicules - arrière,,,,,,,,,,,1,2,1,1,2
200600038959,0006-07-28 20:00:00,6,7,28,20,0,440,132,"80, BRIQUETERIE (ROUTE D",,,Plein jour,En agglomération,Hors intersection,Normale,Deux véhicules - côté,,,,,,,,,,,1,2,1,1,3
200600038960,0006-07-28 21:05:00,6,7,28,21,5,440,132,PONT SAILLANT (CHEMIN DU,,,Plein jour,Hors agglomération,Hors intersection,Normale,Sans collision,,,,,,,,,,,1,1,1,1,7
200600038961,0006-07-01 11:55:00,6,7,1,11,55,440,109,RUE CASIMIR PERIER,,,Plein jour,En agglomération,Intersection en T,Normale,Autre collision,,,,,,,,,,,1,2,3,1,6
200600038962,0006-07-03 09:50:00,6,7,3,9,50,440,143,RUE CHARLES RIVIERE,,,Plein jour,En agglomération,Intersection en X,Pluie légère,Autre collision,,,,,,,,,,,1,2,2,2,6
200600038963,0006-07-03 17:10:00,6,7,3,17,10,440,143,RUE DES CHEVALIERS,,,Plein jour,En agglomération,Hors intersection,Normale,Autre collision,,,,,,,,,,,1,2,1,1,6
200600038964,0006-07-03 08:10:00,6,7,3,8,10,440,109,"5, RUE DE STRASBOURG",,,Plein jour,En agglomération,Hors intersection,Temps couvert,Autre collision,,,,,,,,,,,1,2,1,8,6
200600038965,0006-07-03 17:10:00,6,7,3,17,10,440,109,CHAUSSEE DE LA MADELEINE,,,Plein jour,En agglomération,Intersection en T,Normale,Autre collision,,,,,,,,,,,1,2,3,1,6
200600038966,0006-07-03 17:15:00,6,7,3,17,15,440,162,"0, AVENUE DE BEAUREGARD",,,Plein jour,En agglomération,Giratoire,Normale,Autre collision,,,,,,,,,,,1,2,6,1,6
200600038967,0006-07-04 17:00:00,6,7,4,17,0,440,109,"76 bis, BOULEVARD LELASS",,,Plein jour,En agglomération,Hors intersection,Normale,Autre collision,,,,,,,,,,,1,2,1,1,6
200600038968,0006-07-04 16:10:00,6,7,4,16,10,440,109,PONT DE CHEVIRE,,,Plein jour,Hors agglomération,Hors intersection,Normale,Autre collision,,,,,,,,,,,1,1,1,1,6
200600038969,0006-07-05 17:15:00,6,7,5,17,15,440,109,"0, BOULEVARD DE L'EGALIT",,,Plein jour,En agglomération,Intersection en X,Normale,Deux véhicules - côté,,,,,,,,,,,1,2,2,1,3
200600038970,0006-07-05 17:45:00,6,7,5,17,45,440,109,"1, QUAI DE LA FOSSE",,,Plein jour,En agglomération,Hors intersection,Normale,Autre collision,,,,,,,,,,,1,2,1,1,6
200600038971,0006-07-05 18:55:00,6,7,5,18,55,440,109,"., ROUTE DE PARIS",,,Plein jour,En agglomération,Hors intersection,Normale,Deux véhicules - arrière,,,,,,,,,,,1,2,1,1,2
200600038972,0006-07-06 06:20:00,6,7,6,6,20,440,109,BOULEVARD LUC OLIVIER ME,,,Plein jour,En agglomération,Hors intersection,Normale,Autre collision,,,,,,,,,,,1,2,1,1,6
200600038973,0006-07-04 19:30:00,6,7,4,19,30,440,143,"52, JOUAUD (RUE MAURICE)",,,Plein jour,En agglomération,Intersection en T,Normale,Autre collision,,,,,,,,,,,1,2,3,1,6
200600038974,0006-07-05 18:05:00,6,7,5,18,5,440,109,"00, RUE DE LA DORDOGNE",,,Plein jour,En agglomération,Hors intersection,Normale,Autre collision,,,,,,,,,,,1,2,1,1,6
200600038975,0006-07-06 22:40:00,6,7,6,22,40,440,109,"0, ROUTE DE PARIS",,,Nuit avec éclairage allumé,En agglomération,Intersection en X,Normale,Deux véhicules - côté,,,,,,,,,,,5,2,2,1,3
200600038976,0006-07-06 20:20:00,6,7,6,20,20,440,109,"00, RUE DES PLATANES",,,Crépuscule ou aube,En agglomération,Hors intersection,Normale,Autre collision,,,,,,,,,,,2,2,1,1,6
200600038977,0006-07-06 13:30:00,6,7,6,13,30,440,109,"., ROUTE DE SAINT JOSEPH",,,Plein jour,En agglomération,Intersection en T,Normale,Deux véhicules - côté,,,,,,,,,,,1,2,3,1,3
200600038978,0006-07-09 22:55:00,6,7,9,22,55,440,109,"25, CHAUSSEE DE LA MADEL",,,Nuit avec éclairage allumé,En agglomération,Hors intersection,Normale,Autre collision,,,,,,,,,,,5,2,1,1,6
200600038979,0006-07-08 20:20:00,6,7,8,20,20,440,109,"00, BOULEVARD PASTEUR",,,Plein jour,En agglomération,Intersection en T,Normale,Deux véhicules - côté,,,,,,,,,,,1,2,3,1,3
200600038980,0006-07-08 19:30:00,6,7,8,19,30,440,109,"1, RUE SANTOS DUMONT",,,Plein jour,En agglomération,Hors intersection,Normale,Autre collision,,,,,,,,,,,1,2,1,1,6
200600038981,0006-07-10 09:50:00,6,7,10,9,50,440,109,PLACE PIRMIL,,,Plein jour,En agglomération,Hors intersection,Normale,Autre collision,,,,,,,,,,,1,2,1,1,6
200600038982,0006-07-10 16:15:00,6,7,10,16,15,440,162,BOULEVARD SALVADOR ALLEN,,,Plein jour,En agglomération,Hors intersection,Normale,Autre collision,,,,,,,,,,,1,2,1,1,6
200600038983,0006-07-12 19:15:00,6,7,12,19,15,440,109,"0, RUE DES PAVILLONS",,,Plein jour,En agglomération,Intersection en X,Normale,Deux véhicules - côté,,,,,,,,,,,1,2,2,1,3
200600038984,0006-07-13 11:05:00,6,7,13,11,5,440,109,"00, PLACE ARISTIDE BRIAN",,,Plein jour,En agglomération,Hors intersection,Normale,Deux véhicules - côté,,,,,,,,,,,1,2,1,1,3
200600038985,0006-07-07 14:45:00,6,7,7,14,45,440,109,RUE DES PAVILLONS,,,Plein jour,En agglomération,Intersection en T,Normale,Autre collision,,,,,,,,,,,1,2,3,1,6
200600038986,0006-07-14 06:00:00,6,7,14,6,0,440,109,"36, RUE GEORGE SAND",,,Crépuscule ou aube,En agglomération,Hors intersection,Normale,Autre collision,,,,,,,,,,,2,2,1,1,6
200600038987,0006-07-15 18:40:00,6,7,15,18,40,440,109,"1, RUE PAUL BELLAMY",,,Plein jour,En agglomération,Giratoire,Normale,Deux véhicules - côté,,,,,,,,,,,1,2,6,1,3
200600038988,0006-07-15 16:20:00,6,7,15,16,20,440,109,PONT DE LA ROTONDE,,,Plein jour,En agglomération,Hors intersection,Normale,Deux véhicules - côté,,,,,,,,,,,1,2,1,1,3
200600038989,0006-07-16 16:45:00,6,7,16,16,45,440,109,"0, PLACE VIARME",,,Plein jour,En agglomération,Hors intersection,Normale,Autre collision,,,,,,,,,,,1,2,1,1,6
200600038990,0006-07-15 17:30:00,6,7,15,17,30,440,109,ROUTE DE CARQUEFOU,,,Plein jour,En agglomération,Giratoire,Normale,Autre collision,,,,,,,,,,,1,2,6,1,6
200600038991,0006-07-18 09:40:00,6,7,18,9,40,440,109,", BOULEVARD LELASSEUR",,,Plein jour,En agglomération,Giratoire,Normale,Deux véhicules - côté,,,,,,,,,,,1,2,6,1,3
200600038992,0006-07-18 07:15:00,6,7,18,7,15,440,162,"1, BOULEVARD DU MASSACRE",,,Plein jour,En agglomération,Giratoire,Normale,Deux véhicules - côté,,,,,,,,,,,1,2,6,1,3
200600038993,0006-07-19 07:55:00,6,7,19,7,55,440,109,"91, RUE PAUL BELLAMY",,,Plein jour,En agglomération,Hors intersection,Normale,Autre collision,,,,,,,,,,,1,2,1,1,6
200600038994,0006-07-18 12:25:00,6,7,18,12,25,440,109,RUE ALPHONSE GAUTTE,,,Plein jour,En agglomération,Intersection en X,Normale,Autre collision,,,,,,,,,,,1,2,2,1,6
200600038995,0006-07-19 19:00:00,6,7,19,19,0,440,143,"45, RUE CHARLES RIVIERE",,,Plein jour,En agglomération,Hors intersection,Normale,Sans collision,,,,,,,,,,,1,2,1,1,7
200600038996,0006-07-21 19:40:00,6,7,21,19,40,440,109,RUE GEOFFROY DROUET,,,Plein jour,Hors agglomération,Intersection en X,Normale,Deux véhicules - côté,,,,,,,,,,,1,1,2,1,3
200600038997,0006-07-22 10:24:00,6,7,22,10,24,440,109,RUE DU POITOU,,,Plein jour,En agglomération,Hors intersection,Normale,Autre collision,,,,,,,,,,,1,2,1,1,6
200600038998,0006-07-21 17:30:00,6,7,21,17,30,440,109,"8, RUE DU MOULIN NEUF",,,Plein jour,En agglomération,Hors intersection,Normale,Autre collision,,,,,,,,,,,1,2,1,1,6
200600038999,0006-07-23 11:15:00,6,7,23,11,15,440,114,"134, AVENUE FELIX VINCEN",,,Plein jour,En agglomération,Intersection en T,Normale,Deux véhicules - côté,,,,,,,,,,,1,2,3,1,3
200600039000,0006-07-24 23:35:00,6,7,24,23,35,440,20,PERIPHERIQUE SUD,,,Nuit avec éclairage allumé,Hors agglomération,Hors intersection,Normale,Autre collision,,,,,,,,,,,5,1,1,1,6
200600039001,0006-07-21 14:50:00,6,7,21,14,50,440,109,BOULEVARD DU TERTRE,,,Plein jour,En agglomération,Intersection en X,Normale,Autre collision,,,,,,,,,,,1,2,2,1,6
200600039002,0006-07-25 09:22:00,6,7,25,9,22,440,162,"1, AVENUE DES NAUDIERES",,,Plein jour,En agglomération,Giratoire,Normale,Deux véhicules - côté,,,,,,,,,,,1,2,6,1,3
200600039003,0006-07-26 16:30:00,6,7,26,16,30,440,109,"., PONT GENERAL AUDIBERT",,,Plein jour,En agglomération,Hors intersection,Normale,Deux véhicules - arrière,,,,,,,,,,,1,2,1,1,2
200600039004,0006-07-26 17:25:00,6,7,26,17,25,440,215,"484, ROUTE DE CLISSON",,,Plein jour,En agglomération,Intersection en X,Normale,Trois véhicules et plus - en chaîne,,,,,,,,,,,1,2,2,1,4
200600039005,0006-07-27 13:50:00,6,7,27,13,50,440,109,ALLEE DUQUESNE,,,Plein jour,En agglomération,Hors intersection,Normale,Autre collision,,,,,,,,,,,1,2,1,1,6
200600039006,0006-07-27 13:30:00,6,7,27,13,30,440,109,COURS OLIVIER DE CLISSON,,,Plein jour,En agglomération,Giratoire,Normale,Deux véhicules - côté,,,,,,,,,,,1,2,6,1,3
200600039007,0006-07-27 20:30:00,6,7,27,20,30,440,109,BOULEVARD DE L'EGALITE,,,Plein jour,En agglomération,Place,Normale,Trois véhicules et plus - en chaîne,,,,,,,,,,,1,2,7,1,4
200600039008,0006-07-26 22:10:00,6,7,26,22,10,440,109,LADMIRAULT (PL),,,Plein jour,Hors agglomération,Hors intersection,Normale,Deux véhicules - côté,,,,,,,,,,,1,1,1,1,3
200600039009,0006-07-28 10:00:00,6,7,28,10,0,440,109,"89, VERTOU ( ROUTE DE )",,,Plein jour,En agglomération,Intersection en X,Normale,Deux véhicules - côté,,,,,,,,,,,1,2,2,1,3
200600039010,0006-07-28 23:45:00,6,7,28,23,45,440,109,"1, BOULEVARD PROFESSEUR",,,Nuit avec éclairage allumé,En agglomération,Hors intersection,Normale,Autre collision,,,,,,,,,,,5,2,1,1,6
200600039011,0006-07-31 20:44:00,6,7,31,20,44,440,109,RUE DE LA GRANGE AU LOUP,,,Crépuscule ou aube,En agglomération,Intersection en T,Pluie légère,Autre collision,,,,,,,,,,,2,2,3,2,6