accident_id,datetime,annee,mois,jour,heure,minute,departement,commune_insee,adresse,latitude,longitude,luminosite,agglomeration,intersection,meteo,collision,nb_vehicules,nb_usagers,nb_indemnes,nb_tues,nb_blesses_hosp,nb_blesses_legers,age_cond_1,age_cond_2,veh_type_cond_1,veh_type_cond_2,lum_code,agg_code,int_code,atm_code,col_code
200600039414,0006-07-02 02:55:00,6,7,2,2,55,590,650,DELECOURT (RUE ALFRED),,,Nuit avec éclairage allumé,En agglomération,Hors intersection,Normale,Autre collision,,,,,,,,,,,5,2,1,1,6
200600039415,0006-07-01 23:10:00,6,7,1,23,10,590,512,TOURNAI (RUE DE),,,Nuit avec éclairage allumé,En agglomération,Hors intersection,Normale,Autre collision,,,,,,,,,,,5,2,1,1,6
200600039416,0006-07-01 04:45:00,6,7,1,4,45,590,646,GRAND COTTIGNIES (AVENUE,,,Nuit avec éclairage allumé,En agglomération,Intersection en X,Normale,Autre collision,,,,,,,,,,,5,2,2,1,6
200600039417,0006-07-01 18:06:00,6,7,1,18,6,590,367,JAURES (RUE JEAN),,,Plein jour,En agglomération,Intersection en T,Normale,Deux véhicules - frontale,,,,,,,,,,,1,2,3,1,1
200600039418,0006-07-09 21:30:00,6,7,9,21,30,590,646,GRAND COTTIGNIES (AVENUE,,,Nuit avec éclairage allumé,En agglomération,Autre intersection,Normale,Autre collision,,,,,,,,,,,5,2,9,1,6
200600039419,0006-07-11 20:00:00,6,7,11,20,0,590,512,EPEULE  (RUE DE L'),,,Plein jour,En agglomération,Intersection en T,Normale,Autre collision,,,,,,,,,,,1,2,3,1,6
200600039420,0006-07-12 08:30:00,6,7,12,8,30,590,650,BASANOS (RUE DES),,,Plein jour,En agglomération,Intersection en T,Normale,Autre collision,,,,,,,,,,,1,2,3,1,6
200600039421,0006-07-17 14:20:00,6,7,17,14,20,590,646,MOLINEL (RUE DU),,,Plein jour,En agglomération,Intersection en X,Normale,Deux véhicules - côté,,,,,,,,,,,1,2,2,1,3
200600039422,0006-07-16 11:50:00,6,7,16,11,50,590,512,LORIENT (QUAI DE),,,Plein jour,En agglomération,Intersection en X,Normale,Deux véhicules - côté,,,,,,,,,,,1,2,2,1,3
200600039423,0006-07-17 16:55:00,6,7,17,16,55,590,512,TRICHON (PLACE DU),,,Plein jour,En agglomération,Intersection en X,Normale,Deux véhicules - côté,,,,,,,,,,,1,2,2,1,3
200600039424,0006-07-15 08:00:00,6,7,15,8,0,590,512,BELFORT (BOULEVARD DE),,,Plein jour,En agglomération,Hors intersection,Normale,Autre collision,,,,,,,,,,,1,2,1,1,6
200600039425,0006-07-14 18:15:00,6,7,14,18,15,590,512,DE ROUBAIX (RUE PIERRE),,,Plein jour,En agglomération,Hors intersection,Normale,Autre collision,,,,,,,,,,,1,2,1,1,6
200600039426,0006-07-07 19:45:00,6,7,7,19,45,590,650,DELORY (RUE GUSTAVE),,,Plein jour,En agglomération,Intersection en X,Normale,Deux véhicules - côté,,,,,,,,,,,1,2,2,1,3
200600039427,0006-07-14 17:25:00,6,7,14,17,25,590,512,LINNE ( AVENUE),,,Plein jour,En agglomération,Hors intersection,Normale,Deux véhicules - arrière,,,,,,,,,,,1,2,1,1,2
200600039428,0006-07-20 16:55:00,6,7,20,16,55,590,163,JAURES (RUE JEAN),,,Plein jour,En agglomération,Intersection en T,Normale,Autre collision,,,,,,,,,,,1,2,3,1,6
200600039429,0006-07-24 09:15:00,6,7,24,9,15,590,299,RIBOT (RUE ALEXANDRE),,,Plein jour,En agglomération,Intersection en X,Normale,Trois véhicules et plus - en chaîne,,,,,,,,,,,1,2,2,1,4
200600039430,0006-07-24 15:50:00,6,7,24,15,50,590,646,GRAND COTTIGNIES (AVENUE,,,Plein jour,Hors agglomération,Autre intersection,Normale,Deux véhicules - côté,,,,,,,,,,,1,1,9,1,3
200600039431,0006-07-21 11:50:00,6,7,21,11,50,590,650,LEBAS (RUE JEAN BAPTISTE,,,Plein jour,En agglomération,Intersection en X,Normale,Deux véhicules - arrière,,,,,,,,,,,1,2,2,1,2
200600039432,0006-07-13 17:50:00,6,7,13,17,50,590,512,LANNOY (RUE DE ),,,Plein jour,En agglomération,Hors intersection,Normale,Deux véhicules - arrière,,,,,,,,,,,1,2,1,1,2
200600039433,0006-07-20 14:45:00,6,7,20,14,45,590,650,DUTILLEUL (IMPASSE),,,Plein jour,En agglomération,Intersection en X,Normale,Deux véhicules - côté,,,,,,,,,,,1,2,2,1,3
200600039434,0006-07-27 09:50:00,6,7,27,9,50,590,512,COGGHE (RUE REMY),,,Plein jour,En agglomération,Hors intersection,Normale,Deux véhicules - côté,,,,,,,,,,,1,2,1,1,3
200600039435,0006-07-13 18:55:00,6,7,13,18,55,590,646,GRAND COTTIGNIES (AVENUE,,,Plein jour,En agglomération,Hors intersection,Normale,Trois véhicules et plus - en chaîne,,,,,,,,,,,1,2,1,1,4
200600039436,0006-07-22 14:40:00,6,7,22,14,40,590,512,DE ROUBAIX (RUE PIERRE),,,Plein jour,En agglomération,Hors intersection,Normale,Deux véhicules - côté,,,,,,,,,,,1,2,1,1,3
200600039437,0006-07-28 22:00:00,6,7,28,22,0,590,512,ROCROI (RUE DE),,,Nuit avec éclairage allumé,En agglomération,Intersection en X,Normale,Autre collision,,,,,,,,,,,5,2,2,1,6
200600039438,0006-07-26 08:15:00,6,7,26,8,15,590,650,LEERS (RUE DE),,,Plein jour,En agglomération,Intersection en T,Normale,Deux véhicules - côté,,,,,,,,,,,1,2,3,1,3
200600039439,0006-07-17 19:45:00,6,7,17,19,45,590,512,LACORDAIRE,,,Plein jour,En agglomération,Hors intersection,Normale,Deux véhicules - côté,,,,,,,,,,,1,2,1,1,3
200600039440,0006-07-14 08:00:00,6,7,14,8,0,590,512,GAND (QUAI DE),,,Plein jour,En agglomération,Intersection en X,Normale,Deux véhicules - côté,,,,,,,,,,,1,2,2,1,3
200600039441,0006-07-28 13:20:00,6,7,28,13,20,590,367,MONTOIS (LIEUDIT LE),,,Plein jour,En agglomération,Autre intersection,Normale,Deux véhicules - côté,,,,,,,,,,,1,2,9,1,3
200600039442,0006-07-31 08:15:00,6,7,31,8,15,590,512,BLANCHEMAILLE (RUE DE),,,Plein jour,En agglomération,Hors intersection,Normale,Autre collision,,,,,,,,,,,1,2,1,1,6
200600039443,0006-07-01 08:10:00,6,7,1,8,10,590,352,", QUESNOY (RUE)",,,Plein jour,Hors agglomération,Intersection en X,Temps éblouissant,Deux véhicules - côté,,,,,,,,,,,1,1,2,7,3
200600039444,0006-07-01 23:25:00,6,7,1,23,25,590,508,"338, LILLE (RUE DE)MENIN",,,Nuit avec éclairage allumé,En agglomération,Hors intersection,Normale,Autre collision,,,,,,,,,,,5,2,1,1,6
200600039445,0006-07-02 10:35:00,6,7,2,10,35,590,599,HALLUIN (BOULEVARD D'),,,Plein jour,En agglomération,Intersection en X,Normale,Deux véhicules - côté,,,,,,,,,,,1,2,2,1,3
200600039446,0006-07-05 16:25:00,6,7,5,16,25,590,90,WAMBRECHIES (AVENUE),,,Plein jour,En agglomération,Intersection en T,Normale,Deux véhicules - côté,,,,,,,,,,,1,2,3,1,3
200600039447,0006-07-04 17:00:00,6,7,4,17,0,590,426,VERTUQUET (RUE DU),,,Plein jour,En agglomération,Intersection en T,Temps couvert,Deux véhicules - côté,,,,,,,,,,,1,2,3,8,3
200600039448,0006-07-05 15:35:00,6,7,5,15,35,590,599,PHALEMPINS (PLACE DES),,,Plein jour,En agglomération,Place,Normale,Autre collision,,,,,,,,,,,1,2,7,1,6
200600039449,0006-07-06 15:20:00,6,7,6,15,20,590,352,CASTELNAU (RUE),,,Plein jour,En agglomération,Intersection en T,Normale,Deux véhicules - frontale,,,,,,,,,,,1,2,3,1,1
200600039450,0006-07-08 19:30:00,6,7,8,19,30,590,352,"NEANT, WATTINES (RUE DE)",,,Plein jour,En agglomération,Hors intersection,Normale,Deux véhicules - frontale,,,,,,,,,,,1,2,1,1,1
200600039451,0006-07-16 21:05:00,6,7,16,21,5,590,421,ROUBAIX (RUE DE),,,Plein jour,En agglomération,Intersection en X,Normale,Deux véhicules - côté,,,,,,,,,,,1,2,2,1,3
200600039452,0006-07-21 12:15:00,6,7,21,12,15,590,599,MARNE (AVENUE DE LA),,,Plein jour,En agglomération,Intersection en X,Normale,Deux véhicules - côté,,,,,,,,,,,1,2,2,1,3
200600039453,0006-07-20 19:40:00,6,7,20,19,40,590,90,"1375, GAULLE (AVENUE DU",,,Plein jour,En agglomération,Intersection en T,Normale,Deux véhicules - arrière,,,,,,,,,,,1,2,3,1,2
200600039454,0006-07-23 18:45:00,6,7,23,18,45,590,421,MIRABEAU (RUE),,,Plein jour,En agglomération,Giratoire,Normale,Sans collision,,,,,,,,,,,1,2,6,1,7
200600039455,0006-07-25 11:10:00,6,7,25,11,10,590,599,MARAICHERS (RUE DES),,,Plein jour,En agglomération,Intersection en T,Normale,Deux véhicules - côté,,,,,,,,,,,1,2,3,1,3
200600039456,0006-07-26 19:35:00,6,7,26,19,35,590,599,"310, ROUGE (RUE DE LA CR",,,Plein jour,En agglomération,Hors intersection,Normale,Autre collision,,,,,,,,,,,1,2,1,1,6
200600039457,0006-07-27 19:20:00,6,7,27,19,20,590,599,"., CURIE (CHAUSSEE PIERR",,,Plein jour,En agglomération,Hors intersection,Normale,Trois véhicules et plus - en chaîne,,,,,,,,,,,1,2,1,1,4
200600039458,0006-07-02 02:20:00,6,7,2,2,20,590,606,HARPIGNIES (BOULEVARD HE,,,Nuit avec éclairage allumé,En agglomération,Intersection en T,Normale,Deux véhicules - côté,,,,,,,,,,,5,2,3,1,3
200600039459,0006-07-05 03:50:00,6,7,5,3,50,590,383,CAMELIAS (RUE DES),,,Nuit avec éclairage allumé,En agglomération,Hors intersection,Normale,Autre collision,,,,,,,,,,,5,2,1,1,6
200600039460,0006-07-09 00:30:00,6,7,9,0,30,590,491,"145, DURRE (RUE HENRI)",,,Nuit avec éclairage allumé,En agglomération,Hors intersection,Normale,Deux véhicules - côté,,,,,,,,,,,5,2,1,1,3
200600039461,0006-07-10 22:30:00,6,7,10,22,30,590,207,OURCQ (RUE DE L'),,,Nuit avec éclairage allumé,En agglomération,Hors intersection,Normale,Deux véhicules - frontale,,,,,,,,,,,5,2,1,1,1
200600039462,0006-07-10 19:50:00,6,7,10,19,50,590,14,"528, JAURES (RUE JEAN)",,,Crépuscule ou aube,En agglomération,Hors intersection,Normale,Autre collision,,,,,,,,,,,2,2,1,1,6
200600039463,0006-07-14 10:40:00,6,7,14,10,40,590,112,ZOLA (RUE EMILE),,,Plein jour,En agglomération,Intersection en X,Normale,Deux véhicules - côté,,,,,,,,,,,1,2,2,1,3
200600039464,0006-07-17 11:00:00,6,7,17,11,0,590,544,"252 B, JAURES (RUE JEAN)",,,Plein jour,En agglomération,Hors intersection,Normale,Deux véhicules - côté,,,,,,,,,,,1,2,1,1,3
200600039465,0006-07-08 12:00:00,6,7,8,12,0,590,606,DESANDROUIN (AV) - ST WA,,,Plein jour,En agglomération,Hors intersection,Normale,Autre collision,,,,,,,,,,,1,2,1,1,6
200600039466,0006-07-07 10:20:00,6,7,7,10,20,590,484,"108, JAURES (AVENUE JEAN",,,Plein jour,En agglomération,Hors intersection,Normale,Deux véhicules - côté,,,,,,,,,,,1,2,1,1,3
200600039467,0006-07-06 00:45:00,6,7,6,0,45,590,479,RD 50,,,Nuit sans éclairage public,Hors agglomération,Hors intersection,Pluie légère,Sans collision,,,,,,,,,,,3,1,1,2,7
200600039468,0006-07-01 11:35:00,6,7,1,11,35,590,484,JAURES (AVENUE JEAN),,,Plein jour,En agglomération,Hors intersection,Normale,Autre collision,,,,,,,,,,,1,2,1,1,6
200600039469,0006-07-28 17:00:00,6,7,28,17,0,590,112,EUROPE (RUE DE L'),,,Plein jour,En agglomération,Intersection en X,Normale,Autre collision,,,,,,,,,,,1,2,2,1,6
200600039470,0006-07-31 21:25:00,6,7,31,21,25,590,557,"9, MORNEAU (RUE FERNAND)",,,Plein jour,En agglomération,Hors intersection,Normale,Autre collision,,,,,,,,,,,1,2,1,1,6
200600039471,0006-07-31 21:50:00,6,7,31,21,50,590,14,DURRE (RUE HENRI),,,Crépuscule ou aube,En agglomération,Intersection en X,Normale,Autre collision,,,,,,,,,,,2,2,2,1,6
200600039472,0006-07-24 19:20:00,6,7,24,19,20,590,14,"54, FERRER (RUE FRANCISC",,,Plein jour,En agglomération,Hors intersection,Normale,Autre collision,,,,,,,,,,,1,2,1,1,6
200600039473,0006-07-12 17:00:00,6,7,12,17,0,590,383,BARBUSSE (AVENUE HENRI),,,Plein jour,En agglomération,Intersection en X,Normale,Autre collision,,,,,,,,,,,1,2,2,1,6
200600039474,0006-07-14 19:20:00,6,7,14,19,20,590,112,"140, JAURES (RUE JEAN)",,,Plein jour,Hors agglomération,Intersection en X,Normale,Deux véhicules - côté,,,,,,,,,,,1,1,2,1,3
200600039475,0006-07-05 10:30:00,6,7,5,10,30,590,447,"258, JAURES (RUE JEAN)",,,Plein jour,En agglomération,Hors intersection,Normale,Autre collision,,,,,,,,,,,1,2,1,1,6
200600039476,0006-07-19 12:00:00,6,7,19,12,0,590,32,"126B, LIBERATION (AVENUE",,,Plein jour,En agglomération,Hors intersection,Normale,Deux véhicules - côté,,,,,,,,,,,1,2,1,1,3
200600039477,0006-07-18 17:30:00,6,7,18,17,30,590,606,"0, DAMPIERRE (AVENUE)",,,Plein jour,En agglomération,Intersection en X,Normale,Deux véhicules - côté,,,,,,,,,,,1,2,2,1,3
200600039478,0006-07-03 15:00:00,6,7,3,15,0,600,57,"8, GENERAL DE GAULLE (BO",,,Plein jour,En agglomération,Intersection en X,Normale,Autre collision,,,,,,,,,,,1,2,2,1,6
200600039479,0006-07-11 21:10:00,6,7,11,21,10,600,57,"1, KENNEDY J.F. (AV) > R",,,Crépuscule ou aube,En agglomération,Hors intersection,Normale,Trois véhicules et plus - collisions multiples,,,,,,,,,,,2,2,1,1,5
200600039480,0006-07-29 18:50:00,6,7,29,18,50,600,57,"9, CALAIS (RUE DE)",,,Plein jour,En agglomération,Hors intersection,Normale,Autre collision,,,,,,,,,,,1,2,1,1,6
200600039481,0006-07-05 19:45:00,6,7,5,19,45,600,159,CLERMONT (DE),,,Plein jour,En agglomération,Intersection en T,Normale,Deux véhicules - côté,,,,,,,,,,,1,2,3,1,3
200600039482,0006-07-03 18:10:00,6,7,3,18,10,600,175,PIERRE BLANCHE (ALLEE DE,,,Plein jour,Hors agglomération,Hors intersection,Normale,Deux véhicules - frontale,,,,,,,,,,,1,1,1,1,1
200600039483,0006-07-14 22:35:00,6,7,14,22,35,600,414,RD 200_SURPLOMB AVEN LIB,,,Nuit sans éclairage public,Hors agglomération,Hors intersection,Normale,Deux véhicules - côté,,,,,,,,,,,3,1,1,1,3
200600039484,0006-07-12 19:25:00,6,7,12,19,25,600,463,VILLON (RUE FRANCOIS),,,Plein jour,En agglomération,Hors intersection,Temps éblouissant,Autre collision,,,,,,,,,,,1,2,1,7,6
200600039485,0006-07-18 13:20:00,6,7,18,13,20,600,463,LA FONTAINE (RUE JEAN DE,,,Plein jour,En agglomération,Hors intersection,Normale,Sans collision,,,,,,,,,,,1,2,1,1,7
200600039486,0006-07-26 14:20:00,6,7,26,14,20,600,175,TREMBLAY (AVENUE DU),,,Plein jour,En agglomération,Hors intersection,Normale,Deux véhicules - côté,,,,,,,,,,,1,2,1,1,3
200600039487,0006-07-23 10:25:00,6,7,23,10,25,600,175,RN 330_BRETELLE RN330_AC,,,Plein jour,Hors agglomération,Hors intersection,Normale,Trois véhicules et plus - en chaîne,,,,,,,,,,,1,1,1,1,4
200600039488,0006-07-02 20:50:00,6,7,2,20,50,610,1,RHIN ET DANUBE ( AVENUE),,,Plein jour,En agglomération,Giratoire,Normale,Deux véhicules - côté,,,,,,,,,,,1,2,6,1,3
200600039489,0006-07-04 16:45:00,6,7,4,16,45,610,1,D'ARGENTAN (RUE),,,Plein jour,En agglomération,Intersection en T,Normale,Deux véhicules - côté,,,,,,,,,,,1,2,3,1,3
200600039490,0006-07-28 13:25:00,6,7,28,13,25,610,143,"0, VERDUN (RUE DE)",,,Plein jour,Hors agglomération,Intersection en T,Normale,Deux véhicules - côté,,,,,,,,,,,1,1,3,1,3
200600039491,0006-07-06 14:55:00,6,7,6,14,55,610,6,"aucun, KOENIG (BD DU GEN",,,Plein jour,En agglomération,Giratoire,Normale,Autre collision,,,,,,,,,,,1,2,6,1,6
200600039492,0006-07-27 12:50:00,6,7,27,12,50,610,6,"85 bis, REPUBLIQUE (RUE",,,Plein jour,En agglomération,Hors intersection,Normale,Sans collision,,,,,,,,,,,1,2,1,1,7
200600039493,0006-07-11 20:30:00,6,7,11,20,30,610,169,"53, BLANCHARDIERE (RUE D",,,Plein jour,En agglomération,Hors intersection,Normale,Deux véhicules - côté,,,,,,,,,,,1,2,1,1,3
200600039494,0006-07-11 20:25:00,6,7,11,20,25,610,169,"15, PONT FERON (RUE DU)",,,Plein jour,En agglomération,Hors intersection,Normale,Sans collision,,,,,,,,,,,1,2,1,1,7
200600039495,0006-07-24 20:20:00,6,7,24,20,20,610,169,DROULIS (LES),,,Plein jour,Hors agglomération,Hors intersection,Normale,Autre collision,,,,,,,,,,,1,1,1,1,6
200600039496,0006-07-03 08:30:00,6,7,3,8,30,620,41,"0, DE GAULLE ( BVD DU GA",,,Plein jour,En agglomération,Hors intersection,Normale,Trois véhicules et plus - en chaîne,,,,,,,,,,,1,2,1,1,4
200600039497,0006-07-11 22:20:00,6,7,11,22,20,620,41,"0, SCHUMAN ( MAURICE)",,,Nuit avec éclairage allumé,En agglomération,Hors intersection,Normale,Sans collision,,,,,,,,,,,5,2,1,1,7
200600039498,0006-07-13 07:35:00,6,7,13,7,35,620,4,"9, LYON ( DE )",,,Plein jour,En agglomération,Intersection en X,Normale,Deux véhicules - côté,,,,,,,,,,,1,2,2,1,3
200600039499,0006-07-15 20:06:00,6,7,15,20,6,620,41,"0, BLD DE STRASBOURG",,,Plein jour,En agglomération,Intersection en X,Normale,Deux véhicules - côté,,,,,,,,,,,1,2,2,1,3
200600039500,0006-07-18 19:55:00,6,7,18,19,55,620,263,SAINT EXUPERY(AVENUE ANT,,,Plein jour,En agglomération,Intersection en X,Temps éblouissant,Deux véhicules - côté,,,,,,,,,,,1,2,2,7,3
200600039501,0006-07-20 12:40:00,6,7,20,12,40,620,99,D 60,,,Plein jour,Hors agglomération,Giratoire,Normale,Deux véhicules - côté,,,,,,,,,,,1,1,6,1,3
200600039502,0006-07-24 12:00:00,6,7,24,12,0,620,41,"0, TCHECOSLOVAQUIE ( RON",,,Plein jour,En agglomération,Giratoire,Normale,Sans collision,,,,,,,,,,,1,2,6,1,7
200600039503,0006-07-23 09:15:00,6,7,23,9,15,620,217,"02, CAMBLAIN (DE)",,,Plein jour,En agglomération,Intersection en X,Normale,Autre collision,,,,,,,,,,,1,2,2,1,6
200600039504,0006-07-01 18:25:00,6,7,1,18,25,620,570,"00, TARGETTE (DE LA )",,,Plein jour,En agglomération,Intersection en X,Normale,Deux véhicules - côté,,,,,,,,,,,1,2,2,1,3
200600039505,0006-07-08 11:30:00,6,7,8,11,30,620,65,"109, BROSSOLETTE",,,Plein jour,En agglomération,Intersection en T,Normale,Deux véhicules - arrière,,,,,,,,,,,1,2,3,1,2
200600039506,0006-07-13 19:40:00,6,7,13,19,40,620,570,"95, SIMON (PIERRE)",,,Plein jour,En agglomération,Hors intersection,Normale,Deux véhicules - côté,,,,,,,,,,,1,2,1,1,3
200600039507,0006-07-20 17:19:00,6,7,20,17,19,620,65,"44, HUGO VICTOR",,,Plein jour,En agglomération,Hors intersection,Normale,Autre collision,,,,,,,,,,,1,2,1,1,6
200600039508,0006-07-21 17:20:00,6,7,21,17,20,620,724,"22, PASTEUR",,,Plein jour,En agglomération,Hors intersection,Normale,Trois véhicules et plus - collisions multiples,,,,,,,,,,,1,2,1,1,5
200600039509,0006-07-18 13:05:00,6,7,18,13,5,620,65,MARTEL HENRI (BOULEVARD),,,Plein jour,Hors agglomération,Hors intersection,Normale,Sans collision,,,,,,,,,,,1,1,1,1,7
200600039510,0006-07-26 13:45:00,6,7,26,13,45,620,277,"147, ARRAS",,,Plein jour,En agglomération,Hors intersection,Normale,Autre collision,,,,,,,,,,,1,2,1,1,6
200600039511,0006-07-26 11:35:00,6,7,26,11,35,620,570,"15, DOURGES",,,Plein jour,En agglomération,Intersection en T,Normale,Deux véhicules - côté,,,,,,,,,,,1,2,3,1,3
200600039512,0006-07-02 01:15:00,6,7,2,1,15,620,108,BOULOGNE,,,Nuit avec éclairage allumé,En agglomération,Hors intersection,Normale,Deux véhicules - frontale,,,,,,,,,,,5,2,1,1,1
200600039513,0006-07-10 13:40:00,6,7,10,13,40,620,108,SOUBITEZ,,,Plein jour,En agglomération,Hors intersection,Normale,Sans collision,,,,,,,,,,,1,2,1,1,7
200600039514,0006-07-20 12:15:00,6,7,20,12,15,620,119,CD 937( RUE DEPARTEMENTA,,,Plein jour,En agglomération,Intersection en X,Normale,Deux véhicules - côté,,,,,,,,,,,1,2,2,1,3
200600039515,0006-07-15 04:55:00,6,7,15,4,55,620,836,D 86,,,Crépuscule ou aube,Hors agglomération,Hors intersection,Normale,Trois véhicules et plus - collisions multiples,,,,,,,,,,,2,1,1,1,5
200600039516,0006-07-02 00:45:00,6,7,2,0,45,620,51,ROUTE NATIONALE 41,,,Nuit avec éclairage allumé,En agglomération,Intersection en T,Pluie légère,Sans collision,,,,,,,,,,,5,2,3,2,7
200600039517,0006-07-24 23:30:00,6,7,24,23,30,620,310,CORNET ( RUE DU LONG ),,,Nuit avec éclairage allumé,En agglomération,Hors intersection,Normale,Autre collision,,,,,,,,,,,5,2,1,1,6
200600039518,0006-07-03 17:15:00,6,7,3,17,15,620,119,TREILLES ( RUE DES ),,,Plein jour,En agglomération,Hors intersection,Normale,Autre collision,,,,,,,,,,,1,2,1,1,6
200600039519,0006-07-11 07:45:00,6,7,11,7,45,620,893,"0, BON AIR ( Rue du )",,,Plein jour,En agglomération,Intersection en T,Pluie légère,Deux véhicules - côté,,,,,,,,,,,1,2,3,2,3
200600039520,0006-07-06 11:45:00,6,7,6,11,45,620,893,"2, NOTRE DAME ( Rue )",,,Plein jour,En agglomération,Hors intersection,Normale,Sans collision,,,,,,,,,,,1,2,1,1,7
200600039521,0006-07-21 15:00:00,6,7,21,15,0,620,160,"0, DIDEROT (Bld)",,,Plein jour,En agglomération,Intersection à plus de 4 branches,Normale,Deux véhicules - frontale,,,,,,,,,,,1,2,5,1,1
200600039522,0006-07-03 12:40:00,6,7,3,12,40,620,160,"08, KENNEDY (Ave. John)",,,Plein jour,En agglomération,Autre intersection,Normale,Sans collision,,,,,,,,,,,1,2,9,1,7
200600039523,0006-07-21 08:45:00,6,7,21,8,45,620,160,"0, GAMBETTA (Quai Léon)",,,Plein jour,En agglomération,Hors intersection,Normale,Sans collision,,,,,,,,,,,1,2,1,1,7
200600039524,0006-07-28 08:45:00,6,7,28,8,45,620,160,"93, THIERS (Rue Adolphe)",,,Plein jour,En agglomération,Hors intersection,Normale,Sans collision,,,,,,,,,,,1,2,1,1,7
200600039525,0006-07-04 18:25:00,6,7,4,18,25,620,178,AIRE ( D'),,,Plein jour,Hors agglomération,Hors intersection,Normale,Autre collision,,,,,,,,,,,1,1,1,1,6
200600039526,0006-07-11 18:25:00,6,7,11,18,25,620,178,"791, KENNEDY ( COURS PRO",,,Plein jour,En agglomération,Hors intersection,Normale,Deux véhicules - frontale,,,,,,,,,,,1,2,1,1,1
200600039527,0006-07-14 16:30:00,6,7,14,16,30,620,178,"1, BOURGOGNE ( DE )",,,Plein jour,En agglomération,Intersection en X,Normale,Trois véhicules et plus - collisions multiples,,,,,,,,,,,1,2,2,1,5
200600039528,0006-07-14 22:05:00,6,7,14,22,5,620,440,"1043, ZOLA ( EMILE )",,,Plein jour,En agglomération,Hors intersection,Normale,Deux véhicules - côté,,,,,,,,,,,1,2,1,1,3
200600039529,0006-07-05 17:00:00,6,7,5,17,0,620,193,SAINT OMER (ROUTE DE),,,Plein jour,En agglomération,Hors intersection,Normale,Deux véhicules - arrière,,,,,,,,,,,1,2,1,1,2
200600039530,0006-07-08 19:05:00,6,7,8,19,5,620,193,DE GAULLE (BOULEVARD GEN,,,Plein jour,En agglomération,Hors intersection,Normale,Deux véhicules - côté,,,,,,,,,,,1,2,1,1,3
200600039531,0006-07-19 14:05:00,6,7,19,14,5,620,193,ROCADE EST,,,Plein jour,Hors agglomération,Hors intersection,Normale,Deux véhicules - arrière,,,,,,,,,,,1,1,1,1,2
200600039532,0006-07-29 19:35:00,6,7,29,19,35,620,193,COSTES ET BELLONTE,,,Plein jour,En agglomération,Hors intersection,Normale,Deux véhicules - arrière,,,,,,,,,,,1,2,1,1,2
200600039533,0006-07-27 21:40:00,6,7,27,21,40,620,194,"16, BOIS DU RIETZ",,,Crépuscule ou aube,En agglomération,Hors intersection,Normale,Deux véhicules - arrière,,,,,,,,,,,2,2,1,1,2
200600039534,0006-07-28 21:40:00,6,7,28,21,40,620,194,"41, FRANCE (RUE ANATOLE)",,,Crépuscule ou aube,En agglomération,Hors intersection,Normale,Deux véhicules - côté,,,,,,,,,,,2,2,1,1,3
200600039535,0006-07-02 06:05:00,6,7,2,6,5,620,250,"sans, 161 E (RD)",,,Crépuscule ou aube,Hors agglomération,Hors intersection,Normale,Autre collision,,,,,,,,,,,2,1,1,1,6
200600039536,0006-07-02 21:10:00,6,7,2,21,10,620,250,"SANS, OIGNIES (RTE D')",,,Plein jour,En agglomération,Intersection en T,Normale,Deux véhicules - côté,,,,,,,,,,,1,2,3,1,3
200600039537,0006-07-11 23:55:00,6,7,11,23,55,620,215,"SANS, RD919",,,Nuit sans éclairage public,Hors agglomération,Hors intersection,Normale,Autre collision,,,,,,,,,,,3,1,1,1,6
200600039538,0006-07-15 10:47:00,6,7,15,10,47,620,215,"sans, MEURCHIN (RTE DE)",,,Plein jour,En agglomération,Hors intersection,Normale,Autre collision,,,,,,,,,,,1,2,1,1,6
200600039539,0006-07-24 23:00:00,6,7,24,23,0,620,215,"SANS, ESTEVELLES (CHE. D",,,Nuit sans éclairage public,En agglomération,Hors intersection,Normale,Deux véhicules - frontale,,,,,,,,,,,3,2,1,1,1
200600039540,0006-07-23 20:10:00,6,7,23,20,10,620,250,"sans, HARNES (RTE D')",,,Plein jour,En agglomération,Hors intersection,Normale,Deux véhicules - frontale,,,,,,,,,,,1,2,1,1,1
200600039541,0006-07-13 15:40:00,6,7,13,15,40,620,413,"17, LILLE (RTE DE)",,,Plein jour,En agglomération,Hors intersection,Normale,Deux véhicules - côté,,,,,,,,,,,1,2,1,1,3
200600039542,0006-07-25 12:45:00,6,7,25,12,45,620,270,"33, SATURNE (RUE DE)",,,Plein jour,En agglomération,Hors intersection,Normale,Autre collision,,,,,,,,,,,1,2,1,1,6
200600039543,0006-07-13 16:25:00,6,7,13,16,25,620,249,"0, FERRY (R JULES)",,,Plein jour,En agglomération,Hors intersection,Normale,Deux véhicules - côté,,,,,,,,,,,1,2,1,1,3
200600039544,0006-07-07 20:43:00,6,7,7,20,43,620,427,"0, DELRUE (BD DES FRERES",,,Plein jour,En agglomération,Intersection en X,Normale,Deux véhicules - côté,,,,,,,,,,,1,2,2,1,3
200600039545,0006-07-10 19:55:00,6,7,10,19,55,620,624,"36, ZOLA (R EMILE)",,,Plein jour,En agglomération,Hors intersection,Normale,Autre collision,,,,,,,,,,,1,2,1,1,6
200600039546,0006-07-20 15:00:00,6,7,20,15,0,620,427,"0, PASTEUR (R )",,,Plein jour,En agglomération,Hors intersection,Normale,Deux véhicules - côté,,,,,,,,,,,1,2,1,1,3
200600039547,0006-07-28 12:55:00,6,7,28,12,55,620,624,"0, CENTRE COMMERCIAL AUC",,,Plein jour,Hors agglomération,Hors intersection,Normale,Deux véhicules - arrière,,,,,,,,,,,1,1,1,1,2
200600039548,0006-07-13 17:00:00,6,7,13,17,0,620,427,"0, PERI (BD GABRIEL)",,,Plein jour,En agglomération,Hors intersection,Normale,Trois véhicules et plus - collisions multiples,,,,,,,,,,,1,2,1,1,5