accident_id,datetime,annee,mois,jour,heure,minute,departement,commune_insee,adresse,latitude,longitude,luminosite,agglomeration,intersection,meteo,collision,nb_vehicules,nb_usagers,nb_indemnes,nb_tues,nb_blesses_hosp,nb_blesses_legers,age_cond_1,age_cond_2,veh_type_cond_1,veh_type_cond_2,lum_code,agg_code,int_code,atm_code,col_code
200600039549,0006-07-05 23:30:00,6,7,5,23,30,620,523,"111, LENS (R DE)",,,Nuit avec éclairage non allumé,En agglomération,Hors intersection,Normale,Autre collision,,,,,,,,,,,4,2,1,1,6
200600039550,0006-07-10 18:40:00,6,7,10,18,40,620,771,"49, GUESDE (R JULES)",,,Plein jour,En agglomération,Hors intersection,Normale,Autre collision,,,,,,,,,,,1,2,1,1,6
200600039551,0006-07-17 17:40:00,6,7,17,17,40,620,464,"sans, BASSEE (RTE DE LA)",,,Plein jour,Hors agglomération,Hors intersection,Normale,Deux véhicules - arrière,,,,,,,,,,,1,1,1,1,2
200600039552,0006-07-31 18:45:00,6,7,31,18,45,620,842,RN 47,,,Plein jour,Hors agglomération,Autre intersection,Normale,Deux véhicules - côté,,,,,,,,,,,1,1,9,1,3
200600039553,0006-07-26 14:10:00,6,7,26,14,10,620,498,"sans, LILLE (RTE DE)  RN",,,Plein jour,En agglomération,Hors intersection,Normale,Autre collision,,,,,,,,,,,1,2,1,1,6
200600039554,0006-07-27 09:06:00,6,7,27,9,6,620,186,ROUTE DE SAINS,,,Plein jour,Hors agglomération,Hors intersection,Normale,Autre collision,,,,,,,,,,,1,1,1,1,6
200600039555,0006-07-19 08:50:00,6,7,19,8,50,620,563,"., BERTHELOT (R)",,,Plein jour,En agglomération,Hors intersection,Normale,Autre collision,,,,,,,,,,,1,2,1,1,6
200600039556,0006-07-11 15:50:00,6,7,11,15,50,620,32,"., SCARPE (R DE LA)",,,Plein jour,En agglomération,Hors intersection,Normale,Autre collision,,,,,,,,,,,1,2,1,1,6
200600039557,0006-07-27 23:40:00,6,7,27,23,40,620,186,"., SAGNOL (R MACEL)",,,Nuit avec éclairage allumé,En agglomération,Hors intersection,Normale,Autre collision,,,,,,,,,,,5,2,1,1,6
200600039558,0006-07-30 20:23:00,6,7,30,20,23,620,32,AIX (R D'),,,Plein jour,En agglomération,Hors intersection,Normale,Autre collision,,,,,,,,,,,1,2,1,1,6
200600039559,0006-07-02 18:05:00,6,7,2,18,5,620,555,"face au 10, LYON (RUE DE",,,Plein jour,En agglomération,Hors intersection,Temps éblouissant,Autre collision,,,,,,,,,,,1,2,1,7,6
200600039560,0006-07-02 19:40:00,6,7,2,19,40,620,224,BETHUNE (RUE DE),,,Plein jour,En agglomération,Intersection en X,Temps éblouissant,Deux véhicules - côté,,,,,,,,,,,1,2,2,7,3
200600039561,0006-07-21 14:35:00,6,7,21,14,35,620,555,"07, PAUL VAILLANT COUTUR",,,Plein jour,En agglomération,Hors intersection,Temps éblouissant,Autre collision,,,,,,,,,,,1,2,1,7,6
200600039562,0006-07-27 08:55:00,6,7,27,8,55,620,737,"0, PRINCE (RUE DU )",,,Plein jour,En agglomération,Hors intersection,Normale,Autre collision,,,,,,,,,,,1,2,1,1,6
200600039563,0006-07-23 10:00:00,6,7,23,10,0,620,826,CHATEAU (AVENUE DU),48.76459,3.45699,Plein jour,En agglomération,Giratoire,Normale,Deux véhicules - arrière,,,,,,,,,,,1,2,6,1,2
200600039564,0006-07-26 23:15:00,6,7,26,23,15,620,826,FRANCOIS GODIN (AVENUE),,,Nuit sans éclairage public,Hors agglomération,Hors intersection,Pluie légère,Deux véhicules - frontale,,,,,,,,,,,3,1,1,2,1
200600039565,0006-07-03 06:10:00,6,7,3,6,10,630,75,"9, ROYAT (AVENUE DE)",,,Plein jour,En agglomération,Hors intersection,Normale,Sans collision,,,,,,,,,,,1,2,1,1,7
200600039566,0006-07-04 07:15:00,6,7,4,7,15,630,113,"4, COLOMBIER (RUE DU)",,,Plein jour,En agglomération,Hors intersection,Normale,Deux véhicules - frontale,,,,,,,,,,,1,2,1,1,1
200600039567,0006-07-04 07:15:00,6,7,4,7,15,630,32,MONT-DORE (AVENUE DU),,,Plein jour,En agglomération,Autre intersection,Normale,Autre collision,,,,,,,,,,,1,2,9,1,6
200600039568,0006-07-04 14:00:00,6,7,4,14,0,630,113,"32, CLEMENCEAU (AVENUE G",,,Plein jour,En agglomération,Hors intersection,Normale,Deux véhicules - côté,,,,,,,,,,,1,2,1,1,3
200600039569,0006-07-06 13:30:00,6,7,6,13,30,630,70,"20, ANCIENNE MAIRIE (PLA",,,Plein jour,En agglomération,Hors intersection,Normale,Autre collision,,,,,,,,,,,1,2,1,1,6
200600039570,0006-07-07 08:40:00,6,7,7,8,40,630,113,"1, FLAUBERT (BD GUSTAVE)",,,Plein jour,En agglomération,Hors intersection,Normale,Deux véhicules - côté,,,,,,,,,,,1,2,1,1,3
200600039571,0006-07-07 10:50:00,6,7,7,10,50,630,113,"1, SAINT JEAN (BD)",,,Plein jour,En agglomération,Hors intersection,Normale,Deux véhicules - côté,,,,,,,,,,,1,2,1,1,3
200600039572,0006-07-07 14:10:00,6,7,7,14,10,630,113,"1, PERI (RUE GABRIEL)",,,Plein jour,En agglomération,Autre intersection,Normale,Autre collision,,,,,,,,,,,1,2,9,1,6
200600039573,0006-07-07 16:05:00,6,7,7,16,5,630,14,"60, COURNON (AVENUE DE)",,,Plein jour,En agglomération,Hors intersection,Normale,Deux véhicules - côté,,,,,,,,,,,1,2,1,1,3
200600039574,0006-07-07 22:50:00,6,7,7,22,50,630,113,"157, FLAUBERT (BD GUSTAV",,,Nuit avec éclairage allumé,En agglomération,Giratoire,Normale,Deux véhicules - côté,,,,,,,,,,,5,2,6,1,3
200600039575,0006-07-09 20:30:00,6,7,9,20,30,630,113,REPUBLIQUE (AVENUE DE LA,,,Crépuscule ou aube,En agglomération,Autre intersection,Normale,Autre collision,,,,,,,,,,,2,2,9,1,6
200600039576,0006-07-10 09:15:00,6,7,10,9,15,630,113,"28, COTE BLATIN (BD)",,,Plein jour,En agglomération,Hors intersection,Normale,Deux véhicules - arrière,,,,,,,,,,,1,2,1,1,2
200600039577,0006-07-10 13:50:00,6,7,10,13,50,630,308,"25, BARRIEU (BOULEVARD)",,,Plein jour,En agglomération,Hors intersection,Normale,Autre collision,,,,,,,,,,,1,2,1,1,6
200600039578,0006-07-11 12:25:00,6,7,11,12,25,630,113,TORPILLEUR SIROCCO (RUE,,,Plein jour,En agglomération,Hors intersection,Normale,Autre collision,,,,,,,,,,,1,2,1,1,6
200600039579,0006-07-11 18:40:00,6,7,11,18,40,630,14,"35, ROUSSILLON (AVENUE D",,,Plein jour,En agglomération,Hors intersection,Normale,Autre collision,,,,,,,,,,,1,2,1,1,6
200600039580,0006-07-12 16:00:00,6,7,12,16,0,630,113,"102 BIS, REPUBLIQUE (AVE",,,Plein jour,En agglomération,Hors intersection,Normale,Deux véhicules - côté,,,,,,,,,,,1,2,1,1,3
200600039581,0006-07-12 23:20:00,6,7,12,23,20,630,113,ITALIE (AVENUE DE L'),,,Nuit avec éclairage allumé,En agglomération,Intersection en X,Normale,Autre collision,,,,,,,,,,,5,2,2,1,6
200600039582,0006-07-13 10:50:00,6,7,13,10,50,630,113,"55, BERTHELOT (BOULEVARD",,,Plein jour,En agglomération,Hors intersection,Normale,Deux véhicules - côté,,,,,,,,,,,1,2,1,1,3
200600039583,0006-07-13 15:00:00,6,7,13,15,0,630,113,"9, FRANCE (RUE ANATOLE)",,,Plein jour,En agglomération,Hors intersection,Normale,Trois véhicules et plus - en chaîne,,,,,,,,,,,1,2,1,1,4
200600039584,0006-07-14 16:30:00,6,7,14,16,30,630,113,"1, CERISIERE (RUE DE LA)",,,Plein jour,Hors agglomération,Intersection en X,Normale,Autre collision,,,,,,,,,,,1,1,2,1,6
200600039585,0006-07-16 03:30:00,6,7,16,3,30,630,113,"1, POURCHON (BD MAURICE)",,,Nuit avec éclairage allumé,En agglomération,Hors intersection,Normale,Autre collision,,,,,,,,,,,5,2,1,1,6
200600039586,0006-07-16 14:15:00,6,7,16,14,15,630,113,"69, AULTERIBE (RUE)",,,Plein jour,En agglomération,Hors intersection,Pluie légère,Autre collision,,,,,,,,,,,1,2,1,2,6
200600039587,0006-07-16 14:40:00,6,7,16,14,40,630,113,"127, LAVOISIERS (BD)",,,Plein jour,En agglomération,Hors intersection,Normale,Autre collision,,,,,,,,,,,1,2,1,1,6
200600039588,0006-07-17 14:00:00,6,7,17,14,0,630,113,"1, BLERIOT (AVENUE LOUIS",,,Plein jour,En agglomération,Hors intersection,Normale,Deux véhicules - arrière,,,,,,,,,,,1,2,1,1,2
200600039589,0006-07-18 15:30:00,6,7,18,15,30,630,113,BLATIN (RUE),,,Plein jour,En agglomération,Intersection en X,Normale,Autre collision,,,,,,,,,,,1,2,2,1,6
200600039590,0006-07-18 20:00:00,6,7,18,20,0,630,113,"1, BERTHELOT (BOULEVARD)",,,Plein jour,En agglomération,Hors intersection,Normale,Deux véhicules - côté,,,,,,,,,,,1,2,1,1,3
200600039591,0006-07-19 02:15:00,6,7,19,2,15,630,32,"5, LECLERC (AVENUE DU MA",,,Nuit avec éclairage allumé,En agglomération,Hors intersection,Normale,Sans collision,,,,,,,,,,,5,2,1,1,7
200600039592,0006-07-19 13:15:00,6,7,19,13,15,630,113,"1, POMPIDOU (BD GEORGES)",,,Plein jour,En agglomération,Hors intersection,Normale,Autre collision,,,,,,,,,,,1,2,1,1,6
200600039593,0006-07-19 13:45:00,6,7,19,13,45,630,113,"1, MICHELIN (AVENUE EDOU",,,Plein jour,En agglomération,Intersection en X,Normale,Deux véhicules - côté,,,,,,,,,,,1,2,2,1,3
200600039594,0006-07-20 13:50:00,6,7,20,13,50,630,113,"1, AGRICULTURE (AVENUE D",,,Plein jour,En agglomération,Hors intersection,Normale,Deux véhicules - côté,,,,,,,,,,,1,2,1,1,3
200600039595,0006-07-21 07:45:00,6,7,21,7,45,630,113,"7, LIONDARDS (RUE DES)",,,Plein jour,En agglomération,Hors intersection,Normale,Autre collision,,,,,,,,,,,1,2,1,1,6
200600039596,0006-07-21 14:30:00,6,7,21,14,30,630,113,"26, DOLET (RUE ETIENNE)",,,Plein jour,En agglomération,Hors intersection,Normale,Deux véhicules - arrière,,,,,,,,,,,1,2,1,1,2
200600039597,0006-07-23 16:05:00,6,7,23,16,5,630,113,"1, JOUHAUX (BD LEON)",,,Plein jour,En agglomération,Intersection en X,Normale,Deux véhicules - côté,,,,,,,,,,,1,2,2,1,3
200600039598,0006-07-25 15:50:00,6,7,25,15,50,630,75,"51, JAURES (AVENUE JEAN)",,,Plein jour,En agglomération,Hors intersection,Normale,Autre collision,,,,,,,,,,,1,2,1,1,6
200600039599,0006-07-26 08:50:00,6,7,26,8,50,630,113,"62, BONNABAUD (RUE)",,,Plein jour,En agglomération,Hors intersection,Normale,Autre collision,,,,,,,,,,,1,2,1,1,6
200600039600,0006-07-26 11:20:00,6,7,26,11,20,630,113,"1, LOUCHEUR (BD LOUIS)",,,Plein jour,En agglomération,Hors intersection,Normale,Autre collision,,,,,,,,,,,1,2,1,1,6
200600039601,0006-07-26 18:45:00,6,7,26,18,45,630,14,"27, FOISSES (RUE DES)",,,Plein jour,En agglomération,Hors intersection,Normale,Autre collision,,,,,,,,,,,1,2,1,1,6
200600039602,0006-07-27 11:25:00,6,7,27,11,25,630,308,"1, VALLEE (AVENUE DE LA)",,,Plein jour,En agglomération,Hors intersection,Normale,Autre collision,,,,,,,,,,,1,2,1,1,6
200600039603,0006-07-28 19:15:00,6,7,28,19,15,630,113,"18, CHAUFFOUR (RUE DU)",,,Plein jour,En agglomération,Hors intersection,Normale,Autre collision,,,,,,,,,,,1,2,1,1,6
200600039604,0006-07-30 19:20:00,6,7,30,19,20,630,32,"26, MONT-DORE (AVENUE DU",,,Plein jour,En agglomération,Hors intersection,Normale,Autre collision,,,,,,,,,,,1,2,1,1,6
200600039605,0006-07-31 08:55:00,6,7,31,8,55,630,113,SAINT JEAN (BD),,,Plein jour,En agglomération,Hors intersection,Normale,Autre collision,,,,,,,,,,,1,2,1,1,6
200600039606,0006-07-31 13:45:00,6,7,31,13,45,630,113,"29, PRADELLE (RUE DE LA)",,,Plein jour,En agglomération,Hors intersection,Normale,Autre collision,,,,,,,,,,,1,2,1,1,6
200600039607,0006-07-31 18:20:00,6,7,31,18,20,630,113,AUGER (RUE),,,Plein jour,En agglomération,Hors intersection,Normale,Autre collision,,,,,,,,,,,1,2,1,1,6
200600039608,0006-07-31 19:40:00,6,7,31,19,40,630,113,"1, JAUDE PLACE DE)",,,Plein jour,En agglomération,Hors intersection,Normale,Autre collision,,,,,,,,,,,1,2,1,1,6
200600039609,0006-07-15 21:50:00,6,7,15,21,50,630,193,"1, ROCHELLE (RUE DE LA)",,,Plein jour,En agglomération,Intersection en X,Normale,Deux véhicules - côté,,,,,,,,,,,1,2,2,1,3
200600039610,0006-07-18 18:35:00,6,7,18,18,35,630,272,"21, REPUBLIQUE (AVENUE D",,,Plein jour,En agglomération,Hors intersection,Normale,Deux véhicules - arrière,,,,,,,,,,,1,2,1,1,2
200600039611,0006-07-21 18:05:00,6,7,21,18,5,630,124,"20, POURRAT (RUE HENRI)",,,Plein jour,En agglomération,Intersection en X,Normale,Deux véhicules - côté,,,,,,,,,,,1,2,2,1,3
200600039612,0006-07-07 10:30:00,6,7,7,10,30,630,193,"1, ROCHELLE (RUE DE LA)",,,Plein jour,En agglomération,Intersection en X,Normale,Deux véhicules - côté,,,,,,,,,,,1,2,2,1,3
200600039613,0006-07-13 10:10:00,6,7,13,10,10,630,63,LA PRADE (ECHANGEUR DE),,,Plein jour,En agglomération,Giratoire,Normale,Deux véhicules - côté,,,,,,,,,,,1,2,6,1,3
200600039614,0006-07-17 13:20:00,6,7,17,13,20,630,164,RD 2,,,Plein jour,En agglomération,Hors intersection,Normale,Deux véhicules - côté,,,,,,,,,,,1,2,1,1,3
200600039615,0006-07-28 05:50:00,6,7,28,5,50,630,164,"27, GUESDE (RUE JULES)",,,Crépuscule ou aube,En agglomération,Intersection en T,Normale,Deux véhicules - côté,,,,,,,,,,,2,2,3,1,3
200600039616,0006-07-05 23:00:00,6,7,5,23,0,630,224,"18, PALENE (RUE DE LA)",,,Nuit avec éclairage allumé,En agglomération,Hors intersection,Pluie légère,Deux véhicules - arrière,,,,,,,,,,,5,2,1,2,2
200600039617,0006-07-13 04:30:00,6,7,13,4,30,630,300,ROCADE RD 446,,,Nuit sans éclairage public,Hors agglomération,Hors intersection,Normale,Deux véhicules - frontale,,,,,,,,,,,3,1,1,1,1
200600039618,0006-07-18 22:25:00,6,7,18,22,25,630,300,"., DIX-NEUF MARS 1962 (A",,,Nuit avec éclairage allumé,En agglomération,Intersection en T,Normale,Deux véhicules - côté,,,,,,,,,,,5,2,3,1,3
200600039619,0006-07-21 19:10:00,6,7,21,19,10,630,300,BARDON (FAUBOURG DE),,,Plein jour,En agglomération,Hors intersection,Temps éblouissant,Autre collision,,,,,,,,,,,1,2,1,7,6
200600039620,0006-07-01 16:00:00,6,7,1,16,0,640,24,PLAGES (BOULEVARD DES),,,Plein jour,En agglomération,Intersection en T,Normale,Trois véhicules et plus - collisions multiples,,,,,,,,,,,1,2,3,1,5
200600039621,0006-07-03 15:50:00,6,7,3,15,50,640,102,"32, SABALCE (CHEMIN DE)",,,Plein jour,En agglomération,Hors intersection,Normale,Deux véhicules - arrière,,,,,,,,,,,1,2,1,1,2
200600039622,0006-07-04 20:05:00,6,7,4,20,5,640,102,RESPLANDY (AVENUE DU CAP,,,Plein jour,En agglomération,Intersection en T,Normale,Deux véhicules - côté,,,,,,,,,,,1,2,3,1,3
200600039623,0006-07-06 11:10:00,6,7,6,11,10,640,24,"59, QUATRE CANTONS (RUE",,,Plein jour,En agglomération,Intersection en T,Normale,Deux véhicules - côté,,,,,,,,,,,1,2,3,1,3
200600039624,0006-07-06 22:15:00,6,7,6,22,15,640,102,"29, FOCH (AVENUE MARECHA",,,Nuit avec éclairage allumé,En agglomération,Intersection en T,Normale,Deux véhicules - côté,,,,,,,,,,,5,2,3,1,3
200600039625,0006-07-07 21:00:00,6,7,7,21,0,640,24,"16, EGLISE (ALLEE DE L')",,,Nuit sans éclairage public,En agglomération,Hors intersection,Normale,Autre collision,,,,,,,,,,,3,2,1,1,6
200600039626,0006-07-07 22:45:00,6,7,7,22,45,640,102,"72, ALSACE LORRAINE (BOU",,,Nuit avec éclairage non allumé,En agglomération,Giratoire,Normale,Deux véhicules - côté,,,,,,,,,,,4,2,6,1,3
200600039627,0006-07-08 13:35:00,6,7,8,13,35,640,24,"., ALEXANDRE (RUE)",,,Plein jour,En agglomération,Intersection en X,Normale,Deux véhicules - côté,,,,,,,,,,,1,2,2,1,3
200600039628,0006-07-12 14:24:00,6,7,12,14,24,640,102,"., URSUYA (AVENUE DE L')",,,Plein jour,En agglomération,Hors intersection,Normale,Trois véhicules et plus - en chaîne,,,,,,,,,,,1,2,1,1,4
200600039629,0006-07-12 15:55:00,6,7,12,15,55,640,102,"7, JOUANDIN (AVENUE)",,,Plein jour,En agglomération,Hors intersection,Normale,Autre collision,,,,,,,,,,,1,2,1,1,6
200600039630,0006-07-19 09:13:00,6,7,19,9,13,640,24,"43, LAPORTE (AVENUE JEAN",,,Plein jour,Hors agglomération,Hors intersection,Normale,Autre collision,,,,,,,,,,,1,1,1,1,6
200600039631,0006-07-19 17:30:00,6,7,19,17,30,640,102,"14, SAINSONTAN (CHEMIN)",,,Plein jour,En agglomération,Intersection en T,Normale,Deux véhicules - côté,,,,,,,,,,,1,2,3,1,3
200600039632,0006-07-24 18:30:00,6,7,24,18,30,640,24,"52, PLAGES (BOULEVARD DE",,,Plein jour,En agglomération,Hors intersection,Normale,Deux véhicules - côté,,,,,,,,,,,1,2,1,1,3
200600039633,0006-07-25 22:15:00,6,7,25,22,15,640,102,"1, RAYMOND DE MARTRES (A",,,Nuit avec éclairage allumé,En agglomération,Intersection en T,Normale,Autre collision,,,,,,,,,,,5,2,3,1,6
200600039634,0006-07-26 17:50:00,6,7,26,17,50,640,24,ADOUR (AVENUE DE L'),,,Plein jour,En agglomération,Hors intersection,Normale,Deux véhicules - côté,,,,,,,,,,,1,2,1,1,3
200600039635,0006-07-28 14:10:00,6,7,28,14,10,640,140,GAULLE (AV CHARLES DE),,,Plein jour,En agglomération,Intersection en X,Normale,Deux véhicules - côté,,,,,,,,,,,1,2,2,1,3
200600039636,0006-07-28 15:14:00,6,7,28,15,14,640,102,"01, LESSEPS (QUAI DE)",,,Plein jour,En agglomération,Hors intersection,Normale,Autre collision,,,,,,,,,,,1,2,1,1,6
200600039637,0006-07-28 16:20:00,6,7,28,16,20,640,24,"15, GUYNEMER (AVENUE)",,,Plein jour,En agglomération,Hors intersection,Normale,Trois véhicules et plus - collisions multiples,,,,,,,,,,,1,2,1,1,5
200600039638,0006-07-04 13:30:00,6,7,4,13,30,640,122,"8, SEGURE ( IMPASSE -AVE",,,Plein jour,En agglomération,Hors intersection,Normale,Sans collision,,,,,,,,,,,1,2,1,1,7
200600039639,0006-07-04 18:42:00,6,7,4,18,42,640,122,"14, ""FOCH (AV, DU MARECH",,,Plein jour,En agglomération,Hors intersection,Normale,Autre collision,,,,,,,,,,,1,2,1,1,6
200600039640,0006-07-06 17:00:00,6,7,6,17,0,640,122,"49, LAHOUZE (AVENUE)",,,Plein jour,En agglomération,Hors intersection,Normale,Deux véhicules - frontale,,,,,,,,,,,1,2,1,1,1
200600039641,0006-07-08 11:00:00,6,7,8,11,0,640,122,"., CARNOT (AV)",,,Plein jour,En agglomération,Hors intersection,Normale,Autre collision,,,,,,,,,,,1,2,1,1,6
200600039642,0006-07-08 17:00:00,6,7,8,17,0,640,125,"., CORNICHE DE LA FALAIS",,,Plein jour,En agglomération,Intersection en T,Normale,Deux véhicules - côté,,,,,,,,,,,1,2,3,1,3
200600039643,0006-07-11 05:00:00,6,7,11,5,0,640,122,MILADY (AVENUE DE LA),,,Nuit avec éclairage allumé,En agglomération,Hors intersection,Normale,Sans collision,,,,,,,,,,,5,2,1,1,7
200600039644,0006-07-11 14:30:00,6,7,11,14,30,640,122,MADRID (RUE DE),,,Plein jour,En agglomération,Hors intersection,Normale,Deux véhicules - côté,,,,,,,,,,,1,2,1,1,3
200600039645,0006-07-11 20:17:00,6,7,11,20,17,640,125,AHETZE (ROUTE),,,Plein jour,Hors agglomération,Hors intersection,Normale,Deux véhicules - frontale,,,,,,,,,,,1,1,1,1,1
200600039646,0006-07-13 21:00:00,6,7,13,21,0,640,125,"., ESPAGNE (AVENUE D')",,,Crépuscule ou aube,En agglomération,Hors intersection,Normale,Sans collision,,,,,,,,,,,2,2,1,1,7
200600039647,0006-07-14 15:25:00,6,7,14,15,25,640,122,"., MARCEL DASSAULT (BD)",,,Plein jour,Hors agglomération,Hors intersection,Normale,Deux véhicules - côté,,,,,,,,,,,1,1,1,1,3
200600039648,0006-07-14 21:30:00,6,7,14,21,30,640,122,"., ""FOCH (AV, DU MARECHA",,,Crépuscule ou aube,En agglomération,Hors intersection,Normale,Deux véhicules - côté,,,,,,,,,,,2,2,1,1,3
200600039649,0006-07-16 04:00:00,6,7,16,4,0,640,122,"8, MIGRON (AVENUE DE)",,,Nuit avec éclairage allumé,En agglomération,Hors intersection,Normale,Deux véhicules - côté,,,,,,,,,,,5,2,1,1,3
200600039650,0006-07-16 22:45:00,6,7,16,22,45,640,122,"19, ""FOCH (AV, DU MARECH",,,Nuit avec éclairage allumé,En agglomération,Hors intersection,Normale,Deux véhicules - côté,,,,,,,,,,,5,2,1,1,3
200600039651,0006-07-17 12:30:00,6,7,17,12,30,640,122,"., LARRALDE (RUE)",,,Plein jour,En agglomération,Hors intersection,Normale,Sans collision,,,,,,,,,,,1,2,1,1,7
200600039652,0006-07-17 15:35:00,6,7,17,15,35,640,125,"., PLATEAU (AVENUE DU)",,,Plein jour,En agglomération,Hors intersection,Normale,Autre collision,,,,,,,,,,,1,2,1,1,6
200600039653,0006-07-20 08:45:00,6,7,20,8,45,640,122,"63, MILADY (AVENUE DE LA",,,Plein jour,En agglomération,Hors intersection,Normale,Deux véhicules - côté,,,,,,,,,,,1,2,1,1,3
200600039654,0006-07-20 13:30:00,6,7,20,13,30,640,122,"4, UNIVERSITE AMERICAINE",,,Plein jour,En agglomération,Hors intersection,Normale,Deux véhicules - côté,,,,,,,,,,,1,2,1,1,3
200600039655,0006-07-20 14:25:00,6,7,20,14,25,640,122,"., BEAURIVAGE (AVENUE- P",,,Plein jour,En agglomération,Hors intersection,Normale,Sans collision,,,,,,,,,,,1,2,1,1,7
200600039656,0006-07-20 12:30:00,6,7,20,12,30,640,122,"2, ESTAGNAS (RUE DE L')",,,Plein jour,En agglomération,Hors intersection,Normale,Sans collision,,,,,,,,,,,1,2,1,1,7
200600039657,0006-07-22 16:05:00,6,7,22,16,5,640,125,"7, CUMBA (AVENUE)",,,Plein jour,En agglomération,Hors intersection,Normale,Deux véhicules - côté,,,,,,,,,,,1,2,1,1,3
200600039658,0006-07-24 23:30:00,6,7,24,23,30,640,122,"., ""KENNEDY (AVENUE DU P",,,Nuit avec éclairage allumé,En agglomération,Autre intersection,Normale,Deux véhicules - côté,,,,,,,,,,,5,2,9,1,3
200600039659,0006-07-25 17:30:00,6,7,25,17,30,640,125,"., PLATEAU (AVENUE DU)",,,Plein jour,En agglomération,Intersection en X,Normale,Deux véhicules - côté,,,,,,,,,,,1,2,2,1,3
200600039660,0006-07-26 19:50:00,6,7,26,19,50,640,122,"78, VERDUN (AVENUE DE)",,,Plein jour,En agglomération,Intersection en X,Pluie forte,Deux véhicules - côté,,,,,,,,,,,1,2,2,3,3
200600039661,0006-07-28 05:55:00,6,7,28,5,55,640,125,BAYONNE (AVENUE DE),,,Crépuscule ou aube,Hors agglomération,Hors intersection,Normale,Autre collision,,,,,,,,,,,2,1,1,1,6
200600039662,0006-07-28 14:35:00,6,7,28,14,35,640,125,"., PLATEAU (AVENUE DU)",,,Plein jour,Hors agglomération,Hors intersection,Normale,Autre collision,,,,,,,,,,,1,1,1,1,6
200600039663,0006-07-01 11:50:00,6,7,1,11,50,640,129,BAYONNE DE,,,Plein jour,En agglomération,Hors intersection,Normale,Deux véhicules - côté,,,,,,,,,,,1,2,1,1,3
200600039664,0006-07-03 20:15:00,6,7,3,20,15,640,129,BAYONNE DE,,,Crépuscule ou aube,En agglomération,Intersection en X,Normale,Deux véhicules - côté,,,,,,,,,,,2,2,2,1,3
200600039665,0006-07-05 18:28:00,6,7,5,18,28,640,335,"1, TARBES DE",,,Plein jour,En agglomération,Intersection en T,Pluie légère,Deux véhicules - côté,,,,,,,,,,,1,2,3,2,3
200600039666,0006-07-06 03:25:00,6,7,6,3,25,640,445,"21, CARNOT",,,Nuit avec éclairage allumé,En agglomération,Intersection en X,Pluie forte,Autre collision,,,,,,,,,,,5,2,2,3,6
200600039667,0006-07-05 23:43:00,6,7,5,23,43,640,445,"142, JEAN MERMOZ",,,Nuit avec éclairage allumé,En agglomération,Hors intersection,Pluie légère,Deux véhicules - arrière,,,,,,,,,,,5,2,1,2,2
200600039668,0006-07-10 05:05:00,6,7,10,5,5,640,445,14 JUILLET DU,,,Nuit avec éclairage allumé,En agglomération,Hors intersection,Normale,Autre collision,,,,,,,,,,,5,2,1,1,6
200600039669,0006-07-09 15:50:00,6,7,9,15,50,640,284,"82, HENRI 4",,,Plein jour,En agglomération,Hors intersection,Normale,Deux véhicules - côté,,,,,,,,,,,1,2,1,1,3
200600039670,0006-07-13 21:58:00,6,7,13,21,58,640,445,JEAN MERMOZ,,,Crépuscule ou aube,En agglomération,Hors intersection,Normale,Autre collision,,,,,,,,,,,2,2,1,1,6
200600039671,0006-07-15 00:10:00,6,7,15,0,10,640,445,"25, LILAS DES",,,Nuit avec éclairage allumé,En agglomération,Intersection en T,Normale,Deux véhicules - côté,,,,,,,,,,,5,2,3,1,3
200600039672,0006-07-18 11:25:00,6,7,18,11,25,640,269,"13, AUGAS DES",,,Plein jour,En agglomération,Hors intersection,Normale,Deux véhicules - frontale,,,,,,,,,,,1,2,1,1,1
200600039673,0006-07-22 19:00:00,6,7,22,19,0,640,445,ERIC TABARLY,,,Plein jour,En agglomération,Giratoire,Normale,Deux véhicules - arrière,,,,,,,,,,,1,2,6,1,2
200600039674,0006-07-23 08:05:00,6,7,23,8,5,640,445,JEAN MERMOZ,,,Plein jour,En agglomération,Hors intersection,Normale,Deux véhicules - arrière,,,,,,,,,,,1,2,1,1,2
200600039675,0006-07-24 19:45:00,6,7,24,19,45,640,445,"20, ALLIES DES",,,Plein jour,En agglomération,Intersection en X,Normale,Deux véhicules - côté,,,,,,,,,,,1,2,2,1,3
200600039676,0006-07-28 15:50:00,6,7,28,15,50,640,445,"1, LILAS DES",,,Plein jour,En agglomération,Intersection en X,Normale,Deux véhicules - côté,,,,,,,,,,,1,2,2,1,3
200600039677,0006-07-30 01:25:00,6,7,30,1,25,640,237,", VALLEE HEUREUSE",,,Nuit avec éclairage allumé,En agglomération,Hors intersection,Normale,Autre collision,,,,,,,,,,,5,2,1,1,6
200600039678,0006-07-04 09:15:00,6,7,4,9,15,640,260,CD 912,,,Plein jour,En agglomération,Hors intersection,Normale,Autre collision,,,,,,,,,,,1,2,1,1,6
200600039679,0006-07-08 16:20:00,6,7,8,16,20,640,545,NATIONALE 10,,,Plein jour,Hors agglomération,Hors intersection,Normale,Deux véhicules - arrière,,,,,,,,,,,1,1,1,1,2
200600039680,0006-07-10 12:30:00,6,7,10,12,30,640,260,"14, INDUSTRIE (RUE DE L'",,,Plein jour,En agglomération,Hors intersection,Normale,Deux véhicules - côté,,,,,,,,,,,1,2,1,1,3
200600039681,0006-07-22 18:00:00,6,7,22,18,0,640,260,"16, EMPEREUR (BOULEVARD",,,Plein jour,En agglomération,Hors intersection,Normale,Deux véhicules - côté,,,,,,,,,,,1,2,1,1,3