accident_id,datetime,annee,mois,jour,heure,minute,departement,commune_insee,adresse,latitude,longitude,luminosite,agglomeration,intersection,meteo,collision,nb_vehicules,nb_usagers,nb_indemnes,nb_tues,nb_blesses_hosp,nb_blesses_legers,age_cond_1,age_cond_2,veh_type_cond_1,veh_type_cond_2,lum_code,agg_code,int_code,atm_code,col_code
200600039682,0006-07-28 10:10:00,6,7,28,10,10,640,260,RN 111,,,Plein jour,En agglomération,Hors intersection,Pluie légère,Sans collision,,,,,,,,,,,1,2,1,2,7
200600039683,0006-07-28 16:55:00,6,7,28,16,55,640,260,"95, MER (BOULEVARD DE LA",,,Plein jour,En agglomération,Hors intersection,Normale,Autre collision,,,,,,,,,,,1,2,1,1,6
200600039684,0006-07-29 14:55:00,6,7,29,14,55,640,260,CD358,,,Plein jour,En agglomération,Hors intersection,Normale,Deux véhicules - arrière,,,,,,,,,,,1,2,1,1,2
200600039685,0006-07-30 11:40:00,6,7,30,11,40,640,545,"1, BIRIATOU (CHEMIN DE)",,,Plein jour,En agglomération,Hors intersection,Normale,Sans collision,,,,,,,,,,,1,2,1,1,7
200600039686,0006-07-04 13:45:00,6,7,4,13,45,640,189,"44, OIHAN ALDE (AVENUE)",,,Plein jour,En agglomération,Hors intersection,Normale,Autre collision,,,,,,,,,,,1,2,1,1,6
200600039687,0006-07-08 17:40:00,6,7,8,17,40,640,189,CORNICHE (ROUTE DE LA),,,Plein jour,Hors agglomération,Hors intersection,Normale,Deux véhicules - arrière,,,,,,,,,,,1,1,1,1,2
200600039688,0006-07-07 15:45:00,6,7,7,15,45,640,483,HABAS MATHIEU OU PERE (A,,,Plein jour,En agglomération,Hors intersection,Normale,Deux véhicules - frontale,,,,,,,,,,,1,2,1,1,1
200600039689,0006-07-13 08:55:00,6,7,13,8,55,640,483,"2, LARRAMENDY PIERRE (AV",,,Plein jour,En agglomération,Hors intersection,Normale,Autre collision,,,,,,,,,,,1,2,1,1,6
200600039690,0006-07-13 17:05:00,6,7,13,17,5,640,483,CHANTACO (AVENUE DE ),,,Plein jour,En agglomération,Hors intersection,Normale,Autre collision,,,,,,,,,,,1,2,1,1,6
200600039691,0006-07-17 12:15:00,6,7,17,12,15,640,483,"1, FOCH FERDINAND (PLACE",,,Plein jour,En agglomération,Hors intersection,Normale,Deux véhicules - côté,,,,,,,,,,,1,2,1,1,3
200600039692,0006-07-18 12:00:00,6,7,18,12,0,640,483,"12, THIERS ADOLPHE (BOUL",,,Plein jour,En agglomération,Hors intersection,Normale,Autre collision,,,,,,,,,,,1,2,1,1,6
200600039693,0006-07-19 10:50:00,6,7,19,10,50,640,483,"1, VEYRIN PHILIPPE (RUE)",,,Plein jour,En agglomération,Intersection en T,Normale,Deux véhicules - frontale,,,,,,,,,,,1,2,3,1,1
200600039694,0006-07-19 13:50:00,6,7,19,13,50,640,483,ITHURRALDE ANDRE (AVENUE,,,Plein jour,En agglomération,Hors intersection,Normale,Deux véhicules - côté,,,,,,,,,,,1,2,1,1,3
200600039695,0006-07-23 22:10:00,6,7,23,22,10,640,483,ITHURRALDE ANDRE (AVENUE,,,Nuit avec éclairage allumé,En agglomération,Hors intersection,Normale,Autre collision,,,,,,,,,,,5,2,1,1,6
200600039696,0006-07-24 03:30:00,6,7,24,3,30,640,483,RN10,,,Nuit avec éclairage allumé,Hors agglomération,Hors intersection,Normale,Autre collision,,,,,,,,,,,5,1,1,1,6
200600039697,0006-07-25 06:55:00,6,7,25,6,55,640,483,RN10,,,Crépuscule ou aube,En agglomération,Hors intersection,Normale,Deux véhicules - arrière,,,,,,,,,,,2,2,1,1,2
200600039698,0006-07-27 15:15:00,6,7,27,15,15,640,483,"63, SAINT PEE (VIEILLE R",,,Plein jour,En agglomération,Hors intersection,Normale,Deux véhicules - arrière,,,,,,,,,,,1,2,1,1,2
200600039699,0006-07-27 19:45:00,6,7,27,19,45,640,545,RN10,,,Crépuscule ou aube,En agglomération,Hors intersection,Pluie forte,Trois véhicules et plus - en chaîne,,,,,,,,,,,2,2,1,3,4
200600039700,0006-07-28 00:15:00,6,7,28,0,15,640,483,PYRENEES (AVENUE DES),,,Nuit avec éclairage allumé,En agglomération,Hors intersection,Pluie forte,Deux véhicules - côté,,,,,,,,,,,5,2,1,3,3
200600039701,0006-07-02 08:30:00,6,7,2,8,30,640,483,CHANTACO (AVENUE DE ),,,Plein jour,Hors agglomération,Hors intersection,Normale,Sans collision,,,,,,,,,,,1,1,1,1,7
200600039702,0006-07-02 12:10:00,6,7,2,12,10,640,545,IBARDIN (ROUTE D'),,,Plein jour,Hors agglomération,Hors intersection,Normale,Autre collision,,,,,,,,,,,1,1,1,1,6
200600039703,0006-07-09 12:40:00,6,7,9,12,40,640,483,"1, FOCH FERDINAND (PLACE",,,Plein jour,En agglomération,Hors intersection,Normale,Autre collision,,,,,,,,,,,1,2,1,1,6
200600039704,0006-07-10 12:10:00,6,7,10,12,10,640,483,"39, HUGO VICTOR (BOULEVA",,,Plein jour,En agglomération,Hors intersection,Normale,Autre collision,,,,,,,,,,,1,2,1,1,6
200600039705,0006-07-10 10:40:00,6,7,10,10,40,640,483,SAINT PEE (VIEILLE ROUTE,,,Plein jour,Hors agglomération,Hors intersection,Normale,Sans collision,,,,,,,,,,,1,1,1,1,7
200600039706,0006-07-18 23:25:00,6,7,18,23,25,640,483,"2, LARRAMENDY PIERRE (AV",,,Nuit avec éclairage allumé,En agglomération,Hors intersection,Pluie légère,Deux véhicules - côté,,,,,,,,,,,5,2,1,2,3
200600039707,0006-07-23 08:25:00,6,7,23,8,25,640,545,RN10,,,Plein jour,En agglomération,Hors intersection,Normale,Autre collision,,,,,,,,,,,1,2,1,1,6
200600039708,0006-07-28 21:30:00,6,7,28,21,30,640,483,LAHANCHIPIA (AVENUE),,,Crépuscule ou aube,En agglomération,Hors intersection,Normale,Deux véhicules - côté,,,,,,,,,,,2,2,1,1,3
200600039709,0006-07-28 23:20:00,6,7,28,23,20,640,483,SAINT PEE (VIEILLE ROUTE,,,Nuit avec éclairage allumé,Hors agglomération,Hors intersection,Normale,Deux véhicules - frontale,,,,,,,,,,,5,1,1,1,1
200600039710,0006-07-07 10:55:00,6,7,7,10,55,650,286,GAVE (BOULEVARD DU),,,Plein jour,En agglomération,Intersection en X,Normale,Deux véhicules - côté,,,,,,,,,,,1,2,2,1,3
200600039711,0006-07-25 12:25:00,6,7,25,12,25,650,286,EGALITE (RUE DE L'),,,Plein jour,En agglomération,Hors intersection,Normale,Autre collision,,,,,,,,,,,1,2,1,1,6
200600039712,0006-07-01 07:15:00,6,7,1,7,15,650,226,NATIONALE 117 (ROUTE),,,Plein jour,Hors agglomération,Intersection en X,Normale,Deux véhicules - côté,,,,,,,,,,,1,1,2,1,3
200600039713,0006-07-01 09:50:00,6,7,1,9,50,650,440,DEBUSSY (BOULEVARD CLAUD,,,Plein jour,En agglomération,Passage à niveau,Normale,Autre collision,,,,,,,,,,,1,2,8,1,6
200600039714,0006-07-01 16:25:00,6,7,1,16,25,650,100,"., CASSIN (RUE RENE)",,,Plein jour,Hors agglomération,Hors intersection,Normale,Autre collision,,,,,,,,,,,1,1,1,1,6
200600039715,0006-07-03 09:05:00,6,7,3,9,5,650,440,"58, CORPS FRANC POMMIES",,,Plein jour,En agglomération,Hors intersection,Pluie légère,Deux véhicules - côté,,,,,,,,,,,1,2,1,2,3
200600039716,0006-07-04 10:25:00,6,7,4,10,25,650,100,", GAYAN (CHEMIN DE)",,,Plein jour,Hors agglomération,Hors intersection,Normale,Autre collision,,,,,,,,,,,1,1,1,1,6
200600039717,0006-07-04 14:49:00,6,7,4,14,49,650,100,"1, BORDEAUX (ROUTE DE) C",,,Plein jour,En agglomération,Hors intersection,Normale,Trois véhicules et plus - en chaîne,,,,,,,,,,,1,2,1,1,4
200600039718,0006-07-05 12:04:00,6,7,5,12,4,650,440,"., LAMARTINE (RUE)",,,Plein jour,En agglomération,Intersection en X,Pluie légère,Deux véhicules - côté,,,,,,,,,,,1,2,2,2,3
200600039719,0006-07-07 18:20:00,6,7,7,18,20,650,331,"76, LOURDES (AVENUE DE)",,,Plein jour,En agglomération,Hors intersection,Normale,Sans collision,,,,,,,,,,,1,2,1,1,7
200600039720,0006-07-07 21:35:00,6,7,7,21,35,650,440,"., BRETAGNE (RUE DE LA)",,,Crépuscule ou aube,En agglomération,Intersection en X,Normale,Deux véhicules - côté,,,,,,,,,,,2,2,2,1,3
200600039721,0006-07-09 05:15:00,6,7,9,5,15,650,440,"., JUBINAL (RUE ACHILLE)",,,Nuit avec éclairage allumé,En agglomération,Intersection en X,Normale,Deux véhicules - frontale,,,,,,,,,,,5,2,2,1,1
200600039722,0006-07-09 23:15:00,6,7,9,23,15,650,440,"., LACAUSSADE (BOULEVARD",,,Nuit avec éclairage allumé,En agglomération,Intersection en T,Normale,Deux véhicules - arrière,,,,,,,,,,,5,2,3,1,2
200600039723,0006-07-10 15:35:00,6,7,10,15,35,650,226,NATIONALE 21 (ROUTE),,,Plein jour,Hors agglomération,Giratoire,Normale,Trois véhicules et plus - en chaîne,,,,,,,,,,,1,1,6,1,4
200600039724,0006-07-11 08:20:00,6,7,11,8,20,650,440,MAI 1945 (BOULEVARD DU 0,,,Plein jour,En agglomération,Giratoire,Normale,Deux véhicules - côté,,,,,,,,,,,1,2,6,1,3
200600039725,0006-07-12 17:50:00,6,7,12,17,50,650,440,"., CORPS FRANC POMMIES (",,,Plein jour,En agglomération,Intersection en T,Normale,Deux véhicules - arrière,,,,,,,,,,,1,2,3,1,2
200600039726,0006-07-13 08:30:00,6,7,13,8,30,650,440,"., MAQUIS DE SOMBRUN (RU",,,Plein jour,En agglomération,Intersection en X,Normale,Deux véhicules - côté,,,,,,,,,,,1,2,2,1,3
200600039727,0006-07-13 23:10:00,6,7,13,23,10,650,440,"., LAFORGUE (AVENUE JULE",,,Nuit avec éclairage allumé,En agglomération,Intersection en X,Normale,Trois véhicules et plus - collisions multiples,,,,,,,,,,,5,2,2,1,5
200600039728,0006-07-17 12:00:00,6,7,17,12,0,650,417,"., GUINIER (RUE DU DOCTE",,,Plein jour,En agglomération,Intersection en T,Normale,Sans collision,,,,,,,,,,,1,2,3,1,7
200600039729,0006-07-19 17:45:00,6,7,19,17,45,650,440,"., BAGNERES (ROUTE DE)",,,Plein jour,En agglomération,Hors intersection,Normale,Trois véhicules et plus - en chaîne,,,,,,,,,,,1,2,1,1,4
200600039730,0006-07-20 14:50:00,6,7,20,14,50,650,440,DEBUSSY (BOULEVARD CLAUD,,,Plein jour,En agglomération,Hors intersection,Normale,Trois véhicules et plus - en chaîne,,,,,,,,,,,1,2,1,1,4
200600039731,0006-07-21 12:28:00,6,7,21,12,28,650,440,"., ECHEZ (BOULEVARD DE L",,,Plein jour,En agglomération,Intersection en T,Normale,Deux véhicules - côté,,,,,,,,,,,1,2,3,1,3
200600039732,0006-07-21 15:55:00,6,7,21,15,55,650,440,ALSACE LORRAINE (AVENUE),,,Plein jour,En agglomération,Hors intersection,Normale,Autre collision,,,,,,,,,,,1,2,1,1,6
200600039733,0006-07-22 16:20:00,6,7,22,16,20,650,440,"47, LACAUSSADE (BOULEVAR",,,Plein jour,En agglomération,Intersection en X,Normale,Deux véhicules - arrière,,,,,,,,,,,1,2,2,1,2
200600039734,0006-07-24 18:15:00,6,7,24,18,15,650,440,"47, LARREY (RUE)",,,Plein jour,En agglomération,Intersection en T,Normale,Autre collision,,,,,,,,,,,1,2,3,1,6
200600039735,0006-07-26 14:55:00,6,7,26,14,55,650,440,"., LECLERC (ALLEES GENER",,,Plein jour,En agglomération,Giratoire,Normale,Deux véhicules - arrière,,,,,,,,,,,1,2,6,1,2
200600039736,0006-07-31 10:35:00,6,7,31,10,35,650,440,"27, LARREY (RUE)",,,Plein jour,En agglomération,Hors intersection,Normale,Autre collision,,,,,,,,,,,1,2,1,1,6
200600039737,0006-07-30 11:05:00,6,7,30,11,5,650,440,"30, HENRI IV (BOULEVARD)",,,Plein jour,En agglomération,Hors intersection,Normale,Autre collision,,,,,,,,,,,1,2,1,1,6
200600039738,0006-07-31 23:10:00,6,7,31,23,10,650,440,"., MASSEY (RUE)",,,Nuit avec éclairage allumé,En agglomération,Intersection en X,Normale,Autre collision,,,,,,,,,,,5,2,2,1,6
200600039739,0006-07-02 11:00:00,6,7,2,11,0,660,136,"3387, PRADES (AVENUE DE)",,,Plein jour,Hors agglomération,Intersection en T,Normale,Deux véhicules - côté,,,,,,,,,,,1,1,3,1,3
200600039740,0006-07-05 17:50:00,6,7,5,17,50,660,136,JULIEN PANCHOT (AVENUE),,,Plein jour,En agglomération,Intersection en T,Normale,Deux véhicules - frontale,,,,,,,,,,,1,2,3,1,1
200600039741,0006-07-06 07:15:00,6,7,6,7,15,660,136,OCCITANIE (RAMBLA DE L'),,,Plein jour,En agglomération,Intersection en X,Normale,Trois véhicules et plus - collisions multiples,,,,,,,,,,,1,2,2,1,5
200600039742,0006-07-07 20:20:00,6,7,7,20,20,660,136,RUBENS (PAUL),,,Plein jour,En agglomération,Intersection en T,Normale,Deux véhicules - côté,,,,,,,,,,,1,2,3,1,3
200600039743,0006-07-07 09:20:00,6,7,7,9,20,660,136,"44, JOFFRE (AVENUE DU MA",,,Plein jour,En agglomération,Hors intersection,Normale,Deux véhicules - côté,,,,,,,,,,,1,2,1,1,3
200600039744,0006-07-10 11:20:00,6,7,10,11,20,660,136,ORBAIS (JEAN D'),,,Plein jour,En agglomération,Intersection en X,Normale,Deux véhicules - côté,,,,,,,,,,,1,2,2,1,3
200600039745,0006-07-11 16:15:00,6,7,11,16,15,660,136,"3, ARAGO FRANCOIS PLACE",,,Plein jour,En agglomération,Hors intersection,Normale,Autre collision,,,,,,,,,,,1,2,1,1,6
200600039746,0006-07-20 20:30:00,6,7,20,20,30,660,136,ROUTE NATIONALE 9,,,Crépuscule ou aube,Hors agglomération,Hors intersection,Normale,Deux véhicules - frontale,,,,,,,,,,,2,1,1,1,1
200600039747,0006-07-19 16:20:00,6,7,19,16,20,660,136,PRADES (AVENUE DE),,,Plein jour,En agglomération,Hors intersection,Normale,Deux véhicules - côté,,,,,,,,,,,1,2,1,1,3
200600039748,0006-07-22 20:15:00,6,7,22,20,15,660,136,Carol  (Rue de),,,Plein jour,En agglomération,Hors intersection,Normale,Autre collision,,,,,,,,,,,1,2,1,1,6
200600039749,0006-07-25 12:35:00,6,7,25,12,35,660,136,CERBERE (DE),,,Plein jour,En agglomération,Intersection en X,Normale,Deux véhicules - côté,,,,,,,,,,,1,2,2,1,3
200600039750,0006-07-27 23:30:00,6,7,27,23,30,660,136,BRIAND BOULEVARD ARISTID,,,Nuit avec éclairage allumé,En agglomération,Intersection en X,Normale,Deux véhicules - côté,,,,,,,,,,,5,2,2,1,3
200600039751,0006-07-31 16:07:00,6,7,31,16,7,660,136,ARGELES SUR MER AVENUE D,,,Plein jour,Hors agglomération,Hors intersection,Normale,Trois véhicules et plus - en chaîne,,,,,,,,,,,1,1,1,1,4
200600039752,0006-07-04 21:15:00,6,7,4,21,15,660,136,", OISEAUX (DES)",,,Crépuscule ou aube,En agglomération,Intersection en X,Normale,Deux véhicules - côté,,,,,,,,,,,2,2,2,1,3
200600039753,0006-07-18 16:30:00,6,7,18,16,30,670,180,", SCHIRRHEIN (ROUTE DE)",,,Plein jour,Hors agglomération,Hors intersection,Normale,Deux véhicules - frontale,,,,,,,,,,,1,1,1,1,1
200600039754,0006-07-18 23:05:00,6,7,18,23,5,670,462,MARCKOLSHEIM (ROUTE DE),,,Nuit sans éclairage public,En agglomération,Hors intersection,Normale,Deux véhicules - frontale,,,,,,,,,,,3,2,1,1,1
200600039755,0006-07-28 15:20:00,6,7,28,15,20,670,462,EPFIG (ROUTE D),,,Plein jour,Hors agglomération,Hors intersection,Normale,Deux véhicules - frontale,,,,,,,,,,,1,1,1,1,1
200600039756,0006-07-01 15:00:00,6,7,1,15,0,670,482,"00, BORDEAUX (PLACE DE)",,,Plein jour,En agglomération,Place,Normale,Autre collision,,,,,,,,,,,1,2,7,1,6
200600039757,0006-07-01 17:20:00,6,7,1,17,20,670,482,"1, SOULTZ (RUE DE)",,,Plein jour,En agglomération,Intersection en T,Normale,Autre collision,,,,,,,,,,,1,2,3,1,6
200600039758,0006-07-01 17:50:00,6,7,1,17,50,670,482,"0, DUCS (RUE DES)",,,Plein jour,En agglomération,Intersection en X,Normale,Deux véhicules - côté,,,,,,,,,,,1,2,2,1,3
200600039759,0006-07-01 22:50:00,6,7,1,22,50,670,482,"0, NEUHOF (ROUTE)",,,Nuit avec éclairage allumé,En agglomération,Intersection en Y,Normale,Autre collision,,,,,,,,,,,5,2,4,1,6
200600039760,0006-07-01 23:15:00,6,7,1,23,15,670,482,"00, BATELIERS (QUAI DES)",,,Nuit avec éclairage allumé,En agglomération,Intersection en T,Normale,Deux véhicules - côté,,,,,,,,,,,5,2,3,1,3
200600039761,0006-07-02 04:30:00,6,7,2,4,30,670,482,"00, SEBASTIEN BRANT (PLA",,,Nuit avec éclairage allumé,En agglomération,Hors intersection,Normale,Autre collision,,,,,,,,,,,5,2,1,1,6
200600039762,0006-07-02 14:30:00,6,7,2,14,30,670,43,"57, BISCHWILLER (ROUTE D",,,Plein jour,En agglomération,Intersection en X,Normale,Deux véhicules - côté,,,,,,,,,,,1,2,2,1,3
200600039763,0006-07-02 18:00:00,6,7,2,18,0,670,482,"00, CORSE (RUE DE LA)",,,Plein jour,En agglomération,Intersection en T,Normale,Deux véhicules - côté,,,,,,,,,,,1,2,3,1,3
200600039764,0006-07-02 18:25:00,6,7,2,18,25,670,482,"00, CLEMENCEAU (BOULEVAR",,,Plein jour,En agglomération,Intersection en T,Normale,Deux véhicules - côté,,,,,,,,,,,1,2,3,1,3
200600039765,0006-07-03 09:56:00,6,7,3,9,56,670,482,"223, LA WANTZENAU (ROUTE",,,Plein jour,En agglomération,Hors intersection,Normale,Trois véhicules et plus - collisions multiples,,,,,,,,,,,1,2,1,1,5
200600039766,0006-07-03 19:45:00,6,7,3,19,45,670,482,"0, GENERAL DE GAULLE (AV",,,Plein jour,En agglomération,Intersection en T,Normale,Autre collision,,,,,,,,,,,1,2,3,1,6
200600039767,0006-07-04 08:30:00,6,7,4,8,30,670,267,"27, MARECHAL FOCH (RUE D",,,Plein jour,En agglomération,Hors intersection,Normale,Trois véhicules et plus - collisions multiples,,,,,,,,,,,1,2,1,1,5
200600039768,0006-07-04 11:35:00,6,7,4,11,35,670,447,GENERAL DE GAULLE (ROUTE,,,Plein jour,En agglomération,Intersection en X,Normale,Deux véhicules - côté,,,,,,,,,,,1,2,2,1,3
200600039769,0006-07-04 17:45:00,6,7,4,17,45,670,482,"202, SCHIRMECK (ROUTE DE",,,Plein jour,En agglomération,Hors intersection,Normale,Deux véhicules - côté,,,,,,,,,,,1,2,1,1,3
200600039770,0006-07-05 17:30:00,6,7,5,17,30,670,482,"00, OBERHAUSBERGEN (ROUT",,,Plein jour,En agglomération,Intersection à plus de 4 branches,Normale,Deux véhicules - côté,,,,,,,,,,,1,2,5,1,3
200600039771,0006-07-05 18:15:00,6,7,5,18,15,670,267,"2, HIRONDELLES (RUE DES)",,,Plein jour,En agglomération,Hors intersection,Normale,Deux véhicules - côté,,,,,,,,,,,1,2,1,1,3
200600039772,0006-07-05 20:15:00,6,7,5,20,15,670,365,"0, GENERAL LECLERC (RUE",,,Crépuscule ou aube,En agglomération,Intersection en T,Pluie forte,Deux véhicules - côté,,,,,,,,,,,2,2,3,3,3
200600039773,0006-07-05 23:25:00,6,7,5,23,25,670,482,"00, KAGENECK (RUE)",,,Nuit avec éclairage allumé,En agglomération,Intersection en X,Normale,Deux véhicules - côté,,,,,,,,,,,5,2,2,1,3
200600039774,0006-07-06 21:00:00,6,7,6,21,0,670,43,"0, EUROPE (CARREFOUR DE",,,Crépuscule ou aube,En agglomération,Intersection en X,Temps couvert,Deux véhicules - côté,,,,,,,,,,,2,2,2,8,3
200600039775,0006-07-07 17:20:00,6,7,7,17,20,670,365,"00, 23 NOVEMBRE (RUE DU)",,,Plein jour,En agglomération,Hors intersection,Pluie légère,Trois véhicules et plus - en chaîne,,,,,,,,,,,1,2,1,2,4
200600039776,0006-07-08 07:30:00,6,7,8,7,30,670,482,"00, OBERHAUSBERGEN (ROUT",,,Plein jour,En agglomération,Intersection en X,Normale,Deux véhicules - côté,,,,,,,,,,,1,2,2,1,3
200600039777,0006-07-08 14:35:00,6,7,8,14,35,670,482,CHARLES PEGUY (RUE),,,Plein jour,En agglomération,Hors intersection,Pluie légère,Autre collision,,,,,,,,,,,1,2,1,2,6
200600039778,0006-07-09 00:10:00,6,7,9,0,10,670,482,FORET NOIRE (AVENUE DE L,,,Nuit avec éclairage allumé,En agglomération,Intersection en X,Normale,Deux véhicules - côté,,,,,,,,,,,5,2,2,1,3
200600039779,0006-07-10 02:15:00,6,7,10,2,15,670,482,"0, COLMAR (AVENUE DE)",,,Nuit avec éclairage allumé,En agglomération,Intersection en X,Normale,Deux véhicules - côté,,,,,,,,,,,5,2,2,1,3
200600039780,0006-07-12 18:30:00,6,7,12,18,30,670,482,WANTZENAU (RTE DE LA),,,Plein jour,En agglomération,Intersection en T,Normale,Autre collision,,,,,,,,,,,1,2,3,1,6
200600039781,0006-07-13 15:50:00,6,7,13,15,50,670,482,"0, VIRGILE (RUE)",,,Plein jour,En agglomération,Hors intersection,Normale,Autre collision,,,,,,,,,,,1,2,1,1,6
200600039782,0006-07-14 22:35:00,6,7,14,22,35,670,482,"0, GARE (PLACE DE LA)",,,Nuit avec éclairage allumé,En agglomération,Intersection en T,Normale,Deux véhicules - côté,,,,,,,,,,,5,2,3,1,3
200600039783,0006-07-15 05:10:00,6,7,15,5,10,670,365,"51, MARECHAL FOCH (RUE D",,,Crépuscule ou aube,En agglomération,Hors intersection,Normale,Autre collision,,,,,,,,,,,2,2,1,1,6
200600039784,0006-07-15 00:30:00,6,7,15,0,30,670,482,"00, LOUIS PASTEUR (PONT)",,,Nuit avec éclairage allumé,En agglomération,Intersection en X,Normale,Deux véhicules - côté,,,,,,,,,,,5,2,2,1,3
200600039785,0006-07-15 20:22:00,6,7,15,20,22,670,482,"00, DEPORTES (ALLEE DES)",,,Plein jour,En agglomération,Hors intersection,Normale,Autre collision,,,,,,,,,,,1,2,1,1,6
200600039786,0006-07-15 21:10:00,6,7,15,21,10,670,43,ROBERTSAU (RUE DE LA),,,Crépuscule ou aube,En agglomération,Intersection en Y,Normale,Deux véhicules - côté,,,,,,,,,,,2,2,4,1,3
200600039787,0006-07-16 00:40:00,6,7,16,0,40,670,218,"00, VIGNES (RUE DES)",,,Nuit avec éclairage allumé,En agglomération,Intersection en X,Normale,Deux véhicules - côté,,,,,,,,,,,5,2,2,1,3
200600039788,0006-07-16 09:50:00,6,7,16,9,50,670,482,"00, ALSACE (AVENUE D )",,,Plein jour,En agglomération,Intersection en T,Normale,Deux véhicules - côté,,,,,,,,,,,1,2,3,1,3
200600039789,0006-07-17 08:15:00,6,7,17,8,15,670,482,"00, ALPES (QUAI DES)",,,Plein jour,En agglomération,Intersection en T,Normale,Deux véhicules - côté,,,,,,,,,,,1,2,3,1,3
200600039790,0006-07-17 17:20:00,6,7,17,17,20,670,482,"00, DRUSUS (RUE)",,,Plein jour,En agglomération,Hors intersection,Normale,Deux véhicules - frontale,,,,,,,,,,,1,2,1,1,1
200600039791,0006-07-19 16:15:00,6,7,19,16,15,670,204,CHAMPIGNONS (RUE DES),,,Plein jour,En agglomération,Hors intersection,Normale,Autre collision,,,,,,,,,,,1,2,1,1,6
200600039792,0006-07-18 19:35:00,6,7,18,19,35,670,447,"00, PATRIE (RUE DE LA)",,,Plein jour,En agglomération,Intersection en T,Normale,Deux véhicules - côté,,,,,,,,,,,1,2,3,1,3
200600039793,0006-07-19 09:00:00,6,7,19,9,0,670,482,"00, VIENNE (ROUTE DE)",,,Plein jour,En agglomération,Hors intersection,Normale,Deux véhicules - côté,,,,,,,,,,,1,2,1,1,3
200600039794,0006-07-19 16:05:00,6,7,19,16,5,670,482,"00, RHIN (ROUTE DU)",,,Plein jour,En agglomération,Hors intersection,Normale,Deux véhicules - côté,,,,,,,,,,,1,2,1,1,3
200600039795,0006-07-20 10:00:00,6,7,20,10,0,670,482,"33, PREMIERE ARMEE (RUE",,,Plein jour,En agglomération,Hors intersection,Normale,Autre collision,,,,,,,,,,,1,2,1,1,6
200600039796,0006-07-20 15:50:00,6,7,20,15,50,670,482,"03, ROBERTSAU (ALLEE DE",,,Plein jour,En agglomération,Hors intersection,Normale,Deux véhicules - côté,,,,,,,,,,,1,2,1,1,3
200600039797,0006-07-21 12:45:00,6,7,21,12,45,670,482,RHIN (ROUTE DU),,,Plein jour,En agglomération,Intersection en X,Normale,Deux véhicules - côté,,,,,,,,,,,1,2,2,1,3
200600039798,0006-07-21 22:40:00,6,7,21,22,40,670,482,"8, DORDOGNE (BOULEVARD D",,,Nuit avec éclairage allumé,En agglomération,Hors intersection,Normale,Trois véhicules et plus - en chaîne,,,,,,,,,,,5,2,1,1,4
200600039799,0006-07-23 17:00:00,6,7,23,17,0,670,482,"35, FAUBOURG DE SAVERNE",,,Plein jour,En agglomération,Hors intersection,Normale,Autre collision,,,,,,,,,,,1,2,1,1,6
200600039800,0006-07-23 20:20:00,6,7,23,20,20,670,482,"0, PORT DU RHIN (RUE DU)",,,Plein jour,En agglomération,Intersection en X,Normale,Deux véhicules - côté,,,,,,,,,,,1,2,2,1,3
200600039801,0006-07-24 08:30:00,6,7,24,8,30,670,482,"270, COLMAR (AVENUE DE)",,,Plein jour,En agglomération,Hors intersection,Normale,Autre collision,,,,,,,,,,,1,2,1,1,6
200600039802,0006-07-26 01:25:00,6,7,26,1,25,670,482,"00, PETIT RHIN (ROUTE DU",,,Nuit avec éclairage allumé,En agglomération,Hors intersection,Normale,Deux véhicules - frontale,,,,,,,,,,,5,2,1,1,1
200600039803,0006-07-26 12:10:00,6,7,26,12,10,670,267,"00, PRES (RUE DES)",,,Plein jour,En agglomération,Intersection en X,Normale,Deux véhicules - côté,,,,,,,,,,,1,2,2,1,3
200600039804,0006-07-28 05:55:00,6,7,28,5,55,670,482,MITTELHAUSBERGEN (ROUTE,,,Crépuscule ou aube,En agglomération,Intersection en T,Normale,Deux véhicules - côté,,,,,,,,,,,2,2,3,1,3
200600039805,0006-07-28 08:40:00,6,7,28,8,40,670,482,"15, GEORGES WODLI (RUE)",,,Plein jour,En agglomération,Hors intersection,Normale,Deux véhicules - arrière,,,,,,,,,,,1,2,1,1,2
200600039806,0006-07-31 14:30:00,6,7,31,14,30,670,218,"00, STRASBOURG (ROUTE DE",,,Plein jour,En agglomération,Intersection à plus de 4 branches,Normale,Deux véhicules - côté,,,,,,,,,,,1,2,5,1,3
200600039807,0006-07-01 23:00:00,6,7,1,23,0,680,66,"1, ABBE LEMIRE (RUE DE L",,,Nuit avec éclairage allumé,En agglomération,Intersection en T,Normale,Autre collision,,,,,,,,,,,5,2,3,1,6
200600039808,0006-07-04 19:15:00,6,7,4,19,15,680,66,"34, MESANGE (RUE DES)",,,Plein jour,En agglomération,Hors intersection,Normale,Autre collision,,,,,,,,,,,1,2,1,1,6
200600039809,0006-07-07 16:25:00,6,7,7,16,25,680,66,"19, NEUF BRISACH (ROUTE",,,Plein jour,En agglomération,Intersection en X,Normale,Autre collision,,,,,,,,,,,1,2,2,1,6
200600039810,0006-07-07 18:55:00,6,7,7,18,55,680,66,INGERSHEIM (ROUTE D'),,,Plein jour,En agglomération,Intersection en T,Temps éblouissant,Deux véhicules - côté,,,,,,,,,,,1,2,3,7,3
200600039811,0006-07-10 15:30:00,6,7,10,15,30,680,66,ALSACE (RUE D'),,,Plein jour,En agglomération,Intersection en T,Normale,Deux véhicules - arrière,,,,,,,,,,,1,2,3,1,2
200600039812,0006-07-29 08:20:00,6,7,29,8,20,680,66,"1, FLEISCHLHAUER (RUE)",,,Plein jour,En agglomération,Intersection à plus de 4 branches,Normale,Deux véhicules - côté,,,,,,,,,,,1,2,5,1,3