accident_id,datetime,annee,mois,jour,heure,minute,departement,commune_insee,adresse,latitude,longitude,luminosite,agglomeration,intersection,meteo,collision,nb_vehicules,nb_usagers,nb_indemnes,nb_tues,nb_blesses_hosp,nb_blesses_legers,age_cond_1,age_cond_2,veh_type_cond_1,veh_type_cond_2,lum_code,agg_code,int_code,atm_code,col_code
200600039813,0006-07-30 00:34:00,6,7,30,0,34,680,112,PENETRANTE (CD430 BIS),,,Nuit sans éclairage public,En agglomération,Hors intersection,Normale,Sans collision,,,,,,,,,,,3,2,1,1,7
200600039814,0006-07-03 20:15:00,6,7,3,20,15,680,224,ROMAINS (RUE DES),,,Plein jour,En agglomération,Intersection en X,Normale,Deux véhicules - côté,,,,,,,,,,,1,2,2,1,3
200600039815,0006-07-01 15:20:00,6,7,1,15,20,680,224,SIPHON (RUE DU),,,Plein jour,En agglomération,Hors intersection,Normale,Autre collision,,,,,,,,,,,1,2,1,1,6
200600039816,0006-07-05 22:55:00,6,7,5,22,55,680,224,"68, FORST (QUAI DU)",,,Nuit avec éclairage allumé,En agglomération,Intersection en X,Pluie légère,Deux véhicules - côté,,,,,,,,,,,5,2,2,2,3
200600039817,0006-07-11 07:30:00,6,7,11,7,30,680,224,"09, ROMAINS (RUE DES)",,,Plein jour,En agglomération,Intersection en T,Normale,Autre collision,,,,,,,,,,,1,2,3,1,6
200600039818,0006-07-06 18:15:00,6,7,6,18,15,680,224,"05, FORST (QUAI DU)",,,Plein jour,En agglomération,Hors intersection,Normale,Deux véhicules - côté,,,,,,,,,,,1,2,1,1,3
200600039819,0006-07-13 13:00:00,6,7,13,13,0,680,224,BELFORT (RUE DE),,,Plein jour,En agglomération,Giratoire,Normale,Deux véhicules - côté,,,,,,,,,,,1,2,6,1,3
200600039820,0006-07-09 17:59:00,6,7,9,17,59,680,224,"70, STRASBOURG (RUE DE)",,,Plein jour,En agglomération,Hors intersection,Normale,Autre collision,,,,,,,,,,,1,2,1,1,6
200600039821,0006-07-11 16:35:00,6,7,11,16,35,680,56,CLEMENCEAU (RUE),,,Plein jour,En agglomération,Intersection en T,Normale,Deux véhicules - côté,,,,,,,,,,,1,2,3,1,3
200600039822,0006-07-11 18:50:00,6,7,11,18,50,680,224,WESSERLING (RUE DE),,,Plein jour,En agglomération,Intersection en T,Normale,Deux véhicules - côté,,,,,,,,,,,1,2,3,1,3
200600039823,0006-07-17 21:40:00,6,7,17,21,40,680,224,LOISY (RUE DU LIEUTENANT,,,Nuit avec éclairage allumé,En agglomération,Intersection en X,Normale,Deux véhicules - côté,,,,,,,,,,,5,2,2,1,3
200600039824,0006-07-07 10:30:00,6,7,7,10,30,680,224,"46, ALTKIRCH (AVENUE D')",,,Plein jour,En agglomération,Hors intersection,Normale,Autre collision,,,,,,,,,,,1,2,1,1,6
200600039825,0006-07-12 14:10:00,6,7,12,14,10,680,224,"52, HENNER (RUE JEAN-JAC",,,Plein jour,En agglomération,Intersection en T,Normale,Deux véhicules - côté,,,,,,,,,,,1,2,3,1,3
200600039826,0006-07-18 17:40:00,6,7,18,17,40,680,224,"33, MADELEINE (RUE)",,,Plein jour,En agglomération,Intersection en T,Normale,Deux véhicules - côté,,,,,,,,,,,1,2,3,1,3
200600039827,0006-07-17 10:15:00,6,7,17,10,15,680,224,"129, BRIAND (AVENUE ARIS",,,Plein jour,En agglomération,Hors intersection,Normale,Deux véhicules - côté,,,,,,,,,,,1,2,1,1,3
200600039828,0006-07-20 17:00:00,6,7,20,17,0,680,224,"15, LEFEBVRE (RUE)",,,Plein jour,En agglomération,Hors intersection,Normale,Deux véhicules - côté,,,,,,,,,,,1,2,1,1,3
200600039829,0006-07-24 18:25:00,6,7,24,18,25,680,224,ROMAINS (RUE DES),,,Plein jour,En agglomération,Giratoire,Normale,Deux véhicules - côté,,,,,,,,,,,1,2,6,1,3
200600039830,0006-07-17 19:40:00,6,7,17,19,40,680,224,BUHLER (RUE),,,Plein jour,En agglomération,Intersection en T,Normale,Deux véhicules - côté,,,,,,,,,,,1,2,3,1,3
200600039831,0006-07-11 07:00:00,6,7,11,7,0,680,166,"2A, ILLZACH (RUE D')",,,Plein jour,En agglomération,Hors intersection,Temps éblouissant,Deux véhicules - arrière,,,,,,,,,,,1,2,1,7,2
200600039832,0006-07-20 00:30:00,6,7,20,0,30,680,376,"188, MINES (RUE DES)",,,Nuit avec éclairage allumé,En agglomération,Intersection en T,Normale,Deux véhicules - côté,,,,,,,,,,,5,2,3,1,3
200600039833,0006-07-04 15:00:00,6,7,4,15,0,690,29,"/, EUROPE (DE L')",,,Plein jour,En agglomération,Intersection en X,Normale,Deux véhicules - côté,,,,,,,,,,,1,2,2,1,3
200600039834,0006-07-18 19:10:00,6,7,18,19,10,690,29,"/, UNIVERSITE  5DE L')",,,Plein jour,En agglomération,Giratoire,Normale,Deux véhicules - côté,,,,,,,,,,,1,2,6,1,3
200600039835,0006-07-04 14:15:00,6,7,4,14,15,690,34,"85, GEORGES CLEMENCEAU",,,Plein jour,En agglomération,Hors intersection,Normale,Autre collision,,,,,,,,,,,1,2,1,1,6
200600039836,0006-07-29 00:30:00,6,7,29,0,30,690,34,RAYMOND POINCARE,,,Nuit avec éclairage allumé,En agglomération,Hors intersection,Temps couvert,Deux véhicules - frontale,,,,,,,,,,,5,2,1,8,1
200600039837,0006-07-03 10:35:00,6,7,3,10,35,690,91,RIVE DE GIER (DE) (RTE),,,Plein jour,Hors agglomération,Hors intersection,Normale,Deux véhicules - frontale,,,,,,,,,,,1,1,1,1,1
200600039838,0006-07-12 11:08:00,6,7,12,11,8,690,149,GRANDE RUE,,,Plein jour,En agglomération,Autre intersection,Temps éblouissant,Autre collision,,,,,,,,,,,1,2,9,7,6
200600039839,0006-07-26 07:24:00,6,7,26,7,24,690,202,"face 21, LIBERATION (DE",,,Plein jour,En agglomération,Hors intersection,Normale,Deux véhicules - côté,,,,,,,,,,,1,2,1,1,3
200600039840,0006-07-31 15:37:00,6,7,31,15,37,690,149,"35, PIERRE SEMARD",,,Plein jour,En agglomération,Hors intersection,Normale,Autre collision,,,,,,,,,,,1,2,1,1,6
200600039841,0006-07-01 21:00:00,6,7,1,21,0,690,259,"0, MARCEL SEMBAT",,,Plein jour,En agglomération,Hors intersection,Normale,Autre collision,,,,,,,,,,,1,2,1,1,6
200600039842,0006-07-06 13:30:00,6,7,6,13,30,690,259,AMBROISE CROIZAT,,,Plein jour,En agglomération,Hors intersection,Normale,Deux véhicules - côté,,,,,,,,,,,1,2,1,1,3
200600039843,0006-07-07 20:30:00,6,7,7,20,30,690,259,PINEL,,,Nuit avec éclairage allumé,En agglomération,Hors intersection,Normale,Trois véhicules et plus - collisions multiples,,,,,,,,,,,5,2,1,1,5
200600039844,0006-07-09 17:20:00,6,7,9,17,20,690,259,"1, IRENE JOLIOT CURIE",,,Plein jour,En agglomération,Hors intersection,Normale,Trois véhicules et plus - en chaîne,,,,,,,,,,,1,2,1,1,4
200600039845,0006-07-16 18:45:00,6,7,16,18,45,690,259,"00, LENINE",,,Plein jour,En agglomération,Hors intersection,Normale,Autre collision,,,,,,,,,,,1,2,1,1,6
200600039846,0006-07-11 21:00:00,6,7,11,21,0,690,259,"0, DOCTEUR COBLOD (DU)",,,Plein jour,En agglomération,Hors intersection,Normale,Deux véhicules - arrière,,,,,,,,,,,1,2,1,1,2
200600039847,0006-07-23 18:15:00,6,7,23,18,15,690,259,"0, PINEL",,,Plein jour,En agglomération,Intersection en X,Normale,Deux véhicules - arrière,,,,,,,,,,,1,2,2,1,2
200600039848,0006-07-29 11:45:00,6,7,29,11,45,690,259,GEORGES LYVET,,,Plein jour,En agglomération,Hors intersection,Normale,Autre collision,,,,,,,,,,,1,2,1,1,6
200600039849,0006-07-31 12:15:00,6,7,31,12,15,690,259,"0, PRESIDENT EDOUARD HER",,,Plein jour,En agglomération,Intersection en T,Normale,Deux véhicules - côté,,,,,,,,,,,1,2,3,1,3
200600039850,0006-07-22 19:20:00,6,7,22,19,20,690,259,"00, IRENE JOLIOT CURIE",,,Plein jour,En agglomération,Giratoire,Normale,Sans collision,,,,,,,,,,,1,2,6,1,7
200600039851,0006-07-07 16:10:00,6,7,7,16,10,690,266,"37, AV A EINSTEIN",,,Plein jour,En agglomération,Autre intersection,Normale,Autre collision,,,,,,,,,,,1,2,9,1,6
200600039852,0006-07-04 14:23:00,6,7,4,14,23,690,266,"155, RUE DU 4 AOUT 1789",,,Plein jour,En agglomération,Hors intersection,Normale,Autre collision,,,,,,,,,,,1,2,1,1,6
200600039853,0006-07-06 18:20:00,6,7,6,18,20,690,266,"78, RUE D'ALSACE",,,Plein jour,En agglomération,Hors intersection,Pluie légère,Autre collision,,,,,,,,,,,1,2,1,2,6
200600039854,0006-07-18 14:00:00,6,7,18,14,0,690,266,"1, CRS TOLSTOI",,,Plein jour,En agglomération,Intersection en T,Normale,Deux véhicules - arrière,,,,,,,,,,,1,2,3,1,2
200600039855,0006-07-20 06:35:00,6,7,20,6,35,690,266,"1, RUE L ET R DESGRAND",,,Plein jour,En agglomération,Intersection en T,Normale,Deux véhicules - côté,,,,,,,,,,,1,2,3,1,3
200600039856,0006-07-26 08:25:00,6,7,26,8,25,690,266,"37, RUE FLACHET",,,Plein jour,En agglomération,Autre intersection,Normale,Deux véhicules - côté,,,,,,,,,,,1,2,9,1,3
200600039857,0006-07-19 13:15:00,6,7,19,13,15,690,266,"74, BD DU 11 NOVEMBRE 19",,,Plein jour,En agglomération,Hors intersection,Normale,Autre collision,,,,,,,,,,,1,2,1,1,6
200600039858,0006-07-27 12:25:00,6,7,27,12,25,690,266,"1, RUE JB CLEMENT",,,Plein jour,En agglomération,Intersection en T,Normale,Deux véhicules - côté,,,,,,,,,,,1,2,3,1,3
200600039859,0006-07-01 17:20:00,6,7,1,17,20,690,256,8 MAI 1945 (DU),,,Plein jour,En agglomération,Intersection en T,Normale,Deux véhicules - côté,,,,,,,,,,,1,2,3,1,3
200600039860,0006-07-07 13:15:00,6,7,7,13,15,690,282,LUCIEN BUISSON,,,Plein jour,En agglomération,Intersection en X,Normale,Deux véhicules - côté,,,,,,,,,,,1,2,2,1,3
200600039861,0006-07-01 14:30:00,6,7,1,14,30,690,290,ANDRE BOULLOCHE,,,Plein jour,En agglomération,Hors intersection,Normale,Autre collision,,,,,,,,,,,1,2,1,1,6
200600039862,0006-07-01 21:15:00,6,7,1,21,15,690,290,"0, CENTRE COMMERCIAL",,,Plein jour,En agglomération,Intersection en X,Normale,Deux véhicules - côté,,,,,,,,,,,1,2,2,1,3
200600039863,0006-07-01 17:40:00,6,7,1,17,40,690,290,"0, LYON (DE) (D 518)",,,Plein jour,En agglomération,Hors intersection,Normale,Deux véhicules - arrière,,,,,,,,,,,1,2,1,1,2
200600039864,0006-07-04 09:25:00,6,7,4,9,25,690,290,ARISTIDE BRIAND (D 518),,,Plein jour,En agglomération,Hors intersection,Normale,Autre collision,,,,,,,,,,,1,2,1,1,6
200600039865,0006-07-05 23:45:00,6,7,5,23,45,690,290,"FACE 26, PIERRE MENDES F",,,Nuit avec éclairage allumé,En agglomération,Hors intersection,Normale,Autre collision,,,,,,,,,,,5,2,1,1,6
200600039866,0006-07-05 14:00:00,6,7,5,14,0,690,290,LYONNAIS (DU),,,Plein jour,En agglomération,Hors intersection,Normale,Deux véhicules - côté,,,,,,,,,,,1,2,1,1,3
200600039867,0006-07-08 10:05:00,6,7,8,10,5,690,290,"FACE 37, EDOUARD HERRIOT",,,Plein jour,En agglomération,Hors intersection,Normale,Autre collision,,,,,,,,,,,1,2,1,1,6
200600039868,0006-07-08 12:10:00,6,7,8,12,10,690,290,"23, HENRI BARBUSSE",,,Plein jour,En agglomération,Hors intersection,Normale,Autre collision,,,,,,,,,,,1,2,1,1,6
200600039869,0006-07-17 02:00:00,6,7,17,2,0,690,290,"FACE 9, DAUPHINE (DU)",,,Nuit avec éclairage allumé,En agglomération,Hors intersection,Normale,Autre collision,,,,,,,,,,,5,2,1,1,6
200600039870,0006-07-18 13:40:00,6,7,18,13,40,690,290,TROISIEME MILLENAIRE (DU,,,Plein jour,Hors agglomération,Intersection en X,Vent fort / tempête,Deux véhicules - côté,,,,,,,,,,,1,1,2,6,3
200600039871,0006-07-21 17:45:00,6,7,21,17,45,690,290,"0, LYONNAIS (DU)",,,Plein jour,En agglomération,Intersection en T,Normale,Deux véhicules - frontale,,,,,,,,,,,1,2,3,1,1
200600039872,0006-07-04 10:30:00,6,7,4,10,30,700,550,ROCADE OUEST - RD 457,,,Plein jour,En agglomération,Giratoire,Normale,Autre collision,,,,,,,,,,,1,2,6,1,6
200600039873,0006-07-20 18:10:00,6,7,20,18,10,700,550,"3, MOREL (RUE PAUL)",,,Plein jour,En agglomération,Intersection en X,Normale,Sans collision,,,,,,,,,,,1,2,2,1,7
200600039874,0006-07-04 18:15:00,6,7,4,18,15,710,76,"1, MICHELET (RUE)",,,Plein jour,En agglomération,Hors intersection,Normale,Autre collision,,,,,,,,,,,1,2,1,1,6
200600039875,0006-07-06 17:45:00,6,7,6,17,45,710,445,"26, CHALON (AVENUE DE )",,,Plein jour,En agglomération,Hors intersection,Normale,Trois véhicules et plus - en chaîne,,,,,,,,,,,1,2,1,1,4
200600039876,0006-07-15 22:10:00,6,7,15,22,10,710,475,CHARREAUX (RUE DES),,,Nuit avec éclairage non allumé,En agglomération,Intersection en T,Normale,Deux véhicules - côté,,,,,,,,,,,4,2,3,1,3
200600039877,0006-07-21 12:10:00,6,7,21,12,10,710,76,ARNAL (RUE RAYMOND),,,Plein jour,En agglomération,Intersection en X,Normale,Deux véhicules - côté,,,,,,,,,,,1,2,2,1,3
200600039878,0006-07-28 13:00:00,6,7,28,13,0,710,76,"20, SAINT COSME (QUAI)",,,Plein jour,En agglomération,Hors intersection,Normale,Autre collision,,,,,,,,,,,1,2,1,1,6
200600039879,0006-07-01 19:00:00,6,7,1,19,0,710,153,CAVELL (RUE EDITH),,,Plein jour,En agglomération,Intersection en X,Normale,Autre collision,,,,,,,,,,,1,2,2,1,6
200600039880,0006-07-13 10:25:00,6,7,13,10,25,710,153,"52, SEMBAT (RUE MARCEL)",,,Plein jour,En agglomération,Hors intersection,Normale,Deux véhicules - côté,,,,,,,,,,,1,2,1,1,3
200600039881,0006-07-13 11:50:00,6,7,13,11,50,710,153,VERDUN (AVENUE DE),,,Plein jour,En agglomération,Hors intersection,Normale,Deux véhicules - arrière,,,,,,,,,,,1,2,1,1,2
200600039882,0006-07-31 18:00:00,6,7,31,18,0,710,540,R.N.80,,,Plein jour,Hors agglomération,Intersection en X,Normale,Deux véhicules - côté,,,,,,,,,,,1,1,2,1,3
200600039883,0006-07-02 15:50:00,6,7,2,15,50,710,270,Place Saint Pierre,,,Plein jour,En agglomération,Hors intersection,Normale,Autre collision,,,,,,,,,,,1,2,1,1,6
200600039884,0006-07-04 20:30:00,6,7,4,20,30,710,105,COUPEE (GRANDE-RUE DE LA,,,Plein jour,En agglomération,Hors intersection,Normale,Deux véhicules - arrière,,,,,,,,,,,1,2,1,1,2
200600039885,0006-07-04 09:05:00,6,7,4,9,5,710,270,"1, Carf rue des Lilas/ru",,,Plein jour,En agglomération,Intersection en X,Normale,Deux véhicules - côté,,,,,,,,,,,1,2,2,1,3
200600039886,0006-07-04 10:50:00,6,7,4,10,50,710,270,HERITAN (RUE DE L'),,,Plein jour,En agglomération,Hors intersection,Normale,Autre collision,,,,,,,,,,,1,2,1,1,6
200600039887,0006-07-10 14:30:00,6,7,10,14,30,710,270,"19, PILLET (RUE CHARLES)",,,Plein jour,En agglomération,Hors intersection,Normale,Deux véhicules - arrière,,,,,,,,,,,1,2,1,1,2
200600039888,0006-07-11 12:25:00,6,7,11,12,25,710,270,Carf. quai Lamartine/pla,,,Plein jour,En agglomération,Intersection en T,Normale,Deux véhicules - côté,,,,,,,,,,,1,2,3,1,3
200600039889,0006-07-17 17:25:00,6,7,17,17,25,710,270,HERITAN (RUE DE L'),,,Plein jour,En agglomération,Hors intersection,Normale,Autre collision,,,,,,,,,,,1,2,1,1,6
200600039890,0006-07-19 17:40:00,6,7,19,17,40,710,270,Carf Liberté/Flacé/Hérit,,,Plein jour,En agglomération,Intersection en X,Normale,Deux véhicules - côté,,,,,,,,,,,1,2,2,1,3
200600039891,0006-07-24 13:50:00,6,7,24,13,50,710,270,GARDON (PLACE),,,Plein jour,En agglomération,Giratoire,Normale,Deux véhicules - côté,,,,,,,,,,,1,2,6,1,3
200600039892,0006-07-24 17:55:00,6,7,24,17,55,710,270,"96, HERRIOT (AVENUE EDOU",,,Plein jour,En agglomération,Hors intersection,Normale,Deux véhicules - côté,,,,,,,,,,,1,2,1,1,3
200600039893,0006-07-28 05:15:00,6,7,28,5,15,710,497,GENERAL DE GAULLE (BOULE,,,Nuit sans éclairage public,Hors agglomération,Hors intersection,Temps couvert,Deux véhicules - frontale,,,,,,,,,,,3,1,1,8,1
200600039894,0006-07-27 20:55:00,6,7,27,20,55,710,270,HERITAN (RUE DE L'),,,Plein jour,En agglomération,Hors intersection,Normale,Deux véhicules - côté,,,,,,,,,,,1,2,1,1,3
200600039895,0006-07-06 07:50:00,6,7,6,7,50,710,306,RN 70 (ROUTE EXPRESS),,,Plein jour,En agglomération,Hors intersection,Temps couvert,Deux véhicules - frontale,,,,,,,,,,,1,2,1,8,1
200600039896,0006-07-17 14:35:00,6,7,17,14,35,710,306,"2, MARECHAL LECLERC (AVE",,,Plein jour,En agglomération,Hors intersection,Temps éblouissant,Deux véhicules - arrière,,,,,,,,,,,1,2,1,7,2
200600039897,0006-07-22 22:00:00,6,7,22,22,0,710,306,"1, MARECHAL LECLERC (AVE",,,Nuit avec éclairage allumé,En agglomération,Intersection en X,Normale,Deux véhicules - arrière,,,,,,,,,,,5,2,2,1,2
200600039898,0006-07-02 11:50:00,6,7,2,11,50,720,181,COURBOULAY PAUL (RUE),,,Plein jour,En agglomération,Hors intersection,Normale,Deux véhicules - côté,,,,,,,,,,,1,2,1,1,3
200600039899,0006-07-03 18:50:00,6,7,3,18,50,720,181,ALLONNES PONT ROUGE (RTE,,,Plein jour,En agglomération,Hors intersection,Normale,Deux véhicules - côté,,,,,,,,,,,1,2,1,1,3
200600039900,0006-07-04 12:50:00,6,7,4,12,50,720,181,DEMORIEUX (BD) ENTRE HUI,,,Plein jour,En agglomération,Hors intersection,Normale,Autre collision,,,,,,,,,,,1,2,1,1,6
200600039901,0006-07-04 14:15:00,6,7,4,14,15,720,181,LEFAUCHEUX PIERRE (BD),,,Plein jour,En agglomération,Hors intersection,Normale,Deux véhicules - arrière,,,,,,,,,,,1,2,1,1,2
200600039902,0006-07-04 20:10:00,6,7,4,20,10,720,181,ADELET RAYMOND (PLACE),,,Plein jour,En agglomération,Hors intersection,Normale,Autre collision,,,,,,,,,,,1,2,1,1,6
200600039903,0006-07-05 10:45:00,6,7,5,10,45,720,181,LEFAUCHEUX PIERRE (BD),,,Plein jour,En agglomération,Hors intersection,Normale,Deux véhicules - côté,,,,,,,,,,,1,2,1,1,3
200600039904,0006-07-05 16:40:00,6,7,5,16,40,720,181,MASSIF CENTRAL (RUE DU),,,Plein jour,En agglomération,Hors intersection,Normale,Autre collision,,,,,,,,,,,1,2,1,1,6
200600039905,0006-07-05 17:00:00,6,7,5,17,0,720,181,DURAND GEORGES (AV) N° I,,,Plein jour,En agglomération,Hors intersection,Normale,Deux véhicules - arrière,,,,,,,,,,,1,2,1,1,2
200600039906,0006-07-05 19:25:00,6,7,5,19,25,720,181,POLYGONE (RUE DU),,,Plein jour,En agglomération,Intersection en T,Normale,Deux véhicules - frontale,,,,,,,,,,,1,2,3,1,1
200600039907,0006-07-05 19:26:00,6,7,5,19,26,720,181,GENESLAY FELIX (AV) N° I,,,Plein jour,En agglomération,Hors intersection,Normale,Autre collision,,,,,,,,,,,1,2,1,1,6
200600039908,0006-07-06 08:45:00,6,7,6,8,45,720,181,LEFAUCHEUX PIERRE (BD),,,Plein jour,En agglomération,Hors intersection,Normale,Autre collision,,,,,,,,,,,1,2,1,1,6
200600039909,0006-07-07 23:00:00,6,7,7,23,0,720,181,KEPLER (RUE),,,Plein jour,En agglomération,Hors intersection,Normale,Deux véhicules - frontale,,,,,,,,,,,1,2,1,1,1
200600039910,0006-07-08 00:35:00,6,7,8,0,35,720,181,"110, NATIONALE (RUE)",,,Nuit avec éclairage allumé,En agglomération,Hors intersection,Normale,Autre collision,,,,,,,,,,,5,2,1,1,6
200600039911,0006-07-08 05:40:00,6,7,8,5,40,720,181,"138, JAURES JEAN (AV) N°",,,Nuit avec éclairage allumé,En agglomération,Hors intersection,Normale,Deux véhicules - frontale,,,,,,,,,,,5,2,1,1,1
200600039912,0006-07-10 13:35:00,6,7,10,13,35,720,181,"50, JAURES JEAN (AV) N°",,,Plein jour,En agglomération,Hors intersection,Normale,Deux véhicules - côté,,,,,,,,,,,1,2,1,1,3
200600039913,0006-07-12 08:30:00,6,7,12,8,30,720,181,TOURS (RTE) LIGNE DROITE,,,Plein jour,Hors agglomération,Hors intersection,Normale,Deux véhicules - arrière,,,,,,,,,,,1,1,1,1,2
200600039914,0006-07-13 13:00:00,6,7,13,13,0,720,181,RUAUDIN (RUE) N° IMP 1 A,,,Plein jour,En agglomération,Hors intersection,Normale,Deux véhicules - côté,,,,,,,,,,,1,2,1,1,3
200600039915,0006-07-13 14:15:00,6,7,13,14,15,720,3,SUZE (RTE DE LA),,,Plein jour,Hors agglomération,Hors intersection,Normale,Deux véhicules - arrière,,,,,,,,,,,1,1,1,1,2
200600039916,0006-07-13 18:50:00,6,7,13,18,50,720,181,"12, EDISON THOMAS (RUE)",,,Plein jour,En agglomération,Hors intersection,Normale,Deux véhicules - côté,,,,,,,,,,,1,2,1,1,3
200600039917,0006-07-17 13:30:00,6,7,17,13,30,720,181,BECQUEREL ANTOINE  (RUE),,,Plein jour,En agglomération,Hors intersection,Normale,Deux véhicules - côté,,,,,,,,,,,1,2,1,1,3
200600039918,0006-07-17 14:20:00,6,7,17,14,20,720,181,GENESLAY FELIX (AV) N° I,,,Plein jour,En agglomération,Intersection en T,Normale,Deux véhicules - arrière,,,,,,,,,,,1,2,3,1,2
200600039919,0006-07-18 08:15:00,6,7,18,8,15,720,181,"22, SABLONS RUE DES N° P",,,Plein jour,En agglomération,Intersection en T,Normale,Deux véhicules - côté,,,,,,,,,,,1,2,3,1,3
200600039920,0006-07-18 19:15:00,6,7,18,19,15,720,181,LEDRU ROLLIN QUAI N° 1 A,,,Plein jour,En agglomération,Intersection en X,Normale,Deux véhicules - côté,,,,,,,,,,,1,2,2,1,3
200600039921,0006-07-19 18:30:00,6,7,19,18,30,720,181,ESTIENNE D'ORVES (BD D'),,,Plein jour,En agglomération,Hors intersection,Normale,Deux véhicules - arrière,,,,,,,,,,,1,2,1,1,2
200600039922,0006-07-20 18:00:00,6,7,20,18,0,720,181,"178, SAINT AUBIN (RUE) N",,,Plein jour,En agglomération,Hors intersection,Normale,Autre collision,,,,,,,,,,,1,2,1,1,6
200600039923,0006-07-20 23:40:00,6,7,20,23,40,720,181,VOLTAIRE (RUE) N° PAIRS,,,Nuit avec éclairage allumé,En agglomération,Hors intersection,Normale,Autre collision,,,,,,,,,,,5,2,1,1,6
200600039924,0006-07-22 18:10:00,6,7,22,18,10,720,181,DOUCE AMIE (RUE) IMP BOL,,,Plein jour,En agglomération,Intersection en X,Normale,Deux véhicules - frontale,,,,,,,,,,,1,2,2,1,1
200600039925,0006-07-23 23:25:00,6,7,23,23,25,720,181,LATTRE DE TASSIGNY MAREC,,,Nuit sans éclairage public,En agglomération,Hors intersection,Normale,Autre collision,,,,,,,,,,,3,2,1,1,6
200600039926,0006-07-24 12:50:00,6,7,24,12,50,720,181,"48, CORMORANS (RUE DES)",,,Plein jour,En agglomération,Hors intersection,Normale,Autre collision,,,,,,,,,,,1,2,1,1,6
200600039927,0006-07-25 10:10:00,6,7,25,10,10,720,181,"7 BIS, PADERBORN (AV) N°",,,Plein jour,En agglomération,Hors intersection,Normale,Autre collision,,,,,,,,,,,1,2,1,1,6
200600039928,0006-07-25 16:10:00,6,7,25,16,10,720,181,PADERBORN (AV) N° PAIRS,,,Plein jour,En agglomération,Hors intersection,Normale,Autre collision,,,,,,,,,,,1,2,1,1,6
200600039929,0006-07-25 18:00:00,6,7,25,18,0,720,181,DEMORIEUX PAIRS><ROCADE,,,Crépuscule ou aube,En agglomération,Hors intersection,Normale,Autre collision,,,,,,,,,,,2,2,1,1,6
200600039930,0006-07-26 09:45:00,6,7,26,9,45,720,181,BOURG BAS (RUE DU),,,Plein jour,En agglomération,Hors intersection,Normale,Autre collision,,,,,,,,,,,1,2,1,1,6
200600039931,0006-07-27 15:10:00,6,7,27,15,10,720,181,BOEUFS LE PETIT HOUX (CH,,,Plein jour,Hors agglomération,Hors intersection,Normale,Deux véhicules - côté,,,,,,,,,,,1,1,1,1,3
200600039932,0006-07-27 21:30:00,6,7,27,21,30,720,181,VIEUX LOUP (RUE DU),,,Nuit avec éclairage allumé,En agglomération,Hors intersection,Pluie forte,Autre collision,,,,,,,,,,,5,2,1,3,6
200600039933,0006-07-28 20:55:00,6,7,28,20,55,720,181,ITALIENS (BD DES),,,Plein jour,En agglomération,Hors intersection,Normale,Deux véhicules - frontale,,,,,,,,,,,1,2,1,1,1
200600039934,0006-07-29 21:45:00,6,7,29,21,45,720,181,"18, GUE BERNISSON (RUE D",,,Plein jour,En agglomération,Hors intersection,Normale,Autre collision,,,,,,,,,,,1,2,1,1,6
200600039935,0006-07-30 10:35:00,6,7,30,10,35,720,181,"152, VOLTAIRE (RUE) N° P",,,Plein jour,En agglomération,Hors intersection,Pluie légère,Autre collision,,,,,,,,,,,1,2,1,2,6
200600039936,0006-07-30 16:10:00,6,7,30,16,10,720,181,"282, GENESLAY FELIX (AV)",,,Plein jour,En agglomération,Hors intersection,Pluie légère,Autre collision,,,,,,,,,,,1,2,1,2,6
200600039937,0006-07-31 12:10:00,6,7,31,12,10,720,181,PREMIERE DIVISION FRANCA,,,Plein jour,En agglomération,Hors intersection,Normale,Deux véhicules - côté,,,,,,,,,,,1,2,1,1,3
200600039938,0006-07-31 16:10:00,6,7,31,16,10,720,181,ANTARES (CARREFOUR D'),,,Plein jour,Hors agglomération,Hors intersection,Normale,Autre collision,,,,,,,,,,,1,1,1,1,6
200600039939,0006-07-31 16:11:00,6,7,31,16,11,720,181,MIROIR (RUE DU),,,Plein jour,En agglomération,Intersection en T,Normale,Deux véhicules - frontale,,,,,,,,,,,1,2,3,1,1
200600039940,0006-07-31 19:45:00,6,7,31,19,45,720,181,"182, LAIGNE RUE DE N° PA",,,Plein jour,En agglomération,Intersection en T,Normale,Deux véhicules - frontale,,,,,,,,,,,1,2,3,1,1
200600039941,0006-07-03 15:03:00,6,7,3,15,3,730,8,THERMES PLACE DES,,,Plein jour,En agglomération,Hors intersection,Normale,Deux véhicules - arrière,,,,,,,,,,,1,2,1,1,2
200600039942,0006-07-06 17:10:00,6,7,6,17,10,730,8,GOLF AVENUE DU,,,Plein jour,En agglomération,Hors intersection,Normale,Deux véhicules - frontale,,,,,,,,,,,1,2,1,1,1
200600039943,0006-07-12 20:25:00,6,7,12,20,25,730,8,"5, RAMAUDE CHEMIN DE LA",,,Plein jour,En agglomération,Hors intersection,Normale,Deux véhicules - frontale,,,,,,,,,,,1,2,1,1,1
200600039944,0006-07-18 07:40:00,6,7,18,7,40,730,8,MARLIOZ AVENUE DE,,,Plein jour,En agglomération,Giratoire,Normale,Deux véhicules - côté,,,,,,,,,,,1,2,6,1,3
200600039945,0006-07-03 10:55:00,6,7,3,10,55,730,11,JEUX OLYMPIQUES (AVENUE,,,Plein jour,En agglomération,Giratoire,Normale,Deux véhicules - côté,,,,,,,,,,,1,2,6,1,3
200600039946,0006-07-20 15:08:00,6,7,20,15,8,730,65,"0.001, COVET (AVENUE DU)",,,Plein jour,En agglomération,Hors intersection,Normale,Deux véhicules - côté,,,,,,,,,,,1,2,1,1,3