accident_id,datetime,annee,mois,jour,heure,minute,departement,commune_insee,adresse,latitude,longitude,luminosite,agglomeration,intersection,meteo,collision,nb_vehicules,nb_usagers,nb_indemnes,nb_tues,nb_blesses_hosp,nb_blesses_legers,age_cond_1,age_cond_2,veh_type_cond_1,veh_type_cond_2,lum_code,agg_code,int_code,atm_code,col_code
200600040356,0006-07-21 20:00:00,6,7,21,20,0,750,16,100 AV DE VERSAILLES,,,Plein jour,En agglomération,Hors intersection,Normale,Deux véhicules - arrière,,,,,,,,,,,1,2,1,1,2
200600040357,0006-07-21 15:00:00,6,7,21,15,0,750,16,R DURET R PICCINI,,,Plein jour,En agglomération,Intersection en X,Normale,Deux véhicules - côté,,,,,,,,,,,1,2,2,1,3
200600040358,0006-07-21 15:20:00,6,7,21,15,20,750,9,BD CAPUCINES R DE SEZE,,,Plein jour,En agglomération,Intersection en Y,Normale,Autre collision,,,,,,,,,,,1,2,4,1,6
200600040359,0006-07-21 21:40:00,6,7,21,21,40,750,9,BD DE CLICHY R PIERRE HA,,,Nuit avec éclairage allumé,En agglomération,Intersection en X,Normale,Autre collision,,,,,,,,,,,5,2,2,1,6
200600040360,0006-07-21 00:52:00,6,7,21,0,52,750,6,PL EDMONT ROSTAND BD SAI,,,Nuit avec éclairage allumé,En agglomération,Intersection en X,Normale,Sans collision,,,,,,,,,,,5,2,2,1,7
200600040361,0006-07-22 02:25:00,6,7,22,2,25,750,4,12 QU DE GEVRES,,,Nuit avec éclairage allumé,En agglomération,Hors intersection,Pluie légère,Autre collision,,,,,,,,,,,5,2,1,2,6
200600040362,0006-07-22 12:20:00,6,7,22,12,20,750,16,R JEAN DE LA FONTAINE AV,,,Plein jour,En agglomération,Intersection en X,Normale,Deux véhicules - côté,,,,,,,,,,,1,2,2,1,3
200600040363,0006-07-23 10:42:00,6,7,23,10,42,750,16,46 AV KLEBER,,,Plein jour,En agglomération,Hors intersection,Normale,Deux véhicules - côté,,,,,,,,,,,1,2,1,1,3
200600040364,0006-07-23 15:35:00,6,7,23,15,35,750,9,R BLANCHE R DE DOUAI,,,Plein jour,En agglomération,Intersection en X,Normale,Deux véhicules - côté,,,,,,,,,,,1,2,2,1,3
200600040365,0006-07-23 10:40:00,6,7,23,10,40,750,16,R VAN LOO AV DE VERSAILL,,,Plein jour,En agglomération,Intersection en T,Normale,Deux véhicules - côté,,,,,,,,,,,1,2,3,1,3
200600040366,0006-07-24 15:50:00,6,7,24,15,50,750,9,2 R DU SCRIBE,,,Plein jour,En agglomération,Hors intersection,Normale,Autre collision,,,,,,,,,,,1,2,1,1,6
200600040367,0006-07-24 10:16:00,6,7,24,10,16,750,3,320 R SAINT MARTIN,,,Plein jour,En agglomération,Hors intersection,Normale,Deux véhicules - côté,,,,,,,,,,,1,2,1,1,3
200600040368,0006-07-26 15:00:00,6,7,26,15,0,750,8,AV CHAMPS ELYSEES R GALI,,,Plein jour,En agglomération,Intersection en Y,Normale,Autre collision,,,,,,,,,,,1,2,4,1,6
200600040369,0006-07-26 17:20:00,6,7,26,17,20,750,16,VERD PT MIRABEAU PT DE G,,,Plein jour,En agglomération,Hors intersection,Normale,Autre collision,,,,,,,,,,,1,2,1,1,6
200600040370,0006-07-04 02:08:00,6,7,4,2,8,750,12,104 CRS DE VINCENNES,,,Nuit avec éclairage allumé,En agglomération,Hors intersection,Normale,Autre collision,,,,,,,,,,,5,2,1,1,6
200600040371,0006-07-05 22:20:00,6,7,5,22,20,750,12,BD DE BERCY,,,Nuit avec éclairage allumé,En agglomération,Hors intersection,Normale,Autre collision,,,,,,,,,,,5,2,1,1,6
200600040372,0006-07-07 15:55:00,6,7,7,15,55,750,20,58 R DES PYRENEES,,,Plein jour,En agglomération,Hors intersection,Pluie forte,Sans collision,,,,,,,,,,,1,2,1,3,7
200600040373,0006-07-09 22:46:00,6,7,9,22,46,750,20,132 R D AVRON,,,Crépuscule ou aube,En agglomération,Hors intersection,Normale,Deux véhicules - côté,,,,,,,,,,,2,2,1,1,3
200600040374,0006-07-11 23:10:00,6,7,11,23,10,750,12,L9966 AV DE ST MAURICE,,,Nuit avec éclairage allumé,En agglomération,Hors intersection,Normale,Autre collision,,,,,,,,,,,5,2,1,1,6
200600040375,0006-07-11 17:50:00,6,7,11,17,50,750,20,R CROIX ST SIMON R DES R,,,Plein jour,En agglomération,Intersection en X,Normale,Autre collision,,,,,,,,,,,1,2,2,1,6
200600040376,0006-07-11 15:20:00,6,7,11,15,20,750,20,72 R BELGRAND,,,Plein jour,En agglomération,Hors intersection,Normale,Deux véhicules - arrière,,,,,,,,,,,1,2,1,1,2
200600040377,0006-07-12 11:35:00,6,7,12,11,35,750,12,220 AV DAUMESNIL,,,Plein jour,En agglomération,Hors intersection,Normale,Autre collision,,,,,,,,,,,1,2,1,1,6
200600040378,0006-07-13 18:05:00,6,7,13,18,5,750,20,18 R V DE L ISLE ADAM,,,Plein jour,En agglomération,Hors intersection,Normale,Deux véhicules - arrière,,,,,,,,,,,1,2,1,1,2
200600040379,0006-07-13 21:14:00,6,7,13,21,14,750,20,104 CRS DE VINCENNES,,,Crépuscule ou aube,En agglomération,Hors intersection,Normale,Deux véhicules - arrière,,,,,,,,,,,2,2,1,1,2
200600040380,0006-07-13 20:50:00,6,7,13,20,50,750,20,BD DAVOUT R DU VOLGA,,,Plein jour,En agglomération,Intersection en T,Normale,Autre collision,,,,,,,,,,,1,2,3,1,6
200600040381,0006-07-13 15:40:00,6,7,13,15,40,750,20,2 PL MARTIN NADAUD,,,Plein jour,En agglomération,Hors intersection,Normale,Autre collision,,,,,,,,,,,1,2,1,1,6
200600040382,0006-07-13 12:39:00,6,7,13,12,39,750,20,146 R D AVRON,,,Plein jour,En agglomération,Hors intersection,Normale,Autre collision,,,,,,,,,,,1,2,1,1,6
200600040383,0006-07-14 11:30:00,6,7,14,11,30,750,12,R DE CHARENTON AV LEDRU,,,Plein jour,En agglomération,Intersection en X,Normale,Sans collision,,,,,,,,,,,1,2,2,1,7
200600040384,0006-07-14 19:15:00,6,7,14,19,15,750,20,R BELGRAND PL EDITH PIAF,,,Plein jour,En agglomération,Intersection en X,Normale,Autre collision,,,,,,,,,,,1,2,2,1,6
200600040385,0006-07-14 22:35:00,6,7,14,22,35,750,20,R D AVRON R DES PYRENNEE,,,Crépuscule ou aube,En agglomération,Intersection en X,Normale,Deux véhicules - côté,,,,,,,,,,,2,2,2,1,3
200600040386,0006-07-13 08:15:00,6,7,13,8,15,750,20,AV GAMBETTA BD MORTIER,,,Plein jour,En agglomération,Intersection en X,Normale,Autre collision,,,,,,,,,,,1,2,2,1,6
200600040387,0006-07-15 03:00:00,6,7,15,3,0,750,12,116 BD DIDEROT,,,Nuit avec éclairage allumé,En agglomération,Hors intersection,Normale,Autre collision,,,,,,,,,,,5,2,1,1,6
200600040388,0006-07-15 17:40:00,6,7,15,17,40,750,20,R DE LA MARE R DES PYREN,,,Plein jour,En agglomération,Intersection en X,Normale,Deux véhicules - côté,,,,,,,,,,,1,2,2,1,3
200600040389,0006-07-15 06:15:00,6,7,15,6,15,750,20,BD CHARONNE R PIERRE BAY,,,Plein jour,En agglomération,Intersection en X,Normale,Sans collision,,,,,,,,,,,1,2,2,1,7
200600040390,0006-07-17 20:00:00,6,7,17,20,0,750,20,R DES AMANDIERS R FERNAN,,,Plein jour,En agglomération,Intersection en X,Normale,Autre collision,,,,,,,,,,,1,2,2,1,6
200600040391,0006-07-18 10:30:00,6,7,18,10,30,750,12,BPI CHARENTON BERCY,,,Plein jour,En agglomération,Hors intersection,Normale,Deux véhicules - arrière,,,,,,,,,,,1,2,1,1,2
200600040392,0006-07-18 11:00:00,6,7,18,11,0,750,20,R DES COURONNES R DU PRE,,,Plein jour,En agglomération,Intersection en X,Normale,Autre collision,,,,,,,,,,,1,2,2,1,6
200600040393,0006-07-18 10:05:00,6,7,18,10,5,750,17,BD MALESHERBES R VIETE,,,Plein jour,En agglomération,Intersection en X,Normale,Deux véhicules - côté,,,,,,,,,,,1,2,2,1,3
200600040394,0006-07-19 16:00:00,6,7,19,16,0,750,12,R ABEL AV DAUMESNIL,,,Plein jour,En agglomération,Intersection en X,Normale,Deux véhicules - côté,,,,,,,,,,,1,2,2,1,3
200600040395,0006-07-19 17:20:00,6,7,19,17,20,750,15,AV PTE BRANCION ECH SEVR,,,Plein jour,En agglomération,Intersection en X,Normale,Deux véhicules - côté,,,,,,,,,,,1,2,2,1,3
200600040396,0006-07-19 09:30:00,6,7,19,9,30,750,20,122 BD DAVOUT,,,Plein jour,En agglomération,Hors intersection,Normale,Deux véhicules - côté,,,,,,,,,,,1,2,1,1,3
200600040397,0006-07-19 15:52:00,6,7,19,15,52,750,20,17 AV GAMBETTA,,,Plein jour,En agglomération,Hors intersection,Normale,Sans collision,,,,,,,,,,,1,2,1,1,7
200600040398,0006-07-19 20:41:00,6,7,19,20,41,750,20,R DE BELLEVILLE R PIXERE,,,Crépuscule ou aube,En agglomération,Intersection en X,Normale,Deux véhicules - côté,,,,,,,,,,,2,2,2,1,3
200600040399,0006-07-19 18:30:00,6,7,19,18,30,750,20,AV PTE DE MONTREUIL PL P,,,Plein jour,En agglomération,Intersection en T,Normale,Sans collision,,,,,,,,,,,1,2,3,1,7
200600040400,0006-07-19 12:10:00,6,7,19,12,10,750,15,64 R BALARD,,,Plein jour,En agglomération,Hors intersection,Normale,Deux véhicules - côté,,,,,,,,,,,1,2,1,1,3
200600040401,0006-07-20 18:52:00,6,7,20,18,52,750,20,BD DAVOUT R DES ORTEAUX,,,Plein jour,En agglomération,Intersection en X,Pluie légère,Sans collision,,,,,,,,,,,1,2,2,2,7
200600040402,0006-07-20 17:30:00,6,7,20,17,30,750,20,R DE LAGNY AV LEON GAUMO,,,Plein jour,En agglomération,Intersection en X,Normale,Deux véhicules - côté,,,,,,,,,,,1,2,2,1,3
200600040403,0006-07-21 12:30:00,6,7,21,12,30,750,7,R DE BABYLONE R BARBET D,,,Plein jour,En agglomération,Intersection en X,Normale,Autre collision,,,,,,,,,,,1,2,2,1,6
200600040404,0006-07-21 07:00:00,6,7,21,7,0,750,1,182 R DE RIVOLI,,,Plein jour,En agglomération,Hors intersection,Normale,Sans collision,,,,,,,,,,,1,2,1,1,7
200600040405,0006-07-21 10:20:00,6,7,21,10,20,750,1,56 BD DE SEBASTOPOL,,,Plein jour,En agglomération,Hors intersection,Normale,Deux véhicules - côté,,,,,,,,,,,1,2,1,1,3
200600040406,0006-07-21 09:40:00,6,7,21,9,40,750,7,BD SAINT GERMAIN R DE SO,,,Plein jour,En agglomération,Intersection en T,Normale,Deux véhicules - côté,,,,,,,,,,,1,2,3,1,3
200600040407,0006-07-21 18:45:00,6,7,21,18,45,750,2,R DU CAIRE BD DE SEBASTO,,,Plein jour,En agglomération,Intersection en T,Normale,Deux véhicules - côté,,,,,,,,,,,1,2,3,1,3
200600040408,0006-07-21 20:30:00,6,7,21,20,30,750,12,254 R DU FBG SAINT ANTOI,,,Plein jour,En agglomération,Hors intersection,Normale,Deux véhicules - arrière,,,,,,,,,,,1,2,1,1,2
200600040409,0006-07-21 19:50:00,6,7,21,19,50,750,12,54 BD DE REUILLY,,,Plein jour,En agglomération,Hors intersection,Normale,Trois véhicules et plus - en chaîne,,,,,,,,,,,1,2,1,1,4
200600040410,0006-07-21 13:28:00,6,7,21,13,28,750,13,ECH IVRY R J BAPT BERLIE,,,Plein jour,En agglomération,Intersection en X,Normale,Deux véhicules - côté,,,,,,,,,,,1,2,2,1,3
200600040411,0006-07-21 15:20:00,6,7,21,15,20,750,15,R  CROIX NIVERT VLA CROI,,,Plein jour,En agglomération,Intersection en X,Normale,Deux véhicules - côté,,,,,,,,,,,1,2,2,1,3
200600040412,0006-07-21 10:20:00,6,7,21,10,20,750,19,8 R PETIT,,,Plein jour,En agglomération,Hors intersection,Normale,Autre collision,,,,,,,,,,,1,2,1,1,6
200600040413,0006-07-22 15:45:00,6,7,22,15,45,750,20,R DE BAGNOLET R DES LYAN,,,Plein jour,En agglomération,Intersection en X,Normale,Sans collision,,,,,,,,,,,1,2,2,1,7
200600040414,0006-07-22 02:35:00,6,7,22,2,35,750,7,AV DUQUESNE AV LOWENDAL,,,Nuit avec éclairage allumé,En agglomération,Intersection en X,Pluie légère,Deux véhicules - côté,,,,,,,,,,,5,2,2,2,3
200600040415,0006-07-22 15:00:00,6,7,22,15,0,750,2,R DE LA MICHODIERE R DU,,,Plein jour,En agglomération,Intersection en X,Normale,Trois véhicules et plus - en chaîne,,,,,,,,,,,1,2,2,1,4
200600040416,0006-07-22 17:00:00,6,7,22,17,0,750,8,AV CHAMPS ELYSEES R MARB,,,Plein jour,En agglomération,Intersection en T,Normale,Deux véhicules - arrière,,,,,,,,,,,1,2,3,1,2
200600040417,0006-07-22 05:00:00,6,7,22,5,0,750,11,R LACHARIERE R SAINT MAU,,,Nuit avec éclairage allumé,En agglomération,Intersection en X,Normale,Autre collision,,,,,,,,,,,5,2,2,1,6
200600040418,0006-07-22 16:50:00,6,7,22,16,50,750,13,L2940 BD MASSENA,,,Plein jour,En agglomération,Hors intersection,Normale,Deux véhicules - arrière,,,,,,,,,,,1,2,1,1,2
200600040419,0006-07-23 11:35:00,6,7,23,11,35,750,19,114 BD DE LA VILLETTE,,,Plein jour,En agglomération,Hors intersection,Normale,Autre collision,,,,,,,,,,,1,2,1,1,6
200600040420,0006-07-23 01:10:00,6,7,23,1,10,750,11,166 BD DE CHARONNE,,,Nuit avec éclairage allumé,En agglomération,Hors intersection,Normale,Autre collision,,,,,,,,,,,5,2,1,1,6
200600040421,0006-07-23 03:00:00,6,7,23,3,0,750,20,PL PTE DE MONTREUIL ECH,,,Nuit avec éclairage allumé,En agglomération,Intersection en T,Normale,Deux véhicules - arrière,,,,,,,,,,,5,2,3,1,2
200600040422,0006-07-23 17:30:00,6,7,23,17,30,750,20,AV GAMBETTA R PELLEPORT,,,Plein jour,En agglomération,Intersection en X,Normale,Deux véhicules - côté,,,,,,,,,,,1,2,2,1,3
200600040423,0006-07-24 17:30:00,6,7,24,17,30,750,20,BD DE CHARONNE R DE LAGN,,,Plein jour,En agglomération,Intersection en X,Normale,Deux véhicules - côté,,,,,,,,,,,1,2,2,1,3
200600040424,0006-07-24 13:00:00,6,7,24,13,0,750,20,12 R DELAITRE,,,Plein jour,En agglomération,Hors intersection,Normale,Autre collision,,,,,,,,,,,1,2,1,1,6
200600040425,0006-07-24 15:40:00,6,7,24,15,40,750,19,10 BD DE LA VILLETTE,,,Plein jour,En agglomération,Hors intersection,Normale,Autre collision,,,,,,,,,,,1,2,1,1,6
200600040426,0006-07-29 15:15:00,6,7,29,15,15,750,6,127 BD DU MONTPARNASSE,,,Plein jour,En agglomération,Hors intersection,Normale,Autre collision,,,,,,,,,,,1,2,1,1,6
200600040427,0006-07-29 22:20:00,6,7,29,22,20,750,14,114 AV DU MAINE,,,Nuit avec éclairage allumé,En agglomération,Hors intersection,Normale,Autre collision,,,,,,,,,,,5,2,1,1,6
200600040428,0006-07-03 15:50:00,6,7,3,15,50,750,20,BPE VINCENNES MONTREUIL,,,Plein jour,En agglomération,Hors intersection,Normale,Deux véhicules - côté,,,,,,,,,,,1,2,1,1,3
200600040429,0006-07-13 12:00:00,6,7,13,12,0,750,12,L13631 QU DE BERCY,,,Plein jour,En agglomération,Hors intersection,Temps éblouissant,Deux véhicules - arrière,,,,,,,,,,,1,2,1,7,2
200600040430,0006-07-18 11:07:00,6,7,18,11,7,750,6,R BONAPARTE R SAINT SULP,,,Plein jour,En agglomération,Intersection en X,Normale,Autre collision,,,,,,,,,,,1,2,2,1,6
200600040431,0006-07-21 09:55:00,6,7,21,9,55,750,8,BD DE COURCELLES R DE LA,,,Plein jour,En agglomération,Intersection en T,Normale,Autre collision,,,,,,,,,,,1,2,3,1,6
200600040432,0006-07-21 09:55:00,6,7,21,9,55,750,13,180 AV DE CHOISY,,,Plein jour,En agglomération,Hors intersection,Normale,Autre collision,,,,,,,,,,,1,2,1,1,6
200600040433,0006-07-21 14:30:00,6,7,21,14,30,750,17,2 BD DE COURCELLES,,,Plein jour,En agglomération,Hors intersection,Normale,Autre collision,,,,,,,,,,,1,2,1,1,6
200600040434,0006-07-21 20:00:00,6,7,21,20,0,750,18,BD DE LA CHAPELLE R PH D,,,Plein jour,En agglomération,Intersection en X,Normale,Autre collision,,,,,,,,,,,1,2,2,1,6
200600040435,0006-07-23 01:25:00,6,7,23,1,25,750,6,R DE L ECOLE DE MEDECINE,,,Nuit avec éclairage allumé,En agglomération,Intersection en X,Normale,Deux véhicules - côté,,,,,,,,,,,5,2,2,1,3
200600040436,0006-07-23 16:20:00,6,7,23,16,20,750,14,R FERMAT R FROIDEVAUX,,,Plein jour,En agglomération,Intersection en T,Normale,Autre collision,,,,,,,,,,,1,2,3,1,6
200600040437,0006-07-23 17:15:00,6,7,23,17,15,750,18,110 R DAMREMONT,,,Plein jour,En agglomération,Hors intersection,Normale,Deux véhicules - arrière,,,,,,,,,,,1,2,1,1,2
200600040438,0006-07-24 19:20:00,6,7,24,19,20,750,4,R PT  LOUIS PHILIPPE QU,,,Plein jour,En agglomération,Intersection en X,Normale,Deux véhicules - côté,,,,,,,,,,,1,2,2,1,3
200600040439,0006-07-24 15:45:00,6,7,24,15,45,750,4,BD DU PALAIS QU DU MARCH,,,Plein jour,En agglomération,Intersection en X,Normale,Deux véhicules - côté,,,,,,,,,,,1,2,2,1,3
200600040440,0006-07-24 08:20:00,6,7,24,8,20,750,5,QU  SAINT MICHEL PT SAIN,,,Plein jour,En agglomération,Intersection en X,Normale,Deux véhicules - côté,,,,,,,,,,,1,2,2,1,3
200600040441,0006-07-24 15:20:00,6,7,24,15,20,750,6,AV DE L OBSERVATOIRE R M,,,Plein jour,En agglomération,Intersection en X,Normale,Deux véhicules - côté,,,,,,,,,,,1,2,2,1,3
200600040442,0006-07-24 09:50:00,6,7,24,9,50,750,6,QU  DE CONTI R GUENEGAUD,,,Plein jour,En agglomération,Intersection en T,Normale,Deux véhicules - côté,,,,,,,,,,,1,2,3,1,3
200600040443,0006-07-24 13:45:00,6,7,24,13,45,750,8,R D ANJOU BD HAUSSMANN,,,Plein jour,En agglomération,Intersection en X,Normale,Deux véhicules - côté,,,,,,,,,,,1,2,2,1,3
200600040444,0006-07-24 09:50:00,6,7,24,9,50,750,14,R JOLIVET R POINSOT,,,Plein jour,En agglomération,Intersection en T,Normale,Autre collision,,,,,,,,,,,1,2,3,1,6
200600040445,0006-07-24 14:45:00,6,7,24,14,45,750,14,104 AV GENERAL LECLERC,,,Plein jour,En agglomération,Hors intersection,Normale,Autre collision,,,,,,,,,,,1,2,1,1,6
200600040446,0006-07-24 18:40:00,6,7,24,18,40,750,16,L11761 RTE  DE SURESNES,,,Plein jour,En agglomération,Hors intersection,Normale,Deux véhicules - côté,,,,,,,,,,,1,2,1,1,3
200600040447,0006-07-24 18:40:00,6,7,24,18,40,750,17,R CAPORAL PEUGEOT ECH  C,,,Plein jour,En agglomération,Intersection à plus de 4 branches,Normale,Autre collision,,,,,,,,,,,1,2,5,1,6
200600040448,0006-07-25 11:40:00,6,7,25,11,40,750,7,R P BLEUET DE FRANCE AV,,,Plein jour,En agglomération,Intersection en T,Normale,Sans collision,,,,,,,,,,,1,2,3,1,7
200600040449,0006-07-25 20:15:00,6,7,25,20,15,750,7,PL DENYS  COCHIN AV DE T,,,Crépuscule ou aube,En agglomération,Intersection à plus de 4 branches,Normale,Sans collision,,,,,,,,,,,2,2,5,1,7
200600040450,0006-07-25 07:25:00,6,7,25,7,25,750,9,PL BLANCHE BD DE CLICHY,,,Plein jour,En agglomération,Intersection en X,Normale,Deux véhicules - côté,,,,,,,,,,,1,2,2,1,3
200600040451,0006-07-25 18:40:00,6,7,25,18,40,750,13,226 R DE TOLBIAC,,,Plein jour,En agglomération,Hors intersection,Normale,Deux véhicules - côté,,,,,,,,,,,1,2,1,1,3
200600040452,0006-07-25 07:28:00,6,7,25,7,28,750,18,94 R JEAN HENRI FABRE,,,Crépuscule ou aube,En agglomération,Hors intersection,Normale,Autre collision,,,,,,,,,,,2,2,1,1,6
200600040453,0006-07-25 01:52:00,6,7,25,1,52,750,18,R JEAN COCTEAU AV PTE DE,,,Nuit avec éclairage allumé,En agglomération,Intersection en X,Normale,Autre collision,,,,,,,,,,,5,2,2,1,6
200600040454,0006-07-26 07:50:00,6,7,26,7,50,750,8,CRS ALBERT 1ER,,,Plein jour,En agglomération,Hors intersection,Normale,Deux véhicules - arrière,,,,,,,,,,,1,2,1,1,2
200600040455,0006-07-26 13:00:00,6,7,26,13,0,750,3,R MICHEL LE COMTE R DU T,,,Plein jour,En agglomération,Intersection en X,Normale,Deux véhicules - côté,,,,,,,,,,,1,2,2,1,3
200600040456,0006-07-26 11:10:00,6,7,26,11,10,750,7,AV DE LOWENDAL AV DE SUF,,,Plein jour,En agglomération,Intersection en X,Normale,Deux véhicules - frontale,,,,,,,,,,,1,2,2,1,1
200600040457,0006-07-26 13:00:00,6,7,26,13,0,750,7,QU D ORSAY R SURCOUF,,,Plein jour,En agglomération,Intersection en X,Normale,Deux véhicules - côté,,,,,,,,,,,1,2,2,1,3
200600040458,0006-07-26 19:55:00,6,7,26,19,55,750,11,R F DE NEUFCHATEAU R RIC,,,Plein jour,En agglomération,Intersection en X,Normale,Autre collision,,,,,,,,,,,1,2,2,1,6
200600040459,0006-07-26 19:30:00,6,7,26,19,30,750,11,R DE CHARONNE AV LEDRU R,,,Plein jour,En agglomération,Intersection en X,Normale,Deux véhicules - arrière,,,,,,,,,,,1,2,2,1,2
200600040460,0006-07-26 18:50:00,6,7,26,18,50,750,16,L7243 ALL REINE MARGUERI,,,Plein jour,En agglomération,Hors intersection,Normale,Deux véhicules - côté,,,,,,,,,,,1,2,1,1,3
200600040461,0006-07-26 00:25:00,6,7,26,0,25,750,16,AV D IENA R NEWTON,,,Nuit avec éclairage allumé,En agglomération,Intersection en X,Normale,Deux véhicules - arrière,,,,,,,,,,,5,2,2,1,2
200600040462,0006-07-26 11:00:00,6,7,26,11,0,750,17,44 AV NIEL,,,Plein jour,En agglomération,Hors intersection,Normale,Autre collision,,,,,,,,,,,1,2,1,1,6
200600040463,0006-07-26 08:20:00,6,7,26,8,20,750,17,AV MAC MAHON AV DES TERN,,,Plein jour,En agglomération,Intersection en X,Normale,Deux véhicules - côté,,,,,,,,,,,1,2,2,1,3
200600040464,0006-07-26 00:50:00,6,7,26,0,50,750,18,100 R DE LA CHAPELLE,,,Nuit avec éclairage allumé,En agglomération,Hors intersection,Normale,Deux véhicules - côté,,,,,,,,,,,5,2,1,1,3
200600040465,0006-07-27 13:50:00,6,7,27,13,50,750,7,PO DES INVALIDES QU D OR,,,Plein jour,En agglomération,Intersection en X,Normale,Autre collision,,,,,,,,,,,1,2,2,1,6
200600040466,0006-07-27 09:30:00,6,7,27,9,30,750,16,R BOIS LEVENT R DE BOULA,,,Plein jour,En agglomération,Intersection en X,Pluie légère,Sans collision,,,,,,,,,,,1,2,2,2,7
200600040467,0006-07-28 00:01:00,6,7,28,0,1,750,7,R DE BEAUNE QU VOLTAIRE,,,Nuit avec éclairage allumé,En agglomération,Intersection en T,Normale,Deux véhicules - côté,,,,,,,,,,,5,2,3,1,3
200600040468,0006-07-25 00:30:00,6,7,25,0,30,750,19,10 AV JEAN JAURES,,,Nuit avec éclairage allumé,En agglomération,Hors intersection,Normale,Autre collision,,,,,,,,,,,5,2,1,1,6
200600040469,0006-07-20 14:50:00,6,7,20,14,50,750,12,PO DE BERCY QU DE BERCY,,,Plein jour,En agglomération,Intersection en X,Normale,Deux véhicules - côté,,,,,,,,,,,1,2,2,1,3
200600040470,0006-07-21 12:30:00,6,7,21,12,30,750,12,L12831 AV DE NOGENT,,,Plein jour,En agglomération,Hors intersection,Normale,Sans collision,,,,,,,,,,,1,2,1,1,7
200600040471,0006-07-22 18:45:00,6,7,22,18,45,750,12,6 R CHAMBERTIN,,,Plein jour,En agglomération,Hors intersection,Normale,Deux véhicules - côté,,,,,,,,,,,1,2,1,1,3
200600040472,0006-07-24 21:40:00,6,7,24,21,40,750,17,R BAYEN R FARADAY,,,Nuit avec éclairage allumé,En agglomération,Intersection en X,Normale,Deux véhicules - côté,,,,,,,,,,,5,2,2,1,3
200600040473,0006-07-25 09:10:00,6,7,25,9,10,750,19,20 BD D ALGERIE,,,Plein jour,En agglomération,Hors intersection,Normale,Deux véhicules - côté,,,,,,,,,,,1,2,1,1,3
200600040474,0006-07-25 12:50:00,6,7,25,12,50,750,19,70 R BOTZARIS,,,Plein jour,En agglomération,Hors intersection,Normale,Trois véhicules et plus - en chaîne,,,,,,,,,,,1,2,1,1,4
200600040475,0006-07-25 23:27:00,6,7,25,23,27,750,20,10 AV PR A LEMIERE,,,Crépuscule ou aube,En agglomération,Hors intersection,Normale,Deux véhicules - côté,,,,,,,,,,,2,2,1,1,3
200600040476,0006-07-26 23:50:00,6,7,26,23,50,750,1,22 Q DE LA MEGISSERIE,,,Nuit avec éclairage allumé,En agglomération,Hors intersection,Pluie légère,Deux véhicules - arrière,,,,,,,,,,,5,2,1,2,2
200600040477,0006-07-26 18:00:00,6,7,26,18,0,750,4,QU HENRI IV PO SULLY,,,Plein jour,En agglomération,Intersection en X,Normale,Deux véhicules - côté,,,,,,,,,,,1,2,2,1,3
200600040478,0006-07-26 17:55:00,6,7,26,17,55,750,5,R G SAINT HILAIRE R POLI,,,Plein jour,En agglomération,Intersection en X,Normale,Deux véhicules - côté,,,,,,,,,,,1,2,2,1,3
200600040479,0006-07-26 12:55:00,6,7,26,12,55,750,6,R D ASSAS R DE RENNES,,,Plein jour,En agglomération,Intersection en X,Normale,Autre collision,,,,,,,,,,,1,2,2,1,6
200600040480,0006-07-26 19:00:00,6,7,26,19,0,750,6,84 R DE RENNES,,,Plein jour,En agglomération,Hors intersection,Normale,Autre collision,,,,,,,,,,,1,2,1,1,6
200600040481,0006-07-26 21:59:00,6,7,26,21,59,750,15,AV EMILE ZOLA R SAINT CH,,,Plein jour,En agglomération,Intersection en X,Pluie légère,Sans collision,,,,,,,,,,,1,2,2,2,7
200600040482,0006-07-26 18:28:00,6,7,26,18,28,750,19,148 AV DE FLANDRE,,,Plein jour,En agglomération,Hors intersection,Normale,Autre collision,,,,,,,,,,,1,2,1,1,6
200600040483,0006-07-26 22:40:00,6,7,26,22,40,750,19,152 AV JEAN JAURES,,,Nuit avec éclairage allumé,En agglomération,Hors intersection,Pluie forte,Deux véhicules - côté,,,,,,,,,,,5,2,1,3,3
200600040484,0006-07-26 09:40:00,6,7,26,9,40,750,20,164 BD DAVOUT,,,Plein jour,En agglomération,Hors intersection,Normale,Autre collision,,,,,,,,,,,1,2,1,1,6
200600040485,0006-07-03 16:10:00,6,7,3,16,10,750,16,BPI MUETTE DAUPHINE,,,Plein jour,En agglomération,Hors intersection,Normale,Trois véhicules et plus - en chaîne,,,,,,,,,,,1,2,1,1,4
200600040486,0006-07-03 09:30:00,6,7,3,9,30,750,19,BPE VILLETTE AUVERVILLIE,,,Plein jour,En agglomération,Hors intersection,Normale,Trois véhicules et plus - en chaîne,,,,,,,,,,,1,2,1,1,4
200600040487,0006-07-03 11:30:00,6,7,3,11,30,750,19,BPE VILLETTE AUBERVILLIE,,,Plein jour,En agglomération,Hors intersection,Normale,Trois véhicules et plus - en chaîne,,,,,,,,,,,1,2,1,1,4
200600040488,0006-07-04 22:45:00,6,7,4,22,45,750,13,BPI ITALIE GENTILLY,,,Nuit avec éclairage allumé,En agglomération,Hors intersection,Normale,Sans collision,,,,,,,,,,,5,2,1,1,7
200600040489,0006-07-07 13:08:00,6,7,7,13,8,750,16,BPI PASSY MUETTE,,,Plein jour,En agglomération,Hors intersection,Normale,Trois véhicules et plus - en chaîne,,,,,,,,,,,1,2,1,1,4
200600040490,0006-07-19 17:00:00,6,7,19,17,0,750,16,BPI MUETTE DAUPHINE,,,Plein jour,En agglomération,Hors intersection,Normale,Trois véhicules et plus - en chaîne,,,,,,,,,,,1,2,1,1,4