accident_id,datetime,annee,mois,jour,heure,minute,departement,commune_insee,adresse,latitude,longitude,luminosite,agglomeration,intersection,meteo,collision,nb_vehicules,nb_usagers,nb_indemnes,nb_tues,nb_blesses_hosp,nb_blesses_legers,age_cond_1,age_cond_2,veh_type_cond_1,veh_type_cond_2,lum_code,agg_code,int_code,atm_code,col_code
200600040491,0006-07-24 17:45:00,6,7,24,17,45,750,17,50 AV GRANDE ARMEE,,,Plein jour,En agglomération,Hors intersection,Normale,Deux véhicules - arrière,,,,,,,,,,,1,2,1,1,2
200600040492,0006-07-24 13:00:00,6,7,24,13,0,750,17,R DE COURCELLES  BD DE R,,,Plein jour,En agglomération,Intersection en X,Normale,Sans collision,,,,,,,,,,,1,2,2,1,7
200600040493,0006-07-25 10:00:00,6,7,25,10,0,750,17,L16495 BD DU FORT DE VAU,,,Plein jour,En agglomération,Hors intersection,Normale,Deux véhicules - côté,,,,,,,,,,,1,2,1,1,3
200600040494,0006-07-26 14:35:00,6,7,26,14,35,750,20,20 BD DE CHARONNE,,,Plein jour,En agglomération,Hors intersection,Normale,Autre collision,,,,,,,,,,,1,2,1,1,6
200600040495,0006-07-26 16:35:00,6,7,26,16,35,750,20,17 AV GAMBETTA,,,Plein jour,En agglomération,Hors intersection,Normale,Autre collision,,,,,,,,,,,1,2,1,1,6
200600040496,0006-07-27 16:45:00,6,7,27,16,45,750,1,R DE RIVOLI R DU ROULE,,,Plein jour,En agglomération,Intersection en X,Normale,Deux véhicules - côté,,,,,,,,,,,1,2,2,1,3
200600040497,0006-07-27 09:50:00,6,7,27,9,50,750,1,R DE LE ECHELLE R DE RIV,,,Plein jour,En agglomération,Intersection en T,Pluie légère,Autre collision,,,,,,,,,,,1,2,3,2,6
200600040498,0006-07-27 11:40:00,6,7,27,11,40,750,1,L569 QU  DES TUILERIES,,,Plein jour,En agglomération,Hors intersection,Pluie légère,Deux véhicules - côté,,,,,,,,,,,1,2,1,2,3
200600040499,0006-07-27 08:05:00,6,7,27,8,5,750,4,BD BOURDON BD MORLAND,,,Plein jour,En agglomération,Intersection en Y,Pluie légère,Deux véhicules - côté,,,,,,,,,,,1,2,4,2,3
200600040500,0006-07-27 15:30:00,6,7,27,15,30,750,8,AV CHAMPS ELYSES R P CHA,,,Plein jour,En agglomération,Autre intersection,Normale,Autre collision,,,,,,,,,,,1,2,9,1,6
200600040501,0006-07-27 11:14:00,6,7,27,11,14,750,12,6 R HECTOR MALOT,,,Plein jour,En agglomération,Hors intersection,Normale,Autre collision,,,,,,,,,,,1,2,1,1,6
200600040502,0006-07-27 23:45:00,6,7,27,23,45,750,15,R DE LA CONVENTION R DE,,,Nuit avec éclairage allumé,En agglomération,Intersection en X,Normale,Deux véhicules - côté,,,,,,,,,,,5,2,2,1,3
200600040503,0006-07-27 21:30:00,6,7,27,21,30,750,16,78 AV GRANDE ARMEE,,,Nuit avec éclairage allumé,En agglomération,Hors intersection,Normale,Deux véhicules - arrière,,,,,,,,,,,5,2,1,1,2
200600040504,0006-07-27 18:20:00,6,7,27,18,20,750,17,3 PL DU GAL CATROUX,,,Plein jour,En agglomération,Hors intersection,Normale,Deux véhicules - arrière,,,,,,,,,,,1,2,1,1,2
200600040505,0006-07-27 15:10:00,6,7,27,15,10,750,17,BD  DE COURCELLES R THEO,,,Plein jour,En agglomération,Intersection en Y,Normale,Deux véhicules - côté,,,,,,,,,,,1,2,4,1,3
200600040506,0006-07-27 09:30:00,6,7,27,9,30,750,19,102 AV SIMON BOLIVAR,,,Plein jour,En agglomération,Hors intersection,Normale,Autre collision,,,,,,,,,,,1,2,1,1,6
200600040507,0006-07-27 10:05:00,6,7,27,10,5,750,20,48 BD DE MENILMONTANT,,,Plein jour,En agglomération,Hors intersection,Normale,Autre collision,,,,,,,,,,,1,2,1,1,6
200600040508,0006-07-27 08:30:00,6,7,27,8,30,750,20,R D AVRON BD  DAVOUT,,,Plein jour,En agglomération,Intersection en X,Normale,Sans collision,,,,,,,,,,,1,2,2,1,7
200600040509,0006-07-26 13:10:00,6,7,26,13,10,750,20,R DE BAGNOLET R LIGNER,,,Plein jour,En agglomération,Intersection en T,Normale,Autre collision,,,,,,,,,,,1,2,3,1,6
200600040510,0006-07-28 12:50:00,6,7,28,12,50,750,3,R REAUMUR R DU TEMPLE,,,Plein jour,En agglomération,Intersection en X,Normale,Sans collision,,,,,,,,,,,1,2,2,1,7
200600040511,0006-07-28 10:50:00,6,7,28,10,50,750,8,R DE LA BOETIE R DU FG S,,,Plein jour,En agglomération,Intersection en X,Normale,Deux véhicules - côté,,,,,,,,,,,1,2,2,1,3
200600040512,0006-07-28 10:45:00,6,7,28,10,45,750,12,L13650 QU DE BERCY,,,Plein jour,En agglomération,Hors intersection,Normale,Autre collision,,,,,,,,,,,1,2,1,1,6
200600040513,0006-07-28 10:45:00,6,7,28,10,45,750,15,R DE LA CONVENTION R CRO,,,Plein jour,En agglomération,Intersection en X,Normale,Deux véhicules - côté,,,,,,,,,,,1,2,2,1,3
200600040514,0006-07-28 19:05:00,6,7,28,19,5,750,17,R DE PRONY AV DE WAGRAM,,,Plein jour,En agglomération,Intersection en X,Normale,Deux véhicules - côté,,,,,,,,,,,1,2,2,1,3
200600040515,0006-07-29 14:45:00,6,7,29,14,45,750,8,R DE BERRI BD HAUSSMANN,,,Plein jour,En agglomération,Intersection en Y,Normale,Deux véhicules - côté,,,,,,,,,,,1,2,4,1,3
200600040516,0006-07-03 20:35:00,6,7,3,20,35,750,17,BPE CLICHY ASNIERES,,,Plein jour,En agglomération,Hors intersection,Normale,Trois véhicules et plus - en chaîne,,,,,,,,,,,1,2,1,1,4
200600040517,0006-07-29 16:45:00,6,7,29,16,45,750,8,PL DE LA CONCORDE R ROYA,,,Plein jour,En agglomération,Intersection en X,Normale,Trois véhicules et plus - en chaîne,,,,,,,,,,,1,2,2,1,4
200600040518,0006-07-29 15:05:00,6,7,29,15,5,750,12,L6061 PL DE LA BASTILLE,,,Plein jour,En agglomération,Hors intersection,Normale,Deux véhicules - côté,,,,,,,,,,,1,2,1,1,3
200600040519,0006-07-30 01:15:00,6,7,30,1,15,750,16,L7880 CARREFOUR DES CASC,,,Nuit avec éclairage allumé,En agglomération,Hors intersection,Normale,Autre collision,,,,,,,,,,,5,2,1,1,6
200600040520,0006-07-30 00:10:00,6,7,30,0,10,750,15,R LABROUSTE R SAINT AMAN,,,Nuit avec éclairage allumé,En agglomération,Intersection en X,Normale,Deux véhicules - côté,,,,,,,,,,,5,2,2,1,3
200600040521,0006-07-30 01:05:00,6,7,30,1,5,750,16,R BASSANO AV D IENA,,,Nuit avec éclairage allumé,En agglomération,Intersection en X,Normale,Deux véhicules - côté,,,,,,,,,,,5,2,2,1,3
200600040522,0006-07-30 13:50:00,6,7,30,13,50,750,16,ECH MAILLOT PL PTE MAILL,,,Plein jour,En agglomération,Intersection en X,Pluie légère,Sans collision,,,,,,,,,,,1,2,2,2,7
200600040523,0006-07-31 07:15:00,6,7,31,7,15,750,16,2 AV  VICTOR HUGO,,,Plein jour,En agglomération,Hors intersection,Normale,Deux véhicules - arrière,,,,,,,,,,,1,2,1,1,2
200600040524,0006-07-04 16:20:00,6,7,4,16,20,750,16,BPI DAUPHINE MAILLOT,,,Plein jour,En agglomération,Hors intersection,Normale,Deux véhicules - côté,,,,,,,,,,,1,2,1,1,3
200600040525,0006-07-04 15:55:00,6,7,4,15,55,750,17,BPI ASNIERES CLICHY,,,Plein jour,En agglomération,Hors intersection,Normale,Deux véhicules - arrière,,,,,,,,,,,1,2,1,1,2
200600040526,0006-07-05 07:40:00,6,7,5,7,40,750,12,AV DAUMESNIL RTE DE LA T,,,Plein jour,En agglomération,Intersection en X,Normale,Trois véhicules et plus - en chaîne,,,,,,,,,,,1,2,2,1,4
200600040527,0006-07-05 07:45:00,6,7,5,7,45,750,14,ECH ORLEANS,,,Plein jour,En agglomération,Hors intersection,Normale,Autre collision,,,,,,,,,,,1,2,1,1,6
200600040528,0006-07-06 07:00:00,6,7,6,7,0,750,14,BPE BRANCION VANVES,,,Plein jour,En agglomération,Hors intersection,Normale,Autre collision,,,,,,,,,,,1,2,1,1,6
200600040529,0006-07-07 16:20:00,6,7,7,16,20,750,14,BPE VANVES CHATILLON,,,Plein jour,En agglomération,Hors intersection,Normale,Deux véhicules - arrière,,,,,,,,,,,1,2,1,1,2
200600040530,0006-07-08 16:40:00,6,7,8,16,40,750,18,BPE CHAPELLE CLIGNANCOUR,,,Plein jour,En agglomération,Hors intersection,Normale,Deux véhicules - côté,,,,,,,,,,,1,2,1,1,3
200600040531,0006-07-10 19:50:00,6,7,10,19,50,750,15,BPE SEVRES PLAINE,,,Plein jour,En agglomération,Hors intersection,Normale,Sans collision,,,,,,,,,,,1,2,1,1,7
200600040532,0006-07-11 09:00:00,6,7,11,9,0,750,13,BPI ITALIE GENTILLY,,,Plein jour,En agglomération,Hors intersection,Normale,Deux véhicules - côté,,,,,,,,,,,1,2,1,1,3
200600040533,0006-07-11 21:40:00,6,7,11,21,40,750,17,BPI CLICHY ST OUEN,,,Plein jour,En agglomération,Hors intersection,Normale,Trois véhicules et plus - en chaîne,,,,,,,,,,,1,2,1,1,4
200600040534,0006-07-11 10:25:00,6,7,11,10,25,750,19,BPE LILAS PRE SAINT GERV,,,Plein jour,En agglomération,Hors intersection,Normale,Autre collision,,,,,,,,,,,1,2,1,1,6
200600040535,0006-07-11 10:20:00,6,7,11,10,20,750,19,BPE PRE ST GERVAIS PANTI,,,Plein jour,En agglomération,Hors intersection,Normale,Sans collision,,,,,,,,,,,1,2,1,1,7
200600040536,0006-07-19 20:20:00,6,7,19,20,20,750,12,66 AV DAUMESNIL,,,Plein jour,En agglomération,Hors intersection,Normale,Deux véhicules - côté,,,,,,,,,,,1,2,1,1,3
200600040537,0006-07-21 11:20:00,6,7,21,11,20,750,12,PL MAURICE DE FONTENAY R,,,Plein jour,En agglomération,Intersection en T,Normale,Deux véhicules - côté,,,,,,,,,,,1,2,3,1,3
200600040538,0006-07-22 13:10:00,6,7,22,13,10,750,10,R LA FAYETTE BD DE LA VI,,,Plein jour,En agglomération,Intersection en X,Normale,Deux véhicules - côté,,,,,,,,,,,1,2,2,1,3
200600040539,0006-07-24 21:20:00,6,7,24,21,20,750,10,BD DE MAGENTA R DES PETI,,,Nuit avec éclairage allumé,En agglomération,Intersection en T,Normale,Deux véhicules - côté,,,,,,,,,,,5,2,3,1,3
200600040540,0006-07-24 18:20:00,6,7,24,18,20,750,17,AV DE CLICHY R JACQUEMON,,,Plein jour,En agglomération,Intersection en T,Normale,Deux véhicules - côté,,,,,,,,,,,1,2,3,1,3
200600040541,0006-07-25 09:58:00,6,7,25,9,58,750,10,R D ENGHIEN R  FG SAINT,,,Plein jour,En agglomération,Intersection en X,Normale,Autre collision,,,,,,,,,,,1,2,2,1,6
200600040542,0006-07-25 19:10:00,6,7,25,19,10,750,10,BD SAINT DENIS BD DE STR,,,Plein jour,En agglomération,Intersection en X,Normale,Deux véhicules - côté,,,,,,,,,,,1,2,2,1,3
200600040543,0006-07-25 11:03:00,6,7,25,11,3,750,12,R DE LIBOURNE CO DU MINE,,,Plein jour,En agglomération,Intersection en X,Normale,Deux véhicules - côté,,,,,,,,,,,1,2,2,1,3
200600040544,0006-07-25 11:35:00,6,7,25,11,35,750,12,212 AV DAUMESNIL,,,Plein jour,En agglomération,Hors intersection,Normale,Deux véhicules - arrière,,,,,,,,,,,1,2,1,1,2
200600040545,0006-07-26 19:45:00,6,7,26,19,45,750,14,242 BD RASPAIL,,,Plein jour,En agglomération,Hors intersection,Normale,Deux véhicules - côté,,,,,,,,,,,1,2,1,1,3
200600040546,0006-07-26 18:15:00,6,7,26,18,15,750,14,BD BRUNE AV JEAN MOULIN,,,Plein jour,En agglomération,Intersection en X,Normale,Deux véhicules - côté,,,,,,,,,,,1,2,2,1,3
200600040547,0006-07-27 19:20:00,6,7,27,19,20,750,4,44 R DE RIVOLI,,,Plein jour,En agglomération,Hors intersection,Normale,Deux véhicules - côté,,,,,,,,,,,1,2,1,1,3
200600040548,0006-07-27 13:50:00,6,7,27,13,50,750,10,BD DE LA CHAPELLE R LOUI,,,Plein jour,En agglomération,Intersection en X,Normale,Deux véhicules - arrière,,,,,,,,,,,1,2,2,1,2
200600040549,0006-07-27 12:20:00,6,7,27,12,20,750,11,46 AV DE LA REPUBLIQUE,,,Plein jour,En agglomération,Hors intersection,Normale,Autre collision,,,,,,,,,,,1,2,1,1,6
200600040550,0006-07-28 17:10:00,6,7,28,17,10,750,2,R DE LA MICHODIERE R QUA,,,Plein jour,En agglomération,Intersection en X,Normale,Autre collision,,,,,,,,,,,1,2,2,1,6
200600040551,0006-07-28 02:30:00,6,7,28,2,30,750,2,R ETIENNE MARCEL R MONTO,,,Nuit avec éclairage allumé,En agglomération,Intersection en X,Normale,Deux véhicules - arrière,,,,,,,,,,,5,2,2,1,2
200600040552,0006-07-28 07:35:00,6,7,28,7,35,750,4,BD DE SEBASTOPOL AV  VIC,,,Nuit avec éclairage allumé,En agglomération,Intersection en X,Normale,Deux véhicules - côté,,,,,,,,,,,5,2,2,1,3
200600040553,0006-07-28 18:10:00,6,7,28,18,10,750,7,R DUVIVIER AV DE LA MOTT,,,Plein jour,En agglomération,Intersection en X,Normale,Deux véhicules - côté,,,,,,,,,,,1,2,2,1,3
200600040554,0006-07-28 11:25:00,6,7,28,11,25,750,9,R CHAUSSEE D ANTIN PL ES,,,Plein jour,En agglomération,Intersection en X,Normale,Autre collision,,,,,,,,,,,1,2,2,1,6
200600040555,0006-07-28 16:00:00,6,7,28,16,0,750,9,20 BD POISSONNIERE,,,Plein jour,En agglomération,Hors intersection,Normale,Deux véhicules - côté,,,,,,,,,,,1,2,1,1,3
200600040556,0006-07-28 11:24:00,6,7,28,11,24,750,10,64 BD DE MAGENTA,,,Plein jour,En agglomération,Hors intersection,Normale,Autre collision,,,,,,,,,,,1,2,1,1,6
200600040557,0006-07-28 09:12:00,6,7,28,9,12,750,13,116 AV DE CHOISY,,,Plein jour,En agglomération,Hors intersection,Normale,Autre collision,,,,,,,,,,,1,2,1,1,6
200600040558,0006-07-28 22:15:00,6,7,28,22,15,750,14,AV JEAN MOULIN R MORERE,,,Nuit avec éclairage allumé,En agglomération,Intersection en X,Normale,Deux véhicules - côté,,,,,,,,,,,5,2,2,1,3
200600040559,0006-07-28 07:30:00,6,7,28,7,30,750,14,BD BRUNE PL DU 25 AOUT 1,,,Plein jour,En agglomération,Intersection en X,Normale,Deux véhicules - côté,,,,,,,,,,,1,2,2,1,3
200600040560,0006-07-28 15:20:00,6,7,28,15,20,750,19,196 R D AUBERVILLIERS,,,Plein jour,En agglomération,Hors intersection,Normale,Deux véhicules - arrière,,,,,,,,,,,1,2,1,1,2
200600040561,0006-07-28 17:00:00,6,7,28,17,0,750,19,R DE CRIMEE R CURIAL,,,Plein jour,En agglomération,Intersection en X,Normale,Autre collision,,,,,,,,,,,1,2,2,1,6
200600040562,0006-07-29 18:40:00,6,7,29,18,40,750,2,R DE CLERY R MONTMARTRE,,,Plein jour,En agglomération,Intersection en X,Normale,Deux véhicules - côté,,,,,,,,,,,1,2,2,1,3
200600040563,0006-07-29 18:40:00,6,7,29,18,40,750,10,BD DE MAGENTA R DES VINA,,,Plein jour,En agglomération,Intersection en X,Normale,Deux véhicules - côté,,,,,,,,,,,1,2,2,1,3
200600040564,0006-07-29 16:35:00,6,7,29,16,35,750,12,216 AV DAUMESNIL,,,Plein jour,En agglomération,Hors intersection,Normale,Deux véhicules - côté,,,,,,,,,,,1,2,1,1,3
200600040565,0006-07-29 21:00:00,6,7,29,21,0,750,19,4 AV SIMON BOLIVAR,,,Crépuscule ou aube,En agglomération,Hors intersection,Normale,Autre collision,,,,,,,,,,,2,2,1,1,6
200600040566,0006-07-30 17:15:00,6,7,30,17,15,750,1,PL DU CARROUSEL,,,Plein jour,En agglomération,Hors intersection,Temps couvert,Sans collision,,,,,,,,,,,1,2,1,8,7
200600040567,0006-07-30 01:10:00,6,7,30,1,10,750,14,8 AV DU GAL LECLERC,,,Nuit avec éclairage allumé,En agglomération,Hors intersection,Normale,Autre collision,,,,,,,,,,,5,2,1,1,6
200600040568,0006-07-30 23:00:00,6,7,30,23,0,750,6,R BONAPARTE PL SAINT SUL,,,Nuit avec éclairage allumé,En agglomération,Intersection en X,Normale,Deux véhicules - côté,,,,,,,,,,,5,2,2,1,3
200600040569,0006-07-30 05:25:00,6,7,30,5,25,750,10,R DU FG ST MARTIN BD VIL,,,Crépuscule ou aube,En agglomération,Intersection en X,Normale,Deux véhicules - côté,,,,,,,,,,,2,2,2,1,3
200600040570,0006-07-30 11:35:00,6,7,30,11,35,750,13,QU DE LA GARE BD VINCENT,,,Plein jour,En agglomération,Intersection en T,Normale,Deux véhicules - côté,,,,,,,,,,,1,2,3,1,3
200600040571,0006-07-30 05:00:00,6,7,30,5,0,750,5,12 BD DE L HOPITAL,,,Nuit avec éclairage allumé,En agglomération,Hors intersection,Normale,Deux véhicules - côté,,,,,,,,,,,5,2,1,1,3
200600040572,0006-07-31 21:00:00,6,7,31,21,0,750,10,R BEAUREPAIRE BD DE MAGE,,,Crépuscule ou aube,En agglomération,Intersection en Y,Normale,Autre collision,,,,,,,,,,,2,2,4,1,6
200600040573,0006-07-31 10:25:00,6,7,31,10,25,750,11,34 BD DU TEMPLE,,,Plein jour,En agglomération,Hors intersection,Normale,Deux véhicules - côté,,,,,,,,,,,1,2,1,1,3
200600040574,0006-07-31 12:10:00,6,7,31,12,10,750,11,R DU GRAND PRIEURE AV DE,,,Plein jour,En agglomération,Intersection en Y,Normale,Deux véhicules - côté,,,,,,,,,,,1,2,4,1,3
200600040575,0006-07-31 15:27:00,6,7,31,15,27,750,12,L7502 QU DE BERCY,,,Plein jour,En agglomération,Hors intersection,Normale,Deux véhicules - côté,,,,,,,,,,,1,2,1,1,3
200600040576,0006-07-31 16:50:00,6,7,31,16,50,750,12,33 BD PONIATOWSKI,,,Plein jour,En agglomération,Hors intersection,Normale,Autre collision,,,,,,,,,,,1,2,1,1,6
200600040577,0006-07-31 23:30:00,6,7,31,23,30,750,13,2 R BRUANT,,,Nuit avec éclairage allumé,En agglomération,Hors intersection,Normale,Sans collision,,,,,,,,,,,5,2,1,1,7
200600040578,0006-07-31 14:40:00,6,7,31,14,40,750,14,R D ALESIA R VERCINGETOR,,,Plein jour,En agglomération,Intersection en X,Normale,Autre collision,,,,,,,,,,,1,2,2,1,6
200600040579,0006-07-31 13:30:00,6,7,31,13,30,750,15,R FALGUIERE BD PASTEUR,,,Plein jour,En agglomération,Intersection en X,Temps couvert,Autre collision,,,,,,,,,,,1,2,2,8,6
200600040580,0006-07-31 08:45:00,6,7,31,8,45,750,15,BD DES FRERES VOISINS  B,,,Plein jour,En agglomération,Intersection en T,Temps couvert,Deux véhicules - arrière,,,,,,,,,,,1,2,3,8,2
200600040581,0006-07-31 16:20:00,6,7,31,16,20,750,20,BD DAVOUT CRS VINCENNES,,,Plein jour,En agglomération,Intersection en T,Normale,Deux véhicules - côté,,,,,,,,,,,1,2,3,1,3
200600040582,0006-07-11 07:30:00,6,7,11,7,30,750,12,BPI SAINT MANDE DOREE,,,Plein jour,En agglomération,Hors intersection,Normale,Deux véhicules - côté,,,,,,,,,,,1,2,1,1,3
200600040583,0006-07-11 11:30:00,6,7,11,11,30,750,20,BPI BAGNOLET MONTREUIL,,,Plein jour,En agglomération,Hors intersection,Normale,Deux véhicules - côté,,,,,,,,,,,1,2,1,1,3
200600040584,0006-07-13 08:10:00,6,7,13,8,10,750,16,BPE SAINT CLOUD Q POINT,,,Plein jour,En agglomération,Hors intersection,Normale,Deux véhicules - côté,,,,,,,,,,,1,2,1,1,3
200600040585,0006-07-13 16:00:00,6,7,13,16,0,750,20,BPI LILAS BAGNOLET,,,Plein jour,En agglomération,Hors intersection,Normale,Trois véhicules et plus - en chaîne,,,,,,,,,,,1,2,1,1,4
200600040586,0006-07-15 10:50:00,6,7,15,10,50,750,14,BPE CHATILLON ORLEANS,,,Plein jour,En agglomération,Hors intersection,Normale,Sans collision,,,,,,,,,,,1,2,1,1,7
200600040587,0006-07-17 09:25:00,6,7,17,9,25,750,18,BPI CLIGNANCOURT CHAPELL,,,Plein jour,En agglomération,Hors intersection,Normale,Trois véhicules et plus - en chaîne,,,,,,,,,,,1,2,1,1,4
200600040588,0006-07-17 19:30:00,6,7,17,19,30,750,18,BPI CLIGNANCOURT CHAPELL,,,Plein jour,En agglomération,Hors intersection,Normale,Trois véhicules et plus - en chaîne,,,,,,,,,,,1,2,1,1,4
200600040589,0006-07-18 17:50:00,6,7,18,17,50,750,18,BPI CLIGNANCOURT CHAPELL,,,Plein jour,En agglomération,Hors intersection,Normale,Deux véhicules - côté,,,,,,,,,,,1,2,1,1,3
200600040590,0006-07-20 10:15:00,6,7,20,10,15,750,19,BPE PANTIN VILLETTE,,,Plein jour,En agglomération,Hors intersection,Normale,Deux véhicules - côté,,,,,,,,,,,1,2,1,1,3
200600040591,0006-07-21 19:35:00,6,7,21,19,35,750,15,BPE SEVRES PLAINE,,,Plein jour,En agglomération,Hors intersection,Normale,Deux véhicules - arrière,,,,,,,,,,,1,2,1,1,2
200600040592,0006-07-21 10:10:00,6,7,21,10,10,750,16,BPE PASSY AUTEUIL,,,Plein jour,En agglomération,Hors intersection,Normale,Trois véhicules et plus - en chaîne,,,,,,,,,,,1,2,1,1,4
200600040593,0006-07-21 14:55:00,6,7,21,14,55,750,16,BPE MUETTE PASSY,,,Plein jour,En agglomération,Hors intersection,Normale,Trois véhicules et plus - en chaîne,,,,,,,,,,,1,2,1,1,4
200600040594,0006-07-22 17:10:00,6,7,22,17,10,750,15,BPE SEVRES PLAINE,,,Plein jour,En agglomération,Hors intersection,Normale,Deux véhicules - arrière,,,,,,,,,,,1,2,1,1,2
200600040595,0006-07-25 09:10:00,6,7,25,9,10,750,16,BPE MUETTE PASSY,,,Plein jour,En agglomération,Hors intersection,Normale,Deux véhicules - côté,,,,,,,,,,,1,2,1,1,3
200600040596,0006-07-26 10:50:00,6,7,26,10,50,750,12,AV DAUMESNIL R DUBRUNFAU,,,Plein jour,En agglomération,Intersection en Y,Normale,Sans collision,,,,,,,,,,,1,2,4,1,7
200600040597,0006-07-28 21:15:00,6,7,28,21,15,750,17,BPE SAINT OUEN CLICHY,,,Plein jour,En agglomération,Hors intersection,Normale,Deux véhicules - côté,,,,,,,,,,,1,2,1,1,3
200600040598,0006-07-27 12:00:00,6,7,27,12,0,750,16,BPE PASSY AUTEUIL,,,Plein jour,En agglomération,Hors intersection,Normale,Deux véhicules - côté,,,,,,,,,,,1,2,1,1,3
200600040599,0006-07-27 12:20:00,6,7,27,12,20,750,17,BPI CLICHY SAINT OUEN,,,Plein jour,En agglomération,Hors intersection,Normale,Deux véhicules - arrière,,,,,,,,,,,1,2,1,1,2
200600040600,0006-07-27 13:50:00,6,7,27,13,50,750,18,R DAMREMONT R ORDENER,,,Plein jour,En agglomération,Intersection en X,Normale,Deux véhicules - côté,,,,,,,,,,,1,2,2,1,3
200600040601,0006-07-24 09:25:00,6,7,24,9,25,750,18,2 R ROBERT PLANQUETTE,,,Plein jour,En agglomération,Hors intersection,Normale,Autre collision,,,,,,,,,,,1,2,1,1,6
200600040602,0006-07-24 18:00:00,6,7,24,18,0,750,18,R LEON R MARCADET,,,Plein jour,En agglomération,Intersection en X,Normale,Autre collision,,,,,,,,,,,1,2,2,1,6
200600040603,0006-07-28 14:40:00,6,7,28,14,40,750,18,8 R DE CLIGNANCOURT,,,Plein jour,En agglomération,Hors intersection,Normale,Autre collision,,,,,,,,,,,1,2,1,1,6
200600040604,0006-07-29 09:20:00,6,7,29,9,20,750,18,8 AV PTE DE CLIGNANCOURT,,,Plein jour,En agglomération,Hors intersection,Normale,Autre collision,,,,,,,,,,,1,2,1,1,6
200600040605,0006-07-31 06:55:00,6,7,31,6,55,750,18,12 R D AUBERVILLIERS,,,Crépuscule ou aube,En agglomération,Hors intersection,Normale,Deux véhicules - côté,,,,,,,,,,,2,2,1,1,3
200600040606,0006-07-31 09:15:00,6,7,31,9,15,750,15,BD VICTOR AV DE LA PTE D,,,Plein jour,En agglomération,Intersection en X,Normale,Autre collision,,,,,,,,,,,1,2,2,1,6
200600040607,0006-07-29 06:20:00,6,7,29,6,20,750,15,BPI PLAINE SEVRES,,,Crépuscule ou aube,En agglomération,Hors intersection,Normale,Autre collision,,,,,,,,,,,2,2,1,1,6
200600040608,0006-07-29 03:40:00,6,7,29,3,40,750,18,BD BARBES R DE LA GOUTTE,,,Nuit avec éclairage allumé,En agglomération,Intersection en T,Normale,Deux véhicules - côté,,,,,,,,,,,5,2,3,1,3
200600040609,0006-07-13 10:40:00,6,7,13,10,40,750,16,BPE SAINT CLOUD Q POINT,,,Plein jour,En agglomération,Hors intersection,Normale,Deux véhicules - côté,,,,,,,,,,,1,2,1,1,3
200600040610,0006-07-31 17:15:00,6,7,31,17,15,750,13,BPE GENTILLY ITALIE,,,Plein jour,En agglomération,Hors intersection,Normale,Deux véhicules - côté,,,,,,,,,,,1,2,1,1,3
200600040611,0006-07-13 19:20:00,6,7,13,19,20,750,18,BPE AUBERVILLIERS CHAPEL,,,Plein jour,En agglomération,Hors intersection,Temps éblouissant,Trois véhicules et plus - en chaîne,,,,,,,,,,,1,2,1,7,4
200600040612,0006-07-17 23:20:00,6,7,17,23,20,750,1,R DU LOUVRE R DE RIVOLI,,,Nuit avec éclairage allumé,En agglomération,Intersection en X,Normale,Deux véhicules - côté,,,,,,,,,,,5,2,2,1,3
200600040613,0006-07-18 18:00:00,6,7,18,18,0,750,20,BPI BAGNOLET MONTREUIL,,,Plein jour,En agglomération,Hors intersection,Normale,Autre collision,,,,,,,,,,,1,2,1,1,6
200600040614,0006-07-01 13:10:00,6,7,1,13,10,750,12,BD SOULT AV PTE DE VINCE,,,Plein jour,En agglomération,Intersection en X,Normale,Deux véhicules - arrière,,,,,,,,,,,1,2,2,1,2
200600040615,0006-07-20 06:50:00,6,7,20,6,50,750,20,BPI MONTREUIL VINCENNES,,,Crépuscule ou aube,En agglomération,Hors intersection,Normale,Sans collision,,,,,,,,,,,2,2,1,1,7
200600040616,0006-07-24 03:45:00,6,7,24,3,45,750,19,ECH PANTIN,,,Nuit avec éclairage allumé,En agglomération,Hors intersection,Normale,Autre collision,,,,,,,,,,,5,2,1,1,6
200600040617,0006-07-30 19:30:00,6,7,30,19,30,750,20,BPE BAGNOLET LILAS,,,Plein jour,En agglomération,Hors intersection,Normale,Deux véhicules - côté,,,,,,,,,,,1,2,1,1,3
200600040618,0006-07-30 02:50:00,6,7,30,2,50,750,12,22 R DU FG ST ANTOINE,,,Nuit avec éclairage allumé,En agglomération,Hors intersection,Normale,Deux véhicules - côté,,,,,,,,,,,5,2,1,1,3
200600040619,0006-07-21 07:20:00,6,7,21,7,20,750,16,AV GEORGES LAFONT PL PTE,,,Plein jour,En agglomération,Intersection en X,Normale,Sans collision,,,,,,,,,,,1,2,2,1,7
200600040620,0006-07-05 09:45:00,6,7,5,9,45,760,384,"4, MARRECHAL LECLERC (AV",,,Plein jour,En agglomération,Intersection en X,Normale,Deux véhicules - frontale,,,,,,,,,,,1,2,2,1,1
200600040621,0006-07-03 20:05:00,6,7,3,20,5,760,217,"1, CARENAGE (QUAI DU)",,,Plein jour,En agglomération,Hors intersection,Normale,Autre collision,,,,,,,,,,,1,2,1,1,6
200600040622,0006-07-08 05:15:00,6,7,8,5,15,760,137,RD 925,,,Crépuscule ou aube,Hors agglomération,Hors intersection,Normale,Sans collision,,,,,,,,,,,2,1,1,1,7
200600040623,0006-07-25 18:50:00,6,7,25,18,50,760,26,RD 1,,,Plein jour,En agglomération,Hors intersection,Normale,Deux véhicules - arrière,,,,,,,,,,,1,2,1,1,2
200600040624,0006-07-27 15:30:00,6,7,27,15,30,760,565,RD 54,,,Plein jour,En agglomération,Hors intersection,Normale,Deux véhicules - côté,,,,,,,,,,,1,2,1,1,3
200600040625,0006-07-28 19:00:00,6,7,28,19,0,760,565,RD54E,,,Plein jour,Hors agglomération,Intersection en Y,Normale,Deux véhicules - arrière,,,,,,,,,,,1,1,4,1,2