accident_id,datetime,annee,mois,jour,heure,minute,departement,commune_insee,adresse,latitude,longitude,luminosite,agglomeration,intersection,meteo,collision,nb_vehicules,nb_usagers,nb_indemnes,nb_tues,nb_blesses_hosp,nb_blesses_legers,age_cond_1,age_cond_2,veh_type_cond_1,veh_type_cond_2,lum_code,agg_code,int_code,atm_code,col_code
200600040626,0006-07-03 19:10:00,6,7,3,19,10,760,178,"0, MARTYRS. RUE DES",,,Plein jour,En agglomération,Intersection en T,Normale,Deux véhicules - côté,,,,,,,,,,,1,2,3,1,3
200600040627,0006-07-25 12:05:00,6,7,25,12,5,760,231,"0, SAUSSAYE. RUE DE LA",,,Plein jour,Hors agglomération,Hors intersection,Normale,Deux véhicules - frontale,,,,,,,,,,,1,1,1,1,1
200600040628,0006-07-26 16:55:00,6,7,26,16,55,760,484,"0, CD 13",,,Plein jour,En agglomération,Hors intersection,Normale,Deux véhicules - arrière,,,,,,,,,,,1,2,1,1,2
200600040629,0006-07-07 15:45:00,6,7,7,15,45,760,351,"73, AMIRAL MOUCHEZ (BD)",,,Plein jour,En agglomération,Hors intersection,Normale,Deux véhicules - côté,,,,,,,,,,,1,2,1,1,3
200600040630,0006-07-13 12:15:00,6,7,13,12,15,760,351,CHANTIERS (DES) N°>180,,,Plein jour,En agglomération,Intersection en T,Normale,Deux véhicules - côté,,,,,,,,,,,1,2,3,1,3
200600040631,0006-07-01 23:00:00,6,7,1,23,0,760,319,"1, HUGO. RUE VICTOR",,,Nuit sans éclairage public,En agglomération,Intersection en T,Normale,Sans collision,,,,,,,,,,,3,2,3,1,7
200600040632,0006-07-01 16:15:00,6,7,1,16,15,760,322,RN 138 (AVENUE DES CANAD,,,Plein jour,En agglomération,Hors intersection,Normale,Deux véhicules - côté,,,,,,,,,,,1,2,1,1,3
200600040633,0006-07-02 20:00:00,6,7,2,20,0,760,474,"1, LONGS VALLONS. RUE DE",,,Plein jour,En agglomération,Hors intersection,Normale,Deux véhicules - côté,,,,,,,,,,,1,2,1,1,3
200600040634,0006-07-02 02:30:00,6,7,2,2,30,760,540,"20, CONTREMOULINS. RUE G",,,Nuit avec éclairage allumé,En agglomération,Hors intersection,Normale,Sans collision,,,,,,,,,,,5,2,1,1,7
200600040635,0006-07-04 16:00:00,6,7,4,16,0,760,681,"116, SALVA. RUE LEON",,,Plein jour,En agglomération,Hors intersection,Normale,Deux véhicules - arrière,,,,,,,,,,,1,2,1,1,2
200600040636,0006-07-05 16:30:00,6,7,5,16,30,760,319,"1, pierre bonnard",,,Plein jour,En agglomération,Hors intersection,Normale,Autre collision,,,,,,,,,,,1,2,1,1,6
200600040637,0006-07-05 17:30:00,6,7,5,17,30,760,212,PAIX. BOULEVARD DE LA (R,,,Plein jour,En agglomération,Hors intersection,Normale,Deux véhicules - côté,,,,,,,,,,,1,2,1,1,3
200600040638,0006-07-05 21:15:00,6,7,5,21,15,760,410,"1, REPUBLIQUE. RUE DE LA",,,Plein jour,En agglomération,Hors intersection,Normale,Deux véhicules - côté,,,,,,,,,,,1,2,1,1,3
200600040639,0006-07-07 14:55:00,6,7,7,14,55,760,108,"1899, CLERES. CHEMIN DE",,,Plein jour,En agglomération,Hors intersection,Pluie forte,Autre collision,,,,,,,,,,,1,2,1,3,6
200600040640,0006-07-09 13:00:00,6,7,9,13,0,760,575,"1, rond point des vaches",,,Plein jour,En agglomération,Hors intersection,Normale,Sans collision,,,,,,,,,,,1,2,1,1,7
200600040641,0006-07-09 16:45:00,6,7,9,16,45,760,322,"1, BROSSOLETTE. BOULEVAR",,,Plein jour,Hors agglomération,Hors intersection,Normale,Sans collision,,,,,,,,,,,1,1,1,1,7
200600040642,0006-07-09 19:40:00,6,7,9,19,40,760,540,"26, MALADRERIE. RUE",,,Plein jour,En agglomération,Hors intersection,Normale,Deux véhicules - côté,,,,,,,,,,,1,2,1,1,3
200600040643,0006-07-09 20:00:00,6,7,9,20,0,760,681,14 JUILLET. AVENUE DU,,,Plein jour,En agglomération,Hors intersection,Normale,Autre collision,,,,,,,,,,,1,2,1,1,6
200600040644,0006-07-07 10:05:00,6,7,7,10,5,760,540,"1, BRETAGNE. AVENUE DE",,,Plein jour,En agglomération,Hors intersection,Normale,Deux véhicules - côté,,,,,,,,,,,1,2,1,1,3
200600040645,0006-07-10 05:00:00,6,7,10,5,0,760,322,"1, BROSSOLETTE. BOULEVAR",,,Crépuscule ou aube,Hors agglomération,Hors intersection,Normale,Sans collision,,,,,,,,,,,2,1,1,1,7
200600040646,0006-07-13 09:00:00,6,7,13,9,0,760,322,RN 138 (AVENUE DES CANAD,,,Plein jour,Hors agglomération,Hors intersection,Normale,Sans collision,,,,,,,,,,,1,1,1,1,7
200600040647,0006-07-13 12:05:00,6,7,13,12,5,760,497,RN 138,,,Plein jour,En agglomération,Hors intersection,Normale,Autre collision,,,,,,,,,,,1,2,1,1,6
200600040648,0006-07-13 21:10:00,6,7,13,21,10,760,410,"199, MARTYRS DE LA RESIS",,,Plein jour,En agglomération,Hors intersection,Normale,Deux véhicules - côté,,,,,,,,,,,1,2,1,1,3
200600040649,0006-07-13 12:10:00,6,7,13,12,10,760,540,"1, BOIELDIEU. PONT",,,Plein jour,En agglomération,Hors intersection,Normale,Trois véhicules et plus - collisions multiples,,,,,,,,,,,1,2,1,1,5
200600040650,0006-07-16 22:30:00,6,7,16,22,30,760,498,"1, SPINNEWEBER. RUE MART",,,Nuit sans éclairage public,En agglomération,Intersection en T,Normale,Deux véhicules - côté,,,,,,,,,,,3,2,3,1,3
200600040651,0006-07-12 08:50:00,6,7,12,8,50,760,322,CD 3 (AVENUE DU MARECHAL,,,Plein jour,Hors agglomération,Hors intersection,Normale,Deux véhicules - côté,,,,,,,,,,,1,1,1,1,3
200600040652,0006-07-12 18:45:00,6,7,12,18,45,760,108,"1, CANADIENS. RUE DES",,,Plein jour,En agglomération,Hors intersection,Normale,Deux véhicules - côté,,,,,,,,,,,1,2,1,1,3
200600040653,0006-07-12 19:25:00,6,7,12,19,25,760,540,RN 28,,,Plein jour,Hors agglomération,Hors intersection,Normale,Deux véhicules - côté,,,,,,,,,,,1,1,1,1,3
200600040654,0006-07-18 09:00:00,6,7,18,9,0,760,540,RN 28,,,Plein jour,Hors agglomération,Hors intersection,Normale,Deux véhicules - côté,,,,,,,,,,,1,1,1,1,3
200600040655,0006-07-18 11:20:00,6,7,18,11,20,760,681,"1, CORNEILLE. RUE PIERRE",,,Plein jour,En agglomération,Hors intersection,Normale,Deux véhicules - côté,,,,,,,,,,,1,2,1,1,3
200600040656,0006-07-18 14:47:00,6,7,18,14,47,760,540,"61, BELGES. BOULEVARD DE",,,Plein jour,En agglomération,Hors intersection,Normale,Deux véhicules - arrière,,,,,,,,,,,1,2,1,1,2
200600040657,0006-07-18 22:25:00,6,7,18,22,25,760,157,A 150,,,Nuit sans éclairage public,Hors agglomération,Hors intersection,Normale,Sans collision,,,,,,,,,,,3,1,1,1,7
200600040658,0006-07-19 11:55:00,6,7,19,11,55,760,540,"1, WALLON. RUE HENRI",,,Plein jour,En agglomération,Intersection en T,Normale,Deux véhicules - côté,,,,,,,,,,,1,2,3,1,3
200600040659,0006-07-21 15:15:00,6,7,21,15,15,760,410,"80, REPUBLIQUE. RUE DE L",,,Plein jour,En agglomération,Hors intersection,Normale,Autre collision,,,,,,,,,,,1,2,1,1,6
200600040660,0006-07-22 07:50:00,6,7,22,7,50,760,540,"45, RENARD. RUE DU",,,Plein jour,En agglomération,Hors intersection,Normale,Sans collision,,,,,,,,,,,1,2,1,1,7
200600040661,0006-07-24 22:35:00,6,7,24,22,35,760,319,RN 138,,,Nuit sans éclairage public,Hors agglomération,Hors intersection,Normale,Trois véhicules et plus - en chaîne,,,,,,,,,,,3,1,1,1,4
200600040662,0006-07-24 11:00:00,6,7,24,11,0,760,410,RN 15 (COTE DE LA VALETT,,,Plein jour,En agglomération,Hors intersection,Normale,Deux véhicules - arrière,,,,,,,,,,,1,2,1,1,2
200600040663,0006-07-25 22:15:00,6,7,25,22,15,760,498,"1, JACQUARD. RUE",,,Crépuscule ou aube,En agglomération,Intersection en T,Normale,Deux véhicules - côté,,,,,,,,,,,2,2,3,1,3
200600040664,0006-07-30 08:55:00,6,7,30,8,55,760,540,"163, YSER. BOULEVARD DE",,,Crépuscule ou aube,En agglomération,Hors intersection,Pluie légère,Autre collision,,,,,,,,,,,2,2,1,2,6
200600040665,0006-07-30 21:10:00,6,7,30,21,10,760,681,"558, PARIS. RUE DE",,,Plein jour,En agglomération,Hors intersection,Normale,Deux véhicules - arrière,,,,,,,,,,,1,2,1,1,2
200600040666,0006-07-29 16:35:00,6,7,29,16,35,760,540,"1, ORLEANS. BOULEVARD D'",,,Plein jour,En agglomération,Intersection en T,Temps éblouissant,Deux véhicules - côté,,,,,,,,,,,1,2,3,7,3
200600040667,0006-07-28 14:35:00,6,7,28,14,35,760,681,"1, INDUSTRIEL. BOULEVARD",,,Plein jour,En agglomération,Hors intersection,Temps éblouissant,Trois véhicules et plus - collisions multiples,,,,,,,,,,,1,2,1,7,5
200600040668,0006-07-29 17:30:00,6,7,29,17,30,760,540,"1, CAVELIER DE LA SALLE.",,,Plein jour,En agglomération,Intersection en X,Temps éblouissant,Deux véhicules - côté,,,,,,,,,,,1,2,2,7,3
200600040669,0006-07-30 11:45:00,6,7,30,11,45,760,429,"152, PARIS. ROUTE DE",,,Plein jour,En agglomération,Hors intersection,Pluie légère,Deux véhicules - arrière,,,,,,,,,,,1,2,1,2,2
200600040670,0006-07-31 16:50:00,6,7,31,16,50,760,451,"1, CENTRE CIAL VATINE",,,Plein jour,En agglomération,Hors intersection,Normale,Autre collision,,,,,,,,,,,1,2,1,1,6
200600040671,0006-07-02 03:15:00,6,7,2,3,15,770,108,"48, IENA (AVENUE D')",,,Nuit avec éclairage allumé,En agglomération,Hors intersection,Normale,Autre collision,,,,,,,,,,,5,2,1,1,6
200600040672,0006-07-09 18:20:00,6,7,9,18,20,770,479,"15, PECHEURS (CHEMIN DES",,,Plein jour,En agglomération,Autre intersection,Normale,Autre collision,,,,,,,,,,,1,2,9,1,6
200600040673,0006-07-20 20:20:00,6,7,20,20,20,770,479,"96, ALGIS (RUE PAUL)",,,Plein jour,En agglomération,Hors intersection,Normale,Autre collision,,,,,,,,,,,1,2,1,1,6
200600040674,0006-07-26 19:25:00,6,7,26,19,25,770,108,"103, CLAYE (AVENUE DE)",,,Plein jour,En agglomération,Hors intersection,Normale,Deux véhicules - frontale,,,,,,,,,,,1,2,1,1,1
200600040675,0006-07-09 10:00:00,6,7,9,10,0,770,18,406 ( R D ),,,Plein jour,Hors agglomération,Hors intersection,Pluie légère,Deux véhicules - frontale,,,,,,,,,,,1,1,1,2,1
200600040676,0006-07-25 06:20:00,6,7,25,6,20,770,307,231 ( R D ),,,Nuit sans éclairage public,Hors agglomération,Hors intersection,Normale,Autre collision,,,,,,,,,,,3,1,1,1,6
200600040677,0006-07-07 20:00:00,6,7,7,20,0,770,320,"1150, CHALVERGNE (RUE DE",,,Plein jour,Hors agglomération,Hors intersection,Normale,Deux véhicules - frontale,,,,,,,,,,,1,1,1,1,1
200600040678,0006-07-11 11:45:00,6,7,11,11,45,770,320,MARECHAL LECLERC (AVENUE,,,Plein jour,En agglomération,Intersection en X,Normale,Autre collision,,,,,,,,,,,1,2,2,1,6
200600040679,0006-07-18 14:34:00,6,7,18,14,34,770,70,"00, COUTURE A CHAILLY (C",,,Plein jour,Hors agglomération,Intersection en X,Normale,Deux véhicules - côté,,,,,,,,,,,1,1,2,1,3
200600040680,0006-07-23 11:55:00,6,7,23,11,55,770,131,"04, HOTEL DE VILLE (QUAI",,,Plein jour,En agglomération,Hors intersection,Temps éblouissant,Autre collision,,,,,,,,,,,1,2,1,7,6
200600040681,0006-07-25 09:20:00,6,7,25,9,20,770,70,D 209,,,Plein jour,Hors agglomération,Intersection en T,Normale,Deux véhicules - arrière,,,,,,,,,,,1,1,3,1,2
200600040682,0006-07-11 17:50:00,6,7,11,17,50,770,186,RD 302,,,Plein jour,Hors agglomération,Hors intersection,Normale,Sans collision,,,,,,,,,,,1,1,1,1,7
200600040683,0006-07-13 18:05:00,6,7,13,18,5,770,226,"01, SAINT MARC (AVENUE)",,,Plein jour,En agglomération,Intersection en X,Normale,Deux véhicules - côté,,,,,,,,,,,1,2,2,1,3
200600040684,0006-07-13 19:10:00,6,7,13,19,10,770,442,VALVINS (PONT DE),,,Plein jour,Hors agglomération,Hors intersection,Normale,Deux véhicules - frontale,,,,,,,,,,,1,1,1,1,1
200600040685,0006-07-15 16:55:00,6,7,15,16,55,770,14,avenue des carrosses,,,Plein jour,En agglomération,Intersection en X,Normale,Deux véhicules - côté,,,,,,,,,,,1,2,2,1,3
200600040686,0006-07-23 06:30:00,6,7,23,6,30,770,186,LIBERATION (CARREFOUR DE,,,Plein jour,En agglomération,Intersection en X,Normale,Deux véhicules - côté,,,,,,,,,,,1,2,2,1,3
200600040687,0006-07-23 07:00:00,6,7,23,7,0,770,186,CROIX DE TOULOUSE (CARRE,,,Crépuscule ou aube,Hors agglomération,Hors intersection,Normale,Sans collision,,,,,,,,,,,2,1,1,1,7
200600040688,0006-07-12 12:55:00,6,7,12,12,55,770,186,d301 de chantoiseau /gra,,,Plein jour,Hors agglomération,Hors intersection,Normale,Autre collision,,,,,,,,,,,1,1,1,1,6
200600040689,0006-07-25 21:35:00,6,7,25,21,35,770,186,RD 142 Glandée au grand,,,Crépuscule ou aube,Hors agglomération,Hors intersection,Normale,Autre collision,,,,,,,,,,,2,1,1,1,6
200600040690,0006-07-26 18:15:00,6,7,26,18,15,770,186,D210.carre maréchaux apr,,,Plein jour,En agglomération,Hors intersection,Normale,Autre collision,,,,,,,,,,,1,2,1,1,6
200600040691,0006-07-29 18:15:00,6,7,29,18,15,770,186,RN7 de Barbizon à pavé d,,,Plein jour,Hors agglomération,Hors intersection,Normale,Autre collision,,,,,,,,,,,1,1,1,1,6
200600040692,0006-07-22 20:00:00,6,7,22,20,0,770,209,DEUX CHATEAUX (AVENUE DE,,,Plein jour,Hors agglomération,Hors intersection,Normale,Sans collision,,,,,,,,,,,1,1,1,1,7
200600040693,0006-07-11 22:14:00,6,7,11,22,14,770,243,"31, GENERAL LECLERC  (AV",,,Nuit sans éclairage public,En agglomération,Hors intersection,Normale,Deux véhicules - côté,,,,,,,,,,,3,2,1,1,3
200600040694,0006-07-01 10:45:00,6,7,1,10,45,770,243,"5, LEON GOSSON  (RUE   )",,,Plein jour,En agglomération,Hors intersection,Normale,Autre collision,,,,,,,,,,,1,2,1,1,6
200600040695,0006-07-01 15:45:00,6,7,1,15,45,770,330,"7, MELUN (AVENUE DE)",,,Plein jour,En agglomération,Hors intersection,Normale,Deux véhicules - arrière,,,,,,,,,,,1,2,1,1,2
200600040696,0006-07-03 08:50:00,6,7,3,8,50,770,475,VERDUN (AVENUE DE),,,Plein jour,Hors agglomération,Hors intersection,Normale,Autre collision,,,,,,,,,,,1,1,1,1,6
200600040697,0006-07-04 08:20:00,6,7,4,8,20,770,284,"1, GARE (PLACE DE LA)",,,Plein jour,En agglomération,Hors intersection,Normale,Trois véhicules et plus - en chaîne,,,,,,,,,,,1,2,1,1,4
200600040698,0006-07-05 14:15:00,6,7,5,14,15,770,284,VARREDES (ROUTE DE),,,Plein jour,Hors agglomération,Intersection en X,Normale,Deux véhicules - côté,,,,,,,,,,,1,1,2,1,3
200600040699,0006-07-07 08:25:00,6,7,7,8,25,770,284,"5, PARIS (CHAUSSEE DE)",,,Plein jour,En agglomération,Hors intersection,Pluie légère,Deux véhicules - arrière,,,,,,,,,,,1,2,1,2,2
200600040700,0006-07-13 18:20:00,6,7,13,18,20,770,284,"7, TESSAN (RUE FRANCOIS",,,Plein jour,En agglomération,Hors intersection,Normale,Autre collision,,,,,,,,,,,1,2,1,1,6
200600040701,0006-07-15 19:25:00,6,7,15,19,25,770,284,"1, GARE (PLACE DE LA)",,,Plein jour,En agglomération,Hors intersection,Normale,Sans collision,,,,,,,,,,,1,2,1,1,7
200600040702,0006-07-16 23:40:00,6,7,16,23,40,770,330,CRECY (CHEMIN DE),,,Nuit sans éclairage public,Hors agglomération,Hors intersection,Normale,Deux véhicules - frontale,,,,,,,,,,,3,1,1,1,1
200600040703,0006-07-18 19:55:00,6,7,18,19,55,770,475,"83, MONTCEAUX (RUE DE)",,,Plein jour,En agglomération,Hors intersection,Normale,Autre collision,,,,,,,,,,,1,2,1,1,6
200600040704,0006-07-22 11:20:00,6,7,22,11,20,770,143,HENRI DUFLOCQ (AVENUE),,,Plein jour,Hors agglomération,Giratoire,Normale,Autre collision,,,,,,,,,,,1,1,6,1,6
200600040705,0006-07-28 13:40:00,6,7,28,13,40,770,358,RN 330,,,Plein jour,Hors agglomération,Giratoire,Normale,Autre collision,,,,,,,,,,,1,1,6,1,6
200600040706,0006-07-02 16:40:00,6,7,2,16,40,770,445,"1, HAIE (AVENUE DE LA)",,,Plein jour,Hors agglomération,Autre intersection,Normale,Deux véhicules - côté,,,,,,,,,,,1,1,9,1,3
200600040707,0006-07-05 13:30:00,6,7,5,13,30,770,294,RN2,,,Plein jour,Hors agglomération,Hors intersection,Normale,Autre collision,,,,,,,,,,,1,1,1,1,6
200600040708,0006-07-08 18:18:00,6,7,8,18,18,770,294,RN 2,,,Plein jour,Hors agglomération,Hors intersection,Normale,Autre collision,,,,,,,,,,,1,1,1,1,6
200600040709,0006-07-24 14:59:00,6,7,24,14,59,770,123,CD 212,,,Plein jour,Hors agglomération,Giratoire,Normale,Sans collision,,,,,,,,,,,1,1,6,1,7
200600040710,0006-07-28 06:45:00,6,7,28,6,45,770,294,RN 2,,,Plein jour,Hors agglomération,Hors intersection,Normale,Sans collision,,,,,,,,,,,1,1,1,1,7
200600040711,0006-07-21 16:15:00,6,7,21,16,15,770,251,BIENVENUE (COTE DE LA),,,Plein jour,En agglomération,Hors intersection,Normale,Deux véhicules - côté,,,,,,,,,,,1,2,1,1,3
200600040712,0006-07-31 14:30:00,6,7,31,14,30,770,305,"42, SURVILLE (AVENUE DE)",,,Plein jour,En agglomération,Hors intersection,Normale,Deux véhicules - frontale,,,,,,,,,,,1,2,1,1,1
200600040713,0006-07-17 06:15:00,6,7,17,6,15,770,431,CARNOT (AVENUE N° IMPAIR,,,Crépuscule ou aube,En agglomération,Hors intersection,Normale,Autre collision,,,,,,,,,,,2,2,1,1,6
200600040714,0006-07-16 01:55:00,6,7,16,1,55,770,16,PIERRE-LE-SAULT (ROUTE D,,,Nuit avec éclairage allumé,Hors agglomération,Hors intersection,Normale,Deux véhicules - côté,,,,,,,,,,,5,1,1,1,3
200600040715,0006-07-16 21:10:00,6,7,16,21,10,770,216,"2 BIS, NATIONALE 7",,,Crépuscule ou aube,Hors agglomération,Hors intersection,Normale,Autre collision,,,,,,,,,,,2,1,1,1,6
200600040716,0006-07-30 05:10:00,6,7,30,5,10,770,16,PIERRE-LE-SAULT (ROUTE D,,,Nuit avec éclairage non allumé,Hors agglomération,Hors intersection,Normale,Autre collision,,,,,,,,,,,4,1,1,1,6
200600040717,0006-07-03 08:00:00,6,7,3,8,0,770,83,"8, PARIS (RUE DE)",,,Plein jour,En agglomération,Intersection en X,Normale,Deux véhicules - frontale,,,,,,,,,,,1,2,2,1,1
200600040718,0006-07-01 23:50:00,6,7,1,23,50,770,373,RN4,,,Nuit sans éclairage public,Hors agglomération,Hors intersection,Normale,Trois véhicules et plus - collisions multiples,,,,,,,,,,,3,1,1,1,5
200600040719,0006-07-08 18:35:00,6,7,8,18,35,770,373,MARGUERITES (AVENUE DES),,,Plein jour,En agglomération,Hors intersection,Normale,Deux véhicules - côté,,,,,,,,,,,1,2,1,1,3
200600040720,0006-07-14 16:05:00,6,7,14,16,5,770,373,D 21,,,Plein jour,Hors agglomération,Hors intersection,Normale,Deux véhicules - arrière,,,,,,,,,,,1,1,1,1,2
200600040721,0006-07-18 08:30:00,6,7,18,8,30,770,374,GARE (RUE DE LA),,,Plein jour,En agglomération,Intersection en X,Normale,Deux véhicules - frontale,,,,,,,,,,,1,2,2,1,1
200600040722,0006-07-22 00:25:00,6,7,22,0,25,770,350,CD 354,,,Nuit sans éclairage public,Hors agglomération,Hors intersection,Normale,Sans collision,,,,,,,,,,,3,1,1,1,7
200600040723,0006-07-01 02:20:00,6,7,1,2,20,770,379,NATIONALE 19 (ROUTE),,,Nuit sans éclairage public,Hors agglomération,Hors intersection,Normale,Autre collision,,,,,,,,,,,3,1,1,1,6
200600040724,0006-07-02 02:20:00,6,7,2,2,20,770,379,NATIONALE 19 (ROUTE),,,Nuit sans éclairage public,Hors agglomération,Hors intersection,Normale,Autre collision,,,,,,,,,,,3,1,1,1,6
200600040725,0006-07-27 18:35:00,6,7,27,18,35,770,319,PROVINS (RUE DE),,,Plein jour,Hors agglomération,Hors intersection,Normale,Sans collision,,,,,,,,,,,1,1,1,1,7
200600040726,0006-07-01 10:55:00,6,7,1,10,55,780,5,"13, ALBERT (RUE RENE)",,,Plein jour,En agglomération,Hors intersection,Normale,Deux véhicules - côté,,,,,,,,,,,1,2,1,1,3
200600040727,0006-07-03 09:20:00,6,7,3,9,20,780,5,"2, STALINGRAD (AVENUE DE",,,Plein jour,En agglomération,Intersection en X,Normale,Sans collision,,,,,,,,,,,1,2,2,1,7
200600040728,0006-07-02 19:30:00,6,7,2,19,30,780,172,"55, FOCH (AVENUE DU MARE",,,Plein jour,En agglomération,Hors intersection,Normale,Deux véhicules - arrière,,,,,,,,,,,1,2,1,1,2
200600040729,0006-07-10 21:20:00,6,7,10,21,20,780,172,"132, CARNOT (AVENUE)",,,Plein jour,En agglomération,Intersection en X,Normale,Deux véhicules - côté,,,,,,,,,,,1,2,2,1,3
200600040730,0006-07-06 23:20:00,6,7,6,23,20,780,5,"0.00, STALINGRAD (AVENUE",,,Nuit avec éclairage allumé,En agglomération,Intersection en X,Normale,Deux véhicules - côté,,,,,,,,,,,5,2,2,1,3
200600040731,0006-07-05 15:45:00,6,7,5,15,45,780,172,"0.0, MITTERRAND (PROMENA",,,Plein jour,En agglomération,Hors intersection,Normale,Sans collision,,,,,,,,,,,1,2,1,1,7
200600040732,0006-07-06 00:05:00,6,7,6,0,5,780,172,"132, CLEMENT (RUE DESIRE",,,Nuit avec éclairage allumé,En agglomération,Hors intersection,Normale,Sans collision,,,,,,,,,,,5,2,1,1,7
200600040733,0006-07-08 21:55:00,6,7,8,21,55,780,138,"09, MARAIS (RUE DES)",,,Nuit avec éclairage allumé,En agglomération,Intersection en T,Normale,Deux véhicules - côté,,,,,,,,,,,5,2,3,1,3
200600040734,0006-07-12 09:00:00,6,7,12,9,0,780,5,RD 30,,,Plein jour,Hors agglomération,Hors intersection,Normale,Sans collision,,,,,,,,,,,1,1,1,1,7
200600040735,0006-07-22 09:25:00,6,7,22,9,25,780,5,"0.0, POISSY (AVENUE DE)",,,Plein jour,Hors agglomération,Hors intersection,Normale,Sans collision,,,,,,,,,,,1,1,1,1,7
200600040736,0006-07-22 16:50:00,6,7,22,16,50,780,138,"32, LEGRAND (RUE EDOUARD",,,Plein jour,En agglomération,Intersection en T,Normale,Deux véhicules - côté,,,,,,,,,,,1,2,3,1,3
200600040737,0006-07-26 13:35:00,6,7,26,13,35,780,15,"78, LECLERC (RUE DU GENE",,,Plein jour,En agglomération,Hors intersection,Normale,Sans collision,,,,,,,,,,,1,2,1,1,7
200600040738,0006-07-21 08:45:00,6,7,21,8,45,780,172,"58, HERBLAY (RUE D')",,,Plein jour,En agglomération,Hors intersection,Normale,Autre collision,,,,,,,,,,,1,2,1,1,6
200600040739,0006-07-24 19:00:00,6,7,24,19,0,780,138,"09, ETE VERT (PLACE DE L",,,Plein jour,En agglomération,Hors intersection,Normale,Sans collision,,,,,,,,,,,1,2,1,1,7
200600040740,0006-07-27 23:10:00,6,7,27,23,10,780,5,"0.0, ANDRESY (CHEMIN D')",,,Nuit avec éclairage allumé,Hors agglomération,Hors intersection,Normale,Sans collision,,,,,,,,,,,5,1,1,1,7
200600040741,0006-07-13 12:40:00,6,7,13,12,40,780,172,"0.0, RN 184",,,Plein jour,Hors agglomération,Hors intersection,Normale,Deux véhicules - arrière,,,,,,,,,,,1,1,1,1,2
200600040742,0006-07-04 11:10:00,6,7,4,11,10,780,168,NATIONALE 10 (ROUTE),,,Plein jour,En agglomération,Intersection en X,Normale,Deux véhicules - arrière,,,,,,,,,,,1,2,2,1,2
200600040743,0006-07-03 10:40:00,6,7,3,10,40,780,168,VOIE LATERALE SUD,,,Plein jour,En agglomération,Hors intersection,Normale,Sans collision,,,,,,,,,,,1,2,1,1,7
200600040744,0006-07-10 19:50:00,6,7,10,19,50,780,644,NOES  (AVENUE DES),,,Plein jour,En agglomération,Hors intersection,Normale,Sans collision,,,,,,,,,,,1,2,1,1,7
200600040745,0006-07-21 17:10:00,6,7,21,17,10,780,208,"7, ARAGO (RUE FRANCOIS)",,,Plein jour,En agglomération,Hors intersection,Normale,Deux véhicules - arrière,,,,,,,,,,,1,2,1,1,2
200600040746,0006-07-08 05:20:00,6,7,8,5,20,780,297,GARENNES (AVENUE DES),,,Nuit avec éclairage allumé,En agglomération,Hors intersection,Pluie légère,Sans collision,,,,,,,,,,,5,2,1,2,7
200600040747,0006-07-28 18:50:00,6,7,28,18,50,780,297,EIFFEL (RUE GUSTAVE),,,Plein jour,En agglomération,Autre intersection,Normale,Deux véhicules - côté,,,,,,,,,,,1,2,9,1,3
200600040748,0006-07-31 03:00:00,6,7,31,3,0,780,358,PARIS (RUE DE),,,Nuit avec éclairage allumé,En agglomération,Intersection en X,Normale,Deux véhicules - côté,,,,,,,,,,,5,2,2,1,3
200600040749,0006-07-08 20:18:00,6,7,8,20,18,780,350,CONTI (QUAI),,,Plein jour,En agglomération,Hors intersection,Normale,Deux véhicules - arrière,,,,,,,,,,,1,2,1,1,2
200600040750,0006-07-17 12:50:00,6,7,17,12,50,780,502,JEAN JAURES (RUE),,,Plein jour,En agglomération,Intersection en X,Normale,Deux véhicules - côté,,,,,,,,,,,1,2,2,1,3
200600040751,0006-07-29 09:50:00,6,7,29,9,50,780,350,VERSAILLES (ROUTE DE),,,Plein jour,En agglomération,Giratoire,Normale,Autre collision,,,,,,,,,,,1,2,6,1,6
200600040752,0006-07-23 03:50:00,6,7,23,3,50,780,401,"6, TESSANCOURT (RUE DE)",,,Plein jour,En agglomération,Hors intersection,Normale,Sans collision,,,,,,,,,,,1,2,1,1,7
200600040753,0006-07-22 14:50:00,6,7,22,14,50,780,440,VERNEUIL (ROUTE DE),,,Plein jour,En agglomération,Intersection en X,Normale,Deux véhicules - côté,,,,,,,,,,,1,2,2,1,3
200600040754,0006-07-20 19:00:00,6,7,20,19,0,780,440,"4, NARCISSES (ALLEE DES",,,Plein jour,En agglomération,Hors intersection,Normale,Autre collision,,,,,,,,,,,1,2,1,1,6
200600040755,0006-07-11 18:25:00,6,7,11,18,25,780,401,"9, ALBERT JOZON (RUE)",,,Plein jour,En agglomération,Intersection en T,Normale,Deux véhicules - côté,,,,,,,,,,,1,2,3,1,3
200600040756,0006-07-08 07:15:00,6,7,8,7,15,780,401,GAMBETTA (RUE),,,Plein jour,En agglomération,Hors intersection,Normale,Sans collision,,,,,,,,,,,1,2,1,1,7
200600040757,0006-07-02 05:50:00,6,7,2,5,50,780,227,CD 922,,,Crépuscule ou aube,Hors agglomération,Hors intersection,Normale,Sans collision,,,,,,,,,,,2,1,1,1,7
200600040758,0006-07-02 17:10:00,6,7,2,17,10,780,440,"30, LOUIS BLERIOT (RUE)",,,Plein jour,En agglomération,Hors intersection,Normale,Deux véhicules - frontale,,,,,,,,,,,1,2,1,1,1
200600040759,0006-07-27 10:30:00,6,7,27,10,30,780,401,MARECHAL JOFFRE (AVENUE,,,Plein jour,En agglomération,Intersection en X,Normale,Sans collision,,,,,,,,,,,1,2,2,1,7