accident_id,datetime,annee,mois,jour,heure,minute,departement,commune_insee,adresse,latitude,longitude,luminosite,agglomeration,intersection,meteo,collision,nb_vehicules,nb_usagers,nb_indemnes,nb_tues,nb_blesses_hosp,nb_blesses_legers,age_cond_1,age_cond_2,veh_type_cond_1,veh_type_cond_2,lum_code,agg_code,int_code,atm_code,col_code
200600040760,0006-07-02 10:55:00,6,7,2,10,55,780,674,"16, ANJOU (AVENUE D)",,,Plein jour,En agglomération,Hors intersection,Normale,Deux véhicules - côté,,,,,,,,,,,1,2,1,1,3
200600040761,0006-07-03 14:30:00,6,7,3,14,30,780,490,"7, SAINT GERMAIN (AVENUE",,,Plein jour,En agglomération,Intersection en T,Normale,Sans collision,,,,,,,,,,,1,2,3,1,7
200600040762,0006-07-07 19:10:00,6,7,7,19,10,780,490,BARBUSSE (RUE HENRI),,,Plein jour,En agglomération,Autre intersection,Normale,Deux véhicules - côté,,,,,,,,,,,1,2,9,1,3
200600040763,0006-07-08 16:00:00,6,7,8,16,0,780,490,CD 30,,,Plein jour,En agglomération,Giratoire,Normale,Sans collision,,,,,,,,,,,1,2,6,1,7
200600040764,0006-07-12 07:10:00,6,7,12,7,10,780,674,CD 11,,,Plein jour,En agglomération,Hors intersection,Normale,Deux véhicules - arrière,,,,,,,,,,,1,2,1,1,2
200600040765,0006-07-13 07:55:00,6,7,13,7,55,780,490,CHEVREUSE (AVENUE DE),,,Plein jour,En agglomération,Giratoire,Normale,Sans collision,,,,,,,,,,,1,2,6,1,7
200600040766,0006-07-01 17:45:00,6,7,1,17,45,780,123,TULIPES ALLEE DES,,,Plein jour,En agglomération,Hors intersection,Normale,Autre collision,,,,,,,,,,,1,2,1,1,6
200600040767,0006-07-01 14:00:00,6,7,1,14,0,780,624,FRERES LEIRIS RUE DES,,,Plein jour,En agglomération,Intersection en X,Normale,Deux véhicules - côté,,,,,,,,,,,1,2,2,1,3
200600040768,0006-07-08 16:35:00,6,7,8,16,35,780,384,BOIS DE MEDAN (ROUTE DU),,,Plein jour,Hors agglomération,Intersection en X,Normale,Autre collision,,,,,,,,,,,1,1,2,1,6
200600040769,0006-07-16 15:25:00,6,7,16,15,25,780,498,MALADRERIE AV DE LA,,,Plein jour,Hors agglomération,Intersection en X,Normale,Autre collision,,,,,,,,,,,1,1,2,1,6
200600040770,0006-07-18 15:50:00,6,7,18,15,50,780,498,"88, VILLIERS RUE DE",,,Plein jour,En agglomération,Hors intersection,Normale,Autre collision,,,,,,,,,,,1,2,1,1,6
200600040771,0006-07-19 13:55:00,6,7,19,13,55,780,498,CASTILLE AV BLANCHE DE,,,Nuit avec éclairage non allumé,En agglomération,Intersection en T,Normale,Deux véhicules - côté,,,,,,,,,,,4,2,3,1,3
200600040772,0006-07-20 09:50:00,6,7,20,9,50,780,498,DEVAUX BD,,,Plein jour,En agglomération,Intersection en X,Normale,Autre collision,,,,,,,,,,,1,2,2,1,6
200600040773,0006-07-23 09:25:00,6,7,23,9,25,780,498,CONSTANTI RUE GEORGES,,,Plein jour,En agglomération,Intersection en X,Normale,Deux véhicules - côté,,,,,,,,,,,1,2,2,1,3
200600040774,0006-07-27 19:15:00,6,7,27,19,15,780,642,"20, MALRAUX BD ANDRE",,,Plein jour,En agglomération,Intersection en T,Normale,Deux véhicules - arrière,,,,,,,,,,,1,2,3,1,2
200600040775,0006-07-26 08:10:00,6,7,26,8,10,780,123,EUROPE (RN 190) AVENUE D,,,Plein jour,Hors agglomération,Hors intersection,Normale,Sans collision,,,,,,,,,,,1,1,1,1,7
200600040776,0006-07-26 12:20:00,6,7,26,12,20,780,498,GAMBETTA BD,,,Plein jour,En agglomération,Intersection en X,Normale,Deux véhicules - côté,,,,,,,,,,,1,2,2,1,3
200600040777,0006-07-28 16:25:00,6,7,28,16,25,780,642,MEULAN ROUTE DE CD154,,,Plein jour,Hors agglomération,Hors intersection,Normale,Sans collision,,,,,,,,,,,1,1,1,1,7
200600040778,0006-07-11 18:00:00,6,7,11,18,0,780,498,"34, CEP AVENUE DU",,,Plein jour,En agglomération,Intersection en X,Normale,Autre collision,,,,,,,,,,,1,2,2,1,6
200600040779,0006-07-10 11:10:00,6,7,10,11,10,780,498,GAMBETTA BD,,,Plein jour,En agglomération,Intersection en T,Normale,Trois véhicules et plus - en chaîne,,,,,,,,,,,1,2,3,1,4
200600040780,0006-07-22 14:50:00,6,7,22,14,50,780,123,DOCTEUR TOUBOU RUE,,,Plein jour,Hors agglomération,Hors intersection,Normale,Sans collision,,,,,,,,,,,1,1,1,1,7
200600040781,0006-07-26 17:30:00,6,7,26,17,30,780,642,RD59,,,Plein jour,Hors agglomération,Hors intersection,Normale,Deux véhicules - frontale,,,,,,,,,,,1,1,1,1,1
200600040782,0006-07-26 20:50:00,6,7,26,20,50,780,123,CLEMENCEAU RUE GEORGES,,,Plein jour,Hors agglomération,Intersection en X,Normale,Deux véhicules - côté,,,,,,,,,,,1,1,2,1,3
200600040783,0006-07-04 16:20:00,6,7,4,16,20,780,517,D 936,,,Plein jour,Hors agglomération,Hors intersection,Normale,Sans collision,,,,,,,,,,,1,1,1,1,7
200600040784,0006-07-06 01:45:00,6,7,6,1,45,780,517,RN 10,,,Nuit avec éclairage allumé,Hors agglomération,Hors intersection,Normale,Deux véhicules - arrière,,,,,,,,,,,5,1,1,1,2
200600040785,0006-07-09 05:30:00,6,7,9,5,30,780,517,"44, POMPIDOU (AVENUE GEO",,,Nuit avec éclairage allumé,En agglomération,Hors intersection,Normale,Autre collision,,,,,,,,,,,5,2,1,1,6
200600040786,0006-07-16 12:10:00,6,7,16,12,10,780,517,"15, GROUSSAY (RUE DE)",,,Plein jour,En agglomération,Hors intersection,Normale,Deux véhicules - côté,,,,,,,,,,,1,2,1,1,3
200600040787,0006-07-20 17:09:00,6,7,20,17,9,780,517,MUGUET (RUE DU),,,Plein jour,En agglomération,Hors intersection,Pluie légère,Autre collision,,,,,,,,,,,1,2,1,2,6
200600040788,0006-07-21 08:10:00,6,7,21,8,10,780,73,"INDETER, stade Jean Moul",,,Plein jour,Hors agglomération,Hors intersection,Temps éblouissant,Autre collision,,,,,,,,,,,1,1,1,7,6
200600040789,0006-07-07 14:10:00,6,7,7,14,10,780,551,"Ignoré, CENTRALE (ROUTE)",,,Plein jour,Hors agglomération,Hors intersection,Normale,Deux véhicules - côté,,,,,,,,,,,1,1,1,1,3
200600040790,0006-07-12 12:20:00,6,7,12,12,20,780,551,RN 190,,,Plein jour,Hors agglomération,Hors intersection,Normale,Deux véhicules - côté,,,,,,,,,,,1,1,1,1,3
200600040791,0006-07-17 14:25:00,6,7,17,14,25,780,551,"01, VIDAL (RAYMOND)",,,Plein jour,En agglomération,Hors intersection,Normale,Autre collision,,,,,,,,,,,1,2,1,1,6
200600040792,0006-07-02 09:30:00,6,7,2,9,30,780,586,MOQUET (GUY),,,Plein jour,En agglomération,Intersection en X,Normale,Deux véhicules - côté,,,,,,,,,,,1,2,2,1,3
200600040793,0006-07-02 21:15:00,6,7,2,21,15,780,586,FLORIAN,,,Crépuscule ou aube,En agglomération,Hors intersection,Normale,Autre collision,,,,,,,,,,,2,2,1,1,6
200600040794,0006-07-06 00:05:00,6,7,6,0,5,780,586,MERMOZ (JEAN),,,Nuit avec éclairage allumé,En agglomération,Intersection en X,Normale,Deux véhicules - côté,,,,,,,,,,,5,2,2,1,3
200600040795,0006-07-07 11:40:00,6,7,7,11,40,780,586,BERRY N° IMPAIR,,,Plein jour,En agglomération,Intersection en T,Normale,Deux véhicules - côté,,,,,,,,,,,1,2,3,1,3
200600040796,0006-07-11 07:20:00,6,7,11,7,20,780,621,DEPARTEMENTALE 912 (ROUT,,,Plein jour,Hors agglomération,Hors intersection,Normale,Deux véhicules - frontale,,,,,,,,,,,1,1,1,1,1
200600040797,0006-07-01 00:40:00,6,7,1,0,40,780,640,ROBERT WAGNER (AVENUE),,,Nuit avec éclairage allumé,En agglomération,Intersection en X,Normale,Deux véhicules - côté,,,,,,,,,,,5,2,2,1,3
200600040798,0006-07-01 18:35:00,6,7,1,18,35,780,640,EUROPE (AVENUE DE L'),,,Plein jour,En agglomération,Hors intersection,Normale,Deux véhicules - côté,,,,,,,,,,,1,2,1,1,3
200600040799,0006-07-03 15:25:00,6,7,3,15,25,780,640,"37, LOUIS BREGUET (AVENU",,,Plein jour,En agglomération,Hors intersection,Normale,Deux véhicules - arrière,,,,,,,,,,,1,2,1,1,2
200600040800,0006-07-04 18:10:00,6,7,4,18,10,780,640,EUROPE (AVENUE DE L'),,,Plein jour,En agglomération,Hors intersection,Normale,Autre collision,,,,,,,,,,,1,2,1,1,6
200600040801,0006-07-17 11:30:00,6,7,17,11,30,780,640,"27, LOUIS BREGUET (AVENU",,,Plein jour,En agglomération,Hors intersection,Normale,Autre collision,,,,,,,,,,,1,2,1,1,6
200600040802,0006-07-29 11:30:00,6,7,29,11,30,780,640,MORANE-SAULNIER (AVENUE),,,Plein jour,En agglomération,Hors intersection,Normale,Deux véhicules - côté,,,,,,,,,,,1,2,1,1,3
200600040803,0006-07-19 01:45:00,6,7,19,1,45,780,640,"63, EUROPE (AVENUE DE L'",,,Nuit avec éclairage allumé,En agglomération,Hors intersection,Normale,Autre collision,,,,,,,,,,,5,2,1,1,6
200600040804,0006-07-27 22:25:00,6,7,27,22,25,780,640,"2, EUROPE (AVENUE DE L')",,,Nuit avec éclairage allumé,En agglomération,Hors intersection,Normale,Deux véhicules - côté,,,,,,,,,,,5,2,1,1,3
200600040805,0006-07-28 23:50:00,6,7,28,23,50,780,686,"78, GENERAL LECLERC (AVE",,,Nuit avec éclairage allumé,En agglomération,Hors intersection,Normale,Autre collision,,,,,,,,,,,5,2,1,1,6
200600040806,0006-07-01 07:50:00,6,7,1,7,50,780,646,"0, ETATS GENERAUX (RUE D",,,Plein jour,En agglomération,Intersection en X,Normale,Autre collision,,,,,,,,,,,1,2,2,1,6
200600040807,0006-07-04 19:35:00,6,7,4,19,35,780,646,ROYALE (RUE),,,Plein jour,En agglomération,Intersection en X,Normale,Deux véhicules - côté,,,,,,,,,,,1,2,2,1,3
200600040808,0006-07-04 21:25:00,6,7,4,21,25,780,646,"néant, JULES MASSENET (R",,,Crépuscule ou aube,En agglomération,Intersection en X,Normale,Deux véhicules - côté,,,,,,,,,,,2,2,2,1,3
200600040809,0006-07-06 21:20:00,6,7,6,21,20,780,646,"Néant, DU SOULT (BOULEVA",,,Nuit avec éclairage allumé,En agglomération,Intersection en T,Normale,Deux véhicules - côté,,,,,,,,,,,5,2,3,1,3
200600040810,0006-07-07 21:10:00,6,7,7,21,10,780,646,"18, CHANTIERS (RUE DES)",,,Nuit avec éclairage allumé,En agglomération,Intersection en X,Normale,Deux véhicules - côté,,,,,,,,,,,5,2,2,1,3
200600040811,0006-07-07 22:35:00,6,7,7,22,35,780,117,JOUY (ROUTE DE),,,Nuit sans éclairage public,Hors agglomération,Hors intersection,Normale,Deux véhicules - côté,,,,,,,,,,,3,1,1,1,3
200600040812,0006-07-08 16:50:00,6,7,8,16,50,780,646,"néant, EUROPE (AVENUE DE",,,Plein jour,En agglomération,Hors intersection,Normale,Deux véhicules - côté,,,,,,,,,,,1,2,1,1,3
200600040813,0006-07-14 14:00:00,6,7,14,14,0,780,158,"0, BEL AIR (PLACE DU)",,,Plein jour,En agglomération,Place,Normale,Deux véhicules - côté,,,,,,,,,,,1,2,7,1,3
200600040814,0006-07-13 19:35:00,6,7,13,19,35,780,646,"NEANT, VILLENEUVE L'ETAN",,,Plein jour,En agglomération,Intersection à plus de 4 branches,Normale,Deux véhicules - côté,,,,,,,,,,,1,2,5,1,3
200600040815,0006-07-20 20:00:00,6,7,20,20,0,780,343,RUE DE LA FERME DE L'HOP,,,Plein jour,En agglomération,Intersection en T,Normale,Deux véhicules - côté,,,,,,,,,,,1,2,3,1,3
200600040816,0006-07-28 19:30:00,6,7,28,19,30,780,646,SAINT ANTOINE (BOULEVARD,,,Plein jour,En agglomération,Hors intersection,Normale,Deux véhicules - arrière,,,,,,,,,,,1,2,1,1,2
200600040817,0006-07-12 09:20:00,6,7,12,9,20,780,418,"60, GABRIEL PERI (AVENUE",,,Plein jour,En agglomération,Hors intersection,Normale,Sans collision,,,,,,,,,,,1,2,1,1,7
200600040818,0006-07-02 07:10:00,6,7,2,7,10,790,191,PIERRE MENDES FRANCE (BO,,,Plein jour,En agglomération,Hors intersection,Normale,Sans collision,,,,,,,,,,,1,2,1,1,7
200600040819,0006-07-07 15:40:00,6,7,7,15,40,790,191,PIERRE MENDES FRANCE (BO,,,Plein jour,En agglomération,Hors intersection,Normale,Deux véhicules - côté,,,,,,,,,,,1,2,1,1,3
200600040820,0006-07-07 16:45:00,6,7,7,16,45,790,191,"99, BRIOUX",,,Plein jour,En agglomération,Intersection en T,Normale,Deux véhicules - côté,,,,,,,,,,,1,2,3,1,3
200600040821,0006-07-29 23:00:00,6,7,29,23,0,790,329,SAINT VARENT (ROUTE DE),,,Nuit sans éclairage public,Hors agglomération,Intersection en X,Normale,Deux véhicules - côté,,,,,,,,,,,3,1,2,1,3
200600040822,0006-07-02 09:45:00,6,7,2,9,45,800,1,"98, REPUBLIQUE (de la)",,,Plein jour,En agglomération,Hors intersection,Normale,Deux véhicules - arrière,,,,,,,,,,,1,2,1,1,2
200600040823,0006-07-01 13:40:00,6,7,1,13,40,800,21,"0, GENERAL DE GAULLE (AV",,,Plein jour,En agglomération,Hors intersection,Normale,Deux véhicules - arrière,,,,,,,,,,,1,2,1,1,2
200600040824,0006-07-02 16:30:00,6,7,2,16,30,800,21,RAINNEVILLE CD11  (ROUTE,,,Plein jour,En agglomération,Hors intersection,Normale,Deux véhicules - côté,,,,,,,,,,,1,2,1,1,3
200600040825,0006-07-01 09:45:00,6,7,1,9,45,800,261,"0, AUCHAN (ZONE COMMERCI",,,Plein jour,Hors agglomération,Hors intersection,Normale,Deux véhicules - côté,,,,,,,,,,,1,1,1,1,3
200600040826,0006-07-02 02:05:00,6,7,2,2,5,800,21,ROCADE NORD EST RN 25,,,Nuit avec éclairage allumé,En agglomération,Giratoire,Normale,Deux véhicules - côté,,,,,,,,,,,5,2,6,1,3
200600040827,0006-07-01 16:35:00,6,7,1,16,35,800,674,DEFENSE PASSIVE (AVENUE,,,Plein jour,En agglomération,Hors intersection,Normale,Deux véhicules - arrière,,,,,,,,,,,1,2,1,1,2
200600040828,0006-07-03 16:30:00,6,7,3,16,30,800,21,"0, ADEODAT LEFEVRE ( RUE",,,Plein jour,En agglomération,Hors intersection,Normale,Autre collision,,,,,,,,,,,1,2,1,1,6
200600040829,0006-07-03 09:15:00,6,7,3,9,15,800,21,ABBEVILLE (RUE D'),,,Plein jour,En agglomération,Intersection en T,Normale,Autre collision,,,,,,,,,,,1,2,3,1,6
200600040830,0006-07-04 13:00:00,6,7,4,13,0,800,21,ROCADE NORD EST RN 25,,,Plein jour,Hors agglomération,Intersection en T,Normale,Deux véhicules - côté,,,,,,,,,,,1,1,3,1,3
200600040831,0006-07-04 16:15:00,6,7,4,16,15,800,489,JEAN LEROY (RUE),,,Plein jour,En agglomération,Hors intersection,Normale,Sans collision,,,,,,,,,,,1,2,1,1,7
200600040832,0006-07-05 17:45:00,6,7,5,17,45,800,21,"0, BEAUVILLE CENTRE (BOU",,,Plein jour,En agglomération,Hors intersection,Normale,Autre collision,,,,,,,,,,,1,2,1,1,6
200600040833,0006-07-10 17:00:00,6,7,10,17,0,800,21,FRANKLIN ROOSEVELT (RUE),,,Plein jour,En agglomération,Hors intersection,Normale,Deux véhicules - arrière,,,,,,,,,,,1,2,1,1,2
200600040834,0006-07-10 19:00:00,6,7,10,19,0,800,21,ROCADE NORD EST RN 25,,,Plein jour,Hors agglomération,Hors intersection,Normale,Autre collision,,,,,,,,,,,1,1,1,1,6
200600040835,0006-07-10 16:35:00,6,7,10,16,35,800,21,"167, FOY (AVENUE)",,,Plein jour,En agglomération,Hors intersection,Normale,Deux véhicules - arrière,,,,,,,,,,,1,2,1,1,2
200600040836,0006-07-10 19:01:00,6,7,10,19,1,800,21,GEORGES POMPIDOU (AVENUE,,,Plein jour,En agglomération,Intersection en X,Normale,Deux véhicules - côté,,,,,,,,,,,1,2,2,1,3
200600040837,0006-07-09 19:05:00,6,7,9,19,5,800,21,"0, GENERAL DE GAULLE (AV",,,Plein jour,En agglomération,Hors intersection,Normale,Sans collision,,,,,,,,,,,1,2,1,1,7
200600040838,0006-07-09 10:55:00,6,7,9,10,55,800,21,ROCADE NORD EST RN 25,,,Plein jour,Hors agglomération,Hors intersection,Normale,Sans collision,,,,,,,,,,,1,1,1,1,7
200600040839,0006-07-09 10:40:00,6,7,9,10,40,800,21,"0, DELPECH (RUE)",,,Plein jour,En agglomération,Hors intersection,Normale,Autre collision,,,,,,,,,,,1,2,1,1,6
200600040840,0006-07-09 12:45:00,6,7,9,12,45,800,21,"24, PAIX (AVENUE DE LA)",,,Plein jour,En agglomération,Hors intersection,Normale,Sans collision,,,,,,,,,,,1,2,1,1,7
200600040841,0006-07-11 16:50:00,6,7,11,16,50,800,21,"60, JEAN MARC LAURENT (R",,,Plein jour,En agglomération,Hors intersection,Normale,Sans collision,,,,,,,,,,,1,2,1,1,7
200600040842,0006-07-12 13:40:00,6,7,12,13,40,800,21,"457, VERDUN (RUE DE )",,,Plein jour,En agglomération,Hors intersection,Normale,Sans collision,,,,,,,,,,,1,2,1,1,7
200600040843,0006-07-12 14:55:00,6,7,12,14,55,800,21,"115, JULES BARNI (RUE)",,,Plein jour,En agglomération,Hors intersection,Temps éblouissant,Deux véhicules - côté,,,,,,,,,,,1,2,1,7,3
200600040844,0006-07-12 10:35:00,6,7,12,10,35,800,21,"27, OTAGES (RUE DES)",,,Plein jour,En agglomération,Hors intersection,Normale,Sans collision,,,,,,,,,,,1,2,1,1,7
200600040845,0006-07-14 14:10:00,6,7,14,14,10,800,21,ABBEVILLE (RUE D'),,,Plein jour,En agglomération,Hors intersection,Normale,Autre collision,,,,,,,,,,,1,2,1,1,6
200600040846,0006-07-14 15:20:00,6,7,14,15,20,800,21,ABBEVILLE (RUE D'),,,Plein jour,En agglomération,Hors intersection,Normale,Deux véhicules - côté,,,,,,,,,,,1,2,1,1,3
200600040847,0006-07-17 03:35:00,6,7,17,3,35,800,725,NORMANDIE (ROUTE DE),,,Nuit avec éclairage allumé,En agglomération,Hors intersection,Normale,Deux véhicules - arrière,,,,,,,,,,,5,2,1,1,2
200600040848,0006-07-13 10:30:00,6,7,13,10,30,800,21,"133, TERRAL (RUE)",,,Plein jour,En agglomération,Hors intersection,Normale,Deux véhicules - frontale,,,,,,,,,,,1,2,1,1,1
200600040849,0006-07-13 21:30:00,6,7,13,21,30,800,21,ROCADE NORD EST RN 25,,,Crépuscule ou aube,Hors agglomération,Hors intersection,Normale,Deux véhicules - côté,,,,,,,,,,,2,1,1,1,3
200600040850,0006-07-14 09:15:00,6,7,14,9,15,800,164,CORBIE (ROUTE),,,Plein jour,Hors agglomération,Hors intersection,Normale,Deux véhicules - côté,,,,,,,,,,,1,1,1,1,3
200600040851,0006-07-13 16:15:00,6,7,13,16,15,800,21,"01, SAINT MARTIN AUX WAI",,,Plein jour,En agglomération,Hors intersection,Normale,Sans collision,,,,,,,,,,,1,2,1,1,7
200600040852,0006-07-19 16:20:00,6,7,19,16,20,800,164,CORBIE (ROUTE),,,Plein jour,Hors agglomération,Hors intersection,Normale,Deux véhicules - arrière,,,,,,,,,,,1,1,1,1,2
200600040853,0006-07-19 18:30:00,6,7,19,18,30,800,21,SAVEUSE (RUE DE),,,Plein jour,Hors agglomération,Hors intersection,Temps couvert,Sans collision,,,,,,,,,,,1,1,1,8,7
200600040854,0006-07-17 07:50:00,6,7,17,7,50,800,21,"0, BEAUVAIS (RUE DE)",,,Plein jour,En agglomération,Hors intersection,Normale,Sans collision,,,,,,,,,,,1,2,1,1,7
200600040855,0006-07-18 17:00:00,6,7,18,17,0,800,724,TAISNIL (ROUTE DE),,,Plein jour,En agglomération,Intersection en T,Normale,Deux véhicules - côté,,,,,,,,,,,1,2,3,1,3
200600040856,0006-07-17 18:20:00,6,7,17,18,20,800,21,FRANKLIN ROOSEVELT (RUE),,,Plein jour,Hors agglomération,Hors intersection,Normale,Deux véhicules - arrière,,,,,,,,,,,1,1,1,1,2
200600040857,0006-07-23 10:20:00,6,7,23,10,20,800,21,"323, BAPAUME (BOULEVARD",,,Plein jour,En agglomération,Hors intersection,Normale,Deux véhicules - côté,,,,,,,,,,,1,2,1,1,3
200600040858,0006-07-25 17:25:00,6,7,25,17,25,800,21,ROCADE NORD EST RN 25,,,Plein jour,Hors agglomération,Hors intersection,Normale,Sans collision,,,,,,,,,,,1,1,1,1,7
200600040859,0006-07-29 11:45:00,6,7,29,11,45,800,21,"16, PIERRE ROLLIN (RUE)",,,Plein jour,En agglomération,Hors intersection,Normale,Sans collision,,,,,,,,,,,1,2,1,1,7
200600040860,0006-07-28 10:35:00,6,7,28,10,35,800,21,"0, ROSELIERE (RUE DE LA",,,Plein jour,En agglomération,Intersection en T,Normale,Deux véhicules - côté,,,,,,,,,,,1,2,3,1,3
200600040861,0006-07-28 13:50:00,6,7,28,13,50,800,21,"0, BELFORT (BOULEVARD DE",,,Plein jour,En agglomération,Hors intersection,Normale,Deux véhicules - côté,,,,,,,,,,,1,2,1,1,3
200600040862,0006-07-31 16:05:00,6,7,31,16,5,800,21,ROCADE NORD EST RN 25,,,Plein jour,Hors agglomération,Intersection en X,Normale,Deux véhicules - côté,,,,,,,,,,,1,1,2,1,3
200600040863,0006-07-27 18:15:00,6,7,27,18,15,810,4,LEBON (PHILIPPE),,,Plein jour,En agglomération,Intersection en X,Normale,Deux véhicules - côté,,,,,,,,,,,1,2,2,1,3
200600040864,0006-07-06 13:30:00,6,7,6,13,30,810,65,FAURE (RUE GABRIEL),,,Plein jour,Hors agglomération,Intersection en T,Normale,Deux véhicules - côté,,,,,,,,,,,1,1,3,1,3
200600040865,0006-07-05 18:25:00,6,7,5,18,25,810,65,"3, GIRAUD (BD GENERAL)",,,Plein jour,En agglomération,Intersection en T,Normale,Deux véhicules - côté,,,,,,,,,,,1,2,3,1,3
200600040866,0006-07-05 18:50:00,6,7,5,18,50,810,65,"41, CLEMENCEAU (BD GEORG",,,Plein jour,En agglomération,Intersection en T,Normale,Deux véhicules - côté,,,,,,,,,,,1,2,3,1,3
200600040867,0006-07-07 17:08:00,6,7,7,17,8,810,65,MELOU (RUE DE),,,Plein jour,En agglomération,Intersection en T,Normale,Deux véhicules - frontale,,,,,,,,,,,1,2,3,1,1
200600040868,0006-07-07 17:28:00,6,7,7,17,28,810,65,TOULOUSE RN 126 (RTE DE),,,Plein jour,En agglomération,Hors intersection,Normale,Deux véhicules - côté,,,,,,,,,,,1,2,1,1,3
200600040869,0006-07-12 21:50:00,6,7,12,21,50,810,65,"82, MENDES FRANCE (BD.PI",,,Crépuscule ou aube,En agglomération,Hors intersection,Normale,Autre collision,,,,,,,,,,,2,2,1,1,6
200600040870,0006-07-18 18:55:00,6,7,18,18,55,810,65,TOULOUSE RN 126 (RTE DE),,,Plein jour,En agglomération,Hors intersection,Normale,Deux véhicules - côté,,,,,,,,,,,1,2,1,1,3
200600040871,0006-07-21 17:35:00,6,7,21,17,35,810,65,CARRAS (QUAI DU),,,Plein jour,En agglomération,Intersection en T,Normale,Deux véhicules - côté,,,,,,,,,,,1,2,3,1,3
200600040872,0006-07-22 05:00:00,6,7,22,5,0,810,65,"244, ALBI (AVENUE D')",,,Nuit sans éclairage public,Hors agglomération,Hors intersection,Normale,Sans collision,,,,,,,,,,,3,1,1,1,7
200600040873,0006-07-22 13:10:00,6,7,22,13,10,810,65,"2, GOYA (RUE)",,,Plein jour,En agglomération,Hors intersection,Normale,Sans collision,,,,,,,,,,,1,2,1,1,7
200600040874,0006-07-22 15:20:00,6,7,22,15,20,810,65,ALBI (AVENUE D'),,,Plein jour,En agglomération,Intersection en X,Normale,Sans collision,,,,,,,,,,,1,2,2,1,7
200600040875,0006-07-25 15:23:00,6,7,25,15,23,810,65,COTE ROUSSE (CR 125 DE),,,Plein jour,Hors agglomération,Intersection en X,Normale,Deux véhicules - côté,,,,,,,,,,,1,1,2,1,3
200600040876,0006-07-26 06:45:00,6,7,26,6,45,810,65,REY (RUE DU),,,Crépuscule ou aube,En agglomération,Hors intersection,Normale,Deux véhicules - côté,,,,,,,,,,,2,2,1,1,3
200600040877,0006-07-27 17:45:00,6,7,27,17,45,810,65,TOULOUSE RN 126 (RTE DE),,,Plein jour,En agglomération,Hors intersection,Normale,Deux véhicules - côté,,,,,,,,,,,1,2,1,1,3
200600040878,0006-07-25 11:10:00,6,7,25,11,10,810,65,SIDOBRE RD 622 (AV. DU),,,Plein jour,En agglomération,Intersection en T,Normale,Deux véhicules - côté,,,,,,,,,,,1,2,3,1,3
200600040879,0006-07-23 22:10:00,6,7,23,22,10,810,163,"10, ALBERT 1ER",,,Crépuscule ou aube,En agglomération,Hors intersection,Normale,Autre collision,,,,,,,,,,,2,2,1,1,6
200600040880,0006-07-15 15:00:00,6,7,15,15,0,820,33,"0, SAINT MARTIN NORD",,,Plein jour,En agglomération,Hors intersection,Normale,Deux véhicules - côté,,,,,,,,,,,1,2,1,1,3
200600040881,0006-07-01 19:50:00,6,7,1,19,50,820,121,"0, FORESTIE (RUE EDOUARD",,,Plein jour,En agglomération,Intersection en T,Normale,Trois véhicules et plus - collisions multiples,,,,,,,,,,,1,2,3,1,5
200600040882,0006-07-31 17:15:00,6,7,31,17,15,820,121,"0, BERNARD (CHEMIN DE)",,,Plein jour,Hors agglomération,Intersection en T,Normale,Deux véhicules - côté,,,,,,,,,,,1,1,3,1,3
200600040883,0006-07-05 23:55:00,6,7,5,23,55,820,121,"0, GAMBETTA (AVENUE)",,,Nuit avec éclairage allumé,En agglomération,Intersection en X,Normale,Deux véhicules - côté,,,,,,,,,,,5,2,2,1,3
200600040884,0006-07-07 11:00:00,6,7,7,11,0,820,121,"0, MOULIN N 20 (AVENUE J",,,Plein jour,En agglomération,Hors intersection,Normale,Autre collision,,,,,,,,,,,1,2,1,1,6
200600040885,0006-07-07 15:00:00,6,7,7,15,0,820,121,"171, BONNAFOUS (RUE IREN",,,Plein jour,En agglomération,Hors intersection,Normale,Autre collision,,,,,,,,,,,1,2,1,1,6
200600040886,0006-07-08 18:35:00,6,7,8,18,35,820,121,"0, AUCH (ROUTE D')",,,Plein jour,Hors agglomération,Intersection en X,Normale,Deux véhicules - côté,,,,,,,,,,,1,1,2,1,3
200600040887,0006-07-08 18:54:00,6,7,8,18,54,820,121,MIRABEL D 69 (ROUTE DE),,,Plein jour,Hors agglomération,Intersection en T,Normale,Deux véhicules - arrière,,,,,,,,,,,1,1,3,1,2
200600040888,0006-07-10 11:30:00,6,7,10,11,30,820,121,"421, QUART (CHEMIN DU)",,,Plein jour,Hors agglomération,Hors intersection,Normale,Autre collision,,,,,,,,,,,1,1,1,1,6
200600040889,0006-07-11 12:00:00,6,7,11,12,0,820,121,LACRA,,,Plein jour,Hors agglomération,Hors intersection,Normale,Autre collision,,,,,,,,,,,1,1,1,1,6
200600040890,0006-07-14 23:25:00,6,7,14,23,25,820,121,"0, ROSSIGNOL (CHEMIN DE)",,,Nuit sans éclairage public,Hors agglomération,Intersection en X,Normale,Autre collision,,,,,,,,,,,3,1,2,1,6
200600040891,0006-07-26 04:45:00,6,7,26,4,45,820,121,"0, DAGUERRE (RUE JEAN)",,,Nuit sans éclairage public,En agglomération,Hors intersection,Normale,Autre collision,,,,,,,,,,,3,2,1,1,6
200600040892,0006-07-30 03:50:00,6,7,30,3,50,820,121,LACRA,,,Nuit sans éclairage public,Hors agglomération,Hors intersection,Normale,Autre collision,,,,,,,,,,,3,1,1,1,6
200600040893,0006-07-05 08:00:00,6,7,5,8,0,830,50,"D 59, GALLIENI( AVENUE D",,,Plein jour,Hors agglomération,Intersection en T,Normale,Deux véhicules - côté,,,,,,,,,,,1,1,3,1,3
200600040894,0006-07-07 00:05:00,6,7,7,0,5,830,61,"0, RN7",,,Nuit avec éclairage allumé,En agglomération,Intersection en T,Normale,Deux véhicules - côté,,,,,,,,,,,5,2,3,1,3