accident_id,datetime,annee,mois,jour,heure,minute,departement,commune_insee,adresse,latitude,longitude,luminosite,agglomeration,intersection,meteo,collision,nb_vehicules,nb_usagers,nb_indemnes,nb_tues,nb_blesses_hosp,nb_blesses_legers,age_cond_1,age_cond_2,veh_type_cond_1,veh_type_cond_2,lum_code,agg_code,int_code,atm_code,col_code
200600041028,0006-07-16 08:30:00,6,7,16,8,30,870,85,"84, LABUSSIERE (AVENUE E",,,Plein jour,En agglomération,Hors intersection,Normale,Deux véhicules - frontale,,,,,,,,,,,1,2,1,1,1
200600041029,0006-07-17 20:30:00,6,7,17,20,30,870,85,"23, ESSARTS (RUE DES)",,,Plein jour,Hors agglomération,Hors intersection,Normale,Deux véhicules - arrière,,,,,,,,,,,1,1,1,1,2
200600041030,0006-07-17 20:15:00,6,7,17,20,15,870,85,"32, TOULOUSE (RUE DE)",,,Plein jour,En agglomération,Hors intersection,Normale,Autre collision,,,,,,,,,,,1,2,1,1,6
200600041031,0006-07-17 14:30:00,6,7,17,14,30,870,75,VC13,,,Plein jour,Hors agglomération,Hors intersection,Normale,Sans collision,,,,,,,,,,,1,1,1,1,7
200600041032,0006-07-19 10:15:00,6,7,19,10,15,870,85,"24, PISSARO (RUE CAMILLE",,,Plein jour,En agglomération,Hors intersection,Normale,Autre collision,,,,,,,,,,,1,2,1,1,6
200600041033,0006-07-19 20:00:00,6,7,19,20,0,870,85,CASSEAUX (ECHANGEUR),,,Plein jour,Hors agglomération,Hors intersection,Pluie légère,Sans collision,,,,,,,,,,,1,1,1,2,7
200600041034,0006-07-21 08:25:00,6,7,21,8,25,870,85,"53, DURUY (RUE VICTOR)",,,Plein jour,En agglomération,Hors intersection,Normale,Sans collision,,,,,,,,,,,1,2,1,1,7
200600041035,0006-07-22 09:15:00,6,7,22,9,15,870,85,"35, GUERIN (RUE CAMILLE)",,,Plein jour,En agglomération,Hors intersection,Normale,Autre collision,,,,,,,,,,,1,2,1,1,6
200600041036,0006-07-22 16:30:00,6,7,22,16,30,870,85,ESSARTS (RUE DES),,,Plein jour,Hors agglomération,Hors intersection,Normale,Trois véhicules et plus - en chaîne,,,,,,,,,,,1,1,1,1,4
200600041037,0006-07-23 09:50:00,6,7,23,9,50,870,85,VALOINE (BOULEVARD DE LA,,,Plein jour,Hors agglomération,Hors intersection,Normale,Deux véhicules - côté,,,,,,,,,,,1,1,1,1,3
200600041038,0006-07-24 17:25:00,6,7,24,17,25,870,85,"25, LESAGE (RUE)",,,Plein jour,En agglomération,Hors intersection,Normale,Deux véhicules - côté,,,,,,,,,,,1,2,1,1,3
200600041039,0006-07-24 16:42:00,6,7,24,16,42,870,85,"38, BAC (RUE THEODORE)",,,Plein jour,En agglomération,Hors intersection,Normale,Deux véhicules - côté,,,,,,,,,,,1,2,1,1,3
200600041040,0006-07-25 15:30:00,6,7,25,15,30,870,85,"44, COMTE (RUE AUGUSTE)",,,Plein jour,En agglomération,Hors intersection,Normale,Deux véhicules - arrière,,,,,,,,,,,1,2,1,1,2
200600041041,0006-07-25 17:25:00,6,7,25,17,25,870,85,"19, FEYTIAT (RUE DE)",,,Plein jour,En agglomération,Hors intersection,Normale,Deux véhicules - arrière,,,,,,,,,,,1,2,1,1,2
200600041042,0006-07-25 19:15:00,6,7,25,19,15,870,85,"18, BORIE (RUE DE LA)",,,Plein jour,En agglomération,Hors intersection,Normale,Autre collision,,,,,,,,,,,1,2,1,1,6
200600041043,0006-07-26 16:30:00,6,7,26,16,30,870,85,"6, LOUVRIER DE LAJOLAIS",,,Plein jour,En agglomération,Hors intersection,Normale,Deux véhicules - côté,,,,,,,,,,,1,2,1,1,3
200600041044,0006-07-26 18:07:00,6,7,26,18,7,870,85,"40, HOCHE (RUE)",,,Plein jour,En agglomération,Intersection en X,Normale,Deux véhicules - côté,,,,,,,,,,,1,2,2,1,3
200600041045,0006-07-30 14:25:00,6,7,30,14,25,870,85,PROVENCE (RUE DE),,,Plein jour,En agglomération,Intersection en X,Normale,Deux véhicules - côté,,,,,,,,,,,1,2,2,1,3
200600041046,0006-07-04 14:15:00,6,7,4,14,15,880,160,"23, GAMBETTA (RUE)",,,Plein jour,En agglomération,Hors intersection,Normale,Deux véhicules - côté,,,,,,,,,,,1,2,1,1,3
200600041047,0006-07-04 16:40:00,6,7,4,16,40,880,413,"18, Foucharupt ( Rue de",,,Plein jour,En agglomération,Hors intersection,Normale,Deux véhicules - arrière,,,,,,,,,,,1,2,1,1,2
200600041048,0006-07-15 18:40:00,6,7,15,18,40,880,519,"Echangeur ""La hollande""",,,Plein jour,Hors agglomération,Hors intersection,Normale,Deux véhicules - frontale,,,,,,,,,,,1,1,1,1,1
200600041049,0006-07-28 15:35:00,6,7,28,15,35,880,519,"164, Grand' Rue",,,Plein jour,En agglomération,Hors intersection,Normale,Deux véhicules - frontale,,,,,,,,,,,1,2,1,1,1
200600041050,0006-07-29 21:45:00,6,7,29,21,45,880,413,"0, ROUTE D'HERBAVILLE",,,Nuit avec éclairage allumé,En agglomération,Intersection en X,Normale,Deux véhicules - côté,,,,,,,,,,,5,2,2,1,3
200600041051,0006-07-18 21:05:00,6,7,18,21,5,890,24,", EGRISELLES (AVENUE D')",,,Crépuscule ou aube,En agglomération,Intersection en T,Normale,Deux véhicules - frontale,,,,,,,,,,,2,2,3,1,1
200600041052,0006-07-29 00:40:00,6,7,29,0,40,890,24,BOURNEIL (RUE DE) N° IMP,,,Nuit avec éclairage allumé,En agglomération,Intersection en T,Normale,Deux véhicules - côté,,,,,,,,,,,5,2,3,1,3
200600041053,0006-07-03 09:00:00,6,7,3,9,0,900,10,"1, PARANT (RUE)",,,Plein jour,En agglomération,Intersection en T,Normale,Deux véhicules - côté,,,,,,,,,,,1,2,3,1,3
200600041054,0006-07-06 14:00:00,6,7,6,14,0,900,10,"7, FOLTZ (RUE)",,,Plein jour,En agglomération,Hors intersection,Normale,Autre collision,,,,,,,,,,,1,2,1,1,6
200600041055,0006-07-14 20:35:00,6,7,14,20,35,900,10,"1, METZ JUTEAU (RUE)",,,Plein jour,En agglomération,Intersection en X,Normale,Deux véhicules - côté,,,,,,,,,,,1,2,2,1,3
200600041056,0006-07-15 23:15:00,6,7,15,23,15,900,8,GRAND'RUE,,,Nuit avec éclairage allumé,En agglomération,Hors intersection,Normale,Deux véhicules - arrière,,,,,,,,,,,5,2,1,1,2
200600041057,0006-07-19 11:00:00,6,7,19,11,0,900,99,TURENNE (RUE DE),,,Plein jour,En agglomération,Hors intersection,Normale,Deux véhicules - arrière,,,,,,,,,,,1,2,1,1,2
200600041058,0006-07-19 20:30:00,6,7,19,20,30,900,10,"3, WILSON (AVENUE)",,,Plein jour,En agglomération,Hors intersection,Normale,Deux véhicules - côté,,,,,,,,,,,1,2,1,1,3
200600041059,0006-07-21 07:50:00,6,7,21,7,50,900,10,"14, HOUBRE (RUE)",,,Plein jour,En agglomération,Hors intersection,Normale,Autre collision,,,,,,,,,,,1,2,1,1,6
200600041060,0006-07-22 19:35:00,6,7,22,19,35,900,1,BOTANS (RUE DE),,,Plein jour,En agglomération,Giratoire,Normale,Deux véhicules - côté,,,,,,,,,,,1,2,6,1,3
200600041061,0006-07-29 11:40:00,6,7,29,11,40,900,10,"1, ROUBAIX (PONT DE)",,,Plein jour,En agglomération,Hors intersection,Normale,Deux véhicules - arrière,,,,,,,,,,,1,2,1,1,2
200600041062,0006-07-31 10:55:00,6,7,31,10,55,900,10,KENNEDY (BOULEVARD),,,Plein jour,En agglomération,Intersection en X,Normale,Deux véhicules - côté,,,,,,,,,,,1,2,2,1,3
200600041063,0006-07-03 17:00:00,6,7,3,17,0,910,21,CD 19,,,Plein jour,Hors agglomération,Hors intersection,Normale,Autre collision,,,,,,,,,,,1,1,1,1,6
200600041064,0006-07-11 22:30:00,6,7,11,22,30,910,425,"24, BOURGUIGNONS (RUE DE",,,Nuit avec éclairage allumé,Hors agglomération,Hors intersection,Normale,Deux véhicules - arrière,,,,,,,,,,,5,1,1,1,2
200600041065,0006-07-22 06:45:00,6,7,22,6,45,910,425,RN 20,,,Crépuscule ou aube,En agglomération,Intersection en X,Normale,Deux véhicules - côté,,,,,,,,,,,2,2,2,1,3
200600041066,0006-07-02 21:30:00,6,7,2,21,30,910,174,"0, JEAN JAURES (BOULEVAR",,,Plein jour,En agglomération,Hors intersection,Normale,Sans collision,,,,,,,,,,,1,2,1,1,7
200600041067,0006-07-01 23:25:00,6,7,1,23,25,910,174,"70, JOHN KENNEDY (BOULEV",,,Nuit avec éclairage allumé,En agglomération,Hors intersection,Normale,Deux véhicules - arrière,,,,,,,,,,,5,2,1,1,2
200600041068,0006-07-09 13:48:00,6,7,9,13,48,910,174,"15, PARIS (RUE)",,,Plein jour,En agglomération,Intersection en T,Normale,Deux véhicules - côté,,,,,,,,,,,1,2,3,1,3
200600041069,0006-07-12 11:25:00,6,7,12,11,25,910,174,"0, FONTAINEBLEAU (BD)",,,Plein jour,En agglomération,Intersection en T,Normale,Autre collision,,,,,,,,,,,1,2,3,1,6
200600041070,0006-07-31 10:25:00,6,7,31,10,25,910,174,"111, PAPETERIE(RUE)",,,Plein jour,En agglomération,Intersection en T,Normale,Deux véhicules - côté,,,,,,,,,,,1,2,3,1,3
200600041071,0006-07-02 13:30:00,6,7,2,13,30,910,201,EUGENE DELACROIX(AVENUE),,,Plein jour,En agglomération,Hors intersection,Normale,Deux véhicules - arrière,,,,,,,,,,,1,2,1,1,2
200600041072,0006-07-14 23:05:00,6,7,14,23,5,910,201,GENERAL DE GAULLE(BOULEV,,,Nuit avec éclairage allumé,En agglomération,Hors intersection,Normale,Sans collision,,,,,,,,,,,5,2,1,1,7
200600041073,0006-07-18 14:45:00,6,7,18,14,45,910,657,ALPHONSE DAUDET (RUE),,,Plein jour,En agglomération,Hors intersection,Normale,Deux véhicules - côté,,,,,,,,,,,1,2,1,1,3
200600041074,0006-07-26 19:45:00,6,7,26,19,45,910,657,HENRI CHARON (AVENUE),,,Plein jour,En agglomération,Hors intersection,Normale,Sans collision,,,,,,,,,,,1,2,1,1,7
200600041075,0006-07-09 16:00:00,6,7,9,16,0,910,223,R.N.20,,,Plein jour,Hors agglomération,Hors intersection,Normale,Sans collision,,,,,,,,,,,1,1,1,1,7
200600041076,0006-07-12 12:45:00,6,7,12,12,45,910,223,"39, BELLES CROIX (RUE DE",,,Plein jour,En agglomération,Hors intersection,Temps éblouissant,Autre collision,,,,,,,,,,,1,2,1,7,6
200600041077,0006-07-16 02:35:00,6,7,16,2,35,910,223,BELLES CROIX (RUE DES),,,Nuit avec éclairage allumé,En agglomération,Hors intersection,Normale,Autre collision,,,,,,,,,,,5,2,1,1,6
200600041078,0006-07-24 21:50:00,6,7,24,21,50,910,109,POISLEES (CHEMIN DES),,,Plein jour,En agglomération,Hors intersection,Normale,Deux véhicules - côté,,,,,,,,,,,1,2,1,1,3
200600041079,0006-07-01 21:25:00,6,7,1,21,25,910,521,"., REMY (RUE ALBERT)",,,Plein jour,En agglomération,Hors intersection,Normale,Deux véhicules - côté,,,,,,,,,,,1,2,1,1,3
200600041080,0006-07-02 17:35:00,6,7,2,17,35,910,228,"., MONTESPAN (RUE)",,,Plein jour,En agglomération,Hors intersection,Normale,Deux véhicules - côté,,,,,,,,,,,1,2,1,1,3
200600041081,0006-07-05 23:32:00,6,7,5,23,32,910,521,"., BROSSOLETTE (RUE PIER",,,Nuit avec éclairage allumé,En agglomération,Hors intersection,Normale,Autre collision,,,,,,,,,,,5,2,1,1,6
200600041082,0006-07-08 07:50:00,6,7,8,7,50,910,182,"., ORME A MARTIN (AVENUE",,,Plein jour,En agglomération,Intersection en X,Normale,Deux véhicules - côté,,,,,,,,,,,1,2,2,1,3
200600041083,0006-07-10 13:10:00,6,7,10,13,10,910,521,";, MOULIN A VENT (PLACE",,,Plein jour,En agglomération,Hors intersection,Normale,Autre collision,,,,,,,,,,,1,2,1,1,6
200600041084,0006-07-12 13:05:00,6,7,12,13,5,910,182,"., PONT AMAR (RUE DU)",,,Plein jour,En agglomération,Hors intersection,Normale,Autre collision,,,,,,,,,,,1,2,1,1,6
200600041085,0006-07-25 17:10:00,6,7,25,17,10,910,521,"., CURIE (RUE PIERRE)",,,Plein jour,En agglomération,Autre intersection,Normale,Autre collision,,,,,,,,,,,1,2,9,1,6
200600041086,0006-07-27 08:20:00,6,7,27,8,20,910,228,"., MARECHAL LECLERC (BD)",,,Plein jour,En agglomération,Intersection en X,Pluie légère,Deux véhicules - côté,,,,,,,,,,,1,2,2,2,3
200600041087,0006-07-30 14:45:00,6,7,30,14,45,910,182,"., BOURDET (RUE LOUIS)",,,Plein jour,Hors agglomération,Hors intersection,Pluie forte,Deux véhicules - côté,,,,,,,,,,,1,1,1,3,3
200600041088,0006-07-30 19:07:00,6,7,30,19,7,910,521,"., BROSSOLETTE (RUE PIER",,,Plein jour,En agglomération,Hors intersection,Temps couvert,Autre collision,,,,,,,,,,,1,2,1,8,6
200600041089,0006-07-31 17:15:00,6,7,31,17,15,910,182,"., BRASSENS (RUE GEORGES",,,Plein jour,En agglomération,Intersection en X,Normale,Autre collision,,,,,,,,,,,1,2,2,1,6
200600041090,0006-07-01 00:05:00,6,7,1,0,5,910,326,"000, PAUL DOUMER (RUE)",,,Nuit sans éclairage public,En agglomération,Intersection en X,Normale,Deux véhicules - côté,,,,,,,,,,,3,2,2,1,3
200600041091,0006-07-22 21:00:00,6,7,22,21,0,910,434,"0, GRIBELETTE (BOULEVARD",,,Plein jour,En agglomération,Hors intersection,Normale,Deux véhicules - arrière,,,,,,,,,,,1,2,1,1,2
200600041092,0006-07-01 09:25:00,6,7,1,9,25,910,345,"01, PRESIDENT FRANCOIS M",,,Plein jour,En agglomération,Intersection en X,Normale,Deux véhicules - côté,,,,,,,,,,,1,2,2,1,3
200600041093,0006-07-03 14:30:00,6,7,3,14,30,910,345,"100, CORBEIL (ROUTE DE)",,,Plein jour,Hors agglomération,Intersection en X,Normale,Deux véhicules - côté,,,,,,,,,,,1,1,2,1,3
200600041094,0006-07-03 19:15:00,6,7,3,19,15,910,345,"100, CORBEIL (ROUTE DE)",,,Plein jour,Hors agglomération,Intersection en X,Normale,Deux véhicules - côté,,,,,,,,,,,1,1,2,1,3
200600041095,0006-07-05 16:55:00,6,7,5,16,55,910,161,"01, MAZARIN (AVENUE)",,,Plein jour,En agglomération,Intersection en X,Normale,Deux véhicules - côté,,,,,,,,,,,1,2,2,1,3
200600041096,0006-07-05 23:40:00,6,7,5,23,40,910,345,PRESIDENT FRANCOIS MITTE,,,Nuit avec éclairage allumé,En agglomération,Intersection en T,Normale,Deux véhicules - côté,,,,,,,,,,,5,2,3,1,3
200600041097,0006-07-08 09:50:00,6,7,8,9,50,910,161,"10, PASSERELLE (RUE DE L",,,Plein jour,En agglomération,Hors intersection,Normale,Autre collision,,,,,,,,,,,1,2,1,1,6
200600041098,0006-07-26 08:00:00,6,7,26,8,0,910,161,PIERRE BROSSOLETTE (AVEN,,,Plein jour,En agglomération,Intersection en T,Normale,Deux véhicules - côté,,,,,,,,,,,1,2,3,1,3
200600041099,0006-07-28 17:55:00,6,7,28,17,55,910,345,BERTILLON GABRIEL (RUE),,,Plein jour,En agglomération,Hors intersection,Normale,Deux véhicules - côté,,,,,,,,,,,1,2,1,1,3
200600041100,0006-07-06 17:45:00,6,7,6,17,45,910,377,"5, EUROPE (AVENUE DE L')",,,Plein jour,En agglomération,Hors intersection,Normale,Autre collision,,,,,,,,,,,1,2,1,1,6
200600041101,0006-07-07 17:15:00,6,7,7,17,15,910,377,BASCH (RUE VICTOR),,,Plein jour,En agglomération,Hors intersection,Normale,Deux véhicules - côté,,,,,,,,,,,1,2,1,1,3
200600041102,0006-07-03 17:00:00,6,7,3,17,0,910,421,NATIONALE 6 (PARTIE FORE,,,Plein jour,Hors agglomération,Hors intersection,Normale,Autre collision,,,,,,,,,,,1,1,1,1,6
200600041103,0006-07-05 09:00:00,6,7,5,9,0,910,691,"70, CHARLE DE GAULLE(RUE",,,Plein jour,En agglomération,Intersection en T,Normale,Deux véhicules - frontale,,,,,,,,,,,1,2,3,1,1
200600041104,0006-07-09 14:45:00,6,7,9,14,45,910,691,"176, RAYMOND POINCARE(RU",,,Plein jour,En agglomération,Intersection en T,Normale,Deux véhicules - côté,,,,,,,,,,,1,2,3,1,3
200600041105,0006-07-11 07:00:00,6,7,11,7,0,910,421,"98, JEAN JAURES (AVENUE)",,,Plein jour,En agglomération,Hors intersection,Normale,Deux véhicules - côté,,,,,,,,,,,1,2,1,1,3
200600041106,0006-07-11 23:55:00,6,7,11,23,55,910,421,"22, PIERRE BROSSOLETTE (",,,Nuit avec éclairage allumé,En agglomération,Hors intersection,Normale,Autre collision,,,,,,,,,,,5,2,1,1,6
200600041107,0006-07-16 16:25:00,6,7,16,16,25,910,421,MAURICE GARIN (PISTE CYC,,,Plein jour,Hors agglomération,Hors intersection,Normale,Autre collision,,,,,,,,,,,1,1,1,1,6
200600041108,0006-07-22 19:50:00,6,7,22,19,50,910,691,"155, CHARLE DE GAULLE(RU",,,Plein jour,En agglomération,Hors intersection,Normale,Autre collision,,,,,,,,,,,1,2,1,1,6
200600041109,0006-07-22 01:35:00,6,7,22,1,35,910,421,"1, JEAN JAURES (AVENUE)",,,Nuit avec éclairage allumé,En agglomération,Hors intersection,Normale,Deux véhicules - côté,,,,,,,,,,,5,2,1,1,3
200600041110,0006-07-24 18:30:00,6,7,24,18,30,910,421,"1, REPUBLIQUE (AVENUE DE",,,Plein jour,En agglomération,Intersection en X,Normale,Deux véhicules - côté,,,,,,,,,,,1,2,2,1,3
200600041111,0006-07-25 17:45:00,6,7,25,17,45,910,421,NATIONALE 6 (GLACIERE),,,Plein jour,Hors agglomération,Hors intersection,Normale,Trois véhicules et plus - collisions multiples,,,,,,,,,,,1,1,1,1,5
200600041112,0006-07-01 19:00:00,6,7,1,19,0,910,692,"0, SCANDINAVIE (AVENUE D",,,Plein jour,Hors agglomération,Intersection en T,Normale,Deux véhicules - frontale,,,,,,,,,,,1,1,3,1,1
200600041113,0006-07-02 19:35:00,6,7,2,19,35,910,312,"39, JAURES (AVENUE JEAN)",,,Plein jour,En agglomération,Hors intersection,Normale,Deux véhicules - arrière,,,,,,,,,,,1,2,1,1,2
200600041114,0006-07-07 13:30:00,6,7,7,13,30,910,64,"115, PARIS (RUE DE)",,,Plein jour,En agglomération,Hors intersection,Normale,Deux véhicules - frontale,,,,,,,,,,,1,2,1,1,1
200600041115,0006-07-30 16:30:00,6,7,30,16,30,910,312,"0, LAVOISIER  (RUE)",,,Plein jour,En agglomération,Intersection en X,Normale,Deux véhicules - frontale,,,,,,,,,,,1,2,2,1,1
200600041116,0006-07-05 14:40:00,6,7,5,14,40,910,471,MONTHLERY (ROUTE DE),,,Plein jour,Hors agglomération,Giratoire,Normale,Deux véhicules - frontale,,,,,,,,,,,1,1,6,1,1
200600041117,0006-07-12 15:15:00,6,7,12,15,15,910,312,FERME (RUE),,,Plein jour,En agglomération,Intersection en X,Normale,Deux véhicules - côté,,,,,,,,,,,1,2,2,1,3
200600041118,0006-07-15 18:00:00,6,7,15,18,0,910,477,"6, GEORGE SAND (RUE)",,,Plein jour,En agglomération,Intersection en T,Normale,Deux véhicules - côté,,,,,,,,,,,1,2,3,1,3
200600041119,0006-07-17 15:40:00,6,7,17,15,40,910,122,CHARLES DE GAULLE(RUE),,,Plein jour,Hors agglomération,Intersection en T,Normale,Deux véhicules - côté,,,,,,,,,,,1,1,3,1,3
200600041120,0006-07-10 08:05:00,6,7,10,8,5,910,692,TROPIQUES (AVENUE DES),,,Plein jour,Hors agglomération,Hors intersection,Normale,Trois véhicules et plus - collisions multiples,,,,,,,,,,,1,1,1,1,5
200600041121,0006-07-18 09:40:00,6,7,18,9,40,910,64,CD 117 (ROUTE DE JOUY),,,Plein jour,Hors agglomération,Intersection en T,Normale,Deux véhicules - côté,,,,,,,,,,,1,1,3,1,3
200600041122,0006-07-04 13:25:00,6,7,4,13,25,910,549,"1, SAINT MICHEL (BOULEVA",,,Plein jour,En agglomération,Intersection en X,Normale,Trois véhicules et plus - en chaîne,,,,,,,,,,,1,2,2,1,4
200600041123,0006-07-06 16:45:00,6,7,6,16,45,910,549,"1, LIBERTE (AVENUE DE LA",,,Plein jour,En agglomération,Hors intersection,Normale,Sans collision,,,,,,,,,,,1,2,1,1,7
200600041124,0006-07-08 12:25:00,6,7,8,12,25,910,570,"1, BERLIOZ (RUE + PLACE)",,,Plein jour,En agglomération,Hors intersection,Normale,Autre collision,,,,,,,,,,,1,2,1,1,6
200600041125,0006-07-26 19:25:00,6,7,26,19,25,910,549,"117, RD 117",,,Plein jour,En agglomération,Hors intersection,Normale,Deux véhicules - arrière,,,,,,,,,,,1,2,1,1,2
200600041126,0006-07-30 20:40:00,6,7,30,20,40,910,570,"1, LIBERTE (RUE)",,,Plein jour,En agglomération,Intersection en T,Pluie forte,Deux véhicules - côté,,,,,,,,,,,1,2,3,3,3
200600041127,0006-07-05 20:35:00,6,7,5,20,35,920,2,GEORGES SUANT (RUE),,,Plein jour,En agglomération,Intersection en X,Normale,Autre collision,,,,,,,,,,,1,2,2,1,6
200600041128,0006-07-19 12:50:00,6,7,19,12,50,920,2,DIVISION LECLERC (53 A 2,,,Plein jour,En agglomération,Intersection en X,Normale,Deux véhicules - côté,,,,,,,,,,,1,2,2,1,3
200600041129,0006-07-21 00:30:00,6,7,21,0,30,920,2,EUROPE (CARREFOUR),,,Nuit avec éclairage allumé,En agglomération,Intersection en X,Normale,Deux véhicules - côté,,,,,,,,,,,5,2,2,1,3
200600041130,0006-07-10 09:20:00,6,7,10,9,20,920,4,"3, AULAGNIER ( QUAI )",,,Plein jour,En agglomération,Hors intersection,Normale,Deux véhicules - arrière,,,,,,,,,,,1,2,1,1,2
200600041131,0006-07-20 16:45:00,6,7,20,16,45,920,4,"21, REDOUTE ( AVENUE DE",,,Plein jour,En agglomération,Hors intersection,Normale,Autre collision,,,,,,,,,,,1,2,1,1,6
200600041132,0006-07-21 16:00:00,6,7,21,16,0,920,4,"00, ROBERT DUPONT",,,Plein jour,En agglomération,Intersection en X,Normale,Deux véhicules - côté,,,,,,,,,,,1,2,2,1,3
200600041133,0006-07-27 19:00:00,6,7,27,19,0,920,4,ARGENTEUIL AV D',,,Plein jour,En agglomération,Intersection en X,Normale,Autre collision,,,,,,,,,,,1,2,2,1,6
200600041134,0006-07-28 22:00:00,6,7,28,22,0,920,4,"NR, ARGENTEUIL AV D'",,,Plein jour,En agglomération,Intersection en X,Normale,Autre collision,,,,,,,,,,,1,2,2,1,6
200600041135,0006-07-29 10:05:00,6,7,29,10,5,920,4,"52, PIERRE BROSSOLETTE",,,Plein jour,En agglomération,Hors intersection,Normale,Autre collision,,,,,,,,,,,1,2,1,1,6
200600041136,0006-07-31 20:05:00,6,7,31,20,5,920,4,"384, ARGENTEUIL AV D'",,,Plein jour,En agglomération,Hors intersection,Normale,Autre collision,,,,,,,,,,,1,2,1,1,6
200600041137,0006-07-31 08:40:00,6,7,31,8,40,920,4,"115, COLOMBES ( RUE DE 3",,,Plein jour,En agglomération,Hors intersection,Normale,Autre collision,,,,,,,,,,,1,2,1,1,6
200600041138,0006-07-03 13:45:00,6,7,3,13,45,920,7,"110, RAVERA (AVENUE HENR",,,Plein jour,En agglomération,Hors intersection,Normale,Deux véhicules - côté,,,,,,,,,,,1,2,1,1,3
200600041139,0006-07-15 18:10:00,6,7,15,18,10,920,7,PASTEUR (AVENUE LOUIS) N,,,Plein jour,En agglomération,Intersection en X,Normale,Autre collision,,,,,,,,,,,1,2,2,1,6
200600041140,0006-07-24 08:15:00,6,7,24,8,15,920,7,"36, LATERAL (CHEMIN)",,,Plein jour,En agglomération,Hors intersection,Normale,Autre collision,,,,,,,,,,,1,2,1,1,6
200600041141,0006-07-26 17:50:00,6,7,26,17,50,920,7,"-, FORTIN (AVENUE JEAN-B",,,Plein jour,En agglomération,Intersection en X,Normale,Deux véhicules - côté,,,,,,,,,,,1,2,2,1,3
200600041142,0006-07-27 17:00:00,6,7,27,17,0,920,7,"212, BRIAND (AVENUE ARIS",,,Plein jour,En agglomération,Intersection en T,Normale,Deux véhicules - arrière,,,,,,,,,,,1,2,3,1,2
200600041143,0006-07-28 20:30:00,6,7,28,20,30,920,7,"96, BRIAND (AVENUE ARIST",,,Plein jour,En agglomération,Hors intersection,Normale,Autre collision,,,,,,,,,,,1,2,1,1,6
200600041144,0006-07-30 12:15:00,6,7,30,12,15,920,7,"-, MARTYRS DE CHATEAUBRI",,,Plein jour,En agglomération,Giratoire,Normale,Deux véhicules - côté,,,,,,,,,,,1,2,6,1,3
200600041145,0006-07-30 15:30:00,6,7,30,15,30,920,7,"96, BRIAND (AVENUE ARIST",,,Plein jour,En agglomération,Hors intersection,Pluie légère,Deux véhicules - arrière,,,,,,,,,,,1,2,1,2,2
200600041146,0006-07-12 16:45:00,6,7,12,16,45,920,12,"1, PIERRE GRENIER (AVENU",,,Plein jour,En agglomération,Intersection en X,Normale,Autre collision,,,,,,,,,,,1,2,2,1,6
200600041147,0006-07-13 15:00:00,6,7,13,15,0,920,12,"48, ALPHONSE LE GALLO (Q",,,Plein jour,En agglomération,Hors intersection,Normale,Autre collision,,,,,,,,,,,1,2,1,1,6
200600041148,0006-07-02 22:05:00,6,7,2,22,5,920,12,"1, AGUESSEAU (RUE D') 91",,,Nuit avec éclairage non allumé,En agglomération,Intersection en X,Normale,Deux véhicules - côté,,,,,,,,,,,4,2,2,1,3
200600041149,0006-07-06 09:10:00,6,7,6,9,10,920,12,"25, PIERRE GRENIER (AVEN",,,Plein jour,En agglomération,Hors intersection,Normale,Trois véhicules et plus - collisions multiples,,,,,,,,,,,1,2,1,1,5
200600041150,0006-07-06 16:45:00,6,7,6,16,45,920,12,"136, AGUESSEAU (RUE D')",,,Plein jour,En agglomération,Hors intersection,Normale,Deux véhicules - côté,,,,,,,,,,,1,2,1,1,3
200600041151,0006-07-08 11:15:00,6,7,8,11,15,920,12,"51, GALLIENI (RUE) 1/53",,,Plein jour,En agglomération,Hors intersection,Normale,Autre collision,,,,,,,,,,,1,2,1,1,6
200600041152,0006-07-10 19:30:00,6,7,10,19,30,920,12,"13/15, ALPHONSE LE GALLO",,,Plein jour,En agglomération,Hors intersection,Normale,Deux véhicules - côté,,,,,,,,,,,1,2,1,1,3
200600041153,0006-07-13 17:35:00,6,7,13,17,35,920,12,"6, OUEST (RUE DE L')",,,Plein jour,En agglomération,Hors intersection,Normale,Deux véhicules - côté,,,,,,,,,,,1,2,1,1,3
200600041154,0006-07-17 10:15:00,6,7,17,10,15,920,12,"115, REINE (ROUTE DE LA)",,,Plein jour,En agglomération,Hors intersection,Normale,Autre collision,,,,,,,,,,,1,2,1,1,6
200600041155,0006-07-17 13:05:00,6,7,17,13,5,920,12,"1, GAMBETTA (RUE)",,,Plein jour,En agglomération,Intersection en X,Normale,Deux véhicules - côté,,,,,,,,,,,1,2,2,1,3
200600041156,0006-07-29 17:55:00,6,7,29,17,55,920,12,"1, PARIS (RUE DE) 1/97 -",,,Plein jour,En agglomération,Intersection en T,Normale,Autre collision,,,,,,,,,,,1,2,3,1,6
200600041157,0006-07-25 20:15:00,6,7,25,20,15,920,12,"1, CHATEAU (RUE DU) 127/",,,Crépuscule ou aube,En agglomération,Intersection en X,Normale,Deux véhicules - frontale,,,,,,,,,,,2,2,2,1,1
200600041158,0006-07-18 17:20:00,6,7,18,17,20,920,12,"56/60, PIERRE GRENIER (A",,,Plein jour,En agglomération,Hors intersection,Normale,Deux véhicules - frontale,,,,,,,,,,,1,2,1,1,1
200600041159,0006-07-19 15:45:00,6,7,19,15,45,920,12,"05, PIERRE GRENIER (AVEN",,,Plein jour,En agglomération,Hors intersection,Normale,Deux véhicules - côté,,,,,,,,,,,1,2,1,1,3
200600041160,0006-07-26 13:55:00,6,7,26,13,55,920,12,"6, LIOT (RUE)",,,Plein jour,En agglomération,Hors intersection,Normale,Autre collision,,,,,,,,,,,1,2,1,1,6
200600041161,0006-07-29 11:05:00,6,7,29,11,5,920,12,"17, MARECHAL DE LATTRE D",,,Plein jour,En agglomération,Hors intersection,Normale,Deux véhicules - arrière,,,,,,,,,,,1,2,1,1,2