accident_id,datetime,annee,mois,jour,heure,minute,departement,commune_insee,adresse,latitude,longitude,luminosite,agglomeration,intersection,meteo,collision,nb_vehicules,nb_usagers,nb_indemnes,nb_tues,nb_blesses_hosp,nb_blesses_legers,age_cond_1,age_cond_2,veh_type_cond_1,veh_type_cond_2,lum_code,agg_code,int_code,atm_code,col_code
200600041162,0006-07-03 09:10:00,6,7,3,9,10,920,19,"430, LECLERC DIVISION (A",,,Plein jour,En agglomération,Hors intersection,Normale,Sans collision,,,,,,,,,,,1,2,1,1,7
200600041163,0006-07-03 12:00:00,6,7,3,12,0,920,32,"1, PEGUY CHARLES (RUE)",,,Plein jour,En agglomération,Hors intersection,Normale,Autre collision,,,,,,,,,,,1,2,1,1,6
200600041164,0006-07-06 12:30:00,6,7,6,12,30,920,71,PLESSIS (AVENUE DU),,,Plein jour,En agglomération,Intersection en X,Normale,Autre collision,,,,,,,,,,,1,2,2,1,6
200600041165,0006-07-07 23:15:00,6,7,7,23,15,920,19,"111, LECLERC DIVISION (A",,,Nuit sans éclairage public,En agglomération,Hors intersection,Normale,Sans collision,,,,,,,,,,,3,2,1,1,7
200600041166,0006-07-10 09:10:00,6,7,10,9,10,920,71,HOUDAN (RUE),,,Crépuscule ou aube,En agglomération,Intersection en T,Normale,Deux véhicules - côté,,,,,,,,,,,2,2,3,1,3
200600041167,0006-07-12 15:00:00,6,7,12,15,0,920,19,"430, DIVISION LECLERC (A",,,Plein jour,En agglomération,Hors intersection,Normale,Autre collision,,,,,,,,,,,1,2,1,1,6
200600041168,0006-07-27 16:10:00,6,7,27,16,10,920,19,"386, DIVISION LECLERC (A",,,Plein jour,En agglomération,Hors intersection,Normale,Deux véhicules - arrière,,,,,,,,,,,1,2,1,1,2
200600041169,0006-07-16 14:30:00,6,7,16,14,30,920,23,"23, PRESIDENT ROOSEVELT",,,Plein jour,En agglomération,Hors intersection,Normale,Deux véhicules - frontale,,,,,,,,,,,1,2,1,1,1
200600041170,0006-07-18 09:30:00,6,7,18,9,30,920,60,"., VICTOR VERNADAT (RUE)",,,Plein jour,En agglomération,Intersection en X,Normale,Deux véhicules - côté,,,,,,,,,,,1,2,2,1,3
200600041171,0006-07-18 13:30:00,6,7,18,13,30,920,23,"., VERSAILLES (RUE DE) N",,,Plein jour,En agglomération,Intersection en T,Normale,Deux véhicules - frontale,,,,,,,,,,,1,2,3,1,1
200600041172,0006-07-28 14:25:00,6,7,28,14,25,920,23,"., HENRI BARBUSSE (AVENU",,,Plein jour,En agglomération,Intersection en X,Normale,Deux véhicules - côté,,,,,,,,,,,1,2,2,1,3
200600041173,0006-07-06 14:21:00,6,7,6,14,21,920,24,VICTOR HUGO (BD),,,Plein jour,En agglomération,Intersection en T,Normale,Deux véhicules - côté,,,,,,,,,,,1,2,3,1,3
200600041174,0006-07-10 10:35:00,6,7,10,10,35,920,24,CLICHY (QUAI DE) DE (104,,,Plein jour,En agglomération,Hors intersection,Normale,Deux véhicules - arrière,,,,,,,,,,,1,2,1,1,2
200600041175,0006-07-13 17:00:00,6,7,13,17,0,920,24,CLICHY (QUAI DE) DE (8 A,,,Plein jour,En agglomération,Intersection en X,Normale,Deux véhicules - côté,,,,,,,,,,,1,2,2,1,3
200600041176,0006-07-13 16:50:00,6,7,13,16,50,920,24,"19, ASNIERES (ROUTE D')",,,Plein jour,En agglomération,Hors intersection,Normale,Autre collision,,,,,,,,,,,1,2,1,1,6
200600041177,0006-07-02 11:35:00,6,7,2,11,35,920,25,CHARLES DE GAULLE (BD),,,Plein jour,En agglomération,Hors intersection,Normale,Autre collision,,,,,,,,,,,1,2,1,1,6
200600041178,0006-07-02 01:30:00,6,7,2,1,30,920,25,CHARLES DE GAULLE (BD),,,Nuit avec éclairage allumé,En agglomération,Intersection en X,Normale,Deux véhicules - côté,,,,,,,,,,,5,2,2,1,3
200600041179,0006-07-04 17:40:00,6,7,4,17,40,920,25,"521, GABRIEL PERI (RUE)",,,Plein jour,En agglomération,Hors intersection,Normale,Autre collision,,,,,,,,,,,1,2,1,1,6
200600041180,0006-07-06 11:20:00,6,7,6,11,20,920,25,CHARLES DE GAULLE (BD),,,Plein jour,En agglomération,Hors intersection,Normale,Deux véhicules - arrière,,,,,,,,,,,1,2,1,1,2
200600041181,0006-07-07 12:10:00,6,7,7,12,10,920,25,JACQUES PREVERT (PASSAGE,,,Plein jour,En agglomération,Hors intersection,Normale,Autre collision,,,,,,,,,,,1,2,1,1,6
200600041182,0006-07-12 19:40:00,6,7,12,19,40,920,25,GENERAL LECLERC (PLACE D,,,Plein jour,En agglomération,Hors intersection,Normale,Deux véhicules - frontale,,,,,,,,,,,1,2,1,1,1
200600041183,0006-07-18 17:30:00,6,7,18,17,30,920,25,E.D'ORVES > 330 & 281 (R,,,Plein jour,En agglomération,Intersection en T,Normale,Deux véhicules - arrière,,,,,,,,,,,1,2,3,1,2
200600041184,0006-07-25 12:10:00,6,7,25,12,10,920,25,GABRIEL PERI (RUE),,,Plein jour,En agglomération,Hors intersection,Normale,Trois véhicules et plus - en chaîne,,,,,,,,,,,1,2,1,1,4
200600041185,0006-07-28 19:45:00,6,7,28,19,45,920,25,C.DE G.> 130 & 1103,,,Crépuscule ou aube,En agglomération,Intersection en T,Normale,Deux véhicules - côté,,,,,,,,,,,2,2,3,1,3
200600041186,0006-07-29 20:20:00,6,7,29,20,20,920,25,BOURNARD (RUE DU),,,Plein jour,En agglomération,Hors intersection,Normale,Deux véhicules - arrière,,,,,,,,,,,1,2,1,1,2
200600041187,0006-07-31 11:45:00,6,7,31,11,45,920,25,ARTS (RUE DES),,,Plein jour,En agglomération,Intersection en X,Normale,Deux véhicules - côté,,,,,,,,,,,1,2,2,1,3
200600041188,0006-07-18 08:50:00,6,7,18,8,50,920,26,PAIX,,,Plein jour,En agglomération,Intersection en X,Normale,Autre collision,,,,,,,,,,,1,2,2,1,6
200600041189,0006-07-17 13:15:00,6,7,17,13,15,920,26,JEAN-PIERRE TIMBAUD,,,Plein jour,En agglomération,Intersection en X,Normale,Deux véhicules - côté,,,,,,,,,,,1,2,2,1,3
200600041190,0006-07-25 07:50:00,6,7,25,7,50,920,26,JOFFRE,,,Plein jour,En agglomération,Hors intersection,Normale,Deux véhicules - côté,,,,,,,,,,,1,2,1,1,3
200600041191,0006-07-07 18:40:00,6,7,7,18,40,920,26,COLOMBES,,,Plein jour,En agglomération,Intersection en T,Normale,Deux véhicules - côté,,,,,,,,,,,1,2,3,1,3
200600041192,0006-07-21 11:15:00,6,7,21,11,15,920,26,"83, BEZONS (DE 23 A FIN)",,,Plein jour,En agglomération,Hors intersection,Normale,Autre collision,,,,,,,,,,,1,2,1,1,6
200600041193,0006-07-07 10:35:00,6,7,7,10,35,920,35,République ( boulevard d,,,Plein jour,En agglomération,Intersection à plus de 4 branches,Normale,Autre collision,,,,,,,,,,,1,2,5,1,6
200600041194,0006-07-10 17:15:00,6,7,10,17,15,920,35,"9, National ( boulevard",,,Plein jour,En agglomération,Hors intersection,Normale,Deux véhicules - arrière,,,,,,,,,,,1,2,1,1,2
200600041195,0006-07-12 14:30:00,6,7,12,14,30,920,35,"., Europe ( rond point d",,,Plein jour,En agglomération,Giratoire,Normale,Deux véhicules - arrière,,,,,,,,,,,1,2,6,1,2
200600041196,0006-07-19 13:30:00,6,7,19,13,30,920,35,"52, République ( bouleva",,,Plein jour,En agglomération,Giratoire,Normale,Deux véhicules - arrière,,,,,,,,,,,1,2,6,1,2
200600041197,0006-07-17 18:20:00,6,7,17,18,20,920,35,"84, Europe ( avenue de l",,,Plein jour,En agglomération,Intersection en T,Normale,Deux véhicules - arrière,,,,,,,,,,,1,2,3,1,2
200600041198,0006-07-26 08:55:00,6,7,26,8,55,920,35,"3, Léon Maurice Nordmann",,,Plein jour,En agglomération,Intersection en Y,Normale,Deux véhicules - arrière,,,,,,,,,,,1,2,4,1,2
200600041199,0006-07-28 09:15:00,6,7,28,9,15,920,35,"77, National ( boulevard",,,Plein jour,En agglomération,Intersection à plus de 4 branches,Normale,Deux véhicules - côté,,,,,,,,,,,1,2,5,1,3
200600041200,0006-07-04 17:00:00,6,7,4,17,0,920,36,"0, JEAN GRANDEL (PLACE)",,,Plein jour,En agglomération,Intersection en T,Normale,Autre collision,,,,,,,,,,,1,2,3,1,6
200600041201,0006-07-05 14:00:00,6,7,5,14,0,920,36,"7, FOSSE BLANC (RUE DU)",,,Plein jour,En agglomération,Hors intersection,Normale,Deux véhicules - côté,,,,,,,,,,,1,2,1,1,3
200600041202,0006-07-06 09:50:00,6,7,6,9,50,920,36,"72, GABRIEL PERI (AVENUE",,,Plein jour,En agglomération,Autre intersection,Normale,Deux véhicules - côté,,,,,,,,,,,1,2,9,1,3
200600041203,0006-07-12 18:20:00,6,7,12,18,20,920,36,"0, LOUISE MICHEL (PAIRS)",,,Plein jour,En agglomération,Intersection en T,Normale,Deux véhicules - côté,,,,,,,,,,,1,2,3,1,3
200600041204,0006-07-18 17:30:00,6,7,18,17,30,920,36,"0, ARGENTEUIL (AVENUE D'",,,Plein jour,En agglomération,Intersection en T,Normale,Deux véhicules - arrière,,,,,,,,,,,1,2,3,1,2
200600041205,0006-07-19 12:15:00,6,7,19,12,15,920,36,"0, GRESILLONS (QUAI DES)",,,Plein jour,En agglomération,Intersection en X,Normale,Deux véhicules - arrière,,,,,,,,,,,1,2,2,1,2
200600041206,0006-07-22 06:50:00,6,7,22,6,50,920,36,"0, BOULEVARD INTERCOMMUN",,,Crépuscule ou aube,En agglomération,Intersection en T,Normale,Deux véhicules - côté,,,,,,,,,,,2,2,3,1,3
200600041207,0006-07-23 22:35:00,6,7,23,22,35,920,36,"177, GABRIEL PERI (AVENU",,,Nuit avec éclairage allumé,En agglomération,Hors intersection,Normale,Autre collision,,,,,,,,,,,5,2,1,1,6
200600041208,0006-07-27 13:05:00,6,7,27,13,5,920,36,"0, MARCEL PAUL (AVENUE)",,,Plein jour,En agglomération,Intersection en X,Normale,Sans collision,,,,,,,,,,,1,2,2,1,7
200600041209,0006-07-28 12:40:00,6,7,28,12,40,920,36,"18, SEINE (ROUTE DE LA)",,,Plein jour,En agglomération,Hors intersection,Normale,Sans collision,,,,,,,,,,,1,2,1,1,7
200600041210,0006-07-03 18:50:00,6,7,3,18,50,920,40,"265, JEAN JACQUES ROUSSE",,,Plein jour,En agglomération,Hors intersection,Normale,Autre collision,,,,,,,,,,,1,2,1,1,6
200600041211,0006-07-06 00:45:00,6,7,6,0,45,920,40,EGALITE ( DE L'),,,Nuit avec éclairage allumé,En agglomération,Hors intersection,Normale,Deux véhicules - arrière,,,,,,,,,,,5,2,1,1,2
200600041212,0006-07-07 14:20:00,6,7,7,14,20,920,40,"10, RODIN (BOULEVARD)",,,Plein jour,En agglomération,Hors intersection,Normale,Autre collision,,,,,,,,,,,1,2,1,1,6
200600041213,0006-07-07 15:50:00,6,7,7,15,50,920,40,"21, GAMBETTA (BOULEVARD)",,,Plein jour,En agglomération,Hors intersection,Normale,Deux véhicules - côté,,,,,,,,,,,1,2,1,1,3
200600041214,0006-07-13 07:20:00,6,7,13,7,20,920,40,"24, BAS MEUDON (AVENUE D",,,Plein jour,En agglomération,Autre intersection,Temps éblouissant,Deux véhicules - côté,,,,,,,,,,,1,2,9,7,3
200600041215,0006-07-14 16:05:00,6,7,14,16,5,920,40,"5, ARISTIDE BRIAND",,,Plein jour,En agglomération,Hors intersection,Normale,Trois véhicules et plus - en chaîne,,,,,,,,,,,1,2,1,1,4
200600041216,0006-07-19 13:10:00,6,7,19,13,10,920,40,"20, FRERES VOISIN (BOULE",,,Plein jour,En agglomération,Hors intersection,Autre,Trois véhicules et plus - collisions multiples,,,,,,,,,,,1,2,1,9,5
200600041217,0006-07-27 11:15:00,6,7,27,11,15,920,40,"65, RODIN (BOULEVARD)",,,Plein jour,En agglomération,Hors intersection,Normale,Autre collision,,,,,,,,,,,1,2,1,1,6
200600041218,0006-07-27 20:50:00,6,7,27,20,50,920,40,ARISTIDE BRIAND,,,Plein jour,En agglomération,Intersection en T,Normale,Deux véhicules - frontale,,,,,,,,,,,1,2,3,1,1
200600041219,0006-07-30 01:10:00,6,7,30,1,10,920,40,GENERAL DE GAULLE (AVE D,,,Nuit avec éclairage allumé,En agglomération,Intersection en Y,Normale,Deux véhicules - côté,,,,,,,,,,,5,2,4,1,3
200600041220,0006-07-03 22:45:00,6,7,3,22,45,920,44,"nr, CAMILLE PELLETAN(RUE",,,Crépuscule ou aube,En agglomération,Intersection en X,Normale,Deux véhicules - côté,,,,,,,,,,,2,2,2,1,3
200600041221,0006-07-04 20:30:00,6,7,4,20,30,920,44,"NR, PIERRE BROSSOLETTE(R",,,Plein jour,En agglomération,Intersection en T,Normale,Deux véhicules - côté,,,,,,,,,,,1,2,3,1,3
200600041222,0006-07-12 20:25:00,6,7,12,20,25,920,44,"nr, VOLTAIRE(RUE)1A51 ET",,,Crépuscule ou aube,En agglomération,Intersection en X,Normale,Deux véhicules - côté,,,,,,,,,,,2,2,2,1,3
200600041223,0006-07-13 08:25:00,6,7,13,8,25,920,44,"28, VILLIERS(RUE DE)  2A",,,Plein jour,En agglomération,Hors intersection,Normale,Autre collision,,,,,,,,,,,1,2,1,1,6
200600041224,0006-07-17 16:40:00,6,7,17,16,40,920,44,"30, VOLTAIRE(RUE)1A51 ET",,,Plein jour,En agglomération,Intersection en X,Normale,Deux véhicules - côté,,,,,,,,,,,1,2,2,1,3
200600041225,0006-07-21 19:00:00,6,7,21,19,0,920,44,"nr, VIC. HUGO(RUE)115A14",,,Plein jour,En agglomération,Intersection en Y,Normale,Deux véhicules - côté,,,,,,,,,,,1,2,4,1,3
200600041226,0006-07-24 14:10:00,6,7,24,14,10,920,44,"12, LOUISE MICHEL(RUE) 1",,,Plein jour,En agglomération,Giratoire,Normale,Autre collision,,,,,,,,,,,1,2,6,1,6
200600041227,0006-07-27 11:50:00,6,7,27,11,50,920,44,"NR, MARIUS AUFAN(RUE) 1A",,,Plein jour,En agglomération,Intersection en X,Normale,Autre collision,,,,,,,,,,,1,2,2,1,6
200600041228,0006-07-28 15:30:00,6,7,28,15,30,920,44,"52 bis, VILLIERS(RUE DE)",,,Plein jour,En agglomération,Hors intersection,Normale,Autre collision,,,,,,,,,,,1,2,1,1,6
200600041229,0006-07-02 18:00:00,6,7,2,18,0,920,48,"43, GENERAL DE GAULLE (A",,,Plein jour,En agglomération,Hors intersection,Normale,Autre collision,,,,,,,,,,,1,2,1,1,6
200600041230,0006-07-06 12:10:00,6,7,6,12,10,920,48,BOIS (AVENUE DU),,,Plein jour,En agglomération,Hors intersection,Normale,Deux véhicules - arrière,,,,,,,,,,,1,2,1,1,2
200600041231,0006-07-26 08:50:00,6,7,26,8,50,920,48,"43, VAUGIRARD (ROUTE DE)",,,Plein jour,En agglomération,Intersection en T,Normale,Deux véhicules - côté,,,,,,,,,,,1,2,3,1,3
200600041232,0006-07-02 00:20:00,6,7,2,0,20,920,49,", DORMOY AVENUE MARX N°2",,,Nuit avec éclairage allumé,En agglomération,Intersection en X,Normale,Sans collision,,,,,,,,,,,5,2,2,1,7
200600041233,0006-07-08 19:05:00,6,7,8,19,5,920,20,"14, BROSSOLETTE RUE PIER",,,Plein jour,En agglomération,Giratoire,Autre,Autre collision,,,,,,,,,,,1,2,6,9,6
200600041234,0006-07-18 14:50:00,6,7,18,14,50,920,20,"17, BERTHELOT AVENUE MAR",,,Plein jour,En agglomération,Intersection en T,Normale,Deux véhicules - arrière,,,,,,,,,,,1,2,3,1,2
200600041235,0006-07-18 19:00:00,6,7,18,19,0,920,20,"67, PARIS AVENUE DE N° I",,,Plein jour,En agglomération,Intersection en T,Normale,Sans collision,,,,,,,,,,,1,2,3,1,7
200600041236,0006-07-21 13:50:00,6,7,21,13,50,920,20,"175, PARIS AVENUE DE N°",,,Plein jour,En agglomération,Intersection en X,Normale,Deux véhicules - arrière,,,,,,,,,,,1,2,2,1,2
200600041237,0006-07-27 18:30:00,6,7,27,18,30,920,49,"89, BROSSOLETTE AVENUE P",,,Plein jour,En agglomération,Intersection en T,Normale,Deux véhicules - côté,,,,,,,,,,,1,2,3,1,3
200600041238,0006-07-12 13:40:00,6,7,12,13,40,920,50,"265, CLEMENCEAU GEORGES",,,Plein jour,En agglomération,Hors intersection,Normale,Deux véhicules - côté,,,,,,,,,,,1,2,1,1,3
200600041239,0006-07-14 15:20:00,6,7,14,15,20,920,50,"2, CLEMENCEAU GEORGES AV",,,Plein jour,En agglomération,Hors intersection,Normale,Deux véhicules - côté,,,,,,,,,,,1,2,1,1,3
200600041240,0006-07-02 06:00:00,6,7,2,6,0,920,50,"159 bis, BARBET RAYMOND",,,Plein jour,En agglomération,Autre intersection,Normale,Autre collision,,,,,,,,,,,1,2,9,1,6
200600041241,0006-07-11 17:20:00,6,7,11,17,20,920,50,LENINE VLADIMIR ILITCH A,,,Plein jour,En agglomération,Hors intersection,Normale,Trois véhicules et plus - collisions multiples,,,,,,,,,,,1,2,1,1,5
200600041242,0006-07-19 13:00:00,6,7,19,13,0,920,50,"17, MICHELET RUE",,,Plein jour,En agglomération,Hors intersection,Normale,Deux véhicules - côté,,,,,,,,,,,1,2,1,1,3
200600041243,0006-07-24 13:40:00,6,7,24,13,40,920,50,"33, RIGAULT RUE",,,Plein jour,En agglomération,Hors intersection,Normale,Deux véhicules - arrière,,,,,,,,,,,1,2,1,1,2
200600041244,0006-07-25 10:15:00,6,7,25,10,15,920,50,FONDRIERES RUE DES,,,Plein jour,En agglomération,Hors intersection,Normale,Deux véhicules - arrière,,,,,,,,,,,1,2,1,1,2
200600041245,0006-07-27 19:50:00,6,7,27,19,50,920,50,"18, ARAGO FRANCOIS AVENU",,,Plein jour,En agglomération,Hors intersection,Normale,Trois véhicules et plus - collisions multiples,,,,,,,,,,,1,2,1,1,5
200600041246,0006-07-29 12:25:00,6,7,29,12,25,920,50,"403, REPUBLIQUE AVENUE D",,,Plein jour,En agglomération,Hors intersection,Normale,Deux véhicules - frontale,,,,,,,,,,,1,2,1,1,1
200600041247,0006-07-02 22:15:00,6,7,2,22,15,920,51,"57, CHARLES DE GAULLE (A",,,Nuit avec éclairage allumé,En agglomération,Hors intersection,Normale,Autre collision,,,,,,,,,,,5,2,1,1,6
200600041248,0006-07-05 11:10:00,6,7,5,11,10,920,51,"88 bis, CHARLES DE GAULL",,,Plein jour,En agglomération,Hors intersection,Normale,Autre collision,,,,,,,,,,,1,2,1,1,6
200600041249,0006-07-21 12:25:00,6,7,21,12,25,920,51,"68, CHARLES DE GAULLE (A",,,Plein jour,En agglomération,Hors intersection,Normale,Deux véhicules - côté,,,,,,,,,,,1,2,1,1,3
200600041250,0006-07-21 16:45:00,6,7,21,16,45,920,51,"141, GENERAL KOENIG (BOU",,,Plein jour,En agglomération,Hors intersection,Normale,Deux véhicules - côté,,,,,,,,,,,1,2,1,1,3
200600041251,0006-07-24 03:25:00,6,7,24,3,25,920,51,"88, CHARLES DE GAULLE (A",,,Nuit avec éclairage allumé,En agglomération,Hors intersection,Normale,Autre collision,,,,,,,,,,,5,2,1,1,6
200600041252,0006-07-29 19:23:00,6,7,29,19,23,920,51,"117, BINEAU (BOULEVARD,",,,Plein jour,En agglomération,Hors intersection,Normale,Deux véhicules - arrière,,,,,,,,,,,1,2,1,1,2
200600041253,0006-07-05 08:05:00,6,7,5,8,5,920,62,DE DION BOUTON (QUAI) DU,,,Plein jour,En agglomération,Intersection en X,Normale,Deux véhicules - côté,,,,,,,,,,,1,2,2,1,3
200600041254,0006-07-05 20:00:00,6,7,5,20,0,920,62,GENERAL DE GAULLE (AV) D,,,Plein jour,En agglomération,Intersection en X,Normale,Deux véhicules - côté,,,,,,,,,,,1,2,2,1,3
200600041255,0006-07-09 09:20:00,6,7,9,9,20,920,62,"02 bis, GODEFROY (RUE) D",,,Plein jour,En agglomération,Hors intersection,Normale,Autre collision,,,,,,,,,,,1,2,1,1,6
200600041256,0006-07-19 09:20:00,6,7,19,9,20,920,62,"21, FRANCE (RUE ANATOLE)",,,Plein jour,En agglomération,Hors intersection,Normale,Deux véhicules - côté,,,,,,,,,,,1,2,1,1,3
200600041257,0006-07-01 08:25:00,6,7,1,8,25,920,63,MONTBRISON (RUE DU LIEUT,,,Plein jour,En agglomération,Hors intersection,Normale,Deux véhicules - frontale,,,,,,,,,,,1,2,1,1,1
200600041258,0006-07-10 12:45:00,6,7,10,12,45,920,63,PERI (AVENUE GABRIEL),,,Plein jour,En agglomération,Hors intersection,Normale,Autre collision,,,,,,,,,,,1,2,1,1,6
200600041259,0006-07-13 19:30:00,6,7,13,19,30,920,63,EMPEREUR (ROUTE DE L') E,,,Plein jour,En agglomération,Intersection en T,Normale,Trois véhicules et plus - collisions multiples,,,,,,,,,,,1,2,3,1,5
200600041260,0006-07-15 21:30:00,6,7,15,21,30,920,63,"NEANT, SOLFERINO (BOULEV",,,Plein jour,En agglomération,Intersection en X,Normale,Autre collision,,,,,,,,,,,1,2,2,1,6
200600041261,0006-07-31 22:05:00,6,7,31,22,5,920,63,"20, BUZENVAL (AVENUE DE)",,,Crépuscule ou aube,En agglomération,Hors intersection,Normale,Deux véhicules - arrière,,,,,,,,,,,2,2,1,1,2
200600041262,0006-07-03 08:50:00,6,7,3,8,50,920,64,"44, TAHERE",,,Plein jour,En agglomération,Hors intersection,Normale,Deux véhicules - arrière,,,,,,,,,,,1,2,1,1,2
200600041263,0006-07-05 14:10:00,6,7,5,14,10,920,64,REPUBLIQUE,,,Plein jour,En agglomération,Intersection en X,Normale,Deux véhicules - côté,,,,,,,,,,,1,2,2,1,3
200600041264,0006-07-05 16:00:00,6,7,5,16,0,920,64,"1, PLACE CLEMENCEAU",,,Plein jour,En agglomération,Hors intersection,Normale,Trois véhicules et plus - en chaîne,,,,,,,,,,,1,2,1,1,4
200600041265,0006-07-07 09:00:00,6,7,7,9,0,920,64,"9, GOUNOD",,,Plein jour,En agglomération,Hors intersection,Normale,Deux véhicules - côté,,,,,,,,,,,1,2,1,1,3
200600041266,0006-07-20 09:40:00,6,7,20,9,40,920,64,MARCEL DASSAULT,,,Plein jour,En agglomération,Hors intersection,Normale,Deux véhicules - arrière,,,,,,,,,,,1,2,1,1,2
200600041267,0006-07-26 16:10:00,6,7,26,16,10,920,64,MARCEL DASSAULT,,,Plein jour,En agglomération,Intersection en T,Normale,Deux véhicules - arrière,,,,,,,,,,,1,2,3,1,2
200600041268,0006-07-30 15:00:00,6,7,30,15,0,920,33,"131, BUZENVAL",,,Plein jour,En agglomération,Hors intersection,Pluie légère,Autre collision,,,,,,,,,,,1,2,1,2,6
200600041269,0006-07-01 00:55:00,6,7,1,0,55,920,72,SEVRES (PONT DE),,,Nuit avec éclairage allumé,En agglomération,Hors intersection,Normale,Autre collision,,,,,,,,,,,5,2,1,1,6
200600041270,0006-07-04 20:25:00,6,7,4,20,25,920,77,"27, VERSAILLES (RUE DE)",,,Plein jour,En agglomération,Hors intersection,Normale,Autre collision,,,,,,,,,,,1,2,1,1,6
200600041271,0006-07-05 23:00:00,6,7,5,23,0,920,22,"1178, SALENGRO (AVENUE R",,,Nuit avec éclairage allumé,En agglomération,Hors intersection,Normale,Deux véhicules - frontale,,,,,,,,,,,5,2,1,1,1
200600041272,0006-07-08 19:00:00,6,7,8,19,0,920,77,"159 Bis, VERSAILLES (RUE",,,Plein jour,En agglomération,Hors intersection,Normale,Autre collision,,,,,,,,,,,1,2,1,1,6
200600041273,0006-07-07 14:10:00,6,7,7,14,10,920,72,"41-43, GRANDE RUE",,,Plein jour,En agglomération,Hors intersection,Normale,Deux véhicules - côté,,,,,,,,,,,1,2,1,1,3
200600041274,0006-07-10 12:50:00,6,7,10,12,50,920,22,FRANCE (RUE ANATOLE),,,Plein jour,En agglomération,Hors intersection,Normale,Deux véhicules - frontale,,,,,,,,,,,1,2,1,1,1
200600041275,0006-07-22 15:20:00,6,7,22,15,20,920,72,"17, VILLE D'AVRAY (RUE D",,,Plein jour,En agglomération,Hors intersection,Normale,Sans collision,,,,,,,,,,,1,2,1,1,7
200600041276,0006-07-28 10:30:00,6,7,28,10,30,920,72,"04, MIDRIN (RUE PIERRE)",,,Plein jour,En agglomération,Hors intersection,Normale,Autre collision,,,,,,,,,,,1,2,1,1,6
200600041277,0006-07-31 17:35:00,6,7,31,17,35,920,77,"59, ST CLOUD (RUE DE)",,,Plein jour,En agglomération,Hors intersection,Normale,Deux véhicules - côté,,,,,,,,,,,1,2,1,1,3
200600041278,0006-07-10 10:00:00,6,7,10,10,0,920,73,SELLIER (BOULEVARD HENRI,,,Plein jour,En agglomération,Hors intersection,Normale,Autre collision,,,,,,,,,,,1,2,1,1,6
200600041279,0006-07-11 17:40:00,6,7,11,17,40,920,73,"39, ROUSSEAU (RUE JEAN-J",,,Plein jour,En agglomération,Intersection en T,Normale,Autre collision,,,,,,,,,,,1,2,3,1,6
200600041280,0006-07-13 08:45:00,6,7,13,8,45,920,73,"6, BLUM (QUAI LEON)",,,Plein jour,En agglomération,Hors intersection,Normale,Deux véhicules - côté,,,,,,,,,,,1,2,1,1,3
200600041281,0006-07-20 19:55:00,6,7,20,19,55,920,73,"38, COTTAGES (RUE DES)",,,Plein jour,En agglomération,Hors intersection,Normale,Sans collision,,,,,,,,,,,1,2,1,1,7
200600041282,0006-07-25 21:50:00,6,7,25,21,50,920,73,DELESTREE (AVENUE DU COL,,,Crépuscule ou aube,En agglomération,Hors intersection,Normale,Sans collision,,,,,,,,,,,2,2,1,1,7
200600041283,0006-07-02 12:40:00,6,7,2,12,40,920,46,"-, PAUL BERT (RUE)",,,Plein jour,En agglomération,Intersection en X,Normale,Deux véhicules - côté,,,,,,,,,,,1,2,2,1,3
200600041284,0006-07-04 00:20:00,6,7,4,0,20,920,75,LYCEE (BOULEVARD DU),,,Nuit avec éclairage non allumé,En agglomération,Intersection en T,Normale,Deux véhicules - frontale,,,,,,,,,,,4,2,3,1,1
200600041285,0006-07-04 11:00:00,6,7,4,11,0,920,46,CAMELINAT,,,Plein jour,En agglomération,Intersection en X,Normale,Deux véhicules - côté,,,,,,,,,,,1,2,2,1,3
200600041286,0006-07-06 13:10:00,6,7,6,13,10,920,46,GABRIEL PERI,,,Plein jour,En agglomération,Intersection en X,Normale,Deux véhicules - frontale,,,,,,,,,,,1,2,2,1,1
200600041287,0006-07-07 16:50:00,6,7,7,16,50,920,46,"36, AUGUSTIN DUMONT",,,Plein jour,En agglomération,Intersection en T,Normale,Autre collision,,,,,,,,,,,1,2,3,1,6
200600041288,0006-07-05 10:45:00,6,7,5,10,45,920,62,", GENERAL DE GAULLE (AVE",,,Plein jour,En agglomération,Hors intersection,Normale,Deux véhicules - arrière,,,,,,,,,,,1,2,1,1,2
200600041289,0006-07-12 12:50:00,6,7,12,12,50,920,62,"1, RN 192",,,Plein jour,En agglomération,Intersection en Y,Normale,Deux véhicules - arrière,,,,,,,,,,,1,2,4,1,2
200600041290,0006-07-27 09:05:00,6,7,27,9,5,920,26,"3EPA, DES BATISSEURS (VO",,,Plein jour,En agglomération,Intersection en Y,Pluie légère,Sans collision,,,,,,,,,,,1,2,4,2,7
200600041291,0006-07-03 18:15:00,6,7,3,18,15,930,1,"106, HENRI BARBUSSE (RUE",,,Plein jour,En agglomération,Hors intersection,Normale,Autre collision,,,,,,,,,,,1,2,1,1,6
200600041292,0006-07-05 08:55:00,6,7,5,8,55,930,1,"122, DANIELLE CASANOVA (",,,Plein jour,En agglomération,Intersection en T,Normale,Deux véhicules - côté,,,,,,,,,,,1,2,3,1,3
200600041293,0006-07-05 12:00:00,6,7,5,12,0,930,1,", BERNARD ET MAZOYER (RU",,,Plein jour,En agglomération,Hors intersection,Normale,Deux véhicules - arrière,,,,,,,,,,,1,2,1,1,2
200600041294,0006-07-07 16:00:00,6,7,7,16,0,930,1,"44, ANATOLE FRANCE (BLD)",,,Plein jour,En agglomération,Hors intersection,Pluie légère,Deux véhicules - arrière,,,,,,,,,,,1,2,1,2,2