accident_id,datetime,annee,mois,jour,heure,minute,departement,commune_insee,adresse,latitude,longitude,luminosite,agglomeration,intersection,meteo,collision,nb_vehicules,nb_usagers,nb_indemnes,nb_tues,nb_blesses_hosp,nb_blesses_legers,age_cond_1,age_cond_2,veh_type_cond_1,veh_type_cond_2,lum_code,agg_code,int_code,atm_code,col_code
200600041295,0006-07-07 17:45:00,6,7,7,17,45,930,1,ANATOLE FRANCE (BLD) PAI,,,Plein jour,En agglomération,Intersection en X,Normale,Deux véhicules - côté,,,,,,,,,,,1,2,2,1,3
200600041296,0006-07-11 14:40:00,6,7,11,14,40,930,1,"92, VICTOR HUGO (AVE)  =",,,Plein jour,En agglomération,Hors intersection,Normale,Autre collision,,,,,,,,,,,1,2,1,1,6
200600041297,0006-07-13 03:00:00,6,7,13,3,0,930,1,"215, JEAN JAURES (AVE)",,,Nuit avec éclairage allumé,En agglomération,Intersection en X,Normale,Deux véhicules - côté,,,,,,,,,,,5,2,2,1,3
200600041298,0006-07-13 12:40:00,6,7,13,12,40,930,1,"FACE 87, REPUBLIQUE (AVE",,,Plein jour,En agglomération,Intersection en T,Normale,Autre collision,,,,,,,,,,,1,2,3,1,6
200600041299,0006-07-17 14:00:00,6,7,17,14,0,930,1,"111, VICTOR HUGO (AVE)",,,Plein jour,En agglomération,Hors intersection,Autre,Deux véhicules - côté,,,,,,,,,,,1,2,1,9,3
200600041300,0006-07-19 15:50:00,6,7,19,15,50,930,1,"3, ANATOLE FRANCE  (BLD)",,,Plein jour,En agglomération,Hors intersection,Normale,Deux véhicules - côté,,,,,,,,,,,1,2,1,1,3
200600041301,0006-07-20 11:30:00,6,7,20,11,30,930,1,"23, VICTOR HUGO (AVE)  =",,,Plein jour,En agglomération,Hors intersection,Normale,Sans collision,,,,,,,,,,,1,2,1,1,7
200600041302,0006-07-25 17:00:00,6,7,25,17,0,930,1,REPUBLIQUE (AVE DE LA ),,,Plein jour,En agglomération,Hors intersection,Normale,Autre collision,,,,,,,,,,,1,2,1,1,6
200600041303,0006-07-28 20:35:00,6,7,28,20,35,930,1,"156, HENRI BARBUSSE (RUE",,,Plein jour,En agglomération,Intersection en Y,Normale,Autre collision,,,,,,,,,,,1,2,4,1,6
200600041304,0006-07-30 21:05:00,6,7,30,21,5,930,1,JEAN JAURES  (AVE)  157,,,Crépuscule ou aube,En agglomération,Hors intersection,Normale,Deux véhicules - frontale,,,,,,,,,,,2,2,1,1,1
200600041305,0006-07-31 15:07:00,6,7,31,15,7,930,1,"64, VICTOR HUGO (AVE)  =",,,Plein jour,En agglomération,Hors intersection,Normale,Autre collision,,,,,,,,,,,1,2,1,1,6
200600041306,0006-07-01 17:00:00,6,7,1,17,0,930,5,"NEANT, HENRI MATISSE (RU",,,Plein jour,En agglomération,Hors intersection,Normale,Autre collision,,,,,,,,,,,1,2,1,1,6
200600041307,0006-07-07 07:25:00,6,7,7,7,25,930,5,"néant, GENERAL DE GAULLE",,,Plein jour,En agglomération,Hors intersection,Normale,Autre collision,,,,,,,,,,,1,2,1,1,6
200600041308,0006-07-07 09:45:00,6,7,7,9,45,930,5,JACQUES DUCLOS [CD44] (R,,,Plein jour,En agglomération,Hors intersection,Normale,Sans collision,,,,,,,,,,,1,2,1,1,7
200600041309,0006-07-13 20:35:00,6,7,13,20,35,930,5,"1, SAVIGNY (AVENUE DE)",,,Plein jour,En agglomération,Hors intersection,Normale,Autre collision,,,,,,,,,,,1,2,1,1,6
200600041310,0006-07-16 11:00:00,6,7,16,11,0,930,5,"nant, PARINOR",,,Plein jour,Hors agglomération,Hors intersection,Temps éblouissant,Autre collision,,,,,,,,,,,1,1,1,7,6
200600041311,0006-07-18 20:15:00,6,7,18,20,15,930,5,"6, BOSQUETS (ALLEE DES)",,,Plein jour,En agglomération,Hors intersection,Normale,Deux véhicules - arrière,,,,,,,,,,,1,2,1,1,2
200600041312,0006-07-21 16:25:00,6,7,21,16,25,930,5,"néant, PAUL LANGEVIN (AV",,,Plein jour,En agglomération,Intersection en X,Normale,Deux véhicules - côté,,,,,,,,,,,1,2,2,1,3
200600041313,0006-07-25 14:30:00,6,7,25,14,30,930,5,"24, JACQUES DUCLOS [CD44",,,Plein jour,En agglomération,Hors intersection,Normale,Deux véhicules - côté,,,,,,,,,,,1,2,1,1,3
200600041314,0006-07-25 13:50:00,6,7,25,13,50,930,5,"neant, CHARLES DE GAULLE",,,Plein jour,En agglomération,Hors intersection,Temps éblouissant,Autre collision,,,,,,,,,,,1,2,1,7,6
200600041315,0006-07-29 16:45:00,6,7,29,16,45,930,5,"neant, CLOCHER (AVENUE D",,,Plein jour,En agglomération,Giratoire,Normale,Deux véhicules - arrière,,,,,,,,,,,1,2,6,1,2
200600041316,0006-07-03 23:00:00,6,7,3,23,0,930,7,8 MAI 45 (AVENUE DU 1 AU,,,Nuit avec éclairage allumé,En agglomération,Hors intersection,Normale,Deux véhicules - côté,,,,,,,,,,,5,2,1,1,3
200600041317,0006-07-04 19:00:00,6,7,4,19,0,930,7,"07, ""PAUL VAILLANT COUTU",,,Plein jour,En agglomération,Hors intersection,Pluie légère,Deux véhicules - côté,,,,,,,,,,,1,2,1,2,3
200600041318,0006-07-08 14:00:00,6,7,8,14,0,930,7,CHARLES GOUNOD (RUE),,,Plein jour,En agglomération,Intersection en X,Normale,Deux véhicules - côté,,,,,,,,,,,1,2,2,1,3
200600041319,0006-07-14 14:15:00,6,7,14,14,15,930,7,VICTOR HUGO (RUE),,,Plein jour,En agglomération,Intersection en X,Normale,Deux véhicules - côté,,,,,,,,,,,1,2,2,1,3
200600041320,0006-07-25 09:30:00,6,7,25,9,30,930,7,GABRIEL PERI (PLACE),,,Plein jour,En agglomération,Intersection en X,Temps éblouissant,Autre collision,,,,,,,,,,,1,2,2,7,6
200600041321,0006-07-26 19:20:00,6,7,26,19,20,930,7,ARISTIDE BRIAND (AVENUE,,,Plein jour,En agglomération,Intersection en X,Normale,Deux véhicules - côté,,,,,,,,,,,1,2,2,1,3
200600041322,0006-07-28 16:50:00,6,7,28,16,50,930,7,"19, ALBERT EINSTEIN (AVE",,,Plein jour,En agglomération,Hors intersection,Normale,Deux véhicules - côté,,,,,,,,,,,1,2,1,1,3
200600041323,0006-07-29 16:40:00,6,7,29,16,40,930,7,CHARLES FLOQUET (AVENUE),,,Plein jour,En agglomération,Hors intersection,Normale,Deux véhicules - côté,,,,,,,,,,,1,2,1,1,3
200600041324,0006-07-30 20:55:00,6,7,30,20,55,930,7,"""HENRI BARBUSSE (AVENUE",,,Crépuscule ou aube,En agglomération,Hors intersection,Normale,Deux véhicules - côté,,,,,,,,,,,2,2,1,1,3
200600041325,0006-07-01 18:40:00,6,7,1,18,40,930,8,VAILLANT COUTURIER (AVEN,,,Plein jour,En agglomération,Autre intersection,Normale,Deux véhicules - côté,,,,,,,,,,,1,2,9,1,3
200600041326,0006-07-03 08:50:00,6,7,3,8,50,930,8,"216, BARBUSSE (AVENUE HE",,,Plein jour,En agglomération,Hors intersection,Normale,Deux véhicules - côté,,,,,,,,,,,1,2,1,1,3
200600041327,0006-07-04 17:00:00,6,7,4,17,0,930,8,"41, JAURES (AVENUE JEAN)",,,Plein jour,En agglomération,Hors intersection,Pluie légère,Autre collision,,,,,,,,,,,1,2,1,2,6
200600041328,0006-07-06 18:10:00,6,7,6,18,10,930,8,"163, VAILLANT COUTURIER",,,Plein jour,En agglomération,Intersection en T,Normale,Deux véhicules - côté,,,,,,,,,,,1,2,3,1,3
200600041329,0006-07-08 09:10:00,6,7,8,9,10,930,8,"109, PARIS (RUE DE)",,,Plein jour,En agglomération,Hors intersection,Temps couvert,Deux véhicules - côté,,,,,,,,,,,1,2,1,8,3
200600041330,0006-07-18 20:45:00,6,7,18,20,45,930,8,DIVISION LECLERC (AVENUE,,,Plein jour,En agglomération,Intersection en T,Normale,Deux véhicules - arrière,,,,,,,,,,,1,2,3,1,2
200600041331,0006-07-20 18:15:00,6,7,20,18,15,930,8,", ALLENDE (AVE DU P. SAL",,,Plein jour,En agglomération,Autre intersection,Normale,Sans collision,,,,,,,,,,,1,2,9,1,7
200600041332,0006-07-22 21:00:00,6,7,22,21,0,930,8,FOLIE (CARREFOUR DE LA),,,Plein jour,En agglomération,Intersection en X,Normale,Deux véhicules - côté,,,,,,,,,,,1,2,2,1,3
200600041333,0006-07-01 13:00:00,6,7,1,13,0,930,10,"IGNORE, PASTEUR (AV.)",,,Plein jour,En agglomération,Hors intersection,Normale,Deux véhicules - arrière,,,,,,,,,,,1,2,1,1,2
200600041334,0006-07-03 23:45:00,6,7,3,23,45,930,57,"IGNORE, WILSON (AV. DU P",,,Nuit avec éclairage allumé,En agglomération,Intersection en X,Normale,Deux véhicules - côté,,,,,,,,,,,5,2,2,1,3
200600041335,0006-07-04 15:35:00,6,7,4,15,35,930,10,"134, VILLEMOMBLE (RTE DE",,,Plein jour,En agglomération,Hors intersection,Pluie légère,Autre collision,,,,,,,,,,,1,2,1,2,6
200600041336,0006-07-06 04:25:00,6,7,6,4,25,930,57,"IGNORE, ESTIENNE (AL. RO",,,Nuit avec éclairage allumé,En agglomération,Intersection en X,Normale,Autre collision,,,,,,,,,,,5,2,2,1,6
200600041337,0006-07-13 13:15:00,6,7,13,13,15,930,57,"IGNORE, BRIAND (AV. ARIS",,,Plein jour,En agglomération,Intersection en T,Normale,Deux véhicules - côté,,,,,,,,,,,1,2,3,1,3
200600041338,0006-07-22 13:55:00,6,7,22,13,55,930,10,"IGNORE, BLUM (AV. LEON)",,,Plein jour,En agglomération,Giratoire,Normale,Deux véhicules - frontale,,,,,,,,,,,1,2,6,1,1
200600041339,0006-07-22 17:00:00,6,7,22,17,0,930,10,"IGNORE, PASTEUR (AV.)",,,Plein jour,En agglomération,Intersection en X,Normale,Deux véhicules - côté,,,,,,,,,,,1,2,2,1,3
200600041340,0006-07-30 17:05:00,6,7,30,17,5,930,10,"53, GALLIENI (AV.) CONFO",,,Plein jour,En agglomération,Hors intersection,Temps couvert,Trois véhicules et plus - en chaîne,,,,,,,,,,,1,2,1,8,4
200600041341,0006-07-01 16:10:00,6,7,1,16,10,930,13,"10, CAVILLON (RUE ANIZAN",,,Plein jour,En agglomération,Hors intersection,Normale,Deux véhicules - frontale,,,,,,,,,,,1,2,1,1,1
200600041342,0006-07-10 13:49:00,6,7,10,13,49,930,13,LINDBERGH (CARREFOUR),,,Plein jour,En agglomération,Hors intersection,Normale,Trois véhicules et plus - en chaîne,,,,,,,,,,,1,2,1,1,4
200600041343,0006-07-24 19:05:00,6,7,24,19,5,930,13,JAURES (AVENUE JEAN) DE,,,Plein jour,En agglomération,Hors intersection,Normale,Autre collision,,,,,,,,,,,1,2,1,1,6
200600041344,0006-07-28 12:01:00,6,7,28,12,1,930,27,PASTEUR (BOULEVARD) DE 4,,,Plein jour,En agglomération,Intersection en X,Normale,Deux véhicules - côté,,,,,,,,,,,1,2,2,1,3
200600041345,0006-07-19 23:40:00,6,7,19,23,40,930,27,", PASTEUR (BOULEVARD) DE",,,Crépuscule ou aube,En agglomération,Intersection à plus de 4 branches,Normale,Autre collision,,,,,,,,,,,2,2,5,1,6
200600041346,0006-07-03 16:00:00,6,7,3,16,0,930,13,"20, LECLERC (AVENU DE LA",,,Plein jour,En agglomération,Autre intersection,Normale,Deux véhicules - arrière,,,,,,,,,,,1,2,9,1,2
200600041347,0006-07-09 19:50:00,6,7,9,19,50,930,27,"49, PERI (AVENUE GABRIEL",,,Plein jour,En agglomération,Hors intersection,Normale,Autre collision,,,,,,,,,,,1,2,1,1,6
200600041348,0006-07-12 11:00:00,6,7,12,11,0,930,30,HUIT-MAI-1945 (AVENUE DU,,,Plein jour,En agglomération,Hors intersection,Normale,Deux véhicules - arrière,,,,,,,,,,,1,2,1,1,2
200600041349,0006-07-15 17:29:00,6,7,15,17,29,930,27,VERNE (PLACE JULES),,,Plein jour,En agglomération,Hors intersection,Normale,Deux véhicules - côté,,,,,,,,,,,1,2,1,1,3
200600041350,0006-07-21 13:15:00,6,7,21,13,15,930,27,"15, CACHIN (AVENUE MARCE",,,Plein jour,En agglomération,Hors intersection,Normale,Deux véhicules - côté,,,,,,,,,,,1,2,1,1,3
200600041351,0006-07-25 22:36:00,6,7,25,22,36,930,27,", BALZAC (RUE HONORE DE)",,,Nuit avec éclairage allumé,En agglomération,Hors intersection,Normale,Autre collision,,,,,,,,,,,5,2,1,1,6
200600041352,0006-07-27 05:45:00,6,7,27,5,45,930,27,VAILLANT-COUTURIER (AVEN,,,Crépuscule ou aube,En agglomération,Intersection en X,Pluie légère,Autre collision,,,,,,,,,,,2,2,2,2,6
200600041353,0006-07-27 21:30:00,6,7,27,21,30,930,13,", LECLERC (AVENU DE LA D",,,Plein jour,En agglomération,Hors intersection,Normale,Deux véhicules - arrière,,,,,,,,,,,1,2,1,1,2
200600041354,0006-07-01 09:05:00,6,7,1,9,5,930,29,HENRI BARBUSSE (AVE) N°2,,,Plein jour,En agglomération,Intersection en X,Normale,Autre collision,,,,,,,,,,,1,2,2,1,6
200600041355,0006-07-05 23:30:00,6,7,5,23,30,930,29,"164, HENRI BARBUSSE (AVE",,,Nuit avec éclairage allumé,En agglomération,Hors intersection,Normale,Autre collision,,,,,,,,,,,5,2,1,1,6
200600041356,0006-07-11 10:10:00,6,7,11,10,10,930,29,"82, HENRI BARBUSSE (AVE)",,,Plein jour,En agglomération,Hors intersection,Normale,Autre collision,,,,,,,,,,,1,2,1,1,6
200600041357,0006-07-17 16:20:00,6,7,17,16,20,930,29,"90, MARCEAU (AVENUE) N°",,,Plein jour,En agglomération,Hors intersection,Normale,Deux véhicules - arrière,,,,,,,,,,,1,2,1,1,2
200600041358,0006-07-19 07:20:00,6,7,19,7,20,930,29,"220, HENRI BARBUSSE (AVE",,,Plein jour,En agglomération,Hors intersection,Normale,Deux véhicules - arrière,,,,,,,,,,,1,2,1,1,2
200600041359,0006-07-20 18:10:00,6,7,20,18,10,930,29,"4, SADI CARNOT",,,Plein jour,En agglomération,Intersection en T,Normale,Autre collision,,,,,,,,,,,1,2,3,1,6
200600041360,0006-07-25 21:10:00,6,7,25,21,10,930,29,ROGER SALENGRO N° 02-92,,,Plein jour,En agglomération,Intersection en T,Normale,Deux véhicules - frontale,,,,,,,,,,,1,2,3,1,1
200600041361,0006-07-02 09:45:00,6,7,2,9,45,930,31,"28, FAUVEAU (AV)",,,Plein jour,En agglomération,Intersection en T,Normale,Autre collision,,,,,,,,,,,1,2,3,1,6
200600041362,0006-07-02 18:30:00,6,7,2,18,30,930,31,"31, CARRIERES (DES)",,,Plein jour,En agglomération,Hors intersection,Normale,Autre collision,,,,,,,,,,,1,2,1,1,6
200600041363,0006-07-03 16:55:00,6,7,3,16,55,930,31,"77, FELIX MERLIN",,,Plein jour,En agglomération,Intersection en T,Normale,Autre collision,,,,,,,,,,,1,2,3,1,6
200600041364,0006-07-04 12:50:00,6,7,4,12,50,930,31,"15, ALLENDE (AVENUE SALV",,,Plein jour,En agglomération,Hors intersection,Normale,Autre collision,,,,,,,,,,,1,2,1,1,6
200600041365,0006-07-04 12:20:00,6,7,4,12,20,930,31,"79, REPUBLIQUE (AVENUE)",,,Plein jour,En agglomération,Hors intersection,Autre,Autre collision,,,,,,,,,,,1,2,1,9,6
200600041366,0006-07-07 12:30:00,6,7,7,12,30,930,31,"0, YSER (DE L')",,,Plein jour,En agglomération,Intersection en T,Normale,Deux véhicules - côté,,,,,,,,,,,1,2,3,1,3
200600041367,0006-07-08 22:08:00,6,7,8,22,8,930,31,"0, REPUBLIQUE (AVENUE) 1",,,Nuit sans éclairage public,En agglomération,Intersection en Y,Normale,Deux véhicules - côté,,,,,,,,,,,3,2,4,1,3
200600041368,0006-07-09 04:40:00,6,7,9,4,40,930,31,"10, REPUBLIQUE (AVENUE)",,,Nuit avec éclairage allumé,En agglomération,Hors intersection,Normale,Autre collision,,,,,,,,,,,5,2,1,1,6
200600041369,0006-07-09 17:00:00,6,7,9,17,0,930,31,"14a, DIX HUIT JUIN 1940",,,Plein jour,En agglomération,Hors intersection,Normale,Autre collision,,,,,,,,,,,1,2,1,1,6
200600041370,0006-07-11 16:10:00,6,7,11,16,10,930,31,"47, FOCH (BOULEVARD)",,,Plein jour,En agglomération,Hors intersection,Normale,Autre collision,,,,,,,,,,,1,2,1,1,6
200600041371,0006-07-18 09:00:00,6,7,18,9,0,930,31,"0, DIX HUIT JUIN 1940 (A",,,Plein jour,En agglomération,Intersection en T,Normale,Deux véhicules - côté,,,,,,,,,,,1,2,3,1,3
200600041372,0006-07-18 17:55:00,6,7,18,17,55,930,31,"1, OBERURSEL (PLACE D')",,,Plein jour,En agglomération,Hors intersection,Normale,Autre collision,,,,,,,,,,,1,2,1,1,6
200600041373,0006-07-24 07:30:00,6,7,24,7,30,930,31,"5, SAINT LEU (ROUTE DE)",,,Plein jour,En agglomération,Passage à niveau,Normale,Sans collision,,,,,,,,,,,1,2,8,1,7
200600041374,0006-07-24 10:00:00,6,7,24,10,0,930,79,"13, SAINT LEU (ROUTE)",,,Plein jour,En agglomération,Hors intersection,Normale,Deux véhicules - côté,,,,,,,,,,,1,2,1,1,3
200600041375,0006-07-25 12:00:00,6,7,25,12,0,930,79,"212, DIVISION LECLERC (A",,,Plein jour,En agglomération,Hors intersection,Normale,Autre collision,,,,,,,,,,,1,2,1,1,6
200600041376,0006-07-30 03:00:00,6,7,30,3,0,930,31,"0, CHEVRETTE",,,Nuit avec éclairage allumé,En agglomération,Autre intersection,Normale,Autre collision,,,,,,,,,,,5,2,9,1,6
200600041377,0006-07-13 07:45:00,6,7,13,7,45,930,31,"29, DE LATTRE DE TASSIGN",,,Plein jour,En agglomération,Intersection en Y,Normale,Sans collision,,,,,,,,,,,1,2,4,1,7
200600041378,0006-07-01 15:35:00,6,7,1,15,35,930,47,PAUL CEZANNE  (AVENUE),,,Plein jour,En agglomération,Hors intersection,Normale,Deux véhicules - frontale,,,,,,,,,,,1,2,1,1,1
200600041379,0006-07-03 22:00:00,6,7,3,22,0,930,47,"47, HARDY  (BOULEVARD)",,,Crépuscule ou aube,En agglomération,Hors intersection,Normale,Deux véhicules - côté,,,,,,,,,,,2,2,1,1,3
200600041380,0006-07-08 19:40:00,6,7,8,19,40,930,32,"106, ROGER SALENGRO  (AV",,,Plein jour,Hors agglomération,Intersection en T,Normale,Deux véhicules - côté,,,,,,,,,,,1,1,3,1,3
200600041381,0006-07-15 20:40:00,6,7,15,20,40,930,32,"FACE 52, PAUL VAILLANT C",,,Crépuscule ou aube,En agglomération,Intersection en X,Temps éblouissant,Autre collision,,,,,,,,,,,2,2,2,7,6
200600041382,0006-07-19 08:50:00,6,7,19,8,50,930,32,"97, PAUL VAILLANT COUTUR",,,Plein jour,En agglomération,Intersection en X,Normale,Deux véhicules - côté,,,,,,,,,,,1,2,2,1,3
200600041383,0006-07-21 21:30:00,6,7,21,21,30,930,47,GENERAL DE GAULLE (RUE D,,,Crépuscule ou aube,En agglomération,Intersection en X,Normale,Deux véhicules - côté,,,,,,,,,,,2,2,2,1,3
200600041384,0006-07-22 21:20:00,6,7,22,21,20,930,47,"34, GENERAL DE GAULLE (R",,,Plein jour,En agglomération,Intersection en X,Normale,Sans collision,,,,,,,,,,,1,2,2,1,7
200600041385,0006-07-30 20:10:00,6,7,30,20,10,930,47,CHARMILLES (AVENUE DES),,,Plein jour,En agglomération,Intersection en X,Pluie légère,Deux véhicules - côté,,,,,,,,,,,1,2,2,2,3
200600041386,0006-07-30 18:30:00,6,7,30,18,30,930,32,CHENES (ALLEE DES),,,Plein jour,En agglomération,Intersection en Y,Normale,Autre collision,,,,,,,,,,,1,2,4,1,6
200600041387,0006-07-01 20:30:00,6,7,1,20,30,930,45,"4, VAILLANT AVENUE EDOUA",,,Plein jour,En agglomération,Intersection en Y,Normale,Deux véhicules - côté,,,,,,,,,,,1,2,4,1,3
200600041388,0006-07-04 12:50:00,6,7,4,12,50,930,45,"37/39, JUIN AVENUE DU MA",,,Plein jour,En agglomération,Hors intersection,Normale,Deux véhicules - côté,,,,,,,,,,,1,2,1,1,3
200600041389,0006-07-04 17:00:00,6,7,4,17,0,930,6,"26, GAL DE GAULLE AV. DU",,,Plein jour,En agglomération,Hors intersection,Pluie forte,Autre collision,,,,,,,,,,,1,2,1,3,6
200600041390,0006-07-09 16:20:00,6,7,9,16,20,930,63,"99, VERDUN AVENUE DE",,,Plein jour,En agglomération,Hors intersection,Normale,Autre collision,,,,,,,,,,,1,2,1,1,6
200600041391,0006-07-17 18:25:00,6,7,17,18,25,930,63,"110, VERDUN AVENUE DE",,,Plein jour,En agglomération,Hors intersection,Normale,Autre collision,,,,,,,,,,,1,2,1,1,6
200600041392,0006-07-19 13:30:00,6,7,19,13,30,930,6,"IGNORE, REPUBLIQUE AVENU",,,Plein jour,En agglomération,Intersection en X,Normale,Deux véhicules - côté,,,,,,,,,,,1,2,2,1,3
200600041393,0006-07-19 20:00:00,6,7,19,20,0,930,45,"83, PARIS RUE DE",,,Plein jour,En agglomération,Hors intersection,Normale,Deux véhicules - côté,,,,,,,,,,,1,2,1,1,3
200600041394,0006-07-22 15:25:00,6,7,22,15,25,930,45,PARIS RUE DE,,,Plein jour,En agglomération,Intersection en T,Normale,Deux véhicules - côté,,,,,,,,,,,1,2,3,1,3
200600041395,0006-07-22 18:00:00,6,7,22,18,0,930,63,ORMES RUE DES,,,Plein jour,En agglomération,Intersection en X,Normale,Deux véhicules - côté,,,,,,,,,,,1,2,2,1,3
200600041396,0006-07-27 20:00:00,6,7,27,20,0,930,6,REPUBLIQUE AVENUE DE LA,,,Plein jour,En agglomération,Intersection en X,Normale,Trois véhicules et plus - collisions multiples,,,,,,,,,,,1,2,2,1,5
200600041397,0006-07-28 09:35:00,6,7,28,9,35,930,6,"193, GAMBETTA AV.",,,Plein jour,En agglomération,Intersection en T,Normale,Deux véhicules - côté,,,,,,,,,,,1,2,3,1,3
200600041398,0006-07-29 00:01:00,6,7,29,0,1,930,63,ROSENFELD AVENUE DU DOCT,,,Nuit avec éclairage allumé,En agglomération,Intersection en X,Normale,Deux véhicules - côté,,,,,,,,,,,5,2,2,1,3
200600041399,0006-07-30 21:50:00,6,7,30,21,50,930,61,"IGNORE, GUTENBERG RUE",,,Nuit avec éclairage allumé,En agglomération,Intersection en X,Normale,Deux véhicules - côté,,,,,,,,,,,5,2,2,1,3
200600041400,0006-07-01 10:48:00,6,7,1,10,48,930,74,"105, MEAUX RUE DE",,,Plein jour,En agglomération,Hors intersection,Normale,Deux véhicules - arrière,,,,,,,,,,,1,2,1,1,2
200600041401,0006-07-01 16:55:00,6,7,1,16,55,930,46,"137, ARISTIDE BRIAND AVE",,,Plein jour,En agglomération,Hors intersection,Normale,Deux véhicules - côté,,,,,,,,,,,1,2,1,1,3
200600041402,0006-07-04 14:10:00,6,7,4,14,10,930,46,"FACE AU 35, MARECHAL LEC",,,Plein jour,En agglomération,Hors intersection,Normale,Deux véhicules - arrière,,,,,,,,,,,1,2,1,1,2
200600041403,0006-07-10 14:40:00,6,7,10,14,40,930,46,EUROPE BOULEVARD DE L',,,Plein jour,En agglomération,Intersection en X,Normale,Deux véhicules - côté,,,,,,,,,,,1,2,2,1,3
200600041404,0006-07-20 12:10:00,6,7,20,12,10,930,46,"38, MARECHAL LECLERC AVE",,,Plein jour,En agglomération,Hors intersection,Normale,Autre collision,,,,,,,,,,,1,2,1,1,6
200600041405,0006-07-01 09:30:00,6,7,1,9,30,930,48,"5, EUGENE VARLIN (RUE)",,,Plein jour,En agglomération,Hors intersection,Normale,Autre collision,,,,,,,,,,,1,2,1,1,6
200600041406,0006-07-01 19:35:00,6,7,1,19,35,930,48,"99, PARIS (RUE DE)",,,Plein jour,En agglomération,Hors intersection,Normale,Deux véhicules - côté,,,,,,,,,,,1,2,1,1,3
200600041407,0006-07-02 19:45:00,6,7,2,19,45,930,48,"47, BOISSIERE (BOULEVARD",,,Plein jour,En agglomération,Hors intersection,Normale,Deux véhicules - côté,,,,,,,,,,,1,2,1,1,3
200600041408,0006-07-03 13:00:00,6,7,3,13,0,930,48,CHANZY (BOULEVARD),,,Plein jour,En agglomération,Hors intersection,Normale,Deux véhicules - côté,,,,,,,,,,,1,2,1,1,3
200600041409,0006-07-05 15:45:00,6,7,5,15,45,930,48,"16, ARISTIDE BRIAND S2 (",,,Plein jour,En agglomération,Hors intersection,Normale,Autre collision,,,,,,,,,,,1,2,1,1,6
200600041410,0006-07-07 00:30:00,6,7,7,0,30,930,48,HENRI WALLON (RUE),,,Nuit avec éclairage allumé,En agglomération,Intersection en X,Pluie légère,Autre collision,,,,,,,,,,,5,2,2,2,6
200600041411,0006-07-07 15:20:00,6,7,7,15,20,930,48,"50, RESISTANCE (AVENUE D",,,Plein jour,En agglomération,Hors intersection,Normale,Deux véhicules - arrière,,,,,,,,,,,1,2,1,1,2
200600041412,0006-07-13 19:45:00,6,7,13,19,45,930,48,EPERNONS (RUE DES),,,Plein jour,En agglomération,Intersection en X,Normale,Deux véhicules - côté,,,,,,,,,,,1,2,2,1,3
200600041413,0006-07-15 14:00:00,6,7,15,14,0,930,48,"172, RUFFINS (RUE DES)",,,Plein jour,En agglomération,Intersection en T,Normale,Autre collision,,,,,,,,,,,1,2,3,1,6
200600041414,0006-07-18 18:00:00,6,7,18,18,0,930,48,GABRIEL PERI (AVENUE),,,Plein jour,En agglomération,Hors intersection,Normale,Deux véhicules - côté,,,,,,,,,,,1,2,1,1,3
200600041415,0006-07-19 18:30:00,6,7,19,18,30,930,48,"285 BIS, VICTOR HUGO S5",,,Plein jour,En agglomération,Hors intersection,Normale,Autre collision,,,,,,,,,,,1,2,1,1,6
200600041416,0006-07-20 16:45:00,6,7,20,16,45,930,48,"80, RESISTANCE (AVENUE D",,,Plein jour,En agglomération,Hors intersection,Normale,Deux véhicules - arrière,,,,,,,,,,,1,2,1,1,2
200600041417,0006-07-23 23:15:00,6,7,23,23,15,930,48,"1, GAMBETTA (RUE)",,,Nuit avec éclairage allumé,En agglomération,Hors intersection,Normale,Deux véhicules - côté,,,,,,,,,,,5,2,1,1,3
200600041418,0006-07-26 15:15:00,6,7,26,15,15,930,48,"74/80, CHANZY (BOULEVARD",,,Plein jour,En agglomération,Hors intersection,Normale,Deux véhicules - arrière,,,,,,,,,,,1,2,1,1,2
200600041419,0006-07-03 08:45:00,6,7,3,8,45,930,50,"44, MAISON BLANCHE (AVEN",,,Plein jour,En agglomération,Hors intersection,Normale,Autre collision,,,,,,,,,,,1,2,1,1,6
200600041420,0006-07-17 12:50:00,6,7,17,12,50,930,50,PAUL ET CAMILLE THOMOUX,,,Plein jour,En agglomération,Intersection en X,Normale,Deux véhicules - arrière,,,,,,,,,,,1,2,2,1,2
200600041421,0006-07-17 15:50:00,6,7,17,15,50,930,49,"17, POULET LANGLET (RUE)",,,Plein jour,En agglomération,Intersection à plus de 4 branches,Normale,Deux véhicules - côté,,,,,,,,,,,1,2,5,1,3
200600041422,0006-07-21 18:05:00,6,7,21,18,5,930,50,"97, PAUL ET CAMILLE THOM",,,Plein jour,En agglomération,Hors intersection,Normale,Trois véhicules et plus - collisions multiples,,,,,,,,,,,1,2,1,1,5
200600041423,0006-07-31 08:15:00,6,7,31,8,15,930,50,"143 ter, PAUL ET CAMILLE",,,Plein jour,En agglomération,Intersection en X,Normale,Deux véhicules - arrière,,,,,,,,,,,1,2,2,1,2
200600041424,0006-07-04 16:45:00,6,7,4,16,45,930,51,"44, MARECHAL FOCH (BOULE",,,Plein jour,En agglomération,Hors intersection,Normale,Autre collision,,,,,,,,,,,1,2,1,1,6
200600041425,0006-07-11 19:45:00,6,7,11,19,45,930,33,"135, HERMANN REGNIER",,,Plein jour,En agglomération,Hors intersection,Normale,Deux véhicules - frontale,,,,,,,,,,,1,2,1,1,1
200600041426,0006-07-19 15:25:00,6,7,19,15,25,930,51,"12, HAUTS ROSEAUX",,,Plein jour,En agglomération,Intersection en T,Normale,Autre collision,,,,,,,,,,,1,2,3,1,6
200600041427,0006-07-28 12:05:00,6,7,28,12,5,930,51,"188, PIERRE BROSSOLETTE",,,Plein jour,En agglomération,Intersection en T,Normale,Sans collision,,,,,,,,,,,1,2,3,1,7
200600041428,0006-07-27 12:20:00,6,7,27,12,20,930,51,PAVE NEUF (AVENUE),,,Plein jour,En agglomération,Intersection en T,Normale,Deux véhicules - côté,,,,,,,,,,,1,2,3,1,3