accident_id,datetime,annee,mois,jour,heure,minute,departement,commune_insee,adresse,latitude,longitude,luminosite,agglomeration,intersection,meteo,collision,nb_vehicules,nb_usagers,nb_indemnes,nb_tues,nb_blesses_hosp,nb_blesses_legers,age_cond_1,age_cond_2,veh_type_cond_1,veh_type_cond_2,lum_code,agg_code,int_code,atm_code,col_code
200600041429,0006-07-17 11:05:00,6,7,17,11,5,930,53,"180, BREMENT (RUE DE) 10",,,Plein jour,En agglomération,Hors intersection,Normale,Deux véhicules - arrière,,,,,,,,,,,1,2,1,1,2
200600041430,0006-07-22 20:00:00,6,7,22,20,0,930,53,"249, GABRIEL PERI (BLD)",,,Plein jour,En agglomération,Autre intersection,Pluie légère,Deux véhicules - arrière,,,,,,,,,,,1,2,9,2,2
200600041431,0006-07-25 18:25:00,6,7,25,18,25,930,53,"31, HENRI BARBUSSE (RUE)",,,Plein jour,En agglomération,Hors intersection,Normale,Autre collision,,,,,,,,,,,1,2,1,1,6
200600041432,0006-07-26 17:20:00,6,7,26,17,20,930,53,"198, PARIS (RUE DE)",,,Plein jour,En agglomération,Intersection à plus de 4 branches,Normale,Deux véhicules - côté,,,,,,,,,,,1,2,5,1,3
200600041433,0006-07-27 20:20:00,6,7,27,20,20,930,53,"6, PARC (RUE DU)",,,Plein jour,En agglomération,Hors intersection,Normale,Autre collision,,,,,,,,,,,1,2,1,1,6
200600041434,0006-07-29 12:25:00,6,7,29,12,25,930,53,PARC (RUE DU),,,Plein jour,En agglomération,Autre intersection,Normale,Deux véhicules - côté,,,,,,,,,,,1,2,9,1,3
200600041435,0006-07-01 06:45:00,6,7,1,6,45,930,55,"171, JEAN LOLIVE (AVENUE",,,Plein jour,En agglomération,Intersection en T,Normale,Deux véhicules - arrière,,,,,,,,,,,1,2,3,1,2
200600041436,0006-07-05 23:05:00,6,7,5,23,5,930,55,JEAN LOLIVE (AVENUE)(137,,,Nuit avec éclairage allumé,En agglomération,Intersection en T,Normale,Deux véhicules - côté,,,,,,,,,,,5,2,3,1,3
200600041437,0006-07-06 17:30:00,6,7,6,17,30,930,55,"96, JEAN JAURES (AVENUE)",,,Plein jour,En agglomération,Hors intersection,Normale,Deux véhicules - frontale,,,,,,,,,,,1,2,1,1,1
200600041438,0006-07-11 13:25:00,6,7,11,13,25,930,55,GENERAL LECLERC(AVE DU)8,,,Plein jour,En agglomération,Intersection en T,Normale,Deux véhicules - côté,,,,,,,,,,,1,2,3,1,3
200600041439,0006-07-19 14:35:00,6,7,19,14,35,930,55,"170, JEAN LOLIVE (AVENUE",,,Plein jour,En agglomération,Intersection en T,Normale,Deux véhicules - côté,,,,,,,,,,,1,2,3,1,3
200600041440,0006-07-28 19:00:00,6,7,28,19,0,930,55,"126, GENERAL LECLERC(AVE",,,Plein jour,En agglomération,Hors intersection,Normale,Deux véhicules - côté,,,,,,,,,,,1,2,1,1,3
200600041441,0006-07-26 08:35:00,6,7,26,8,35,930,55,"1, HOCHE",,,Plein jour,En agglomération,Hors intersection,Normale,Autre collision,,,,,,,,,,,1,2,1,1,6
200600041442,0006-07-01 23:40:00,6,7,1,23,40,930,62,"0, THIERS (ROND POINT)",,,Nuit avec éclairage allumé,En agglomération,Giratoire,Normale,Autre collision,,,,,,,,,,,5,2,6,1,6
200600041443,0006-07-02 18:30:00,6,7,2,18,30,930,62,"45, THIERS (AVENUE)",,,Plein jour,En agglomération,Hors intersection,Normale,Autre collision,,,,,,,,,,,1,2,1,1,6
200600041444,0006-07-03 18:30:00,6,7,3,18,30,930,62,"10, SAPINS (ALLEE DES)",,,Plein jour,En agglomération,Intersection en X,Normale,Deux véhicules - arrière,,,,,,,,,,,1,2,2,1,2
200600041445,0006-07-22 11:10:00,6,7,22,11,10,930,62,"55, MIDI (BOULEVARD DU)",,,Plein jour,En agglomération,Giratoire,Normale,Deux véhicules - arrière,,,,,,,,,,,1,2,6,1,2
200600041446,0006-07-24 20:00:00,6,7,24,20,0,930,14,"1, ANATOLE FRANCE (ALLEE",,,Plein jour,En agglomération,Hors intersection,Normale,Autre collision,,,,,,,,,,,1,2,1,1,6
200600041447,0006-07-26 04:30:00,6,7,26,4,30,930,62,"20, RESISTANCE (AVENUE D",,,Nuit avec éclairage allumé,En agglomération,Hors intersection,Normale,Autre collision,,,,,,,,,,,5,2,1,1,6
200600041448,0006-07-29 00:45:00,6,7,29,0,45,930,14,"24, CHAPELLE (ALLEE DE L",,,Nuit avec éclairage allumé,En agglomération,Hors intersection,Normale,Autre collision,,,,,,,,,,,5,2,1,1,6
200600041449,0006-07-10 13:15:00,6,7,10,13,15,930,64,"00, DE GAULLE (AV DU GEN",,,Plein jour,En agglomération,Hors intersection,Normale,Deux véhicules - arrière,,,,,,,,,,,1,2,1,1,2
200600041450,0006-07-12 14:10:00,6,7,12,14,10,930,64,"143, LECLERC (RUE DU GEN",,,Plein jour,En agglomération,Hors intersection,Normale,Deux véhicules - côté,,,,,,,,,,,1,2,1,1,3
200600041451,0006-07-12 19:20:00,6,7,12,19,20,930,77,"12, FOSSE AUX BERGERS (R",,,Plein jour,En agglomération,Hors intersection,Normale,Deux véhicules - arrière,,,,,,,,,,,1,2,1,1,2
200600041452,0006-07-14 15:50:00,6,7,14,15,50,930,64,"00, ALSACE-LORRAINE (BOU",,,Plein jour,En agglomération,Hors intersection,Normale,Deux véhicules - côté,,,,,,,,,,,1,2,1,1,3
200600041453,0006-07-16 23:10:00,6,7,16,23,10,930,77,"37, ROSNY (AVENUE DE)",,,Nuit avec éclairage allumé,En agglomération,Hors intersection,Normale,Deux véhicules - côté,,,,,,,,,,,5,2,1,1,3
200600041454,0006-07-17 12:50:00,6,7,17,12,50,930,77,"00, OUTREBON (AVENUE)",,,Plein jour,En agglomération,Hors intersection,Normale,Trois véhicules et plus - en chaîne,,,,,,,,,,,1,2,1,1,4
200600041455,0006-07-17 21:30:00,6,7,17,21,30,930,77,"129, GRANDE RUE  18 / FI",,,Nuit avec éclairage allumé,En agglomération,Intersection en X,Normale,Deux véhicules - frontale,,,,,,,,,,,5,2,2,1,1
200600041456,0006-07-02 23:00:00,6,7,2,23,0,930,66,"120, WILSON (AVENUE DU P",,,Nuit avec éclairage allumé,En agglomération,Hors intersection,Normale,Deux véhicules - côté,,,,,,,,,,,5,2,1,1,3
200600041457,0006-07-03 11:50:00,6,7,3,11,50,930,66,"21, LEGION D'HONNEUR",,,Plein jour,En agglomération,Autre intersection,Normale,Autre collision,,,,,,,,,,,1,2,9,1,6
200600041458,0006-07-04 13:55:00,6,7,4,13,55,930,66,CROISAT AMBROISE RD 29 B,,,Plein jour,En agglomération,Hors intersection,Temps éblouissant,Trois véhicules et plus - en chaîne,,,,,,,,,,,1,2,1,7,4
200600041459,0006-07-04 21:35:00,6,7,4,21,35,930,66,LENINE (AVENUE) NR 28 A,,,Plein jour,En agglomération,Hors intersection,Normale,Autre collision,,,,,,,,,,,1,2,1,1,6
200600041460,0006-07-05 00:01:00,6,7,5,0,1,930,66,VAILLANT COUTURIER PAUL,,,Nuit avec éclairage allumé,En agglomération,Hors intersection,Normale,Autre collision,,,,,,,,,,,5,2,1,1,6
200600041461,0006-07-06 12:50:00,6,7,6,12,50,930,66,"3, ""PERI GABRIEL, NR 2",,,Plein jour,En agglomération,Hors intersection,Normale,Deux véhicules - côté,,,,,,,,,,,1,2,1,1,3
200600041462,0006-07-06 14:00:00,6,7,6,14,0,930,66,"30, LEGION D'HONNEUR",,,Plein jour,En agglomération,Intersection en Y,Normale,Autre collision,,,,,,,,,,,1,2,4,1,6
200600041463,0006-07-07 18:45:00,6,7,7,18,45,930,66,"31, FRANCE ANATOLE (BOUL",,,Plein jour,En agglomération,Hors intersection,Normale,Autre collision,,,,,,,,,,,1,2,1,1,6
200600041464,0006-07-08 19:25:00,6,7,8,19,25,930,66,"51, ""SEMBAT MARCEL (BD),",,,Plein jour,En agglomération,Intersection en X,Normale,Autre collision,,,,,,,,,,,1,2,2,1,6
200600041465,0006-07-09 11:20:00,6,7,9,11,20,930,66,"51, LIBERATION RD14 (BOU",,,Plein jour,En agglomération,Hors intersection,Temps couvert,Autre collision,,,,,,,,,,,1,2,1,8,6
200600041466,0006-07-10 19:20:00,6,7,10,19,20,930,66,CACHIN MARCEL,,,Plein jour,En agglomération,Intersection en X,Normale,Deux véhicules - côté,,,,,,,,,,,1,2,2,1,3
200600041467,0006-07-12 14:20:00,6,7,12,14,20,930,66,MITERRAND FRANCOIS (AVEN,,,Plein jour,En agglomération,Hors intersection,Normale,Deux véhicules - arrière,,,,,,,,,,,1,2,1,1,2
200600041468,0006-07-12 22:50:00,6,7,12,22,50,930,66,"""STRASBOURG, NR 36 ET SU",,,Nuit avec éclairage allumé,En agglomération,Intersection à plus de 4 branches,Normale,Deux véhicules - côté,,,,,,,,,,,5,2,5,1,3
200600041469,0006-07-13 10:40:00,6,7,13,10,40,930,66,"""PERI GABRIEL, NR 2  A 1",,,Plein jour,En agglomération,Hors intersection,Normale,Deux véhicules - côté,,,,,,,,,,,1,2,1,1,3
200600041470,0006-07-13 15:50:00,6,7,13,15,50,930,66,STADE DE FRANCE (AVENUE,,,Plein jour,En agglomération,Intersection en T,Temps éblouissant,Deux véhicules - côté,,,,,,,,,,,1,2,3,7,3
200600041471,0006-07-14 20:35:00,6,7,14,20,35,930,66,JAURES JEAN,,,Plein jour,En agglomération,Hors intersection,Normale,Autre collision,,,,,,,,,,,1,2,1,1,6
200600041472,0006-07-16 20:30:00,6,7,16,20,30,930,66,"143, ""PERI GABRIEL, NR 1",,,Plein jour,En agglomération,Hors intersection,Normale,Autre collision,,,,,,,,,,,1,2,1,1,6
200600041473,0006-07-18 09:00:00,6,7,18,9,0,930,66,"34, ""STRASBOURG, NR 1 A",,,Plein jour,En agglomération,Hors intersection,Normale,Autre collision,,,,,,,,,,,1,2,1,1,6
200600041474,0006-07-19 09:30:00,6,7,19,9,30,930,66,JOLIOT CURIE IRENE ET FR,,,Plein jour,En agglomération,Hors intersection,Normale,Autre collision,,,,,,,,,,,1,2,1,1,6
200600041475,0006-07-19 18:45:00,6,7,19,18,45,930,39,"36, JAURES JEAN (AVENUE)",,,Plein jour,En agglomération,Hors intersection,Normale,Autre collision,,,,,,,,,,,1,2,1,1,6
200600041476,0006-07-20 02:35:00,6,7,20,2,35,930,66,"23, LEGION D'HONNEUR",,,Nuit avec éclairage allumé,En agglomération,Hors intersection,Pluie légère,Autre collision,,,,,,,,,,,5,2,1,2,6
200600041477,0006-07-21 17:00:00,6,7,21,17,0,930,39,CHATELIER (QUAI DU ),,,Plein jour,En agglomération,Hors intersection,Normale,Sans collision,,,,,,,,,,,1,2,1,1,7
200600041478,0006-07-24 21:10:00,6,7,24,21,10,930,66,GARENNE,,,Crépuscule ou aube,En agglomération,Intersection en X,Normale,Deux véhicules - côté,,,,,,,,,,,2,2,2,1,3
200600041479,0006-07-25 17:30:00,6,7,25,17,30,930,66,"72, ""STALINGRAND (AV), N",,,Plein jour,Hors agglomération,Hors intersection,Normale,Deux véhicules - côté,,,,,,,,,,,1,1,1,1,3
200600041480,0006-07-26 00:01:00,6,7,26,0,1,930,66,MOULIN JEAN (AVENUE) NR,,,Nuit avec éclairage allumé,En agglomération,Intersection en Y,Normale,Sans collision,,,,,,,,,,,5,2,4,1,7
200600041481,0006-07-27 22:50:00,6,7,27,22,50,930,66,BRISE ECHALAS,,,Nuit avec éclairage allumé,En agglomération,Hors intersection,Normale,Autre collision,,,,,,,,,,,5,2,1,1,6
200600041482,0006-07-28 19:00:00,6,7,28,19,0,930,66,"30, LEGION D'HONNEUR",,,Plein jour,En agglomération,Hors intersection,Normale,Autre collision,,,,,,,,,,,1,2,1,1,6
200600041483,0006-07-31 10:50:00,6,7,31,10,50,930,66,"34, ""STRASBOURG, NR 1 A",,,Plein jour,En agglomération,Hors intersection,Normale,Autre collision,,,,,,,,,,,1,2,1,1,6
200600041484,0006-07-02 14:15:00,6,7,2,14,15,930,70,REPUBLIQUE (PL DE LA),,,Plein jour,En agglomération,Hors intersection,Normale,Deux véhicules - côté,,,,,,,,,,,1,2,1,1,3
200600041485,0006-07-09 14:10:00,6,7,9,14,10,930,70,GABRIEL-PERI (AV),,,Plein jour,En agglomération,Intersection en T,Normale,Autre collision,,,,,,,,,,,1,2,3,1,6
200600041486,0006-07-10 11:20:00,6,7,10,11,20,930,70,"41, ALBERT-DHALENNE (RUE",,,Plein jour,En agglomération,Hors intersection,Normale,Deux véhicules - côté,,,,,,,,,,,1,2,1,1,3
200600041487,0006-07-13 21:40:00,6,7,13,21,40,930,70,"6, VOLTAIRE(RUE)",,,Crépuscule ou aube,En agglomération,Hors intersection,Normale,Autre collision,,,,,,,,,,,2,2,1,1,6
200600041488,0006-07-14 19:45:00,6,7,14,19,45,930,70,MATHIEU(RUE),,,Plein jour,En agglomération,Hors intersection,Normale,Autre collision,,,,,,,,,,,1,2,1,1,6
200600041489,0006-07-30 17:20:00,6,7,30,17,20,930,70,", VICTOR-HUGO (BD)",,,Plein jour,En agglomération,Intersection en T,Pluie légère,Deux véhicules - arrière,,,,,,,,,,,1,2,3,2,2
200600041490,0006-07-04 16:55:00,6,7,4,16,55,930,71,"31, GENERAL LECLERC (AVE",,,Plein jour,En agglomération,Hors intersection,Normale,Trois véhicules et plus - en chaîne,,,,,,,,,,,1,2,1,1,4
200600041491,0006-07-13 08:45:00,6,7,13,8,45,930,71,"0, 19 MARS 1962 (CARREFO",,,Plein jour,En agglomération,Intersection en X,Normale,Trois véhicules et plus - collisions multiples,,,,,,,,,,,1,2,2,1,5
200600041492,0006-07-25 19:15:00,6,7,25,19,15,930,71,"0000000, JOHN F. KENNEDY",,,Plein jour,En agglomération,Hors intersection,Normale,Trois véhicules et plus - en chaîne,,,,,,,,,,,1,2,1,1,4
200600041493,0006-07-27 14:00:00,6,7,27,14,0,930,71,GABRIEL PERI (RUE),,,Plein jour,En agglomération,Intersection en T,Normale,Deux véhicules - côté,,,,,,,,,,,1,2,3,1,3
200600041494,0006-07-27 16:30:00,6,7,27,16,30,930,71,WESTINGHOUSE (BOULEVARD),,,Plein jour,En agglomération,Intersection en X,Normale,Deux véhicules - côté,,,,,,,,,,,1,2,2,1,3
200600041495,0006-07-28 12:25:00,6,7,28,12,25,930,71,COMMANDANT CHARCOT (AVEN,,,Plein jour,En agglomération,Hors intersection,Normale,Autre collision,,,,,,,,,,,1,2,1,1,6
200600041496,0006-07-28 19:45:00,6,7,28,19,45,930,71,", WESTINGHOUSE (BOULEVAR",,,Plein jour,En agglomération,Intersection en X,Normale,Deux véhicules - côté,,,,,,,,,,,1,2,2,1,3
200600041497,0006-07-30 18:40:00,6,7,30,18,40,930,71,JEAN MOULIN (AVENUE),,,Plein jour,En agglomération,Intersection en X,Pluie légère,Deux véhicules - côté,,,,,,,,,,,1,2,2,2,3
200600041498,0006-07-12 12:50:00,6,7,12,12,50,930,72,PAUL VAILLANT COUTURIER,,,Plein jour,En agglomération,Hors intersection,Normale,Sans collision,,,,,,,,,,,1,2,1,1,7
200600041499,0006-07-06 23:05:00,6,7,6,23,5,930,59,"00, AMIENS (RUE D') N° 1",,,Nuit avec éclairage allumé,En agglomération,Intersection en T,Temps couvert,Deux véhicules - côté,,,,,,,,,,,5,2,3,8,3
200600041500,0006-07-25 20:30:00,6,7,25,20,30,930,72,", ALBERT MOREAU (RUE) DU",,,Plein jour,En agglomération,Intersection en X,Normale,Deux véhicules - frontale,,,,,,,,,,,1,2,2,1,1
200600041501,0006-07-27 17:07:00,6,7,27,17,7,930,59,"76, LENINE (AVENUE) N°36",,,Plein jour,En agglomération,Autre intersection,Normale,Deux véhicules - côté,,,,,,,,,,,1,2,9,1,3
200600041502,0006-07-14 00:10:00,6,7,14,0,10,930,59,AMIENS (RUE D') N° 02 AU,,,Nuit avec éclairage allumé,En agglomération,Intersection en T,Normale,Deux véhicules - côté,,,,,,,,,,,5,2,3,1,3
200600041503,0006-07-15 15:15:00,6,7,15,15,15,930,59,ARMAND BRETTE (RUE),,,Plein jour,En agglomération,Hors intersection,Normale,Deux véhicules - côté,,,,,,,,,,,1,2,1,1,3
200600041504,0006-07-20 12:05:00,6,7,20,12,5,930,59,NUNGESSER ET COLI (AVENU,,,Plein jour,En agglomération,Intersection en T,Temps éblouissant,Deux véhicules - côté,,,,,,,,,,,1,2,3,7,3
200600041505,0006-07-31 17:30:00,6,7,31,17,30,930,72,"48, KLEBER ALBOUY (RUE)",,,Plein jour,En agglomération,Intersection en T,Normale,Deux véhicules - côté,,,,,,,,,,,1,2,3,1,3
200600041506,0006-07-04 08:50:00,6,7,4,8,50,930,78,PLAINE (AVENUE DE LA),,,Plein jour,En agglomération,Intersection en X,Normale,Deux véhicules - côté,,,,,,,,,,,1,2,2,1,3
200600041507,0006-07-04 14:30:00,6,7,4,14,30,930,73,"5, SIXIEME (AVENUE)",,,Plein jour,En agglomération,Intersection à plus de 4 branches,Normale,Deux véhicules - côté,,,,,,,,,,,1,2,5,1,3
200600041508,0006-07-05 11:35:00,6,7,5,11,35,930,78,BALLANGER (BD ROBERT),,,Plein jour,En agglomération,Hors intersection,Normale,Deux véhicules - arrière,,,,,,,,,,,1,2,1,1,2
200600041509,0006-07-10 08:35:00,6,7,10,8,35,930,73,VAILLANT (BOULEVARD CHAR,,,Plein jour,En agglomération,Hors intersection,Normale,Autre collision,,,,,,,,,,,1,2,1,1,6
200600041510,0006-07-10 18:25:00,6,7,10,18,25,930,78,BALLANGER (BD ROBERT),,,Plein jour,En agglomération,Hors intersection,Normale,Deux véhicules - côté,,,,,,,,,,,1,2,1,1,3
200600041511,0006-07-11 11:30:00,6,7,11,11,30,930,78,DE GAULLE (AVENUE CHARLE,,,Plein jour,En agglomération,Hors intersection,Normale,Sans collision,,,,,,,,,,,1,2,1,1,7
200600041512,0006-07-14 16:50:00,6,7,14,16,50,930,78,BALLANGER (BD ROBERT),,,Plein jour,En agglomération,Hors intersection,Normale,Deux véhicules - côté,,,,,,,,,,,1,2,1,1,3
200600041513,0006-07-22 13:40:00,6,7,22,13,40,930,78,CLEMENCEAU (AVENUE GEORG,,,Plein jour,En agglomération,Intersection en X,Normale,Deux véhicules - côté,,,,,,,,,,,1,2,2,1,3
200600041514,0006-07-28 18:30:00,6,7,28,18,30,930,78,CLEMENCEAU (AVENUE GEORG,,,Plein jour,En agglomération,Intersection en X,Normale,Deux véhicules - côté,,,,,,,,,,,1,2,2,1,3
200600041515,0006-07-02 19:50:00,6,7,2,19,50,940,2,VAILLANT COUTURIER (R),,,Plein jour,En agglomération,Intersection en T,Normale,Sans collision,,,,,,,,,,,1,2,3,1,7
200600041516,0006-07-03 20:33:00,6,7,3,20,33,940,2,VAILLANT COUTURIER (R),,,Crépuscule ou aube,En agglomération,Intersection en X,Normale,Trois véhicules et plus - collisions multiples,,,,,,,,,,,2,2,2,1,5
200600041517,0006-07-05 23:00:00,6,7,5,23,0,940,2,CARNOT (BD),,,Nuit avec éclairage allumé,En agglomération,Intersection en T,Normale,Sans collision,,,,,,,,,,,5,2,3,1,7
200600041518,0006-07-06 13:35:00,6,7,6,13,35,940,2,JEAN BAPTISTE CLEMENT (Q,,,Plein jour,En agglomération,Intersection en X,Normale,Deux véhicules - côté,,,,,,,,,,,1,2,2,1,3
200600041519,0006-07-08 08:50:00,6,7,8,8,50,940,2,"2, ALFORTVILLE (DIG D)",,,Plein jour,En agglomération,Hors intersection,Pluie légère,Deux véhicules - frontale,,,,,,,,,,,1,2,1,2,1
200600041520,0006-07-13 16:00:00,6,7,13,16,0,940,2,"35, GENERAL CHARLES DE G",,,Plein jour,En agglomération,Hors intersection,Normale,Deux véhicules - côté,,,,,,,,,,,1,2,1,1,3
200600041521,0006-07-18 10:50:00,6,7,18,10,50,940,2,BLANQUI (QU),,,Plein jour,En agglomération,Intersection en X,Normale,Deux véhicules - côté,,,,,,,,,,,1,2,2,1,3
200600041522,0006-07-21 18:25:00,6,7,21,18,25,940,2,EMILE ZOLA (R),,,Plein jour,En agglomération,Intersection en X,Normale,Trois véhicules et plus - collisions multiples,,,,,,,,,,,1,2,2,1,5
200600041523,0006-07-27 13:02:00,6,7,27,13,2,940,2,"0, JEAN BAPTISTE CLEMENT",,,Plein jour,En agglomération,Intersection en X,Normale,Deux véhicules - côté,,,,,,,,,,,1,2,2,1,3
200600041524,0006-07-28 14:10:00,6,7,28,14,10,940,2,BLANQUI (QU),,,Plein jour,En agglomération,Intersection en X,Normale,Deux véhicules - côté,,,,,,,,,,,1,2,2,1,3
200600041525,0006-07-04 12:30:00,6,7,4,12,30,940,56,"0, VARENNE (R DE)",,,Plein jour,En agglomération,Intersection en X,Normale,Deux véhicules - côté,,,,,,,,,,,1,2,2,1,3
200600041526,0006-07-03 15:10:00,6,7,3,15,10,940,44,"0, VERDUN (AV DE)",,,Plein jour,Hors agglomération,Hors intersection,Normale,Deux véhicules - arrière,,,,,,,,,,,1,1,1,1,2
200600041527,0006-07-04 19:50:00,6,7,4,19,50,940,44,"0, GABRIEL PERI (AV)",,,Plein jour,En agglomération,Hors intersection,Pluie légère,Deux véhicules - côté,,,,,,,,,,,1,2,1,2,3
200600041528,0006-07-05 09:20:00,6,7,5,9,20,940,44,"0, HUIT MAI 1945 (AV DU)",,,Plein jour,En agglomération,Intersection en X,Normale,Deux véhicules - côté,,,,,,,,,,,1,2,2,1,3
200600041529,0006-07-06 19:15:00,6,7,6,19,15,940,4,"0, GENERAL LECLERC (AV D",,,Plein jour,En agglomération,Hors intersection,Normale,Deux véhicules - arrière,,,,,,,,,,,1,2,1,1,2
200600041530,0006-07-08 05:30:00,6,7,8,5,30,940,47,"26, GENERAL LECLERC (R)",,,Nuit avec éclairage allumé,En agglomération,Hors intersection,Normale,Deux véhicules - arrière,,,,,,,,,,,5,2,1,1,2
200600041531,0006-07-15 15:15:00,6,7,15,15,15,940,70,"0, PARIS (RTE DE)",,,Plein jour,En agglomération,Intersection en T,Normale,Deux véhicules - côté,,,,,,,,,,,1,2,3,1,3
200600041532,0006-07-19 14:40:00,6,7,19,14,40,940,56,BRIE COMTE ROBERT (RTE D,,,Plein jour,En agglomération,Intersection en X,Normale,Deux véhicules - côté,,,,,,,,,,,1,2,2,1,3
200600041533,0006-07-26 10:30:00,6,7,26,10,30,940,71,"0, SABLIERE (AV DE LA)",,,Plein jour,En agglomération,Hors intersection,Normale,Deux véhicules - côté,,,,,,,,,,,1,2,1,1,3
200600041534,0006-07-28 16:30:00,6,7,28,16,30,940,4,"00, GENERAL LECLERC (AV)",,,Plein jour,En agglomération,Hors intersection,Normale,Sans collision,,,,,,,,,,,1,2,1,1,7
200600041535,0006-07-25 15:00:00,6,7,25,15,0,940,4,"00, GENERAL LECLERC (AV",,,Plein jour,Hors agglomération,Hors intersection,Normale,Deux véhicules - arrière,,,,,,,,,,,1,1,1,1,2
200600041536,0006-07-01 15:50:00,6,7,1,15,50,940,17,PLESSIS TREVISE (R DU),,,Plein jour,En agglomération,Intersection en X,Temps éblouissant,Deux véhicules - côté,,,,,,,,,,,1,2,2,7,3
200600041537,0006-07-05 01:20:00,6,7,5,1,20,940,17,François Mittérrand (ave,,,Nuit avec éclairage allumé,En agglomération,Giratoire,Normale,Autre collision,,,,,,,,,,,5,2,6,1,6
200600041538,0006-07-05 14:20:00,6,7,5,14,20,940,17,"02, MONUMENT (R DU)",,,Plein jour,En agglomération,Hors intersection,Normale,Deux véhicules - côté,,,,,,,,,,,1,2,1,1,3
200600041539,0006-07-11 08:55:00,6,7,11,8,55,940,17,"110, MARX DORMOY (AV)",,,Plein jour,En agglomération,Hors intersection,Normale,Autre collision,,,,,,,,,,,1,2,1,1,6
200600041540,0006-07-12 17:30:00,6,7,12,17,30,940,17,REPUBLIQUE (AV DE LA),,,Plein jour,En agglomération,Hors intersection,Normale,Trois véhicules et plus - collisions multiples,,,,,,,,,,,1,2,1,1,5
200600041541,0006-07-15 22:48:00,6,7,15,22,48,940,17,EUGENE VARLIN (R),,,Nuit avec éclairage allumé,En agglomération,Hors intersection,Normale,Deux véhicules - côté,,,,,,,,,,,5,2,1,1,3
200600041542,0006-07-22 19:55:00,6,7,22,19,55,940,17,LOUIS TALAMONI (R),,,Plein jour,En agglomération,Hors intersection,Normale,Deux véhicules - frontale,,,,,,,,,,,1,2,1,1,1
200600041543,0006-07-24 13:40:00,6,7,24,13,40,940,17,ROGER SALENGRO (AV),,,Plein jour,En agglomération,Hors intersection,Normale,Deux véhicules - côté,,,,,,,,,,,1,2,1,1,3
200600041544,0006-07-27 10:45:00,6,7,27,10,45,940,17,"03, DUPERTUIS (R)",,,Plein jour,En agglomération,Hors intersection,Normale,Autre collision,,,,,,,,,,,1,2,1,1,6
200600041545,0006-07-28 07:30:00,6,7,28,7,30,940,17,GENERAL DE GAULLE (AV DU,,,Plein jour,En agglomération,Giratoire,Normale,Deux véhicules - côté,,,,,,,,,,,1,2,6,1,3
200600041546,0006-07-19 12:45:00,6,7,19,12,45,940,17,ROGER SALENGRO (AV),,,Plein jour,En agglomération,Hors intersection,Normale,Deux véhicules - frontale,,,,,,,,,,,1,2,1,1,1
200600041547,0006-07-01 17:20:00,6,7,1,17,20,940,18,PASTEUR (R),,,Plein jour,En agglomération,Intersection en T,Normale,Autre collision,,,,,,,,,,,1,2,3,1,6
200600041548,0006-07-03 17:40:00,6,7,3,17,40,940,18,"51, PARIS (R DE)",,,Plein jour,En agglomération,Hors intersection,Normale,Autre collision,,,,,,,,,,,1,2,1,1,6
200600041549,0006-07-05 12:10:00,6,7,5,12,10,940,18,PARIS (R DE),,,Plein jour,En agglomération,Intersection en X,Normale,Deux véhicules - frontale,,,,,,,,,,,1,2,2,1,1
200600041550,0006-07-01 03:30:00,6,7,1,3,30,940,19,"31, SUCY (R DE)",,,Nuit avec éclairage allumé,En agglomération,Hors intersection,Normale,Autre collision,,,,,,,,,,,5,2,1,1,6
200600041551,0006-07-01 16:50:00,6,7,1,16,50,940,55,"0, WLADIMIR D ORMESSON (",,,Plein jour,En agglomération,Intersection en T,Normale,Deux véhicules - côté,,,,,,,,,,,1,2,3,1,3
200600041552,0006-07-01 19:00:00,6,7,1,19,0,940,19,"00, RABELAIS (R)",,,Plein jour,En agglomération,Intersection en X,Normale,Deux véhicules - frontale,,,,,,,,,,,1,2,2,1,1
200600041553,0006-07-05 09:00:00,6,7,5,9,0,940,55,"00, OLIVIER D ORMESSON (",,,Plein jour,En agglomération,Intersection en T,Normale,Deux véhicules - côté,,,,,,,,,,,1,2,3,1,3
200600041554,0006-07-09 20:05:00,6,7,9,20,5,940,59,"00, DAME BLANCHE (AV DE",,,Plein jour,En agglomération,Hors intersection,Normale,Deux véhicules - arrière,,,,,,,,,,,1,2,1,1,2
200600041555,0006-07-11 07:50:00,6,7,11,7,50,940,53,"0, GRANDE RUE PIERRE MEN",,,Plein jour,En agglomération,Intersection en X,Normale,Autre collision,,,,,,,,,,,1,2,2,1,6
200600041556,0006-07-15 18:00:00,6,7,15,18,0,940,79,"0, AUGUSTE RODIN (AV)",,,Plein jour,En agglomération,Intersection en X,Normale,Deux véhicules - frontale,,,,,,,,,,,1,2,2,1,1
200600041557,0006-07-15 18:35:00,6,7,15,18,35,940,59,"00, COEUILLY (AV DE)",,,Plein jour,En agglomération,Intersection en X,Normale,Deux véhicules - côté,,,,,,,,,,,1,2,2,1,3
200600041558,0006-07-10 16:20:00,6,7,10,16,20,940,54,"0, CHARLES TILLON (route",,,Plein jour,En agglomération,Hors intersection,Normale,Autre collision,,,,,,,,,,,1,2,1,1,6
200600041559,0006-07-03 18:25:00,6,7,3,18,25,940,22,"20, RONDU (AV)",,,Plein jour,En agglomération,Hors intersection,Normale,Autre collision,,,,,,,,,,,1,2,1,1,6
200600041560,0006-07-04 07:30:00,6,7,4,7,30,940,22,VILLENEUVE ST GEORGES (A,,,Plein jour,En agglomération,Hors intersection,Normale,Deux véhicules - côté,,,,,,,,,,,1,2,1,1,3
200600041561,0006-07-07 13:20:00,6,7,7,13,20,940,54,BAS MARIN (R DU),,,Plein jour,En agglomération,Hors intersection,Normale,Deux véhicules - arrière,,,,,,,,,,,1,2,1,1,2