accident_id,datetime,annee,mois,jour,heure,minute,departement,commune_insee,adresse,latitude,longitude,luminosite,agglomeration,intersection,meteo,collision,nb_vehicules,nb_usagers,nb_indemnes,nb_tues,nb_blesses_hosp,nb_blesses_legers,age_cond_1,age_cond_2,veh_type_cond_1,veh_type_cond_2,lum_code,agg_code,int_code,atm_code,col_code
200600041562,0006-07-07 15:56:00,6,7,7,15,56,940,22,"138, VILLENEUVE ST GEORG",,,Plein jour,En agglomération,Hors intersection,Normale,Autre collision,,,,,,,,,,,1,2,1,1,6
200600041563,0006-07-18 19:00:00,6,7,18,19,0,940,22,"0, GENERAL LECLERC (AV)",,,Plein jour,En agglomération,Hors intersection,Normale,Deux véhicules - côté,,,,,,,,,,,1,2,1,1,3
200600041564,0006-07-21 23:30:00,6,7,21,23,30,940,54,MARTYRS DE CHATEAUBRIANT,,,Nuit avec éclairage allumé,En agglomération,Hors intersection,Normale,Deux véhicules - arrière,,,,,,,,,,,5,2,1,1,2
200600041565,0006-07-30 08:35:00,6,7,30,8,35,940,22,JEAN JAURES (R),,,Plein jour,En agglomération,Hors intersection,Normale,Autre collision,,,,,,,,,,,1,2,1,1,6
200600041566,0006-07-01 11:07:00,6,7,1,11,7,940,11,"53, BOISSY.(AVENUE DE)",,,Plein jour,En agglomération,Hors intersection,Normale,Deux véhicules - côté,,,,,,,,,,,1,2,1,1,3
200600041567,0006-07-02 00:20:00,6,7,2,0,20,940,28,EGLISE.(PLACE DE L'),,,Nuit avec éclairage allumé,En agglomération,Intersection en X,Normale,Deux véhicules - côté,,,,,,,,,,,5,2,2,1,3
200600041568,0006-07-03 17:45:00,6,7,3,17,45,940,28,ARCOS.(RUE RENE),,,Plein jour,En agglomération,Hors intersection,Normale,Deux véhicules - arrière,,,,,,,,,,,1,2,1,1,2
200600041569,0006-07-04 11:50:00,6,7,4,11,50,940,28,"0, POMPADOUR.(CHEMIN DE",,,Plein jour,En agglomération,Hors intersection,Normale,Autre collision,,,,,,,,,,,1,2,1,1,6
200600041570,0006-07-04 14:00:00,6,7,4,14,0,940,28,PARIS.(RUE DE),,,Plein jour,En agglomération,Hors intersection,Normale,Autre collision,,,,,,,,,,,1,2,1,1,6
200600041571,0006-07-05 19:40:00,6,7,5,19,40,940,28,"0, GAULLE(AVENUE DU GENE",,,Plein jour,En agglomération,Hors intersection,Normale,Deux véhicules - arrière,,,,,,,,,,,1,2,1,1,2
200600041572,0006-07-06 20:35:00,6,7,6,20,35,940,28,HABETTE(AVENUE ET PLACE,,,Crépuscule ou aube,En agglomération,Hors intersection,Normale,Autre collision,,,,,,,,,,,2,2,1,1,6
200600041573,0006-07-07 13:50:00,6,7,7,13,50,940,28,"18, FAURE.(PLACE ET RUE",,,Plein jour,En agglomération,Hors intersection,Normale,Sans collision,,,,,,,,,,,1,2,1,1,7
200600041574,0006-07-07 14:07:00,6,7,7,14,7,940,28,"0, LATERALE.(RUE)",,,Plein jour,En agglomération,Intersection en T,Normale,Deux véhicules - côté,,,,,,,,,,,1,2,3,1,3
200600041575,0006-07-11 00:45:00,6,7,11,0,45,940,28,FOCH(AVENUE DU MARECHAL),,,Plein jour,En agglomération,Hors intersection,Normale,Autre collision,,,,,,,,,,,1,2,1,1,6
200600041576,0006-07-10 17:40:00,6,7,10,17,40,940,28,FRANCE LIBRE(AVENUE DE L,,,Plein jour,En agglomération,Hors intersection,Normale,Autre collision,,,,,,,,,,,1,2,1,1,6
200600041577,0006-07-10 08:00:00,6,7,10,8,0,940,28,CHOISY(ROUTE DE),,,Plein jour,En agglomération,Hors intersection,Normale,Autre collision,,,,,,,,,,,1,2,1,1,6
200600041578,0006-07-13 08:00:00,6,7,13,8,0,940,28,"57/59, MESLY.(RUE DE)",,,Plein jour,En agglomération,Hors intersection,Normale,Autre collision,,,,,,,,,,,1,2,1,1,6
200600041579,0006-07-13 15:00:00,6,7,13,15,0,940,28,GALLIENI.(AVENUE DU GENE,,,Plein jour,En agglomération,Hors intersection,Normale,Autre collision,,,,,,,,,,,1,2,1,1,6
200600041580,0006-07-15 21:45:00,6,7,15,21,45,940,28,"12, MONTAIGUT(BOULVARD D",,,Crépuscule ou aube,En agglomération,Hors intersection,Normale,Deux véhicules - côté,,,,,,,,,,,2,2,1,1,3
200600041581,0006-07-16 09:50:00,6,7,16,9,50,940,28,"4, EAU VIVE(SQUARE DE L'",,,Plein jour,En agglomération,Hors intersection,Normale,Deux véhicules - arrière,,,,,,,,,,,1,2,1,1,2
200600041582,0006-07-11 12:35:00,6,7,11,12,35,940,28,SAVAR.(RUE JULIETTE),,,Plein jour,En agglomération,Hors intersection,Normale,Autre collision,,,,,,,,,,,1,2,1,1,6
200600041583,0006-07-17 10:50:00,6,7,17,10,50,940,28,POMPADOUR(CARREFOUR),,,Plein jour,En agglomération,Hors intersection,Normale,Autre collision,,,,,,,,,,,1,2,1,1,6
200600041584,0006-07-18 01:20:00,6,7,18,1,20,940,28,"2, DEPART(RUE DU)",,,Nuit avec éclairage allumé,En agglomération,Hors intersection,Normale,Autre collision,,,,,,,,,,,5,2,1,1,6
200600041585,0006-07-19 10:45:00,6,7,19,10,45,940,28,"1, HABETTE(AVENUE ET PLA",,,Plein jour,En agglomération,Hors intersection,Normale,Deux véhicules - arrière,,,,,,,,,,,1,2,1,1,2
200600041586,0006-07-21 21:30:00,6,7,21,21,30,940,28,"0, FOCH(AVENUE DU MARECH",,,Nuit avec éclairage allumé,En agglomération,Autre intersection,Normale,Sans collision,,,,,,,,,,,5,2,9,1,7
200600041587,0006-07-29 05:30:00,6,7,29,5,30,940,28,HALPERN.(AVENUE BERNARD),,,Crépuscule ou aube,En agglomération,Hors intersection,Normale,Autre collision,,,,,,,,,,,2,2,1,1,6
200600041588,0006-07-23 00:40:00,6,7,23,0,40,940,33,MARECHAL DE LATTRE DE TA,,,Nuit avec éclairage allumé,En agglomération,Hors intersection,Normale,Deux véhicules - côté,,,,,,,,,,,5,2,1,1,3
200600041589,0006-07-03 16:00:00,6,7,3,16,0,940,76,"1, STALINGRAD (AV DE)",,,Plein jour,En agglomération,Hors intersection,Normale,Sans collision,,,,,,,,,,,1,2,1,1,7
200600041590,0006-07-03 17:00:00,6,7,3,17,0,940,3,"34, LAPLACE (R)",,,Plein jour,En agglomération,Hors intersection,Normale,Deux véhicules - côté,,,,,,,,,,,1,2,1,1,3
200600041591,0006-07-04 19:00:00,6,7,4,19,0,940,16,"71, MARCEL BONNET (R)",,,Plein jour,En agglomération,Hors intersection,Normale,Deux véhicules - côté,,,,,,,,,,,1,2,1,1,3
200600041592,0006-07-06 15:15:00,6,7,6,15,15,940,76,"1, HAUTES BRUYERES (AV D",,,Plein jour,En agglomération,Intersection en T,Normale,Deux véhicules - côté,,,,,,,,,,,1,2,3,1,3
200600041593,0006-07-06 15:20:00,6,7,6,15,20,940,76,LOUIS ARAGON (AV),,,Plein jour,En agglomération,Intersection en T,Normale,Deux véhicules - côté,,,,,,,,,,,1,2,3,1,3
200600041594,0006-07-07 13:55:00,6,7,7,13,55,940,76,"145, MAXIME GORKI (BD)",,,Plein jour,En agglomération,Hors intersection,Normale,Trois véhicules et plus - en chaîne,,,,,,,,,,,1,2,1,1,4
200600041595,0006-07-12 16:50:00,6,7,12,16,50,940,76,"31, PARIS (AV DE)",,,Plein jour,En agglomération,Hors intersection,Normale,Deux véhicules - arrière,,,,,,,,,,,1,2,1,1,2
200600041596,0006-07-17 15:30:00,6,7,17,15,30,940,16,"1, COUSIN DE MERICOURT (",,,Plein jour,En agglomération,Hors intersection,Normale,Deux véhicules - arrière,,,,,,,,,,,1,2,1,1,2
200600041597,0006-07-20 17:55:00,6,7,20,17,55,940,37,"65, PAUL VAILLANT COUTUR",,,Plein jour,En agglomération,Hors intersection,Normale,Deux véhicules - arrière,,,,,,,,,,,1,2,1,1,2
200600041598,0006-07-23 15:30:00,6,7,23,15,30,940,16,"1, CARNOT (VLA)",,,Plein jour,En agglomération,Hors intersection,Normale,Deux véhicules - côté,,,,,,,,,,,1,2,1,1,3
200600041599,0006-07-24 20:40:00,6,7,24,20,40,940,3,"65, CONVENTION (AV DE LA",,,Plein jour,En agglomération,Hors intersection,Normale,Deux véhicules - côté,,,,,,,,,,,1,2,1,1,3
200600041600,0006-07-31 15:00:00,6,7,31,15,0,940,3,"1, PAUL VAILLANT COUTURI",,,Plein jour,En agglomération,Intersection en T,Normale,Deux véhicules - arrière,,,,,,,,,,,1,2,3,1,2
200600041601,0006-07-31 20:20:00,6,7,31,20,20,940,3,"1, PRESIDENT SALVADOR AL",,,Plein jour,En agglomération,Giratoire,Normale,Deux véhicules - côté,,,,,,,,,,,1,2,6,1,3
200600041602,0006-07-28 21:10:00,6,7,28,21,10,940,3,"1, PAUL VAILLANT COUTURI",,,Plein jour,En agglomération,Intersection en X,Normale,Trois véhicules et plus - collisions multiples,,,,,,,,,,,1,2,2,1,5
200600041603,0006-07-01 06:20:00,6,7,1,6,20,940,65,TROIS MARCHES (Av des),,,Crépuscule ou aube,En agglomération,Hors intersection,Normale,Deux véhicules - côté,,,,,,,,,,,2,2,1,1,3
200600041604,0006-07-03 12:45:00,6,7,3,12,45,940,73,FONTAINEBLEAU (AV DE),,,Plein jour,En agglomération,Hors intersection,Normale,Trois véhicules et plus - en chaîne,,,,,,,,,,,1,2,1,1,4
200600041605,0006-07-05 21:45:00,6,7,5,21,45,940,73,FONTAINEBLEAU (AV DE),,,Plein jour,En agglomération,Hors intersection,Normale,Deux véhicules - côté,,,,,,,,,,,1,2,1,1,3
200600041606,0006-07-07 13:10:00,6,7,7,13,10,940,73,VERSAILLES (AV DE),,,Plein jour,En agglomération,Intersection en X,Normale,Deux véhicules - côté,,,,,,,,,,,1,2,2,1,3
200600041607,0006-07-11 11:30:00,6,7,11,11,30,940,38,VANNE (BD DE LA),,,Plein jour,En agglomération,Intersection en X,Normale,Deux véhicules - côté,,,,,,,,,,,1,2,2,1,3
200600041608,0006-07-10 16:50:00,6,7,10,16,50,940,73,boulevard du midi,,,Plein jour,En agglomération,Hors intersection,Normale,Deux véhicules - côté,,,,,,,,,,,1,2,1,1,3
200600041609,0006-07-06 06:15:00,6,7,6,6,15,940,65,BOULEVARD CIRCULAIRE ( M,,,Plein jour,En agglomération,Hors intersection,Normale,Sans collision,,,,,,,,,,,1,2,1,1,7
200600041610,0006-07-11 18:00:00,6,7,11,18,0,940,38,"3, PERVENCHES (ALL DES)",,,Plein jour,En agglomération,Hors intersection,Normale,Sans collision,,,,,,,,,,,1,2,1,1,7
200600041611,0006-07-15 19:45:00,6,7,15,19,45,940,21,"face N12, GENERAL DE GAU",,,Plein jour,En agglomération,Intersection en T,Normale,Deux véhicules - côté,,,,,,,,,,,1,2,3,1,3
200600041612,0006-07-17 09:10:00,6,7,17,9,10,940,21,PONT DES HALLES (R DU),,,Plein jour,En agglomération,Hors intersection,Normale,Sans collision,,,,,,,,,,,1,2,1,1,7
200600041613,0006-07-16 19:50:00,6,7,16,19,50,940,21,"21, JACQUES BREL (AV)",,,Plein jour,En agglomération,Hors intersection,Normale,Autre collision,,,,,,,,,,,1,2,1,1,6
200600041614,0006-07-18 11:40:00,6,7,18,11,40,940,38,"76, PAUL VAILLANT COUTUR",,,Plein jour,En agglomération,Hors intersection,Normale,Deux véhicules - frontale,,,,,,,,,,,1,2,1,1,1
200600041615,0006-07-15 08:30:00,6,7,15,8,30,940,65,TROIS MARCHES (Av des),,,Plein jour,En agglomération,Intersection en X,Normale,Deux véhicules - côté,,,,,,,,,,,1,2,2,1,3
200600041616,0006-07-20 13:00:00,6,7,20,13,0,940,65,FONTAINEBLEAU (AV DE),,,Plein jour,En agglomération,Intersection en X,Normale,Deux véhicules - côté,,,,,,,,,,,1,2,2,1,3
200600041617,0006-07-20 17:30:00,6,7,20,17,30,940,34,"08, ABREUVOIR (ALL DE L)",,,Plein jour,En agglomération,Hors intersection,Normale,Deux véhicules - côté,,,,,,,,,,,1,2,1,1,3
200600041618,0006-07-19 21:00:00,6,7,19,21,0,940,73,GENERAL VAUFLAIRE (R DU),,,Plein jour,En agglomération,Hors intersection,Normale,Deux véhicules - frontale,,,,,,,,,,,1,2,1,1,1
200600041619,0006-07-26 17:40:00,6,7,26,17,40,940,38,"16, SAINTE COLOMBE (R)",,,Plein jour,En agglomération,Hors intersection,Normale,Autre collision,,,,,,,,,,,1,2,1,1,6
200600041620,0006-07-26 22:00:00,6,7,26,22,0,940,34,DIVISION LECLERC (AV DE,,,Nuit avec éclairage allumé,En agglomération,Hors intersection,Pluie légère,Deux véhicules - côté,,,,,,,,,,,5,2,1,2,3
200600041621,0006-07-22 18:50:00,6,7,22,18,50,940,73,"18, GEORGES HALGOULT (R)",,,Plein jour,En agglomération,Hors intersection,Normale,Autre collision,,,,,,,,,,,1,2,1,1,6
200600041622,0006-07-25 19:15:00,6,7,25,19,15,940,65,ORLY (R D),,,Plein jour,En agglomération,Hors intersection,Normale,Autre collision,,,,,,,,,,,1,2,1,1,6
200600041623,0006-07-26 14:40:00,6,7,26,14,40,940,73,VERSAILLES (AV DE),,,Plein jour,En agglomération,Hors intersection,Normale,Sans collision,,,,,,,,,,,1,2,1,1,7
200600041624,0006-07-30 17:00:00,6,7,30,17,0,940,38,"73, GENERAL DE GAULLE (A",,,Plein jour,En agglomération,Hors intersection,Pluie légère,Deux véhicules - arrière,,,,,,,,,,,1,2,1,2,2
200600041625,0006-07-21 12:50:00,6,7,21,12,50,940,21,STALINGRAD - CAR DES SOR,,,Plein jour,En agglomération,Hors intersection,Normale,Autre collision,,,,,,,,,,,1,2,1,1,6
200600041626,0006-07-12 13:45:00,6,7,12,13,45,940,73,"., ALOUETTES (R DES)",,,Plein jour,En agglomération,Hors intersection,Normale,Trois véhicules et plus - collisions multiples,,,,,,,,,,,1,2,1,1,5
200600041627,0006-07-10 10:15:00,6,7,10,10,15,940,41,"143, MARCEL HARTMANN (R)",,,Plein jour,En agglomération,Hors intersection,Normale,Autre collision,,,,,,,,,,,1,2,1,1,6
200600041628,0006-07-17 14:15:00,6,7,17,14,15,940,41,AUGUSTE DESHAIES (QU),,,Plein jour,En agglomération,Hors intersection,Normale,Deux véhicules - arrière,,,,,,,,,,,1,2,1,1,2
200600041629,0006-07-24 12:45:00,6,7,24,12,45,940,41,NELSON MANDELA,,,Plein jour,En agglomération,Intersection en T,Normale,Deux véhicules - côté,,,,,,,,,,,1,2,3,1,3
200600041630,0006-07-28 15:30:00,6,7,28,15,30,940,41,"124, DANIELLE CASANOVA (",,,Plein jour,En agglomération,Hors intersection,Normale,Deux véhicules - arrière,,,,,,,,,,,1,2,1,1,2
200600041631,0006-07-20 13:40:00,6,7,20,13,40,940,41,"149, VERDUN (AV DE)",,,Plein jour,En agglomération,Hors intersection,Normale,Deux véhicules - arrière,,,,,,,,,,,1,2,1,1,2
200600041632,0006-07-08 06:50:00,6,7,8,6,50,940,41,BRANDEBOURG (BD DE),,,Crépuscule ou aube,En agglomération,Autre intersection,Pluie légère,Deux véhicules - côté,,,,,,,,,,,2,2,9,2,3
200600041633,0006-07-12 18:55:00,6,7,12,18,55,940,41,COLONEL FABIEN (BD DU),,,Plein jour,En agglomération,Intersection en X,Normale,Sans collision,,,,,,,,,,,1,2,2,1,7
200600041634,0006-07-01 16:55:00,6,7,1,16,55,940,46,"223, GENERAL LECLERC (AV",,,Plein jour,En agglomération,Hors intersection,Normale,Deux véhicules - arrière,,,,,,,,,,,1,2,1,1,2
200600041635,0006-07-04 16:40:00,6,7,4,16,40,940,46,"91, GENERAL LECLERC (AV",,,Plein jour,En agglomération,Hors intersection,Normale,Deux véhicules - arrière,,,,,,,,,,,1,2,1,1,2
200600041636,0006-07-16 17:35:00,6,7,16,17,35,940,46,"135, JEAN JAURES (R)",,,Plein jour,En agglomération,Hors intersection,Normale,Deux véhicules - côté,,,,,,,,,,,1,2,1,1,3
200600041637,0006-07-06 12:30:00,6,7,6,12,30,940,52,STRASBOURG (BD DE),,,Plein jour,En agglomération,Hors intersection,Normale,Deux véhicules - frontale,,,,,,,,,,,1,2,1,1,1
200600041638,0006-07-06 13:50:00,6,7,6,13,50,940,58,BEL AIR (R DU),,,Plein jour,En agglomération,Hors intersection,Temps couvert,Deux véhicules - frontale,,,,,,,,,,,1,2,1,8,1
200600041639,0006-07-07 19:45:00,6,7,7,19,45,940,58,"55, ALSACE LORRAINE (BD",,,Plein jour,En agglomération,Hors intersection,Normale,Autre collision,,,,,,,,,,,1,2,1,1,6
200600041640,0006-07-11 22:00:00,6,7,11,22,0,940,15,CHERBOURG (R DE),,,Crépuscule ou aube,En agglomération,Hors intersection,Normale,Deux véhicules - côté,,,,,,,,,,,2,2,1,1,3
200600041641,0006-07-13 12:20:00,6,7,13,12,20,940,52,"147, STRASBOURG (BD DE)",,,Plein jour,En agglomération,Hors intersection,Normale,Autre collision,,,,,,,,,,,1,2,1,1,6
200600041642,0006-07-13 17:00:00,6,7,13,17,0,940,42,PRESIDENT WILSON (AV DU),,,Plein jour,En agglomération,Hors intersection,Normale,Deux véhicules - côté,,,,,,,,,,,1,2,1,1,3
200600041643,0006-07-16 12:05:00,6,7,16,12,5,940,52,STRASBOURG (BD DE),,,Plein jour,En agglomération,Hors intersection,Normale,Deux véhicules - arrière,,,,,,,,,,,1,2,1,1,2
200600041644,0006-07-01 20:45:00,6,7,1,20,45,940,68,PILIERS (AV DES),,,Plein jour,En agglomération,Intersection en T,Normale,Autre collision,,,,,,,,,,,1,2,3,1,6
200600041645,0006-07-11 18:07:00,6,7,11,18,7,940,68,", DESGENETTES (AV)",,,Plein jour,En agglomération,Intersection en Y,Normale,Deux véhicules - frontale,,,,,,,,,,,1,2,4,1,1
200600041646,0006-07-08 22:45:00,6,7,8,22,45,940,68,ALMA (AV DE L),,,Crépuscule ou aube,En agglomération,Intersection en X,Normale,Trois véhicules et plus - collisions multiples,,,,,,,,,,,2,2,2,1,5
200600041647,0006-07-16 20:35:00,6,7,16,20,35,940,68,"10bis, PETIT PARC (QU DU",,,Plein jour,En agglomération,Hors intersection,Normale,Autre collision,,,,,,,,,,,1,2,1,1,6
200600041648,0006-07-17 20:25:00,6,7,17,20,25,940,68,"126, GARIBALDI (R)",,,Plein jour,En agglomération,Hors intersection,Normale,Autre collision,,,,,,,,,,,1,2,1,1,6
200600041649,0006-07-20 14:50:00,6,7,20,14,50,940,68,"10, BEAUBOURG (QU)",,,Plein jour,Hors agglomération,Hors intersection,Normale,Sans collision,,,,,,,,,,,1,1,1,1,7
200600041650,0006-07-21 22:20:00,6,7,21,22,20,940,68,LAMY (R),,,Nuit avec éclairage allumé,En agglomération,Intersection en X,Normale,Deux véhicules - côté,,,,,,,,,,,5,2,2,1,3
200600041651,0006-07-25 18:25:00,6,7,25,18,25,940,68,"35, PONT DE CRETEIL (R D",,,Plein jour,En agglomération,Autre intersection,Normale,Autre collision,,,,,,,,,,,1,2,9,1,6
200600041652,0006-07-30 12:33:00,6,7,30,12,33,940,68,"171, GAMBETTA (AV)",,,Plein jour,En agglomération,Hors intersection,Normale,Deux véhicules - arrière,,,,,,,,,,,1,2,1,1,2
200600041653,0006-07-29 15:25:00,6,7,29,15,25,940,68,"03, MARIE LOUISE (AV)",,,Plein jour,En agglomération,Hors intersection,Normale,Autre collision,,,,,,,,,,,1,2,1,1,6
200600041654,0006-07-03 19:35:00,6,7,3,19,35,940,78,"17, LOUIS ARMAND (R)",,,Plein jour,En agglomération,Hors intersection,Normale,Autre collision,,,,,,,,,,,1,2,1,1,6
200600041655,0006-07-27 20:00:00,6,7,27,20,0,940,78,PARIS (R DE),,,Plein jour,En agglomération,Hors intersection,Normale,Autre collision,,,,,,,,,,,1,2,1,1,6
200600041656,0006-07-16 18:15:00,6,7,16,18,15,940,74,"2, GABRIEL PERI (R)",,,Plein jour,En agglomération,Intersection en Y,Normale,Deux véhicules - côté,,,,,,,,,,,1,2,4,1,3
200600041657,0006-07-13 10:15:00,6,7,13,10,15,940,74,FONTAINE SAINT-MARTIN (R,,,Plein jour,En agglomération,Hors intersection,Normale,Deux véhicules - côté,,,,,,,,,,,1,2,1,1,3
200600041658,0006-07-22 20:10:00,6,7,22,20,10,940,78,HUIT MAI 1945 (AV DU),,,Plein jour,En agglomération,Hors intersection,Normale,Deux véhicules - côté,,,,,,,,,,,1,2,1,1,3
200600041659,0006-07-15 19:45:00,6,7,15,19,45,940,78,"0, NON DENOMMEE (VOI)",,,Plein jour,En agglomération,Hors intersection,Normale,Autre collision,,,,,,,,,,,1,2,1,1,6
200600041660,0006-07-11 20:00:00,6,7,11,20,0,940,78,"02, CHOISY (AV DE)",,,Plein jour,En agglomération,Hors intersection,Normale,Autre collision,,,,,,,,,,,1,2,1,1,6
200600041661,0006-07-03 16:35:00,6,7,3,16,35,940,80,"28, PARIS (AV DE)",,,Plein jour,En agglomération,Intersection en X,Normale,Deux véhicules - côté,,,,,,,,,,,1,2,2,1,3
200600041662,0006-07-05 18:00:00,6,7,5,18,0,940,80,"106, FONTENAY (R DE)",,,Plein jour,En agglomération,Hors intersection,Normale,Deux véhicules - arrière,,,,,,,,,,,1,2,1,1,2
200600041663,0006-07-06 18:30:00,6,7,6,18,30,940,67,"2, VALLEES (R DES)",,,Plein jour,En agglomération,Intersection en T,Normale,Deux véhicules - côté,,,,,,,,,,,1,2,3,1,3
200600041664,0006-07-07 07:45:00,6,7,7,7,45,940,67,"03, AV VICTOR HUGO (AV)",,,Plein jour,En agglomération,Hors intersection,Normale,Deux véhicules - arrière,,,,,,,,,,,1,2,1,1,2
200600041665,0006-07-08 00:20:00,6,7,8,0,20,940,80,"24, RENON (R)",,,Nuit avec éclairage allumé,En agglomération,Intersection en X,Normale,Deux véhicules - côté,,,,,,,,,,,5,2,2,1,3
200600041666,0006-07-25 20:40:00,6,7,25,20,40,940,67,GENERAL DE GAULLE (AV DU,,,Plein jour,En agglomération,Intersection en X,Normale,Deux véhicules - côté,,,,,,,,,,,1,2,2,1,3
200600041667,0006-07-31 19:15:00,6,7,31,19,15,940,80,"42, SOLIDARITE (R DE LA)",,,Plein jour,En agglomération,Hors intersection,Normale,Deux véhicules - arrière,,,,,,,,,,,1,2,1,1,2
200600041668,0006-07-12 08:35:00,6,7,12,8,35,940,81,"ANGLE, CAMILLE GROULT (R",,,Plein jour,En agglomération,Intersection en T,Normale,Trois véhicules et plus - en chaîne,,,,,,,,,,,1,2,3,1,4
200600041669,0006-07-22 11:55:00,6,7,22,11,55,940,81,"17, ANTOINE MARIE COLIN",,,Plein jour,En agglomération,Hors intersection,Normale,Autre collision,,,,,,,,,,,1,2,1,1,6
200600041670,0006-07-01 13:50:00,6,7,1,13,50,950,18,MAUPASSANT (ALLEE GUY DE,,,Plein jour,En agglomération,Hors intersection,Normale,Autre collision,,,,,,,,,,,1,2,1,1,6
200600041671,0006-07-01 20:45:00,6,7,1,20,45,950,18,"37, bis, ALLEMANE (BOULE",,,Plein jour,En agglomération,Hors intersection,Normale,Autre collision,,,,,,,,,,,1,2,1,1,6
200600041672,0006-07-04 19:50:00,6,7,4,19,50,950,18,"3, Ter, ROUGET DE L' ISL",,,Plein jour,En agglomération,Hors intersection,Normale,Autre collision,,,,,,,,,,,1,2,1,1,6
200600041673,0006-07-05 17:40:00,6,7,5,17,40,950,176,STRATEGIQUE (ROUTE),,,Plein jour,En agglomération,Hors intersection,Normale,Deux véhicules - arrière,,,,,,,,,,,1,2,1,1,2
200600041674,0006-07-06 00:01:00,6,7,6,0,1,950,18,JAURES (AVENUE JEAN),,,Nuit avec éclairage allumé,En agglomération,Intersection en T,Normale,Autre collision,,,,,,,,,,,5,2,3,1,6
200600041675,0006-07-05 16:50:00,6,7,5,16,50,950,18,"185, DELAMBRE (BOULEVARD",,,Plein jour,En agglomération,Hors intersection,Normale,Autre collision,,,,,,,,,,,1,2,1,1,6
200600041676,0006-07-07 20:15:00,6,7,7,20,15,950,176,"6, EMELIE (AVENUE)",,,Plein jour,En agglomération,Hors intersection,Pluie forte,Autre collision,,,,,,,,,,,1,2,1,3,6
200600041677,0006-07-07 19:37:00,6,7,7,19,37,950,18,"64, ALLEMANE (BOULEVARD",,,Plein jour,En agglomération,Intersection en T,Normale,Deux véhicules - arrière,,,,,,,,,,,1,2,3,1,2
200600041678,0006-07-08 00:10:00,6,7,8,0,10,950,18,"11, JUSTICE (RUE DE LA)",,,Nuit avec éclairage allumé,En agglomération,Hors intersection,Normale,Autre collision,,,,,,,,,,,5,2,1,1,6
200600041679,0006-07-09 23:05:00,6,7,9,23,5,950,176,ARGENTEUIL (ROUTE D'),,,Nuit avec éclairage allumé,En agglomération,Intersection en X,Normale,Deux véhicules - côté,,,,,,,,,,,5,2,2,1,3
200600041680,0006-07-05 16:35:00,6,7,5,16,35,950,18,DELAMBRE (BOULEVARD DU G,,,Plein jour,En agglomération,Intersection en T,Normale,Deux véhicules - arrière,,,,,,,,,,,1,2,3,1,2
200600041681,0006-07-11 16:00:00,6,7,11,16,0,950,18,JOFFRE (AVENUE DU MARECH,,,Plein jour,En agglomération,Intersection en T,Normale,Sans collision,,,,,,,,,,,1,2,3,1,7
200600041682,0006-07-01 20:30:00,6,7,1,20,30,950,18,ERABLES (RUE DES),,,Plein jour,En agglomération,Passage à niveau,Normale,Deux véhicules - côté,,,,,,,,,,,1,2,8,1,3
200600041683,0006-07-18 14:55:00,6,7,18,14,55,950,18,BERIONNE (RUE DE LA),,,Plein jour,En agglomération,Hors intersection,Normale,Autre collision,,,,,,,,,,,1,2,1,1,6
200600041684,0006-07-21 15:30:00,6,7,21,15,30,950,18,BERIONNE (RUE DE LA),,,Plein jour,En agglomération,Hors intersection,Normale,Sans collision,,,,,,,,,,,1,2,1,1,7
200600041685,0006-07-20 12:55:00,6,7,20,12,55,950,18,FOCH (AVENUE DU MARECHAL,,,Plein jour,En agglomération,Hors intersection,Normale,Autre collision,,,,,,,,,,,1,2,1,1,6
200600041686,0006-07-25 11:05:00,6,7,25,11,5,950,18,ALLEMANE (BOULEVARD JEAN,,,Plein jour,En agglomération,Intersection à plus de 4 branches,Normale,Deux véhicules - côté,,,,,,,,,,,1,2,5,1,3
200600041687,0006-07-24 09:20:00,6,7,24,9,20,950,18,CARRE (RUE MICHEL),,,Plein jour,En agglomération,Intersection en X,Normale,Deux véhicules - côté,,,,,,,,,,,1,2,2,1,3
200600041688,0006-07-24 18:45:00,6,7,24,18,45,950,18,PONTOISE (ROUTE DE),,,Plein jour,En agglomération,Hors intersection,Normale,Deux véhicules - côté,,,,,,,,,,,1,2,1,1,3
200600041689,0006-07-20 21:45:00,6,7,20,21,45,950,18,"217, JAURES (AVENUE JEAN",,,Nuit avec éclairage allumé,En agglomération,Hors intersection,Normale,Deux véhicules - côté,,,,,,,,,,,5,2,1,1,3
200600041690,0006-07-25 09:35:00,6,7,25,9,35,950,176,BRIAND (RUE ARISTIDE),,,Plein jour,En agglomération,Intersection en T,Normale,Deux véhicules - côté,,,,,,,,,,,1,2,3,1,3
200600041691,0006-07-12 07:00:00,6,7,12,7,0,950,18,"12, BERTEAUX (BOULEVARD",,,Plein jour,En agglomération,Hors intersection,Pluie légère,Sans collision,,,,,,,,,,,1,2,1,2,7
200600041692,0006-07-02 08:25:00,6,7,2,8,25,950,63,"181, GABRIEL PERI (AVENU",,,Plein jour,En agglomération,Hors intersection,Normale,Deux véhicules - arrière,,,,,,,,,,,1,2,1,1,2
200600041693,0006-07-02 11:10:00,6,7,2,11,10,950,63,"151, GABRIEL PERI (AVENU",,,Plein jour,Hors agglomération,Hors intersection,Normale,Deux véhicules - arrière,,,,,,,,,,,1,1,1,1,2
200600041694,0006-07-05 18:10:00,6,7,5,18,10,950,63,"1, LUCIEN SAMPAIX (RUE-C",,,Plein jour,Hors agglomération,Intersection à plus de 4 branches,Normale,Deux véhicules - côté,,,,,,,,,,,1,1,5,1,3
200600041695,0006-07-17 07:15:00,6,7,17,7,15,950,63,ROUGET DE L'ISLE (RUE-CO,,,Plein jour,En agglomération,Hors intersection,Normale,Deux véhicules - côté,,,,,,,,,,,1,2,1,1,3