accident_id,datetime,annee,mois,jour,heure,minute,departement,commune_insee,adresse,latitude,longitude,luminosite,agglomeration,intersection,meteo,collision,nb_vehicules,nb_usagers,nb_indemnes,nb_tues,nb_blesses_hosp,nb_blesses_legers,age_cond_1,age_cond_2,veh_type_cond_1,veh_type_cond_2,lum_code,agg_code,int_code,atm_code,col_code
200600041972,0006-07-08 17:30:00,6,7,8,17,30,620,637,AUTOROUTE A1,,,Plein jour,Hors agglomération,Hors intersection,Normale,Autre collision,,,,,,,,,,,1,1,1,1,6
200600041973,0006-07-08 22:35:00,6,7,8,22,35,590,606,AUTOROUTE A2,,,Nuit avec éclairage allumé,Hors agglomération,Hors intersection,Normale,Autre collision,,,,,,,,,,,5,1,1,1,6
200600041974,0006-07-09 18:00:00,6,7,9,18,0,590,284,AUTOROUTE A23,,,Plein jour,Hors agglomération,Hors intersection,Normale,Autre collision,,,,,,,,,,,1,1,1,1,6
200600041975,0006-07-11 13:50:00,6,7,11,13,50,620,907,AUTOROUTE A1,,,Plein jour,Hors agglomération,Hors intersection,Normale,Autre collision,,,,,,,,,,,1,1,1,1,6
200600041976,0006-07-12 10:43:00,6,7,12,10,43,590,9,ROUTE NATIONALE 227,,,Plein jour,Hors agglomération,Hors intersection,Normale,Trois véhicules et plus - en chaîne,,,,,,,,,,,1,1,1,1,4
200600041977,0006-07-12 14:20:00,6,7,12,14,20,590,350,ROUTE NATIONALE 351,,,Plein jour,Hors agglomération,Hors intersection,Normale,Sans collision,,,,,,,,,,,1,1,1,1,7
200600041978,0006-07-14 07:20:00,6,7,14,7,20,590,435,AUTOROUTE A23,,,Plein jour,Hors agglomération,Hors intersection,Normale,Sans collision,,,,,,,,,,,1,1,1,1,7
200600041979,0006-07-14 13:55:00,6,7,14,13,55,620,427,AUTOROUTE A1,,,Plein jour,Hors agglomération,Hors intersection,Normale,Autre collision,,,,,,,,,,,1,1,1,1,6
200600041980,0006-07-14 15:00:00,6,7,14,15,0,620,907,AUTOROUTE A1,,,Plein jour,Hors agglomération,Hors intersection,Normale,Deux véhicules - arrière,,,,,,,,,,,1,1,1,1,2
200600041981,0006-07-15 19:30:00,6,7,15,19,30,590,478,AUTOROUTE A25,,,Plein jour,Hors agglomération,Hors intersection,Normale,Autre collision,,,,,,,,,,,1,1,1,1,6
200600041982,0006-07-16 01:30:00,6,7,16,1,30,590,462,AUTOROUTE A1,,,Nuit avec éclairage allumé,Hors agglomération,Hors intersection,Normale,Autre collision,,,,,,,,,,,5,1,1,1,6
200600041983,0006-07-16 04:30:00,6,7,16,4,30,590,189,AUTOROUTE A25,,,Plein jour,Hors agglomération,Hors intersection,Normale,Autre collision,,,,,,,,,,,1,1,1,1,6
200600041984,0006-07-17 14:10:00,6,7,17,14,10,590,646,ROUTE NATIONALE 352,,,Plein jour,Hors agglomération,Hors intersection,Normale,Sans collision,,,,,,,,,,,1,1,1,1,7
200600041985,0006-07-18 14:10:00,6,7,18,14,10,590,386,ROUTE NATIONALE 352,,,Plein jour,Hors agglomération,Hors intersection,Normale,Deux véhicules - arrière,,,,,,,,,,,1,1,1,1,2
200600041986,0006-07-18 15:00:00,6,7,18,15,0,590,557,AUTOROUTE A2,,,Plein jour,Hors agglomération,Hors intersection,Normale,Sans collision,,,,,,,,,,,1,1,1,1,7
200600041987,0006-07-18 15:00:00,6,7,18,15,0,590,343,AUTOROUTE A1,,,Plein jour,Hors agglomération,Hors intersection,Normale,Autre collision,,,,,,,,,,,1,1,1,1,6
200600041988,0006-07-19 12:15:00,6,7,19,12,15,590,580,AUTOROUTE A25,,,Plein jour,Hors agglomération,Hors intersection,Normale,Autre collision,,,,,,,,,,,1,1,1,1,6
200600041989,0006-07-20 10:10:00,6,7,20,10,10,590,603,AUTOROUTE A2,,,Plein jour,Hors agglomération,Hors intersection,Normale,Autre collision,,,,,,,,,,,1,1,1,1,6
200600041990,0006-07-21 08:00:00,6,7,21,8,0,590,146,AUTOROUTE A27,,,Plein jour,Hors agglomération,Hors intersection,Normale,Autre collision,,,,,,,,,,,1,1,1,1,6
200600041991,0006-07-21 14:20:00,6,7,21,14,20,590,271,AUTOROUTE A16,,,Plein jour,Hors agglomération,Hors intersection,Normale,Deux véhicules - côté,,,,,,,,,,,1,1,1,1,3
200600041992,0006-07-22 08:40:00,6,7,22,8,40,590,350,AUTOROUTE A1,,,Plein jour,Hors agglomération,Hors intersection,Pluie légère,Autre collision,,,,,,,,,,,1,1,1,2,6
200600041993,0006-07-22 13:50:00,6,7,22,13,50,620,498,AUTOROUTE A21,,,Plein jour,Hors agglomération,Hors intersection,Normale,Deux véhicules - côté,,,,,,,,,,,1,1,1,1,3
200600041994,0006-07-22 13:51:00,6,7,22,13,51,620,498,AUTOROUTE A21,,,Plein jour,Hors agglomération,Hors intersection,Normale,Deux véhicules - arrière,,,,,,,,,,,1,1,1,1,2
200600041995,0006-07-23 03:10:00,6,7,23,3,10,590,532,AUTOROUTE A16,,,Nuit avec éclairage allumé,Hors agglomération,Hors intersection,Normale,Autre collision,,,,,,,,,,,5,1,1,1,6
200600041996,0006-07-24 08:50:00,6,7,24,8,50,590,195,AUTOROUTE A25,,,Plein jour,Hors agglomération,Hors intersection,Normale,Autre collision,,,,,,,,,,,1,1,1,1,6
200600041997,0006-07-24 09:20:00,6,7,24,9,20,590,560,AUTOROUTE A1,,,Plein jour,Hors agglomération,Hors intersection,Normale,Autre collision,,,,,,,,,,,1,1,1,1,6
200600041998,0006-07-24 11:40:00,6,7,24,11,40,620,427,AUTOROUTE A21,,,Plein jour,Hors agglomération,Hors intersection,Normale,Deux véhicules - arrière,,,,,,,,,,,1,1,1,1,2
200600041999,0006-07-25 02:15:00,6,7,25,2,15,590,532,AUTOROUTE A16,,,Nuit avec éclairage allumé,Hors agglomération,Hors intersection,Normale,Autre collision,,,,,,,,,,,5,1,1,1,6
200600042000,0006-07-25 13:55:00,6,7,25,13,55,590,646,ROUTE NATIONALE 356,,,Plein jour,Hors agglomération,Hors intersection,Normale,Autre collision,,,,,,,,,,,1,1,1,1,6
200600042001,0006-07-25 15:30:00,6,7,25,15,30,590,585,AUTOROUTE A1,,,Plein jour,Hors agglomération,Hors intersection,Normale,Autre collision,,,,,,,,,,,1,1,1,1,6
200600042002,0006-07-25 19:00:00,6,7,25,19,0,590,343,AUTOROUTE A22,,,Plein jour,Hors agglomération,Hors intersection,Normale,Autre collision,,,,,,,,,,,1,1,1,1,6
200600042003,0006-07-26 00:45:00,6,7,26,0,45,620,351,AUTOROUTE A21,,,Nuit avec éclairage allumé,Hors agglomération,Hors intersection,Normale,Deux véhicules - arrière,,,,,,,,,,,5,1,1,1,2
200600042004,0006-07-26 14:20:00,6,7,26,14,20,590,646,ROUTE NATIONALE 352,,,Plein jour,Hors agglomération,Hors intersection,Normale,Autre collision,,,,,,,,,,,1,1,1,1,6
200600042005,0006-07-28 11:30:00,6,7,28,11,30,590,507,AUTOROUTE A1,,,Plein jour,Hors agglomération,Hors intersection,Normale,Deux véhicules - côté,,,,,,,,,,,1,1,1,1,3
200600042006,0006-07-28 16:30:00,6,7,28,16,30,620,427,AUTOROUTE A1,,,Plein jour,Hors agglomération,Hors intersection,Normale,Deux véhicules - arrière,,,,,,,,,,,1,1,1,1,2
200600042007,0006-07-29 12:50:00,6,7,29,12,50,590,350,AUTOROUTE A25,,,Plein jour,Hors agglomération,Hors intersection,Normale,Deux véhicules - côté,,,,,,,,,,,1,1,1,1,3
200600042008,0006-07-29 16:00:00,6,7,29,16,0,590,90,AUTOROUTE A22,,,Plein jour,Hors agglomération,Hors intersection,Normale,Deux véhicules - côté,,,,,,,,,,,1,1,1,1,3
200600042009,0006-07-30 14:00:00,6,7,30,14,0,590,350,AUTOROUTE A1,,,Plein jour,Hors agglomération,Hors intersection,Pluie légère,Autre collision,,,,,,,,,,,1,1,1,2,6
200600042010,0006-07-30 16:15:00,6,7,30,16,15,620,498,AUTOROUTE A21,,,Plein jour,Hors agglomération,Hors intersection,Normale,Autre collision,,,,,,,,,,,1,1,1,1,6
200600042011,0006-07-04 15:40:00,6,7,4,15,40,690,386,"50, FRANKLIN ROOSEVELT",,,Plein jour,En agglomération,Hors intersection,Normale,Autre collision,,,,,,,,,,,1,2,1,1,6
200600042012,0006-07-04 16:46:00,6,7,4,16,46,690,383,GAMBETTA,,,Plein jour,En agglomération,Intersection en X,Normale,Deux véhicules - frontale,,,,,,,,,,,1,2,2,1,1
200600042013,0006-07-05 12:55:00,6,7,5,12,55,690,383,"116, MARIUS VIVIER MERLE",,,Plein jour,En agglomération,Hors intersection,Normale,Deux véhicules - côté,,,,,,,,,,,1,2,1,1,3
200600042014,0006-07-06 08:00:00,6,7,6,8,0,690,383,VENDOME,,,Plein jour,En agglomération,Intersection en X,Pluie légère,Deux véhicules - frontale,,,,,,,,,,,1,2,2,2,1
200600042015,0006-07-06 02:16:00,6,7,6,2,16,690,386,LAFAYETTE,,,Nuit avec éclairage allumé,En agglomération,Intersection en X,Normale,Deux véhicules - frontale,,,,,,,,,,,5,2,2,1,1
200600042016,0006-07-08 23:35:00,6,7,8,23,35,690,383,LAFAYETTE,,,Nuit avec éclairage allumé,En agglomération,Intersection en X,Normale,Deux véhicules - côté,,,,,,,,,,,5,2,2,1,3
200600042017,0006-07-08 00:30:00,6,7,8,0,30,690,383,"111, PAUL BERT",,,Nuit avec éclairage allumé,En agglomération,Hors intersection,Normale,Deux véhicules - arrière,,,,,,,,,,,5,2,1,1,2
200600042018,0006-07-09 19:15:00,6,7,9,19,15,690,383,"124, GAMBETTA",,,Plein jour,En agglomération,Intersection en X,Normale,Autre collision,,,,,,,,,,,1,2,2,1,6
200600042019,0006-07-12 17:40:00,6,7,12,17,40,690,383,"35, VIALA",,,Plein jour,En agglomération,Hors intersection,Normale,Deux véhicules - arrière,,,,,,,,,,,1,2,1,1,2
200600042020,0006-07-17 14:10:00,6,7,17,14,10,690,386,STALINGRAD (DE),,,Plein jour,En agglomération,Hors intersection,Normale,Deux véhicules - arrière,,,,,,,,,,,1,2,1,1,2
200600042021,0006-07-20 14:15:00,6,7,20,14,15,690,386,VENDOME,,,Plein jour,En agglomération,Intersection en X,Normale,Deux véhicules - arrière,,,,,,,,,,,1,2,2,1,2
200600042022,0006-07-28 09:30:00,6,7,28,9,30,690,386,THIERS,,,Plein jour,En agglomération,Hors intersection,Normale,Deux véhicules - côté,,,,,,,,,,,1,2,1,1,3
200600042023,0006-07-08 16:30:00,6,7,8,16,30,690,383,GENAS (DE),,,Plein jour,En agglomération,Intersection en X,Normale,Trois véhicules et plus - en chaîne,,,,,,,,,,,1,2,2,1,4
200600042024,0006-07-24 12:55:00,6,7,24,12,55,690,386,DUQUESNE,,,Plein jour,En agglomération,Intersection en X,Normale,Deux véhicules - côté,,,,,,,,,,,1,2,2,1,3
200600042025,0006-07-31 13:30:00,6,7,31,13,30,690,386,BELGES (DES),,,Plein jour,En agglomération,Hors intersection,Normale,Deux véhicules - côté,,,,,,,,,,,1,2,1,1,3
200600042026,0006-07-28 08:10:00,6,7,28,8,10,690,386,FRANKLIN ROOSEVELT,,,Plein jour,En agglomération,Hors intersection,Normale,Autre collision,,,,,,,,,,,1,2,1,1,6
200600042027,0006-07-31 09:15:00,6,7,31,9,15,690,383,JEAN RENOIR,,,Plein jour,En agglomération,Intersection en Y,Normale,Deux véhicules - côté,,,,,,,,,,,1,2,4,1,3
200600042028,0006-07-31 21:15:00,6,7,31,21,15,690,383,MARECHAL DE SAXE,,,Plein jour,En agglomération,Intersection en X,Normale,Deux véhicules - côté,,,,,,,,,,,1,2,2,1,3
200600042029,0006-07-03 09:50:00,6,7,3,9,50,690,384,"24, JOSEPH GILLET",,,Plein jour,En agglomération,Hors intersection,Normale,Autre collision,,,,,,,,,,,1,2,1,1,6
200600042030,0006-07-13 12:20:00,6,7,13,12,20,690,384,"79, CROIX-ROUSSE (GRANDE",,,Plein jour,En agglomération,Hors intersection,Normale,Autre collision,,,,,,,,,,,1,2,1,1,6
200600042031,0006-07-19 07:06:00,6,7,19,7,6,690,384,"42, JOSEPH GILLET",,,Plein jour,En agglomération,Hors intersection,Normale,Deux véhicules - arrière,,,,,,,,,,,1,2,1,1,2
200600042032,0006-07-21 20:20:00,6,7,21,20,20,690,384,"27 bis, HERBOUVILLE (D')",,,Crépuscule ou aube,En agglomération,Hors intersection,Normale,Autre collision,,,,,,,,,,,2,2,1,1,6
200600042033,0006-07-01 16:15:00,6,7,1,16,15,330,318,ROCADE A 630,,,Plein jour,Hors agglomération,Hors intersection,Normale,Autre collision,,,,,,,,,,,1,1,1,1,6
200600042034,0006-07-02 06:00:00,6,7,2,6,0,330,192,AUTOROUTE A 63,,,Crépuscule ou aube,Hors agglomération,Hors intersection,Normale,Autre collision,,,,,,,,,,,2,1,1,1,6
200600042035,0006-07-02 07:10:00,6,7,2,7,10,330,69,ROUTE NATIONALE 230,,,Crépuscule ou aube,Hors agglomération,Hors intersection,Normale,Autre collision,,,,,,,,,,,2,1,1,1,6
200600042036,0006-07-02 17:40:00,6,7,2,17,40,330,63,ROCADE A 630,,,Plein jour,Hors agglomération,Hors intersection,Normale,Trois véhicules et plus - collisions multiples,,,,,,,,,,,1,1,1,1,5
200600042037,0006-07-04 21:35:00,6,7,4,21,35,330,75,ROCADE A 630,,,Crépuscule ou aube,Hors agglomération,Hors intersection,Pluie légère,Autre collision,,,,,,,,,,,2,1,1,2,6
200600042038,0006-07-04 21:36:00,6,7,4,21,36,330,75,ROCADE A 630,,,Crépuscule ou aube,Hors agglomération,Hors intersection,Pluie légère,Autre collision,,,,,,,,,,,2,1,1,2,6
200600042039,0006-07-05 11:00:00,6,7,5,11,0,330,487,AUTOROUTE A 10,,,Plein jour,Hors agglomération,Hors intersection,Normale,Autre collision,,,,,,,,,,,1,1,1,1,6
200600042040,0006-07-05 16:50:00,6,7,5,16,50,330,397,AUTOROUTE A 10,,,Plein jour,Hors agglomération,Hors intersection,Pluie légère,Autre collision,,,,,,,,,,,1,1,1,2,6
200600042041,0006-07-07 14:30:00,6,7,7,14,30,330,167,ROUTE NATIONALE 230,,,Plein jour,Hors agglomération,Hors intersection,Normale,Deux véhicules - côté,,,,,,,,,,,1,1,1,1,3
200600042042,0006-07-10 12:20:00,6,7,10,12,20,330,366,AUTOROUTE A 10,,,Plein jour,Hors agglomération,Hors intersection,Normale,Autre collision,,,,,,,,,,,1,1,1,1,6
200600042043,0006-07-13 08:00:00,6,7,13,8,0,330,39,ROCADE A 630,,,Plein jour,Hors agglomération,Hors intersection,Normale,Autre collision,,,,,,,,,,,1,1,1,1,6
200600042044,0006-07-13 23:30:00,6,7,13,23,30,330,366,AUTOROUTE A 10,,,Nuit avec éclairage allumé,Hors agglomération,Hors intersection,Normale,Deux véhicules - arrière,,,,,,,,,,,5,1,1,1,2
200600042045,0006-07-14 18:47:00,6,7,14,18,47,330,281,ROCADE A 630,,,Plein jour,Hors agglomération,Hors intersection,Normale,Deux véhicules - arrière,,,,,,,,,,,1,1,1,1,2
200600042046,0006-07-17 08:35:00,6,7,17,8,35,330,192,AUTOROUTE A 63,,,Plein jour,Hors agglomération,Hors intersection,Normale,Autre collision,,,,,,,,,,,1,1,1,1,6
200600042047,0006-07-22 14:35:00,6,7,22,14,35,330,69,ROUTE NATIONALE 230,,,Plein jour,Hors agglomération,Hors intersection,Normale,Autre collision,,,,,,,,,,,1,1,1,1,6
200600042048,0006-07-24 13:30:00,6,7,24,13,30,330,249,ROUTE NATIONALE 230,,,Plein jour,Hors agglomération,Hors intersection,Normale,Deux véhicules - côté,,,,,,,,,,,1,1,1,1,3
200600042049,0006-07-27 10:45:00,6,7,27,10,45,330,550,ROCADE A 630,,,Plein jour,Hors agglomération,Hors intersection,Normale,Sans collision,,,,,,,,,,,1,1,1,1,7
200600042050,0006-07-30 06:30:00,6,7,30,6,30,330,143,AUTOROUTE A 10,,,Crépuscule ou aube,Hors agglomération,Hors intersection,Normale,Autre collision,,,,,,,,,,,2,1,1,1,6
200600042051,0006-07-30 08:40:00,6,7,30,8,40,330,318,ROCADE A 630,,,Plein jour,Hors agglomération,Hors intersection,Normale,Autre collision,,,,,,,,,,,1,1,1,1,6
200600042052,0006-07-31 12:20:00,6,7,31,12,20,330,63,ROCADE A 630,,,Plein jour,Hors agglomération,Hors intersection,Normale,Trois véhicules et plus - en chaîne,,,,,,,,,,,1,1,1,1,4
200600042053,0006-07-01 14:10:00,6,7,1,14,10,690,385,"1, BONDY (DE)",,,Plein jour,En agglomération,Hors intersection,Temps éblouissant,Deux véhicules - arrière,,,,,,,,,,,1,2,1,7,2
200600042054,0006-07-07 22:00:00,6,7,7,22,0,690,385,KITCHENER MARCHAND,,,Nuit avec éclairage allumé,En agglomération,Intersection à plus de 4 branches,Normale,Deux véhicules - côté,,,,,,,,,,,5,2,5,1,3
200600042055,0006-07-10 17:03:00,6,7,10,17,3,690,385,"153/157, BARTHELEMY BUYE",,,Plein jour,En agglomération,Hors intersection,Normale,Autre collision,,,,,,,,,,,1,2,1,1,6
200600042056,0006-07-11 09:50:00,6,7,11,9,50,690,385,", DOCTEUR EDMOND LOCARD",,,Plein jour,En agglomération,Intersection en X,Temps éblouissant,Autre collision,,,,,,,,,,,1,2,2,7,6
200600042057,0006-07-19 11:30:00,6,7,19,11,30,670,137,Route Nationale 83,,,Plein jour,Hors agglomération,Autre intersection,Normale,Deux véhicules - arrière,,,,,,,,,,,1,1,9,1,2
200600042058,0006-07-28 17:00:00,6,7,28,17,0,670,365,Autoroute A.35,,,Plein jour,Hors agglomération,Hors intersection,Normale,Trois véhicules et plus - en chaîne,,,,,,,,,,,1,1,1,1,4
200600042059,0006-07-05 19:30:00,6,7,5,19,30,540,27,Autoroute A 31,,,Plein jour,Hors agglomération,Hors intersection,Normale,Sans collision,,,,,,,,,,,1,1,1,1,7
200600042060,0006-07-09 19:27:00,6,7,9,19,27,540,369,Autoroute A 31,,,Plein jour,Hors agglomération,Hors intersection,Normale,Autre collision,,,,,,,,,,,1,1,1,1,6
200600042061,0006-07-21 04:10:00,6,7,21,4,10,540,90,Autoroute A 31,,,Nuit avec éclairage non allumé,Hors agglomération,Hors intersection,Normale,Autre collision,,,,,,,,,,,4,1,1,1,6
200600042062,0006-07-28 17:35:00,6,7,28,17,35,540,232,Autoroute A 31,,,Plein jour,Hors agglomération,Hors intersection,Normale,Trois véhicules et plus - en chaîne,,,,,,,,,,,1,1,1,1,4
200600042063,0006-07-31 11:15:00,6,7,31,11,15,540,91,Autoroute A 31,,,Plein jour,Hors agglomération,Hors intersection,Normale,Sans collision,,,,,,,,,,,1,1,1,1,7
200600042064,0006-07-07 02:50:00,6,7,7,2,50,570,41,Autoroute A30,,,Nuit sans éclairage public,Hors agglomération,Hors intersection,Normale,Autre collision,,,,,,,,,,,3,1,1,1,6
200600042065,0006-07-10 17:19:00,6,7,10,17,19,570,666,Autoroute A31,,,Plein jour,Hors agglomération,Hors intersection,Normale,Trois véhicules et plus - en chaîne,,,,,,,,,,,1,1,1,1,4
200600042066,0006-07-24 16:10:00,6,7,24,16,10,570,474,Autoroute A31,,,Plein jour,Hors agglomération,Hors intersection,Normale,Autre collision,,,,,,,,,,,1,1,1,1,6
200600042067,0006-07-26 06:52:00,6,7,26,6,52,570,212,Route départementale 66,,,Plein jour,Hors agglomération,Hors intersection,Normale,Deux véhicules - côté,,,,,,,,,,,1,1,1,1,3
200600042068,0006-07-27 12:15:00,6,7,27,12,15,570,480,Autoroute A31,,,Plein jour,Hors agglomération,Hors intersection,Pluie légère,Deux véhicules - côté,,,,,,,,,,,1,1,1,2,3
200600042069,0006-07-31 14:05:00,6,7,31,14,5,570,582,Autoroute A31,,,Plein jour,Hors agglomération,Hors intersection,Normale,Deux véhicules - côté,,,,,,,,,,,1,1,1,1,3
200600042070,0006-07-01 16:05:00,6,7,1,16,5,690,387,CHALLEMEL LACOUR,,,Plein jour,En agglomération,Intersection en X,Normale,Deux véhicules - arrière,,,,,,,,,,,1,2,2,1,2
200600042071,0006-07-07 10:05:00,6,7,7,10,5,690,387,MADELEINE (DE LA),,,Plein jour,En agglomération,Hors intersection,Normale,Autre collision,,,,,,,,,,,1,2,1,1,6
200600042072,0006-07-13 11:30:00,6,7,13,11,30,690,387,TONY GARNIER,,,Plein jour,En agglomération,Intersection en X,Normale,Deux véhicules - côté,,,,,,,,,,,1,2,2,1,3
200600042073,0006-07-06 16:40:00,6,7,6,16,40,690,387,JEAN JAURES,,,Plein jour,En agglomération,Intersection en X,Normale,Autre collision,,,,,,,,,,,1,2,2,1,6
200600042074,0006-07-23 14:30:00,6,7,23,14,30,690,387,"158, BERTHELOT",,,Plein jour,En agglomération,Hors intersection,Normale,Autre collision,,,,,,,,,,,1,2,1,1,6
200600042075,0006-07-22 18:25:00,6,7,22,18,25,690,387,TONY GARNIER,,,Plein jour,En agglomération,Intersection en X,Normale,Deux véhicules - côté,,,,,,,,,,,1,2,2,1,3
200600042076,0006-07-25 07:45:00,6,7,25,7,45,690,387,JEAN JAURES,,,Plein jour,En agglomération,Intersection en X,Normale,Deux véhicules - côté,,,,,,,,,,,1,2,2,1,3
200600042077,0006-07-30 20:15:00,6,7,30,20,15,690,387,GERLAND (DE),,,Plein jour,En agglomération,Intersection en X,Normale,Autre collision,,,,,,,,,,,1,2,2,1,6
200600042078,0006-07-25 10:30:00,6,7,25,10,30,690,387,YVES FARGES,,,Plein jour,En agglomération,Intersection en X,Normale,Deux véhicules - côté,,,,,,,,,,,1,2,2,1,3
200600042079,0006-07-06 19:06:00,6,7,6,19,6,690,388,"00, VIENNE (DE)",,,Plein jour,En agglomération,Intersection en X,Pluie légère,Autre collision,,,,,,,,,,,1,2,2,2,6
200600042080,0006-07-07 12:50:00,6,7,7,12,50,690,388,"31, STEPHANE COIGNET",,,Plein jour,En agglomération,Hors intersection,Normale,Deux véhicules - frontale,,,,,,,,,,,1,2,1,1,1
200600042081,0006-07-07 09:15:00,6,7,7,9,15,690,388,"00, VIENNE (DE)",,,Plein jour,En agglomération,Intersection en X,Normale,Autre collision,,,,,,,,,,,1,2,2,1,6
200600042082,0006-07-13 10:10:00,6,7,13,10,10,690,388,"113, FRERES LUMIERE (DES",,,Plein jour,En agglomération,Hors intersection,Normale,Autre collision,,,,,,,,,,,1,2,1,1,6
200600042083,0006-07-13 17:15:00,6,7,13,17,15,690,388,"00, VILLON (DE)",,,Plein jour,En agglomération,Intersection en X,Normale,Deux véhicules - côté,,,,,,,,,,,1,2,2,1,3
200600042084,0006-07-28 12:40:00,6,7,28,12,40,690,388,"06, JEAN XXIII",,,Plein jour,En agglomération,Hors intersection,Normale,Deux véhicules - côté,,,,,,,,,,,1,2,1,1,3
200600042085,0006-07-28 20:15:00,6,7,28,20,15,690,388,"00, AMBROISE PARE",,,Nuit avec éclairage allumé,En agglomération,Intersection en Y,Pluie légère,Deux véhicules - côté,,,,,,,,,,,5,2,4,2,3
200600042086,0006-07-30 01:00:00,6,7,30,1,0,690,388,"153, ALBERT THOMAS",,,Nuit avec éclairage allumé,En agglomération,Hors intersection,Normale,Deux véhicules - arrière,,,,,,,,,,,5,2,1,1,2
200600042087,0006-07-27 09:50:00,6,7,27,9,50,690,388,"93, VILLON (DE)",,,Plein jour,En agglomération,Hors intersection,Normale,Deux véhicules - arrière,,,,,,,,,,,1,2,1,1,2
200600042088,0006-07-31 11:25:00,6,7,31,11,25,690,388,"00, AUGUSTE CHOLLAT",,,Plein jour,En agglomération,Intersection en X,Normale,Deux véhicules - côté,,,,,,,,,,,1,2,2,1,3
200600042089,0006-07-03 07:45:00,6,7,3,7,45,690,91,A47,,,Crépuscule ou aube,Hors agglomération,Hors intersection,Normale,Sans collision,,,,,,,,,,,2,1,1,1,7
200600042090,0006-07-01 00:20:00,6,7,1,0,20,690,256,A42,,,Nuit avec éclairage allumé,Hors agglomération,Hors intersection,Normale,Sans collision,,,,,,,,,,,5,1,1,1,7
200600042091,0006-07-01 11:40:00,6,7,1,11,40,380,544,RN7,,,Plein jour,Hors agglomération,Intersection à plus de 4 branches,Normale,Deux véhicules - côté,,,,,,,,,,,1,1,5,1,3
200600042092,0006-07-01 20:40:00,6,7,1,20,40,690,389,BPNL,,,Nuit avec éclairage allumé,Hors agglomération,Hors intersection,Normale,Autre collision,,,,,,,,,,,5,1,1,1,6
200600042093,0006-07-02 00:10:00,6,7,2,0,10,380,87,A7,,,Nuit sans éclairage public,Hors agglomération,Hors intersection,Normale,Sans collision,,,,,,,,,,,3,1,1,1,7
200600042094,0006-07-03 08:30:00,6,7,3,8,30,690,297,A47,,,Plein jour,Hors agglomération,Hors intersection,Normale,Trois véhicules et plus - en chaîne,,,,,,,,,,,1,1,1,1,4
200600042095,0006-07-03 15:40:00,6,7,3,15,40,690,382,A7,,,Plein jour,Hors agglomération,Hors intersection,Normale,Deux véhicules - arrière,,,,,,,,,,,1,1,1,1,2
200600042096,0006-07-03 18:50:00,6,7,3,18,50,690,152,A450,,,Plein jour,Hors agglomération,Hors intersection,Pluie forte,Sans collision,,,,,,,,,,,1,1,1,3,7
200600042097,0006-07-05 09:00:00,6,7,5,9,0,690,116,A6,,,Plein jour,Hors agglomération,Hors intersection,Normale,Autre collision,,,,,,,,,,,1,1,1,1,6
200600042098,0006-07-05 10:10:00,6,7,5,10,10,690,9,A6,,,Plein jour,Hors agglomération,Hors intersection,Normale,Autre collision,,,,,,,,,,,1,1,1,1,6
200600042099,0006-07-05 20:05:00,6,7,5,20,5,690,256,RN346,,,Plein jour,Hors agglomération,Hors intersection,Normale,Sans collision,,,,,,,,,,,1,1,1,1,7
200600042100,0006-07-06 22:40:00,6,7,6,22,40,690,290,A46S,,,Nuit sans éclairage public,Hors agglomération,Hors intersection,Pluie légère,Sans collision,,,,,,,,,,,3,1,1,2,7
200600042101,0006-07-12 14:45:00,6,7,12,14,45,690,382,A7,,,Plein jour,Hors agglomération,Hors intersection,Normale,Trois véhicules et plus - en chaîne,,,,,,,,,,,1,1,1,1,4
200600042102,0006-07-07 15:05:00,6,7,7,15,5,690,382,A7,,,Plein jour,Hors agglomération,Hors intersection,Normale,Trois véhicules et plus - en chaîne,,,,,,,,,,,1,1,1,1,4
200600042103,0006-07-07 18:45:00,6,7,7,18,45,690,290,A43,,,Plein jour,Hors agglomération,Hors intersection,Normale,Autre collision,,,,,,,,,,,1,1,1,1,6
200600042104,0006-07-07 20:45:00,6,7,7,20,45,690,271,RN346,,,Plein jour,Hors agglomération,Hors intersection,Normale,Deux véhicules - arrière,,,,,,,,,,,1,1,1,1,2
200600042105,0006-07-08 22:25:00,6,7,8,22,25,380,544,RN7,,,Nuit sans éclairage public,Hors agglomération,Hors intersection,Normale,Deux véhicules - arrière,,,,,,,,,,,3,1,1,1,2
200600042106,0006-07-10 09:45:00,6,7,10,9,45,690,282,RD302,,,Plein jour,Hors agglomération,Hors intersection,Normale,Trois véhicules et plus - en chaîne,,,,,,,,,,,1,1,1,1,4
200600042107,0006-07-12 15:05:00,6,7,12,15,5,690,81,A6,,,Plein jour,Hors agglomération,Hors intersection,Normale,Autre collision,,,,,,,,,,,1,1,1,1,6
200600042108,0006-07-13 13:00:00,6,7,13,13,0,380,184,A43,,,Plein jour,Hors agglomération,Hors intersection,Normale,Sans collision,,,,,,,,,,,1,1,1,1,7
200600042109,0006-07-15 18:45:00,6,7,15,18,45,690,290,A46S,,,Plein jour,Hors agglomération,Hors intersection,Normale,Autre collision,,,,,,,,,,,1,1,1,1,6
200600042110,0006-07-15 19:30:00,6,7,15,19,30,690,276,A7,,,Plein jour,Hors agglomération,Hors intersection,Normale,Autre collision,,,,,,,,,,,1,1,1,1,6
200600042111,0006-07-16 23:40:00,6,7,16,23,40,380,336,A7,,,Nuit avec éclairage allumé,Hors agglomération,Hors intersection,Normale,Deux véhicules - côté,,,,,,,,,,,5,1,1,1,3