accident_id,datetime,annee,mois,jour,heure,minute,departement,commune_insee,adresse,latitude,longitude,luminosite,agglomeration,intersection,meteo,collision,nb_vehicules,nb_usagers,nb_indemnes,nb_tues,nb_blesses_hosp,nb_blesses_legers,age_cond_1,age_cond_2,veh_type_cond_1,veh_type_cond_2,lum_code,agg_code,int_code,atm_code,col_code
200600042247,0006-06-27 16:10:00,6,6,27,16,10,590,350,"170, SALENGRO ROGER RUE",,,Plein jour,En agglomération,Hors intersection,Normale,Autre collision,,,,,,,,,,,1,2,1,1,6
200600042248,0006-06-30 17:19:00,6,6,30,17,19,590,350,TOURNAI RUE DE,,,Plein jour,En agglomération,Hors intersection,Normale,Autre collision,,,,,,,,,,,1,2,1,1,6
200600042249,0006-06-02 19:40:00,6,6,2,19,40,620,555,CORPS DE BOIS (HAMEAU DU,,,Plein jour,En agglomération,Intersection en X,Normale,Deux véhicules - côté,,,,,,,,,,,1,2,2,1,3
200600042250,0006-05-13 11:10:00,6,5,13,11,10,740,118,LIBERATION (ROUTE DE LA),,,Plein jour,En agglomération,Hors intersection,Normale,Deux véhicules - frontale,,,,,,,,,,,1,2,1,1,1
200600042251,0006-05-06 13:05:00,6,5,6,13,5,770,373,"1, PRES ST MARTIN (RUE D",,,Plein jour,En agglomération,Hors intersection,Pluie légère,Deux véhicules - côté,,,,,,,,,,,1,2,1,2,3
200600042252,0006-05-03 13:15:00,6,5,3,13,15,770,249,CD 51,,,Plein jour,En agglomération,Hors intersection,Normale,Deux véhicules - frontale,,,,,,,,,,,1,2,1,1,1
200600042253,0006-06-24 14:50:00,6,6,24,14,50,920,12,MARCEL SEMBAT (PLACE),,,Plein jour,En agglomération,Giratoire,Normale,Autre collision,,,,,,,,,,,1,2,6,1,6
200600042254,0006-04-30 16:35:00,6,4,30,16,35,920,12,GENERAL LECLERC (AVENUE,,,Plein jour,En agglomération,Intersection en X,Pluie légère,Deux véhicules - côté,,,,,,,,,,,1,2,2,2,3
200600042255,0006-05-30 20:20:00,6,5,30,20,20,920,12,"1, BILLANCOURT (RUE DE)",,,Crépuscule ou aube,En agglomération,Intersection en X,Normale,Autre collision,,,,,,,,,,,2,2,2,1,6
200600042256,0006-06-07 19:40:00,6,6,7,19,40,920,12,"1, STALINGRAD (QUAI DE)",,,Nuit sans éclairage public,En agglomération,Hors intersection,Normale,Deux véhicules - côté,,,,,,,,,,,3,2,1,1,3
200600042257,0006-06-23 19:45:00,6,6,23,19,45,920,12,"1, PONT DE SEVRES (ROND",,,Plein jour,En agglomération,Hors intersection,Normale,Autre collision,,,,,,,,,,,1,2,1,1,6
200600042258,0006-06-25 15:05:00,6,6,25,15,5,920,12,"119, ANDRE MORIZET (AVEN",,,Plein jour,Hors agglomération,Hors intersection,Pluie légère,Sans collision,,,,,,,,,,,1,1,1,2,7
200600042259,0006-06-25 16:00:00,6,6,25,16,0,920,12,"1, JEAN JAURES (BOULEVAR",,,Plein jour,En agglomération,Intersection en X,Pluie légère,Deux véhicules - frontale,,,,,,,,,,,1,2,2,2,1
200600042260,0006-06-27 14:30:00,6,6,27,14,30,920,12,"79/81, REINE (ROUTE DE L",,,Plein jour,En agglomération,Hors intersection,Normale,Deux véhicules - côté,,,,,,,,,,,1,2,1,1,3
200600042261,0006-06-29 09:25:00,6,6,29,9,25,920,12,"1, JEAN JAURES (BOULEVAR",,,Plein jour,En agglomération,Intersection en X,Normale,Autre collision,,,,,,,,,,,1,2,2,1,6
200600042262,0006-06-30 12:10:00,6,6,30,12,10,920,12,"face au 67, ANDRE MORIZE",,,Plein jour,En agglomération,Hors intersection,Normale,Deux véhicules - côté,,,,,,,,,,,1,2,1,1,3
200600042263,0006-05-17 15:55:00,6,5,17,15,55,920,12,"1, QUATRE SEPTEMBRE (QUA",,,Plein jour,En agglomération,Hors intersection,Normale,Trois véhicules et plus - en chaîne,,,,,,,,,,,1,2,1,1,4
200600042264,0006-04-05 21:45:00,6,4,5,21,45,950,527,J 12 - RTE DESB ADAUDS /,,,Nuit avec éclairage allumé,Hors agglomération,Intersection en X,Normale,Deux véhicules - côté,,,,,,,,,,,5,1,2,1,3
200600042265,0006-03-15 06:47:00,6,3,15,6,47,920,64,A13,,,Nuit avec éclairage allumé,Hors agglomération,Hors intersection,Normale,Sans collision,,,,,,,,,,,5,1,1,1,7
200600042266,0006-04-03 22:30:00,6,4,3,22,30,780,126,A13,,,Nuit avec éclairage allumé,Hors agglomération,Hors intersection,Normale,Deux véhicules - côté,,,,,,,,,,,5,1,1,1,3
200600042267,0006-06-28 09:06:00,6,6,28,9,6,920,76,A13,,,Plein jour,Hors agglomération,Hors intersection,Normale,Deux véhicules - arrière,,,,,,,,,,,1,1,1,1,2
200600042268,0006-06-28 12:50:00,6,6,28,12,50,780,43,A13,,,Plein jour,Hors agglomération,Hors intersection,Normale,Trois véhicules et plus - en chaîne,,,,,,,,,,,1,1,1,1,4
200600042269,0006-07-19 07:15:00,6,7,19,7,15,590,11,RUE SALENGRO -,50.53,2.93,Plein jour,En agglomération,Hors intersection,Normale,Deux véhicules - côté,,,,,,,,,,,1,2,1,1,3
200600042270,0006-07-17 09:45:00,6,7,17,9,45,590,320,rue du calvaire,50.563,2.829,Plein jour,En agglomération,Hors intersection,Temps éblouissant,Sans collision,,,,,,,,,,,1,2,1,7,7
200600042271,0006-07-07 15:00:00,6,7,7,15,0,590,123,Rue Nationale,50.52,2.988,Plein jour,En agglomération,Hors intersection,Normale,Deux véhicules - frontale,,,,,,,,,,,1,2,1,1,1
200600042272,0006-07-24 15:45:00,6,7,24,15,45,590,462,,50.512,3.038,Plein jour,Hors agglomération,Hors intersection,Normale,Sans collision,,,,,,,,,,,1,1,1,1,7
200600042273,0006-07-01 06:45:00,6,7,1,6,45,590,82,CD 916,50.99,2.404,Plein jour,Hors agglomération,Hors intersection,Normale,Sans collision,,,,,,,,,,,1,1,1,1,7
200600042274,0006-07-20 07:30:00,6,7,20,7,30,590,478,CD 110,,,Plein jour,Hors agglomération,Hors intersection,Normale,Trois véhicules et plus - en chaîne,,,,,,,,,,,1,1,1,1,4
200600042275,0006-07-01 06:45:00,6,7,1,6,45,590,416,0 route de Wallon Cappel,50.703,2.501,Plein jour,Hors agglomération,Hors intersection,Normale,Autre collision,,,,,,,,,,,1,1,1,1,6
200600042276,0006-07-24 08:15:00,6,7,24,8,15,590,535,,50.771,2.709,Plein jour,Hors agglomération,Intersection en T,Normale,Deux véhicules - côté,,,,,,,,,,,1,1,3,1,3
200600042277,0006-07-06 17:30:00,6,7,6,17,30,590,268,42 Avenue des Aulnes,,,Plein jour,En agglomération,Hors intersection,Normale,Autre collision,,,,,,,,,,,1,2,1,1,6
200600042278,0006-07-08 16:20:00,6,7,8,16,20,590,268,rue du Général De Gaulle,50.644,2.722,Plein jour,En agglomération,Hors intersection,Normale,Deux véhicules - arrière,,,,,,,,,,,1,2,1,1,2
200600042279,0006-07-11 04:00:00,6,7,11,4,0,590,268,,,,Crépuscule ou aube,Hors agglomération,Hors intersection,Normale,Sans collision,,,,,,,,,,,2,1,1,1,7
200600042280,0006-07-08 14:00:00,6,7,8,14,0,590,293,,50.644,2.585,Plein jour,Hors agglomération,Hors intersection,Normale,Autre collision,,,,,,,,,,,1,1,1,1,6
200600042281,0006-07-07 20:45:00,6,7,7,20,45,590,18,rue de cassel,50.83,2.4,Plein jour,En agglomération,Hors intersection,Normale,Autre collision,,,,,,,,,,,1,2,1,1,6
200600042282,0006-07-21 07:30:00,6,7,21,7,30,590,536,,50.794,2.513,Crépuscule ou aube,Hors agglomération,Hors intersection,Normale,Deux véhicules - côté,,,,,,,,,,,2,1,1,1,3
200600042283,0006-07-29 22:15:00,6,7,29,22,15,590,252,CHEMIN DE HALAGE,,,Nuit sans éclairage public,En agglomération,Hors intersection,Normale,Autre collision,,,,,,,,,,,3,2,1,1,6
200600042284,0006-07-12 18:00:00,6,7,12,18,0,590,166,"77, route nationale",50.33,3.6,Plein jour,En agglomération,Hors intersection,Normale,Autre collision,,,,,,,,,,,1,2,1,1,6
200600042285,0006-07-30 19:15:00,6,7,30,19,15,590,335,,50.484,3.371,Plein jour,Hors agglomération,Hors intersection,Normale,Deux véhicules - frontale,,,,,,,,,,,1,1,1,1,1
200600042286,0006-07-13 18:30:00,6,7,13,18,30,590,164,,50.162,3.576,Plein jour,Hors agglomération,Hors intersection,Normale,Sans collision,,,,,,,,,,,1,1,1,1,7
200600042287,0006-07-15 20:25:00,6,7,15,20,25,590,331,nue du Général De Gaulle,,,Plein jour,En agglomération,Hors intersection,Temps éblouissant,Autre collision,,,,,,,,,,,1,2,1,7,6
200600042288,0006-07-28 11:55:00,6,7,28,11,55,590,593,route nationale 30,,,Plein jour,Hors agglomération,Hors intersection,Normale,Deux véhicules - frontale,,,,,,,,,,,1,1,1,1,1
200600042289,0006-07-30 23:15:00,6,7,30,23,15,590,394,11 rue d'En Bas,50.072,3.458,Nuit sans éclairage public,En agglomération,Hors intersection,Normale,Autre collision,,,,,,,,,,,3,2,1,1,6
200600042290,0006-07-01 18:30:00,6,7,1,18,30,590,571,Place Doumer,50.188,3.494,Plein jour,En agglomération,Hors intersection,Normale,Deux véhicules - côté,,,,,,,,,,,1,2,1,1,3
200600042291,0006-07-03 18:30:00,6,7,3,18,30,590,15,rue de la poste,,,Plein jour,En agglomération,Giratoire,Normale,Autre collision,,,,,,,,,,,1,2,6,1,6
200600042292,0006-07-18 09:50:00,6,7,18,9,50,590,620,rue d' ERCHIN,,,Plein jour,En agglomération,Hors intersection,Normale,Autre collision,,,,,,,,,,,1,2,1,1,6
200600042293,0006-07-20 11:30:00,6,7,20,11,30,590,115,rue d'en bas,,,Plein jour,En agglomération,Hors intersection,Normale,Autre collision,,,,,,,,,,,1,2,1,1,6
200600042294,0006-07-03 12:15:00,6,7,3,12,15,590,548,,50.308,3.729,Plein jour,Hors agglomération,Hors intersection,Temps éblouissant,Deux véhicules - arrière,,,,,,,,,,,1,1,1,7,2
200600042295,0006-07-08 05:30:00,6,7,8,5,30,590,76,route de Mons,50.34,3.97,Crépuscule ou aube,En agglomération,Hors intersection,Normale,Autre collision,,,,,,,,,,,2,2,1,1,6
200600042296,0006-07-13 12:40:00,6,7,13,12,40,590,315,RN 49,,,Plein jour,Hors agglomération,Hors intersection,Normale,Sans collision,,,,,,,,,,,1,1,1,1,7
200600042297,0006-07-02 18:25:00,6,7,2,18,25,590,639,RN.2049,,,Plein jour,Hors agglomération,Hors intersection,Temps éblouissant,Autre collision,,,,,,,,,,,1,1,1,7,6
200600042298,0006-07-06 23:30:00,6,7,6,23,30,590,58,,,,Nuit sans éclairage public,Hors agglomération,Hors intersection,Normale,Deux véhicules - frontale,,,,,,,,,,,3,1,1,1,1
200600042299,0006-07-25 08:15:00,6,7,25,8,15,590,572,CD962,,,Plein jour,Hors agglomération,Hors intersection,Normale,Deux véhicules - arrière,,,,,,,,,,,1,1,1,1,2
200600042300,0006-07-03 17:45:00,6,7,3,17,45,620,638,RUE PAUL TRINET,50.25,3.119,Plein jour,En agglomération,Hors intersection,Temps éblouissant,Autre collision,,,,,,,,,,,1,2,1,7,6
200600042301,0006-07-22 11:00:00,6,7,22,11,0,620,568,,50.25,2.769,Nuit sans éclairage public,En agglomération,Hors intersection,Normale,Deux véhicules - côté,,,,,,,,,,,3,2,1,1,3
200600042302,0006-07-31 17:45:00,6,7,31,17,45,620,865,,50.338,2.965,Plein jour,Hors agglomération,Hors intersection,Normale,Sans collision,,,,,,,,,,,1,1,1,1,7
200600042303,0006-07-20 20:20:00,6,7,20,20,20,620,473,Rue Schuman,,,Plein jour,En agglomération,Hors intersection,Normale,Deux véhicules - frontale,,,,,,,,,,,1,2,1,1,1
200600042304,0006-07-29 18:30:00,6,7,29,18,30,620,713,,50.602,2.551,Plein jour,Hors agglomération,Hors intersection,Normale,Autre collision,,,,,,,,,,,1,1,1,1,6
200600042305,0006-07-06 03:45:00,6,7,6,3,45,620,502,,50.619,2.67,Nuit sans éclairage public,Hors agglomération,Hors intersection,Normale,Autre collision,,,,,,,,,,,3,1,1,1,6
200600042306,0006-07-13 15:30:00,6,7,13,15,30,620,397,pont à Vaches et RD 244,50.87,1.891,Plein jour,Hors agglomération,Hors intersection,Normale,Deux véhicules - côté,,,,,,,,,,,1,1,1,1,3
200600042307,0006-07-31 00:10:00,6,7,31,0,10,620,506,Rue A et G Parmentier,,,Nuit sans éclairage public,En agglomération,Hors intersection,Normale,Autre collision,,,,,,,,,,,3,2,1,1,6
200600042308,0006-07-16 20:15:00,6,7,16,20,15,620,571,,50.467,1.579,Plein jour,En agglomération,Hors intersection,Normale,Deux véhicules - côté,,,,,,,,,,,1,2,1,1,3
200600042309,0006-07-20 01:30:00,6,7,20,1,30,620,461,,50.388,2.045,Nuit sans éclairage public,Hors agglomération,Hors intersection,Normale,Sans collision,,,,,,,,,,,3,1,1,1,7
200600042310,0006-07-15 14:30:00,6,7,15,14,30,620,742,D 144,,,Plein jour,Hors agglomération,Hors intersection,Normale,Sans collision,,,,,,,,,,,1,1,1,1,7
200600042311,0006-07-21 15:00:00,6,7,21,15,0,620,14,,50.663,2.425,Plein jour,Hors agglomération,Intersection en T,Normale,Deux véhicules - côté,,,,,,,,,,,1,1,3,1,3
200600042312,0006-07-30 00:15:00,6,7,30,0,15,620,14,RN 43,,,Nuit avec éclairage allumé,En agglomération,Hors intersection,Normale,Deux véhicules - côté,,,,,,,,,,,5,2,1,1,3
200600042313,0006-07-02 14:00:00,6,7,2,14,0,620,468,PK 134 - RN 39,,,Plein jour,Hors agglomération,Intersection en X,Normale,Deux véhicules - côté,,,,,,,,,,,1,1,2,1,3
200600042314,0006-07-16 10:45:00,6,7,16,10,45,620,260,,,,Plein jour,Hors agglomération,Hors intersection,Normale,Trois véhicules et plus - en chaîne,,,,,,,,,,,1,1,1,1,4
200600042315,0006-07-21 09:45:00,6,7,21,9,45,620,652,RUE DU 08 MAI,50.488,2.41,Plein jour,En agglomération,Hors intersection,Normale,Deux véhicules - frontale,,,,,,,,,,,1,2,1,1,1
200600042316,0006-07-02 18:00:00,6,7,2,18,0,620,490,15 Grand rue,50.293,2.581,Plein jour,En agglomération,Hors intersection,Normale,Autre collision,,,,,,,,,,,1,2,1,1,6
200600042317,0006-07-22 20:45:00,6,7,22,20,45,620,113,rue d eau,50.349,2.54,Plein jour,En agglomération,Hors intersection,Normale,Deux véhicules - frontale,,,,,,,,,,,1,2,1,1,1
200600042318,0006-07-28 10:00:00,6,7,28,10,0,620,507,,50.276,2.473,Plein jour,Hors agglomération,Hors intersection,Normale,Autre collision,,,,,,,,,,,1,1,1,1,6
200600042319,0006-07-31 22:30:00,6,7,31,22,30,620,856,,50.362,2.541,Nuit sans éclairage public,Hors agglomération,Hors intersection,Normale,Autre collision,,,,,,,,,,,3,1,1,1,6
200600042320,0006-07-16 14:15:00,6,7,16,14,15,800,554,rue du Général LECLERC,49.887,2.016,Plein jour,En agglomération,Hors intersection,Normale,Deux véhicules - côté,,,,,,,,,,,1,2,1,1,3
200600042321,0006-07-15 15:45:00,6,7,15,15,45,800,463,ROUTE DE CORBIE,,,Plein jour,En agglomération,Hors intersection,Normale,Deux véhicules - côté,,,,,,,,,,,1,2,1,1,3
200600042322,0006-07-22 19:30:00,6,7,22,19,30,800,799,,,,Nuit sans éclairage public,Hors agglomération,Giratoire,Normale,Sans collision,,,,,,,,,,,3,1,6,1,7
200600042323,0006-07-06 11:45:00,6,7,6,11,45,800,456,blangiel,,,Plein jour,En agglomération,Hors intersection,Normale,Trois véhicules et plus - collisions multiples,,,,,,,,,,,1,2,1,1,5
200600042324,0006-07-09 15:20:00,6,7,9,15,20,800,484,RSECTION CD 157 et CD 96,,,Plein jour,Hors agglomération,Intersection en X,Normale,Deux véhicules - côté,,,,,,,,,,,1,1,2,1,3
200600042325,0006-07-30 15:45:00,6,7,30,15,45,800,324,rue du bois,49.948,1.801,Plein jour,En agglomération,Autre intersection,Normale,Sans collision,,,,,,,,,,,1,2,9,1,7
200600042326,0006-07-03 09:50:00,6,7,3,9,50,800,627,,,,Plein jour,Hors agglomération,Hors intersection,Normale,Autre collision,,,,,,,,,,,1,1,1,1,6
200600042327,0006-07-14 05:15:00,6,7,14,5,15,800,301,route de POIX,,,Crépuscule ou aube,En agglomération,Hors intersection,Normale,Autre collision,,,,,,,,,,,2,2,1,1,6
200600042328,0006-07-09 16:45:00,6,7,9,16,45,800,20,,,,Plein jour,Hors agglomération,Hors intersection,Normale,Sans collision,,,,,,,,,,,1,1,1,1,7
200600042329,0006-07-01 23:45:00,6,7,1,23,45,800,512,RUE JACQUES MOIGNET,,,Nuit avec éclairage allumé,En agglomération,Hors intersection,Normale,Deux véhicules - côté,,,,,,,,,,,5,2,1,1,3
200600042330,0006-07-06 12:00:00,6,7,6,12,0,800,406,,,,Plein jour,Hors agglomération,Hors intersection,Normale,Deux véhicules - frontale,,,,,,,,,,,1,1,1,1,1
200600042331,0006-07-15 18:45:00,6,7,15,18,45,800,9,CD46 - RN1,,,Plein jour,En agglomération,Intersection en X,Normale,Deux véhicules - côté,,,,,,,,,,,1,2,2,1,3
200600042332,0006-07-19 08:45:00,6,7,19,8,45,800,546,Hameau de Petit Miannay,,,Plein jour,Hors agglomération,Hors intersection,Normale,Deux véhicules - arrière,,,,,,,,,,,1,1,1,1,2
200600042333,0006-07-23 11:15:00,6,7,23,11,15,800,344,RN 1,,,Plein jour,Hors agglomération,Hors intersection,Normale,Deux véhicules - frontale,,,,,,,,,,,1,1,1,1,1
200600042334,0006-07-30 23:30:00,6,7,30,23,30,800,76,hemin départemental 9208,,,Nuit sans éclairage public,Hors agglomération,Hors intersection,Normale,Autre collision,,,,,,,,,,,3,1,1,1,6
200600042335,0006-07-12 10:00:00,6,7,12,10,0,800,126,carrefour CD928/D1015,49.942,1.636,Plein jour,En agglomération,Intersection en X,Normale,Deux véhicules - frontale,,,,,,,,,,,1,2,2,1,1
200600042336,0006-07-21 18:15:00,6,7,21,18,15,800,826,248 ROUTE D AULT,,,Plein jour,Hors agglomération,Hors intersection,Normale,Deux véhicules - côté,,,,,,,,,,,1,1,1,1,3
200600042337,0006-07-22 20:50:00,6,7,22,20,50,800,775,Rue de la République,,,Nuit sans éclairage public,En agglomération,Hors intersection,Normale,Deux véhicules - frontale,,,,,,,,,,,3,2,1,1,1
200600042338,0006-07-02 23:00:00,6,7,2,23,0,800,396,,,,Nuit sans éclairage public,Hors agglomération,Hors intersection,Normale,Autre collision,,,,,,,,,,,3,1,1,1,6
200600042339,0006-07-08 19:30:00,6,7,8,19,30,800,633,CD 940 - PK 29+300,50.216,1.67,Plein jour,Hors agglomération,Hors intersection,Normale,Deux véhicules - côté,,,,,,,,,,,1,1,1,1,3
200600042340,0006-07-13 21:30:00,6,7,13,21,30,800,222,,,,Plein jour,Hors agglomération,Hors intersection,Normale,Deux véhicules - frontale,,,,,,,,,,,1,1,1,1,1
200600042341,0006-07-22 11:00:00,6,7,22,11,0,800,149,Face au 22 petit chemin,,,Plein jour,En agglomération,Hors intersection,Normale,Deux véhicules - frontale,,,,,,,,,,,1,2,1,1,1
200600042342,0006-07-17 17:45:00,6,7,17,17,45,800,182,Rue de la République,,,Plein jour,En agglomération,Hors intersection,Normale,Deux véhicules - côté,,,,,,,,,,,1,2,1,1,3
200600042343,0006-07-27 17:00:00,6,7,27,17,0,800,464,t LANCHERES à ST BLIMONT,,,Plein jour,Hors agglomération,Hors intersection,Normale,Deux véhicules - frontale,,,,,,,,,,,1,1,1,1,1
200600042344,0006-07-29 09:00:00,6,7,29,9,0,800,721,ROUTE D ABBEVILLE,,,Plein jour,En agglomération,Hors intersection,Normale,Autre collision,,,,,,,,,,,1,2,1,1,6
200600042345,0006-07-29 16:30:00,6,7,29,16,30,800,431,Rue Sainte-Catherine,,,Plein jour,En agglomération,Hors intersection,Normale,Sans collision,,,,,,,,,,,1,2,1,1,7
200600042346,0006-07-31 13:45:00,6,7,31,13,45,800,168,,50.116,2.273,Plein jour,Hors agglomération,Hors intersection,Normale,Deux véhicules - côté,,,,,,,,,,,1,1,1,1,3
200600042347,0006-07-19 09:30:00,6,7,19,9,30,800,685,rue du docteur DUQUESNEL,,,Plein jour,En agglomération,Hors intersection,Temps éblouissant,Autre collision,,,,,,,,,,,1,2,1,7,6
200600042348,0006-07-31 17:15:00,6,7,31,17,15,800,759,RN 17,,,Plein jour,Hors agglomération,Hors intersection,Normale,Deux véhicules - frontale,,,,,,,,,,,1,1,1,1,1
200600042349,0006-07-12 19:45:00,6,7,12,19,45,800,595,CD 935,,,Plein jour,Hors agglomération,Hors intersection,Normale,Deux véhicules - frontale,,,,,,,,,,,1,1,1,1,1
200600042350,0006-07-19 10:00:00,6,7,19,10,0,800,10,28 rue Sadi Carmon,49.759,2.364,Plein jour,En agglomération,Hors intersection,Normale,Autre collision,,,,,,,,,,,1,2,1,1,6
200600042351,0006-07-05 18:30:00,6,7,5,18,30,800,552,,,,Plein jour,Hors agglomération,Hors intersection,Normale,Autre collision,,,,,,,,,,,1,1,1,1,6
200600042352,0006-07-18 15:45:00,6,7,18,15,45,800,620,80 faubourg de paris,49.93,2.93,Plein jour,En agglomération,Hors intersection,Normale,Autre collision,,,,,,,,,,,1,2,1,1,6
200600042353,0006-07-21 19:30:00,6,7,21,19,30,800,620,,49.93,2.96,Plein jour,Hors agglomération,Hors intersection,Normale,Deux véhicules - côté,,,,,,,,,,,1,1,1,1,3
200600042354,0006-07-25 11:45:00,6,7,25,11,45,800,16,CD 938,50.002,2.662,Plein jour,En agglomération,Autre intersection,Normale,Sans collision,,,,,,,,,,,1,2,9,1,7
200600042355,0006-07-04 15:00:00,6,7,4,15,0,800,409,RUE DE CHAULNES,,,Plein jour,En agglomération,Hors intersection,Temps couvert,Deux véhicules - côté,,,,,,,,,,,1,2,1,8,3
200600042356,0006-07-05 17:45:00,6,7,5,17,45,800,530,,,,Plein jour,Hors agglomération,Hors intersection,Normale,Deux véhicules - frontale,,,,,,,,,,,1,1,1,1,1
200600042357,0006-07-17 15:00:00,6,7,17,15,0,800,572,,,,Plein jour,Hors agglomération,Intersection en X,Normale,Deux véhicules - côté,,,,,,,,,,,1,1,2,1,3
200600042358,0006-07-26 15:15:00,6,7,26,15,15,800,743,,49.984,2.761,Plein jour,Hors agglomération,Hors intersection,Normale,Deux véhicules - arrière,,,,,,,,,,,1,1,1,1,2
200600042359,0006-07-28 18:45:00,6,7,28,18,45,800,353,,,,Plein jour,Hors agglomération,Hors intersection,Normale,Deux véhicules - frontale,,,,,,,,,,,1,1,1,1,1
200600042360,0006-07-05 07:15:00,6,7,5,7,15,20,46,,49.655,3.616,Plein jour,Hors agglomération,Hors intersection,Normale,Autre collision,,,,,,,,,,,1,1,1,1,6
200600042361,0006-07-19 19:45:00,6,7,19,19,45,20,651,CD35E,,,Plein jour,Hors agglomération,Hors intersection,Normale,Autre collision,,,,,,,,,,,1,1,1,1,6
200600042362,0006-07-13 14:30:00,6,7,13,14,30,20,236,Hameau de Béthancourt,,,Plein jour,Hors agglomération,Hors intersection,Normale,Deux véhicules - côté,,,,,,,,,,,1,1,1,1,3
200600042363,0006-07-24 08:00:00,6,7,24,8,0,20,282,,49.565,3.696,Plein jour,Hors agglomération,Hors intersection,Normale,Sans collision,,,,,,,,,,,1,1,1,1,7
200600042364,0006-07-27 19:15:00,6,7,27,19,15,20,13,,49.486,3.928,Plein jour,Hors agglomération,Hors intersection,Normale,Deux véhicules - côté,,,,,,,,,,,1,1,1,1,3
200600042365,0006-07-30 23:30:00,6,7,30,23,30,20,279,,,,Nuit sans éclairage public,Hors agglomération,Hors intersection,Brouillard / fumée,Sans collision,,,,,,,,,,,3,1,1,5,7
200600042366,0006-07-31 08:45:00,6,7,31,8,45,20,458,,48.896,3.489,Plein jour,Hors agglomération,Hors intersection,Brouillard / fumée,Deux véhicules - côté,,,,,,,,,,,1,1,1,5,3
200600042367,0006-07-06 10:00:00,6,7,6,10,0,20,555,CD11,,,Plein jour,Hors agglomération,Intersection en T,Normale,Deux véhicules - côté,,,,,,,,,,,1,1,3,1,3
200600042368,0006-07-02 01:15:00,6,7,2,1,15,20,694,T DU CANAL DE ST QUENTIN,,,Nuit sans éclairage public,En agglomération,Autre intersection,Normale,Deux véhicules - frontale,,,,,,,,,,,3,2,9,1,1
200600042369,0006-07-02 08:45:00,6,7,2,8,45,20,648,grande rue,,,Plein jour,En agglomération,Hors intersection,Normale,Deux véhicules - frontale,,,,,,,,,,,1,2,1,1,1
200600042370,0006-07-02 18:00:00,6,7,2,18,0,20,438,,,,Plein jour,Hors agglomération,Intersection en X,Normale,Deux véhicules - côté,,,,,,,,,,,1,1,2,1,3
200600042371,0006-07-04 14:45:00,6,7,4,14,45,20,795,9 rue brouillaud,49.413,3.11,Plein jour,En agglomération,Hors intersection,Normale,Autre collision,,,,,,,,,,,1,2,1,1,6
200600042372,0006-07-23 14:45:00,6,7,23,14,45,20,200,,,,Plein jour,Hors agglomération,Passage à niveau,Normale,Deux véhicules - frontale,,,,,,,,,,,1,1,8,1,1
200600042373,0006-07-14 21:15:00,6,7,14,21,15,20,103,,50.019,3.731,Crépuscule ou aube,Hors agglomération,Hors intersection,Normale,Autre collision,,,,,,,,,,,2,1,1,1,6
200600042374,0006-07-25 09:45:00,6,7,25,9,45,20,668,lace de l'Hôtel de Ville,,,Plein jour,En agglomération,Hors intersection,Normale,Autre collision,,,,,,,,,,,1,2,1,1,6
200600042375,0006-07-30 01:30:00,6,7,30,1,30,20,419,,,,Nuit sans éclairage public,Hors agglomération,Hors intersection,Normale,Autre collision,,,,,,,,,,,3,1,1,1,6
200600042376,0006-07-22 00:45:00,6,7,22,0,45,20,70,,,,Nuit avec éclairage non allumé,Hors agglomération,Hors intersection,Normale,Autre collision,,,,,,,,,,,4,1,1,1,6
200600042377,0006-07-08 01:15:00,6,7,8,1,15,20,381,rue de la Liberté,49.926,4.087,Nuit avec éclairage allumé,En agglomération,Hors intersection,Normale,Trois véhicules et plus - collisions multiples,,,,,,,,,,,5,2,1,1,5
200600042378,0006-07-23 05:55:00,6,7,23,5,55,20,381,RD 1043,49.952,4.068,Plein jour,Hors agglomération,Hors intersection,Normale,Deux véhicules - frontale,,,,,,,,,,,1,1,1,1,1
200600042379,0006-07-06 00:45:00,6,7,6,0,45,600,30,,49.358,2.099,Nuit sans éclairage public,Hors agglomération,Hors intersection,Normale,Autre collision,,,,,,,,,,,3,1,1,1,6
200600042380,0006-07-05 19:30:00,6,7,5,19,30,600,29,,49.367,1.974,Plein jour,Hors agglomération,Intersection en X,Normale,Deux véhicules - côté,,,,,,,,,,,1,1,2,1,3
200600042381,0006-07-08 00:01:00,6,7,8,0,1,600,29,,49.361,2.029,Nuit sans éclairage public,Hors agglomération,Hors intersection,Pluie légère,Sans collision,,,,,,,,,,,3,1,1,2,7
200600042382,0006-07-12 13:25:00,6,7,12,13,25,600,523,"ies"", Route Nationale 31",,,Plein jour,En agglomération,Hors intersection,Normale,Trois véhicules et plus - collisions multiples,,,,,,,,,,,1,2,1,1,5
200600042383,0006-07-26 13:15:00,6,7,26,13,15,600,477,1422 route des Solons,49.425,1.918,Plein jour,En agglomération,Hors intersection,Normale,Autre collision,,,,,,,,,,,1,2,1,1,6