accident_id,datetime,annee,mois,jour,heure,minute,departement,commune_insee,adresse,latitude,longitude,luminosite,agglomeration,intersection,meteo,collision,nb_vehicules,nb_usagers,nb_indemnes,nb_tues,nb_blesses_hosp,nb_blesses_legers,age_cond_1,age_cond_2,veh_type_cond_1,veh_type_cond_2,lum_code,agg_code,int_code,atm_code,col_code
200600042660,0006-07-03 17:30:00,6,7,3,17,30,500,249,,49.368,-1.281,Plein jour,Hors agglomération,Hors intersection,Normale,Deux véhicules - côté,,,,,,,,,,,1,1,1,1,3
200600042661,0006-07-13 07:15:00,6,7,13,7,15,500,333,,,,Plein jour,En agglomération,Hors intersection,Normale,Deux véhicules - frontale,,,,,,,,,,,1,2,1,1,1
200600042662,0006-07-14 10:00:00,6,7,14,10,0,500,194,Lieu dit Le Val,49.437,-1.336,Plein jour,Hors agglomération,Hors intersection,Normale,Autre collision,,,,,,,,,,,1,1,1,1,6
200600042663,0006-07-17 13:00:00,6,7,17,13,0,500,49,,49.389,-1.634,Plein jour,Hors agglomération,Intersection en X,Normale,Deux véhicules - côté,,,,,,,,,,,1,1,2,1,3
200600042664,0006-07-10 15:00:00,6,7,10,15,0,500,87,RN 13,,,Plein jour,Hors agglomération,Hors intersection,Normale,Sans collision,,,,,,,,,,,1,1,1,1,7
200600042665,0006-07-05 22:00:00,6,7,5,22,0,500,569,"""Le Pont de la Roque""",,,Nuit sans éclairage public,Hors agglomération,Hors intersection,Normale,Deux véhicules - frontale,,,,,,,,,,,3,1,1,1,1
200600042666,0006-07-21 05:00:00,6,7,21,5,0,500,506,,49.069,-1.547,Nuit sans éclairage public,Hors agglomération,Hors intersection,Normale,Autre collision,,,,,,,,,,,3,1,1,1,6
200600042667,0006-07-25 02:20:00,6,7,25,2,20,500,111,CD 52 - PK,,,Nuit sans éclairage public,Hors agglomération,Hors intersection,Autre,Sans collision,,,,,,,,,,,3,1,1,9,7
200600042668,0006-07-24 17:45:00,6,7,24,17,45,500,111,,49.042,-1.304,Plein jour,Hors agglomération,Hors intersection,Normale,Deux véhicules - côté,,,,,,,,,,,1,1,1,1,3
200600042669,0006-07-14 14:30:00,6,7,14,14,30,500,463,,,,Plein jour,Hors agglomération,Hors intersection,Normale,Deux véhicules - côté,,,,,,,,,,,1,1,1,1,3
200600042670,0006-07-15 17:45:00,6,7,15,17,45,500,533,,,,Plein jour,Hors agglomération,Hors intersection,Normale,Autre collision,,,,,,,,,,,1,1,1,1,6
200600042671,0006-07-22 05:30:00,6,7,22,5,30,500,267,,49.216,-1.518,Crépuscule ou aube,Hors agglomération,Hors intersection,Normale,Deux véhicules - frontale,,,,,,,,,,,2,1,1,1,1
200600042672,0006-07-23 19:30:00,6,7,23,19,30,500,428,,,,Plein jour,Hors agglomération,Hors intersection,Normale,Autre collision,,,,,,,,,,,1,1,1,1,6
200600042673,0006-07-31 03:15:00,6,7,31,3,15,500,131,,48.71,-1.02,Nuit sans éclairage public,Hors agglomération,Hors intersection,Normale,Autre collision,,,,,,,,,,,3,1,1,1,6
200600042674,0006-07-15 13:15:00,6,7,15,13,15,610,467,"RN 12, PK 59+300",,,Plein jour,Hors agglomération,Hors intersection,Normale,Deux véhicules - arrière,,,,,,,,,,,1,1,1,1,2
200600042675,0006-07-24 07:50:00,6,7,24,7,50,610,240,D 238,,,Plein jour,En agglomération,Hors intersection,Normale,Autre collision,,,,,,,,,,,1,2,1,1,6
200600042676,0006-07-24 08:30:00,6,7,24,8,30,610,400,,,,Plein jour,Hors agglomération,Hors intersection,Normale,Autre collision,,,,,,,,,,,1,1,1,1,6
200600042677,0006-07-11 19:55:00,6,7,11,19,55,610,508,Boulevard Dendu,,,Plein jour,En agglomération,Intersection en Y,Normale,Deux véhicules - frontale,,,,,,,,,,,1,2,4,1,1
200600042678,0006-07-28 12:00:00,6,7,28,12,0,610,462,,,,Plein jour,Hors agglomération,Hors intersection,Normale,Deux véhicules - arrière,,,,,,,,,,,1,1,1,1,2
200600042679,0006-07-06 12:30:00,6,7,6,12,30,610,275,,48.7,0.31,Plein jour,Hors agglomération,Hors intersection,Normale,Autre collision,,,,,,,,,,,1,1,1,1,6
200600042680,0006-07-26 00:30:00,6,7,26,0,30,610,275,,,,Nuit sans éclairage public,Hors agglomération,Hors intersection,Normale,Autre collision,,,,,,,,,,,3,1,1,1,6
200600042681,0006-07-28 11:45:00,6,7,28,11,45,610,193,,48.78,0.56,Plein jour,Hors agglomération,Hors intersection,Normale,Deux véhicules - arrière,,,,,,,,,,,1,1,1,1,2
200600042682,0006-07-29 00:45:00,6,7,29,0,45,610,191,,,,Plein jour,Hors agglomération,Hors intersection,Normale,Autre collision,,,,,,,,,,,1,1,1,1,6
200600042683,0006-07-16 19:15:00,6,7,16,19,15,610,145,18 R. DES FOSSES PLISSON,,,Plein jour,En agglomération,Hors intersection,Normale,Trois véhicules et plus - collisions multiples,,,,,,,,,,,1,2,1,1,5
200600042684,0006-07-19 19:00:00,6,7,19,19,0,610,91,,,,Plein jour,Hors agglomération,Intersection en X,Normale,Deux véhicules - côté,,,,,,,,,,,1,1,2,1,3
200600042685,0006-07-10 21:00:00,6,7,10,21,0,610,200,route de Geneslay,48.52,-0.445,Plein jour,En agglomération,Hors intersection,Normale,Deux véhicules - arrière,,,,,,,,,,,1,2,1,1,2
200600042686,0006-07-12 12:45:00,6,7,12,12,45,610,486,Zone IndustrielleI,,,Plein jour,En agglomération,Hors intersection,Normale,Deux véhicules - côté,,,,,,,,,,,1,2,1,1,3
200600042687,0006-07-16 01:15:00,6,7,16,1,15,610,7,,,,Nuit sans éclairage public,Hors agglomération,Hors intersection,Normale,Sans collision,,,,,,,,,,,3,1,1,1,7
200600042688,0006-07-29 11:15:00,6,7,29,11,15,610,287,,,,Plein jour,Hors agglomération,Hors intersection,Normale,Deux véhicules - frontale,,,,,,,,,,,1,1,1,1,1
200600042689,0006-07-01 19:45:00,6,7,1,19,45,610,214,rue charles clouet,,,Plein jour,En agglomération,Hors intersection,Normale,Autre collision,,,,,,,,,,,1,2,1,1,6
200600042690,0006-07-03 19:45:00,6,7,3,19,45,610,440,,,,Plein jour,Hors agglomération,Hors intersection,Pluie légère,Deux véhicules - côté,,,,,,,,,,,1,1,1,2,3
200600042691,0006-07-23 19:15:00,6,7,23,19,15,610,42,,,,Plein jour,Hors agglomération,Hors intersection,Normale,Autre collision,,,,,,,,,,,1,1,1,1,6
200600042692,0006-07-24 18:45:00,6,7,24,18,45,610,395,,,,Plein jour,Hors agglomération,Hors intersection,Normale,Deux véhicules - arrière,,,,,,,,,,,1,1,1,1,2
200600042693,0006-07-30 11:45:00,6,7,30,11,45,610,125,,,,Plein jour,Hors agglomération,Hors intersection,Pluie légère,Deux véhicules - arrière,,,,,,,,,,,1,1,1,2,2
200600042694,0006-07-10 20:15:00,6,7,10,20,15,440,83,,,,Plein jour,Hors agglomération,Hors intersection,Normale,Deux véhicules - côté,,,,,,,,,,,1,1,1,1,3
200600042695,0006-07-28 23:30:00,6,7,28,23,30,440,215,,47.174,-1.48,Nuit avec éclairage allumé,Hors agglomération,Giratoire,Normale,Deux véhicules - frontale,,,,,,,,,,,5,1,6,1,1
200600042696,0006-07-05 17:00:00,6,7,5,17,0,440,160,Avenue du Mortier,,,Plein jour,En agglomération,Hors intersection,Normale,Deux véhicules - côté,,,,,,,,,,,1,2,1,1,3
200600042697,0006-07-22 03:00:00,6,7,22,3,0,440,169,Le bout des ponts,,,Nuit avec éclairage non allumé,En agglomération,Hors intersection,Normale,Autre collision,,,,,,,,,,,4,2,1,1,6
200600042698,0006-07-15 09:00:00,6,7,15,9,0,440,28,,47.347,-1.346,Plein jour,Hors agglomération,Hors intersection,Normale,Autre collision,,,,,,,,,,,1,1,1,1,6
200600042699,0006-07-18 10:15:00,6,7,18,10,15,440,54,,47.67,-1.29,Plein jour,Hors agglomération,Hors intersection,Normale,Deux véhicules - frontale,,,,,,,,,,,1,1,1,1,1
200600042700,0006-07-23 15:30:00,6,7,23,15,30,440,99,"D 29 - CD 178, PK 20+657",,,Plein jour,En agglomération,Intersection en X,Normale,Deux véhicules - côté,,,,,,,,,,,1,2,2,1,3
200600042701,0006-07-18 08:30:00,6,7,18,8,30,440,7,,47.639,-1.956,Plein jour,Hors agglomération,Hors intersection,Temps éblouissant,Trois véhicules et plus - collisions multiples,,,,,,,,,,,1,1,1,7,5
200600042702,0006-07-22 01:30:00,6,7,22,1,30,440,57,,,,Nuit sans éclairage public,Hors agglomération,Hors intersection,Normale,Deux véhicules - frontale,,,,,,,,,,,3,1,1,1,1
200600042703,0006-07-07 17:00:00,6,7,7,17,0,440,113,four du marché aux Porcs,,,Plein jour,En agglomération,Hors intersection,Normale,Deux véhicules - frontale,,,,,,,,,,,1,2,1,1,1
200600042704,0006-07-12 20:30:00,6,7,12,20,30,440,149,,47.514,-1.557,Plein jour,Hors agglomération,Hors intersection,Normale,Deux véhicules - côté,,,,,,,,,,,1,1,1,1,3
200600042705,0006-07-19 17:45:00,6,7,19,17,45,440,193,1 LIEU-DIT LA MAGDELEINE,,,Plein jour,Hors agglomération,Hors intersection,Normale,Trois véhicules et plus - collisions multiples,,,,,,,,,,,1,1,1,1,5
200600042706,0006-07-22 06:30:00,6,7,22,6,30,440,179,rond point de la Chénée,,,Crépuscule ou aube,En agglomération,Giratoire,Normale,Autre collision,,,,,,,,,,,2,2,6,1,6
200600042707,0006-07-24 15:45:00,6,7,24,15,45,440,73,"lieu-dit ""les thiveaux""",47.42,-1.63,Plein jour,Hors agglomération,Hors intersection,Normale,Sans collision,,,,,,,,,,,1,1,1,1,7
200600042708,0006-07-25 13:45:00,6,7,25,13,45,440,73,,47.45,-1.61,Plein jour,Hors agglomération,Hors intersection,Normale,Sans collision,,,,,,,,,,,1,1,1,1,7
200600042709,0006-07-30 18:00:00,6,7,30,18,0,440,113,,47.57,-1.634,Plein jour,Hors agglomération,Hors intersection,Normale,Autre collision,,,,,,,,,,,1,1,1,1,6
200600042710,0006-07-03 18:45:00,6,7,3,18,45,440,166,Rue Abbé Henri Garnier,47.204,-1.735,Plein jour,En agglomération,Autre intersection,Normale,Deux véhicules - côté,,,,,,,,,,,1,2,9,1,3
200600042711,0006-07-01 23:30:00,6,7,1,23,30,440,131,rue jean MOULIN,,,Nuit avec éclairage allumé,En agglomération,Hors intersection,Normale,Deux véhicules - côté,,,,,,,,,,,5,2,1,1,3
200600042712,0006-07-02 18:15:00,6,7,2,18,15,440,40,rue de Pornic,47.122,-1.929,Plein jour,En agglomération,Hors intersection,Normale,Deux véhicules - arrière,,,,,,,,,,,1,2,1,1,2
200600042713,0006-07-08 07:15:00,6,7,8,7,15,440,40,,47.124,-1.922,Plein jour,Hors agglomération,Hors intersection,Normale,Trois véhicules et plus - en chaîne,,,,,,,,,,,1,1,1,1,4
200600042714,0006-07-26 04:30:00,6,7,26,4,30,440,106,,47.11,-1.955,Nuit sans éclairage public,Hors agglomération,Hors intersection,Normale,Autre collision,,,,,,,,,,,3,1,1,1,6
200600042715,0006-07-11 19:30:00,6,7,11,19,30,440,182,,47.182,-2.131,Plein jour,Hors agglomération,Hors intersection,Normale,Deux véhicules - côté,,,,,,,,,,,1,1,1,1,3
200600042716,0006-07-26 20:15:00,6,7,26,20,15,440,154,avenue de Mindin,47.259,-2.166,Plein jour,En agglomération,Giratoire,Normale,Deux véhicules - côté,,,,,,,,,,,1,2,6,1,3
200600042717,0006-07-29 19:15:00,6,7,29,19,15,440,187,24 rue de la gare,47.211,-2.043,Plein jour,En agglomération,Hors intersection,Normale,Deux véhicules - frontale,,,,,,,,,,,1,2,1,1,1
200600042718,0006-07-31 02:15:00,6,7,31,2,15,440,5,,47.119,-1.955,Nuit sans éclairage public,Hors agglomération,Hors intersection,Normale,Deux véhicules - frontale,,,,,,,,,,,3,1,1,1,1
200600042719,0006-07-02 04:15:00,6,7,2,4,15,440,69,,,,Nuit sans éclairage public,Hors agglomération,Hors intersection,Normale,Autre collision,,,,,,,,,,,3,1,1,1,6
200600042720,0006-07-14 02:45:00,6,7,14,2,45,440,6,rue du Mes,,,Nuit avec éclairage non allumé,En agglomération,Passage à niveau,Normale,Autre collision,,,,,,,,,,,4,2,8,1,6
200600042721,0006-07-15 12:15:00,6,7,15,12,15,440,49,rue henri dunant,,,Plein jour,En agglomération,Hors intersection,Normale,Deux véhicules - frontale,,,,,,,,,,,1,2,1,1,1
200600042722,0006-07-17 00:15:00,6,7,17,0,15,440,10,route de Kermoisan,,,Nuit avec éclairage allumé,En agglomération,Hors intersection,Normale,Autre collision,,,,,,,,,,,5,2,1,1,6
200600042723,0006-07-22 17:15:00,6,7,22,17,15,440,211,"lieu-dit ""Lergat""",,,Plein jour,Hors agglomération,Hors intersection,Normale,Deux véhicules - arrière,,,,,,,,,,,1,1,1,1,2
200600042724,0006-07-23 11:15:00,6,7,23,11,15,440,211,quai St Jacques,,,Plein jour,En agglomération,Hors intersection,Normale,Trois véhicules et plus - collisions multiples,,,,,,,,,,,1,2,1,1,5
200600042725,0006-07-31 17:00:00,6,7,31,17,0,440,69,Careil,,,Plein jour,Hors agglomération,Hors intersection,Normale,Deux véhicules - frontale,,,,,,,,,,,1,1,1,1,1
200600042726,0006-07-07 14:15:00,6,7,7,14,15,440,98,,47.477,-2.199,Plein jour,Hors agglomération,Hors intersection,Normale,Deux véhicules - côté,,,,,,,,,,,1,1,1,1,3
200600042727,0006-07-11 17:45:00,6,7,11,17,45,440,129,1 roué de Callac,,,Plein jour,Hors agglomération,Hors intersection,Normale,Autre collision,,,,,,,,,,,1,1,1,1,6
200600042728,0006-07-11 16:20:00,6,7,11,16,20,440,152,la miretterie,,,Plein jour,Hors agglomération,Hors intersection,Normale,Deux véhicules - côté,,,,,,,,,,,1,1,1,1,3
200600042729,0006-07-13 20:30:00,6,7,13,20,30,440,161,,47.523,-2.04,Plein jour,Hors agglomération,Hors intersection,Normale,Autre collision,,,,,,,,,,,1,1,1,1,6
200600042730,0006-07-28 16:30:00,6,7,28,16,30,440,98,,47.526,-2.108,Plein jour,Hors agglomération,Hors intersection,Normale,Autre collision,,,,,,,,,,,1,1,1,1,6
200600042731,0006-07-28 20:15:00,6,7,28,20,15,440,98,,47.507,-2.127,Plein jour,Hors agglomération,Hors intersection,Normale,Deux véhicules - frontale,,,,,,,,,,,1,1,1,1,1
200600042732,0006-07-30 19:45:00,6,7,30,19,45,440,45,,,,Plein jour,Hors agglomération,Hors intersection,Normale,Autre collision,,,,,,,,,,,1,1,1,1,6
200600042733,0006-07-28 16:30:00,6,7,28,16,30,440,217,,,,Plein jour,Hors agglomération,Hors intersection,Normale,Deux véhicules - côté,,,,,,,,,,,1,1,1,1,3
200600042734,0006-07-01 19:30:00,6,7,1,19,30,440,195,,,,Plein jour,Hors agglomération,Hors intersection,Normale,Sans collision,,,,,,,,,,,1,1,1,1,7
200600042735,0006-07-09 01:00:00,6,7,9,1,0,490,78,,47.34,-0.428,Nuit avec éclairage non allumé,Hors agglomération,Hors intersection,Normale,Deux véhicules - côté,,,,,,,,,,,4,1,1,1,3
200600042736,0006-07-26 09:45:00,6,7,26,9,45,490,318,,,,Plein jour,Hors agglomération,Hors intersection,Normale,Deux véhicules - côté,,,,,,,,,,,1,1,1,1,3
200600042737,0006-07-26 19:30:00,6,7,26,19,30,490,318,6 route de SAUMUR,47.39,-0.43,Plein jour,En agglomération,Hors intersection,Normale,Deux véhicules - frontale,,,,,,,,,,,1,2,1,1,1
200600042738,0006-07-28 19:45:00,6,7,28,19,45,490,338,,,,Plein jour,Hors agglomération,Hors intersection,Normale,Autre collision,,,,,,,,,,,1,1,1,1,6
200600042739,0006-07-04 15:45:00,6,7,4,15,45,490,323,,47.512,-0.48,Plein jour,Hors agglomération,Hors intersection,Normale,Deux véhicules - côté,,,,,,,,,,,1,1,1,1,3
200600042740,0006-07-24 18:45:00,6,7,24,18,45,490,377,lieudit le pont Reugnier,47.549,-0.434,Plein jour,Hors agglomération,Hors intersection,Normale,Deux véhicules - arrière,,,,,,,,,,,1,1,1,1,2
200600042741,0006-07-23 11:00:00,6,7,23,11,0,490,289,,,,Plein jour,Hors agglomération,Hors intersection,Normale,Deux véhicules - frontale,,,,,,,,,,,1,1,1,1,1
200600042742,0006-07-24 08:15:00,6,7,24,8,15,490,39,,,,Plein jour,Hors agglomération,Hors intersection,Normale,Sans collision,,,,,,,,,,,1,1,1,1,7
200600042743,0006-07-26 18:15:00,6,7,26,18,15,490,63,Rue Nationale -,,,Plein jour,En agglomération,Intersection en X,Normale,Deux véhicules - côté,,,,,,,,,,,1,2,2,1,3
200600042744,0006-07-29 14:15:00,6,7,29,14,15,490,283,Les Goguelets,,,Plein jour,Hors agglomération,Hors intersection,Normale,Deux véhicules - arrière,,,,,,,,,,,1,1,1,1,2
200600042745,0006-07-15 14:00:00,6,7,15,14,0,490,163,,,,Plein jour,Hors agglomération,Hors intersection,Normale,Sans collision,,,,,,,,,,,1,1,1,1,7
200600042746,0006-07-08 01:00:00,6,7,8,1,0,490,23,13 rue des mauges,47.203,-0.995,Nuit avec éclairage allumé,En agglomération,Hors intersection,Normale,Autre collision,,,,,,,,,,,5,2,1,1,6
200600042747,0006-07-17 19:15:00,6,7,17,19,15,490,281,2 RUE DE SEVRET,47.153,-0.759,Plein jour,En agglomération,Hors intersection,Normale,Autre collision,,,,,,,,,,,1,2,1,1,6
200600042748,0006-07-23 00:30:00,6,7,23,0,30,490,23,1 rue des MAuges,47.204,-0.995,Nuit avec éclairage allumé,En agglomération,Hors intersection,Normale,Sans collision,,,,,,,,,,,5,2,1,1,7
200600042749,0006-07-01 07:00:00,6,7,1,7,0,490,301,RUE PASTEUR,,,Crépuscule ou aube,En agglomération,Hors intersection,Normale,Sans collision,,,,,,,,,,,2,2,1,1,7
200600042750,0006-07-28 19:30:00,6,7,28,19,30,490,179,,,,Plein jour,Hors agglomération,Hors intersection,Normale,Deux véhicules - frontale,,,,,,,,,,,1,1,1,1,1
200600042751,0006-07-30 12:15:00,6,7,30,12,15,490,193,,,,Plein jour,Hors agglomération,Intersection en T,Pluie légère,Deux véhicules - côté,,,,,,,,,,,1,1,3,2,3
200600042752,0006-07-14 12:15:00,6,7,14,12,15,490,177,"cd 751, PK 93250",,,Plein jour,Hors agglomération,Hors intersection,Normale,Deux véhicules - frontale,,,,,,,,,,,1,1,1,1,1
200600042753,0006-07-14 21:00:00,6,7,14,21,0,490,24,départementale 150,,,Plein jour,En agglomération,Intersection en T,Normale,Deux véhicules - côté,,,,,,,,,,,1,2,3,1,3
200600042754,0006-07-21 17:00:00,6,7,21,17,0,490,296,Rue de Vendée,,,Plein jour,En agglomération,Intersection en Y,Normale,Deux véhicules - frontale,,,,,,,,,,,1,2,4,1,1
200600042755,0006-07-27 01:00:00,6,7,27,1,0,490,276,17 grande rue,,,Nuit avec éclairage allumé,En agglomération,Hors intersection,Normale,Autre collision,,,,,,,,,,,5,2,1,1,6
200600042756,0006-07-28 18:30:00,6,7,28,18,30,490,296,,,,Plein jour,Hors agglomération,Hors intersection,Normale,Deux véhicules - côté,,,,,,,,,,,1,1,1,1,3
200600042757,0006-07-28 17:45:00,6,7,28,17,45,490,75,,,,Plein jour,Hors agglomération,Hors intersection,Normale,Deux véhicules - frontale,,,,,,,,,,,1,1,1,1,1
200600042758,0006-07-14 12:30:00,6,7,14,12,30,490,13,Les Seureries,,,Plein jour,Hors agglomération,Hors intersection,Normale,Sans collision,,,,,,,,,,,1,1,1,1,7
200600042759,0006-07-21 16:45:00,6,7,21,16,45,490,369,,,,Plein jour,En agglomération,Hors intersection,Normale,Deux véhicules - côté,,,,,,,,,,,1,2,1,1,3
200600042760,0006-07-22 09:00:00,6,7,22,9,0,490,232,,,,Plein jour,Hors agglomération,Hors intersection,Normale,Deux véhicules - côté,,,,,,,,,,,1,1,1,1,3
200600042761,0006-07-26 11:45:00,6,7,26,11,45,490,198,,,,Plein jour,Hors agglomération,Hors intersection,Normale,Deux véhicules - côté,,,,,,,,,,,1,1,1,1,3
200600042762,0006-07-05 00:01:00,6,7,5,0,1,490,374,,47.254,-0.012,Nuit sans éclairage public,Hors agglomération,Hors intersection,Pluie forte,Sans collision,,,,,,,,,,,3,1,1,3,7
200600042763,0006-07-22 15:15:00,6,7,22,15,15,490,248,RN 171 - rue du Général,,,Plein jour,En agglomération,Intersection en X,Normale,Deux véhicules - côté,,,,,,,,,,,1,2,2,1,3
200600042764,0006-07-24 21:15:00,6,7,24,21,15,490,229,Rond-Point du Tapis Vert,,,Crépuscule ou aube,Hors agglomération,Giratoire,Normale,Deux véhicules - côté,,,,,,,,,,,2,1,6,1,3
200600042765,0006-07-28 22:30:00,6,7,28,22,30,490,331,LA BOURIERE,,,Nuit sans éclairage public,Hors agglomération,Hors intersection,Normale,Autre collision,,,,,,,,,,,3,1,1,1,6
200600042766,0006-07-02 17:30:00,6,7,2,17,30,490,321,,47.463,-0.959,Plein jour,Hors agglomération,Hors intersection,Normale,Sans collision,,,,,,,,,,,1,1,1,1,7
200600042767,0006-07-21 16:45:00,6,7,21,16,45,490,132,,47.685,-0.437,Plein jour,Hors agglomération,Intersection en X,Normale,Deux véhicules - côté,,,,,,,,,,,1,1,2,1,3
200600042768,0006-07-04 17:20:00,6,7,4,17,20,530,9,lieuy dit Les Landes,,,Plein jour,Hors agglomération,Hors intersection,Normale,Deux véhicules - côté,,,,,,,,,,,1,1,1,1,3
200600042769,0006-07-06 18:30:00,6,7,6,18,30,530,265,"Lieu-dit ""La Mauvinière""",48.108,-0.299,Plein jour,Hors agglomération,Hors intersection,Normale,Sans collision,,,,,,,,,,,1,1,1,1,7
200600042770,0006-07-28 13:15:00,6,7,28,13,15,530,101,tersection RD591 et RD28,,,Plein jour,Hors agglomération,Hors intersection,Normale,Deux véhicules - côté,,,,,,,,,,,1,1,1,1,3
200600042771,0006-07-28 20:10:00,6,7,28,20,10,530,4,le bois long,,,Plein jour,Hors agglomération,Hors intersection,Normale,Sans collision,,,,,,,,,,,1,1,1,1,7
200600042772,0006-07-31 22:30:00,6,7,31,22,30,530,136,,47.844,-0.702,Crépuscule ou aube,Hors agglomération,Hors intersection,Normale,Autre collision,,,,,,,,,,,2,1,1,1,6
200600042773,0006-07-01 12:00:00,6,7,1,12,0,530,186,,,,Plein jour,Hors agglomération,Hors intersection,Normale,Deux véhicules - frontale,,,,,,,,,,,1,1,1,1,1
200600042774,0006-07-06 22:30:00,6,7,6,22,30,530,77,18 rue des tilleuls,,,Crépuscule ou aube,En agglomération,Hors intersection,Normale,Deux véhicules - frontale,,,,,,,,,,,2,2,1,1,1
200600042775,0006-07-21 19:45:00,6,7,21,19,45,530,125,rue du Patis,48.483,-1.032,Plein jour,En agglomération,Hors intersection,Normale,Autre collision,,,,,,,,,,,1,2,1,1,6
200600042776,0006-07-29 07:45:00,6,7,29,7,45,530,42,,,,Plein jour,Hors agglomération,Hors intersection,Normale,Sans collision,,,,,,,,,,,1,1,1,1,7
200600042777,0006-07-17 13:45:00,6,7,17,13,45,530,230,,48.512,-0.416,Plein jour,Hors agglomération,Hors intersection,Temps éblouissant,Autre collision,,,,,,,,,,,1,1,1,7,6
200600042778,0006-07-07 12:00:00,6,7,7,12,0,530,142,carrefour du chemin,,,Plein jour,Hors agglomération,Hors intersection,Normale,Autre collision,,,,,,,,,,,1,1,1,1,6
200600042779,0006-07-21 15:45:00,6,7,21,15,45,530,80,RUE DE LA CHEVALLERIE,,,Plein jour,En agglomération,Hors intersection,Normale,Deux véhicules - frontale,,,,,,,,,,,1,2,1,1,1
200600042780,0006-07-12 15:00:00,6,7,12,15,0,720,306,Les Trois Maillets,,,Plein jour,Hors agglomération,Hors intersection,Normale,Deux véhicules - côté,,,,,,,,,,,1,1,1,1,3
200600042781,0006-07-25 18:00:00,6,7,25,18,0,720,306,,,,Plein jour,Hors agglomération,Intersection en X,Normale,Deux véhicules - côté,,,,,,,,,,,1,1,2,1,3
200600042782,0006-07-21 15:30:00,6,7,21,15,30,720,382,,,,Plein jour,Hors agglomération,Hors intersection,Normale,Autre collision,,,,,,,,,,,1,1,1,1,6
200600042783,0006-07-30 06:15:00,6,7,30,6,15,720,382,,,,Plein jour,Hors agglomération,Hors intersection,Normale,Trois véhicules et plus - collisions multiples,,,,,,,,,,,1,1,1,1,5
200600042784,0006-07-28 15:00:00,6,7,28,15,0,720,181,du 34 av. Félix Geneslay,,,Plein jour,En agglomération,Hors intersection,Normale,Deux véhicules - frontale,,,,,,,,,,,1,2,1,1,1
200600042785,0006-07-12 15:30:00,6,7,12,15,30,720,253,,47.89,0.09,Plein jour,Hors agglomération,Hors intersection,Normale,Deux véhicules - côté,,,,,,,,,,,1,1,1,1,3
200600042786,0006-07-27 12:15:00,6,7,27,12,15,720,346,8 rue du pont,,,Plein jour,En agglomération,Hors intersection,Normale,Deux véhicules - arrière,,,,,,,,,,,1,2,1,1,2
200600042787,0006-07-27 17:00:00,6,7,27,17,0,720,25,,47.701,-0.171,Plein jour,Hors agglomération,Hors intersection,Normale,Autre collision,,,,,,,,,,,1,1,1,1,6
200600042788,0006-07-14 12:30:00,6,7,14,12,30,720,183,"ité lieu dit ""La Pointe""",47.737,0.542,Plein jour,Hors agglomération,Hors intersection,Normale,Autre collision,,,,,,,,,,,1,1,1,1,6
200600042789,0006-07-19 18:15:00,6,7,19,18,15,720,28,,47.77,0.395,Plein jour,Hors agglomération,Hors intersection,Normale,Deux véhicules - frontale,,,,,,,,,,,1,1,1,1,1
200600042790,0006-07-06 19:45:00,6,7,6,19,45,720,136,intersection CD57 - rout,47.906,-0.22,Plein jour,En agglomération,Hors intersection,Normale,Deux véhicules - côté,,,,,,,,,,,1,2,1,1,3
200600042791,0006-07-29 18:30:00,6,7,29,18,30,720,377,,47.741,-0.107,Plein jour,Hors agglomération,Hors intersection,Normale,Sans collision,,,,,,,,,,,1,1,1,1,7
200600042792,0006-07-09 11:30:00,6,7,9,11,30,720,13,La Métairie,,,Plein jour,Hors agglomération,Hors intersection,Normale,Sans collision,,,,,,,,,,,1,1,1,1,7
200600042793,0006-07-08 00:15:00,6,7,8,0,15,720,226,efour du CD78 et du CD32,47.811,0.111,Nuit sans éclairage public,Hors agglomération,Hors intersection,Normale,Autre collision,,,,,,,,,,,3,1,1,1,6
200600042794,0006-07-14 18:30:00,6,7,14,18,30,720,13,"a Vau"" Route de Bernigot",,,Plein jour,Hors agglomération,Hors intersection,Normale,Deux véhicules - frontale,,,,,,,,,,,1,1,1,1,1
200600042795,0006-07-26 11:10:00,6,7,26,11,10,720,283,lieu dit,,,Plein jour,Hors agglomération,Hors intersection,Normale,Sans collision,,,,,,,,,,,1,1,1,1,7
200600042796,0006-07-07 16:30:00,6,7,7,16,30,720,244,t les ''Epinays'' CD 134,,,Plein jour,En agglomération,Hors intersection,Normale,Deux véhicules - arrière,,,,,,,,,,,1,2,1,1,2
200600042797,0006-07-29 21:00:00,6,7,29,21,0,720,39,09 avenue de la foret,,,Plein jour,En agglomération,Hors intersection,Normale,Autre collision,,,,,,,,,,,1,2,1,1,6
200600042798,0006-07-30 13:15:00,6,7,30,13,15,720,39,,48.205,0.448,Plein jour,Hors agglomération,Hors intersection,Normale,Autre collision,,,,,,,,,,,1,1,1,1,6
200600042799,0006-07-14 11:30:00,6,7,14,11,30,720,353,,,,Plein jour,Hors agglomération,Hors intersection,Normale,Autre collision,,,,,,,,,,,1,1,1,1,6