accident_id,datetime,annee,mois,jour,heure,minute,departement,commune_insee,adresse,latitude,longitude,luminosite,agglomeration,intersection,meteo,collision,nb_vehicules,nb_usagers,nb_indemnes,nb_tues,nb_blesses_hosp,nb_blesses_legers,age_cond_1,age_cond_2,veh_type_cond_1,veh_type_cond_2,lum_code,agg_code,int_code,atm_code,col_code
200600042938,0006-07-06 11:00:00,6,7,6,11,0,470,310,RN 113  Bld F. MITTERAND,,,Plein jour,En agglomération,Hors intersection,Normale,Autre collision,,,,,,,,,,,1,2,1,1,6
200600042939,0006-07-13 11:00:00,6,7,13,11,0,470,310,27 rue maréchal Joffre,,,Plein jour,En agglomération,Hors intersection,Normale,Autre collision,,,,,,,,,,,1,2,1,1,6
200600042940,0006-07-18 09:30:00,6,7,18,9,30,470,310,,,,Plein jour,Hors agglomération,Hors intersection,Normale,Sans collision,,,,,,,,,,,1,1,1,1,7
200600042941,0006-07-18 09:40:00,6,7,18,9,40,470,52,5 place de la Cardine,,,Plein jour,En agglomération,Hors intersection,Normale,Autre collision,,,,,,,,,,,1,2,1,1,6
200600042942,0006-07-30 04:00:00,6,7,30,4,0,470,26,,44.344,0.05,Nuit sans éclairage public,Hors agglomération,Hors intersection,Normale,Autre collision,,,,,,,,,,,3,1,1,1,6
200600042943,0006-07-06 17:15:00,6,7,6,17,15,470,123,CD150,,,Plein jour,En agglomération,Hors intersection,Temps couvert,Deux véhicules - frontale,,,,,,,,,,,1,2,1,8,1
200600042944,0006-07-06 18:45:00,6,7,6,18,45,470,106,710 - RTE DE PERIGUEUX,,,Plein jour,Hors agglomération,Hors intersection,Normale,Deux véhicules - frontale,,,,,,,,,,,1,1,1,1,1
200600042945,0006-07-21 02:10:00,6,7,21,2,10,470,283,Liboussou,,,Nuit avec éclairage allumé,En agglomération,Intersection en X,Normale,Deux véhicules - côté,,,,,,,,,,,5,2,2,1,3
200600042946,0006-07-01 13:00:00,6,7,1,13,0,470,173,Route de MONCLAR,,,Plein jour,Hors agglomération,Hors intersection,Normale,Deux véhicules - frontale,,,,,,,,,,,1,1,1,1,1
200600042947,0006-07-14 08:45:00,6,7,14,8,45,470,206,lieu-dit REGINAT,,,Plein jour,Hors agglomération,Hors intersection,Normale,Sans collision,,,,,,,,,,,1,1,1,1,7
200600042948,0006-07-03 15:00:00,6,7,3,15,0,640,376,18 ROUTE DE PAU,,,Plein jour,En agglomération,Hors intersection,Normale,Deux véhicules - frontale,,,,,,,,,,,1,2,1,1,1
200600042949,0006-07-11 13:40:00,6,7,11,13,40,640,230,", face au garage ONCINS",,,Plein jour,Hors agglomération,Hors intersection,Normale,Trois véhicules et plus - collisions multiples,,,,,,,,,,,1,1,1,1,5
200600042950,0006-07-07 15:30:00,6,7,7,15,30,640,511,chemin de lisle,,,Plein jour,En agglomération,Hors intersection,Normale,Deux véhicules - côté,,,,,,,,,,,1,2,1,1,3
200600042951,0006-07-11 23:00:00,6,7,11,23,0,640,399,cd 806,,,Nuit sans éclairage public,Hors agglomération,Hors intersection,Normale,Deux véhicules - frontale,,,,,,,,,,,3,1,1,1,1
200600042952,0006-07-23 00:10:00,6,7,23,0,10,640,159,CD 13 - FOYER RURAL,,,Nuit sans éclairage public,En agglomération,Hors intersection,Normale,Autre collision,,,,,,,,,,,3,2,1,1,6
200600042953,0006-07-18 21:15:00,6,7,18,21,15,640,386,CD937,43.18,-0.24,Plein jour,En agglomération,Hors intersection,Normale,Autre collision,,,,,,,,,,,1,2,1,1,6
200600042954,0006-07-13 08:15:00,6,7,13,8,15,640,232,,,,Plein jour,Hors agglomération,Hors intersection,Normale,Deux véhicules - frontale,,,,,,,,,,,1,1,1,1,1
200600042955,0006-07-12 21:00:00,6,7,12,21,0,640,477,Chemin communal Michelèn,,,Plein jour,En agglomération,Hors intersection,Normale,Autre collision,,,,,,,,,,,1,2,1,1,6
200600042956,0006-07-15 13:00:00,6,7,15,13,0,640,484,,43.171,-1.217,Plein jour,Hors agglomération,Hors intersection,Normale,Autre collision,,,,,,,,,,,1,1,1,1,6
200600042957,0006-07-30 11:00:00,6,7,30,11,0,640,66,"CD 918, PK 57,800 croiss",,,Plein jour,En agglomération,Hors intersection,Normale,Deux véhicules - côté,,,,,,,,,,,1,2,1,1,3
200600042958,0006-07-31 15:00:00,6,7,31,15,0,640,393,,,,Plein jour,Hors agglomération,Hors intersection,Normale,Autre collision,,,,,,,,,,,1,1,1,1,6
200600042959,0006-07-07 17:00:00,6,7,7,17,0,640,430,"5, avenue Francis Jammes",43.49,-0.76,Plein jour,En agglomération,Hors intersection,Normale,Deux véhicules - arrière,,,,,,,,,,,1,2,1,1,2
200600042960,0006-07-26 07:30:00,6,7,26,7,30,640,57,Quartier N'haux,,,Plein jour,Hors agglomération,Hors intersection,Normale,Autre collision,,,,,,,,,,,1,1,1,1,6
200600042961,0006-07-28 11:45:00,6,7,28,11,45,640,462,RN117,,,Plein jour,En agglomération,Hors intersection,Normale,Autre collision,,,,,,,,,,,1,2,1,1,6
200600042962,0006-07-05 10:15:00,6,7,5,10,15,860,100,,,,Plein jour,Hors agglomération,Hors intersection,Normale,Deux véhicules - frontale,,,,,,,,,,,1,1,1,1,1
200600042963,0006-07-08 18:45:00,6,7,8,18,45,860,297,,46.564,0.264,Plein jour,Hors agglomération,Hors intersection,Normale,Deux véhicules - frontale,,,,,,,,,,,1,1,1,1,1
200600042964,0006-07-13 08:30:00,6,7,13,8,30,860,256,Lieu dit Treillet,46.523,0.482,Plein jour,Hors agglomération,Hors intersection,Normale,Trois véhicules et plus - collisions multiples,,,,,,,,,,,1,1,1,1,5
200600042965,0006-07-21 18:00:00,6,7,21,18,0,860,226,,,,Plein jour,Hors agglomération,Intersection en X,Normale,Autre collision,,,,,,,,,,,1,1,2,1,6
200600042966,0006-07-05 17:50:00,6,7,5,17,50,860,222,CD4,,,Plein jour,Hors agglomération,Hors intersection,Normale,Deux véhicules - côté,,,,,,,,,,,1,1,1,1,3
200600042967,0006-07-05 05:00:00,6,7,5,5,0,860,139,,,,Crépuscule ou aube,Hors agglomération,Hors intersection,Normale,Sans collision,,,,,,,,,,,2,1,1,1,7
200600042968,0006-07-18 14:00:00,6,7,18,14,0,860,39,,,,Plein jour,Hors agglomération,Hors intersection,Normale,Deux véhicules - frontale,,,,,,,,,,,1,1,1,1,1
200600042969,0006-07-26 15:45:00,6,7,26,15,45,860,82,17 AVENUE DE PARIS,46.303,0.182,Plein jour,En agglomération,Hors intersection,Normale,Deux véhicules - frontale,,,,,,,,,,,1,2,1,1,1
200600042970,0006-07-25 10:00:00,6,7,25,10,0,860,294,CD.7,,,Plein jour,Hors agglomération,Hors intersection,Normale,Autre collision,,,,,,,,,,,1,1,1,1,6
200600042971,0006-07-08 21:15:00,6,7,8,21,15,860,64,ROUTE DE ST SECONDIN,,,Crépuscule ou aube,En agglomération,Hors intersection,Normale,Deux véhicules - arrière,,,,,,,,,,,2,2,1,1,2
200600042972,0006-07-10 12:50:00,6,7,10,12,50,860,186,route d'Ingrandes,,,Plein jour,En agglomération,Hors intersection,Normale,Deux véhicules - frontale,,,,,,,,,,,1,2,1,1,1
200600042973,0006-07-25 14:45:00,6,7,25,14,45,860,279,Le pont de Vaux,,,Plein jour,Hors agglomération,Intersection en T,Normale,Deux véhicules - frontale,,,,,,,,,,,1,1,3,1,1
200600042974,0006-07-06 16:00:00,6,7,6,16,0,860,193,,,,Plein jour,Hors agglomération,Hors intersection,Normale,Sans collision,,,,,,,,,,,1,1,1,1,7
200600042975,0006-07-18 10:45:00,6,7,18,10,45,860,129,,46.825,0.798,Plein jour,Hors agglomération,Hors intersection,Normale,Sans collision,,,,,,,,,,,1,1,1,1,7
200600042976,0006-07-16 16:00:00,6,7,16,16,0,860,125,La maison de Travers,,,Plein jour,Hors agglomération,Hors intersection,Temps éblouissant,Autre collision,,,,,,,,,,,1,1,1,7,6
200600042977,0006-07-01 03:30:00,6,7,1,3,30,860,170,RN.147 PR 10+841,46.349,0.796,Nuit sans éclairage public,Hors agglomération,Hors intersection,Normale,Deux véhicules - frontale,,,,,,,,,,,3,1,1,1,1
200600042978,0006-07-02 15:15:00,6,7,2,15,15,860,170,"47, Lieudit ""les Bardes""",46.322,0.824,Plein jour,Hors agglomération,Hors intersection,Normale,Trois véhicules et plus - collisions multiples,,,,,,,,,,,1,1,1,1,5
200600042979,0006-07-22 11:00:00,6,7,22,11,0,860,165,"""Bel Air""",46.423,0.854,Plein jour,En agglomération,Hors intersection,Normale,Autre collision,,,,,,,,,,,1,2,1,1,6
200600042980,0006-07-18 09:15:00,6,7,18,9,15,860,136,Le bourg,,,Plein jour,En agglomération,Hors intersection,Normale,Deux véhicules - côté,,,,,,,,,,,1,2,1,1,3
200600042981,0006-07-26 14:00:00,6,7,26,14,0,860,61,Lieudit Bernessac,,,Plein jour,Hors agglomération,Hors intersection,Temps éblouissant,Deux véhicules - côté,,,,,,,,,,,1,1,1,7,3
200600042982,0006-07-10 21:00:00,6,7,10,21,0,860,285,,46.423,0.632,Plein jour,Hors agglomération,Hors intersection,Normale,Sans collision,,,,,,,,,,,1,1,1,1,7
200600042983,0006-07-02 09:45:00,6,7,2,9,45,860,118,,46.452,0.985,Plein jour,Hors agglomération,Hors intersection,Normale,Deux véhicules - côté,,,,,,,,,,,1,1,1,1,3
200600042984,0006-07-24 16:45:00,6,7,24,16,45,160,276,,45.456,-0.154,Plein jour,Hors agglomération,Hors intersection,Normale,Trois véhicules et plus - en chaîne,,,,,,,,,,,1,1,1,1,4
200600042985,0006-07-11 22:15:00,6,7,11,22,15,160,167,Route de Luchac,,,Nuit avec éclairage allumé,En agglomération,Hors intersection,Normale,Autre collision,,,,,,,,,,,5,2,1,1,6
200600042986,0006-07-13 16:00:00,6,7,13,16,0,160,337,,,,Plein jour,Hors agglomération,Hors intersection,Normale,Sans collision,,,,,,,,,,,1,1,1,1,7
200600042987,0006-07-14 04:15:00,6,7,14,4,15,160,376,,,,Nuit sans éclairage public,Hors agglomération,Hors intersection,Normale,Autre collision,,,,,,,,,,,3,1,1,1,6
200600042988,0006-07-06 17:15:00,6,7,6,17,15,160,409,Sonneville,46.015,0.086,Plein jour,En agglomération,Hors intersection,Pluie légère,Autre collision,,,,,,,,,,,1,2,1,2,6
200600042989,0006-07-18 07:45:00,6,7,18,7,45,160,78,,,,Plein jour,Hors agglomération,Hors intersection,Normale,Deux véhicules - côté,,,,,,,,,,,1,1,1,1,3
200600042990,0006-07-17 17:00:00,6,7,17,17,0,160,281,rue des Gavarrauds,,,Plein jour,En agglomération,Hors intersection,Normale,Trois véhicules et plus - collisions multiples,,,,,,,,,,,1,2,1,1,5
200600042991,0006-07-21 18:15:00,6,7,21,18,15,160,339,ST MEDARD,,,Plein jour,En agglomération,Hors intersection,Normale,Deux véhicules - côté,,,,,,,,,,,1,2,1,1,3
200600042992,0006-07-22 11:30:00,6,7,22,11,30,160,156,Route de Bonneville,,,Plein jour,Hors agglomération,Intersection en X,Normale,Deux véhicules - côté,,,,,,,,,,,1,1,2,1,3
200600042993,0006-07-08 04:45:00,6,7,8,4,45,170,407,,46.205,-1.028,Crépuscule ou aube,Hors agglomération,Hors intersection,Normale,Deux véhicules - arrière,,,,,,,,,,,2,1,1,1,2
200600042994,0006-07-24 17:30:00,6,7,24,17,30,170,222,Rue de la Conche,,,Plein jour,En agglomération,Hors intersection,Normale,Deux véhicules - frontale,,,,,,,,,,,1,2,1,1,1
200600042995,0006-07-16 16:30:00,6,7,16,16,30,170,420,,,,Plein jour,Hors agglomération,Hors intersection,Normale,Deux véhicules - côté,,,,,,,,,,,1,1,1,1,3
200600042996,0006-07-18 19:15:00,6,7,18,19,15,170,413,rue principale,,,Plein jour,En agglomération,Hors intersection,Normale,Deux véhicules - frontale,,,,,,,,,,,1,2,1,1,1
200600042997,0006-07-24 14:15:00,6,7,24,14,15,170,420,rue de la platière,,,Plein jour,En agglomération,Hors intersection,Normale,Deux véhicules - frontale,,,,,,,,,,,1,2,1,1,1
200600042998,0006-07-15 21:15:00,6,7,15,21,15,170,91,"ieu-dit ""Le Prés Cornut""",,,Plein jour,Hors agglomération,Autre intersection,Normale,Autre collision,,,,,,,,,,,1,1,9,1,6
200600042999,0006-07-26 21:30:00,6,7,26,21,30,170,218,,,,Crépuscule ou aube,Hors agglomération,Hors intersection,Normale,Deux véhicules - frontale,,,,,,,,,,,2,1,1,1,1
200600043000,0006-07-06 14:45:00,6,7,6,14,45,170,161,Avenue des Vieux Moulins,,,Plein jour,En agglomération,Hors intersection,Normale,Deux véhicules - côté,,,,,,,,,,,1,2,1,1,3
200600043001,0006-07-16 18:45:00,6,7,16,18,45,170,51,,,,Plein jour,Hors agglomération,Hors intersection,Normale,Deux véhicules - côté,,,,,,,,,,,1,1,1,1,3
200600043002,0006-07-24 20:45:00,6,7,24,20,45,170,369,cours vauban,,,Plein jour,En agglomération,Hors intersection,Normale,Deux véhicules - frontale,,,,,,,,,,,1,2,1,1,1
200600043003,0006-07-14 10:45:00,6,7,14,10,45,170,192,,,,Plein jour,Hors agglomération,Hors intersection,Normale,Deux véhicules - frontale,,,,,,,,,,,1,1,1,1,1
200600043004,0006-07-15 14:45:00,6,7,15,14,45,170,430,,,,Plein jour,Hors agglomération,Hors intersection,Normale,Sans collision,,,,,,,,,,,1,1,1,1,7
200600043005,0006-07-30 06:00:00,6,7,30,6,0,170,331,,,,Crépuscule ou aube,Hors agglomération,Hors intersection,Normale,Autre collision,,,,,,,,,,,2,1,1,1,6
200600043006,0006-07-15 02:45:00,6,7,15,2,45,170,240,,,,Nuit sans éclairage public,Hors agglomération,Hors intersection,Normale,Sans collision,,,,,,,,,,,3,1,1,1,7
200600043007,0006-07-22 14:30:00,6,7,22,14,30,170,104,RUE DE PARIS,45.308,-0.233,Plein jour,En agglomération,Hors intersection,Temps éblouissant,Deux véhicules - frontale,,,,,,,,,,,1,2,1,7,1
200600043008,0006-07-02 15:00:00,6,7,2,15,0,170,189,"e Broue, lieu dit: La Ci",45.831,-1.004,Plein jour,Hors agglomération,Hors intersection,Normale,Sans collision,,,,,,,,,,,1,1,1,1,7
200600043009,0006-07-03 08:15:00,6,7,3,8,15,170,185,Liue-dit le grand bois,,,Plein jour,Hors agglomération,Hors intersection,Pluie légère,Trois véhicules et plus - collisions multiples,,,,,,,,,,,1,1,1,2,5
200600043010,0006-07-30 21:00:00,6,7,30,21,0,170,58,,45.839,-1.133,Crépuscule ou aube,Hors agglomération,Hors intersection,Normale,Deux véhicules - côté,,,,,,,,,,,2,1,1,1,3
200600043011,0006-07-03 16:00:00,6,7,3,16,0,170,385,la vieille perrotine,,,Plein jour,Hors agglomération,Hors intersection,Normale,Trois véhicules et plus - collisions multiples,,,,,,,,,,,1,1,1,1,5
200600043012,0006-07-21 15:15:00,6,7,21,15,15,170,385,route des Chateliers,,,Plein jour,En agglomération,Hors intersection,Normale,Deux véhicules - frontale,,,,,,,,,,,1,2,1,1,1
200600043013,0006-07-08 18:40:00,6,7,8,18,40,170,452,,,,Plein jour,Hors agglomération,Intersection en X,Normale,Deux véhicules - côté,,,,,,,,,,,1,1,2,1,3
200600043014,0006-07-14 22:00:00,6,7,14,22,0,170,225,rue de la fouasse,45.73,-1.175,Crépuscule ou aube,En agglomération,Hors intersection,Normale,Deux véhicules - frontale,,,,,,,,,,,2,2,1,1,1
200600043015,0006-07-11 15:30:00,6,7,11,15,30,170,338,RD 911,,,Plein jour,Hors agglomération,Hors intersection,Normale,Autre collision,,,,,,,,,,,1,1,1,1,6
200600043016,0006-07-11 07:30:00,6,7,11,7,30,170,480,,,,Plein jour,Hors agglomération,Intersection en X,Normale,Deux véhicules - côté,,,,,,,,,,,1,1,2,1,3
200600043017,0006-07-30 12:15:00,6,7,30,12,15,170,338,,,,Plein jour,Hors agglomération,Intersection en X,Normale,Deux véhicules - côté,,,,,,,,,,,1,1,2,1,3
200600043018,0006-07-08 18:30:00,6,7,8,18,30,170,86,,45.734,-0.588,Plein jour,Hors agglomération,Hors intersection,Normale,Autre collision,,,,,,,,,,,1,1,1,1,6
200600043019,0006-07-10 01:00:00,6,7,10,1,0,170,154,,,,Nuit sans éclairage public,Hors agglomération,Hors intersection,Normale,Autre collision,,,,,,,,,,,3,1,1,1,6
200600043020,0006-07-20 12:15:00,6,7,20,12,15,170,45,,,,Plein jour,Hors agglomération,Hors intersection,Normale,Autre collision,,,,,,,,,,,1,1,1,1,6
200600043021,0006-07-28 11:15:00,6,7,28,11,15,170,444,,,,Plein jour,Hors agglomération,Hors intersection,Normale,Deux véhicules - côté,,,,,,,,,,,1,1,1,1,3
200600043022,0006-07-28 15:15:00,6,7,28,15,15,170,128,Lieu-dit Chez Villeneuve,,,Plein jour,Hors agglomération,Hors intersection,Normale,Deux véhicules - frontale,,,,,,,,,,,1,1,1,1,1
200600043023,0006-07-24 18:15:00,6,7,24,18,15,170,459,,,,Plein jour,Hors agglomération,Intersection en X,Normale,Deux véhicules - frontale,,,,,,,,,,,1,1,2,1,1
200600043024,0006-07-22 03:30:00,6,7,22,3,30,170,43,,,,Nuit sans éclairage public,Hors agglomération,Hors intersection,Normale,Autre collision,,,,,,,,,,,3,1,1,1,6
200600043025,0006-07-25 03:45:00,6,7,25,3,45,170,239,,45.79,-0.33,Nuit sans éclairage public,Hors agglomération,Hors intersection,Normale,Sans collision,,,,,,,,,,,3,1,1,1,7
200600043026,0006-07-15 19:15:00,6,7,15,19,15,170,344,,,,Plein jour,Hors agglomération,Hors intersection,Normale,Sans collision,,,,,,,,,,,1,1,1,1,7
200600043027,0006-07-05 19:30:00,6,7,5,19,30,790,298,"""Buffageasse""",46.264,-0.443,Plein jour,Hors agglomération,Hors intersection,Normale,Deux véhicules - côté,,,,,,,,,,,1,1,1,1,3
200600043028,0006-07-08 20:15:00,6,7,8,20,15,790,270,,46.427,-0.212,Plein jour,Hors agglomération,Intersection en X,Normale,Deux véhicules - côté,,,,,,,,,,,1,1,2,1,3
200600043029,0006-07-14 17:00:00,6,7,14,17,0,790,270,RUE DE BECHEREAU,46.421,-0.197,Plein jour,En agglomération,Intersection en X,Normale,Deux véhicules - côté,,,,,,,,,,,1,2,2,1,3
200600043030,0006-07-19 22:45:00,6,7,19,22,45,790,316,,,,Nuit sans éclairage public,Hors agglomération,Hors intersection,Normale,Deux véhicules - frontale,,,,,,,,,,,3,1,1,1,1
200600043031,0006-07-27 11:30:00,6,7,27,11,30,790,201,,,,Plein jour,Hors agglomération,Hors intersection,Autre,Autre collision,,,,,,,,,,,1,1,1,9,6
200600043032,0006-07-02 12:15:00,6,7,2,12,15,790,52,D960 bis,46.844,-0.549,Plein jour,En agglomération,Hors intersection,Normale,Autre collision,,,,,,,,,,,1,2,1,1,6
200600043033,0006-07-03 22:45:00,6,7,3,22,45,790,13,rue Camille Jouffrault,,,Nuit avec éclairage allumé,En agglomération,Hors intersection,Normale,Autre collision,,,,,,,,,,,5,2,1,1,6
200600043034,0006-07-19 13:15:00,6,7,19,13,15,790,49,,,,Plein jour,Hors agglomération,Hors intersection,Pluie légère,Deux véhicules - frontale,,,,,,,,,,,1,1,1,2,1
200600043035,0006-07-30 07:45:00,6,7,30,7,45,790,49,Route de Nantes,,,Crépuscule ou aube,Hors agglomération,Hors intersection,Temps couvert,Autre collision,,,,,,,,,,,2,1,1,8,6
200600043036,0006-07-08 19:00:00,6,7,8,19,0,790,62,La Vergnaie,,,Plein jour,Hors agglomération,Hors intersection,Normale,Sans collision,,,,,,,,,,,1,1,1,1,7
200600043037,0006-07-18 19:15:00,6,7,18,19,15,790,79,Rue du Souvenir français,,,Plein jour,En agglomération,Hors intersection,Temps éblouissant,Deux véhicules - frontale,,,,,,,,,,,1,2,1,7,1
200600043038,0006-07-25 11:15:00,6,7,25,11,15,790,62,rond point av Pompidou,46.832,-0.662,Plein jour,En agglomération,Giratoire,Normale,Sans collision,,,,,,,,,,,1,2,6,1,7
200600043039,0006-07-15 15:15:00,6,7,15,15,15,790,327,,46.28,-0.243,Plein jour,Hors agglomération,Hors intersection,Normale,Sans collision,,,,,,,,,,,1,1,1,1,7
200600043040,0006-07-30 17:00:00,6,7,30,17,0,790,55,,46.136,-0.326,Plein jour,Hors agglomération,Intersection en X,Normale,Deux véhicules - côté,,,,,,,,,,,1,1,2,1,3
200600043041,0006-07-05 16:30:00,6,7,5,16,30,790,84,,,,Plein jour,Hors agglomération,Intersection en T,Normale,Deux véhicules - côté,,,,,,,,,,,1,1,3,1,3
200600043042,0006-07-08 11:15:00,6,7,8,11,15,790,83,,,,Plein jour,Hors agglomération,Hors intersection,Normale,Deux véhicules - côté,,,,,,,,,,,1,1,1,1,3
200600043043,0006-07-19 17:00:00,6,7,19,17,0,790,83,,,,Plein jour,Hors agglomération,Hors intersection,Normale,Autre collision,,,,,,,,,,,1,1,1,1,6
200600043044,0006-07-21 21:15:00,6,7,21,21,15,790,152,,,,Crépuscule ou aube,Hors agglomération,Hors intersection,Normale,Sans collision,,,,,,,,,,,2,1,1,1,7
200600043045,0006-07-23 00:30:00,6,7,23,0,30,790,172,14 rue de la poste,46.536,-0.321,Nuit avec éclairage non allumé,En agglomération,Hors intersection,Normale,Deux véhicules - côté,,,,,,,,,,,4,2,1,1,3
200600043046,0006-07-07 15:30:00,6,7,7,15,30,790,239,,46.658,-0.29,Plein jour,Hors agglomération,Hors intersection,Normale,Deux véhicules - arrière,,,,,,,,,,,1,1,1,1,2
200600043047,0006-07-27 14:00:00,6,7,27,14,0,790,25,,,,Plein jour,Hors agglomération,Hors intersection,Normale,Trois véhicules et plus - en chaîne,,,,,,,,,,,1,1,1,1,4
200600043048,0006-07-25 09:15:00,6,7,25,9,15,870,152,"t ""La Gare de Peyrilhac""",,,Plein jour,Hors agglomération,Autre intersection,Normale,Deux véhicules - côté,,,,,,,,,,,1,1,9,1,3
200600043049,0006-07-09 03:30:00,6,7,9,3,30,870,112,Le Moulin du mas,45.692,1.008,Nuit sans éclairage public,Hors agglomération,Hors intersection,Normale,Sans collision,,,,,,,,,,,3,1,1,1,7
200600043050,0006-07-15 16:45:00,6,7,15,16,45,870,106,,,,Plein jour,Hors agglomération,Hors intersection,Pluie légère,Trois véhicules et plus - collisions multiples,,,,,,,,,,,1,1,1,2,5
200600043051,0006-07-11 16:15:00,6,7,11,16,15,870,28,,46.219,0.911,Plein jour,Hors agglomération,Hors intersection,Normale,Trois véhicules et plus - collisions multiples,,,,,,,,,,,1,1,1,1,5
200600043052,0006-07-26 09:00:00,6,7,26,9,0,870,100,,46.037,0.949,Plein jour,Hors agglomération,Hors intersection,Normale,Deux véhicules - côté,,,,,,,,,,,1,1,1,1,3
200600043053,0006-07-20 21:00:00,6,7,20,21,0,870,110,,45.917,1.032,Plein jour,Hors agglomération,Hors intersection,Normale,Deux véhicules - côté,,,,,,,,,,,1,1,1,1,3
200600043054,0006-07-29 16:00:00,6,7,29,16,0,870,154,"ieu-dit ""Le Terme Rouge""",,,Plein jour,Hors agglomération,Hors intersection,Normale,Sans collision,,,,,,,,,,,1,1,1,1,7
200600043055,0006-07-30 18:30:00,6,7,30,18,30,870,126,,45.818,0.834,Plein jour,Hors agglomération,Hors intersection,Normale,Sans collision,,,,,,,,,,,1,1,1,1,7
200600043056,0006-07-11 19:00:00,6,7,11,19,0,870,36,"""Les mottes""",,,Plein jour,Hors agglomération,Hors intersection,Normale,Deux véhicules - frontale,,,,,,,,,,,1,1,1,1,1
200600043057,0006-07-23 03:15:00,6,7,23,3,15,190,101,RD1120,45.246,1.792,Nuit avec éclairage allumé,En agglomération,Hors intersection,Normale,Deux véhicules - frontale,,,,,,,,,,,5,2,1,1,1
200600043058,0006-07-08 02:00:00,6,7,8,2,0,190,221,Le Gibanel,45.118,1.963,Nuit sans éclairage public,Hors agglomération,Hors intersection,Normale,Autre collision,,,,,,,,,,,3,1,1,1,6
200600043059,0006-07-17 16:30:00,6,7,17,16,30,190,10,avenue Lamartine,,,Plein jour,En agglomération,Hors intersection,Normale,Autre collision,,,,,,,,,,,1,2,1,1,6
200600043060,0006-07-22 14:30:00,6,7,22,14,30,190,69,,,,Plein jour,Hors agglomération,Hors intersection,Normale,Autre collision,,,,,,,,,,,1,1,1,1,6
200600043061,0006-07-25 15:30:00,6,7,25,15,30,190,7,le doux,,,Plein jour,Hors agglomération,Hors intersection,Normale,Autre collision,,,,,,,,,,,1,1,1,1,6
200600043062,0006-07-05 17:00:00,6,7,5,17,0,190,231,Pont de Lantourne,,,Plein jour,Hors agglomération,Hors intersection,Normale,Autre collision,,,,,,,,,,,1,1,1,1,6
200600043063,0006-07-25 18:30:00,6,7,25,18,30,190,229,,,,Plein jour,Hors agglomération,Hors intersection,Normale,Trois véhicules et plus - collisions multiples,,,,,,,,,,,1,1,1,1,5
200600043064,0006-07-27 15:30:00,6,7,27,15,30,190,57,,45.064,1.666,Plein jour,Hors agglomération,Hors intersection,Normale,Autre collision,,,,,,,,,,,1,1,1,1,6
200600043065,0006-07-04 09:15:00,6,7,4,9,15,190,178,,,,Plein jour,Hors agglomération,Hors intersection,Normale,Deux véhicules - côté,,,,,,,,,,,1,1,1,1,3
200600043066,0006-07-11 17:00:00,6,7,11,17,0,190,278,,,,Plein jour,Hors agglomération,Hors intersection,Temps couvert,Autre collision,,,,,,,,,,,1,1,1,8,6
200600043067,0006-07-15 00:01:00,6,7,15,0,1,190,246,,45.237,1.446,Nuit sans éclairage public,Hors agglomération,Hors intersection,Normale,Sans collision,,,,,,,,,,,3,1,1,1,7
200600043068,0006-07-08 23:30:00,6,7,8,23,30,190,28,AVENUE GAMBETTA,45.401,2.518,Nuit avec éclairage allumé,En agglomération,Hors intersection,Normale,Deux véhicules - côté,,,,,,,,,,,5,2,1,1,3
200600043069,0006-07-10 09:20:00,6,7,10,9,20,190,28,venue du docteur lescure,,,Plein jour,En agglomération,Hors intersection,Normale,Sans collision,,,,,,,,,,,1,2,1,1,7
200600043070,0006-07-14 18:10:00,6,7,14,18,10,190,252,maisons neuves,,,Plein jour,Hors agglomération,Hors intersection,Normale,Deux véhicules - frontale,,,,,,,,,,,1,1,1,1,1
200600043071,0006-07-17 16:00:00,6,7,17,16,0,230,52,,46.133,1.821,Plein jour,Hors agglomération,Hors intersection,Normale,Deux véhicules - côté,,,,,,,,,,,1,1,1,1,3
200600043072,0006-07-28 18:30:00,6,7,28,18,30,230,32,,46.36,2.219,Plein jour,Hors agglomération,Hors intersection,Normale,Deux véhicules - frontale,,,,,,,,,,,1,1,1,1,1
200600043073,0006-07-10 18:45:00,6,7,10,18,45,230,245,,46.203,1.855,Plein jour,Hors agglomération,Hors intersection,Normale,Deux véhicules - frontale,,,,,,,,,,,1,1,1,1,1
200600043074,0006-07-30 15:15:00,6,7,30,15,15,230,8,la seiglière,,,Plein jour,Hors agglomération,Hors intersection,Normale,Deux véhicules - côté,,,,,,,,,,,1,1,1,1,3
200600043075,0006-07-16 01:45:00,6,7,16,1,45,230,67,41 rue de la Liberté,,,Nuit avec éclairage allumé,En agglomération,Hors intersection,Normale,Autre collision,,,,,,,,,,,5,2,1,1,6
200600043076,0006-07-21 09:30:00,6,7,21,9,30,230,259,,,,Plein jour,Hors agglomération,Hors intersection,Normale,Deux véhicules - côté,,,,,,,,,,,1,1,1,1,3