accident_id,datetime,annee,mois,jour,heure,minute,departement,commune_insee,adresse,latitude,longitude,luminosite,agglomeration,intersection,meteo,collision,nb_vehicules,nb_usagers,nb_indemnes,nb_tues,nb_blesses_hosp,nb_blesses_legers,age_cond_1,age_cond_2,veh_type_cond_1,veh_type_cond_2,lum_code,agg_code,int_code,atm_code,col_code
200600043633,0006-07-28 09:00:00,6,7,28,9,0,880,114,RUE DU SHAH DE PERSE,48.187,5.895,Plein jour,En agglomération,Hors intersection,Normale,Autre collision,,,,,,,,,,,1,2,1,1,6
200600043634,0006-07-22 06:30:00,6,7,22,6,30,880,462,,,,Plein jour,Hors agglomération,Hors intersection,Normale,Autre collision,,,,,,,,,,,1,1,1,1,6
200600043635,0006-07-06 01:15:00,6,7,6,1,15,880,487,"32 lieu-dit ""larrière""",,,Nuit avec éclairage allumé,Hors agglomération,Hors intersection,Normale,Autre collision,,,,,,,,,,,5,1,1,1,6
200600043636,0006-07-13 11:55:00,6,7,13,11,55,880,487,L'Hôtel Enfoncé,,,Plein jour,Hors agglomération,Hors intersection,Normale,Sans collision,,,,,,,,,,,1,1,1,1,7
200600043637,0006-07-20 19:57:00,6,7,20,19,57,880,487,"36, rue du Dévau",,,Plein jour,En agglomération,Hors intersection,Normale,Deux véhicules - frontale,,,,,,,,,,,1,2,1,1,1
200600043638,0006-07-04 14:15:00,6,7,4,14,15,880,349,,,,Plein jour,Hors agglomération,Hors intersection,Normale,Deux véhicules - côté,,,,,,,,,,,1,1,1,1,3
200600043639,0006-07-12 16:10:00,6,7,12,16,10,880,275,r rue du village et CD23,,,Plein jour,En agglomération,Hors intersection,Pluie légère,Deux véhicules - côté,,,,,,,,,,,1,2,1,2,3
200600043640,0006-07-22 14:45:00,6,7,22,14,45,880,492,CD23 PK 38+200,,,Plein jour,Hors agglomération,Hors intersection,Normale,Deux véhicules - frontale,,,,,,,,,,,1,1,1,1,1
200600043641,0006-07-24 04:50:00,6,7,24,4,50,880,386,RN 59 PK 23+100,,,Crépuscule ou aube,Hors agglomération,Hors intersection,Normale,Deux véhicules - frontale,,,,,,,,,,,2,1,1,1,1
200600043642,0006-07-28 11:15:00,6,7,28,11,15,880,76,,48.251,6.731,Plein jour,Hors agglomération,Hors intersection,Normale,Deux véhicules - frontale,,,,,,,,,,,1,1,1,1,1
200600043643,0006-07-11 19:00:00,6,7,11,19,0,880,372,rue gambetta,,,Plein jour,En agglomération,Hors intersection,Normale,Deux véhicules - frontale,,,,,,,,,,,1,2,1,1,1
200600043644,0006-07-11 20:15:00,6,7,11,20,15,670,216,,48.367,7.586,Plein jour,En agglomération,Hors intersection,Normale,Deux véhicules - frontale,,,,,,,,,,,1,2,1,1,1
200600043645,0006-07-14 18:15:00,6,7,14,18,15,670,28,,48.381,7.594,Plein jour,Hors agglomération,Hors intersection,Normale,Sans collision,,,,,,,,,,,1,1,1,1,7
200600043646,0006-07-15 04:25:00,6,7,15,4,25,670,246,Route Nationale 83,48.341,7.542,Nuit avec éclairage allumé,En agglomération,Hors intersection,Normale,Autre collision,,,,,,,,,,,5,2,1,1,6
200600043647,0006-07-01 20:40:00,6,7,1,20,40,670,378,,48.46,7.719,Plein jour,Hors agglomération,Hors intersection,Normale,Sans collision,,,,,,,,,,,1,1,1,1,7
200600043648,0006-07-02 21:20:00,6,7,2,21,20,670,359,CD 110,,,Nuit sans éclairage public,Hors agglomération,Hors intersection,Normale,Deux véhicules - frontale,,,,,,,,,,,3,1,1,1,1
200600043649,0006-07-26 04:30:00,6,7,26,4,30,670,331,Rue du Stade,48.775,7.742,Crépuscule ou aube,En agglomération,Hors intersection,Normale,Autre collision,,,,,,,,,,,2,2,1,1,6
200600043650,0006-07-25 11:00:00,6,7,25,11,0,670,540,61 Rue Principale,48.794,7.699,Plein jour,En agglomération,Intersection en X,Normale,Deux véhicules - frontale,,,,,,,,,,,1,2,2,1,1
200600043651,0006-07-07 06:45:00,6,7,7,6,45,670,169,,,,Plein jour,Hors agglomération,Hors intersection,Normale,Deux véhicules - frontale,,,,,,,,,,,1,1,1,1,1
200600043652,0006-07-15 19:15:00,6,7,15,19,15,670,345,CD 37,,,Plein jour,Hors agglomération,Hors intersection,Normale,Autre collision,,,,,,,,,,,1,1,1,1,6
200600043653,0006-07-15 18:00:00,6,7,15,18,0,670,300,Avenue de la Gare - inte,48.542,7.499,Plein jour,En agglomération,Intersection en X,Temps éblouissant,Deux véhicules - côté,,,,,,,,,,,1,2,2,7,3
200600043654,0006-07-21 21:30:00,6,7,21,21,30,670,300,AVENUE DE LA GARE,48.547,7.489,Nuit avec éclairage allumé,En agglomération,Hors intersection,Normale,Deux véhicules - côté,,,,,,,,,,,5,2,1,1,3
200600043655,0006-07-22 11:00:00,6,7,22,11,0,670,8,CD 392,,,Plein jour,Hors agglomération,Hors intersection,Normale,Deux véhicules - frontale,,,,,,,,,,,1,1,1,1,1
200600043656,0006-07-05 10:10:00,6,7,5,10,10,670,52,CD 216 PK 4+750,,,Plein jour,Hors agglomération,Hors intersection,Normale,Deux véhicules - frontale,,,,,,,,,,,1,1,1,1,1
200600043657,0006-07-11 19:00:00,6,7,11,19,0,670,436,CD 424 P.K. 0+600m.,,,Plein jour,Hors agglomération,Hors intersection,Normale,Sans collision,,,,,,,,,,,1,1,1,1,7
200600043658,0006-07-24 16:20:00,6,7,24,16,20,670,188,196 route nationale,,,Plein jour,Hors agglomération,Hors intersection,Temps éblouissant,Deux véhicules - côté,,,,,,,,,,,1,1,1,7,3
200600043659,0006-07-25 17:45:00,6,7,25,17,45,670,282,rue André MALRAUX,48.625,7.497,Plein jour,En agglomération,Hors intersection,Temps éblouissant,Autre collision,,,,,,,,,,,1,2,1,7,6
200600043660,0006-07-05 17:15:00,6,7,5,17,15,670,372,rue du marché,48.851,7.612,Plein jour,En agglomération,Hors intersection,Normale,Trois véhicules et plus - collisions multiples,,,,,,,,,,,1,2,1,1,5
200600043661,0006-07-08 06:45:00,6,7,8,6,45,670,328,,,,Plein jour,Hors agglomération,Hors intersection,Normale,Deux véhicules - frontale,,,,,,,,,,,1,1,1,1,1
200600043662,0006-07-07 20:45:00,6,7,7,20,45,670,437,Rue des mésanges,,,Plein jour,En agglomération,Hors intersection,Normale,Autre collision,,,,,,,,,,,1,2,1,1,6
200600043663,0006-07-10 18:00:00,6,7,10,18,0,670,437,,,,Plein jour,Hors agglomération,Hors intersection,Normale,Deux véhicules - frontale,,,,,,,,,,,1,1,1,1,1
200600043664,0006-07-05 23:45:00,6,7,5,23,45,670,434,Grand Rue,,,Nuit avec éclairage allumé,En agglomération,Intersection en X,Normale,Deux véhicules - frontale,,,,,,,,,,,5,2,2,1,1
200600043665,0006-07-12 10:00:00,6,7,12,10,0,670,191,CD 38 - PR 1+820,,,Plein jour,Hors agglomération,Hors intersection,Normale,Deux véhicules - arrière,,,,,,,,,,,1,1,1,1,2
200600043666,0006-07-23 01:30:00,6,7,23,1,30,670,467,CD 107,,,Nuit sans éclairage public,Hors agglomération,Hors intersection,Pluie légère,Autre collision,,,,,,,,,,,3,1,1,2,6
200600043667,0006-07-22 23:00:00,6,7,22,23,0,670,524,D 7,,,Nuit sans éclairage public,Hors agglomération,Hors intersection,Normale,Sans collision,,,,,,,,,,,3,1,1,1,7
200600043668,0006-07-23 15:30:00,6,7,23,15,30,670,191,7 rue de KESKASTEL,,,Plein jour,En agglomération,Hors intersection,Normale,Sans collision,,,,,,,,,,,1,2,1,1,7
200600043669,0006-07-27 17:00:00,6,7,27,17,0,670,434,19 rue de Phalsbourg,,,Plein jour,En agglomération,Hors intersection,Normale,Autre collision,,,,,,,,,,,1,2,1,1,6
200600043670,0006-07-29 16:00:00,6,7,29,16,0,670,538,,,,Plein jour,Hors agglomération,Hors intersection,Normale,Deux véhicules - frontale,,,,,,,,,,,1,1,1,1,1
200600043671,0006-07-22 20:15:00,6,7,22,20,15,670,119,,48.682,7.7,Plein jour,Hors agglomération,Hors intersection,Normale,Sans collision,,,,,,,,,,,1,1,1,1,7
200600043672,0006-07-11 18:30:00,6,7,11,18,30,670,293,,48.779,7.624,Plein jour,Hors agglomération,Hors intersection,Normale,Deux véhicules - frontale,,,,,,,,,,,1,1,1,1,1
200600043673,0006-07-01 15:30:00,6,7,1,15,30,670,532,,48.683,7.507,Plein jour,Hors agglomération,Giratoire,Normale,Autre collision,,,,,,,,,,,1,1,6,1,6
200600043674,0006-07-12 06:15:00,6,7,12,6,15,670,151,rue de la mairie,,,Plein jour,En agglomération,Hors intersection,Normale,Deux véhicules - côté,,,,,,,,,,,1,2,1,1,3
200600043675,0006-07-11 18:45:00,6,7,11,18,45,670,118,route de Wasselonne,48.594,7.674,Plein jour,Hors agglomération,Hors intersection,Normale,Deux véhicules - frontale,,,,,,,,,,,1,1,1,1,1
200600043676,0006-07-11 14:45:00,6,7,11,14,45,670,445,,,,Plein jour,Hors agglomération,Hors intersection,Normale,Deux véhicules - côté,,,,,,,,,,,1,1,1,1,3
200600043677,0006-07-21 17:45:00,6,7,21,17,45,670,84,,48.346,7.444,Plein jour,Hors agglomération,Hors intersection,Normale,Deux véhicules - arrière,,,,,,,,,,,1,1,1,1,2
200600043678,0006-07-13 17:15:00,6,7,13,17,15,670,143,,48.334,7.276,Plein jour,Hors agglomération,Hors intersection,Normale,Deux véhicules - frontale,,,,,,,,,,,1,1,1,1,1
200600043679,0006-07-16 14:45:00,6,7,16,14,45,670,477,,48.369,7.232,Plein jour,Hors agglomération,Hors intersection,Normale,Autre collision,,,,,,,,,,,1,1,1,1,6
200600043680,0006-07-03 11:15:00,6,7,3,11,15,670,479,50 RUE DU MAIRE RUPP,49.013,7.933,Plein jour,En agglomération,Hors intersection,Normale,Deux véhicules - frontale,,,,,,,,,,,1,2,1,1,1
200600043681,0006-07-07 12:00:00,6,7,7,12,0,670,344,23 rue du Moulin,49.024,7.917,Plein jour,En agglomération,Hors intersection,Normale,Sans collision,,,,,,,,,,,1,2,1,1,7
200600043682,0006-07-10 20:30:00,6,7,10,20,30,670,25,,48.856,8.103,Plein jour,Hors agglomération,Hors intersection,Normale,Deux véhicules - arrière,,,,,,,,,,,1,1,1,1,2
200600043683,0006-07-08 17:45:00,6,7,8,17,45,670,416,,49.031,7.893,Plein jour,Hors agglomération,Hors intersection,Normale,Autre collision,,,,,,,,,,,1,1,1,1,6
200600043684,0006-07-19 12:30:00,6,7,19,12,30,670,474,RUE DES BARONS FLECKENST,48.942,7.883,Plein jour,En agglomération,Hors intersection,Normale,Autre collision,,,,,,,,,,,1,2,1,1,6
200600043685,0006-07-09 14:30:00,6,7,9,14,30,670,263,,49.022,7.78,Plein jour,Hors agglomération,Hors intersection,Normale,Deux véhicules - frontale,,,,,,,,,,,1,1,1,1,1
200600043686,0006-07-31 08:45:00,6,7,31,8,45,680,145,23 Grand'Rue,,,Plein jour,En agglomération,Hors intersection,Normale,Deux véhicules - arrière,,,,,,,,,,,1,2,1,1,2
200600043687,0006-07-16 08:15:00,6,7,16,8,15,680,142,3 route du linge,,,Plein jour,En agglomération,Hors intersection,Temps éblouissant,Deux véhicules - frontale,,,,,,,,,,,1,2,1,7,1
200600043688,0006-07-12 19:15:00,6,7,12,19,15,680,210,rue Principale,,,Plein jour,En agglomération,Hors intersection,Normale,Deux véhicules - frontale,,,,,,,,,,,1,2,1,1,1
200600043689,0006-07-18 20:00:00,6,7,18,20,0,680,329,Hauteur rue des bouchers,48.056,7.107,Crépuscule ou aube,En agglomération,Hors intersection,Normale,Deux véhicules - frontale,,,,,,,,,,,2,2,1,1,1
200600043690,0006-07-05 00:15:00,6,7,5,0,15,680,19,,48.107,7.535,Nuit sans éclairage public,Hors agglomération,Hors intersection,Normale,Autre collision,,,,,,,,,,,3,1,1,1,6
200600043691,0006-07-10 08:00:00,6,7,10,8,0,680,172,,,,Plein jour,Hors agglomération,Hors intersection,Normale,Deux véhicules - frontale,,,,,,,,,,,1,1,1,1,1
200600043692,0006-07-18 19:30:00,6,7,18,19,30,680,9,,48.137,7.575,Plein jour,Hors agglomération,Hors intersection,Normale,Autre collision,,,,,,,,,,,1,1,1,1,6
200600043693,0006-07-18 17:00:00,6,7,18,17,0,680,227,,48.112,7.472,Plein jour,Hors agglomération,Hors intersection,Normale,Deux véhicules - frontale,,,,,,,,,,,1,1,1,1,1
200600043694,0006-07-02 06:00:00,6,7,2,6,0,680,269,,48.186,7.341,Plein jour,Hors agglomération,Hors intersection,Normale,Sans collision,,,,,,,,,,,1,1,1,1,7
200600043695,0006-07-13 11:45:00,6,7,13,11,45,680,26,rue de l' Ecole,48.15,7.323,Plein jour,En agglomération,Hors intersection,Normale,Deux véhicules - côté,,,,,,,,,,,1,2,1,1,3
200600043696,0006-07-17 19:15:00,6,7,17,19,15,680,296,,48.236,7.381,Plein jour,Hors agglomération,Hors intersection,Normale,Sans collision,,,,,,,,,,,1,1,1,1,7
200600043697,0006-07-30 06:30:00,6,7,30,6,30,680,155,Rte d'Eguisheim,,,Crépuscule ou aube,En agglomération,Hors intersection,Normale,Autre collision,,,,,,,,,,,2,2,1,1,6
200600043698,0006-07-08 14:00:00,6,7,8,14,0,680,259,,,,Plein jour,Hors agglomération,Hors intersection,Normale,Autre collision,,,,,,,,,,,1,1,1,1,6
200600043699,0006-07-13 20:45:00,6,7,13,20,45,680,257,,47.502,7.171,Crépuscule ou aube,Hors agglomération,Hors intersection,Normale,Sans collision,,,,,,,,,,,2,1,1,1,7
200600043700,0006-07-31 10:15:00,6,7,31,10,15,680,248,,,,Plein jour,Hors agglomération,Autre intersection,Normale,Deux véhicules - côté,,,,,,,,,,,1,1,9,1,3
200600043701,0006-07-02 18:15:00,6,7,2,18,15,680,177,rue de Soultzmatt,,,Plein jour,Hors agglomération,Hors intersection,Normale,Deux véhicules - arrière,,,,,,,,,,,1,1,1,1,2
200600043702,0006-07-26 15:30:00,6,7,26,15,30,680,250,Rue de Bergholtzzell,47.94,7.234,Plein jour,En agglomération,Hors intersection,Normale,Deux véhicules - côté,,,,,,,,,,,1,2,1,1,3
200600043703,0006-07-07 10:00:00,6,7,7,10,0,680,82,,47.873,7.361,Plein jour,Hors agglomération,Intersection en X,Normale,Deux véhicules - côté,,,,,,,,,,,1,1,2,1,3
200600043704,0006-07-07 17:00:00,6,7,7,17,0,680,291,27 RUE DU MAL DU BOURG,,,Plein jour,En agglomération,Hors intersection,Normale,Sans collision,,,,,,,,,,,1,2,1,1,7
200600043705,0006-07-18 13:45:00,6,7,18,13,45,680,287,,47.958,7.288,Plein jour,Hors agglomération,Hors intersection,Normale,Deux véhicules - frontale,,,,,,,,,,,1,1,1,1,1
200600043706,0006-07-24 20:00:00,6,7,24,20,0,680,32,,47.842,7.227,Plein jour,Hors agglomération,Hors intersection,Normale,Deux véhicules - arrière,,,,,,,,,,,1,1,1,1,2
200600043707,0006-07-15 20:30:00,6,7,15,20,30,680,195,RUE ARISTIDE BRIAND,,,Crépuscule ou aube,En agglomération,Hors intersection,Normale,Autre collision,,,,,,,,,,,2,2,1,1,6
200600043708,0006-07-30 15:30:00,6,7,30,15,30,680,70,route de Hochstatt,47.722,7.293,Plein jour,En agglomération,Hors intersection,Normale,Deux véhicules - frontale,,,,,,,,,,,1,2,1,1,1
200600043709,0006-07-17 15:15:00,6,7,17,15,15,680,135,,47.594,7.549,Plein jour,Hors agglomération,Hors intersection,Normale,Deux véhicules - frontale,,,,,,,,,,,1,1,1,1,1
200600043710,0006-07-27 07:30:00,6,7,27,7,30,680,286,RUE DE SAVIGNEUX,47.641,7.531,Plein jour,En agglomération,Intersection en T,Normale,Deux véhicules - frontale,,,,,,,,,,,1,2,3,1,1
200600043711,0006-07-25 08:30:00,6,7,25,8,30,680,163,"129, rue du Rhin",,,Plein jour,En agglomération,Hors intersection,Normale,Deux véhicules - frontale,,,,,,,,,,,1,2,1,1,1
200600043712,0006-07-15 20:45:00,6,7,15,20,45,680,12,,,,Plein jour,Hors agglomération,Hors intersection,Normale,Deux véhicules - frontale,,,,,,,,,,,1,1,1,1,1
200600043713,0006-07-20 14:10:00,6,7,20,14,10,680,171,Route du Markstein,,,Plein jour,Hors agglomération,Hors intersection,Normale,Trois véhicules et plus - collisions multiples,,,,,,,,,,,1,1,1,1,5
200600043714,0006-07-02 15:30:00,6,7,2,15,30,680,179,103 rue principale,,,Plein jour,En agglomération,Hors intersection,Normale,Autre collision,,,,,,,,,,,1,2,1,1,6
200600043715,0006-07-29 04:15:00,6,7,29,4,15,510,566,,48.932,4.221,Crépuscule ou aube,Hors agglomération,Hors intersection,Normale,Sans collision,,,,,,,,,,,2,1,1,1,7
200600043716,0006-07-19 19:30:00,6,7,19,19,30,510,389,,49.134,4.328,Plein jour,Hors agglomération,Hors intersection,Normale,Deux véhicules - côté,,,,,,,,,,,1,1,1,1,3
200600043717,0006-07-01 03:30:00,6,7,1,3,30,510,49,CD 933,,,Nuit sans éclairage public,Hors agglomération,Hors intersection,Normale,Autre collision,,,,,,,,,,,3,1,1,1,6
200600043718,0006-07-11 07:50:00,6,7,11,7,50,510,638,CD5- PK 14+650,,,Plein jour,Hors agglomération,Hors intersection,Normale,Deux véhicules - côté,,,,,,,,,,,1,1,1,1,3
200600043719,0006-07-30 10:45:00,6,7,30,10,45,510,248,,48.75,3.966,Plein jour,Hors agglomération,Hors intersection,Normale,Deux véhicules - arrière,,,,,,,,,,,1,1,1,1,2
200600043720,0006-07-30 12:00:00,6,7,30,12,0,510,545,,48.738,4.221,Plein jour,Hors agglomération,Hors intersection,Normale,Sans collision,,,,,,,,,,,1,1,1,1,7
200600043721,0006-07-05 06:30:00,6,7,5,6,30,510,124,,48.634,3.649,Plein jour,Hors agglomération,Hors intersection,Temps couvert,Autre collision,,,,,,,,,,,1,1,1,8,6
200600043722,0006-07-23 16:30:00,6,7,23,16,30,510,36,86 Route de Lancourt,48.66,3.69,Plein jour,En agglomération,Hors intersection,Normale,Autre collision,,,,,,,,,,,1,2,1,1,6
200600043723,0006-07-30 17:00:00,6,7,30,17,0,510,604,,,,Plein jour,Hors agglomération,Hors intersection,Normale,Autre collision,,,,,,,,,,,1,1,1,1,6
200600043724,0006-07-01 16:15:00,6,7,1,16,15,510,569,,49.264,3.959,Plein jour,Hors agglomération,Hors intersection,Normale,Deux véhicules - arrière,,,,,,,,,,,1,1,1,1,2
200600043725,0006-07-04 08:00:00,6,7,4,8,0,510,310,,49.209,3.92,Plein jour,Hors agglomération,Hors intersection,Normale,Deux véhicules - côté,,,,,,,,,,,1,1,1,1,3
200600043726,0006-07-21 16:30:00,6,7,21,16,30,510,391,direction GUEUX - MUIZON,49.273,3.921,Plein jour,Hors agglomération,Hors intersection,Normale,Autre collision,,,,,,,,,,,1,1,1,1,6
200600043727,0006-07-06 00:45:00,6,7,6,0,45,510,440,,,,Nuit sans éclairage public,Hors agglomération,Autre intersection,Normale,Deux véhicules - frontale,,,,,,,,,,,3,1,9,1,1
200600043728,0006-07-09 20:45:00,6,7,9,20,45,510,195,,,,Plein jour,Hors agglomération,Hors intersection,Normale,Sans collision,,,,,,,,,,,1,1,1,1,7
200600043729,0006-07-28 15:15:00,6,7,28,15,15,510,334,,48.716,4.643,Plein jour,Hors agglomération,Hors intersection,Normale,Trois véhicules et plus - collisions multiples,,,,,,,,,,,1,1,1,1,5
200600043730,0006-07-08 10:00:00,6,7,8,10,0,510,531,,48.769,4.904,Plein jour,Hors agglomération,Hors intersection,Normale,Sans collision,,,,,,,,,,,1,1,1,1,7
200600043731,0006-07-15 23:50:00,6,7,15,23,50,510,288,RN 4,,,Nuit sans éclairage public,Hors agglomération,Hors intersection,Normale,Trois véhicules et plus - en chaîne,,,,,,,,,,,3,1,1,1,4
200600043732,0006-07-27 19:15:00,6,7,27,19,15,510,322,"RD 396, PK +300",48.58,4.535,Plein jour,Hors agglomération,Hors intersection,Normale,Sans collision,,,,,,,,,,,1,1,1,1,7
200600043733,0006-07-31 11:00:00,6,7,31,11,0,510,228,RD 982,,,Plein jour,Hors agglomération,Hors intersection,Normale,Deux véhicules - arrière,,,,,,,,,,,1,1,1,1,2
200600043734,0006-07-01 21:30:00,6,7,1,21,30,80,448,rue de la Naux,49.878,4.8,Crépuscule ou aube,En agglomération,Hors intersection,Normale,Deux véhicules - côté,,,,,,,,,,,2,2,1,1,3
200600043735,0006-07-27 23:55:00,6,7,27,23,55,80,302,Place des bateliers,,,Nuit avec éclairage allumé,En agglomération,Place,Normale,Autre collision,,,,,,,,,,,5,2,7,1,6
200600043736,0006-07-16 20:30:00,6,7,16,20,30,80,22,,,,Crépuscule ou aube,Hors agglomération,Hors intersection,Temps éblouissant,Deux véhicules - frontale,,,,,,,,,,,2,1,1,7,1
200600043737,0006-07-09 19:30:00,6,7,9,19,30,80,222,,,,Plein jour,Hors agglomération,Hors intersection,Normale,Sans collision,,,,,,,,,,,1,1,1,1,7
200600043738,0006-07-07 15:00:00,6,7,7,15,0,80,367,,,,Plein jour,Hors agglomération,Hors intersection,Normale,Autre collision,,,,,,,,,,,1,1,1,1,6
200600043739,0006-07-22 02:00:00,6,7,22,2,0,80,440,,,,Nuit sans éclairage public,Hors agglomération,Hors intersection,Normale,Autre collision,,,,,,,,,,,3,1,1,1,6
200600043740,0006-07-05 18:00:00,6,7,5,18,0,80,145,route nationale,49.677,5.026,Plein jour,En agglomération,Hors intersection,Normale,Deux véhicules - frontale,,,,,,,,,,,1,2,1,1,1
200600043741,0006-07-06 13:15:00,6,7,6,13,15,80,324,,49.619,4.519,Plein jour,Hors agglomération,Hors intersection,Normale,Autre collision,,,,,,,,,,,1,1,1,1,6
200600043742,0006-07-08 17:15:00,6,7,8,17,15,100,51,,48.201,4.003,Plein jour,Hors agglomération,Hors intersection,Normale,Autre collision,,,,,,,,,,,1,1,1,1,6
200600043743,0006-07-10 19:30:00,6,7,10,19,30,100,222,"D 111, pk 8 + 350",,,Plein jour,En agglomération,Hors intersection,Normale,Deux véhicules - côté,,,,,,,,,,,1,2,1,1,3
200600043744,0006-07-08 17:45:00,6,7,8,17,45,100,349,CD 20 X rue des muriers,,,Plein jour,En agglomération,Hors intersection,Normale,Deux véhicules - côté,,,,,,,,,,,1,2,1,1,3
200600043745,0006-07-15 12:15:00,6,7,15,12,15,100,349,RD619,,,Plein jour,Hors agglomération,Hors intersection,Normale,Deux véhicules - arrière,,,,,,,,,,,1,1,1,1,2
200600043746,0006-07-16 16:15:00,6,7,16,16,15,100,191,RN 210,,,Plein jour,Hors agglomération,Hors intersection,Normale,Trois véhicules et plus - en chaîne,,,,,,,,,,,1,1,1,1,4
200600043747,0006-07-23 07:30:00,6,7,23,7,30,100,239,,,,Crépuscule ou aube,Hors agglomération,Hors intersection,Normale,Deux véhicules - arrière,,,,,,,,,,,2,1,1,1,2
200600043748,0006-07-23 21:15:00,6,7,23,21,15,100,238,,48.246,4.373,Crépuscule ou aube,Hors agglomération,Hors intersection,Normale,Deux véhicules - frontale,,,,,,,,,,,2,1,1,1,1
200600043749,0006-07-04 09:40:00,6,7,4,9,40,100,35,CD 396,,,Plein jour,Hors agglomération,Hors intersection,Normale,Deux véhicules - frontale,,,,,,,,,,,1,1,1,1,1
200600043750,0006-07-11 13:30:00,6,7,11,13,30,100,401,25 rue des perches,48.242,4.471,Plein jour,En agglomération,Intersection en T,Normale,Deux véhicules - côté,,,,,,,,,,,1,2,3,1,3
200600043751,0006-07-15 10:45:00,6,7,15,10,45,100,401,CD79,,,Plein jour,Hors agglomération,Hors intersection,Normale,Deux véhicules - côté,,,,,,,,,,,1,1,1,1,3
200600043752,0006-07-27 01:45:00,6,7,27,1,45,100,401,RD 619,,,Nuit sans éclairage public,Hors agglomération,Hors intersection,Temps couvert,Autre collision,,,,,,,,,,,3,1,1,8,6
200600043753,0006-07-29 22:45:00,6,7,29,22,45,100,39,,48.18,4.67,Nuit sans éclairage public,Hors agglomération,Hors intersection,Normale,Autre collision,,,,,,,,,,,3,1,1,1,6
200600043754,0006-07-08 11:30:00,6,7,8,11,30,100,171,RD 131,,,Plein jour,Hors agglomération,Hors intersection,Normale,Deux véhicules - frontale,,,,,,,,,,,1,1,1,1,1
200600043755,0006-07-14 04:00:00,6,7,14,4,0,100,253,,48.499,4.574,Nuit sans éclairage public,Hors agglomération,Hors intersection,Normale,Autre collision,,,,,,,,,,,3,1,1,1,6
200600043756,0006-07-19 09:30:00,6,7,19,9,30,100,64,,48.395,4.533,Plein jour,Hors agglomération,Hors intersection,Normale,Deux véhicules - côté,,,,,,,,,,,1,1,1,1,3
200600043757,0006-07-16 22:00:00,6,7,16,22,0,100,141,,48.048,4.548,Nuit sans éclairage public,Hors agglomération,Hors intersection,Normale,Autre collision,,,,,,,,,,,3,1,1,1,6
200600043758,0006-07-16 13:15:00,6,7,16,13,15,100,317,76 rue du gal de Gaulle,47.998,4.37,Plein jour,En agglomération,Hors intersection,Normale,Deux véhicules - frontale,,,,,,,,,,,1,2,1,1,1
200600043759,0006-07-25 08:00:00,6,7,25,8,0,100,55,,48.131,4.36,Plein jour,Hors agglomération,Hors intersection,Normale,Deux véhicules - côté,,,,,,,,,,,1,1,1,1,3
200600043760,0006-07-14 20:30:00,6,7,14,20,30,520,349,CD 143,,,Plein jour,En agglomération,Hors intersection,Normale,Autre collision,,,,,,,,,,,1,2,1,1,6
200600043761,0006-07-23 19:45:00,6,7,23,19,45,520,469,,48.031,5.061,Plein jour,Hors agglomération,Hors intersection,Normale,Sans collision,,,,,,,,,,,1,1,1,1,7
200600043762,0006-07-26 18:30:00,6,7,26,18,30,520,251,,48.142,5.078,Plein jour,Hors agglomération,Hors intersection,Normale,Autre collision,,,,,,,,,,,1,1,1,1,6
200600043763,0006-07-01 15:45:00,6,7,1,15,45,520,133,CD2,48.188,5.447,Plein jour,Hors agglomération,Hors intersection,Normale,Sans collision,,,,,,,,,,,1,1,1,1,7
200600043764,0006-07-19 12:15:00,6,7,19,12,15,520,237,Grande rue,,,Plein jour,En agglomération,Hors intersection,Normale,Deux véhicules - arrière,,,,,,,,,,,1,2,1,1,2
200600043765,0006-07-19 09:00:00,6,7,19,9,0,520,247,grande rue,,,Plein jour,En agglomération,Hors intersection,Normale,Sans collision,,,,,,,,,,,1,2,1,1,7
200600043766,0006-07-06 12:00:00,6,7,6,12,0,520,269,avenue Turenne,,,Plein jour,En agglomération,Hors intersection,Normale,Autre collision,,,,,,,,,,,1,2,1,1,6
200600043767,0006-07-11 03:15:00,6,7,11,3,15,520,269,CD135,,,Nuit sans éclairage public,Hors agglomération,Hors intersection,Normale,Sans collision,,,,,,,,,,,3,1,1,1,7
200600043768,0006-07-12 09:30:00,6,7,12,9,30,520,37,,,,Plein jour,Hors agglomération,Hors intersection,Temps éblouissant,Deux véhicules - frontale,,,,,,,,,,,1,1,1,7,1
200600043769,0006-07-27 10:30:00,6,7,27,10,30,520,432,rue maréchal de lattre,,,Plein jour,En agglomération,Hors intersection,Pluie légère,Autre collision,,,,,,,,,,,1,2,1,2,6
200600043770,0006-07-02 00:30:00,6,7,2,0,30,520,914,CD 417 - MEUSE,47.997,5.55,Nuit sans éclairage public,En agglomération,Hors intersection,Normale,Deux véhicules - côté,,,,,,,,,,,3,2,1,1,3