accident_id,datetime,annee,mois,jour,heure,minute,departement,commune_insee,adresse,latitude,longitude,luminosite,agglomeration,intersection,meteo,collision,nb_vehicules,nb_usagers,nb_indemnes,nb_tues,nb_blesses_hosp,nb_blesses_legers,age_cond_1,age_cond_2,veh_type_cond_1,veh_type_cond_2,lum_code,agg_code,int_code,atm_code,col_code
200600043771,0006-07-02 12:00:00,6,7,2,12,0,520,60,,47.944,5.795,Plein jour,Hors agglomération,Autre intersection,Normale,Deux véhicules - frontale,,,,,,,,,,,1,1,9,1,1
200600043772,0006-07-01 18:45:00,6,7,1,18,45,520,492,,47.823,5.464,Plein jour,Hors agglomération,Hors intersection,Normale,Deux véhicules - frontale,,,,,,,,,,,1,1,1,1,1
200600043773,0006-07-07 02:50:00,6,7,7,2,50,520,292,RN 74,,,Nuit avec éclairage allumé,En agglomération,Hors intersection,Normale,Deux véhicules - côté,,,,,,,,,,,5,2,1,1,3
200600043774,0006-07-12 21:30:00,6,7,12,21,30,520,531,CD 140 PK 21800,,,Nuit sans éclairage public,Hors agglomération,Hors intersection,Normale,Autre collision,,,,,,,,,,,3,1,1,1,6
200600043775,0006-07-16 08:15:00,6,7,16,8,15,520,414,,48.525,5.105,Crépuscule ou aube,Hors agglomération,Hors intersection,Normale,Sans collision,,,,,,,,,,,2,1,1,1,7
200600043776,0006-07-17 09:00:00,6,7,17,9,0,520,265,"17, rue de la Gare",48.554,5.076,Plein jour,En agglomération,Hors intersection,Normale,Sans collision,,,,,,,,,,,1,2,1,1,7
200600043777,0006-07-12 14:00:00,6,7,12,14,0,520,250,chemin des fonderies,48.443,5.144,Plein jour,En agglomération,Hors intersection,Normale,Deux véhicules - côté,,,,,,,,,,,1,2,1,1,3
200600043778,0006-07-19 05:15:00,6,7,19,5,15,520,512,Rue du général de Gaulle,48.463,5.14,Crépuscule ou aube,En agglomération,Hors intersection,Normale,Sans collision,,,,,,,,,,,2,2,1,1,7
200600043779,0006-07-05 08:30:00,6,7,5,8,30,520,331,,,,Plein jour,En agglomération,Hors intersection,Normale,Deux véhicules - côté,,,,,,,,,,,1,2,1,1,3
200600043780,0006-07-22 13:55:00,6,7,22,13,55,890,133,"199+850, sens LYON/PARIS",,,Plein jour,Hors agglomération,Hors intersection,Normale,Autre collision,,,,,,,,,,,1,1,1,1,6
200600043781,0006-07-05 05:45:00,6,7,5,5,45,210,128,,47.281,4.512,Crépuscule ou aube,Hors agglomération,Hors intersection,Normale,Sans collision,,,,,,,,,,,2,1,1,1,7
200600043782,0006-07-15 15:15:00,6,7,15,15,15,210,73,,,,Plein jour,Hors agglomération,Hors intersection,Normale,Sans collision,,,,,,,,,,,1,1,1,1,7
200600043783,0006-07-04 17:45:00,6,7,4,17,45,210,657,,47.348,5.131,Plein jour,Hors agglomération,Hors intersection,Normale,Trois véhicules et plus - collisions multiples,,,,,,,,,,,1,1,1,1,5
200600043784,0006-07-16 18:30:00,6,7,16,18,30,210,292,cd 109j,,,Plein jour,Hors agglomération,Hors intersection,Normale,Deux véhicules - frontale,,,,,,,,,,,1,1,1,1,1
200600043785,0006-07-07 12:45:00,6,7,7,12,45,210,317,,47.544,5.131,Plein jour,Hors agglomération,Hors intersection,Normale,Deux véhicules - frontale,,,,,,,,,,,1,1,1,1,1
200600043786,0006-07-12 13:45:00,6,7,12,13,45,210,638,,47.515,5.172,Plein jour,Hors agglomération,Passage à niveau,Normale,Deux véhicules - arrière,,,,,,,,,,,1,1,8,1,2
200600043787,0006-07-02 15:00:00,6,7,2,15,0,210,590,route de Bouilland,,,Plein jour,En agglomération,Hors intersection,Normale,Deux véhicules - côté,,,,,,,,,,,1,2,1,1,3
200600043788,0006-07-03 08:00:00,6,7,3,8,0,210,412,CD 974,46.981,4.769,Plein jour,En agglomération,Hors intersection,Normale,Deux véhicules - côté,,,,,,,,,,,1,2,1,1,3
200600043789,0006-07-03 17:15:00,6,7,3,17,15,210,492,RD973,47.012,4.798,Plein jour,En agglomération,Hors intersection,Normale,Deux véhicules - côté,,,,,,,,,,,1,2,1,1,3
200600043790,0006-07-05 18:00:00,6,7,5,18,0,210,712,,47.003,4.786,Plein jour,Hors agglomération,Hors intersection,Normale,Deux véhicules - côté,,,,,,,,,,,1,1,1,1,3
200600043791,0006-07-10 16:30:00,6,7,10,16,30,210,606,CD20F,,,Plein jour,Hors agglomération,Hors intersection,Normale,Deux véhicules - côté,,,,,,,,,,,1,1,1,1,3
200600043792,0006-07-13 21:00:00,6,7,13,21,0,210,534,Lieu dit TRAVOISY CD973,47.01,4.92,Plein jour,Hors agglomération,Hors intersection,Normale,Sans collision,,,,,,,,,,,1,1,1,1,7
200600043793,0006-07-23 13:30:00,6,7,23,13,30,210,569,,47.011,4.71,Plein jour,Hors agglomération,Hors intersection,Normale,Deux véhicules - frontale,,,,,,,,,,,1,1,1,1,1
200600043794,0006-07-27 17:45:00,6,7,27,17,45,210,492,18 route d' Autun,47.009,4.796,Plein jour,En agglomération,Intersection en X,Normale,Deux véhicules - frontale,,,,,,,,,,,1,2,2,1,1
200600043795,0006-07-24 11:30:00,6,7,24,11,30,210,712,,,,Plein jour,Hors agglomération,Hors intersection,Normale,Deux véhicules - frontale,,,,,,,,,,,1,1,1,1,1
200600043796,0006-07-26 20:45:00,6,7,26,20,45,210,711,,47.523,4.893,Plein jour,Hors agglomération,Hors intersection,Normale,Sans collision,,,,,,,,,,,1,1,1,1,7
200600043797,0006-07-09 19:45:00,6,7,9,19,45,210,685,,47.68,4.494,Plein jour,Hors agglomération,Hors intersection,Normale,Deux véhicules - frontale,,,,,,,,,,,1,1,1,1,1
200600043798,0006-07-12 23:30:00,6,7,12,23,30,210,415,,47.654,4.865,Nuit sans éclairage public,Hors agglomération,Hors intersection,Normale,Sans collision,,,,,,,,,,,3,1,1,1,7
200600043799,0006-07-13 18:00:00,6,7,13,18,0,580,46,gfhd,,,Plein jour,Hors agglomération,Hors intersection,Normale,Autre collision,,,,,,,,,,,1,1,1,1,6
200600043800,0006-07-13 20:15:00,6,7,13,20,15,580,46,,,,Plein jour,Hors agglomération,Hors intersection,Normale,Deux véhicules - frontale,,,,,,,,,,,1,1,1,1,1
200600043801,0006-07-16 08:00:00,6,7,16,8,0,580,117,on rue du pont / CD 174.,,,Plein jour,En agglomération,Hors intersection,Normale,Sans collision,,,,,,,,,,,1,2,1,1,7
200600043802,0006-07-06 10:45:00,6,7,6,10,45,580,176,,,,Plein jour,Hors agglomération,Hors intersection,Pluie légère,Sans collision,,,,,,,,,,,1,1,1,2,7
200600043803,0006-07-15 08:45:00,6,7,15,8,45,580,112,,46.951,3.313,Plein jour,Hors agglomération,Hors intersection,Normale,Autre collision,,,,,,,,,,,1,1,1,1,6
200600043804,0006-07-25 13:45:00,6,7,25,13,45,580,232,29 rue Victor Hugo,47.0,3.394,Plein jour,En agglomération,Hors intersection,Normale,Deux véhicules - arrière,,,,,,,,,,,1,2,1,1,2
200600043805,0006-07-15 21:15:00,6,7,15,21,15,580,260,RUE DES POIRATS,,,Nuit avec éclairage allumé,En agglomération,Hors intersection,Normale,Sans collision,,,,,,,,,,,5,2,1,1,7
200600043806,0006-07-16 05:15:00,6,7,16,5,15,580,293,,46.741,3.422,Crépuscule ou aube,Hors agglomération,Hors intersection,Normale,Sans collision,,,,,,,,,,,2,1,1,1,7
200600043807,0006-07-06 18:30:00,6,7,6,18,30,580,267,"Lieu dit ""Vilaine""",,,Plein jour,Hors agglomération,Hors intersection,Pluie forte,Autre collision,,,,,,,,,,,1,1,1,3,6
200600043808,0006-07-17 19:50:00,6,7,17,19,50,580,40,ction des CD 132 et CD 4,,,Plein jour,Hors agglomération,Hors intersection,Normale,Deux véhicules - frontale,,,,,,,,,,,1,1,1,1,1
200600043809,0006-07-17 11:00:00,6,7,17,11,0,580,10,,47.036,4.073,Plein jour,Hors agglomération,Hors intersection,Normale,Sans collision,,,,,,,,,,,1,1,1,1,7
200600043810,0006-07-21 09:45:00,6,7,21,9,45,580,79,59 Route d'Armes,,,Plein jour,En agglomération,Hors intersection,Normale,Autre collision,,,,,,,,,,,1,2,1,1,6
200600043811,0006-07-21 12:30:00,6,7,21,12,30,580,156,,47.31,3.37,Plein jour,Hors agglomération,Hors intersection,Normale,Deux véhicules - frontale,,,,,,,,,,,1,1,1,1,1
200600043812,0006-07-30 12:45:00,6,7,30,12,45,580,205,,47.199,3.939,Plein jour,Hors agglomération,Hors intersection,Normale,Sans collision,,,,,,,,,,,1,1,1,1,7
200600043813,0006-07-09 05:45:00,6,7,9,5,45,580,187,Route de Saint Amand,,,Plein jour,En agglomération,Hors intersection,Normale,Autre collision,,,,,,,,,,,1,2,1,1,6
200600043814,0006-07-13 20:45:00,6,7,13,20,45,580,147,,47.15,3.403,Plein jour,Hors agglomération,Hors intersection,Normale,Autre collision,,,,,,,,,,,1,1,1,1,6
200600043815,0006-07-29 01:45:00,6,7,29,1,45,710,448,Pont de la béjarde,,,Nuit sans éclairage public,Hors agglomération,Hors intersection,Normale,Deux véhicules - frontale,,,,,,,,,,,3,1,1,1,1
200600043816,0006-07-19 17:00:00,6,7,19,17,0,710,90,les Nuguets,46.23,4.78,Plein jour,Hors agglomération,Intersection en T,Normale,Deux véhicules - côté,,,,,,,,,,,1,1,3,1,3
200600043817,0006-07-07 17:30:00,6,7,7,17,30,710,441,lieu dit Les Fourneaux,46.33,4.55,Plein jour,Hors agglomération,Hors intersection,Normale,Deux véhicules - côté,,,,,,,,,,,1,1,1,1,3
200600043818,0006-07-13 10:25:00,6,7,13,10,25,710,547,"dit ""le bas de la place""",,,Plein jour,Hors agglomération,Hors intersection,Normale,Deux véhicules - frontale,,,,,,,,,,,1,1,1,1,1
200600043819,0006-07-23 04:00:00,6,7,23,4,0,710,350,le bourg,46.33,4.69,Nuit avec éclairage allumé,En agglomération,Hors intersection,Normale,Deux véhicules - frontale,,,,,,,,,,,5,2,1,1,1
200600043820,0006-07-06 22:30:00,6,7,6,22,30,710,543,RN6 -,46.562,4.916,Nuit avec éclairage allumé,En agglomération,Hors intersection,Temps couvert,Deux véhicules - côté,,,,,,,,,,,5,2,1,8,3
200600043821,0006-07-17 15:00:00,6,7,17,15,0,710,248,C.D.975,,,Plein jour,En agglomération,Hors intersection,Normale,Trois véhicules et plus - en chaîne,,,,,,,,,,,1,2,1,1,4
200600043822,0006-07-26 21:45:00,6,7,26,21,45,710,494,,46.419,4.878,Crépuscule ou aube,Hors agglomération,Hors intersection,Normale,Deux véhicules - arrière,,,,,,,,,,,2,1,1,1,2
200600043823,0006-07-01 17:00:00,6,7,1,17,0,710,313,,,,Plein jour,Hors agglomération,Hors intersection,Normale,Deux véhicules - arrière,,,,,,,,,,,1,1,1,1,2
200600043824,0006-07-29 03:45:00,6,7,29,3,45,710,317,,46.723,4.093,Nuit sans éclairage public,Hors agglomération,Hors intersection,Normale,Sans collision,,,,,,,,,,,3,1,1,1,7
200600043825,0006-07-17 13:15:00,6,7,17,13,15,710,109,,,,Plein jour,Hors agglomération,Hors intersection,Normale,Deux véhicules - côté,,,,,,,,,,,1,1,1,1,3
200600043826,0006-07-28 18:00:00,6,7,28,18,0,710,170,route de beaune,,,Plein jour,En agglomération,Hors intersection,Temps couvert,Sans collision,,,,,,,,,,,1,2,1,8,7
200600043827,0006-07-30 10:15:00,6,7,30,10,15,710,109,,46.888,4.702,Plein jour,Hors agglomération,Hors intersection,Normale,Deux véhicules - frontale,,,,,,,,,,,1,1,1,1,1
200600043828,0006-07-03 11:45:00,6,7,3,11,45,710,374,,,,Plein jour,Hors agglomération,Hors intersection,Normale,Sans collision,,,,,,,,,,,1,1,1,1,7
200600043829,0006-07-05 17:30:00,6,7,5,17,30,710,498,,,,Plein jour,Hors agglomération,Hors intersection,Normale,Trois véhicules et plus - collisions multiples,,,,,,,,,,,1,1,1,1,5
200600043830,0006-07-05 18:00:00,6,7,5,18,0,710,189,CD 978  rue du  bourg,,,Plein jour,En agglomération,Hors intersection,Normale,Deux véhicules - frontale,,,,,,,,,,,1,2,1,1,1
200600043831,0006-07-06 15:00:00,6,7,6,15,0,710,420,Route de Louhans,,,Plein jour,En agglomération,Hors intersection,Normale,Deux véhicules - côté,,,,,,,,,,,1,2,1,1,3
200600043832,0006-07-11 18:40:00,6,7,11,18,40,710,402,Lieu dit Le moulin neuf,,,Plein jour,Hors agglomération,Hors intersection,Normale,Deux véhicules - côté,,,,,,,,,,,1,1,1,1,3
200600043833,0006-07-30 12:15:00,6,7,30,12,15,710,231,,,,Plein jour,Hors agglomération,Hors intersection,Normale,Deux véhicules - arrière,,,,,,,,,,,1,1,1,1,2
200600043834,0006-07-18 14:15:00,6,7,18,14,15,710,428,,46.203,4.307,Plein jour,Hors agglomération,Hors intersection,Normale,Deux véhicules - côté,,,,,,,,,,,1,1,1,1,3
200600043835,0006-07-28 16:30:00,6,7,28,16,30,710,218,Lieudit LA GRANGE,,,Plein jour,Hors agglomération,Hors intersection,Normale,Autre collision,,,,,,,,,,,1,1,1,1,6
200600043836,0006-07-27 10:15:00,6,7,27,10,15,710,382,,46.501,3.917,Plein jour,Hors agglomération,Hors intersection,Normale,Sans collision,,,,,,,,,,,1,1,1,1,7
200600043837,0006-07-09 14:45:00,6,7,9,14,45,710,468,,,,Plein jour,Hors agglomération,Hors intersection,Normale,Autre collision,,,,,,,,,,,1,1,1,1,6
200600043838,0006-07-23 17:30:00,6,7,23,17,30,710,282,,,,Plein jour,Hors agglomération,Hors intersection,Normale,Deux véhicules - côté,,,,,,,,,,,1,1,1,1,3
200600043839,0006-07-23 15:30:00,6,7,23,15,30,710,191,,,,Plein jour,Hors agglomération,Hors intersection,Normale,Autre collision,,,,,,,,,,,1,1,1,1,6
200600043840,0006-07-23 20:00:00,6,7,23,20,0,710,47,Route de GUEUGNON,,,Plein jour,En agglomération,Hors intersection,Normale,Deux véhicules - côté,,,,,,,,,,,1,2,1,1,3
200600043841,0006-07-03 08:30:00,6,7,3,8,30,710,346,nde Rue et rue du Moulin,,,Plein jour,En agglomération,Intersection en T,Normale,Deux véhicules - côté,,,,,,,,,,,1,2,3,1,3
200600043842,0006-07-31 15:45:00,6,7,31,15,45,710,132,,,,Plein jour,Hors agglomération,Hors intersection,Normale,Deux véhicules - frontale,,,,,,,,,,,1,1,1,1,1
200600043843,0006-07-21 16:15:00,6,7,21,16,15,710,56,,,,Plein jour,Hors agglomération,Hors intersection,Normale,Trois véhicules et plus - collisions multiples,,,,,,,,,,,1,1,1,1,5
200600043844,0006-07-28 11:15:00,6,7,28,11,15,710,157,"lieu-dit ""Semon""",,,Plein jour,Hors agglomération,Intersection en X,Normale,Deux véhicules - côté,,,,,,,,,,,1,1,2,1,3
200600043845,0006-07-06 17:30:00,6,7,6,17,30,710,158,CARREFOUR DE LA POSTE,,,Plein jour,En agglomération,Hors intersection,Normale,Deux véhicules - frontale,,,,,,,,,,,1,2,1,1,1
200600043846,0006-07-09 18:45:00,6,7,9,18,45,710,213,Veilly,46.545,5.036,Plein jour,En agglomération,Hors intersection,Normale,Autre collision,,,,,,,,,,,1,2,1,1,6
200600043847,0006-07-21 17:50:00,6,7,21,17,50,710,318,Le Bourg,,,Plein jour,En agglomération,Hors intersection,Normale,Deux véhicules - frontale,,,,,,,,,,,1,2,1,1,1
200600043848,0006-07-28 20:30:00,6,7,28,20,30,710,352,,,,Plein jour,Hors agglomération,Hors intersection,Pluie légère,Sans collision,,,,,,,,,,,1,1,1,2,7
200600043849,0006-07-09 02:30:00,6,7,9,2,30,710,412,RN 70,,,Nuit sans éclairage public,Hors agglomération,Hors intersection,Normale,Deux véhicules - frontale,,,,,,,,,,,3,1,1,1,1
200600043850,0006-07-30 09:45:00,6,7,30,9,45,710,412,,,,Plein jour,Hors agglomération,Hors intersection,Normale,Deux véhicules - frontale,,,,,,,,,,,1,1,1,1,1
200600043851,0006-07-05 08:45:00,6,7,5,8,45,890,252,,47.661,3.498,Plein jour,Hors agglomération,Hors intersection,Normale,Sans collision,,,,,,,,,,,1,1,1,1,7
200600043852,0006-07-24 19:45:00,6,7,24,19,45,890,61,,47.974,3.808,Plein jour,Hors agglomération,Hors intersection,Normale,Autre collision,,,,,,,,,,,1,1,1,1,6
200600043853,0006-07-26 17:30:00,6,7,26,17,30,890,169,,,,Plein jour,Hors agglomération,Hors intersection,Normale,Deux véhicules - arrière,,,,,,,,,,,1,1,1,1,2
200600043854,0006-07-29 00:45:00,6,7,29,0,45,890,68,,47.83,3.788,Nuit sans éclairage public,Hors agglomération,Hors intersection,Normale,Sans collision,,,,,,,,,,,3,1,1,1,7
200600043855,0006-07-04 18:30:00,6,7,4,18,30,890,419,CD 955 - PK 25+700,,,Plein jour,Hors agglomération,Hors intersection,Normale,Autre collision,,,,,,,,,,,1,1,1,1,6
200600043856,0006-07-29 00:01:00,6,7,29,0,1,890,272,,,,Nuit sans éclairage public,Hors agglomération,Hors intersection,Normale,Sans collision,,,,,,,,,,,3,1,1,1,7
200600043857,0006-07-29 14:50:00,6,7,29,14,50,890,368,CD 85,,,Plein jour,En agglomération,Hors intersection,Normale,Deux véhicules - côté,,,,,,,,,,,1,2,1,1,3
200600043858,0006-07-26 20:00:00,6,7,26,20,0,890,364,,47.468,3.772,Plein jour,Hors agglomération,Hors intersection,Normale,Sans collision,,,,,,,,,,,1,1,1,1,7
200600043859,0006-07-03 10:45:00,6,7,3,10,45,890,206,33 RUE PORTE PERCY,47.987,3.412,Plein jour,En agglomération,Hors intersection,Normale,Deux véhicules - côté,,,,,,,,,,,1,2,1,1,3
200600043860,0006-07-04 16:00:00,6,7,4,16,0,890,304,,,,Plein jour,Hors agglomération,Hors intersection,Normale,Deux véhicules - frontale,,,,,,,,,,,1,1,1,1,1
200600043861,0006-07-12 20:45:00,6,7,12,20,45,890,86,RUE DE LA MOTHE,,,Plein jour,En agglomération,Hors intersection,Normale,Deux véhicules - côté,,,,,,,,,,,1,2,1,1,3
200600043862,0006-07-17 14:45:00,6,7,17,14,45,890,97,,,,Plein jour,Hors agglomération,Hors intersection,Normale,Sans collision,,,,,,,,,,,1,1,1,1,7
200600043863,0006-07-10 18:00:00,6,7,10,18,0,890,257,Rue Edouard BRANLY,47.972,3.532,Plein jour,En agglomération,Autre intersection,Normale,Deux véhicules - frontale,,,,,,,,,,,1,2,9,1,1
200600043864,0006-07-17 18:15:00,6,7,17,18,15,890,257,08 Rue Jean MERMOZ,,,Plein jour,En agglomération,Hors intersection,Normale,Autre collision,,,,,,,,,,,1,2,1,1,6
200600043865,0006-07-16 06:00:00,6,7,16,6,0,890,443,,48.146,3.305,Plein jour,Hors agglomération,Hors intersection,Normale,Deux véhicules - frontale,,,,,,,,,,,1,1,1,1,1
200600043866,0006-07-16 13:30:00,6,7,16,13,30,890,122,,48.271,3.535,Plein jour,Hors agglomération,Autre intersection,Normale,Deux véhicules - côté,,,,,,,,,,,1,1,9,1,3
200600043867,0006-07-21 13:00:00,6,7,21,13,0,890,354,CD26,48.217,3.266,Plein jour,En agglomération,Hors intersection,Normale,Deux véhicules - côté,,,,,,,,,,,1,2,1,1,3
200600043868,0006-07-27 17:20:00,6,7,27,17,20,890,127,CD 58,,,Plein jour,Hors agglomération,Hors intersection,Normale,Sans collision,,,,,,,,,,,1,1,1,1,7
200600043869,0006-07-07 18:15:00,6,7,7,18,15,890,93,,,,Plein jour,Hors agglomération,Hors intersection,Normale,Deux véhicules - côté,,,,,,,,,,,1,1,1,1,3
200600043870,0006-07-01 11:30:00,6,7,1,11,30,890,209,,48.196,2.956,Plein jour,Hors agglomération,Hors intersection,Normale,Trois véhicules et plus - collisions multiples,,,,,,,,,,,1,1,1,1,5
200600043871,0006-07-02 13:30:00,6,7,2,13,30,890,466,,,,Plein jour,Hors agglomération,Hors intersection,Normale,Trois véhicules et plus - collisions multiples,,,,,,,,,,,1,1,1,1,5
200600043872,0006-07-08 00:25:00,6,7,8,0,25,890,180,Les balesmes,,,Nuit sans éclairage public,Hors agglomération,Hors intersection,Normale,Sans collision,,,,,,,,,,,3,1,1,1,7
200600043873,0006-07-27 00:01:00,6,7,27,0,1,890,264,,48.191,3.07,Nuit sans éclairage public,Hors agglomération,Hors intersection,Pluie légère,Autre collision,,,,,,,,,,,3,1,1,2,6
200600043874,0006-07-08 05:30:00,6,7,8,5,30,890,240,,,,Crépuscule ou aube,Hors agglomération,Hors intersection,Normale,Sans collision,,,,,,,,,,,2,1,1,1,7
200600043875,0006-07-15 14:00:00,6,7,15,14,0,890,60,RD 15,,,Plein jour,Hors agglomération,Hors intersection,Normale,Deux véhicules - arrière,,,,,,,,,,,1,1,1,1,2
200600043876,0006-07-14 11:30:00,6,7,14,11,30,890,262,CD 944,,,Plein jour,Hors agglomération,Hors intersection,Normale,Deux véhicules - frontale,,,,,,,,,,,1,1,1,1,1
200600043877,0006-07-06 02:00:00,6,7,6,2,0,250,397,,,,Nuit sans éclairage public,Hors agglomération,Hors intersection,Normale,Autre collision,,,,,,,,,,,3,1,1,1,6
200600043878,0006-07-20 21:45:00,6,7,20,21,45,250,287,,,,Crépuscule ou aube,Hors agglomération,Hors intersection,Normale,Sans collision,,,,,,,,,,,2,1,1,1,7
200600043879,0006-07-17 09:30:00,6,7,17,9,30,250,428,Route de Dambenois,47.549,6.849,Plein jour,En agglomération,Hors intersection,Normale,Deux véhicules - côté,,,,,,,,,,,1,2,1,1,3
200600043880,0006-07-23 21:30:00,6,7,23,21,30,250,367,47 Rue du Pont,47.455,6.803,Crépuscule ou aube,En agglomération,Hors intersection,Normale,Deux véhicules - frontale,,,,,,,,,,,2,2,1,1,1
200600043881,0006-07-12 12:00:00,6,7,12,12,0,250,463,de St Hippolyte - CD437,,,Plein jour,En agglomération,Hors intersection,Normale,Trois véhicules et plus - collisions multiples,,,,,,,,,,,1,2,1,1,5
200600043882,0006-07-12 18:00:00,6,7,12,18,0,250,485,CD73,,,Plein jour,Hors agglomération,Hors intersection,Normale,Deux véhicules - côté,,,,,,,,,,,1,1,1,1,3
200600043883,0006-07-17 20:15:00,6,7,17,20,15,250,182,,47.499,6.429,Plein jour,Hors agglomération,Hors intersection,Normale,Sans collision,,,,,,,,,,,1,1,1,1,7
200600043884,0006-07-01 16:00:00,6,7,1,16,0,250,394,route de SAINTE MARIE,,,Plein jour,En agglomération,Hors intersection,Normale,Sans collision,,,,,,,,,,,1,2,1,1,7
200600043885,0006-07-14 11:15:00,6,7,14,11,15,250,515,,,,Plein jour,Hors agglomération,Intersection en X,Normale,Deux véhicules - frontale,,,,,,,,,,,1,1,2,1,1
200600043886,0006-07-15 17:00:00,6,7,15,17,0,250,517,,,,Plein jour,Hors agglomération,Intersection à plus de 4 branches,Normale,Deux véhicules - côté,,,,,,,,,,,1,1,5,1,3
200600043887,0006-07-03 14:00:00,6,7,3,14,0,250,413,route de suisse,,,Plein jour,Hors agglomération,Hors intersection,Normale,Deux véhicules - côté,,,,,,,,,,,1,1,1,1,3
200600043888,0006-07-16 19:00:00,6,7,16,19,0,250,565,,46.797,6.357,Plein jour,Hors agglomération,Hors intersection,Normale,Deux véhicules - frontale,,,,,,,,,,,1,1,1,1,1
200600043889,0006-07-13 16:30:00,6,7,13,16,30,390,348,,,,Plein jour,Hors agglomération,Hors intersection,Normale,Deux véhicules - côté,,,,,,,,,,,1,1,1,1,3
200600043890,0006-07-15 16:45:00,6,7,15,16,45,390,530,,,,Plein jour,Hors agglomération,Hors intersection,Pluie légère,Deux véhicules - frontale,,,,,,,,,,,1,1,1,2,1
200600043891,0006-07-24 11:30:00,6,7,24,11,30,390,483,,,,Plein jour,Hors agglomération,Hors intersection,Normale,Autre collision,,,,,,,,,,,1,1,1,1,6
200600043892,0006-07-17 07:15:00,6,7,17,7,15,390,555,,46.826,5.534,Plein jour,Hors agglomération,Hors intersection,Normale,Deux véhicules - frontale,,,,,,,,,,,1,1,1,1,1
200600043893,0006-07-02 11:15:00,6,7,2,11,15,390,389,,46.732,5.892,Plein jour,Hors agglomération,Hors intersection,Normale,Deux véhicules - frontale,,,,,,,,,,,1,1,1,1,1
200600043894,0006-07-13 18:45:00,6,7,13,18,45,390,13,,46.902,5.74,Plein jour,Hors agglomération,Hors intersection,Normale,Deux véhicules - frontale,,,,,,,,,,,1,1,1,1,1
200600043895,0006-07-25 20:30:00,6,7,25,20,30,390,434,Grande rue,46.839,5.708,Plein jour,En agglomération,Intersection en X,Normale,Deux véhicules - côté,,,,,,,,,,,1,2,2,1,3
200600043896,0006-07-11 16:00:00,6,7,11,16,0,390,291,,,,Plein jour,Hors agglomération,Hors intersection,Normale,Deux véhicules - frontale,,,,,,,,,,,1,1,1,1,1
200600043897,0006-07-01 08:30:00,6,7,1,8,30,390,189,rue des Vergers,,,Plein jour,En agglomération,Autre intersection,Normale,Autre collision,,,,,,,,,,,1,2,9,1,6
200600043898,0006-07-02 19:00:00,6,7,2,19,0,390,476,11 rue de DIJON,,,Plein jour,En agglomération,Hors intersection,Normale,Autre collision,,,,,,,,,,,1,2,1,1,6
200600043899,0006-07-08 18:40:00,6,7,8,18,40,390,525,Impasse de la Routine,,,Plein jour,En agglomération,Hors intersection,Normale,Deux véhicules - frontale,,,,,,,,,,,1,2,1,1,1
200600043900,0006-07-21 12:15:00,6,7,21,12,15,390,299,,,,Plein jour,Hors agglomération,Intersection en Y,Normale,Deux véhicules - frontale,,,,,,,,,,,1,1,4,1,1
200600043901,0006-07-13 13:15:00,6,7,13,13,15,390,396,rue bel air - C 12 -,47.154,5.662,Plein jour,En agglomération,Hors intersection,Normale,Deux véhicules - frontale,,,,,,,,,,,1,2,1,1,1
200600043902,0006-07-01 17:00:00,6,7,1,17,0,390,470,,,,Plein jour,Hors agglomération,Hors intersection,Normale,Sans collision,,,,,,,,,,,1,1,1,1,7
200600043903,0006-07-09 11:45:00,6,7,9,11,45,390,487,,46.571,5.937,Plein jour,Hors agglomération,Hors intersection,Normale,Deux véhicules - frontale,,,,,,,,,,,1,1,1,1,1
200600043904,0006-07-09 14:15:00,6,7,9,14,15,390,441,,,,Plein jour,Hors agglomération,Hors intersection,Normale,Sans collision,,,,,,,,,,,1,1,1,1,7
200600043905,0006-07-17 15:00:00,6,7,17,15,0,390,131,8 sortie d'agglomération,,,Plein jour,Hors agglomération,Hors intersection,Normale,Deux véhicules - côté,,,,,,,,,,,1,1,1,1,3
200600043906,0006-07-15 01:50:00,6,7,15,1,50,700,136,,,,Nuit sans éclairage public,Hors agglomération,Hors intersection,Normale,Sans collision,,,,,,,,,,,3,1,1,1,7
200600043907,0006-07-25 17:00:00,6,7,25,17,0,700,153,CD 1 et RN 19,47.756,5.756,Plein jour,En agglomération,Intersection en X,Normale,Deux véhicules - côté,,,,,,,,,,,1,2,2,1,3
200600043908,0006-07-01 12:00:00,6,7,1,12,0,700,272,,,,Plein jour,Hors agglomération,Hors intersection,Normale,Deux véhicules - frontale,,,,,,,,,,,1,1,1,1,1
200600043909,0006-07-10 02:15:00,6,7,10,2,15,700,482,CD 23,,,Nuit sans éclairage public,Hors agglomération,Hors intersection,Normale,Sans collision,,,,,,,,,,,3,1,1,1,7
200600043910,0006-07-02 16:50:00,6,7,2,16,50,700,449,"lieu dit ""Les Ages""",,,Plein jour,Hors agglomération,Hors intersection,Normale,Sans collision,,,,,,,,,,,1,1,1,1,7