accident_id,datetime,annee,mois,jour,heure,minute,departement,commune_insee,adresse,latitude,longitude,luminosite,agglomeration,intersection,meteo,collision,nb_vehicules,nb_usagers,nb_indemnes,nb_tues,nb_blesses_hosp,nb_blesses_legers,age_cond_1,age_cond_2,veh_type_cond_1,veh_type_cond_2,lum_code,agg_code,int_code,atm_code,col_code
200600044323,0006-07-31 16:45:00,6,7,31,16,45,450,195,,48.113,2.175,Plein jour,Hors agglomération,Hors intersection,Normale,Deux véhicules - arrière,,,,,,,,,,,1,1,1,1,2
200600044324,0006-07-10 14:25:00,6,7,10,14,25,450,36,CD940,,,Plein jour,Hors agglomération,Hors intersection,Normale,Deux véhicules - frontale,,,,,,,,,,,1,1,1,1,1
200600044325,0006-07-11 19:00:00,6,7,11,19,0,450,254,,,,Plein jour,Hors agglomération,Hors intersection,Normale,Deux véhicules - côté,,,,,,,,,,,1,1,1,1,3
200600044326,0006-07-18 13:15:00,6,7,18,13,15,450,108,,47.595,2.499,Plein jour,Hors agglomération,Intersection en X,Normale,Deux véhicules - côté,,,,,,,,,,,1,1,2,1,3
200600044327,0006-07-23 18:15:00,6,7,23,18,15,450,155,Rue des Mésanges,,,Plein jour,En agglomération,Hors intersection,Normale,Deux véhicules - côté,,,,,,,,,,,1,2,1,1,3
200600044328,0006-07-26 19:45:00,6,7,26,19,45,450,16,,,,Crépuscule ou aube,Hors agglomération,Hors intersection,Normale,Sans collision,,,,,,,,,,,2,1,1,1,7
200600044329,0006-07-30 12:00:00,6,7,30,12,0,450,138,,47.717,2.83,Plein jour,Hors agglomération,Hors intersection,Normale,Deux véhicules - côté,,,,,,,,,,,1,1,1,1,3
200600044330,0006-07-02 05:15:00,6,7,2,5,15,450,244,,,,Crépuscule ou aube,Hors agglomération,Hors intersection,Normale,Deux véhicules - frontale,,,,,,,,,,,2,1,1,1,1
200600044331,0006-07-14 02:15:00,6,7,14,2,15,450,39,intersection CD 948-CD96,,,Nuit sans éclairage public,En agglomération,Hors intersection,Normale,Deux véhicules - côté,,,,,,,,,,,3,2,1,1,3
200600044332,0006-07-10 07:45:00,6,7,10,7,45,450,329,,47.944,2.975,Plein jour,Hors agglomération,Hors intersection,Normale,Deux véhicules - frontale,,,,,,,,,,,1,1,1,1,1
200600044333,0006-07-19 23:15:00,6,7,19,23,15,450,212,"CD93, La Ferme du Canal",,,Nuit sans éclairage public,Hors agglomération,Hors intersection,Normale,Autre collision,,,,,,,,,,,3,1,1,1,6
200600044334,0006-07-17 21:45:00,6,7,17,21,45,450,145,,48.1,2.81,Plein jour,Hors agglomération,Hors intersection,Normale,Sans collision,,,,,,,,,,,1,1,1,1,7
200600044335,0006-07-01 20:15:00,6,7,1,20,15,450,252,30 Faubourg d'Orléans,,,Nuit avec éclairage non allumé,En agglomération,Hors intersection,Normale,Trois véhicules et plus - collisions multiples,,,,,,,,,,,4,2,1,1,5
200600044336,0006-07-29 05:30:00,6,7,29,5,30,450,106,,48.281,2.354,Crépuscule ou aube,Hors agglomération,Hors intersection,Normale,Sans collision,,,,,,,,,,,2,1,1,1,7
200600044337,0006-07-08 16:00:00,6,7,8,16,0,450,69,,,,Plein jour,Hors agglomération,Hors intersection,Normale,Sans collision,,,,,,,,,,,1,1,1,1,7
200600044338,0006-07-01 19:30:00,6,7,1,19,30,180,99,CD 81,,,Plein jour,Hors agglomération,Hors intersection,Normale,Autre collision,,,,,,,,,,,1,1,1,1,6
200600044339,0006-07-28 10:45:00,6,7,28,10,45,180,110,,47.255,2.915,Plein jour,Hors agglomération,Hors intersection,Normale,Deux véhicules - côté,,,,,,,,,,,1,1,1,1,3
200600044340,0006-07-10 00:15:00,6,7,10,0,15,180,146,- entrée d'agglomération,,,Nuit sans éclairage public,Hors agglomération,Hors intersection,Normale,Autre collision,,,,,,,,,,,3,1,1,1,6
200600044341,0006-07-06 18:00:00,6,7,6,18,0,180,241,e de Chavignole (CD 183),,,Plein jour,Hors agglomération,Hors intersection,Normale,Deux véhicules - frontale,,,,,,,,,,,1,1,1,1,1
200600044342,0006-07-15 20:00:00,6,7,15,20,0,180,29,Route de Valigny,46.749,2.765,Plein jour,En agglomération,Hors intersection,Normale,Sans collision,,,,,,,,,,,1,2,1,1,7
200600044343,0006-07-27 10:00:00,6,7,27,10,0,180,197,avenue de meillant,46.736,2.504,Plein jour,En agglomération,Autre intersection,Normale,Deux véhicules - côté,,,,,,,,,,,1,2,9,1,3
200600044344,0006-07-05 18:10:00,6,7,5,18,10,180,225,"Lieudit ""Le Mas""",,,Plein jour,Hors agglomération,Hors intersection,Normale,Autre collision,,,,,,,,,,,1,1,1,1,6
200600044345,0006-07-28 14:45:00,6,7,28,14,45,180,10,,,,Plein jour,Hors agglomération,Hors intersection,Pluie forte,Autre collision,,,,,,,,,,,1,1,1,3,6
200600044346,0006-07-22 23:30:00,6,7,22,23,30,180,204,Rue des Varennes,,,Nuit avec éclairage allumé,En agglomération,Hors intersection,Normale,Autre collision,,,,,,,,,,,5,2,1,1,6
200600044347,0006-07-09 11:15:00,6,7,9,11,15,180,242,,46.809,2.917,Plein jour,Hors agglomération,Hors intersection,Normale,Deux véhicules - arrière,,,,,,,,,,,1,1,1,1,2
200600044348,0006-07-10 19:30:00,6,7,10,19,30,180,101,CD 43 ( pr 37 + 650 ),,,Plein jour,En agglomération,Hors intersection,Normale,Deux véhicules - arrière,,,,,,,,,,,1,2,1,1,2
200600044349,0006-07-24 22:15:00,6,7,24,22,15,180,175,,46.944,2.797,Nuit sans éclairage public,Hors agglomération,Hors intersection,Normale,Sans collision,,,,,,,,,,,3,1,1,1,7
200600044350,0006-07-14 03:30:00,6,7,14,3,30,180,170,5 rue E.M de Vogue,47.479,2.513,Nuit avec éclairage allumé,En agglomération,Hors intersection,Normale,Sans collision,,,,,,,,,,,5,2,1,1,7
200600044351,0006-07-16 17:45:00,6,7,16,17,45,180,170,,47.498,2.515,Nuit sans éclairage public,Hors agglomération,Hors intersection,Normale,Deux véhicules - côté,,,,,,,,,,,3,1,1,1,3
200600044352,0006-07-21 12:15:00,6,7,21,12,15,180,141,RN 76 place du 14 juille,47.15,2.22,Plein jour,En agglomération,Hors intersection,Normale,Deux véhicules - frontale,,,,,,,,,,,1,2,1,1,1
200600044353,0006-07-21 20:00:00,6,7,21,20,0,180,36,,47.165,2.147,Plein jour,Hors agglomération,Hors intersection,Normale,Autre collision,,,,,,,,,,,1,1,1,1,6
200600044354,0006-07-12 14:00:00,6,7,12,14,0,180,19,,47.186,2.73,Plein jour,Hors agglomération,Hors intersection,Normale,Deux véhicules - côté,,,,,,,,,,,1,1,1,1,3
200600044355,0006-07-19 15:00:00,6,7,19,15,0,180,109,,,,Plein jour,Hors agglomération,Hors intersection,Normale,Autre collision,,,,,,,,,,,1,1,1,1,6
200600044356,0006-07-24 03:50:00,6,7,24,3,50,280,380,,,,Nuit sans éclairage public,Hors agglomération,Hors intersection,Normale,Autre collision,,,,,,,,,,,3,1,1,1,6
200600044357,0006-07-31 17:50:00,6,7,31,17,50,280,35,RN 154,,,Plein jour,Hors agglomération,Hors intersection,Normale,Trois véhicules et plus - collisions multiples,,,,,,,,,,,1,1,1,1,5
200600044358,0006-07-01 16:30:00,6,7,1,16,30,280,116,,48.453,1.301,Plein jour,Hors agglomération,Hors intersection,Normale,Deux véhicules - côté,,,,,,,,,,,1,1,1,1,3
200600044359,0006-07-15 05:30:00,6,7,15,5,30,280,21,,48.36,1.32,Crépuscule ou aube,Hors agglomération,Hors intersection,Normale,Sans collision,,,,,,,,,,,2,1,1,1,7
200600044360,0006-07-05 18:30:00,6,7,5,18,30,280,357,14 rue Jean Moulin,48.54,1.59,Plein jour,En agglomération,Hors intersection,Normale,Deux véhicules - frontale,,,,,,,,,,,1,2,1,1,1
200600044361,0006-07-06 17:00:00,6,7,6,17,0,280,191,CD28,48.6,1.679,Plein jour,Hors agglomération,Hors intersection,Pluie légère,Sans collision,,,,,,,,,,,1,1,1,2,7
200600044362,0006-07-23 19:00:00,6,7,23,19,0,280,168,Rue du Four à Chaux,48.52,1.69,Plein jour,En agglomération,Hors intersection,Normale,Autre collision,,,,,,,,,,,1,2,1,1,6
200600044363,0006-07-22 17:45:00,6,7,22,17,45,280,169,Place de l'Eglise,48.44,1.92,Plein jour,En agglomération,Place,Normale,Autre collision,,,,,,,,,,,1,2,7,1,6
200600044364,0006-07-02 10:30:00,6,7,2,10,30,280,391,CD927,,,Plein jour,Hors agglomération,Hors intersection,Normale,Trois véhicules et plus - collisions multiples,,,,,,,,,,,1,1,1,1,5
200600044365,0006-07-21 16:30:00,6,7,21,16,30,280,320,10 RUE DU PAVILLON,48.263,1.568,Plein jour,En agglomération,Hors intersection,Normale,Deux véhicules - frontale,,,,,,,,,,,1,2,1,1,1
200600044366,0006-07-01 23:30:00,6,7,1,23,30,280,12,Rue pont de pierre,48.106,1.12,Nuit avec éclairage allumé,En agglomération,Hors intersection,Normale,Deux véhicules - côté,,,,,,,,,,,5,2,1,1,3
200600044367,0006-07-01 16:15:00,6,7,1,16,15,280,98,Route de Paris,,,Plein jour,En agglomération,Hors intersection,Normale,Trois véhicules et plus - en chaîne,,,,,,,,,,,1,2,1,1,4
200600044368,0006-07-01 19:35:00,6,7,1,19,35,280,405,"RN12, la pyramide",,,Plein jour,Hors agglomération,Hors intersection,Normale,Deux véhicules - côté,,,,,,,,,,,1,1,1,1,3
200600044369,0006-07-31 05:00:00,6,7,31,5,0,280,124,.15 lieu dit l'ECLACHE,,,Crépuscule ou aube,Hors agglomération,Hors intersection,Normale,Autre collision,,,,,,,,,,,2,1,1,1,6
200600044370,0006-07-18 23:15:00,6,7,18,23,15,280,62,,48.758,1.52,Nuit sans éclairage public,Hors agglomération,Hors intersection,Normale,Sans collision,,,,,,,,,,,3,1,1,1,7
200600044371,0006-07-26 16:45:00,6,7,26,16,45,280,96,,48.888,1.465,Plein jour,Hors agglomération,Autre intersection,Normale,Autre collision,,,,,,,,,,,1,1,9,1,6
200600044372,0006-07-21 13:45:00,6,7,21,13,45,280,202,,48.621,0.903,Plein jour,Hors agglomération,Hors intersection,Temps éblouissant,Autre collision,,,,,,,,,,,1,1,1,7,6
200600044373,0006-07-04 18:45:00,6,7,4,18,45,280,415,,48.673,1.451,Plein jour,Hors agglomération,Hors intersection,Pluie forte,Trois véhicules et plus - collisions multiples,,,,,,,,,,,1,1,1,3,5
200600044374,0006-07-20 04:20:00,6,7,20,4,20,280,55,ies parallèle à la RN154,,,Nuit sans éclairage public,Hors agglomération,Intersection en X,Autre,Deux véhicules - frontale,,,,,,,,,,,3,1,2,9,1
200600044375,0006-07-22 16:00:00,6,7,22,16,0,280,417,,,,Plein jour,Hors agglomération,Hors intersection,Normale,Deux véhicules - côté,,,,,,,,,,,1,1,1,1,3
200600044376,0006-07-19 08:45:00,6,7,19,8,45,280,18,,48.196,0.871,Plein jour,Hors agglomération,Hors intersection,Normale,Deux véhicules - arrière,,,,,,,,,,,1,1,1,1,2
200600044377,0006-07-17 09:35:00,6,7,17,9,35,280,214,34 rue de Chateaudun,,,Plein jour,En agglomération,Hors intersection,Normale,Autre collision,,,,,,,,,,,1,2,1,1,6
200600044378,0006-07-24 08:05:00,6,7,24,8,5,280,105,La Cour aux Ligers,,,Plein jour,Hors agglomération,Hors intersection,Normale,Deux véhicules - arrière,,,,,,,,,,,1,1,1,1,2
200600044379,0006-07-02 11:30:00,6,7,2,11,30,360,89,rd74,46.676,1.792,Plein jour,Hors agglomération,Hors intersection,Normale,Sans collision,,,,,,,,,,,1,1,1,1,7
200600044380,0006-07-06 08:20:00,6,7,6,8,20,360,5,11 RUE REPUBLIQUE,46.747,1.832,Plein jour,En agglomération,Hors intersection,Normale,Deux véhicules - frontale,,,,,,,,,,,1,2,1,1,1
200600044381,0006-07-12 18:30:00,6,7,12,18,30,360,144,,,,Plein jour,Hors agglomération,Hors intersection,Normale,Autre collision,,,,,,,,,,,1,1,1,1,6
200600044382,0006-07-28 18:00:00,6,7,28,18,0,360,35,,46.424,1.248,Plein jour,Hors agglomération,Hors intersection,Normale,Deux véhicules - côté,,,,,,,,,,,1,1,1,1,3
200600044383,0006-07-08 18:00:00,6,7,8,18,0,360,139,,46.77,1.47,Plein jour,Hors agglomération,Hors intersection,Normale,Sans collision,,,,,,,,,,,1,1,1,1,7
200600044384,0006-07-23 11:15:00,6,7,23,11,15,360,74,route de chatillon,,,Plein jour,En agglomération,Hors intersection,Normale,Autre collision,,,,,,,,,,,1,2,1,1,6
200600044385,0006-07-28 18:50:00,6,7,28,18,50,360,55,3 rue Nationale,,,Plein jour,En agglomération,Hors intersection,Normale,Deux véhicules - côté,,,,,,,,,,,1,2,1,1,3
200600044386,0006-07-02 17:45:00,6,7,2,17,45,360,230,"4, Avenue de la sentinel",,,Plein jour,En agglomération,Hors intersection,Normale,Autre collision,,,,,,,,,,,1,2,1,1,6
200600044387,0006-07-22 00:01:00,6,7,22,0,1,360,228,,47.159,1.517,Nuit sans éclairage public,Hors agglomération,Autre intersection,Pluie forte,Sans collision,,,,,,,,,,,3,1,9,3,7
200600044388,0006-07-28 05:00:00,6,7,28,5,0,360,41,,,,Nuit sans éclairage public,Hors agglomération,Hors intersection,Normale,Autre collision,,,,,,,,,,,3,1,1,1,6
200600044389,0006-07-28 14:30:00,6,7,28,14,30,360,228,la promenade,47.157,1.566,Plein jour,En agglomération,Hors intersection,Normale,Deux véhicules - côté,,,,,,,,,,,1,2,1,1,3
200600044390,0006-07-06 17:15:00,6,7,6,17,15,360,173,Carrefour CD 32 et CD 20,,,Plein jour,Hors agglomération,Intersection en X,Normale,Deux véhicules - côté,,,,,,,,,,,1,1,2,1,3
200600044391,0006-07-27 18:00:00,6,7,27,18,0,360,173,,46.706,1.235,Plein jour,Hors agglomération,Hors intersection,Normale,Deux véhicules - frontale,,,,,,,,,,,1,1,1,1,1
200600044392,0006-07-05 18:10:00,6,7,5,18,10,360,143,CARREFOUR DE PONTHION,46.654,1.948,Plein jour,Hors agglomération,Hors intersection,Normale,Trois véhicules et plus - collisions multiples,,,,,,,,,,,1,1,1,1,5
200600044393,0006-07-09 17:15:00,6,7,9,17,15,360,46,RUE DU PONT AUX LAIES,46.587,1.991,Plein jour,En agglomération,Intersection en Y,Normale,Deux véhicules - côté,,,,,,,,,,,1,2,4,1,3
200600044394,0006-07-11 15:45:00,6,7,11,15,45,360,38,Les Sablons,,,Plein jour,Hors agglomération,Hors intersection,Normale,Trois véhicules et plus - collisions multiples,,,,,,,,,,,1,1,1,1,5
200600044395,0006-07-26 16:00:00,6,7,26,16,0,360,214,"CD 26 ""Le Brolet""",,,Plein jour,Hors agglomération,Hors intersection,Normale,Deux véhicules - frontale,,,,,,,,,,,1,1,1,1,1
200600044396,0006-07-29 22:00:00,6,7,29,22,0,360,164,Chareille,,,Nuit sans éclairage public,Hors agglomération,Hors intersection,Normale,Autre collision,,,,,,,,,,,3,1,1,1,6
200600044397,0006-07-15 21:45:00,6,7,15,21,45,360,70,,,,Crépuscule ou aube,Hors agglomération,Hors intersection,Normale,Deux véhicules - frontale,,,,,,,,,,,2,1,1,1,1
200600044398,0006-07-27 22:15:00,6,7,27,22,15,360,126,ntre le RD 990 et le RD,,,Nuit sans éclairage public,Hors agglomération,Hors intersection,Normale,Deux véhicules - arrière,,,,,,,,,,,3,1,1,1,2
200600044399,0006-07-29 18:45:00,6,7,29,18,45,360,169,CD68,46.801,2.03,Plein jour,Hors agglomération,Hors intersection,Normale,Sans collision,,,,,,,,,,,1,1,1,1,7
200600044400,0006-07-22 11:45:00,6,7,22,11,45,370,131,9 bis rue de la rivière,,,Plein jour,En agglomération,Hors intersection,Normale,Autre collision,,,,,,,,,,,1,2,1,1,6
200600044401,0006-07-24 14:45:00,6,7,24,14,45,370,3,,47.39,1.0,Plein jour,Hors agglomération,Intersection en X,Normale,Deux véhicules - côté,,,,,,,,,,,1,1,2,1,3
200600044402,0006-07-01 09:45:00,6,7,1,9,45,370,182,,47.451,0.512,Plein jour,Hors agglomération,Hors intersection,Normale,Sans collision,,,,,,,,,,,1,1,1,1,7
200600044403,0006-07-19 15:15:00,6,7,19,15,15,370,245,,47.517,0.591,Plein jour,Hors agglomération,Hors intersection,Normale,Trois véhicules et plus - en chaîne,,,,,,,,,,,1,1,1,1,4
200600044404,0006-07-11 11:00:00,6,7,11,11,0,370,92,,47.532,0.832,Plein jour,Hors agglomération,Hors intersection,Normale,Sans collision,,,,,,,,,,,1,1,1,1,7
200600044405,0006-07-09 15:30:00,6,7,9,15,30,370,30,C2,,,Plein jour,Hors agglomération,Hors intersection,Normale,Autre collision,,,,,,,,,,,1,1,1,1,6
200600044406,0006-07-12 11:00:00,6,7,12,11,0,370,169,,,,Plein jour,Hors agglomération,Hors intersection,Normale,Deux véhicules - frontale,,,,,,,,,,,1,1,1,1,1
200600044407,0006-07-15 17:45:00,6,7,15,17,45,370,118,,,,Plein jour,Hors agglomération,Hors intersection,Normale,Sans collision,,,,,,,,,,,1,1,1,1,7
200600044408,0006-07-21 10:30:00,6,7,21,10,30,370,74,,47.237,0.107,Plein jour,Hors agglomération,Hors intersection,Normale,Deux véhicules - frontale,,,,,,,,,,,1,1,1,1,1
200600044409,0006-07-23 15:45:00,6,7,23,15,45,370,14,Rue des marches,47.225,0.497,Plein jour,En agglomération,Place,Normale,Deux véhicules - côté,,,,,,,,,,,1,2,7,1,3
200600044410,0006-07-04 16:15:00,6,7,4,16,15,370,4,,,,Nuit sans éclairage public,Hors agglomération,Hors intersection,Pluie forte,Sans collision,,,,,,,,,,,3,1,1,3,7
200600044411,0006-07-08 12:00:00,6,7,8,12,0,370,174,RUE GUY NEVERS,47.056,0.551,Plein jour,En agglomération,Hors intersection,Normale,Deux véhicules - frontale,,,,,,,,,,,1,2,1,1,1
200600044412,0006-07-09 02:15:00,6,7,9,2,15,370,174,Route de Noyers,47.051,0.55,Nuit sans éclairage public,Hors agglomération,Hors intersection,Normale,Autre collision,,,,,,,,,,,3,1,1,1,6
200600044413,0006-07-29 23:45:00,6,7,29,23,45,370,65,,47.022,0.33,Nuit sans éclairage public,Hors agglomération,Hors intersection,Normale,Deux véhicules - frontale,,,,,,,,,,,3,1,1,1,1
200600044414,0006-07-03 00:45:00,6,7,3,0,45,370,6,Rue de Noeyr de Balzac,,,Nuit avec éclairage non allumé,En agglomération,Hors intersection,Normale,Autre collision,,,,,,,,,,,4,2,1,1,6
200600044415,0006-07-05 10:45:00,6,7,5,10,45,370,154,rue de MONTS,,,Plein jour,En agglomération,Hors intersection,Normale,Deux véhicules - arrière,,,,,,,,,,,1,2,1,1,2
200600044416,0006-07-18 21:15:00,6,7,18,21,15,370,211,,,,Plein jour,Hors agglomération,Hors intersection,Normale,Deux véhicules - côté,,,,,,,,,,,1,1,1,1,3
200600044417,0006-07-30 21:50:00,6,7,30,21,50,370,159,RD 17 PR25+800,,,Nuit avec éclairage allumé,Hors agglomération,Hors intersection,Normale,Deux véhicules - frontale,,,,,,,,,,,5,1,1,1,1
200600044418,0006-07-06 10:45:00,6,7,6,10,45,410,55,,47.544,1.235,Plein jour,Hors agglomération,Hors intersection,Normale,Deux véhicules - côté,,,,,,,,,,,1,1,1,1,3
200600044419,0006-07-20 17:00:00,6,7,20,17,0,410,203,cd68,,,Plein jour,Hors agglomération,Hors intersection,Normale,Autre collision,,,,,,,,,,,1,1,1,1,6
200600044420,0006-07-27 21:00:00,6,7,27,21,0,410,167,,,,Crépuscule ou aube,Hors agglomération,Hors intersection,Normale,Deux véhicules - côté,,,,,,,,,,,2,1,1,1,3
200600044421,0006-07-08 11:45:00,6,7,8,11,45,410,151,QUAI JEAN BART,47.347,1.189,Plein jour,En agglomération,Hors intersection,Normale,Deux véhicules - côté,,,,,,,,,,,1,2,1,1,3
200600044422,0006-07-13 18:00:00,6,7,13,18,0,410,231,Route de Nouan,,,Plein jour,Hors agglomération,Hors intersection,Normale,Deux véhicules - frontale,,,,,,,,,,,1,1,1,1,1
200600044423,0006-07-26 18:50:00,6,7,26,18,50,410,186,"""L'Espereuse""",,,Plein jour,Hors agglomération,Hors intersection,Normale,Deux véhicules - arrière,,,,,,,,,,,1,1,1,1,2
200600044424,0006-07-13 13:30:00,6,7,13,13,30,410,120,,,,Plein jour,Hors agglomération,Hors intersection,Normale,Sans collision,,,,,,,,,,,1,1,1,1,7
200600044425,0006-07-13 06:30:00,6,7,13,6,30,410,175,,47.897,1.18,Plein jour,Hors agglomération,Autre intersection,Normale,Autre collision,,,,,,,,,,,1,1,9,1,6
200600044426,0006-07-28 20:30:00,6,7,28,20,30,410,235,Rue Du Vignaud,,,Plein jour,En agglomération,Hors intersection,Normale,Deux véhicules - frontale,,,,,,,,,,,1,2,1,1,1
200600044427,0006-07-02 16:30:00,6,7,2,16,30,410,21,,,,Plein jour,Hors agglomération,Hors intersection,Normale,Sans collision,,,,,,,,,,,1,1,1,1,7
200600044428,0006-07-21 18:35:00,6,7,21,18,35,410,173,lieu-dit godonville,,,Plein jour,Hors agglomération,Hors intersection,Normale,Deux véhicules - arrière,,,,,,,,,,,1,1,1,1,2
200600044429,0006-07-01 09:30:00,6,7,1,9,30,330,214,lieu dit MEJOS,44.98,-1.05,Plein jour,Hors agglomération,Hors intersection,Normale,Sans collision,,,,,,,,,,,1,1,1,1,7
200600044430,0006-07-07 23:00:00,6,7,7,23,0,330,333,avenue du Bassin d'Arcac,44.875,-1.091,Nuit avec éclairage allumé,En agglomération,Hors intersection,Normale,Autre collision,,,,,,,,,,,5,2,1,1,6
200600044431,0006-07-20 13:00:00,6,7,20,13,0,330,214,,,,Plein jour,Hors agglomération,Hors intersection,Normale,Deux véhicules - frontale,,,,,,,,,,,1,1,1,1,1
200600044432,0006-07-26 12:00:00,6,7,26,12,0,330,97,,45.086,-1.046,Plein jour,Hors agglomération,Hors intersection,Normale,Sans collision,,,,,,,,,,,1,1,1,1,7
200600044433,0006-07-23 09:50:00,6,7,23,9,50,290,31,"""La Grenouillère""",47.795,-3.548,Plein jour,Hors agglomération,Hors intersection,Normale,Deux véhicules - côté,,,,,,,,,,,1,1,1,1,3
200600044434,0006-07-25 09:45:00,6,7,25,9,45,130,33,,,,Plein jour,Hors agglomération,Hors intersection,Normale,Deux véhicules - côté,,,,,,,,,,,1,1,1,1,3
200600044435,0006-07-03 08:55:00,6,7,3,8,55,870,138,COURTIAUX,45.721,1.496,Plein jour,Hors agglomération,Hors intersection,Pluie légère,Autre collision,,,,,,,,,,,1,1,1,2,6
200600044436,0006-07-05 14:45:00,6,7,5,14,45,870,119,,,,Plein jour,Hors agglomération,Hors intersection,Pluie légère,Deux véhicules - côté,,,,,,,,,,,1,1,1,2,3
200600044437,0006-07-11 17:15:00,6,7,11,17,15,870,169,Le Vieux St-Maurice,45.712,1.243,Plein jour,Hors agglomération,Hors intersection,Normale,Deux véhicules - arrière,,,,,,,,,,,1,1,1,1,2
200600044438,0006-07-03 09:30:00,6,7,3,9,30,330,234,,44.785,-0.499,Plein jour,Hors agglomération,Hors intersection,Normale,Deux véhicules - arrière,,,,,,,,,,,1,1,1,1,2
200600044439,0006-07-12 12:20:00,6,7,12,12,20,330,65,"9, Allée des Aubiers",,,Plein jour,En agglomération,Hors intersection,Normale,Deux véhicules - frontale,,,,,,,,,,,1,2,1,1,1
200600044440,0006-07-19 19:00:00,6,7,19,19,0,580,22,,47.078,3.273,Plein jour,Hors agglomération,Hors intersection,Normale,Sans collision,,,,,,,,,,,1,1,1,1,7
200600044441,0006-07-30 14:15:00,6,7,30,14,15,580,207,,47.099,3.182,Plein jour,Hors agglomération,Hors intersection,Normale,Autre collision,,,,,,,,,,,1,1,1,1,6
200600044442,0006-07-01 14:30:00,6,7,1,14,30,130,40,CARRAIRES DES ARLESIENS,,,Plein jour,Hors agglomération,Hors intersection,Normale,Deux véhicules - côté,,,,,,,,,,,1,1,1,1,3
200600044443,0006-07-14 15:30:00,6,7,14,15,30,130,25,,43.493,5.562,Plein jour,Hors agglomération,Autre intersection,Normale,Deux véhicules - côté,,,,,,,,,,,1,1,9,1,3
200600044444,0006-07-31 16:00:00,6,7,31,16,0,130,87,,43.493,5.64,Plein jour,Hors agglomération,Hors intersection,Temps éblouissant,Deux véhicules - frontale,,,,,,,,,,,1,1,1,7,1
200600044445,0006-07-12 08:15:00,6,7,12,8,15,470,195,,44.128,0.291,Plein jour,Hors agglomération,Hors intersection,Normale,Trois véhicules et plus - collisions multiples,,,,,,,,,,,1,1,1,1,5
200600044446,0006-07-13 22:45:00,6,7,13,22,45,470,143,,,,Nuit avec éclairage allumé,En agglomération,Hors intersection,Normale,Deux véhicules - côté,,,,,,,,,,,5,2,1,1,3
200600044447,0006-07-14 18:42:00,6,7,14,18,42,470,266,lieu-dit: Cassecayrat,,,Plein jour,Hors agglomération,Hors intersection,Normale,Sans collision,,,,,,,,,,,1,1,1,1,7
200600044448,0006-07-18 13:50:00,6,7,18,13,50,470,195,"lieu-dit ""la Hounsegue""",44.139,0.358,Plein jour,Hors agglomération,Hors intersection,Normale,Autre collision,,,,,,,,,,,1,1,1,1,6
200600044449,0006-07-14 03:15:00,6,7,14,3,15,110,202,CD 627 -- PR 15+100,,,Nuit sans éclairage public,Hors agglomération,Hors intersection,Normale,Deux véhicules - frontale,,,,,,,,,,,3,1,1,1,1
200600044450,0006-07-05 08:00:00,6,7,5,8,0,340,270,RN 112,,,Plein jour,Hors agglomération,Hors intersection,Normale,Deux véhicules - côté,,,,,,,,,,,1,1,1,1,3
200600044451,0006-07-13 18:00:00,6,7,13,18,0,340,202,ave ste  CECILE,,,Plein jour,En agglomération,Hors intersection,Pluie légère,Deux véhicules - côté,,,,,,,,,,,1,2,1,2,3
200600044452,0006-07-11 18:45:00,6,7,11,18,45,350,334,,48.155,-1.58,Plein jour,En agglomération,Hors intersection,Temps éblouissant,Sans collision,,,,,,,,,,,1,2,1,7,7
200600044453,0006-07-13 11:00:00,6,7,13,11,0,350,51,,48.124,-1.559,Plein jour,Hors agglomération,Hors intersection,Normale,Sans collision,,,,,,,,,,,1,1,1,1,7
200600044454,0006-07-31 19:20:00,6,7,31,19,20,350,51,Bd Des Alliés,48.137,-1.622,Plein jour,En agglomération,Autre intersection,Normale,Deux véhicules - frontale,,,,,,,,,,,1,2,9,1,1
200600044455,0006-07-15 05:50:00,6,7,15,5,50,910,634,00 - sens province/paris,,,Plein jour,Hors agglomération,Hors intersection,Normale,Sans collision,,,,,,,,,,,1,1,1,1,7
200600044456,0006-07-18 06:35:00,6,7,18,6,35,780,349,autoroute A.10 PK 16+300,,,Plein jour,Hors agglomération,Hors intersection,Temps éblouissant,Deux véhicules - arrière,,,,,,,,,,,1,1,1,7,2
200600044457,0006-07-21 01:15:00,6,7,21,1,15,280,363,,48.417,1.899,Nuit sans éclairage public,Hors agglomération,Hors intersection,Normale,Autre collision,,,,,,,,,,,3,1,1,1,6
200600044458,0006-07-22 02:35:00,6,7,22,2,35,780,349,7+700 sens Provine/Paris,,,Nuit sans éclairage public,Hors agglomération,Hors intersection,Normale,Sans collision,,,,,,,,,,,3,1,1,1,7
200600044459,0006-07-23 19:00:00,6,7,23,19,0,780,349,Autoroute A 10,,,Plein jour,Hors agglomération,Hors intersection,Normale,Sans collision,,,,,,,,,,,1,1,1,1,7