accident_id,datetime,annee,mois,jour,heure,minute,departement,commune_insee,adresse,latitude,longitude,luminosite,agglomeration,intersection,meteo,collision,nb_vehicules,nb_usagers,nb_indemnes,nb_tues,nb_blesses_hosp,nb_blesses_legers,age_cond_1,age_cond_2,veh_type_cond_1,veh_type_cond_2,lum_code,agg_code,int_code,atm_code,col_code
200600044738,0006-07-25 17:45:00,6,7,25,17,45,360,230,PR 29+800,,,Plein jour,Hors agglomération,Hors intersection,Normale,Autre collision,,,,,,,,,,,1,1,1,1,6
200600044739,0006-07-03 10:30:00,6,7,3,10,30,480,9,,,,Plein jour,Hors agglomération,Hors intersection,Normale,Autre collision,,,,,,,,,,,1,1,1,1,6
200600044740,0006-07-15 08:45:00,6,7,15,8,45,480,32,,,,Plein jour,Hors agglomération,Hors intersection,Normale,Autre collision,,,,,,,,,,,1,1,1,1,6
200600044741,0006-07-15 18:00:00,6,7,15,18,0,780,406,Route de Romainville,,,Plein jour,En agglomération,Hors intersection,Normale,Sans collision,,,,,,,,,,,1,2,1,1,7
200600044742,0006-07-29 17:30:00,6,7,29,17,30,780,356,ue des Droits de l'Homme,,,Plein jour,En agglomération,Hors intersection,Normale,Deux véhicules - frontale,,,,,,,,,,,1,2,1,1,1
200600044743,0006-07-26 10:45:00,6,7,26,10,45,330,447,,,,Plein jour,Hors agglomération,Hors intersection,Normale,Sans collision,,,,,,,,,,,1,1,1,1,7
200600044744,0006-07-30 14:15:00,6,7,30,14,15,720,58,Autoroute A28,,,Plein jour,Hors agglomération,Hors intersection,Pluie légère,Autre collision,,,,,,,,,,,1,1,1,2,6
200600044745,0006-07-09 18:45:00,6,7,9,18,45,720,255,,48.166,-0.149,Plein jour,Hors agglomération,Hors intersection,Normale,Deux véhicules - frontale,,,,,,,,,,,1,1,1,1,1
200600044746,0006-07-28 22:45:00,6,7,28,22,45,720,320,déviation RN138,,,Nuit sans éclairage public,Hors agglomération,Hors intersection,Normale,Deux véhicules - frontale,,,,,,,,,,,3,1,1,1,1
200600044747,0006-07-02 22:45:00,6,7,2,22,45,950,394,88 avenue marcel perrin,,,Nuit avec éclairage allumé,En agglomération,Hors intersection,Normale,Deux véhicules - frontale,,,,,,,,,,,5,2,1,1,1
200600044748,0006-07-18 09:45:00,6,7,18,9,45,580,86,,47.354,2.925,Plein jour,Hors agglomération,Hors intersection,Normale,Deux véhicules - arrière,,,,,,,,,,,1,1,1,1,2
200600044749,0006-07-09 05:00:00,6,7,9,5,0,720,380,,,,Nuit sans éclairage public,Hors agglomération,Hors intersection,Normale,Autre collision,,,,,,,,,,,3,1,1,1,6
200600044750,0006-07-08 11:00:00,6,7,8,11,0,680,375,"RD 2, PK 2+600",,,Plein jour,Hors agglomération,Hors intersection,Normale,Deux véhicules - frontale,,,,,,,,,,,1,1,1,1,1
200600044751,0006-07-07 15:00:00,6,7,7,15,0,670,324,,,,Plein jour,Hors agglomération,Hors intersection,Pluie légère,Deux véhicules - côté,,,,,,,,,,,1,1,1,2,3
200600044752,0006-07-15 13:05:00,6,7,15,13,5,670,388,RUE DU Général Mac Mahon,,,Plein jour,En agglomération,Autre intersection,Normale,Autre collision,,,,,,,,,,,1,2,9,1,6
200600044753,0006-07-23 17:30:00,6,7,23,17,30,670,324,Rue Claude Pagnier,,,Plein jour,En agglomération,Hors intersection,Normale,Deux véhicules - frontale,,,,,,,,,,,1,2,1,1,1
200600044754,0006-07-30 10:45:00,6,7,30,10,45,140,311,,49.148,-0.536,Plein jour,Hors agglomération,Hors intersection,Pluie légère,Sans collision,,,,,,,,,,,1,1,1,2,7
200600044755,0006-07-11 20:45:00,6,7,11,20,45,300,47,,43.785,4.454,Plein jour,Hors agglomération,Hors intersection,Normale,Sans collision,,,,,,,,,,,1,1,1,1,7
200600044756,0006-07-20 18:15:00,6,7,20,18,15,300,34,,43.767,4.527,Plein jour,Hors agglomération,Hors intersection,Normale,Deux véhicules - frontale,,,,,,,,,,,1,1,1,1,1
200600044757,0006-07-28 08:15:00,6,7,28,8,15,300,60,,43.805,4.404,Plein jour,Hors agglomération,Hors intersection,Normale,Deux véhicules - côté,,,,,,,,,,,1,1,1,1,3
200600044758,0006-07-12 07:30:00,6,7,12,7,30,80,503,,49.683,4.662,Plein jour,Hors agglomération,Hors intersection,Normale,Sans collision,,,,,,,,,,,1,1,1,1,7
200600044759,0006-07-13 18:38:00,6,7,13,18,38,440,14,A83 PK 2,,,Plein jour,Hors agglomération,Hors intersection,Normale,Autre collision,,,,,,,,,,,1,1,1,1,6
200600044760,0006-07-02 02:00:00,6,7,2,2,0,340,926,C.D. 62,,,Nuit sans éclairage public,Hors agglomération,Hors intersection,Normale,Deux véhicules - arrière,,,,,,,,,,,3,1,1,1,2
200600044761,0006-07-07 22:10:00,6,7,7,22,10,340,192,sur CD 62,,,Nuit sans éclairage public,Hors agglomération,Hors intersection,Normale,Deux véhicules - côté,,,,,,,,,,,3,1,1,1,3
200600044762,0006-07-09 14:00:00,6,7,9,14,0,340,192,151 ave st Maurice,,,Plein jour,En agglomération,Hors intersection,Normale,Autre collision,,,,,,,,,,,1,2,1,1,6
200600044763,0006-07-26 16:30:00,6,7,26,16,30,340,926,AVENUE COMTES MELGUEIL,,,Plein jour,En agglomération,Hors intersection,Normale,Autre collision,,,,,,,,,,,1,2,1,1,6
200600044764,0006-07-02 01:30:00,6,7,2,1,30,760,711,,,,Nuit avec éclairage allumé,En agglomération,Hors intersection,Normale,Autre collision,,,,,,,,,,,5,2,1,1,6
200600044765,0006-07-12 19:00:00,6,7,12,19,0,760,192,RUE DE LA LIBERATION,,,Plein jour,En agglomération,Hors intersection,Normale,Deux véhicules - frontale,,,,,,,,,,,1,2,1,1,1
200600044766,0006-07-14 00:15:00,6,7,14,0,15,760,255,,,,Plein jour,Hors agglomération,Hors intersection,Normale,Autre collision,,,,,,,,,,,1,1,1,1,6
200600044767,0006-07-15 18:00:00,6,7,15,18,0,760,255,Chemin communale 411,,,Plein jour,En agglomération,Hors intersection,Normale,Sans collision,,,,,,,,,,,1,2,1,1,7
200600044768,0006-07-24 15:00:00,6,7,24,15,0,760,638,1 RUE DE LA MAISON ROUGE,,,Plein jour,En agglomération,Intersection en Y,Normale,Deux véhicules - côté,,,,,,,,,,,1,2,4,1,3
200600044769,0006-07-26 11:30:00,6,7,26,11,30,760,507,,,,Plein jour,Hors agglomération,Hors intersection,Normale,Deux véhicules - frontale,,,,,,,,,,,1,1,1,1,1
200600044770,0006-07-05 20:00:00,6,7,5,20,0,760,571,,49.579,1.325,Plein jour,Hors agglomération,Intersection en X,Normale,Deux véhicules - côté,,,,,,,,,,,1,1,2,1,3
200600044771,0006-07-29 16:00:00,6,7,29,16,0,710,269,RN 6 - PK 21+300,,,Plein jour,En agglomération,Hors intersection,Normale,Trois véhicules et plus - collisions multiples,,,,,,,,,,,1,2,1,1,5
200600044772,0006-07-24 20:15:00,6,7,24,20,15,310,351,,,,Plein jour,Hors agglomération,Hors intersection,Normale,Deux véhicules - frontale,,,,,,,,,,,1,1,1,1,1
200600044773,0006-07-16 10:30:00,6,7,16,10,30,250,212,rond point RN 57 -A 36,,,Plein jour,Hors agglomération,Giratoire,Normale,Deux véhicules - côté,,,,,,,,,,,1,1,6,1,3
200600044774,0006-07-30 22:00:00,6,7,30,22,0,250,212,Rue de l'amitié,47.281,5.988,Nuit avec éclairage allumé,En agglomération,Hors intersection,Normale,Sans collision,,,,,,,,,,,5,2,1,1,7
200600044775,0006-07-07 02:45:00,6,7,7,2,45,950,510,RN14,,,Nuit sans éclairage public,Hors agglomération,Hors intersection,Normale,Sans collision,,,,,,,,,,,3,1,1,1,7
200600044776,0006-07-24 10:30:00,6,7,24,10,30,950,612,RD 317,,,Plein jour,Hors agglomération,Hors intersection,Normale,Sans collision,,,,,,,,,,,1,1,1,1,7
200600044777,0006-07-14 14:45:00,6,7,14,14,45,560,101,,,,Plein jour,Hors agglomération,Hors intersection,Normale,Trois véhicules et plus - collisions multiples,,,,,,,,,,,1,1,1,1,5
200600044778,0006-07-15 12:00:00,6,7,15,12,0,560,177,,47.819,-2.946,Plein jour,Hors agglomération,Hors intersection,Normale,Deux véhicules - frontale,,,,,,,,,,,1,1,1,1,1
200600044779,0006-07-28 18:30:00,6,7,28,18,30,560,94,,,,Plein jour,Hors agglomération,Giratoire,Temps éblouissant,Deux véhicules - côté,,,,,,,,,,,1,1,6,7,3
200600044780,0006-07-09 05:45:00,6,7,9,5,45,140,135,,49.266,-0.659,Crépuscule ou aube,Hors agglomération,Hors intersection,Normale,Sans collision,,,,,,,,,,,2,1,1,1,7
200600044781,0006-07-24 07:50:00,6,7,24,7,50,450,272,- lieu-dit VILLESANCIEN,,,Plein jour,Hors agglomération,Hors intersection,Normale,Deux véhicules - frontale,,,,,,,,,,,1,1,1,1,1
200600044782,0006-07-23 13:45:00,6,7,23,13,45,350,173,,,,Plein jour,Hors agglomération,Hors intersection,Normale,Sans collision,,,,,,,,,,,1,1,1,1,7
200600044783,0006-07-30 23:30:00,6,7,30,23,30,440,70,,47.188,-1.417,Nuit sans éclairage public,Hors agglomération,Hors intersection,Normale,Deux véhicules - côté,,,,,,,,,,,3,1,1,1,3
200600044784,0006-07-04 21:45:00,6,7,4,21,45,240,439,,,,Nuit sans éclairage public,Hors agglomération,Hors intersection,Pluie forte,Sans collision,,,,,,,,,,,3,1,1,3,7
200600044785,0006-07-18 16:00:00,6,7,18,16,0,240,449,,,,Plein jour,Hors agglomération,Hors intersection,Normale,Sans collision,,,,,,,,,,,1,1,1,1,7
200600044786,0006-07-11 16:20:00,6,7,11,16,20,500,616,RN 175,,,Plein jour,Hors agglomération,Hors intersection,Normale,Autre collision,,,,,,,,,,,1,1,1,1,6
200600044787,0006-07-07 15:15:00,6,7,7,15,15,690,100,42 rue de la mouche,,,Plein jour,En agglomération,Hors intersection,Normale,Deux véhicules - côté,,,,,,,,,,,1,2,1,1,3
200600044788,0006-07-21 14:45:00,6,7,21,14,45,690,100,,,,Plein jour,Hors agglomération,Hors intersection,Normale,Deux véhicules - arrière,,,,,,,,,,,1,1,1,1,2
200600044789,0006-07-11 05:45:00,6,7,11,5,45,660,186,,42.671,2.973,Crépuscule ou aube,Hors agglomération,Hors intersection,Normale,Deux véhicules - arrière,,,,,,,,,,,2,1,1,1,2
200600044790,0006-07-01 16:00:00,6,7,1,16,0,260,58,"sans, MOULIN D'ALBON RUE",,,Plein jour,En agglomération,Intersection en X,Normale,Deux véhicules - côté,,,,,,,,,,,1,2,2,1,3
200600044791,0006-07-05 12:30:00,6,7,5,12,30,260,58,"SANS, CHANTECLAIR RUE",,,Plein jour,En agglomération,Giratoire,Normale,Deux véhicules - frontale,,,,,,,,,,,1,2,6,1,1
200600044792,0006-07-07 20:10:00,6,7,7,20,10,260,362,"sans, TRICASTIN AVENUE D",,,Plein jour,En agglomération,Hors intersection,Normale,Trois véhicules et plus - collisions multiples,,,,,,,,,,,1,2,1,1,5
200600044793,0006-07-12 13:30:00,6,7,12,13,30,260,362,"sans, ROMANS ROUTE DE",,,Plein jour,En agglomération,Hors intersection,Normale,Autre collision,,,,,,,,,,,1,2,1,1,6
200600044794,0006-07-13 07:50:00,6,7,13,7,50,260,362,"sans, CHURCHILL BOULEVAR",,,Plein jour,En agglomération,Intersection en T,Normale,Deux véhicules - frontale,,,,,,,,,,,1,2,3,1,1
200600044795,0006-07-13 09:20:00,6,7,13,9,20,260,362,"sans, HUGO AVENUE VICTOR",,,Plein jour,En agglomération,Hors intersection,Normale,Deux véhicules - arrière,,,,,,,,,,,1,2,1,1,2
200600044796,0006-07-17 01:00:00,6,7,17,1,0,260,362,"sans, CREST ROUTE DE",,,Nuit avec éclairage allumé,Hors agglomération,Giratoire,Normale,Sans collision,,,,,,,,,,,5,1,6,1,7
200600044797,0006-07-06 13:46:00,6,7,6,13,46,260,362,"sans, FAURE AVENUE MAURI",,,Plein jour,En agglomération,Hors intersection,Normale,Autre collision,,,,,,,,,,,1,2,1,1,6
200600044798,0006-07-06 18:05:00,6,7,6,18,5,260,362,"211, FAVENTINES RUE",,,Plein jour,En agglomération,Hors intersection,Normale,Autre collision,,,,,,,,,,,1,2,1,1,6
200600044799,0006-07-19 14:30:00,6,7,19,14,30,260,252,"127 bis, JAURES RUE JEAN",,,Plein jour,En agglomération,Hors intersection,Normale,Deux véhicules - côté,,,,,,,,,,,1,2,1,1,3
200600044800,0006-07-22 10:50:00,6,7,22,10,50,260,58,"sans, RN 2007",,,Plein jour,Hors agglomération,Hors intersection,Normale,Deux véhicules - côté,,,,,,,,,,,1,1,1,1,3
200600044801,0006-07-25 19:10:00,6,7,25,19,10,260,58,"sans, MOULIN D'ALBON RUE",,,Plein jour,En agglomération,Hors intersection,Normale,Deux véhicules - côté,,,,,,,,,,,1,2,1,1,3
200600044802,0006-07-27 19:10:00,6,7,27,19,10,260,362,"sans, FAURE AVENUE MAURI",,,Plein jour,En agglomération,Intersection en Y,Normale,Deux véhicules - côté,,,,,,,,,,,1,2,4,1,3
200600044803,0006-07-01 15:50:00,6,7,1,15,50,260,362,"sans, PROVENCE AVENUE DE",,,Plein jour,En agglomération,Hors intersection,Normale,Sans collision,,,,,,,,,,,1,2,1,1,7
200600044804,0006-03-29 19:47:00,6,3,29,19,47,340,172,JUSTICE DE CASTELNAU (AV,,,Plein jour,En agglomération,Intersection en T,Normale,Deux véhicules - côté,,,,,,,,,,,1,2,3,1,3
200600044805,0006-04-11 08:55:00,6,4,11,8,55,340,172,"381, VAL DE MONTFERRAND",,,Plein jour,En agglomération,Hors intersection,Normale,Autre collision,,,,,,,,,,,1,2,1,1,6
200600044806,0006-04-19 13:08:00,6,4,19,13,8,340,172,"sans, GRABELS (ROUTE DE)",,,Plein jour,En agglomération,Hors intersection,Normale,Autre collision,,,,,,,,,,,1,2,1,1,6
200600044807,0006-04-20 16:30:00,6,4,20,16,30,340,172,"986, SOULAS (AVENUE DU P",,,Plein jour,En agglomération,Intersection en T,Normale,Deux véhicules - côté,,,,,,,,,,,1,2,3,1,3
200600044808,0006-02-05 12:15:00,6,2,5,12,15,380,151,"00, NORMANDIE NIEMEN RUE",,,Plein jour,En agglomération,Intersection en X,Normale,Trois véhicules et plus - collisions multiples,,,,,,,,,,,1,2,2,1,5
200600044809,0006-03-06 08:45:00,6,3,6,8,45,380,185,"30, FOCH (BOULEVARD MAL)",,,Plein jour,En agglomération,Hors intersection,Pluie légère,Deux véhicules - arrière,,,,,,,,,,,1,2,1,2,2
200600044810,0006-05-13 17:10:00,6,5,13,17,10,380,185,"00, RAMBAUD (RUE GL)",,,Plein jour,En agglomération,Intersection en X,Pluie forte,Autre collision,,,,,,,,,,,1,2,2,3,6
200600044811,0006-05-21 22:20:00,6,5,21,22,20,380,421,"11, CACHIN(AVENUE M.)N°I",,,Nuit avec éclairage allumé,En agglomération,Intersection en X,Normale,Autre collision,,,,,,,,,,,5,2,2,1,6
200600044812,0006-06-07 19:40:00,6,6,7,19,40,380,185,"163, LIBERATION (COURS)",,,Plein jour,En agglomération,Hors intersection,Normale,Deux véhicules - arrière,,,,,,,,,,,1,2,1,1,2
200600044813,0006-07-13 12:50:00,6,7,13,12,50,380,185,"00, TURENNE (RUE DE)",,,Plein jour,En agglomération,Hors intersection,Normale,Deux véhicules - côté,,,,,,,,,,,1,2,1,1,3
200600044814,0006-06-22 19:57:00,6,6,22,19,57,600,57,"51, GENERAL KOENIG (RUE",,,Plein jour,En agglomération,Intersection en T,Normale,Deux véhicules - côté,,,,,,,,,,,1,2,3,1,3
200600044815,0006-02-24 16:40:00,6,2,24,16,40,770,373,"06, SOURCE (ALLEE DE LA)",,,Plein jour,En agglomération,Intersection en X,Normale,Deux véhicules - côté,,,,,,,,,,,1,2,2,1,3
200600044816,0006-04-21 21:10:00,6,4,21,21,10,770,390,RABIN Y. (AVENUE),,,Nuit avec éclairage allumé,En agglomération,Autre intersection,Normale,Autre collision,,,,,,,,,,,5,2,9,1,6
200600044817,0006-05-17 14:58:00,6,5,17,14,58,770,373,"04, CHARLES ROUXEL (AVEN",,,Plein jour,En agglomération,Hors intersection,Normale,Autre collision,,,,,,,,,,,1,2,1,1,6
200600044818,0006-05-25 10:20:00,6,5,25,10,20,770,373,PRES ST MARTIN (RUE DES),,,Plein jour,En agglomération,Giratoire,Normale,Deux véhicules - côté,,,,,,,,,,,1,2,6,1,3
200600044819,0006-07-15 12:30:00,6,7,15,12,30,770,373,PARKING CARREFOUR,,,Plein jour,En agglomération,Hors intersection,Normale,Deux véhicules - arrière,,,,,,,,,,,1,2,1,1,2
200600044820,0006-01-14 10:20:00,6,1,14,10,20,780,358,"46, LONGUEIL (AVENUE DE)",,,Plein jour,En agglomération,Intersection en X,Normale,Deux véhicules - côté,,,,,,,,,,,1,2,2,1,3
200600044821,0006-01-20 08:15:00,6,1,20,8,15,780,358,"04, GROS MURGER ( RUE DU",,,Plein jour,En agglomération,Hors intersection,Normale,Autre collision,,,,,,,,,,,1,2,1,1,6
200600044822,0006-04-10 18:15:00,6,4,10,18,15,780,358,"48, PARIS (RUE DE)",,,Plein jour,En agglomération,Hors intersection,Normale,Sans collision,,,,,,,,,,,1,2,1,1,7
200600044823,0006-05-31 18:15:00,6,5,31,18,15,780,358,"56, SAINT GERMAIN (AVENU",,,Plein jour,En agglomération,Intersection en X,Normale,Deux véhicules - côté,,,,,,,,,,,1,2,2,1,3
200600044824,0006-03-21 17:05:00,6,3,21,17,5,840,31,"310, HERMITAGE CHEMIN DE",,,Plein jour,Hors agglomération,Autre intersection,Pluie légère,Deux véhicules - côté,,,,,,,,,,,1,1,9,2,3
200600044825,0006-05-25 10:35:00,6,5,25,10,35,840,80,"00, CD 942 RTE SARRIANS",,,Plein jour,Hors agglomération,Hors intersection,Normale,Trois véhicules et plus - collisions multiples,,,,,,,,,,,1,1,1,1,5
200600044826,0006-05-25 17:35:00,6,5,25,17,35,840,31,"372, PONT DES FONTAINES",,,Plein jour,En agglomération,Autre intersection,Normale,Deux véhicules - côté,,,,,,,,,,,1,2,9,1,3
200600044827,0006-01-16 18:15:00,6,1,16,18,15,940,15,NOISY LE GRAND (R DE),,,Nuit avec éclairage non allumé,En agglomération,Hors intersection,Pluie légère,Autre collision,,,,,,,,,,,4,2,1,2,6
200600044828,0006-03-31 10:10:00,6,3,31,10,10,940,58,"8, ALBERT LECOCQ (R)",,,Plein jour,En agglomération,Hors intersection,Normale,Deux véhicules - frontale,,,,,,,,,,,1,2,1,1,1
200600044829,0006-05-17 16:15:00,6,5,17,16,15,940,15,"27, CHARLES DE GAULLE (G",,,Plein jour,En agglomération,Hors intersection,Normale,Autre collision,,,,,,,,,,,1,2,1,1,6
200600044830,0006-05-26 15:00:00,6,5,26,15,0,940,58,"nc, MARECHAL JOFFRE (AV",,,Plein jour,En agglomération,Hors intersection,Normale,Deux véhicules - côté,,,,,,,,,,,1,2,1,1,3
200600044831,0006-06-04 18:00:00,6,6,4,18,0,940,58,"114, ARTOIS (QU D)",,,Plein jour,En agglomération,Hors intersection,Normale,Autre collision,,,,,,,,,,,1,2,1,1,6
200600044832,0006-06-13 05:50:00,6,6,13,5,50,940,42,"15, GENERAL GALLIENI (AV",,,Crépuscule ou aube,En agglomération,Hors intersection,Normale,Deux véhicules - côté,,,,,,,,,,,2,2,1,1,3
200600044833,0006-06-14 13:40:00,6,6,14,13,40,940,58,"27BIS, NON DENOMME (RPT)",,,Plein jour,En agglomération,Hors intersection,Normale,Autre collision,,,,,,,,,,,1,2,1,1,6
200600044834,0006-06-20 22:05:00,6,6,20,22,5,940,42,"NC, PARIS (R DE)",,,Nuit avec éclairage allumé,En agglomération,Hors intersection,Normale,Trois véhicules et plus - collisions multiples,,,,,,,,,,,5,2,1,1,5
200600044835,0006-05-09 16:30:00,6,5,9,16,30,940,42,"01, JEAN JAURES (AV)",,,Plein jour,En agglomération,Hors intersection,Pluie forte,Autre collision,,,,,,,,,,,1,2,1,3,6
200600044836,0006-07-04 20:30:00,6,7,4,20,30,940,42,CHAPSAL (R),,,Plein jour,En agglomération,Hors intersection,Pluie légère,Trois véhicules et plus - en chaîne,,,,,,,,,,,1,2,1,2,4
200600044837,0006-07-05 20:30:00,6,7,5,20,30,940,52,"54, STRASBOURG (BD DE)",,,Plein jour,En agglomération,Hors intersection,Normale,Deux véhicules - arrière,,,,,,,,,,,1,2,1,1,2
200600044838,0006-07-03 21:30:00,6,7,3,21,30,940,52,", CHARLES DE GAULLE (GRA",,,Plein jour,En agglomération,Hors intersection,Normale,Deux véhicules - côté,,,,,,,,,,,1,2,1,1,3
200600044839,0006-08-30 07:30:00,6,8,30,7,30,590,52,rue de la gare,50.514,2.904,Plein jour,En agglomération,Hors intersection,Temps éblouissant,Deux véhicules - frontale,,,,,,,,,,,1,2,1,7,1
200600044840,0006-08-06 19:50:00,6,8,6,19,50,590,524,CD 145,50.579,2.901,Plein jour,Hors agglomération,Hors intersection,Normale,Trois véhicules et plus - en chaîne,,,,,,,,,,,1,1,1,1,4
200600044841,0006-08-10 22:00:00,6,8,10,22,0,590,260,Rue de la Frontière,,,Nuit sans éclairage public,Hors agglomération,Hors intersection,Temps couvert,Autre collision,,,,,,,,,,,3,1,1,8,6
200600044842,0006-08-20 17:00:00,6,8,20,17,0,590,499,CD916A,,,Plein jour,Hors agglomération,Hors intersection,Temps couvert,Sans collision,,,,,,,,,,,1,1,1,8,7
200600044843,0006-08-08 07:50:00,6,8,8,7,50,590,663,route d Herzeele,50.888,2.493,Plein jour,Hors agglomération,Hors intersection,Temps éblouissant,Deux véhicules - côté,,,,,,,,,,,1,1,1,7,3
200600044844,0006-08-17 11:00:00,6,8,17,11,0,590,663,18 route de Steenvoorde,,,Plein jour,Hors agglomération,Intersection en T,Temps couvert,Deux véhicules - côté,,,,,,,,,,,1,1,3,8,3
200600044845,0006-08-05 09:15:00,6,8,5,9,15,590,535,,,,Plein jour,Hors agglomération,Intersection en X,Normale,Deux véhicules - frontale,,,,,,,,,,,1,1,2,1,1
200600044846,0006-08-17 17:30:00,6,8,17,17,30,590,202,rue de l'alloeu CD 945,,,Plein jour,Hors agglomération,Hors intersection,Normale,Trois véhicules et plus - collisions multiples,,,,,,,,,,,1,1,1,1,5
200600044847,0006-08-10 11:30:00,6,8,10,11,30,590,660,face au 7 bis Jean Lebas,,,Plein jour,En agglomération,Hors intersection,Normale,Deux véhicules - frontale,,,,,,,,,,,1,2,1,1,1
200600044848,0006-08-19 04:45:00,6,8,19,4,45,590,168,rue Félix Demesmay,50.572,3.223,Nuit avec éclairage allumé,En agglomération,Hors intersection,Normale,Autre collision,,,,,,,,,,,5,2,1,1,6
200600044849,0006-08-22 17:00:00,6,8,22,17,0,590,42,rue Pasteur,,,Plein jour,En agglomération,Hors intersection,Normale,Deux véhicules - frontale,,,,,,,,,,,1,2,1,1,1
200600044850,0006-08-15 17:30:00,6,8,15,17,30,590,92,rue des frères regnier,50.29,3.31,Plein jour,En agglomération,Hors intersection,Normale,Sans collision,,,,,,,,,,,1,2,1,1,7
200600044851,0006-08-25 14:00:00,6,8,25,14,0,590,387,8 RUE J.B CANONNE,50.29,3.27,Plein jour,En agglomération,Hors intersection,Normale,Autre collision,,,,,,,,,,,1,2,1,1,6
200600044852,0006-08-14 17:00:00,6,8,14,17,0,590,503,CD  934,,,Plein jour,Hors agglomération,Hors intersection,Pluie forte,Autre collision,,,,,,,,,,,1,1,1,3,6
200600044853,0006-08-10 10:15:00,6,8,10,10,15,590,601,7 Rue Victor HUGO,,,Plein jour,En agglomération,Hors intersection,Normale,Deux véhicules - frontale,,,,,,,,,,,1,2,1,1,1
200600044854,0006-08-04 22:15:00,6,8,4,22,15,590,255,RUE DU MARAIS,50.291,3.197,Nuit avec éclairage allumé,En agglomération,Intersection en X,Normale,Deux véhicules - frontale,,,,,,,,,,,5,2,2,1,1
200600044855,0006-08-08 13:30:00,6,8,8,13,30,590,552,,,,Plein jour,Hors agglomération,Hors intersection,Normale,Autre collision,,,,,,,,,,,1,1,1,1,6
200600044856,0006-08-11 07:20:00,6,8,11,7,20,590,136,RN 43,,,Plein jour,Hors agglomération,Hors intersection,Vent fort / tempête,Deux véhicules - frontale,,,,,,,,,,,1,1,1,6,1
200600044857,0006-08-07 12:40:00,6,8,7,12,40,590,413,CD 115,,,Plein jour,Hors agglomération,Autre intersection,Normale,Deux véhicules - frontale,,,,,,,,,,,1,1,9,1,1
200600044858,0006-08-29 19:07:00,6,8,29,19,7,590,517,CD103,50.08,3.21,Plein jour,Hors agglomération,Hors intersection,Pluie légère,Deux véhicules - frontale,,,,,,,,,,,1,1,1,2,1
200600044859,0006-08-26 18:15:00,6,8,26,18,15,590,224,RUE LUCIEN DUPAS,50.27,3.21,Plein jour,En agglomération,Hors intersection,Normale,Autre collision,,,,,,,,,,,1,2,1,1,6
200600044860,0006-08-29 14:15:00,6,8,29,14,15,620,97,RN 25,50.245,2.66,Plein jour,En agglomération,Hors intersection,Normale,Deux véhicules - frontale,,,,,,,,,,,1,2,1,1,1
200600044861,0006-08-14 19:45:00,6,8,14,19,45,620,42,Route nationale 50,50.32,2.84,Plein jour,Hors agglomération,Hors intersection,Pluie forte,Sans collision,,,,,,,,,,,1,1,1,3,7
200600044862,0006-08-23 12:15:00,6,8,23,12,15,620,728,,50.246,3.066,Plein jour,En agglomération,Hors intersection,Normale,Autre collision,,,,,,,,,,,1,2,1,1,6
200600044863,0006-08-22 15:15:00,6,8,22,15,15,620,162,,50.573,2.457,Plein jour,Hors agglomération,Hors intersection,Normale,Deux véhicules - côté,,,,,,,,,,,1,1,1,1,3
200600044864,0006-08-26 19:30:00,6,8,26,19,30,620,162,R.N. 43,,,Plein jour,Hors agglomération,Hors intersection,Normale,Trois véhicules et plus - collisions multiples,,,,,,,,,,,1,1,1,1,5
200600044865,0006-08-12 19:30:00,6,8,12,19,30,620,268,,,,Plein jour,Hors agglomération,Hors intersection,Pluie forte,Deux véhicules - arrière,,,,,,,,,,,1,1,1,3,2
200600044866,0006-08-24 16:45:00,6,8,24,16,45,620,524,CD.52,,,Plein jour,Hors agglomération,Hors intersection,Pluie forte,Autre collision,,,,,,,,,,,1,1,1,3,6
200600044867,0006-08-27 21:28:00,6,8,27,21,28,620,230,Route Nationale 42,,,Crépuscule ou aube,Hors agglomération,Hors intersection,Normale,Deux véhicules - frontale,,,,,,,,,,,2,1,1,1,1
200600044868,0006-08-27 20:00:00,6,8,27,20,0,620,268,04 rue de l' eglise,50.672,1.836,Plein jour,En agglomération,Place,Normale,Autre collision,,,,,,,,,,,1,2,7,1,6
200600044869,0006-08-23 13:45:00,6,8,23,13,45,620,711,l'Europe et rue Sulliger,,,Plein jour,Hors agglomération,Hors intersection,Normale,Deux véhicules - côté,,,,,,,,,,,1,1,1,1,3
200600044870,0006-08-06 16:45:00,6,8,6,16,45,620,312,,50.51,1.797,Plein jour,Hors agglomération,Hors intersection,Normale,Sans collision,,,,,,,,,,,1,1,1,1,7
200600044871,0006-08-12 15:45:00,6,8,12,15,45,620,201,chemin des bateaux,,,Plein jour,Hors agglomération,Hors intersection,Temps couvert,Deux véhicules - frontale,,,,,,,,,,,1,1,1,8,1
200600044872,0006-08-15 03:30:00,6,8,15,3,30,620,275,5 rue du moulin,50.335,1.873,Nuit avec éclairage non allumé,En agglomération,Hors intersection,Normale,Sans collision,,,,,,,,,,,4,2,1,1,7
200600044873,0006-08-21 15:30:00,6,8,21,15,30,620,533,,50.526,2.176,Plein jour,Hors agglomération,Hors intersection,Normale,Deux véhicules - côté,,,,,,,,,,,1,1,1,1,3