accident_id,datetime,annee,mois,jour,heure,minute,departement,commune_insee,adresse,latitude,longitude,luminosite,agglomeration,intersection,meteo,collision,nb_vehicules,nb_usagers,nb_indemnes,nb_tues,nb_blesses_hosp,nb_blesses_legers,age_cond_1,age_cond_2,veh_type_cond_1,veh_type_cond_2,lum_code,agg_code,int_code,atm_code,col_code
200600045012,0006-08-31 16:45:00,6,8,31,16,45,270,676,D 135,49.202,1.297,Plein jour,En agglomération,Hors intersection,Normale,Autre collision,,,,,,,,,,,1,2,1,1,6
200600045013,0006-08-25 23:30:00,6,8,25,23,30,270,469,CD79,49.303,1.152,Nuit sans éclairage public,En agglomération,Hors intersection,Normale,Autre collision,,,,,,,,,,,3,2,1,1,6
200600045014,0006-08-02 16:50:00,6,8,2,16,50,270,698,Intersection D83 ET C19,49.178,0.879,Plein jour,Hors agglomération,Intersection en X,Normale,Deux véhicules - côté,,,,,,,,,,,1,1,2,1,3
200600045015,0006-08-11 14:00:00,6,8,11,14,0,270,354,,49.175,0.952,Plein jour,Hors agglomération,Intersection en X,Normale,Deux véhicules - côté,,,,,,,,,,,1,1,2,1,3
200600045016,0006-08-30 21:35:00,6,8,30,21,35,270,695,CD137,,,Nuit sans éclairage public,Hors agglomération,Hors intersection,Normale,Sans collision,,,,,,,,,,,3,1,1,1,7
200600045017,0006-08-06 05:15:00,6,8,6,5,15,270,263,,,,Crépuscule ou aube,Hors agglomération,Hors intersection,Autre,Sans collision,,,,,,,,,,,2,1,1,9,7
200600045018,0006-08-30 15:30:00,6,8,30,15,30,270,100,,,,Plein jour,Hors agglomération,Hors intersection,Normale,Deux véhicules - côté,,,,,,,,,,,1,1,1,1,3
200600045019,0006-08-29 11:30:00,6,8,29,11,30,270,92,e de la tête d'or et de,,,Plein jour,Hors agglomération,Hors intersection,Pluie légère,Deux véhicules - côté,,,,,,,,,,,1,1,1,2,3
200600045020,0006-08-04 20:45:00,6,8,4,20,45,270,167,cd39 - PR 48+200,49.313,0.626,Plein jour,En agglomération,Hors intersection,Normale,Trois véhicules et plus - collisions multiples,,,,,,,,,,,1,2,1,1,5
200600045021,0006-08-24 09:15:00,6,8,24,9,15,350,47,Avenue du Gal de Gaulle,,,Plein jour,En agglomération,Hors intersection,Normale,Deux véhicules - frontale,,,,,,,,,,,1,2,1,1,1
200600045022,0006-08-31 19:15:00,6,8,31,19,15,350,177,RUE DU COTEAU,48.22,-1.753,Plein jour,En agglomération,Hors intersection,Normale,Deux véhicules - côté,,,,,,,,,,,1,2,1,1,3
200600045023,0006-08-06 20:45:00,6,8,6,20,45,350,234,,,,Plein jour,Hors agglomération,Hors intersection,Normale,Autre collision,,,,,,,,,,,1,1,1,1,6
200600045024,0006-08-27 09:00:00,6,8,27,9,0,350,58,,,,Plein jour,Hors agglomération,Intersection en X,Normale,Deux véhicules - côté,,,,,,,,,,,1,1,2,1,3
200600045025,0006-08-29 18:45:00,6,8,29,18,45,350,65,CD 30 - RUE DES ROCHERS,,,Plein jour,En agglomération,Autre intersection,Normale,Deux véhicules - frontale,,,,,,,,,,,1,2,9,1,1
200600045026,0006-08-05 01:15:00,6,8,5,1,15,350,243,,48.348,-1.294,Nuit sans éclairage public,Hors agglomération,Hors intersection,Normale,Autre collision,,,,,,,,,,,3,1,1,1,6
200600045027,0006-08-12 19:15:00,6,8,12,19,15,350,137,,,,Plein jour,Hors agglomération,Hors intersection,Temps éblouissant,Deux véhicules - frontale,,,,,,,,,,,1,1,1,7,1
200600045028,0006-08-05 17:45:00,6,8,5,17,45,350,273,RUE DE LA GARE,,,Plein jour,En agglomération,Hors intersection,Normale,Autre collision,,,,,,,,,,,1,2,1,1,6
200600045029,0006-08-09 10:45:00,6,8,9,10,45,350,83,La Vilais,48.462,-1.389,Plein jour,En agglomération,Hors intersection,Normale,Autre collision,,,,,,,,,,,1,2,1,1,6
200600045030,0006-08-12 15:00:00,6,8,12,15,0,350,293,"Lieu-dit ""Patis Buret""",,,Plein jour,Hors agglomération,Intersection en X,Temps couvert,Deux véhicules - côté,,,,,,,,,,,1,1,2,8,3
200600045031,0006-08-23 23:30:00,6,8,23,23,30,350,323,,48.43,-1.325,Nuit sans éclairage public,Hors agglomération,Hors intersection,Pluie légère,Sans collision,,,,,,,,,,,3,1,1,2,7
200600045032,0006-08-27 21:00:00,6,8,27,21,0,350,236,le rozé,47.673,-2.058,Plein jour,Hors agglomération,Hors intersection,Normale,Autre collision,,,,,,,,,,,1,1,1,1,6
200600045033,0006-08-24 22:45:00,6,8,24,22,45,350,124,RUE DU PONT SAINT PERE,,,Nuit avec éclairage allumé,En agglomération,Hors intersection,Normale,Autre collision,,,,,,,,,,,5,2,1,1,6
200600045034,0006-08-08 20:45:00,6,8,8,20,45,350,33,la pierre blanche,47.929,-1.716,Plein jour,Hors agglomération,Hors intersection,Normale,Sans collision,,,,,,,,,,,1,1,1,1,7
200600045035,0006-08-02 13:30:00,6,8,2,13,30,350,279,RUE DU STADE CD 7,,,Plein jour,En agglomération,Hors intersection,Normale,Autre collision,,,,,,,,,,,1,2,1,1,6
200600045036,0006-08-18 11:45:00,6,8,18,11,45,350,224,,,,Plein jour,Hors agglomération,Hors intersection,Normale,Sans collision,,,,,,,,,,,1,1,1,1,7
200600045037,0006-08-06 19:15:00,6,8,6,19,15,350,259,rue du pont thomas,,,Plein jour,En agglomération,Hors intersection,Normale,Deux véhicules - frontale,,,,,,,,,,,1,2,1,1,1
200600045038,0006-08-21 11:00:00,6,8,21,11,0,350,85,,48.406,-1.76,Plein jour,Hors agglomération,Intersection en X,Normale,Deux véhicules - côté,,,,,,,,,,,1,1,2,1,3
200600045039,0006-08-23 17:00:00,6,8,23,17,0,350,95,AVENUE ARISTIDE BRIAND,48.552,-1.749,Plein jour,En agglomération,Hors intersection,Normale,Deux véhicules - côté,,,,,,,,,,,1,2,1,1,3
200600045040,0006-08-26 12:15:00,6,8,26,12,15,350,29,,,,Plein jour,Hors agglomération,Hors intersection,Normale,Deux véhicules - côté,,,,,,,,,,,1,1,1,1,3
200600045041,0006-08-14 14:30:00,6,8,14,14,30,350,287,,48.632,-2.12,Plein jour,Hors agglomération,Hors intersection,Normale,Deux véhicules - frontale,,,,,,,,,,,1,1,1,1,1
200600045042,0006-08-01 18:15:00,6,8,1,18,15,350,109,,,,Plein jour,Hors agglomération,Hors intersection,Normale,Deux véhicules - côté,,,,,,,,,,,1,1,1,1,3
200600045043,0006-08-01 15:30:00,6,8,1,15,30,350,87,,,,Plein jour,Hors agglomération,Hors intersection,Normale,Autre collision,,,,,,,,,,,1,1,1,1,6
200600045044,0006-08-07 16:45:00,6,8,7,16,45,350,360,,,,Plein jour,Hors agglomération,Hors intersection,Normale,Trois véhicules et plus - en chaîne,,,,,,,,,,,1,1,1,1,4
200600045045,0006-08-04 17:00:00,6,8,4,17,0,350,68,boulevard de la Liberté,48.109,-1.407,Plein jour,En agglomération,Hors intersection,Normale,Deux véhicules - frontale,,,,,,,,,,,1,2,1,1,1
200600045046,0006-08-05 12:15:00,6,8,5,12,15,350,239,ZA FROMY - CD 47,,,Plein jour,En agglomération,Hors intersection,Normale,Sans collision,,,,,,,,,,,1,2,1,1,7
200600045047,0006-08-06 02:00:00,6,8,6,2,0,350,125,FAUBOURD DE NANTES,,,Nuit avec éclairage allumé,En agglomération,Hors intersection,Normale,Autre collision,,,,,,,,,,,5,2,1,1,6
200600045048,0006-08-05 16:30:00,6,8,5,16,30,220,7,rue de la mer,,,Plein jour,En agglomération,Hors intersection,Normale,Deux véhicules - côté,,,,,,,,,,,1,2,1,1,3
200600045049,0006-08-06 03:30:00,6,8,6,3,30,220,1,lieu dit ''la Brousse'',,,Nuit sans éclairage public,Hors agglomération,Hors intersection,Normale,Autre collision,,,,,,,,,,,3,1,1,1,6
200600045050,0006-08-24 16:15:00,6,8,24,16,15,220,384,,48.283,-2.832,Plein jour,Hors agglomération,Hors intersection,Normale,Deux véhicules - frontale,,,,,,,,,,,1,1,1,1,1
200600045051,0006-08-22 10:15:00,6,8,22,10,15,220,162,Avenue Général de Gaule,48.783,-3.046,Plein jour,En agglomération,Autre intersection,Temps couvert,Autre collision,,,,,,,,,,,1,2,9,8,6
200600045052,0006-08-09 18:30:00,6,8,9,18,30,220,389,Rue de Brest,,,Plein jour,En agglomération,Hors intersection,Normale,Deux véhicules - frontale,,,,,,,,,,,1,2,1,1,1
200600045053,0006-08-19 14:15:00,6,8,19,14,15,220,389,,,,Plein jour,Hors agglomération,Hors intersection,Normale,Deux véhicules - arrière,,,,,,,,,,,1,1,1,1,2
200600045054,0006-08-12 07:45:00,6,8,12,7,45,220,176,CD 700,,,Plein jour,Hors agglomération,Autre intersection,Normale,Autre collision,,,,,,,,,,,1,1,9,1,6
200600045055,0006-08-23 06:45:00,6,8,23,6,45,220,99,Cruguel CD 7 bis,,,Nuit sans éclairage public,Hors agglomération,Hors intersection,Brouillard / fumée,Deux véhicules - frontale,,,,,,,,,,,3,1,1,5,1
200600045056,0006-08-02 13:00:00,6,8,2,13,0,220,380,Le creux,48.381,-2.093,Plein jour,Hors agglomération,Hors intersection,Normale,Autre collision,,,,,,,,,,,1,1,1,1,6
200600045057,0006-08-14 10:30:00,6,8,14,10,30,220,259,,,,Plein jour,Hors agglomération,Hors intersection,Normale,Trois véhicules et plus - collisions multiples,,,,,,,,,,,1,1,1,1,5
200600045058,0006-08-19 12:00:00,6,8,19,12,0,220,180,,,,Plein jour,Hors agglomération,Hors intersection,Temps couvert,Autre collision,,,,,,,,,,,1,1,1,8,6
200600045059,0006-08-29 13:15:00,6,8,29,13,15,220,213,,48.52,-2.02,Plein jour,En agglomération,Hors intersection,Normale,Deux véhicules - côté,,,,,,,,,,,1,2,1,1,3
200600045060,0006-08-11 19:30:00,6,8,11,19,30,220,185,,,,Plein jour,Hors agglomération,Hors intersection,Normale,Autre collision,,,,,,,,,,,1,1,1,1,6
200600045061,0006-08-08 02:45:00,6,8,8,2,45,220,143,route de St Cast,48.603,-2.288,Nuit sans éclairage public,Hors agglomération,Hors intersection,Normale,Autre collision,,,,,,,,,,,3,1,1,1,6
200600045062,0006-08-16 18:00:00,6,8,16,18,0,220,174,,,,Plein jour,Hors agglomération,Hors intersection,Temps couvert,Deux véhicules - frontale,,,,,,,,,,,1,1,1,8,1
200600045063,0006-08-18 19:30:00,6,8,18,19,30,220,94,RUE DE LA MAIRIE,,,Plein jour,En agglomération,Hors intersection,Normale,Deux véhicules - arrière,,,,,,,,,,,1,2,1,1,2
200600045064,0006-08-28 20:00:00,6,8,28,20,0,220,14,,48.492,-2.252,Plein jour,Hors agglomération,Hors intersection,Normale,Deux véhicules - frontale,,,,,,,,,,,1,1,1,1,1
200600045065,0006-08-04 23:45:00,6,8,4,23,45,220,66,Le Plessis,,,Nuit sans éclairage public,Hors agglomération,Hors intersection,Normale,Deux véhicules - frontale,,,,,,,,,,,3,1,1,1,1
200600045066,0006-08-27 19:15:00,6,8,27,19,15,220,297,,48.277,-2.531,Plein jour,Hors agglomération,Hors intersection,Normale,Deux véhicules - côté,,,,,,,,,,,1,1,1,1,3
200600045067,0006-08-04 01:00:00,6,8,4,1,0,220,150,,48.585,-3.063,Nuit sans éclairage public,Hors agglomération,Hors intersection,Normale,Sans collision,,,,,,,,,,,3,1,1,1,7
200600045068,0006-08-17 14:00:00,6,8,17,14,0,220,70,rue du chêne vert,48.571,-3.153,Plein jour,En agglomération,Place,Normale,Autre collision,,,,,,,,,,,1,2,7,1,6
200600045069,0006-08-26 01:00:00,6,8,26,1,0,220,204,TY GLAOU,,,Nuit sans éclairage public,Hors agglomération,Hors intersection,Pluie légère,Autre collision,,,,,,,,,,,3,1,1,2,6
200600045070,0006-08-31 23:30:00,6,8,31,23,30,220,248,,48.614,-3.116,Nuit sans éclairage public,Hors agglomération,Hors intersection,Normale,Autre collision,,,,,,,,,,,3,1,1,1,6
200600045071,0006-08-07 12:15:00,6,8,7,12,15,220,29,montoban,,,Plein jour,Hors agglomération,Hors intersection,Normale,Deux véhicules - côté,,,,,,,,,,,1,1,1,1,3
200600045072,0006-08-16 16:45:00,6,8,16,16,45,220,61,"lieu dit ""Le Cosquer""",,,Plein jour,Hors agglomération,Hors intersection,Normale,Autre collision,,,,,,,,,,,1,1,1,1,6
200600045073,0006-08-15 04:30:00,6,8,15,4,30,220,207,,48.602,-3.475,Nuit sans éclairage public,Hors agglomération,Hors intersection,Brouillard / fumée,Sans collision,,,,,,,,,,,3,1,1,5,7
200600045074,0006-08-12 17:00:00,6,8,12,17,0,220,379,,,,Plein jour,Hors agglomération,Intersection en T,Normale,Deux véhicules - côté,,,,,,,,,,,1,1,3,1,3
200600045075,0006-08-02 13:30:00,6,8,2,13,30,220,101,,,,Plein jour,Hors agglomération,Hors intersection,Normale,Deux véhicules - frontale,,,,,,,,,,,1,1,1,1,1
200600045076,0006-08-06 01:30:00,6,8,6,1,30,220,247,,48.756,-3.243,Nuit sans éclairage public,Hors agglomération,Hors intersection,Normale,Deux véhicules - frontale,,,,,,,,,,,3,1,1,1,1
200600045077,0006-08-14 16:30:00,6,8,14,16,30,220,28,Carrefour D6/D75,,,Plein jour,Hors agglomération,Hors intersection,Normale,Deux véhicules - côté,,,,,,,,,,,1,1,1,1,3
200600045078,0006-08-23 14:20:00,6,8,23,14,20,220,101,Crec'h Gaillard,,,Plein jour,Hors agglomération,Hors intersection,Normale,Deux véhicules - frontale,,,,,,,,,,,1,1,1,1,1
200600045079,0006-08-27 04:05:00,6,8,27,4,5,220,195,tion de l'ARMOR PLEUBIAN,,,Nuit avec éclairage non allumé,En agglomération,Hors intersection,Normale,Sans collision,,,,,,,,,,,4,2,1,1,7
200600045080,0006-08-08 19:15:00,6,8,8,19,15,290,46,PENNITY,,,Plein jour,En agglomération,Autre intersection,Normale,Deux véhicules - côté,,,,,,,,,,,1,2,9,1,3
200600045081,0006-08-16 15:15:00,6,8,16,15,15,290,46,,,,Plein jour,Hors agglomération,Hors intersection,Normale,Deux véhicules - frontale,,,,,,,,,,,1,1,1,1,1
200600045082,0006-08-20 02:15:00,6,8,20,2,15,290,46,,,,Nuit sans éclairage public,Hors agglomération,Hors intersection,Autre,Sans collision,,,,,,,,,,,3,1,1,9,7
200600045083,0006-08-24 12:00:00,6,8,24,12,0,290,46,quai de L'YSER,,,Plein jour,En agglomération,Giratoire,Normale,Autre collision,,,,,,,,,,,1,2,6,1,6
200600045084,0006-08-26 05:30:00,6,8,26,5,30,290,169,,,,Nuit sans éclairage public,Hors agglomération,Hors intersection,Autre,Sans collision,,,,,,,,,,,3,1,1,9,7
200600045085,0006-08-03 15:25:00,6,8,3,15,25,290,247,de QUIMPER  - Keromen -,,,Plein jour,En agglomération,Hors intersection,Normale,Trois véhicules et plus - en chaîne,,,,,,,,,,,1,2,1,1,4
200600045086,0006-08-09 07:05:00,6,8,9,7,5,290,58,nd point de Keelleau bas,,,Crépuscule ou aube,En agglomération,Giratoire,Normale,Deux véhicules - côté,,,,,,,,,,,2,2,6,1,3
200600045087,0006-08-31 05:45:00,6,8,31,5,45,290,161,,47.923,-4.062,Nuit sans éclairage public,Hors agglomération,Hors intersection,Temps couvert,Sans collision,,,,,,,,,,,3,1,1,8,7
200600045088,0006-08-06 05:15:00,6,8,6,5,15,290,220,,47.888,-4.206,Nuit sans éclairage public,Hors agglomération,Hors intersection,Normale,Autre collision,,,,,,,,,,,3,1,1,1,6
200600045089,0006-08-05 15:30:00,6,8,5,15,30,290,85,,47.849,-4.168,Plein jour,Hors agglomération,Hors intersection,Normale,Sans collision,,,,,,,,,,,1,1,1,1,7
200600045090,0006-08-29 18:00:00,6,8,29,18,0,290,174,rue guy mocquet CD156,47.901,-4.288,Plein jour,En agglomération,Hors intersection,Normale,Deux véhicules - côté,,,,,,,,,,,1,2,1,1,3
200600045091,0006-08-28 16:30:00,6,8,28,16,30,290,37,,47.882,-4.135,Plein jour,Hors agglomération,Hors intersection,Normale,Deux véhicules - côté,,,,,,,,,,,1,1,1,1,3
200600045092,0006-08-26 02:30:00,6,8,26,2,30,290,91,,48.634,-4.384,Nuit sans éclairage public,Hors agglomération,Hors intersection,Pluie légère,Sans collision,,,,,,,,,,,3,1,1,2,7
200600045093,0006-08-15 15:00:00,6,8,15,15,0,290,195,,48.614,-4.532,Plein jour,Hors agglomération,Hors intersection,Normale,Trois véhicules et plus - collisions multiples,,,,,,,,,,,1,1,1,1,5
200600045094,0006-08-18 12:08:00,6,8,18,12,8,290,15,"Rue de BREST, CD 13",,,Plein jour,En agglomération,Hors intersection,Normale,Sans collision,,,,,,,,,,,1,2,1,1,7
200600045095,0006-08-24 11:45:00,6,8,24,11,45,290,109,,48.558,-4.729,Plein jour,Hors agglomération,Hors intersection,Normale,Deux véhicules - arrière,,,,,,,,,,,1,1,1,1,2
200600045096,0006-08-07 15:15:00,6,8,7,15,15,290,302,rue de BREST,48.26,-4.084,Plein jour,En agglomération,Hors intersection,Pluie légère,Deux véhicules - frontale,,,,,,,,,,,1,2,1,2,1
200600045097,0006-08-13 17:00:00,6,8,13,17,0,290,172,,48.198,-4.188,Plein jour,Hors agglomération,Hors intersection,Normale,Trois véhicules et plus - collisions multiples,,,,,,,,,,,1,1,1,1,5
200600045098,0006-08-12 10:15:00,6,8,12,10,15,290,175,,48.25,-3.82,Plein jour,Hors agglomération,Autre intersection,Normale,Deux véhicules - côté,,,,,,,,,,,1,1,9,1,3
200600045099,0006-08-23 14:15:00,6,8,23,14,15,290,291,,48.118,-3.893,Plein jour,Hors agglomération,Hors intersection,Pluie légère,Deux véhicules - côté,,,,,,,,,,,1,1,1,2,3
200600045100,0006-08-09 13:30:00,6,8,9,13,30,290,280,,48.25,-4.38,Plein jour,Hors agglomération,Hors intersection,Normale,Deux véhicules - frontale,,,,,,,,,,,1,1,1,1,1
200600045101,0006-08-15 10:10:00,6,8,15,10,10,290,42,D308,,,Plein jour,Hors agglomération,Hors intersection,Temps éblouissant,Deux véhicules - frontale,,,,,,,,,,,1,1,1,7,1
200600045102,0006-08-20 18:00:00,6,8,20,18,0,290,238,CD355,,,Plein jour,Hors agglomération,Hors intersection,Normale,Deux véhicules - frontale,,,,,,,,,,,1,1,1,1,1
200600045103,0006-08-02 14:30:00,6,8,2,14,30,290,262,,,,Plein jour,Hors agglomération,Hors intersection,Pluie légère,Autre collision,,,,,,,,,,,1,1,1,2,6
200600045104,0006-08-06 19:30:00,6,8,6,19,30,290,105,,,,Plein jour,Hors agglomération,Hors intersection,Normale,Autre collision,,,,,,,,,,,1,1,1,1,6
200600045105,0006-08-27 05:45:00,6,8,27,5,45,290,105,11 rue Mestual,,,Nuit sans éclairage public,En agglomération,Hors intersection,Normale,Autre collision,,,,,,,,,,,3,2,1,1,6
200600045106,0006-08-01 19:15:00,6,8,1,19,15,290,185,CD 10,48.658,-4.177,Plein jour,En agglomération,Intersection en X,Normale,Trois véhicules et plus - collisions multiples,,,,,,,,,,,1,2,2,1,5
200600045107,0006-08-14 21:00:00,6,8,14,21,0,290,239,Quai d'auxerre,,,Crépuscule ou aube,En agglomération,Hors intersection,Normale,Deux véhicules - frontale,,,,,,,,,,,2,2,1,1,1
200600045108,0006-08-19 19:45:00,6,8,19,19,45,290,79,,,,Plein jour,Hors agglomération,Autre intersection,Normale,Deux véhicules - frontale,,,,,,,,,,,1,1,9,1,1
200600045109,0006-08-26 19:30:00,6,8,26,19,30,290,185,,,,Plein jour,Hors agglomération,Hors intersection,Normale,Deux véhicules - côté,,,,,,,,,,,1,1,1,1,3
200600045110,0006-08-04 17:00:00,6,8,4,17,0,560,147,,,,Plein jour,Hors agglomération,Hors intersection,Normale,Deux véhicules - frontale,,,,,,,,,,,1,1,1,1,1
200600045111,0006-08-06 20:30:00,6,8,6,20,30,560,2,,,,Plein jour,Hors agglomération,Hors intersection,Normale,Trois véhicules et plus - collisions multiples,,,,,,,,,,,1,1,1,1,5
200600045112,0006-08-08 10:45:00,6,8,8,10,45,560,212,Place de l'église,,,Plein jour,En agglomération,Hors intersection,Normale,Deux véhicules - côté,,,,,,,,,,,1,2,1,1,3
200600045113,0006-08-13 18:20:00,6,8,13,18,20,560,153,RD 1 PR3+500,,,Plein jour,Hors agglomération,Autre intersection,Normale,Deux véhicules - frontale,,,,,,,,,,,1,1,9,1,1
200600045114,0006-08-24 05:00:00,6,8,24,5,0,560,77,LE POTEAU DE KERGENTIL,,,Nuit sans éclairage public,Hors agglomération,Hors intersection,Pluie légère,Autre collision,,,,,,,,,,,3,1,1,2,6
200600045115,0006-08-14 02:45:00,6,8,14,2,45,560,254,,,,Nuit sans éclairage public,Hors agglomération,Hors intersection,Normale,Autre collision,,,,,,,,,,,3,1,1,1,6
200600045116,0006-08-27 01:00:00,6,8,27,1,0,560,255,Lieu-dit Roscouet,,,Nuit avec éclairage non allumé,Hors agglomération,Hors intersection,Normale,Deux véhicules - côté,,,,,,,,,,,4,1,1,1,3
200600045117,0006-08-16 12:45:00,6,8,16,12,45,560,185,,,,Plein jour,Hors agglomération,Intersection en X,Pluie forte,Autre collision,,,,,,,,,,,1,1,2,3,6
200600045118,0006-08-11 17:00:00,6,8,11,17,0,560,7,rue général DE GAULLE,47.683,-3.011,Plein jour,En agglomération,Hors intersection,Normale,Autre collision,,,,,,,,,,,1,2,1,1,6
200600045119,0006-08-23 18:15:00,6,8,23,18,15,560,7,RUE FOCH FACE AU N° 20,,,Plein jour,En agglomération,Hors intersection,Pluie forte,Autre collision,,,,,,,,,,,1,2,1,3,6
200600045120,0006-08-06 17:30:00,6,8,6,17,30,560,34,boulevard de la plage,,,Plein jour,En agglomération,Hors intersection,Normale,Sans collision,,,,,,,,,,,1,2,1,1,7
200600045121,0006-08-11 03:30:00,6,8,11,3,30,560,34,3 avenue de Talleyrand,47.577,-3.077,Nuit avec éclairage allumé,En agglomération,Hors intersection,Normale,Autre collision,,,,,,,,,,,5,2,1,1,6
200600045122,0006-08-12 13:15:00,6,8,12,13,15,560,34,R Point Salines / St Col,47.583,-3.081,Plein jour,En agglomération,Giratoire,Normale,Deux véhicules - côté,,,,,,,,,,,1,2,6,1,3
200600045123,0006-08-26 22:00:00,6,8,26,22,0,560,186,rue René Cassin,,,Nuit avec éclairage allumé,En agglomération,Hors intersection,Normale,Autre collision,,,,,,,,,,,5,2,1,1,6
200600045124,0006-08-06 04:30:00,6,8,6,4,30,560,166,rue creiz er prat,,,Nuit sans éclairage public,En agglomération,Hors intersection,Normale,Autre collision,,,,,,,,,,,3,2,1,1,6
200600045125,0006-08-27 19:30:00,6,8,27,19,30,560,166,,,,Plein jour,Hors agglomération,Hors intersection,Normale,Deux véhicules - frontale,,,,,,,,,,,1,1,1,1,1
200600045126,0006-08-11 18:00:00,6,8,11,18,0,560,165,Bois Vert rue F. Forest,,,Plein jour,En agglomération,Hors intersection,Normale,Deux véhicules - frontale,,,,,,,,,,,1,2,1,1,1
200600045127,0006-08-26 00:45:00,6,8,26,0,45,560,165,,,,Nuit sans éclairage public,Hors agglomération,Hors intersection,Normale,Autre collision,,,,,,,,,,,3,1,1,1,6
200600045128,0006-08-27 20:45:00,6,8,27,20,45,560,230,Rue des villes de bas,,,Crépuscule ou aube,En agglomération,Intersection en T,Normale,Deux véhicules - côté,,,,,,,,,,,2,2,3,1,3
200600045129,0006-08-15 05:30:00,6,8,15,5,30,560,204,,,,Nuit sans éclairage public,Hors agglomération,Hors intersection,Normale,Deux véhicules - frontale,,,,,,,,,,,3,1,1,1,1
200600045130,0006-08-28 14:45:00,6,8,28,14,45,560,68,,48.01,-2.486,Plein jour,Hors agglomération,Hors intersection,Normale,Sans collision,,,,,,,,,,,1,1,1,1,7
200600045131,0006-08-27 09:45:00,6,8,27,9,45,560,79,ieu dit le point du jour,,,Plein jour,Hors agglomération,Hors intersection,Normale,Autre collision,,,,,,,,,,,1,1,1,1,6
200600045132,0006-08-01 16:45:00,6,8,1,16,45,140,738,,49.161,-0.456,Plein jour,En agglomération,Autre intersection,Normale,Deux véhicules - frontale,,,,,,,,,,,1,2,9,1,1
200600045133,0006-08-04 12:40:00,6,8,4,12,40,140,274,RUE DU BOIS DE L ISLE,,,Plein jour,En agglomération,Intersection en T,Normale,Deux véhicules - côté,,,,,,,,,,,1,2,3,1,3
200600045134,0006-08-23 13:15:00,6,8,23,13,15,140,738,,49.168,-0.473,Plein jour,Hors agglomération,Hors intersection,Normale,Deux véhicules - arrière,,,,,,,,,,,1,1,1,1,2
200600045135,0006-08-26 19:00:00,6,8,26,19,0,140,123,rue de creully,49.242,-0.449,Plein jour,En agglomération,Hors intersection,Normale,Autre collision,,,,,,,,,,,1,2,1,1,6
200600045136,0006-08-30 13:30:00,6,8,30,13,30,140,610,,49.187,-0.487,Plein jour,Hors agglomération,Hors intersection,Normale,Deux véhicules - frontale,,,,,,,,,,,1,1,1,1,1
200600045137,0006-08-19 18:15:00,6,8,19,18,15,140,100,RD 132,49.045,-0.32,Plein jour,En agglomération,Hors intersection,Normale,Deux véhicules - frontale,,,,,,,,,,,1,2,1,1,1
200600045138,0006-08-08 12:15:00,6,8,8,12,15,140,488,Quai Charcot,,,Plein jour,En agglomération,Hors intersection,Normale,Deux véhicules - frontale,,,,,,,,,,,1,2,1,1,1
200600045139,0006-08-01 12:45:00,6,8,1,12,45,140,46,,49.248,-0.184,Plein jour,Hors agglomération,Hors intersection,Normale,Autre collision,,,,,,,,,,,1,1,1,1,6
200600045140,0006-08-13 21:00:00,6,8,13,21,0,140,445,,,,Plein jour,Hors agglomération,Hors intersection,Normale,Sans collision,,,,,,,,,,,1,1,1,1,7
200600045141,0006-08-01 17:45:00,6,8,1,17,45,140,162,,48.912,-0.484,Plein jour,Hors agglomération,Hors intersection,Normale,Deux véhicules - côté,,,,,,,,,,,1,1,1,1,3
200600045142,0006-08-14 00:30:00,6,8,14,0,30,140,284,,,,Nuit sans éclairage public,Hors agglomération,Hors intersection,Temps couvert,Autre collision,,,,,,,,,,,3,1,1,8,6
200600045143,0006-08-22 19:30:00,6,8,22,19,30,140,226,Pk 15+500,48.957,-0.409,Crépuscule ou aube,Hors agglomération,Hors intersection,Normale,Sans collision,,,,,,,,,,,2,1,1,1,7
200600045144,0006-08-26 20:30:00,6,8,26,20,30,140,284,,48.86,-0.261,Crépuscule ou aube,Hors agglomération,Hors intersection,Normale,Autre collision,,,,,,,,,,,2,1,1,1,6
200600045145,0006-08-28 17:30:00,6,8,28,17,30,140,656,ROUTE DE CONDE,48.941,-0.506,Plein jour,En agglomération,Hors intersection,Normale,Autre collision,,,,,,,,,,,1,2,1,1,6
200600045146,0006-08-21 14:15:00,6,8,21,14,15,140,431,RUE VICTOR hUGO,,,Plein jour,En agglomération,Hors intersection,Normale,Autre collision,,,,,,,,,,,1,2,1,1,6
200600045147,0006-08-23 12:15:00,6,8,23,12,15,140,616,,,,Plein jour,Hors agglomération,Hors intersection,Normale,Deux véhicules - côté,,,,,,,,,,,1,1,1,1,3
200600045148,0006-08-24 18:30:00,6,8,24,18,30,140,460,Le Manoir St Laurent,49.19,0.3,Plein jour,Hors agglomération,Intersection en T,Normale,Deux véhicules - côté,,,,,,,,,,,1,1,3,1,3