accident_id,datetime,annee,mois,jour,heure,minute,departement,commune_insee,adresse,latitude,longitude,luminosite,agglomeration,intersection,meteo,collision,nb_vehicules,nb_usagers,nb_indemnes,nb_tues,nb_blesses_hosp,nb_blesses_legers,age_cond_1,age_cond_2,veh_type_cond_1,veh_type_cond_2,lum_code,agg_code,int_code,atm_code,col_code
200600045149,0006-08-20 11:00:00,6,8,20,11,0,140,593,,49.276,0.168,Plein jour,Hors agglomération,Hors intersection,Pluie légère,Deux véhicules - côté,,,,,,,,,,,1,1,1,2,3
200600045150,0006-08-22 14:15:00,6,8,22,14,15,140,302,chemin du quai au coq,,,Plein jour,Hors agglomération,Place,Normale,Deux véhicules - frontale,,,,,,,,,,,1,1,7,1,1
200600045151,0006-08-04 19:00:00,6,8,4,19,0,140,723,chemin de la vierge,,,Plein jour,Hors agglomération,Hors intersection,Normale,Deux véhicules - frontale,,,,,,,,,,,1,1,1,1,1
200600045152,0006-08-04 10:45:00,6,8,4,10,45,140,347,,49.041,-0.729,Plein jour,Hors agglomération,Hors intersection,Normale,Deux véhicules - frontale,,,,,,,,,,,1,1,1,1,1
200600045153,0006-08-11 15:15:00,6,8,11,15,15,140,174,rue jules germain,,,Plein jour,En agglomération,Hors intersection,Normale,Deux véhicules - côté,,,,,,,,,,,1,2,1,1,3
200600045154,0006-08-19 05:30:00,6,8,19,5,30,140,84,,49.017,-0.623,Nuit sans éclairage public,Hors agglomération,Hors intersection,Normale,Autre collision,,,,,,,,,,,3,1,1,1,6
200600045155,0006-08-22 19:45:00,6,8,22,19,45,140,746,La Jouberie,48.844,-0.796,Plein jour,En agglomération,Hors intersection,Normale,Autre collision,,,,,,,,,,,1,2,1,1,6
200600045156,0006-08-26 15:30:00,6,8,26,15,30,140,726,C.D 108,,,Plein jour,En agglomération,Hors intersection,Normale,Autre collision,,,,,,,,,,,1,2,1,1,6
200600045157,0006-08-07 13:00:00,6,8,7,13,0,500,313,,49.027,-1.145,Plein jour,Hors agglomération,Hors intersection,Normale,Deux véhicules - frontale,,,,,,,,,,,1,1,1,1,1
200600045158,0006-08-31 11:30:00,6,8,31,11,30,500,180,,,,Plein jour,Hors agglomération,Hors intersection,Normale,Deux véhicules - côté,,,,,,,,,,,1,1,1,1,3
200600045159,0006-08-13 14:00:00,6,8,13,14,0,500,139,,,,Plein jour,Hors agglomération,Autre intersection,Normale,Deux véhicules - côté,,,,,,,,,,,1,1,9,1,3
200600045160,0006-08-21 19:00:00,6,8,21,19,0,500,139,,,,Plein jour,Hors agglomération,Hors intersection,Pluie légère,Deux véhicules - frontale,,,,,,,,,,,1,1,1,2,1
200600045161,0006-08-07 20:15:00,6,8,7,20,15,500,554,,,,Plein jour,Hors agglomération,Intersection en X,Normale,Trois véhicules et plus - collisions multiples,,,,,,,,,,,1,1,2,1,5
200600045162,0006-08-18 18:15:00,6,8,18,18,15,500,554,,48.685,-1.32,Plein jour,Hors agglomération,Hors intersection,Normale,Deux véhicules - frontale,,,,,,,,,,,1,1,1,1,1
200600045163,0006-08-18 23:45:00,6,8,18,23,45,500,386,RUE GENERAL LECLERC,49.703,-1.843,Nuit sans éclairage public,En agglomération,Hors intersection,Temps couvert,Autre collision,,,,,,,,,,,3,2,1,8,6
200600045164,0006-08-12 14:45:00,6,8,12,14,45,500,238,La Grande Mare - CD 37,,,Plein jour,Hors agglomération,Hors intersection,Normale,Deux véhicules - côté,,,,,,,,,,,1,1,1,1,3
200600045165,0006-08-15 11:45:00,6,8,15,11,45,500,31,,,,Plein jour,Hors agglomération,Hors intersection,Normale,Sans collision,,,,,,,,,,,1,1,1,1,7
200600045166,0006-08-28 18:00:00,6,8,28,18,0,500,31,rue de Verdun,,,Plein jour,En agglomération,Hors intersection,Normale,Autre collision,,,,,,,,,,,1,2,1,1,6
200600045167,0006-08-15 20:30:00,6,8,15,20,30,500,636,,,,Plein jour,Hors agglomération,Hors intersection,Normale,Deux véhicules - frontale,,,,,,,,,,,1,1,1,1,1
200600045168,0006-08-23 22:30:00,6,8,23,22,30,500,486,,,,Nuit sans éclairage public,Hors agglomération,Hors intersection,Pluie forte,Autre collision,,,,,,,,,,,3,1,1,3,6
200600045169,0006-08-06 02:00:00,6,8,6,2,0,500,588,,,,Nuit sans éclairage public,Hors agglomération,Hors intersection,Normale,Deux véhicules - côté,,,,,,,,,,,3,1,1,1,3
200600045170,0006-08-28 10:15:00,6,8,28,10,15,500,633,,,,Plein jour,Hors agglomération,Hors intersection,Pluie légère,Deux véhicules - frontale,,,,,,,,,,,1,1,1,2,1
200600045171,0006-08-02 15:00:00,6,8,2,15,0,500,449,,49.165,-1.386,Plein jour,Hors agglomération,Hors intersection,Normale,Deux véhicules - côté,,,,,,,,,,,1,1,1,1,3
200600045172,0006-08-02 12:15:00,6,8,2,12,15,500,58,,,,Plein jour,Hors agglomération,Intersection en X,Normale,Deux véhicules - côté,,,,,,,,,,,1,1,2,1,3
200600045173,0006-08-11 01:45:00,6,8,11,1,45,500,3,,,,Plein jour,Hors agglomération,Hors intersection,Normale,Autre collision,,,,,,,,,,,1,1,1,1,6
200600045174,0006-08-20 14:15:00,6,8,20,14,15,500,378,carrefour D27/D51,48.98,-1.24,Plein jour,Hors agglomération,Intersection en X,Normale,Deux véhicules - côté,,,,,,,,,,,1,1,2,1,3
200600045175,0006-08-20 18:30:00,6,8,20,18,30,500,583,,,,Plein jour,Hors agglomération,Hors intersection,Normale,Deux véhicules - frontale,,,,,,,,,,,1,1,1,1,1
200600045176,0006-08-09 11:30:00,6,8,9,11,30,500,372,,49.317,-1.539,Plein jour,Hors agglomération,Hors intersection,Normale,Deux véhicules - frontale,,,,,,,,,,,1,1,1,1,1
200600045177,0006-08-11 15:45:00,6,8,11,15,45,500,63,le Bourg,49.305,-1.576,Plein jour,En agglomération,Hors intersection,Normale,Deux véhicules - côté,,,,,,,,,,,1,2,1,1,3
200600045178,0006-08-30 16:30:00,6,8,30,16,30,500,78,,49.255,-1.634,Plein jour,Hors agglomération,Hors intersection,Normale,Deux véhicules - frontale,,,,,,,,,,,1,1,1,1,1
200600045179,0006-08-04 09:45:00,6,8,4,9,45,500,359,,48.64,-0.94,Plein jour,Hors agglomération,Hors intersection,Normale,Sans collision,,,,,,,,,,,1,1,1,1,7
200600045180,0006-08-11 08:45:00,6,8,11,8,45,500,381,""" Les Perruches """,48.6,-0.96,Plein jour,Hors agglomération,Hors intersection,Normale,Sans collision,,,,,,,,,,,1,1,1,1,7
200600045181,0006-08-16 19:00:00,6,8,16,19,0,500,462,eu-dit ''La Ramardière'',48.57,-0.77,Plein jour,Hors agglomération,Hors intersection,Temps couvert,Deux véhicules - frontale,,,,,,,,,,,1,1,1,8,1
200600045182,0006-08-07 11:00:00,6,8,7,11,0,500,391,,,,Plein jour,Hors agglomération,Hors intersection,Normale,Deux véhicules - côté,,,,,,,,,,,1,1,1,1,3
200600045183,0006-08-17 10:30:00,6,8,17,10,30,500,274,,,,Plein jour,Hors agglomération,Hors intersection,Normale,Autre collision,,,,,,,,,,,1,1,1,1,6
200600045184,0006-08-23 18:15:00,6,8,23,18,15,610,104,,,,Plein jour,Hors agglomération,Hors intersection,Normale,Deux véhicules - frontale,,,,,,,,,,,1,1,1,1,1
200600045185,0006-08-30 21:45:00,6,8,30,21,45,610,15,lieu dit monthioux,,,Nuit sans éclairage public,Hors agglomération,Hors intersection,Normale,Deux véhicules - frontale,,,,,,,,,,,3,1,1,1,1
200600045186,0006-08-01 15:00:00,6,8,1,15,0,610,472,,48.769,-0.003,Plein jour,Hors agglomération,Hors intersection,Normale,Autre collision,,,,,,,,,,,1,1,1,1,6
200600045187,0006-08-20 18:30:00,6,8,20,18,30,610,485,le manoir,,,Plein jour,Hors agglomération,Hors intersection,Normale,Deux véhicules - frontale,,,,,,,,,,,1,1,1,1,1
200600045188,0006-08-29 19:15:00,6,8,29,19,15,610,39,,48.626,-0.007,Plein jour,Hors agglomération,Hors intersection,Pluie légère,Sans collision,,,,,,,,,,,1,1,1,2,7
200600045189,0006-08-15 10:55:00,6,8,15,10,55,610,91,Carrabin Gaté,,,Plein jour,Hors agglomération,Hors intersection,Normale,Deux véhicules - côté,,,,,,,,,,,1,1,1,1,3
200600045190,0006-08-26 18:15:00,6,8,26,18,15,610,243,,,,Plein jour,Hors agglomération,Hors intersection,Normale,Autre collision,,,,,,,,,,,1,1,1,1,6
200600045191,0006-08-31 09:30:00,6,8,31,9,30,610,394,,48.295,0.588,Plein jour,Hors agglomération,Hors intersection,Normale,Deux véhicules - frontale,,,,,,,,,,,1,1,1,1,1
200600045192,0006-08-19 14:30:00,6,8,19,14,30,440,22,,47.05,-1.151,Plein jour,Hors agglomération,Passage à niveau,Normale,Deux véhicules - côté,,,,,,,,,,,1,1,8,1,3
200600045193,0006-08-24 15:30:00,6,8,24,15,30,440,100,,47.12,-1.356,Plein jour,Hors agglomération,Hors intersection,Normale,Deux véhicules - frontale,,,,,,,,,,,1,1,1,1,1
200600045194,0006-08-05 03:15:00,6,8,5,3,15,440,96,TACON,47.42,-1.251,Nuit sans éclairage public,Hors agglomération,Hors intersection,Normale,Sans collision,,,,,,,,,,,3,1,1,1,7
200600045195,0006-08-17 12:45:00,6,8,17,12,45,440,219,CD 163,,,Plein jour,Hors agglomération,Hors intersection,Normale,Deux véhicules - frontale,,,,,,,,,,,1,1,1,1,1
200600045196,0006-08-23 21:45:00,6,8,23,21,45,440,96,,47.421,-1.249,Nuit sans éclairage public,Hors agglomération,Hors intersection,Pluie légère,Sans collision,,,,,,,,,,,3,1,1,2,7
200600045197,0006-08-31 01:30:00,6,8,31,1,30,440,11,Le Coudray,,,Nuit sans éclairage public,Hors agglomération,Hors intersection,Normale,Sans collision,,,,,,,,,,,3,1,1,1,7
200600045198,0006-08-26 13:30:00,6,8,26,13,30,440,84,RUE SAINT VINCENT,,,Plein jour,En agglomération,Hors intersection,Normale,Autre collision,,,,,,,,,,,1,2,1,1,6
200600045199,0006-08-18 03:30:00,6,8,18,3,30,440,115,,47.364,-1.234,Nuit sans éclairage public,Hors agglomération,Hors intersection,Temps couvert,Autre collision,,,,,,,,,,,3,1,1,8,6
200600045200,0006-08-20 22:00:00,6,8,20,22,0,440,144,,47.551,-1.267,Nuit sans éclairage public,Hors agglomération,Hors intersection,Normale,Autre collision,,,,,,,,,,,3,1,1,1,6
200600045201,0006-08-24 01:00:00,6,8,24,1,0,440,202,,47.472,-1.316,Nuit sans éclairage public,Hors agglomération,Hors intersection,Pluie forte,Autre collision,,,,,,,,,,,3,1,1,3,6
200600045202,0006-08-26 05:45:00,6,8,26,5,45,440,82,,,,Nuit sans éclairage public,Hors agglomération,Intersection en X,Pluie légère,Trois véhicules et plus - collisions multiples,,,,,,,,,,,3,1,2,2,5
200600045203,0006-08-22 09:30:00,6,8,22,9,30,440,199,,47.732,-1.327,Plein jour,Hors agglomération,Hors intersection,Normale,Deux véhicules - frontale,,,,,,,,,,,1,1,1,1,1
200600045204,0006-08-10 19:00:00,6,8,10,19,0,440,36,,47.719,-1.356,Plein jour,Hors agglomération,Hors intersection,Normale,Deux véhicules - côté,,,,,,,,,,,1,1,1,1,3
200600045205,0006-08-16 22:45:00,6,8,16,22,45,440,199,u 28 rue du 11 novembre,,,Nuit avec éclairage allumé,En agglomération,Hors intersection,Normale,Sans collision,,,,,,,,,,,5,2,1,1,7
200600045206,0006-08-23 19:15:00,6,8,23,19,15,440,99,,47.672,-1.38,Plein jour,Hors agglomération,Intersection en X,Normale,Deux véhicules - côté,,,,,,,,,,,1,1,2,1,3
200600045207,0006-08-31 14:00:00,6,8,31,14,0,440,99,,47.637,-1.378,Plein jour,Hors agglomération,Hors intersection,Normale,Deux véhicules - frontale,,,,,,,,,,,1,1,1,1,1
200600045208,0006-08-05 12:30:00,6,8,5,12,30,440,15,,47.507,-1.773,Plein jour,Hors agglomération,Hors intersection,Normale,Autre collision,,,,,,,,,,,1,1,1,1,6
200600045209,0006-08-16 19:30:00,6,8,16,19,30,440,138,rue de la mairie,47.526,-1.618,Plein jour,En agglomération,Hors intersection,Pluie forte,Deux véhicules - frontale,,,,,,,,,,,1,2,1,3,1
200600045210,0006-08-27 05:20:00,6,8,27,5,20,440,193,15 rue de la magdeleine,,,Nuit avec éclairage allumé,En agglomération,Hors intersection,Normale,Autre collision,,,,,,,,,,,5,2,1,1,6
200600045211,0006-08-15 00:45:00,6,8,15,0,45,440,101,108 ROUTE DE BOUGUENAIS,47.19,-1.68,Nuit avec éclairage allumé,En agglomération,Hors intersection,Normale,Deux véhicules - côté,,,,,,,,,,,5,2,1,1,3
200600045212,0006-08-16 18:00:00,6,8,16,18,0,440,18,rue de NANTES,47.14,-1.69,Plein jour,En agglomération,Hors intersection,Pluie légère,Autre collision,,,,,,,,,,,1,2,1,2,6
200600045213,0006-08-23 13:00:00,6,8,23,13,0,440,131,Les Hunières,,,Plein jour,Hors agglomération,Hors intersection,Normale,Autre collision,,,,,,,,,,,1,1,1,1,6
200600045214,0006-08-23 12:15:00,6,8,23,12,15,440,131,"e marais Mainguy, CD 751",,,Plein jour,Hors agglomération,Hors intersection,Normale,Deux véhicules - frontale,,,,,,,,,,,1,1,1,1,1
200600045215,0006-08-27 23:30:00,6,8,27,23,30,440,164,,47.112,-1.858,Nuit sans éclairage public,Hors agglomération,Hors intersection,Normale,Deux véhicules - arrière,,,,,,,,,,,3,1,1,1,2
200600045216,0006-08-06 11:45:00,6,8,6,11,45,440,187,"La mouchefaite, CD 78",47.21,-2.052,Plein jour,En agglomération,Hors intersection,Normale,Sans collision,,,,,,,,,,,1,2,1,1,7
200600045217,0006-08-21 23:45:00,6,8,21,23,45,440,182,rue de la source,47.163,-2.172,Nuit avec éclairage allumé,En agglomération,Intersection en X,Normale,Deux véhicules - côté,,,,,,,,,,,5,2,2,1,3
200600045218,0006-08-23 17:15:00,6,8,23,17,15,440,187,"CD78, rue du Vivier",47.22,-2.04,Plein jour,En agglomération,Hors intersection,Normale,Deux véhicules - côté,,,,,,,,,,,1,2,1,1,3
200600045219,0006-08-24 17:30:00,6,8,24,17,30,440,187,,47.225,-2.093,Plein jour,Hors agglomération,Hors intersection,Normale,Deux véhicules - côté,,,,,,,,,,,1,1,1,1,3
200600045220,0006-08-28 13:50:00,6,8,28,13,50,440,187,La jarriais,,,Plein jour,Hors agglomération,Hors intersection,Temps couvert,Deux véhicules - côté,,,,,,,,,,,1,1,1,8,3
200600045221,0006-08-02 06:00:00,6,8,2,6,0,440,145,,47.196,-1.84,Crépuscule ou aube,Hors agglomération,Hors intersection,Normale,Autre collision,,,,,,,,,,,2,1,1,1,6
200600045222,0006-08-02 15:30:00,6,8,2,15,30,440,119,rue de l'Ebergement,46.97,-1.755,Plein jour,En agglomération,Hors intersection,Pluie légère,Deux véhicules - côté,,,,,,,,,,,1,2,1,2,3
200600045223,0006-08-04 15:30:00,6,8,4,15,30,440,69,léveno,,,Plein jour,Hors agglomération,Hors intersection,Normale,Trois véhicules et plus - collisions multiples,,,,,,,,,,,1,1,1,1,5
200600045224,0006-08-14 18:00:00,6,8,14,18,0,440,125,,,,Plein jour,Hors agglomération,Intersection en X,Normale,Deux véhicules - côté,,,,,,,,,,,1,1,2,1,3
200600045225,0006-08-27 22:00:00,6,8,27,22,0,440,175,La cochette,,,Nuit sans éclairage public,Hors agglomération,Hors intersection,Normale,Deux véhicules - frontale,,,,,,,,,,,3,1,1,1,1
200600045226,0006-08-28 12:15:00,6,8,28,12,15,440,69,,47.37,-2.379,Plein jour,En agglomération,Hors intersection,Pluie légère,Deux véhicules - frontale,,,,,,,,,,,1,2,1,2,1
200600045227,0006-08-05 15:55:00,6,8,5,15,55,440,13,Le pont de l'angle,,,Plein jour,Hors agglomération,Hors intersection,Normale,Trois véhicules et plus - collisions multiples,,,,,,,,,,,1,1,1,1,5
200600045228,0006-08-04 20:00:00,6,8,4,20,0,490,21,,47.444,-0.229,Plein jour,Hors agglomération,Intersection en X,Normale,Deux véhicules - côté,,,,,,,,,,,1,1,2,1,3
200600045229,0006-08-04 10:30:00,6,8,4,10,30,490,49,,47.464,-0.102,Plein jour,Hors agglomération,Intersection en X,Normale,Deux véhicules - côté,,,,,,,,,,,1,1,2,1,3
200600045230,0006-08-07 20:00:00,6,8,7,20,0,490,21,8 rue jean jouanneau,47.442,-0.221,Plein jour,En agglomération,Hors intersection,Normale,Sans collision,,,,,,,,,,,1,2,1,1,7
200600045231,0006-08-11 14:30:00,6,8,11,14,30,490,194,,47.456,-0.262,Plein jour,Hors agglomération,Intersection en T,Pluie légère,Trois véhicules et plus - collisions multiples,,,,,,,,,,,1,1,3,2,5
200600045232,0006-08-01 07:45:00,6,8,1,7,45,490,363,,47.34,-0.48,Plein jour,Hors agglomération,Hors intersection,Normale,Deux véhicules - frontale,,,,,,,,,,,1,1,1,1,1
200600045233,0006-08-02 20:45:00,6,8,2,20,45,490,223,,,,Plein jour,Hors agglomération,Hors intersection,Pluie légère,Deux véhicules - frontale,,,,,,,,,,,1,1,1,2,1
200600045234,0006-08-03 13:30:00,6,8,3,13,30,490,363,1 Route d'Allençon,,,Plein jour,En agglomération,Hors intersection,Normale,Deux véhicules - frontale,,,,,,,,,,,1,2,1,1,1
200600045235,0006-08-11 16:15:00,6,8,11,16,15,490,133,LES SAULAIES,,,Plein jour,Hors agglomération,Hors intersection,Normale,Deux véhicules - côté,,,,,,,,,,,1,1,1,1,3
200600045236,0006-08-22 12:20:00,6,8,22,12,20,490,223,"""Grand Claye""",,,Plein jour,Hors agglomération,Hors intersection,Normale,Deux véhicules - côté,,,,,,,,,,,1,1,1,1,3
200600045237,0006-08-27 12:30:00,6,8,27,12,30,490,120,,,,Plein jour,Hors agglomération,Hors intersection,Normale,Deux véhicules - arrière,,,,,,,,,,,1,1,1,1,2
200600045238,0006-08-25 19:15:00,6,8,25,19,15,490,129,Rond point de BEUZON,47.51,-0.504,Plein jour,Hors agglomération,Giratoire,Normale,Deux véhicules - côté,,,,,,,,,,,1,1,6,1,3
200600045239,0006-08-19 19:45:00,6,8,19,19,45,490,212,,47.384,-0.881,Plein jour,Hors agglomération,Hors intersection,Normale,Sans collision,,,,,,,,,,,1,1,1,1,7
200600045240,0006-08-22 17:15:00,6,8,22,17,15,490,76,,47.615,-0.283,Plein jour,Hors agglomération,Hors intersection,Normale,Deux véhicules - frontale,,,,,,,,,,,1,1,1,1,1
200600045241,0006-08-22 16:15:00,6,8,22,16,15,490,163,,,,Plein jour,Hors agglomération,Hors intersection,Normale,Deux véhicules - frontale,,,,,,,,,,,1,1,1,1,1
200600045242,0006-08-13 18:00:00,6,8,13,18,0,490,23,LA PROMENADE,47.201,-0.993,Plein jour,En agglomération,Hors intersection,Normale,Autre collision,,,,,,,,,,,1,2,1,1,6
200600045243,0006-08-02 08:00:00,6,8,2,8,0,490,27,"dit ""La Croix de Pierre""",,,Plein jour,En agglomération,Intersection en X,Pluie légère,Deux véhicules - côté,,,,,,,,,,,1,2,2,2,3
200600045244,0006-08-14 10:30:00,6,8,14,10,30,490,301,,,,Plein jour,Hors agglomération,Hors intersection,Normale,Deux véhicules - côté,,,,,,,,,,,1,1,1,1,3
200600045245,0006-08-22 13:15:00,6,8,22,13,15,490,27,,,,Plein jour,Hors agglomération,Hors intersection,Normale,Deux véhicules - frontale,,,,,,,,,,,1,1,1,1,1
200600045246,0006-08-25 09:00:00,6,8,25,9,0,490,263,RUE ST JOSEPH,,,Plein jour,En agglomération,Hors intersection,Normale,Deux véhicules - côté,,,,,,,,,,,1,2,1,1,3
200600045247,0006-08-02 10:15:00,6,8,2,10,15,490,276,oute du mesnil en vallée,,,Plein jour,Hors agglomération,Hors intersection,Pluie légère,Sans collision,,,,,,,,,,,1,1,1,2,7
200600045248,0006-08-02 15:00:00,6,8,2,15,0,490,137,La vignardière,,,Plein jour,Hors agglomération,Hors intersection,Pluie légère,Deux véhicules - arrière,,,,,,,,,,,1,1,1,2,2
200600045249,0006-08-05 18:00:00,6,8,5,18,0,490,126,,,,Plein jour,Hors agglomération,Hors intersection,Normale,Autre collision,,,,,,,,,,,1,1,1,1,6
200600045250,0006-08-05 15:10:00,6,8,5,15,10,490,276,route du Marillais,,,Plein jour,En agglomération,Intersection en X,Normale,Deux véhicules - côté,,,,,,,,,,,1,2,2,1,3
200600045251,0006-08-06 13:30:00,6,8,6,13,30,490,303,,47.577,-0.072,Plein jour,Hors agglomération,Hors intersection,Normale,Autre collision,,,,,,,,,,,1,1,1,1,6
200600045252,0006-08-10 19:15:00,6,8,10,19,15,490,125,rue andré malraux,47.201,-0.288,Plein jour,En agglomération,Hors intersection,Normale,Deux véhicules - frontale,,,,,,,,,,,1,2,1,1,1
200600045253,0006-08-11 11:15:00,6,8,11,11,15,490,182,,,,Plein jour,Hors agglomération,Hors intersection,Normale,Autre collision,,,,,,,,,,,1,1,1,1,6
200600045254,0006-08-10 19:45:00,6,8,10,19,45,490,374,,47.24,0.03,Plein jour,Hors agglomération,Hors intersection,Normale,Deux véhicules - frontale,,,,,,,,,,,1,1,1,1,1
200600045255,0006-08-30 12:15:00,6,8,30,12,15,490,178,,,,Plein jour,Hors agglomération,Hors intersection,Normale,Autre collision,,,,,,,,,,,1,1,1,1,6
200600045256,0006-08-27 18:00:00,6,8,27,18,0,490,183,Borne N° 16,,,Plein jour,Hors agglomération,Hors intersection,Normale,Sans collision,,,,,,,,,,,1,1,1,1,7
200600045257,0006-08-28 11:45:00,6,8,28,11,45,490,26,,47.531,-0.804,Plein jour,Hors agglomération,Hors intersection,Pluie légère,Deux véhicules - frontale,,,,,,,,,,,1,1,1,2,1
200600045258,0006-08-30 17:45:00,6,8,30,17,45,490,26,18 rue d  Angers,,,Plein jour,En agglomération,Hors intersection,Normale,Deux véhicules - côté,,,,,,,,,,,1,2,1,1,3
200600045259,0006-08-02 11:45:00,6,8,2,11,45,490,347,"eu dit ""les Cinq Routes""",,,Plein jour,Hors agglomération,Hors intersection,Pluie forte,Deux véhicules - côté,,,,,,,,,,,1,1,1,3,3
200600045260,0006-08-13 11:00:00,6,8,13,11,0,490,337,,,,Plein jour,Hors agglomération,Hors intersection,Normale,Autre collision,,,,,,,,,,,1,1,1,1,6
200600045261,0006-08-15 20:15:00,6,8,15,20,15,490,48,,,,Crépuscule ou aube,Hors agglomération,Hors intersection,Normale,Autre collision,,,,,,,,,,,2,1,1,1,6
200600045262,0006-08-23 11:00:00,6,8,23,11,0,490,96,rue du stade,,,Plein jour,En agglomération,Hors intersection,Normale,Deux véhicules - frontale,,,,,,,,,,,1,2,1,1,1
200600045263,0006-08-22 14:00:00,6,8,22,14,0,530,7,,48.107,-0.62,Plein jour,Hors agglomération,Hors intersection,Normale,Deux véhicules - frontale,,,,,,,,,,,1,1,1,1,1
200600045264,0006-08-02 12:30:00,6,8,2,12,30,530,97,BD MARECHAL JUIN,48.154,-0.413,Plein jour,En agglomération,Hors intersection,Pluie légère,Deux véhicules - côté,,,,,,,,,,,1,2,1,2,3
200600045265,0006-08-20 15:30:00,6,8,20,15,30,530,163,,48.169,-0.446,Plein jour,Hors agglomération,Hors intersection,Normale,Sans collision,,,,,,,,,,,1,1,1,1,7
200600045266,0006-08-30 21:45:00,6,8,30,21,45,530,14,Avenue Saint Aventin,47.824,-0.688,Nuit avec éclairage allumé,En agglomération,Hors intersection,Normale,Deux véhicules - côté,,,,,,,,,,,5,2,1,1,3
200600045267,0006-08-20 18:30:00,6,8,20,18,30,530,109,lieu-dit Laumur,,,Plein jour,Hors agglomération,Hors intersection,Normale,Autre collision,,,,,,,,,,,1,1,1,1,6
200600045268,0006-08-22 19:00:00,6,8,22,19,0,530,2,Lieu dit Montgiroux,,,Plein jour,Hors agglomération,Hors intersection,Normale,Sans collision,,,,,,,,,,,1,1,1,1,7
200600045269,0006-08-27 18:00:00,6,8,27,18,0,530,72,,,,Plein jour,Hors agglomération,Hors intersection,Normale,Deux véhicules - côté,,,,,,,,,,,1,1,1,1,3
200600045270,0006-08-30 18:15:00,6,8,30,18,15,530,147,RN162,48.299,-0.616,Plein jour,En agglomération,Autre intersection,Normale,Deux véhicules - côté,,,,,,,,,,,1,2,9,1,3
200600045271,0006-08-12 18:45:00,6,8,12,18,45,530,155,,48.303,-0.896,Plein jour,Hors agglomération,Hors intersection,Normale,Deux véhicules - frontale,,,,,,,,,,,1,1,1,1,1
200600045272,0006-08-28 22:30:00,6,8,28,22,30,530,115,lieu-dit l'Helbergement,,,Nuit sans éclairage public,Hors agglomération,Autre intersection,Normale,Sans collision,,,,,,,,,,,3,1,9,1,7
200600045273,0006-08-06 23:30:00,6,8,6,23,30,530,118,Monnière - PK 9 - CD 214,,,Nuit sans éclairage public,Hors agglomération,Hors intersection,Normale,Sans collision,,,,,,,,,,,3,1,1,1,7
200600045274,0006-08-21 12:45:00,6,8,21,12,45,530,190,,48.363,-0.413,Plein jour,Hors agglomération,Hors intersection,Normale,Autre collision,,,,,,,,,,,1,1,1,1,6
200600045275,0006-08-11 21:00:00,6,8,11,21,0,720,158,,48.056,0.661,Crépuscule ou aube,Hors agglomération,Hors intersection,Temps couvert,Autre collision,,,,,,,,,,,2,1,1,8,6
200600045276,0006-08-26 14:30:00,6,8,26,14,30,720,35,Rue Georges Brassens,,,Plein jour,En agglomération,Intersection en X,Temps couvert,Deux véhicules - côté,,,,,,,,,,,1,2,2,8,3
200600045277,0006-08-20 03:00:00,6,8,20,3,0,720,386,chemin des rosiers -,,,Nuit sans éclairage public,En agglomération,Hors intersection,Normale,Sans collision,,,,,,,,,,,3,2,1,1,7
200600045278,0006-08-31 21:00:00,6,8,31,21,0,720,150,,48.129,0.243,Nuit sans éclairage public,Hors agglomération,Hors intersection,Normale,Autre collision,,,,,,,,,,,3,1,1,1,6
200600045279,0006-08-13 15:30:00,6,8,13,15,30,720,45,,48.023,-0.043,Plein jour,Hors agglomération,Hors intersection,Normale,Deux véhicules - côté,,,,,,,,,,,1,1,1,1,3
200600045280,0006-08-26 14:10:00,6,8,26,14,10,720,154,Les gouries,,,Plein jour,En agglomération,Hors intersection,Normale,Deux véhicules - côté,,,,,,,,,,,1,2,1,1,3
200600045281,0006-08-30 17:30:00,6,8,30,17,30,720,154,Av rhin et danube,,,Plein jour,En agglomération,Hors intersection,Normale,Deux véhicules - côté,,,,,,,,,,,1,2,1,1,3
200600045282,0006-08-12 20:15:00,6,8,12,20,15,720,134,face au 13 rue de la for,,,Plein jour,En agglomération,Hors intersection,Normale,Autre collision,,,,,,,,,,,1,2,1,1,6
200600045283,0006-08-31 11:00:00,6,8,31,11,0,720,100,ersection des CD 8 et 35,47.799,0.01,Plein jour,Hors agglomération,Intersection en T,Normale,Deux véhicules - frontale,,,,,,,,,,,1,1,3,1,1
200600045284,0006-08-10 20:30:00,6,8,10,20,30,720,182,,47.752,0.147,Plein jour,Hors agglomération,Hors intersection,Normale,Sans collision,,,,,,,,,,,1,1,1,1,7
200600045285,0006-08-18 23:15:00,6,8,18,23,15,720,327,,,,Nuit sans éclairage public,Hors agglomération,Hors intersection,Normale,Autre collision,,,,,,,,,,,3,1,1,1,6
200600045286,0006-08-18 00:30:00,6,8,18,0,30,720,264,Rue GAMBETTA,,,Nuit avec éclairage allumé,En agglomération,Hors intersection,Normale,Autre collision,,,,,,,,,,,5,2,1,1,6