accident_id,datetime,annee,mois,jour,heure,minute,departement,commune_insee,adresse,latitude,longitude,luminosite,agglomeration,intersection,meteo,collision,nb_vehicules,nb_usagers,nb_indemnes,nb_tues,nb_blesses_hosp,nb_blesses_legers,age_cond_1,age_cond_2,veh_type_cond_1,veh_type_cond_2,lum_code,agg_code,int_code,atm_code,col_code
200600045423,0006-08-27 04:30:00,6,8,27,4,30,470,310,8 Boulevard DE LATTRE DE,44.396,0.314,Nuit avec éclairage allumé,En agglomération,Hors intersection,Normale,Autre collision,,,,,,,,,,,5,2,1,1,6
200600045424,0006-08-20 19:00:00,6,8,20,19,0,470,127,,44.365,0.449,Plein jour,Hors agglomération,Hors intersection,Normale,Sans collision,,,,,,,,,,,1,1,1,1,7
200600045425,0006-08-24 15:00:00,6,8,24,15,0,470,215,Ballassou,,,Plein jour,Hors agglomération,Hors intersection,Pluie légère,Deux véhicules - frontale,,,,,,,,,,,1,1,1,2,1
200600045426,0006-08-17 15:15:00,6,8,17,15,15,470,64,CD661,,,Plein jour,Hors agglomération,Hors intersection,Temps couvert,Deux véhicules - arrière,,,,,,,,,,,1,1,1,8,2
200600045427,0006-08-22 22:15:00,6,8,22,22,15,470,36,,,,Nuit sans éclairage public,Hors agglomération,Hors intersection,Normale,Deux véhicules - côté,,,,,,,,,,,3,1,1,1,3
200600045428,0006-08-11 08:30:00,6,8,11,8,30,640,72,CD 146,,,Plein jour,Hors agglomération,Hors intersection,Normale,Deux véhicules - frontale,,,,,,,,,,,1,1,1,1,1
200600045429,0006-08-12 10:30:00,6,8,12,10,30,640,511,,43.399,-0.378,Plein jour,Hors agglomération,Hors intersection,Normale,Deux véhicules - côté,,,,,,,,,,,1,1,1,1,3
200600045430,0006-08-11 00:45:00,6,8,11,0,45,640,216,,,,Nuit sans éclairage public,Hors agglomération,Hors intersection,Normale,Deux véhicules - frontale,,,,,,,,,,,3,1,1,1,1
200600045431,0006-08-19 18:30:00,6,8,19,18,30,640,346,CD 145/CD62,,,Plein jour,Hors agglomération,Hors intersection,Normale,Deux véhicules - côté,,,,,,,,,,,1,1,1,1,3
200600045432,0006-08-20 20:00:00,6,8,20,20,0,640,304,,,,Plein jour,Hors agglomération,Hors intersection,Normale,Autre collision,,,,,,,,,,,1,1,1,1,6
200600045433,0006-08-08 16:30:00,6,8,8,16,30,640,161,,,,Plein jour,Hors agglomération,Hors intersection,Normale,Deux véhicules - frontale,,,,,,,,,,,1,1,1,1,1
200600045434,0006-08-25 14:00:00,6,8,25,14,0,640,256,Quartier,,,Plein jour,En agglomération,Hors intersection,Pluie légère,Trois véhicules et plus - collisions multiples,,,,,,,,,,,1,2,1,2,5
200600045435,0006-08-10 18:15:00,6,8,10,18,15,640,65,CD 918,,,Plein jour,En agglomération,Hors intersection,Normale,Deux véhicules - côté,,,,,,,,,,,1,2,1,1,3
200600045436,0006-08-03 22:15:00,6,8,3,22,15,640,213,IRAZABALEKO BIDEA,,,Nuit avec éclairage allumé,En agglomération,Hors intersection,Normale,Deux véhicules - frontale,,,,,,,,,,,5,2,1,1,1
200600045437,0006-08-05 10:15:00,6,8,5,10,15,640,38,,43.452,-1.517,Plein jour,Hors agglomération,Intersection en T,Normale,Deux véhicules - côté,,,,,,,,,,,1,1,3,1,3
200600045438,0006-08-25 22:15:00,6,8,25,22,15,640,188,CD24,43.23,-0.842,Nuit sans éclairage public,Hors agglomération,Hors intersection,Normale,Sans collision,,,,,,,,,,,3,1,1,1,7
200600045439,0006-08-15 19:30:00,6,8,15,19,30,640,235,,,,Nuit sans éclairage public,Hors agglomération,Hors intersection,Pluie forte,Autre collision,,,,,,,,,,,3,1,1,3,6
200600045440,0006-08-19 14:15:00,6,8,19,14,15,640,422,,43.222,-0.626,Nuit sans éclairage public,Hors agglomération,Hors intersection,Pluie légère,Autre collision,,,,,,,,,,,3,1,1,2,6
200600045441,0006-08-07 10:45:00,6,8,7,10,45,640,320,,,,Plein jour,Hors agglomération,Hors intersection,Normale,Trois véhicules et plus - collisions multiples,,,,,,,,,,,1,1,1,1,5
200600045442,0006-08-31 14:45:00,6,8,31,14,45,640,510,,43.556,-0.709,Plein jour,Hors agglomération,Hors intersection,Normale,Deux véhicules - frontale,,,,,,,,,,,1,1,1,1,1
200600045443,0006-08-14 17:00:00,6,8,14,17,0,640,296,CD 945,,,Plein jour,Hors agglomération,Hors intersection,Normale,Deux véhicules - frontale,,,,,,,,,,,1,1,1,1,1
200600045444,0006-08-05 14:45:00,6,8,5,14,45,640,349,,,,Plein jour,Hors agglomération,Hors intersection,Normale,Deux véhicules - frontale,,,,,,,,,,,1,1,1,1,1
200600045445,0006-08-03 20:30:00,6,8,3,20,30,640,461,RN 117,,,Plein jour,En agglomération,Hors intersection,Normale,Sans collision,,,,,,,,,,,1,2,1,1,7
200600045446,0006-08-31 09:30:00,6,8,31,9,30,640,168,,,,Plein jour,Hors agglomération,Hors intersection,Temps éblouissant,Deux véhicules - arrière,,,,,,,,,,,1,1,1,7,2
200600045447,0006-08-20 06:00:00,6,8,20,6,0,860,100,,,,Crépuscule ou aube,Hors agglomération,Hors intersection,Normale,Autre collision,,,,,,,,,,,2,1,1,1,6
200600045448,0006-08-21 18:15:00,6,8,21,18,15,860,100,,,,Plein jour,Hors agglomération,Hors intersection,Pluie légère,Autre collision,,,,,,,,,,,1,1,1,2,6
200600045449,0006-08-07 14:30:00,6,8,7,14,30,860,293,,,,Plein jour,Hors agglomération,Hors intersection,Normale,Deux véhicules - frontale,,,,,,,,,,,1,1,1,1,1
200600045450,0006-08-08 13:00:00,6,8,8,13,0,860,253,,,,Plein jour,Hors agglomération,Hors intersection,Normale,Sans collision,,,,,,,,,,,1,1,1,1,7
200600045451,0006-08-08 08:45:00,6,8,8,8,45,860,53,départementale 42,,,Plein jour,Hors agglomération,Hors intersection,Normale,Deux véhicules - côté,,,,,,,,,,,1,1,1,1,3
200600045452,0006-08-04 19:00:00,6,8,4,19,0,860,217,Lieu-dit Les Penillons,,,Plein jour,En agglomération,Hors intersection,Normale,Deux véhicules - frontale,,,,,,,,,,,1,2,1,1,1
200600045453,0006-08-13 10:45:00,6,8,13,10,45,860,254,ieu-dit La maison neuve,46.348,0.875,Plein jour,Hors agglomération,Hors intersection,Normale,Autre collision,,,,,,,,,,,1,1,1,1,6
200600045454,0006-08-17 10:00:00,6,8,17,10,0,860,170,Les Bardes,46.321,0.826,Plein jour,Hors agglomération,Hors intersection,Normale,Deux véhicules - frontale,,,,,,,,,,,1,1,1,1,1
200600045455,0006-08-26 15:15:00,6,8,26,15,15,860,172,,,,Nuit sans éclairage public,Hors agglomération,Hors intersection,Normale,Autre collision,,,,,,,,,,,3,1,1,1,6
200600045456,0006-08-22 18:30:00,6,8,22,18,30,860,236,,,,Plein jour,Hors agglomération,Hors intersection,Normale,Deux véhicules - frontale,,,,,,,,,,,1,1,1,1,1
200600045457,0006-08-20 09:30:00,6,8,20,9,30,160,236,PLACE DU CHAMPS DE FOIRE,,,Plein jour,En agglomération,Hors intersection,Normale,Autre collision,,,,,,,,,,,1,2,1,1,6
200600045458,0006-08-05 00:01:00,6,8,5,0,1,160,350,Route de Montmoreau,45.319,0.249,Nuit avec éclairage non allumé,En agglomération,Hors intersection,Normale,Autre collision,,,,,,,,,,,4,2,1,1,6
200600045459,0006-08-16 03:00:00,6,8,16,3,0,160,97,Le Bourg à RICHEMONT,,,Nuit avec éclairage allumé,En agglomération,Intersection en X,Normale,Deux véhicules - côté,,,,,,,,,,,5,2,2,1,3
200600045460,0006-08-18 13:45:00,6,8,18,13,45,160,97,Bagnolet,,,Plein jour,Hors agglomération,Hors intersection,Pluie légère,Deux véhicules - frontale,,,,,,,,,,,1,1,1,2,1
200600045461,0006-08-06 05:00:00,6,8,6,5,0,160,28,ST HILAIRE DE BARBEZIEUX,45.464,-0.171,Nuit sans éclairage public,En agglomération,Hors intersection,Normale,Autre collision,,,,,,,,,,,3,2,1,1,6
200600045462,0006-08-12 01:45:00,6,8,12,1,45,160,45,CD 14,,,Nuit sans éclairage public,Hors agglomération,Hors intersection,Normale,Autre collision,,,,,,,,,,,3,1,1,1,6
200600045463,0006-08-01 07:00:00,6,8,1,7,0,160,245,"""Fontafie""",,,Plein jour,En agglomération,Hors intersection,Pluie légère,Autre collision,,,,,,,,,,,1,2,1,2,6
200600045464,0006-08-21 16:00:00,6,8,21,16,0,160,268,CD 187,45.97,0.261,Plein jour,Hors agglomération,Hors intersection,Temps couvert,Sans collision,,,,,,,,,,,1,1,1,8,7
200600045465,0006-08-28 15:15:00,6,8,28,15,15,160,78,,,,Plein jour,Hors agglomération,Hors intersection,Temps couvert,Deux véhicules - arrière,,,,,,,,,,,1,1,1,8,2
200600045466,0006-08-30 18:00:00,6,8,30,18,0,160,26,rue de la Font ST MARTIN,,,Plein jour,En agglomération,Hors intersection,Normale,Deux véhicules - frontale,,,,,,,,,,,1,2,1,1,1
200600045467,0006-08-03 22:45:00,6,8,3,22,45,160,419,Rue principale,45.818,0.077,Nuit sans éclairage public,En agglomération,Hors intersection,Normale,Autre collision,,,,,,,,,,,3,2,1,1,6
200600045468,0006-08-10 19:45:00,6,8,10,19,45,160,33,,,,Plein jour,Hors agglomération,Hors intersection,Normale,Deux véhicules - arrière,,,,,,,,,,,1,1,1,1,2
200600045469,0006-08-16 14:30:00,6,8,16,14,30,160,280,Chez Salot,,,Plein jour,En agglomération,Hors intersection,Normale,Deux véhicules - côté,,,,,,,,,,,1,2,1,1,3
200600045470,0006-08-23 20:10:00,6,8,23,20,10,160,312,route des petits champs,,,Plein jour,En agglomération,Hors intersection,Normale,Deux véhicules - arrière,,,,,,,,,,,1,2,1,1,2
200600045471,0006-08-23 20:00:00,6,8,23,20,0,170,190,,,,Plein jour,Hors agglomération,Hors intersection,Normale,Deux véhicules - frontale,,,,,,,,,,,1,1,1,1,1
200600045472,0006-08-10 23:15:00,6,8,10,23,15,170,94,e 62 bd de la Libération,,,Nuit avec éclairage allumé,Hors agglomération,Hors intersection,Normale,Deux véhicules - côté,,,,,,,,,,,5,1,1,1,3
200600045473,0006-08-12 04:15:00,6,8,12,4,15,170,194,rue du chemin vert,46.135,-1.005,Nuit avec éclairage allumé,En agglomération,Hors intersection,Normale,Autre collision,,,,,,,,,,,5,2,1,1,6
200600045474,0006-08-31 20:15:00,6,8,31,20,15,170,420,,,,Plein jour,Hors agglomération,Hors intersection,Normale,Deux véhicules - côté,,,,,,,,,,,1,1,1,1,3
200600045475,0006-08-04 14:00:00,6,8,4,14,0,170,51,Camping le Val de Loire,,,Plein jour,Hors agglomération,Autre intersection,Normale,Deux véhicules - côté,,,,,,,,,,,1,1,9,1,3
200600045476,0006-08-20 07:45:00,6,8,20,7,45,170,121,,,,Plein jour,Hors agglomération,Hors intersection,Normale,Deux véhicules - côté,,,,,,,,,,,1,1,1,1,3
200600045477,0006-08-22 21:45:00,6,8,22,21,45,170,121,,46.202,-1.414,Nuit sans éclairage public,Hors agglomération,Hors intersection,Normale,Autre collision,,,,,,,,,,,3,1,1,1,6
200600045478,0006-08-29 19:15:00,6,8,29,19,15,170,369,Quai Victor BOUTHILLIER,46.209,-1.362,Plein jour,En agglomération,Hors intersection,Temps éblouissant,Autre collision,,,,,,,,,,,1,2,1,7,6
200600045479,0006-08-06 23:30:00,6,8,6,23,30,170,351,,45.815,-1.068,Nuit sans éclairage public,Hors agglomération,Hors intersection,Normale,Deux véhicules - arrière,,,,,,,,,,,3,1,1,1,2
200600045480,0006-08-10 22:30:00,6,8,10,22,30,170,375,,45.93,-1.016,Nuit sans éclairage public,Hors agglomération,Hors intersection,Normale,Autre collision,,,,,,,,,,,3,1,1,1,6
200600045481,0006-08-06 10:15:00,6,8,6,10,15,170,337,,,,Plein jour,Hors agglomération,Intersection en X,Normale,Deux véhicules - côté,,,,,,,,,,,1,1,2,1,3
200600045482,0006-08-08 11:00:00,6,8,8,11,0,170,385,,,,Plein jour,Hors agglomération,Hors intersection,Normale,Deux véhicules - frontale,,,,,,,,,,,1,1,1,1,1
200600045483,0006-08-19 05:30:00,6,8,19,5,30,170,140,Passe de ROYAN,,,Nuit sans éclairage public,Hors agglomération,Hors intersection,Pluie légère,Autre collision,,,,,,,,,,,3,1,1,2,6
200600045484,0006-08-19 12:15:00,6,8,19,12,15,170,486,,,,Plein jour,Hors agglomération,Hors intersection,Normale,Trois véhicules et plus - collisions multiples,,,,,,,,,,,1,1,1,1,5
200600045485,0006-08-17 14:40:00,6,8,17,14,40,170,140,324 ROUTE DU TREUIL,45.911,-1.267,Plein jour,Hors agglomération,Hors intersection,Normale,Autre collision,,,,,,,,,,,1,1,1,1,6
200600045486,0006-08-26 12:30:00,6,8,26,12,30,170,385,,45.936,-1.292,Plein jour,Hors agglomération,Intersection en T,Normale,Trois véhicules et plus - collisions multiples,,,,,,,,,,,1,1,3,1,5
200600045487,0006-08-26 14:00:00,6,8,26,14,0,170,93,,,,Plein jour,Hors agglomération,Intersection en X,Normale,Deux véhicules - arrière,,,,,,,,,,,1,1,2,1,2
200600045488,0006-08-29 17:30:00,6,8,29,17,30,170,140,,,,Plein jour,Hors agglomération,Hors intersection,Normale,Deux véhicules - côté,,,,,,,,,,,1,1,1,1,3
200600045489,0006-08-06 20:45:00,6,8,6,20,45,170,225,Rond-Point des Valdotain,,,Plein jour,En agglomération,Giratoire,Normale,Deux véhicules - côté,,,,,,,,,,,1,2,6,1,3
200600045490,0006-08-08 09:45:00,6,8,8,9,45,170,155,RUE CHARLES HERVE,45.738,-1.101,Plein jour,En agglomération,Autre intersection,Normale,Autre collision,,,,,,,,,,,1,2,9,1,6
200600045491,0006-08-30 17:45:00,6,8,30,17,45,170,452,Rue Gaillardon,45.782,-1.143,Plein jour,En agglomération,Hors intersection,Normale,Deux véhicules - frontale,,,,,,,,,,,1,2,1,1,1
200600045492,0006-08-10 18:15:00,6,8,10,18,15,170,168,cd 214,,,Plein jour,En agglomération,Hors intersection,Normale,Autre collision,,,,,,,,,,,1,2,1,1,6
200600045493,0006-08-14 08:30:00,6,8,14,8,30,170,353,,45.993,-1.055,Plein jour,Hors agglomération,Hors intersection,Normale,Deux véhicules - côté,,,,,,,,,,,1,1,1,1,3
200600045494,0006-08-25 08:30:00,6,8,25,8,30,170,434,Avenue de la Libération,,,Plein jour,En agglomération,Hors intersection,Pluie légère,Deux véhicules - côté,,,,,,,,,,,1,2,1,2,3
200600045495,0006-08-31 17:15:00,6,8,31,17,15,170,434,Rue du Beurre,,,Plein jour,En agglomération,Intersection en T,Normale,Trois véhicules et plus - en chaîne,,,,,,,,,,,1,2,3,1,4
200600045496,0006-08-06 15:00:00,6,8,6,15,0,170,30,,,,Plein jour,Hors agglomération,Hors intersection,Normale,Sans collision,,,,,,,,,,,1,1,1,1,7
200600045497,0006-08-09 00:45:00,6,8,9,0,45,170,387,,,,Nuit sans éclairage public,Hors agglomération,Hors intersection,Normale,Deux véhicules - frontale,,,,,,,,,,,3,1,1,1,1
200600045498,0006-08-20 18:30:00,6,8,20,18,30,170,45,,,,Plein jour,Hors agglomération,Hors intersection,Normale,Autre collision,,,,,,,,,,,1,1,1,1,6
200600045499,0006-08-22 17:30:00,6,8,22,17,30,170,86,Lieu-dit Le Maine Allain,,,Plein jour,Hors agglomération,Hors intersection,Normale,Trois véhicules et plus - collisions multiples,,,,,,,,,,,1,1,1,1,5
200600045500,0006-08-12 03:00:00,6,8,12,3,0,170,304,,45.684,-0.497,Nuit sans éclairage public,Hors agglomération,Hors intersection,Normale,Autre collision,,,,,,,,,,,3,1,1,1,6
200600045501,0006-08-13 18:00:00,6,8,13,18,0,170,310,D129/Route de chez viaud,45.592,-0.765,Plein jour,Hors agglomération,Hors intersection,Normale,Deux véhicules - côté,,,,,,,,,,,1,1,1,1,3
200600045502,0006-08-27 23:15:00,6,8,27,23,15,170,68,Départementale 730,,,Nuit sans éclairage public,En agglomération,Hors intersection,Pluie légère,Autre collision,,,,,,,,,,,3,2,1,2,6
200600045503,0006-08-30 11:30:00,6,8,30,11,30,170,307,lieu dit les frogers,,,Plein jour,Hors agglomération,Hors intersection,Normale,Trois véhicules et plus - collisions multiples,,,,,,,,,,,1,1,1,1,5
200600045504,0006-08-25 18:00:00,6,8,25,18,0,170,277,,,,Plein jour,Hors agglomération,Autre intersection,Normale,Deux véhicules - côté,,,,,,,,,,,1,1,9,1,3
200600045505,0006-08-01 08:55:00,6,8,1,8,55,170,334,,46.052,-0.403,Plein jour,Hors agglomération,Hors intersection,Normale,Deux véhicules - frontale,,,,,,,,,,,1,1,1,1,1
200600045506,0006-08-12 07:15:00,6,8,12,7,15,790,257,26 route d'Arçais,46.273,-0.707,Plein jour,En agglomération,Hors intersection,Normale,Sans collision,,,,,,,,,,,1,2,1,1,7
200600045507,0006-08-14 21:15:00,6,8,14,21,15,790,46,cd 169 Alzom,,,Plein jour,En agglomération,Hors intersection,Normale,Deux véhicules - frontale,,,,,,,,,,,1,2,1,1,1
200600045508,0006-08-02 20:30:00,6,8,2,20,30,790,49,D35 PK3+550,,,Crépuscule ou aube,Hors agglomération,Hors intersection,Pluie légère,Autre collision,,,,,,,,,,,2,1,1,2,6
200600045509,0006-08-29 19:20:00,6,8,29,19,20,790,289,tersection RD 41 et VC 6,,,Plein jour,Hors agglomération,Intersection en X,Normale,Deux véhicules - côté,,,,,,,,,,,1,1,2,1,3
200600045510,0006-08-01 18:30:00,6,8,1,18,30,790,292,,,,Plein jour,Hors agglomération,Hors intersection,Normale,Sans collision,,,,,,,,,,,1,1,1,1,7
200600045511,0006-08-16 02:00:00,6,8,16,2,0,790,174,"ne"" CD 737  (Pk 23+650)",,,Nuit sans éclairage public,Hors agglomération,Hors intersection,Normale,Sans collision,,,,,,,,,,,3,1,1,1,7
200600045512,0006-08-06 05:45:00,6,8,6,5,45,790,172,,46.54,-0.31,Crépuscule ou aube,Hors agglomération,Hors intersection,Normale,Autre collision,,,,,,,,,,,2,1,1,1,6
200600045513,0006-08-07 22:45:00,6,8,7,22,45,790,145,,,,Nuit sans éclairage public,Hors agglomération,Hors intersection,Normale,Trois véhicules et plus - collisions multiples,,,,,,,,,,,3,1,1,1,5
200600045514,0006-08-04 00:45:00,6,8,4,0,45,790,326,CD 738 PK 7+550,,,Nuit sans éclairage public,Hors agglomération,Hors intersection,Normale,Autre collision,,,,,,,,,,,3,1,1,1,6
200600045515,0006-08-13 17:30:00,6,8,13,17,30,790,325,,,,Plein jour,Hors agglomération,Autre intersection,Normale,Sans collision,,,,,,,,,,,1,1,9,1,7
200600045516,0006-08-10 08:10:00,6,8,10,8,10,870,201,La Côte,,,Plein jour,Hors agglomération,Hors intersection,Normale,Deux véhicules - frontale,,,,,,,,,,,1,1,1,1,1
200600045517,0006-08-29 14:45:00,6,8,29,14,45,870,139,,46.17,0.957,Plein jour,Hors agglomération,Hors intersection,Pluie forte,Autre collision,,,,,,,,,,,1,1,1,3,6
200600045518,0006-08-14 18:30:00,6,8,14,18,30,870,159,,46.042,1.394,Plein jour,Hors agglomération,Hors intersection,Normale,Sans collision,,,,,,,,,,,1,1,1,1,7
200600045519,0006-08-30 06:15:00,6,8,30,6,15,870,135,,45.828,0.923,Crépuscule ou aube,Hors agglomération,Hors intersection,Brouillard / fumée,Sans collision,,,,,,,,,,,2,1,1,5,7
200600045520,0006-08-04 08:45:00,6,8,4,8,45,190,207,,45.25,1.623,Plein jour,Hors agglomération,Intersection en X,Normale,Deux véhicules - côté,,,,,,,,,,,1,1,2,1,3
200600045521,0006-08-27 06:00:00,6,8,27,6,0,190,203,Lieu dit la vaysse,,,Crépuscule ou aube,Hors agglomération,Hors intersection,Normale,Autre collision,,,,,,,,,,,2,1,1,1,6
200600045522,0006-08-09 09:05:00,6,8,9,9,5,190,10,Rond point Douvisis,,,Plein jour,En agglomération,Giratoire,Normale,Deux véhicules - côté,,,,,,,,,,,1,2,6,1,3
200600045523,0006-08-11 16:15:00,6,8,11,16,15,190,14,,,,Plein jour,Hors agglomération,Hors intersection,Normale,Autre collision,,,,,,,,,,,1,1,1,1,6
200600045524,0006-08-19 09:00:00,6,8,19,9,0,190,91,les taules,,,Plein jour,Hors agglomération,Hors intersection,Temps couvert,Deux véhicules - frontale,,,,,,,,,,,1,1,1,8,1
200600045525,0006-08-21 03:15:00,6,8,21,3,15,190,69,,,,Nuit sans éclairage public,Hors agglomération,Hors intersection,Temps couvert,Autre collision,,,,,,,,,,,3,1,1,8,6
200600045526,0006-08-26 10:45:00,6,8,26,10,45,190,192,,45.116,1.914,Plein jour,Hors agglomération,Autre intersection,Normale,Trois véhicules et plus - collisions multiples,,,,,,,,,,,1,1,9,1,5
200600045527,0006-08-13 21:00:00,6,8,13,21,0,190,176,,45.378,2.06,Nuit sans éclairage public,Hors agglomération,Hors intersection,Pluie légère,Autre collision,,,,,,,,,,,3,1,1,2,6
200600045528,0006-08-01 15:50:00,6,8,1,15,50,190,269,Avenue Léon Vacher,,,Plein jour,En agglomération,Hors intersection,Normale,Deux véhicules - côté,,,,,,,,,,,1,2,1,1,3
200600045529,0006-08-15 08:50:00,6,8,15,8,50,190,151,route de Malefarge,,,Plein jour,En agglomération,Hors intersection,Normale,Deux véhicules - frontale,,,,,,,,,,,1,2,1,1,1
200600045530,0006-08-17 06:35:00,6,8,17,6,35,190,23,CD 921  PK 18+1900,45.129,1.717,Crépuscule ou aube,Hors agglomération,Hors intersection,Pluie légère,Deux véhicules - frontale,,,,,,,,,,,2,1,1,2,1
200600045531,0006-08-21 14:45:00,6,8,21,14,45,190,23,,45.13,1.716,Plein jour,Hors agglomération,Hors intersection,Normale,Sans collision,,,,,,,,,,,1,1,1,1,7
200600045532,0006-08-22 17:30:00,6,8,22,17,30,190,278,,,,Plein jour,Hors agglomération,Passage à niveau,Normale,Deux véhicules - côté,,,,,,,,,,,1,1,8,1,3
200600045533,0006-08-06 06:00:00,6,8,6,6,0,190,285,,45.373,1.535,Crépuscule ou aube,Hors agglomération,Hors intersection,Normale,Sans collision,,,,,,,,,,,2,1,1,1,7
200600045534,0006-08-09 14:30:00,6,8,9,14,30,190,285,,45.375,1.531,Plein jour,Hors agglomération,Hors intersection,Normale,Sans collision,,,,,,,,,,,1,1,1,1,7
200600045535,0006-08-27 18:30:00,6,8,27,18,30,190,204,,45.582,2.357,Plein jour,Hors agglomération,Hors intersection,Normale,Deux véhicules - côté,,,,,,,,,,,1,1,1,1,3
200600045536,0006-08-11 16:30:00,6,8,11,16,30,230,1,Route de LIMOGES,,,Plein jour,En agglomération,Hors intersection,Normale,Deux véhicules - frontale,,,,,,,,,,,1,2,1,1,1
200600045537,0006-08-06 18:30:00,6,8,6,18,30,230,147,Le Boucher,,,Plein jour,Hors agglomération,Hors intersection,Normale,Deux véhicules - frontale,,,,,,,,,,,1,1,1,1,1
200600045538,0006-08-23 11:00:00,6,8,23,11,0,230,68,,46.133,2.123,Plein jour,Hors agglomération,Intersection en X,Normale,Deux véhicules - côté,,,,,,,,,,,1,1,2,1,3
200600045539,0006-08-16 09:00:00,6,8,16,9,0,230,105,Route de CHENERAILLES,,,Plein jour,En agglomération,Hors intersection,Temps couvert,Deux véhicules - frontale,,,,,,,,,,,1,2,1,8,1
200600045540,0006-08-24 11:00:00,6,8,24,11,0,230,224,,45.716,2.292,Plein jour,Hors agglomération,Hors intersection,Temps couvert,Deux véhicules - frontale,,,,,,,,,,,1,1,1,8,1
200600045541,0006-08-26 20:25:00,6,8,26,20,25,230,67,D29,,,Crépuscule ou aube,Hors agglomération,Hors intersection,Temps couvert,Autre collision,,,,,,,,,,,2,1,1,8,6
200600045542,0006-08-18 07:30:00,6,8,18,7,30,230,145,,46.27,2.38,Plein jour,Hors agglomération,Hors intersection,Normale,Deux véhicules - frontale,,,,,,,,,,,1,1,1,1,1
200600045543,0006-08-25 02:30:00,6,8,25,2,30,230,114,,46.19,2.35,Nuit sans éclairage public,Hors agglomération,Autre intersection,Normale,Sans collision,,,,,,,,,,,3,1,9,1,7
200600045544,0006-08-14 17:45:00,6,8,14,17,45,230,124,,46.09,1.569,Plein jour,Hors agglomération,Hors intersection,Normale,Autre collision,,,,,,,,,,,1,1,1,1,6
200600045545,0006-08-07 18:15:00,6,8,7,18,15,230,227,,45.932,1.839,Plein jour,Hors agglomération,Hors intersection,Normale,Sans collision,,,,,,,,,,,1,1,1,1,7
200600045546,0006-08-24 23:30:00,6,8,24,23,30,310,79,RUE FONTANAS,,,Nuit avec éclairage allumé,En agglomération,Hors intersection,Normale,Deux véhicules - côté,,,,,,,,,,,5,2,1,1,3
200600045547,0006-08-25 21:00:00,6,8,25,21,0,310,587,,,,Plein jour,Hors agglomération,Hors intersection,Normale,Deux véhicules - frontale,,,,,,,,,,,1,1,1,1,1
200600045548,0006-08-31 16:00:00,6,8,31,16,0,310,232,,43.776,1.293,Plein jour,En agglomération,Hors intersection,Normale,Deux véhicules - côté,,,,,,,,,,,1,2,1,1,3
200600045549,0006-08-21 16:00:00,6,8,21,16,0,310,291,,,,Plein jour,En agglomération,Hors intersection,Normale,Deux véhicules - arrière,,,,,,,,,,,1,2,1,1,2
200600045550,0006-08-25 11:45:00,6,8,25,11,45,310,417,,,,Plein jour,Hors agglomération,Hors intersection,Pluie forte,Autre collision,,,,,,,,,,,1,1,1,3,6
200600045551,0006-08-26 21:00:00,6,8,26,21,0,310,297,CD 24,43.663,1.21,Nuit sans éclairage public,Hors agglomération,Hors intersection,Normale,Deux véhicules - frontale,,,,,,,,,,,3,1,1,1,1
200600045552,0006-08-14 08:15:00,6,8,14,8,15,310,433,,43.52,1.419,Plein jour,Hors agglomération,Intersection en T,Normale,Deux véhicules - côté,,,,,,,,,,,1,1,3,1,3
200600045553,0006-08-25 13:30:00,6,8,25,13,30,310,293,Rte de GAGNAC - Rue RIQU,43.709,1.384,Plein jour,En agglomération,Hors intersection,Pluie légère,Autre collision,,,,,,,,,,,1,2,1,2,6
200600045554,0006-08-02 11:15:00,6,8,2,11,15,310,52,,43.37,1.33,Plein jour,Hors agglomération,Hors intersection,Normale,Sans collision,,,,,,,,,,,1,1,1,1,7
200600045555,0006-08-14 12:15:00,6,8,14,12,15,310,33,,43.35,1.43,Plein jour,Hors agglomération,Hors intersection,Normale,Sans collision,,,,,,,,,,,1,1,1,1,7
200600045556,0006-08-13 21:30:00,6,8,13,21,30,310,33,,43.34,1.47,Nuit sans éclairage public,Hors agglomération,Hors intersection,Normale,Deux véhicules - frontale,,,,,,,,,,,3,1,1,1,1
200600045557,0006-08-12 10:00:00,6,8,12,10,0,310,84,,43.178,0.965,Plein jour,Hors agglomération,Hors intersection,Normale,Trois véhicules et plus - collisions multiples,,,,,,,,,,,1,1,1,1,5
200600045558,0006-08-04 19:30:00,6,8,4,19,30,310,499,route de toulouse,43.521,1.181,Plein jour,En agglomération,Hors intersection,Normale,Deux véhicules - arrière,,,,,,,,,,,1,2,1,1,2
200600045559,0006-08-21 12:30:00,6,8,21,12,30,310,75,oute de l'ISLE JOURDAIN,,,Plein jour,Hors agglomération,Hors intersection,Normale,Deux véhicules - côté,,,,,,,,,,,1,1,1,1,3
200600045560,0006-08-15 17:45:00,6,8,15,17,45,310,255,,43.04,0.6,Plein jour,Hors agglomération,Intersection en X,Temps couvert,Trois véhicules et plus - collisions multiples,,,,,,,,,,,1,1,2,8,5