accident_id,datetime,annee,mois,jour,heure,minute,departement,commune_insee,adresse,latitude,longitude,luminosite,agglomeration,intersection,meteo,collision,nb_vehicules,nb_usagers,nb_indemnes,nb_tues,nb_blesses_hosp,nb_blesses_legers,age_cond_1,age_cond_2,veh_type_cond_1,veh_type_cond_2,lum_code,agg_code,int_code,atm_code,col_code
200600045835,0006-08-23 09:00:00,6,8,23,9,0,730,34,,45.657,6.58,Plein jour,Hors agglomération,Hors intersection,Normale,Deux véhicules - frontale,,,,,,,,,,,1,1,1,1,1
200600045836,0006-08-02 03:00:00,6,8,2,3,0,730,54,Avenue du stade,,,Nuit avec éclairage allumé,En agglomération,Hors intersection,Normale,Autre collision,,,,,,,,,,,5,2,1,1,6
200600045837,0006-08-24 18:15:00,6,8,24,18,15,730,232,,,,Plein jour,Hors agglomération,Hors intersection,Temps éblouissant,Sans collision,,,,,,,,,,,1,1,1,7,7
200600045838,0006-08-19 12:00:00,6,8,19,12,0,730,47,CD 902,,,Plein jour,Hors agglomération,Hors intersection,Normale,Sans collision,,,,,,,,,,,1,1,1,1,7
200600045839,0006-08-30 20:20:00,6,8,30,20,20,730,144,rue st roch,,,Crépuscule ou aube,En agglomération,Hors intersection,Normale,Deux véhicules - frontale,,,,,,,,,,,2,2,1,1,1
200600045840,0006-08-05 10:15:00,6,8,5,10,15,740,217,,45.96,6.127,Plein jour,Hors agglomération,Hors intersection,Normale,Trois véhicules et plus - collisions multiples,,,,,,,,,,,1,1,1,1,5
200600045841,0006-08-10 09:20:00,6,8,10,9,20,740,267,rn508,,,Plein jour,En agglomération,Hors intersection,Normale,Autre collision,,,,,,,,,,,1,2,1,1,6
200600045842,0006-08-18 20:15:00,6,8,18,20,15,740,267,camping du panoramic,,,Crépuscule ou aube,En agglomération,Hors intersection,Normale,Deux véhicules - côté,,,,,,,,,,,2,2,1,1,3
200600045843,0006-08-21 21:45:00,6,8,21,21,45,740,234,lieu dit le chenay,,,Nuit sans éclairage public,Hors agglomération,Hors intersection,Temps couvert,Deux véhicules - côté,,,,,,,,,,,3,1,1,8,3
200600045844,0006-08-23 17:20:00,6,8,23,17,20,740,84,route de la vagère,,,Plein jour,En agglomération,Hors intersection,Normale,Deux véhicules - arrière,,,,,,,,,,,1,2,1,1,2
200600045845,0006-08-20 23:30:00,6,8,20,23,30,740,267,ROUTE D'ALBERTVILLE,,,Nuit avec éclairage allumé,En agglomération,Hors intersection,Normale,Trois véhicules et plus - collisions multiples,,,,,,,,,,,5,2,1,1,5
200600045846,0006-08-20 06:30:00,6,8,20,6,30,740,2,lieu dit Le Chêne,,,Crépuscule ou aube,Hors agglomération,Hors intersection,Temps couvert,Autre collision,,,,,,,,,,,2,1,1,8,6
200600045847,0006-08-20 01:30:00,6,8,20,1,30,740,83,,45.901,6.64,Nuit sans éclairage public,Hors agglomération,Hors intersection,Pluie légère,Deux véhicules - frontale,,,,,,,,,,,3,1,1,2,1
200600045848,0006-08-31 19:15:00,6,8,31,19,15,740,173,ALBERVILLEà SALLANCHES,,,Plein jour,En agglomération,Hors intersection,Normale,Deux véhicules - arrière,,,,,,,,,,,1,2,1,1,2
200600045849,0006-08-10 18:25:00,6,8,10,18,25,740,116,RN 203 - PK 22+600,,,Plein jour,Hors agglomération,Intersection en X,Temps éblouissant,Deux véhicules - frontale,,,,,,,,,,,1,1,2,7,1
200600045850,0006-08-13 18:15:00,6,8,13,18,15,740,44,RN 206 PR 23.75,,,Plein jour,Hors agglomération,Hors intersection,Pluie légère,Deux véhicules - frontale,,,,,,,,,,,1,1,1,2,1
200600045851,0006-08-17 06:50:00,6,8,17,6,50,740,44,RN206,,,Crépuscule ou aube,Hors agglomération,Autre intersection,Pluie légère,Trois véhicules et plus - collisions multiples,,,,,,,,,,,2,1,9,2,5
200600045852,0006-08-23 17:00:00,6,8,23,17,0,740,31,,46.108,6.1,Plein jour,Hors agglomération,Intersection en T,Normale,Deux véhicules - côté,,,,,,,,,,,1,1,3,1,3
200600045853,0006-08-01 13:00:00,6,8,1,13,0,740,94,,46.193,6.295,Plein jour,Hors agglomération,Hors intersection,Temps couvert,Deux véhicules - frontale,,,,,,,,,,,1,1,1,8,1
200600045854,0006-08-11 09:15:00,6,8,11,9,15,740,128,,,,Plein jour,Hors agglomération,Intersection en T,Normale,Deux véhicules - côté,,,,,,,,,,,1,1,3,1,3
200600045855,0006-08-28 17:00:00,6,8,28,17,0,740,94,RTE DES TATTES DE BORLY,46.187,6.274,Plein jour,En agglomération,Hors intersection,Pluie légère,Deux véhicules - côté,,,,,,,,,,,1,2,1,2,3
200600045856,0006-08-01 18:10:00,6,8,1,18,10,740,6,t Les Ponts de la Caille,,,Plein jour,Hors agglomération,Hors intersection,Normale,Deux véhicules - frontale,,,,,,,,,,,1,1,1,1,1
200600045857,0006-08-07 08:00:00,6,8,7,8,0,740,309,150 route de FRANGY,46.122,6.037,Plein jour,En agglomération,Hors intersection,Normale,Deux véhicules - frontale,,,,,,,,,,,1,2,1,1,1
200600045858,0006-08-13 07:15:00,6,8,13,7,15,740,171,RN 5  route de Thonon,46.326,6.342,Plein jour,En agglomération,Hors intersection,Pluie légère,Trois véhicules et plus - collisions multiples,,,,,,,,,,,1,2,1,2,5
200600045859,0006-08-19 11:00:00,6,8,19,11,0,740,105,eu-dit les grandes caves,46.299,6.311,Plein jour,Hors agglomération,Hors intersection,Normale,Autre collision,,,,,,,,,,,1,1,1,1,6
200600045860,0006-08-26 19:15:00,6,8,26,19,15,740,73,,,,Plein jour,Hors agglomération,Hors intersection,Normale,Autre collision,,,,,,,,,,,1,1,1,1,6
200600045861,0006-08-23 12:00:00,6,8,23,12,0,740,37,,,,Plein jour,Hors agglomération,Hors intersection,Normale,Deux véhicules - frontale,,,,,,,,,,,1,1,1,1,1
200600045862,0006-08-28 09:00:00,6,8,28,9,0,740,155,CHEF LIEU,,,Plein jour,En agglomération,Hors intersection,Normale,Autre collision,,,,,,,,,,,1,2,1,1,6
200600045863,0006-08-04 18:20:00,6,8,4,18,20,740,140,lieu-dit le merizier,,,Plein jour,Hors agglomération,Hors intersection,Normale,Sans collision,,,,,,,,,,,1,1,1,1,7
200600045864,0006-08-02 10:45:00,6,8,2,10,45,740,127,CD 902,46.355,6.533,Plein jour,Hors agglomération,Hors intersection,Normale,Trois véhicules et plus - en chaîne,,,,,,,,,,,1,1,1,1,4
200600045865,0006-08-04 21:30:00,6,8,4,21,30,740,249,chez Bochet,46.359,6.655,Nuit sans éclairage public,Hors agglomération,Hors intersection,Pluie légère,Sans collision,,,,,,,,,,,3,1,1,2,7
200600045866,0006-08-18 18:00:00,6,8,18,18,0,740,154,le 129 route nationale,,,Plein jour,Hors agglomération,Hors intersection,Normale,Sans collision,,,,,,,,,,,1,1,1,1,7
200600045867,0006-08-23 23:15:00,6,8,23,23,15,740,175,Locum,46.406,6.756,Nuit sans éclairage public,En agglomération,Hors intersection,Normale,Autre collision,,,,,,,,,,,3,2,1,1,6
200600045868,0006-08-26 18:30:00,6,8,26,18,30,740,127,CD 22 PK + 625,,,Crépuscule ou aube,Hors agglomération,Hors intersection,Pluie légère,Autre collision,,,,,,,,,,,2,1,1,2,6
200600045869,0006-08-04 18:10:00,6,8,4,18,10,740,191,"s Gets, D 902, pk 34.400",,,Plein jour,Hors agglomération,Hors intersection,Pluie forte,Deux véhicules - frontale,,,,,,,,,,,1,1,1,3,1
200600045870,0006-08-15 23:15:00,6,8,15,23,15,630,263,,45.782,3.018,Nuit sans éclairage public,Hors agglomération,Intersection en X,Pluie légère,Deux véhicules - côté,,,,,,,,,,,3,1,2,2,3
200600045871,0006-08-02 13:30:00,6,8,2,13,30,630,351,,45.731,2.531,Plein jour,Hors agglomération,Hors intersection,Normale,Deux véhicules - frontale,,,,,,,,,,,1,1,1,1,1
200600045872,0006-08-05 18:10:00,6,8,5,18,10,630,457,boulevard jeu de paume,45.647,3.245,Plein jour,En agglomération,Hors intersection,Normale,Deux véhicules - côté,,,,,,,,,,,1,2,1,1,3
200600045873,0006-08-13 02:45:00,6,8,13,2,45,630,26,RN 89 lieu dit RANDANNE,45.689,2.94,Nuit sans éclairage public,Hors agglomération,Hors intersection,Vent fort / tempête,Autre collision,,,,,,,,,,,3,1,1,6,6
200600045874,0006-08-24 11:15:00,6,8,24,11,15,630,394,,45.49,3.912,Plein jour,Hors agglomération,Hors intersection,Normale,Autre collision,,,,,,,,,,,1,1,1,1,6
200600045875,0006-08-30 18:00:00,6,8,30,18,0,630,158,CD 56v - P.K. 22-600,,,Plein jour,Hors agglomération,Hors intersection,Normale,Autre collision,,,,,,,,,,,1,1,1,1,6
200600045876,0006-08-20 18:30:00,6,8,20,18,30,630,380,CD 996,,,Plein jour,Hors agglomération,Hors intersection,Normale,Autre collision,,,,,,,,,,,1,1,1,1,6
200600045877,0006-08-28 06:45:00,6,8,28,6,45,630,422,route d' ANTOINGT,,,Plein jour,Hors agglomération,Hors intersection,Normale,Sans collision,,,,,,,,,,,1,1,1,1,7
200600045878,0006-08-02 14:30:00,6,8,2,14,30,630,38,,,,Plein jour,Hors agglomération,Hors intersection,Pluie légère,Deux véhicules - côté,,,,,,,,,,,1,1,1,2,3
200600045879,0006-08-11 18:45:00,6,8,11,18,45,630,38,( route du sanctuaire ),,,Plein jour,En agglomération,Hors intersection,Pluie légère,Deux véhicules - côté,,,,,,,,,,,1,2,1,2,3
200600045880,0006-08-22 16:30:00,6,8,22,16,30,630,22,,,,Plein jour,En agglomération,Intersection en T,Normale,Deux véhicules - côté,,,,,,,,,,,1,2,3,1,3
200600045881,0006-08-03 00:45:00,6,8,3,0,45,630,242,Route de CHARBONNIER,,,Nuit avec éclairage allumé,En agglomération,Hors intersection,Pluie légère,Deux véhicules - frontale,,,,,,,,,,,5,2,1,2,1
200600045882,0006-08-10 19:50:00,6,8,10,19,50,630,470,Sud du lieu-dit LUZET -,45.868,3.017,Plein jour,Hors agglomération,Hors intersection,Normale,Deux véhicules - côté,,,,,,,,,,,1,1,1,1,3
200600045883,0006-08-23 21:15:00,6,8,23,21,15,630,68,,45.951,3.14,Nuit avec éclairage allumé,En agglomération,Hors intersection,Normale,Deux véhicules - frontale,,,,,,,,,,,5,2,1,1,1
200600045884,0006-08-02 16:15:00,6,8,2,16,15,630,295,,46.016,3.357,Plein jour,Hors agglomération,Hors intersection,Normale,Deux véhicules - frontale,,,,,,,,,,,1,1,1,1,1
200600045885,0006-08-30 05:30:00,6,8,30,5,30,630,288,Rue Etienne Clémentel,45.953,3.081,Nuit avec éclairage allumé,En agglomération,Hors intersection,Temps couvert,Autre collision,,,,,,,,,,,5,2,1,8,6
200600045886,0006-08-05 05:45:00,6,8,5,5,45,630,381,La Courteix,,,Crépuscule ou aube,Hors agglomération,Hors intersection,Normale,Autre collision,,,,,,,,,,,2,1,1,1,6
200600045887,0006-08-10 17:45:00,6,8,10,17,45,630,381,,45.852,2.889,Plein jour,Hors agglomération,Hors intersection,Normale,Deux véhicules - côté,,,,,,,,,,,1,1,1,1,3
200600045888,0006-08-08 17:00:00,6,8,8,17,0,630,286,,46.08,2.986,Plein jour,Hors agglomération,Hors intersection,Normale,Sans collision,,,,,,,,,,,1,1,1,1,7
200600045889,0006-08-26 14:15:00,6,8,26,14,15,630,471,,,,Plein jour,Hors agglomération,Hors intersection,Normale,Deux véhicules - côté,,,,,,,,,,,1,1,1,1,3
200600045890,0006-08-25 04:45:00,6,8,25,4,45,630,66,,,,Nuit avec éclairage allumé,Hors agglomération,Hors intersection,Normale,Deux véhicules - côté,,,,,,,,,,,5,1,1,1,3
200600045891,0006-08-08 08:45:00,6,8,8,8,45,630,364,RN89,,,Plein jour,Hors agglomération,Hors intersection,Normale,Sans collision,,,,,,,,,,,1,1,1,1,7
200600045892,0006-08-20 09:40:00,6,8,20,9,40,630,364,RN 89,,,Plein jour,Hors agglomération,Hors intersection,Normale,Deux véhicules - frontale,,,,,,,,,,,1,1,1,1,1
200600045893,0006-08-26 11:45:00,6,8,26,11,45,630,469,,45.785,3.639,Plein jour,Hors agglomération,Hors intersection,Normale,Deux véhicules - frontale,,,,,,,,,,,1,1,1,1,1
200600045894,0006-08-18 07:30:00,6,8,18,7,30,630,301,,46.012,3.488,Plein jour,Hors agglomération,Hors intersection,Normale,Deux véhicules - côté,,,,,,,,,,,1,1,1,1,3
200600045895,0006-08-19 10:15:00,6,8,19,10,15,630,180,,45.888,3.319,Nuit sans éclairage public,Hors agglomération,Hors intersection,Normale,Autre collision,,,,,,,,,,,3,1,1,1,6
200600045896,0006-08-08 16:00:00,6,8,8,16,0,30,316,Route de MOULINS,,,Plein jour,En agglomération,Hors intersection,Normale,Trois véhicules et plus - collisions multiples,,,,,,,,,,,1,2,1,1,5
200600045897,0006-08-23 09:00:00,6,8,23,9,0,30,290,,,,Plein jour,Hors agglomération,Hors intersection,Normale,Deux véhicules - frontale,,,,,,,,,,,1,1,1,1,1
200600045898,0006-08-27 22:30:00,6,8,27,22,30,30,173,D994 PK 28+850,,,Nuit sans éclairage public,Hors agglomération,Hors intersection,Normale,Deux véhicules - frontale,,,,,,,,,,,3,1,1,1,1
200600045899,0006-08-14 21:15:00,6,8,14,21,15,30,18,,,,Nuit sans éclairage public,Hors agglomération,Hors intersection,Normale,Deux véhicules - côté,,,,,,,,,,,3,1,1,1,3
200600045900,0006-08-30 15:15:00,6,8,30,15,15,30,204,La Batellière,,,Plein jour,Hors agglomération,Hors intersection,Normale,Trois véhicules et plus - en chaîne,,,,,,,,,,,1,1,1,1,4
200600045901,0006-08-11 20:45:00,6,8,11,20,45,30,73,la jolivette,,,Nuit sans éclairage public,Hors agglomération,Hors intersection,Pluie légère,Deux véhicules - frontale,,,,,,,,,,,3,1,1,2,1
200600045902,0006-08-01 12:30:00,6,8,1,12,30,30,88,les prugnes Est,,,Plein jour,Hors agglomération,Hors intersection,Normale,Deux véhicules - arrière,,,,,,,,,,,1,1,1,1,2
200600045903,0006-08-18 14:00:00,6,8,18,14,0,30,217,""" CHATELARD""",,,Plein jour,Hors agglomération,Hors intersection,Normale,Sans collision,,,,,,,,,,,1,1,1,1,7
200600045904,0006-08-28 19:30:00,6,8,28,19,30,30,195,,,,Crépuscule ou aube,Hors agglomération,Hors intersection,Pluie légère,Autre collision,,,,,,,,,,,2,1,1,2,6
200600045905,0006-08-13 20:00:00,6,8,13,20,0,30,168,,,,Plein jour,Hors agglomération,Hors intersection,Normale,Sans collision,,,,,,,,,,,1,1,1,1,7
200600045906,0006-08-02 06:00:00,6,8,2,6,0,30,159,,46.306,2.788,Crépuscule ou aube,Hors agglomération,Hors intersection,Normale,Sans collision,,,,,,,,,,,2,1,1,1,7
200600045907,0006-08-05 00:35:00,6,8,5,0,35,30,106,"44, lieu-dit ""Le Tillou""",,,Nuit sans éclairage public,Hors agglomération,Hors intersection,Normale,Autre collision,,,,,,,,,,,3,1,1,1,6
200600045908,0006-08-05 00:30:00,6,8,5,0,30,30,243,,46.326,3.003,Nuit sans éclairage public,Hors agglomération,Autre intersection,Normale,Autre collision,,,,,,,,,,,3,1,9,1,6
200600045909,0006-08-10 16:30:00,6,8,10,16,30,30,58,,46.387,2.916,Plein jour,Hors agglomération,Hors intersection,Normale,Sans collision,,,,,,,,,,,1,1,1,1,7
200600045910,0006-08-29 00:01:00,6,8,29,0,1,30,118,RD 01,46.103,3.199,Plein jour,En agglomération,Hors intersection,Normale,Deux véhicules - côté,,,,,,,,,,,1,2,1,1,3
200600045911,0006-08-21 11:00:00,6,8,21,11,0,30,118,Rue du Pont sol,46.098,3.201,Plein jour,En agglomération,Intersection en X,Normale,Deux véhicules - côté,,,,,,,,,,,1,2,2,1,3
200600045912,0006-08-12 12:00:00,6,8,12,12,0,30,240,Route du Donjon,46.398,3.686,Plein jour,En agglomération,Hors intersection,Temps couvert,Deux véhicules - côté,,,,,,,,,,,1,2,1,8,3
200600045913,0006-08-13 18:15:00,6,8,13,18,15,30,138,,46.253,3.634,Plein jour,En agglomération,Intersection en X,Normale,Deux véhicules - côté,,,,,,,,,,,1,2,2,1,3
200600045914,0006-08-18 16:15:00,6,8,18,16,15,30,29,Route Nationale 209,,,Plein jour,En agglomération,Hors intersection,Normale,Sans collision,,,,,,,,,,,1,2,1,1,7
200600045915,0006-08-06 01:30:00,6,8,6,1,30,150,194,,44.75,2.215,Nuit sans éclairage public,Hors agglomération,Hors intersection,Normale,Autre collision,,,,,,,,,,,3,1,1,1,6
200600045916,0006-08-09 00:20:00,6,8,9,0,20,150,154,"Lieu-dit ""Cabanes""",,,Nuit sans éclairage public,Hors agglomération,Hors intersection,Normale,Autre collision,,,,,,,,,,,3,1,1,1,6
200600045917,0006-08-20 11:00:00,6,8,20,11,0,150,266,RN122,,,Plein jour,Hors agglomération,Hors intersection,Normale,Deux véhicules - frontale,,,,,,,,,,,1,1,1,1,1
200600045918,0006-08-02 15:00:00,6,8,2,15,0,150,37,bois de lempre,45.357,2.422,Plein jour,En agglomération,Intersection en T,Normale,Deux véhicules - côté,,,,,,,,,,,1,2,3,1,3
200600045919,0006-08-25 12:45:00,6,8,25,12,45,150,250,,45.365,2.505,Plein jour,Hors agglomération,Hors intersection,Normale,Deux véhicules - côté,,,,,,,,,,,1,1,1,1,3
200600045920,0006-08-14 15:45:00,6,8,14,15,45,150,188,,45.015,3.156,Plein jour,Hors agglomération,Hors intersection,Normale,Autre collision,,,,,,,,,,,1,1,1,1,6
200600045921,0006-08-13 17:40:00,6,8,13,17,40,150,145,CD 56,,,Plein jour,Hors agglomération,Hors intersection,Temps couvert,Deux véhicules - arrière,,,,,,,,,,,1,1,1,8,2
200600045922,0006-08-25 11:15:00,6,8,25,11,15,430,124,,45.102,3.78,Plein jour,Hors agglomération,Hors intersection,Normale,Sans collision,,,,,,,,,,,1,1,1,1,7
200600045923,0006-08-03 10:00:00,6,8,3,10,0,430,77,RUE PRINCIPALE,44.899,3.85,Plein jour,En agglomération,Hors intersection,Normale,Autre collision,,,,,,,,,,,1,2,1,1,6
200600045924,0006-08-03 20:00:00,6,8,3,20,0,430,154,,,,Crépuscule ou aube,Hors agglomération,Hors intersection,Normale,Autre collision,,,,,,,,,,,2,1,1,1,6
200600045925,0006-08-22 08:30:00,6,8,22,8,30,430,180,le bourg,44.784,3.839,Plein jour,En agglomération,Hors intersection,Pluie légère,Autre collision,,,,,,,,,,,1,2,1,2,6
200600045926,0006-08-19 23:45:00,6,8,19,23,45,430,111,,44.861,3.848,Nuit sans éclairage public,Hors agglomération,Hors intersection,Pluie légère,Autre collision,,,,,,,,,,,3,1,1,2,6
200600045927,0006-08-03 15:00:00,6,8,3,15,0,430,135,,44.94,3.99,Plein jour,Hors agglomération,Hors intersection,Normale,Deux véhicules - côté,,,,,,,,,,,1,1,1,1,3
200600045928,0006-08-17 15:00:00,6,8,17,15,0,430,144,,44.936,4.118,Plein jour,Hors agglomération,Hors intersection,Pluie forte,Deux véhicules - côté,,,,,,,,,,,1,1,1,3,3
200600045929,0006-08-14 00:01:00,6,8,14,0,1,430,165,,45.134,3.942,Nuit avec éclairage allumé,Hors agglomération,Hors intersection,Normale,Autre collision,,,,,,,,,,,5,1,1,1,6
200600045930,0006-08-29 11:30:00,6,8,29,11,30,430,256,,44.96,3.48,Plein jour,Hors agglomération,Intersection en X,Pluie légère,Deux véhicules - côté,,,,,,,,,,,1,1,2,2,3
200600045931,0006-08-27 17:15:00,6,8,27,17,15,430,178,,45.317,3.547,Plein jour,Hors agglomération,Hors intersection,Normale,Autre collision,,,,,,,,,,,1,1,1,1,6
200600045932,0006-08-12 10:45:00,6,8,12,10,45,430,56,,45.085,3.52,Plein jour,Hors agglomération,Hors intersection,Pluie légère,Autre collision,,,,,,,,,,,1,1,1,2,6
200600045933,0006-08-17 13:30:00,6,8,17,13,30,430,132,,,,Plein jour,Hors agglomération,Hors intersection,Normale,Autre collision,,,,,,,,,,,1,1,1,1,6
200600045934,0006-08-06 22:30:00,6,8,6,22,30,430,258,,45.375,3.301,Nuit sans éclairage public,Hors agglomération,Intersection en T,Normale,Deux véhicules - côté,,,,,,,,,,,3,1,3,1,3
200600045935,0006-08-05 22:20:00,6,8,5,22,20,430,268,l et avenue de Chaussand,,,Nuit avec éclairage allumé,En agglomération,Hors intersection,Normale,Deux véhicules - côté,,,,,,,,,,,5,2,1,1,3
200600045936,0006-08-15 08:30:00,6,8,15,8,30,430,162,,45.224,4.022,Plein jour,Hors agglomération,Hors intersection,Normale,Deux véhicules - côté,,,,,,,,,,,1,1,1,1,3
200600045937,0006-08-14 21:30:00,6,8,14,21,30,430,268,,45.149,4.112,Nuit sans éclairage public,Hors agglomération,Hors intersection,Normale,Autre collision,,,,,,,,,,,3,1,1,1,6
200600045938,0006-08-20 07:30:00,6,8,20,7,30,430,268,,45.111,4.157,Plein jour,Hors agglomération,Hors intersection,Normale,Autre collision,,,,,,,,,,,1,1,1,1,6
200600045939,0006-08-02 17:57:00,6,8,2,17,57,430,137,route des violettes,,,Plein jour,En agglomération,Hors intersection,Normale,Sans collision,,,,,,,,,,,1,2,1,1,7
200600045940,0006-08-11 18:00:00,6,8,11,18,0,430,20,CD 46,,,Plein jour,Hors agglomération,Hors intersection,Normale,Deux véhicules - frontale,,,,,,,,,,,1,1,1,1,1
200600045941,0006-08-22 11:30:00,6,8,22,11,30,430,249,,,,Plein jour,Hors agglomération,Hors intersection,Autre,Sans collision,,,,,,,,,,,1,1,1,9,7
200600045942,0006-08-04 20:45:00,6,8,4,20,45,430,205,RUE DE LA CHAMARECHE,,,Crépuscule ou aube,En agglomération,Intersection en X,Normale,Deux véhicules - frontale,,,,,,,,,,,2,2,2,1,1
200600045943,0006-08-12 15:45:00,6,8,12,15,45,430,51,,45.039,4.348,Plein jour,Hors agglomération,Hors intersection,Pluie forte,Deux véhicules - frontale,,,,,,,,,,,1,1,1,3,1
200600045944,0006-08-16 00:10:00,6,8,16,0,10,430,141,avenue des Cévennes,,,Nuit avec éclairage allumé,En agglomération,Hors intersection,Pluie légère,Autre collision,,,,,,,,,,,5,2,1,2,6
200600045945,0006-08-21 17:00:00,6,8,21,17,0,430,142,,45.161,4.313,Plein jour,Hors agglomération,Hors intersection,Normale,Sans collision,,,,,,,,,,,1,1,1,1,7
200600045946,0006-08-29 16:30:00,6,8,29,16,30,430,87,,45.218,4.381,Plein jour,Hors agglomération,Hors intersection,Pluie légère,Deux véhicules - frontale,,,,,,,,,,,1,1,1,2,1
200600045947,0006-08-02 16:10:00,6,8,2,16,10,570,481,CD 181,,,Plein jour,Hors agglomération,Hors intersection,Normale,Sans collision,,,,,,,,,,,1,1,1,1,7
200600045948,0006-08-16 22:00:00,6,8,16,22,0,570,622,,49.187,6.06,Nuit sans éclairage public,Hors agglomération,Hors intersection,Normale,Autre collision,,,,,,,,,,,3,1,1,1,6
200600045949,0006-08-28 09:00:00,6,8,28,9,0,570,620,05 RUE DE BRIEY,49.198,6.0,Plein jour,En agglomération,Hors intersection,Pluie forte,Autre collision,,,,,,,,,,,1,2,1,3,6
200600045950,0006-08-27 12:05:00,6,8,27,12,5,570,212,CD 66,,,Plein jour,Hors agglomération,Hors intersection,Pluie forte,Deux véhicules - frontale,,,,,,,,,,,1,1,1,3,1
200600045951,0006-08-10 08:00:00,6,8,10,8,0,570,443,,,,Nuit avec éclairage allumé,En agglomération,Hors intersection,Normale,Deux véhicules - côté,,,,,,,,,,,5,2,1,1,3
200600045952,0006-08-21 13:00:00,6,8,21,13,0,570,452,,49.175,6.187,Plein jour,En agglomération,Hors intersection,Normale,Trois véhicules et plus - collisions multiples,,,,,,,,,,,1,2,1,1,5
200600045953,0006-08-05 17:30:00,6,8,5,17,30,570,162,,,,Plein jour,Hors agglomération,Hors intersection,Normale,Sans collision,,,,,,,,,,,1,1,1,1,7
200600045954,0006-08-31 21:45:00,6,8,31,21,45,570,162,,49.045,6.155,Nuit sans éclairage public,Hors agglomération,Hors intersection,Normale,Sans collision,,,,,,,,,,,3,1,1,1,7
200600045955,0006-08-01 11:30:00,6,8,1,11,30,570,482,,,,Plein jour,Hors agglomération,Hors intersection,Pluie légère,Deux véhicules - frontale,,,,,,,,,,,1,1,1,2,1
200600045956,0006-08-30 02:00:00,6,8,30,2,0,570,155,,,,Nuit avec éclairage allumé,Hors agglomération,Hors intersection,Temps couvert,Autre collision,,,,,,,,,,,5,1,1,8,6
200600045957,0006-08-03 17:30:00,6,8,3,17,30,570,209,26 rue de Pont à Mousson,,,Plein jour,En agglomération,Hors intersection,Normale,Deux véhicules - frontale,,,,,,,,,,,1,2,1,1,1
200600045958,0006-08-06 03:30:00,6,8,6,3,30,570,485,RD155P P.R. 0+150,,,Nuit sans éclairage public,Hors agglomération,Hors intersection,Normale,Sans collision,,,,,,,,,,,3,1,1,1,7
200600045959,0006-08-13 16:00:00,6,8,13,16,0,570,132,,,,Plein jour,Hors agglomération,Intersection en T,Normale,Deux véhicules - côté,,,,,,,,,,,1,1,3,1,3
200600045960,0006-08-04 23:00:00,6,8,4,23,0,570,483,,48.95,6.661,Nuit sans éclairage public,Hors agglomération,Hors intersection,Normale,Deux véhicules - frontale,,,,,,,,,,,3,1,1,1,1
200600045961,0006-08-31 18:45:00,6,8,31,18,45,570,706,,,,Plein jour,Hors agglomération,Hors intersection,Temps éblouissant,Deux véhicules - côté,,,,,,,,,,,1,1,1,7,3
200600045962,0006-08-09 08:30:00,6,8,9,8,30,570,82,,49.058,6.767,Plein jour,Hors agglomération,Hors intersection,Normale,Sans collision,,,,,,,,,,,1,1,1,1,7
200600045963,0006-08-13 03:00:00,6,8,13,3,0,570,239,,,,Nuit sans éclairage public,Hors agglomération,Hors intersection,Normale,Deux véhicules - frontale,,,,,,,,,,,3,1,1,1,1
200600045964,0006-08-28 21:15:00,6,8,28,21,15,570,178,,,,Nuit sans éclairage public,Hors agglomération,Hors intersection,Pluie légère,Sans collision,,,,,,,,,,,3,1,1,2,7
200600045965,0006-08-06 01:55:00,6,8,6,1,55,570,628,RN 61 zone industriuelle,,,Nuit sans éclairage public,Hors agglomération,Hors intersection,Normale,Deux véhicules - frontale,,,,,,,,,,,3,1,1,1,1
200600045966,0006-08-25 15:15:00,6,8,25,15,15,570,628,109 GRAND RUE RECH,,,Plein jour,En agglomération,Hors intersection,Normale,Deux véhicules - frontale,,,,,,,,,,,1,2,1,1,1
200600045967,0006-08-21 21:45:00,6,8,21,21,45,570,629,,,,Nuit avec éclairage allumé,Hors agglomération,Hors intersection,Normale,Deux véhicules - frontale,,,,,,,,,,,5,1,1,1,1
200600045968,0006-08-23 21:15:00,6,8,23,21,15,570,680,RUE DE LA LIBERATION,,,Nuit avec éclairage allumé,En agglomération,Hors intersection,Normale,Autre collision,,,,,,,,,,,5,2,1,1,6
200600045969,0006-08-05 14:30:00,6,8,5,14,30,570,499,tersection D119A et d 99,49.08,7.041,Plein jour,Hors agglomération,Hors intersection,Pluie forte,Deux véhicules - côté,,,,,,,,,,,1,1,1,3,3
200600045970,0006-08-07 20:00:00,6,8,7,20,0,570,767,Route de BERTRANGE,49.33,6.238,Plein jour,En agglomération,Hors intersection,Normale,Deux véhicules - côté,,,,,,,,,,,1,2,1,1,3