accident_id,datetime,annee,mois,jour,heure,minute,departement,commune_insee,adresse,latitude,longitude,luminosite,agglomeration,intersection,meteo,collision,nb_vehicules,nb_usagers,nb_indemnes,nb_tues,nb_blesses_hosp,nb_blesses_legers,age_cond_1,age_cond_2,veh_type_cond_1,veh_type_cond_2,lum_code,agg_code,int_code,atm_code,col_code
200600045971,0006-08-23 16:00:00,6,8,23,16,0,570,269,CD 60,,,Plein jour,Hors agglomération,Hors intersection,Normale,Deux véhicules - arrière,,,,,,,,,,,1,1,1,1,2
200600045972,0006-08-06 17:30:00,6,8,6,17,30,540,456,,,,Plein jour,Hors agglomération,Hors intersection,Normale,Autre collision,,,,,,,,,,,1,1,1,1,6
200600045973,0006-08-03 20:15:00,6,8,3,20,15,540,351,,48.8,6.079,Plein jour,Hors agglomération,Hors intersection,Autre,Deux véhicules - côté,,,,,,,,,,,1,1,1,9,3
200600045974,0006-08-03 05:45:00,6,8,3,5,45,540,397,rue roger salengro,48.621,6.092,Crépuscule ou aube,En agglomération,Hors intersection,Normale,Sans collision,,,,,,,,,,,2,2,1,1,7
200600045975,0006-08-05 06:40:00,6,8,5,6,40,540,364,"RD 331, PK 2+500",48.603,6.138,Crépuscule ou aube,Hors agglomération,Hors intersection,Pluie légère,Deux véhicules - frontale,,,,,,,,,,,2,1,1,2,1
200600045976,0006-08-16 06:45:00,6,8,16,6,45,540,43,,,,Plein jour,Hors agglomération,Hors intersection,Pluie forte,Autre collision,,,,,,,,,,,1,1,1,3,6
200600045977,0006-08-03 15:30:00,6,8,3,15,30,540,434,,,,Plein jour,Hors agglomération,Hors intersection,Normale,Autre collision,,,,,,,,,,,1,1,1,1,6
200600045978,0006-08-06 20:00:00,6,8,6,20,0,540,109,,,,Plein jour,Hors agglomération,Hors intersection,Normale,Autre collision,,,,,,,,,,,1,1,1,1,6
200600045979,0006-08-15 14:00:00,6,8,15,14,0,540,142,,48.473,6.244,Plein jour,Hors agglomération,Autre intersection,Pluie légère,Deux véhicules - côté,,,,,,,,,,,1,1,9,2,3
200600045980,0006-08-16 06:30:00,6,8,16,6,30,540,94,43 grande rue,48.408,6.194,Crépuscule ou aube,En agglomération,Hors intersection,Pluie légère,Deux véhicules - côté,,,,,,,,,,,2,2,1,2,3
200600045981,0006-08-18 10:15:00,6,8,18,10,15,540,417,,48.529,6.063,Plein jour,Hors agglomération,Hors intersection,Normale,Sans collision,,,,,,,,,,,1,1,1,1,7
200600045982,0006-08-27 11:45:00,6,8,27,11,45,540,62,07 rue de Ceintrey,,,Plein jour,En agglomération,Hors intersection,Normale,Deux véhicules - côté,,,,,,,,,,,1,2,1,1,3
200600045983,0006-08-03 17:45:00,6,8,3,17,45,540,581,D952,,,Plein jour,Hors agglomération,Hors intersection,Normale,Autre collision,,,,,,,,,,,1,1,1,1,6
200600045984,0006-08-31 07:30:00,6,8,31,7,30,540,213,GRAND RUE,,,Crépuscule ou aube,En agglomération,Hors intersection,Normale,Deux véhicules - côté,,,,,,,,,,,2,2,1,1,3
200600045985,0006-08-13 17:10:00,6,8,13,17,10,540,428,,,,Plein jour,Hors agglomération,Hors intersection,Pluie forte,Deux véhicules - frontale,,,,,,,,,,,1,1,1,3,1
200600045986,0006-08-22 10:30:00,6,8,22,10,30,540,137,,,,Plein jour,En agglomération,Hors intersection,Normale,Deux véhicules - frontale,,,,,,,,,,,1,2,1,1,1
200600045987,0006-08-12 03:45:00,6,8,12,3,45,540,509,face au 5bis rue de la S,,,Nuit avec éclairage allumé,En agglomération,Hors intersection,Temps couvert,Sans collision,,,,,,,,,,,5,2,1,8,7
200600045988,0006-08-20 18:30:00,6,8,20,18,30,540,45,Grand Ruelle,,,Plein jour,En agglomération,Hors intersection,Normale,Sans collision,,,,,,,,,,,1,2,1,1,7
200600045989,0006-08-04 17:30:00,6,8,4,17,30,540,39,,48.452,6.754,Plein jour,Hors agglomération,Autre intersection,Pluie forte,Deux véhicules - arrière,,,,,,,,,,,1,1,9,3,2
200600045990,0006-08-31 18:45:00,6,8,31,18,45,540,65,intersection RD 590- C2,,,Crépuscule ou aube,Hors agglomération,Hors intersection,Normale,Deux véhicules - frontale,,,,,,,,,,,2,1,1,1,1
200600045991,0006-08-04 05:45:00,6,8,4,5,45,540,8,,,,Crépuscule ou aube,Hors agglomération,Hors intersection,Pluie légère,Deux véhicules - frontale,,,,,,,,,,,2,1,1,2,1
200600045992,0006-08-04 09:45:00,6,8,4,9,45,540,523,,,,Plein jour,Hors agglomération,Hors intersection,Temps couvert,Autre collision,,,,,,,,,,,1,1,1,8,6
200600045993,0006-08-28 12:00:00,6,8,28,12,0,540,41,,,,Plein jour,En agglomération,Hors intersection,Pluie forte,Deux véhicules - côté,,,,,,,,,,,1,2,1,3,3
200600045994,0006-08-06 04:45:00,6,8,6,4,45,550,79,29 rue de Bar,,,Nuit avec éclairage allumé,En agglomération,Hors intersection,Normale,Autre collision,,,,,,,,,,,5,2,1,1,6
200600045995,0006-08-21 21:15:00,6,8,21,21,15,550,122,Rue capucins et verneau,48.765,5.591,Plein jour,En agglomération,Hors intersection,Normale,Autre collision,,,,,,,,,,,1,2,1,1,6
200600045996,0006-08-27 04:15:00,6,8,27,4,15,550,196,,48.796,5.642,Nuit sans éclairage public,Hors agglomération,Hors intersection,Temps couvert,Sans collision,,,,,,,,,,,3,1,1,8,7
200600045997,0006-08-01 18:50:00,6,8,1,18,50,550,522,chemin communication,,,Plein jour,En agglomération,Hors intersection,Normale,Autre collision,,,,,,,,,,,1,2,1,1,6
200600045998,0006-08-06 05:55:00,6,8,6,5,55,550,503,RD 964 - PK 07+000,,,Crépuscule ou aube,Hors agglomération,Intersection en T,Normale,Deux véhicules - arrière,,,,,,,,,,,2,1,3,1,2
200600045999,0006-08-15 19:45:00,6,8,15,19,45,550,502,6 avenue des tilleuls,49.498,5.189,Plein jour,En agglomération,Hors intersection,Normale,Deux véhicules - côté,,,,,,,,,,,1,2,1,1,3
200600046000,0006-08-19 14:50:00,6,8,19,14,50,550,502,23 rue Gambetta,,,Plein jour,En agglomération,Hors intersection,Pluie légère,Autre collision,,,,,,,,,,,1,2,1,2,6
200600046001,0006-08-25 14:15:00,6,8,25,14,15,550,250,,,,Plein jour,Hors agglomération,Hors intersection,Normale,Autre collision,,,,,,,,,,,1,1,1,1,6
200600046002,0006-08-15 04:45:00,6,8,15,4,45,550,482,,49.071,5.351,Nuit sans éclairage public,Hors agglomération,Hors intersection,Normale,Autre collision,,,,,,,,,,,3,1,1,1,6
200600046003,0006-08-20 19:00:00,6,8,20,19,0,550,171,,49.172,5.453,Plein jour,Hors agglomération,Hors intersection,Normale,Deux véhicules - frontale,,,,,,,,,,,1,1,1,1,1
200600046004,0006-08-27 18:00:00,6,8,27,18,0,880,348,"RD 48, PK 4+750",,,Plein jour,Hors agglomération,Hors intersection,Normale,Trois véhicules et plus - collisions multiples,,,,,,,,,,,1,1,1,1,5
200600046005,0006-08-01 13:45:00,6,8,1,13,45,880,449,,48.361,6.203,Plein jour,Hors agglomération,Hors intersection,Temps couvert,Deux véhicules - arrière,,,,,,,,,,,1,1,1,8,2
200600046006,0006-08-12 15:00:00,6,8,12,15,0,880,173,,48.378,6.259,Plein jour,Hors agglomération,Hors intersection,Normale,Sans collision,,,,,,,,,,,1,1,1,1,7
200600046007,0006-08-28 11:45:00,6,8,28,11,45,880,16,,48.087,6.028,Plein jour,Hors agglomération,Hors intersection,Pluie forte,Deux véhicules - frontale,,,,,,,,,,,1,1,1,3,1
200600046008,0006-08-02 18:15:00,6,8,2,18,15,880,251,,,,Plein jour,Hors agglomération,Hors intersection,Normale,Deux véhicules - côté,,,,,,,,,,,1,1,1,1,3
200600046009,0006-08-25 18:45:00,6,8,25,18,45,880,225,,48.099,6.496,Plein jour,Hors agglomération,Hors intersection,Normale,Deux véhicules - frontale,,,,,,,,,,,1,1,1,1,1
200600046010,0006-08-25 10:30:00,6,8,25,10,30,880,321,rue de France,48.36,5.701,Plein jour,En agglomération,Hors intersection,Normale,Autre collision,,,,,,,,,,,1,2,1,1,6
200600046011,0006-08-30 23:15:00,6,8,30,23,15,880,290,CD674,,,Nuit avec éclairage allumé,En agglomération,Autre intersection,Normale,Deux véhicules - frontale,,,,,,,,,,,5,2,9,1,1
200600046012,0006-08-15 04:15:00,6,8,15,4,15,880,95,27 RUE DE LORRAINE,48.307,5.834,Nuit avec éclairage allumé,En agglomération,Hors intersection,Normale,Deux véhicules - frontale,,,,,,,,,,,5,2,1,1,1
200600046013,0006-08-24 16:00:00,6,8,24,16,0,880,292,Rue Stanislas,,,Plein jour,En agglomération,Hors intersection,Normale,Deux véhicules - frontale,,,,,,,,,,,1,2,1,1,1
200600046014,0006-08-11 13:05:00,6,8,11,13,5,880,309,CD 304,,,Plein jour,Hors agglomération,Hors intersection,Temps couvert,Deux véhicules - frontale,,,,,,,,,,,1,1,1,8,1
200600046015,0006-08-31 21:40:00,6,8,31,21,40,880,516,Voivre - ZI La croizette,,,Nuit avec éclairage allumé,En agglomération,Hors intersection,Normale,Autre collision,,,,,,,,,,,5,2,1,1,6
200600046016,0006-08-19 10:30:00,6,8,19,10,30,880,75,,,,Plein jour,Hors agglomération,Hors intersection,Normale,Autre collision,,,,,,,,,,,1,1,1,1,6
200600046017,0006-08-23 15:00:00,6,8,23,15,0,880,116,RUE DE LA 3EME DIA,,,Plein jour,En agglomération,Hors intersection,Normale,Deux véhicules - arrière,,,,,,,,,,,1,2,1,1,2
200600046018,0006-08-27 11:45:00,6,8,27,11,45,880,9,col du plafond,,,Plein jour,Hors agglomération,Hors intersection,Pluie forte,Autre collision,,,,,,,,,,,1,1,1,3,6
200600046019,0006-08-04 11:00:00,6,8,4,11,0,880,196,Boulevard d' alsace,,,Plein jour,En agglomération,Hors intersection,Normale,Deux véhicules - frontale,,,,,,,,,,,1,2,1,1,1
200600046020,0006-08-28 12:00:00,6,8,28,12,0,880,196,"ieu-dit ""La Morte Femme""",,,Plein jour,Hors agglomération,Hors intersection,Temps couvert,Trois véhicules et plus - collisions multiples,,,,,,,,,,,1,1,1,8,5
200600046021,0006-08-11 18:15:00,6,8,11,18,15,670,146,,48.32,7.673,Plein jour,Hors agglomération,Hors intersection,Pluie légère,Sans collision,,,,,,,,,,,1,1,1,2,7
200600046022,0006-08-14 11:45:00,6,8,14,11,45,670,464,CD129,48.356,7.539,Plein jour,Hors agglomération,Hors intersection,Temps couvert,Deux véhicules - côté,,,,,,,,,,,1,1,1,8,3
200600046023,0006-08-11 08:15:00,6,8,11,8,15,670,137,Rue du Général De Gaule,48.494,7.694,Plein jour,En agglomération,Hors intersection,Pluie légère,Deux véhicules - frontale,,,,,,,,,,,1,2,1,2,1
200600046024,0006-08-23 17:45:00,6,8,23,17,45,670,217,RN83,,,Plein jour,Hors agglomération,Hors intersection,Normale,Trois véhicules et plus - en chaîne,,,,,,,,,,,1,1,1,1,4
200600046025,0006-08-31 16:00:00,6,8,31,16,0,670,87,Rue de Neubourg,48.843,7.68,Plein jour,En agglomération,Intersection en X,Normale,Deux véhicules - frontale,,,,,,,,,,,1,2,2,1,1
200600046026,0006-08-13 09:15:00,6,8,13,9,15,670,46,07 RUE DU MARECHAL FOCH,48.768,7.86,Plein jour,En agglomération,Hors intersection,Temps couvert,Deux véhicules - côté,,,,,,,,,,,1,2,1,8,3
200600046027,0006-08-13 18:15:00,6,8,13,18,15,670,46,rue de haguenau,,,Plein jour,En agglomération,Hors intersection,Normale,Deux véhicules - arrière,,,,,,,,,,,1,2,1,1,2
200600046028,0006-08-09 13:15:00,6,8,9,13,15,670,127,Rue Principale,48.575,7.529,Plein jour,En agglomération,Hors intersection,Normale,Deux véhicules - côté,,,,,,,,,,,1,2,1,1,3
200600046029,0006-08-29 20:30:00,6,8,29,20,30,670,313,22 route de strasbourg,48.536,7.465,Nuit avec éclairage allumé,En agglomération,Hors intersection,Normale,Deux véhicules - côté,,,,,,,,,,,5,2,1,1,3
200600046030,0006-08-04 15:45:00,6,8,4,15,45,670,480,Grand'rue,,,Plein jour,En agglomération,Giratoire,Pluie légère,Deux véhicules - côté,,,,,,,,,,,1,2,6,2,3
200600046031,0006-08-29 09:00:00,6,8,29,9,0,670,282,RN 4 - PR 26,,,Plein jour,Hors agglomération,Hors intersection,Normale,Trois véhicules et plus - collisions multiples,,,,,,,,,,,1,1,1,1,5
200600046032,0006-08-31 08:50:00,6,8,31,8,50,670,525,13 route de Balbronn,,,Plein jour,En agglomération,Hors intersection,Normale,Deux véhicules - côté,,,,,,,,,,,1,2,1,1,3
200600046033,0006-08-11 21:30:00,6,8,11,21,30,670,222,rue du maréchal Philippo,48.882,7.447,Nuit avec éclairage allumé,En agglomération,Hors intersection,Normale,Deux véhicules - frontale,,,,,,,,,,,5,2,1,1,1
200600046034,0006-08-10 16:15:00,6,8,10,16,15,670,89,44 rue des voges,48.761,7.471,Plein jour,En agglomération,Hors intersection,Normale,Autre collision,,,,,,,,,,,1,2,1,1,6
200600046035,0006-08-08 13:15:00,6,8,8,13,15,670,273,25 RUE DE PETERSBACH,,,Plein jour,En agglomération,Hors intersection,Normale,Autre collision,,,,,,,,,,,1,2,1,1,6
200600046036,0006-08-10 18:10:00,6,8,10,18,10,670,234,"Lieu-dit  ""La Honau""",,,Plein jour,Hors agglomération,Hors intersection,Normale,Sans collision,,,,,,,,,,,1,1,1,1,7
200600046037,0006-08-12 20:30:00,6,8,12,20,30,670,538,RD 12,,,Nuit sans éclairage public,Hors agglomération,Hors intersection,Pluie légère,Autre collision,,,,,,,,,,,3,1,1,2,6
200600046038,0006-08-16 20:15:00,6,8,16,20,15,670,535,,48.92,7.397,Nuit sans éclairage public,Hors agglomération,Hors intersection,Temps couvert,Autre collision,,,,,,,,,,,3,1,1,8,6
200600046039,0006-08-20 14:15:00,6,8,20,14,15,670,528,"CD 40 PK 4+365,70",,,Plein jour,Hors agglomération,Hors intersection,Normale,Sans collision,,,,,,,,,,,1,1,1,1,7
200600046040,0006-08-20 16:00:00,6,8,20,16,0,670,467,14 rue du Stade,,,Plein jour,En agglomération,Hors intersection,Normale,Deux véhicules - arrière,,,,,,,,,,,1,2,1,1,2
200600046041,0006-08-23 15:00:00,6,8,23,15,0,670,434,evant le n° 2 Grand' rue,,,Plein jour,En agglomération,Hors intersection,Normale,Autre collision,,,,,,,,,,,1,2,1,1,6
200600046042,0006-08-27 12:30:00,6,8,27,12,30,670,509,,48.941,7.296,Plein jour,Hors agglomération,Hors intersection,Normale,Autre collision,,,,,,,,,,,1,1,1,1,6
200600046043,0006-08-27 19:30:00,6,8,27,19,30,670,133,Rue principale,,,Plein jour,Hors agglomération,Hors intersection,Normale,Deux véhicules - frontale,,,,,,,,,,,1,1,1,1,1
200600046044,0006-08-29 10:15:00,6,8,29,10,15,670,278,,,,Plein jour,Hors agglomération,Hors intersection,Normale,Deux véhicules - frontale,,,,,,,,,,,1,1,1,1,1
200600046045,0006-08-05 15:00:00,6,8,5,15,0,670,506,Route de Strasbourg,48.664,7.722,Plein jour,En agglomération,Hors intersection,Normale,Deux véhicules - arrière,,,,,,,,,,,1,2,1,1,2
200600046046,0006-08-11 17:30:00,6,8,11,17,30,670,439,,,,Plein jour,Hors agglomération,Hors intersection,Normale,Autre collision,,,,,,,,,,,1,1,1,1,6
200600046047,0006-08-11 19:30:00,6,8,11,19,30,670,539,,,,Plein jour,Hors agglomération,Hors intersection,Normale,Sans collision,,,,,,,,,,,1,1,1,1,7
200600046048,0006-08-05 17:00:00,6,8,5,17,0,670,532,CD41,,,Plein jour,Hors agglomération,Hors intersection,Normale,Deux véhicules - côté,,,,,,,,,,,1,1,1,1,3
200600046049,0006-08-29 19:30:00,6,8,29,19,30,670,150,CD 30,,,Crépuscule ou aube,En agglomération,Hors intersection,Pluie légère,Deux véhicules - côté,,,,,,,,,,,2,2,1,2,3
200600046050,0006-08-28 23:30:00,6,8,28,23,30,670,239,,48.278,7.338,Nuit sans éclairage public,Hors agglomération,Hors intersection,Temps couvert,Autre collision,,,,,,,,,,,3,1,1,8,6
200600046051,0006-08-25 16:30:00,6,8,25,16,30,670,426,rue de la libération,,,Plein jour,En agglomération,Hors intersection,Normale,Deux véhicules - côté,,,,,,,,,,,1,2,1,1,3
200600046052,0006-08-27 18:15:00,6,8,27,18,15,670,63,,,,Crépuscule ou aube,Hors agglomération,Hors intersection,Brouillard / fumée,Sans collision,,,,,,,,,,,2,1,1,5,7
200600046053,0006-08-01 08:30:00,6,8,1,8,30,670,541,rue du Chateau de bagnac,,,Crépuscule ou aube,En agglomération,Hors intersection,Pluie légère,Deux véhicules - frontale,,,,,,,,,,,2,2,1,2,1
200600046054,0006-08-10 18:00:00,6,8,10,18,0,670,455,,48.956,7.902,Plein jour,Hors agglomération,Hors intersection,Normale,Deux véhicules - côté,,,,,,,,,,,1,1,1,1,3
200600046055,0006-08-21 14:30:00,6,8,21,14,30,670,260,,48.889,7.719,Plein jour,Hors agglomération,Intersection en X,Normale,Trois véhicules et plus - collisions multiples,,,,,,,,,,,1,1,2,1,5
200600046056,0006-08-23 18:30:00,6,8,23,18,30,680,146,"hypermarché CORA, ZAC ro",,,Plein jour,En agglomération,Hors intersection,Normale,Autre collision,,,,,,,,,,,1,2,1,1,6
200600046057,0006-08-18 08:00:00,6,8,18,8,0,680,311,CD10,48.0,7.065,Plein jour,En agglomération,Hors intersection,Pluie légère,Autre collision,,,,,,,,,,,1,2,1,2,6
200600046058,0006-08-19 17:00:00,6,8,19,17,0,680,23,,48.173,7.347,Plein jour,Hors agglomération,Hors intersection,Normale,Deux véhicules - côté,,,,,,,,,,,1,1,1,1,3
200600046059,0006-08-19 16:00:00,6,8,19,16,0,680,150,Route des Cinq Châteaux,48.038,7.276,Plein jour,Hors agglomération,Hors intersection,Normale,Deux véhicules - frontale,,,,,,,,,,,1,1,1,1,1
200600046060,0006-08-27 17:30:00,6,8,27,17,30,680,134,,48.022,7.344,Plein jour,Hors agglomération,Hors intersection,Normale,Sans collision,,,,,,,,,,,1,1,1,1,7
200600046061,0006-08-01 12:45:00,6,8,1,12,45,680,192,RUE DE BELFORT,47.628,7.062,Plein jour,En agglomération,Hors intersection,Normale,Sans collision,,,,,,,,,,,1,2,1,1,7
200600046062,0006-08-03 15:00:00,6,8,3,15,0,680,202,rue de la Gare,47.596,7.131,Plein jour,En agglomération,Hors intersection,Normale,Deux véhicules - frontale,,,,,,,,,,,1,2,1,1,1
200600046063,0006-08-03 17:00:00,6,8,3,17,0,680,186,,47.475,7.293,Plein jour,Hors agglomération,Hors intersection,Pluie légère,Sans collision,,,,,,,,,,,1,1,1,2,7
200600046064,0006-08-30 18:00:00,6,8,30,18,0,680,347,,47.529,7.316,Plein jour,Hors agglomération,Hors intersection,Pluie forte,Sans collision,,,,,,,,,,,1,1,1,3,7
200600046065,0006-08-30 12:10:00,6,8,30,12,10,680,186,cd 432,,,Plein jour,Hors agglomération,Hors intersection,Temps couvert,Sans collision,,,,,,,,,,,1,1,1,8,7
200600046066,0006-08-24 17:45:00,6,8,24,17,45,680,122,CD 5,47.866,7.21,Plein jour,En agglomération,Hors intersection,Normale,Sans collision,,,,,,,,,,,1,2,1,1,7
200600046067,0006-08-03 20:00:00,6,8,3,20,0,680,300,Avenue du Gal DE GAULLE,47.783,7.382,Crépuscule ou aube,Hors agglomération,Hors intersection,Normale,Trois véhicules et plus - collisions multiples,,,,,,,,,,,2,1,1,1,5
200600046068,0006-08-31 13:30:00,6,8,31,13,30,680,15,RUE DES MIRABELLES,,,Plein jour,En agglomération,Hors intersection,Normale,Autre collision,,,,,,,,,,,1,2,1,1,6
200600046069,0006-08-23 16:45:00,6,8,23,16,45,680,70,e Dornach / rue  Zwiller,47.723,7.297,Plein jour,En agglomération,Hors intersection,Normale,Deux véhicules - côté,,,,,,,,,,,1,2,1,1,3
200600046070,0006-08-06 07:45:00,6,8,6,7,45,680,253,,47.799,7.524,Plein jour,Hors agglomération,Hors intersection,Pluie légère,Autre collision,,,,,,,,,,,1,1,1,2,6
200600046071,0006-08-22 12:40:00,6,8,22,12,40,680,20,rue de Bâle,,,Plein jour,En agglomération,Hors intersection,Normale,Autre collision,,,,,,,,,,,1,2,1,1,6
200600046072,0006-08-23 17:45:00,6,8,23,17,45,680,126,rue du ruisseau,,,Plein jour,En agglomération,Hors intersection,Normale,Autre collision,,,,,,,,,,,1,2,1,1,6
200600046073,0006-08-23 04:45:00,6,8,23,4,45,680,103,,47.68,7.43,Nuit sans éclairage public,Hors agglomération,Hors intersection,Normale,Autre collision,,,,,,,,,,,3,1,1,1,6
200600046074,0006-08-15 01:00:00,6,8,15,1,0,680,40,RN66,,,Plein jour,En agglomération,Hors intersection,Normale,Deux véhicules - frontale,,,,,,,,,,,1,2,1,1,1
200600046075,0006-08-05 23:15:00,6,8,5,23,15,680,63,échangeur RD 2 et RD 83,47.808,7.191,Nuit sans éclairage public,Hors agglomération,Hors intersection,Normale,Deux véhicules - frontale,,,,,,,,,,,3,1,1,1,1
200600046076,0006-08-25 19:00:00,6,8,25,19,0,680,63,RUE Gustave Effeil,,,Plein jour,En agglomération,Hors intersection,Normale,Autre collision,,,,,,,,,,,1,2,1,1,6
200600046077,0006-08-31 18:00:00,6,8,31,18,0,680,217,D13,,,Plein jour,Hors agglomération,Hors intersection,Normale,Deux véhicules - côté,,,,,,,,,,,1,1,1,1,3
200600046078,0006-08-11 16:30:00,6,8,11,16,30,510,303,"7, point kilométrique 30",,,Plein jour,Hors agglomération,Hors intersection,Normale,Deux véhicules - côté,,,,,,,,,,,1,1,1,1,3
200600046079,0006-08-17 15:00:00,6,8,17,15,0,510,193,,48.993,4.573,Plein jour,Hors agglomération,Hors intersection,Normale,Autre collision,,,,,,,,,,,1,1,1,1,6
200600046080,0006-08-20 10:15:00,6,8,20,10,15,510,648,14 rue de CHAMPAGNE,,,Plein jour,En agglomération,Hors intersection,Normale,Deux véhicules - frontale,,,,,,,,,,,1,2,1,1,1
200600046081,0006-08-22 07:15:00,6,8,22,7,15,510,548,,48.991,4.625,Plein jour,Hors agglomération,Hors intersection,Normale,Deux véhicules - frontale,,,,,,,,,,,1,1,1,1,1
200600046082,0006-08-09 23:15:00,6,8,9,23,15,510,476,,,,Nuit sans éclairage public,Hors agglomération,Intersection en T,Pluie légère,Deux véhicules - côté,,,,,,,,,,,3,1,3,2,3
200600046083,0006-08-27 20:30:00,6,8,27,20,30,510,612,CD9,,,Crépuscule ou aube,Hors agglomération,Hors intersection,Temps couvert,Autre collision,,,,,,,,,,,2,1,1,8,6
200600046084,0006-08-26 23:30:00,6,8,26,23,30,510,217,route de CHAVENAY,,,Nuit avec éclairage allumé,En agglomération,Hors intersection,Normale,Deux véhicules - côté,,,,,,,,,,,5,2,1,1,3
200600046085,0006-08-08 08:30:00,6,8,8,8,30,510,99,,48.815,4.24,Plein jour,Hors agglomération,Hors intersection,Normale,Deux véhicules - arrière,,,,,,,,,,,1,1,1,1,2
200600046086,0006-08-08 18:00:00,6,8,8,18,0,510,248,Avenue Charles DE GAULLE,48.757,3.986,Plein jour,En agglomération,Hors intersection,Normale,Deux véhicules - arrière,,,,,,,,,,,1,2,1,1,2
200600046087,0006-08-26 07:30:00,6,8,26,7,30,510,99,Rue Haute / Grande Rue,48.809,4.263,Plein jour,En agglomération,Hors intersection,Normale,Autre collision,,,,,,,,,,,1,2,1,1,6
200600046088,0006-08-03 12:45:00,6,8,3,12,45,510,535,,48.741,3.718,Plein jour,Hors agglomération,Hors intersection,Temps couvert,Deux véhicules - frontale,,,,,,,,,,,1,1,1,8,1
200600046089,0006-08-15 19:45:00,6,8,15,19,45,510,124,,48.634,3.649,Crépuscule ou aube,Hors agglomération,Hors intersection,Normale,Autre collision,,,,,,,,,,,2,1,1,1,6
200600046090,0006-08-24 23:30:00,6,8,24,23,30,510,254,"3, route de Champagne",48.625,3.688,Nuit sans éclairage public,En agglomération,Hors intersection,Normale,Autre collision,,,,,,,,,,,3,2,1,1,6
200600046091,0006-08-06 00:15:00,6,8,6,0,15,510,86,,,,Nuit sans éclairage public,Hors agglomération,Hors intersection,Normale,Sans collision,,,,,,,,,,,3,1,1,1,7
200600046092,0006-08-31 18:15:00,6,8,31,18,15,510,649,Rue Abraham de MOIVRE,,,Plein jour,En agglomération,Hors intersection,Normale,Deux véhicules - côté,,,,,,,,,,,1,2,1,1,3
200600046093,0006-08-02 18:45:00,6,8,2,18,45,80,302,RD1 PK19,49.885,4.73,Plein jour,Hors agglomération,Hors intersection,Pluie légère,Autre collision,,,,,,,,,,,1,1,1,2,6
200600046094,0006-08-12 16:15:00,6,8,12,16,15,80,237,,49.831,4.774,Plein jour,Hors agglomération,Hors intersection,Pluie forte,Deux véhicules - frontale,,,,,,,,,,,1,1,1,3,1
200600046095,0006-08-15 15:15:00,6,8,15,15,15,80,302,,49.895,4.743,Plein jour,Hors agglomération,Hors intersection,Normale,Deux véhicules - côté,,,,,,,,,,,1,1,1,1,3
200600046096,0006-08-26 00:45:00,6,8,26,0,45,80,81,rue du Sugnon,49.866,4.75,Nuit avec éclairage allumé,En agglomération,Hors intersection,Normale,Deux véhicules - frontale,,,,,,,,,,,5,2,1,1,1
200600046097,0006-08-10 07:45:00,6,8,10,7,45,80,185,Place Aristide Briand,49.996,4.702,Plein jour,En agglomération,Place,Normale,Deux véhicules - côté,,,,,,,,,,,1,2,7,1,3
200600046098,0006-08-19 19:00:00,6,8,19,19,0,80,487,carrefour Clos Baudouin,50.081,4.731,Plein jour,En agglomération,Autre intersection,Pluie légère,Deux véhicules - côté,,,,,,,,,,,1,2,9,2,3
200600046099,0006-08-31 18:45:00,6,8,31,18,45,80,488,devant le 1 rue de la do,49.735,4.828,Plein jour,En agglomération,Hors intersection,Normale,Autre collision,,,,,,,,,,,1,2,1,1,6
200600046100,0006-08-15 18:00:00,6,8,15,18,0,80,25,Place Charlemagne,49.482,4.579,Plein jour,En agglomération,Hors intersection,Normale,Deux véhicules - frontale,,,,,,,,,,,1,2,1,1,1
200600046101,0006-08-29 08:00:00,6,8,29,8,0,80,364,,49.491,4.65,Plein jour,Hors agglomération,Hors intersection,Normale,Sans collision,,,,,,,,,,,1,1,1,1,7
200600046102,0006-08-08 10:15:00,6,8,8,10,15,80,362,rue Jules Ferry,,,Plein jour,En agglomération,Autre intersection,Normale,Autre collision,,,,,,,,,,,1,2,9,1,6
200600046103,0006-08-26 15:50:00,6,8,26,15,50,80,396,rue pleu,,,Plein jour,En agglomération,Hors intersection,Normale,Autre collision,,,,,,,,,,,1,2,1,1,6
200600046104,0006-08-14 16:30:00,6,8,14,16,30,80,329,,49.59,4.411,Plein jour,Hors agglomération,Intersection en Y,Normale,Deux véhicules - frontale,,,,,,,,,,,1,1,4,1,1
200600046105,0006-08-12 18:00:00,6,8,12,18,0,100,436,,48.55,4.24,Plein jour,Hors agglomération,Hors intersection,Pluie légère,Autre collision,,,,,,,,,,,1,1,1,2,6
200600046106,0006-08-17 11:30:00,6,8,17,11,30,100,282,CD 20,,,Plein jour,Hors agglomération,Intersection en X,Normale,Deux véhicules - côté,,,,,,,,,,,1,1,2,1,3