accident_id,datetime,annee,mois,jour,heure,minute,departement,commune_insee,adresse,latitude,longitude,luminosite,agglomeration,intersection,meteo,collision,nb_vehicules,nb_usagers,nb_indemnes,nb_tues,nb_blesses_hosp,nb_blesses_legers,age_cond_1,age_cond_2,veh_type_cond_1,veh_type_cond_2,lum_code,agg_code,int_code,atm_code,col_code
200600046107,0006-08-11 04:45:00,6,8,11,4,45,100,8,,48.259,4.605,Nuit sans éclairage public,Hors agglomération,Hors intersection,Pluie légère,Autre collision,,,,,,,,,,,3,1,1,2,6
200600046108,0006-08-19 21:45:00,6,8,19,21,45,100,83,31+550 / CD 49C PK 1+100,,,Nuit sans éclairage public,Hors agglomération,Intersection en T,Normale,Deux véhicules - côté,,,,,,,,,,,3,1,3,1,3
200600046109,0006-08-31 13:30:00,6,8,31,13,30,520,380,,,,Plein jour,Hors agglomération,Hors intersection,Normale,Deux véhicules - côté,,,,,,,,,,,1,1,1,1,3
200600046110,0006-08-27 19:00:00,6,8,27,19,0,520,60,417- Lieu-dit Le Foulon,,,Plein jour,Hors agglomération,Hors intersection,Normale,Deux véhicules - côté,,,,,,,,,,,1,1,1,1,3
200600046111,0006-08-12 05:00:00,6,8,12,5,0,520,529,Rue de la Plage - RD 128,,,Nuit avec éclairage allumé,En agglomération,Hors intersection,Pluie légère,Autre collision,,,,,,,,,,,5,2,1,2,6
200600046112,0006-08-28 18:15:00,6,8,28,18,15,520,70,,47.811,5.29,Plein jour,Hors agglomération,Hors intersection,Temps couvert,Deux véhicules - frontale,,,,,,,,,,,1,1,1,8,1
200600046113,0006-08-04 23:00:00,6,8,4,23,0,520,357,CD 427 - 32 Grande Rue,,,Nuit sans éclairage public,En agglomération,Hors intersection,Normale,Autre collision,,,,,,,,,,,3,2,1,1,6
200600046114,0006-08-05 06:30:00,6,8,5,6,30,520,398,09 rue du Ham,,,Plein jour,En agglomération,Hors intersection,Normale,Autre collision,,,,,,,,,,,1,2,1,1,6
200600046115,0006-08-30 12:50:00,6,8,30,12,50,450,32,Autoroute A6 pk 94+100,,,Plein jour,Hors agglomération,Hors intersection,Normale,Autre collision,,,,,,,,,,,1,1,1,1,6
200600046116,0006-08-16 18:30:00,6,8,16,18,30,210,247,,47.487,4.178,Plein jour,Hors agglomération,Hors intersection,Normale,Sans collision,,,,,,,,,,,1,1,1,1,7
200600046117,0006-08-29 01:45:00,6,8,29,1,45,210,214,,,,Nuit sans éclairage public,Hors agglomération,Hors intersection,Autre,Deux véhicules - frontale,,,,,,,,,,,3,1,1,9,1
200600046118,0006-08-14 13:45:00,6,8,14,13,45,210,295,,47.227,4.928,Plein jour,Hors agglomération,Hors intersection,Normale,Deux véhicules - frontale,,,,,,,,,,,1,1,1,1,1
200600046119,0006-08-04 23:45:00,6,8,4,23,45,210,41,,47.618,5.001,Nuit sans éclairage public,Hors agglomération,Hors intersection,Normale,Sans collision,,,,,,,,,,,3,1,1,1,7
200600046120,0006-08-08 10:00:00,6,8,8,10,0,210,317,AVENUE CARNOT,47.527,5.114,Plein jour,En agglomération,Hors intersection,Temps couvert,Deux véhicules - côté,,,,,,,,,,,1,2,1,8,3
200600046121,0006-08-29 07:00:00,6,8,29,7,0,210,290,,47.493,5.155,Plein jour,Hors agglomération,Hors intersection,Normale,Deux véhicules - frontale,,,,,,,,,,,1,1,1,1,1
200600046122,0006-08-31 17:30:00,6,8,31,17,30,210,461,lace de l'hôtel de ville,,,Plein jour,En agglomération,Hors intersection,Temps éblouissant,Deux véhicules - frontale,,,,,,,,,,,1,2,1,7,1
200600046123,0006-08-02 15:45:00,6,8,2,15,45,210,363,,47.102,4.472,Plein jour,Hors agglomération,Hors intersection,Normale,Sans collision,,,,,,,,,,,1,1,1,1,7
200600046124,0006-08-13 08:45:00,6,8,13,8,45,210,189,,47.008,5.02,Plein jour,Hors agglomération,Hors intersection,Normale,Sans collision,,,,,,,,,,,1,1,1,1,7
200600046125,0006-08-12 10:45:00,6,8,12,10,45,210,343,,,,Plein jour,Hors agglomération,Hors intersection,Pluie légère,Sans collision,,,,,,,,,,,1,1,1,2,7
200600046126,0006-08-17 07:45:00,6,8,17,7,45,210,102,,47.191,4.277,Plein jour,Hors agglomération,Hors intersection,Brouillard / fumée,Autre collision,,,,,,,,,,,1,1,1,5,6
200600046127,0006-08-05 16:45:00,6,8,5,16,45,580,118,Lieu dit Le terrain,,,Plein jour,En agglomération,Passage à niveau,Normale,Deux véhicules - côté,,,,,,,,,,,1,2,8,1,3
200600046128,0006-08-06 18:00:00,6,8,6,18,0,580,247,,47.018,3.311,Plein jour,Hors agglomération,Hors intersection,Normale,Deux véhicules - frontale,,,,,,,,,,,1,1,1,1,1
200600046129,0006-08-09 20:45:00,6,8,9,20,45,580,134,Rue du 11 novembre 1918,,,Crépuscule ou aube,En agglomération,Hors intersection,Normale,Deux véhicules - côté,,,,,,,,,,,2,2,1,1,3
200600046130,0006-08-28 15:15:00,6,8,28,15,15,580,176,,,,Plein jour,Hors agglomération,Hors intersection,Pluie légère,Autre collision,,,,,,,,,,,1,1,1,2,6
200600046131,0006-08-29 17:15:00,6,8,29,17,15,580,72,,,,Plein jour,Hors agglomération,Hors intersection,Normale,Autre collision,,,,,,,,,,,1,1,1,1,6
200600046132,0006-08-23 17:00:00,6,8,23,17,0,580,260,,46.869,3.146,Plein jour,Hors agglomération,Hors intersection,Normale,Deux véhicules - côté,,,,,,,,,,,1,1,1,1,3
200600046133,0006-08-28 06:15:00,6,8,28,6,15,580,264,marcigny,,,Crépuscule ou aube,En agglomération,Hors intersection,Normale,Autre collision,,,,,,,,,,,2,2,1,1,6
200600046134,0006-08-16 00:01:00,6,8,16,0,1,580,277,,,,Nuit sans éclairage public,Hors agglomération,Hors intersection,Pluie légère,Sans collision,,,,,,,,,,,3,1,1,2,7
200600046135,0006-08-31 15:30:00,6,8,31,15,30,580,141,,47.12,3.996,Plein jour,Hors agglomération,Autre intersection,Normale,Deux véhicules - frontale,,,,,,,,,,,1,1,9,1,1
200600046136,0006-08-17 10:45:00,6,8,17,10,45,580,109,,,,Plein jour,Hors agglomération,Hors intersection,Normale,Deux véhicules - arrière,,,,,,,,,,,1,1,1,1,2
200600046137,0006-08-24 10:15:00,6,8,24,10,15,580,261,rue du 11 novembre,,,Plein jour,En agglomération,Hors intersection,Normale,Sans collision,,,,,,,,,,,1,2,1,1,7
200600046138,0006-08-27 18:15:00,6,8,27,18,15,580,298,,47.11,3.07,Plein jour,Hors agglomération,Hors intersection,Normale,Trois véhicules et plus - en chaîne,,,,,,,,,,,1,1,1,1,4
200600046139,0006-08-06 08:15:00,6,8,6,8,15,580,64,,47.284,3.237,Plein jour,Hors agglomération,Autre intersection,Normale,Autre collision,,,,,,,,,,,1,1,9,1,6
200600046140,0006-08-12 04:00:00,6,8,12,4,0,710,360,La Feuillarde,,,Nuit sans éclairage public,Hors agglomération,Hors intersection,Pluie légère,Autre collision,,,,,,,,,,,3,1,1,2,6
200600046141,0006-08-26 15:00:00,6,8,26,15,0,710,288,,46.48,4.61,Plein jour,Hors agglomération,Hors intersection,Normale,Deux véhicules - frontale,,,,,,,,,,,1,1,1,1,1
200600046142,0006-08-29 18:00:00,6,8,29,18,0,710,137,,46.43,4.66,Plein jour,Hors agglomération,Hors intersection,Normale,Autre collision,,,,,,,,,,,1,1,1,1,6
200600046143,0006-08-10 18:30:00,6,8,10,18,30,710,442,route de st berain,46.849,4.636,Plein jour,En agglomération,Hors intersection,Normale,Deux véhicules - côté,,,,,,,,,,,1,2,1,1,3
200600046144,0006-08-18 09:30:00,6,8,18,9,30,710,442,,46.845,4.637,Plein jour,Hors agglomération,Hors intersection,Normale,Deux véhicules - côté,,,,,,,,,,,1,1,1,1,3
200600046145,0006-08-27 03:00:00,6,8,27,3,0,710,124,rue principale,,,Nuit sans éclairage public,En agglomération,Hors intersection,Normale,Autre collision,,,,,,,,,,,3,2,1,1,6
200600046146,0006-08-06 06:45:00,6,8,6,6,45,710,336,1 ROUTE DE LOUHANS,,,Plein jour,En agglomération,Hors intersection,Normale,Deux véhicules - frontale,,,,,,,,,,,1,2,1,1,1
200600046147,0006-08-11 18:15:00,6,8,11,18,15,710,420,,,,Plein jour,Hors agglomération,Hors intersection,Pluie légère,Autre collision,,,,,,,,,,,1,1,1,2,6
200600046148,0006-08-13 19:45:00,6,8,13,19,45,710,398,,,,Plein jour,Hors agglomération,Hors intersection,Temps couvert,Autre collision,,,,,,,,,,,1,1,1,8,6
200600046149,0006-08-25 20:00:00,6,8,25,20,0,710,420,ROUTE DE CHALON,,,Plein jour,En agglomération,Hors intersection,Normale,Deux véhicules - frontale,,,,,,,,,,,1,2,1,1,1
200600046150,0006-08-06 07:15:00,6,8,6,7,15,710,249,Route de Sermaisey,,,Plein jour,En agglomération,Hors intersection,Normale,Autre collision,,,,,,,,,,,1,2,1,1,6
200600046151,0006-08-15 10:15:00,6,8,15,10,15,710,312,,46.809,5.008,Plein jour,Hors agglomération,Hors intersection,Normale,Deux véhicules - frontale,,,,,,,,,,,1,1,1,1,1
200600046152,0006-08-04 12:00:00,6,8,4,12,0,710,473,,46.258,4.364,Plein jour,Hors agglomération,Hors intersection,Normale,Autre collision,,,,,,,,,,,1,1,1,1,6
200600046153,0006-08-15 16:45:00,6,8,15,16,45,710,133,Route de BOIS STE MARIE,46.297,4.324,Plein jour,En agglomération,Hors intersection,Normale,Deux véhicules - côté,,,,,,,,,,,1,2,1,1,3
200600046154,0006-08-01 11:30:00,6,8,1,11,30,710,453,la maison neuve,,,Plein jour,Hors agglomération,Hors intersection,Normale,Sans collision,,,,,,,,,,,1,1,1,1,7
200600046155,0006-08-19 18:20:00,6,8,19,18,20,710,510,"""La Marque""",,,Plein jour,Hors agglomération,Hors intersection,Normale,Trois véhicules et plus - collisions multiples,,,,,,,,,,,1,1,1,1,5
200600046156,0006-08-12 04:45:00,6,8,12,4,45,710,588,,46.475,4.041,Nuit sans éclairage public,Hors agglomération,Hors intersection,Pluie légère,Autre collision,,,,,,,,,,,3,1,1,2,6
200600046157,0006-08-31 21:15:00,6,8,31,21,15,710,590,Dépatementale 979,46.45,4.157,Nuit sans éclairage public,Hors agglomération,Hors intersection,Normale,Deux véhicules - frontale,,,,,,,,,,,3,1,1,1,1
200600046158,0006-08-08 16:00:00,6,8,8,16,0,710,413,,,,Plein jour,Hors agglomération,Hors intersection,Normale,Deux véhicules - frontale,,,,,,,,,,,1,1,1,1,1
200600046159,0006-08-18 19:50:00,6,8,18,19,50,710,191,Le court Bouillon,,,Plein jour,Hors agglomération,Hors intersection,Normale,Deux véhicules - côté,,,,,,,,,,,1,1,1,1,3
200600046160,0006-08-26 20:30:00,6,8,26,20,30,710,47,route de Gueugnon,46.629,3.784,Crépuscule ou aube,En agglomération,Hors intersection,Temps couvert,Deux véhicules - frontale,,,,,,,,,,,2,2,1,8,1
200600046161,0006-08-13 14:00:00,6,8,13,14,0,710,565,Chevriot,,,Plein jour,Hors agglomération,Hors intersection,Pluie légère,Autre collision,,,,,,,,,,,1,1,1,2,6
200600046162,0006-08-30 10:40:00,6,8,30,10,40,710,340,Lieu dit le Minerai,,,Plein jour,Hors agglomération,Autre intersection,Normale,Deux véhicules - frontale,,,,,,,,,,,1,1,9,1,1
200600046163,0006-08-17 09:00:00,6,8,17,9,0,710,263,18 rue du guidon,,,Plein jour,En agglomération,Hors intersection,Normale,Autre collision,,,,,,,,,,,1,2,1,1,6
200600046164,0006-08-03 16:15:00,6,8,3,16,15,710,410,,,,Plein jour,Hors agglomération,Hors intersection,Normale,Autre collision,,,,,,,,,,,1,1,1,1,6
200600046165,0006-08-06 15:20:00,6,8,6,15,20,710,213,RD 975 Grand Velly,,,Plein jour,Hors agglomération,Hors intersection,Normale,Autre collision,,,,,,,,,,,1,1,1,1,6
200600046166,0006-08-15 14:15:00,6,8,15,14,15,710,523,,46.723,5.177,Plein jour,Hors agglomération,Intersection en X,Normale,Trois véhicules et plus - collisions multiples,,,,,,,,,,,1,1,2,1,5
200600046167,0006-08-12 04:00:00,6,8,12,4,0,710,295,Le Bourg,,,Nuit avec éclairage allumé,En agglomération,Intersection en X,Normale,Deux véhicules - côté,,,,,,,,,,,5,2,2,1,3
200600046168,0006-08-18 09:45:00,6,8,18,9,45,710,419,,,,Plein jour,Hors agglomération,Hors intersection,Normale,Autre collision,,,,,,,,,,,1,1,1,1,6
200600046169,0006-08-04 16:30:00,6,8,4,16,30,890,256,"PK 19, RN 151",,,Plein jour,Hors agglomération,Hors intersection,Normale,Deux véhicules - frontale,,,,,,,,,,,1,1,1,1,1
200600046170,0006-08-09 12:20:00,6,8,9,12,20,890,238,ROUTE DE FOURONNES,,,Plein jour,En agglomération,Hors intersection,Normale,Deux véhicules - arrière,,,,,,,,,,,1,2,1,1,2
200600046171,0006-08-11 15:45:00,6,8,11,15,45,890,233,RD 113,,,Plein jour,Hors agglomération,Hors intersection,Normale,Autre collision,,,,,,,,,,,1,1,1,1,6
200600046172,0006-08-05 18:15:00,6,8,5,18,15,890,276,Route de TROYES,,,Plein jour,En agglomération,Hors intersection,Pluie forte,Autre collision,,,,,,,,,,,1,2,1,3,6
200600046173,0006-08-06 20:45:00,6,8,6,20,45,890,242,,,,Plein jour,Hors agglomération,Hors intersection,Normale,Sans collision,,,,,,,,,,,1,1,1,1,7
200600046174,0006-08-08 20:00:00,6,8,8,20,0,890,368,,,,Plein jour,Hors agglomération,Hors intersection,Normale,Sans collision,,,,,,,,,,,1,1,1,1,7
200600046175,0006-08-05 18:00:00,6,8,5,18,0,890,297,,,,Plein jour,Hors agglomération,Hors intersection,Normale,Autre collision,,,,,,,,,,,1,1,1,1,6
200600046176,0006-08-05 18:30:00,6,8,5,18,30,890,433,RN6,,,Plein jour,Hors agglomération,Hors intersection,Normale,Autre collision,,,,,,,,,,,1,1,1,1,6
200600046177,0006-08-16 15:45:00,6,8,16,15,45,890,55,,48.005,3.618,Plein jour,Hors agglomération,Hors intersection,Temps couvert,Sans collision,,,,,,,,,,,1,1,1,8,7
200600046178,0006-08-22 06:00:00,6,8,22,6,0,890,214,,48.273,3.474,Nuit sans éclairage public,Hors agglomération,Hors intersection,Temps couvert,Deux véhicules - frontale,,,,,,,,,,,3,1,1,8,1
200600046179,0006-08-30 12:00:00,6,8,30,12,0,890,165,50 grande rue,,,Plein jour,En agglomération,Intersection en X,Normale,Deux véhicules - côté,,,,,,,,,,,1,2,2,1,3
200600046180,0006-08-10 15:15:00,6,8,10,15,15,890,136,,,,Plein jour,Hors agglomération,Hors intersection,Normale,Deux véhicules - frontale,,,,,,,,,,,1,1,1,1,1
200600046181,0006-08-24 19:00:00,6,8,24,19,0,890,480,90 rue victor hugo,48.354,3.138,Plein jour,En agglomération,Hors intersection,Pluie légère,Deux véhicules - côté,,,,,,,,,,,1,2,1,2,3
200600046182,0006-08-08 07:15:00,6,8,8,7,15,890,209,CD 41,,,Plein jour,Hors agglomération,Hors intersection,Normale,Sans collision,,,,,,,,,,,1,1,1,1,7
200600046183,0006-08-16 14:45:00,6,8,16,14,45,890,274,Grande rue,,,Plein jour,En agglomération,Hors intersection,Normale,Deux véhicules - arrière,,,,,,,,,,,1,2,1,1,2
200600046184,0006-08-25 05:50:00,6,8,25,5,50,890,428,CD 103,,,Nuit sans éclairage public,Hors agglomération,Hors intersection,Temps couvert,Autre collision,,,,,,,,,,,3,1,1,8,6
200600046185,0006-08-01 16:45:00,6,8,1,16,45,890,388,,,,Plein jour,Hors agglomération,Hors intersection,Normale,Deux véhicules - côté,,,,,,,,,,,1,1,1,1,3
200600046186,0006-08-14 18:15:00,6,8,14,18,15,890,464,,,,Plein jour,Hors agglomération,Hors intersection,Normale,Deux véhicules - côté,,,,,,,,,,,1,1,1,1,3
200600046187,0006-08-20 08:20:00,6,8,20,8,20,890,464,RN 6 - PK  39+810,,,Plein jour,Hors agglomération,Hors intersection,Normale,Autre collision,,,,,,,,,,,1,1,1,1,6
200600046188,0006-08-28 08:30:00,6,8,28,8,30,890,120,carrefour CD 76 et 141,,,Plein jour,Hors agglomération,Intersection en X,Normale,Deux véhicules - côté,,,,,,,,,,,1,1,2,1,3
200600046189,0006-08-27 19:15:00,6,8,27,19,15,890,262,,,,Plein jour,Hors agglomération,Hors intersection,Normale,Deux véhicules - frontale,,,,,,,,,,,1,1,1,1,1
200600046190,0006-08-31 13:45:00,6,8,31,13,45,250,395,Chemin de Chevillot,,,Plein jour,En agglomération,Hors intersection,Normale,Deux véhicules - frontale,,,,,,,,,,,1,2,1,1,1
200600046191,0006-08-26 11:00:00,6,8,26,11,0,250,434,Rue Pierre Vernier,,,Plein jour,En agglomération,Hors intersection,Normale,Autre collision,,,,,,,,,,,1,2,1,1,6
200600046192,0006-08-01 08:15:00,6,8,1,8,15,250,220,,,,Crépuscule ou aube,Hors agglomération,Hors intersection,Pluie légère,Autre collision,,,,,,,,,,,2,1,1,2,6
200600046193,0006-08-20 00:30:00,6,8,20,0,30,250,154,RN83,,,Nuit sans éclairage public,Hors agglomération,Hors intersection,Normale,Trois véhicules et plus - en chaîne,,,,,,,,,,,3,1,1,1,4
200600046194,0006-08-22 18:00:00,6,8,22,18,0,250,527,8 RUE DES  BUIS,47.187,5.816,Plein jour,En agglomération,Hors intersection,Normale,Deux véhicules - côté,,,,,,,,,,,1,2,1,1,3
200600046195,0006-08-16 16:45:00,6,8,16,16,45,250,57,uvelle route d'Héricourt,47.536,6.794,Plein jour,Hors agglomération,Hors intersection,Normale,Sans collision,,,,,,,,,,,1,1,1,1,7
200600046196,0006-08-08 23:00:00,6,8,8,23,0,250,43,énéral de Gaulle - RN463,,,Nuit avec éclairage allumé,En agglomération,Hors intersection,Normale,Deux véhicules - frontale,,,,,,,,,,,5,2,1,1,1
200600046197,0006-08-14 10:45:00,6,8,14,10,45,250,159,,,,Plein jour,Hors agglomération,Hors intersection,Pluie légère,Trois véhicules et plus - collisions multiples,,,,,,,,,,,1,1,1,2,5
200600046198,0006-08-19 18:45:00,6,8,19,18,45,250,322,Grande rue,,,Plein jour,En agglomération,Hors intersection,Normale,Deux véhicules - frontale,,,,,,,,,,,1,2,1,1,1
200600046199,0006-08-21 17:50:00,6,8,21,17,50,250,632,nd point de la charmotte,,,Plein jour,Hors agglomération,Hors intersection,Normale,Sans collision,,,,,,,,,,,1,1,1,1,7
200600046200,0006-08-27 02:15:00,6,8,27,2,15,250,71,,,,Nuit sans éclairage public,Hors agglomération,Hors intersection,Pluie légère,Autre collision,,,,,,,,,,,3,1,1,2,6
200600046201,0006-08-27 20:45:00,6,8,27,20,45,250,11,,47.544,6.883,Crépuscule ou aube,Hors agglomération,Hors intersection,Temps couvert,Deux véhicules - côté,,,,,,,,,,,2,1,1,8,3
200600046202,0006-08-11 12:00:00,6,8,11,12,0,250,456,,47.203,6.664,Plein jour,Hors agglomération,Hors intersection,Normale,Deux véhicules - côté,,,,,,,,,,,1,1,1,1,3
200600046203,0006-08-15 14:25:00,6,8,15,14,25,250,426,CD 437,,,Plein jour,Hors agglomération,Hors intersection,Normale,Deux véhicules - arrière,,,,,,,,,,,1,1,1,1,2
200600046204,0006-08-14 18:00:00,6,8,14,18,0,250,181,,47.509,6.42,Plein jour,Hors agglomération,Hors intersection,Normale,Deux véhicules - frontale,,,,,,,,,,,1,1,1,1,1
200600046205,0006-08-30 16:55:00,6,8,30,16,55,250,18,de Ferrière à GLAINANS,,,Plein jour,Hors agglomération,Hors intersection,Normale,Deux véhicules - frontale,,,,,,,,,,,1,1,1,1,1
200600046206,0006-08-08 14:00:00,6,8,8,14,0,250,382,chemin départemental 30,,,Plein jour,Hors agglomération,Hors intersection,Normale,Autre collision,,,,,,,,,,,1,1,1,1,6
200600046207,0006-08-09 19:00:00,6,8,9,19,0,250,560,41 rue des egraffeux,47.281,6.064,Plein jour,En agglomération,Hors intersection,Normale,Deux véhicules - frontale,,,,,,,,,,,1,2,1,1,1
200600046208,0006-08-02 11:30:00,6,8,2,11,30,250,333,,47.276,6.571,Plein jour,Hors agglomération,Hors intersection,Normale,Deux véhicules - frontale,,,,,,,,,,,1,1,1,1,1
200600046209,0006-08-02 15:30:00,6,8,2,15,30,250,601,,47.201,6.398,Plein jour,Hors agglomération,Hors intersection,Normale,Deux véhicules - côté,,,,,,,,,,,1,1,1,1,3
200600046210,0006-08-12 05:15:00,6,8,12,5,15,250,222,,47.165,6.256,Nuit avec éclairage allumé,Hors agglomération,Giratoire,Pluie légère,Sans collision,,,,,,,,,,,5,1,6,2,7
200600046211,0006-08-15 18:30:00,6,8,15,18,30,250,222,CD 461,47.161,6.268,Plein jour,Hors agglomération,Hors intersection,Normale,Autre collision,,,,,,,,,,,1,1,1,1,6
200600046212,0006-08-10 16:45:00,6,8,10,16,45,250,517,,,,Plein jour,Hors agglomération,Hors intersection,Normale,Deux véhicules - frontale,,,,,,,,,,,1,1,1,1,1
200600046213,0006-08-15 13:45:00,6,8,15,13,45,250,515,,,,Plein jour,Hors agglomération,Intersection en X,Normale,Deux véhicules - côté,,,,,,,,,,,1,1,2,1,3
200600046214,0006-08-20 05:30:00,6,8,20,5,30,250,157,,,,Nuit sans éclairage public,Hors agglomération,Hors intersection,Normale,Autre collision,,,,,,,,,,,3,1,1,1,6
200600046215,0006-08-23 18:45:00,6,8,23,18,45,250,160,,47.04,6.564,Plein jour,Hors agglomération,Hors intersection,Normale,Autre collision,,,,,,,,,,,1,1,1,1,6
200600046216,0006-08-30 19:00:00,6,8,30,19,0,250,620,,47.01,6.487,Plein jour,Hors agglomération,Hors intersection,Normale,Sans collision,,,,,,,,,,,1,1,1,1,7
200600046217,0006-08-12 22:15:00,6,8,12,22,15,390,326,,,,Nuit sans éclairage public,Hors agglomération,Hors intersection,Pluie légère,Autre collision,,,,,,,,,,,3,1,1,2,6
200600046218,0006-08-02 01:10:00,6,8,2,1,10,390,310,,46.781,5.559,Nuit sans éclairage public,Hors agglomération,Hors intersection,Normale,Autre collision,,,,,,,,,,,3,1,1,1,6
200600046219,0006-08-24 12:00:00,6,8,24,12,0,390,56,rue du Rondeau,46.753,5.456,Plein jour,En agglomération,Autre intersection,Pluie légère,Deux véhicules - frontale,,,,,,,,,,,1,2,9,2,1
200600046220,0006-08-19 04:15:00,6,8,19,4,15,390,320,,46.567,5.412,Nuit sans éclairage public,Hors agglomération,Hors intersection,Normale,Deux véhicules - frontale,,,,,,,,,,,3,1,1,1,1
200600046221,0006-08-25 20:00:00,6,8,25,20,0,390,13,,46.902,5.792,Crépuscule ou aube,Hors agglomération,Hors intersection,Normale,Deux véhicules - frontale,,,,,,,,,,,2,1,1,1,1
200600046222,0006-08-27 16:30:00,6,8,27,16,30,390,188,,47.26,5.561,Plein jour,Hors agglomération,Hors intersection,Normale,Trois véhicules et plus - collisions multiples,,,,,,,,,,,1,1,1,1,5
200600046223,0006-08-06 22:45:00,6,8,6,22,45,390,175,,,,Nuit sans éclairage public,Hors agglomération,Hors intersection,Temps couvert,Autre collision,,,,,,,,,,,3,1,1,8,6
200600046224,0006-08-25 13:00:00,6,8,25,13,0,390,478,Rue des Perrières,,,Plein jour,En agglomération,Hors intersection,Temps couvert,Deux véhicules - frontale,,,,,,,,,,,1,2,1,8,1
200600046225,0006-08-04 19:00:00,6,8,4,19,0,390,126,,,,Plein jour,Hors agglomération,Hors intersection,Pluie forte,Deux véhicules - frontale,,,,,,,,,,,1,1,1,3,1
200600046226,0006-08-24 18:15:00,6,8,24,18,15,390,63,,46.603,5.868,Plein jour,Hors agglomération,Hors intersection,Temps couvert,Autre collision,,,,,,,,,,,1,1,1,8,6
200600046227,0006-08-31 22:45:00,6,8,31,22,45,390,470,,46.511,6.029,Nuit avec éclairage allumé,Hors agglomération,Hors intersection,Normale,Sans collision,,,,,,,,,,,5,1,1,1,7
200600046228,0006-08-13 09:45:00,6,8,13,9,45,700,163,,,,Plein jour,Hors agglomération,Hors intersection,Pluie légère,Autre collision,,,,,,,,,,,1,1,1,2,6
200600046229,0006-08-14 15:30:00,6,8,14,15,30,700,163,,,,Plein jour,Hors agglomération,Hors intersection,Normale,Deux véhicules - frontale,,,,,,,,,,,1,1,1,1,1
200600046230,0006-08-10 17:45:00,6,8,10,17,45,700,175,,,,Plein jour,Hors agglomération,Hors intersection,Normale,Sans collision,,,,,,,,,,,1,1,1,1,7
200600046231,0006-08-19 22:15:00,6,8,19,22,15,700,44,rue de la Louvière,,,Nuit sans éclairage public,En agglomération,Hors intersection,Normale,Autre collision,,,,,,,,,,,3,2,1,1,6
200600046232,0006-08-19 13:15:00,6,8,19,13,15,700,581,"42, Grande rue",,,Plein jour,En agglomération,Hors intersection,Normale,Deux véhicules - frontale,,,,,,,,,,,1,2,1,1,1
200600046233,0006-08-21 23:45:00,6,8,21,23,45,700,310,AVENUE CARNOT,47.686,6.499,Nuit avec éclairage allumé,En agglomération,Hors intersection,Normale,Deux véhicules - arrière,,,,,,,,,,,5,2,1,1,2
200600046234,0006-08-13 17:45:00,6,8,13,17,45,700,380,CD 10,47.764,6.199,Plein jour,Hors agglomération,Hors intersection,Pluie légère,Autre collision,,,,,,,,,,,1,1,1,2,6
200600046235,0006-08-22 21:30:00,6,8,22,21,30,700,227,GRANDE RUE,47.847,6.564,Nuit avec éclairage allumé,En agglomération,Hors intersection,Normale,Deux véhicules - frontale,,,,,,,,,,,5,2,1,1,1
200600046236,0006-08-05 14:30:00,6,8,5,14,30,700,257,9 RUE DE L EGLISE,,,Plein jour,En agglomération,Hors intersection,Pluie légère,Deux véhicules - frontale,,,,,,,,,,,1,2,1,2,1
200600046237,0006-08-19 17:30:00,6,8,19,17,30,700,408,17 ave du général PONCET,,,Plein jour,En agglomération,Hors intersection,Normale,Sans collision,,,,,,,,,,,1,2,1,1,7
200600046238,0006-08-02 20:15:00,6,8,2,20,15,900,104,,47.622,6.899,Crépuscule ou aube,Hors agglomération,Hors intersection,Temps éblouissant,Deux véhicules - frontale,,,,,,,,,,,2,1,1,7,1
200600046239,0006-08-10 14:45:00,6,8,10,14,45,900,22,,47.574,6.858,Plein jour,Hors agglomération,Hors intersection,Pluie forte,Deux véhicules - côté,,,,,,,,,,,1,1,1,3,3
200600046240,0006-08-29 14:30:00,6,8,29,14,30,900,81,PK14 LES EPENATTES,,,Plein jour,Hors agglomération,Hors intersection,Pluie légère,Sans collision,,,,,,,,,,,1,1,1,2,7
200600046241,0006-08-24 23:15:00,6,8,24,23,15,900,54,,47.725,6.894,Nuit sans éclairage public,Hors agglomération,Hors intersection,Temps couvert,Autre collision,,,,,,,,,,,3,1,1,8,6
200600046242,0006-08-02 19:00:00,6,8,2,19,0,900,71,CD11,,,Plein jour,En agglomération,Hors intersection,Normale,Sans collision,,,,,,,,,,,1,2,1,1,7
200600046243,0006-08-24 08:55:00,6,8,24,8,55,260,332,"oroute A7, S/N, PK41+100",,,Plein jour,Hors agglomération,Hors intersection,Normale,Deux véhicules - côté,,,,,,,,,,,1,1,1,1,3
200600046244,0006-08-30 17:00:00,6,8,30,17,0,260,41,,,,Plein jour,Hors agglomération,Hors intersection,Normale,Sans collision,,,,,,,,,,,1,1,1,1,7
200600046245,0006-08-18 07:00:00,6,8,18,7,0,260,166,A7 PK 95+6 sens Sud/Nord,,,Plein jour,Hors agglomération,Hors intersection,Pluie légère,Autre collision,,,,,,,,,,,1,1,1,2,6