accident_id,datetime,annee,mois,jour,heure,minute,departement,commune_insee,adresse,latitude,longitude,luminosite,agglomeration,intersection,meteo,collision,nb_vehicules,nb_usagers,nb_indemnes,nb_tues,nb_blesses_hosp,nb_blesses_legers,age_cond_1,age_cond_2,veh_type_cond_1,veh_type_cond_2,lum_code,agg_code,int_code,atm_code,col_code
200600046796,0006-08-31 15:15:00,6,8,31,15,15,410,208,,47.585,1.064,Plein jour,Hors agglomération,Hors intersection,Normale,Deux véhicules - frontale,,,,,,,,,,,1,1,1,1,1
200600046797,0006-08-21 06:55:00,6,8,21,6,55,740,42,A40,,,Plein jour,Hors agglomération,Hors intersection,Normale,Sans collision,,,,,,,,,,,1,1,1,1,7
200600046798,0006-08-16 17:15:00,6,8,16,17,15,300,34,,,,Plein jour,Hors agglomération,Hors intersection,Normale,Trois véhicules et plus - collisions multiples,,,,,,,,,,,1,1,1,1,5
200600046799,0006-08-17 12:15:00,6,8,17,12,15,300,60,,,,Plein jour,Hors agglomération,Hors intersection,Normale,Autre collision,,,,,,,,,,,1,1,1,1,6
200600046800,0006-08-20 20:15:00,6,8,20,20,15,340,294,,,,Plein jour,Hors agglomération,Hors intersection,Normale,Sans collision,,,,,,,,,,,1,1,1,1,7
200600046801,0006-08-29 22:00:00,6,8,29,22,0,300,317,,,,Nuit sans éclairage public,Hors agglomération,Hors intersection,Pluie forte,Deux véhicules - arrière,,,,,,,,,,,3,1,1,3,2
200600046802,0006-08-21 06:00:00,6,8,21,6,0,110,262,,,,Nuit sans éclairage public,Hors agglomération,Autre intersection,Normale,Trois véhicules et plus - collisions multiples,,,,,,,,,,,3,1,9,1,5
200600046803,0006-08-15 19:15:00,6,8,15,19,15,370,27,,,,Plein jour,Hors agglomération,Hors intersection,Normale,Autre collision,,,,,,,,,,,1,1,1,1,6
200600046804,0006-08-28 21:45:00,6,8,28,21,45,370,156,Rue de greux,,,Nuit sans éclairage public,En agglomération,Passage à niveau,Normale,Deux véhicules - côté,,,,,,,,,,,3,2,8,1,3
200600046805,0006-08-30 12:35:00,6,8,30,12,35,370,156,Rue pierre maitre,,,Plein jour,En agglomération,Hors intersection,Normale,Deux véhicules - arrière,,,,,,,,,,,1,2,1,1,2
200600046806,0006-08-31 10:30:00,6,8,31,10,30,370,8,,47.344,0.881,Plein jour,Hors agglomération,Hors intersection,Normale,Deux véhicules - frontale,,,,,,,,,,,1,1,1,1,1
200600046807,0006-08-05 08:15:00,6,8,5,8,15,280,311,,,,Plein jour,Hors agglomération,Hors intersection,Normale,Sans collision,,,,,,,,,,,1,1,1,1,7
200600046808,0006-08-13 13:55:00,6,8,13,13,55,280,392,PK 62 + 200,,,Plein jour,Hors agglomération,Hors intersection,Normale,Sans collision,,,,,,,,,,,1,1,1,1,7
200600046809,0006-08-29 14:05:00,6,8,29,14,5,450,232,,,,Plein jour,Hors agglomération,Autre intersection,Pluie légère,Autre collision,,,,,,,,,,,1,1,9,2,6
200600046810,0006-08-27 13:30:00,6,8,27,13,30,130,32,,,,Plein jour,Hors agglomération,Hors intersection,Normale,Sans collision,,,,,,,,,,,1,1,1,1,7
200600046811,0006-08-22 17:10:00,6,8,22,17,10,740,224,A41N,46.067,6.293,Plein jour,Hors agglomération,Hors intersection,Normale,Deux véhicules - arrière,,,,,,,,,,,1,1,1,1,2
200600046812,0006-08-27 01:45:00,6,8,27,1,45,740,262,A41N - PR 164 + 500,,,Nuit sans éclairage public,Hors agglomération,Hors intersection,Pluie forte,Deux véhicules - arrière,,,,,,,,,,,3,1,1,3,2
200600046813,0006-08-03 20:55:00,6,8,3,20,55,380,44,A48,45.486,5.398,Nuit sans éclairage public,Hors agglomération,Hors intersection,Pluie forte,Autre collision,,,,,,,,,,,3,1,1,3,6
200600046814,0006-08-01 19:00:00,6,8,1,19,0,140,712,"AEN / PARIS, sortie n°30",,,Plein jour,Hors agglomération,Autre intersection,Normale,Autre collision,,,,,,,,,,,1,1,9,1,6
200600046815,0006-08-03 15:45:00,6,8,3,15,45,280,253,,,,Plein jour,Hors agglomération,Hors intersection,Vent fort / tempête,Deux véhicules - arrière,,,,,,,,,,,1,1,1,6,2
200600046816,0006-08-07 12:00:00,6,8,7,12,0,280,139,,,,Plein jour,Hors agglomération,Hors intersection,Normale,Sans collision,,,,,,,,,,,1,1,1,1,7
200600046817,0006-08-24 19:00:00,6,8,24,19,0,280,253,,,,Plein jour,Hors agglomération,Hors intersection,Normale,Deux véhicules - côté,,,,,,,,,,,1,1,1,1,3
200600046818,0006-08-26 00:15:00,6,8,26,0,15,280,403,"nt kilométrique 66+270,",,,Nuit sans éclairage public,Hors agglomération,Hors intersection,Normale,Sans collision,,,,,,,,,,,3,1,1,1,7
200600046819,0006-08-25 16:00:00,6,8,25,16,0,410,52,,,,Plein jour,Hors agglomération,Hors intersection,Normale,Autre collision,,,,,,,,,,,1,1,1,1,6
200600046820,0006-08-28 17:15:00,6,8,28,17,15,690,27,chemin des Tards Venus,,,Plein jour,En agglomération,Hors intersection,Pluie forte,Deux véhicules - arrière,,,,,,,,,,,1,2,1,3,2
200600046821,0006-08-08 17:00:00,6,8,8,17,0,340,157,,43.435,3.561,Plein jour,Hors agglomération,Autre intersection,Normale,Deux véhicules - frontale,,,,,,,,,,,1,1,9,1,1
200600046822,0006-08-11 21:00:00,6,8,11,21,0,340,157,,,,Crépuscule ou aube,Hors agglomération,Hors intersection,Normale,Autre collision,,,,,,,,,,,2,1,1,1,6
200600046823,0006-08-28 19:50:00,6,8,28,19,50,340,329,AUTOROUTE A9,43.306,3.216,Crépuscule ou aube,Hors agglomération,Hors intersection,Normale,Deux véhicules - arrière,,,,,,,,,,,2,1,1,1,2
200600046824,0006-08-04 13:50:00,6,8,4,13,50,150,207,pk 75+000,,,Plein jour,Hors agglomération,Hors intersection,Normale,Autre collision,,,,,,,,,,,1,1,1,1,6
200600046825,0006-08-16 16:00:00,6,8,16,16,0,310,506,,43.572,1.532,Plein jour,Hors agglomération,Hors intersection,Normale,Deux véhicules - côté,,,,,,,,,,,1,1,1,1,3
200600046826,0006-08-25 13:15:00,6,8,25,13,15,640,38,,43.451,-1.543,Plein jour,Hors agglomération,Hors intersection,Pluie forte,Sans collision,,,,,,,,,,,1,1,1,3,7
200600046827,0006-08-13 14:45:00,6,8,13,14,45,510,569,int kilométrique 264+000,49.252,3.956,Plein jour,Hors agglomération,Hors intersection,Pluie forte,Autre collision,,,,,,,,,,,1,1,1,3,6
200600046828,0006-08-18 08:00:00,6,8,18,8,0,910,105,CD 19- rue de la Gare,,,Plein jour,En agglomération,Hors intersection,Normale,Sans collision,,,,,,,,,,,1,2,1,1,7
200600046829,0006-08-31 18:00:00,6,8,31,18,0,690,81,avenue de Verdun,45.78,4.785,Plein jour,En agglomération,Intersection en T,Normale,Trois véhicules et plus - collisions multiples,,,,,,,,,,,1,2,3,1,5
200600046830,0006-08-27 12:30:00,6,8,27,12,30,380,486,14 rue Jean Moulin,45.169,5.699,Plein jour,En agglomération,Hors intersection,Normale,Deux véhicules - frontale,,,,,,,,,,,1,2,1,1,1
200600046831,0006-08-01 11:55:00,6,8,1,11,55,380,52,RD 1091,,,Plein jour,Hors agglomération,Hors intersection,Normale,Deux véhicules - frontale,,,,,,,,,,,1,1,1,1,1
200600046832,0006-08-31 21:15:00,6,8,31,21,15,510,588,,,,Nuit sans éclairage public,Hors agglomération,Hors intersection,Normale,Deux véhicules - arrière,,,,,,,,,,,3,1,1,1,2
200600046833,0006-08-05 16:30:00,6,8,5,16,30,370,41,8 au niveau du PK 43+200,,,Plein jour,Hors agglomération,Autre intersection,Normale,Deux véhicules - frontale,,,,,,,,,,,1,1,9,1,1
200600046834,0006-08-03 09:00:00,6,8,3,9,0,60,88,,,,Plein jour,Hors agglomération,Hors intersection,Normale,Trois véhicules et plus - en chaîne,,,,,,,,,,,1,1,1,1,4
200600046835,0006-08-07 18:45:00,6,8,7,18,45,60,88,,43.739,7.314,Plein jour,Hors agglomération,Hors intersection,Normale,Deux véhicules - frontale,,,,,,,,,,,1,1,1,1,1
200600046836,0006-08-11 23:00:00,6,8,11,23,0,60,88,,,,Nuit avec éclairage allumé,Hors agglomération,Hors intersection,Normale,Autre collision,,,,,,,,,,,5,1,1,1,6
200600046837,0006-08-18 04:45:00,6,8,18,4,45,60,88,,43.714,7.197,Nuit sans éclairage public,Hors agglomération,Hors intersection,Pluie légère,Autre collision,,,,,,,,,,,3,1,1,2,6
200600046838,0006-08-28 13:00:00,6,8,28,13,0,60,104,PR 215,,,Plein jour,Hors agglomération,Hors intersection,Normale,Autre collision,,,,,,,,,,,1,1,1,1,6
200600046839,0006-08-21 23:00:00,6,8,21,23,0,660,63,,,,Nuit sans éclairage public,Hors agglomération,Hors intersection,Normale,Trois véhicules et plus - en chaîne,,,,,,,,,,,3,1,1,1,4
200600046840,0006-08-14 02:15:00,6,8,14,2,15,620,480,,50.502,2.672,Nuit sans éclairage public,Hors agglomération,Hors intersection,Temps couvert,Sans collision,,,,,,,,,,,3,1,1,8,7
200600046841,0006-08-18 21:00:00,6,8,18,21,0,620,224,,50.541,2.544,Plein jour,Hors agglomération,Hors intersection,Pluie forte,Sans collision,,,,,,,,,,,1,1,1,3,7
200600046842,0006-08-26 20:15:00,6,8,26,20,15,380,431,A 41 PK 10.200,,,Crépuscule ou aube,Hors agglomération,Hors intersection,Normale,Deux véhicules - arrière,,,,,,,,,,,2,1,1,1,2
200600046843,0006-08-02 14:00:00,6,8,2,14,0,860,158,utorouteA10 - PK 301+300,,,Plein jour,Hors agglomération,Hors intersection,Normale,Autre collision,,,,,,,,,,,1,1,1,1,6
200600046844,0006-08-08 12:45:00,6,8,8,12,45,860,7,,,,Plein jour,Hors agglomération,Hors intersection,Vent fort / tempête,Autre collision,,,,,,,,,,,1,1,1,6,6
200600046845,0006-08-12 17:50:00,6,8,12,17,50,860,280,,,,Plein jour,Hors agglomération,Hors intersection,Normale,Autre collision,,,,,,,,,,,1,1,1,1,6
200600046846,0006-08-16 08:45:00,6,8,16,8,45,860,115,utoroute A10 -PK 293+750,,,Plein jour,Hors agglomération,Hors intersection,Normale,Sans collision,,,,,,,,,,,1,1,1,1,7
200600046847,0006-08-02 21:15:00,6,8,2,21,15,250,230,,,,Nuit avec éclairage allumé,Hors agglomération,Hors intersection,Normale,Autre collision,,,,,,,,,,,5,1,1,1,6
200600046848,0006-08-14 20:15:00,6,8,14,20,15,130,25,,43.485,5.56,Plein jour,Hors agglomération,Hors intersection,Normale,Autre collision,,,,,,,,,,,1,1,1,1,6
200600046849,0006-08-20 18:45:00,6,8,20,18,45,130,1,,43.52,5.432,Plein jour,Hors agglomération,Hors intersection,Normale,Trois véhicules et plus - collisions multiples,,,,,,,,,,,1,1,1,1,5
200600046850,0006-08-25 03:00:00,6,8,25,3,0,130,25,,43.486,5.563,Nuit sans éclairage public,Hors agglomération,Hors intersection,Normale,Autre collision,,,,,,,,,,,3,1,1,1,6
200600046851,0006-08-05 00:45:00,6,8,5,0,45,60,85,sens NICE - FREJUS commu,,,Nuit sans éclairage public,Hors agglomération,Hors intersection,Normale,Deux véhicules - arrière,,,,,,,,,,,3,1,1,1,2
200600046852,0006-08-26 09:50:00,6,8,26,9,50,60,4,Autoroute A.8,,,Plein jour,Hors agglomération,Hors intersection,Normale,Autre collision,,,,,,,,,,,1,1,1,1,6
200600046853,0006-08-27 06:25:00,6,8,27,6,25,60,4,"ençale, péage  voie NORD",,,Crépuscule ou aube,Hors agglomération,Autre intersection,Normale,Autre collision,,,,,,,,,,,2,1,9,1,6
200600046854,0006-08-11 05:45:00,6,8,11,5,45,770,141,,,,Nuit sans éclairage public,Hors agglomération,Hors intersection,Normale,Trois véhicules et plus - collisions multiples,,,,,,,,,,,3,1,1,1,5
200600046855,0006-08-09 06:00:00,6,8,9,6,0,660,228,,,,Plein jour,Hors agglomération,Hors intersection,Autre,Deux véhicules - côté,,,,,,,,,,,1,1,1,9,3
200600046856,0006-08-01 18:30:00,6,8,1,18,30,590,141,CD 113,,,Plein jour,Hors agglomération,Hors intersection,Normale,Deux véhicules - frontale,,,,,,,,,,,1,1,1,1,1
200600046857,0006-08-06 00:01:00,6,8,6,0,1,590,547,CD 45,50.196,3.418,Nuit sans éclairage public,En agglomération,Hors intersection,Normale,Autre collision,,,,,,,,,,,3,2,1,1,6
200600046858,0006-08-20 10:30:00,6,8,20,10,30,470,159,FOUR - aire MAS AGENAIS,,,Plein jour,Hors agglomération,Autre intersection,Normale,Sans collision,,,,,,,,,,,1,1,9,1,7
200600046859,0006-08-12 16:45:00,6,8,12,16,45,280,252,Autoroute A11,,,Plein jour,Hors agglomération,Hors intersection,Autre,Sans collision,,,,,,,,,,,1,1,1,9,7
200600046860,0006-08-20 01:15:00,6,8,20,1,15,910,225,,48.678,2.5,Nuit sans éclairage public,Hors agglomération,Hors intersection,Autre,Autre collision,,,,,,,,,,,3,1,1,9,6
200600046861,0006-08-02 04:00:00,6,8,2,4,0,380,253,"CD 213  PK 1,2",,,Nuit sans éclairage public,Hors agglomération,Hors intersection,Normale,Sans collision,,,,,,,,,,,3,1,1,1,7
200600046862,0006-08-04 18:45:00,6,8,4,18,45,330,122,,44.71,-0.752,Plein jour,Hors agglomération,Hors intersection,Normale,Sans collision,,,,,,,,,,,1,1,1,1,7
200600046863,0006-08-14 07:30:00,6,8,14,7,30,720,249,,,,Plein jour,Hors agglomération,Hors intersection,Normale,Autre collision,,,,,,,,,,,1,1,1,1,6
200600046864,0006-08-05 12:45:00,6,8,5,12,45,680,266,A.35,47.901,7.375,Plein jour,Hors agglomération,Hors intersection,Pluie forte,Autre collision,,,,,,,,,,,1,1,1,3,6
200600046865,0006-08-14 23:45:00,6,8,14,23,45,680,22,Autoroute A.35,,,Nuit sans éclairage public,Hors agglomération,Hors intersection,Normale,Autre collision,,,,,,,,,,,3,1,1,1,6
200600046866,0006-08-07 18:30:00,6,8,7,18,30,470,267,,,,Plein jour,Hors agglomération,Hors intersection,Normale,Deux véhicules - arrière,,,,,,,,,,,1,1,1,1,2
200600046867,0006-08-10 05:45:00,6,8,10,5,45,470,186,,44.217,0.451,Nuit sans éclairage public,Hors agglomération,Hors intersection,Normale,Deux véhicules - frontale,,,,,,,,,,,3,1,1,1,1
200600046868,0006-08-09 16:00:00,6,8,9,16,0,201,65,,,,Plein jour,Hors agglomération,Hors intersection,Pluie légère,Autre collision,,,,,,,,,,,1,1,1,2,6
200600046869,0006-08-20 19:15:00,6,8,20,19,15,201,70,"D81 - Lieu-dit ""Tiuccia""",,,Plein jour,En agglomération,Hors intersection,Temps couvert,Deux véhicules - côté,,,,,,,,,,,1,2,1,8,3
200600046870,0006-08-02 00:10:00,6,8,2,0,10,390,501,,,,Nuit sans éclairage public,Hors agglomération,Hors intersection,Normale,Deux véhicules - arrière,,,,,,,,,,,3,1,1,1,2
200600046871,0006-08-12 00:15:00,6,8,12,0,15,390,501,,,,Nuit sans éclairage public,Hors agglomération,Hors intersection,Pluie légère,Trois véhicules et plus - collisions multiples,,,,,,,,,,,3,1,1,2,5
200600046872,0006-08-13 08:15:00,6,8,13,8,15,390,501,,,,Plein jour,Hors agglomération,Hors intersection,Pluie forte,Deux véhicules - côté,,,,,,,,,,,1,1,1,3,3
200600046873,0006-08-26 11:00:00,6,8,26,11,0,390,233,,,,Plein jour,Hors agglomération,Hors intersection,Pluie légère,Deux véhicules - côté,,,,,,,,,,,1,1,1,2,3
200600046874,0006-08-28 11:30:00,6,8,28,11,30,380,249,néral  De Gaulle   RN 90,,,Plein jour,En agglomération,Hors intersection,Normale,Deux véhicules - frontale,,,,,,,,,,,1,2,1,1,1
200600046875,0006-08-14 17:00:00,6,8,14,17,0,60,85,RN85,,,Plein jour,En agglomération,Hors intersection,Normale,Deux véhicules - frontale,,,,,,,,,,,1,2,1,1,1
200600046876,0006-08-31 17:15:00,6,8,31,17,15,780,10,CD 45,,,Plein jour,En agglomération,Hors intersection,Normale,Deux véhicules - frontale,,,,,,,,,,,1,2,1,1,1
200600046877,0006-08-30 18:00:00,6,8,30,18,0,330,90,AV SALVADOR ALLENDE,,,Plein jour,En agglomération,Hors intersection,Normale,Autre collision,,,,,,,,,,,1,2,1,1,6
200600046878,0006-08-04 11:15:00,6,8,4,11,15,660,195,Avenue Victor Hugo,,,Plein jour,En agglomération,Hors intersection,Normale,Deux véhicules - arrière,,,,,,,,,,,1,2,1,1,2
200600046879,0006-08-12 06:15:00,6,8,12,6,15,670,125,,,,Crépuscule ou aube,Hors agglomération,Hors intersection,Normale,Autre collision,,,,,,,,,,,2,1,1,1,6
200600046880,0006-08-16 15:07:00,6,8,16,15,7,670,223,Autoroute A 35,,,Plein jour,Hors agglomération,Hors intersection,Normale,Trois véhicules et plus - en chaîne,,,,,,,,,,,1,1,1,1,4
200600046881,0006-08-18 07:00:00,6,8,18,7,0,860,123,PK 329,,,Crépuscule ou aube,Hors agglomération,Hors intersection,Normale,Autre collision,,,,,,,,,,,2,1,1,1,6
200600046882,0006-08-08 13:35:00,6,8,8,13,35,220,372,la noë Bertho,,,Plein jour,Hors agglomération,Intersection en T,Normale,Deux véhicules - frontale,,,,,,,,,,,1,1,3,1,1
200600046883,0006-08-16 21:25:00,6,8,16,21,25,740,268,Route des Creuse,,,Nuit avec éclairage allumé,En agglomération,Hors intersection,Temps couvert,Deux véhicules - côté,,,,,,,,,,,5,2,1,8,3
200600046884,0006-08-25 16:45:00,6,8,25,16,45,740,268,84 avenue d'Aix les Bain,45.892,6.105,Plein jour,En agglomération,Hors intersection,Normale,Trois véhicules et plus - collisions multiples,,,,,,,,,,,1,2,1,1,5
200600046885,0006-08-01 18:00:00,6,8,1,18,0,10,43,,45.825,4.995,Plein jour,Hors agglomération,Hors intersection,Normale,Deux véhicules - arrière,,,,,,,,,,,1,1,1,1,2
200600046886,0006-08-15 15:30:00,6,8,15,15,30,10,32,,,,Plein jour,Hors agglomération,Hors intersection,Normale,Autre collision,,,,,,,,,,,1,1,1,1,6
200600046887,0006-08-22 23:15:00,6,8,22,23,15,510,629,,49.168,4.018,Nuit avec éclairage allumé,En agglomération,Hors intersection,Normale,Autre collision,,,,,,,,,,,5,2,1,1,6
200600046888,0006-08-05 12:00:00,6,8,5,12,0,520,27,,,,Plein jour,Hors agglomération,Hors intersection,Normale,Trois véhicules et plus - en chaîne,,,,,,,,,,,1,1,1,1,4
200600046889,0006-08-18 21:00:00,6,8,18,21,0,310,157,2 route de tournefeuille,43.54,1.33,Crépuscule ou aube,En agglomération,Hors intersection,Normale,Autre collision,,,,,,,,,,,2,2,1,1,6
200600046890,0006-08-22 01:10:00,6,8,22,1,10,310,203,50 avenue des pyrenées,43.52,1.334,Nuit avec éclairage allumé,En agglomération,Hors intersection,Normale,Autre collision,,,,,,,,,,,5,2,1,1,6
200600046891,0006-08-31 11:00:00,6,8,31,11,0,310,157,Avenue du Comminges,43.538,1.361,Plein jour,En agglomération,Hors intersection,Normale,Deux véhicules - frontale,,,,,,,,,,,1,2,1,1,1
200600046892,0006-08-07 08:30:00,6,8,7,8,30,60,18,", rond point des chappes",,,Plein jour,Hors agglomération,Giratoire,Normale,Deux véhicules - côté,,,,,,,,,,,1,1,6,1,3
200600046893,0006-08-23 17:00:00,6,8,23,17,0,60,18,"RD 504, route des colles",,,Plein jour,Hors agglomération,Hors intersection,Normale,Deux véhicules - côté,,,,,,,,,,,1,1,1,1,3
200600046894,0006-08-23 07:15:00,6,8,23,7,15,60,18,785 chemin des Issarts,,,Plein jour,Hors agglomération,Hors intersection,Normale,Deux véhicules - frontale,,,,,,,,,,,1,1,1,1,1
200600046895,0006-08-29 17:00:00,6,8,29,17,0,690,33,,45.87,4.88,Plein jour,Hors agglomération,Hors intersection,Pluie forte,Deux véhicules - arrière,,,,,,,,,,,1,1,1,3,2
200600046896,0006-08-02 22:30:00,6,8,2,22,30,380,340,pont du cd4,45.46,4.769,Nuit avec éclairage allumé,En agglomération,Hors intersection,Pluie légère,Deux véhicules - frontale,,,,,,,,,,,5,2,1,2,1
200600046897,0006-08-04 14:45:00,6,8,4,14,45,380,353,Intersection Rue des Mar,,,Plein jour,En agglomération,Hors intersection,Normale,Deux véhicules - côté,,,,,,,,,,,1,2,1,1,3
200600046898,0006-08-05 17:30:00,6,8,5,17,30,740,120,Lieu dit Daudens,,,Plein jour,Hors agglomération,Hors intersection,Temps couvert,Deux véhicules - frontale,,,,,,,,,,,1,1,1,8,1
200600046899,0006-08-09 14:45:00,6,8,9,14,45,740,303,CD 175,,,Plein jour,Hors agglomération,Hors intersection,Normale,Deux véhicules - frontale,,,,,,,,,,,1,1,1,1,1
200600046900,0006-08-10 19:15:00,6,8,10,19,15,340,255,CD 127,,,Plein jour,Hors agglomération,Hors intersection,Normale,Deux véhicules - frontale,,,,,,,,,,,1,1,1,1,1
200600046901,0006-08-13 22:15:00,6,8,13,22,15,340,255,,,,Nuit sans éclairage public,Hors agglomération,Hors intersection,Normale,Sans collision,,,,,,,,,,,3,1,1,1,7
200600046902,0006-08-01 08:00:00,6,8,1,8,0,780,152,,48.859,1.967,Plein jour,Hors agglomération,Autre intersection,Autre,Deux véhicules - frontale,,,,,,,,,,,1,1,9,9,1
200600046903,0006-08-08 16:20:00,6,8,8,16,20,760,244,,,,Plein jour,Hors agglomération,Hors intersection,Normale,Sans collision,,,,,,,,,,,1,1,1,1,7
200600046904,0006-08-15 03:40:00,6,8,15,3,40,350,275,"PK 72+ 200m , LE GRIPAIL",,,Nuit sans éclairage public,Hors agglomération,Hors intersection,Normale,Trois véhicules et plus - collisions multiples,,,,,,,,,,,3,1,1,1,5
200600046905,0006-08-06 00:15:00,6,8,6,0,15,560,5,,,,Nuit sans éclairage public,Hors agglomération,Hors intersection,Normale,Deux véhicules - côté,,,,,,,,,,,3,1,1,1,3
200600046906,0006-08-12 20:45:00,6,8,12,20,45,560,243,,47.618,-2.738,Plein jour,Hors agglomération,Giratoire,Normale,Deux véhicules - arrière,,,,,,,,,,,1,1,6,1,2
200600046907,0006-08-17 21:00:00,6,8,17,21,0,560,240,,47.542,-2.695,Crépuscule ou aube,Hors agglomération,Hors intersection,Pluie légère,Sans collision,,,,,,,,,,,2,1,1,2,7
200600046908,0006-08-15 20:15:00,6,8,15,20,15,560,240,,47.54,-2.742,Plein jour,Hors agglomération,Hors intersection,Normale,Deux véhicules - frontale,,,,,,,,,,,1,1,1,1,1
200600046909,0006-08-19 12:00:00,6,8,19,12,0,560,240,,47.514,-2.807,Plein jour,Hors agglomération,Hors intersection,Normale,Deux véhicules - arrière,,,,,,,,,,,1,1,1,1,2
200600046910,0006-08-28 19:00:00,6,8,28,19,0,560,240,,47.53,-2.8,Plein jour,Hors agglomération,Hors intersection,Normale,Trois véhicules et plus - collisions multiples,,,,,,,,,,,1,1,1,1,5
200600046911,0006-08-29 15:45:00,6,8,29,15,45,560,5,,47.54,-2.88,Plein jour,Hors agglomération,Hors intersection,Normale,Deux véhicules - arrière,,,,,,,,,,,1,1,1,1,2
200600046912,0006-08-15 22:00:00,6,8,15,22,0,420,75,ns Clermont Ferrand/St e,45.579,4.219,Nuit sans éclairage public,Hors agglomération,Hors intersection,Pluie forte,Trois véhicules et plus - en chaîne,,,,,,,,,,,3,1,1,3,4
200600046913,0006-08-29 19:45:00,6,8,29,19,45,420,47,,45.85,3.79,Crépuscule ou aube,Hors agglomération,Hors intersection,Pluie légère,Autre collision,,,,,,,,,,,2,1,1,2,6
200600046914,0006-08-02 10:10:00,6,8,2,10,10,180,50,.600 sens Province PARIS,,,Plein jour,Hors agglomération,Hors intersection,Normale,Autre collision,,,,,,,,,,,1,1,1,1,6
200600046915,0006-08-05 14:30:00,6,8,5,14,30,180,138,,,,Plein jour,Hors agglomération,Hors intersection,Normale,Autre collision,,,,,,,,,,,1,1,1,1,6
200600046916,0006-08-15 14:20:00,6,8,15,14,20,410,46,.600 sens Province PARIS,,,Plein jour,Hors agglomération,Hors intersection,Temps couvert,Sans collision,,,,,,,,,,,1,1,1,8,7
200600046917,0006-08-19 06:45:00,6,8,19,6,45,410,232,"350, sens Paris/Province",,,Crépuscule ou aube,Hors agglomération,Hors intersection,Normale,Sans collision,,,,,,,,,,,2,1,1,1,7
200600046918,0006-08-04 16:00:00,6,8,4,16,0,10,77,,46.114,5.464,Plein jour,Hors agglomération,Hors intersection,Pluie légère,Sans collision,,,,,,,,,,,1,1,1,2,7
200600046919,0006-08-05 19:15:00,6,8,5,19,15,10,228,N-GENEVE - PK 127 + 350,46.135,5.518,Plein jour,Hors agglomération,Hors intersection,Pluie légère,Sans collision,,,,,,,,,,,1,1,1,2,7
200600046920,0006-08-24 08:45:00,6,8,24,8,45,140,430,,49.342,-0.569,Plein jour,Hors agglomération,Hors intersection,Normale,Deux véhicules - côté,,,,,,,,,,,1,1,1,1,3
200600046921,0006-08-08 16:30:00,6,8,8,16,30,130,69,,,,Plein jour,Hors agglomération,Intersection en X,Normale,Deux véhicules - côté,,,,,,,,,,,1,1,2,1,3
200600046922,0006-08-25 23:15:00,6,8,25,23,15,60,90,,,,Nuit sans éclairage public,Hors agglomération,Hors intersection,Normale,Deux véhicules - frontale,,,,,,,,,,,3,1,1,1,1
200600046923,0006-08-28 16:00:00,6,8,28,16,0,60,84,Avenue de CANNES,,,Plein jour,En agglomération,Hors intersection,Normale,Deux véhicules - côté,,,,,,,,,,,1,2,1,1,3
200600046924,0006-08-29 23:45:00,6,8,29,23,45,490,238,,47.522,-0.43,Nuit sans éclairage public,Hors agglomération,Hors intersection,Normale,Sans collision,,,,,,,,,,,3,1,1,1,7
200600046925,0006-08-02 18:15:00,6,8,2,18,15,60,112,chemin des trucs,43.677,6.988,Plein jour,En agglomération,Hors intersection,Normale,Deux véhicules - côté,,,,,,,,,,,1,2,1,1,3
200600046926,0006-08-08 01:00:00,6,8,8,1,0,60,10,ROUTE DE PONT DU LOUP,,,Nuit avec éclairage allumé,En agglomération,Hors intersection,Normale,Deux véhicules - frontale,,,,,,,,,,,5,2,1,1,1
200600046927,0006-08-20 18:45:00,6,8,20,18,45,60,68,,,,Plein jour,Hors agglomération,Hors intersection,Normale,Deux véhicules - frontale,,,,,,,,,,,1,1,1,1,1
200600046928,0006-08-29 15:45:00,6,8,29,15,45,60,112,,,,Plein jour,Hors agglomération,Hors intersection,Normale,Deux véhicules - frontale,,,,,,,,,,,1,1,1,1,1
200600046929,0006-08-31 15:45:00,6,8,31,15,45,60,148,,,,Plein jour,Hors agglomération,Hors intersection,Normale,Deux véhicules - frontale,,,,,,,,,,,1,1,1,1,1
200600046930,0006-08-25 02:30:00,6,8,25,2,30,650,57,toroute A64 - PK 136+220,43.22,0.006,Nuit sans éclairage public,Hors agglomération,Hors intersection,Normale,Deux véhicules - frontale,,,,,,,,,,,3,1,1,1,1
200600046931,0006-08-13 18:15:00,6,8,13,18,15,20,211,A26,,,Plein jour,Hors agglomération,Autre intersection,Pluie forte,Autre collision,,,,,,,,,,,1,1,9,3,6
200600046932,0006-08-25 11:45:00,6,8,25,11,45,20,13,,,,Plein jour,Hors agglomération,Hors intersection,Normale,Deux véhicules - côté,,,,,,,,,,,1,1,1,1,3