accident_id,datetime,annee,mois,jour,heure,minute,departement,commune_insee,adresse,latitude,longitude,luminosite,agglomeration,intersection,meteo,collision,nb_vehicules,nb_usagers,nb_indemnes,nb_tues,nb_blesses_hosp,nb_blesses_legers,age_cond_1,age_cond_2,veh_type_cond_1,veh_type_cond_2,lum_code,agg_code,int_code,atm_code,col_code
200600046933,0006-08-08 18:30:00,6,8,8,18,30,210,599,,47.62,5.183,Plein jour,Hors agglomération,Hors intersection,Normale,Deux véhicules - arrière,,,,,,,,,,,1,1,1,1,2
200600046934,0006-08-28 12:13:00,6,8,28,12,13,730,82,A 43,,,Plein jour,Hors agglomération,Autre intersection,Normale,Autre collision,,,,,,,,,,,1,1,9,1,6
200600046935,0006-08-06 10:50:00,6,8,6,10,50,350,266,Le Haut Reuzé,,,Plein jour,Hors agglomération,Hors intersection,Normale,Trois véhicules et plus - collisions multiples,,,,,,,,,,,1,1,1,1,5
200600046936,0006-08-22 19:45:00,6,8,22,19,45,670,151,A35,,,Plein jour,Hors agglomération,Hors intersection,Normale,Autre collision,,,,,,,,,,,1,1,1,1,6
200600046937,0006-08-09 19:30:00,6,8,9,19,30,620,360,rue principale,,,Plein jour,En agglomération,Hors intersection,Normale,Deux véhicules - frontale,,,,,,,,,,,1,2,1,1,1
200600046938,0006-08-25 14:45:00,6,8,25,14,45,310,358,,,,Plein jour,Hors agglomération,Hors intersection,Pluie forte,Autre collision,,,,,,,,,,,1,1,1,3,6
200600046939,0006-08-15 22:30:00,6,8,15,22,30,950,487,,,,Nuit sans éclairage public,Hors agglomération,Hors intersection,Normale,Deux véhicules - arrière,,,,,,,,,,,3,1,1,1,2
200600046940,0006-08-22 16:00:00,6,8,22,16,0,890,214,"ométrique 81+600, dans l",,,Plein jour,Hors agglomération,Intersection en X,Normale,Deux véhicules - frontale,,,,,,,,,,,1,1,2,1,1
200600046941,0006-08-11 17:00:00,6,8,11,17,0,490,185,,,,Plein jour,Hors agglomération,Hors intersection,Normale,Autre collision,,,,,,,,,,,1,1,1,1,6
200600046942,0006-08-18 17:45:00,6,8,18,17,45,740,164,,46.09,6.493,Plein jour,Hors agglomération,Intersection en T,Normale,Deux véhicules - côté,,,,,,,,,,,1,1,3,1,3
200600046943,0006-08-20 00:30:00,6,8,20,0,30,800,117,A16 PK 153+900 sens B/P,,,Nuit avec éclairage non allumé,Hors agglomération,Hors intersection,Pluie légère,Autre collision,,,,,,,,,,,4,1,1,2,6
200600046944,0006-08-26 14:30:00,6,8,26,14,30,800,261,Neuchatel / Saint Quent,,,Plein jour,Hors agglomération,Hors intersection,Normale,Sans collision,,,,,,,,,,,1,1,1,1,7
200600046945,0006-08-28 10:50:00,6,8,28,10,50,800,131,ens NEUFCHATEL EN BRAY /,,,Plein jour,Hors agglomération,Hors intersection,Pluie forte,Sans collision,,,,,,,,,,,1,1,1,3,7
200600046946,0006-08-24 20:45:00,6,8,24,20,45,800,446,,,,Crépuscule ou aube,Hors agglomération,Hors intersection,Pluie forte,Autre collision,,,,,,,,,,,2,1,1,3,6
200600046947,0006-08-05 15:00:00,6,8,5,15,0,610,310,,,,Plein jour,Hors agglomération,Hors intersection,Normale,Sans collision,,,,,,,,,,,1,1,1,1,7
200600046948,0006-08-04 15:30:00,6,8,4,15,30,190,274,,45.2,1.5,Plein jour,Hors agglomération,Hors intersection,Normale,Autre collision,,,,,,,,,,,1,1,1,1,6
200600046949,0006-08-13 06:00:00,6,8,13,6,0,190,248,,,,Nuit sans éclairage public,Hors agglomération,Hors intersection,Normale,Autre collision,,,,,,,,,,,3,1,1,1,6
200600046950,0006-08-16 12:30:00,6,8,16,12,30,190,285,,,,Plein jour,Hors agglomération,Autre intersection,Normale,Autre collision,,,,,,,,,,,1,1,9,1,6
200600046951,0006-08-21 14:30:00,6,8,21,14,30,190,129,,,,Plein jour,Hors agglomération,Hors intersection,Normale,Trois véhicules et plus - collisions multiples,,,,,,,,,,,1,1,1,1,5
200600046952,0006-08-28 09:45:00,6,8,28,9,45,190,151,,,,Plein jour,Hors agglomération,Hors intersection,Temps couvert,Deux véhicules - arrière,,,,,,,,,,,1,1,1,8,2
200600046953,0006-08-21 15:00:00,6,8,21,15,0,230,219,Le Dognon,46.219,1.386,Plein jour,Hors agglomération,Hors intersection,Normale,Sans collision,,,,,,,,,,,1,1,1,1,7
200600046954,0006-08-20 15:15:00,6,8,20,15,15,450,53,64+500 aire du Tulipier,,,Plein jour,Hors agglomération,Hors intersection,Normale,Autre collision,,,,,,,,,,,1,1,1,1,6
200600046955,0006-08-14 07:15:00,6,8,14,7,15,480,191,,,,Plein jour,Hors agglomération,Hors intersection,Normale,Sans collision,,,,,,,,,,,1,1,1,1,7
200600046956,0006-08-19 19:30:00,6,8,19,19,30,480,49,,,,Plein jour,Hors agglomération,Hors intersection,Normale,Deux véhicules - frontale,,,,,,,,,,,1,1,1,1,1
200600046957,0006-08-25 12:30:00,6,8,25,12,30,480,17,,,,Plein jour,Hors agglomération,Hors intersection,Temps couvert,Autre collision,,,,,,,,,,,1,1,1,8,6
200600046958,0006-08-10 14:20:00,6,8,10,14,20,340,16,RN 109 PK 22+600 N/S,,,Plein jour,Hors agglomération,Hors intersection,Normale,Autre collision,,,,,,,,,,,1,1,1,1,6
200600046959,0006-08-25 17:30:00,6,8,25,17,30,340,36,,43.71,3.329,Plein jour,Hors agglomération,Hors intersection,Temps couvert,Autre collision,,,,,,,,,,,1,1,1,8,6
200600046960,0006-08-27 06:00:00,6,8,27,6,0,340,259,,43.633,3.778,Nuit sans éclairage public,Hors agglomération,Hors intersection,Normale,Autre collision,,,,,,,,,,,3,1,1,1,6
200600046961,0006-08-07 13:15:00,6,8,7,13,15,190,58,,,,Plein jour,Hors agglomération,Hors intersection,Normale,Autre collision,,,,,,,,,,,1,1,1,1,6
200600046962,0006-08-16 08:15:00,6,8,16,8,15,190,263,,,,Plein jour,Hors agglomération,Hors intersection,Normale,Autre collision,,,,,,,,,,,1,1,1,1,6
200600046963,0006-08-16 17:15:00,6,8,16,17,15,190,180,,,,Plein jour,Hors agglomération,Hors intersection,Normale,Autre collision,,,,,,,,,,,1,1,1,1,6
200600046964,0006-08-05 13:00:00,6,8,5,13,0,720,89,,,,Plein jour,Hors agglomération,Hors intersection,Normale,Deux véhicules - côté,,,,,,,,,,,1,1,1,1,3
200600046965,0006-08-05 20:15:00,6,8,5,20,15,720,211,,,,Plein jour,Hors agglomération,Hors intersection,Normale,Deux véhicules - frontale,,,,,,,,,,,1,1,1,1,1
200600046966,0006-08-11 20:10:00,6,8,11,20,10,580,261,A77 au PK 101+042,,,Plein jour,Hors agglomération,Hors intersection,Pluie légère,Sans collision,,,,,,,,,,,1,1,1,2,7
200600046967,0006-08-27 07:30:00,6,8,27,7,30,720,24,,,,Plein jour,Hors agglomération,Hors intersection,Normale,Autre collision,,,,,,,,,,,1,1,1,1,6
200600046968,0006-08-28 15:15:00,6,8,28,15,15,720,380,,,,Plein jour,Hors agglomération,Hors intersection,Normale,Autre collision,,,,,,,,,,,1,1,1,1,6
200600046969,0006-08-24 16:10:00,6,8,24,16,10,670,415,rue Principale,,,Plein jour,En agglomération,Autre intersection,Normale,Deux véhicules - frontale,,,,,,,,,,,1,2,9,1,1
200600046970,0006-08-30 04:00:00,6,8,30,4,0,140,475,,,,Nuit sans éclairage public,Hors agglomération,Hors intersection,Normale,Autre collision,,,,,,,,,,,3,1,1,1,6
200600046971,0006-08-03 19:55:00,6,8,3,19,55,310,547,"ieu dit "" Les Aujoulets""",,,Plein jour,Hors agglomération,Intersection en X,Normale,Deux véhicules - côté,,,,,,,,,,,1,1,2,1,3
200600046972,0006-08-21 12:45:00,6,8,21,12,45,300,34,,43.77,4.53,Plein jour,Hors agglomération,Hors intersection,Normale,Autre collision,,,,,,,,,,,1,1,1,1,6
200600046973,0006-08-21 19:15:00,6,8,21,19,15,300,34,,43.74,4.49,Plein jour,Hors agglomération,Hors intersection,Normale,Autre collision,,,,,,,,,,,1,1,1,1,6
200600046974,0006-08-24 18:45:00,6,8,24,18,45,300,60,,,,Plein jour,Hors agglomération,Hors intersection,Normale,Deux véhicules - arrière,,,,,,,,,,,1,1,1,1,2
200600046975,0006-08-24 07:30:00,6,8,24,7,30,80,1,,49.508,4.351,Plein jour,Hors agglomération,Hors intersection,Normale,Sans collision,,,,,,,,,,,1,1,1,1,7
200600046976,0006-08-01 10:30:00,6,8,1,10,30,340,192,,,,Plein jour,Hors agglomération,Intersection en T,Normale,Deux véhicules - côté,,,,,,,,,,,1,1,3,1,3
200600046977,0006-08-05 20:10:00,6,8,5,20,10,340,192,Chemin du Cimetière,,,Plein jour,En agglomération,Hors intersection,Normale,Deux véhicules - frontale,,,,,,,,,,,1,2,1,1,1
200600046978,0006-08-06 09:30:00,6,8,6,9,30,340,192,rond point CD 62 E2,43.539,3.94,Plein jour,En agglomération,Giratoire,Normale,Deux véhicules - côté,,,,,,,,,,,1,2,6,1,3
200600046979,0006-08-09 11:45:00,6,8,9,11,45,340,192,"ute des etangs, CD 62 E2",,,Plein jour,En agglomération,Hors intersection,Normale,Deux véhicules - frontale,,,,,,,,,,,1,2,1,1,1
200600046980,0006-08-12 01:45:00,6,8,12,1,45,340,926,,,,Nuit sans éclairage public,Hors agglomération,Autre intersection,Normale,Deux véhicules - arrière,,,,,,,,,,,3,1,9,1,2
200600046981,0006-08-14 20:30:00,6,8,14,20,30,760,252,ROCADE - RD 925,,,Nuit sans éclairage public,Hors agglomération,Hors intersection,Temps couvert,Trois véhicules et plus - collisions multiples,,,,,,,,,,,3,1,1,8,5
200600046982,0006-08-15 04:00:00,6,8,15,4,0,760,507,,,,Nuit avec éclairage allumé,En agglomération,Hors intersection,Temps couvert,Sans collision,,,,,,,,,,,5,2,1,8,7
200600046983,0006-08-10 12:45:00,6,8,10,12,45,760,509,1025 route de gournay,49.495,1.217,Plein jour,En agglomération,Hors intersection,Normale,Deux véhicules - frontale,,,,,,,,,,,1,2,1,1,1
200600046984,0006-08-18 20:30:00,6,8,18,20,30,760,571,,49.574,1.338,Plein jour,Hors agglomération,Hors intersection,Normale,Sans collision,,,,,,,,,,,1,1,1,1,7
200600046985,0006-08-11 10:00:00,6,8,11,10,0,710,502,CD 5 / PK 11,,,Plein jour,Hors agglomération,Hors intersection,Normale,Autre collision,,,,,,,,,,,1,1,1,1,6
200600046986,0006-08-15 05:15:00,6,8,15,5,15,710,520,N 6 rond point de SEVREY,,,Nuit sans éclairage public,Hors agglomération,Giratoire,Normale,Sans collision,,,,,,,,,,,3,1,6,1,7
200600046987,0006-08-17 10:45:00,6,8,17,10,45,710,269,RN6,,,Plein jour,En agglomération,Hors intersection,Normale,Deux véhicules - côté,,,,,,,,,,,1,2,1,1,3
200600046988,0006-08-22 05:45:00,6,8,22,5,45,710,204,,46.84,4.85,Crépuscule ou aube,Hors agglomération,Hors intersection,Normale,Sans collision,,,,,,,,,,,2,1,1,1,7
200600046989,0006-08-19 10:45:00,6,8,19,10,45,250,115,,,,Plein jour,Hors agglomération,Hors intersection,Normale,Deux véhicules - arrière,,,,,,,,,,,1,1,1,1,2
200600046990,0006-08-23 22:00:00,6,8,23,22,0,250,332,,,,Nuit sans éclairage public,Hors agglomération,Hors intersection,Normale,Deux véhicules - arrière,,,,,,,,,,,3,1,1,1,2
200600046991,0006-08-16 08:45:00,6,8,16,8,45,950,183,,,,Plein jour,Hors agglomération,Hors intersection,Normale,Deux véhicules - frontale,,,,,,,,,,,1,1,1,1,1
200600046992,0006-08-05 19:15:00,6,8,5,19,15,560,177,,47.774,-3.077,Plein jour,Hors agglomération,Hors intersection,Normale,Autre collision,,,,,,,,,,,1,1,1,1,6
200600046993,0006-08-23 21:00:00,6,8,23,21,0,560,101,,,,Crépuscule ou aube,Hors agglomération,Hors intersection,Normale,Deux véhicules - frontale,,,,,,,,,,,2,1,1,1,1
200600046994,0006-08-26 17:15:00,6,8,26,17,15,340,77,Avenue de la Liberté,43.661,3.889,Plein jour,En agglomération,Hors intersection,Normale,Deux véhicules - côté,,,,,,,,,,,1,2,1,1,3
200600046995,0006-08-02 17:45:00,6,8,2,17,45,500,214,,48.908,-1.113,Plein jour,Hors agglomération,Hors intersection,Normale,Deux véhicules - arrière,,,,,,,,,,,1,1,1,1,2
200600046996,0006-08-05 11:15:00,6,8,5,11,15,500,406,,,,Plein jour,Hors agglomération,Hors intersection,Normale,Deux véhicules - côté,,,,,,,,,,,1,1,1,1,3
200600046997,0006-08-11 10:45:00,6,8,11,10,45,770,359,11 RUE DU BATARDEAU,48.49,2.53,Plein jour,En agglomération,Hors intersection,Temps couvert,Autre collision,,,,,,,,,,,1,2,1,8,6
200600046998,0006-08-22 18:15:00,6,8,22,18,15,690,260,,,,Plein jour,Hors agglomération,Hors intersection,Normale,Deux véhicules - frontale,,,,,,,,,,,1,1,1,1,1
200600046999,0006-08-24 14:00:00,6,8,24,14,0,690,100,rond point de l'EUROPE,,,Plein jour,Hors agglomération,Hors intersection,Normale,Deux véhicules - frontale,,,,,,,,,,,1,1,1,1,1
200600047000,0006-08-18 07:10:00,6,8,18,7,10,660,189,RD62,,,Plein jour,Hors agglomération,Hors intersection,Normale,Sans collision,,,,,,,,,,,1,1,1,1,7
200600047001,0006-08-01 14:25:00,6,8,1,14,25,10,289,LYON ( AVE DE) A PARTIR,,,Plein jour,En agglomération,Giratoire,Normale,Deux véhicules - arrière,,,,,,,,,,,1,2,6,1,2
200600047002,0006-08-01 13:10:00,6,8,1,13,10,10,53,"snr, FERRY ( BOULEVARD J",,,Plein jour,En agglomération,Hors intersection,Normale,Autre collision,,,,,,,,,,,1,2,1,1,6
200600047003,0006-08-08 19:00:00,6,8,8,19,0,10,53,"snr, ALSACE LORRAINE (AV",,,Plein jour,En agglomération,Intersection en X,Normale,Deux véhicules - côté,,,,,,,,,,,1,2,2,1,3
200600047004,0006-08-06 00:15:00,6,8,6,0,15,10,53,"snr, DE GAULLE ( BD GAL)",,,Nuit avec éclairage allumé,En agglomération,Hors intersection,Pluie légère,Deux véhicules - frontale,,,,,,,,,,,5,2,1,2,1
200600047005,0006-08-11 13:20:00,6,8,11,13,20,10,53,SPORTS ((AVENUE DES - N°,,,Plein jour,En agglomération,Hors intersection,Normale,Deux véhicules - arrière,,,,,,,,,,,1,2,1,1,2
200600047006,0006-08-22 16:25:00,6,8,22,16,25,10,53,"sans, CHAMP DE MARS (ALL",,,Plein jour,En agglomération,Intersection en X,Normale,Deux véhicules - côté,,,,,,,,,,,1,2,2,1,3
200600047007,0006-08-28 18:05:00,6,8,28,18,5,10,53,"snr, D'ARSONVAL (AVENUE",,,Plein jour,En agglomération,Intersection en T,Pluie légère,Autre collision,,,,,,,,,,,1,2,3,2,6
200600047008,0006-08-31 21:15:00,6,8,31,21,15,10,53,MERCIER (AVENUE AMEDEE D,,,Nuit avec éclairage non allumé,En agglomération,Intersection en X,Normale,Deux véhicules - frontale,,,,,,,,,,,4,2,2,1,1
200600047009,0006-08-31 15:10:00,6,8,31,15,10,10,53,", BELGES (AVENUE DES)",,,Plein jour,En agglomération,Intersection en T,Normale,Deux véhicules - côté,,,,,,,,,,,1,2,3,1,3
200600047010,0006-08-24 22:10:00,6,8,24,22,10,20,168,"94, SOISSONS (AVENUE DE)",,,Nuit avec éclairage allumé,En agglomération,Hors intersection,Pluie légère,Deux véhicules - côté,,,,,,,,,,,5,2,1,2,3
200600047011,0006-08-26 06:45:00,6,8,26,6,45,20,168,Jean Moulin (place),,,Crépuscule ou aube,En agglomération,Hors intersection,Normale,Autre collision,,,,,,,,,,,2,2,1,1,6
200600047012,0006-08-04 20:00:00,6,8,4,20,0,20,408,FOCH (AVENUE DU MARECHAL,,,Plein jour,En agglomération,Hors intersection,Normale,Deux véhicules - côté,,,,,,,,,,,1,2,1,1,3
200600047013,0006-08-18 08:20:00,6,8,18,8,20,20,408,HOUSSAYE (RUE ARSENE),,,Plein jour,Hors agglomération,Hors intersection,Normale,Deux véhicules - frontale,,,,,,,,,,,1,1,1,1,1
200600047014,0006-08-05 18:55:00,6,8,5,18,55,20,691,PARMENTIER (RUE ANTOINE),,,Plein jour,Hors agglomération,Hors intersection,Normale,Autre collision,,,,,,,,,,,1,1,1,1,6
200600047015,0006-08-02 14:05:00,6,8,2,14,5,20,722,"sans, CHEVREUX (ROUTE DE",,,Plein jour,En agglomération,Intersection en X,Normale,Trois véhicules et plus - collisions multiples,,,,,,,,,,,1,2,2,1,5
200600047016,0006-08-21 09:35:00,6,8,21,9,35,20,722,"SANS, SALVADORE ALLENDE",,,Plein jour,En agglomération,Giratoire,Normale,Deux véhicules - côté,,,,,,,,,,,1,2,6,1,3
200600047017,0006-08-27 23:48:00,6,8,27,23,48,20,738,"08, EGALITE (DE L')",,,Nuit avec éclairage allumé,En agglomération,Hors intersection,Normale,Autre collision,,,,,,,,,,,5,2,1,1,6
200600047018,0006-08-25 16:30:00,6,8,25,16,30,20,59,"29, ALOUETTES (RUE DES)",,,Plein jour,En agglomération,Hors intersection,Normale,Autre collision,,,,,,,,,,,1,2,1,1,6
200600047019,0006-08-03 08:50:00,6,8,3,8,50,30,185,GUESDE ( AVENUE JULES ),,,Plein jour,En agglomération,Intersection en Y,Normale,Deux véhicules - côté,,,,,,,,,,,1,2,4,1,3
200600047020,0006-08-03 18:15:00,6,8,3,18,15,30,185,"139, GUINEBERTS ( AVENUE",,,Plein jour,En agglomération,Hors intersection,Normale,Deux véhicules - côté,,,,,,,,,,,1,2,1,1,3
200600047021,0006-08-17 15:10:00,6,8,17,15,10,30,190,"42, MATHE (RUE FELIX)",,,Plein jour,En agglomération,Intersection en T,Pluie forte,Trois véhicules et plus - collisions multiples,,,,,,,,,,,1,2,3,3,5
200600047022,0006-08-26 01:50:00,6,8,26,1,50,30,321,"01, GENNETINES (ROUTE DE",,,Nuit avec éclairage allumé,En agglomération,Hors intersection,Normale,Autre collision,,,,,,,,,,,5,2,1,1,6
200600047023,0006-08-03 10:35:00,6,8,3,10,35,30,310,"115, ETATS-UNIS (BOULEVA",,,Plein jour,En agglomération,Hors intersection,Normale,Autre collision,,,,,,,,,,,1,2,1,1,6
200600047024,0006-08-04 19:20:00,6,8,4,19,20,30,310,"96, ETATS-UNIS (BOULEVAR",,,Plein jour,En agglomération,Hors intersection,Normale,Autre collision,,,,,,,,,,,1,2,1,1,6
200600047025,0006-08-04 21:00:00,6,8,4,21,0,30,310,"3, AILES (ALLEE DES)",,,Crépuscule ou aube,En agglomération,Hors intersection,Normale,Autre collision,,,,,,,,,,,2,2,1,1,6
200600047026,0006-08-28 15:50:00,6,8,28,15,50,30,23,"82, VICHY (AVENUE DE)",,,Plein jour,En agglomération,Hors intersection,Pluie légère,Deux véhicules - arrière,,,,,,,,,,,1,2,1,2,2
200600047027,0006-08-04 18:25:00,6,8,4,18,25,40,70,THIERS (BD),,,Plein jour,En agglomération,Hors intersection,Normale,Autre collision,,,,,,,,,,,1,2,1,1,6
200600047028,0006-08-24 14:30:00,6,8,24,14,30,40,70,"10, NOEL (AV. DU COL.)",,,Plein jour,En agglomération,Hors intersection,Normale,Sans collision,,,,,,,,,,,1,2,1,1,7
200600047029,0006-08-05 03:45:00,6,8,5,3,45,50,23,"21, ITALIE (ROUTE D')",,,Nuit avec éclairage allumé,En agglomération,Hors intersection,Normale,Autre collision,,,,,,,,,,,5,2,1,1,6
200600047030,0006-08-10 18:20:00,6,8,10,18,20,50,61,"06, FAURE DU  SERRE ( RU",,,Plein jour,En agglomération,Hors intersection,Normale,Autre collision,,,,,,,,,,,1,2,1,1,6
200600047031,0006-08-14 09:45:00,6,8,14,9,45,50,61,"57, EMILE DIDIER ( AV )",,,Plein jour,En agglomération,Autre intersection,Normale,Autre collision,,,,,,,,,,,1,2,9,1,6
200600047032,0006-08-18 16:20:00,6,8,18,16,20,50,61,DPARTEMENTAL NR 92 ( CHE,,,Plein jour,Hors agglomération,Hors intersection,Normale,Sans collision,,,,,,,,,,,1,1,1,1,7
200600047033,0006-08-31 18:40:00,6,8,31,18,40,50,61,RN 85,,,Plein jour,En agglomération,Hors intersection,Normale,Deux véhicules - côté,,,,,,,,,,,1,2,1,1,3
200600047034,0006-08-01 12:50:00,6,8,1,12,50,60,4,"51, LAUVERT CH.DE",,,Plein jour,En agglomération,Hors intersection,Normale,Deux véhicules - frontale,,,,,,,,,,,1,2,1,1,1
200600047035,0006-08-01 13:10:00,6,8,1,13,10,60,4,VAUBAN RUE ET CARREFOUR,,,Plein jour,En agglomération,Hors intersection,Normale,Autre collision,,,,,,,,,,,1,2,1,1,6
200600047036,0006-08-01 13:45:00,6,8,1,13,45,60,155,CANNES AV.DE,,,Plein jour,En agglomération,Hors intersection,Normale,Deux véhicules - côté,,,,,,,,,,,1,2,1,1,3
200600047037,0006-08-02 15:00:00,6,8,2,15,0,60,4,"00, CANNES(RN.7) AV.DE",,,Plein jour,En agglomération,Autre intersection,Normale,Autre collision,,,,,,,,,,,1,2,9,1,6
200600047038,0006-08-02 18:30:00,6,8,2,18,30,60,4,BORD DE MER RN.98 LA SIE,,,Plein jour,Hors agglomération,Hors intersection,Normale,Autre collision,,,,,,,,,,,1,1,1,1,6
200600047039,0006-08-02 18:50:00,6,8,2,18,50,60,4,BORD DE MER RN.98 LA SIE,,,Plein jour,Hors agglomération,Hors intersection,Normale,Deux véhicules - côté,,,,,,,,,,,1,1,1,1,3
200600047040,0006-08-02 23:10:00,6,8,2,23,10,60,4,"20, DULYS RUE SQUARE ET",,,Nuit avec éclairage allumé,En agglomération,Hors intersection,Normale,Deux véhicules - côté,,,,,,,,,,,5,2,1,1,3
200600047041,0006-08-03 12:50:00,6,8,3,12,50,60,4,SIESTA LA,,,Plein jour,En agglomération,Hors intersection,Vent fort / tempête,Deux véhicules - arrière,,,,,,,,,,,1,2,1,6,2
200600047042,0006-08-04 17:00:00,6,8,4,17,0,60,4,SAINT CLAUDE CH.DE,,,Plein jour,En agglomération,Hors intersection,Normale,Autre collision,,,,,,,,,,,1,2,1,1,6
200600047043,0006-08-05 00:35:00,6,8,5,0,35,60,4,GUILLAUMONT AV.,,,Nuit avec éclairage allumé,En agglomération,Giratoire,Normale,Autre collision,,,,,,,,,,,5,2,6,1,6
200600047044,0006-08-05 10:07:00,6,8,5,10,7,60,4,JUIN AV.MARECHAL,,,Plein jour,En agglomération,Hors intersection,Normale,Autre collision,,,,,,,,,,,1,2,1,1,6
200600047045,0006-08-06 08:10:00,6,8,6,8,10,60,4,ROCHAT AV.PHILIPPE,,,Plein jour,En agglomération,Hors intersection,Normale,Deux véhicules - arrière,,,,,,,,,,,1,2,1,1,2
200600047046,0006-08-08 13:25:00,6,8,8,13,25,60,4,"89, ROCHAT AV.PHILIPPE",,,Plein jour,En agglomération,Hors intersection,Normale,Deux véhicules - côté,,,,,,,,,,,1,2,1,1,3
200600047047,0006-08-09 17:45:00,6,8,9,17,45,60,4,"970, FONTMERLE CH.DE",,,Plein jour,En agglomération,Hors intersection,Pluie légère,Deux véhicules - frontale,,,,,,,,,,,1,2,1,2,1
200600047048,0006-08-11 14:00:00,6,8,11,14,0,60,4,NICE(RN.7) AV.ET RTE DE,,,Plein jour,En agglomération,Intersection en X,Normale,Deux véhicules - côté,,,,,,,,,,,1,2,2,1,3
200600047049,0006-08-11 15:15:00,6,8,11,15,15,60,4,VAUTRIN BD DU GENERAL,,,Plein jour,En agglomération,Hors intersection,Normale,Deux véhicules - côté,,,,,,,,,,,1,2,1,1,3
200600047050,0006-08-13 13:30:00,6,8,13,13,30,60,4,COURBET AV.AMIRAL,,,Plein jour,En agglomération,Intersection en X,Normale,Deux véhicules - côté,,,,,,,,,,,1,2,2,1,3
200600047051,0006-08-14 11:46:00,6,8,14,11,46,60,4,R.N.98 BORD DE MER SIEST,,,Plein jour,En agglomération,Hors intersection,Normale,Deux véhicules - côté,,,,,,,,,,,1,2,1,1,3
200600047052,0006-08-15 18:00:00,6,8,15,18,0,60,4,NATIONALE RN 98,,,Plein jour,En agglomération,Hors intersection,Normale,Deux véhicules - frontale,,,,,,,,,,,1,2,1,1,1
200600047053,0006-08-12 12:10:00,6,8,12,12,10,60,4,"17, BAUDOIN BD EDOUARD",,,Plein jour,En agglomération,Hors intersection,Normale,Deux véhicules - côté,,,,,,,,,,,1,2,1,1,3
200600047054,0006-08-06 05:30:00,6,8,6,5,30,60,4,"0, R.N.98 BORD DE MER SI",,,Crépuscule ou aube,Hors agglomération,Hors intersection,Normale,Autre collision,,,,,,,,,,,2,1,1,1,6
200600047055,0006-08-16 14:55:00,6,8,16,14,55,60,4,VAUTRIN BD DU GENERAL,,,Plein jour,En agglomération,Hors intersection,Normale,Deux véhicules - arrière,,,,,,,,,,,1,2,1,1,2
200600047056,0006-08-18 09:30:00,6,8,18,9,30,60,4,"22, CANNES(RN.7) AV.DE",,,Plein jour,En agglomération,Hors intersection,Normale,Autre collision,,,,,,,,,,,1,2,1,1,6
200600047057,0006-08-20 23:40:00,6,8,20,23,40,60,155,TAPIS VERT AV.DU,,,Nuit avec éclairage allumé,En agglomération,Hors intersection,Normale,Deux véhicules - côté,,,,,,,,,,,5,2,1,1,3
200600047058,0006-08-20 15:45:00,6,8,20,15,45,60,4,"21 Bis, CHANCEL BD",,,Plein jour,En agglomération,Hors intersection,Normale,Deux véhicules - frontale,,,,,,,,,,,1,2,1,1,1
200600047059,0006-08-21 22:40:00,6,8,21,22,40,60,4,GRASSE RTE DE,,,Nuit avec éclairage allumé,En agglomération,Giratoire,Normale,Deux véhicules - arrière,,,,,,,,,,,5,2,6,1,2
200600047060,0006-08-24 21:50:00,6,8,24,21,50,60,4,"07, CANNES(RN.7) AV.DE",,,Nuit avec éclairage allumé,En agglomération,Intersection en T,Normale,Deux véhicules - arrière,,,,,,,,,,,5,2,3,1,2
200600047061,0006-08-27 16:20:00,6,8,27,16,20,60,4,PASTEUR AV.,,,Plein jour,En agglomération,Intersection en X,Normale,Deux véhicules - côté,,,,,,,,,,,1,2,2,1,3
200600047062,0006-08-25 20:20:00,6,8,25,20,20,60,4,"14, ROSTAGNE AV.DE LA",,,Crépuscule ou aube,En agglomération,Hors intersection,Normale,Deux véhicules - côté,,,,,,,,,,,2,2,1,1,3
200600047063,0006-08-29 17:45:00,6,8,29,17,45,60,4,SAINT CLAUDE CH.DE,,,Plein jour,Hors agglomération,Hors intersection,Normale,Trois véhicules et plus - collisions multiples,,,,,,,,,,,1,1,1,1,5
200600047064,0006-08-30 15:00:00,6,8,30,15,0,60,4,GRASSE RTE DE,,,Plein jour,En agglomération,Hors intersection,Normale,Trois véhicules et plus - en chaîne,,,,,,,,,,,1,2,1,1,4
200600047065,0006-08-01 22:50:00,6,8,1,22,50,60,27,"26, PLAGE BOULEVARD DE L",,,Nuit avec éclairage allumé,En agglomération,Hors intersection,Normale,Autre collision,,,,,,,,,,,5,2,1,1,6
200600047066,0006-08-01 23:00:00,6,8,1,23,0,60,27,"66, GAUDE AVENUE DE LA",,,Nuit avec éclairage allumé,En agglomération,Hors intersection,Normale,Autre collision,,,,,,,,,,,5,2,1,1,6
200600047067,0006-08-02 08:30:00,6,8,2,8,30,60,123,"., BORD DE MER RN 98",,,Plein jour,En agglomération,Hors intersection,Normale,Deux véhicules - arrière,,,,,,,,,,,1,2,1,1,2
200600047068,0006-08-02 15:55:00,6,8,2,15,55,60,27,BESSET AVENUE CYRILLE,,,Plein jour,En agglomération,Intersection en T,Normale,Deux véhicules - arrière,,,,,,,,,,,1,2,3,1,2
200600047069,0006-08-02 21:50:00,6,8,2,21,50,60,123,"., VESPINS ROUTE DES",,,Nuit avec éclairage allumé,En agglomération,Intersection en T,Normale,Trois véhicules et plus - collisions multiples,,,,,,,,,,,5,2,3,1,5
200600047070,0006-08-03 17:20:00,6,8,3,17,20,60,27,"64, ALPES AVENUE DES",,,Plein jour,En agglomération,Hors intersection,Normale,Deux véhicules - côté,,,,,,,,,,,1,2,1,1,3