accident_id,datetime,annee,mois,jour,heure,minute,departement,commune_insee,adresse,latitude,longitude,luminosite,agglomeration,intersection,meteo,collision,nb_vehicules,nb_usagers,nb_indemnes,nb_tues,nb_blesses_hosp,nb_blesses_legers,age_cond_1,age_cond_2,veh_type_cond_1,veh_type_cond_2,lum_code,agg_code,int_code,atm_code,col_code
200600047204,0006-08-11 19:50:00,6,8,11,19,50,60,88,"0, SOLA (BD PIERRE)",,,Plein jour,En agglomération,Hors intersection,Normale,Sans collision,,,,,,,,,,,1,2,1,1,7
200600047205,0006-08-11 20:15:00,6,8,11,20,15,60,88,"0, ETATS UNIS (QUAI DES)",,,Crépuscule ou aube,En agglomération,Hors intersection,Normale,Autre collision,,,,,,,,,,,2,2,1,1,6
200600047206,0006-08-14 23:30:00,6,8,14,23,30,60,88,"0, ANGLAIS (DU N° 265 AU",,,Nuit avec éclairage allumé,En agglomération,Hors intersection,Normale,Deux véhicules - arrière,,,,,,,,,,,5,2,1,1,2
200600047207,0006-08-12 04:40:00,6,8,12,4,40,60,88,"0, ANGLAIS (A PARTIR DU",,,Nuit avec éclairage allumé,En agglomération,Hors intersection,Normale,Deux véhicules - arrière,,,,,,,,,,,5,2,1,1,2
200600047208,0006-08-12 14:30:00,6,8,12,14,30,60,88,BRIGUE (PL. DE LA),,,Plein jour,En agglomération,Place,Normale,Deux véhicules - côté,,,,,,,,,,,1,2,7,1,3
200600047209,0006-08-12 18:15:00,6,8,12,18,15,60,88,"0, ETATS UNIS (QUAI DES)",,,Plein jour,En agglomération,Hors intersection,Normale,Autre collision,,,,,,,,,,,1,2,1,1,6
200600047210,0006-08-12 20:25:00,6,8,12,20,25,60,88,"0, ILE-DE-BEAUTE (PL. DE",,,Plein jour,En agglomération,Hors intersection,Normale,Deux véhicules - côté,,,,,,,,,,,1,2,1,1,3
200600047211,0006-08-13 05:25:00,6,8,13,5,25,60,88,"35, FONTAINE DE LA VILLE",,,Nuit avec éclairage allumé,En agglomération,Hors intersection,Normale,Autre collision,,,,,,,,,,,5,2,1,1,6
200600047212,0006-08-13 00:10:00,6,8,13,0,10,60,88,ETATS UNIS (QUAI DES),,,Nuit avec éclairage allumé,En agglomération,Hors intersection,Normale,Deux véhicules - arrière,,,,,,,,,,,5,2,1,1,2
200600047213,0006-08-13 02:48:00,6,8,13,2,48,60,88,"0, VOIE RAPIDE",,,Nuit avec éclairage allumé,En agglomération,Hors intersection,Normale,Autre collision,,,,,,,,,,,5,2,1,1,6
200600047214,0006-08-13 19:00:00,6,8,13,19,0,60,88,"0, NAPOLEON III (PONT)",,,Plein jour,En agglomération,Hors intersection,Normale,Deux véhicules - arrière,,,,,,,,,,,1,2,1,1,2
200600047215,0006-08-13 23:30:00,6,8,13,23,30,60,88,"7, CAP DE CROIX (AV. ET",,,Nuit avec éclairage allumé,En agglomération,Hors intersection,Normale,Trois véhicules et plus - collisions multiples,,,,,,,,,,,5,2,1,1,5
200600047216,0006-08-14 09:50:00,6,8,14,9,50,60,88,"20, MADELEINE (BD DE LA)",,,Plein jour,En agglomération,Hors intersection,Normale,Autre collision,,,,,,,,,,,1,2,1,1,6
200600047217,0006-08-14 16:00:00,6,8,14,16,0,60,88,"131, SAINT-PIERRE DE FER",,,Plein jour,En agglomération,Hors intersection,Normale,Deux véhicules - côté,,,,,,,,,,,1,2,1,1,3
200600047218,0006-08-14 20:30:00,6,8,14,20,30,60,88,"0, DIABLES BLEUS (AV. DE",,,Crépuscule ou aube,En agglomération,Hors intersection,Normale,Sans collision,,,,,,,,,,,2,2,1,1,7
200600047219,0006-08-14 21:20:00,6,8,14,21,20,60,88,"14, ASSALIT (RUE)",,,Nuit avec éclairage allumé,En agglomération,Hors intersection,Normale,Deux véhicules - côté,,,,,,,,,,,5,2,1,1,3
200600047220,0006-08-15 05:00:00,6,8,15,5,0,60,88,"455, ANGLAIS PLAGE(  PAR",,,Nuit avec éclairage allumé,Hors agglomération,Hors intersection,Normale,Autre collision,,,,,,,,,,,5,1,1,1,6
200600047221,0006-08-15 13:30:00,6,8,15,13,30,60,88,PERTINAX (R.),,,Plein jour,En agglomération,Intersection en X,Normale,Autre collision,,,,,,,,,,,1,2,2,1,6
200600047222,0006-08-16 11:40:00,6,8,16,11,40,60,88,"107, ANGLAIS PLAGE(DU 45",,,Plein jour,En agglomération,Hors intersection,Pluie légère,Autre collision,,,,,,,,,,,1,2,1,2,6
200600047223,0006-08-16 13:29:00,6,8,16,13,29,60,88,"31, CHATEAUNEUF (RUE)",,,Plein jour,En agglomération,Hors intersection,Normale,Autre collision,,,,,,,,,,,1,2,1,1,6
200600047224,0006-08-16 16:47:00,6,8,16,16,47,60,88,"0, RD 6202",,,Plein jour,En agglomération,Hors intersection,Normale,Deux véhicules - côté,,,,,,,,,,,1,2,1,1,3
200600047225,0006-08-16 23:05:00,6,8,16,23,5,60,88,"0, RAYNAUD (BD AUGUSTE)",,,Nuit avec éclairage allumé,En agglomération,Intersection en X,Normale,Deux véhicules - côté,,,,,,,,,,,5,2,2,1,3
200600047226,0006-08-16 19:20:00,6,8,16,19,20,60,88,"0, COMBOUL (AV. RAYMOND)",,,Plein jour,En agglomération,Intersection en X,Normale,Deux véhicules - côté,,,,,,,,,,,1,2,2,1,3
200600047227,0006-08-17 16:45:00,6,8,17,16,45,60,88,"0, RISSO (BD)",,,Plein jour,En agglomération,Hors intersection,Pluie légère,Autre collision,,,,,,,,,,,1,2,1,2,6
200600047228,0006-08-17 22:15:00,6,8,17,22,15,60,88,"101, ANGLAIS (DU N° 45 A",,,Nuit avec éclairage allumé,En agglomération,Hors intersection,Pluie légère,Autre collision,,,,,,,,,,,5,2,1,2,6
200600047229,0006-08-18 09:30:00,6,8,18,9,30,60,88,"103, ANGLAIS (DU N° 45 A",,,Plein jour,En agglomération,Hors intersection,Normale,Deux véhicules - arrière,,,,,,,,,,,1,2,1,1,2
200600047230,0006-08-18 10:10:00,6,8,18,10,10,60,88,"43, GRACE DE MONACO (BD",,,Plein jour,En agglomération,Hors intersection,Normale,Deux véhicules - côté,,,,,,,,,,,1,2,1,1,3
200600047231,0006-08-18 14:10:00,6,8,18,14,10,60,88,"25 bis, ANGLAIS PLAGE (N",,,Plein jour,En agglomération,Intersection en T,Normale,Trois véhicules et plus - collisions multiples,,,,,,,,,,,1,2,3,1,5
200600047232,0006-08-18 17:30:00,6,8,18,17,30,60,88,"153, MADELEINE (BD DE LA",,,Plein jour,En agglomération,Hors intersection,Normale,Deux véhicules - côté,,,,,,,,,,,1,2,1,1,3
200600047233,0006-08-18 19:25:00,6,8,18,19,25,60,88,"0, VOIE RAPIDE",,,Plein jour,En agglomération,Hors intersection,Normale,Trois véhicules et plus - collisions multiples,,,,,,,,,,,1,2,1,1,5
200600047234,0006-08-19 09:15:00,6,8,19,9,15,60,88,"0, CARNOT (BD)",,,Plein jour,En agglomération,Intersection en X,Normale,Deux véhicules - arrière,,,,,,,,,,,1,2,2,1,2
200600047235,0006-08-19 09:50:00,6,8,19,9,50,60,88,"113, JOLY (CORNICHE ANDR",,,Plein jour,En agglomération,Hors intersection,Normale,Deux véhicules - côté,,,,,,,,,,,1,2,1,1,3
200600047236,0006-08-19 12:00:00,6,8,19,12,0,60,88,"44, DURANDY (AV. JOSEPH)",,,Plein jour,En agglomération,Hors intersection,Normale,Deux véhicules - côté,,,,,,,,,,,1,2,1,1,3
200600047237,0006-08-19 20:00:00,6,8,19,20,0,60,88,"0, GAL (R. AUGUSTE)",,,Plein jour,En agglomération,Intersection en X,Normale,Deux véhicules - côté,,,,,,,,,,,1,2,2,1,3
200600047238,0006-08-19 22:35:00,6,8,19,22,35,60,88,"0, GORBELLA (BD DE)",,,Nuit sans éclairage public,En agglomération,Intersection en X,Normale,Deux véhicules - côté,,,,,,,,,,,3,2,2,1,3
200600047239,0006-08-20 00:05:00,6,8,20,0,5,60,88,"0, ROQUEBILLIERE (R. DE)",,,Nuit avec éclairage allumé,En agglomération,Intersection en X,Normale,Deux véhicules - côté,,,,,,,,,,,5,2,2,1,3
200600047240,0006-08-20 04:30:00,6,8,20,4,30,60,88,"0, COMBOUL (AV. RAYMOND)",,,Nuit avec éclairage allumé,En agglomération,Intersection en X,Normale,Deux véhicules - côté,,,,,,,,,,,5,2,2,1,3
200600047241,0006-08-20 18:40:00,6,8,20,18,40,60,88,"0, MONTEL (BD PAUL)",,,Plein jour,En agglomération,Intersection en T,Normale,Deux véhicules - côté,,,,,,,,,,,1,2,3,1,3
200600047242,0006-08-21 09:20:00,6,8,21,9,20,60,88,"1267, ABADIE (RTE DE L')",,,Plein jour,Hors agglomération,Hors intersection,Normale,Autre collision,,,,,,,,,,,1,1,1,1,6
200600047243,0006-08-21 11:10:00,6,8,21,11,10,60,88,"5, MENDIGUREN (AV. DE)",,,Plein jour,En agglomération,Hors intersection,Normale,Autre collision,,,,,,,,,,,1,2,1,1,6
200600047244,0006-08-21 13:00:00,6,8,21,13,0,60,88,"41, GAL (R. AUGUSTE)",,,Plein jour,En agglomération,Hors intersection,Normale,Autre collision,,,,,,,,,,,1,2,1,1,6
200600047245,0006-08-21 14:15:00,6,8,21,14,15,60,88,"4, DOUANE (QUAI DE LA)",,,Plein jour,En agglomération,Hors intersection,Normale,Deux véhicules - arrière,,,,,,,,,,,1,2,1,1,2
200600047246,0006-08-21 16:40:00,6,8,21,16,40,60,88,"5, VERNIER (R.)",,,Plein jour,En agglomération,Hors intersection,Normale,Autre collision,,,,,,,,,,,1,2,1,1,6
200600047247,0006-08-21 21:20:00,6,8,21,21,20,60,88,"14, CARLONE (BD)",,,Nuit avec éclairage allumé,En agglomération,Hors intersection,Normale,Deux véhicules - côté,,,,,,,,,,,5,2,1,1,3
200600047248,0006-08-23 06:30:00,6,8,23,6,30,60,88,"0, ANGLAIS (DU N° 265 AU",,,Plein jour,Hors agglomération,Hors intersection,Normale,Deux véhicules - arrière,,,,,,,,,,,1,1,1,1,2
200600047249,0006-08-23 07:05:00,6,8,23,7,5,60,88,"54, JARDINIERS (BD DES)",,,Plein jour,En agglomération,Hors intersection,Normale,Deux véhicules - arrière,,,,,,,,,,,1,2,1,1,2
200600047250,0006-08-23 09:30:00,6,8,23,9,30,60,88,"34, ANGLAIS (DU N° 1 AU",,,Plein jour,En agglomération,Hors intersection,Normale,Autre collision,,,,,,,,,,,1,2,1,1,6
200600047251,0006-08-23 15:05:00,6,8,23,15,5,60,88,"0, VOIE RAPIDE",,,Plein jour,En agglomération,Intersection en X,Normale,Deux véhicules - côté,,,,,,,,,,,1,2,2,1,3
200600047252,0006-08-24 07:55:00,6,8,24,7,55,60,88,"00, ROSSINI (R.)",,,Plein jour,En agglomération,Intersection en X,Normale,Deux véhicules - côté,,,,,,,,,,,1,2,2,1,3
200600047253,0006-08-24 09:20:00,6,8,24,9,20,60,88,"0, DIDEROT (RUE)",,,Plein jour,En agglomération,Intersection en X,Normale,Deux véhicules - côté,,,,,,,,,,,1,2,2,1,3
200600047254,0006-08-24 15:05:00,6,8,24,15,5,60,88,"0, CORNIGLION MOLINIER (",,,Plein jour,Hors agglomération,Hors intersection,Normale,Deux véhicules - arrière,,,,,,,,,,,1,1,1,1,2
200600047255,0006-08-24 16:25:00,6,8,24,16,25,60,88,"0, FAURE (AV. FELIX)",,,Plein jour,En agglomération,Hors intersection,Normale,Autre collision,,,,,,,,,,,1,2,1,1,6
200600047256,0006-08-25 14:00:00,6,8,25,14,0,60,88,RD 6202,,,Plein jour,En agglomération,Hors intersection,Normale,Deux véhicules - côté,,,,,,,,,,,1,2,1,1,3
200600047257,0006-08-25 02:15:00,6,8,25,2,15,60,88,"63, ANGLAIS (DU N° 45 AU",,,Nuit avec éclairage allumé,En agglomération,Hors intersection,Normale,Deux véhicules - arrière,,,,,,,,,,,5,2,1,1,2
200600047258,0006-08-25 10:00:00,6,8,25,10,0,60,88,"63, GRENOBLE (ROUTE DE)",,,Plein jour,En agglomération,Hors intersection,Normale,Deux véhicules - côté,,,,,,,,,,,1,2,1,1,3
200600047259,0006-08-25 22:15:00,6,8,25,22,15,60,88,"0, FIGHIERA (R. DU DOCTE",,,Nuit avec éclairage allumé,En agglomération,Intersection en X,Normale,Trois véhicules et plus - collisions multiples,,,,,,,,,,,5,2,2,1,5
200600047260,0006-08-26 06:50:00,6,8,26,6,50,60,88,"0, CLEMENCEAU (AV. GEORG",,,Plein jour,En agglomération,Intersection en X,Normale,Deux véhicules - côté,,,,,,,,,,,1,2,2,1,3
200600047261,0006-08-26 07:40:00,6,8,26,7,40,60,88,"85, ANGLAIS (DU N° 45 AU",,,Plein jour,En agglomération,Hors intersection,Normale,Deux véhicules - côté,,,,,,,,,,,1,2,1,1,3
200600047262,0006-08-26 09:30:00,6,8,26,9,30,60,88,"7, BOTTERO (RUE)",,,Plein jour,En agglomération,Hors intersection,Normale,Deux véhicules - côté,,,,,,,,,,,1,2,1,1,3
200600047263,0006-08-26 16:30:00,6,8,26,16,30,60,88,"247, ANGLAIS (DU N° 265",,,Plein jour,En agglomération,Hors intersection,Normale,Trois véhicules et plus - collisions multiples,,,,,,,,,,,1,2,1,1,5
200600047264,0006-08-26 18:30:00,6,8,26,18,30,60,88,"0, RAUBA-CAPEU (QUAI)",,,Plein jour,En agglomération,Hors intersection,Normale,Autre collision,,,,,,,,,,,1,2,1,1,6
200600047265,0006-08-27 01:45:00,6,8,27,1,45,60,88,"37, PAPE JEAN XXIII (BD)",,,Nuit avec éclairage non allumé,En agglomération,Hors intersection,Normale,Autre collision,,,,,,,,,,,4,2,1,1,6
200600047266,0006-08-27 18:25:00,6,8,27,18,25,60,88,"0, BONAPARTE (RUE)",,,Plein jour,En agglomération,Intersection en T,Normale,Autre collision,,,,,,,,,,,1,2,3,1,6
200600047267,0006-08-28 08:20:00,6,8,28,8,20,60,88,"0, GARIGLIANO (PONTS)",,,Plein jour,En agglomération,Hors intersection,Normale,Deux véhicules - côté,,,,,,,,,,,1,2,1,1,3
200600047268,0006-08-28 12:00:00,6,8,28,12,0,60,88,"0, BESSET (AV.) (A PARTI",,,Plein jour,En agglomération,Hors intersection,Normale,Autre collision,,,,,,,,,,,1,2,1,1,6
200600047269,0006-08-28 16:00:00,6,8,28,16,0,60,88,"0, GIOFFREDO (R.)",,,Plein jour,En agglomération,Intersection en X,Normale,Deux véhicules - côté,,,,,,,,,,,1,2,2,1,3
200600047270,0006-08-28 16:50:00,6,8,28,16,50,60,88,"0, GOUNOD (RUE)",,,Plein jour,En agglomération,Intersection en X,Normale,Deux véhicules - côté,,,,,,,,,,,1,2,2,1,3
200600047271,0006-08-28 20:35:00,6,8,28,20,35,60,88,"0, ARMEE DES ALPES (BD D",,,Plein jour,En agglomération,Hors intersection,Normale,Autre collision,,,,,,,,,,,1,2,1,1,6
200600047272,0006-08-29 01:00:00,6,8,29,1,0,60,88,"0, VERNIER (R.)",,,Nuit avec éclairage allumé,En agglomération,Intersection en T,Normale,Deux véhicules - côté,,,,,,,,,,,5,2,3,1,3
200600047273,0006-08-29 06:20:00,6,8,29,6,20,60,88,"0, BARLA (RUE)",,,Crépuscule ou aube,En agglomération,Intersection en X,Normale,Deux véhicules - côté,,,,,,,,,,,2,2,2,1,3
200600047274,0006-08-29 09:35:00,6,8,29,9,35,60,88,"0, MATISSE (AV. HENRI)",,,Plein jour,En agglomération,Hors intersection,Normale,Autre collision,,,,,,,,,,,1,2,1,1,6
200600047275,0006-08-29 10:00:00,6,8,29,10,0,60,88,"139, ST LAMBERT A PARTIR",,,Plein jour,En agglomération,Hors intersection,Normale,Trois véhicules et plus - en chaîne,,,,,,,,,,,1,2,1,1,4
200600047276,0006-08-29 11:21:00,6,8,29,11,21,60,88,"0, VOIE RAPIDE",,,Plein jour,En agglomération,Hors intersection,Normale,Trois véhicules et plus - collisions multiples,,,,,,,,,,,1,2,1,1,5
200600047277,0006-08-29 13:45:00,6,8,29,13,45,60,88,"0, ANGLAIS (DU N° 1 AU N",,,Plein jour,En agglomération,Hors intersection,Normale,Deux véhicules - arrière,,,,,,,,,,,1,2,1,1,2
200600047278,0006-08-29 18:15:00,6,8,29,18,15,60,88,"3, REINE-JEANNE (R.)",,,Plein jour,En agglomération,Hors intersection,Normale,Sans collision,,,,,,,,,,,1,2,1,1,7
200600047279,0006-08-30 09:15:00,6,8,30,9,15,60,88,"129, GAMBETTA (A PARTIR",,,Plein jour,En agglomération,Hors intersection,Normale,Deux véhicules - arrière,,,,,,,,,,,1,2,1,1,2
200600047280,0006-08-30 10:00:00,6,8,30,10,0,60,88,"0, VOIE RAPIDE",,,Plein jour,En agglomération,Hors intersection,Normale,Trois véhicules et plus - en chaîne,,,,,,,,,,,1,2,1,1,4
200600047281,0006-08-30 12:40:00,6,8,30,12,40,60,88,"0, THIERS (AV.)",,,Plein jour,En agglomération,Intersection en T,Normale,Deux véhicules - arrière,,,,,,,,,,,1,2,3,1,2
200600047282,0006-08-30 18:15:00,6,8,30,18,15,60,88,"367, ANGLAIS (DU N° 265",,,Plein jour,En agglomération,Hors intersection,Normale,Autre collision,,,,,,,,,,,1,2,1,1,6
200600047283,0006-08-30 20:30:00,6,8,30,20,30,60,88,"0, DESAMBROIS (AV.)",,,Nuit avec éclairage allumé,En agglomération,Intersection en X,Normale,Deux véhicules - côté,,,,,,,,,,,5,2,2,1,3
200600047284,0006-08-30 21:40:00,6,8,30,21,40,60,88,"142, ARENES DE CIMIEZ (A",,,Nuit avec éclairage allumé,En agglomération,Hors intersection,Normale,Autre collision,,,,,,,,,,,5,2,1,1,6
200600047285,0006-08-30 22:40:00,6,8,30,22,40,60,88,"16, CASSIN (BD RENE)",,,Nuit avec éclairage allumé,En agglomération,Hors intersection,Normale,Deux véhicules - arrière,,,,,,,,,,,5,2,1,1,2
200600047286,0006-08-31 09:50:00,6,8,31,9,50,60,88,"21, SAINT-AUGUSTIN (AV.",,,Plein jour,En agglomération,Hors intersection,Normale,Autre collision,,,,,,,,,,,1,2,1,1,6
200600047287,0006-08-31 11:00:00,6,8,31,11,0,60,88,"0, RICHELMI (R. DR P.)",,,Plein jour,En agglomération,Hors intersection,Normale,Autre collision,,,,,,,,,,,1,2,1,1,6
200600047288,0006-08-31 21:20:00,6,8,31,21,20,60,88,"56, STALINGRAD (BD DE)",,,Nuit avec éclairage allumé,En agglomération,Hors intersection,Normale,Deux véhicules - frontale,,,,,,,,,,,5,2,1,1,1
200600047289,0006-08-11 13:10:00,6,8,11,13,10,70,10,VOGUE (RUE MELCHIOR DE),,,Plein jour,En agglomération,Intersection en X,Normale,Deux véhicules - côté,,,,,,,,,,,1,2,2,1,3
200600047290,0006-08-16 17:22:00,6,8,16,17,22,70,231,104 ( ROUTE DEPARTEMENTA,,,Plein jour,Hors agglomération,Hors intersection,Normale,Deux véhicules - côté,,,,,,,,,,,1,1,1,1,3
200600047291,0006-08-04 22:50:00,6,8,4,22,50,70,281,"499, GROSS-UMSTADT (AVEN",,,Nuit avec éclairage allumé,Hors agglomération,Hors intersection,Normale,Sans collision,,,,,,,,,,,5,1,1,1,7
200600047292,0006-08-23 15:00:00,6,8,23,15,0,70,281,C.D. 533 (VERS LE PUY),,,Plein jour,Hors agglomération,Hors intersection,Normale,Deux véhicules - frontale,,,,,,,,,,,1,1,1,1,1
200600047293,0006-08-17 20:47:00,6,8,17,20,47,80,497,THIS ROUTE,,,Crépuscule ou aube,En agglomération,Intersection en X,Temps couvert,Deux véhicules - côté,,,,,,,,,,,2,2,2,8,3
200600047294,0006-08-19 17:00:00,6,8,19,17,0,80,105,"48, WARCQ",,,Plein jour,En agglomération,Hors intersection,Normale,Trois véhicules et plus - collisions multiples,,,,,,,,,,,1,2,1,1,5
200600047295,0006-08-21 12:05:00,6,8,21,12,5,80,497,REPUBLIQUE RUE,,,Plein jour,En agglomération,Hors intersection,Temps couvert,Deux véhicules - côté,,,,,,,,,,,1,2,1,8,3
200600047296,0006-08-30 11:05:00,6,8,30,11,5,80,409,"10, ROCHEFOUCAULD (RUE D",,,Plein jour,En agglomération,Hors intersection,Normale,Autre collision,,,,,,,,,,,1,2,1,1,6
200600047297,0006-08-21 17:10:00,6,8,21,17,10,90,207,ROUTE NATIONALE 20,,,Plein jour,En agglomération,Hors intersection,Temps éblouissant,Autre collision,,,,,,,,,,,1,2,1,7,6
200600047298,0006-08-25 16:30:00,6,8,25,16,30,90,122,"16, VILLOTE (ALLEES DE)",,,Plein jour,En agglomération,Hors intersection,Normale,Sans collision,,,,,,,,,,,1,2,1,1,7
200600047299,0006-08-06 19:05:00,6,8,6,19,5,100,357,"000, PERRIERES (RUE DES)",,,Plein jour,En agglomération,Hors intersection,Normale,Deux véhicules - côté,,,,,,,,,,,1,2,1,1,3
200600047300,0006-08-08 17:50:00,6,8,8,17,50,100,333,"12, JEAN JAURES (RUE)",,,Plein jour,En agglomération,Hors intersection,Normale,Autre collision,,,,,,,,,,,1,2,1,1,6
200600047301,0006-08-09 18:50:00,6,8,9,18,50,100,297,"21, JULES GUESDE (BDL)",,,Plein jour,En agglomération,Hors intersection,Normale,Deux véhicules - côté,,,,,,,,,,,1,2,1,1,3
200600047302,0006-08-22 12:25:00,6,8,22,12,25,100,387,"000, ETIENNE PEDRON (RUE",,,Plein jour,En agglomération,Intersection en X,Normale,Deux véhicules - côté,,,,,,,,,,,1,2,2,1,3
200600047303,0006-08-18 14:25:00,6,8,18,14,25,100,387,"000, PREMIER MAI (RUE DU",,,Plein jour,En agglomération,Hors intersection,Normale,Autre collision,,,,,,,,,,,1,2,1,1,6
200600047304,0006-08-22 21:15:00,6,8,22,21,15,100,325,"1, QUEBEC (RUE DU)",,,Nuit avec éclairage allumé,En agglomération,Hors intersection,Normale,Autre collision,,,,,,,,,,,5,2,1,1,6
200600047305,0006-08-13 07:50:00,6,8,13,7,50,110,69,"1, PONT DE LA PAIX",,,Plein jour,En agglomération,Hors intersection,Normale,Autre collision,,,,,,,,,,,1,2,1,1,6
200600047306,0006-08-09 17:30:00,6,8,9,17,30,110,262,LILAS (AVENUE DES),,,Plein jour,En agglomération,Hors intersection,Normale,Autre collision,,,,,,,,,,,1,2,1,1,6
200600047307,0006-08-04 01:25:00,6,8,4,1,25,110,262,"000, ARMISSAN ROUTE D')",,,Nuit avec éclairage allumé,En agglomération,Intersection en X,Normale,Deux véhicules - côté,,,,,,,,,,,5,2,2,1,3
200600047308,0006-08-09 16:00:00,6,8,9,16,0,110,262,CREISSEL (BOULEVARD DE),,,Plein jour,Hors agglomération,Hors intersection,Normale,Deux véhicules - côté,,,,,,,,,,,1,1,1,1,3
200600047309,0006-08-28 19:00:00,6,8,28,19,0,110,262,FRANCE (AVENUE ANATOLE),,,Plein jour,En agglomération,Intersection en X,Normale,Deux véhicules - côté,,,,,,,,,,,1,2,2,1,3
200600047310,0006-08-09 15:10:00,6,8,9,15,10,120,89,"66, RODEZ (AVENUE DE)",,,Plein jour,En agglomération,Autre intersection,Normale,Deux véhicules - frontale,,,,,,,,,,,1,2,9,1,1
200600047311,0006-08-09 17:35:00,6,8,9,17,35,120,100,RD 840 (AXE BRIVE MEDITE,,,Plein jour,Hors agglomération,Hors intersection,Normale,Deux véhicules - arrière,,,,,,,,,,,1,1,1,1,2
200600047312,0006-08-06 23:30:00,6,8,6,23,30,120,145,AYROLLE (BOULEVARD DE L',,,Nuit avec éclairage allumé,En agglomération,Hors intersection,Normale,Deux véhicules - frontale,,,,,,,,,,,5,2,1,1,1
200600047313,0006-08-02 01:45:00,6,8,2,1,45,130,1,RD 543,,,Nuit sans éclairage public,Hors agglomération,Hors intersection,Normale,Sans collision,,,,,,,,,,,3,1,1,1,7
200600047314,0006-08-03 16:30:00,6,8,3,16,30,130,1,ELY HUGO (RUE),,,Plein jour,En agglomération,Hors intersection,Normale,Deux véhicules - côté,,,,,,,,,,,1,2,1,1,3
200600047315,0006-08-08 11:07:00,6,8,8,11,7,130,1,"33, BRIAND ARISTIDE (BD)",,,Plein jour,En agglomération,Hors intersection,Normale,Deux véhicules - côté,,,,,,,,,,,1,2,1,1,3
200600047316,0006-08-08 16:05:00,6,8,8,16,5,130,1,R.N 7,,,Plein jour,Hors agglomération,Hors intersection,Normale,Deux véhicules - côté,,,,,,,,,,,1,1,1,1,3
200600047317,0006-08-23 16:33:00,6,8,23,16,33,130,1,"154, MONNET JEAN (AV)",,,Plein jour,En agglomération,Hors intersection,Normale,Autre collision,,,,,,,,,,,1,2,1,1,6
200600047318,0006-08-25 23:00:00,6,8,25,23,0,130,1,"642, RN 96",,,Nuit avec éclairage allumé,Hors agglomération,Hors intersection,Normale,Deux véhicules - côté,,,,,,,,,,,5,1,1,1,3
200600047319,0006-08-26 15:10:00,6,8,26,15,10,130,1,MONNET JEAN (AV),,,Plein jour,En agglomération,Hors intersection,Normale,Autre collision,,,,,,,,,,,1,2,1,1,6
200600047320,0006-08-28 17:35:00,6,8,28,17,35,130,1,"26, DE LATTRE DE TASSIGN",,,Plein jour,En agglomération,Hors intersection,Normale,Autre collision,,,,,,,,,,,1,2,1,1,6
200600047321,0006-08-31 16:15:00,6,8,31,16,15,130,1,"6, BONAPARTE NAPOLEON(AV",,,Plein jour,En agglomération,Hors intersection,Normale,Deux véhicules - arrière,,,,,,,,,,,1,2,1,1,2
200600047322,0006-08-02 14:10:00,6,8,2,14,10,130,4,"0, SADI CARNOT AVENUE",,,Plein jour,En agglomération,Intersection en T,Normale,Deux véhicules - côté,,,,,,,,,,,1,2,3,1,3
200600047323,0006-08-09 20:10:00,6,8,9,20,10,130,4,"0, RN 113",,,Plein jour,Hors agglomération,Hors intersection,Normale,Sans collision,,,,,,,,,,,1,1,1,1,7
200600047324,0006-08-10 07:25:00,6,8,10,7,25,130,4,DOCTEUR ROBERT MOREL AVE,,,Plein jour,En agglomération,Intersection en T,Normale,Deux véhicules - arrière,,,,,,,,,,,1,2,3,1,2
200600047325,0006-08-13 20:15:00,6,8,13,20,15,130,4,SALVADOR ALLENDE AVENUE,,,Plein jour,En agglomération,Hors intersection,Normale,Sans collision,,,,,,,,,,,1,2,1,1,7
200600047326,0006-08-19 08:45:00,6,8,19,8,45,130,4,"0, RN 113",,,Plein jour,Hors agglomération,Hors intersection,Normale,Trois véhicules et plus - collisions multiples,,,,,,,,,,,1,1,1,1,5
200600047327,0006-08-28 16:15:00,6,8,28,16,15,130,4,CALADE RUE DE LA,,,Plein jour,En agglomération,Hors intersection,Normale,Autre collision,,,,,,,,,,,1,2,1,1,6
200600047328,0006-08-29 11:30:00,6,8,29,11,30,130,4,"0, GAMBETTA RUE",,,Plein jour,En agglomération,Intersection en X,Normale,Deux véhicules - arrière,,,,,,,,,,,1,2,2,1,2
200600047329,0006-08-08 11:00:00,6,8,8,11,0,130,5,SAINT PIERRE (CHEMIN DE),,,Plein jour,Hors agglomération,Autre intersection,Normale,Deux véhicules - arrière,,,,,,,,,,,1,1,9,1,2
200600047330,0006-08-11 12:30:00,6,8,11,12,30,130,5,RN 8,,,Plein jour,En agglomération,Hors intersection,Normale,Deux véhicules - frontale,,,,,,,,,,,1,2,1,1,1
200600047331,0006-08-29 17:49:00,6,8,29,17,49,130,28,"1413, DULAC (AVENUE GUIL",,,Plein jour,En agglomération,Hors intersection,Normale,Deux véhicules - côté,,,,,,,,,,,1,2,1,1,3
200600047332,0006-08-25 13:00:00,6,8,25,13,0,130,47,"60, SAINT EXUPERY AVENUE",,,Plein jour,Hors agglomération,Hors intersection,Normale,Deux véhicules - arrière,,,,,,,,,,,1,1,1,1,2
200600047333,0006-08-14 21:40:00,6,8,14,21,40,130,63,"1, CHARLES DE GAULLE AVE",,,Nuit avec éclairage non allumé,En agglomération,Hors intersection,Normale,Deux véhicules - côté,,,,,,,,,,,4,2,1,1,3
200600047334,0006-08-25 19:10:00,6,8,25,19,10,130,63,"1, THEODORE AUBANEL BOUL",,,Plein jour,Hors agglomération,Hors intersection,Normale,Deux véhicules - côté,,,,,,,,,,,1,1,1,1,3
200600047335,0006-08-25 01:30:00,6,8,25,1,30,130,47,"1, CD16 (LE DELA)",,,Nuit sans éclairage public,Hors agglomération,Hors intersection,Normale,Deux véhicules - frontale,,,,,,,,,,,3,1,1,1,1