accident_id,datetime,annee,mois,jour,heure,minute,departement,commune_insee,adresse,latitude,longitude,luminosite,agglomeration,intersection,meteo,collision,nb_vehicules,nb_usagers,nb_indemnes,nb_tues,nb_blesses_hosp,nb_blesses_legers,age_cond_1,age_cond_2,veh_type_cond_1,veh_type_cond_2,lum_code,agg_code,int_code,atm_code,col_code
200600047734,0006-08-12 23:20:00,6,8,12,23,20,270,229,"7, GAMBETTA (BOULEVARD)",,,Nuit avec éclairage allumé,En agglomération,Hors intersection,Normale,Deux véhicules - côté,,,,,,,,,,,5,2,1,1,3
200600047735,0006-08-13 18:30:00,6,8,13,18,30,270,229,CITES UNIES (BOULEVARD D,,,Plein jour,En agglomération,Hors intersection,Normale,Deux véhicules - frontale,,,,,,,,,,,1,2,1,1,1
200600047736,0006-08-29 12:45:00,6,8,29,12,45,270,229,"12, VULCAIN (RUE)",,,Plein jour,En agglomération,Hors intersection,Normale,Deux véhicules - arrière,,,,,,,,,,,1,2,1,1,2
200600047737,0006-08-29 16:10:00,6,8,29,16,10,270,229,"17, JOLIOT CURIE (RUE FR",,,Plein jour,En agglomération,Hors intersection,Normale,Autre collision,,,,,,,,,,,1,2,1,1,6
200600047738,0006-08-02 04:25:00,6,8,2,4,25,270,701,"0, RN15",,,Nuit avec éclairage non allumé,Hors agglomération,Hors intersection,Normale,Autre collision,,,,,,,,,,,4,1,1,1,6
200600047739,0006-08-20 11:50:00,6,8,20,11,50,270,701,"0, BLANCHE (CH. DE LA VO",,,Plein jour,En agglomération,Hors intersection,Normale,Sans collision,,,,,,,,,,,1,2,1,1,7
200600047740,0006-08-26 11:05:00,6,8,26,11,5,270,375,"5, FERRY (BOULEVARD JULE",,,Plein jour,En agglomération,Hors intersection,Pluie forte,Autre collision,,,,,,,,,,,1,2,1,3,6
200600047741,0006-08-07 19:00:00,6,8,7,19,0,270,681,LECLERC (BOULEVARD DU MA,,,Plein jour,En agglomération,Autre intersection,Normale,Autre collision,,,,,,,,,,,1,2,9,1,6
200600047742,0006-08-01 14:00:00,6,8,1,14,0,270,588,NATIONALE 15 (ROUTE),,,Plein jour,En agglomération,Autre intersection,Normale,Autre collision,,,,,,,,,,,1,2,9,1,6
200600047743,0006-08-12 07:30:00,6,8,12,7,30,270,562,BLANCHARDS (BOULEVARD DE,,,Plein jour,En agglomération,Giratoire,Normale,Deux véhicules - arrière,,,,,,,,,,,1,2,6,1,2
200600047744,0006-08-19 06:35:00,6,8,19,6,35,270,681,IVRY (ROUTE D'),,,Plein jour,En agglomération,Hors intersection,Normale,Autre collision,,,,,,,,,,,1,2,1,1,6
200600047745,0006-08-21 09:45:00,6,8,21,9,45,270,681,BONNARD (RUE PIERRE),,,Plein jour,En agglomération,Hors intersection,Normale,Autre collision,,,,,,,,,,,1,2,1,1,6
200600047746,0006-08-25 02:30:00,6,8,25,2,30,270,681,ILE DE FRANCE (AVENUE DE,,,Nuit avec éclairage allumé,Hors agglomération,Hors intersection,Normale,Sans collision,,,,,,,,,,,5,1,1,1,7
200600047747,0006-08-28 14:35:00,6,8,28,14,35,270,554,CHATEAU (AVENUE DU),,,Plein jour,En agglomération,Intersection en X,Pluie légère,Deux véhicules - côté,,,,,,,,,,,1,2,2,2,3
200600047748,0006-08-31 18:25:00,6,8,31,18,25,270,554,ROUEN (AVENUE DE),,,Plein jour,En agglomération,Hors intersection,Normale,Autre collision,,,,,,,,,,,1,2,1,1,6
200600047749,0006-08-05 17:10:00,6,8,5,17,10,270,554,ROUEN (AVENUE DE),,,Plein jour,En agglomération,Hors intersection,Normale,Autre collision,,,,,,,,,,,1,2,1,1,6
200600047750,0006-08-04 17:50:00,6,8,4,17,50,280,218,"24, LECLERC (RUE DU MARE",,,Plein jour,En agglomération,Hors intersection,Normale,Trois véhicules et plus - en chaîne,,,,,,,,,,,1,2,1,1,4
200600047751,0006-08-10 01:00:00,6,8,10,1,0,280,229,"SANS, RD24",,,Nuit avec éclairage allumé,En agglomération,Intersection en X,Normale,Deux véhicules - côté,,,,,,,,,,,5,2,2,1,3
200600047752,0006-08-21 14:50:00,6,8,21,14,50,280,85,"sans, DESPORTES (RUE PHI",,,Plein jour,En agglomération,Hors intersection,Normale,Deux véhicules - arrière,,,,,,,,,,,1,2,1,1,2
200600047753,0006-08-28 12:25:00,6,8,28,12,25,280,218,RN23,,,Plein jour,En agglomération,Hors intersection,Normale,Autre collision,,,,,,,,,,,1,2,1,1,6
200600047754,0006-08-29 11:55:00,6,8,29,11,55,280,85,"SANS, COURTILLE (BOULEVA",,,Plein jour,En agglomération,Hors intersection,Normale,Deux véhicules - arrière,,,,,,,,,,,1,2,1,1,2
200600047755,0006-08-31 07:50:00,6,8,31,7,50,280,218,"152, REPUBLIQUE (RUE DE",,,Plein jour,En agglomération,Hors intersection,Normale,Autre collision,,,,,,,,,,,1,2,1,1,6
200600047756,0006-08-04 20:20:00,6,8,4,20,20,280,134,NOTRE DAME DE LA RONDE (,,,Crépuscule ou aube,Hors agglomération,Hors intersection,Normale,Autre collision,,,,,,,,,,,2,1,1,1,6
200600047757,0006-08-07 22:30:00,6,8,7,22,30,280,134,RN 12 (ARCHE DU GAZON),,,Nuit sans éclairage public,Hors agglomération,Hors intersection,Pluie légère,Autre collision,,,,,,,,,,,3,1,1,2,6
200600047758,0006-08-12 18:18:00,6,8,12,18,18,280,134,RN 12 (CARREFOUR DELISLE,,,Plein jour,En agglomération,Hors intersection,Pluie légère,Trois véhicules et plus - collisions multiples,,,,,,,,,,,1,2,1,2,5
200600047759,0006-08-20 15:45:00,6,8,20,15,45,280,134,RN 12 (ARCHE DU GAZON),,,Plein jour,Hors agglomération,Intersection en T,Normale,Deux véhicules - côté,,,,,,,,,,,1,1,3,1,3
200600047760,0006-08-05 17:30:00,6,8,5,17,30,290,19,"., DUPLEIX",,,Plein jour,En agglomération,Hors intersection,Normale,Deux véhicules - côté,,,,,,,,,,,1,2,1,1,3
200600047761,0006-08-05 22:00:00,6,8,5,22,0,290,19,"159, JAURES JEAN (DE 105",,,Crépuscule ou aube,En agglomération,Intersection en X,Normale,Deux véhicules - côté,,,,,,,,,,,2,2,2,1,3
200600047762,0006-08-06 16:25:00,6,8,6,16,25,290,19,"., PAULET GENERAL (173 E",,,Plein jour,En agglomération,Hors intersection,Normale,Autre collision,,,,,,,,,,,1,2,1,1,6
200600047763,0006-08-11 19:20:00,6,8,11,19,20,290,19,PRIGENT TANGUY (DE MESNO,,,Plein jour,En agglomération,Intersection en X,Normale,Sans collision,,,,,,,,,,,1,2,2,1,7
200600047764,0006-08-15 15:31:00,6,8,15,15,31,290,19,"., SAINT EXUPERY (DE 17",,,Plein jour,En agglomération,Intersection en X,Normale,Autre collision,,,,,,,,,,,1,2,2,1,6
200600047765,0006-08-16 12:07:00,6,8,16,12,7,290,19,"44, LOUPPE ALBERT (DE 1",,,Plein jour,En agglomération,Hors intersection,Normale,Sans collision,,,,,,,,,,,1,2,1,1,7
200600047766,0006-08-23 03:09:00,6,8,23,3,9,290,19,"175, PLYMOUTH (N° 175)",,,Nuit avec éclairage allumé,En agglomération,Hors intersection,Normale,Sans collision,,,,,,,,,,,5,2,1,1,7
200600047767,0006-08-24 12:00:00,6,8,24,12,0,290,19,"., GUILERS (DE 39 A 137",,,Plein jour,En agglomération,Intersection en X,Normale,Deux véhicules - côté,,,,,,,,,,,1,2,2,1,3
200600047768,0006-08-26 23:20:00,6,8,26,23,20,290,19,"., RN 12 (PEN AR CH'LEUZ",,,Nuit avec éclairage allumé,En agglomération,Hors intersection,Temps couvert,Sans collision,,,,,,,,,,,5,2,1,8,7
200600047769,0006-08-29 16:00:00,6,8,29,16,0,290,19,"., LIBERTE PLACE DE LA",,,Plein jour,En agglomération,Autre intersection,Normale,Autre collision,,,,,,,,,,,1,2,9,1,6
200600047770,0006-08-31 09:45:00,6,8,31,9,45,290,19,"., GOUESNOU (DE 1 A 29 E",,,Plein jour,En agglomération,Hors intersection,Normale,Autre collision,,,,,,,,,,,1,2,1,1,6
200600047771,0006-08-06 16:00:00,6,8,6,16,0,290,39,MARTINS PECHEURS ( RUE D,,,Plein jour,En agglomération,Intersection en T,Normale,Autre collision,,,,,,,,,,,1,2,3,1,6
200600047772,0006-08-07 21:05:00,6,8,7,21,5,290,39,", CROIX (QUAI DE LA)",,,Plein jour,En agglomération,Intersection en T,Normale,Deux véhicules - côté,,,,,,,,,,,1,2,3,1,3
200600047773,0006-08-27 02:50:00,6,8,27,2,50,290,39,"22, TRICHARD (RUE YVES)",,,Nuit sans éclairage public,En agglomération,Hors intersection,Normale,Sans collision,,,,,,,,,,,3,2,1,1,7
200600047774,0006-08-05 14:36:00,6,8,5,14,36,290,254,"3, CARHAIX ( ROUTE DE )",,,Plein jour,Hors agglomération,Hors intersection,Normale,Deux véhicules - côté,,,,,,,,,,,1,1,1,1,3
200600047775,0006-08-13 10:15:00,6,8,13,10,15,290,151,BAS DE LA RIVIERE (ROUTE,,,Plein jour,Hors agglomération,Hors intersection,Normale,Sans collision,,,,,,,,,,,1,1,1,1,7
200600047776,0006-08-26 19:00:00,6,8,26,19,0,290,151,EXPRESS RN 12 (VOIE),,,Plein jour,Hors agglomération,Hors intersection,Normale,Deux véhicules - frontale,,,,,,,,,,,1,1,1,1,1
200600047777,0006-08-29 10:25:00,6,8,29,10,25,290,151,DE GAULLE (PLACE DU GENE,,,Plein jour,En agglomération,Hors intersection,Normale,Autre collision,,,,,,,,,,,1,2,1,1,6
200600047778,0006-08-01 16:20:00,6,8,1,16,20,290,232,"., BENODET ROUTE DE",,,Plein jour,En agglomération,Hors intersection,Normale,Deux véhicules - arrière,,,,,,,,,,,1,2,1,1,2
200600047779,0006-08-03 03:15:00,6,8,3,3,15,290,232,"., VOIE EXPRESS QUIMPER",,,Nuit sans éclairage public,Hors agglomération,Autre intersection,Normale,Deux véhicules - arrière,,,,,,,,,,,3,1,9,1,2
200600047780,0006-08-12 00:30:00,6,8,12,0,30,290,232,"., PRAT MARIA  ROND POIN",,,Nuit avec éclairage allumé,En agglomération,Hors intersection,Normale,Deux véhicules - côté,,,,,,,,,,,5,2,1,1,3
200600047781,0006-08-19 17:10:00,6,8,19,17,10,290,232,MASSE ALEXANDRE ROND POI,,,Plein jour,En agglomération,Hors intersection,Normale,Autre collision,,,,,,,,,,,1,2,1,1,6
200600047782,0006-08-29 18:28:00,6,8,29,18,28,290,232,"0, CORAY ROUTE DE",,,Plein jour,Hors agglomération,Hors intersection,Normale,Autre collision,,,,,,,,,,,1,1,1,1,6
200600047783,0006-08-01 10:10:00,6,8,1,10,10,300,7,"., QUATORZE JUILLET (RUE",,,Plein jour,En agglomération,Hors intersection,Normale,Autre collision,,,,,,,,,,,1,2,1,1,6
200600047784,0006-08-16 18:30:00,6,8,16,18,30,300,7,MONGE (AVENUE),,,Plein jour,En agglomération,Hors intersection,Normale,Autre collision,,,,,,,,,,,1,2,1,1,6
200600047785,0006-08-20 17:21:00,6,8,20,17,21,300,7,DE GAULLE (AVE DU GENERA,,,Plein jour,En agglomération,Hors intersection,Normale,Autre collision,,,,,,,,,,,1,2,1,1,6
200600047786,0006-08-22 13:30:00,6,8,22,13,30,300,28,"1, PENCHENIER (RUE ANDRE",,,Plein jour,En agglomération,Hors intersection,Normale,Autre collision,,,,,,,,,,,1,2,1,1,6
200600047787,0006-08-28 15:55:00,6,8,28,15,55,300,28,SAINT VICTOR (PLACE),,,Plein jour,En agglomération,Place,Normale,Deux véhicules - côté,,,,,,,,,,,1,2,7,1,3
200600047788,0006-08-30 07:10:00,6,8,30,7,10,300,28,"1161, PONT SAINT ESPRIT",,,Plein jour,Hors agglomération,Hors intersection,Normale,Deux véhicules - côté,,,,,,,,,,,1,1,1,1,3
200600047789,0006-08-30 09:00:00,6,8,30,9,0,300,28,"90, ROUTE DE PONT SAINT",,,Plein jour,En agglomération,Hors intersection,Normale,Trois véhicules et plus - en chaîne,,,,,,,,,,,1,2,1,1,4
200600047790,0006-08-01 01:51:00,6,8,1,1,51,300,189,CALVAS (RUE),,,Nuit sans éclairage public,En agglomération,Hors intersection,Normale,Autre collision,,,,,,,,,,,3,2,1,1,6
200600047791,0006-08-02 18:30:00,6,8,2,18,30,300,189,UZES (ROUTE D'),,,Plein jour,En agglomération,Hors intersection,Normale,Autre collision,,,,,,,,,,,1,2,1,1,6
200600047792,0006-08-02 16:05:00,6,8,2,16,5,300,189,".., ATON BERNARD (RUE)",,,Plein jour,En agglomération,Intersection en X,Normale,Autre collision,,,,,,,,,,,1,2,2,1,6
200600047793,0006-08-03 03:00:00,6,8,3,3,0,300,189,"..., HUGO VICTOR (BOULEV",,,Nuit avec éclairage allumé,En agglomération,Hors intersection,Normale,Autre collision,,,,,,,,,,,5,2,1,1,6
200600047794,0006-08-03 17:23:00,6,8,3,17,23,300,189,"..., SIMON ANDRE (RUE)",,,Plein jour,En agglomération,Intersection en Y,Normale,Deux véhicules - frontale,,,,,,,,,,,1,2,4,1,1
200600047795,0006-08-03 20:14:00,6,8,3,20,14,300,189,"., CHABAUD AUGUSTE (RUE)",,,Plein jour,En agglomération,Hors intersection,Normale,Deux véhicules - côté,,,,,,,,,,,1,2,1,1,3
200600047796,0006-08-05 02:10:00,6,8,5,2,10,300,189,"., BOURDALOUE (RUE)",,,Nuit avec éclairage allumé,En agglomération,Intersection en X,Normale,Deux véhicules - côté,,,,,,,,,,,5,2,2,1,3
200600047797,0006-08-05 18:52:00,6,8,5,18,52,300,189,".., PARKING GEANT CASINO",,,Crépuscule ou aube,En agglomération,Hors intersection,Normale,Deux véhicules - côté,,,,,,,,,,,2,2,1,1,3
200600047798,0006-08-07 19:32:00,6,8,7,19,32,300,189,"130, COURBESSAC (ROUTE)",,,Plein jour,En agglomération,Hors intersection,Normale,Deux véhicules - arrière,,,,,,,,,,,1,2,1,1,2
200600047799,0006-08-07 19:37:00,6,8,7,19,37,300,189,"., BEAUCAIRE (ROUTE)",,,Plein jour,En agglomération,Hors intersection,Normale,Deux véhicules - côté,,,,,,,,,,,1,2,1,1,3
200600047800,0006-08-11 15:07:00,6,8,11,15,7,300,189,AVIGNON (ROUTE),,,Plein jour,En agglomération,Hors intersection,Normale,Autre collision,,,,,,,,,,,1,2,1,1,6
200600047801,0006-08-13 17:03:00,6,8,13,17,3,300,189,"., ALLENDE SALVADOR (RUE",,,Plein jour,En agglomération,Hors intersection,Normale,Deux véhicules - arrière,,,,,,,,,,,1,2,1,1,2
200600047802,0006-08-11 13:24:00,6,8,11,13,24,300,189,"., JAURES JEAN (BOULEVAR",,,Plein jour,En agglomération,Hors intersection,Normale,Autre collision,,,,,,,,,,,1,2,1,1,6
200600047803,0006-08-15 09:40:00,6,8,15,9,40,300,189,"64, FAITA VINCENT (RUE)",,,Plein jour,En agglomération,Hors intersection,Normale,Autre collision,,,,,,,,,,,1,2,1,1,6
200600047804,0006-08-16 23:44:00,6,8,16,23,44,300,189,"138, AVIGNON (ROUTE)",,,Nuit avec éclairage allumé,En agglomération,Hors intersection,Pluie légère,Deux véhicules - frontale,,,,,,,,,,,5,2,1,2,1
200600047805,0006-08-17 16:54:00,6,8,17,16,54,300,189,"., SAINT GILLES (ROUTE)",,,Plein jour,En agglomération,Hors intersection,Normale,Deux véhicules - arrière,,,,,,,,,,,1,2,1,1,2
200600047806,0006-08-18 11:05:00,6,8,18,11,5,300,189,"..., MONTPELLIER (ROUTE",,,Plein jour,En agglomération,Hors intersection,Normale,Trois véhicules et plus - en chaîne,,,,,,,,,,,1,2,1,1,4
200600047807,0006-08-18 16:13:00,6,8,18,16,13,300,189,"..., SAINT GILLES (ROUTE",,,Plein jour,En agglomération,Hors intersection,Normale,Autre collision,,,,,,,,,,,1,2,1,1,6
200600047808,0006-08-19 02:59:00,6,8,19,2,59,300,189,"..., ALLENDE SALVADOR (R",,,Nuit avec éclairage allumé,En agglomération,Hors intersection,Normale,Autre collision,,,,,,,,,,,5,2,1,1,6
200600047809,0006-08-19 19:10:00,6,8,19,19,10,300,189,"., MOUSQUETAIRES (RUE)",,,Plein jour,En agglomération,Hors intersection,Normale,Sans collision,,,,,,,,,,,1,2,1,1,7
200600047810,0006-08-20 14:05:00,6,8,20,14,5,300,189,"., UZES (ROUTE D')",,,Plein jour,En agglomération,Hors intersection,Normale,Autre collision,,,,,,,,,,,1,2,1,1,6
200600047811,0006-08-20 15:15:00,6,8,20,15,15,300,189,SAUVE (ROUTE),,,Plein jour,En agglomération,Hors intersection,Normale,Autre collision,,,,,,,,,,,1,2,1,1,6
200600047812,0006-08-20 18:14:00,6,8,20,18,14,300,189,"., ARTS (AVENUE)",,,Plein jour,En agglomération,Intersection en X,Normale,Deux véhicules - côté,,,,,,,,,,,1,2,2,1,3
200600047813,0006-08-20 19:08:00,6,8,20,19,8,300,189,"., BRICONNET (RUE)",,,Plein jour,En agglomération,Intersection en X,Normale,Deux véhicules - côté,,,,,,,,,,,1,2,2,1,3
200600047814,0006-08-21 15:10:00,6,8,21,15,10,300,189,"., FRANCAIS LIBRES (BD)",,,Plein jour,En agglomération,Hors intersection,Normale,Deux véhicules - côté,,,,,,,,,,,1,2,1,1,3
200600047815,0006-08-22 15:13:00,6,8,22,15,13,300,189,"..., CITE FOULC (RUE)",,,Plein jour,En agglomération,Intersection en X,Normale,Deux véhicules - côté,,,,,,,,,,,1,2,2,1,3
200600047816,0006-08-22 17:27:00,6,8,22,17,27,300,189,"., KILOMETRE DELTA, KM",,,Plein jour,En agglomération,Giratoire,Normale,Deux véhicules - côté,,,,,,,,,,,1,2,6,1,3
200600047817,0006-08-22 19:10:00,6,8,22,19,10,300,189,"., BIR HAKEIM (AVENUE)",,,Plein jour,En agglomération,Hors intersection,Normale,Deux véhicules - côté,,,,,,,,,,,1,2,1,1,3
200600047818,0006-08-23 15:28:00,6,8,23,15,28,300,189,"..., ALES (ROUTE)",,,Plein jour,En agglomération,Intersection en T,Normale,Deux véhicules - côté,,,,,,,,,,,1,2,3,1,3
200600047819,0006-08-23 11:00:00,6,8,23,11,0,300,189,"., JAURES JEAN (BOULEVAR",,,Plein jour,En agglomération,Hors intersection,Normale,Deux véhicules - côté,,,,,,,,,,,1,2,1,1,3
200600047820,0006-08-24 11:03:00,6,8,24,11,3,300,189,"..., JAURES JEAN (BOULEV",,,Plein jour,En agglomération,Intersection en X,Normale,Autre collision,,,,,,,,,,,1,2,2,1,6
200600047821,0006-08-24 18:55:00,6,8,24,18,55,300,189,"405, PISSEVIN (CHEMIN OU",,,Plein jour,En agglomération,Hors intersection,Normale,Deux véhicules - frontale,,,,,,,,,,,1,2,1,1,1
200600047822,0006-08-25 08:00:00,6,8,25,8,0,300,189,"...., MARECHAL JUIN (BOU",,,Plein jour,En agglomération,Intersection en T,Normale,Deux véhicules - côté,,,,,,,,,,,1,2,3,1,3
200600047823,0006-08-25 17:19:00,6,8,25,17,19,300,189,"..., POMPIDOU GEORGES (A",,,Plein jour,En agglomération,Intersection en X,Normale,Deux véhicules - côté,,,,,,,,,,,1,2,2,1,3
200600047824,0006-08-26 17:36:00,6,8,26,17,36,300,189,"..., SAUVE (ROUTE)",,,Plein jour,En agglomération,Intersection en T,Normale,Deux véhicules - frontale,,,,,,,,,,,1,2,3,1,1
200600047825,0006-08-27 21:04:00,6,8,27,21,4,300,189,"., PRAGUE (BOULEVARD)",,,Nuit avec éclairage allumé,En agglomération,Hors intersection,Normale,Autre collision,,,,,,,,,,,5,2,1,1,6
200600047826,0006-08-28 18:32:00,6,8,28,18,32,300,189,"., RACINE (RUE)",,,Plein jour,En agglomération,Hors intersection,Normale,Deux véhicules - arrière,,,,,,,,,,,1,2,1,1,2
200600047827,0006-08-29 08:49:00,6,8,29,8,49,300,189,"...., MONSEIGNEUR CLAVER",,,Plein jour,Hors agglomération,Hors intersection,Normale,Deux véhicules - arrière,,,,,,,,,,,1,1,1,1,2
200600047828,0006-08-29 13:57:00,6,8,29,13,57,300,189,"160, TRIAIRE SERGENT (BO",,,Plein jour,En agglomération,Hors intersection,Normale,Deux véhicules - frontale,,,,,,,,,,,1,2,1,1,1
200600047829,0006-08-30 12:51:00,6,8,30,12,51,300,189,FOUR A CHAUX (ROND POINT,,,Plein jour,En agglomération,Giratoire,Normale,Deux véhicules - côté,,,,,,,,,,,1,2,6,1,3
200600047830,0006-08-30 19:04:00,6,8,30,19,4,300,189,"07, BARBES ARMAND (RUE E",,,Crépuscule ou aube,En agglomération,Hors intersection,Normale,Autre collision,,,,,,,,,,,2,2,1,1,6
200600047831,0006-08-30 18:40:00,6,8,30,18,40,300,189,"1184, MARECHAL JUIN (BOU",,,Crépuscule ou aube,En agglomération,Hors intersection,Normale,Deux véhicules - côté,,,,,,,,,,,2,2,1,1,3
200600047832,0006-08-31 18:18:00,6,8,31,18,18,300,189,ALLENDE SALVADOR (RUE),,,Plein jour,En agglomération,Hors intersection,Normale,Trois véhicules et plus - collisions multiples,,,,,,,,,,,1,2,1,1,5
200600047833,0006-08-01 13:45:00,6,8,1,13,45,310,69,"37, ONZE NOVEMBRE 1918 (",,,Plein jour,En agglomération,Hors intersection,Normale,Deux véhicules - côté,,,,,,,,,,,1,2,1,1,3
200600047834,0006-08-24 11:00:00,6,8,24,11,0,310,69,"40, SERVANTY (AV LUCIEN)",,,Plein jour,En agglomération,Giratoire,Pluie forte,Deux véhicules - côté,,,,,,,,,,,1,2,6,3,3
200600047835,0006-08-03 19:36:00,6,8,3,19,36,310,149,"3, PIBRAC (ROUTE DE)",,,Plein jour,En agglomération,Intersection en X,Normale,Deux véhicules - côté,,,,,,,,,,,1,2,2,1,3
200600047836,0006-08-28 12:15:00,6,8,28,12,15,310,149,3 COLOMIERS EST (A624),,,Plein jour,Hors agglomération,Hors intersection,Normale,Autre collision,,,,,,,,,,,1,1,1,1,6
200600047837,0006-08-02 18:08:00,6,8,2,18,8,310,565,LUCHON (AVENUE DE ),,,Plein jour,Hors agglomération,Hors intersection,Normale,Autre collision,,,,,,,,,,,1,1,1,1,6
200600047838,0006-08-09 16:20:00,6,8,9,16,20,310,483,"100, FRANCOIS MITTERAND",,,Plein jour,En agglomération,Hors intersection,Normale,Trois véhicules et plus - en chaîne,,,,,,,,,,,1,2,1,1,4
200600047839,0006-08-01 07:40:00,6,8,1,7,40,310,555,"6, RUE DE LA SAINTE FAMI",,,Plein jour,En agglomération,Intersection en X,Normale,Deux véhicules - côté,,,,,,,,,,,1,2,2,1,3
200600047840,0006-08-02 07:10:00,6,8,2,7,10,310,555,VA007518 A68,,,Crépuscule ou aube,Hors agglomération,Hors intersection,Pluie légère,Autre collision,,,,,,,,,,,2,1,1,2,6
200600047841,0006-08-05 05:50:00,6,8,5,5,50,310,555,VA007539 LA ROSERAIE A61,,,Nuit avec éclairage allumé,Hors agglomération,Hors intersection,Normale,Trois véhicules et plus - collisions multiples,,,,,,,,,,,5,1,1,1,5
200600047842,0006-08-05 06:19:00,6,8,5,6,19,310,555,VA007500 CROIX DAURADE A,,,Crépuscule ou aube,Hors agglomération,Hors intersection,Normale,Deux véhicules - arrière,,,,,,,,,,,2,1,1,1,2
200600047843,0006-08-04 15:45:00,6,8,4,15,45,310,555,VA007456 SESQUIERES A620,,,Plein jour,Hors agglomération,Hors intersection,Normale,Trois véhicules et plus - en chaîne,,,,,,,,,,,1,1,1,1,4
200600047844,0006-08-04 18:10:00,6,8,4,18,10,310,555,"999, RTE DE NARBONNE",,,Plein jour,En agglomération,Intersection en Y,Normale,Deux véhicules - côté,,,,,,,,,,,1,2,4,1,3
200600047845,0006-08-04 21:45:00,6,8,4,21,45,310,555,"999, PL SAINT SERNIN",,,Nuit avec éclairage allumé,En agglomération,Intersection en T,Normale,Deux véhicules - côté,,,,,,,,,,,5,2,3,1,3
200600047846,0006-08-07 13:40:00,6,8,7,13,40,310,555,"56, RUE DE BAYARD",,,Plein jour,En agglomération,Hors intersection,Normale,Autre collision,,,,,,,,,,,1,2,1,1,6
200600047847,0006-08-05 19:30:00,6,8,5,19,30,310,555,"999, BD DE LA MARQUETTE",,,Plein jour,En agglomération,Hors intersection,Normale,Autre collision,,,,,,,,,,,1,2,1,1,6
200600047848,0006-08-06 21:40:00,6,8,6,21,40,310,149,3 COLOMIERS EST (A624),,,Nuit avec éclairage allumé,Hors agglomération,Hors intersection,Normale,Autre collision,,,,,,,,,,,5,1,1,1,6
200600047849,0006-08-07 16:30:00,6,8,7,16,30,310,555,"999, BD DE MARENGO",,,Plein jour,En agglomération,Hors intersection,Normale,Deux véhicules - côté,,,,,,,,,,,1,2,1,1,3
200600047850,0006-08-07 17:50:00,6,8,7,17,50,310,555,"999, RTE D AGDE",,,Plein jour,En agglomération,Hors intersection,Normale,Autre collision,,,,,,,,,,,1,2,1,1,6
200600047851,0006-08-07 18:20:00,6,8,7,18,20,310,555,CHE DE LA SAUDRUNE,,,Plein jour,En agglomération,Hors intersection,Normale,Deux véhicules - frontale,,,,,,,,,,,1,2,1,1,1
200600047852,0006-08-07 19:05:00,6,8,7,19,5,310,149,"999, ALLENDE (AVENUE SAL",,,Plein jour,En agglomération,Intersection en T,Normale,Deux véhicules - côté,,,,,,,,,,,1,2,3,1,3
200600047853,0006-08-09 08:50:00,6,8,9,8,50,310,555,"65, AV DE CASTRES",,,Plein jour,En agglomération,Intersection en T,Normale,Deux véhicules - côté,,,,,,,,,,,1,2,3,1,3
200600047854,0006-08-08 16:59:00,6,8,8,16,59,310,555,"30, RUE DE PERIOLE",,,Plein jour,En agglomération,Hors intersection,Normale,Autre collision,,,,,,,,,,,1,2,1,1,6
200600047855,0006-08-09 12:50:00,6,8,9,12,50,310,555,"1, ALL FORAIN FRANCOIS V",,,Plein jour,En agglomération,Intersection en Y,Normale,Deux véhicules - frontale,,,,,,,,,,,1,2,4,1,1
200600047856,0006-08-09 13:55:00,6,8,9,13,55,310,555,"999, CHE DE TUCAUT",,,Plein jour,En agglomération,Intersection en X,Normale,Deux véhicules - frontale,,,,,,,,,,,1,2,2,1,1
200600047857,0006-08-09 15:15:00,6,8,9,15,15,310,555,"2, AV SALVADOR ALLENDE",,,Plein jour,En agglomération,Hors intersection,Normale,Deux véhicules - arrière,,,,,,,,,,,1,2,1,1,2
200600047858,0006-08-10 06:50:00,6,8,10,6,50,310,555,VA007547 SOUPETARD A61 S,,,Crépuscule ou aube,Hors agglomération,Hors intersection,Normale,Autre collision,,,,,,,,,,,2,1,1,1,6
200600047859,0006-08-10 15:06:00,6,8,10,15,6,310,555,"131, GRANDE RUE SAINT MI",,,Plein jour,En agglomération,Hors intersection,Normale,Autre collision,,,,,,,,,,,1,2,1,1,6
200600047860,0006-08-10 15:50:00,6,8,10,15,50,310,555,"999, BD DE LA MEDITERRAN",,,Plein jour,En agglomération,Hors intersection,Normale,Deux véhicules - frontale,,,,,,,,,,,1,2,1,1,1
200600047861,0006-08-10 19:42:00,6,8,10,19,42,310,555,"123, RUE ACHILLE VIADIEU",,,Plein jour,En agglomération,Hors intersection,Normale,Autre collision,,,,,,,,,,,1,2,1,1,6
200600047862,0006-08-11 02:15:00,6,8,11,2,15,310,555,"999, BD GRIFFOUL DORVAL",,,Nuit avec éclairage allumé,En agglomération,Hors intersection,Normale,Deux véhicules - côté,,,,,,,,,,,5,2,1,1,3
200600047863,0006-08-11 12:00:00,6,8,11,12,0,310,555,"999, RUE LOUIS MARC DEMO",,,Plein jour,En agglomération,Intersection en X,Normale,Deux véhicules - frontale,,,,,,,,,,,1,2,2,1,1
200600047864,0006-08-11 09:30:00,6,8,11,9,30,310,555,"50, BD RICHARD WAGNER",,,Plein jour,En agglomération,Hors intersection,Normale,Autre collision,,,,,,,,,,,1,2,1,1,6
200600047865,0006-08-11 15:20:00,6,8,11,15,20,310,555,"999, BD LAZARE CARNOT",,,Plein jour,En agglomération,Intersection en X,Normale,Deux véhicules - frontale,,,,,,,,,,,1,2,2,1,1