accident_id,datetime,annee,mois,jour,heure,minute,departement,commune_insee,adresse,latitude,longitude,luminosite,agglomeration,intersection,meteo,collision,nb_vehicules,nb_usagers,nb_indemnes,nb_tues,nb_blesses_hosp,nb_blesses_legers,age_cond_1,age_cond_2,veh_type_cond_1,veh_type_cond_2,lum_code,agg_code,int_code,atm_code,col_code
200600047866,0006-08-11 16:50:00,6,8,11,16,50,310,555,"999, BD LASCROSSES",,,Plein jour,En agglomération,Intersection en T,Normale,Deux véhicules - frontale,,,,,,,,,,,1,2,3,1,1
200600047867,0006-08-11 18:00:00,6,8,11,18,0,310,555,VA007644 EMPALOT A620 So,,,Plein jour,Hors agglomération,Hors intersection,Normale,Autre collision,,,,,,,,,,,1,1,1,1,6
200600047868,0006-08-11 20:40:00,6,8,11,20,40,310,555,"15, RUE CLAUDE BERNARD",,,Nuit avec éclairage allumé,En agglomération,Intersection en X,Normale,Deux véhicules - frontale,,,,,,,,,,,5,2,2,1,1
200600047869,0006-08-14 13:50:00,6,8,14,13,50,310,555,RUE ANTOINE COURTHIEU,,,Plein jour,En agglomération,Intersection en T,Normale,Autre collision,,,,,,,,,,,1,2,3,1,6
200600047870,0006-08-15 21:25:00,6,8,15,21,25,310,555,"65, ALL JEAN JAURES",,,Nuit avec éclairage allumé,En agglomération,Hors intersection,Pluie légère,Autre collision,,,,,,,,,,,5,2,1,2,6
200600047871,0006-08-15 21:40:00,6,8,15,21,40,310,555,VA007456 SESQUIERES A620,,,Nuit avec éclairage allumé,Hors agglomération,Hors intersection,Pluie légère,Autre collision,,,,,,,,,,,5,1,1,2,6
200600047872,0006-08-15 22:23:00,6,8,15,22,23,310,555,VA007644 EMPALOT A620 So,,,Nuit avec éclairage allumé,Hors agglomération,Hors intersection,Pluie forte,Autre collision,,,,,,,,,,,5,1,1,3,6
200600047873,0006-08-15 03:10:00,6,8,15,3,10,310,555,"121, RTE DE BLAGNAC",,,Nuit avec éclairage allumé,En agglomération,Hors intersection,Normale,Autre collision,,,,,,,,,,,5,2,1,1,6
200600047874,0006-08-16 08:00:00,6,8,16,8,0,310,555,"1, RUE FEDERICO GARCIA L",,,Plein jour,En agglomération,Hors intersection,Normale,Sans collision,,,,,,,,,,,1,2,1,1,7
200600047875,0006-08-16 16:30:00,6,8,16,16,30,310,555,"318, AV DES ETATS UNIS",,,Plein jour,En agglomération,Intersection en T,Temps couvert,Deux véhicules - arrière,,,,,,,,,,,1,2,3,8,2
200600047876,0006-08-16 16:55:00,6,8,16,16,55,310,555,"54, RUE MATABIAU",,,Plein jour,En agglomération,Hors intersection,Normale,Sans collision,,,,,,,,,,,1,2,1,1,7
200600047877,0006-08-17 10:00:00,6,8,17,10,0,310,555,"45, RUE MATABIAU",,,Plein jour,En agglomération,Hors intersection,Normale,Deux véhicules - côté,,,,,,,,,,,1,2,1,1,3
200600047878,0006-08-17 18:00:00,6,8,17,18,0,310,555,VA008482 A624,,,Plein jour,Hors agglomération,Hors intersection,Normale,Autre collision,,,,,,,,,,,1,1,1,1,6
200600047879,0006-08-17 20:10:00,6,8,17,20,10,310,555,"999, RUE DE BAYARD",,,Crépuscule ou aube,En agglomération,Intersection en T,Normale,Deux véhicules - côté,,,,,,,,,,,2,2,3,1,3
200600047880,0006-08-20 06:10:00,6,8,20,6,10,310,555,VA008482 A624,,,Nuit avec éclairage allumé,Hors agglomération,Hors intersection,Normale,Deux véhicules - côté,,,,,,,,,,,5,1,1,1,3
200600047881,0006-08-21 10:25:00,6,8,21,10,25,310,555,"160, GRANDE RUE SAINT MI",,,Plein jour,En agglomération,Hors intersection,Normale,Autre collision,,,,,,,,,,,1,2,1,1,6
200600047882,0006-08-21 14:05:00,6,8,21,14,5,310,555,"01, RUE D ALSACE LORRAIN",,,Plein jour,En agglomération,Hors intersection,Normale,Autre collision,,,,,,,,,,,1,2,1,1,6
200600047883,0006-08-22 00:50:00,6,8,22,0,50,310,555,"09, RUE DES SPORTS",,,Nuit avec éclairage allumé,En agglomération,Hors intersection,Normale,Autre collision,,,,,,,,,,,5,2,1,1,6
200600047884,0006-08-22 17:53:00,6,8,22,17,53,310,555,VA007500 CROIX DAURADE A,,,Plein jour,Hors agglomération,Hors intersection,Normale,Deux véhicules - côté,,,,,,,,,,,1,1,1,1,3
200600047885,0006-08-22 17:54:00,6,8,22,17,54,310,555,"999, AV PABLO PICASSO",,,Plein jour,En agglomération,Hors intersection,Normale,Deux véhicules - arrière,,,,,,,,,,,1,2,1,1,2
200600047886,0006-08-23 03:20:00,6,8,23,3,20,310,555,"999, RUE NICOLAS BACHELI",,,Nuit avec éclairage allumé,En agglomération,Intersection en X,Normale,Deux véhicules - côté,,,,,,,,,,,5,2,2,1,3
200600047887,0006-08-23 20:20:00,6,8,23,20,20,310,555,"999, CHE DE PELLEPORT",,,Plein jour,En agglomération,Intersection en X,Normale,Deux véhicules - côté,,,,,,,,,,,1,2,2,1,3
200600047888,0006-08-24 01:15:00,6,8,24,1,15,310,555,"999, PONT SAINT MICHEL",,,Nuit avec éclairage allumé,En agglomération,Hors intersection,Normale,Autre collision,,,,,,,,,,,5,2,1,1,6
200600047889,0006-08-24 05:13:00,6,8,24,5,13,310,555,"999, PONT DU HALAGE DE T",,,Nuit avec éclairage allumé,En agglomération,Hors intersection,Normale,Sans collision,,,,,,,,,,,5,2,1,1,7
200600047890,0006-08-24 19:30:00,6,8,24,19,30,310,555,"12, AV DE L URSS",,,Plein jour,En agglomération,Hors intersection,Normale,Deux véhicules - côté,,,,,,,,,,,1,2,1,1,3
200600047891,0006-08-25 00:40:00,6,8,25,0,40,310,555,"30, RUE DE METZ",,,Nuit avec éclairage allumé,En agglomération,Hors intersection,Normale,Deux véhicules - arrière,,,,,,,,,,,5,2,1,1,2
200600047892,0006-08-25 08:30:00,6,8,25,8,30,310,555,"2 BIS, ALL PAUL FEUGA",,,Crépuscule ou aube,En agglomération,Hors intersection,Temps couvert,Autre collision,,,,,,,,,,,2,2,1,8,6
200600047893,0006-08-25 14:45:00,6,8,25,14,45,310,555,"214, RTE DE NARBONNE",,,Plein jour,En agglomération,Hors intersection,Pluie forte,Deux véhicules - côté,,,,,,,,,,,1,2,1,3,3
200600047894,0006-08-25 16:30:00,6,8,25,16,30,310,555,VA007473 A62,,,Plein jour,Hors agglomération,Hors intersection,Normale,Deux véhicules - côté,,,,,,,,,,,1,1,1,1,3
200600047895,0006-08-25 22:50:00,6,8,25,22,50,310,555,"26, BD GRIFFOUL DORVAL",,,Nuit avec éclairage allumé,En agglomération,Hors intersection,Normale,Deux véhicules - côté,,,,,,,,,,,5,2,1,1,3
200600047896,0006-08-25 23:05:00,6,8,25,23,5,310,555,"999, ALL JEAN JAURES",,,Nuit avec éclairage allumé,En agglomération,Hors intersection,Normale,Autre collision,,,,,,,,,,,5,2,1,1,6
200600047897,0006-08-26 05:55:00,6,8,26,5,55,310,555,VA007622 RANGUEIL A620 S,,,Crépuscule ou aube,Hors agglomération,Hors intersection,Normale,Autre collision,,,,,,,,,,,2,1,1,1,6
200600047898,0006-08-26 10:10:00,6,8,26,10,10,310,555,"999, RUE DE L ORIENT",,,Plein jour,En agglomération,Intersection en T,Normale,Deux véhicules - côté,,,,,,,,,,,1,2,3,1,3
200600047899,0006-08-26 18:30:00,6,8,26,18,30,310,555,"999, RTE DE LAUNAGUET",,,Plein jour,En agglomération,Intersection en T,Normale,Deux véhicules - côté,,,,,,,,,,,1,2,3,1,3
200600047900,0006-08-27 03:00:00,6,8,27,3,0,310,555,"999, RTE D AGDE",,,Nuit avec éclairage allumé,En agglomération,Hors intersection,Normale,Sans collision,,,,,,,,,,,5,2,1,1,7
200600047901,0006-08-29 08:35:00,6,8,29,8,35,310,149,ECHANGEUR ST MARTIN (A62,,,Plein jour,Hors agglomération,Hors intersection,Normale,Trois véhicules et plus - en chaîne,,,,,,,,,,,1,1,1,1,4
200600047902,0006-08-29 10:58:00,6,8,29,10,58,310,555,"14, AV ANTOINE DE ST EXU",,,Plein jour,En agglomération,Hors intersection,Temps couvert,Autre collision,,,,,,,,,,,1,2,1,8,6
200600047903,0006-08-30 01:50:00,6,8,30,1,50,310,555,VA007323 BORDELONGUE A64,,,Nuit avec éclairage allumé,Hors agglomération,Hors intersection,Temps couvert,Autre collision,,,,,,,,,,,5,1,1,8,6
200600047904,0006-08-30 14:46:00,6,8,30,14,46,310,555,"999, ALL DE BARCELONE",,,Plein jour,En agglomération,Hors intersection,Normale,Trois véhicules et plus - collisions multiples,,,,,,,,,,,1,2,1,1,5
200600047905,0006-08-30 16:50:00,6,8,30,16,50,310,555,"999, BD DE STRASBOURG",,,Plein jour,En agglomération,Intersection en T,Normale,Deux véhicules - frontale,,,,,,,,,,,1,2,3,1,1
200600047906,0006-08-30 19:44:00,6,8,30,19,44,310,555,"37, BD MATABIAU",,,Plein jour,En agglomération,Hors intersection,Normale,Autre collision,,,,,,,,,,,1,2,1,1,6
200600047907,0006-08-31 12:00:00,6,8,31,12,0,310,557,ROCADE ARC-EN-CIEL,,,Plein jour,Hors agglomération,Hors intersection,Normale,Sans collision,,,,,,,,,,,1,1,1,1,7
200600047908,0006-08-17 16:10:00,6,8,17,16,10,310,557,", LECLERC (AV DU MARECHA",,,Plein jour,En agglomération,Intersection en T,Normale,Deux véhicules - côté,,,,,,,,,,,1,2,3,1,3
200600047909,0006-08-08 03:10:00,6,8,8,3,10,320,13,PYRENEES (AVENUE DES),,,Nuit avec éclairage allumé,En agglomération,Hors intersection,Normale,Autre collision,,,,,,,,,,,5,2,1,1,6
200600047910,0006-08-08 17:05:00,6,8,8,17,5,320,13,"2, JEAN JAURES (AVENUE)",,,Plein jour,En agglomération,Hors intersection,Normale,Deux véhicules - côté,,,,,,,,,,,1,2,1,1,3
200600047911,0006-08-21 06:30:00,6,8,21,6,30,320,13,"55, SAMBRE ET MEUSE (AVE",,,Nuit avec éclairage allumé,En agglomération,Intersection en T,Normale,Autre collision,,,,,,,,,,,5,2,3,1,6
200600047912,0006-08-25 14:00:00,6,8,25,14,0,320,13,VIC (ROUTE DE),,,Plein jour,Hors agglomération,Hors intersection,Pluie forte,Autre collision,,,,,,,,,,,1,1,1,3,6
200600047913,0006-08-25 16:15:00,6,8,25,16,15,320,13,AGEN (ROUTE D'),,,Plein jour,Hors agglomération,Hors intersection,Temps couvert,Trois véhicules et plus - collisions multiples,,,,,,,,,,,1,1,1,8,5
200600047914,0006-08-20 22:15:00,6,8,20,22,15,330,529,PISTE 214,,,Nuit sans éclairage public,Hors agglomération,Hors intersection,Normale,Sans collision,,,,,,,,,,,3,1,1,1,7
200600047915,0006-08-23 09:18:00,6,8,23,9,18,330,529,BISCAROSSE (AVE) DUNE VE,,,Plein jour,Hors agglomération,Hors intersection,Normale,Deux véhicules - frontale,,,,,,,,,,,1,1,1,1,1
200600047916,0006-08-08 18:45:00,6,8,8,18,45,330,529,BISCAROSSE (AVE) DUNE VE,,,Crépuscule ou aube,Hors agglomération,Intersection en X,Normale,Deux véhicules - côté,,,,,,,,,,,2,1,2,1,3
200600047917,0006-08-16 18:35:00,6,8,16,18,35,330,529,"1, AERODROME (AVE DE L')",,,Plein jour,Hors agglomération,Autre intersection,Normale,Deux véhicules - côté,,,,,,,,,,,1,1,9,1,3
200600047918,0006-08-24 11:40:00,6,8,24,11,40,330,529,"31, CAZAUX (BD DE)",,,Plein jour,En agglomération,Intersection en T,Normale,Deux véhicules - côté,,,,,,,,,,,1,2,3,1,3
200600047919,0006-08-30 11:50:00,6,8,30,11,50,330,529,"31, PYLA (BD DU)",,,Plein jour,En agglomération,Hors intersection,Normale,Deux véhicules - côté,,,,,,,,,,,1,2,1,1,3
200600047920,0006-08-01 08:40:00,6,8,1,8,40,330,63,RUE CHARLES MARTIN,,,Plein jour,Hors agglomération,Intersection en X,Normale,Autre collision,,,,,,,,,,,1,1,2,1,6
200600047921,0006-08-02 19:20:00,6,8,2,19,20,330,63,CRS BALGUERIE STUTTENBER,,,Plein jour,En agglomération,Intersection en T,Normale,Deux véhicules - côté,,,,,,,,,,,1,2,3,1,3
200600047922,0006-08-04 14:00:00,6,8,4,14,0,330,63,CRS VICTOR HUGO,,,Plein jour,En agglomération,Intersection en T,Normale,Autre collision,,,,,,,,,,,1,2,3,1,6
200600047923,0006-08-06 22:45:00,6,8,6,22,45,330,63,"9-11, CRS DE L'ARGONNE",,,Nuit avec éclairage allumé,En agglomération,Hors intersection,Normale,Autre collision,,,,,,,,,,,5,2,1,1,6
200600047924,0006-08-07 15:25:00,6,8,7,15,25,330,63,"25, AVE THIERS",,,Plein jour,En agglomération,Hors intersection,Normale,Autre collision,,,,,,,,,,,1,2,1,1,6
200600047925,0006-08-02 01:50:00,6,8,2,1,50,330,63,"0000, CRS BALGUERIE STUT",,,Nuit avec éclairage allumé,En agglomération,Intersection en X,Normale,Deux véhicules - frontale,,,,,,,,,,,5,2,2,1,1
200600047926,0006-08-02 17:15:00,6,8,2,17,15,330,281,RUE DU MUGUET,,,Plein jour,En agglomération,Hors intersection,Pluie légère,Deux véhicules - frontale,,,,,,,,,,,1,2,1,2,1
200600047927,0006-08-03 15:40:00,6,8,3,15,40,330,75,"122, AVE D'AQUITAINE",,,Plein jour,En agglomération,Hors intersection,Normale,Deux véhicules - côté,,,,,,,,,,,1,2,1,1,3
200600047928,0006-08-05 12:52:00,6,8,5,12,52,330,75,BD DU PARC DES EXPOSITIO,,,Plein jour,En agglomération,Hors intersection,Normale,Deux véhicules - côté,,,,,,,,,,,1,2,1,1,3
200600047929,0006-08-08 06:45:00,6,8,8,6,45,330,63,RUE CHARLES MARTIN,,,Crépuscule ou aube,En agglomération,Intersection en X,Normale,Deux véhicules - côté,,,,,,,,,,,2,2,2,1,3
200600047930,0006-08-09 19:35:00,6,8,9,19,35,330,63,AVE MAL DE LATTRE TASSIG,,,Plein jour,En agglomération,Intersection en T,Normale,Deux véhicules - côté,,,,,,,,,,,1,2,3,1,3
200600047931,0006-08-10 18:40:00,6,8,10,18,40,330,63,RUE DE LA COURSE,,,Plein jour,En agglomération,Intersection en X,Normale,Deux véhicules - côté,,,,,,,,,,,1,2,2,1,3
200600047932,0006-08-11 03:55:00,6,8,11,3,55,330,63,BD ALBERT 1ER,,,Nuit avec éclairage allumé,En agglomération,Intersection en X,Normale,Deux véhicules - côté,,,,,,,,,,,5,2,2,1,3
200600047933,0006-08-11 12:50:00,6,8,11,12,50,330,69,AVE D'EYSINES,,,Plein jour,En agglomération,Intersection en X,Normale,Trois véhicules et plus - collisions multiples,,,,,,,,,,,1,2,2,1,5
200600047934,0006-08-11 18:25:00,6,8,11,18,25,330,63,RUE DE BELFORT,,,Plein jour,En agglomération,Intersection en X,Normale,Deux véhicules - côté,,,,,,,,,,,1,2,2,1,3
200600047935,0006-08-12 03:20:00,6,8,12,3,20,330,63,QUAI DESCHAMPS,,,Nuit avec éclairage allumé,En agglomération,Hors intersection,Normale,Autre collision,,,,,,,,,,,5,2,1,1,6
200600047936,0006-08-13 06:00:00,6,8,13,6,0,330,63,ALL DE TOURNY,,,Nuit avec éclairage allumé,En agglomération,Intersection en X,Normale,Deux véhicules - côté,,,,,,,,,,,5,2,2,1,3
200600047937,0006-08-10 09:20:00,6,8,10,9,20,330,192,"2, AVE DE LA LIBERATION",,,Plein jour,En agglomération,Hors intersection,Normale,Deux véhicules - côté,,,,,,,,,,,1,2,1,1,3
200600047938,0006-08-09 01:55:00,6,8,9,1,55,330,281,AVE CHAPELLE SAINTE- BER,,,Nuit sans éclairage public,En agglomération,Hors intersection,Normale,Autre collision,,,,,,,,,,,3,2,1,1,6
200600047939,0006-08-10 11:45:00,6,8,10,11,45,330,75,"7, AVE CHARLES DE GAULLE",,,Plein jour,En agglomération,Hors intersection,Pluie légère,Deux véhicules - côté,,,,,,,,,,,1,2,1,2,3
200600047940,0006-08-09 08:00:00,6,8,9,8,0,330,281,AVE DE MAGUDAS,,,Plein jour,En agglomération,Intersection en X,Normale,Deux véhicules - côté,,,,,,,,,,,1,2,2,1,3
200600047941,0006-08-14 14:40:00,6,8,14,14,40,330,63,"29, CRS XAVIER ARNOZAN",,,Plein jour,En agglomération,Hors intersection,Normale,Deux véhicules - arrière,,,,,,,,,,,1,2,1,1,2
200600047942,0006-08-16 13:15:00,6,8,16,13,15,330,63,RUE BERTRAND DE GOTH,,,Plein jour,En agglomération,Intersection en X,Normale,Deux véhicules - côté,,,,,,,,,,,1,2,2,1,3
200600047943,0006-08-18 22:35:00,6,8,18,22,35,330,63,"32, CRS GEORGES CLEMENCE",,,Nuit avec éclairage allumé,En agglomération,Hors intersection,Normale,Autre collision,,,,,,,,,,,5,2,1,1,6
200600047944,0006-08-18 16:15:00,6,8,18,16,15,330,63,AVE DE NONTRASTE,,,Plein jour,En agglomération,Hors intersection,Normale,Deux véhicules - arrière,,,,,,,,,,,1,2,1,1,2
200600047945,0006-08-21 04:30:00,6,8,21,4,30,330,63,"390, RUE PASTEUR CAUD",,,Nuit avec éclairage allumé,En agglomération,Hors intersection,Normale,Autre collision,,,,,,,,,,,5,2,1,1,6
200600047946,0006-08-20 18:00:00,6,8,20,18,0,330,550,RTE DE LEOGNAN,,,Plein jour,En agglomération,Intersection en X,Normale,Deux véhicules - arrière,,,,,,,,,,,1,2,2,1,2
200600047947,0006-08-21 13:10:00,6,8,21,13,10,330,63,RUE DES FRANCAIS LIBRES,,,Plein jour,En agglomération,Hors intersection,Normale,Autre collision,,,,,,,,,,,1,2,1,1,6
200600047948,0006-08-21 09:02:00,6,8,21,9,2,330,63,"14, QUAI SAINTE- CROIX",,,Plein jour,En agglomération,Hors intersection,Normale,Deux véhicules - côté,,,,,,,,,,,1,2,1,1,3
200600047949,0006-08-21 23:12:00,6,8,21,23,12,330,63,RUE DE BELFORT,,,Nuit avec éclairage allumé,En agglomération,Intersection en Y,Normale,Deux véhicules - côté,,,,,,,,,,,5,2,4,1,3
200600047950,0006-08-22 01:25:00,6,8,22,1,25,330,39,RUE CAMILLE DULUC,,,Nuit avec éclairage allumé,En agglomération,Intersection en T,Normale,Deux véhicules - côté,,,,,,,,,,,5,2,3,1,3
200600047951,0006-08-16 09:50:00,6,8,16,9,50,330,63,"225, RTE DE TOULOUSE",,,Plein jour,En agglomération,Hors intersection,Normale,Deux véhicules - côté,,,,,,,,,,,1,2,1,1,3
200600047952,0006-08-13 13:30:00,6,8,13,13,30,330,550,"11, RTE DE LEOGNAN",,,Plein jour,En agglomération,Hors intersection,Normale,Autre collision,,,,,,,,,,,1,2,1,1,6
200600047953,0006-08-22 14:35:00,6,8,22,14,35,330,63,RUE KLEBER,,,Plein jour,En agglomération,Intersection en X,Normale,Deux véhicules - côté,,,,,,,,,,,1,2,2,1,3
200600047954,0006-08-23 12:55:00,6,8,23,12,55,330,63,CRS ARISTIDE BRIAND,,,Plein jour,En agglomération,Hors intersection,Normale,Deux véhicules - côté,,,,,,,,,,,1,2,1,1,3
200600047955,0006-08-23 12:10:00,6,8,23,12,10,330,63,BD ALFRED DANEY,,,Plein jour,En agglomération,Hors intersection,Normale,Deux véhicules - côté,,,,,,,,,,,1,2,1,1,3
200600047956,0006-08-23 15:15:00,6,8,23,15,15,330,63,CITE CHANTECRIT,,,Plein jour,En agglomération,Intersection en X,Normale,Deux véhicules - côté,,,,,,,,,,,1,2,2,1,3
200600047957,0006-08-23 19:25:00,6,8,23,19,25,330,63,"119 bis, BD DU PRESIDENT",,,Plein jour,En agglomération,Hors intersection,Normale,Autre collision,,,,,,,,,,,1,2,1,1,6
200600047958,0006-08-24 19:10:00,6,8,24,19,10,330,63,QUAI SAINTE- CROIX,,,Plein jour,En agglomération,Intersection en T,Normale,Deux véhicules - côté,,,,,,,,,,,1,2,3,1,3
200600047959,0006-08-22 00:05:00,6,8,22,0,5,330,522,AVE ROUL,,,Nuit avec éclairage allumé,En agglomération,Giratoire,Normale,Deux véhicules - côté,,,,,,,,,,,5,2,6,1,3
200600047960,0006-08-26 07:45:00,6,8,26,7,45,330,63,CRS DE L'ARGONNE,,,Plein jour,En agglomération,Intersection en X,Normale,Deux véhicules - côté,,,,,,,,,,,1,2,2,1,3
200600047961,0006-08-26 21:45:00,6,8,26,21,45,330,63,"87, RUE EUGENE TENOT",,,Nuit avec éclairage allumé,En agglomération,Intersection en X,Normale,Deux véhicules - côté,,,,,,,,,,,5,2,2,1,3
200600047962,0006-08-24 15:15:00,6,8,24,15,15,330,63,"363, AVE THIERS",,,Plein jour,En agglomération,Hors intersection,Normale,Deux véhicules - côté,,,,,,,,,,,1,2,1,1,3
200600047963,0006-08-28 22:50:00,6,8,28,22,50,330,63,"223, RUE SAINTE- CATHERI",,,Nuit avec éclairage allumé,En agglomération,Hors intersection,Normale,Autre collision,,,,,,,,,,,5,2,1,1,6
200600047964,0006-08-23 17:25:00,6,8,23,17,25,330,281,RUE ALESSANDRO VOLTA,,,Plein jour,En agglomération,Intersection en T,Normale,Deux véhicules - côté,,,,,,,,,,,1,2,3,1,3
200600047965,0006-08-22 17:10:00,6,8,22,17,10,330,69,"57, AVE VICTOR HUGO",,,Plein jour,En agglomération,Hors intersection,Normale,Deux véhicules - côté,,,,,,,,,,,1,2,1,1,3
200600047966,0006-08-29 10:35:00,6,8,29,10,35,330,63,"275, CRS DE LA SOMME",,,Plein jour,En agglomération,Intersection à plus de 4 branches,Normale,Deux véhicules - côté,,,,,,,,,,,1,2,5,1,3
200600047967,0006-08-29 17:10:00,6,8,29,17,10,330,63,CRS DE LA SOMME,,,Plein jour,En agglomération,Intersection en X,Normale,Autre collision,,,,,,,,,,,1,2,2,1,6
200600047968,0006-08-29 11:01:00,6,8,29,11,1,330,63,CRS MARECHAL JUIN,,,Plein jour,En agglomération,Intersection en X,Normale,Deux véhicules - côté,,,,,,,,,,,1,2,2,1,3
200600047969,0006-08-25 21:24:00,6,8,25,21,24,330,281,AVE MATOSINHOS,,,Nuit avec éclairage allumé,En agglomération,Intersection en X,Pluie forte,Deux véhicules - côté,,,,,,,,,,,5,2,2,3,3
200600047970,0006-08-22 21:35:00,6,8,22,21,35,330,281,AVE RENE CASSIN,,,Nuit avec éclairage allumé,En agglomération,Hors intersection,Normale,Deux véhicules - arrière,,,,,,,,,,,5,2,1,1,2
200600047971,0006-08-25 22:02:00,6,8,25,22,2,330,32,RUE CHATEAUBRIAND,,,Nuit avec éclairage allumé,En agglomération,Intersection en X,Normale,Autre collision,,,,,,,,,,,5,2,2,1,6
200600047972,0006-08-28 16:20:00,6,8,28,16,20,330,318,VOIE DU TRAMWAY,,,Plein jour,En agglomération,Hors intersection,Pluie légère,Autre collision,,,,,,,,,,,1,2,1,2,6
200600047973,0006-08-29 20:15:00,6,8,29,20,15,330,318,ALL CLAUDE BERNARD,,,Nuit avec éclairage allumé,En agglomération,Intersection en X,Pluie légère,Deux véhicules - frontale,,,,,,,,,,,5,2,2,2,1
200600047974,0006-08-23 18:45:00,6,8,23,18,45,330,281,AVE PRESIDENT J.F. KENNE,,,Plein jour,En agglomération,Hors intersection,Normale,Deux véhicules - côté,,,,,,,,,,,1,2,1,1,3
200600047975,0006-08-30 13:55:00,6,8,30,13,55,330,63,"146, RUE DU TONDU",,,Plein jour,En agglomération,Hors intersection,Normale,Autre collision,,,,,,,,,,,1,2,1,1,6
200600047976,0006-08-30 16:05:00,6,8,30,16,5,330,63,RUE LABAT,,,Plein jour,En agglomération,Intersection en X,Normale,Deux véhicules - côté,,,,,,,,,,,1,2,2,1,3
200600047977,0006-08-31 08:05:00,6,8,31,8,5,330,63,RUE PROFESSEUR CHAVANNAZ,,,Plein jour,En agglomération,Intersection en X,Normale,Deux véhicules - côté,,,,,,,,,,,1,2,2,1,3
200600047978,0006-08-31 13:25:00,6,8,31,13,25,330,63,RUE FRANCOIS DE SOURDIS,,,Plein jour,En agglomération,Intersection en X,Normale,Deux véhicules - côté,,,,,,,,,,,1,2,2,1,3
200600047979,0006-08-31 15:10:00,6,8,31,15,10,330,318,"68, AVE JEAN JAURES",,,Plein jour,En agglomération,Hors intersection,Normale,Deux véhicules - côté,,,,,,,,,,,1,2,1,1,3
200600047980,0006-08-30 14:50:00,6,8,30,14,50,330,63,"80, RTE DE TOULOUSE",,,Plein jour,En agglomération,Intersection en T,Normale,Autre collision,,,,,,,,,,,1,2,3,1,6
200600047981,0006-08-30 10:55:00,6,8,30,10,55,330,39,AVE JEANNE D'ARC,,,Plein jour,En agglomération,Giratoire,Normale,Deux véhicules - arrière,,,,,,,,,,,1,2,6,1,2
200600047982,0006-08-30 19:05:00,6,8,30,19,5,330,550,RUE DE MONTRIGNAC,,,Plein jour,En agglomération,Hors intersection,Normale,Autre collision,,,,,,,,,,,1,2,1,1,6
200600047983,0006-08-01 14:45:00,6,8,1,14,45,330,243,CLEMENCEAU(AVENUE GEORGE,,,Plein jour,En agglomération,Hors intersection,Normale,Deux véhicules - frontale,,,,,,,,,,,1,2,1,1,1
200600047984,0006-08-09 20:30:00,6,8,9,20,30,330,243,"9, EUROPE-J.MONNET(AVENU",,,Plein jour,En agglomération,Intersection en T,Normale,Deux véhicules - côté,,,,,,,,,,,1,2,3,1,3
200600047985,0006-08-03 13:15:00,6,8,3,13,15,340,3,RN 112,,,Plein jour,En agglomération,Hors intersection,Vent fort / tempête,Trois véhicules et plus - collisions multiples,,,,,,,,,,,1,2,1,6,5
200600047986,0006-08-07 18:12:00,6,8,7,18,12,340,3,MITTERRAND (K19 A O24,,,Plein jour,Hors agglomération,Hors intersection,Normale,Autre collision,,,,,,,,,,,1,1,1,1,6
200600047987,0006-08-14 21:10:00,6,8,14,21,10,340,3,NATIONALE 112 (A4 A A7,,,Crépuscule ou aube,Hors agglomération,Hors intersection,Normale,Deux véhicules - arrière,,,,,,,,,,,2,1,1,1,2
200600047988,0006-08-15 02:20:00,6,8,15,2,20,340,3,NATIONALE 112 (A4 A A7,,,Nuit sans éclairage public,Hors agglomération,Hors intersection,Normale,Autre collision,,,,,,,,,,,3,1,1,1,6
200600047989,0006-08-15 03:35:00,6,8,15,3,35,340,3,BELLE-ISLE (AVENUE DE),,,Nuit avec éclairage allumé,En agglomération,Hors intersection,Normale,Autre collision,,,,,,,,,,,5,2,1,1,6
200600047990,0006-08-20 12:20:00,6,8,20,12,20,340,3,RN 112,,,Plein jour,Hors agglomération,Hors intersection,Normale,Deux véhicules - arrière,,,,,,,,,,,1,1,1,1,2
200600047991,0006-08-23 15:30:00,6,8,23,15,30,340,3,D 13 BESSAN (ROUTE DE),,,Plein jour,Hors agglomération,Hors intersection,Normale,Deux véhicules - arrière,,,,,,,,,,,1,1,1,1,2
200600047992,0006-08-26 06:15:00,6,8,26,6,15,340,3,RD32,,,Nuit sans éclairage public,Hors agglomération,Hors intersection,Normale,Deux véhicules - frontale,,,,,,,,,,,3,1,1,1,1
200600047993,0006-08-17 18:10:00,6,8,17,18,10,340,3,RN 112,,,Plein jour,Hors agglomération,Hors intersection,Normale,Trois véhicules et plus - collisions multiples,,,,,,,,,,,1,1,1,1,5
200600047994,0006-08-31 21:20:00,6,8,31,21,20,340,3,"51, GUIRAUDETTE (K13 A V",,,Nuit avec éclairage allumé,En agglomération,Intersection en X,Normale,Autre collision,,,,,,,,,,,5,2,2,1,6
200600047995,0006-08-08 12:50:00,6,8,8,12,50,340,3,HYPER U (PARKINGS),,,Plein jour,En agglomération,Hors intersection,Normale,Deux véhicules - côté,,,,,,,,,,,1,2,1,1,3
200600047996,0006-08-10 17:10:00,6,8,10,17,10,340,3,RN 112,,,Plein jour,Hors agglomération,Hors intersection,Normale,Deux véhicules - côté,,,,,,,,,,,1,1,1,1,3
200600047997,0006-08-18 23:15:00,6,8,18,23,15,340,3,ALIZES (I11 A J11,,,Nuit avec éclairage allumé,En agglomération,Hors intersection,Normale,Deux véhicules - frontale,,,,,,,,,,,5,2,1,1,1
200600047998,0006-08-01 11:40:00,6,8,1,11,40,340,3,RICHELIEU (D8 0 E8 ET E1,,,Plein jour,En agglomération,Hors intersection,Normale,Autre collision,,,,,,,,,,,1,2,1,1,6