accident_id,datetime,annee,mois,jour,heure,minute,departement,commune_insee,adresse,latitude,longitude,luminosite,agglomeration,intersection,meteo,collision,nb_vehicules,nb_usagers,nb_indemnes,nb_tues,nb_blesses_hosp,nb_blesses_legers,age_cond_1,age_cond_2,veh_type_cond_1,veh_type_cond_2,lum_code,agg_code,int_code,atm_code,col_code
200600047999,0006-08-01 15:50:00,6,8,1,15,50,340,32,"NR, MISTRAL FREDERIC (BD",,,Plein jour,En agglomération,Intersection en X,Normale,Autre collision,,,,,,,,,,,1,2,2,1,6
200600048000,0006-08-02 17:50:00,6,8,2,17,50,340,32,"nr, ROUTE NATIONALE 112",,,Plein jour,Hors agglomération,Hors intersection,Normale,Deux véhicules - côté,,,,,,,,,,,1,1,1,1,3
200600048001,0006-08-03 18:20:00,6,8,3,18,20,340,32,"NR, VERDIER PIERRE (AV)",,,Plein jour,En agglomération,Intersection en X,Normale,Trois véhicules et plus - collisions multiples,,,,,,,,,,,1,2,2,1,5
200600048002,0006-08-04 01:30:00,6,8,4,1,30,340,336,MEDITERRANEE (AVENUE DE,,,Nuit avec éclairage allumé,Hors agglomération,Intersection à plus de 4 branches,Normale,Sans collision,,,,,,,,,,,5,1,5,1,7
200600048003,0006-08-04 18:25:00,6,8,4,18,25,340,32,ROUTE NATIONALE 9,,,Plein jour,En agglomération,Hors intersection,Normale,Trois véhicules et plus - en chaîne,,,,,,,,,,,1,2,1,1,4
200600048004,0006-08-05 16:30:00,6,8,5,16,30,340,32,", PASTEUR LOUIS (RUE)",,,Plein jour,En agglomération,Intersection en T,Normale,Deux véhicules - côté,,,,,,,,,,,1,2,3,1,3
200600048005,0006-08-06 22:05:00,6,8,6,22,5,340,32,MAS ALPHONSE (AV),,,Nuit avec éclairage allumé,En agglomération,Hors intersection,Normale,Sans collision,,,,,,,,,,,5,2,1,1,7
200600048006,0006-08-07 05:57:00,6,8,7,5,57,340,32,GALINIER HENRI (AV),,,Crépuscule ou aube,En agglomération,Intersection en X,Normale,Deux véhicules - côté,,,,,,,,,,,2,2,2,1,3
200600048007,0006-08-07 14:10:00,6,8,7,14,10,340,32,CORNEILHAN (ROUTE DE),,,Plein jour,En agglomération,Hors intersection,Normale,Sans collision,,,,,,,,,,,1,2,1,1,7
200600048008,0006-08-08 08:18:00,6,8,8,8,18,340,32,CHURCHILL (ROND POINT WI,,,Plein jour,En agglomération,Giratoire,Normale,Deux véhicules - côté,,,,,,,,,,,1,2,6,1,3
200600048009,0006-08-09 13:30:00,6,8,9,13,30,340,32,DUC VALENTIN (AV),,,Plein jour,En agglomération,Intersection en T,Normale,Deux véhicules - arrière,,,,,,,,,,,1,2,3,1,2
200600048010,0006-08-09 21:47:00,6,8,9,21,47,340,32,LATTRE DE TASSIGNY MAREC,,,Nuit sans éclairage public,En agglomération,Intersection en X,Normale,Deux véhicules - côté,,,,,,,,,,,3,2,2,1,3
200600048011,0006-08-11 10:45:00,6,8,11,10,45,340,32,COUBERTIN PIERRE (AV),,,Plein jour,En agglomération,Intersection en T,Normale,Deux véhicules - côté,,,,,,,,,,,1,2,3,1,3
200600048012,0006-08-15 11:55:00,6,8,15,11,55,340,32,ROUTE DEPARTEMENTALE  61,,,Plein jour,Hors agglomération,Hors intersection,Normale,Deux véhicules - arrière,,,,,,,,,,,1,1,1,1,2
200600048013,0006-08-16 23:45:00,6,8,16,23,45,340,32,ALBERTINI ENSEIGNE (AVEN,,,Nuit avec éclairage allumé,En agglomération,Intersection en X,Temps couvert,Sans collision,,,,,,,,,,,5,2,2,8,7
200600048014,0006-08-17 17:09:00,6,8,17,17,9,340,32,"NR, NOGUERES HENRI (RD P",,,Plein jour,En agglomération,Giratoire,Normale,Deux véhicules - côté,,,,,,,,,,,1,2,6,1,3
200600048015,0006-08-19 14:10:00,6,8,19,14,10,340,32,ROUTE DEPARTEMENTALE  61,,,Plein jour,Hors agglomération,Hors intersection,Normale,Deux véhicules - côté,,,,,,,,,,,1,1,1,1,3
200600048016,0006-08-20 20:40:00,6,8,20,20,40,340,32,"NR, ROUTE DEPARTEMENTALE",,,Plein jour,Hors agglomération,Hors intersection,Normale,Sans collision,,,,,,,,,,,1,1,1,1,7
200600048017,0006-08-22 21:35:00,6,8,22,21,35,340,32,WILSON PRESIDENT (AV DU),,,Nuit avec éclairage allumé,En agglomération,Intersection en T,Normale,Deux véhicules - frontale,,,,,,,,,,,5,2,3,1,1
200600048018,0006-08-23 12:00:00,6,8,23,12,0,340,336,MEDITERRANEE (AVENUE DE,,,Plein jour,En agglomération,Intersection en X,Normale,Trois véhicules et plus - en chaîne,,,,,,,,,,,1,2,2,1,4
200600048019,0006-08-25 02:20:00,6,8,25,2,20,340,32,"nr, AGDE (AVENUE)",,,Nuit sans éclairage public,Hors agglomération,Hors intersection,Normale,Deux véhicules - arrière,,,,,,,,,,,3,1,1,1,2
200600048020,0006-08-25 09:35:00,6,8,25,9,35,340,32,"nr, ROUTE DEPARTEMENTALE",,,Plein jour,Hors agglomération,Hors intersection,Temps couvert,Deux véhicules - côté,,,,,,,,,,,1,1,1,8,3
200600048021,0006-08-25 18:25:00,6,8,25,18,25,340,32,"NR, RD.64",,,Plein jour,Hors agglomération,Hors intersection,Normale,Trois véhicules et plus - collisions multiples,,,,,,,,,,,1,1,1,1,5
200600048022,0006-08-25 22:05:00,6,8,25,22,5,340,32,"nr, ROUTE DEPARTEMENTALE",,,Nuit sans éclairage public,Hors agglomération,Hors intersection,Normale,Deux véhicules - côté,,,,,,,,,,,3,1,1,1,3
200600048023,0006-08-27 03:20:00,6,8,27,3,20,340,32,"NR, PHILIPPE GERARD (RUE",,,Nuit avec éclairage allumé,En agglomération,Hors intersection,Normale,Sans collision,,,,,,,,,,,5,2,1,1,7
200600048024,0006-08-30 18:08:00,6,8,30,18,8,340,32,"nr, RD.14",,,Plein jour,Hors agglomération,Hors intersection,Normale,Deux véhicules - côté,,,,,,,,,,,1,1,1,1,3
200600048025,0006-08-30 15:00:00,6,8,30,15,0,340,32,"25, RIQUET PIERRE PAUL (",,,Plein jour,En agglomération,Hors intersection,Normale,Sans collision,,,,,,,,,,,1,2,1,1,7
200600048026,0006-08-02 14:20:00,6,8,2,14,20,340,172,LYRE (ROND-POINT DE LA),,,Plein jour,En agglomération,Giratoire,Normale,Autre collision,,,,,,,,,,,1,2,6,1,6
200600048027,0006-08-04 02:00:00,6,8,4,2,0,340,198,D66  VOIE RAPIDE,,,Nuit sans éclairage public,Hors agglomération,Hors intersection,Normale,Trois véhicules et plus - collisions multiples,,,,,,,,,,,3,1,1,1,5
200600048028,0006-08-04 16:30:00,6,8,4,16,30,340,172,"5, OBSERVATOIRE (BOULEVA",,,Plein jour,En agglomération,Hors intersection,Normale,Autre collision,,,,,,,,,,,1,2,1,1,6
200600048029,0006-08-05 00:35:00,6,8,5,0,35,340,172,PONT DE LAVERUNE (RUE DU,,,Nuit avec éclairage allumé,En agglomération,Intersection en X,Normale,Deux véhicules - côté,,,,,,,,,,,5,2,2,1,3
200600048030,0006-08-07 05:35:00,6,8,7,5,35,340,172,"39, GAMBETTA (COURS)",,,Nuit avec éclairage allumé,En agglomération,Hors intersection,Normale,Autre collision,,,,,,,,,,,5,2,1,1,6
200600048031,0006-08-07 08:15:00,6,8,7,8,15,340,172,"118, TOULOUSE (AVENUE DE",,,Plein jour,En agglomération,Hors intersection,Normale,Deux véhicules - frontale,,,,,,,,,,,1,2,1,1,1
200600048032,0006-08-06 20:15:00,6,8,6,20,15,340,172,JUSTICE DE CASTELNAU (AV,,,Plein jour,En agglomération,Intersection en T,Normale,Deux véhicules - côté,,,,,,,,,,,1,2,3,1,3
200600048033,0006-08-08 10:20:00,6,8,8,10,20,340,172,BOUSSAIROLLES (RUE),,,Plein jour,En agglomération,Intersection en X,Normale,Deux véhicules - côté,,,,,,,,,,,1,2,2,1,3
200600048034,0006-08-10 05:21:00,6,8,10,5,21,340,172,VERDUN (RUE DE),,,Nuit avec éclairage allumé,En agglomération,Hors intersection,Normale,Autre collision,,,,,,,,,,,5,2,1,1,6
200600048035,0006-08-10 20:30:00,6,8,10,20,30,340,172,BLUM (RUE LEON),,,Crépuscule ou aube,En agglomération,Intersection en X,Normale,Deux véhicules - côté,,,,,,,,,,,2,2,2,1,3
200600048036,0006-08-13 22:30:00,6,8,13,22,30,340,172,", LOUISVILLE (AVENUE DE)",,,Nuit avec éclairage allumé,En agglomération,Autre intersection,Normale,Autre collision,,,,,,,,,,,5,2,9,1,6
200600048037,0006-08-10 09:11:00,6,8,10,9,11,340,198,PAGNOL (AVENUE MARCEL),,,Plein jour,Hors agglomération,Intersection en T,Normale,Deux véhicules - côté,,,,,,,,,,,1,1,3,1,3
200600048038,0006-08-14 21:00:00,6,8,14,21,0,340,129,LE LAC DES REVES (CAMPIN,,,Nuit sans éclairage public,Hors agglomération,Hors intersection,Normale,Autre collision,,,,,,,,,,,3,1,1,1,6
200600048039,0006-08-15 07:32:00,6,8,15,7,32,340,172,FABRE DE MORLHON (BOULEV,,,Plein jour,En agglomération,Intersection en X,Normale,Deux véhicules - côté,,,,,,,,,,,1,2,2,1,3
200600048040,0006-08-15 17:50:00,6,8,15,17,50,340,172,FLAHAULT (AVENUE CHARLES,,,Plein jour,En agglomération,Intersection en T,Normale,Deux véhicules - côté,,,,,,,,,,,1,2,3,1,3
200600048041,0006-08-16 16:10:00,6,8,16,16,10,340,172,VIEILLE POSTE (RUE DE LA,,,Plein jour,En agglomération,Intersection à plus de 4 branches,Normale,Autre collision,,,,,,,,,,,1,2,5,1,6
200600048042,0006-08-16 14:10:00,6,8,16,14,10,340,172,ALCO (ROND POINT D'),,,Plein jour,En agglomération,Hors intersection,Normale,Sans collision,,,,,,,,,,,1,2,1,1,7
200600048043,0006-08-17 01:40:00,6,8,17,1,40,340,172,GRAND SAINT JEAN (RUE DU,,,Nuit sans éclairage public,En agglomération,Hors intersection,Normale,Autre collision,,,,,,,,,,,3,2,1,1,6
200600048044,0006-08-16 08:30:00,6,8,16,8,30,340,172,NIMES (AVENUE DE),,,Plein jour,En agglomération,Intersection en X,Normale,Autre collision,,,,,,,,,,,1,2,2,1,6
200600048045,0006-08-16 18:20:00,6,8,16,18,20,340,172,BERTHELOT (BOULEVARD),,,Plein jour,En agglomération,Hors intersection,Normale,Deux véhicules - côté,,,,,,,,,,,1,2,1,1,3
200600048046,0006-08-17 20:00:00,6,8,17,20,0,340,172,"3, LAKANAL (RUE)",,,Crépuscule ou aube,En agglomération,Hors intersection,Normale,Autre collision,,,,,,,,,,,2,2,1,1,6
200600048047,0006-08-16 16:45:00,6,8,16,16,45,340,172,ALCO (RUE D',,,Plein jour,En agglomération,Intersection en X,Temps couvert,Deux véhicules - frontale,,,,,,,,,,,1,2,2,8,1
200600048048,0006-08-20 23:10:00,6,8,20,23,10,340,172,PEQUET (RUE HENRI),,,Nuit avec éclairage allumé,En agglomération,Intersection en Y,Normale,Deux véhicules - côté,,,,,,,,,,,5,2,4,1,3
200600048049,0006-08-21 12:56:00,6,8,21,12,56,340,172,"206, COMTE DE MELGUEIL (",,,Plein jour,En agglomération,Hors intersection,Normale,Deux véhicules - arrière,,,,,,,,,,,1,2,1,1,2
200600048050,0006-08-21 13:00:00,6,8,21,13,0,340,172,ARGENCOURT (RUE D'),,,Plein jour,En agglomération,Hors intersection,Normale,Autre collision,,,,,,,,,,,1,2,1,1,6
200600048051,0006-08-22 08:40:00,6,8,22,8,40,340,172,POMPIGNANE (AVENUE DE LA,,,Plein jour,En agglomération,Intersection en T,Normale,Autre collision,,,,,,,,,,,1,2,3,1,6
200600048052,0006-08-22 18:16:00,6,8,22,18,16,340,198,TOUR (AVENUE DE LA),,,Plein jour,Hors agglomération,Hors intersection,Normale,Deux véhicules - frontale,,,,,,,,,,,1,1,1,1,1
200600048053,0006-08-22 19:15:00,6,8,22,19,15,340,172,"sans, DELMAS (RUE)",,,Plein jour,En agglomération,Hors intersection,Normale,Autre collision,,,,,,,,,,,1,2,1,1,6
200600048054,0006-08-23 13:40:00,6,8,23,13,40,340,172,"sans n, CARRIERASSE (RUE",,,Plein jour,En agglomération,Hors intersection,Normale,Sans collision,,,,,,,,,,,1,2,1,1,7
200600048055,0006-08-24 21:20:00,6,8,24,21,20,340,172,"20, NAZARETH (RUE DE)",,,Nuit avec éclairage allumé,En agglomération,Hors intersection,Normale,Sans collision,,,,,,,,,,,5,2,1,1,7
200600048056,0006-08-24 09:30:00,6,8,24,9,30,340,172,TRUEL (RUE DU),,,Plein jour,En agglomération,Hors intersection,Pluie légère,Deux véhicules - côté,,,,,,,,,,,1,2,1,2,3
200600048057,0006-08-24 12:20:00,6,8,24,12,20,340,172,"206, VILLENEUVE-ANGOULEM",,,Plein jour,En agglomération,Hors intersection,Normale,Trois véhicules et plus - en chaîne,,,,,,,,,,,1,2,1,1,4
200600048058,0006-08-25 09:30:00,6,8,25,9,30,340,129,D116,,,Plein jour,En agglomération,Hors intersection,Normale,Deux véhicules - frontale,,,,,,,,,,,1,2,1,1,1
200600048059,0006-08-25 16:48:00,6,8,25,16,48,340,172,LAURAGAIS (AVENUE DU),,,Plein jour,En agglomération,Hors intersection,Pluie légère,Autre collision,,,,,,,,,,,1,2,1,2,6
200600048060,0006-08-26 08:30:00,6,8,26,8,30,340,172,"8, DU GUESCLIN (RUE)",,,Plein jour,En agglomération,Hors intersection,Normale,Autre collision,,,,,,,,,,,1,2,1,1,6
200600048061,0006-08-23 11:04:00,6,8,23,11,4,340,172,PAVELET (AVENUE DU COLON,,,Plein jour,En agglomération,Hors intersection,Normale,Sans collision,,,,,,,,,,,1,2,1,1,7
200600048062,0006-08-25 11:45:00,6,8,25,11,45,340,129,CD21-CD58 (ROND-POINT),,,Plein jour,En agglomération,Hors intersection,Normale,Sans collision,,,,,,,,,,,1,2,1,1,7
200600048063,0006-08-28 16:10:00,6,8,28,16,10,340,198,RESISTANCE (RUE DE LA),,,Plein jour,En agglomération,Hors intersection,Normale,Deux véhicules - côté,,,,,,,,,,,1,2,1,1,3
200600048064,0006-08-26 19:31:00,6,8,26,19,31,340,129,EUROPE (PLACE DE L'),,,Plein jour,En agglomération,Hors intersection,Normale,Deux véhicules - côté,,,,,,,,,,,1,2,1,1,3
200600048065,0006-08-23 11:15:00,6,8,23,11,15,340,129,D116,,,Plein jour,Hors agglomération,Hors intersection,Normale,Deux véhicules - frontale,,,,,,,,,,,1,1,1,1,1
200600048066,0006-08-29 11:09:00,6,8,29,11,9,340,172,MARQUEROSE (RUE DE LA,,,Plein jour,En agglomération,Intersection en T,Normale,Deux véhicules - côté,,,,,,,,,,,1,2,3,1,3
200600048067,0006-08-30 09:15:00,6,8,30,9,15,340,172,"sans, GIRAUD (AVENUE DU",,,Plein jour,En agglomération,Hors intersection,Normale,Autre collision,,,,,,,,,,,1,2,1,1,6
200600048068,0006-08-30 04:00:00,6,8,30,4,0,340,172,"374, PRES D'ARENES (AVEN",,,Nuit avec éclairage allumé,En agglomération,Hors intersection,Normale,Autre collision,,,,,,,,,,,5,2,1,1,6
200600048069,0006-08-31 08:50:00,6,8,31,8,50,340,172,"67, FAUBOURG FIGUEROLLES",,,Plein jour,En agglomération,Intersection en T,Normale,Sans collision,,,,,,,,,,,1,2,3,1,7
200600048070,0006-08-30 20:18:00,6,8,30,20,18,340,172,"72, LODEVE (ROUTE DE)",,,Plein jour,En agglomération,Hors intersection,Normale,Deux véhicules - côté,,,,,,,,,,,1,2,1,1,3
200600048071,0006-08-06 21:00:00,6,8,6,21,0,340,301,"aucun, MOULIN JEAN (RUE)",,,Crépuscule ou aube,En agglomération,Intersection en X,Normale,Deux véhicules - côté,,,,,,,,,,,2,2,2,1,3
200600048072,0006-08-22 01:00:00,6,8,22,1,0,340,301,"aucun, ROUTE NATIONALE 1",,,Nuit avec éclairage allumé,En agglomération,Hors intersection,Normale,Sans collision,,,,,,,,,,,5,2,1,1,7
200600048073,0006-08-23 09:10:00,6,8,23,9,10,340,301,"aucun, NEUBURG (CORNICHE",,,Plein jour,En agglomération,Hors intersection,Normale,Deux véhicules - côté,,,,,,,,,,,1,2,1,1,3
200600048074,0006-08-24 14:45:00,6,8,24,14,45,340,301,"AUCUN, VALERY PAUL (RUE)",,,Plein jour,En agglomération,Hors intersection,Normale,Autre collision,,,,,,,,,,,1,2,1,1,6
200600048075,0006-08-01 12:00:00,6,8,1,12,0,350,238,"00, VILLEBOIS MAREUIL (B",,,Plein jour,En agglomération,Intersection en T,Normale,Deux véhicules - côté,,,,,,,,,,,1,2,3,1,3
200600048076,0006-08-04 15:42:00,6,8,4,15,42,350,238,"00, TILLON (AVENUE CHARL",,,Plein jour,En agglomération,Intersection en X,Normale,Deux véhicules - côté,,,,,,,,,,,1,2,2,1,3
200600048077,0006-08-04 17:45:00,6,8,4,17,45,350,238,"00, TEMPLE-DE-BLOSNE (RU",,,Plein jour,En agglomération,Hors intersection,Normale,Autre collision,,,,,,,,,,,1,2,1,1,6
200600048078,0006-08-04 18:10:00,6,8,4,18,10,350,238,"00, ROCADE 7-8",,,Plein jour,Hors agglomération,Hors intersection,Normale,Sans collision,,,,,,,,,,,1,1,1,1,7
200600048079,0006-08-06 03:10:00,6,8,6,3,10,350,238,"00, ROCADE 10-11",,,Nuit sans éclairage public,Hors agglomération,Hors intersection,Normale,Autre collision,,,,,,,,,,,3,1,1,1,6
200600048080,0006-08-06 20:45:00,6,8,6,20,45,350,238,"00, TOUR D'AUVERGNE (BD",,,Plein jour,En agglomération,Intersection en X,Normale,Deux véhicules - côté,,,,,,,,,,,1,2,2,1,3
200600048081,0006-08-10 20:30:00,6,8,10,20,30,350,278,"00, ROCADE 13-14",,,Plein jour,Hors agglomération,Hors intersection,Normale,Sans collision,,,,,,,,,,,1,1,1,1,7
200600048082,0006-08-12 11:40:00,6,8,12,11,40,350,238,"00, SAINT JEAN- EUDES (P",,,Plein jour,En agglomération,Intersection à plus de 4 branches,Normale,Autre collision,,,,,,,,,,,1,2,5,1,6
200600048083,0006-08-12 15:45:00,6,8,12,15,45,350,238,"00, LORIENT (DE)",,,Plein jour,En agglomération,Hors intersection,Normale,Deux véhicules - côté,,,,,,,,,,,1,2,1,1,3
200600048084,0006-08-15 11:40:00,6,8,15,11,40,350,238,"00, ROCADE 11-12",,,Plein jour,Hors agglomération,Hors intersection,Normale,Autre collision,,,,,,,,,,,1,1,1,1,6
200600048085,0006-08-18 12:00:00,6,8,18,12,0,350,238,"00, AUGE DE PIERRE (ROND",,,Plein jour,En agglomération,Hors intersection,Normale,Deux véhicules - côté,,,,,,,,,,,1,2,1,1,3
200600048086,0006-08-18 16:30:00,6,8,18,16,30,350,238,"6, STRASBOURG (BOULEVARD",,,Plein jour,En agglomération,Hors intersection,Normale,Deux véhicules - côté,,,,,,,,,,,1,2,1,1,3
200600048087,0006-08-19 04:45:00,6,8,19,4,45,350,238,"00, BETTON (ROND POINT D",,,Nuit avec éclairage allumé,Hors agglomération,Hors intersection,Normale,Deux véhicules - frontale,,,,,,,,,,,5,1,1,1,1
200600048088,0006-08-21 14:10:00,6,8,21,14,10,350,238,"00, GAYEULLES (AVENUE DE",,,Plein jour,En agglomération,Giratoire,Normale,Autre collision,,,,,,,,,,,1,2,6,1,6
200600048089,0006-08-21 15:30:00,6,8,21,15,30,350,238,"00, PORTE DE NANTES",,,Plein jour,Hors agglomération,Hors intersection,Normale,Trois véhicules et plus - collisions multiples,,,,,,,,,,,1,1,1,1,5
200600048090,0006-08-21 20:10:00,6,8,21,20,10,350,238,"73, BOURGEOIS (BOULEVARD",,,Plein jour,En agglomération,Intersection en Y,Normale,Sans collision,,,,,,,,,,,1,2,4,1,7
200600048091,0006-08-22 03:50:00,6,8,22,3,50,350,238,"00, PREVALAYE (QUAI DE L",,,Nuit avec éclairage allumé,En agglomération,Intersection en X,Normale,Autre collision,,,,,,,,,,,5,2,2,1,6
200600048092,0006-08-22 22:50:00,6,8,22,22,50,350,238,"00, ROCHESTER (AVENUE DE",,,Nuit avec éclairage allumé,En agglomération,Intersection en X,Normale,Deux véhicules - côté,,,,,,,,,,,5,2,2,1,3
200600048093,0006-08-23 23:15:00,6,8,23,23,15,350,238,"00, BRETAGNE (PLACE DE)",,,Nuit avec éclairage allumé,En agglomération,Intersection en T,Pluie légère,Deux véhicules - arrière,,,,,,,,,,,5,2,3,2,2
200600048094,0006-08-24 17:30:00,6,8,24,17,30,350,238,"11, LAENNEC (BD RENE)",,,Plein jour,En agglomération,Hors intersection,Normale,Autre collision,,,,,,,,,,,1,2,1,1,6
200600048095,0006-08-25 12:30:00,6,8,25,12,30,350,238,"00, SAINT-MALO (DE) DE 1",,,Plein jour,En agglomération,Intersection en X,Normale,Trois véhicules et plus - en chaîne,,,,,,,,,,,1,2,2,1,4
200600048096,0006-08-25 18:40:00,6,8,25,18,40,350,238,"00, PORTE DE NANTES",,,Plein jour,Hors agglomération,Hors intersection,Pluie légère,Trois véhicules et plus - en chaîne,,,,,,,,,,,1,1,1,2,4
200600048097,0006-08-26 18:30:00,6,8,26,18,30,350,238,"00, UKRAINE (ALLEE D')",,,Plein jour,En agglomération,Hors intersection,Normale,Autre collision,,,,,,,,,,,1,2,1,1,6
200600048098,0006-08-28 17:50:00,6,8,28,17,50,350,238,"159, LORIENT (DE)",,,Plein jour,En agglomération,Hors intersection,Normale,Deux véhicules - côté,,,,,,,,,,,1,2,1,1,3
200600048099,0006-08-29 12:05:00,6,8,29,12,5,350,238,"00, LECLERC (AVENUE DU G",,,Plein jour,En agglomération,Giratoire,Pluie légère,Deux véhicules - côté,,,,,,,,,,,1,2,6,2,3
200600048100,0006-08-30 06:30:00,6,8,30,6,30,350,278,"00, RD 82",,,Nuit avec éclairage allumé,Hors agglomération,Giratoire,Normale,Deux véhicules - côté,,,,,,,,,,,5,1,6,1,3
200600048101,0006-08-30 11:35:00,6,8,30,11,35,350,238,"00, LEMIRE (DE L'ABBE)",,,Plein jour,En agglomération,Hors intersection,Normale,Deux véhicules - côté,,,,,,,,,,,1,2,1,1,3
200600048102,0006-08-31 19:50:00,6,8,31,19,50,350,238,"00, JOFFRE ( DU MARECHAL",,,Plein jour,En agglomération,Intersection en X,Normale,Deux véhicules - côté,,,,,,,,,,,1,2,2,1,3
200600048103,0006-08-05 15:10:00,6,8,5,15,10,350,241,"000000, D168",,,Plein jour,En agglomération,Intersection en X,Normale,Deux véhicules - côté,,,,,,,,,,,1,2,2,1,3
200600048104,0006-08-02 20:35:00,6,8,2,20,35,350,93,"00, FEART (BOULEVARD)",,,Plein jour,En agglomération,Intersection en X,Normale,Deux véhicules - côté,,,,,,,,,,,1,2,2,1,3
200600048105,0006-08-02 18:05:00,6,8,2,18,5,350,93,FEART (BOULEVARD),,,Plein jour,En agglomération,Intersection en X,Normale,Deux véhicules - côté,,,,,,,,,,,1,2,2,1,3
200600048106,0006-08-10 11:30:00,6,8,10,11,30,350,93,VERGER JULES (BOULEVARD),,,Plein jour,En agglomération,Hors intersection,Normale,Trois véhicules et plus - en chaîne,,,,,,,,,,,1,2,1,1,4
200600048107,0006-08-10 13:30:00,6,8,10,13,30,350,288,BALUE (RUE DE LA),,,Plein jour,En agglomération,Hors intersection,Normale,Sans collision,,,,,,,,,,,1,2,1,1,7
200600048108,0006-08-15 04:15:00,6,8,15,4,15,350,241,D168,,,Nuit sans éclairage public,En agglomération,Hors intersection,Normale,Autre collision,,,,,,,,,,,3,2,1,1,6
200600048109,0006-08-12 12:40:00,6,8,12,12,40,350,288,REPUBLIQUE (BOULEVARD DE,,,Plein jour,En agglomération,Hors intersection,Normale,Trois véhicules et plus - en chaîne,,,,,,,,,,,1,2,1,1,4
200600048110,0006-08-16 15:35:00,6,8,16,15,35,350,288,", BELOT (RUE DU TERTRE)",,,Plein jour,En agglomération,Hors intersection,Pluie légère,Deux véhicules - arrière,,,,,,,,,,,1,2,1,2,2
200600048111,0006-08-30 19:30:00,6,8,30,19,30,350,288,"000000000, MARNE (RUE DE",,,Plein jour,En agglomération,Intersection en T,Normale,Deux véhicules - côté,,,,,,,,,,,1,2,3,1,3
200600048112,0006-08-13 11:00:00,6,8,13,11,0,350,288,FONTENELLES (AVENUE DES),,,Plein jour,En agglomération,Hors intersection,Normale,Deux véhicules - frontale,,,,,,,,,,,1,2,1,1,1
200600048113,0006-08-21 10:50:00,6,8,21,10,50,360,44,"0, ARGENTON(AV D')",,,Plein jour,En agglomération,Hors intersection,Normale,Deux véhicules - côté,,,,,,,,,,,1,2,1,1,3
200600048114,0006-08-21 10:10:00,6,8,21,10,10,360,63,"0, VILLERS (RTE DE)",,,Plein jour,Hors agglomération,Hors intersection,Normale,Deux véhicules - frontale,,,,,,,,,,,1,1,1,1,1
200600048115,0006-08-05 19:10:00,6,8,5,19,10,360,159,"0, MOTTE (ALLEE DE LA)",,,Plein jour,Hors agglomération,Hors intersection,Normale,Trois véhicules et plus - collisions multiples,,,,,,,,,,,1,1,1,1,5
200600048116,0006-08-02 12:34:00,6,8,2,12,34,360,44,"253, CHATRE (AV DE LA) D",,,Plein jour,En agglomération,Hors intersection,Normale,Autre collision,,,,,,,,,,,1,2,1,1,6
200600048117,0006-08-02 22:00:00,6,8,2,22,0,360,44,"161, COMBANAIRE",,,Nuit sans éclairage public,En agglomération,Hors intersection,Normale,Sans collision,,,,,,,,,,,3,2,1,1,7
200600048118,0006-08-03 09:15:00,6,8,3,9,15,360,44,"4, BELLIER (JOSEPH)",,,Plein jour,En agglomération,Hors intersection,Normale,Sans collision,,,,,,,,,,,1,2,1,1,7
200600048119,0006-08-03 17:13:00,6,8,3,17,13,360,63,"71, GENERAL DE GAULLE (A",,,Plein jour,En agglomération,Intersection en T,Normale,Deux véhicules - côté,,,,,,,,,,,1,2,3,1,3
200600048120,0006-08-04 22:35:00,6,8,4,22,35,360,44,"145, GRANDE",,,Nuit avec éclairage allumé,En agglomération,Hors intersection,Normale,Autre collision,,,,,,,,,,,5,2,1,1,6
200600048121,0006-08-05 17:41:00,6,8,5,17,41,360,159,"28, HAIES FLEURIES (ALLE",,,Plein jour,En agglomération,Hors intersection,Normale,Deux véhicules - frontale,,,,,,,,,,,1,2,1,1,1
200600048122,0006-08-08 20:01:00,6,8,8,20,1,360,44,"9, LUSSAC (GAY)",,,Plein jour,En agglomération,Hors intersection,Normale,Sans collision,,,,,,,,,,,1,2,1,1,7
200600048123,0006-08-23 14:30:00,6,8,23,14,30,360,44,"111, LEMOINE (AV MARCEL)",,,Plein jour,En agglomération,Hors intersection,Normale,Deux véhicules - côté,,,,,,,,,,,1,2,1,1,3
200600048124,0006-08-24 14:55:00,6,8,24,14,55,360,44,"131, ETATS-UNIS (RUE DES",,,Plein jour,En agglomération,Hors intersection,Normale,Deux véhicules - côté,,,,,,,,,,,1,2,1,1,3
200600048125,0006-08-24 23:00:00,6,8,24,23,0,360,44,"37, ROUSSEAU (JEAN-JACQU",,,Nuit avec éclairage allumé,En agglomération,Hors intersection,Normale,Autre collision,,,,,,,,,,,5,2,1,1,6
200600048126,0006-08-08 01:10:00,6,8,8,1,10,370,122,CHINON (BOULEVARD DE),,,Nuit avec éclairage allumé,En agglomération,Hors intersection,Normale,Autre collision,,,,,,,,,,,5,2,1,1,6
200600048127,0006-08-07 12:15:00,6,8,7,12,15,370,214,DE GAULLE (BD CHARLES),,,Plein jour,En agglomération,Intersection en X,Normale,Deux véhicules - côté,,,,,,,,,,,1,2,2,1,3
200600048128,0006-08-16 09:00:00,6,8,16,9,0,370,233,"58, POMPIDOU (AVENUE GEO",,,Plein jour,En agglomération,Hors intersection,Normale,Autre collision,,,,,,,,,,,1,2,1,1,6
200600048129,0006-08-18 09:15:00,6,8,18,9,15,370,261,HEURTELOUP (BOULEVARD),,,Plein jour,En agglomération,Intersection en X,Normale,Deux véhicules - côté,,,,,,,,,,,1,2,2,1,3
200600048130,0006-08-22 20:15:00,6,8,22,20,15,370,261,GRAMMONT (AVENUE DE),,,Plein jour,En agglomération,Intersection en X,Normale,Autre collision,,,,,,,,,,,1,2,2,1,6