accident_id,datetime,annee,mois,jour,heure,minute,departement,commune_insee,adresse,latitude,longitude,luminosite,agglomeration,intersection,meteo,collision,nb_vehicules,nb_usagers,nb_indemnes,nb_tues,nb_blesses_hosp,nb_blesses_legers,age_cond_1,age_cond_2,veh_type_cond_1,veh_type_cond_2,lum_code,agg_code,int_code,atm_code,col_code
200600048264,0006-08-27 16:20:00,6,8,27,16,20,440,55,"1, LATTRE DE TASSIGNY (",,,Plein jour,En agglomération,Hors intersection,Normale,Autre collision,,,,,,,,,,,1,2,1,1,6
200600048265,0006-08-27 20:45:00,6,8,27,20,45,440,55,"80, GAULLE ( AVENUE DU G",,,Plein jour,En agglomération,Hors intersection,Normale,Autre collision,,,,,,,,,,,1,2,1,1,6
200600048266,0006-08-01 14:10:00,6,8,1,14,10,440,109,"1, RUE HENRI BECQUEREL",,,Plein jour,Hors agglomération,Hors intersection,Normale,Autre collision,,,,,,,,,,,1,1,1,1,6
200600048267,0006-08-03 17:10:00,6,8,3,17,10,440,109,"00, BOULEVARD DU MASSACR",,,Plein jour,En agglomération,Hors intersection,Normale,Deux véhicules - côté,,,,,,,,,,,1,2,1,1,3
200600048268,0006-08-01 17:50:00,6,8,1,17,50,440,143,DE TASSIGNY (AV),,,Plein jour,En agglomération,Hors intersection,Normale,Deux véhicules - arrière,,,,,,,,,,,1,2,1,1,2
200600048269,0006-08-05 06:43:00,6,8,5,6,43,440,109,PONT DES 3 CONTINENTS,,,Plein jour,Hors agglomération,Giratoire,Normale,Autre collision,,,,,,,,,,,1,1,6,1,6
200600048270,0006-08-09 23:50:00,6,8,9,23,50,440,109,CHAUSSEE DE LA MADELEINE,,,Nuit avec éclairage allumé,En agglomération,Hors intersection,Normale,Autre collision,,,,,,,,,,,5,2,1,1,6
200600048271,0006-08-10 04:00:00,6,8,10,4,0,440,109,QUAI DE LA FOSSE,,,Nuit avec éclairage allumé,En agglomération,Intersection en X,Normale,Deux véhicules - côté,,,,,,,,,,,5,2,2,1,3
200600048272,0006-08-11 18:35:00,6,8,11,18,35,440,109,PLACE PAUL DOUMER,,,Plein jour,En agglomération,Place,Normale,Deux véhicules - côté,,,,,,,,,,,1,2,7,1,3
200600048273,0006-08-11 17:20:00,6,8,11,17,20,440,143,"54, SAUVESTRE (RUE ERNES",,,Plein jour,En agglomération,Hors intersection,Normale,Autre collision,,,,,,,,,,,1,2,1,1,6
200600048274,0006-08-17 08:30:00,6,8,17,8,30,440,109,"6, RUE LAMARTINE",,,Plein jour,En agglomération,Hors intersection,Normale,Autre collision,,,,,,,,,,,1,2,1,1,6
200600048275,0006-08-18 14:25:00,6,8,18,14,25,440,109,"8, RUE PAUL BELLAMY",,,Plein jour,En agglomération,Hors intersection,Temps couvert,Sans collision,,,,,,,,,,,1,2,1,8,7
200600048276,0006-08-18 14:45:00,6,8,18,14,45,440,109,PIRMIL ( PLACE ),,,Plein jour,En agglomération,Place,Pluie légère,Deux véhicules - arrière,,,,,,,,,,,1,2,7,2,2
200600048277,0006-08-19 14:15:00,6,8,19,14,15,440,190,RUE DE LA COMMUNE DE 187,,,Plein jour,En agglomération,Intersection en X,Normale,Deux véhicules - côté,,,,,,,,,,,1,2,2,1,3
200600048278,0006-08-21 08:45:00,6,8,21,8,45,440,109,"121, RUE GENERAL BUAT",,,Plein jour,En agglomération,Hors intersection,Pluie légère,Autre collision,,,,,,,,,,,1,2,1,2,6
200600048279,0006-08-22 16:16:00,6,8,22,16,16,440,109,"84, QUAI DE LA FOSSE",,,Plein jour,En agglomération,Intersection en X,Normale,Deux véhicules - arrière,,,,,,,,,,,1,2,2,1,2
200600048280,0006-08-23 14:50:00,6,8,23,14,50,440,162,AVENUE DE L'ANGEVINIERE,,,Plein jour,En agglomération,Hors intersection,Normale,Deux véhicules - frontale,,,,,,,,,,,1,2,1,1,1
200600048281,0006-08-24 14:00:00,6,8,24,14,0,440,109,QUAI ERNEST RENAUD,,,Plein jour,En agglomération,Hors intersection,Normale,Autre collision,,,,,,,,,,,1,2,1,1,6
200600048282,0006-08-24 09:00:00,6,8,24,9,0,440,109,BOULEVARD DES NATIONS UN,,,Plein jour,En agglomération,Giratoire,Normale,Autre collision,,,,,,,,,,,1,2,6,1,6
200600048283,0006-08-24 11:30:00,6,8,24,11,30,440,109,COURS COMMANDANT D'ESTIE,,,Plein jour,En agglomération,Hors intersection,Normale,Autre collision,,,,,,,,,,,1,2,1,1,6
200600048284,0006-08-26 20:25:00,6,8,26,20,25,440,114,PERIPHERIQUE ROUTIER,,,Plein jour,Hors agglomération,Hors intersection,Normale,Autre collision,,,,,,,,,,,1,1,1,1,6
200600048285,0006-08-26 20:35:00,6,8,26,20,35,440,190,BOULEVARD DES PAS ENCHAN,,,Plein jour,En agglomération,Hors intersection,Normale,Autre collision,,,,,,,,,,,1,2,1,1,6
200600048286,0006-08-24 17:10:00,6,8,24,17,10,440,109,"1, AVENUE DE L'ARMORIAL",,,Plein jour,En agglomération,Hors intersection,Normale,Sans collision,,,,,,,,,,,1,2,1,1,7
200600048287,0006-08-28 12:15:00,6,8,28,12,15,440,109,"114, BOULEVARD JULES VER",,,Plein jour,En agglomération,Hors intersection,Pluie forte,Deux véhicules - arrière,,,,,,,,,,,1,2,1,3,2
200600048288,0006-08-28 11:20:00,6,8,28,11,20,440,114,PERIPHERIQUE ROUTIER,,,Plein jour,Hors agglomération,Hors intersection,Normale,Deux véhicules - côté,,,,,,,,,,,1,1,1,1,3
200600048289,0006-08-28 13:10:00,6,8,28,13,10,440,190,ROUTE DE SAINT SEBASTIEN,,,Plein jour,En agglomération,Hors intersection,Pluie légère,Autre collision,,,,,,,,,,,1,2,1,2,6
200600048290,0006-08-29 18:20:00,6,8,29,18,20,440,109,"66, BOULEVARD LELASSEUR",,,Plein jour,En agglomération,Intersection en X,Normale,Autre collision,,,,,,,,,,,1,2,2,1,6
200600048291,0006-08-30 07:55:00,6,8,30,7,55,440,109,LADMIRAULT (PL),,,Plein jour,En agglomération,Hors intersection,Normale,Deux véhicules - côté,,,,,,,,,,,1,2,1,1,3
200600048292,0006-08-24 15:20:00,6,8,24,15,20,440,162,"1, PLACE OCEANE",,,Plein jour,En agglomération,Hors intersection,Normale,Autre collision,,,,,,,,,,,1,2,1,1,6
200600048293,0006-08-30 22:45:00,6,8,30,22,45,440,109,PONT DE PIRMIL,,,Nuit avec éclairage allumé,En agglomération,Hors intersection,Normale,Autre collision,,,,,,,,,,,5,2,1,1,6
200600048294,0006-08-31 07:45:00,6,8,31,7,45,440,109,"113, BOULEVARD DE LONGCH",,,Plein jour,En agglomération,Hors intersection,Normale,Deux véhicules - arrière,,,,,,,,,,,1,2,1,1,2
200600048295,0006-08-14 00:01:00,6,8,14,0,1,440,109,"10, BOULEVARD DE LA PRAI",,,Nuit avec éclairage allumé,En agglomération,Hors intersection,Normale,Autre collision,,,,,,,,,,,5,2,1,1,6
200600048296,0006-08-04 12:10:00,6,8,4,12,10,440,184,"42, GUTENBERG (RUE JEAN)",,,Plein jour,En agglomération,Hors intersection,Normale,Deux véhicules - côté,,,,,,,,,,,1,2,1,1,3
200600048297,0006-08-04 16:30:00,6,8,4,16,30,440,184,"126, CARDURAND (RUE DE)",,,Plein jour,En agglomération,Intersection en T,Normale,Deux véhicules - frontale,,,,,,,,,,,1,2,3,1,1
200600048298,0006-08-04 20:10:00,6,8,4,20,10,440,184,"3, GAMBETTA (BOULEVARD L",,,Plein jour,En agglomération,Intersection en X,Normale,Sans collision,,,,,,,,,,,1,2,2,1,7
200600048299,0006-08-08 14:25:00,6,8,8,14,25,440,184,"52, HÔPITAL (BOULEVARD D",,,Plein jour,En agglomération,Intersection en X,Normale,Deux véhicules - frontale,,,,,,,,,,,1,2,2,1,1
200600048300,0006-08-08 14:45:00,6,8,8,14,45,440,184,RD 213,,,Plein jour,Hors agglomération,Hors intersection,Normale,Sans collision,,,,,,,,,,,1,1,1,1,7
200600048301,0006-08-08 22:00:00,6,8,8,22,0,440,184,RN 171 ( PONT DE L'ÉTANG,,,Crépuscule ou aube,Hors agglomération,Hors intersection,Normale,Sans collision,,,,,,,,,,,2,1,1,1,7
200600048302,0006-08-04 14:40:00,6,8,4,14,40,440,184,"101, RÉPUBLIQUE (AVENUE",,,Plein jour,En agglomération,Hors intersection,Normale,Deux véhicules - arrière,,,,,,,,,,,1,2,1,1,2
200600048303,0006-08-11 18:55:00,6,8,11,18,55,440,184,"150, BROODCOORENS (RUE)",,,Plein jour,En agglomération,Intersection en T,Normale,Deux véhicules - arrière,,,,,,,,,,,1,2,3,1,2
200600048304,0006-08-11 17:05:00,6,8,11,17,5,440,184,ALBERT I (BOULEVARD) DU,,,Plein jour,En agglomération,Hors intersection,Normale,Sans collision,,,,,,,,,,,1,2,1,1,7
200600048305,0006-08-11 17:55:00,6,8,11,17,55,440,184,BARBUSSE (RUE HENRI),,,Plein jour,En agglomération,Intersection en X,Normale,Deux véhicules - côté,,,,,,,,,,,1,2,2,1,3
200600048306,0006-08-12 10:03:00,6,8,12,10,3,440,184,"80, CÔTE D'AMOUR (RTE DE",,,Plein jour,En agglomération,Hors intersection,Normale,Autre collision,,,,,,,,,,,1,2,1,1,6
200600048307,0006-08-18 11:22:00,6,8,18,11,22,440,184,LECHAT (RUE AUGUSTE BAPT,,,Plein jour,En agglomération,Hors intersection,Normale,Deux véhicules - côté,,,,,,,,,,,1,2,1,1,3
200600048308,0006-08-18 11:30:00,6,8,18,11,30,440,184,"83, MUN (RUE ALBERT DE)",,,Plein jour,En agglomération,Hors intersection,Normale,Sans collision,,,,,,,,,,,1,2,1,1,7
200600048309,0006-08-18 11:45:00,6,8,18,11,45,440,184,LAGRANGE (AVENUE LÉO),,,Plein jour,En agglomération,Hors intersection,Normale,Deux véhicules - côté,,,,,,,,,,,1,2,1,1,3
200600048310,0006-08-27 19:45:00,6,8,27,19,45,440,184,CÔTE D'AMOUR (RTE DE LA),,,Plein jour,En agglomération,Hors intersection,Normale,Sans collision,,,,,,,,,,,1,2,1,1,7
200600048311,0006-08-28 10:45:00,6,8,28,10,45,440,184,"06, FORT DE L'EVE (ROUTE",,,Plein jour,En agglomération,Hors intersection,Pluie forte,Deux véhicules - côté,,,,,,,,,,,1,2,1,3,3
200600048312,0006-08-01 03:30:00,6,8,1,3,30,450,147,"24, LAMARTINE (RUE)",,,Nuit avec éclairage allumé,En agglomération,Hors intersection,Pluie légère,Autre collision,,,,,,,,,,,5,2,1,2,6
200600048313,0006-08-04 22:15:00,6,8,4,22,15,450,75,CHAINGY (ROUTE DE CHAING,,,Nuit avec éclairage allumé,Hors agglomération,Hors intersection,Normale,Autre collision,,,,,,,,,,,5,1,1,1,6
200600048314,0006-08-06 19:25:00,6,8,6,19,25,450,169,NATIONALE (ROUTE ),,,Plein jour,En agglomération,Intersection en X,Normale,Deux véhicules - côté,,,,,,,,,,,1,2,2,1,3
200600048315,0006-08-10 15:50:00,6,8,10,15,50,450,284,"09, MAIRIE (RUE DE LA)",,,Plein jour,En agglomération,Intersection en T,Normale,Deux véhicules - côté,,,,,,,,,,,1,2,3,1,3
200600048316,0006-08-12 01:10:00,6,8,12,1,10,450,147,LAMBALLE (BOULEVARD DE L,,,Nuit avec éclairage allumé,Hors agglomération,Giratoire,Pluie légère,Autre collision,,,,,,,,,,,5,1,6,2,6
200600048317,0006-08-12 23:40:00,6,8,12,23,40,450,234,"47, SAINT JEAN (FAUBOURG",,,Nuit avec éclairage allumé,En agglomération,Intersection en X,Normale,Deux véhicules - côté,,,,,,,,,,,5,2,2,1,3
200600048318,0006-08-17 18:15:00,6,8,17,18,15,450,298,"253, HAUTES LEVEES (RUE",,,Plein jour,En agglomération,Hors intersection,Pluie forte,Sans collision,,,,,,,,,,,1,2,1,3,7
200600048319,0006-08-17 16:15:00,6,8,17,16,15,450,234,FAUBOURG BANNIER (RUE DU,,,Plein jour,En agglomération,Intersection en X,Normale,Deux véhicules - côté,,,,,,,,,,,1,2,2,1,3
200600048320,0006-08-21 11:00:00,6,8,21,11,0,450,234,VIGNAT (RUE EUGENE),,,Plein jour,En agglomération,Intersection en T,Normale,Deux véhicules - arrière,,,,,,,,,,,1,2,3,1,2
200600048321,0006-08-21 11:20:00,6,8,21,11,20,450,234,"135, DROITS DE L'HOMME (",,,Plein jour,En agglomération,Intersection à plus de 4 branches,Normale,Deux véhicules - côté,,,,,,,,,,,1,2,5,1,3
200600048322,0006-08-22 18:42:00,6,8,22,18,42,450,285,MENDES FRANCE (AVENUE PI,,,Plein jour,En agglomération,Hors intersection,Normale,Autre collision,,,,,,,,,,,1,2,1,1,6
200600048323,0006-08-23 07:50:00,6,8,23,7,50,450,302,"327, ROUTE NATIONALE 20",,,Plein jour,Hors agglomération,Hors intersection,Normale,Deux véhicules - arrière,,,,,,,,,,,1,1,1,1,2
200600048324,0006-08-23 19:15:00,6,8,23,19,15,450,147,"169, BERTHELOT (RUE MARC",,,Plein jour,En agglomération,Intersection en X,Normale,Deux véhicules - côté,,,,,,,,,,,1,2,2,1,3
200600048325,0006-08-23 07:56:00,6,8,23,7,56,450,147,"163, CHANTEAU (ROUTE DE",,,Plein jour,Hors agglomération,Hors intersection,Normale,Autre collision,,,,,,,,,,,1,1,1,1,6
200600048326,0006-08-23 19:45:00,6,8,23,19,45,450,234,GEORGE V (PONT),,,Plein jour,En agglomération,Hors intersection,Normale,Deux véhicules - arrière,,,,,,,,,,,1,2,1,1,2
200600048327,0006-08-24 12:50:00,6,8,24,12,50,450,302,"414, BARBINS (RUE DES)",,,Plein jour,En agglomération,Autre intersection,Normale,Deux véhicules - côté,,,,,,,,,,,1,2,9,1,3
200600048328,0006-08-25 08:55:00,6,8,25,8,55,450,284,RN152,,,Plein jour,Hors agglomération,Hors intersection,Normale,Deux véhicules - frontale,,,,,,,,,,,1,1,1,1,1
200600048329,0006-08-28 22:20:00,6,8,28,22,20,450,285,"28, MENDES FRANCE (AVENU",,,Nuit avec éclairage allumé,En agglomération,Intersection en T,Normale,Deux véhicules - côté,,,,,,,,,,,5,2,3,1,3
200600048330,0006-08-29 09:33:00,6,8,29,9,33,450,75,"09, CHAINGY (ROUTE DE CH",,,Plein jour,En agglomération,Intersection en T,Pluie légère,Deux véhicules - côté,,,,,,,,,,,1,2,3,2,3
200600048331,0006-08-29 12:10:00,6,8,29,12,10,450,234,"19, LIBERATION (AVENUE D",,,Plein jour,En agglomération,Hors intersection,Pluie légère,Deux véhicules - côté,,,,,,,,,,,1,2,1,2,3
200600048332,0006-08-29 13:50:00,6,8,29,13,50,450,285,"65, MADELEINE (RUE DE LA",,,Plein jour,En agglomération,Intersection en T,Pluie légère,Sans collision,,,,,,,,,,,1,2,3,2,7
200600048333,0006-08-29 12:40:00,6,8,29,12,40,450,284,"01, JEAN (AVENUE DU CAPI",,,Plein jour,En agglomération,Intersection en X,Pluie légère,Deux véhicules - côté,,,,,,,,,,,1,2,2,2,3
200600048334,0006-08-29 21:10:00,6,8,29,21,10,450,147,"129, FORET (RUE DE LA FO",,,Nuit avec éclairage allumé,En agglomération,Hors intersection,Pluie légère,Deux véhicules - côté,,,,,,,,,,,5,2,1,2,3
200600048335,0006-08-28 13:50:00,6,8,28,13,50,450,169,"16, LAVOISIER (RUE)",,,Plein jour,Hors agglomération,Hors intersection,Normale,Deux véhicules - frontale,,,,,,,,,,,1,1,1,1,1
200600048336,0006-08-30 19:00:00,6,8,30,19,0,450,234,"127, FAUBOURG BANNIER (R",,,Plein jour,En agglomération,Hors intersection,Normale,Deux véhicules - côté,,,,,,,,,,,1,2,1,1,3
200600048337,0006-08-30 20:40:00,6,8,30,20,40,450,232,SOLOGNE (AVENUE DE),,,Crépuscule ou aube,En agglomération,Hors intersection,Normale,Sans collision,,,,,,,,,,,2,2,1,1,7
200600048338,0006-08-31 07:15:00,6,8,31,7,15,450,234,ZAY (AVENUE JEAN ZAY),,,Crépuscule ou aube,En agglomération,Hors intersection,Normale,Deux véhicules - frontale,,,,,,,,,,,2,2,1,1,1
200600048339,0006-08-11 22:15:00,6,8,11,22,15,460,156,DEPARTEMENTALE 653 (ENTR,,,Nuit avec éclairage allumé,Hors agglomération,Hors intersection,Normale,Deux véhicules - arrière,,,,,,,,,,,5,1,1,1,2
200600048340,0006-08-17 20:50:00,6,8,17,20,50,460,42,BASTIE (AVENUE MARYSE),,,Crépuscule ou aube,En agglomération,Hors intersection,Normale,Autre collision,,,,,,,,,,,2,2,1,1,6
200600048341,0006-08-02 17:32:00,6,8,2,17,32,470,1,CALABET (QUAI DU DOCTEUR,,,Plein jour,En agglomération,Intersection en T,Normale,Deux véhicules - côté,,,,,,,,,,,1,2,3,1,3
200600048342,0006-08-06 13:39:00,6,8,6,13,39,470,1,LACOUR (BD EDOUARD),,,Plein jour,En agglomération,Intersection en X,Pluie légère,Deux véhicules - côté,,,,,,,,,,,1,2,2,2,3
200600048343,0006-08-08 00:45:00,6,8,8,0,45,470,1,BLUM (AV. LEON),,,Nuit avec éclairage allumé,En agglomération,Hors intersection,Normale,Deux véhicules - frontale,,,,,,,,,,,5,2,1,1,1
200600048344,0006-08-19 17:17:00,6,8,19,17,17,470,1,"23, REPUBLIQUE (BOULEVAR",,,Plein jour,En agglomération,Hors intersection,Normale,Autre collision,,,,,,,,,,,1,2,1,1,6
200600048345,0006-08-02 17:15:00,6,8,2,17,15,480,95,PONT ROUPT (AVENUE DU),,,Plein jour,En agglomération,Intersection en T,Normale,Deux véhicules - frontale,,,,,,,,,,,1,2,3,1,1
200600048346,0006-08-12 11:05:00,6,8,12,11,5,480,95,"27, GORGES DU TARN (AVEN",,,Plein jour,En agglomération,Hors intersection,Normale,Deux véhicules - côté,,,,,,,,,,,1,2,1,1,3
200600048347,0006-08-24 20:40:00,6,8,24,20,40,480,95,RD 806,44.32,3.45699,Plein jour,Hors agglomération,Hors intersection,Normale,Autre collision,,,,,,,,,,,1,1,1,1,6
200600048348,0006-08-01 06:46:00,6,8,1,6,46,490,15,"0, LURCAT AVENUE JEAN",,,Crépuscule ou aube,En agglomération,Hors intersection,Normale,Sans collision,,,,,,,,,,,2,2,1,1,7
200600048349,0006-08-01 18:17:00,6,8,1,18,17,490,7,"0, SEURAT",,,Plein jour,En agglomération,Giratoire,Normale,Deux véhicules - côté,,,,,,,,,,,1,2,6,1,3
200600048350,0006-08-02 19:35:00,6,8,2,19,35,490,7,"0, HAUTE DES BANCHAIS",,,Plein jour,En agglomération,Hors intersection,Normale,Sans collision,,,,,,,,,,,1,2,1,1,7
200600048351,0006-08-03 13:41:00,6,8,3,13,41,490,7,"3, ORGEMONT",,,Plein jour,En agglomération,Intersection à plus de 4 branches,Normale,Deux véhicules - côté,,,,,,,,,,,1,2,5,1,3
200600048352,0006-08-04 15:02:00,6,8,4,15,2,490,7,"0, BANCHAIS PASSAGE ET R",,,Plein jour,En agglomération,Hors intersection,Normale,Autre collision,,,,,,,,,,,1,2,1,1,6
200600048353,0006-08-05 14:38:00,6,8,5,14,38,490,7,"0, CHAPEAU DE GENDARME",,,Plein jour,En agglomération,Intersection en X,Normale,Deux véhicules - côté,,,,,,,,,,,1,2,2,1,3
200600048354,0006-08-06 11:24:00,6,8,6,11,24,490,15,"0, DE GAULLE AVENUE DU G",,,Plein jour,En agglomération,Hors intersection,Normale,Deux véhicules - arrière,,,,,,,,,,,1,2,1,1,2
200600048355,0006-08-08 12:11:00,6,8,8,12,11,490,7,"0, JEAN XXIII AVENUE",,,Plein jour,En agglomération,Intersection en T,Normale,Deux véhicules - côté,,,,,,,,,,,1,2,3,1,3
200600048356,0006-08-09 12:12:00,6,8,9,12,12,490,246,"0, SAINT JEAN DE LA CROI",,,Plein jour,En agglomération,Hors intersection,Normale,Sans collision,,,,,,,,,,,1,2,1,1,7
200600048357,0006-08-09 12:58:00,6,8,9,12,58,490,7,CANTENAY EPINARD ROUTE,,,Plein jour,En agglomération,Intersection en X,Normale,Deux véhicules - côté,,,,,,,,,,,1,2,2,1,3
200600048358,0006-08-10 07:23:00,6,8,10,7,23,490,7,"32, PAPIN",,,Plein jour,En agglomération,Hors intersection,Normale,Sans collision,,,,,,,,,,,1,2,1,1,7
200600048359,0006-08-13 05:15:00,6,8,13,5,15,490,7,"0, BANCHAIS PASSAGE ET R",,,Nuit avec éclairage allumé,En agglomération,Hors intersection,Normale,Autre collision,,,,,,,,,,,5,2,1,1,6
200600048360,0006-08-12 20:55:00,6,8,12,20,55,490,7,"42, BRIOLLAY ROUTE",,,Plein jour,En agglomération,Hors intersection,Normale,Autre collision,,,,,,,,,,,1,2,1,1,6
200600048361,0006-08-14 15:49:00,6,8,14,15,49,490,7,"0, BEDIER BOULEVARD",,,Plein jour,En agglomération,Hors intersection,Normale,Sans collision,,,,,,,,,,,1,2,1,1,7
200600048362,0006-08-18 08:17:00,6,8,18,8,17,490,353,"0, PERREYEUX",,,Plein jour,En agglomération,Giratoire,Normale,Deux véhicules - côté,,,,,,,,,,,1,2,6,1,3
200600048363,0006-08-18 12:08:00,6,8,18,12,8,490,7,"0, DE LATTRE DE TASSIGNY",,,Plein jour,En agglomération,Hors intersection,Normale,Sans collision,,,,,,,,,,,1,2,1,1,7
200600048364,0006-08-21 09:12:00,6,8,21,9,12,490,7,", GAULLE BOULEVARD CHARL",,,Plein jour,En agglomération,Hors intersection,Pluie légère,Deux véhicules - arrière,,,,,,,,,,,1,2,1,2,2
200600048365,0006-08-24 13:42:00,6,8,24,13,42,490,7,"58, ROI RENE BOULEVARD",,,Plein jour,En agglomération,Hors intersection,Normale,Deux véhicules - arrière,,,,,,,,,,,1,2,1,1,2
200600048366,0006-08-24 17:19:00,6,8,24,17,19,490,353,", PERREYEUX",,,Plein jour,En agglomération,Giratoire,Normale,Sans collision,,,,,,,,,,,1,2,6,1,7
200600048367,0006-08-27 04:49:00,6,8,27,4,49,490,7,"43, BIRGE BOULEVARD",,,Nuit avec éclairage allumé,En agglomération,Hors intersection,Normale,Autre collision,,,,,,,,,,,5,2,1,1,6
200600048368,0006-08-30 08:45:00,6,8,30,8,45,490,7,BEDIER BOULEVARD,,,Plein jour,En agglomération,Intersection en T,Normale,Deux véhicules - côté,,,,,,,,,,,1,2,3,1,3
200600048369,0006-08-31 17:15:00,6,8,31,17,15,490,7,"00, LAC DE MAINE AVENUE",,,Plein jour,En agglomération,Hors intersection,Normale,Deux véhicules - arrière,,,,,,,,,,,1,2,1,1,2
200600048370,0006-08-01 11:48:00,6,8,1,11,48,490,99,"43, DELHUMEAU PLESSIS (B",,,Plein jour,En agglomération,Hors intersection,Normale,Deux véhicules - arrière,,,,,,,,,,,1,2,1,1,2
200600048371,0006-08-15 09:35:00,6,8,15,9,35,490,99,KOENIG (AVENUE DU MARECH,,,Plein jour,En agglomération,Hors intersection,Normale,Autre collision,,,,,,,,,,,1,2,1,1,6
200600048372,0006-08-02 15:30:00,6,8,2,15,30,490,328,"34, PONT FOUCHARD (RUE D",,,Plein jour,En agglomération,Hors intersection,Pluie légère,Sans collision,,,,,,,,,,,1,2,1,2,7
200600048373,0006-08-15 11:15:00,6,8,15,11,15,490,328,"sans, CHEVRE (RUE)",,,Plein jour,En agglomération,Hors intersection,Normale,Autre collision,,,,,,,,,,,1,2,1,1,6
200600048374,0006-08-02 17:50:00,6,8,2,17,50,500,173,"0, ARAGO (RUE)",,,Plein jour,En agglomération,Hors intersection,Normale,Deux véhicules - frontale,,,,,,,,,,,1,2,1,1,1
200600048375,0006-08-04 15:45:00,6,8,4,15,45,500,602,"00, CAPLAIN (RUE DU)",,,Plein jour,En agglomération,Intersection en X,Normale,Deux véhicules - côté,,,,,,,,,,,1,2,2,1,3
200600048376,0006-08-10 01:40:00,6,8,10,1,40,500,416,"44, AMFREVILLE (RUE D')",,,Nuit avec éclairage allumé,En agglomération,Intersection en T,Normale,Sans collision,,,,,,,,,,,5,2,3,1,7
200600048377,0006-08-14 19:15:00,6,8,14,19,15,500,129,"00, MILLET (AVENUE JEAN-",,,Plein jour,En agglomération,Hors intersection,Normale,Sans collision,,,,,,,,,,,1,2,1,1,7
200600048378,0006-08-14 19:45:00,6,8,14,19,45,500,173,"00, SEMBAT (RUE MARCEL)",,,Plein jour,En agglomération,Intersection en X,Normale,Deux véhicules - côté,,,,,,,,,,,1,2,2,1,3
200600048379,0006-08-18 14:35:00,6,8,18,14,35,500,203,"00, de la Banque à Genet",,,Plein jour,Hors agglomération,Hors intersection,Normale,Sans collision,,,,,,,,,,,1,1,1,1,7
200600048380,0006-08-21 19:25:00,6,8,21,19,25,500,129,"70, CARNOT (RUE SADI)",,,Plein jour,En agglomération,Hors intersection,Normale,Autre collision,,,,,,,,,,,1,2,1,1,6
200600048381,0006-08-19 16:04:00,6,8,19,16,4,500,129,"25, VAL DE SAIRE (RUE DU",,,Plein jour,En agglomération,Hors intersection,Normale,Trois véhicules et plus - en chaîne,,,,,,,,,,,1,2,1,1,4
200600048382,0006-08-21 16:00:00,6,8,21,16,0,500,203,"00, MARETTES (LES)",,,Plein jour,Hors agglomération,Giratoire,Temps couvert,Sans collision,,,,,,,,,,,1,1,6,8,7
200600048383,0006-08-22 11:55:00,6,8,22,11,55,500,602,"00, COTENTIN (BOULEVARD",,,Plein jour,En agglomération,Intersection en Y,Normale,Deux véhicules - arrière,,,,,,,,,,,1,2,4,1,2
200600048384,0006-08-23 11:25:00,6,8,23,11,25,500,203,"00, CHASSE DE QUINCAMPOI",,,Plein jour,Hors agglomération,Hors intersection,Pluie légère,Sans collision,,,,,,,,,,,1,1,1,2,7
200600048385,0006-08-25 16:40:00,6,8,25,16,40,500,602,"00, NOE (CHEMIN DE LA)",,,Plein jour,En agglomération,Hors intersection,Normale,Sans collision,,,,,,,,,,,1,2,1,1,7
200600048386,0006-08-26 05:15:00,6,8,26,5,15,500,129,"02, VAL DE SAIRE (RUE DU",,,Nuit avec éclairage allumé,En agglomération,Intersection en X,Normale,Deux véhicules - arrière,,,,,,,,,,,5,2,2,1,2
200600048387,0006-08-04 23:35:00,6,8,4,23,35,500,147,"16, ECLUSE CHETTE",,,Nuit avec éclairage allumé,En agglomération,Hors intersection,Normale,Deux véhicules - arrière,,,,,,,,,,,5,2,1,1,2
200600048388,0006-08-01 17:15:00,6,8,1,17,15,500,218,"111bis, COURAYE (RUE)",,,Plein jour,En agglomération,Hors intersection,Normale,Autre collision,,,,,,,,,,,1,2,1,1,6
200600048389,0006-08-01 18:00:00,6,8,1,18,0,500,532,"1, CORNICHE(ROUTE)",,,Plein jour,En agglomération,Intersection en T,Temps couvert,Sans collision,,,,,,,,,,,1,2,3,8,7
200600048390,0006-08-06 16:05:00,6,8,6,16,5,500,532,"NEANT, TOMBELAINE (RUE)",,,Plein jour,En agglomération,Hors intersection,Normale,Deux véhicules - frontale,,,,,,,,,,,1,2,1,1,1
200600048391,0006-08-06 17:37:00,6,8,6,17,37,500,532,"néant, CHESNAY (ROUTE DU",,,Plein jour,Hors agglomération,Intersection en X,Normale,Deux véhicules - côté,,,,,,,,,,,1,1,2,1,3
200600048392,0006-08-11 12:10:00,6,8,11,12,10,510,504,"1, ARON (ESP RAYMOND)",,,Plein jour,En agglomération,Hors intersection,Temps couvert,Deux véhicules - côté,,,,,,,,,,,1,2,1,8,3
200600048393,0006-08-15 17:10:00,6,8,15,17,10,510,525,"23, GRANDE RUE",,,Plein jour,En agglomération,Hors intersection,Normale,Autre collision,,,,,,,,,,,1,2,1,1,6
200600048394,0006-08-26 06:10:00,6,8,26,6,10,510,108,"5, CARNOT (RUE)",,,Crépuscule ou aube,En agglomération,Hors intersection,Normale,Autre collision,,,,,,,,,,,2,2,1,1,6
200600048395,0006-08-01 05:10:00,6,8,1,5,10,510,344,CUMIERES (ALLEE DE),,,Nuit sans éclairage public,Hors agglomération,Hors intersection,Temps couvert,Autre collision,,,,,,,,,,,3,1,1,8,6
200600048396,0006-08-29 18:15:00,6,8,29,18,15,510,230,"2, SAINT-REMI (RUE)",,,Plein jour,En agglomération,Hors intersection,Normale,Autre collision,,,,,,,,,,,1,2,1,1,6
200600048397,0006-08-02 18:20:00,6,8,2,18,20,510,454,VASNIER (BOULEVARD HENRI,,,Plein jour,En agglomération,Intersection en X,Normale,Deux véhicules - côté,,,,,,,,,,,1,2,2,1,3