accident_id,datetime,annee,mois,jour,heure,minute,departement,commune_insee,adresse,latitude,longitude,luminosite,agglomeration,intersection,meteo,collision,nb_vehicules,nb_usagers,nb_indemnes,nb_tues,nb_blesses_hosp,nb_blesses_legers,age_cond_1,age_cond_2,veh_type_cond_1,veh_type_cond_2,lum_code,agg_code,int_code,atm_code,col_code
200600048530,0006-08-11 16:15:00,6,8,11,16,15,570,463,"12, MANGIN (RUE )",,,Plein jour,En agglomération,Hors intersection,Normale,Autre collision,,,,,,,,,,,1,2,1,1,6
200600048531,0006-08-12 22:05:00,6,8,12,22,5,570,463,"0, TREVES (BOULEVARD DE",,,Nuit avec éclairage allumé,En agglomération,Intersection en T,Normale,Deux véhicules - arrière,,,,,,,,,,,5,2,3,1,2
200600048532,0006-08-16 15:50:00,6,8,16,15,50,570,463,"0, PRESIDENT J.F. KENNED",,,Plein jour,En agglomération,Autre intersection,Normale,Deux véhicules - arrière,,,,,,,,,,,1,2,9,1,2
200600048533,0006-08-17 08:00:00,6,8,17,8,0,570,463,PONT COURBE,,,Plein jour,Hors agglomération,Hors intersection,Normale,Sans collision,,,,,,,,,,,1,1,1,1,7
200600048534,0006-08-17 18:30:00,6,8,17,18,30,570,463,"0, STRASBOURG (AVENUE DE",,,Plein jour,En agglomération,Hors intersection,Pluie légère,Deux véhicules - arrière,,,,,,,,,,,1,2,1,2,2
200600048535,0006-08-18 10:25:00,6,8,18,10,25,570,447,"000, ZAC BELLE FONTAINE",,,Plein jour,Hors agglomération,Hors intersection,Normale,Deux véhicules - côté,,,,,,,,,,,1,1,1,1,3
200600048536,0006-08-18 14:10:00,6,8,18,14,10,570,463,"85, TIVOLI (RUE DE )",,,Plein jour,En agglomération,Hors intersection,Normale,Deux véhicules - arrière,,,,,,,,,,,1,2,1,1,2
200600048537,0006-08-22 19:00:00,6,8,22,19,0,570,463,"11, BELLE ISLE (RUE )",,,Plein jour,En agglomération,Hors intersection,Normale,Deux véhicules - arrière,,,,,,,,,,,1,2,1,1,2
200600048538,0006-08-22 19:00:00,6,8,22,19,0,570,487,"8, JOUY (ROUTE DE )",,,Plein jour,En agglomération,Hors intersection,Normale,Deux véhicules - côté,,,,,,,,,,,1,2,1,1,3
200600048539,0006-08-24 07:15:00,6,8,24,7,15,570,463,LOTHAIRE (RUE ),,,Crépuscule ou aube,En agglomération,Intersection en X,Pluie légère,Deux véhicules - côté,,,,,,,,,,,2,2,2,2,3
200600048540,0006-08-24 20:55:00,6,8,24,20,55,570,463,JULES LAGNEAU (RUE ),,,Nuit avec éclairage allumé,En agglomération,Intersection en X,Normale,Deux véhicules - côté,,,,,,,,,,,5,2,2,1,3
200600048541,0006-08-25 16:30:00,6,8,25,16,30,570,463,"0, SOLIDARITE (BOULEVARD",,,Plein jour,Hors agglomération,Hors intersection,Normale,Deux véhicules - côté,,,,,,,,,,,1,1,1,1,3
200600048542,0006-08-26 02:40:00,6,8,26,2,40,570,447,"0, ZAC BELLE FONTAINE",,,Nuit avec éclairage allumé,En agglomération,Hors intersection,Normale,Autre collision,,,,,,,,,,,5,2,1,1,6
200600048543,0006-08-26 23:00:00,6,8,26,23,0,570,487,"33, JOUY (ROUTE DE )",,,Nuit avec éclairage allumé,En agglomération,Hors intersection,Pluie légère,Autre collision,,,,,,,,,,,5,2,1,2,6
200600048544,0006-08-31 17:50:00,6,8,31,17,50,570,463,"229, ANDRE MALRAUX (AVEN",,,Plein jour,En agglomération,Intersection en T,Normale,Deux véhicules - côté,,,,,,,,,,,1,2,3,1,3
200600048545,0006-08-11 22:35:00,6,8,11,22,35,570,336,"1, SAINT-AVOLD (RUE DE)",,,Nuit avec éclairage allumé,En agglomération,Intersection en T,Normale,Autre collision,,,,,,,,,,,5,2,3,1,6
200600048546,0006-08-03 20:00:00,6,8,3,20,0,570,630,BELLEVUE (DE),,,Nuit avec éclairage non allumé,En agglomération,Hors intersection,Normale,Deux véhicules - côté,,,,,,,,,,,4,2,1,1,3
200600048547,0006-08-14 15:10:00,6,8,14,15,10,570,630,PARKING CENTRE LECLERC,,,Plein jour,En agglomération,Intersection en X,Normale,Autre collision,,,,,,,,,,,1,2,2,1,6
200600048548,0006-08-05 19:05:00,6,8,5,19,5,570,672,"1, AGRICULTURE (RUE DE L",,,Plein jour,En agglomération,Hors intersection,Normale,Autre collision,,,,,,,,,,,1,2,1,1,6
200600048549,0006-08-04 16:45:00,6,8,4,16,45,570,672,"1, ROMAINS (ROUTE DES)",,,Plein jour,En agglomération,Hors intersection,Normale,Deux véhicules - arrière,,,,,,,,,,,1,2,1,1,2
200600048550,0006-08-04 06:00:00,6,8,4,6,0,570,221,NATIONALE (RUE),,,Crépuscule ou aube,En agglomération,Intersection en X,Normale,Deux véhicules - frontale,,,,,,,,,,,2,2,2,1,1
200600048551,0006-08-12 23:45:00,6,8,12,23,45,570,221,"19, LONGWY (RUE DE)",,,Nuit avec éclairage allumé,En agglomération,Hors intersection,Pluie légère,Deux véhicules - frontale,,,,,,,,,,,5,2,1,2,1
200600048552,0006-08-15 10:25:00,6,8,15,10,25,570,306,GAULLE (RUE DE),,,Plein jour,Hors agglomération,Hors intersection,Pluie légère,Trois véhicules et plus - collisions multiples,,,,,,,,,,,1,1,1,2,5
200600048553,0006-08-16 16:45:00,6,8,16,16,45,570,672,"2, AFRIQUE (CHAUSSEE D')",,,Plein jour,En agglomération,Hors intersection,Normale,Trois véhicules et plus - en chaîne,,,,,,,,,,,1,2,1,1,4
200600048554,0006-08-17 10:20:00,6,8,17,10,20,570,757,"63, PEPINIERE (RUE DE LA",,,Plein jour,En agglomération,Hors intersection,Temps couvert,Autre collision,,,,,,,,,,,1,2,1,8,6
200600048555,0006-08-20 00:40:00,6,8,20,0,40,570,221,RN 53,,,Nuit avec éclairage allumé,Hors agglomération,Hors intersection,Normale,Sans collision,,,,,,,,,,,5,1,1,1,7
200600048556,0006-08-21 11:35:00,6,8,21,11,35,570,672,"12, VAL MARIE (BOUCLE DU",,,Plein jour,En agglomération,Hors intersection,Normale,Deux véhicules - côté,,,,,,,,,,,1,2,1,1,3
200600048557,0006-08-21 10:15:00,6,8,21,10,15,570,672,"26, ALBERT 1ER (AVENUE)",,,Plein jour,En agglomération,Hors intersection,Normale,Autre collision,,,,,,,,,,,1,2,1,1,6
200600048558,0006-08-22 10:45:00,6,8,22,10,45,570,672,"1, LAZARE HOCHE (RUE)",,,Plein jour,En agglomération,Hors intersection,Normale,Deux véhicules - côté,,,,,,,,,,,1,2,1,1,3
200600048559,0006-08-26 12:18:00,6,8,26,12,18,570,672,SAINT-MICHEL (MONTEE DU),,,Plein jour,Hors agglomération,Hors intersection,Temps couvert,Autre collision,,,,,,,,,,,1,1,1,8,6
200600048560,0006-08-25 16:20:00,6,8,25,16,20,570,672,SAINT-MICHEL (MONTEE DU),,,Plein jour,Hors agglomération,Hors intersection,Pluie légère,Autre collision,,,,,,,,,,,1,1,1,2,6
200600048561,0006-08-25 22:15:00,6,8,25,22,15,570,672,"1, ALLIES (PONT DES)",,,Nuit avec éclairage allumé,En agglomération,Hors intersection,Normale,Autre collision,,,,,,,,,,,5,2,1,1,6
200600048562,0006-08-23 23:25:00,6,8,23,23,25,570,221,"54, NATIONALE (RUE)",,,Nuit avec éclairage non allumé,En agglomération,Hors intersection,Normale,Deux véhicules - côté,,,,,,,,,,,4,2,1,1,3
200600048563,0006-08-23 16:40:00,6,8,23,16,40,570,221,"1a, METZ (ROUTE DE)",,,Plein jour,Hors agglomération,Hors intersection,Normale,Trois véhicules et plus - en chaîne,,,,,,,,,,,1,1,1,1,4
200600048564,0006-08-25 16:25:00,6,8,25,16,25,570,672,SAINT-MICHEL (MONTEE DU),,,Plein jour,Hors agglomération,Hors intersection,Pluie légère,Autre collision,,,,,,,,,,,1,1,1,2,6
200600048565,0006-08-28 19:00:00,6,8,28,19,0,570,672,EUROPTE (CHAUSSEE D'),,,Plein jour,En agglomération,Hors intersection,Pluie forte,Deux véhicules - côté,,,,,,,,,,,1,2,1,3,3
200600048566,0006-08-31 18:30:00,6,8,31,18,30,570,672,"55, FOCH (BOULEVARD)",,,Plein jour,En agglomération,Intersection en X,Normale,Deux véhicules - côté,,,,,,,,,,,1,2,2,1,3
200600048567,0006-08-31 14:15:00,6,8,31,14,15,570,221,NATIONALE (RUE),,,Plein jour,En agglomération,Intersection en T,Normale,Deux véhicules - côté,,,,,,,,,,,1,2,3,1,3
200600048568,0006-08-07 12:40:00,6,8,7,12,40,580,194,"3, NEUBRANDENBURG (ALLEE",,,Plein jour,En agglomération,Hors intersection,Normale,Autre collision,,,,,,,,,,,1,2,1,1,6
200600048569,0006-08-11 20:30:00,6,8,11,20,30,580,194,GEORGES POMPIDOU (ROND P,,,Plein jour,En agglomération,Hors intersection,Pluie légère,Sans collision,,,,,,,,,,,1,2,1,2,7
200600048570,0006-08-05 19:40:00,6,8,5,19,40,580,194,ROMAIN BARON,,,Plein jour,En agglomération,Giratoire,Normale,Deux véhicules - côté,,,,,,,,,,,1,2,6,1,3
200600048571,0006-08-08 12:05:00,6,8,8,12,5,580,194,BARATTE (FAUBOURG),,,Plein jour,En agglomération,Intersection en X,Normale,Deux véhicules - côté,,,,,,,,,,,1,2,2,1,3
200600048572,0006-08-09 09:25:00,6,8,9,9,25,580,194,COLBERT,,,Plein jour,En agglomération,Hors intersection,Normale,Deux véhicules - arrière,,,,,,,,,,,1,2,1,1,2
200600048573,0006-08-13 05:05:00,6,8,13,5,5,580,194,MARZY,,,Nuit avec éclairage allumé,En agglomération,Intersection en X,Pluie légère,Deux véhicules - côté,,,,,,,,,,,5,2,2,2,3
200600048574,0006-08-13 18:55:00,6,8,13,18,55,580,194,"27, PIERRE HYPOLITE PAIL",,,Plein jour,En agglomération,Hors intersection,Normale,Deux véhicules - frontale,,,,,,,,,,,1,2,1,1,1
200600048575,0006-08-14 08:05:00,6,8,14,8,5,580,194,GENERAL AUGER,,,Plein jour,En agglomération,Hors intersection,Normale,Autre collision,,,,,,,,,,,1,2,1,1,6
200600048576,0006-08-17 22:15:00,6,8,17,22,15,580,194,"7, BARATTE (FAUBOURG)",,,Nuit avec éclairage allumé,En agglomération,Hors intersection,Pluie forte,Deux véhicules - côté,,,,,,,,,,,5,2,1,3,3
200600048577,0006-08-18 12:15:00,6,8,18,12,15,580,194,"NEANT, GRAND PRE DES BOR",,,Plein jour,En agglomération,Giratoire,Normale,Deux véhicules - côté,,,,,,,,,,,1,2,6,1,3
200600048578,0006-08-18 12:16:00,6,8,18,12,16,580,194,"NEANT, MADEMOISELLE BOUR",,,Plein jour,En agglomération,Hors intersection,Normale,Deux véhicules - frontale,,,,,,,,,,,1,2,1,1,1
200600048579,0006-08-26 17:10:00,6,8,26,17,10,580,194,"NEANT, REPUBLIQUE (BOULE",,,Plein jour,En agglomération,Intersection en X,Normale,Deux véhicules - frontale,,,,,,,,,,,1,2,2,1,1
200600048580,0006-08-29 17:00:00,6,8,29,17,0,580,194,"8, CHAUVELLES",,,Plein jour,En agglomération,Intersection en X,Pluie légère,Deux véhicules - côté,,,,,,,,,,,1,2,2,2,3
200600048581,0006-08-17 23:45:00,6,8,17,23,45,590,17,"26, SANGNIER (AVENUE MAR",,,Nuit avec éclairage allumé,En agglomération,Hors intersection,Pluie forte,Autre collision,,,,,,,,,,,5,2,1,3,6
200600048582,0006-08-26 01:05:00,6,8,26,1,5,590,317,"218, BRUNE  (RUE)",,,Nuit sans éclairage public,Hors agglomération,Hors intersection,Normale,Autre collision,,,,,,,,,,,3,1,1,1,6
200600048583,0006-08-25 14:55:00,6,8,25,14,55,590,467,BERLAIMONT (ROUTE DE),,,Plein jour,Hors agglomération,Hors intersection,Normale,Deux véhicules - frontale,,,,,,,,,,,1,1,1,1,1
200600048584,0006-08-09 14:50:00,6,8,9,14,50,590,43,"164, PHARAON DE WINTER (",,,Plein jour,En agglomération,Intersection en T,Normale,Deux véhicules - côté,,,,,,,,,,,1,2,3,1,3
200600048585,0006-08-13 17:40:00,6,8,13,17,40,590,43,"147, MONT NOIR ( ROUTE D",,,Plein jour,Hors agglomération,Hors intersection,Normale,Deux véhicules - arrière,,,,,,,,,,,1,1,1,1,2
200600048586,0006-08-15 16:45:00,6,8,15,16,45,590,361,"543, JAURES (RES. JEAN)",,,Plein jour,En agglomération,Autre intersection,Normale,Deux véhicules - côté,,,,,,,,,,,1,2,9,1,3
200600048587,0006-08-31 22:15:00,6,8,31,22,15,590,292,"22, HUGO (R. VICTOR)",,,Nuit avec éclairage allumé,En agglomération,Hors intersection,Normale,Deux véhicules - frontale,,,,,,,,,,,5,2,1,1,1
200600048588,0006-08-29 13:38:00,6,8,29,13,38,590,172,"0, BRUNET (R. ARTHUR)",,,Plein jour,En agglomération,Intersection en X,Normale,Deux véhicules - côté,,,,,,,,,,,1,2,2,1,3
200600048589,0006-08-30 15:10:00,6,8,30,15,10,590,327,A (ALLEE - CITE DES AGNE,,,Plein jour,Hors agglomération,Intersection en X,Normale,Deux véhicules - frontale,,,,,,,,,,,1,1,2,1,1
200600048590,0006-08-04 18:40:00,6,8,4,18,40,590,155,"110, JAURES JEAN - BOULE",,,Plein jour,En agglomération,Hors intersection,Normale,Autre collision,,,,,,,,,,,1,2,1,1,6
200600048591,0006-08-11 15:20:00,6,8,11,15,20,590,588,"0.000, FURNES - ROUTE NA",,,Plein jour,En agglomération,Hors intersection,Normale,Deux véhicules - frontale,,,,,,,,,,,1,2,1,1,1
200600048592,0006-08-14 21:55:00,6,8,14,21,55,590,540,"0.000, REPUBLIQUE",,,Nuit avec éclairage allumé,En agglomération,Intersection en X,Normale,Deux véhicules - côté,,,,,,,,,,,5,2,2,1,3
200600048593,0006-08-15 18:00:00,6,8,15,18,0,590,271,"0.000, MENDES FRANCE - B",,,Plein jour,En agglomération,Hors intersection,Normale,Deux véhicules - frontale,,,,,,,,,,,1,2,1,1,1
200600048594,0006-08-15 20:15:00,6,8,15,20,15,590,131,"0.000, GENERAL DE GAULLE",,,Plein jour,En agglomération,Intersection en X,Normale,Deux véhicules - côté,,,,,,,,,,,1,2,2,1,3
200600048595,0006-08-17 09:20:00,6,8,17,9,20,590,183,"0.000, ABATTOIR",,,Plein jour,En agglomération,Hors intersection,Pluie légère,Autre collision,,,,,,,,,,,1,2,1,2,6
200600048596,0006-08-24 10:30:00,6,8,24,10,30,590,540,"301, REPUBLIQUE",,,Plein jour,En agglomération,Hors intersection,Normale,Autre collision,,,,,,,,,,,1,2,1,1,6
200600048597,0006-08-27 20:00:00,6,8,27,20,0,590,540,"0.000, CORELLI - BOULEVA",,,Plein jour,En agglomération,Hors intersection,Normale,Deux véhicules - côté,,,,,,,,,,,1,2,1,1,3
200600048598,0006-08-14 01:00:00,6,8,14,1,0,590,295,"45, DE LA CLEF",,,Nuit avec éclairage allumé,En agglomération,Hors intersection,Normale,Autre collision,,,,,,,,,,,5,2,1,1,6
200600048599,0006-08-04 20:35:00,6,8,4,20,35,590,385,"38, DELMOTTE GEORGES (RU",,,Crépuscule ou aube,En agglomération,Hors intersection,Normale,Deux véhicules - frontale,,,,,,,,,,,2,2,1,1,1
200600048600,0006-08-01 00:35:00,6,8,1,0,35,590,378,"121, PERI GABRIEL RUE",,,Nuit avec éclairage allumé,En agglomération,Intersection en X,Temps couvert,Deux véhicules - côté,,,,,,,,,,,5,2,2,8,3
200600048601,0006-08-01 13:15:00,6,8,1,13,15,590,350,"149, FAUBOURG DE DOUAI N",,,Plein jour,En agglomération,Hors intersection,Normale,Autre collision,,,,,,,,,,,1,2,1,1,6
200600048602,0006-08-01 17:00:00,6,8,1,17,0,590,350,"001, BELFORT BOULEVARD D",,,Plein jour,En agglomération,Intersection en X,Normale,Deux véhicules - côté,,,,,,,,,,,1,2,2,1,3
200600048603,0006-08-01 19:00:00,6,8,1,19,0,590,328,"340, DUNKERQUE AVENUE DE",,,Plein jour,En agglomération,Hors intersection,Normale,Autre collision,,,,,,,,,,,1,2,1,1,6
200600048604,0006-08-01 19:40:00,6,8,1,19,40,590,350,"Sans objet, NATIONALE RU",,,Plein jour,En agglomération,Hors intersection,Normale,Autre collision,,,,,,,,,,,1,2,1,1,6
200600048605,0006-08-01 21:50:00,6,8,1,21,50,590,378,"001, MENIN RUE DE",,,Crépuscule ou aube,En agglomération,Intersection en T,Normale,Deux véhicules - côté,,,,,,,,,,,2,2,3,1,3
200600048606,0006-08-02 09:00:00,6,8,2,9,0,590,350,"41, EMMERIN RUE",,,Plein jour,En agglomération,Hors intersection,Normale,Autre collision,,,,,,,,,,,1,2,1,1,6
200600048607,0006-08-03 13:40:00,6,8,3,13,40,590,507,"686, JAURES JEAN AVENUE.",,,Plein jour,En agglomération,Hors intersection,Normale,Autre collision,,,,,,,,,,,1,2,1,1,6
200600048608,0006-08-04 17:10:00,6,8,4,17,10,590,350,GRAND BUT RUE DU,,,Plein jour,En agglomération,Place,Normale,Trois véhicules et plus - en chaîne,,,,,,,,,,,1,2,7,1,4
200600048609,0006-08-05 17:35:00,6,8,5,17,35,590,9,"68, BARATTE GASTON RUE",,,Plein jour,En agglomération,Hors intersection,Normale,Autre collision,,,,,,,,,,,1,2,1,1,6
200600048610,0006-08-05 19:30:00,6,8,5,19,30,590,560,GUISE CHEMIN DE L'ARBRE,,,Plein jour,Hors agglomération,Hors intersection,Normale,Autre collision,,,,,,,,,,,1,1,1,1,6
200600048611,0006-08-09 16:55:00,6,8,9,16,55,590,350,"725, DUNKERQUE AVENUE DE",,,Plein jour,En agglomération,Intersection en T,Normale,Autre collision,,,,,,,,,,,1,2,3,1,6
200600048612,0006-08-10 11:55:00,6,8,10,11,55,590,9,"Sans objet, APPERT NICOL",,,Plein jour,En agglomération,Hors intersection,Normale,Autre collision,,,,,,,,,,,1,2,1,1,6
200600048613,0006-08-10 10:25:00,6,8,10,10,25,590,350,"00, ARC RUE JEANNE D",,,Plein jour,En agglomération,Intersection en X,Normale,Autre collision,,,,,,,,,,,1,2,2,1,6
200600048614,0006-08-10 17:55:00,6,8,10,17,55,590,378,"001, MENIN RUE DE",,,Plein jour,En agglomération,Hors intersection,Pluie forte,Trois véhicules et plus - en chaîne,,,,,,,,,,,1,2,1,3,4
200600048615,0006-08-10 22:00:00,6,8,10,22,0,590,368,"143, REPUBLIQUE AVENUE D",,,Nuit avec éclairage allumé,En agglomération,Hors intersection,Pluie légère,Autre collision,,,,,,,,,,,5,2,1,2,6
200600048616,0006-08-12 18:50:00,6,8,12,18,50,590,507,"688, JAURES JEAN AVENUE.",,,Plein jour,En agglomération,Hors intersection,Pluie forte,Autre collision,,,,,,,,,,,1,2,1,3,6
200600048617,0006-08-13 21:50:00,6,8,13,21,50,590,350,JOUHAUX LEON AVENUE N°,,,Nuit avec éclairage allumé,En agglomération,Hors intersection,Normale,Sans collision,,,,,,,,,,,5,2,1,1,7
200600048618,0006-08-14 18:20:00,6,8,14,18,20,590,350,"N 63, TURENNE RUE",,,Plein jour,En agglomération,Hors intersection,Pluie légère,Autre collision,,,,,,,,,,,1,2,1,2,6
200600048619,0006-08-15 15:50:00,6,8,15,15,50,590,350,"333, DUNKERQUE AVENUE DE",,,Plein jour,En agglomération,Hors intersection,Normale,Autre collision,,,,,,,,,,,1,2,1,1,6
200600048620,0006-08-16 12:50:00,6,8,16,12,50,590,350,"7, DELORY GUSTAVE RUE",,,Plein jour,En agglomération,Hors intersection,Normale,Autre collision,,,,,,,,,,,1,2,1,1,6
200600048621,0006-08-17 18:45:00,6,8,17,18,45,590,9,CANTELEU AVENUE DE,,,Plein jour,En agglomération,Intersection en X,Normale,Deux véhicules - côté,,,,,,,,,,,1,2,2,1,3
200600048622,0006-08-18 00:30:00,6,8,18,0,30,590,350,"Sans objet, MOSELLE BOUL",,,Nuit avec éclairage allumé,En agglomération,Hors intersection,Pluie forte,Autre collision,,,,,,,,,,,5,2,1,3,6
200600048623,0006-08-19 19:05:00,6,8,19,19,5,590,9,"Sans objet, TRUDAINE RUE",,,Plein jour,En agglomération,Hors intersection,Pluie légère,Autre collision,,,,,,,,,,,1,2,1,2,6
200600048624,0006-08-18 17:00:00,6,8,18,17,0,590,195,ZONE COMMERCIALE,,,Plein jour,Hors agglomération,Autre intersection,Normale,Autre collision,,,,,,,,,,,1,1,9,1,6
200600048625,0006-08-20 00:15:00,6,8,20,0,15,590,9,"00, MONS BOULEVARD DE",,,Nuit avec éclairage allumé,En agglomération,Hors intersection,Temps couvert,Autre collision,,,,,,,,,,,5,2,1,8,6
200600048626,0006-08-20 15:00:00,6,8,20,15,0,590,507,"46, LIBERATION AVENUE DE",,,Plein jour,En agglomération,Hors intersection,Normale,Deux véhicules - côté,,,,,,,,,,,1,2,1,1,3
200600048627,0006-08-20 13:30:00,6,8,20,13,30,590,350,"65, FAUBOURG DE BETHUNE",,,Plein jour,En agglomération,Hors intersection,Normale,Autre collision,,,,,,,,,,,1,2,1,1,6
200600048628,0006-08-21 07:40:00,6,8,21,7,40,590,527,DE LATTRE TASSIGNY AVN°2,,,Plein jour,En agglomération,Intersection en X,Temps couvert,Deux véhicules - côté,,,,,,,,,,,1,2,2,8,3
200600048629,0006-08-22 23:15:00,6,8,22,23,15,590,378,"Sans Objet, CLEMENCEAU B",,,Nuit avec éclairage allumé,En agglomération,Hors intersection,Normale,Autre collision,,,,,,,,,,,5,2,1,1,6
200600048630,0006-08-22 18:40:00,6,8,22,18,40,590,350,"Sans objet, DUNKERQUE AV",,,Plein jour,En agglomération,Hors intersection,Normale,Autre collision,,,,,,,,,,,1,2,1,1,6
200600048631,0006-08-22 23:30:00,6,8,22,23,30,590,368,"149, REPUBLIQUE AVENUE D",,,Nuit avec éclairage allumé,En agglomération,Intersection en Y,Normale,Autre collision,,,,,,,,,,,5,2,4,1,6
200600048632,0006-08-23 12:15:00,6,8,23,12,15,590,470,"00, DE GAULLE CHARLES RU",,,Plein jour,En agglomération,Intersection en X,Normale,Autre collision,,,,,,,,,,,1,2,2,1,6
200600048633,0006-08-22 17:30:00,6,8,22,17,30,590,9,JAURES JEAN RUE    N°101,,,Plein jour,En agglomération,Intersection en T,Normale,Deux véhicules - côté,,,,,,,,,,,1,2,3,1,3
200600048634,0006-08-24 17:15:00,6,8,24,17,15,590,360,"63, REPUBLIQUE BOULEVARD",,,Plein jour,En agglomération,Hors intersection,Normale,Autre collision,,,,,,,,,,,1,2,1,1,6
200600048635,0006-08-25 02:32:00,6,8,25,2,32,590,350,"27, BASSE RUE",,,Nuit avec éclairage allumé,En agglomération,Intersection en X,Normale,Autre collision,,,,,,,,,,,5,2,2,1,6
200600048636,0006-08-24 19:45:00,6,8,24,19,45,590,350,"0, BRULE MAISON RUE N° I",,,Plein jour,En agglomération,Intersection en X,Normale,Deux véhicules - côté,,,,,,,,,,,1,2,2,1,3
200600048637,0006-08-25 07:20:00,6,8,25,7,20,590,343,"86, DELORY GUSTAVE RUE",,,Plein jour,En agglomération,Hors intersection,Normale,Deux véhicules - côté,,,,,,,,,,,1,2,1,1,3
200600048638,0006-08-26 02:45:00,6,8,26,2,45,590,350,GIRONDINS RUE,,,Nuit avec éclairage allumé,En agglomération,Intersection en X,Pluie légère,Autre collision,,,,,,,,,,,5,2,2,2,6
200600048639,0006-08-26 20:10:00,6,8,26,20,10,590,350,"Sans objet, Embranchemen",,,Plein jour,En agglomération,Hors intersection,Normale,Autre collision,,,,,,,,,,,1,2,1,1,6
200600048640,0006-08-26 21:00:00,6,8,26,21,0,590,9,"Sans objet, DE VALMY BOU",,,Nuit avec éclairage allumé,En agglomération,Hors intersection,Pluie légère,Autre collision,,,,,,,,,,,5,2,1,2,6
200600048641,0006-08-26 13:30:00,6,8,26,13,30,590,350,"001, SORTIE RN 351",,,Plein jour,En agglomération,Hors intersection,Normale,Autre collision,,,,,,,,,,,1,2,1,1,6
200600048642,0006-08-28 16:55:00,6,8,28,16,55,590,368,"100, DESMAZIERES RUE",,,Plein jour,En agglomération,Hors intersection,Normale,Autre collision,,,,,,,,,,,1,2,1,1,6
200600048643,0006-08-28 19:15:00,6,8,28,19,15,590,9,"Sans objet, VERMEER RUE",,,Plein jour,En agglomération,Hors intersection,Normale,Autre collision,,,,,,,,,,,1,2,1,1,6
200600048644,0006-08-30 19:00:00,6,8,30,19,0,590,378,"23, PASTEUR RUE",,,Plein jour,En agglomération,Hors intersection,Normale,Deux véhicules - côté,,,,,,,,,,,1,2,1,1,3
200600048645,0006-08-30 20:30:00,6,8,30,20,30,590,350,"001, CONDE RUE DE",,,Nuit avec éclairage allumé,En agglomération,Intersection en X,Normale,Deux véhicules - côté,,,,,,,,,,,5,2,2,1,3
200600048646,0006-08-31 01:39:00,6,8,31,1,39,590,350,"19, GAND RUE",,,Nuit avec éclairage allumé,En agglomération,Hors intersection,Normale,Sans collision,,,,,,,,,,,5,2,1,1,7
200600048647,0006-08-31 10:20:00,6,8,31,10,20,590,386,"88, LILLE RUE DE",,,Plein jour,En agglomération,Hors intersection,Pluie légère,Autre collision,,,,,,,,,,,1,2,1,2,6
200600048648,0006-08-28 10:50:00,6,8,28,10,50,590,378,CLEMENCEAU BLVD (N°31-19,,,Plein jour,En agglomération,Hors intersection,Normale,Deux véhicules - côté,,,,,,,,,,,1,2,1,1,3
200600048649,0006-08-31 14:00:00,6,8,31,14,0,590,350,"32, MATTEOTI RUE",,,Plein jour,En agglomération,Hors intersection,Normale,Deux véhicules - côté,,,,,,,,,,,1,2,1,1,3
200600048650,0006-08-31 19:50:00,6,8,31,19,50,590,286,"001, VANDERHAGEN ALBERT",,,Plein jour,En agglomération,Hors intersection,Normale,Autre collision,,,,,,,,,,,1,2,1,1,6
200600048651,0006-08-24 08:20:00,6,8,24,8,20,590,350,CORBUSIER AVENUE LE,,,Plein jour,En agglomération,Hors intersection,Pluie forte,Sans collision,,,,,,,,,,,1,2,1,3,7
200600048652,0006-08-08 01:55:00,6,8,8,1,55,590,392,JEAN JAURES (AVENUE),,,Nuit avec éclairage allumé,En agglomération,Hors intersection,Pluie légère,Autre collision,,,,,,,,,,,5,2,1,2,6
200600048653,0006-08-27 08:05:00,6,8,27,8,5,590,291,LANDRECIES (ROUTE DE),,,Plein jour,En agglomération,Hors intersection,Normale,Deux véhicules - arrière,,,,,,,,,,,1,2,1,1,2
200600048654,0006-08-28 13:45:00,6,8,28,13,45,590,392,ERMITAGE (RUE DE L'),,,Plein jour,En agglomération,Intersection en X,Normale,Deux véhicules - côté,,,,,,,,,,,1,2,2,1,3
200600048655,0006-08-03 17:50:00,6,8,3,17,50,590,650,JAURES (RUE JEAN),,,Plein jour,En agglomération,Hors intersection,Pluie légère,Autre collision,,,,,,,,,,,1,2,1,2,6
200600048656,0006-08-02 15:00:00,6,8,2,15,0,590,650,JAURES (RUE JEAN),,,Plein jour,En agglomération,Hors intersection,Normale,Deux véhicules - côté,,,,,,,,,,,1,2,1,1,3
200600048657,0006-08-07 14:50:00,6,8,7,14,50,590,512,PARABOLES (AVENUE DES),,,Plein jour,En agglomération,Hors intersection,Normale,Deux véhicules - arrière,,,,,,,,,,,1,2,1,1,2
200600048658,0006-08-07 01:17:00,6,8,7,1,17,590,650,JOUHAUX (BOULEVARD LEON),,,Nuit avec éclairage allumé,En agglomération,Intersection en X,Normale,Autre collision,,,,,,,,,,,5,2,2,1,6
200600048659,0006-08-05 11:45:00,6,8,5,11,45,590,163,DELESCLUSE (RUE JEAN BAP,,,Plein jour,En agglomération,Intersection en X,Normale,Deux véhicules - côté,,,,,,,,,,,1,2,2,1,3
200600048660,0006-08-03 12:00:00,6,8,3,12,0,590,512,TURGOT (RUE),,,Plein jour,En agglomération,Intersection en X,Normale,Deux véhicules - côté,,,,,,,,,,,1,2,2,1,3
200600048661,0006-08-05 11:10:00,6,8,5,11,10,590,650,VAILLANT (RUE EDOUARD),,,Plein jour,En agglomération,Hors intersection,Normale,Deux véhicules - côté,,,,,,,,,,,1,2,1,1,3