accident_id,datetime,annee,mois,jour,heure,minute,departement,commune_insee,adresse,latitude,longitude,luminosite,agglomeration,intersection,meteo,collision,nb_vehicules,nb_usagers,nb_indemnes,nb_tues,nb_blesses_hosp,nb_blesses_legers,age_cond_1,age_cond_2,veh_type_cond_1,veh_type_cond_2,lum_code,agg_code,int_code,atm_code,col_code
200600048929,0006-08-25 04:15:00,6,8,25,4,15,680,224,PREISS (RUE JACQUES),,,Nuit avec éclairage allumé,En agglomération,Autre intersection,Normale,Autre collision,,,,,,,,,,,5,2,9,1,6
200600048930,0006-08-23 15:40:00,6,8,23,15,40,680,224,"75, FLANDRES (RUE DES)",,,Plein jour,En agglomération,Intersection en T,Normale,Deux véhicules - arrière,,,,,,,,,,,1,2,3,1,2
200600048931,0006-08-25 21:35:00,6,8,25,21,35,680,224,"47, COLMAR (AVENUE DE)",,,Nuit avec éclairage allumé,En agglomération,Hors intersection,Normale,Sans collision,,,,,,,,,,,5,2,1,1,7
200600048932,0006-08-30 14:20:00,6,8,30,14,20,680,224,", MARNE (BOULEVARD DE LA",,,Plein jour,En agglomération,Intersection en X,Normale,Deux véhicules - côté,,,,,,,,,,,1,2,2,1,3
200600048933,0006-08-30 13:40:00,6,8,30,13,40,680,224,ROOSEVELT (BOULEVARD DU,,,Plein jour,En agglomération,Intersection en T,Normale,Deux véhicules - côté,,,,,,,,,,,1,2,3,1,3
200600048934,0006-08-23 07:55:00,6,8,23,7,55,680,224,LUTTERBACH (PONT DE),,,Plein jour,Hors agglomération,Hors intersection,Normale,Trois véhicules et plus - en chaîne,,,,,,,,,,,1,1,1,1,4
200600048935,0006-08-29 14:30:00,6,8,29,14,30,680,224,"59, SOULTZ (RUE DE)",,,Plein jour,En agglomération,Intersection en T,Pluie légère,Autre collision,,,,,,,,,,,1,2,3,2,6
200600048936,0006-08-14 21:15:00,6,8,14,21,15,680,224,SINNE (RUE DE LA),,,Crépuscule ou aube,En agglomération,Intersection en X,Normale,Deux véhicules - côté,,,,,,,,,,,2,2,2,1,3
200600048937,0006-08-24 17:50:00,6,8,24,17,50,680,297,"24, DE GAULLE ( AVE DU G",,,Plein jour,En agglomération,Hors intersection,Normale,Deux véhicules - côté,,,,,,,,,,,1,2,1,1,3
200600048938,0006-08-31 09:43:00,6,8,31,9,43,690,256,", 8 MAI 1945 (DU)",,,Plein jour,En agglomération,Hors intersection,Normale,Autre collision,,,,,,,,,,,1,2,1,1,6
200600048939,0006-08-15 17:25:00,6,8,15,17,25,690,256,HECTOR BERLIOZ,,,Plein jour,En agglomération,Hors intersection,Normale,Autre collision,,,,,,,,,,,1,2,1,1,6
200600048940,0006-08-09 12:40:00,6,8,9,12,40,690,259,"0, 11 NOVEMBRE 1918 (DU)",,,Plein jour,En agglomération,Hors intersection,Normale,Deux véhicules - côté,,,,,,,,,,,1,2,1,1,3
200600048941,0006-08-14 13:15:00,6,8,14,13,15,690,259,"402, CHARLES DE GAULLE",,,Plein jour,En agglomération,Hors intersection,Normale,Autre collision,,,,,,,,,,,1,2,1,1,6
200600048942,0006-08-17 12:25:00,6,8,17,12,25,690,259,"00, PIERRE STOPPA",,,Plein jour,En agglomération,Intersection en X,Pluie légère,Deux véhicules - côté,,,,,,,,,,,1,2,2,2,3
200600048943,0006-08-21 19:10:00,6,8,21,19,10,690,259,"0, AMBROISE CROIZAT",,,Plein jour,En agglomération,Intersection en T,Normale,Deux véhicules - côté,,,,,,,,,,,1,2,3,1,3
200600048944,0006-08-30 12:20:00,6,8,30,12,20,690,259,"136, IRENE JOLIOT CURIE",,,Plein jour,En agglomération,Hors intersection,Normale,Autre collision,,,,,,,,,,,1,2,1,1,6
200600048945,0006-08-29 12:30:00,6,8,29,12,30,690,13,JOUX (AVENUE DE),,,Plein jour,Hors agglomération,Intersection en T,Normale,Deux véhicules - arrière,,,,,,,,,,,1,1,3,1,2
200600048946,0006-08-31 12:05:00,6,8,31,12,5,690,264,"420, HERON  PHILIPPE   R",,,Plein jour,En agglomération,Hors intersection,Normale,Autre collision,,,,,,,,,,,1,2,1,1,6
200600048947,0006-08-04 11:45:00,6,8,4,11,45,690,92,"980, MONTMELAS (ROUTE DE",,,Plein jour,En agglomération,Hors intersection,Normale,Deux véhicules - côté,,,,,,,,,,,1,2,1,1,3
200600048948,0006-08-02 20:00:00,6,8,2,20,0,690,266,"1, RUE DES CHARMETTES",,,Plein jour,En agglomération,Intersection en X,Normale,Deux véhicules - côté,,,,,,,,,,,1,2,2,1,3
200600048949,0006-08-02 11:15:00,6,8,2,11,15,690,266,"32, CRS A PHILIP",,,Plein jour,En agglomération,Hors intersection,Normale,Autre collision,,,,,,,,,,,1,2,1,1,6
200600048950,0006-08-02 04:45:00,6,8,2,4,45,690,266,"13, RUE F FAYS",,,Crépuscule ou aube,En agglomération,Hors intersection,Normale,Deux véhicules - arrière,,,,,,,,,,,2,2,1,1,2
200600048951,0006-08-02 19:40:00,6,8,2,19,40,690,266,"33, RUE COLIN",,,Crépuscule ou aube,En agglomération,Hors intersection,Normale,Autre collision,,,,,,,,,,,2,2,1,1,6
200600048952,0006-08-09 06:50:00,6,8,9,6,50,690,266,"249, CRS E ZOLA",,,Plein jour,En agglomération,Hors intersection,Normale,Trois véhicules et plus - en chaîne,,,,,,,,,,,1,2,1,1,4
200600048953,0006-08-12 10:30:00,6,8,12,10,30,690,266,"1, AV P KRUGER",,,Plein jour,En agglomération,Intersection en X,Normale,Autre collision,,,,,,,,,,,1,2,2,1,6
200600048954,0006-08-18 19:30:00,6,8,18,19,30,690,266,"1, RUE DES PRES",,,Plein jour,En agglomération,Intersection en T,Normale,Deux véhicules - côté,,,,,,,,,,,1,2,3,1,3
200600048955,0006-08-20 17:00:00,6,8,20,17,0,690,266,"1, AV M CERDAN",,,Plein jour,En agglomération,Intersection en X,Normale,Deux véhicules - côté,,,,,,,,,,,1,2,2,1,3
200600048956,0006-08-25 13:40:00,6,8,25,13,40,690,266,"1, AV R SALENGRO",,,Plein jour,En agglomération,Intersection en X,Normale,Autre collision,,,,,,,,,,,1,2,2,1,6
200600048957,0006-08-30 16:40:00,6,8,30,16,40,690,266,"52, RUE DU CANAL",,,Plein jour,En agglomération,Hors intersection,Normale,Deux véhicules - arrière,,,,,,,,,,,1,2,1,1,2
200600048958,0006-08-31 17:45:00,6,8,31,17,45,690,266,"44, AV A BLANQUI",,,Plein jour,En agglomération,Hors intersection,Normale,Autre collision,,,,,,,,,,,1,2,1,1,6
200600048959,0006-08-19 12:50:00,6,8,19,12,50,690,275,"57, COLI",,,Plein jour,En agglomération,Hors intersection,Normale,Autre collision,,,,,,,,,,,1,2,1,1,6
200600048960,0006-08-17 18:00:00,6,8,17,18,0,690,256,"., HENRI BARBUSSE",,,Plein jour,En agglomération,Intersection en X,Normale,Deux véhicules - arrière,,,,,,,,,,,1,2,2,1,2
200600048961,0006-08-21 23:40:00,6,8,21,23,40,690,282,"., REPUBLIQUE (DE)",,,Nuit avec éclairage allumé,En agglomération,Intersection en T,Normale,Deux véhicules - côté,,,,,,,,,,,5,2,3,1,3
200600048962,0006-08-03 15:19:00,6,8,3,15,19,690,290,GRENOBLE (DE)  -  RN 6,,,Plein jour,Hors agglomération,Hors intersection,Pluie légère,Autre collision,,,,,,,,,,,1,1,1,2,6
200600048963,0006-08-11 15:30:00,6,8,11,15,30,690,290,"0, DIDEROT",,,Plein jour,En agglomération,Intersection en T,Normale,Deux véhicules - côté,,,,,,,,,,,1,2,3,1,3
200600048964,0006-08-10 18:45:00,6,8,10,18,45,690,290,ANDRE BOULLOCHE,,,Plein jour,Hors agglomération,Hors intersection,Normale,Autre collision,,,,,,,,,,,1,1,1,1,6
200600048965,0006-08-05 16:30:00,6,8,5,16,30,700,388,RD457,,,Plein jour,Hors agglomération,Hors intersection,Pluie forte,Deux véhicules - côté,,,,,,,,,,,1,1,1,3,3
200600048966,0006-08-08 18:25:00,6,8,8,18,25,700,550,"78 A, BARON BOUVIER (RUE",,,Plein jour,En agglomération,Intersection en T,Normale,Deux véhicules - côté,,,,,,,,,,,1,2,3,1,3
200600048967,0006-08-05 23:15:00,6,8,5,23,15,710,76,"89, PARIS (AVENUE DE)",,,Nuit avec éclairage allumé,En agglomération,Hors intersection,Normale,Autre collision,,,,,,,,,,,5,2,1,1,6
200600048968,0006-08-15 22:50:00,6,8,15,22,50,710,475,"19, CHARLES DODILLE (RUE",,,Nuit avec éclairage allumé,En agglomération,Hors intersection,Normale,Deux véhicules - frontale,,,,,,,,,,,5,2,1,1,1
200600048969,0006-08-10 18:45:00,6,8,10,18,45,710,153,"1, MOULIN MIROIR (RUE DU",,,Plein jour,En agglomération,Intersection en Y,Normale,Deux véhicules - côté,,,,,,,,,,,1,2,4,1,3
200600048970,0006-08-16 17:45:00,6,8,16,17,45,710,153,ABBE PERROT (RUE DE L'),,,Plein jour,En agglomération,Intersection en T,Pluie forte,Deux véhicules - côté,,,,,,,,,,,1,2,3,3,3
200600048971,0006-08-03 17:45:00,6,8,3,17,45,710,270,JAURES QUAI,,,Plein jour,En agglomération,Hors intersection,Pluie légère,Deux véhicules - arrière,,,,,,,,,,,1,2,1,2,2
200600048972,0006-08-09 14:15:00,6,8,9,14,15,710,270,"48, HUGO (RUE VICTOR)",,,Plein jour,En agglomération,Hors intersection,Normale,Autre collision,,,,,,,,,,,1,2,1,1,6
200600048973,0006-08-22 16:50:00,6,8,22,16,50,710,270,JAURES QUAI,,,Plein jour,En agglomération,Hors intersection,Normale,Autre collision,,,,,,,,,,,1,2,1,1,6
200600048974,0006-08-31 20:15:00,6,8,31,20,15,710,270,"NR1, NEUF CLES (RUE DES)",,,Plein jour,En agglomération,Giratoire,Normale,Deux véhicules - côté,,,,,,,,,,,1,2,6,1,3
200600048975,0006-08-02 15:05:00,6,8,2,15,5,710,306,"30, ROMPOIS (RUE DES)",,,Plein jour,En agglomération,Hors intersection,Temps couvert,Autre collision,,,,,,,,,,,1,2,1,8,6
200600048976,0006-08-27 01:15:00,6,8,27,1,15,710,306,"68, WALDECK ROCHET (AVEN",,,Nuit avec éclairage allumé,En agglomération,Hors intersection,Pluie légère,Deux véhicules - côté,,,,,,,,,,,5,2,1,2,3
200600048977,0006-08-01 12:45:00,6,8,1,12,45,720,181,"2, PIFFAULT PIERRE (AV)",,,Plein jour,En agglomération,Hors intersection,Normale,Autre collision,,,,,,,,,,,1,2,1,1,6
200600048978,0006-08-02 18:06:00,6,8,2,18,6,720,181,GERBAULT ALAIN (RUE),,,Plein jour,En agglomération,Hors intersection,Normale,Trois véhicules et plus - collisions multiples,,,,,,,,,,,1,2,1,1,5
200600048979,0006-08-05 01:07:00,6,8,5,1,7,720,181,ANGERS (RTE D'),,,Nuit avec éclairage allumé,Hors agglomération,Hors intersection,Normale,Autre collision,,,,,,,,,,,5,1,1,1,6
200600048980,0006-08-05 09:45:00,6,8,5,9,45,720,181,VOLTAIRE (RUE) N° PAIRS,,,Plein jour,En agglomération,Hors intersection,Normale,Deux véhicules - arrière,,,,,,,,,,,1,2,1,1,2
200600048981,0006-08-05 17:30:00,6,8,5,17,30,720,181,LEFAUCHEUX PIERRE (BD),,,Plein jour,En agglomération,Hors intersection,Normale,Deux véhicules - arrière,,,,,,,,,,,1,2,1,1,2
200600048982,0006-08-06 19:05:00,6,8,6,19,5,720,181,"50, RUBILLARD AV N° PAIR",,,Plein jour,En agglomération,Hors intersection,Normale,Autre collision,,,,,,,,,,,1,2,1,1,6
200600048983,0006-08-07 21:10:00,6,8,7,21,10,720,181,"38, LEFAUCHEUX PIERRE (B",,,Crépuscule ou aube,En agglomération,Hors intersection,Normale,Sans collision,,,,,,,,,,,2,2,1,1,7
200600048984,0006-08-09 17:30:00,6,8,9,17,30,720,181,BERTINIERE (RUE DE LA) N,,,Plein jour,En agglomération,Hors intersection,Normale,Deux véhicules - frontale,,,,,,,,,,,1,2,1,1,1
200600048985,0006-08-10 07:30:00,6,8,10,7,30,720,181,RENAULT FRERES ALL DES,,,Plein jour,En agglomération,Hors intersection,Normale,Deux véhicules - côté,,,,,,,,,,,1,2,1,1,3
200600048986,0006-08-11 18:50:00,6,8,11,18,50,720,181,POMPES (RUE DES)  N° IMP,,,Plein jour,En agglomération,Hors intersection,Normale,Deux véhicules - frontale,,,,,,,,,,,1,2,1,1,1
200600048987,0006-08-14 17:40:00,6,8,14,17,40,720,181,"12, REMBRANDT (AV)",,,Plein jour,En agglomération,Hors intersection,Normale,Autre collision,,,,,,,,,,,1,2,1,1,6
200600048988,0006-08-15 20:50:00,6,8,15,20,50,720,181,GARE (BD DE LA),,,Plein jour,En agglomération,Hors intersection,Normale,Autre collision,,,,,,,,,,,1,2,1,1,6
200600048989,0006-08-18 14:35:00,6,8,18,14,35,720,95,SAINT NICOLAS (BD),,,Plein jour,En agglomération,Intersection en X,Pluie légère,Deux véhicules - frontale,,,,,,,,,,,1,2,2,2,1
200600048990,0006-08-19 14:00:00,6,8,19,14,0,720,181,PIED SEC (RUE DE),,,Plein jour,En agglomération,Hors intersection,Normale,Deux véhicules - côté,,,,,,,,,,,1,2,1,1,3
200600048991,0006-08-20 11:08:00,6,8,20,11,8,720,181,"106, HEUZE OLIVIER AV N°",,,Plein jour,En agglomération,Hors intersection,Normale,Deux véhicules - côté,,,,,,,,,,,1,2,1,1,3
200600048992,0006-08-20 11:05:00,6,8,20,11,5,720,3,GAULLE CHARLES DE (AV),,,Plein jour,En agglomération,Intersection en X,Normale,Deux véhicules - côté,,,,,,,,,,,1,2,2,1,3
200600048993,0006-08-28 12:30:00,6,8,28,12,30,720,181,LEFEUVRE HENRI AV N° PAI,,,Plein jour,En agglomération,Hors intersection,Normale,Deux véhicules - côté,,,,,,,,,,,1,2,1,1,3
200600048994,0006-08-29 13:55:00,6,8,29,13,55,720,181,"55, GENESLAY FELIX (AV)",,,Plein jour,En agglomération,Hors intersection,Pluie légère,Deux véhicules - côté,,,,,,,,,,,1,2,1,2,3
200600048995,0006-08-29 15:15:00,6,8,29,15,15,720,181,PREMIERE DIVISION FRANCA,,,Plein jour,Hors agglomération,Hors intersection,Pluie légère,Deux véhicules - côté,,,,,,,,,,,1,1,1,2,3
200600048996,0006-08-05 16:24:00,6,8,5,16,24,730,8,"48, GEORGES 1ER RUE",,,Plein jour,En agglomération,Hors intersection,Normale,Trois véhicules et plus - collisions multiples,,,,,,,,,,,1,2,1,1,5
200600048997,0006-08-06 17:15:00,6,8,6,17,15,730,8,"36, MARLIOZ MONTEE DE",,,Plein jour,En agglomération,Hors intersection,Normale,Deux véhicules - côté,,,,,,,,,,,1,2,1,1,3
200600048998,0006-08-10 00:20:00,6,8,10,0,20,730,8,GOLF AVENUE DU,,,Nuit avec éclairage allumé,En agglomération,Hors intersection,Normale,Deux véhicules - frontale,,,,,,,,,,,5,2,1,1,1
200600048999,0006-08-28 11:52:00,6,8,28,11,52,730,8,"49, WILSON BOULEVARD",,,Plein jour,En agglomération,Hors intersection,Normale,Deux véhicules - côté,,,,,,,,,,,1,2,1,1,3
200600049000,0006-08-05 10:50:00,6,8,5,10,50,730,65,"0.001, BERTILLET (RUE DU",,,Plein jour,En agglomération,Hors intersection,Normale,Deux véhicules - côté,,,,,,,,,,,1,2,1,1,3
200600049001,0006-08-24 15:54:00,6,8,24,15,54,730,65,LANDIERS (AVENUE DES),,,Plein jour,En agglomération,Hors intersection,Normale,Deux véhicules - côté,,,,,,,,,,,1,2,1,1,3
200600049002,0006-08-26 12:40:00,6,8,26,12,40,730,65,"0.001, LABIAZ (ROUTE DE)",,,Plein jour,En agglomération,Intersection en T,Normale,Deux véhicules - côté,,,,,,,,,,,1,2,3,1,3
200600049003,0006-08-27 15:58:00,6,8,27,15,58,730,65,"0.001, COMBES (RUE DES)",,,Plein jour,En agglomération,Hors intersection,Normale,Deux véhicules - arrière,,,,,,,,,,,1,2,1,1,2
200600049004,0006-08-03 07:30:00,6,8,3,7,30,740,10,CRAN (AVENUE DE),,,Plein jour,En agglomération,Intersection en T,Pluie légère,Autre collision,,,,,,,,,,,1,2,3,2,6
200600049005,0006-08-03 08:30:00,6,8,3,8,30,740,93,"., REPUBLIQUE (AVENUE DE",,,Plein jour,En agglomération,Intersection en T,Normale,Deux véhicules - côté,,,,,,,,,,,1,2,3,1,3
200600049006,0006-08-06 02:45:00,6,8,6,2,45,740,10,VAUGELAS,,,Nuit avec éclairage allumé,En agglomération,Intersection en X,Normale,Deux véhicules - côté,,,,,,,,,,,5,2,2,1,3
200600049007,0006-08-06 12:35:00,6,8,6,12,35,740,10,BARATTES (AVENUE DES),,,Plein jour,En agglomération,Intersection en T,Normale,Deux véhicules - côté,,,,,,,,,,,1,2,3,1,3
200600049008,0006-08-14 18:10:00,6,8,14,18,10,740,10,"35, BARATTES (AVENUE DES",,,Plein jour,En agglomération,Hors intersection,Normale,Autre collision,,,,,,,,,,,1,2,1,1,6
200600049009,0006-08-15 13:55:00,6,8,15,13,55,740,93,CREUSES (ROUTE DES),,,Plein jour,En agglomération,Giratoire,Normale,Deux véhicules - côté,,,,,,,,,,,1,2,6,1,3
200600049010,0006-08-15 21:30:00,6,8,15,21,30,740,10,EUSTACHE CHAPPUIS,,,Nuit avec éclairage allumé,Hors agglomération,Intersection en T,Pluie forte,Autre collision,,,,,,,,,,,5,1,3,3,6
200600049011,0006-08-08 13:30:00,6,8,8,13,30,740,10,"., LYCEE (BOULEVARD DU)(",,,Plein jour,En agglomération,Giratoire,Normale,Deux véhicules - côté,,,,,,,,,,,1,2,6,1,3
200600049012,0006-08-18 12:05:00,6,8,18,12,5,740,10,"., PLAINE (AVENUE DE LA)",,,Plein jour,En agglomération,Intersection en X,Normale,Autre collision,,,,,,,,,,,1,2,2,1,6
200600049013,0006-08-22 11:35:00,6,8,22,11,35,740,10,"., MAVERIA",,,Plein jour,En agglomération,Intersection en X,Normale,Deux véhicules - côté,,,,,,,,,,,1,2,2,1,3
200600049014,0006-08-28 18:50:00,6,8,28,18,50,740,10,"., GENEVE (AVENUE DE)(SE",,,Plein jour,En agglomération,Hors intersection,Normale,Sans collision,,,,,,,,,,,1,2,1,1,7
200600049015,0006-08-01 11:36:00,6,8,1,11,36,740,133,"11, PEUPLIERS (IMPASSE D",,,Plein jour,En agglomération,Hors intersection,Normale,Autre collision,,,,,,,,,,,1,2,1,1,6
200600049016,0006-08-25 10:30:00,6,8,25,10,30,740,305,DAVID (RUE FERNAND),,,Plein jour,En agglomération,Hors intersection,Normale,Deux véhicules - frontale,,,,,,,,,,,1,2,1,1,1
200600049017,0006-08-29 15:10:00,6,8,29,15,10,740,12,"49, GENEVE (RUE DE)",,,Plein jour,En agglomération,Intersection en Y,Pluie légère,Deux véhicules - côté,,,,,,,,,,,1,2,4,2,3
200600049018,0006-08-09 21:30:00,6,8,9,21,30,740,133,ZONE (ROUTE DE),,,Nuit sans éclairage public,En agglomération,Hors intersection,Normale,Deux véhicules - côté,,,,,,,,,,,3,2,1,1,3
200600049019,0006-08-03 13:15:00,6,8,3,13,15,740,119,LARRINGES (AVENUE DE),,,Plein jour,En agglomération,Hors intersection,Pluie forte,Autre collision,,,,,,,,,,,1,2,1,3,6
200600049020,0006-08-25 23:00:00,6,8,25,23,0,740,119,FOLLIET (RUE EDOUARD ET,,,Nuit avec éclairage allumé,En agglomération,Hors intersection,Normale,Deux véhicules - frontale,,,,,,,,,,,5,2,1,1,1
200600049021,0006-08-28 19:30:00,6,8,28,19,30,740,281,"., CLOS BANDERET (AVENUE",,,Crépuscule ou aube,En agglomération,Intersection en T,Pluie forte,Deux véhicules - frontale,,,,,,,,,,,2,2,3,3,1
200600049022,0006-08-17 18:37:00,6,8,17,18,37,740,281,"., DE GAULLE (AV DU GAL)",,,Plein jour,En agglomération,Intersection en T,Normale,Deux véhicules - côté,,,,,,,,,,,1,2,3,1,3
200600049023,0006-08-12 04:50:00,6,8,12,4,50,740,281,MARMOTTES (CHEMIN DES),,,Nuit sans éclairage public,En agglomération,Hors intersection,Pluie légère,Autre collision,,,,,,,,,,,3,2,1,2,6
200600049024,0006-08-01 16:45:00,6,8,1,16,45,750,14,BD DU MONTPARNASSE BD RA,,,Plein jour,En agglomération,Intersection à plus de 4 branches,Normale,Deux véhicules - côté,,,,,,,,,,,1,2,5,1,3
200600049025,0006-08-01 22:55:00,6,8,1,22,55,750,15,200 R DE LA CONVENTION,,,Nuit avec éclairage allumé,En agglomération,Hors intersection,Normale,Deux véhicules - frontale,,,,,,,,,,,5,2,1,1,1
200600049026,0006-08-02 09:55:00,6,8,2,9,55,750,6,74 R N D DES CHAMPS,,,Plein jour,En agglomération,Hors intersection,Normale,Deux véhicules - côté,,,,,,,,,,,1,2,1,1,3
200600049027,0006-08-03 06:30:00,6,8,3,6,30,750,4,SQ HENRI GALLI Q HENRI I,,,Plein jour,En agglomération,Intersection en Y,Normale,Autre collision,,,,,,,,,,,1,2,4,1,6
200600049028,0006-08-03 13:10:00,6,8,3,13,10,750,15,316 R DE VAUGIRARD,,,Plein jour,En agglomération,Hors intersection,Normale,Autre collision,,,,,,,,,,,1,2,1,1,6
200600049029,0006-08-01 09:50:00,6,8,1,9,50,750,4,R DE FOURCY R FRANCOIS M,,,Plein jour,En agglomération,Intersection en X,Normale,Deux véhicules - côté,,,,,,,,,,,1,2,2,1,3
200600049030,0006-08-05 01:50:00,6,8,5,1,50,750,18,14 BD DE LA CHAPELLE,,,Nuit avec éclairage allumé,En agglomération,Hors intersection,Normale,Autre collision,,,,,,,,,,,5,2,1,1,6
200600049031,0006-08-07 18:00:00,6,8,7,18,0,750,16,46 AV DE NEW YORK,,,Plein jour,En agglomération,Hors intersection,Normale,Trois véhicules et plus - en chaîne,,,,,,,,,,,1,2,1,1,4
200600049032,0006-08-08 08:10:00,6,8,8,8,10,750,5,BD SAINT MICHEL R SOUFFL,,,Plein jour,En agglomération,Intersection en T,Normale,Deux véhicules - côté,,,,,,,,,,,1,2,3,1,3
200600049033,0006-08-01 15:00:00,6,8,1,15,0,750,5,AV DES GOBELINS R DU PET,,,Plein jour,En agglomération,Intersection en T,Normale,Autre collision,,,,,,,,,,,1,2,3,1,6
200600049034,0006-08-01 11:00:00,6,8,1,11,0,750,8,AV CHAMPS ELYSEES AV W C,,,Plein jour,En agglomération,Intersection en X,Pluie légère,Deux véhicules - côté,,,,,,,,,,,1,2,2,2,3
200600049035,0006-08-01 10:40:00,6,8,1,10,40,750,9,50 R DE DOUAI,,,Plein jour,En agglomération,Hors intersection,Normale,Autre collision,,,,,,,,,,,1,2,1,1,6
200600049036,0006-08-01 15:55:00,6,8,1,15,55,750,9,R AUBER R DES MATHURINS,,,Plein jour,En agglomération,Intersection en Y,Pluie légère,Deux véhicules - côté,,,,,,,,,,,1,2,4,2,3
200600049037,0006-08-01 09:05:00,6,8,1,9,5,750,11,120 R DE CHARONNE,,,Plein jour,En agglomération,Hors intersection,Normale,Autre collision,,,,,,,,,,,1,2,1,1,6
200600049038,0006-08-01 13:30:00,6,8,1,13,30,750,11,12 BD RICHARD LENOIR,,,Plein jour,En agglomération,Hors intersection,Normale,Deux véhicules - côté,,,,,,,,,,,1,2,1,1,3
200600049039,0006-08-01 12:00:00,6,8,1,12,0,750,11,6 R DU COMMANDANT LAMY,,,Plein jour,En agglomération,Hors intersection,Pluie légère,Deux véhicules - côté,,,,,,,,,,,1,2,1,2,3
200600049040,0006-08-01 23:49:00,6,8,1,23,49,750,11,R DE CHARONNE R LEON FRO,,,Nuit avec éclairage allumé,En agglomération,Intersection en X,Normale,Autre collision,,,,,,,,,,,5,2,2,1,6
200600049041,0006-08-01 15:45:00,6,8,1,15,45,750,16,PL PORTE D AUTEUIL BD MU,,,Plein jour,En agglomération,Intersection en X,Pluie légère,Sans collision,,,,,,,,,,,1,2,2,2,7
200600049042,0006-08-01 14:15:00,6,8,1,14,15,750,19,AV PORTE DE PANTIN RTE D,,,Plein jour,En agglomération,Intersection en X,Normale,Deux véhicules - arrière,,,,,,,,,,,1,2,2,1,2
200600049043,0006-08-01 13:00:00,6,8,1,13,0,750,20,R LE BUA R PELLEPORT,,,Plein jour,En agglomération,Intersection en Y,Normale,Autre collision,,,,,,,,,,,1,2,4,1,6
200600049044,0006-08-02 15:20:00,6,8,2,15,20,750,3,126 R DE TURENNE,,,Plein jour,En agglomération,Hors intersection,Normale,Deux véhicules - côté,,,,,,,,,,,1,2,1,1,3
200600049045,0006-08-02 01:10:00,6,8,2,1,10,750,8,BD DE COURCELLES PL DES,,,Nuit avec éclairage allumé,En agglomération,Intersection en X,Normale,Autre collision,,,,,,,,,,,5,2,2,1,6
200600049046,0006-08-02 16:30:00,6,8,2,16,30,750,9,R HALEVY BD HAUSSMANN,,,Plein jour,En agglomération,Intersection à plus de 4 branches,Normale,Autre collision,,,,,,,,,,,1,2,5,1,6
200600049047,0006-08-02 18:35:00,6,8,2,18,35,750,16,40 R DE PASSY,,,Plein jour,En agglomération,Hors intersection,Normale,Autre collision,,,,,,,,,,,1,2,1,1,6
200600049048,0006-08-02 10:10:00,6,8,2,10,10,750,16,36 AV DU PDT KENNEDY,,,Plein jour,En agglomération,Hors intersection,Normale,Trois véhicules et plus - en chaîne,,,,,,,,,,,1,2,1,1,4
200600049049,0006-08-02 20:45:00,6,8,2,20,45,750,8,BD MALESHERBES PL SAINT,,,Plein jour,En agglomération,Intersection en X,Normale,Autre collision,,,,,,,,,,,1,2,2,1,6
200600049050,0006-08-08 15:25:00,6,8,8,15,25,750,5,R FOSS ST BERNARD QU SAI,,,Plein jour,En agglomération,Intersection en T,Normale,Deux véhicules - arrière,,,,,,,,,,,1,2,3,1,2
200600049051,0006-08-08 18:30:00,6,8,8,18,30,750,19,R LEON GIRAUD PAS DE THI,,,Plein jour,En agglomération,Intersection en T,Normale,Autre collision,,,,,,,,,,,1,2,3,1,6
200600049052,0006-08-01 03:20:00,6,8,1,3,20,750,6,R D ASSAS R DE VAUGIRARD,,,Nuit avec éclairage allumé,En agglomération,Intersection en X,Normale,Deux véhicules - côté,,,,,,,,,,,5,2,2,1,3
200600049053,0006-08-01 08:55:00,6,8,1,8,55,750,7,BD SAINT GERMAIN R SOLFE,,,Plein jour,En agglomération,Intersection en X,Pluie légère,Deux véhicules - côté,,,,,,,,,,,1,2,2,2,3
200600049054,0006-08-02 19:20:00,6,8,2,19,20,750,7,260 BD SAINT GERMAIN,,,Plein jour,En agglomération,Hors intersection,Normale,Autre collision,,,,,,,,,,,1,2,1,1,6
200600049055,0006-08-02 18:20:00,6,8,2,18,20,750,7,R  DUROC BD DES INVALIDE,,,Plein jour,En agglomération,Intersection en X,Normale,Deux véhicules - côté,,,,,,,,,,,1,2,2,1,3
200600049056,0006-08-02 17:10:00,6,8,2,17,10,750,8,SOU ETOILE,,,Plein jour,En agglomération,Hors intersection,Normale,Autre collision,,,,,,,,,,,1,2,1,1,6
200600049057,0006-08-02 14:20:00,6,8,2,14,20,750,14,R NANSOUTY AV RENE COTY,,,Plein jour,Hors agglomération,Intersection en X,Normale,Deux véhicules - côté,,,,,,,,,,,1,1,2,1,3
200600049058,0006-08-02 23:30:00,6,8,2,23,30,750,15,R ABBE GROULT R BLOMET,,,Nuit avec éclairage allumé,En agglomération,Intersection en X,Normale,Autre collision,,,,,,,,,,,5,2,2,1,6
200600049059,0006-08-02 16:15:00,6,8,2,16,15,750,15,R COLONEL P AVIA R LOUIS,,,Plein jour,En agglomération,Intersection en X,Normale,Autre collision,,,,,,,,,,,1,2,2,1,6
200600049060,0006-08-02 13:40:00,6,8,2,13,40,750,15,43 BD VICTOR,,,Plein jour,En agglomération,Hors intersection,Normale,Autre collision,,,,,,,,,,,1,2,1,1,6
200600049061,0006-08-02 19:00:00,6,8,2,19,0,750,17,11 AV DE SAINT OUEN,,,Plein jour,En agglomération,Hors intersection,Normale,Deux véhicules - côté,,,,,,,,,,,1,2,1,1,3
200600049062,0006-08-02 09:15:00,6,8,2,9,15,750,17,R A DE LA FORGE AV GRAND,,,Plein jour,En agglomération,Intersection en X,Normale,Deux véhicules - côté,,,,,,,,,,,1,2,2,1,3