accident_id,datetime,annee,mois,jour,heure,minute,departement,commune_insee,adresse,latitude,longitude,luminosite,agglomeration,intersection,meteo,collision,nb_vehicules,nb_usagers,nb_indemnes,nb_tues,nb_blesses_hosp,nb_blesses_legers,age_cond_1,age_cond_2,veh_type_cond_1,veh_type_cond_2,lum_code,agg_code,int_code,atm_code,col_code
200600049197,0006-08-13 15:20:00,6,8,13,15,20,750,8,AV CHAMPS ELYSEES AV MON,,,Plein jour,En agglomération,Intersection à plus de 4 branches,Pluie légère,Deux véhicules - arrière,,,,,,,,,,,1,2,5,2,2
200600049198,0006-08-13 18:15:00,6,8,13,18,15,750,14,R CAMPAGNE PREMIERE BD R,,,Plein jour,En agglomération,Intersection en T,Pluie légère,Deux véhicules - arrière,,,,,,,,,,,1,2,3,2,2
200600049199,0006-08-13 16:30:00,6,8,13,16,30,750,16,RTE DES MOULINS  RTE DE,,,Plein jour,En agglomération,Intersection en X,Pluie légère,Trois véhicules et plus - en chaîne,,,,,,,,,,,1,2,2,2,4
200600049200,0006-08-14 19:50:00,6,8,14,19,50,750,3,R REAUMUR BD DE SEBASTOP,,,Plein jour,En agglomération,Intersection en X,Normale,Deux véhicules - côté,,,,,,,,,,,1,2,2,1,3
200600049201,0006-08-20 00:20:00,6,8,20,0,20,750,13,BD DE L HOPITAL BD SAINT,,,Nuit avec éclairage allumé,En agglomération,Intersection en X,Normale,Deux véhicules - côté,,,,,,,,,,,5,2,2,1,3
200600049202,0006-08-15 14:05:00,6,8,15,14,5,750,8,PL DU CANADA AV F ROOSSE,,,Plein jour,En agglomération,Place,Normale,Deux véhicules - côté,,,,,,,,,,,1,2,7,1,3
200600049203,0006-08-15 21:35:00,6,8,15,21,35,750,16,L13225 AV DE NEW YORK,,,Nuit avec éclairage allumé,En agglomération,Hors intersection,Pluie légère,Autre collision,,,,,,,,,,,5,2,1,2,6
200600049204,0006-08-12 22:45:00,6,8,12,22,45,750,7,BD DES INVALIDES AV DE T,,,Nuit avec éclairage allumé,En agglomération,Intersection en T,Pluie légère,Autre collision,,,,,,,,,,,5,2,3,2,6
200600049205,0006-08-12 18:25:00,6,8,12,18,25,750,20,BD DAVOUT R MENDELSSOHN,,,Plein jour,En agglomération,Intersection en X,Pluie légère,Deux véhicules - côté,,,,,,,,,,,1,2,2,2,3
200600049206,0006-08-04 19:15:00,6,8,4,19,15,750,13,BPE ITALIE IVRY,,,Plein jour,En agglomération,Hors intersection,Normale,Trois véhicules et plus - en chaîne,,,,,,,,,,,1,2,1,1,4
200600049207,0006-08-14 16:16:00,6,8,14,16,16,750,4,PL DE  LA BASTILLE BD HE,,,Plein jour,En agglomération,Intersection en T,Pluie légère,Deux véhicules - côté,,,,,,,,,,,1,2,3,2,3
200600049208,0006-08-14 17:40:00,6,8,14,17,40,750,11,R OBERKAMPF AV PARMENTIE,,,Plein jour,En agglomération,Intersection en X,Normale,Deux véhicules - côté,,,,,,,,,,,1,2,2,1,3
200600049209,0006-08-14 15:20:00,6,8,14,15,20,750,12,30 AV DAUMESNIL,,,Plein jour,En agglomération,Hors intersection,Normale,Deux véhicules - arrière,,,,,,,,,,,1,2,1,1,2
200600049210,0006-08-14 15:40:00,6,8,14,15,40,750,16,10 AV DU  PDT KENNEDY,,,Plein jour,En agglomération,Hors intersection,Normale,Autre collision,,,,,,,,,,,1,2,1,1,6
200600049211,0006-08-14 12:30:00,6,8,14,12,30,750,18,R DES CLOYS R MONTCALM,,,Plein jour,En agglomération,Intersection en X,Normale,Deux véhicules - arrière,,,,,,,,,,,1,2,2,1,2
200600049212,0006-08-14 20:45:00,6,8,14,20,45,750,20,R DES ORTEAUX R VITRUVE,,,Crépuscule ou aube,En agglomération,Intersection en X,Normale,Deux véhicules - côté,,,,,,,,,,,2,2,2,1,3
200600049213,0006-08-15 21:15:00,6,8,15,21,15,750,18,R ORDENER  BD ORNANO,,,Nuit avec éclairage allumé,En agglomération,Intersection à plus de 4 branches,Normale,Deux véhicules - côté,,,,,,,,,,,5,2,5,1,3
200600049214,0006-08-15 12:05:00,6,8,15,12,5,750,18,R  D ORAN R LEON,,,Plein jour,En agglomération,Intersection en X,Normale,Deux véhicules - côté,,,,,,,,,,,1,2,2,1,3
200600049215,0006-08-12 11:25:00,6,8,12,11,25,750,19,72 R BOTZARIS,,,Plein jour,En agglomération,Hors intersection,Normale,Deux véhicules - côté,,,,,,,,,,,1,2,1,1,3
200600049216,0006-08-15 20:32:00,6,8,15,20,32,750,20,BD DE BELLEVILLE R DES C,,,Crépuscule ou aube,En agglomération,Intersection en T,Normale,Autre collision,,,,,,,,,,,2,2,3,1,6
200600049217,0006-08-16 10:30:00,6,8,16,10,30,750,1,AV GEN LEMONNIER R DE RI,,,Plein jour,En agglomération,Intersection en T,Normale,Autre collision,,,,,,,,,,,1,2,3,1,6
200600049218,0006-08-16 09:40:00,6,8,16,9,40,750,4,80 R DE RIVOLI,,,Plein jour,En agglomération,Hors intersection,Normale,Deux véhicules - côté,,,,,,,,,,,1,2,1,1,3
200600049219,0006-08-16 11:18:00,6,8,16,11,18,750,6,R MICHELET AV DE L OBSER,,,Plein jour,En agglomération,Intersection en X,Normale,Deux véhicules - côté,,,,,,,,,,,1,2,2,1,3
200600049220,0006-08-16 10:35:00,6,8,16,10,35,750,14,96 AV GENERAL LECLERC,,,Plein jour,En agglomération,Hors intersection,Pluie légère,Autre collision,,,,,,,,,,,1,2,1,2,6
200600049221,0006-08-16 17:50:00,6,8,16,17,50,750,14,8 PL DU 25 AOUT 1944,,,Plein jour,En agglomération,Hors intersection,Normale,Autre collision,,,,,,,,,,,1,2,1,1,6
200600049222,0006-08-16 11:25:00,6,8,16,11,25,750,18,61 R DE  LA CHAPELLE,,,Plein jour,En agglomération,Hors intersection,Normale,Deux véhicules - côté,,,,,,,,,,,1,2,1,1,3
200600049223,0006-08-16 19:00:00,6,8,16,19,0,750,18,R EUGENE CARRIERE R J DE,,,Plein jour,En agglomération,Intersection en Y,Normale,Deux véhicules - côté,,,,,,,,,,,1,2,4,1,3
200600049224,0006-08-16 00:01:00,6,8,16,0,1,750,19,R DE CRIMEE AV JEAN JAUR,,,Nuit avec éclairage allumé,En agglomération,Intersection en X,Normale,Deux véhicules - côté,,,,,,,,,,,5,2,2,1,3
200600049225,0006-08-17 11:20:00,6,8,17,11,20,750,1,AV GENERAL  LEMONNIER QU,,,Plein jour,En agglomération,Intersection en X,Normale,Deux véhicules - côté,,,,,,,,,,,1,2,2,1,3
200600049226,0006-08-17 08:44:00,6,8,17,8,44,750,1,22 R DU ROULE,,,Plein jour,En agglomération,Hors intersection,Normale,Autre collision,,,,,,,,,,,1,2,1,1,6
200600049227,0006-08-17 06:20:00,6,8,17,6,20,750,11,BD RICHARD LENOIR BD VOL,,,Nuit avec éclairage allumé,En agglomération,Intersection en X,Normale,Deux véhicules - côté,,,,,,,,,,,5,2,2,1,3
200600049228,0006-08-17 14:55:00,6,8,17,14,55,750,15,13 BD GL MARTIAL VALIN,,,Plein jour,En agglomération,Hors intersection,Normale,Deux véhicules - côté,,,,,,,,,,,1,2,1,1,3
200600049229,0006-08-17 09:05:00,6,8,17,9,5,750,17,AV DES CHASSEURS BD MALE,,,Plein jour,En agglomération,Intersection en X,Normale,Deux véhicules - côté,,,,,,,,,,,1,2,2,1,3
200600049230,0006-08-18 01:35:00,6,8,18,1,35,750,17,R DE TILSITT AV DE WAGRA,,,Nuit avec éclairage allumé,En agglomération,Intersection en X,Normale,Deux véhicules - côté,,,,,,,,,,,5,2,2,1,3
200600049231,0006-08-22 17:25:00,6,8,22,17,25,750,9,60 R CHAUSSEE D ANTIN,,,Plein jour,En agglomération,Hors intersection,Normale,Autre collision,,,,,,,,,,,1,2,1,1,6
200600049232,0006-08-22 19:15:00,6,8,22,19,15,750,17,48 AV DE SAINT OUEN,,,Plein jour,En agglomération,Hors intersection,Normale,Autre collision,,,,,,,,,,,1,2,1,1,6
200600049233,0006-08-23 01:45:00,6,8,23,1,45,750,12,BPI SAINT MANDE DOREE,,,Nuit avec éclairage allumé,En agglomération,Hors intersection,Normale,Sans collision,,,,,,,,,,,5,2,1,1,7
200600049234,0006-08-05 19:15:00,6,8,5,19,15,750,12,98 AV DAUMESNIL,,,Plein jour,En agglomération,Hors intersection,Normale,Deux véhicules - côté,,,,,,,,,,,1,2,1,1,3
200600049235,0006-08-16 17:05:00,6,8,16,17,5,750,19,R DE CRIMEE AV DE FLANDR,,,Plein jour,En agglomération,Intersection en X,Pluie légère,Autre collision,,,,,,,,,,,1,2,2,2,6
200600049236,0006-08-16 09:05:00,6,8,16,9,5,750,20,AV CARTELLIER ECH BAGNOL,,,Plein jour,En agglomération,Intersection en Y,Pluie légère,Deux véhicules - côté,,,,,,,,,,,1,2,4,2,3
200600049237,0006-08-17 13:35:00,6,8,17,13,35,750,19,PL MAQUIS VERCORS ECH LI,,,Plein jour,En agglomération,Intersection en T,Normale,Deux véhicules - côté,,,,,,,,,,,1,2,3,1,3
200600049238,0006-08-17 21:15:00,6,8,17,21,15,750,16,30 AV DE VERSAILLES,,,Plein jour,En agglomération,Hors intersection,Normale,Autre collision,,,,,,,,,,,1,2,1,1,6
200600049239,0006-08-18 21:05:00,6,8,18,21,5,750,3,R REAUMUR R VAUCANSON,,,Nuit avec éclairage allumé,En agglomération,Intersection à plus de 4 branches,Pluie légère,Deux véhicules - côté,,,,,,,,,,,5,2,5,2,3
200600049240,0006-08-18 16:54:00,6,8,18,16,54,750,12,L2553 RTE DE LA PYRAMIDE,,,Plein jour,En agglomération,Hors intersection,Pluie forte,Autre collision,,,,,,,,,,,1,2,1,3,6
200600049241,0006-08-18 17:50:00,6,8,18,17,50,750,13,164 R DE TOLBIAC,,,Plein jour,En agglomération,Hors intersection,Pluie légère,Autre collision,,,,,,,,,,,1,2,1,2,6
200600049242,0006-08-18 09:25:00,6,8,18,9,25,750,16,L8694 RTE DE SURESNES,,,Plein jour,En agglomération,Hors intersection,Normale,Autre collision,,,,,,,,,,,1,2,1,1,6
200600049243,0006-08-19 17:10:00,6,8,19,17,10,750,13,R BRUNESEAU BD MASSENA,,,Plein jour,En agglomération,Intersection en X,Normale,Deux véhicules - arrière,,,,,,,,,,,1,2,2,1,2
200600049244,0006-08-19 14:15:00,6,8,19,14,15,750,13,46 R DE TOLBIAC,,,Plein jour,En agglomération,Hors intersection,Normale,Deux véhicules - arrière,,,,,,,,,,,1,2,1,1,2
200600049245,0006-08-19 13:15:00,6,8,19,13,15,750,16,15 R LE MAROIS,,,Plein jour,En agglomération,Hors intersection,Pluie légère,Autre collision,,,,,,,,,,,1,2,1,2,6
200600049246,0006-08-19 16:55:00,6,8,19,16,55,750,16,34 BD AMIRAL BRUIX,,,Plein jour,En agglomération,Hors intersection,Temps couvert,Deux véhicules - côté,,,,,,,,,,,1,2,1,8,3
200600049247,0006-08-20 02:20:00,6,8,20,2,20,750,5,10 R MONGE,,,Nuit avec éclairage allumé,En agglomération,Hors intersection,Normale,Deux véhicules - arrière,,,,,,,,,,,5,2,1,1,2
200600049248,0006-08-17 10:45:00,6,8,17,10,45,750,2,BD SAINT DENIS BD DE SEB,,,Plein jour,En agglomération,Intersection en X,Temps couvert,Deux véhicules - côté,,,,,,,,,,,1,2,2,8,3
200600049249,0006-08-17 21:10:00,6,8,17,21,10,750,2,BD DE  SEBASTOPOL R DE T,,,Nuit avec éclairage allumé,En agglomération,Intersection en X,Pluie légère,Sans collision,,,,,,,,,,,5,2,2,2,7
200600049250,0006-08-17 21:30:00,6,8,17,21,30,750,17,64 AV GRANDE ARMEE,,,Nuit avec éclairage allumé,En agglomération,Hors intersection,Pluie légère,Deux véhicules - arrière,,,,,,,,,,,5,2,1,2,2
200600049251,0006-08-14 19:20:00,6,8,14,19,20,750,12,QU DE BERCY,,,Plein jour,En agglomération,Hors intersection,Normale,Deux véhicules - arrière,,,,,,,,,,,1,2,1,1,2
200600049252,0006-08-15 17:30:00,6,8,15,17,30,750,12,59 AV TER DE FRANCE,,,Plein jour,En agglomération,Hors intersection,Pluie légère,Autre collision,,,,,,,,,,,1,2,1,2,6
200600049253,0006-08-18 23:00:00,6,8,18,23,0,750,13,AV DE CHOISY BD MASSENA,,,Nuit avec éclairage allumé,En agglomération,Intersection en X,Normale,Deux véhicules - côté,,,,,,,,,,,5,2,2,1,3
200600049254,0006-08-20 13:10:00,6,8,20,13,10,750,5,10 BD DE PORT ROYAL,,,Plein jour,En agglomération,Hors intersection,Pluie légère,Autre collision,,,,,,,,,,,1,2,1,2,6
200600049255,0006-08-18 19:15:00,6,8,18,19,15,750,14,R CAMP PREMIERE BD RASPA,,,Plein jour,En agglomération,Intersection en Y,Pluie légère,Deux véhicules - arrière,,,,,,,,,,,1,2,4,2,2
200600049256,0006-08-18 19:15:00,6,8,18,19,15,750,14,250 BD RASPAIL,,,Plein jour,En agglomération,Hors intersection,Pluie légère,Sans collision,,,,,,,,,,,1,2,1,2,7
200600049257,0006-08-18 16:35:00,6,8,18,16,35,750,15,87 BD DE GRENELLE,,,Plein jour,En agglomération,Hors intersection,Pluie légère,Trois véhicules et plus - en chaîne,,,,,,,,,,,1,2,1,2,4
200600049258,0006-08-18 13:25:00,6,8,18,13,25,750,15,2 R MADEMOISELLE,,,Plein jour,En agglomération,Hors intersection,Temps couvert,Deux véhicules - côté,,,,,,,,,,,1,2,1,8,3
200600049259,0006-08-20 19:20:00,6,8,20,19,20,750,16,L15509 AV PRESIDENT WILS,,,Plein jour,En agglomération,Hors intersection,Normale,Sans collision,,,,,,,,,,,1,2,1,1,7
200600049260,0006-08-18 17:25:00,6,8,18,17,25,750,17,12 AV PORTE DE CLICHY,,,Plein jour,En agglomération,Hors intersection,Pluie légère,Deux véhicules - côté,,,,,,,,,,,1,2,1,2,3
200600049261,0006-08-18 18:25:00,6,8,18,18,25,750,17,186 AV DE CLICHY,,,Plein jour,En agglomération,Hors intersection,Pluie légère,Deux véhicules - côté,,,,,,,,,,,1,2,1,2,3
200600049262,0006-08-18 23:40:00,6,8,18,23,40,750,17,AV DE CLICHY R GUY MOQUE,,,Nuit avec éclairage allumé,En agglomération,Intersection en Y,Normale,Deux véhicules - arrière,,,,,,,,,,,5,2,4,1,2
200600049263,0006-08-18 16:55:00,6,8,18,16,55,750,17,PL GENERAL CATROUX BD MA,,,Plein jour,En agglomération,Intersection en X,Pluie légère,Deux véhicules - côté,,,,,,,,,,,1,2,2,2,3
200600049264,0006-08-20 20:10:00,6,8,20,20,10,750,18,BD BARBES R ORDENER,,,Plein jour,En agglomération,Intersection en X,Normale,Deux véhicules - côté,,,,,,,,,,,1,2,2,1,3
200600049265,0006-08-19 10:50:00,6,8,19,10,50,750,15,26 BD DE GRENELLE,,,Plein jour,En agglomération,Hors intersection,Normale,Autre collision,,,,,,,,,,,1,2,1,1,6
200600049266,0006-08-19 21:30:00,6,8,19,21,30,750,17,R DES BATIGNOLLES R LA C,,,Plein jour,En agglomération,Intersection en X,Pluie légère,Deux véhicules - côté,,,,,,,,,,,1,2,2,2,3
200600049267,0006-08-21 19:14:00,6,8,21,19,14,750,18,100 BD ROCHECHOUART,,,Plein jour,En agglomération,Hors intersection,Temps couvert,Autre collision,,,,,,,,,,,1,2,1,8,6
200600049268,0006-08-24 06:10:00,6,8,24,6,10,750,12,BD DIDEROT R CROZATIER,,,Plein jour,En agglomération,Intersection en X,Normale,Deux véhicules - côté,,,,,,,,,,,1,2,2,1,3
200600049269,0006-08-17 20:50:00,6,8,17,20,50,750,1,R AMIRAL COLIGNY R DE RI,,,Nuit avec éclairage allumé,En agglomération,Intersection en X,Pluie légère,Deux véhicules - arrière,,,,,,,,,,,5,2,2,2,2
200600049270,0006-08-18 18:20:00,6,8,18,18,20,750,1,182 R SAINT HONORE,,,Plein jour,En agglomération,Hors intersection,Pluie légère,Deux véhicules - côté,,,,,,,,,,,1,2,1,2,3
200600049271,0006-08-18 12:20:00,6,8,18,12,20,750,1,R DE RIVOLI BD DE SEBAST,,,Plein jour,En agglomération,Intersection en X,Normale,Deux véhicules - côté,,,,,,,,,,,1,2,2,1,3
200600049272,0006-08-18 21:20:00,6,8,18,21,20,750,20,R DE BELLEVILLE R PIAT,,,Nuit avec éclairage allumé,En agglomération,Intersection en X,Normale,Deux véhicules - côté,,,,,,,,,,,5,2,2,1,3
200600049273,0006-08-19 02:10:00,6,8,19,2,10,750,1,R ETIENNE MARCEL R DU LO,,,Nuit avec éclairage allumé,En agglomération,Intersection en X,Normale,Deux véhicules - côté,,,,,,,,,,,5,2,2,1,3
200600049274,0006-08-19 10:20:00,6,8,19,10,20,750,1,R DE RIVOLI R SAINT FLOR,,,Plein jour,En agglomération,Intersection en X,Temps couvert,Autre collision,,,,,,,,,,,1,2,2,8,6
200600049275,0006-08-20 16:55:00,6,8,20,16,55,750,1,5 PL ANDRE MALRAUX,,,Plein jour,En agglomération,Hors intersection,Pluie légère,Autre collision,,,,,,,,,,,1,2,1,2,6
200600049276,0006-08-21 19:51:00,6,8,21,19,51,750,6,146 R DE RENNES,,,Plein jour,En agglomération,Hors intersection,Pluie forte,Autre collision,,,,,,,,,,,1,2,1,3,6
200600049277,0006-08-21 13:15:00,6,8,21,13,15,750,6,R N D DES CHAMPS R VAVIN,,,Plein jour,En agglomération,Intersection en X,Normale,Deux véhicules - côté,,,,,,,,,,,1,2,2,1,3
200600049278,0006-08-21 21:00:00,6,8,21,21,0,750,11,R  CHARRIERE AV PARMENTI,,,Nuit avec éclairage allumé,En agglomération,Intersection en X,Pluie légère,Deux véhicules - côté,,,,,,,,,,,5,2,2,2,3
200600049279,0006-08-21 08:50:00,6,8,21,8,50,750,18,4 BD NEY,,,Plein jour,En agglomération,Hors intersection,Normale,Autre collision,,,,,,,,,,,1,2,1,1,6
200600049280,0006-08-24 20:05:00,6,8,24,20,5,750,12,60 BD DE REUILLY,,,Plein jour,En agglomération,Hors intersection,Normale,Deux véhicules - côté,,,,,,,,,,,1,2,1,1,3
200600049281,0006-08-16 20:00:00,6,8,16,20,0,750,8,R TRONCHET R VIGNON,,,Plein jour,En agglomération,Intersection en Y,Normale,Deux véhicules - côté,,,,,,,,,,,1,2,4,1,3
200600049282,0006-08-18 12:15:00,6,8,18,12,15,750,16,94 R BOILEAU,,,Plein jour,En agglomération,Hors intersection,Normale,Autre collision,,,,,,,,,,,1,2,1,1,6
200600049283,0006-08-20 11:45:00,6,8,20,11,45,750,9,PL D ANVERS BD DE ROCHEC,,,Plein jour,En agglomération,Intersection en X,Temps couvert,Deux véhicules - côté,,,,,,,,,,,1,2,2,8,3
200600049284,0006-08-21 16:50:00,6,8,21,16,50,750,1,R DES DEUX BOULES  R L S,,,Plein jour,En agglomération,Intersection en T,Pluie légère,Autre collision,,,,,,,,,,,1,2,3,2,6
200600049285,0006-08-21 11:25:00,6,8,21,11,25,750,11,4 BD RICHARD LENOIR,,,Plein jour,En agglomération,Hors intersection,Normale,Deux véhicules - arrière,,,,,,,,,,,1,2,1,1,2
200600049286,0006-08-21 09:30:00,6,8,21,9,30,750,15,26 QU D ISSY LES MOULINE,,,Plein jour,En agglomération,Hors intersection,Normale,Deux véhicules - côté,,,,,,,,,,,1,2,1,1,3
200600049287,0006-08-21 15:20:00,6,8,21,15,20,750,16,R GALILEE AV KLEBER,,,Plein jour,En agglomération,Intersection en Y,Normale,Sans collision,,,,,,,,,,,1,2,4,1,7
200600049288,0006-08-22 20:04:00,6,8,22,20,4,750,3,R  AUX OURS BD SEBASTOPO,,,Plein jour,En agglomération,Intersection en X,Normale,Deux véhicules - côté,,,,,,,,,,,1,2,2,1,3
200600049289,0006-08-22 10:55:00,6,8,22,10,55,750,15,R BLOMET R PETEL,,,Plein jour,En agglomération,Intersection en X,Normale,Autre collision,,,,,,,,,,,1,2,2,1,6
200600049290,0006-08-22 14:20:00,6,8,22,14,20,750,18,R F DE CROISSET AV PTE C,,,Plein jour,En agglomération,Intersection en X,Normale,Deux véhicules - côté,,,,,,,,,,,1,2,2,1,3
200600049291,0006-08-22 12:15:00,6,8,22,12,15,750,18,156 R MARCADET,,,Plein jour,En agglomération,Hors intersection,Normale,Deux véhicules - arrière,,,,,,,,,,,1,2,1,1,2
200600049292,0006-08-25 09:15:00,6,8,25,9,15,750,7,PL PALAIS BOURBON R UNIV,,,Plein jour,En agglomération,Intersection en X,Normale,Deux véhicules - côté,,,,,,,,,,,1,2,2,1,3
200600049293,0006-08-25 12:30:00,6,8,25,12,30,750,16,56 AV RAYMOND POINCARE,,,Plein jour,En agglomération,Hors intersection,Normale,Deux véhicules - côté,,,,,,,,,,,1,2,1,1,3
200600049294,0006-08-26 20:14:00,6,8,26,20,14,750,16,R DURET R PICCINI,,,Plein jour,En agglomération,Intersection en X,Normale,Deux véhicules - côté,,,,,,,,,,,1,2,2,1,3
200600049295,0006-08-27 01:25:00,6,8,27,1,25,750,18,BD DE LA CHAPELLE R PH D,,,Nuit avec éclairage allumé,En agglomération,Intersection en X,Normale,Deux véhicules - côté,,,,,,,,,,,5,2,2,1,3
200600049296,0006-08-27 18:00:00,6,8,27,18,0,750,20,10 R DES FOUGERES,,,Plein jour,En agglomération,Hors intersection,Temps couvert,Autre collision,,,,,,,,,,,1,2,1,8,6
200600049297,0006-08-11 12:50:00,6,8,11,12,50,750,10,123 QU DE VALMY,,,Plein jour,En agglomération,Hors intersection,Normale,Deux véhicules - arrière,,,,,,,,,,,1,2,1,1,2
200600049298,0006-08-15 21:47:00,6,8,15,21,47,750,10,R DE DUNKERQUE BD DE MAG,,,Nuit avec éclairage allumé,En agglomération,Intersection en Y,Normale,Deux véhicules - côté,,,,,,,,,,,5,2,4,1,3
200600049299,0006-08-17 07:55:00,6,8,17,7,55,750,10,BD DE MAGENTA BD DE STRA,,,Plein jour,En agglomération,Intersection en X,Normale,Deux véhicules - côté,,,,,,,,,,,1,2,2,1,3
200600049300,0006-08-18 16:40:00,6,8,18,16,40,750,19,AV PORTE DE PANTIN RTE D,,,Plein jour,En agglomération,Intersection en X,Pluie légère,Sans collision,,,,,,,,,,,1,2,2,2,7
200600049301,0006-08-19 18:18:00,6,8,19,18,18,750,4,R DES BARRES QU DE L HOT,,,Plein jour,En agglomération,Intersection en X,Temps couvert,Deux véhicules - côté,,,,,,,,,,,1,2,2,8,3
200600049302,0006-08-21 20:20:00,6,8,21,20,20,750,8,59 BD DE BATIGNOLLES,,,Nuit avec éclairage allumé,En agglomération,Hors intersection,Pluie légère,Autre collision,,,,,,,,,,,5,2,1,2,6
200600049303,0006-08-21 21:05:00,6,8,21,21,5,750,8,AV DE FRIEDLAND PL G GUI,,,Nuit avec éclairage allumé,En agglomération,Intersection en Y,Pluie légère,Deux véhicules - côté,,,,,,,,,,,5,2,4,2,3
200600049304,0006-08-21 05:55:00,6,8,21,5,55,750,8,156 AV CHAMPS ELYSEES,,,Nuit avec éclairage allumé,En agglomération,Hors intersection,Normale,Deux véhicules - arrière,,,,,,,,,,,5,2,1,1,2
200600049305,0006-08-21 14:00:00,6,8,21,14,0,750,14,R DE L OUEST R TEXEL,,,Plein jour,En agglomération,Intersection en X,Temps couvert,Deux véhicules - côté,,,,,,,,,,,1,2,2,8,3
200600049306,0006-08-22 18:10:00,6,8,22,18,10,750,19,42 AV SIMON BOLIVAR,,,Plein jour,En agglomération,Hors intersection,Normale,Autre collision,,,,,,,,,,,1,2,1,1,6
200600049307,0006-08-22 14:07:00,6,8,22,14,7,750,19,R EURYALE DEHAYNIN AV JE,,,Plein jour,En agglomération,Intersection en T,Normale,Autre collision,,,,,,,,,,,1,2,3,1,6
200600049308,0006-08-22 17:40:00,6,8,22,17,40,750,4,14 R DE RIVOLI,,,Plein jour,En agglomération,Hors intersection,Normale,Sans collision,,,,,,,,,,,1,2,1,1,7
200600049309,0006-08-22 19:20:00,6,8,22,19,20,750,4,2 R DES ARCHIVES,,,Plein jour,En agglomération,Hors intersection,Normale,Autre collision,,,,,,,,,,,1,2,1,1,6
200600049310,0006-08-22 13:45:00,6,8,22,13,45,750,19,12 AV DE FLANDRE,,,Plein jour,En agglomération,Hors intersection,Normale,Deux véhicules - côté,,,,,,,,,,,1,2,1,1,3
200600049311,0006-08-23 23:00:00,6,8,23,23,0,750,6,BD RASPAIL R DE SEVRES,,,Nuit avec éclairage allumé,En agglomération,Intersection en Y,Normale,Deux véhicules - arrière,,,,,,,,,,,5,2,4,1,2
200600049312,0006-08-23 05:10:00,6,8,23,5,10,750,18,BD DE LA CHAPELLE R MARX,,,Nuit avec éclairage allumé,En agglomération,Intersection en X,Normale,Deux véhicules - côté,,,,,,,,,,,5,2,2,1,3
200600049313,0006-08-23 13:10:00,6,8,23,13,10,750,10,36 R FG SAINT DENIS,,,Plein jour,En agglomération,Hors intersection,Normale,Autre collision,,,,,,,,,,,1,2,1,1,6
200600049314,0006-08-23 23:15:00,6,8,23,23,15,750,10,BD DE MAGENTA BD DE STRA,,,Nuit avec éclairage allumé,En agglomération,Intersection en X,Normale,Deux véhicules - côté,,,,,,,,,,,5,2,2,1,3
200600049315,0006-08-23 18:00:00,6,8,23,18,0,750,10,210 R FG SAINT MARTIN,,,Plein jour,En agglomération,Hors intersection,Normale,Autre collision,,,,,,,,,,,1,2,1,1,6
200600049316,0006-08-23 16:45:00,6,8,23,16,45,750,10,PL FRANZ LISZT R LA FAYE,,,Plein jour,En agglomération,Intersection en X,Normale,Sans collision,,,,,,,,,,,1,2,2,1,7
200600049317,0006-08-28 15:50:00,6,8,28,15,50,750,17,36 BESSIERES,,,Plein jour,En agglomération,Hors intersection,Normale,Autre collision,,,,,,,,,,,1,2,1,1,6
200600049318,0006-08-29 11:45:00,6,8,29,11,45,750,16,102 AV RAYMOND POINCARE,,,Plein jour,En agglomération,Hors intersection,Normale,Deux véhicules - arrière,,,,,,,,,,,1,2,1,1,2
200600049319,0006-08-29 14:45:00,6,8,29,14,45,750,8,AV CHAMPS ELYSES R P CHA,,,Plein jour,En agglomération,Intersection à plus de 4 branches,Pluie forte,Sans collision,,,,,,,,,,,1,2,5,3,7
200600049320,0006-08-30 06:20:00,6,8,30,6,20,750,5,R FOSSE ST BERNARD QU ST,,,Crépuscule ou aube,En agglomération,Intersection en X,Normale,Deux véhicules - côté,,,,,,,,,,,2,2,2,1,3
200600049321,0006-08-01 16:00:00,6,8,1,16,0,750,18,ECH CHAPELLE,,,Plein jour,En agglomération,Hors intersection,Normale,Autre collision,,,,,,,,,,,1,2,1,1,6
200600049322,0006-08-11 12:55:00,6,8,11,12,55,750,12,AV DAUMESNIL BD DE LA GU,,,Plein jour,En agglomération,Intersection en X,Normale,Deux véhicules - côté,,,,,,,,,,,1,2,2,1,3
200600049323,0006-08-21 18:05:00,6,8,21,18,5,750,20,37 CRS DE VINCENNES,,,Plein jour,En agglomération,Hors intersection,Pluie légère,Deux véhicules - côté,,,,,,,,,,,1,2,1,2,3
200600049324,0006-08-23 18:50:00,6,8,23,18,50,750,15,R DE LA CONVENTION R EUG,,,Plein jour,En agglomération,Intersection en X,Normale,Deux véhicules - côté,,,,,,,,,,,1,2,2,1,3
200600049325,0006-08-23 09:50:00,6,8,23,9,50,750,13,66 R DE TOLBIAC,,,Plein jour,En agglomération,Hors intersection,Normale,Autre collision,,,,,,,,,,,1,2,1,1,6
200600049326,0006-08-23 13:45:00,6,8,23,13,45,750,13,QU PAN ET LEVASSOR R THO,,,Plein jour,En agglomération,Intersection en T,Normale,Deux véhicules - côté,,,,,,,,,,,1,2,3,1,3
200600049327,0006-08-23 14:00:00,6,8,23,14,0,750,13,R GODEFROY PL D ITALIE,,,Plein jour,En agglomération,Intersection en T,Normale,Sans collision,,,,,,,,,,,1,2,3,1,7
200600049328,0006-08-23 10:20:00,6,8,23,10,20,750,7,PT CONCORDE QU D ORSAY,,,Plein jour,En agglomération,Intersection en X,Normale,Deux véhicules - côté,,,,,,,,,,,1,2,2,1,3
200600049329,0006-08-23 19:05:00,6,8,23,19,5,750,7,R DUQUESNE AV DE LOWENDA,,,Plein jour,En agglomération,Intersection en X,Normale,Deux véhicules - côté,,,,,,,,,,,1,2,2,1,3