accident_id,datetime,annee,mois,jour,heure,minute,departement,commune_insee,adresse,latitude,longitude,luminosite,agglomeration,intersection,meteo,collision,nb_vehicules,nb_usagers,nb_indemnes,nb_tues,nb_blesses_hosp,nb_blesses_legers,age_cond_1,age_cond_2,veh_type_cond_1,veh_type_cond_2,lum_code,agg_code,int_code,atm_code,col_code
200600049729,0006-08-22 08:00:00,6,8,22,8,0,840,7,"59, SIXTE ISNARD (Boulev",,,Plein jour,Hors agglomération,Hors intersection,Normale,Deux véhicules - arrière,,,,,,,,,,,1,1,1,1,2
200600049730,0006-08-19 11:40:00,6,8,19,11,40,840,7,PIERRE SEMARD (avenue),,,Plein jour,En agglomération,Hors intersection,Normale,Deux véhicules - côté,,,,,,,,,,,1,2,1,1,3
200600049731,0006-08-23 17:15:00,6,8,23,17,15,840,7,MISTRAL7  (Parking C.Com,,,Plein jour,Hors agglomération,Autre intersection,Normale,Deux véhicules - côté,,,,,,,,,,,1,1,9,1,3
200600049732,0006-08-31 10:55:00,6,8,31,10,55,840,7,VALENTE (Avenue Charles),,,Plein jour,En agglomération,Intersection en T,Normale,Deux véhicules - côté,,,,,,,,,,,1,2,3,1,3
200600049733,0006-08-26 18:30:00,6,8,26,18,30,840,7,MONTFAVET (Route),,,Plein jour,En agglomération,Hors intersection,Normale,Autre collision,,,,,,,,,,,1,2,1,1,6
200600049734,0006-08-11 10:30:00,6,8,11,10,30,840,31,FENOUIL EMILE ET PAUL,,,Plein jour,En agglomération,Intersection en X,Normale,Autre collision,,,,,,,,,,,1,2,2,1,6
200600049735,0006-08-20 18:05:00,6,8,20,18,5,840,80,SAINT GENS CHEMIN DE,,,Plein jour,Hors agglomération,Hors intersection,Normale,Deux véhicules - frontale,,,,,,,,,,,1,1,1,1,1
200600049736,0006-08-01 18:25:00,6,8,1,18,25,840,35,"000, COLLINE SAINT JACQU",,,Plein jour,En agglomération,Hors intersection,Normale,Deux véhicules - côté,,,,,,,,,,,1,2,1,1,3
200600049737,0006-08-01 22:55:00,6,8,1,22,55,840,35,"000, COLLINE SAINT JACQU",,,Nuit avec éclairage allumé,En agglomération,Hors intersection,Normale,Sans collision,,,,,,,,,,,5,2,1,1,7
200600049738,0006-08-03 19:42:00,6,8,3,19,42,840,35,"000, LIBERATION (AVENUE",,,Crépuscule ou aube,En agglomération,Hors intersection,Normale,Deux véhicules - côté,,,,,,,,,,,2,2,1,1,3
200600049739,0006-08-05 20:40:00,6,8,5,20,40,840,35,"000, EUROPE (BOULEVARD D",,,Crépuscule ou aube,En agglomération,Hors intersection,Normale,Deux véhicules - frontale,,,,,,,,,,,2,2,1,1,1
200600049740,0006-08-07 06:40:00,6,8,7,6,40,840,35,"000, BERGERS (RUE DES)",,,Crépuscule ou aube,Hors agglomération,Hors intersection,Normale,Sans collision,,,,,,,,,,,2,1,1,1,7
200600049741,0006-08-10 06:20:00,6,8,10,6,20,840,35,STALINGRAD (AVENUE DE),,,Crépuscule ou aube,En agglomération,Intersection en X,Normale,Deux véhicules - côté,,,,,,,,,,,2,2,2,1,3
200600049742,0006-08-10 15:30:00,6,8,10,15,30,840,35,"000, ISLE/SORGUE-RD 938",,,Plein jour,Hors agglomération,Hors intersection,Normale,Deux véhicules - arrière,,,,,,,,,,,1,1,1,1,2
200600049743,0006-08-15 22:35:00,6,8,15,22,35,840,35,RD.973,,,Nuit sans éclairage public,Hors agglomération,Hors intersection,Normale,Deux véhicules - arrière,,,,,,,,,,,3,1,1,1,2
200600049744,0006-08-18 10:00:00,6,8,18,10,0,840,35,BANON (ROUTE DE),,,Plein jour,Hors agglomération,Hors intersection,Normale,Deux véhicules - côté,,,,,,,,,,,1,1,1,1,3
200600049745,0006-08-19 14:35:00,6,8,19,14,35,840,35,"000, R.D. 31",,,Plein jour,Hors agglomération,Hors intersection,Normale,Sans collision,,,,,,,,,,,1,1,1,1,7
200600049746,0006-08-22 07:45:00,6,8,22,7,45,840,35,RD.973,,,Plein jour,Hors agglomération,Hors intersection,Normale,Deux véhicules - côté,,,,,,,,,,,1,1,1,1,3
200600049747,0006-08-23 11:09:00,6,8,23,11,9,840,35,"000, ROBION-RD2 (ROUTE D",,,Plein jour,Hors agglomération,Hors intersection,Normale,Deux véhicules - arrière,,,,,,,,,,,1,1,1,1,2
200600049748,0006-08-25 12:25:00,6,8,25,12,25,840,35,"000, LAGNES-RD24 (ROUTE",,,Plein jour,Hors agglomération,Hors intersection,Normale,Deux véhicules - côté,,,,,,,,,,,1,1,1,1,3
200600049749,0006-08-27 12:48:00,6,8,27,12,48,840,35,"000, ISLE/SORGUE-RD 938",,,Plein jour,Hors agglomération,Hors intersection,Normale,Deux véhicules - côté,,,,,,,,,,,1,1,1,1,3
200600049750,0006-08-29 19:15:00,6,8,29,19,15,840,35,"000, CRAU-CR32 (CHEMIN D",,,Plein jour,Hors agglomération,Hors intersection,Normale,Deux véhicules - frontale,,,,,,,,,,,1,1,1,1,1
200600049751,0006-08-03 00:10:00,6,8,3,0,10,840,87,"814, CROIX ROUGE (CHEMIN",,,Nuit sans éclairage public,En agglomération,Hors intersection,Normale,Autre collision,,,,,,,,,,,3,2,1,1,6
200600049752,0006-08-11 11:50:00,6,8,11,11,50,840,87,"3, VIEUX FOSSES (RUE DES",,,Plein jour,En agglomération,Autre intersection,Normale,Sans collision,,,,,,,,,,,1,2,9,1,7
200600049753,0006-08-01 12:00:00,6,8,1,12,0,840,89,"973, HUIT MAI (AVENUE DU",,,Plein jour,En agglomération,Hors intersection,Normale,Sans collision,,,,,,,,,,,1,2,1,1,7
200600049754,0006-08-24 15:00:00,6,8,24,15,0,840,89,"., VERDUN (AVENUE DE)",,,Plein jour,En agglomération,Autre intersection,Normale,Deux véhicules - côté,,,,,,,,,,,1,2,9,1,3
200600049755,0006-08-08 14:10:00,6,8,8,14,10,850,191,"69, ANGLETERRE BOULEVARD",,,Plein jour,En agglomération,Hors intersection,Normale,Autre collision,,,,,,,,,,,1,2,1,1,6
200600049756,0006-08-12 19:35:00,6,8,12,19,35,850,191,"0, DERVIEUX RUE MAXIME",,,Plein jour,Hors agglomération,Intersection en X,Normale,Sans collision,,,,,,,,,,,1,1,2,1,7
200600049757,0006-08-12 14:00:00,6,8,12,14,0,850,191,"0, PALISSY ROND-POINT BE",,,Plein jour,En agglomération,Giratoire,Normale,Deux véhicules - côté,,,,,,,,,,,1,2,6,1,3
200600049758,0006-08-18 17:30:00,6,8,18,17,30,850,191,"31, ETATS UNIS BOULEVARD",,,Plein jour,En agglomération,Intersection en T,Normale,Deux véhicules - arrière,,,,,,,,,,,1,2,3,1,2
200600049759,0006-08-22 17:25:00,6,8,22,17,25,850,191,"0, SIMBRANDIERE RUE DE L",,,Plein jour,En agglomération,Hors intersection,Normale,Deux véhicules - côté,,,,,,,,,,,1,2,1,1,3
200600049760,0006-08-26 01:25:00,6,8,26,1,25,850,191,"0, ROUTE NATIONALE 160",,,Nuit avec éclairage allumé,Hors agglomération,Hors intersection,Normale,Deux véhicules - frontale,,,,,,,,,,,5,1,1,1,1
200600049761,0006-08-31 17:35:00,6,8,31,17,35,850,191,"0, PAPIN BOULEVARD DENIS",,,Plein jour,En agglomération,Intersection en T,Normale,Deux véhicules - côté,,,,,,,,,,,1,2,3,1,3
200600049762,0006-08-01 02:50:00,6,8,1,2,50,850,194,"., VIVIER (RUE DU)",,,Nuit sans éclairage public,En agglomération,Hors intersection,Pluie légère,Autre collision,,,,,,,,,,,3,2,1,2,6
200600049763,0006-08-10 11:20:00,6,8,10,11,20,850,194,REPUBLIQUE (RUE DE LA),,,Plein jour,En agglomération,Autre intersection,Normale,Deux véhicules - frontale,,,,,,,,,,,1,2,9,1,1
200600049764,0006-08-18 15:50:00,6,8,18,15,50,850,194,SCHWEITZER (RUE DU DOCTE,,,Plein jour,En agglomération,Intersection en X,Normale,Deux véhicules - côté,,,,,,,,,,,1,2,2,1,3
200600049765,0006-08-19 06:35:00,6,8,19,6,35,850,194,NANTES (ROUTE DE),,,Nuit sans éclairage public,En agglomération,Hors intersection,Pluie légère,Autre collision,,,,,,,,,,,3,2,1,2,6
200600049766,0006-08-18 19:55:00,6,8,18,19,55,850,194,PAS DU BOIS 'AVENUE DU),,,Plein jour,En agglomération,Hors intersection,Normale,Autre collision,,,,,,,,,,,1,2,1,1,6
200600049767,0006-08-21 12:45:00,6,8,21,12,45,850,194,GODET (PROMENADE GEORGES,,,Plein jour,En agglomération,Hors intersection,Pluie légère,Autre collision,,,,,,,,,,,1,2,1,2,6
200600049768,0006-08-20 20:35:00,6,8,20,20,35,850,194,ADER (RUE CLEMENT),,,Plein jour,En agglomération,Autre intersection,Normale,Sans collision,,,,,,,,,,,1,2,9,1,7
200600049769,0006-08-24 07:55:00,6,8,24,7,55,860,66,"., BRUYERE (CHEMIN DE LA",,,Plein jour,Hors agglomération,Intersection en X,Normale,Deux véhicules - côté,,,,,,,,,,,1,1,2,1,3
200600049770,0006-08-25 19:00:00,6,8,25,19,0,860,66,"206, DE LATTRE DE TASSIG",,,Plein jour,En agglomération,Hors intersection,Normale,Sans collision,,,,,,,,,,,1,2,1,1,7
200600049771,0006-08-02 00:55:00,6,8,2,0,55,860,194,"91, GRAND CERF (BOULEVAR",,,Nuit avec éclairage allumé,En agglomération,Hors intersection,Normale,Autre collision,,,,,,,,,,,5,2,1,1,6
200600049772,0006-08-04 19:35:00,6,8,4,19,35,860,214,MON REPOS (ROUTE DE),,,Plein jour,Hors agglomération,Intersection en T,Normale,Deux véhicules - côté,,,,,,,,,,,1,1,3,1,3
200600049773,0006-08-09 13:45:00,6,8,9,13,45,860,194,"., MARBOURG (RUE DE)",,,Plein jour,En agglomération,Intersection en X,Normale,Autre collision,,,,,,,,,,,1,2,2,1,6
200600049774,0006-08-10 15:35:00,6,8,10,15,35,860,194,11 NOVEMBRE (AVENUE DU),,,Plein jour,En agglomération,Intersection en X,Normale,Deux véhicules - côté,,,,,,,,,,,1,2,2,1,3
200600049775,0006-08-10 16:50:00,6,8,10,16,50,860,157,RN.147,,,Plein jour,Hors agglomération,Passage à niveau,Normale,Trois véhicules et plus - en chaîne,,,,,,,,,,,1,1,8,1,4
200600049776,0006-08-11 19:20:00,6,8,11,19,20,860,194,"., IAROSLAV (AVENUE DE)",,,Plein jour,En agglomération,Hors intersection,Normale,Deux véhicules - arrière,,,,,,,,,,,1,2,1,1,2
200600049777,0006-08-13 17:55:00,6,8,13,17,55,860,194,"., PARIS (AVENUE DE)",,,Plein jour,En agglomération,Hors intersection,Normale,Deux véhicules - côté,,,,,,,,,,,1,2,1,1,3
200600049778,0006-08-13 20:20:00,6,8,13,20,20,860,194,"01, JEANNE D'ARC (BOULEV",,,Plein jour,En agglomération,Place,Normale,Deux véhicules - côté,,,,,,,,,,,1,2,7,1,3
200600049779,0006-08-14 20:05:00,6,8,14,20,5,860,194,"129, COURS (PROMENADE DE",,,Plein jour,En agglomération,Hors intersection,Normale,Autre collision,,,,,,,,,,,1,2,1,1,6
200600049780,0006-08-16 09:20:00,6,8,16,9,20,860,194,BONNEUIL MATOURS (ROUTE,,,Plein jour,Hors agglomération,Hors intersection,Normale,Autre collision,,,,,,,,,,,1,1,1,1,6
200600049781,0006-08-16 18:15:00,6,8,16,18,15,860,194,"., PETIT ETANG (CHEMIN D",,,Plein jour,En agglomération,Intersection en T,Pluie légère,Deux véhicules - côté,,,,,,,,,,,1,2,3,2,3
200600049782,0006-08-16 19:00:00,6,8,16,19,0,860,194,BOURGOGNE (RUE DE),,,Plein jour,En agglomération,Hors intersection,Pluie légère,Autre collision,,,,,,,,,,,1,2,1,2,6
200600049783,0006-08-16 22:50:00,6,8,16,22,50,860,194,"171, PARIS (AVENUE DE)",,,Nuit avec éclairage allumé,En agglomération,Hors intersection,Normale,Deux véhicules - frontale,,,,,,,,,,,5,2,1,1,1
200600049784,0006-08-18 12:20:00,6,8,18,12,20,860,194,JACQUES COEUR (AVENUE),,,Plein jour,En agglomération,Hors intersection,Normale,Deux véhicules - frontale,,,,,,,,,,,1,2,1,1,1
200600049785,0006-08-21 12:25:00,6,8,21,12,25,860,157,"ROND POINT CHU, RN 147",,,Plein jour,Hors agglomération,Hors intersection,Normale,Autre collision,,,,,,,,,,,1,1,1,1,6
200600049786,0006-08-22 11:30:00,6,8,22,11,30,860,194,"243, NANTES (AVENUE DE)",,,Plein jour,En agglomération,Hors intersection,Normale,Deux véhicules - arrière,,,,,,,,,,,1,2,1,1,2
200600049787,0006-08-22 13:55:00,6,8,22,13,55,860,194,"58, JEAN JAURES (RUE)",,,Plein jour,En agglomération,Hors intersection,Normale,Deux véhicules - arrière,,,,,,,,,,,1,2,1,1,2
200600049788,0006-08-25 21:40:00,6,8,25,21,40,860,157,RN.151,,,Nuit sans éclairage public,Hors agglomération,Hors intersection,Normale,Sans collision,,,,,,,,,,,3,1,1,1,7
200600049789,0006-08-31 14:45:00,6,8,31,14,45,860,41,RN 147 BUXEROLLES,,,Plein jour,Hors agglomération,Hors intersection,Normale,Deux véhicules - arrière,,,,,,,,,,,1,1,1,1,2
200600049790,0006-08-01 07:55:00,6,8,1,7,55,870,85,"22, GAGNANT (AVENUE JEAN",,,Plein jour,En agglomération,Hors intersection,Normale,Autre collision,,,,,,,,,,,1,2,1,1,6
200600049791,0006-08-01 11:11:00,6,8,1,11,11,870,75,RN 21,,,Plein jour,Hors agglomération,Hors intersection,Normale,Autre collision,,,,,,,,,,,1,1,1,1,6
200600049792,0006-08-01 17:15:00,6,8,1,17,15,870,85,"1, MAS-BOUYOL  (CITE ET",,,Plein jour,En agglomération,Hors intersection,Normale,Trois véhicules et plus - en chaîne,,,,,,,,,,,1,2,1,1,4
200600049793,0006-08-01 20:40:00,6,8,1,20,40,870,85,DALI (RUE SALVADOR),,,Plein jour,Hors agglomération,Hors intersection,Normale,Autre collision,,,,,,,,,,,1,1,1,1,6
200600049794,0006-08-02 12:19:00,6,8,2,12,19,870,75,D79,,,Plein jour,Hors agglomération,Hors intersection,Pluie légère,Sans collision,,,,,,,,,,,1,1,1,2,7
200600049795,0006-08-02 18:10:00,6,8,2,18,10,870,85,"3, PORTE PANET (RUE)",,,Plein jour,En agglomération,Hors intersection,Pluie légère,Autre collision,,,,,,,,,,,1,2,1,2,6
200600049796,0006-08-03 18:23:00,6,8,3,18,23,870,85,BEL AIR (BOULEVARD DE),,,Plein jour,En agglomération,Hors intersection,Normale,Deux véhicules - côté,,,,,,,,,,,1,2,1,1,3
200600049797,0006-08-04 18:10:00,6,8,4,18,10,870,48,RD 11,,,Plein jour,Hors agglomération,Hors intersection,Normale,Sans collision,,,,,,,,,,,1,1,1,1,7
200600049798,0006-08-04 21:40:00,6,8,4,21,40,870,85,"43, LIBERATION (AVENUE D",,,Crépuscule ou aube,En agglomération,Hors intersection,Normale,Deux véhicules - côté,,,,,,,,,,,2,2,1,1,3
200600049799,0006-08-05 14:05:00,6,8,5,14,5,870,85,"12, MAS-BOUYOL  (CITE ET",,,Plein jour,En agglomération,Hors intersection,Normale,Autre collision,,,,,,,,,,,1,2,1,1,6
200600049800,0006-08-06 05:30:00,6,8,6,5,30,870,85,"34, MAS-BOUYOL  (CITE ET",,,Nuit avec éclairage allumé,En agglomération,Hors intersection,Normale,Autre collision,,,,,,,,,,,5,2,1,1,6
200600049801,0006-08-07 18:02:00,6,8,7,18,2,870,85,"1, BORIE (BOULEVARD DE L",,,Plein jour,En agglomération,Hors intersection,Normale,Sans collision,,,,,,,,,,,1,2,1,1,7
200600049802,0006-08-07 20:25:00,6,8,7,20,25,870,85,GAGNANT (AVENUE JEAN),,,Plein jour,En agglomération,Hors intersection,Normale,Deux véhicules - arrière,,,,,,,,,,,1,2,1,1,2
200600049803,0006-08-09 16:17:00,6,8,9,16,17,870,85,"40, AMPHITHEATRE (RUE DE",,,Plein jour,En agglomération,Hors intersection,Normale,Autre collision,,,,,,,,,,,1,2,1,1,6
200600049804,0006-08-10 16:19:00,6,8,10,16,19,870,85,GROSSEREIX (ROND POINT D,,,Plein jour,Hors agglomération,Autre intersection,Normale,Autre collision,,,,,,,,,,,1,1,9,1,6
200600049805,0006-08-11 17:36:00,6,8,11,17,36,870,85,"10, ARCADES (BOULEVARD D",,,Plein jour,En agglomération,Hors intersection,Normale,Autre collision,,,,,,,,,,,1,2,1,1,6
200600049806,0006-08-12 03:45:00,6,8,12,3,45,870,85,"228, LECLERC (AVENUE DU",,,Plein jour,En agglomération,Hors intersection,Normale,Autre collision,,,,,,,,,,,1,2,1,1,6
200600049807,0006-08-12 08:40:00,6,8,12,8,40,870,85,"14, PARC (AVENUE DU)",,,Plein jour,En agglomération,Intersection en X,Normale,Deux véhicules - côté,,,,,,,,,,,1,2,2,1,3
200600049808,0006-08-15 17:10:00,6,8,15,17,10,870,85,"28, TARRADE (AVENUE ADRI",,,Plein jour,En agglomération,Hors intersection,Normale,Autre collision,,,,,,,,,,,1,2,1,1,6
200600049809,0006-08-16 13:08:00,6,8,16,13,8,870,85,ORADOUR SUR GLANE (CARRE,,,Plein jour,En agglomération,Hors intersection,Normale,Deux véhicules - côté,,,,,,,,,,,1,2,1,1,3
200600049810,0006-08-17 18:15:00,6,8,17,18,15,870,113,MITTERRAND (AVENUE FRANC,,,Plein jour,Hors agglomération,Hors intersection,Normale,Autre collision,,,,,,,,,,,1,1,1,1,6
200600049811,0006-08-17 23:00:00,6,8,17,23,0,870,85,BRIQUET (RUE GEORGES),,,Nuit avec éclairage non allumé,En agglomération,Hors intersection,Pluie légère,Sans collision,,,,,,,,,,,4,2,1,2,7
200600049812,0006-08-19 16:30:00,6,8,19,16,30,870,85,AUTOROUTE A20,,,Plein jour,Hors agglomération,Hors intersection,Pluie légère,Sans collision,,,,,,,,,,,1,1,1,2,7
200600049813,0006-08-19 17:30:00,6,8,19,17,30,870,85,"172, DUTREIX (RUE ARMAND",,,Plein jour,En agglomération,Hors intersection,Normale,Deux véhicules - côté,,,,,,,,,,,1,2,1,1,3
200600049814,0006-08-20 17:05:00,6,8,20,17,5,870,85,"35, ROBERVAL (RUE GILDAS",,,Plein jour,En agglomération,Hors intersection,Normale,Autre collision,,,,,,,,,,,1,2,1,1,6
200600049815,0006-08-20 21:45:00,6,8,20,21,45,870,85,"42, LATTRE-DE-TASSIGNY (",,,Nuit avec éclairage allumé,En agglomération,Hors intersection,Normale,Sans collision,,,,,,,,,,,5,2,1,1,7
200600049816,0006-08-24 14:50:00,6,8,24,14,50,870,113,"27, MOULIN (AVENUE JEAN)",,,Plein jour,En agglomération,Hors intersection,Normale,Deux véhicules - arrière,,,,,,,,,,,1,2,1,1,2
200600049817,0006-08-24 16:30:00,6,8,24,16,30,870,85,"46, DUMAS (AVENUE GEORGE",,,Plein jour,En agglomération,Hors intersection,Normale,Deux véhicules - côté,,,,,,,,,,,1,2,1,1,3
200600049818,0006-08-24 16:52:00,6,8,24,16,52,870,85,BEAUBREUIL (PLACE DE),,,Plein jour,En agglomération,Hors intersection,Normale,Autre collision,,,,,,,,,,,1,2,1,1,6
200600049819,0006-08-24 23:15:00,6,8,24,23,15,870,85,SCHUMAN (BOULEVARD ROBER,,,Nuit avec éclairage allumé,Hors agglomération,Hors intersection,Normale,Deux véhicules - côté,,,,,,,,,,,5,1,1,1,3
200600049820,0006-08-26 05:02:00,6,8,26,5,2,870,85,"46, GARDE (ALLEE DE LA)",,,Nuit sans éclairage public,Hors agglomération,Hors intersection,Normale,Sans collision,,,,,,,,,,,3,1,1,1,7
200600049821,0006-08-26 13:27:00,6,8,26,13,27,870,85,"111, LECLERC (AVENUE DU",,,Plein jour,En agglomération,Hors intersection,Normale,Autre collision,,,,,,,,,,,1,2,1,1,6
200600049822,0006-08-26 17:30:00,6,8,26,17,30,870,85,BROUILLEBAS (RUE DE),,,Plein jour,En agglomération,Intersection en T,Normale,Sans collision,,,,,,,,,,,1,2,3,1,7
200600049823,0006-08-27 06:50:00,6,8,27,6,50,870,85,DE GAULLE (AVENUE DU GEN,,,Nuit avec éclairage allumé,En agglomération,Hors intersection,Normale,Autre collision,,,,,,,,,,,5,2,1,1,6
200600049824,0006-08-28 05:40:00,6,8,28,5,40,870,85,"1, DUMAS (AVENUE GEORGES",,,Nuit avec éclairage allumé,En agglomération,Intersection en X,Pluie légère,Deux véhicules - côté,,,,,,,,,,,5,2,2,2,3
200600049825,0006-08-28 20:10:00,6,8,28,20,10,870,75,RN 21,,,Plein jour,Hors agglomération,Hors intersection,Pluie légère,Autre collision,,,,,,,,,,,1,1,1,2,6
200600049826,0006-08-29 18:20:00,6,8,29,18,20,870,85,PORT DU NAVEIX (RUE DU),,,Plein jour,En agglomération,Hors intersection,Pluie légère,Trois véhicules et plus - en chaîne,,,,,,,,,,,1,2,1,2,4
200600049827,0006-08-29 20:30:00,6,8,29,20,30,870,85,CHURCHILL WINSTON (PLACE,,,Nuit avec éclairage allumé,En agglomération,Hors intersection,Pluie légère,Deux véhicules - côté,,,,,,,,,,,5,2,1,2,3
200600049828,0006-08-30 18:05:00,6,8,30,18,5,870,85,PALAIS (ROUTE DU),,,Plein jour,Hors agglomération,Hors intersection,Normale,Sans collision,,,,,,,,,,,1,1,1,1,7
200600049829,0006-08-31 09:22:00,6,8,31,9,22,870,85,AUTOROUTE A20,,,Plein jour,Hors agglomération,Hors intersection,Normale,Trois véhicules et plus - collisions multiples,,,,,,,,,,,1,1,1,1,5
200600049830,0006-08-31 18:25:00,6,8,31,18,25,870,85,"5, BABYLONE (RUE DE)",,,Plein jour,En agglomération,Autre intersection,Normale,Deux véhicules - côté,,,,,,,,,,,1,2,9,1,3
200600049831,0006-08-08 20:50:00,6,8,8,20,50,880,209,"1, LOUVROIE (RUE DE LA)",,,Crépuscule ou aube,En agglomération,Intersection en X,Normale,Deux véhicules - côté,,,,,,,,,,,2,2,2,1,3
200600049832,0006-08-09 19:55:00,6,8,9,19,55,880,160,"22, SCHWAB (RUE LEON-)",,,Plein jour,En agglomération,Hors intersection,Normale,Autre collision,,,,,,,,,,,1,2,1,1,6
200600049833,0006-08-26 19:15:00,6,8,26,19,15,880,209,"8, PLAINE (REU DE LA)",,,Plein jour,En agglomération,Hors intersection,Pluie légère,Autre collision,,,,,,,,,,,1,2,1,2,6
200600049834,0006-08-02 17:00:00,6,8,2,17,0,880,160,"33, BOURG (RUE LEOPOLD-)",,,Plein jour,En agglomération,Hors intersection,Normale,Deux véhicules - arrière,,,,,,,,,,,1,2,1,1,2
200600049835,0006-08-13 20:00:00,6,8,13,20,0,880,160,"81, route de Xertigny",,,Plein jour,En agglomération,Hors intersection,Pluie légère,Deux véhicules - côté,,,,,,,,,,,1,2,1,2,3
200600049836,0006-08-20 17:25:00,6,8,20,17,25,880,383,"11, place Jules Méline",,,Plein jour,En agglomération,Hors intersection,Normale,Autre collision,,,,,,,,,,,1,2,1,1,6
200600049837,0006-08-01 10:45:00,6,8,1,10,45,890,24,"00, LISERONS (RUE DES)",,,Plein jour,En agglomération,Intersection en X,Normale,Autre collision,,,,,,,,,,,1,2,2,1,6
200600049838,0006-08-07 17:25:00,6,8,7,17,25,890,387,"0, GEORGES POMPIDOU (AVE",,,Plein jour,En agglomération,Hors intersection,Normale,Deux véhicules - arrière,,,,,,,,,,,1,2,1,1,2
200600049839,0006-08-01 12:00:00,6,8,1,12,0,900,99,"1, BUHLER (RUE ETIENNETT",,,Plein jour,En agglomération,Intersection en Y,Pluie légère,Deux véhicules - frontale,,,,,,,,,,,1,2,4,2,1
200600049840,0006-08-25 19:30:00,6,8,25,19,30,900,10,"1, VESOUL (RUE DE)",,,Plein jour,En agglomération,Hors intersection,Normale,Deux véhicules - arrière,,,,,,,,,,,1,2,1,1,2
200600049841,0006-08-30 19:50:00,6,8,30,19,50,900,10,CROIX DU TILLEUL (RUE DE,,,Plein jour,En agglomération,Intersection en T,Normale,Deux véhicules - frontale,,,,,,,,,,,1,2,3,1,1
200600049842,0006-08-30 21:30:00,6,8,30,21,30,900,10,CORBIS (PLACE),,,Crépuscule ou aube,En agglomération,Hors intersection,Normale,Autre collision,,,,,,,,,,,2,2,1,1,6
200600049843,0006-08-10 12:10:00,6,8,10,12,10,910,27,"0, MORANGIS (AVENUE DE)",,,Plein jour,En agglomération,Intersection en X,Normale,Autre collision,,,,,,,,,,,1,2,2,1,6
200600049844,0006-08-18 18:30:00,6,8,18,18,30,910,174,"25, BLUM(AVENUE LEON)",,,Plein jour,En agglomération,Hors intersection,Normale,Sans collision,,,,,,,,,,,1,2,1,1,7
200600049845,0006-08-23 08:25:00,6,8,23,8,25,910,174,"22, SPINEDI (RUE ROBERT)",,,Plein jour,En agglomération,Hors intersection,Normale,Deux véhicules - frontale,,,,,,,,,,,1,2,1,1,1
200600049846,0006-08-31 15:40:00,6,8,31,15,40,910,174,"0, DOCTEUR VIGNE(RUE DU)",,,Plein jour,En agglomération,Intersection en X,Normale,Deux véhicules - côté,,,,,,,,,,,1,2,2,1,3
200600049847,0006-08-14 21:55:00,6,8,14,21,55,910,223,R.N.20,,,Nuit sans éclairage public,Hors agglomération,Hors intersection,Pluie légère,Sans collision,,,,,,,,,,,3,1,1,2,7
200600049848,0006-08-23 10:15:00,6,8,23,10,15,910,223,AVENUE DE LA LIBERATION,,,Plein jour,En agglomération,Giratoire,Normale,Deux véhicules - côté,,,,,,,,,,,1,2,6,1,3
200600049849,0006-08-05 16:05:00,6,8,5,16,5,910,182,"., HAUBANS (ALLEE DES)",,,Plein jour,En agglomération,Hors intersection,Normale,Autre collision,,,,,,,,,,,1,2,1,1,6
200600049850,0006-08-06 21:00:00,6,8,6,21,0,910,228,"198, CHAMPS ELYSEES(BD)",,,Crépuscule ou aube,En agglomération,Hors intersection,Normale,Autre collision,,,,,,,,,,,2,2,1,1,6
200600049851,0006-08-17 09:10:00,6,8,17,9,10,910,521,BROSSOLETTE (RUE PIERRE),,,Plein jour,En agglomération,Hors intersection,Normale,Autre collision,,,,,,,,,,,1,2,1,1,6
200600049852,0006-08-19 12:30:00,6,8,19,12,30,910,228,"., CONSTANT (RUE BENJAMI",,,Plein jour,En agglomération,Intersection en T,Normale,Sans collision,,,,,,,,,,,1,2,3,1,7
200600049853,0006-08-21 18:30:00,6,8,21,18,30,910,521,"., REMY (RUE ALBERT)",,,Plein jour,En agglomération,Intersection en X,Normale,Deux véhicules - arrière,,,,,,,,,,,1,2,2,1,2
200600049854,0006-08-28 13:10:00,6,8,28,13,10,910,521,"., MENNECY (ROUTE DE)",,,Plein jour,Hors agglomération,Hors intersection,Pluie légère,Deux véhicules - côté,,,,,,,,,,,1,1,1,2,3
200600049855,0006-08-02 17:40:00,6,8,2,17,40,910,286,"1, GRANDE BORNE (RUE DE",,,Plein jour,En agglomération,Hors intersection,Normale,Autre collision,,,,,,,,,,,1,2,1,1,6
200600049856,0006-08-03 17:20:00,6,8,3,17,20,910,687,"0, JEAN MOULIN (AVENUE)",,,Plein jour,En agglomération,Hors intersection,Normale,Autre collision,,,,,,,,,,,1,2,1,1,6
200600049857,0006-08-04 15:00:00,6,8,4,15,0,910,326,"0, JEAN MOULIN (ALLEE)",,,Plein jour,En agglomération,Hors intersection,Normale,Autre collision,,,,,,,,,,,1,2,1,1,6
200600049858,0006-08-31 20:50:00,6,8,31,20,50,910,286,"000, GRANDE BORNE (RUE D",,,Plein jour,En agglomération,Intersection en X,Normale,Deux véhicules - côté,,,,,,,,,,,1,2,2,1,3
200600049859,0006-08-23 18:00:00,6,8,23,18,0,910,687,MARMONT (AVENUE),,,Plein jour,En agglomération,Hors intersection,Normale,Autre collision,,,,,,,,,,,1,2,1,1,6
200600049860,0006-08-04 21:20:00,6,8,4,21,20,910,345,RENARD LEON (RUE),,,Nuit avec éclairage allumé,En agglomération,Hors intersection,Normale,Deux véhicules - côté,,,,,,,,,,,5,2,1,1,3
200600049861,0006-08-17 18:20:00,6,8,17,18,20,910,345,GENERAL DE GAULLE (AVENU,,,Plein jour,En agglomération,Intersection en T,Normale,Deux véhicules - arrière,,,,,,,,,,,1,2,3,1,2
200600049862,0006-08-21 11:20:00,6,8,21,11,20,910,345,BERTILLON GABRIEL (RUE),,,Plein jour,En agglomération,Hors intersection,Normale,Autre collision,,,,,,,,,,,1,2,1,1,6