accident_id,datetime,annee,mois,jour,heure,minute,departement,commune_insee,adresse,latitude,longitude,luminosite,agglomeration,intersection,meteo,collision,nb_vehicules,nb_usagers,nb_indemnes,nb_tues,nb_blesses_hosp,nb_blesses_legers,age_cond_1,age_cond_2,veh_type_cond_1,veh_type_cond_2,lum_code,agg_code,int_code,atm_code,col_code
200600049997,0006-08-04 17:11:00,6,8,4,17,11,930,1,"167, VICTOR HUGO (AVE)",,,Plein jour,En agglomération,Hors intersection,Normale,Autre collision,,,,,,,,,,,1,2,1,1,6
200600049998,0006-08-08 19:05:00,6,8,8,19,5,930,1,"85, VICTOR HUGO (AVE)  =",,,Plein jour,En agglomération,Intersection en T,Normale,Deux véhicules - côté,,,,,,,,,,,1,2,3,1,3
200600049999,0006-08-09 11:00:00,6,8,9,11,0,930,1,"70, PRESIDENT ROOSEVELT",,,Plein jour,En agglomération,Hors intersection,Normale,Deux véhicules - arrière,,,,,,,,,,,1,2,1,1,2
200600050000,0006-08-11 16:15:00,6,8,11,16,15,930,1,"73, VICTOR HUGO (AVE)  =",,,Plein jour,En agglomération,Hors intersection,Normale,Autre collision,,,,,,,,,,,1,2,1,1,6
200600050001,0006-08-21 13:35:00,6,8,21,13,35,930,1,"93, REPUBLIQUE (AVE DE L",,,Plein jour,En agglomération,Hors intersection,Normale,Autre collision,,,,,,,,,,,1,2,1,1,6
200600050002,0006-08-24 20:15:00,6,8,24,20,15,930,1,"191, JEAN JAURES  (AVE)",,,Plein jour,En agglomération,Hors intersection,Normale,Autre collision,,,,,,,,,,,1,2,1,1,6
200600050003,0006-08-26 19:55:00,6,8,26,19,55,930,1,"11, ALFRED JARRY (RUE)",,,Plein jour,En agglomération,Hors intersection,Pluie légère,Autre collision,,,,,,,,,,,1,2,1,2,6
200600050004,0006-08-31 10:25:00,6,8,31,10,25,930,1,"52, PONT BLANC.CHARLES T",,,Plein jour,En agglomération,Hors intersection,Normale,Autre collision,,,,,,,,,,,1,2,1,1,6
200600050005,0006-08-02 13:00:00,6,8,2,13,0,930,5,"NEANT, MITRY [CD115] (RO",,,Plein jour,En agglomération,Hors intersection,Normale,Deux véhicules - arrière,,,,,,,,,,,1,2,1,1,2
200600050006,0006-08-08 19:15:00,6,8,8,19,15,930,5,"81, MAXIMILIEN ROBESPIER",,,Plein jour,En agglomération,Intersection en T,Normale,Deux véhicules - côté,,,,,,,,,,,1,2,3,1,3
200600050007,0006-08-16 23:25:00,6,8,16,23,25,930,5,"0, PAUL CEZANNE (RUE)",,,Nuit sans éclairage public,En agglomération,Hors intersection,Normale,Deux véhicules - arrière,,,,,,,,,,,3,2,1,1,2
200600050008,0006-08-18 15:30:00,6,8,18,15,30,930,5,"15, DOCTEUR FLEMING (RUE",,,Plein jour,En agglomération,Intersection en T,Normale,Deux véhicules - frontale,,,,,,,,,,,1,2,3,1,1
200600050009,0006-08-23 09:25:00,6,8,23,9,25,930,5,"néant, REPUBLIQUE (AVENU",,,Plein jour,En agglomération,Hors intersection,Normale,Sans collision,,,,,,,,,,,1,2,1,1,7
200600050010,0006-08-23 13:45:00,6,8,23,13,45,930,5,"néant, JACQUES DUCLOS [C",,,Plein jour,En agglomération,Intersection en X,Normale,Autre collision,,,,,,,,,,,1,2,2,1,6
200600050011,0006-08-24 15:00:00,6,8,24,15,0,930,5,ANDRE CITROEN (BOULEVARD,,,Plein jour,En agglomération,Hors intersection,Pluie légère,Autre collision,,,,,,,,,,,1,2,1,2,6
200600050012,0006-08-30 07:45:00,6,8,30,7,45,930,5,"NEANT, ANDRE CITROEN (BO",,,Plein jour,En agglomération,Hors intersection,Normale,Autre collision,,,,,,,,,,,1,2,1,1,6
200600050013,0006-08-30 15:10:00,6,8,30,15,10,930,5,"24, MOULIN DE LA VILLE (",,,Plein jour,En agglomération,Hors intersection,Normale,Deux véhicules - arrière,,,,,,,,,,,1,2,1,1,2
200600050014,0006-08-30 18:45:00,6,8,30,18,45,930,5,"88, JACQUES DUCLOS [CD44",,,Plein jour,En agglomération,Hors intersection,Normale,Deux véhicules - arrière,,,,,,,,,,,1,2,1,1,2
200600050015,0006-08-01 11:00:00,6,8,1,11,0,930,7,CHARLES FLOQUET (AVENUE),,,Plein jour,En agglomération,Intersection en X,Normale,Deux véhicules - côté,,,,,,,,,,,1,2,2,1,3
200600050016,0006-08-11 17:40:00,6,8,11,17,40,930,7,PABLO NERUDA (ROND-POINT,,,Plein jour,En agglomération,Giratoire,Normale,Trois véhicules et plus - collisions multiples,,,,,,,,,,,1,2,6,1,5
200600050017,0006-08-12 22:35:00,6,8,12,22,35,930,7,QUEBEC (AVENUE DU),,,Nuit avec éclairage allumé,En agglomération,Intersection en X,Pluie forte,Deux véhicules - côté,,,,,,,,,,,5,2,2,3,3
200600050018,0006-08-14 10:00:00,6,8,14,10,0,930,7,MARCEL ALIZARD (DU 37 A,,,Plein jour,En agglomération,Intersection en X,Normale,Deux véhicules - côté,,,,,,,,,,,1,2,2,1,3
200600050019,0006-08-23 18:40:00,6,8,23,18,40,930,7,PAUL LANGEVIN (RUE),,,Plein jour,En agglomération,Intersection en X,Normale,Trois véhicules et plus - collisions multiples,,,,,,,,,,,1,2,2,1,5
200600050020,0006-08-25 15:45:00,6,8,25,15,45,930,7,"65,  REPUBLIQUE (AVENUE",,,Plein jour,En agglomération,Hors intersection,Normale,Deux véhicules - côté,,,,,,,,,,,1,2,1,1,3
200600050021,0006-08-28 05:20:00,6,8,28,5,20,930,7,BAPTISTE HUREL (AVENUE),,,Nuit avec éclairage allumé,En agglomération,Intersection en X,Normale,Autre collision,,,,,,,,,,,5,2,2,1,6
200600050022,0006-08-05 23:45:00,6,8,5,23,45,930,8,GREGOIRE (PLACE DE L'ABB,,,Nuit avec éclairage allumé,En agglomération,Hors intersection,Normale,Autre collision,,,,,,,,,,,5,2,1,1,6
200600050023,0006-08-13 15:50:00,6,8,13,15,50,930,8,BARBUSSE (AVENUE HENRI),,,Plein jour,En agglomération,Intersection en T,Pluie légère,Deux véhicules - côté,,,,,,,,,,,1,2,3,2,3
200600050024,0006-08-30 13:40:00,6,8,30,13,40,930,8,VAILLANT COUTURIER (AVEN,,,Plein jour,En agglomération,Hors intersection,Normale,Autre collision,,,,,,,,,,,1,2,1,1,6
200600050025,0006-08-04 14:30:00,6,8,4,14,30,930,10,"ING, GALLIENI (AV.) DE 1",,,Plein jour,En agglomération,Intersection en X,Normale,Deux véhicules - arrière,,,,,,,,,,,1,2,2,1,2
200600050026,0006-08-16 18:30:00,6,8,16,18,30,930,10,"ignore, PASTEUR (AV.)",,,Plein jour,En agglomération,Hors intersection,Normale,Autre collision,,,,,,,,,,,1,2,1,1,6
200600050027,0006-08-28 21:30:00,6,8,28,21,30,930,10,"ing, PROMENADE (VOIE)",,,Nuit avec éclairage allumé,En agglomération,Hors intersection,Normale,Deux véhicules - frontale,,,,,,,,,,,5,2,1,1,1
200600050028,0006-08-28 22:10:00,6,8,28,22,10,930,57,"ignore, HUGO (AV. VICTOR",,,Nuit avec éclairage allumé,En agglomération,Intersection en X,Normale,Autre collision,,,,,,,,,,,5,2,2,1,6
200600050029,0006-08-01 21:00:00,6,8,1,21,0,930,27,"16, BALZAC (RUE HONORE D",,,Crépuscule ou aube,En agglomération,Hors intersection,Normale,Autre collision,,,,,,,,,,,2,2,1,1,6
200600050030,0006-08-08 11:00:00,6,8,8,11,0,930,13,"1811, BEAUBOIN (RUE)",,,Plein jour,En agglomération,Hors intersection,Normale,Autre collision,,,,,,,,,,,1,2,1,1,6
200600050031,0006-08-11 13:00:00,6,8,11,13,0,930,27,JAURES (AVENUE JEAN),,,Plein jour,En agglomération,Intersection en T,Normale,Deux véhicules - côté,,,,,,,,,,,1,2,3,1,3
200600050032,0006-08-13 20:30:00,6,8,13,20,30,930,27,CONVENTION (RUE DE LA),,,Nuit avec éclairage allumé,En agglomération,Intersection en X,Pluie forte,Deux véhicules - côté,,,,,,,,,,,5,2,2,3,3
200600050033,0006-08-21 17:45:00,6,8,21,17,45,930,27,", SAINT-DENIS (RUE DE)",,,Plein jour,En agglomération,Hors intersection,Pluie légère,Deux véhicules - côté,,,,,,,,,,,1,2,1,2,3
200600050034,0006-08-25 03:25:00,6,8,25,3,25,930,13,"28, LECLERC (AVENU DE LA",,,Nuit avec éclairage allumé,En agglomération,Hors intersection,Normale,Deux véhicules - arrière,,,,,,,,,,,5,2,1,1,2
200600050035,0006-08-25 14:20:00,6,8,25,14,20,930,27,"10, MICHELET (AVENUE)",,,Plein jour,En agglomération,Hors intersection,Normale,Deux véhicules - côté,,,,,,,,,,,1,2,1,1,3
200600050036,0006-08-30 16:20:00,6,8,30,16,20,930,27,LECLERC (AVENUE DU GENER,,,Plein jour,En agglomération,Hors intersection,Normale,Autre collision,,,,,,,,,,,1,2,1,1,6
200600050037,0006-08-02 05:35:00,6,8,2,5,35,930,29,"99, ANATOLE FRANCE",,,Nuit avec éclairage allumé,En agglomération,Hors intersection,Normale,Autre collision,,,,,,,,,,,5,2,1,1,6
200600050038,0006-08-08 21:30:00,6,8,8,21,30,930,29,DIDEROT,,,Plein jour,En agglomération,Intersection en T,Pluie légère,Autre collision,,,,,,,,,,,1,2,3,2,6
200600050039,0006-08-23 15:00:00,6,8,23,15,0,930,29,ROGER PETIEU,,,Plein jour,En agglomération,Hors intersection,Normale,Autre collision,,,,,,,,,,,1,2,1,1,6
200600050040,0006-08-04 12:48:00,6,8,4,12,48,930,79,", DIVISION LECLERC (AV)",,,Plein jour,En agglomération,Intersection en X,Normale,Deux véhicules - côté,,,,,,,,,,,1,2,2,1,3
200600050041,0006-08-05 19:10:00,6,8,5,19,10,930,79,"13, SAINT LEU (ROUTE)",,,Plein jour,En agglomération,Hors intersection,Normale,Autre collision,,,,,,,,,,,1,2,1,1,6
200600050042,0006-08-08 14:30:00,6,8,8,14,30,930,31,HENRI DUNANT (RUE),,,Plein jour,En agglomération,Intersection en T,Normale,Deux véhicules - frontale,,,,,,,,,,,1,2,3,1,1
200600050043,0006-08-12 12:10:00,6,8,12,12,10,930,31,"1, DE LATTRE DE TASSIGNY",,,Plein jour,En agglomération,Autre intersection,Pluie légère,Deux véhicules - arrière,,,,,,,,,,,1,2,9,2,2
200600050044,0006-08-14 11:15:00,6,8,14,11,15,930,31,"1, REPUBLIQUE (AV) 1 A 1",,,Plein jour,En agglomération,Hors intersection,Normale,Sans collision,,,,,,,,,,,1,2,1,1,7
200600050045,0006-08-15 06:15:00,6,8,15,6,15,930,31,"10, REPUBLIQUE (AV) 1 A",,,Crépuscule ou aube,En agglomération,Hors intersection,Normale,Deux véhicules - côté,,,,,,,,,,,2,2,1,1,3
200600050046,0006-08-23 17:45:00,6,8,23,17,45,930,31,"110, SAINT LEU (ROUTE DE",,,Plein jour,En agglomération,Intersection en X,Normale,Deux véhicules - frontale,,,,,,,,,,,1,2,2,1,1
200600050047,0006-08-03 15:20:00,6,8,3,15,20,930,31,"1, HENRI POINCARE (RUE)",,,Plein jour,En agglomération,Hors intersection,Normale,Autre collision,,,,,,,,,,,1,2,1,1,6
200600050048,0006-08-16 17:40:00,6,8,16,17,40,930,32,JEAN JAURES (AVENUE),,,Plein jour,En agglomération,Hors intersection,Normale,Autre collision,,,,,,,,,,,1,2,1,1,6
200600050049,0006-08-20 02:10:00,6,8,20,2,10,930,32,", MONTFERMEIL   (ALLEE D",,,Nuit avec éclairage allumé,En agglomération,Hors intersection,Normale,Deux véhicules - frontale,,,,,,,,,,,5,2,1,1,1
200600050050,0006-08-24 20:20:00,6,8,24,20,20,930,47,"78, GENERAL DE GAULLE (R",,,Nuit avec éclairage allumé,En agglomération,Intersection en Y,Normale,Autre collision,,,,,,,,,,,5,2,4,1,6
200600050051,0006-08-29 18:53:00,6,8,29,18,53,930,47,"147, EUROPE (BOULEVARD D",,,Plein jour,En agglomération,Hors intersection,Normale,Autre collision,,,,,,,,,,,1,2,1,1,6
200600050052,0006-08-03 02:40:00,6,8,3,2,40,930,6,"06, ROSES AVENUE DES",,,Nuit avec éclairage allumé,En agglomération,Hors intersection,Normale,Autre collision,,,,,,,,,,,5,2,1,1,6
200600050053,0006-08-03 20:55:00,6,8,3,20,55,930,61,"63, JOINEAU ANDRE RUE",,,Plein jour,En agglomération,Intersection en X,Normale,Autre collision,,,,,,,,,,,1,2,2,1,6
200600050054,0006-08-10 14:45:00,6,8,10,14,45,930,63,"35, REPUBLIQUE RUE DE LA",,,Plein jour,En agglomération,Intersection en T,Normale,Deux véhicules - côté,,,,,,,,,,,1,2,3,1,3
200600050055,0006-08-15 15:50:00,6,8,15,15,50,930,6,"13, VAILLANT-COUTURIER R",,,Plein jour,En agglomération,Hors intersection,Normale,Autre collision,,,,,,,,,,,1,2,1,1,6
200600050056,0006-08-18 16:10:00,6,8,18,16,10,930,6,"IGNORE, RASPAIL AVENUE",,,Plein jour,Hors agglomération,Intersection en X,Pluie légère,Deux véhicules - côté,,,,,,,,,,,1,1,2,2,3
200600050057,0006-08-21 15:25:00,6,8,21,15,25,930,45,"IGNORE, SCHUMAN RUE DU P",,,Plein jour,En agglomération,Hors intersection,Pluie légère,Autre collision,,,,,,,,,,,1,2,1,2,6
200600050058,0006-08-28 13:40:00,6,8,28,13,40,930,63,"49, BRANLY BD EDOUARD",,,Plein jour,En agglomération,Intersection en T,Pluie légère,Deux véhicules - côté,,,,,,,,,,,1,2,3,2,3
200600050059,0006-08-02 12:25:00,6,8,2,12,25,930,74,"43, AMYOT BOULEVARD JACQ",,,Plein jour,En agglomération,Intersection en T,Normale,Deux véhicules - côté,,,,,,,,,,,1,2,3,1,3
200600050060,0006-08-05 15:25:00,6,8,5,15,25,930,74,COURTRY RUE DE,,,Plein jour,Hors agglomération,Hors intersection,Normale,Autre collision,,,,,,,,,,,1,1,1,1,6
200600050061,0006-08-25 20:45:00,6,8,25,20,45,930,46,"63, BENOIT MALON AVENUE",,,Crépuscule ou aube,En agglomération,Hors intersection,Normale,Sans collision,,,,,,,,,,,2,2,1,1,7
200600050062,0006-08-29 11:05:00,6,8,29,11,5,930,46,"08, LIBERATION PLACE DE",,,Plein jour,En agglomération,Intersection en Y,Pluie légère,Deux véhicules - arrière,,,,,,,,,,,1,2,4,2,2
200600050063,0006-08-31 17:00:00,6,8,31,17,0,930,74,"106, MEAUX RUE DE",,,Plein jour,En agglomération,Hors intersection,Normale,Autre collision,,,,,,,,,,,1,2,1,1,6
200600050064,0006-08-31 19:05:00,6,8,31,19,5,930,46,STRATEGIQUE ROUTE,,,Plein jour,Hors agglomération,Hors intersection,Normale,Autre collision,,,,,,,,,,,1,1,1,1,6
200600050065,0006-08-10 11:00:00,6,8,10,11,0,930,48,"144, ETIENNE MARCEL (RUE",,,Plein jour,En agglomération,Intersection en T,Normale,Autre collision,,,,,,,,,,,1,2,3,1,6
200600050066,0006-08-23 12:00:00,6,8,23,12,0,930,48,ROSNY (RUE DE),,,Plein jour,En agglomération,Intersection à plus de 4 branches,Normale,Deux véhicules - côté,,,,,,,,,,,1,2,5,1,3
200600050067,0006-08-15 18:40:00,6,8,15,18,40,930,48,"102, LAGNY (RUE DE)",,,Plein jour,En agglomération,Intersection en X,Normale,Deux véhicules - côté,,,,,,,,,,,1,2,2,1,3
200600050068,0006-08-23 22:55:00,6,8,23,22,55,930,48,"86, THEOPHILE SUEUR (BOU",,,Nuit avec éclairage allumé,En agglomération,Intersection en T,Normale,Deux véhicules - côté,,,,,,,,,,,5,2,3,1,3
200600050069,0006-08-24 17:15:00,6,8,24,17,15,930,48,"72, PRESIDENT WILSON (AV",,,Plein jour,En agglomération,Hors intersection,Pluie légère,Autre collision,,,,,,,,,,,1,2,1,2,6
200600050070,0006-08-30 08:18:00,6,8,30,8,18,930,48,"147, BOISSIERE (BOULEVAR",,,Plein jour,En agglomération,Hors intersection,Normale,Autre collision,,,,,,,,,,,1,2,1,1,6
200600050071,0006-08-31 19:05:00,6,8,31,19,5,930,48,"67, ROBESPIERRE (RUE)",,,Plein jour,En agglomération,Hors intersection,Normale,Autre collision,,,,,,,,,,,1,2,1,1,6
200600050072,0006-08-30 17:50:00,6,8,30,17,50,930,48,GABRIEL PERI (AVENUE),,,Plein jour,En agglomération,Hors intersection,Normale,Autre collision,,,,,,,,,,,1,2,1,1,6
200600050073,0006-08-05 12:45:00,6,8,5,12,45,930,50,"00, PAUL ET CAMILLE THOM",,,Plein jour,En agglomération,Intersection en X,Normale,Deux véhicules - côté,,,,,,,,,,,1,2,2,1,3
200600050074,0006-08-06 17:30:00,6,8,6,17,30,930,50,"97, FRERES LUMIERE (RUE)",,,Plein jour,En agglomération,Intersection en Y,Normale,Autre collision,,,,,,,,,,,1,2,4,1,6
200600050075,0006-08-12 13:10:00,6,8,12,13,10,930,50,JEAN JAURES (AVENUE) COT,,,Plein jour,En agglomération,Hors intersection,Pluie légère,Autre collision,,,,,,,,,,,1,2,1,2,6
200600050076,0006-08-16 17:00:00,6,8,16,17,0,930,50,"36, GENERAL DE GAULLE (A",,,Plein jour,En agglomération,Intersection en X,Normale,Deux véhicules - arrière,,,,,,,,,,,1,2,2,1,2
200600050077,0006-08-22 08:00:00,6,8,22,8,0,930,50,MARECHAL FOCH (AVENUE) C,,,Plein jour,En agglomération,Intersection en X,Normale,Deux véhicules - côté,,,,,,,,,,,1,2,2,1,3
200600050078,0006-08-01 18:00:00,6,8,1,18,0,930,51,"1, BOIS SAINT MARTIN (AV",,,Plein jour,En agglomération,Hors intersection,Normale,Autre collision,,,,,,,,,,,1,2,1,1,6
200600050079,0006-08-12 17:00:00,6,8,12,17,0,930,51,MARECHAL JOFFRE (AVENUE),,,Plein jour,En agglomération,Hors intersection,Normale,Deux véhicules - côté,,,,,,,,,,,1,2,1,1,3
200600050080,0006-08-16 10:30:00,6,8,16,10,30,930,51,MONT D'EST (BD),,,Plein jour,En agglomération,Hors intersection,Pluie légère,Deux véhicules - arrière,,,,,,,,,,,1,2,1,2,2
200600050081,0006-08-21 16:00:00,6,8,21,16,0,930,51,"30, PAVE NEUF (AVENUE)",,,Plein jour,En agglomération,Hors intersection,Temps couvert,Autre collision,,,,,,,,,,,1,2,1,8,6
200600050082,0006-08-29 21:15:00,6,8,29,21,15,930,51,FORT (AVE),,,Nuit avec éclairage allumé,En agglomération,Autre intersection,Normale,Deux véhicules - côté,,,,,,,,,,,5,2,9,1,3
200600050083,0006-08-30 13:25:00,6,8,30,13,25,930,51,PROMONTOIRE (ALLEE),,,Plein jour,En agglomération,Hors intersection,Normale,Deux véhicules - côté,,,,,,,,,,,1,2,1,1,3
200600050084,0006-08-27 19:30:00,6,8,27,19,30,930,53,"122, ROSNY (AVENUE DE) N",,,Plein jour,En agglomération,Hors intersection,Normale,Autre collision,,,,,,,,,,,1,2,1,1,6
200600050085,0006-08-05 23:50:00,6,8,5,23,50,930,53,"282, GABRIEL PERI (BLD)",,,Nuit avec éclairage allumé,En agglomération,Hors intersection,Normale,Deux véhicules - côté,,,,,,,,,,,5,2,1,1,3
200600050086,0006-08-02 10:24:00,6,8,2,10,24,930,55,"181, JEAN LOLIVE (AVENUE",,,Plein jour,En agglomération,Hors intersection,Normale,Autre collision,,,,,,,,,,,1,2,1,1,6
200600050087,0006-08-11 19:55:00,6,8,11,19,55,930,55,"75/105, JEAN LOLIVE (AVE",,,Plein jour,En agglomération,Intersection en X,Normale,Deux véhicules - côté,,,,,,,,,,,1,2,2,1,3
200600050088,0006-08-16 20:25:00,6,8,16,20,25,930,55,"27, DIVISION LECLERC (AV",,,Plein jour,En agglomération,Hors intersection,Pluie légère,Deux véhicules - côté,,,,,,,,,,,1,2,1,2,3
200600050089,0006-08-21 00:40:00,6,8,21,0,40,930,55,"9, DAVOUST",,,Nuit avec éclairage allumé,En agglomération,Hors intersection,Normale,Autre collision,,,,,,,,,,,5,2,1,1,6
200600050090,0006-08-25 12:00:00,6,8,25,12,0,930,55,"204, GENERAL LECLERC(AVE",,,Plein jour,En agglomération,Hors intersection,Normale,Sans collision,,,,,,,,,,,1,2,1,1,7
200600050091,0006-08-28 15:05:00,6,8,28,15,5,930,55,"104, JEAN LOLIVE (AVENUE",,,Plein jour,En agglomération,Hors intersection,Pluie légère,Autre collision,,,,,,,,,,,1,2,1,2,6
200600050092,0006-08-30 19:10:00,6,8,30,19,10,930,55,"34, EDOUARD VAILLANT DU",,,Plein jour,En agglomération,Hors intersection,Normale,Deux véhicules - côté,,,,,,,,,,,1,2,1,1,3
200600050093,0006-08-08 10:30:00,6,8,8,10,30,930,14,COUBRON (ALLEE DE),,,Plein jour,Hors agglomération,Hors intersection,Normale,Autre collision,,,,,,,,,,,1,1,1,1,6
200600050094,0006-08-21 18:35:00,6,8,21,18,35,930,14,"27, VEUVE LINDET GIRARD",,,Plein jour,En agglomération,Hors intersection,Pluie forte,Deux véhicules - frontale,,,,,,,,,,,1,2,1,3,1
200600050095,0006-08-27 07:30:00,6,8,27,7,30,930,14,"19, SEVIGNE (AVENUE DE)",,,Plein jour,En agglomération,Hors intersection,Normale,Sans collision,,,,,,,,,,,1,2,1,1,7
200600050096,0006-08-01 13:05:00,6,8,1,13,5,930,77,"00, GRANDE RUE  18 / FIN",,,Plein jour,En agglomération,Hors intersection,Normale,Deux véhicules - côté,,,,,,,,,,,1,2,1,1,3
200600050097,0006-08-01 22:25:00,6,8,1,22,25,930,64,FAIDHERBE (ALLEE),,,Nuit avec éclairage allumé,En agglomération,Hors intersection,Normale,Deux véhicules - frontale,,,,,,,,,,,5,2,1,1,1
200600050098,0006-08-15 19:45:00,6,8,15,19,45,930,64,"00, DHUYS (RUE DE LA)",,,Plein jour,En agglomération,Giratoire,Normale,Autre collision,,,,,,,,,,,1,2,6,1,6
200600050099,0006-08-15 20:30:00,6,8,15,20,30,930,64,", DE GAULLE (AV DU GENER",,,Plein jour,En agglomération,Hors intersection,Normale,Autre collision,,,,,,,,,,,1,2,1,1,6
200600050100,0006-08-15 08:20:00,6,8,15,8,20,930,77,", LONGPERRIER (AVENUE DE",,,Plein jour,En agglomération,Hors intersection,Normale,Autre collision,,,,,,,,,,,1,2,1,1,6
200600050101,0006-08-17 12:20:00,6,8,17,12,20,930,77,"19, ROSNY (AVENUE DE)",,,Plein jour,En agglomération,Hors intersection,Normale,Trois véhicules et plus - en chaîne,,,,,,,,,,,1,2,1,1,4
200600050102,0006-08-22 07:15:00,6,8,22,7,15,930,77,"00, GUILBERT (RUE)",,,Plein jour,En agglomération,Intersection en X,Normale,Deux véhicules - côté,,,,,,,,,,,1,2,2,1,3
200600050103,0006-08-23 15:10:00,6,8,23,15,10,930,77,"16, GRANDE RUE 0 / 16",,,Plein jour,En agglomération,Hors intersection,Normale,Autre collision,,,,,,,,,,,1,2,1,1,6
200600050104,0006-08-28 18:45:00,6,8,28,18,45,930,77,"16, PARC (RUE DU)",,,Plein jour,En agglomération,Intersection en X,Normale,Deux véhicules - côté,,,,,,,,,,,1,2,2,1,3
200600050105,0006-08-01 10:13:00,6,8,1,10,13,930,66,"115,  PERI GABRIEL, NR 2",,,Plein jour,En agglomération,Intersection en T,Temps couvert,Autre collision,,,,,,,,,,,1,2,3,8,6
200600050106,0006-08-04 22:50:00,6,8,4,22,50,930,66,LAMAZE DOCTEUR,,,Nuit avec éclairage allumé,En agglomération,Intersection en X,Normale,Autre collision,,,,,,,,,,,5,2,2,1,6
200600050107,0006-08-06 13:45:00,6,8,6,13,45,930,66,LENINE (AVENUE) NR 2 A 2,,,Plein jour,En agglomération,Hors intersection,Normale,Trois véhicules et plus - en chaîne,,,,,,,,,,,1,2,1,1,4
200600050108,0006-08-07 15:55:00,6,8,7,15,55,930,66,FRANCE ANATOLE ENTREE A8,,,Plein jour,En agglomération,Hors intersection,Pluie légère,Autre collision,,,,,,,,,,,1,2,1,2,6
200600050109,0006-08-09 09:20:00,6,8,9,9,20,930,66,"202, FRANCE ANATOLE (BOU",,,Plein jour,En agglomération,Hors intersection,Normale,Trois véhicules et plus - collisions multiples,,,,,,,,,,,1,2,1,1,5
200600050110,0006-08-09 16:00:00,6,8,9,16,0,930,66,"35, LORRAINE",,,Plein jour,En agglomération,Hors intersection,Pluie légère,Deux véhicules - frontale,,,,,,,,,,,1,2,1,2,1
200600050111,0006-08-25 13:00:00,6,8,25,13,0,930,66,"62, FRANCE ANATOLE (BOUL",,,Plein jour,En agglomération,Hors intersection,Normale,Autre collision,,,,,,,,,,,1,2,1,1,6
200600050112,0006-08-25 15:30:00,6,8,25,15,30,930,66,FORT DE LA BRICHE,,,Plein jour,En agglomération,Hors intersection,Normale,Deux véhicules - arrière,,,,,,,,,,,1,2,1,1,2
200600050113,0006-08-26 20:00:00,6,8,26,20,0,930,39,SEINE (QUAI DE ),,,Plein jour,En agglomération,Autre intersection,Normale,Deux véhicules - côté,,,,,,,,,,,1,2,9,1,3
200600050114,0006-08-29 17:05:00,6,8,29,17,5,930,66,FRANCE ANATOLE ENTREE A1,,,Plein jour,En agglomération,Hors intersection,Pluie légère,Trois véhicules et plus - en chaîne,,,,,,,,,,,1,2,1,2,4
200600050115,0006-08-01 10:20:00,6,8,1,10,20,930,70,"75, GABRIEL-PERI (AV)",,,Plein jour,En agglomération,Hors intersection,Normale,Deux véhicules - côté,,,,,,,,,,,1,2,1,1,3
200600050116,0006-08-09 09:00:00,6,8,9,9,0,930,70,ROSIERS(DES) :N° 1 AU 59,,,Plein jour,En agglomération,Intersection en T,Temps couvert,Deux véhicules - côté,,,,,,,,,,,1,2,3,8,3
200600050117,0006-08-13 20:30:00,6,8,13,20,30,930,70,LANDY(RUE):N° 1 AU 43,,,Crépuscule ou aube,En agglomération,Intersection en X,Pluie légère,Deux véhicules - côté,,,,,,,,,,,2,2,2,2,3
200600050118,0006-08-23 15:55:00,6,8,23,15,55,930,70,REPUBLIQUE (PL DE LA),,,Plein jour,En agglomération,Intersection en T,Normale,Autre collision,,,,,,,,,,,1,2,3,1,6
200600050119,0006-08-24 13:00:00,6,8,24,13,0,930,70,JEAN-JAURES (BD),,,Plein jour,En agglomération,Intersection en X,Pluie légère,Autre collision,,,,,,,,,,,1,2,2,2,6
200600050120,0006-08-28 08:20:00,6,8,28,8,20,930,70,"35, ARDOIN(RUE)",,,Plein jour,En agglomération,Hors intersection,Pluie légère,Deux véhicules - frontale,,,,,,,,,,,1,2,1,2,1
200600050121,0006-08-28 16:20:00,6,8,28,16,20,930,70,DOCTEUR BAUER(RUE DU) :N,,,Plein jour,En agglomération,Hors intersection,Normale,Deux véhicules - côté,,,,,,,,,,,1,2,1,1,3
200600050122,0006-08-31 14:30:00,6,8,31,14,30,930,70,GARIBALDI(RUE),,,Plein jour,En agglomération,Intersection en X,Normale,Deux véhicules - côté,,,,,,,,,,,1,2,2,1,3
200600050123,0006-08-08 19:00:00,6,8,8,19,0,930,71,JOHN F. KENNEDY (AVENUE),,,Plein jour,En agglomération,Hors intersection,Normale,Deux véhicules - arrière,,,,,,,,,,,1,2,1,1,2
200600050124,0006-08-13 15:05:00,6,8,13,15,5,930,71,"1, STALINGRAD (BOULEVARD",,,Plein jour,En agglomération,Hors intersection,Pluie légère,Autre collision,,,,,,,,,,,1,2,1,2,6
200600050125,0006-08-21 05:15:00,6,8,21,5,15,930,71,BALLANGER ROBERT (AVENUE,,,Nuit avec éclairage allumé,En agglomération,Hors intersection,Normale,Autre collision,,,,,,,,,,,5,2,1,1,6
200600050126,0006-08-31 11:15:00,6,8,31,11,15,930,71,"2, KILLIAN (ALLEE)",,,Plein jour,En agglomération,Intersection en T,Normale,Autre collision,,,,,,,,,,,1,2,3,1,6
200600050127,0006-08-07 22:45:00,6,8,7,22,45,930,59,"100, ETIENNE DOLET (RUE)",,,Nuit avec éclairage allumé,En agglomération,Hors intersection,Normale,Autre collision,,,,,,,,,,,5,2,1,1,6
200600050128,0006-08-09 22:55:00,6,8,9,22,55,930,72,MAXIME GORKI (BOULEVARD),,,Nuit avec éclairage non allumé,En agglomération,Intersection en T,Normale,Deux véhicules - côté,,,,,,,,,,,4,2,3,1,3
200600050129,0006-08-17 08:15:00,6,8,17,8,15,930,59,"12, JEAN MERMOZ (BOULEVA",,,Plein jour,En agglomération,Hors intersection,Normale,Autre collision,,,,,,,,,,,1,2,1,1,6