accident_id,datetime,annee,mois,jour,heure,minute,departement,commune_insee,adresse,latitude,longitude,luminosite,agglomeration,intersection,meteo,collision,nb_vehicules,nb_usagers,nb_indemnes,nb_tues,nb_blesses_hosp,nb_blesses_legers,age_cond_1,age_cond_2,veh_type_cond_1,veh_type_cond_2,lum_code,agg_code,int_code,atm_code,col_code
200600050130,0006-08-21 05:50:00,6,8,21,5,50,930,59,"00, JEAN MERMOZ (BOULEVA",,,Crépuscule ou aube,En agglomération,Hors intersection,Normale,Autre collision,,,,,,,,,,,2,2,1,1,6
200600050131,0006-08-21 10:40:00,6,8,21,10,40,930,59,"99 / 101, LENINE (AVENUE",,,Plein jour,En agglomération,Hors intersection,Temps couvert,Deux véhicules - arrière,,,,,,,,,,,1,2,1,8,2
200600050132,0006-08-27 13:50:00,6,8,27,13,50,930,59,"203, ELYSEE RECLUS (AVEN",,,Plein jour,En agglomération,Hors intersection,Normale,Deux véhicules - arrière,,,,,,,,,,,1,2,1,1,2
200600050133,0006-08-15 08:20:00,6,8,15,8,20,930,59,CHARLES DE GAULLE (BOULE,,,Plein jour,En agglomération,Intersection en X,Normale,Deux véhicules - côté,,,,,,,,,,,1,2,2,1,3
200600050134,0006-08-01 07:45:00,6,8,1,7,45,930,78,AUTOROUTE A 104,,,Plein jour,Hors agglomération,Hors intersection,Pluie forte,Deux véhicules - côté,,,,,,,,,,,1,1,1,3,3
200600050135,0006-08-12 09:10:00,6,8,12,9,10,930,78,CLEMENCEAU (AVENUE GEORG,,,Plein jour,En agglomération,Giratoire,Temps couvert,Sans collision,,,,,,,,,,,1,2,6,8,7
200600050136,0006-08-15 11:55:00,6,8,15,11,55,930,78,"83, REPUBLIQUE (AVENUE D",,,Plein jour,En agglomération,Intersection en T,Normale,Autre collision,,,,,,,,,,,1,2,3,1,6
200600050137,0006-08-20 14:25:00,6,8,20,14,25,930,73,", PETITS PONTS (ROUTE DE",,,Plein jour,En agglomération,Hors intersection,Normale,Autre collision,,,,,,,,,,,1,2,1,1,6
200600050138,0006-08-22 08:10:00,6,8,22,8,10,930,78,LAPEROUSE,,,Plein jour,En agglomération,Intersection en T,Temps couvert,Deux véhicules - côté,,,,,,,,,,,1,2,3,8,3
200600050139,0006-08-23 17:40:00,6,8,23,17,40,930,73,PETITS PONTS (ROUTE DES),,,Plein jour,En agglomération,Intersection en X,Normale,Deux véhicules - côté,,,,,,,,,,,1,2,2,1,3
200600050140,0006-08-25 22:25:00,6,8,25,22,25,930,78,CUVIER (AVENUE),,,Nuit avec éclairage allumé,En agglomération,Hors intersection,Normale,Autre collision,,,,,,,,,,,5,2,1,1,6
200600050141,0006-08-27 11:55:00,6,8,27,11,55,930,73,PETITS PONTS (ROUTE DES),,,Plein jour,En agglomération,Hors intersection,Normale,Deux véhicules - côté,,,,,,,,,,,1,2,1,1,3
200600050142,0006-08-28 08:15:00,6,8,28,8,15,930,78,", DE GAULLE (AVENUE CHAR",,,Plein jour,En agglomération,Hors intersection,Pluie légère,Autre collision,,,,,,,,,,,1,2,1,2,6
200600050143,0006-08-11 18:25:00,6,8,11,18,25,940,2,"02, GENERAL CHARLES DE G",,,Plein jour,En agglomération,Intersection en X,Normale,Deux véhicules - côté,,,,,,,,,,,1,2,2,1,3
200600050144,0006-08-19 18:55:00,6,8,19,18,55,940,2,"4, VILLIERS (SEN DE)",,,Plein jour,En agglomération,Hors intersection,Normale,Sans collision,,,,,,,,,,,1,2,1,1,7
200600050145,0006-08-29 16:55:00,6,8,29,16,55,940,2,"0, SEINE (R DE)",,,Plein jour,En agglomération,Intersection en T,Pluie légère,Deux véhicules - côté,,,,,,,,,,,1,2,3,2,3
200600050146,0006-08-29 11:50:00,6,8,29,11,50,940,2,"34, SEINE (R DE)",,,Plein jour,En agglomération,Intersection en T,Pluie forte,Deux véhicules - côté,,,,,,,,,,,1,2,3,3,3
200600050147,0006-08-31 11:45:00,6,8,31,11,45,940,2,"0, CAMELIAS (R DES)",,,Plein jour,En agglomération,Intersection en X,Normale,Deux véhicules - côté,,,,,,,,,,,1,2,2,1,3
200600050148,0006-08-04 15:10:00,6,8,4,15,10,940,75,"0, LATTRE DE TASSIGNY (A",,,Plein jour,En agglomération,Hors intersection,Normale,Deux véhicules - arrière,,,,,,,,,,,1,2,1,1,2
200600050149,0006-08-16 10:30:00,6,8,16,10,30,940,71,"49, PARIS (R DE)",,,Plein jour,En agglomération,Intersection en X,Normale,Autre collision,,,,,,,,,,,1,2,2,1,6
200600050150,0006-08-26 14:15:00,6,8,26,14,15,940,71,PIERRE SEMARD (R),,,Plein jour,En agglomération,Hors intersection,Normale,Deux véhicules - frontale,,,,,,,,,,,1,2,1,1,1
200600050151,0006-08-28 09:30:00,6,8,28,9,30,940,4,"0, GENERAL LECLERC (AV D",,,Plein jour,En agglomération,Hors intersection,Pluie légère,Deux véhicules - frontale,,,,,,,,,,,1,2,1,2,1
200600050152,0006-08-30 16:45:00,6,8,30,16,45,940,71,CHAMPIGNY (R DE),,,Plein jour,En agglomération,Hors intersection,Normale,Autre collision,,,,,,,,,,,1,2,1,1,6
200600050153,0006-08-08 18:10:00,6,8,8,18,10,940,71,PARIS (R DE),,,Plein jour,En agglomération,Intersection en T,Normale,Deux véhicules - côté,,,,,,,,,,,1,2,3,1,3
200600050154,0006-08-28 19:00:00,6,8,28,19,0,940,71,"66, GRAND VAL (R DU)",,,Plein jour,En agglomération,Hors intersection,Temps couvert,Autre collision,,,,,,,,,,,1,2,1,8,6
200600050155,0006-08-30 20:30:00,6,8,30,20,30,940,44,"24, AUGUSTE BRUN (R)",,,Crépuscule ou aube,En agglomération,Hors intersection,Normale,Sans collision,,,,,,,,,,,2,2,1,1,7
200600050156,0006-08-12 00:20:00,6,8,12,0,20,940,17,"24, JEAN JAURES (R)",,,Nuit avec éclairage allumé,En agglomération,Hors intersection,Normale,Deux véhicules - côté,,,,,,,,,,,5,2,1,1,3
200600050157,0006-08-25 17:15:00,6,8,25,17,15,940,17,REGARD DES LUATS (R DU),,,Plein jour,En agglomération,Hors intersection,Normale,Autre collision,,,,,,,,,,,1,2,1,1,6
200600050158,0006-08-31 14:20:00,6,8,31,14,20,940,17,"83, LOUIS TALAMONI (R)",,,Plein jour,En agglomération,Intersection en X,Normale,Autre collision,,,,,,,,,,,1,2,2,1,6
200600050159,0006-08-11 17:55:00,6,8,11,17,55,940,69,"60, MARECHAL LECLERC (R",,,Plein jour,En agglomération,Hors intersection,Normale,Autre collision,,,,,,,,,,,1,2,1,1,6
200600050160,0006-08-14 11:00:00,6,8,14,11,0,940,18,VICTOR HUGO (R),,,Plein jour,En agglomération,Intersection en X,Normale,Deux véhicules - côté,,,,,,,,,,,1,2,2,1,3
200600050161,0006-08-27 13:05:00,6,8,27,13,5,940,18,"4, ALFRED SAVOURE (R)",,,Plein jour,En agglomération,Hors intersection,Normale,Autre collision,,,,,,,,,,,1,2,1,1,6
200600050162,0006-08-29 16:30:00,6,8,29,16,30,940,18,BERCY (QU DE),,,Plein jour,En agglomération,Hors intersection,Normale,Deux véhicules - arrière,,,,,,,,,,,1,2,1,1,2
200600050163,0006-08-25 17:55:00,6,8,25,17,55,940,19,"00, D'AMBOILE (R)",,,Plein jour,En agglomération,Hors intersection,Normale,Sans collision,,,,,,,,,,,1,2,1,1,7
200600050164,0006-08-28 07:30:00,6,8,28,7,30,940,55,"00, WLADIMIR D ORMESSON",,,Plein jour,En agglomération,Hors intersection,Pluie légère,Deux véhicules - arrière,,,,,,,,,,,1,2,1,2,2
200600050165,0006-08-02 11:00:00,6,8,2,11,0,940,22,"0, GAMBETTA (AV)",,,Plein jour,En agglomération,Hors intersection,Normale,Autre collision,,,,,,,,,,,1,2,1,1,6
200600050166,0006-08-07 07:40:00,6,8,7,7,40,940,22,AUGUSTE BLANQUI (R),,,Plein jour,En agglomération,Hors intersection,Normale,Sans collision,,,,,,,,,,,1,2,1,1,7
200600050167,0006-08-12 12:30:00,6,8,12,12,30,940,22,JEAN JAURES (R),,,Plein jour,En agglomération,Hors intersection,Normale,Autre collision,,,,,,,,,,,1,2,1,1,6
200600050168,0006-08-14 20:20:00,6,8,14,20,20,940,54,"0, MARCEL CACHIN (AV)",,,Crépuscule ou aube,En agglomération,Hors intersection,Normale,Autre collision,,,,,,,,,,,2,2,1,1,6
200600050169,0006-08-16 18:52:00,6,8,16,18,52,940,54,MARCEL CACHIN (AV),,,Plein jour,En agglomération,Hors intersection,Normale,Autre collision,,,,,,,,,,,1,2,1,1,6
200600050170,0006-08-25 08:35:00,6,8,25,8,35,940,54,HUIT MAI 1945 (PL DU),,,Plein jour,En agglomération,Hors intersection,Normale,Autre collision,,,,,,,,,,,1,2,1,1,6
200600050171,0006-08-01 06:30:00,6,8,1,6,30,940,28,"0, FOCH(AVENUE DU MARECH",,,Crépuscule ou aube,En agglomération,Intersection en X,Normale,Autre collision,,,,,,,,,,,2,2,2,1,6
200600050172,0006-08-04 12:08:00,6,8,4,12,8,940,28,"1, FOCH(AVENUE DU MARECH",,,Plein jour,En agglomération,Hors intersection,Normale,Deux véhicules - arrière,,,,,,,,,,,1,2,1,1,2
200600050173,0006-08-06 18:54:00,6,8,6,18,54,940,28,"0, GAULLE(AVENUE DU GENE",,,Plein jour,En agglomération,Intersection en X,Normale,Deux véhicules - côté,,,,,,,,,,,1,2,2,1,3
200600050174,0006-08-06 17:00:00,6,8,6,17,0,940,11,"13, PAUL VAILLANT COUTUR",,,Plein jour,En agglomération,Hors intersection,Normale,Autre collision,,,,,,,,,,,1,2,1,1,6
200600050175,0006-08-15 19:50:00,6,8,15,19,50,940,28,DUVAUCHEL(STADE),,,Plein jour,En agglomération,Hors intersection,Normale,Autre collision,,,,,,,,,,,1,2,1,1,6
200600050176,0006-08-12 19:10:00,6,8,12,19,10,940,28,"10, RAMON.(RUE DU DOCTEU",,,Crépuscule ou aube,En agglomération,Hors intersection,Normale,Autre collision,,,,,,,,,,,2,2,1,1,6
200600050177,0006-08-11 12:25:00,6,8,11,12,25,940,28,FOCH(AVENUE DU MARECHAL),,,Plein jour,En agglomération,Hors intersection,Normale,Deux véhicules - arrière,,,,,,,,,,,1,2,1,1,2
200600050178,0006-08-11 17:15:00,6,8,11,17,15,940,28,C.C.R CRETEIL SOLEIL,,,Plein jour,En agglomération,Hors intersection,Normale,Autre collision,,,,,,,,,,,1,2,1,1,6
200600050179,0006-08-17 13:30:00,6,8,17,13,30,940,28,FOCH(AVENUE DU MARECHAL),,,Plein jour,En agglomération,Hors intersection,Normale,Deux véhicules - arrière,,,,,,,,,,,1,2,1,1,2
200600050180,0006-08-20 14:15:00,6,8,20,14,15,940,28,SAVAR.(RUE JULIETTE),,,Plein jour,En agglomération,Autre intersection,Normale,Deux véhicules - côté,,,,,,,,,,,1,2,9,1,3
200600050181,0006-08-21 13:45:00,6,8,21,13,45,940,11,ROSTAND.(RUE JEAN),,,Plein jour,En agglomération,Hors intersection,Normale,Autre collision,,,,,,,,,,,1,2,1,1,6
200600050182,0006-08-28 21:45:00,6,8,28,21,45,940,28,BROSSOLETTE(AVENUE PIERR,,,Crépuscule ou aube,En agglomération,Hors intersection,Normale,Autre collision,,,,,,,,,,,2,2,1,1,6
200600050183,0006-08-27 17:00:00,6,8,27,17,0,940,28,LYAUTEY.(AVENUE DU MAREC,,,Plein jour,En agglomération,Hors intersection,Normale,Autre collision,,,,,,,,,,,1,2,1,1,6
200600050184,0006-08-30 00:10:00,6,8,30,0,10,940,28,CHOISY(ROUTE DE),,,Nuit avec éclairage allumé,En agglomération,Hors intersection,Normale,Autre collision,,,,,,,,,,,5,2,1,1,6
200600050185,0006-08-30 02:00:00,6,8,30,2,0,940,11,"16, PASTEUR.(AVENUE)",,,Nuit avec éclairage allumé,En agglomération,Hors intersection,Normale,Autre collision,,,,,,,,,,,5,2,1,1,6
200600050186,0006-08-31 07:32:00,6,8,31,7,32,940,28,"0, VERDUN.(AVENUE DE)",,,Plein jour,En agglomération,Autre intersection,Normale,Autre collision,,,,,,,,,,,1,2,9,1,6
200600050187,0006-08-01 14:35:00,6,8,1,14,35,940,33,"166, VERDUN (BD DE)",,,Plein jour,En agglomération,Hors intersection,Normale,Autre collision,,,,,,,,,,,1,2,1,1,6
200600050188,0006-08-04 12:10:00,6,8,4,12,10,940,76,"1, PAUL VAILLANT COUTURI",,,Plein jour,En agglomération,Hors intersection,Normale,Sans collision,,,,,,,,,,,1,2,1,1,7
200600050189,0006-08-05 18:00:00,6,8,5,18,0,940,3,"51, ARISTIDE BRIAND (AV)",,,Plein jour,En agglomération,Hors intersection,Normale,Deux véhicules - arrière,,,,,,,,,,,1,2,1,1,2
200600050190,0006-08-07 16:30:00,6,8,7,16,30,940,16,"15, DUMOTEL (AV)",,,Plein jour,En agglomération,Hors intersection,Pluie forte,Sans collision,,,,,,,,,,,1,2,1,3,7
200600050191,0006-08-07 17:50:00,6,8,7,17,50,940,3,"1, JEAN JAURES (AV)",,,Plein jour,En agglomération,Intersection en X,Normale,Deux véhicules - côté,,,,,,,,,,,1,2,2,1,3
200600050192,0006-08-14 10:30:00,6,8,14,10,30,940,3,"1, ARISTIDE BRIAND (AV)",,,Plein jour,En agglomération,Intersection en X,Normale,Deux véhicules - arrière,,,,,,,,,,,1,2,2,1,2
200600050193,0006-08-15 14:10:00,6,8,15,14,10,940,76,HENRI BARBUSSE (R),,,Plein jour,En agglomération,Hors intersection,Normale,Sans collision,,,,,,,,,,,1,2,1,1,7
200600050194,0006-08-14 18:55:00,6,8,14,18,55,940,43,"25, CHARLES GIDE (AV)",,,Plein jour,En agglomération,Hors intersection,Normale,Sans collision,,,,,,,,,,,1,2,1,1,7
200600050195,0006-08-16 19:55:00,6,8,16,19,55,940,76,"1, MAXIME GORKI (BD)",,,Plein jour,En agglomération,Intersection en T,Normale,Deux véhicules - côté,,,,,,,,,,,1,2,3,1,3
200600050196,0006-08-17 05:40:00,6,8,17,5,40,940,76,"181, MAXIME GORKI (BD)",,,Nuit avec éclairage allumé,En agglomération,Hors intersection,Normale,Deux véhicules - arrière,,,,,,,,,,,5,2,1,1,2
200600050197,0006-08-21 17:15:00,6,8,21,17,15,940,3,"50, CONVENTION (AV DE LA",,,Plein jour,En agglomération,Hors intersection,Normale,Deux véhicules - frontale,,,,,,,,,,,1,2,1,1,1
200600050198,0006-08-23 15:50:00,6,8,23,15,50,940,16,"185, ARISTIDE BRIAND (AV",,,Plein jour,En agglomération,Hors intersection,Normale,Deux véhicules - côté,,,,,,,,,,,1,2,1,1,3
200600050199,0006-08-24 12:20:00,6,8,24,12,20,940,76,"44, LOUIS ARAGON (AV)",,,Plein jour,En agglomération,Hors intersection,Normale,Sans collision,,,,,,,,,,,1,2,1,1,7
200600050200,0006-08-24 12:05:00,6,8,24,12,5,940,76,"63, STALINGRAD (AV DE)",,,Plein jour,En agglomération,Hors intersection,Normale,Deux véhicules - côté,,,,,,,,,,,1,2,1,1,3
200600050201,0006-08-29 09:20:00,6,8,29,9,20,940,43,FONTAINEBLEAU (AV DE),,,Plein jour,En agglomération,Hors intersection,Normale,Trois véhicules et plus - en chaîne,,,,,,,,,,,1,2,1,1,4
200600050202,0006-08-29 20:45:00,6,8,29,20,45,940,43,"1, FONTAINEBLEAU (AV DE)",,,Plein jour,En agglomération,Intersection en T,Normale,Trois véhicules et plus - collisions multiples,,,,,,,,,,,1,2,3,1,5
200600050203,0006-08-30 16:45:00,6,8,30,16,45,940,3,PAUL VAILLANT COUTURIER,,,Plein jour,En agglomération,Hors intersection,Normale,Deux véhicules - côté,,,,,,,,,,,1,2,1,1,3
200600050204,0006-08-03 17:20:00,6,8,3,17,20,940,65,RN 186,,,Plein jour,En agglomération,Hors intersection,Normale,Autre collision,,,,,,,,,,,1,2,1,1,6
200600050205,0006-08-03 15:40:00,6,8,3,15,40,940,73,ALOUETTES (R DES),,,Plein jour,En agglomération,Hors intersection,Normale,Autre collision,,,,,,,,,,,1,2,1,1,6
200600050206,0006-08-03 16:25:00,6,8,3,16,25,940,34,DIVISION LECLERC - CAR D,,,Plein jour,En agglomération,Autre intersection,Pluie légère,Deux véhicules - côté,,,,,,,,,,,1,2,9,2,3
200600050207,0006-08-10 21:00:00,6,8,10,21,0,940,38,"150, STALINGRAD (AV DE)",,,Crépuscule ou aube,En agglomération,Hors intersection,Normale,Deux véhicules - arrière,,,,,,,,,,,2,2,1,1,2
200600050208,0006-08-10 14:00:00,6,8,10,14,0,940,65,CARPENTRAS (Rue de),,,Plein jour,Hors agglomération,Hors intersection,Normale,Autre collision,,,,,,,,,,,1,1,1,1,6
200600050209,0006-08-14 12:40:00,6,8,14,12,40,940,73,ALOUETTES (R DES),,,Plein jour,En agglomération,Intersection en X,Normale,Deux véhicules - arrière,,,,,,,,,,,1,2,2,1,2
200600050210,0006-08-22 09:15:00,6,8,22,9,15,940,34,DIVISION LECLERC (AV DE,,,Plein jour,En agglomération,Intersection en X,Normale,Autre collision,,,,,,,,,,,1,2,2,1,6
200600050211,0006-08-22 02:55:00,6,8,22,2,55,940,65,BRETAGNE (ALLEE DE) / MI,,,Nuit avec éclairage allumé,Hors agglomération,Intersection en X,Pluie légère,Deux véhicules - frontale,,,,,,,,,,,5,1,2,2,1
200600050212,0006-08-14 14:40:00,6,8,14,14,40,940,65,BOULEVARD CIRCULAIRE ( M,,,Plein jour,Hors agglomération,Hors intersection,Normale,Deux véhicules - côté,,,,,,,,,,,1,1,1,1,3
200600050213,0006-08-23 10:30:00,6,8,23,10,30,940,65,CHARLES LINDBERGH (AV),,,Plein jour,En agglomération,Hors intersection,Normale,Sans collision,,,,,,,,,,,1,2,1,1,7
200600050214,0006-08-31 17:20:00,6,8,31,17,20,940,73,BAS MARIN (R DU),,,Plein jour,En agglomération,Hors intersection,Normale,Autre collision,,,,,,,,,,,1,2,1,1,6
200600050215,0006-08-28 13:20:00,6,8,28,13,20,940,41,MICHELET (R),,,Plein jour,En agglomération,Intersection en X,Pluie légère,Deux véhicules - côté,,,,,,,,,,,1,2,2,2,3
200600050216,0006-08-29 10:30:00,6,8,29,10,30,940,41,"41, RASPAIL (R)",,,Plein jour,En agglomération,Hors intersection,Pluie légère,Deux véhicules - côté,,,,,,,,,,,1,2,1,2,3
200600050217,0006-08-19 20:10:00,6,8,19,20,10,940,41,"34, VERDUN (AV DE)",,,Nuit avec éclairage non allumé,En agglomération,Hors intersection,Normale,Sans collision,,,,,,,,,,,4,2,1,1,7
200600050218,0006-08-02 13:40:00,6,8,2,13,40,940,46,"37, GENERAL LECLERC (AV",,,Plein jour,En agglomération,Hors intersection,Normale,Deux véhicules - arrière,,,,,,,,,,,1,2,1,1,2
200600050219,0006-08-23 07:55:00,6,8,23,7,55,940,46,"00, REPUBLIQUE (AV DE LA",,,Plein jour,En agglomération,Hors intersection,Normale,Deux véhicules - côté,,,,,,,,,,,1,2,1,1,3
200600050220,0006-08-29 13:00:00,6,8,29,13,0,940,46,"., GENERAL LECLERC (AV D",,,Plein jour,En agglomération,Intersection en X,Pluie légère,Deux véhicules - côté,,,,,,,,,,,1,2,2,2,3
200600050221,0006-08-04 10:50:00,6,8,4,10,50,940,42,"54, GENERAL GALLIENI (AV",,,Plein jour,En agglomération,Hors intersection,Normale,Deux véhicules - côté,,,,,,,,,,,1,2,1,1,3
200600050222,0006-08-10 13:25:00,6,8,10,13,25,940,58,"8, BRY (AV DE)",,,Plein jour,En agglomération,Hors intersection,Normale,Deux véhicules - côté,,,,,,,,,,,1,2,1,1,3
200600050223,0006-08-20 23:20:00,6,8,20,23,20,940,52,"NC, CHARLES VII (R)",,,Nuit avec éclairage allumé,En agglomération,Hors intersection,Normale,Deux véhicules - côté,,,,,,,,,,,5,2,1,1,3
200600050224,0006-08-29 07:15:00,6,8,29,7,15,940,58,FOCH (VLA),,,Plein jour,En agglomération,Hors intersection,Normale,Deux véhicules - frontale,,,,,,,,,,,1,2,1,1,1
200600050225,0006-08-29 18:10:00,6,8,29,18,10,940,52,STRASBOURG (BD DE),,,Plein jour,En agglomération,Hors intersection,Normale,Trois véhicules et plus - collisions multiples,,,,,,,,,,,1,2,1,1,5
200600050226,0006-08-02 11:30:00,6,8,2,11,30,940,68,"07, AUGUSTE MARIN (AV)",,,Plein jour,En agglomération,Hors intersection,Normale,Autre collision,,,,,,,,,,,1,2,1,1,6
200600050227,0006-08-03 09:15:00,6,8,3,9,15,940,68,EST (AV DE L),,,Plein jour,En agglomération,Intersection en X,Pluie légère,Deux véhicules - côté,,,,,,,,,,,1,2,2,2,3
200600050228,0006-08-23 14:10:00,6,8,23,14,10,940,68,ANDRE BOLLIER (R),,,Plein jour,En agglomération,Intersection en T,Normale,Deux véhicules - côté,,,,,,,,,,,1,2,3,1,3
200600050229,0006-08-27 14:35:00,6,8,27,14,35,940,68,LOUIS BLANC (AV),,,Plein jour,En agglomération,Intersection en X,Normale,Deux véhicules - côté,,,,,,,,,,,1,2,2,1,3
200600050230,0006-08-25 18:30:00,6,8,25,18,30,940,68,MAURICE BERTEAUX (BD),,,Plein jour,En agglomération,Intersection en X,Normale,Deux véhicules - côté,,,,,,,,,,,1,2,2,1,3
200600050231,0006-08-01 08:00:00,6,8,1,8,0,940,77,VOEUX SAINT GEORGES (R D,,,Plein jour,En agglomération,Intersection en Y,Pluie légère,Deux véhicules - côté,,,,,,,,,,,1,2,4,2,3
200600050232,0006-08-06 02:30:00,6,8,6,2,30,940,78,PARIS (R DE),,,Nuit avec éclairage allumé,En agglomération,Hors intersection,Normale,Autre collision,,,,,,,,,,,5,2,1,1,6
200600050233,0006-08-05 11:50:00,6,8,5,11,50,940,78,CHOISY (AV DE),,,Plein jour,En agglomération,Hors intersection,Normale,Autre collision,,,,,,,,,,,1,2,1,1,6
200600050234,0006-08-10 18:00:00,6,8,10,18,0,940,78,VALENTON (AV DE),,,Plein jour,En agglomération,Intersection en T,Normale,Deux véhicules - côté,,,,,,,,,,,1,2,3,1,3
200600050235,0006-08-23 20:50:00,6,8,23,20,50,940,78,EUGENE SUE (R),,,Crépuscule ou aube,Hors agglomération,Intersection en T,Normale,Deux véhicules - côté,,,,,,,,,,,2,1,3,1,3
200600050236,0006-08-17 18:40:00,6,8,17,18,40,940,74,HENRI BARBUSSE (AV),,,Plein jour,En agglomération,Hors intersection,Temps couvert,Autre collision,,,,,,,,,,,1,2,1,8,6
200600050237,0006-08-12 14:20:00,6,8,12,14,20,940,78,L'APPEL DU DIX-HUIT JUIN,,,Plein jour,En agglomération,Hors intersection,Pluie légère,Autre collision,,,,,,,,,,,1,2,1,2,6
200600050238,0006-08-26 15:30:00,6,8,26,15,30,940,77,"5, PAUL VAILLANT COUTURI",,,Plein jour,En agglomération,Hors intersection,Pluie légère,Autre collision,,,,,,,,,,,1,2,1,2,6
200600050239,0006-08-11 08:40:00,6,8,11,8,40,940,67,"4, GENERAL DE GAULLE (AV",,,Plein jour,En agglomération,Intersection en X,Normale,Deux véhicules - côté,,,,,,,,,,,1,2,2,1,3
200600050240,0006-08-28 20:30:00,6,8,28,20,30,940,81,"32, PAUL VAILLANT COUTUR",,,Nuit avec éclairage allumé,En agglomération,Hors intersection,Normale,Autre collision,,,,,,,,,,,5,2,1,1,6
200600050241,0006-08-10 08:05:00,6,8,10,8,5,950,18,COMMUNE DE PARIS (PLACE,,,Plein jour,En agglomération,Giratoire,Normale,Deux véhicules - côté,,,,,,,,,,,1,2,6,1,3
200600050242,0006-08-11 17:32:00,6,8,11,17,32,950,18,LECLERC (BLD DU GENERAL),,,Plein jour,En agglomération,Intersection en X,Normale,Deux véhicules - arrière,,,,,,,,,,,1,2,2,1,2
200600050243,0006-08-08 18:08:00,6,8,8,18,8,950,18,STALINGRAD (AVENUE DE),,,Plein jour,En agglomération,Hors intersection,Temps couvert,Deux véhicules - arrière,,,,,,,,,,,1,2,1,8,2
200600050244,0006-08-13 11:00:00,6,8,13,11,0,950,18,VAILLANT COUTURIER (RUE,,,Plein jour,En agglomération,Intersection en T,Normale,Autre collision,,,,,,,,,,,1,2,3,1,6
200600050245,0006-08-14 19:00:00,6,8,14,19,0,950,18,SAMPAIX (RUE LUCIEN),,,Plein jour,En agglomération,Intersection en T,Normale,Trois véhicules et plus - en chaîne,,,,,,,,,,,1,2,3,1,4
200600050246,0006-08-16 22:05:00,6,8,16,22,5,950,18,"02, MARTYRS DE CHATEAUBR",,,Nuit avec éclairage allumé,En agglomération,Intersection en T,Normale,Sans collision,,,,,,,,,,,5,2,3,1,7
200600050247,0006-08-17 13:00:00,6,8,17,13,0,950,18,THOMAS (RUE AMBROISE),,,Plein jour,En agglomération,Intersection en X,Temps couvert,Deux véhicules - côté,,,,,,,,,,,1,2,2,8,3
200600050248,0006-08-16 09:55:00,6,8,16,9,55,950,18,DE GAULLE (AVENUE DU GEN,,,Plein jour,En agglomération,Intersection en X,Normale,Deux véhicules - côté,,,,,,,,,,,1,2,2,1,3
200600050249,0006-08-18 14:30:00,6,8,18,14,30,950,18,"102, AVENUE M. UTRILLO",,,Plein jour,En agglomération,Hors intersection,Pluie légère,Autre collision,,,,,,,,,,,1,2,1,2,6
200600050250,0006-08-25 13:25:00,6,8,25,13,25,950,18,RESISTANCE (BOULEVARD DE,,,Plein jour,En agglomération,Intersection en T,Normale,Deux véhicules - côté,,,,,,,,,,,1,2,3,1,3
200600050251,0006-08-30 12:15:00,6,8,30,12,15,950,18,"62, LECLERC (BLD DU GENE",,,Plein jour,En agglomération,Hors intersection,Normale,Autre collision,,,,,,,,,,,1,2,1,1,6
200600050252,0006-08-30 17:00:00,6,8,30,17,0,950,63,"2, BLANCHE GRISARD (RUE)",,,Plein jour,En agglomération,Hors intersection,Normale,Deux véhicules - côté,,,,,,,,,,,1,2,1,1,3
200600050253,0006-08-09 10:30:00,6,8,9,10,30,950,500,"78, GISORS (RUE DE) - RD",,,Plein jour,En agglomération,Hors intersection,Normale,Sans collision,,,,,,,,,,,1,2,1,1,7
200600050254,0006-08-19 15:30:00,6,8,19,15,30,950,488,"4, JEAN NICOLAS LEVEAU (",,,Plein jour,En agglomération,Hors intersection,Normale,Sans collision,,,,,,,,,,,1,2,1,1,7
200600050255,0006-08-30 00:15:00,6,8,30,0,15,950,127,HAUTIL (BOULEVARD DE L'),,,Nuit avec éclairage allumé,En agglomération,Hors intersection,Normale,Sans collision,,,,,,,,,,,5,2,1,1,7
200600050256,0006-08-16 19:00:00,6,8,16,19,0,950,127,"0, OISE (BOULEVARD DE L'",,,Plein jour,En agglomération,Hors intersection,Normale,Sans collision,,,,,,,,,,,1,2,1,1,7
200600050257,0006-08-30 19:15:00,6,8,30,19,15,950,555,ARGENTEUIL (RUE D'),,,Plein jour,En agglomération,Intersection en X,Normale,Autre collision,,,,,,,,,,,1,2,2,1,6
200600050258,0006-08-01 19:50:00,6,8,1,19,50,950,203,"41, MARGENCY (ROUTE DE)",,,Plein jour,En agglomération,Hors intersection,Normale,Autre collision,,,,,,,,,,,1,2,1,1,6
200600050259,0006-08-05 12:05:00,6,8,5,12,5,950,252,ERMONT (RUE D'),,,Plein jour,En agglomération,Hors intersection,Normale,Deux véhicules - frontale,,,,,,,,,,,1,2,1,1,1
200600050260,0006-08-15 21:05:00,6,8,15,21,5,950,491,6 EME BOULEVARD,,,Nuit avec éclairage allumé,En agglomération,Hors intersection,Temps couvert,Autre collision,,,,,,,,,,,5,2,1,8,6
200600050261,0006-08-25 00:30:00,6,8,25,0,30,950,252,GENERAL LECLERC (RUE DU),,,Nuit avec éclairage allumé,En agglomération,Intersection en T,Normale,Deux véhicules - côté,,,,,,,,,,,5,2,3,1,3
200600050262,0006-08-29 09:03:00,6,8,29,9,3,950,252,"7, BOIS (AVENUE DES)",,,Plein jour,En agglomération,Hors intersection,Normale,Autre collision,,,,,,,,,,,1,2,1,1,6
200600050263,0006-08-02 13:15:00,6,8,2,13,15,950,424,VICTOR BORDIER (BOULEVAR,,,Plein jour,En agglomération,Autre intersection,Normale,Autre collision,,,,,,,,,,,1,2,9,1,6