accident_id,datetime,annee,mois,jour,heure,minute,departement,commune_insee,adresse,latitude,longitude,luminosite,agglomeration,intersection,meteo,collision,nb_vehicules,nb_usagers,nb_indemnes,nb_tues,nb_blesses_hosp,nb_blesses_legers,age_cond_1,age_cond_2,veh_type_cond_1,veh_type_cond_2,lum_code,agg_code,int_code,atm_code,col_code
200600050402,0006-08-28 09:50:00,6,8,28,9,50,950,430,R.D. 104,,,Plein jour,Hors agglomération,Hors intersection,Pluie légère,Sans collision,,,,,,,,,,,1,1,1,2,7
200600050403,0006-08-28 12:25:00,6,8,28,12,25,930,78,AUTOROUTE A104,,,Plein jour,Hors agglomération,Hors intersection,Pluie légère,Autre collision,,,,,,,,,,,1,1,1,2,6
200600050404,0006-08-28 17:50:00,6,8,28,17,50,930,63,AUTOROUTE A3,,,Plein jour,Hors agglomération,Hors intersection,Pluie légère,Trois véhicules et plus - en chaîne,,,,,,,,,,,1,1,1,2,4
200600050405,0006-08-29 04:00:00,6,8,29,4,0,600,631,AUTOROUTE A1,,,Nuit avec éclairage allumé,Hors agglomération,Hors intersection,Normale,Sans collision,,,,,,,,,,,5,1,1,1,7
200600050406,0006-08-29 09:55:00,6,8,29,9,55,930,27,AUTOROUTE A86,,,Plein jour,Hors agglomération,Hors intersection,Temps couvert,Sans collision,,,,,,,,,,,1,1,1,8,7
200600050407,0006-08-29 16:20:00,6,8,29,16,20,950,306,AUTOROUTE A15,,,Plein jour,Hors agglomération,Autre intersection,Pluie légère,Sans collision,,,,,,,,,,,1,1,9,2,7
200600050408,0006-08-29 18:40:00,6,8,29,18,40,950,527,AUTOROUTE A3,,,Plein jour,Hors agglomération,Hors intersection,Pluie légère,Autre collision,,,,,,,,,,,1,1,1,2,6
200600050409,0006-08-30 05:30:00,6,8,30,5,30,600,505,AUTOROUTE A1,,,Plein jour,Hors agglomération,Hors intersection,Normale,Sans collision,,,,,,,,,,,1,1,1,1,7
200600050410,0006-08-30 08:30:00,6,8,30,8,30,930,32,AUTOROUTE A3,,,Plein jour,Hors agglomération,Hors intersection,Normale,Sans collision,,,,,,,,,,,1,1,1,1,7
200600050411,0006-08-30 18:45:00,6,8,30,18,45,930,48,AUTOROUTE A3,,,Plein jour,Hors agglomération,Hors intersection,Normale,Deux véhicules - côté,,,,,,,,,,,1,1,1,1,3
200600050412,0006-08-31 17:15:00,6,8,31,17,15,930,32,AUTOROUTE A1,,,Plein jour,Hors agglomération,Hors intersection,Normale,Autre collision,,,,,,,,,,,1,1,1,1,6
200600050413,0006-08-31 08:00:00,6,8,31,8,0,930,10,AUTOROUTE A3,,,Plein jour,Hors agglomération,Hors intersection,Normale,Trois véhicules et plus - collisions multiples,,,,,,,,,,,1,1,1,1,5
200600050414,0006-08-17 18:06:00,6,8,17,18,6,920,64,A13,,,Plein jour,Hors agglomération,Hors intersection,Temps couvert,Deux véhicules - côté,,,,,,,,,,,1,1,1,8,3
200600050415,0006-08-10 13:00:00,6,8,10,13,0,780,431,A13,,,Plein jour,Hors agglomération,Hors intersection,Normale,Deux véhicules - côté,,,,,,,,,,,1,1,1,1,3
200600050416,0006-08-04 19:30:00,6,8,4,19,30,780,455,A13,,,Plein jour,Hors agglomération,Hors intersection,Normale,Autre collision,,,,,,,,,,,1,1,1,1,6
200600050417,0006-08-01 10:45:00,6,8,1,10,45,910,617,AUTOROUTE A5A,,,Plein jour,Hors agglomération,Hors intersection,Pluie légère,Sans collision,,,,,,,,,,,1,1,1,2,7
200600050418,0006-08-03 07:01:00,6,8,3,7,1,910,64,RN 118,,,Crépuscule ou aube,Hors agglomération,Hors intersection,Pluie légère,Sans collision,,,,,,,,,,,2,1,1,2,7
200600050419,0006-08-03 08:59:00,6,8,3,8,59,910,136,RN 188 PARIS / A 10 PARI,,,Plein jour,Hors agglomération,Hors intersection,Pluie légère,Sans collision,,,,,,,,,,,1,1,1,2,7
200600050420,0006-08-04 03:20:00,6,8,4,3,20,910,689,AUTOROUTE A10,,,Nuit sans éclairage public,Hors agglomération,Hors intersection,Normale,Autre collision,,,,,,,,,,,3,1,1,1,6
200600050421,0006-08-04 12:30:00,6,8,4,12,30,910,659,AUTOROUTE A6,,,Plein jour,Hors agglomération,Hors intersection,Normale,Trois véhicules et plus - collisions multiples,,,,,,,,,,,1,1,1,1,5
200600050422,0006-08-04 12:49:00,6,8,4,12,49,910,340,AUTOROUTE A6,,,Plein jour,Hors agglomération,Hors intersection,Normale,Sans collision,,,,,,,,,,,1,1,1,1,7
200600050423,0006-08-04 17:00:00,6,8,4,17,0,770,296,AUTOROUTE A5A,,,Plein jour,Hors agglomération,Hors intersection,Normale,Autre collision,,,,,,,,,,,1,1,1,1,6
200600050424,0006-08-04 19:25:00,6,8,4,19,25,940,76,AUTOROUTE A6B,,,Plein jour,Hors agglomération,Hors intersection,Normale,Sans collision,,,,,,,,,,,1,1,1,1,7
200600050425,0006-08-05 16:15:00,6,8,5,16,15,920,19,RN 385,,,Plein jour,Hors agglomération,Hors intersection,Normale,Autre collision,,,,,,,,,,,1,1,1,1,6
200600050426,0006-08-06 03:31:00,6,8,6,3,31,910,689,AUTOROUTE A6B,,,Nuit avec éclairage non allumé,Hors agglomération,Hors intersection,Normale,Trois véhicules et plus - en chaîne,,,,,,,,,,,4,1,1,1,4
200600050427,0006-08-06 06:51:00,6,8,6,6,51,910,136,RN20,,,Crépuscule ou aube,Hors agglomération,Hors intersection,Normale,Sans collision,,,,,,,,,,,2,1,1,1,7
200600050428,0006-08-09 05:22:00,6,8,9,5,22,770,384,AUTOROUTE A5A,,,Nuit sans éclairage public,Hors agglomération,Hors intersection,Normale,Autre collision,,,,,,,,,,,3,1,1,1,6
200600050429,0006-08-09 10:30:00,6,8,9,10,30,770,251,AUTOROUTE A5A,,,Plein jour,Hors agglomération,Hors intersection,Normale,Autre collision,,,,,,,,,,,1,1,1,1,6
200600050430,0006-08-09 18:33:00,6,8,9,18,33,910,471,RN 188 CHEVREUSE,,,Plein jour,Hors agglomération,Hors intersection,Temps couvert,Deux véhicules - arrière,,,,,,,,,,,1,1,1,8,2
200600050431,0006-08-10 10:58:00,6,8,10,10,58,910,377,AUTOROUTE A10,,,Plein jour,Hors agglomération,Hors intersection,Normale,Deux véhicules - côté,,,,,,,,,,,1,1,1,1,3
200600050432,0006-08-12 09:40:00,6,8,12,9,40,910,521,RN 440,,,Plein jour,Hors agglomération,Hors intersection,Normale,Autre collision,,,,,,,,,,,1,1,1,1,6
200600050433,0006-08-12 20:20:00,6,8,12,20,20,910,228,RN 104,,,Plein jour,Hors agglomération,Hors intersection,Pluie légère,Autre collision,,,,,,,,,,,1,1,1,2,6
200600050434,0006-08-12 23:24:00,6,8,12,23,24,910,471,RN 118,,,Nuit sans éclairage public,Hors agglomération,Hors intersection,Pluie légère,Autre collision,,,,,,,,,,,3,1,1,2,6
200600050435,0006-08-13 16:15:00,6,8,13,16,15,940,34,AUTOROUTE A6B,,,Plein jour,Hors agglomération,Hors intersection,Pluie légère,Autre collision,,,,,,,,,,,1,1,1,2,6
200600050436,0006-08-13 16:47:00,6,8,13,16,47,910,377,AUTOROUTE A10,,,Plein jour,Hors agglomération,Hors intersection,Pluie légère,Trois véhicules et plus - en chaîne,,,,,,,,,,,1,1,1,2,4
200600050437,0006-08-13 17:35:00,6,8,13,17,35,940,34,AUTOROUTE A6A,,,Plein jour,Hors agglomération,Hors intersection,Pluie légère,Autre collision,,,,,,,,,,,1,1,1,2,6
200600050438,0006-08-13 20:15:00,6,8,13,20,15,910,477,AUTOROUTE A126,,,Plein jour,Hors agglomération,Hors intersection,Pluie légère,Deux véhicules - frontale,,,,,,,,,,,1,1,1,2,1
200600050439,0006-08-13 20:26:00,6,8,13,20,26,910,521,RN 104,,,Nuit sans éclairage public,Hors agglomération,Hors intersection,Pluie légère,Autre collision,,,,,,,,,,,3,1,1,2,6
200600050440,0006-08-14 04:30:00,6,8,14,4,30,770,495,RN 105,,,Nuit sans éclairage public,Hors agglomération,Hors intersection,Pluie légère,Autre collision,,,,,,,,,,,3,1,1,2,6
200600050441,0006-08-14 08:22:00,6,8,14,8,22,910,477,RN 444,,,Plein jour,Hors agglomération,Hors intersection,Temps couvert,Autre collision,,,,,,,,,,,1,1,1,8,6
200600050442,0006-08-14 13:07:00,6,8,14,13,7,910,363,AUTOROUTE A10,,,Plein jour,Hors agglomération,Hors intersection,Normale,Deux véhicules - arrière,,,,,,,,,,,1,1,1,1,2
200600050443,0006-08-16 16:50:00,6,8,16,16,50,910,468,AUTOROUTE A6,,,Plein jour,Hors agglomération,Hors intersection,Temps couvert,Autre collision,,,,,,,,,,,1,1,1,8,6
200600050444,0006-08-18 08:20:00,6,8,18,8,20,940,37,AUTOROUTE A6A,,,Plein jour,Hors agglomération,Hors intersection,Normale,Deux véhicules - côté,,,,,,,,,,,1,1,1,1,3
200600050445,0006-08-20 07:30:00,6,8,20,7,30,910,589,AUTOROUTE A6,,,Plein jour,Hors agglomération,Hors intersection,Temps couvert,Autre collision,,,,,,,,,,,1,1,1,8,6
200600050446,0006-08-20 15:20:00,6,8,20,15,20,910,161,AUTOROUTE A6,,,Plein jour,Hors agglomération,Hors intersection,Normale,Deux véhicules - arrière,,,,,,,,,,,1,1,1,1,2
200600050447,0006-08-21 19:50:00,6,8,21,19,50,920,2,AUTOROUTE A10,,,Plein jour,Hors agglomération,Hors intersection,Pluie légère,Deux véhicules - arrière,,,,,,,,,,,1,1,1,2,2
200600050448,0006-08-22 22:30:00,6,8,22,22,30,910,521,RN 449,,,Nuit sans éclairage public,Hors agglomération,Autre intersection,Normale,Autre collision,,,,,,,,,,,3,1,9,1,6
200600050449,0006-08-23 10:20:00,6,8,23,10,20,910,471,RN 118,,,Plein jour,Hors agglomération,Hors intersection,Normale,Autre collision,,,,,,,,,,,1,1,1,1,6
200600050450,0006-08-25 07:45:00,6,8,25,7,45,940,34,AUTOROUTE A86,,,Plein jour,Hors agglomération,Hors intersection,Normale,Autre collision,,,,,,,,,,,1,1,1,1,6
200600050451,0006-08-26 06:05:00,6,8,26,6,5,910,689,AUTOROUTE A6B,,,Nuit avec éclairage allumé,Hors agglomération,Hors intersection,Pluie légère,Deux véhicules - côté,,,,,,,,,,,5,1,1,2,3
200600050452,0006-08-26 06:15:00,6,8,26,6,15,910,345,AUTOROUTE A6,,,Nuit sans éclairage public,Hors agglomération,Hors intersection,Pluie forte,Deux véhicules - côté,,,,,,,,,,,3,1,1,3,3
200600050453,0006-08-26 09:30:00,6,8,26,9,30,910,64,RN 118,,,Plein jour,Hors agglomération,Hors intersection,Temps couvert,Autre collision,,,,,,,,,,,1,1,1,8,6
200600050454,0006-08-28 13:46:00,6,8,28,13,46,910,471,RN 118,,,Plein jour,Hors agglomération,Hors intersection,Temps couvert,Sans collision,,,,,,,,,,,1,1,1,8,7
200600050455,0006-08-28 14:50:00,6,8,28,14,50,910,340,RN 104,,,Plein jour,Hors agglomération,Hors intersection,Temps couvert,Sans collision,,,,,,,,,,,1,1,1,8,7
200600050456,0006-08-29 16:00:00,6,8,29,16,0,910,521,AUTOROUTE A6,,,Plein jour,Hors agglomération,Hors intersection,Pluie forte,Deux véhicules - arrière,,,,,,,,,,,1,1,1,3,2
200600050457,0006-08-28 21:35:00,6,8,28,21,35,940,34,AUTOROUTE A6B,,,Nuit avec éclairage allumé,Hors agglomération,Hors intersection,Normale,Deux véhicules - arrière,,,,,,,,,,,5,1,1,1,2
200600050458,0006-08-29 11:10:00,6,8,29,11,10,940,34,AUTOROUTE A6A,,,Plein jour,Hors agglomération,Hors intersection,Pluie forte,Trois véhicules et plus - collisions multiples,,,,,,,,,,,1,1,1,3,5
200600050459,0006-08-29 18:00:00,6,8,29,18,0,910,689,AUTOROUTE A6A,,,Plein jour,Hors agglomération,Hors intersection,Pluie légère,Deux véhicules - côté,,,,,,,,,,,1,1,1,2,3
200600050460,0006-08-30 09:30:00,6,8,30,9,30,940,34,AUTOROUTE A86,,,Plein jour,Hors agglomération,Hors intersection,Normale,Deux véhicules - arrière,,,,,,,,,,,1,1,1,1,2
200600050461,0006-08-31 01:45:00,6,8,31,1,45,940,43,AUTOROUTE A6B,,,Nuit avec éclairage allumé,Hors agglomération,Hors intersection,Normale,Sans collision,,,,,,,,,,,5,1,1,1,7
200600050462,0006-08-02 12:50:00,6,8,2,12,50,202,33,"SANS, TUNNEL",,,Plein jour,En agglomération,Hors intersection,Normale,Autre collision,,,,,,,,,,,1,2,1,1,6
200600050463,0006-08-04 19:15:00,6,8,4,19,15,202,33,"SANS, TUNNEL",,,Plein jour,En agglomération,Hors intersection,Normale,Deux véhicules - arrière,,,,,,,,,,,1,2,1,1,2
200600050464,0006-08-05 11:35:00,6,8,5,11,35,202,37,"SANS, TOUTES RUES",,,Plein jour,En agglomération,Hors intersection,Normale,Deux véhicules - arrière,,,,,,,,,,,1,2,1,1,2
200600050465,0006-08-06 07:28:00,6,8,6,7,28,202,33,"SANS, TOUTES RUES",,,Plein jour,En agglomération,Hors intersection,Normale,Deux véhicules - frontale,,,,,,,,,,,1,2,1,1,1
200600050466,0006-08-06 14:55:00,6,8,6,14,55,202,120,"sans, TOUTES RUES",,,Plein jour,En agglomération,Hors intersection,Normale,Deux véhicules - frontale,,,,,,,,,,,1,2,1,1,1
200600050467,0006-08-06 03:43:00,6,8,6,3,43,202,33,"sans, TOUTES RUES",,,Nuit avec éclairage allumé,Hors agglomération,Intersection en X,Normale,Deux véhicules - côté,,,,,,,,,,,5,1,2,1,3
200600050468,0006-08-07 22:31:00,6,8,7,22,31,202,120,"SANS, TOUTES RUES",,,Nuit avec éclairage allumé,En agglomération,Hors intersection,Normale,Autre collision,,,,,,,,,,,5,2,1,1,6
200600050469,0006-08-08 15:05:00,6,8,8,15,5,202,33,"SANS, GIACCOBBI - AV PAU",,,Plein jour,En agglomération,Hors intersection,Normale,Deux véhicules - côté,,,,,,,,,,,1,2,1,1,3
200600050470,0006-08-09 13:50:00,6,8,9,13,50,202,120,"sans, TOUTES RUES",,,Plein jour,En agglomération,Hors intersection,Normale,Deux véhicules - arrière,,,,,,,,,,,1,2,1,1,2
200600050471,0006-08-11 19:02:00,6,8,11,19,2,202,120,"SANS, TOUTES RUES",,,Plein jour,En agglomération,Intersection en T,Normale,Deux véhicules - côté,,,,,,,,,,,1,2,3,1,3
200600050472,0006-08-16 11:26:00,6,8,16,11,26,202,33,"sans, MIOT - RUE",,,Plein jour,En agglomération,Hors intersection,Normale,Autre collision,,,,,,,,,,,1,2,1,1,6
200600050473,0006-08-17 15:00:00,6,8,17,15,0,202,33,"SANS, TOUTES RUES",,,Plein jour,En agglomération,Hors intersection,Normale,Trois véhicules et plus - en chaîne,,,,,,,,,,,1,2,1,1,4
200600050474,0006-08-20 10:48:00,6,8,20,10,48,202,120,"SANS, TOUTES RUES",,,Plein jour,En agglomération,Hors intersection,Pluie forte,Trois véhicules et plus - collisions multiples,,,,,,,,,,,1,2,1,3,5
200600050475,0006-08-22 14:03:00,6,8,22,14,3,202,33,"SANS, CHANOINE LESCHI -",,,Plein jour,En agglomération,Hors intersection,Normale,Autre collision,,,,,,,,,,,1,2,1,1,6
200600050476,0006-08-25 16:16:00,6,8,25,16,16,202,33,"SANS, PAOLI DU NR 21 AU",,,Plein jour,En agglomération,Hors intersection,Normale,Autre collision,,,,,,,,,,,1,2,1,1,6
200600050477,0006-08-26 01:58:00,6,8,26,1,58,202,33,"SANS, TOUTES RUES",,,Nuit avec éclairage allumé,En agglomération,Hors intersection,Normale,Autre collision,,,,,,,,,,,5,2,1,1,6
200600050478,0006-08-27 10:41:00,6,8,27,10,41,202,33,"SANS, FRONT DE MER - ROU",,,Plein jour,En agglomération,Giratoire,Normale,Deux véhicules - côté,,,,,,,,,,,1,2,6,1,3
200600050479,0006-08-03 16:45:00,6,8,3,16,45,690,382,"02, CHARITE (DE LA)",,,Plein jour,En agglomération,Hors intersection,Normale,Deux véhicules - arrière,,,,,,,,,,,1,2,1,1,2
200600050480,0006-08-16 12:30:00,6,8,16,12,30,690,382,MARECHAL JOFFRE (DU),,,Plein jour,En agglomération,Intersection à plus de 4 branches,Normale,Autre collision,,,,,,,,,,,1,2,5,1,6
200600050481,0006-08-01 08:20:00,6,8,1,8,20,590,378,AUTOROUTE A22,,,Plein jour,Hors agglomération,Hors intersection,Pluie légère,Autre collision,,,,,,,,,,,1,1,1,2,6
200600050482,0006-08-01 15:05:00,6,8,1,15,5,590,435,AUTOROUTE A23,,,Plein jour,Hors agglomération,Hors intersection,Normale,Deux véhicules - côté,,,,,,,,,,,1,1,1,1,3
200600050483,0006-08-01 16:55:00,6,8,1,16,55,590,9,AUTOROUTE A22,,,Plein jour,Hors agglomération,Hors intersection,Normale,Deux véhicules - côté,,,,,,,,,,,1,1,1,1,3
200600050484,0006-08-03 18:10:00,6,8,3,18,10,620,274,AUTOROUTE A1,,,Plein jour,Hors agglomération,Hors intersection,Pluie légère,Deux véhicules - côté,,,,,,,,,,,1,1,1,2,3
200600050485,0006-08-04 17:25:00,6,8,4,17,25,590,507,AUTOROUTE A1,,,Plein jour,Hors agglomération,Hors intersection,Normale,Deux véhicules - côté,,,,,,,,,,,1,1,1,1,3
200600050486,0006-08-04 22:55:00,6,8,4,22,55,620,498,AUTOROUTE A211,,,Nuit avec éclairage allumé,Hors agglomération,Hors intersection,Normale,Autre collision,,,,,,,,,,,5,1,1,1,6
200600050487,0006-08-06 00:20:00,6,8,6,0,20,620,634,AUTOROUTE A16,,,Nuit avec éclairage allumé,Hors agglomération,Hors intersection,Normale,Deux véhicules - arrière,,,,,,,,,,,5,1,1,1,2
200600050488,0006-08-06 14:25:00,6,8,6,14,25,590,256,AUTOROUTE A23,,,Plein jour,Hors agglomération,Hors intersection,Normale,Autre collision,,,,,,,,,,,1,1,1,1,6
200600050489,0006-08-06 21:10:00,6,8,6,21,10,590,554,AUTOROUTE A23,,,Nuit avec éclairage allumé,Hors agglomération,Hors intersection,Normale,Autre collision,,,,,,,,,,,5,1,1,1,6
200600050490,0006-08-07 12:40:00,6,8,7,12,40,620,239,AUTOROUTE A16,,,Plein jour,Hors agglomération,Hors intersection,Pluie légère,Autre collision,,,,,,,,,,,1,1,1,2,6
200600050491,0006-08-07 13:15:00,6,8,7,13,15,590,560,AUTOROUTE A1,,,Plein jour,Hors agglomération,Hors intersection,Normale,Autre collision,,,,,,,,,,,1,1,1,1,6
200600050492,0006-08-08 17:45:00,6,8,8,17,45,620,498,AUTOROUTE A21,,,Plein jour,Hors agglomération,Hors intersection,Normale,Deux véhicules - côté,,,,,,,,,,,1,1,1,1,3
200600050493,0006-08-08 18:45:00,6,8,8,18,45,590,256,AUTOROUTE A23,,,Plein jour,Hors agglomération,Hors intersection,Normale,Deux véhicules - arrière,,,,,,,,,,,1,1,1,1,2
200600050494,0006-08-09 14:15:00,6,8,9,14,15,590,507,AUTOROUTE A1,,,Plein jour,Hors agglomération,Hors intersection,Normale,Deux véhicules - côté,,,,,,,,,,,1,1,1,1,3
200600050495,0006-08-11 10:30:00,6,8,11,10,30,590,554,AUTOROUTE A23,,,Plein jour,Hors agglomération,Hors intersection,Normale,Sans collision,,,,,,,,,,,1,1,1,1,7
200600050496,0006-08-13 16:42:00,6,8,13,16,42,590,606,AUTOROUTE A23,,,Plein jour,Hors agglomération,Hors intersection,Pluie forte,Autre collision,,,,,,,,,,,1,1,1,3,6
200600050497,0006-08-14 13:35:00,6,8,14,13,35,590,183,AUTOROUTE A16,,,Plein jour,Hors agglomération,Hors intersection,Pluie forte,Autre collision,,,,,,,,,,,1,1,1,3,6
200600050498,0006-08-14 14:40:00,6,8,14,14,40,590,350,AUTOROUTE A1,,,Plein jour,Hors agglomération,Hors intersection,Pluie légère,Autre collision,,,,,,,,,,,1,1,1,2,6
200600050499,0006-08-14 15:00:00,6,8,14,15,0,590,159,AUTOROUTE A16,,,Plein jour,Hors agglomération,Hors intersection,Pluie légère,Deux véhicules - côté,,,,,,,,,,,1,1,1,2,3
200600050500,0006-08-15 06:40:00,6,8,15,6,40,590,271,AUTOROUTE A16,,,Plein jour,Hors agglomération,Hors intersection,Normale,Deux véhicules - côté,,,,,,,,,,,1,1,1,1,3
200600050501,0006-08-16 08:35:00,6,8,16,8,35,620,351,AUTOROUTE A21,,,Plein jour,Hors agglomération,Hors intersection,Normale,Autre collision,,,,,,,,,,,1,1,1,1,6
200600050502,0006-08-16 23:30:00,6,8,16,23,30,590,143,AUTOROUTE A25,,,Nuit avec éclairage allumé,Hors agglomération,Hors intersection,Normale,Autre collision,,,,,,,,,,,5,1,1,1,6
200600050503,0006-08-17 14:30:00,6,8,17,14,30,590,346,ROUTE NATIONALE 227,,,Plein jour,Hors agglomération,Hors intersection,Normale,Sans collision,,,,,,,,,,,1,1,1,1,7
200600050504,0006-08-18 14:30:00,6,8,18,14,30,620,498,AUTOROUTE A21,,,Plein jour,Hors agglomération,Hors intersection,Normale,Deux véhicules - arrière,,,,,,,,,,,1,1,1,1,2
200600050505,0006-08-19 16:40:00,6,8,19,16,40,620,498,AUTOROUTE A21,,,Plein jour,Hors agglomération,Hors intersection,Pluie légère,Trois véhicules et plus - collisions multiples,,,,,,,,,,,1,1,1,2,5
200600050506,0006-08-19 16:50:00,6,8,19,16,50,620,498,AUTOROUTE A21,,,Plein jour,Hors agglomération,Hors intersection,Pluie légère,Trois véhicules et plus - collisions multiples,,,,,,,,,,,1,1,1,2,5
200600050507,0006-08-20 11:20:00,6,8,20,11,20,590,350,ROUTE NATIONALE 351,,,Plein jour,Hors agglomération,Hors intersection,Pluie légère,Autre collision,,,,,,,,,,,1,1,1,2,6
200600050508,0006-08-20 18:50:00,6,8,20,18,50,620,274,AUTOROUTE A21,,,Plein jour,Hors agglomération,Hors intersection,Normale,Autre collision,,,,,,,,,,,1,1,1,1,6
200600050509,0006-08-20 19:43:00,6,8,20,19,43,590,13,AUTOROUTE A27,,,Plein jour,Hors agglomération,Hors intersection,Normale,Deux véhicules - arrière,,,,,,,,,,,1,1,1,1,2
200600050510,0006-08-21 06:35:00,6,8,21,6,35,590,401,AUTOROUTE A25,,,Plein jour,Hors agglomération,Hors intersection,Normale,Autre collision,,,,,,,,,,,1,1,1,1,6
200600050511,0006-08-21 08:37:00,6,8,21,8,37,590,507,AUTOROUTE A1,,,Plein jour,Hors agglomération,Hors intersection,Normale,Autre collision,,,,,,,,,,,1,1,1,1,6
200600050512,0006-08-21 11:20:00,6,8,21,11,20,590,343,AUTOROUTE A1,,,Plein jour,Hors agglomération,Hors intersection,Normale,Trois véhicules et plus - en chaîne,,,,,,,,,,,1,1,1,1,4
200600050513,0006-08-21 17:00:00,6,8,21,17,0,590,350,ROUTE NATIONALE 356,,,Plein jour,Hors agglomération,Hors intersection,Pluie légère,Autre collision,,,,,,,,,,,1,1,1,2,6
200600050514,0006-08-22 03:30:00,6,8,22,3,30,590,350,ROUTE NATIONALE 356,,,Nuit avec éclairage allumé,Hors agglomération,Hors intersection,Normale,Autre collision,,,,,,,,,,,5,1,1,1,6
200600050515,0006-08-23 01:05:00,6,8,23,1,5,620,427,AUTOROUTE A1,,,Nuit avec éclairage allumé,Hors agglomération,Hors intersection,Normale,Sans collision,,,,,,,,,,,5,1,1,1,7
200600050516,0006-08-23 14:00:00,6,8,23,14,0,590,360,AUTOROUTE A25,,,Plein jour,Hors agglomération,Hors intersection,Normale,Sans collision,,,,,,,,,,,1,1,1,1,7
200600050517,0006-08-24 14:10:00,6,8,24,14,10,590,449,AUTOROUTE A23,,,Plein jour,Hors agglomération,Hors intersection,Pluie forte,Autre collision,,,,,,,,,,,1,1,1,3,6
200600050518,0006-08-24 21:35:00,6,8,24,21,35,620,239,AUTOROUTE A16,,,Nuit avec éclairage allumé,Hors agglomération,Hors intersection,Pluie légère,Autre collision,,,,,,,,,,,5,1,1,2,6
200600050519,0006-08-25 06:20:00,6,8,25,6,20,590,581,AUTOROUTE A25,,,Crépuscule ou aube,Hors agglomération,Hors intersection,Normale,Autre collision,,,,,,,,,,,2,1,1,1,6
200600050520,0006-08-25 13:50:00,6,8,25,13,50,590,350,ROUTE NATIONALE 356,,,Plein jour,Hors agglomération,Hors intersection,Normale,Autre collision,,,,,,,,,,,1,1,1,1,6
200600050521,0006-08-25 15:25:00,6,8,25,15,25,590,507,AUTOROUTE A1,,,Plein jour,Hors agglomération,Hors intersection,Normale,Autre collision,,,,,,,,,,,1,1,1,1,6
200600050522,0006-08-26 13:00:00,6,8,26,13,0,590,581,AUTOROUTE A25,,,Plein jour,Hors agglomération,Hors intersection,Normale,Autre collision,,,,,,,,,,,1,1,1,1,6
200600050523,0006-08-26 13:30:00,6,8,26,13,30,590,346,ROUTE NATIONALE 227,,,Plein jour,Hors agglomération,Hors intersection,Pluie légère,Sans collision,,,,,,,,,,,1,1,1,2,7
200600050524,0006-08-27 00:30:00,6,8,27,0,30,590,350,ROUTE NATIONALE 351,,,Nuit avec éclairage allumé,Hors agglomération,Hors intersection,Pluie légère,Autre collision,,,,,,,,,,,5,1,1,2,6
200600050525,0006-08-27 23:15:00,6,8,27,23,15,590,155,AUTOROUTE A16,,,Nuit avec éclairage allumé,Hors agglomération,Hors intersection,Normale,Autre collision,,,,,,,,,,,5,1,1,1,6
200600050526,0006-08-28 09:10:00,6,8,28,9,10,620,907,AUTOROUTE A1,,,Plein jour,Hors agglomération,Hors intersection,Pluie légère,Sans collision,,,,,,,,,,,1,1,1,2,7
200600050527,0006-08-28 11:21:00,6,8,28,11,21,590,350,ROUTE NATIONALE 356,,,Plein jour,Hors agglomération,Hors intersection,Pluie légère,Sans collision,,,,,,,,,,,1,1,1,2,7
200600050528,0006-08-28 13:30:00,6,8,28,13,30,590,507,AUTOROUTE A1,,,Plein jour,Hors agglomération,Hors intersection,Pluie légère,Autre collision,,,,,,,,,,,1,1,1,2,6
200600050529,0006-08-28 14:20:00,6,8,28,14,20,590,343,AUTOROUTE A1,,,Plein jour,Hors agglomération,Hors intersection,Pluie légère,Autre collision,,,,,,,,,,,1,1,1,2,6
200600050530,0006-08-28 15:50:00,6,8,28,15,50,620,274,AUTOROUTE A21,,,Plein jour,Hors agglomération,Hors intersection,Pluie légère,Autre collision,,,,,,,,,,,1,1,1,2,6
200600050531,0006-08-28 16:45:00,6,8,28,16,45,620,427,AUTOROUTE A21,,,Plein jour,Hors agglomération,Hors intersection,Pluie légère,Deux véhicules - arrière,,,,,,,,,,,1,1,1,2,2
200600050532,0006-08-28 20:20:00,6,8,28,20,20,590,183,AUTOROUTE A16,,,Nuit avec éclairage non allumé,Hors agglomération,Hors intersection,Pluie légère,Autre collision,,,,,,,,,,,4,1,1,2,6
200600050533,0006-08-02 17:40:00,6,8,2,17,40,690,383,EUGENE DERUELLE,,,Plein jour,En agglomération,Hors intersection,Normale,Autre collision,,,,,,,,,,,1,2,1,1,6
200600050534,0006-08-02 12:15:00,6,8,2,12,15,690,386,"183, LAFAYETTE",,,Plein jour,En agglomération,Hors intersection,Normale,Autre collision,,,,,,,,,,,1,2,1,1,6
200600050535,0006-08-08 23:30:00,6,8,8,23,30,690,383,VICTOR AUGAGNEUR,,,Nuit avec éclairage allumé,En agglomération,Intersection en X,Normale,Deux véhicules - côté,,,,,,,,,,,5,2,2,1,3
200600050536,0006-08-03 18:35:00,6,8,3,18,35,690,386,"42, FRANKLIN ROOSEVELT",,,Plein jour,En agglomération,Hors intersection,Pluie légère,Trois véhicules et plus - en chaîne,,,,,,,,,,,1,2,1,2,4
200600050537,0006-08-08 17:00:00,6,8,8,17,0,690,383,"117, MARECHAL DE SAXE",,,Plein jour,En agglomération,Hors intersection,Normale,Deux véhicules - côté,,,,,,,,,,,1,2,1,1,3
200600050538,0006-08-11 17:50:00,6,8,11,17,50,690,383,FEUILLAT,,,Plein jour,En agglomération,Intersection en X,Normale,Deux véhicules - côté,,,,,,,,,,,1,2,2,1,3