accident_id,datetime,annee,mois,jour,heure,minute,departement,commune_insee,adresse,latitude,longitude,luminosite,agglomeration,intersection,meteo,collision,nb_vehicules,nb_usagers,nb_indemnes,nb_tues,nb_blesses_hosp,nb_blesses_legers,age_cond_1,age_cond_2,veh_type_cond_1,veh_type_cond_2,lum_code,agg_code,int_code,atm_code,col_code
200600050539,0006-08-11 09:15:00,6,8,11,9,15,690,386,EMERAUDES (DES),,,Plein jour,En agglomération,Intersection en X,Normale,Deux véhicules - côté,,,,,,,,,,,1,2,2,1,3
200600050540,0006-08-14 13:30:00,6,8,14,13,30,690,383,CHAPONNAY,,,Plein jour,En agglomération,Intersection en X,Normale,Deux véhicules - côté,,,,,,,,,,,1,2,2,1,3
200600050541,0006-08-18 11:45:00,6,8,18,11,45,690,386,COMMANDANT FAURAX (DU),,,Plein jour,En agglomération,Intersection en X,Normale,Deux véhicules - côté,,,,,,,,,,,1,2,2,1,3
200600050542,0006-08-18 15:30:00,6,8,18,15,30,690,383,LAFAYETTE,,,Plein jour,En agglomération,Intersection en X,Normale,Deux véhicules - arrière,,,,,,,,,,,1,2,2,1,2
200600050543,0006-08-20 09:10:00,6,8,20,9,10,690,383,FELIX FAURE,,,Plein jour,En agglomération,Hors intersection,Normale,Deux véhicules - côté,,,,,,,,,,,1,2,1,1,3
200600050544,0006-08-08 13:15:00,6,8,8,13,15,690,383,ALBERT THOMAS,,,Plein jour,En agglomération,Intersection en X,Normale,Deux véhicules - côté,,,,,,,,,,,1,2,2,1,3
200600050545,0006-08-21 12:32:00,6,8,21,12,32,690,386,CUVIER,,,Plein jour,En agglomération,Intersection en X,Normale,Deux véhicules - côté,,,,,,,,,,,1,2,2,1,3
200600050546,0006-08-24 08:40:00,6,8,24,8,40,690,383,ST ANTOINE,,,Plein jour,En agglomération,Intersection en X,Normale,Deux véhicules - côté,,,,,,,,,,,1,2,2,1,3
200600050547,0006-08-25 20:00:00,6,8,25,20,0,690,383,"78, FEUILLAT",,,Crépuscule ou aube,En agglomération,Hors intersection,Normale,Autre collision,,,,,,,,,,,2,2,1,1,6
200600050548,0006-08-26 23:35:00,6,8,26,23,35,690,386,GARIBALDI,,,Nuit avec éclairage allumé,En agglomération,Intersection en X,Normale,Deux véhicules - frontale,,,,,,,,,,,5,2,2,1,1
200600050549,0006-08-29 01:30:00,6,8,29,1,30,690,383,MARECHAL DE SAXE,,,Nuit avec éclairage allumé,En agglomération,Intersection en X,Normale,Deux véhicules - côté,,,,,,,,,,,5,2,2,1,3
200600050550,0006-08-25 17:35:00,6,8,25,17,35,690,383,ALBERT THOMAS,,,Plein jour,En agglomération,Intersection en X,Normale,Deux véhicules - frontale,,,,,,,,,,,1,2,2,1,1
200600050551,0006-08-29 14:00:00,6,8,29,14,0,690,386,THIERS,,,Plein jour,En agglomération,Hors intersection,Pluie légère,Deux véhicules - côté,,,,,,,,,,,1,2,1,2,3
200600050552,0006-08-30 21:20:00,6,8,30,21,20,690,383,MARECHAL DE SAXE,,,Nuit avec éclairage allumé,En agglomération,Intersection en X,Normale,Deux véhicules - frontale,,,,,,,,,,,5,2,2,1,1
200600050553,0006-08-24 21:25:00,6,8,24,21,25,690,384,WINSTON CHURCHILL,,,Nuit avec éclairage allumé,En agglomération,Hors intersection,Normale,Autre collision,,,,,,,,,,,5,2,1,1,6
200600050554,0006-08-27 11:30:00,6,8,27,11,30,690,384,TABAREAU,,,Plein jour,En agglomération,Hors intersection,Normale,Autre collision,,,,,,,,,,,1,2,1,1,6
200600050555,0006-08-01 08:40:00,6,8,1,8,40,330,192,ROCADE A 630,,,Plein jour,Hors agglomération,Hors intersection,Normale,Deux véhicules - côté,,,,,,,,,,,1,1,1,1,3
200600050556,0006-08-02 09:50:00,6,8,2,9,50,330,39,ROCADE A 630,,,Plein jour,Hors agglomération,Hors intersection,Normale,Autre collision,,,,,,,,,,,1,1,1,1,6
200600050557,0006-08-04 15:35:00,6,8,4,15,35,330,39,ROCADE A 630,,,Plein jour,Hors agglomération,Hors intersection,Normale,Trois véhicules et plus - collisions multiples,,,,,,,,,,,1,1,1,1,5
200600050558,0006-08-05 20:10:00,6,8,5,20,10,330,249,ROCADE A 630,,,Plein jour,Hors agglomération,Hors intersection,Normale,Deux véhicules - frontale,,,,,,,,,,,1,1,1,1,1
200600050559,0006-08-06 02:40:00,6,8,6,2,40,330,550,ROCADE A 630,,,Nuit avec éclairage allumé,Hors agglomération,Hors intersection,Normale,Autre collision,,,,,,,,,,,5,1,1,1,6
200600050560,0006-08-09 11:05:00,6,8,9,11,5,330,39,ROCADE A 630,,,Plein jour,Hors agglomération,Hors intersection,Normale,Autre collision,,,,,,,,,,,1,1,1,1,6
200600050561,0006-08-10 00:25:00,6,8,10,0,25,330,90,AUTOROUTE A 63,,,Nuit sans éclairage public,Hors agglomération,Hors intersection,Normale,Autre collision,,,,,,,,,,,3,1,1,1,6
200600050562,0006-08-10 13:30:00,6,8,10,13,30,330,550,ROCADE A 630,,,Plein jour,Hors agglomération,Hors intersection,Normale,Autre collision,,,,,,,,,,,1,1,1,1,6
200600050563,0006-08-14 03:40:00,6,8,14,3,40,330,75,ROCADE A 630,,,Nuit avec éclairage allumé,Hors agglomération,Hors intersection,Normale,Autre collision,,,,,,,,,,,5,1,1,1,6
200600050564,0006-08-14 14:08:00,6,8,14,14,8,330,550,ROCADE A 630,,,Plein jour,Hors agglomération,Hors intersection,Temps couvert,Autre collision,,,,,,,,,,,1,1,1,8,6
200600050565,0006-08-15 17:08:00,6,8,15,17,8,330,550,AUTOROUTE A 62,,,Plein jour,Hors agglomération,Hors intersection,Pluie légère,Autre collision,,,,,,,,,,,1,1,1,2,6
200600050566,0006-08-17 05:55:00,6,8,17,5,55,330,318,AUTOROUTE A 63,,,Crépuscule ou aube,Hors agglomération,Hors intersection,Pluie légère,Autre collision,,,,,,,,,,,2,1,1,2,6
200600050567,0006-08-17 07:53:00,6,8,17,7,53,330,318,AUTOROUTE A 63,,,Crépuscule ou aube,Hors agglomération,Hors intersection,Pluie légère,Autre collision,,,,,,,,,,,2,1,1,2,6
200600050568,0006-08-17 08:30:00,6,8,17,8,30,330,75,ROCADE A 630,,,Plein jour,Hors agglomération,Hors intersection,Temps couvert,Autre collision,,,,,,,,,,,1,1,1,8,6
200600050569,0006-08-19 09:45:00,6,8,19,9,45,330,63,ROCADE A 630,,,Plein jour,Hors agglomération,Hors intersection,Pluie légère,Trois véhicules et plus - en chaîne,,,,,,,,,,,1,1,1,2,4
200600050570,0006-08-23 00:40:00,6,8,23,0,40,330,281,ROCADE A 630,,,Nuit avec éclairage allumé,Hors agglomération,Hors intersection,Normale,Autre collision,,,,,,,,,,,5,1,1,1,6
200600050571,0006-08-24 02:30:00,6,8,24,2,30,330,249,ROCADE A 630,,,Nuit avec éclairage allumé,Hors agglomération,Hors intersection,Normale,Autre collision,,,,,,,,,,,5,1,1,1,6
200600050572,0006-08-24 10:05:00,6,8,24,10,5,330,249,ROCADE A 630,,,Plein jour,Hors agglomération,Hors intersection,Normale,Deux véhicules - côté,,,,,,,,,,,1,1,1,1,3
200600050573,0006-08-24 11:10:00,6,8,24,11,10,330,69,ROUTE NATIONALE 230,,,Plein jour,Hors agglomération,Hors intersection,Normale,Deux véhicules - côté,,,,,,,,,,,1,1,1,1,3
200600050574,0006-08-24 15:00:00,6,8,24,15,0,330,122,AUTOROUTE A 63,,,Plein jour,Hors agglomération,Hors intersection,Normale,Trois véhicules et plus - en chaîne,,,,,,,,,,,1,1,1,1,4
200600050575,0006-08-24 15:00:00,6,8,24,15,0,330,39,ROCADE A 630,,,Plein jour,Hors agglomération,Hors intersection,Normale,Deux véhicules - arrière,,,,,,,,,,,1,1,1,1,2
200600050576,0006-08-25 10:17:00,6,8,25,10,17,330,39,ROCADE A 631,,,Plein jour,Hors agglomération,Hors intersection,Pluie légère,Autre collision,,,,,,,,,,,1,1,1,2,6
200600050577,0006-08-26 08:00:00,6,8,26,8,0,330,249,ROCADE A 630,,,Plein jour,Hors agglomération,Hors intersection,Pluie légère,Autre collision,,,,,,,,,,,1,1,1,2,6
200600050578,0006-08-26 08:05:00,6,8,26,8,5,330,550,ROCADE A 630,,,Plein jour,Hors agglomération,Hors intersection,Pluie légère,Autre collision,,,,,,,,,,,1,1,1,2,6
200600050579,0006-08-26 23:55:00,6,8,26,23,55,330,397,AUTOROUTE A 10,,,Nuit avec éclairage allumé,Hors agglomération,Hors intersection,Temps couvert,Trois véhicules et plus - collisions multiples,,,,,,,,,,,5,1,1,8,5
200600050580,0006-08-27 18:40:00,6,8,27,18,40,330,90,AUTOROUTE A 63,,,Plein jour,Hors agglomération,Hors intersection,Normale,Autre collision,,,,,,,,,,,1,1,1,1,6
200600050581,0006-08-28 09:00:00,6,8,28,9,0,330,397,AUTOROUTE A 10,,,Plein jour,Hors agglomération,Hors intersection,Pluie légère,Autre collision,,,,,,,,,,,1,1,1,2,6
200600050582,0006-08-29 18:08:00,6,8,29,18,8,330,281,ROCADE A 630,,,Plein jour,Hors agglomération,Hors intersection,Pluie légère,Trois véhicules et plus - en chaîne,,,,,,,,,,,1,1,1,2,4
200600050583,0006-08-29 18:30:00,6,8,29,18,30,330,39,ROCADE A 630,,,Plein jour,Hors agglomération,Hors intersection,Pluie légère,Deux véhicules - arrière,,,,,,,,,,,1,1,1,2,2
200600050584,0006-08-29 18:31:00,6,8,29,18,31,330,39,ROCADE A 630,,,Plein jour,Hors agglomération,Hors intersection,Pluie légère,Deux véhicules - arrière,,,,,,,,,,,1,1,1,2,2
200600050585,0006-08-30 08:43:00,6,8,30,8,43,330,550,ROCADE A 630,,,Plein jour,Hors agglomération,Hors intersection,Normale,Trois véhicules et plus - collisions multiples,,,,,,,,,,,1,1,1,1,5
200600050586,0006-08-30 16:22:00,6,8,30,16,22,330,366,AUTOROUTE A 10,,,Plein jour,Hors agglomération,Hors intersection,Normale,Deux véhicules - arrière,,,,,,,,,,,1,1,1,1,2
200600050587,0006-08-07 22:00:00,6,8,7,22,0,690,385,"1, ENNEMOND FOUSSERET",,,Nuit avec éclairage allumé,En agglomération,Hors intersection,Normale,Sans collision,,,,,,,,,,,5,2,1,1,7
200600050588,0006-08-07 23:55:00,6,8,7,23,55,670,482,Autoroute A.35,,,Nuit sans éclairage public,Hors agglomération,Hors intersection,Normale,Trois véhicules et plus - en chaîne,,,,,,,,,,,3,1,1,1,4
200600050589,0006-08-21 16:20:00,6,8,21,16,20,670,124,Autoroute A.35,,,Plein jour,Hors agglomération,Hors intersection,Normale,Deux véhicules - côté,,,,,,,,,,,1,1,1,1,3
200600050590,0006-08-25 13:25:00,6,8,25,13,25,670,482,Autoroute A.35,,,Plein jour,Hors agglomération,Hors intersection,Temps couvert,Trois véhicules et plus - collisions multiples,,,,,,,,,,,1,1,1,8,5
200600050591,0006-08-30 16:45:00,6,8,30,16,45,670,482,Autoroute A.351,,,Plein jour,Hors agglomération,Hors intersection,Temps couvert,Trois véhicules et plus - en chaîne,,,,,,,,,,,1,1,1,8,4
200600050592,0006-08-25 09:05:00,6,8,25,9,5,540,312,Autoroute A 31,,,Plein jour,Hors agglomération,Hors intersection,Normale,Autre collision,,,,,,,,,,,1,1,1,1,6
200600050593,0006-08-27 00:11:00,6,8,27,0,11,540,304,Autoroute A 31,,,Nuit sans éclairage public,Hors agglomération,Hors intersection,Pluie légère,Deux véhicules - arrière,,,,,,,,,,,3,1,1,2,2
200600050594,0006-08-30 14:18:00,6,8,30,14,18,540,232,Autoroute A 31,,,Plein jour,Hors agglomération,Hors intersection,Normale,Autre collision,,,,,,,,,,,1,1,1,1,6
200600050595,0006-08-22 16:07:00,6,8,22,16,7,570,412,Autoroute A31,,,Plein jour,Hors agglomération,Hors intersection,Normale,Trois véhicules et plus - collisions multiples,,,,,,,,,,,1,1,1,1,5
200600050596,0006-08-29 16:30:00,6,8,29,16,30,570,433,Autoroute A31,,,Plein jour,Hors agglomération,Hors intersection,Pluie forte,Trois véhicules et plus - en chaîne,,,,,,,,,,,1,1,1,3,4
200600050597,0006-08-30 01:50:00,6,8,30,1,50,570,303,Autoroute A31,,,Nuit sans éclairage public,Hors agglomération,Hors intersection,Temps couvert,Deux véhicules - arrière,,,,,,,,,,,3,1,1,8,2
200600050598,0006-08-02 15:40:00,6,8,2,15,40,690,388,BERTHELOT,,,Plein jour,En agglomération,Intersection en X,Normale,Deux véhicules - côté,,,,,,,,,,,1,2,2,1,3
200600050599,0006-08-07 14:30:00,6,8,7,14,30,690,387,PASTEUR,,,Plein jour,En agglomération,Hors intersection,Normale,Autre collision,,,,,,,,,,,1,2,1,1,6
200600050600,0006-08-12 08:45:00,6,8,12,8,45,690,387,DEBOURG,,,Plein jour,En agglomération,Hors intersection,Normale,Autre collision,,,,,,,,,,,1,2,1,1,6
200600050601,0006-08-18 08:10:00,6,8,18,8,10,690,387,"176, GERLAND (DE)",,,Plein jour,En agglomération,Hors intersection,Normale,Trois véhicules et plus - en chaîne,,,,,,,,,,,1,2,1,1,4
200600050602,0006-08-18 21:50:00,6,8,18,21,50,690,387,UNIVERSITE (DE L'),,,Nuit avec éclairage allumé,En agglomération,Intersection en X,Normale,Deux véhicules - côté,,,,,,,,,,,5,2,2,1,3
200600050603,0006-08-19 14:20:00,6,8,19,14,20,690,387,"257, GUILLOTIERE (DE LA)",,,Plein jour,En agglomération,Hors intersection,Pluie légère,Autre collision,,,,,,,,,,,1,2,1,2,6
200600050604,0006-08-30 09:20:00,6,8,30,9,20,690,387,JEAN JAURES,,,Plein jour,En agglomération,Intersection en X,Normale,Deux véhicules - côté,,,,,,,,,,,1,2,2,1,3
200600050605,0006-08-30 10:00:00,6,8,30,10,0,690,387,RAULIN,,,Plein jour,En agglomération,Intersection en X,Normale,Deux véhicules - côté,,,,,,,,,,,1,2,2,1,3
200600050606,0006-08-31 18:25:00,6,8,31,18,25,690,387,"12, GAMBETTA",,,Plein jour,En agglomération,Hors intersection,Normale,Autre collision,,,,,,,,,,,1,2,1,1,6
200600050607,0006-08-10 20:35:00,6,8,10,20,35,690,388,"06, ANTOINE LUMIERE",,,Crépuscule ou aube,En agglomération,Hors intersection,Normale,Deux véhicules - arrière,,,,,,,,,,,2,2,1,1,2
200600050608,0006-08-19 02:30:00,6,8,19,2,30,690,388,"00, FRERES LUMIERE (DES)",,,Nuit avec éclairage allumé,En agglomération,Intersection en X,Normale,Deux véhicules - côté,,,,,,,,,,,5,2,2,1,3
200600050609,0006-08-26 18:55:00,6,8,26,18,55,690,388,"00, VILLON (DE)",,,Plein jour,En agglomération,Intersection en X,Normale,Deux véhicules - côté,,,,,,,,,,,1,2,2,1,3
200600050610,0006-08-28 12:45:00,6,8,28,12,45,690,388,"134, PROFESSEUR BEAUVISA",,,Plein jour,En agglomération,Intersection en T,Normale,Autre collision,,,,,,,,,,,1,2,3,1,6
200600050611,0006-08-29 09:00:00,6,8,29,9,0,690,388,"00, JEAN MERMOZ",,,Plein jour,En agglomération,Intersection en T,Normale,Deux véhicules - côté,,,,,,,,,,,1,2,3,1,3
200600050612,0006-08-02 17:15:00,6,8,2,17,15,380,544,N407,,,Plein jour,Hors agglomération,Hors intersection,Normale,Deux véhicules - arrière,,,,,,,,,,,1,1,1,1,2
200600050613,0006-08-02 21:00:00,6,8,2,21,0,690,199,BUS (RD301),,,Crépuscule ou aube,Hors agglomération,Hors intersection,Normale,Autre collision,,,,,,,,,,,2,1,1,1,6
200600050614,0006-08-02 23:40:00,6,8,2,23,40,10,249,A42,,,Nuit sans éclairage public,Hors agglomération,Hors intersection,Pluie légère,Deux véhicules - arrière,,,,,,,,,,,3,1,1,2,2
200600050615,0006-08-03 21:40:00,6,8,3,21,40,690,29,A43,,,Nuit avec éclairage allumé,Hors agglomération,Hors intersection,Pluie légère,Sans collision,,,,,,,,,,,5,1,1,2,7
200600050616,0006-08-04 05:55:00,6,8,4,5,55,690,259,RN383,,,Crépuscule ou aube,Hors agglomération,Hors intersection,Pluie légère,Sans collision,,,,,,,,,,,2,1,1,2,7
200600050617,0006-08-07 08:10:00,6,8,7,8,10,690,297,A47,,,Plein jour,Hors agglomération,Hors intersection,Normale,Deux véhicules - côté,,,,,,,,,,,1,1,1,1,3
200600050618,0006-08-08 09:50:00,6,8,8,9,50,690,29,RN383,,,Plein jour,Hors agglomération,Hors intersection,Normale,Autre collision,,,,,,,,,,,1,1,1,1,6
200600050619,0006-08-08 16:30:00,6,8,8,16,30,690,256,RN346,,,Plein jour,Hors agglomération,Hors intersection,Normale,Deux véhicules - côté,,,,,,,,,,,1,1,1,1,3
200600050620,0006-08-11 01:21:00,6,8,11,1,21,690,281,A46S,,,Nuit sans éclairage public,Hors agglomération,Hors intersection,Normale,Trois véhicules et plus - en chaîne,,,,,,,,,,,3,1,1,1,4
200600050621,0006-08-12 08:30:00,6,8,12,8,30,690,81,A6,,,Plein jour,Hors agglomération,Hors intersection,Normale,Sans collision,,,,,,,,,,,1,1,1,1,7
200600050622,0006-08-12 14:50:00,6,8,12,14,50,380,336,A7,,,Plein jour,Hors agglomération,Hors intersection,Normale,Deux véhicules - arrière,,,,,,,,,,,1,1,1,1,2
200600050623,0006-08-13 07:45:00,6,8,13,7,45,690,266,RN383,,,Plein jour,Hors agglomération,Hors intersection,Pluie légère,Sans collision,,,,,,,,,,,1,1,1,2,7
200600050624,0006-08-13 15:45:00,6,8,13,15,45,690,266,RD383,,,Plein jour,Hors agglomération,Hors intersection,Temps couvert,Deux véhicules - arrière,,,,,,,,,,,1,1,1,8,2
200600050625,0006-08-15 08:40:00,6,8,15,8,40,690,199,RN383,,,Plein jour,Hors agglomération,Hors intersection,Normale,Autre collision,,,,,,,,,,,1,1,1,1,6
200600050626,0006-08-16 08:00:00,6,8,16,8,0,690,142,A7,,,Plein jour,Hors agglomération,Hors intersection,Pluie légère,Sans collision,,,,,,,,,,,1,1,1,2,7
200600050627,0006-08-18 14:35:00,6,8,18,14,35,690,291,A47,,,Plein jour,Hors agglomération,Hors intersection,Normale,Deux véhicules - côté,,,,,,,,,,,1,1,1,1,3
200600050628,0006-08-18 18:20:00,6,8,18,18,20,690,281,A46S,,,Plein jour,Hors agglomération,Hors intersection,Normale,Autre collision,,,,,,,,,,,1,1,1,1,6
200600050629,0006-08-19 19:50:00,6,8,19,19,50,690,152,A450,,,Plein jour,Hors agglomération,Autre intersection,Normale,Autre collision,,,,,,,,,,,1,1,9,1,6
200600050630,0006-08-20 20:35:00,6,8,20,20,35,690,29,RN383,,,Crépuscule ou aube,Hors agglomération,Hors intersection,Temps couvert,Sans collision,,,,,,,,,,,2,1,1,8,7
200600050631,0006-08-21 02:20:00,6,8,21,2,20,690,290,A43,,,Nuit avec éclairage allumé,Hors agglomération,Hors intersection,Normale,Autre collision,,,,,,,,,,,5,1,1,1,6
200600050632,0006-08-23 11:35:00,6,8,23,11,35,380,87,A7,,,Plein jour,Hors agglomération,Hors intersection,Normale,Trois véhicules et plus - en chaîne,,,,,,,,,,,1,1,1,1,4
200600050633,0006-08-23 12:30:00,6,8,23,12,30,690,29,RN383,,,Plein jour,Hors agglomération,Hors intersection,Normale,Trois véhicules et plus - en chaîne,,,,,,,,,,,1,1,1,1,4
200600050634,0006-08-29 17:00:00,6,8,29,17,0,690,288,A43,,,Plein jour,Hors agglomération,Hors intersection,Pluie légère,Deux véhicules - frontale,,,,,,,,,,,1,1,1,2,1
200600050635,0006-08-29 22:15:00,6,8,29,22,15,690,256,RN346,,,Nuit avec éclairage allumé,Hors agglomération,Hors intersection,Pluie légère,Trois véhicules et plus - en chaîne,,,,,,,,,,,5,1,1,2,4
200600050636,0006-08-30 19:05:00,6,8,30,19,5,690,152,A7,,,Plein jour,Hors agglomération,Hors intersection,Normale,Sans collision,,,,,,,,,,,1,1,1,1,7
200600050637,0006-08-31 21:15:00,6,8,31,21,15,690,152,A7,,,Nuit avec éclairage allumé,Hors agglomération,Hors intersection,Normale,Sans collision,,,,,,,,,,,5,1,1,1,7
200600050638,0006-08-04 20:00:00,6,8,4,20,0,690,389,"02, MARIETTON",,,Plein jour,En agglomération,Autre intersection,Normale,Deux véhicules - côté,,,,,,,,,,,1,2,9,1,3
200600050639,0006-08-11 11:15:00,6,8,11,11,15,690,389,DOCKS (DES),,,Plein jour,En agglomération,Intersection en X,Normale,Deux véhicules - côté,,,,,,,,,,,1,2,2,1,3
200600050640,0006-08-25 08:50:00,6,8,25,8,50,690,389,COMMERCE (DU),,,Plein jour,En agglomération,Hors intersection,Normale,Deux véhicules - côté,,,,,,,,,,,1,2,1,1,3
200600050641,0006-08-28 19:24:00,6,8,28,19,24,690,389,"25/27/29, MONTRIBLOUD (D",,,Plein jour,En agglomération,Hors intersection,Pluie légère,Autre collision,,,,,,,,,,,1,2,1,2,6
200600050642,0006-08-13 07:10:00,6,8,13,7,10,690,389,ST PIERRE DE VAISE,,,Plein jour,En agglomération,Hors intersection,Normale,Deux véhicules - côté,,,,,,,,,,,1,2,1,1,3
200600050643,0006-08-04 18:45:00,6,8,4,18,45,830,62,A570,,,Plein jour,Hors agglomération,Hors intersection,Vent fort / tempête,Deux véhicules - arrière,,,,,,,,,,,1,1,1,6,2
200600050644,0006-08-04 19:50:00,6,8,4,19,50,830,137,A57,,,Plein jour,Hors agglomération,Hors intersection,Normale,Trois véhicules et plus - en chaîne,,,,,,,,,,,1,1,1,1,4
200600050645,0006-08-05 04:30:00,6,8,5,4,30,830,90,A50,,,Nuit sans éclairage public,Hors agglomération,Hors intersection,Normale,Sans collision,,,,,,,,,,,3,1,1,1,7
200600050646,0006-08-07 05:35:00,6,8,7,5,35,830,144,A57,,,Nuit avec éclairage allumé,Hors agglomération,Hors intersection,Normale,Sans collision,,,,,,,,,,,5,1,1,1,7
200600050647,0006-08-07 14:09:00,6,8,7,14,9,830,144,A57,,,Plein jour,Hors agglomération,Hors intersection,Normale,Autre collision,,,,,,,,,,,1,1,1,1,6
200600050648,0006-08-11 05:00:00,6,8,11,5,0,830,69,A570,,,Nuit sans éclairage public,Hors agglomération,Hors intersection,Normale,Sans collision,,,,,,,,,,,3,1,1,1,7
200600050649,0006-08-11 17:25:00,6,8,11,17,25,830,137,A57,,,Plein jour,Hors agglomération,Hors intersection,Normale,Deux véhicules - arrière,,,,,,,,,,,1,1,1,1,2
200600050650,0006-08-22 16:55:00,6,8,22,16,55,830,137,A57,,,Plein jour,Hors agglomération,Hors intersection,Normale,Trois véhicules et plus - en chaîne,,,,,,,,,,,1,1,1,1,4
200600050651,0006-08-24 08:45:00,6,8,24,8,45,830,137,A57,,,Plein jour,Hors agglomération,Hors intersection,Normale,Trois véhicules et plus - en chaîne,,,,,,,,,,,1,1,1,1,4
200600050652,0006-08-25 19:30:00,6,8,25,19,30,830,144,A57,,,Plein jour,Hors agglomération,Hors intersection,Normale,Sans collision,,,,,,,,,,,1,1,1,1,7
200600050653,0006-08-02 03:40:00,6,8,2,3,40,130,88,A55-Sens Marseille vers,,,Nuit sans éclairage public,Hors agglomération,Hors intersection,Normale,Deux véhicules - arrière,,,,,,,,,,,3,1,1,1,2
200600050654,0006-08-02 06:35:00,6,8,2,6,35,130,71,A7-Sens Marseille vers L,,,Crépuscule ou aube,Hors agglomération,Hors intersection,Normale,Autre collision,,,,,,,,,,,2,1,1,1,6
200600050655,0006-08-02 18:30:00,6,8,2,18,30,130,202,A55-Sens Martigues vers,,,Plein jour,Hors agglomération,Hors intersection,Normale,Autre collision,,,,,,,,,,,1,1,1,1,6
200600050656,0006-08-02 21:58:00,6,8,2,21,58,130,117,A7-Sens Marseille vers L,,,Nuit sans éclairage public,Hors agglomération,Hors intersection,Normale,Deux véhicules - arrière,,,,,,,,,,,3,1,1,1,2
200600050657,0006-08-03 14:15:00,6,8,3,14,15,130,28,A50-Sens Aubagne vers To,,,Plein jour,Hors agglomération,Hors intersection,Normale,Autre collision,,,,,,,,,,,1,1,1,1,6
200600050658,0006-08-03 18:35:00,6,8,3,18,35,130,214,A7-Sens Lyon vers Marsei,,,Plein jour,Hors agglomération,Hors intersection,Normale,Deux véhicules - arrière,,,,,,,,,,,1,1,1,1,2
200600050659,0006-08-05 01:57:00,6,8,5,1,57,130,26,A55-Sens Martigues vers,,,Nuit sans éclairage public,Hors agglomération,Hors intersection,Normale,Autre collision,,,,,,,,,,,3,1,1,1,6
200600050660,0006-08-05 19:40:00,6,8,5,19,40,130,202,A55-Sens Marseille vers,,,Plein jour,Hors agglomération,Hors intersection,Normale,Autre collision,,,,,,,,,,,1,1,1,1,6
200600050661,0006-08-06 04:40:00,6,8,6,4,40,130,214,A7-Sens Lyon vers Marsei,,,Nuit avec éclairage allumé,Hors agglomération,Hors intersection,Normale,Autre collision,,,,,,,,,,,5,1,1,1,6
200600050662,0006-08-06 22:40:00,6,8,6,22,40,130,71,A7-Sens Lyon vers Marsei,,,Nuit sans éclairage public,Hors agglomération,Hors intersection,Normale,Sans collision,,,,,,,,,,,3,1,1,1,7
200600050663,0006-08-07 06:30:00,6,8,7,6,30,130,26,A55-Sens Martigues vers,,,Plein jour,Hors agglomération,Hors intersection,Normale,Autre collision,,,,,,,,,,,1,1,1,1,6
200600050664,0006-08-10 10:10:00,6,8,10,10,10,130,28,A50-Sens Aubagne vers To,,,Plein jour,Hors agglomération,Hors intersection,Normale,Autre collision,,,,,,,,,,,1,1,1,1,6
200600050665,0006-08-13 19:05:00,6,8,13,19,5,130,215,A7-Sens Lyon vers Marsei,,,Plein jour,Hors agglomération,Hors intersection,Normale,Trois véhicules et plus - en chaîne,,,,,,,,,,,1,1,1,1,4
200600050666,0006-08-14 02:40:00,6,8,14,2,40,130,211,A50-Sens Aubagne vers Ma,,,Nuit avec éclairage non allumé,Hors agglomération,Hors intersection,Normale,Autre collision,,,,,,,,,,,4,1,1,1,6
200600050667,0006-08-15 00:22:00,6,8,15,0,22,130,71,A5502D-Sens Marseille ve,,,Nuit sans éclairage public,Hors agglomération,Intersection en Y,Autre,Deux véhicules - arrière,,,,,,,,,,,3,1,4,9,2
200600050668,0006-08-15 20:55:00,6,8,15,20,55,130,56,A55-Sens Marseille vers,,,Nuit sans éclairage public,Hors agglomération,Hors intersection,Pluie légère,Autre collision,,,,,,,,,,,3,1,1,2,6
200600050669,0006-08-15 22:10:00,6,8,15,22,10,130,71,A5502D-Sens Marseille ve,,,Nuit sans éclairage public,Hors agglomération,Hors intersection,Pluie légère,Autre collision,,,,,,,,,,,3,1,1,2,6
200600050670,0006-08-20 22:00:00,6,8,20,22,0,130,106,A7-Sens Lyon vers Marsei,,,Nuit avec éclairage allumé,Hors agglomération,Hors intersection,Normale,Autre collision,,,,,,,,,,,5,1,1,1,6
200600050671,0006-08-21 16:30:00,6,8,21,16,30,130,71,A7-Sens Marseille vers L,,,Plein jour,Hors agglomération,Hors intersection,Normale,Deux véhicules - arrière,,,,,,,,,,,1,1,1,1,2
200600050672,0006-08-22 17:31:00,6,8,22,17,31,130,214,A7-Sens Lyon vers Marsei,,,Plein jour,Hors agglomération,Hors intersection,Normale,Autre collision,,,,,,,,,,,1,1,1,1,6
200600050673,0006-08-23 05:15:00,6,8,23,5,15,130,71,A7-Sens Lyon vers Marsei,,,Nuit sans éclairage public,Hors agglomération,Hors intersection,Normale,Sans collision,,,,,,,,,,,3,1,1,1,7
200600050674,0006-08-23 18:45:00,6,8,23,18,45,130,202,A55-Sens Martigues vers,,,Plein jour,Hors agglomération,Hors intersection,Normale,Trois véhicules et plus - en chaîne,,,,,,,,,,,1,1,1,1,4