accident_id,datetime,annee,mois,jour,heure,minute,departement,commune_insee,adresse,latitude,longitude,luminosite,agglomeration,intersection,meteo,collision,nb_vehicules,nb_usagers,nb_indemnes,nb_tues,nb_blesses_hosp,nb_blesses_legers,age_cond_1,age_cond_2,veh_type_cond_1,veh_type_cond_2,lum_code,agg_code,int_code,atm_code,col_code
200600050675,0006-08-28 16:45:00,6,8,28,16,45,130,70,A50-Sens Aubagne vers Ma,,,Plein jour,Hors agglomération,Hors intersection,Normale,Trois véhicules et plus - en chaîne,,,,,,,,,,,1,1,1,1,4
200600050676,0006-08-30 22:45:00,6,8,30,22,45,130,85,A50-Sens Toulon vers Aub,,,Nuit sans éclairage public,Hors agglomération,Hors intersection,Normale,Autre collision,,,,,,,,,,,3,1,1,1,6
200600050677,0006-08-31 18:45:00,6,8,31,18,45,130,211,A50-Sens Aubagne vers Ma,,,Plein jour,Hors agglomération,Hors intersection,Normale,Trois véhicules et plus - en chaîne,,,,,,,,,,,1,1,1,1,4
200600050678,0006-05-22 05:45:00,6,5,22,5,45,60,48,CD 15  la Roseyre,,,Crépuscule ou aube,En agglomération,Hors intersection,Normale,Deux véhicules - côté,,,,,,,,,,,2,2,1,1,3
200600050679,0006-06-01 17:00:00,6,6,1,17,0,60,48,HLM Peyra Strecchia,,,Plein jour,En agglomération,Hors intersection,Normale,Autre collision,,,,,,,,,,,1,2,1,1,6
200600050680,0006-07-11 18:00:00,6,7,11,18,0,60,48,CD115 chemin des rosiers,,,Plein jour,En agglomération,Hors intersection,Normale,Deux véhicules - côté,,,,,,,,,,,1,2,1,1,3
200600050681,0006-02-06 17:20:00,6,2,6,17,20,830,130,Avenue du Général MAGNAN,,,Plein jour,En agglomération,Autre intersection,Temps couvert,Autre collision,,,,,,,,,,,1,2,9,8,6
200600050682,0006-09-03 22:30:00,6,9,3,22,30,590,11,Rue Salengro,50.538,2.948,Nuit avec éclairage allumé,En agglomération,Hors intersection,Normale,Deux véhicules - côté,,,,,,,,,,,5,2,1,1,3
200600050683,0006-09-12 15:30:00,6,9,12,15,30,590,477,rue nationale,50.51,2.91,Plein jour,En agglomération,Hors intersection,Normale,Deux véhicules - côté,,,,,,,,,,,1,2,1,1,3
200600050684,0006-09-10 15:45:00,6,9,10,15,45,590,320,,50.554,2.824,Plein jour,Hors agglomération,Autre intersection,Normale,Autre collision,,,,,,,,,,,1,1,9,1,6
200600050685,0006-09-07 08:30:00,6,9,7,8,30,590,320,,50.549,2.827,Plein jour,Hors agglomération,Hors intersection,Normale,Sans collision,,,,,,,,,,,1,1,1,1,7
200600050686,0006-09-29 12:30:00,6,9,29,12,30,590,208,"-dit ""fin de la guerre""",50.624,2.941,Plein jour,Hors agglomération,Intersection en T,Normale,Deux véhicules - côté,,,,,,,,,,,1,1,3,1,3
200600050687,0006-09-01 15:30:00,6,9,1,15,30,590,304,CD 39,,,Plein jour,Hors agglomération,Hors intersection,Normale,Deux véhicules - frontale,,,,,,,,,,,1,1,1,1,1
200600050688,0006-09-28 15:30:00,6,9,28,15,30,590,266,Rue Nationale,,,Plein jour,En agglomération,Hors intersection,Normale,Trois véhicules et plus - collisions multiples,,,,,,,,,,,1,2,1,1,5
200600050689,0006-09-08 15:45:00,6,9,8,15,45,590,579,lieu dit la maison haute,,,Plein jour,Hors agglomération,Intersection en T,Normale,Deux véhicules - frontale,,,,,,,,,,,1,1,3,1,1
200600050690,0006-09-03 11:15:00,6,9,3,11,15,590,576,,50.962,2.322,Plein jour,Hors agglomération,Hors intersection,Normale,Deux véhicules - frontale,,,,,,,,,,,1,1,1,1,1
200600050691,0006-09-15 19:45:00,6,9,15,19,45,590,94,Avenue du Général Lecler,,,Plein jour,En agglomération,Hors intersection,Normale,Deux véhicules - côté,,,,,,,,,,,1,2,1,1,3
200600050692,0006-09-11 15:00:00,6,9,11,15,0,590,663,lace du génral de gaulle,50.886,2.47,Plein jour,En agglomération,Intersection en X,Normale,Deux véhicules - frontale,,,,,,,,,,,1,2,2,1,1
200600050693,0006-09-22 18:15:00,6,9,22,18,15,590,535,,50.774,2.741,Plein jour,Hors agglomération,Hors intersection,Normale,Deux véhicules - côté,,,,,,,,,,,1,1,1,1,3
200600050694,0006-09-26 20:50:00,6,9,26,20,50,590,268,rue de BETHUNE,,,Nuit avec éclairage allumé,En agglomération,Hors intersection,Normale,Deux véhicules - côté,,,,,,,,,,,5,2,1,1,3
200600050695,0006-09-13 13:30:00,6,9,13,13,30,590,400,,50.66,2.607,Plein jour,Hors agglomération,Hors intersection,Normale,Sans collision,,,,,,,,,,,1,1,1,1,7
200600050696,0006-09-13 17:00:00,6,9,13,17,0,590,173,CD 949 rue d'Ypres,50.728,2.949,Plein jour,Hors agglomération,Hors intersection,Normale,Autre collision,,,,,,,,,,,1,1,1,1,6
200600050697,0006-09-13 09:00:00,6,9,13,9,0,590,391,CD 943,,,Plein jour,Hors agglomération,Hors intersection,Normale,Sans collision,,,,,,,,,,,1,1,1,1,7
200600050698,0006-09-06 21:00:00,6,9,6,21,0,590,348,ROUTE NATIONALE,,,Nuit avec éclairage allumé,En agglomération,Hors intersection,Normale,Deux véhicules - côté,,,,,,,,,,,5,2,1,1,3
200600050699,0006-09-06 17:30:00,6,9,6,17,30,590,335,Rue des Fèves face au nu,50.478,3.413,Plein jour,En agglomération,Hors intersection,Normale,Deux véhicules - côté,,,,,,,,,,,1,2,1,1,3
200600050700,0006-09-15 14:45:00,6,9,15,14,45,590,335,de ROUBAIX) / rue neuve,,,Plein jour,En agglomération,Hors intersection,Normale,Deux véhicules - frontale,,,,,,,,,,,1,2,1,1,1
200600050701,0006-09-25 22:45:00,6,9,25,22,45,590,601,,50.062,4.119,Nuit sans éclairage public,Hors agglomération,Hors intersection,Pluie légère,Sans collision,,,,,,,,,,,3,1,1,2,7
200600050702,0006-09-12 14:45:00,6,9,12,14,45,590,219,,50.238,3.287,Plein jour,Hors agglomération,Hors intersection,Normale,Sans collision,,,,,,,,,,,1,1,1,1,7
200600050703,0006-09-22 18:00:00,6,9,22,18,0,590,23,Route nationale 43,,,Plein jour,En agglomération,Hors intersection,Normale,Deux véhicules - frontale,,,,,,,,,,,1,2,1,1,1
200600050704,0006-09-15 22:15:00,6,9,15,22,15,590,341,face au 33 rue de Crèvec,50.107,3.28,Nuit avec éclairage allumé,En agglomération,Hors intersection,Normale,Autre collision,,,,,,,,,,,5,2,1,1,6
200600050705,0006-09-03 16:00:00,6,9,3,16,0,590,80,,,,Plein jour,Hors agglomération,Hors intersection,Normale,Sans collision,,,,,,,,,,,1,1,1,1,7
200600050706,0006-09-25 03:45:00,6,9,25,3,45,620,777,CD 929,,,Nuit sans éclairage public,Hors agglomération,Hors intersection,Normale,Autre collision,,,,,,,,,,,3,1,1,1,6
200600050707,0006-09-25 12:15:00,6,9,25,12,15,620,117,Rue du Cap. de CAURETTE,,,Plein jour,En agglomération,Hors intersection,Normale,Autre collision,,,,,,,,,,,1,2,1,1,6
200600050708,0006-09-10 11:30:00,6,9,10,11,30,620,589,,50.363,2.672,Plein jour,Hors agglomération,Autre intersection,Normale,Deux véhicules - arrière,,,,,,,,,,,1,1,9,1,2
200600050709,0006-09-18 14:00:00,6,9,18,14,0,620,861,CD 51,,,Plein jour,En agglomération,Hors intersection,Normale,Sans collision,,,,,,,,,,,1,2,1,1,7
200600050710,0006-09-19 17:30:00,6,9,19,17,30,620,184,,50.199,3.017,Plein jour,Hors agglomération,Hors intersection,Normale,Deux véhicules - côté,,,,,,,,,,,1,1,1,1,3
200600050711,0006-09-17 19:25:00,6,9,17,19,25,620,582,BLD DE L'EUROPE,50.278,2.865,Plein jour,Hors agglomération,Giratoire,Normale,Sans collision,,,,,,,,,,,1,1,6,1,7
200600050712,0006-09-02 22:15:00,6,9,2,22,15,620,128,rue foch,50.315,2.95,Nuit avec éclairage allumé,En agglomération,Intersection en T,Normale,Deux véhicules - côté,,,,,,,,,,,5,2,3,1,3
200600050713,0006-09-20 15:15:00,6,9,20,15,15,620,355,Carrefour RD950-D46,,,Plein jour,Hors agglomération,Hors intersection,Normale,Autre collision,,,,,,,,,,,1,1,1,1,6
200600050714,0006-09-25 08:30:00,6,9,25,8,30,620,383,,50.313,3.066,Plein jour,Hors agglomération,Hors intersection,Pluie forte,Deux véhicules - frontale,,,,,,,,,,,1,1,1,3,1
200600050715,0006-09-10 09:30:00,6,9,10,9,30,620,473,rue cense balque,50.619,2.459,Plein jour,En agglomération,Hors intersection,Normale,Deux véhicules - côté,,,,,,,,,,,1,2,1,1,3
200600050716,0006-09-16 00:15:00,6,9,16,0,15,620,750,Rue principale,50.575,2.419,Nuit avec éclairage allumé,En agglomération,Hors intersection,Normale,Autre collision,,,,,,,,,,,5,2,1,1,6
200600050717,0006-09-18 23:00:00,6,9,18,23,0,620,195,BASSE RUE,50.606,2.609,Nuit avec éclairage non allumé,En agglomération,Hors intersection,Normale,Sans collision,,,,,,,,,,,4,2,1,1,7
200600050718,0006-09-09 17:45:00,6,9,9,17,45,620,491,Rue du Bacquerot,50.611,2.776,Plein jour,Hors agglomération,Hors intersection,Normale,Deux véhicules - arrière,,,,,,,,,,,1,1,1,1,2
200600050719,0006-09-21 18:30:00,6,9,21,18,30,620,491,rue du bacquerot,,,Plein jour,Hors agglomération,Intersection en T,Normale,Deux véhicules - côté,,,,,,,,,,,1,1,3,1,3
200600050720,0006-09-07 17:10:00,6,9,7,17,10,620,75,""" tombe du Lt Belleil """,,,Plein jour,Hors agglomération,Hors intersection,Normale,Autre collision,,,,,,,,,,,1,1,1,1,6
200600050721,0006-09-09 12:00:00,6,9,9,12,0,620,773,740 avenue Henri Mory,,,Plein jour,En agglomération,Hors intersection,Normale,Deux véhicules - arrière,,,,,,,,,,,1,2,1,1,2
200600050722,0006-09-22 12:45:00,6,9,22,12,45,620,560,rue du gaz,50.817,1.71,Plein jour,En agglomération,Hors intersection,Temps couvert,Deux véhicules - frontale,,,,,,,,,,,1,2,1,8,1
200600050723,0006-09-17 19:15:00,6,9,17,19,15,620,919,Avenue François 1er,,,Plein jour,En agglomération,Hors intersection,Normale,Autre collision,,,,,,,,,,,1,2,1,1,6
200600050724,0006-09-06 15:30:00,6,9,6,15,30,620,412,rue du général de Gaulle,50.81,1.825,Plein jour,En agglomération,Hors intersection,Normale,Autre collision,,,,,,,,,,,1,2,1,1,6
200600050725,0006-09-02 02:15:00,6,9,2,2,15,620,170,4 rue de Lucheux,50.427,2.697,Nuit avec éclairage allumé,En agglomération,Hors intersection,Normale,Autre collision,,,,,,,,,,,5,2,1,1,6
200600050726,0006-09-02 19:15:00,6,9,2,19,15,620,602,,50.36,1.73,Plein jour,Hors agglomération,Hors intersection,Normale,Deux véhicules - côté,,,,,,,,,,,1,1,1,1,3
200600050727,0006-09-06 18:45:00,6,9,6,18,45,620,545,RD 343,,,Plein jour,En agglomération,Hors intersection,Normale,Autre collision,,,,,,,,,,,1,2,1,1,6
200600050728,0006-09-07 18:00:00,6,9,7,18,0,620,289,rue du Centre,50.44,1.76,Plein jour,En agglomération,Hors intersection,Normale,Deux véhicules - frontale,,,,,,,,,,,1,2,1,1,1
200600050729,0006-09-29 10:45:00,6,9,29,10,45,620,527,,,,Plein jour,Hors agglomération,Hors intersection,Normale,Deux véhicules - côté,,,,,,,,,,,1,1,1,1,3
200600050730,0006-09-22 17:15:00,6,9,22,17,15,620,571,rue Auguste Biblocq,,,Plein jour,En agglomération,Hors intersection,Normale,Autre collision,,,,,,,,,,,1,2,1,1,6
200600050731,0006-09-13 15:15:00,6,9,13,15,15,620,14,Rue Edouard Herriot,,,Plein jour,En agglomération,Autre intersection,Normale,Autre collision,,,,,,,,,,,1,2,9,1,6
200600050732,0006-09-20 20:45:00,6,9,20,20,45,620,174,CD231,,,Crépuscule ou aube,Hors agglomération,Hors intersection,Normale,Sans collision,,,,,,,,,,,2,1,1,1,7
200600050733,0006-09-27 17:15:00,6,9,27,17,15,620,57,RUE DE LA COMMUNE,50.894,2.089,Plein jour,En agglomération,Hors intersection,Normale,Deux véhicules - côté,,,,,,,,,,,1,2,1,1,3
200600050734,0006-09-29 13:45:00,6,9,29,13,45,620,756,,50.914,2.156,Plein jour,Hors agglomération,Hors intersection,Normale,Deux véhicules - côté,,,,,,,,,,,1,1,1,1,3
200600050735,0006-09-04 17:45:00,6,9,4,17,45,620,696,CD 92,50.577,2.167,Plein jour,Hors agglomération,Hors intersection,Normale,Deux véhicules - frontale,,,,,,,,,,,1,1,1,1,1
200600050736,0006-09-26 09:45:00,6,9,26,9,45,620,53,,50.575,2.127,Plein jour,Hors agglomération,Hors intersection,Normale,Trois véhicules et plus - en chaîne,,,,,,,,,,,1,1,1,1,4
200600050737,0006-09-23 20:00:00,6,9,23,20,0,620,652,,,,Nuit sans éclairage public,Hors agglomération,Hors intersection,Normale,Deux véhicules - arrière,,,,,,,,,,,3,1,1,1,2
200600050738,0006-09-07 18:30:00,6,9,7,18,30,620,45,RN39,50.35,2.58,Plein jour,En agglomération,Hors intersection,Normale,Deux véhicules - côté,,,,,,,,,,,1,2,1,1,3
200600050739,0006-09-16 23:45:00,6,9,16,23,45,620,113,face au n° 47,50.353,2.525,Nuit avec éclairage allumé,En agglomération,Hors intersection,Normale,Sans collision,,,,,,,,,,,5,2,1,1,7
200600050740,0006-09-20 21:15:00,6,9,20,21,15,620,63,AV FRANCOIS MITTERAND,50.283,2.529,Nuit avec éclairage allumé,En agglomération,Hors intersection,Normale,Deux véhicules - frontale,,,,,,,,,,,5,2,1,1,1
200600050741,0006-09-09 12:30:00,6,9,9,12,30,620,346,CD.115,50.267,2.225,Plein jour,En agglomération,Hors intersection,Normale,Autre collision,,,,,,,,,,,1,2,1,1,6
200600050742,0006-09-18 20:45:00,6,9,18,20,45,620,361,AVENUE PHILIPPE LEBAS,,,Nuit avec éclairage allumé,En agglomération,Hors intersection,Normale,Deux véhicules - côté,,,,,,,,,,,5,2,1,1,3
200600050743,0006-09-16 20:45:00,6,9,16,20,45,800,411,,,,Nuit sans éclairage public,Hors agglomération,Hors intersection,Normale,Sans collision,,,,,,,,,,,3,1,1,1,7
200600050744,0006-09-28 00:15:00,6,9,28,0,15,800,212,CD 23,,,Nuit sans éclairage public,Hors agglomération,Hors intersection,Normale,Autre collision,,,,,,,,,,,3,1,1,1,6
200600050745,0006-09-21 07:30:00,6,9,21,7,30,800,354,ONT et FRESNES TILLOLOY,49.99,1.766,Plein jour,Hors agglomération,Hors intersection,Normale,Sans collision,,,,,,,,,,,1,1,1,1,7
200600050746,0006-09-23 19:30:00,6,9,23,19,30,800,354,,,,Crépuscule ou aube,Hors agglomération,Hors intersection,Normale,Deux véhicules - frontale,,,,,,,,,,,2,1,1,1,1
200600050747,0006-09-03 04:15:00,6,9,3,4,15,800,611,RN 1,,,Nuit sans éclairage public,Hors agglomération,Hors intersection,Normale,Deux véhicules - frontale,,,,,,,,,,,3,1,1,1,1
200600050748,0006-09-28 09:15:00,6,9,28,9,15,800,630,,,,Plein jour,Hors agglomération,Hors intersection,Normale,Sans collision,,,,,,,,,,,1,1,1,1,7
200600050749,0006-09-06 16:00:00,6,9,6,16,0,800,66,,49.988,2.439,Plein jour,Hors agglomération,Hors intersection,Normale,Sans collision,,,,,,,,,,,1,1,1,1,7
200600050750,0006-09-18 12:00:00,6,9,18,12,0,800,24,,49.946,2.231,Plein jour,Hors agglomération,Hors intersection,Normale,Deux véhicules - côté,,,,,,,,,,,1,1,1,1,3
200600050751,0006-09-24 22:15:00,6,9,24,22,15,800,446,rue des juifs,,,Nuit avec éclairage allumé,En agglomération,Hors intersection,Normale,Autre collision,,,,,,,,,,,5,2,1,1,6
200600050752,0006-09-26 16:00:00,6,9,26,16,0,800,635,rue du chaud four,,,Plein jour,En agglomération,Intersection en T,Normale,Deux véhicules - côté,,,,,,,,,,,1,2,3,1,3
200600050753,0006-09-29 07:15:00,6,9,29,7,15,800,215,CD 925,,,Crépuscule ou aube,Hors agglomération,Hors intersection,Normale,Deux véhicules - arrière,,,,,,,,,,,2,1,1,1,2
200600050754,0006-09-01 07:45:00,6,9,1,7,45,800,235,RUE DE CORNEHOTTE,,,Plein jour,En agglomération,Intersection en X,Normale,Deux véhicules - côté,,,,,,,,,,,1,2,2,1,3
200600050755,0006-09-13 09:15:00,6,9,13,9,15,800,710,8  rue de Gamaches,,,Plein jour,En agglomération,Hors intersection,Normale,Deux véhicules - frontale,,,,,,,,,,,1,2,1,1,1
200600050756,0006-09-07 16:00:00,6,9,7,16,0,800,815,,50.323,1.751,Plein jour,Hors agglomération,Hors intersection,Normale,Autre collision,,,,,,,,,,,1,1,1,1,6
200600050757,0006-09-10 13:00:00,6,9,10,13,0,800,228,,,,Plein jour,Hors agglomération,Hors intersection,Normale,Deux véhicules - côté,,,,,,,,,,,1,1,1,1,3
200600050758,0006-09-17 11:30:00,6,9,17,11,30,800,649,,50.311,1.64,Plein jour,Hors agglomération,Giratoire,Normale,Deux véhicules - arrière,,,,,,,,,,,1,1,6,1,2
200600050759,0006-09-21 21:30:00,6,9,21,21,30,800,182,,,,Nuit sans éclairage public,Hors agglomération,Giratoire,Normale,Sans collision,,,,,,,,,,,3,1,6,1,7
200600050760,0006-09-27 10:00:00,6,9,27,10,0,800,182,RUE DU MARECHAL FOCH,,,Plein jour,En agglomération,Hors intersection,Normale,Deux véhicules - côté,,,,,,,,,,,1,2,1,1,3
200600050761,0006-09-01 18:00:00,6,9,1,18,0,800,495,,,,Plein jour,Hors agglomération,Hors intersection,Normale,Autre collision,,,,,,,,,,,1,1,1,1,6
200600050762,0006-09-26 11:30:00,6,9,26,11,30,800,70,,50.099,2.393,Plein jour,Hors agglomération,Hors intersection,Normale,Autre collision,,,,,,,,,,,1,1,1,1,6
200600050763,0006-09-02 16:00:00,6,9,2,16,0,800,296,rue des moulins bleus,,,Plein jour,En agglomération,Hors intersection,Normale,Autre collision,,,,,,,,,,,1,2,1,1,6
200600050764,0006-09-06 18:00:00,6,9,6,18,0,800,310,lieu dit le bosquet noir,,,Plein jour,Hors agglomération,Hors intersection,Normale,Deux véhicules - frontale,,,,,,,,,,,1,1,1,1,1
200600050765,0006-09-10 19:45:00,6,9,10,19,45,800,685,Route de Paris,,,Plein jour,Hors agglomération,Hors intersection,Normale,Sans collision,,,,,,,,,,,1,1,1,1,7
200600050766,0006-09-12 11:45:00,6,9,12,11,45,800,685,CD934,,,Plein jour,Hors agglomération,Hors intersection,Normale,Deux véhicules - arrière,,,,,,,,,,,1,1,1,1,2
200600050767,0006-09-19 10:30:00,6,9,19,10,30,800,685,RN 17 (rond point KWS),,,Plein jour,Hors agglomération,Autre intersection,Pluie légère,Deux véhicules - arrière,,,,,,,,,,,1,1,9,2,2
200600050768,0006-09-21 08:00:00,6,9,21,8,0,800,185,,,,Plein jour,Hors agglomération,Hors intersection,Normale,Deux véhicules - arrière,,,,,,,,,,,1,1,1,1,2
200600050769,0006-09-02 19:00:00,6,9,2,19,0,800,752,cd 934,,,Plein jour,Hors agglomération,Hors intersection,Normale,Deux véhicules - arrière,,,,,,,,,,,1,1,1,1,2
200600050770,0006-09-07 18:30:00,6,9,7,18,30,800,545,,,,Plein jour,Hors agglomération,Hors intersection,Normale,Autre collision,,,,,,,,,,,1,1,1,1,6
200600050771,0006-09-17 18:00:00,6,9,17,18,0,800,10,boulevard Gallieni,,,Plein jour,En agglomération,Hors intersection,Normale,Sans collision,,,,,,,,,,,1,2,1,1,7
200600050772,0006-09-17 05:30:00,6,9,17,5,30,800,615,route de bapaume,,,Nuit sans éclairage public,En agglomération,Hors intersection,Normale,Sans collision,,,,,,,,,,,3,2,1,1,7
200600050773,0006-09-03 21:45:00,6,9,3,21,45,800,186,av aristide briand,,,Nuit avec éclairage allumé,En agglomération,Hors intersection,Normale,Deux véhicules - arrière,,,,,,,,,,,5,2,1,1,2
200600050774,0006-09-07 18:45:00,6,9,7,18,45,800,481,Place Henri SY,,,Plein jour,En agglomération,Hors intersection,Normale,Deux véhicules - arrière,,,,,,,,,,,1,2,1,1,2
200600050775,0006-09-09 20:30:00,6,9,9,20,30,800,136,RUE GAMBETTA,,,Crépuscule ou aube,En agglomération,Hors intersection,Normale,Sans collision,,,,,,,,,,,2,2,1,1,7
200600050776,0006-09-26 09:15:00,6,9,26,9,15,800,680,,,,Plein jour,Hors agglomération,Hors intersection,Normale,Deux véhicules - frontale,,,,,,,,,,,1,1,1,1,1
200600050777,0006-09-03 00:01:00,6,9,3,0,1,800,410,CD937,,,Nuit sans éclairage public,Hors agglomération,Hors intersection,Normale,Deux véhicules - frontale,,,,,,,,,,,3,1,1,1,1
200600050778,0006-09-13 21:20:00,6,9,13,21,20,800,585,ZI NESLE,,,Nuit avec éclairage allumé,En agglomération,Hors intersection,Normale,Autre collision,,,,,,,,,,,5,2,1,1,6
200600050779,0006-09-13 09:30:00,6,9,13,9,30,800,410,rue de noyon,,,Plein jour,En agglomération,Hors intersection,Normale,Deux véhicules - côté,,,,,,,,,,,1,2,1,1,3
200600050780,0006-09-17 14:00:00,6,9,17,14,0,20,742,avenue de belgique,49.766,3.791,Plein jour,En agglomération,Hors intersection,Normale,Autre collision,,,,,,,,,,,1,2,1,1,6
200600050781,0006-09-11 06:40:00,6,9,11,6,40,20,599,,,,Crépuscule ou aube,Hors agglomération,Hors intersection,Normale,Deux véhicules - frontale,,,,,,,,,,,2,1,1,1,1
200600050782,0006-09-12 15:15:00,6,9,12,15,15,20,820,Rond point,,,Plein jour,En agglomération,Giratoire,Normale,Deux véhicules - frontale,,,,,,,,,,,1,2,6,1,1
200600050783,0006-09-17 11:00:00,6,9,17,11,0,20,820,,,,Plein jour,Hors agglomération,Hors intersection,Temps couvert,Deux véhicules - frontale,,,,,,,,,,,1,1,1,8,1
200600050784,0006-09-17 15:15:00,6,9,17,15,15,20,336,Rue du bois l'Abbe,,,Plein jour,En agglomération,Hors intersection,Normale,Autre collision,,,,,,,,,,,1,2,1,1,6
200600050785,0006-09-24 02:45:00,6,9,24,2,45,20,336,,,,Nuit sans éclairage public,Hors agglomération,Hors intersection,Pluie légère,Sans collision,,,,,,,,,,,3,1,1,2,7
200600050786,0006-09-26 19:45:00,6,9,26,19,45,20,173,Place du Brouage,,,Crépuscule ou aube,En agglomération,Giratoire,Normale,Deux véhicules - frontale,,,,,,,,,,,2,2,6,1,1
200600050787,0006-09-08 13:10:00,6,9,8,13,10,20,705,PK 5 + 800,,,Plein jour,Hors agglomération,Hors intersection,Normale,Sans collision,,,,,,,,,,,1,1,1,1,7
200600050788,0006-09-13 14:20:00,6,9,13,14,20,20,676,RD 24 PK 25.700,,,Plein jour,En agglomération,Hors intersection,Normale,Deux véhicules - frontale,,,,,,,,,,,1,2,1,1,1
200600050789,0006-09-27 06:50:00,6,9,27,6,50,20,13,PK 12+800 RD 89,,,Crépuscule ou aube,Hors agglomération,Hors intersection,Brouillard / fumée,Deux véhicules - frontale,,,,,,,,,,,2,1,1,5,1
200600050790,0006-09-09 19:30:00,6,9,9,19,30,20,268,rue de aulnois,,,Plein jour,En agglomération,Hors intersection,Normale,Deux véhicules - frontale,,,,,,,,,,,1,2,1,1,1
200600050791,0006-09-28 21:15:00,6,9,28,21,15,20,504,CD 8,,,Nuit sans éclairage public,Hors agglomération,Hors intersection,Normale,Sans collision,,,,,,,,,,,3,1,1,1,7
200600050792,0006-09-15 12:15:00,6,9,15,12,15,20,756,lieu dit le cornet d' or,,,Plein jour,Hors agglomération,Hors intersection,Normale,Autre collision,,,,,,,,,,,1,1,1,1,6
200600050793,0006-09-15 06:50:00,6,9,15,6,50,20,226,,,,Crépuscule ou aube,Hors agglomération,Hors intersection,Normale,Sans collision,,,,,,,,,,,2,1,1,1,7
200600050794,0006-09-09 13:45:00,6,9,9,13,45,20,3,D 6,49.33,3.416,Plein jour,Hors agglomération,Hors intersection,Normale,Sans collision,,,,,,,,,,,1,1,1,1,7
200600050795,0006-09-12 13:05:00,6,9,12,13,5,20,506,,,,Plein jour,Hors agglomération,Hors intersection,Normale,Autre collision,,,,,,,,,,,1,1,1,1,6
200600050796,0006-09-17 04:15:00,6,9,17,4,15,20,810,,49.27,3.128,Nuit sans éclairage public,Hors agglomération,Hors intersection,Normale,Autre collision,,,,,,,,,,,3,1,1,1,6
200600050797,0006-09-23 22:45:00,6,9,23,22,45,20,795,rue de Fontenoy,49.41,3.137,Nuit avec éclairage allumé,En agglomération,Hors intersection,Pluie forte,Autre collision,,,,,,,,,,,5,2,1,3,6
200600050798,0006-09-23 00:45:00,6,9,23,0,45,20,476,RUE DE LA DEPORTATION,,,Nuit sans éclairage public,En agglomération,Hors intersection,Pluie légère,Sans collision,,,,,,,,,,,3,2,1,2,7
200600050799,0006-09-23 18:00:00,6,9,23,18,0,20,830,rue Maillard,50.018,3.597,Plein jour,En agglomération,Hors intersection,Normale,Autre collision,,,,,,,,,,,1,2,1,1,6
200600050800,0006-09-01 18:30:00,6,9,1,18,30,600,103,Carrefour de la rue de l,49.409,2.254,Plein jour,En agglomération,Hors intersection,Normale,Deux véhicules - frontale,,,,,,,,,,,1,2,1,1,1
200600050801,0006-09-21 17:00:00,6,9,21,17,0,600,277,Rue Juliette Névouet,49.428,2.04,Plein jour,En agglomération,Hors intersection,Normale,Deux véhicules - frontale,,,,,,,,,,,1,2,1,1,1
200600050802,0006-09-22 10:15:00,6,9,22,10,15,600,703,,49.412,2.045,Plein jour,Hors agglomération,Hors intersection,Temps couvert,Sans collision,,,,,,,,,,,1,1,1,8,7
200600050803,0006-09-22 08:15:00,6,9,22,8,15,600,339,,49.492,2.215,Plein jour,Hors agglomération,Hors intersection,Normale,Sans collision,,,,,,,,,,,1,1,1,1,7
200600050804,0006-09-09 22:30:00,6,9,9,22,30,600,333,RUE DES POTIERS,49.458,1.916,Nuit sans éclairage public,En agglomération,Hors intersection,Normale,Autre collision,,,,,,,,,,,3,2,1,1,6
200600050805,0006-09-11 08:30:00,6,9,11,8,30,600,29,,,,Plein jour,Hors agglomération,Hors intersection,Normale,Deux véhicules - frontale,,,,,,,,,,,1,1,1,1,1
200600050806,0006-09-12 10:45:00,6,9,12,10,45,600,187,,49.44,1.84,Plein jour,Hors agglomération,Hors intersection,Normale,Deux véhicules - côté,,,,,,,,,,,1,1,1,1,3
200600050807,0006-09-14 16:30:00,6,9,14,16,30,600,187,,49.448,1.83,Plein jour,Hors agglomération,Hors intersection,Normale,Deux véhicules - côté,,,,,,,,,,,1,1,1,1,3
200600050808,0006-09-22 23:20:00,6,9,22,23,20,600,616,chemin de Bourguerelle,,,Nuit sans éclairage public,Hors agglomération,Hors intersection,Normale,Autre collision,,,,,,,,,,,3,1,1,1,6
200600050809,0006-09-24 18:00:00,6,9,24,18,0,600,626,cd915/rune nanette,49.391,1.738,Nuit avec éclairage allumé,En agglomération,Hors intersection,Pluie légère,Deux véhicules - côté,,,,,,,,,,,5,2,1,2,3
200600050810,0006-09-26 15:45:00,6,9,26,15,45,600,30,CD927,,,Plein jour,Hors agglomération,Hors intersection,Normale,Deux véhicules - arrière,,,,,,,,,,,1,1,1,1,2
200600050811,0006-09-30 12:00:00,6,9,30,12,0,600,29,ROUTE DE FRIANCOURT,,,Plein jour,En agglomération,Hors intersection,Normale,Autre collision,,,,,,,,,,,1,2,1,1,6