accident_id,datetime,annee,mois,jour,heure,minute,departement,commune_insee,adresse,latitude,longitude,luminosite,agglomeration,intersection,meteo,collision,nb_vehicules,nb_usagers,nb_indemnes,nb_tues,nb_blesses_hosp,nb_blesses_legers,age_cond_1,age_cond_2,veh_type_cond_1,veh_type_cond_2,lum_code,agg_code,int_code,atm_code,col_code
200600050812,0006-09-05 06:45:00,6,9,5,6,45,600,363,,,,Crépuscule ou aube,Hors agglomération,Hors intersection,Brouillard / fumée,Trois véhicules et plus - collisions multiples,,,,,,,,,,,2,1,1,5,5
200600050813,0006-09-08 09:15:00,6,9,8,9,15,600,644,Face E.LECLERC,,,Plein jour,En agglomération,Autre intersection,Normale,Deux véhicules - arrière,,,,,,,,,,,1,2,9,1,2
200600050814,0006-09-30 17:25:00,6,9,30,17,25,600,678,CD 923,,,Plein jour,Hors agglomération,Autre intersection,Normale,Deux véhicules - côté,,,,,,,,,,,1,1,9,1,3
200600050815,0006-09-28 18:35:00,6,9,28,18,35,600,532,CD927,,,Plein jour,Hors agglomération,Hors intersection,Normale,Sans collision,,,,,,,,,,,1,1,1,1,7
200600050816,0006-09-08 22:10:00,6,9,8,22,10,600,405,CD 7,,,Nuit sans éclairage public,Hors agglomération,Hors intersection,Normale,Deux véhicules - côté,,,,,,,,,,,3,1,1,1,3
200600050817,0006-09-25 18:30:00,6,9,25,18,30,600,405,,,,Plein jour,Hors agglomération,Intersection en X,Pluie légère,Deux véhicules - côté,,,,,,,,,,,1,1,2,2,3
200600050818,0006-09-17 18:00:00,6,9,17,18,0,600,469,,,,Plein jour,Hors agglomération,Hors intersection,Normale,Deux véhicules - côté,,,,,,,,,,,1,1,1,1,3
200600050819,0006-09-23 01:00:00,6,9,23,1,0,600,65,rue du Gl de Gaulle,,,Nuit avec éclairage allumé,En agglomération,Autre intersection,Normale,Deux véhicules - frontale,,,,,,,,,,,5,2,9,1,1
200600050820,0006-09-29 17:15:00,6,9,29,17,15,600,685,Rue de Montreuil,,,Plein jour,En agglomération,Hors intersection,Normale,Deux véhicules - côté,,,,,,,,,,,1,2,1,1,3
200600050821,0006-09-30 18:30:00,6,9,30,18,30,600,462,cd44,,,Plein jour,Hors agglomération,Hors intersection,Normale,Deux véhicules - frontale,,,,,,,,,,,1,1,1,1,1
200600050822,0006-09-27 13:45:00,6,9,27,13,45,600,146,RUE DU PETIT PARIS,49.608,2.368,Plein jour,En agglomération,Intersection en X,Normale,Deux véhicules - côté,,,,,,,,,,,1,2,2,1,3
200600050823,0006-09-09 17:00:00,6,9,9,17,0,600,342,Route de Nogent sur Oise,,,Plein jour,En agglomération,Hors intersection,Normale,Autre collision,,,,,,,,,,,1,2,1,1,6
200600050824,0006-09-26 17:15:00,6,9,26,17,15,600,360,84 rue Albert 1er,,,Plein jour,En agglomération,Hors intersection,Normale,Autre collision,,,,,,,,,,,1,2,1,1,6
200600050825,0006-09-01 18:00:00,6,9,1,18,0,600,317,ersection CD 12 et CD 89,,,Plein jour,Hors agglomération,Intersection en Y,Normale,Deux véhicules - frontale,,,,,,,,,,,1,1,4,1,1
200600050826,0006-09-10 20:45:00,6,9,10,20,45,600,701,,,,Nuit sans éclairage public,Hors agglomération,Giratoire,Normale,Sans collision,,,,,,,,,,,3,1,6,1,7
200600050827,0006-09-15 20:00:00,6,9,15,20,0,600,468,,,,Nuit sans éclairage public,Hors agglomération,Hors intersection,Normale,Deux véhicules - frontale,,,,,,,,,,,3,1,1,1,1
200600050828,0006-09-22 08:00:00,6,9,22,8,0,600,396,route de RESSONS / MALT,,,Plein jour,En agglomération,Hors intersection,Normale,Deux véhicules - arrière,,,,,,,,,,,1,2,1,1,2
200600050829,0006-09-27 20:00:00,6,9,27,20,0,600,643,,49.567,2.579,Nuit sans éclairage public,Hors agglomération,Hors intersection,Normale,Trois véhicules et plus - en chaîne,,,,,,,,,,,3,1,1,1,4
200600050830,0006-09-30 20:20:00,6,9,30,20,20,600,595,CD 916,,,Nuit sans éclairage public,Hors agglomération,Autre intersection,Pluie forte,Autre collision,,,,,,,,,,,3,1,9,3,6
200600050831,0006-09-17 17:15:00,6,9,17,17,15,600,491,Carrefour zwimgenberg,,,Plein jour,En agglomération,Hors intersection,Normale,Deux véhicules - frontale,,,,,,,,,,,1,2,1,1,1
200600050832,0006-09-20 18:30:00,6,9,20,18,30,600,491,,,,Plein jour,Hors agglomération,Hors intersection,Normale,Autre collision,,,,,,,,,,,1,1,1,1,6
200600050833,0006-09-12 19:15:00,6,9,12,19,15,600,582,rue de compiegne -,,,Plein jour,En agglomération,Hors intersection,Normale,Autre collision,,,,,,,,,,,1,2,1,1,6
200600050834,0006-09-22 22:15:00,6,9,22,22,15,600,325,Rue Charles Ladame,49.384,2.771,Nuit avec éclairage allumé,En agglomération,Hors intersection,Normale,Autre collision,,,,,,,,,,,5,2,1,1,6
200600050835,0006-09-27 12:45:00,6,9,27,12,45,600,441,,49.413,2.66,Plein jour,Hors agglomération,Hors intersection,Normale,Autre collision,,,,,,,,,,,1,1,1,1,6
200600050836,0006-09-03 05:00:00,6,9,3,5,0,600,350,,,,Nuit sans éclairage public,Hors agglomération,Hors intersection,Normale,Sans collision,,,,,,,,,,,3,1,1,1,7
200600050837,0006-09-04 14:45:00,6,9,4,14,45,600,471,"153, Rue de Chauny",49.585,3.016,Plein jour,En agglomération,Hors intersection,Normale,Autre collision,,,,,,,,,,,1,2,1,1,6
200600050838,0006-09-07 17:40:00,6,9,7,17,40,600,55,RD934 - CD611,,,Plein jour,Hors agglomération,Hors intersection,Normale,Deux véhicules - arrière,,,,,,,,,,,1,1,1,1,2
200600050839,0006-09-07 17:40:00,6,9,7,17,40,600,270,CD 611,,,Plein jour,Hors agglomération,Hors intersection,Normale,Autre collision,,,,,,,,,,,1,1,1,1,6
200600050840,0006-09-03 11:45:00,6,9,3,11,45,570,124,,,,Plein jour,Hors agglomération,Hors intersection,Normale,Autre collision,,,,,,,,,,,1,1,1,1,6
200600050841,0006-09-06 17:00:00,6,9,6,17,0,570,323,rue de gaulle,,,Plein jour,En agglomération,Hors intersection,Normale,Deux véhicules - frontale,,,,,,,,,,,1,2,1,1,1
200600050842,0006-09-15 21:15:00,6,9,15,21,15,600,612,SENLIS,49.213,2.608,Nuit avec éclairage allumé,En agglomération,Autre intersection,Normale,Deux véhicules - frontale,,,,,,,,,,,5,2,9,1,1
200600050843,0006-09-19 07:30:00,6,9,19,7,30,600,612,,49.211,2.608,Plein jour,Hors agglomération,Hors intersection,Normale,Trois véhicules et plus - collisions multiples,,,,,,,,,,,1,1,1,1,5
200600050844,0006-09-24 12:00:00,6,9,24,12,0,600,380,CV 2,,,Plein jour,Hors agglomération,Intersection en X,Normale,Deux véhicules - frontale,,,,,,,,,,,1,1,2,1,1
200600050845,0006-09-30 19:30:00,6,9,30,19,30,600,224,RUE DES TILLEULS,,,Nuit avec éclairage allumé,En agglomération,Hors intersection,Temps couvert,Deux véhicules - frontale,,,,,,,,,,,5,2,1,8,1
200600050846,0006-09-12 12:45:00,6,9,12,12,45,600,141,,,,Plein jour,Hors agglomération,Giratoire,Normale,Deux véhicules - côté,,,,,,,,,,,1,1,6,1,3
200600050847,0006-09-16 17:00:00,6,9,16,17,0,600,282,rue de la chaussée,,,Plein jour,Hors agglomération,Autre intersection,Normale,Autre collision,,,,,,,,,,,1,1,9,1,6
200600050848,0006-09-20 08:05:00,6,9,20,8,5,600,282,Rond point des Fontaines,,,Plein jour,En agglomération,Giratoire,Brouillard / fumée,Sans collision,,,,,,,,,,,1,2,6,5,7
200600050849,0006-09-08 12:35:00,6,9,8,12,35,600,176,avenue Pasteur,,,Plein jour,En agglomération,Hors intersection,Normale,Autre collision,,,,,,,,,,,1,2,1,1,6
200600050850,0006-09-19 11:30:00,6,9,19,11,30,600,176,route de COMPIEGNE,,,Plein jour,En agglomération,Hors intersection,Autre,Deux véhicules - côté,,,,,,,,,,,1,2,1,9,3
200600050851,0006-09-19 13:50:00,6,9,19,13,50,600,479,CD 136,,,Plein jour,Hors agglomération,Hors intersection,Normale,Autre collision,,,,,,,,,,,1,1,1,1,6
200600050852,0006-09-11 09:30:00,6,9,11,9,30,600,446,,,,Crépuscule ou aube,Hors agglomération,Hors intersection,Normale,Deux véhicules - arrière,,,,,,,,,,,2,1,1,1,2
200600050853,0006-09-19 07:20:00,6,9,19,7,20,600,489,,,,Plein jour,Hors agglomération,Hors intersection,Normale,Deux véhicules - frontale,,,,,,,,,,,1,1,1,1,1
200600050854,0006-09-09 23:30:00,6,9,9,23,30,600,274,06 rue des tonneliers,,,Nuit avec éclairage non allumé,En agglomération,Hors intersection,Normale,Deux véhicules - arrière,,,,,,,,,,,4,2,1,1,2
200600050855,0006-09-22 18:30:00,6,9,22,18,30,600,509,rue Georges DECROOZE,,,Plein jour,En agglomération,Hors intersection,Normale,Autre collision,,,,,,,,,,,1,2,1,1,6
200600050856,0006-09-19 07:15:00,6,9,19,7,15,760,517,,49.521,1.173,Crépuscule ou aube,Hors agglomération,Hors intersection,Pluie légère,Deux véhicules - côté,,,,,,,,,,,2,1,1,2,3
200600050857,0006-09-30 04:15:00,6,9,30,4,15,760,220,,,,Nuit sans éclairage public,Hors agglomération,Hors intersection,Normale,Sans collision,,,,,,,,,,,3,1,1,1,7
200600050858,0006-09-03 18:00:00,6,9,3,18,0,760,328,hameau de Louvetot,,,Plein jour,Hors agglomération,Intersection en T,Pluie légère,Deux véhicules - côté,,,,,,,,,,,1,1,3,2,3
200600050859,0006-09-11 15:15:00,6,9,11,15,15,760,448,CD 42 / CD 491,,,Plein jour,Hors agglomération,Hors intersection,Normale,Deux véhicules - côté,,,,,,,,,,,1,1,1,1,3
200600050860,0006-09-03 16:30:00,6,9,3,16,30,760,401,,,,Plein jour,Hors agglomération,Autre intersection,Normale,Deux véhicules - côté,,,,,,,,,,,1,1,9,1,3
200600050861,0006-09-25 13:45:00,6,9,25,13,45,760,418,,,,Plein jour,Hors agglomération,Hors intersection,Normale,Deux véhicules - côté,,,,,,,,,,,1,1,1,1,3
200600050862,0006-09-26 08:10:00,6,9,26,8,10,760,222,rue de Verdun,,,Plein jour,En agglomération,Hors intersection,Brouillard / fumée,Deux véhicules - arrière,,,,,,,,,,,1,2,1,5,2
200600050863,0006-09-28 18:15:00,6,9,28,18,15,760,401,,49.475,0.764,Plein jour,Hors agglomération,Hors intersection,Normale,Deux véhicules - côté,,,,,,,,,,,1,1,1,1,3
200600050864,0006-09-29 17:45:00,6,9,29,17,45,760,222,CD 982,,,Plein jour,En agglomération,Hors intersection,Pluie légère,Deux véhicules - arrière,,,,,,,,,,,1,2,1,2,2
200600050865,0006-09-03 20:00:00,6,9,3,20,0,760,593,,49.57,0.44,Crépuscule ou aube,Hors agglomération,Hors intersection,Pluie légère,Deux véhicules - frontale,,,,,,,,,,,2,1,1,2,1
200600050866,0006-09-02 00:20:00,6,9,2,0,20,760,522,C.D 910,,,Nuit sans éclairage public,Hors agglomération,Hors intersection,Normale,Deux véhicules - côté,,,,,,,,,,,3,1,1,1,3
200600050867,0006-09-01 12:20:00,6,9,1,12,20,760,147,rsection CD 48 et CD 915,,,Plein jour,Hors agglomération,Intersection en T,Normale,Deux véhicules - côté,,,,,,,,,,,1,1,3,1,3
200600050868,0006-09-09 21:00:00,6,9,9,21,0,760,392,Route de Croixdalle,,,Nuit avec éclairage allumé,En agglomération,Hors intersection,Normale,Autre collision,,,,,,,,,,,5,2,1,1,6
200600050869,0006-09-19 16:15:00,6,9,19,16,15,760,35,,49.79,1.74,Plein jour,Hors agglomération,Hors intersection,Normale,Autre collision,,,,,,,,,,,1,1,1,1,6
200600050870,0006-09-01 19:15:00,6,9,1,19,15,760,666,,49.58,1.604,Plein jour,Hors agglomération,Autre intersection,Normale,Deux véhicules - côté,,,,,,,,,,,1,1,9,1,3
200600050871,0006-09-06 23:30:00,6,9,6,23,30,760,276,19 rue Guy de MAUPASSANT,,,Nuit avec éclairage allumé,En agglomération,Hors intersection,Normale,Autre collision,,,,,,,,,,,5,2,1,1,6
200600050872,0006-09-16 15:45:00,6,9,16,15,45,760,648,,,,Plein jour,Hors agglomération,Autre intersection,Normale,Deux véhicules - frontale,,,,,,,,,,,1,1,9,1,1
200600050873,0006-09-18 17:55:00,6,9,18,17,55,760,621,CD 928,,,Plein jour,Hors agglomération,Hors intersection,Normale,Deux véhicules - arrière,,,,,,,,,,,1,1,1,1,2
200600050874,0006-09-16 20:45:00,6,9,16,20,45,760,312,rue Croquet du Bosc,,,Nuit avec éclairage allumé,En agglomération,Hors intersection,Normale,Deux véhicules - côté,,,,,,,,,,,5,2,1,1,3
200600050875,0006-09-20 17:00:00,6,9,20,17,0,760,312,Av du Général LECLERC,49.488,1.721,Plein jour,En agglomération,Hors intersection,Normale,Deux véhicules - côté,,,,,,,,,,,1,2,1,1,3
200600050876,0006-09-26 18:15:00,6,9,26,18,15,760,187,,,,Plein jour,Hors agglomération,Hors intersection,Normale,Deux véhicules - arrière,,,,,,,,,,,1,1,1,1,2
200600050877,0006-09-08 16:30:00,6,9,8,16,30,760,253,RUE DU PRIEURE,49.68,0.789,Plein jour,En agglomération,Hors intersection,Temps éblouissant,Deux véhicules - frontale,,,,,,,,,,,1,2,1,7,1
200600050878,0006-09-04 05:15:00,6,9,4,5,15,270,436,CD 140 PK 8,,,Nuit sans éclairage public,Hors agglomération,Hors intersection,Normale,Sans collision,,,,,,,,,,,3,1,1,1,7
200600050879,0006-09-05 18:45:00,6,9,5,18,45,270,439,,,,Plein jour,Hors agglomération,Hors intersection,Normale,Deux véhicules - côté,,,,,,,,,,,1,1,1,1,3
200600050880,0006-09-13 10:15:00,6,9,13,10,15,270,82,place lorraine,48.995,1.04,Plein jour,En agglomération,Hors intersection,Normale,Autre collision,,,,,,,,,,,1,2,1,1,6
200600050881,0006-09-20 10:00:00,6,9,20,10,0,270,402,,48.934,0.989,Plein jour,Hors agglomération,Hors intersection,Normale,Deux véhicules - arrière,,,,,,,,,,,1,1,1,1,2
200600050882,0006-09-17 00:01:00,6,9,17,0,1,270,32,Route de Corneuil,,,Nuit sans éclairage public,Hors agglomération,Hors intersection,Normale,Autre collision,,,,,,,,,,,3,1,1,1,6
200600050883,0006-09-17 15:30:00,6,9,17,15,30,270,144,CD52 - PK7+200,48.88,1.298,Plein jour,Hors agglomération,Hors intersection,Normale,Deux véhicules - frontale,,,,,,,,,,,1,1,1,1,1
200600050884,0006-09-30 05:30:00,6,9,30,5,30,270,507,,48.927,1.272,Nuit sans éclairage public,Hors agglomération,Hors intersection,Normale,Autre collision,,,,,,,,,,,3,1,1,1,6
200600050885,0006-09-10 14:30:00,6,9,10,14,30,270,81,RN 13 - PK 13,,,Plein jour,Hors agglomération,Hors intersection,Normale,Autre collision,,,,,,,,,,,1,1,1,1,6
200600050886,0006-09-16 09:00:00,6,9,16,9,0,270,180,RD 316,,,Plein jour,En agglomération,Hors intersection,Temps couvert,Deux véhicules - arrière,,,,,,,,,,,1,2,1,8,2
200600050887,0006-09-22 21:00:00,6,9,22,21,0,270,180,ute du général de Gaulle,,,Nuit avec éclairage allumé,En agglomération,Giratoire,Normale,Deux véhicules - arrière,,,,,,,,,,,5,2,6,1,2
200600050888,0006-09-25 00:01:00,6,9,25,0,1,270,279,"CD313 PK 2,6",,,Nuit sans éclairage public,Hors agglomération,Hors intersection,Pluie légère,Autre collision,,,,,,,,,,,3,1,1,2,6
200600050889,0006-09-16 18:00:00,6,9,16,18,0,270,67,,,,Plein jour,En agglomération,Hors intersection,Normale,Deux véhicules - frontale,,,,,,,,,,,1,2,1,1,1
200600050890,0006-09-28 07:30:00,6,9,28,7,30,270,682,rue du clos du décret,,,Crépuscule ou aube,En agglomération,Hors intersection,Normale,Deux véhicules - frontale,,,,,,,,,,,2,2,1,1,1
200600050891,0006-09-01 21:00:00,6,9,1,21,0,270,207,,,,Crépuscule ou aube,Hors agglomération,Hors intersection,Normale,Deux véhicules - frontale,,,,,,,,,,,2,1,1,1,1
200600050892,0006-09-13 13:30:00,6,9,13,13,30,270,516,,49.069,0.587,Plein jour,Hors agglomération,Hors intersection,Normale,Autre collision,,,,,,,,,,,1,1,1,1,6
200600050893,0006-09-14 08:15:00,6,9,14,8,15,270,56,Boulevard Sylla Lefevre,49.1,0.611,Plein jour,En agglomération,Autre intersection,Normale,Deux véhicules - côté,,,,,,,,,,,1,2,9,1,3
200600050894,0006-09-30 05:00:00,6,9,30,5,0,270,56,,49.085,0.589,Nuit sans éclairage public,Hors agglomération,Hors intersection,Normale,Autre collision,,,,,,,,,,,3,1,1,1,6
200600050895,0006-09-02 04:45:00,6,9,2,4,45,270,109,,,,Nuit sans éclairage public,Hors agglomération,Hors intersection,Normale,Autre collision,,,,,,,,,,,3,1,1,1,6
200600050896,0006-09-04 22:00:00,6,9,4,22,0,270,41,,,,Nuit sans éclairage public,Hors agglomération,Hors intersection,Normale,Autre collision,,,,,,,,,,,3,1,1,1,6
200600050897,0006-09-06 18:15:00,6,9,6,18,15,270,51,CD 133,,,Plein jour,En agglomération,Hors intersection,Normale,Deux véhicules - arrière,,,,,,,,,,,1,2,1,1,2
200600050898,0006-09-23 20:15:00,6,9,23,20,15,270,116,,,,Crépuscule ou aube,Hors agglomération,Hors intersection,Normale,Autre collision,,,,,,,,,,,2,1,1,1,6
200600050899,0006-09-25 11:45:00,6,9,25,11,45,270,251,,,,Plein jour,Hors agglomération,Hors intersection,Normale,Autre collision,,,,,,,,,,,1,1,1,1,6
200600050900,0006-09-24 17:45:00,6,9,24,17,45,270,596,route du bois gout,,,Plein jour,En agglomération,Hors intersection,Normale,Autre collision,,,,,,,,,,,1,2,1,1,6
200600050901,0006-09-29 16:15:00,6,9,29,16,15,270,131,"u dit ""Malbrouk"", RN 13",,,Plein jour,Hors agglomération,Hors intersection,Normale,Trois véhicules et plus - en chaîne,,,,,,,,,,,1,1,1,1,4
200600050902,0006-09-30 19:45:00,6,9,30,19,45,270,290,,,,Nuit sans éclairage public,Hors agglomération,Hors intersection,Pluie légère,Sans collision,,,,,,,,,,,3,1,1,2,7
200600050903,0006-09-20 17:15:00,6,9,20,17,15,270,3,,49.161,1.182,Plein jour,Hors agglomération,Hors intersection,Normale,Autre collision,,,,,,,,,,,1,1,1,1,6
200600050904,0006-09-06 19:30:00,6,9,6,19,30,270,343,efour des CD 57 et CD 65,,,Plein jour,Hors agglomération,Hors intersection,Normale,Trois véhicules et plus - collisions multiples,,,,,,,,,,,1,1,1,1,5
200600050905,0006-09-12 18:15:00,6,9,12,18,15,270,694,10 rue de la Messe,,,Plein jour,En agglomération,Hors intersection,Normale,Autre collision,,,,,,,,,,,1,2,1,1,6
200600050906,0006-09-14 10:30:00,6,9,14,10,30,270,539,8 RUE COUR ORANGE,49.125,1.393,Plein jour,En agglomération,Hors intersection,Normale,Deux véhicules - frontale,,,,,,,,,,,1,2,1,1,1
200600050907,0006-09-23 11:30:00,6,9,23,11,30,270,553,rue de l'acre fayel,49.14,1.29,Plein jour,En agglomération,Hors intersection,Normale,Deux véhicules - frontale,,,,,,,,,,,1,2,1,1,1
200600050908,0006-09-13 14:10:00,6,9,13,14,10,270,348,Rue du 08 mai 1945,49.324,1.143,Plein jour,En agglomération,Hors intersection,Normale,Deux véhicules - frontale,,,,,,,,,,,1,2,1,1,1
200600050909,0006-09-29 00:30:00,6,9,29,0,30,270,469,route de caubourg,,,Nuit sans éclairage public,Hors agglomération,Hors intersection,Normale,Sans collision,,,,,,,,,,,3,1,1,1,7
200600050910,0006-09-03 17:20:00,6,9,3,17,20,270,698,RD 83,,,Plein jour,Hors agglomération,Hors intersection,Normale,Autre collision,,,,,,,,,,,1,1,1,1,6
200600050911,0006-09-22 13:00:00,6,9,22,13,0,270,511,CD 39,,,Plein jour,Hors agglomération,Hors intersection,Pluie légère,Deux véhicules - frontale,,,,,,,,,,,1,1,1,2,1
200600050912,0006-09-26 08:30:00,6,9,26,8,30,270,695,Rue du Hameau,49.144,0.873,Plein jour,En agglomération,Autre intersection,Normale,Deux véhicules - frontale,,,,,,,,,,,1,2,9,1,1
200600050913,0006-09-11 15:45:00,6,9,11,15,45,270,263,route de Pont Audemer,,,Plein jour,Hors agglomération,Intersection en X,Normale,Deux véhicules - côté,,,,,,,,,,,1,1,2,1,3
200600050914,0006-09-18 06:30:00,6,9,18,6,30,270,77,CD 124,,,Nuit sans éclairage public,En agglomération,Hors intersection,Temps couvert,Deux véhicules - côté,,,,,,,,,,,3,2,1,8,3
200600050915,0006-09-12 17:15:00,6,9,12,17,15,270,542,,49.238,0.585,Plein jour,Hors agglomération,Hors intersection,Normale,Sans collision,,,,,,,,,,,1,1,1,1,7
200600050916,0006-09-07 20:55:00,6,9,7,20,55,350,7,D 221,48.297,-1.632,Nuit sans éclairage public,En agglomération,Hors intersection,Normale,Deux véhicules - frontale,,,,,,,,,,,3,2,1,1,1
200600050917,0006-09-10 10:00:00,6,9,10,10,0,350,326,28 av Philippe de Volvir,48.337,-1.533,Plein jour,En agglomération,Hors intersection,Normale,Deux véhicules - côté,,,,,,,,,,,1,2,1,1,3
200600050918,0006-09-17 04:00:00,6,9,17,4,0,350,117,rue de la Libération,,,Nuit avec éclairage allumé,En agglomération,Hors intersection,Normale,Sans collision,,,,,,,,,,,5,2,1,1,7
200600050919,0006-09-03 18:00:00,6,9,3,18,0,350,227,Rue de Rennes,,,Plein jour,En agglomération,Hors intersection,Normale,Deux véhicules - frontale,,,,,,,,,,,1,2,1,1,1
200600050920,0006-09-04 09:00:00,6,9,4,9,0,350,187,,,,Plein jour,Hors agglomération,Hors intersection,Normale,Sans collision,,,,,,,,,,,1,1,1,1,7
200600050921,0006-09-22 07:30:00,6,9,22,7,30,350,223,,,,Crépuscule ou aube,Hors agglomération,Hors intersection,Pluie légère,Deux véhicules - côté,,,,,,,,,,,2,1,1,2,3
200600050922,0006-09-27 10:50:00,6,9,27,10,50,350,240,Le Plessis Saucourt,,,Plein jour,Hors agglomération,Autre intersection,Normale,Deux véhicules - côté,,,,,,,,,,,1,1,9,1,3
200600050923,0006-09-10 12:15:00,6,9,10,12,15,350,214,Les Beches,,,Plein jour,Hors agglomération,Autre intersection,Normale,Autre collision,,,,,,,,,,,1,1,9,1,6
200600050924,0006-09-17 16:45:00,6,9,17,16,45,350,178,,48.279,-1.421,Plein jour,Hors agglomération,Hors intersection,Normale,Deux véhicules - côté,,,,,,,,,,,1,1,1,1,3
200600050925,0006-09-21 17:00:00,6,9,21,17,0,350,113,,,,Plein jour,Hors agglomération,Hors intersection,Normale,Deux véhicules - côté,,,,,,,,,,,1,1,1,1,3
200600050926,0006-09-24 00:30:00,6,9,24,0,30,350,348,,48.31,-1.308,Nuit sans éclairage public,Hors agglomération,Hors intersection,Pluie légère,Sans collision,,,,,,,,,,,3,1,1,2,7
200600050927,0006-09-30 14:45:00,6,9,30,14,45,350,205,,48.431,-1.61,Plein jour,Hors agglomération,Intersection en X,Pluie forte,Deux véhicules - côté,,,,,,,,,,,1,1,2,3,3
200600050928,0006-09-11 16:15:00,6,9,11,16,15,350,236,Rue Quercia,,,Plein jour,En agglomération,Hors intersection,Pluie légère,Deux véhicules - côté,,,,,,,,,,,1,2,1,2,3
200600050929,0006-09-01 18:15:00,6,9,1,18,15,350,231,...,,,Plein jour,Hors agglomération,Hors intersection,Normale,Deux véhicules - côté,,,,,,,,,,,1,1,1,1,3
200600050930,0006-09-10 05:30:00,6,9,10,5,30,350,176,route communale,47.786,-1.829,Nuit sans éclairage public,Hors agglomération,Hors intersection,Normale,Sans collision,,,,,,,,,,,3,1,1,1,7
200600050931,0006-09-24 08:30:00,6,9,24,8,30,350,12,,47.847,-1.715,Plein jour,Hors agglomération,Hors intersection,Normale,Deux véhicules - frontale,,,,,,,,,,,1,1,1,1,1
200600050932,0006-09-22 12:30:00,6,9,22,12,30,350,176,,,,Plein jour,Hors agglomération,Hors intersection,Normale,Deux véhicules - frontale,,,,,,,,,,,1,1,1,1,1
200600050933,0006-09-27 18:30:00,6,9,27,18,30,350,124,,47.738,-1.777,Plein jour,Hors agglomération,Hors intersection,Normale,Trois véhicules et plus - collisions multiples,,,,,,,,,,,1,1,1,1,5
200600050934,0006-09-23 18:00:00,6,9,23,18,0,350,84,,,,Plein jour,Hors agglomération,Hors intersection,Normale,Sans collision,,,,,,,,,,,1,1,1,1,7
200600050935,0006-09-29 07:25:00,6,9,29,7,25,350,123,CD 177 LES CORBIERES,,,Nuit sans éclairage public,Hors agglomération,Hors intersection,Normale,Trois véhicules et plus - collisions multiples,,,,,,,,,,,3,1,1,1,5
200600050936,0006-09-02 18:45:00,6,9,2,18,45,350,299,La croix de l'Ormel,,,Plein jour,Hors agglomération,Intersection en X,Normale,Deux véhicules - côté,,,,,,,,,,,1,1,2,1,3
200600050937,0006-09-20 18:00:00,6,9,20,18,0,350,308,rue de la libération,,,Plein jour,En agglomération,Hors intersection,Normale,Deux véhicules - côté,,,,,,,,,,,1,2,1,1,3
200600050938,0006-09-25 18:50:00,6,9,25,18,50,350,337,11 RUE DE LA LIBERATION,,,Plein jour,En agglomération,Hors intersection,Normale,Autre collision,,,,,,,,,,,1,2,1,1,6
200600050939,0006-09-27 08:30:00,6,9,27,8,30,350,122,,,,Plein jour,Hors agglomération,Hors intersection,Temps couvert,Deux véhicules - côté,,,,,,,,,,,1,1,1,8,3
200600050940,0006-09-01 19:30:00,6,9,1,19,30,350,172,,48.42,-1.839,Plein jour,Hors agglomération,Hors intersection,Normale,Deux véhicules - arrière,,,,,,,,,,,1,1,1,1,2
200600050941,0006-09-12 13:30:00,6,9,12,13,30,350,9,,48.544,-1.807,Plein jour,Hors agglomération,Intersection en T,Normale,Deux véhicules - côté,,,,,,,,,,,1,1,3,1,3
200600050942,0006-09-21 11:45:00,6,9,21,11,45,350,85,,48.414,-1.703,Plein jour,Hors agglomération,Hors intersection,Normale,Deux véhicules - côté,,,,,,,,,,,1,1,1,1,3
200600050943,0006-09-02 19:20:00,6,9,2,19,20,350,194,La tachelais,,,Plein jour,Hors agglomération,Hors intersection,Pluie légère,Deux véhicules - côté,,,,,,,,,,,1,1,1,2,3
200600050944,0006-09-19 09:15:00,6,9,19,9,15,350,183,re de repos de MONDEVERT,,,Plein jour,Hors agglomération,Hors intersection,Normale,Deux véhicules - arrière,,,,,,,,,,,1,1,1,1,2
200600050945,0006-09-27 18:00:00,6,9,27,18,0,350,167,,,,Plein jour,Hors agglomération,Giratoire,Normale,Deux véhicules - côté,,,,,,,,,,,1,1,6,1,3
200600050946,0006-09-28 15:00:00,6,9,28,15,0,350,88,,,,Plein jour,Hors agglomération,Hors intersection,Pluie forte,Sans collision,,,,,,,,,,,1,1,1,3,7
200600050947,0006-09-08 17:05:00,6,9,8,17,5,220,158,CD 767,,,Plein jour,En agglomération,Hors intersection,Normale,Deux véhicules - frontale,,,,,,,,,,,1,2,1,1,1
200600050948,0006-09-13 17:30:00,6,9,13,17,30,220,74,lieu dit Quilaron,,,Plein jour,Hors agglomération,Hors intersection,Pluie légère,Deux véhicules - frontale,,,,,,,,,,,1,1,1,2,1
200600050949,0006-09-01 13:45:00,6,9,1,13,45,220,65,,,,Plein jour,Hors agglomération,Hors intersection,Normale,Deux véhicules - arrière,,,,,,,,,,,1,1,1,1,2