accident_id,datetime,annee,mois,jour,heure,minute,departement,commune_insee,adresse,latitude,longitude,luminosite,agglomeration,intersection,meteo,collision,nb_vehicules,nb_usagers,nb_indemnes,nb_tues,nb_blesses_hosp,nb_blesses_legers,age_cond_1,age_cond_2,veh_type_cond_1,veh_type_cond_2,lum_code,agg_code,int_code,atm_code,col_code
200600050950,0006-09-14 11:00:00,6,9,14,11,0,220,55,,,,Plein jour,Hors agglomération,Hors intersection,Pluie forte,Deux véhicules - frontale,,,,,,,,,,,1,1,1,3,1
200600050951,0006-09-17 10:15:00,6,9,17,10,15,220,93,centre bourg de St Aaron,,,Plein jour,En agglomération,Hors intersection,Normale,Trois véhicules et plus - collisions multiples,,,,,,,,,,,1,2,1,1,5
200600050952,0006-09-28 11:45:00,6,9,28,11,45,220,390,,48.707,-3.07,Plein jour,Hors agglomération,Hors intersection,Pluie légère,Deux véhicules - frontale,,,,,,,,,,,1,1,1,2,1
200600050953,0006-09-10 16:45:00,6,9,10,16,45,220,173,u lieu dit La Croix Voie,,,Plein jour,Hors agglomération,Hors intersection,Normale,Sans collision,,,,,,,,,,,1,1,1,1,7
200600050954,0006-09-24 08:45:00,6,9,24,8,45,220,389,François Jaffrain CD 765,,,Plein jour,Hors agglomération,Hors intersection,Temps couvert,Deux véhicules - côté,,,,,,,,,,,1,1,1,8,3
200600050955,0006-09-24 18:00:00,6,9,24,18,0,220,173,,,,Plein jour,Hors agglomération,Hors intersection,Normale,Sans collision,,,,,,,,,,,1,1,1,1,7
200600050956,0006-09-03 14:00:00,6,9,3,14,0,220,259,,,,Plein jour,Hors agglomération,Hors intersection,Normale,Autre collision,,,,,,,,,,,1,1,1,1,6
200600050957,0006-09-04 06:00:00,6,9,4,6,0,220,208,,,,Nuit sans éclairage public,Hors agglomération,Intersection en X,Normale,Deux véhicules - côté,,,,,,,,,,,3,1,2,1,3
200600050958,0006-09-24 07:00:00,6,9,24,7,0,220,306,Le cordon blanc,,,Crépuscule ou aube,En agglomération,Hors intersection,Autre,Autre collision,,,,,,,,,,,2,2,1,9,6
200600050959,0006-09-14 16:45:00,6,9,14,16,45,220,48,,,,Plein jour,Hors agglomération,Hors intersection,Normale,Deux véhicules - côté,,,,,,,,,,,1,1,1,1,3
200600050960,0006-09-09 18:25:00,6,9,9,18,25,220,340,LD KERGUINIOU,,,Plein jour,Hors agglomération,Hors intersection,Normale,Deux véhicules - frontale,,,,,,,,,,,1,1,1,1,1
200600050961,0006-09-03 11:30:00,6,9,3,11,30,220,194,,48.634,-3.65,Plein jour,Hors agglomération,Hors intersection,Normale,Sans collision,,,,,,,,,,,1,1,1,1,7
200600050962,0006-09-30 19:00:00,6,9,30,19,0,220,218,,48.845,-3.228,Plein jour,Hors agglomération,Hors intersection,Normale,Deux véhicules - arrière,,,,,,,,,,,1,1,1,1,2
200600050963,0006-09-25 06:00:00,6,9,25,6,0,290,108,,,,Nuit sans éclairage public,Hors agglomération,Hors intersection,Normale,Sans collision,,,,,,,,,,,3,1,1,1,7
200600050964,0006-09-29 08:30:00,6,9,29,8,30,290,46,Rue Jean Jaurès,,,Plein jour,En agglomération,Hors intersection,Pluie légère,Autre collision,,,,,,,,,,,1,2,1,2,6
200600050965,0006-09-23 13:45:00,6,9,23,13,45,290,165,,47.806,-4.228,Plein jour,Hors agglomération,Hors intersection,Normale,Deux véhicules - côté,,,,,,,,,,,1,1,1,1,3
200600050966,0006-09-28 15:45:00,6,9,28,15,45,290,75,33 RUE AMIRAL TROUDE,,,Plein jour,En agglomération,Hors intersection,Pluie forte,Deux véhicules - côté,,,,,,,,,,,1,2,1,3,3
200600050967,0006-09-01 19:00:00,6,9,1,19,0,290,103,Avenue Jean Monet,48.45,-4.265,Plein jour,En agglomération,Autre intersection,Normale,Deux véhicules - côté,,,,,,,,,,,1,2,9,1,3
200600050968,0006-09-24 03:30:00,6,9,24,3,30,290,181,,48.502,-4.219,Nuit sans éclairage public,Hors agglomération,Hors intersection,Temps couvert,Autre collision,,,,,,,,,,,3,1,1,8,6
200600050969,0006-09-01 21:45:00,6,9,1,21,45,290,209,,48.55,-4.45,Nuit sans éclairage public,Hors agglomération,Hors intersection,Normale,Deux véhicules - frontale,,,,,,,,,,,3,1,1,1,1
200600050970,0006-09-03 05:00:00,6,9,3,5,0,290,117,,48.582,-4.549,Nuit sans éclairage public,Hors agglomération,Hors intersection,Normale,Autre collision,,,,,,,,,,,3,1,1,1,6
200600050971,0006-09-14 12:15:00,6,9,14,12,15,290,209,,48.55,-4.505,Plein jour,Hors agglomération,Hors intersection,Normale,Deux véhicules - arrière,,,,,,,,,,,1,1,1,1,2
200600050972,0006-09-28 19:30:00,6,9,28,19,30,290,117,Rue de Croas An Drep,,,Plein jour,En agglomération,Hors intersection,Normale,Deux véhicules - frontale,,,,,,,,,,,1,2,1,1,1
200600050973,0006-09-01 16:30:00,6,9,1,16,30,290,24,rue Albert CAILLAREC,,,Plein jour,En agglomération,Hors intersection,Normale,Deux véhicules - frontale,,,,,,,,,,,1,2,1,1,1
200600050974,0006-09-13 19:00:00,6,9,13,19,0,290,113,,48.643,-3.706,Plein jour,Hors agglomération,Giratoire,Normale,Deux véhicules - frontale,,,,,,,,,,,1,1,6,1,1
200600050975,0006-09-05 12:00:00,6,9,5,12,0,290,105,,,,Plein jour,Hors agglomération,Hors intersection,Normale,Deux véhicules - frontale,,,,,,,,,,,1,1,1,1,1
200600050976,0006-09-09 07:45:00,6,9,9,7,45,290,163,,48.547,-3.841,Plein jour,Hors agglomération,Hors intersection,Normale,Autre collision,,,,,,,,,,,1,1,1,1,6
200600050977,0006-09-24 12:45:00,6,9,24,12,45,290,163,,48.487,-3.871,Plein jour,Hors agglomération,Hors intersection,Temps couvert,Sans collision,,,,,,,,,,,1,1,1,8,7
200600050978,0006-09-01 02:00:00,6,9,1,2,0,290,276,route de St Pol-CD10,,,Nuit sans éclairage public,En agglomération,Autre intersection,Normale,Autre collision,,,,,,,,,,,3,2,9,1,6
200600050979,0006-09-28 12:00:00,6,9,28,12,0,290,273,,,,Plein jour,Hors agglomération,Hors intersection,Pluie légère,Autre collision,,,,,,,,,,,1,1,1,2,6
200600050980,0006-09-19 18:00:00,6,9,19,18,0,560,154,rue Marcel CALLO,,,Plein jour,En agglomération,Intersection en X,Normale,Deux véhicules - côté,,,,,,,,,,,1,2,2,1,3
200600050981,0006-09-29 18:30:00,6,9,29,18,30,560,176,,47.673,-2.947,Plein jour,Hors agglomération,Hors intersection,Normale,Deux véhicules - frontale,,,,,,,,,,,1,1,1,1,1
200600050982,0006-09-05 13:45:00,6,9,5,13,45,560,78,KERBIGOT,47.777,-3.521,Plein jour,En agglomération,Giratoire,Normale,Deux véhicules - côté,,,,,,,,,,,1,2,6,1,3
200600050983,0006-09-24 19:30:00,6,9,24,19,30,560,185,,,,Plein jour,Hors agglomération,Hors intersection,Pluie forte,Deux véhicules - arrière,,,,,,,,,,,1,1,1,3,2
200600050984,0006-09-22 16:00:00,6,9,22,16,0,560,244,,47.859,-2.462,Plein jour,Hors agglomération,Hors intersection,Normale,Deux véhicules - frontale,,,,,,,,,,,1,1,1,1,1
200600050985,0006-09-19 09:30:00,6,9,19,9,30,560,178,,48.072,-2.966,Plein jour,En agglomération,Giratoire,Normale,Deux véhicules - frontale,,,,,,,,,,,1,2,6,1,1
200600050986,0006-09-23 20:15:00,6,9,23,20,15,560,174,KERENTREE,,,Crépuscule ou aube,Hors agglomération,Hors intersection,Normale,Deux véhicules - côté,,,,,,,,,,,2,1,1,1,3
200600050987,0006-09-25 16:00:00,6,9,25,16,0,560,66,,48.146,-3.625,Plein jour,Hors agglomération,Hors intersection,Normale,Autre collision,,,,,,,,,,,1,1,1,1,6
200600050988,0006-09-29 13:25:00,6,9,29,13,25,140,197,CD 35 ET CD 222,,,Plein jour,En agglomération,Intersection en X,Normale,Deux véhicules - côté,,,,,,,,,,,1,2,2,1,3
200600050989,0006-09-02 12:00:00,6,9,2,12,0,140,5,,49.084,-0.143,Plein jour,Hors agglomération,Hors intersection,Normale,Deux véhicules - frontale,,,,,,,,,,,1,1,1,1,1
200600050990,0006-09-14 18:45:00,6,9,14,18,45,140,119,,49.153,-0.26,Plein jour,En agglomération,Autre intersection,Normale,Trois véhicules et plus - collisions multiples,,,,,,,,,,,1,2,9,1,5
200600050991,0006-09-14 11:15:00,6,9,14,11,15,140,145,,,,Plein jour,Hors agglomération,Hors intersection,Pluie légère,Autre collision,,,,,,,,,,,1,1,1,2,6
200600050992,0006-09-16 04:45:00,6,9,16,4,45,140,589,RUE DU DEFFEND,49.005,-0.304,Nuit sans éclairage public,En agglomération,Hors intersection,Pluie légère,Autre collision,,,,,,,,,,,3,2,1,2,6
200600050993,0006-09-21 02:15:00,6,9,21,2,15,140,456,,49.12,-0.151,Nuit avec éclairage allumé,Hors agglomération,Hors intersection,Normale,Deux véhicules - frontale,,,,,,,,,,,5,1,1,1,1
200600050994,0006-09-30 08:30:00,6,9,30,8,30,140,538,CD229,49.085,-0.224,Plein jour,En agglomération,Intersection en X,Normale,Deux véhicules - côté,,,,,,,,,,,1,2,2,1,3
200600050995,0006-09-22 22:15:00,6,9,22,22,15,140,365,Rue Morel de Than,49.295,-0.328,Nuit avec éclairage allumé,En agglomération,Hors intersection,Normale,Autre collision,,,,,,,,,,,5,2,1,1,6
200600050996,0006-09-24 19:00:00,6,9,24,19,0,140,488,,,,Crépuscule ou aube,En agglomération,Hors intersection,Normale,Autre collision,,,,,,,,,,,2,2,1,1,6
200600050997,0006-09-08 18:20:00,6,9,8,18,20,140,499,CD 95,,,Plein jour,Hors agglomération,Hors intersection,Normale,Autre collision,,,,,,,,,,,1,1,1,1,6
200600050998,0006-09-02 20:15:00,6,9,2,20,15,140,728,hameau Nihault,49.288,-0.735,Nuit sans éclairage public,Hors agglomération,Hors intersection,Normale,Deux véhicules - côté,,,,,,,,,,,3,1,1,1,3
200600050999,0006-09-02 00:15:00,6,9,2,0,15,140,370,,49.229,-0.903,Nuit sans éclairage public,Hors agglomération,Hors intersection,Normale,Deux véhicules - frontale,,,,,,,,,,,3,1,1,1,1
200600051000,0006-09-09 19:30:00,6,9,9,19,30,140,714,"Lieu-dit ""la commune""",49.223,-0.79,Plein jour,En agglomération,Autre intersection,Normale,Deux véhicules - côté,,,,,,,,,,,1,2,9,1,3
200600051001,0006-09-09 19:30:00,6,9,9,19,30,140,342,"Lieu dit ""Les Brouaises""",49.31,-1.091,Plein jour,Hors agglomération,Hors intersection,Normale,Deux véhicules - côté,,,,,,,,,,,1,1,1,1,3
200600051002,0006-09-17 03:00:00,6,9,17,3,0,140,130,,,,Nuit sans éclairage public,Hors agglomération,Hors intersection,Normale,Autre collision,,,,,,,,,,,3,1,1,1,6
200600051003,0006-09-19 18:45:00,6,9,19,18,45,140,235,Le Quévé,49.321,-0.939,Plein jour,En agglomération,Hors intersection,Normale,Autre collision,,,,,,,,,,,1,2,1,1,6
200600051004,0006-09-26 17:15:00,6,9,26,17,15,140,258,,48.924,-0.187,Plein jour,Hors agglomération,Hors intersection,Normale,Trois véhicules et plus - collisions multiples,,,,,,,,,,,1,1,1,1,5
200600051005,0006-09-17 18:45:00,6,9,17,18,45,140,201,CD 613,,,Plein jour,Hors agglomération,Intersection en T,Normale,Deux véhicules - côté,,,,,,,,,,,1,1,3,1,3
200600051006,0006-09-20 15:00:00,6,9,20,15,0,140,654,,49.034,-0.056,Crépuscule ou aube,Hors agglomération,Hors intersection,Normale,Deux véhicules - frontale,,,,,,,,,,,2,1,1,1,1
200600051007,0006-09-20 06:45:00,6,9,20,6,45,140,654,,49.031,-0.053,Crépuscule ou aube,Hors agglomération,Hors intersection,Normale,Deux véhicules - frontale,,,,,,,,,,,2,1,1,1,1
200600051008,0006-09-07 18:30:00,6,9,7,18,30,140,615,,49.01,0.184,Plein jour,Hors agglomération,Hors intersection,Normale,Sans collision,,,,,,,,,,,1,1,1,1,7
200600051009,0006-09-24 11:45:00,6,9,24,11,45,140,578,,,,Plein jour,Hors agglomération,Hors intersection,Normale,Deux véhicules - arrière,,,,,,,,,,,1,1,1,1,2
200600051010,0006-09-29 21:00:00,6,9,29,21,0,140,131,,,,Nuit sans éclairage public,Hors agglomération,Hors intersection,Normale,Autre collision,,,,,,,,,,,3,1,1,1,6
200600051011,0006-09-20 03:00:00,6,9,20,3,0,140,754,Rue du général De Gaulle,49.324,-0.004,Nuit avec éclairage allumé,En agglomération,Hors intersection,Normale,Sans collision,,,,,,,,,,,5,2,1,1,7
200600051012,0006-09-10 09:00:00,6,9,10,9,0,140,127,,,,Plein jour,Hors agglomération,Hors intersection,Normale,Deux véhicules - côté,,,,,,,,,,,1,1,1,1,3
200600051013,0006-09-14 09:15:00,6,9,14,9,15,140,730,,48.867,-0.84,Plein jour,Hors agglomération,Hors intersection,Pluie forte,Deux véhicules - frontale,,,,,,,,,,,1,1,1,3,1
200600051014,0006-09-23 08:45:00,6,9,23,8,45,140,762,Rue Emile Desvaux,48.841,-0.882,Plein jour,En agglomération,Hors intersection,Temps éblouissant,Autre collision,,,,,,,,,,,1,2,1,7,6
200600051015,0006-09-01 11:45:00,6,9,1,11,45,140,174,RUE ST MARTIN CD 562,,,Plein jour,En agglomération,Intersection en X,Normale,Deux véhicules - frontale,,,,,,,,,,,1,2,2,1,1
200600051016,0006-09-07 14:45:00,6,9,7,14,45,140,357,,,,Plein jour,Hors agglomération,Hors intersection,Normale,Autre collision,,,,,,,,,,,1,1,1,1,6
200600051017,0006-09-11 10:00:00,6,9,11,10,0,140,650,,,,Plein jour,Hors agglomération,Hors intersection,Normale,Deux véhicules - arrière,,,,,,,,,,,1,1,1,1,2
200600051018,0006-09-24 12:00:00,6,9,24,12,0,500,48,,48.867,-1.166,Plein jour,Hors agglomération,Hors intersection,Normale,Sans collision,,,,,,,,,,,1,1,1,1,7
200600051019,0006-09-23 18:45:00,6,9,23,18,45,500,338,,,,Plein jour,Hors agglomération,Hors intersection,Normale,Sans collision,,,,,,,,,,,1,1,1,1,7
200600051020,0006-09-21 17:30:00,6,9,21,17,30,500,458,,,,Plein jour,Hors agglomération,Hors intersection,Normale,Autre collision,,,,,,,,,,,1,1,1,1,6
200600051021,0006-09-29 19:45:00,6,9,29,19,45,500,248,,49.197,-1.19,Plein jour,Hors agglomération,Intersection en X,Normale,Deux véhicules - côté,,,,,,,,,,,1,1,2,1,3
200600051022,0006-09-14 07:30:00,6,9,14,7,30,500,224,,48.972,-0.946,Crépuscule ou aube,Hors agglomération,Giratoire,Pluie légère,Deux véhicules - côté,,,,,,,,,,,2,1,6,2,3
200600051023,0006-09-17 06:00:00,6,9,17,6,0,500,224,le Saussey,,,Nuit sans éclairage public,Hors agglomération,Hors intersection,Normale,Sans collision,,,,,,,,,,,3,1,1,1,7
200600051024,0006-09-03 23:15:00,6,9,3,23,15,500,38,14 rue St Georges,,,Nuit sans éclairage public,En agglomération,Hors intersection,Temps couvert,Autre collision,,,,,,,,,,,3,2,1,8,6
200600051025,0006-09-10 16:00:00,6,9,10,16,0,500,199,RD 911 route de Dragey,48.693,-1.479,Plein jour,En agglomération,Hors intersection,Normale,Deux véhicules - côté,,,,,,,,,,,1,2,1,1,3
200600051026,0006-09-14 10:45:00,6,9,14,10,45,500,590,,48.803,-1.319,Plein jour,Hors agglomération,Hors intersection,Temps couvert,Deux véhicules - frontale,,,,,,,,,,,1,1,1,8,1
200600051027,0006-09-17 05:30:00,6,9,17,5,30,500,410,,48.567,-1.517,Nuit sans éclairage public,Hors agglomération,Hors intersection,Normale,Deux véhicules - frontale,,,,,,,,,,,3,1,1,1,1
200600051028,0006-09-26 10:15:00,6,9,26,10,15,500,639,place des chevalliers de,48.842,-1.222,Plein jour,En agglomération,Hors intersection,Temps éblouissant,Autre collision,,,,,,,,,,,1,2,1,7,6
200600051029,0006-09-30 11:15:00,6,9,30,11,15,500,262,la planche colombel,,,Plein jour,Hors agglomération,Hors intersection,Normale,Deux véhicules - frontale,,,,,,,,,,,1,1,1,1,1
200600051030,0006-09-08 07:45:00,6,9,8,7,45,500,643,,,,Plein jour,Hors agglomération,Intersection en X,Normale,Deux véhicules - côté,,,,,,,,,,,1,1,2,1,3
200600051031,0006-09-12 05:45:00,6,9,12,5,45,500,41,,49.676,-1.855,Nuit sans éclairage public,Hors agglomération,Hors intersection,Normale,Autre collision,,,,,,,,,,,3,1,1,1,6
200600051032,0006-09-01 16:50:00,6,9,1,16,50,500,580,La Route,,,Plein jour,Hors agglomération,Hors intersection,Normale,Deux véhicules - arrière,,,,,,,,,,,1,1,1,1,2
200600051033,0006-09-15 14:00:00,6,9,15,14,0,500,402,Le Clos Faudais,49.514,-1.811,Plein jour,En agglomération,Intersection en X,Normale,Deux véhicules - côté,,,,,,,,,,,1,2,2,1,3
200600051034,0006-09-19 17:45:00,6,9,19,17,45,500,551,La Griffonnerie,,,Plein jour,En agglomération,Hors intersection,Temps éblouissant,Deux véhicules - frontale,,,,,,,,,,,1,2,1,7,1
200600051035,0006-09-22 23:30:00,6,9,22,23,30,500,387,,,,Nuit sans éclairage public,Hors agglomération,Hors intersection,Normale,Sans collision,,,,,,,,,,,3,1,1,1,7
200600051036,0006-09-12 15:15:00,6,9,12,15,15,500,196,,49.679,-1.272,Plein jour,Hors agglomération,Hors intersection,Normale,Deux véhicules - côté,,,,,,,,,,,1,1,1,1,3
200600051037,0006-09-10 01:45:00,6,9,10,1,45,500,81,AVENUE DE JERSEY,,,Nuit avec éclairage allumé,Hors agglomération,Hors intersection,Normale,Autre collision,,,,,,,,,,,5,1,1,1,6
200600051038,0006-09-23 12:15:00,6,9,23,12,15,500,419,,48.979,-1.482,Plein jour,Hors agglomération,Hors intersection,Normale,Deux véhicules - côté,,,,,,,,,,,1,1,1,1,3
200600051039,0006-09-08 16:45:00,6,9,8,16,45,500,198,,49.136,-1.56,Plein jour,Hors agglomération,Hors intersection,Normale,Sans collision,,,,,,,,,,,1,1,1,1,7
200600051040,0006-09-10 01:00:00,6,9,10,1,0,500,482,rue de Flandre,49.235,-1.642,Nuit sans éclairage public,En agglomération,Hors intersection,Normale,Autre collision,,,,,,,,,,,3,2,1,1,6
200600051041,0006-09-24 11:45:00,6,9,24,11,45,500,415,Le bourg,,,Plein jour,En agglomération,Hors intersection,Normale,Autre collision,,,,,,,,,,,1,2,1,1,6
200600051042,0006-09-30 20:45:00,6,9,30,20,45,500,394,,,,Nuit sans éclairage public,Hors agglomération,Hors intersection,Normale,Deux véhicules - arrière,,,,,,,,,,,3,1,1,1,2
200600051043,0006-09-07 17:20:00,6,9,7,17,20,500,381,La Chardonnière,48.587,-0.971,Plein jour,Hors agglomération,Hors intersection,Normale,Sans collision,,,,,,,,,,,1,1,1,1,7
200600051044,0006-09-20 08:45:00,6,9,20,8,45,500,582,"lieu-dit "" Rougemont""",48.736,-0.907,Plein jour,Hors agglomération,Hors intersection,Normale,Sans collision,,,,,,,,,,,1,1,1,1,7
200600051045,0006-09-26 16:15:00,6,9,26,16,15,500,195,le bourg,,,Plein jour,En agglomération,Intersection en X,Normale,Deux véhicules - côté,,,,,,,,,,,1,2,2,1,3
200600051046,0006-09-23 08:30:00,6,9,23,8,30,500,274,,,,Plein jour,Hors agglomération,Hors intersection,Normale,Deux véhicules - côté,,,,,,,,,,,1,1,1,1,3
200600051047,0006-09-28 16:00:00,6,9,28,16,0,500,484,Rue Riffaudière,,,Plein jour,En agglomération,Hors intersection,Normale,Deux véhicules - frontale,,,,,,,,,,,1,2,1,1,1
200600051048,0006-09-27 14:30:00,6,9,27,14,30,610,80,ersection RD 2 et RD 908,,,Plein jour,Hors agglomération,Intersection en T,Normale,Deux véhicules - côté,,,,,,,,,,,1,1,3,1,3
200600051049,0006-09-23 15:15:00,6,9,23,15,15,610,415,,48.509,0.314,Plein jour,Hors agglomération,Hors intersection,Normale,Deux véhicules - côté,,,,,,,,,,,1,1,1,1,3
200600051050,0006-09-24 15:00:00,6,9,24,15,0,610,331,D236,,,Plein jour,Hors agglomération,Hors intersection,Normale,Autre collision,,,,,,,,,,,1,1,1,1,6
200600051051,0006-09-09 12:15:00,6,9,9,12,15,610,14,,,,Plein jour,Hors agglomération,Hors intersection,Normale,Deux véhicules - frontale,,,,,,,,,,,1,1,1,1,1
200600051052,0006-09-09 11:15:00,6,9,9,11,15,610,198,,48.908,0.209,Plein jour,Hors agglomération,Intersection en T,Normale,Deux véhicules - côté,,,,,,,,,,,1,1,3,1,3
200600051053,0006-09-10 10:45:00,6,9,10,10,45,610,83,,,,Plein jour,Hors agglomération,Hors intersection,Normale,Deux véhicules - frontale,,,,,,,,,,,1,1,1,1,1
200600051054,0006-09-10 15:30:00,6,9,10,15,30,610,508,RUE AUGUSTIN GAVIN,,,Plein jour,En agglomération,Hors intersection,Normale,Deux véhicules - frontale,,,,,,,,,,,1,2,1,1,1
200600051055,0006-09-19 06:30:00,6,9,19,6,30,610,283,,,,Nuit sans éclairage public,Hors agglomération,Hors intersection,Pluie légère,Deux véhicules - côté,,,,,,,,,,,3,1,1,2,3
200600051056,0006-09-25 13:25:00,6,9,25,13,25,610,303,ERSECTION CD 958 ET CD29,,,Plein jour,Hors agglomération,Hors intersection,Normale,Trois véhicules et plus - collisions multiples,,,,,,,,,,,1,1,1,1,5
200600051057,0006-09-01 15:00:00,6,9,1,15,0,610,294,,,,Plein jour,Hors agglomération,Hors intersection,Normale,Deux véhicules - côté,,,,,,,,,,,1,1,1,1,3
200600051058,0006-09-20 08:15:00,6,9,20,8,15,610,63,route de la ferté macé,48.7,-0.362,Plein jour,En agglomération,Hors intersection,Normale,Deux véhicules - frontale,,,,,,,,,,,1,2,1,1,1
200600051059,0006-09-02 20:30:00,6,9,2,20,30,610,24,Les Quatre Journées,,,Plein jour,Hors agglomération,Hors intersection,Normale,Deux véhicules - côté,,,,,,,,,,,1,1,1,1,3
200600051060,0006-09-10 13:00:00,6,9,10,13,0,610,421,"""L'oisellerie""",,,Plein jour,Hors agglomération,Hors intersection,Normale,Deux véhicules - frontale,,,,,,,,,,,1,1,1,1,1
200600051061,0006-09-13 17:45:00,6,9,13,17,45,610,163,,48.655,-0.503,Plein jour,Hors agglomération,Hors intersection,Pluie légère,Deux véhicules - frontale,,,,,,,,,,,1,1,1,2,1
200600051062,0006-09-03 21:30:00,6,9,3,21,30,610,168,Avenue président Coty,,,Nuit avec éclairage allumé,En agglomération,Hors intersection,Temps couvert,Deux véhicules - côté,,,,,,,,,,,5,2,1,8,3
200600051063,0006-09-05 15:00:00,6,9,5,15,0,610,440,"Lieu dit ""Le Parc""",48.739,0.647,Plein jour,Hors agglomération,Hors intersection,Normale,Deux véhicules - frontale,,,,,,,,,,,1,1,1,1,1
200600051064,0006-09-26 07:00:00,6,9,26,7,0,610,423,CD 930,,,Crépuscule ou aube,Hors agglomération,Hors intersection,Normale,Deux véhicules - frontale,,,,,,,,,,,2,1,1,1,1
200600051065,0006-09-08 11:10:00,6,9,8,11,10,610,247,Le moulin des sablons,,,Plein jour,Hors agglomération,Hors intersection,Normale,Deux véhicules - frontale,,,,,,,,,,,1,1,1,1,1
200600051066,0006-09-26 17:15:00,6,9,26,17,15,440,26,RUE JULES VERNE,47.299,-1.492,Plein jour,En agglomération,Hors intersection,Normale,Autre collision,,,,,,,,,,,1,2,1,1,6
200600051067,0006-09-01 08:00:00,6,9,1,8,0,440,81,RUE DU BOCAGE,46.89,-1.608,Plein jour,En agglomération,Hors intersection,Normale,Deux véhicules - côté,,,,,,,,,,,1,2,1,1,3
200600051068,0006-09-05 14:15:00,6,9,5,14,15,440,215,Route de PONT ST MARTIN,,,Plein jour,Hors agglomération,Hors intersection,Normale,Deux véhicules - arrière,,,,,,,,,,,1,1,1,1,2
200600051069,0006-09-10 19:45:00,6,9,10,19,45,440,159,,,,Plein jour,Hors agglomération,Hors intersection,Normale,Sans collision,,,,,,,,,,,1,1,1,1,7
200600051070,0006-09-11 19:25:00,6,9,11,19,25,440,198,RUE DES LAURIERS,,,Plein jour,En agglomération,Giratoire,Normale,Deux véhicules - côté,,,,,,,,,,,1,2,6,1,3
200600051071,0006-09-21 08:00:00,6,9,21,8,0,440,198,Rue de Nantes,,,Plein jour,En agglomération,Hors intersection,Normale,Autre collision,,,,,,,,,,,1,2,1,1,6
200600051072,0006-09-21 08:50:00,6,9,21,8,50,440,215,four au lieu-dit l'épeau,,,Plein jour,Hors agglomération,Intersection en X,Normale,Deux véhicules - côté,,,,,,,,,,,1,1,2,1,3
200600051073,0006-09-19 18:45:00,6,9,19,18,45,440,180,RUE D'ANJOU,47.529,-1.182,Plein jour,En agglomération,Hors intersection,Normale,Deux véhicules - arrière,,,,,,,,,,,1,2,1,1,2
200600051074,0006-09-23 21:15:00,6,9,23,21,15,440,4,"ieu-dit "" la barbinière""",,,Nuit avec éclairage allumé,Hors agglomération,Intersection en X,Pluie légère,Deux véhicules - côté,,,,,,,,,,,5,1,2,2,3
200600051075,0006-09-10 21:30:00,6,9,10,21,30,440,84,rue de la roseraie,,,Nuit sans éclairage public,En agglomération,Hors intersection,Normale,Autre collision,,,,,,,,,,,3,2,1,1,6
200600051076,0006-09-09 18:30:00,6,9,9,18,30,440,84,,,,Plein jour,Hors agglomération,Intersection en X,Normale,Deux véhicules - côté,,,,,,,,,,,1,1,2,1,3
200600051077,0006-09-12 10:30:00,6,9,12,10,30,440,212,ard d'Allemagne Fédérale,,,Plein jour,En agglomération,Hors intersection,Temps couvert,Deux véhicules - frontale,,,,,,,,,,,1,2,1,8,1
200600051078,0006-09-10 06:00:00,6,9,10,6,0,440,107,,47.429,-1.345,Nuit sans éclairage public,Hors agglomération,Hors intersection,Normale,Autre collision,,,,,,,,,,,3,1,1,1,6
200600051079,0006-09-23 11:30:00,6,9,23,11,30,440,107,,47.424,-1.292,Plein jour,Hors agglomération,Hors intersection,Normale,Deux véhicules - arrière,,,,,,,,,,,1,1,1,1,2
200600051080,0006-09-01 16:00:00,6,9,1,16,0,440,99,La Chaussée,,,Plein jour,Hors agglomération,Hors intersection,Normale,Autre collision,,,,,,,,,,,1,1,1,1,6
200600051081,0006-09-09 16:15:00,6,9,9,16,15,440,146,,47.764,-1.421,Plein jour,Hors agglomération,Hors intersection,Normale,Deux véhicules - côté,,,,,,,,,,,1,1,1,1,3
200600051082,0006-09-15 16:45:00,6,9,15,16,45,440,99,,47.672,-1.38,Plein jour,Hors agglomération,Intersection en X,Pluie légère,Deux véhicules - frontale,,,,,,,,,,,1,1,2,2,1
200600051083,0006-09-16 11:00:00,6,9,16,11,0,440,99,carrefour de Malabry,47.624,-1.378,Plein jour,En agglomération,Hors intersection,Normale,Deux véhicules - côté,,,,,,,,,,,1,2,1,1,3
200600051084,0006-09-22 13:45:00,6,9,22,13,45,440,36,rue de l'europe,,,Plein jour,En agglomération,Hors intersection,Normale,Sans collision,,,,,,,,,,,1,2,1,1,7
200600051085,0006-09-02 09:30:00,6,9,2,9,30,440,44,,47.667,-1.779,Plein jour,Hors agglomération,Hors intersection,Normale,Autre collision,,,,,,,,,,,1,1,1,1,6
200600051086,0006-09-02 07:55:00,6,9,2,7,55,440,73,le boulay,,,Plein jour,Hors agglomération,Hors intersection,Normale,Sans collision,,,,,,,,,,,1,1,1,1,7