accident_id,datetime,annee,mois,jour,heure,minute,departement,commune_insee,adresse,latitude,longitude,luminosite,agglomeration,intersection,meteo,collision,nb_vehicules,nb_usagers,nb_indemnes,nb_tues,nb_blesses_hosp,nb_blesses_legers,age_cond_1,age_cond_2,veh_type_cond_1,veh_type_cond_2,lum_code,agg_code,int_code,atm_code,col_code
200600051087,0006-09-09 19:30:00,6,9,9,19,30,440,122,CD178,,,Plein jour,Hors agglomération,Intersection en T,Normale,Deux véhicules - côté,,,,,,,,,,,1,1,3,1,3
200600051088,0006-09-12 23:00:00,6,9,12,23,0,440,86,Le Surget,,,Nuit sans éclairage public,Hors agglomération,Hors intersection,Brouillard / fumée,Autre collision,,,,,,,,,,,3,1,1,5,6
200600051089,0006-09-16 16:50:00,6,9,16,16,50,440,51,La croix marchand,,,Plein jour,En agglomération,Hors intersection,Normale,Deux véhicules - côté,,,,,,,,,,,1,2,1,1,3
200600051090,0006-09-10 06:45:00,6,9,10,6,45,440,130,,47.11,-1.593,Nuit sans éclairage public,Hors agglomération,Hors intersection,Normale,Deux véhicules - frontale,,,,,,,,,,,3,1,1,1,1
200600051091,0006-09-15 07:45:00,6,9,15,7,45,440,18,Rue Charles LINDBERG,47.16,-1.601,Crépuscule ou aube,En agglomération,Hors intersection,Normale,Deux véhicules - arrière,,,,,,,,,,,2,2,1,1,2
200600051092,0006-09-23 22:00:00,6,9,23,22,0,440,18,Rue des Treilles,47.151,-1.701,Nuit avec éclairage allumé,En agglomération,Hors intersection,Pluie légère,Autre collision,,,,,,,,,,,5,2,1,2,6
200600051093,0006-09-09 17:45:00,6,9,9,17,45,440,131,"lieu dit ""Le Chatelier""",47.117,-2.03,Plein jour,Hors agglomération,Hors intersection,Normale,Trois véhicules et plus - collisions multiples,,,,,,,,,,,1,1,1,1,5
200600051094,0006-09-06 15:40:00,6,9,6,15,40,440,187,LA HARDIERE CD 58,,,Plein jour,Hors agglomération,Hors intersection,Normale,Trois véhicules et plus - collisions multiples,,,,,,,,,,,1,1,1,1,5
200600051095,0006-09-09 16:30:00,6,9,9,16,30,440,87,,46.987,-1.903,Plein jour,Hors agglomération,Intersection en X,Normale,Deux véhicules - frontale,,,,,,,,,,,1,1,2,1,1
200600051096,0006-09-29 07:45:00,6,9,29,7,45,440,186,,,,Plein jour,Hors agglomération,Hors intersection,Normale,Deux véhicules - côté,,,,,,,,,,,1,1,1,1,3
200600051097,0006-09-22 15:30:00,6,9,22,15,30,440,47,Place Daniel MEYER,47.22,-1.681,Plein jour,En agglomération,Giratoire,Normale,Autre collision,,,,,,,,,,,1,2,6,1,6
200600051098,0006-09-01 18:45:00,6,9,1,18,45,440,175,Kerhinet,,,Plein jour,Hors agglomération,Intersection en X,Normale,Deux véhicules - côté,,,,,,,,,,,1,1,2,1,3
200600051099,0006-09-01 13:15:00,6,9,1,13,15,440,69,,47.304,-2.385,Plein jour,Hors agglomération,Hors intersection,Normale,Deux véhicules - côté,,,,,,,,,,,1,1,1,1,3
200600051100,0006-09-05 09:30:00,6,9,5,9,30,440,69,CD 774,47.3,-2.433,Plein jour,Hors agglomération,Intersection en X,Normale,Deux véhicules - frontale,,,,,,,,,,,1,1,2,1,1
200600051101,0006-09-17 04:45:00,6,9,17,4,45,440,69,,,,Nuit sans éclairage public,Hors agglomération,Hors intersection,Normale,Sans collision,,,,,,,,,,,3,1,1,1,7
200600051102,0006-09-10 22:15:00,6,9,10,22,15,440,103,,,,Nuit sans éclairage public,Hors agglomération,Hors intersection,Normale,Autre collision,,,,,,,,,,,3,1,1,1,6
200600051103,0006-09-22 16:45:00,6,9,22,16,45,440,103,rue jules verne,,,Plein jour,En agglomération,Hors intersection,Normale,Autre collision,,,,,,,,,,,1,2,1,1,6
200600051104,0006-09-09 10:30:00,6,9,9,10,30,440,161,Rue de Bel air,,,Plein jour,En agglomération,Hors intersection,Temps éblouissant,Deux véhicules - frontale,,,,,,,,,,,1,2,1,7,1
200600051105,0006-09-26 16:30:00,6,9,26,16,30,440,98,,47.507,-2.127,Plein jour,Hors agglomération,Hors intersection,Normale,Deux véhicules - côté,,,,,,,,,,,1,1,1,1,3
200600051106,0006-09-02 10:30:00,6,9,2,10,30,440,25,"dit ""La Gicquelais"" D 17",,,Plein jour,Hors agglomération,Hors intersection,Normale,Deux véhicules - frontale,,,,,,,,,,,1,1,1,1,1
200600051107,0006-09-16 16:30:00,6,9,16,16,30,440,33,"RN165, PK 39",,,Plein jour,Hors agglomération,Hors intersection,Normale,Sans collision,,,,,,,,,,,1,1,1,1,7
200600051108,0006-09-27 06:45:00,6,9,27,6,45,440,33,Rue de l'Ebaupin,,,Nuit avec éclairage allumé,En agglomération,Hors intersection,Normale,Deux véhicules - arrière,,,,,,,,,,,5,2,1,1,2
200600051109,0006-09-09 18:15:00,6,9,9,18,15,490,35,,47.429,-0.613,Plein jour,Hors agglomération,Hors intersection,Normale,Deux véhicules - arrière,,,,,,,,,,,1,1,1,1,2
200600051110,0006-09-19 15:15:00,6,9,19,15,15,490,278,,47.424,-0.593,Plein jour,Hors agglomération,Hors intersection,Normale,Deux véhicules - frontale,,,,,,,,,,,1,1,1,1,1
200600051111,0006-09-22 13:15:00,6,9,22,13,15,490,21,,,,Plein jour,Hors agglomération,Intersection en T,Normale,Deux véhicules - côté,,,,,,,,,,,1,1,3,1,3
200600051112,0006-09-24 13:50:00,6,9,24,13,50,490,49,Rue du Tertre,47.447,-0.155,Plein jour,En agglomération,Hors intersection,Pluie légère,Autre collision,,,,,,,,,,,1,2,1,2,6
200600051113,0006-09-29 15:15:00,6,9,29,15,15,490,194,,47.492,-0.275,Plein jour,Hors agglomération,Hors intersection,Pluie légère,Autre collision,,,,,,,,,,,1,1,1,2,6
200600051114,0006-09-01 12:00:00,6,9,1,12,0,490,363,,47.327,-0.497,Plein jour,Hors agglomération,Hors intersection,Normale,Deux véhicules - côté,,,,,,,,,,,1,1,1,1,3
200600051115,0006-09-06 18:00:00,6,9,6,18,0,490,78,,47.34,-0.428,Plein jour,Hors agglomération,Intersection en X,Temps éblouissant,Deux véhicules - côté,,,,,,,,,,,1,1,2,7,3
200600051116,0006-09-29 19:30:00,6,9,29,19,30,490,222,,,,Crépuscule ou aube,Hors agglomération,Hors intersection,Pluie légère,Deux véhicules - côté,,,,,,,,,,,2,1,1,2,3
200600051117,0006-09-01 23:30:00,6,9,1,23,30,490,238,Route de Paris - RN23,47.517,-0.462,Nuit avec éclairage allumé,En agglomération,Hors intersection,Normale,Sans collision,,,,,,,,,,,5,2,1,1,7
200600051118,0006-09-03 10:15:00,6,9,3,10,15,490,129,LE PONT AUX FILLES,,,Plein jour,Hors agglomération,Hors intersection,Temps couvert,Sans collision,,,,,,,,,,,1,1,1,8,7
200600051119,0006-09-06 13:00:00,6,9,6,13,0,490,323,,47.545,-0.487,Plein jour,Hors agglomération,Hors intersection,Normale,Deux véhicules - arrière,,,,,,,,,,,1,1,1,1,2
200600051120,0006-09-10 06:00:00,6,9,10,6,0,490,110,la maison neuve,,,Nuit sans éclairage public,En agglomération,Hors intersection,Normale,Trois véhicules et plus - collisions multiples,,,,,,,,,,,3,2,1,1,5
200600051121,0006-09-09 03:30:00,6,9,9,3,30,490,281,,47.169,-0.754,Nuit sans éclairage public,Hors agglomération,Hors intersection,Normale,Deux véhicules - côté,,,,,,,,,,,3,1,1,1,3
200600051122,0006-09-22 22:30:00,6,9,22,22,30,490,375,Rue de Vendée,47.15,-1.063,Nuit avec éclairage allumé,En agglomération,Giratoire,Normale,Deux véhicules - côté,,,,,,,,,,,5,2,6,1,3
200600051123,0006-09-27 14:45:00,6,9,27,14,45,490,23,Rue St Martin,47.208,-0.982,Plein jour,En agglomération,Hors intersection,Normale,Autre collision,,,,,,,,,,,1,2,1,1,6
200600051124,0006-09-15 11:10:00,6,9,15,11,10,490,299,carrefour D63 et VC 4,,,Plein jour,Hors agglomération,Hors intersection,Pluie légère,Deux véhicules - côté,,,,,,,,,,,1,1,1,2,3
200600051125,0006-09-25 08:30:00,6,9,25,8,30,490,301,Bld du Général de Gaulle,,,Plein jour,En agglomération,Hors intersection,Temps éblouissant,Deux véhicules - frontale,,,,,,,,,,,1,2,1,7,1
200600051126,0006-09-26 10:15:00,6,9,26,10,15,490,264,,,,Plein jour,Hors agglomération,Intersection en X,Normale,Deux véhicules - côté,,,,,,,,,,,1,1,2,1,3
200600051127,0006-09-09 21:15:00,6,9,9,21,15,490,313,AVENUE DE L EVRE,,,Nuit avec éclairage allumé,En agglomération,Hors intersection,Normale,Deux véhicules - frontale,,,,,,,,,,,5,2,1,1,1
200600051128,0006-09-10 12:00:00,6,9,10,12,0,490,313,CD 1,,,Plein jour,En agglomération,Hors intersection,Normale,Sans collision,,,,,,,,,,,1,2,1,1,7
200600051129,0006-09-12 08:30:00,6,9,12,8,30,490,218,Rue St Nicolas,,,Crépuscule ou aube,En agglomération,Hors intersection,Temps couvert,Autre collision,,,,,,,,,,,2,2,1,8,6
200600051130,0006-09-17 07:30:00,6,9,17,7,30,490,360,,,,Plein jour,Hors agglomération,Hors intersection,Normale,Sans collision,,,,,,,,,,,1,1,1,1,7
200600051131,0006-09-27 13:00:00,6,9,27,13,0,490,324,,47.251,-0.99,Plein jour,Hors agglomération,Hors intersection,Normale,Sans collision,,,,,,,,,,,1,1,1,1,7
200600051132,0006-09-09 18:15:00,6,9,9,18,15,490,261,,47.373,-0.238,Plein jour,Hors agglomération,Hors intersection,Normale,Deux véhicules - côté,,,,,,,,,,,1,1,1,1,3
200600051133,0006-09-24 15:45:00,6,9,24,15,45,490,364,de la fontaine blanche,,,Plein jour,En agglomération,Hors intersection,Pluie légère,Deux véhicules - côté,,,,,,,,,,,1,2,1,2,3
200600051134,0006-09-02 12:45:00,6,9,2,12,45,490,344,"""la haute monière""",,,Plein jour,Hors agglomération,Hors intersection,Normale,Deux véhicules - côté,,,,,,,,,,,1,1,1,1,3
200600051135,0006-09-06 13:00:00,6,9,6,13,0,490,249,,47.567,-0.814,Plein jour,Hors agglomération,Hors intersection,Normale,Autre collision,,,,,,,,,,,1,1,1,1,6
200600051136,0006-09-13 16:30:00,6,9,13,16,30,490,176,,,,Crépuscule ou aube,Hors agglomération,Hors intersection,Brouillard / fumée,Deux véhicules - frontale,,,,,,,,,,,2,1,1,5,1
200600051137,0006-09-22 15:20:00,6,9,22,15,20,490,217,"""la roussière""",,,Plein jour,Hors agglomération,Hors intersection,Normale,Autre collision,,,,,,,,,,,1,1,1,1,6
200600051138,0006-09-25 17:00:00,6,9,25,17,0,490,183,,47.549,-0.967,Plein jour,Hors agglomération,Hors intersection,Normale,Autre collision,,,,,,,,,,,1,1,1,1,6
200600051139,0006-09-21 21:30:00,6,9,21,21,30,490,80,"bry, route de Brissarthe",,,Nuit sans éclairage public,Hors agglomération,Hors intersection,Pluie légère,Autre collision,,,,,,,,,,,3,1,1,2,6
200600051140,0006-09-25 17:00:00,6,9,25,17,0,530,97,BD DE TASSIGNY,48.15,-0.391,Plein jour,En agglomération,Giratoire,Pluie forte,Autre collision,,,,,,,,,,,1,2,6,3,6
200600051141,0006-09-22 11:30:00,6,9,22,11,30,530,62,Face  Aire Gens  Voyage,47.832,-0.723,Plein jour,En agglomération,Hors intersection,Temps couvert,Sans collision,,,,,,,,,,,1,2,1,8,7
200600051142,0006-09-30 18:15:00,6,9,30,18,15,530,215,,,,Plein jour,Hors agglomération,Hors intersection,Normale,Deux véhicules - frontale,,,,,,,,,,,1,1,1,1,1
200600051143,0006-09-05 17:15:00,6,9,5,17,15,530,144,,48.318,-0.477,Plein jour,Hors agglomération,Hors intersection,Normale,Trois véhicules et plus - collisions multiples,,,,,,,,,,,1,1,1,1,5
200600051144,0006-09-09 23:55:00,6,9,9,23,55,530,147,813 bld Paul Lintier,48.313,-0.605,Nuit avec éclairage allumé,En agglomération,Hors intersection,Normale,Autre collision,,,,,,,,,,,5,2,1,1,6
200600051145,0006-09-14 16:30:00,6,9,14,16,30,530,195,,48.172,-0.683,Plein jour,Hors agglomération,Hors intersection,Normale,Deux véhicules - frontale,,,,,,,,,,,1,1,1,1,1
200600051146,0006-09-21 16:35:00,6,9,21,16,35,530,147,ROULOIS -quai waiblingen,,,Plein jour,En agglomération,Hors intersection,Normale,Deux véhicules - côté,,,,,,,,,,,1,2,1,1,3
200600051147,0006-09-05 22:15:00,6,9,5,22,15,530,127,,48.453,-0.466,Nuit sans éclairage public,Hors agglomération,Hors intersection,Normale,Deux véhicules - frontale,,,,,,,,,,,3,1,1,1,1
200600051148,0006-09-17 18:00:00,6,9,17,18,0,530,246,,48.405,-0.108,Plein jour,Hors agglomération,Hors intersection,Normale,Autre collision,,,,,,,,,,,1,1,1,1,6
200600051149,0006-09-28 18:15:00,6,9,28,18,15,530,185,,,,Plein jour,Hors agglomération,Hors intersection,Normale,Deux véhicules - arrière,,,,,,,,,,,1,1,1,1,2
200600051150,0006-09-30 17:15:00,6,9,30,17,15,530,80,rue magdeleine,48.487,-0.295,Plein jour,En agglomération,Hors intersection,Pluie légère,Autre collision,,,,,,,,,,,1,2,1,2,6
200600051151,0006-09-03 00:30:00,6,9,3,0,30,720,231,,47.942,0.348,Nuit sans éclairage public,Hors agglomération,Hors intersection,Normale,Sans collision,,,,,,,,,,,3,1,1,1,7
200600051152,0006-09-02 20:00:00,6,9,2,20,0,720,287,lieu-dit La Brardière,,,Plein jour,Hors agglomération,Intersection en X,Normale,Trois véhicules et plus - collisions multiples,,,,,,,,,,,1,1,2,1,5
200600051153,0006-09-13 08:15:00,6,9,13,8,15,720,8,rue des collèges,47.936,0.186,Plein jour,En agglomération,Hors intersection,Normale,Deux véhicules - frontale,,,,,,,,,,,1,2,1,1,1
200600051154,0006-09-03 00:30:00,6,9,3,0,30,720,269,,,,Nuit sans éclairage public,Hors agglomération,Hors intersection,Normale,Autre collision,,,,,,,,,,,3,1,1,1,6
200600051155,0006-09-22 22:20:00,6,9,22,22,20,720,35,La Braye,,,Nuit sans éclairage public,Hors agglomération,Hors intersection,Brouillard / fumée,Autre collision,,,,,,,,,,,3,1,1,5,6
200600051156,0006-09-06 19:15:00,6,9,6,19,15,720,165,,,,Plein jour,Hors agglomération,Hors intersection,Normale,Autre collision,,,,,,,,,,,1,1,1,1,6
200600051157,0006-09-08 09:00:00,6,9,8,9,0,720,386,,48.015,0.284,Plein jour,Hors agglomération,Hors intersection,Normale,Deux véhicules - côté,,,,,,,,,,,1,1,1,1,3
200600051158,0006-09-29 16:25:00,6,9,29,16,25,720,90,les grassières,,,Plein jour,Hors agglomération,Hors intersection,Pluie légère,Deux véhicules - arrière,,,,,,,,,,,1,1,1,2,2
200600051159,0006-09-08 16:45:00,6,9,8,16,45,720,360,,,,Plein jour,Hors agglomération,Hors intersection,Normale,Deux véhicules - côté,,,,,,,,,,,1,1,1,1,3
200600051160,0006-09-14 12:30:00,6,9,14,12,30,720,168,rue du Général Dunlap,,,Plein jour,En agglomération,Hors intersection,Normale,Deux véhicules - frontale,,,,,,,,,,,1,2,1,1,1
200600051161,0006-09-21 17:45:00,6,9,21,17,45,720,70,La GROIE,,,Plein jour,Hors agglomération,Hors intersection,Normale,Trois véhicules et plus - collisions multiples,,,,,,,,,,,1,1,1,1,5
200600051162,0006-09-07 21:15:00,6,9,7,21,15,720,376,,47.877,0.508,Nuit sans éclairage public,Hors agglomération,Hors intersection,Normale,Deux véhicules - frontale,,,,,,,,,,,3,1,1,1,1
200600051163,0006-09-15 04:00:00,6,9,15,4,0,720,161,,,,Nuit sans éclairage public,Hors agglomération,Hors intersection,Normale,Deux véhicules - frontale,,,,,,,,,,,3,1,1,1,1
200600051164,0006-09-30 13:45:00,6,9,30,13,45,720,191,43 rue du 14 juillet,,,Plein jour,En agglomération,Hors intersection,Normale,Deux véhicules - côté,,,,,,,,,,,1,2,1,1,3
200600051165,0006-09-02 13:15:00,6,9,2,13,15,720,378,CD306,,,Plein jour,Hors agglomération,Hors intersection,Normale,Deux véhicules - frontale,,,,,,,,,,,1,1,1,1,1
200600051166,0006-09-03 09:15:00,6,9,3,9,15,720,276,,48.267,0.448,Plein jour,Hors agglomération,Hors intersection,Pluie légère,Deux véhicules - frontale,,,,,,,,,,,1,1,1,2,1
200600051167,0006-09-06 18:15:00,6,9,6,18,15,720,180,Boulevard Victor Hugo,,,Plein jour,En agglomération,Hors intersection,Normale,Sans collision,,,,,,,,,,,1,2,1,1,7
200600051168,0006-09-11 20:35:00,6,9,11,20,35,720,276,La Gaudellière,,,Nuit sans éclairage public,Hors agglomération,Hors intersection,Normale,Deux véhicules - frontale,,,,,,,,,,,3,1,1,1,1
200600051169,0006-09-16 11:55:00,6,9,16,11,55,720,39,ROCADE,48.194,0.421,Plein jour,Hors agglomération,Intersection en X,Normale,Trois véhicules et plus - collisions multiples,,,,,,,,,,,1,1,2,1,5
200600051170,0006-09-15 08:30:00,6,9,15,8,30,720,67,carrefour Cd 97/ VO 7,,,Plein jour,Hors agglomération,Intersection en T,Pluie légère,Deux véhicules - côté,,,,,,,,,,,1,1,3,2,3
200600051171,0006-09-22 15:15:00,6,9,22,15,15,720,132,2 rue marceau,,,Plein jour,En agglomération,Hors intersection,Normale,Deux véhicules - côté,,,,,,,,,,,1,2,1,1,3
200600051172,0006-09-30 18:00:00,6,9,30,18,0,720,132,,48.193,0.636,Plein jour,Hors agglomération,Giratoire,Normale,Autre collision,,,,,,,,,,,1,1,6,1,6
200600051173,0006-09-09 05:30:00,6,9,9,5,30,720,34,,48.385,0.089,Nuit avec éclairage allumé,Hors agglomération,Hors intersection,Normale,Deux véhicules - arrière,,,,,,,,,,,5,1,1,1,2
200600051174,0006-09-27 06:45:00,6,9,27,6,45,720,97,,48.315,0.137,Crépuscule ou aube,Hors agglomération,Hors intersection,Normale,Autre collision,,,,,,,,,,,2,1,1,1,6
200600051175,0006-09-30 02:00:00,6,9,30,2,0,850,89,,,,Nuit avec éclairage allumé,Hors agglomération,Hors intersection,Normale,Autre collision,,,,,,,,,,,5,1,1,1,6
200600051176,0006-09-14 07:15:00,6,9,14,7,15,850,217,"LE PLANTY, Bordure RN137",,,Crépuscule ou aube,Hors agglomération,Hors intersection,Normale,Deux véhicules - frontale,,,,,,,,,,,2,1,1,1,1
200600051177,0006-09-21 05:00:00,6,9,21,5,0,850,19,Le Champ du Bois,,,Crépuscule ou aube,Hors agglomération,Hors intersection,Normale,Deux véhicules - côté,,,,,,,,,,,2,1,1,1,3
200600051178,0006-09-20 14:10:00,6,9,20,14,10,850,121,"-dit ""la hutte du bouil""",46.42,-0.96,Plein jour,Hors agglomération,Hors intersection,Temps éblouissant,Autre collision,,,,,,,,,,,1,1,1,7,6
200600051179,0006-09-09 11:50:00,6,9,9,11,50,850,131,RUE DE L EGLISE CD44,46.482,-1.22,Plein jour,En agglomération,Hors intersection,Normale,Sans collision,,,,,,,,,,,1,2,1,1,7
200600051180,0006-09-11 17:30:00,6,9,11,17,30,850,297,CD746,46.401,-1.193,Plein jour,Hors agglomération,Hors intersection,Normale,Deux véhicules - côté,,,,,,,,,,,1,1,1,1,3
200600051181,0006-09-15 17:55:00,6,9,15,17,55,850,297,CD746,46.405,-1.185,Plein jour,Hors agglomération,Hors intersection,Pluie forte,Deux véhicules - frontale,,,,,,,,,,,1,1,1,3,1
200600051182,0006-09-19 17:30:00,6,9,19,17,30,850,128,Rogade Nord de LUCON,46.472,-1.152,Plein jour,En agglomération,Intersection en X,Normale,Deux véhicules - frontale,,,,,,,,,,,1,2,2,1,1
200600051183,0006-09-06 18:30:00,6,9,6,18,30,850,133,CD 23 lieu dit Bel Air,,,Plein jour,Hors agglomération,Hors intersection,Normale,Deux véhicules - frontale,,,,,,,,,,,1,1,1,1,1
200600051184,0006-09-09 12:00:00,6,9,9,12,0,850,59,,46.646,-0.73,Plein jour,Hors agglomération,Intersection en X,Normale,Deux véhicules - côté,,,,,,,,,,,1,1,2,1,3
200600051185,0006-09-08 18:30:00,6,9,8,18,30,850,96,CD 58 la fraternité,,,Plein jour,Hors agglomération,Hors intersection,Normale,Trois véhicules et plus - collisions multiples,,,,,,,,,,,1,1,1,1,5
200600051186,0006-09-30 21:45:00,6,9,30,21,45,850,210,,,,Nuit sans éclairage public,Hors agglomération,Hors intersection,Normale,Autre collision,,,,,,,,,,,3,1,1,1,6
200600051187,0006-09-22 07:46:00,6,9,22,7,46,850,47,La Fraternité,,,Crépuscule ou aube,Hors agglomération,Hors intersection,Temps couvert,Deux véhicules - côté,,,,,,,,,,,2,1,1,8,3
200600051188,0006-09-07 17:20:00,6,9,7,17,20,850,163,rue des Douves,,,Plein jour,En agglomération,Hors intersection,Normale,Autre collision,,,,,,,,,,,1,2,1,1,6
200600051189,0006-09-06 18:30:00,6,9,6,18,30,850,83,route de noirmoutier,,,Plein jour,Hors agglomération,Hors intersection,Normale,Deux véhicules - côté,,,,,,,,,,,1,1,1,1,3
200600051190,0006-09-12 16:45:00,6,9,12,16,45,850,163,,,,Plein jour,Hors agglomération,Hors intersection,Normale,Deux véhicules - côté,,,,,,,,,,,1,1,1,1,3
200600051191,0006-09-11 21:15:00,6,9,11,21,15,850,268,,,,Nuit sans éclairage public,Hors agglomération,Hors intersection,Normale,Deux véhicules - frontale,,,,,,,,,,,3,1,1,1,1
200600051192,0006-09-29 19:00:00,6,9,29,19,0,850,70,,,,Plein jour,En agglomération,Hors intersection,Normale,Deux véhicules - frontale,,,,,,,,,,,1,2,1,1,1
200600051193,0006-09-10 21:30:00,6,9,10,21,30,850,284,lieu-dit 'Massoté',46.811,-1.881,Nuit sans éclairage public,Hors agglomération,Intersection en X,Normale,Deux véhicules - côté,,,,,,,,,,,3,1,2,1,3
200600051194,0006-09-11 20:50:00,6,9,11,20,50,850,284,Lieu-dit Le Gorgea,46.773,-1.93,Nuit sans éclairage public,Hors agglomération,Hors intersection,Normale,Deux véhicules - frontale,,,,,,,,,,,3,1,1,1,1
200600051195,0006-09-14 12:30:00,6,9,14,12,30,850,18,,,,Plein jour,Hors agglomération,Hors intersection,Normale,Deux véhicules - frontale,,,,,,,,,,,1,1,1,1,1
200600051196,0006-09-16 01:30:00,6,9,16,1,30,850,172,,,,Nuit sans éclairage public,Hors agglomération,Hors intersection,Pluie forte,Deux véhicules - frontale,,,,,,,,,,,3,1,1,3,1
200600051197,0006-09-01 13:35:00,6,9,1,13,35,850,294,avenue maurice samson,,,Plein jour,En agglomération,Hors intersection,Normale,Autre collision,,,,,,,,,,,1,2,1,1,6
200600051198,0006-09-03 04:00:00,6,9,3,4,0,330,56,Avenue du général de gau,,,Nuit avec éclairage allumé,En agglomération,Hors intersection,Normale,Autre collision,,,,,,,,,,,5,2,1,1,6
200600051199,0006-09-24 01:00:00,6,9,24,1,0,330,519,15 / avenue de la Boétie,,,Nuit sans éclairage public,En agglomération,Hors intersection,Normale,Deux véhicules - côté,,,,,,,,,,,3,2,1,1,3
200600051200,0006-09-28 07:30:00,6,9,28,7,30,330,519,,,,Plein jour,Hors agglomération,Hors intersection,Normale,Deux véhicules - côté,,,,,,,,,,,1,1,1,1,3
200600051201,0006-09-25 08:15:00,6,9,25,8,15,330,162,1 Bis rue André Blanc,,,Plein jour,En agglomération,Hors intersection,Pluie légère,Deux véhicules - frontale,,,,,,,,,,,1,2,1,2,1
200600051202,0006-09-29 16:50:00,6,9,29,16,50,330,236,avenue de la vigne,,,Plein jour,En agglomération,Hors intersection,Normale,Deux véhicules - frontale,,,,,,,,,,,1,2,1,1,1
200600051203,0006-09-09 07:15:00,6,9,9,7,15,330,273,avenue du 18 juin 1940,,,Crépuscule ou aube,En agglomération,Hors intersection,Normale,Sans collision,,,,,,,,,,,2,2,1,1,7
200600051204,0006-09-19 11:30:00,6,9,19,11,30,330,73,LE BOURG,45.252,-0.625,Plein jour,En agglomération,Hors intersection,Normale,Deux véhicules - frontale,,,,,,,,,,,1,2,1,1,1
200600051205,0006-09-06 07:45:00,6,9,6,7,45,330,3,,,,Plein jour,Hors agglomération,Hors intersection,Normale,Deux véhicules - frontale,,,,,,,,,,,1,1,1,1,1
200600051206,0006-09-08 09:15:00,6,9,8,9,15,330,433,Route d'AMBARES,44.925,-0.447,Plein jour,En agglomération,Autre intersection,Normale,Deux véhicules - frontale,,,,,,,,,,,1,2,9,1,1
200600051207,0006-09-10 18:15:00,6,9,10,18,15,330,434,dit La Palanque - CD 10,,,Plein jour,En agglomération,Hors intersection,Normale,Deux véhicules - côté,,,,,,,,,,,1,2,1,1,3
200600051208,0006-09-04 12:30:00,6,9,4,12,30,330,49,0 sens LIBOURNE BORDEAUX,,,Plein jour,Hors agglomération,Hors intersection,Normale,Deux véhicules - arrière,,,,,,,,,,,1,1,1,1,2
200600051209,0006-09-15 12:00:00,6,9,15,12,0,330,80,Intersection de la Rue d,44.755,-0.547,Plein jour,En agglomération,Intersection en T,Temps couvert,Deux véhicules - côté,,,,,,,,,,,1,2,3,8,3
200600051210,0006-09-08 06:30:00,6,9,8,6,30,330,30,,44.598,-0.327,Plein jour,Hors agglomération,Hors intersection,Normale,Deux véhicules - frontale,,,,,,,,,,,1,1,1,1,1
200600051211,0006-09-05 08:15:00,6,9,5,8,15,330,415,,45.023,-0.446,Plein jour,Hors agglomération,Hors intersection,Normale,Deux véhicules - frontale,,,,,,,,,,,1,1,1,1,1
200600051212,0006-09-05 19:15:00,6,9,5,19,15,330,143,rue du 19 mars 1962,44.97,-0.454,Plein jour,En agglomération,Hors intersection,Normale,Deux véhicules - frontale,,,,,,,,,,,1,2,1,1,1
200600051213,0006-09-14 17:15:00,6,9,14,17,15,330,227,boulevard Léon Blum,44.549,-0.251,Plein jour,En agglomération,Hors intersection,Normale,Deux véhicules - côté,,,,,,,,,,,1,2,1,1,3
200600051214,0006-09-20 18:20:00,6,9,20,18,20,330,60,La brouillère,,,Plein jour,Hors agglomération,Hors intersection,Normale,Deux véhicules - côté,,,,,,,,,,,1,1,1,1,3
200600051215,0006-09-12 11:30:00,6,9,12,11,30,330,36,,44.419,-0.219,Plein jour,Hors agglomération,Hors intersection,Normale,Deux véhicules - côté,,,,,,,,,,,1,1,1,1,3
200600051216,0006-09-05 08:30:00,6,9,5,8,30,330,429,,44.437,-0.459,Plein jour,Hors agglomération,Hors intersection,Temps éblouissant,Autre collision,,,,,,,,,,,1,1,1,7,6
200600051217,0006-09-14 10:15:00,6,9,14,10,15,330,68,,44.359,-0.45,Plein jour,Hors agglomération,Hors intersection,Pluie légère,Autre collision,,,,,,,,,,,1,1,1,2,6
200600051218,0006-09-26 18:15:00,6,9,26,18,15,330,248,Route de Donnissan,,,Plein jour,Hors agglomération,Hors intersection,Normale,Trois véhicules et plus - collisions multiples,,,,,,,,,,,1,1,1,1,5
200600051219,0006-09-08 08:15:00,6,9,8,8,15,330,314,,45.214,-0.781,Nuit sans éclairage public,Hors agglomération,Intersection en X,Normale,Deux véhicules - côté,,,,,,,,,,,3,1,2,1,3
200600051220,0006-09-15 19:00:00,6,9,15,19,0,330,545,Le Vignan,,,Plein jour,Hors agglomération,Hors intersection,Normale,Deux véhicules - frontale,,,,,,,,,,,1,1,1,1,1