accident_id,datetime,annee,mois,jour,heure,minute,departement,commune_insee,adresse,latitude,longitude,luminosite,agglomeration,intersection,meteo,collision,nb_vehicules,nb_usagers,nb_indemnes,nb_tues,nb_blesses_hosp,nb_blesses_legers,age_cond_1,age_cond_2,veh_type_cond_1,veh_type_cond_2,lum_code,agg_code,int_code,atm_code,col_code
200600051221,0006-09-20 12:15:00,6,9,20,12,15,330,424,ENT MEDOC / ST JULIEN BE,,,Plein jour,Hors agglomération,Hors intersection,Normale,Deux véhicules - frontale,,,,,,,,,,,1,1,1,1,1
200600051222,0006-09-23 11:30:00,6,9,23,11,30,330,296,,44.85,-0.049,Plein jour,Hors agglomération,Hors intersection,Normale,Trois véhicules et plus - collisions multiples,,,,,,,,,,,1,1,1,1,5
200600051223,0006-09-08 17:20:00,6,9,8,17,20,330,71,Rue du Fort Bayard,,,Plein jour,En agglomération,Hors intersection,Normale,Deux véhicules - côté,,,,,,,,,,,1,2,1,1,3
200600051224,0006-09-15 18:30:00,6,9,15,18,30,330,437,,44.881,-0.089,Nuit sans éclairage public,Hors agglomération,Hors intersection,Pluie forte,Autre collision,,,,,,,,,,,3,1,1,3,6
200600051225,0006-09-13 16:30:00,6,9,13,16,30,330,393,,44.993,-0.17,Plein jour,Hors agglomération,Hors intersection,Normale,Deux véhicules - côté,,,,,,,,,,,1,1,1,1,3
200600051226,0006-09-22 11:30:00,6,9,22,11,30,330,242,La Grand'Croix,,,Plein jour,Hors agglomération,Hors intersection,Normale,Deux véhicules - côté,,,,,,,,,,,1,1,1,1,3
200600051227,0006-09-04 06:45:00,6,9,4,6,45,330,219,route de compostell,44.995,-0.369,Plein jour,En agglomération,Hors intersection,Normale,Deux véhicules - côté,,,,,,,,,,,1,2,1,1,3
200600051228,0006-09-02 15:15:00,6,9,2,15,15,240,115,,,,Plein jour,Hors agglomération,Hors intersection,Normale,Deux véhicules - côté,,,,,,,,,,,1,1,1,1,3
200600051229,0006-09-04 08:45:00,6,9,4,8,45,240,270,,,,Plein jour,Hors agglomération,Hors intersection,Normale,Deux véhicules - côté,,,,,,,,,,,1,1,1,1,3
200600051230,0006-09-01 05:00:00,6,9,1,5,0,240,372,Le Jevah bas,,,Nuit sans éclairage public,Hors agglomération,Hors intersection,Normale,Deux véhicules - côté,,,,,,,,,,,3,1,1,1,3
200600051231,0006-09-29 09:00:00,6,9,29,9,0,240,372,rue Viviani,45.15,0.528,Plein jour,En agglomération,Hors intersection,Normale,Autre collision,,,,,,,,,,,1,2,1,1,6
200600051232,0006-09-16 11:40:00,6,9,16,11,40,240,521,La Mandavigne,,,Plein jour,Hors agglomération,Hors intersection,Pluie légère,Deux véhicules - frontale,,,,,,,,,,,1,1,1,2,1
200600051233,0006-09-19 08:15:00,6,9,19,8,15,240,103,Le Bourg,45.2,0.893,Plein jour,En agglomération,Intersection en X,Normale,Trois véhicules et plus - collisions multiples,,,,,,,,,,,1,2,2,1,5
200600051234,0006-09-28 07:45:00,6,9,28,7,45,240,137,,45.311,0.981,Plein jour,Hors agglomération,Hors intersection,Normale,Deux véhicules - frontale,,,,,,,,,,,1,1,1,1,1
200600051235,0006-09-19 12:30:00,6,9,19,12,30,240,487,,,,Plein jour,Hors agglomération,Hors intersection,Normale,Deux véhicules - frontale,,,,,,,,,,,1,1,1,1,1
200600051236,0006-09-09 09:45:00,6,9,9,9,45,240,27,,44.808,0.733,Plein jour,Hors agglomération,Hors intersection,Normale,Autre collision,,,,,,,,,,,1,1,1,1,6
200600051237,0006-09-02 16:15:00,6,9,2,16,15,240,223,"CD 703, Pr 3,310",,,Plein jour,Hors agglomération,Hors intersection,Normale,Trois véhicules et plus - collisions multiples,,,,,,,,,,,1,1,1,1,5
200600051238,0006-09-01 11:30:00,6,9,1,11,30,240,461,le petit Paris,,,Plein jour,Hors agglomération,Hors intersection,Normale,Deux véhicules - côté,,,,,,,,,,,1,1,1,1,3
200600051239,0006-09-17 05:00:00,6,9,17,5,0,240,320,,45.412,1.197,Nuit sans éclairage public,Hors agglomération,Hors intersection,Normale,Autre collision,,,,,,,,,,,3,1,1,1,6
200600051240,0006-09-20 11:00:00,6,9,20,11,0,240,551,L'Homme Mort,45.444,0.933,Plein jour,Hors agglomération,Intersection en T,Normale,Deux véhicules - côté,,,,,,,,,,,1,1,3,1,3
200600051241,0006-09-10 10:45:00,6,9,10,10,45,240,38,,45.308,0.348,Plein jour,Hors agglomération,Hors intersection,Normale,Autre collision,,,,,,,,,,,1,1,1,1,6
200600051242,0006-09-26 18:00:00,6,9,26,18,0,240,564,,45.235,0.264,Plein jour,Hors agglomération,Intersection en X,Normale,Deux véhicules - côté,,,,,,,,,,,1,1,2,1,3
200600051243,0006-09-10 18:00:00,6,9,10,18,0,240,299,Route Bassy,45.033,0.35,Plein jour,En agglomération,Hors intersection,Normale,Autre collision,,,,,,,,,,,1,2,1,1,6
200600051244,0006-09-03 04:15:00,6,9,3,4,15,240,535,,,,Nuit sans éclairage public,Hors agglomération,Hors intersection,Normale,Autre collision,,,,,,,,,,,3,1,1,1,6
200600051245,0006-09-03 17:45:00,6,9,3,17,45,240,392,,44.965,1.251,Plein jour,Hors agglomération,Hors intersection,Normale,Autre collision,,,,,,,,,,,1,1,1,1,6
200600051246,0006-09-01 15:30:00,6,9,1,15,30,240,520,"lieu dit ""pechauriol""",,,Plein jour,En agglomération,Hors intersection,Normale,Deux véhicules - frontale,,,,,,,,,,,1,2,1,1,1
200600051247,0006-09-17 18:00:00,6,9,17,18,0,240,81,,44.884,1.375,Plein jour,Hors agglomération,Hors intersection,Normale,Autre collision,,,,,,,,,,,1,1,1,1,6
200600051248,0006-09-20 10:45:00,6,9,20,10,45,240,82,,,,Plein jour,Hors agglomération,Hors intersection,Normale,Deux véhicules - frontale,,,,,,,,,,,1,1,1,1,1
200600051249,0006-09-01 18:30:00,6,9,1,18,30,240,207,,,,Plein jour,Hors agglomération,Hors intersection,Normale,Deux véhicules - frontale,,,,,,,,,,,1,1,1,1,1
200600051250,0006-09-13 15:15:00,6,9,13,15,15,240,386,,,,Plein jour,Hors agglomération,Intersection en T,Normale,Deux véhicules - côté,,,,,,,,,,,1,1,3,1,3
200600051251,0006-09-24 14:30:00,6,9,24,14,30,240,67,Avenue de la Libération,,,Plein jour,En agglomération,Hors intersection,Temps couvert,Deux véhicules - côté,,,,,,,,,,,1,2,1,8,3
200600051252,0006-09-01 18:45:00,6,9,1,18,45,240,229,,,,Plein jour,Hors agglomération,Hors intersection,Normale,Deux véhicules - frontale,,,,,,,,,,,1,1,1,1,1
200600051253,0006-09-03 18:30:00,6,9,3,18,30,400,274,,43.931,-0.676,Plein jour,Hors agglomération,Hors intersection,Temps éblouissant,Deux véhicules - côté,,,,,,,,,,,1,1,1,7,3
200600051254,0006-09-10 13:45:00,6,9,10,13,45,400,31,,,,Plein jour,Hors agglomération,Hors intersection,Normale,Autre collision,,,,,,,,,,,1,1,1,1,6
200600051255,0006-09-03 21:30:00,6,9,3,21,30,400,283,D27 Rte de Buglose,,,Nuit avec éclairage allumé,Hors agglomération,Hors intersection,Normale,Deux véhicules - côté,,,,,,,,,,,5,1,1,1,3
200600051256,0006-09-05 09:50:00,6,9,5,9,50,400,75,route de Taller CD 42,,,Plein jour,Hors agglomération,Hors intersection,Temps éblouissant,Deux véhicules - côté,,,,,,,,,,,1,1,1,7,3
200600051257,0006-09-17 06:00:00,6,9,17,6,0,400,224,Quai des sablots,43.551,-1.112,Nuit avec éclairage allumé,En agglomération,Hors intersection,Pluie légère,Autre collision,,,,,,,,,,,5,2,1,2,6
200600051258,0006-09-16 18:00:00,6,9,16,18,0,400,118,,43.593,-0.921,Plein jour,Hors agglomération,Hors intersection,Pluie légère,Autre collision,,,,,,,,,,,1,1,1,2,6
200600051259,0006-09-07 08:00:00,6,9,7,8,0,400,284,,,,Plein jour,Hors agglomération,Hors intersection,Normale,Deux véhicules - arrière,,,,,,,,,,,1,1,1,1,2
200600051260,0006-09-12 08:15:00,6,9,12,8,15,400,261,,,,Plein jour,Hors agglomération,Hors intersection,Brouillard / fumée,Deux véhicules - arrière,,,,,,,,,,,1,1,1,5,2
200600051261,0006-09-03 05:50:00,6,9,3,5,50,400,317,Rue de la Poste,,,Nuit sans éclairage public,En agglomération,Hors intersection,Normale,Autre collision,,,,,,,,,,,3,2,1,1,6
200600051262,0006-09-13 11:00:00,6,9,13,11,0,400,312,AV JACQUE DUCLOS,,,Plein jour,En agglomération,Hors intersection,Pluie légère,Deux véhicules - côté,,,,,,,,,,,1,2,1,2,3
200600051263,0006-09-13 12:00:00,6,9,13,12,0,400,134,,,,Plein jour,Hors agglomération,Hors intersection,Pluie légère,Deux véhicules - côté,,,,,,,,,,,1,1,1,2,3
200600051264,0006-09-29 16:35:00,6,9,29,16,35,400,9,rrière salle polyvalente,,,Plein jour,En agglomération,Autre intersection,Normale,Autre collision,,,,,,,,,,,1,2,9,1,6
200600051265,0006-09-27 18:00:00,6,9,27,18,0,400,227,,44.328,-0.778,Plein jour,Hors agglomération,Hors intersection,Normale,Deux véhicules - frontale,,,,,,,,,,,1,1,1,1,1
200600051266,0006-09-08 17:45:00,6,9,8,17,45,400,282,,,,Plein jour,Hors agglomération,Giratoire,Normale,Sans collision,,,,,,,,,,,1,1,6,1,7
200600051267,0006-09-14 17:15:00,6,9,14,17,15,400,86,le Bourg,,,Plein jour,En agglomération,Hors intersection,Pluie légère,Deux véhicules - frontale,,,,,,,,,,,1,2,1,2,1
200600051268,0006-09-28 12:45:00,6,9,28,12,45,400,82,,43.725,-0.394,Plein jour,Hors agglomération,Hors intersection,Normale,Deux véhicules - côté,,,,,,,,,,,1,1,1,1,3
200600051269,0006-09-16 09:45:00,6,9,16,9,45,400,238,,43.869,-0.307,Plein jour,Hors agglomération,Hors intersection,Pluie forte,Deux véhicules - frontale,,,,,,,,,,,1,1,1,3,1
200600051270,0006-09-30 09:15:00,6,9,30,9,15,400,267,,44.017,-0.266,Plein jour,Hors agglomération,Hors intersection,Normale,Sans collision,,,,,,,,,,,1,1,1,1,7
200600051271,0006-09-02 02:00:00,6,9,2,2,0,470,145,CD 129 LIEU DIT BELLOC,,,Nuit sans éclairage public,Hors agglomération,Hors intersection,Normale,Autre collision,,,,,,,,,,,3,1,1,1,6
200600051272,0006-09-06 15:00:00,6,9,6,15,0,470,145,carrefour CD17/CD308,,,Plein jour,Hors agglomération,Hors intersection,Normale,Deux véhicules - arrière,,,,,,,,,,,1,1,1,1,2
200600051273,0006-09-07 13:45:00,6,9,7,13,45,470,238,"""pommaret"" - ""bois joly",,,Plein jour,Hors agglomération,Hors intersection,Normale,Deux véhicules - côté,,,,,,,,,,,1,1,1,1,3
200600051274,0006-09-16 15:30:00,6,9,16,15,30,470,100,D 302 - Vallon de Vérone,,,Plein jour,Hors agglomération,Intersection en X,Pluie légère,Deux véhicules - frontale,,,,,,,,,,,1,1,2,2,1
200600051275,0006-09-24 02:45:00,6,9,24,2,45,470,225,,,,Nuit sans éclairage public,Hors agglomération,Giratoire,Normale,Autre collision,,,,,,,,,,,3,1,6,1,6
200600051276,0006-09-26 04:30:00,6,9,26,4,30,470,169,,,,Nuit sans éclairage public,Hors agglomération,Hors intersection,Normale,Deux véhicules - frontale,,,,,,,,,,,3,1,1,1,1
200600051277,0006-09-01 10:30:00,6,9,1,10,30,470,22,Baratet,44.251,0.413,Plein jour,Hors agglomération,Autre intersection,Normale,Deux véhicules - côté,,,,,,,,,,,1,1,9,1,3
200600051278,0006-09-06 14:45:00,6,9,6,14,45,470,66,,44.245,0.463,Plein jour,Hors agglomération,Hors intersection,Normale,Autre collision,,,,,,,,,,,1,1,1,1,6
200600051279,0006-09-27 08:15:00,6,9,27,8,15,470,276,,44.324,0.506,Plein jour,Hors agglomération,Hors intersection,Temps éblouissant,Deux véhicules - arrière,,,,,,,,,,,1,1,1,7,2
200600051280,0006-09-05 07:45:00,6,9,5,7,45,470,67,Laspeures,44.149,0.797,Plein jour,En agglomération,Hors intersection,Normale,Deux véhicules - frontale,,,,,,,,,,,1,2,1,1,1
200600051281,0006-09-09 11:40:00,6,9,9,11,40,470,157,Avenue Jean Jaurès,,,Plein jour,En agglomération,Hors intersection,Normale,Deux véhicules - arrière,,,,,,,,,,,1,2,1,1,2
200600051282,0006-09-14 18:15:00,6,9,14,18,15,470,157,,44.514,0.193,Plein jour,Hors agglomération,Hors intersection,Pluie légère,Deux véhicules - frontale,,,,,,,,,,,1,1,1,2,1
200600051283,0006-09-17 08:30:00,6,9,17,8,30,470,157,,44.512,0.166,Plein jour,Hors agglomération,Hors intersection,Temps éblouissant,Autre collision,,,,,,,,,,,1,1,1,7,6
200600051284,0006-09-19 09:00:00,6,9,19,9,0,470,157,rue de la république,44.502,0.167,Plein jour,En agglomération,Hors intersection,Normale,Autre collision,,,,,,,,,,,1,2,1,1,6
200600051285,0006-09-03 02:35:00,6,9,3,2,35,470,226,Lieu-dit Jacqueteau,,,Nuit sans éclairage public,Hors agglomération,Hors intersection,Normale,Sans collision,,,,,,,,,,,3,1,1,1,7
200600051286,0006-09-05 12:45:00,6,9,5,12,45,470,226,,,,Plein jour,Hors agglomération,Hors intersection,Normale,Sans collision,,,,,,,,,,,1,1,1,1,7
200600051287,0006-09-07 11:15:00,6,9,7,11,15,470,187,"""Les sables""",,,Plein jour,Hors agglomération,Hors intersection,Normale,Sans collision,,,,,,,,,,,1,1,1,1,7
200600051288,0006-09-13 18:30:00,6,9,13,18,30,470,88,,44.558,0.239,Plein jour,Hors agglomération,Hors intersection,Pluie légère,Autre collision,,,,,,,,,,,1,1,1,2,6
200600051289,0006-09-20 19:30:00,6,9,20,19,30,470,204,,44.572,0.31,Plein jour,Hors agglomération,Hors intersection,Normale,Sans collision,,,,,,,,,,,1,1,1,1,7
200600051290,0006-09-14 18:00:00,6,9,14,18,0,470,310,,,,Plein jour,Hors agglomération,Hors intersection,Pluie légère,Deux véhicules - côté,,,,,,,,,,,1,1,1,2,3
200600051291,0006-09-19 14:30:00,6,9,19,14,30,470,317,,,,Plein jour,Hors agglomération,Intersection en X,Normale,Deux véhicules - côté,,,,,,,,,,,1,1,2,1,3
200600051292,0006-09-02 14:00:00,6,9,2,14,0,470,146,,,,Plein jour,Hors agglomération,Hors intersection,Normale,Deux véhicules - frontale,,,,,,,,,,,1,1,1,1,1
200600051293,0006-09-04 10:15:00,6,9,4,10,15,470,315,,44.447,0.874,Plein jour,Hors agglomération,Hors intersection,Normale,Deux véhicules - frontale,,,,,,,,,,,1,1,1,1,1
200600051294,0006-09-08 07:45:00,6,9,8,7,45,470,315,,,,Plein jour,Hors agglomération,Intersection en X,Normale,Deux véhicules - côté,,,,,,,,,,,1,1,2,1,3
200600051295,0006-09-13 14:30:00,6,9,13,14,30,470,280,Lieu-dit Plégat,,,Plein jour,Hors agglomération,Hors intersection,Normale,Deux véhicules - arrière,,,,,,,,,,,1,1,1,1,2
200600051296,0006-09-19 07:45:00,6,9,19,7,45,470,84,,44.646,0.566,Nuit sans éclairage public,Hors agglomération,Hors intersection,Normale,Autre collision,,,,,,,,,,,3,1,1,1,6
200600051297,0006-09-12 05:45:00,6,9,12,5,45,470,312,,,,Nuit sans éclairage public,Hors agglomération,Hors intersection,Normale,Autre collision,,,,,,,,,,,3,1,1,1,6
200600051298,0006-09-01 20:15:00,6,9,1,20,15,470,309,Rue Denis Porcarreli,,,Plein jour,En agglomération,Hors intersection,Normale,Deux véhicules - frontale,,,,,,,,,,,1,2,1,1,1
200600051299,0006-09-13 17:00:00,6,9,13,17,0,640,230,RN 134,,,Plein jour,Hors agglomération,Hors intersection,Temps couvert,Deux véhicules - frontale,,,,,,,,,,,1,1,1,8,1
200600051300,0006-09-26 07:30:00,6,9,26,7,30,640,376,CD938,,,Crépuscule ou aube,Hors agglomération,Hors intersection,Pluie légère,Trois véhicules et plus - collisions multiples,,,,,,,,,,,2,1,1,2,5
200600051301,0006-09-11 07:00:00,6,9,11,7,0,640,519,,43.37,-0.38,Plein jour,Hors agglomération,Hors intersection,Normale,Deux véhicules - frontale,,,,,,,,,,,1,1,1,1,1
200600051302,0006-09-21 09:45:00,6,9,21,9,45,640,238,,,,Plein jour,Hors agglomération,Hors intersection,Normale,Deux véhicules - frontale,,,,,,,,,,,1,1,1,1,1
200600051303,0006-09-29 21:30:00,6,9,29,21,30,640,488,CD 943 / D 42,,,Nuit sans éclairage public,Hors agglomération,Hors intersection,Normale,Deux véhicules - côté,,,,,,,,,,,3,1,1,1,3
200600051304,0006-09-07 18:45:00,6,9,7,18,45,640,23,,43.234,-0.257,Crépuscule ou aube,Hors agglomération,Hors intersection,Normale,Trois véhicules et plus - collisions multiples,,,,,,,,,,,2,1,1,1,5
200600051305,0006-09-12 20:00:00,6,9,12,20,0,640,496,,43.478,-1.442,Nuit sans éclairage public,Hors agglomération,Hors intersection,Pluie forte,Trois véhicules et plus - collisions multiples,,,,,,,,,,,3,1,1,3,5
200600051306,0006-09-12 21:30:00,6,9,12,21,30,640,540,"Lieu dit ""PERE""",43.505,-1.326,Nuit sans éclairage public,Hors agglomération,Hors intersection,Pluie légère,Autre collision,,,,,,,,,,,3,1,1,2,6
200600051307,0006-09-17 06:30:00,6,9,17,6,30,640,377,carrefour D.22 / D.252,,,Nuit sans éclairage public,En agglomération,Hors intersection,Temps couvert,Autre collision,,,,,,,,,,,3,2,1,8,6
200600051308,0006-09-20 22:00:00,6,9,20,22,0,640,123,Devant maison Moura,,,Nuit sans éclairage public,Hors agglomération,Autre intersection,Normale,Deux véhicules - côté,,,,,,,,,,,3,1,9,1,3
200600051309,0006-09-13 08:45:00,6,9,13,8,45,640,495,D 3 - Quartier Louloua,43.362,-1.548,Plein jour,En agglomération,Hors intersection,Normale,Deux véhicules - côté,,,,,,,,,,,1,2,1,1,3
200600051310,0006-09-08 19:20:00,6,9,8,19,20,640,317,carrefour Arnaga,,,Plein jour,Hors agglomération,Hors intersection,Normale,Deux véhicules - frontale,,,,,,,,,,,1,1,1,1,1
200600051311,0006-09-14 07:00:00,6,9,14,7,0,640,279,,43.345,-1.401,Crépuscule ou aube,Hors agglomération,Hors intersection,Pluie forte,Deux véhicules - côté,,,,,,,,,,,2,1,1,3,3
200600051312,0006-09-02 03:45:00,6,9,2,3,45,640,261,,43.17,-0.54,Nuit sans éclairage public,Hors agglomération,Hors intersection,Pluie légère,Autre collision,,,,,,,,,,,3,1,1,2,6
200600051313,0006-09-03 17:30:00,6,9,3,17,30,640,430,RN 117,43.484,-0.745,Plein jour,En agglomération,Hors intersection,Normale,Trois véhicules et plus - collisions multiples,,,,,,,,,,,1,2,1,1,5
200600051314,0006-09-11 16:30:00,6,9,11,16,30,640,131,,43.46,-0.72,Plein jour,Hors agglomération,Hors intersection,Normale,Autre collision,,,,,,,,,,,1,1,1,1,6
200600051315,0006-09-14 14:15:00,6,9,14,14,15,640,430,,,,Plein jour,Hors agglomération,Hors intersection,Normale,Deux véhicules - frontale,,,,,,,,,,,1,1,1,1,1
200600051316,0006-09-29 23:30:00,6,9,29,23,30,640,88,,43.49,-0.68,Nuit sans éclairage public,Hors agglomération,Hors intersection,Normale,Autre collision,,,,,,,,,,,3,1,1,1,6
200600051317,0006-09-10 17:45:00,6,9,10,17,45,640,296,,,,Plein jour,Hors agglomération,Hors intersection,Normale,Deux véhicules - frontale,,,,,,,,,,,1,1,1,1,1
200600051318,0006-09-27 15:45:00,6,9,27,15,45,860,95,rue de l'église,,,Plein jour,En agglomération,Hors intersection,Normale,Autre collision,,,,,,,,,,,1,2,1,1,6
200600051319,0006-09-06 19:45:00,6,9,6,19,45,860,293,,46.387,0.219,Plein jour,Hors agglomération,Hors intersection,Normale,Autre collision,,,,,,,,,,,1,1,1,1,6
200600051320,0006-09-08 16:45:00,6,9,8,16,45,860,148,,,,Plein jour,Hors agglomération,Hors intersection,Normale,Deux véhicules - côté,,,,,,,,,,,1,1,1,1,3
200600051321,0006-09-09 06:00:00,6,9,9,6,0,860,83,,,,Crépuscule ou aube,Hors agglomération,Hors intersection,Normale,Sans collision,,,,,,,,,,,2,1,1,1,7
200600051322,0006-09-09 17:30:00,6,9,9,17,30,860,188,,,,Plein jour,Hors agglomération,Hors intersection,Normale,Deux véhicules - arrière,,,,,,,,,,,1,1,1,1,2
200600051323,0006-09-14 13:45:00,6,9,14,13,45,860,139,Avenue de POITIERS,,,Plein jour,En agglomération,Hors intersection,Normale,Autre collision,,,,,,,,,,,1,2,1,1,6
200600051324,0006-09-19 12:15:00,6,9,19,12,15,860,160,Boulevard Voltaire,46.791,0.179,Plein jour,En agglomération,Intersection en X,Pluie légère,Deux véhicules - côté,,,,,,,,,,,1,2,2,2,3
200600051325,0006-09-25 06:30:00,6,9,25,6,30,860,290,,,,Nuit sans éclairage public,Hors agglomération,Hors intersection,Normale,Autre collision,,,,,,,,,,,3,1,1,1,6
200600051326,0006-09-24 02:45:00,6,9,24,2,45,860,19,,,,Nuit sans éclairage public,Hors agglomération,Hors intersection,Normale,Sans collision,,,,,,,,,,,3,1,1,1,7
200600051327,0006-09-05 20:15:00,6,9,5,20,15,860,258,,,,Plein jour,Hors agglomération,Hors intersection,Temps éblouissant,Deux véhicules - arrière,,,,,,,,,,,1,1,1,7,2
200600051328,0006-09-10 05:00:00,6,9,10,5,0,860,260,,46.949,0.297,Nuit sans éclairage public,Hors agglomération,Autre intersection,Normale,Autre collision,,,,,,,,,,,3,1,9,1,6
200600051329,0006-09-10 12:30:00,6,9,10,12,30,860,221,Les genêts,,,Plein jour,En agglomération,Hors intersection,Temps éblouissant,Deux véhicules - frontale,,,,,,,,,,,1,2,1,7,1
200600051330,0006-09-29 18:00:00,6,9,29,18,0,860,125,La Croix des chaumes,,,Plein jour,Hors agglomération,Intersection en X,Normale,Deux véhicules - côté,,,,,,,,,,,1,1,2,1,3
200600051331,0006-09-13 08:30:00,6,9,13,8,30,860,152,carrefour CD 10 CD 741,,,Plein jour,Hors agglomération,Intersection en X,Normale,Deux véhicules - côté,,,,,,,,,,,1,1,2,1,3
200600051332,0006-09-03 01:45:00,6,9,3,1,45,160,287,,,,Nuit sans éclairage public,Hors agglomération,Hors intersection,Normale,Autre collision,,,,,,,,,,,3,1,1,1,6
200600051333,0006-09-05 23:00:00,6,9,5,23,0,160,143,,,,Plein jour,Hors agglomération,Hors intersection,Normale,Autre collision,,,,,,,,,,,1,1,1,1,6
200600051334,0006-09-08 13:15:00,6,9,8,13,15,160,28,Rte de segonsac,45.488,-0.156,Plein jour,En agglomération,Hors intersection,Normale,Deux véhicules - frontale,,,,,,,,,,,1,2,1,1,1
200600051335,0006-09-14 08:05:00,6,9,14,8,5,160,79,"""Chez Bonnaudet"", CD 142",,,Plein jour,Hors agglomération,Hors intersection,Pluie légère,Deux véhicules - frontale,,,,,,,,,,,1,1,1,2,1
200600051336,0006-09-25 18:15:00,6,9,25,18,15,160,28,rue Maurice Guérive,45.478,-0.155,Plein jour,En agglomération,Hors intersection,Normale,Deux véhicules - arrière,,,,,,,,,,,1,2,1,1,2
200600051337,0006-09-02 01:30:00,6,9,2,1,30,160,85,,45.82,0.44,Nuit sans éclairage public,Hors agglomération,Hors intersection,Normale,Deux véhicules - arrière,,,,,,,,,,,3,1,1,1,2
200600051338,0006-09-01 20:45:00,6,9,1,20,45,160,261,,45.8,0.35,Crépuscule ou aube,Hors agglomération,Hors intersection,Normale,Autre collision,,,,,,,,,,,2,1,1,1,6
200600051339,0006-09-14 12:50:00,6,9,14,12,50,160,336,ARTENAC,,,Plein jour,En agglomération,Hors intersection,Pluie légère,Autre collision,,,,,,,,,,,1,2,1,2,6
200600051340,0006-09-30 23:55:00,6,9,30,23,55,160,85,""" Jardenat""",,,Nuit sans éclairage public,Hors agglomération,Hors intersection,Normale,Sans collision,,,,,,,,,,,3,1,1,1,7
200600051341,0006-09-20 01:30:00,6,9,20,1,30,160,110,LA CROIX GEOFFROY,,,Nuit avec éclairage allumé,En agglomération,Hors intersection,Normale,Autre collision,,,,,,,,,,,5,2,1,1,6
200600051342,0006-09-03 06:30:00,6,9,3,6,30,160,78,carrefour CD23/CD105,,,Crépuscule ou aube,En agglomération,Intersection en X,Normale,Deux véhicules - côté,,,,,,,,,,,2,2,2,1,3
200600051343,0006-09-15 06:15:00,6,9,15,6,15,160,78,,,,Nuit avec éclairage allumé,Hors agglomération,Hors intersection,Autre,Autre collision,,,,,,,,,,,5,1,1,9,6
200600051344,0006-09-16 13:00:00,6,9,16,13,0,160,348,"CD 41, PK 1+300",45.67,0.039,Plein jour,Hors agglomération,Hors intersection,Pluie légère,Deux véhicules - côté,,,,,,,,,,,1,1,1,2,3
200600051345,0006-09-18 22:45:00,6,9,18,22,45,160,234,Bois de la Cour,,,Nuit sans éclairage public,Hors agglomération,Hors intersection,Normale,Deux véhicules - arrière,,,,,,,,,,,3,1,1,1,2
200600051346,0006-09-23 19:00:00,6,9,23,19,0,160,282,,,,Crépuscule ou aube,Hors agglomération,Intersection en X,Normale,Deux véhicules - côté,,,,,,,,,,,2,1,2,1,3
200600051347,0006-09-14 12:45:00,6,9,14,12,45,160,5,NDE RUE / RUE DES HALLES,,,Plein jour,En agglomération,Hors intersection,Pluie légère,Autre collision,,,,,,,,,,,1,2,1,2,6
200600051348,0006-09-17 03:20:00,6,9,17,3,20,170,414,"Lieu-dit ""Trente Vents""",,,Nuit sans éclairage public,Hors agglomération,Hors intersection,Normale,Autre collision,,,,,,,,,,,3,1,1,1,6
200600051349,0006-09-12 11:30:00,6,9,12,11,30,170,420,carrefour cd 939/CD 109,,,Plein jour,En agglomération,Hors intersection,Normale,Deux véhicules - côté,,,,,,,,,,,1,2,1,1,3
200600051350,0006-09-05 17:15:00,6,9,5,17,15,170,41,"Lieu-dit ""Les Combes""",,,Plein jour,Hors agglomération,Hors intersection,Normale,Deux véhicules - frontale,,,,,,,,,,,1,1,1,1,1
200600051351,0006-09-11 16:00:00,6,9,11,16,0,170,396,,46.23,-0.87,Plein jour,Hors agglomération,Intersection en X,Normale,Trois véhicules et plus - collisions multiples,,,,,,,,,,,1,1,2,1,5
200600051352,0006-09-17 18:15:00,6,9,17,18,15,170,19,CD 735  rocade d'Ars,46.21,-1.519,Plein jour,En agglomération,Autre intersection,Normale,Autre collision,,,,,,,,,,,1,2,9,1,6
200600051353,0006-09-10 12:30:00,6,9,10,12,30,170,233,,,,Plein jour,Hors agglomération,Intersection en X,Normale,Deux véhicules - côté,,,,,,,,,,,1,1,2,1,3
200600051354,0006-09-20 19:30:00,6,9,20,19,30,170,204,"Lieu dit  ""Le Poteau""",,,Plein jour,Hors agglomération,Intersection en T,Normale,Deux véhicules - côté,,,,,,,,,,,1,1,3,1,3
200600051355,0006-09-28 12:30:00,6,9,28,12,30,170,312,chez ferra,,,Plein jour,Hors agglomération,Hors intersection,Normale,Sans collision,,,,,,,,,,,1,1,1,1,7
200600051356,0006-09-19 08:15:00,6,9,19,8,15,170,36,,45.897,-1.007,Plein jour,Hors agglomération,Hors intersection,Normale,Autre collision,,,,,,,,,,,1,1,1,1,6
200600051357,0006-09-01 13:00:00,6,9,1,13,0,170,385,,,,Plein jour,Hors agglomération,Hors intersection,Normale,Deux véhicules - frontale,,,,,,,,,,,1,1,1,1,1