accident_id,datetime,annee,mois,jour,heure,minute,departement,commune_insee,adresse,latitude,longitude,luminosite,agglomeration,intersection,meteo,collision,nb_vehicules,nb_usagers,nb_indemnes,nb_tues,nb_blesses_hosp,nb_blesses_legers,age_cond_1,age_cond_2,veh_type_cond_1,veh_type_cond_2,lum_code,agg_code,int_code,atm_code,col_code
200600051358,0006-09-24 02:30:00,6,9,24,2,30,170,337,,45.964,-1.3,Nuit sans éclairage public,Hors agglomération,Hors intersection,Normale,Deux véhicules - côté,,,,,,,,,,,3,1,1,1,3
200600051359,0006-09-28 08:45:00,6,9,28,8,45,170,93,,,,Plein jour,Hors agglomération,Hors intersection,Normale,Deux véhicules - côté,,,,,,,,,,,1,1,1,1,3
200600051360,0006-09-08 12:20:00,6,9,8,12,20,170,409,oute de Rochefort Jaffre,,,Plein jour,En agglomération,Hors intersection,Normale,Deux véhicules - arrière,,,,,,,,,,,1,2,1,1,2
200600051361,0006-09-08 22:15:00,6,9,8,22,15,170,64,route du billeau,,,Nuit sans éclairage public,En agglomération,Hors intersection,Normale,Autre collision,,,,,,,,,,,3,2,1,1,6
200600051362,0006-09-09 08:30:00,6,9,9,8,30,170,107,ement des CD 5 et CD 111,,,Plein jour,Hors agglomération,Intersection en X,Temps éblouissant,Deux véhicules - côté,,,,,,,,,,,1,1,2,7,3
200600051363,0006-09-02 19:00:00,6,9,2,19,0,170,387,rue Pierre Loti,,,Plein jour,En agglomération,Hors intersection,Normale,Deux véhicules - côté,,,,,,,,,,,1,2,1,1,3
200600051364,0006-09-06 19:00:00,6,9,6,19,0,170,426,,,,Plein jour,Hors agglomération,Hors intersection,Normale,Deux véhicules - frontale,,,,,,,,,,,1,1,1,1,1
200600051365,0006-09-07 20:30:00,6,9,7,20,30,170,280,,,,Nuit sans éclairage public,Hors agglomération,Hors intersection,Normale,Sans collision,,,,,,,,,,,3,1,1,1,7
200600051366,0006-09-09 10:00:00,6,9,9,10,0,170,453,,,,Plein jour,Hors agglomération,Hors intersection,Normale,Deux véhicules - côté,,,,,,,,,,,1,1,1,1,3
200600051367,0006-09-11 03:30:00,6,9,11,3,30,170,141,,,,Nuit sans éclairage public,Hors agglomération,Hors intersection,Normale,Autre collision,,,,,,,,,,,3,1,1,1,6
200600051368,0006-09-26 09:45:00,6,9,26,9,45,170,154,,,,Plein jour,Hors agglomération,Intersection en T,Normale,Deux véhicules - côté,,,,,,,,,,,1,1,3,1,3
200600051369,0006-09-29 12:45:00,6,9,29,12,45,170,431,rue du château BAPAUME,,,Plein jour,Hors agglomération,Hors intersection,Normale,Sans collision,,,,,,,,,,,1,1,1,1,7
200600051370,0006-09-07 19:45:00,6,9,7,19,45,170,398,,45.635,-0.512,Crépuscule ou aube,Hors agglomération,Hors intersection,Normale,Deux véhicules - côté,,,,,,,,,,,2,1,1,1,3
200600051371,0006-09-26 08:45:00,6,9,26,8,45,170,196,La croix Bertrand,,,Plein jour,Hors agglomération,Hors intersection,Temps éblouissant,Deux véhicules - frontale,,,,,,,,,,,1,1,1,7,1
200600051372,0006-09-07 11:15:00,6,9,7,11,15,170,288,,,,Plein jour,Hors agglomération,Hors intersection,Normale,Autre collision,,,,,,,,,,,1,1,1,1,6
200600051373,0006-09-07 17:45:00,6,9,7,17,45,170,347,RUE GENEARL LECLERC,,,Plein jour,En agglomération,Hors intersection,Normale,Autre collision,,,,,,,,,,,1,2,1,1,6
200600051374,0006-09-06 18:30:00,6,9,6,18,30,170,257,,45.978,-0.225,Plein jour,Hors agglomération,Hors intersection,Temps éblouissant,Deux véhicules - arrière,,,,,,,,,,,1,1,1,7,2
200600051375,0006-09-22 21:30:00,6,9,22,21,30,170,24,RUE DES CARMES,46.024,-0.346,Nuit avec éclairage non allumé,En agglomération,Hors intersection,Normale,Deux véhicules - frontale,,,,,,,,,,,4,2,1,1,1
200600051376,0006-09-16 06:00:00,6,9,16,6,0,170,451,,,,Nuit sans éclairage public,Hors agglomération,Hors intersection,Normale,Autre collision,,,,,,,,,,,3,1,1,1,6
200600051377,0006-09-23 18:00:00,6,9,23,18,0,170,188,Fresneau,,,Plein jour,En agglomération,Hors intersection,Normale,Autre collision,,,,,,,,,,,1,2,1,1,6
200600051378,0006-09-12 19:55:00,6,9,12,19,55,790,66,CD 743,46.471,-0.369,Plein jour,Hors agglomération,Hors intersection,Normale,Deux véhicules - frontale,,,,,,,,,,,1,1,1,1,1
200600051379,0006-09-16 15:30:00,6,9,16,15,30,790,78,Le Bousseau,46.15,-0.46,Plein jour,Hors agglomération,Hors intersection,Pluie légère,Deux véhicules - frontale,,,,,,,,,,,1,1,1,2,1
200600051380,0006-09-25 19:00:00,6,9,25,19,0,790,187,"Lieu dit "" Les ouches""",,,Plein jour,Hors agglomération,Hors intersection,Normale,Sans collision,,,,,,,,,,,1,1,1,1,7
200600051381,0006-09-15 18:30:00,6,9,15,18,30,790,195,Lieu dit Bel Air,,,Crépuscule ou aube,Hors agglomération,Hors intersection,Pluie forte,Sans collision,,,,,,,,,,,2,1,1,3,7
200600051382,0006-09-16 12:00:00,6,9,16,12,0,790,62,"CD744, ld ""La Vergnaie""",,,Plein jour,Hors agglomération,Hors intersection,Pluie légère,Sans collision,,,,,,,,,,,1,1,1,2,7
200600051383,0006-09-12 18:00:00,6,9,12,18,0,790,292,"32, Route de NANTES",,,Plein jour,En agglomération,Hors intersection,Normale,Deux véhicules - arrière,,,,,,,,,,,1,2,1,1,2
200600051384,0006-09-18 09:45:00,6,9,18,9,45,790,173,,46.199,-0.169,Plein jour,Hors agglomération,Intersection en X,Normale,Deux véhicules - côté,,,,,,,,,,,1,1,2,1,3
200600051385,0006-09-15 14:00:00,6,9,15,14,0,790,307,,46.133,0.094,Plein jour,Hors agglomération,Hors intersection,Pluie légère,Sans collision,,,,,,,,,,,1,1,1,2,7
200600051386,0006-09-17 16:00:00,6,9,17,16,0,790,140,,46.063,0.012,Plein jour,Hors agglomération,Hors intersection,Normale,Autre collision,,,,,,,,,,,1,1,1,1,6
200600051387,0006-09-19 09:30:00,6,9,19,9,30,790,83,,46.131,-0.087,Nuit sans éclairage public,Hors agglomération,Hors intersection,Pluie légère,Autre collision,,,,,,,,,,,3,1,1,2,6
200600051388,0006-09-02 14:45:00,6,9,2,14,45,790,339,,,,Plein jour,Hors agglomération,Intersection en X,Normale,Deux véhicules - frontale,,,,,,,,,,,1,1,2,1,1
200600051389,0006-09-10 00:01:00,6,9,10,0,1,790,322,,46.628,-0.321,Nuit sans éclairage public,Hors agglomération,Hors intersection,Normale,Sans collision,,,,,,,,,,,3,1,1,1,7
200600051390,0006-09-30 10:30:00,6,9,30,10,30,790,80,,,,Plein jour,Hors agglomération,Intersection en X,Normale,Deux véhicules - côté,,,,,,,,,,,1,1,2,1,3
200600051391,0006-09-24 17:00:00,6,9,24,17,0,790,156,,46.78,-0.219,Plein jour,Hors agglomération,Hors intersection,Pluie forte,Sans collision,,,,,,,,,,,1,1,1,3,7
200600051392,0006-09-19 12:15:00,6,9,19,12,15,790,311,Ménardière sur le CD 748,46.6,-0.417,Plein jour,Hors agglomération,Hors intersection,Normale,Sans collision,,,,,,,,,,,1,1,1,1,7
200600051393,0006-09-09 20:00:00,6,9,9,20,0,870,1,,45.789,1.127,Plein jour,Hors agglomération,Hors intersection,Normale,Autre collision,,,,,,,,,,,1,1,1,1,6
200600051394,0006-09-25 15:00:00,6,9,25,15,0,870,202,Le Petit Buisson,,,Plein jour,Hors agglomération,Hors intersection,Normale,Autre collision,,,,,,,,,,,1,1,1,1,6
200600051395,0006-09-25 10:20:00,6,9,25,10,20,870,157,lieu dit le Couret,,,Plein jour,Hors agglomération,Hors intersection,Pluie légère,Deux véhicules - côté,,,,,,,,,,,1,1,1,2,3
200600051396,0006-09-16 09:20:00,6,9,16,9,20,870,93,le pont de Masléon,,,Plein jour,Hors agglomération,Hors intersection,Temps couvert,Deux véhicules - frontale,,,,,,,,,,,1,1,1,8,1
200600051397,0006-09-23 18:30:00,6,9,23,18,30,870,142,Le Châtenet,45.773,1.538,Plein jour,En agglomération,Hors intersection,Pluie forte,Deux véhicules - côté,,,,,,,,,,,1,2,1,3,3
200600051398,0006-09-05 22:00:00,6,9,5,22,0,870,161,,45.834,1.482,Nuit sans éclairage public,Hors agglomération,Hors intersection,Normale,Sans collision,,,,,,,,,,,3,1,1,1,7
200600051399,0006-09-23 20:00:00,6,9,23,20,0,870,187,,45.55,1.13,Nuit sans éclairage public,Hors agglomération,Hors intersection,Pluie légère,Autre collision,,,,,,,,,,,3,1,1,2,6
200600051400,0006-09-23 23:15:00,6,9,23,23,15,870,32,Le Bois du Piolet,45.626,0.984,Nuit sans éclairage public,Hors agglomération,Hors intersection,Normale,Sans collision,,,,,,,,,,,3,1,1,1,7
200600051401,0006-09-15 11:30:00,6,9,15,11,30,870,68,,,,Plein jour,Hors agglomération,Hors intersection,Pluie légère,Deux véhicules - côté,,,,,,,,,,,1,1,1,2,3
200600051402,0006-09-16 18:15:00,6,9,16,18,15,870,122,ROUTE DE ST PARDOUX,46.035,1.337,Plein jour,En agglomération,Hors intersection,Normale,Deux véhicules - frontale,,,,,,,,,,,1,2,1,1,1
200600051403,0006-09-22 23:30:00,6,9,22,23,30,870,45,,45.992,1.037,Nuit sans éclairage public,Hors agglomération,Hors intersection,Normale,Sans collision,,,,,,,,,,,3,1,1,1,7
200600051404,0006-09-10 05:30:00,6,9,10,5,30,870,111,nue bernard de ventadour,45.73,0.88,Nuit avec éclairage allumé,Hors agglomération,Hors intersection,Normale,Autre collision,,,,,,,,,,,5,1,1,1,6
200600051405,0006-09-05 11:00:00,6,9,5,11,0,190,207,,45.288,1.622,Plein jour,Hors agglomération,Hors intersection,Normale,Deux véhicules - frontale,,,,,,,,,,,1,1,1,1,1
200600051406,0006-09-03 15:00:00,6,9,3,15,0,190,111,dit Le Saleix - axe D98E,,,Plein jour,Hors agglomération,Hors intersection,Normale,Deux véhicules - frontale,,,,,,,,,,,1,1,1,1,1
200600051407,0006-09-01 19:00:00,6,9,1,19,0,190,248,"Lieu dit ""la Rade""",45.469,1.517,Crépuscule ou aube,Hors agglomération,Intersection en T,Temps éblouissant,Trois véhicules et plus - collisions multiples,,,,,,,,,,,2,1,3,7,5
200600051408,0006-09-07 18:50:00,6,9,7,18,50,190,100,route des barrières,,,Plein jour,En agglomération,Hors intersection,Normale,Deux véhicules - frontale,,,,,,,,,,,1,2,1,1,1
200600051409,0006-09-02 18:00:00,6,9,2,18,0,190,229,,,,Plein jour,Hors agglomération,Autre intersection,Normale,Deux véhicules - côté,,,,,,,,,,,1,1,9,1,3
200600051410,0006-09-04 16:40:00,6,9,4,16,40,190,147,ment aéroport BRIVE (19),,,Plein jour,Hors agglomération,Hors intersection,Normale,Deux véhicules - arrière,,,,,,,,,,,1,1,1,1,2
200600051411,0006-09-16 15:00:00,6,9,16,15,0,190,123,rue Alfred De Musset,,,Plein jour,En agglomération,Hors intersection,Normale,Deux véhicules - côté,,,,,,,,,,,1,2,1,1,3
200600051412,0006-09-04 04:15:00,6,9,4,4,15,190,274,,45.192,1.487,Nuit sans éclairage public,Hors agglomération,Hors intersection,Normale,Sans collision,,,,,,,,,,,3,1,1,1,7
200600051413,0006-09-04 10:00:00,6,9,4,10,0,190,11,,45.389,1.4,Plein jour,Hors agglomération,Hors intersection,Normale,Deux véhicules - côté,,,,,,,,,,,1,1,1,1,3
200600051414,0006-09-02 04:45:00,6,9,2,4,45,230,89,Les Prades,46.364,1.99,Nuit sans éclairage public,Hors agglomération,Hors intersection,Normale,Autre collision,,,,,,,,,,,3,1,1,1,6
200600051415,0006-09-29 16:00:00,6,9,29,16,0,230,31,rue d'Auvergne,46.349,2.227,Plein jour,En agglomération,Hors intersection,Normale,Deux véhicules - frontale,,,,,,,,,,,1,2,1,1,1
200600051416,0006-09-08 19:30:00,6,9,8,19,30,230,2,20 route de Guéret,46.211,1.997,Plein jour,En agglomération,Hors intersection,Normale,Deux véhicules - arrière,,,,,,,,,,,1,2,1,1,2
200600051417,0006-09-28 11:30:00,6,9,28,11,30,230,222,,45.947,2.077,Plein jour,Hors agglomération,Hors intersection,Normale,Deux véhicules - côté,,,,,,,,,,,1,1,1,1,3
200600051418,0006-09-08 15:30:00,6,9,8,15,30,230,145,,46.27,2.38,Plein jour,Hors agglomération,Hors intersection,Normale,Sans collision,,,,,,,,,,,1,1,1,1,7
200600051419,0006-09-24 17:45:00,6,9,24,17,45,230,35,,46.246,2.486,Crépuscule ou aube,Hors agglomération,Hors intersection,Pluie forte,Trois véhicules et plus - collisions multiples,,,,,,,,,,,2,1,1,3,5
200600051420,0006-09-15 18:00:00,6,9,15,18,0,230,230,,45.94,1.651,Plein jour,Hors agglomération,Hors intersection,Pluie légère,Deux véhicules - frontale,,,,,,,,,,,1,1,1,2,1
200600051421,0006-09-03 16:30:00,6,9,3,16,30,230,165,,45.816,1.895,Plein jour,Hors agglomération,Hors intersection,Normale,Sans collision,,,,,,,,,,,1,1,1,1,7
200600051422,0006-09-03 11:00:00,6,9,3,11,0,310,25,Lieu dit BIROL,43.495,1.441,Plein jour,Hors agglomération,Hors intersection,Normale,Trois véhicules et plus - collisions multiples,,,,,,,,,,,1,1,1,1,5
200600051423,0006-09-02 10:30:00,6,9,2,10,30,310,515,,,,Plein jour,Hors agglomération,Hors intersection,Normale,Autre collision,,,,,,,,,,,1,1,1,1,6
200600051424,0006-09-13 20:00:00,6,9,13,20,0,310,507,Vieux chemin de launac,43.706,1.222,Nuit avec éclairage allumé,En agglomération,Hors intersection,Normale,Autre collision,,,,,,,,,,,5,2,1,1,6
200600051425,0006-09-19 19:00:00,6,9,19,19,0,310,592,,,,Plein jour,Hors agglomération,Intersection en T,Normale,Deux véhicules - côté,,,,,,,,,,,1,1,3,1,3
200600051426,0006-09-02 03:20:00,6,9,2,3,20,310,339,,,,Nuit sans éclairage public,Hors agglomération,Hors intersection,Normale,Autre collision,,,,,,,,,,,3,1,1,1,6
200600051427,0006-09-23 17:30:00,6,9,23,17,30,310,424,,43.567,1.289,Plein jour,Hors agglomération,Hors intersection,Normale,Deux véhicules - côté,,,,,,,,,,,1,1,1,1,3
200600051428,0006-09-22 20:00:00,6,9,22,20,0,310,433,carrefour route d'Espagn,43.53,1.401,Nuit sans éclairage public,En agglomération,Hors intersection,Pluie légère,Autre collision,,,,,,,,,,,3,2,1,2,6
200600051429,0006-09-29 04:15:00,6,9,29,4,15,310,446,23 avenue Tolosane,43.552,1.474,Nuit avec éclairage allumé,En agglomération,Hors intersection,Normale,Deux véhicules - côté,,,,,,,,,,,5,2,1,1,3
200600051430,0006-09-19 14:45:00,6,9,19,14,45,310,182,Rue des Usines face au r,43.683,1.408,Plein jour,En agglomération,Hors intersection,Normale,Sans collision,,,,,,,,,,,1,2,1,1,7
200600051431,0006-09-29 16:10:00,6,9,29,16,10,310,117,lieu dit Rouquette,,,Plein jour,Hors agglomération,Hors intersection,Normale,Deux véhicules - côté,,,,,,,,,,,1,1,1,1,3
200600051432,0006-09-03 08:15:00,6,9,3,8,15,310,395,,43.47,1.274,Plein jour,Hors agglomération,Hors intersection,Normale,Deux véhicules - frontale,,,,,,,,,,,1,1,1,1,1
200600051433,0006-09-11 16:30:00,6,9,11,16,30,310,395,avenue Charles de Gaulle,,,Plein jour,En agglomération,Autre intersection,Normale,Deux véhicules - côté,,,,,,,,,,,1,2,9,1,3
200600051434,0006-09-17 08:45:00,6,9,17,8,45,310,395,,43.464,1.37,Plein jour,Hors agglomération,Hors intersection,Temps couvert,Sans collision,,,,,,,,,,,1,1,1,8,7
200600051435,0006-09-28 10:45:00,6,9,28,10,45,310,395,Croisement CD 12- Chemi,,,Plein jour,En agglomération,Hors intersection,Normale,Deux véhicules - frontale,,,,,,,,,,,1,2,1,1,1
200600051436,0006-09-05 11:30:00,6,9,5,11,30,310,572,Rue Rémuzat,43.438,1.444,Plein jour,En agglomération,Hors intersection,Normale,Deux véhicules - frontale,,,,,,,,,,,1,2,1,1,1
200600051437,0006-09-30 17:15:00,6,9,30,17,15,310,33,Route de NAILLOUX,43.356,1.484,Plein jour,En agglomération,Hors intersection,Normale,Deux véhicules - côté,,,,,,,,,,,1,2,1,1,3
200600051438,0006-09-30 16:45:00,6,9,30,16,45,310,33,ROUTE DE NAILLOUX,43.362,1.487,Plein jour,En agglomération,Hors intersection,Normale,Sans collision,,,,,,,,,,,1,2,1,1,7
200600051439,0006-09-05 10:45:00,6,9,5,10,45,310,399,,43.362,1.275,Plein jour,En agglomération,Hors intersection,Normale,Deux véhicules - arrière,,,,,,,,,,,1,2,1,1,2
200600051440,0006-09-04 00:45:00,6,9,4,0,45,310,425,,43.166,1.12,Nuit sans éclairage public,Hors agglomération,Hors intersection,Normale,Autre collision,,,,,,,,,,,3,1,1,1,6
200600051441,0006-09-25 16:45:00,6,9,25,16,45,310,135,16 Avenue de St Cizy,43.22,1.087,Plein jour,En agglomération,Hors intersection,Normale,Deux véhicules - côté,,,,,,,,,,,1,2,1,1,3
200600051442,0006-09-01 16:15:00,6,9,1,16,15,310,308,C.D. 33,43.02,0.61,Plein jour,Hors agglomération,Hors intersection,Normale,Deux véhicules - frontale,,,,,,,,,,,1,1,1,1,1
200600051443,0006-09-17 01:00:00,6,9,17,1,0,310,31,,,,Nuit avec éclairage allumé,Hors agglomération,Giratoire,Normale,Autre collision,,,,,,,,,,,5,1,6,1,6
200600051444,0006-09-20 12:00:00,6,9,20,12,0,310,408,,43.042,0.715,Plein jour,Hors agglomération,Hors intersection,Normale,Autre collision,,,,,,,,,,,1,1,1,1,6
200600051445,0006-09-27 17:45:00,6,9,27,17,45,310,582,,43.414,1.707,Plein jour,Hors agglomération,Hors intersection,Normale,Deux véhicules - frontale,,,,,,,,,,,1,1,1,1,1
200600051446,0006-09-02 13:15:00,6,9,2,13,15,310,381,"lieu dit""le vallon""",43.463,1.576,Plein jour,En agglomération,Autre intersection,Normale,Autre collision,,,,,,,,,,,1,2,9,1,6
200600051447,0006-09-25 09:45:00,6,9,25,9,45,310,48,1 rue Pradines,43.46,1.616,Plein jour,En agglomération,Hors intersection,Temps couvert,Autre collision,,,,,,,,,,,1,2,1,8,6
200600051448,0006-09-04 22:45:00,6,9,4,22,45,310,451,46 Route de Castres,,,Nuit avec éclairage allumé,En agglomération,Hors intersection,Normale,Autre collision,,,,,,,,,,,5,2,1,1,6
200600051449,0006-09-05 00:05:00,6,9,5,0,5,90,306,avenue Victor Pilhes,,,Nuit avec éclairage allumé,En agglomération,Hors intersection,Normale,Autre collision,,,,,,,,,,,5,2,1,1,6
200600051450,0006-09-28 08:15:00,6,9,28,8,15,90,258,,,,Plein jour,Hors agglomération,Hors intersection,Normale,Autre collision,,,,,,,,,,,1,1,1,1,6
200600051451,0006-09-29 20:30:00,6,9,29,20,30,90,332,,43.084,1.653,Nuit sans éclairage public,Hors agglomération,Hors intersection,Normale,Deux véhicules - côté,,,,,,,,,,,3,1,1,1,3
200600051452,0006-09-18 14:45:00,6,9,18,14,45,90,224,,43.103,1.447,Plein jour,Hors agglomération,Hors intersection,Pluie légère,Autre collision,,,,,,,,,,,1,1,1,2,6
200600051453,0006-09-02 00:45:00,6,9,2,0,45,90,65,,,,Plein jour,Hors agglomération,Hors intersection,Normale,Autre collision,,,,,,,,,,,1,1,1,1,6
200600051454,0006-09-13 14:20:00,6,9,13,14,20,120,291,A75 PK 208+500,,,Plein jour,Hors agglomération,Hors intersection,Pluie forte,Autre collision,,,,,,,,,,,1,1,1,3,6
200600051455,0006-09-03 19:15:00,6,9,3,19,15,120,50,,44.24,2.753,Plein jour,Hors agglomération,Hors intersection,Normale,Sans collision,,,,,,,,,,,1,1,1,1,7
200600051456,0006-09-26 17:15:00,6,9,26,17,15,120,90,La Croix Sauvage,44.384,2.455,Plein jour,Hors agglomération,Autre intersection,Normale,Deux véhicules - côté,,,,,,,,,,,1,1,9,1,3
200600051457,0006-09-24 18:45:00,6,9,24,18,45,120,33,Aboul,,,Plein jour,Hors agglomération,Hors intersection,Temps couvert,Deux véhicules - arrière,,,,,,,,,,,1,1,1,8,2
200600051458,0006-09-11 11:45:00,6,9,11,11,45,120,230,,44.048,2.489,Plein jour,Hors agglomération,Intersection en X,Normale,Deux véhicules - côté,,,,,,,,,,,1,1,2,1,3
200600051459,0006-09-30 17:45:00,6,9,30,17,45,120,65,Magrinet,,,Plein jour,Hors agglomération,Hors intersection,Normale,Autre collision,,,,,,,,,,,1,1,1,1,6
200600051460,0006-09-13 18:00:00,6,9,13,18,0,120,172,,44.581,2.651,Plein jour,Hors agglomération,Hors intersection,Temps couvert,Trois véhicules et plus - collisions multiples,,,,,,,,,,,1,1,1,8,5
200600051461,0006-09-06 16:45:00,6,9,6,16,45,120,213,,,,Plein jour,Hors agglomération,Hors intersection,Normale,Deux véhicules - frontale,,,,,,,,,,,1,1,1,1,1
200600051462,0006-09-15 15:15:00,6,9,15,15,15,120,238,CD 911,,,Plein jour,Hors agglomération,Hors intersection,Pluie légère,Deux véhicules - frontale,,,,,,,,,,,1,1,1,2,1
200600051463,0006-09-08 20:30:00,6,9,8,20,30,120,300,Rulhe,,,Nuit sans éclairage public,Hors agglomération,Hors intersection,Normale,Deux véhicules - frontale,,,,,,,,,,,3,1,1,1,1
200600051464,0006-09-15 15:30:00,6,9,15,15,30,120,136,,44.429,2.125,Plein jour,Hors agglomération,Hors intersection,Pluie forte,Trois véhicules et plus - collisions multiples,,,,,,,,,,,1,1,1,3,5
200600051465,0006-09-19 12:45:00,6,9,19,12,45,120,300,Chemin des filtres,44.357,2.032,Plein jour,En agglomération,Hors intersection,Normale,Autre collision,,,,,,,,,,,1,2,1,1,6
200600051466,0006-09-23 12:00:00,6,9,23,12,0,120,300,,44.342,2.049,Plein jour,Hors agglomération,Hors intersection,Pluie légère,Deux véhicules - frontale,,,,,,,,,,,1,1,1,2,1
200600051467,0006-09-12 18:00:00,6,9,12,18,0,320,160,,43.613,0.961,Plein jour,Hors agglomération,Hors intersection,Pluie légère,Autre collision,,,,,,,,,,,1,1,1,2,6
200600051468,0006-09-27 18:00:00,6,9,27,18,0,320,213,our du chemin de vignole,,,Plein jour,En agglomération,Hors intersection,Temps éblouissant,Deux véhicules - frontale,,,,,,,,,,,1,2,1,7,1
200600051469,0006-09-04 06:15:00,6,9,4,6,15,320,462,,,,Nuit sans éclairage public,Hors agglomération,Hors intersection,Normale,Trois véhicules et plus - collisions multiples,,,,,,,,,,,3,1,1,1,5
200600051470,0006-09-12 17:15:00,6,9,12,17,15,320,462,rte de lannepax,,,Plein jour,Hors agglomération,Hors intersection,Normale,Deux véhicules - côté,,,,,,,,,,,1,1,1,1,3
200600051471,0006-09-03 19:00:00,6,9,3,19,0,320,107,route de Mézin,,,Crépuscule ou aube,En agglomération,Hors intersection,Temps éblouissant,Autre collision,,,,,,,,,,,2,2,1,7,6
200600051472,0006-09-20 19:25:00,6,9,20,19,25,320,345,"unal, lieu dit Le Double",,,Plein jour,Hors agglomération,Hors intersection,Normale,Autre collision,,,,,,,,,,,1,1,1,1,6
200600051473,0006-09-02 19:45:00,6,9,2,19,45,320,94,,43.784,-0.055,Plein jour,Hors agglomération,Hors intersection,Normale,Sans collision,,,,,,,,,,,1,1,1,1,7
200600051474,0006-09-13 05:30:00,6,9,13,5,30,320,125,,43.775,0.132,Nuit sans éclairage public,Hors agglomération,Hors intersection,Normale,Autre collision,,,,,,,,,,,3,1,1,1,6
200600051475,0006-09-01 20:00:00,6,9,1,20,0,320,208,,43.927,0.624,Crépuscule ou aube,Hors agglomération,Hors intersection,Normale,Deux véhicules - arrière,,,,,,,,,,,2,1,1,1,2
200600051476,0006-09-03 18:00:00,6,9,3,18,0,320,253,carrefour STE ROSE,,,Plein jour,Hors agglomération,Intersection en X,Normale,Sans collision,,,,,,,,,,,1,1,2,1,7
200600051477,0006-09-15 16:40:00,6,9,15,16,40,320,426,L.D. la barraque,,,Plein jour,Hors agglomération,Hors intersection,Normale,Autre collision,,,,,,,,,,,1,1,1,1,6
200600051478,0006-09-01 21:00:00,6,9,1,21,0,460,114,,44.572,1.123,Nuit sans éclairage public,Hors agglomération,Hors intersection,Normale,Autre collision,,,,,,,,,,,3,1,1,1,6
200600051479,0006-09-03 06:30:00,6,9,3,6,30,460,182,pont de la bergerie,44.482,1.289,Crépuscule ou aube,En agglomération,Hors intersection,Normale,Autre collision,,,,,,,,,,,2,2,1,1,6
200600051480,0006-09-04 14:45:00,6,9,4,14,45,460,277,,44.522,1.013,Plein jour,Hors agglomération,Hors intersection,Normale,Autre collision,,,,,,,,,,,1,1,1,1,6
200600051481,0006-09-17 15:45:00,6,9,17,15,45,460,89,,,,Nuit sans éclairage public,Hors agglomération,Intersection en Y,Pluie forte,Trois véhicules et plus - collisions multiples,,,,,,,,,,,3,1,4,3,5
200600051482,0006-09-19 16:00:00,6,9,19,16,0,460,128,avenue du 11 Novembre,44.781,1.728,Plein jour,En agglomération,Hors intersection,Normale,Autre collision,,,,,,,,,,,1,2,1,1,6
200600051483,0006-09-22 18:00:00,6,9,22,18,0,460,265,,44.949,1.651,Plein jour,Hors agglomération,Hors intersection,Pluie légère,Deux véhicules - frontale,,,,,,,,,,,1,1,1,2,1
200600051484,0006-09-08 13:15:00,6,9,8,13,15,460,309,avenue de Sarlat,44.897,1.479,Plein jour,En agglomération,Hors intersection,Normale,Deux véhicules - côté,,,,,,,,,,,1,2,1,1,3
200600051485,0006-09-11 06:30:00,6,9,11,6,30,650,183,,,,Nuit sans éclairage public,Hors agglomération,Hors intersection,Normale,Deux véhicules - frontale,,,,,,,,,,,3,1,1,1,1
200600051486,0006-09-01 07:45:00,6,9,1,7,45,650,460,,,,Plein jour,Hors agglomération,Hors intersection,Normale,Deux véhicules - arrière,,,,,,,,,,,1,1,1,1,2
200600051487,0006-09-20 15:15:00,6,9,20,15,15,650,432,,43.546,-0.015,Plein jour,Hors agglomération,Hors intersection,Normale,Deux véhicules - arrière,,,,,,,,,,,1,1,1,1,2
200600051488,0006-09-29 19:00:00,6,9,29,19,0,650,29,RD 918,,,Plein jour,Hors agglomération,Hors intersection,Normale,Deux véhicules - frontale,,,,,,,,,,,1,1,1,1,1
200600051489,0006-09-23 20:30:00,6,9,23,20,30,650,59,Lieu dit Haut de la Côte,43.086,0.166,Nuit sans éclairage public,En agglomération,Hors intersection,Normale,Deux véhicules - côté,,,,,,,,,,,3,2,1,1,3
200600051490,0006-09-10 18:00:00,6,9,10,18,0,810,3,,,,Plein jour,Hors agglomération,Hors intersection,Normale,Deux véhicules - frontale,,,,,,,,,,,1,1,1,1,1
200600051491,0006-09-29 18:10:00,6,9,29,18,10,810,156,Route de Toulouse,,,Plein jour,En agglomération,Hors intersection,Normale,Deux véhicules - arrière,,,,,,,,,,,1,2,1,1,2
200600051492,0006-09-04 08:10:00,6,9,4,8,10,810,74,LES COMBETTES,,,Plein jour,Hors agglomération,Hors intersection,Normale,Deux véhicules - frontale,,,,,,,,,,,1,1,1,1,1
200600051493,0006-09-01 11:45:00,6,9,1,11,45,810,281,,43.619,2.099,Plein jour,Hors agglomération,Hors intersection,Normale,Deux véhicules - côté,,,,,,,,,,,1,1,1,1,3