accident_id,datetime,annee,mois,jour,heure,minute,departement,commune_insee,adresse,latitude,longitude,luminosite,agglomeration,intersection,meteo,collision,nb_vehicules,nb_usagers,nb_indemnes,nb_tues,nb_blesses_hosp,nb_blesses_legers,age_cond_1,age_cond_2,veh_type_cond_1,veh_type_cond_2,lum_code,agg_code,int_code,atm_code,col_code
200600051494,0006-09-05 04:00:00,6,9,5,4,0,810,140,,43.709,1.798,Nuit sans éclairage public,Hors agglomération,Hors intersection,Normale,Deux véhicules - frontale,,,,,,,,,,,3,1,1,1,1
200600051495,0006-09-08 15:30:00,6,9,8,15,30,810,140,"112, Allées Jean Jaurès",,,Plein jour,En agglomération,Hors intersection,Normale,Autre collision,,,,,,,,,,,1,2,1,1,6
200600051496,0006-09-29 18:30:00,6,9,29,18,30,810,182,Chemin rural n°,,,Plein jour,Hors agglomération,Hors intersection,Temps couvert,Sans collision,,,,,,,,,,,1,1,1,8,7
200600051497,0006-09-28 16:30:00,6,9,28,16,30,810,38,,43.891,1.908,Plein jour,Hors agglomération,Hors intersection,Normale,Trois véhicules et plus - collisions multiples,,,,,,,,,,,1,1,1,1,5
200600051498,0006-09-04 11:15:00,6,9,4,11,15,810,220,"u - dit ""La Pigeonnière""",43.894,1.701,Plein jour,Hors agglomération,Hors intersection,Normale,Deux véhicules - côté,,,,,,,,,,,1,1,1,1,3
200600051499,0006-09-23 18:00:00,6,9,23,18,0,810,70,,43.796,1.759,Plein jour,Hors agglomération,Hors intersection,Normale,Trois véhicules et plus - en chaîne,,,,,,,,,,,1,1,1,1,4
200600051500,0006-09-11 18:30:00,6,9,11,18,30,810,235,,,,Plein jour,En agglomération,Giratoire,Normale,Deux véhicules - côté,,,,,,,,,,,1,2,6,1,3
200600051501,0006-09-22 05:00:00,6,9,22,5,0,810,142,,43.525,2.075,Crépuscule ou aube,Hors agglomération,Hors intersection,Vent fort / tempête,Autre collision,,,,,,,,,,,2,1,1,6,6
200600051502,0006-09-17 14:15:00,6,9,17,14,15,820,179,BRD DE LA REPUBLIQUE,44.179,1.621,Plein jour,En agglomération,Hors intersection,Normale,Deux véhicules - côté,,,,,,,,,,,1,2,1,1,3
200600051503,0006-09-24 17:05:00,6,9,24,17,5,820,87,le Saula,,,Plein jour,Hors agglomération,Hors intersection,Pluie forte,Autre collision,,,,,,,,,,,1,1,1,3,6
200600051504,0006-09-25 10:37:00,6,9,25,10,37,820,131,Passedat,44.23,1.485,Plein jour,Hors agglomération,Hors intersection,Normale,Deux véhicules - frontale,,,,,,,,,,,1,1,1,1,1
200600051505,0006-09-25 16:30:00,6,9,25,16,30,820,126,- lieu-dit Les Peyrières,,,Plein jour,Hors agglomération,Hors intersection,Normale,Autre collision,,,,,,,,,,,1,1,1,1,6
200600051506,0006-09-08 23:50:00,6,9,8,23,50,820,134,"Lieu dit ""Les sapins""",,,Nuit sans éclairage public,Hors agglomération,Hors intersection,Normale,Sans collision,,,,,,,,,,,3,1,1,1,7
200600051507,0006-09-09 04:05:00,6,9,9,4,5,820,132,lieu dit Le Poustel,,,Nuit avec éclairage non allumé,En agglomération,Hors intersection,Brouillard / fumée,Sans collision,,,,,,,,,,,4,2,1,5,7
200600051508,0006-09-10 22:45:00,6,9,10,22,45,820,26,CD964 PK18+900,,,Nuit sans éclairage public,Hors agglomération,Hors intersection,Normale,Deux véhicules - frontale,,,,,,,,,,,3,1,1,1,1
200600051509,0006-09-23 18:45:00,6,9,23,18,45,820,26,hemin du Pech à Vayssède,44.059,1.647,Crépuscule ou aube,Hors agglomération,Hors intersection,Normale,Autre collision,,,,,,,,,,,2,1,1,1,6
200600051510,0006-09-30 06:15:00,6,9,30,6,15,820,155,,,,Nuit sans éclairage public,Hors agglomération,Hors intersection,Normale,Autre collision,,,,,,,,,,,3,1,1,1,6
200600051511,0006-09-15 18:30:00,6,9,15,18,30,820,59,,43.86,0.985,Plein jour,Hors agglomération,Hors intersection,Normale,Deux véhicules - côté,,,,,,,,,,,1,1,1,1,3
200600051512,0006-09-22 13:45:00,6,9,22,13,45,820,93,,43.945,1.095,Plein jour,Hors agglomération,Hors intersection,Pluie légère,Autre collision,,,,,,,,,,,1,1,1,2,6
200600051513,0006-09-27 10:00:00,6,9,27,10,0,820,102,,44.037,0.851,Plein jour,Hors agglomération,Hors intersection,Normale,Autre collision,,,,,,,,,,,1,1,1,1,6
200600051514,0006-09-06 18:30:00,6,9,6,18,30,820,27,,,,Plein jour,Hors agglomération,Hors intersection,Normale,Sans collision,,,,,,,,,,,1,1,1,1,7
200600051515,0006-09-14 17:15:00,6,9,14,17,15,820,99,Lieudit Tricardis Bas,,,Plein jour,Hors agglomération,Hors intersection,Pluie forte,Deux véhicules - côté,,,,,,,,,,,1,1,1,3,3
200600051516,0006-09-02 07:15:00,6,9,2,7,15,820,72,D 953  PK37+000,,,Plein jour,Hors agglomération,Hors intersection,Normale,Sans collision,,,,,,,,,,,1,1,1,1,7
200600051517,0006-09-21 09:45:00,6,9,21,9,45,820,186,Avenue de Bordeaux,,,Plein jour,En agglomération,Hors intersection,Normale,Deux véhicules - côté,,,,,,,,,,,1,2,1,1,3
200600051518,0006-09-29 12:10:00,6,9,29,12,10,820,186,"""Lastour""",,,Plein jour,Hors agglomération,Hors intersection,Normale,Deux véhicules - frontale,,,,,,,,,,,1,1,1,1,1
200600051519,0006-09-29 14:50:00,6,9,29,14,50,820,141,"Lieu dit ""Marquette""",,,Plein jour,Hors agglomération,Hors intersection,Normale,Deux véhicules - frontale,,,,,,,,,,,1,1,1,1,1
200600051520,0006-09-18 17:30:00,6,9,18,17,30,690,271,et Avenue du Général de,,,Plein jour,En agglomération,Intersection en X,Normale,Deux véhicules - côté,,,,,,,,,,,1,2,2,1,3
200600051521,0006-09-20 16:00:00,6,9,20,16,0,690,277,,45.741,5.027,Plein jour,Hors agglomération,Hors intersection,Normale,Sans collision,,,,,,,,,,,1,1,1,1,7
200600051522,0006-09-06 14:45:00,6,9,6,14,45,690,125,Route de Chazay d'Azergu,,,Plein jour,En agglomération,Hors intersection,Normale,Deux véhicules - côté,,,,,,,,,,,1,2,1,1,3
200600051523,0006-09-26 13:00:00,6,9,26,13,0,690,125,CD 16 route de Neuville,,,Plein jour,En agglomération,Hors intersection,Normale,Deux véhicules - côté,,,,,,,,,,,1,2,1,1,3
200600051524,0006-09-02 15:45:00,6,9,2,15,45,690,279,,,,Plein jour,Hors agglomération,Giratoire,Normale,Sans collision,,,,,,,,,,,1,1,6,1,7
200600051525,0006-09-01 10:15:00,6,9,1,10,15,690,163,,,,Plein jour,Hors agglomération,Hors intersection,Normale,Sans collision,,,,,,,,,,,1,1,1,1,7
200600051526,0006-09-11 19:00:00,6,9,11,19,0,690,278,rond point des DOMBES,,,Plein jour,En agglomération,Hors intersection,Normale,Deux véhicules - arrière,,,,,,,,,,,1,2,1,1,2
200600051527,0006-09-25 19:45:00,6,9,25,19,45,690,68,CD 51 - Rue Gabriel Peri,,,Crépuscule ou aube,En agglomération,Hors intersection,Normale,Deux véhicules - frontale,,,,,,,,,,,2,2,1,1,1
200600051528,0006-09-25 21:15:00,6,9,25,21,15,690,286,ROUTE DE STRASBOURG,,,Nuit avec éclairage allumé,En agglomération,Hors intersection,Normale,Deux véhicules - côté,,,,,,,,,,,5,2,1,1,3
200600051529,0006-09-13 21:30:00,6,9,13,21,30,690,204,av Gadagne/rue Martyrs,,,Nuit avec éclairage allumé,En agglomération,Intersection en X,Normale,Deux véhicules - côté,,,,,,,,,,,5,2,2,1,3
200600051530,0006-09-14 13:00:00,6,9,14,13,0,690,204,Sortie parking AUCHAN,45.684,4.79,Plein jour,En agglomération,Hors intersection,Normale,Autre collision,,,,,,,,,,,1,2,1,1,6
200600051531,0006-09-20 18:30:00,6,9,20,18,30,690,204,NCISQUE DARCIEUX - CD 42,45.724,4.773,Plein jour,En agglomération,Intersection en Y,Normale,Deux véhicules - côté,,,,,,,,,,,1,2,4,1,3
200600051532,0006-09-05 19:30:00,6,9,5,19,30,690,289,ROUTE DE GIVORS,45.652,5.013,Crépuscule ou aube,En agglomération,Hors intersection,Normale,Deux véhicules - côté,,,,,,,,,,,2,2,1,1,3
200600051533,0006-09-28 18:45:00,6,9,28,18,45,690,299,,45.7,5.078,Plein jour,Hors agglomération,Hors intersection,Normale,Deux véhicules - frontale,,,,,,,,,,,1,1,1,1,1
200600051534,0006-09-16 07:50:00,6,9,16,7,50,690,283,Rue du 23 aout 1944,,,Plein jour,En agglomération,Hors intersection,Normale,Deux véhicules - frontale,,,,,,,,,,,1,2,1,1,1
200600051535,0006-09-23 14:45:00,6,9,23,14,45,690,273,Corbetta - Lumière,,,Plein jour,En agglomération,Hors intersection,Normale,Deux véhicules - côté,,,,,,,,,,,1,2,1,1,3
200600051536,0006-09-24 20:15:00,6,9,24,20,15,690,283,CD 149,,,Nuit sans éclairage public,Hors agglomération,Hors intersection,Normale,Deux véhicules - côté,,,,,,,,,,,3,1,1,1,3
200600051537,0006-09-29 17:00:00,6,9,29,17,0,690,273,route de MIONS,,,Plein jour,En agglomération,Hors intersection,Normale,Sans collision,,,,,,,,,,,1,2,1,1,7
200600051538,0006-09-03 15:00:00,6,9,3,15,0,690,236,,,,Plein jour,Hors agglomération,Hors intersection,Normale,Deux véhicules - côté,,,,,,,,,,,1,1,1,1,3
200600051539,0006-09-13 08:00:00,6,9,13,8,0,690,136,montée de sourzy,,,Plein jour,En agglomération,Hors intersection,Normale,Deux véhicules - côté,,,,,,,,,,,1,2,1,1,3
200600051540,0006-09-21 07:15:00,6,9,21,7,15,690,136,,,,Crépuscule ou aube,Hors agglomération,Hors intersection,Normale,Deux véhicules - côté,,,,,,,,,,,2,1,1,1,3
200600051541,0006-09-10 11:40:00,6,9,10,11,40,690,32,RN7,,,Plein jour,Hors agglomération,Hors intersection,Normale,Sans collision,,,,,,,,,,,1,1,1,1,7
200600051542,0006-09-11 18:30:00,6,9,11,18,30,690,86,RN7,,,Plein jour,Hors agglomération,Hors intersection,Normale,Sans collision,,,,,,,,,,,1,1,1,1,7
200600051543,0006-09-30 13:00:00,6,9,30,13,0,690,21,,,,Plein jour,Hors agglomération,Hors intersection,Normale,Autre collision,,,,,,,,,,,1,1,1,1,6
200600051544,0006-09-02 17:25:00,6,9,2,17,25,690,238,"unal, cité de Clérimbert",,,Plein jour,En agglomération,Hors intersection,Normale,Sans collision,,,,,,,,,,,1,2,1,1,7
200600051545,0006-09-06 16:00:00,6,9,6,16,0,690,255,8 Route de bordeaux,45.744,4.688,Plein jour,Hors agglomération,Hors intersection,Normale,Deux véhicules - côté,,,,,,,,,,,1,1,1,1,3
200600051546,0006-09-09 00:15:00,6,9,9,0,15,690,249,,45.67,4.63,Nuit sans éclairage public,Hors agglomération,Hors intersection,Normale,Deux véhicules - frontale,,,,,,,,,,,3,1,1,1,1
200600051547,0006-09-30 15:45:00,6,9,30,15,45,690,297,RD 312,,,Plein jour,En agglomération,Hors intersection,Temps couvert,Deux véhicules - frontale,,,,,,,,,,,1,2,1,8,1
200600051548,0006-09-17 03:45:00,6,9,17,3,45,690,170,,,,Nuit sans éclairage public,Hors agglomération,Hors intersection,Normale,Autre collision,,,,,,,,,,,3,1,1,1,6
200600051549,0006-09-18 03:30:00,6,9,18,3,30,690,148,"RD 342 - Les 7 Chemins,",,,Nuit avec éclairage allumé,En agglomération,Intersection en X,Normale,Deux véhicules - arrière,,,,,,,,,,,5,2,2,1,2
200600051550,0006-09-05 16:00:00,6,9,5,16,0,690,74,LES LOUATTES,,,Plein jour,Hors agglomération,Intersection en X,Normale,Trois véhicules et plus - collisions multiples,,,,,,,,,,,1,1,2,1,5
200600051551,0006-09-14 08:30:00,6,9,14,8,30,690,74,,,,Plein jour,Hors agglomération,Hors intersection,Pluie légère,Sans collision,,,,,,,,,,,1,1,1,2,7
200600051552,0006-09-22 11:20:00,6,9,22,11,20,690,23,FOND DE FLACE,,,Plein jour,En agglomération,Hors intersection,Normale,Deux véhicules - frontale,,,,,,,,,,,1,2,1,1,1
200600051553,0006-09-08 23:00:00,6,9,8,23,0,690,114,,,,Nuit avec éclairage allumé,Hors agglomération,Hors intersection,Normale,Deux véhicules - arrière,,,,,,,,,,,5,1,1,1,2
200600051554,0006-09-19 14:00:00,6,9,19,14,0,690,47,,,,Plein jour,Hors agglomération,Hors intersection,Normale,Autre collision,,,,,,,,,,,1,1,1,1,6
200600051555,0006-09-21 15:00:00,6,9,21,15,0,690,121,CD 385 route de Lyon,,,Plein jour,Hors agglomération,Hors intersection,Normale,Deux véhicules - côté,,,,,,,,,,,1,1,1,1,3
200600051556,0006-09-20 18:45:00,6,9,20,18,45,690,5,,,,Crépuscule ou aube,Hors agglomération,Hors intersection,Normale,Autre collision,,,,,,,,,,,2,1,1,1,6
200600051557,0006-09-20 09:00:00,6,9,20,9,0,690,52,route de lozanne,,,Plein jour,En agglomération,Giratoire,Normale,Deux véhicules - côté,,,,,,,,,,,1,2,6,1,3
200600051558,0006-09-09 19:15:00,6,9,9,19,15,690,36,D.37 LE BOURG,46.123,4.67,Plein jour,En agglomération,Hors intersection,Normale,Deux véhicules - côté,,,,,,,,,,,1,2,1,1,3
200600051559,0006-09-15 10:00:00,6,9,15,10,0,690,19,4 RUE BALLOFET DURY,46.112,4.743,Plein jour,En agglomération,Hors intersection,Pluie légère,Deux véhicules - frontale,,,,,,,,,,,1,2,1,2,1
200600051560,0006-09-18 12:45:00,6,9,18,12,45,690,198,les 4 croix,46.079,4.647,Plein jour,Hors agglomération,Hors intersection,Normale,Deux véhicules - côté,,,,,,,,,,,1,1,1,1,3
200600051561,0006-09-10 03:00:00,6,9,10,3,0,690,113,CD385,,,Nuit sans éclairage public,Hors agglomération,Hors intersection,Normale,Sans collision,,,,,,,,,,,3,1,1,1,7
200600051562,0006-09-10 17:00:00,6,9,10,17,0,690,239,,,,Plein jour,Hors agglomération,Hors intersection,Normale,Deux véhicules - frontale,,,,,,,,,,,1,1,1,1,1
200600051563,0006-09-30 04:45:00,6,9,30,4,45,690,225,,45.89,4.462,Nuit sans éclairage public,Hors agglomération,Autre intersection,Normale,Autre collision,,,,,,,,,,,3,1,9,1,6
200600051564,0006-09-22 02:15:00,6,9,22,2,15,690,6,13 route de Roanne,,,Nuit avec éclairage allumé,En agglomération,Hors intersection,Normale,Sans collision,,,,,,,,,,,5,2,1,1,7
200600051565,0006-09-14 07:45:00,6,9,14,7,45,690,214,,,,Plein jour,Hors agglomération,Hors intersection,Pluie légère,Deux véhicules - frontale,,,,,,,,,,,1,1,1,2,1
200600051566,0006-09-14 09:45:00,6,9,14,9,45,690,214,,,,Plein jour,Hors agglomération,Hors intersection,Normale,Autre collision,,,,,,,,,,,1,1,1,1,6
200600051567,0006-09-28 16:30:00,6,9,28,16,30,690,248,15 rue Edouard Millaud,46.032,4.314,Plein jour,En agglomération,Hors intersection,Normale,Autre collision,,,,,,,,,,,1,2,1,1,6
200600051568,0006-09-27 17:45:00,6,9,27,17,45,10,301,tale 67 Route de Montcet,,,Plein jour,Hors agglomération,Hors intersection,Normale,Sans collision,,,,,,,,,,,1,1,1,1,7
200600051569,0006-09-08 15:15:00,6,9,8,15,15,10,445,,,,Plein jour,Hors agglomération,Hors intersection,Normale,Deux véhicules - côté,,,,,,,,,,,1,1,1,1,3
200600051570,0006-09-30 17:35:00,6,9,30,17,35,10,232,Les cornus,,,Plein jour,Hors agglomération,Hors intersection,Pluie légère,Autre collision,,,,,,,,,,,1,1,1,2,6
200600051571,0006-09-29 17:15:00,6,9,29,17,15,10,130,ntersection D975 et D92A,,,Plein jour,Hors agglomération,Hors intersection,Normale,Deux véhicules - frontale,,,,,,,,,,,1,1,1,1,1
200600051572,0006-09-28 07:45:00,6,9,28,7,45,10,163,FACE CHATEAU D EAU,,,Plein jour,En agglomération,Hors intersection,Temps couvert,Deux véhicules - frontale,,,,,,,,,,,1,2,1,8,1
200600051573,0006-09-15 06:45:00,6,9,15,6,45,10,145,,,,Crépuscule ou aube,Hors agglomération,Hors intersection,Pluie forte,Deux véhicules - frontale,,,,,,,,,,,2,1,1,3,1
200600051574,0006-09-09 05:20:00,6,9,9,5,20,10,159,Grande Rue,,,Nuit avec éclairage allumé,En agglomération,Hors intersection,Normale,Deux véhicules - arrière,,,,,,,,,,,5,2,1,1,2
200600051575,0006-09-14 18:45:00,6,9,14,18,45,10,320,,,,Crépuscule ou aube,Hors agglomération,Hors intersection,Normale,Deux véhicules - frontale,,,,,,,,,,,2,1,1,1,1
200600051576,0006-09-16 05:00:00,6,9,16,5,0,10,320,,,,Nuit avec éclairage allumé,Hors agglomération,Hors intersection,Brouillard / fumée,Deux véhicules - arrière,,,,,,,,,,,5,1,1,5,2
200600051577,0006-09-23 17:45:00,6,9,23,17,45,10,407,rue churchill,,,Plein jour,En agglomération,Intersection en T,Normale,Deux véhicules - côté,,,,,,,,,,,1,2,3,1,3
200600051578,0006-09-26 06:15:00,6,9,26,6,15,10,34,"D992 - PK 23,500",,,Nuit sans éclairage public,Hors agglomération,Hors intersection,Pluie légère,Deux véhicules - frontale,,,,,,,,,,,3,1,1,2,1
200600051579,0006-09-04 13:30:00,6,9,4,13,30,10,118,Puthier,45.993,5.794,Plein jour,En agglomération,Hors intersection,Normale,Sans collision,,,,,,,,,,,1,2,1,1,7
200600051580,0006-09-12 19:15:00,6,9,12,19,15,10,73,route de belley,,,Crépuscule ou aube,Hors agglomération,Intersection en X,Normale,Deux véhicules - côté,,,,,,,,,,,2,1,2,1,3
200600051581,0006-09-03 18:00:00,6,9,3,18,0,10,202,Route Nationale 75,,,Plein jour,Hors agglomération,Hors intersection,Normale,Deux véhicules - arrière,,,,,,,,,,,1,1,1,1,2
200600051582,0006-09-07 11:45:00,6,9,7,11,45,10,202,place de la liberté,,,Plein jour,En agglomération,Hors intersection,Normale,Deux véhicules - frontale,,,,,,,,,,,1,2,1,1,1
200600051583,0006-09-08 11:55:00,6,9,8,11,55,10,202,Route de Posafol,,,Plein jour,Hors agglomération,Hors intersection,Normale,Deux véhicules - côté,,,,,,,,,,,1,1,1,1,3
200600051584,0006-09-15 14:30:00,6,9,15,14,30,10,4,rue Roger Salengro,,,Plein jour,En agglomération,Hors intersection,Pluie légère,Autre collision,,,,,,,,,,,1,2,1,2,6
200600051585,0006-09-20 19:45:00,6,9,20,19,45,10,421,05 Route des balmettes,,,Crépuscule ou aube,En agglomération,Hors intersection,Normale,Deux véhicules - côté,,,,,,,,,,,2,2,1,1,3
200600051586,0006-09-29 17:00:00,6,9,29,17,0,10,4,Avenue Léon bLUM,,,Plein jour,En agglomération,Hors intersection,Normale,Autre collision,,,,,,,,,,,1,2,1,1,6
200600051587,0006-09-28 16:45:00,6,9,28,16,45,10,265,Rue du Landeyron,,,Plein jour,En agglomération,Hors intersection,Normale,Deux véhicules - côté,,,,,,,,,,,1,2,1,1,3
200600051588,0006-09-23 17:05:00,6,9,23,17,5,10,33,Rue Georges MARIN,,,Plein jour,En agglomération,Intersection en T,Normale,Deux véhicules - frontale,,,,,,,,,,,1,2,3,1,1
200600051589,0006-09-27 18:30:00,6,9,27,18,30,10,399,ROUTE BLANCHE - CD1005,46.301,6.075,Plein jour,En agglomération,Hors intersection,Normale,Deux véhicules - côté,,,,,,,,,,,1,2,1,1,3
200600051590,0006-09-27 08:25:00,6,9,27,8,25,10,173,"Route de Lyon, CD 984 C",,,Plein jour,En agglomération,Hors intersection,Normale,Deux véhicules - côté,,,,,,,,,,,1,2,1,1,3
200600051591,0006-09-17 07:30:00,6,9,17,7,30,10,339,avenue des helvetes,,,Crépuscule ou aube,En agglomération,Hors intersection,Normale,Deux véhicules - frontale,,,,,,,,,,,2,2,1,1,1
200600051592,0006-09-13 07:55:00,6,9,13,7,55,10,235,carrefour RD1083 - RD90,,,Plein jour,Hors agglomération,Intersection en T,Normale,Deux véhicules - côté,,,,,,,,,,,1,1,3,1,3
200600051593,0006-09-23 16:30:00,6,9,23,16,30,10,235,,,,Plein jour,Hors agglomération,Hors intersection,Normale,Autre collision,,,,,,,,,,,1,1,1,1,6
200600051594,0006-09-05 17:45:00,6,9,5,17,45,10,1,,46.139,4.927,Plein jour,Hors agglomération,Hors intersection,Normale,Deux véhicules - frontale,,,,,,,,,,,1,1,1,1,1
200600051595,0006-09-24 06:45:00,6,9,24,6,45,10,457,Avenue des Sports,,,Plein jour,En agglomération,Hors intersection,Normale,Autre collision,,,,,,,,,,,1,2,1,1,6
200600051596,0006-09-29 18:30:00,6,9,29,18,30,10,1,lieu dit Etang masson,,,Plein jour,Hors agglomération,Hors intersection,Normale,Autre collision,,,,,,,,,,,1,1,1,1,6
200600051597,0006-09-30 17:45:00,6,9,30,17,45,10,429,Les cadolles,,,Plein jour,Hors agglomération,Hors intersection,Pluie légère,Deux véhicules - frontale,,,,,,,,,,,1,1,1,2,1
200600051598,0006-09-26 07:55:00,6,9,26,7,55,10,244,oute d'AMBERIEU EN BUGEY,,,Plein jour,Hors agglomération,Hors intersection,Normale,Autre collision,,,,,,,,,,,1,1,1,1,6
200600051599,0006-09-28 16:30:00,6,9,28,16,30,10,244,avenue du Dr BOYER,,,Plein jour,En agglomération,Hors intersection,Normale,Deux véhicules - côté,,,,,,,,,,,1,2,1,1,3
200600051600,0006-09-03 05:30:00,6,9,3,5,30,10,32,route de GENEVE - LA VAL,,,Crépuscule ou aube,En agglomération,Hors intersection,Normale,Autre collision,,,,,,,,,,,2,2,1,1,6
200600051601,0006-09-05 15:10:00,6,9,5,15,10,10,333,D1083 PK 11,,,Plein jour,Hors agglomération,Intersection en T,Normale,Deux véhicules - côté,,,,,,,,,,,1,1,3,1,3
200600051602,0006-09-01 22:45:00,6,9,1,22,45,10,28,,,,Nuit sans éclairage public,Hors agglomération,Hors intersection,Normale,Autre collision,,,,,,,,,,,3,1,1,1,6
200600051603,0006-09-12 13:30:00,6,9,12,13,30,70,331,CD 578 - Maison n° 54,,,Plein jour,En agglomération,Hors intersection,Normale,Deux véhicules - côté,,,,,,,,,,,1,2,1,1,3
200600051604,0006-09-03 18:15:00,6,9,3,18,15,70,5,,,,Plein jour,Hors agglomération,Intersection en X,Normale,Deux véhicules - côté,,,,,,,,,,,1,1,2,1,3
200600051605,0006-09-03 13:50:00,6,9,3,13,50,70,319,10 avenue henri barbusse,,,Plein jour,En agglomération,Hors intersection,Normale,Deux véhicules - côté,,,,,,,,,,,1,2,1,1,3
200600051606,0006-09-04 18:00:00,6,9,4,18,0,70,346,,,,Plein jour,Hors agglomération,Hors intersection,Normale,Sans collision,,,,,,,,,,,1,1,1,1,7
200600051607,0006-09-07 11:45:00,6,9,7,11,45,70,319,"54, Rue de la république",,,Plein jour,En agglomération,Hors intersection,Normale,Autre collision,,,,,,,,,,,1,2,1,1,6
200600051608,0006-09-18 11:15:00,6,9,18,11,15,70,66,,44.689,4.666,Plein jour,Hors agglomération,Hors intersection,Normale,Deux véhicules - côté,,,,,,,,,,,1,1,1,1,3
200600051609,0006-09-26 14:45:00,6,9,26,14,45,70,349,rue de la Blache,44.811,4.784,Plein jour,En agglomération,Hors intersection,Normale,Deux véhicules - frontale,,,,,,,,,,,1,2,1,1,1
200600051610,0006-09-13 18:00:00,6,9,13,18,0,70,327,,,,Plein jour,Hors agglomération,Hors intersection,Normale,Trois véhicules et plus - collisions multiples,,,,,,,,,,,1,1,1,1,5
200600051611,0006-09-02 17:00:00,6,9,2,17,0,70,121,,44.83,4.031,Plein jour,Hors agglomération,Hors intersection,Normale,Deux véhicules - frontale,,,,,,,,,,,1,1,1,1,1
200600051612,0006-09-17 07:30:00,6,9,17,7,30,70,130,village,44.731,4.009,Crépuscule ou aube,En agglomération,Hors intersection,Normale,Autre collision,,,,,,,,,,,2,2,1,1,6
200600051613,0006-09-28 09:00:00,6,9,28,9,0,70,182,,,,Plein jour,En agglomération,Hors intersection,Normale,Deux véhicules - frontale,,,,,,,,,,,1,2,1,1,1
200600051614,0006-09-23 10:00:00,6,9,23,10,0,70,304,Les Brugières,44.385,4.374,Plein jour,Hors agglomération,Hors intersection,Temps couvert,Autre collision,,,,,,,,,,,1,1,1,8,6
200600051615,0006-09-20 15:30:00,6,9,20,15,30,70,280,,,,Plein jour,Hors agglomération,Hors intersection,Normale,Sans collision,,,,,,,,,,,1,1,1,1,7
200600051616,0006-09-08 10:00:00,6,9,8,10,0,70,324,Avenue du 08 mai 45,,,Plein jour,En agglomération,Hors intersection,Normale,Deux véhicules - frontale,,,,,,,,,,,1,2,1,1,1
200600051617,0006-09-09 09:00:00,6,9,9,9,0,70,165,le village,44.938,4.485,Plein jour,En agglomération,Hors intersection,Normale,Autre collision,,,,,,,,,,,1,2,1,1,6
200600051618,0006-09-29 11:00:00,6,9,29,11,0,70,338,,44.913,4.653,Plein jour,Hors agglomération,Hors intersection,Normale,Deux véhicules - côté,,,,,,,,,,,1,1,1,1,3
200600051619,0006-09-30 20:30:00,6,9,30,20,30,70,129,AVE PAUL BRUAS,,,Nuit sans éclairage public,En agglomération,Hors intersection,Pluie légère,Deux véhicules - côté,,,,,,,,,,,3,2,1,2,3
200600051620,0006-09-14 08:15:00,6,9,14,8,15,70,301,,,,Plein jour,Hors agglomération,Hors intersection,Pluie légère,Sans collision,,,,,,,,,,,1,1,1,2,7
200600051621,0006-09-03 21:30:00,6,9,3,21,30,260,206,"CD 538 A, Grande rue",,,Nuit avec éclairage allumé,En agglomération,Hors intersection,Normale,Deux véhicules - frontale,,,,,,,,,,,5,2,1,1,1
200600051622,0006-09-03 12:00:00,6,9,3,12,0,260,108,,44.722,5.011,Plein jour,Hors agglomération,Hors intersection,Normale,Deux véhicules - frontale,,,,,,,,,,,1,1,1,1,1
200600051623,0006-09-19 08:45:00,6,9,19,8,45,260,108,Intersection du Cours JO,,,Plein jour,En agglomération,Hors intersection,Normale,Autre collision,,,,,,,,,,,1,2,1,1,6
200600051624,0006-09-15 18:00:00,6,9,15,18,0,260,144,,44.746,4.897,Plein jour,Hors agglomération,Hors intersection,Pluie légère,Deux véhicules - côté,,,,,,,,,,,1,1,1,2,3
200600051625,0006-09-28 19:45:00,6,9,28,19,45,260,166,,44.76,4.762,Crépuscule ou aube,Hors agglomération,Hors intersection,Normale,Trois véhicules et plus - collisions multiples,,,,,,,,,,,2,1,1,1,5
200600051626,0006-09-29 14:45:00,6,9,29,14,45,260,31,,,,Plein jour,Hors agglomération,Intersection en X,Normale,Deux véhicules - côté,,,,,,,,,,,1,1,2,1,3
200600051627,0006-09-29 19:00:00,6,9,29,19,0,260,31,,,,Plein jour,Hors agglomération,Intersection en X,Normale,Deux véhicules - côté,,,,,,,,,,,1,1,2,1,3
200600051628,0006-09-03 11:30:00,6,9,3,11,30,260,169,,44.494,4.753,Plein jour,Hors agglomération,Hors intersection,Normale,Autre collision,,,,,,,,,,,1,1,1,1,6
200600051629,0006-09-06 14:30:00,6,9,6,14,30,260,169,,44.499,4.744,Plein jour,Hors agglomération,Intersection en T,Normale,Deux véhicules - côté,,,,,,,,,,,1,1,3,1,3
200600051630,0006-09-21 17:30:00,6,9,21,17,30,260,145,,,,Plein jour,Hors agglomération,Hors intersection,Normale,Deux véhicules - côté,,,,,,,,,,,1,1,1,1,3
200600051631,0006-09-02 13:00:00,6,9,2,13,0,260,235,carrefour RN.7-RN.93,,,Plein jour,Hors agglomération,Hors intersection,Normale,Deux véhicules - côté,,,,,,,,,,,1,1,1,1,3