accident_id,datetime,annee,mois,jour,heure,minute,departement,commune_insee,adresse,latitude,longitude,luminosite,agglomeration,intersection,meteo,collision,nb_vehicules,nb_usagers,nb_indemnes,nb_tues,nb_blesses_hosp,nb_blesses_legers,age_cond_1,age_cond_2,veh_type_cond_1,veh_type_cond_2,lum_code,agg_code,int_code,atm_code,col_code
200600052178,0006-09-27 17:00:00,6,9,27,17,0,130,107,nue du Général de Gaulle,,,Plein jour,En agglomération,Hors intersection,Normale,Sans collision,,,,,,,,,,,1,2,1,1,7
200600052179,0006-09-24 06:15:00,6,9,24,6,15,130,19,,43.43,5.342,Crépuscule ou aube,Hors agglomération,Giratoire,Pluie légère,Sans collision,,,,,,,,,,,2,1,6,2,7
200600052180,0006-09-28 15:15:00,6,9,28,15,15,130,72,,,,Plein jour,Hors agglomération,Hors intersection,Normale,Deux véhicules - frontale,,,,,,,,,,,1,1,1,1,1
200600052181,0006-09-10 17:30:00,6,9,10,17,30,130,96,,,,Plein jour,Hors agglomération,Hors intersection,Temps éblouissant,Trois véhicules et plus - collisions multiples,,,,,,,,,,,1,1,1,7,5
200600052182,0006-09-30 19:45:00,6,9,30,19,45,130,96,,,,Nuit sans éclairage public,Hors agglomération,Hors intersection,Temps couvert,Deux véhicules - côté,,,,,,,,,,,3,1,1,8,3
200600052183,0006-09-04 10:30:00,6,9,4,10,30,130,97,PR7+800,43.581,4.776,Plein jour,Hors agglomération,Hors intersection,Normale,Sans collision,,,,,,,,,,,1,1,1,1,7
200600052184,0006-09-28 12:15:00,6,9,28,12,15,130,30,,,,Plein jour,Hors agglomération,Hors intersection,Normale,Sans collision,,,,,,,,,,,1,1,1,1,7
200600052185,0006-09-28 17:50:00,6,9,28,17,50,130,42,"ol de l'Espigoulier, CD2",,,Plein jour,Hors agglomération,Hors intersection,Normale,Sans collision,,,,,,,,,,,1,1,1,1,7
200600052186,0006-09-01 23:00:00,6,9,1,23,0,130,22,Avenue des Gorguettes,43.232,5.537,Nuit avec éclairage allumé,En agglomération,Hors intersection,Normale,Deux véhicules - côté,,,,,,,,,,,5,2,1,1,3
200600052187,0006-09-01 11:00:00,6,9,1,11,0,130,22,,,,Plein jour,Hors agglomération,Hors intersection,Normale,Deux véhicules - frontale,,,,,,,,,,,1,1,1,1,1
200600052188,0006-09-05 20:45:00,6,9,5,20,45,130,22,avenue des terrasses,,,Nuit avec éclairage allumé,En agglomération,Hors intersection,Normale,Deux véhicules - côté,,,,,,,,,,,5,2,1,1,3
200600052189,0006-09-02 21:30:00,6,9,2,21,30,130,31,RN96,,,Nuit avec éclairage allumé,En agglomération,Hors intersection,Normale,Deux véhicules - frontale,,,,,,,,,,,5,2,1,1,1
200600052190,0006-09-12 17:30:00,6,9,12,17,30,130,86,on rue Valladet - Rn 96,,,Plein jour,En agglomération,Hors intersection,Normale,Autre collision,,,,,,,,,,,1,2,1,1,6
200600052191,0006-09-17 15:25:00,6,9,17,15,25,130,7,Beaume Départementale 2,,,Plein jour,Hors agglomération,Hors intersection,Normale,Deux véhicules - frontale,,,,,,,,,,,1,1,1,1,1
200600052192,0006-09-27 16:15:00,6,9,27,16,15,130,14,,,,Plein jour,Hors agglomération,Hors intersection,Normale,Deux véhicules - côté,,,,,,,,,,,1,1,1,1,3
200600052193,0006-09-14 08:00:00,6,9,14,8,0,130,49,,43.723,5.059,Plein jour,Hors agglomération,Hors intersection,Pluie légère,Deux véhicules - frontale,,,,,,,,,,,1,1,1,2,1
200600052194,0006-09-04 15:45:00,6,9,4,15,45,130,53,,,,Plein jour,En agglomération,Hors intersection,Normale,Deux véhicules - côté,,,,,,,,,,,1,2,1,1,3
200600052195,0006-09-30 12:40:00,6,9,30,12,40,130,105,RTIES ET Chemin des Bre,,,Plein jour,Hors agglomération,Hors intersection,Normale,Deux véhicules - côté,,,,,,,,,,,1,1,1,1,3
200600052196,0006-09-27 21:15:00,6,9,27,21,15,130,81,R.D. 21,43.498,5.237,Nuit sans éclairage public,En agglomération,Hors intersection,Normale,Deux véhicules - arrière,,,,,,,,,,,3,2,1,1,2
200600052197,0006-09-30 01:30:00,6,9,30,1,30,130,81,,43.496,5.205,Nuit sans éclairage public,Hors agglomération,Hors intersection,Normale,Sans collision,,,,,,,,,,,3,1,1,1,7
200600052198,0006-09-04 10:30:00,6,9,4,10,30,40,72,,,,Plein jour,Hors agglomération,Hors intersection,Normale,Sans collision,,,,,,,,,,,1,1,1,1,7
200600052199,0006-09-29 16:15:00,6,9,29,16,15,40,24,,,,Plein jour,Hors agglomération,Hors intersection,Normale,Sans collision,,,,,,,,,,,1,1,1,1,7
200600052200,0006-09-01 08:30:00,6,9,1,8,30,40,149,Avenue de la Libération,,,Plein jour,En agglomération,Hors intersection,Normale,Autre collision,,,,,,,,,,,1,2,1,1,6
200600052201,0006-09-06 17:30:00,6,9,6,17,30,40,86,,44.395,6.686,Plein jour,Hors agglomération,Hors intersection,Normale,Deux véhicules - côté,,,,,,,,,,,1,1,1,1,3
200600052202,0006-09-08 19:45:00,6,9,8,19,45,40,126,,44.411,6.35,Crépuscule ou aube,Hors agglomération,Hors intersection,Temps couvert,Autre collision,,,,,,,,,,,2,1,1,8,6
200600052203,0006-09-19 17:30:00,6,9,19,17,30,40,183,,43.907,6.542,Plein jour,Hors agglomération,Hors intersection,Normale,Autre collision,,,,,,,,,,,1,1,1,1,6
200600052204,0006-09-13 21:15:00,6,9,13,21,15,40,4,,,,Nuit sans éclairage public,Hors agglomération,Hors intersection,Pluie forte,Sans collision,,,,,,,,,,,3,1,1,3,7
200600052205,0006-09-04 16:30:00,6,9,4,16,30,40,192,,43.9,5.74,Plein jour,Hors agglomération,Intersection en T,Normale,Deux véhicules - côté,,,,,,,,,,,1,1,3,1,3
200600052206,0006-09-16 10:00:00,6,9,16,10,0,40,65,La Bouffette,,,Plein jour,Hors agglomération,Hors intersection,Normale,Deux véhicules - frontale,,,,,,,,,,,1,1,1,1,1
200600052207,0006-09-22 16:00:00,6,9,22,16,0,40,18,"es Gravières, CD5 et VC6",,,Plein jour,Hors agglomération,Intersection en X,Normale,Deux véhicules - côté,,,,,,,,,,,1,1,2,1,3
200600052208,0006-09-02 19:45:00,6,9,2,19,45,40,209,8 av de la Libération,,,Plein jour,En agglomération,Hors intersection,Normale,Autre collision,,,,,,,,,,,1,2,1,1,6
200600052209,0006-09-06 15:55:00,6,9,6,15,55,40,123,RN75-CD24,,,Plein jour,Hors agglomération,Hors intersection,Normale,Deux véhicules - arrière,,,,,,,,,,,1,1,1,1,2
200600052210,0006-09-06 16:45:00,6,9,6,16,45,50,78,RN 85,,,Plein jour,Hors agglomération,Hors intersection,Normale,Sans collision,,,,,,,,,,,1,1,1,1,7
200600052211,0006-09-19 11:05:00,6,9,19,11,5,50,70,rue des jardins,,,Plein jour,En agglomération,Hors intersection,Normale,Autre collision,,,,,,,,,,,1,2,1,1,6
200600052212,0006-09-21 10:45:00,6,9,21,10,45,50,70,Route de Ribiers,,,Plein jour,En agglomération,Hors intersection,Normale,Deux véhicules - côté,,,,,,,,,,,1,2,1,1,3
200600052213,0006-09-29 12:45:00,6,9,29,12,45,50,70,50 Avenue de Provence,,,Plein jour,En agglomération,Hors intersection,Normale,Deux véhicules - côté,,,,,,,,,,,1,2,1,1,3
200600052214,0006-09-16 14:55:00,6,9,16,14,55,50,9,"Lieu-dit ""La Décharge""",44.808,5.958,Plein jour,Hors agglomération,Hors intersection,Normale,Autre collision,,,,,,,,,,,1,1,1,1,6
200600052215,0006-09-08 17:30:00,6,9,8,17,30,50,59,Quartier Saint André,44.546,6.015,Plein jour,En agglomération,Hors intersection,Pluie forte,Deux véhicules - arrière,,,,,,,,,,,1,2,1,3,2
200600052216,0006-09-14 01:00:00,6,9,14,1,0,50,127,,44.47,6.244,Nuit sans éclairage public,Hors agglomération,Hors intersection,Normale,Autre collision,,,,,,,,,,,3,1,1,1,6
200600052217,0006-09-03 19:40:00,6,9,3,19,40,50,21,Le Bataric,,,Plein jour,Hors agglomération,Hors intersection,Normale,Autre collision,,,,,,,,,,,1,1,1,1,6
200600052218,0006-09-22 10:30:00,6,9,22,10,30,50,166,,,,Plein jour,Hors agglomération,Hors intersection,Normale,Trois véhicules et plus - collisions multiples,,,,,,,,,,,1,1,1,1,5
200600052219,0006-09-29 17:15:00,6,9,29,17,15,50,179,,,,Plein jour,Hors agglomération,Hors intersection,Normale,Deux véhicules - arrière,,,,,,,,,,,1,1,1,1,2
200600052220,0006-09-03 01:00:00,6,9,3,1,0,50,85,,44.925,6.686,Nuit sans éclairage public,Hors agglomération,Hors intersection,Normale,Sans collision,,,,,,,,,,,3,1,1,1,7
200600052221,0006-09-20 14:35:00,6,9,20,14,35,50,79,u dit le pont de l'alpe,,,Plein jour,Hors agglomération,Hors intersection,Normale,Deux véhicules - frontale,,,,,,,,,,,1,1,1,1,1
200600052222,0006-09-10 08:45:00,6,9,10,8,45,50,44,,,,Plein jour,Hors agglomération,Hors intersection,Normale,Sans collision,,,,,,,,,,,1,1,1,1,7
200600052223,0006-09-27 11:15:00,6,9,27,11,15,50,12,CD40,,,Plein jour,Hors agglomération,Hors intersection,Normale,Deux véhicules - côté,,,,,,,,,,,1,1,1,1,3
200600052224,0006-09-29 19:25:00,6,9,29,19,25,50,7,PK 41,44.758,6.757,Plein jour,Hors agglomération,Hors intersection,Normale,Sans collision,,,,,,,,,,,1,1,1,1,7
200600052225,0006-09-05 19:00:00,6,9,5,19,0,50,124,Lieu-dit Frachame,44.58,6.116,Plein jour,Hors agglomération,Hors intersection,Temps éblouissant,Deux véhicules - arrière,,,,,,,,,,,1,1,1,7,2
200600052226,0006-09-11 10:30:00,6,9,11,10,30,50,17,,44.566,6.199,Plein jour,Hors agglomération,Hors intersection,Normale,Deux véhicules - côté,,,,,,,,,,,1,1,1,1,3
200600052227,0006-09-24 04:00:00,6,9,24,4,0,50,40,,44.555,6.256,Nuit avec éclairage allumé,Hors agglomération,Hors intersection,Normale,Deux véhicules - arrière,,,,,,,,,,,5,1,1,1,2
200600052228,0006-09-25 13:30:00,6,9,25,13,30,50,40,Place du champs de foire,44.55,6.277,Plein jour,En agglomération,Hors intersection,Pluie forte,Autre collision,,,,,,,,,,,1,2,1,3,6
200600052229,0006-09-24 18:30:00,6,9,24,18,30,50,40,,44.537,6.309,Crépuscule ou aube,Hors agglomération,Hors intersection,Normale,Sans collision,,,,,,,,,,,2,1,1,1,7
200600052230,0006-09-02 05:00:00,6,9,2,5,0,50,65,,,,Nuit sans éclairage public,Hors agglomération,Hors intersection,Normale,Trois véhicules et plus - collisions multiples,,,,,,,,,,,3,1,1,1,5
200600052231,0006-09-08 20:30:00,6,9,8,20,30,50,134,,,,Nuit sans éclairage public,Hors agglomération,Hors intersection,Normale,Autre collision,,,,,,,,,,,3,1,1,1,6
200600052232,0006-09-27 17:50:00,6,9,27,17,50,50,65,nd point pont du chagnes,,,Plein jour,En agglomération,Giratoire,Normale,Sans collision,,,,,,,,,,,1,2,6,1,7
200600052233,0006-09-17 16:45:00,6,9,17,16,45,60,39,,,,Plein jour,Hors agglomération,Hors intersection,Normale,Deux véhicules - frontale,,,,,,,,,,,1,1,1,1,1
200600052234,0006-09-01 17:15:00,6,9,1,17,15,60,92,Route départementale 21,,,Plein jour,Hors agglomération,Hors intersection,Normale,Deux véhicules - frontale,,,,,,,,,,,1,1,1,1,1
200600052235,0006-09-09 23:45:00,6,9,9,23,45,60,92,,,,Nuit avec éclairage allumé,Hors agglomération,Hors intersection,Normale,Autre collision,,,,,,,,,,,5,1,1,1,6
200600052236,0006-09-25 12:30:00,6,9,25,12,30,60,46,,,,Plein jour,Hors agglomération,Hors intersection,Pluie forte,Autre collision,,,,,,,,,,,1,1,1,3,6
200600052237,0006-09-07 16:00:00,6,9,7,16,0,60,161,Route nationale 7,,,Plein jour,En agglomération,Hors intersection,Normale,Deux véhicules - frontale,,,,,,,,,,,1,2,1,1,1
200600052238,0006-09-07 22:50:00,6,9,7,22,50,60,161,avenue des maurettes,,,Nuit avec éclairage allumé,En agglomération,Hors intersection,Normale,Autre collision,,,,,,,,,,,5,2,1,1,6
200600052239,0006-09-08 14:15:00,6,9,8,14,15,60,161,AVE DE LA GARNGE RIMADE,,,Plein jour,En agglomération,Hors intersection,Normale,Autre collision,,,,,,,,,,,1,2,1,1,6
200600052240,0006-09-08 14:30:00,6,9,8,14,30,60,161,D2 avenue des Plans,,,Plein jour,En agglomération,Hors intersection,Normale,Deux véhicules - frontale,,,,,,,,,,,1,2,1,1,1
200600052241,0006-09-15 17:30:00,6,9,15,17,30,60,161,"RD6097,  face gare sncf",43.633,7.133,Plein jour,En agglomération,Hors intersection,Normale,Deux véhicules - arrière,,,,,,,,,,,1,2,1,1,2
200600052242,0006-09-24 03:15:00,6,9,24,3,15,60,65,829 ch colles et Régagna,43.71,7.151,Nuit avec éclairage allumé,En agglomération,Hors intersection,Normale,Autre collision,,,,,,,,,,,5,2,1,1,6
200600052243,0006-09-05 14:00:00,6,9,5,14,0,60,33,,,,Plein jour,Hors agglomération,Hors intersection,Normale,Deux véhicules - frontale,,,,,,,,,,,1,1,1,1,1
200600052244,0006-09-26 19:40:00,6,9,26,19,40,60,59,36 AVENUE DE LA LIBERTE,,,Crépuscule ou aube,En agglomération,Hors intersection,Normale,Deux véhicules - arrière,,,,,,,,,,,2,2,1,1,2
200600052245,0006-09-03 17:00:00,6,9,3,17,0,60,99,RD6202 PK 56+500,43.957,6.884,Plein jour,En agglomération,Hors intersection,Normale,Autre collision,,,,,,,,,,,1,2,1,1,6
200600052246,0006-09-27 18:10:00,6,9,27,18,10,60,73,CD 97 - PK 7+322,,,Plein jour,Hors agglomération,Hors intersection,Normale,Deux véhicules - frontale,,,,,,,,,,,1,1,1,1,1
200600052247,0006-09-01 17:00:00,6,9,1,17,0,830,4,,,,Plein jour,Hors agglomération,Hors intersection,Normale,Deux véhicules - côté,,,,,,,,,,,1,1,1,1,3
200600052248,0006-09-05 16:55:00,6,9,5,16,55,830,81,RD 562,,,Plein jour,Hors agglomération,Hors intersection,Normale,Deux véhicules - frontale,,,,,,,,,,,1,1,1,1,1
200600052249,0006-09-09 20:45:00,6,9,9,20,45,830,67,,,,Nuit sans éclairage public,Hors agglomération,Hors intersection,Normale,Autre collision,,,,,,,,,,,3,1,1,1,6
200600052250,0006-09-13 07:55:00,6,9,13,7,55,830,31,RN 7 STATION TOTAL,,,Plein jour,En agglomération,Hors intersection,Normale,Deux véhicules - côté,,,,,,,,,,,1,2,1,1,3
200600052251,0006-09-12 15:00:00,6,9,12,15,0,830,23,quartier Catarinette,,,Plein jour,En agglomération,Hors intersection,Normale,Trois véhicules et plus - collisions multiples,,,,,,,,,,,1,2,1,1,5
200600052252,0006-09-23 17:15:00,6,9,23,17,15,830,143,e vins au niveau du pont,,,Plein jour,En agglomération,Hors intersection,Normale,Deux véhicules - frontale,,,,,,,,,,,1,2,1,1,1
200600052253,0006-09-11 02:00:00,6,9,11,2,0,830,12,CD 560,,,Nuit sans éclairage public,Hors agglomération,Hors intersection,Normale,Autre collision,,,,,,,,,,,3,1,1,1,6
200600052254,0006-09-09 21:30:00,6,9,9,21,30,830,32,,,,Nuit sans éclairage public,Hors agglomération,Hors intersection,Normale,Autre collision,,,,,,,,,,,3,1,1,1,6
200600052255,0006-09-24 18:45:00,6,9,24,18,45,830,83,CD 22,43.471,6.117,Nuit avec éclairage allumé,En agglomération,Hors intersection,Pluie forte,Autre collision,,,,,,,,,,,5,2,1,3,6
200600052256,0006-09-21 17:55:00,6,9,21,17,55,830,100,ation - Rte de PIERREFEU,,,Plein jour,En agglomération,Hors intersection,Normale,Deux véhicules - côté,,,,,,,,,,,1,2,1,1,3
200600052257,0006-09-11 14:20:00,6,9,11,14,20,830,104,CD3,,,Plein jour,Hors agglomération,Hors intersection,Normale,Deux véhicules - frontale,,,,,,,,,,,1,1,1,1,1
200600052258,0006-09-09 15:15:00,6,9,9,15,15,830,88,,,,Plein jour,Hors agglomération,Autre intersection,Normale,Deux véhicules - arrière,,,,,,,,,,,1,1,9,1,2
200600052259,0006-09-28 07:15:00,6,9,28,7,15,830,106,,,,Crépuscule ou aube,Hors agglomération,Hors intersection,Normale,Deux véhicules - arrière,,,,,,,,,,,2,1,1,1,2
200600052260,0006-09-15 15:30:00,6,9,15,15,30,830,116,,43.413,5.826,Plein jour,Hors agglomération,Hors intersection,Pluie légère,Sans collision,,,,,,,,,,,1,1,1,2,7
200600052261,0006-09-12 18:00:00,6,9,12,18,0,830,125,n RN 560-chemin des clos,,,Plein jour,Hors agglomération,Hors intersection,Normale,Deux véhicules - frontale,,,,,,,,,,,1,1,1,1,1
200600052262,0006-09-27 10:30:00,6,9,27,10,30,830,36,rond point Pierre Rameil,,,Plein jour,En agglomération,Giratoire,Normale,Deux véhicules - arrière,,,,,,,,,,,1,2,6,1,2
200600052263,0006-09-01 13:15:00,6,9,1,13,15,830,42,,,,Plein jour,Hors agglomération,Giratoire,Normale,Sans collision,,,,,,,,,,,1,1,6,1,7
200600052264,0006-09-02 20:30:00,6,9,2,20,30,830,79,,,,Crépuscule ou aube,Hors agglomération,Hors intersection,Normale,Deux véhicules - côté,,,,,,,,,,,2,1,1,1,3
200600052265,0006-09-01 10:00:00,6,9,1,10,0,830,68,face camping de la plage,,,Plein jour,Hors agglomération,Hors intersection,Normale,Deux véhicules - frontale,,,,,,,,,,,1,1,1,1,1
200600052266,0006-09-03 15:30:00,6,9,3,15,30,830,42,,,,Plein jour,Hors agglomération,Hors intersection,Normale,Trois véhicules et plus - collisions multiples,,,,,,,,,,,1,1,1,1,5
200600052267,0006-09-04 08:30:00,6,9,4,8,30,830,68,,,,Plein jour,Hors agglomération,Hors intersection,Normale,Deux véhicules - frontale,,,,,,,,,,,1,1,1,1,1
200600052268,0006-09-15 13:50:00,6,9,15,13,50,830,42,ZA de Valensole - RD98,,,Plein jour,Hors agglomération,Hors intersection,Pluie légère,Deux véhicules - côté,,,,,,,,,,,1,1,1,2,3
200600052269,0006-09-21 23:00:00,6,9,21,23,0,830,42,,,,Nuit avec éclairage allumé,Hors agglomération,Giratoire,Normale,Autre collision,,,,,,,,,,,5,1,6,1,6
200600052270,0006-09-23 18:30:00,6,9,23,18,30,830,42,Zone Artisanale de Cogol,,,Plein jour,En agglomération,Hors intersection,Normale,Deux véhicules - côté,,,,,,,,,,,1,2,1,1,3
200600052271,0006-09-15 04:00:00,6,9,15,4,0,830,86,,,,Nuit sans éclairage public,Hors agglomération,Hors intersection,Pluie forte,Autre collision,,,,,,,,,,,3,1,1,3,6
200600052272,0006-09-01 05:45:00,6,9,1,5,45,830,115,RN 559 LE SAUT DU LOUP,,,Crépuscule ou aube,Hors agglomération,Hors intersection,Normale,Autre collision,,,,,,,,,,,2,1,1,1,6
200600052273,0006-09-27 09:00:00,6,9,27,9,0,830,115,PK 55+900 - CD25,,,Plein jour,Hors agglomération,Hors intersection,Normale,Deux véhicules - côté,,,,,,,,,,,1,1,1,1,3
200600052274,0006-09-03 22:15:00,6,9,3,22,15,830,101,,43.225,6.65,Nuit sans éclairage public,Hors agglomération,Hors intersection,Normale,Deux véhicules - frontale,,,,,,,,,,,3,1,1,1,1
200600052275,0006-09-23 12:05:00,6,9,23,12,5,830,65,les Trézins - RD 98A,,,Plein jour,Hors agglomération,Hors intersection,Normale,Autre collision,,,,,,,,,,,1,1,1,1,6
200600052276,0006-09-27 23:30:00,6,9,27,23,30,830,119,Av. Paul Roussel,,,Nuit avec éclairage allumé,En agglomération,Hors intersection,Normale,Deux véhicules - côté,,,,,,,,,,,5,2,1,1,3
200600052277,0006-09-18 21:15:00,6,9,18,21,15,830,127,,,,Nuit sans éclairage public,Hors agglomération,Hors intersection,Normale,Autre collision,,,,,,,,,,,3,1,1,1,6
200600052278,0006-09-23 14:30:00,6,9,23,14,30,830,35,,,,Plein jour,Hors agglomération,Intersection en X,Normale,Deux véhicules - côté,,,,,,,,,,,1,1,2,1,3
200600052279,0006-09-02 02:15:00,6,9,2,2,15,830,49,"toroute Cuers-Sud, RN 97",,,Nuit avec éclairage allumé,En agglomération,Hors intersection,Normale,Autre collision,,,,,,,,,,,5,2,1,1,6
200600052280,0006-09-03 06:15:00,6,9,3,6,15,830,69,,,,Nuit sans éclairage public,Hors agglomération,Hors intersection,Normale,Sans collision,,,,,,,,,,,3,1,1,1,7
200600052281,0006-09-01 02:45:00,6,9,1,2,45,830,70,,43.154,6.411,Nuit avec éclairage allumé,Hors agglomération,Hors intersection,Normale,Deux véhicules - côté,,,,,,,,,,,5,1,1,1,3
200600052282,0006-09-03 02:50:00,6,9,3,2,50,830,70,des commandos d'Afrique,,,Plein jour,En agglomération,Hors intersection,Normale,Deux véhicules - frontale,,,,,,,,,,,1,2,1,1,1
200600052283,0006-09-08 22:30:00,6,9,8,22,30,830,27,CD 559B,,,Nuit sans éclairage public,Hors agglomération,Hors intersection,Normale,Deux véhicules - frontale,,,,,,,,,,,3,1,1,1,1
200600052284,0006-09-08 14:50:00,6,9,8,14,50,830,112,D 559 - ROND POINT MARRO,,,Plein jour,En agglomération,Giratoire,Normale,Deux véhicules - frontale,,,,,,,,,,,1,2,6,1,1
200600052285,0006-09-16 16:00:00,6,9,16,16,0,830,112,CD 559 - PK 1+700,,,Plein jour,En agglomération,Hors intersection,Normale,Autre collision,,,,,,,,,,,1,2,1,1,6
200600052286,0006-09-01 18:30:00,6,9,1,18,30,830,130,"Quartier La Tour,",,,Plein jour,En agglomération,Intersection en X,Normale,Deux véhicules - côté,,,,,,,,,,,1,2,2,1,3
200600052287,0006-09-02 15:30:00,6,9,2,15,30,830,54,Parking du Carnivor,,,Plein jour,En agglomération,Hors intersection,Normale,Autre collision,,,,,,,,,,,1,2,1,1,6
200600052288,0006-09-05 11:30:00,6,9,5,11,30,840,34,,43.894,4.931,Plein jour,Hors agglomération,Hors intersection,Normale,Deux véhicules - côté,,,,,,,,,,,1,1,1,1,3
200600052289,0006-09-06 15:00:00,6,9,6,15,0,840,54,"00, carrefour du riotord",,,Plein jour,Hors agglomération,Hors intersection,Normale,Deux véhicules - côté,,,,,,,,,,,1,1,1,1,3
200600052290,0006-09-05 16:45:00,6,9,5,16,45,840,129,rue Achille Maureau,,,Plein jour,En agglomération,Hors intersection,Normale,Autre collision,,,,,,,,,,,1,2,1,1,6
200600052291,0006-09-30 22:00:00,6,9,30,22,0,840,129,,44.007,4.906,Nuit avec éclairage allumé,Hors agglomération,Hors intersection,Normale,Deux véhicules - côté,,,,,,,,,,,5,1,1,1,3
200600052292,0006-09-06 08:00:00,6,9,6,8,0,840,3,avenue de viton,43.881,5.401,Plein jour,En agglomération,Hors intersection,Normale,Autre collision,,,,,,,,,,,1,2,1,1,6
200600052293,0006-09-12 17:30:00,6,9,12,17,30,840,3,Boulevard national,,,Plein jour,En agglomération,Hors intersection,Normale,Autre collision,,,,,,,,,,,1,2,1,1,6
200600052294,0006-09-22 10:20:00,6,9,22,10,20,840,3,Rue du Docteur GROS,,,Plein jour,En agglomération,Hors intersection,Normale,Autre collision,,,,,,,,,,,1,2,1,1,6
200600052295,0006-09-19 09:00:00,6,9,19,9,0,840,133,,43.73,5.547,Plein jour,En agglomération,Hors intersection,Normale,Autre collision,,,,,,,,,,,1,2,1,1,6
200600052296,0006-09-11 14:00:00,6,9,11,14,0,840,72,avenue de l'europe,,,Plein jour,En agglomération,Hors intersection,Normale,Autre collision,,,,,,,,,,,1,2,1,1,6
200600052297,0006-09-11 17:15:00,6,9,11,17,15,840,122,route de prias fourias,,,Plein jour,Hors agglomération,Hors intersection,Normale,Trois véhicules et plus - collisions multiples,,,,,,,,,,,1,1,1,1,5
200600052298,0006-09-13 07:45:00,6,9,13,7,45,840,29,,44.171,4.878,Plein jour,Hors agglomération,Hors intersection,Normale,Deux véhicules - côté,,,,,,,,,,,1,1,1,1,3
200600052299,0006-09-25 08:00:00,6,9,25,8,0,840,19,,44.292,4.729,Plein jour,Hors agglomération,Hors intersection,Normale,Deux véhicules - frontale,,,,,,,,,,,1,1,1,1,1
200600052300,0006-09-25 19:00:00,6,9,25,19,0,840,78,chemin départemental 152,44.24,4.734,Plein jour,Hors agglomération,Hors intersection,Normale,Sans collision,,,,,,,,,,,1,1,1,1,7
200600052301,0006-09-29 10:00:00,6,9,29,10,0,840,137,,,,Plein jour,Hors agglomération,Hors intersection,Normale,Deux véhicules - frontale,,,,,,,,,,,1,1,1,1,1
200600052302,0006-09-06 12:15:00,6,9,6,12,15,340,57,rue des Perrières,,,Plein jour,En agglomération,Hors intersection,Normale,Autre collision,,,,,,,,,,,1,2,1,1,6
200600052303,0006-09-09 23:45:00,6,9,9,23,45,340,57,TRAMIE av JUSTICE/POMPIG,,,Nuit avec éclairage allumé,En agglomération,Hors intersection,Normale,Sans collision,,,,,,,,,,,5,2,1,1,7
200600052304,0006-09-12 16:00:00,6,9,12,16,0,340,90,Parking HYPER U RN113,,,Plein jour,En agglomération,Hors intersection,Normale,Deux véhicules - côté,,,,,,,,,,,1,2,1,1,3
200600052305,0006-09-09 22:20:00,6,9,9,22,20,340,294,CD34,,,Nuit sans éclairage public,Hors agglomération,Hors intersection,Normale,Deux véhicules - frontale,,,,,,,,,,,3,1,1,1,1
200600052306,0006-09-13 06:30:00,6,9,13,6,30,340,145,ue de Lattre de Tassigny,,,Nuit avec éclairage allumé,En agglomération,Hors intersection,Normale,Deux véhicules - frontale,,,,,,,,,,,5,2,1,1,1
200600052307,0006-09-21 06:00:00,6,9,21,6,0,340,235,,,,Crépuscule ou aube,Hors agglomération,Hors intersection,Brouillard / fumée,Autre collision,,,,,,,,,,,2,1,1,5,6
200600052308,0006-09-27 18:15:00,6,9,27,18,15,340,28,avenue Jean Jaurès,,,Plein jour,En agglomération,Hors intersection,Normale,Autre collision,,,,,,,,,,,1,2,1,1,6
200600052309,0006-09-08 13:40:00,6,9,8,13,40,340,178,6 - LIEU DIT LES THERONS,,,Plein jour,Hors agglomération,Hors intersection,Normale,Deux véhicules - côté,,,,,,,,,,,1,1,1,1,3
200600052310,0006-09-18 00:30:00,6,9,18,0,30,340,201,,43.433,2.979,Nuit sans éclairage public,Hors agglomération,Hors intersection,Normale,Autre collision,,,,,,,,,,,3,1,1,1,6
200600052311,0006-09-04 20:00:00,6,9,4,20,0,340,199,,43.442,3.417,Crépuscule ou aube,Hors agglomération,Hors intersection,Normale,Autre collision,,,,,,,,,,,2,1,1,1,6
200600052312,0006-09-22 11:00:00,6,9,22,11,0,340,284,,43.488,2.752,Plein jour,Hors agglomération,Hors intersection,Pluie légère,Deux véhicules - frontale,,,,,,,,,,,1,1,1,2,1
200600052313,0006-09-24 12:15:00,6,9,24,12,15,340,86,,43.483,2.668,Plein jour,Hors agglomération,Hors intersection,Pluie légère,Deux véhicules - frontale,,,,,,,,,,,1,1,1,2,1
200600052314,0006-09-01 20:30:00,6,9,1,20,30,340,109,,43.531,3.242,Crépuscule ou aube,Hors agglomération,Hors intersection,Normale,Deux véhicules - frontale,,,,,,,,,,,2,1,1,1,1
200600052315,0006-09-23 07:00:00,6,9,23,7,0,340,94,,43.436,3.254,Crépuscule ou aube,Hors agglomération,Hors intersection,Pluie légère,Autre collision,,,,,,,,,,,2,1,1,2,6