accident_id,datetime,annee,mois,jour,heure,minute,departement,commune_insee,adresse,latitude,longitude,luminosite,agglomeration,intersection,meteo,collision,nb_vehicules,nb_usagers,nb_indemnes,nb_tues,nb_blesses_hosp,nb_blesses_legers,age_cond_1,age_cond_2,veh_type_cond_1,veh_type_cond_2,lum_code,agg_code,int_code,atm_code,col_code
200600053002,0006-05-21 20:53:00,6,5,21,20,53,910,363,AUTOROUTE A10,,,Crépuscule ou aube,Hors agglomération,Hors intersection,Pluie légère,Autre collision,,,,,,,,,,,2,1,1,2,6
200600053003,0006-05-22 11:41:00,6,5,22,11,41,940,34,AUTOROUTE A86,,,Plein jour,Hors agglomération,Hors intersection,Normale,Trois véhicules et plus - en chaîne,,,,,,,,,,,1,1,1,1,4
200600053004,0006-05-24 08:35:00,6,5,24,8,35,910,161,AUTOROUTE A6,,,Plein jour,Hors agglomération,Hors intersection,Normale,Trois véhicules et plus - en chaîne,,,,,,,,,,,1,1,1,1,4
200600053005,0006-06-15 17:18:00,6,6,15,17,18,910,553,RN 104,,,Plein jour,Hors agglomération,Hors intersection,Normale,Trois véhicules et plus - en chaîne,,,,,,,,,,,1,1,1,1,4
200600053006,0006-06-09 07:06:00,6,6,9,7,6,910,377,AUTOROUTE A10,,,Plein jour,Hors agglomération,Hors intersection,Normale,Deux véhicules - côté,,,,,,,,,,,1,1,1,1,3
200600053007,0006-06-24 11:20:00,6,6,24,11,20,910,468,AUTOROUTE A6,,,Plein jour,Hors agglomération,Hors intersection,Normale,Sans collision,,,,,,,,,,,1,1,1,1,7
200600053008,0006-06-27 19:45:00,6,6,27,19,45,910,64,RN 118,,,Plein jour,Hors agglomération,Hors intersection,Normale,Deux véhicules - arrière,,,,,,,,,,,1,1,1,1,2
200600053009,0006-06-29 18:45:00,6,6,29,18,45,920,19,RN 385 Extèrieure,,,Plein jour,Hors agglomération,Hors intersection,Normale,Sans collision,,,,,,,,,,,1,1,1,1,7
200600053010,0006-07-01 00:32:00,6,7,1,0,32,940,37,AUTOROUTE A6B,,,Nuit avec éclairage allumé,Hors agglomération,Hors intersection,Normale,Deux véhicules - arrière,,,,,,,,,,,5,1,1,1,2
200600053011,0006-07-01 00:33:00,6,7,1,0,33,910,477,AUTOROUTE A10,,,Nuit sans éclairage public,Hors agglomération,Hors intersection,Normale,Sans collision,,,,,,,,,,,3,1,1,1,7
200600053012,0006-07-02 21:50:00,6,7,2,21,50,910,340,AUTOROUTE A6,,,Crépuscule ou aube,Hors agglomération,Hors intersection,Normale,Deux véhicules - côté,,,,,,,,,,,2,1,1,1,3
200600053013,0006-07-03 03:30:00,6,7,3,3,30,910,689,AUTOROUTE A6A,,,Nuit avec éclairage allumé,Hors agglomération,Hors intersection,Normale,Deux véhicules - arrière,,,,,,,,,,,5,1,1,1,2
200600053014,0006-07-03 10:48:00,6,7,3,10,48,910,216,AUTOROUTE A6,,,Plein jour,Hors agglomération,Hors intersection,Normale,Trois véhicules et plus - en chaîne,,,,,,,,,,,1,1,1,1,4
200600053015,0006-07-03 18:16:00,6,7,3,18,16,910,64,RN 444,,,Plein jour,Hors agglomération,Hors intersection,Normale,Autre collision,,,,,,,,,,,1,1,1,1,6
200600053016,0006-07-03 18:22:00,6,7,3,18,22,910,468,AUTOROUTE A6,,,Plein jour,Hors agglomération,Hors intersection,Normale,Autre collision,,,,,,,,,,,1,1,1,1,6
200600053017,0006-07-04 05:20:00,6,7,4,5,20,920,2,AUTOROUTE A10,,,Crépuscule ou aube,Hors agglomération,Hors intersection,Normale,Sans collision,,,,,,,,,,,2,1,1,1,7
200600053018,0006-07-04 13:50:00,6,7,4,13,50,910,64,RN 444,,,Plein jour,Hors agglomération,Hors intersection,Normale,Autre collision,,,,,,,,,,,1,1,1,1,6
200600053019,0006-07-04 20:28:00,6,7,4,20,28,910,235,RN 445,,,Plein jour,Hors agglomération,Hors intersection,Normale,Deux véhicules - frontale,,,,,,,,,,,1,1,1,1,1
200600053020,0006-07-05 10:30:00,6,7,5,10,30,920,2,AUTOROUTE A86,,,Plein jour,Hors agglomération,Hors intersection,Normale,Deux véhicules - arrière,,,,,,,,,,,1,1,1,1,2
200600053021,0006-07-05 19:00:00,6,7,5,19,0,910,521,AUTOROUTE A6,,,Plein jour,Hors agglomération,Hors intersection,Normale,Deux véhicules - arrière,,,,,,,,,,,1,1,1,1,2
200600053022,0006-07-06 10:28:00,6,7,6,10,28,910,363,AUTOROUTE A10,,,Plein jour,Hors agglomération,Hors intersection,Normale,Deux véhicules - côté,,,,,,,,,,,1,1,1,1,3
200600053023,0006-07-07 05:30:00,6,7,7,5,30,940,21,AUTOROUTE A6B,,,Crépuscule ou aube,Hors agglomération,Hors intersection,Normale,Deux véhicules - arrière,,,,,,,,,,,2,1,1,1,2
200600053024,0006-07-09 04:30:00,6,7,9,4,30,910,345,AUTOROUTE A6,,,Nuit sans éclairage public,Hors agglomération,Hors intersection,Normale,Trois véhicules et plus - en chaîne,,,,,,,,,,,3,1,1,1,4
200600053025,0006-07-09 05:00:00,6,7,9,5,0,910,340,AUTOROUTE A6,,,Nuit sans éclairage public,Hors agglomération,Hors intersection,Normale,Autre collision,,,,,,,,,,,3,1,1,1,6
200600053026,0006-07-09 07:57:00,6,7,9,7,57,940,34,AUTOROUTE A6A,,,Plein jour,Hors agglomération,Hors intersection,Normale,Deux véhicules - arrière,,,,,,,,,,,1,1,1,1,2
200600053027,0006-07-09 14:15:00,6,7,9,14,15,940,76,AUTOROUTE A6B,,,Plein jour,Hors agglomération,Hors intersection,Normale,Sans collision,,,,,,,,,,,1,1,1,1,7
200600053028,0006-07-09 23:31:00,6,7,9,23,31,910,689,AUTOROUTE A6,,,Nuit avec éclairage allumé,Hors agglomération,Hors intersection,Normale,Deux véhicules - arrière,,,,,,,,,,,5,1,1,1,2
200600053029,0006-07-10 06:21:00,6,7,10,6,21,910,692,RN 118,,,Crépuscule ou aube,Hors agglomération,Hors intersection,Normale,Autre collision,,,,,,,,,,,2,1,1,1,6
200600053030,0006-07-10 09:14:00,6,7,10,9,14,910,549,RN 104,,,Plein jour,Hors agglomération,Hors intersection,Normale,Deux véhicules - arrière,,,,,,,,,,,1,1,1,1,2
200600053031,0006-07-10 15:00:00,6,7,10,15,0,910,161,AUTOROUTE A6,,,Plein jour,Hors agglomération,Hors intersection,Normale,Autre collision,,,,,,,,,,,1,1,1,1,6
200600053032,0006-07-12 20:05:00,6,7,12,20,5,910,377,AUTOROUTE A10,,,Plein jour,Hors agglomération,Hors intersection,Normale,Deux véhicules - arrière,,,,,,,,,,,1,1,1,1,2
200600053033,0006-07-13 15:45:00,6,7,13,15,45,910,549,RN 104,,,Plein jour,Hors agglomération,Autre intersection,Normale,Sans collision,,,,,,,,,,,1,1,9,1,7
200600053034,0006-07-13 18:30:00,6,7,13,18,30,910,434,AUTOROUTE A6,,,Plein jour,Hors agglomération,Hors intersection,Normale,Deux véhicules - côté,,,,,,,,,,,1,1,1,1,3
200600053035,0006-07-16 15:41:00,6,7,16,15,41,910,377,BRETELLE A10 / RN20,,,Plein jour,Hors agglomération,Hors intersection,Normale,Sans collision,,,,,,,,,,,1,1,1,1,7
200600053036,0006-07-17 09:15:00,6,7,17,9,15,910,521,RN 104,,,Plein jour,Hors agglomération,Hors intersection,Normale,Deux véhicules - côté,,,,,,,,,,,1,1,1,1,3
200600053037,0006-07-19 12:55:00,6,7,19,12,55,910,340,AUTOROUTE A6,,,Plein jour,Hors agglomération,Hors intersection,Normale,Deux véhicules - côté,,,,,,,,,,,1,1,1,1,3
200600053038,0006-07-19 17:30:00,6,7,19,17,30,910,377,AUTOROUTE A10,,,Plein jour,Hors agglomération,Hors intersection,Normale,Deux véhicules - côté,,,,,,,,,,,1,1,1,1,3
200600053039,0006-07-18 20:00:00,6,7,18,20,0,910,161,AUTOROUTE A6,,,Plein jour,Hors agglomération,Hors intersection,Normale,Sans collision,,,,,,,,,,,1,1,1,1,7
200600053040,0006-07-20 08:10:00,6,7,20,8,10,910,617,RN 104 INT / A5A PROVINC,,,Plein jour,Hors agglomération,Hors intersection,Normale,Trois véhicules et plus - en chaîne,,,,,,,,,,,1,1,1,1,4
200600053041,0006-07-22 11:08:00,6,7,22,11,8,910,377,AUTOROUTE A10,,,Plein jour,Hors agglomération,Hors intersection,Normale,Deux véhicules - côté,,,,,,,,,,,1,1,1,1,3
200600053042,0006-07-22 10:53:00,6,7,22,10,53,940,65,AUTOROUTE A86,,,Plein jour,Hors agglomération,Hors intersection,Normale,Trois véhicules et plus - en chaîne,,,,,,,,,,,1,1,1,1,4
200600053043,0006-07-26 17:40:00,6,7,26,17,40,910,179,AUTOROUTE A6,,,Plein jour,Hors agglomération,Hors intersection,Normale,Sans collision,,,,,,,,,,,1,1,1,1,7
200600053044,0006-07-27 02:30:00,6,7,27,2,30,910,64,RN 118,,,Nuit sans éclairage public,Hors agglomération,Hors intersection,Pluie forte,Autre collision,,,,,,,,,,,3,1,1,3,6
200600053045,0006-07-27 10:11:00,6,7,27,10,11,910,471,RN 118,,,Plein jour,Hors agglomération,Hors intersection,Normale,Deux véhicules - arrière,,,,,,,,,,,1,1,1,1,2
200600053046,0006-07-27 14:37:00,6,7,27,14,37,910,521,RN 104,,,Plein jour,Hors agglomération,Hors intersection,Normale,Sans collision,,,,,,,,,,,1,1,1,1,7
200600053047,0006-07-27 19:20:00,6,7,27,19,20,920,19,RN 385 INT,,,Plein jour,Hors agglomération,Hors intersection,Normale,Deux véhicules - arrière,,,,,,,,,,,1,1,1,1,2
200600053048,0006-07-28 10:32:00,6,7,28,10,32,910,286,AUTOROUTE A6,,,Plein jour,Hors agglomération,Hors intersection,Normale,Autre collision,,,,,,,,,,,1,1,1,1,6
200600053049,0006-07-28 12:24:00,6,7,28,12,24,940,34,AUTOROUTE A86,,,Plein jour,Hors agglomération,Hors intersection,Normale,Deux véhicules - frontale,,,,,,,,,,,1,1,1,1,1
200600053050,0006-07-28 21:00:00,6,7,28,21,0,910,617,RN 104,,,Plein jour,Hors agglomération,Hors intersection,Normale,Sans collision,,,,,,,,,,,1,1,1,1,7
200600053051,0006-07-31 00:08:00,6,7,31,0,8,910,228,RN 104,,,Nuit sans éclairage public,Hors agglomération,Hors intersection,Pluie légère,Autre collision,,,,,,,,,,,3,1,1,2,6
200600053052,0006-07-31 14:10:00,6,7,31,14,10,910,534,RN 118,,,Plein jour,Hors agglomération,Hors intersection,Normale,Autre collision,,,,,,,,,,,1,1,1,1,6
200600053053,0006-08-03 11:07:00,6,8,3,11,7,940,34,AUTOROUTE A6B,,,Plein jour,Hors agglomération,Hors intersection,Temps couvert,Trois véhicules et plus - collisions multiples,,,,,,,,,,,1,1,1,8,5
200600053054,0006-08-06 20:30:00,6,8,6,20,30,910,179,AUTOROUTE A6,,,Plein jour,Hors agglomération,Hors intersection,Normale,Autre collision,,,,,,,,,,,1,1,1,1,6
200600053055,0006-08-11 18:45:00,6,8,11,18,45,940,37,AUTOROUTE A6B,,,Plein jour,Hors agglomération,Hors intersection,Normale,Deux véhicules - arrière,,,,,,,,,,,1,1,1,1,2
200600053056,0006-08-14 00:45:00,6,8,14,0,45,940,37,AUTOROUTE A6A,,,Nuit avec éclairage allumé,Hors agglomération,Hors intersection,Pluie légère,Sans collision,,,,,,,,,,,5,1,1,2,7
200600053057,0006-08-19 21:08:00,6,8,19,21,8,910,521,AUTOROUTE A6,,,Nuit sans éclairage public,Hors agglomération,Hors intersection,Normale,Deux véhicules - arrière,,,,,,,,,,,3,1,1,1,2
200600053058,0006-07-06 19:35:00,6,7,6,19,35,420,218,RN88,,,Plein jour,Hors agglomération,Hors intersection,Temps couvert,Deux véhicules - arrière,,,,,,,,,,,1,1,1,8,2
200600053059,0006-07-24 22:15:00,6,7,24,22,15,420,218,A72,,,Nuit avec éclairage non allumé,Hors agglomération,Hors intersection,Normale,Deux véhicules - arrière,,,,,,,,,,,4,1,1,1,2
200600053060,0006-07-26 12:30:00,6,7,26,12,30,420,218,RN88,,,Plein jour,Hors agglomération,Hors intersection,Normale,Sans collision,,,,,,,,,,,1,1,1,1,7
200600053061,0006-07-30 14:30:00,6,7,30,14,30,690,91,A47,,,Plein jour,Hors agglomération,Hors intersection,Normale,Sans collision,,,,,,,,,,,1,1,1,1,7
200600053062,0006-08-13 14:00:00,6,8,13,14,0,420,95,RN88,,,Plein jour,Hors agglomération,Hors intersection,Normale,Sans collision,,,,,,,,,,,1,1,1,1,7
200600053063,0006-08-10 11:30:00,6,8,10,11,30,420,95,RN88,,,Plein jour,Hors agglomération,Hors intersection,Normale,Trois véhicules et plus - en chaîne,,,,,,,,,,,1,1,1,1,4
200600053064,0006-08-25 07:20:00,6,8,25,7,20,690,91,A47,,,Crépuscule ou aube,Hors agglomération,Hors intersection,Normale,Autre collision,,,,,,,,,,,2,1,1,1,6
200600053065,0006-02-09 15:20:00,6,2,9,15,20,380,87,A7   20.110 A 22.950,,,Plein jour,Hors agglomération,Hors intersection,Pluie légère,Trois véhicules et plus - collisions multiples,,,,,,,,,,,1,1,1,2,5
200600053066,0006-02-16 16:45:00,6,2,16,16,45,690,152,A7   4.270 A 7.000,,,Plein jour,Hors agglomération,Hors intersection,Normale,Deux véhicules - côté,,,,,,,,,,,1,1,1,1,3
200600053067,0006-03-04 21:00:00,6,3,4,21,0,690,27,A450,,,Nuit sans éclairage public,Hors agglomération,Hors intersection,Normale,Deux véhicules - côté,,,,,,,,,,,3,1,1,1,3
200600053068,0006-03-20 20:20:00,6,3,20,20,20,690,271,RN346   34.850 A 36.215,,,Nuit avec éclairage allumé,Hors agglomération,Hors intersection,Normale,Sans collision,,,,,,,,,,,5,1,1,1,7
200600053069,0006-03-24 20:05:00,6,3,24,20,5,690,152,A7   4.270 A 7.000,,,Nuit avec éclairage non allumé,Hors agglomération,Hors intersection,Normale,Deux véhicules - côté,,,,,,,,,,,4,1,1,1,3
200600053070,0006-04-06 12:40:00,6,4,6,12,40,690,259,RD383   11.0044 A 11.460,,,Plein jour,Hors agglomération,Hors intersection,Normale,Trois véhicules et plus - collisions multiples,,,,,,,,,,,1,1,1,1,5
200600053071,0006-04-11 16:40:00,6,4,11,16,40,690,244,A6   451.640 A 451.790,,,Plein jour,Hors agglomération,Hors intersection,Normale,Deux véhicules - côté,,,,,,,,,,,1,1,1,1,3
200600053072,0006-04-11 17:35:00,6,4,11,17,35,690,72,A6   445.030 A 445.323,,,Plein jour,Hors agglomération,Hors intersection,Normale,Trois véhicules et plus - collisions multiples,,,,,,,,,,,1,1,1,1,5
200600053073,0006-04-12 11:20:00,6,4,12,11,20,690,199,RD383   14.250 A 18.000,,,Plein jour,Hors agglomération,Hors intersection,Pluie légère,Trois véhicules et plus - collisions multiples,,,,,,,,,,,1,1,1,2,5
200600053074,0006-03-31 12:20:00,6,3,31,12,20,690,290,A43   3.865 A 9.894,,,Plein jour,Hors agglomération,Hors intersection,Normale,Sans collision,,,,,,,,,,,1,1,1,1,7
200600053075,0006-05-11 20:23:00,6,5,11,20,23,10,275,A42 4.020 A 4.329   LYON,,,Crépuscule ou aube,Hors agglomération,Hors intersection,Normale,Trois véhicules et plus - en chaîne,,,,,,,,,,,2,1,1,1,4
200600053076,0006-05-14 03:40:00,6,5,14,3,40,690,388,RD383   11.460 A 11.750,,,Nuit avec éclairage allumé,Hors agglomération,Hors intersection,Normale,Sans collision,,,,,,,,,,,5,1,1,1,7
200600053077,0006-05-29 19:10:00,6,5,29,19,10,690,275,RN346   29.300 A 34.350,,,Plein jour,Hors agglomération,Hors intersection,Normale,Sans collision,,,,,,,,,,,1,1,1,1,7
200600053078,0006-06-03 16:00:00,6,6,3,16,0,690,81,A6,,,Plein jour,Hors agglomération,Hors intersection,Normale,Deux véhicules - arrière,,,,,,,,,,,1,1,1,1,2
200600053079,0006-06-11 12:35:00,6,6,11,12,35,10,249,A42     5.760 A 6.180,,,Plein jour,Hors agglomération,Hors intersection,Normale,Trois véhicules et plus - en chaîne,,,,,,,,,,,1,1,1,1,4
200600053080,0006-06-13 14:10:00,6,6,13,14,10,690,199,RD383,,,Plein jour,Hors agglomération,Hors intersection,Normale,Trois véhicules et plus - collisions multiples,,,,,,,,,,,1,1,1,1,5
200600053081,0006-06-20 04:10:00,6,6,20,4,10,690,256,RN346  N/S  25.736 A 29.,,,Nuit sans éclairage public,Hors agglomération,Hors intersection,Temps couvert,Sans collision,,,,,,,,,,,3,1,1,8,7
200600053082,0006-07-13 21:00:00,6,7,13,21,0,690,296,A7,,,Plein jour,Hors agglomération,Hors intersection,Normale,Deux véhicules - arrière,,,,,,,,,,,1,1,1,1,2
200600053083,0006-07-19 07:30:00,6,7,19,7,30,690,278,A46N,,,Plein jour,Hors agglomération,Hors intersection,Normale,Trois véhicules et plus - collisions multiples,,,,,,,,,,,1,1,1,1,5
200600053084,0006-07-21 05:02:00,6,7,21,5,2,690,290,A43,,,Nuit avec éclairage allumé,Hors agglomération,Hors intersection,Normale,Deux véhicules - arrière,,,,,,,,,,,5,1,1,1,2
200600053085,0006-08-05 11:15:00,6,8,5,11,15,690,266,RD383,,,Plein jour,Hors agglomération,Hors intersection,Normale,Sans collision,,,,,,,,,,,1,1,1,1,7
200600053086,0006-08-06 15:00:00,6,8,6,15,0,690,270,A46S,,,Plein jour,Hors agglomération,Hors intersection,Normale,Deux véhicules - côté,,,,,,,,,,,1,1,1,1,3
200600053087,0006-08-17 17:50:00,6,8,17,17,50,690,72,A6   445.030 A 445.323,,,Plein jour,Hors agglomération,Hors intersection,Normale,Deux véhicules - frontale,,,,,,,,,,,1,1,1,1,1
200600053088,0006-08-19 03:10:00,6,8,19,3,10,690,199,A7   7.000 A 8.630,,,Nuit avec éclairage allumé,Hors agglomération,Hors intersection,Normale,Deux véhicules - côté,,,,,,,,,,,5,1,1,1,3
200600053089,0006-08-20 18:00:00,6,8,20,18,0,690,5,A6   431.800 A 432.900,,,Plein jour,Hors agglomération,Hors intersection,Normale,Deux véhicules - arrière,,,,,,,,,,,1,1,1,1,2
200600053090,0006-08-09 19:45:00,6,8,9,19,45,690,199,RN383,,,Plein jour,Hors agglomération,Hors intersection,Normale,Deux véhicules - arrière,,,,,,,,,,,1,1,1,1,2
200600053091,0006-08-24 14:35:00,6,8,24,14,35,690,81,A6   448.490 A 449.450,,,Plein jour,Hors agglomération,Autre intersection,Normale,Deux véhicules - arrière,,,,,,,,,,,1,1,9,1,2
200600053092,0006-08-24 19:00:00,6,8,24,19,0,690,115,A6,,,Plein jour,Hors agglomération,Hors intersection,Normale,Deux véhicules - arrière,,,,,,,,,,,1,1,1,1,2
200600053093,0006-08-26 14:00:00,6,8,26,14,0,690,256,RN346  N/S,,,Plein jour,Hors agglomération,Hors intersection,Pluie légère,Sans collision,,,,,,,,,,,1,1,1,2,7
200600053094,0006-09-03 23:45:00,6,9,3,23,45,10,53,"snr, JUIN (AVENUE MARECH",,,Nuit sans éclairage public,Hors agglomération,Hors intersection,Normale,Sans collision,,,,,,,,,,,3,1,1,1,7
200600053095,0006-09-11 17:45:00,6,9,11,17,45,10,53,"SANS, LOUHANS (ROND POIN",,,Plein jour,En agglomération,Giratoire,Normale,Deux véhicules - côté,,,,,,,,,,,1,2,6,1,3
200600053096,0006-09-08 06:25:00,6,9,8,6,25,10,53,"snr, MAGINOT AVENUE ) DE",,,Crépuscule ou aube,En agglomération,Giratoire,Normale,Deux véhicules - côté,,,,,,,,,,,2,2,6,1,3
200600053097,0006-09-15 15:35:00,6,9,15,15,35,10,53,"sans, COUPES BLANCHES (",,,Plein jour,Hors agglomération,Intersection en X,Pluie légère,Deux véhicules - côté,,,,,,,,,,,1,1,2,2,3
200600053098,0006-09-15 08:25:00,6,9,15,8,25,10,53,"FACE AU 53, TERRASSON (",,,Plein jour,En agglomération,Hors intersection,Normale,Autre collision,,,,,,,,,,,1,2,1,1,6
200600053099,0006-09-18 18:50:00,6,9,18,18,50,10,53,"RN, MERCIER (AVENUE AMED",,,Plein jour,En agglomération,Hors intersection,Normale,Autre collision,,,,,,,,,,,1,2,1,1,6
200600053100,0006-09-22 00:01:00,6,9,22,0,1,10,53,"02, MOULIN  (RUE JEAN)",,,Plein jour,En agglomération,Hors intersection,Normale,Autre collision,,,,,,,,,,,1,2,1,1,6
200600053101,0006-09-22 15:20:00,6,9,22,15,20,10,53,"5, SCHUMAN ( RUE ROBERT)",,,Plein jour,En agglomération,Hors intersection,Normale,Deux véhicules - côté,,,,,,,,,,,1,2,1,1,3
200600053102,0006-09-27 10:15:00,6,9,27,10,15,10,53,"24, 4 SEPTEMBRE ( RUE DU",,,Plein jour,En agglomération,Hors intersection,Normale,Autre collision,,,,,,,,,,,1,2,1,1,6
200600053103,0006-09-19 14:40:00,6,9,19,14,40,10,289,"1835, LYON ( AVE DE) A P",,,Plein jour,En agglomération,Hors intersection,Normale,Deux véhicules - arrière,,,,,,,,,,,1,2,1,1,2
200600053104,0006-09-29 20:00:00,6,9,29,20,0,10,53,RN 75,,,Nuit sans éclairage public,En agglomération,Hors intersection,Normale,Deux véhicules - frontale,,,,,,,,,,,3,2,1,1,1
200600053105,0006-09-05 06:55:00,6,9,5,6,55,10,283,"188, FRANCE (RUE A. DU 1",,,Plein jour,En agglomération,Hors intersection,Normale,Deux véhicules - côté,,,,,,,,,,,1,2,1,1,3
200600053106,0006-09-14 18:45:00,6,9,14,18,45,10,283,"7, PAIX (RUE DE LA)",,,Plein jour,En agglomération,Intersection en X,Normale,Deux véhicules - côté,,,,,,,,,,,1,2,2,1,3
200600053107,0006-09-28 07:25:00,6,9,28,7,25,20,408,"1, HOUSSAYE (RUE ARSENE)",,,Crépuscule ou aube,En agglomération,Intersection en X,Normale,Deux véhicules - côté,,,,,,,,,,,2,2,2,1,3
200600053108,0006-09-03 20:30:00,6,9,3,20,30,20,691,"0, ARCHIMEDE (RUE)",,,Nuit avec éclairage allumé,En agglomération,Hors intersection,Normale,Deux véhicules - côté,,,,,,,,,,,5,2,1,1,3
200600053109,0006-09-07 11:50:00,6,9,7,11,50,20,691,POMPIDOU DE 1 A 111 (RUE,,,Plein jour,En agglomération,Hors intersection,Normale,Autre collision,,,,,,,,,,,1,2,1,1,6
200600053110,0006-09-07 19:15:00,6,9,7,19,15,20,691,"0, BOUIN DE 83 A FIN  (B",,,Plein jour,En agglomération,Hors intersection,Normale,Deux véhicules - arrière,,,,,,,,,,,1,2,1,1,2
200600053111,0006-09-10 14:15:00,6,9,10,14,15,20,691,"20, TOUR-Y-VAL (RUE DE)",,,Plein jour,En agglomération,Hors intersection,Normale,Autre collision,,,,,,,,,,,1,2,1,1,6
200600053112,0006-09-12 11:35:00,6,9,12,11,35,20,691,"3, FLANDRE (RUE DE)",,,Plein jour,En agglomération,Hors intersection,Normale,Autre collision,,,,,,,,,,,1,2,1,1,6
200600053113,0006-09-16 16:20:00,6,9,16,16,20,20,691,"37, RICHELIEU (BD)",,,Plein jour,En agglomération,Hors intersection,Normale,Autre collision,,,,,,,,,,,1,2,1,1,6
200600053114,0006-09-23 18:50:00,6,9,23,18,50,20,340,"0, R.D 1029",,,Crépuscule ou aube,Hors agglomération,Hors intersection,Normale,Sans collision,,,,,,,,,,,2,1,1,1,7
200600053115,0006-09-16 20:25:00,6,9,16,20,25,20,691,"3, HUGUET (RUE RAOUL)",,,Nuit avec éclairage allumé,En agglomération,Hors intersection,Normale,Autre collision,,,,,,,,,,,5,2,1,1,6
200600053116,0006-09-11 17:10:00,6,9,11,17,10,20,722,"SANS, ALEXANDRE DUMAS (B",,,Plein jour,En agglomération,Intersection en T,Normale,Deux véhicules - côté,,,,,,,,,,,1,2,3,1,3
200600053117,0006-09-27 18:15:00,6,9,27,18,15,20,243,PIERRE MENDES FRANCE IMP,,,Plein jour,En agglomération,Hors intersection,Normale,Autre collision,,,,,,,,,,,1,2,1,1,6
200600053118,0006-09-09 11:00:00,6,9,9,11,0,20,738,"87, GAMBETTA (BOULEVARD)",,,Plein jour,En agglomération,Hors intersection,Normale,Autre collision,,,,,,,,,,,1,2,1,1,6
200600053119,0006-09-15 17:20:00,6,9,15,17,20,20,738,"49, GRASSE",,,Plein jour,En agglomération,Hors intersection,Normale,Deux véhicules - frontale,,,,,,,,,,,1,2,1,1,1
200600053120,0006-09-06 20:45:00,6,9,6,20,45,30,185,ANCIEN CANAL DE BERRY (,,,Nuit avec éclairage allumé,En agglomération,Intersection en X,Normale,Deux véhicules - côté,,,,,,,,,,,5,2,2,1,3
200600053121,0006-09-15 19:45:00,6,9,15,19,45,30,101,"70, DORMOY ( RUE MARX )",,,Nuit avec éclairage allumé,En agglomération,Hors intersection,Pluie légère,Autre collision,,,,,,,,,,,5,2,1,2,6
200600053122,0006-09-21 16:50:00,6,9,21,16,50,30,185,KENNEDY ( AVENUE JOHN ),,,Plein jour,En agglomération,Intersection en T,Normale,Autre collision,,,,,,,,,,,1,2,3,1,6
200600053123,0006-09-22 01:17:00,6,9,22,1,17,30,98,"33, 4 SEPTEMBRE ( AVENUE",,,Nuit avec éclairage allumé,En agglomération,Hors intersection,Normale,Autre collision,,,,,,,,,,,5,2,1,1,6
200600053124,0006-09-20 12:25:00,6,9,20,12,25,30,185,"42, HUGO ( RUE VICTOR )",,,Plein jour,En agglomération,Giratoire,Normale,Deux véhicules - côté,,,,,,,,,,,1,2,6,1,3
200600053125,0006-09-24 19:50:00,6,9,24,19,50,30,101,"69, DORMOY ( RUE MARX )",,,Nuit avec éclairage allumé,En agglomération,Hors intersection,Pluie forte,Deux véhicules - frontale,,,,,,,,,,,5,2,1,3,1
200600053126,0006-09-27 11:20:00,6,9,27,11,20,30,185,SEGOND ( RUE DU CAPITAIN,,,Plein jour,En agglomération,Passage à niveau,Normale,Autre collision,,,,,,,,,,,1,2,8,1,6
200600053127,0006-09-03 06:05:00,6,9,3,6,5,30,321,"46, REPUBLIQUE (RUE DE L",,,Crépuscule ou aube,En agglomération,Intersection en T,Normale,Autre collision,,,,,,,,,,,2,2,3,1,6
200600053128,0006-09-08 14:50:00,6,9,8,14,50,30,190,"13, GAMBETTA (RUE)",,,Plein jour,En agglomération,Intersection en X,Normale,Autre collision,,,,,,,,,,,1,2,2,1,6
200600053129,0006-09-21 14:50:00,6,9,21,14,50,30,190,"1, BERCY (COURS DE)",,,Plein jour,En agglomération,Intersection à plus de 4 branches,Normale,Autre collision,,,,,,,,,,,1,2,5,1,6
200600053130,0006-09-24 17:00:00,6,9,24,17,0,30,321,RN7,,,Plein jour,Hors agglomération,Hors intersection,Temps couvert,Autre collision,,,,,,,,,,,1,1,1,8,6
200600053131,0006-09-23 15:20:00,6,9,23,15,20,30,321,"117, LYON (ROUTE DE )",,,Plein jour,En agglomération,Hors intersection,Normale,Autre collision,,,,,,,,,,,1,2,1,1,6
200600053132,0006-09-05 18:50:00,6,9,5,18,50,30,23,MOULIN (RUE JEAN),,,Plein jour,En agglomération,Intersection en T,Normale,Deux véhicules - côté,,,,,,,,,,,1,2,3,1,3
200600053133,0006-09-06 14:19:00,6,9,6,14,19,30,310,GRAMONT (AVENUE DE),,,Plein jour,En agglomération,Hors intersection,Normale,Sans collision,,,,,,,,,,,1,2,1,1,7
200600053134,0006-09-09 17:00:00,6,9,9,17,0,30,23,AIGUEPERSE (ROUTE D'),,,Plein jour,Hors agglomération,Hors intersection,Normale,Autre collision,,,,,,,,,,,1,1,1,1,6
200600053135,0006-09-11 19:10:00,6,9,11,19,10,30,310,"1, THERMALE (AVENUE)",,,Plein jour,En agglomération,Intersection en X,Normale,Deux véhicules - arrière,,,,,,,,,,,1,2,2,1,2
200600053136,0006-09-12 17:12:00,6,9,12,17,12,30,95,"113, VICHY (AVENUE DE)",,,Plein jour,En agglomération,Hors intersection,Normale,Deux véhicules - côté,,,,,,,,,,,1,2,1,1,3
200600053137,0006-09-14 16:45:00,6,9,14,16,45,30,95,"1, DRAPEAU (AVENUE DU)",,,Plein jour,En agglomération,Giratoire,Normale,Deux véhicules - côté,,,,,,,,,,,1,2,6,1,3