accident_id,datetime,annee,mois,jour,heure,minute,departement,commune_insee,adresse,latitude,longitude,luminosite,agglomeration,intersection,meteo,collision,nb_vehicules,nb_usagers,nb_indemnes,nb_tues,nb_blesses_hosp,nb_blesses_legers,age_cond_1,age_cond_2,veh_type_cond_1,veh_type_cond_2,lum_code,agg_code,int_code,atm_code,col_code
200600053536,0006-09-04 13:45:00,6,9,4,13,45,130,55,CHARLES NEDELEC (BOULEVA,,,Plein jour,En agglomération,Hors intersection,Normale,Deux véhicules - arrière,,,,,,,,,,,1,2,1,1,2
200600053537,0006-09-25 16:00:00,6,9,25,16,0,130,55,"80, CROIX ROUGE (AVENUE)",,,Plein jour,En agglomération,Hors intersection,Normale,Trois véhicules et plus - en chaîne,,,,,,,,,,,1,2,1,1,4
200600053538,0006-09-09 17:15:00,6,9,9,17,15,130,55,GIBBES (CHEMIN DE),,,Plein jour,En agglomération,Intersection en T,Normale,Deux véhicules - côté,,,,,,,,,,,1,2,3,1,3
200600053539,0006-09-07 07:55:00,6,9,7,7,55,130,55,"37, LODI (RUE DE)",,,Plein jour,En agglomération,Hors intersection,Normale,Autre collision,,,,,,,,,,,1,2,1,1,6
200600053540,0006-09-24 21:15:00,6,9,24,21,15,130,55,LEDRU ROLLI (BOULEVARD),,,Nuit avec éclairage allumé,En agglomération,Hors intersection,Pluie forte,Deux véhicules - côté,,,,,,,,,,,5,2,1,3,3
200600053541,0006-09-01 21:30:00,6,9,1,21,30,130,55,GAROUTTE (BOULEVARD),,,Nuit avec éclairage allumé,En agglomération,Intersection en X,Normale,Deux véhicules - côté,,,,,,,,,,,5,2,2,1,3
200600053542,0006-09-06 14:10:00,6,9,6,14,10,130,55,"168, RABATAU (BOULEVARD)",,,Plein jour,En agglomération,Hors intersection,Normale,Deux véhicules - côté,,,,,,,,,,,1,2,1,1,3
200600053543,0006-09-19 10:00:00,6,9,19,10,0,130,55,MALAVASI AI (RUE),,,Plein jour,En agglomération,Autre intersection,Normale,Autre collision,,,,,,,,,,,1,2,9,1,6
200600053544,0006-09-05 12:10:00,6,9,5,12,10,130,55,"27, MORETTI (BOULEVARD)",,,Plein jour,En agglomération,Hors intersection,Normale,Deux véhicules - côté,,,,,,,,,,,1,2,1,1,3
200600053545,0006-09-18 16:00:00,6,9,18,16,0,130,55,"46, GRAND RUE (RUE)",,,Plein jour,En agglomération,Hors intersection,Normale,Sans collision,,,,,,,,,,,1,2,1,1,7
200600053546,0006-09-11 07:30:00,6,9,11,7,30,130,55,"11, ROGER BRUN (RUE)",,,Plein jour,En agglomération,Hors intersection,Normale,Deux véhicules - arrière,,,,,,,,,,,1,2,1,1,2
200600053547,0006-09-10 09:50:00,6,9,10,9,50,130,55,CAILLOLS (AVENUE DES),,,Plein jour,En agglomération,Hors intersection,Normale,Autre collision,,,,,,,,,,,1,2,1,1,6
200600053548,0006-09-25 12:00:00,6,9,25,12,0,130,55,"75, JONQUILLES (CHEMIN D",,,Plein jour,En agglomération,Hors intersection,Normale,Deux véhicules - côté,,,,,,,,,,,1,2,1,1,3
200600053549,0006-09-11 08:40:00,6,9,11,8,40,130,55,"32, SAINT MARCEL (BOULEV",,,Plein jour,En agglomération,Hors intersection,Normale,Deux véhicules - côté,,,,,,,,,,,1,2,1,1,3
200600053550,0006-09-18 15:00:00,6,9,18,15,0,130,55,"62, GRAND RUE (RUE)",,,Plein jour,En agglomération,Hors intersection,Normale,Deux véhicules - côté,,,,,,,,,,,1,2,1,1,3
200600053551,0006-09-25 20:50:00,6,9,25,20,50,130,55,"103, MARÉCHAL DE LATTRE",,,Nuit avec éclairage allumé,En agglomération,Intersection en T,Normale,Deux véhicules - côté,,,,,,,,,,,5,2,3,1,3
200600053552,0006-09-20 18:10:00,6,9,20,18,10,130,55,MAZARGUES (AVENUE DE),,,Plein jour,En agglomération,Hors intersection,Normale,Autre collision,,,,,,,,,,,1,2,1,1,6
200600053553,0006-09-22 11:35:00,6,9,22,11,35,130,55,"225, PAUL CLAUDEL (BOULE",,,Plein jour,En agglomération,Hors intersection,Normale,Sans collision,,,,,,,,,,,1,2,1,1,7
200600053554,0006-09-21 17:00:00,6,9,21,17,0,130,55,"19, COLGATE (TRAVERSE)",,,Plein jour,En agglomération,Hors intersection,Normale,Autre collision,,,,,,,,,,,1,2,1,1,6
200600053555,0006-09-26 08:00:00,6,9,26,8,0,130,55,BONNETERIE (RUE),,,Plein jour,En agglomération,Intersection en T,Normale,Deux véhicules - côté,,,,,,,,,,,1,2,3,1,3
200600053556,0006-09-04 18:00:00,6,9,4,18,0,130,55,"25, JULES CANTINI (AVENU",,,Plein jour,En agglomération,Intersection en T,Normale,Autre collision,,,,,,,,,,,1,2,3,1,6
200600053557,0006-09-05 20:50:00,6,9,5,20,50,130,55,ST MENET (CHEMIN),,,Nuit avec éclairage allumé,En agglomération,Hors intersection,Normale,Sans collision,,,,,,,,,,,5,2,1,1,7
200600053558,0006-09-05 15:15:00,6,9,5,15,15,130,55,"72, JEAN COMPADIEU (AVEN",,,Plein jour,En agglomération,Hors intersection,Normale,Autre collision,,,,,,,,,,,1,2,1,1,6
200600053559,0006-09-01 13:55:00,6,9,1,13,55,130,55,"484, PRADO (AVENUE)",,,Plein jour,En agglomération,Hors intersection,Normale,Sans collision,,,,,,,,,,,1,2,1,1,7
200600053560,0006-09-13 22:20:00,6,9,13,22,20,130,55,MICHELET (BOULEVARD),,,Nuit avec éclairage allumé,En agglomération,Intersection en X,Normale,Deux véhicules - côté,,,,,,,,,,,5,2,2,1,3
200600053561,0006-09-16 09:30:00,6,9,16,9,30,130,55,"90, MAZARGUES (AVENUE DE",,,Plein jour,En agglomération,Hors intersection,Pluie légère,Deux véhicules - côté,,,,,,,,,,,1,2,1,2,3
200600053562,0006-09-26 17:15:00,6,9,26,17,15,130,55,"747, MAZARGUES (AVENUE D",,,Plein jour,En agglomération,Hors intersection,Normale,Deux véhicules - côté,,,,,,,,,,,1,2,1,1,3
200600053563,0006-09-21 09:30:00,6,9,21,9,30,130,55,"320, ROMAIN ROLLAND (BOU",,,Plein jour,En agglomération,Hors intersection,Temps éblouissant,Deux véhicules - arrière,,,,,,,,,,,1,2,1,7,2
200600053564,0006-09-27 16:50:00,6,9,27,16,50,130,55,PIERRE DOIZE  (RUE),,,Plein jour,En agglomération,Intersection en X,Normale,Deux véhicules - côté,,,,,,,,,,,1,2,2,1,3
200600053565,0006-09-21 12:30:00,6,9,21,12,30,130,55,SAKAKINI (BOULEVARD),,,Plein jour,En agglomération,Intersection en T,Normale,Deux véhicules - arrière,,,,,,,,,,,1,2,3,1,2
200600053566,0006-09-18 17:25:00,6,9,18,17,25,130,55,"19, BENEDIT (RUE)",,,Plein jour,En agglomération,Hors intersection,Normale,Deux véhicules - arrière,,,,,,,,,,,1,2,1,1,2
200600053567,0006-09-27 19:00:00,6,9,27,19,0,130,55,"106, SAINT LOUIS (AVENUE",,,Crépuscule ou aube,En agglomération,Hors intersection,Normale,Autre collision,,,,,,,,,,,2,2,1,1,6
200600053568,0006-09-25 21:40:00,6,9,25,21,40,130,55,CANEBIERE    81 A FIN,,,Nuit avec éclairage allumé,En agglomération,Intersection en X,Normale,Deux véhicules - arrière,,,,,,,,,,,5,2,2,1,2
200600053569,0006-09-20 10:50:00,6,9,20,10,50,130,55,LIBERATION (BOULEVARD),,,Plein jour,En agglomération,Hors intersection,Normale,Deux véhicules - côté,,,,,,,,,,,1,2,1,1,3
200600053570,0006-09-11 16:41:00,6,9,11,16,41,130,55,"103, ROME (RUE DE)",,,Plein jour,Hors agglomération,Hors intersection,Normale,Deux véhicules - côté,,,,,,,,,,,1,1,1,1,3
200600053571,0006-09-05 14:00:00,6,9,5,14,0,130,55,BERLIOZ (RUE),,,Plein jour,En agglomération,Intersection en T,Normale,Deux véhicules - arrière,,,,,,,,,,,1,2,3,1,2
200600053572,0006-09-20 14:15:00,6,9,20,14,15,130,55,LIEUTAUD (COURS),,,Plein jour,En agglomération,Hors intersection,Normale,Deux véhicules - côté,,,,,,,,,,,1,2,1,1,3
200600053573,0006-09-17 21:01:00,6,9,17,21,1,130,55,"123, LIEUTAUD (COURS)",,,Nuit avec éclairage allumé,En agglomération,Hors intersection,Normale,Deux véhicules - arrière,,,,,,,,,,,5,2,1,1,2
200600053574,0006-09-22 10:00:00,6,9,22,10,0,130,55,LIBERTE (BOULEVARD DE LA,,,Plein jour,En agglomération,Intersection en T,Normale,Deux véhicules - côté,,,,,,,,,,,1,2,3,1,3
200600053575,0006-09-10 16:55:00,6,9,10,16,55,130,55,", CHARRAS (RUE)",,,Plein jour,En agglomération,Intersection en X,Normale,Deux véhicules - côté,,,,,,,,,,,1,2,2,1,3
200600053576,0006-09-10 03:00:00,6,9,10,3,0,130,55,ROMAIN ROLLAND (BOULEVAR,,,Nuit avec éclairage allumé,En agglomération,Intersection en Y,Normale,Deux véhicules - côté,,,,,,,,,,,5,2,4,1,3
200600053577,0006-09-26 08:45:00,6,9,26,8,45,130,55,"2, HUGUENY (RUE)",,,Plein jour,En agglomération,Hors intersection,Normale,Sans collision,,,,,,,,,,,1,2,1,1,7
200600053578,0006-09-27 09:30:00,6,9,27,9,30,130,55,SAINTE MARGUERITE (BOULE,,,Plein jour,En agglomération,Intersection en T,Normale,Sans collision,,,,,,,,,,,1,2,3,1,7
200600053579,0006-09-20 08:55:00,6,9,20,8,55,130,55,"37, PONT DE VIVAUX (BOUL",,,Plein jour,En agglomération,Hors intersection,Normale,Autre collision,,,,,,,,,,,1,2,1,1,6
200600053580,0006-09-19 10:55:00,6,9,19,10,55,130,55,MARCHE D'IN (AVENUE),,,Plein jour,En agglomération,Hors intersection,Normale,Trois véhicules et plus - en chaîne,,,,,,,,,,,1,2,1,1,4
200600053581,0006-09-21 08:00:00,6,9,21,8,0,130,55,"101, MAURELLE (RUE DE LA",,,Plein jour,En agglomération,Hors intersection,Normale,Autre collision,,,,,,,,,,,1,2,1,1,6
200600053582,0006-09-26 20:10:00,6,9,26,20,10,130,55,"48, SAINT LOUIS (AVENUE",,,Nuit avec éclairage allumé,En agglomération,Hors intersection,Normale,Deux véhicules - côté,,,,,,,,,,,5,2,1,1,3
200600053583,0006-09-23 18:15:00,6,9,23,18,15,130,55,JOURDAN (BOULEVARD),,,Plein jour,En agglomération,Hors intersection,Normale,Autre collision,,,,,,,,,,,1,2,1,1,6
200600053584,0006-09-29 02:00:00,6,9,29,2,0,130,55,"110, MADRAGUE VILLE (CHE",,,Nuit avec éclairage allumé,En agglomération,Hors intersection,Normale,Deux véhicules - arrière,,,,,,,,,,,5,2,1,1,2
200600053585,0006-09-04 18:31:00,6,9,4,18,31,130,55,", TROIS LUCS (AVENUE DES",,,Plein jour,En agglomération,Hors intersection,Normale,Sans collision,,,,,,,,,,,1,2,1,1,7
200600053586,0006-09-14 15:00:00,6,9,14,15,0,130,55,ARENC (QUAI D'),,,Plein jour,En agglomération,Hors intersection,Normale,Deux véhicules - frontale,,,,,,,,,,,1,2,1,1,1
200600053587,0006-09-19 09:50:00,6,9,19,9,50,130,55,"401, CORNICHE KENNEDY",,,Plein jour,En agglomération,Hors intersection,Normale,Deux véhicules - côté,,,,,,,,,,,1,2,1,1,3
200600053588,0006-09-07 18:30:00,6,9,7,18,30,130,55,JEAN QUEILLAU (RUE),,,Plein jour,En agglomération,Intersection en T,Normale,Deux véhicules - côté,,,,,,,,,,,1,2,3,1,3
200600053589,0006-09-26 13:50:00,6,9,26,13,50,130,55,ALEX. FLEMING (BOULEVARD,,,Plein jour,En agglomération,Hors intersection,Normale,Deux véhicules - arrière,,,,,,,,,,,1,2,1,1,2
200600053590,0006-09-21 21:10:00,6,9,21,21,10,130,55,ARENC (QUAI D'),,,Nuit avec éclairage allumé,En agglomération,Hors intersection,Normale,Deux véhicules - frontale,,,,,,,,,,,5,2,1,1,1
200600053591,0006-09-29 23:25:00,6,9,29,23,25,130,55,"154, MIREILLE LAUZE (BOU",,,Nuit avec éclairage allumé,En agglomération,Autre intersection,Normale,Sans collision,,,,,,,,,,,5,2,9,1,7
200600053592,0006-09-30 06:15:00,6,9,30,6,15,130,55,"81, PRADO (AVENUE)",,,Nuit avec éclairage allumé,En agglomération,Hors intersection,Normale,Trois véhicules et plus - collisions multiples,,,,,,,,,,,5,2,1,1,5
200600053593,0006-09-20 17:30:00,6,9,20,17,30,130,55,PRADO (AVENUE),,,Plein jour,En agglomération,Hors intersection,Normale,Autre collision,,,,,,,,,,,1,2,1,1,6
200600053594,0006-09-27 23:00:00,6,9,27,23,0,130,55,LYON (RUE DE),,,Nuit avec éclairage allumé,En agglomération,Hors intersection,Normale,Trois véhicules et plus - collisions multiples,,,,,,,,,,,5,2,1,1,5
200600053595,0006-09-04 06:10:00,6,9,4,6,10,130,55,"55, FRANCOISE DUPARC (BO",,,Nuit avec éclairage allumé,En agglomération,Hors intersection,Normale,Deux véhicules - côté,,,,,,,,,,,5,2,1,1,3
200600053596,0006-09-22 10:30:00,6,9,22,10,30,130,55,FONDERE (RUE),,,Plein jour,En agglomération,Intersection en X,Normale,Deux véhicules - côté,,,,,,,,,,,1,2,2,1,3
200600053597,0006-09-14 18:00:00,6,9,14,18,0,130,55,ALEX. FLEMING (BOULEVARD,,,Plein jour,En agglomération,Hors intersection,Normale,Trois véhicules et plus - en chaîne,,,,,,,,,,,1,2,1,1,4
200600053598,0006-09-11 15:30:00,6,9,11,15,30,130,55,"79, SAKAKINI (BOULEVARD)",,,Plein jour,En agglomération,Hors intersection,Normale,Autre collision,,,,,,,,,,,1,2,1,1,6
200600053599,0006-09-09 22:10:00,6,9,9,22,10,130,55,MONTREDON (AVENUE DE),,,Nuit avec éclairage allumé,En agglomération,Place,Normale,Deux véhicules - côté,,,,,,,,,,,5,2,7,1,3
200600053600,0006-09-04 11:14:00,6,9,4,11,14,130,55,"face 142, CANEBIERE",,,Plein jour,En agglomération,Hors intersection,Normale,Autre collision,,,,,,,,,,,1,2,1,1,6
200600053601,0006-09-23 11:30:00,6,9,23,11,30,130,55,"170, LIBERATION (BOULEVA",,,Plein jour,En agglomération,Hors intersection,Normale,Deux véhicules - arrière,,,,,,,,,,,1,2,1,1,2
200600053602,0006-09-20 02:15:00,6,9,20,2,15,130,55,"192, MILLIERE (BOULEVARD",,,Nuit avec éclairage allumé,En agglomération,Hors intersection,Normale,Autre collision,,,,,,,,,,,5,2,1,1,6
200600053603,0006-09-20 18:11:00,6,9,20,18,11,130,55,"69, BAILLE (BOULEVARD)",,,Plein jour,En agglomération,Hors intersection,Normale,Autre collision,,,,,,,,,,,1,2,1,1,6
200600053604,0006-09-20 14:20:00,6,9,20,14,20,130,55,"31 BIS, VOLTAIRE    IMPA",,,Plein jour,En agglomération,Hors intersection,Normale,Sans collision,,,,,,,,,,,1,2,1,1,7
200600053605,0006-09-20 18:25:00,6,9,20,18,25,130,55,"28C, VALDONNE (AVENUE DE",,,Plein jour,En agglomération,Hors intersection,Normale,Autre collision,,,,,,,,,,,1,2,1,1,6
200600053606,0006-09-27 16:00:00,6,9,27,16,0,130,55,"48, MARÉCHAL DE LATTRE (",,,Plein jour,En agglomération,Hors intersection,Normale,Autre collision,,,,,,,,,,,1,2,1,1,6
200600053607,0006-09-28 19:25:00,6,9,28,19,25,130,55,MONTREDON (AVENUE DE),,,Nuit avec éclairage allumé,En agglomération,Hors intersection,Normale,Autre collision,,,,,,,,,,,5,2,1,1,6
200600053608,0006-09-19 17:55:00,6,9,19,17,55,130,55,TROIS LUCS (AVENUE DES),,,Plein jour,En agglomération,Intersection en X,Normale,Deux véhicules - côté,,,,,,,,,,,1,2,2,1,3
200600053609,0006-09-27 08:20:00,6,9,27,8,20,130,55,"114, ANDRE ZENATTI (AVEN",,,Plein jour,En agglomération,Hors intersection,Normale,Sans collision,,,,,,,,,,,1,2,1,1,7
200600053610,0006-09-21 11:00:00,6,9,21,11,0,130,55,"183, MORGIOU (CHEMIN DE)",,,Plein jour,En agglomération,Hors intersection,Normale,Autre collision,,,,,,,,,,,1,2,1,1,6
200600053611,0006-09-23 10:30:00,6,9,23,10,30,130,55,"58, PALAMA (CHEMIN DE)",,,Plein jour,En agglomération,Hors intersection,Normale,Deux véhicules - côté,,,,,,,,,,,1,2,1,1,3
200600053612,0006-09-15 13:45:00,6,9,15,13,45,130,55,"40, SAINTE MARGUERITE (B",,,Plein jour,En agglomération,Hors intersection,Normale,Deux véhicules - côté,,,,,,,,,,,1,2,1,1,3
200600053613,0006-09-10 12:30:00,6,9,10,12,30,130,2,PICHAURIS (CHEMIN DE...,,,Plein jour,En agglomération,Hors intersection,Normale,Autre collision,,,,,,,,,,,1,2,1,1,6
200600053614,0006-09-22 13:00:00,6,9,22,13,0,130,55,"112, SAINTE JULIE (AVENU",,,Plein jour,En agglomération,Hors intersection,Normale,Deux véhicules - côté,,,,,,,,,,,1,2,1,1,3
200600053615,0006-09-30 20:25:00,6,9,30,20,25,130,55,"00, LONGUE CAPUCINS (RUE",,,Nuit avec éclairage allumé,En agglomération,Intersection en X,Normale,Deux véhicules - côté,,,,,,,,,,,5,2,2,1,3
200600053616,0006-09-29 19:30:00,6,9,29,19,30,130,55,"18, BERNARD (RUE)",,,Nuit sans éclairage public,En agglomération,Hors intersection,Normale,Autre collision,,,,,,,,,,,3,2,1,1,6
200600053617,0006-09-24 17:00:00,6,9,24,17,0,130,55,LESSEPS (RUE DE),,,Plein jour,En agglomération,Intersection en X,Pluie légère,Deux véhicules - côté,,,,,,,,,,,1,2,2,2,3
200600053618,0006-09-28 09:15:00,6,9,28,9,15,130,55,"282, MIREILLE LAUZE (BOU",,,Plein jour,En agglomération,Hors intersection,Normale,Deux véhicules - arrière,,,,,,,,,,,1,2,1,1,2
200600053619,0006-09-28 14:05:00,6,9,28,14,5,130,55,"09, FRANÇOIS MIGNET (AVE",,,Plein jour,En agglomération,Hors intersection,Normale,Autre collision,,,,,,,,,,,1,2,1,1,6
200600053620,0006-09-08 21:00:00,6,9,8,21,0,130,55,CHATEAU GOMBERT (AVENUE),,,Nuit sans éclairage public,En agglomération,Hors intersection,Normale,Trois véhicules et plus - collisions multiples,,,,,,,,,,,3,2,1,1,5
200600053621,0006-09-08 15:30:00,6,9,8,15,30,130,55,SAINTE CECILE (RUE),,,Plein jour,En agglomération,Intersection en X,Normale,Deux véhicules - côté,,,,,,,,,,,1,2,2,1,3
200600053622,0006-09-19 06:40:00,6,9,19,6,40,130,55,"238, BAILLE (BOULEVARD)",,,Crépuscule ou aube,En agglomération,Intersection en T,Normale,Deux véhicules - côté,,,,,,,,,,,2,2,3,1,3
200600053623,0006-09-28 16:45:00,6,9,28,16,45,130,55,PARADIS (RUE),,,Plein jour,En agglomération,Intersection en T,Normale,Deux véhicules - côté,,,,,,,,,,,1,2,3,1,3
200600053624,0006-09-28 16:30:00,6,9,28,16,30,130,55,LÉON GAMBETTA (ALLEE),,,Plein jour,En agglomération,Intersection en T,Normale,Deux véhicules - côté,,,,,,,,,,,1,2,3,1,3
200600053625,0006-09-26 12:35:00,6,9,26,12,35,130,55,"156, FRAIS VALLON (AVENU",,,Plein jour,En agglomération,Hors intersection,Normale,Deux véhicules - arrière,,,,,,,,,,,1,2,1,1,2
200600053626,0006-09-28 19:00:00,6,9,28,19,0,130,55,JEAN PAUL SARTRE (AVENUE,,,Nuit sans éclairage public,En agglomération,Hors intersection,Normale,Deux véhicules - arrière,,,,,,,,,,,3,2,1,1,2
200600053627,0006-09-25 10:55:00,6,9,25,10,55,130,55,CAMILLE BLANC (BOULEVARD,,,Plein jour,En agglomération,Intersection en X,Normale,Deux véhicules - côté,,,,,,,,,,,1,2,2,1,3
200600053628,0006-09-30 14:20:00,6,9,30,14,20,130,55,MAZARGUES (AVENUE DE),,,Plein jour,En agglomération,Hors intersection,Normale,Deux véhicules - arrière,,,,,,,,,,,1,2,1,1,2
200600053629,0006-09-20 14:21:00,6,9,20,14,21,130,55,MAZARGUES (ROND-POINT),,,Plein jour,En agglomération,Giratoire,Normale,Deux véhicules - côté,,,,,,,,,,,1,2,6,1,3
200600053630,0006-09-24 04:30:00,6,9,24,4,30,130,55,"74, PIOT (BOULEVARD)",,,Nuit avec éclairage allumé,En agglomération,Hors intersection,Pluie légère,Deux véhicules - arrière,,,,,,,,,,,5,2,1,2,2
200600053631,0006-09-25 18:30:00,6,9,25,18,30,130,55,GOELETTES (ALLEE),,,Plein jour,En agglomération,Hors intersection,Normale,Deux véhicules - frontale,,,,,,,,,,,1,2,1,1,1
200600053632,0006-09-30 08:30:00,6,9,30,8,30,130,55,JEAN MARC CATHALA (RUE),,,Plein jour,En agglomération,Intersection en T,Normale,Deux véhicules - côté,,,,,,,,,,,1,2,3,1,3
200600053633,0006-09-18 17:50:00,6,9,18,17,50,130,55,SAINTE MARTHE (CHEMIN DE,,,Plein jour,En agglomération,Hors intersection,Normale,Deux véhicules - arrière,,,,,,,,,,,1,2,1,1,2
200600053634,0006-09-13 20:30:00,6,9,13,20,30,130,55,QUATRE SEPT (PLACE DU),,,Nuit avec éclairage allumé,En agglomération,Hors intersection,Normale,Deux véhicules - côté,,,,,,,,,,,5,2,1,1,3
200600053635,0006-09-28 17:10:00,6,9,28,17,10,130,55,SAINT MARCEL (BOULEVARD,,,Plein jour,En agglomération,Hors intersection,Normale,Autre collision,,,,,,,,,,,1,2,1,1,6
200600053636,0006-09-15 10:30:00,6,9,15,10,30,130,55,MONTOLIVET (AVENUE DE),,,Plein jour,En agglomération,Intersection en T,Normale,Autre collision,,,,,,,,,,,1,2,3,1,6
200600053637,0006-09-13 07:45:00,6,9,13,7,45,130,55,CROIX ROUGE (AVENUE),,,Plein jour,En agglomération,Hors intersection,Normale,Autre collision,,,,,,,,,,,1,2,1,1,6
200600053638,0006-09-05 12:15:00,6,9,5,12,15,130,55,LITTORAL (CHEMIN DU),,,Plein jour,En agglomération,Hors intersection,Normale,Autre collision,,,,,,,,,,,1,2,1,1,6
200600053639,0006-09-24 12:25:00,6,9,24,12,25,130,55,SAINT JEROME (AVENUE DE),,,Plein jour,En agglomération,Hors intersection,Normale,Autre collision,,,,,,,,,,,1,2,1,1,6
200600053640,0006-09-09 12:15:00,6,9,9,12,15,130,55,"199, POILUS (AVENUE DES)",,,Plein jour,En agglomération,Hors intersection,Normale,Autre collision,,,,,,,,,,,1,2,1,1,6
200600053641,0006-09-21 17:30:00,6,9,21,17,30,130,55,"105, BLANCARDE (BOULEVAR",,,Plein jour,En agglomération,Hors intersection,Normale,Autre collision,,,,,,,,,,,1,2,1,1,6
200600053642,0006-09-27 16:30:00,6,9,27,16,30,130,55,CHARTREUX (AVENUE DES),,,Plein jour,En agglomération,Intersection en T,Normale,Autre collision,,,,,,,,,,,1,2,3,1,6
200600053643,0006-09-11 08:45:00,6,9,11,8,45,130,55,"66, BARA (BOULEVARD)",,,Plein jour,En agglomération,Hors intersection,Normale,Autre collision,,,,,,,,,,,1,2,1,1,6
200600053644,0006-09-26 14:00:00,6,9,26,14,0,130,55,LYON (RUE DE),,,Plein jour,En agglomération,Intersection en T,Normale,Autre collision,,,,,,,,,,,1,2,3,1,6
200600053645,0006-09-02 17:00:00,6,9,2,17,0,130,55,SAINT JUST (AVENUE DE),,,Plein jour,En agglomération,Hors intersection,Normale,Autre collision,,,,,,,,,,,1,2,1,1,6
200600053646,0006-09-23 21:40:00,6,9,23,21,40,130,55,SAINT JEROME (AVENUE DE),,,Nuit avec éclairage allumé,En agglomération,Intersection en T,Normale,Autre collision,,,,,,,,,,,5,2,3,1,6
200600053647,0006-09-03 18:40:00,6,9,3,18,40,130,55,OLIVES (AVENUE DES),,,Plein jour,Hors agglomération,Hors intersection,Normale,Deux véhicules - arrière,,,,,,,,,,,1,1,1,1,2
200600053648,0006-09-20 14:00:00,6,9,20,14,0,130,55,"66, SAINT MARCEL (BOULEV",,,Plein jour,En agglomération,Hors intersection,Normale,Autre collision,,,,,,,,,,,1,2,1,1,6
200600053649,0006-09-28 19:45:00,6,9,28,19,45,130,55,SAINT BARNABE (AVENUE DE,,,Nuit avec éclairage allumé,En agglomération,Intersection en X,Normale,Autre collision,,,,,,,,,,,5,2,2,1,6
200600053650,0006-09-25 14:10:00,6,9,25,14,10,130,55,"131, FERNANDEL (AVENUE)",,,Plein jour,En agglomération,Hors intersection,Normale,Autre collision,,,,,,,,,,,1,2,1,1,6
200600053651,0006-09-18 16:30:00,6,9,18,16,30,130,55,VOLTAIRE    IMPAIRS (BOU,,,Plein jour,En agglomération,Hors intersection,Normale,Trois véhicules et plus - en chaîne,,,,,,,,,,,1,2,1,1,4
200600053652,0006-09-06 05:30:00,6,9,6,5,30,130,55,"5A, DOMINIQUE (TRAVERSE",,,Nuit avec éclairage allumé,En agglomération,Hors intersection,Normale,Autre collision,,,,,,,,,,,5,2,1,1,6
200600053653,0006-09-17 16:15:00,6,9,17,16,15,130,55,SAUVEUR TOBELEM (RUE),,,Plein jour,En agglomération,Intersection en X,Normale,Deux véhicules - côté,,,,,,,,,,,1,2,2,1,3
200600053654,0006-09-23 00:01:00,6,9,23,0,1,130,55,"26, RIVE NEUVE (QUAI)",,,Nuit avec éclairage allumé,En agglomération,Hors intersection,Normale,Deux véhicules - arrière,,,,,,,,,,,5,2,1,1,2
200600053655,0006-09-19 09:10:00,6,9,19,9,10,130,55,SAINT MENET (AVENUE DE),,,Plein jour,En agglomération,Hors intersection,Normale,Trois véhicules et plus - en chaîne,,,,,,,,,,,1,2,1,1,4
200600053656,0006-09-18 07:00:00,6,9,18,7,0,130,55,"93, VALBARELLE (BOULEVAR",,,Crépuscule ou aube,En agglomération,Autre intersection,Normale,Deux véhicules - côté,,,,,,,,,,,2,2,9,1,3
200600053657,0006-09-29 14:10:00,6,9,29,14,10,130,55,"166, MAZARGUES (AVENUE D",,,Plein jour,En agglomération,Hors intersection,Normale,Deux véhicules - côté,,,,,,,,,,,1,2,1,1,3
200600053658,0006-09-28 16:50:00,6,9,28,16,50,130,55,"177, SAINTE MARTHE (CHEM",,,Plein jour,En agglomération,Hors intersection,Normale,Deux véhicules - côté,,,,,,,,,,,1,2,1,1,3
200600053659,0006-09-26 14:10:00,6,9,26,14,10,130,55,"183 bis, SAINT LOUIS (RU",,,Plein jour,En agglomération,Intersection en T,Normale,Deux véhicules - côté,,,,,,,,,,,1,2,3,1,3
200600053660,0006-09-26 22:00:00,6,9,26,22,0,130,55,CAMAU (RUE),,,Nuit avec éclairage allumé,En agglomération,Hors intersection,Normale,Deux véhicules - côté,,,,,,,,,,,5,2,1,1,3
200600053661,0006-09-21 08:35:00,6,9,21,8,35,130,55,"61, SAINT JUST (AVENUE D",,,Plein jour,En agglomération,Passage à niveau,Normale,Autre collision,,,,,,,,,,,1,2,8,1,6
200600053662,0006-09-16 06:40:00,6,9,16,6,40,130,55,"91, ROGER SALENGRO (AVEN",,,Nuit avec éclairage allumé,En agglomération,Intersection en T,Normale,Deux véhicules - côté,,,,,,,,,,,5,2,3,1,3
200600053663,0006-09-22 16:30:00,6,9,22,16,30,130,55,"0000, CHARLES CAMOIN (RU",,,Plein jour,En agglomération,Hors intersection,Normale,Deux véhicules - arrière,,,,,,,,,,,1,2,1,1,2
200600053664,0006-09-13 23:15:00,6,9,13,23,15,130,55,ROVE (ROUTE DU),,,Nuit avec éclairage allumé,En agglomération,Hors intersection,Normale,Deux véhicules - frontale,,,,,,,,,,,5,2,1,1,1
200600053665,0006-09-22 14:30:00,6,9,22,14,30,130,55,"176, LYON (RUE DE)",,,Plein jour,En agglomération,Intersection en X,Normale,Deux véhicules - côté,,,,,,,,,,,1,2,2,1,3
200600053666,0006-09-22 17:30:00,6,9,22,17,30,130,55,"43, PRADO (AVENUE DU)",,,Plein jour,En agglomération,Hors intersection,Normale,Deux véhicules - arrière,,,,,,,,,,,1,2,1,1,2
200600053667,0006-09-04 14:15:00,6,9,4,14,15,130,55,"145, BAILLE (BOULEVARD)",,,Plein jour,En agglomération,Hors intersection,Normale,Deux véhicules - côté,,,,,,,,,,,1,2,1,1,3