accident_id,datetime,annee,mois,jour,heure,minute,departement,commune_insee,adresse,latitude,longitude,luminosite,agglomeration,intersection,meteo,collision,nb_vehicules,nb_usagers,nb_indemnes,nb_tues,nb_blesses_hosp,nb_blesses_legers,age_cond_1,age_cond_2,veh_type_cond_1,veh_type_cond_2,lum_code,agg_code,int_code,atm_code,col_code
200600053668,0006-09-29 07:10:00,6,9,29,7,10,130,55,PEINTRES ROUX (AVENUE DE,,,Plein jour,En agglomération,Hors intersection,Normale,Autre collision,,,,,,,,,,,1,2,1,1,6
200600053669,0006-09-28 07:15:00,6,9,28,7,15,130,55,BAILLE (BOULEVARD),,,Plein jour,En agglomération,Intersection en X,Normale,Deux véhicules - côté,,,,,,,,,,,1,2,2,1,3
200600053670,0006-09-17 16:40:00,6,9,17,16,40,130,55,"56, CONSOLAT (RUE)   2 A",,,Plein jour,En agglomération,Hors intersection,Normale,Autre collision,,,,,,,,,,,1,2,1,1,6
200600053671,0006-09-12 14:30:00,6,9,12,14,30,130,55,"06, BLANCARDE (BOULEVARD",,,Plein jour,En agglomération,Hors intersection,Normale,Sans collision,,,,,,,,,,,1,2,1,1,7
200600053672,0006-09-30 11:10:00,6,9,30,11,10,130,55,MARÉCHAL FOCH (PLACE),,,Plein jour,En agglomération,Intersection en X,Normale,Autre collision,,,,,,,,,,,1,2,2,1,6
200600053673,0006-09-26 15:00:00,6,9,26,15,0,130,55,"166, HAMBOURG (BOULEVARD",,,Plein jour,En agglomération,Hors intersection,Normale,Autre collision,,,,,,,,,,,1,2,1,1,6
200600053674,0006-09-23 13:30:00,6,9,23,13,30,130,55,ODESSA (AVENUE),,,Plein jour,En agglomération,Hors intersection,Normale,Autre collision,,,,,,,,,,,1,2,1,1,6
200600053675,0006-09-19 16:20:00,6,9,19,16,20,130,55,JULES GUESDE (PLACE),,,Plein jour,Hors agglomération,Hors intersection,Normale,Deux véhicules - arrière,,,,,,,,,,,1,1,1,1,2
200600053676,0006-09-21 21:15:00,6,9,21,21,15,130,55,", FRANCOISE DUPARC (BOUL",,,Nuit avec éclairage allumé,En agglomération,Intersection en X,Normale,Deux véhicules - côté,,,,,,,,,,,5,2,2,1,3
200600053677,0006-09-19 15:30:00,6,9,19,15,30,130,55,"351, SAINT PIERRE (RUE)",,,Plein jour,En agglomération,Intersection en X,Normale,Deux véhicules - côté,,,,,,,,,,,1,2,2,1,3
200600053678,0006-09-24 10:00:00,6,9,24,10,0,130,55,SAINT BRUNO (RUE),,,Plein jour,En agglomération,Intersection en X,Pluie légère,Autre collision,,,,,,,,,,,1,2,2,2,6
200600053679,0006-09-29 13:00:00,6,9,29,13,0,130,55,"223, PLOMBIERES (BOULEVA",,,Plein jour,En agglomération,Hors intersection,Normale,Deux véhicules - côté,,,,,,,,,,,1,2,1,1,3
200600053680,0006-09-17 11:30:00,6,9,17,11,30,130,55,ALEX. FLEMING (BOULEVARD,,,Plein jour,En agglomération,Hors intersection,Normale,Trois véhicules et plus - collisions multiples,,,,,,,,,,,1,2,1,1,5
200600053681,0006-09-22 18:00:00,6,9,22,18,0,130,55,SCHLOESING (BOULEVARD),,,Plein jour,En agglomération,Hors intersection,Normale,Trois véhicules et plus - collisions multiples,,,,,,,,,,,1,2,1,1,5
200600053682,0006-09-15 15:55:00,6,9,15,15,55,130,55,"80, SAINTE MARGUERITE (B",,,Plein jour,En agglomération,Hors intersection,Temps couvert,Trois véhicules et plus - en chaîne,,,,,,,,,,,1,2,1,8,4
200600053683,0006-09-14 20:10:00,6,9,14,20,10,130,2,GÉNÉRAL DE GAULLE (AVENU,,,Nuit avec éclairage allumé,En agglomération,Intersection en T,Normale,Autre collision,,,,,,,,,,,5,2,3,1,6
200600053684,0006-09-16 23:50:00,6,9,16,23,50,130,55,SAINT BARNABE (AVENUE DE,,,Nuit avec éclairage allumé,En agglomération,Hors intersection,Normale,Deux véhicules - côté,,,,,,,,,,,5,2,1,1,3
200600053685,0006-09-19 13:30:00,6,9,19,13,30,130,55,JEAN PAUL SARTRE (AVENUE,,,Plein jour,En agglomération,Hors intersection,Normale,Deux véhicules - côté,,,,,,,,,,,1,2,1,1,3
200600053686,0006-09-20 19:00:00,6,9,20,19,0,130,55,", CHARLES SUSINI (TRAVER",,,Crépuscule ou aube,En agglomération,Hors intersection,Normale,Autre collision,,,,,,,,,,,2,2,1,1,6
200600053687,0006-09-20 16:15:00,6,9,20,16,15,130,55,"186, LYON (RUE DE)",,,Plein jour,En agglomération,Intersection en X,Normale,Deux véhicules - côté,,,,,,,,,,,1,2,2,1,3
200600053688,0006-09-25 09:00:00,6,9,25,9,0,130,55,LITTORAL (CHEMIN DU),,,Plein jour,En agglomération,Hors intersection,Pluie légère,Trois véhicules et plus - en chaîne,,,,,,,,,,,1,2,1,2,4
200600053689,0006-09-04 21:40:00,6,9,4,21,40,130,55,"37, MONTREDON (AVENUE DE",,,Nuit avec éclairage allumé,En agglomération,Hors intersection,Normale,Sans collision,,,,,,,,,,,5,2,1,1,7
200600053690,0006-09-18 10:15:00,6,9,18,10,15,130,55,"240, POILUS (AVENUE DES)",,,Plein jour,En agglomération,Hors intersection,Normale,Deux véhicules - arrière,,,,,,,,,,,1,2,1,1,2
200600053691,0006-09-18 06:15:00,6,9,18,6,15,130,55,"62, CAPITAINE GEZE (BOUL",,,Crépuscule ou aube,En agglomération,Hors intersection,Normale,Deux véhicules - côté,,,,,,,,,,,2,2,1,1,3
200600053692,0006-09-08 12:10:00,6,9,8,12,10,130,55,"47, FRANÇOISE DUPARC (BO",,,Plein jour,En agglomération,Hors intersection,Normale,Deux véhicules - arrière,,,,,,,,,,,1,2,1,1,2
200600053693,0006-09-24 07:00:00,6,9,24,7,0,130,55,ALBERT EINSTEIN (RUE),,,Nuit avec éclairage allumé,Hors agglomération,Hors intersection,Pluie légère,Autre collision,,,,,,,,,,,5,1,1,2,6
200600053694,0006-09-17 19:15:00,6,9,17,19,15,130,55,"357, PRADO (AVENUE)",,,Plein jour,En agglomération,Hors intersection,Normale,Trois véhicules et plus - en chaîne,,,,,,,,,,,1,2,1,1,4
200600053695,0006-09-13 15:00:00,6,9,13,15,0,130,55,"72, PONT DE VIVAUX (BOUL",,,Plein jour,En agglomération,Hors intersection,Normale,Deux véhicules - côté,,,,,,,,,,,1,2,1,1,3
200600053696,0006-09-21 08:30:00,6,9,21,8,30,130,55,BARA (BOULEVARD),,,Plein jour,En agglomération,Hors intersection,Normale,Deux véhicules - arrière,,,,,,,,,,,1,2,1,1,2
200600053697,0006-09-28 21:00:00,6,9,28,21,0,130,55,"58, JOURDAN (BOULEVARD)",,,Nuit sans éclairage public,En agglomération,Hors intersection,Normale,Deux véhicules - frontale,,,,,,,,,,,3,2,1,1,1
200600053698,0006-09-16 19:00:00,6,9,16,19,0,130,55,ADRIEN LEGROS (ROND POIN,,,Plein jour,En agglomération,Giratoire,Normale,Deux véhicules - arrière,,,,,,,,,,,1,2,6,1,2
200600053699,0006-09-02 14:23:00,6,9,2,14,23,130,55,CHARLES NEDELEC (BOULEVA,,,Plein jour,En agglomération,Hors intersection,Normale,Autre collision,,,,,,,,,,,1,2,1,1,6
200600053700,0006-09-27 17:55:00,6,9,27,17,55,130,55,MAZARGUES (AVENUE DE),,,Crépuscule ou aube,En agglomération,Intersection en T,Normale,Deux véhicules - côté,,,,,,,,,,,2,2,3,1,3
200600053701,0006-09-16 20:30:00,6,9,16,20,30,130,55,", CABOT (PLACE)",,,Nuit avec éclairage allumé,En agglomération,Intersection en T,Normale,Deux véhicules - frontale,,,,,,,,,,,5,2,3,1,1
200600053702,0006-09-08 07:40:00,6,9,8,7,40,130,77,SAINT MITRE (route de),,,Plein jour,Hors agglomération,Hors intersection,Normale,Sans collision,,,,,,,,,,,1,1,1,1,7
200600053703,0006-09-07 23:00:00,6,9,7,23,0,130,39,LAVERAN CHARLES (Allée),,,Nuit sans éclairage public,Hors agglomération,Hors intersection,Normale,Sans collision,,,,,,,,,,,3,1,1,1,7
200600053704,0006-09-04 07:30:00,6,9,4,7,30,130,56,ROUTE DU PORT DE LAVERA,,,Crépuscule ou aube,Hors agglomération,Hors intersection,Normale,Autre collision,,,,,,,,,,,2,1,1,1,6
200600053705,0006-09-25 18:50:00,6,9,25,18,50,130,56,ALSACE LORRAINE QUAI,,,Plein jour,En agglomération,Hors intersection,Temps éblouissant,Deux véhicules - arrière,,,,,,,,,,,1,2,1,7,2
200600053706,0006-09-17 18:35:00,6,9,17,18,35,130,56,ELUARD BOULEVARD PAUL,,,Plein jour,En agglomération,Intersection en X,Normale,Deux véhicules - côté,,,,,,,,,,,1,2,2,1,3
200600053707,0006-09-27 09:35:00,6,9,27,9,35,130,77,D 50,,,Plein jour,Hors agglomération,Hors intersection,Temps éblouissant,Deux véhicules - côté,,,,,,,,,,,1,1,1,7,3
200600053708,0006-09-19 14:02:00,6,9,19,14,2,130,103,"166, BOULEVARD JAURES -",,,Plein jour,En agglomération,Hors intersection,Normale,Deux véhicules - frontale,,,,,,,,,,,1,2,1,1,1
200600053709,0006-09-20 18:05:00,6,9,20,18,5,130,103,"19, BOULEVARD SCHUMAN -R",,,Plein jour,En agglomération,Hors intersection,Normale,Autre collision,,,,,,,,,,,1,2,1,1,6
200600053710,0006-09-22 07:50:00,6,9,22,7,50,130,103,RUE URSULE -REYNAUD D',,,Plein jour,En agglomération,Hors intersection,Normale,Autre collision,,,,,,,,,,,1,2,1,1,6
200600053711,0006-09-01 14:10:00,6,9,1,14,10,130,108,ARISTIDE BRIAND (COURS),,,Plein jour,En agglomération,Intersection en T,Normale,Deux véhicules - côté,,,,,,,,,,,1,2,3,1,3
200600053712,0006-09-01 12:15:00,6,9,1,12,15,130,117,ROUTE NATIONALE 113-L'AN,,,Plein jour,Hors agglomération,Hors intersection,Normale,Deux véhicules - arrière,,,,,,,,,,,1,1,1,1,2
200600053713,0006-09-03 19:30:00,6,9,3,19,30,130,117,MORFELDEN WALLDORF (AVEN,,,Plein jour,En agglomération,Hors intersection,Normale,Deux véhicules - côté,,,,,,,,,,,1,2,1,1,3
200600053714,0006-09-04 10:50:00,6,9,4,10,50,130,71,ROUTE NATIONALE 368 (PLA,,,Plein jour,Hors agglomération,Hors intersection,Normale,Deux véhicules - arrière,,,,,,,,,,,1,1,1,1,2
200600053715,0006-09-06 07:40:00,6,9,6,7,40,130,71,MITTERRAND (AVENUE FRANC,,,Plein jour,Hors agglomération,Hors intersection,Pluie légère,Deux véhicules - côté,,,,,,,,,,,1,1,1,2,3
200600053716,0006-09-06 16:20:00,6,9,6,16,20,130,71,CHEMIN DEPARTEMENTAL 6 (,,,Plein jour,Hors agglomération,Hors intersection,Normale,Deux véhicules - côté,,,,,,,,,,,1,1,1,1,3
200600053717,0006-09-07 17:39:00,6,9,7,17,39,130,117,"31, PADOVANI ( AVE )",,,Plein jour,En agglomération,Hors intersection,Normale,Deux véhicules - arrière,,,,,,,,,,,1,2,1,1,2
200600053718,0006-09-07 19:05:00,6,9,7,19,5,130,71,"132, MITTERRAND (AVENUE",,,Plein jour,Hors agglomération,Hors intersection,Normale,Autre collision,,,,,,,,,,,1,1,1,1,6
200600053719,0006-09-09 11:40:00,6,9,9,11,40,130,117,STIRBOIS (ROND POINT JEA,,,Plein jour,En agglomération,Hors intersection,Normale,Deux véhicules - côté,,,,,,,,,,,1,2,1,1,3
200600053720,0006-09-09 17:30:00,6,9,9,17,30,130,71,METRO (MAGASIN) - RN 368,,,Plein jour,Hors agglomération,Hors intersection,Normale,Deux véhicules - arrière,,,,,,,,,,,1,1,1,1,2
200600053721,0006-09-18 12:27:00,6,9,18,12,27,130,71,"35, CADENAUX (CHEMIN DES",,,Plein jour,Hors agglomération,Hors intersection,Normale,Deux véhicules - côté,,,,,,,,,,,1,1,1,1,3
200600053722,0006-09-19 07:50:00,6,9,19,7,50,130,117,CHEMIN DEPARTEMENTAL 9 (,,,Plein jour,Hors agglomération,Hors intersection,Normale,Autre collision,,,,,,,,,,,1,1,1,1,6
200600053723,0006-09-24 21:10:00,6,9,24,21,10,130,117,DUNANT ( PLACE HENRI ),,,Nuit avec éclairage allumé,En agglomération,Hors intersection,Normale,Autre collision,,,,,,,,,,,5,2,1,1,6
200600053724,0006-09-26 17:45:00,6,9,26,17,45,130,117,BAOU (QUARTIER DU PONT D,,,Plein jour,Hors agglomération,Hors intersection,Normale,Trois véhicules et plus - en chaîne,,,,,,,,,,,1,1,1,1,4
200600053725,0006-09-28 11:50:00,6,9,28,11,50,130,117,"11, LONDRES (AVENUE DE)",,,Plein jour,Hors agglomération,Hors intersection,Normale,Deux véhicules - côté,,,,,,,,,,,1,1,1,1,3
200600053726,0006-09-30 19:00:00,6,9,30,19,0,130,117,PADOVANI ( AVE ),,,Plein jour,En agglomération,Hors intersection,Normale,Autre collision,,,,,,,,,,,1,2,1,1,6
200600053727,0006-09-30 02:05:00,6,9,30,2,5,130,71,ROUTE NATIONALE 368 (PLA,,,Nuit sans éclairage public,Hors agglomération,Hors intersection,Normale,Deux véhicules - frontale,,,,,,,,,,,3,1,1,1,1
200600053728,0006-09-05 10:20:00,6,9,5,10,20,140,137,"0, VIGNE (RUE DE LA )",,,Plein jour,En agglomération,Hors intersection,Normale,Deux véhicules - côté,,,,,,,,,,,1,2,1,1,3
200600053729,0006-09-07 18:25:00,6,9,7,18,25,140,118,"80, LEROY (BOULEVARD)",,,Plein jour,En agglomération,Hors intersection,Normale,Deux véhicules - arrière,,,,,,,,,,,1,2,1,1,2
200600053730,0006-09-12 13:00:00,6,9,12,13,0,140,341,ECHANGEUR N° 12 ( IFS ),,,Plein jour,Hors agglomération,Hors intersection,Normale,Deux véhicules - côté,,,,,,,,,,,1,1,1,1,3
200600053731,0006-09-17 14:45:00,6,9,17,14,45,140,118,">=90-142, IFS (ROUTE D')",,,Plein jour,En agglomération,Hors intersection,Normale,Autre collision,,,,,,,,,,,1,2,1,1,6
200600053732,0006-09-21 15:25:00,6,9,21,15,25,140,118,FALAISE (RUE DE >=144),,,Plein jour,En agglomération,Intersection en T,Normale,Deux véhicules - côté,,,,,,,,,,,1,2,3,1,3
200600053733,0006-09-26 17:05:00,6,9,26,17,5,140,118,"15, FOSSES SAINT  JULIEN",,,Plein jour,En agglomération,Hors intersection,Normale,Autre collision,,,,,,,,,,,1,2,1,1,6
200600053734,0006-09-29 19:10:00,6,9,29,19,10,140,118,GUILLOU (BOULEVARD YVES),,,Plein jour,En agglomération,Intersection en X,Normale,Deux véhicules - côté,,,,,,,,,,,1,2,2,1,3
200600053735,0006-09-29 08:55:00,6,9,29,8,55,140,125,"0, RD N° 79  (DE CAEN A",,,Plein jour,En agglomération,Intersection en T,Normale,Deux véhicules - côté,,,,,,,,,,,1,2,3,1,3
200600053736,0006-09-29 17:35:00,6,9,29,17,35,140,118,RN814,,,Plein jour,Hors agglomération,Hors intersection,Normale,Trois véhicules et plus - en chaîne,,,,,,,,,,,1,1,1,1,4
200600053737,0006-09-26 10:17:00,6,9,26,10,17,140,117,GUILLAUME LE CONQUERANT,,,Plein jour,En agglomération,Intersection en Y,Normale,Deux véhicules - frontale,,,,,,,,,,,1,2,4,1,1
200600053738,0006-09-06 19:45:00,6,9,6,19,45,140,333,CANTELOUP (AVENUE DU),,,Plein jour,En agglomération,Hors intersection,Normale,Deux véhicules - frontale,,,,,,,,,,,1,2,1,1,1
200600053739,0006-09-11 15:40:00,6,9,11,15,40,140,366,"0, PARIS (ROUTE DE)",,,Plein jour,En agglomération,Hors intersection,Normale,Deux véhicules - côté,,,,,,,,,,,1,2,1,1,3
200600053740,0006-09-13 21:05:00,6,9,13,21,5,140,366,"41, ORIVAL (RUE D')",,,Nuit avec éclairage allumé,En agglomération,Hors intersection,Pluie forte,Deux véhicules - côté,,,,,,,,,,,5,2,1,3,3
200600053741,0006-09-19 21:40:00,6,9,19,21,40,140,366,RD 406,,,Nuit sans éclairage public,Hors agglomération,Hors intersection,Normale,Autre collision,,,,,,,,,,,3,1,1,1,6
200600053742,0006-09-23 11:40:00,6,9,23,11,40,140,366,"42, HERBET FOURNET (BOUL",,,Plein jour,En agglomération,Intersection en T,Normale,Deux véhicules - côté,,,,,,,,,,,1,2,3,1,3
200600053743,0006-09-30 00:45:00,6,9,30,0,45,140,487,R.D 579,,,Nuit sans éclairage public,Hors agglomération,Hors intersection,Normale,Autre collision,,,,,,,,,,,3,1,1,1,6
200600053744,0006-09-06 12:30:00,6,9,6,12,30,160,154,"356, PARIS (ROUTE DE)",,,Plein jour,En agglomération,Hors intersection,Normale,Deux véhicules - côté,,,,,,,,,,,1,2,1,1,3
200600053745,0006-09-07 03:15:00,6,9,7,3,15,160,15,THEBAUD (BOULEVARD HENRI,,,Nuit avec éclairage allumé,En agglomération,Hors intersection,Normale,Autre collision,,,,,,,,,,,5,2,1,1,6
200600053746,0006-09-08 15:25:00,6,9,8,15,25,160,358,"290, ROYAN N141 (RUE DE)",,,Plein jour,En agglomération,Intersection en T,Normale,Autre collision,,,,,,,,,,,1,2,3,1,6
200600053747,0006-09-11 04:45:00,6,9,11,4,45,160,15,"0, BELLE ALLEE (RUE DE L",,,Nuit avec éclairage allumé,Hors agglomération,Intersection en Y,Normale,Autre collision,,,,,,,,,,,5,1,4,1,6
200600053748,0006-09-25 14:25:00,6,9,25,14,25,160,374,JAURES (BOULEVARD JEAN),,,Plein jour,En agglomération,Hors intersection,Normale,Deux véhicules - côté,,,,,,,,,,,1,2,1,1,3
200600053749,0006-09-27 12:55:00,6,9,27,12,55,160,15,"07, PEGUY (RUE CHARLES N",,,Plein jour,En agglomération,Hors intersection,Normale,Autre collision,,,,,,,,,,,1,2,1,1,6
200600053750,0006-09-06 16:40:00,6,9,6,16,40,170,299,"172990303, POUZET BOULEV",,,Plein jour,En agglomération,Intersection en X,Normale,Deux véhicules - arrière,,,,,,,,,,,1,2,2,1,2
200600053751,0006-09-11 09:35:00,6,9,11,9,35,170,299,"172990299, PONTY AVENUE",,,Plein jour,En agglomération,Giratoire,Normale,Trois véhicules et plus - en chaîne,,,,,,,,,,,1,2,6,1,4
200600053752,0006-09-20 08:40:00,6,9,20,8,40,170,299,"172990065, BRIAND BOULEV",,,Plein jour,En agglomération,Hors intersection,Normale,Sans collision,,,,,,,,,,,1,2,1,1,7
200600053753,0006-09-27 11:10:00,6,9,27,11,10,170,299,"172990379, MARTYRS DE LA",,,Plein jour,En agglomération,Intersection en T,Normale,Trois véhicules et plus - en chaîne,,,,,,,,,,,1,2,3,1,4
200600053754,0006-09-04 12:35:00,6,9,4,12,35,170,300,"2, BAUDIN   RUE ALPHONSE",,,Plein jour,En agglomération,Intersection en T,Normale,Deux véhicules - côté,,,,,,,,,,,1,2,3,1,3
200600053755,0006-09-04 18:08:00,6,9,4,18,8,170,200,"02, FLAMANTS ROSES   RUE",,,Plein jour,En agglomération,Hors intersection,Normale,Autre collision,,,,,,,,,,,1,2,1,1,6
200600053756,0006-09-04 18:55:00,6,9,4,18,55,170,28,"23, VIGNES   RUE DES",,,Plein jour,En agglomération,Hors intersection,Normale,Deux véhicules - côté,,,,,,,,,,,1,2,1,1,3
200600053757,0006-09-05 00:20:00,6,9,5,0,20,170,300,"001, DURAND   QUAI LOUIS",,,Nuit avec éclairage allumé,En agglomération,Hors intersection,Normale,Deux véhicules - côté,,,,,,,,,,,5,2,1,1,3
200600053758,0006-09-05 20:00:00,6,9,5,20,0,170,300,"51, LECLERC   AVENUE DU",,,Plein jour,En agglomération,Hors intersection,Normale,Deux véhicules - frontale,,,,,,,,,,,1,2,1,1,1
200600053759,0006-09-07 03:40:00,6,9,7,3,40,170,274,"12, TROUBADOURS  RUE DES",,,Nuit sans éclairage public,En agglomération,Hors intersection,Normale,Sans collision,,,,,,,,,,,3,2,1,1,7
200600053760,0006-09-07 07:50:00,6,9,7,7,50,170,200,MOISY   AVENUE DU RECTEU,,,Plein jour,En agglomération,Hors intersection,Normale,Deux véhicules - frontale,,,,,,,,,,,1,2,1,1,1
200600053761,0006-09-08 05:10:00,6,9,8,5,10,170,300,"118, NORMANDIN   RUE EMI",,,Nuit avec éclairage allumé,En agglomération,Hors intersection,Normale,Sans collision,,,,,,,,,,,5,2,1,1,7
200600053762,0006-09-08 09:05:00,6,9,8,9,5,170,300,"33, COGNEHORS   BOULEVAR",,,Plein jour,En agglomération,Hors intersection,Normale,Deux véhicules - arrière,,,,,,,,,,,1,2,1,1,2
200600053763,0006-09-10 15:40:00,6,9,10,15,40,170,300,"118, NORMANDIN   RUE EMI",,,Plein jour,En agglomération,Hors intersection,Normale,Deux véhicules - arrière,,,,,,,,,,,1,2,1,1,2
200600053764,0006-09-10 18:20:00,6,9,10,18,20,170,291,"03, ONZE NOVEMBRE   RUE",,,Plein jour,En agglomération,Hors intersection,Normale,Sans collision,,,,,,,,,,,1,2,1,1,7
200600053765,0006-09-12 09:15:00,6,9,12,9,15,170,300,"001, BEAUREGARD   RUE DE",,,Plein jour,En agglomération,Hors intersection,Pluie légère,Sans collision,,,,,,,,,,,1,2,1,2,7
200600053766,0006-09-12 12:30:00,6,9,12,12,30,170,28,"13, ARCHIMEDE  RUE",,,Plein jour,Hors agglomération,Hors intersection,Normale,Deux véhicules - côté,,,,,,,,,,,1,1,1,1,3
200600053767,0006-09-14 17:25:00,6,9,14,17,25,170,300,"12, LA FONTAINE   RUE",,,Plein jour,En agglomération,Intersection en T,Normale,Deux véhicules - côté,,,,,,,,,,,1,2,3,1,3
200600053768,0006-09-14 20:50:00,6,9,14,20,50,170,300,35 PK RN11 ROCADE NANTES,,,Nuit avec éclairage allumé,En agglomération,Hors intersection,Normale,Deux véhicules - frontale,,,,,,,,,,,5,2,1,1,1
200600053769,0006-09-15 16:50:00,6,9,15,16,50,170,300,"55, LECLERC   AVENUE DU",,,Plein jour,En agglomération,Hors intersection,Pluie légère,Sans collision,,,,,,,,,,,1,2,1,2,7
200600053770,0006-09-19 08:40:00,6,9,19,8,40,170,300,33 PK RN11 ROCADE NANTES,,,Plein jour,Hors agglomération,Hors intersection,Normale,Deux véhicules - arrière,,,,,,,,,,,1,1,1,1,2
200600053771,0006-09-20 13:50:00,6,9,20,13,50,170,300,Rond Point Légion d'Honn,,,Plein jour,En agglomération,Hors intersection,Normale,Deux véhicules - côté,,,,,,,,,,,1,2,1,1,3
200600053772,0006-09-21 17:15:00,6,9,21,17,15,170,300,"02, MOULIN   PONT JEAN",,,Plein jour,En agglomération,Hors intersection,Normale,Deux véhicules - arrière,,,,,,,,,,,1,2,1,1,2
200600053773,0006-09-21 20:40:00,6,9,21,20,40,170,300,JOFFRE   BOULEVARD (1/25,,,Nuit avec éclairage allumé,En agglomération,Giratoire,Pluie légère,Deux véhicules - côté,,,,,,,,,,,5,2,6,2,3
200600053774,0006-09-24 05:00:00,6,9,24,5,0,170,291,CHENES  RUE DES,,,Nuit sans éclairage public,Hors agglomération,Hors intersection,Normale,Autre collision,,,,,,,,,,,3,1,1,1,6
200600053775,0006-09-26 10:30:00,6,9,26,10,30,170,300,117 PK RN137 JUSTICE ROC,,,Plein jour,Hors agglomération,Hors intersection,Normale,Deux véhicules - arrière,,,,,,,,,,,1,1,1,1,2
200600053776,0006-09-26 09:30:00,6,9,26,9,30,170,300,"001, LECLERC   AVENUE DU",,,Plein jour,En agglomération,Hors intersection,Normale,Autre collision,,,,,,,,,,,1,2,1,1,6
200600053777,0006-09-26 16:00:00,6,9,26,16,0,170,300,"75, COGNEHORS   BOULEVAR",,,Plein jour,En agglomération,Hors intersection,Normale,Deux véhicules - côté,,,,,,,,,,,1,2,1,1,3
200600053778,0006-09-27 08:00:00,6,9,27,8,0,170,300,"001, SARTRE   AVENUE JEA",,,Plein jour,En agglomération,Intersection en T,Normale,Deux véhicules - côté,,,,,,,,,,,1,2,3,1,3
200600053779,0006-09-29 11:40:00,6,9,29,11,40,170,200,HUIT MAI 1945   AVENUE D,,,Plein jour,En agglomération,Hors intersection,Normale,Deux véhicules - arrière,,,,,,,,,,,1,2,1,1,2
200600053780,0006-09-03 08:50:00,6,9,3,8,50,170,300,CREPEAU   AVENUE MICHEL,,,Plein jour,En agglomération,Hors intersection,Normale,Deux véhicules - côté,,,,,,,,,,,1,2,1,1,3
200600053781,0006-09-09 11:35:00,6,9,9,11,35,170,200,HUIT MAI 1945   AVENUE D,,,Plein jour,En agglomération,Hors intersection,Normale,Deux véhicules - côté,,,,,,,,,,,1,2,1,1,3
200600053782,0006-09-15 15:45:00,6,9,15,15,45,170,300,"85 quater, GRASSET   AVE",,,Plein jour,En agglomération,Intersection en T,Pluie légère,Deux véhicules - côté,,,,,,,,,,,1,2,3,2,3
200600053783,0006-09-29 18:25:00,6,9,29,18,25,170,291,D 9,,,Plein jour,Hors agglomération,Intersection en X,Normale,Autre collision,,,,,,,,,,,1,1,2,1,6
200600053784,0006-09-10 02:50:00,6,9,10,2,50,170,461,DE GAULLE (BOULEVARD DU,,,Nuit sans éclairage public,En agglomération,Autre intersection,Normale,Autre collision,,,,,,,,,,,3,2,9,1,6
200600053785,0006-09-10 20:25:00,6,9,10,20,25,170,333,BORDEAUX (ROUTE DE),,,Nuit avec éclairage allumé,En agglomération,Hors intersection,Normale,Autre collision,,,,,,,,,,,5,2,1,1,6
200600053786,0006-09-10 17:31:00,6,9,10,17,31,170,306,FONCILLON (FACADE DE),,,Plein jour,En agglomération,Hors intersection,Normale,Autre collision,,,,,,,,,,,1,2,1,1,6
200600053787,0006-09-11 08:04:00,6,9,11,8,4,170,306,"0, CHEVREUILS (DES)",,,Plein jour,En agglomération,Hors intersection,Normale,Deux véhicules - arrière,,,,,,,,,,,1,2,1,1,2
200600053788,0006-09-25 14:34:00,6,9,25,14,34,170,306,", BOUCHET LOUIS (AVENUE)",,,Plein jour,En agglomération,Intersection en X,Normale,Deux véhicules - côté,,,,,,,,,,,1,2,2,1,3
200600053789,0006-09-06 13:50:00,6,9,6,13,50,170,415,"8, GAMBETTA 2 A 72 ET 5",,,Plein jour,En agglomération,Hors intersection,Normale,Autre collision,,,,,,,,,,,1,2,1,1,6
200600053790,0006-09-06 19:05:00,6,9,6,19,5,170,415,"171, MASSIOU 45 A FIN RU",,,Plein jour,En agglomération,Hors intersection,Normale,Autre collision,,,,,,,,,,,1,2,1,1,6
200600053791,0006-09-07 00:50:00,6,9,7,0,50,170,415,"23, JOURDAN AVENUE",,,Nuit avec éclairage allumé,En agglomération,Hors intersection,Normale,Autre collision,,,,,,,,,,,5,2,1,1,6
200600053792,0006-09-13 12:25:00,6,9,13,12,25,170,415,"79, LEMERCIER COURS",,,Plein jour,En agglomération,Hors intersection,Normale,Trois véhicules et plus - en chaîne,,,,,,,,,,,1,2,1,1,4
200600053793,0006-09-14 16:45:00,6,9,14,16,45,170,415,VARZAY ROUTE DE,,,Plein jour,Hors agglomération,Intersection en X,Pluie légère,Deux véhicules - côté,,,,,,,,,,,1,1,2,2,3
200600053794,0006-09-15 17:40:00,6,9,15,17,40,170,415,DOUMER ROCADE COTE BEAUT,,,Plein jour,En agglomération,Intersection en X,Pluie légère,Deux véhicules - côté,,,,,,,,,,,1,2,2,2,3
200600053795,0006-09-20 19:05:00,6,9,20,19,5,170,415,MALADRERIE RUE DE LA,,,Plein jour,En agglomération,Hors intersection,Normale,Deux véhicules - arrière,,,,,,,,,,,1,2,1,1,2
200600053796,0006-09-21 17:10:00,6,9,21,17,10,170,415,Route Nationale 150,,,Plein jour,Hors agglomération,Hors intersection,Normale,Trois véhicules et plus - collisions multiples,,,,,,,,,,,1,1,1,1,5
200600053797,0006-09-22 16:45:00,6,9,22,16,45,170,415,GAUTIER RUE,,,Plein jour,En agglomération,Intersection en T,Normale,Deux véhicules - côté,,,,,,,,,,,1,2,3,1,3
200600053798,0006-09-25 14:15:00,6,9,25,14,15,170,415,LYCEE AGRICOLE RUE DU,,,Plein jour,En agglomération,Giratoire,Normale,Deux véhicules - côté,,,,,,,,,,,1,2,6,1,3
200600053799,0006-09-27 16:15:00,6,9,27,16,15,170,415,"65, NATIONAL 1 A 67 ET 2",,,Plein jour,En agglomération,Hors intersection,Normale,Autre collision,,,,,,,,,,,1,2,1,1,6