accident_id,datetime,annee,mois,jour,heure,minute,departement,commune_insee,adresse,latitude,longitude,luminosite,agglomeration,intersection,meteo,collision,nb_vehicules,nb_usagers,nb_indemnes,nb_tues,nb_blesses_hosp,nb_blesses_legers,age_cond_1,age_cond_2,veh_type_cond_1,veh_type_cond_2,lum_code,agg_code,int_code,atm_code,col_code
200600053800,0006-09-29 16:35:00,6,9,29,16,35,170,415,"3, FORT PLACE GUSTAVE",,,Plein jour,En agglomération,Hors intersection,Normale,Autre collision,,,,,,,,,,,1,2,1,1,6
200600053801,0006-09-01 18:12:00,6,9,1,18,12,180,33,CHAPPE (CHAUSSEE DE),,,Plein jour,En agglomération,Hors intersection,Normale,Autre collision,,,,,,,,,,,1,2,1,1,6
200600053802,0006-09-09 14:34:00,6,9,9,14,34,180,33,"8, LAUDIER (AVENUE HENRI",,,Plein jour,En agglomération,Passage à niveau,Normale,Autre collision,,,,,,,,,,,1,2,8,1,6
200600053803,0006-09-09 10:10:00,6,9,9,10,10,180,267,"sans, PARADIS (RUE DU)",,,Plein jour,En agglomération,Hors intersection,Normale,Deux véhicules - côté,,,,,,,,,,,1,2,1,1,3
200600053804,0006-09-09 10:00:00,6,9,9,10,0,180,33,"sans, ORLEANS (AVENUE D'",,,Plein jour,En agglomération,Hors intersection,Normale,Deux véhicules - arrière,,,,,,,,,,,1,2,1,1,2
200600053805,0006-09-15 07:59:00,6,9,15,7,59,180,33,SERAUCOURT (RUE DE),,,Plein jour,En agglomération,Hors intersection,Pluie légère,Autre collision,,,,,,,,,,,1,2,1,2,6
200600053806,0006-09-16 23:17:00,6,9,16,23,17,180,33,"0, VILLENEUVE (CHEMIN DE",,,Nuit avec éclairage allumé,En agglomération,Hors intersection,Normale,Autre collision,,,,,,,,,,,5,2,1,1,6
200600053807,0006-09-20 18:09:00,6,9,20,18,9,180,33,TURLY (RUE DE),,,Plein jour,En agglomération,Intersection en X,Normale,Deux véhicules - côté,,,,,,,,,,,1,2,2,1,3
200600053808,0006-09-22 09:25:00,6,9,22,9,25,180,213,CHARITE (ROUTE DE LA),,,Plein jour,Hors agglomération,Hors intersection,Pluie légère,Deux véhicules - arrière,,,,,,,,,,,1,1,1,2,2
200600053809,0006-09-26 17:22:00,6,9,26,17,22,180,33,"29, SAINTONGE (RUE)",,,Plein jour,Hors agglomération,Hors intersection,Normale,Deux véhicules - frontale,,,,,,,,,,,1,1,1,1,1
200600053810,0006-09-08 21:10:00,6,9,8,21,10,180,279,"12, GRELET (RUE ET IMPAS",,,Nuit avec éclairage allumé,En agglomération,Hors intersection,Normale,Autre collision,,,,,,,,,,,5,2,1,1,6
200600053811,0006-09-02 23:15:00,6,9,2,23,15,180,279,"01, SEMARD ( RUE PIERRE",,,Nuit avec éclairage allumé,En agglomération,Hors intersection,Normale,Autre collision,,,,,,,,,,,5,2,1,1,6
200600053812,0006-09-05 10:15:00,6,9,5,10,15,190,31,ALIBERT (RUE FERNAND),,,Plein jour,En agglomération,Intersection en X,Normale,Autre collision,,,,,,,,,,,1,2,2,1,6
200600053813,0006-09-08 16:05:00,6,9,8,16,5,190,31,RIVET (AVENUE JEAN CHARL,,,Plein jour,En agglomération,Hors intersection,Normale,Deux véhicules - arrière,,,,,,,,,,,1,2,1,1,2
200600053814,0006-09-08 17:25:00,6,9,8,17,25,190,31,FRATERNITE (ROND-POINT D,,,Plein jour,En agglomération,Giratoire,Normale,Sans collision,,,,,,,,,,,1,2,6,1,7
200600053815,0006-09-11 17:15:00,6,9,11,17,15,190,31,KENNEDY (AVENUE JOHN),,,Plein jour,En agglomération,Hors intersection,Normale,Deux véhicules - arrière,,,,,,,,,,,1,2,1,1,2
200600053816,0006-09-12 07:20:00,6,9,12,7,20,190,31,CLEMENCEAU (BOULEVARD),,,Crépuscule ou aube,En agglomération,Intersection en X,Normale,Deux véhicules - côté,,,,,,,,,,,2,2,2,1,3
200600053817,0006-09-12 10:25:00,6,9,12,10,25,190,31,"104, ROLLAND (RUE ROMAIN",,,Plein jour,En agglomération,Hors intersection,Normale,Autre collision,,,,,,,,,,,1,2,1,1,6
200600053818,0006-09-13 18:55:00,6,9,13,18,55,190,31,GERMAIN (BOULEVARD DU CO,,,Plein jour,En agglomération,Intersection en X,Normale,Deux véhicules - côté,,,,,,,,,,,1,2,2,1,3
200600053819,0006-09-14 13:30:00,6,9,14,13,30,190,31,BRUNE (BOULEVARD),,,Plein jour,En agglomération,Hors intersection,Pluie légère,Deux véhicules - côté,,,,,,,,,,,1,2,1,2,3
200600053820,0006-09-14 21:55:00,6,9,14,21,55,190,31,KOENIG (BOULEVARD GENERA,,,Nuit avec éclairage allumé,En agglomération,Intersection en Y,Pluie forte,Autre collision,,,,,,,,,,,5,2,4,3,6
200600053821,0006-09-15 12:00:00,6,9,15,12,0,190,31,"01, THOMAS (RUE ALBERT)",,,Plein jour,En agglomération,Hors intersection,Pluie légère,Sans collision,,,,,,,,,,,1,2,1,2,7
200600053822,0006-09-16 06:05:00,6,9,16,6,5,190,31,GAMBETTA (RUE),,,Nuit avec éclairage allumé,En agglomération,Intersection en T,Pluie forte,Deux véhicules - côté,,,,,,,,,,,5,2,3,3,3
200600053823,0006-09-18 15:30:00,6,9,18,15,30,190,31,POMPIDOU (AVENUE GEORGES,,,Plein jour,En agglomération,Hors intersection,Normale,Deux véhicules - arrière,,,,,,,,,,,1,2,1,1,2
200600053824,0006-09-20 18:35:00,6,9,20,18,35,190,31,MAILLARD (AVENUE),,,Plein jour,En agglomération,Intersection en X,Temps éblouissant,Deux véhicules - côté,,,,,,,,,,,1,2,2,7,3
200600053825,0006-09-23 15:00:00,6,9,23,15,0,190,31,"16, MAILLARD (AVENUE)",,,Plein jour,En agglomération,Intersection en T,Pluie légère,Autre collision,,,,,,,,,,,1,2,3,2,6
200600053826,0006-09-25 20:40:00,6,9,25,20,40,190,31,BLUM (AVENUE LEON),,,Nuit avec éclairage allumé,En agglomération,Intersection en X,Normale,Deux véhicules - côté,,,,,,,,,,,5,2,2,1,3
200600053827,0006-09-26 10:20:00,6,9,26,10,20,190,31,"73, MAILLARD (AVENUE)",,,Plein jour,En agglomération,Hors intersection,Normale,Deux véhicules - côté,,,,,,,,,,,1,2,1,1,3
200600053828,0006-09-26 18:15:00,6,9,26,18,15,190,31,"""MOULIN (BOULEVARD JEAN)",,,Plein jour,En agglomération,Intersection en T,Normale,Deux véhicules - côté,,,,,,,,,,,1,2,3,1,3
200600053829,0006-09-27 16:20:00,6,9,27,16,20,190,31,GERMAIN (BOULEVARD DU CO,,,Plein jour,En agglomération,Intersection en X,Normale,Deux véhicules - côté,,,,,,,,,,,1,2,2,1,3
200600053830,0006-09-30 08:20:00,6,9,30,8,20,190,31,HERRIOT (AVENUE EDOUARD),,,Crépuscule ou aube,En agglomération,Intersection en X,Pluie légère,Deux véhicules - côté,,,,,,,,,,,2,2,2,2,3
200600053831,0006-09-22 12:45:00,6,9,22,12,45,190,272,ALBERT DE LA PRADEL (AV),,,Plein jour,En agglomération,Hors intersection,Pluie forte,Deux véhicules - côté,,,,,,,,,,,1,2,1,3,3
200600053832,0006-09-06 21:20:00,6,9,6,21,20,210,54,PERPREUIL (RUE DU MOULIN,,,Nuit avec éclairage allumé,En agglomération,Intersection en X,Normale,Deux véhicules - frontale,,,,,,,,,,,5,2,2,1,1
200600053833,0006-09-12 22:35:00,6,9,12,22,35,210,54,"1, FOCH (BOULEVARD MAREC",,,Nuit avec éclairage allumé,En agglomération,Hors intersection,Normale,Autre collision,,,,,,,,,,,5,2,1,1,6
200600053834,0006-09-02 05:10:00,6,9,2,5,10,210,231,"5, GENERAL FAUCONNET (DU",,,Crépuscule ou aube,En agglomération,Hors intersection,Normale,Autre collision,,,,,,,,,,,2,2,1,1,6
200600053835,0006-09-02 18:06:00,6,9,2,18,6,210,231,"63, BRUGES (DE) (RUE)",,,Plein jour,En agglomération,Hors intersection,Normale,Deux véhicules - côté,,,,,,,,,,,1,2,1,1,3
200600053836,0006-09-04 07:20:00,6,9,4,7,20,210,231,"7, EDGARD QUINET (RUE)",,,Plein jour,En agglomération,Hors intersection,Normale,Autre collision,,,,,,,,,,,1,2,1,1,6
200600053837,0006-09-07 10:46:00,6,9,7,10,46,210,231,"53, JEAN JAURES (AVENUE)",,,Plein jour,En agglomération,Hors intersection,Normale,Deux véhicules - côté,,,,,,,,,,,1,2,1,1,3
200600053838,0006-09-08 11:49:00,6,9,8,11,49,210,231,"51, MIRANDE (DE) (RUE)",,,Plein jour,En agglomération,Hors intersection,Normale,Deux véhicules - frontale,,,,,,,,,,,1,2,1,1,1
200600053839,0006-09-08 16:12:00,6,9,8,16,12,210,617,TROYES (DE) (BOULEVARD),,,Plein jour,En agglomération,Intersection en X,Normale,Deux véhicules - arrière,,,,,,,,,,,1,2,2,1,2
200600053840,0006-09-08 17:55:00,6,9,8,17,55,210,231,SULLY  (RUE),,,Plein jour,En agglomération,Hors intersection,Normale,Deux véhicules - arrière,,,,,,,,,,,1,2,1,1,2
200600053841,0006-09-10 15:44:00,6,9,10,15,44,210,166,"12, MARECHAL DE LATTRE D",,,Plein jour,En agglomération,Hors intersection,Normale,Autre collision,,,,,,,,,,,1,2,1,1,6
200600053842,0006-09-10 16:15:00,6,9,10,16,15,210,231,ALBERT PREMIER (AVENUE),,,Plein jour,En agglomération,Hors intersection,Normale,Deux véhicules - arrière,,,,,,,,,,,1,2,1,1,2
200600053843,0006-09-11 12:09:00,6,9,11,12,9,210,278,FAUBOURG ST NICOLAS (DU),,,Plein jour,En agglomération,Giratoire,Normale,Deux véhicules - côté,,,,,,,,,,,1,2,6,1,3
200600053844,0006-09-11 20:10:00,6,9,11,20,10,210,231,TRANSVAAL (DU) (RUE),,,Crépuscule ou aube,En agglomération,Hors intersection,Normale,Sans collision,,,,,,,,,,,2,2,1,1,7
200600053845,0006-09-12 17:16:00,6,9,12,17,16,210,231,"3 - 5, LAC (DU) (AVENUE)",,,Plein jour,En agglomération,Hors intersection,Normale,Deux véhicules - arrière,,,,,,,,,,,1,2,1,1,2
200600053846,0006-09-12 19:40:00,6,9,12,19,40,210,231,"2, ROBERT SCHUMANN (BOUL",,,Crépuscule ou aube,En agglomération,Hors intersection,Normale,Deux véhicules - côté,,,,,,,,,,,2,2,1,1,3
200600053847,0006-09-13 17:32:00,6,9,13,17,32,210,231,MARTYRS DE LA RESISTANCE,,,Plein jour,En agglomération,Intersection en X,Normale,Deux véhicules - arrière,,,,,,,,,,,1,2,2,1,2
200600053848,0006-09-14 17:50:00,6,9,14,17,50,210,231,GEORGES POMPIDOU (VOIE),,,Plein jour,Hors agglomération,Intersection en Y,Normale,Deux véhicules - arrière,,,,,,,,,,,1,1,4,1,2
200600053849,0006-09-15 10:11:00,6,9,15,10,11,210,231,"73, LANGRES (DE) (AVENUE",,,Plein jour,En agglomération,Hors intersection,Normale,Autre collision,,,,,,,,,,,1,2,1,1,6
200600053850,0006-09-15 20:45:00,6,9,15,20,45,210,231,LANGRES (DE) (AVENUE),,,Nuit avec éclairage allumé,En agglomération,Hors intersection,Pluie légère,Deux véhicules - arrière,,,,,,,,,,,5,2,1,2,2
200600053851,0006-09-15 20:58:00,6,9,15,20,58,210,231,GABRIEL (BOULEVARD),,,Nuit avec éclairage allumé,En agglomération,Intersection en X,Temps couvert,Deux véhicules - côté,,,,,,,,,,,5,2,2,8,3
200600053852,0006-09-16 11:55:00,6,9,16,11,55,210,231,"33, MAZIERES (DES) (RUE)",,,Plein jour,En agglomération,Hors intersection,Normale,Deux véhicules - côté,,,,,,,,,,,1,2,1,1,3
200600053853,0006-09-16 13:55:00,6,9,16,13,55,210,231,"59, CHABOT CHARNY (RUE)",,,Plein jour,En agglomération,Intersection en T,Temps éblouissant,Deux véhicules - arrière,,,,,,,,,,,1,2,3,7,2
200600053854,0006-09-16 19:30:00,6,9,16,19,30,210,231,"36, FRANCOIS POMPON (BOU",,,Crépuscule ou aube,En agglomération,Hors intersection,Normale,Deux véhicules - arrière,,,,,,,,,,,2,2,1,1,2
200600053855,0006-09-19 11:38:00,6,9,19,11,38,210,231,"32, AUXONNE (D') (RUE)",,,Plein jour,En agglomération,Hors intersection,Normale,Autre collision,,,,,,,,,,,1,2,1,1,6
200600053856,0006-09-20 15:15:00,6,9,20,15,15,210,231,GENERAL TOUZET DU VIGIER,,,Plein jour,En agglomération,Intersection en X,Normale,Deux véhicules - côté,,,,,,,,,,,1,2,2,1,3
200600053857,0006-09-20 18:55:00,6,9,20,18,55,210,231,"100, AUXONNE (D') (RUE)",,,Plein jour,En agglomération,Hors intersection,Normale,Deux véhicules - côté,,,,,,,,,,,1,2,1,1,3
200600053858,0006-09-20 20:34:00,6,9,20,20,34,210,231,"7, JEAN JAURES (AVENUE)",,,Nuit avec éclairage allumé,En agglomération,Hors intersection,Normale,Deux véhicules - côté,,,,,,,,,,,5,2,1,1,3
200600053859,0006-09-22 14:05:00,6,9,22,14,5,210,231,"12, DAVOUT (RUE)",,,Plein jour,En agglomération,Hors intersection,Normale,Autre collision,,,,,,,,,,,1,2,1,1,6
200600053860,0006-09-22 17:20:00,6,9,22,17,20,210,231,"31, DRAPEAU (DU) (AVENUE",,,Plein jour,En agglomération,Hors intersection,Normale,Deux véhicules - arrière,,,,,,,,,,,1,2,1,1,2
200600053861,0006-09-22 17:25:00,6,9,22,17,25,210,231,ARANDES (DES) (RUE),,,Plein jour,En agglomération,Intersection en X,Normale,Deux véhicules - côté,,,,,,,,,,,1,2,2,1,3
200600053862,0006-09-23 16:45:00,6,9,23,16,45,210,390,BEAUNE (DE) (ROUTE),,,Plein jour,En agglomération,Hors intersection,Normale,Trois véhicules et plus - en chaîne,,,,,,,,,,,1,2,1,1,4
200600053863,0006-09-24 12:45:00,6,9,24,12,45,210,231,CHICAGO (DE) (BOULEVARD),,,Plein jour,En agglomération,Intersection en Y,Temps couvert,Deux véhicules - côté,,,,,,,,,,,1,2,4,8,3
200600053864,0006-09-24 18:06:00,6,9,24,18,6,210,231,PREMIER CONSUL (DU) (AVE,,,Plein jour,Hors agglomération,Hors intersection,Pluie légère,Deux véhicules - côté,,,,,,,,,,,1,1,1,2,3
200600053865,0006-09-25 15:30:00,6,9,25,15,30,210,231,"3, CHAMPAGNE (DE) (BOULE",,,Plein jour,En agglomération,Hors intersection,Temps couvert,Deux véhicules - arrière,,,,,,,,,,,1,2,1,8,2
200600053866,0006-09-26 22:36:00,6,9,26,22,36,210,231,"21, DIDEROT (RUE)",,,Nuit avec éclairage allumé,En agglomération,Hors intersection,Normale,Deux véhicules - arrière,,,,,,,,,,,5,2,1,1,2
200600053867,0006-09-27 08:06:00,6,9,27,8,6,210,355,"59, DIJON (DE) (ROUTE)",,,Plein jour,En agglomération,Hors intersection,Normale,Deux véhicules - côté,,,,,,,,,,,1,2,1,1,3
200600053868,0006-09-27 08:00:00,6,9,27,8,0,210,231,PASCAL (BOULEVARD),,,Plein jour,En agglomération,Hors intersection,Normale,Deux véhicules - arrière,,,,,,,,,,,1,2,1,1,2
200600053869,0006-09-27 22:26:00,6,9,27,22,26,210,231,"77, LONGVIC (DE) (RUE)",,,Nuit avec éclairage allumé,En agglomération,Hors intersection,Normale,Autre collision,,,,,,,,,,,5,2,1,1,6
200600053870,0006-09-29 02:19:00,6,9,29,2,19,210,231,"52, STALINGRAD (DE) (AVE",,,Nuit avec éclairage allumé,En agglomération,Hors intersection,Normale,Autre collision,,,,,,,,,,,5,2,1,1,6
200600053871,0006-09-30 05:20:00,6,9,30,5,20,210,231,JEANNIN (RUE),,,Nuit avec éclairage allumé,En agglomération,Intersection en X,Pluie légère,Deux véhicules - côté,,,,,,,,,,,5,2,2,2,3
200600053872,0006-09-29 22:08:00,6,9,29,22,8,210,231,LEON MAURIS (RUE),,,Nuit avec éclairage allumé,En agglomération,Intersection en X,Normale,Deux véhicules - côté,,,,,,,,,,,5,2,2,1,3
200600053873,0006-09-09 20:30:00,6,9,9,20,30,220,113,"48, MOULIN A VENT (CHEMI",,,Plein jour,En agglomération,Hors intersection,Normale,Autre collision,,,,,,,,,,,1,2,1,1,6
200600053874,0006-09-15 18:00:00,6,9,15,18,0,220,113,"04, PLOUBEZRE (ROUTE DE)",,,Plein jour,En agglomération,Hors intersection,Normale,Autre collision,,,,,,,,,,,1,2,1,1,6
200600053875,0006-09-28 00:30:00,6,9,28,0,30,220,113,TREGUIER (ROUTE DE),,,Nuit sans éclairage public,Hors agglomération,Hors intersection,Pluie légère,Autre collision,,,,,,,,,,,3,1,1,2,6
200600053876,0006-09-20 15:15:00,6,9,20,15,15,220,113,ARMOR (BOULEVARD D'),,,Plein jour,En agglomération,Giratoire,Normale,Deux véhicules - côté,,,,,,,,,,,1,2,6,1,3
200600053877,0006-09-03 17:40:00,6,9,3,17,40,220,278,"40, CHARNER (BD)",,,Plein jour,En agglomération,Hors intersection,Normale,Autre collision,,,,,,,,,,,1,2,1,1,6
200600053878,0006-09-08 16:30:00,6,9,8,16,30,220,278,"0, ARMOR (AV. D') COTE I",,,Plein jour,En agglomération,Hors intersection,Normale,Deux véhicules - arrière,,,,,,,,,,,1,2,1,1,2
200600053879,0006-09-11 17:50:00,6,9,11,17,50,220,360,"0, REPUBLIQUE (RUE DE LA",,,Plein jour,En agglomération,Giratoire,Normale,Deux véhicules - arrière,,,,,,,,,,,1,2,6,1,2
200600053880,0006-09-11 18:20:00,6,9,11,18,20,220,278,"0, TREGUEUX (DE)",,,Crépuscule ou aube,En agglomération,Intersection en T,Normale,Deux véhicules - côté,,,,,,,,,,,2,2,3,1,3
200600053881,0006-09-20 10:50:00,6,9,20,10,50,220,215,"2, FONTAINE MORIN (RUE D",,,Plein jour,En agglomération,Hors intersection,Normale,Autre collision,,,,,,,,,,,1,2,1,1,6
200600053882,0006-09-22 18:40:00,6,9,22,18,40,220,360,"0, STADE (RUE DU)",,,Plein jour,En agglomération,Intersection en X,Normale,Deux véhicules - côté,,,,,,,,,,,1,2,2,1,3
200600053883,0006-09-25 07:40:00,6,9,25,7,40,220,278,GARE (DE LA),,,Plein jour,Hors agglomération,Intersection en X,Normale,Autre collision,,,,,,,,,,,1,1,2,1,6
200600053884,0006-09-26 07:55:00,6,9,26,7,55,220,278,"0, PROUST (MARCEL)",,,Plein jour,En agglomération,Hors intersection,Normale,Deux véhicules - arrière,,,,,,,,,,,1,2,1,1,2
200600053885,0006-09-26 12:40:00,6,9,26,12,40,220,106,"0,  RN12",,,Plein jour,Hors agglomération,Hors intersection,Normale,Deux véhicules - arrière,,,,,,,,,,,1,1,1,1,2
200600053886,0006-09-27 01:00:00,6,9,27,1,0,220,278,WALDECK-ROUSSEAU (BD ET,,,Nuit avec éclairage allumé,En agglomération,Hors intersection,Normale,Autre collision,,,,,,,,,,,5,2,1,1,6
200600053887,0006-09-18 11:20:00,6,9,18,11,20,220,278,"0, BALZAC",,,Plein jour,En agglomération,Intersection en T,Normale,Deux véhicules - côté,,,,,,,,,,,1,2,3,1,3
200600053888,0006-09-01 17:45:00,6,9,1,17,45,230,96,BONNYAUD (PLACE),,,Plein jour,En agglomération,Hors intersection,Normale,Autre collision,,,,,,,,,,,1,2,1,1,6
200600053889,0006-09-30 16:00:00,6,9,30,16,0,230,96,", FAYOLLE (AVENUE)",,,Plein jour,En agglomération,Intersection en T,Normale,Deux véhicules - arrière,,,,,,,,,,,1,2,3,1,2
200600053890,0006-09-16 15:00:00,6,9,16,15,0,240,140,"1066, CHATEAU DE PILE (R",,,Plein jour,En agglomération,Intersection en T,Pluie forte,Trois véhicules et plus - collisions multiples,,,,,,,,,,,1,2,3,3,5
200600053891,0006-09-07 08:40:00,6,9,7,8,40,240,322,"55, HUGO ( RUE VICTOR)",,,Plein jour,En agglomération,Hors intersection,Normale,Deux véhicules - arrière,,,,,,,,,,,1,2,1,1,2
200600053892,0006-09-09 05:06:00,6,9,9,5,6,240,322,"22, FENELON (COURS)",,,Nuit avec éclairage allumé,En agglomération,Hors intersection,Normale,Deux véhicules - arrière,,,,,,,,,,,5,2,1,1,2
200600053893,0006-09-09 17:32:00,6,9,9,17,32,240,322,"02, LAKANAL (BOULEVARD)",,,Plein jour,En agglomération,Giratoire,Normale,Autre collision,,,,,,,,,,,1,2,6,1,6
200600053894,0006-09-11 15:25:00,6,9,11,15,25,240,322,"7,9, REPUBLIQUE (RUE DE",,,Plein jour,En agglomération,Hors intersection,Normale,Autre collision,,,,,,,,,,,1,2,1,1,6
200600053895,0006-09-11 12:51:00,6,9,11,12,51,240,322,"00, ANGOULEME (ROUTE D')",,,Plein jour,En agglomération,Hors intersection,Normale,Autre collision,,,,,,,,,,,1,2,1,1,6
200600053896,0006-09-18 09:11:00,6,9,18,9,11,240,102,"00, BOIS (AVENUE)",,,Plein jour,En agglomération,Intersection en T,Normale,Autre collision,,,,,,,,,,,1,2,3,1,6
200600053897,0006-09-15 18:34:00,6,9,15,18,34,240,557,"00, LA GRAVE (LIEU DIT)",,,Plein jour,En agglomération,Hors intersection,Pluie légère,Autre collision,,,,,,,,,,,1,2,1,2,6
200600053898,0006-09-16 20:44:00,6,9,16,20,44,240,138,"00, MICHEL ( RUE EDOUARD",,,Nuit avec éclairage allumé,En agglomération,Intersection en X,Normale,Autre collision,,,,,,,,,,,5,2,2,1,6
200600053899,0006-09-16 04:33:00,6,9,16,4,33,240,322,"126, HUGO ( RUE VICTOR)",,,Nuit avec éclairage allumé,En agglomération,Hors intersection,Pluie légère,Autre collision,,,,,,,,,,,5,2,1,2,6
200600053900,0006-09-16 08:42:00,6,9,16,8,42,240,53,ROUTE NATIONALE 221,,,Plein jour,En agglomération,Hors intersection,Pluie forte,Autre collision,,,,,,,,,,,1,2,1,3,6
200600053901,0006-09-18 10:16:00,6,9,18,10,16,240,557,"00, GRANDOU (AVENUE MICH",,,Plein jour,En agglomération,Hors intersection,Normale,Autre collision,,,,,,,,,,,1,2,1,1,6
200600053902,0006-09-26 19:23:00,6,9,26,19,23,240,322,"00, TOURNY (COURS)",,,Plein jour,En agglomération,Intersection en T,Normale,Autre collision,,,,,,,,,,,1,2,3,1,6
200600053903,0006-09-01 11:15:00,6,9,1,11,15,250,56,"49, BELFORT RUE DE <144",,,Plein jour,En agglomération,Hors intersection,Normale,Autre collision,,,,,,,,,,,1,2,1,1,6
200600053904,0006-09-01 17:30:00,6,9,1,17,30,250,56,"sans, APOLLINAIRE RUE GU",,,Plein jour,En agglomération,Hors intersection,Normale,Deux véhicules - frontale,,,,,,,,,,,1,2,1,1,1
200600053905,0006-09-04 15:15:00,6,9,4,15,15,250,56,"SANS, BRULARD  RUE GENER",,,Plein jour,En agglomération,Intersection en Y,Normale,Deux véhicules - côté,,,,,,,,,,,1,2,4,1,3
200600053906,0006-09-05 17:01:00,6,9,5,17,1,250,56,"1, ORATOIRE RUE DE L'",,,Plein jour,En agglomération,Intersection en X,Normale,Deux véhicules - côté,,,,,,,,,,,1,2,2,1,3
200600053907,0006-09-06 21:10:00,6,9,6,21,10,250,56,ALLENDE  BOULEVARD SALVA,,,Nuit avec éclairage allumé,En agglomération,Autre intersection,Normale,Deux véhicules - arrière,,,,,,,,,,,5,2,9,1,2
200600053908,0006-09-07 09:40:00,6,9,7,9,40,250,56,"2, CHURCHILL BD WINSTON",,,Plein jour,En agglomération,Hors intersection,Normale,Trois véhicules et plus - en chaîne,,,,,,,,,,,1,2,1,1,4
200600053909,0006-09-07 13:10:00,6,9,7,13,10,250,56,"sans, CHIFFLET RUE",,,Plein jour,En agglomération,Hors intersection,Normale,Autre collision,,,,,,,,,,,1,2,1,1,6
200600053910,0006-09-07 15:18:00,6,9,7,15,18,250,56,"sans, LAGRANGE  AVENUE L",,,Plein jour,En agglomération,Hors intersection,Temps éblouissant,Trois véhicules et plus - collisions multiples,,,,,,,,,,,1,2,1,7,5
200600053911,0006-09-07 19:20:00,6,9,7,19,20,250,56,"75, BELFORT RUE DE <144",,,Plein jour,En agglomération,Intersection en T,Normale,Deux véhicules - côté,,,,,,,,,,,1,2,3,1,3
200600053912,0006-09-08 07:49:00,6,9,8,7,49,250,56,"1, JANVIER RUE ANTIDE",,,Plein jour,En agglomération,Hors intersection,Normale,Deux véhicules - arrière,,,,,,,,,,,1,2,1,1,2
200600053913,0006-09-11 17:10:00,6,9,11,17,10,250,56,"22, CHAILLOT RUE DE",,,Plein jour,En agglomération,Hors intersection,Normale,Autre collision,,,,,,,,,,,1,2,1,1,6
200600053914,0006-09-12 12:46:00,6,9,12,12,46,250,56,"41, BLUM BOULEVARD LEON",,,Plein jour,En agglomération,Hors intersection,Normale,Deux véhicules - arrière,,,,,,,,,,,1,2,1,1,2
200600053915,0006-09-13 17:45:00,6,9,13,17,45,250,56,"58, RIVOTTE  FAUBOURG",,,Plein jour,En agglomération,Hors intersection,Normale,Deux véhicules - côté,,,,,,,,,,,1,2,1,1,3
200600053916,0006-09-16 13:01:00,6,9,16,13,1,250,56,"SANS, PORT CITEAUX RUE D",,,Plein jour,En agglomération,Hors intersection,Normale,Deux véhicules - côté,,,,,,,,,,,1,2,1,1,3
200600053917,0006-09-18 18:09:00,6,9,18,18,9,250,56,"1, BOUCHERIES RUE DES",,,Nuit avec éclairage non allumé,En agglomération,Hors intersection,Normale,Autre collision,,,,,,,,,,,4,2,1,1,6
200600053918,0006-09-19 07:33:00,6,9,19,7,33,250,56,"1, BRULARD  RUE GENERAL",,,Plein jour,En agglomération,Hors intersection,Normale,Deux véhicules - arrière,,,,,,,,,,,1,2,1,1,2
200600053919,0006-09-20 12:24:00,6,9,20,12,24,250,56,DOLE RUE DE <82,,,Plein jour,En agglomération,Hors intersection,Normale,Deux véhicules - côté,,,,,,,,,,,1,2,1,1,3
200600053920,0006-09-22 21:30:00,6,9,22,21,30,250,56,"9, LAGRANGE  AVENUE LEO",,,Nuit avec éclairage allumé,En agglomération,Hors intersection,Normale,Deux véhicules - côté,,,,,,,,,,,5,2,1,1,3
200600053921,0006-09-23 13:49:00,6,9,23,13,49,250,56,"18, VILLARCEAU AVENUE",,,Plein jour,En agglomération,Hors intersection,Normale,Deux véhicules - arrière,,,,,,,,,,,1,2,1,1,2
200600053922,0006-09-23 16:50:00,6,9,23,16,50,250,56,"4A, ILE DE FRANCE AVENUE",,,Plein jour,En agglomération,Hors intersection,Normale,Deux véhicules - côté,,,,,,,,,,,1,2,1,1,3
200600053923,0006-09-26 08:08:00,6,9,26,8,8,250,56,"202, DOLE RUE DE >200",,,Plein jour,En agglomération,Hors intersection,Pluie légère,Autre collision,,,,,,,,,,,1,2,1,2,6
200600053924,0006-09-26 18:15:00,6,9,26,18,15,250,56,"72, DOLE RUE DE <82",,,Plein jour,En agglomération,Hors intersection,Pluie légère,Deux véhicules - côté,,,,,,,,,,,1,2,1,2,3
200600053925,0006-09-16 19:35:00,6,9,16,19,35,250,56,"SANS, KENNEDY  BOULEVARD",,,Plein jour,En agglomération,Hors intersection,Normale,Deux véhicules - côté,,,,,,,,,,,1,2,1,1,3
200600053926,0006-09-27 12:25:00,6,9,27,12,25,250,56,"37, DEUX PRINCESSES RUE",,,Plein jour,En agglomération,Hors intersection,Normale,Trois véhicules et plus - en chaîne,,,,,,,,,,,1,2,1,1,4
200600053927,0006-09-28 14:15:00,6,9,28,14,15,250,56,"29, MONTARMOTS CHEMIN DE",,,Plein jour,En agglomération,Hors intersection,Normale,Deux véhicules - côté,,,,,,,,,,,1,2,1,1,3
200600053928,0006-09-29 00:30:00,6,9,29,0,30,250,56,JANVIER RUE ANTIDE,,,Nuit avec éclairage allumé,En agglomération,Hors intersection,Normale,Deux véhicules - côté,,,,,,,,,,,5,2,1,1,3
200600053929,0006-09-29 08:50:00,6,9,29,8,50,250,56,"SANS, FAURE AVENUE EDGAR",,,Plein jour,En agglomération,Hors intersection,Normale,Trois véhicules et plus - collisions multiples,,,,,,,,,,,1,2,1,1,5
200600053930,0006-09-29 13:15:00,6,9,29,13,15,250,56,"40, RIVOTTE  FAUBOURG",,,Plein jour,En agglomération,Hors intersection,Normale,Autre collision,,,,,,,,,,,1,2,1,1,6