accident_id,datetime,annee,mois,jour,heure,minute,departement,commune_insee,adresse,latitude,longitude,luminosite,agglomeration,intersection,meteo,collision,nb_vehicules,nb_usagers,nb_indemnes,nb_tues,nb_blesses_hosp,nb_blesses_legers,age_cond_1,age_cond_2,veh_type_cond_1,veh_type_cond_2,lum_code,agg_code,int_code,atm_code,col_code
200600053931,0006-09-29 18:20:00,6,9,29,18,20,250,56,"05, GAULARD AVENUE < 14",,,Plein jour,En agglomération,Intersection en T,Normale,Trois véhicules et plus - collisions multiples,,,,,,,,,,,1,2,3,1,5
200600053932,0006-09-04 17:35:00,6,9,4,17,35,250,31,"45, GRANDE RUE",,,Plein jour,En agglomération,Hors intersection,Normale,Autre collision,,,,,,,,,,,1,2,1,1,6
200600053933,0006-09-15 00:50:00,6,9,15,0,50,250,230,"51, GRANDE RUE",,,Nuit avec éclairage allumé,En agglomération,Hors intersection,Normale,Autre collision,,,,,,,,,,,5,2,1,1,6
200600053934,0006-09-23 18:00:00,6,9,23,18,0,250,547,"000, AVENUE LECLERC",,,Plein jour,En agglomération,Hors intersection,Normale,Deux véhicules - côté,,,,,,,,,,,1,2,1,1,3
200600053935,0006-09-28 17:15:00,6,9,28,17,15,250,230,"00, SOCHAUX (RUE DE)",,,Plein jour,Hors agglomération,Intersection en T,Normale,Deux véhicules - arrière,,,,,,,,,,,1,1,3,1,2
200600053936,0006-09-02 02:00:00,6,9,2,2,0,260,198,"sans n, AYGU (AVENUE D')",,,Nuit avec éclairage allumé,En agglomération,Giratoire,Normale,Autre collision,,,,,,,,,,,5,2,6,1,6
200600053937,0006-09-10 16:05:00,6,9,10,16,5,260,198,RN 7,,,Plein jour,Hors agglomération,Intersection en T,Normale,Sans collision,,,,,,,,,,,1,1,3,1,7
200600053938,0006-09-13 18:40:00,6,9,13,18,40,260,198,"sans n, NITRIERE (CHEMIN",,,Plein jour,Hors agglomération,Passage à niveau,Normale,Deux véhicules - frontale,,,,,,,,,,,1,1,8,1,1
200600053939,0006-09-14 07:55:00,6,9,14,7,55,260,198,"sans n, BRES (RUE MARCEA",,,Plein jour,Hors agglomération,Hors intersection,Normale,Deux véhicules - frontale,,,,,,,,,,,1,1,1,1,1
200600053940,0006-09-30 15:35:00,6,9,30,15,35,260,198,"sans n°, RN 7",,,Plein jour,Hors agglomération,Hors intersection,Normale,Deux véhicules - arrière,,,,,,,,,,,1,1,1,1,2
200600053941,0006-09-05 18:15:00,6,9,5,18,15,260,281,MAT-BATIE (RUE),,,Plein jour,En agglomération,Hors intersection,Normale,Deux véhicules - frontale,,,,,,,,,,,1,2,1,1,1
200600053942,0006-09-09 11:30:00,6,9,9,11,30,260,57,"NEANT, VALLON ANTONIN (R",,,Plein jour,En agglomération,Intersection en T,Normale,Deux véhicules - arrière,,,,,,,,,,,1,2,3,1,2
200600053943,0006-09-12 09:20:00,6,9,12,9,20,260,57,VERDUN (AVENUE DE),,,Plein jour,En agglomération,Intersection en X,Normale,Autre collision,,,,,,,,,,,1,2,2,1,6
200600053944,0006-09-13 10:30:00,6,9,13,10,30,260,57,ALPES PROVENCE (BOULEVAR,,,Plein jour,En agglomération,Intersection en X,Normale,Deux véhicules - arrière,,,,,,,,,,,1,2,2,1,2
200600053945,0006-09-16 19:20:00,6,9,16,19,20,260,281,JOURDAN CHARLES (AVENUE),,,Plein jour,En agglomération,Hors intersection,Pluie légère,Autre collision,,,,,,,,,,,1,2,1,2,6
200600053946,0006-09-30 18:35:00,6,9,30,18,35,260,281,MAQUIS (AVENUE DU),,,Crépuscule ou aube,En agglomération,Intersection en T,Pluie légère,Autre collision,,,,,,,,,,,2,2,3,2,6
200600053947,0006-09-02 09:15:00,6,9,2,9,15,260,58,"sans, BENOIT AVENUE PIER",,,Plein jour,En agglomération,Intersection en T,Normale,Autre collision,,,,,,,,,,,1,2,3,1,6
200600053948,0006-09-02 12:20:00,6,9,2,12,20,260,58,"SANS N, TRIOLET RUE ELSA",,,Plein jour,En agglomération,Intersection en X,Normale,Deux véhicules - côté,,,,,,,,,,,1,2,2,1,3
200600053949,0006-09-04 13:25:00,6,9,4,13,25,260,362,"SANS N, BONNARD CHEMIN D",,,Plein jour,En agglomération,Hors intersection,Normale,Deux véhicules - arrière,,,,,,,,,,,1,2,1,1,2
200600053950,0006-09-05 19:30:00,6,9,5,19,30,260,362,"sans, VAUBAN BOULEVARD",,,Plein jour,En agglomération,Intersection en X,Normale,Deux véhicules - frontale,,,,,,,,,,,1,2,2,1,1
200600053951,0006-09-08 12:20:00,6,9,8,12,20,260,252,"sans, PORT AVENUE DU",,,Plein jour,Hors agglomération,Intersection en X,Normale,Deux véhicules - côté,,,,,,,,,,,1,1,2,1,3
200600053952,0006-09-09 18:00:00,6,9,9,18,0,260,362,"SANS N, CECILE RUE DE LA",,,Plein jour,En agglomération,Hors intersection,Normale,Deux véhicules - côté,,,,,,,,,,,1,2,1,1,3
200600053953,0006-09-11 18:05:00,6,9,11,18,5,260,362,"48, HUGO AVENUE VICTOR (",,,Plein jour,En agglomération,Hors intersection,Normale,Deux véhicules - arrière,,,,,,,,,,,1,2,1,1,2
200600053954,0006-09-04 22:30:00,6,9,4,22,30,260,362,"sans, CECILE RUE DE LA (",,,Nuit avec éclairage allumé,En agglomération,Giratoire,Normale,Deux véhicules - côté,,,,,,,,,,,5,2,6,1,3
200600053955,0006-09-10 23:15:00,6,9,10,23,15,260,58,"sans, JAURES AVENUE JEAN",,,Nuit avec éclairage allumé,En agglomération,Hors intersection,Normale,Deux véhicules - côté,,,,,,,,,,,5,2,1,1,3
200600053956,0006-09-08 12:05:00,6,9,8,12,5,260,362,"SANS N, CECILE RUE DE LA",,,Plein jour,En agglomération,Intersection en T,Normale,Deux véhicules - côté,,,,,,,,,,,1,2,3,1,3
200600053957,0006-09-12 12:12:00,6,9,12,12,12,260,58,"SANS N, L.A.C.R.A RN7 (B",,,Plein jour,Hors agglomération,Hors intersection,Normale,Deux véhicules - côté,,,,,,,,,,,1,1,1,1,3
200600053958,0006-09-16 05:00:00,6,9,16,5,0,260,362,"SANS N, YSER AVENUE DE L",,,Nuit avec éclairage allumé,En agglomération,Hors intersection,Temps couvert,Autre collision,,,,,,,,,,,5,2,1,8,6
200600053959,0006-09-18 18:10:00,6,9,18,18,10,260,362,"sans n, FRANKLIN RUE BEN",,,Plein jour,En agglomération,Intersection en T,Normale,Deux véhicules - côté,,,,,,,,,,,1,2,3,1,3
200600053960,0006-09-18 18:35:00,6,9,18,18,35,260,362,"sans n, MIAS ALLEE RAYMO",,,Plein jour,En agglomération,Hors intersection,Normale,Deux véhicules - côté,,,,,,,,,,,1,2,1,1,3
200600053961,0006-09-19 09:35:00,6,9,19,9,35,260,58,"SANS N2, LA ROCHE DE GLU",,,Plein jour,Hors agglomération,Hors intersection,Normale,Deux véhicules - frontale,,,,,,,,,,,1,1,1,1,1
200600053962,0006-09-19 17:45:00,6,9,19,17,45,260,362,CHABEUIL AVENUE DE (301),,,Plein jour,En agglomération,Hors intersection,Normale,Autre collision,,,,,,,,,,,1,2,1,1,6
200600053963,0006-09-20 10:40:00,6,9,20,10,40,260,58,"SANS N, CHABANNERIES RUE",,,Plein jour,En agglomération,Hors intersection,Normale,Deux véhicules - côté,,,,,,,,,,,1,2,1,1,3
200600053964,0006-09-23 15:05:00,6,9,23,15,5,260,362,"sans n, PROVENCE AVENUE",,,Plein jour,En agglomération,Hors intersection,Normale,Deux véhicules - côté,,,,,,,,,,,1,2,1,1,3
200600053965,0006-09-23 15:06:00,6,9,23,15,6,260,362,"sans, MONTELEGER ROUTE D",,,Plein jour,Hors agglomération,Intersection en X,Normale,Deux véhicules - côté,,,,,,,,,,,1,1,2,1,3
200600053966,0006-09-23 17:50:00,6,9,23,17,50,260,362,"SANS N, BEAUMONT CHEMIN",,,Plein jour,Hors agglomération,Hors intersection,Normale,Deux véhicules - côté,,,,,,,,,,,1,1,1,1,3
200600053967,0006-09-25 06:00:00,6,9,25,6,0,260,58,L.A.C.R.A RN7 (BLV),,,Nuit avec éclairage allumé,Hors agglomération,Hors intersection,Pluie légère,Autre collision,,,,,,,,,,,5,1,1,2,6
200600053968,0006-09-26 07:15:00,6,9,26,7,15,260,362,PONT DU GAT RUE (302),,,Plein jour,En agglomération,Intersection en Y,Normale,Autre collision,,,,,,,,,,,1,2,4,1,6
200600053969,0006-09-17 01:20:00,6,9,17,1,20,260,58,"sans n, RESISTANCE AVENU",,,Nuit avec éclairage allumé,En agglomération,Hors intersection,Normale,Sans collision,,,,,,,,,,,5,2,1,1,7
200600053970,0006-09-09 17:00:00,6,9,9,17,0,270,229,"13, FAUVILLE (RUE DE)",,,Plein jour,En agglomération,Hors intersection,Normale,Deux véhicules - arrière,,,,,,,,,,,1,2,1,1,2
200600053971,0006-09-09 20:40:00,6,9,9,20,40,270,229,"12, JANIN (BOULEVARD JUL",,,Crépuscule ou aube,En agglomération,Intersection en X,Normale,Deux véhicules - côté,,,,,,,,,,,2,2,2,1,3
200600053972,0006-09-14 15:45:00,6,9,14,15,45,270,229,"30, FAUVILLE (RUE DE)",,,Plein jour,En agglomération,Hors intersection,Normale,Deux véhicules - frontale,,,,,,,,,,,1,2,1,1,1
200600053973,0006-09-15 16:45:00,6,9,15,16,45,270,229,"47, POLITZER (RUE GEORGE",,,Plein jour,En agglomération,Hors intersection,Normale,Deux véhicules - arrière,,,,,,,,,,,1,2,1,1,2
200600053974,0006-09-16 20:20:00,6,9,16,20,20,270,229,"20, MOLIERE (RUE)",,,Crépuscule ou aube,En agglomération,Hors intersection,Normale,Autre collision,,,,,,,,,,,2,2,1,1,6
200600053975,0006-09-17 11:55:00,6,9,17,11,55,270,229,"35, FAUVILLE (RUE DE)",,,Plein jour,En agglomération,Hors intersection,Normale,Deux véhicules - arrière,,,,,,,,,,,1,2,1,1,2
200600053976,0006-09-19 08:50:00,6,9,19,8,50,270,229,"27, BRIAND (AVENUE ARIST",,,Plein jour,En agglomération,Hors intersection,Normale,Autre collision,,,,,,,,,,,1,2,1,1,6
200600053977,0006-09-19 13:55:00,6,9,19,13,55,270,229,"75, CONCHES (ROUTE DE)",,,Plein jour,En agglomération,Hors intersection,Normale,Deux véhicules - côté,,,,,,,,,,,1,2,1,1,3
200600053978,0006-09-29 16:40:00,6,9,29,16,40,270,229,QUATORZE JUILLET (BOULEV,,,Plein jour,En agglomération,Hors intersection,Normale,Autre collision,,,,,,,,,,,1,2,1,1,6
200600053979,0006-09-06 09:30:00,6,9,6,9,30,270,701,", BLANCHE (CH. DE LA VOI",,,Plein jour,En agglomération,Hors intersection,Normale,Deux véhicules - arrière,,,,,,,,,,,1,2,1,1,2
200600053980,0006-09-09 23:00:00,6,9,9,23,0,270,701,", BLANCHE (CH. DE LA VOI",,,Nuit avec éclairage allumé,En agglomération,Intersection en X,Normale,Deux véhicules - côté,,,,,,,,,,,5,2,2,1,3
200600053981,0006-09-19 20:45:00,6,9,19,20,45,270,375,"32, GARE (RUE DE LA)",,,Nuit sans éclairage public,En agglomération,Hors intersection,Normale,Sans collision,,,,,,,,,,,3,2,1,1,7
200600053982,0006-09-22 23:50:00,6,9,22,23,50,270,701,"0, RN15",,,Nuit sans éclairage public,Hors agglomération,Hors intersection,Normale,Sans collision,,,,,,,,,,,3,1,1,1,7
200600053983,0006-09-26 15:15:00,6,9,26,15,15,270,701,"0, BLANCHE (CH. DE LA VO",,,Plein jour,En agglomération,Intersection en T,Normale,Deux véhicules - côté,,,,,,,,,,,1,2,3,1,3
200600053984,0006-09-27 19:30:00,6,9,27,19,30,270,701,"0, CLOS (VOIE DES)",,,Plein jour,En agglomération,Hors intersection,Normale,Deux véhicules - côté,,,,,,,,,,,1,2,1,1,3
200600053985,0006-09-28 20:45:00,6,9,28,20,45,270,681,SAINT LAZARE (RUE),,,Nuit avec éclairage allumé,En agglomération,Hors intersection,Normale,Autre collision,,,,,,,,,,,5,2,1,1,6
200600053986,0006-09-04 07:15:00,6,9,4,7,15,270,588,VALLEE (ROUTE DE LA),,,Plein jour,En agglomération,Hors intersection,Normale,Autre collision,,,,,,,,,,,1,2,1,1,6
200600053987,0006-09-10 04:50:00,6,9,10,4,50,270,588,NATIONALE 15 (ROUTE),,,Nuit sans éclairage public,En agglomération,Hors intersection,Normale,Autre collision,,,,,,,,,,,3,2,1,1,6
200600053988,0006-09-08 14:00:00,6,9,8,14,0,270,681,ARDECHE (AVENUE DE L'),,,Plein jour,En agglomération,Autre intersection,Normale,Deux véhicules - arrière,,,,,,,,,,,1,2,9,1,2
200600053989,0006-09-06 18:02:00,6,9,6,18,2,280,85,"san,s, CLEMENCEAU (BOULE",,,Plein jour,En agglomération,Hors intersection,Normale,Deux véhicules - côté,,,,,,,,,,,1,2,1,1,3
200600053990,0006-09-08 18:45:00,6,9,8,18,45,280,209,"sans, HOCHE ALLARD (rue)",,,Plein jour,En agglomération,Hors intersection,Normale,Autre collision,,,,,,,,,,,1,2,1,1,6
200600053991,0006-09-13 23:00:00,6,9,13,23,0,280,229,"sans, D939",,,Nuit sans éclairage public,Hors agglomération,Hors intersection,Normale,Autre collision,,,,,,,,,,,3,1,1,1,6
200600053992,0006-09-14 08:55:00,6,9,14,8,55,280,229,"sans, D939",,,Plein jour,Hors agglomération,Hors intersection,Normale,Deux véhicules - frontale,,,,,,,,,,,1,1,1,1,1
200600053993,0006-09-20 14:05:00,6,9,20,14,5,280,85,"SANS, PROUST (AVENUE MAR",,,Plein jour,En agglomération,Hors intersection,Normale,Deux véhicules - côté,,,,,,,,,,,1,2,1,1,3
200600053994,0006-09-20 15:10:00,6,9,20,15,10,280,229,"SANS, D939",,,Plein jour,Hors agglomération,Hors intersection,Normale,Deux véhicules - côté,,,,,,,,,,,1,1,1,1,3
200600053995,0006-09-26 14:00:00,6,9,26,14,0,280,218,"SANS, ROBILLARD (RUE)",,,Plein jour,En agglomération,Hors intersection,Normale,Deux véhicules - côté,,,,,,,,,,,1,2,1,1,3
200600053996,0006-09-09 11:45:00,6,9,9,11,45,280,134,SAINTE EVE (RUE),,,Plein jour,En agglomération,Intersection en T,Normale,Deux véhicules - côté,,,,,,,,,,,1,2,3,1,3
200600053997,0006-09-14 16:00:00,6,9,14,16,0,280,404,CRECY (ROUTE DE),,,Plein jour,En agglomération,Hors intersection,Normale,Autre collision,,,,,,,,,,,1,2,1,1,6
200600053998,0006-09-20 11:25:00,6,9,20,11,25,280,134,RN 12 (DESCENTE ET PONT,,,Plein jour,Hors agglomération,Hors intersection,Normale,Sans collision,,,,,,,,,,,1,1,1,1,7
200600053999,0006-09-20 12:15:00,6,9,20,12,15,280,134,RN 12 (CARREFOUR DELISLE,,,Plein jour,En agglomération,Intersection en X,Normale,Deux véhicules - arrière,,,,,,,,,,,1,2,2,1,2
200600054000,0006-09-21 08:40:00,6,9,21,8,40,280,404,ROCADE OUEST,,,Plein jour,En agglomération,Giratoire,Normale,Sans collision,,,,,,,,,,,1,2,6,1,7
200600054001,0006-09-22 12:15:00,6,9,22,12,15,280,134,9 ET 10 JUIN (RUE DU),,,Plein jour,En agglomération,Hors intersection,Pluie légère,Autre collision,,,,,,,,,,,1,2,1,2,6
200600054002,0006-09-25 06:35:00,6,9,25,6,35,280,134,FFI (PLACE DES),,,Crépuscule ou aube,En agglomération,Giratoire,Normale,Autre collision,,,,,,,,,,,2,2,6,1,6
200600054003,0006-09-01 01:28:00,6,9,1,1,28,290,19,"., SAINT MARC ROUTE DU V",,,Nuit avec éclairage allumé,En agglomération,Hors intersection,Normale,Deux véhicules - frontale,,,,,,,,,,,5,2,1,1,1
200600054004,0006-09-01 18:50:00,6,9,1,18,50,290,19,"15, RESISTANCE",,,Plein jour,En agglomération,Intersection en X,Normale,Deux véhicules - côté,,,,,,,,,,,1,2,2,1,3
200600054005,0006-09-05 14:45:00,6,9,5,14,45,290,19,"22, LESVEN JULES (DE 18",,,Plein jour,En agglomération,Intersection en X,Normale,Deux véhicules - arrière,,,,,,,,,,,1,2,2,1,2
200600054006,0006-09-07 00:35:00,6,9,7,0,35,290,19,PEN AR CH'LEUZ,,,Nuit avec éclairage allumé,En agglomération,Giratoire,Normale,Deux véhicules - côté,,,,,,,,,,,5,2,6,1,3
200600054007,0006-09-08 19:59:00,6,9,8,19,59,290,19,JOINVILLE PRINCE DE,,,Plein jour,En agglomération,Intersection en T,Normale,Deux véhicules - côté,,,,,,,,,,,1,2,3,1,3
200600054008,0006-09-09 14:15:00,6,9,9,14,15,290,19,"241, JAURES JEAN (DE 239",,,Plein jour,En agglomération,Hors intersection,Normale,Autre collision,,,,,,,,,,,1,2,1,1,6
200600054009,0006-09-10 19:50:00,6,9,10,19,50,290,19,"., SAINT EXUPERY (DE 1 A",,,Plein jour,En agglomération,Intersection en X,Normale,Autre collision,,,,,,,,,,,1,2,2,1,6
200600054010,0006-09-11 04:15:00,6,9,11,4,15,290,19,"., SAINT MARC ROUTE DU V",,,Nuit avec éclairage allumé,En agglomération,Intersection en X,Normale,Autre collision,,,,,,,,,,,5,2,2,1,6
200600054011,0006-09-12 16:50:00,6,9,12,16,50,290,19,"., BLUM LEON",,,Plein jour,Hors agglomération,Intersection en T,Normale,Autre collision,,,,,,,,,,,1,1,3,1,6
200600054012,0006-09-15 12:05:00,6,9,15,12,5,290,19,"., DOCTEUR ROUX",,,Plein jour,Hors agglomération,Intersection en T,Normale,Autre collision,,,,,,,,,,,1,1,3,1,6
200600054013,0006-09-15 16:20:00,6,9,15,16,20,290,19,"., LANGEVIN PROFESSEUR",,,Plein jour,En agglomération,Hors intersection,Normale,Autre collision,,,,,,,,,,,1,2,1,1,6
200600054014,0006-09-16 04:25:00,6,9,16,4,25,290,19,"., LE GORGEU (SANS N° EN",,,Nuit avec éclairage allumé,En agglomération,Hors intersection,Normale,Autre collision,,,,,,,,,,,5,2,1,1,6
200600054015,0006-09-16 10:15:00,6,9,16,10,15,290,19,"., BILLANT HENRI",,,Plein jour,En agglomération,Intersection en X,Normale,Deux véhicules - côté,,,,,,,,,,,1,2,2,1,3
200600054016,0006-09-09 22:25:00,6,9,9,22,25,290,19,"., SALAUN PENQUER",,,Nuit avec éclairage allumé,En agglomération,Intersection en T,Normale,Deux véhicules - côté,,,,,,,,,,,5,2,3,1,3
200600054017,0006-09-23 03:50:00,6,9,23,3,50,290,19,"., NORMANDIE",,,Nuit avec éclairage allumé,En agglomération,Hors intersection,Pluie légère,Autre collision,,,,,,,,,,,5,2,1,2,6
200600054018,0006-09-23 18:40:00,6,9,23,18,40,290,19,"31, PARIS (DE 1 A 31 ET",,,Plein jour,En agglomération,Hors intersection,Normale,Autre collision,,,,,,,,,,,1,2,1,1,6
200600054019,0006-09-28 07:50:00,6,9,28,7,50,290,19,"., DONNART MATHIEU (DE 1",,,Plein jour,En agglomération,Intersection en X,Temps couvert,Deux véhicules - côté,,,,,,,,,,,1,2,2,8,3
200600054020,0006-09-30 06:50:00,6,9,30,6,50,290,19,"., RN 12 (PEN AR CH'LEUZ",,,Nuit avec éclairage allumé,En agglomération,Giratoire,Pluie légère,Autre collision,,,,,,,,,,,5,2,6,2,6
200600054021,0006-09-30 22:15:00,6,9,30,22,15,290,19,CLEMENCEAU GEORGES (DE 1,,,Nuit avec éclairage allumé,En agglomération,Intersection en X,Pluie forte,Autre collision,,,,,,,,,,,5,2,2,3,6
200600054022,0006-09-07 12:05:00,6,9,7,12,5,290,151,OREE DU BOIS (RUE DE L'),,,Plein jour,En agglomération,Hors intersection,Normale,Deux véhicules - côté,,,,,,,,,,,1,2,1,1,3
200600054023,0006-09-19 17:00:00,6,9,19,17,0,290,254,"D769, CARHAIX ( ROUTE DE",,,Plein jour,Hors agglomération,Hors intersection,Normale,Deux véhicules - côté,,,,,,,,,,,1,1,1,1,3
200600054024,0006-09-28 07:25:00,6,9,28,7,25,290,151,LANNION (ROUTE DE),,,Crépuscule ou aube,En agglomération,Hors intersection,Temps couvert,Deux véhicules - côté,,,,,,,,,,,2,2,1,8,3
200600054025,0006-09-16 10:45:00,6,9,16,10,45,290,232,TOUR D'AUVERGNE PLACE DE,,,Plein jour,En agglomération,Place,Normale,Autre collision,,,,,,,,,,,1,2,7,1,6
200600054026,0006-09-22 13:00:00,6,9,22,13,0,290,232,"0, VILLARD  ABEL RUE",,,Plein jour,En agglomération,Hors intersection,Normale,Deux véhicules - frontale,,,,,,,,,,,1,2,1,1,1
200600054027,0006-09-23 22:10:00,6,9,23,22,10,290,51,ROUILLEN,,,Nuit avec éclairage allumé,En agglomération,Hors intersection,Normale,Deux véhicules - côté,,,,,,,,,,,5,2,1,1,3
200600054028,0006-09-28 07:52:00,6,9,28,7,52,290,232,"2, BAUDELAIRE CHARLES RU",,,Crépuscule ou aube,Hors agglomération,Intersection en T,Normale,Autre collision,,,,,,,,,,,2,1,3,1,6
200600054029,0006-09-10 20:45:00,6,9,10,20,45,300,28,ROUTE DE PONT SAINT ESPR,,,Nuit avec éclairage allumé,En agglomération,Hors intersection,Normale,Sans collision,,,,,,,,,,,5,2,1,1,7
200600054030,0006-09-19 11:15:00,6,9,19,11,15,300,28,ROUTE DES CEVENNES,,,Plein jour,Hors agglomération,Autre intersection,Normale,Deux véhicules - côté,,,,,,,,,,,1,1,9,1,3
200600054031,0006-09-05 17:30:00,6,9,5,17,30,300,32,"0, ROCADE (DPT90)",,,Plein jour,Hors agglomération,Hors intersection,Temps éblouissant,Deux véhicules - côté,,,,,,,,,,,1,1,1,7,3
200600054032,0006-09-15 06:00:00,6,9,15,6,0,300,32,", FARCIENNES (AV. DE)",,,Nuit avec éclairage allumé,En agglomération,Hors intersection,Pluie légère,Sans collision,,,,,,,,,,,5,2,1,2,7
200600054033,0006-09-25 13:00:00,6,9,25,13,0,300,32,ROUTE DE BELLEGARDE (C.D,,,Plein jour,Hors agglomération,Hors intersection,Normale,Sans collision,,,,,,,,,,,1,1,1,1,7
200600054034,0006-09-01 07:46:00,6,9,1,7,46,300,189,CIGALE (CHEMIN),,,Plein jour,En agglomération,Intersection en T,Normale,Deux véhicules - côté,,,,,,,,,,,1,2,3,1,3
200600054035,0006-09-03 18:15:00,6,9,3,18,15,300,189,"., DE LATTRE DE TASSIGNY",,,Plein jour,En agglomération,Intersection en X,Normale,Deux véhicules - côté,,,,,,,,,,,1,2,2,1,3
200600054036,0006-09-05 13:32:00,6,9,5,13,32,300,189,"., SAUVE (ROUTE)",,,Plein jour,En agglomération,Hors intersection,Normale,Trois véhicules et plus - collisions multiples,,,,,,,,,,,1,2,1,1,5
200600054037,0006-09-05 15:23:00,6,9,5,15,23,300,189,"...., ALLENDE SALVADOR (",,,Plein jour,En agglomération,Hors intersection,Normale,Deux véhicules - arrière,,,,,,,,,,,1,2,1,1,2
200600054038,0006-09-05 17:54:00,6,9,5,17,54,300,189,"., FAYOLLE MARECHAL (RUE",,,Plein jour,En agglomération,Hors intersection,Normale,Deux véhicules - frontale,,,,,,,,,,,1,2,1,1,1
200600054039,0006-09-06 10:48:00,6,9,6,10,48,300,189,"..., SEGUIER (RUE)",,,Plein jour,Hors agglomération,Hors intersection,Normale,Autre collision,,,,,,,,,,,1,1,1,1,6
200600054040,0006-09-07 09:40:00,6,9,7,9,40,300,189,"..., SAUVE (ROUTE)",,,Plein jour,En agglomération,Intersection en X,Normale,Autre collision,,,,,,,,,,,1,2,2,1,6
200600054041,0006-09-07 15:15:00,6,9,7,15,15,300,189,"136, AVIGNON (ANCIENNE R",,,Plein jour,En agglomération,Hors intersection,Normale,Trois véhicules et plus - en chaîne,,,,,,,,,,,1,2,1,1,4
200600054042,0006-09-08 16:10:00,6,9,8,16,10,300,189,"..., FOREZ (RUE)",,,Plein jour,Hors agglomération,Hors intersection,Normale,Deux véhicules - arrière,,,,,,,,,,,1,1,1,1,2
200600054043,0006-09-10 18:50:00,6,9,10,18,50,300,189,"..., NICOT (RUE)",,,Crépuscule ou aube,En agglomération,Intersection en T,Normale,Deux véhicules - côté,,,,,,,,,,,2,2,3,1,3
200600054044,0006-09-10 20:56:00,6,9,10,20,56,300,189,"..., DAYAN GEORGES (AVEN",,,Nuit avec éclairage allumé,En agglomération,Intersection en T,Normale,Deux véhicules - frontale,,,,,,,,,,,5,2,3,1,1
200600054045,0006-09-08 19:45:00,6,9,8,19,45,300,189,"8, SULLY (RUE)",,,Plein jour,En agglomération,Hors intersection,Normale,Autre collision,,,,,,,,,,,1,2,1,1,6
200600054046,0006-09-11 13:58:00,6,9,11,13,58,300,189,"., REPUBLIQUE (RUE)",,,Plein jour,En agglomération,Intersection en X,Normale,Deux véhicules - côté,,,,,,,,,,,1,2,2,1,3
200600054047,0006-09-12 10:52:00,6,9,12,10,52,300,189,"..., RD  PT Antonio. ORD",,,Plein jour,En agglomération,Giratoire,Normale,Sans collision,,,,,,,,,,,1,2,6,1,7
200600054048,0006-09-12 16:55:00,6,9,12,16,55,300,189,"..., SEVERINE (IMPACE OU",,,Plein jour,En agglomération,Hors intersection,Normale,Deux véhicules - côté,,,,,,,,,,,1,2,1,1,3
200600054049,0006-09-12 18:42:00,6,9,12,18,42,300,189,"236, AVIGNON (ROUTE)",,,Plein jour,En agglomération,Hors intersection,Normale,Deux véhicules - côté,,,,,,,,,,,1,2,1,1,3
200600054050,0006-09-14 09:00:00,6,9,14,9,0,300,189,"..., CLINIQUE KENNEDY",,,Plein jour,En agglomération,Hors intersection,Temps couvert,Deux véhicules - côté,,,,,,,,,,,1,2,1,8,3
200600054051,0006-09-15 20:27:00,6,9,15,20,27,300,189,"..., ODELIN JEAN (RUE)",,,Nuit avec éclairage allumé,En agglomération,Intersection en T,Normale,Deux véhicules - côté,,,,,,,,,,,5,2,3,1,3
200600054052,0006-09-16 11:36:00,6,9,16,11,36,300,189,MONTPELLIER (ROUTE DE),,,Plein jour,En agglomération,Hors intersection,Normale,Deux véhicules - arrière,,,,,,,,,,,1,2,1,1,2
200600054053,0006-09-17 06:30:00,6,9,17,6,30,300,189,"..., SAINT GILLES (ROUTE",,,Crépuscule ou aube,Hors agglomération,Giratoire,Normale,Sans collision,,,,,,,,,,,2,1,6,1,7
200600054054,0006-09-17 09:35:00,6,9,17,9,35,300,189,"., FOUR A CHAUX (ROND PO",,,Plein jour,En agglomération,Giratoire,Normale,Deux véhicules - arrière,,,,,,,,,,,1,2,6,1,2
200600054055,0006-09-18 18:10:00,6,9,18,18,10,300,189,"1, SAINT GILLES (ROUTE)",,,Plein jour,Hors agglomération,Hors intersection,Normale,Deux véhicules - côté,,,,,,,,,,,1,1,1,1,3
200600054056,0006-09-18 17:05:00,6,9,18,17,5,300,189,"..., MONNET JEAN (COURS)",,,Plein jour,En agglomération,Giratoire,Normale,Deux véhicules - frontale,,,,,,,,,,,1,2,6,1,1
200600054057,0006-09-19 08:58:00,6,9,19,8,58,300,189,"75, TALABOT (BOULEVARD)",,,Plein jour,En agglomération,Hors intersection,Normale,Autre collision,,,,,,,,,,,1,2,1,1,6
200600054058,0006-09-19 12:08:00,6,9,19,12,8,300,189,"6, REPUBLIQUE (RUE)",,,Plein jour,En agglomération,Hors intersection,Normale,Trois véhicules et plus - collisions multiples,,,,,,,,,,,1,2,1,1,5
200600054059,0006-09-19 16:30:00,6,9,19,16,30,300,189,FRANCAIS LIBRES (BD),,,Plein jour,En agglomération,Giratoire,Normale,Deux véhicules - côté,,,,,,,,,,,1,2,6,1,3
200600054060,0006-09-20 14:15:00,6,9,20,14,15,300,189,"...., ALLENDE SALVADOR (",,,Plein jour,En agglomération,Hors intersection,Normale,Deux véhicules - arrière,,,,,,,,,,,1,2,1,1,2
200600054061,0006-09-21 08:07:00,6,9,21,8,7,300,189,BEAUCAIRE (ROUTE),,,Plein jour,En agglomération,Intersection en X,Normale,Deux véhicules - côté,,,,,,,,,,,1,2,2,1,3
200600054062,0006-09-21 09:12:00,6,9,21,9,12,300,189,"..., CADEREAU  (RUE)",,,Plein jour,En agglomération,Intersection en X,Normale,Autre collision,,,,,,,,,,,1,2,2,1,6
200600054063,0006-09-21 15:00:00,6,9,21,15,0,300,189,ALES (ROUTE),,,Plein jour,Hors agglomération,Hors intersection,Normale,Trois véhicules et plus - collisions multiples,,,,,,,,,,,1,1,1,1,5