accident_id,datetime,annee,mois,jour,heure,minute,departement,commune_insee,adresse,latitude,longitude,luminosite,agglomeration,intersection,meteo,collision,nb_vehicules,nb_usagers,nb_indemnes,nb_tues,nb_blesses_hosp,nb_blesses_legers,age_cond_1,age_cond_2,veh_type_cond_1,veh_type_cond_2,lum_code,agg_code,int_code,atm_code,col_code
200600054064,0006-09-21 16:42:00,6,9,21,16,42,300,189,"257, MAS DE CHEYLON",,,Plein jour,En agglomération,Hors intersection,Normale,Deux véhicules - côté,,,,,,,,,,,1,2,1,1,3
200600054065,0006-09-23 16:58:00,6,9,23,16,58,300,189,ALLENDE SALVADOR (RUE),,,Plein jour,En agglomération,Giratoire,Normale,Sans collision,,,,,,,,,,,1,2,6,1,7
200600054066,0006-09-23 21:10:00,6,9,23,21,10,300,189,KENNEDY (AVENUE),,,Nuit sans éclairage public,En agglomération,Hors intersection,Pluie légère,Autre collision,,,,,,,,,,,3,2,1,2,6
200600054067,0006-09-24 16:05:00,6,9,24,16,5,300,189,"., PONT DES ILES (CHEMIN",,,Plein jour,En agglomération,Hors intersection,Pluie légère,Autre collision,,,,,,,,,,,1,2,1,2,6
200600054068,0006-09-24 22:25:00,6,9,24,22,25,300,189,"..., JAURES JEAN (BOULEV",,,Nuit avec éclairage allumé,En agglomération,Intersection en X,Temps couvert,Deux véhicules - côté,,,,,,,,,,,5,2,2,8,3
200600054069,0006-09-26 18:20:00,6,9,26,18,20,300,189,"., TRIAIRE SERGENT (BOUL",,,Plein jour,En agglomération,Hors intersection,Normale,Autre collision,,,,,,,,,,,1,2,1,1,6
200600054070,0006-09-27 07:34:00,6,9,27,7,34,300,189,"53, FAITA VINCENT (RUE)",,,Plein jour,En agglomération,Hors intersection,Normale,Autre collision,,,,,,,,,,,1,2,1,1,6
200600054071,0006-09-27 13:42:00,6,9,27,13,42,300,189,"., MONTPELLIER (ROUTE DE",,,Plein jour,En agglomération,Intersection en X,Normale,Deux véhicules - côté,,,,,,,,,,,1,2,2,1,3
200600054072,0006-09-27 14:14:00,6,9,27,14,14,300,189,"., VALDEGOUR (IMPASSE OU",,,Plein jour,En agglomération,Intersection à plus de 4 branches,Normale,Trois véhicules et plus - collisions multiples,,,,,,,,,,,1,2,5,1,5
200600054073,0006-09-28 07:50:00,6,9,28,7,50,300,189,".., CENTRE LECLERC",,,Plein jour,En agglomération,Intersection en T,Normale,Deux véhicules - côté,,,,,,,,,,,1,2,3,1,3
200600054074,0006-09-28 15:20:00,6,9,28,15,20,300,189,"..., ALLENDE SALVADOR (R",,,Plein jour,En agglomération,Hors intersection,Normale,Autre collision,,,,,,,,,,,1,2,1,1,6
200600054075,0006-09-14 03:00:00,6,9,14,3,0,300,11,RD 6100,,,Nuit sans éclairage public,Hors agglomération,Hors intersection,Pluie légère,Autre collision,,,,,,,,,,,3,1,1,2,6
200600054076,0006-09-16 05:50:00,6,9,16,5,50,300,11,"0000000000, CD2",,,Nuit sans éclairage public,Hors agglomération,Hors intersection,Pluie forte,Deux véhicules - frontale,,,,,,,,,,,3,1,1,3,1
200600054077,0006-09-18 10:05:00,6,9,18,10,5,300,11,"0, PONANT RUE DU",,,Plein jour,Hors agglomération,Hors intersection,Normale,Sans collision,,,,,,,,,,,1,1,1,1,7
200600054078,0006-09-26 20:20:00,6,9,26,20,20,300,351,"85, GENERAL LECLERC AVEN",,,Nuit avec éclairage allumé,En agglomération,Hors intersection,Normale,Autre collision,,,,,,,,,,,5,2,1,1,6
200600054079,0006-09-29 21:35:00,6,9,29,21,35,300,351,"0, DE GAULLE AVENUE CHAR",,,Nuit avec éclairage allumé,En agglomération,Hors intersection,Normale,Deux véhicules - frontale,,,,,,,,,,,5,2,1,1,1
200600054080,0006-09-17 02:18:00,6,9,17,2,18,310,69,FIL D'ARIANE (RD902),,,Nuit avec éclairage allumé,Hors agglomération,Hors intersection,Normale,Sans collision,,,,,,,,,,,5,1,1,1,7
200600054081,0006-09-20 12:20:00,6,9,20,12,20,310,69,"1, PINS (AV DES)",,,Plein jour,En agglomération,Hors intersection,Normale,Deux véhicules - frontale,,,,,,,,,,,1,2,1,1,1
200600054082,0006-09-21 17:15:00,6,9,21,17,15,310,69,"126, GRENADE (ROUTE DE)",,,Plein jour,En agglomération,Hors intersection,Normale,Deux véhicules - côté,,,,,,,,,,,1,2,1,1,3
200600054083,0006-09-27 11:35:00,6,9,27,11,35,310,69,"55, GRENADE (ROUTE DE)",,,Plein jour,En agglomération,Hors intersection,Normale,Deux véhicules - arrière,,,,,,,,,,,1,2,1,1,2
200600054084,0006-09-28 06:49:00,6,9,28,6,49,310,69,"120, GRENADE (ROUTE DE)",,,Crépuscule ou aube,En agglomération,Hors intersection,Normale,Deux véhicules - frontale,,,,,,,,,,,2,2,1,1,1
200600054085,0006-09-08 16:05:00,6,9,8,16,5,310,149,"27/29, BOULEVARD VICTOR",,,Plein jour,En agglomération,Hors intersection,Normale,Deux véhicules - côté,,,,,,,,,,,1,2,1,1,3
200600054086,0006-09-11 14:20:00,6,9,11,14,20,310,149,SALVETAT (CHEMIN DE LA),,,Plein jour,Hors agglomération,Intersection en T,Normale,Deux véhicules - côté,,,,,,,,,,,1,1,3,1,3
200600054087,0006-09-13 12:10:00,6,9,13,12,10,310,149,ADER (AVENUE CLEMENT),,,Plein jour,Hors agglomération,Intersection en T,Normale,Deux véhicules - côté,,,,,,,,,,,1,1,3,1,3
200600054088,0006-09-13 14:30:00,6,9,13,14,30,310,555,BAYONNE (ROUTE DE ),,,Plein jour,En agglomération,Hors intersection,Normale,Deux véhicules - arrière,,,,,,,,,,,1,2,1,1,2
200600054089,0006-09-29 18:06:00,6,9,29,18,6,310,149,SAINT GRANIER (AVENUE DE,,,Plein jour,En agglomération,Hors intersection,Normale,Deux véhicules - côté,,,,,,,,,,,1,2,1,1,3
200600054090,0006-09-21 12:05:00,6,9,21,12,5,310,483,FRANCOIS MITTERAND ( AVE,,,Plein jour,En agglomération,Hors intersection,Normale,Deux véhicules - côté,,,,,,,,,,,1,2,1,1,3
200600054091,0006-09-23 09:40:00,6,9,23,9,40,310,565,AMPLE (CHEMIN),,,Plein jour,Hors agglomération,Intersection en T,Normale,Deux véhicules - côté,,,,,,,,,,,1,1,3,1,3
200600054092,0006-09-01 03:50:00,6,9,1,3,50,310,555,"999, AV DE LYON",,,Nuit avec éclairage allumé,En agglomération,Intersection en T,Normale,Deux véhicules - frontale,,,,,,,,,,,5,2,3,1,1
200600054093,0006-09-02 02:19:00,6,9,2,2,19,310,555,"999, PONT GUILHEMERY",,,Nuit avec éclairage allumé,En agglomération,Hors intersection,Normale,Autre collision,,,,,,,,,,,5,2,1,1,6
200600054094,0006-09-01 08:00:00,6,9,1,8,0,310,555,"63, BD PIERRE SEMARD",,,Plein jour,En agglomération,Hors intersection,Normale,Deux véhicules - côté,,,,,,,,,,,1,2,1,1,3
200600054095,0006-09-01 09:44:00,6,9,1,9,44,310,555,"999, BD DE STRASBOURG",,,Plein jour,En agglomération,Intersection en T,Normale,Autre collision,,,,,,,,,,,1,2,3,1,6
200600054096,0006-09-01 13:35:00,6,9,1,13,35,310,555,"999, AV DE LARDENNE",,,Plein jour,En agglomération,Intersection en X,Normale,Deux véhicules - côté,,,,,,,,,,,1,2,2,1,3
200600054097,0006-09-01 13:50:00,6,9,1,13,50,310,555,"15, CHE DE GABARDIE",,,Plein jour,En agglomération,Hors intersection,Normale,Autre collision,,,,,,,,,,,1,2,1,1,6
200600054098,0006-09-01 15:46:00,6,9,1,15,46,310,555,"02, RUE DU FAUBOURG BONN",,,Plein jour,En agglomération,Hors intersection,Normale,Autre collision,,,,,,,,,,,1,2,1,1,6
200600054099,0006-09-01 20:39:00,6,9,1,20,39,310,555,"999, RUE DES SEPT TROUBA",,,Nuit avec éclairage allumé,En agglomération,Intersection en X,Normale,Deux véhicules - arrière,,,,,,,,,,,5,2,2,1,2
200600054100,0006-09-02 01:20:00,6,9,2,1,20,310,555,"91, AV JULES JULIEN",,,Nuit avec éclairage allumé,En agglomération,Hors intersection,Normale,Autre collision,,,,,,,,,,,5,2,1,1,6
200600054101,0006-09-03 23:40:00,6,9,3,23,40,310,555,"21, RUE PRADAL",,,Nuit avec éclairage allumé,En agglomération,Hors intersection,Normale,Autre collision,,,,,,,,,,,5,2,1,1,6
200600054102,0006-09-03 00:20:00,6,9,3,0,20,310,555,"999, RUE D ALSACE LORRAI",,,Nuit avec éclairage allumé,En agglomération,Hors intersection,Normale,Deux véhicules - côté,,,,,,,,,,,5,2,1,1,3
200600054103,0006-09-04 09:00:00,6,9,4,9,0,310,555,"04, AV CAMILLE PUJOL",,,Plein jour,En agglomération,Hors intersection,Normale,Autre collision,,,,,,,,,,,1,2,1,1,6
200600054104,0006-09-04 12:15:00,6,9,4,12,15,310,555,"999, AV DE FONDEYRE",,,Plein jour,En agglomération,Intersection en X,Normale,Deux véhicules - frontale,,,,,,,,,,,1,2,2,1,1
200600054105,0006-09-04 12:47:00,6,9,4,12,47,310,555,"120, AV DE GRANDE BRETAG",,,Plein jour,En agglomération,Hors intersection,Normale,Trois véhicules et plus - en chaîne,,,,,,,,,,,1,2,1,1,4
200600054106,0006-09-04 14:48:00,6,9,4,14,48,310,555,"158, RUE DU FAUBOURG BON",,,Plein jour,En agglomération,Hors intersection,Normale,Deux véhicules - arrière,,,,,,,,,,,1,2,1,1,2
200600054107,0006-09-04 19:04:00,6,9,4,19,4,310,555,"14, RUE DE LA TOUR",,,Plein jour,En agglomération,Hors intersection,Normale,Autre collision,,,,,,,,,,,1,2,1,1,6
200600054108,0006-09-04 19:45:00,6,9,4,19,45,310,555,"999, CHE DE LA FLAMBERE",,,Plein jour,En agglomération,Intersection en T,Normale,Deux véhicules - frontale,,,,,,,,,,,1,2,3,1,1
200600054109,0006-09-04 09:20:00,6,9,4,9,20,310,555,"999, RTE D ESPAGNE",,,Plein jour,En agglomération,Hors intersection,Normale,Autre collision,,,,,,,,,,,1,2,1,1,6
200600054110,0006-09-05 11:45:00,6,9,5,11,45,310,555,"06, ALL FORAIN FRANCOIS",,,Plein jour,En agglomération,Hors intersection,Normale,Autre collision,,,,,,,,,,,1,2,1,1,6
200600054111,0006-09-05 15:55:00,6,9,5,15,55,310,555,"20, BD LASCROSSES",,,Plein jour,En agglomération,Hors intersection,Normale,Deux véhicules - côté,,,,,,,,,,,1,2,1,1,3
200600054112,0006-09-06 08:19:00,6,9,6,8,19,310,555,"13, GRANDE RUE SAINT MIC",,,Plein jour,En agglomération,Hors intersection,Normale,Autre collision,,,,,,,,,,,1,2,1,1,6
200600054113,0006-09-06 14:19:00,6,9,6,14,19,310,555,"999, AV DU GENERAL EISEN",,,Plein jour,En agglomération,Intersection en T,Normale,Autre collision,,,,,,,,,,,1,2,3,1,6
200600054114,0006-09-06 15:15:00,6,9,6,15,15,310,555,"999, R-PT CHARLES FABRE",,,Plein jour,En agglomération,Giratoire,Normale,Deux véhicules - côté,,,,,,,,,,,1,2,6,1,3
200600054115,0006-09-06 16:15:00,6,9,6,16,15,310,555,"07, RUE ANTOINE DEVILLE",,,Plein jour,En agglomération,Hors intersection,Normale,Autre collision,,,,,,,,,,,1,2,1,1,6
200600054116,0006-09-07 08:55:00,6,9,7,8,55,310,555,"999, AV DE GRANDE BRETAG",,,Plein jour,En agglomération,Intersection en T,Normale,Deux véhicules - côté,,,,,,,,,,,1,2,3,1,3
200600054117,0006-09-07 18:34:00,6,9,7,18,34,310,555,VA007342 LA CEPIERE  A62,,,Plein jour,Hors agglomération,Hors intersection,Normale,Deux véhicules - arrière,,,,,,,,,,,1,1,1,1,2
200600054118,0006-09-08 14:00:00,6,9,8,14,0,310,555,"328, RTE DE SAINT SIMON",,,Plein jour,En agglomération,Hors intersection,Normale,Trois véhicules et plus - en chaîne,,,,,,,,,,,1,2,1,1,4
200600054119,0006-09-08 16:15:00,6,9,8,16,15,310,555,"999, RUE DE LALANDE",,,Plein jour,En agglomération,Hors intersection,Normale,Deux véhicules - côté,,,,,,,,,,,1,2,1,1,3
200600054120,0006-09-08 18:10:00,6,9,8,18,10,310,555,"999, AV DU MIRAIL",,,Plein jour,En agglomération,Hors intersection,Normale,Autre collision,,,,,,,,,,,1,2,1,1,6
200600054121,0006-09-09 09:35:00,6,9,9,9,35,310,555,"75, BD MATABIAU",,,Plein jour,En agglomération,Hors intersection,Normale,Autre collision,,,,,,,,,,,1,2,1,1,6
200600054122,0006-09-09 17:32:00,6,9,9,17,32,310,555,"999, BD DE LA MARQUETTE",,,Plein jour,En agglomération,Hors intersection,Normale,Autre collision,,,,,,,,,,,1,2,1,1,6
200600054123,0006-09-10 18:45:00,6,9,10,18,45,310,555,"48, AV DES MINIMES",,,Plein jour,En agglomération,Hors intersection,Normale,Deux véhicules - arrière,,,,,,,,,,,1,2,1,1,2
200600054124,0006-09-10 19:15:00,6,9,10,19,15,310,555,"17, BD LAZARE CARNOT",,,Plein jour,En agglomération,Hors intersection,Normale,Autre collision,,,,,,,,,,,1,2,1,1,6
200600054125,0006-09-11 12:15:00,6,9,11,12,15,310,555,"145, RUE HENRI DESBALS",,,Plein jour,En agglomération,Hors intersection,Normale,Trois véhicules et plus - en chaîne,,,,,,,,,,,1,2,1,1,4
200600054126,0006-09-11 15:22:00,6,9,11,15,22,310,555,"999, RUE SAINT HUBERT",,,Plein jour,En agglomération,Intersection en X,Normale,Deux véhicules - côté,,,,,,,,,,,1,2,2,1,3
200600054127,0006-09-09 10:10:00,6,9,9,10,10,310,555,"52, AV JEAN RIEUX",,,Plein jour,En agglomération,Hors intersection,Normale,Autre collision,,,,,,,,,,,1,2,1,1,6
200600054128,0006-09-12 06:50:00,6,9,12,6,50,310,555,"999, AV LOUIS BAZERQUE",,,Nuit avec éclairage allumé,En agglomération,Hors intersection,Normale,Sans collision,,,,,,,,,,,5,2,1,1,7
200600054129,0006-09-12 07:30:00,6,9,12,7,30,310,555,VA008482 A624,,,Crépuscule ou aube,Hors agglomération,Hors intersection,Normale,Deux véhicules - arrière,,,,,,,,,,,2,1,1,1,2
200600054130,0006-09-13 08:35:00,6,9,13,8,35,310,555,"08, RUE LAGANNE",,,Plein jour,En agglomération,Hors intersection,Normale,Deux véhicules - côté,,,,,,,,,,,1,2,1,1,3
200600054131,0006-09-13 17:14:00,6,9,13,17,14,310,555,"58, BD DES MINIMES",,,Plein jour,En agglomération,Hors intersection,Normale,Autre collision,,,,,,,,,,,1,2,1,1,6
200600054132,0006-09-13 17:27:00,6,9,13,17,27,310,555,"84, BD SILVIO TRENTIN",,,Plein jour,En agglomération,Hors intersection,Normale,Sans collision,,,,,,,,,,,1,2,1,1,7
200600054133,0006-09-14 11:00:00,6,9,14,11,0,310,555,"999, AV ALBERT BEDOUCE",,,Plein jour,En agglomération,Intersection en X,Normale,Autre collision,,,,,,,,,,,1,2,2,1,6
200600054134,0006-09-14 18:10:00,6,9,14,18,10,310,555,"01, BD LASCROSSES",,,Plein jour,En agglomération,Hors intersection,Pluie forte,Autre collision,,,,,,,,,,,1,2,1,3,6
200600054135,0006-09-14 18:15:00,6,9,14,18,15,310,555,"999, RUE DES MYOSOTIS",,,Plein jour,En agglomération,Intersection en X,Pluie forte,Deux véhicules - côté,,,,,,,,,,,1,2,2,3,3
200600054136,0006-09-14 19:55:00,6,9,14,19,55,310,555,VA007456 SESQUIERES A620,,,Nuit avec éclairage allumé,Hors agglomération,Hors intersection,Pluie forte,Trois véhicules et plus - en chaîne,,,,,,,,,,,5,1,1,3,4
200600054137,0006-09-15 13:55:00,6,9,15,13,55,310,555,"999, BD DES CRETES",,,Plein jour,En agglomération,Hors intersection,Pluie légère,Sans collision,,,,,,,,,,,1,2,1,2,7
200600054138,0006-09-15 14:20:00,6,9,15,14,20,310,555,"999, BD DE LA MEDITERRAN",,,Plein jour,En agglomération,Hors intersection,Normale,Deux véhicules - frontale,,,,,,,,,,,1,2,1,1,1
200600054139,0006-09-15 16:25:00,6,9,15,16,25,310,555,VA007379 BAYLAC  A624 So,,,Plein jour,Hors agglomération,Hors intersection,Temps couvert,Deux véhicules - arrière,,,,,,,,,,,1,1,1,8,2
200600054140,0006-09-16 09:39:00,6,9,16,9,39,310,555,VA008432 LANGLADE A620 S,,,Plein jour,En agglomération,Hors intersection,Pluie forte,Deux véhicules - arrière,,,,,,,,,,,1,2,1,3,2
200600054141,0006-09-16 21:15:00,6,9,16,21,15,310,555,"71, RUE ARISTIDE MAILLOL",,,Nuit avec éclairage allumé,En agglomération,Hors intersection,Pluie légère,Autre collision,,,,,,,,,,,5,2,1,2,6
200600054142,0006-09-16 23:15:00,6,9,16,23,15,310,555,"81, ALL CHARLES DE FITTE",,,Nuit avec éclairage allumé,En agglomération,Hors intersection,Pluie légère,Sans collision,,,,,,,,,,,5,2,1,2,7
200600054143,0006-09-17 01:45:00,6,9,17,1,45,310,555,VA007440 LES MINIMES A62,,,Nuit avec éclairage allumé,Hors agglomération,Hors intersection,Pluie légère,Deux véhicules - arrière,,,,,,,,,,,5,1,1,2,2
200600054144,0006-09-17 03:10:00,6,9,17,3,10,310,555,VA007355 PURPAN A620 Sor,,,Nuit avec éclairage allumé,Hors agglomération,Hors intersection,Pluie légère,Sans collision,,,,,,,,,,,5,1,1,2,7
200600054145,0006-09-17 06:40:00,6,9,17,6,40,310,555,VA007644 EMPALOT A620 So,,,Crépuscule ou aube,Hors agglomération,Hors intersection,Normale,Autre collision,,,,,,,,,,,2,1,1,1,6
200600054146,0006-09-17 07:10:00,6,9,17,7,10,310,555,"35, BD GRIFFOUL DORVAL",,,Crépuscule ou aube,En agglomération,Hors intersection,Pluie légère,Autre collision,,,,,,,,,,,2,2,1,2,6
200600054147,0006-09-18 14:50:00,6,9,18,14,50,310,555,"999, AV ALBERT BEDOUCE",,,Plein jour,En agglomération,Intersection en X,Normale,Autre collision,,,,,,,,,,,1,2,2,1,6
200600054148,0006-09-16 02:40:00,6,9,16,2,40,310,555,"999, AV DE REYNERIE",,,Nuit avec éclairage allumé,En agglomération,Hors intersection,Pluie légère,Deux véhicules - côté,,,,,,,,,,,5,2,1,2,3
200600054149,0006-09-19 07:20:00,6,9,19,7,20,310,555,"999, PONT SAINT PIERRE",,,Plein jour,En agglomération,Hors intersection,Normale,Trois véhicules et plus - en chaîne,,,,,,,,,,,1,2,1,1,4
200600054150,0006-09-19 17:11:00,6,9,19,17,11,310,555,"16, RUE DE SEBASTOPOL",,,Plein jour,En agglomération,Hors intersection,Normale,Deux véhicules - arrière,,,,,,,,,,,1,2,1,1,2
200600054151,0006-09-19 18:15:00,6,9,19,18,15,310,555,VA007333 LA FAOURETTE A6,,,Plein jour,Hors agglomération,Hors intersection,Normale,Trois véhicules et plus - en chaîne,,,,,,,,,,,1,1,1,1,4
200600054152,0006-09-20 09:48:00,6,9,20,9,48,310,555,"58, ALL DE BELLEFONTAINE",,,Plein jour,En agglomération,Hors intersection,Normale,Autre collision,,,,,,,,,,,1,2,1,1,6
200600054153,0006-09-20 19:15:00,6,9,20,19,15,310,555,PL ROUAIX,,,Plein jour,En agglomération,Intersection en X,Normale,Deux véhicules - côté,,,,,,,,,,,1,2,2,1,3
200600054154,0006-09-21 08:20:00,6,9,21,8,20,310,555,"110, AV DES MINIMES",,,Plein jour,En agglomération,Hors intersection,Normale,Autre collision,,,,,,,,,,,1,2,1,1,6
200600054155,0006-09-21 08:25:00,6,9,21,8,25,310,555,"43, RUE DE METZ",,,Plein jour,En agglomération,Hors intersection,Normale,Autre collision,,,,,,,,,,,1,2,1,1,6
200600054156,0006-09-21 15:10:00,6,9,21,15,10,310,555,"17, BD D ARCOLE",,,Plein jour,En agglomération,Hors intersection,Normale,Autre collision,,,,,,,,,,,1,2,1,1,6
200600054157,0006-09-21 19:55:00,6,9,21,19,55,310,555,"264, AV DE FRONTON",,,Plein jour,En agglomération,Hors intersection,Vent fort / tempête,Autre collision,,,,,,,,,,,1,2,1,6,6
200600054158,0006-09-23 13:20:00,6,9,23,13,20,310,555,RTE DE SAINT SIMON,,,Plein jour,En agglomération,Giratoire,Normale,Deux véhicules - côté,,,,,,,,,,,1,2,6,1,3
200600054159,0006-09-24 11:30:00,6,9,24,11,30,310,555,IMP DU BACHAGA BOUALAM,,,Plein jour,En agglomération,Hors intersection,Normale,Autre collision,,,,,,,,,,,1,2,1,1,6
200600054160,0006-09-22 08:00:00,6,9,22,8,0,310,555,"286, AV DE GRANDE BRETAG",,,Crépuscule ou aube,En agglomération,Hors intersection,Pluie légère,Trois véhicules et plus - en chaîne,,,,,,,,,,,2,2,1,2,4
200600054161,0006-09-22 18:40:00,6,9,22,18,40,310,555,"7, BD DE THIBAUD",,,Plein jour,En agglomération,Hors intersection,Pluie légère,Deux véhicules - côté,,,,,,,,,,,1,2,1,2,3
200600054162,0006-09-23 05:20:00,6,9,23,5,20,310,555,"999, RTE DE SAINT SIMON",,,Nuit avec éclairage allumé,En agglomération,Hors intersection,Normale,Autre collision,,,,,,,,,,,5,2,1,1,6
200600054163,0006-09-23 07:20:00,6,9,23,7,20,310,555,"999, BD DU MARECHAL JUIN",,,Crépuscule ou aube,En agglomération,Intersection en T,Normale,Deux véhicules - côté,,,,,,,,,,,2,2,3,1,3
200600054164,0006-09-23 15:00:00,6,9,23,15,0,310,555,VA007518 A68,,,Plein jour,Hors agglomération,Hors intersection,Pluie légère,Autre collision,,,,,,,,,,,1,1,1,2,6
200600054165,0006-09-20 19:20:00,6,9,20,19,20,310,555,", RUE JEAN BAPTISTE NOUL",,,Plein jour,En agglomération,Intersection en T,Normale,Autre collision,,,,,,,,,,,1,2,3,1,6
200600054166,0006-09-20 19:30:00,6,9,20,19,30,310,555,VA007598 LESPINET A620 S,,,Plein jour,Hors agglomération,Hors intersection,Normale,Trois véhicules et plus - en chaîne,,,,,,,,,,,1,1,1,1,4
200600054167,0006-09-20 07:45:00,6,9,20,7,45,310,555,"999, RUE BOIELDIEU",,,Plein jour,En agglomération,Intersection en T,Normale,Deux véhicules - côté,,,,,,,,,,,1,2,3,1,3
200600054168,0006-09-25 10:55:00,6,9,25,10,55,310,555,"345, AV DE LARDENNE",,,Plein jour,En agglomération,Hors intersection,Normale,Deux véhicules - arrière,,,,,,,,,,,1,2,1,1,2
200600054169,0006-09-25 11:15:00,6,9,25,11,15,310,555,"215, RTE DE SEYSSES",,,Plein jour,En agglomération,Hors intersection,Normale,Deux véhicules - arrière,,,,,,,,,,,1,2,1,1,2
200600054170,0006-09-26 08:50:00,6,9,26,8,50,310,555,"999, AV YVES BRUNAUD",,,Plein jour,En agglomération,Intersection en T,Normale,Deux véhicules - côté,,,,,,,,,,,1,2,3,1,3
200600054171,0006-09-26 11:50:00,6,9,26,11,50,310,555,"51, BD LASCROSSES",,,Plein jour,En agglomération,Hors intersection,Normale,Deux véhicules - côté,,,,,,,,,,,1,2,1,1,3
200600054172,0006-09-26 19:00:00,6,9,26,19,0,310,555,"999, BD LASCROSSES",,,Plein jour,En agglomération,Hors intersection,Normale,Trois véhicules et plus - en chaîne,,,,,,,,,,,1,2,1,1,4
200600054173,0006-09-27 01:20:00,6,9,27,1,20,310,555,"999, RTE D ALBI",,,Nuit avec éclairage allumé,En agglomération,Hors intersection,Normale,Deux véhicules - arrière,,,,,,,,,,,5,2,1,1,2
200600054174,0006-09-27 11:20:00,6,9,27,11,20,310,555,VA008482 A624,,,Plein jour,Hors agglomération,Hors intersection,Normale,Autre collision,,,,,,,,,,,1,1,1,1,6
200600054175,0006-09-28 03:05:00,6,9,28,3,5,310,555,"999, AV DIDIER DAURAT PR",,,Nuit avec éclairage non allumé,En agglomération,Hors intersection,Normale,Sans collision,,,,,,,,,,,4,2,1,1,7
200600054176,0006-09-29 04:50:00,6,9,29,4,50,310,555,"101, RTE DE REVEL",,,Nuit avec éclairage allumé,En agglomération,Hors intersection,Normale,Autre collision,,,,,,,,,,,5,2,1,1,6
200600054177,0006-09-28 08:15:00,6,9,28,8,15,310,555,VA007500 CROIX DAURADE A,,,Plein jour,Hors agglomération,Hors intersection,Normale,Deux véhicules - côté,,,,,,,,,,,1,1,1,1,3
200600054178,0006-09-28 10:00:00,6,9,28,10,0,310,555,"999, PL NICOLAS BACHELIE",,,Plein jour,En agglomération,Intersection en T,Normale,Deux véhicules - côté,,,,,,,,,,,1,2,3,1,3
200600054179,0006-09-28 12:05:00,6,9,28,12,5,310,555,"16, AV DIDIER DAURAT",,,Plein jour,En agglomération,Hors intersection,Normale,Deux véhicules - arrière,,,,,,,,,,,1,2,1,1,2
200600054180,0006-09-28 13:00:00,6,9,28,13,0,310,555,"26, AV CAMILLE PUJOL",,,Plein jour,En agglomération,Hors intersection,Normale,Autre collision,,,,,,,,,,,1,2,1,1,6
200600054181,0006-09-28 14:40:00,6,9,28,14,40,310,555,"999, BD DE LA MARQUETTE",,,Plein jour,En agglomération,Hors intersection,Normale,Autre collision,,,,,,,,,,,1,2,1,1,6
200600054182,0006-09-28 15:25:00,6,9,28,15,25,310,555,"137, RUE LOUIS PLANA",,,Plein jour,En agglomération,Hors intersection,Normale,Deux véhicules - côté,,,,,,,,,,,1,2,1,1,3
200600054183,0006-09-28 16:40:00,6,9,28,16,40,310,555,"63, BD DE STRASBOURG",,,Plein jour,En agglomération,Hors intersection,Normale,Autre collision,,,,,,,,,,,1,2,1,1,6
200600054184,0006-09-29 14:35:00,6,9,29,14,35,310,555,"66, RUE DU FAUBOURG BONN",,,Plein jour,En agglomération,Hors intersection,Normale,Deux véhicules - côté,,,,,,,,,,,1,2,1,1,3
200600054185,0006-09-29 15:30:00,6,9,29,15,30,310,555,"999, AV DE LARDENNE",,,Plein jour,En agglomération,Hors intersection,Normale,Deux véhicules - côté,,,,,,,,,,,1,2,1,1,3
200600054186,0006-09-29 19:05:00,6,9,29,19,5,310,555,VA007331 A620,,,Plein jour,Hors agglomération,Hors intersection,Normale,Deux véhicules - arrière,,,,,,,,,,,1,1,1,1,2
200600054187,0006-09-29 19:55:00,6,9,29,19,55,310,555,"999, RUE DES CHALETS",,,Crépuscule ou aube,En agglomération,Hors intersection,Normale,Deux véhicules - côté,,,,,,,,,,,2,2,1,1,3
200600054188,0006-09-29 23:50:00,6,9,29,23,50,310,555,"45, BD DE THIBAUD",,,Nuit avec éclairage allumé,En agglomération,Hors intersection,Normale,Autre collision,,,,,,,,,,,5,2,1,1,6
200600054189,0006-09-30 17:05:00,6,9,30,17,5,310,555,"999, AV DE REYNERIE",,,Plein jour,En agglomération,Hors intersection,Normale,Deux véhicules - frontale,,,,,,,,,,,1,2,1,1,1
200600054190,0006-09-24 15:31:00,6,9,24,15,31,310,555,"999, BD DU MARECHAL JUIN",,,Plein jour,En agglomération,Intersection en T,Normale,Deux véhicules - côté,,,,,,,,,,,1,2,3,1,3
200600054191,0006-09-05 08:10:00,6,9,5,8,10,310,557,", MARQUISAT (AV DU)",,,Plein jour,En agglomération,Hors intersection,Normale,Deux véhicules - côté,,,,,,,,,,,1,2,1,1,3
200600054192,0006-09-06 16:20:00,6,9,6,16,20,310,557,"129, DOUMERGUE (RUE GAST",,,Plein jour,En agglomération,Hors intersection,Normale,Trois véhicules et plus - en chaîne,,,,,,,,,,,1,2,1,1,4
200600054193,0006-09-27 16:50:00,6,9,27,16,50,310,557,LECLERC (AV DU MARECHAL),,,Plein jour,En agglomération,Intersection en X,Normale,Deux véhicules - côté,,,,,,,,,,,1,2,2,1,3
200600054194,0006-09-09 10:15:00,6,9,9,10,15,320,13,CORPS FRANC POMMIES (AVE,,,Plein jour,En agglomération,Intersection en T,Normale,Autre collision,,,,,,,,,,,1,2,3,1,6