accident_id,datetime,annee,mois,jour,heure,minute,departement,commune_insee,adresse,latitude,longitude,luminosite,agglomeration,intersection,meteo,collision,nb_vehicules,nb_usagers,nb_indemnes,nb_tues,nb_blesses_hosp,nb_blesses_legers,age_cond_1,age_cond_2,veh_type_cond_1,veh_type_cond_2,lum_code,agg_code,int_code,atm_code,col_code
200600054594,0006-09-26 17:45:00,6,9,26,17,45,440,55,"29, AMÉTHYSTES ( AVENUE",,,Plein jour,En agglomération,Hors intersection,Normale,Autre collision,,,,,,,,,,,1,2,1,1,6
200600054595,0006-09-26 10:55:00,6,9,26,10,55,440,135,"1, LECLERC ( RUE DU MARÉ",,,Plein jour,En agglomération,Hors intersection,Normale,Autre collision,,,,,,,,,,,1,2,1,1,6
200600054596,0006-09-01 14:25:00,6,9,1,14,25,440,109,RUE DES PLANTES,,,Plein jour,En agglomération,Intersection en X,Normale,Deux véhicules - côté,,,,,,,,,,,1,2,2,1,3
200600054597,0006-09-01 18:15:00,6,9,1,18,15,440,109,RUE FELIX FAURE,,,Plein jour,En agglomération,Hors intersection,Normale,Deux véhicules - arrière,,,,,,,,,,,1,2,1,1,2
200600054598,0006-09-02 08:25:00,6,9,2,8,25,440,114,"00, ROUTE DE RENNES",,,Plein jour,En agglomération,Giratoire,Normale,Sans collision,,,,,,,,,,,1,2,6,1,7
200600054599,0006-09-04 17:45:00,6,9,4,17,45,440,109,"., PONT GENERAL DE LA MO",,,Plein jour,En agglomération,Intersection en X,Normale,Deux véhicules - côté,,,,,,,,,,,1,2,2,1,3
200600054600,0006-09-07 10:00:00,6,9,7,10,0,440,109,"1, ROUTE PERIPH S-O",,,Plein jour,En agglomération,Hors intersection,Normale,Autre collision,,,,,,,,,,,1,2,1,1,6
200600054601,0006-09-06 14:40:00,6,9,6,14,40,440,109,BOULEVARD DE LA LIBERTE,,,Plein jour,En agglomération,Hors intersection,Normale,Autre collision,,,,,,,,,,,1,2,1,1,6
200600054602,0006-09-07 15:30:00,6,9,7,15,30,440,109,ALLEE DE LA CIVELIERE,,,Plein jour,En agglomération,Intersection en X,Normale,Autre collision,,,,,,,,,,,1,2,2,1,6
200600054603,0006-09-07 17:20:00,6,9,7,17,20,440,109,BOULEVARD DES ANGLAIS,,,Plein jour,En agglomération,Intersection en T,Normale,Autre collision,,,,,,,,,,,1,2,3,1,6
200600054604,0006-09-09 09:45:00,6,9,9,9,45,440,109,QUAI ERNEST RENAUD,,,Plein jour,En agglomération,Giratoire,Normale,Deux véhicules - côté,,,,,,,,,,,1,2,6,1,3
200600054605,0006-09-10 15:10:00,6,9,10,15,10,440,109,BOULEVARD ALEXANDER FLEM,,,Plein jour,En agglomération,Hors intersection,Normale,Deux véhicules - côté,,,,,,,,,,,1,2,1,1,3
200600054606,0006-09-10 17:55:00,6,9,10,17,55,440,109,"24 BIS, RUE JEAN JULIEN",,,Plein jour,En agglomération,Hors intersection,Normale,Sans collision,,,,,,,,,,,1,2,1,1,7
200600054607,0006-09-10 21:45:00,6,9,10,21,45,440,109,"13, BOULEVARD GEORGES MA",,,Nuit avec éclairage non allumé,En agglomération,Hors intersection,Normale,Deux véhicules - arrière,,,,,,,,,,,4,2,1,1,2
200600054608,0006-09-11 10:25:00,6,9,11,10,25,440,109,"00, RUE PAUL PAINLEVE",,,Plein jour,En agglomération,Giratoire,Normale,Deux véhicules - côté,,,,,,,,,,,1,2,6,1,3
200600054609,0006-09-11 15:35:00,6,9,11,15,35,440,109,"49, RUE DESAIX",,,Plein jour,En agglomération,Hors intersection,Pluie légère,Autre collision,,,,,,,,,,,1,2,1,2,6
200600054610,0006-09-04 07:00:00,6,9,4,7,0,440,109,"90, RUE DE LA MONTAGNE",,,Crépuscule ou aube,En agglomération,Hors intersection,Normale,Autre collision,,,,,,,,,,,2,2,1,1,6
200600054611,0006-09-12 16:40:00,6,9,12,16,40,440,143,BLORDIERE (RUE DE LA),,,Plein jour,En agglomération,Hors intersection,Normale,Autre collision,,,,,,,,,,,1,2,1,1,6
200600054612,0006-09-12 17:00:00,6,9,12,17,0,440,109,BOULEVARD GUSTAVE ROCH,,,Plein jour,En agglomération,Intersection en X,Normale,Deux véhicules - côté,,,,,,,,,,,1,2,2,1,3
200600054613,0006-09-14 02:10:00,6,9,14,2,10,440,109,"0, PONT GENERAL AUDIBERT",,,Nuit avec éclairage allumé,En agglomération,Hors intersection,Pluie légère,Sans collision,,,,,,,,,,,5,2,1,2,7
200600054614,0006-09-14 15:35:00,6,9,14,15,35,440,109,"13, QUAI DE MALAKOFF",,,Plein jour,En agglomération,Hors intersection,Normale,Sans collision,,,,,,,,,,,1,2,1,1,7
200600054615,0006-09-12 17:01:00,6,9,12,17,1,440,109,BOULEVARD JULES VERNE,,,Plein jour,En agglomération,Hors intersection,Normale,Autre collision,,,,,,,,,,,1,2,1,1,6
200600054616,0006-09-10 17:20:00,6,9,10,17,20,440,109,RUE DE LA CONTRIE,,,Plein jour,En agglomération,Hors intersection,Autre,Autre collision,,,,,,,,,,,1,2,1,9,6
200600054617,0006-09-15 10:50:00,6,9,15,10,50,440,109,"., BOULEVARD ROBERT SCHU",,,Plein jour,En agglomération,Intersection en T,Pluie légère,Deux véhicules - côté,,,,,,,,,,,1,2,3,2,3
200600054618,0006-09-15 15:40:00,6,9,15,15,40,440,109,"69, BOULEVARD JULES VERN",,,Plein jour,En agglomération,Hors intersection,Pluie légère,Autre collision,,,,,,,,,,,1,2,1,2,6
200600054619,0006-09-16 05:55:00,6,9,16,5,55,440,109,BOULEVARD PROFESSEUR JAC,,,Nuit avec éclairage allumé,En agglomération,Hors intersection,Pluie légère,Autre collision,,,,,,,,,,,5,2,1,2,6
200600054620,0006-09-18 18:00:00,6,9,18,18,0,440,109,"16, BOULEVARD GABRIEL LA",,,Plein jour,En agglomération,Intersection en X,Normale,Deux véhicules - côté,,,,,,,,,,,1,2,2,1,3
200600054621,0006-09-13 13:00:00,6,9,13,13,0,440,109,RUE DU BOIS HERCE,,,Plein jour,En agglomération,Hors intersection,Normale,Autre collision,,,,,,,,,,,1,2,1,1,6
200600054622,0006-09-19 10:30:00,6,9,19,10,30,440,190,"06, RUE DES LYS",,,Plein jour,En agglomération,Hors intersection,Normale,Autre collision,,,,,,,,,,,1,2,1,1,6
200600054623,0006-09-19 12:35:00,6,9,19,12,35,440,143,PERIPHERIQUE,,,Plein jour,Hors agglomération,Hors intersection,Normale,Trois véhicules et plus - en chaîne,,,,,,,,,,,1,1,1,1,4
200600054624,0006-09-19 12:30:00,6,9,19,12,30,440,109,", RUE GENERAL BUAT",,,Plein jour,En agglomération,Hors intersection,Normale,Autre collision,,,,,,,,,,,1,2,1,1,6
200600054625,0006-09-20 17:05:00,6,9,20,17,5,440,109,BOULEVARD MICHELET,,,Plein jour,En agglomération,Hors intersection,Normale,Autre collision,,,,,,,,,,,1,2,1,1,6
200600054626,0006-09-20 18:00:00,6,9,20,18,0,440,109,"23, RUE DE VERDUN",,,Plein jour,En agglomération,Hors intersection,Normale,Autre collision,,,,,,,,,,,1,2,1,1,6
200600054627,0006-09-21 08:40:00,6,9,21,8,40,440,109,ROUTE DE RENNES,,,Plein jour,En agglomération,Hors intersection,Normale,Deux véhicules - côté,,,,,,,,,,,1,2,1,1,3
200600054628,0006-09-21 13:25:00,6,9,21,13,25,440,109,"15, RUE GUILLAUME GROOTA",,,Plein jour,En agglomération,Hors intersection,Normale,Autre collision,,,,,,,,,,,1,2,1,1,6
200600054629,0006-09-22 08:35:00,6,9,22,8,35,440,109,ROUTE DE SAINT JOSEPH,,,Plein jour,En agglomération,Hors intersection,Pluie légère,Deux véhicules - côté,,,,,,,,,,,1,2,1,2,3
200600054630,0006-09-21 12:53:00,6,9,21,12,53,440,109,"00, RUE CHEVREUL",,,Plein jour,En agglomération,Hors intersection,Normale,Deux véhicules - côté,,,,,,,,,,,1,2,1,1,3
200600054631,0006-09-22 19:00:00,6,9,22,19,0,440,109,"00, RUE CHEVREUL",,,Plein jour,En agglomération,Hors intersection,Normale,Autre collision,,,,,,,,,,,1,2,1,1,6
200600054632,0006-09-22 17:10:00,6,9,22,17,10,440,109,RUE MEURIS,,,Plein jour,En agglomération,Intersection en X,Normale,Autre collision,,,,,,,,,,,1,2,2,1,6
200600054633,0006-09-23 22:10:00,6,9,23,22,10,440,109,RUE D'ALGER,,,Nuit avec éclairage allumé,En agglomération,Intersection en X,Normale,Deux véhicules - côté,,,,,,,,,,,5,2,2,1,3
200600054634,0006-09-22 11:45:00,6,9,22,11,45,440,109,BOULEVARD GENERAL DE GAU,,,Plein jour,En agglomération,Intersection en T,Normale,Deux véhicules - côté,,,,,,,,,,,1,2,3,1,3
200600054635,0006-09-25 16:40:00,6,9,25,16,40,440,109,"1, PONT ANNE DE BRETAGNE",,,Plein jour,En agglomération,Hors intersection,Normale,Trois véhicules et plus - collisions multiples,,,,,,,,,,,1,2,1,1,5
200600054636,0006-09-25 14:40:00,6,9,25,14,40,440,143,VERTOU ( PORTE PERIPH EX,,,Plein jour,Hors agglomération,Hors intersection,Normale,Autre collision,,,,,,,,,,,1,1,1,1,6
200600054637,0006-09-22 20:30:00,6,9,22,20,30,440,109,"0, PLACE DE LA PETITE HO",,,Crépuscule ou aube,Hors agglomération,Hors intersection,Autre,Sans collision,,,,,,,,,,,2,1,1,9,7
200600054638,0006-09-20 15:42:00,6,9,20,15,42,440,109,", ALLEE DE LA BOURSE",,,Plein jour,En agglomération,Hors intersection,Normale,Autre collision,,,,,,,,,,,1,2,1,1,6
200600054639,0006-09-13 18:20:00,6,9,13,18,20,440,109,BOULEVARD DE LA PRAIRIE,,,Crépuscule ou aube,En agglomération,Hors intersection,Pluie légère,Deux véhicules - côté,,,,,,,,,,,2,2,1,2,3
200600054640,0006-09-26 09:15:00,6,9,26,9,15,440,114,RN 137,,,Plein jour,Hors agglomération,Autre intersection,Normale,Sans collision,,,,,,,,,,,1,1,9,1,7
200600054641,0006-09-27 08:10:00,6,9,27,8,10,440,109,ROUTE DE SAINT JOSEPH,,,Plein jour,En agglomération,Intersection en X,Normale,Autre collision,,,,,,,,,,,1,2,2,1,6
200600054642,0006-09-26 17:30:00,6,9,26,17,30,440,190,"22, RUE DU BOIS D'ANJOU",,,Plein jour,En agglomération,Hors intersection,Normale,Autre collision,,,,,,,,,,,1,2,1,1,6
200600054643,0006-09-28 14:45:00,6,9,28,14,45,440,109,"102, BOULEVARD JULES VER",,,Plein jour,Hors agglomération,Intersection en T,Normale,Autre collision,,,,,,,,,,,1,1,3,1,6
200600054644,0006-09-30 16:00:00,6,9,30,16,0,440,109,"312, ROUTE DE SAINTE LUC",,,Plein jour,Hors agglomération,Hors intersection,Pluie légère,Deux véhicules - arrière,,,,,,,,,,,1,1,1,2,2
200600054645,0006-09-30 19:00:00,6,9,30,19,0,440,109,"20, RUE FELIX FAURE",,,Plein jour,En agglomération,Hors intersection,Pluie légère,Deux véhicules - arrière,,,,,,,,,,,1,2,1,2,2
200600054646,0006-09-30 22:30:00,6,9,30,22,30,440,109,"1, BOULEVARD ALEXANDER F",,,Nuit avec éclairage allumé,En agglomération,Hors intersection,Normale,Sans collision,,,,,,,,,,,5,2,1,1,7
200600054647,0006-09-30 13:10:00,6,9,30,13,10,440,109,RUE DOCTEUR JULES SEBILL,,,Plein jour,En agglomération,Hors intersection,Normale,Autre collision,,,,,,,,,,,1,2,1,1,6
200600054648,0006-09-30 00:30:00,6,9,30,0,30,440,109,"., ROUTE DE PARIS",,,Nuit avec éclairage allumé,Hors agglomération,Intersection en X,Normale,Deux véhicules - côté,,,,,,,,,,,5,1,2,1,3
200600054649,0006-09-04 22:10:00,6,9,4,22,10,440,184,MITTERRAND (AVENUE FRANÇ,,,Nuit avec éclairage allumé,En agglomération,Hors intersection,Normale,Sans collision,,,,,,,,,,,5,2,1,1,7
200600054650,0006-09-07 10:00:00,6,9,7,10,0,440,184,OCÉANIS (ROND-POINT),,,Plein jour,En agglomération,Hors intersection,Normale,Deux véhicules - côté,,,,,,,,,,,1,2,1,1,3
200600054651,0006-09-07 19:00:00,6,9,7,19,0,440,184,"1, BOUGAINVILLE (BOULEVA",,,Plein jour,En agglomération,Hors intersection,Normale,Deux véhicules - arrière,,,,,,,,,,,1,2,1,1,2
200600054652,0006-09-09 15:02:00,6,9,9,15,2,440,184,"34, JAURES (RUE JEAN) DU",,,Plein jour,En agglomération,Hors intersection,Normale,Sans collision,,,,,,,,,,,1,2,1,1,7
200600054653,0006-09-10 16:20:00,6,9,10,16,20,440,184,ALBERT I (BOULEVARD) DU,,,Plein jour,En agglomération,Intersection en T,Normale,Deux véhicules - côté,,,,,,,,,,,1,2,3,1,3
200600054654,0006-09-11 16:25:00,6,9,11,16,25,440,184,"1, HALLES (RUE DES) DU 0",,,Plein jour,En agglomération,Intersection en X,Normale,Deux véhicules - côté,,,,,,,,,,,1,2,2,1,3
200600054655,0006-09-16 00:02:00,6,9,16,0,2,440,184,"54, ANDRÉ (AVENUE GÉO)",,,Nuit avec éclairage allumé,En agglomération,Hors intersection,Pluie forte,Autre collision,,,,,,,,,,,5,2,1,3,6
200600054656,0006-09-17 18:30:00,6,9,17,18,30,440,184,"1, VERNE (RUE JULES)",,,Plein jour,En agglomération,Hors intersection,Normale,Deux véhicules - frontale,,,,,,,,,,,1,2,1,1,1
200600054657,0006-09-17 04:10:00,6,9,17,4,10,440,184,"1, HUGO (BOULEVARD VICTO",,,Nuit avec éclairage allumé,En agglomération,Intersection en X,Normale,Deux véhicules - côté,,,,,,,,,,,5,2,2,1,3
200600054658,0006-09-18 13:00:00,6,9,18,13,0,440,184,"30, MAUPASSANT (RUE GUY",,,Plein jour,En agglomération,Hors intersection,Normale,Sans collision,,,,,,,,,,,1,2,1,1,7
200600054659,0006-09-21 16:45:00,6,9,21,16,45,440,184,"10, SAPINS (RUE DES)",,,Plein jour,En agglomération,Autre intersection,Normale,Deux véhicules - frontale,,,,,,,,,,,1,2,9,1,1
200600054660,0006-09-21 17:40:00,6,9,21,17,40,440,184,"1, EINSTEIN (RUE ALBERT)",,,Plein jour,En agglomération,Hors intersection,Normale,Deux véhicules - côté,,,,,,,,,,,1,2,1,1,3
200600054661,0006-09-22 01:00:00,6,9,22,1,0,440,184,"22, PICHON (RUE ADRIEN)",,,Nuit avec éclairage allumé,En agglomération,Hors intersection,Pluie légère,Sans collision,,,,,,,,,,,5,2,1,2,7
200600054662,0006-09-22 06:50:00,6,9,22,6,50,440,184,"1, PASSOUER (ROUTE DU)",,,Nuit sans éclairage public,En agglomération,Intersection en X,Pluie légère,Deux véhicules - côté,,,,,,,,,,,3,2,2,2,3
200600054663,0006-09-26 20:20:00,6,9,26,20,20,440,184,"131, ANJOU (RUE D') DU 5",,,Nuit avec éclairage allumé,En agglomération,Intersection en X,Normale,Autre collision,,,,,,,,,,,5,2,2,1,6
200600054664,0006-09-27 01:50:00,6,9,27,1,50,440,184,"117, PORNICHET (RUE DE)",,,Nuit avec éclairage allumé,En agglomération,Hors intersection,Normale,Autre collision,,,,,,,,,,,5,2,1,1,6
200600054665,0006-09-28 21:20:00,6,9,28,21,20,440,184,GUTENBERG (RUE JEAN),,,Nuit avec éclairage allumé,En agglomération,Intersection en X,Temps couvert,Deux véhicules - côté,,,,,,,,,,,5,2,2,8,3
200600054666,0006-09-29 18:35:00,6,9,29,18,35,440,184,"20, GUILLOUZO (RUE RENÉ)",,,Plein jour,En agglomération,Intersection en X,Normale,Deux véhicules - côté,,,,,,,,,,,1,2,2,1,3
200600054667,0006-09-01 17:00:00,6,9,1,17,0,450,234,VOIE (VENELLE DE LA),,,Plein jour,Hors agglomération,Intersection en T,Normale,Deux véhicules - frontale,,,,,,,,,,,1,1,3,1,1
200600054668,0006-09-02 18:10:00,6,9,2,18,10,450,234,"40, MARTIN (BOULEVARD AL",,,Plein jour,En agglomération,Hors intersection,Normale,Deux véhicules - arrière,,,,,,,,,,,1,2,1,1,2
200600054669,0006-09-02 17:14:00,6,9,2,17,14,450,234,"04, FORT DES TOURELLES (",,,Plein jour,En agglomération,Hors intersection,Normale,Trois véhicules et plus - collisions multiples,,,,,,,,,,,1,2,1,1,5
200600054670,0006-09-04 18:10:00,6,9,4,18,10,450,234,"07, TULIPES (RUE DES)",,,Plein jour,En agglomération,Hors intersection,Normale,Sans collision,,,,,,,,,,,1,2,1,1,7
200600054671,0006-09-05 14:00:00,6,9,5,14,0,450,286,"01, DE GAULLE (RUE DU GE",,,Plein jour,En agglomération,Intersection en T,Normale,Autre collision,,,,,,,,,,,1,2,3,1,6
200600054672,0006-09-05 08:20:00,6,9,5,8,20,450,234,DROITS DE L'HOMME (AVENU,,,Plein jour,En agglomération,Hors intersection,Normale,Trois véhicules et plus - collisions multiples,,,,,,,,,,,1,2,1,1,5
200600054673,0006-09-05 15:55:00,6,9,5,15,55,450,232,SOLOGNE (AVENUE DE),,,Plein jour,Hors agglomération,Hors intersection,Normale,Autre collision,,,,,,,,,,,1,1,1,1,6
200600054674,0006-09-07 13:55:00,6,9,7,13,55,450,234,"16, BARENTIN (QUAI)",,,Plein jour,En agglomération,Hors intersection,Normale,Deux véhicules - côté,,,,,,,,,,,1,2,1,1,3
200600054675,0006-09-08 16:50:00,6,9,8,16,50,450,234,"22, CHATELET (QUAI DU)",,,Plein jour,En agglomération,Hors intersection,Normale,Deux véhicules - frontale,,,,,,,,,,,1,2,1,1,1
200600054676,0006-09-09 20:45:00,6,9,9,20,45,450,234,"105, FAUBOURG MADELEINE",,,Crépuscule ou aube,En agglomération,Hors intersection,Normale,Deux véhicules - arrière,,,,,,,,,,,2,2,1,1,2
200600054677,0006-09-10 19:15:00,6,9,10,19,15,450,234,"43, DROITS DE L'HOMME (A",,,Plein jour,En agglomération,Intersection en X,Normale,Deux véhicules - côté,,,,,,,,,,,1,2,2,1,3
200600054678,0006-09-11 18:00:00,6,9,11,18,0,450,302,CHARTRES (ANCIENNE ROUTE,,,Plein jour,Hors agglomération,Hors intersection,Normale,Sans collision,,,,,,,,,,,1,1,1,1,7
200600054679,0006-09-12 03:40:00,6,9,12,3,40,450,234,ZAY (AVENUE JEAN ZAY),,,Nuit avec éclairage allumé,En agglomération,Place,Normale,Deux véhicules - côté,,,,,,,,,,,5,2,7,1,3
200600054680,0006-09-15 12:50:00,6,9,15,12,50,450,147,"93, CUREMBOURG (RUE DE C",,,Plein jour,En agglomération,Intersection en T,Pluie forte,Deux véhicules - arrière,,,,,,,,,,,1,2,3,3,2
200600054681,0006-09-16 14:40:00,6,9,16,14,40,450,274,SANDILLON  (ROUTE DE),,,Plein jour,En agglomération,Hors intersection,Normale,Deux véhicules - arrière,,,,,,,,,,,1,2,1,1,2
200600054682,0006-09-15 23:45:00,6,9,15,23,45,450,308,BARROIS (RUE),,,Nuit avec éclairage allumé,En agglomération,Intersection en X,Normale,Deux véhicules - côté,,,,,,,,,,,5,2,2,1,3
200600054683,0006-09-20 13:05:00,6,9,20,13,5,450,285,"37, ROCHE AUX FEES (RUE",,,Plein jour,En agglomération,Hors intersection,Normale,Sans collision,,,,,,,,,,,1,2,1,1,7
200600054684,0006-09-21 21:25:00,6,9,21,21,25,450,235,"157, MANS  (ANCIENNE ROU",,,Nuit avec éclairage allumé,En agglomération,Giratoire,Normale,Sans collision,,,,,,,,,,,5,2,6,1,7
200600054685,0006-09-21 07:40:00,6,9,21,7,40,450,232,ARDON (ROUTE D'),,,Plein jour,Hors agglomération,Hors intersection,Normale,Autre collision,,,,,,,,,,,1,1,1,1,6
200600054686,0006-09-24 05:20:00,6,9,24,5,20,450,75,ORLEANS (ROUTE D'ORLEANS,,,Nuit avec éclairage allumé,En agglomération,Giratoire,Pluie légère,Sans collision,,,,,,,,,,,5,2,6,2,7
200600054687,0006-09-23 01:20:00,6,9,23,1,20,450,298,DEFFIE (RUE GASTON),,,Nuit avec éclairage allumé,Hors agglomération,Hors intersection,Normale,Autre collision,,,,,,,,,,,5,1,1,1,6
200600054688,0006-09-22 14:00:00,6,9,22,14,0,450,234,"face au 03, QUEBEC (BOUL",,,Plein jour,En agglomération,Hors intersection,Normale,Trois véhicules et plus - en chaîne,,,,,,,,,,,1,2,1,1,4
200600054689,0006-09-26 19:15:00,6,9,26,19,15,450,284,STUART (BOULEVARD MARIE),,,Crépuscule ou aube,En agglomération,Intersection en T,Normale,Deux véhicules - côté,,,,,,,,,,,2,2,3,1,3
200600054690,0006-09-26 10:45:00,6,9,26,10,45,450,232,"1160, BERGERESSE (RUE DE",,,Plein jour,En agglomération,Hors intersection,Normale,Deux véhicules - côté,,,,,,,,,,,1,2,1,1,3
200600054691,0006-09-26 13:20:00,6,9,26,13,20,450,232,HUGO (AVENUE VICTOR),,,Plein jour,En agglomération,Giratoire,Normale,Deux véhicules - côté,,,,,,,,,,,1,2,6,1,3
200600054692,0006-09-28 07:17:00,6,9,28,7,17,450,234,OLIVET (ROUTE D'OLIVET),,,Crépuscule ou aube,Hors agglomération,Intersection en T,Normale,Autre collision,,,,,,,,,,,2,1,3,1,6
200600054693,0006-09-29 21:10:00,6,9,29,21,10,450,232,SOLOGNE (AVENUE DE),,,Nuit avec éclairage allumé,En agglomération,Hors intersection,Normale,Autre collision,,,,,,,,,,,5,2,1,1,6
200600054694,0006-09-17 19:05:00,6,9,17,19,5,460,42,F.T.P. ET DU 8E R.I (AVE,,,Plein jour,En agglomération,Hors intersection,Normale,Sans collision,,,,,,,,,,,1,2,1,1,7
200600054695,0006-09-23 09:30:00,6,9,23,9,30,460,224,"1, MOULIN (CHEMIN DU)",,,Plein jour,En agglomération,Hors intersection,Pluie légère,Autre collision,,,,,,,,,,,1,2,1,2,6
200600054696,0006-09-25 08:20:00,6,9,25,8,20,460,42,LAFAGE (RUE VICTOR),,,Plein jour,En agglomération,Passage à niveau,Pluie légère,Deux véhicules - frontale,,,,,,,,,,,1,2,8,2,1
200600054697,0006-09-04 15:02:00,6,9,4,15,2,470,1,ABREUVOIR (RUE DE L'),,,Plein jour,En agglomération,Hors intersection,Normale,Autre collision,,,,,,,,,,,1,2,1,1,6
200600054698,0006-09-08 13:05:00,6,9,8,13,5,470,1,BARBUSSE (AV. HENRI),,,Plein jour,En agglomération,Intersection en X,Normale,Autre collision,,,,,,,,,,,1,2,2,1,6
200600054699,0006-09-09 18:10:00,6,9,9,18,10,470,1,PONT DE PIERRE,,,Plein jour,En agglomération,Giratoire,Normale,Deux véhicules - côté,,,,,,,,,,,1,2,6,1,3
200600054700,0006-09-13 15:57:00,6,9,13,15,57,470,1,BARBUSSE (AV. HENRI),,,Plein jour,En agglomération,Intersection en T,Normale,Deux véhicules - frontale,,,,,,,,,,,1,2,3,1,1
200600054701,0006-09-14 18:30:00,6,9,14,18,30,470,1,MONNET (AV. JEAN),,,Plein jour,En agglomération,Hors intersection,Pluie forte,Autre collision,,,,,,,,,,,1,2,1,3,6
200600054702,0006-09-14 20:19:00,6,9,14,20,19,470,1,"12, BARBUSSE (AV. HENRI)",,,Plein jour,En agglomération,Intersection en T,Pluie légère,Deux véhicules - côté,,,,,,,,,,,1,2,3,2,3
200600054703,0006-09-16 12:40:00,6,9,16,12,40,470,1,"12, MICHELET (AV.)",,,Plein jour,En agglomération,Hors intersection,Pluie forte,Deux véhicules - arrière,,,,,,,,,,,1,2,1,3,2
200600054704,0006-09-19 14:00:00,6,9,19,14,0,470,1,"20, ANGELY (IMP DU CHANO",,,Nuit sans éclairage public,En agglomération,Hors intersection,Pluie légère,Deux véhicules - côté,,,,,,,,,,,3,2,1,2,3
200600054705,0006-09-21 17:47:00,6,9,21,17,47,470,1,"54, DELPECH (AV. GEORGES",,,Plein jour,En agglomération,Hors intersection,Normale,Deux véhicules - côté,,,,,,,,,,,1,2,1,1,3
200600054706,0006-09-25 10:50:00,6,9,25,10,50,470,201,BEME (AVENUE PAUL),,,Plein jour,En agglomération,Hors intersection,Normale,Deux véhicules - arrière,,,,,,,,,,,1,2,1,1,2
200600054707,0006-09-26 07:55:00,6,9,26,7,55,470,201,BEAUREGARD,,,Crépuscule ou aube,En agglomération,Hors intersection,Normale,Trois véhicules et plus - en chaîne,,,,,,,,,,,2,2,1,1,4
200600054708,0006-09-27 14:05:00,6,9,27,14,5,470,201,MARNE (AV. DE LA),,,Plein jour,En agglomération,Hors intersection,Normale,Deux véhicules - arrière,,,,,,,,,,,1,2,1,1,2
200600054709,0006-09-28 17:03:00,6,9,28,17,3,470,1,LAGRANGE (RUE LEO),,,Plein jour,En agglomération,Hors intersection,Normale,Autre collision,,,,,,,,,,,1,2,1,1,6
200600054710,0006-09-16 18:50:00,6,9,16,18,50,470,323,RD676,,,Plein jour,Hors agglomération,Hors intersection,Pluie forte,Deux véhicules - frontale,,,,,,,,,,,1,1,1,3,1
200600054711,0006-09-22 23:30:00,6,9,22,23,30,470,27,RD 911,,,Nuit sans éclairage public,Hors agglomération,Hors intersection,Pluie forte,Autre collision,,,,,,,,,,,3,1,1,3,6
200600054712,0006-09-09 02:20:00,6,9,9,2,20,480,95,RD 806,,,Nuit sans éclairage public,Hors agglomération,Hors intersection,Normale,Sans collision,,,,,,,,,,,3,1,1,1,7
200600054713,0006-09-14 09:00:00,6,9,14,9,0,480,95,"05, SOUBEYRAN (BOULEVARD",,,Plein jour,En agglomération,Hors intersection,Temps couvert,Sans collision,,,,,,,,,,,1,2,1,8,7
200600054714,0006-09-16 16:30:00,6,9,16,16,30,480,95,", CHAPITRE (ROUTE DU)",,,Plein jour,En agglomération,Hors intersection,Normale,Sans collision,,,,,,,,,,,1,2,1,1,7
200600054715,0006-09-02 10:00:00,6,9,2,10,0,490,7,"00, ESTIENNE D'ORVES BOU",,,Plein jour,En agglomération,Hors intersection,Normale,Deux véhicules - arrière,,,,,,,,,,,1,2,1,1,2
200600054716,0006-09-04 14:40:00,6,9,4,14,40,490,15,", CANTENAY EPINARD ROUTE",,,Plein jour,En agglomération,Hors intersection,Normale,Autre collision,,,,,,,,,,,1,2,1,1,6
200600054717,0006-09-04 17:35:00,6,9,4,17,35,490,7,"3, CAMUS",,,Plein jour,En agglomération,Hors intersection,Normale,Sans collision,,,,,,,,,,,1,2,1,1,7
200600054718,0006-09-01 12:28:00,6,9,1,12,28,490,7,"0, LORRAINE PLACE",,,Plein jour,En agglomération,Hors intersection,Normale,Autre collision,,,,,,,,,,,1,2,1,1,6
200600054719,0006-09-03 16:00:00,6,9,3,16,0,490,7,"0, LYAUTEY BOULEVARD ET",,,Plein jour,En agglomération,Hors intersection,Normale,Autre collision,,,,,,,,,,,1,2,1,1,6
200600054720,0006-09-05 08:10:00,6,9,5,8,10,490,267,"14, ONZE NOVEMBRE 1918",,,Plein jour,En agglomération,Hors intersection,Temps éblouissant,Autre collision,,,,,,,,,,,1,2,1,7,6
200600054721,0006-09-03 04:35:00,6,9,3,4,35,490,246,RN 260,,,Nuit sans éclairage public,Hors agglomération,Hors intersection,Normale,Autre collision,,,,,,,,,,,3,1,1,1,6
200600054722,0006-09-06 14:09:00,6,9,6,14,9,490,7,"10, FOCH BOULEVARD",,,Plein jour,En agglomération,Intersection en T,Normale,Autre collision,,,,,,,,,,,1,2,3,1,6
200600054723,0006-09-07 02:31:00,6,9,7,2,31,490,7,", SAINT NICOLAS",,,Nuit sans éclairage public,En agglomération,Intersection en X,Normale,Sans collision,,,,,,,,,,,3,2,2,1,7
200600054724,0006-09-09 17:26:00,6,9,9,17,26,490,15,"11, MONTGOLFIERS RUE DES",,,Plein jour,En agglomération,Hors intersection,Normale,Autre collision,,,,,,,,,,,1,2,1,1,6
200600054725,0006-09-08 21:41:00,6,9,8,21,41,490,7,"0, PASTEUR AVENUE",,,Nuit avec éclairage allumé,En agglomération,Hors intersection,Normale,Deux véhicules - côté,,,,,,,,,,,5,2,1,1,3
200600054726,0006-09-08 20:29:00,6,9,8,20,29,490,7,"0, BIRGE BOULEVARD",,,Nuit avec éclairage allumé,En agglomération,Hors intersection,Normale,Deux véhicules - côté,,,,,,,,,,,5,2,1,1,3
200600054727,0006-09-08 17:10:00,6,9,8,17,10,490,7,VOIE DES BERGES,,,Plein jour,En agglomération,Hors intersection,Normale,Deux véhicules - arrière,,,,,,,,,,,1,2,1,1,2