accident_id,datetime,annee,mois,jour,heure,minute,departement,commune_insee,adresse,latitude,longitude,luminosite,agglomeration,intersection,meteo,collision,nb_vehicules,nb_usagers,nb_indemnes,nb_tues,nb_blesses_hosp,nb_blesses_legers,age_cond_1,age_cond_2,veh_type_cond_1,veh_type_cond_2,lum_code,agg_code,int_code,atm_code,col_code
200600054728,0006-09-11 15:22:00,6,9,11,15,22,490,7,"0, GRAND MONTREJEAU",,,Plein jour,En agglomération,Hors intersection,Normale,Autre collision,,,,,,,,,,,1,2,1,1,6
200600054729,0006-09-11 17:07:00,6,9,11,17,7,490,7,"0, ESTIENNE D'ORVES BOUL",,,Plein jour,En agglomération,Intersection en T,Normale,Deux véhicules - côté,,,,,,,,,,,1,2,3,1,3
200600054730,0006-09-11 17:26:00,6,9,11,17,26,490,7,"0, BARANGE BOULEVARD",,,Plein jour,En agglomération,Hors intersection,Normale,Trois véhicules et plus - en chaîne,,,,,,,,,,,1,2,1,1,4
200600054731,0006-09-12 18:22:00,6,9,12,18,22,490,7,"0, BASSE CHAINE PONT",,,Plein jour,En agglomération,Hors intersection,Normale,Deux véhicules - arrière,,,,,,,,,,,1,2,1,1,2
200600054732,0006-09-13 07:38:00,6,9,13,7,38,490,7,"0, GUICHARD",,,Plein jour,En agglomération,Intersection en X,Normale,Deux véhicules - côté,,,,,,,,,,,1,2,2,1,3
200600054733,0006-09-13 18:58:00,6,9,13,18,58,490,7,"0, FREMOND",,,Plein jour,En agglomération,Hors intersection,Pluie légère,Autre collision,,,,,,,,,,,1,2,1,2,6
200600054734,0006-09-14 08:24:00,6,9,14,8,24,490,7,"0, TARIN",,,Plein jour,En agglomération,Intersection en X,Pluie légère,Sans collision,,,,,,,,,,,1,2,2,2,7
200600054735,0006-09-14 13:33:00,6,9,14,13,33,490,267,"0, CLAIE",,,Plein jour,En agglomération,Hors intersection,Normale,Sans collision,,,,,,,,,,,1,2,1,1,7
200600054736,0006-09-14 16:03:00,6,9,14,16,3,490,7,"0, ROCADE EST",,,Plein jour,En agglomération,Hors intersection,Normale,Sans collision,,,,,,,,,,,1,2,1,1,7
200600054737,0006-09-14 16:05:00,6,9,14,16,5,490,7,"0, BORDIER JACQUES",,,Plein jour,En agglomération,Giratoire,Normale,Sans collision,,,,,,,,,,,1,2,6,1,7
200600054738,0006-09-15 08:44:00,6,9,15,8,44,490,7,ROCADE EST,,,Plein jour,En agglomération,Hors intersection,Pluie légère,Sans collision,,,,,,,,,,,1,2,1,2,7
200600054739,0006-09-15 08:01:00,6,9,15,8,1,490,7,", BOREAU",,,Plein jour,En agglomération,Intersection en X,Pluie légère,Deux véhicules - côté,,,,,,,,,,,1,2,2,2,3
200600054740,0006-09-15 15:30:00,6,9,15,15,30,490,7,"126, GASNIER AVENUE",,,Plein jour,En agglomération,Hors intersection,Pluie légère,Deux véhicules - arrière,,,,,,,,,,,1,2,1,2,2
200600054741,0006-09-16 10:48:00,6,9,16,10,48,490,15,"0, PERRIERE ROUTE DE LA",,,Plein jour,Hors agglomération,Intersection en T,Normale,Deux véhicules - côté,,,,,,,,,,,1,1,3,1,3
200600054742,0006-09-16 13:46:00,6,9,16,13,46,490,7,"9, PAUL BERT",,,Plein jour,En agglomération,Hors intersection,Normale,Sans collision,,,,,,,,,,,1,2,1,1,7
200600054743,0006-09-16 20:45:00,6,9,16,20,45,490,7,"0, FOCH BOULEVARD",,,Nuit avec éclairage allumé,En agglomération,Hors intersection,Pluie légère,Sans collision,,,,,,,,,,,5,2,1,2,7
200600054744,0006-09-18 18:43:00,6,9,18,18,43,490,246,"4, DAVID D'ANGERS",,,Plein jour,En agglomération,Hors intersection,Normale,Sans collision,,,,,,,,,,,1,2,1,1,7
200600054745,0006-09-19 17:21:00,6,9,19,17,21,490,7,"0, LETANDUERE",,,Plein jour,En agglomération,Hors intersection,Normale,Sans collision,,,,,,,,,,,1,2,1,1,7
200600054746,0006-09-20 08:17:00,6,9,20,8,17,490,353,"127, BAHONNEAU BOULEVARD",,,Plein jour,En agglomération,Hors intersection,Normale,Deux véhicules - côté,,,,,,,,,,,1,2,1,1,3
200600054747,0006-09-20 12:10:00,6,9,20,12,10,490,7,"0, BEAUSSIER BOULEVARD",,,Plein jour,En agglomération,Intersection en T,Normale,Deux véhicules - côté,,,,,,,,,,,1,2,3,1,3
200600054748,0006-09-20 17:24:00,6,9,20,17,24,490,7,"0, BARANGE BOULEVARD",,,Plein jour,En agglomération,Hors intersection,Normale,Trois véhicules et plus - en chaîne,,,,,,,,,,,1,2,1,1,4
200600054749,0006-09-20 17:25:00,6,9,20,17,25,490,7,"3, FOCH BOULEVARD",,,Plein jour,En agglomération,Hors intersection,Normale,Sans collision,,,,,,,,,,,1,2,1,1,7
200600054750,0006-09-20 17:48:00,6,9,20,17,48,490,7,"0, PATTON AVENUE",,,Plein jour,En agglomération,Hors intersection,Normale,Deux véhicules - arrière,,,,,,,,,,,1,2,1,1,2
200600054751,0006-09-20 18:24:00,6,9,20,18,24,490,7,"0, JOXE AVENUE",,,Plein jour,En agglomération,Hors intersection,Normale,Deux véhicules - arrière,,,,,,,,,,,1,2,1,1,2
200600054752,0006-09-21 10:21:00,6,9,21,10,21,490,7,"0, BANCHAIS PASSAGE ET R",,,Plein jour,En agglomération,Hors intersection,Normale,Sans collision,,,,,,,,,,,1,2,1,1,7
200600054753,0006-09-21 13:13:00,6,9,21,13,13,490,246,"0, GALLIENI AVENUE",,,Plein jour,En agglomération,Hors intersection,Normale,Sans collision,,,,,,,,,,,1,2,1,1,7
200600054754,0006-09-21 21:25:00,6,9,21,21,25,490,7,"0, MAINE",,,Nuit avec éclairage allumé,En agglomération,Intersection en X,Pluie légère,Deux véhicules - côté,,,,,,,,,,,5,2,2,2,3
200600054755,0006-09-22 16:00:00,6,9,22,16,0,490,7,"5, FLOURENS SQUARE",,,Plein jour,En agglomération,Hors intersection,Normale,Sans collision,,,,,,,,,,,1,2,1,1,7
200600054756,0006-09-22 19:49:00,6,9,22,19,49,490,7,"0, RAMON BOULEVARD",,,Crépuscule ou aube,En agglomération,Hors intersection,Normale,Deux véhicules - côté,,,,,,,,,,,2,2,1,1,3
200600054757,0006-09-23 20:18:00,6,9,23,20,18,490,7,"0, DE LATTRE DE TASSIGNY",,,Nuit avec éclairage allumé,En agglomération,Hors intersection,Normale,Sans collision,,,,,,,,,,,5,2,1,1,7
200600054758,0006-09-24 09:05:00,6,9,24,9,5,490,267,"0, RN 260",,,Plein jour,En agglomération,Hors intersection,Normale,Sans collision,,,,,,,,,,,1,2,1,1,7
200600054759,0006-09-24 12:38:00,6,9,24,12,38,490,7,"0, MEIGNANNE",,,Plein jour,En agglomération,Hors intersection,Normale,Sans collision,,,,,,,,,,,1,2,1,1,7
200600054760,0006-09-24 15:04:00,6,9,24,15,4,490,353,"0, VEST FERDINANT",,,Plein jour,En agglomération,Intersection en T,Temps couvert,Deux véhicules - frontale,,,,,,,,,,,1,2,3,8,1
200600054761,0006-09-24 16:56:00,6,9,24,16,56,490,15,"0, MENDES FRANCE AVENUE",,,Plein jour,En agglomération,Hors intersection,Normale,Deux véhicules - arrière,,,,,,,,,,,1,2,1,1,2
200600054762,0006-09-22 03:30:00,6,9,22,3,30,490,7,"00, FAURE QUAI",,,Nuit avec éclairage allumé,En agglomération,Intersection en T,Pluie forte,Autre collision,,,,,,,,,,,5,2,3,3,6
200600054763,0006-09-25 18:05:00,6,9,25,18,5,490,7,"0, MONTAIGNE AVENUE",,,Plein jour,En agglomération,Hors intersection,Normale,Sans collision,,,,,,,,,,,1,2,1,1,7
200600054764,0006-09-25 18:00:00,6,9,25,18,0,490,7,"0, VOIE DES BERGES",,,Plein jour,En agglomération,Hors intersection,Normale,Trois véhicules et plus - collisions multiples,,,,,,,,,,,1,2,1,1,5
200600054765,0006-09-25 13:42:00,6,9,25,13,42,490,7,"0, WIGAN",,,Plein jour,En agglomération,Giratoire,Normale,Deux véhicules - côté,,,,,,,,,,,1,2,6,1,3
200600054766,0006-09-26 12:10:00,6,9,26,12,10,490,7,"0, AYRAULT",,,Plein jour,En agglomération,Intersection en X,Normale,Deux véhicules - côté,,,,,,,,,,,1,2,2,1,3
200600054767,0006-09-26 21:15:00,6,9,26,21,15,490,7,"0, ARAGON AVENUE",,,Nuit avec éclairage allumé,En agglomération,Giratoire,Normale,Autre collision,,,,,,,,,,,5,2,6,1,6
200600054768,0006-09-27 17:45:00,6,9,27,17,45,490,7,"41, DELACROIX RUE ET PAS",,,Plein jour,En agglomération,Hors intersection,Normale,Autre collision,,,,,,,,,,,1,2,1,1,6
200600054769,0006-09-28 06:53:00,6,9,28,6,53,490,7,"299, PATTON AVENUE",,,Nuit avec éclairage allumé,En agglomération,Hors intersection,Normale,Deux véhicules - côté,,,,,,,,,,,5,2,1,1,3
200600054770,0006-09-28 12:42:00,6,9,28,12,42,490,7,"0, IMBACH PLACE",,,Plein jour,En agglomération,Hors intersection,Normale,Sans collision,,,,,,,,,,,1,2,1,1,7
200600054771,0006-09-28 16:10:00,6,9,28,16,10,490,7,"131, PYRAMIDE ROUTE",,,Plein jour,En agglomération,Hors intersection,Normale,Deux véhicules - côté,,,,,,,,,,,1,2,1,1,3
200600054772,0006-09-28 18:10:00,6,9,28,18,10,490,7,VOIE DES BERGES,,,Plein jour,En agglomération,Hors intersection,Normale,Deux véhicules - arrière,,,,,,,,,,,1,2,1,1,2
200600054773,0006-09-30 23:00:00,6,9,30,23,0,490,7,"0, ALLONNEAU(AUGUSTE) BO",,,Nuit avec éclairage allumé,En agglomération,Hors intersection,Pluie légère,Autre collision,,,,,,,,,,,5,2,1,2,6
200600054774,0006-09-29 21:48:00,6,9,29,21,48,490,7,"00, CARNOT",,,Nuit avec éclairage allumé,En agglomération,Hors intersection,Normale,Autre collision,,,,,,,,,,,5,2,1,1,6
200600054775,0006-09-29 08:03:00,6,9,29,8,3,490,7,"125, GUICHARD",,,Plein jour,En agglomération,Intersection en T,Normale,Deux véhicules - côté,,,,,,,,,,,1,2,3,1,3
200600054776,0006-09-30 11:25:00,6,9,30,11,25,490,353,"0, PIERRE MENDES FRANCE",,,Plein jour,En agglomération,Hors intersection,Normale,Autre collision,,,,,,,,,,,1,2,1,1,6
200600054777,0006-09-29 08:34:00,6,9,29,8,34,490,7,CAMUS BOULEVARD,,,Crépuscule ou aube,En agglomération,Intersection en X,Normale,Autre collision,,,,,,,,,,,2,2,2,1,6
200600054778,0006-09-17 19:32:00,6,9,17,19,32,490,7,"0,  LAFAYETTE PLACE",,,Crépuscule ou aube,En agglomération,Hors intersection,Normale,Deux véhicules - côté,,,,,,,,,,,2,2,1,1,3
200600054779,0006-09-15 17:28:00,6,9,15,17,28,490,7,VOIE DES BERGES,,,Plein jour,En agglomération,Hors intersection,Pluie forte,Trois véhicules et plus - en chaîne,,,,,,,,,,,1,2,1,3,4
200600054780,0006-09-11 13:15:00,6,9,11,13,15,490,99,RD 20,,,Plein jour,En agglomération,Hors intersection,Normale,Trois véhicules et plus - collisions multiples,,,,,,,,,,,1,2,1,1,5
200600054781,0006-09-13 17:50:00,6,9,13,17,50,490,99,NANTES (AVENUE DE),,,Plein jour,En agglomération,Hors intersection,Normale,Deux véhicules - côté,,,,,,,,,,,1,2,1,1,3
200600054782,0006-09-16 18:00:00,6,9,16,18,0,490,99,SABLES (AVENUE DES ),,,Plein jour,En agglomération,Hors intersection,Normale,Deux véhicules - côté,,,,,,,,,,,1,2,1,1,3
200600054783,0006-09-18 15:20:00,6,9,18,15,20,490,99,RONTARDIERE (BOULEVARD D,,,Plein jour,En agglomération,Intersection en T,Normale,Deux véhicules - côté,,,,,,,,,,,1,2,3,1,3
200600054784,0006-09-24 14:00:00,6,9,24,14,0,490,99,"6, AMPERE (RUE ANDRE)",,,Plein jour,En agglomération,Intersection en X,Normale,Deux véhicules - côté,,,,,,,,,,,1,2,2,1,3
200600054785,0006-09-26 10:50:00,6,9,26,10,50,490,99,LORRAINE (RUE DE),,,Plein jour,En agglomération,Hors intersection,Normale,Autre collision,,,,,,,,,,,1,2,1,1,6
200600054786,0006-09-06 18:30:00,6,9,6,18,30,490,328,"SANS, ROUEN (RUE DE)",,,Plein jour,En agglomération,Hors intersection,Normale,Autre collision,,,,,,,,,,,1,2,1,1,6
200600054787,0006-09-07 21:45:00,6,9,7,21,45,490,328,"sans, LECLERC (RUE DU MA",,,Nuit sans éclairage public,En agglomération,Giratoire,Normale,Deux véhicules - côté,,,,,,,,,,,3,2,6,1,3
200600054788,0006-09-08 08:45:00,6,9,8,8,45,490,328,"sans, THOUET (RIVES DU)",,,Plein jour,En agglomération,Hors intersection,Normale,Autre collision,,,,,,,,,,,1,2,1,1,6
200600054789,0006-09-15 16:25:00,6,9,15,16,25,490,328,ROCADE N 347,,,Plein jour,Hors agglomération,Hors intersection,Pluie légère,Autre collision,,,,,,,,,,,1,1,1,2,6
200600054790,0006-09-19 21:05:00,6,9,19,21,5,490,328,"SANS, PORTAIL LOUIS (RUE",,,Nuit avec éclairage allumé,En agglomération,Intersection en X,Normale,Deux véhicules - côté,,,,,,,,,,,5,2,2,1,3
200600054791,0006-09-27 12:00:00,6,9,27,12,0,490,328,"22, BEAUREPAIRE (RUE)",,,Plein jour,En agglomération,Hors intersection,Normale,Autre collision,,,,,,,,,,,1,2,1,1,6
200600054792,0006-09-29 08:10:00,6,9,29,8,10,490,328,"sans, VERRIE D 161 (ROUT",,,Plein jour,Hors agglomération,Intersection en X,Normale,Deux véhicules - côté,,,,,,,,,,,1,1,2,1,3
200600054793,0006-09-01 19:00:00,6,9,1,19,0,500,129,"71, DOM PEDRO (RUE )",,,Plein jour,En agglomération,Hors intersection,Normale,Trois véhicules et plus - collisions multiples,,,,,,,,,,,1,2,1,1,5
200600054794,0006-09-01 19:50:00,6,9,1,19,50,500,129,"0, CONQUERANT (BOULEVARD",,,Plein jour,En agglomération,Hors intersection,Normale,Deux véhicules - côté,,,,,,,,,,,1,2,1,1,3
200600054795,0006-09-11 19:15:00,6,9,11,19,15,500,173,"00, GUELLES (CHASSE DES)",,,Plein jour,Hors agglomération,Hors intersection,Pluie légère,Sans collision,,,,,,,,,,,1,1,1,2,7
200600054796,0006-09-12 08:10:00,6,9,12,8,10,500,129,CONQUERANT (BOULEVARD GU,,,Plein jour,En agglomération,Hors intersection,Normale,Deux véhicules - arrière,,,,,,,,,,,1,2,1,1,2
200600054797,0006-09-12 20:30:00,6,9,12,20,30,500,203,"00, TAILLIS (RUE DU)",,,Plein jour,Hors agglomération,Intersection en T,Normale,Deux véhicules - côté,,,,,,,,,,,1,1,3,1,3
200600054798,0006-09-14 07:35:00,6,9,14,7,35,500,129,"0, CONQUERANT (BOULEVARD",,,Crépuscule ou aube,En agglomération,Intersection en X,Pluie légère,Autre collision,,,,,,,,,,,2,2,2,2,6
200600054799,0006-09-15 14:00:00,6,9,15,14,0,500,129,"00, DELAVILLE ( AVENUE)",,,Plein jour,En agglomération,Intersection en T,Normale,Deux véhicules - côté,,,,,,,,,,,1,2,3,1,3
200600054800,0006-09-14 15:15:00,6,9,14,15,15,500,173,"0, BELGIQUE (RUE DE)",,,Plein jour,En agglomération,Intersection en X,Pluie forte,Sans collision,,,,,,,,,,,1,2,2,3,7
200600054801,0006-09-15 23:35:00,6,9,15,23,35,500,129,"00, ROULE (RUE PROLONGEE",,,Nuit avec éclairage allumé,En agglomération,Hors intersection,Normale,Sans collision,,,,,,,,,,,5,2,1,1,7
200600054802,0006-09-20 12:00:00,6,9,20,12,0,500,129,"0, CACHIN (RUE DE L'INGE",,,Plein jour,En agglomération,Intersection en X,Normale,Deux véhicules - côté,,,,,,,,,,,1,2,2,1,3
200600054803,0006-09-21 16:10:00,6,9,21,16,10,500,173,"00, PAIX (RUE DE LA)",,,Plein jour,En agglomération,Intersection en T,Normale,Deux véhicules - côté,,,,,,,,,,,1,2,3,1,3
200600054804,0006-09-22 13:00:00,6,9,22,13,0,500,203,LUCET (RUE),,,Plein jour,En agglomération,Hors intersection,Pluie forte,Deux véhicules - arrière,,,,,,,,,,,1,2,1,3,2
200600054805,0006-09-22 21:30:00,6,9,22,21,30,500,416,D 901,,,Nuit sans éclairage public,Hors agglomération,Hors intersection,Normale,Sans collision,,,,,,,,,,,3,1,1,1,7
200600054806,0006-09-25 13:10:00,6,9,25,13,10,500,602,"0, NOISETIERS (RUE DES)",,,Plein jour,En agglomération,Hors intersection,Normale,Trois véhicules et plus - collisions multiples,,,,,,,,,,,1,2,1,1,5
200600054807,0006-09-25 17:50:00,6,9,25,17,50,500,129,"38, PARIS (AVENUE DE)",,,Plein jour,En agglomération,Intersection en T,Normale,Deux véhicules - arrière,,,,,,,,,,,1,2,3,1,2
200600054808,0006-09-25 19:20:00,6,9,25,19,20,500,173,"0, ARAGO (RUE)",,,Plein jour,En agglomération,Intersection en X,Normale,Deux véhicules - côté,,,,,,,,,,,1,2,2,1,3
200600054809,0006-09-26 08:35:00,6,9,26,8,35,500,602,"00, MOULIN GUIBERT (RUE",,,Plein jour,En agglomération,Intersection en T,Normale,Deux véhicules - côté,,,,,,,,,,,1,2,3,1,3
200600054810,0006-09-26 23:10:00,6,9,26,23,10,500,602,"0, GAMBETTA (RUE)",,,Nuit avec éclairage allumé,En agglomération,Intersection en X,Normale,Deux véhicules - arrière,,,,,,,,,,,5,2,2,1,2
200600054811,0006-09-27 14:30:00,6,9,27,14,30,500,129,"00, SCHUMAN (BOULEVARD R",,,Plein jour,En agglomération,Hors intersection,Normale,Deux véhicules - arrière,,,,,,,,,,,1,2,1,1,2
200600054812,0006-09-29 21:00:00,6,9,29,21,0,500,129,"0, REIBELL (AVENUE)",,,Nuit avec éclairage allumé,En agglomération,Hors intersection,Normale,Sans collision,,,,,,,,,,,5,2,1,1,7
200600054813,0006-09-14 19:20:00,6,9,14,19,20,500,147,D'OCHENFURT,,,Plein jour,En agglomération,Intersection en X,Normale,Deux véhicules - côté,,,,,,,,,,,1,2,2,1,3
200600054814,0006-09-28 16:45:00,6,9,28,16,45,500,532,LEZEAUX (ROUTE),,,Plein jour,En agglomération,Hors intersection,Normale,Autre collision,,,,,,,,,,,1,2,1,1,6
200600054815,0006-09-28 21:50:00,6,9,28,21,50,500,218,MATIGNON (AV DES),,,Nuit avec éclairage allumé,En agglomération,Intersection en T,Normale,Deux véhicules - côté,,,,,,,,,,,5,2,3,1,3
200600054816,0006-09-24 19:00:00,6,9,24,19,0,500,2,PERIERS (ROUTE DE),,,Plein jour,Hors agglomération,Hors intersection,Normale,Autre collision,,,,,,,,,,,1,1,1,1,6
200600054817,0006-09-07 07:50:00,6,9,7,7,50,510,108,"1, FORETS (ALL DE)",,,Plein jour,En agglomération,Intersection en T,Normale,Deux véhicules - côté,,,,,,,,,,,1,2,3,1,3
200600054818,0006-09-09 02:15:00,6,9,9,2,15,510,108,"3, SARRAIL (AVE GENERAL)",,,Nuit avec éclairage allumé,En agglomération,Hors intersection,Normale,Autre collision,,,,,,,,,,,5,2,1,1,6
200600054819,0006-09-09 23:10:00,6,9,9,23,10,510,506,"1, SIMON (AVE JACQUES)",,,Nuit avec éclairage allumé,En agglomération,Hors intersection,Normale,Deux véhicules - côté,,,,,,,,,,,5,2,1,1,3
200600054820,0006-09-24 19:20:00,6,9,24,19,20,510,108,"1, LYCEE (RUE DU)",,,Plein jour,En agglomération,Intersection en T,Normale,Deux véhicules - côté,,,,,,,,,,,1,2,3,1,3
200600054821,0006-09-11 18:30:00,6,9,11,18,30,510,230,"13, MARNE (QUAI DE)",,,Plein jour,En agglomération,Hors intersection,Normale,Autre collision,,,,,,,,,,,1,2,1,1,6
200600054822,0006-09-15 18:35:00,6,9,15,18,35,510,230,LEON BLUM,,,Plein jour,En agglomération,Intersection en X,Normale,Deux véhicules - côté,,,,,,,,,,,1,2,2,1,3
200600054823,0006-09-01 23:30:00,6,9,1,23,30,510,454,CHAMPAGNE   (  AVENUE DE,,,Nuit avec éclairage allumé,En agglomération,Hors intersection,Normale,Autre collision,,,,,,,,,,,5,2,1,1,6
200600054824,0006-09-03 20:55:00,6,9,3,20,55,510,454,LIBERGIER (RUE),,,Nuit avec éclairage allumé,En agglomération,Hors intersection,Normale,Deux véhicules - arrière,,,,,,,,,,,5,2,1,1,2
200600054825,0006-09-04 08:45:00,6,9,4,8,45,510,454,PEGUY (RUE CHARLES),,,Plein jour,En agglomération,Hors intersection,Normale,Autre collision,,,,,,,,,,,1,2,1,1,6
200600054826,0006-09-04 12:30:00,6,9,4,12,30,510,454,ROCKFELER (RUE),,,Plein jour,En agglomération,Hors intersection,Normale,Autre collision,,,,,,,,,,,1,2,1,1,6
200600054827,0006-09-04 16:00:00,6,9,4,16,0,510,454,"24, PASTEUR (BOULEVARD)",,,Plein jour,En agglomération,Hors intersection,Normale,Deux véhicules - côté,,,,,,,,,,,1,2,1,1,3
200600054828,0006-09-04 14:30:00,6,9,4,14,30,510,454,EPERNAY (AVENUE D') COTE,,,Plein jour,En agglomération,Intersection en X,Normale,Deux véhicules - côté,,,,,,,,,,,1,2,2,1,3
200600054829,0006-09-05 21:40:00,6,9,5,21,40,510,454,HINCMAR (RUE),,,Nuit avec éclairage allumé,En agglomération,Intersection en X,Normale,Deux véhicules - côté,,,,,,,,,,,5,2,2,1,3
200600054830,0006-09-06 16:15:00,6,9,6,16,15,510,454,LECLERC (BOULEVARD DU GE,,,Plein jour,En agglomération,Hors intersection,Normale,Deux véhicules - côté,,,,,,,,,,,1,2,1,1,3
200600054831,0006-09-08 21:10:00,6,9,8,21,10,510,454,GUICHARD (RUE JULES),,,Nuit avec éclairage allumé,En agglomération,Intersection en X,Normale,Trois véhicules et plus - en chaîne,,,,,,,,,,,5,2,2,1,4
200600054832,0006-09-12 21:10:00,6,9,12,21,10,510,454,MAURIAC  AVENUE FRANCOIS,,,Nuit avec éclairage allumé,En agglomération,Hors intersection,Normale,Deux véhicules - côté,,,,,,,,,,,5,2,1,1,3
200600054833,0006-09-15 07:05:00,6,9,15,7,5,510,454,", WITRY (ROUTE DE)",,,Plein jour,En agglomération,Hors intersection,Normale,Autre collision,,,,,,,,,,,1,2,1,1,6
200600054834,0006-09-15 15:05:00,6,9,15,15,5,510,454,", GAMBETTA (RUE) DU N°1",,,Plein jour,En agglomération,Intersection en X,Normale,Deux véhicules - arrière,,,,,,,,,,,1,2,2,1,2
200600054835,0006-09-25 04:05:00,6,9,25,4,5,510,454,ALLENDE GOSSENS (AVENUE,,,Nuit avec éclairage allumé,Hors agglomération,Hors intersection,Normale,Autre collision,,,,,,,,,,,5,1,1,1,6
200600054836,0006-09-25 07:20:00,6,9,25,7,20,510,454,BROSSOLETTE (RUE PIERRE),,,Crépuscule ou aube,En agglomération,Intersection en X,Normale,Deux véhicules - côté,,,,,,,,,,,2,2,2,1,3
200600054837,0006-09-27 08:30:00,6,9,27,8,30,510,454,CHALONS (ROUTE DE) RN 44,,,Plein jour,Hors agglomération,Hors intersection,Brouillard / fumée,Trois véhicules et plus - collisions multiples,,,,,,,,,,,1,1,1,5,5
200600054838,0006-09-27 16:45:00,6,9,27,16,45,510,454,WITRY (ROUTE DE),,,Plein jour,En agglomération,Intersection en X,Normale,Deux véhicules - côté,,,,,,,,,,,1,2,2,1,3
200600054839,0006-09-28 16:50:00,6,9,28,16,50,510,454,GERBERT (RUE),,,Plein jour,En agglomération,Intersection en X,Normale,Autre collision,,,,,,,,,,,1,2,2,1,6
200600054840,0006-09-30 17:45:00,6,9,30,17,45,510,454,"14, SIMONIN (RUE DU LIEU",,,Plein jour,En agglomération,Hors intersection,Normale,Autre collision,,,,,,,,,,,1,2,1,1,6
200600054841,0006-09-30 15:30:00,6,9,30,15,30,510,454,EPERNAY (AVENUE D') COTE,,,Plein jour,En agglomération,Hors intersection,Normale,Trois véhicules et plus - collisions multiples,,,,,,,,,,,1,2,1,1,5
200600054842,0006-09-05 18:22:00,6,9,5,18,22,520,121,R.N. 19 SUD,,,Plein jour,Hors agglomération,Intersection en X,Normale,Deux véhicules - côté,,,,,,,,,,,1,1,2,1,3
200600054843,0006-09-16 19:15:00,6,9,16,19,15,520,121,R.N.19 NORD,,,Plein jour,Hors agglomération,Intersection en X,Normale,Deux véhicules - côté,,,,,,,,,,,1,1,2,1,3
200600054844,0006-09-19 08:00:00,6,9,19,8,0,520,121,RD 143,,,Plein jour,Hors agglomération,Hors intersection,Normale,Autre collision,,,,,,,,,,,1,1,1,1,6
200600054845,0006-09-28 12:10:00,6,9,28,12,10,520,121,"4, ROBESPIERRE (RUE)",,,Plein jour,En agglomération,Hors intersection,Normale,Autre collision,,,,,,,,,,,1,2,1,1,6
200600054846,0006-09-15 14:30:00,6,9,15,14,30,520,121,R.N. 19 SUD,,,Plein jour,Hors agglomération,Intersection en T,Pluie légère,Deux véhicules - côté,,,,,,,,,,,1,1,3,2,3
200600054847,0006-09-30 14:10:00,6,9,30,14,10,520,121,RN 67,,,Plein jour,Hors agglomération,Intersection en X,Normale,Deux véhicules - côté,,,,,,,,,,,1,1,2,1,3
200600054848,0006-09-01 12:15:00,6,9,1,12,15,520,448,"29, MOUGEOT (RUE DU DOCT",,,Plein jour,En agglomération,Hors intersection,Temps éblouissant,Sans collision,,,,,,,,,,,1,2,1,7,7
200600054849,0006-09-02 16:45:00,6,9,2,16,45,520,448,"55, SARRAIL (AVENUE DU G",,,Plein jour,En agglomération,Hors intersection,Normale,Autre collision,,,,,,,,,,,1,2,1,1,6
200600054850,0006-09-14 12:15:00,6,9,14,12,15,520,448,"02, DUNANT (BOULEVARD HE",,,Plein jour,En agglomération,Hors intersection,Normale,Deux véhicules - frontale,,,,,,,,,,,1,2,1,1,1
200600054851,0006-09-21 20:45:00,6,9,21,20,45,520,448,TROIS FONTAINES (ROUTE D,,,Crépuscule ou aube,Hors agglomération,Hors intersection,Normale,Autre collision,,,,,,,,,,,2,1,1,1,6
200600054852,0006-09-27 19:04:00,6,9,27,19,4,520,448,"36, ALLENDE (BOULEVARD S",,,Plein jour,En agglomération,Hors intersection,Normale,Autre collision,,,,,,,,,,,1,2,1,1,6
200600054853,0006-09-08 10:00:00,6,9,8,10,0,530,130,"14, MURAT ( BOULEVARD )",,,Plein jour,En agglomération,Hors intersection,Normale,Autre collision,,,,,,,,,,,1,2,1,1,6
200600054854,0006-09-07 16:00:00,6,9,7,16,0,530,130,"1, 3 CROIX ( RUE DES )",,,Plein jour,En agglomération,Intersection en T,Normale,Deux véhicules - côté,,,,,,,,,,,1,2,3,1,3
200600054855,0006-09-18 23:20:00,6,9,18,23,20,540,263,"103, REPUBLIQUE (AVENUE",,,Nuit avec éclairage allumé,En agglomération,Hors intersection,Normale,Autre collision,,,,,,,,,,,5,2,1,1,6
200600054856,0006-09-04 14:40:00,6,9,4,14,40,540,273,WILSON (AVENUE),,,Plein jour,En agglomération,Intersection en T,Normale,Autre collision,,,,,,,,,,,1,2,3,1,6
200600054857,0006-09-10 13:05:00,6,9,10,13,5,540,542,NATIONALE 103,,,Plein jour,Hors agglomération,Intersection en T,Normale,Deux véhicules - côté,,,,,,,,,,,1,1,3,1,3
200600054858,0006-09-20 11:25:00,6,9,20,11,25,540,51,DEPARTEMENTALE 13,,,Plein jour,Hors agglomération,Intersection à plus de 4 branches,Normale,Deux véhicules - côté,,,,,,,,,,,1,1,5,1,3
200600054859,0006-09-28 10:58:00,6,9,28,10,58,540,273,TUILERIE (RUE DE LA),,,Plein jour,En agglomération,Intersection en X,Normale,Deux véhicules - côté,,,,,,,,,,,1,2,2,1,3
200600054860,0006-09-20 16:35:00,6,9,20,16,35,540,483,"1, D 401",,,Plein jour,Hors agglomération,Hors intersection,Normale,Deux véhicules - frontale,,,,,,,,,,,1,1,1,1,1
200600054861,0006-09-14 16:40:00,6,9,14,16,40,540,451,"16, CHENIERES (RUE DE)",,,Plein jour,En agglomération,Hors intersection,Temps couvert,Deux véhicules - frontale,,,,,,,,,,,1,2,1,8,1