accident_id,datetime,annee,mois,jour,heure,minute,departement,commune_insee,adresse,latitude,longitude,luminosite,agglomeration,intersection,meteo,collision,nb_vehicules,nb_usagers,nb_indemnes,nb_tues,nb_blesses_hosp,nb_blesses_legers,age_cond_1,age_cond_2,veh_type_cond_1,veh_type_cond_2,lum_code,agg_code,int_code,atm_code,col_code
200600054995,0006-09-11 18:25:00,6,9,11,18,25,570,463,"00, SAINT VINCENT DE PAU",,,Plein jour,En agglomération,Intersection en T,Temps éblouissant,Deux véhicules - frontale,,,,,,,,,,,1,2,3,7,1
200600054996,0006-09-12 12:20:00,6,9,12,12,20,570,463,"00, THIONVILLE (ROUTE DE",,,Plein jour,En agglomération,Hors intersection,Normale,Deux véhicules - côté,,,,,,,,,,,1,2,1,1,3
200600054997,0006-09-13 16:50:00,6,9,13,16,50,570,463,"00, CLOVIS (RUE )",,,Plein jour,En agglomération,Intersection en X,Normale,Sans collision,,,,,,,,,,,1,2,2,1,7
200600054998,0006-09-13 17:45:00,6,9,13,17,45,570,480,"23, SAINT ANDRE (RUE )",,,Plein jour,En agglomération,Hors intersection,Normale,Autre collision,,,,,,,,,,,1,2,1,1,6
200600054999,0006-09-15 15:55:00,6,9,15,15,55,570,463,"00, TREVES (BOULEVARD DE",,,Plein jour,En agglomération,Hors intersection,Pluie légère,Deux véhicules - arrière,,,,,,,,,,,1,2,1,2,2
200600055000,0006-09-17 21:00:00,6,9,17,21,0,570,463,"11, DAUPHINE (RUE DU )",,,Nuit avec éclairage allumé,En agglomération,Hors intersection,Normale,Autre collision,,,,,,,,,,,5,2,1,1,6
200600055001,0006-09-20 14:20:00,6,9,20,14,20,570,487,"00, JOUY (ROUTE DE )",,,Plein jour,En agglomération,Autre intersection,Normale,Deux véhicules - arrière,,,,,,,,,,,1,2,9,1,2
200600055002,0006-09-20 16:15:00,6,9,20,16,15,570,463,"28, XX EME CORPS AMERICA",,,Plein jour,En agglomération,Hors intersection,Normale,Deux véhicules - côté,,,,,,,,,,,1,2,1,1,3
200600055003,0006-09-26 10:20:00,6,9,26,10,20,570,463,"74-76, LORRY (ROUTE DE )",,,Plein jour,En agglomération,Intersection en X,Normale,Deux véhicules - côté,,,,,,,,,,,1,2,2,1,3
200600055004,0006-09-28 07:55:00,6,9,28,7,55,570,480,"6, GENERAL FRANIATTE (RU",,,Plein jour,En agglomération,Hors intersection,Brouillard / fumée,Deux véhicules - arrière,,,,,,,,,,,1,2,1,5,2
200600055005,0006-09-28 16:20:00,6,9,28,16,20,570,463,"00, HENRY DE RANCONVAL (",,,Plein jour,En agglomération,Intersection en Y,Normale,Deux véhicules - arrière,,,,,,,,,,,1,2,4,1,2
200600055006,0006-09-29 09:08:00,6,9,29,9,8,570,463,"15, PLAPPEVILLE (ROUTE D",,,Plein jour,En agglomération,Hors intersection,Normale,Deux véhicules - arrière,,,,,,,,,,,1,2,1,1,2
200600055007,0006-09-29 12:20:00,6,9,29,12,20,570,480,"52, FOSSE (RUE DU )",,,Plein jour,En agglomération,Hors intersection,Normale,Autre collision,,,,,,,,,,,1,2,1,1,6
200600055008,0006-09-07 17:10:00,6,9,7,17,10,570,606,"000000, HASLACH (ROUTE D",,,Plein jour,Hors agglomération,Place,Normale,Deux véhicules - côté,,,,,,,,,,,1,1,7,1,3
200600055009,0006-09-23 19:35:00,6,9,23,19,35,570,630,MANGIN (GENERAL),,,Crépuscule ou aube,En agglomération,Intersection en X,Normale,Deux véhicules - côté,,,,,,,,,,,2,2,2,1,3
200600055010,0006-09-01 17:40:00,6,9,1,17,40,570,630,NIDERVILLER,,,Plein jour,Hors agglomération,Intersection en X,Normale,Deux véhicules - côté,,,,,,,,,,,1,1,2,1,3
200600055011,0006-09-04 10:15:00,6,9,4,10,15,570,221,"2A, METZ (ROUTE DE)",,,Plein jour,En agglomération,Hors intersection,Normale,Autre collision,,,,,,,,,,,1,2,1,1,6
200600055012,0006-09-04 16:05:00,6,9,4,16,5,570,757,"55, NATIONALE (RUE)",,,Plein jour,En agglomération,Hors intersection,Normale,Deux véhicules - arrière,,,,,,,,,,,1,2,1,1,2
200600055013,0006-09-08 16:35:00,6,9,8,16,35,570,672,"23, BRIQUERIE (ROUTE DE",,,Plein jour,En agglomération,Hors intersection,Normale,Deux véhicules - frontale,,,,,,,,,,,1,2,1,1,1
200600055014,0006-09-08 22:20:00,6,9,8,22,20,570,672,"3, TURENNE (PLACE)",,,Nuit avec éclairage allumé,En agglomération,Hors intersection,Normale,Deux véhicules - côté,,,,,,,,,,,5,2,1,1,3
200600055015,0006-09-10 12:10:00,6,9,10,12,10,570,672,"0, MARECHAL JOFFRE (RUE)",,,Plein jour,En agglomération,Hors intersection,Normale,Deux véhicules - côté,,,,,,,,,,,1,2,1,1,3
200600055016,0006-09-14 20:15:00,6,9,14,20,15,570,757,ROOSEVELT (RUE DU PRESID,,,Nuit avec éclairage allumé,En agglomération,Intersection en X,Normale,Deux véhicules - côté,,,,,,,,,,,5,2,2,1,3
200600055017,0006-09-18 13:50:00,6,9,18,13,50,570,666,"1, VERDUN (ROUTE DE)",,,Plein jour,En agglomération,Intersection en X,Normale,Autre collision,,,,,,,,,,,1,2,2,1,6
200600055018,0006-09-26 17:55:00,6,9,26,17,55,570,306,METROPOLE (AVENUE DE LA),,,Plein jour,En agglomération,Hors intersection,Normale,Deux véhicules - côté,,,,,,,,,,,1,2,1,1,3
200600055019,0006-09-26 20:05:00,6,9,26,20,5,570,221,NATIONALE (RUE),,,Nuit avec éclairage allumé,En agglomération,Hors intersection,Normale,Deux véhicules - frontale,,,,,,,,,,,5,2,1,1,1
200600055020,0006-09-26 10:10:00,6,9,26,10,10,570,221,"175, GRAND'RUE",,,Plein jour,En agglomération,Hors intersection,Normale,Autre collision,,,,,,,,,,,1,2,1,1,6
200600055021,0006-09-26 12:45:00,6,9,26,12,45,570,221,DESCARTES (RUE),,,Plein jour,En agglomération,Hors intersection,Normale,Autre collision,,,,,,,,,,,1,2,1,1,6
200600055022,0006-09-22 21:50:00,6,9,22,21,50,570,757,ROOSEVELT (RUE DU PRESID,,,Nuit avec éclairage allumé,En agglomération,Intersection en X,Normale,Deux véhicules - côté,,,,,,,,,,,5,2,2,1,3
200600055023,0006-09-23 01:40:00,6,9,23,1,40,570,666,"0, 14 JUILLET (AVENUE DU",,,Nuit avec éclairage allumé,En agglomération,Hors intersection,Normale,Autre collision,,,,,,,,,,,5,2,1,1,6
200600055024,0006-09-21 17:30:00,6,9,21,17,30,570,672,"2, MANOM (ROUTE DE)",,,Plein jour,En agglomération,Hors intersection,Temps éblouissant,Autre collision,,,,,,,,,,,1,2,1,7,6
200600055025,0006-09-25 17:00:00,6,9,25,17,0,570,672,BUCHEL (ROUTE DU),,,Plein jour,En agglomération,Hors intersection,Pluie légère,Trois véhicules et plus - collisions multiples,,,,,,,,,,,1,2,1,2,5
200600055026,0006-09-28 16:45:00,6,9,28,16,45,570,306,"135, MENDES FRANCE (RUE",,,Plein jour,En agglomération,Hors intersection,Normale,Deux véhicules - arrière,,,,,,,,,,,1,2,1,1,2
200600055027,0006-09-26 09:50:00,6,9,26,9,50,570,672,"22, ANCIEN HOPITAL (RUE",,,Plein jour,En agglomération,Hors intersection,Normale,Autre collision,,,,,,,,,,,1,2,1,1,6
200600055028,0006-09-30 14:00:00,6,9,30,14,0,570,221,"10, CENTRALE (RUE DE LA)",,,Plein jour,En agglomération,Hors intersection,Normale,Deux véhicules - arrière,,,,,,,,,,,1,2,1,1,2
200600055029,0006-09-06 20:35:00,6,9,6,20,35,580,194,PISSEROTTE (BOULEVARD),,,Nuit sans éclairage public,En agglomération,Hors intersection,Normale,Sans collision,,,,,,,,,,,3,2,1,1,7
200600055030,0006-09-07 18:45:00,6,9,7,18,45,580,194,FRANCIS GARNIER,,,Plein jour,En agglomération,Intersection en X,Normale,Deux véhicules - côté,,,,,,,,,,,1,2,2,1,3
200600055031,0006-09-09 08:35:00,6,9,9,8,35,580,194,"SANS, SAINT EXUPERY (BOU",,,Plein jour,En agglomération,Intersection en T,Normale,Deux véhicules - côté,,,,,,,,,,,1,2,3,1,3
200600055032,0006-09-10 19:00:00,6,9,10,19,0,580,194,"SANS, TREIZIEME DE LIGNE",,,Plein jour,En agglomération,Intersection en T,Normale,Deux véhicules - côté,,,,,,,,,,,1,2,3,1,3
200600055033,0006-09-11 18:05:00,6,9,11,18,5,580,194,"SANS, BLAISE PASCAL",,,Plein jour,En agglomération,Intersection en T,Normale,Deux véhicules - frontale,,,,,,,,,,,1,2,3,1,1
200600055034,0006-09-12 17:45:00,6,9,12,17,45,580,194,MARIENNES,,,Plein jour,En agglomération,Hors intersection,Normale,Deux véhicules - arrière,,,,,,,,,,,1,2,1,1,2
200600055035,0006-09-15 19:00:00,6,9,15,19,0,580,194,MARECHAL LECLERC,,,Nuit sans éclairage public,En agglomération,Hors intersection,Pluie forte,Trois véhicules et plus - collisions multiples,,,,,,,,,,,3,2,1,3,5
200600055036,0006-09-12 18:35:00,6,9,12,18,35,580,194,"sans, BARATTE (FAUBOURG)",,,Plein jour,En agglomération,Hors intersection,Normale,Sans collision,,,,,,,,,,,1,2,1,1,7
200600055037,0006-09-21 07:55:00,6,9,21,7,55,580,194,COLBERT,,,Plein jour,En agglomération,Hors intersection,Normale,Autre collision,,,,,,,,,,,1,2,1,1,6
200600055038,0006-09-06 19:00:00,6,9,6,19,0,590,24,SOMAIN (RUE DE),,,Plein jour,En agglomération,Hors intersection,Normale,Deux véhicules - côté,,,,,,,,,,,1,2,1,1,3
200600055039,0006-09-16 10:50:00,6,9,16,10,50,590,17,"25, DUNKERQUE (RUE DE)",,,Plein jour,En agglomération,Hors intersection,Normale,Autre collision,,,,,,,,,,,1,2,1,1,6
200600055040,0006-09-07 20:50:00,6,9,7,20,50,590,17,"128, JEANNE D ARC (RUE )",,,Nuit avec éclairage allumé,En agglomération,Hors intersection,Normale,Deux véhicules - arrière,,,,,,,,,,,5,2,1,1,2
200600055041,0006-09-15 08:55:00,6,9,15,8,55,590,17,NATIONALE (RUE),,,Plein jour,En agglomération,Intersection en X,Normale,Deux véhicules - frontale,,,,,,,,,,,1,2,2,1,1
200600055042,0006-09-21 15:15:00,6,9,21,15,15,590,17,"3, QUAI (RUE DES )",,,Plein jour,En agglomération,Hors intersection,Normale,Deux véhicules - arrière,,,,,,,,,,,1,2,1,1,2
200600055043,0006-09-16 00:20:00,6,9,16,0,20,590,33,"123, MAUBEUGE (RUE DE)",,,Nuit avec éclairage allumé,En agglomération,Hors intersection,Normale,Trois véhicules et plus - collisions multiples,,,,,,,,,,,5,2,1,1,5
200600055044,0006-09-09 08:30:00,6,9,9,8,30,590,122,"70, CAUDRY (RUE DE)",,,Plein jour,En agglomération,Intersection en X,Temps éblouissant,Autre collision,,,,,,,,,,,1,2,2,7,6
200600055045,0006-09-15 23:55:00,6,9,15,23,55,590,122,ILE DE FRANCE (RUE D'),,,Nuit avec éclairage allumé,En agglomération,Intersection en X,Normale,Deux véhicules - côté,,,,,,,,,,,5,2,2,1,3
200600055046,0006-09-20 17:15:00,6,9,20,17,15,590,122,DUNKERQUE (AVENUE DE),,,Plein jour,En agglomération,Hors intersection,Normale,Autre collision,,,,,,,,,,,1,2,1,1,6
200600055047,0006-09-01 17:45:00,6,9,1,17,45,590,616,CABY (RUE MARCEL ),,,Plein jour,En agglomération,Hors intersection,Normale,Deux véhicules - côté,,,,,,,,,,,1,2,1,1,3
200600055048,0006-09-10 19:30:00,6,9,10,19,30,590,253,"99, JAURES (RUE JEAN )",,,Crépuscule ou aube,En agglomération,Hors intersection,Normale,Sans collision,,,,,,,,,,,2,2,1,1,7
200600055049,0006-09-12 11:50:00,6,9,12,11,50,590,253,VAILLANT COUTURIER (PLAC,,,Plein jour,En agglomération,Hors intersection,Normale,Sans collision,,,,,,,,,,,1,2,1,1,7
200600055050,0006-09-20 18:30:00,6,9,20,18,30,590,297,"1, LEBAS (R. JEAN BAPTIS",,,Plein jour,En agglomération,Hors intersection,Normale,Deux véhicules - côté,,,,,,,,,,,1,2,1,1,3
200600055051,0006-09-23 05:50:00,6,9,23,5,50,590,589,"0, CD 40",,,Nuit sans éclairage public,Hors agglomération,Hors intersection,Normale,Deux véhicules - arrière,,,,,,,,,,,3,1,1,1,2
200600055052,0006-09-21 13:50:00,6,9,21,13,50,590,172,"0, BERTHELOT (R.)",,,Plein jour,En agglomération,Intersection en T,Normale,Deux véhicules - côté,,,,,,,,,,,1,2,3,1,3
200600055053,0006-09-12 19:23:00,6,9,12,19,23,590,632,"0, JAURES (R. JEAN)",,,Plein jour,En agglomération,Hors intersection,Normale,Trois véhicules et plus - collisions multiples,,,,,,,,,,,1,2,1,1,5
200600055054,0006-09-22 19:30:00,6,9,22,19,30,590,329,REPUBLIQUE (RUE DE LA),,,Plein jour,En agglomération,Intersection en T,Normale,Deux véhicules - côté,,,,,,,,,,,1,2,3,1,3
200600055055,0006-09-06 14:50:00,6,9,6,14,50,590,540,"0.000, CORELLI - BOULEVA",,,Plein jour,En agglomération,Hors intersection,Normale,Deux véhicules - côté,,,,,,,,,,,1,2,1,1,3
200600055056,0006-09-05 23:10:00,6,9,5,23,10,590,380,"0.000, DUNES",,,Nuit sans éclairage public,Hors agglomération,Hors intersection,Normale,Autre collision,,,,,,,,,,,3,1,1,1,6
200600055057,0006-09-09 09:05:00,6,9,9,9,5,590,540,"0.0000, FLAMAND EDMOND",,,Plein jour,En agglomération,Hors intersection,Normale,Autre collision,,,,,,,,,,,1,2,1,1,6
200600055058,0006-09-07 09:30:00,6,9,7,9,30,590,155,"35, BERGUES CD 916 - ROU",,,Plein jour,En agglomération,Hors intersection,Normale,Deux véhicules - arrière,,,,,,,,,,,1,2,1,1,2
200600055059,0006-09-13 14:40:00,6,9,13,14,40,590,271,"0.000, GARE",,,Plein jour,En agglomération,Hors intersection,Normale,Deux véhicules - frontale,,,,,,,,,,,1,2,1,1,1
200600055060,0006-09-21 09:30:00,6,9,21,9,30,590,183,"0.000, MAHIEU ALBERT",,,Plein jour,En agglomération,Hors intersection,Normale,Deux véhicules - côté,,,,,,,,,,,1,2,1,1,3
200600055061,0006-09-25 21:10:00,6,9,25,21,10,590,271,"0.000, LA HAYE - PLACE",,,Nuit avec éclairage allumé,En agglomération,Hors intersection,Pluie légère,Autre collision,,,,,,,,,,,5,2,1,2,6
200600055062,0006-09-27 08:15:00,6,9,27,8,15,590,183,"0.000, EUROPE - BOULEVAR",,,Plein jour,En agglomération,Hors intersection,Normale,Deux véhicules - côté,,,,,,,,,,,1,2,1,1,3
200600055063,0006-09-25 07:40:00,6,9,25,7,40,590,183,"2, JAURES JEAN",,,Crépuscule ou aube,En agglomération,Hors intersection,Normale,Autre collision,,,,,,,,,,,2,2,1,1,6
200600055064,0006-09-29 14:30:00,6,9,29,14,30,590,183,"0.000, VERLEY PAUL - BOU",,,Plein jour,En agglomération,Hors intersection,Normale,Autre collision,,,,,,,,,,,1,2,1,1,6
200600055065,0006-09-27 13:30:00,6,9,27,13,30,590,155,"21, LOMME",,,Plein jour,En agglomération,Hors intersection,Normale,Deux véhicules - frontale,,,,,,,,,,,1,2,1,1,1
200600055066,0006-09-04 19:00:00,6,9,4,19,0,590,295,", ROUTE DE BLARINGHEM",,,Plein jour,En agglomération,Intersection en X,Normale,Deux véhicules - frontale,,,,,,,,,,,1,2,2,1,1
200600055067,0006-09-05 08:00:00,6,9,5,8,0,590,295,AVENUE DE LA HAUTE LOGE,,,Plein jour,En agglomération,Hors intersection,Normale,Trois véhicules et plus - collisions multiples,,,,,,,,,,,1,2,1,1,5
200600055068,0006-09-13 11:40:00,6,9,13,11,40,590,295,AIRE,,,Plein jour,En agglomération,Intersection en X,Normale,Deux véhicules - côté,,,,,,,,,,,1,2,2,1,3
200600055069,0006-09-03 21:20:00,6,9,3,21,20,590,378,CLEMENCEAU BLVD (N°146-2,,,Nuit avec éclairage allumé,En agglomération,Intersection en X,Normale,Deux véhicules - côté,,,,,,,,,,,5,2,2,1,3
200600055070,0006-09-01 15:50:00,6,9,1,15,50,590,636,"40, QUESNOY RUE DE",,,Plein jour,En agglomération,Hors intersection,Normale,Autre collision,,,,,,,,,,,1,2,1,1,6
200600055071,0006-09-04 16:33:00,6,9,4,16,33,590,350,"6, LECLERCQ PLACE DU MAR",,,Plein jour,En agglomération,Hors intersection,Normale,Autre collision,,,,,,,,,,,1,2,1,1,6
200600055072,0006-09-04 16:45:00,6,9,4,16,45,590,350,"24, FARADAY RUE",,,Plein jour,En agglomération,Hors intersection,Normale,Autre collision,,,,,,,,,,,1,2,1,1,6
200600055073,0006-09-04 17:00:00,6,9,4,17,0,590,350,"4, CHOPIN FREDERIC SQUAR",,,Plein jour,En agglomération,Hors intersection,Normale,Autre collision,,,,,,,,,,,1,2,1,1,6
200600055074,0006-09-05 12:30:00,6,9,5,12,30,590,9,OUEST BOULEVARD DE L,,,Plein jour,En agglomération,Intersection à plus de 4 branches,Normale,Deux véhicules - côté,,,,,,,,,,,1,2,5,1,3
200600055075,0006-09-05 17:05:00,6,9,5,17,5,590,220,"3, PARIS AVENUE DE",,,Plein jour,En agglomération,Hors intersection,Normale,Deux véhicules - côté,,,,,,,,,,,1,2,1,1,3
200600055076,0006-09-05 14:30:00,6,9,5,14,30,590,636,SAINT PIERRE RUE,,,Plein jour,En agglomération,Intersection en Y,Normale,Sans collision,,,,,,,,,,,1,2,4,1,7
200600055077,0006-09-06 12:00:00,6,9,6,12,0,590,128,POINCARE RUE,,,Plein jour,En agglomération,Intersection en X,Normale,Autre collision,,,,,,,,,,,1,2,2,1,6
200600055078,0006-09-06 08:10:00,6,9,6,8,10,590,350,"Sans objet, PROGRES RUE",,,Plein jour,En agglomération,Hors intersection,Normale,Autre collision,,,,,,,,,,,1,2,1,1,6
200600055079,0006-09-06 11:25:00,6,9,6,11,25,590,350,LECLERC PLACE DU MAL. N°,,,Plein jour,En agglomération,Hors intersection,Normale,Autre collision,,,,,,,,,,,1,2,1,1,6
200600055080,0006-09-06 18:00:00,6,9,6,18,0,590,9,"37, VILLON FRANCOIS RUE",,,Plein jour,En agglomération,Hors intersection,Normale,Autre collision,,,,,,,,,,,1,2,1,1,6
200600055081,0006-09-04 22:00:00,6,9,4,22,0,590,566,"55, PONT RUE DU",,,Nuit avec éclairage allumé,En agglomération,Hors intersection,Autre,Trois véhicules et plus - collisions multiples,,,,,,,,,,,5,2,1,9,5
200600055082,0006-09-07 11:30:00,6,9,7,11,30,590,350,HEGEL RUE,,,Plein jour,En agglomération,Hors intersection,Normale,Autre collision,,,,,,,,,,,1,2,1,1,6
200600055083,0006-09-06 14:15:00,6,9,6,14,15,590,328,AMPERE RUE,,,Plein jour,En agglomération,Intersection en X,Normale,Deux véhicules - côté,,,,,,,,,,,1,2,2,1,3
200600055084,0006-09-08 16:30:00,6,9,8,16,30,590,350,"001, FAIDHERBE RUE",,,Plein jour,En agglomération,Hors intersection,Normale,Autre collision,,,,,,,,,,,1,2,1,1,6
200600055085,0006-09-11 07:55:00,6,9,11,7,55,590,328,"239, HIPPODROME AV DE L",,,Plein jour,En agglomération,Hors intersection,Normale,Autre collision,,,,,,,,,,,1,2,1,1,6
200600055086,0006-09-11 10:50:00,6,9,11,10,50,590,350,"71, KENNEDY AVENUE",,,Plein jour,En agglomération,Hors intersection,Normale,Autre collision,,,,,,,,,,,1,2,1,1,6
200600055087,0006-09-11 09:45:00,6,9,11,9,45,590,350,"131, DUNKERQUE AVENUE",,,Plein jour,En agglomération,Intersection en T,Normale,Autre collision,,,,,,,,,,,1,2,3,1,6
200600055088,0006-09-11 11:00:00,6,9,11,11,0,590,566,"CALMETTE, RUE DU Dr",,,Plein jour,En agglomération,Intersection en T,Normale,Deux véhicules - arrière,,,,,,,,,,,1,2,3,1,2
200600055089,0006-09-11 04:15:00,6,9,11,4,15,590,328,"0, HIPPODROME AV DE L N°",,,Nuit sans éclairage public,En agglomération,Intersection en X,Normale,Deux véhicules - côté,,,,,,,,,,,3,2,2,1,3
200600055090,0006-09-11 12:30:00,6,9,11,12,30,590,368,"21, DE GAULLE RUE DU GEN",,,Plein jour,En agglomération,Hors intersection,Normale,Sans collision,,,,,,,,,,,1,2,1,1,7
200600055091,0006-09-11 17:10:00,6,9,11,17,10,590,350,"45, VERHAEGHE DESIRE RUE",,,Plein jour,En agglomération,Hors intersection,Normale,Autre collision,,,,,,,,,,,1,2,1,1,6
200600055092,0006-09-11 13:55:00,6,9,11,13,55,590,378,MENIN RUE DE,,,Plein jour,En agglomération,Hors intersection,Normale,Deux véhicules - arrière,,,,,,,,,,,1,2,1,1,2
200600055093,0006-09-12 14:50:00,6,9,12,14,50,590,286,"15, FOCH RUE DU MARECHAL",,,Plein jour,En agglomération,Hors intersection,Normale,Autre collision,,,,,,,,,,,1,2,1,1,6
200600055094,0006-09-12 14:35:00,6,9,12,14,35,590,350,"001, FAUBOURG D'ARRAS RU",,,Plein jour,En agglomération,Intersection en X,Normale,Deux véhicules - côté,,,,,,,,,,,1,2,2,1,3
200600055095,0006-09-12 18:35:00,6,9,12,18,35,590,386,"240, YPRES RUE D",,,Plein jour,En agglomération,Hors intersection,Normale,Autre collision,,,,,,,,,,,1,2,1,1,6
200600055096,0006-09-12 19:30:00,6,9,12,19,30,590,350,REGNAULT HENRI RUE,,,Plein jour,En agglomération,Hors intersection,Normale,Autre collision,,,,,,,,,,,1,2,1,1,6
200600055097,0006-09-13 06:55:00,6,9,13,6,55,590,9,FUSILLES RUE DES DU N° 2,,,Crépuscule ou aube,En agglomération,Intersection en Y,Normale,Deux véhicules - côté,,,,,,,,,,,2,2,4,1,3
200600055098,0006-09-13 14:00:00,6,9,13,14,0,590,350,NATIONALE RUE N°2 A 178B,,,Plein jour,En agglomération,Intersection en X,Normale,Deux véhicules - côté,,,,,,,,,,,1,2,2,1,3
200600055099,0006-09-13 14:45:00,6,9,13,14,45,590,350,"233, FAUBOURG D'ARRAS RU",,,Plein jour,En agglomération,Hors intersection,Normale,Autre collision,,,,,,,,,,,1,2,1,1,6
200600055100,0006-09-13 16:10:00,6,9,13,16,10,590,350,"23, LEBAS JEAN BAPTISTE",,,Plein jour,En agglomération,Hors intersection,Normale,Autre collision,,,,,,,,,,,1,2,1,1,6
200600055101,0006-09-13 17:15:00,6,9,13,17,15,590,350,"00, AUGUSTINS RUE DES",,,Plein jour,En agglomération,Intersection en T,Normale,Deux véhicules - côté,,,,,,,,,,,1,2,3,1,3
200600055102,0006-09-14 01:05:00,6,9,14,1,5,590,286,"107, DEFRETIN COUR/RUE S",,,Nuit avec éclairage allumé,En agglomération,Hors intersection,Normale,Autre collision,,,,,,,,,,,5,2,1,1,6
200600055103,0006-09-08 21:10:00,6,9,8,21,10,590,368,"63, REPUBLIQUE AVENUE DE",,,Nuit avec éclairage allumé,En agglomération,Hors intersection,Normale,Autre collision,,,,,,,,,,,5,2,1,1,6
200600055104,0006-09-13 13:50:00,6,9,13,13,50,590,378,"001, MARNE AVENUE DE LA",,,Plein jour,En agglomération,Hors intersection,Normale,Deux véhicules - côté,,,,,,,,,,,1,2,1,1,3
200600055105,0006-09-14 11:10:00,6,9,14,11,10,590,350,"78, MONTEBELLO BD PAIRS",,,Plein jour,En agglomération,Intersection en X,Normale,Autre collision,,,,,,,,,,,1,2,2,1,6
200600055106,0006-09-14 19:00:00,6,9,14,19,0,590,350,"00, FRANCE ANTOLE RUE",,,Crépuscule ou aube,En agglomération,Intersection en X,Normale,Autre collision,,,,,,,,,,,2,2,2,1,6
200600055107,0006-09-09 19:30:00,6,9,9,19,30,590,378,"Sans objet, CLEMENCEAU B",,,Plein jour,En agglomération,Hors intersection,Normale,Autre collision,,,,,,,,,,,1,2,1,1,6
200600055108,0006-09-14 12:05:00,6,9,14,12,5,590,350,"122, SOLFERINO RUE N°110",,,Plein jour,En agglomération,Hors intersection,Normale,Deux véhicules - côté,,,,,,,,,,,1,2,1,1,3
200600055109,0006-09-14 17:00:00,6,9,14,17,0,590,368,GARE RUE DE LA,,,Plein jour,En agglomération,Intersection en T,Normale,Deux véhicules - côté,,,,,,,,,,,1,2,3,1,3
200600055110,0006-09-15 19:00:00,6,9,15,19,0,590,410,"08, DELEMER FLORIMOND RU",,,Plein jour,En agglomération,Hors intersection,Normale,Autre collision,,,,,,,,,,,1,2,1,1,6
200600055111,0006-09-15 15:00:00,6,9,15,15,0,590,9,"00, COLBERT RUE",,,Plein jour,En agglomération,Hors intersection,Temps éblouissant,Sans collision,,,,,,,,,,,1,2,1,7,7
200600055112,0006-09-16 13:15:00,6,9,16,13,15,590,286,"180, CARNOT SADI RUE",,,Plein jour,En agglomération,Hors intersection,Normale,Autre collision,,,,,,,,,,,1,2,1,1,6
200600055113,0006-09-18 08:35:00,6,9,18,8,35,590,350,"157, FAIDHERBE RUE",,,Plein jour,En agglomération,Intersection en T,Normale,Autre collision,,,,,,,,,,,1,2,3,1,6
200600055114,0006-09-18 14:00:00,6,9,18,14,0,590,350,"00, HUGO VICTOR RUE",,,Plein jour,En agglomération,Intersection en T,Normale,Autre collision,,,,,,,,,,,1,2,3,1,6
200600055115,0006-09-18 18:00:00,6,9,18,18,0,590,346,CAMP FRANCAIS RUE DES,,,Plein jour,En agglomération,Hors intersection,Normale,Autre collision,,,,,,,,,,,1,2,1,1,6
200600055116,0006-09-15 07:45:00,6,9,15,7,45,590,378,"61, ASTRID RUE DE LA REI",,,Plein jour,En agglomération,Hors intersection,Normale,Autre collision,,,,,,,,,,,1,2,1,1,6
200600055117,0006-09-19 10:20:00,6,9,19,10,20,590,386,"001, LILLE RUE DE",,,Plein jour,En agglomération,Hors intersection,Pluie légère,Deux véhicules - arrière,,,,,,,,,,,1,2,1,2,2
200600055118,0006-09-19 08:00:00,6,9,19,8,0,590,350,"50, LIBERTE BVD N°2 A 90",,,Plein jour,En agglomération,Hors intersection,Normale,Autre collision,,,,,,,,,,,1,2,1,1,6
200600055119,0006-09-13 15:17:00,6,9,13,15,17,590,128,"71, MAIRIE",,,Plein jour,En agglomération,Hors intersection,Normale,Deux véhicules - arrière,,,,,,,,,,,1,2,1,1,2
200600055120,0006-09-19 11:40:00,6,9,19,11,40,590,350,FAUBOURG DES POSTES RUE,,,Plein jour,En agglomération,Intersection en X,Normale,Deux véhicules - côté,,,,,,,,,,,1,2,2,1,3
200600055121,0006-09-19 15:05:00,6,9,19,15,5,590,350,"136, NATIONALE RUE N°RES",,,Plein jour,En agglomération,Intersection en X,Normale,Deux véhicules - côté,,,,,,,,,,,1,2,2,1,3
200600055122,0006-09-01 18:50:00,6,9,1,18,50,590,220,"28, OZANAM FREDERIC RUE",,,Plein jour,En agglomération,Hors intersection,Normale,Autre collision,,,,,,,,,,,1,2,1,1,6
200600055123,0006-09-20 18:20:00,6,9,20,18,20,590,350,"813, DUNKERQUE AVENUE",,,Plein jour,En agglomération,Intersection en T,Normale,Deux véhicules - côté,,,,,,,,,,,1,2,3,1,3
200600055124,0006-09-21 07:20:00,6,9,21,7,20,590,286,"01, LOSTES RUE DES",,,Plein jour,En agglomération,Intersection en X,Normale,Deux véhicules - côté,,,,,,,,,,,1,2,2,1,3
200600055125,0006-09-20 12:30:00,6,9,20,12,30,590,507,"001, CLEMENCEAU RUE",,,Plein jour,En agglomération,Hors intersection,Normale,Deux véhicules - côté,,,,,,,,,,,1,2,1,1,3
200600055126,0006-09-22 19:40:00,6,9,22,19,40,590,350,KUHLMANN RUE,,,Plein jour,En agglomération,Hors intersection,Normale,Deux véhicules - arrière,,,,,,,,,,,1,2,1,1,2
200600055127,0006-09-22 23:10:00,6,9,22,23,10,590,470,"1251, Route Nationale -",,,Nuit sans éclairage public,En agglomération,Hors intersection,Normale,Deux véhicules - arrière,,,,,,,,,,,3,2,1,1,2
200600055128,0006-09-23 12:35:00,6,9,23,12,35,590,350,"127, DUNKERQUE AVENUE DE",,,Plein jour,En agglomération,Hors intersection,Normale,Autre collision,,,,,,,,,,,1,2,1,1,6