accident_id,datetime,annee,mois,jour,heure,minute,departement,commune_insee,adresse,latitude,longitude,luminosite,agglomeration,intersection,meteo,collision,nb_vehicules,nb_usagers,nb_indemnes,nb_tues,nb_blesses_hosp,nb_blesses_legers,age_cond_1,age_cond_2,veh_type_cond_1,veh_type_cond_2,lum_code,agg_code,int_code,atm_code,col_code
200600055129,0006-09-22 21:45:00,6,9,22,21,45,590,350,"00, HUGO VICTOR RUE",,,Nuit avec éclairage allumé,En agglomération,Intersection en T,Normale,Autre collision,,,,,,,,,,,5,2,3,1,6
200600055130,0006-09-23 16:45:00,6,9,23,16,45,590,220,CHEMIN ROUGE,,,Plein jour,En agglomération,Intersection en X,Normale,Deux véhicules - côté,,,,,,,,,,,1,2,2,1,3
200600055131,0006-09-25 07:10:00,6,9,25,7,10,590,9,FUSILLES RUE DES DU N° 2,,,Crépuscule ou aube,En agglomération,Autre intersection,Normale,Autre collision,,,,,,,,,,,2,2,9,1,6
200600055132,0006-09-25 13:30:00,6,9,25,13,30,590,196,"Sans objet, VOIE DE LIAI",,,Plein jour,En agglomération,Hors intersection,Normale,Autre collision,,,,,,,,,,,1,2,1,1,6
200600055133,0006-09-26 09:00:00,6,9,26,9,0,590,368,"52, DE GAULLE RUE DU GEN",,,Plein jour,En agglomération,Hors intersection,Normale,Autre collision,,,,,,,,,,,1,2,1,1,6
200600055134,0006-09-26 15:23:00,6,9,26,15,23,590,350,DUNKERQUE AVENUE,,,Plein jour,En agglomération,Hors intersection,Normale,Autre collision,,,,,,,,,,,1,2,1,1,6
200600055135,0006-09-20 14:55:00,6,9,20,14,55,590,527,"Sans objet, LECLERC RUE",,,Plein jour,En agglomération,Hors intersection,Normale,Autre collision,,,,,,,,,,,1,2,1,1,6
200600055136,0006-09-28 18:45:00,6,9,28,18,45,590,350,"001, MATTEOTI RUE",,,Plein jour,En agglomération,Intersection en Y,Normale,Deux véhicules - côté,,,,,,,,,,,1,2,4,1,3
200600055137,0006-09-30 03:30:00,6,9,30,3,30,590,350,"12, LECLERCQ PLACE DU MA",,,Nuit avec éclairage allumé,En agglomération,Hors intersection,Pluie légère,Autre collision,,,,,,,,,,,5,2,1,2,6
200600055138,0006-09-30 10:10:00,6,9,30,10,10,590,609,"Sans objet, SECLIN RUE D",,,Plein jour,En agglomération,Hors intersection,Normale,Autre collision,,,,,,,,,,,1,2,1,1,6
200600055139,0006-09-01 21:45:00,6,9,1,21,45,590,365,DIX-NEUF MARS 1962 (AVEN,,,Nuit avec éclairage non allumé,En agglomération,Hors intersection,Normale,Deux véhicules - côté,,,,,,,,,,,4,2,1,1,3
200600055140,0006-09-04 13:52:00,6,9,4,13,52,590,230,CLEMENCEAU (AVENUE),,,Plein jour,En agglomération,Hors intersection,Normale,Deux véhicules - arrière,,,,,,,,,,,1,2,1,1,2
200600055141,0006-09-05 16:10:00,6,9,5,16,10,590,392,JEAN MABUSE (AVENUE),,,Plein jour,En agglomération,Hors intersection,Normale,Autre collision,,,,,,,,,,,1,2,1,1,6
200600055142,0006-09-08 19:20:00,6,9,8,19,20,590,424,HECTOR CARTIGNY (RUE),,,Plein jour,En agglomération,Intersection en X,Normale,Deux véhicules - côté,,,,,,,,,,,1,2,2,1,3
200600055143,0006-09-16 16:30:00,6,9,16,16,30,590,392,JEAN JAURES (AVENUE),,,Plein jour,En agglomération,Intersection en X,Normale,Deux véhicules - côté,,,,,,,,,,,1,2,2,1,3
200600055144,0006-09-02 15:02:00,6,9,2,15,2,590,512,INDUSTRIE (RUE DE L'),,,Plein jour,En agglomération,Intersection en X,Normale,Deux véhicules - côté,,,,,,,,,,,1,2,2,1,3
200600055145,0006-09-04 17:45:00,6,9,4,17,45,590,512,REIMS (BOULEVARD DE),,,Plein jour,En agglomération,Intersection en X,Normale,Autre collision,,,,,,,,,,,1,2,2,1,6
200600055146,0006-09-04 23:11:00,6,9,4,23,11,590,512,LANNOY (RUE DE ),,,Nuit avec éclairage allumé,En agglomération,Intersection en X,Normale,Deux véhicules - côté,,,,,,,,,,,5,2,2,1,3
200600055147,0006-09-04 17:50:00,6,9,4,17,50,590,339,CD 700,,,Plein jour,Hors agglomération,Hors intersection,Pluie légère,Trois véhicules et plus - en chaîne,,,,,,,,,,,1,1,1,2,4
200600055148,0006-09-08 21:03:00,6,9,8,21,3,590,512,ALOUETTE (RUE DE L'),,,Nuit avec éclairage allumé,En agglomération,Hors intersection,Normale,Sans collision,,,,,,,,,,,5,2,1,1,7
200600055149,0006-09-10 16:00:00,6,9,10,16,0,590,650,COUTEAUX (BOULEVARD DES),,,Plein jour,En agglomération,Hors intersection,Normale,Autre collision,,,,,,,,,,,1,2,1,1,6
200600055150,0006-09-10 11:50:00,6,9,10,11,50,590,646,MOLINEL (RUE DU),,,Plein jour,En agglomération,Hors intersection,Normale,Sans collision,,,,,,,,,,,1,2,1,1,7
200600055151,0006-09-13 13:00:00,6,9,13,13,0,590,512,MOLIERE (RUE),,,Plein jour,En agglomération,Intersection en X,Normale,Deux véhicules - côté,,,,,,,,,,,1,2,2,1,3
200600055152,0006-09-13 18:55:00,6,9,13,18,55,590,512,VERDUN (AVENUE DE),,,Plein jour,En agglomération,Hors intersection,Normale,Autre collision,,,,,,,,,,,1,2,1,1,6
200600055153,0006-09-12 18:05:00,6,9,12,18,5,590,512,ROLLIN (RUE),,,Plein jour,En agglomération,Intersection en T,Normale,Deux véhicules - côté,,,,,,,,,,,1,2,3,1,3
200600055154,0006-09-12 18:15:00,6,9,12,18,15,590,512,GUESDE (RUE JULES),,,Plein jour,En agglomération,Intersection en T,Normale,Deux véhicules - côté,,,,,,,,,,,1,2,3,1,3
200600055155,0006-09-16 20:05:00,6,9,16,20,5,590,163,BRASSERIE (RUE DE LA),,,Nuit avec éclairage allumé,En agglomération,Intersection en T,Normale,Sans collision,,,,,,,,,,,5,2,3,1,7
200600055156,0006-09-14 11:10:00,6,9,14,11,10,590,650,TILLEUL (RUE DU),,,Plein jour,En agglomération,Intersection en X,Normale,Autre collision,,,,,,,,,,,1,2,2,1,6
200600055157,0006-09-18 19:00:00,6,9,18,19,0,590,299,GUESDE (RUE JULES),,,Plein jour,En agglomération,Intersection en T,Normale,Deux véhicules - côté,,,,,,,,,,,1,2,3,1,3
200600055158,0006-09-17 14:10:00,6,9,17,14,10,590,512,GUESDE (RUE JULES),,,Plein jour,En agglomération,Intersection en X,Normale,Deux véhicules - côté,,,,,,,,,,,1,2,2,1,3
200600055159,0006-09-18 13:10:00,6,9,18,13,10,590,512,LAVOISIER (RUE),,,Plein jour,En agglomération,Intersection en T,Normale,Autre collision,,,,,,,,,,,1,2,3,1,6
200600055160,0006-09-23 15:45:00,6,9,23,15,45,590,512,NATIONS UNIES (AVENUE DE,,,Plein jour,En agglomération,Intersection en T,Normale,Sans collision,,,,,,,,,,,1,2,3,1,7
200600055161,0006-09-12 12:55:00,6,9,12,12,55,590,512,LANNOY (MAIL DE),,,Plein jour,En agglomération,Intersection en X,Normale,Autre collision,,,,,,,,,,,1,2,2,1,6
200600055162,0006-09-16 12:50:00,6,9,16,12,50,590,512,LECONTE BAILLON (RUE),,,Plein jour,En agglomération,Intersection en X,Normale,Deux véhicules - côté,,,,,,,,,,,1,2,2,1,3
200600055163,0006-09-17 12:00:00,6,9,17,12,0,590,650,NOUVEAU MONDE (RUE DU),,,Plein jour,En agglomération,Hors intersection,Normale,Autre collision,,,,,,,,,,,1,2,1,1,6
200600055164,0006-09-23 20:05:00,6,9,23,20,5,590,512,VERDUN (AVENUE DE),,,Plein jour,En agglomération,Intersection en X,Normale,Deux véhicules - côté,,,,,,,,,,,1,2,2,1,3
200600055165,0006-09-28 16:30:00,6,9,28,16,30,590,512,LANNOY (RUE DE ),,,Plein jour,En agglomération,Intersection en T,Normale,Deux véhicules - côté,,,,,,,,,,,1,2,3,1,3
200600055166,0006-09-06 12:55:00,6,9,6,12,55,590,646,CHATEAUX (RUE DES),,,Plein jour,Hors agglomération,Hors intersection,Normale,Deux véhicules - côté,,,,,,,,,,,1,1,1,1,3
200600055167,0006-09-25 11:52:00,6,9,25,11,52,590,512,MONS (RUE DE),,,Plein jour,En agglomération,Hors intersection,Normale,Autre collision,,,,,,,,,,,1,2,1,1,6
200600055168,0006-09-15 07:50:00,6,9,15,7,50,590,512,REIMS (BOULEVARD DE),,,Plein jour,En agglomération,Hors intersection,Normale,Autre collision,,,,,,,,,,,1,2,1,1,6
200600055169,0006-09-30 21:50:00,6,9,30,21,50,590,650,BAILLERIE (RUE DE LA),,,Nuit avec éclairage allumé,En agglomération,Intersection en X,Normale,Deux véhicules - frontale,,,,,,,,,,,5,2,2,1,1
200600055170,0006-09-26 13:10:00,6,9,26,13,10,590,512,LUXEMBOURG (RUE DU),,,Plein jour,En agglomération,Intersection en X,Normale,Deux véhicules - côté,,,,,,,,,,,1,2,2,1,3
200600055171,0006-09-19 10:10:00,6,9,19,10,10,590,512,FOURMIES (BOULEVARD DE),,,Plein jour,En agglomération,Hors intersection,Normale,Trois véhicules et plus - en chaîne,,,,,,,,,,,1,2,1,1,4
200600055172,0006-09-30 15:30:00,6,9,30,15,30,590,512,ANTOING (RUE D'),,,Plein jour,En agglomération,Intersection en X,Normale,Deux véhicules - côté,,,,,,,,,,,1,2,2,1,3
200600055173,0006-09-30 17:50:00,6,9,30,17,50,590,367,LEBAS (RUE JEAN BAPTISTE,,,Plein jour,En agglomération,Intersection en T,Normale,Autre collision,,,,,,,,,,,1,2,3,1,6
200600055174,0006-09-24 20:22:00,6,9,24,20,22,590,650,CASTERMANT (RUE CHARLES),,,Nuit avec éclairage allumé,En agglomération,Intersection en T,Normale,Deux véhicules - côté,,,,,,,,,,,5,2,3,1,3
200600055175,0006-09-29 16:35:00,6,9,29,16,35,590,512,NATIONS UNIES (AVENUE DE,,,Plein jour,En agglomération,Intersection en X,Normale,Sans collision,,,,,,,,,,,1,2,2,1,7
200600055176,0006-09-29 19:15:00,6,9,29,19,15,590,650,DE GAULLE (RUE DU GENERA,,,Plein jour,En agglomération,Intersection en Y,Normale,Sans collision,,,,,,,,,,,1,2,4,1,7
200600055177,0006-09-18 17:26:00,6,9,18,17,26,590,512,NATIONS UNIES (AVENUE DE,,,Plein jour,En agglomération,Intersection en X,Normale,Autre collision,,,,,,,,,,,1,2,2,1,6
200600055178,0006-09-15 14:20:00,6,9,15,14,20,590,526,"0.000, DE VALENCIENNES",,,Plein jour,En agglomération,Giratoire,Normale,Deux véhicules - arrière,,,,,,,,,,,1,2,6,1,2
200600055179,0006-09-18 14:00:00,6,9,18,14,0,590,203,EDOUARD VAILLANT  (RUE),,,Plein jour,En agglomération,Intersection en X,Normale,Deux véhicules - côté,,,,,,,,,,,1,2,2,1,3
200600055180,0006-09-03 17:20:00,6,9,3,17,20,590,599,DRON (AVENUE GUSTAVE),,,Plein jour,En agglomération,Intersection en X,Normale,Autre collision,,,,,,,,,,,1,2,2,1,6
200600055181,0006-09-05 18:00:00,6,9,5,18,0,590,599,MARSEILLE (RUE DE),,,Plein jour,En agglomération,Intersection en X,Normale,Deux véhicules - côté,,,,,,,,,,,1,2,2,1,3
200600055182,0006-09-06 12:25:00,6,9,6,12,25,590,599,MALCENSE (RUE DE LA),,,Plein jour,En agglomération,Hors intersection,Normale,Deux véhicules - frontale,,,,,,,,,,,1,2,1,1,1
200600055183,0006-09-08 19:55:00,6,9,8,19,55,590,508,"270, LILLE (RUE DE)MENIN",,,Crépuscule ou aube,En agglomération,Hors intersection,Normale,Deux véhicules - côté,,,,,,,,,,,2,2,1,1,3
200600055184,0006-09-10 14:50:00,6,9,10,14,50,590,90,"RN17, GAULLE (AVENUE DU",,,Plein jour,Hors agglomération,Intersection en T,Normale,Deux véhicules - côté,,,,,,,,,,,1,1,3,1,3
200600055185,0006-09-05 19:00:00,6,9,5,19,0,590,152,AMPERE (RUE),,,Plein jour,En agglomération,Intersection en T,Normale,Deux véhicules - côté,,,,,,,,,,,1,2,3,1,3
200600055186,0006-09-12 08:22:00,6,9,12,8,22,590,279,TRIEZ A CAILLOUX (RUE),,,Plein jour,En agglomération,Intersection en T,Normale,Deux véhicules - côté,,,,,,,,,,,1,2,3,1,3
200600055187,0006-09-14 17:00:00,6,9,14,17,0,590,599,PAPIN (CHAUSSEE DENIS),,,Plein jour,En agglomération,Hors intersection,Normale,Autre collision,,,,,,,,,,,1,2,1,1,6
200600055188,0006-09-16 23:50:00,6,9,16,23,50,590,599,"neant, DESROUSSEAUX (RUE",,,Nuit avec éclairage allumé,En agglomération,Hors intersection,Normale,Sans collision,,,,,,,,,,,5,2,1,1,7
200600055189,0006-09-18 14:50:00,6,9,18,14,50,590,599,"., FONDERIE (RUE DE LA)",,,Plein jour,En agglomération,Intersection en X,Temps couvert,Autre collision,,,,,,,,,,,1,2,2,8,6
200600055190,0006-09-22 02:45:00,6,9,22,2,45,590,508,"140, PASTEUR (RUE)",,,Nuit avec éclairage allumé,Hors agglomération,Hors intersection,Normale,Autre collision,,,,,,,,,,,5,1,1,1,6
200600055191,0006-09-21 18:10:00,6,9,21,18,10,590,421,"91, CARNOT (BLD)DE 30A46",,,Plein jour,En agglomération,Hors intersection,Normale,Deux véhicules - côté,,,,,,,,,,,1,2,1,1,3
200600055192,0006-09-22 15:15:00,6,9,22,15,15,590,599,CURIE (CHAUSSEE PIERRE),,,Plein jour,En agglomération,Intersection en X,Normale,Autre collision,,,,,,,,,,,1,2,2,1,6
200600055193,0006-09-26 08:10:00,6,9,26,8,10,590,599,"., GRAMME (CHAUSSEE)",,,Plein jour,En agglomération,Hors intersection,Temps couvert,Autre collision,,,,,,,,,,,1,2,1,8,6
200600055194,0006-09-26 19:15:00,6,9,26,19,15,590,599,"14, CORNEILLE (RUE PIERR",,,Crépuscule ou aube,En agglomération,Hors intersection,Normale,Autre collision,,,,,,,,,,,2,2,1,1,6
200600055195,0006-09-27 18:05:00,6,9,27,18,5,590,599,OMNIBUS (RUE DES),,,Plein jour,En agglomération,Intersection en X,Normale,Deux véhicules - côté,,,,,,,,,,,1,2,2,1,3
200600055196,0006-09-04 21:15:00,6,9,4,21,15,590,606,"19, DAMPIERRE (AVENUE)",,,Nuit avec éclairage allumé,En agglomération,Hors intersection,Normale,Autre collision,,,,,,,,,,,5,2,1,1,6
200600055197,0006-09-10 18:20:00,6,9,10,18,20,590,112,"533 B, JAURES (RUE JEAN)",,,Plein jour,En agglomération,Intersection en T,Normale,Autre collision,,,,,,,,,,,1,2,3,1,6
200600055198,0006-09-06 16:30:00,6,9,6,16,30,590,484,CONDE (RUE DE),,,Plein jour,En agglomération,Intersection en T,Normale,Deux véhicules - côté,,,,,,,,,,,1,2,3,1,3
200600055199,0006-09-02 19:00:00,6,9,2,19,0,590,606,DUCHESNOIS (AVENUE),,,Plein jour,En agglomération,Hors intersection,Normale,Deux véhicules - côté,,,,,,,,,,,1,2,1,1,3
200600055200,0006-09-05 21:00:00,6,9,5,21,0,590,606,DE GAULLE (PLACE CHARLES,,,Nuit avec éclairage allumé,En agglomération,Giratoire,Normale,Autre collision,,,,,,,,,,,5,2,6,1,6
200600055201,0006-09-14 23:50:00,6,9,14,23,50,590,606,DESANDROUIN (AV) - ST WA,,,Nuit sans éclairage public,En agglomération,Hors intersection,Normale,Deux véhicules - arrière,,,,,,,,,,,3,2,1,1,2
200600055202,0006-09-04 17:05:00,6,9,4,17,5,590,14,JAURES (RUE JEAN),,,Plein jour,En agglomération,Intersection en T,Normale,Deux véhicules - côté,,,,,,,,,,,1,2,3,1,3
200600055203,0006-09-23 03:50:00,6,9,23,3,50,590,606,POMPIDOU (AVENUE GEORGES,,,Nuit avec éclairage allumé,En agglomération,Giratoire,Normale,Autre collision,,,,,,,,,,,5,2,6,1,6
200600055204,0006-09-12 15:00:00,6,9,12,15,0,590,606,REIMS (AVENUE DE),,,Plein jour,En agglomération,Intersection en T,Normale,Autre collision,,,,,,,,,,,1,2,3,1,6
200600055205,0006-09-22 22:15:00,6,9,22,22,15,590,14,BEAULIEUX (RUE DU SOLDAT,,,Nuit avec éclairage allumé,En agglomération,Intersection en T,Normale,Deux véhicules - côté,,,,,,,,,,,5,2,3,1,3
200600055206,0006-09-06 10:30:00,6,9,6,10,30,590,383,BARBUSSE (AVENUE HENRI),,,Plein jour,En agglomération,Intersection en X,Normale,Autre collision,,,,,,,,,,,1,2,2,1,6
200600055207,0006-09-21 17:25:00,6,9,21,17,25,590,606,LIEGE (AVENUE DE),,,Plein jour,En agglomération,Hors intersection,Normale,Deux véhicules - côté,,,,,,,,,,,1,2,1,1,3
200600055208,0006-09-15 13:40:00,6,9,15,13,40,590,14,BEAULIEUX (RUE DU SOLDAT,,,Plein jour,En agglomération,Intersection en T,Normale,Deux véhicules - côté,,,,,,,,,,,1,2,3,1,3
200600055209,0006-09-30 16:45:00,6,9,30,16,45,590,369,PATURETTES (AVENUE DES),,,Plein jour,En agglomération,Hors intersection,Normale,Autre collision,,,,,,,,,,,1,2,1,1,6
200600055210,0006-09-20 12:00:00,6,9,20,12,0,590,14,FRANCE (AVENUE ANATOLE),,,Plein jour,En agglomération,Intersection en T,Normale,Deux véhicules - côté,,,,,,,,,,,1,2,3,1,3
200600055211,0006-09-16 12:45:00,6,9,16,12,45,590,112,MERLICANS (RUE DES),,,Plein jour,En agglomération,Hors intersection,Normale,Autre collision,,,,,,,,,,,1,2,1,1,6
200600055212,0006-09-29 21:45:00,6,9,29,21,45,590,112,JAURES (RUE JEAN),,,Nuit avec éclairage allumé,En agglomération,Intersection en T,Pluie forte,Deux véhicules - côté,,,,,,,,,,,5,2,3,3,3
200600055213,0006-09-24 18:00:00,6,9,24,18,0,590,14,MATHIEU (RUE PIERRE),,,Plein jour,En agglomération,Intersection en T,Normale,Autre collision,,,,,,,,,,,1,2,3,1,6
200600055214,0006-09-26 07:40:00,6,9,26,7,40,590,447,THIERS (RUE DE),,,Plein jour,En agglomération,Intersection en X,Normale,Autre collision,,,,,,,,,,,1,2,2,1,6
200600055215,0006-09-22 07:30:00,6,9,22,7,30,590,606,"188, DAMPIERRE (AVENUE)",,,Plein jour,En agglomération,Intersection en T,Normale,Autre collision,,,,,,,,,,,1,2,3,1,6
200600055216,0006-09-15 09:10:00,6,9,15,9,10,590,606,SALY (BOULEVARD),,,Plein jour,En agglomération,Hors intersection,Normale,Deux véhicules - côté,,,,,,,,,,,1,2,1,1,3
200600055217,0006-09-01 10:50:00,6,9,1,10,50,590,491,JAURES (RUE JEAN),,,Plein jour,En agglomération,Hors intersection,Normale,Autre collision,,,,,,,,,,,1,2,1,1,6
200600055218,0006-09-10 19:45:00,6,9,10,19,45,600,57,JEAN ROSTAND (AVENUE) >,,,Plein jour,En agglomération,Hors intersection,Normale,Deux véhicules - arrière,,,,,,,,,,,1,2,1,1,2
200600055219,0006-09-20 06:35:00,6,9,20,6,35,600,57,CLERMONT (RUE DE) PAIR>C,,,Crépuscule ou aube,En agglomération,Intersection en X,Autre,Deux véhicules - côté,,,,,,,,,,,2,2,2,9,3
200600055220,0006-09-24 03:55:00,6,9,24,3,55,600,57,"1, BLAISE PASCAL  (AVENU",,,Nuit avec éclairage allumé,En agglomération,Hors intersection,Pluie légère,Autre collision,,,,,,,,,,,5,2,1,2,6
200600055221,0006-09-30 16:15:00,6,9,30,16,15,600,159,EUROPE (AV.DE L'),,,Plein jour,En agglomération,Autre intersection,Normale,Deux véhicules - côté,,,,,,,,,,,1,2,9,1,3
200600055222,0006-09-03 21:45:00,6,9,3,21,45,600,414,CROIZAT (AVENUE AMBROISE,,,Nuit avec éclairage non allumé,En agglomération,Hors intersection,Normale,Autre collision,,,,,,,,,,,4,2,1,1,6
200600055223,0006-09-09 22:00:00,6,9,9,22,0,600,414,"35, FRANCE (AVENUE ANATO",,,Nuit avec éclairage allumé,En agglomération,Hors intersection,Normale,Autre collision,,,,,,,,,,,5,2,1,1,6
200600055224,0006-09-16 06:20:00,6,9,16,6,20,600,175,RD 201_ROND POINT P.BLAN,,,Nuit sans éclairage public,Hors agglomération,Hors intersection,Normale,Deux véhicules - frontale,,,,,,,,,,,3,1,1,1,1
200600055225,0006-09-18 08:45:00,6,9,18,8,45,600,175,RD 201_ROND POINT P.BLAN,,,Plein jour,Hors agglomération,Hors intersection,Pluie légère,Sans collision,,,,,,,,,,,1,1,1,2,7
200600055226,0006-09-03 09:15:00,6,9,3,9,15,610,1,SAINFOINS (RUE DES),,,Plein jour,En agglomération,Intersection en T,Normale,Deux véhicules - côté,,,,,,,,,,,1,2,3,1,3
200600055227,0006-09-15 21:25:00,6,9,15,21,25,610,1,"2, QUAKENBRUCK (AVENUE D",,,Nuit avec éclairage allumé,En agglomération,Hors intersection,Normale,Autre collision,,,,,,,,,,,5,2,1,1,6
200600055228,0006-09-25 17:30:00,6,9,25,17,30,610,1,"39, GENERAL LECLERC (AVE",,,Plein jour,En agglomération,Hors intersection,Normale,Deux véhicules - côté,,,,,,,,,,,1,2,1,1,3
200600055229,0006-09-08 20:50:00,6,9,8,20,50,610,169,MONT SAINT MICHEL (RUE D,,,Nuit avec éclairage allumé,En agglomération,Autre intersection,Normale,Deux véhicules - frontale,,,,,,,,,,,5,2,9,1,1
200600055230,0006-09-22 23:00:00,6,9,22,23,0,610,218,VISANCE (RUE DE LA),,,Nuit sans éclairage public,Hors agglomération,Hors intersection,Normale,Sans collision,,,,,,,,,,,3,1,1,1,7
200600055231,0006-09-01 03:25:00,6,9,1,3,25,620,753,"43, RUE D' ESTIENNE CAUC",,,Nuit avec éclairage allumé,En agglomération,Giratoire,Normale,Autre collision,,,,,,,,,,,5,2,6,1,6
200600055232,0006-09-01 15:35:00,6,9,1,15,35,620,41,"0, BLD FAIDHERBE",,,Plein jour,En agglomération,Intersection en X,Normale,Deux véhicules - côté,,,,,,,,,,,1,2,2,1,3
200600055233,0006-09-09 17:10:00,6,9,9,17,10,620,753,RD 950,,,Plein jour,Hors agglomération,Hors intersection,Normale,Deux véhicules - arrière,,,,,,,,,,,1,1,1,1,2
200600055234,0006-09-13 17:50:00,6,9,13,17,50,620,41,"0, CRESPEL (BD)",,,Plein jour,En agglomération,Intersection en T,Normale,Autre collision,,,,,,,,,,,1,2,3,1,6
200600055235,0006-09-20 22:40:00,6,9,20,22,40,620,41,"0, LOBBEDEZ ( AV. FERNAN",,,Nuit avec éclairage allumé,En agglomération,Intersection à plus de 4 branches,Normale,Deux véhicules - côté,,,,,,,,,,,5,2,5,1,3
200600055236,0006-09-15 17:55:00,6,9,15,17,55,620,41,"44 Bis, BAPAUME (ROUTE D",,,Plein jour,En agglomération,Hors intersection,Normale,Autre collision,,,,,,,,,,,1,2,1,1,6
200600055237,0006-09-24 20:25:00,6,9,24,20,25,620,744,RN 25,,,Nuit sans éclairage public,Hors agglomération,Hors intersection,Pluie légère,Autre collision,,,,,,,,,,,3,1,1,2,6
200600055238,0006-09-30 17:10:00,6,9,30,17,10,620,41,"0, BOCQUET FLOCHEL",,,Plein jour,En agglomération,Giratoire,Normale,Deux véhicules - côté,,,,,,,,,,,1,2,6,1,3
200600055239,0006-09-11 12:00:00,6,9,11,12,0,620,217,NEDON (CHEMIN DE),,,Plein jour,En agglomération,Intersection en T,Normale,Deux véhicules - côté,,,,,,,,,,,1,2,3,1,3
200600055240,0006-09-27 18:05:00,6,9,27,18,5,620,516,ALLAOUAGNE (CHEMIN D'),,,Crépuscule ou aube,En agglomération,Hors intersection,Normale,Trois véhicules et plus - collisions multiples,,,,,,,,,,,2,2,1,1,5
200600055241,0006-09-01 21:45:00,6,9,1,21,45,620,65,RN 17,,,Nuit sans éclairage public,Hors agglomération,Hors intersection,Normale,Autre collision,,,,,,,,,,,3,1,1,1,6
200600055242,0006-09-04 11:35:00,6,9,4,11,35,620,65,"35 BIS, VAILLANT EDOUARD",,,Plein jour,En agglomération,Hors intersection,Normale,Deux véhicules - frontale,,,,,,,,,,,1,2,1,1,1
200600055243,0006-09-11 13:15:00,6,9,11,13,15,620,570,BIZET (GEORGES),,,Plein jour,En agglomération,Intersection en X,Normale,Deux véhicules - côté,,,,,,,,,,,1,2,2,1,3
200600055244,0006-09-11 13:45:00,6,9,11,13,45,620,570,"87, SIMON (PIERRE)",,,Plein jour,En agglomération,Hors intersection,Normale,Autre collision,,,,,,,,,,,1,2,1,1,6
200600055245,0006-09-11 17:10:00,6,9,11,17,10,620,65,FRANCE (BOULEVARD ANATOL,,,Plein jour,En agglomération,Hors intersection,Normale,Deux véhicules - arrière,,,,,,,,,,,1,2,1,1,2
200600055246,0006-09-14 23:00:00,6,9,14,23,0,620,570,"115, SIMON (PIERRE)",,,Nuit avec éclairage allumé,En agglomération,Hors intersection,Normale,Autre collision,,,,,,,,,,,5,2,1,1,6
200600055247,0006-09-16 14:30:00,6,9,16,14,30,620,65,"99, PERI (GABRIEL BD)",,,Plein jour,En agglomération,Hors intersection,Normale,Deux véhicules - côté,,,,,,,,,,,1,2,1,1,3
200600055248,0006-09-16 14:00:00,6,9,16,14,0,620,570,D 262,,,Plein jour,En agglomération,Hors intersection,Normale,Autre collision,,,,,,,,,,,1,2,1,1,6
200600055249,0006-09-26 08:45:00,6,9,26,8,45,620,65,"00, SIEGE 7 (AVENUE)",,,Plein jour,En agglomération,Hors intersection,Normale,Sans collision,,,,,,,,,,,1,2,1,1,7
200600055250,0006-09-25 10:40:00,6,9,25,10,40,620,724,D 46,,,Plein jour,En agglomération,Hors intersection,Pluie légère,Autre collision,,,,,,,,,,,1,2,1,2,6
200600055251,0006-09-26 16:20:00,6,9,26,16,20,620,570,"102, DESMOULIN (CAMILLE)",,,Plein jour,En agglomération,Hors intersection,Normale,Sans collision,,,,,,,,,,,1,2,1,1,7
200600055252,0006-09-17 18:30:00,6,9,17,18,30,620,108,SAINT EXUPERY,,,Plein jour,En agglomération,Intersection en X,Normale,Deux véhicules - côté,,,,,,,,,,,1,2,2,1,3
200600055253,0006-09-23 19:40:00,6,9,23,19,40,620,108,"449, IMPERATRICE",,,Plein jour,En agglomération,Intersection en T,Normale,Deux véhicules - côté,,,,,,,,,,,1,2,3,1,3
200600055254,0006-09-30 23:35:00,6,9,30,23,35,620,119,"10, LILLE ( RUE DE )",,,Nuit avec éclairage allumé,En agglomération,Intersection en T,Normale,Deux véhicules - côté,,,,,,,,,,,5,2,3,1,3
200600055255,0006-09-30 01:50:00,6,9,30,1,50,620,119,BERTHELOT ( RUE MARCELLI,,,Nuit avec éclairage allumé,En agglomération,Hors intersection,Normale,Autre collision,,,,,,,,,,,5,2,1,1,6
200600055256,0006-09-10 11:15:00,6,9,10,11,15,620,119,"10, CHURCHILL ( AVENUE )",,,Plein jour,En agglomération,Hors intersection,Temps éblouissant,Autre collision,,,,,,,,,,,1,2,1,7,6
200600055257,0006-09-29 02:50:00,6,9,29,2,50,620,893,C.D. 940,,,Nuit sans éclairage public,Hors agglomération,Autre intersection,Normale,Sans collision,,,,,,,,,,,3,1,9,1,7
200600055258,0006-09-11 11:55:00,6,9,11,11,55,620,178,"422, REPUBLIQUE ( DE LA",,,Plein jour,En agglomération,Hors intersection,Normale,Autre collision,,,,,,,,,,,1,2,1,1,6
200600055259,0006-09-22 15:20:00,6,9,22,15,20,620,178,BOURGOGNE ( DE ),,,Plein jour,En agglomération,Hors intersection,Normale,Deux véhicules - frontale,,,,,,,,,,,1,2,1,1,1
200600055260,0006-09-07 15:40:00,6,9,7,15,40,620,193,GAMBETTA (BOULEVARD),,,Plein jour,En agglomération,Hors intersection,Normale,Autre collision,,,,,,,,,,,1,2,1,1,6
200600055261,0006-09-09 00:25:00,6,9,9,0,25,620,193,REGNIERS (CHEMIN DES),,,Nuit avec éclairage allumé,En agglomération,Hors intersection,Normale,Autre collision,,,,,,,,,,,5,2,1,1,6
200600055262,0006-09-08 18:55:00,6,9,8,18,55,620,193,"96, HERMANT (RUE H.)",,,Plein jour,En agglomération,Hors intersection,Normale,Autre collision,,,,,,,,,,,1,2,1,1,6