accident_id,datetime,annee,mois,jour,heure,minute,departement,commune_insee,adresse,latitude,longitude,luminosite,agglomeration,intersection,meteo,collision,nb_vehicules,nb_usagers,nb_indemnes,nb_tues,nb_blesses_hosp,nb_blesses_legers,age_cond_1,age_cond_2,veh_type_cond_1,veh_type_cond_2,lum_code,agg_code,int_code,atm_code,col_code
200600055263,0006-09-08 06:00:00,6,9,8,6,0,620,193,VICTOR HUGO (BOULEVARD),,,Crépuscule ou aube,En agglomération,Hors intersection,Normale,Autre collision,,,,,,,,,,,2,2,1,1,6
200600055264,0006-09-17 04:30:00,6,9,17,4,30,620,193,ROYALE,,,Nuit avec éclairage allumé,En agglomération,Hors intersection,Normale,Autre collision,,,,,,,,,,,5,2,1,1,6
200600055265,0006-09-21 14:00:00,6,9,21,14,0,620,193,Grand Courant (Chemin du,,,Plein jour,En agglomération,Hors intersection,Normale,Sans collision,,,,,,,,,,,1,2,1,1,7
200600055266,0006-09-05 18:05:00,6,9,5,18,5,620,250,"74, BRIQUET (R RAOUL )",,,Plein jour,En agglomération,Hors intersection,Normale,Autre collision,,,,,,,,,,,1,2,1,1,6
200600055267,0006-09-16 21:00:00,6,9,16,21,0,620,215,"127, PONT DE GRES (R DU)",,,Nuit avec éclairage allumé,En agglomération,Hors intersection,Normale,Deux véhicules - côté,,,,,,,,,,,5,2,1,1,3
200600055268,0006-09-11 11:25:00,6,9,11,11,25,620,907,"sans, LIBERATION(Rond po",,,Plein jour,En agglomération,Hors intersection,Normale,Deux véhicules - côté,,,,,,,,,,,1,2,1,1,3
200600055269,0006-09-18 17:50:00,6,9,18,17,50,620,215,"sans, NATIONALE 17  (RTE",,,Plein jour,Hors agglomération,Hors intersection,Normale,Deux véhicules - arrière,,,,,,,,,,,1,1,1,1,2
200600055270,0006-09-30 20:55:00,6,9,30,20,55,620,250,"sans, BRETON (R EMILE)",,,Nuit avec éclairage allumé,En agglomération,Intersection en X,Pluie légère,Deux véhicules - côté,,,,,,,,,,,5,2,2,2,3
200600055271,0006-09-28 17:55:00,6,9,28,17,55,620,413,"sans, ZOLA (R EMILE)",,,Plein jour,En agglomération,Intersection en T,Normale,Deux véhicules - côté,,,,,,,,,,,1,2,3,1,3
200600055272,0006-09-30 15:40:00,6,9,30,15,40,620,250,"57 ter, LECLERC (AV. DU",,,Plein jour,En agglomération,Hors intersection,Normale,Autre collision,,,,,,,,,,,1,2,1,1,6
200600055273,0006-09-29 13:35:00,6,9,29,13,35,620,413,"sans, BARBUSSE (AV.)",,,Plein jour,En agglomération,Intersection en X,Normale,Deux véhicules - côté,,,,,,,,,,,1,2,2,1,3
200600055274,0006-09-07 15:20:00,6,9,7,15,20,620,587,CHEMIN DEPARTEMENTAL 46,,,Plein jour,Hors agglomération,Hors intersection,Normale,Deux véhicules - côté,,,,,,,,,,,1,1,1,1,3
200600055275,0006-09-24 15:20:00,6,9,24,15,20,620,133,"83, REPUBLIQUE (AV. DE L",,,Plein jour,En agglomération,Hors intersection,Normale,Autre collision,,,,,,,,,,,1,2,1,1,6
200600055276,0006-09-27 16:45:00,6,9,27,16,45,620,497,"0, TOURAINE (R DE)",,,Plein jour,En agglomération,Giratoire,Normale,Deux véhicules - côté,,,,,,,,,,,1,2,6,1,3
200600055277,0006-09-12 19:00:00,6,9,12,19,0,620,249,"0, RD 160",,,Plein jour,Hors agglomération,Hors intersection,Normale,Deux véhicules - arrière,,,,,,,,,,,1,1,1,1,2
200600055278,0006-09-26 09:00:00,6,9,26,9,0,620,133,"0, OUSSEKINE (R MALIK)",,,Plein jour,En agglomération,Intersection en X,Normale,Deux véhicules - arrière,,,,,,,,,,,1,2,2,1,2
200600055279,0006-09-06 18:40:00,6,9,6,18,40,620,215,"sans, OIGNIES (RTE D')",,,Plein jour,Hors agglomération,Intersection en X,Normale,Deux véhicules - côté,,,,,,,,,,,1,1,2,1,3
200600055280,0006-09-08 13:45:00,6,9,8,13,45,620,498,"sans, LANOY (R RENE)",,,Plein jour,En agglomération,Intersection en X,Normale,Deux véhicules - côté,,,,,,,,,,,1,2,2,1,3
200600055281,0006-09-08 14:10:00,6,9,8,14,10,620,498,"98, BASLY (BD EMILE)",,,Plein jour,En agglomération,Hors intersection,Normale,Autre collision,,,,,,,,,,,1,2,1,1,6
200600055282,0006-09-22 19:45:00,6,9,22,19,45,620,842,"sans, BASLY (R EMILE)",,,Crépuscule ou aube,En agglomération,Intersection en X,Normale,Deux véhicules - côté,,,,,,,,,,,2,2,2,1,3
200600055283,0006-09-10 22:35:00,6,9,10,22,35,620,498,"10, EVIAN (R D')",,,Nuit avec éclairage allumé,En agglomération,Hors intersection,Normale,Autre collision,,,,,,,,,,,5,2,1,1,6
200600055284,0006-09-08 17:20:00,6,9,8,17,20,620,498,"26, VAN PELT (AV. ALFRED",,,Plein jour,En agglomération,Hors intersection,Temps éblouissant,Autre collision,,,,,,,,,,,1,2,1,7,6
200600055285,0006-09-28 12:00:00,6,9,28,12,0,620,771,"sans, EGLISE (R DE L')",,,Plein jour,En agglomération,Hors intersection,Normale,Autre collision,,,,,,,,,,,1,2,1,1,6
200600055286,0006-09-20 18:25:00,6,9,20,18,25,620,498,DEPORTES (R DES),,,Plein jour,En agglomération,Intersection en X,Normale,Deux véhicules - côté,,,,,,,,,,,1,2,2,1,3
200600055287,0006-09-18 20:30:00,6,9,18,20,30,620,386,"., DINANT (BD DE)",,,Nuit avec éclairage allumé,En agglomération,Intersection en X,Normale,Deux véhicules - côté,,,,,,,,,,,5,2,2,1,3
200600055288,0006-09-01 16:25:00,6,9,1,16,25,630,113,", FLAMINA (RUE DE)",,,Plein jour,En agglomération,Intersection en X,Normale,Deux véhicules - frontale,,,,,,,,,,,1,2,2,1,1
200600055289,0006-09-02 07:15:00,6,9,2,7,15,630,113,CLEMENTEL (BD ETIENNE),,,Plein jour,En agglomération,Autre intersection,Normale,Autre collision,,,,,,,,,,,1,2,9,1,6
200600055290,0006-09-03 12:15:00,6,9,3,12,15,630,113,"150, LAFAYETTE (BD)",,,Plein jour,En agglomération,Hors intersection,Normale,Deux véhicules - côté,,,,,,,,,,,1,2,1,1,3
200600055291,0006-09-03 14:20:00,6,9,3,14,20,630,113,"1, ORADOU (RUE DE L')",,,Plein jour,En agglomération,Intersection en X,Normale,Deux véhicules - côté,,,,,,,,,,,1,2,2,1,3
200600055292,0006-09-02 16:25:00,6,9,2,16,25,630,113,"1, DIDEROT (RUE)",,,Plein jour,En agglomération,Intersection en X,Normale,Autre collision,,,,,,,,,,,1,2,2,1,6
200600055293,0006-09-04 09:45:00,6,9,4,9,45,630,113,RESSORT (RUE DU),,,Plein jour,En agglomération,Autre intersection,Normale,Autre collision,,,,,,,,,,,1,2,9,1,6
200600055294,0006-09-04 17:30:00,6,9,4,17,30,630,113,"1, POMPIDOU (BD GEORGES)",,,Plein jour,Hors agglomération,Hors intersection,Normale,Deux véhicules - côté,,,,,,,,,,,1,1,1,1,3
200600055295,0006-09-05 14:30:00,6,9,5,14,30,630,113,"1, POINCARE (COURS RAYMO",,,Plein jour,En agglomération,Hors intersection,Normale,Sans collision,,,,,,,,,,,1,2,1,1,7
200600055296,0006-09-06 15:30:00,6,9,6,15,30,630,113,"66, UNION SOVIETIQUE (AV",,,Plein jour,En agglomération,Hors intersection,Normale,Autre collision,,,,,,,,,,,1,2,1,1,6
200600055297,0006-09-06 23:21:00,6,9,6,23,21,630,75,"127, ROYAT (AVENUE DE)",,,Nuit avec éclairage allumé,En agglomération,Hors intersection,Normale,Sans collision,,,,,,,,,,,5,2,1,1,7
200600055298,0006-09-07 09:45:00,6,9,7,9,45,630,113,"109, PUY DE DOME (AVENUE",,,Plein jour,En agglomération,Hors intersection,Normale,Autre collision,,,,,,,,,,,1,2,1,1,6
200600055299,0006-09-07 14:00:00,6,9,7,14,0,630,113,"47, SABLON (COURS)",,,Plein jour,En agglomération,Hors intersection,Normale,Deux véhicules - arrière,,,,,,,,,,,1,2,1,1,2
200600055300,0006-09-08 21:01:00,6,9,8,21,1,630,113,"19, CHANTURGUE (RUE DES",,,Nuit avec éclairage allumé,En agglomération,Hors intersection,Normale,Sans collision,,,,,,,,,,,5,2,1,1,7
200600055301,0006-09-08 21:35:00,6,9,8,21,35,630,113,"53, BONNABAUD (RUE)",,,Nuit avec éclairage allumé,En agglomération,Hors intersection,Normale,Autre collision,,,,,,,,,,,5,2,1,1,6
200600055302,0006-09-09 11:10:00,6,9,9,11,10,630,113,"175, FLAUBERT (BD GUSTAV",,,Plein jour,En agglomération,Hors intersection,Normale,Autre collision,,,,,,,,,,,1,2,1,1,6
200600055303,0006-09-09 12:20:00,6,9,9,12,20,630,14,"34, ROUSSILLON (AVENUE D",,,Plein jour,En agglomération,Hors intersection,Normale,Deux véhicules - côté,,,,,,,,,,,1,2,1,1,3
200600055304,0006-09-09 13:40:00,6,9,9,13,40,630,113,"189, CLEMENTEL (BD ETIEN",,,Plein jour,En agglomération,Hors intersection,Normale,Autre collision,,,,,,,,,,,1,2,1,1,6
200600055305,0006-09-09 18:00:00,6,9,9,18,0,630,14,"82, MOULIN (AVENUE JEAN)",,,Plein jour,En agglomération,Hors intersection,Normale,Deux véhicules - côté,,,,,,,,,,,1,2,1,1,3
200600055306,0006-09-10 22:17:00,6,9,10,22,17,630,113,"1, CHANTERANNE (RUE DE)",,,Nuit avec éclairage allumé,En agglomération,Intersection en T,Normale,Deux véhicules - côté,,,,,,,,,,,5,2,3,1,3
200600055307,0006-09-11 06:50:00,6,9,11,6,50,630,113,ESTAING (RUE D'),,,Plein jour,En agglomération,Hors intersection,Normale,Autre collision,,,,,,,,,,,1,2,1,1,6
200600055308,0006-09-11 08:45:00,6,9,11,8,45,630,75,"1, GARNAUDES (PETITE RUE",,,Plein jour,En agglomération,Hors intersection,Normale,Autre collision,,,,,,,,,,,1,2,1,1,6
200600055309,0006-09-12 10:05:00,6,9,12,10,5,630,113,MOULIN (BD JEAN),,,Plein jour,En agglomération,Hors intersection,Normale,Deux véhicules - côté,,,,,,,,,,,1,2,1,1,3
200600055310,0006-09-12 16:00:00,6,9,12,16,0,630,14,"1, ROUSSILLON (AVENUE DU",,,Plein jour,En agglomération,Hors intersection,Normale,Deux véhicules - côté,,,,,,,,,,,1,2,1,1,3
200600055311,0006-09-12 16:30:00,6,9,12,16,30,630,113,"1, FLAUBERT (BD GUSTAVE)",,,Plein jour,En agglomération,Hors intersection,Normale,Deux véhicules - arrière,,,,,,,,,,,1,2,1,1,2
200600055312,0006-09-12 17:30:00,6,9,12,17,30,630,14,VARENNES (RUE DES),,,Plein jour,En agglomération,Hors intersection,Normale,Autre collision,,,,,,,,,,,1,2,1,1,6
200600055313,0006-09-13 12:05:00,6,9,13,12,5,630,113,"1, DUMAS (BD J.BAPTISTE)",,,Plein jour,En agglomération,Hors intersection,Normale,Sans collision,,,,,,,,,,,1,2,1,1,7
200600055314,0006-09-13 18:10:00,6,9,13,18,10,630,113,CLAUDIUS (CHAUSSEE),,,Plein jour,En agglomération,Hors intersection,Normale,Deux véhicules - arrière,,,,,,,,,,,1,2,1,1,2
200600055315,0006-09-14 15:20:00,6,9,14,15,20,630,113,BEAULIEU (CHEMIN DE),,,Plein jour,Hors agglomération,Hors intersection,Normale,Autre collision,,,,,,,,,,,1,1,1,1,6
200600055316,0006-09-14 17:00:00,6,9,14,17,0,630,113,"38, COTE BLATIN (BD)",,,Plein jour,En agglomération,Hors intersection,Temps couvert,Autre collision,,,,,,,,,,,1,2,1,8,6
200600055317,0006-09-14 17:45:00,6,9,14,17,45,630,113,"1, DURTOL (ROUTE DE)",,,Plein jour,En agglomération,Hors intersection,Normale,Autre collision,,,,,,,,,,,1,2,1,1,6
200600055318,0006-09-15 10:55:00,6,9,15,10,55,630,113,BARBIER DAUBREE (AVENUE),,,Plein jour,En agglomération,Intersection en X,Normale,Autre collision,,,,,,,,,,,1,2,2,1,6
200600055319,0006-09-16 04:20:00,6,9,16,4,20,630,113,"1, LAVOISIERS (BD)",,,Nuit avec éclairage allumé,En agglomération,Hors intersection,Normale,Deux véhicules - arrière,,,,,,,,,,,5,2,1,1,2
200600055320,0006-09-16 04:21:00,6,9,16,4,21,630,113,PLANCHETTES (RUE DES),,,Nuit avec éclairage allumé,En agglomération,Hors intersection,Normale,Deux véhicules - frontale,,,,,,,,,,,5,2,1,1,1
200600055321,0006-09-16 12:30:00,6,9,16,12,30,630,113,"67, LAFAYETTE (BD)",,,Plein jour,En agglomération,Hors intersection,Normale,Deux véhicules - côté,,,,,,,,,,,1,2,1,1,3
200600055322,0006-09-16 19:00:00,6,9,16,19,0,630,113,"1, BERGOUGNAN (AVENUE RA",,,Plein jour,En agglomération,Hors intersection,Normale,Deux véhicules - côté,,,,,,,,,,,1,2,1,1,3
200600055323,0006-09-16 22:10:00,6,9,16,22,10,630,113,REPUBLIQUE (AVENUE DE LA,,,Nuit avec éclairage allumé,En agglomération,Intersection en X,Normale,Autre collision,,,,,,,,,,,5,2,2,1,6
200600055324,0006-09-17 11:40:00,6,9,17,11,40,630,75,"1, BELLEVUE (RUE DE)",,,Plein jour,En agglomération,Intersection en X,Normale,Deux véhicules - côté,,,,,,,,,,,1,2,2,1,3
200600055325,0006-09-18 18:45:00,6,9,18,18,45,630,113,"1, LIMOUSIN (AVENUE DU)",,,Plein jour,En agglomération,Intersection en X,Normale,Deux véhicules - côté,,,,,,,,,,,1,2,2,1,3
200600055326,0006-09-20 08:35:00,6,9,20,8,35,630,32,"73, MONT-DORE (AVENUE DU",,,Plein jour,En agglomération,Intersection en X,Normale,Autre collision,,,,,,,,,,,1,2,2,1,6
200600055327,0006-09-20 17:15:00,6,9,20,17,15,630,308,"1, VALLEE (AVENUE DE LA)",,,Plein jour,En agglomération,Hors intersection,Normale,Deux véhicules - côté,,,,,,,,,,,1,2,1,1,3
200600055328,0006-09-21 08:00:00,6,9,21,8,0,630,113,"27, DUCLAUX (BD)",,,Plein jour,En agglomération,Hors intersection,Normale,Deux véhicules - côté,,,,,,,,,,,1,2,1,1,3
200600055329,0006-09-22 07:50:00,6,9,22,7,50,630,113,VERLAINE (RUE),,,Plein jour,En agglomération,Autre intersection,Normale,Autre collision,,,,,,,,,,,1,2,9,1,6
200600055330,0006-09-22 13:50:00,6,9,22,13,50,630,113,"1, DESAIX (BD)",,,Plein jour,En agglomération,Hors intersection,Normale,Deux véhicules - côté,,,,,,,,,,,1,2,1,1,3
200600055331,0006-09-22 14:00:00,6,9,22,14,0,630,113,"1, SOUS LES VIGNES (RUE)",,,Plein jour,En agglomération,Hors intersection,Normale,Deux véhicules - côté,,,,,,,,,,,1,2,1,1,3
200600055332,0006-09-23 14:00:00,6,9,23,14,0,630,113,ONZE NOVEMBRE (RUE DU),,,Plein jour,En agglomération,Hors intersection,Normale,Autre collision,,,,,,,,,,,1,2,1,1,6
200600055333,0006-09-23 15:15:00,6,9,23,15,15,630,113,"1, SABLON (COURS)",,,Plein jour,En agglomération,Hors intersection,Temps couvert,Deux véhicules - arrière,,,,,,,,,,,1,2,1,8,2
200600055334,0006-09-24 16:20:00,6,9,24,16,20,630,113,"1, MOULIN (BD JEAN)",,,Plein jour,En agglomération,Intersection en X,Normale,Deux véhicules - côté,,,,,,,,,,,1,2,2,1,3
200600055335,0006-09-24 21:03:00,6,9,24,21,3,630,75,"1, GARE (AVENUE DE LA GA",,,Nuit avec éclairage allumé,En agglomération,Hors intersection,Pluie légère,Autre collision,,,,,,,,,,,5,2,1,2,6
200600055336,0006-09-25 17:40:00,6,9,25,17,40,630,113,"147, ORADOU (RUE DE L')",,,Plein jour,En agglomération,Hors intersection,Normale,Autre collision,,,,,,,,,,,1,2,1,1,6
200600055337,0006-09-26 10:55:00,6,9,26,10,55,630,113,"1, GAGARINE (RUE YOURI)",,,Plein jour,En agglomération,Hors intersection,Normale,Deux véhicules - côté,,,,,,,,,,,1,2,1,1,3
200600055338,0006-09-27 01:00:00,6,9,27,1,0,630,113,"1, VENERABLE (RUE PIERRE",,,Nuit avec éclairage allumé,En agglomération,Intersection en X,Normale,Deux véhicules - côté,,,,,,,,,,,5,2,2,1,3
200600055339,0006-09-28 07:50:00,6,9,28,7,50,630,113,"1, JOUHAUX (BD LEON)",,,Plein jour,En agglomération,Intersection en X,Normale,Autre collision,,,,,,,,,,,1,2,2,1,6
200600055340,0006-09-28 12:20:00,6,9,28,12,20,630,113,"1, THEURIET (RUE ANDRE)",,,Plein jour,En agglomération,Intersection en X,Normale,Deux véhicules - côté,,,,,,,,,,,1,2,2,1,3
200600055341,0006-09-28 12:21:00,6,9,28,12,21,630,113,"1, PAULINES (AVENUE DES)",,,Plein jour,En agglomération,Hors intersection,Normale,Deux véhicules - arrière,,,,,,,,,,,1,2,1,1,2
200600055342,0006-09-29 09:10:00,6,9,29,9,10,630,113,"18, CHATEAU DES VERGNES",,,Plein jour,En agglomération,Hors intersection,Normale,Autre collision,,,,,,,,,,,1,2,1,1,6
200600055343,0006-09-29 16:35:00,6,9,29,16,35,630,113,"1, ORADOU (RUE DE L')",,,Plein jour,En agglomération,Hors intersection,Normale,Deux véhicules - côté,,,,,,,,,,,1,2,1,1,3
200600055344,0006-09-30 19:00:00,6,9,30,19,0,630,14,"1, PASTEUR (RUE)",,,Plein jour,En agglomération,Hors intersection,Normale,Deux véhicules - côté,,,,,,,,,,,1,2,1,1,3
200600055345,0006-09-19 17:15:00,6,9,19,17,15,630,193,RD 769,,,Plein jour,Hors agglomération,Intersection en X,Temps éblouissant,Trois véhicules et plus - collisions multiples,,,,,,,,,,,1,1,2,7,5
200600055346,0006-09-30 16:00:00,6,9,30,16,0,630,193,RD 769,,,Plein jour,En agglomération,Hors intersection,Pluie légère,Trois véhicules et plus - collisions multiples,,,,,,,,,,,1,2,1,2,5
200600055347,0006-09-12 12:30:00,6,9,12,12,30,630,63,RN9,,,Plein jour,Hors agglomération,Hors intersection,Normale,Deux véhicules - arrière,,,,,,,,,,,1,1,1,1,2
200600055348,0006-09-13 09:50:00,6,9,13,9,50,630,164,"1, Route départementale",,,Plein jour,Hors agglomération,Hors intersection,Normale,Autre collision,,,,,,,,,,,1,1,1,1,6
200600055349,0006-09-27 14:15:00,6,9,27,14,15,630,164,"1, GUESDE (RUE JULES)",,,Plein jour,En agglomération,Intersection en X,Normale,Deux véhicules - côté,,,,,,,,,,,1,2,2,1,3
200600055350,0006-09-17 02:15:00,6,9,17,2,15,630,300,RN 9,,,Nuit avec éclairage allumé,En agglomération,Hors intersection,Normale,Autre collision,,,,,,,,,,,5,2,1,1,6
200600055351,0006-09-04 15:40:00,6,9,4,15,40,640,24,BIARRITZ (AVENUE DE),,,Plein jour,En agglomération,Intersection en T,Normale,Deux véhicules - côté,,,,,,,,,,,1,2,3,1,3
200600055352,0006-09-05 19:00:00,6,9,5,19,0,640,102,SOULT (AVENUE MARECHAL),,,Plein jour,En agglomération,Hors intersection,Temps éblouissant,Autre collision,,,,,,,,,,,1,2,1,7,6
200600055353,0006-09-07 16:35:00,6,9,7,16,35,640,102,ARITXAGUE (BD D'),,,Plein jour,En agglomération,Hors intersection,Normale,Trois véhicules et plus - en chaîne,,,,,,,,,,,1,2,1,1,4
200600055354,0006-09-08 17:35:00,6,9,8,17,35,640,102,"01, CHAURON (CHEMIN)",,,Plein jour,En agglomération,Intersection en T,Normale,Deux véhicules - côté,,,,,,,,,,,1,2,3,1,3
200600055355,0006-09-13 12:30:00,6,9,13,12,30,640,102,"06, ALLEES MARINES (AVEN",,,Plein jour,En agglomération,Hors intersection,Normale,Deux véhicules - côté,,,,,,,,,,,1,2,1,1,3
200600055356,0006-09-13 15:10:00,6,9,13,15,10,640,102,B.A.B (AVENUE DU),,,Plein jour,En agglomération,Intersection en X,Normale,Deux véhicules - arrière,,,,,,,,,,,1,2,2,1,2
200600055357,0006-09-18 14:30:00,6,9,18,14,30,640,102,"2, SAINT LEON (ROND POIN",,,Plein jour,En agglomération,Giratoire,Normale,Deux véhicules - arrière,,,,,,,,,,,1,2,6,1,2
200600055358,0006-09-18 19:30:00,6,9,18,19,30,640,102,SOULT (AVENUE MARECHAL),,,Plein jour,En agglomération,Hors intersection,Normale,Deux véhicules - arrière,,,,,,,,,,,1,2,1,1,2
200600055359,0006-09-20 09:22:00,6,9,20,9,22,640,102,"08, DARRIGRAND (AVENUE J",,,Plein jour,En agglomération,Hors intersection,Normale,Deux véhicules - arrière,,,,,,,,,,,1,2,1,1,2
200600055360,0006-09-20 22:15:00,6,9,20,22,15,640,102,ALLEES MARINES (AVENUE D,,,Nuit avec éclairage allumé,En agglomération,Hors intersection,Normale,Sans collision,,,,,,,,,,,5,2,1,1,7
200600055361,0006-09-21 15:57:00,6,9,21,15,57,640,102,REPUBLIQUE (PLACE DE LA),,,Plein jour,En agglomération,Hors intersection,Normale,Deux véhicules - arrière,,,,,,,,,,,1,2,1,1,2
200600055362,0006-09-22 14:47:00,6,9,22,14,47,640,24,AMOUR (AVENUE DE LA CHAM,,,Plein jour,En agglomération,Hors intersection,Normale,Autre collision,,,,,,,,,,,1,2,1,1,6
200600055363,0006-09-27 08:56:00,6,9,27,8,56,640,102,"4, JEAN ROSTAND (AVENUE)",,,Plein jour,En agglomération,Intersection en T,Normale,Autre collision,,,,,,,,,,,1,2,3,1,6
200600055364,0006-09-28 07:45:00,6,9,28,7,45,640,24,"105, MONTBRUN (AVENUE DE",,,Plein jour,En agglomération,Intersection en T,Normale,Deux véhicules - frontale,,,,,,,,,,,1,2,3,1,1
200600055365,0006-09-28 12:22:00,6,9,28,12,22,640,102,"4, JEAN ROSTAND (AVENUE)",,,Plein jour,En agglomération,Intersection en T,Normale,Deux véhicules - côté,,,,,,,,,,,1,2,3,1,3
200600055366,0006-09-30 12:05:00,6,9,30,12,5,640,24,ESPAGNE (AVENUE D'),,,Plein jour,En agglomération,Hors intersection,Temps couvert,Deux véhicules - frontale,,,,,,,,,,,1,2,1,8,1
200600055367,0006-09-08 20:00:00,6,9,8,20,0,640,122,"., ""FOCH (AV, DU MARECHA",,,Plein jour,En agglomération,Hors intersection,Normale,Sans collision,,,,,,,,,,,1,2,1,1,7
200600055368,0006-09-10 05:50:00,6,9,10,5,50,640,122,"., CASCAILS (BD DE)",,,Nuit avec éclairage allumé,Hors agglomération,Hors intersection,Normale,Sans collision,,,,,,,,,,,5,1,1,1,7
200600055369,0006-09-10 19:00:00,6,9,10,19,0,640,122,"., BAB(BOULEVARD)",,,Plein jour,Hors agglomération,Hors intersection,Normale,Sans collision,,,,,,,,,,,1,1,1,1,7
200600055370,0006-09-15 07:50:00,6,9,15,7,50,640,122,"., LAHOUZE (AVENUE)",,,Plein jour,En agglomération,Hors intersection,Pluie forte,Sans collision,,,,,,,,,,,1,2,1,3,7
200600055371,0006-09-16 20:40:00,6,9,16,20,40,640,122,"., MAYOL DE SENILLOSA (B",,,Nuit avec éclairage allumé,En agglomération,Hors intersection,Normale,Sans collision,,,,,,,,,,,5,2,1,1,7
200600055372,0006-09-20 09:10:00,6,9,20,9,10,640,125,"., ESPAGNE (AVENUE D')",,,Plein jour,En agglomération,Hors intersection,Normale,Deux véhicules - côté,,,,,,,,,,,1,2,1,1,3
200600055373,0006-09-21 09:15:00,6,9,21,9,15,640,122,ROND POINT DE L EUROPE,,,Plein jour,En agglomération,Giratoire,Normale,Deux véhicules - côté,,,,,,,,,,,1,2,6,1,3
200600055374,0006-09-23 03:40:00,6,9,23,3,40,640,125,"., BIARRITZ (AVENUE DE)",,,Nuit avec éclairage allumé,Hors agglomération,Hors intersection,Normale,Trois véhicules et plus - en chaîne,,,,,,,,,,,5,1,1,1,4
200600055375,0006-09-24 05:15:00,6,9,24,5,15,640,122,"26 bis, MARNE (AVENUE DE",,,Nuit avec éclairage allumé,En agglomération,Hors intersection,Pluie forte,Sans collision,,,,,,,,,,,5,2,1,3,7
200600055376,0006-09-24 17:35:00,6,9,24,17,35,640,122,"., DASSAULT MARCEL (BD)",,,Plein jour,Hors agglomération,Hors intersection,Normale,Deux véhicules - frontale,,,,,,,,,,,1,1,1,1,1
200600055377,0006-09-27 18:25:00,6,9,27,18,25,640,122,"., MARECHAL DE LATTRE DE",,,Plein jour,En agglomération,Hors intersection,Normale,Deux véhicules - côté,,,,,,,,,,,1,2,1,1,3
200600055378,0006-09-28 14:35:00,6,9,28,14,35,640,122,"41, VERDUN (AVENUE DE)",,,Plein jour,En agglomération,Hors intersection,Normale,Deux véhicules - côté,,,,,,,,,,,1,2,1,1,3
200600055379,0006-09-01 14:50:00,6,9,1,14,50,640,445,"1, RONSARD",,,Plein jour,En agglomération,Hors intersection,Normale,Autre collision,,,,,,,,,,,1,2,1,1,6
200600055380,0006-09-04 11:30:00,6,9,4,11,30,640,129,"22, MONTILLEUL",,,Plein jour,En agglomération,Hors intersection,Normale,Deux véhicules - côté,,,,,,,,,,,1,2,1,1,3
200600055381,0006-09-05 18:20:00,6,9,5,18,20,640,445,"35, GASTON PHOEBUS",,,Plein jour,En agglomération,Hors intersection,Normale,Deux véhicules - frontale,,,,,,,,,,,1,2,1,1,1
200600055382,0006-09-06 18:12:00,6,9,6,18,12,640,132,"49, GEORGES CLEMENCEAU",,,Plein jour,En agglomération,Hors intersection,Normale,Autre collision,,,,,,,,,,,1,2,1,1,6
200600055383,0006-09-09 20:30:00,6,9,9,20,30,640,445,"1, MIDI DU",,,Crépuscule ou aube,En agglomération,Intersection en X,Normale,Deux véhicules - côté,,,,,,,,,,,2,2,2,1,3
200600055384,0006-09-11 19:52:00,6,9,11,19,52,640,284,HENRI IV,,,Plein jour,En agglomération,Hors intersection,Pluie forte,Deux véhicules - côté,,,,,,,,,,,1,2,1,3,3
200600055385,0006-09-15 19:00:00,6,9,15,19,0,640,445,JEAN MERMOZ,,,Plein jour,Hors agglomération,Intersection en X,Pluie légère,Deux véhicules - côté,,,,,,,,,,,1,1,2,2,3
200600055386,0006-09-16 03:00:00,6,9,16,3,0,640,445,LIEGE DE,,,Nuit avec éclairage allumé,En agglomération,Hors intersection,Pluie légère,Deux véhicules - côté,,,,,,,,,,,5,2,1,2,3
200600055387,0006-09-15 16:00:00,6,9,15,16,0,640,445,"1, GASTON LACOSTE",,,Plein jour,En agglomération,Intersection en T,Temps couvert,Deux véhicules - côté,,,,,,,,,,,1,2,3,8,3
200600055388,0006-09-19 16:20:00,6,9,19,16,20,640,129,BEZIOU,,,Plein jour,En agglomération,Intersection en X,Normale,Deux véhicules - côté,,,,,,,,,,,1,2,2,1,3
200600055389,0006-09-19 20:55:00,6,9,19,20,55,640,445,HENRI FAISANS,,,Nuit avec éclairage allumé,En agglomération,Intersection en T,Normale,Deux véhicules - côté,,,,,,,,,,,5,2,3,1,3
200600055390,0006-09-20 20:45:00,6,9,20,20,45,640,348,CHARLES DE GAULLE,,,Nuit avec éclairage allumé,En agglomération,Hors intersection,Normale,Deux véhicules - arrière,,,,,,,,,,,5,2,1,1,2
200600055391,0006-09-20 19:30:00,6,9,20,19,30,640,445,"1, LILAS DES",,,Plein jour,En agglomération,Intersection en T,Normale,Deux véhicules - côté,,,,,,,,,,,1,2,3,1,3
200600055392,0006-09-21 17:00:00,6,9,21,17,0,640,348,SANTONA DE,,,Plein jour,En agglomération,Intersection en X,Normale,Deux véhicules - côté,,,,,,,,,,,1,2,2,1,3
200600055393,0006-09-20 20:45:00,6,9,20,20,45,640,445,JEAN MERMOZ,,,Nuit avec éclairage allumé,En agglomération,Hors intersection,Normale,Autre collision,,,,,,,,,,,5,2,1,1,6
200600055394,0006-09-19 20:30:00,6,9,19,20,30,640,445,JEAN MERMOZ,,,Nuit avec éclairage allumé,En agglomération,Hors intersection,Normale,Deux véhicules - côté,,,,,,,,,,,5,2,1,1,3
200600055395,0006-09-21 18:10:00,6,9,21,18,10,640,237,"14, VALLEE HEUREUSE",,,Plein jour,En agglomération,Hors intersection,Normale,Deux véhicules - côté,,,,,,,,,,,1,2,1,1,3