accident_id,datetime,annee,mois,jour,heure,minute,departement,commune_insee,adresse,latitude,longitude,luminosite,agglomeration,intersection,meteo,collision,nb_vehicules,nb_usagers,nb_indemnes,nb_tues,nb_blesses_hosp,nb_blesses_legers,age_cond_1,age_cond_2,veh_type_cond_1,veh_type_cond_2,lum_code,agg_code,int_code,atm_code,col_code
200600055396,0006-09-23 13:00:00,6,9,23,13,0,640,348,CHARLES DE GAULLE,,,Plein jour,En agglomération,Hors intersection,Normale,Deux véhicules - arrière,,,,,,,,,,,1,2,1,1,2
200600055397,0006-09-25 15:55:00,6,9,25,15,55,640,129,JEAN MERMOZ,,,Plein jour,En agglomération,Hors intersection,Normale,Trois véhicules et plus - collisions multiples,,,,,,,,,,,1,2,1,1,5
200600055398,0006-09-26 18:30:00,6,9,26,18,30,640,445,"01, CONDORCET",,,Plein jour,En agglomération,Hors intersection,Normale,Deux véhicules - côté,,,,,,,,,,,1,2,1,1,3
200600055399,0006-09-25 07:40:00,6,9,25,7,40,640,445,"1, JEAN MERMOZ",,,Crépuscule ou aube,En agglomération,Autre intersection,Pluie légère,Deux véhicules - côté,,,,,,,,,,,2,2,9,2,3
200600055400,0006-09-27 17:25:00,6,9,27,17,25,640,129,"1, CLAVERIE",,,Plein jour,En agglomération,Hors intersection,Normale,Deux véhicules - côté,,,,,,,,,,,1,2,1,1,3
200600055401,0006-09-28 07:55:00,6,9,28,7,55,640,445,"8, 14 JUILLET DU",,,Crépuscule ou aube,En agglomération,Intersection en T,Normale,Deux véhicules - côté,,,,,,,,,,,2,2,3,1,3
200600055402,0006-09-30 16:50:00,6,9,30,16,50,640,445,"16, ETIGNY D'",,,Plein jour,En agglomération,Hors intersection,Normale,Deux véhicules - arrière,,,,,,,,,,,1,2,1,1,2
200600055403,0006-09-29 18:30:00,6,9,29,18,30,640,445,SOUVENIR FRANCAIS DU,,,Plein jour,En agglomération,Giratoire,Normale,Deux véhicules - côté,,,,,,,,,,,1,2,6,1,3
200600055404,0006-09-02 18:15:00,6,9,2,18,15,640,445,"1, TOURASSE",,,Plein jour,En agglomération,Hors intersection,Normale,Deux véhicules - arrière,,,,,,,,,,,1,2,1,1,2
200600055405,0006-09-05 08:55:00,6,9,5,8,55,640,189,RAVEL MAURICE (QUA)I,,,Plein jour,En agglomération,Hors intersection,Normale,Deux véhicules - côté,,,,,,,,,,,1,2,1,1,3
200600055406,0006-09-06 16:55:00,6,9,6,16,55,640,483,CHANTACO (AVENUE DE ),,,Plein jour,En agglomération,Hors intersection,Normale,Deux véhicules - côté,,,,,,,,,,,1,2,1,1,3
200600055407,0006-09-12 13:45:00,6,9,12,13,45,640,483,ITHURRALDE ANDRE (AVENUE,,,Plein jour,En agglomération,Hors intersection,Normale,Deux véhicules - côté,,,,,,,,,,,1,2,1,1,3
200600055408,0006-09-17 05:40:00,6,9,17,5,40,640,189,MASSY ARNAUD ( RUE),,,Nuit sans éclairage public,Hors agglomération,Hors intersection,Temps couvert,Autre collision,,,,,,,,,,,3,1,1,8,6
200600055409,0006-09-23 21:25:00,6,9,23,21,25,640,545,RN10,,,Nuit avec éclairage allumé,En agglomération,Hors intersection,Pluie légère,Autre collision,,,,,,,,,,,5,2,1,2,6
200600055410,0006-09-25 14:40:00,6,9,25,14,40,640,249,GETARIA(AVENUE),,,Plein jour,En agglomération,Hors intersection,Pluie forte,Sans collision,,,,,,,,,,,1,2,1,3,7
200600055411,0006-09-07 01:55:00,6,9,7,1,55,640,249,GETARIA(AVENUE),,,Nuit avec éclairage allumé,En agglomération,Hors intersection,Normale,Sans collision,,,,,,,,,,,5,2,1,1,7
200600055412,0006-09-08 15:00:00,6,9,8,15,0,640,483,"16, HUGO VICTOR (BOULEVA",,,Plein jour,En agglomération,Hors intersection,Normale,Autre collision,,,,,,,,,,,1,2,1,1,6
200600055413,0006-09-19 19:55:00,6,9,19,19,55,640,545,RN10,,,Crépuscule ou aube,En agglomération,Hors intersection,Normale,Autre collision,,,,,,,,,,,2,2,1,1,6
200600055414,0006-09-29 22:15:00,6,9,29,22,15,640,189,JAURES JEAN  (AVENUE),,,Nuit avec éclairage allumé,En agglomération,Hors intersection,Normale,Autre collision,,,,,,,,,,,5,2,1,1,6
200600055415,0006-09-20 17:30:00,6,9,20,17,30,650,286,", BEGUERE (AVENUE ANTOIN",,,Plein jour,En agglomération,Intersection en Y,Normale,Deux véhicules - côté,,,,,,,,,,,1,2,4,1,3
200600055416,0006-09-27 12:55:00,6,9,27,12,55,650,286,", PARADIS (AVENUE DU)",,,Plein jour,En agglomération,Hors intersection,Normale,Autre collision,,,,,,,,,,,1,2,1,1,6
200600055417,0006-09-01 11:05:00,6,9,1,11,5,650,440,"., MARNE (AVENUE DE LA)",,,Plein jour,En agglomération,Intersection en T,Normale,Deux véhicules - arrière,,,,,,,,,,,1,2,3,1,2
200600055418,0006-09-01 14:50:00,6,9,1,14,50,650,331,"., GASCOGNE (RUE DE)",,,Plein jour,En agglomération,Intersection en T,Normale,Deux véhicules - frontale,,,,,,,,,,,1,2,3,1,1
200600055419,0006-09-01 16:40:00,6,9,1,16,40,650,440,DEBUSSY (BOULEVARD CLAUD,,,Plein jour,En agglomération,Intersection en X,Normale,Trois véhicules et plus - collisions multiples,,,,,,,,,,,1,2,2,1,5
200600055420,0006-09-03 05:35:00,6,9,3,5,35,650,440,"., MAGNOAC (RUE GEORGES)",,,Nuit avec éclairage allumé,En agglomération,Intersection en T,Normale,Autre collision,,,,,,,,,,,5,2,3,1,6
200600055421,0006-09-04 08:55:00,6,9,4,8,55,650,440,"., MARCADIEU (PLACE)",,,Plein jour,En agglomération,Intersection en T,Normale,Deux véhicules - frontale,,,,,,,,,,,1,2,3,1,1
200600055422,0006-09-06 21:25:00,6,9,6,21,25,650,440,"6, DUPARC (RUE HENRI)",,,Nuit avec éclairage allumé,En agglomération,Hors intersection,Normale,Deux véhicules - côté,,,,,,,,,,,5,2,1,1,3
200600055423,0006-09-08 16:38:00,6,9,8,16,38,650,440,"., FOCH (RUE DU MARECHAL",,,Plein jour,En agglomération,Intersection en T,Normale,Autre collision,,,,,,,,,,,1,2,3,1,6
200600055424,0006-09-08 17:30:00,6,9,8,17,30,650,440,"., CORPS FRANC POMMIES (",,,Plein jour,En agglomération,Intersection en T,Normale,Deux véhicules - côté,,,,,,,,,,,1,2,3,1,3
200600055425,0006-09-11 18:55:00,6,9,11,18,55,650,440,"25, FOULD (AVENUE)",,,Plein jour,En agglomération,Hors intersection,Normale,Deux véhicules - arrière,,,,,,,,,,,1,2,1,1,2
200600055426,0006-09-13 18:25:00,6,9,13,18,25,650,440,"., GAMBETTA (COURS)",,,Plein jour,En agglomération,Intersection en X,Normale,Trois véhicules et plus - en chaîne,,,,,,,,,,,1,2,2,1,4
200600055427,0006-09-15 07:25:00,6,9,15,7,25,650,100,"24, FONTAINE (RUE)",,,Plein jour,En agglomération,Hors intersection,Normale,Deux véhicules - frontale,,,,,,,,,,,1,2,1,1,1
200600055428,0006-09-15 17:25:00,6,9,15,17,25,650,47,"22, CEDRES (AVE DES)",,,Plein jour,En agglomération,Hors intersection,Normale,Autre collision,,,,,,,,,,,1,2,1,1,6
200600055429,0006-09-17 17:35:00,6,9,17,17,35,650,100,"., KLEBER (RUE PROLONGEE",,,Plein jour,En agglomération,Hors intersection,Normale,Sans collision,,,,,,,,,,,1,2,1,1,7
200600055430,0006-09-19 18:35:00,6,9,19,18,35,650,440,MAI 1945 (BOULEVARD DU 0,,,Plein jour,En agglomération,Hors intersection,Normale,Deux véhicules - frontale,,,,,,,,,,,1,2,1,1,1
200600055431,0006-09-20 17:40:00,6,9,20,17,40,650,331,"55, TARBES (AVENUE DE)",,,Plein jour,Hors agglomération,Hors intersection,Normale,Autre collision,,,,,,,,,,,1,1,1,1,6
200600055432,0006-09-22 16:56:00,6,9,22,16,56,650,440,"., LAFORGUE (AVENUE JULE",,,Plein jour,En agglomération,Intersection en X,Normale,Deux véhicules - côté,,,,,,,,,,,1,2,2,1,3
200600055433,0006-09-27 09:45:00,6,9,27,9,45,650,440,"., MASSEY (RUE)",,,Plein jour,En agglomération,Intersection en X,Normale,Autre collision,,,,,,,,,,,1,2,2,1,6
200600055434,0006-09-05 15:40:00,6,9,5,15,40,660,136,"62, GIRAL (ALLEE AIME)",,,Plein jour,En agglomération,Intersection en X,Normale,Deux véhicules - côté,,,,,,,,,,,1,2,2,1,3
200600055435,0006-09-07 17:55:00,6,9,7,17,55,660,136,"159, JOFFRE (AVENUE DU M",,,Plein jour,En agglomération,Hors intersection,Normale,Autre collision,,,,,,,,,,,1,2,1,1,6
200600055436,0006-09-08 07:50:00,6,9,8,7,50,660,136,PYRENEES (BOULEVARD DES),,,Plein jour,En agglomération,Hors intersection,Normale,Autre collision,,,,,,,,,,,1,2,1,1,6
200600055437,0006-09-12 13:20:00,6,9,12,13,20,660,136,"717, INDUSTRIE (AVENUE D",,,Plein jour,En agglomération,Hors intersection,Normale,Deux véhicules - côté,,,,,,,,,,,1,2,1,1,3
200600055438,0006-09-14 07:30:00,6,9,14,7,30,660,136,"4 BIS, GRANDE BRETAGNE (",,,Plein jour,En agglomération,Hors intersection,Temps couvert,Autre collision,,,,,,,,,,,1,2,1,8,6
200600055439,0006-09-18 16:00:00,6,9,18,16,0,660,136,"41, AERODROME AVENUE DE",,,Plein jour,En agglomération,Hors intersection,Normale,Deux véhicules - arrière,,,,,,,,,,,1,2,1,1,2
200600055440,0006-09-18 11:25:00,6,9,18,11,25,660,136,"39, CLEMENCEAU (BOULEVAR",,,Plein jour,En agglomération,Hors intersection,Normale,Autre collision,,,,,,,,,,,1,2,1,1,6
200600055441,0006-09-20 18:10:00,6,9,20,18,10,660,136,"1155, JULIEN PANCHOT (AV",,,Plein jour,Hors agglomération,Hors intersection,Normale,Autre collision,,,,,,,,,,,1,1,1,1,6
200600055442,0006-09-21 19:30:00,6,9,21,19,30,660,136,LAVOISIER (ANTOINE),,,Plein jour,En agglomération,Hors intersection,Normale,Autre collision,,,,,,,,,,,1,2,1,1,6
200600055443,0006-09-24 18:50:00,6,9,24,18,50,660,136,PENETRANTE NORD,,,Plein jour,Hors agglomération,Hors intersection,Normale,Deux véhicules - arrière,,,,,,,,,,,1,1,1,1,2
200600055444,0006-09-16 03:09:00,6,9,16,3,9,670,180,RD 72,,,Nuit sans éclairage public,Hors agglomération,Hors intersection,Normale,Autre collision,,,,,,,,,,,3,1,1,1,6
200600055445,0006-09-16 15:50:00,6,9,16,15,50,670,180,"83, BISCHWILLER (ROUTE D",,,Plein jour,En agglomération,Hors intersection,Normale,Deux véhicules - côté,,,,,,,,,,,1,2,1,1,3
200600055446,0006-09-01 07:50:00,6,9,1,7,50,670,482,"000, HOPITAL (ROUTE DE L",,,Plein jour,En agglomération,Intersection en X,Normale,Deux véhicules - frontale,,,,,,,,,,,1,2,2,1,1
200600055447,0006-09-01 10:35:00,6,9,1,10,35,670,482,SCHIRMECK (ROUTE DE),,,Plein jour,En agglomération,Intersection en X,Normale,Trois véhicules et plus - en chaîne,,,,,,,,,,,1,2,2,1,4
200600055448,0006-09-01 15:06:00,6,9,1,15,6,670,482,PLAINE DES BOUCHERS (RUE,,,Plein jour,En agglomération,Intersection en Y,Normale,Deux véhicules - côté,,,,,,,,,,,1,2,4,1,3
200600055449,0006-09-01 22:20:00,6,9,1,22,20,670,482,"000, JACOUTOT (QUAI)",,,Nuit avec éclairage allumé,En agglomération,Intersection en X,Normale,Deux véhicules - côté,,,,,,,,,,,5,2,2,1,3
200600055450,0006-09-02 10:00:00,6,9,2,10,0,670,204,"47, REPUBLIQUE (RUE DE L",,,Plein jour,En agglomération,Hors intersection,Normale,Deux véhicules - côté,,,,,,,,,,,1,2,1,1,3
200600055451,0006-09-02 21:55:00,6,9,2,21,55,670,447,PIERRE MENDES FRANCE (AV,,,Nuit avec éclairage allumé,En agglomération,Hors intersection,Normale,Trois véhicules et plus - en chaîne,,,,,,,,,,,5,2,1,1,4
200600055452,0006-09-02 22:50:00,6,9,2,22,50,670,43,"00, BRUMATH (ROUTE DE)",,,Nuit avec éclairage allumé,En agglomération,Intersection en T,Normale,Sans collision,,,,,,,,,,,5,2,3,1,7
200600055453,0006-09-04 10:15:00,6,9,4,10,15,670,482,"00, FUSTEL DE COULANGES",,,Plein jour,En agglomération,Intersection en T,Temps couvert,Deux véhicules - côté,,,,,,,,,,,1,2,3,8,3
200600055454,0006-09-04 16:50:00,6,9,4,16,50,670,482,"000, SEBASTOPOL (RUE DE)",,,Plein jour,En agglomération,Hors intersection,Normale,Deux véhicules - arrière,,,,,,,,,,,1,2,1,1,2
200600055455,0006-09-05 23:00:00,6,9,5,23,0,670,204,"0, FONTAINE (RUE DE LA)",,,Nuit sans éclairage public,En agglomération,Hors intersection,Normale,Deux véhicules - côté,,,,,,,,,,,3,2,1,1,3
200600055456,0006-09-06 18:00:00,6,9,6,18,0,670,482,"00, HAGUENAU (PLACE DE)",,,Plein jour,Hors agglomération,Hors intersection,Normale,Trois véhicules et plus - en chaîne,,,,,,,,,,,1,1,1,1,4
200600055457,0006-09-07 12:05:00,6,9,7,12,5,670,482,"00, RHEINFELD (RUE DE)",,,Plein jour,En agglomération,Intersection en X,Normale,Deux véhicules - côté,,,,,,,,,,,1,2,2,1,3
200600055458,0006-09-07 14:35:00,6,9,7,14,35,670,482,"24, SCHUTZENBERGER (AVEN",,,Plein jour,En agglomération,Hors intersection,Normale,Deux véhicules - côté,,,,,,,,,,,1,2,1,1,3
200600055459,0006-09-08 13:25:00,6,9,8,13,25,670,482,MARECHAL DE LATTRE DE TA,,,Plein jour,En agglomération,Intersection en X,Normale,Deux véhicules - côté,,,,,,,,,,,1,2,2,1,3
200600055460,0006-09-08 17:20:00,6,9,8,17,20,670,482,"00, PRESIDENT ROBERT SCH",,,Plein jour,En agglomération,Giratoire,Normale,Autre collision,,,,,,,,,,,1,2,6,1,6
200600055461,0006-09-08 17:55:00,6,9,8,17,55,670,482,"00, SAINTE MARGUERITE (R",,,Plein jour,En agglomération,Intersection en T,Normale,Autre collision,,,,,,,,,,,1,2,3,1,6
200600055462,0006-09-09 22:10:00,6,9,9,22,10,670,482,"02, HOPITAL MILITAIRE (R",,,Nuit avec éclairage allumé,En agglomération,Hors intersection,Normale,Autre collision,,,,,,,,,,,5,2,1,1,6
200600055463,0006-09-11 08:10:00,6,9,11,8,10,670,204,"74, REPUBLIQUE (RUE DE L",,,Crépuscule ou aube,En agglomération,Hors intersection,Normale,Autre collision,,,,,,,,,,,2,2,1,1,6
200600055464,0006-09-11 15:55:00,6,9,11,15,55,670,482,FRITZ KIENER (RUE),,,Plein jour,En agglomération,Intersection en X,Normale,Deux véhicules - côté,,,,,,,,,,,1,2,2,1,3
200600055465,0006-09-12 14:00:00,6,9,12,14,0,670,482,"10, FAUBOURG DE SAVERNE",,,Plein jour,En agglomération,Hors intersection,Normale,Deux véhicules - arrière,,,,,,,,,,,1,2,1,1,2
200600055466,0006-09-12 16:30:00,6,9,12,16,30,670,482,"10, SCHACH (RUE)",,,Plein jour,En agglomération,Hors intersection,Normale,Autre collision,,,,,,,,,,,1,2,1,1,6
200600055467,0006-09-12 17:10:00,6,9,12,17,10,670,482,"10, SCHACH (RUE)",,,Plein jour,En agglomération,Hors intersection,Normale,Autre collision,,,,,,,,,,,1,2,1,1,6
200600055468,0006-09-12 22:00:00,6,9,12,22,0,670,482,SAINT GUILLAUME (PONT),,,Nuit avec éclairage allumé,En agglomération,Intersection en T,Normale,Deux véhicules - côté,,,,,,,,,,,5,2,3,1,3
200600055469,0006-09-13 16:50:00,6,9,13,16,50,670,482,"0, COLMAR (AVENUE DE)",,,Plein jour,En agglomération,Intersection en T,Normale,Deux véhicules - côté,,,,,,,,,,,1,2,3,1,3
200600055470,0006-09-14 12:00:00,6,9,14,12,0,670,204,"00, STADE (RUE DU)",,,Plein jour,En agglomération,Intersection en X,Normale,Deux véhicules - côté,,,,,,,,,,,1,2,2,1,3
200600055471,0006-09-14 16:50:00,6,9,14,16,50,670,482,"01, PIERRE LARGE (RUE DE",,,Plein jour,En agglomération,Hors intersection,Normale,Autre collision,,,,,,,,,,,1,2,1,1,6
200600055472,0006-09-15 06:10:00,6,9,15,6,10,670,218,"0, ALFRED KASTLER (ROUTE",,,Nuit avec éclairage allumé,En agglomération,Intersection en X,Normale,Autre collision,,,,,,,,,,,5,2,2,1,6
200600055473,0006-09-15 11:55:00,6,9,15,11,55,670,447,"0, DEUXIEME DIVISION BLI",,,Plein jour,En agglomération,Intersection en T,Normale,Autre collision,,,,,,,,,,,1,2,3,1,6
200600055474,0006-09-15 15:00:00,6,9,15,15,0,670,482,"00, HAGUENAU (PLACE DE)",,,Plein jour,En agglomération,Hors intersection,Pluie légère,Deux véhicules - arrière,,,,,,,,,,,1,2,1,2,2
200600055475,0006-09-16 00:50:00,6,9,16,0,50,670,482,"12, TAULER (BOULEVARD)",,,Nuit avec éclairage allumé,En agglomération,Hors intersection,Normale,Autre collision,,,,,,,,,,,5,2,1,1,6
200600055476,0006-09-17 15:40:00,6,9,17,15,40,670,482,LYON (BOULEVARD DE),,,Plein jour,En agglomération,Intersection en X,Pluie légère,Deux véhicules - côté,,,,,,,,,,,1,2,2,2,3
200600055477,0006-09-17 16:30:00,6,9,17,16,30,670,482,"0, FORT (RUE DU)",,,Plein jour,En agglomération,Intersection en X,Temps couvert,Deux véhicules - côté,,,,,,,,,,,1,2,2,8,3
200600055478,0006-09-18 12:15:00,6,9,18,12,15,670,482,SCHNOKELOCH (RUE DU),,,Plein jour,En agglomération,Intersection en T,Temps couvert,Autre collision,,,,,,,,,,,1,2,3,8,6
200600055479,0006-09-18 13:45:00,6,9,18,13,45,670,482,"0, PAIX (AVENUE DE LA)",,,Plein jour,En agglomération,Intersection en T,Temps couvert,Deux véhicules - côté,,,,,,,,,,,1,2,3,8,3
200600055480,0006-09-19 14:40:00,6,9,19,14,40,670,482,KOENIGSHOFFEN (RUE DE),,,Plein jour,En agglomération,Intersection en T,Normale,Deux véhicules - arrière,,,,,,,,,,,1,2,3,1,2
200600055481,0006-09-20 15:10:00,6,9,20,15,10,670,482,"00, MONTAGNE VERTE (RUE",,,Plein jour,En agglomération,Intersection à plus de 4 branches,Normale,Deux véhicules - côté,,,,,,,,,,,1,2,5,1,3
200600055482,0006-09-21 16:00:00,6,9,21,16,0,670,482,"20, SOULTZ (RUE DE)",,,Plein jour,En agglomération,Hors intersection,Normale,Deux véhicules - côté,,,,,,,,,,,1,2,1,1,3
200600055483,0006-09-21 19:20:00,6,9,21,19,20,670,482,"81, VOSGES (AVENUE DES)",,,Crépuscule ou aube,En agglomération,Hors intersection,Normale,Autre collision,,,,,,,,,,,2,2,1,1,6
200600055484,0006-09-22 20:45:00,6,9,22,20,45,670,482,"61, VOSGES (AVENUE DES)",,,Nuit avec éclairage allumé,En agglomération,Intersection en T,Normale,Deux véhicules - côté,,,,,,,,,,,5,2,3,1,3
200600055485,0006-09-22 12:50:00,6,9,22,12,50,670,482,", ORBEY (RUE D )",,,Plein jour,En agglomération,Intersection à plus de 4 branches,Normale,Deux véhicules - côté,,,,,,,,,,,1,2,5,1,3
200600055486,0006-09-22 15:00:00,6,9,22,15,0,670,43,"19, ROBERTSAU (RUE DE LA",,,Plein jour,En agglomération,Hors intersection,Normale,Autre collision,,,,,,,,,,,1,2,1,1,6
200600055487,0006-09-23 00:15:00,6,9,23,0,15,670,482,"0, DEPORTES (ALLEE DES)",,,Nuit avec éclairage allumé,En agglomération,Intersection en X,Normale,Deux véhicules - côté,,,,,,,,,,,5,2,2,1,3
200600055488,0006-09-23 07:50:00,6,9,23,7,50,670,204,STADE (RUE DU),,,Plein jour,En agglomération,Giratoire,Normale,Deux véhicules - côté,,,,,,,,,,,1,2,6,1,3
200600055489,0006-09-24 17:50:00,6,9,24,17,50,670,447,"5, SAINT PAUL (RUE)",,,Plein jour,En agglomération,Hors intersection,Normale,Deux véhicules - frontale,,,,,,,,,,,1,2,1,1,1
200600055490,0006-09-26 09:00:00,6,9,26,9,0,670,482,"00, SCHUTZENBERGER (AVEN",,,Plein jour,En agglomération,Hors intersection,Pluie légère,Deux véhicules - côté,,,,,,,,,,,1,2,1,2,3
200600055491,0006-09-26 18:30:00,6,9,26,18,30,670,482,"00, GLACIERES (RUE DES)",,,Plein jour,En agglomération,Intersection en T,Normale,Deux véhicules - côté,,,,,,,,,,,1,2,3,1,3
200600055492,0006-09-27 18:00:00,6,9,27,18,0,670,365,MULHOUSE (RUE DE),,,Plein jour,En agglomération,Intersection en X,Normale,Deux véhicules - côté,,,,,,,,,,,1,2,2,1,3
200600055493,0006-09-27 19:50:00,6,9,27,19,50,670,43,"00, GUIRBADEN (RUE DU)",,,Nuit sans éclairage public,En agglomération,Hors intersection,Normale,Autre collision,,,,,,,,,,,3,2,1,1,6
200600055494,0006-09-29 03:50:00,6,9,29,3,50,670,482,"0, SAINT NICOLAS (QUAI)",,,Nuit avec éclairage allumé,En agglomération,Hors intersection,Normale,Deux véhicules - frontale,,,,,,,,,,,5,2,1,1,1
200600055495,0006-09-29 08:00:00,6,9,29,8,0,670,482,"00, JEANNE D ARC (RUE)",,,Plein jour,En agglomération,Intersection en T,Normale,Trois véhicules et plus - collisions multiples,,,,,,,,,,,1,2,3,1,5
200600055496,0006-09-29 18:40:00,6,9,29,18,40,670,482,"49, HOPITAL (ROUTE DE L",,,Crépuscule ou aube,En agglomération,Hors intersection,Normale,Trois véhicules et plus - en chaîne,,,,,,,,,,,2,2,1,1,4
200600055497,0006-09-30 09:25:00,6,9,30,9,25,670,482,REUSS (ALLEE),,,Plein jour,En agglomération,Intersection en X,Normale,Deux véhicules - côté,,,,,,,,,,,1,2,2,1,3
200600055498,0006-09-01 10:40:00,6,9,1,10,40,680,66,"3, LIBERTE (AVENUE DE LA",,,Plein jour,En agglomération,Intersection en T,Normale,Deux véhicules - côté,,,,,,,,,,,1,2,3,1,3
200600055499,0006-09-06 12:55:00,6,9,6,12,55,680,66,"20, AMPERE  ( RUE D')",,,Plein jour,En agglomération,Hors intersection,Normale,Deux véhicules - côté,,,,,,,,,,,1,2,1,1,3
200600055500,0006-09-10 15:50:00,6,9,10,15,50,680,66,STANISLAS (RUE),,,Plein jour,En agglomération,Autre intersection,Normale,Deux véhicules - côté,,,,,,,,,,,1,2,9,1,3
200600055501,0006-09-13 12:05:00,6,9,13,12,5,680,66,INGERSHEIM (ROUTE D'),,,Plein jour,En agglomération,Hors intersection,Normale,Deux véhicules - arrière,,,,,,,,,,,1,2,1,1,2
200600055502,0006-09-17 20:30:00,6,9,17,20,30,680,66,"96, INGERSHEIM (ROUTE D'",,,Nuit avec éclairage allumé,En agglomération,Hors intersection,Pluie légère,Deux véhicules - côté,,,,,,,,,,,5,2,1,2,3
200600055503,0006-09-20 08:25:00,6,9,20,8,25,680,66,"1, POUDRIERE (RUE DE LA)",,,Plein jour,En agglomération,Intersection en X,Normale,Autre collision,,,,,,,,,,,1,2,2,1,6
200600055504,0006-09-21 08:10:00,6,9,21,8,10,680,66,GRILLENBREIT (RUE DU),,,Plein jour,En agglomération,Intersection en T,Normale,Deux véhicules - côté,,,,,,,,,,,1,2,3,1,3
200600055505,0006-09-21 10:00:00,6,9,21,10,0,680,66,LAVOISIER (RUE),,,Plein jour,En agglomération,Intersection en T,Normale,Trois véhicules et plus - collisions multiples,,,,,,,,,,,1,2,3,1,5
200600055506,0006-09-22 20:40:00,6,9,22,20,40,680,66,REPUBLIQUE (AVENUE DE LA,,,Nuit avec éclairage allumé,En agglomération,Intersection à plus de 4 branches,Normale,Deux véhicules - côté,,,,,,,,,,,5,2,5,1,3
200600055507,0006-09-01 14:55:00,6,9,1,14,55,680,224,HOFER (RUE JOSUE),,,Plein jour,En agglomération,Intersection en T,Normale,Deux véhicules - côté,,,,,,,,,,,1,2,3,1,3
200600055508,0006-09-01 16:20:00,6,9,1,16,20,680,224,SOULTZ (RUE DE),,,Plein jour,En agglomération,Hors intersection,Normale,Deux véhicules - arrière,,,,,,,,,,,1,2,1,1,2
200600055509,0006-09-01 11:55:00,6,9,1,11,55,680,224,"41B, WALLACH (BOULEVARD",,,Plein jour,En agglomération,Intersection en T,Normale,Deux véhicules - côté,,,,,,,,,,,1,2,3,1,3
200600055510,0006-09-05 15:00:00,6,9,5,15,0,680,224,REPUBLIQUE (PLACE DE LA),,,Plein jour,En agglomération,Hors intersection,Normale,Autre collision,,,,,,,,,,,1,2,1,1,6
200600055511,0006-09-01 18:35:00,6,9,1,18,35,680,224,ROOSEVELT (BOULEVARD DU,,,Plein jour,En agglomération,Intersection en X,Normale,Deux véhicules - côté,,,,,,,,,,,1,2,2,1,3
200600055512,0006-09-01 19:15:00,6,9,1,19,15,680,56,"463, ALTKIRCH (AVENUE D'",,,Plein jour,En agglomération,Hors intersection,Normale,Deux véhicules - arrière,,,,,,,,,,,1,2,1,1,2
200600055513,0006-09-05 12:40:00,6,9,5,12,40,680,224,"38, THANN (RUE DE)",,,Plein jour,En agglomération,Intersection en T,Normale,Deux véhicules - côté,,,,,,,,,,,1,2,3,1,3
200600055514,0006-09-05 17:30:00,6,9,5,17,30,680,224,"2, THIERSTEIN (RUE)",,,Plein jour,En agglomération,Intersection en T,Normale,Autre collision,,,,,,,,,,,1,2,3,1,6
200600055515,0006-09-08 17:50:00,6,9,8,17,50,680,224,"15, MITTERRAND (AVENUE F",,,Plein jour,En agglomération,Intersection en X,Normale,Deux véhicules - côté,,,,,,,,,,,1,2,2,1,3
200600055516,0006-09-09 11:25:00,6,9,9,11,25,680,224,"190, BRIAND (AVENUE ARIS",,,Plein jour,En agglomération,Hors intersection,Normale,Autre collision,,,,,,,,,,,1,2,1,1,6
200600055517,0006-09-15 08:55:00,6,9,15,8,55,680,224,"50, REPOS (AVENUE DU)",,,Plein jour,En agglomération,Intersection en T,Pluie légère,Deux véhicules - côté,,,,,,,,,,,1,2,3,2,3
200600055518,0006-09-15 11:40:00,6,9,15,11,40,680,224,"5, REGIMENT DE TRANSMISS",,,Plein jour,En agglomération,Hors intersection,Pluie légère,Deux véhicules - arrière,,,,,,,,,,,1,2,1,2,2
200600055519,0006-09-15 11:50:00,6,9,15,11,50,680,224,VOIE RAPIDE NORD SUD,,,Plein jour,Hors agglomération,Hors intersection,Pluie légère,Trois véhicules et plus - en chaîne,,,,,,,,,,,1,1,1,2,4
200600055520,0006-09-22 23:10:00,6,9,22,23,10,680,224,"46, LAVOISIER (RUE)",,,Nuit avec éclairage allumé,En agglomération,Intersection en T,Normale,Deux véhicules - frontale,,,,,,,,,,,5,2,3,1,1
200600055521,0006-09-15 11:51:00,6,9,15,11,51,680,224,"115, SOULTZ (RUE DE)",,,Plein jour,En agglomération,Intersection en X,Normale,Autre collision,,,,,,,,,,,1,2,2,1,6
200600055522,0006-09-25 10:20:00,6,9,25,10,20,680,224,"125, COLMAR (AVENUE DE)",,,Plein jour,En agglomération,Intersection en T,Pluie légère,Deux véhicules - côté,,,,,,,,,,,1,2,3,2,3
200600055523,0006-09-27 13:40:00,6,9,27,13,40,680,224,"96, ILLZACH (RUE D')",,,Plein jour,En agglomération,Hors intersection,Normale,Deux véhicules - côté,,,,,,,,,,,1,2,1,1,3
200600055524,0006-09-19 07:45:00,6,9,19,7,45,680,224,"40A, SCHOEN (RUE ANNA)",,,Plein jour,En agglomération,Intersection en X,Normale,Autre collision,,,,,,,,,,,1,2,2,1,6
200600055525,0006-09-29 23:00:00,6,9,29,23,0,680,224,"168, BELFORT (RUE DE)",,,Nuit avec éclairage allumé,En agglomération,Intersection en T,Normale,Deux véhicules - côté,,,,,,,,,,,5,2,3,1,3
200600055526,0006-09-03 00:01:00,6,9,3,0,1,680,224,", LEFEBVRE (RUE)",,,Nuit avec éclairage allumé,En agglomération,Intersection en X,Normale,Deux véhicules - côté,,,,,,,,,,,5,2,2,1,3
200600055527,0006-09-27 21:30:00,6,9,27,21,30,680,224,"53, THENARD (RUE)",,,Nuit avec éclairage allumé,En agglomération,Intersection en X,Normale,Deux véhicules - côté,,,,,,,,,,,5,2,2,1,3