accident_id,datetime,annee,mois,jour,heure,minute,departement,commune_insee,adresse,latitude,longitude,luminosite,agglomeration,intersection,meteo,collision,nb_vehicules,nb_usagers,nb_indemnes,nb_tues,nb_blesses_hosp,nb_blesses_legers,age_cond_1,age_cond_2,veh_type_cond_1,veh_type_cond_2,lum_code,agg_code,int_code,atm_code,col_code
200600055528,0006-09-21 08:35:00,6,9,21,8,35,680,224,COLMAR (AVENUE DE),,,Plein jour,En agglomération,Intersection en T,Normale,Deux véhicules - arrière,,,,,,,,,,,1,2,3,1,2
200600055529,0006-09-14 18:30:00,6,9,14,18,30,680,224,"198, COLMAR (AVENUE DE)",,,Plein jour,En agglomération,Intersection en T,Normale,Deux véhicules - côté,,,,,,,,,,,1,2,3,1,3
200600055530,0006-09-27 15:30:00,6,9,27,15,30,680,224,AUTOROUTE A 36,,,Plein jour,Hors agglomération,Hors intersection,Normale,Trois véhicules et plus - collisions multiples,,,,,,,,,,,1,1,1,1,5
200600055531,0006-09-13 10:40:00,6,9,13,10,40,690,29,EMILE BOLLAERT,,,Plein jour,En agglomération,Hors intersection,Normale,Deux véhicules - côté,,,,,,,,,,,1,2,1,1,3
200600055532,0006-09-23 15:00:00,6,9,23,15,0,690,29,"14, PIERRE BROSSOLETTE",,,Plein jour,En agglomération,Hors intersection,Normale,Autre collision,,,,,,,,,,,1,2,1,1,6
200600055533,0006-09-17 14:00:00,6,9,17,14,0,690,29,REIMS (DE),,,Plein jour,En agglomération,Intersection en X,Normale,Deux véhicules - côté,,,,,,,,,,,1,2,2,1,3
200600055534,0006-09-01 17:55:00,6,9,1,17,55,690,29,8 MAI 1945 (DU),,,Plein jour,En agglomération,Hors intersection,Normale,Deux véhicules - côté,,,,,,,,,,,1,2,1,1,3
200600055535,0006-09-01 18:55:00,6,9,1,18,55,690,34,"11, GENERAL DE GAULLE",,,Plein jour,En agglomération,Hors intersection,Normale,Autre collision,,,,,,,,,,,1,2,1,1,6
200600055536,0006-09-27 15:15:00,6,9,27,15,15,690,34,"26, JEAN MOULIN",,,Plein jour,En agglomération,Hors intersection,Normale,Autre collision,,,,,,,,,,,1,2,1,1,6
200600055537,0006-09-22 18:30:00,6,9,22,18,30,690,91,"53, JEAN LIGONNET ( R )",,,Plein jour,En agglomération,Intersection en T,Normale,Deux véhicules - côté,,,,,,,,,,,1,2,3,1,3
200600055538,0006-09-23 16:00:00,6,9,23,16,0,690,91,JOSEPH LIAUTHAUD ( R ),,,Plein jour,En agglomération,Hors intersection,Normale,Sans collision,,,,,,,,,,,1,2,1,1,7
200600055539,0006-09-25 15:55:00,6,9,25,15,55,690,91,DOCTEUR ROUX (DU) ( R ),,,Plein jour,En agglomération,Hors intersection,Normale,Sans collision,,,,,,,,,,,1,2,1,1,7
200600055540,0006-09-29 12:20:00,6,9,29,12,20,690,91,"12, MARECHAL LECLERC  (A",,,Plein jour,En agglomération,Hors intersection,Normale,Sans collision,,,,,,,,,,,1,2,1,1,7
200600055541,0006-09-18 18:59:00,6,9,18,18,59,690,142,JEAN JACQUES ROUSSEAU,,,Plein jour,En agglomération,Hors intersection,Normale,Deux véhicules - côté,,,,,,,,,,,1,2,1,1,3
200600055542,0006-09-13 19:15:00,6,9,13,19,15,690,256,FRANKLIN,,,Crépuscule ou aube,En agglomération,Intersection en X,Normale,Autre collision,,,,,,,,,,,2,2,2,1,6
200600055543,0006-09-04 07:30:00,6,9,4,7,30,690,259,"33, PASTEUR",,,Plein jour,En agglomération,Hors intersection,Normale,Autre collision,,,,,,,,,,,1,2,1,1,6
200600055544,0006-09-04 08:10:00,6,9,4,8,10,690,259,"0, CORBAS (DE)",,,Plein jour,En agglomération,Hors intersection,Normale,Autre collision,,,,,,,,,,,1,2,1,1,6
200600055545,0006-09-10 09:30:00,6,9,10,9,30,690,199,"6, CARNOT",,,Plein jour,En agglomération,Intersection en T,Normale,Deux véhicules - côté,,,,,,,,,,,1,2,3,1,3
200600055546,0006-09-10 13:27:00,6,9,10,13,27,690,259,11 NOVEMBRE 1918 (DU),,,Plein jour,En agglomération,Hors intersection,Normale,Deux véhicules - frontale,,,,,,,,,,,1,2,1,1,1
200600055547,0006-09-14 14:30:00,6,9,14,14,30,690,29,"0, PARC DE PARILLY",,,Plein jour,En agglomération,Hors intersection,Normale,Autre collision,,,,,,,,,,,1,2,1,1,6
200600055548,0006-09-21 21:15:00,6,9,21,21,15,690,259,"0, LENINE",,,Nuit avec éclairage allumé,En agglomération,Intersection en X,Normale,Deux véhicules - côté,,,,,,,,,,,5,2,2,1,3
200600055549,0006-09-18 11:30:00,6,9,18,11,30,690,259,"0, ROMAIN ROLLAND",,,Plein jour,En agglomération,Intersection en X,Normale,Deux véhicules - côté,,,,,,,,,,,1,2,2,1,3
200600055550,0006-09-21 17:00:00,6,9,21,17,0,690,199,FRERES PERRET,,,Plein jour,En agglomération,Hors intersection,Normale,Autre collision,,,,,,,,,,,1,2,1,1,6
200600055551,0006-09-23 11:30:00,6,9,23,11,30,690,199,YVES FARGE,,,Plein jour,En agglomération,Hors intersection,Normale,Deux véhicules - arrière,,,,,,,,,,,1,2,1,1,2
200600055552,0006-09-23 15:00:00,6,9,23,15,0,690,259,LENINE,,,Plein jour,En agglomération,Intersection en X,Normale,Deux véhicules - côté,,,,,,,,,,,1,2,2,1,3
200600055553,0006-09-26 17:35:00,6,9,26,17,35,690,259,"0, REPUBLIQUE (DE LA)",,,Plein jour,En agglomération,Intersection en X,Normale,Deux véhicules - côté,,,,,,,,,,,1,2,2,1,3
200600055554,0006-09-22 16:45:00,6,9,22,16,45,690,259,GAMBETTA,,,Plein jour,En agglomération,Intersection en X,Normale,Deux véhicules - côté,,,,,,,,,,,1,2,2,1,3
200600055555,0006-09-10 01:55:00,6,9,10,1,55,690,264,COTTINET JEAN  R,,,Nuit avec éclairage allumé,En agglomération,Hors intersection,Normale,Autre collision,,,,,,,,,,,5,2,1,1,6
200600055556,0006-09-04 19:15:00,6,9,4,19,15,690,264,GARE PLACE DE LA,,,Plein jour,En agglomération,Place,Normale,Autre collision,,,,,,,,,,,1,2,7,1,6
200600055557,0006-09-13 15:25:00,6,9,13,15,25,690,266,"1, RUE FLORIAN",,,Plein jour,En agglomération,Intersection en X,Normale,Deux véhicules - côté,,,,,,,,,,,1,2,2,1,3
200600055558,0006-09-09 16:50:00,6,9,9,16,50,690,266,"1, RUE L DUCROIZE",,,Plein jour,En agglomération,Intersection en T,Normale,Autre collision,,,,,,,,,,,1,2,3,1,6
200600055559,0006-09-20 18:20:00,6,9,20,18,20,690,266,"23, RUE C MICHUT",,,Plein jour,En agglomération,Hors intersection,Normale,Autre collision,,,,,,,,,,,1,2,1,1,6
200600055560,0006-09-21 12:30:00,6,9,21,12,30,690,266,"146 BIS, CRS TOLSTOI",,,Plein jour,En agglomération,Hors intersection,Normale,Autre collision,,,,,,,,,,,1,2,1,1,6
200600055561,0006-09-14 09:00:00,6,9,14,9,0,690,266,"23, CRS E ZOLA",,,Plein jour,En agglomération,Hors intersection,Pluie légère,Autre collision,,,,,,,,,,,1,2,1,2,6
200600055562,0006-09-15 14:55:00,6,9,15,14,55,690,266,"1, BD L BONNEVAY INT",,,Crépuscule ou aube,En agglomération,Hors intersection,Pluie légère,Deux véhicules - côté,,,,,,,,,,,2,2,1,2,3
200600055563,0006-09-15 11:20:00,6,9,15,11,20,690,266,"38, RUE M SERVET",,,Plein jour,En agglomération,Hors intersection,Pluie forte,Autre collision,,,,,,,,,,,1,2,1,3,6
200600055564,0006-09-05 14:30:00,6,9,5,14,30,690,275,EDOUARD HERRIOT,,,Plein jour,En agglomération,Intersection en X,Normale,Deux véhicules - côté,,,,,,,,,,,1,2,2,1,3
200600055565,0006-09-27 21:10:00,6,9,27,21,10,690,275,"44, REPUBLIQUE (DE LA)",,,Nuit avec éclairage allumé,En agglomération,Intersection en T,Normale,Deux véhicules - côté,,,,,,,,,,,5,2,3,1,3
200600055566,0006-09-13 20:15:00,6,9,13,20,15,690,282,"., TERRASSES (DES)",,,Nuit avec éclairage allumé,En agglomération,Hors intersection,Normale,Deux véhicules - frontale,,,,,,,,,,,5,2,1,1,1
200600055567,0006-09-03 13:00:00,6,9,3,13,0,690,290,"0, GRANDE VIGNE (DE)",,,Plein jour,En agglomération,Hors intersection,Normale,Deux véhicules - frontale,,,,,,,,,,,1,2,1,1,1
200600055568,0006-09-07 17:10:00,6,9,7,17,10,690,290,"45, LOUIS BRAILLE",,,Plein jour,En agglomération,Hors intersection,Normale,Autre collision,,,,,,,,,,,1,2,1,1,6
200600055569,0006-09-11 16:10:00,6,9,11,16,10,690,290,NUMERO 6 (CITE BERLIET),,,Plein jour,En agglomération,Intersection en X,Normale,Deux véhicules - côté,,,,,,,,,,,1,2,2,1,3
200600055570,0006-09-18 10:00:00,6,9,18,10,0,690,290,ANDRE BOULLOCHE,,,Plein jour,En agglomération,Hors intersection,Normale,Autre collision,,,,,,,,,,,1,2,1,1,6
200600055571,0006-09-04 11:30:00,6,9,4,11,30,700,550,"16, PEPINIERE (RUE DE LA",,,Plein jour,En agglomération,Hors intersection,Normale,Deux véhicules - frontale,,,,,,,,,,,1,2,1,1,1
200600055572,0006-09-05 09:05:00,6,9,5,9,5,700,550,"25, JAURES (RUE JEAN)",,,Plein jour,En agglomération,Intersection en T,Normale,Deux véhicules - côté,,,,,,,,,,,1,2,3,1,3
200600055573,0006-09-09 07:50:00,6,9,9,7,50,700,388,RD457,,,Plein jour,Hors agglomération,Giratoire,Normale,Deux véhicules - côté,,,,,,,,,,,1,1,6,1,3
200600055574,0006-09-29 09:15:00,6,9,29,9,15,700,550,"3, LAC (AVENUE)",,,Plein jour,En agglomération,Hors intersection,Normale,Sans collision,,,,,,,,,,,1,2,1,1,7
200600055575,0006-09-06 15:15:00,6,9,6,15,15,710,445,RN 80,,,Plein jour,Hors agglomération,Hors intersection,Normale,Deux véhicules - frontale,,,,,,,,,,,1,1,1,1,1
200600055576,0006-09-21 02:30:00,6,9,21,2,30,710,445,ORLANS (ROND POINT DES),,,Nuit avec éclairage allumé,Hors agglomération,Giratoire,Normale,Sans collision,,,,,,,,,,,5,1,6,1,7
200600055577,0006-09-21 19:10:00,6,9,21,19,10,710,76,134 EME RI  (RUE),,,Plein jour,En agglomération,Hors intersection,Normale,Autre collision,,,,,,,,,,,1,2,1,1,6
200600055578,0006-09-01 15:35:00,6,9,1,15,35,710,153,MARECHAL LECLERC (RUE),,,Plein jour,En agglomération,Hors intersection,Normale,Autre collision,,,,,,,,,,,1,2,1,1,6
200600055579,0006-09-09 04:55:00,6,9,9,4,55,710,153,COURONNE (RUE DE LA),,,Nuit avec éclairage allumé,En agglomération,Hors intersection,Normale,Autre collision,,,,,,,,,,,5,2,1,1,6
200600055580,0006-09-14 17:05:00,6,9,14,17,5,710,153,MARECHAL FOCH (RUE),,,Plein jour,En agglomération,Hors intersection,Normale,Autre collision,,,,,,,,,,,1,2,1,1,6
200600055581,0006-09-29 20:50:00,6,9,29,20,50,710,153,ETANG DE LA FORGE (rue),,,Nuit avec éclairage allumé,En agglomération,Hors intersection,Normale,Sans collision,,,,,,,,,,,5,2,1,1,7
200600055582,0006-09-01 12:00:00,6,9,1,12,0,710,270,"NRI, MALCUS (RUE DE)",,,Plein jour,En agglomération,Hors intersection,Normale,Deux véhicules - côté,,,,,,,,,,,1,2,1,1,3
200600055583,0006-09-02 19:40:00,6,9,2,19,40,710,270,"NRI, GRAND FOUR (RUE DU)",,,Plein jour,En agglomération,Giratoire,Normale,Deux véhicules - côté,,,,,,,,,,,1,2,6,1,3
200600055584,0006-09-02 16:55:00,6,9,2,16,55,710,270,TAMARIS (CHEMIN DES),,,Plein jour,En agglomération,Intersection en T,Normale,Deux véhicules - côté,,,,,,,,,,,1,2,3,1,3
200600055585,0006-09-03 21:20:00,6,9,3,21,20,710,270,FLACE (RUE DE),,,Nuit avec éclairage allumé,En agglomération,Hors intersection,Normale,Autre collision,,,,,,,,,,,5,2,1,1,6
200600055586,0006-09-13 15:10:00,6,9,13,15,10,710,270,BOUTATS (CHEMIN DES),,,Plein jour,Hors agglomération,Intersection en X,Normale,Deux véhicules - côté,,,,,,,,,,,1,1,2,1,3
200600055587,0006-09-12 15:45:00,6,9,12,15,45,710,270,"1, DUNANT (BOULEVARD HEN",,,Plein jour,En agglomération,Hors intersection,Normale,Autre collision,,,,,,,,,,,1,2,1,1,6
200600055588,0006-09-13 08:30:00,6,9,13,8,30,710,105,"nr1, TOURNONS (CHEMIN DE",,,Plein jour,Hors agglomération,Hors intersection,Normale,Autre collision,,,,,,,,,,,1,1,1,1,6
200600055589,0006-09-15 00:40:00,6,9,15,0,40,710,270,BIOUX (ROUTE DE),,,Nuit avec éclairage allumé,En agglomération,Hors intersection,Normale,Autre collision,,,,,,,,,,,5,2,1,1,6
200600055590,0006-09-24 16:45:00,6,9,24,16,45,710,270,"1, Chemin de Halage",,,Plein jour,En agglomération,Hors intersection,Normale,Autre collision,,,,,,,,,,,1,2,1,1,6
200600055591,0006-09-23 11:55:00,6,9,23,11,55,710,270,"1, POISSONNIERE (PLACE)",,,Plein jour,En agglomération,Hors intersection,Normale,Autre collision,,,,,,,,,,,1,2,1,1,6
200600055592,0006-09-29 17:10:00,6,9,29,17,10,710,270,"6, FLACE (RUE DE)",,,Plein jour,En agglomération,Hors intersection,Normale,Deux véhicules - côté,,,,,,,,,,,1,2,1,1,3
200600055593,0006-09-05 15:30:00,6,9,5,15,30,710,306,"9, REPUBLIQUE (RUE DE LA",,,Plein jour,En agglomération,Hors intersection,Normale,Autre collision,,,,,,,,,,,1,2,1,1,6
200600055594,0006-09-13 16:15:00,6,9,13,16,15,710,40,"4, MACON (ROUTE DE)",,,Plein jour,En agglomération,Hors intersection,Normale,Deux véhicules - côté,,,,,,,,,,,1,2,1,1,3
200600055595,0006-09-14 08:40:00,6,9,14,8,40,710,306,"17, JEAN BOUVERI (RUE)",,,Plein jour,En agglomération,Hors intersection,Normale,Autre collision,,,,,,,,,,,1,2,1,1,6
200600055596,0006-09-23 01:10:00,6,9,23,1,10,710,306,"2, JEAN JAURES (AVENUE)",,,Nuit avec éclairage allumé,En agglomération,Intersection en X,Normale,Deux véhicules - côté,,,,,,,,,,,5,2,2,1,3
200600055597,0006-09-18 13:45:00,6,9,18,13,45,710,499,"1763, JEAN JAURES (RUE)",,,Plein jour,En agglomération,Hors intersection,Normale,Deux véhicules - arrière,,,,,,,,,,,1,2,1,1,2
200600055598,0006-09-27 09:00:00,6,9,27,9,0,710,306,"17, JEAN JAURES (RUE)",,,Plein jour,En agglomération,Hors intersection,Brouillard / fumée,Sans collision,,,,,,,,,,,1,2,1,5,7
200600055599,0006-09-30 16:10:00,6,9,30,16,10,710,306,"2, ETANG (RUE DE L')",,,Plein jour,En agglomération,Intersection en T,Pluie légère,Deux véhicules - côté,,,,,,,,,,,1,2,3,2,3
200600055600,0006-09-30 19:55:00,6,9,30,19,55,710,40,MACON (ROUTE DE),,,Nuit avec éclairage allumé,Hors agglomération,Hors intersection,Pluie forte,Deux véhicules - frontale,,,,,,,,,,,5,1,1,3,1
200600055601,0006-09-01 04:50:00,6,9,1,4,50,720,181,PIRON AUGUSTE (RUE) N° P,,,Nuit avec éclairage allumé,En agglomération,Intersection en X,Normale,Deux véhicules - côté,,,,,,,,,,,5,2,2,1,3
200600055602,0006-09-02 17:05:00,6,9,2,17,5,720,181,ALENCON (RTE D'),,,Plein jour,En agglomération,Hors intersection,Normale,Trois véhicules et plus - en chaîne,,,,,,,,,,,1,2,1,1,4
200600055603,0006-09-03 18:30:00,6,9,3,18,30,720,181,ESTIENNE D'ORVES (BD D'),,,Plein jour,En agglomération,Hors intersection,Normale,Deux véhicules - arrière,,,,,,,,,,,1,2,1,1,2
200600055604,0006-09-04 18:00:00,6,9,4,18,0,720,181,"2, AUTRICHE (RUE D')",,,Plein jour,En agglomération,Hors intersection,Normale,Deux véhicules - frontale,,,,,,,,,,,1,2,1,1,1
200600055605,0006-09-05 07:30:00,6,9,5,7,30,720,3,RD 147 E (RTE),,,Plein jour,Hors agglomération,Hors intersection,Normale,Deux véhicules - frontale,,,,,,,,,,,1,1,1,1,1
200600055606,0006-09-05 12:50:00,6,9,5,12,50,720,181,"64, MITTERAND FRANCOIS (",,,Plein jour,En agglomération,Hors intersection,Normale,Autre collision,,,,,,,,,,,1,2,1,1,6
200600055607,0006-09-05 18:30:00,6,9,5,18,30,720,181,"16, MITTERAND FRANCOIS (",,,Plein jour,En agglomération,Hors intersection,Normale,Deux véhicules - arrière,,,,,,,,,,,1,2,1,1,2
200600055608,0006-09-08 09:00:00,6,9,8,9,0,720,181,RHIN ET DANUBE (AV) N° I,,,Plein jour,En agglomération,Hors intersection,Normale,Deux véhicules - arrière,,,,,,,,,,,1,2,1,1,2
200600055609,0006-09-11 17:10:00,6,9,11,17,10,720,181,DEGRE (RUE DE) N° PAIRS,,,Plein jour,En agglomération,Hors intersection,Normale,Autre collision,,,,,,,,,,,1,2,1,1,6
200600055610,0006-09-18 09:35:00,6,9,18,9,35,720,181,CHURCHILL WINSTON (BD) N,,,Plein jour,En agglomération,Giratoire,Normale,Deux véhicules - arrière,,,,,,,,,,,1,2,6,1,2
200600055611,0006-09-13 15:45:00,6,9,13,15,45,720,181,DIESEL RODOLPHE (RUE),,,Plein jour,En agglomération,Intersection en X,Normale,Deux véhicules - frontale,,,,,,,,,,,1,2,2,1,1
200600055612,0006-09-14 23:15:00,6,9,14,23,15,720,181,FAROUX CHARLES (RUE) N°,,,Nuit avec éclairage allumé,En agglomération,Giratoire,Pluie légère,Deux véhicules - côté,,,,,,,,,,,5,2,6,2,3
200600055613,0006-09-14 23:10:00,6,9,14,23,10,720,181,DEMORIEUX (BD) ENTRE HUI,,,Nuit avec éclairage allumé,En agglomération,Intersection en T,Pluie légère,Trois véhicules et plus - collisions multiples,,,,,,,,,,,5,2,3,2,5
200600055614,0006-09-15 02:26:00,6,9,15,2,26,720,181,DEMORIEUX IMP DE ROCADE,,,Nuit avec éclairage allumé,En agglomération,Hors intersection,Normale,Autre collision,,,,,,,,,,,5,2,1,1,6
200600055615,0006-09-17 03:00:00,6,9,17,3,0,720,181,PREMIERE DIVISION FRANCA,,,Nuit sans éclairage public,Hors agglomération,Hors intersection,Normale,Deux véhicules - côté,,,,,,,,,,,3,1,1,1,3
200600055616,0006-09-16 19:40:00,6,9,16,19,40,720,181,PYRENEES (RUE DES),,,Crépuscule ou aube,En agglomération,Hors intersection,Normale,Autre collision,,,,,,,,,,,2,2,1,1,6
200600055617,0006-09-18 07:50:00,6,9,18,7,50,720,181,ALLONNES PONT ROUGE (RTE,,,Crépuscule ou aube,En agglomération,Hors intersection,Normale,Deux véhicules - côté,,,,,,,,,,,2,2,1,1,3
200600055618,0006-09-18 11:48:00,6,9,18,11,48,720,3,RAVEL MAURICE (RUE),,,Plein jour,En agglomération,Hors intersection,Normale,Autre collision,,,,,,,,,,,1,2,1,1,6
200600055619,0006-09-19 09:25:00,6,9,19,9,25,720,181,PATTON GENERAL RTE ST-AU,,,Plein jour,En agglomération,Hors intersection,Pluie légère,Deux véhicules - côté,,,,,,,,,,,1,2,1,2,3
200600055620,0006-09-19 08:00:00,6,9,19,8,0,720,181,PATTON GENERAL RTE ST-AU,,,Plein jour,En agglomération,Hors intersection,Pluie forte,Deux véhicules - côté,,,,,,,,,,,1,2,1,3,3
200600055621,0006-09-20 16:30:00,6,9,20,16,30,720,181,QUERU COLONEL ENTRE ST-A,,,Plein jour,En agglomération,Intersection en X,Normale,Autre collision,,,,,,,,,,,1,2,2,1,6
200600055622,0006-09-20 22:00:00,6,9,20,22,0,720,181,DEMORIEUX IMP DE ROCADE,,,Nuit avec éclairage allumé,En agglomération,Intersection en X,Normale,Deux véhicules - côté,,,,,,,,,,,5,2,2,1,3
200600055623,0006-09-21 13:55:00,6,9,21,13,55,720,181,PATTON GENERAL RTE ST-AU,,,Plein jour,En agglomération,Hors intersection,Normale,Trois véhicules et plus - collisions multiples,,,,,,,,,,,1,2,1,1,5
200600055624,0006-09-21 17:45:00,6,9,21,17,45,720,181,LEFEUVRE HENRI AV N° PAI,,,Plein jour,En agglomération,Intersection en X,Normale,Deux véhicules - côté,,,,,,,,,,,1,2,2,1,3
200600055625,0006-09-22 11:40:00,6,9,22,11,40,720,181,RHIN ET DANUBE (AV) N° P,,,Plein jour,En agglomération,Hors intersection,Pluie légère,Trois véhicules et plus - en chaîne,,,,,,,,,,,1,2,1,2,4
200600055626,0006-09-22 12:35:00,6,9,22,12,35,720,3,GAULLE CHARLES DE (AV),,,Plein jour,En agglomération,Hors intersection,Pluie légère,Autre collision,,,,,,,,,,,1,2,1,2,6
200600055627,0006-09-22 18:30:00,6,9,22,18,30,720,181,FRESNAYE ROGER DE LA (RU,,,Plein jour,En agglomération,Hors intersection,Normale,Deux véhicules - côté,,,,,,,,,,,1,2,1,1,3
200600055628,0006-09-24 23:10:00,6,9,24,23,10,720,181,ANTARES (CARREFOUR D'),,,Nuit avec éclairage allumé,Hors agglomération,Hors intersection,Normale,Autre collision,,,,,,,,,,,5,1,1,1,6
200600055629,0006-09-25 08:45:00,6,9,25,8,45,720,181,WILBUR WRIGHT (RUE),,,Plein jour,En agglomération,Hors intersection,Normale,Autre collision,,,,,,,,,,,1,2,1,1,6
200600055630,0006-09-25 11:52:00,6,9,25,11,52,720,181,RIF (RUE DU)  N° IMP,,,Plein jour,En agglomération,Intersection en X,Normale,Deux véhicules - côté,,,,,,,,,,,1,2,2,1,3
200600055631,0006-09-26 16:55:00,6,9,26,16,55,720,181,KLOTZ HENRI-PIERRE (AV),,,Plein jour,En agglomération,Hors intersection,Normale,Deux véhicules - frontale,,,,,,,,,,,1,2,1,1,1
200600055632,0006-09-27 17:15:00,6,9,27,17,15,720,181,MESSIAEN OLIVIER (AV) IM,,,Plein jour,En agglomération,Hors intersection,Normale,Autre collision,,,,,,,,,,,1,2,1,1,6
200600055633,0006-09-28 14:20:00,6,9,28,14,20,720,181,BOITARD (RUE),,,Plein jour,En agglomération,Hors intersection,Normale,Autre collision,,,,,,,,,,,1,2,1,1,6
200600055634,0006-09-28 18:27:00,6,9,28,18,27,720,181,"118, BOLLEE (AV) N° PAIR",,,Plein jour,En agglomération,Hors intersection,Normale,Deux véhicules - arrière,,,,,,,,,,,1,2,1,1,2
200600055635,0006-09-29 13:40:00,6,9,29,13,40,720,181,LAIGNE RUE DE N° IMP 115,,,Plein jour,En agglomération,Hors intersection,Pluie légère,Trois véhicules et plus - en chaîne,,,,,,,,,,,1,2,1,2,4
200600055636,0006-09-29 15:20:00,6,9,29,15,20,720,181,SABLE (RTE DE ),,,Plein jour,En agglomération,Hors intersection,Normale,Autre collision,,,,,,,,,,,1,2,1,1,6
200600055637,0006-09-30 14:45:00,6,9,30,14,45,720,181,BOURG BELE (RUE DU)  N°,,,Plein jour,En agglomération,Hors intersection,Pluie légère,Deux véhicules - arrière,,,,,,,,,,,1,2,1,2,2
200600055638,0006-09-30 16:27:00,6,9,30,16,27,720,181,PATTON GENERAL RTE ST-AU,,,Plein jour,En agglomération,Hors intersection,Pluie légère,Deux véhicules - arrière,,,,,,,,,,,1,2,1,2,2
200600055639,0006-09-29 23:15:00,6,9,29,23,15,720,3,GAULLE CHARLES DE (AV),,,Plein jour,En agglomération,Hors intersection,Normale,Deux véhicules - arrière,,,,,,,,,,,1,2,1,1,2
200600055640,0006-09-10 10:25:00,6,9,10,10,25,730,8,FERRIE GENERAL RUE,,,Plein jour,En agglomération,Hors intersection,Normale,Deux véhicules - côté,,,,,,,,,,,1,2,1,1,3
200600055641,0006-09-23 15:30:00,6,9,23,15,30,730,8,LAMARTINE CARREFOUR,,,Plein jour,En agglomération,Hors intersection,Normale,Deux véhicules - côté,,,,,,,,,,,1,2,1,1,3
200600055642,0006-09-28 11:22:00,6,9,28,11,22,730,8,HOPITAUX CARREFOUR DES,,,Plein jour,En agglomération,Hors intersection,Normale,Deux véhicules - côté,,,,,,,,,,,1,2,1,1,3
200600055643,0006-09-09 11:05:00,6,9,9,11,5,730,11,"2263, TOURS (ROUTE DE)",,,Plein jour,Hors agglomération,Hors intersection,Normale,Autre collision,,,,,,,,,,,1,1,1,1,6
200600055644,0006-09-20 16:00:00,6,9,20,16,0,730,11,"89, DE GAULLE (AV) J. MO",,,Plein jour,En agglomération,Hors intersection,Normale,Autre collision,,,,,,,,,,,1,2,1,1,6
200600055645,0006-09-29 14:45:00,6,9,29,14,45,730,11,DE GAULLE (AV.) HUGO A J,,,Plein jour,En agglomération,Intersection en X,Normale,Deux véhicules - côté,,,,,,,,,,,1,2,2,1,3
200600055646,0006-09-04 13:15:00,6,9,4,13,15,730,65,"0.001, SAINT SATURNIN (R",,,Plein jour,Hors agglomération,Hors intersection,Normale,Deux véhicules - côté,,,,,,,,,,,1,1,1,1,3
200600055647,0006-09-07 09:35:00,6,9,7,9,35,730,65,"0.001, LYON (AVENUE DE)",,,Plein jour,En agglomération,Intersection en T,Normale,Deux véhicules - côté,,,,,,,,,,,1,2,3,1,3
200600055648,0006-09-09 19:49:00,6,9,9,19,49,730,65,"0.001, GRANDE CHARTREUSE",,,Crépuscule ou aube,Hors agglomération,Intersection en T,Normale,Deux véhicules - côté,,,,,,,,,,,2,1,3,1,3
200600055649,0006-09-21 07:33:00,6,9,21,7,33,730,65,"0.001, RECLUS (FAUBOURG)",,,Plein jour,En agglomération,Intersection en T,Normale,Deux véhicules - côté,,,,,,,,,,,1,2,3,1,3
200600055650,0006-09-01 16:10:00,6,9,1,16,10,740,10,"14, FIER (BOULEVARD DU))",,,Plein jour,En agglomération,Hors intersection,Normale,Deux véhicules - frontale,,,,,,,,,,,1,2,1,1,1
200600055651,0006-09-08 11:42:00,6,9,8,11,42,740,10,MONT-BLANC,,,Plein jour,En agglomération,Intersection en X,Normale,Deux véhicules - côté,,,,,,,,,,,1,2,2,1,3
200600055652,0006-09-11 08:35:00,6,9,11,8,35,740,10,"29, PERIMETRE (ROUTE DU)",,,Plein jour,En agglomération,Hors intersection,Normale,Autre collision,,,,,,,,,,,1,2,1,1,6
200600055653,0006-09-11 18:25:00,6,9,11,18,25,740,10,"., BARATTES (AVENUE DES)",,,Plein jour,En agglomération,Intersection en T,Normale,Autre collision,,,,,,,,,,,1,2,3,1,6
200600055654,0006-09-21 16:20:00,6,9,21,16,20,740,10,"., SOMMEILLER",,,Plein jour,En agglomération,Intersection en X,Normale,Deux véhicules - côté,,,,,,,,,,,1,2,2,1,3
200600055655,0006-09-24 17:52:00,6,9,24,17,52,740,93,OUEST (BOULEVARD),,,Plein jour,En agglomération,Hors intersection,Pluie légère,Autre collision,,,,,,,,,,,1,2,1,2,6
200600055656,0006-09-25 00:27:00,6,9,25,0,27,740,10,"9, LYCEE (BOULEVARD DU)(",,,Nuit avec éclairage allumé,En agglomération,Hors intersection,Pluie légère,Autre collision,,,,,,,,,,,5,2,1,2,6
200600055657,0006-09-21 13:15:00,6,9,21,13,15,740,10,PLAINE (AVENUE DE LA),,,Plein jour,En agglomération,Intersection en X,Normale,Autre collision,,,,,,,,,,,1,2,2,1,6
200600055658,0006-09-25 19:00:00,6,9,25,19,0,740,93,"., REPUBLIQUE (AVENUE DE",,,Plein jour,En agglomération,Giratoire,Normale,Deux véhicules - arrière,,,,,,,,,,,1,2,6,1,2
200600055659,0006-09-01 18:30:00,6,9,1,18,30,740,118,SAINT-JULIEN (ROUTE DE),,,Plein jour,En agglomération,Hors intersection,Normale,Autre collision,,,,,,,,,,,1,2,1,1,6
200600055660,0006-09-02 16:40:00,6,9,2,16,40,740,305,TOURNELLES (RUE DES),,,Plein jour,En agglomération,Hors intersection,Normale,Autre collision,,,,,,,,,,,1,2,1,1,6
200600055661,0006-09-08 16:25:00,6,9,8,16,25,740,305,JUVIGNY (ROUTE DE),,,Plein jour,En agglomération,Intersection en T,Normale,Deux véhicules - côté,,,,,,,,,,,1,2,3,1,3