accident_id,datetime,annee,mois,jour,heure,minute,departement,commune_insee,adresse,latitude,longitude,luminosite,agglomeration,intersection,meteo,collision,nb_vehicules,nb_usagers,nb_indemnes,nb_tues,nb_blesses_hosp,nb_blesses_legers,age_cond_1,age_cond_2,veh_type_cond_1,veh_type_cond_2,lum_code,agg_code,int_code,atm_code,col_code
200600055662,0006-09-06 17:05:00,6,9,6,17,5,740,12,LIBERATION (PLACE DE LA),,,Plein jour,En agglomération,Intersection en X,Normale,Deux véhicules - côté,,,,,,,,,,,1,2,2,1,3
200600055663,0006-09-07 19:45:00,6,9,7,19,45,740,298,ERABLES (CHEMIN DES),,,Plein jour,En agglomération,Hors intersection,Normale,Deux véhicules - côté,,,,,,,,,,,1,2,1,1,3
200600055664,0006-09-09 03:30:00,6,9,9,3,30,740,118,DE GAULLE (RUE CHARLES),,,Nuit avec éclairage allumé,En agglomération,Hors intersection,Normale,Autre collision,,,,,,,,,,,5,2,1,1,6
200600055665,0006-09-20 17:20:00,6,9,20,17,20,740,281,"., DE GAULLE (AV DU GAL)",,,Plein jour,En agglomération,Intersection en T,Normale,Trois véhicules et plus - collisions multiples,,,,,,,,,,,1,2,3,1,5
200600055666,0006-09-20 13:25:00,6,9,20,13,25,740,281,SENEVULAZ (AVENUE DE),,,Plein jour,En agglomération,Intersection en T,Normale,Deux véhicules - côté,,,,,,,,,,,1,2,3,1,3
200600055667,0006-09-25 07:10:00,6,9,25,7,10,740,200,LAC (RUE DU),,,Plein jour,En agglomération,Intersection en T,Pluie légère,Deux véhicules - côté,,,,,,,,,,,1,2,3,2,3
200600055668,0006-09-05 11:50:00,6,9,5,11,50,740,281,DE GAULLE (AV DU GAL) AP,,,Plein jour,En agglomération,Intersection en T,Normale,Deux véhicules - côté,,,,,,,,,,,1,2,3,1,3
200600055669,0006-09-01 14:35:00,6,9,1,14,35,750,11,79 BD DE CHARONNE,,,Plein jour,En agglomération,Hors intersection,Normale,Deux véhicules - côté,,,,,,,,,,,1,2,1,1,3
200600055670,0006-09-03 02:20:00,6,9,3,2,20,750,17,106 AV DE SAINT OUEN,,,Nuit avec éclairage allumé,En agglomération,Hors intersection,Normale,Autre collision,,,,,,,,,,,5,2,1,1,6
200600055671,0006-09-04 14:50:00,6,9,4,14,50,750,14,L2856 R LEGION ETRANGERE,,,Plein jour,En agglomération,Hors intersection,Normale,Autre collision,,,,,,,,,,,1,2,1,1,6
200600055672,0006-09-04 16:05:00,6,9,4,16,5,750,1,R DE L ORATOIRE R DE RIV,,,Plein jour,En agglomération,Intersection en T,Normale,Deux véhicules - côté,,,,,,,,,,,1,2,3,1,3
200600055673,0006-09-04 22:30:00,6,9,4,22,30,750,4,31 BD BOURDON,,,Nuit avec éclairage allumé,En agglomération,Hors intersection,Normale,Deux véhicules - côté,,,,,,,,,,,5,2,1,1,3
200600055674,0006-09-05 12:15:00,6,9,5,12,15,750,8,PL FRANCOIS 1ER R FRANCO,,,Plein jour,En agglomération,Intersection en X,Normale,Deux véhicules - arrière,,,,,,,,,,,1,2,2,1,2
200600055675,0006-09-05 15:10:00,6,9,5,15,10,750,11,278 R FG SAINT ANTOINE,,,Plein jour,En agglomération,Hors intersection,Normale,Deux véhicules - côté,,,,,,,,,,,1,2,1,1,3
200600055676,0006-09-06 00:35:00,6,9,6,0,35,750,16,BD AMIRAL BRUIX PL MAL D,,,Nuit avec éclairage allumé,En agglomération,Intersection en T,Normale,Autre collision,,,,,,,,,,,5,2,3,1,6
200600055677,0006-09-06 13:40:00,6,9,6,13,40,750,2,R DU CAIRE BD DE SEBASTO,,,Plein jour,En agglomération,Intersection en T,Normale,Autre collision,,,,,,,,,,,1,2,3,1,6
200600055678,0006-09-06 21:50:00,6,9,6,21,50,750,18,BD NEY BD ORNANO,,,Nuit avec éclairage allumé,En agglomération,Intersection en X,Normale,Autre collision,,,,,,,,,,,5,2,2,1,6
200600055679,0006-09-01 09:40:00,6,9,1,9,40,750,7,R DE VARENNE R VANEAU,,,Plein jour,En agglomération,Intersection en X,Normale,Deux véhicules - côté,,,,,,,,,,,1,2,2,1,3
200600055680,0006-09-01 10:25:00,6,9,1,10,25,750,16,AV D IENA R DE PRESBOURG,,,Plein jour,En agglomération,Intersection en X,Normale,Sans collision,,,,,,,,,,,1,2,2,1,7
200600055681,0006-09-01 11:00:00,6,9,1,11,0,750,16,AV FOCH R DE PRESBOURG,,,Plein jour,En agglomération,Intersection en X,Normale,Autre collision,,,,,,,,,,,1,2,2,1,6
200600055682,0006-09-01 10:15:00,6,9,1,10,15,750,1,R MARENGO R DE RIVOLI,,,Plein jour,En agglomération,Intersection en T,Normale,Deux véhicules - côté,,,,,,,,,,,1,2,3,1,3
200600055683,0006-09-01 13:15:00,6,9,1,13,15,750,1,AV GEN LEMONNIER R DE RI,,,Plein jour,En agglomération,Intersection en T,Normale,Autre collision,,,,,,,,,,,1,2,3,1,6
200600055684,0006-09-01 19:20:00,6,9,1,19,20,750,13,80 BD AUGUSTE BLANQUI,,,Plein jour,En agglomération,Hors intersection,Normale,Sans collision,,,,,,,,,,,1,2,1,1,7
200600055685,0006-09-01 15:30:00,6,9,1,15,30,750,16,L13728 ALL DU BORD DE L,,,Plein jour,En agglomération,Hors intersection,Normale,Deux véhicules - côté,,,,,,,,,,,1,2,1,1,3
200600055686,0006-09-01 17:40:00,6,9,1,17,40,750,16,L10470 AV MAHATMA GANDHI,,,Plein jour,En agglomération,Hors intersection,Normale,Deux véhicules - côté,,,,,,,,,,,1,2,1,1,3
200600055687,0006-09-07 18:20:00,6,9,7,18,20,750,15,BPE BRANCION VANVES,,,Plein jour,En agglomération,Hors intersection,Normale,Sans collision,,,,,,,,,,,1,2,1,1,7
200600055688,0006-09-07 22:25:00,6,9,7,22,25,750,17,13 AV DE CLICHY,,,Nuit avec éclairage allumé,En agglomération,Hors intersection,Normale,Autre collision,,,,,,,,,,,5,2,1,1,6
200600055689,0006-09-08 06:40:00,6,9,8,6,40,750,12,AV DAUMESNIL R DE RAMBOU,,,Crépuscule ou aube,En agglomération,Intersection en X,Normale,Deux véhicules - côté,,,,,,,,,,,2,2,2,1,3
200600055690,0006-09-01 00:15:00,6,9,1,0,15,750,19,AV DE FLANDRE R RIQUET,,,Nuit avec éclairage allumé,En agglomération,Intersection en X,Normale,Deux véhicules - côté,,,,,,,,,,,5,2,2,1,3
200600055691,0006-09-02 03:26:00,6,9,2,3,26,750,19,123 R DE MEAUX,,,Nuit avec éclairage allumé,En agglomération,Hors intersection,Normale,Autre collision,,,,,,,,,,,5,2,1,1,6
200600055692,0006-09-02 10:30:00,6,9,2,10,30,750,19,26 R DE TANGER,,,Plein jour,En agglomération,Hors intersection,Normale,Deux véhicules - côté,,,,,,,,,,,1,2,1,1,3
200600055693,0006-09-02 12:15:00,6,9,2,12,15,750,16,BD MURAT PL PTE DE ST CL,,,Plein jour,En agglomération,Intersection en X,Normale,Autre collision,,,,,,,,,,,1,2,2,1,6
200600055694,0006-09-02 05:40:00,6,9,2,5,40,750,16,ECH MUETTE RTE MUETTE A,,,Nuit avec éclairage allumé,En agglomération,Intersection en X,Normale,Autre collision,,,,,,,,,,,5,2,2,1,6
200600055695,0006-09-02 20:50:00,6,9,2,20,50,750,13,R BRUNESEAU BD MASSENA,,,Nuit avec éclairage allumé,En agglomération,Intersection en T,Normale,Deux véhicules - côté,,,,,,,,,,,5,2,3,1,3
200600055696,0006-09-02 18:00:00,6,9,2,18,0,750,13,12 R DE LA GLACIERE,,,Plein jour,En agglomération,Hors intersection,Normale,Autre collision,,,,,,,,,,,1,2,1,1,6
200600055697,0006-09-02 18:55:00,6,9,2,18,55,750,13,QU DE LA GARE BD VINCENT,,,Plein jour,En agglomération,Intersection en X,Normale,Deux véhicules - côté,,,,,,,,,,,1,2,2,1,3
200600055698,0006-09-02 13:10:00,6,9,2,13,10,750,14,BD BRUNE R WILFRID LAURI,,,Plein jour,En agglomération,Intersection en T,Normale,Sans collision,,,,,,,,,,,1,2,3,1,7
200600055699,0006-09-02 15:05:00,6,9,2,15,5,750,7,AV RAPP R DE L UNIVERSIT,,,Plein jour,En agglomération,Intersection en T,Normale,Autre collision,,,,,,,,,,,1,2,3,1,6
200600055700,0006-09-03 19:15:00,6,9,3,19,15,750,19,R COMPANS R GENERAL BRUN,,,Nuit avec éclairage allumé,En agglomération,Intersection en X,Normale,Deux véhicules - côté,,,,,,,,,,,5,2,2,1,3
200600055701,0006-09-03 18:10:00,6,9,3,18,10,750,19,28 AV DE FLANDRE,,,Plein jour,En agglomération,Hors intersection,Normale,Autre collision,,,,,,,,,,,1,2,1,1,6
200600055702,0006-09-03 12:50:00,6,9,3,12,50,750,2,R SAINT AUGUSTIN R SAINT,,,Plein jour,En agglomération,Intersection en X,Normale,Deux véhicules - côté,,,,,,,,,,,1,2,2,1,3
200600055703,0006-09-06 00:45:00,6,9,6,0,45,750,7,AV CHARLES FLOQUET AV GE,,,Nuit avec éclairage allumé,En agglomération,Intersection en X,Normale,Deux véhicules - côté,,,,,,,,,,,5,2,2,1,3
200600055704,0006-09-05 12:10:00,6,9,5,12,10,750,12,RTE DE LA GERBE RTE TOUR,,,Plein jour,En agglomération,Intersection en X,Normale,Deux véhicules - côté,,,,,,,,,,,1,2,2,1,3
200600055705,0006-09-05 09:55:00,6,9,5,9,55,750,12,AV DAUMESNIL R MONTGALLE,,,Plein jour,En agglomération,Intersection en T,Normale,Deux véhicules - côté,,,,,,,,,,,1,2,3,1,3
200600055706,0006-09-05 08:50:00,6,9,5,8,50,750,16,PL PORTE D AUTEUIL BD SU,,,Plein jour,En agglomération,Intersection en X,Normale,Sans collision,,,,,,,,,,,1,2,2,1,7
200600055707,0006-09-05 10:20:00,6,9,5,10,20,750,16,L10462 AV MAHATMA GANDHI,,,Plein jour,En agglomération,Hors intersection,Normale,Sans collision,,,,,,,,,,,1,2,1,1,7
200600055708,0006-09-04 12:35:00,6,9,4,12,35,750,11,R DE NEMOURS AV DE LA RE,,,Plein jour,En agglomération,Intersection en T,Pluie légère,Deux véhicules - arrière,,,,,,,,,,,1,2,3,2,2
200600055709,0006-09-04 20:30:00,6,9,4,20,30,750,12,L12064 QU DE LA RAPEE,,,Nuit avec éclairage allumé,En agglomération,Hors intersection,Normale,Deux véhicules - côté,,,,,,,,,,,5,2,1,1,3
200600055710,0006-09-04 08:52:00,6,9,4,8,52,750,15,18 AV PORTE BRANCION,,,Plein jour,En agglomération,Hors intersection,Pluie légère,Deux véhicules - côté,,,,,,,,,,,1,2,1,2,3
200600055711,0006-09-04 13:47:00,6,9,4,13,47,750,15,123 BD DE GRENELLE,,,Plein jour,En agglomération,Hors intersection,Normale,Autre collision,,,,,,,,,,,1,2,1,1,6
200600055712,0006-09-03 17:45:00,6,9,3,17,45,750,12,75 BD SOULT,,,Plein jour,En agglomération,Hors intersection,Normale,Deux véhicules - arrière,,,,,,,,,,,1,2,1,1,2
200600055713,0006-09-03 02:44:00,6,9,3,2,44,750,11,R BASFROI AV LEDRU ROLLI,,,Nuit avec éclairage allumé,En agglomération,Intersection en X,Normale,Autre collision,,,,,,,,,,,5,2,2,1,6
200600055714,0006-09-03 18:00:00,6,9,3,18,0,750,9,R DE CHATEAUDUN R TAITBO,,,Plein jour,En agglomération,Intersection en X,Temps couvert,Deux véhicules - côté,,,,,,,,,,,1,2,2,8,3
200600055715,0006-09-03 18:10:00,6,9,3,18,10,750,9,BD DES CAPUCINES R CHAUS,,,Plein jour,En agglomération,Intersection en Y,Normale,Deux véhicules - arrière,,,,,,,,,,,1,2,4,1,2
200600055716,0006-09-03 07:15:00,6,9,3,7,15,750,7,76 BD LA TOUR MAUBOURG,,,Plein jour,En agglomération,Hors intersection,Normale,Autre collision,,,,,,,,,,,1,2,1,1,6
200600055717,0006-09-03 02:25:00,6,9,3,2,25,750,16,RTE P JOUR BAGATELLE ALL,,,Plein jour,En agglomération,Intersection en Y,Normale,Deux véhicules - côté,,,,,,,,,,,1,2,4,1,3
200600055718,0006-09-03 05:30:00,6,9,3,5,30,750,8,R D ARTOIS R DE BERRI,,,Nuit avec éclairage allumé,En agglomération,Intersection en X,Normale,Deux véhicules - côté,,,,,,,,,,,5,2,2,1,3
200600055719,0006-09-03 17:25:00,6,9,3,17,25,750,18,66 R PAJOL,,,Plein jour,En agglomération,Hors intersection,Normale,Deux véhicules - arrière,,,,,,,,,,,1,2,1,1,2
200600055720,0006-09-03 01:40:00,6,9,3,1,40,750,18,112 BD DE ROCHECHOUART,,,Nuit avec éclairage allumé,En agglomération,Hors intersection,Normale,Autre collision,,,,,,,,,,,5,2,1,1,6
200600055721,0006-09-03 15:22:00,6,9,3,15,22,750,14,96 AV GENERAL LECLERC,,,Plein jour,En agglomération,Hors intersection,Normale,Autre collision,,,,,,,,,,,1,2,1,1,6
200600055722,0006-09-03 11:50:00,6,9,3,11,50,750,14,R LEGION ETRANGERE BD RO,,,Plein jour,En agglomération,Intersection en X,Normale,Deux véhicules - côté,,,,,,,,,,,1,2,2,1,3
200600055723,0006-09-02 14:30:00,6,9,2,14,30,750,11,R DE CHARONNE AV PHILIPP,,,Plein jour,En agglomération,Intersection en X,Normale,Deux véhicules - côté,,,,,,,,,,,1,2,2,1,3
200600055724,0006-09-02 14:35:00,6,9,2,14,35,750,20,12 R HENRI DUVERNOIS,,,Plein jour,En agglomération,Hors intersection,Normale,Autre collision,,,,,,,,,,,1,2,1,1,6
200600055725,0006-09-02 16:00:00,6,9,2,16,0,750,15,PL ALFRED SAUVY ALL MARG,,,Plein jour,En agglomération,Intersection en X,Normale,Autre collision,,,,,,,,,,,1,2,2,1,6
200600055726,0006-09-02 01:06:00,6,9,2,1,6,750,17,BD BESSIERES AV DE SAINT,,,Nuit avec éclairage allumé,En agglomération,Intersection en X,Normale,Autre collision,,,,,,,,,,,5,2,2,1,6
200600055727,0006-09-01 12:50:00,6,9,1,12,50,750,12,R BARON LE ROY PL LACHAM,,,Plein jour,En agglomération,Intersection en T,Normale,Deux véhicules - arrière,,,,,,,,,,,1,2,3,1,2
200600055728,0006-09-01 14:35:00,6,9,1,14,35,750,11,R CHEMIN VERT BD RICHARD,,,Plein jour,En agglomération,Intersection en X,Normale,Deux véhicules - côté,,,,,,,,,,,1,2,2,1,3
200600055729,0006-09-01 09:00:00,6,9,1,9,0,750,11,R FAIDHERBE R DE MONTREU,,,Plein jour,En agglomération,Intersection en X,Normale,Deux véhicules - arrière,,,,,,,,,,,1,2,2,1,2
200600055730,0006-09-09 03:15:00,6,9,9,3,15,750,14,67 BD SAINT JACQUES,,,Nuit avec éclairage allumé,En agglomération,Hors intersection,Normale,Autre collision,,,,,,,,,,,5,2,1,1,6
200600055731,0006-09-09 08:20:00,6,9,9,8,20,750,8,104 AV CHAMPS ELYSEES,,,Plein jour,En agglomération,Hors intersection,Normale,Autre collision,,,,,,,,,,,1,2,1,1,6
200600055732,0006-09-09 14:55:00,6,9,9,14,55,750,9,104 R SAINT LAZARE,,,Plein jour,En agglomération,Hors intersection,Normale,Autre collision,,,,,,,,,,,1,2,1,1,6
200600055733,0006-09-09 21:00:00,6,9,9,21,0,750,18,68 BD DE ROCHECHOUART,,,Nuit avec éclairage allumé,En agglomération,Hors intersection,Normale,Autre collision,,,,,,,,,,,5,2,1,1,6
200600055734,0006-09-09 23:15:00,6,9,9,23,15,750,4,R PAVEE R DU ROI DE SICI,,,Nuit avec éclairage allumé,En agglomération,Intersection en X,Normale,Deux véhicules - côté,,,,,,,,,,,5,2,2,1,3
200600055735,0006-09-10 13:20:00,6,9,10,13,20,750,19,BPE PANTIN VILLETTE,,,Plein jour,En agglomération,Hors intersection,Normale,Trois véhicules et plus - en chaîne,,,,,,,,,,,1,2,1,1,4
200600055736,0006-09-10 15:00:00,6,9,10,15,0,750,3,R DE SAINTONGE BD DU TEM,,,Plein jour,En agglomération,Intersection en Y,Normale,Deux véhicules - côté,,,,,,,,,,,1,2,4,1,3
200600055737,0006-09-01 13:00:00,6,9,1,13,0,750,20,R GRANDS CHAMPS R DES PY,,,Plein jour,En agglomération,Intersection en X,Normale,Autre collision,,,,,,,,,,,1,2,2,1,6
200600055738,0006-09-01 16:15:00,6,9,1,16,15,750,20,R LOUIS GANNE R LOUIS LU,,,Plein jour,En agglomération,Intersection en T,Normale,Autre collision,,,,,,,,,,,1,2,3,1,6
200600055739,0006-09-01 17:25:00,6,9,1,17,25,750,20,R EMMERY R DE PYRENEES,,,Plein jour,En agglomération,Intersection en T,Normale,Autre collision,,,,,,,,,,,1,2,3,1,6
200600055740,0006-09-01 12:00:00,6,9,1,12,0,750,14,R D ALESIA R DES PLANTES,,,Plein jour,En agglomération,Intersection en X,Normale,Autre collision,,,,,,,,,,,1,2,2,1,6
200600055741,0006-09-01 18:55:00,6,9,1,18,55,750,14,PL DENF ROCHEREAU R FROI,,,Nuit avec éclairage allumé,En agglomération,Intersection en X,Normale,Autre collision,,,,,,,,,,,5,2,2,1,6
200600055742,0006-09-11 08:40:00,6,9,11,8,40,750,18,BPI SAINT OUEN CLIGNANCO,,,Plein jour,En agglomération,Hors intersection,Normale,Deux véhicules - arrière,,,,,,,,,,,1,2,1,1,2
200600055743,0006-09-04 14:15:00,6,9,4,14,15,750,18,R ORDENER R DU RUISSEAU,,,Plein jour,En agglomération,Intersection en X,Normale,Deux véhicules - côté,,,,,,,,,,,1,2,2,1,3
200600055744,0006-09-04 13:35:00,6,9,4,13,35,750,18,28 BD BARBES,,,Plein jour,En agglomération,Hors intersection,Normale,Deux véhicules - côté,,,,,,,,,,,1,2,1,1,3
200600055745,0006-09-04 18:50:00,6,9,4,18,50,750,18,49 BD DE CLICHY,,,Plein jour,En agglomération,Hors intersection,Normale,Autre collision,,,,,,,,,,,1,2,1,1,6
200600055746,0006-09-05 20:20:00,6,9,5,20,20,750,11,R DE CHARONNE R RICHARD,,,Nuit avec éclairage allumé,En agglomération,Intersection en X,Normale,Autre collision,,,,,,,,,,,5,2,2,1,6
200600055747,0006-09-06 12:25:00,6,9,6,12,25,750,12,R DU COLONEL OUDOT AV DA,,,Plein jour,En agglomération,Intersection en T,Normale,Sans collision,,,,,,,,,,,1,2,3,1,7
200600055748,0006-09-06 20:15:00,6,9,6,20,15,750,13,BD MASSENA R DE PATAY,,,Crépuscule ou aube,En agglomération,Intersection en X,Normale,Autre collision,,,,,,,,,,,2,2,2,1,6
200600055749,0006-09-05 09:06:00,6,9,5,9,6,750,17,R LE CHATELIER AV DE VIL,,,Plein jour,En agglomération,Intersection en T,Normale,Deux véhicules - côté,,,,,,,,,,,1,2,3,1,3
200600055750,0006-09-06 09:50:00,6,9,6,9,50,750,13,AV D ITALIE R DE TOLBIAC,,,Plein jour,En agglomération,Intersection en X,Normale,Deux véhicules - côté,,,,,,,,,,,1,2,2,1,3
200600055751,0006-09-06 17:40:00,6,9,6,17,40,750,18,AV P AUBERVILLIERS ECH A,,,Plein jour,En agglomération,Intersection en X,Normale,Deux véhicules - côté,,,,,,,,,,,1,2,2,1,3
200600055752,0006-09-12 07:10:00,6,9,12,7,10,750,15,PL CAMBRONNE R CAMBRONNE,,,Plein jour,En agglomération,Intersection en T,Normale,Deux véhicules - côté,,,,,,,,,,,1,2,3,1,3
200600055753,0006-09-12 09:10:00,6,9,12,9,10,750,10,12 PL DE LA REPUBLIQUE,,,Plein jour,En agglomération,Hors intersection,Normale,Autre collision,,,,,,,,,,,1,2,1,1,6
200600055754,0006-09-01 14:00:00,6,9,1,14,0,750,16,L9465 RTE DES TRIBUNES,,,Plein jour,En agglomération,Hors intersection,Normale,Deux véhicules - arrière,,,,,,,,,,,1,2,1,1,2
200600055755,0006-09-01 20:15:00,6,9,1,20,15,750,17,PL GENERAL KOENIG BD PER,,,Nuit avec éclairage allumé,En agglomération,Intersection en X,Normale,Autre collision,,,,,,,,,,,5,2,2,1,6
200600055756,0006-09-02 18:45:00,6,9,2,18,45,750,18,5 R MARCADET,,,Plein jour,En agglomération,Hors intersection,Normale,Autre collision,,,,,,,,,,,1,2,1,1,6
200600055757,0006-09-03 20:10:00,6,9,3,20,10,750,8,4 R DES SAUSSAIES,,,Nuit avec éclairage allumé,En agglomération,Hors intersection,Normale,Autre collision,,,,,,,,,,,5,2,1,1,6
200600055758,0006-09-06 17:40:00,6,9,6,17,40,750,4,R MAUVAIS GARCONS R DE R,,,Plein jour,En agglomération,Intersection en X,Normale,Autre collision,,,,,,,,,,,1,2,2,1,6
200600055759,0006-09-04 20:07:00,6,9,4,20,7,750,5,BD SAINT GERMAIN R THENA,,,Plein jour,En agglomération,Intersection en T,Normale,Sans collision,,,,,,,,,,,1,2,3,1,7
200600055760,0006-09-04 17:08:00,6,9,4,17,8,750,5,R FOSS ST BERNARD R JUSS,,,Plein jour,En agglomération,Intersection en X,Normale,Autre collision,,,,,,,,,,,1,2,2,1,6
200600055761,0006-09-04 17:40:00,6,9,4,17,40,750,9,BD DES CAPUCINES PL DE L,,,Plein jour,En agglomération,Intersection en X,Normale,Autre collision,,,,,,,,,,,1,2,2,1,6
200600055762,0006-09-12 14:30:00,6,9,12,14,30,750,13,R CAILLAUX R GANDON,,,Plein jour,En agglomération,Intersection en X,Normale,Autre collision,,,,,,,,,,,1,2,2,1,6
200600055763,0006-09-05 00:30:00,6,9,5,0,30,750,2,R MONTMARTRE R REAUMUR,,,Nuit avec éclairage allumé,En agglomération,Intersection en X,Normale,Deux véhicules - côté,,,,,,,,,,,5,2,2,1,3
200600055764,0006-09-05 10:10:00,6,9,5,10,10,750,5,AV GEORGES BERNANOS AV O,,,Plein jour,En agglomération,Intersection en T,Normale,Deux véhicules - côté,,,,,,,,,,,1,2,3,1,3
200600055765,0006-09-05 20:00:00,6,9,5,20,0,750,8,BD HAUSSMANN AV DE MESSI,,,Plein jour,En agglomération,Intersection en T,Normale,Deux véhicules - côté,,,,,,,,,,,1,2,3,1,3
200600055766,0006-09-05 15:35:00,6,9,5,15,35,750,16,10 AV BUGEAUD,,,Plein jour,En agglomération,Hors intersection,Normale,Sans collision,,,,,,,,,,,1,2,1,1,7
200600055767,0006-09-06 23:50:00,6,9,6,23,50,750,8,R DE MADRID R DE ROME,,,Nuit avec éclairage allumé,En agglomération,Intersection en X,Normale,Deux véhicules - côté,,,,,,,,,,,5,2,2,1,3
200600055768,0006-09-12 16:00:00,6,9,12,16,0,750,6,40 BD SAINT MICHEL,,,Plein jour,En agglomération,Hors intersection,Normale,Autre collision,,,,,,,,,,,1,2,1,1,6
200600055769,0006-09-06 20:20:00,6,9,6,20,20,750,14,R DECRES R MOULIN LA VIE,,,Nuit avec éclairage allumé,En agglomération,Intersection en X,Normale,Deux véhicules - côté,,,,,,,,,,,5,2,2,1,3
200600055770,0006-09-06 09:20:00,6,9,6,9,20,750,16,116 AV DU PDT KENNEDY,,,Plein jour,En agglomération,Hors intersection,Normale,Sans collision,,,,,,,,,,,1,2,1,1,7
200600055771,0006-09-13 05:13:00,6,9,13,5,13,750,17,R A DE NEUVILLE BD PEREI,,,Nuit avec éclairage allumé,En agglomération,Intersection en X,Normale,Autre collision,,,,,,,,,,,5,2,2,1,6
200600055772,0006-09-06 16:40:00,6,9,6,16,40,750,16,CHE DE L ABBAYE RTE DES,,,Plein jour,En agglomération,Intersection en Y,Normale,Deux véhicules - arrière,,,,,,,,,,,1,2,4,1,2
200600055773,0006-09-06 08:30:00,6,9,6,8,30,750,19,120 BD MAC DONALD,,,Plein jour,En agglomération,Hors intersection,Normale,Deux véhicules - frontale,,,,,,,,,,,1,2,1,1,1
200600055774,0006-09-07 00:20:00,6,9,7,0,20,750,1,R DE CASTIGLIONNE R DU M,,,Nuit avec éclairage allumé,En agglomération,Intersection en X,Normale,Sans collision,,,,,,,,,,,5,2,2,1,7
200600055775,0006-09-07 23:55:00,6,9,7,23,55,750,12,10 R DE REUILLY,,,Nuit avec éclairage allumé,En agglomération,Hors intersection,Normale,Deux véhicules - arrière,,,,,,,,,,,5,2,1,1,2
200600055776,0006-09-07 12:15:00,6,9,7,12,15,750,14,R D ALESIA R DES PLANTES,,,Plein jour,En agglomération,Intersection en X,Normale,Deux véhicules - côté,,,,,,,,,,,1,2,2,1,3
200600055777,0006-09-07 00:20:00,6,9,7,0,20,750,15,2 R  CROIX NIVERT,,,Nuit avec éclairage allumé,En agglomération,Hors intersection,Normale,Autre collision,,,,,,,,,,,5,2,1,1,6
200600055778,0006-09-07 20:40:00,6,9,7,20,40,750,15,184 R DE LA CONVENTION,,,Nuit avec éclairage allumé,En agglomération,Hors intersection,Normale,Autre collision,,,,,,,,,,,5,2,1,1,6
200600055779,0006-09-07 17:30:00,6,9,7,17,30,750,16,85 BD EXELMANS,,,Plein jour,En agglomération,Hors intersection,Normale,Autre collision,,,,,,,,,,,1,2,1,1,6
200600055780,0006-09-07 23:45:00,6,9,7,23,45,750,17,BD PEREIRE AV DES TERNES,,,Nuit avec éclairage allumé,En agglomération,Intersection en X,Normale,Autre collision,,,,,,,,,,,5,2,2,1,6
200600055781,0006-09-07 21:40:00,6,9,7,21,40,750,17,33 R JACQUES IBERT,,,Nuit avec éclairage allumé,En agglomération,Hors intersection,Normale,Sans collision,,,,,,,,,,,5,2,1,1,7
200600055782,0006-09-07 18:30:00,6,9,7,18,30,750,17,PL GENERAL KOENIG BD PER,,,Plein jour,En agglomération,Intersection à plus de 4 branches,Normale,Sans collision,,,,,,,,,,,1,2,5,1,7
200600055783,0006-09-07 10:00:00,6,9,7,10,0,750,17,R A DE LA FORGE AV GRAND,,,Plein jour,Hors agglomération,Intersection en X,Normale,Autre collision,,,,,,,,,,,1,1,2,1,6
200600055784,0006-09-07 09:20:00,6,9,7,9,20,750,19,AV JEAN JAURES R DU HAIN,,,Plein jour,En agglomération,Intersection en X,Temps couvert,Deux véhicules - côté,,,,,,,,,,,1,2,2,8,3
200600055785,0006-09-07 08:40:00,6,9,7,8,40,750,19,146 BD MACDONALD,,,Plein jour,En agglomération,Hors intersection,Normale,Deux véhicules - côté,,,,,,,,,,,1,2,1,1,3
200600055786,0006-09-08 12:10:00,6,9,8,12,10,750,7,40 R DU BAC,,,Plein jour,En agglomération,Hors intersection,Normale,Deux véhicules - côté,,,,,,,,,,,1,2,1,1,3
200600055787,0006-09-08 06:20:00,6,9,8,6,20,750,12,L13554 QU DE BERCY,,,Crépuscule ou aube,En agglomération,Hors intersection,Normale,Deux véhicules - arrière,,,,,,,,,,,2,2,1,1,2
200600055788,0006-09-08 12:42:00,6,9,8,12,42,750,12,AV DR ARNOLD NETTER AV D,,,Plein jour,En agglomération,Intersection à plus de 4 branches,Normale,Autre collision,,,,,,,,,,,1,2,5,1,6
200600055789,0006-09-08 00:30:00,6,9,8,0,30,750,12,BPI CHARENTON BERCY,,,Nuit avec éclairage allumé,En agglomération,Hors intersection,Normale,Deux véhicules - côté,,,,,,,,,,,5,2,1,1,3
200600055790,0006-09-06 13:45:00,6,9,6,13,45,750,6,BD SAINT MICHEL R DE VAU,,,Plein jour,En agglomération,Intersection en T,Normale,Autre collision,,,,,,,,,,,1,2,3,1,6
200600055791,0006-09-07 13:50:00,6,9,7,13,50,750,6,9 QU MALAQUAIS,,,Plein jour,En agglomération,Hors intersection,Normale,Autre collision,,,,,,,,,,,1,2,1,1,6
200600055792,0006-09-07 11:15:00,6,9,7,11,15,750,7,44 R VANEAU,,,Plein jour,En agglomération,Hors intersection,Normale,Deux véhicules - côté,,,,,,,,,,,1,2,1,1,3
200600055793,0006-09-07 00:05:00,6,9,7,0,5,750,13,QU D IVRY R J BAPT BERLI,,,Nuit avec éclairage allumé,En agglomération,Intersection en Y,Normale,Deux véhicules - côté,,,,,,,,,,,5,2,4,1,3
200600055794,0006-09-01 15:25:00,6,9,1,15,25,750,10,12 BD DE MAGENTA,,,Plein jour,En agglomération,Hors intersection,Normale,Autre collision,,,,,,,,,,,1,2,1,1,6
200600055795,0006-09-02 01:30:00,6,9,2,1,30,750,10,96 BD DE MAGENTA,,,Nuit avec éclairage allumé,En agglomération,Hors intersection,Normale,Autre collision,,,,,,,,,,,5,2,1,1,6
200600055796,0006-09-04 18:30:00,6,9,4,18,30,750,10,R ALEXANDRE PARODI R FG,,,Plein jour,En agglomération,Intersection en T,Normale,Autre collision,,,,,,,,,,,1,2,3,1,6