accident_id,datetime,annee,mois,jour,heure,minute,departement,commune_insee,adresse,latitude,longitude,luminosite,agglomeration,intersection,meteo,collision,nb_vehicules,nb_usagers,nb_indemnes,nb_tues,nb_blesses_hosp,nb_blesses_legers,age_cond_1,age_cond_2,veh_type_cond_1,veh_type_cond_2,lum_code,agg_code,int_code,atm_code,col_code
200600055932,0006-09-14 12:05:00,6,9,14,12,5,750,16,R CHARDON LAGACHE R MOLI,,,Plein jour,En agglomération,Intersection en X,Normale,Autre collision,,,,,,,,,,,1,2,2,1,6
200600055933,0006-09-14 11:45:00,6,9,14,11,45,750,15,56 R BRANCION,,,Plein jour,En agglomération,Hors intersection,Normale,Autre collision,,,,,,,,,,,1,2,1,1,6
200600055934,0006-09-14 10:05:00,6,9,14,10,5,750,14,R DIDOT R JACQUIER,,,Plein jour,En agglomération,Intersection en X,Normale,Deux véhicules - arrière,,,,,,,,,,,1,2,2,1,2
200600055935,0006-09-14 17:20:00,6,9,14,17,20,750,14,R BREZIN AV GENERAL LECL,,,Plein jour,En agglomération,Intersection en T,Normale,Autre collision,,,,,,,,,,,1,2,3,1,6
200600055936,0006-09-14 07:30:00,6,9,14,7,30,750,14,32 AV ERNEST REYER,,,Plein jour,En agglomération,Hors intersection,Normale,Autre collision,,,,,,,,,,,1,2,1,1,6
200600055937,0006-09-14 16:15:00,6,9,14,16,15,750,9,PL BLANCHE BD DE CLICHY,,,Plein jour,En agglomération,Intersection en X,Normale,Autre collision,,,,,,,,,,,1,2,2,1,6
200600055938,0006-09-14 16:55:00,6,9,14,16,55,750,13,R DE TOLBIAC R VERGNIAUD,,,Plein jour,En agglomération,Intersection en X,Normale,Autre collision,,,,,,,,,,,1,2,2,1,6
200600055939,0006-09-14 14:50:00,6,9,14,14,50,750,13,BD ARAGO R DE LA GLACIER,,,Plein jour,En agglomération,Intersection en X,Normale,Autre collision,,,,,,,,,,,1,2,2,1,6
200600055940,0006-09-14 11:50:00,6,9,14,11,50,750,18,BD ORNANO R DU SIMPLON,,,Plein jour,En agglomération,Intersection en T,Normale,Deux véhicules - côté,,,,,,,,,,,1,2,3,1,3
200600055941,0006-09-14 09:30:00,6,9,14,9,30,750,16,RTE DES MOULINS RTE DES,,,Plein jour,En agglomération,Intersection en Y,Normale,Deux véhicules - côté,,,,,,,,,,,1,2,4,1,3
200600055942,0006-09-15 00:04:00,6,9,15,0,4,750,13,BD AUGUSTE BLANQUI R DE,,,Nuit avec éclairage allumé,En agglomération,Intersection en X,Pluie légère,Autre collision,,,,,,,,,,,5,2,2,2,6
200600055943,0006-09-20 09:30:00,6,9,20,9,30,750,13,BPE GENTILLY ITALIE,,,Plein jour,En agglomération,Hors intersection,Normale,Deux véhicules - arrière,,,,,,,,,,,1,2,1,1,2
200600055944,0006-09-04 10:55:00,6,9,4,10,55,750,5,6 R SOUFFLOT,,,Plein jour,En agglomération,Hors intersection,Pluie légère,Deux véhicules - côté,,,,,,,,,,,1,2,1,2,3
200600055945,0006-09-13 19:00:00,6,9,13,19,0,750,17,10 R TARBE,,,Plein jour,En agglomération,Hors intersection,Normale,Deux véhicules - frontale,,,,,,,,,,,1,2,1,1,1
200600055946,0006-09-13 11:37:00,6,9,13,11,37,750,17,AV DE CLICHY R SAUFFROY,,,Plein jour,En agglomération,Intersection en X,Normale,Deux véhicules - côté,,,,,,,,,,,1,2,2,1,3
200600055947,0006-09-14 20:12:00,6,9,14,20,12,750,17,12 AV MAC MAHON,,,Nuit avec éclairage allumé,En agglomération,Hors intersection,Normale,Deux véhicules - côté,,,,,,,,,,,5,2,1,1,3
200600055948,0006-09-14 18:45:00,6,9,14,18,45,750,17,BPE ASNIERES CHAMPERRET,,,Plein jour,En agglomération,Hors intersection,Normale,Deux véhicules - côté,,,,,,,,,,,1,2,1,1,3
200600055949,0006-09-14 17:30:00,6,9,14,17,30,750,11,R AMELOT R SAINT SEBASTI,,,Plein jour,En agglomération,Intersection en X,Normale,Deux véhicules - côté,,,,,,,,,,,1,2,2,1,3
200600055950,0006-09-15 08:43:00,6,9,15,8,43,750,6,124 BD SAINT GERMAIN,,,Plein jour,En agglomération,Hors intersection,Normale,Autre collision,,,,,,,,,,,1,2,1,1,6
200600055951,0006-09-15 00:05:00,6,9,15,0,5,750,17,BD BERTHIER R DE SAUSSUR,,,Nuit avec éclairage allumé,En agglomération,Intersection en T,Pluie légère,Sans collision,,,,,,,,,,,5,2,3,2,7
200600055952,0006-09-15 08:38:00,6,9,15,8,38,750,17,20 R BROCHANT,,,Plein jour,En agglomération,Hors intersection,Normale,Autre collision,,,,,,,,,,,1,2,1,1,6
200600055953,0006-09-15 19:40:00,6,9,15,19,40,750,17,R BERZELIUS AV DE CLICHY,,,Nuit avec éclairage allumé,En agglomération,Intersection en T,Temps couvert,Deux véhicules - côté,,,,,,,,,,,5,2,3,8,3
200600055954,0006-09-15 16:00:00,6,9,15,16,0,750,16,100 AV DU PDT KENNEDY,,,Plein jour,En agglomération,Hors intersection,Pluie légère,Autre collision,,,,,,,,,,,1,2,1,2,6
200600055955,0006-09-15 16:05:00,6,9,15,16,5,750,16,AV HIPPODROME ALL REINE,,,Plein jour,En agglomération,Intersection en X,Pluie légère,Deux véhicules - côté,,,,,,,,,,,1,2,2,2,3
200600055956,0006-09-15 12:25:00,6,9,15,12,25,750,16,76 AV GRANDE ARMEE,,,Plein jour,En agglomération,Hors intersection,Normale,Autre collision,,,,,,,,,,,1,2,1,1,6
200600055957,0006-09-15 18:40:00,6,9,15,18,40,750,11,R DE CHARONNE AV PHILIPP,,,Plein jour,En agglomération,Intersection en X,Temps couvert,Deux véhicules - côté,,,,,,,,,,,1,2,2,8,3
200600055958,0006-09-15 17:35:00,6,9,15,17,35,750,11,22 AV PHILIPPE AUGUSTE,,,Plein jour,En agglomération,Hors intersection,Pluie légère,Autre collision,,,,,,,,,,,1,2,1,2,6
200600055959,0006-09-16 04:50:00,6,9,16,4,50,750,17,AV PORTE D ASNIERES BD D,,,Nuit avec éclairage allumé,En agglomération,Intersection en X,Normale,Sans collision,,,,,,,,,,,5,2,2,1,7
200600055960,0006-09-16 13:50:00,6,9,16,13,50,750,16,R NUNGESSER COLI AV PORT,,,Plein jour,En agglomération,Intersection en X,Normale,Autre collision,,,,,,,,,,,1,2,2,1,6
200600055961,0006-09-16 00:50:00,6,9,16,0,50,750,15,QU BRANLY R JEAN REY,,,Nuit avec éclairage allumé,En agglomération,Intersection en T,Normale,Deux véhicules - côté,,,,,,,,,,,5,2,3,1,3
200600055962,0006-09-16 10:00:00,6,9,16,10,0,750,15,PL D ALLERAY R BRANCION,,,Plein jour,En agglomération,Place,Normale,Autre collision,,,,,,,,,,,1,2,7,1,6
200600055963,0006-09-16 11:00:00,6,9,16,11,0,750,16,PL DE COSTA RICA BD DELE,,,Plein jour,En agglomération,Place,Normale,Autre collision,,,,,,,,,,,1,2,7,1,6
200600055964,0006-09-16 09:50:00,6,9,16,9,50,750,16,CHE CEINTURE LAC INF,,,Plein jour,En agglomération,Hors intersection,Normale,Autre collision,,,,,,,,,,,1,2,1,1,6
200600055965,0006-09-16 16:40:00,6,9,16,16,40,750,16,126 R DE LA TOUR,,,Plein jour,En agglomération,Hors intersection,Normale,Deux véhicules - côté,,,,,,,,,,,1,2,1,1,3
200600055966,0006-09-17 07:50:00,6,9,17,7,50,750,16,L13763 ALL DU BORD DE L,,,Plein jour,En agglomération,Hors intersection,Temps couvert,Autre collision,,,,,,,,,,,1,2,1,8,6
200600055967,0006-09-17 02:10:00,6,9,17,2,10,750,16,18 AV VICTOR HUGO,,,Nuit avec éclairage allumé,En agglomération,Hors intersection,Normale,Deux véhicules - arrière,,,,,,,,,,,5,2,1,1,2
200600055968,0006-09-18 18:05:00,6,9,18,18,5,750,14,110 AV GENERAL LECLERC,,,Plein jour,En agglomération,Hors intersection,Temps couvert,Autre collision,,,,,,,,,,,1,2,1,8,6
200600055969,0006-09-18 08:05:00,6,9,18,8,5,750,16,L8811 AV INGRES,,,Plein jour,En agglomération,Hors intersection,Normale,Deux véhicules - côté,,,,,,,,,,,1,2,1,1,3
200600055970,0006-09-21 12:10:00,6,9,21,12,10,750,5,52 BD SAINT GERMAIN,,,Plein jour,En agglomération,Hors intersection,Normale,Autre collision,,,,,,,,,,,1,2,1,1,6
200600055971,0006-09-12 14:15:00,6,9,12,14,15,750,12,AV DAUMESNIL PL FELIX EB,,,Plein jour,En agglomération,Intersection en X,Normale,Deux véhicules - côté,,,,,,,,,,,1,2,2,1,3
200600055972,0006-09-12 17:05:00,6,9,12,17,5,750,11,R FAIDHERBE R DU FG SAIN,,,Plein jour,En agglomération,Intersection en X,Normale,Autre collision,,,,,,,,,,,1,2,2,1,6
200600055973,0006-09-13 15:10:00,6,9,13,15,10,750,12,28 R D ALIGRE,,,Plein jour,En agglomération,Hors intersection,Normale,Sans collision,,,,,,,,,,,1,2,1,1,7
200600055974,0006-09-15 15:50:00,6,9,15,15,50,750,18,124 R DES POISSONNIERS,,,Plein jour,En agglomération,Hors intersection,Pluie légère,Autre collision,,,,,,,,,,,1,2,1,2,6
200600055975,0006-09-15 12:50:00,6,9,15,12,50,750,18,R MONTCALM R DU RUISSEAU,,,Plein jour,En agglomération,Intersection en Y,Normale,Deux véhicules - côté,,,,,,,,,,,1,2,4,1,3
200600055976,0006-09-15 11:40:00,6,9,15,11,40,750,19,AV DE FLANDRE R DE L OUR,,,Plein jour,En agglomération,Intersection en X,Normale,Autre collision,,,,,,,,,,,1,2,2,1,6
200600055977,0006-09-15 16:00:00,6,9,15,16,0,750,19,R COMPANS PL DES FETES,,,Plein jour,En agglomération,Intersection en T,Pluie légère,Autre collision,,,,,,,,,,,1,2,3,2,6
200600055978,0006-09-15 17:50:00,6,9,15,17,50,750,19,ECH VILLETTE PL AUGUSTE,,,Plein jour,En agglomération,Intersection en Y,Pluie légère,Deux véhicules - arrière,,,,,,,,,,,1,2,4,2,2
200600055979,0006-09-16 11:10:00,6,9,16,11,10,750,19,33 AV CORENTIN CARIOU,,,Plein jour,En agglomération,Hors intersection,Normale,Sans collision,,,,,,,,,,,1,2,1,1,7
200600055980,0006-09-16 03:30:00,6,9,16,3,30,750,19,BD INDOCHINE AV PORTE CH,,,Nuit avec éclairage allumé,En agglomération,Intersection en X,Normale,Deux véhicules - côté,,,,,,,,,,,5,2,2,1,3
200600055981,0006-09-16 23:30:00,6,9,16,23,30,750,19,222 R DE BELLEVILLE,,,Nuit avec éclairage allumé,En agglomération,Hors intersection,Normale,Deux véhicules - arrière,,,,,,,,,,,5,2,1,1,2
200600055982,0006-09-21 21:00:00,6,9,21,21,0,750,17,R DES EPINETTES R JACQUE,,,Nuit avec éclairage allumé,En agglomération,Intersection en Y,Normale,Sans collision,,,,,,,,,,,5,2,4,1,7
200600055983,0006-09-17 01:30:00,6,9,17,1,30,750,18,180 R ORDENER,,,Nuit avec éclairage allumé,En agglomération,Hors intersection,Normale,Deux véhicules - arrière,,,,,,,,,,,5,2,1,1,2
200600055984,0006-09-17 22:00:00,6,9,17,22,0,750,18,144 R DES POISSONNIERS,,,Nuit avec éclairage allumé,En agglomération,Hors intersection,Normale,Deux véhicules - côté,,,,,,,,,,,5,2,1,1,3
200600055985,0006-09-17 00:40:00,6,9,17,0,40,750,18,16 R DE L EVANGILE,,,Nuit avec éclairage allumé,En agglomération,Hors intersection,Normale,Autre collision,,,,,,,,,,,5,2,1,1,6
200600055986,0006-09-17 12:50:00,6,9,17,12,50,750,19,R BOURET AV JEAN JAURES,,,Plein jour,En agglomération,Intersection en T,Normale,Deux véhicules - côté,,,,,,,,,,,1,2,3,1,3
200600055987,0006-09-17 08:30:00,6,9,17,8,30,750,19,18 R DE MEAUX,,,Plein jour,En agglomération,Hors intersection,Normale,Sans collision,,,,,,,,,,,1,2,1,1,7
200600055988,0006-09-18 22:00:00,6,9,18,22,0,750,18,R DAMREMONT R DU POTEAU,,,Nuit avec éclairage allumé,En agglomération,Intersection à plus de 4 branches,Normale,Deux véhicules - côté,,,,,,,,,,,5,2,5,1,3
200600055989,0006-09-18 10:16:00,6,9,18,10,16,750,18,R DE LA CHAPELLE BD NEY,,,Plein jour,En agglomération,Intersection en X,Temps couvert,Autre collision,,,,,,,,,,,1,2,2,8,6
200600055990,0006-09-22 08:45:00,6,9,22,8,45,750,8,CRS LA REINE AV W CHURCH,,,Plein jour,En agglomération,Intersection en X,Normale,Deux véhicules - côté,,,,,,,,,,,1,2,2,1,3
200600055991,0006-09-18 21:00:00,6,9,18,21,0,750,11,110 R DU CHEMIN VERT,,,Nuit avec éclairage allumé,En agglomération,Hors intersection,Normale,Autre collision,,,,,,,,,,,5,2,1,1,6
200600055992,0006-09-18 18:05:00,6,9,18,18,5,750,15,66 AV FELIX FAURE,,,Plein jour,En agglomération,Hors intersection,Normale,Autre collision,,,,,,,,,,,1,2,1,1,6
200600055993,0006-09-18 09:25:00,6,9,18,9,25,750,2,R LOUIS LE GRAND R QUATR,,,Plein jour,En agglomération,Intersection en X,Pluie légère,Autre collision,,,,,,,,,,,1,2,2,2,6
200600055994,0006-09-02 01:05:00,6,9,2,1,5,750,16,ECH AUTEUIL,,,Nuit avec éclairage allumé,En agglomération,Hors intersection,Normale,Autre collision,,,,,,,,,,,5,2,1,1,6
200600055995,0006-09-02 19:15:00,6,9,2,19,15,750,19,BPI PANTIN PRE SAINT GER,,,Plein jour,En agglomération,Hors intersection,Normale,Deux véhicules - côté,,,,,,,,,,,1,2,1,1,3
200600055996,0006-09-06 19:30:00,6,9,6,19,30,750,17,BPI CLICHY SAINT OUEN,,,Plein jour,En agglomération,Hors intersection,Normale,Deux véhicules - côté,,,,,,,,,,,1,2,1,1,3
200600055997,0006-09-07 06:40:00,6,9,7,6,40,750,16,ECH AUTEUIL,,,Plein jour,En agglomération,Hors intersection,Normale,Sans collision,,,,,,,,,,,1,2,1,1,7
200600055998,0006-09-09 12:35:00,6,9,9,12,35,750,19,BPI PRE SAINT GERVAIS LI,,,Plein jour,En agglomération,Hors intersection,Normale,Trois véhicules et plus - en chaîne,,,,,,,,,,,1,2,1,1,4
200600055999,0006-09-11 06:35:00,6,9,11,6,35,750,4,VERD PO MARIE PO SULLY,,,Crépuscule ou aube,En agglomération,Hors intersection,Normale,Autre collision,,,,,,,,,,,2,2,1,1,6
200600056000,0006-09-14 18:35:00,6,9,14,18,35,750,20,L11503 AV PR A LEMIERE,,,Plein jour,En agglomération,Hors intersection,Normale,Deux véhicules - côté,,,,,,,,,,,1,2,1,1,3
200600056001,0006-09-15 17:40:00,6,9,15,17,40,750,13,AV DE CHOISY AV EDISON,,,Plein jour,En agglomération,Intersection en T,Pluie légère,Deux véhicules - côté,,,,,,,,,,,1,2,3,2,3
200600056002,0006-09-15 05:10:00,6,9,15,5,10,750,4,QU HOTEL DE VILLE R PONT,,,Nuit avec éclairage allumé,En agglomération,Intersection en X,Temps couvert,Autre collision,,,,,,,,,,,5,2,2,8,6
200600056003,0006-09-15 16:40:00,6,9,15,16,40,750,4,5 PL DE LA BASTILLE,,,Plein jour,En agglomération,Hors intersection,Pluie légère,Deux véhicules - arrière,,,,,,,,,,,1,2,1,2,2
200600056004,0006-09-15 08:33:00,6,9,15,8,33,750,20,R DE BAGNOLET R LIGNER,,,Plein jour,En agglomération,Intersection en T,Normale,Autre collision,,,,,,,,,,,1,2,3,1,6
200600056005,0006-09-15 18:20:00,6,9,15,18,20,750,5,R LE GOFF R SOUFFLOT,,,Plein jour,En agglomération,Intersection en X,Temps couvert,Autre collision,,,,,,,,,,,1,2,2,8,6
200600056006,0006-09-16 00:30:00,6,9,16,0,30,750,4,R DE RIVOLI BD DE SEBAST,,,Nuit avec éclairage allumé,En agglomération,Intersection en T,Normale,Deux véhicules - côté,,,,,,,,,,,5,2,3,1,3
200600056007,0006-09-18 10:09:00,6,9,18,10,9,750,11,R DE CHARONNE PAS DE LA,,,Plein jour,En agglomération,Intersection en T,Temps couvert,Autre collision,,,,,,,,,,,1,2,3,8,6
200600056008,0006-09-18 20:20:00,6,9,18,20,20,750,13,14 BD DE L HOPITAL,,,Nuit avec éclairage allumé,En agglomération,Hors intersection,Normale,Sans collision,,,,,,,,,,,5,2,1,1,7
200600056009,0006-09-18 09:39:00,6,9,18,9,39,750,4,R DE RIVOLI R SAINT BON,,,Plein jour,En agglomération,Intersection en T,Pluie légère,Sans collision,,,,,,,,,,,1,2,3,2,7
200600056010,0006-09-18 08:15:00,6,9,18,8,15,750,4,R DES ECOUFFES R DE RIVO,,,Plein jour,En agglomération,Intersection en X,Normale,Deux véhicules - côté,,,,,,,,,,,1,2,2,1,3
200600056011,0006-09-18 10:30:00,6,9,18,10,30,750,4,L4805 VERD PT SULLY PT A,,,Plein jour,En agglomération,Hors intersection,Pluie légère,Autre collision,,,,,,,,,,,1,2,1,2,6
200600056012,0006-09-18 23:20:00,6,9,18,23,20,750,13,65 QU D AUSTERLITZ,,,Nuit avec éclairage allumé,En agglomération,Hors intersection,Normale,Deux véhicules - côté,,,,,,,,,,,5,2,1,1,3
200600056013,0006-09-19 17:00:00,6,9,19,17,0,750,11,PL DE LA BASTILLE R FG S,,,Plein jour,En agglomération,Intersection en T,Normale,Deux véhicules - côté,,,,,,,,,,,1,2,3,1,3
200600056014,0006-09-19 09:20:00,6,9,19,9,20,750,16,L7143 ALL REINE MARGUERI,,,Plein jour,En agglomération,Hors intersection,Temps couvert,Deux véhicules - frontale,,,,,,,,,,,1,2,1,8,1
200600056015,0006-09-20 12:35:00,6,9,20,12,35,750,13,AV CLAUDE REGAUD AV PTE,,,Plein jour,En agglomération,Intersection en T,Normale,Deux véhicules - côté,,,,,,,,,,,1,2,3,1,3
200600056016,0006-09-05 08:40:00,6,9,5,8,40,750,16,BPI MUETTE DAUPHINE,,,Plein jour,En agglomération,Hors intersection,Normale,Deux véhicules - côté,,,,,,,,,,,1,2,1,1,3
200600056017,0006-09-05 18:45:00,6,9,5,18,45,750,16,BPI MUETTE DAUPHINE,,,Plein jour,En agglomération,Hors intersection,Normale,Trois véhicules et plus - en chaîne,,,,,,,,,,,1,2,1,1,4
200600056018,0006-09-06 19:20:00,6,9,6,19,20,750,16,BPE PASSY AUTEUIL,,,Plein jour,En agglomération,Hors intersection,Normale,Deux véhicules - côté,,,,,,,,,,,1,2,1,1,3
200600056019,0006-09-22 14:10:00,6,9,22,14,10,750,13,69 BD SAINT MARCEL,,,Plein jour,En agglomération,Hors intersection,Normale,Autre collision,,,,,,,,,,,1,2,1,1,6
200600056020,0006-09-23 22:40:00,6,9,23,22,40,750,16,BPE MOLITOR SAINT CLOUD,,,Nuit avec éclairage allumé,En agglomération,Hors intersection,Pluie forte,Deux véhicules - arrière,,,,,,,,,,,5,2,1,3,2
200600056021,0006-09-07 19:00:00,6,9,7,19,0,750,17,BPI CHAMPERET ASNIERES,,,Crépuscule ou aube,En agglomération,Hors intersection,Normale,Deux véhicules - côté,,,,,,,,,,,2,2,1,1,3
200600056022,0006-09-11 19:30:00,6,9,11,19,30,750,15,BPE ISSY LES MLX SEVRES,,,Plein jour,En agglomération,Hors intersection,Normale,Deux véhicules - côté,,,,,,,,,,,1,2,1,1,3
200600056023,0006-09-12 18:50:00,6,9,12,18,50,750,17,R CLAUDE DEBUSSY BD DE L,,,Plein jour,En agglomération,Intersection en X,Normale,Deux véhicules - côté,,,,,,,,,,,1,2,2,1,3
200600056024,0006-09-13 14:40:00,6,9,13,14,40,750,20,BPI LILAS BAGNOLET,,,Plein jour,En agglomération,Hors intersection,Normale,Autre collision,,,,,,,,,,,1,2,1,1,6
200600056025,0006-09-14 14:20:00,6,9,14,14,20,750,8,R DE LISBONNE BD MALESHE,,,Plein jour,En agglomération,Intersection en X,Normale,Deux véhicules - côté,,,,,,,,,,,1,2,2,1,3
200600056026,0006-09-15 18:45:00,6,9,15,18,45,750,17,R DE MONTENOTTE AV DES T,,,Plein jour,En agglomération,Intersection en T,Normale,Autre collision,,,,,,,,,,,1,2,3,1,6
200600056027,0006-09-15 10:00:00,6,9,15,10,0,750,8,28 BD MALESHERBES,,,Plein jour,En agglomération,Hors intersection,Temps couvert,Deux véhicules - côté,,,,,,,,,,,1,2,1,8,3
200600056028,0006-09-18 09:30:00,6,9,18,9,30,750,17,AV GRANDE ARMEE R DE TIL,,,Plein jour,En agglomération,Intersection en T,Pluie légère,Sans collision,,,,,,,,,,,1,2,3,2,7
200600056029,0006-09-18 08:50:00,6,9,18,8,50,750,19,AV DE FLANDRE R RIQUET,,,Plein jour,En agglomération,Intersection en X,Normale,Deux véhicules - côté,,,,,,,,,,,1,2,2,1,3
200600056030,0006-09-18 11:15:00,6,9,18,11,15,750,19,8 R GENERAL BRUNET,,,Plein jour,En agglomération,Hors intersection,Pluie légère,Sans collision,,,,,,,,,,,1,2,1,2,7
200600056031,0006-09-19 18:50:00,6,9,19,18,50,750,15,84 BD LEFEBVRE,,,Plein jour,En agglomération,Hors intersection,Normale,Autre collision,,,,,,,,,,,1,2,1,1,6
200600056032,0006-09-19 08:20:00,6,9,19,8,20,750,15,AV PORTE DE SEVRES BD VI,,,Plein jour,En agglomération,Intersection en X,Pluie légère,Trois véhicules et plus - en chaîne,,,,,,,,,,,1,2,2,2,4
200600056033,0006-09-19 14:00:00,6,9,19,14,0,750,15,R DESAIX R G BERNARD SHA,,,Plein jour,En agglomération,Intersection en X,Normale,Deux véhicules - côté,,,,,,,,,,,1,2,2,1,3
200600056034,0006-09-19 19:15:00,6,9,19,19,15,750,19,PAS DE CRIMEE R CURIAL,,,Plein jour,En agglomération,Intersection en T,Normale,Deux véhicules - arrière,,,,,,,,,,,1,2,3,1,2
200600056035,0006-09-19 17:35:00,6,9,19,17,35,750,19,AV JEAN JAURES PAS DE LA,,,Plein jour,En agglomération,Intersection en X,Normale,Deux véhicules - côté,,,,,,,,,,,1,2,2,1,3
200600056036,0006-09-20 19:15:00,6,9,20,19,15,750,7,36 R SAINT GUILLAUME,,,Plein jour,En agglomération,Hors intersection,Normale,Autre collision,,,,,,,,,,,1,2,1,1,6
200600056037,0006-09-20 19:20:00,6,9,20,19,20,750,15,R  CROIX NIVERT R DU HAM,,,Plein jour,En agglomération,Intersection en Y,Normale,Deux véhicules - côté,,,,,,,,,,,1,2,4,1,3
200600056038,0006-09-20 17:40:00,6,9,20,17,40,750,15,PL ADOLPHE CHERIOUX R BL,,,Plein jour,En agglomération,Intersection en X,Normale,Deux véhicules - côté,,,,,,,,,,,1,2,2,1,3
200600056039,0006-09-20 04:45:00,6,9,20,4,45,750,15,28 R DU COMMERCE,,,Nuit avec éclairage allumé,En agglomération,Hors intersection,Normale,Autre collision,,,,,,,,,,,5,2,1,1,6
200600056040,0006-09-20 17:50:00,6,9,20,17,50,750,18,98 R DAMREMONT,,,Plein jour,En agglomération,Hors intersection,Normale,Autre collision,,,,,,,,,,,1,2,1,1,6
200600056041,0006-09-19 07:15:00,6,9,19,7,15,750,14,46 R DES PLANTES,,,Nuit avec éclairage allumé,En agglomération,Hors intersection,Normale,Autre collision,,,,,,,,,,,5,2,1,1,6
200600056042,0006-09-15 14:45:00,6,9,15,14,45,750,8,58 R DE COURCELLES,,,Plein jour,En agglomération,Hors intersection,Pluie légère,Autre collision,,,,,,,,,,,1,2,1,2,6
200600056043,0006-09-15 08:50:00,6,9,15,8,50,750,12,AV DAUMESNIL PL FELIX EB,,,Plein jour,En agglomération,Intersection en X,Normale,Autre collision,,,,,,,,,,,1,2,2,1,6
200600056044,0006-09-16 17:20:00,6,9,16,17,20,750,5,6 AV DES GOBELINS,,,Plein jour,En agglomération,Hors intersection,Normale,Deux véhicules - côté,,,,,,,,,,,1,2,1,1,3
200600056045,0006-09-26 00:25:00,6,9,26,0,25,750,13,AV PTE ITALIE BD KELLERM,,,Nuit avec éclairage allumé,En agglomération,Intersection en X,Normale,Deux véhicules - côté,,,,,,,,,,,5,2,2,1,3
200600056046,0006-09-26 05:05:00,6,9,26,5,5,750,1,R DE RIVOLI R DE ROHAN,,,Nuit avec éclairage allumé,En agglomération,Intersection en X,Normale,Deux véhicules - côté,,,,,,,,,,,5,2,2,1,3
200600056047,0006-09-18 14:00:00,6,9,18,14,0,750,5,62 BD SAINT MICHEL,,,Plein jour,En agglomération,Hors intersection,Normale,Deux véhicules - côté,,,,,,,,,,,1,2,1,1,3
200600056048,0006-09-18 21:50:00,6,9,18,21,50,750,12,QU DE BERCY R PIROG DE B,,,Nuit avec éclairage allumé,En agglomération,Intersection en T,Normale,Deux véhicules - côté,,,,,,,,,,,5,2,3,1,3
200600056049,0006-09-18 07:25:00,6,9,18,7,25,750,14,118 AV GENERAL LECLERC,,,Plein jour,En agglomération,Hors intersection,Temps couvert,Sans collision,,,,,,,,,,,1,2,1,8,7
200600056050,0006-09-19 18:00:00,6,9,19,18,0,750,5,R MONGE R LARREY,,,Plein jour,En agglomération,Intersection en T,Normale,Deux véhicules - frontale,,,,,,,,,,,1,2,3,1,1
200600056051,0006-09-19 21:25:00,6,9,19,21,25,750,12,R FG SAINT ANTOINE R DE,,,Nuit avec éclairage allumé,En agglomération,Intersection en X,Normale,Deux véhicules - côté,,,,,,,,,,,5,2,2,1,3
200600056052,0006-09-19 16:55:00,6,9,19,16,55,750,14,64 R DU MOULIN VERT,,,Plein jour,En agglomération,Hors intersection,Normale,Autre collision,,,,,,,,,,,1,2,1,1,6
200600056053,0006-09-19 15:30:00,6,9,19,15,30,750,18,2 R DES ABESSES,,,Plein jour,En agglomération,Hors intersection,Normale,Autre collision,,,,,,,,,,,1,2,1,1,6
200600056054,0006-09-20 11:15:00,6,9,20,11,15,750,18,42 BD ROCHECHOUART,,,Plein jour,En agglomération,Hors intersection,Normale,Autre collision,,,,,,,,,,,1,2,1,1,6
200600056055,0006-09-20 10:00:00,6,9,20,10,0,750,11,IMP BON SECOURS BD VOLTA,,,Plein jour,En agglomération,Intersection en X,Temps couvert,Deux véhicules - côté,,,,,,,,,,,1,2,2,8,3
200600056056,0006-09-20 21:00:00,6,9,20,21,0,750,16,BD EXELMANS R MOLITOR,,,Nuit avec éclairage allumé,En agglomération,Intersection en X,Normale,Deux véhicules - côté,,,,,,,,,,,5,2,2,1,3
200600056057,0006-09-20 16:30:00,6,9,20,16,30,750,14,115 BD BRUNE,,,Plein jour,En agglomération,Hors intersection,Normale,Trois véhicules et plus - en chaîne,,,,,,,,,,,1,2,1,1,4
200600056058,0006-09-20 19:35:00,6,9,20,19,35,750,12,R BISCORNET R DE LYON,,,Crépuscule ou aube,En agglomération,Intersection en T,Normale,Deux véhicules - côté,,,,,,,,,,,2,2,3,1,3
200600056059,0006-09-20 19:45:00,6,9,20,19,45,750,3,78 BD DE SEBASTOPOL,,,Nuit avec éclairage allumé,En agglomération,Hors intersection,Normale,Autre collision,,,,,,,,,,,5,2,1,1,6
200600056060,0006-09-21 18:55:00,6,9,21,18,55,750,18,62 PAS DUHESME,,,Plein jour,En agglomération,Hors intersection,Normale,Autre collision,,,,,,,,,,,1,2,1,1,6
200600056061,0006-09-21 16:00:00,6,9,21,16,0,750,18,R ORDENER R DES POISSONN,,,Plein jour,En agglomération,Intersection en X,Normale,Deux véhicules - côté,,,,,,,,,,,1,2,2,1,3
200600056062,0006-09-21 14:45:00,6,9,21,14,45,750,15,R DE LA CONVENTION R SAR,,,Plein jour,En agglomération,Intersection en T,Normale,Deux véhicules - côté,,,,,,,,,,,1,2,3,1,3
200600056063,0006-09-21 07:45:00,6,9,21,7,45,750,7,QU ANATOLE FRANCE R DE S,,,Plein jour,En agglomération,Intersection en T,Normale,Deux véhicules - côté,,,,,,,,,,,1,2,3,1,3
200600056064,0006-09-21 08:30:00,6,9,21,8,30,750,15,134 AV EMILE ZOLA,,,Plein jour,En agglomération,Hors intersection,Normale,Autre collision,,,,,,,,,,,1,2,1,1,6
200600056065,0006-09-21 16:20:00,6,9,21,16,20,750,13,36 R BOBILLOT,,,Plein jour,En agglomération,Hors intersection,Normale,Autre collision,,,,,,,,,,,1,2,1,1,6