accident_id,datetime,annee,mois,jour,heure,minute,departement,commune_insee,adresse,latitude,longitude,luminosite,agglomeration,intersection,meteo,collision,nb_vehicules,nb_usagers,nb_indemnes,nb_tues,nb_blesses_hosp,nb_blesses_legers,age_cond_1,age_cond_2,veh_type_cond_1,veh_type_cond_2,lum_code,agg_code,int_code,atm_code,col_code
200600056066,0006-09-21 17:55:00,6,9,21,17,55,750,13,98 R BOBILLOT,,,Plein jour,En agglomération,Hors intersection,Normale,Deux véhicules - côté,,,,,,,,,,,1,2,1,1,3
200600056067,0006-09-26 13:15:00,6,9,26,13,15,750,20,BD DE BELLEVILLE R DES C,,,Plein jour,En agglomération,Intersection en X,Normale,Autre collision,,,,,,,,,,,1,2,2,1,6
200600056068,0006-09-21 11:20:00,6,9,21,11,20,750,15,R CASTAGNARY PL GEN MONC,,,Plein jour,En agglomération,Intersection en T,Normale,Autre collision,,,,,,,,,,,1,2,3,1,6
200600056069,0006-09-21 11:52:00,6,9,21,11,52,750,3,R DE BRETAGNE R DE TUREN,,,Plein jour,En agglomération,Intersection à plus de 4 branches,Normale,Deux véhicules - côté,,,,,,,,,,,1,2,5,1,3
200600056070,0006-09-22 11:50:00,6,9,22,11,50,750,13,R EMILE DURKHEIM QU FRAN,,,Plein jour,En agglomération,Intersection en T,Temps couvert,Sans collision,,,,,,,,,,,1,2,3,8,7
200600056071,0006-09-26 22:00:00,6,9,26,22,0,750,12,ECH BERCY,,,Nuit avec éclairage allumé,En agglomération,Intersection en Y,Normale,Deux véhicules - arrière,,,,,,,,,,,5,2,4,1,2
200600056072,0006-09-13 08:15:00,6,9,13,8,15,750,10,132 BD DE MAGENTA,,,Plein jour,En agglomération,Hors intersection,Normale,Autre collision,,,,,,,,,,,1,2,1,1,6
200600056073,0006-09-14 22:30:00,6,9,14,22,30,750,12,QU DE BERCY PO DE TOLBIA,,,Nuit avec éclairage allumé,En agglomération,Intersection en X,Pluie légère,Deux véhicules - côté,,,,,,,,,,,5,2,2,2,3
200600056074,0006-09-14 23:10:00,6,9,14,23,10,750,10,168 BD DE MAGENTA,,,Nuit avec éclairage allumé,En agglomération,Hors intersection,Pluie légère,Autre collision,,,,,,,,,,,5,2,1,2,6
200600056075,0006-09-15 19:25:00,6,9,15,19,25,750,20,150 BD DE MENILMONTANT,,,Plein jour,En agglomération,Hors intersection,Pluie légère,Deux véhicules - côté,,,,,,,,,,,1,2,1,2,3
200600056076,0006-09-15 06:40:00,6,9,15,6,40,750,10,R FG SAINT DENIS BD DE M,,,Nuit avec éclairage allumé,En agglomération,Intersection en T,Normale,Deux véhicules - côté,,,,,,,,,,,5,2,3,1,3
200600056077,0006-09-16 17:40:00,6,9,16,17,40,750,20,30 BD DAVOUT,,,Plein jour,En agglomération,Hors intersection,Normale,Sans collision,,,,,,,,,,,1,2,1,1,7
200600056078,0006-09-16 22:58:00,6,9,16,22,58,750,12,PO CH DE GAULLE QU DE LA,,,Nuit avec éclairage allumé,En agglomération,Intersection en X,Normale,Deux véhicules - côté,,,,,,,,,,,5,2,2,1,3
200600056079,0006-09-17 19:05:00,6,9,17,19,5,750,10,26 R SAMBRE ET MEUSE,,,Plein jour,En agglomération,Hors intersection,Normale,Autre collision,,,,,,,,,,,1,2,1,1,6
200600056080,0006-09-18 18:44:00,6,9,18,18,44,750,12,266 R DE CHARENTON,,,Plein jour,En agglomération,Hors intersection,Normale,Deux véhicules - côté,,,,,,,,,,,1,2,1,1,3
200600056081,0006-09-18 18:25:00,6,9,18,18,25,750,10,26 R PETITES ECURIES,,,Plein jour,En agglomération,Hors intersection,Normale,Autre collision,,,,,,,,,,,1,2,1,1,6
200600056082,0006-09-18 21:45:00,6,9,18,21,45,750,17,AV CIM BATIGNOLLES AV PO,,,Nuit avec éclairage allumé,En agglomération,Intersection en T,Normale,Autre collision,,,,,,,,,,,5,2,3,1,6
200600056083,0006-09-28 09:25:00,6,9,28,9,25,750,16,BPI Q POINT DU JOUR SAIN,,,Plein jour,En agglomération,Hors intersection,Normale,Deux véhicules - arrière,,,,,,,,,,,1,2,1,1,2
200600056084,0006-09-18 20:15:00,6,9,18,20,15,750,10,162 AV PARMENTIER,,,Nuit avec éclairage allumé,En agglomération,Hors intersection,Normale,Autre collision,,,,,,,,,,,5,2,1,1,6
200600056085,0006-09-19 18:16:00,6,9,19,18,16,750,12,2 BD DIDEROT,,,Plein jour,En agglomération,Hors intersection,Normale,Autre collision,,,,,,,,,,,1,2,1,1,6
200600056086,0006-09-19 17:25:00,6,9,19,17,25,750,10,18 R DE DUNKERQUE,,,Plein jour,En agglomération,Hors intersection,Normale,Autre collision,,,,,,,,,,,1,2,1,1,6
200600056087,0006-09-19 17:25:00,6,9,19,17,25,750,1,R AMIRAL COLIGNY R DE RI,,,Plein jour,En agglomération,Intersection en X,Normale,Trois véhicules et plus - en chaîne,,,,,,,,,,,1,2,2,1,4
200600056088,0006-09-19 19:57:00,6,9,19,19,57,750,17,42 R DE PRONY,,,Nuit avec éclairage allumé,En agglomération,Hors intersection,Normale,Deux véhicules - côté,,,,,,,,,,,5,2,1,1,3
200600056089,0006-09-19 22:20:00,6,9,19,22,20,750,17,R ANDRE BRECHET AV PTE D,,,Nuit avec éclairage allumé,En agglomération,Intersection en T,Normale,Deux véhicules - côté,,,,,,,,,,,5,2,3,1,3
200600056090,0006-09-19 09:45:00,6,9,19,9,45,750,10,166 BD DE MAGENTA,,,Plein jour,En agglomération,Hors intersection,Pluie légère,Autre collision,,,,,,,,,,,1,2,1,2,6
200600056091,0006-09-20 13:20:00,6,9,20,13,20,750,11,R R LENOIR BD VOLTAIRE,,,Plein jour,En agglomération,Intersection en X,Normale,Deux véhicules - arrière,,,,,,,,,,,1,2,2,1,2
200600056092,0006-09-20 16:10:00,6,9,20,16,10,750,12,QU DE BERCY R JOSEPH KES,,,Plein jour,En agglomération,Intersection en X,Normale,Deux véhicules - côté,,,,,,,,,,,1,2,2,1,3
200600056093,0006-09-20 17:05:00,6,9,20,17,5,750,19,52 R DE L OURCQ,,,Plein jour,En agglomération,Hors intersection,Normale,Deux véhicules - côté,,,,,,,,,,,1,2,1,1,3
200600056094,0006-09-20 11:00:00,6,9,20,11,0,750,10,R LA FAYETTE R DES PETIT,,,Plein jour,En agglomération,Intersection en X,Normale,Deux véhicules - côté,,,,,,,,,,,1,2,2,1,3
200600056095,0006-09-20 11:05:00,6,9,20,11,5,750,5,R SAINT JACQUES R DU SOM,,,Plein jour,En agglomération,Intersection en X,Normale,Sans collision,,,,,,,,,,,1,2,2,1,7
200600056096,0006-09-21 11:55:00,6,9,21,11,55,750,11,50 AV DE LA REPUBLIQUE,,,Plein jour,En agglomération,Hors intersection,Normale,Deux véhicules - côté,,,,,,,,,,,1,2,1,1,3
200600056097,0006-09-21 12:20:00,6,9,21,12,20,750,11,BD RICHARD LENOIR BD VOL,,,Plein jour,En agglomération,Intersection en X,Normale,Deux véhicules - arrière,,,,,,,,,,,1,2,2,1,2
200600056098,0006-09-28 16:10:00,6,9,28,16,10,750,12,AV DE NOGENT AV DE LA PE,,,Plein jour,En agglomération,Intersection en X,Normale,Deux véhicules - côté,,,,,,,,,,,1,2,2,1,3
200600056099,0006-09-21 11:30:00,6,9,21,11,30,750,16,AV MOZART R RIBERA,,,Plein jour,En agglomération,Intersection en Y,Normale,Autre collision,,,,,,,,,,,1,2,4,1,6
200600056100,0006-09-21 13:05:00,6,9,21,13,5,750,16,AV GEORGES MANDEL PL DU,,,Plein jour,En agglomération,Intersection en T,Normale,Sans collision,,,,,,,,,,,1,2,3,1,7
200600056101,0006-09-21 13:15:00,6,9,21,13,15,750,16,AV GEORGES MANDEL PL DU,,,Plein jour,En agglomération,Intersection en T,Normale,Sans collision,,,,,,,,,,,1,2,3,1,7
200600056102,0006-09-21 12:55:00,6,9,21,12,55,750,16,R BOULAINVILLIERS R SING,,,Plein jour,En agglomération,Intersection en X,Normale,Deux véhicules - côté,,,,,,,,,,,1,2,2,1,3
200600056103,0006-09-21 22:20:00,6,9,21,22,20,750,16,L7846 RTE DES LACS A PAS,,,Nuit avec éclairage allumé,En agglomération,Hors intersection,Normale,Autre collision,,,,,,,,,,,5,2,1,1,6
200600056104,0006-09-21 10:15:00,6,9,21,10,15,750,12,AV DAUMESNIL R DE PICPUS,,,Plein jour,En agglomération,Intersection en Y,Normale,Autre collision,,,,,,,,,,,1,2,4,1,6
200600056105,0006-09-21 07:45:00,6,9,21,7,45,750,17,12 AV DE SAINT OUEN,,,Nuit avec éclairage allumé,En agglomération,Hors intersection,Normale,Autre collision,,,,,,,,,,,5,2,1,1,6
200600056106,0006-09-29 19:40:00,6,9,29,19,40,750,11,54 AV DE LA REPUBLIQUE,,,Nuit avec éclairage allumé,En agglomération,Hors intersection,Normale,Deux véhicules - côté,,,,,,,,,,,5,2,1,1,3
200600056107,0006-09-11 13:40:00,6,9,11,13,40,750,17,R JOUFFR D ABBANS AV DE,,,Plein jour,En agglomération,Intersection en X,Normale,Deux véhicules - côté,,,,,,,,,,,1,2,2,1,3
200600056108,0006-09-14 16:10:00,6,9,14,16,10,750,12,R DE CHARENTON PL COLONE,,,Plein jour,En agglomération,Intersection en X,Normale,Deux véhicules - côté,,,,,,,,,,,1,2,2,1,3
200600056109,0006-09-16 17:40:00,6,9,16,17,40,750,17,AV DE NEUILLY PL DE VERD,,,Plein jour,En agglomération,Intersection en X,Normale,Autre collision,,,,,,,,,,,1,2,2,1,6
200600056110,0006-09-16 11:00:00,6,9,16,11,0,750,19,196 BD DE LA VILLETTE,,,Plein jour,En agglomération,Hors intersection,Normale,Sans collision,,,,,,,,,,,1,2,1,1,7
200600056111,0006-09-18 08:25:00,6,9,18,8,25,750,6,6 R GUYNEMER,,,Plein jour,En agglomération,Hors intersection,Pluie légère,Deux véhicules - côté,,,,,,,,,,,1,2,1,2,3
200600056112,0006-09-18 10:05:00,6,9,18,10,5,750,17,R DE TOCQUEVILLE AV DE V,,,Plein jour,En agglomération,Intersection en T,Pluie légère,Deux véhicules - côté,,,,,,,,,,,1,2,3,2,3
200600056113,0006-09-19 21:20:00,6,9,19,21,20,750,8,2 BD MALESHERBES,,,Nuit avec éclairage allumé,En agglomération,Hors intersection,Normale,Deux véhicules - arrière,,,,,,,,,,,5,2,1,1,2
200600056114,0006-09-19 23:00:00,6,9,19,23,0,750,8,144 AV CHAMPS ELYSEES,,,Nuit avec éclairage allumé,En agglomération,Hors intersection,Normale,Deux véhicules - côté,,,,,,,,,,,5,2,1,1,3
200600056115,0006-09-19 09:10:00,6,9,19,9,10,750,8,AV DE FRIEDLAND R LAMENN,,,Plein jour,En agglomération,Intersection en Y,Temps couvert,Deux véhicules - côté,,,,,,,,,,,1,2,4,8,3
200600056116,0006-09-20 16:40:00,6,9,20,16,40,750,8,PL DE LA CONCORDE,,,Plein jour,En agglomération,Hors intersection,Normale,Deux véhicules - arrière,,,,,,,,,,,1,2,1,1,2
200600056117,0006-09-20 00:22:00,6,9,20,0,22,750,8,AV DES CHAMPS ELYSEES AV,,,Nuit avec éclairage allumé,En agglomération,Intersection en X,Normale,Sans collision,,,,,,,,,,,5,2,2,1,7
200600056118,0006-09-20 16:00:00,6,9,20,16,0,750,20,R DE MENILMONTANT R PELL,,,Plein jour,En agglomération,Intersection en X,Normale,Autre collision,,,,,,,,,,,1,2,2,1,6
200600056119,0006-09-21 16:00:00,6,9,21,16,0,750,5,R BUFFON R G SAINT HILAI,,,Plein jour,En agglomération,Intersection en X,Normale,Autre collision,,,,,,,,,,,1,2,2,1,6
200600056120,0006-09-21 15:30:00,6,9,21,15,30,750,5,BD SAINT GERMAIN BD SAIN,,,Plein jour,En agglomération,Intersection en X,Normale,Deux véhicules - arrière,,,,,,,,,,,1,2,2,1,2
200600056121,0006-09-21 09:40:00,6,9,21,9,40,750,8,26 AV CHAMPS ELYSEES,,,Plein jour,En agglomération,Hors intersection,Normale,Autre collision,,,,,,,,,,,1,2,1,1,6
200600056122,0006-09-21 18:10:00,6,9,21,18,10,750,14,24 AV OBSERVATOIRE,,,Plein jour,En agglomération,Hors intersection,Normale,Trois véhicules et plus - collisions multiples,,,,,,,,,,,1,2,1,1,5
200600056123,0006-09-21 05:55:00,6,9,21,5,55,750,14,24 BD JOURDAN,,,Nuit avec éclairage allumé,En agglomération,Hors intersection,Normale,Sans collision,,,,,,,,,,,5,2,1,1,7
200600056124,0006-09-21 16:35:00,6,9,21,16,35,750,14,4 AV GENERAL LECLERC,,,Plein jour,En agglomération,Hors intersection,Normale,Autre collision,,,,,,,,,,,1,2,1,1,6
200600056125,0006-09-21 22:15:00,6,9,21,22,15,750,19,R DU HAINAUT AV JEAN JAU,,,Nuit avec éclairage allumé,En agglomération,Intersection en X,Normale,Autre collision,,,,,,,,,,,5,2,2,1,6
200600056126,0006-09-21 20:00:00,6,9,21,20,0,750,20,52 R OLIVIER METRA,,,Plein jour,En agglomération,Hors intersection,Normale,Autre collision,,,,,,,,,,,1,2,1,1,6
200600056127,0006-09-21 11:03:00,6,9,21,11,3,750,20,AV GAMBETTA R PELLEPORT,,,Plein jour,En agglomération,Intersection en X,Normale,Deux véhicules - côté,,,,,,,,,,,1,2,2,1,3
200600056128,0006-09-22 10:30:00,6,9,22,10,30,750,1,10 R DU LOUVRE,,,Plein jour,En agglomération,Hors intersection,Normale,Deux véhicules - côté,,,,,,,,,,,1,2,1,1,3
200600056129,0006-09-22 19:05:00,6,9,22,19,5,750,4,R MALHER R DE RIVOLI,,,Plein jour,En agglomération,Intersection en T,Normale,Deux véhicules - côté,,,,,,,,,,,1,2,3,1,3
200600056130,0006-09-22 18:15:00,6,9,22,18,15,750,7,24 BD RASPAIL,,,Plein jour,En agglomération,Hors intersection,Normale,Deux véhicules - arrière,,,,,,,,,,,1,2,1,1,2
200600056131,0006-09-22 12:40:00,6,9,22,12,40,750,7,R DE  GRENELLE BD DES IN,,,Plein jour,En agglomération,Intersection en X,Pluie légère,Autre collision,,,,,,,,,,,1,2,2,2,6
200600056132,0006-09-22 11:30:00,6,9,22,11,30,750,8,BD DES BATIGNOLLES R DE,,,Plein jour,En agglomération,Intersection en X,Pluie légère,Autre collision,,,,,,,,,,,1,2,2,2,6
200600056133,0006-09-22 12:20:00,6,9,22,12,20,750,8,R BALZAC R BEAUJON,,,Plein jour,En agglomération,Intersection en X,Pluie légère,Autre collision,,,,,,,,,,,1,2,2,2,6
200600056134,0006-09-22 15:12:00,6,9,22,15,12,750,11,218 R FG SAINT ANTOINE,,,Plein jour,En agglomération,Hors intersection,Normale,Deux véhicules - arrière,,,,,,,,,,,1,2,1,1,2
200600056135,0006-09-22 08:10:00,6,9,22,8,10,750,12,98 BD PONIATOWSKI,,,Plein jour,En agglomération,Hors intersection,Normale,Autre collision,,,,,,,,,,,1,2,1,1,6
200600056136,0006-09-22 18:00:00,6,9,22,18,0,750,12,6  R VAN GOGH,,,Plein jour,En agglomération,Hors intersection,Normale,Deux véhicules - côté,,,,,,,,,,,1,2,1,1,3
200600056137,0006-09-22 14:05:00,6,9,22,14,5,750,14,5 AV DR LANNELONGUE,,,Plein jour,En agglomération,Hors intersection,Normale,Autre collision,,,,,,,,,,,1,2,1,1,6
200600056138,0006-09-22 21:50:00,6,9,22,21,50,750,14,R D ALESIA R DE BIGORRE,,,Nuit avec éclairage allumé,En agglomération,Intersection en Y,Normale,Deux véhicules - côté,,,,,,,,,,,5,2,4,1,3
200600056139,0006-09-22 18:25:00,6,9,22,18,25,750,14,AV DU MAINE R GASSENDI,,,Plein jour,En agglomération,Intersection en X,Normale,Deux véhicules - côté,,,,,,,,,,,1,2,2,1,3
200600056140,0006-09-22 09:50:00,6,9,22,9,50,750,15,R LECOURBE R VASCO DE GA,,,Plein jour,En agglomération,Intersection en X,Normale,Deux véhicules - côté,,,,,,,,,,,1,2,2,1,3
200600056141,0006-09-22 16:40:00,6,9,22,16,40,750,16,32 BD MURAT,,,Plein jour,En agglomération,Hors intersection,Normale,Autre collision,,,,,,,,,,,1,2,1,1,6
200600056142,0006-09-22 10:30:00,6,9,22,10,30,750,16,AV DODE LA BRUNERIE AV M,,,Plein jour,En agglomération,Intersection en X,Normale,Deux véhicules - côté,,,,,,,,,,,1,2,2,1,3
200600056143,0006-09-22 11:50:00,6,9,22,11,50,750,16,R ERLANGER R MOLITOR,,,Plein jour,En agglomération,Intersection en X,Pluie légère,Autre collision,,,,,,,,,,,1,2,2,2,6
200600056144,0006-09-22 13:05:00,6,9,22,13,5,750,16,AV FOCH PL MAL DE TASSIG,,,Plein jour,En agglomération,Intersection en T,Pluie légère,Deux véhicules - côté,,,,,,,,,,,1,2,3,2,3
200600056145,0006-09-22 16:40:00,6,9,22,16,40,750,18,47 BD NEY,,,Plein jour,En agglomération,Hors intersection,Temps couvert,Autre collision,,,,,,,,,,,1,2,1,8,6
200600056146,0006-09-22 08:50:00,6,9,22,8,50,750,18,AV PTE LA CHAPELLE,,,Plein jour,En agglomération,Hors intersection,Normale,Trois véhicules et plus - en chaîne,,,,,,,,,,,1,2,1,1,4
200600056147,0006-09-22 08:40:00,6,9,22,8,40,750,18,R CAULAINCOURT R TOURLAQ,,,Plein jour,En agglomération,Intersection en X,Normale,Deux véhicules - côté,,,,,,,,,,,1,2,2,1,3
200600056148,0006-09-22 18:50:00,6,9,22,18,50,750,19,112 AV DE FLANDRE,,,Plein jour,En agglomération,Hors intersection,Normale,Autre collision,,,,,,,,,,,1,2,1,1,6
200600056149,0006-09-22 08:15:00,6,9,22,8,15,750,19,198 R D AUBERVILLIERS,,,Plein jour,En agglomération,Hors intersection,Normale,Sans collision,,,,,,,,,,,1,2,1,1,7
200600056150,0006-09-22 12:30:00,6,9,22,12,30,750,19,96 AV DE FLANDRE,,,Plein jour,En agglomération,Hors intersection,Pluie légère,Autre collision,,,,,,,,,,,1,2,1,2,6
200600056151,0006-09-22 21:35:00,6,9,22,21,35,750,20,84 BD DAVOUT,,,Plein jour,En agglomération,Hors intersection,Normale,Autre collision,,,,,,,,,,,1,2,1,1,6
200600056152,0006-09-23 21:25:00,6,9,23,21,25,750,1,R DE RIVOLI BD DE SEBAST,,,Nuit avec éclairage allumé,En agglomération,Intersection en X,Pluie légère,Autre collision,,,,,,,,,,,5,2,2,2,6
200600056153,0006-09-23 20:40:00,6,9,23,20,40,750,4,BD HENRI IV QU HENRI IV,,,Nuit avec éclairage allumé,En agglomération,Intersection en X,Pluie légère,Deux véhicules - côté,,,,,,,,,,,5,2,2,2,3
200600056154,0006-09-23 22:15:00,6,9,23,22,15,750,6,R HAUTEFEUILLE BD SAINT,,,Nuit avec éclairage allumé,En agglomération,Intersection en X,Pluie forte,Deux véhicules - côté,,,,,,,,,,,5,2,2,3,3
200600056155,0006-09-23 15:45:00,6,9,23,15,45,750,15,R DE L ARRIVEE  BD DU MO,,,Plein jour,En agglomération,Intersection en X,Normale,Deux véhicules - côté,,,,,,,,,,,1,2,2,1,3
200600056156,0006-09-23 00:35:00,6,9,23,0,35,750,7,R FABERT R DE L UNIVERSI,,,Nuit avec éclairage allumé,En agglomération,Intersection en X,Normale,Autre collision,,,,,,,,,,,5,2,2,1,6
200600056157,0006-09-23 04:29:00,6,9,23,4,29,750,8,R BASSANO AV CHAMPS ELYS,,,Nuit avec éclairage allumé,En agglomération,Intersection en T,Normale,Deux véhicules - frontale,,,,,,,,,,,5,2,3,1,1
200600056158,0006-09-23 12:15:00,6,9,23,12,15,750,8,PL DE LA CONCORDE R ROYA,,,Plein jour,En agglomération,Intersection en T,Normale,Deux véhicules - côté,,,,,,,,,,,1,2,3,1,3
200600056159,0006-09-23 19:40:00,6,9,23,19,40,750,9,R DE CLICHY R JULES LEFE,,,Crépuscule ou aube,En agglomération,Intersection en T,Pluie légère,Autre collision,,,,,,,,,,,2,2,3,2,6
200600056160,0006-09-23 17:25:00,6,9,23,17,25,750,9,PL DU HAVRE R DU HAVRE,,,Plein jour,En agglomération,Intersection en X,Temps couvert,Autre collision,,,,,,,,,,,1,2,2,8,6
200600056161,0006-09-23 23:20:00,6,9,23,23,20,750,9,R GODOT DE MAUROY BD DE,,,Nuit avec éclairage allumé,En agglomération,Intersection en T,Pluie légère,Autre collision,,,,,,,,,,,5,2,3,2,6
200600056162,0006-09-23 11:35:00,6,9,23,11,35,750,12,PL MAURICE FONTENAY R DE,,,Plein jour,En agglomération,Intersection en T,Normale,Deux véhicules - côté,,,,,,,,,,,1,2,3,1,3
200600056163,0006-09-23 21:10:00,6,9,23,21,10,750,12,26 R FG SAINT ANTOINE,,,Nuit avec éclairage allumé,En agglomération,Hors intersection,Pluie forte,Deux véhicules - côté,,,,,,,,,,,5,2,1,3,3
200600056164,0006-09-23 22:45:00,6,9,23,22,45,750,13,BD ARAGO R  BERBIER DU M,,,Nuit avec éclairage allumé,En agglomération,Intersection en T,Pluie légère,Deux véhicules - côté,,,,,,,,,,,5,2,3,2,3
200600056165,0006-09-23 19:40:00,6,9,23,19,40,750,13,R JEANNE D ARC BD DE L H,,,Plein jour,En agglomération,Intersection en X,Pluie légère,Sans collision,,,,,,,,,,,1,2,2,2,7
200600056166,0006-09-23 08:00:00,6,9,23,8,0,750,15,AV EMILE ZOLA R DE LOURM,,,Plein jour,En agglomération,Intersection en X,Normale,Autre collision,,,,,,,,,,,1,2,2,1,6
200600056167,0006-09-23 05:40:00,6,9,23,5,40,750,16,RTE DAUPHINE SABLONS ECH,,,Nuit avec éclairage allumé,En agglomération,Intersection en T,Normale,Autre collision,,,,,,,,,,,5,2,3,1,6
200600056168,0006-09-24 17:40:00,6,9,24,17,40,750,5,10 BD DE L HOPITAL,,,Plein jour,En agglomération,Hors intersection,Normale,Deux véhicules - côté,,,,,,,,,,,1,2,1,1,3
200600056169,0006-09-24 22:30:00,6,9,24,22,30,750,5,R DES FOSSES SAINT MARCE,,,Nuit avec éclairage allumé,En agglomération,Intersection en X,Pluie légère,Deux véhicules - côté,,,,,,,,,,,5,2,2,2,3
200600056170,0006-09-24 23:40:00,6,9,24,23,40,750,5,2 BD DE L HOPITAL,,,Nuit avec éclairage allumé,En agglomération,Hors intersection,Pluie légère,Deux véhicules - côté,,,,,,,,,,,5,2,1,2,3
200600056171,0006-09-24 03:15:00,6,9,24,3,15,750,7,VERG PT CONCORDE PT ALEX,,,Nuit avec éclairage allumé,En agglomération,Hors intersection,Pluie légère,Autre collision,,,,,,,,,,,5,2,1,2,6
200600056172,0006-09-24 16:05:00,6,9,24,16,5,750,11,BD DE BELLEVILLE R OBERK,,,Plein jour,En agglomération,Intersection en Y,Normale,Autre collision,,,,,,,,,,,1,2,4,1,6
200600056173,0006-09-24 18:40:00,6,9,24,18,40,750,16,10 R CLAUDE TERRASSE,,,Plein jour,En agglomération,Hors intersection,Temps couvert,Deux véhicules - côté,,,,,,,,,,,1,2,1,8,3
200600056174,0006-09-24 18:50:00,6,9,24,18,50,750,16,RTE DE LA SEINE A LA BUT,,,Plein jour,En agglomération,Intersection en X,Temps couvert,Autre collision,,,,,,,,,,,1,2,2,8,6
200600056175,0006-09-24 00:50:00,6,9,24,0,50,750,17,AV NIEL AV DES TERNES,,,Nuit avec éclairage allumé,En agglomération,Intersection en X,Pluie légère,Sans collision,,,,,,,,,,,5,2,2,2,7
200600056176,0006-09-23 19:45:00,6,9,23,19,45,750,17,R A DE NEUVILLE BD PEREI,,,Nuit avec éclairage allumé,En agglomération,Intersection en X,Pluie légère,Sans collision,,,,,,,,,,,5,2,2,2,7
200600056177,0006-09-23 22:28:00,6,9,23,22,28,750,17,R JACQUES KELLNER  R JEA,,,Nuit avec éclairage allumé,En agglomération,Intersection en X,Pluie légère,Autre collision,,,,,,,,,,,5,2,2,2,6
200600056178,0006-09-23 18:55:00,6,9,23,18,55,750,18,32 BD ORNANO,,,Plein jour,En agglomération,Hors intersection,Pluie légère,Deux véhicules - arrière,,,,,,,,,,,1,2,1,2,2
200600056179,0006-09-12 18:50:00,6,9,12,18,50,750,17,AV DE CLICHY R GUY MOQUE,,,Plein jour,En agglomération,Intersection en X,Normale,Autre collision,,,,,,,,,,,1,2,2,1,6
200600056180,0006-09-22 21:35:00,6,9,22,21,35,750,17,60 BD DE COURCELLES,,,Nuit avec éclairage allumé,En agglomération,Hors intersection,Normale,Autre collision,,,,,,,,,,,5,2,1,1,6
200600056181,0006-09-25 11:40:00,6,9,25,11,40,750,17,110 AV DE WAGRAM,,,Plein jour,En agglomération,Hors intersection,Temps couvert,Deux véhicules - côté,,,,,,,,,,,1,2,1,8,3
200600056182,0006-09-25 09:10:00,6,9,25,9,10,750,17,190 AV DE CLICHY,,,Plein jour,En agglomération,Hors intersection,Normale,Deux véhicules - côté,,,,,,,,,,,1,2,1,1,3
200600056183,0006-09-25 19:50:00,6,9,25,19,50,750,12,26 BD DE REUILLY,,,Nuit avec éclairage allumé,En agglomération,Hors intersection,Normale,Deux véhicules - côté,,,,,,,,,,,5,2,1,1,3
200600056184,0006-09-25 15:10:00,6,9,25,15,10,750,12,46 R DE REUILLY,,,Plein jour,En agglomération,Hors intersection,Normale,Deux véhicules - côté,,,,,,,,,,,1,2,1,1,3
200600056185,0006-09-25 16:50:00,6,9,25,16,50,750,5,R CARDINAL LEMOINE R MON,,,Plein jour,En agglomération,Intersection en X,Normale,Trois véhicules et plus - en chaîne,,,,,,,,,,,1,2,2,1,4
200600056186,0006-09-25 06:50:00,6,9,25,6,50,750,5,QU DE MONTEBELLO PL DU P,,,Plein jour,En agglomération,Intersection en X,Pluie légère,Deux véhicules - côté,,,,,,,,,,,1,2,2,2,3
200600056187,0006-09-25 19:30:00,6,9,25,19,30,750,7,R SAINT DOMINIQUE BD LA,,,Crépuscule ou aube,En agglomération,Intersection en X,Normale,Autre collision,,,,,,,,,,,2,2,2,1,6
200600056188,0006-09-25 13:45:00,6,9,25,13,45,750,8,R DU COLISEE AV F ROOSEV,,,Plein jour,En agglomération,Intersection en X,Normale,Deux véhicules - côté,,,,,,,,,,,1,2,2,1,3
200600056189,0006-09-25 22:20:00,6,9,25,22,20,750,8,AV CHAMPS ELYSEES PL CLE,,,Nuit avec éclairage allumé,En agglomération,Intersection en X,Normale,Autre collision,,,,,,,,,,,5,2,2,1,6
200600056190,0006-09-25 15:15:00,6,9,25,15,15,750,9,R DE CLICHY R MONCEY,,,Plein jour,En agglomération,Intersection en T,Normale,Deux véhicules - côté,,,,,,,,,,,1,2,3,1,3
200600056191,0006-09-25 15:25:00,6,9,25,15,25,750,9,52 BD HAUSSMANN,,,Plein jour,En agglomération,Hors intersection,Normale,Autre collision,,,,,,,,,,,1,2,1,1,6
200600056192,0006-09-25 17:45:00,6,9,25,17,45,750,11,R OBERKAMPF R SAINT MAUR,,,Plein jour,En agglomération,Intersection en X,Normale,Deux véhicules - côté,,,,,,,,,,,1,2,2,1,3
200600056193,0006-09-25 20:05:00,6,9,25,20,5,750,13,18 AV PORTE  D ITALIE,,,Nuit avec éclairage allumé,En agglomération,Hors intersection,Normale,Autre collision,,,,,,,,,,,5,2,1,1,6
200600056194,0006-09-25 09:25:00,6,9,25,9,25,750,14,AV PIERRE MASSE AV P V C,,,Plein jour,En agglomération,Intersection en T,Temps couvert,Deux véhicules - côté,,,,,,,,,,,1,2,3,8,3
200600056195,0006-09-25 17:05:00,6,9,25,17,5,750,14,70 BD DU MONTPARNASSE,,,Plein jour,En agglomération,Hors intersection,Normale,Autre collision,,,,,,,,,,,1,2,1,1,6
200600056196,0006-09-25 10:15:00,6,9,25,10,15,750,15,22 R DES VOLONTAIRES,,,Plein jour,En agglomération,Hors intersection,Normale,Autre collision,,,,,,,,,,,1,2,1,1,6
200600056197,0006-09-25 20:08:00,6,9,25,20,8,750,15,63 BD GARIBALDI,,,Nuit avec éclairage allumé,En agglomération,Hors intersection,Normale,Sans collision,,,,,,,,,,,5,2,1,1,7
200600056198,0006-09-25 19:15:00,6,9,25,19,15,750,15,50 R DE VOUILLE,,,Plein jour,En agglomération,Hors intersection,Normale,Autre collision,,,,,,,,,,,1,2,1,1,6
200600056199,0006-09-26 16:15:00,6,9,26,16,15,750,17,AV DE CLICHY R EMILE LEV,,,Plein jour,En agglomération,Intersection en T,Normale,Sans collision,,,,,,,,,,,1,2,3,1,7