accident_id,datetime,annee,mois,jour,heure,minute,departement,commune_insee,adresse,latitude,longitude,luminosite,agglomeration,intersection,meteo,collision,nb_vehicules,nb_usagers,nb_indemnes,nb_tues,nb_blesses_hosp,nb_blesses_legers,age_cond_1,age_cond_2,veh_type_cond_1,veh_type_cond_2,lum_code,agg_code,int_code,atm_code,col_code
200600056200,0006-09-26 08:20:00,6,9,26,8,20,750,17,BD GOUVION ST CYR AV PTE,,,Plein jour,En agglomération,Intersection en X,Temps couvert,Deux véhicules - côté,,,,,,,,,,,1,2,2,8,3
200600056201,0006-09-26 12:45:00,6,9,26,12,45,750,15,44 R AMIRAL ROUSSIN,,,Plein jour,En agglomération,Hors intersection,Normale,Autre collision,,,,,,,,,,,1,2,1,1,6
200600056202,0006-09-26 14:20:00,6,9,26,14,20,750,15,13 BD GL MARTIAL VALIN,,,Plein jour,En agglomération,Hors intersection,Normale,Autre collision,,,,,,,,,,,1,2,1,1,6
200600056203,0006-09-26 17:53:00,6,9,26,17,53,750,6,BD MONTPARNASSE AV DE L,,,Plein jour,En agglomération,Intersection en X,Normale,Deux véhicules - côté,,,,,,,,,,,1,2,2,1,3
200600056204,0006-09-26 12:30:00,6,9,26,12,30,750,1,274 R SAINT HONORE,,,Plein jour,En agglomération,Hors intersection,Normale,Trois véhicules et plus - en chaîne,,,,,,,,,,,1,2,1,1,4
200600056205,0006-09-26 18:12:00,6,9,26,18,12,750,2,R ETIENNE MARCEL R MONTO,,,Plein jour,En agglomération,Intersection en X,Normale,Autre collision,,,,,,,,,,,1,2,2,1,6
200600056206,0006-09-26 12:45:00,6,9,26,12,45,750,7,R GENERAL BERTRAND R DUR,,,Plein jour,En agglomération,Intersection en X,Normale,Deux véhicules - côté,,,,,,,,,,,1,2,2,1,3
200600056207,0006-09-26 15:05:00,6,9,26,15,5,750,8,34 AV DE FRIEDLAND,,,Plein jour,En agglomération,Hors intersection,Normale,Deux véhicules - côté,,,,,,,,,,,1,2,1,1,3
200600056208,0006-09-26 13:02:00,6,9,26,13,2,750,8,R DE ROME R SAINT LAZARE,,,Plein jour,En agglomération,Intersection en X,Normale,Deux véhicules - côté,,,,,,,,,,,1,2,2,1,3
200600056209,0006-09-26 19:35:00,6,9,26,19,35,750,8,AV HOCHE R DE TILSITT,,,Nuit avec éclairage allumé,En agglomération,Intersection en X,Normale,Autre collision,,,,,,,,,,,5,2,2,1,6
200600056210,0006-09-26 09:10:00,6,9,26,9,10,750,12,RTE DU PARC AV SAINT MAU,,,Plein jour,En agglomération,Intersection en X,Normale,Autre collision,,,,,,,,,,,1,2,2,1,6
200600056211,0006-09-26 10:10:00,6,9,26,10,10,750,12,L11572 QU DE BERCY,,,Plein jour,En agglomération,Hors intersection,Normale,Autre collision,,,,,,,,,,,1,2,1,1,6
200600056212,0006-09-26 12:00:00,6,9,26,12,0,750,12,82 R DU FG SAINT ANTOINE,,,Plein jour,En agglomération,Hors intersection,Normale,Autre collision,,,,,,,,,,,1,2,1,1,6
200600056213,0006-09-26 15:15:00,6,9,26,15,15,750,16,PL CH DE GAULLE AV GRAND,,,Plein jour,En agglomération,Intersection en T,Normale,Deux véhicules - côté,,,,,,,,,,,1,2,3,1,3
200600056214,0006-09-26 18:45:00,6,9,26,18,45,750,16,26 R DURET,,,Plein jour,En agglomération,Hors intersection,Normale,Autre collision,,,,,,,,,,,1,2,1,1,6
200600056215,0006-09-26 19:15:00,6,9,26,19,15,750,16,L14585 RTE SEVRES A NEUI,,,Plein jour,En agglomération,Hors intersection,Normale,Deux véhicules - arrière,,,,,,,,,,,1,2,1,1,2
200600056216,0006-09-26 08:30:00,6,9,26,8,30,750,16,R LAURISTON AV RAYMOND P,,,Plein jour,En agglomération,Intersection en X,Temps couvert,Deux véhicules - côté,,,,,,,,,,,1,2,2,8,3
200600056217,0006-09-26 12:00:00,6,9,26,12,0,750,16,R ANKARA AV DU PDT KENNE,,,Plein jour,En agglomération,Intersection en T,Temps couvert,Deux véhicules - côté,,,,,,,,,,,1,2,3,8,3
200600056218,0006-09-27 08:00:00,6,9,27,8,0,750,1,R DU PONT NEUF R DE RIVO,,,Plein jour,En agglomération,Intersection en X,Normale,Autre collision,,,,,,,,,,,1,2,2,1,6
200600056219,0006-09-27 11:00:00,6,9,27,11,0,750,11,R DE CHARONNE AV PHILIPP,,,Plein jour,En agglomération,Intersection en X,Normale,Deux véhicules - côté,,,,,,,,,,,1,2,2,1,3
200600056220,0006-09-27 12:35:00,6,9,27,12,35,750,16,PO DE GARIGLIANO,,,Plein jour,En agglomération,Hors intersection,Normale,Trois véhicules et plus - en chaîne,,,,,,,,,,,1,2,1,1,4
200600056221,0006-09-27 12:55:00,6,9,27,12,55,750,16,16 AV GEORGES MANDEL,,,Plein jour,En agglomération,Hors intersection,Normale,Autre collision,,,,,,,,,,,1,2,1,1,6
200600056222,0006-09-27 09:00:00,6,9,27,9,0,750,2,R DE PALESTRO R REAUMUR,,,Plein jour,En agglomération,Intersection en X,Normale,Autre collision,,,,,,,,,,,1,2,2,1,6
200600056223,0006-09-27 22:25:00,6,9,27,22,25,750,6,6 BD SAINT MICHEL,,,Nuit avec éclairage allumé,En agglomération,Hors intersection,Normale,Autre collision,,,,,,,,,,,5,2,1,1,6
200600056224,0006-09-27 19:00:00,6,9,27,19,0,750,7,AV DE BRETEUIL AV DUQUES,,,Plein jour,En agglomération,Intersection en X,Normale,Autre collision,,,,,,,,,,,1,2,2,1,6
200600056225,0006-09-27 10:05:00,6,9,27,10,5,750,14,R D ALESIA AV RENE COTY,,,Plein jour,En agglomération,Intersection en X,Normale,Sans collision,,,,,,,,,,,1,2,2,1,7
200600056226,0006-09-27 19:35:00,6,9,27,19,35,750,9,32 R N D DE LORETTE,,,Plein jour,En agglomération,Hors intersection,Normale,Autre collision,,,,,,,,,,,1,2,1,1,6
200600056227,0006-09-27 10:40:00,6,9,27,10,40,750,9,12 R J BAPT PIGALLE,,,Plein jour,En agglomération,Hors intersection,Normale,Autre collision,,,,,,,,,,,1,2,1,1,6
200600056228,0006-09-27 08:55:00,6,9,27,8,55,750,12,R ROBERT ETLIN,,,Plein jour,En agglomération,Hors intersection,Normale,Sans collision,,,,,,,,,,,1,2,1,1,7
200600056229,0006-09-27 13:00:00,6,9,27,13,0,750,12,108 BD DIDEROT,,,Plein jour,En agglomération,Hors intersection,Normale,Autre collision,,,,,,,,,,,1,2,1,1,6
200600056230,0006-09-27 10:10:00,6,9,27,10,10,750,15,102 R BRANCION,,,Plein jour,En agglomération,Hors intersection,Normale,Autre collision,,,,,,,,,,,1,2,1,1,6
200600056231,0006-09-27 19:35:00,6,9,27,19,35,750,8,SOU CRS A REINE,,,Nuit avec éclairage allumé,En agglomération,Hors intersection,Normale,Sans collision,,,,,,,,,,,5,2,1,1,7
200600056232,0006-09-28 10:50:00,6,9,28,10,50,750,2,16 BD POISSONNIERE,,,Plein jour,En agglomération,Hors intersection,Normale,Deux véhicules - arrière,,,,,,,,,,,1,2,1,1,2
200600056233,0006-09-28 07:10:00,6,9,28,7,10,750,4,34 BD HENRI IV,,,Nuit avec éclairage allumé,En agglomération,Hors intersection,Normale,Trois véhicules et plus - en chaîne,,,,,,,,,,,5,2,1,1,4
200600056234,0006-09-28 18:04:00,6,9,28,18,4,750,4,10 R DE RIVOLI,,,Plein jour,En agglomération,Hors intersection,Normale,Autre collision,,,,,,,,,,,1,2,1,1,6
200600056235,0006-09-28 14:45:00,6,9,28,14,45,750,5,BD SAINT MICHEL R SAINT,,,Plein jour,En agglomération,Intersection en X,Normale,Autre collision,,,,,,,,,,,1,2,2,1,6
200600056236,0006-09-28 04:10:00,6,9,28,4,10,750,6,R LITTRE R DE VAUGIRARD,,,Nuit avec éclairage allumé,En agglomération,Intersection en T,Normale,Autre collision,,,,,,,,,,,5,2,3,1,6
200600056237,0006-09-28 18:40:00,6,9,28,18,40,750,11,AV DE BOUVINES R DE MONT,,,Plein jour,En agglomération,Intersection en X,Normale,Deux véhicules - côté,,,,,,,,,,,1,2,2,1,3
200600056238,0006-09-28 19:00:00,6,9,28,19,0,750,11,134 AV PARMENTIER,,,Nuit avec éclairage allumé,En agglomération,Hors intersection,Normale,Autre collision,,,,,,,,,,,5,2,1,1,6
200600056239,0006-09-28 11:20:00,6,9,28,11,20,750,11,114 BD VOLTAIRE,,,Plein jour,En agglomération,Hors intersection,Normale,Deux véhicules - côté,,,,,,,,,,,1,2,1,1,3
200600056240,0006-09-28 10:22:00,6,9,28,10,22,750,11,R J PIERRE TIMBAUD R DE,,,Plein jour,En agglomération,Intersection en X,Normale,Deux véhicules - côté,,,,,,,,,,,1,2,2,1,3
200600056241,0006-09-28 20:50:00,6,9,28,20,50,750,20,BPI MONTREUIL VINCENNES,,,Nuit avec éclairage allumé,En agglomération,Intersection en Y,Normale,Autre collision,,,,,,,,,,,5,2,4,1,6
200600056242,0006-09-28 15:49:00,6,9,28,15,49,750,13,BD ARAGO R BERBIER DU ME,,,Plein jour,En agglomération,Intersection en T,Normale,Deux véhicules - arrière,,,,,,,,,,,1,2,3,1,2
200600056243,0006-09-28 18:45:00,6,9,28,18,45,750,14,144 AV DU MAINE,,,Plein jour,En agglomération,Hors intersection,Normale,Deux véhicules - arrière,,,,,,,,,,,1,2,1,1,2
200600056244,0006-09-28 14:00:00,6,9,28,14,0,750,14,BD BRUNE R DIDOT,,,Plein jour,En agglomération,Intersection en T,Normale,Autre collision,,,,,,,,,,,1,2,3,1,6
200600056245,0006-09-28 07:30:00,6,9,28,7,30,750,11,18 R SAINT SEBASTIEN,,,Plein jour,En agglomération,Hors intersection,Normale,Autre collision,,,,,,,,,,,1,2,1,1,6
200600056246,0006-09-28 16:25:00,6,9,28,16,25,750,14,120 R D ALESIA,,,Plein jour,En agglomération,Hors intersection,Normale,Autre collision,,,,,,,,,,,1,2,1,1,6
200600056247,0006-09-28 21:40:00,6,9,28,21,40,750,16,BD EMILE AUGIER R G DE M,,,Nuit avec éclairage allumé,En agglomération,Intersection en X,Normale,Deux véhicules - côté,,,,,,,,,,,5,2,2,1,3
200600056248,0006-09-28 08:15:00,6,9,28,8,15,750,17,18 R CARDINET,,,Plein jour,En agglomération,Hors intersection,Normale,Sans collision,,,,,,,,,,,1,2,1,1,7
200600056249,0006-09-28 19:45:00,6,9,28,19,45,750,17,BD DE DOUAUMONT AV PORTE,,,Nuit avec éclairage allumé,En agglomération,Intersection en X,Normale,Deux véhicules - côté,,,,,,,,,,,5,2,2,1,3
200600056250,0006-09-28 21:25:00,6,9,28,21,25,750,19,R DE BELLEVILLE R RAMPAL,,,Nuit avec éclairage allumé,En agglomération,Intersection en X,Normale,Autre collision,,,,,,,,,,,5,2,2,1,6
200600056251,0006-09-28 17:00:00,6,9,28,17,0,750,19,82 AV DE FLANDRE,,,Plein jour,En agglomération,Hors intersection,Normale,Autre collision,,,,,,,,,,,1,2,1,1,6
200600056252,0006-09-28 12:30:00,6,9,28,12,30,750,19,140 AV JEAN JAURES,,,Plein jour,En agglomération,Hors intersection,Normale,Deux véhicules - côté,,,,,,,,,,,1,2,1,1,3
200600056253,0006-09-28 11:00:00,6,9,28,11,0,750,19,AV DE LAUMIERE R PETIT,,,Plein jour,En agglomération,Intersection en X,Normale,Deux véhicules - côté,,,,,,,,,,,1,2,2,1,3
200600056254,0006-09-29 14:05:00,6,9,29,14,5,750,1,PL DES DEUX ECUS R DU LO,,,Plein jour,En agglomération,Intersection en X,Normale,Deux véhicules - côté,,,,,,,,,,,1,2,2,1,3
200600056255,0006-09-29 16:30:00,6,9,29,16,30,750,1,SOU TRANSIT HALLES,,,Plein jour,En agglomération,Hors intersection,Normale,Deux véhicules - côté,,,,,,,,,,,1,2,1,1,3
200600056256,0006-09-29 03:12:00,6,9,29,3,12,750,1,QU DES TUILERIES,,,Nuit avec éclairage allumé,En agglomération,Hors intersection,Normale,Autre collision,,,,,,,,,,,5,2,1,1,6
200600056257,0006-09-29 10:00:00,6,9,29,10,0,750,3,16 R MONTGOLFIER,,,Plein jour,En agglomération,Hors intersection,Normale,Autre collision,,,,,,,,,,,1,2,1,1,6
200600056258,0006-09-29 04:05:00,6,9,29,4,5,750,3,R DE BRETAGNE R DE TUREN,,,Nuit avec éclairage allumé,En agglomération,Intersection en X,Normale,Sans collision,,,,,,,,,,,5,2,2,1,7
200600056259,0006-09-29 04:00:00,6,9,29,4,0,750,12,R DE FECAMP R DE WATTIGN,,,Nuit avec éclairage allumé,En agglomération,Intersection en X,Normale,Deux véhicules - côté,,,,,,,,,,,5,2,2,1,3
200600056260,0006-09-29 02:30:00,6,9,29,2,30,750,12,16 BD DE PICPUS,,,Nuit avec éclairage allumé,En agglomération,Hors intersection,Normale,Autre collision,,,,,,,,,,,5,2,1,1,6
200600056261,0006-09-29 14:43:00,6,9,29,14,43,750,12,R FG SAINT ANTOINE  R DE,,,Plein jour,En agglomération,Intersection en X,Normale,Sans collision,,,,,,,,,,,1,2,2,1,7
200600056262,0006-09-29 00:40:00,6,9,29,0,40,750,15,BD DU MONTPARNASSE R DE,,,Nuit avec éclairage allumé,En agglomération,Intersection en X,Normale,Deux véhicules - côté,,,,,,,,,,,5,2,2,1,3
200600056263,0006-09-29 08:40:00,6,9,29,8,40,750,15,71 BD DE GRENELLE,,,Plein jour,En agglomération,Hors intersection,Normale,Deux véhicules - côté,,,,,,,,,,,1,2,1,1,3
200600056264,0006-09-30 14:50:00,6,9,30,14,50,750,15,R DU CHERCHE MIDI BD DU,,,Plein jour,En agglomération,Intersection en T,Normale,Autre collision,,,,,,,,,,,1,2,3,1,6
200600056265,0006-09-29 15:48:00,6,9,29,15,48,750,18,R ETEX R LAMARCK,,,Plein jour,En agglomération,Intersection en Y,Normale,Autre collision,,,,,,,,,,,1,2,4,1,6
200600056266,0006-09-30 17:40:00,6,9,30,17,40,750,1,L569 QU DU LOUVRE,,,Plein jour,En agglomération,Hors intersection,Normale,Trois véhicules et plus - en chaîne,,,,,,,,,,,1,2,1,1,4
200600056267,0006-09-30 15:55:00,6,9,30,15,55,750,12,20 BD PONIATOWSKI,,,Plein jour,En agglomération,Hors intersection,Normale,Deux véhicules - côté,,,,,,,,,,,1,2,1,1,3
200600056268,0006-09-30 19:55:00,6,9,30,19,55,750,15,R DE LA CONVENTION R HEN,,,Nuit avec éclairage allumé,En agglomération,Intersection en T,Pluie légère,Sans collision,,,,,,,,,,,5,2,3,2,7
200600056269,0006-09-30 14:25:00,6,9,30,14,25,750,12,238 R FG SAINT ANTOINE,,,Plein jour,En agglomération,Hors intersection,Normale,Autre collision,,,,,,,,,,,1,2,1,1,6
200600056270,0006-09-08 09:30:00,6,9,8,9,30,750,16,BPI MUETTE DAUPHINE,,,Plein jour,En agglomération,Hors intersection,Normale,Trois véhicules et plus - en chaîne,,,,,,,,,,,1,2,1,1,4
200600056271,0006-09-08 08:30:00,6,9,8,8,30,750,19,BPE PANTIN VILLETTE,,,Plein jour,En agglomération,Hors intersection,Normale,Deux véhicules - côté,,,,,,,,,,,1,2,1,1,3
200600056272,0006-09-09 18:50:00,6,9,9,18,50,750,16,ECH MAILLOT,,,Plein jour,En agglomération,Hors intersection,Normale,Deux véhicules - arrière,,,,,,,,,,,1,2,1,1,2
200600056273,0006-09-11 09:15:00,6,9,11,9,15,750,17,BPE ASNIERES CHAMPERRET,,,Plein jour,En agglomération,Hors intersection,Normale,Deux véhicules - arrière,,,,,,,,,,,1,2,1,1,2
200600056274,0006-09-11 18:30:00,6,9,11,18,30,750,18,BPE AUBERVILLIERS CHAPEL,,,Plein jour,En agglomération,Hors intersection,Normale,Deux véhicules - arrière,,,,,,,,,,,1,2,1,1,2
200600056275,0006-09-12 07:30:00,6,9,12,7,30,750,14,BPE VANVES CHATILLON,,,Plein jour,En agglomération,Hors intersection,Normale,Deux véhicules - arrière,,,,,,,,,,,1,2,1,1,2
200600056276,0006-09-13 08:15:00,6,9,13,8,15,750,20,BPI BAGNOLET MONTREUIL,,,Plein jour,En agglomération,Hors intersection,Normale,Deux véhicules - côté,,,,,,,,,,,1,2,1,1,3
200600056277,0006-09-14 10:40:00,6,9,14,10,40,750,12,BPE CHARENTON DOREE,,,Plein jour,En agglomération,Hors intersection,Normale,Deux véhicules - arrière,,,,,,,,,,,1,2,1,1,2
200600056278,0006-09-14 12:40:00,6,9,14,12,40,750,17,BPI TERNES CHAMPERRET,,,Plein jour,Hors agglomération,Hors intersection,Normale,Deux véhicules - arrière,,,,,,,,,,,1,1,1,1,2
200600056279,0006-09-14 23:45:00,6,9,14,23,45,750,19,BPI VILLETTE PANTIN,,,Nuit avec éclairage allumé,En agglomération,Hors intersection,Normale,Deux véhicules - arrière,,,,,,,,,,,5,2,1,1,2
200600056280,0006-09-14 15:07:00,6,9,14,15,7,750,12,L7340 ECH BERCY,,,Plein jour,En agglomération,Hors intersection,Normale,Deux véhicules - côté,,,,,,,,,,,1,2,1,1,3
200600056281,0006-09-15 15:30:00,6,9,15,15,30,750,12,236 R DE CHARENTON,,,Plein jour,En agglomération,Hors intersection,Pluie légère,Autre collision,,,,,,,,,,,1,2,1,2,6
200600056282,0006-09-15 16:00:00,6,9,15,16,0,750,17,BPI CLICHY ST OUEN,,,Plein jour,En agglomération,Hors intersection,Pluie légère,Sans collision,,,,,,,,,,,1,2,1,2,7
200600056283,0006-09-16 21:25:00,6,9,16,21,25,750,12,R DE LYON R PARROT,,,Nuit avec éclairage allumé,En agglomération,Intersection à plus de 4 branches,Normale,Deux véhicules - côté,,,,,,,,,,,5,2,5,1,3
200600056284,0006-09-16 18:12:00,6,9,16,18,12,750,18,BPE AUBERVILLIERS CHAPEL,,,Plein jour,En agglomération,Hors intersection,Normale,Sans collision,,,,,,,,,,,1,2,1,1,7
200600056285,0006-09-17 17:10:00,6,9,17,17,10,750,16,ECH AUTEUIL,,,Plein jour,En agglomération,Hors intersection,Normale,Deux véhicules - arrière,,,,,,,,,,,1,2,1,1,2
200600056286,0006-09-17 16:47:00,6,9,17,16,47,750,12,85 BD SOULT,,,Plein jour,En agglomération,Hors intersection,Normale,Sans collision,,,,,,,,,,,1,2,1,1,7
200600056287,0006-09-21 07:55:00,6,9,21,7,55,750,12,R DE CHARENTON R TAINE,,,Plein jour,En agglomération,Intersection en X,Normale,Deux véhicules - côté,,,,,,,,,,,1,2,2,1,3
200600056288,0006-09-22 22:45:00,6,9,22,22,45,750,10,162 BD DE MAGENTA,,,Nuit avec éclairage allumé,En agglomération,Hors intersection,Normale,Autre collision,,,,,,,,,,,5,2,1,1,6
200600056289,0006-09-22 13:07:00,6,9,22,13,7,750,12,62 R DE BERCY,,,Plein jour,En agglomération,Hors intersection,Pluie légère,Deux véhicules - côté,,,,,,,,,,,1,2,1,2,3
200600056290,0006-09-22 12:15:00,6,9,22,12,15,750,12,28 R DE REUILLY,,,Plein jour,En agglomération,Hors intersection,Pluie légère,Autre collision,,,,,,,,,,,1,2,1,2,6
200600056291,0006-09-23 13:15:00,6,9,23,13,15,750,10,R DE DUNKERQUE R DE ROCR,,,Plein jour,En agglomération,Intersection en X,Normale,Deux véhicules - côté,,,,,,,,,,,1,2,2,1,3
200600056292,0006-09-23 00:30:00,6,9,23,0,30,750,10,R LA FAYETTE BD DE MAGEN,,,Nuit avec éclairage allumé,En agglomération,Intersection en X,Normale,Deux véhicules - côté,,,,,,,,,,,5,2,2,1,3
200600056293,0006-09-26 10:45:00,6,9,26,10,45,750,10,168 R LA FAYETTE,,,Plein jour,En agglomération,Hors intersection,Normale,Trois véhicules et plus - en chaîne,,,,,,,,,,,1,2,1,1,4
200600056294,0006-09-26 19:00:00,6,9,26,19,0,750,20,R CAPITAINE FERBER BD MO,,,Plein jour,En agglomération,Intersection en X,Normale,Autre collision,,,,,,,,,,,1,2,2,1,6
200600056295,0006-09-27 07:50:00,6,9,27,7,50,750,10,BD DE LA CHAPELLE R FG S,,,Plein jour,En agglomération,Intersection en X,Normale,Sans collision,,,,,,,,,,,1,2,2,1,7
200600056296,0006-09-28 15:30:00,6,9,28,15,30,750,8,AV CHAMPS ELYSEES AV GEO,,,Plein jour,En agglomération,Intersection en X,Normale,Deux véhicules - côté,,,,,,,,,,,1,2,2,1,3
200600056297,0006-09-28 09:25:00,6,9,28,9,25,750,8,R BEAUJON AV DE WAGRAM,,,Plein jour,En agglomération,Intersection en X,Normale,Deux véhicules - côté,,,,,,,,,,,1,2,2,1,3
200600056298,0006-09-28 17:05:00,6,9,28,17,5,750,10,R ALEXANDRE PARODI R FG,,,Plein jour,En agglomération,Intersection en T,Normale,Autre collision,,,,,,,,,,,1,2,3,1,6
200600056299,0006-09-28 18:00:00,6,9,28,18,0,750,12,AV DAUMESNIL AV DE SAINT,,,Plein jour,En agglomération,Intersection en X,Normale,Deux véhicules - côté,,,,,,,,,,,1,2,2,1,3
200600056300,0006-09-28 18:42:00,6,9,28,18,42,750,20,110 R PELLEPORT,,,Plein jour,En agglomération,Hors intersection,Normale,Autre collision,,,,,,,,,,,1,2,1,1,6
200600056301,0006-09-28 08:55:00,6,9,28,8,55,750,20,R D AVRON R PLANCHAT,,,Plein jour,En agglomération,Intersection en T,Normale,Deux véhicules - côté,,,,,,,,,,,1,2,3,1,3
200600056302,0006-09-28 13:35:00,6,9,28,13,35,750,20,R DES PYRENEES CRS DE VI,,,Plein jour,En agglomération,Intersection en X,Normale,Deux véhicules - arrière,,,,,,,,,,,1,2,2,1,2
200600056303,0006-09-29 22:25:00,6,9,29,22,25,750,6,R SAINT SULPICE R DE TOU,,,Nuit avec éclairage allumé,En agglomération,Intersection en X,Normale,Deux véhicules - côté,,,,,,,,,,,5,2,2,1,3
200600056304,0006-09-29 17:45:00,6,9,29,17,45,750,4,Q D ANJOU BD HENRI IV,,,Plein jour,En agglomération,Intersection en X,Normale,Autre collision,,,,,,,,,,,1,2,2,1,6
200600056305,0006-09-29 15:50:00,6,9,29,15,50,750,4,70 R DE RIVOLI,,,Plein jour,En agglomération,Hors intersection,Normale,Autre collision,,,,,,,,,,,1,2,1,1,6
200600056306,0006-09-29 20:50:00,6,9,29,20,50,750,14,BD EDGAR QUINET R LA GAI,,,Nuit avec éclairage allumé,En agglomération,Intersection en X,Normale,Deux véhicules - côté,,,,,,,,,,,5,2,2,1,3
200600056307,0006-09-29 10:35:00,6,9,29,10,35,750,8,AV DE FRIEDLAND R LAMENN,,,Plein jour,En agglomération,Intersection en T,Normale,Deux véhicules - côté,,,,,,,,,,,1,2,3,1,3
200600056308,0006-09-29 12:30:00,6,9,29,12,30,750,9,R BERGERE CI ROUGEMONT,,,Plein jour,En agglomération,Intersection en T,Normale,Autre collision,,,,,,,,,,,1,2,3,1,6
200600056309,0006-09-29 22:45:00,6,9,29,22,45,750,10,158 R LA FAYETTE,,,Nuit avec éclairage allumé,En agglomération,Hors intersection,Normale,Autre collision,,,,,,,,,,,5,2,1,1,6
200600056310,0006-09-29 12:10:00,6,9,29,12,10,750,10,102 R LA FAYETTE,,,Plein jour,En agglomération,Hors intersection,Normale,Deux véhicules - côté,,,,,,,,,,,1,2,1,1,3
200600056311,0006-09-29 16:40:00,6,9,29,16,40,750,13,QU DE LA GARE BD VINCENT,,,Plein jour,En agglomération,Intersection en X,Normale,Deux véhicules - côté,,,,,,,,,,,1,2,2,1,3
200600056312,0006-09-29 20:20:00,6,9,29,20,20,750,16,BPI MUETTE DAUPHINE,,,Nuit avec éclairage allumé,En agglomération,Hors intersection,Normale,Trois véhicules et plus - en chaîne,,,,,,,,,,,5,2,1,1,4
200600056313,0006-09-29 07:50:00,6,9,29,7,50,750,19,R DE BELLEVILLE  R DOCTE,,,Plein jour,En agglomération,Intersection en X,Normale,Deux véhicules - côté,,,,,,,,,,,1,2,2,1,3
200600056314,0006-09-29 14:45:00,6,9,29,14,45,750,19,21 QU DE LA GIRONDE,,,Plein jour,En agglomération,Hors intersection,Normale,Trois véhicules et plus - en chaîne,,,,,,,,,,,1,2,1,1,4
200600056315,0006-09-29 10:00:00,6,9,29,10,0,750,19,R DE CRIMEE,,,Plein jour,En agglomération,Hors intersection,Normale,Autre collision,,,,,,,,,,,1,2,1,1,6
200600056316,0006-09-29 20:24:00,6,9,29,20,24,750,19,BPE VILLETTE AUBERVILLIE,,,Nuit avec éclairage allumé,En agglomération,Hors intersection,Normale,Trois véhicules et plus - en chaîne,,,,,,,,,,,5,2,1,1,4
200600056317,0006-09-29 23:00:00,6,9,29,23,0,750,19,24 R DE CRIMEE,,,Nuit avec éclairage allumé,En agglomération,Hors intersection,Normale,Deux véhicules - côté,,,,,,,,,,,5,2,1,1,3
200600056318,0006-09-30 12:45:00,6,9,30,12,45,750,4,R PAS DE LA MULE R DES T,,,Plein jour,En agglomération,Intersection en X,Normale,Deux véhicules - côté,,,,,,,,,,,1,2,2,1,3
200600056319,0006-09-30 15:10:00,6,9,30,15,10,750,5,13 PL DU PANTHEON,,,Plein jour,En agglomération,Hors intersection,Normale,Deux véhicules - côté,,,,,,,,,,,1,2,1,1,3
200600056320,0006-09-30 23:00:00,6,9,30,23,0,750,5,R DES ECOLES R MONGE,,,Nuit avec éclairage allumé,En agglomération,Intersection en Y,Temps couvert,Autre collision,,,,,,,,,,,5,2,4,8,6
200600056321,0006-09-30 02:00:00,6,9,30,2,0,750,10,168 BD DE MAGENTA,,,Nuit avec éclairage allumé,En agglomération,Hors intersection,Normale,Autre collision,,,,,,,,,,,5,2,1,1,6
200600056322,0006-09-30 22:27:00,6,9,30,22,27,750,11,R FAIDHERBE R FG SAINT A,,,Nuit avec éclairage allumé,En agglomération,Intersection en X,Temps couvert,Deux véhicules - côté,,,,,,,,,,,5,2,2,8,3
200600056323,0006-09-28 11:55:00,6,9,28,11,55,750,11,48 AV PHILIPPE AUGUSTE,,,Plein jour,En agglomération,Hors intersection,Normale,Deux véhicules - côté,,,,,,,,,,,1,2,1,1,3
200600056324,0006-09-30 02:15:00,6,9,30,2,15,750,13,AV D ITALIE R DE LA VIST,,,Nuit avec éclairage allumé,En agglomération,Intersection en T,Normale,Deux véhicules - côté,,,,,,,,,,,5,2,3,1,3
200600056325,0006-09-30 19:40:00,6,9,30,19,40,750,14,64 R DES PLANTES,,,Nuit avec éclairage allumé,En agglomération,Hors intersection,Pluie légère,Sans collision,,,,,,,,,,,5,2,1,2,7
200600056326,0006-09-30 04:50:00,6,9,30,4,50,750,14,34 R DU DEPARRT,,,Nuit avec éclairage allumé,En agglomération,Hors intersection,Normale,Autre collision,,,,,,,,,,,5,2,1,1,6
200600056327,0006-09-30 16:24:00,6,9,30,16,24,750,14,262 BD RASPAIL,,,Plein jour,En agglomération,Hors intersection,Normale,Deux véhicules - côté,,,,,,,,,,,1,2,1,1,3
200600056328,0006-09-30 13:55:00,6,9,30,13,55,750,14,62 AV DU MAINE,,,Plein jour,En agglomération,Hors intersection,Normale,Sans collision,,,,,,,,,,,1,2,1,1,7
200600056329,0006-09-30 00:30:00,6,9,30,0,30,750,15,6 R FRANCOIS BONVIN,,,Nuit avec éclairage allumé,En agglomération,Hors intersection,Normale,Deux véhicules - arrière,,,,,,,,,,,5,2,1,1,2
200600056330,0006-09-30 14:40:00,6,9,30,14,40,750,16,BD AMIRAL BRUIX PL PORTE,,,Plein jour,En agglomération,Intersection en T,Pluie légère,Deux véhicules - côté,,,,,,,,,,,1,2,3,2,3
200600056331,0006-09-30 18:36:00,6,9,30,18,36,750,20,154 BD MORTIER,,,Plein jour,En agglomération,Hors intersection,Normale,Deux véhicules - côté,,,,,,,,,,,1,2,1,1,3
200600056332,0006-09-26 20:30:00,6,9,26,20,30,750,18,R CHAMPIONNET AV DE SAIN,,,Nuit avec éclairage allumé,En agglomération,Intersection en X,Normale,Deux véhicules - côté,,,,,,,,,,,5,2,2,1,3
200600056333,0006-09-15 20:30:00,6,9,15,20,30,750,9,10 R DE CHATEAUDUN,,,Nuit avec éclairage allumé,En agglomération,Hors intersection,Normale,Deux véhicules - côté,,,,,,,,,,,5,2,1,1,3