accident_id,datetime,annee,mois,jour,heure,minute,departement,commune_insee,adresse,latitude,longitude,luminosite,agglomeration,intersection,meteo,collision,nb_vehicules,nb_usagers,nb_indemnes,nb_tues,nb_blesses_hosp,nb_blesses_legers,age_cond_1,age_cond_2,veh_type_cond_1,veh_type_cond_2,lum_code,agg_code,int_code,atm_code,col_code
200600056334,0006-09-15 17:45:00,6,9,15,17,45,750,13,QU FRANCOIS MAURIAC PO D,,,Plein jour,En agglomération,Intersection en X,Pluie légère,Deux véhicules - côté,,,,,,,,,,,1,2,2,2,3
200600056335,0006-09-15 17:30:00,6,9,15,17,30,750,13,R CHARLES LEROY AV PORTE,,,Plein jour,En agglomération,Intersection en X,Temps couvert,Deux véhicules - côté,,,,,,,,,,,1,2,2,8,3
200600056336,0006-09-09 01:00:00,6,9,9,1,0,750,13,BPE IVRY GARE,,,Nuit avec éclairage allumé,En agglomération,Hors intersection,Normale,Trois véhicules et plus - en chaîne,,,,,,,,,,,5,2,1,1,4
200600056337,0006-09-15 12:39:00,6,9,15,12,39,750,14,BPI CHATILLON VANVES,,,Plein jour,En agglomération,Hors intersection,Normale,Deux véhicules - côté,,,,,,,,,,,1,2,1,1,3
200600056338,0006-09-16 18:55:00,6,9,16,18,55,750,13,BPE GENTILLY ITALIE,,,Plein jour,En agglomération,Hors intersection,Normale,Deux véhicules - arrière,,,,,,,,,,,1,2,1,1,2
200600056339,0006-09-18 16:20:00,6,9,18,16,20,750,18,BPE CHAPELLE CLIGNANCOUR,,,Plein jour,En agglomération,Hors intersection,Normale,Deux véhicules - côté,,,,,,,,,,,1,2,1,1,3
200600056340,0006-09-19 19:10:00,6,9,19,19,10,750,16,BPI SAINT CLOUD MOLITOR,,,Crépuscule ou aube,En agglomération,Hors intersection,Normale,Deux véhicules - côté,,,,,,,,,,,2,2,1,1,3
200600056341,0006-09-20 09:10:00,6,9,20,9,10,750,17,BPI CLICHY SAINT OUEN,,,Plein jour,En agglomération,Hors intersection,Normale,Trois véhicules et plus - en chaîne,,,,,,,,,,,1,2,1,1,4
200600056342,0006-09-21 12:45:00,6,9,21,12,45,750,16,BPE PASSY AUTEUIL,,,Plein jour,En agglomération,Hors intersection,Normale,Deux véhicules - côté,,,,,,,,,,,1,2,1,1,3
200600056343,0006-09-22 11:00:00,6,9,22,11,0,750,16,BPI SAINT CLOUD MOLITOR,,,Plein jour,En agglomération,Hors intersection,Normale,Autre collision,,,,,,,,,,,1,2,1,1,6
200600056344,0006-09-23 10:50:00,6,9,23,10,50,750,18,BPI ST OUEN CLIGNANCOURT,,,Plein jour,En agglomération,Hors intersection,Normale,Trois véhicules et plus - en chaîne,,,,,,,,,,,1,2,1,1,4
200600056345,0006-09-25 16:15:00,6,9,25,16,15,750,17,BPE SAINT OUEN CLICHY,,,Plein jour,En agglomération,Hors intersection,Normale,Autre collision,,,,,,,,,,,1,2,1,1,6
200600056346,0006-09-29 06:55:00,6,9,29,6,55,750,17,R BAYEN BD PEREIRE,,,Nuit avec éclairage allumé,En agglomération,Intersection en X,Normale,Autre collision,,,,,,,,,,,5,2,2,1,6
200600056347,0006-09-30 22:25:00,6,9,30,22,25,750,20,R JOURDAIN R DES PYRENEE,,,Nuit avec éclairage allumé,En agglomération,Intersection en Y,Temps couvert,Autre collision,,,,,,,,,,,5,2,4,8,6
200600056348,0006-09-23 23:10:00,6,9,23,23,10,750,13,6 R PH DE CHAMPAGNE,,,Nuit avec éclairage allumé,En agglomération,Hors intersection,Normale,Deux véhicules - arrière,,,,,,,,,,,5,2,1,1,2
200600056349,0006-09-18 13:14:00,6,9,18,13,14,750,13,R DUNOIS BD VINCENT AURI,,,Plein jour,En agglomération,Intersection en X,Temps couvert,Deux véhicules - côté,,,,,,,,,,,1,2,2,8,3
200600056350,0006-09-18 11:20:00,6,9,18,11,20,750,20,BPI MONTREUIL VINCENNES,,,Plein jour,En agglomération,Hors intersection,Pluie légère,Trois véhicules et plus - en chaîne,,,,,,,,,,,1,2,1,2,4
200600056351,0006-09-19 09:50:00,6,9,19,9,50,750,16,BPI Q POINT DU JOUR SAIN,,,Plein jour,En agglomération,Hors intersection,Normale,Trois véhicules et plus - en chaîne,,,,,,,,,,,1,2,1,1,4
200600056352,0006-09-20 14:10:00,6,9,20,14,10,750,12,BPI CHARENTON BERCY,,,Plein jour,En agglomération,Hors intersection,Normale,Deux véhicules - côté,,,,,,,,,,,1,2,1,1,3
200600056353,0006-09-26 09:50:00,6,9,26,9,50,750,17,ECH SAINT OUEN,,,Plein jour,En agglomération,Hors intersection,Normale,Trois véhicules et plus - en chaîne,,,,,,,,,,,1,2,1,1,4
200600056354,0006-09-29 16:00:00,6,9,29,16,0,750,16,BPI SAINT CLOUD MOLITOR,,,Plein jour,En agglomération,Hors intersection,Normale,Deux véhicules - côté,,,,,,,,,,,1,2,1,1,3
200600056355,0006-09-26 12:15:00,6,9,26,12,15,750,18,110 R CAULAINCOURT,,,Plein jour,En agglomération,Hors intersection,Normale,Deux véhicules - arrière,,,,,,,,,,,1,2,1,1,2
200600056356,0006-09-08 20:05:00,6,9,8,20,5,750,3,R BLONDEL BD DE SEBASTOP,,,Crépuscule ou aube,En agglomération,Intersection en X,Normale,Deux véhicules - côté,,,,,,,,,,,2,2,2,1,3
200600056357,0006-09-11 18:10:00,6,9,11,18,10,750,19,74 AV SIMON BOLIVAR,,,Plein jour,Hors agglomération,Hors intersection,Normale,Autre collision,,,,,,,,,,,1,1,1,1,6
200600056358,0006-09-12 10:40:00,6,9,12,10,40,750,13,BPE IVRY GARE,,,Plein jour,En agglomération,Hors intersection,Normale,Deux véhicules - arrière,,,,,,,,,,,1,2,1,1,2
200600056359,0006-09-13 13:15:00,6,9,13,13,15,750,1,R DU COLONEL DRIANT PL D,,,Plein jour,En agglomération,Intersection en X,Normale,Deux véhicules - côté,,,,,,,,,,,1,2,2,1,3
200600056360,0006-09-13 16:33:00,6,9,13,16,33,750,13,BD DE L HOPITAL PL VALHU,,,Plein jour,En agglomération,Intersection en T,Normale,Autre collision,,,,,,,,,,,1,2,3,1,6
200600056361,0006-09-11 08:20:00,6,9,11,8,20,750,10,152 R LA FAYETTE,,,Plein jour,En agglomération,Hors intersection,Normale,Deux véhicules - côté,,,,,,,,,,,1,2,1,1,3
200600056362,0006-09-14 12:30:00,6,9,14,12,30,750,11,R AMELOT BD VOLTAIRE,,,Plein jour,En agglomération,Intersection en Y,Normale,Deux véhicules - côté,,,,,,,,,,,1,2,4,1,3
200600056363,0006-09-14 13:15:00,6,9,14,13,15,750,11,BD BEAUMARCHAIS R DU CHE,,,Plein jour,En agglomération,Intersection en T,Normale,Trois véhicules et plus - en chaîne,,,,,,,,,,,1,2,3,1,4
200600056364,0006-09-15 15:20:00,6,9,15,15,20,750,15,BPI SEVRES ISSY LES MLX,,,Plein jour,En agglomération,Hors intersection,Pluie légère,Trois véhicules et plus - en chaîne,,,,,,,,,,,1,2,1,2,4
200600056365,0006-09-18 10:15:00,6,9,18,10,15,750,13,BPI GARE IVRY,,,Plein jour,En agglomération,Hors intersection,Normale,Sans collision,,,,,,,,,,,1,2,1,1,7
200600056366,0006-09-26 09:00:00,6,9,26,9,0,750,16,BPI PASSY AUTEUIL,,,Plein jour,En agglomération,Hors intersection,Normale,Sans collision,,,,,,,,,,,1,2,1,1,7
200600056367,0006-09-20 16:00:00,6,9,20,16,0,750,12,BPE CHARENTON DOREE,,,Plein jour,En agglomération,Hors intersection,Normale,Autre collision,,,,,,,,,,,1,2,1,1,6
200600056368,0006-09-21 19:10:00,6,9,21,19,10,750,17,BPE ASNIERES CHAMPERRET,,,Plein jour,En agglomération,Hors intersection,Normale,Deux véhicules - côté,,,,,,,,,,,1,2,1,1,3
200600056369,0006-09-21 14:45:00,6,9,21,14,45,750,16,BPI DAUPHINE MAILLOT,,,Plein jour,En agglomération,Hors intersection,Normale,Deux véhicules - arrière,,,,,,,,,,,1,2,1,1,2
200600056370,0006-09-22 16:10:00,6,9,22,16,10,750,14,BPI ORLEANS CHATILLON,,,Plein jour,En agglomération,Hors intersection,Normale,Autre collision,,,,,,,,,,,1,2,1,1,6
200600056371,0006-09-26 15:30:00,6,9,26,15,30,750,12,ECH BERCY,,,Plein jour,En agglomération,Hors intersection,Normale,Deux véhicules - côté,,,,,,,,,,,1,2,1,1,3
200600056372,0006-09-26 07:20:00,6,9,26,7,20,750,18,BPE AUBERVILLIERS CHAPEL,,,Plein jour,En agglomération,Hors intersection,Normale,Deux véhicules - côté,,,,,,,,,,,1,2,1,1,3
200600056373,0006-09-26 18:20:00,6,9,26,18,20,750,14,BPI ORLEANS CHATILLON,,,Plein jour,En agglomération,Hors intersection,Normale,Deux véhicules - côté,,,,,,,,,,,1,2,1,1,3
200600056374,0006-09-26 16:50:00,6,9,26,16,50,750,20,BPI BAGNOLET MONTREUIL,,,Plein jour,En agglomération,Hors intersection,Normale,Deux véhicules - côté,,,,,,,,,,,1,2,1,1,3
200600056375,0006-09-28 15:45:00,6,9,28,15,45,750,18,BPE AUBERVILLIERS CHAPEL,,,Plein jour,En agglomération,Hors intersection,Normale,Trois véhicules et plus - en chaîne,,,,,,,,,,,1,2,1,1,4
200600056376,0006-09-28 17:15:00,6,9,28,17,15,750,19,BPI PRE SAINT GERVAIS LI,,,Plein jour,En agglomération,Hors intersection,Normale,Deux véhicules - côté,,,,,,,,,,,1,2,1,1,3
200600056377,0006-09-28 09:30:00,6,9,28,9,30,750,14,BPE CHATILLON ORLEANS,,,Plein jour,En agglomération,Hors intersection,Normale,Deux véhicules - arrière,,,,,,,,,,,1,2,1,1,2
200600056378,0006-09-29 19:05:00,6,9,29,19,5,750,16,BPE SAINT CLOUD Q POINT,,,Crépuscule ou aube,En agglomération,Hors intersection,Pluie légère,Trois véhicules et plus - en chaîne,,,,,,,,,,,2,2,1,2,4
200600056379,0006-09-29 18:55:00,6,9,29,18,55,750,17,BPE ASNIERES CHAMPERRET,,,Plein jour,En agglomération,Hors intersection,Pluie légère,Deux véhicules - côté,,,,,,,,,,,1,2,1,2,3
200600056380,0006-09-29 16:20:00,6,9,29,16,20,750,16,BPI MUETTE DAUPHINE,,,Plein jour,En agglomération,Hors intersection,Temps couvert,Sans collision,,,,,,,,,,,1,2,1,8,7
200600056381,0006-09-29 18:50:00,6,9,29,18,50,750,13,BPE IVRY GARE,,,Plein jour,En agglomération,Hors intersection,Pluie légère,Deux véhicules - côté,,,,,,,,,,,1,2,1,2,3
200600056382,0006-09-29 12:45:00,6,9,29,12,45,750,14,BPI GENTILLY ORLEANS,,,Plein jour,En agglomération,Hors intersection,Normale,Deux véhicules - arrière,,,,,,,,,,,1,2,1,1,2
200600056383,0006-09-29 21:40:00,6,9,29,21,40,750,13,BPI GARE IVRY,,,Nuit avec éclairage allumé,En agglomération,Hors intersection,Normale,Autre collision,,,,,,,,,,,5,2,1,1,6
200600056384,0006-09-30 15:20:00,6,9,30,15,20,750,17,BPI CHAMPERRET ASNIERES,,,Plein jour,En agglomération,Hors intersection,Normale,Trois véhicules et plus - en chaîne,,,,,,,,,,,1,2,1,1,4
200600056385,0006-09-16 18:50:00,6,9,16,18,50,750,20,BD DAVOUT R PAGANINI,,,Plein jour,En agglomération,Intersection en X,Normale,Deux véhicules - côté,,,,,,,,,,,1,2,2,1,3
200600056386,0006-09-17 00:15:00,6,9,17,0,15,750,14,A PORTE D ORLEANS BD ROM,,,Nuit avec éclairage allumé,En agglomération,Intersection en X,Normale,Deux véhicules - côté,,,,,,,,,,,5,2,2,1,3
200600056387,0006-09-20 19:32:00,6,9,20,19,32,750,19,R GENERAL BRUNET BD SERU,,,Crépuscule ou aube,En agglomération,Intersection en X,Normale,Autre collision,,,,,,,,,,,2,2,2,1,6
200600056388,0006-09-26 08:20:00,6,9,26,8,20,750,9,BD DES CAPUCINES PL DE L,,,Plein jour,En agglomération,Intersection en X,Normale,Deux véhicules - côté,,,,,,,,,,,1,2,2,1,3
200600056389,0006-09-26 13:15:00,6,9,26,13,15,750,11,58 AV PHILIPPE AUGUSTE,,,Plein jour,En agglomération,Hors intersection,Normale,Deux véhicules - côté,,,,,,,,,,,1,2,1,1,3
200600056390,0006-09-21 20:00:00,6,9,21,20,0,750,10,R LEON JOUHAUX QU DE VAL,,,Nuit avec éclairage allumé,En agglomération,Intersection en T,Normale,Deux véhicules - côté,,,,,,,,,,,5,2,3,1,3
200600056391,0006-09-22 19:30:00,6,9,22,19,30,750,19,120 R D AUBERVILLIERS,,,Nuit avec éclairage allumé,En agglomération,Hors intersection,Pluie légère,Autre collision,,,,,,,,,,,5,2,1,2,6
200600056392,0006-09-28 19:10:00,6,9,28,19,10,750,18,BPI CLIGNANCOURT CHAPELL,,,Plein jour,En agglomération,Hors intersection,Normale,Deux véhicules - côté,,,,,,,,,,,1,2,1,1,3
200600056393,0006-09-16 21:00:00,6,9,16,21,0,750,13,BPI BERCY GARE,,,Nuit avec éclairage allumé,En agglomération,Hors intersection,Normale,Deux véhicules - arrière,,,,,,,,,,,5,2,1,1,2
200600056394,0006-09-16 16:35:00,6,9,16,16,35,750,14,R CDT R MOUCHOTTE AV DU,,,Plein jour,En agglomération,Intersection en X,Temps couvert,Deux véhicules - côté,,,,,,,,,,,1,2,2,8,3
200600056395,0006-09-16 12:35:00,6,9,16,12,35,750,14,R D ALESIA R DECRES,,,Plein jour,En agglomération,Intersection en T,Temps couvert,Deux véhicules - côté,,,,,,,,,,,1,2,3,8,3
200600056396,0006-09-06 08:05:00,6,9,6,8,5,760,476,CLAUDE BERNARD (RUE) Z.P,,,Plein jour,En agglomération,Intersection en T,Normale,Deux véhicules - arrière,,,,,,,,,,,1,2,3,1,2
200600056397,0006-09-22 09:15:00,6,9,22,9,15,760,114,"82, THIERS (RUE)",,,Plein jour,En agglomération,Intersection en T,Pluie légère,Autre collision,,,,,,,,,,,1,2,3,2,6
200600056398,0006-09-01 09:15:00,6,9,1,9,15,760,26,"39, CHAUSSEE (RUE DE LA)",,,Plein jour,En agglomération,Hors intersection,Normale,Deux véhicules - arrière,,,,,,,,,,,1,2,1,1,2
200600056399,0006-09-07 18:05:00,6,9,7,18,5,760,217,Rue Jacques Monod,,,Plein jour,Hors agglomération,Intersection en T,Normale,Trois véhicules et plus - collisions multiples,,,,,,,,,,,1,1,3,1,5
200600056400,0006-09-11 08:50:00,6,9,11,8,50,760,26,"37, SAINT JULIEN (RUE)",,,Plein jour,En agglomération,Hors intersection,Normale,Autre collision,,,,,,,,,,,1,2,1,1,6
200600056401,0006-09-15 21:35:00,6,9,15,21,35,760,545,"214, Route du Vallon",,,Nuit avec éclairage allumé,En agglomération,Hors intersection,Normale,Autre collision,,,,,,,,,,,5,2,1,1,6
200600056402,0006-09-17 15:50:00,6,9,17,15,50,760,565,RD 915,,,Plein jour,Hors agglomération,Hors intersection,Normale,Deux véhicules - arrière,,,,,,,,,,,1,1,1,1,2
200600056403,0006-09-20 16:25:00,6,9,20,16,25,760,349,19 Août 1942 (Rue du),,,Plein jour,En agglomération,Intersection en T,Normale,Deux véhicules - côté,,,,,,,,,,,1,2,3,1,3
200600056404,0006-09-24 18:35:00,6,9,24,18,35,760,545,"1, RD 154E",,,Plein jour,Hors agglomération,Hors intersection,Normale,Deux véhicules - frontale,,,,,,,,,,,1,1,1,1,1
200600056405,0006-09-03 04:40:00,6,9,3,4,40,760,231,"0, SOLFERINO. RUE DE",,,Nuit avec éclairage allumé,En agglomération,Intersection en X,Normale,Deux véhicules - côté,,,,,,,,,,,5,2,2,1,3
200600056406,0006-09-18 07:55:00,6,9,18,7,55,760,231,BOURGTHEROULDE. RUE DE,,,Plein jour,Hors agglomération,Hors intersection,Normale,Deux véhicules - frontale,,,,,,,,,,,1,1,1,1,1
200600056407,0006-09-15 07:55:00,6,9,15,7,55,760,231,"62, CARNOT. COURS",,,Plein jour,En agglomération,Intersection en X,Temps couvert,Sans collision,,,,,,,,,,,1,2,2,8,7
200600056408,0006-09-27 11:40:00,6,9,27,11,40,760,486,"42, RD 938 (VERS GRAND C",,,Plein jour,En agglomération,Hors intersection,Normale,Deux véhicules - frontale,,,,,,,,,,,1,2,1,1,1
200600056409,0006-09-25 21:30:00,6,9,25,21,30,760,231,"0, GUYNEMER. RUE GEORGES",,,Nuit avec éclairage allumé,En agglomération,Intersection en X,Normale,Deux véhicules - côté,,,,,,,,,,,5,2,2,1,3
200600056410,0006-09-28 09:00:00,6,9,28,9,0,760,561,"1, GANTOIS (rue André)",,,Plein jour,En agglomération,Intersection en T,Normale,Deux véhicules - côté,,,,,,,,,,,1,2,3,1,3
200600056411,0006-09-01 11:50:00,6,9,1,11,50,760,351,"236, LOUIS LUMIERE",,,Plein jour,En agglomération,Hors intersection,Normale,Autre collision,,,,,,,,,,,1,2,1,1,6
200600056412,0006-09-15 11:40:00,6,9,15,11,40,760,351,MAGASINS GENERAUX (RUE D,,,Plein jour,En agglomération,Intersection en X,Normale,Deux véhicules - côté,,,,,,,,,,,1,2,2,1,3
200600056413,0006-09-17 18:15:00,6,9,17,18,15,760,351,"1, GENERAL FERRIE (AVENU",,,Plein jour,En agglomération,Intersection en X,Normale,Deux véhicules - côté,,,,,,,,,,,1,2,2,1,3
200600056414,0006-09-18 13:20:00,6,9,18,13,20,760,351,"200, ARISTIDE BRIAND <31",,,Plein jour,En agglomération,Hors intersection,Normale,Autre collision,,,,,,,,,,,1,2,1,1,6
200600056415,0006-09-22 12:25:00,6,9,22,12,25,760,351,"0, LOUIS PHILIPPE",,,Plein jour,En agglomération,Intersection en X,Normale,Deux véhicules - côté,,,,,,,,,,,1,2,2,1,3
200600056416,0006-09-22 16:40:00,6,9,22,16,40,760,351,"340, IRENE JOLIOT CURIE",,,Plein jour,En agglomération,Hors intersection,Normale,Autre collision,,,,,,,,,,,1,2,1,1,6
200600056417,0006-09-23 20:45:00,6,9,23,20,45,760,351,"nc, EUGENE MOPIN",,,Nuit avec éclairage allumé,En agglomération,Intersection en T,Normale,Deux véhicules - frontale,,,,,,,,,,,5,2,3,1,1
200600056418,0006-09-26 12:20:00,6,9,26,12,20,760,351,"148, STRASBOURG (BD DE)",,,Plein jour,En agglomération,Hors intersection,Normale,Deux véhicules - arrière,,,,,,,,,,,1,2,1,1,2
200600056419,0006-09-04 17:20:00,6,9,4,17,20,760,540,"86, MONT GARGAN. RUE DU",,,Plein jour,En agglomération,Hors intersection,Normale,Deux véhicules - frontale,,,,,,,,,,,1,2,1,1,1
200600056420,0006-09-04 12:20:00,6,9,4,12,20,760,540,"1, BOURSE. QUAI (BAS) DE",,,Plein jour,En agglomération,Hors intersection,Normale,Autre collision,,,,,,,,,,,1,2,1,1,6
200600056421,0006-09-06 16:40:00,6,9,6,16,40,760,681,"1, ELUARD. RUE PAUL",,,Plein jour,En agglomération,Hors intersection,Normale,Autre collision,,,,,,,,,,,1,2,1,1,6
200600056422,0006-09-07 01:15:00,6,9,7,1,15,760,540,"1, BELGES. BOULEVARD DES",,,Nuit avec éclairage allumé,En agglomération,Hors intersection,Normale,Autre collision,,,,,,,,,,,5,2,1,1,6
200600056423,0006-09-07 05:26:00,6,9,7,5,26,760,540,"1, BERLIOZ. RUE HECTOR",,,Crépuscule ou aube,En agglomération,Hors intersection,Normale,Sans collision,,,,,,,,,,,2,2,1,1,7
200600056424,0006-09-07 16:25:00,6,9,7,16,25,760,216,"231, RN 27 (ROUTE DE DIE",,,Plein jour,En agglomération,Hors intersection,Normale,Deux véhicules - côté,,,,,,,,,,,1,2,1,1,3
200600056425,0006-09-07 17:45:00,6,9,7,17,45,760,540,"1, SAINT JULIEN. RUE",,,Plein jour,En agglomération,Hors intersection,Normale,Sans collision,,,,,,,,,,,1,2,1,1,7
200600056426,0006-09-07 13:50:00,6,9,7,13,50,760,212,PAIX. BOULEVARD DE LA (R,,,Plein jour,En agglomération,Hors intersection,Normale,Deux véhicules - côté,,,,,,,,,,,1,2,1,1,3
200600056427,0006-09-07 19:40:00,6,9,7,19,40,760,322,"1, TOULOUSE LAUTREC. RUE",,,Plein jour,En agglomération,Hors intersection,Normale,Sans collision,,,,,,,,,,,1,2,1,1,7
200600056428,0006-09-07 19:15:00,6,9,7,19,15,760,410,"79, MARTYRS DE LA RESIST",,,Plein jour,En agglomération,Hors intersection,Normale,Autre collision,,,,,,,,,,,1,2,1,1,6
200600056429,0006-09-11 10:10:00,6,9,11,10,10,760,108,"1, CANADIENS. RUE DES",,,Plein jour,En agglomération,Intersection en T,Normale,Deux véhicules - côté,,,,,,,,,,,1,2,3,1,3
200600056430,0006-09-11 07:30:00,6,9,11,7,30,760,319,CLEMENCEAU. RUE GEORGES,,,Plein jour,En agglomération,Hors intersection,Normale,Sans collision,,,,,,,,,,,1,2,1,1,7
200600056431,0006-09-08 18:10:00,6,9,8,18,10,760,498,"51, CANADIENS. AVENUE DE",,,Plein jour,En agglomération,Hors intersection,Normale,Deux véhicules - arrière,,,,,,,,,,,1,2,1,1,2
200600056432,0006-09-10 15:30:00,6,9,10,15,30,760,575,"14, CROIZAT. AVENUE AMBR",,,Plein jour,En agglomération,Hors intersection,Normale,Sans collision,,,,,,,,,,,1,2,1,1,7
200600056433,0006-09-09 04:10:00,6,9,9,4,10,760,540,"1, PORTE DES CHAMPS. AVE",,,Nuit avec éclairage allumé,En agglomération,Hors intersection,Normale,Sans collision,,,,,,,,,,,5,2,1,1,7
200600056434,0006-09-11 23:50:00,6,9,11,23,50,760,540,"230, SAINT JULIEN. RUE",,,Nuit avec éclairage allumé,En agglomération,Hors intersection,Normale,Sans collision,,,,,,,,,,,5,2,1,1,7
200600056435,0006-09-12 07:45:00,6,9,12,7,45,760,540,"23, GIRARDIN. RUE STANIS",,,Plein jour,En agglomération,Hors intersection,Normale,Deux véhicules - arrière,,,,,,,,,,,1,2,1,1,2
200600056436,0006-09-13 16:40:00,6,9,13,16,40,760,498,"67, CANADIENS. AVENUE DE",,,Plein jour,En agglomération,Hors intersection,Normale,Autre collision,,,,,,,,,,,1,2,1,1,6
200600056437,0006-09-13 13:35:00,6,9,13,13,35,760,540,"1, SAINT VIVIEN. PLACE",,,Plein jour,En agglomération,Hors intersection,Normale,Autre collision,,,,,,,,,,,1,2,1,1,6
200600056438,0006-09-13 13:00:00,6,9,13,13,0,760,484,A 13,,,Plein jour,Hors agglomération,Hors intersection,Normale,Sans collision,,,,,,,,,,,1,1,1,1,7
200600056439,0006-09-17 17:20:00,6,9,17,17,20,760,540,"1, GENEVE. RUE DE",,,Plein jour,En agglomération,Hors intersection,Normale,Sans collision,,,,,,,,,,,1,2,1,1,7
200600056440,0006-09-17 18:25:00,6,9,17,18,25,760,540,"17, MARNE. BOULEVARD DE",,,Plein jour,En agglomération,Hors intersection,Temps éblouissant,Autre collision,,,,,,,,,,,1,2,1,7,6
200600056441,0006-09-16 13:00:00,6,9,16,13,0,760,540,"1, YSER. BOULEVARD DE L'",,,Plein jour,En agglomération,Hors intersection,Normale,Trois véhicules et plus - en chaîne,,,,,,,,,,,1,2,1,1,4
200600056442,0006-09-19 15:00:00,6,9,19,15,0,760,540,"1, MARTYRS DE LA RESISTA",,,Plein jour,En agglomération,Hors intersection,Normale,Autre collision,,,,,,,,,,,1,2,1,1,6
200600056443,0006-09-20 17:40:00,6,9,20,17,40,760,540,"1, CAEN. AVENUE DE",,,Plein jour,En agglomération,Hors intersection,Normale,Deux véhicules - arrière,,,,,,,,,,,1,2,1,1,2
200600056444,0006-09-21 15:05:00,6,9,21,15,5,760,108,NEUFCHATEL. ROUTE DE (RN,,,Plein jour,En agglomération,Hors intersection,Normale,Deux véhicules - arrière,,,,,,,,,,,1,2,1,1,2
200600056445,0006-09-21 19:50:00,6,9,21,19,50,760,575,CANADIENS. AVENUE DES,,,Plein jour,En agglomération,Hors intersection,Normale,Trois véhicules et plus - collisions multiples,,,,,,,,,,,1,2,1,1,5
200600056446,0006-09-23 03:10:00,6,9,23,3,10,760,540,"87, BONSECOURS. ROUTE DE",,,Nuit avec éclairage non allumé,En agglomération,Hors intersection,Normale,Sans collision,,,,,,,,,,,4,2,1,1,7
200600056447,0006-09-23 00:40:00,6,9,23,0,40,760,540,"762, ESPACE JACQUES ANQU",,,Nuit avec éclairage allumé,En agglomération,Hors intersection,Normale,Sans collision,,,,,,,,,,,5,2,1,1,7
200600056448,0006-09-26 12:50:00,6,9,26,12,50,760,681,"1, SALVA. RUE LEON",,,Plein jour,En agglomération,Hors intersection,Normale,Deux véhicules - arrière,,,,,,,,,,,1,2,1,1,2
200600056449,0006-09-26 18:15:00,6,9,26,18,15,760,157,"18, HUGO. RUE VICTOR",,,Plein jour,En agglomération,Hors intersection,Normale,Deux véhicules - côté,,,,,,,,,,,1,2,1,1,3
200600056450,0006-09-27 08:00:00,6,9,27,8,0,760,681,"1, SALVA. RUE LEON",,,Crépuscule ou aube,En agglomération,Hors intersection,Brouillard / fumée,Deux véhicules - côté,,,,,,,,,,,2,2,1,5,3
200600056451,0006-09-28 18:00:00,6,9,28,18,0,760,540,"1, RONDEAUX. AVENUE JEAN",,,Plein jour,En agglomération,Hors intersection,Normale,Deux véhicules - côté,,,,,,,,,,,1,2,1,1,3
200600056452,0006-09-29 18:05:00,6,9,29,18,5,760,540,"1, PORET DE BLOSSEVILLE.",,,Plein jour,En agglomération,Hors intersection,Normale,Autre collision,,,,,,,,,,,1,2,1,1,6
200600056453,0006-09-29 19:25:00,6,9,29,19,25,760,540,HAVRE. ROUTE DU,,,Nuit avec éclairage allumé,En agglomération,Hors intersection,Normale,Deux véhicules - frontale,,,,,,,,,,,5,2,1,1,1
200600056454,0006-09-30 17:10:00,6,9,30,17,10,760,322,BROSSOLETTE. BOULEVARD P,,,Plein jour,En agglomération,Hors intersection,Normale,Autre collision,,,,,,,,,,,1,2,1,1,6
200600056455,0006-09-09 21:00:00,6,9,9,21,0,770,108,"5, ILETTE (RUE DE L' )",,,Crépuscule ou aube,En agglomération,Hors intersection,Normale,Autre collision,,,,,,,,,,,2,2,1,1,6
200600056456,0006-09-10 14:50:00,6,9,10,14,50,770,108,MITTERAND (AVENUE FRANCO,,,Plein jour,En agglomération,Hors intersection,Normale,Autre collision,,,,,,,,,,,1,2,1,1,6
200600056457,0006-09-16 19:35:00,6,9,16,19,35,770,108,"31, BESSON (RUE ADOLPHE)",,,Crépuscule ou aube,En agglomération,Hors intersection,Normale,Autre collision,,,,,,,,,,,2,2,1,1,6
200600056458,0006-09-19 11:55:00,6,9,19,11,55,770,108,"35, MEUNIER (RUE AUGUSTE",,,Plein jour,En agglomération,Hors intersection,Pluie légère,Deux véhicules - côté,,,,,,,,,,,1,2,1,2,3
200600056459,0006-09-23 20:25:00,6,9,23,20,25,770,108,CLAYE (AVENUE DE),,,Nuit avec éclairage allumé,En agglomération,Hors intersection,Pluie forte,Deux véhicules - arrière,,,,,,,,,,,5,2,1,3,2
200600056460,0006-09-29 19:10:00,6,9,29,19,10,770,108,"14, SYLVIE (AVENUE DE)",,,Crépuscule ou aube,En agglomération,Hors intersection,Pluie légère,Deux véhicules - arrière,,,,,,,,,,,2,2,1,2,2
200600056461,0006-09-23 15:30:00,6,9,23,15,30,770,307,"54, DEPARTEMENTALE 231 (",,,Plein jour,Hors agglomération,Hors intersection,Normale,Deux véhicules - côté,,,,,,,,,,,1,1,1,1,3
200600056462,0006-09-27 21:55:00,6,9,27,21,55,770,132,RN 34,,,Nuit sans éclairage public,Hors agglomération,Hors intersection,Normale,Sans collision,,,,,,,,,,,3,1,1,1,7
200600056463,0006-09-05 15:30:00,6,9,5,15,30,770,70,MARTROY (LIEU DIT LE ),,,Plein jour,Hors agglomération,Passage à niveau,Normale,Deux véhicules - frontale,,,,,,,,,,,1,1,8,1,1
200600056464,0006-09-07 15:00:00,6,9,7,15,0,770,400,D402,,,Plein jour,Hors agglomération,Intersection en X,Temps éblouissant,Deux véhicules - côté,,,,,,,,,,,1,1,2,7,3
200600056465,0006-09-09 10:55:00,6,9,9,10,55,770,131,"20, PALAIS DE JUSTICE",,,Plein jour,En agglomération,Hors intersection,Normale,Deux véhicules - côté,,,,,,,,,,,1,2,1,1,3