accident_id,datetime,annee,mois,jour,heure,minute,departement,commune_insee,adresse,latitude,longitude,luminosite,agglomeration,intersection,meteo,collision,nb_vehicules,nb_usagers,nb_indemnes,nb_tues,nb_blesses_hosp,nb_blesses_legers,age_cond_1,age_cond_2,veh_type_cond_1,veh_type_cond_2,lum_code,agg_code,int_code,atm_code,col_code
200600056864,0006-09-11 16:32:00,6,9,11,16,32,870,85,ALLENDE (QUAI SALVADOR),,,Plein jour,En agglomération,Intersection en X,Normale,Deux véhicules - côté,,,,,,,,,,,1,2,2,1,3
200600056865,0006-09-11 17:48:00,6,9,11,17,48,870,85,"357, TOULOUSE (RUE DE)",,,Plein jour,En agglomération,Hors intersection,Normale,Deux véhicules - frontale,,,,,,,,,,,1,2,1,1,1
200600056866,0006-09-12 09:08:00,6,9,12,9,8,870,85,"122, LEOBARDY (AVE DU PR",,,Plein jour,En agglomération,Intersection en T,Normale,Deux véhicules - côté,,,,,,,,,,,1,2,3,1,3
200600056867,0006-09-12 18:30:00,6,9,12,18,30,870,85,CASSEAUX (ECHANGEUR),,,Plein jour,Hors agglomération,Hors intersection,Normale,Autre collision,,,,,,,,,,,1,1,1,1,6
200600056868,0006-09-12 21:00:00,6,9,12,21,0,870,85,"121, PERRIN (RUE FRANCOI",,,Crépuscule ou aube,En agglomération,Hors intersection,Normale,Deux véhicules - côté,,,,,,,,,,,2,2,1,1,3
200600056869,0006-09-13 12:19:00,6,9,13,12,19,870,85,"72, PALAIS (ROUTE DU)",,,Plein jour,En agglomération,Hors intersection,Normale,Autre collision,,,,,,,,,,,1,2,1,1,6
200600056870,0006-09-14 09:45:00,6,9,14,9,45,870,114,ARSONVAL (D'),,,Plein jour,Hors agglomération,Hors intersection,Normale,Deux véhicules - arrière,,,,,,,,,,,1,1,1,1,2
200600056871,0006-09-14 09:50:00,6,9,14,9,50,870,85,FOUGERAS (RUE DE),,,Plein jour,Hors agglomération,Hors intersection,Normale,Deux véhicules - frontale,,,,,,,,,,,1,1,1,1,1
200600056872,0006-09-14 15:06:00,6,9,14,15,6,870,85,"47, NAUGEAT (AVENUE DE",,,Plein jour,En agglomération,Intersection en X,Normale,Deux véhicules - côté,,,,,,,,,,,1,2,2,1,3
200600056873,0006-09-14 18:02:00,6,9,14,18,2,870,85,ALLENDE (QUAI SALVADOR),,,Plein jour,En agglomération,Hors intersection,Pluie légère,Trois véhicules et plus - en chaîne,,,,,,,,,,,1,2,1,2,4
200600056874,0006-09-15 03:55:00,6,9,15,3,55,870,85,"3, DE GAULLE (AVENUE DU",,,Nuit avec éclairage allumé,En agglomération,Intersection en X,Normale,Deux véhicules - frontale,,,,,,,,,,,5,2,2,1,1
200600056875,0006-09-15 04:40:00,6,9,15,4,40,870,85,"1, VIGENAL (BOULEVARD DU",,,Nuit avec éclairage allumé,En agglomération,Intersection en X,Pluie légère,Deux véhicules - côté,,,,,,,,,,,5,2,2,2,3
200600056876,0006-09-15 13:34:00,6,9,15,13,34,870,75,RD79,,,Plein jour,Hors agglomération,Hors intersection,Pluie légère,Autre collision,,,,,,,,,,,1,1,1,2,6
200600056877,0006-09-15 15:35:00,6,9,15,15,35,870,85,AUTOROUTE A20,,,Plein jour,Hors agglomération,Hors intersection,Pluie légère,Deux véhicules - côté,,,,,,,,,,,1,1,1,2,3
200600056878,0006-09-16 15:52:00,6,9,16,15,52,870,50,RD2000 (COUZEIX),,,Plein jour,Hors agglomération,Hors intersection,Normale,Autre collision,,,,,,,,,,,1,1,1,1,6
200600056879,0006-09-18 10:15:00,6,9,18,10,15,870,85,CONDAT (RUE DE),,,Plein jour,Hors agglomération,Hors intersection,Autre,Autre collision,,,,,,,,,,,1,1,1,9,6
200600056880,0006-09-19 04:00:00,6,9,19,4,0,870,85,"0, VALIN (AVENUE DU GENE",,,Nuit avec éclairage allumé,En agglomération,Hors intersection,Normale,Sans collision,,,,,,,,,,,5,2,1,1,7
200600056881,0006-09-19 08:03:00,6,9,19,8,3,870,85,"4, QUINET (RUE EDGAR)",,,Plein jour,En agglomération,Hors intersection,Normale,Autre collision,,,,,,,,,,,1,2,1,1,6
200600056882,0006-09-21 09:45:00,6,9,21,9,45,870,85,RN 141,,,Plein jour,Hors agglomération,Hors intersection,Normale,Deux véhicules - arrière,,,,,,,,,,,1,1,1,1,2
200600056883,0006-09-22 08:00:00,6,9,22,8,0,870,65,VALIN (AVENUE MARTIAL),,,Plein jour,En agglomération,Hors intersection,Pluie forte,Autre collision,,,,,,,,,,,1,2,1,3,6
200600056884,0006-09-24 05:30:00,6,9,24,5,30,870,75,RN 21,,,Nuit sans éclairage public,Hors agglomération,Hors intersection,Normale,Deux véhicules - côté,,,,,,,,,,,3,1,1,1,3
200600056885,0006-09-24 16:10:00,6,9,24,16,10,870,50,"1, MONTIN (ROUTE DU)",,,Plein jour,Hors agglomération,Intersection en X,Normale,Deux véhicules - frontale,,,,,,,,,,,1,1,2,1,1
200600056886,0006-09-24 18:50:00,6,9,24,18,50,870,85,"76, TOULOUSE (RUE DE)",,,Plein jour,Hors agglomération,Hors intersection,Pluie légère,Autre collision,,,,,,,,,,,1,1,1,2,6
200600056887,0006-09-25 09:36:00,6,9,25,9,36,870,85,AUTOROUTE A20,,,Plein jour,Hors agglomération,Hors intersection,Normale,Autre collision,,,,,,,,,,,1,1,1,1,6
200600056888,0006-09-26 19:40:00,6,9,26,19,40,870,75,RD79,,,Plein jour,Hors agglomération,Hors intersection,Normale,Deux véhicules - côté,,,,,,,,,,,1,1,1,1,3
200600056889,0006-09-27 13:09:00,6,9,27,13,9,870,85,"0, MENDES-FRANCE ( Rond",,,Plein jour,Hors agglomération,Autre intersection,Normale,Autre collision,,,,,,,,,,,1,1,9,1,6
200600056890,0006-09-29 16:58:00,6,9,29,16,58,870,85,VANTEAUX (BOULEVARD DE),,,Plein jour,En agglomération,Hors intersection,Normale,Deux véhicules - arrière,,,,,,,,,,,1,2,1,1,2
200600056891,0006-09-29 13:59:00,6,9,29,13,59,870,50,"8, CROIX DE LA MISSION (",,,Plein jour,En agglomération,Hors intersection,Normale,Autre collision,,,,,,,,,,,1,2,1,1,6
200600056892,0006-09-29 18:06:00,6,9,29,18,6,870,48,VERSANAS (LIEU DIT),,,Plein jour,Hors agglomération,Hors intersection,Normale,Autre collision,,,,,,,,,,,1,1,1,1,6
200600056893,0006-09-30 08:15:00,6,9,30,8,15,870,85,"119, RUBEN (AVENUE ERNES",,,Plein jour,En agglomération,Intersection en X,Normale,Deux véhicules - côté,,,,,,,,,,,1,2,2,1,3
200600056894,0006-09-18 15:50:00,6,9,18,15,50,880,160,"19BIS, BOULAY-DE-LA-MEUR",,,Plein jour,En agglomération,Intersection en X,Normale,Deux véhicules - côté,,,,,,,,,,,1,2,2,1,3
200600056895,0006-09-03 14:20:00,6,9,3,14,20,880,160,route de Gérardmer,,,Plein jour,Hors agglomération,Intersection en Y,Normale,Deux véhicules - côté,,,,,,,,,,,1,1,4,1,3
200600056896,0006-09-08 08:10:00,6,9,8,8,10,880,209,"28, LECLERC ( RUE GENERA",,,Plein jour,En agglomération,Hors intersection,Normale,Autre collision,,,,,,,,,,,1,2,1,1,6
200600056897,0006-09-13 11:05:00,6,9,13,11,5,880,160,"15, BOULAY-DE-LA-MEURTHE",,,Plein jour,En agglomération,Hors intersection,Normale,Autre collision,,,,,,,,,,,1,2,1,1,6
200600056898,0006-09-22 13:45:00,6,9,22,13,45,880,160,"31, DE-GAULLE (PL. ET AV",,,Plein jour,En agglomération,Intersection en X,Normale,Autre collision,,,,,,,,,,,1,2,2,1,6
200600056899,0006-09-07 10:15:00,6,9,7,10,15,880,383,"28, Route de Bussang",,,Plein jour,En agglomération,Hors intersection,Temps éblouissant,Deux véhicules - côté,,,,,,,,,,,1,2,1,7,3
200600056900,0006-09-09 18:05:00,6,9,9,18,5,880,413,"42, RUE DES 3 VILLES",,,Plein jour,En agglomération,Hors intersection,Normale,Trois véhicules et plus - collisions multiples,,,,,,,,,,,1,2,1,1,5
200600056901,0006-09-18 12:05:00,6,9,18,12,5,880,413,"5, Rue du Nouvel Hôpital",,,Plein jour,En agglomération,Hors intersection,Pluie légère,Trois véhicules et plus - collisions multiples,,,,,,,,,,,1,2,1,2,5
200600056902,0006-09-18 02:55:00,6,9,18,2,55,880,413,RN 59,,,Nuit sans éclairage public,Hors agglomération,Hors intersection,Pluie forte,Autre collision,,,,,,,,,,,3,1,1,3,6
200600056903,0006-09-05 09:00:00,6,9,5,9,0,890,24,"10, DAVOUT (BOULEVARD) N",,,Plein jour,En agglomération,Intersection en T,Normale,Deux véhicules - côté,,,,,,,,,,,1,2,3,1,3
200600056904,0006-09-14 13:50:00,6,9,14,13,50,890,24,"22, GALLIENI (BOULEVARD)",,,Plein jour,En agglomération,Hors intersection,Normale,Deux véhicules - arrière,,,,,,,,,,,1,2,1,1,2
200600056905,0006-09-06 09:50:00,6,9,6,9,50,890,387,"0, EMILE ZOLA (RUE)",,,Plein jour,En agglomération,Intersection en Y,Normale,Deux véhicules - arrière,,,,,,,,,,,1,2,4,1,2
200600056906,0006-09-07 18:05:00,6,9,7,18,5,890,387,"0, BEAUREPAIRE (RUE)",,,Plein jour,En agglomération,Hors intersection,Normale,Autre collision,,,,,,,,,,,1,2,1,1,6
200600056907,0006-09-24 07:40:00,6,9,24,7,40,890,342,"0, PARIS (RUE DE)",,,Plein jour,En agglomération,Hors intersection,Pluie légère,Deux véhicules - côté,,,,,,,,,,,1,2,1,2,3
200600056908,0006-09-02 20:05:00,6,9,2,20,5,900,10,"12, DE GAULLE (AVENUE DU",,,Nuit avec éclairage allumé,En agglomération,Hors intersection,Normale,Deux véhicules - côté,,,,,,,,,,,5,2,1,1,3
200600056909,0006-09-02 18:55:00,6,9,2,18,55,900,76,RN 19,,,Plein jour,En agglomération,Hors intersection,Normale,Autre collision,,,,,,,,,,,1,2,1,1,6
200600056910,0006-09-05 08:05:00,6,9,5,8,5,900,99,DE GAULLE (RUE DU GENERA,,,Plein jour,En agglomération,Hors intersection,Normale,Deux véhicules - côté,,,,,,,,,,,1,2,1,1,3
200600056911,0006-09-05 08:45:00,6,9,5,8,45,900,10,LAURENCIE (AVENUE CAPITA,,,Plein jour,En agglomération,Hors intersection,Normale,Deux véhicules - arrière,,,,,,,,,,,1,2,1,1,2
200600056912,0006-09-07 23:37:00,6,9,7,23,37,900,10,JOFFRE (BOULEVARD MARECH,,,Nuit avec éclairage allumé,En agglomération,Intersection en X,Normale,Deux véhicules - côté,,,,,,,,,,,5,2,2,1,3
200600056913,0006-09-08 07:50:00,6,9,8,7,50,900,10,"1, CHAMP DE MARS (AVENUE",,,Plein jour,En agglomération,Hors intersection,Normale,Autre collision,,,,,,,,,,,1,2,1,1,6
200600056914,0006-09-08 09:55:00,6,9,8,9,55,900,10,JAURES (AVENUE JEAN) DE,,,Plein jour,En agglomération,Hors intersection,Normale,Deux véhicules - arrière,,,,,,,,,,,1,2,1,1,2
200600056915,0006-09-08 11:58:00,6,9,8,11,58,900,10,"1, ALTKIRCH (AVENUE)",,,Plein jour,En agglomération,Hors intersection,Normale,Deux véhicules - côté,,,,,,,,,,,1,2,1,1,3
200600056916,0006-09-08 13:49:00,6,9,8,13,49,900,10,LECLERC (AVENUE),,,Plein jour,En agglomération,Intersection en T,Normale,Deux véhicules - côté,,,,,,,,,,,1,2,3,1,3
200600056917,0006-09-09 22:37:00,6,9,9,22,37,900,10,JAURES (AVENUE JEAN) A 1,,,Nuit avec éclairage allumé,En agglomération,Intersection en T,Normale,Deux véhicules - côté,,,,,,,,,,,5,2,3,1,3
200600056918,0006-09-12 17:30:00,6,9,12,17,30,900,10,"01, MIELLET (AVENUE)",,,Plein jour,En agglomération,Hors intersection,Normale,Deux véhicules - côté,,,,,,,,,,,1,2,1,1,3
200600056919,0006-09-12 18:15:00,6,9,12,18,15,900,10,"6, LESCOT (RUE PIERRE)",,,Plein jour,En agglomération,Hors intersection,Normale,Autre collision,,,,,,,,,,,1,2,1,1,6
200600056920,0006-09-12 18:25:00,6,9,12,18,25,900,10,"10, GAMBIEZ (RUE)",,,Plein jour,En agglomération,Hors intersection,Normale,Deux véhicules - côté,,,,,,,,,,,1,2,1,1,3
200600056921,0006-09-18 09:55:00,6,9,18,9,55,900,10,"09, FONTAINE (RUE JEAN D",,,Plein jour,En agglomération,Hors intersection,Pluie légère,Autre collision,,,,,,,,,,,1,2,1,2,6
200600056922,0006-09-19 17:25:00,6,9,19,17,25,900,32,DE GAULLE (RUE DU GENERA,,,Nuit avec éclairage allumé,En agglomération,Intersection en T,Normale,Deux véhicules - côté,,,,,,,,,,,5,2,3,1,3
200600056923,0006-09-20 11:50:00,6,9,20,11,50,900,10,"1, JUIN (AVENUE DU MAREC",,,Plein jour,En agglomération,Intersection en T,Normale,Deux véhicules - côté,,,,,,,,,,,1,2,3,1,3
200600056924,0006-09-22 18:00:00,6,9,22,18,0,900,32,"1, EGALITE (RUE DE L')",,,Plein jour,En agglomération,Hors intersection,Normale,Autre collision,,,,,,,,,,,1,2,1,1,6
200600056925,0006-09-27 17:05:00,6,9,27,17,5,900,39,"61, DE GAULLE (RUE DU GE",,,Plein jour,En agglomération,Hors intersection,Normale,Trois véhicules et plus - en chaîne,,,,,,,,,,,1,2,1,1,4
200600056926,0006-09-29 20:20:00,6,9,29,20,20,900,10,LAURENCIE (AVENUE CAPITA,,,Nuit avec éclairage allumé,En agglomération,Intersection en X,Normale,Deux véhicules - frontale,,,,,,,,,,,5,2,2,1,1
200600056927,0006-09-01 17:55:00,6,9,1,17,55,910,339,"90, LEUVILLE (ROUTE DE)",,,Plein jour,En agglomération,Intersection en X,Normale,Sans collision,,,,,,,,,,,1,2,2,1,7
200600056928,0006-09-06 10:30:00,6,9,6,10,30,910,347,MONTLHERY (ROUTE DE),,,Plein jour,En agglomération,Hors intersection,Normale,Autre collision,,,,,,,,,,,1,2,1,1,6
200600056929,0006-09-09 12:10:00,6,9,9,12,10,910,103,"50, ALLENDE SALVADOR (RU",,,Plein jour,En agglomération,Hors intersection,Normale,Deux véhicules - frontale,,,,,,,,,,,1,2,1,1,1
200600056930,0006-09-09 01:50:00,6,9,9,1,50,910,103,"10, PATURES (CHEMIN DES)",,,Nuit sans éclairage public,Hors agglomération,Hors intersection,Normale,Deux véhicules - frontale,,,,,,,,,,,3,1,1,1,1
200600056931,0006-09-29 17:40:00,6,9,29,17,40,910,425,"20, TEMPLIERS (ROUTE DES",,,Plein jour,En agglomération,Hors intersection,Normale,Deux véhicules - côté,,,,,,,,,,,1,2,1,1,3
200600056932,0006-09-01 20:55:00,6,9,1,20,55,910,114,FORET (AVENUE DE LA),,,Crépuscule ou aube,En agglomération,Hors intersection,Normale,Sans collision,,,,,,,,,,,2,2,1,1,7
200600056933,0006-09-11 12:30:00,6,9,11,12,30,910,174,"0, LEON CASSE(PLACE)",,,Plein jour,En agglomération,Giratoire,Normale,Autre collision,,,,,,,,,,,1,2,6,1,6
200600056934,0006-09-15 13:10:00,6,9,15,13,10,910,174,"0, ALSACE LORRAINE (RUE",,,Plein jour,En agglomération,Intersection en T,Normale,Deux véhicules - côté,,,,,,,,,,,1,2,3,1,3
200600056935,0006-09-24 12:10:00,6,9,24,12,10,910,174,"0, ARMEE PATTON (PONT DE",,,Plein jour,En agglomération,Hors intersection,Normale,Trois véhicules et plus - en chaîne,,,,,,,,,,,1,2,1,1,4
200600056936,0006-09-08 18:15:00,6,9,8,18,15,910,657,PAUL VAILLANT COUTURIER,,,Plein jour,En agglomération,Intersection en X,Normale,Deux véhicules - côté,,,,,,,,,,,1,2,2,1,3
200600056937,0006-09-10 07:15:00,6,9,10,7,15,910,657,TOURELLE (AVENUE DE LA ),,,Plein jour,En agglomération,Hors intersection,Normale,Autre collision,,,,,,,,,,,1,2,1,1,6
200600056938,0006-09-10 15:45:00,6,9,10,15,45,910,201,MAINVILLE(RUE DE),,,Plein jour,En agglomération,Hors intersection,Normale,Autre collision,,,,,,,,,,,1,2,1,1,6
200600056939,0006-09-14 08:30:00,6,9,14,8,30,910,657,HENRI CHARON (AVENUE),,,Plein jour,En agglomération,Intersection en X,Normale,Deux véhicules - frontale,,,,,,,,,,,1,2,2,1,1
200600056940,0006-09-15 15:55:00,6,9,15,15,55,910,201,REPUBLIQUE (PLACE DE LA),,,Plein jour,En agglomération,Hors intersection,Normale,Autre collision,,,,,,,,,,,1,2,1,1,6
200600056941,0006-09-18 19:20:00,6,9,18,19,20,910,657,PRESIDENT ROBERT LAKOTA,,,Plein jour,En agglomération,Hors intersection,Normale,Deux véhicules - frontale,,,,,,,,,,,1,2,1,1,1
200600056942,0006-09-19 12:00:00,6,9,19,12,0,910,657,HENRI BARBUSSE (AVENUE),,,Plein jour,En agglomération,Hors intersection,Normale,Deux véhicules - arrière,,,,,,,,,,,1,2,1,1,2
200600056943,0006-09-19 17:05:00,6,9,19,17,5,910,201,PREMIERE ARMEE FRANCAISE,,,Plein jour,En agglomération,Hors intersection,Normale,Autre collision,,,,,,,,,,,1,2,1,1,6
200600056944,0006-09-20 19:00:00,6,9,20,19,0,910,657,TOURELLE (AVENUE DE LA ),,,Plein jour,En agglomération,Intersection en T,Normale,Deux véhicules - côté,,,,,,,,,,,1,2,3,1,3
200600056945,0006-09-27 16:20:00,6,9,27,16,20,910,657,HENRI BARBUSSE (AVENUE),,,Plein jour,En agglomération,Hors intersection,Normale,Deux véhicules - arrière,,,,,,,,,,,1,2,1,1,2
200600056946,0006-09-02 22:50:00,6,9,2,22,50,910,223,"36 bis, PASTEUR (BOULEVA",,,Nuit avec éclairage allumé,En agglomération,Hors intersection,Normale,Autre collision,,,,,,,,,,,5,2,1,1,6
200600056947,0006-09-06 12:25:00,6,9,6,12,25,910,469,D721,,,Plein jour,Hors agglomération,Intersection en X,Normale,Trois véhicules et plus - collisions multiples,,,,,,,,,,,1,1,2,1,5
200600056948,0006-09-12 09:30:00,6,9,12,9,30,910,223,"1, GEOFFROY ST HILAIRE (",,,Plein jour,En agglomération,Hors intersection,Normale,Autre collision,,,,,,,,,,,1,2,1,1,6
200600056949,0006-09-20 19:30:00,6,9,20,19,30,910,223,"1, NOISETIERS (ALLEE DES",,,Plein jour,En agglomération,Hors intersection,Normale,Autre collision,,,,,,,,,,,1,2,1,1,6
200600056950,0006-09-27 14:55:00,6,9,27,14,55,910,223,"5, LIBECCIO (RUE DU)",,,Plein jour,En agglomération,Hors intersection,Normale,Sans collision,,,,,,,,,,,1,2,1,1,7
200600056951,0006-09-05 16:10:00,6,9,5,16,10,910,228,"., MITTERAND (BD FRANCOI",,,Plein jour,En agglomération,Intersection en X,Normale,Deux véhicules - côté,,,,,,,,,,,1,2,2,1,3
200600056952,0006-09-09 19:40:00,6,9,9,19,40,910,521,"., NORMANDIE (RUE DE)",,,Crépuscule ou aube,En agglomération,Intersection en T,Normale,Autre collision,,,,,,,,,,,2,2,3,1,6
200600056953,0006-09-10 15:40:00,6,9,10,15,40,910,228,"63, BONAVENTURE DELAGE (",,,Plein jour,En agglomération,Hors intersection,Normale,Autre collision,,,,,,,,,,,1,2,1,1,6
200600056954,0006-09-13 21:40:00,6,9,13,21,40,910,228,"., RN7",,,Nuit avec éclairage allumé,En agglomération,Hors intersection,Pluie légère,Deux véhicules - côté,,,,,,,,,,,5,2,1,2,3
200600056955,0006-09-15 18:20:00,6,9,15,18,20,910,521,"34, CHATEAU D'EAU (RUE D",,,Plein jour,En agglomération,Hors intersection,Pluie légère,Autre collision,,,,,,,,,,,1,2,1,2,6
200600056956,0006-09-25 08:55:00,6,9,25,8,55,910,228,"., NOWY TARG (AVENUE)",,,Plein jour,En agglomération,Hors intersection,Normale,Autre collision,,,,,,,,,,,1,2,1,1,6
200600056957,0006-09-27 05:50:00,6,9,27,5,50,910,228,"., INTERNATIONALE (RUE D",,,Nuit avec éclairage allumé,En agglomération,Hors intersection,Normale,Autre collision,,,,,,,,,,,5,2,1,1,6
200600056958,0006-09-01 12:20:00,6,9,1,12,20,910,687,"29, GENERAL DE GAULLE (A",,,Plein jour,En agglomération,Hors intersection,Normale,Trois véhicules et plus - en chaîne,,,,,,,,,,,1,2,1,1,4
200600056959,0006-09-07 10:00:00,6,9,7,10,0,910,687,"0, GUYNEMER (BOULEVARD)",,,Plein jour,En agglomération,Giratoire,Normale,Autre collision,,,,,,,,,,,1,2,6,1,6
200600056960,0006-09-15 15:30:00,6,9,15,15,30,910,687,"000, RN 445",,,Plein jour,En agglomération,Hors intersection,Normale,Autre collision,,,,,,,,,,,1,2,1,1,6
200600056961,0006-09-24 19:25:00,6,9,24,19,25,910,687,"000, BUISSON AU BORGNE (",,,Plein jour,En agglomération,Intersection en X,Normale,Autre collision,,,,,,,,,,,1,2,2,1,6
200600056962,0006-09-29 18:15:00,6,9,29,18,15,910,434,"000, SALVADOR ALLENDE (R",,,Plein jour,En agglomération,Hors intersection,Normale,Autre collision,,,,,,,,,,,1,2,1,1,6
200600056963,0006-09-02 16:20:00,6,9,2,16,20,910,161,"1, MONTESPAN (PLACE)",,,Plein jour,En agglomération,Hors intersection,Normale,Autre collision,,,,,,,,,,,1,2,1,1,6
200600056964,0006-09-13 11:00:00,6,9,13,11,0,910,345,"1, PRESIDENT FRANCOIS MI",,,Plein jour,En agglomération,Hors intersection,Normale,Autre collision,,,,,,,,,,,1,2,1,1,6
200600056965,0006-09-09 17:00:00,6,9,9,17,0,910,377,"31 bis, GILBERT (RUE HEN",,,Plein jour,En agglomération,Hors intersection,Normale,Trois véhicules et plus - en chaîne,,,,,,,,,,,1,2,1,1,4
200600056966,0006-09-07 21:10:00,6,9,7,21,10,910,421,", MAINVILLE (RUE DE)",,,Nuit avec éclairage allumé,En agglomération,Hors intersection,Normale,Autre collision,,,,,,,,,,,5,2,1,1,6
200600056967,0006-09-10 16:35:00,6,9,10,16,35,910,191,CENTRE COMMERCIAL,,,Plein jour,Hors agglomération,Hors intersection,Normale,Deux véhicules - frontale,,,,,,,,,,,1,1,1,1,1
200600056968,0006-09-14 19:00:00,6,9,14,19,0,910,191,ROND POINT,,,Plein jour,Hors agglomération,Hors intersection,Normale,Sans collision,,,,,,,,,,,1,1,1,1,7
200600056969,0006-09-18 08:52:00,6,9,18,8,52,910,691,RAYMOND POINCARE(RUE),,,Plein jour,En agglomération,Intersection en X,Normale,Sans collision,,,,,,,,,,,1,2,2,1,7
200600056970,0006-09-22 21:20:00,6,9,22,21,20,910,691,"31 bis, GARE(RUE)",,,Nuit avec éclairage allumé,En agglomération,Hors intersection,Normale,Autre collision,,,,,,,,,,,5,2,1,1,6
200600056971,0006-09-24 17:00:00,6,9,24,17,0,910,691,"00, GENERAL LECLER(RUE)",,,Plein jour,En agglomération,Intersection en X,Normale,Deux véhicules - côté,,,,,,,,,,,1,2,2,1,3
200600056972,0006-09-24 22:20:00,6,9,24,22,20,910,421,REPUBLIQUE (AVENUE DE LA,,,Nuit avec éclairage allumé,En agglomération,Intersection en T,Pluie légère,Deux véhicules - côté,,,,,,,,,,,5,2,3,2,3
200600056973,0006-09-25 17:30:00,6,9,25,17,30,910,421,NATIONALE 6 (PARTIE FORE,,,Plein jour,Hors agglomération,Hors intersection,Normale,Sans collision,,,,,,,,,,,1,1,1,1,7
200600056974,0006-09-25 21:10:00,6,9,25,21,10,910,691,"102, RAYMOND POINCARE(RU",,,Nuit avec éclairage allumé,En agglomération,Hors intersection,Normale,Sans collision,,,,,,,,,,,5,2,1,1,7
200600056975,0006-09-25 17:20:00,6,9,25,17,20,910,691,HOCHE(RUE),,,Plein jour,En agglomération,Intersection en X,Normale,Deux véhicules - côté,,,,,,,,,,,1,2,2,1,3
200600056976,0006-09-27 21:35:00,6,9,27,21,35,910,691,"49, RENE COTY(RUE)",,,Nuit avec éclairage allumé,En agglomération,Hors intersection,Normale,Autre collision,,,,,,,,,,,5,2,1,1,6
200600056977,0006-09-29 21:35:00,6,9,29,21,35,910,421,NATIONALE 6 (GLACIERE),,,Nuit avec éclairage allumé,Hors agglomération,Hors intersection,Normale,Trois véhicules et plus - collisions multiples,,,,,,,,,,,5,1,1,1,5
200600056978,0006-09-30 09:00:00,6,9,30,9,0,910,691,CARNOT(RUE),,,Plein jour,En agglomération,Intersection en X,Normale,Deux véhicules - côté,,,,,,,,,,,1,2,2,1,3
200600056979,0006-09-05 11:15:00,6,9,5,11,15,910,692,"10, OCEANIE (AVENUE DE L",,,Plein jour,En agglomération,Hors intersection,Normale,Deux véhicules - arrière,,,,,,,,,,,1,2,1,1,2
200600056980,0006-09-08 19:30:00,6,9,8,19,30,910,471,"27, VERSAILLES (RUE DE)",,,Plein jour,En agglomération,Hors intersection,Normale,Sans collision,,,,,,,,,,,1,2,1,1,7
200600056981,0006-09-20 19:35:00,6,9,20,19,35,910,692,CD35,,,Plein jour,Hors agglomération,Giratoire,Normale,Deux véhicules - arrière,,,,,,,,,,,1,1,6,1,2
200600056982,0006-09-15 17:00:00,6,9,15,17,0,910,692,"FACE AU 1, SAINTONGE(AVE",,,Plein jour,En agglomération,Hors intersection,Normale,Autre collision,,,,,,,,,,,1,2,1,1,6
200600056983,0006-09-21 12:45:00,6,9,21,12,45,910,477,"40, STALINGRAD (AVENUE D",,,Plein jour,En agglomération,Hors intersection,Normale,Deux véhicules - côté,,,,,,,,,,,1,2,1,1,3
200600056984,0006-09-14 17:15:00,6,9,14,17,15,910,645,FOCH (BOULEVARD DU MAREC,,,Plein jour,En agglomération,Hors intersection,Normale,Deux véhicules - côté,,,,,,,,,,,1,2,1,1,3
200600056985,0006-09-20 16:50:00,6,9,20,16,50,910,471,"22, ARCHANGE (RUE)",,,Plein jour,En agglomération,Hors intersection,Normale,Trois véhicules et plus - collisions multiples,,,,,,,,,,,1,2,1,1,5
200600056986,0006-09-23 11:40:00,6,9,23,11,40,910,471,"111, PARIS (RUE DE)",,,Plein jour,En agglomération,Hors intersection,Normale,Autre collision,,,,,,,,,,,1,2,1,1,6
200600056987,0006-09-28 14:45:00,6,9,28,14,45,910,471,"0, CHARTRES (ROUTE DE)",,,Plein jour,En agglomération,Intersection en X,Normale,Deux véhicules - côté,,,,,,,,,,,1,2,2,1,3
200600056988,0006-09-01 23:00:00,6,9,1,23,0,910,667,CORBEIL (ROUTE),,,Nuit avec éclairage allumé,En agglomération,Hors intersection,Normale,Deux véhicules - arrière,,,,,,,,,,,5,2,1,1,2
200600056989,0006-09-07 01:25:00,6,9,7,1,25,910,549,"1, PIERRE SEMARD (RUE)",,,Nuit avec éclairage allumé,En agglomération,Hors intersection,Normale,Autre collision,,,,,,,,,,,5,2,1,1,6
200600056990,0006-09-08 11:30:00,6,9,8,11,30,910,549,"1, LIBERTE (AVENUE DE LA",,,Plein jour,En agglomération,Hors intersection,Normale,Deux véhicules - côté,,,,,,,,,,,1,2,1,1,3
200600056991,0006-09-08 15:20:00,6,9,8,15,20,910,667,"1, CORBEIL (ROUTE)",,,Plein jour,En agglomération,Intersection en X,Normale,Deux véhicules - côté,,,,,,,,,,,1,2,2,1,3
200600056992,0006-09-09 21:35:00,6,9,9,21,35,910,216,GRANDE RUE,,,Nuit avec éclairage allumé,En agglomération,Hors intersection,Normale,Deux véhicules - côté,,,,,,,,,,,5,2,1,1,3
200600056993,0006-09-21 19:35:00,6,9,21,19,35,910,570,"1, LIERS (RUE)",,,Crépuscule ou aube,En agglomération,Hors intersection,Normale,Deux véhicules - côté,,,,,,,,,,,2,2,1,1,3
200600056994,0006-09-26 08:10:00,6,9,26,8,10,910,549,"117, CORBEIL (ROUTE DE)",,,Plein jour,En agglomération,Hors intersection,Normale,Sans collision,,,,,,,,,,,1,2,1,1,7
200600056995,0006-09-11 18:35:00,6,9,11,18,35,910,432,DE GAULLE  (AVENUE CHARL,,,Plein jour,En agglomération,Intersection en X,Normale,Deux véhicules - côté,,,,,,,,,,,1,2,2,1,3
200600056996,0006-09-19 13:10:00,6,9,19,13,10,910,589,LONGJUMEAU (AVENUE DE),,,Plein jour,En agglomération,Intersection en X,Autre,Deux véhicules - côté,,,,,,,,,,,1,2,2,9,3