accident_id,datetime,annee,mois,jour,heure,minute,departement,commune_insee,adresse,latitude,longitude,luminosite,agglomeration,intersection,meteo,collision,nb_vehicules,nb_usagers,nb_indemnes,nb_tues,nb_blesses_hosp,nb_blesses_legers,age_cond_1,age_cond_2,veh_type_cond_1,veh_type_cond_2,lum_code,agg_code,int_code,atm_code,col_code
200600056997,0006-09-02 20:17:00,6,9,2,20,17,920,2,VELPEAU (RUE),,,Nuit avec éclairage allumé,En agglomération,Hors intersection,Temps couvert,Autre collision,,,,,,,,,,,5,2,1,8,6
200600056998,0006-09-04 18:15:00,6,9,4,18,15,920,2,DIVISION LECLERC (53 A 2,,,Plein jour,En agglomération,Hors intersection,Normale,Deux véhicules - arrière,,,,,,,,,,,1,2,1,1,2
200600056999,0006-09-11 12:46:00,6,9,11,12,46,920,2,"90, DIVISION LECLERC (53",,,Plein jour,En agglomération,Hors intersection,Normale,Deux véhicules - côté,,,,,,,,,,,1,2,1,1,3
200600057000,0006-09-16 15:45:00,6,9,16,15,45,920,2,AUGUSTE MOUNIE (RUE),,,Plein jour,En agglomération,Hors intersection,Normale,Autre collision,,,,,,,,,,,1,2,1,1,6
200600057001,0006-09-27 11:05:00,6,9,27,11,5,920,2,GENERAL DE GAULLE (AVENU,,,Plein jour,En agglomération,Hors intersection,Normale,Deux véhicules - arrière,,,,,,,,,,,1,2,1,1,2
200600057002,0006-09-02 17:05:00,6,9,2,17,5,920,4,"32, REDOUTE ( AVENUE DE",,,Plein jour,En agglomération,Hors intersection,Normale,Autre collision,,,,,,,,,,,1,2,1,1,6
200600057003,0006-09-03 20:30:00,6,9,3,20,30,920,4,"NR, LAURENT-CELY  ( AVEN",,,Nuit avec éclairage allumé,En agglomération,Intersection en T,Normale,Deux véhicules - côté,,,,,,,,,,,5,2,3,1,3
200600057004,0006-09-05 17:40:00,6,9,5,17,40,920,9,"13, AMIRAL COURBET  ( RU",,,Plein jour,En agglomération,Hors intersection,Normale,Autre collision,,,,,,,,,,,1,2,1,1,6
200600057005,0006-09-08 08:15:00,6,9,8,8,15,920,9,"NR, HENRI LITOLFF ( RUE",,,Plein jour,En agglomération,Intersection en T,Normale,Deux véhicules - côté,,,,,,,,,,,1,2,3,1,3
200600057006,0006-09-08 15:40:00,6,9,8,15,40,920,4,"9, GABRIEL PERI (AVE )",,,Plein jour,En agglomération,Hors intersection,Normale,Autre collision,,,,,,,,,,,1,2,1,1,6
200600057007,0006-09-08 15:41:00,6,9,8,15,41,920,4,"1, REDOUTE ( AVENUE DE L",,,Plein jour,En agglomération,Intersection en X,Normale,Deux véhicules - côté,,,,,,,,,,,1,2,2,1,3
200600057008,0006-09-09 15:00:00,6,9,9,15,0,920,4,"3, LOUIS VION",,,Plein jour,En agglomération,Hors intersection,Normale,Sans collision,,,,,,,,,,,1,2,1,1,7
200600057009,0006-09-14 07:15:00,6,9,14,7,15,920,4,"143, MENIL",,,Plein jour,En agglomération,Intersection en T,Normale,Autre collision,,,,,,,,,,,1,2,3,1,6
200600057010,0006-09-18 18:20:00,6,9,18,18,20,920,4,DOCTEUR DERVAUX  ( QUAI,,,Plein jour,En agglomération,Hors intersection,Normale,Autre collision,,,,,,,,,,,1,2,1,1,6
200600057011,0006-09-22 22:25:00,6,9,22,22,25,920,4,MARNE   ( AVENUE DE LA ),,,Plein jour,En agglomération,Intersection en X,Normale,Autre collision,,,,,,,,,,,1,2,2,1,6
200600057012,0006-09-29 03:45:00,6,9,29,3,45,920,4,"162, ARGENTEUIL AV D'",,,Nuit avec éclairage allumé,En agglomération,Hors intersection,Normale,Autre collision,,,,,,,,,,,5,2,1,1,6
200600057013,0006-09-15 08:05:00,6,9,15,8,5,920,7,"10, BRIAND (AVENUE ARIST",,,Plein jour,En agglomération,Intersection en X,Normale,Deux véhicules - frontale,,,,,,,,,,,1,2,2,1,1
200600057014,0006-09-15 16:25:00,6,9,15,16,25,920,7,"91, RAVERA (AVENUE HENRI",,,Plein jour,En agglomération,Hors intersection,Normale,Autre collision,,,,,,,,,,,1,2,1,1,6
200600057015,0006-09-01 16:05:00,6,9,1,16,5,920,12,"11, JEAN JAURES (BOULEVA",,,Crépuscule ou aube,En agglomération,Hors intersection,Normale,Autre collision,,,,,,,,,,,2,2,1,1,6
200600057016,0006-09-09 19:15:00,6,9,9,19,15,920,12,"240, JEAN JAURES (BOULEV",,,Crépuscule ou aube,En agglomération,Hors intersection,Normale,Trois véhicules et plus - collisions multiples,,,,,,,,,,,2,2,1,1,5
200600057017,0006-09-06 15:45:00,6,9,6,15,45,920,12,"FACE 33, PIERRE GRENIER",,,Plein jour,En agglomération,Hors intersection,Normale,Autre collision,,,,,,,,,,,1,2,1,1,6
200600057018,0006-09-08 19:00:00,6,9,8,19,0,920,12,"166, SILLY (RUE DE) 89/F",,,Nuit avec éclairage allumé,En agglomération,Hors intersection,Normale,Deux véhicules - côté,,,,,,,,,,,5,2,1,1,3
200600057019,0006-09-09 12:05:00,6,9,9,12,5,920,12,"1, PONT DE BILLANCOURT (",,,Plein jour,En agglomération,Hors intersection,Normale,Deux véhicules - arrière,,,,,,,,,,,1,2,1,1,2
200600057020,0006-09-12 12:15:00,6,9,12,12,15,920,12,"110, JEAN JAURES (BOULEV",,,Plein jour,En agglomération,Hors intersection,Normale,Autre collision,,,,,,,,,,,1,2,1,1,6
200600057021,0006-09-12 12:45:00,6,9,12,12,45,920,12,"1, CARNOT (RUE)",,,Plein jour,En agglomération,Intersection en X,Normale,Deux véhicules - frontale,,,,,,,,,,,1,2,2,1,1
200600057022,0006-09-12 14:35:00,6,9,12,14,35,920,12,RHIN ET DANUBE (ROND POI,,,Plein jour,Hors agglomération,Hors intersection,Normale,Autre collision,,,,,,,,,,,1,1,1,1,6
200600057023,0006-09-11 17:40:00,6,9,11,17,40,920,12,"28, TILLEULS (RUE DES) 1",,,Plein jour,En agglomération,Hors intersection,Normale,Autre collision,,,,,,,,,,,1,2,1,1,6
200600057024,0006-09-20 07:00:00,6,9,20,7,0,920,12,"62, JEAN JAURES (BOULEVA",,,Plein jour,En agglomération,Intersection en X,Normale,Trois véhicules et plus - collisions multiples,,,,,,,,,,,1,2,2,1,5
200600057025,0006-09-25 08:10:00,6,9,25,8,10,920,12,"07, STALINGRAD (QUAI DE)",,,Plein jour,En agglomération,Hors intersection,Normale,Sans collision,,,,,,,,,,,1,2,1,1,7
200600057026,0006-09-23 00:30:00,6,9,23,0,30,920,12,"85, JEAN BAPTISTE CLEMEN",,,Nuit avec éclairage allumé,En agglomération,Hors intersection,Normale,Autre collision,,,,,,,,,,,5,2,1,1,6
200600057027,0006-09-26 11:50:00,6,9,26,11,50,920,12,JEAN JAURES (BOULEVARD),,,Plein jour,En agglomération,Hors intersection,Normale,Autre collision,,,,,,,,,,,1,2,1,1,6
200600057028,0006-09-26 07:45:00,6,9,26,7,45,920,12,"2, REINE (ROUTE DE LA) 8",,,Plein jour,En agglomération,Intersection en X,Normale,Deux véhicules - côté,,,,,,,,,,,1,2,2,1,3
200600057029,0006-09-25 13:15:00,6,9,25,13,15,920,12,"11, STALINGRAD (QUAI DE)",,,Plein jour,En agglomération,Hors intersection,Normale,Sans collision,,,,,,,,,,,1,2,1,1,7
200600057030,0006-09-29 11:40:00,6,9,29,11,40,920,12,"56, SEVRES (RUE DE) 55BI",,,Plein jour,En agglomération,Hors intersection,Normale,Autre collision,,,,,,,,,,,1,2,1,1,6
200600057031,0006-09-29 10:39:00,6,9,29,10,39,920,12,"1, GALLIENI (RUE) 1/53 -",,,Plein jour,En agglomération,Hors intersection,Normale,Autre collision,,,,,,,,,,,1,2,1,1,6
200600057032,0006-09-03 21:20:00,6,9,3,21,20,920,12,"27, PIERRE GRENIER (AVEN",,,Nuit avec éclairage allumé,En agglomération,Hors intersection,Normale,Deux véhicules - arrière,,,,,,,,,,,5,2,1,1,2
200600057033,0006-09-08 10:25:00,6,9,8,10,25,920,19,BOIS (AVENUE DU),,,Plein jour,En agglomération,Intersection en T,Normale,Deux véhicules - arrière,,,,,,,,,,,1,2,3,1,2
200600057034,0006-09-08 18:00:00,6,9,8,18,0,920,19,BOURSIDIERE (ROUTE DE LA,,,Plein jour,Hors agglomération,Hors intersection,Normale,Trois véhicules et plus - en chaîne,,,,,,,,,,,1,1,1,1,4
200600057035,0006-09-19 08:40:00,6,9,19,8,40,920,32,DOLIVET J ET M (AVENUE),,,Plein jour,En agglomération,Hors intersection,Pluie légère,Deux véhicules - arrière,,,,,,,,,,,1,2,1,2,2
200600057036,0006-09-19 18:40:00,6,9,19,18,40,920,32,"84, FOCH MARECHAL (AVENU",,,Plein jour,En agglomération,Hors intersection,Normale,Autre collision,,,,,,,,,,,1,2,1,1,6
200600057037,0006-09-21 12:20:00,6,9,21,12,20,920,19,"440, DIVISION LECLERC (A",,,Plein jour,En agglomération,Hors intersection,Normale,Deux véhicules - arrière,,,,,,,,,,,1,2,1,1,2
200600057038,0006-09-22 07:20:00,6,9,22,7,20,920,71,"170, GENERAL LECLERC (AV",,,Crépuscule ou aube,En agglomération,Hors intersection,Normale,Autre collision,,,,,,,,,,,2,2,1,1,6
200600057039,0006-09-24 12:30:00,6,9,24,12,30,920,71,Avenue Paul LANGEVIN,,,Plein jour,En agglomération,Hors intersection,Normale,Autre collision,,,,,,,,,,,1,2,1,1,6
200600057040,0006-09-06 11:15:00,6,9,6,11,15,920,23,"40, DIVISION LECLERC (RU",,,Plein jour,En agglomération,Hors intersection,Normale,Autre collision,,,,,,,,,,,1,2,1,1,6
200600057041,0006-09-08 22:40:00,6,9,8,22,40,920,23,"., GENERAL DE GAULLE (AV",,,Nuit avec éclairage non allumé,En agglomération,Intersection en T,Normale,Deux véhicules - côté,,,,,,,,,,,4,2,3,1,3
200600057042,0006-09-12 11:20:00,6,9,12,11,20,920,60,RESISTANCE (AVENUE DE LA,,,Plein jour,En agglomération,Hors intersection,Normale,Autre collision,,,,,,,,,,,1,2,1,1,6
200600057043,0006-09-12 14:00:00,6,9,12,14,0,920,23,PAVE BLANC (ROUTE DU) N°,,,Plein jour,En agglomération,Intersection en T,Normale,Deux véhicules - côté,,,,,,,,,,,1,2,3,1,3
200600057044,0006-09-20 09:00:00,6,9,20,9,0,920,23,"288, GENERAL DE GAULLE (",,,Plein jour,En agglomération,Hors intersection,Brouillard / fumée,Autre collision,,,,,,,,,,,1,2,1,5,6
200600057045,0006-09-26 15:30:00,6,9,26,15,30,920,23,PYRENEES (ALLEE DES),,,Plein jour,En agglomération,Autre intersection,Normale,Deux véhicules - côté,,,,,,,,,,,1,2,9,1,3
200600057046,0006-09-26 15:40:00,6,9,26,15,40,920,60,PAUL LANGEVIN (AVENUE) (,,,Plein jour,En agglomération,Intersection en X,Normale,Deux véhicules - côté,,,,,,,,,,,1,2,2,1,3
200600057047,0006-09-29 17:30:00,6,9,29,17,30,920,60,PAUL LANGEVIN (AVENUE) (,,,Plein jour,En agglomération,Intersection en X,Normale,Deux véhicules - côté,,,,,,,,,,,1,2,2,1,3
200600057048,0006-09-05 23:30:00,6,9,5,23,30,920,24,", MARTRE (RUE) DE (59 A",,,Nuit avec éclairage allumé,En agglomération,Hors intersection,Normale,Deux véhicules - côté,,,,,,,,,,,5,2,1,1,3
200600057049,0006-09-14 00:35:00,6,9,14,0,35,920,24,"00, ASNIERES (ROUTE D')",,,Nuit avec éclairage allumé,En agglomération,Intersection en X,Normale,Deux véhicules - arrière,,,,,,,,,,,5,2,2,1,2
200600057050,0006-09-14 13:00:00,6,9,14,13,0,920,24,"50, MARTRE DE (4 A 54)",,,Plein jour,En agglomération,Hors intersection,Normale,Autre collision,,,,,,,,,,,1,2,1,1,6
200600057051,0006-09-14 15:00:00,6,9,14,15,0,920,24,"7, ASNIERES (ROUTE D')",,,Plein jour,En agglomération,Hors intersection,Normale,Deux véhicules - arrière,,,,,,,,,,,1,2,1,1,2
200600057052,0006-09-20 10:40:00,6,9,20,10,40,920,24,"43, GENERAL LECLERC (BD",,,Plein jour,En agglomération,Hors intersection,Normale,Sans collision,,,,,,,,,,,1,2,1,1,7
200600057053,0006-09-22 09:00:00,6,9,22,9,0,920,24,"34, MADAME DE SANZILLON",,,Plein jour,En agglomération,Autre intersection,Normale,Deux véhicules - côté,,,,,,,,,,,1,2,9,1,3
200600057054,0006-09-27 12:45:00,6,9,27,12,45,920,24,"34, RUE DU 08 MAI 1945",,,Plein jour,En agglomération,Intersection en T,Normale,Autre collision,,,,,,,,,,,1,2,3,1,6
200600057055,0006-09-28 16:10:00,6,9,28,16,10,920,24,"34, CLICHY (QUAI DE) DE",,,Plein jour,En agglomération,Hors intersection,Normale,Trois véhicules et plus - en chaîne,,,,,,,,,,,1,2,1,1,4
200600057056,0006-09-14 05:15:00,6,9,14,5,15,920,25,KLEBER (AV),,,Nuit avec éclairage allumé,En agglomération,Hors intersection,Normale,Deux véhicules - côté,,,,,,,,,,,5,2,1,1,3
200600057057,0006-09-18 17:40:00,6,9,18,17,40,920,25,DESMOND DUPONT (RUE),,,Plein jour,En agglomération,Hors intersection,Normale,Autre collision,,,,,,,,,,,1,2,1,1,6
200600057058,0006-09-18 19:05:00,6,9,18,19,5,920,25,LAPLACE (RUE),,,Plein jour,En agglomération,Intersection en T,Normale,Deux véhicules - frontale,,,,,,,,,,,1,2,3,1,1
200600057059,0006-09-18 21:30:00,6,9,18,21,30,920,25,"185, PRESIDENT SALVADOR",,,Nuit avec éclairage allumé,En agglomération,Hors intersection,Normale,Deux véhicules - côté,,,,,,,,,,,5,2,1,1,3
200600057060,0006-09-23 12:35:00,6,9,23,12,35,920,25,"466, GABRIEL PERI (RUE)",,,Plein jour,En agglomération,Hors intersection,Normale,Deux véhicules - côté,,,,,,,,,,,1,2,1,1,3
200600057061,0006-09-26 18:10:00,6,9,26,18,10,920,25,"147, HENRI BARBUSSE (AV)",,,Plein jour,En agglomération,Hors intersection,Normale,Trois véhicules et plus - collisions multiples,,,,,,,,,,,1,2,1,1,5
200600057062,0006-09-27 16:30:00,6,9,27,16,30,920,25,"521, GABRIEL PERI (RUE)",,,Plein jour,En agglomération,Hors intersection,Normale,Autre collision,,,,,,,,,,,1,2,1,1,6
200600057063,0006-09-27 17:30:00,6,9,27,17,30,920,25,"86, CHARLES DE GAULLE (B",,,Plein jour,En agglomération,Intersection en X,Normale,Deux véhicules - côté,,,,,,,,,,,1,2,2,1,3
200600057064,0006-09-06 18:15:00,6,9,6,18,15,920,26,"117, SAINT-DENIS BD DE (",,,Plein jour,En agglomération,Hors intersection,Normale,Autre collision,,,,,,,,,,,1,2,1,1,6
200600057065,0006-09-07 14:40:00,6,9,7,14,40,920,26,VICTOR HUGO (DE 01 A 45),,,Plein jour,En agglomération,Intersection en T,Normale,Autre collision,,,,,,,,,,,1,2,3,1,6
200600057066,0006-09-12 16:25:00,6,9,12,16,25,920,26,"47, VERDUN (DE 01 A 61)",,,Plein jour,En agglomération,Hors intersection,Normale,Deux véhicules - côté,,,,,,,,,,,1,2,1,1,3
200600057067,0006-09-18 20:05:00,6,9,18,20,5,920,26,VERDUN (DE 01 A 61),,,Nuit avec éclairage allumé,En agglomération,Intersection en T,Normale,Deux véhicules - côté,,,,,,,,,,,5,2,3,1,3
200600057068,0006-09-19 07:40:00,6,9,19,7,40,920,26,DONATELLO,,,Plein jour,En agglomération,Intersection en X,Normale,Sans collision,,,,,,,,,,,1,2,2,1,7
200600057069,0006-09-07 13:50:00,6,9,7,13,50,920,26,VERDUN (DE 62 A FIN),,,Plein jour,En agglomération,Intersection en X,Normale,Deux véhicules - côté,,,,,,,,,,,1,2,2,1,3
200600057070,0006-09-04 17:25:00,6,9,4,17,25,920,26,REPUBLIQUE (DE 29 A FIN),,,Plein jour,En agglomération,Intersection en X,Normale,Deux véhicules - côté,,,,,,,,,,,1,2,2,1,3
200600057071,0006-09-19 18:20:00,6,9,19,18,20,920,26,MISSION MARCHAND (COTE P,,,Plein jour,En agglomération,Intersection en X,Normale,Deux véhicules - côté,,,,,,,,,,,1,2,2,1,3
200600057072,0006-09-21 08:00:00,6,9,21,8,0,920,26,ARISTIDE BRIAND,,,Plein jour,En agglomération,Intersection en T,Normale,Deux véhicules - côté,,,,,,,,,,,1,2,3,1,3
200600057073,0006-09-28 15:00:00,6,9,28,15,0,920,26,VERDUN (DE 01 A 61),,,Plein jour,En agglomération,Intersection en T,Normale,Autre collision,,,,,,,,,,,1,2,3,1,6
200600057074,0006-09-21 18:20:00,6,9,21,18,20,920,26,"51, LEONARD DE VINCI",,,Plein jour,En agglomération,Intersection en Y,Normale,Autre collision,,,,,,,,,,,1,2,4,1,6
200600057075,0006-09-10 19:00:00,6,9,10,19,0,920,26,JEAN-PIERRE TIMBAUD,,,Plein jour,En agglomération,Intersection en T,Pluie légère,Deux véhicules - côté,,,,,,,,,,,1,2,3,2,3
200600057076,0006-09-21 09:00:00,6,9,21,9,0,920,26,COLOMBES,,,Plein jour,En agglomération,Intersection en X,Normale,Autre collision,,,,,,,,,,,1,2,2,1,6
200600057077,0006-09-22 14:45:00,6,9,22,14,45,920,26,MISSION MARCHAND (COTE P,,,Plein jour,En agglomération,Hors intersection,Normale,Deux véhicules - côté,,,,,,,,,,,1,2,1,1,3
200600057078,0006-09-29 08:35:00,6,9,29,8,35,920,35,"45, Général de Gaulle  (",,,Plein jour,En agglomération,Hors intersection,Normale,Deux véhicules - côté,,,,,,,,,,,1,2,1,1,3
200600057079,0006-09-30 15:00:00,6,9,30,15,0,920,35,"face au 74, République (",,,Plein jour,En agglomération,Hors intersection,Normale,Deux véhicules - arrière,,,,,,,,,,,1,2,1,1,2
200600057080,0006-09-01 14:05:00,6,9,1,14,5,920,36,"112, GENERAL DE GAULLE (",,,Plein jour,En agglomération,Hors intersection,Normale,Deux véhicules - arrière,,,,,,,,,,,1,2,1,1,2
200600057081,0006-09-07 12:40:00,6,9,7,12,40,920,36,"13, JEAN PREVOST (RUE)",,,Plein jour,En agglomération,Hors intersection,Normale,Autre collision,,,,,,,,,,,1,2,1,1,6
200600057082,0006-09-08 18:00:00,6,9,8,18,0,920,36,"10, PAUL VAILLANT COUTUR",,,Plein jour,En agglomération,Hors intersection,Normale,Autre collision,,,,,,,,,,,1,2,1,1,6
200600057083,0006-09-10 17:20:00,6,9,10,17,20,920,36,"37, VICTOR HUGO (RUE) (1",,,Plein jour,En agglomération,Hors intersection,Normale,Deux véhicules - côté,,,,,,,,,,,1,2,1,1,3
200600057084,0006-09-13 08:05:00,6,9,13,8,5,920,36,"125, LOUIS ROCHE (AVENUE",,,Crépuscule ou aube,En agglomération,Hors intersection,Normale,Deux véhicules - côté,,,,,,,,,,,2,2,1,1,3
200600057085,0006-09-13 13:10:00,6,9,13,13,10,920,36,"0, BASSIN N°5 (ROUTE DU)",,,Plein jour,En agglomération,Intersection en X,Normale,Deux véhicules - côté,,,,,,,,,,,1,2,2,1,3
200600057086,0006-09-15 18:05:00,6,9,15,18,5,920,36,"115, GRESILLONS (AVENUE",,,Plein jour,En agglomération,Hors intersection,Pluie légère,Autre collision,,,,,,,,,,,1,2,1,2,6
200600057087,0006-09-30 21:15:00,6,9,30,21,15,920,36,"0, GABRIEL PERI (AVENUE)",,,Nuit avec éclairage allumé,En agglomération,Intersection en T,Normale,Deux véhicules - arrière,,,,,,,,,,,5,2,3,1,2
200600057088,0006-09-04 10:40:00,6,9,4,10,40,920,40,"99, PDT ROOSEVELT (QUAI",,,Plein jour,En agglomération,Hors intersection,Pluie légère,Deux véhicules - côté,,,,,,,,,,,1,2,1,2,3
200600057089,0006-09-18 20:15:00,6,9,18,20,15,920,40,"63, RODIN (BOULEVARD)",,,Nuit avec éclairage allumé,En agglomération,Autre intersection,Normale,Deux véhicules - côté,,,,,,,,,,,5,2,9,1,3
200600057090,0006-09-25 17:00:00,6,9,25,17,0,920,40,GALLIENI (BOULEVARD),,,Plein jour,En agglomération,Intersection en T,Normale,Deux véhicules - côté,,,,,,,,,,,1,2,3,1,3
200600057091,0006-09-29 08:30:00,6,9,29,8,30,920,40,VICTOR HUGO (ROND-POINT),,,Plein jour,En agglomération,Giratoire,Normale,Deux véhicules - côté,,,,,,,,,,,1,2,6,1,3
200600057092,0006-09-29 09:05:00,6,9,29,9,5,920,40,"10, LASSERRE",,,Plein jour,En agglomération,Hors intersection,Normale,Deux véhicules - côté,,,,,,,,,,,1,2,1,1,3
200600057093,0006-09-30 14:15:00,6,9,30,14,15,920,40,"167, STALINGRAD (QUAI DE",,,Plein jour,En agglomération,Hors intersection,Normale,Autre collision,,,,,,,,,,,1,2,1,1,6
200600057094,0006-09-04 12:40:00,6,9,4,12,40,920,44,"28 bis, CARNOT(RUE)1A41",,,Plein jour,En agglomération,Hors intersection,Normale,Autre collision,,,,,,,,,,,1,2,1,1,6
200600057095,0006-09-06 11:45:00,6,9,6,11,45,920,44,"NR, DANTON(RUE) 1A73 ET",,,Plein jour,En agglomération,Intersection en X,Normale,Autre collision,,,,,,,,,,,1,2,2,1,6
200600057096,0006-09-08 17:55:00,6,9,8,17,55,920,44,"6, CAMILLE PELLETAN(RUE)",,,Plein jour,En agglomération,Hors intersection,Normale,Autre collision,,,,,,,,,,,1,2,1,1,6
200600057097,0006-09-17 13:10:00,6,9,17,13,10,920,44,"4 Bis, HENRI BARBUSSE (P",,,Plein jour,En agglomération,Hors intersection,Normale,Autre collision,,,,,,,,,,,1,2,1,1,6
200600057098,0006-09-18 18:00:00,6,9,18,18,0,920,44,"74, ANA.FRANCE(RUE)77A13",,,Plein jour,En agglomération,Hors intersection,Normale,Deux véhicules - côté,,,,,,,,,,,1,2,1,1,3
200600057099,0006-09-15 17:25:00,6,9,15,17,25,920,44,"19, GABRIEL PERI(RUE) 1A",,,Plein jour,En agglomération,Hors intersection,Normale,Autre collision,,,,,,,,,,,1,2,1,1,6
200600057100,0006-09-26 07:45:00,6,9,26,7,45,920,44,VIC. HUGO(RUE)115A149 ET,,,Plein jour,En agglomération,Hors intersection,Normale,Deux véhicules - côté,,,,,,,,,,,1,2,1,1,3
200600057101,0006-09-26 11:35:00,6,9,26,11,35,920,44,"NR, ED.VAILLANT(RUE) 75A",,,Plein jour,En agglomération,Intersection en X,Normale,Deux véhicules - frontale,,,,,,,,,,,1,2,2,1,1
200600057102,0006-09-02 14:00:00,6,9,2,14,0,920,48,"., MAL DE LATTRE DE TASS",,,Plein jour,En agglomération,Giratoire,Normale,Deux véhicules - côté,,,,,,,,,,,1,2,6,1,3
200600057103,0006-09-11 07:50:00,6,9,11,7,50,920,48,ALEXANDRE GUILMANT (RUE),,,Plein jour,En agglomération,Intersection en T,Normale,Sans collision,,,,,,,,,,,1,2,3,1,7
200600057104,0006-09-05 19:00:00,6,9,5,19,0,920,48,"., GARDES (ROUTE DES) N°",,,Plein jour,En agglomération,Intersection en X,Normale,Autre collision,,,,,,,,,,,1,2,2,1,6
200600057105,0006-09-07 21:00:00,6,9,7,21,0,920,48,"43, VAUGIRARD (ROUTE DE)",,,Plein jour,En agglomération,Hors intersection,Normale,Trois véhicules et plus - en chaîne,,,,,,,,,,,1,2,1,1,4
200600057106,0006-09-15 08:35:00,6,9,15,8,35,920,48,"28, JEAN JAURES (AVENUE)",,,Plein jour,En agglomération,Hors intersection,Normale,Deux véhicules - côté,,,,,,,,,,,1,2,1,1,3
200600057107,0006-09-22 09:30:00,6,9,22,9,30,920,48,"24, GARDES (ROUTE DES) N",,,Plein jour,En agglomération,Intersection en T,Normale,Deux véhicules - côté,,,,,,,,,,,1,2,3,1,3
200600057108,0006-09-25 09:30:00,6,9,25,9,30,920,48,"19, GARDES (ROUTE DES) N",,,Plein jour,En agglomération,Hors intersection,Normale,Deux véhicules - côté,,,,,,,,,,,1,2,1,1,3
200600057109,0006-09-30 19:30:00,6,9,30,19,30,920,48,"26ter, GARDES (ROUTE DES",,,Nuit avec éclairage allumé,En agglomération,Hors intersection,Pluie légère,Sans collision,,,,,,,,,,,5,2,1,2,7
200600057110,0006-09-05 19:55:00,6,9,5,19,55,920,49,"98, BRIAND AVENUE ARISTI",,,Plein jour,En agglomération,Hors intersection,Normale,Deux véhicules - côté,,,,,,,,,,,1,2,1,1,3
200600057111,0006-09-06 04:05:00,6,9,6,4,5,920,20,"15, PARIS AVENUE DE N°2",,,Nuit avec éclairage allumé,En agglomération,Autre intersection,Normale,Autre collision,,,,,,,,,,,5,2,9,1,6
200600057112,0006-09-10 12:30:00,6,9,10,12,30,920,20,"40, FONTENAY RUE DE AUTR",,,Plein jour,En agglomération,Hors intersection,Normale,Deux véhicules - côté,,,,,,,,,,,1,2,1,1,3
200600057113,0006-09-14 11:10:00,6,9,14,11,10,920,49,"18, BROSSOLETTE AVENUE P",,,Plein jour,En agglomération,Hors intersection,Normale,Sans collision,,,,,,,,,,,1,2,1,1,7
200600057114,0006-09-15 16:05:00,6,9,15,16,5,920,20,"31 BIS, VANVES BOULEVARD",,,Plein jour,En agglomération,Intersection en Y,Pluie légère,Deux véhicules - côté,,,,,,,,,,,1,2,4,2,3
200600057115,0006-09-19 18:10:00,6,9,19,18,10,920,20,"23, LIBERTE BOULEVARD DE",,,Plein jour,En agglomération,Intersection en X,Normale,Deux véhicules - côté,,,,,,,,,,,1,2,2,1,3
200600057116,0006-09-19 20:45:00,6,9,19,20,45,920,49,"139, ARNOUX AVENUE MAURI",,,Nuit sans éclairage public,En agglomération,Intersection en X,Normale,Deux véhicules - arrière,,,,,,,,,,,3,2,2,1,2
200600057117,0006-09-21 09:20:00,6,9,21,9,20,920,20,"17, PERROTIN RUE",,,Plein jour,En agglomération,Autre intersection,Normale,Deux véhicules - côté,,,,,,,,,,,1,2,9,1,3
200600057118,0006-09-21 19:20:00,6,9,21,19,20,920,49,"183, BROSSOLETTE AVENUE",,,Plein jour,En agglomération,Autre intersection,Normale,Deux véhicules - côté,,,,,,,,,,,1,2,9,1,3
200600057119,0006-09-22 23:05:00,6,9,22,23,5,920,49,"55, REPUBLIQUE AVENUE DE",,,Nuit avec éclairage allumé,En agglomération,Intersection en T,Normale,Deux véhicules - côté,,,,,,,,,,,5,2,3,1,3
200600057120,0006-09-05 08:55:00,6,9,5,8,55,920,50,"62, LENINE VLADIMIR ILIT",,,Plein jour,En agglomération,Hors intersection,Normale,Trois véhicules et plus - collisions multiples,,,,,,,,,,,1,2,1,1,5
200600057121,0006-09-12 17:30:00,6,9,12,17,30,920,50,"170, REPUBLIQUE AVENUE D",,,Plein jour,En agglomération,Hors intersection,Normale,Trois véhicules et plus - en chaîne,,,,,,,,,,,1,2,1,1,4
200600057122,0006-09-10 18:20:00,6,9,10,18,20,920,50,CLEMENCEAU GEORGES AVENU,,,Plein jour,En agglomération,Hors intersection,Normale,Deux véhicules - côté,,,,,,,,,,,1,2,1,1,3
200600057123,0006-09-15 18:20:00,6,9,15,18,20,920,50,CLEMENCEAU GEORGES AVENU,,,Plein jour,En agglomération,Hors intersection,Pluie légère,Deux véhicules - côté,,,,,,,,,,,1,2,1,2,3
200600057124,0006-09-15 21:30:00,6,9,15,21,30,920,50,PICASSO PABLO AVENUE,,,Crépuscule ou aube,En agglomération,Hors intersection,Normale,Deux véhicules - côté,,,,,,,,,,,2,2,1,1,3
200600057125,0006-09-15 13:35:00,6,9,15,13,35,920,50,DIX NEUF MARS 1962 RUE D,,,Plein jour,En agglomération,Hors intersection,Normale,Autre collision,,,,,,,,,,,1,2,1,1,6
200600057126,0006-09-21 16:35:00,6,9,21,16,35,920,50,JOILIOT CURIE F. ET IREN,,,Plein jour,En agglomération,Intersection en T,Normale,Deux véhicules - côté,,,,,,,,,,,1,2,3,1,3
200600057127,0006-09-23 11:35:00,6,9,23,11,35,920,50,"287, VAILLANT COUTURIER",,,Plein jour,En agglomération,Hors intersection,Normale,Sans collision,,,,,,,,,,,1,2,1,1,7
200600057128,0006-09-27 10:15:00,6,9,27,10,15,920,50,"30, THOREZ MAURICE RUE",,,Plein jour,En agglomération,Hors intersection,Normale,Sans collision,,,,,,,,,,,1,2,1,1,7
200600057129,0006-09-27 23:05:00,6,9,27,23,5,920,50,"274, CLEMENCEAU GEORGES",,,Nuit avec éclairage allumé,En agglomération,Hors intersection,Pluie légère,Deux véhicules - arrière,,,,,,,,,,,5,2,1,2,2