accident_id,datetime,annee,mois,jour,heure,minute,departement,commune_insee,adresse,latitude,longitude,luminosite,agglomeration,intersection,meteo,collision,nb_vehicules,nb_usagers,nb_indemnes,nb_tues,nb_blesses_hosp,nb_blesses_legers,age_cond_1,age_cond_2,veh_type_cond_1,veh_type_cond_2,lum_code,agg_code,int_code,atm_code,col_code
200600057397,0006-09-20 17:15:00,6,9,20,17,15,940,71,"0, PARIS (R DE)",,,Plein jour,En agglomération,Hors intersection,Normale,Trois véhicules et plus - en chaîne,,,,,,,,,,,1,2,1,1,4
200600057398,0006-09-27 14:45:00,6,9,27,14,45,940,75,"0, MANDRES (R DE)",,,Plein jour,En agglomération,Hors intersection,Normale,Autre collision,,,,,,,,,,,1,2,1,1,6
200600057399,0006-09-01 19:10:00,6,9,1,19,10,940,58,"0, DESCARTES (AV)",,,Plein jour,En agglomération,Hors intersection,Normale,Deux véhicules - arrière,,,,,,,,,,,1,2,1,1,2
200600057400,0006-09-01 17:00:00,6,9,1,17,0,940,17,MAURICE THOREZ (AV),,,Plein jour,En agglomération,Intersection en X,Normale,Deux véhicules - côté,,,,,,,,,,,1,2,2,1,3
200600057401,0006-09-04 06:30:00,6,9,4,6,30,940,17,MAURICE THOREZ (AV),,,Crépuscule ou aube,En agglomération,Intersection en X,Normale,Deux véhicules - arrière,,,,,,,,,,,2,2,2,1,2
200600057402,0006-09-07 12:40:00,6,9,7,12,40,940,17,"56, ROGER SALENGRO (AV)",,,Crépuscule ou aube,En agglomération,Intersection en T,Normale,Deux véhicules - côté,,,,,,,,,,,2,2,3,1,3
200600057403,0006-09-08 08:50:00,6,9,8,8,50,940,17,GALLIENI (QU),,,Plein jour,En agglomération,Intersection en T,Normale,Autre collision,,,,,,,,,,,1,2,3,1,6
200600057404,0006-09-09 19:10:00,6,9,9,19,10,940,17,"14, DANIELLE CASANOVA (R",,,Plein jour,En agglomération,Hors intersection,Normale,Autre collision,,,,,,,,,,,1,2,1,1,6
200600057405,0006-09-14 22:35:00,6,9,14,22,35,940,17,STALINGRAD (BD DE),,,Nuit avec éclairage allumé,En agglomération,Hors intersection,Pluie forte,Deux véhicules - arrière,,,,,,,,,,,5,2,1,3,2
200600057406,0006-09-17 20:05:00,6,9,17,20,5,940,17,JACK GOUREVITCH (AV),,,Nuit sans éclairage public,En agglomération,Hors intersection,Normale,Deux véhicules - côté,,,,,,,,,,,3,2,1,1,3
200600057407,0006-09-21 13:30:00,6,9,21,13,30,940,17,LOUIS TALAMONI (R),,,Plein jour,En agglomération,Hors intersection,Normale,Autre collision,,,,,,,,,,,1,2,1,1,6
200600057408,0006-09-21 18:30:00,6,9,21,18,30,940,17,"39, CHARLES BAUDIN (AV)",,,Plein jour,En agglomération,Hors intersection,Normale,Deux véhicules - côté,,,,,,,,,,,1,2,1,1,3
200600057409,0006-09-26 16:08:00,6,9,26,16,8,940,17,COLONEL GRANCEY (R DU),,,Plein jour,En agglomération,Hors intersection,Normale,Autre collision,,,,,,,,,,,1,2,1,1,6
200600057410,0006-09-06 14:35:00,6,9,6,14,35,940,18,VICTOR HUGO (R),,,Plein jour,En agglomération,Intersection en T,Normale,Deux véhicules - côté,,,,,,,,,,,1,2,3,1,3
200600057411,0006-09-27 15:30:00,6,9,27,15,30,940,18,GRAVELLE (AV DE),,,Plein jour,En agglomération,Intersection en Y,Normale,Autre collision,,,,,,,,,,,1,2,4,1,6
200600057412,0006-09-02 15:15:00,6,9,2,15,15,940,79,"00, MOUSQUETAIRES (AV DE",,,Plein jour,En agglomération,Intersection en X,Normale,Deux véhicules - côté,,,,,,,,,,,1,2,2,1,3
200600057413,0006-09-03 19:40:00,6,9,3,19,40,940,79,"00, BOUTARAINES (CHE DES",,,Plein jour,En agglomération,Hors intersection,Normale,Sans collision,,,,,,,,,,,1,2,1,1,7
200600057414,0006-09-19 11:00:00,6,9,19,11,0,940,55,"00, PINCE VENT (AV DE)",,,Plein jour,En agglomération,Hors intersection,Normale,Deux véhicules - arrière,,,,,,,,,,,1,2,1,1,2
200600057415,0006-09-23 17:00:00,6,9,23,17,0,940,55,"00, PINCE VENT (AV DE)",,,Plein jour,En agglomération,Hors intersection,Normale,Deux véhicules - côté,,,,,,,,,,,1,2,1,1,3
200600057416,0006-09-13 11:40:00,6,9,13,11,40,940,22,", ALBERT 1ER (R)",,,Plein jour,En agglomération,Hors intersection,Normale,Autre collision,,,,,,,,,,,1,2,1,1,6
200600057417,0006-09-01 12:40:00,6,9,1,12,40,940,22,GAMBETTA (AV),,,Plein jour,En agglomération,Hors intersection,Normale,Sans collision,,,,,,,,,,,1,2,1,1,7
200600057418,0006-09-08 13:50:00,6,9,8,13,50,940,22,JEAN JAURES (R),,,Plein jour,En agglomération,Hors intersection,Normale,Sans collision,,,,,,,,,,,1,2,1,1,7
200600057419,0006-09-09 18:25:00,6,9,9,18,25,940,22,LEON GOURDAULT (AV),,,Plein jour,En agglomération,Hors intersection,Normale,Autre collision,,,,,,,,,,,1,2,1,1,6
200600057420,0006-09-11 14:30:00,6,9,11,14,30,940,54,VICTOIRE (AV DE LA),,,Plein jour,En agglomération,Hors intersection,Normale,Autre collision,,,,,,,,,,,1,2,1,1,6
200600057421,0006-09-25 14:20:00,6,9,25,14,20,940,22,"0, FOLIE (AV DE LA)",,,Plein jour,En agglomération,Intersection en T,Normale,Deux véhicules - côté,,,,,,,,,,,1,2,3,1,3
200600057422,0006-09-27 19:25:00,6,9,27,19,25,940,54,BUFFON (R),,,Plein jour,En agglomération,Hors intersection,Normale,Autre collision,,,,,,,,,,,1,2,1,1,6
200600057423,0006-09-05 10:30:00,6,9,5,10,30,940,28,C.C.R CRETEIL SOLEIL,,,Plein jour,En agglomération,Hors intersection,Normale,Autre collision,,,,,,,,,,,1,2,1,1,6
200600057424,0006-09-07 17:00:00,6,9,7,17,0,940,28,MECHES.(RUE DES),,,Plein jour,En agglomération,Hors intersection,Normale,Autre collision,,,,,,,,,,,1,2,1,1,6
200600057425,0006-09-11 12:45:00,6,9,11,12,45,940,28,PARE(RUE AMBROISE),,,Plein jour,En agglomération,Hors intersection,Normale,Deux véhicules - côté,,,,,,,,,,,1,2,1,1,3
200600057426,0006-09-13 13:00:00,6,9,13,13,0,940,28,"0, VIGNES.(RUE DES)",,,Plein jour,En agglomération,Intersection en X,Normale,Deux véhicules - côté,,,,,,,,,,,1,2,2,1,3
200600057427,0006-09-17 18:00:00,6,9,17,18,0,940,28,TASSIGNY(AVE DU MARECHAL,,,Plein jour,En agglomération,Hors intersection,Normale,Autre collision,,,,,,,,,,,1,2,1,1,6
200600057428,0006-09-16 17:50:00,6,9,16,17,50,940,28,POMPADOUR(CARREFOUR),,,Plein jour,En agglomération,Hors intersection,Normale,Autre collision,,,,,,,,,,,1,2,1,1,6
200600057429,0006-09-15 08:40:00,6,9,15,8,40,940,28,ARCOS.(RUE RENE),,,Plein jour,En agglomération,Hors intersection,Normale,Autre collision,,,,,,,,,,,1,2,1,1,6
200600057430,0006-09-18 10:28:00,6,9,18,10,28,940,28,POMPADOUR(CARREFOUR),,,Plein jour,En agglomération,Giratoire,Normale,Deux véhicules - côté,,,,,,,,,,,1,2,6,1,3
200600057431,0006-09-19 13:00:00,6,9,19,13,0,940,11,PARIS(AVENUE DE),,,Plein jour,En agglomération,Intersection en X,Normale,Deux véhicules - côté,,,,,,,,,,,1,2,2,1,3
200600057432,0006-09-20 12:40:00,6,9,20,12,40,940,28,"0, PARIS.(RUE DE)",,,Plein jour,En agglomération,Intersection en X,Normale,Deux véhicules - côté,,,,,,,,,,,1,2,2,1,3
200600057433,0006-09-20 17:10:00,6,9,20,17,10,940,28,"0, GAULLE(AVENUE DU GENE",,,Plein jour,En agglomération,Hors intersection,Normale,Autre collision,,,,,,,,,,,1,2,1,1,6
200600057434,0006-09-21 21:20:00,6,9,21,21,20,940,28,LAFERRIERE(AVENUE),,,Crépuscule ou aube,En agglomération,Autre intersection,Normale,Sans collision,,,,,,,,,,,2,2,9,1,7
200600057435,0006-09-19 07:50:00,6,9,19,7,50,940,28,"34/36, MECHES.(RUE DES)",,,Crépuscule ou aube,En agglomération,Hors intersection,Normale,Deux véhicules - côté,,,,,,,,,,,2,2,1,1,3
200600057436,0006-09-21 16:55:00,6,9,21,16,55,940,28,"49, CASALIS.(AVE DU DR P",,,Plein jour,En agglomération,Hors intersection,Normale,Autre collision,,,,,,,,,,,1,2,1,1,6
200600057437,0006-09-22 18:15:00,6,9,22,18,15,940,28,HALPERN.(AVENUE BERNARD),,,Plein jour,En agglomération,Hors intersection,Normale,Deux véhicules - côté,,,,,,,,,,,1,2,1,1,3
200600057438,0006-09-23 20:10:00,6,9,23,20,10,940,28,"75, CASALIS.(AVE DU DR P",,,Nuit avec éclairage allumé,En agglomération,Hors intersection,Normale,Autre collision,,,,,,,,,,,5,2,1,1,6
200600057439,0006-09-29 14:00:00,6,9,29,14,0,940,28,"96, SAVAR.(RUE JULIETTE)",,,Plein jour,En agglomération,Hors intersection,Normale,Deux véhicules - frontale,,,,,,,,,,,1,2,1,1,1
200600057440,0006-09-08 11:50:00,6,9,8,11,50,940,33,25 AOUT 1944 (BD DU),,,Plein jour,En agglomération,Hors intersection,Normale,Trois véhicules et plus - collisions multiples,,,,,,,,,,,1,2,1,1,5
200600057441,0006-09-21 05:50:00,6,9,21,5,50,940,33,LOUIS AUROUX (R),,,Crépuscule ou aube,En agglomération,Intersection en X,Normale,Deux véhicules - côté,,,,,,,,,,,2,2,2,1,3
200600057442,0006-09-22 18:45:00,6,9,22,18,45,940,33,"219, REPUBLIQUE (AV DE L",,,Plein jour,En agglomération,Hors intersection,Normale,Deux véhicules - arrière,,,,,,,,,,,1,2,1,1,2
200600057443,0006-09-03 03:09:00,6,9,3,3,9,940,16,"27, GUICHARD (R)",,,Nuit avec éclairage allumé,En agglomération,Hors intersection,Normale,Autre collision,,,,,,,,,,,5,2,1,1,6
200600057444,0006-09-05 11:30:00,6,9,5,11,30,940,76,"1, PRESIDENT ALLENDE (AV",,,Plein jour,En agglomération,Hors intersection,Normale,Sans collision,,,,,,,,,,,1,2,1,1,7
200600057445,0006-09-05 15:10:00,6,9,5,15,10,940,43,"36/38, FONTAINEBLEAU (AV",,,Plein jour,En agglomération,Hors intersection,Normale,Sans collision,,,,,,,,,,,1,2,1,1,7
200600057446,0006-09-08 12:00:00,6,9,8,12,0,940,43,FONTAINEBLEAU (AV DE),,,Plein jour,En agglomération,Hors intersection,Normale,Deux véhicules - arrière,,,,,,,,,,,1,2,1,1,2
200600057447,0006-09-12 15:10:00,6,9,12,15,10,940,3,CONVENTION (AV DE LA),,,Plein jour,En agglomération,Intersection en T,Normale,Deux véhicules - côté,,,,,,,,,,,1,2,3,1,3
200600057448,0006-09-13 18:45:00,6,9,13,18,45,940,76,"1, JEAN LURCAT (R)",,,Plein jour,En agglomération,Hors intersection,Normale,Sans collision,,,,,,,,,,,1,2,1,1,7
200600057449,0006-09-13 16:45:00,6,9,13,16,45,940,76,"40, PARIS (AV DE)",,,Plein jour,En agglomération,Hors intersection,Normale,Sans collision,,,,,,,,,,,1,2,1,1,7
200600057450,0006-09-14 18:25:00,6,9,14,18,25,940,76,SAINTE COLOMBE (R),,,Plein jour,En agglomération,Hors intersection,Normale,Sans collision,,,,,,,,,,,1,2,1,1,7
200600057451,0006-09-16 14:35:00,6,9,16,14,35,940,3,"1, PAUL DOUMER (AV)",,,Plein jour,En agglomération,Hors intersection,Normale,Sans collision,,,,,,,,,,,1,2,1,1,7
200600057452,0006-09-17 11:10:00,6,9,17,11,10,940,43,"1, FONTAINEBLEAU (AV DE)",,,Plein jour,En agglomération,Hors intersection,Normale,Deux véhicules - côté,,,,,,,,,,,1,2,1,1,3
200600057453,0006-09-15 17:15:00,6,9,15,17,15,940,43,"52, FONTAINEBLEAU (AV DE",,,Plein jour,En agglomération,Hors intersection,Normale,Sans collision,,,,,,,,,,,1,2,1,1,7
200600057454,0006-09-15 19:20:00,6,9,15,19,20,940,76,"70, STALINGRAD (AV DE)",,,Plein jour,En agglomération,Hors intersection,Normale,Trois véhicules et plus - en chaîne,,,,,,,,,,,1,2,1,1,4
200600057455,0006-09-15 19:20:00,6,9,15,19,20,940,43,"16, EUGENE THOMAS (AV)",,,Plein jour,En agglomération,Hors intersection,Pluie légère,Deux véhicules - côté,,,,,,,,,,,1,2,1,2,3
200600057456,0006-09-20 02:35:00,6,9,20,2,35,940,76,"69, PARIS (AV DE)",,,Plein jour,En agglomération,Hors intersection,Normale,Trois véhicules et plus - en chaîne,,,,,,,,,,,1,2,1,1,4
200600057457,0006-09-20 07:20:00,6,9,20,7,20,940,76,"1, PAUL VAILLANT COUTURI",,,Plein jour,En agglomération,Intersection en T,Normale,Autre collision,,,,,,,,,,,1,2,3,1,6
200600057458,0006-09-22 11:20:00,6,9,22,11,20,940,76,"70, MAXIME GORKI (BD)",,,Plein jour,En agglomération,Hors intersection,Normale,Deux véhicules - côté,,,,,,,,,,,1,2,1,1,3
200600057459,0006-09-23 10:40:00,6,9,23,10,40,940,37,"10, RASPAIL (AV)",,,Plein jour,En agglomération,Hors intersection,Normale,Autre collision,,,,,,,,,,,1,2,1,1,6
200600057460,0006-09-26 15:40:00,6,9,26,15,40,940,76,"1, MAXIME GORKI (BD)",,,Plein jour,En agglomération,Intersection en T,Normale,Deux véhicules - côté,,,,,,,,,,,1,2,3,1,3
200600057461,0006-09-27 00:50:00,6,9,27,0,50,940,16,"72, ETIENNE DOLET (R)",,,Nuit avec éclairage allumé,En agglomération,Hors intersection,Normale,Sans collision,,,,,,,,,,,5,2,1,1,7
200600057462,0006-09-27 18:20:00,6,9,27,18,20,940,16,"1, MARCEL BONNET (R)",,,Plein jour,En agglomération,Intersection en X,Normale,Deux véhicules - frontale,,,,,,,,,,,1,2,2,1,1
200600057463,0006-09-29 21:30:00,6,9,29,21,30,940,16,"1, CARNOT (AV)",,,Nuit avec éclairage allumé,En agglomération,Intersection en T,Normale,Sans collision,,,,,,,,,,,5,2,3,1,7
200600057464,0006-09-04 09:45:00,6,9,4,9,45,940,73,GENERAL DE GAULLE (AV DU,,,Plein jour,En agglomération,Hors intersection,Normale,Deux véhicules - arrière,,,,,,,,,,,1,2,1,1,2
200600057465,0006-09-05 18:25:00,6,9,5,18,25,940,21,BOULEVARD CIRCULAIRE,,,Plein jour,En agglomération,Hors intersection,Normale,Deux véhicules - arrière,,,,,,,,,,,1,2,1,1,2
200600057466,0006-09-07 10:35:00,6,9,7,10,35,940,34,MONTJEAN (CHE DE),,,Plein jour,En agglomération,Hors intersection,Normale,Autre collision,,,,,,,,,,,1,2,1,1,6
200600057467,0006-09-09 19:15:00,6,9,9,19,15,940,73,boulevard du midi,,,Plein jour,En agglomération,Hors intersection,Normale,Trois véhicules et plus - en chaîne,,,,,,,,,,,1,2,1,1,4
200600057468,0006-09-16 18:11:00,6,9,16,18,11,940,73,REPUBLIQUE (AV DE LA),,,Plein jour,En agglomération,Hors intersection,Pluie légère,Deux véhicules - arrière,,,,,,,,,,,1,2,1,2,2
200600057469,0006-09-02 09:50:00,6,9,2,9,50,940,34,PARC MEDICIS (AV DU),,,Plein jour,Hors agglomération,Hors intersection,Normale,Sans collision,,,,,,,,,,,1,1,1,1,7
200600057470,0006-09-20 14:30:00,6,9,20,14,30,940,73,LUXEMBOURG (AV DU),,,Plein jour,En agglomération,Hors intersection,Normale,Trois véhicules et plus - collisions multiples,,,,,,,,,,,1,2,1,1,5
200600057471,0006-09-19 17:30:00,6,9,19,17,30,940,65,RN 186,,,Plein jour,En agglomération,Hors intersection,Normale,Trois véhicules et plus - en chaîne,,,,,,,,,,,1,2,1,1,4
200600057472,0006-09-25 12:45:00,6,9,25,12,45,940,73,RN 186,,,Plein jour,En agglomération,Hors intersection,Normale,Deux véhicules - arrière,,,,,,,,,,,1,2,1,1,2
200600057473,0006-09-26 21:10:00,6,9,26,21,10,940,38,BELVEDERE (R DU),,,Nuit avec éclairage allumé,En agglomération,Giratoire,Normale,Deux véhicules - côté,,,,,,,,,,,5,2,6,1,3
200600057474,0006-09-23 19:30:00,6,9,23,19,30,940,73,VERSAILLES (AV DE),,,Nuit avec éclairage allumé,En agglomération,Hors intersection,Pluie légère,Deux véhicules - arrière,,,,,,,,,,,5,2,1,2,2
200600057475,0006-09-26 09:15:00,6,9,26,9,15,940,73,RENE PANHARD (AV),,,Plein jour,En agglomération,Hors intersection,Normale,Deux véhicules - frontale,,,,,,,,,,,1,2,1,1,1
200600057476,0006-09-07 19:30:00,6,9,7,19,30,940,21,FRANKLIN ROOSEVELT (AV),,,Plein jour,En agglomération,Hors intersection,Normale,Trois véhicules et plus - collisions multiples,,,,,,,,,,,1,2,1,1,5
200600057477,0006-09-16 15:00:00,6,9,16,15,0,940,73,boulevard du midi,,,Plein jour,En agglomération,Hors intersection,Normale,Deux véhicules - arrière,,,,,,,,,,,1,2,1,1,2
200600057478,0006-09-20 19:45:00,6,9,20,19,45,940,38,COSARDE (R DE LA),,,Plein jour,En agglomération,Hors intersection,Normale,Deux véhicules - côté,,,,,,,,,,,1,2,1,1,3
200600057479,0006-09-30 00:05:00,6,9,30,0,5,940,73,FONTAINEBLEAU (AV DE),,,Nuit avec éclairage non allumé,En agglomération,Intersection en X,Normale,Deux véhicules - côté,,,,,,,,,,,4,2,2,1,3
200600057480,0006-09-13 05:00:00,6,9,13,5,0,940,65,BRETAGNE (ALLEE DE) / MI,,,Nuit avec éclairage allumé,En agglomération,Hors intersection,Normale,Autre collision,,,,,,,,,,,5,2,1,1,6
200600057481,0006-09-01 01:50:00,6,9,1,1,50,940,41,"30, AMEDEE HUON (R)",,,Nuit avec éclairage allumé,En agglomération,Hors intersection,Pluie légère,Sans collision,,,,,,,,,,,5,2,1,2,7
200600057482,0006-09-28 17:00:00,6,9,28,17,0,940,41,"1, AUGUSTE DESHAIES (QU)",,,Plein jour,En agglomération,Hors intersection,Normale,Deux véhicules - côté,,,,,,,,,,,1,2,1,1,3
200600057483,0006-09-28 17:50:00,6,9,28,17,50,940,41,HIPPOLYTE MARQUES (BD),,,Plein jour,En agglomération,Autre intersection,Normale,Trois véhicules et plus - en chaîne,,,,,,,,,,,1,2,9,1,4
200600057484,0006-09-21 15:05:00,6,9,21,15,5,940,41,DANIELLE CASANOVA (AV),,,Plein jour,En agglomération,Passage à niveau,Normale,Sans collision,,,,,,,,,,,1,2,8,1,7
200600057485,0006-09-05 00:01:00,6,9,5,0,1,940,46,"47, GEORGES CLEMENCEAU (",,,Nuit avec éclairage allumé,En agglomération,Hors intersection,Normale,Autre collision,,,,,,,,,,,5,2,1,1,6
200600057486,0006-09-18 12:15:00,6,9,18,12,15,940,46,LEON BLUM (AV),,,Plein jour,En agglomération,Hors intersection,Normale,Sans collision,,,,,,,,,,,1,2,1,1,7
200600057487,0006-09-07 07:50:00,6,9,7,7,50,940,58,LEDRU ROLLIN (AV),,,Plein jour,En agglomération,Hors intersection,Normale,Autre collision,,,,,,,,,,,1,2,1,1,6
200600057488,0006-09-07 08:10:00,6,9,7,8,10,940,15,CHARLES DE GAULLE (GRAND,,,Plein jour,En agglomération,Hors intersection,Normale,Autre collision,,,,,,,,,,,1,2,1,1,6
200600057489,0006-09-08 23:35:00,6,9,8,23,35,940,58,ALSACE LORRAINE (BD D),,,Nuit avec éclairage allumé,En agglomération,Hors intersection,Normale,Autre collision,,,,,,,,,,,5,2,1,1,6
200600057490,0006-09-10 16:25:00,6,9,10,16,25,940,58,LEDRU ROLLIN (AV),,,Plein jour,En agglomération,Hors intersection,Normale,Deux véhicules - arrière,,,,,,,,,,,1,2,1,1,2
200600057491,0006-09-08 08:05:00,6,9,8,8,5,940,58,GENERAL DE GAULLE (AV DU,,,Plein jour,Hors agglomération,Hors intersection,Normale,Deux véhicules - côté,,,,,,,,,,,1,1,1,1,3
200600057492,0006-09-12 20:00:00,6,9,12,20,0,940,15,GENERAL LECLERC (AV),,,Nuit avec éclairage allumé,En agglomération,Hors intersection,Normale,Deux véhicules - côté,,,,,,,,,,,5,2,1,1,3
200600057493,0006-09-21 12:25:00,6,9,21,12,25,940,42,GENERAL GALLIENI (AV DU),,,Plein jour,En agglomération,Hors intersection,Normale,Deux véhicules - côté,,,,,,,,,,,1,2,1,1,3
200600057494,0006-09-25 18:45:00,6,9,25,18,45,940,58,ALSACE LORRAINE (BD D),,,Plein jour,Hors agglomération,Hors intersection,Normale,Deux véhicules - frontale,,,,,,,,,,,1,1,1,1,1
200600057495,0006-09-27 16:05:00,6,9,27,16,5,940,52,CHARLES DE GAULLE (GRAND,,,Plein jour,En agglomération,Hors intersection,Normale,Deux véhicules - côté,,,,,,,,,,,1,2,1,1,3
200600057496,0006-09-29 14:50:00,6,9,29,14,50,940,52,CHARLES DE GAULLE (GRAND,,,Plein jour,En agglomération,Hors intersection,Normale,Deux véhicules - arrière,,,,,,,,,,,1,2,1,1,2
200600057497,0006-09-30 16:30:00,6,9,30,16,30,940,52,DEUX COMMUNES (BD DES),,,Plein jour,En agglomération,Hors intersection,Normale,Deux véhicules - côté,,,,,,,,,,,1,2,1,1,3
200600057498,0006-09-03 13:40:00,6,9,3,13,40,940,68,LA FONTAINE (AV),,,Plein jour,En agglomération,Hors intersection,Normale,Deux véhicules - arrière,,,,,,,,,,,1,2,1,1,2
200600057499,0006-09-08 07:50:00,6,9,8,7,50,940,68,"32, FOUR (R DU)",,,Plein jour,Hors agglomération,Hors intersection,Normale,Autre collision,,,,,,,,,,,1,1,1,1,6
200600057500,0006-09-11 13:05:00,6,9,11,13,5,940,68,"13, ALMA (AV DE L)",,,Plein jour,En agglomération,Hors intersection,Normale,Trois véhicules et plus - collisions multiples,,,,,,,,,,,1,2,1,1,5
200600057501,0006-09-15 15:05:00,6,9,15,15,5,940,68,BAC - PONT DE CHENNEVIER,,,Plein jour,En agglomération,Hors intersection,Pluie légère,Deux véhicules - arrière,,,,,,,,,,,1,2,1,2,2
200600057502,0006-09-15 17:30:00,6,9,15,17,30,940,68,"128, GARIBALDI (R)",,,Plein jour,Hors agglomération,Hors intersection,Pluie légère,Sans collision,,,,,,,,,,,1,1,1,2,7
200600057503,0006-09-19 12:05:00,6,9,19,12,5,940,68,BEAUJEU (R DE),,,Plein jour,En agglomération,Intersection en X,Normale,Deux véhicules - côté,,,,,,,,,,,1,2,2,1,3
200600057504,0006-09-30 23:30:00,6,9,30,23,30,940,68,8 MAI 1945 (CARR DU),,,Nuit avec éclairage allumé,En agglomération,Hors intersection,Normale,Autre collision,,,,,,,,,,,5,2,1,1,6
200600057505,0006-09-10 15:10:00,6,9,10,15,10,940,78,MELUN (AV DE),,,Plein jour,En agglomération,Hors intersection,Normale,Trois véhicules et plus - en chaîne,,,,,,,,,,,1,2,1,1,4
200600057506,0006-09-16 16:50:00,6,9,16,16,50,940,77,GEORGES HERVIER (R),,,Plein jour,En agglomération,Hors intersection,Normale,Deux véhicules - côté,,,,,,,,,,,1,2,1,1,3
200600057507,0006-09-07 17:15:00,6,9,7,17,15,940,77,"0, JULES FERRY (R)",,,Plein jour,En agglomération,Intersection en X,Normale,Autre collision,,,,,,,,,,,1,2,2,1,6
200600057508,0006-09-15 18:30:00,6,9,15,18,30,940,74,HENRI BARBUSSE (AV),,,Plein jour,En agglomération,Hors intersection,Pluie légère,Autre collision,,,,,,,,,,,1,2,1,2,6
200600057509,0006-09-24 20:05:00,6,9,24,20,5,940,78,PARIS (R DE),,,Nuit avec éclairage allumé,En agglomération,Hors intersection,Pluie légère,Autre collision,,,,,,,,,,,5,2,1,2,6
200600057510,0006-09-05 10:30:00,6,9,5,10,30,940,78,PARIS (R DE),,,Plein jour,En agglomération,Hors intersection,Normale,Autre collision,,,,,,,,,,,1,2,1,1,6
200600057511,0006-09-09 19:15:00,6,9,9,19,15,940,77,"23, LE FOLL (AV)",,,Plein jour,En agglomération,Hors intersection,Normale,Trois véhicules et plus - collisions multiples,,,,,,,,,,,1,2,1,1,5
200600057512,0006-09-20 17:35:00,6,9,20,17,35,940,77,PASTEUR (AV),,,Plein jour,En agglomération,Intersection en X,Normale,Autre collision,,,,,,,,,,,1,2,2,1,6
200600057513,0006-09-26 14:25:00,6,9,26,14,25,940,80,"02, PAUL DEROULEDE (AV)",,,Plein jour,En agglomération,Intersection en X,Normale,Deux véhicules - côté,,,,,,,,,,,1,2,2,1,3
200600057514,0006-09-27 15:20:00,6,9,27,15,20,940,80,"150, PARIS (AV DE)",,,Plein jour,En agglomération,Hors intersection,Normale,Deux véhicules - côté,,,,,,,,,,,1,2,1,1,3
200600057515,0006-09-29 13:55:00,6,9,29,13,55,940,80,GENERAL DE GAULLE (AV DU,,,Plein jour,En agglomération,Intersection en T,Normale,Deux véhicules - arrière,,,,,,,,,,,1,2,3,1,2
200600057516,0006-09-30 16:00:00,6,9,30,16,0,940,67,"13-15, FOCH (AV)",,,Plein jour,En agglomération,Intersection en X,Normale,Deux véhicules - arrière,,,,,,,,,,,1,2,2,1,2
200600057517,0006-09-07 18:15:00,6,9,7,18,15,940,81,"13, LUCIEN FRANCAIS (AV)",,,Plein jour,En agglomération,Hors intersection,Normale,Autre collision,,,,,,,,,,,1,2,1,1,6
200600057518,0006-09-09 13:55:00,6,9,9,13,55,940,81,"22, COLONEL FABIEN (AV D",,,Plein jour,En agglomération,Autre intersection,Normale,Deux véhicules - frontale,,,,,,,,,,,1,2,9,1,1
200600057519,0006-09-12 08:00:00,6,9,12,8,0,940,81,LEON GEFFROY (R),,,Plein jour,Hors agglomération,Autre intersection,Normale,Deux véhicules - arrière,,,,,,,,,,,1,1,9,1,2
200600057520,0006-09-13 13:15:00,6,9,13,13,15,940,81,GABRIEL PERI (R),,,Plein jour,En agglomération,Intersection en X,Normale,Deux véhicules - côté,,,,,,,,,,,1,2,2,1,3
200600057521,0006-09-22 08:30:00,6,9,22,8,30,940,81,"91, COLONEL FABIEN (AV D",,,Plein jour,En agglomération,Hors intersection,Normale,Autre collision,,,,,,,,,,,1,2,1,1,6
200600057522,0006-09-25 09:20:00,6,9,25,9,20,940,81,"Angle, JULES GUESDE (QU)",,,Plein jour,En agglomération,Intersection en T,Normale,Autre collision,,,,,,,,,,,1,2,3,1,6
200600057523,0006-09-27 16:40:00,6,9,27,16,40,940,81,"Face Gare, PAUL VAILLANT",,,Plein jour,En agglomération,Hors intersection,Normale,Autre collision,,,,,,,,,,,1,2,1,1,6
200600057524,0006-09-02 20:50:00,6,9,2,20,50,950,18,PERI (AVENUE GABRIEL),,,Plein jour,En agglomération,Intersection en X,Normale,Deux véhicules - côté,,,,,,,,,,,1,2,2,1,3
200600057525,0006-09-05 13:12:00,6,9,5,13,12,950,18,RETHONDES (RUE DE),,,Plein jour,En agglomération,Hors intersection,Normale,Sans collision,,,,,,,,,,,1,2,1,1,7
200600057526,0006-09-06 11:55:00,6,9,6,11,55,950,582,"108, CHARLES DE GAULLE (",,,Plein jour,En agglomération,Intersection en T,Normale,Autre collision,,,,,,,,,,,1,2,3,1,6
200600057527,0006-09-06 17:45:00,6,9,6,17,45,950,18,"9, ALLEMANE (BOULEVARD J",,,Plein jour,En agglomération,Hors intersection,Normale,Autre collision,,,,,,,,,,,1,2,1,1,6
200600057528,0006-09-10 13:35:00,6,9,10,13,35,950,18,LECLERC (BLD DU GENERAL),,,Plein jour,En agglomération,Intersection en X,Normale,Deux véhicules - côté,,,,,,,,,,,1,2,2,1,3
200600057529,0006-09-08 23:10:00,6,9,8,23,10,950,18,", GUILLOT (BOULEVARD MAR",,,Nuit avec éclairage non allumé,En agglomération,Hors intersection,Normale,Autre collision,,,,,,,,,,,4,2,1,1,6
200600057530,0006-09-10 00:30:00,6,9,10,0,30,950,18,RN 311,,,Nuit avec éclairage allumé,En agglomération,Hors intersection,Normale,Sans collision,,,,,,,,,,,5,2,1,1,7