accident_id,datetime,annee,mois,jour,heure,minute,departement,commune_insee,adresse,latitude,longitude,luminosite,agglomeration,intersection,meteo,collision,nb_vehicules,nb_usagers,nb_indemnes,nb_tues,nb_blesses_hosp,nb_blesses_legers,age_cond_1,age_cond_2,veh_type_cond_1,veh_type_cond_2,lum_code,agg_code,int_code,atm_code,col_code
200600057668,0006-09-28 13:40:00,6,9,28,13,40,770,249,RN104,,,Plein jour,Hors agglomération,Hors intersection,Normale,Autre collision,,,,,,,,,,,1,1,1,1,6
200600057669,0006-09-29 07:03:00,6,9,29,7,3,770,373,RN104,,,Crépuscule ou aube,Hors agglomération,Hors intersection,Normale,Trois véhicules et plus - collisions multiples,,,,,,,,,,,2,1,1,1,5
200600057670,0006-09-28 08:00:00,6,9,28,8,0,770,337,A4,,,Crépuscule ou aube,Hors agglomération,Hors intersection,Normale,Deux véhicules - arrière,,,,,,,,,,,2,1,1,1,2
200600057671,0006-09-29 18:00:00,6,9,29,18,0,940,17,A4,,,Plein jour,Hors agglomération,Hors intersection,Normale,Deux véhicules - arrière,,,,,,,,,,,1,1,1,1,2
200600057672,0006-09-29 19:00:00,6,9,29,19,0,940,46,A86,,,Crépuscule ou aube,Hors agglomération,Hors intersection,Pluie légère,Trois véhicules et plus - collisions multiples,,,,,,,,,,,2,1,1,2,5
200600057673,0006-09-01 20:00:00,6,9,1,20,0,930,78,AUTOROUTE A104,,,Plein jour,Hors agglomération,Hors intersection,Normale,Trois véhicules et plus - collisions multiples,,,,,,,,,,,1,1,1,1,5
200600057674,0006-09-01 20:20:00,6,9,1,20,20,930,66,AUTOROUTE A1,,,Nuit avec éclairage allumé,Hors agglomération,Hors intersection,Normale,Deux véhicules - côté,,,,,,,,,,,5,1,1,1,3
200600057675,0006-09-02 13:00:00,6,9,2,13,0,930,6,AUTOROUTE A3,,,Plein jour,Hors agglomération,Hors intersection,Normale,Autre collision,,,,,,,,,,,1,1,1,1,6
200600057676,0006-09-02 14:30:00,6,9,2,14,30,930,10,AUTOROUTE A86,,,Plein jour,Hors agglomération,Hors intersection,Normale,Sans collision,,,,,,,,,,,1,1,1,1,7
200600057677,0006-09-02 21:45:00,6,9,2,21,45,930,66,AUTOROUTE A1,,,Nuit avec éclairage allumé,Hors agglomération,Hors intersection,Normale,Sans collision,,,,,,,,,,,5,1,1,1,7
200600057678,0006-09-03 01:25:00,6,9,3,1,25,930,64,AUTOROUTE A86,,,Nuit avec éclairage allumé,Hors agglomération,Hors intersection,Normale,Deux véhicules - côté,,,,,,,,,,,5,1,1,1,3
200600057679,0006-09-03 03:40:00,6,9,3,3,40,950,218,AUTOROUTE A15,,,Nuit avec éclairage allumé,Hors agglomération,Hors intersection,Normale,Autre collision,,,,,,,,,,,5,1,1,1,6
200600057680,0006-09-03 04:50:00,6,9,3,4,50,950,572,AUTOROUTE A15,,,Nuit sans éclairage public,Hors agglomération,Hors intersection,Normale,Sans collision,,,,,,,,,,,3,1,1,1,7
200600057681,0006-09-03 05:10:00,6,9,3,5,10,930,66,AUTOROUTE A1,,,Nuit avec éclairage allumé,Hors agglomération,Hors intersection,Normale,Sans collision,,,,,,,,,,,5,1,1,1,7
200600057682,0006-09-03 11:30:00,6,9,3,11,30,950,582,AUTOROUTE A15,,,Plein jour,Hors agglomération,Hors intersection,Normale,Sans collision,,,,,,,,,,,1,1,1,1,7
200600057683,0006-09-02 06:10:00,6,9,2,6,10,600,138,AUTOROUTE A1,,,Nuit avec éclairage allumé,Hors agglomération,Hors intersection,Normale,Deux véhicules - arrière,,,,,,,,,,,5,1,1,1,2
200600057684,0006-09-02 09:15:00,6,9,2,9,15,950,241,R.D. 104,,,Plein jour,Hors agglomération,Hors intersection,Normale,Autre collision,,,,,,,,,,,1,1,1,1,6
200600057685,0006-09-03 22:25:00,6,9,3,22,25,930,32,AUTOROUTE A1,,,Nuit avec éclairage allumé,Hors agglomération,Hors intersection,Normale,Trois véhicules et plus - en chaîne,,,,,,,,,,,5,1,1,1,4
200600057686,0006-09-04 09:40:00,6,9,4,9,40,950,527,AUTOROUTE A3,,,Plein jour,Hors agglomération,Hors intersection,Normale,Trois véhicules et plus - en chaîne,,,,,,,,,,,1,1,1,1,4
200600057687,0006-09-04 19:00:00,6,9,4,19,0,930,66,AUTOROUTE A1,,,Plein jour,Hors agglomération,Hors intersection,Normale,Deux véhicules - côté,,,,,,,,,,,1,1,1,1,3
200600057688,0006-09-04 20:35:00,6,9,4,20,35,920,36,AUTOROUTE A86,,,Nuit sans éclairage public,Hors agglomération,Hors intersection,Normale,Sans collision,,,,,,,,,,,3,1,1,1,7
200600057689,0006-09-05 04:00:00,6,9,5,4,0,950,430,RN 104,,,Nuit sans éclairage public,Hors agglomération,Hors intersection,Normale,Autre collision,,,,,,,,,,,3,1,1,1,6
200600057690,0006-09-04 15:20:00,6,9,4,15,20,600,241,AUTOROUTE A1,,,Plein jour,Hors agglomération,Hors intersection,Normale,Sans collision,,,,,,,,,,,1,1,1,1,7
200600057691,0006-09-05 07:35:00,6,9,5,7,35,950,582,AUTOROUTE A15,,,Plein jour,Hors agglomération,Hors intersection,Normale,Trois véhicules et plus - collisions multiples,,,,,,,,,,,1,1,1,1,5
200600057692,0006-09-06 12:45:00,6,9,6,12,45,950,154,AUTOROUTE A1,,,Plein jour,Hors agglomération,Hors intersection,Normale,Deux véhicules - côté,,,,,,,,,,,1,1,1,1,3
200600057693,0006-09-06 09:20:00,6,9,6,9,20,920,36,AUTOROUTE A86,,,Plein jour,Hors agglomération,Hors intersection,Normale,Deux véhicules - arrière,,,,,,,,,,,1,1,1,1,2
200600057694,0006-09-06 10:10:00,6,9,6,10,10,920,36,AUTOROUTE A86,,,Plein jour,Hors agglomération,Hors intersection,Normale,Trois véhicules et plus - en chaîne,,,,,,,,,,,1,1,1,1,4
200600057695,0006-09-06 18:30:00,6,9,6,18,30,930,66,AUTOROUTE A1,,,Plein jour,Hors agglomération,Hors intersection,Normale,Deux véhicules - arrière,,,,,,,,,,,1,1,1,1,2
200600057696,0006-09-06 19:00:00,6,9,6,19,0,950,241,R.D. 104,,,Plein jour,Hors agglomération,Hors intersection,Normale,Trois véhicules et plus - en chaîne,,,,,,,,,,,1,1,1,1,4
200600057697,0006-09-07 15:30:00,6,9,7,15,30,930,66,AUTOROUTE A3,,,Plein jour,Hors agglomération,Hors intersection,Normale,Sans collision,,,,,,,,,,,1,1,1,1,7
200600057698,0006-09-08 01:10:00,6,9,8,1,10,930,63,AUTOROUTE A3,,,Nuit avec éclairage allumé,Hors agglomération,Hors intersection,Normale,Sans collision,,,,,,,,,,,5,1,1,1,7
200600057699,0006-09-08 20:25:00,6,9,8,20,25,930,53,AUTOROUTE A103,,,Plein jour,Hors agglomération,Hors intersection,Normale,Autre collision,,,,,,,,,,,1,1,1,1,6
200600057700,0006-09-09 17:30:00,6,9,9,17,30,930,6,AUTOROUTE A3,,,Plein jour,Hors agglomération,Hors intersection,Normale,Trois véhicules et plus - en chaîne,,,,,,,,,,,1,1,1,1,4
200600057701,0006-09-09 21:00:00,6,9,9,21,0,950,394,RN 184,,,Nuit sans éclairage public,Hors agglomération,Hors intersection,Normale,Sans collision,,,,,,,,,,,3,1,1,1,7
200600057702,0006-09-10 13:50:00,6,9,10,13,50,930,78,AUTOROUTE A104,,,Plein jour,Hors agglomération,Hors intersection,Normale,Deux véhicules - arrière,,,,,,,,,,,1,1,1,1,2
200600057703,0006-09-11 17:15:00,6,9,11,17,15,930,64,AUTOROUTE A103,,,Plein jour,Hors agglomération,Hors intersection,Normale,Sans collision,,,,,,,,,,,1,1,1,1,7
200600057704,0006-09-09 02:15:00,6,9,9,2,15,950,604,AUTOROUTE A1,,,Nuit avec éclairage allumé,Hors agglomération,Hors intersection,Normale,Sans collision,,,,,,,,,,,5,1,1,1,7
200600057705,0006-09-10 11:02:00,6,9,10,11,2,950,604,AUTOROUTE A1,,,Plein jour,Hors agglomération,Hors intersection,Normale,Deux véhicules - côté,,,,,,,,,,,1,1,1,1,3
200600057706,0006-09-11 15:40:00,6,9,11,15,40,930,32,AUTOROUTE A3,,,Plein jour,Hors agglomération,Hors intersection,Normale,Deux véhicules - côté,,,,,,,,,,,1,1,1,1,3
200600057707,0006-09-11 11:15:00,6,9,11,11,15,950,572,RN 184,,,Plein jour,Hors agglomération,Hors intersection,Normale,Deux véhicules - arrière,,,,,,,,,,,1,1,1,1,2
200600057708,0006-09-11 23:38:00,6,9,11,23,38,930,32,AUTOROUTE A104,,,Nuit avec éclairage allumé,Hors agglomération,Hors intersection,Normale,Autre collision,,,,,,,,,,,5,1,1,1,6
200600057709,0006-09-12 16:20:00,6,9,12,16,20,950,18,AUTOROUTE A15,,,Plein jour,Hors agglomération,Hors intersection,Normale,Autre collision,,,,,,,,,,,1,1,1,1,6
200600057710,0006-09-12 18:40:00,6,9,12,18,40,930,10,AUTOROUTE A3,,,Plein jour,Hors agglomération,Hors intersection,Normale,Autre collision,,,,,,,,,,,1,1,1,1,6
200600057711,0006-09-13 07:30:00,6,9,13,7,30,930,32,AUTOROUTE A3,,,Crépuscule ou aube,Hors agglomération,Hors intersection,Normale,Deux véhicules - arrière,,,,,,,,,,,2,1,1,1,2
200600057712,0006-09-13 07:35:00,6,9,13,7,35,950,212,AUTOROUTE A1,,,Crépuscule ou aube,Hors agglomération,Hors intersection,Normale,Sans collision,,,,,,,,,,,2,1,1,1,7
200600057713,0006-09-13 08:45:00,6,9,13,8,45,930,6,AUTOROUTE A3,,,Plein jour,Hors agglomération,Hors intersection,Normale,Deux véhicules - côté,,,,,,,,,,,1,1,1,1,3
200600057714,0006-09-14 09:20:00,6,9,14,9,20,930,6,AUTOROUTE A3,,,Plein jour,Hors agglomération,Hors intersection,Normale,Trois véhicules et plus - en chaîne,,,,,,,,,,,1,1,1,1,4
200600057715,0006-09-14 15:30:00,6,9,14,15,30,930,32,AUTOROUTE A3,,,Plein jour,Hors agglomération,Hors intersection,Normale,Deux véhicules - côté,,,,,,,,,,,1,1,1,1,3
200600057716,0006-09-14 17:00:00,6,9,14,17,0,930,66,AUTOROUTE A86,,,Plein jour,Hors agglomération,Hors intersection,Normale,Deux véhicules - côté,,,,,,,,,,,1,1,1,1,3
200600057717,0006-09-14 19:50:00,6,9,14,19,50,950,127,AUTOROUTE A15,,,Plein jour,Hors agglomération,Hors intersection,Normale,Autre collision,,,,,,,,,,,1,1,1,1,6
200600057718,0006-09-14 23:40:00,6,9,14,23,40,950,582,AUTOROUTE A15,,,Nuit avec éclairage non allumé,Hors agglomération,Hors intersection,Pluie forte,Sans collision,,,,,,,,,,,4,1,1,3,7
200600057719,0006-09-15 02:25:00,6,9,15,2,25,930,29,AUTOROUTE A86,,,Nuit avec éclairage allumé,Hors agglomération,Hors intersection,Normale,Sans collision,,,,,,,,,,,5,1,1,1,7
200600057720,0006-09-15 07:20:00,6,9,15,7,20,930,66,AUTOROUTE A1,,,Plein jour,Hors agglomération,Hors intersection,Normale,Deux véhicules - côté,,,,,,,,,,,1,1,1,1,3
200600057721,0006-09-15 07:50:00,6,9,15,7,50,930,66,AUTOROUTE A1,,,Plein jour,Hors agglomération,Hors intersection,Normale,Deux véhicules - côté,,,,,,,,,,,1,1,1,1,3
200600057722,0006-09-16 03:05:00,6,9,16,3,5,930,32,AUTOROUTE A3,,,Nuit sans éclairage public,Hors agglomération,Hors intersection,Normale,Trois véhicules et plus - en chaîne,,,,,,,,,,,3,1,1,1,4
200600057723,0006-09-17 21:15:00,6,9,17,21,15,930,66,AUTOROUTE A1,,,Nuit avec éclairage allumé,Hors agglomération,Hors intersection,Normale,Deux véhicules - arrière,,,,,,,,,,,5,1,1,1,2
200600057724,0006-09-14 18:25:00,6,9,14,18,25,950,277,AUTOROUTE A1,,,Plein jour,Hors agglomération,Hors intersection,Normale,Sans collision,,,,,,,,,,,1,1,1,1,7
200600057725,0006-09-16 18:15:00,6,9,16,18,15,950,500,AUTOROUTE A15,,,Plein jour,Hors agglomération,Hors intersection,Normale,Trois véhicules et plus - collisions multiples,,,,,,,,,,,1,1,1,1,5
200600057726,0006-09-17 14:30:00,6,9,17,14,30,920,36,AUTOROUTE A86,,,Plein jour,Hors agglomération,Hors intersection,Normale,Sans collision,,,,,,,,,,,1,1,1,1,7
200600057727,0006-09-17 21:05:00,6,9,17,21,5,930,27,AUTOROUTE A1,,,Nuit avec éclairage allumé,Hors agglomération,Hors intersection,Normale,Trois véhicules et plus - en chaîne,,,,,,,,,,,5,1,1,1,4
200600057728,0006-09-17 23:40:00,6,9,17,23,40,930,64,AUTOROUTE A3,,,Nuit avec éclairage allumé,Hors agglomération,Hors intersection,Normale,Deux véhicules - arrière,,,,,,,,,,,5,1,1,1,2
200600057729,0006-09-18 09:05:00,6,9,18,9,5,950,351,R.D. 104,,,Plein jour,Hors agglomération,Hors intersection,Normale,Deux véhicules - arrière,,,,,,,,,,,1,1,1,1,2
200600057730,0006-09-18 11:00:00,6,9,18,11,0,920,78,AUTOROUTE A86,,,Plein jour,Hors agglomération,Hors intersection,Pluie légère,Deux véhicules - côté,,,,,,,,,,,1,1,1,2,3
200600057731,0006-09-18 16:45:00,6,9,18,16,45,930,66,AUTOROUTE A86,,,Plein jour,Hors agglomération,Hors intersection,Normale,Autre collision,,,,,,,,,,,1,1,1,1,6
200600057732,0006-09-18 07:15:00,6,9,18,7,15,930,66,AUTOROUTE A1,,,Crépuscule ou aube,Hors agglomération,Hors intersection,Normale,Deux véhicules - arrière,,,,,,,,,,,2,1,1,1,2
200600057733,0006-09-19 10:00:00,6,9,19,10,0,950,430,RN 104,,,Plein jour,Hors agglomération,Hors intersection,Normale,Autre collision,,,,,,,,,,,1,1,1,1,6
200600057734,0006-09-19 08:45:00,6,9,19,8,45,930,78,AUTOROUTE A104,,,Plein jour,Hors agglomération,Hors intersection,Normale,Deux véhicules - arrière,,,,,,,,,,,1,1,1,1,2
200600057735,0006-09-19 13:00:00,6,9,19,13,0,930,53,AUTOROUTE A3,,,Plein jour,Hors agglomération,Hors intersection,Normale,Autre collision,,,,,,,,,,,1,1,1,1,6
200600057736,0006-09-20 02:30:00,6,9,20,2,30,950,60,AUTOROUTE A115,,,Nuit sans éclairage public,Hors agglomération,Hors intersection,Normale,Sans collision,,,,,,,,,,,3,1,1,1,7
200600057737,0006-09-20 06:15:00,6,9,20,6,15,950,252,AUTOROUTE A15,,,Nuit avec éclairage allumé,Hors agglomération,Hors intersection,Normale,Deux véhicules - arrière,,,,,,,,,,,5,1,1,1,2
200600057738,0006-09-20 06:16:00,6,9,20,6,16,950,252,AUTOROUTE A15,,,Nuit avec éclairage allumé,Hors agglomération,Hors intersection,Normale,Deux véhicules - arrière,,,,,,,,,,,5,1,1,1,2
200600057739,0006-09-20 09:45:00,6,9,20,9,45,920,78,AUTOROUTE A86,,,Plein jour,Hors agglomération,Hors intersection,Normale,Autre collision,,,,,,,,,,,1,1,1,1,6
200600057740,0006-09-20 18:00:00,6,9,20,18,0,930,27,AUTOROUTE A1,,,Plein jour,Hors agglomération,Hors intersection,Normale,Deux véhicules - arrière,,,,,,,,,,,1,1,1,1,2
200600057741,0006-09-21 14:00:00,6,9,21,14,0,930,48,AUTOROUTE A3,,,Plein jour,Hors agglomération,Hors intersection,Normale,Autre collision,,,,,,,,,,,1,1,1,1,6
200600057742,0006-09-21 16:30:00,6,9,21,16,30,930,27,AUTOROUTE A1,,,Plein jour,Hors agglomération,Hors intersection,Normale,Deux véhicules - arrière,,,,,,,,,,,1,1,1,1,2
200600057743,0006-09-21 19:00:00,6,9,21,19,0,930,66,AUTOROUTE A1,,,Plein jour,Hors agglomération,Hors intersection,Normale,Trois véhicules et plus - collisions multiples,,,,,,,,,,,1,1,1,1,5
200600057744,0006-09-21 19:30:00,6,9,21,19,30,930,10,AUTOROUTE A3,,,Nuit avec éclairage allumé,Hors agglomération,Hors intersection,Normale,Deux véhicules - arrière,,,,,,,,,,,5,1,1,1,2
200600057745,0006-09-21 15:45:00,6,9,21,15,45,950,527,AUTOROUTE A1,,,Plein jour,Hors agglomération,Hors intersection,Normale,Trois véhicules et plus - en chaîne,,,,,,,,,,,1,1,1,1,4
200600057746,0006-09-21 21:35:00,6,9,21,21,35,950,430,R.D. 104,,,Nuit avec éclairage allumé,Hors agglomération,Hors intersection,Normale,Deux véhicules - arrière,,,,,,,,,,,5,1,1,1,2
200600057747,0006-09-23 05:15:00,6,9,23,5,15,930,27,AUTOROUTE A86,,,Nuit avec éclairage allumé,Hors agglomération,Hors intersection,Normale,Sans collision,,,,,,,,,,,5,1,1,1,7
200600057748,0006-09-23 08:10:00,6,9,23,8,10,930,66,AUTOROUTE A1,,,Plein jour,Hors agglomération,Hors intersection,Normale,Sans collision,,,,,,,,,,,1,1,1,1,7
200600057749,0006-09-23 08:30:00,6,9,23,8,30,950,252,AUTOROUTE A15,,,Plein jour,Hors agglomération,Hors intersection,Normale,Deux véhicules - arrière,,,,,,,,,,,1,1,1,1,2
200600057750,0006-09-22 13:15:00,6,9,22,13,15,930,32,AUTOROUTE A1,,,Plein jour,Hors agglomération,Hors intersection,Pluie légère,Deux véhicules - arrière,,,,,,,,,,,1,1,1,2,2
200600057751,0006-09-23 22:45:00,6,9,23,22,45,930,63,AUTOROUTE A3,,,Nuit avec éclairage allumé,Hors agglomération,Hors intersection,Pluie forte,Deux véhicules - côté,,,,,,,,,,,5,1,1,3,3
200600057752,0006-09-23 23:25:00,6,9,23,23,25,950,430,R.D. 104,,,Nuit sans éclairage public,Hors agglomération,Hors intersection,Normale,Sans collision,,,,,,,,,,,3,1,1,1,7
200600057753,0006-09-23 12:15:00,6,9,23,12,15,950,582,AUTOROUTE A15,,,Plein jour,Hors agglomération,Hors intersection,Normale,Trois véhicules et plus - collisions multiples,,,,,,,,,,,1,1,1,1,5
200600057754,0006-09-24 14:55:00,6,9,24,14,55,950,256,AUTOROUTE A115,,,Plein jour,Hors agglomération,Hors intersection,Normale,Sans collision,,,,,,,,,,,1,1,1,1,7
200600057755,0006-09-24 21:40:00,6,9,24,21,40,930,48,AUTOROUTE A3,,,Nuit avec éclairage non allumé,Hors agglomération,Hors intersection,Normale,Deux véhicules - côté,,,,,,,,,,,4,1,1,1,3
200600057756,0006-09-25 11:00:00,6,9,25,11,0,930,66,AUTOROUTE A86,,,Plein jour,Hors agglomération,Hors intersection,Normale,Deux véhicules - arrière,,,,,,,,,,,1,1,1,1,2
200600057757,0006-09-26 01:45:00,6,9,26,1,45,930,10,AUTOROUTE A3,,,Nuit avec éclairage allumé,Hors agglomération,Hors intersection,Autre,Autre collision,,,,,,,,,,,5,1,1,9,6
200600057758,0006-09-26 10:45:00,6,9,26,10,45,930,66,AUTOROUTE A1,,,Plein jour,Hors agglomération,Hors intersection,Normale,Deux véhicules - arrière,,,,,,,,,,,1,1,1,1,2
200600057759,0006-09-26 10:15:00,6,9,26,10,15,930,6,AUTOROUTE A3,,,Plein jour,Hors agglomération,Hors intersection,Normale,Deux véhicules - côté,,,,,,,,,,,1,1,1,1,3
200600057760,0006-09-26 14:40:00,6,9,26,14,40,930,6,AUTOROUTE A3,,,Plein jour,Hors agglomération,Hors intersection,Normale,Trois véhicules et plus - en chaîne,,,,,,,,,,,1,1,1,1,4
200600057761,0006-09-26 16:45:00,6,9,26,16,45,930,73,AUTOROUTE A104,,,Plein jour,Hors agglomération,Hors intersection,Normale,Deux véhicules - arrière,,,,,,,,,,,1,1,1,1,2
200600057762,0006-09-26 18:27:00,6,9,26,18,27,930,63,AUTOROUTE A3,,,Plein jour,Hors agglomération,Hors intersection,Normale,Deux véhicules - arrière,,,,,,,,,,,1,1,1,1,2
200600057763,0006-09-26 23:35:00,6,9,26,23,35,930,6,AUTOROUTE A3,,,Nuit avec éclairage allumé,Hors agglomération,Hors intersection,Normale,Sans collision,,,,,,,,,,,5,1,1,1,7
200600057764,0006-09-27 08:50:00,6,9,27,8,50,930,32,AUTOROUTE A104,,,Plein jour,Hors agglomération,Hors intersection,Normale,Deux véhicules - côté,,,,,,,,,,,1,1,1,1,3
200600057765,0006-09-27 14:00:00,6,9,27,14,0,950,527,AUTOROUTE A3,,,Plein jour,Hors agglomération,Hors intersection,Normale,Deux véhicules - côté,,,,,,,,,,,1,1,1,1,3
200600057766,0006-09-28 09:00:00,6,9,28,9,0,950,18,AUTOROUTE A15,,,Plein jour,Hors agglomération,Hors intersection,Normale,Deux véhicules - côté,,,,,,,,,,,1,1,1,1,3
200600057767,0006-09-28 15:25:00,6,9,28,15,25,950,582,AUTOROUTE A15,,,Plein jour,Hors agglomération,Hors intersection,Normale,Deux véhicules - côté,,,,,,,,,,,1,1,1,1,3
200600057768,0006-09-29 19:40:00,6,9,29,19,40,950,500,AUTOROUTE A15,,,Nuit avec éclairage allumé,Hors agglomération,Hors intersection,Pluie légère,Deux véhicules - arrière,,,,,,,,,,,5,1,1,2,2
200600057769,0006-09-30 07:15:00,6,9,30,7,15,950,252,AUTOROUTE A15,,,Crépuscule ou aube,Hors agglomération,Hors intersection,Normale,Sans collision,,,,,,,,,,,2,1,1,1,7
200600057770,0006-09-30 09:20:00,6,9,30,9,20,950,678,RN 184,,,Plein jour,Hors agglomération,Hors intersection,Normale,Deux véhicules - côté,,,,,,,,,,,1,1,1,1,3
200600057771,0006-09-30 10:45:00,6,9,30,10,45,920,36,AUTOROUTE A15,,,Plein jour,Hors agglomération,Hors intersection,Normale,Sans collision,,,,,,,,,,,1,1,1,1,7
200600057772,0006-09-30 08:55:00,6,9,30,8,55,950,604,AUTOROUTE A1,,,Plein jour,Hors agglomération,Hors intersection,Normale,Autre collision,,,,,,,,,,,1,1,1,1,6
200600057773,0006-09-30 16:25:00,6,9,30,16,25,930,32,AUTOROUTE A3,,,Plein jour,Hors agglomération,Hors intersection,Temps couvert,Autre collision,,,,,,,,,,,1,1,1,8,6
200600057774,0006-09-30 21:10:00,6,9,30,21,10,930,66,AUTOROUTE A86,,,Nuit sans éclairage public,Hors agglomération,Hors intersection,Normale,Sans collision,,,,,,,,,,,3,1,1,1,7
200600057775,0006-09-30 14:45:00,6,9,30,14,45,930,64,AUTOROUTE A3,,,Plein jour,Hors agglomération,Hors intersection,Normale,Trois véhicules et plus - en chaîne,,,,,,,,,,,1,1,1,1,4
200600057776,0006-09-30 23:50:00,6,9,30,23,50,950,607,AUTOROUTE A115,,,Nuit sans éclairage public,Hors agglomération,Hors intersection,Temps couvert,Deux véhicules - arrière,,,,,,,,,,,3,1,1,8,2
200600057777,0006-09-06 07:26:00,6,9,6,7,26,920,25,A86,,,Crépuscule ou aube,Hors agglomération,Hors intersection,Normale,Deux véhicules - côté,,,,,,,,,,,2,1,1,1,3
200600057778,0006-09-30 19:00:00,6,9,30,19,0,920,12,A13,,,Nuit avec éclairage allumé,Hors agglomération,Hors intersection,Pluie légère,Deux véhicules - côté,,,,,,,,,,,5,1,1,2,3
200600057779,0006-09-19 14:55:00,6,9,19,14,55,780,640,N118,,,Plein jour,Hors agglomération,Hors intersection,Normale,Deux véhicules - arrière,,,,,,,,,,,1,1,1,1,2
200600057780,0006-09-23 21:29:00,6,9,23,21,29,780,640,A86I,,,Nuit avec éclairage non allumé,Hors agglomération,Hors intersection,Pluie forte,Autre collision,,,,,,,,,,,4,1,1,3,6
200600057781,0006-09-03 13:10:00,6,9,3,13,10,780,490,N12Y,,,Plein jour,Hors agglomération,Hors intersection,Temps couvert,Deux véhicules - arrière,,,,,,,,,,,1,1,1,8,2
200600057782,0006-09-09 11:45:00,6,9,9,11,45,780,291,A13,,,Plein jour,Hors agglomération,Hors intersection,Normale,Autre collision,,,,,,,,,,,1,1,1,1,6
200600057783,0006-09-22 12:00:00,6,9,22,12,0,920,47,A13,,,Plein jour,Hors agglomération,Hors intersection,Pluie légère,Trois véhicules et plus - collisions multiples,,,,,,,,,,,1,1,1,2,5
200600057784,0006-09-10 20:10:00,6,9,10,20,10,920,47,A13,,,Nuit avec éclairage allumé,Hors agglomération,Hors intersection,Normale,Deux véhicules - arrière,,,,,,,,,,,5,1,1,1,2
200600057785,0006-09-22 22:35:00,6,9,22,22,35,920,12,A13,,,Nuit avec éclairage allumé,Hors agglomération,Hors intersection,Normale,Deux véhicules - arrière,,,,,,,,,,,5,1,1,1,2
200600057786,0006-09-22 18:40:00,6,9,22,18,40,780,73,A12Y,,,Plein jour,Hors agglomération,Hors intersection,Normale,Trois véhicules et plus - en chaîne,,,,,,,,,,,1,1,1,1,4
200600057787,0006-09-24 21:30:00,6,9,24,21,30,780,43,A12Y,,,Nuit sans éclairage public,Hors agglomération,Hors intersection,Normale,Deux véhicules - côté,,,,,,,,,,,3,1,1,1,3
200600057788,0006-09-28 08:10:00,6,9,28,8,10,780,43,A12W,,,Plein jour,Hors agglomération,Hors intersection,Temps couvert,Deux véhicules - arrière,,,,,,,,,,,1,1,1,8,2
200600057789,0006-09-25 10:20:00,6,9,25,10,20,920,48,N118,,,Plein jour,Hors agglomération,Hors intersection,Normale,Sans collision,,,,,,,,,,,1,1,1,1,7
200600057790,0006-09-26 09:25:00,6,9,26,9,25,920,36,A86,,,Plein jour,Hors agglomération,Hors intersection,Normale,Deux véhicules - arrière,,,,,,,,,,,1,1,1,1,2
200600057791,0006-09-06 08:18:00,6,9,6,8,18,920,25,A86,,,Crépuscule ou aube,Hors agglomération,Hors intersection,Normale,Deux véhicules - côté,,,,,,,,,,,2,1,1,1,3
200600057792,0006-09-23 15:50:00,6,9,23,15,50,780,402,A13,,,Plein jour,Hors agglomération,Hors intersection,Normale,Sans collision,,,,,,,,,,,1,1,1,1,7
200600057793,0006-09-24 10:05:00,6,9,24,10,5,780,431,A13,,,Plein jour,Hors agglomération,Hors intersection,Normale,Autre collision,,,,,,,,,,,1,1,1,1,6
200600057794,0006-09-29 08:40:00,6,9,29,8,40,780,490,N12W,,,Plein jour,Hors agglomération,Hors intersection,Temps couvert,Deux véhicules - arrière,,,,,,,,,,,1,1,1,8,2
200600057795,0006-09-05 18:08:00,6,9,5,18,8,920,25,A86,,,Plein jour,Hors agglomération,Hors intersection,Normale,Deux véhicules - frontale,,,,,,,,,,,1,1,1,1,1
200600057796,0006-09-01 21:30:00,6,9,1,21,30,940,37,AUTOROUTE A6A,,,Nuit avec éclairage allumé,Hors agglomération,Hors intersection,Normale,Sans collision,,,,,,,,,,,5,1,1,1,7
200600057797,0006-09-03 10:00:00,6,9,3,10,0,940,21,AUTOROUTE A106,,,Plein jour,Hors agglomération,Hors intersection,Normale,Deux véhicules - côté,,,,,,,,,,,1,1,1,1,3
200600057798,0006-09-04 08:40:00,6,9,4,8,40,940,34,AUTOROUTE A86,,,Plein jour,Hors agglomération,Hors intersection,Normale,Deux véhicules - arrière,,,,,,,,,,,1,1,1,1,2
200600057799,0006-09-04 12:10:00,6,9,4,12,10,940,65,AUTOROUTE A106,,,Plein jour,Hors agglomération,Hors intersection,Normale,Trois véhicules et plus - en chaîne,,,,,,,,,,,1,1,1,1,4
200600057800,0006-09-05 17:00:00,6,9,5,17,0,910,661,AUTOROUTE A10,,,Plein jour,Hors agglomération,Hors intersection,Normale,Deux véhicules - côté,,,,,,,,,,,1,1,1,1,3
200600057801,0006-09-06 11:15:00,6,9,6,11,15,910,161,AUTOROUTE A126,,,Plein jour,Hors agglomération,Hors intersection,Normale,Autre collision,,,,,,,,,,,1,1,1,1,6
200600057802,0006-09-06 21:12:00,6,9,6,21,12,910,617,RN 104,,,Nuit sans éclairage public,Hors agglomération,Hors intersection,Normale,Trois véhicules et plus - en chaîne,,,,,,,,,,,3,1,1,1,4
200600057803,0006-09-07 07:25:00,6,9,7,7,25,940,65,AUTOROUTE A86,,,Plein jour,Hors agglomération,Hors intersection,Normale,Deux véhicules - côté,,,,,,,,,,,1,1,1,1,3
200600057804,0006-09-07 09:04:00,6,9,7,9,4,910,136,RN20,,,Plein jour,Hors agglomération,Hors intersection,Normale,Deux véhicules - côté,,,,,,,,,,,1,1,1,1,3