accident_id,datetime,annee,mois,jour,heure,minute,departement,commune_insee,adresse,latitude,longitude,luminosite,agglomeration,intersection,meteo,collision,nb_vehicules,nb_usagers,nb_indemnes,nb_tues,nb_blesses_hosp,nb_blesses_legers,age_cond_1,age_cond_2,veh_type_cond_1,veh_type_cond_2,lum_code,agg_code,int_code,atm_code,col_code
200600057805,0006-09-07 16:40:00,6,9,7,16,40,910,661,AUTOROUTE A10,,,Plein jour,Hors agglomération,Hors intersection,Normale,Deux véhicules - arrière,,,,,,,,,,,1,1,1,1,2
200600057806,0006-09-07 17:18:00,6,9,7,17,18,910,689,AUTOROUTE A6,,,Plein jour,Hors agglomération,Hors intersection,Normale,Deux véhicules - côté,,,,,,,,,,,1,1,1,1,3
200600057807,0006-09-08 08:28:00,6,9,8,8,28,910,553,RN 104,,,Plein jour,Hors agglomération,Hors intersection,Normale,Deux véhicules - côté,,,,,,,,,,,1,1,1,1,3
200600057808,0006-09-08 17:15:00,6,9,8,17,15,910,64,RN 118,,,Plein jour,Hors agglomération,Hors intersection,Normale,Sans collision,,,,,,,,,,,1,1,1,1,7
200600057809,0006-09-08 20:50:00,6,9,8,20,50,940,21,AUTOROUTE A6A,,,Crépuscule ou aube,Hors agglomération,Hors intersection,Normale,Deux véhicules - côté,,,,,,,,,,,2,1,1,1,3
200600057810,0006-09-09 12:28:00,6,9,9,12,28,910,161,CARREFOUR RN20 / CD120,,,Plein jour,Hors agglomération,Intersection en X,Normale,Deux véhicules - côté,,,,,,,,,,,1,1,2,1,3
200600057811,0006-09-09 14:15:00,6,9,9,14,15,940,37,AUTOROUTE A6B,,,Plein jour,Hors agglomération,Hors intersection,Normale,Autre collision,,,,,,,,,,,1,1,1,1,6
200600057812,0006-09-09 17:15:00,6,9,9,17,15,910,136,CD 591,,,Plein jour,Hors agglomération,Hors intersection,Normale,Sans collision,,,,,,,,,,,1,1,1,1,7
200600057813,0006-09-11 09:30:00,6,9,11,9,30,910,363,RN 104,,,Plein jour,Hors agglomération,Hors intersection,Normale,Deux véhicules - côté,,,,,,,,,,,1,1,1,1,3
200600057814,0006-09-11 11:05:00,6,9,11,11,5,910,645,RN 385 Extèrieure,,,Plein jour,Hors agglomération,Hors intersection,Normale,Autre collision,,,,,,,,,,,1,1,1,1,6
200600057815,0006-09-12 00:20:00,6,9,12,0,20,940,34,AUTOROUTE A86,,,Nuit sans éclairage public,Hors agglomération,Hors intersection,Normale,Sans collision,,,,,,,,,,,3,1,1,1,7
200600057816,0006-09-12 08:55:00,6,9,12,8,55,910,161,CARREFOUR RN20 / CD120,,,Plein jour,Hors agglomération,Hors intersection,Normale,Deux véhicules - arrière,,,,,,,,,,,1,1,1,1,2
200600057817,0006-09-13 08:11:00,6,9,13,8,11,920,2,AUTOROUTE A86,,,Crépuscule ou aube,Hors agglomération,Hors intersection,Normale,Sans collision,,,,,,,,,,,2,1,1,1,7
200600057818,0006-09-13 17:16:00,6,9,13,17,16,910,689,AUTOROUTE A6B,,,Plein jour,Hors agglomération,Hors intersection,Normale,Autre collision,,,,,,,,,,,1,1,1,1,6
200600057819,0006-09-13 20:54:00,6,9,13,20,54,910,549,RN 104,,,Nuit sans éclairage public,Hors agglomération,Hors intersection,Pluie forte,Autre collision,,,,,,,,,,,3,1,1,3,6
200600057820,0006-09-14 13:01:00,6,9,14,13,1,910,687,AUTOROUTE A6,,,Plein jour,Hors agglomération,Hors intersection,Normale,Autre collision,,,,,,,,,,,1,1,1,1,6
200600057821,0006-09-15 07:40:00,6,9,15,7,40,910,434,AUTOROUTE A6,,,Crépuscule ou aube,Hors agglomération,Hors intersection,Pluie légère,Deux véhicules - arrière,,,,,,,,,,,2,1,1,2,2
200600057822,0006-09-15 18:45:00,6,9,15,18,45,910,174,RN 104,,,Plein jour,Hors agglomération,Hors intersection,Pluie légère,Sans collision,,,,,,,,,,,1,1,1,2,7
200600057823,0006-09-15 18:43:00,6,9,15,18,43,910,363,AUTOROUTE A10,,,Plein jour,Hors agglomération,Hors intersection,Pluie légère,Autre collision,,,,,,,,,,,1,1,1,2,6
200600057824,0006-09-16 14:35:00,6,9,16,14,35,940,34,AUTOROUTE A86,,,Plein jour,Hors agglomération,Hors intersection,Normale,Deux véhicules - côté,,,,,,,,,,,1,1,1,1,3
200600057825,0006-09-16 21:37:00,6,9,16,21,37,910,589,AUTOROUTE A6,,,Nuit sans éclairage public,Hors agglomération,Hors intersection,Normale,Deux véhicules - côté,,,,,,,,,,,3,1,1,1,3
200600057826,0006-09-17 01:15:00,6,9,17,1,15,910,521,AUTOROUTE A6,,,Nuit avec éclairage non allumé,Hors agglomération,Hors intersection,Normale,Autre collision,,,,,,,,,,,4,1,1,1,6
200600057827,0006-09-18 02:06:00,6,9,18,2,6,910,182,AUTOROUTE A6,,,Nuit sans éclairage public,Hors agglomération,Hors intersection,Normale,Trois véhicules et plus - collisions multiples,,,,,,,,,,,3,1,1,1,5
200600057828,0006-09-18 11:00:00,6,9,18,11,0,910,228,RN 449,,,Plein jour,Hors agglomération,Hors intersection,Pluie légère,Autre collision,,,,,,,,,,,1,1,1,2,6
200600057829,0006-09-18 16:42:00,6,9,18,16,42,920,2,AUTOROUTE A6,,,Plein jour,Hors agglomération,Hors intersection,Normale,Deux véhicules - arrière,,,,,,,,,,,1,1,1,1,2
200600057830,0006-09-19 18:00:00,6,9,19,18,0,940,34,AUTOROUTE A6B,,,Plein jour,Hors agglomération,Hors intersection,Normale,Deux véhicules - arrière,,,,,,,,,,,1,1,1,1,2
200600057831,0006-09-18 18:54:00,6,9,18,18,54,910,64,RN 118,,,Plein jour,Hors agglomération,Hors intersection,Normale,Deux véhicules - arrière,,,,,,,,,,,1,1,1,1,2
200600057832,0006-09-19 08:54:00,6,9,19,8,54,910,286,AUTOROUTE A6,,,Plein jour,Hors agglomération,Hors intersection,Normale,Trois véhicules et plus - en chaîne,,,,,,,,,,,1,1,1,1,4
200600057833,0006-09-19 09:02:00,6,9,19,9,2,920,19,RN 385 INT,,,Plein jour,Hors agglomération,Hors intersection,Pluie légère,Deux véhicules - arrière,,,,,,,,,,,1,1,1,2,2
200600057834,0006-09-19 21:00:00,6,9,19,21,0,910,589,AUTOROUTE A6,,,Nuit sans éclairage public,Hors agglomération,Hors intersection,Normale,Deux véhicules - arrière,,,,,,,,,,,3,1,1,1,2
200600057835,0006-09-20 11:00:00,6,9,20,11,0,920,2,AUTOROUTE A10,,,Plein jour,Hors agglomération,Hors intersection,Normale,Trois véhicules et plus - collisions multiples,,,,,,,,,,,1,1,1,1,5
200600057836,0006-09-21 19:40:00,6,9,21,19,40,940,3,AUTOROUTE A6A,,,Plein jour,Hors agglomération,Hors intersection,Normale,Deux véhicules - arrière,,,,,,,,,,,1,1,1,1,2
200600057837,0006-09-22 17:00:00,6,9,22,17,0,910,589,AUTOROUTE A6,,,Plein jour,Hors agglomération,Hors intersection,Normale,Deux véhicules - arrière,,,,,,,,,,,1,1,1,1,2
200600057838,0006-09-23 19:50:00,6,9,23,19,50,940,34,AUTOROUTE A86,,,Nuit avec éclairage allumé,Hors agglomération,Hors intersection,Pluie légère,Autre collision,,,,,,,,,,,5,1,1,2,6
200600057839,0006-09-23 23:28:00,6,9,23,23,28,910,339,RN 104,,,Nuit sans éclairage public,Hors agglomération,Hors intersection,Pluie légère,Autre collision,,,,,,,,,,,3,1,1,2,6
200600057840,0006-09-25 05:58:00,6,9,25,5,58,910,312,RN 444,,,Nuit avec éclairage allumé,Hors agglomération,Hors intersection,Pluie légère,Autre collision,,,,,,,,,,,5,1,1,2,6
200600057841,0006-09-25 08:09:00,6,9,25,8,9,910,534,RN 118,,,Plein jour,Hors agglomération,Hors intersection,Normale,Deux véhicules - côté,,,,,,,,,,,1,1,1,1,3
200600057842,0006-09-25 10:11:00,6,9,25,10,11,910,363,RN 104,,,Plein jour,Hors agglomération,Hors intersection,Normale,Deux véhicules - arrière,,,,,,,,,,,1,1,1,1,2
200600057843,0006-09-25 10:57:00,6,9,25,10,57,910,471,RN 118,,,Plein jour,Hors agglomération,Hors intersection,Normale,Deux véhicules - côté,,,,,,,,,,,1,1,1,1,3
200600057844,0006-09-26 01:31:00,6,9,26,1,31,940,38,AUTOROUTE A6B,,,Nuit sans éclairage public,Hors agglomération,Hors intersection,Normale,Deux véhicules - côté,,,,,,,,,,,3,1,1,1,3
200600057845,0006-09-26 06:18:00,6,9,26,6,18,910,179,AUTOROUTE A6,,,Nuit sans éclairage public,Hors agglomération,Hors intersection,Normale,Autre collision,,,,,,,,,,,3,1,1,1,6
200600057846,0006-09-26 12:35:00,6,9,26,12,35,910,589,AUTOROUTE A6,,,Plein jour,Hors agglomération,Hors intersection,Normale,Deux véhicules - arrière,,,,,,,,,,,1,1,1,1,2
200600057847,0006-09-27 12:45:00,6,9,27,12,45,910,235,RN 104,,,Plein jour,Hors agglomération,Hors intersection,Normale,Deux véhicules - arrière,,,,,,,,,,,1,1,1,1,2
200600057848,0006-09-28 17:50:00,6,9,28,17,50,910,161,AUTOROUTE A6,,,Plein jour,Hors agglomération,Hors intersection,Normale,Deux véhicules - arrière,,,,,,,,,,,1,1,1,1,2
200600057849,0006-09-29 18:50:00,6,9,29,18,50,910,689,AUTOROUTE A6B,,,Crépuscule ou aube,Hors agglomération,Hors intersection,Pluie légère,Deux véhicules - arrière,,,,,,,,,,,2,1,1,2,2
200600057850,0006-09-01 20:03:00,6,9,1,20,3,202,33,"SANS, AV DE LA LIBERATIO",,,Nuit avec éclairage allumé,En agglomération,Hors intersection,Normale,Deux véhicules - côté,,,,,,,,,,,5,2,1,1,3
200600057851,0006-09-02 15:55:00,6,9,2,15,55,202,33,"SANS, TOUTES RUES",,,Plein jour,En agglomération,Hors intersection,Normale,Deux véhicules - côté,,,,,,,,,,,1,2,1,1,3
200600057852,0006-09-03 10:56:00,6,9,3,10,56,202,33,"SANS, MACCHIONE - CHEMIN",,,Plein jour,En agglomération,Hors intersection,Normale,Autre collision,,,,,,,,,,,1,2,1,1,6
200600057853,0006-09-05 20:04:00,6,9,5,20,4,202,120,"SANS, TOUTES RUES",,,Plein jour,En agglomération,Hors intersection,Normale,Autre collision,,,,,,,,,,,1,2,1,1,6
200600057854,0006-09-06 09:03:00,6,9,6,9,3,202,33,"SANS, TOUTES RUES",,,Plein jour,En agglomération,Hors intersection,Normale,Autre collision,,,,,,,,,,,1,2,1,1,6
200600057855,0006-09-06 19:18:00,6,9,6,19,18,202,33,TOUTES RUES,,,Plein jour,En agglomération,Intersection en X,Normale,Autre collision,,,,,,,,,,,1,2,2,1,6
200600057856,0006-09-07 14:54:00,6,9,7,14,54,202,33,"SANS, GIACCOBBI - AV PAU",,,Plein jour,En agglomération,Intersection en X,Normale,Deux véhicules - arrière,,,,,,,,,,,1,2,2,1,2
200600057857,0006-09-07 11:33:00,6,9,7,11,33,202,33,"SANS, MARTYRS - ESPACE Q",,,Plein jour,En agglomération,Hors intersection,Normale,Deux véhicules - arrière,,,,,,,,,,,1,2,1,1,2
200600057858,0006-09-08 13:35:00,6,9,8,13,35,202,33,"SANS, DANESI - BLD BENOI",,,Plein jour,En agglomération,Hors intersection,Normale,Autre collision,,,,,,,,,,,1,2,1,1,6
200600057859,0006-09-11 09:03:00,6,9,11,9,3,202,33,"SANS, IMPERIALE - ROUTE",,,Plein jour,En agglomération,Hors intersection,Normale,Trois véhicules et plus - en chaîne,,,,,,,,,,,1,2,1,1,4
200600057860,0006-09-12 20:56:00,6,9,12,20,56,202,33,"sans, ROUTE ROYALE",,,Nuit avec éclairage allumé,En agglomération,Intersection en T,Normale,Deux véhicules - côté,,,,,,,,,,,5,2,3,1,3
200600057861,0006-09-14 12:26:00,6,9,14,12,26,202,120,"SANS, TOUTES RUES",,,Plein jour,Hors agglomération,Hors intersection,Pluie forte,Deux véhicules - arrière,,,,,,,,,,,1,1,1,3,2
200600057862,0006-09-14 12:23:00,6,9,14,12,23,202,37,"SANS, TOUTES RUES",,,Plein jour,Hors agglomération,Hors intersection,Pluie forte,Autre collision,,,,,,,,,,,1,1,1,3,6
200600057863,0006-09-15 17:20:00,6,9,15,17,20,202,120,"SANS, TOUTES RUES",,,Plein jour,En agglomération,Hors intersection,Normale,Trois véhicules et plus - en chaîne,,,,,,,,,,,1,2,1,1,4
200600057864,0006-09-16 12:15:00,6,9,16,12,15,202,33,"SANS, ROUTE ROYALE",,,Plein jour,En agglomération,Hors intersection,Normale,Deux véhicules - frontale,,,,,,,,,,,1,2,1,1,1
200600057865,0006-09-17 00:54:00,6,9,17,0,54,202,33,ABATUCCI - RUE,,,Nuit avec éclairage allumé,En agglomération,Hors intersection,Normale,Autre collision,,,,,,,,,,,5,2,1,1,6
200600057866,0006-09-18 14:08:00,6,9,18,14,8,202,33,"SANS, TOUTES RUES",,,Plein jour,En agglomération,Hors intersection,Normale,Deux véhicules - côté,,,,,,,,,,,1,2,1,1,3
200600057867,0006-09-18 20:50:00,6,9,18,20,50,202,33,"SANS, 193 - RN",,,Nuit avec éclairage allumé,En agglomération,Hors intersection,Normale,Deux véhicules - côté,,,,,,,,,,,5,2,1,1,3
200600057868,0006-09-19 09:06:00,6,9,19,9,6,202,120,"sans, TOUTES RUES",,,Plein jour,En agglomération,Hors intersection,Normale,Deux véhicules - côté,,,,,,,,,,,1,2,1,1,3
200600057869,0006-09-20 16:25:00,6,9,20,16,25,202,33,"sans, AV DE LA LIBERATIO",,,Plein jour,En agglomération,Hors intersection,Normale,Deux véhicules - côté,,,,,,,,,,,1,2,1,1,3
200600057870,0006-09-21 09:26:00,6,9,21,9,26,202,33,"sans, FANGO - AVENUE DU",,,Plein jour,Hors agglomération,Hors intersection,Normale,Deux véhicules - arrière,,,,,,,,,,,1,1,1,1,2
200600057871,0006-09-21 13:43:00,6,9,21,13,43,202,33,"SANS, ANNONCIADE - CHEMI",,,Plein jour,En agglomération,Hors intersection,Normale,Autre collision,,,,,,,,,,,1,2,1,1,6
200600057872,0006-09-21 18:56:00,6,9,21,18,56,202,33,"sans, CHANOINE LESCHI -",,,Plein jour,En agglomération,Hors intersection,Normale,Deux véhicules - arrière,,,,,,,,,,,1,2,1,1,2
200600057873,0006-09-22 09:28:00,6,9,22,9,28,202,33,ROUTE ROYALE,,,Plein jour,En agglomération,Hors intersection,Normale,Deux véhicules - arrière,,,,,,,,,,,1,2,1,1,2
200600057874,0006-09-22 13:19:00,6,9,22,13,19,202,33,"SANS, ROUTE ROYALE",,,Plein jour,En agglomération,Intersection en X,Normale,Deux véhicules - côté,,,,,,,,,,,1,2,2,1,3
200600057875,0006-09-25 21:00:00,6,9,25,21,0,202,33,"sans, ROUTE ROYALE",,,Nuit avec éclairage allumé,En agglomération,Hors intersection,Pluie légère,Deux véhicules - côté,,,,,,,,,,,5,2,1,2,3
200600057876,0006-09-27 17:54:00,6,9,27,17,54,202,33,"SANS, TOUTES RUES",,,Plein jour,En agglomération,Giratoire,Normale,Trois véhicules et plus - collisions multiples,,,,,,,,,,,1,2,6,1,5
200600057877,0006-09-27 18:50:00,6,9,27,18,50,202,33,"SANS, ANNONCIADE - CHEMI",,,Plein jour,Hors agglomération,Hors intersection,Normale,Deux véhicules - arrière,,,,,,,,,,,1,1,1,1,2
200600057878,0006-09-28 13:45:00,6,9,28,13,45,202,37,"SANS, TOUTES RUES",,,Plein jour,En agglomération,Intersection en X,Normale,Deux véhicules - arrière,,,,,,,,,,,1,2,2,1,2
200600057879,0006-09-05 08:45:00,6,9,5,8,45,690,382,"32, THOMASSIN",,,Plein jour,En agglomération,Hors intersection,Normale,Autre collision,,,,,,,,,,,1,2,1,1,6
200600057880,0006-09-07 20:25:00,6,9,7,20,25,690,382,LAFAYETTE,,,Nuit avec éclairage allumé,En agglomération,Intersection à plus de 4 branches,Normale,Deux véhicules - côté,,,,,,,,,,,5,2,5,1,3
200600057881,0006-09-11 05:00:00,6,9,11,5,0,690,382,"11, VERDUN GENSOUL",,,Nuit avec éclairage allumé,En agglomération,Hors intersection,Normale,Autre collision,,,,,,,,,,,5,2,1,1,6
200600057882,0006-09-21 22:25:00,6,9,21,22,25,690,382,GALLIENI,,,Nuit avec éclairage allumé,En agglomération,Hors intersection,Normale,Deux véhicules - côté,,,,,,,,,,,5,2,1,1,3
200600057883,0006-09-26 10:40:00,6,9,26,10,40,690,382,VERDUN RECAMIER,,,Plein jour,En agglomération,Hors intersection,Normale,Autre collision,,,,,,,,,,,1,2,1,1,6
200600057884,0006-09-17 18:00:00,6,9,17,18,0,690,382,VERDUN RECAMIER,,,Plein jour,En agglomération,Hors intersection,Normale,Deux véhicules - côté,,,,,,,,,,,1,2,1,1,3
200600057885,0006-09-01 15:00:00,6,9,1,15,0,590,623,AUTOROUTE A16,,,Plein jour,Hors agglomération,Hors intersection,Normale,Autre collision,,,,,,,,,,,1,1,1,1,6
200600057886,0006-09-01 15:20:00,6,9,1,15,20,590,340,AUTOROUTE A16,,,Plein jour,Hors agglomération,Hors intersection,Normale,Autre collision,,,,,,,,,,,1,1,1,1,6
200600057887,0006-09-01 20:00:00,6,9,1,20,0,590,570,ROUTE NATIONALE 225,,,Plein jour,Hors agglomération,Hors intersection,Normale,Autre collision,,,,,,,,,,,1,1,1,1,6
200600057888,0006-09-05 08:45:00,6,9,5,8,45,590,9,AUTOROUTE A22,,,Plein jour,Hors agglomération,Hors intersection,Normale,Trois véhicules et plus - en chaîne,,,,,,,,,,,1,1,1,1,4
200600057889,0006-09-05 07:30:00,6,9,5,7,30,590,507,AUTOROUTE A1,,,Plein jour,Hors agglomération,Hors intersection,Normale,Autre collision,,,,,,,,,,,1,1,1,1,6
200600057890,0006-09-06 08:40:00,6,9,6,8,40,590,343,AUTOROUTE A1,,,Plein jour,Hors agglomération,Hors intersection,Normale,Autre collision,,,,,,,,,,,1,1,1,1,6
200600057891,0006-09-06 16:00:00,6,9,6,16,0,590,80,AUTOROUTE A23,,,Plein jour,Hors agglomération,Hors intersection,Normale,Autre collision,,,,,,,,,,,1,1,1,1,6
200600057892,0006-09-06 17:30:00,6,9,6,17,30,620,498,AUTOROUTE A21,,,Plein jour,Hors agglomération,Hors intersection,Normale,Deux véhicules - arrière,,,,,,,,,,,1,1,1,1,2
200600057893,0006-09-06 18:15:00,6,9,6,18,15,590,507,AUTOROUTE A1,,,Plein jour,Hors agglomération,Hors intersection,Normale,Autre collision,,,,,,,,,,,1,1,1,1,6
200600057894,0006-09-06 18:15:00,6,9,6,18,15,590,202,AUTOROUTE A25,,,Plein jour,Hors agglomération,Hors intersection,Normale,Autre collision,,,,,,,,,,,1,1,1,1,6
200600057895,0006-09-07 14:00:00,6,9,7,14,0,590,507,AUTOROUTE A1,,,Plein jour,Hors agglomération,Hors intersection,Normale,Autre collision,,,,,,,,,,,1,1,1,1,6
200600057896,0006-09-07 22:05:00,6,9,7,22,5,590,183,AUTOROUTE A16,,,Nuit avec éclairage allumé,Hors agglomération,Hors intersection,Normale,Autre collision,,,,,,,,,,,5,1,1,1,6
200600057897,0006-09-09 10:20:00,6,9,9,10,20,590,636,ROUTE NATIONALE 352,,,Plein jour,Hors agglomération,Hors intersection,Normale,Deux véhicules - arrière,,,,,,,,,,,1,1,1,1,2
200600057898,0006-09-11 13:30:00,6,9,11,13,30,620,193,AUTOROUTE A16,,,Plein jour,Hors agglomération,Hors intersection,Normale,Sans collision,,,,,,,,,,,1,1,1,1,7
200600057899,0006-09-11 18:30:00,6,9,11,18,30,590,556,AUTOROUTE A25,,,Plein jour,Hors agglomération,Hors intersection,Normale,Autre collision,,,,,,,,,,,1,1,1,1,6
200600057900,0006-09-12 08:30:00,6,9,12,8,30,590,179,AUTOROUTE A2,,,Plein jour,Hors agglomération,Hors intersection,Normale,Trois véhicules et plus - en chaîne,,,,,,,,,,,1,1,1,1,4
200600057901,0006-09-13 12:30:00,6,9,13,12,30,590,586,AUTOROUTE A23,,,Plein jour,Hors agglomération,Hors intersection,Normale,Autre collision,,,,,,,,,,,1,1,1,1,6
200600057902,0006-09-13 13:40:00,6,9,13,13,40,620,351,AUTOROUTE A21,,,Plein jour,Hors agglomération,Hors intersection,Normale,Sans collision,,,,,,,,,,,1,1,1,1,7
200600057903,0006-09-16 09:45:00,6,9,16,9,45,590,588,AUTOROUTE A16,,,Plein jour,Hors agglomération,Hors intersection,Normale,Autre collision,,,,,,,,,,,1,1,1,1,6
200600057904,0006-09-16 20:30:00,6,9,16,20,30,590,515,ROUTE NATIONALE 356,,,Nuit avec éclairage allumé,Hors agglomération,Hors intersection,Normale,Deux véhicules - arrière,,,,,,,,,,,5,1,1,1,2
200600057905,0006-09-17 07:00:00,6,9,17,7,0,620,528,AUTOROUTE A21,,,Nuit sans éclairage public,Hors agglomération,Hors intersection,Normale,Sans collision,,,,,,,,,,,3,1,1,1,7
200600057906,0006-09-17 08:50:00,6,9,17,8,50,620,498,AUTOROUTE A21,,,Plein jour,Hors agglomération,Hors intersection,Normale,Autre collision,,,,,,,,,,,1,1,1,1,6
200600057907,0006-09-17 19:30:00,6,9,17,19,30,590,580,AUTOROUTE A25,,,Plein jour,Hors agglomération,Hors intersection,Normale,Autre collision,,,,,,,,,,,1,1,1,1,6
200600057908,0006-09-18 09:30:00,6,9,18,9,30,590,556,AUTOROUTE A25,,,Plein jour,Hors agglomération,Hors intersection,Normale,Deux véhicules - côté,,,,,,,,,,,1,1,1,1,3
200600057909,0006-09-18 10:00:00,6,9,18,10,0,590,364,AUTOROUTE A23,,,Plein jour,Hors agglomération,Hors intersection,Normale,Sans collision,,,,,,,,,,,1,1,1,1,7
200600057910,0006-09-18 14:20:00,6,9,18,14,20,590,284,AUTOROUTE A23,,,Plein jour,Hors agglomération,Hors intersection,Normale,Autre collision,,,,,,,,,,,1,1,1,1,6
200600057911,0006-09-21 08:15:00,6,9,21,8,15,590,609,AUTOROUTE A1,,,Plein jour,Hors agglomération,Hors intersection,Normale,Trois véhicules et plus - collisions multiples,,,,,,,,,,,1,1,1,1,5
200600057912,0006-09-22 08:40:00,6,9,22,8,40,590,343,AUTOROUTE A1,,,Plein jour,Hors agglomération,Hors intersection,Normale,Autre collision,,,,,,,,,,,1,1,1,1,6
200600057913,0006-09-22 14:15:00,6,9,22,14,15,590,580,AUTOROUTE A25,,,Plein jour,Hors agglomération,Hors intersection,Normale,Autre collision,,,,,,,,,,,1,1,1,1,6
200600057914,0006-09-24 02:50:00,6,9,24,2,50,620,193,AUTOROUTE A16,,,Nuit avec éclairage allumé,Hors agglomération,Hors intersection,Pluie légère,Autre collision,,,,,,,,,,,5,1,1,2,6
200600057915,0006-09-24 15:40:00,6,9,24,15,40,590,343,AUTOROUTE A22,,,Plein jour,Hors agglomération,Hors intersection,Normale,Autre collision,,,,,,,,,,,1,1,1,1,6
200600057916,0006-09-24 19:10:00,6,9,24,19,10,590,196,AUTOROUTE A25,,,Plein jour,Hors agglomération,Hors intersection,Normale,Autre collision,,,,,,,,,,,1,1,1,1,6
200600057917,0006-09-25 05:50:00,6,9,25,5,50,590,340,AUTOROUTE A16,,,Crépuscule ou aube,Hors agglomération,Hors intersection,Brouillard / fumée,Deux véhicules - arrière,,,,,,,,,,,2,1,1,5,2
200600057918,0006-09-25 09:50:00,6,9,25,9,50,620,637,AUTOROUTE A1,,,Plein jour,Hors agglomération,Hors intersection,Pluie légère,Deux véhicules - arrière,,,,,,,,,,,1,1,1,2,2
200600057919,0006-09-25 12:15:00,6,9,25,12,15,590,350,ROUTE NATIONALE 351,,,Plein jour,Hors agglomération,Hors intersection,Pluie légère,Autre collision,,,,,,,,,,,1,1,1,2,6
200600057920,0006-09-25 15:40:00,6,9,25,15,40,590,143,AUTOROUTE A25,,,Plein jour,Hors agglomération,Hors intersection,Normale,Autre collision,,,,,,,,,,,1,1,1,1,6
200600057921,0006-09-25 16:30:00,6,9,25,16,30,590,82,ROUTE NATIONALE 225,,,Plein jour,Hors agglomération,Hors intersection,Normale,Deux véhicules - arrière,,,,,,,,,,,1,1,1,1,2
200600057922,0006-09-25 18:25:00,6,9,25,18,25,590,90,AUTOROUTE A22,,,Plein jour,Hors agglomération,Hors intersection,Pluie légère,Autre collision,,,,,,,,,,,1,1,1,2,6
200600057923,0006-09-26 20:10:00,6,9,26,20,10,590,143,AUTOROUTE A25,,,Crépuscule ou aube,Hors agglomération,Hors intersection,Normale,Autre collision,,,,,,,,,,,2,1,1,1,6
200600057924,0006-09-27 18:20:00,6,9,27,18,20,620,624,AUTOROUTE A21,,,Plein jour,Hors agglomération,Hors intersection,Normale,Autre collision,,,,,,,,,,,1,1,1,1,6
200600057925,0006-09-28 07:40:00,6,9,28,7,40,590,426,AUTOROUTE A22,,,Plein jour,Hors agglomération,Hors intersection,Normale,Trois véhicules et plus - en chaîne,,,,,,,,,,,1,1,1,1,4
200600057926,0006-09-28 10:20:00,6,9,28,10,20,590,90,AUTOROUTE A22,,,Plein jour,Hors agglomération,Hors intersection,Normale,Autre collision,,,,,,,,,,,1,1,1,1,6
200600057927,0006-09-28 17:50:00,6,9,28,17,50,590,585,AUTOROUTE A1,,,Plein jour,Hors agglomération,Hors intersection,Normale,Trois véhicules et plus - collisions multiples,,,,,,,,,,,1,1,1,1,5
200600057928,0006-09-29 11:15:00,6,9,29,11,15,590,663,AUTOROUTE A25,,,Plein jour,Hors agglomération,Hors intersection,Normale,Autre collision,,,,,,,,,,,1,1,1,1,6
200600057929,0006-09-29 14:00:00,6,9,29,14,0,590,378,AUTOROUTE A22,,,Plein jour,Hors agglomération,Hors intersection,Normale,Deux véhicules - frontale,,,,,,,,,,,1,1,1,1,1
200600057930,0006-09-30 00:30:00,6,9,30,0,30,620,624,AUTOROUTE A21,,,Nuit avec éclairage non allumé,Hors agglomération,Hors intersection,Normale,Autre collision,,,,,,,,,,,4,1,1,1,6
200600057931,0006-09-30 06:00:00,6,9,30,6,0,590,9,ROUTE NATIONALE 227,,,Nuit avec éclairage allumé,Hors agglomération,Hors intersection,Normale,Sans collision,,,,,,,,,,,5,1,1,1,7
200600057932,0006-09-30 13:20:00,6,9,30,13,20,620,498,AUTOROUTE A21,,,Plein jour,Hors agglomération,Hors intersection,Pluie légère,Autre collision,,,,,,,,,,,1,1,1,2,6
200600057933,0006-09-30 15:40:00,6,9,30,15,40,590,646,AUTOROUTE A22,,,Plein jour,Hors agglomération,Hors intersection,Normale,Deux véhicules - côté,,,,,,,,,,,1,1,1,1,3
200600057934,0006-09-08 11:30:00,6,9,8,11,30,590,258,AUTOROUTE A23,,,Plein jour,Hors agglomération,Hors intersection,Normale,Deux véhicules - côté,,,,,,,,,,,1,1,1,1,3
200600057935,0006-09-04 15:00:00,6,9,4,15,0,690,383,"244, GARIBALDI",,,Plein jour,En agglomération,Hors intersection,Normale,Autre collision,,,,,,,,,,,1,2,1,1,6
200600057936,0006-09-04 16:15:00,6,9,4,16,15,690,386,"56, GARIBALDI",,,Plein jour,En agglomération,Hors intersection,Normale,Deux véhicules - arrière,,,,,,,,,,,1,2,1,1,2
200600057937,0006-09-05 14:00:00,6,9,5,14,0,690,386,THIERS,,,Plein jour,En agglomération,Hors intersection,Normale,Deux véhicules - côté,,,,,,,,,,,1,2,1,1,3
200600057938,0006-09-09 17:00:00,6,9,9,17,0,690,386,GENERAL BROSSET (DU),,,Plein jour,En agglomération,Intersection en X,Normale,Deux véhicules - frontale,,,,,,,,,,,1,2,2,1,1
200600057939,0006-09-08 23:30:00,6,9,8,23,30,690,386,"302, LAFAYETTE",,,Nuit avec éclairage allumé,En agglomération,Hors intersection,Normale,Deux véhicules - arrière,,,,,,,,,,,5,2,1,1,2
200600057940,0006-09-16 10:10:00,6,9,16,10,10,690,383,"100, FERDINAND BUISSON",,,Plein jour,En agglomération,Hors intersection,Normale,Autre collision,,,,,,,,,,,1,2,1,1,6
200600057941,0006-09-13 18:50:00,6,9,13,18,50,690,383,MARIUS VIVIER MERLE,,,Plein jour,En agglomération,Hors intersection,Normale,Deux véhicules - arrière,,,,,,,,,,,1,2,1,1,2