accident_id,datetime,annee,mois,jour,heure,minute,departement,commune_insee,adresse,latitude,longitude,luminosite,agglomeration,intersection,meteo,collision,nb_vehicules,nb_usagers,nb_indemnes,nb_tues,nb_blesses_hosp,nb_blesses_legers,age_cond_1,age_cond_2,veh_type_cond_1,veh_type_cond_2,lum_code,agg_code,int_code,atm_code,col_code
200600057942,0006-09-19 14:00:00,6,9,19,14,0,690,383,PIERRE CORNEILLE,,,Plein jour,En agglomération,Intersection en X,Normale,Deux véhicules - frontale,,,,,,,,,,,1,2,2,1,1
200600057943,0006-09-19 16:30:00,6,9,19,16,30,690,383,LAFAYETTE,,,Plein jour,En agglomération,Hors intersection,Normale,Deux véhicules - côté,,,,,,,,,,,1,2,1,1,3
200600057944,0006-09-19 18:30:00,6,9,19,18,30,690,383,"90, MARECHAL DE SAXE",,,Plein jour,En agglomération,Hors intersection,Normale,Deux véhicules - côté,,,,,,,,,,,1,2,1,1,3
200600057945,0006-09-19 19:10:00,6,9,19,19,10,690,386,GENERAL BROSSET (DU),,,Plein jour,En agglomération,Hors intersection,Normale,Autre collision,,,,,,,,,,,1,2,1,1,6
200600057946,0006-09-20 20:30:00,6,9,20,20,30,690,383,ALBERT THOMAS,,,Nuit avec éclairage allumé,En agglomération,Intersection en T,Normale,Deux véhicules - frontale,,,,,,,,,,,5,2,3,1,1
200600057947,0006-09-21 11:00:00,6,9,21,11,0,690,383,"210, GARIBALDI",,,Plein jour,En agglomération,Hors intersection,Normale,Deux véhicules - côté,,,,,,,,,,,1,2,1,1,3
200600057948,0006-09-21 15:05:00,6,9,21,15,5,690,383,VENDOME,,,Plein jour,En agglomération,Hors intersection,Normale,Deux véhicules - arrière,,,,,,,,,,,1,2,1,1,2
200600057949,0006-09-21 19:00:00,6,9,21,19,0,690,383,PART DIEU (DE LA),,,Crépuscule ou aube,En agglomération,Intersection en X,Normale,Deux véhicules - côté,,,,,,,,,,,2,2,2,1,3
200600057950,0006-09-22 13:10:00,6,9,22,13,10,690,383,"10, PAUL BERT",,,Plein jour,En agglomération,Hors intersection,Normale,Deux véhicules - frontale,,,,,,,,,,,1,2,1,1,1
200600057951,0006-09-22 17:15:00,6,9,22,17,15,690,383,CREQUI (DE),,,Plein jour,En agglomération,Hors intersection,Normale,Deux véhicules - arrière,,,,,,,,,,,1,2,1,1,2
200600057952,0006-09-22 18:15:00,6,9,22,18,15,690,386,VERGUIN,,,Plein jour,En agglomération,Hors intersection,Normale,Deux véhicules - frontale,,,,,,,,,,,1,2,1,1,1
200600057953,0006-09-23 13:30:00,6,9,23,13,30,690,383,VENDOME,,,Plein jour,En agglomération,Intersection en X,Normale,Deux véhicules - côté,,,,,,,,,,,1,2,2,1,3
200600057954,0006-09-23 15:30:00,6,9,23,15,30,690,386,MARECHAL DE SAXE,,,Plein jour,En agglomération,Intersection en X,Normale,Autre collision,,,,,,,,,,,1,2,2,1,6
200600057955,0006-09-23 20:15:00,6,9,23,20,15,690,383,DOCTEUR LONG (DU),,,Nuit avec éclairage allumé,En agglomération,Intersection en X,Normale,Deux véhicules - côté,,,,,,,,,,,5,2,2,1,3
200600057956,0006-09-25 14:55:00,6,9,25,14,55,690,386,JULIETTE RECAMIER,,,Plein jour,En agglomération,Hors intersection,Normale,Deux véhicules - frontale,,,,,,,,,,,1,2,1,1,1
200600057957,0006-09-27 10:00:00,6,9,27,10,0,690,383,ROUX SOIGNAT,,,Plein jour,En agglomération,Hors intersection,Normale,Autre collision,,,,,,,,,,,1,2,1,1,6
200600057958,0006-09-26 16:00:00,6,9,26,16,0,690,383,"154, LAFAYETTE",,,Plein jour,En agglomération,Hors intersection,Normale,Deux véhicules - frontale,,,,,,,,,,,1,2,1,1,1
200600057959,0006-09-27 15:40:00,6,9,27,15,40,690,383,"150, PIERRE CORNEILLE",,,Plein jour,En agglomération,Hors intersection,Normale,Deux véhicules - côté,,,,,,,,,,,1,2,1,1,3
200600057960,0006-09-27 19:00:00,6,9,27,19,0,690,386,DE LATTRE DE TASSIGNY,,,Crépuscule ou aube,En agglomération,Intersection en X,Normale,Deux véhicules - frontale,,,,,,,,,,,2,2,2,1,1
200600057961,0006-09-28 12:00:00,6,9,28,12,0,690,386,MOLIERE,,,Plein jour,En agglomération,Intersection en X,Normale,Deux véhicules - côté,,,,,,,,,,,1,2,2,1,3
200600057962,0006-09-27 08:25:00,6,9,27,8,25,690,383,MARIUS VIVIER MERLE,,,Plein jour,En agglomération,Intersection en X,Normale,Autre collision,,,,,,,,,,,1,2,2,1,6
200600057963,0006-09-29 09:40:00,6,9,29,9,40,690,383,DAUPHINE (DU),,,Plein jour,En agglomération,Hors intersection,Normale,Deux véhicules - côté,,,,,,,,,,,1,2,1,1,3
200600057964,0006-09-30 11:15:00,6,9,30,11,15,690,386,NEY,,,Plein jour,En agglomération,Intersection en X,Normale,Autre collision,,,,,,,,,,,1,2,2,1,6
200600057965,0006-09-21 08:30:00,6,9,21,8,30,690,383,"33, VILLEROY",,,Plein jour,En agglomération,Hors intersection,Normale,Deux véhicules - arrière,,,,,,,,,,,1,2,1,1,2
200600057966,0006-09-01 23:22:00,6,9,1,23,22,690,384,"18, BELFORT (DE)",,,Nuit avec éclairage allumé,En agglomération,Intersection en X,Normale,Deux véhicules - côté,,,,,,,,,,,5,2,2,1,3
200600057967,0006-09-14 02:36:00,6,9,14,2,36,690,384,"61, BELFORT (DE)",,,Nuit avec éclairage allumé,En agglomération,Hors intersection,Normale,Autre collision,,,,,,,,,,,5,2,1,1,6
200600057968,0006-09-21 14:50:00,6,9,21,14,50,690,384,"42, JOSEPH GILLET",,,Plein jour,En agglomération,Hors intersection,Normale,Autre collision,,,,,,,,,,,1,2,1,1,6
200600057969,0006-09-23 08:10:00,6,9,23,8,10,690,384,ESSES (DES),,,Plein jour,En agglomération,Hors intersection,Pluie légère,Deux véhicules - côté,,,,,,,,,,,1,2,1,2,3
200600057970,0006-09-01 03:00:00,6,9,1,3,0,330,318,ROCADE A 630,,,Nuit avec éclairage allumé,Hors agglomération,Hors intersection,Normale,Autre collision,,,,,,,,,,,5,1,1,1,6
200600057971,0006-09-01 06:45:00,6,9,1,6,45,330,448,AUTOROUTE A 62,,,Nuit sans éclairage public,Hors agglomération,Hors intersection,Normale,Autre collision,,,,,,,,,,,3,1,1,1,6
200600057972,0006-09-02 04:50:00,6,9,2,4,50,330,80,AUTOROUTE A 62,,,Nuit sans éclairage public,Hors agglomération,Hors intersection,Normale,Sans collision,,,,,,,,,,,3,1,1,1,7
200600057973,0006-09-06 22:35:00,6,9,6,22,35,330,80,AUTOROUTE A 62,,,Nuit sans éclairage public,Hors agglomération,Hors intersection,Normale,Deux véhicules - côté,,,,,,,,,,,3,1,1,1,3
200600057974,0006-09-06 15:55:00,6,9,6,15,55,330,39,ROCADE A 630,,,Plein jour,Hors agglomération,Hors intersection,Normale,Deux véhicules - arrière,,,,,,,,,,,1,1,1,1,2
200600057975,0006-09-06 17:25:00,6,9,6,17,25,330,366,AUTOROUTE A 10,,,Plein jour,Hors agglomération,Hors intersection,Normale,Deux véhicules - côté,,,,,,,,,,,1,1,1,1,3
200600057976,0006-09-06 23:20:00,6,9,6,23,20,330,192,ROCADE A 630,,,Nuit avec éclairage allumé,Hors agglomération,Hors intersection,Normale,Deux véhicules - arrière,,,,,,,,,,,5,1,1,1,2
200600057977,0006-09-08 17:00:00,6,9,8,17,0,330,318,AUTOROUTE A 63,,,Plein jour,Hors agglomération,Hors intersection,Normale,Deux véhicules - arrière,,,,,,,,,,,1,1,1,1,2
200600057978,0006-09-11 09:50:00,6,9,11,9,50,330,281,ROCADE A 630,,,Plein jour,Hors agglomération,Hors intersection,Normale,Autre collision,,,,,,,,,,,1,1,1,1,6
200600057979,0006-09-12 07:30:00,6,9,12,7,30,330,281,ROCADE A 630,,,Crépuscule ou aube,Hors agglomération,Hors intersection,Normale,Autre collision,,,,,,,,,,,2,1,1,1,6
200600057980,0006-09-12 21:25:00,6,9,12,21,25,330,39,ROCADE A 630,,,Crépuscule ou aube,Hors agglomération,Hors intersection,Normale,Autre collision,,,,,,,,,,,2,1,1,1,6
200600057981,0006-09-14 15:30:00,6,9,14,15,30,330,550,ROCADE A 630,,,Plein jour,Hors agglomération,Hors intersection,Pluie légère,Autre collision,,,,,,,,,,,1,1,1,2,6
200600057982,0006-09-14 16:10:00,6,9,14,16,10,330,39,ROCADE A 630,,,Plein jour,Hors agglomération,Hors intersection,Pluie légère,Autre collision,,,,,,,,,,,1,1,1,2,6
200600057983,0006-09-14 16:30:00,6,9,14,16,30,330,39,ROCADE A 630,,,Plein jour,Hors agglomération,Hors intersection,Pluie légère,Autre collision,,,,,,,,,,,1,1,1,2,6
200600057984,0006-09-14 20:34:00,6,9,14,20,34,330,63,ROCADE A 630,,,Crépuscule ou aube,Hors agglomération,Hors intersection,Temps couvert,Autre collision,,,,,,,,,,,2,1,1,8,6
200600057985,0006-09-15 06:42:00,6,9,15,6,42,330,318,ROCADE A 630,,,Crépuscule ou aube,Hors agglomération,Hors intersection,Pluie légère,Autre collision,,,,,,,,,,,2,1,1,2,6
200600057986,0006-09-15 17:45:00,6,9,15,17,45,330,65,ROUTE NATIONALE 230,,,Plein jour,Hors agglomération,Hors intersection,Temps couvert,Autre collision,,,,,,,,,,,1,1,1,8,6
200600057987,0006-09-16 06:25:00,6,9,16,6,25,330,318,AUTOROUTE A 63,,,Crépuscule ou aube,Hors agglomération,Hors intersection,Pluie légère,Autre collision,,,,,,,,,,,2,1,1,2,6
200600057988,0006-09-16 09:35:00,6,9,16,9,35,330,75,ROCADE A 630,,,Plein jour,Hors agglomération,Hors intersection,Pluie légère,Autre collision,,,,,,,,,,,1,1,1,2,6
200600057989,0006-09-16 15:35:00,6,9,16,15,35,330,39,ROCADE A 630,,,Plein jour,Hors agglomération,Hors intersection,Pluie légère,Autre collision,,,,,,,,,,,1,1,1,2,6
200600057990,0006-09-16 18:38:00,6,9,16,18,38,330,65,ROUTE NATIONALE 230,,,Plein jour,Hors agglomération,Hors intersection,Pluie légère,Autre collision,,,,,,,,,,,1,1,1,2,6
200600057991,0006-09-17 19:10:00,6,9,17,19,10,330,63,ROCADE A 630,,,Plein jour,Hors agglomération,Hors intersection,Pluie légère,Autre collision,,,,,,,,,,,1,1,1,2,6
200600057992,0006-09-17 22:20:00,6,9,17,22,20,330,167,ROUTE NATIONALE 230,,,Nuit avec éclairage allumé,Hors agglomération,Hors intersection,Temps couvert,Autre collision,,,,,,,,,,,5,1,1,8,6
200600057993,0006-09-18 13:00:00,6,9,18,13,0,330,65,ROUTE NATIONALE 230,,,Plein jour,Hors agglomération,Hors intersection,Normale,Autre collision,,,,,,,,,,,1,1,1,1,6
200600057994,0006-09-20 14:05:00,6,9,20,14,5,330,39,ROCADE A 630,,,Plein jour,Hors agglomération,Hors intersection,Normale,Autre collision,,,,,,,,,,,1,1,1,1,6
200600057995,0006-09-20 16:40:00,6,9,20,16,40,330,550,ROCADE A 630,,,Plein jour,Hors agglomération,Hors intersection,Normale,Autre collision,,,,,,,,,,,1,1,1,1,6
200600057996,0006-09-20 17:45:00,6,9,20,17,45,330,80,AUTOROUTE A 62,,,Plein jour,Hors agglomération,Hors intersection,Normale,Autre collision,,,,,,,,,,,1,1,1,1,6
200600057997,0006-09-21 21:35:00,6,9,21,21,35,330,39,ROCADE A 630,,,Nuit avec éclairage allumé,Hors agglomération,Hors intersection,Pluie forte,Deux véhicules - arrière,,,,,,,,,,,5,1,1,3,2
200600057998,0006-09-21 21:40:00,6,9,21,21,40,330,39,ROCADE A 630,,,Nuit avec éclairage allumé,Hors agglomération,Hors intersection,Pluie forte,Deux véhicules - arrière,,,,,,,,,,,5,1,1,3,2
200600057999,0006-09-26 14:00:00,6,9,26,14,0,330,550,AUTOROUTE A 62,,,Plein jour,Hors agglomération,Hors intersection,Normale,Autre collision,,,,,,,,,,,1,1,1,1,6
200600058000,0006-09-28 07:55:00,6,9,28,7,55,330,162,ROCADE A 630,,,Plein jour,Hors agglomération,Hors intersection,Normale,Deux véhicules - côté,,,,,,,,,,,1,1,1,1,3
200600058001,0006-09-29 18:40:00,6,9,29,18,40,330,281,ROCADE A 630,,,Plein jour,Hors agglomération,Hors intersection,Normale,Deux véhicules - arrière,,,,,,,,,,,1,1,1,1,2
200600058002,0006-09-30 13:55:00,6,9,30,13,55,330,63,ROCADE A 630,,,Plein jour,Hors agglomération,Hors intersection,Normale,Autre collision,,,,,,,,,,,1,1,1,1,6
200600058003,0006-09-18 17:05:00,6,9,18,17,5,690,385,KITCHENER MARCHAND,,,Plein jour,En agglomération,Intersection en X,Normale,Deux véhicules - côté,,,,,,,,,,,1,2,2,1,3
200600058004,0006-09-10 22:50:00,6,9,10,22,50,690,385,BARTHELEMY BUYER,,,Nuit avec éclairage allumé,En agglomération,Intersection en T,Normale,Deux véhicules - côté,,,,,,,,,,,5,2,3,1,3
200600058005,0006-09-22 13:20:00,6,9,22,13,20,690,385,"92, DOCTEUR EDMOND LOCAR",,,Plein jour,En agglomération,Hors intersection,Normale,Autre collision,,,,,,,,,,,1,2,1,1,6
200600058006,0006-09-29 06:55:00,6,9,29,6,55,690,385,"22, JOLIOT CURIE",,,Nuit avec éclairage allumé,En agglomération,Hors intersection,Normale,Deux véhicules - frontale,,,,,,,,,,,5,2,1,1,1
200600058007,0006-09-01 08:00:00,6,9,1,8,0,670,482,Autoroute A.35,,,Plein jour,Hors agglomération,Hors intersection,Normale,Trois véhicules et plus - en chaîne,,,,,,,,,,,1,1,1,1,4
200600058008,0006-09-03 22:30:00,6,9,3,22,30,670,152,Autoroute A.35,,,Nuit sans éclairage public,Hors agglomération,Hors intersection,Normale,Sans collision,,,,,,,,,,,3,1,1,1,7
200600058009,0006-09-04 17:25:00,6,9,4,17,25,670,482,Autoroute A.35,,,Plein jour,Hors agglomération,Hors intersection,Normale,Deux véhicules - arrière,,,,,,,,,,,1,1,1,1,2
200600058010,0006-09-06 14:35:00,6,9,6,14,35,670,43,Autoroute A.4,,,Plein jour,Hors agglomération,Hors intersection,Normale,Sans collision,,,,,,,,,,,1,1,1,1,7
200600058011,0006-09-07 08:35:00,6,9,7,8,35,670,482,Autoroute A.351,,,Plein jour,Hors agglomération,Hors intersection,Normale,Deux véhicules - arrière,,,,,,,,,,,1,1,1,1,2
200600058012,0006-09-09 05:20:00,6,9,9,5,20,670,447,Autoroute A.4,,,Nuit sans éclairage public,Hors agglomération,Hors intersection,Normale,Trois véhicules et plus - collisions multiples,,,,,,,,,,,3,1,1,1,5
200600058013,0006-09-12 09:45:00,6,9,12,9,45,670,365,Autoroute A.35,,,Plein jour,Hors agglomération,Hors intersection,Normale,Deux véhicules - côté,,,,,,,,,,,1,1,1,1,3
200600058014,0006-09-14 07:10:00,6,9,14,7,10,670,365,Autoroute A.35,,,Plein jour,Hors agglomération,Hors intersection,Normale,Trois véhicules et plus - collisions multiples,,,,,,,,,,,1,1,1,1,5
200600058015,0006-09-17 15:50:00,6,9,17,15,50,670,482,N.4 CONTOURNEMENT-SUD,,,Plein jour,Hors agglomération,Hors intersection,Pluie légère,Deux véhicules - côté,,,,,,,,,,,1,1,1,2,3
200600058016,0006-09-20 18:05:00,6,9,20,18,5,670,482,Autoroute A.35,,,Plein jour,Hors agglomération,Hors intersection,Normale,Deux véhicules - côté,,,,,,,,,,,1,1,1,1,3
200600058017,0006-09-29 20:00:00,6,9,29,20,0,670,482,Autoroute A.35,,,Plein jour,Hors agglomération,Intersection en T,Normale,Sans collision,,,,,,,,,,,1,1,3,1,7
200600058018,0006-09-23 03:40:00,6,9,23,3,40,540,328,Autoroute A 330,,,Nuit avec éclairage non allumé,Hors agglomération,Hors intersection,Normale,Deux véhicules - arrière,,,,,,,,,,,4,1,1,1,2
200600058019,0006-09-22 15:55:00,6,9,22,15,55,540,357,Autoroute A 31,,,Plein jour,Hors agglomération,Hors intersection,Normale,Deux véhicules - côté,,,,,,,,,,,1,1,1,1,3
200600058020,0006-09-30 05:30:00,6,9,30,5,30,540,483,Autoroute A 33,,,Nuit sans éclairage public,Hors agglomération,Hors intersection,Pluie légère,Autre collision,,,,,,,,,,,3,1,1,2,6
200600058021,0006-09-04 16:05:00,6,9,4,16,5,570,757,Autoroute A31,,,Plein jour,Hors agglomération,Hors intersection,Normale,Trois véhicules et plus - collisions multiples,,,,,,,,,,,1,1,1,1,5
200600058022,0006-09-05 02:20:00,6,9,5,2,20,570,445,Autoroute A31,,,Nuit sans éclairage public,Hors agglomération,Hors intersection,Normale,Sans collision,,,,,,,,,,,3,1,1,1,7
200600058023,0006-09-07 09:00:00,6,9,7,9,0,570,463,RN 431,,,Plein jour,Hors agglomération,Hors intersection,Normale,Deux véhicules - arrière,,,,,,,,,,,1,1,1,1,2
200600058024,0006-09-16 04:20:00,6,9,16,4,20,570,463,Autoroute A31,,,Nuit avec éclairage allumé,Hors agglomération,Hors intersection,Normale,Autre collision,,,,,,,,,,,5,1,1,1,6
200600058025,0006-09-18 23:24:00,6,9,18,23,24,570,303,Autoroute A31,,,Nuit avec éclairage allumé,Hors agglomération,Hors intersection,Normale,Trois véhicules et plus - collisions multiples,,,,,,,,,,,5,1,1,1,5
200600058026,0006-09-24 04:28:00,6,9,24,4,28,570,303,Autoroute A31,,,Nuit sans éclairage public,Hors agglomération,Hors intersection,Pluie légère,Sans collision,,,,,,,,,,,3,1,1,2,7
200600058027,0006-09-25 07:00:00,6,9,25,7,0,570,672,Autoroute A. 31,,,Plein jour,Hors agglomération,Hors intersection,Pluie légère,Deux véhicules - arrière,,,,,,,,,,,1,1,1,2,2
200600058028,0006-09-03 20:00:00,6,9,3,20,0,690,387,"382, GARIBALDI",,,Crépuscule ou aube,En agglomération,Hors intersection,Normale,Deux véhicules - côté,,,,,,,,,,,2,2,1,1,3
200600058029,0006-09-03 04:30:00,6,9,3,4,30,690,387,"7, GAMBETTA",,,Nuit avec éclairage allumé,En agglomération,Hors intersection,Normale,Autre collision,,,,,,,,,,,5,2,1,1,6
200600058030,0006-09-03 15:25:00,6,9,3,15,25,690,387,"249, JEAN JAURES",,,Plein jour,En agglomération,Hors intersection,Normale,Deux véhicules - arrière,,,,,,,,,,,1,2,1,1,2
200600058031,0006-09-08 06:00:00,6,9,8,6,0,690,387,GUILLOTIERE (DE LA),,,Nuit avec éclairage allumé,En agglomération,Intersection en X,Normale,Deux véhicules - côté,,,,,,,,,,,5,2,2,1,3
200600058032,0006-09-01 16:25:00,6,9,1,16,25,690,387,GERLAND (DE),,,Plein jour,En agglomération,Intersection en T,Normale,Deux véhicules - côté,,,,,,,,,,,1,2,3,1,3
200600058033,0006-09-09 01:30:00,6,9,9,1,30,690,387,GUILLOTIERE (DE LA),,,Nuit avec éclairage allumé,En agglomération,Intersection en X,Normale,Trois véhicules et plus - en chaîne,,,,,,,,,,,5,2,2,1,4
200600058034,0006-09-06 12:40:00,6,9,6,12,40,690,387,REPOS (DU),,,Plein jour,En agglomération,Intersection en X,Normale,Deux véhicules - côté,,,,,,,,,,,1,2,2,1,3
200600058035,0006-09-09 21:15:00,6,9,9,21,15,690,387,JULES BRUNARD,,,Nuit avec éclairage allumé,En agglomération,Intersection en X,Normale,Deux véhicules - côté,,,,,,,,,,,5,2,2,1,3
200600058036,0006-09-09 08:30:00,6,9,9,8,30,690,387,JABOULAY,,,Plein jour,En agglomération,Intersection en X,Normale,Deux véhicules - côté,,,,,,,,,,,1,2,2,1,3
200600058037,0006-09-11 21:10:00,6,9,11,21,10,690,387,BERTHELOT,,,Nuit avec éclairage allumé,En agglomération,Intersection en T,Normale,Deux véhicules - côté,,,,,,,,,,,5,2,3,1,3
200600058038,0006-09-12 00:10:00,6,9,12,0,10,690,387,TONY GARNIER,,,Nuit avec éclairage allumé,En agglomération,Hors intersection,Normale,Autre collision,,,,,,,,,,,5,2,1,1,6
200600058039,0006-09-14 18:25:00,6,9,14,18,25,690,387,GAMBETTA,,,Plein jour,En agglomération,Intersection en T,Normale,Deux véhicules - côté,,,,,,,,,,,1,2,3,1,3
200600058040,0006-09-18 07:40:00,6,9,18,7,40,690,387,"42-44, MARSEILLE (DE)",,,Plein jour,En agglomération,Hors intersection,Normale,Autre collision,,,,,,,,,,,1,2,1,1,6
200600058041,0006-09-15 13:20:00,6,9,15,13,20,690,387,"23, CAMILLE ROY",,,Plein jour,En agglomération,Hors intersection,Pluie légère,Autre collision,,,,,,,,,,,1,2,1,2,6
200600058042,0006-09-19 21:20:00,6,9,19,21,20,690,387,"31, GUILLOTIERE (DE LA)",,,Nuit avec éclairage allumé,En agglomération,Hors intersection,Normale,Deux véhicules - arrière,,,,,,,,,,,5,2,1,1,2
200600058043,0006-09-25 18:15:00,6,9,25,18,15,690,387,MADELEINE (DE LA),,,Plein jour,En agglomération,Intersection en X,Normale,Deux véhicules - côté,,,,,,,,,,,1,2,2,1,3
200600058044,0006-09-22 01:10:00,6,9,22,1,10,690,387,JEAN JAURES,,,Nuit avec éclairage allumé,En agglomération,Intersection en X,Vent fort / tempête,Deux véhicules - côté,,,,,,,,,,,5,2,2,6,3
200600058045,0006-09-28 09:00:00,6,9,28,9,0,690,387,GEORGES GOUY,,,Plein jour,En agglomération,Intersection en X,Normale,Deux véhicules - côté,,,,,,,,,,,1,2,2,1,3
200600058046,0006-09-30 03:30:00,6,9,30,3,30,690,387,VIVIER (DU),,,Nuit avec éclairage allumé,En agglomération,Intersection en X,Pluie légère,Deux véhicules - frontale,,,,,,,,,,,5,2,2,2,1
200600058047,0006-09-30 15:45:00,6,9,30,15,45,690,387,GERLAND (DE),,,Plein jour,En agglomération,Hors intersection,Normale,Autre collision,,,,,,,,,,,1,2,1,1,6
200600058048,0006-09-26 16:55:00,6,9,26,16,55,690,387,GAMBETTA,,,Plein jour,En agglomération,Intersection en T,Normale,Deux véhicules - côté,,,,,,,,,,,1,2,3,1,3
200600058049,0006-09-26 16:48:00,6,9,26,16,48,690,387,LECLERC,,,Plein jour,En agglomération,Intersection en T,Normale,Deux véhicules - côté,,,,,,,,,,,1,2,3,1,3
200600058050,0006-09-03 16:40:00,6,9,3,16,40,690,388,"58, ALBERT THOMAS",,,Plein jour,En agglomération,Hors intersection,Normale,Autre collision,,,,,,,,,,,1,2,1,1,6
200600058051,0006-09-13 23:50:00,6,9,13,23,50,690,388,"00, RUE SAINT ROMAIN",,,Nuit avec éclairage allumé,En agglomération,Intersection en X,Normale,Autre collision,,,,,,,,,,,5,2,2,1,6
200600058052,0006-09-13 11:20:00,6,9,13,11,20,690,388,"00, BOULEVARD DES ETATS",,,Plein jour,En agglomération,Intersection en X,Normale,Deux véhicules - côté,,,,,,,,,,,1,2,2,1,3
200600058053,0006-09-20 13:15:00,6,9,20,13,15,690,388,"155, BOULEVARD DES ETATS",,,Plein jour,Hors agglomération,Hors intersection,Normale,Sans collision,,,,,,,,,,,1,1,1,1,7
200600058054,0006-09-17 18:35:00,6,9,17,18,35,690,388,"93, AVENUE JEAN MERMOZ",,,Plein jour,En agglomération,Hors intersection,Normale,Autre collision,,,,,,,,,,,1,2,1,1,6
200600058055,0006-09-22 07:30:00,6,9,22,7,30,690,388,"84, RUE LAENNEC",,,Plein jour,En agglomération,Hors intersection,Normale,Deux véhicules - côté,,,,,,,,,,,1,2,1,1,3
200600058056,0006-09-23 08:00:00,6,9,23,8,0,690,388,"00, RUE SEIGNEMARTIN",,,Plein jour,En agglomération,Intersection en X,Normale,Deux véhicules - côté,,,,,,,,,,,1,2,2,1,3
200600058057,0006-09-26 16:50:00,6,9,26,16,50,690,388,", PLACE DU 11 NOVEMBRE 1",,,Plein jour,En agglomération,Intersection en X,Normale,Autre collision,,,,,,,,,,,1,2,2,1,6
200600058058,0006-09-12 15:10:00,6,9,12,15,10,690,228,A47,,,Plein jour,Hors agglomération,Hors intersection,Normale,Autre collision,,,,,,,,,,,1,1,1,1,6
200600058059,0006-09-13 01:50:00,6,9,13,1,50,420,207,A47,,,Nuit sans éclairage public,Hors agglomération,Hors intersection,Normale,Sans collision,,,,,,,,,,,3,1,1,1,7
200600058060,0006-09-16 05:45:00,6,9,16,5,45,420,218,RN88,,,Nuit avec éclairage allumé,Hors agglomération,Hors intersection,Pluie légère,Sans collision,,,,,,,,,,,5,1,1,2,7
200600058061,0006-09-17 13:00:00,6,9,17,13,0,420,218,RN88,,,Plein jour,Hors agglomération,Hors intersection,Normale,Deux véhicules - côté,,,,,,,,,,,1,1,1,1,3
200600058062,0006-09-26 07:50:00,6,9,26,7,50,690,91,A47,,,Plein jour,Hors agglomération,Hors intersection,Normale,Deux véhicules - arrière,,,,,,,,,,,1,1,1,1,2
200600058063,0006-09-01 07:30:00,6,9,1,7,30,690,199,A46N   N/S  25.680 A 25.,,,Plein jour,Hors agglomération,Hors intersection,Normale,Deux véhicules - côté,,,,,,,,,,,1,1,1,1,3
200600058064,0006-09-01 12:25:00,6,9,1,12,25,380,487,A7   22.950 A 25.770,,,Plein jour,Hors agglomération,Hors intersection,Normale,Autre collision,,,,,,,,,,,1,1,1,1,6
200600058065,0006-09-04 15:40:00,6,9,4,15,40,690,193,A7   29.920 A 31.960,,,Plein jour,Hors agglomération,Hors intersection,Normale,Sans collision,,,,,,,,,,,1,1,1,1,7
200600058066,0006-09-04 17:45:00,6,9,4,17,45,690,81,A6   449.510 A 451.640,,,Plein jour,Hors agglomération,Hors intersection,Normale,Sans collision,,,,,,,,,,,1,1,1,1,7
200600058067,0006-09-05 21:35:00,6,9,5,21,35,690,281,A46S   49.160 A 53.980,,,Nuit sans éclairage public,Hors agglomération,Hors intersection,Normale,Autre collision,,,,,,,,,,,3,1,1,1,6
200600058068,0006-09-07 18:15:00,6,9,7,18,15,690,297,A7   15.770 A 20.110,,,Plein jour,Hors agglomération,Hors intersection,Normale,Autre collision,,,,,,,,,,,1,1,1,1,6
200600058069,0006-09-08 15:25:00,6,9,8,15,25,690,296,A7   10.992 A 13.970,,,Plein jour,Hors agglomération,Hors intersection,Normale,Autre collision,,,,,,,,,,,1,1,1,1,6
200600058070,0006-09-08 16:35:00,6,9,8,16,35,690,382,A7   0.000 A 2.278,,,Plein jour,Hors agglomération,Hors intersection,Normale,Trois véhicules et plus - en chaîne,,,,,,,,,,,1,1,1,1,4
200600058071,0006-09-08 17:25:00,6,9,8,17,25,690,116,A6   442.500 A 445.030,,,Plein jour,Hors agglomération,Hors intersection,Normale,Trois véhicules et plus - en chaîne,,,,,,,,,,,1,1,1,1,4
200600058072,0006-09-11 16:00:00,6,9,11,16,0,690,29,RD383   7.640 A 11.044,,,Plein jour,Hors agglomération,Hors intersection,Normale,Deux véhicules - arrière,,,,,,,,,,,1,1,1,1,2
200600058073,0006-09-11 17:50:00,6,9,11,17,50,690,29,A43,,,Plein jour,Hors agglomération,Hors intersection,Normale,Trois véhicules et plus - en chaîne,,,,,,,,,,,1,1,1,1,4
200600058074,0006-09-13 23:47:00,6,9,13,23,47,690,266,A46N   18.876 A 19/955,,,Nuit avec éclairage allumé,Hors agglomération,Hors intersection,Normale,Deux véhicules - côté,,,,,,,,,,,5,1,1,1,3
200600058075,0006-09-13 19:10:00,6,9,13,19,10,690,81,BPNL   34.000 A 34.614,,,Plein jour,Hors agglomération,Hors intersection,Normale,Trois véhicules et plus - en chaîne,,,,,,,,,,,1,1,1,1,4
200600058076,0006-09-14 07:40:00,6,9,14,7,40,690,256,A42     0.560 A 4.020,,,Plein jour,Hors agglomération,Intersection en Y,Pluie légère,Deux véhicules - côté,,,,,,,,,,,1,1,4,2,3
200600058077,0006-09-24 09:20:00,6,9,24,9,20,690,294,A7,,,Plein jour,Hors agglomération,Hors intersection,Pluie forte,Deux véhicules - côté,,,,,,,,,,,1,1,1,3,3