accident_id,datetime,annee,mois,jour,heure,minute,departement,commune_insee,adresse,latitude,longitude,luminosite,agglomeration,intersection,meteo,collision,nb_vehicules,nb_usagers,nb_indemnes,nb_tues,nb_blesses_hosp,nb_blesses_legers,age_cond_1,age_cond_2,veh_type_cond_1,veh_type_cond_2,lum_code,agg_code,int_code,atm_code,col_code
200600058210,0006-10-23 15:45:00,6,10,23,15,45,590,139,boulevard du 08 mai 1945,,,Plein jour,En agglomération,Hors intersection,Normale,Autre collision,,,,,,,,,,,1,2,1,1,6
200600058211,0006-10-07 00:30:00,6,10,7,0,30,590,624,De Lattre de Tassigny,,,Nuit avec éclairage allumé,En agglomération,Hors intersection,Normale,Autre collision,,,,,,,,,,,5,2,1,1,6
200600058212,0006-10-10 12:00:00,6,10,10,12,0,590,413,CD45,50.096,3.41,Plein jour,En agglomération,Hors intersection,Normale,Autre collision,,,,,,,,,,,1,2,1,1,6
200600058213,0006-10-06 16:45:00,6,10,6,16,45,590,631,,50.073,3.337,Plein jour,En agglomération,Hors intersection,Normale,Deux véhicules - frontale,,,,,,,,,,,1,2,1,1,1
200600058214,0006-10-22 20:15:00,6,10,22,20,15,590,74,,,,Nuit sans éclairage public,Hors agglomération,Hors intersection,Pluie forte,Autre collision,,,,,,,,,,,3,1,1,3,6
200600058215,0006-10-08 17:00:00,6,10,8,17,0,590,379,02 RUE DE MARQUETTE,,,Plein jour,En agglomération,Hors intersection,Normale,Autre collision,,,,,,,,,,,1,2,1,1,6
200600058216,0006-10-28 07:55:00,6,10,28,7,55,590,449,rue FERRY et rue HERBAUT,,,Crépuscule ou aube,En agglomération,Intersection en X,Temps couvert,Deux véhicules - côté,,,,,,,,,,,2,2,2,8,3
200600058217,0006-10-18 16:30:00,6,10,18,16,30,590,481,rue de Lorgnies,50.259,3.641,Plein jour,En agglomération,Intersection en X,Pluie légère,Deux véhicules - côté,,,,,,,,,,,1,2,2,2,3
200600058218,0006-10-28 20:45:00,6,10,28,20,45,620,731,rue de Bertincourt,,,Nuit avec éclairage allumé,En agglomération,Hors intersection,Normale,Sans collision,,,,,,,,,,,5,2,1,1,7
200600058219,0006-10-01 07:15:00,6,10,1,7,15,620,861,,,,Plein jour,Hors agglomération,Hors intersection,Normale,Sans collision,,,,,,,,,,,1,1,1,1,7
200600058220,0006-10-23 01:00:00,6,10,23,1,0,620,1,rue lancino,,,Nuit avec éclairage allumé,En agglomération,Hors intersection,Normale,Autre collision,,,,,,,,,,,5,2,1,1,6
200600058221,0006-10-12 21:25:00,6,10,12,21,25,620,319,face au  12 Grande Rue,,,Nuit avec éclairage allumé,En agglomération,Hors intersection,Normale,Deux véhicules - frontale,,,,,,,,,,,5,2,1,1,1
200600058222,0006-10-14 16:45:00,6,10,14,16,45,620,298,,50.244,3.15,Plein jour,Hors agglomération,Hors intersection,Normale,Sans collision,,,,,,,,,,,1,1,1,1,7
200600058223,0006-10-22 20:30:00,6,10,22,20,30,620,306,,,,Nuit sans éclairage public,Hors agglomération,Hors intersection,Pluie forte,Deux véhicules - frontale,,,,,,,,,,,3,1,1,3,1
200600058224,0006-10-15 12:00:00,6,10,15,12,0,620,506,CD191 rue de Lincques,,,Plein jour,En agglomération,Intersection en X,Normale,Autre collision,,,,,,,,,,,1,2,2,1,6
200600058225,0006-10-14 01:45:00,6,10,14,1,45,620,870,RUE DE BOISJEAN,,,Nuit avec éclairage allumé,En agglomération,Hors intersection,Normale,Autre collision,,,,,,,,,,,5,2,1,1,6
200600058226,0006-10-01 21:45:00,6,10,1,21,45,620,849,,50.41,1.65,Nuit avec éclairage allumé,Hors agglomération,Hors intersection,Temps couvert,Deux véhicules - frontale,,,,,,,,,,,5,1,1,8,1
200600058227,0006-10-19 16:15:00,6,10,19,16,15,620,359,,50.437,2.069,Plein jour,Hors agglomération,Hors intersection,Normale,Deux véhicules - arrière,,,,,,,,,,,1,1,1,1,2
200600058228,0006-10-31 13:00:00,6,10,31,13,0,620,550,948 route nationale,50.379,2.017,Plein jour,En agglomération,Hors intersection,Normale,Sans collision,,,,,,,,,,,1,2,1,1,7
200600058229,0006-10-20 14:00:00,6,10,20,14,0,620,14,RD 943,,,Plein jour,En agglomération,Intersection en X,Normale,Deux véhicules - côté,,,,,,,,,,,1,2,2,1,3
200600058230,0006-10-21 16:30:00,6,10,21,16,30,620,38,,50.858,1.986,Plein jour,En agglomération,Hors intersection,Normale,Deux véhicules - frontale,,,,,,,,,,,1,2,1,1,1
200600058231,0006-10-29 19:15:00,6,10,29,19,15,620,78,,,,Nuit sans éclairage public,Hors agglomération,Hors intersection,Normale,Autre collision,,,,,,,,,,,3,1,1,1,6
200600058232,0006-10-07 15:45:00,6,10,7,15,45,620,57,523 route d'ostove,,,Plein jour,En agglomération,Hors intersection,Normale,Deux véhicules - côté,,,,,,,,,,,1,2,1,1,3
200600058233,0006-10-06 22:30:00,6,10,6,22,30,620,534,ernard Chochoy    CD 342,,,Nuit avec éclairage allumé,En agglomération,Intersection en X,Normale,Deux véhicules - côté,,,,,,,,,,,5,2,2,1,3
200600058234,0006-10-01 10:00:00,6,10,1,10,0,620,36,CD70,,,Plein jour,En agglomération,Hors intersection,Normale,Deux véhicules - côté,,,,,,,,,,,1,2,1,1,3
200600058235,0006-10-04 09:00:00,6,10,4,9,0,620,647,,,,Plein jour,Hors agglomération,Hors intersection,Normale,Deux véhicules - frontale,,,,,,,,,,,1,1,1,1,1
200600058236,0006-10-05 19:00:00,6,10,5,19,0,620,92,,,,Crépuscule ou aube,Hors agglomération,Hors intersection,Normale,Deux véhicules - côté,,,,,,,,,,,2,1,1,1,3
200600058237,0006-10-06 18:00:00,6,10,6,18,0,620,154,,50.246,2.309,Plein jour,Hors agglomération,Hors intersection,Pluie forte,Deux véhicules - frontale,,,,,,,,,,,1,1,1,3,1
200600058238,0006-10-26 22:15:00,6,10,26,22,15,800,107,,,,Plein jour,Hors agglomération,Hors intersection,Normale,Deux véhicules - frontale,,,,,,,,,,,1,1,1,1,1
200600058239,0006-10-28 18:45:00,6,10,28,18,45,800,732,D1015,,,Crépuscule ou aube,En agglomération,Hors intersection,Normale,Deux véhicules - frontale,,,,,,,,,,,2,2,1,1,1
200600058240,0006-10-31 20:15:00,6,10,31,20,15,800,796,,,,Nuit sans éclairage public,Hors agglomération,Hors intersection,Pluie légère,Autre collision,,,,,,,,,,,3,1,1,2,6
200600058241,0006-10-04 20:00:00,6,10,4,20,0,800,225,,,,Crépuscule ou aube,Hors agglomération,Hors intersection,Normale,Deux véhicules - frontale,,,,,,,,,,,2,1,1,1,1
200600058242,0006-10-07 14:30:00,6,10,7,14,30,800,106,,,,Plein jour,Hors agglomération,Hors intersection,Normale,Sans collision,,,,,,,,,,,1,1,1,1,7
200600058243,0006-10-19 16:15:00,6,10,19,16,15,800,798,,50.016,2.317,Plein jour,Hors agglomération,Hors intersection,Normale,Autre collision,,,,,,,,,,,1,1,1,1,6
200600058244,0006-10-29 10:30:00,6,10,29,10,30,800,793,CD 12 E,,,Plein jour,Hors agglomération,Hors intersection,Normale,Autre collision,,,,,,,,,,,1,1,1,1,6
200600058245,0006-10-07 20:00:00,6,10,7,20,0,800,446,CD 13,,,Nuit avec éclairage allumé,En agglomération,Intersection en X,Normale,Deux véhicules - côté,,,,,,,,,,,5,2,2,1,3
200600058246,0006-10-11 07:15:00,6,10,11,7,15,800,190,,,,Crépuscule ou aube,Hors agglomération,Hors intersection,Pluie légère,Deux véhicules - côté,,,,,,,,,,,2,1,1,2,3
200600058247,0006-10-01 17:00:00,6,10,1,17,0,800,649,rue saint vaat,,,Plein jour,En agglomération,Hors intersection,Normale,Autre collision,,,,,,,,,,,1,2,1,1,6
200600058248,0006-10-05 09:45:00,6,10,5,9,45,800,333,Route de QUEND,50.342,1.572,Plein jour,En agglomération,Hors intersection,Normale,Deux véhicules - côté,,,,,,,,,,,1,2,1,1,3
200600058249,0006-10-15 10:15:00,6,10,15,10,15,800,688,,50.303,1.65,Plein jour,Hors agglomération,Hors intersection,Normale,Sans collision,,,,,,,,,,,1,1,1,1,7
200600058250,0006-10-20 16:15:00,6,10,20,16,15,800,548,,,,Plein jour,Hors agglomération,Hors intersection,Normale,Deux véhicules - frontale,,,,,,,,,,,1,1,1,1,1
200600058251,0006-10-04 17:30:00,6,10,4,17,30,800,253,rue des poissonniers,50.16,2.34,Plein jour,En agglomération,Hors intersection,Normale,Autre collision,,,,,,,,,,,1,2,1,1,6
200600058252,0006-10-29 18:00:00,6,10,29,18,0,800,706,citée ST Charles,50.057,2.142,Nuit avec éclairage allumé,En agglomération,Hors intersection,Normale,Sans collision,,,,,,,,,,,5,2,1,1,7
200600058253,0006-10-13 13:15:00,6,10,13,13,15,800,490,CD 197,50.038,2.811,Plein jour,Hors agglomération,Hors intersection,Normale,Deux véhicules - frontale,,,,,,,,,,,1,1,1,1,1
200600058254,0006-10-19 16:00:00,6,10,19,16,0,800,199,,,,Plein jour,Hors agglomération,Hors intersection,Normale,Deux véhicules - frontale,,,,,,,,,,,1,1,1,1,1
200600058255,0006-10-24 21:15:00,6,10,24,21,15,800,177,,49.906,3.006,Nuit sans éclairage public,Hors agglomération,Intersection en X,Normale,Deux véhicules - côté,,,,,,,,,,,3,1,2,1,3
200600058256,0006-10-03 07:00:00,6,10,3,7,0,800,647,,,,Crépuscule ou aube,Hors agglomération,Intersection en X,Temps couvert,Deux véhicules - côté,,,,,,,,,,,2,1,2,8,3
200600058257,0006-10-22 23:15:00,6,10,22,23,15,800,80,,,,Nuit sans éclairage public,Hors agglomération,Hors intersection,Pluie forte,Sans collision,,,,,,,,,,,3,1,1,3,7
200600058258,0006-10-21 17:30:00,6,10,21,17,30,800,585,"D2930, route de HAM",,,Plein jour,En agglomération,Hors intersection,Normale,Trois véhicules et plus - collisions multiples,,,,,,,,,,,1,2,1,1,5
200600058259,0006-10-09 08:00:00,6,10,9,8,0,20,101,Rue du moulin,49.737,3.856,Plein jour,En agglomération,Hors intersection,Normale,Deux véhicules - frontale,,,,,,,,,,,1,2,1,1,1
200600058260,0006-10-03 20:30:00,6,10,3,20,30,20,685,,,,Crépuscule ou aube,Hors agglomération,Hors intersection,Normale,Deux véhicules - côté,,,,,,,,,,,2,1,1,1,3
200600058261,0006-10-20 03:00:00,6,10,20,3,0,20,746,RD 1044,,,Nuit sans éclairage public,Hors agglomération,Hors intersection,Normale,Sans collision,,,,,,,,,,,3,1,1,1,7
200600058262,0006-10-19 18:30:00,6,10,19,18,30,20,173,24 Rue Pasteur,,,Crépuscule ou aube,En agglomération,Hors intersection,Normale,Deux véhicules - côté,,,,,,,,,,,2,2,1,1,3
200600058263,0006-10-26 21:15:00,6,10,26,21,15,20,820,,,,Nuit sans éclairage public,Hors agglomération,Giratoire,Normale,Autre collision,,,,,,,,,,,3,1,6,1,6
200600058264,0006-10-15 21:30:00,6,10,15,21,30,20,18,rue carnot,,,Nuit avec éclairage allumé,En agglomération,Hors intersection,Normale,Autre collision,,,,,,,,,,,5,2,1,1,6
200600058265,0006-10-02 17:45:00,6,10,2,17,45,20,150,,49.449,3.674,Plein jour,Hors agglomération,Hors intersection,Pluie légère,Autre collision,,,,,,,,,,,1,1,1,2,6
200600058266,0006-10-15 09:00:00,6,10,15,9,0,20,360,Rue de Condé,,,Plein jour,En agglomération,Hors intersection,Normale,Sans collision,,,,,,,,,,,1,2,1,1,7
200600058267,0006-10-12 21:00:00,6,10,12,21,0,20,235,,49.432,3.774,Nuit sans éclairage public,Hors agglomération,Hors intersection,Normale,Autre collision,,,,,,,,,,,3,1,1,1,6
200600058268,0006-10-27 17:30:00,6,10,27,17,30,20,215,,49.461,3.83,Plein jour,Hors agglomération,Hors intersection,Normale,Sans collision,,,,,,,,,,,1,1,1,1,7
200600058269,0006-10-05 06:00:00,6,10,5,6,0,20,720,départementale 60,,,Nuit sans éclairage public,Hors agglomération,Hors intersection,Temps couvert,Sans collision,,,,,,,,,,,3,1,1,8,7
200600058270,0006-10-13 12:30:00,6,10,13,12,30,20,498,rue des charretiers,49.539,3.832,Plein jour,En agglomération,Hors intersection,Normale,Deux véhicules - frontale,,,,,,,,,,,1,2,1,1,1
200600058271,0006-10-07 09:00:00,6,10,7,9,0,20,290,CD1003,,,Plein jour,Hors agglomération,Hors intersection,Normale,Deux véhicules - frontale,,,,,,,,,,,1,1,1,1,1
200600058272,0006-10-06 12:15:00,6,10,6,12,15,20,307,Rue de la Chaussée,,,Plein jour,En agglomération,Hors intersection,Temps couvert,Trois véhicules et plus - collisions multiples,,,,,,,,,,,1,2,1,8,5
200600058273,0006-10-26 05:15:00,6,10,26,5,15,20,355,,,,Nuit sans éclairage public,Hors agglomération,Hors intersection,Normale,Deux véhicules - côté,,,,,,,,,,,3,1,1,1,3
200600058274,0006-10-28 12:00:00,6,10,28,12,0,20,614,,,,Plein jour,Hors agglomération,Hors intersection,Normale,Sans collision,,,,,,,,,,,1,1,1,1,7
200600058275,0006-10-18 09:30:00,6,10,18,9,30,20,95,RUE DU CHATEAU,,,Plein jour,En agglomération,Hors intersection,Normale,Autre collision,,,,,,,,,,,1,2,1,1,6
200600058276,0006-10-18 19:30:00,6,10,18,19,30,20,100,,49.992,3.24,Nuit sans éclairage public,Hors agglomération,Hors intersection,Temps couvert,Deux véhicules - arrière,,,,,,,,,,,3,1,1,8,2
200600058277,0006-10-19 20:15:00,6,10,19,20,15,20,100,,,,Nuit sans éclairage public,Hors agglomération,Hors intersection,Pluie légère,Sans collision,,,,,,,,,,,3,1,1,2,7
200600058278,0006-10-08 14:15:00,6,10,8,14,15,20,485,,,,Plein jour,Hors agglomération,Intersection en X,Normale,Deux véhicules - côté,,,,,,,,,,,1,1,2,1,3
200600058279,0006-10-30 08:30:00,6,10,30,8,30,20,477,Rue de la maison blanche,,,Plein jour,En agglomération,Hors intersection,Brouillard / fumée,Autre collision,,,,,,,,,,,1,2,1,5,6
200600058280,0006-10-01 12:15:00,6,10,1,12,15,20,682,route de BRAINE,,,Plein jour,En agglomération,Intersection en T,Normale,Deux véhicules - frontale,,,,,,,,,,,1,2,3,1,1
200600058281,0006-10-20 09:00:00,6,10,20,9,0,20,514,,49.364,3.1,Plein jour,Hors agglomération,Hors intersection,Pluie légère,Deux véhicules - côté,,,,,,,,,,,1,1,1,2,3
200600058282,0006-10-28 11:00:00,6,10,28,11,0,20,830,,50.013,3.606,Plein jour,En agglomération,Hors intersection,Normale,Deux véhicules - frontale,,,,,,,,,,,1,2,1,1,1
200600058283,0006-10-05 12:00:00,6,10,5,12,0,600,542,,49.405,2.192,Plein jour,Hors agglomération,Hors intersection,Temps couvert,Deux véhicules - arrière,,,,,,,,,,,1,1,1,8,2
200600058284,0006-10-15 20:15:00,6,10,15,20,15,600,103,,49.42,2.261,Nuit sans éclairage public,Hors agglomération,Hors intersection,Normale,Trois véhicules et plus - collisions multiples,,,,,,,,,,,3,1,1,1,5
200600058285,0006-10-16 09:45:00,6,10,16,9,45,600,9,,49.408,2.123,Plein jour,Hors agglomération,Hors intersection,Temps couvert,Sans collision,,,,,,,,,,,1,1,1,8,7
200600058286,0006-10-27 21:30:00,6,10,27,21,30,600,542,,49.393,2.213,Nuit sans éclairage public,Hors agglomération,Hors intersection,Normale,Deux véhicules - côté,,,,,,,,,,,3,1,1,1,3
200600058287,0006-10-05 11:30:00,6,10,5,11,30,600,616,Hameau de DROITTECOURT,,,Plein jour,En agglomération,Hors intersection,Normale,Deux véhicules - arrière,,,,,,,,,,,1,2,1,1,2
200600058288,0006-10-08 11:30:00,6,10,8,11,30,600,333,avenue Klingsor,49.451,1.901,Plein jour,En agglomération,Hors intersection,Normale,Deux véhicules - arrière,,,,,,,,,,,1,2,1,1,2
200600058289,0006-10-09 09:15:00,6,10,9,9,15,600,331,Route du Montcornet,49.351,1.899,Plein jour,Hors agglomération,Hors intersection,Normale,Deux véhicules - côté,,,,,,,,,,,1,1,1,1,3
200600058290,0006-10-14 05:45:00,6,10,14,5,45,600,264,CD927,,,Nuit sans éclairage public,Hors agglomération,Hors intersection,Normale,Deux véhicules - frontale,,,,,,,,,,,3,1,1,1,1
200600058291,0006-10-08 21:40:00,6,10,8,21,40,600,370,rue  alexandre MERELLE,,,Nuit avec éclairage allumé,En agglomération,Hors intersection,Normale,Deux véhicules - côté,,,,,,,,,,,5,2,1,1,3
200600058292,0006-10-27 15:00:00,6,10,27,15,0,600,143,rue d'enencourt,,,Plein jour,En agglomération,Hors intersection,Normale,Deux véhicules - frontale,,,,,,,,,,,1,2,1,1,1
200600058293,0006-10-27 01:30:00,6,10,27,1,30,600,208,,,,Nuit sans éclairage public,Hors agglomération,Hors intersection,Brouillard / fumée,Autre collision,,,,,,,,,,,3,1,1,5,6
200600058294,0006-10-19 12:00:00,6,10,19,12,0,600,122,,49.623,1.755,Plein jour,Hors agglomération,Hors intersection,Normale,Deux véhicules - frontale,,,,,,,,,,,1,1,1,1,1
200600058295,0006-10-09 07:30:00,6,10,9,7,30,600,313,rue de MOUY,,,Nuit sans éclairage public,Hors agglomération,Hors intersection,Normale,Deux véhicules - frontale,,,,,,,,,,,3,1,1,1,1
200600058296,0006-10-28 23:45:00,6,10,28,23,45,600,366,Rue de Wariville,,,Nuit avec éclairage allumé,En agglomération,Hors intersection,Normale,Deux véhicules - côté,,,,,,,,,,,5,2,1,1,3
200600058297,0006-10-18 08:10:00,6,10,18,8,10,600,130,RN 31,,,Plein jour,En agglomération,Hors intersection,Pluie légère,Deux véhicules - côté,,,,,,,,,,,1,2,1,2,3
200600058298,0006-10-15 00:01:00,6,10,15,0,1,600,15,"ur le CD929, au PK 23300",,,Nuit sans éclairage public,Hors agglomération,Hors intersection,Normale,Sans collision,,,,,,,,,,,3,1,1,1,7
200600058299,0006-10-15 21:40:00,6,10,15,21,40,600,439,ersection CD137 / CD 929,,,Nuit sans éclairage public,En agglomération,Intersection en X,Normale,Deux véhicules - côté,,,,,,,,,,,3,2,2,1,3
200600058300,0006-10-27 12:10:00,6,10,27,12,10,600,120,"RD137, PK",,,Plein jour,Hors agglomération,Hors intersection,Temps couvert,Sans collision,,,,,,,,,,,1,1,1,8,7
200600058301,0006-10-29 05:30:00,6,10,29,5,30,600,638,ulation CLERMONT / MOUY),,,Nuit sans éclairage public,Hors agglomération,Hors intersection,Pluie légère,Sans collision,,,,,,,,,,,3,1,1,2,7
200600058302,0006-10-14 15:30:00,6,10,14,15,30,600,222,,,,Plein jour,Hors agglomération,Hors intersection,Normale,Deux véhicules - frontale,,,,,,,,,,,1,1,1,1,1
200600058303,0006-10-23 16:30:00,6,10,23,16,30,600,581,Collège Louise Michèle,,,Plein jour,En agglomération,Hors intersection,Pluie légère,Autre collision,,,,,,,,,,,1,2,1,2,6
200600058304,0006-10-12 11:15:00,6,10,12,11,15,600,167,,,,Plein jour,En agglomération,Hors intersection,Pluie légère,Deux véhicules - frontale,,,,,,,,,,,1,2,1,2,1
200600058305,0006-10-15 16:15:00,6,10,15,16,15,600,445,,,,Plein jour,Hors agglomération,Hors intersection,Normale,Deux véhicules - côté,,,,,,,,,,,1,1,1,1,3
200600058306,0006-10-19 21:00:00,6,10,19,21,0,600,641,,,,Nuit sans éclairage public,Hors agglomération,Hors intersection,Normale,Autre collision,,,,,,,,,,,3,1,1,1,6
200600058307,0006-10-01 21:45:00,6,10,1,21,45,600,150,RD 932,,,Nuit sans éclairage public,Hors agglomération,Hors intersection,Normale,Autre collision,,,,,,,,,,,3,1,1,1,6
200600058308,0006-10-07 07:00:00,6,10,7,7,0,600,166,,49.455,2.786,Crépuscule ou aube,Hors agglomération,Hors intersection,Normale,Deux véhicules - frontale,,,,,,,,,,,2,1,1,1,1
200600058309,0006-10-07 23:50:00,6,10,7,23,50,600,441,RN 31,49.407,2.628,Nuit sans éclairage public,Hors agglomération,Giratoire,Normale,Sans collision,,,,,,,,,,,3,1,6,1,7
200600058310,0006-10-13 20:00:00,6,10,13,20,0,600,511,CD934,,,Nuit sans éclairage public,Hors agglomération,Intersection en X,Normale,Trois véhicules et plus - collisions multiples,,,,,,,,,,,3,1,2,1,5
200600058311,0006-10-18 04:55:00,6,10,18,4,55,600,471,Rue Robert LESTIENNE,,,Nuit avec éclairage allumé,En agglomération,Intersection en X,Pluie légère,Trois véhicules et plus - collisions multiples,,,,,,,,,,,5,2,2,2,5
200600058312,0006-10-24 22:05:00,6,10,24,22,5,600,471,rue d'Orroire,,,Nuit avec éclairage allumé,En agglomération,Hors intersection,Normale,Autre collision,,,,,,,,,,,5,2,1,1,6
200600058313,0006-10-24 15:30:00,6,10,24,15,30,600,181,,,,Plein jour,Hors agglomération,Hors intersection,Pluie légère,Deux véhicules - côté,,,,,,,,,,,1,1,1,2,3
200600058314,0006-10-07 13:30:00,6,10,7,13,30,600,683,CD 922,,,Plein jour,Hors agglomération,Hors intersection,Normale,Autre collision,,,,,,,,,,,1,1,1,1,6
200600058315,0006-10-03 17:15:00,6,10,3,17,15,600,651,39 rue de Senlis,,,Plein jour,En agglomération,Hors intersection,Normale,Deux véhicules - frontale,,,,,,,,,,,1,2,1,1,1
200600058316,0006-10-07 11:40:00,6,10,7,11,40,600,139,CD 105,,,Plein jour,En agglomération,Autre intersection,Normale,Deux véhicules - frontale,,,,,,,,,,,1,2,9,1,1
200600058317,0006-10-01 04:05:00,6,10,1,4,5,600,282,rue Blanche,,,Nuit sans éclairage public,En agglomération,Hors intersection,Normale,Autre collision,,,,,,,,,,,3,2,1,1,6
200600058318,0006-10-12 15:05:00,6,10,12,15,5,600,346,OYE - Route Nationale 16,,,Plein jour,En agglomération,Giratoire,Normale,Autre collision,,,,,,,,,,,1,2,6,1,6
200600058319,0006-10-12 16:15:00,6,10,12,16,15,600,282,122 route de lamorlaye,,,Plein jour,En agglomération,Hors intersection,Normale,Autre collision,,,,,,,,,,,1,2,1,1,6
200600058320,0006-10-16 00:01:00,6,10,16,0,1,600,141,,,,Nuit sans éclairage public,Hors agglomération,Hors intersection,Normale,Deux véhicules - frontale,,,,,,,,,,,3,1,1,1,1
200600058321,0006-10-17 18:00:00,6,10,17,18,0,600,282,,,,Plein jour,Hors agglomération,Hors intersection,Normale,Trois véhicules et plus - collisions multiples,,,,,,,,,,,1,1,1,1,5
200600058322,0006-10-24 17:15:00,6,10,24,17,15,600,589,,49.238,2.472,Plein jour,Hors agglomération,Hors intersection,Normale,Deux véhicules - arrière,,,,,,,,,,,1,1,1,1,2
200600058323,0006-10-28 20:20:00,6,10,28,20,20,600,22,N 330 sens CREIL-SENLIS,,,Nuit sans éclairage public,Hors agglomération,Hors intersection,Normale,Autre collision,,,,,,,,,,,3,1,1,1,6
200600058324,0006-10-14 09:00:00,6,10,14,9,0,600,667,route de saintines,,,Plein jour,En agglomération,Hors intersection,Normale,Autre collision,,,,,,,,,,,1,2,1,1,6
200600058325,0006-10-30 16:30:00,6,10,30,16,30,600,509,8 ter rue Jean Moulin,,,Plein jour,En agglomération,Hors intersection,Normale,Autre collision,,,,,,,,,,,1,2,1,1,6
200600058326,0006-10-14 18:45:00,6,10,14,18,45,760,541,,,,Crépuscule ou aube,Hors agglomération,Intersection en X,Normale,Deux véhicules - côté,,,,,,,,,,,2,1,2,1,3
200600058327,0006-10-04 07:30:00,6,10,4,7,30,760,665,RUE DE LA VILLE AU BOIS,,,Crépuscule ou aube,En agglomération,Hors intersection,Normale,Deux véhicules - frontale,,,,,,,,,,,2,2,1,1,1
200600058328,0006-10-12 15:30:00,6,10,12,15,30,760,71,,,,Plein jour,Hors agglomération,Hors intersection,Normale,Sans collision,,,,,,,,,,,1,1,1,1,7
200600058329,0006-10-27 16:30:00,6,10,27,16,30,760,472,,,,Plein jour,Hors agglomération,Hors intersection,Normale,Deux véhicules - côté,,,,,,,,,,,1,1,1,1,3
200600058330,0006-10-30 16:20:00,6,10,30,16,20,760,235,RUE DE LA HALLE,,,Plein jour,En agglomération,Hors intersection,Normale,Deux véhicules - côté,,,,,,,,,,,1,2,1,1,3
200600058331,0006-10-07 03:30:00,6,10,7,3,30,760,464,RN 14,,,Nuit sans éclairage public,Hors agglomération,Hors intersection,Normale,Autre collision,,,,,,,,,,,3,1,1,1,6
200600058332,0006-10-31 19:00:00,6,10,31,19,0,760,116,,49.395,1.197,Nuit sans éclairage public,Hors agglomération,Hors intersection,Pluie légère,Deux véhicules - arrière,,,,,,,,,,,3,1,1,2,2
200600058333,0006-10-21 13:00:00,6,10,21,13,0,760,169,,,,Plein jour,Hors agglomération,Hors intersection,Normale,Autre collision,,,,,,,,,,,1,1,1,1,6
200600058334,0006-10-22 18:00:00,6,10,22,18,0,760,404,,,,Crépuscule ou aube,Hors agglomération,Intersection en T,Pluie légère,Deux véhicules - côté,,,,,,,,,,,2,1,3,2,3
200600058335,0006-10-15 21:30:00,6,10,15,21,30,760,408,,,,Nuit avec éclairage allumé,En agglomération,Intersection en T,Normale,Deux véhicules - frontale,,,,,,,,,,,5,2,3,1,1
200600058336,0006-10-08 01:20:00,6,10,8,1,20,760,522,CD 910,,,Nuit sans éclairage public,Hors agglomération,Hors intersection,Normale,Sans collision,,,,,,,,,,,3,1,1,1,7
200600058337,0006-10-16 17:50:00,6,10,16,17,50,760,556,Hameau les Côtières,,,Plein jour,Hors agglomération,Hors intersection,Normale,Deux véhicules - frontale,,,,,,,,,,,1,1,1,1,1
200600058338,0006-10-17 16:40:00,6,10,17,16,40,760,462,route de Londinières,,,Plein jour,En agglomération,Hors intersection,Normale,Deux véhicules - frontale,,,,,,,,,,,1,2,1,1,1
200600058339,0006-10-01 16:15:00,6,10,1,16,15,760,35,,49.793,1.75,Plein jour,Hors agglomération,Hors intersection,Normale,Deux véhicules - frontale,,,,,,,,,,,1,1,1,1,1
200600058340,0006-10-08 07:30:00,6,10,8,7,30,760,101,Passage à niveau n° 165,49.939,1.621,Crépuscule ou aube,En agglomération,Passage à niveau,Normale,Autre collision,,,,,,,,,,,2,2,8,1,6
200600058341,0006-10-21 21:45:00,6,10,21,21,45,760,233,,49.803,1.743,Nuit avec éclairage non allumé,Hors agglomération,Hors intersection,Temps couvert,Autre collision,,,,,,,,,,,4,1,1,8,6
200600058342,0006-10-07 10:20:00,6,10,7,10,20,760,295,PK13+100,,,Plein jour,Hors agglomération,Hors intersection,Temps éblouissant,Deux véhicules - côté,,,,,,,,,,,1,1,1,7,3
200600058343,0006-10-24 18:45:00,6,10,24,18,45,760,678,chemin des trois croix,,,Crépuscule ou aube,Hors agglomération,Hors intersection,Normale,Autre collision,,,,,,,,,,,2,1,1,1,6
200600058344,0006-10-12 04:40:00,6,10,12,4,40,760,209,ute de FORGES - PK17+800,,,Nuit sans éclairage public,Hors agglomération,Hors intersection,Normale,Deux véhicules - frontale,,,,,,,,,,,3,1,1,1,1