accident_id,datetime,annee,mois,jour,heure,minute,departement,commune_insee,adresse,latitude,longitude,luminosite,agglomeration,intersection,meteo,collision,nb_vehicules,nb_usagers,nb_indemnes,nb_tues,nb_blesses_hosp,nb_blesses_legers,age_cond_1,age_cond_2,veh_type_cond_1,veh_type_cond_2,lum_code,agg_code,int_code,atm_code,col_code
200600058345,0006-10-13 18:45:00,6,10,13,18,45,760,260,Rond point de la gare,49.485,1.738,Plein jour,En agglomération,Giratoire,Normale,Deux véhicules - côté,,,,,,,,,,,1,2,6,1,3
200600058346,0006-10-14 19:00:00,6,10,14,19,0,760,758,Rue de la république,49.627,0.745,Nuit sans éclairage public,En agglomération,Intersection en X,Normale,Deux véhicules - côté,,,,,,,,,,,3,2,2,1,3
200600058347,0006-10-10 11:45:00,6,10,10,11,45,760,495,Rue Jean Jouvenet,,,Plein jour,En agglomération,Hors intersection,Temps couvert,Deux véhicules - frontale,,,,,,,,,,,1,2,1,8,1
200600058348,0006-10-20 18:45:00,6,10,20,18,45,760,433,,,,Nuit sans éclairage public,Hors agglomération,Hors intersection,Pluie légère,Deux véhicules - côté,,,,,,,,,,,3,1,1,2,3
200600058349,0006-10-28 00:45:00,6,10,28,0,45,760,57,rue Auguste BADIN,49.544,0.945,Nuit avec éclairage allumé,En agglomération,Hors intersection,Normale,Sans collision,,,,,,,,,,,5,2,1,1,7
200600058350,0006-10-12 20:45:00,6,10,12,20,45,760,735,05 RUE DOCTEUR GIRARD,49.878,0.799,Nuit avec éclairage allumé,En agglomération,Hors intersection,Normale,Deux véhicules - frontale,,,,,,,,,,,5,2,1,1,1
200600058351,0006-10-13 16:30:00,6,10,13,16,30,760,315,CD268,,,Plein jour,Hors agglomération,Hors intersection,Normale,Deux véhicules - frontale,,,,,,,,,,,1,1,1,1,1
200600058352,0006-10-01 12:15:00,6,10,1,12,15,270,568,,48.968,0.901,Plein jour,Hors agglomération,Hors intersection,Temps couvert,Sans collision,,,,,,,,,,,1,1,1,8,7
200600058353,0006-10-07 06:45:00,6,10,7,6,45,270,189,au niveau du numéro 30.,,,Nuit sans éclairage public,En agglomération,Autre intersection,Normale,Sans collision,,,,,,,,,,,3,2,9,1,7
200600058354,0006-10-22 16:50:00,6,10,22,16,50,270,424,RD 140 PK 12+900,48.95,0.964,Plein jour,Hors agglomération,Hors intersection,Temps couvert,Autre collision,,,,,,,,,,,1,1,1,8,6
200600058355,0006-10-31 11:30:00,6,10,31,11,30,270,602,830 et rue du grand parc,,,Plein jour,Hors agglomération,Hors intersection,Normale,Deux véhicules - frontale,,,,,,,,,,,1,1,1,1,1
200600058356,0006-10-08 00:30:00,6,10,8,0,30,270,423,ROUTE DE NONANCOURT,,,Nuit sans éclairage public,En agglomération,Hors intersection,Normale,Autre collision,,,,,,,,,,,3,2,1,1,6
200600058357,0006-10-21 15:30:00,6,10,21,15,30,270,416,route des tilleuls,,,Plein jour,En agglomération,Intersection en X,Normale,Deux véhicules - côté,,,,,,,,,,,1,2,2,1,3
200600058358,0006-10-22 18:15:00,6,10,22,18,15,270,438,,48.776,1.166,Plein jour,Hors agglomération,Hors intersection,Pluie légère,Deux véhicules - frontale,,,,,,,,,,,1,1,1,2,1
200600058359,0006-10-08 05:00:00,6,10,8,5,0,270,73,rue cote du torchon,,,Nuit avec éclairage non allumé,En agglomération,Hors intersection,Normale,Autre collision,,,,,,,,,,,4,2,1,1,6
200600058360,0006-10-28 23:15:00,6,10,28,23,15,270,230,24 rue Edmond Signoret,48.874,1.417,Nuit avec éclairage allumé,En agglomération,Hors intersection,Normale,Autre collision,,,,,,,,,,,5,2,1,1,6
200600058361,0006-10-24 18:10:00,6,10,24,18,10,270,422,Rue T. de MARTEL,,,Plein jour,En agglomération,Hors intersection,Normale,Autre collision,,,,,,,,,,,1,2,1,1,6
200600058362,0006-10-08 09:00:00,6,10,8,9,0,270,151,,49.388,1.377,Crépuscule ou aube,Hors agglomération,Hors intersection,Normale,Autre collision,,,,,,,,,,,2,1,1,1,6
200600058363,0006-10-14 08:45:00,6,10,14,8,45,270,672,,,,Nuit sans éclairage public,Hors agglomération,Hors intersection,Pluie légère,Sans collision,,,,,,,,,,,3,1,1,2,7
200600058364,0006-10-01 10:00:00,6,10,1,10,0,270,490,,49.27,1.53,Plein jour,Hors agglomération,Hors intersection,Temps couvert,Deux véhicules - arrière,,,,,,,,,,,1,1,1,8,2
200600058365,0006-10-31 11:45:00,6,10,31,11,45,270,284,rue de la libération,,,Plein jour,En agglomération,Intersection en X,Autre,Deux véhicules - côté,,,,,,,,,,,1,2,2,9,3
200600058366,0006-10-12 06:45:00,6,10,12,6,45,270,398,,49.098,0.647,Nuit avec éclairage allumé,Hors agglomération,Hors intersection,Normale,Autre collision,,,,,,,,,,,5,1,1,1,6
200600058367,0006-10-21 15:00:00,6,10,21,15,0,270,79,,49.158,0.581,Plein jour,Hors agglomération,Intersection en X,Normale,Deux véhicules - côté,,,,,,,,,,,1,1,2,1,3
200600058368,0006-10-20 23:00:00,6,10,20,23,0,270,56,rue des Monts,49.099,0.601,Nuit avec éclairage allumé,En agglomération,Hors intersection,Pluie légère,Sans collision,,,,,,,,,,,5,2,1,2,7
200600058369,0006-10-25 20:15:00,6,10,25,20,15,270,523,,49.05,0.66,Nuit sans éclairage public,Hors agglomération,Hors intersection,Normale,Deux véhicules - côté,,,,,,,,,,,3,1,1,1,3
200600058370,0006-10-29 06:30:00,6,10,29,6,30,270,79,,49.15,0.59,Nuit sans éclairage public,Hors agglomération,Hors intersection,Pluie légère,Sans collision,,,,,,,,,,,3,1,1,2,7
200600058371,0006-10-12 16:00:00,6,10,12,16,0,270,3,126 route de Pacy,,,Plein jour,En agglomération,Hors intersection,Normale,Deux véhicules - frontale,,,,,,,,,,,1,2,1,1,1
200600058372,0006-10-13 15:30:00,6,10,13,15,30,270,150,côte du froc de launay C,,,Plein jour,En agglomération,Autre intersection,Normale,Deux véhicules - côté,,,,,,,,,,,1,2,9,1,3
200600058373,0006-10-10 21:00:00,6,10,10,21,0,270,275,54 rue Marechal LECLERC,49.164,1.332,Nuit avec éclairage allumé,En agglomération,Hors intersection,Normale,Deux véhicules - côté,,,,,,,,,,,5,2,1,1,3
200600058374,0006-10-23 09:30:00,6,10,23,9,30,270,275,,,,Plein jour,Hors agglomération,Hors intersection,Temps couvert,Deux véhicules - côté,,,,,,,,,,,1,1,1,8,3
200600058375,0006-10-24 18:10:00,6,10,24,18,10,270,203,Route du village,,,Plein jour,En agglomération,Hors intersection,Normale,Deux véhicules - frontale,,,,,,,,,,,1,2,1,1,1
200600058376,0006-10-01 16:45:00,6,10,1,16,45,270,322,rue de Louviers,49.227,1.071,Plein jour,En agglomération,Hors intersection,Normale,Deux véhicules - frontale,,,,,,,,,,,1,2,1,1,1
200600058377,0006-10-13 21:15:00,6,10,13,21,15,270,469,rue du général de gaulle,49.308,1.148,Nuit avec éclairage allumé,En agglomération,Hors intersection,Normale,Autre collision,,,,,,,,,,,5,2,1,1,6
200600058378,0006-10-14 19:50:00,6,10,14,19,50,270,365,rue du  11 novembre,,,Crépuscule ou aube,En agglomération,Hors intersection,Normale,Deux véhicules - frontale,,,,,,,,,,,2,2,1,1,1
200600058379,0006-10-14 19:00:00,6,10,14,19,0,270,458,RUE DU BOSC,,,Plein jour,En agglomération,Hors intersection,Normale,Deux véhicules - côté,,,,,,,,,,,1,2,1,1,3
200600058380,0006-10-19 21:15:00,6,10,19,21,15,270,394,,49.299,1.06,Nuit sans éclairage public,Hors agglomération,Hors intersection,Pluie légère,Sans collision,,,,,,,,,,,3,1,1,2,7
200600058381,0006-10-26 17:00:00,6,10,26,17,0,270,322,,49.229,1.064,Plein jour,Hors agglomération,Hors intersection,Normale,Deux véhicules - frontale,,,,,,,,,,,1,1,1,1,1
200600058382,0006-10-27 18:45:00,6,10,27,18,45,270,196,Avenue de forêt de Bord,49.305,1.166,Nuit avec éclairage allumé,En agglomération,Autre intersection,Normale,Autre collision,,,,,,,,,,,5,2,9,1,6
200600058383,0006-10-17 07:45:00,6,10,17,7,45,270,467,Rue Jean Jaurès,,,Crépuscule ou aube,En agglomération,Hors intersection,Normale,Autre collision,,,,,,,,,,,2,2,1,1,6
200600058384,0006-10-20 18:30:00,6,10,20,18,30,270,467,AVENUE DE L EUROPE,,,Crépuscule ou aube,En agglomération,Hors intersection,Pluie légère,Deux véhicules - côté,,,,,,,,,,,2,2,1,2,3
200600058385,0006-10-01 18:30:00,6,10,1,18,30,270,103,CD313,,,Plein jour,Hors agglomération,Intersection en X,Normale,Trois véhicules et plus - collisions multiples,,,,,,,,,,,1,1,2,1,5
200600058386,0006-10-21 09:00:00,6,10,21,9,0,270,269,,49.2,0.48,Plein jour,Hors agglomération,Hors intersection,Temps éblouissant,Deux véhicules - frontale,,,,,,,,,,,1,1,1,7,1
200600058387,0006-10-28 03:00:00,6,10,28,3,0,350,302,,48.194,-2.149,Nuit sans éclairage public,Hors agglomération,Hors intersection,Brouillard / fumée,Deux véhicules - frontale,,,,,,,,,,,3,1,1,5,1
200600058388,0006-10-10 07:05:00,6,10,10,7,5,350,196,L Aabbaye,,,Nuit sans éclairage public,Hors agglomération,Giratoire,Pluie légère,Sans collision,,,,,,,,,,,3,1,6,2,7
200600058389,0006-10-18 08:00:00,6,10,18,8,0,350,240,,,,Crépuscule ou aube,Hors agglomération,Hors intersection,Normale,Deux véhicules - côté,,,,,,,,,,,2,1,1,1,3
200600058390,0006-10-06 23:45:00,6,10,6,23,45,350,71,,,,Nuit sans éclairage public,Hors agglomération,Hors intersection,Normale,Deux véhicules - frontale,,,,,,,,,,,3,1,1,1,1
200600058391,0006-10-12 09:30:00,6,10,12,9,30,350,4,,48.46,-1.48,Plein jour,En agglomération,Hors intersection,Normale,Deux véhicules - côté,,,,,,,,,,,1,2,1,1,3
200600058392,0006-10-19 07:45:00,6,10,19,7,45,350,164,,,,Crépuscule ou aube,En agglomération,Hors intersection,Normale,Deux véhicules - côté,,,,,,,,,,,2,2,1,1,3
200600058393,0006-10-21 21:15:00,6,10,21,21,15,350,71,,,,Nuit sans éclairage public,Hors agglomération,Hors intersection,Normale,Deux véhicules - frontale,,,,,,,,,,,3,1,1,1,1
200600058394,0006-10-14 21:30:00,6,10,14,21,30,350,71,,,,Nuit sans éclairage public,Hors agglomération,Hors intersection,Normale,Deux véhicules - frontale,,,,,,,,,,,3,1,1,1,1
200600058395,0006-10-31 17:45:00,6,10,31,17,45,350,253,,,,Crépuscule ou aube,Hors agglomération,Hors intersection,Normale,Deux véhicules - côté,,,,,,,,,,,2,1,1,1,3
200600058396,0006-10-02 16:30:00,6,10,2,16,30,350,236,07 rue du Pélerin,,,Plein jour,En agglomération,Hors intersection,Normale,Autre collision,,,,,,,,,,,1,2,1,1,6
200600058397,0006-10-11 17:15:00,6,10,11,17,15,350,294,,47.712,-1.996,Plein jour,Hors agglomération,Intersection en X,Pluie forte,Trois véhicules et plus - collisions multiples,,,,,,,,,,,1,1,2,3,5
200600058398,0006-10-16 19:45:00,6,10,16,19,45,350,12,30 rue Adolph Orain,,,Nuit avec éclairage allumé,En agglomération,Hors intersection,Normale,Deux véhicules - frontale,,,,,,,,,,,5,2,1,1,1
200600058399,0006-10-28 00:01:00,6,10,28,0,1,350,98,,47.759,-1.638,Nuit sans éclairage public,Hors agglomération,Hors intersection,Brouillard / fumée,Autre collision,,,,,,,,,,,3,1,1,5,6
200600058400,0006-10-01 15:45:00,6,10,1,15,45,350,219,Les quatre vents,,,Plein jour,Hors agglomération,Hors intersection,Normale,Deux véhicules - côté,,,,,,,,,,,1,1,1,1,3
200600058401,0006-10-08 17:45:00,6,10,8,17,45,350,123,La Corbière,,,Plein jour,Hors agglomération,Hors intersection,Normale,Trois véhicules et plus - en chaîne,,,,,,,,,,,1,1,1,1,4
200600058402,0006-10-06 17:45:00,6,10,6,17,45,350,126,6 rue du général leclerc,,,Plein jour,En agglomération,Hors intersection,Normale,Autre collision,,,,,,,,,,,1,2,1,1,6
200600058403,0006-10-21 10:15:00,6,10,21,10,15,350,127,,,,Plein jour,Hors agglomération,Intersection en T,Normale,Deux véhicules - côté,,,,,,,,,,,1,1,3,1,3
200600058404,0006-10-28 13:00:00,6,10,28,13,0,350,285,,47.779,-2.015,Plein jour,Hors agglomération,Hors intersection,Normale,Sans collision,,,,,,,,,,,1,1,1,1,7
200600058405,0006-10-10 13:30:00,6,10,10,13,30,350,299,,,,Plein jour,Hors agglomération,Hors intersection,Normale,Deux véhicules - côté,,,,,,,,,,,1,1,1,1,3
200600058406,0006-10-27 17:00:00,6,10,27,17,0,350,179,RUE DE LA POSTE,,,Plein jour,En agglomération,Hors intersection,Normale,Deux véhicules - côté,,,,,,,,,,,1,2,1,1,3
200600058407,0006-10-30 11:15:00,6,10,30,11,15,350,299,,,,Plein jour,Hors agglomération,Hors intersection,Normale,Deux véhicules - frontale,,,,,,,,,,,1,1,1,1,1
200600058408,0006-10-09 20:15:00,6,10,9,20,15,350,259,,48.605,-1.681,Nuit sans éclairage public,Hors agglomération,Hors intersection,Normale,Autre collision,,,,,,,,,,,3,1,1,1,6
200600058409,0006-10-11 12:45:00,6,10,11,12,45,350,186,,48.569,-1.78,Plein jour,Hors agglomération,Hors intersection,Temps couvert,Deux véhicules - côté,,,,,,,,,,,1,1,1,8,3
200600058410,0006-10-13 18:15:00,6,10,13,18,15,350,361,rue du port,,,Plein jour,En agglomération,Hors intersection,Normale,Trois véhicules et plus - en chaîne,,,,,,,,,,,1,2,1,1,4
200600058411,0006-10-01 00:20:00,6,10,1,0,20,350,360,pk 15+300,,,Nuit sans éclairage public,Hors agglomération,Hors intersection,Normale,Trois véhicules et plus - collisions multiples,,,,,,,,,,,3,1,1,1,5
200600058412,0006-10-04 18:45:00,6,10,4,18,45,350,72,rue de la FONTAINE,,,Plein jour,En agglomération,Autre intersection,Normale,Deux véhicules - côté,,,,,,,,,,,1,2,9,1,3
200600058413,0006-10-12 20:45:00,6,10,12,20,45,350,105,la vionnière,,,Nuit sans éclairage public,Hors agglomération,Hors intersection,Normale,Deux véhicules - frontale,,,,,,,,,,,3,1,1,1,1
200600058414,0006-10-17 13:45:00,6,10,17,13,45,350,82,La Haute Rive,,,Plein jour,En agglomération,Hors intersection,Normale,Autre collision,,,,,,,,,,,1,2,1,1,6
200600058415,0006-10-27 09:20:00,6,10,27,9,20,350,136,"""le Bois Bouetel""",,,Plein jour,Hors agglomération,Hors intersection,Brouillard / fumée,Deux véhicules - frontale,,,,,,,,,,,1,1,1,5,1
200600058416,0006-10-28 10:45:00,6,10,28,10,45,220,121,,,,Plein jour,Hors agglomération,Hors intersection,Normale,Trois véhicules et plus - collisions multiples,,,,,,,,,,,1,1,1,1,5
200600058417,0006-10-23 15:20:00,6,10,23,15,20,220,389,,,,Plein jour,Hors agglomération,Hors intersection,Autre,Trois véhicules et plus - en chaîne,,,,,,,,,,,1,1,1,9,4
200600058418,0006-10-24 08:00:00,6,10,24,8,0,220,162,rue de la Marne,48.785,-3.049,Crépuscule ou aube,En agglomération,Hors intersection,Pluie forte,Autre collision,,,,,,,,,,,2,2,1,3,6
200600058419,0006-10-07 05:15:00,6,10,7,5,15,220,81,,48.492,-2.633,Nuit sans éclairage public,Hors agglomération,Hors intersection,Normale,Deux véhicules - frontale,,,,,,,,,,,3,1,1,1,1
200600058420,0006-10-07 18:30:00,6,10,7,18,30,220,327,,48.497,-2.017,Plein jour,Hors agglomération,Hors intersection,Temps éblouissant,Deux véhicules - frontale,,,,,,,,,,,1,1,1,7,1
200600058421,0006-10-17 16:00:00,6,10,17,16,0,220,208,,,,Plein jour,Hors agglomération,Hors intersection,Normale,Deux véhicules - frontale,,,,,,,,,,,1,1,1,1,1
200600058422,0006-10-29 19:30:00,6,10,29,19,30,220,327,,48.495,-2.003,Nuit sans éclairage public,Hors agglomération,Hors intersection,Normale,Deux véhicules - frontale,,,,,,,,,,,3,1,1,1,1
200600058423,0006-10-27 18:00:00,6,10,27,18,0,220,305,La ville Huet,,,Plein jour,Hors agglomération,Hors intersection,Normale,Deux véhicules - frontale,,,,,,,,,,,1,1,1,1,1
200600058424,0006-10-15 06:15:00,6,10,15,6,15,220,77,,,,Nuit sans éclairage public,Hors agglomération,Hors intersection,Normale,Sans collision,,,,,,,,,,,3,1,1,1,7
200600058425,0006-10-19 17:30:00,6,10,19,17,30,220,311,11 rue des tilleuls,,,Plein jour,En agglomération,Hors intersection,Normale,Autre collision,,,,,,,,,,,1,2,1,1,6
200600058426,0006-10-22 02:30:00,6,10,22,2,30,220,77,,,,Nuit sans éclairage public,Hors agglomération,Hors intersection,Normale,Sans collision,,,,,,,,,,,3,1,1,1,7
200600058427,0006-10-22 03:45:00,6,10,22,3,45,220,147,La Ville Oreal,,,Nuit sans éclairage public,Hors agglomération,Hors intersection,Pluie légère,Sans collision,,,,,,,,,,,3,1,1,2,7
200600058428,0006-10-06 18:45:00,6,10,6,18,45,220,67,,48.541,-3.18,Plein jour,Hors agglomération,Hors intersection,Normale,Trois véhicules et plus - collisions multiples,,,,,,,,,,,1,1,1,1,5
200600058429,0006-10-19 20:15:00,6,10,19,20,15,220,331,rue du sulon RD 5,,,Nuit avec éclairage allumé,En agglomération,Hors intersection,Normale,Deux véhicules - côté,,,,,,,,,,,5,2,1,1,3
200600058430,0006-10-09 09:15:00,6,10,9,9,15,220,265,,48.748,-3.4,Plein jour,Hors agglomération,Hors intersection,Normale,Deux véhicules - côté,,,,,,,,,,,1,1,1,1,3
200600058431,0006-10-30 21:30:00,6,10,30,21,30,220,194,,48.674,-3.643,Nuit sans éclairage public,Hors agglomération,Hors intersection,Normale,Sans collision,,,,,,,,,,,3,1,1,1,7
200600058432,0006-10-05 22:30:00,6,10,5,22,30,220,168,boulevard mermoz,48.817,-3.455,Nuit avec éclairage allumé,En agglomération,Hors intersection,Normale,Autre collision,,,,,,,,,,,5,2,1,1,6
200600058433,0006-10-17 17:15:00,6,10,17,17,15,220,168,rue de la clarté,48.822,-3.461,Plein jour,En agglomération,Hors intersection,Normale,Autre collision,,,,,,,,,,,1,2,1,1,6
200600058434,0006-10-04 09:45:00,6,10,4,9,45,220,127,Z.A de KERSCAVET,48.787,-3.119,Plein jour,En agglomération,Hors intersection,Normale,Deux véhicules - côté,,,,,,,,,,,1,2,1,1,3
200600058435,0006-10-28 14:00:00,6,10,28,14,0,220,257,,48.729,-3.313,Plein jour,Hors agglomération,Intersection en T,Normale,Deux véhicules - côté,,,,,,,,,,,1,1,3,1,3
200600058436,0006-10-15 21:30:00,6,10,15,21,30,290,161,QUILLOURIN,47.93,-4.065,Nuit sans éclairage public,Hors agglomération,Hors intersection,Normale,Deux véhicules - frontale,,,,,,,,,,,3,1,1,1,1
200600058437,0006-10-15 00:30:00,6,10,15,0,30,290,284,,47.808,-4.262,Nuit sans éclairage public,En agglomération,Hors intersection,Normale,Autre collision,,,,,,,,,,,3,2,1,1,6
200600058438,0006-10-23 11:15:00,6,10,23,11,15,290,158,RUE DU PHARE,47.805,-4.359,Plein jour,En agglomération,Hors intersection,Pluie légère,Deux véhicules - frontale,,,,,,,,,,,1,2,1,2,1
200600058439,0006-10-28 02:15:00,6,10,28,2,15,290,158,,47.807,-4.307,Nuit sans éclairage public,Hors agglomération,Hors intersection,Normale,Autre collision,,,,,,,,,,,3,1,1,1,6
200600058440,0006-10-30 20:00:00,6,10,30,20,0,290,171,RUE LOUIS MEHUT,47.846,-4.284,Nuit avec éclairage allumé,En agglomération,Hors intersection,Normale,Autre collision,,,,,,,,,,,5,2,1,1,6
200600058441,0006-10-02 22:45:00,6,10,2,22,45,290,61,,,,Nuit sans éclairage public,Hors agglomération,Hors intersection,Normale,Deux véhicules - frontale,,,,,,,,,,,3,1,1,1,1
200600058442,0006-10-17 20:15:00,6,10,17,20,15,290,235,Rue de Kerscao,,,Nuit avec éclairage allumé,En agglomération,Intersection en X,Normale,Deux véhicules - frontale,,,,,,,,,,,5,2,2,1,1
200600058443,0006-10-23 09:45:00,6,10,23,9,45,290,235,rue Danton,,,Plein jour,En agglomération,Autre intersection,Pluie légère,Autre collision,,,,,,,,,,,1,2,9,2,6
200600058444,0006-10-11 18:00:00,6,10,11,18,0,290,248,,,,Plein jour,Hors agglomération,Hors intersection,Normale,Deux véhicules - frontale,,,,,,,,,,,1,1,1,1,1
200600058445,0006-10-19 09:15:00,6,10,19,9,15,290,198,,48.626,-4.329,Plein jour,Hors agglomération,Hors intersection,Pluie forte,Deux véhicules - côté,,,,,,,,,,,1,1,1,3,3
200600058446,0006-10-28 16:00:00,6,10,28,16,0,290,55,,48.557,-4.344,Plein jour,Hors agglomération,Hors intersection,Normale,Deux véhicules - arrière,,,,,,,,,,,1,1,1,1,2
200600058447,0006-10-24 16:15:00,6,10,24,16,15,290,160,,48.52,-4.406,Plein jour,Hors agglomération,Hors intersection,Normale,Deux véhicules - côté,,,,,,,,,,,1,1,1,1,3
200600058448,0006-10-06 18:45:00,6,10,6,18,45,290,20,BRIEC - lieu-dit KERLEZ,,,Crépuscule ou aube,Hors agglomération,Hors intersection,Normale,Deux véhicules - côté,,,,,,,,,,,2,1,1,1,3
200600058449,0006-10-04 17:45:00,6,10,4,17,45,290,27,RUE DE PONTADIG,,,Plein jour,En agglomération,Hors intersection,Temps éblouissant,Deux véhicules - côté,,,,,,,,,,,1,2,1,7,3
200600058450,0006-10-27 21:45:00,6,10,27,21,45,290,16,CD 21 / BERNVERN,48.307,-3.948,Nuit sans éclairage public,Hors agglomération,Hors intersection,Normale,Autre collision,,,,,,,,,,,3,1,1,1,6
200600058451,0006-10-28 03:45:00,6,10,28,3,45,290,163,,48.547,-3.896,Nuit sans éclairage public,Hors agglomération,Hors intersection,Normale,Deux véhicules - arrière,,,,,,,,,,,3,1,1,1,2
200600058452,0006-10-29 17:15:00,6,10,29,17,15,560,164,RN 165,47.666,-2.877,Plein jour,Hors agglomération,Hors intersection,Normale,Deux véhicules - côté,,,,,,,,,,,1,1,1,1,3
200600058453,0006-10-01 03:15:00,6,10,1,3,15,560,33,,47.826,-2.092,Nuit sans éclairage public,Hors agglomération,Hors intersection,Pluie légère,Sans collision,,,,,,,,,,,3,1,1,2,7
200600058454,0006-10-04 21:30:00,6,10,4,21,30,560,36,re Landais - ZI Bellevue,,,Nuit avec éclairage allumé,Hors agglomération,Hors intersection,Normale,Deux véhicules - côté,,,,,,,,,,,5,1,1,1,3
200600058455,0006-10-25 17:15:00,6,10,25,17,15,560,36,lieu-dit kermoisan,,,Plein jour,Hors agglomération,Hors intersection,Normale,Deux véhicules - frontale,,,,,,,,,,,1,1,1,1,1
200600058456,0006-10-21 05:30:00,6,10,21,5,30,560,167,PK55G,,,Nuit sans éclairage public,Hors agglomération,Hors intersection,Pluie légère,Autre collision,,,,,,,,,,,3,1,1,2,6
200600058457,0006-10-27 08:45:00,6,10,27,8,45,560,34,Kergroix,,,Plein jour,Hors agglomération,Hors intersection,Brouillard / fumée,Deux véhicules - frontale,,,,,,,,,,,1,1,1,5,1
200600058458,0006-10-28 10:45:00,6,10,28,10,45,560,34,parking SUPER U,47.579,-3.058,Plein jour,En agglomération,Autre intersection,Brouillard / fumée,Autre collision,,,,,,,,,,,1,2,9,5,6
200600058459,0006-10-14 06:00:00,6,10,14,6,0,560,179,,,,Crépuscule ou aube,Hors agglomération,Hors intersection,Temps couvert,Autre collision,,,,,,,,,,,2,1,1,8,6
200600058460,0006-10-15 12:30:00,6,10,15,12,30,560,249,,,,Plein jour,Hors agglomération,Hors intersection,Temps couvert,Trois véhicules et plus - collisions multiples,,,,,,,,,,,1,1,1,8,5
200600058461,0006-10-17 09:00:00,6,10,17,9,0,560,20,,47.784,-2.459,Plein jour,Hors agglomération,Hors intersection,Normale,Deux véhicules - frontale,,,,,,,,,,,1,1,1,1,1
200600058462,0006-10-02 10:15:00,6,10,2,10,15,560,73,Rue de Bellevue,,,Plein jour,En agglomération,Hors intersection,Normale,Autre collision,,,,,,,,,,,1,2,1,1,6
200600058463,0006-10-19 07:45:00,6,10,19,7,45,560,178,28 AVENUE NAPOLEON 1ER,48.073,-2.965,Nuit avec éclairage allumé,En agglomération,Hors intersection,Temps couvert,Autre collision,,,,,,,,,,,5,2,1,8,6
200600058464,0006-10-20 08:00:00,6,10,20,8,0,560,246,,48.051,-2.98,Nuit sans éclairage public,Hors agglomération,Hors intersection,Pluie légère,Autre collision,,,,,,,,,,,3,1,1,2,6
200600058465,0006-10-21 11:45:00,6,10,21,11,45,560,156,,,,Plein jour,Hors agglomération,Hors intersection,Pluie légère,Deux véhicules - frontale,,,,,,,,,,,1,1,1,2,1
200600058466,0006-10-25 07:15:00,6,10,25,7,15,560,151,,48.069,-2.895,Nuit sans éclairage public,Hors agglomération,Hors intersection,Normale,Deux véhicules - frontale,,,,,,,,,,,3,1,1,1,1
200600058467,0006-10-28 19:00:00,6,10,28,19,0,560,237,,,,Plein jour,Hors agglomération,Hors intersection,Normale,Sans collision,,,,,,,,,,,1,1,1,1,7
200600058468,0006-10-30 15:00:00,6,10,30,15,0,560,146,,48.147,-3.001,Plein jour,Hors agglomération,Hors intersection,Normale,Deux véhicules - côté,,,,,,,,,,,1,1,1,1,3
200600058469,0006-10-20 08:00:00,6,10,20,8,0,560,173,48 rue de la république,47.962,-2.974,Nuit avec éclairage allumé,En agglomération,Hors intersection,Pluie légère,Deux véhicules - côté,,,,,,,,,,,5,2,1,2,3
200600058470,0006-10-22 05:00:00,6,10,22,5,0,560,100,,48.073,-3.477,Nuit sans éclairage public,Hors agglomération,Hors intersection,Pluie forte,Autre collision,,,,,,,,,,,3,1,1,3,6
200600058471,0006-10-07 23:00:00,6,10,7,23,0,140,57,,,,Nuit avec éclairage allumé,Hors agglomération,Hors intersection,Normale,Deux véhicules - arrière,,,,,,,,,,,5,1,1,1,2
200600058472,0006-10-15 14:35:00,6,10,15,14,35,140,277,ération et rue de Verriè,,,Plein jour,En agglomération,Giratoire,Normale,Deux véhicules - côté,,,,,,,,,,,1,2,6,1,3
200600058473,0006-10-19 07:45:00,6,10,19,7,45,140,530,RD 37,,,Nuit sans éclairage public,Hors agglomération,Hors intersection,Normale,Deux véhicules - côté,,,,,,,,,,,3,1,1,1,3
200600058474,0006-10-31 17:30:00,6,10,31,17,30,140,547,,,,Plein jour,Hors agglomération,Hors intersection,Normale,Deux véhicules - côté,,,,,,,,,,,1,1,1,1,3
200600058475,0006-10-29 07:00:00,6,10,29,7,0,140,144,,48.942,-0.566,Crépuscule ou aube,Hors agglomération,Hors intersection,Pluie légère,Autre collision,,,,,,,,,,,2,1,1,2,6
200600058476,0006-10-08 10:00:00,6,10,8,10,0,140,422,,,,Plein jour,Hors agglomération,Hors intersection,Normale,Deux véhicules - arrière,,,,,,,,,,,1,1,1,1,2
200600058477,0006-10-18 22:00:00,6,10,18,22,0,140,654,place ROMANET,49.019,-0.035,Nuit sans éclairage public,En agglomération,Place,Normale,Sans collision,,,,,,,,,,,3,2,7,1,7