accident_id,datetime,annee,mois,jour,heure,minute,departement,commune_insee,adresse,latitude,longitude,luminosite,agglomeration,intersection,meteo,collision,nb_vehicules,nb_usagers,nb_indemnes,nb_tues,nb_blesses_hosp,nb_blesses_legers,age_cond_1,age_cond_2,veh_type_cond_1,veh_type_cond_2,lum_code,agg_code,int_code,atm_code,col_code
200600058478,0006-10-25 19:30:00,6,10,25,19,30,140,371,RUE DE LISIEUX,49.011,0.151,Nuit avec éclairage allumé,En agglomération,Hors intersection,Normale,Deux véhicules - frontale,,,,,,,,,,,5,2,1,1,1
200600058479,0006-10-13 17:15:00,6,10,13,17,15,140,55,,49.279,0.109,Plein jour,Hors agglomération,Hors intersection,Normale,Deux véhicules - frontale,,,,,,,,,,,1,1,1,1,1
200600058480,0006-10-18 13:15:00,6,10,18,13,15,140,682,,49.307,0.25,Plein jour,Hors agglomération,Hors intersection,Normale,Sans collision,,,,,,,,,,,1,1,1,1,7
200600058481,0006-10-19 10:00:00,6,10,19,10,0,140,575,intersection des CD 58 e,,,Plein jour,En agglomération,Hors intersection,Normale,Deux véhicules - côté,,,,,,,,,,,1,2,1,1,3
200600058482,0006-10-17 00:30:00,6,10,17,0,30,140,754,,,,Nuit sans éclairage public,Hors agglomération,Hors intersection,Normale,Autre collision,,,,,,,,,,,3,1,1,1,6
200600058483,0006-10-03 18:45:00,6,10,3,18,45,140,549,,,,Plein jour,Hors agglomération,Hors intersection,Normale,Sans collision,,,,,,,,,,,1,1,1,1,7
200600058484,0006-10-05 18:00:00,6,10,5,18,0,500,615,,49.504,-1.483,Plein jour,Hors agglomération,Hors intersection,Pluie légère,Deux véhicules - arrière,,,,,,,,,,,1,1,1,2,2
200600058485,0006-10-07 12:20:00,6,10,7,12,20,500,59,RN 13 - PK 17,,,Plein jour,Hors agglomération,Hors intersection,Normale,Sans collision,,,,,,,,,,,1,1,1,1,7
200600058486,0006-10-05 07:45:00,6,10,5,7,45,500,473,,49.135,-0.996,Nuit sans éclairage public,Hors agglomération,Hors intersection,Pluie légère,Deux véhicules - côté,,,,,,,,,,,3,1,1,2,3
200600058487,0006-10-31 11:45:00,6,10,31,11,45,500,139,Route du Focq,,,Plein jour,En agglomération,Hors intersection,Normale,Deux véhicules - côté,,,,,,,,,,,1,2,1,1,3
200600058488,0006-10-15 16:00:00,6,10,15,16,0,500,505,,,,Plein jour,Hors agglomération,Hors intersection,Normale,Deux véhicules - frontale,,,,,,,,,,,1,1,1,1,1
200600058489,0006-10-10 07:45:00,6,10,10,7,45,500,31,,49.394,-1.763,Crépuscule ou aube,Hors agglomération,Hors intersection,Temps couvert,Deux véhicules - frontale,,,,,,,,,,,2,1,1,8,1
200600058490,0006-10-01 12:45:00,6,10,1,12,45,500,87,,,,Plein jour,Hors agglomération,Hors intersection,Normale,Deux véhicules - côté,,,,,,,,,,,1,1,1,1,3
200600058491,0006-10-08 20:15:00,6,10,8,20,15,500,567,,49.551,-1.465,Plein jour,Hors agglomération,Hors intersection,Normale,Deux véhicules - frontale,,,,,,,,,,,1,1,1,1,1
200600058492,0006-10-09 12:45:00,6,10,9,12,45,500,196,,49.698,-1.276,Plein jour,Hors agglomération,Hors intersection,Normale,Deux véhicules - frontale,,,,,,,,,,,1,1,1,1,1
200600058493,0006-10-14 11:15:00,6,10,14,11,15,500,142,,49.674,-1.412,Plein jour,Hors agglomération,Hors intersection,Normale,Deux véhicules - frontale,,,,,,,,,,,1,1,1,1,1
200600058494,0006-10-22 11:15:00,6,10,22,11,15,500,58,,,,Plein jour,Hors agglomération,Hors intersection,Pluie légère,Autre collision,,,,,,,,,,,1,1,1,2,6
200600058495,0006-10-13 19:15:00,6,10,13,19,15,500,549,,,,Crépuscule ou aube,Hors agglomération,Hors intersection,Normale,Autre collision,,,,,,,,,,,2,1,1,1,6
200600058496,0006-10-20 16:30:00,6,10,20,16,30,500,197,,48.902,-1.358,Plein jour,Hors agglomération,Hors intersection,Normale,Deux véhicules - frontale,,,,,,,,,,,1,1,1,1,1
200600058497,0006-10-07 15:00:00,6,10,7,15,0,500,330,CD900,,,Plein jour,Hors agglomération,Hors intersection,Normale,Deux véhicules - frontale,,,,,,,,,,,1,1,1,1,1
200600058498,0006-10-15 05:15:00,6,10,15,5,15,500,12,,,,Nuit sans éclairage public,Hors agglomération,Hors intersection,Normale,Autre collision,,,,,,,,,,,3,1,1,1,6
200600058499,0006-10-24 08:15:00,6,10,24,8,15,500,208,,49.229,-1.426,Crépuscule ou aube,Hors agglomération,Hors intersection,Pluie légère,Deux véhicules - frontale,,,,,,,,,,,2,1,1,2,1
200600058500,0006-10-30 16:00:00,6,10,30,16,0,500,16,,49.328,-1.345,Plein jour,Hors agglomération,Hors intersection,Pluie légère,Autre collision,,,,,,,,,,,1,1,1,2,6
200600058501,0006-10-01 11:15:00,6,10,1,11,15,500,359,La Grande Rue,,,Plein jour,En agglomération,Hors intersection,Normale,Autre collision,,,,,,,,,,,1,2,1,1,6
200600058502,0006-10-29 22:50:00,6,10,29,22,50,500,428,Les Roustils,,,Nuit sans éclairage public,Hors agglomération,Hors intersection,Normale,Deux véhicules - frontale,,,,,,,,,,,3,1,1,1,1
200600058503,0006-10-27 15:30:00,6,10,27,15,30,500,582,,,,Plein jour,Hors agglomération,Hors intersection,Normale,Deux véhicules - côté,,,,,,,,,,,1,1,1,1,3
200600058504,0006-10-06 12:45:00,6,10,6,12,45,500,256,,,,Plein jour,Hors agglomération,Hors intersection,Temps couvert,Deux véhicules - frontale,,,,,,,,,,,1,1,1,8,1
200600058505,0006-10-08 16:00:00,6,10,8,16,0,500,484,RD976,48.582,-1.094,Plein jour,En agglomération,Hors intersection,Normale,Sans collision,,,,,,,,,,,1,2,1,1,7
200600058506,0006-10-19 19:00:00,6,10,19,19,0,610,258,3 rue de Libcany,,,Nuit avec éclairage allumé,En agglomération,Hors intersection,Pluie légère,Deux véhicules - frontale,,,,,,,,,,,5,2,1,2,1
200600058507,0006-10-15 00:15:00,6,10,15,0,15,610,332,,48.707,-0.361,Nuit avec éclairage allumé,Hors agglomération,Hors intersection,Normale,Deux véhicules - côté,,,,,,,,,,,5,1,1,1,3
200600058508,0006-10-25 19:25:00,6,10,25,19,25,610,330,lieu dit  LA HAIE,48.709,0.377,Nuit sans éclairage public,Hors agglomération,Hors intersection,Normale,Autre collision,,,,,,,,,,,3,1,1,1,6
200600058509,0006-10-04 12:00:00,6,10,4,12,0,610,145,,48.607,-0.609,Plein jour,Hors agglomération,Hors intersection,Normale,Autre collision,,,,,,,,,,,1,1,1,1,6
200600058510,0006-10-27 17:45:00,6,10,27,17,45,610,355,,48.612,-0.715,Plein jour,Hors agglomération,Hors intersection,Normale,Deux véhicules - arrière,,,,,,,,,,,1,1,1,1,2
200600058511,0006-10-20 17:30:00,6,10,20,17,30,610,168,,48.571,-0.389,Plein jour,Hors agglomération,Hors intersection,Normale,Deux véhicules - côté,,,,,,,,,,,1,1,1,1,3
200600058512,0006-10-21 11:15:00,6,10,21,11,15,610,177,,,,Plein jour,Hors agglomération,Autre intersection,Normale,Deux véhicules - côté,,,,,,,,,,,1,1,9,1,3
200600058513,0006-10-29 19:00:00,6,10,29,19,0,610,447,LE BARONNET,,,Crépuscule ou aube,Hors agglomération,Hors intersection,Normale,Autre collision,,,,,,,,,,,2,1,1,1,6
200600058514,0006-10-02 14:15:00,6,10,2,14,15,610,426,CD955 - CD7,,,Plein jour,Hors agglomération,Intersection en X,Pluie forte,Deux véhicules - côté,,,,,,,,,,,1,1,2,3,3
200600058515,0006-10-21 17:45:00,6,10,21,17,45,610,246,,,,Plein jour,Hors agglomération,Hors intersection,Pluie légère,Deux véhicules - frontale,,,,,,,,,,,1,1,1,2,1
200600058516,0006-10-12 18:30:00,6,10,12,18,30,610,456,,48.766,0.659,Plein jour,Hors agglomération,Hors intersection,Pluie forte,Deux véhicules - arrière,,,,,,,,,,,1,1,1,3,2
200600058517,0006-10-30 04:00:00,6,10,30,4,0,610,125,,,,Nuit sans éclairage public,Hors agglomération,Hors intersection,Brouillard / fumée,Autre collision,,,,,,,,,,,3,1,1,5,6
200600058518,0006-10-17 18:15:00,6,10,17,18,15,440,204,Place de la République,47.271,-1.44,Plein jour,En agglomération,Giratoire,Pluie légère,Deux véhicules - côté,,,,,,,,,,,1,2,6,2,3
200600058519,0006-10-02 11:15:00,6,10,2,11,15,440,26,,47.322,-1.477,Plein jour,Hors agglomération,Hors intersection,Pluie légère,Trois véhicules et plus - en chaîne,,,,,,,,,,,1,1,1,2,4
200600058520,0006-10-06 13:30:00,6,10,6,13,30,440,26,RD 37,,,Plein jour,Hors agglomération,Hors intersection,Pluie forte,Deux véhicules - côté,,,,,,,,,,,1,1,1,3,3
200600058521,0006-10-09 12:45:00,6,10,9,12,45,440,26,,47.298,-1.471,Plein jour,Hors agglomération,Intersection en T,Normale,Deux véhicules - frontale,,,,,,,,,,,1,1,3,1,1
200600058522,0006-10-27 18:15:00,6,10,27,18,15,440,26,CV n° 7 près du rond-poi,47.31,-1.506,Crépuscule ou aube,En agglomération,Giratoire,Normale,Autre collision,,,,,,,,,,,2,2,6,1,6
200600058523,0006-10-20 06:45:00,6,10,20,6,45,440,216,Avenue du val de loire -,,,Nuit avec éclairage allumé,En agglomération,Hors intersection,Normale,Deux véhicules - frontale,,,,,,,,,,,5,2,1,1,1
200600058524,0006-10-17 13:45:00,6,10,17,13,45,440,156,,,,Plein jour,Hors agglomération,Hors intersection,Temps couvert,Sans collision,,,,,,,,,,,1,1,1,8,7
200600058525,0006-10-26 18:15:00,6,10,26,18,15,440,202,Rte des crêtes,47.46,-1.278,Nuit sans éclairage public,En agglomération,Hors intersection,Normale,Deux véhicules - frontale,,,,,,,,,,,3,2,1,1,1
200600058526,0006-10-26 16:15:00,6,10,26,16,15,440,77,,47.496,-1.434,Plein jour,Hors agglomération,Hors intersection,Temps éblouissant,Trois véhicules et plus - collisions multiples,,,,,,,,,,,1,1,1,7,5
200600058527,0006-10-16 19:30:00,6,10,16,19,30,440,75,,47.635,-1.444,Nuit sans éclairage public,Hors agglomération,Hors intersection,Normale,Autre collision,,,,,,,,,,,3,1,1,1,6
200600058528,0006-10-21 14:15:00,6,10,21,14,15,440,170,,47.64,-1.24,Plein jour,Hors agglomération,Hors intersection,Normale,Autre collision,,,,,,,,,,,1,1,1,1,6
200600058529,0006-10-08 03:30:00,6,10,8,3,30,440,128,lieu dit ROZAY,47.535,-1.912,Nuit sans éclairage public,En agglomération,Hors intersection,Normale,Autre collision,,,,,,,,,,,3,2,1,1,6
200600058530,0006-10-06 10:05:00,6,10,6,10,5,440,110,Rue François DUPAS,,,Plein jour,En agglomération,Hors intersection,Pluie légère,Autre collision,,,,,,,,,,,1,2,1,2,6
200600058531,0006-10-15 09:30:00,6,10,15,9,30,440,113,,47.58,-1.63,Plein jour,Hors agglomération,Hors intersection,Normale,Autre collision,,,,,,,,,,,1,1,1,1,6
200600058532,0006-10-21 12:30:00,6,10,21,12,30,440,110,impasse du parc,,,Plein jour,En agglomération,Intersection en T,Pluie forte,Deux véhicules - frontale,,,,,,,,,,,1,2,3,3,1
200600058533,0006-10-31 12:30:00,6,10,31,12,30,440,105,,47.71,-1.703,Plein jour,Hors agglomération,Hors intersection,Normale,Deux véhicules - frontale,,,,,,,,,,,1,1,1,1,1
200600058534,0006-10-02 18:45:00,6,10,2,18,45,440,18,,,,Plein jour,Hors agglomération,Hors intersection,Normale,Sans collision,,,,,,,,,,,1,1,1,1,7
200600058535,0006-10-20 10:15:00,6,10,20,10,15,440,101,,,,Plein jour,En agglomération,Hors intersection,Normale,Deux véhicules - côté,,,,,,,,,,,1,2,1,1,3
200600058536,0006-10-31 18:30:00,6,10,31,18,30,440,166,10 rue De Gaulle,47.198,-1.723,Nuit avec éclairage allumé,En agglomération,Hors intersection,Normale,Deux véhicules - côté,,,,,,,,,,,5,2,1,1,3
200600058537,0006-10-07 16:00:00,6,10,7,16,0,440,21,,,,Nuit sans éclairage public,Hors agglomération,Hors intersection,Normale,Autre collision,,,,,,,,,,,3,1,1,1,6
200600058538,0006-10-13 22:45:00,6,10,13,22,45,440,131,,47.116,-2.078,Nuit sans éclairage public,Hors agglomération,Hors intersection,Normale,Autre collision,,,,,,,,,,,3,1,1,1,6
200600058539,0006-10-18 16:00:00,6,10,18,16,0,440,181,,47.03,-1.819,Plein jour,Hors agglomération,Intersection en T,Normale,Deux véhicules - côté,,,,,,,,,,,1,1,3,1,3
200600058540,0006-10-26 10:30:00,6,10,26,10,30,440,87,,46.998,-1.764,Plein jour,Hors agglomération,Hors intersection,Pluie légère,Sans collision,,,,,,,,,,,1,1,1,2,7
200600058541,0006-10-30 10:45:00,6,10,30,10,45,440,47,,47.24,-1.701,Plein jour,Hors agglomération,Hors intersection,Normale,Deux véhicules - côté,,,,,,,,,,,1,1,1,1,3
200600058542,0006-10-04 16:45:00,6,10,4,16,45,440,151,,47.318,-2.269,Plein jour,Hors agglomération,Hors intersection,Normale,Autre collision,,,,,,,,,,,1,1,1,1,6
200600058543,0006-10-12 12:35:00,6,10,12,12,35,440,151,rue de la gare,,,Plein jour,Hors agglomération,Hors intersection,Normale,Deux véhicules - frontale,,,,,,,,,,,1,1,1,1,1
200600058544,0006-10-30 17:00:00,6,10,30,17,0,440,69,bd de gaulle,,,Plein jour,En agglomération,Hors intersection,Normale,Deux véhicules - côté,,,,,,,,,,,1,2,1,1,3
200600058545,0006-10-20 11:15:00,6,10,20,11,15,440,52,ROND POIT DE LA GARE,47.328,-2.08,Plein jour,En agglomération,Hors intersection,Pluie légère,Deux véhicules - arrière,,,,,,,,,,,1,2,1,2,2
200600058546,0006-10-07 14:15:00,6,10,7,14,15,440,129,,,,Plein jour,Hors agglomération,Hors intersection,Normale,Autre collision,,,,,,,,,,,1,1,1,1,6
200600058547,0006-10-27 17:45:00,6,10,27,17,45,440,196,La Doue,,,Plein jour,Hors agglomération,Hors intersection,Normale,Deux véhicules - côté,,,,,,,,,,,1,1,1,1,3
200600058548,0006-10-08 15:15:00,6,10,8,15,15,440,158,39 rue de la Chezine,,,Plein jour,En agglomération,Hors intersection,Normale,Autre collision,,,,,,,,,,,1,2,1,1,6
200600058549,0006-10-09 17:45:00,6,10,9,17,45,440,217,,,,Plein jour,Hors agglomération,Hors intersection,Normale,Autre collision,,,,,,,,,,,1,1,1,1,6
200600058550,0006-10-10 14:30:00,6,10,10,14,30,440,158,"RD 93 PK0,200",,,Plein jour,Hors agglomération,Hors intersection,Normale,Deux véhicules - côté,,,,,,,,,,,1,1,1,1,3
200600058551,0006-10-27 09:45:00,6,10,27,9,45,440,158,,,,Plein jour,Hors agglomération,Hors intersection,Brouillard / fumée,Autre collision,,,,,,,,,,,1,1,1,5,6
200600058552,0006-10-28 18:15:00,6,10,28,18,15,440,45,,47.296,-1.857,Plein jour,Hors agglomération,Intersection en X,Normale,Deux véhicules - côté,,,,,,,,,,,1,1,2,1,3
200600058553,0006-10-09 07:45:00,6,10,9,7,45,440,195,"lieu dit ""Les 4 vents""",,,Crépuscule ou aube,Hors agglomération,Hors intersection,Normale,Deux véhicules - côté,,,,,,,,,,,2,1,1,1,3
200600058554,0006-10-14 16:45:00,6,10,14,16,45,490,278,"10, rue de Bouchemaine",47.426,-0.559,Plein jour,En agglomération,Hors intersection,Normale,Deux véhicules - côté,,,,,,,,,,,1,2,1,1,3
200600058555,0006-10-02 08:15:00,6,10,2,8,15,490,167,,,,Plein jour,Hors agglomération,Hors intersection,Temps couvert,Deux véhicules - côté,,,,,,,,,,,1,1,1,8,3
200600058556,0006-10-25 19:30:00,6,10,25,19,30,490,167,,47.417,-0.497,Nuit sans éclairage public,Hors agglomération,Hors intersection,Normale,Autre collision,,,,,,,,,,,3,1,1,1,6
200600058557,0006-10-02 09:15:00,6,10,2,9,15,490,42,,,,Plein jour,Hors agglomération,Hors intersection,Normale,Deux véhicules - frontale,,,,,,,,,,,1,1,1,1,1
200600058558,0006-10-27 18:45:00,6,10,27,18,45,490,63,Lieu-dit SAINT ANDRE,,,Plein jour,Hors agglomération,Hors intersection,Normale,Deux véhicules - arrière,,,,,,,,,,,1,1,1,1,2
200600058559,0006-10-29 19:00:00,6,10,29,19,0,490,82,,47.323,-0.698,Nuit avec éclairage allumé,Hors agglomération,Hors intersection,Normale,Deux véhicules - côté,,,,,,,,,,,5,1,1,1,3
200600058560,0006-10-09 16:45:00,6,10,9,16,45,490,199,RUE DU BOIS JOLY,47.194,-0.694,Plein jour,En agglomération,Hors intersection,Normale,Deux véhicules - frontale,,,,,,,,,,,1,2,1,1,1
200600058561,0006-10-16 07:15:00,6,10,16,7,15,490,6,,47.171,-0.957,Nuit sans éclairage public,Hors agglomération,Hors intersection,Normale,Autre collision,,,,,,,,,,,3,1,1,1,6
200600058562,0006-10-04 19:00:00,6,10,4,19,0,490,285,Le Petit Lapin,,,Plein jour,Hors agglomération,Hors intersection,Normale,Autre collision,,,,,,,,,,,1,1,1,1,6
200600058563,0006-10-08 04:30:00,6,10,8,4,30,490,301,rue de Bretagne,,,Nuit sans éclairage public,En agglomération,Hors intersection,Normale,Autre collision,,,,,,,,,,,3,2,1,1,6
200600058564,0006-10-12 14:30:00,6,10,12,14,30,490,258,La croix de la Piltière,,,Plein jour,Hors agglomération,Intersection en X,Normale,Deux véhicules - côté,,,,,,,,,,,1,1,2,1,3
200600058565,0006-10-20 21:15:00,6,10,20,21,15,490,332,,,,Nuit avec éclairage allumé,Hors agglomération,Intersection en X,Normale,Deux véhicules - côté,,,,,,,,,,,5,1,2,1,3
200600058566,0006-10-26 17:30:00,6,10,26,17,30,490,204,"""Le Gueteau""",47.389,-0.934,Plein jour,Hors agglomération,Hors intersection,Normale,Autre collision,,,,,,,,,,,1,1,1,1,6
200600058567,0006-10-27 19:30:00,6,10,27,19,30,490,204,38 rue nationale,47.37,-0.935,Plein jour,En agglomération,Hors intersection,Normale,Deux véhicules - frontale,,,,,,,,,,,1,2,1,1,1
200600058568,0006-10-15 11:45:00,6,10,15,11,45,490,18,,,,Plein jour,Hors agglomération,Hors intersection,Normale,Deux véhicules - frontale,,,,,,,,,,,1,1,1,1,1
200600058569,0006-10-17 17:45:00,6,10,17,17,45,490,368,RUE DE JALESNES,,,Plein jour,En agglomération,Hors intersection,Normale,Deux véhicules - frontale,,,,,,,,,,,1,2,1,1,1
200600058570,0006-10-23 13:00:00,6,10,23,13,0,490,143,,,,Plein jour,Hors agglomération,Hors intersection,Normale,Autre collision,,,,,,,,,,,1,1,1,1,6
200600058571,0006-10-07 12:30:00,6,10,7,12,30,490,373,,,,Plein jour,Hors agglomération,Hors intersection,Normale,Deux véhicules - côté,,,,,,,,,,,1,1,1,1,3
200600058572,0006-10-27 13:45:00,6,10,27,13,45,490,356,rue de l'Ecole,,,Plein jour,En agglomération,Hors intersection,Normale,Deux véhicules - côté,,,,,,,,,,,1,2,1,1,3
200600058573,0006-10-15 15:30:00,6,10,15,15,30,490,180,,47.412,-0.129,Plein jour,Hors agglomération,Hors intersection,Normale,Autre collision,,,,,,,,,,,1,1,1,1,6
200600058574,0006-10-10 17:15:00,6,10,10,17,15,490,274,carrefour de la croix du,,,Plein jour,En agglomération,Hors intersection,Normale,Deux véhicules - côté,,,,,,,,,,,1,2,1,1,3
200600058575,0006-10-12 09:15:00,6,10,12,9,15,490,331,place de la mairie,,,Plein jour,En agglomération,Place,Normale,Autre collision,,,,,,,,,,,1,2,7,1,6
200600058576,0006-10-06 13:15:00,6,10,6,13,15,490,298,,,,Plein jour,Hors agglomération,Hors intersection,Pluie légère,Sans collision,,,,,,,,,,,1,1,1,2,7
200600058577,0006-10-31 19:30:00,6,10,31,19,30,490,367,rue du 11 Novembre,47.605,-0.834,Nuit avec éclairage allumé,En agglomération,Hors intersection,Normale,Autre collision,,,,,,,,,,,5,2,1,1,6
200600058578,0006-10-07 16:45:00,6,10,7,16,45,490,347,Rue Longchamp,,,Plein jour,En agglomération,Giratoire,Normale,Deux véhicules - côté,,,,,,,,,,,1,2,6,1,3
200600058579,0006-10-22 02:30:00,6,10,22,2,30,490,216,,,,Nuit sans éclairage public,Hors agglomération,Hors intersection,Normale,Sans collision,,,,,,,,,,,3,1,1,1,7
200600058580,0006-10-28 12:30:00,6,10,28,12,30,530,7,Place de l'église,,,Plein jour,En agglomération,Hors intersection,Normale,Deux véhicules - frontale,,,,,,,,,,,1,2,1,1,1
200600058581,0006-10-23 15:45:00,6,10,23,15,45,530,153,,48.218,-0.447,Plein jour,Hors agglomération,Hors intersection,Pluie forte,Deux véhicules - côté,,,,,,,,,,,1,1,1,3,3
200600058582,0006-10-06 08:00:00,6,10,6,8,0,530,110,,47.877,-0.5,Plein jour,Hors agglomération,Hors intersection,Normale,Deux véhicules - arrière,,,,,,,,,,,1,1,1,1,2
200600058583,0006-10-25 10:30:00,6,10,25,10,30,530,250,,,,Plein jour,Hors agglomération,Hors intersection,Normale,Deux véhicules - côté,,,,,,,,,,,1,1,1,1,3
200600058584,0006-10-14 20:30:00,6,10,14,20,30,530,125,,48.503,-1.06,Nuit sans éclairage public,Hors agglomération,Hors intersection,Normale,Deux véhicules - frontale,,,,,,,,,,,3,1,1,1,1
200600058585,0006-10-22 18:15:00,6,10,22,18,15,530,107,C33- 41 RUE DE BRETAGNE,48.415,-0.817,Crépuscule ou aube,En agglomération,Intersection en X,Temps couvert,Deux véhicules - côté,,,,,,,,,,,2,2,2,8,3
200600058586,0006-10-23 11:30:00,6,10,23,11,30,530,185,la boucherie des bois,,,Plein jour,Hors agglomération,Hors intersection,Pluie légère,Sans collision,,,,,,,,,,,1,1,1,2,7
200600058587,0006-10-30 18:30:00,6,10,30,18,30,530,271,,,,Nuit sans éclairage public,Hors agglomération,Hors intersection,Normale,Deux véhicules - arrière,,,,,,,,,,,3,1,1,1,2
200600058588,0006-10-26 06:50:00,6,10,26,6,50,720,231,02 rue ABEL TIRAND,,,Nuit avec éclairage allumé,En agglomération,Hors intersection,Temps couvert,Autre collision,,,,,,,,,,,5,2,1,8,6
200600058589,0006-10-28 15:30:00,6,10,28,15,30,720,260,La Monerie,,,Plein jour,Hors agglomération,Giratoire,Normale,Sans collision,,,,,,,,,,,1,1,6,1,7
200600058590,0006-10-10 17:00:00,6,10,10,17,0,720,64,Le mont à Regret,,,Plein jour,Hors agglomération,Hors intersection,Normale,Deux véhicules - arrière,,,,,,,,,,,1,1,1,1,2
200600058591,0006-10-05 15:45:00,6,10,5,15,45,720,386,,48.003,0.235,Plein jour,Hors agglomération,Giratoire,Temps couvert,Deux véhicules - côté,,,,,,,,,,,1,1,6,8,3
200600058592,0006-10-01 08:45:00,6,10,1,8,45,720,289,,48.152,0.157,Plein jour,Hors agglomération,Hors intersection,Normale,Deux véhicules - côté,,,,,,,,,,,1,1,1,1,3
200600058593,0006-10-20 16:45:00,6,10,20,16,45,720,247,,,,Plein jour,Hors agglomération,Hors intersection,Normale,Deux véhicules - côté,,,,,,,,,,,1,1,1,1,3
200600058594,0006-10-21 09:45:00,6,10,21,9,45,720,154,R.P  QUEBEC-ST GERMAIN,,,Plein jour,En agglomération,Giratoire,Pluie légère,Autre collision,,,,,,,,,,,1,2,6,2,6
200600058595,0006-10-18 11:45:00,6,10,18,11,45,720,143,rue ste facile,,,Plein jour,En agglomération,Hors intersection,Normale,Deux véhicules - frontale,,,,,,,,,,,1,2,1,1,1
200600058596,0006-10-11 17:30:00,6,10,11,17,30,720,88,,48.211,0.238,Plein jour,Hors agglomération,Hors intersection,Pluie forte,Autre collision,,,,,,,,,,,1,1,1,3,6
200600058597,0006-10-19 22:45:00,6,10,19,22,45,720,39,86 BIS AVENUE DU 11 NOVE,48.191,0.432,Nuit avec éclairage allumé,En agglomération,Hors intersection,Normale,Autre collision,,,,,,,,,,,5,2,1,1,6
200600058598,0006-10-16 09:15:00,6,10,16,9,15,720,277,,,,Plein jour,Hors agglomération,Hors intersection,Brouillard / fumée,Deux véhicules - côté,,,,,,,,,,,1,1,1,5,3
200600058599,0006-10-27 06:30:00,6,10,27,6,30,720,20,,48.254,0.68,Nuit sans éclairage public,Hors agglomération,Hors intersection,Brouillard / fumée,Sans collision,,,,,,,,,,,3,1,1,5,7
200600058600,0006-10-12 21:30:00,6,10,12,21,30,720,78,,48.289,0.163,Nuit sans éclairage public,Hors agglomération,Hors intersection,Normale,Sans collision,,,,,,,,,,,3,1,1,1,7
200600058601,0006-10-04 17:30:00,6,10,4,17,30,850,61,,,,Plein jour,Hors agglomération,Hors intersection,Normale,Autre collision,,,,,,,,,,,1,1,1,1,6
200600058602,0006-10-08 05:00:00,6,10,8,5,0,850,65,,,,Nuit sans éclairage public,Hors agglomération,Hors intersection,Normale,Autre collision,,,,,,,,,,,3,1,1,1,6
200600058603,0006-10-11 07:15:00,6,10,11,7,15,850,196,,,,Crépuscule ou aube,Hors agglomération,Hors intersection,Normale,Deux véhicules - frontale,,,,,,,,,,,2,1,1,1,1
200600058604,0006-10-14 05:30:00,6,10,14,5,30,850,242,Lieu dit la Narducière,,,Nuit sans éclairage public,Hors agglomération,Hors intersection,Brouillard / fumée,Autre collision,,,,,,,,,,,3,1,1,5,6
200600058605,0006-10-21 11:00:00,6,10,21,11,0,850,153,LA GARE,,,Plein jour,En agglomération,Hors intersection,Pluie légère,Deux véhicules - frontale,,,,,,,,,,,1,2,1,2,1
200600058606,0006-10-22 13:30:00,6,10,22,13,30,850,295,rue de l'asson,,,Plein jour,En agglomération,Hors intersection,Normale,Autre collision,,,,,,,,,,,1,2,1,1,6
200600058607,0006-10-26 19:30:00,6,10,26,19,30,850,295,rue Charles de Gaulle,,,Nuit avec éclairage allumé,En agglomération,Hors intersection,Normale,Autre collision,,,,,,,,,,,5,2,1,1,6
200600058608,0006-10-13 23:00:00,6,10,13,23,0,850,15,,,,Nuit sans éclairage public,Hors agglomération,Hors intersection,Normale,Autre collision,,,,,,,,,,,3,1,1,1,6
200600058609,0006-10-18 09:50:00,6,10,18,9,50,850,279,,,,Plein jour,Hors agglomération,Hors intersection,Normale,Deux véhicules - frontale,,,,,,,,,,,1,1,1,1,1
200600058610,0006-10-23 08:15:00,6,10,23,8,15,850,300,,,,Nuit sans éclairage public,Hors agglomération,Hors intersection,Normale,Deux véhicules - frontale,,,,,,,,,,,3,1,1,1,1
200600058611,0006-10-25 07:15:00,6,10,25,7,15,850,178,,46.735,-1.433,Nuit sans éclairage public,Hors agglomération,Hors intersection,Normale,Deux véhicules - frontale,,,,,,,,,,,3,1,1,1,1
200600058612,0006-10-31 13:45:00,6,10,31,13,45,850,300,,46.69,-1.518,Plein jour,Hors agglomération,Hors intersection,Normale,Sans collision,,,,,,,,,,,1,1,1,1,7
200600058613,0006-10-05 09:00:00,6,10,5,9,0,850,92,,46.459,-0.831,Plein jour,Hors agglomération,Hors intersection,Normale,Trois véhicules et plus - collisions multiples,,,,,,,,,,,1,1,1,1,5
200600058614,0006-10-07 16:45:00,6,10,7,16,45,850,111,"Ldt :""La sablière""",46.347,-0.93,Plein jour,En agglomération,Hors intersection,Normale,Deux véhicules - frontale,,,,,,,,,,,1,2,1,1,1