accident_id,datetime,annee,mois,jour,heure,minute,departement,commune_insee,adresse,latitude,longitude,luminosite,agglomeration,intersection,meteo,collision,nb_vehicules,nb_usagers,nb_indemnes,nb_tues,nb_blesses_hosp,nb_blesses_legers,age_cond_1,age_cond_2,veh_type_cond_1,veh_type_cond_2,lum_code,agg_code,int_code,atm_code,col_code
200600058615,0006-10-19 17:30:00,6,10,19,17,30,850,40,CD 19 r de la raffinerie,46.62,-0.91,Plein jour,En agglomération,Hors intersection,Normale,Deux véhicules - frontale,,,,,,,,,,,1,2,1,1,1
200600058616,0006-10-23 11:30:00,6,10,23,11,30,850,216,PK 19+100,46.476,-1.094,Plein jour,Hors agglomération,Intersection en X,Normale,Trois véhicules et plus - collisions multiples,,,,,,,,,,,1,1,2,1,5
200600058617,0006-10-17 12:15:00,6,10,17,12,15,850,31,Les Bougeries,46.797,-0.94,Plein jour,Hors agglomération,Hors intersection,Normale,Deux véhicules - côté,,,,,,,,,,,1,1,1,1,3
200600058618,0006-10-21 09:15:00,6,10,21,9,15,850,125,,46.633,-0.717,Plein jour,Hors agglomération,Hors intersection,Pluie forte,Sans collision,,,,,,,,,,,1,1,1,3,7
200600058619,0006-10-07 21:15:00,6,10,7,21,15,850,47,evard VIAUD GRAND MARAIS,,,Nuit avec éclairage allumé,En agglomération,Intersection en X,Normale,Deux véhicules - frontale,,,,,,,,,,,5,2,2,1,1
200600058620,0006-10-12 08:00:00,6,10,12,8,0,850,96,CD2032 - Rue de Challans,46.894,-1.833,Crépuscule ou aube,En agglomération,Hors intersection,Normale,Deux véhicules - arrière,,,,,,,,,,,2,2,1,1,2
200600058621,0006-10-12 00:30:00,6,10,12,0,30,850,6,CD 40 PK 09+600,46.761,-1.731,Nuit sans éclairage public,Hors agglomération,Hors intersection,Normale,Autre collision,,,,,,,,,,,3,1,1,1,6
200600058622,0006-10-20 15:45:00,6,10,20,15,45,850,211,,,,Plein jour,Hors agglomération,Hors intersection,Normale,Deux véhicules - frontale,,,,,,,,,,,1,1,1,1,1
200600058623,0006-10-13 23:45:00,6,10,13,23,45,850,268,,46.69,-1.84,Nuit sans éclairage public,Hors agglomération,Hors intersection,Normale,Deux véhicules - frontale,,,,,,,,,,,3,1,1,1,1
200600058624,0006-10-25 17:30:00,6,10,25,17,30,850,222,CD 38 Bis,,,Plein jour,En agglomération,Hors intersection,Normale,Deux véhicules - arrière,,,,,,,,,,,1,2,1,1,2
200600058625,0006-10-27 16:00:00,6,10,27,16,0,850,189,"CD 32, passage à niveau",,,Plein jour,Hors agglomération,Hors intersection,Temps éblouissant,Deux véhicules - frontale,,,,,,,,,,,1,1,1,7,1
200600058626,0006-10-14 19:15:00,6,10,14,19,15,850,22,la grande racconnière,,,Crépuscule ou aube,Hors agglomération,Hors intersection,Normale,Trois véhicules et plus - collisions multiples,,,,,,,,,,,2,1,1,1,5
200600058627,0006-10-16 07:50:00,6,10,16,7,50,330,51,Lieu dit Vigneau,,,Crépuscule ou aube,Hors agglomération,Hors intersection,Normale,Deux véhicules - frontale,,,,,,,,,,,2,1,1,1,1
200600058628,0006-10-23 11:50:00,6,10,23,11,50,330,51,du Prieuré de Comprian,,,Plein jour,En agglomération,Hors intersection,Normale,Deux véhicules - frontale,,,,,,,,,,,1,2,1,1,1
200600058629,0006-10-01 01:15:00,6,10,1,1,15,330,519,entre les n° 224 et 226,,,Nuit sans éclairage public,Hors agglomération,Hors intersection,Normale,Deux véhicules - frontale,,,,,,,,,,,3,1,1,1,1
200600058630,0006-10-03 07:45:00,6,10,3,7,45,330,11,avenue de la libération,,,Crépuscule ou aube,En agglomération,Hors intersection,Vent fort / tempête,Deux véhicules - côté,,,,,,,,,,,2,2,1,6,3
200600058631,0006-10-20 05:00:00,6,10,20,5,0,330,11,"92, avenue de Bordeaux",44.773,-1.128,Nuit avec éclairage allumé,En agglomération,Intersection en T,Normale,Deux véhicules - côté,,,,,,,,,,,5,2,3,1,3
200600058632,0006-10-21 04:15:00,6,10,21,4,15,330,11,Place de l'église,,,Nuit avec éclairage allumé,En agglomération,Place,Normale,Autre collision,,,,,,,,,,,5,2,7,1,6
200600058633,0006-10-06 12:40:00,6,10,6,12,40,330,422,"ieu-dit ""Les clochettes""",,,Plein jour,Hors agglomération,Hors intersection,Normale,Autre collision,,,,,,,,,,,1,1,1,1,6
200600058634,0006-10-14 19:45:00,6,10,14,19,45,330,4,cheminde Piètru,,,Nuit sans éclairage public,Hors agglomération,Hors intersection,Normale,Sans collision,,,,,,,,,,,3,1,1,1,7
200600058635,0006-10-27 20:45:00,6,10,27,20,45,330,323,RN 113 - PK 23+700,,,Nuit sans éclairage public,Hors agglomération,Hors intersection,Normale,Autre collision,,,,,,,,,,,3,1,1,1,6
200600058636,0006-10-01 11:00:00,6,10,1,11,0,330,293,9 sens BORDEAUX-LIBOURNE,,,Plein jour,Hors agglomération,Hors intersection,Normale,Autre collision,,,,,,,,,,,1,1,1,1,6
200600058637,0006-10-04 20:00:00,6,10,4,20,0,330,59,LE BOURG,44.78,-0.258,Nuit sans éclairage public,En agglomération,Intersection en X,Normale,Deux véhicules - côté,,,,,,,,,,,3,2,2,1,3
200600058638,0006-10-21 12:30:00,6,10,21,12,30,330,363,CD671,44.797,-0.382,Plein jour,En agglomération,Hors intersection,Normale,Deux véhicules - frontale,,,,,,,,,,,1,2,1,1,1
200600058639,0006-10-03 17:45:00,6,10,3,17,45,330,13,Avenue du Peyrou,,,Plein jour,En agglomération,Hors intersection,Normale,Deux véhicules - arrière,,,,,,,,,,,1,2,1,1,2
200600058640,0006-10-11 01:00:00,6,10,11,1,0,330,225,Pinguet,,,Nuit sans éclairage public,Hors agglomération,Hors intersection,Pluie légère,Autre collision,,,,,,,,,,,3,1,1,2,6
200600058641,0006-10-18 07:30:00,6,10,18,7,30,330,30,,44.6,-0.3,Nuit avec éclairage allumé,Hors agglomération,Intersection en X,Pluie légère,Deux véhicules - frontale,,,,,,,,,,,5,1,2,2,1
200600058642,0006-10-20 18:30:00,6,10,20,18,30,330,30,,44.62,-0.32,Plein jour,Hors agglomération,Hors intersection,Normale,Deux véhicules - frontale,,,,,,,,,,,1,1,1,1,1
200600058643,0006-10-06 20:15:00,6,10,6,20,15,330,425,,,,Nuit sans éclairage public,Hors agglomération,Hors intersection,Normale,Deux véhicules - frontale,,,,,,,,,,,3,1,1,1,1
200600058644,0006-10-26 11:45:00,6,10,26,11,45,330,321,ortie peujard Gauriaguet,45.04,-0.437,Plein jour,Hors agglomération,Hors intersection,Normale,Sans collision,,,,,,,,,,,1,1,1,1,7
200600058645,0006-10-14 13:00:00,6,10,14,13,0,330,345,lieu-dit La vareille,44.66,0.076,Plein jour,Hors agglomération,Hors intersection,Normale,Sans collision,,,,,,,,,,,1,1,1,1,7
200600058646,0006-10-03 16:45:00,6,10,3,16,45,330,66,Le flahutat,,,Plein jour,Hors agglomération,Hors intersection,Normale,Deux véhicules - côté,,,,,,,,,,,1,1,1,1,3
200600058647,0006-10-11 00:01:00,6,10,11,0,1,330,299,ommunale 8 Lieu dit RIET,,,Plein jour,Hors agglomération,Hors intersection,Normale,Sans collision,,,,,,,,,,,1,1,1,1,7
200600058648,0006-10-21 15:30:00,6,10,21,15,30,330,240,ROUTE DE PLASSAN,,,Plein jour,Hors agglomération,Hors intersection,Pluie légère,Deux véhicules - frontale,,,,,,,,,,,1,1,1,2,1
200600058649,0006-10-17 17:30:00,6,10,17,17,30,330,248,"Lieu dit ""Les Bons""",,,Plein jour,Hors agglomération,Hors intersection,Normale,Deux véhicules - frontale,,,,,,,,,,,1,1,1,1,1
200600058650,0006-10-21 06:30:00,6,10,21,6,30,330,322,,,,Nuit sans éclairage public,Hors agglomération,Hors intersection,Normale,Trois véhicules et plus - collisions multiples,,,,,,,,,,,3,1,1,1,5
200600058651,0006-10-10 13:45:00,6,10,10,13,45,330,314,,45.229,-0.768,Plein jour,Hors agglomération,Hors intersection,Pluie légère,Sans collision,,,,,,,,,,,1,1,1,2,7
200600058652,0006-10-14 00:10:00,6,10,14,0,10,330,423,Château BEYCHEVELLES,,,Nuit sans éclairage public,Hors agglomération,Intersection en X,Normale,Deux véhicules - frontale,,,,,,,,,,,3,1,2,1,1
200600058653,0006-10-31 11:45:00,6,10,31,11,45,330,395,"lieu dit Cos, D2",45.236,-0.787,Plein jour,En agglomération,Hors intersection,Normale,Deux véhicules - côté,,,,,,,,,,,1,2,1,1,3
200600058654,0006-10-27 15:25:00,6,10,27,15,25,330,521,carrefour de la raze,,,Plein jour,Hors agglomération,Hors intersection,Normale,Deux véhicules - côté,,,,,,,,,,,1,1,1,1,3
200600058655,0006-10-17 17:45:00,6,10,17,17,45,330,174,LIEU DIT MAZERIS,44.941,-0.28,Plein jour,En agglomération,Hors intersection,Normale,Autre collision,,,,,,,,,,,1,2,1,1,6
200600058656,0006-10-14 10:00:00,6,10,14,10,0,330,466,Lieu dit Magrine,44.82,-0.29,Plein jour,En agglomération,Intersection en X,Brouillard / fumée,Trois véhicules et plus - collisions multiples,,,,,,,,,,,1,2,2,5,5
200600058657,0006-10-03 13:30:00,6,10,3,13,30,330,394,"70 ldt ""Le BOIS de l'OR""",44.89,-0.2,Plein jour,Hors agglomération,Hors intersection,Temps couvert,Autre collision,,,,,,,,,,,1,1,1,8,6
200600058658,0006-10-31 17:15:00,6,10,31,17,15,330,138,rue pierre brossolette,45.041,-0.143,Plein jour,En agglomération,Hors intersection,Normale,Autre collision,,,,,,,,,,,1,2,1,1,6
200600058659,0006-10-05 17:30:00,6,10,5,17,30,240,484,,45.1,0.841,Plein jour,Hors agglomération,Hors intersection,Temps couvert,Sans collision,,,,,,,,,,,1,1,1,8,7
200600058660,0006-10-09 11:45:00,6,10,9,11,45,240,42,Le Ritz,,,Plein jour,Hors agglomération,Hors intersection,Temps couvert,Autre collision,,,,,,,,,,,1,1,1,8,6
200600058661,0006-10-06 12:00:00,6,10,6,12,0,240,540,,45.308,0.863,Plein jour,Hors agglomération,Intersection en X,Normale,Deux véhicules - côté,,,,,,,,,,,1,1,2,1,3
200600058662,0006-10-27 16:45:00,6,10,27,16,45,240,164,RD 67/ RD77,45.341,1.046,Plein jour,En agglomération,Hors intersection,Normale,Deux véhicules - frontale,,,,,,,,,,,1,2,1,1,1
200600058663,0006-10-30 10:00:00,6,10,30,10,0,240,164,Rue André AUDY,45.339,1.049,Plein jour,En agglomération,Hors intersection,Normale,Deux véhicules - arrière,,,,,,,,,,,1,2,1,1,2
200600058664,0006-10-15 12:15:00,6,10,15,12,15,240,77,,,,Plein jour,Hors agglomération,Hors intersection,Normale,Deux véhicules - frontale,,,,,,,,,,,1,1,1,1,1
200600058665,0006-10-22 05:30:00,6,10,22,5,30,240,234,,,,Nuit sans éclairage public,Hors agglomération,Hors intersection,Normale,Sans collision,,,,,,,,,,,3,1,1,1,7
200600058666,0006-10-14 17:00:00,6,10,14,17,0,240,288,,,,Plein jour,Hors agglomération,Hors intersection,Normale,Autre collision,,,,,,,,,,,1,1,1,1,6
200600058667,0006-10-25 14:30:00,6,10,25,14,30,240,584,CD 32 Le Bourg,,,Plein jour,En agglomération,Hors intersection,Normale,Sans collision,,,,,,,,,,,1,2,1,1,7
200600058668,0006-10-08 20:45:00,6,10,8,20,45,240,346,,45.429,0.705,Nuit sans éclairage public,Hors agglomération,Hors intersection,Normale,Deux véhicules - frontale,,,,,,,,,,,3,1,1,1,1
200600058669,0006-10-15 18:00:00,6,10,15,18,0,240,311,,45.523,0.688,Plein jour,Hors agglomération,Hors intersection,Normale,Deux véhicules - frontale,,,,,,,,,,,1,1,1,1,1
200600058670,0006-10-22 00:45:00,6,10,22,0,45,240,458,le Moulin de Villejalet,,,Nuit sans éclairage public,Hors agglomération,Hors intersection,Normale,Sans collision,,,,,,,,,,,3,1,1,1,7
200600058671,0006-10-24 18:15:00,6,10,24,18,15,240,16,CD 675 le maine du bost,45.604,0.705,Plein jour,Hors agglomération,Hors intersection,Normale,Trois véhicules et plus - collisions multiples,,,,,,,,,,,1,1,1,1,5
200600058672,0006-10-14 15:45:00,6,10,14,15,45,240,294,Rue Voltaire,,,Plein jour,En agglomération,Hors intersection,Normale,Deux véhicules - côté,,,,,,,,,,,1,2,1,1,3
200600058673,0006-10-29 01:50:00,6,10,29,1,50,240,520,,44.908,1.199,Nuit sans éclairage public,Hors agglomération,Hors intersection,Normale,Sans collision,,,,,,,,,,,3,1,1,1,7
200600058674,0006-10-13 07:30:00,6,10,13,7,30,240,153,,45.092,1.356,Plein jour,Hors agglomération,Intersection en X,Brouillard / fumée,Deux véhicules - côté,,,,,,,,,,,1,1,2,5,3
200600058675,0006-10-01 12:15:00,6,10,1,12,15,400,164,"CD 932""La poste""",,,Plein jour,Hors agglomération,Hors intersection,Normale,Deux véhicules - côté,,,,,,,,,,,1,1,1,1,3
200600058676,0006-10-03 12:15:00,6,10,3,12,15,400,288,CD 934,,,Plein jour,Hors agglomération,Hors intersection,Temps couvert,Trois véhicules et plus - collisions multiples,,,,,,,,,,,1,1,1,8,5
200600058677,0006-10-23 20:45:00,6,10,23,20,45,400,261,,,,Nuit sans éclairage public,Hors agglomération,Place,Normale,Autre collision,,,,,,,,,,,3,1,7,1,6
200600058678,0006-10-31 11:00:00,6,10,31,11,0,400,228,,,,Plein jour,Hors agglomération,Intersection en X,Normale,Deux véhicules - frontale,,,,,,,,,,,1,1,2,1,1
200600058679,0006-10-11 06:30:00,6,10,11,6,30,400,212,RN 117,43.565,-1.16,Nuit sans éclairage public,En agglomération,Hors intersection,Normale,Autre collision,,,,,,,,,,,3,2,1,1,6
200600058680,0006-10-05 01:50:00,6,10,5,1,50,400,312,RN 10,,,Nuit sans éclairage public,En agglomération,Hors intersection,Pluie légère,Sans collision,,,,,,,,,,,3,2,1,2,7
200600058681,0006-10-17 08:15:00,6,10,17,8,15,400,248,,,,Crépuscule ou aube,Hors agglomération,Hors intersection,Normale,Deux véhicules - côté,,,,,,,,,,,2,1,1,1,3
200600058682,0006-10-22 05:15:00,6,10,22,5,15,400,312,CD 85 - AVENUE DU 1ER MA,,,Nuit avec éclairage allumé,En agglomération,Hors intersection,Normale,Deux véhicules - frontale,,,,,,,,,,,5,2,1,1,1
200600058683,0006-10-30 17:00:00,6,10,30,17,0,400,312,route nationale 10,43.532,-1.463,Plein jour,En agglomération,Hors intersection,Normale,Deux véhicules - arrière,,,,,,,,,,,1,2,1,1,2
200600058684,0006-10-30 20:30:00,6,10,30,20,30,400,44,virage de Throuville,,,Nuit sans éclairage public,Hors agglomération,Hors intersection,Brouillard / fumée,Sans collision,,,,,,,,,,,3,1,1,5,7
200600058685,0006-10-13 16:00:00,6,10,13,16,0,400,46,,,,Plein jour,Hors agglomération,Hors intersection,Temps éblouissant,Deux véhicules - frontale,,,,,,,,,,,1,1,1,7,1
200600058686,0006-10-15 18:45:00,6,10,15,18,45,400,46,,,,Plein jour,Hors agglomération,Hors intersection,Normale,Autre collision,,,,,,,,,,,1,1,1,1,6
200600058687,0006-10-17 17:00:00,6,10,17,17,0,400,217,RUE DU LYCEE,,,Plein jour,En agglomération,Hors intersection,Pluie légère,Deux véhicules - côté,,,,,,,,,,,1,2,1,2,3
200600058688,0006-10-07 20:40:00,6,10,7,20,40,400,246,+ 700 -  RN 134 SABRES,,,Nuit sans éclairage public,Hors agglomération,Hors intersection,Normale,Deux véhicules - frontale,,,,,,,,,,,3,1,1,1,1
200600058689,0006-10-08 20:45:00,6,10,8,20,45,400,307,route de Pissos,,,Nuit sans éclairage public,Hors agglomération,Hors intersection,Normale,Deux véhicules - frontale,,,,,,,,,,,3,1,1,1,1
200600058690,0006-10-25 15:00:00,6,10,25,15,0,400,229,,44.29,-1.102,Plein jour,Hors agglomération,Hors intersection,Normale,Deux véhicules - côté,,,,,,,,,,,1,1,1,1,3
200600058691,0006-10-10 12:30:00,6,10,10,12,30,400,117,route d'Aire sur l'Adour,,,Plein jour,Hors agglomération,Hors intersection,Normale,Deux véhicules - frontale,,,,,,,,,,,1,1,1,1,1
200600058692,0006-10-14 17:00:00,6,10,14,17,0,400,185,CD11 - PK 65970,,,Plein jour,Hors agglomération,Hors intersection,Normale,Deux véhicules - côté,,,,,,,,,,,1,1,1,1,3
200600058693,0006-10-21 06:00:00,6,10,21,6,0,400,102,ROUTE DE SOS,,,Nuit avec éclairage allumé,En agglomération,Hors intersection,Brouillard / fumée,Sans collision,,,,,,,,,,,5,2,1,5,7
200600058694,0006-10-01 11:00:00,6,10,1,11,0,470,145,RN21 PK77+500 croissant,,,Plein jour,Hors agglomération,Hors intersection,Normale,Trois véhicules et plus - en chaîne,,,,,,,,,,,1,1,1,1,4
200600058695,0006-10-16 13:30:00,6,10,16,13,30,470,40,,,,Plein jour,Hors agglomération,Hors intersection,Normale,Deux véhicules - frontale,,,,,,,,,,,1,1,1,1,1
200600058696,0006-10-30 08:40:00,6,10,30,8,40,470,246,RN 113,,,Plein jour,Hors agglomération,Hors intersection,Brouillard / fumée,Trois véhicules et plus - collisions multiples,,,,,,,,,,,1,1,1,5,5
200600058697,0006-10-14 06:00:00,6,10,14,6,0,470,66,,44.248,0.417,Nuit sans éclairage public,Hors agglomération,Hors intersection,Brouillard / fumée,Deux véhicules - frontale,,,,,,,,,,,3,1,1,5,1
200600058698,0006-10-30 17:15:00,6,10,30,17,15,470,154,,44.27,0.528,Plein jour,Hors agglomération,Hors intersection,Normale,Deux véhicules - côté,,,,,,,,,,,1,1,1,1,3
200600058699,0006-10-07 12:45:00,6,10,7,12,45,470,138,pierre d'orival  (CD310),,,Plein jour,Hors agglomération,Hors intersection,Normale,Sans collision,,,,,,,,,,,1,1,1,1,7
200600058700,0006-10-08 10:15:00,6,10,8,10,15,470,86,,44.685,0.229,Plein jour,Hors agglomération,Intersection en X,Temps éblouissant,Deux véhicules - frontale,,,,,,,,,,,1,1,2,7,1
200600058701,0006-10-04 08:45:00,6,10,4,8,45,470,298,,44.426,0.233,Plein jour,Hors agglomération,Hors intersection,Normale,Deux véhicules - arrière,,,,,,,,,,,1,1,1,1,2
200600058702,0006-10-10 19:15:00,6,10,10,19,15,470,310,41 cours de Verdun,,,Nuit avec éclairage allumé,En agglomération,Hors intersection,Normale,Deux véhicules - frontale,,,,,,,,,,,5,2,1,1,1
200600058703,0006-10-28 11:00:00,6,10,28,11,0,470,61,Cap de la Coste,,,Plein jour,Hors agglomération,Intersection en X,Normale,Trois véhicules et plus - en chaîne,,,,,,,,,,,1,1,2,1,4
200600058704,0006-10-23 13:00:00,6,10,23,13,0,470,78,"CD8, PK 8+800",,,Plein jour,Hors agglomération,Hors intersection,Temps couvert,Sans collision,,,,,,,,,,,1,1,1,8,7
200600058705,0006-10-25 16:00:00,6,10,25,16,0,470,78,D8 sur le pont du canal.,44.292,0.28,Plein jour,Hors agglomération,Hors intersection,Normale,Autre collision,,,,,,,,,,,1,1,1,1,6
200600058706,0006-10-03 17:30:00,6,10,3,17,30,470,162,Lieu dit Latourre,,,Plein jour,Hors agglomération,Hors intersection,Pluie légère,Deux véhicules - frontale,,,,,,,,,,,1,1,1,2,1
200600058707,0006-10-07 15:15:00,6,10,7,15,15,470,106,au saulou - CD911,,,Plein jour,En agglomération,Hors intersection,Normale,Deux véhicules - frontale,,,,,,,,,,,1,2,1,1,1
200600058708,0006-10-27 22:00:00,6,10,27,22,0,470,292,,,,Nuit sans éclairage public,Hors agglomération,Hors intersection,Normale,Autre collision,,,,,,,,,,,3,1,1,1,6
200600058709,0006-10-07 09:15:00,6,10,7,9,15,470,173,,,,Plein jour,Hors agglomération,Hors intersection,Normale,Deux véhicules - frontale,,,,,,,,,,,1,1,1,1,1
200600058710,0006-10-07 10:10:00,6,10,7,10,10,470,239,"lieu dit ""pontet""",,,Plein jour,Hors agglomération,Hors intersection,Normale,Deux véhicules - frontale,,,,,,,,,,,1,1,1,1,1
200600058711,0006-10-25 08:25:00,6,10,25,8,25,470,173,au lieu-dit La Seiglal,,,Plein jour,Hors agglomération,Hors intersection,Normale,Autre collision,,,,,,,,,,,1,1,1,1,6
200600058712,0006-10-23 09:00:00,6,10,23,9,0,640,230,RN134,,,Plein jour,Hors agglomération,Hors intersection,Pluie légère,Sans collision,,,,,,,,,,,1,1,1,2,7
200600058713,0006-10-15 14:00:00,6,10,15,14,0,640,399,,43.36,-0.36,Plein jour,Hors agglomération,Hors intersection,Normale,Deux véhicules - arrière,,,,,,,,,,,1,1,1,1,2
200600058714,0006-10-20 09:00:00,6,10,20,9,0,640,417,Pont de Claracq,43.184,-0.26,Plein jour,En agglomération,Hors intersection,Normale,Autre collision,,,,,,,,,,,1,2,1,1,6
200600058715,0006-10-12 00:15:00,6,10,12,0,15,640,160,avenue du Docteur Alexan,43.369,-1.413,Nuit sans éclairage public,En agglomération,Hors intersection,Pluie forte,Sans collision,,,,,,,,,,,3,2,1,3,7
200600058716,0006-10-12 20:10:00,6,10,12,20,10,640,371,N° 63 boulevard GAMBETTA,,,Nuit avec éclairage allumé,En agglomération,Hors intersection,Normale,Deux véhicules - arrière,,,,,,,,,,,5,2,1,1,2
200600058717,0006-10-05 19:00:00,6,10,5,19,0,640,422,36 rue St grat,,,Crépuscule ou aube,En agglomération,Hors intersection,Temps éblouissant,Autre collision,,,,,,,,,,,2,2,1,7,6
200600058718,0006-10-30 07:45:00,6,10,30,7,45,640,20,,,,Plein jour,Hors agglomération,Hors intersection,Normale,Trois véhicules et plus - collisions multiples,,,,,,,,,,,1,1,1,1,5
200600058719,0006-10-01 03:15:00,6,10,1,3,15,640,177,,43.477,-0.723,Nuit sans éclairage public,Hors agglomération,Hors intersection,Normale,Autre collision,,,,,,,,,,,3,1,1,1,6
200600058720,0006-10-19 15:15:00,6,10,19,15,15,640,430,place du forail,,,Plein jour,En agglomération,Giratoire,Normale,Deux véhicules - arrière,,,,,,,,,,,1,2,6,1,2
200600058721,0006-10-24 19:00:00,6,10,24,19,0,640,430,route de BAYONNE,43.495,-0.787,Nuit avec éclairage allumé,En agglomération,Hors intersection,Normale,Deux véhicules - côté,,,,,,,,,,,5,2,1,1,3
200600058722,0006-10-20 19:30:00,6,10,20,19,30,640,254,,43.516,-0.617,Nuit sans éclairage public,Hors agglomération,Hors intersection,Temps couvert,Deux véhicules - frontale,,,,,,,,,,,3,1,1,8,1
200600058723,0006-10-18 08:00:00,6,10,18,8,0,860,226,RN.151 - route de Poitie,,,Crépuscule ou aube,En agglomération,Hors intersection,Pluie légère,Autre collision,,,,,,,,,,,2,2,1,2,6
200600058724,0006-10-18 09:00:00,6,10,18,9,0,860,139,,,,Plein jour,Hors agglomération,Hors intersection,Temps couvert,Deux véhicules - frontale,,,,,,,,,,,1,1,1,8,1
200600058725,0006-10-24 07:45:00,6,10,24,7,45,860,2,,46.75,0.16,Nuit sans éclairage public,Hors agglomération,Hors intersection,Normale,Autre collision,,,,,,,,,,,3,1,1,1,6
200600058726,0006-10-26 18:45:00,6,10,26,18,45,860,177,Rue Daniel Ouvrard,,,Crépuscule ou aube,En agglomération,Hors intersection,Pluie légère,Autre collision,,,,,,,,,,,2,2,1,2,6
200600058727,0006-10-10 12:10:00,6,10,10,12,10,860,274,RN 147,,,Plein jour,Hors agglomération,Autre intersection,Normale,Deux véhicules - côté,,,,,,,,,,,1,1,9,1,3
200600058728,0006-10-21 15:15:00,6,10,21,15,15,860,36,,47.093,0.064,Plein jour,Hors agglomération,Hors intersection,Temps couvert,Deux véhicules - frontale,,,,,,,,,,,1,1,1,8,1
200600058729,0006-10-24 21:00:00,6,10,24,21,0,860,161,rue des eterrasses,46.888,-0.001,Nuit sans éclairage public,En agglomération,Hors intersection,Normale,Sans collision,,,,,,,,,,,3,2,1,1,7
200600058730,0006-10-10 15:15:00,6,10,10,15,15,860,126,,,,Plein jour,Hors agglomération,Hors intersection,Normale,Deux véhicules - arrière,,,,,,,,,,,1,1,1,1,2
200600058731,0006-10-18 20:07:00,6,10,18,20,7,860,70,,,,Nuit sans éclairage public,Hors agglomération,Hors intersection,Normale,Deux véhicules - arrière,,,,,,,,,,,3,1,1,1,2
200600058732,0006-10-08 14:00:00,6,10,8,14,0,860,242,"lieu-dit ""Les Saizines""",46.206,0.379,Plein jour,Hors agglomération,Hors intersection,Normale,Autre collision,,,,,,,,,,,1,1,1,1,6
200600058733,0006-10-10 09:50:00,6,10,10,9,50,860,190,Fontarabie,,,Plein jour,Hors agglomération,Hors intersection,Normale,Autre collision,,,,,,,,,,,1,1,1,1,6
200600058734,0006-10-08 03:00:00,6,10,8,3,0,160,236,,,,Nuit sans éclairage public,Hors agglomération,Hors intersection,Normale,Autre collision,,,,,,,,,,,3,1,1,1,6
200600058735,0006-10-22 08:20:00,6,10,22,8,20,160,230,CD 709 PK 0+425,,,Plein jour,Hors agglomération,Hors intersection,Normale,Autre collision,,,,,,,,,,,1,1,1,1,6
200600058736,0006-10-30 14:30:00,6,10,30,14,30,160,97,,,,Plein jour,Hors agglomération,Hors intersection,Normale,Autre collision,,,,,,,,,,,1,1,1,1,6
200600058737,0006-10-15 05:15:00,6,10,15,5,15,160,160,lieu-dit Le Mancou,45.461,-0.246,Nuit sans éclairage public,En agglomération,Hors intersection,Normale,Deux véhicules - arrière,,,,,,,,,,,3,2,1,1,2
200600058738,0006-10-07 04:30:00,6,10,7,4,30,160,132,,,,Nuit sans éclairage public,Hors agglomération,Hors intersection,Normale,Deux véhicules - frontale,,,,,,,,,,,3,1,1,1,1
200600058739,0006-10-13 17:30:00,6,10,13,17,30,160,245,,,,Plein jour,Hors agglomération,Hors intersection,Normale,Deux véhicules - frontale,,,,,,,,,,,1,1,1,1,1
200600058740,0006-10-09 22:00:00,6,10,9,22,0,160,292,,46.021,0.186,Nuit sans éclairage public,Hors agglomération,Hors intersection,Normale,Deux véhicules - arrière,,,,,,,,,,,3,1,1,1,2
200600058741,0006-10-11 19:00:00,6,10,11,19,0,160,414,"""les loges""",45.885,0.108,Crépuscule ou aube,En agglomération,Hors intersection,Normale,Deux véhicules - côté,,,,,,,,,,,2,2,1,1,3
200600058742,0006-10-31 12:15:00,6,10,31,12,15,160,8,"ALE, LIEU DIT LES MARAIS",,,Plein jour,En agglomération,Autre intersection,Normale,Deux véhicules - côté,,,,,,,,,,,1,2,9,1,3
200600058743,0006-10-04 21:00:00,6,10,4,21,0,160,411,BASLEVILLE,45.9,0.02,Nuit sans éclairage public,En agglomération,Hors intersection,Normale,Deux véhicules - frontale,,,,,,,,,,,3,2,1,1,1
200600058744,0006-10-07 05:30:00,6,10,7,5,30,170,142,"L'abbaye, rue St-Vincent",46.173,-1.075,Nuit sans éclairage public,Hors agglomération,Hors intersection,Normale,Sans collision,,,,,,,,,,,3,1,1,1,7
200600058745,0006-10-08 12:35:00,6,10,8,12,35,170,391,D 108 - le petit chiloup,,,Plein jour,Hors agglomération,Intersection en X,Normale,Deux véhicules - côté,,,,,,,,,,,1,1,2,1,3