accident_id,datetime,annee,mois,jour,heure,minute,departement,commune_insee,adresse,latitude,longitude,luminosite,agglomeration,intersection,meteo,collision,nb_vehicules,nb_usagers,nb_indemnes,nb_tues,nb_blesses_hosp,nb_blesses_legers,age_cond_1,age_cond_2,veh_type_cond_1,veh_type_cond_2,lum_code,agg_code,int_code,atm_code,col_code
200600059014,0006-10-22 15:00:00,6,10,22,15,0,260,313,venue de Provence CD 432,,,Plein jour,En agglomération,Hors intersection,Normale,Deux véhicules - frontale,,,,,,,,,,,1,2,1,1,1
200600059015,0006-10-03 20:30:00,6,10,3,20,30,260,37,,44.861,4.978,Nuit sans éclairage public,Hors agglomération,Hors intersection,Normale,Deux véhicules - côté,,,,,,,,,,,3,1,1,1,3
200600059016,0006-10-16 20:25:00,6,10,16,20,25,260,125,Carrefour d'ALLEX,,,Nuit sans éclairage public,Hors agglomération,Intersection en X,Normale,Deux véhicules - frontale,,,,,,,,,,,3,1,2,1,1
200600059017,0006-10-03 09:30:00,6,10,3,9,30,260,17,cd 140,,,Plein jour,Hors agglomération,Hors intersection,Normale,Sans collision,,,,,,,,,,,1,1,1,1,7
200600059018,0006-10-26 20:55:00,6,10,26,20,55,260,116,RN7 LES EOLIENNES,,,Nuit sans éclairage public,Hors agglomération,Autre intersection,Normale,Deux véhicules - côté,,,,,,,,,,,3,1,9,1,3
200600059019,0006-10-27 15:15:00,6,10,27,15,15,260,85,,,,Plein jour,Hors agglomération,Hors intersection,Normale,Sans collision,,,,,,,,,,,1,1,1,1,7
200600059020,0006-10-14 04:00:00,6,10,14,4,0,260,377,,,,Nuit sans éclairage public,Hors agglomération,Hors intersection,Normale,Autre collision,,,,,,,,,,,3,1,1,1,6
200600059021,0006-10-26 18:15:00,6,10,26,18,15,260,61,Le Village - CD 112,,,Plein jour,En agglomération,Hors intersection,Normale,Deux véhicules - frontale,,,,,,,,,,,1,2,1,1,1
200600059022,0006-10-31 01:00:00,6,10,31,1,0,260,84,,,,Nuit sans éclairage public,Hors agglomération,Hors intersection,Normale,Autre collision,,,,,,,,,,,3,1,1,1,6
200600059023,0006-10-27 23:30:00,6,10,27,23,30,260,302,Avenue du Vercors,,,Nuit avec éclairage allumé,En agglomération,Hors intersection,Normale,Autre collision,,,,,,,,,,,5,2,1,1,6
200600059024,0006-10-20 18:15:00,6,10,20,18,15,260,10,,,,Crépuscule ou aube,Hors agglomération,Hors intersection,Pluie légère,Sans collision,,,,,,,,,,,2,1,1,2,7
200600059025,0006-10-04 16:00:00,6,10,4,16,0,260,347,,,,Plein jour,Hors agglomération,Hors intersection,Temps éblouissant,Deux véhicules - frontale,,,,,,,,,,,1,1,1,7,1
200600059026,0006-10-17 08:30:00,6,10,17,8,30,260,347,avenue du Vercors,,,Plein jour,En agglomération,Hors intersection,Normale,Autre collision,,,,,,,,,,,1,2,1,1,6
200600059027,0006-10-22 10:30:00,6,10,22,10,30,260,38,rrefour CD 153 et CD 101,,,Plein jour,Hors agglomération,Intersection en X,Normale,Deux véhicules - côté,,,,,,,,,,,1,1,2,1,3
200600059028,0006-10-27 20:40:00,6,10,27,20,40,380,547,"Aristide Bergès, Lancey",,,Nuit avec éclairage allumé,En agglomération,Hors intersection,Normale,Deux véhicules - frontale,,,,,,,,,,,5,2,1,1,1
200600059029,0006-10-20 17:30:00,6,10,20,17,30,380,150,Route de Grenoble,,,Plein jour,En agglomération,Hors intersection,Normale,Sans collision,,,,,,,,,,,1,2,1,1,7
200600059030,0006-10-09 21:40:00,6,10,9,21,40,380,474,Avenue de VALENCE,,,Nuit avec éclairage allumé,En agglomération,Hors intersection,Normale,Deux véhicules - côté,,,,,,,,,,,5,2,1,1,3
200600059031,0006-10-20 06:00:00,6,10,20,6,0,380,540,Le petit port,,,Nuit sans éclairage public,Hors agglomération,Hors intersection,Pluie légère,Deux véhicules - frontale,,,,,,,,,,,3,1,1,2,1
200600059032,0006-10-23 18:45:00,6,10,23,18,45,380,474,rue de la maladière,,,Crépuscule ou aube,En agglomération,Hors intersection,Normale,Deux véhicules - frontale,,,,,,,,,,,2,2,1,1,1
200600059033,0006-10-02 09:15:00,6,10,2,9,15,380,214,,,,Plein jour,Hors agglomération,Hors intersection,Normale,Autre collision,,,,,,,,,,,1,1,1,1,6
200600059034,0006-10-12 12:45:00,6,10,12,12,45,380,303,LE NAN,45.294,5.94,Plein jour,Hors agglomération,Hors intersection,Normale,Deux véhicules - arrière,,,,,,,,,,,1,1,1,1,2
200600059035,0006-10-24 07:45:00,6,10,24,7,45,380,262,,,,Plein jour,Hors agglomération,Hors intersection,Pluie légère,Deux véhicules - frontale,,,,,,,,,,,1,1,1,2,1
200600059036,0006-10-12 09:45:00,6,10,12,9,45,380,545,Chemin de Champrond,,,Plein jour,Hors agglomération,Hors intersection,Normale,Autre collision,,,,,,,,,,,1,1,1,1,6
200600059037,0006-10-27 20:45:00,6,10,27,20,45,380,565,Ave juin 1940,45.307,5.627,Nuit avec éclairage allumé,En agglomération,Hors intersection,Normale,Deux véhicules - frontale,,,,,,,,,,,5,2,1,1,1
200600059038,0006-10-04 16:30:00,6,10,4,16,30,380,269,AVENUE DE LA REPUBLIQUE,44.905,5.783,Plein jour,En agglomération,Hors intersection,Normale,Deux véhicules - frontale,,,,,,,,,,,1,2,1,1,1
200600059039,0006-10-16 18:45:00,6,10,16,18,45,380,265,CD 529,,,Nuit avec éclairage allumé,En agglomération,Hors intersection,Normale,Deux véhicules - côté,,,,,,,,,,,5,2,1,1,3
200600059040,0006-10-19 06:55:00,6,10,19,6,55,380,269,RN85,,,Crépuscule ou aube,Hors agglomération,Intersection en X,Normale,Deux véhicules - côté,,,,,,,,,,,2,1,2,1,3
200600059041,0006-10-30 12:15:00,6,10,30,12,15,380,243,,44.791,5.646,Plein jour,Hors agglomération,Hors intersection,Normale,Deux véhicules - côté,,,,,,,,,,,1,1,1,1,3
200600059042,0006-10-15 15:15:00,6,10,15,15,15,380,478,,,,Plein jour,Hors agglomération,Hors intersection,Normale,Trois véhicules et plus - collisions multiples,,,,,,,,,,,1,1,1,1,5
200600059043,0006-10-16 16:30:00,6,10,16,16,30,380,194,D 519 et rue Parmentier.,,,Plein jour,Hors agglomération,Hors intersection,Normale,Deux véhicules - frontale,,,,,,,,,,,1,1,1,1,1
200600059044,0006-10-18 08:00:00,6,10,18,8,0,380,239,,,,Plein jour,Hors agglomération,Hors intersection,Normale,Deux véhicules - côté,,,,,,,,,,,1,1,1,1,3
200600059045,0006-10-13 15:00:00,6,10,13,15,0,380,337,ique - Rue du Plan - Rue,,,Plein jour,En agglomération,Hors intersection,Normale,Deux véhicules - côté,,,,,,,,,,,1,2,1,1,3
200600059046,0006-10-16 15:35:00,6,10,16,15,35,380,490,CD 119,,,Plein jour,Hors agglomération,Hors intersection,Normale,Deux véhicules - frontale,,,,,,,,,,,1,1,1,1,1
200600059047,0006-10-22 00:45:00,6,10,22,0,45,380,505,CD157,,,Nuit sans éclairage public,Hors agglomération,Hors intersection,Pluie légère,Deux véhicules - côté,,,,,,,,,,,3,1,1,2,3
200600059048,0006-10-08 05:00:00,6,10,8,5,0,380,517,,45.288,5.483,Nuit sans éclairage public,Hors agglomération,Hors intersection,Normale,Autre collision,,,,,,,,,,,3,1,1,1,6
200600059049,0006-10-29 12:15:00,6,10,29,12,15,380,117,,45.182,5.418,Plein jour,Hors agglomération,Hors intersection,Normale,Deux véhicules - frontale,,,,,,,,,,,1,1,1,1,1
200600059050,0006-10-31 18:00:00,6,10,31,18,0,380,517,BOULEVARD MICHEL PERRET,,,Nuit avec éclairage allumé,En agglomération,Hors intersection,Normale,Deux véhicules - frontale,,,,,,,,,,,5,2,1,1,1
200600059051,0006-10-02 13:00:00,6,10,2,13,0,380,348,75 rue de la salière,45.593,5.311,Plein jour,En agglomération,Hors intersection,Normale,Deux véhicules - frontale,,,,,,,,,,,1,2,1,1,1
200600059052,0006-10-10 08:10:00,6,10,10,8,10,380,156,RN 85- LA COMBE,,,Plein jour,En agglomération,Hors intersection,Normale,Deux véhicules - côté,,,,,,,,,,,1,2,1,1,3
200600059053,0006-10-15 04:30:00,6,10,15,4,30,380,467,,45.67,5.331,Nuit sans éclairage public,Hors agglomération,Hors intersection,Brouillard / fumée,Autre collision,,,,,,,,,,,3,1,1,5,6
200600059054,0006-10-01 00:15:00,6,10,1,0,15,380,515,,45.69,5.32,Nuit sans éclairage public,Hors agglomération,Hors intersection,Temps couvert,Autre collision,,,,,,,,,,,3,1,1,8,6
200600059055,0006-10-06 06:30:00,6,10,6,6,30,380,190,,45.8,5.28,Crépuscule ou aube,Hors agglomération,Hors intersection,Normale,Autre collision,,,,,,,,,,,2,1,1,1,6
200600059056,0006-10-18 17:15:00,6,10,18,17,15,380,539,,45.886,5.348,Plein jour,Hors agglomération,Hors intersection,Normale,Deux véhicules - frontale,,,,,,,,,,,1,1,1,1,1
200600059057,0006-10-25 17:00:00,6,10,25,17,0,380,54,,45.799,5.403,Plein jour,Hors agglomération,Intersection en T,Normale,Deux véhicules - frontale,,,,,,,,,,,1,1,3,1,1
200600059058,0006-10-13 22:00:00,6,10,13,22,0,380,12,rue des nouveaux,,,Nuit avec éclairage allumé,En agglomération,Hors intersection,Normale,Autre collision,,,,,,,,,,,5,2,1,1,6
200600059059,0006-10-16 12:10:00,6,10,16,12,10,380,261,244 - Route de SERMERIEU,,,Plein jour,Hors agglomération,Hors intersection,Normale,Trois véhicules et plus - en chaîne,,,,,,,,,,,1,1,1,1,4
200600059060,0006-10-25 22:00:00,6,10,25,22,0,380,398,,45.501,5.668,Nuit sans éclairage public,Hors agglomération,Hors intersection,Normale,Autre collision,,,,,,,,,,,3,1,1,1,6
200600059061,0006-10-31 13:50:00,6,10,31,13,50,380,1,REPUBLIQUE ET PAINLEVEE,,,Plein jour,En agglomération,Hors intersection,Normale,Deux véhicules - frontale,,,,,,,,,,,1,2,1,1,1
200600059062,0006-10-31 12:30:00,6,10,31,12,30,380,386,,,,Plein jour,Hors agglomération,Hors intersection,Normale,Deux véhicules - arrière,,,,,,,,,,,1,1,1,1,2
200600059063,0006-10-20 11:00:00,6,10,20,11,0,380,341,Route de la  Garenne,,,Plein jour,En agglomération,Hors intersection,Temps couvert,Deux véhicules - frontale,,,,,,,,,,,1,2,1,8,1
200600059064,0006-10-03 08:15:00,6,10,3,8,15,440,209,ion avec rue des coteaux,,,Plein jour,Hors agglomération,Hors intersection,Pluie légère,Autre collision,,,,,,,,,,,1,1,1,2,6
200600059065,0006-10-13 18:00:00,6,10,13,18,0,380,215,route de VIENNE,45.593,4.953,Plein jour,En agglomération,Hors intersection,Normale,Deux véhicules - frontale,,,,,,,,,,,1,2,1,1,1
200600059066,0006-10-29 17:30:00,6,10,29,17,30,380,558,,45.594,4.905,Plein jour,Hors agglomération,Hors intersection,Normale,Sans collision,,,,,,,,,,,1,1,1,1,7
200600059067,0006-10-03 21:00:00,6,10,3,21,0,380,69,,45.455,5.29,Nuit sans éclairage public,Hors agglomération,Hors intersection,Normale,Sans collision,,,,,,,,,,,3,1,1,1,7
200600059068,0006-10-14 00:45:00,6,10,14,0,45,380,335,,45.373,5.028,Nuit sans éclairage public,Hors agglomération,Hors intersection,Normale,Deux véhicules - côté,,,,,,,,,,,3,1,1,1,3
200600059069,0006-10-17 16:15:00,6,10,17,16,15,380,198,,45.341,4.95,Plein jour,Hors agglomération,Hors intersection,Normale,Deux véhicules - côté,,,,,,,,,,,1,1,1,1,3
200600059070,0006-10-24 10:45:00,6,10,24,10,45,380,300,,45.369,5.199,Plein jour,Hors agglomération,Hors intersection,Normale,Deux véhicules - côté,,,,,,,,,,,1,1,1,1,3
200600059071,0006-10-27 16:30:00,6,10,27,16,30,380,130,,45.356,5.265,Plein jour,Hors agglomération,Intersection en X,Normale,Deux véhicules - côté,,,,,,,,,,,1,1,2,1,3
200600059072,0006-10-08 15:30:00,6,10,8,15,30,380,136,,45.55,5.245,Plein jour,Hors agglomération,Hors intersection,Normale,Deux véhicules - côté,,,,,,,,,,,1,1,1,1,3
200600059073,0006-10-20 18:00:00,6,10,20,18,0,380,555,,,,Plein jour,Hors agglomération,Hors intersection,Normale,Sans collision,,,,,,,,,,,1,1,1,1,7
200600059074,0006-10-28 16:30:00,6,10,28,16,30,380,555,,,,Plein jour,Hors agglomération,Hors intersection,Normale,Deux véhicules - frontale,,,,,,,,,,,1,1,1,1,1
200600059075,0006-10-04 13:00:00,6,10,4,13,0,380,507,route de bourgoin,,,Plein jour,En agglomération,Hors intersection,Normale,Deux véhicules - côté,,,,,,,,,,,1,2,1,1,3
200600059076,0006-10-10 15:30:00,6,10,10,15,30,380,85,route de Lyon,45.755,5.167,Plein jour,En agglomération,Giratoire,Normale,Deux véhicules - frontale,,,,,,,,,,,1,2,6,1,1
200600059077,0006-10-08 16:35:00,6,10,8,16,35,420,286,lieu dit Farget,,,Plein jour,En agglomération,Hors intersection,Normale,Autre collision,,,,,,,,,,,1,2,1,1,6
200600059078,0006-10-25 20:00:00,6,10,25,20,0,420,92,L'Orangerie,,,Nuit avec éclairage allumé,En agglomération,Hors intersection,Normale,Autre collision,,,,,,,,,,,5,2,1,1,6
200600059079,0006-10-13 02:45:00,6,10,13,2,45,420,180,lieu dit La curraize,,,Nuit sans éclairage public,Hors agglomération,Hors intersection,Normale,Sans collision,,,,,,,,,,,3,1,1,1,7
200600059080,0006-10-07 12:00:00,6,10,7,12,0,420,159,Rue Bellevue,,,Plein jour,En agglomération,Hors intersection,Normale,Autre collision,,,,,,,,,,,1,2,1,1,6
200600059081,0006-10-11 16:45:00,6,10,11,16,45,420,150,,,,Plein jour,Hors agglomération,Hors intersection,Normale,Deux véhicules - frontale,,,,,,,,,,,1,1,1,1,1
200600059082,0006-10-10 16:30:00,6,10,10,16,30,420,94,,,,Plein jour,Hors agglomération,Hors intersection,Normale,Autre collision,,,,,,,,,,,1,1,1,1,6
200600059083,0006-10-22 20:15:00,6,10,22,20,15,420,88,Le petit bois N82,,,Nuit sans éclairage public,En agglomération,Hors intersection,Normale,Autre collision,,,,,,,,,,,3,2,1,1,6
200600059084,0006-10-14 17:30:00,6,10,14,17,30,420,21,,,,Plein jour,Hors agglomération,Hors intersection,Normale,Deux véhicules - côté,,,,,,,,,,,1,1,1,1,3
200600059085,0006-10-13 16:00:00,6,10,13,16,0,420,43,,45.578,4.32,Plein jour,Hors agglomération,Hors intersection,Normale,Deux véhicules - frontale,,,,,,,,,,,1,1,1,1,1
200600059086,0006-10-17 15:45:00,6,10,17,15,45,420,130,,,,Plein jour,Hors agglomération,Hors intersection,Normale,Autre collision,,,,,,,,,,,1,1,1,1,6
200600059087,0006-10-21 15:45:00,6,10,21,15,45,420,167,,,,Plein jour,Hors agglomération,Hors intersection,Normale,Sans collision,,,,,,,,,,,1,1,1,1,7
200600059088,0006-10-08 04:15:00,6,10,8,4,15,420,338,,,,Nuit sans éclairage public,Hors agglomération,Hors intersection,Brouillard / fumée,Deux véhicules - frontale,,,,,,,,,,,3,1,1,5,1
200600059089,0006-10-25 07:00:00,6,10,25,7,0,420,181,,46.004,4.237,Nuit sans éclairage public,Hors agglomération,Hors intersection,Normale,Trois véhicules et plus - collisions multiples,,,,,,,,,,,3,1,1,1,5
200600059090,0006-10-17 10:15:00,6,10,17,10,15,420,52,1758 Route de Fleury,46.179,4.147,Plein jour,Hors agglomération,Hors intersection,Normale,Deux véhicules - arrière,,,,,,,,,,,1,1,1,1,2
200600059091,0006-10-19 07:45:00,6,10,19,7,45,420,284,e industrielle Le Temple,,,Nuit avec éclairage non allumé,Hors agglomération,Hors intersection,Normale,Deux véhicules - frontale,,,,,,,,,,,4,1,1,1,1
200600059092,0006-10-28 12:00:00,6,10,28,12,0,730,128,,,,Plein jour,Hors agglomération,Hors intersection,Normale,Deux véhicules - côté,,,,,,,,,,,1,1,1,1,3
200600059093,0006-10-29 17:35:00,6,10,29,17,35,730,238,PK 6.100 RD 991B,45.778,5.898,Nuit sans éclairage public,Hors agglomération,Hors intersection,Normale,Deux véhicules - frontale,,,,,,,,,,,3,1,1,1,1
200600059094,0006-10-28 19:15:00,6,10,28,19,15,730,78,CD914,,,Nuit sans éclairage public,Hors agglomération,Hors intersection,Normale,Deux véhicules - côté,,,,,,,,,,,3,1,1,1,3
200600059095,0006-10-08 17:15:00,6,10,8,17,15,730,254,,45.599,5.727,Plein jour,Hors agglomération,Hors intersection,Normale,Deux véhicules - frontale,,,,,,,,,,,1,1,1,1,1
200600059096,0006-10-22 17:45:00,6,10,22,17,45,730,226,,45.502,5.731,Plein jour,Hors agglomération,Hors intersection,Normale,Sans collision,,,,,,,,,,,1,1,1,1,7
200600059097,0006-10-04 12:15:00,6,10,4,12,15,730,75,,45.448,6.076,Plein jour,Hors agglomération,Hors intersection,Normale,Deux véhicules - arrière,,,,,,,,,,,1,1,1,1,2
200600059098,0006-10-08 16:00:00,6,10,8,16,0,730,312,,45.653,6.32,Plein jour,Hors agglomération,Hors intersection,Normale,Autre collision,,,,,,,,,,,1,1,1,1,6
200600059099,0006-10-02 10:15:00,6,10,2,10,15,730,211,,45.72,6.445,Plein jour,Hors agglomération,Hors intersection,Normale,Deux véhicules - frontale,,,,,,,,,,,1,1,1,1,1
200600059100,0006-10-21 14:15:00,6,10,21,14,15,730,187,vec route de PETIT COEUR,,,Plein jour,Hors agglomération,Autre intersection,Normale,Deux véhicules - côté,,,,,,,,,,,1,1,9,1,3
200600059101,0006-10-02 12:00:00,6,10,2,12,0,730,203,,,,Plein jour,Hors agglomération,Hors intersection,Normale,Deux véhicules - côté,,,,,,,,,,,1,1,1,1,3
200600059102,0006-10-15 00:45:00,6,10,15,0,45,730,320,,45.269,6.38,Nuit avec éclairage allumé,Hors agglomération,Hors intersection,Normale,Autre collision,,,,,,,,,,,5,1,1,1,6
200600059103,0006-10-02 18:00:00,6,10,2,18,0,730,220,,,,Plein jour,Hors agglomération,Hors intersection,Normale,Deux véhicules - frontale,,,,,,,,,,,1,1,1,1,1
200600059104,0006-10-12 16:45:00,6,10,12,16,45,730,23,16 route des mottets,,,Plein jour,En agglomération,Hors intersection,Normale,Deux véhicules - côté,,,,,,,,,,,1,2,1,1,3
200600059105,0006-10-25 13:30:00,6,10,25,13,30,740,182,avenue du stade,45.922,6.092,Plein jour,En agglomération,Hors intersection,Normale,Deux véhicules - frontale,,,,,,,,,,,1,2,1,1,1
200600059106,0006-10-26 16:10:00,6,10,26,16,10,740,242,e Sales - piste cyclable,,,Plein jour,En agglomération,Autre intersection,Normale,Deux véhicules - frontale,,,,,,,,,,,1,2,9,1,1
200600059107,0006-10-31 11:30:00,6,10,31,11,30,740,123,ROND POINT DE VIUZ,,,Plein jour,En agglomération,Giratoire,Normale,Deux véhicules - côté,,,,,,,,,,,1,2,6,1,3
200600059108,0006-10-01 10:45:00,6,10,1,10,45,740,225,Rue des SAUGES,,,Plein jour,En agglomération,Hors intersection,Pluie forte,Deux véhicules - frontale,,,,,,,,,,,1,2,1,3,1
200600059109,0006-10-08 17:45:00,6,10,8,17,45,740,225,- boulevard de l'Europe,,,Plein jour,En agglomération,Hors intersection,Normale,Trois véhicules et plus - collisions multiples,,,,,,,,,,,1,2,1,1,5
200600059110,0006-10-26 17:15:00,6,10,26,17,15,740,194,,,,Plein jour,Hors agglomération,Hors intersection,Normale,Deux véhicules - arrière,,,,,,,,,,,1,1,1,1,2
200600059111,0006-10-21 04:45:00,6,10,21,4,45,740,280,,,,Nuit sans éclairage public,Hors agglomération,Hors intersection,Pluie légère,Autre collision,,,,,,,,,,,3,1,1,2,6
200600059112,0006-10-05 17:50:00,6,10,5,17,50,740,42,Stauffen et rue du Manet,,,Plein jour,En agglomération,Hors intersection,Normale,Sans collision,,,,,,,,,,,1,2,1,1,7
200600059113,0006-10-22 18:00:00,6,10,22,18,0,740,42,du Borne et Rue Berlioz,,,Plein jour,En agglomération,Intersection en Y,Normale,Deux véhicules - frontale,,,,,,,,,,,1,2,4,1,1
200600059114,0006-10-08 16:45:00,6,10,8,16,45,740,920,place  du Tour,46.007,6.948,Plein jour,En agglomération,Autre intersection,Temps éblouissant,Deux véhicules - côté,,,,,,,,,,,1,2,9,7,3
200600059115,0006-10-10 12:00:00,6,10,10,12,0,740,99,route nationnale 212,,,Plein jour,Hors agglomération,Hors intersection,Normale,Trois véhicules et plus - en chaîne,,,,,,,,,,,1,1,1,1,4
200600059116,0006-10-28 10:30:00,6,10,28,10,30,740,236,"route de geneve, le faye",,,Plein jour,En agglomération,Hors intersection,Normale,Deux véhicules - frontale,,,,,,,,,,,1,2,1,1,1
200600059117,0006-10-06 18:00:00,6,10,6,18,0,740,256,Avenue de Genève,,,Plein jour,En agglomération,Hors intersection,Normale,Autre collision,,,,,,,,,,,1,2,1,1,6
200600059118,0006-10-09 18:30:00,6,10,9,18,30,740,256,route de Passy,,,Plein jour,En agglomération,Intersection en T,Normale,Deux véhicules - côté,,,,,,,,,,,1,2,3,1,3
200600059119,0006-10-12 18:00:00,6,10,12,18,0,740,276,Pont neuf Rue de la Gare,,,Plein jour,En agglomération,Hors intersection,Normale,Autre collision,,,,,,,,,,,1,2,1,1,6
200600059120,0006-10-08 02:45:00,6,10,8,2,45,740,31,RN 201,46.091,6.103,Nuit sans éclairage public,Hors agglomération,Hors intersection,Normale,Autre collision,,,,,,,,,,,3,1,1,1,6
200600059121,0006-10-13 07:45:00,6,10,13,7,45,740,31,,46.092,6.103,Crépuscule ou aube,Hors agglomération,Hors intersection,Normale,Deux véhicules - frontale,,,,,,,,,,,2,1,1,1,1
200600059122,0006-10-01 12:30:00,6,10,1,12,30,740,220,,,,Plein jour,Hors agglomération,Hors intersection,Normale,Deux véhicules - frontale,,,,,,,,,,,1,1,1,1,1
200600059123,0006-10-02 17:45:00,6,10,2,17,45,740,94,cd 907,,,Plein jour,En agglomération,Hors intersection,Normale,Trois véhicules et plus - en chaîne,,,,,,,,,,,1,2,1,1,4
200600059124,0006-10-16 16:45:00,6,10,16,16,45,740,185,,,,Plein jour,Hors agglomération,Hors intersection,Normale,Deux véhicules - frontale,,,,,,,,,,,1,1,1,1,1
200600059125,0006-10-06 20:30:00,6,10,6,20,30,740,65,CD47,,,Nuit sans éclairage public,Hors agglomération,Hors intersection,Normale,Autre collision,,,,,,,,,,,3,1,1,1,6
200600059126,0006-10-19 12:45:00,6,10,19,12,45,740,140,CD.12,,,Plein jour,En agglomération,Hors intersection,Normale,Autre collision,,,,,,,,,,,1,2,1,1,6
200600059127,0006-10-27 17:00:00,6,10,27,17,0,740,37,LES COMBES,,,Plein jour,Hors agglomération,Hors intersection,Normale,Autre collision,,,,,,,,,,,1,1,1,1,6
200600059128,0006-10-07 22:30:00,6,10,7,22,30,740,279,PARKING DES REMONTEES ME,46.395,6.733,Nuit avec éclairage allumé,En agglomération,Hors intersection,Normale,Autre collision,,,,,,,,,,,5,2,1,1,6
200600059129,0006-10-24 18:15:00,6,10,24,18,15,740,308,La bordaise,,,Plein jour,En agglomération,Hors intersection,Normale,Deux véhicules - frontale,,,,,,,,,,,1,2,1,1,1
200600059130,0006-10-29 12:10:00,6,10,29,12,10,630,345,D 767 A,,,Plein jour,En agglomération,Hors intersection,Normale,Deux véhicules - frontale,,,,,,,,,,,1,2,1,1,1
200600059131,0006-10-29 15:00:00,6,10,29,15,0,630,345,SENS CHARADE - THEDDES,,,Plein jour,Hors agglomération,Hors intersection,Normale,Deux véhicules - côté,,,,,,,,,,,1,1,1,1,3
200600059132,0006-10-10 09:00:00,6,10,10,9,0,630,426,D203,,,Plein jour,Hors agglomération,Hors intersection,Normale,Sans collision,,,,,,,,,,,1,1,1,1,7
200600059133,0006-10-18 11:15:00,6,10,18,11,15,630,175,route de Giat  CD 204,45.761,2.568,Plein jour,En agglomération,Hors intersection,Normale,Deux véhicules - côté,,,,,,,,,,,1,2,1,1,3
200600059134,0006-10-04 08:35:00,6,10,4,8,35,630,284,RN 89,,,Plein jour,En agglomération,Giratoire,Normale,Deux véhicules - frontale,,,,,,,,,,,1,2,6,1,1
200600059135,0006-10-19 17:45:00,6,10,19,17,45,630,284,Avenue de Cournon,,,Plein jour,En agglomération,Giratoire,Normale,Deux véhicules - côté,,,,,,,,,,,1,2,6,1,3
200600059136,0006-10-20 16:45:00,6,10,20,16,45,630,213,CD 1093,,,Nuit sans éclairage public,En agglomération,Intersection en Y,Pluie légère,Deux véhicules - côté,,,,,,,,,,,3,2,4,2,3
200600059137,0006-10-18 16:00:00,6,10,18,16,0,630,257,PONT D OLBY,,,Plein jour,Hors agglomération,Hors intersection,Normale,Trois véhicules et plus - en chaîne,,,,,,,,,,,1,1,1,1,4
200600059138,0006-10-13 11:45:00,6,10,13,11,45,630,449,,45.62,2.95,Plein jour,Hors agglomération,Hors intersection,Normale,Deux véhicules - frontale,,,,,,,,,,,1,1,1,1,1
200600059139,0006-10-27 23:15:00,6,10,27,23,15,630,269,rue des écoles,45.628,3.23,Nuit avec éclairage allumé,En agglomération,Hors intersection,Normale,Deux véhicules - côté,,,,,,,,,,,5,2,1,1,3
200600059140,0006-10-05 10:00:00,6,10,5,10,0,630,105,,45.471,3.768,Plein jour,Hors agglomération,Hors intersection,Normale,Autre collision,,,,,,,,,,,1,1,1,1,6
200600059141,0006-10-19 13:45:00,6,10,19,13,45,630,258,,45.684,3.632,Plein jour,Hors agglomération,Hors intersection,Normale,Autre collision,,,,,,,,,,,1,1,1,1,6
200600059142,0006-10-23 18:00:00,6,10,23,18,0,630,465,le bourg,,,Plein jour,En agglomération,Hors intersection,Normale,Autre collision,,,,,,,,,,,1,2,1,1,6
200600059143,0006-10-30 11:15:00,6,10,30,11,15,630,412,le bourg,45.396,0.872,Plein jour,En agglomération,Hors intersection,Normale,Deux véhicules - frontale,,,,,,,,,,,1,2,1,1,1
200600059144,0006-10-11 17:30:00,6,10,11,17,30,630,109,PK 2+600,,,Plein jour,Hors agglomération,Hors intersection,Normale,Deux véhicules - frontale,,,,,,,,,,,1,1,1,1,1
200600059145,0006-10-13 19:00:00,6,10,13,19,0,630,80,quai d'aubary,45.593,3.128,Plein jour,En agglomération,Intersection en T,Normale,Deux véhicules - côté,,,,,,,,,,,1,2,3,1,3
200600059146,0006-10-12 18:45:00,6,10,12,18,45,630,426,,45.59,2.648,Crépuscule ou aube,Hors agglomération,Intersection en T,Brouillard / fumée,Deux véhicules - frontale,,,,,,,,,,,2,1,3,5,1
200600059147,0006-10-05 18:15:00,6,10,5,18,15,630,198,,45.933,3.02,Plein jour,Hors agglomération,Hors intersection,Normale,Deux véhicules - arrière,,,,,,,,,,,1,1,1,1,2
200600059148,0006-10-03 21:30:00,6,10,3,21,30,630,322,,,,Nuit sans éclairage public,Hors agglomération,Hors intersection,Normale,Sans collision,,,,,,,,,,,3,1,1,1,7
200600059149,0006-10-09 15:15:00,6,10,9,15,15,630,322,,,,Plein jour,Hors agglomération,Hors intersection,Normale,Autre collision,,,,,,,,,,,1,1,1,1,6