accident_id,datetime,annee,mois,jour,heure,minute,departement,commune_insee,adresse,latitude,longitude,luminosite,agglomeration,intersection,meteo,collision,nb_vehicules,nb_usagers,nb_indemnes,nb_tues,nb_blesses_hosp,nb_blesses_legers,age_cond_1,age_cond_2,veh_type_cond_1,veh_type_cond_2,lum_code,agg_code,int_code,atm_code,col_code
200600059554,0006-10-26 17:15:00,6,10,26,17,15,130,100,avenue du Marechal Juin,,,Crépuscule ou aube,En agglomération,Hors intersection,Normale,Autre collision,,,,,,,,,,,2,2,1,1,6
200600059555,0006-10-02 17:15:00,6,10,2,17,15,130,13,Quartier La Pomme,,,Plein jour,Hors agglomération,Hors intersection,Normale,Deux véhicules - côté,,,,,,,,,,,1,1,1,1,3
200600059556,0006-10-19 12:30:00,6,10,19,12,30,130,7,,,,Plein jour,Hors agglomération,Hors intersection,Pluie légère,Deux véhicules - frontale,,,,,,,,,,,1,1,1,2,1
200600059557,0006-10-31 20:20:00,6,10,31,20,20,130,7,rue Grande,,,Nuit avec éclairage allumé,En agglomération,Hors intersection,Normale,Autre collision,,,,,,,,,,,5,2,1,1,6
200600059558,0006-10-05 19:00:00,6,10,5,19,0,130,14,"CD21B, quartier MAURAN",43.532,5.091,Nuit sans éclairage public,En agglomération,Hors intersection,Normale,Autre collision,,,,,,,,,,,3,2,1,1,6
200600059559,0006-10-20 08:45:00,6,10,20,8,45,130,14,boulevard Henri Barbusse,,,Plein jour,En agglomération,Hors intersection,Normale,Deux véhicules - côté,,,,,,,,,,,1,2,1,1,3
200600059560,0006-10-16 00:01:00,6,10,16,0,1,130,35,MONTEE ST JOSEPH RD 72,,,Plein jour,En agglomération,Hors intersection,Normale,Deux véhicules - frontale,,,,,,,,,,,1,2,1,1,1
200600059561,0006-10-04 12:40:00,6,10,4,12,40,130,105,quartier de lla raigne,43.745,5.106,Plein jour,Hors agglomération,Hors intersection,Normale,Autre collision,,,,,,,,,,,1,1,1,1,6
200600059562,0006-10-08 18:15:00,6,10,8,18,15,130,76,,,,Crépuscule ou aube,Hors agglomération,Intersection en X,Normale,Deux véhicules - côté,,,,,,,,,,,2,1,2,1,3
200600059563,0006-10-09 16:00:00,6,10,9,16,0,130,82,Les Cauvins,,,Plein jour,Hors agglomération,Hors intersection,Normale,Autre collision,,,,,,,,,,,1,1,1,1,6
200600059564,0006-10-17 17:45:00,6,10,17,17,45,130,82,CD 15 - PK32+100,,,Plein jour,En agglomération,Hors intersection,Normale,Trois véhicules et plus - collisions multiples,,,,,,,,,,,1,2,1,1,5
200600059565,0006-10-01 12:35:00,6,10,1,12,35,40,167,,,,Plein jour,Hors agglomération,Hors intersection,Normale,Deux véhicules - côté,,,,,,,,,,,1,1,1,1,3
200600059566,0006-10-17 00:01:00,6,10,17,0,1,40,110,,44.042,6.118,Plein jour,Hors agglomération,Hors intersection,Normale,Trois véhicules et plus - en chaîne,,,,,,,,,,,1,1,1,1,4
200600059567,0006-10-21 11:00:00,6,10,21,11,0,40,24,col du labouret,,,Plein jour,Hors agglomération,Hors intersection,Autre,Deux véhicules - frontale,,,,,,,,,,,1,1,1,9,1
200600059568,0006-10-23 17:45:00,6,10,23,17,45,40,122,,,,Plein jour,Hors agglomération,Hors intersection,Normale,Trois véhicules et plus - en chaîne,,,,,,,,,,,1,1,1,1,4
200600059569,0006-10-19 08:00:00,6,10,19,8,0,40,143,avenue flourens Aillaud,,,Crépuscule ou aube,En agglomération,Autre intersection,Pluie légère,Autre collision,,,,,,,,,,,2,2,9,2,6
200600059570,0006-10-29 17:30:00,6,10,29,17,30,40,106,,,,Plein jour,Hors agglomération,Hors intersection,Normale,Deux véhicules - frontale,,,,,,,,,,,1,1,1,1,1
200600059571,0006-10-11 07:45:00,6,10,11,7,45,40,28,CD 907,,,Plein jour,Hors agglomération,Hors intersection,Normale,Deux véhicules - frontale,,,,,,,,,,,1,1,1,1,1
200600059572,0006-10-20 19:50:00,6,10,20,19,50,40,19,CD209,,,Nuit sans éclairage public,Hors agglomération,Hors intersection,Normale,Deux véhicules - frontale,,,,,,,,,,,3,1,1,1,1
200600059573,0006-10-29 09:45:00,6,10,29,9,45,40,154,,44.518,6.367,Nuit sans éclairage public,Hors agglomération,Hors intersection,Normale,Autre collision,,,,,,,,,,,3,1,1,1,6
200600059574,0006-10-08 12:00:00,6,10,8,12,0,40,171,CD 71 - PK 58.568 -,43.74,6.39,Plein jour,Hors agglomération,Hors intersection,Normale,Deux véhicules - côté,,,,,,,,,,,1,1,1,1,3
200600059575,0006-10-29 10:30:00,6,10,29,10,30,40,148,,43.819,6.598,Plein jour,Hors agglomération,Hors intersection,Normale,Sans collision,,,,,,,,,,,1,1,1,1,7
200600059576,0006-10-08 14:50:00,6,10,8,14,50,40,18,Les Graviéres,,,Plein jour,En agglomération,Intersection en X,Normale,Deux véhicules - côté,,,,,,,,,,,1,2,2,1,3
200600059577,0006-10-14 14:45:00,6,10,14,14,45,40,197,avenue VICTOR HUGO,,,Plein jour,En agglomération,Hors intersection,Normale,Autre collision,,,,,,,,,,,1,2,1,1,6
200600059578,0006-10-06 07:15:00,6,10,6,7,15,40,127,,,,Crépuscule ou aube,Hors agglomération,Hors intersection,Normale,Autre collision,,,,,,,,,,,2,1,1,1,6
200600059579,0006-10-07 09:45:00,6,10,7,9,45,40,123,,44.289,5.846,Plein jour,Hors agglomération,Passage à niveau,Normale,Deux véhicules - frontale,,,,,,,,,,,1,1,8,1,1
200600059580,0006-10-19 18:00:00,6,10,19,18,0,40,209,Jabron / Avenue du Thor,,,Plein jour,En agglomération,Hors intersection,Normale,Trois véhicules et plus - collisions multiples,,,,,,,,,,,1,2,1,1,5
200600059581,0006-10-22 23:45:00,6,10,22,23,45,50,103,Place de l'Eglise,44.296,5.898,Nuit avec éclairage allumé,En agglomération,Hors intersection,Normale,Sans collision,,,,,,,,,,,5,2,1,1,7
200600059582,0006-10-13 19:30:00,6,10,13,19,30,50,170,,44.454,6.035,Nuit sans éclairage public,Hors agglomération,Hors intersection,Normale,Deux véhicules - frontale,,,,,,,,,,,3,1,1,1,1
200600059583,0006-10-28 17:25:00,6,10,28,17,25,50,179,17 boulevard GAMBETTA,,,Plein jour,En agglomération,Hors intersection,Normale,Autre collision,,,,,,,,,,,1,2,1,1,6
200600059584,0006-10-09 20:00:00,6,10,9,20,0,50,17,carrefour RN.94 et CD 11,44.566,6.199,Nuit sans éclairage public,Hors agglomération,Hors intersection,Normale,Deux véhicules - frontale,,,,,,,,,,,3,1,1,1,1
200600059585,0006-10-15 13:55:00,6,10,15,13,55,50,106,Lieu dit le ROUSTOURRIAS,,,Plein jour,Hors agglomération,Hors intersection,Normale,Deux véhicules - frontale,,,,,,,,,,,1,1,1,1,1
200600059586,0006-10-29 15:15:00,6,10,29,15,15,50,40,,44.55,6.25,Plein jour,Hors agglomération,Hors intersection,Normale,Deux véhicules - frontale,,,,,,,,,,,1,1,1,1,1
200600059587,0006-10-11 13:50:00,6,10,11,13,50,60,48,D 15 Quartier la Roseyre,,,Plein jour,Hors agglomération,Hors intersection,Normale,Deux véhicules - arrière,,,,,,,,,,,1,1,1,1,2
200600059588,0006-10-15 20:00:00,6,10,15,20,0,60,92,,,,Nuit sans éclairage public,Hors agglomération,Hors intersection,Normale,Autre collision,,,,,,,,,,,3,1,1,1,6
200600059589,0006-10-14 13:45:00,6,10,14,13,45,60,91,,,,Plein jour,Hors agglomération,Hors intersection,Normale,Sans collision,,,,,,,,,,,1,1,1,1,7
200600059590,0006-10-27 19:00:00,6,10,27,19,0,60,77,D2566 / Avenue des Plans,,,Nuit avec éclairage non allumé,En agglomération,Hors intersection,Normale,Deux véhicules - frontale,,,,,,,,,,,4,2,1,1,1
200600059591,0006-10-23 00:15:00,6,10,23,0,15,60,11,Boulevard Maréchal Joffr,43.706,7.328,Nuit avec éclairage allumé,En agglomération,Hors intersection,Normale,Deux véhicules - côté,,,,,,,,,,,5,2,1,1,3
200600059592,0006-10-02 18:15:00,6,10,2,18,15,60,161,,,,Plein jour,Hors agglomération,Hors intersection,Normale,Sans collision,,,,,,,,,,,1,1,1,1,7
200600059593,0006-10-04 09:30:00,6,10,4,9,30,60,161,,43.64,7.113,Plein jour,Hors agglomération,Hors intersection,Normale,Deux véhicules - frontale,,,,,,,,,,,1,1,1,1,1
200600059594,0006-10-13 16:30:00,6,10,13,16,30,60,44,oulevard Pierre SAUVAIGO,,,Plein jour,En agglomération,Hors intersection,Normale,Deux véhicules - côté,,,,,,,,,,,1,2,1,1,3
200600059595,0006-10-14 11:30:00,6,10,14,11,30,60,161,RN7,,,Plein jour,En agglomération,Hors intersection,Normale,Deux véhicules - côté,,,,,,,,,,,1,2,1,1,3
200600059596,0006-10-26 14:30:00,6,10,26,14,30,60,161,face KIABI/COURTEPAILLE,,,Plein jour,En agglomération,Hors intersection,Normale,Deux véhicules - frontale,,,,,,,,,,,1,2,1,1,1
200600059597,0006-10-29 11:45:00,6,10,29,11,45,60,161,RD 2085,,,Plein jour,Hors agglomération,Hors intersection,Normale,Deux véhicules - arrière,,,,,,,,,,,1,1,1,1,2
200600059598,0006-10-30 01:15:00,6,10,30,1,15,60,161,,,,Nuit avec éclairage allumé,Hors agglomération,Hors intersection,Normale,Deux véhicules - côté,,,,,,,,,,,5,1,1,1,3
200600059599,0006-10-22 11:00:00,6,10,22,11,0,60,79,rue jean monnet,,,Plein jour,En agglomération,Intersection en X,Normale,Deux véhicules - côté,,,,,,,,,,,1,2,2,1,3
200600059600,0006-10-30 18:00:00,6,10,30,18,0,60,95,"231, avenue de peygros",,,Nuit avec éclairage allumé,En agglomération,Hors intersection,Normale,Deux véhicules - côté,,,,,,,,,,,5,2,1,1,3
200600059601,0006-10-31 21:30:00,6,10,31,21,30,60,134,,,,Nuit sans éclairage public,Hors agglomération,Hors intersection,Normale,Deux véhicules - frontale,,,,,,,,,,,3,1,1,1,1
200600059602,0006-10-10 08:00:00,6,10,10,8,0,60,128,,43.685,7.13,Plein jour,Hors agglomération,Hors intersection,Normale,Trois véhicules et plus - collisions multiples,,,,,,,,,,,1,1,1,1,5
200600059603,0006-10-26 11:30:00,6,10,26,11,30,60,157,place du grand jardin,43.726,7.112,Nuit avec éclairage allumé,En agglomération,Place,Normale,Deux véhicules - côté,,,,,,,,,,,5,2,7,1,3
200600059604,0006-10-25 18:15:00,6,10,25,18,15,60,157,134 avenue emile hugues,,,Crépuscule ou aube,En agglomération,Hors intersection,Normale,Deux véhicules - côté,,,,,,,,,,,2,2,1,1,3
200600059605,0006-10-25 11:25:00,6,10,25,11,25,60,65,route de la baronne,,,Plein jour,Hors agglomération,Hors intersection,Normale,Deux véhicules - frontale,,,,,,,,,,,1,1,1,1,1
200600059606,0006-10-04 19:45:00,6,10,4,19,45,60,64,Route de la Baronne,,,Nuit sans éclairage public,Hors agglomération,Hors intersection,Normale,Trois véhicules et plus - collisions multiples,,,,,,,,,,,3,1,1,1,5
200600059607,0006-10-13 11:15:00,6,10,13,11,15,60,33,DE CARROS - 1ere AVENUE,43.802,7.199,Plein jour,Hors agglomération,Hors intersection,Normale,Deux véhicules - arrière,,,,,,,,,,,1,1,1,1,2
200600059608,0006-10-14 17:45:00,6,10,14,17,45,60,66,,,,Plein jour,Hors agglomération,Hors intersection,Normale,Autre collision,,,,,,,,,,,1,1,1,1,6
200600059609,0006-10-26 15:00:00,6,10,26,15,0,60,23,,,,Plein jour,Hors agglomération,Hors intersection,Normale,Autre collision,,,,,,,,,,,1,1,1,1,6
200600059610,0006-10-06 15:30:00,6,10,6,15,30,60,905,RD6204,,,Plein jour,En agglomération,Hors intersection,Normale,Autre collision,,,,,,,,,,,1,2,1,1,6
200600059611,0006-10-18 13:45:00,6,10,18,13,45,60,59,,,,Plein jour,Hors agglomération,Hors intersection,Normale,Deux véhicules - côté,,,,,,,,,,,1,1,1,1,3
200600059612,0006-10-03 18:15:00,6,10,3,18,15,60,78,,43.92,7.172,Plein jour,Hors agglomération,Hors intersection,Normale,Autre collision,,,,,,,,,,,1,1,1,1,6
200600059613,0006-10-08 12:15:00,6,10,8,12,15,60,22,"CD1, PK 20.510",43.821,7.13,Plein jour,Hors agglomération,Hors intersection,Normale,Deux véhicules - frontale,,,,,,,,,,,1,1,1,1,1
200600059614,0006-10-01 09:00:00,6,10,1,9,0,60,111,,44.127,7.091,Plein jour,Hors agglomération,Hors intersection,Normale,Autre collision,,,,,,,,,,,1,1,1,1,6
200600059615,0006-10-07 07:45:00,6,10,7,7,45,830,40,,,,Plein jour,Hors agglomération,Hors intersection,Normale,Sans collision,,,,,,,,,,,1,1,1,1,7
200600059616,0006-10-13 09:30:00,6,10,13,9,30,830,44,,,,Plein jour,Hors agglomération,Hors intersection,Normale,Deux véhicules - frontale,,,,,,,,,,,1,1,1,1,1
200600059617,0006-10-14 08:15:00,6,10,14,8,15,830,44,,,,Plein jour,Hors agglomération,Hors intersection,Normale,Autre collision,,,,,,,,,,,1,1,1,1,6
200600059618,0006-10-27 19:00:00,6,10,27,19,0,830,7,,43.647,6.189,Nuit sans éclairage public,Hors agglomération,Hors intersection,Normale,Deux véhicules - arrière,,,,,,,,,,,3,1,1,1,2
200600059619,0006-10-31 12:15:00,6,10,31,12,15,830,121,,,,Plein jour,Hors agglomération,Hors intersection,Normale,Deux véhicules - frontale,,,,,,,,,,,1,1,1,1,1
200600059620,0006-10-30 07:20:00,6,10,30,7,20,830,23,chemin des cibelles,,,Crépuscule ou aube,En agglomération,Hors intersection,Normale,Deux véhicules - frontale,,,,,,,,,,,2,2,1,1,1
200600059621,0006-10-14 00:45:00,6,10,14,0,45,830,49,CD 43,,,Nuit sans éclairage public,Hors agglomération,Intersection en X,Normale,Deux véhicules - côté,,,,,,,,,,,3,1,2,1,3
200600059622,0006-10-18 19:30:00,6,10,18,19,30,830,100,,,,Nuit sans éclairage public,Hors agglomération,Hors intersection,Normale,Autre collision,,,,,,,,,,,3,1,1,1,6
200600059623,0006-10-20 10:00:00,6,10,20,10,0,830,33,Route de BESSE,,,Plein jour,Hors agglomération,Hors intersection,Temps couvert,Deux véhicules - frontale,,,,,,,,,,,1,1,1,8,1
200600059624,0006-10-27 10:15:00,6,10,27,10,15,830,64,l'établissement Point P,,,Plein jour,Hors agglomération,Hors intersection,Normale,Deux véhicules - arrière,,,,,,,,,,,1,1,1,1,2
200600059625,0006-10-30 21:45:00,6,10,30,21,45,830,59,,,,Nuit avec éclairage allumé,Hors agglomération,Hors intersection,Normale,Autre collision,,,,,,,,,,,5,1,1,1,6
200600059626,0006-10-16 09:30:00,6,10,16,9,30,830,140,Chemin des pédingles,43.401,5.918,Plein jour,En agglomération,Intersection en T,Normale,Deux véhicules - côté,,,,,,,,,,,1,2,3,1,3
200600059627,0006-10-28 13:45:00,6,10,28,13,45,830,116,lieu dit les 4 Platanes,43.469,5.858,Plein jour,Hors agglomération,Hors intersection,Normale,Autre collision,,,,,,,,,,,1,1,1,1,6
200600059628,0006-10-07 00:01:00,6,10,7,0,1,830,107,,,,Plein jour,Hors agglomération,Hors intersection,Normale,Deux véhicules - frontale,,,,,,,,,,,1,1,1,1,1
200600059629,0006-10-10 13:45:00,6,10,10,13,45,830,107,Rond point du 15 Août 19,,,Plein jour,En agglomération,Hors intersection,Normale,Autre collision,,,,,,,,,,,1,2,1,1,6
200600059630,0006-10-17 17:15:00,6,10,17,17,15,830,107,San Peire Les Issambres,43.347,6.687,Plein jour,En agglomération,Hors intersection,Normale,Autre collision,,,,,,,,,,,1,2,1,1,6
200600059631,0006-10-11 15:55:00,6,10,11,15,55,830,36,RD559 / RUE DU CIMETIERE,,,Plein jour,Hors agglomération,Hors intersection,Temps couvert,Autre collision,,,,,,,,,,,1,1,1,8,6
200600059632,0006-10-06 09:30:00,6,10,6,9,30,830,42,narcisses et de la RN 98,,,Plein jour,Hors agglomération,Intersection en T,Normale,Deux véhicules - côté,,,,,,,,,,,1,1,3,1,3
200600059633,0006-10-19 17:00:00,6,10,19,17,0,830,68,,,,Plein jour,Hors agglomération,Hors intersection,Normale,Deux véhicules - arrière,,,,,,,,,,,1,1,1,1,2
200600059634,0006-10-28 15:45:00,6,10,28,15,45,830,63,,,,Plein jour,Hors agglomération,Hors intersection,Normale,Autre collision,,,,,,,,,,,1,1,1,1,6
200600059635,0006-10-29 07:45:00,6,10,29,7,45,830,68,,,,Plein jour,Hors agglomération,Hors intersection,Normale,Sans collision,,,,,,,,,,,1,1,1,1,7
200600059636,0006-10-08 10:30:00,6,10,8,10,30,830,115,avenue CHARLES DE GAULLE,,,Plein jour,En agglomération,Hors intersection,Normale,Deux véhicules - arrière,,,,,,,,,,,1,2,1,1,2
200600059637,0006-10-04 17:40:00,6,10,4,17,40,830,119,Avenue du 15 août 1944,,,Plein jour,En agglomération,Hors intersection,Normale,Sans collision,,,,,,,,,,,1,2,1,1,7
200600059638,0006-10-05 01:30:00,6,10,5,1,30,830,65,,,,Nuit avec éclairage allumé,Hors agglomération,Hors intersection,Normale,Autre collision,,,,,,,,,,,5,1,1,1,6
200600059639,0006-10-08 17:00:00,6,10,8,17,0,830,65,,43.266,6.603,Plein jour,Hors agglomération,Hors intersection,Normale,Deux véhicules - frontale,,,,,,,,,,,1,1,1,1,1
200600059640,0006-10-17 07:00:00,6,10,17,7,0,830,65,,43.24,6.611,Crépuscule ou aube,Hors agglomération,Hors intersection,Normale,Deux véhicules - frontale,,,,,,,,,,,2,1,1,1,1
200600059641,0006-10-01 15:15:00,6,10,1,15,15,830,35,carrefour du camps,,,Plein jour,Hors agglomération,Intersection en T,Normale,Deux véhicules - côté,,,,,,,,,,,1,1,3,1,3
200600059642,0006-10-13 09:15:00,6,10,13,9,15,830,127,,,,Plein jour,Hors agglomération,Hors intersection,Normale,Deux véhicules - côté,,,,,,,,,,,1,1,1,1,3
200600059643,0006-10-27 19:15:00,6,10,27,19,15,830,53,DN8 - PK 19,,,Nuit sans éclairage public,Hors agglomération,Hors intersection,Normale,Deux véhicules - frontale,,,,,,,,,,,3,1,1,1,1
200600059644,0006-10-31 17:50:00,6,10,31,17,50,830,16,DN8 PK 9+200,,,Nuit sans éclairage public,Hors agglomération,Hors intersection,Pluie légère,Deux véhicules - frontale,,,,,,,,,,,3,1,1,2,1
200600059645,0006-10-20 13:00:00,6,10,20,13,0,830,47,Avenue de TOULON,43.149,6.067,Plein jour,En agglomération,Hors intersection,Normale,Deux véhicules - côté,,,,,,,,,,,1,2,1,1,3
200600059646,0006-10-08 16:45:00,6,10,8,16,45,830,19,CD 298 route de Cabasson,,,Plein jour,Hors agglomération,Hors intersection,Normale,Sans collision,,,,,,,,,,,1,1,1,1,7
200600059647,0006-10-09 11:15:00,6,10,9,11,15,830,19,,,,Plein jour,Hors agglomération,Hors intersection,Normale,Deux véhicules - côté,,,,,,,,,,,1,1,1,1,3
200600059648,0006-10-14 03:15:00,6,10,14,3,15,830,70,,43.15,6.395,Nuit avec éclairage allumé,Hors agglomération,Hors intersection,Normale,Autre collision,,,,,,,,,,,5,1,1,1,6
200600059649,0006-10-06 09:15:00,6,10,6,9,15,830,130,Géneral Magnan,,,Plein jour,En agglomération,Intersection en T,Normale,Deux véhicules - côté,,,,,,,,,,,1,2,3,1,3
200600059650,0006-10-11 11:00:00,6,10,11,11,0,830,132,D67,,,Plein jour,En agglomération,Hors intersection,Normale,Sans collision,,,,,,,,,,,1,2,1,1,7
200600059651,0006-10-12 07:45:00,6,10,12,7,45,830,54,RN97,,,Plein jour,En agglomération,Hors intersection,Normale,Deux véhicules - côté,,,,,,,,,,,1,2,1,1,3
200600059652,0006-10-19 06:45:00,6,10,19,6,45,830,130,avenue des Sénes,,,Nuit avec éclairage allumé,En agglomération,Hors intersection,Pluie forte,Deux véhicules - côté,,,,,,,,,,,5,2,1,3,3
200600059653,0006-10-29 19:00:00,6,10,29,19,0,830,17,,,,Nuit sans éclairage public,Hors agglomération,Hors intersection,Normale,Deux véhicules - côté,,,,,,,,,,,3,1,1,1,3
200600059654,0006-10-25 07:30:00,6,10,25,7,30,840,81,Rond point de la Garance,,,Crépuscule ou aube,En agglomération,Giratoire,Normale,Deux véhicules - frontale,,,,,,,,,,,2,2,6,1,1
200600059655,0006-10-18 07:00:00,6,10,18,7,0,840,99,,,,Nuit sans éclairage public,Hors agglomération,Intersection en X,Normale,Deux véhicules - côté,,,,,,,,,,,3,1,2,1,3
200600059656,0006-10-28 00:01:00,6,10,28,0,1,840,54,"route d apt, RN 100",,,Crépuscule ou aube,En agglomération,Hors intersection,Normale,Autre collision,,,,,,,,,,,2,2,1,1,6
200600059657,0006-10-07 20:45:00,6,10,7,20,45,840,92,,43.988,4.88,Nuit avec éclairage allumé,Hors agglomération,Hors intersection,Normale,Deux véhicules - côté,,,,,,,,,,,5,1,1,1,3
200600059658,0006-10-03 12:45:00,6,10,3,12,45,840,129,CHEMON DE MONERY,,,Plein jour,En agglomération,Hors intersection,Pluie forte,Deux véhicules - frontale,,,,,,,,,,,1,2,1,3,1
200600059659,0006-10-30 12:45:00,6,10,30,12,45,840,129,CD6,43.994,4.894,Plein jour,En agglomération,Hors intersection,Normale,Trois véhicules et plus - collisions multiples,,,,,,,,,,,1,2,1,1,5
200600059660,0006-10-06 15:15:00,6,10,6,15,15,840,4,,,,Plein jour,Hors agglomération,Hors intersection,Normale,Trois véhicules et plus - en chaîne,,,,,,,,,,,1,1,1,1,4
200600059661,0006-10-17 15:00:00,6,10,17,15,0,840,122,,,,Plein jour,Hors agglomération,Hors intersection,Normale,Trois véhicules et plus - collisions multiples,,,,,,,,,,,1,1,1,1,5
200600059662,0006-10-20 18:00:00,6,10,20,18,0,840,72,,,,Plein jour,Hors agglomération,Hors intersection,Normale,Deux véhicules - frontale,,,,,,,,,,,1,1,1,1,1
200600059663,0006-10-05 17:40:00,6,10,5,17,40,840,69,Route de Veaux - CD 242,,,Plein jour,En agglomération,Hors intersection,Normale,Deux véhicules - côté,,,,,,,,,,,1,2,1,1,3
200600059664,0006-10-01 06:00:00,6,10,1,6,0,840,63,CD 994,44.268,4.678,Nuit sans éclairage public,En agglomération,Hors intersection,Normale,Autre collision,,,,,,,,,,,3,2,1,1,6
200600059665,0006-10-04 13:45:00,6,10,4,13,45,840,19,,44.296,4.763,Plein jour,Hors agglomération,Hors intersection,Normale,Deux véhicules - frontale,,,,,,,,,,,1,1,1,1,1
200600059666,0006-10-05 18:30:00,6,10,5,18,30,840,19,avenue emile LACHAUX,,,Plein jour,En agglomération,Hors intersection,Normale,Deux véhicules - frontale,,,,,,,,,,,1,2,1,1,1
200600059667,0006-10-09 16:00:00,6,10,9,16,0,840,19,,44.305,4.75,Plein jour,Hors agglomération,Hors intersection,Normale,Deux véhicules - côté,,,,,,,,,,,1,1,1,1,3
200600059668,0006-10-16 18:15:00,6,10,16,18,15,840,138,,44.374,4.953,Plein jour,Hors agglomération,Hors intersection,Normale,Autre collision,,,,,,,,,,,1,1,1,1,6
200600059669,0006-10-09 07:50:00,6,10,9,7,50,340,57,Rond point,,,Plein jour,Hors agglomération,Giratoire,Normale,Deux véhicules - arrière,,,,,,,,,,,1,1,6,1,2
200600059670,0006-10-05 06:45:00,6,10,5,6,45,340,22,RN113,43.667,4.031,Crépuscule ou aube,En agglomération,Hors intersection,Normale,Deux véhicules - frontale,,,,,,,,,,,2,2,1,1,1
200600059671,0006-10-01 12:00:00,6,10,1,12,0,340,111,,43.949,3.714,Plein jour,Hors agglomération,Hors intersection,Normale,Deux véhicules - côté,,,,,,,,,,,1,1,1,1,3
200600059672,0006-10-03 17:00:00,6,10,3,17,0,340,344,Allée des parcs,43.567,4.084,Plein jour,En agglomération,Hors intersection,Temps éblouissant,Deux véhicules - côté,,,,,,,,,,,1,2,1,7,3
200600059673,0006-10-06 15:00:00,6,10,6,15,0,340,33,CD610,,,Plein jour,Hors agglomération,Hors intersection,Normale,Deux véhicules - côté,,,,,,,,,,,1,1,1,1,3
200600059674,0006-10-07 11:15:00,6,10,7,11,15,340,145,CD 61 PK .  2. 250,,,Plein jour,Hors agglomération,Hors intersection,Normale,Deux véhicules - côté,,,,,,,,,,,1,1,1,1,3
200600059675,0006-10-06 20:30:00,6,10,6,20,30,340,145,rue de VERDUN,,,Nuit avec éclairage allumé,En agglomération,Hors intersection,Temps couvert,Deux véhicules - arrière,,,,,,,,,,,5,2,1,8,2
200600059676,0006-10-15 17:15:00,6,10,15,17,15,340,33,Route de MONTPELLIER,43.759,4.073,Nuit avec éclairage allumé,En agglomération,Hors intersection,Normale,Deux véhicules - côté,,,,,,,,,,,5,2,1,1,3
200600059677,0006-10-19 09:00:00,6,10,19,9,0,340,33,RD 610,,,Plein jour,En agglomération,Hors intersection,Vent fort / tempête,Autre collision,,,,,,,,,,,1,2,1,6,6
200600059678,0006-10-22 08:50:00,6,10,22,8,50,340,321,RGUES - RN 113  PK 9+500,,,Plein jour,Hors agglomération,Hors intersection,Normale,Autre collision,,,,,,,,,,,1,1,1,1,6
200600059679,0006-10-27 11:15:00,6,10,27,11,15,340,240,cd 65 Pk 00,,,Plein jour,Hors agglomération,Hors intersection,Normale,Deux véhicules - frontale,,,,,,,,,,,1,1,1,1,1
200600059680,0006-10-10 16:00:00,6,10,10,16,0,340,342,,43.757,3.757,Plein jour,Hors agglomération,Hors intersection,Normale,Sans collision,,,,,,,,,,,1,1,1,1,7
200600059681,0006-10-05 08:30:00,6,10,5,8,30,340,126,,,,Nuit sans éclairage public,Hors agglomération,Hors intersection,Normale,Autre collision,,,,,,,,,,,3,1,1,1,6
200600059682,0006-10-13 14:20:00,6,10,13,14,20,340,312,carrefour du MAS BLANC,,,Plein jour,Hors agglomération,Hors intersection,Normale,Deux véhicules - frontale,,,,,,,,,,,1,1,1,1,1
200600059683,0006-10-27 16:15:00,6,10,27,16,15,340,119,CD909A,,,Plein jour,Hors agglomération,Hors intersection,Normale,Deux véhicules - frontale,,,,,,,,,,,1,1,1,1,1
200600059684,0006-10-02 13:00:00,6,10,2,13,0,340,81,,,,Plein jour,Hors agglomération,Hors intersection,Normale,Deux véhicules - arrière,,,,,,,,,,,1,1,1,1,2
200600059685,0006-10-07 17:00:00,6,10,7,17,0,340,92,Place Jean Jaurès,43.359,2.942,Plein jour,En agglomération,Hors intersection,Normale,Deux véhicules - côté,,,,,,,,,,,1,2,1,1,3
200600059686,0006-10-11 14:30:00,6,10,11,14,30,340,69,CD 14 Lieu-dit Le Roujas,,,Plein jour,Hors agglomération,Hors intersection,Pluie légère,Trois véhicules et plus - collisions multiples,,,,,,,,,,,1,1,1,2,5
200600059687,0006-10-14 18:45:00,6,10,14,18,45,340,245,rue magot et fontaine,43.426,2.949,Plein jour,En agglomération,Intersection en T,Normale,Deux véhicules - côté,,,,,,,,,,,1,2,3,1,3
200600059688,0006-10-14 10:30:00,6,10,14,10,30,340,199,Lieu dit Carion de Nizas,,,Plein jour,Hors agglomération,Hors intersection,Normale,Autre collision,,,,,,,,,,,1,1,1,1,6
200600059689,0006-10-20 19:30:00,6,10,20,19,30,340,199,RN 113,43.474,3.432,Crépuscule ou aube,Hors agglomération,Hors intersection,Normale,Deux véhicules - frontale,,,,,,,,,,,2,1,1,1,1