accident_id,datetime,annee,mois,jour,heure,minute,departement,commune_insee,adresse,latitude,longitude,luminosite,agglomeration,intersection,meteo,collision,nb_vehicules,nb_usagers,nb_indemnes,nb_tues,nb_blesses_hosp,nb_blesses_legers,age_cond_1,age_cond_2,veh_type_cond_1,veh_type_cond_2,lum_code,agg_code,int_code,atm_code,col_code
200600059825,0006-10-02 01:45:00,6,10,2,1,45,770,317,,48.604,2.869,Nuit sans éclairage public,Hors agglomération,Hors intersection,Temps couvert,Sans collision,,,,,,,,,,,3,1,1,8,7
200600059826,0006-10-11 07:45:00,6,10,11,7,45,770,377,,48.716,2.697,Crépuscule ou aube,Hors agglomération,Hors intersection,Normale,Sans collision,,,,,,,,,,,2,1,1,1,7
200600059827,0006-10-07 17:45:00,6,10,7,17,45,770,141,CD 436,,,Plein jour,Hors agglomération,Hors intersection,Normale,Deux véhicules - côté,,,,,,,,,,,1,1,1,1,3
200600059828,0006-10-18 12:30:00,6,10,18,12,30,770,142,CD8a (rue de picardie),48.871,2.87,Plein jour,En agglomération,Hors intersection,Normale,Deux véhicules - frontale,,,,,,,,,,,1,2,1,1,1
200600059829,0006-10-11 04:30:00,6,10,11,4,30,770,182,,48.789,3.28,Nuit avec éclairage allumé,Hors agglomération,Hors intersection,Normale,Sans collision,,,,,,,,,,,5,1,1,1,7
200600059830,0006-10-18 09:15:00,6,10,18,9,15,770,240,35 rue de la poterne,48.797,3.275,Plein jour,En agglomération,Hors intersection,Normale,Sans collision,,,,,,,,,,,1,2,1,1,7
200600059831,0006-10-12 01:30:00,6,10,12,1,30,770,448,venue Franklin  Roosvelt,,,Nuit avec éclairage allumé,En agglomération,Hors intersection,Normale,Autre collision,,,,,,,,,,,5,2,1,1,6
200600059832,0006-10-19 05:25:00,6,10,19,5,25,770,415,,48.956,3.058,Nuit sans éclairage public,Hors agglomération,Hors intersection,Autre,Deux véhicules - arrière,,,,,,,,,,,3,1,1,9,2
200600059833,0006-10-27 08:30:00,6,10,27,8,30,770,440,,48.953,3.068,Plein jour,Hors agglomération,Hors intersection,Brouillard / fumée,Deux véhicules - frontale,,,,,,,,,,,1,1,1,5,1
200600059834,0006-10-30 18:00:00,6,10,30,18,0,770,406,,48.851,3.204,Nuit sans éclairage public,Hors agglomération,Hors intersection,Normale,Deux véhicules - côté,,,,,,,,,,,3,1,1,1,3
200600059835,0006-10-18 07:15:00,6,10,18,7,15,770,365,CD231 PK25,48.722,3.039,Nuit avec éclairage allumé,En agglomération,Hors intersection,Normale,Autre collision,,,,,,,,,,,5,2,1,1,6
200600059836,0006-10-03 18:30:00,6,10,3,18,30,770,46,,48.269,2.442,Plein jour,Hors agglomération,Hors intersection,Pluie légère,Deux véhicules - frontale,,,,,,,,,,,1,1,1,2,1
200600059837,0006-10-06 16:30:00,6,10,6,16,30,770,328,CD410,,,Plein jour,Hors agglomération,Intersection en X,Normale,Trois véhicules et plus - collisions multiples,,,,,,,,,,,1,1,2,1,5
200600059838,0006-10-08 01:10:00,6,10,8,1,10,770,328,Route Nationale 152,,,Nuit sans éclairage public,Hors agglomération,Hors intersection,Normale,Deux véhicules - frontale,,,,,,,,,,,3,1,1,1,1
200600059839,0006-10-14 13:00:00,6,10,14,13,0,770,329,,48.257,2.808,Plein jour,Hors agglomération,Hors intersection,Normale,Sans collision,,,,,,,,,,,1,1,1,1,7
200600059840,0006-10-04 16:30:00,6,10,4,16,30,770,420,AV DE LA REPUBLIQUE,49.066,2.154,Plein jour,En agglomération,Hors intersection,Temps couvert,Deux véhicules - côté,,,,,,,,,,,1,2,1,8,3
200600059841,0006-10-04 08:15:00,6,10,4,8,15,770,474,,48.59,2.37,Plein jour,Hors agglomération,Autre intersection,Normale,Deux véhicules - arrière,,,,,,,,,,,1,1,9,1,2
200600059842,0006-10-15 10:30:00,6,10,15,10,30,770,382,72 RUE CARNOT,48.496,2.463,Nuit avec éclairage allumé,En agglomération,Hors intersection,Normale,Autre collision,,,,,,,,,,,5,2,1,1,6
200600059843,0006-10-16 14:15:00,6,10,16,14,15,770,232,,48.531,2.346,Plein jour,Hors agglomération,Intersection en X,Normale,Deux véhicules - côté,,,,,,,,,,,1,1,2,1,3
200600059844,0006-10-17 16:30:00,6,10,17,16,30,770,315,AVENUE 27 AOUT 1944,48.474,2.385,Plein jour,En agglomération,Hors intersection,Normale,Autre collision,,,,,,,,,,,1,2,1,1,6
200600059845,0006-10-25 17:45:00,6,10,25,17,45,770,437,av du marechal gallieni,,,Nuit avec éclairage allumé,En agglomération,Hors intersection,Normale,Deux véhicules - arrière,,,,,,,,,,,5,2,1,1,2
200600059846,0006-10-30 07:30:00,6,10,30,7,30,770,364,,49.014,2.283,Crépuscule ou aube,Hors agglomération,Intersection en X,Normale,Deux véhicules - côté,,,,,,,,,,,2,1,2,1,3
200600059847,0006-10-04 19:15:00,6,10,4,19,15,770,246,,48.584,3.373,Nuit sans éclairage public,Hors agglomération,Hors intersection,Normale,Sans collision,,,,,,,,,,,3,1,1,1,7
200600059848,0006-10-08 08:15:00,6,10,8,8,15,770,239,,48.695,3.152,Plein jour,Hors agglomération,Hors intersection,Normale,Autre collision,,,,,,,,,,,1,1,1,1,6
200600059849,0006-10-16 07:15:00,6,10,16,7,15,770,239,,48.681,3.115,Crépuscule ou aube,Hors agglomération,Hors intersection,Normale,Trois véhicules et plus - en chaîne,,,,,,,,,,,2,1,1,1,4
200600059850,0006-10-02 12:00:00,6,10,2,12,0,770,507,D59,,,Plein jour,Hors agglomération,Hors intersection,Pluie légère,Deux véhicules - frontale,,,,,,,,,,,1,1,1,2,1
200600059851,0006-10-23 09:00:00,6,10,23,9,0,770,227,,48.506,3.339,Plein jour,Hors agglomération,Hors intersection,Pluie légère,Deux véhicules - frontale,,,,,,,,,,,1,1,1,2,1
200600059852,0006-10-27 08:15:00,6,10,27,8,15,770,89,Carrefour CD 67 et CD 12,,,Plein jour,Hors agglomération,Intersection en X,Brouillard / fumée,Deux véhicules - frontale,,,,,,,,,,,1,1,2,5,1
200600059853,0006-10-10 16:45:00,6,10,10,16,45,450,248,Boulevard de Verdun,,,Plein jour,En agglomération,Autre intersection,Normale,Autre collision,,,,,,,,,,,1,2,9,1,6
200600059854,0006-10-27 02:25:00,6,10,27,2,25,450,82,"eu-dit ""La Charbonnière""",,,Nuit sans éclairage public,Hors agglomération,Hors intersection,Normale,Deux véhicules - frontale,,,,,,,,,,,3,1,1,1,1
200600059855,0006-10-07 17:00:00,6,10,7,17,0,450,193,,,,Plein jour,Hors agglomération,Hors intersection,Normale,Autre collision,,,,,,,,,,,1,1,1,1,6
200600059856,0006-10-08 20:45:00,6,10,8,20,45,450,272,,,,Nuit sans éclairage public,Hors agglomération,Hors intersection,Normale,Autre collision,,,,,,,,,,,3,1,1,1,6
200600059857,0006-10-28 16:45:00,6,10,28,16,45,450,272,,,,Plein jour,Hors agglomération,Hors intersection,Normale,Autre collision,,,,,,,,,,,1,1,1,1,6
200600059858,0006-10-03 12:50:00,6,10,3,12,50,450,203,Zône Sinergie,,,Plein jour,Hors agglomération,Hors intersection,Pluie forte,Deux véhicules - frontale,,,,,,,,,,,1,1,1,3,1
200600059859,0006-10-08 20:45:00,6,10,8,20,45,450,231,,48.151,1.992,Nuit sans éclairage public,Hors agglomération,Hors intersection,Normale,Sans collision,,,,,,,,,,,3,1,1,1,7
200600059860,0006-10-12 17:00:00,6,10,12,17,0,450,195,32 route de courcy 45300,48.101,2.192,Plein jour,En agglomération,Hors intersection,Normale,Autre collision,,,,,,,,,,,1,2,1,1,6
200600059861,0006-10-25 13:15:00,6,10,25,13,15,450,47,,48.119,2.256,Plein jour,Hors agglomération,Hors intersection,Normale,Deux véhicules - frontale,,,,,,,,,,,1,1,1,1,1
200600059862,0006-10-01 17:00:00,6,10,1,17,0,450,155,,,,Plein jour,Hors agglomération,Hors intersection,Pluie légère,Deux véhicules - côté,,,,,,,,,,,1,1,1,2,3
200600059863,0006-10-03 16:30:00,6,10,3,16,30,450,155,rue du 32ème RI,,,Plein jour,En agglomération,Hors intersection,Pluie forte,Deux véhicules - frontale,,,,,,,,,,,1,2,1,3,1
200600059864,0006-10-29 08:50:00,6,10,29,8,50,450,155,Déviation D940,,,Plein jour,En agglomération,Giratoire,Pluie légère,Autre collision,,,,,,,,,,,1,2,6,2,6
200600059865,0006-10-12 15:15:00,6,10,12,15,15,450,16,,,,Crépuscule ou aube,Hors agglomération,Hors intersection,Normale,Deux véhicules - frontale,,,,,,,,,,,2,1,1,1,1
200600059866,0006-10-12 18:30:00,6,10,12,18,30,450,40,,,,Plein jour,Hors agglomération,Hors intersection,Pluie légère,Autre collision,,,,,,,,,,,1,1,1,2,6
200600059867,0006-10-11 17:30:00,6,10,11,17,30,450,244,route de sully,,,Plein jour,En agglomération,Hors intersection,Normale,Autre collision,,,,,,,,,,,1,2,1,1,6
200600059868,0006-10-13 19:30:00,6,10,13,19,30,450,315,faubourg ST GERMAIN,,,Nuit avec éclairage allumé,En agglomération,Hors intersection,Normale,Autre collision,,,,,,,,,,,5,2,1,1,6
200600059869,0006-10-19 13:45:00,6,10,19,13,45,450,51,CD952,,,Plein jour,En agglomération,Hors intersection,Pluie légère,Deux véhicules - côté,,,,,,,,,,,1,2,1,2,3
200600059870,0006-10-09 07:45:00,6,10,9,7,45,450,92,N60,,,Crépuscule ou aube,Hors agglomération,Hors intersection,Normale,Sans collision,,,,,,,,,,,2,1,1,1,7
200600059871,0006-10-02 13:45:00,6,10,2,13,45,450,187,,,,Plein jour,Hors agglomération,Hors intersection,Normale,Deux véhicules - frontale,,,,,,,,,,,1,1,1,1,1
200600059872,0006-10-06 06:00:00,6,10,6,6,0,450,213,,,,Nuit sans éclairage public,Hors agglomération,Hors intersection,Normale,Autre collision,,,,,,,,,,,3,1,1,1,6
200600059873,0006-10-07 11:15:00,6,10,7,11,15,450,283,,,,Plein jour,Hors agglomération,Hors intersection,Normale,Sans collision,,,,,,,,,,,1,1,1,1,7
200600059874,0006-10-15 19:30:00,6,10,15,19,30,450,145,Route du Bignon,48.13,2.81,Nuit sans éclairage public,Hors agglomération,Hors intersection,Temps couvert,Sans collision,,,,,,,,,,,3,1,1,8,7
200600059875,0006-10-22 11:15:00,6,10,22,11,15,450,145,rue du perrocher,48.113,2.79,Plein jour,En agglomération,Hors intersection,Normale,Deux véhicules - côté,,,,,,,,,,,1,2,1,1,3
200600059876,0006-10-04 13:25:00,6,10,4,13,25,450,191,Route de SERMAISES,,,Plein jour,En agglomération,Intersection en X,Normale,Deux véhicules - frontale,,,,,,,,,,,1,2,2,1,1
200600059877,0006-10-19 14:15:00,6,10,19,14,15,450,252,RN 152,,,Plein jour,En agglomération,Intersection en X,Normale,Deux véhicules - côté,,,,,,,,,,,1,2,2,1,3
200600059878,0006-10-27 23:00:00,6,10,27,23,0,450,137,ntersection RN 152/CD833,,,Nuit sans éclairage public,Hors agglomération,Intersection en X,Normale,Deux véhicules - côté,,,,,,,,,,,3,1,2,1,3
200600059879,0006-10-27 09:15:00,6,10,27,9,15,180,53,"Poste, RN 151, PK 62+400",,,Plein jour,Hors agglomération,Intersection en X,Normale,Deux véhicules - côté,,,,,,,,,,,1,1,2,1,3
200600059880,0006-10-06 20:30:00,6,10,6,20,30,180,225,,,,Nuit sans éclairage public,Hors agglomération,Hors intersection,Normale,Deux véhicules - côté,,,,,,,,,,,3,1,1,1,3
200600059881,0006-10-28 18:15:00,6,10,28,18,15,180,248,,,,Plein jour,Hors agglomération,Hors intersection,Normale,Autre collision,,,,,,,,,,,1,1,1,1,6
200600059882,0006-10-01 15:45:00,6,10,1,15,45,180,82,,46.986,3.045,Plein jour,Hors agglomération,Hors intersection,Normale,Deux véhicules - côté,,,,,,,,,,,1,1,1,1,3
200600059883,0006-10-09 14:00:00,6,10,9,14,0,180,195,,,,Plein jour,Hors agglomération,Hors intersection,Normale,Deux véhicules - frontale,,,,,,,,,,,1,1,1,1,1
200600059884,0006-10-29 01:30:00,6,10,29,1,30,180,48,,46.897,2.949,Nuit sans éclairage public,Hors agglomération,Hors intersection,Brouillard / fumée,Deux véhicules - côté,,,,,,,,,,,3,1,1,5,3
200600059885,0006-10-01 16:00:00,6,10,1,16,0,180,88,,,,Plein jour,Hors agglomération,Hors intersection,Normale,Sans collision,,,,,,,,,,,1,1,1,1,7
200600059886,0006-10-06 16:15:00,6,10,6,16,15,180,11,,47.595,2.412,Nuit sans éclairage public,Hors agglomération,Hors intersection,Temps couvert,Deux véhicules - côté,,,,,,,,,,,3,1,1,8,3
200600059887,0006-10-15 00:45:00,6,10,15,0,45,180,30,"""Les deux ponts""",47.537,2.531,Nuit avec éclairage allumé,En agglomération,Hors intersection,Normale,Sans collision,,,,,,,,,,,5,2,1,1,7
200600059888,0006-10-28 17:30:00,6,10,28,17,30,180,148,,,,Plein jour,Hors agglomération,Hors intersection,Normale,Deux véhicules - arrière,,,,,,,,,,,1,1,1,1,2
200600059889,0006-10-28 12:30:00,6,10,28,12,30,180,138,,,,Plein jour,Hors agglomération,Hors intersection,Normale,Deux véhicules - frontale,,,,,,,,,,,1,1,1,1,1
200600059890,0006-10-11 14:15:00,6,10,11,14,15,180,207,Rue P Vaillant Couturier,46.999,2.245,Plein jour,En agglomération,Hors intersection,Pluie légère,Deux véhicules - côté,,,,,,,,,,,1,2,1,2,3
200600059891,0006-10-02 14:45:00,6,10,2,14,45,180,229,,47.244,2.426,Plein jour,Hors agglomération,Hors intersection,Temps couvert,Autre collision,,,,,,,,,,,1,1,1,8,6
200600059892,0006-10-16 08:35:00,6,10,16,8,35,280,48,,48.318,1.428,Crépuscule ou aube,Hors agglomération,Hors intersection,Brouillard / fumée,Trois véhicules et plus - en chaîne,,,,,,,,,,,2,1,1,5,4
200600059893,0006-10-28 22:45:00,6,10,28,22,45,280,201,,48.523,1.538,Nuit sans éclairage public,Hors agglomération,Hors intersection,Normale,Autre collision,,,,,,,,,,,3,1,1,1,6
200600059894,0006-10-01 05:30:00,6,10,1,5,30,280,116,,,,Nuit sans éclairage public,Hors agglomération,Hors intersection,Normale,Autre collision,,,,,,,,,,,3,1,1,1,6
200600059895,0006-10-03 13:30:00,6,10,3,13,30,280,302,D920,,,Plein jour,Hors agglomération,Hors intersection,Pluie légère,Sans collision,,,,,,,,,,,1,1,1,2,7
200600059896,0006-10-05 08:00:00,6,10,5,8,0,280,116,ntersection CD923 et D23,,,Plein jour,Hors agglomération,Intersection en T,Normale,Deux véhicules - côté,,,,,,,,,,,1,1,3,1,3
200600059897,0006-10-26 15:25:00,6,10,26,15,25,280,116,tersection CD923/CD920.1,,,Plein jour,Hors agglomération,Hors intersection,Normale,Deux véhicules - arrière,,,,,,,,,,,1,1,1,1,2
200600059898,0006-10-04 19:15:00,6,10,4,19,15,280,92,rue bel air,48.363,1.884,Nuit avec éclairage allumé,En agglomération,Hors intersection,Normale,Deux véhicules - frontale,,,,,,,,,,,5,2,1,1,1
200600059899,0006-10-09 12:30:00,6,10,9,12,30,280,13,rue du grand mont,,,Plein jour,En agglomération,Hors intersection,Pluie légère,Sans collision,,,,,,,,,,,1,2,1,2,7
200600059900,0006-10-13 22:00:00,6,10,13,22,0,280,230,10 Grande Rue,,,Nuit avec éclairage allumé,En agglomération,Hors intersection,Normale,Autre collision,,,,,,,,,,,5,2,1,1,6
200600059901,0006-10-17 09:00:00,6,10,17,9,0,280,13,,48.43,1.78,Crépuscule ou aube,Hors agglomération,Intersection en X,Brouillard / fumée,Deux véhicules - côté,,,,,,,,,,,2,1,2,5,3
200600059902,0006-10-18 08:15:00,6,10,18,8,15,280,227,,,,Crépuscule ou aube,Hors agglomération,Hors intersection,Pluie légère,Deux véhicules - frontale,,,,,,,,,,,2,1,1,2,1
200600059903,0006-10-22 03:00:00,6,10,22,3,0,280,188,,,,Nuit sans éclairage public,Hors agglomération,Hors intersection,Pluie légère,Sans collision,,,,,,,,,,,3,1,1,2,7
200600059904,0006-10-25 15:15:00,6,10,25,15,15,280,423,section avec le CD 116-5,,,Plein jour,Hors agglomération,Hors intersection,Normale,Deux véhicules - frontale,,,,,,,,,,,1,1,1,1,1
200600059905,0006-10-27 01:30:00,6,10,27,1,30,280,421,"lieu-dit ""Chevrainville""",48.398,1.722,Nuit sans éclairage public,Hors agglomération,Hors intersection,Normale,Sans collision,,,,,,,,,,,3,1,1,1,7
200600059906,0006-10-27 10:45:00,6,10,27,10,45,280,88,rue de Jallans,48.075,1.337,Plein jour,En agglomération,Hors intersection,Normale,Deux véhicules - arrière,,,,,,,,,,,1,2,1,1,2
200600059907,0006-10-06 20:15:00,6,10,6,20,15,280,370,,48.257,1.309,Nuit sans éclairage public,Hors agglomération,Hors intersection,Pluie forte,Sans collision,,,,,,,,,,,3,1,1,3,7
200600059908,0006-10-27 11:45:00,6,10,27,11,45,280,29,arrefour RN 154 et CD109,,,Plein jour,Hors agglomération,Hors intersection,Temps couvert,Deux véhicules - arrière,,,,,,,,,,,1,1,1,8,2
200600059909,0006-10-31 06:15:00,6,10,31,6,15,280,28,,,,Crépuscule ou aube,Hors agglomération,Hors intersection,Brouillard / fumée,Autre collision,,,,,,,,,,,2,1,1,5,6
200600059910,0006-10-27 16:15:00,6,10,27,16,15,280,424,,,,Plein jour,Hors agglomération,Hors intersection,Normale,Deux véhicules - côté,,,,,,,,,,,1,1,1,1,3
200600059911,0006-10-02 18:45:00,6,10,2,18,45,280,359,rue des caves,,,Nuit sans éclairage public,En agglomération,Intersection en X,Pluie légère,Deux véhicules - frontale,,,,,,,,,,,3,2,2,2,1
200600059912,0006-10-04 16:40:00,6,10,4,16,40,280,98,efour D.308-4 et D.147-8,,,Plein jour,Hors agglomération,Hors intersection,Temps couvert,Deux véhicules - côté,,,,,,,,,,,1,1,1,8,3
200600059913,0006-10-10 07:45:00,6,10,10,7,45,280,98,ROUTE DE LA FORET,48.773,1.404,Crépuscule ou aube,En agglomération,Hors intersection,Brouillard / fumée,Sans collision,,,,,,,,,,,2,2,1,5,7
200600059914,0006-10-11 20:00:00,6,10,11,20,0,280,394,CD 928 - PR 30+500,,,Nuit sans éclairage public,Hors agglomération,Hors intersection,Pluie légère,Deux véhicules - frontale,,,,,,,,,,,3,1,1,2,1
200600059915,0006-10-18 07:30:00,6,10,18,7,30,280,46,,48.655,0.912,Nuit sans éclairage public,Hors agglomération,Hors intersection,Normale,Deux véhicules - frontale,,,,,,,,,,,3,1,1,1,1
200600059916,0006-10-03 09:30:00,6,10,3,9,30,280,226,,48.649,1.183,Plein jour,Hors agglomération,Hors intersection,Normale,Sans collision,,,,,,,,,,,1,1,1,1,7
200600059917,0006-10-28 01:20:00,6,10,28,1,20,280,374,RD 26,,,Nuit sans éclairage public,Hors agglomération,Hors intersection,Normale,Deux véhicules - frontale,,,,,,,,,,,3,1,1,1,1
200600059918,0006-10-06 15:00:00,6,10,6,15,0,280,18,,48.218,0.882,Plein jour,Hors agglomération,Hors intersection,Pluie légère,Autre collision,,,,,,,,,,,1,1,1,2,6
200600059919,0006-10-22 00:05:00,6,10,22,0,5,280,280,CD923,,,Nuit avec éclairage allumé,Hors agglomération,Hors intersection,Normale,Sans collision,,,,,,,,,,,5,1,1,1,7
200600059920,0006-10-24 16:00:00,6,10,24,16,0,280,156,CD 25,,,Plein jour,Hors agglomération,Hors intersection,Normale,Deux véhicules - côté,,,,,,,,,,,1,1,1,1,3
200600059921,0006-10-07 16:30:00,6,10,7,16,30,360,128,,,,Plein jour,Hors agglomération,Hors intersection,Normale,Deux véhicules - frontale,,,,,,,,,,,1,1,1,1,1
200600059922,0006-10-20 09:00:00,6,10,20,9,0,360,200,rue Saint Marins,,,Plein jour,En agglomération,Hors intersection,Normale,Deux véhicules - frontale,,,,,,,,,,,1,2,1,1,1
200600059923,0006-10-07 22:45:00,6,10,7,22,45,360,45,,,,Nuit sans éclairage public,Hors agglomération,Hors intersection,Normale,Sans collision,,,,,,,,,,,3,1,1,1,7
200600059924,0006-10-14 01:45:00,6,10,14,1,45,360,31,chemin communal,46.9,1.421,Nuit sans éclairage public,En agglomération,Hors intersection,Normale,Sans collision,,,,,,,,,,,3,2,1,1,7
200600059925,0006-10-20 14:15:00,6,10,20,14,15,360,86,RD11,,,Plein jour,Hors agglomération,Hors intersection,Temps couvert,Autre collision,,,,,,,,,,,1,1,1,8,6
200600059926,0006-10-22 03:45:00,6,10,22,3,45,360,45,rte de Tours,46.994,1.17,Nuit avec éclairage non allumé,En agglomération,Hors intersection,Normale,Deux véhicules - frontale,,,,,,,,,,,4,2,1,1,1
200600059927,0006-10-05 07:30:00,6,10,5,7,30,360,229,ROND POINT RUE ELIE GRAN,47.217,1.606,Crépuscule ou aube,En agglomération,Giratoire,Normale,Deux véhicules - côté,,,,,,,,,,,2,2,6,1,3
200600059928,0006-10-03 14:45:00,6,10,3,14,45,360,87,,,,Plein jour,Hors agglomération,Hors intersection,Pluie forte,Sans collision,,,,,,,,,,,1,1,1,3,7
200600059929,0006-10-11 16:15:00,6,10,11,16,15,360,123,21 FAUBOURG DE L OUEST,46.824,1.208,Plein jour,En agglomération,Hors intersection,Normale,Deux véhicules - frontale,,,,,,,,,,,1,2,1,1,1
200600059930,0006-10-15 18:30:00,6,10,15,18,30,360,145,,46.894,1.054,Plein jour,Hors agglomération,Hors intersection,Normale,Autre collision,,,,,,,,,,,1,1,1,1,6
200600059931,0006-10-19 17:30:00,6,10,19,17,30,360,240,,,,Plein jour,Hors agglomération,Hors intersection,Pluie légère,Deux véhicules - arrière,,,,,,,,,,,1,1,1,2,2
200600059932,0006-10-08 17:30:00,6,10,8,17,30,360,81,,46.516,1.599,Plein jour,Hors agglomération,Hors intersection,Normale,Sans collision,,,,,,,,,,,1,1,1,1,7
200600059933,0006-10-11 14:30:00,6,10,11,14,30,360,88,ade d'ISSOUDUN PK 81+200,,,Plein jour,En agglomération,Hors intersection,Normale,Deux véhicules - arrière,,,,,,,,,,,1,2,1,1,2
200600059934,0006-10-14 17:00:00,6,10,14,17,0,370,171,CD1 - PR5,,,Plein jour,Hors agglomération,Hors intersection,Normale,Autre collision,,,,,,,,,,,1,1,1,1,6
200600059935,0006-10-20 13:45:00,6,10,20,13,45,370,163,,,,Plein jour,Hors agglomération,Intersection en Y,Normale,Deux véhicules - côté,,,,,,,,,,,1,1,4,1,3
200600059936,0006-10-23 12:30:00,6,10,23,12,30,370,3,Place St Denis,,,Plein jour,En agglomération,Intersection en T,Normale,Deux véhicules - côté,,,,,,,,,,,1,2,3,1,3
200600059937,0006-10-28 17:45:00,6,10,28,17,45,370,3,e FRANCE et de la RN 152,,,Plein jour,En agglomération,Intersection en X,Normale,Deux véhicules - côté,,,,,,,,,,,1,2,2,1,3
200600059938,0006-10-20 03:00:00,6,10,20,3,0,370,109,rue de vallières,47.394,0.604,Nuit sans éclairage public,En agglomération,Hors intersection,Normale,Autre collision,,,,,,,,,,,3,2,1,1,6
200600059939,0006-10-26 03:45:00,6,10,26,3,45,370,279,,,,Nuit sans éclairage public,Hors agglomération,Hors intersection,Normale,Autre collision,,,,,,,,,,,3,1,1,1,6
200600059940,0006-10-17 10:00:00,6,10,17,10,0,370,245,,,,Plein jour,Hors agglomération,Hors intersection,Normale,Deux véhicules - côté,,,,,,,,,,,1,1,1,1,3
200600059941,0006-10-30 17:15:00,6,10,30,17,15,370,10,Lieu dit PIERFITTE,,,Nuit sans éclairage public,Hors agglomération,Hors intersection,Brouillard / fumée,Sans collision,,,,,,,,,,,3,1,1,5,7
200600059942,0006-10-02 08:30:00,6,10,2,8,30,370,67,,47.259,0.456,Plein jour,Hors agglomération,Hors intersection,Normale,Deux véhicules - frontale,,,,,,,,,,,1,1,1,1,1
200600059943,0006-10-26 07:55:00,6,10,26,7,55,370,14,Route de Marnay,47.279,0.409,Nuit sans éclairage public,Hors agglomération,Hors intersection,Normale,Sans collision,,,,,,,,,,,3,1,1,1,7
200600059944,0006-10-17 17:00:00,6,10,17,17,0,370,190,,47.001,0.553,Plein jour,Hors agglomération,Hors intersection,Normale,Deux véhicules - frontale,,,,,,,,,,,1,1,1,1,1
200600059945,0006-10-19 16:00:00,6,10,19,16,0,370,39,,47.039,1.097,Plein jour,Hors agglomération,Hors intersection,Normale,Trois véhicules et plus - collisions multiples,,,,,,,,,,,1,1,1,1,5
200600059946,0006-10-20 08:00:00,6,10,20,8,0,370,49,,47.172,0.982,Crépuscule ou aube,Hors agglomération,Hors intersection,Pluie légère,Trois véhicules et plus - collisions multiples,,,,,,,,,,,2,1,1,2,5
200600059947,0006-10-27 06:00:00,6,10,27,6,0,370,130,,47.061,0.848,Nuit sans éclairage public,Hors agglomération,Hors intersection,Brouillard / fumée,Deux véhicules - côté,,,,,,,,,,,3,1,1,5,3
200600059948,0006-10-05 08:45:00,6,10,5,8,45,370,211,,47.25,0.757,Plein jour,Hors agglomération,Intersection en X,Normale,Trois véhicules et plus - collisions multiples,,,,,,,,,,,1,1,2,1,5
200600059949,0006-10-25 08:15:00,6,10,25,8,15,410,181,,,,Nuit sans éclairage public,Hors agglomération,Intersection en X,Normale,Deux véhicules - côté,,,,,,,,,,,3,1,2,1,3
200600059950,0006-10-24 09:00:00,6,10,24,9,0,410,84,"""LES HYPOTIERES """,,,Plein jour,Hors agglomération,Hors intersection,Normale,Autre collision,,,,,,,,,,,1,1,1,1,6
200600059951,0006-10-14 16:15:00,6,10,14,16,15,410,149,rue Saint Laurent,47.756,0.863,Plein jour,En agglomération,Hors intersection,Normale,Deux véhicules - frontale,,,,,,,,,,,1,2,1,1,1
200600059952,0006-10-20 20:45:00,6,10,20,20,45,410,53,,,,Nuit sans éclairage public,Hors agglomération,Hors intersection,Normale,Autre collision,,,,,,,,,,,3,1,1,1,6
200600059953,0006-10-13 17:00:00,6,10,13,17,0,410,171,route de VENDOME,47.825,1.293,Plein jour,En agglomération,Intersection en X,Normale,Deux véhicules - frontale,,,,,,,,,,,1,2,2,1,1
200600059954,0006-10-13 07:45:00,6,10,13,7,45,410,243,Trois tilleuls,47.762,1.193,Crépuscule ou aube,En agglomération,Hors intersection,Normale,Deux véhicules - côté,,,,,,,,,,,2,2,1,1,3
200600059955,0006-10-28 16:15:00,6,10,28,16,15,290,233,,,,Plein jour,Hors agglomération,Giratoire,Normale,Deux véhicules - frontale,,,,,,,,,,,1,1,6,1,1
200600059956,0006-10-30 21:30:00,6,10,30,21,30,290,234,kermec,,,Nuit avec éclairage allumé,Hors agglomération,Hors intersection,Normale,Autre collision,,,,,,,,,,,5,1,1,1,6
200600059957,0006-10-06 11:00:00,6,10,6,11,0,290,274,CARREFOUR MAGASIN LECLER,48.024,-3.72,Plein jour,En agglomération,Hors intersection,Normale,Deux véhicules - côté,,,,,,,,,,,1,2,1,1,3
200600059958,0006-10-30 17:15:00,6,10,30,17,15,130,104,Carrefour Ave Côte bleue,,,Plein jour,En agglomération,Hors intersection,Normale,Deux véhicules - arrière,,,,,,,,,,,1,2,1,1,2
200600059959,0006-10-17 20:10:00,6,10,17,20,10,950,56,CD 909 route de Paris,,,Nuit sans éclairage public,Hors agglomération,Hors intersection,Normale,Deux véhicules - frontale,,,,,,,,,,,3,1,1,1,1