accident_id,datetime,annee,mois,jour,heure,minute,departement,commune_insee,adresse,latitude,longitude,luminosite,agglomeration,intersection,meteo,collision,nb_vehicules,nb_usagers,nb_indemnes,nb_tues,nb_blesses_hosp,nb_blesses_legers,age_cond_1,age_cond_2,veh_type_cond_1,veh_type_cond_2,lum_code,agg_code,int_code,atm_code,col_code
200600060095,0006-10-05 08:00:00,6,10,5,8,0,660,195,CD 916 PK 5+800,,,Plein jour,Hors agglomération,Hors intersection,Normale,Deux véhicules - frontale,,,,,,,,,,,1,1,1,1,1
200600060096,0006-10-31 13:00:00,6,10,31,13,0,660,195,CD 39,,,Plein jour,En agglomération,Giratoire,Normale,Autre collision,,,,,,,,,,,1,2,6,1,6
200600060097,0006-10-31 15:30:00,6,10,31,15,30,660,195,rue de la paix,,,Plein jour,En agglomération,Hors intersection,Normale,Autre collision,,,,,,,,,,,1,2,1,1,6
200600060098,0006-10-08 17:15:00,6,10,8,17,15,670,49,ction de STRASBOURG (67),,,Plein jour,Hors agglomération,Hors intersection,Normale,Deux véhicules - arrière,,,,,,,,,,,1,1,1,1,2
200600060099,0006-10-22 12:00:00,6,10,22,12,0,670,84,A 35,,,Plein jour,Hors agglomération,Hors intersection,Normale,Deux véhicules - arrière,,,,,,,,,,,1,1,1,1,2
200600060100,0006-10-31 18:30:00,6,10,31,18,30,670,45,RD 500,,,Nuit sans éclairage public,Hors agglomération,Hors intersection,Normale,Trois véhicules et plus - en chaîne,,,,,,,,,,,3,1,1,1,4
200600060101,0006-10-20 12:52:00,6,10,20,12,52,170,139,autoroute A10,,,Plein jour,Hors agglomération,Hors intersection,Temps couvert,Deux véhicules - arrière,,,,,,,,,,,1,1,1,8,2
200600060102,0006-10-24 06:30:00,6,10,24,6,30,170,116,,45.438,-0.604,Nuit sans éclairage public,Hors agglomération,Hors intersection,Vent fort / tempête,Autre collision,,,,,,,,,,,3,1,1,6,6
200600060103,0006-10-01 10:45:00,6,10,1,10,45,220,187,"Rampes, direction Brest",,,Plein jour,Hors agglomération,Hors intersection,Normale,Trois véhicules et plus - collisions multiples,,,,,,,,,,,1,1,1,1,5
200600060104,0006-10-08 17:00:00,6,10,8,17,0,220,234,le pont cam,,,Plein jour,Hors agglomération,Hors intersection,Normale,Sans collision,,,,,,,,,,,1,1,1,1,7
200600060105,0006-10-17 17:30:00,6,10,17,17,30,220,206,,48.535,-2.968,Plein jour,Hors agglomération,Hors intersection,Normale,Deux véhicules - côté,,,,,,,,,,,1,1,1,1,3
200600060106,0006-10-30 20:15:00,6,10,30,20,15,220,187,CD 786-Les Rampes,,,Nuit sans éclairage public,Hors agglomération,Hors intersection,Normale,Deux véhicules - côté,,,,,,,,,,,3,1,1,1,3
200600060107,0006-10-09 18:00:00,6,10,9,18,0,201,362,,41.707,9.354,Plein jour,Hors agglomération,Hors intersection,Normale,Deux véhicules - côté,,,,,,,,,,,1,1,1,1,3
200600060108,0006-10-21 08:45:00,6,10,21,8,45,740,292,,,,Plein jour,Hors agglomération,Hors intersection,Normale,Deux véhicules - frontale,,,,,,,,,,,1,1,1,1,1
200600060109,0006-10-20 16:15:00,6,10,20,16,15,10,7,A42 - PK 48+300,,,Plein jour,Hors agglomération,Hors intersection,Normale,Deux véhicules - arrière,,,,,,,,,,,1,1,1,1,2
200600060110,0006-10-24 13:00:00,6,10,24,13,0,10,49,2+500 - sens GENEVE-LYON,45.836,5.027,Plein jour,Hors agglomération,Hors intersection,Normale,Trois véhicules et plus - en chaîne,,,,,,,,,,,1,1,1,1,4
200600060111,0006-10-23 20:30:00,6,10,23,20,30,10,276,,45.866,5.167,Nuit sans éclairage public,Hors agglomération,Hors intersection,Normale,Deux véhicules - arrière,,,,,,,,,,,3,1,1,1,2
200600060112,0006-10-22 01:30:00,6,10,22,1,30,910,244,RN 191,,,Nuit sans éclairage public,Hors agglomération,Hors intersection,Pluie légère,Sans collision,,,,,,,,,,,3,1,1,2,7
200600060113,0006-10-03 13:00:00,6,10,3,13,0,510,449,,,,Plein jour,Hors agglomération,Hors intersection,Normale,Trois véhicules et plus - collisions multiples,,,,,,,,,,,1,1,1,1,5
200600060114,0006-10-29 19:15:00,6,10,29,19,15,510,629,RD 951,,,Nuit sans éclairage public,Hors agglomération,Hors intersection,Normale,Deux véhicules - frontale,,,,,,,,,,,3,1,1,1,1
200600060115,0006-10-30 06:30:00,6,10,30,6,30,520,384,toroute A31 - PK 101+550,,,Crépuscule ou aube,Hors agglomération,Hors intersection,Normale,Deux véhicules - arrière,,,,,,,,,,,2,1,1,1,2
200600060116,0006-10-14 04:58:00,6,10,14,4,58,620,906,13+900 sens CALAIS/REIMS,,,Nuit sans éclairage public,Hors agglomération,Hors intersection,Brouillard / fumée,Deux véhicules - arrière,,,,,,,,,,,3,1,1,5,2
200600060117,0006-10-01 14:45:00,6,10,1,14,45,620,645,RUE SCHUMAN,50.97,2.03,Plein jour,En agglomération,Hors intersection,Normale,Deux véhicules - frontale,,,,,,,,,,,1,2,1,1,1
200600060118,0006-10-25 20:15:00,6,10,25,20,15,60,152,,43.64,7.005,Nuit avec éclairage allumé,Hors agglomération,Hors intersection,Normale,Autre collision,,,,,,,,,,,5,1,1,1,6
200600060119,0006-10-26 21:30:00,6,10,26,21,30,740,11,Avenue de Chavoires,45.905,6.163,Nuit avec éclairage allumé,En agglomération,Hors intersection,Normale,Deux véhicules - côté,,,,,,,,,,,5,2,1,1,3
200600060120,0006-10-23 09:00:00,6,10,23,9,0,20,296,0 sens ST QUENTIN/AMIENS,,,Plein jour,Hors agglomération,Hors intersection,Pluie légère,Sans collision,,,,,,,,,,,1,1,1,2,7
200600060121,0006-10-18 19:53:00,6,10,18,19,53,130,112,CD 20,,,Nuit sans éclairage public,Hors agglomération,Hors intersection,Temps couvert,Autre collision,,,,,,,,,,,3,1,1,8,6
200600060122,0006-10-14 15:20:00,6,10,14,15,20,90,4,RN20 PR 65+400,,,Plein jour,Hors agglomération,Hors intersection,Normale,Sans collision,,,,,,,,,,,1,1,1,1,7
200600060123,0006-10-31 13:45:00,6,10,31,13,45,90,139,RN 20,42.608,1.814,Plein jour,Hors agglomération,Hors intersection,Normale,Autre collision,,,,,,,,,,,1,1,1,1,6
200600060124,0006-10-27 00:30:00,6,10,27,0,30,760,462,,,,Nuit sans éclairage public,Hors agglomération,Hors intersection,Normale,Trois véhicules et plus - collisions multiples,,,,,,,,,,,3,1,1,1,5
200600060125,0006-10-24 09:30:00,6,10,24,9,30,560,243,27 route de Nantes,47.66,-2.742,Plein jour,En agglomération,Hors intersection,Temps éblouissant,Deux véhicules - côté,,,,,,,,,,,1,2,1,7,3
200600060126,0006-10-07 19:15:00,6,10,7,19,15,380,553,Avenue de la maladière,,,Nuit avec éclairage allumé,En agglomération,Intersection en T,Normale,Deux véhicules - frontale,,,,,,,,,,,5,2,3,1,1
200600060127,0006-10-20 22:30:00,6,10,20,22,30,380,553,boulevard de villefontai,,,Nuit avec éclairage allumé,En agglomération,Hors intersection,Pluie légère,Autre collision,,,,,,,,,,,5,2,1,2,6
200600060128,0006-10-23 05:15:00,6,10,23,5,15,130,59,"YRARGUES, autoroute A.51",,,Nuit avec éclairage allumé,Hors agglomération,Hors intersection,Normale,Autre collision,,,,,,,,,,,5,1,1,1,6
200600060129,0006-10-17 07:45:00,6,10,17,7,45,410,256,,,,Plein jour,Hors agglomération,Hors intersection,Normale,Autre collision,,,,,,,,,,,1,1,1,1,6
200600060130,0006-10-03 07:50:00,6,10,3,7,50,340,337,CD 185,,,Plein jour,Hors agglomération,Hors intersection,Normale,Deux véhicules - frontale,,,,,,,,,,,1,1,1,1,1
200600060131,0006-10-05 16:15:00,6,10,5,16,15,140,200,,49.297,-0.543,Plein jour,Hors agglomération,Intersection en X,Pluie légère,Deux véhicules - côté,,,,,,,,,,,1,1,2,2,3
200600060132,0006-10-15 03:00:00,6,10,15,3,0,140,21,RUE MOUNTBATTEN,,,Nuit avec éclairage allumé,En agglomération,Hors intersection,Normale,Autre collision,,,,,,,,,,,5,2,1,1,6
200600060133,0006-10-26 19:00:00,6,10,26,19,0,130,69,CD 22  Route de Cazan,,,Nuit sans éclairage public,Hors agglomération,Hors intersection,Normale,Deux véhicules - frontale,,,,,,,,,,,3,1,1,1,1
200600060134,0006-10-03 16:15:00,6,10,3,16,15,30,118,"00, sur l'autoroute A71,",,,Plein jour,Hors agglomération,Hors intersection,Normale,Deux véhicules - arrière,,,,,,,,,,,1,1,1,1,2
200600060135,0006-10-01 08:45:00,6,10,1,8,45,630,164,,,,Plein jour,Hors agglomération,Autre intersection,Normale,Autre collision,,,,,,,,,,,1,1,9,1,6
200600060136,0006-10-04 13:45:00,6,10,4,13,45,60,90,in communal de l'hôpital,43.594,6.936,Plein jour,Hors agglomération,Hors intersection,Normale,Deux véhicules - frontale,,,,,,,,,,,1,1,1,1,1
200600060137,0006-10-03 07:30:00,6,10,3,7,30,400,210,natioanle 10 - PR45+100,,,Nuit sans éclairage public,Hors agglomération,Hors intersection,Vent fort / tempête,Sans collision,,,,,,,,,,,3,1,1,6,7
200600060138,0006-10-29 00:15:00,6,10,29,0,15,400,295,,,,Nuit sans éclairage public,Hors agglomération,Hors intersection,Normale,Trois véhicules et plus - en chaîne,,,,,,,,,,,3,1,1,1,4
200600060139,0006-10-22 18:00:00,6,10,22,18,0,670,49,route d'entzheim,,,Crépuscule ou aube,En agglomération,Hors intersection,Normale,Deux véhicules - côté,,,,,,,,,,,2,2,1,1,3
200600060140,0006-10-24 14:45:00,6,10,24,14,45,670,108,tion RD111/rue des roses,,,Plein jour,Hors agglomération,Hors intersection,Vent fort / tempête,Deux véhicules - frontale,,,,,,,,,,,1,1,1,6,1
200600060141,0006-10-20 17:00:00,6,10,20,17,0,670,389,,48.654,7.743,Plein jour,Hors agglomération,Intersection en X,Pluie légère,Deux véhicules - arrière,,,,,,,,,,,1,1,2,2,2
200600060142,0006-10-23 08:45:00,6,10,23,8,45,60,148,CD 2210 route de Grasse,43.718,7.057,Plein jour,Hors agglomération,Hors intersection,Pluie légère,Deux véhicules - frontale,,,,,,,,,,,1,1,1,2,1
200600060143,0006-10-31 14:55:00,6,10,31,14,55,650,303,"0, sens TOULOUSE/BAYONNE",,,Plein jour,Hors agglomération,Hors intersection,Normale,Autre collision,,,,,,,,,,,1,1,1,1,6
200600060144,0006-10-01 09:45:00,6,10,1,9,45,380,352,"2, montée du chemin neuf",,,Plein jour,En agglomération,Hors intersection,Pluie légère,Autre collision,,,,,,,,,,,1,2,1,2,6
200600060145,0006-10-02 16:00:00,6,10,2,16,0,40,127,pk 102.600 sens nord sud,44.063,5.971,Plein jour,Hors agglomération,Hors intersection,Normale,Trois véhicules et plus - collisions multiples,,,,,,,,,,,1,1,1,1,5
200600060146,0006-10-22 00:55:00,6,10,22,0,55,40,112,Autoroute A.51 PR 69+500,,,Nuit sans éclairage public,Hors agglomération,Hors intersection,Normale,Autre collision,,,,,,,,,,,3,1,1,1,6
200600060147,0006-10-11 23:40:00,6,10,11,23,40,730,213,autoroute A43,,,Nuit sans éclairage public,Hors agglomération,Hors intersection,Normale,Autre collision,,,,,,,,,,,3,1,1,1,6
200600060148,0006-10-09 14:10:00,6,10,9,14,10,260,57,TOROUTE A 49 - PK 58+600,45.027,5.073,Plein jour,Hors agglomération,Hors intersection,Normale,Sans collision,,,,,,,,,,,1,1,1,1,7
200600060149,0006-10-06 07:15:00,6,10,6,7,15,350,206,"CD 482, ZA DU HILL",,,Crépuscule ou aube,Hors agglomération,Hors intersection,Pluie légère,Deux véhicules - frontale,,,,,,,,,,,2,1,1,2,1
200600060150,0006-10-11 12:15:00,6,10,11,12,15,350,352,,,,Plein jour,Hors agglomération,Hors intersection,Pluie légère,Deux véhicules - frontale,,,,,,,,,,,1,1,1,2,1
200600060151,0006-10-23 18:00:00,6,10,23,18,0,670,156,utoroute A 35 PK 247+600,,,Nuit sans éclairage public,Hors agglomération,Hors intersection,Pluie forte,Autre collision,,,,,,,,,,,3,1,1,3,6
200600060152,0006-10-31 18:30:00,6,10,31,18,30,510,545,"600, sens TROYES-CHALONS",,,Nuit sans éclairage public,Hors agglomération,Hors intersection,Normale,Autre collision,,,,,,,,,,,3,1,1,1,6
200600060153,0006-10-23 18:05:00,6,10,23,18,5,310,561,,,,Plein jour,Hors agglomération,Hors intersection,Normale,Autre collision,,,,,,,,,,,1,1,1,1,6
200600060154,0006-10-11 08:00:00,6,10,11,8,0,130,50,,43.654,5.231,Plein jour,Hors agglomération,Hors intersection,Normale,Autre collision,,,,,,,,,,,1,1,1,1,6
200600060155,0006-10-18 16:00:00,6,10,18,16,0,130,50,route de COUDOUX,,,Plein jour,Hors agglomération,Hors intersection,Normale,Deux véhicules - frontale,,,,,,,,,,,1,1,1,1,1
200600060156,0006-10-15 12:15:00,6,10,15,12,15,850,34,Autoroute A.83 -,,,Plein jour,Hors agglomération,Hors intersection,Normale,Deux véhicules - côté,,,,,,,,,,,1,1,1,1,3
200600060157,0006-10-25 13:15:00,6,10,25,13,15,310,286,"bes/Toulouse, PK 241+100",,,Plein jour,Hors agglomération,Hors intersection,Normale,Sans collision,,,,,,,,,,,1,1,1,1,7
200600060158,0006-10-25 07:10:00,6,10,25,7,10,800,432,St Quentin / Neufchâtel,,,Nuit sans éclairage public,Hors agglomération,Hors intersection,Autre,Autre collision,,,,,,,,,,,3,1,1,9,6
200600060159,0006-10-28 22:30:00,6,10,28,22,30,800,160,,,,Nuit sans éclairage public,Hors agglomération,Hors intersection,Normale,Autre collision,,,,,,,,,,,3,1,1,1,6
200600060160,0006-10-15 07:25:00,6,10,15,7,25,800,87,,,,Plein jour,Hors agglomération,Hors intersection,Normale,Autre collision,,,,,,,,,,,1,1,1,1,6
200600060161,0006-10-28 13:05:00,6,10,28,13,5,610,464,7+750 sens ROUEN/ALENCON,,,Plein jour,Hors agglomération,Hors intersection,Normale,Sans collision,,,,,,,,,,,1,1,1,1,7
200600060162,0006-10-07 09:30:00,6,10,7,9,30,870,203,,,,Plein jour,Hors agglomération,Hors intersection,Normale,Sans collision,,,,,,,,,,,1,1,1,1,7
200600060163,0006-10-12 21:45:00,6,10,12,21,45,360,200,,,,Nuit sans éclairage public,Hors agglomération,Hors intersection,Normale,Autre collision,,,,,,,,,,,3,1,1,1,6
200600060164,0006-10-27 09:00:00,6,10,27,9,0,360,134,,,,Plein jour,Hors agglomération,Hors intersection,Normale,Autre collision,,,,,,,,,,,1,1,1,1,6
200600060165,0006-10-20 06:15:00,6,10,20,6,15,480,17,,,,Nuit sans éclairage public,Hors agglomération,Hors intersection,Brouillard / fumée,Sans collision,,,,,,,,,,,3,1,1,5,7
200600060166,0006-10-13 18:15:00,6,10,13,18,15,340,114,,,,Plein jour,Hors agglomération,Hors intersection,Normale,Trois véhicules et plus - collisions multiples,,,,,,,,,,,1,1,1,1,5
200600060167,0006-10-03 09:00:00,6,10,3,9,0,190,263,,,,Plein jour,Hors agglomération,Hors intersection,Pluie forte,Autre collision,,,,,,,,,,,1,1,1,3,6
200600060168,0006-10-03 08:00:00,6,10,3,8,0,780,356,,48.744,2.042,Crépuscule ou aube,Hors agglomération,Hors intersection,Pluie légère,Sans collision,,,,,,,,,,,2,1,1,2,7
200600060169,0006-10-09 19:45:00,6,10,9,19,45,780,356,Voie Jean Moulin,48.724,2.089,Nuit avec éclairage allumé,En agglomération,Hors intersection,Temps couvert,Deux véhicules - frontale,,,,,,,,,,,5,2,1,8,1
200600060170,0006-10-24 19:45:00,6,10,24,19,45,780,620,D6,,,Nuit sans éclairage public,Hors agglomération,Hors intersection,Pluie légère,Sans collision,,,,,,,,,,,3,1,1,2,7
200600060171,0006-10-12 13:25:00,6,10,12,13,25,720,334,27 rue de Bretagne,,,Plein jour,En agglomération,Hors intersection,Normale,Deux véhicules - frontale,,,,,,,,,,,1,2,1,1,1
200600060172,0006-10-28 12:30:00,6,10,28,12,30,720,24,,48.071,0.182,Plein jour,Hors agglomération,Hors intersection,Pluie légère,Deux véhicules - frontale,,,,,,,,,,,1,1,1,2,1
200600060173,0006-10-14 21:30:00,6,10,14,21,30,950,678,,,,Nuit sans éclairage public,Hors agglomération,Hors intersection,Normale,Deux véhicules - frontale,,,,,,,,,,,3,1,1,1,1
200600060174,0006-10-25 13:00:00,6,10,25,13,0,950,678,,,,Plein jour,Hors agglomération,Hors intersection,Normale,Deux véhicules - côté,,,,,,,,,,,1,1,1,1,3
200600060175,0006-10-07 22:15:00,6,10,7,22,15,670,558,51 rue uhrwiller,,,Nuit avec éclairage allumé,En agglomération,Hors intersection,Normale,Autre collision,,,,,,,,,,,5,2,1,1,6
200600060176,0006-10-11 07:45:00,6,10,11,7,45,310,547,,,,Crépuscule ou aube,Hors agglomération,Intersection en X,Autre,Deux véhicules - côté,,,,,,,,,,,2,1,2,9,3
200600060177,0006-10-19 07:30:00,6,10,19,7,30,300,34,,43.776,4.473,Crépuscule ou aube,Hors agglomération,Hors intersection,Autre,Trois véhicules et plus - collisions multiples,,,,,,,,,,,2,1,1,9,5
200600060178,0006-10-14 10:30:00,6,10,14,10,30,300,34,ôté droit dans le sens,,,Plein jour,Hors agglomération,Autre intersection,Normale,Autre collision,,,,,,,,,,,1,1,9,1,6
200600060179,0006-10-05 23:50:00,6,10,5,23,50,80,397,"ETHEL vers REIMS, P.K. 8",,,Nuit sans éclairage public,Hors agglomération,Hors intersection,Normale,Deux véhicules - frontale,,,,,,,,,,,3,1,1,1,1
200600060180,0006-10-26 18:45:00,6,10,26,18,45,130,10,CD 35,43.906,4.752,Plein jour,En agglomération,Intersection en X,Normale,Deux véhicules - côté,,,,,,,,,,,1,2,2,1,3
200600060181,0006-10-27 11:20:00,6,10,27,11,20,130,10,ne de la grande Roumette,,,Plein jour,Hors agglomération,Intersection en T,Normale,Trois véhicules et plus - collisions multiples,,,,,,,,,,,1,1,3,1,5
200600060182,0006-10-30 21:10:00,6,10,30,21,10,130,45,D570N,43.869,4.77,Nuit sans éclairage public,Hors agglomération,Hors intersection,Normale,Deux véhicules - frontale,,,,,,,,,,,3,1,1,1,1
200600060183,0006-10-07 17:20:00,6,10,7,17,20,760,266,"RD940, rue des écoles",,,Plein jour,En agglomération,Hors intersection,Normale,Deux véhicules - arrière,,,,,,,,,,,1,2,1,1,2
200600060184,0006-10-14 16:15:00,6,10,14,16,15,760,255,,50.051,1.398,Plein jour,Hors agglomération,Hors intersection,Normale,Deux véhicules - frontale,,,,,,,,,,,1,1,1,1,1
200600060185,0006-10-31 15:15:00,6,10,31,15,15,760,192,rue du val coquet,50.036,1.321,Plein jour,En agglomération,Hors intersection,Normale,Deux véhicules - côté,,,,,,,,,,,1,2,1,1,3
200600060186,0006-10-25 19:30:00,6,10,25,19,30,760,591,Hameau de Forgettes,49.456,1.21,Nuit avec éclairage allumé,En agglomération,Intersection en T,Normale,Deux véhicules - côté,,,,,,,,,,,5,2,3,1,3
200600060187,0006-10-27 17:15:00,6,10,27,17,15,710,269,RN80,,,Plein jour,Hors agglomération,Hors intersection,Normale,Deux véhicules - arrière,,,,,,,,,,,1,1,1,1,2
200600060188,0006-10-11 17:40:00,6,10,11,17,40,600,587,ute des flandres - RN 17,,,Plein jour,En agglomération,Hors intersection,Normale,Deux véhicules - côté,,,,,,,,,,,1,2,1,1,3
200600060189,0006-10-27 15:00:00,6,10,27,15,0,240,44,,,,Plein jour,Hors agglomération,Hors intersection,Normale,Autre collision,,,,,,,,,,,1,1,1,1,6
200600060190,0006-10-15 16:45:00,6,10,15,16,45,310,150,te Départementale  63 E,43.638,1.333,Plein jour,Hors agglomération,Hors intersection,Normale,Deux véhicules - frontale,,,,,,,,,,,1,1,1,1,1
200600060191,0006-10-27 20:45:00,6,10,27,20,45,310,56,route de Grenade,43.665,1.376,Nuit sans éclairage public,En agglomération,Hors intersection,Normale,Deux véhicules - frontale,,,,,,,,,,,3,2,1,1,1
200600060192,0006-10-12 14:15:00,6,10,12,14,15,250,542,+ 100 et rue de la Gare,,,Plein jour,Hors agglomération,Intersection en Y,Normale,Deux véhicules - côté,,,,,,,,,,,1,1,4,1,3
200600060193,0006-10-21 18:00:00,6,10,21,18,0,250,542,RUE LAMACHOTTE,,,Plein jour,En agglomération,Hors intersection,Normale,Deux véhicules - arrière,,,,,,,,,,,1,2,1,1,2
200600060194,0006-10-26 17:00:00,6,10,26,17,0,250,510,,47.288,5.769,Plein jour,Hors agglomération,Hors intersection,Normale,Deux véhicules - frontale,,,,,,,,,,,1,1,1,1,1
200600060195,0006-10-30 12:00:00,6,10,30,12,0,250,381,,,,Plein jour,Hors agglomération,Hors intersection,Normale,Deux véhicules - côté,,,,,,,,,,,1,1,1,1,3
200600060196,0006-10-12 17:15:00,6,10,12,17,15,950,637,rue Fédérico Garcia Lorc,,,Plein jour,En agglomération,Hors intersection,Normale,Autre collision,,,,,,,,,,,1,2,1,1,6
200600060197,0006-10-11 20:15:00,6,10,11,20,15,950,612,rue de Paris,,,Nuit avec éclairage allumé,En agglomération,Hors intersection,Normale,Sans collision,,,,,,,,,,,5,2,1,1,7
200600060198,0006-10-03 06:30:00,6,10,3,6,30,560,94,,,,Nuit sans éclairage public,Hors agglomération,Hors intersection,Normale,Deux véhicules - arrière,,,,,,,,,,,3,1,1,1,2
200600060199,0006-10-11 21:15:00,6,10,11,21,15,450,123,10 rue du chateau d'eau,,,Nuit avec éclairage allumé,En agglomération,Hors intersection,Normale,Autre collision,,,,,,,,,,,5,2,1,1,6
200600060200,0006-10-16 18:15:00,6,10,16,18,15,440,70,rue de la sèvre,,,Plein jour,En agglomération,Intersection en T,Normale,Deux véhicules - côté,,,,,,,,,,,1,2,3,1,3
200600060201,0006-10-27 10:45:00,6,10,27,10,45,620,43,,50.901,1.967,Plein jour,Hors agglomération,Hors intersection,Normale,Trois véhicules et plus - collisions multiples,,,,,,,,,,,1,1,1,1,5
200600060202,0006-10-02 17:45:00,6,10,2,17,45,620,205,Rue Potier,50.715,2.339,Plein jour,Hors agglomération,Hors intersection,Vent fort / tempête,Autre collision,,,,,,,,,,,1,1,1,6,6
200600060203,0006-10-26 07:15:00,6,10,26,7,15,240,13,P.K. 122+300,,,Crépuscule ou aube,Hors agglomération,Hors intersection,Normale,Sans collision,,,,,,,,,,,2,1,1,1,7
200600060204,0006-10-06 19:30:00,6,10,6,19,30,340,120,Rue Pierre de Coubertin,43.668,3.911,Nuit avec éclairage allumé,En agglomération,Hors intersection,Normale,Deux véhicules - arrière,,,,,,,,,,,5,2,1,1,2
200600060205,0006-10-13 10:15:00,6,10,13,10,15,340,118,,43.731,3.914,Plein jour,Hors agglomération,Hors intersection,Normale,Deux véhicules - frontale,,,,,,,,,,,1,1,1,1,1
200600060206,0006-10-30 15:00:00,6,10,30,15,0,340,169,CD 17,,,Plein jour,Hors agglomération,Hors intersection,Normale,Deux véhicules - côté,,,,,,,,,,,1,1,1,1,3
200600060207,0006-10-14 16:15:00,6,10,14,16,15,770,65,D372,48.459,2.514,Plein jour,Hors agglomération,Hors intersection,Normale,Deux véhicules - côté,,,,,,,,,,,1,1,1,1,3
200600060208,0006-10-22 15:15:00,6,10,22,15,15,690,46,rue des balcons de Charl,,,Plein jour,En agglomération,Hors intersection,Normale,Autre collision,,,,,,,,,,,1,2,1,1,6
200600060209,0006-10-27 14:15:00,6,10,27,14,15,690,260,route de Givors,,,Plein jour,En agglomération,Hors intersection,Normale,Autre collision,,,,,,,,,,,1,2,1,1,6
200600060210,0006-10-21 13:20:00,6,10,21,13,20,300,256,"Lieu-dit ""Masson""",,,Plein jour,Hors agglomération,Hors intersection,Normale,Autre collision,,,,,,,,,,,1,1,1,1,6
200600060211,0006-10-06 02:50:00,6,10,6,2,50,10,53,"13, 23EME R.I. ( RUE DU)",,,Nuit avec éclairage allumé,En agglomération,Hors intersection,Normale,Autre collision,,,,,,,,,,,5,2,1,1,6
200600060212,0006-10-06 22:00:00,6,10,6,22,0,10,289,LYON ( AVE DE) A PARTIR,,,Nuit avec éclairage allumé,En agglomération,Hors intersection,Normale,Deux véhicules - frontale,,,,,,,,,,,5,2,1,1,1
200600060213,0006-10-09 07:35:00,6,10,9,7,35,10,53,"snr, EST ( RUE DE L' )",,,Plein jour,En agglomération,Autre intersection,Normale,Deux véhicules - arrière,,,,,,,,,,,1,2,9,1,2
200600060214,0006-10-21 10:35:00,6,10,21,10,35,10,53,"1, VALERY ( BD PAUL ) IM",,,Plein jour,En agglomération,Hors intersection,Normale,Autre collision,,,,,,,,,,,1,2,1,1,6
200600060215,0006-10-24 12:20:00,6,10,24,12,20,10,53,"sans, CENTRALE(ALLEE)",,,Plein jour,En agglomération,Hors intersection,Normale,Deux véhicules - côté,,,,,,,,,,,1,2,1,1,3
200600060216,0006-10-30 17:40:00,6,10,30,17,40,10,53,"RD POINT, STAND ( RUE DU",,,Plein jour,En agglomération,Giratoire,Normale,Deux véhicules - côté,,,,,,,,,,,1,2,6,1,3
200600060217,0006-10-31 07:55:00,6,10,31,7,55,10,289,"26, EUROPE (RUE DE L')",,,Plein jour,En agglomération,Hors intersection,Normale,Autre collision,,,,,,,,,,,1,2,1,1,6
200600060218,0006-10-06 17:15:00,6,10,6,17,15,10,53,"SANS N, DE GAULLE ( BD G",,,Plein jour,En agglomération,Intersection en T,Normale,Trois véhicules et plus - en chaîne,,,,,,,,,,,1,2,3,1,4
200600060219,0006-10-03 12:05:00,6,10,3,12,5,20,691,", CHARCOT (RUE DU COMMAN",,,Plein jour,En agglomération,Hors intersection,Normale,Autre collision,,,,,,,,,,,1,2,1,1,6
200600060220,0006-10-11 12:20:00,6,10,11,12,20,20,691,"0, BUFFON (AVENUE)",,,Plein jour,En agglomération,Intersection en T,Normale,Deux véhicules - côté,,,,,,,,,,,1,2,3,1,3
200600060221,0006-10-11 07:45:00,6,10,11,7,45,20,691,CORDIER (BD),,,Plein jour,En agglomération,Hors intersection,Normale,Autre collision,,,,,,,,,,,1,2,1,1,6
200600060222,0006-10-28 13:40:00,6,10,28,13,40,20,691,"0, LEHAUCOURT (CHEMIN DE",,,Plein jour,Hors agglomération,Autre intersection,Normale,Sans collision,,,,,,,,,,,1,1,9,1,7
200600060223,0006-10-20 17:30:00,6,10,20,17,30,20,691,"135, ISLE (RUE D')",,,Plein jour,En agglomération,Hors intersection,Normale,Autre collision,,,,,,,,,,,1,2,1,1,6
200600060224,0006-10-08 21:25:00,6,10,8,21,25,20,243,D 304,,,Nuit sans éclairage public,En agglomération,Intersection à plus de 4 branches,Autre,Deux véhicules - côté,,,,,,,,,,,3,2,5,9,3
200600060225,0006-10-20 05:00:00,6,10,20,5,0,20,738,GAMBETTA (BOULEVARD),,,Nuit avec éclairage allumé,En agglomération,Hors intersection,Normale,Deux véhicules - arrière,,,,,,,,,,,5,2,1,1,2
200600060226,0006-10-03 09:20:00,6,10,3,9,20,30,101,RN 145,,,Plein jour,Hors agglomération,Hors intersection,Pluie légère,Trois véhicules et plus - collisions multiples,,,,,,,,,,,1,1,1,2,5