accident_id,datetime,annee,mois,jour,heure,minute,departement,commune_insee,adresse,latitude,longitude,luminosite,agglomeration,intersection,meteo,collision,nb_vehicules,nb_usagers,nb_indemnes,nb_tues,nb_blesses_hosp,nb_blesses_legers,age_cond_1,age_cond_2,veh_type_cond_1,veh_type_cond_2,lum_code,agg_code,int_code,atm_code,col_code
200600060227,0006-10-06 07:10:00,6,10,6,7,10,30,185,KENNEDY ( AVENUE JOHN ),,,Crépuscule ou aube,Hors agglomération,Intersection en T,Normale,Deux véhicules - frontale,,,,,,,,,,,2,1,3,1,1
200600060228,0006-10-25 15:35:00,6,10,25,15,35,30,185,"SANS, DESMOULINS ( RUE C",,,Plein jour,En agglomération,Intersection en X,Normale,Deux véhicules - côté,,,,,,,,,,,1,2,2,1,3
200600060229,0006-10-27 20:02:00,6,10,27,20,2,30,185,CONSTANS ( RUE PAUL ),,,Nuit avec éclairage allumé,En agglomération,Intersection en T,Normale,Deux véhicules - côté,,,,,,,,,,,5,2,3,1,3
200600060230,0006-10-03 04:20:00,6,10,3,4,20,30,190,"1, LIBERATION (AVENUE DE",,,Nuit avec éclairage allumé,En agglomération,Giratoire,Normale,Autre collision,,,,,,,,,,,5,2,6,1,6
200600060231,0006-10-04 22:10:00,6,10,4,22,10,30,13,"19, ANCIENS COMBATTANTS",,,Nuit sans éclairage public,Hors agglomération,Giratoire,Normale,Sans collision,,,,,,,,,,,3,1,6,1,7
200600060232,0006-10-04 08:55:00,6,10,4,8,55,30,190,"45, JAURES (COURS JEAN)",,,Plein jour,En agglomération,Intersection en X,Normale,Autre collision,,,,,,,,,,,1,2,2,1,6
200600060233,0006-10-05 20:28:00,6,10,5,20,28,30,190,CARREFOUR,,,Nuit sans éclairage public,En agglomération,Autre intersection,Normale,Deux véhicules - côté,,,,,,,,,,,3,2,9,1,3
200600060234,0006-10-06 18:00:00,6,10,6,18,0,30,321,RD 225,,,Crépuscule ou aube,Hors agglomération,Hors intersection,Normale,Deux véhicules - frontale,,,,,,,,,,,2,1,1,1,1
200600060235,0006-10-23 15:20:00,6,10,23,15,20,30,321,"117, LYON (ROUTE DE )",,,Plein jour,En agglomération,Hors intersection,Normale,Autre collision,,,,,,,,,,,1,2,1,1,6
200600060236,0006-10-01 08:15:00,6,10,1,8,15,30,1,VICHY (AVENUE DE),,,Plein jour,En agglomération,Hors intersection,Temps couvert,Autre collision,,,,,,,,,,,1,2,1,8,6
200600060237,0006-10-03 19:05:00,6,10,3,19,5,30,310,"18, CALLOU (RUE)",,,Plein jour,En agglomération,Intersection en T,Normale,Deux véhicules - côté,,,,,,,,,,,1,2,3,1,3
200600060238,0006-10-06 17:25:00,6,10,6,17,25,30,310,"76, BARTINS (RUE DES)",,,Plein jour,En agglomération,Hors intersection,Normale,Deux véhicules - arrière,,,,,,,,,,,1,2,1,1,2
200600060239,0006-10-06 21:30:00,6,10,6,21,30,30,23,REPUBLIQUE (AVENUE DE LA,,,Nuit avec éclairage allumé,En agglomération,Giratoire,Normale,Deux véhicules - frontale,,,,,,,,,,,5,2,6,1,1
200600060240,0006-10-07 10:55:00,6,10,7,10,55,30,95,RAYNAL (RUE DU GENERAL),,,Plein jour,En agglomération,Intersection en T,Normale,Deux véhicules - côté,,,,,,,,,,,1,2,3,1,3
200600060241,0006-10-16 11:10:00,6,10,16,11,10,30,23,BOUSSANGES (ROND POINT D,,,Plein jour,En agglomération,Giratoire,Normale,Deux véhicules - côté,,,,,,,,,,,1,2,6,1,3
200600060242,0006-10-16 18:27:00,6,10,16,18,27,30,95,"85, VICHY (AVENUE DE)",,,Plein jour,En agglomération,Hors intersection,Normale,Deux véhicules - arrière,,,,,,,,,,,1,2,1,1,2
200600060243,0006-10-17 07:45:00,6,10,17,7,45,30,310,"96, POINCARE (AVENUE)",,,Plein jour,En agglomération,Hors intersection,Normale,Autre collision,,,,,,,,,,,1,2,1,1,6
200600060244,0006-10-18 12:10:00,6,10,18,12,10,30,95,PROVENCE (RUE DE),,,Plein jour,En agglomération,Intersection en T,Normale,Trois véhicules et plus - collisions multiples,,,,,,,,,,,1,2,3,1,5
200600060245,0006-10-20 07:55:00,6,10,20,7,55,30,95,"62, HUIT MAI 1945 (BOULE",,,Crépuscule ou aube,En agglomération,Hors intersection,Normale,Trois véhicules et plus - collisions multiples,,,,,,,,,,,2,2,1,1,5
200600060246,0006-10-23 07:49:00,6,10,23,7,49,30,95,"107, CHARMEIL (ROUTE DE)",,,Crépuscule ou aube,En agglomération,Hors intersection,Pluie légère,Autre collision,,,,,,,,,,,2,2,1,2,6
200600060247,0006-10-26 17:20:00,6,10,26,17,20,30,310,JOFFRE (RUE DU MARECHAL),,,Plein jour,En agglomération,Intersection en X,Normale,Deux véhicules - côté,,,,,,,,,,,1,2,2,1,3
200600060248,0006-10-28 21:40:00,6,10,28,21,40,30,95,RD 906B,,,Nuit sans éclairage public,Hors agglomération,Hors intersection,Normale,Deux véhicules - arrière,,,,,,,,,,,3,1,1,1,2
200600060249,0006-10-30 21:45:00,6,10,30,21,45,30,95,"113, VICHY (AVENUE DE)",,,Nuit avec éclairage allumé,En agglomération,Hors intersection,Normale,Autre collision,,,,,,,,,,,5,2,1,1,6
200600060250,0006-10-31 11:10:00,6,10,31,11,10,30,310,"0, MUTUALITE (BOULEVARD",,,Plein jour,En agglomération,Intersection en Y,Normale,Deux véhicules - frontale,,,,,,,,,,,1,2,4,1,1
200600060251,0006-10-21 19:05:00,6,10,21,19,5,40,70,"44, CHAMPTERCIER (RTE DE",,,Nuit avec éclairage allumé,En agglomération,Hors intersection,Normale,Deux véhicules - côté,,,,,,,,,,,5,2,1,1,3
200600060252,0006-10-03 16:50:00,6,10,3,16,50,40,112,PRECHE (RUE DU),,,Plein jour,En agglomération,Hors intersection,Normale,Deux véhicules - frontale,,,,,,,,,,,1,2,1,1,1
200600060253,0006-10-01 18:20:00,6,10,1,18,20,50,61,RN 85,,,Crépuscule ou aube,Hors agglomération,Hors intersection,Temps couvert,Deux véhicules - côté,,,,,,,,,,,2,1,1,8,3
200600060254,0006-10-12 16:55:00,6,10,12,16,55,50,61,"48, GEORGES POMPIDOU ( B",,,Plein jour,En agglomération,Hors intersection,Normale,Autre collision,,,,,,,,,,,1,2,1,1,6
200600060255,0006-10-13 13:20:00,6,10,13,13,20,50,61,STADE ( RUE  DU ),,,Plein jour,En agglomération,Intersection en T,Normale,Deux véhicules - côté,,,,,,,,,,,1,2,3,1,3
200600060256,0006-10-18 09:30:00,6,10,18,9,30,50,61,D994,,,Plein jour,En agglomération,Giratoire,Normale,Deux véhicules - côté,,,,,,,,,,,1,2,6,1,3
200600060257,0006-10-26 20:25:00,6,10,26,20,25,50,61,"1, PASTEUR ( RUE )",,,Nuit avec éclairage allumé,En agglomération,Intersection en T,Normale,Autre collision,,,,,,,,,,,5,2,3,1,6
200600060258,0006-10-26 14:10:00,6,10,26,14,10,50,61,"13B, VALSERRES ( RUE DE",,,Plein jour,En agglomération,Hors intersection,Normale,Autre collision,,,,,,,,,,,1,2,1,1,6
200600060259,0006-10-03 17:00:00,6,10,3,17,0,60,4,"45, CHANCEL BD",,,Plein jour,En agglomération,Hors intersection,Normale,Autre collision,,,,,,,,,,,1,2,1,1,6
200600060260,0006-10-05 08:15:00,6,10,5,8,15,60,4,"1066, RABIAC ESTAGNOL CH",,,Plein jour,En agglomération,Hors intersection,Normale,Deux véhicules - côté,,,,,,,,,,,1,2,1,1,3
200600060261,0006-10-11 08:00:00,6,10,11,8,0,60,4,POINCARE BD RAYMOND.,,,Plein jour,En agglomération,Autre intersection,Normale,Deux véhicules - côté,,,,,,,,,,,1,2,9,1,3
200600060262,0006-10-12 21:50:00,6,10,12,21,50,60,4,"03, CANNES(RN.7) AV.DE",,,Nuit avec éclairage allumé,En agglomération,Hors intersection,Pluie légère,Sans collision,,,,,,,,,,,5,2,1,2,7
200600060263,0006-10-14 19:25:00,6,10,14,19,25,60,4,HONORAT RUE ST,,,Nuit avec éclairage allumé,En agglomération,Passage à niveau,Normale,Autre collision,,,,,,,,,,,5,2,8,1,6
200600060264,0006-10-23 07:40:00,6,10,23,7,40,60,4,LITTORAL(BDM APRES BIJOU,,,Plein jour,En agglomération,Hors intersection,Pluie légère,Trois véhicules et plus - en chaîne,,,,,,,,,,,1,2,1,2,4
200600060265,0006-10-27 18:00:00,6,10,27,18,0,60,4,GRASSE RTE DE,,,Plein jour,En agglomération,Hors intersection,Normale,Trois véhicules et plus - en chaîne,,,,,,,,,,,1,2,1,1,4
200600060266,0006-10-29 15:45:00,6,10,29,15,45,60,4,GREC AV.JULES,,,Plein jour,Hors agglomération,Hors intersection,Normale,Autre collision,,,,,,,,,,,1,1,1,1,6
200600060267,0006-10-27 19:05:00,6,10,27,19,5,60,4,"58, NICE(RN.7) AV.ET RTE",,,Nuit avec éclairage allumé,En agglomération,Hors intersection,Normale,Deux véhicules - côté,,,,,,,,,,,5,2,1,1,3
200600060268,0006-10-01 18:05:00,6,10,1,18,5,60,27,JUIN BOULEVARD MARECHAL,,,Plein jour,En agglomération,Hors intersection,Normale,Deux véhicules - côté,,,,,,,,,,,1,2,1,1,3
200600060269,0006-10-03 09:45:00,6,10,3,9,45,60,27,CANNES AVENUE DE (RN7),,,Plein jour,En agglomération,Hors intersection,Normale,Deux véhicules - arrière,,,,,,,,,,,1,2,1,1,2
200600060270,0006-10-05 09:15:00,6,10,5,9,15,60,123,MOATTI PASSAGE,,,Plein jour,Hors agglomération,Intersection en T,Normale,Deux véhicules - côté,,,,,,,,,,,1,1,3,1,3
200600060271,0006-10-06 16:55:00,6,10,6,16,55,60,27,MARTIN RUE DU CHEVALIER,,,Plein jour,En agglomération,Hors intersection,Normale,Autre collision,,,,,,,,,,,1,2,1,1,6
200600060272,0006-10-09 16:15:00,6,10,9,16,15,60,123,"465, PAGNOL MARCEL BOULE",,,Plein jour,En agglomération,Hors intersection,Normale,Trois véhicules et plus - en chaîne,,,,,,,,,,,1,2,1,1,4
200600060273,0006-10-09 18:10:00,6,10,9,18,10,60,123,MOATTI PASSAGE,,,Plein jour,En agglomération,Hors intersection,Normale,Autre collision,,,,,,,,,,,1,2,1,1,6
200600060274,0006-10-11 11:00:00,6,10,11,11,0,60,27,VAL EN SOL AVENUE DE,,,Plein jour,En agglomération,Intersection en X,Normale,Deux véhicules - côté,,,,,,,,,,,1,2,2,1,3
200600060275,0006-10-13 13:30:00,6,10,13,13,30,60,27,"71, ALPES AVENUE DES",,,Plein jour,En agglomération,Hors intersection,Normale,Trois véhicules et plus - en chaîne,,,,,,,,,,,1,2,1,1,4
200600060276,0006-10-14 13:45:00,6,10,14,13,45,60,27,GARE AVENUE DE LA,,,Plein jour,En agglomération,Intersection en T,Normale,Deux véhicules - côté,,,,,,,,,,,1,2,3,1,3
200600060277,0006-10-16 08:00:00,6,10,16,8,0,60,27,NICE AVENUE DE (RN7),,,Plein jour,En agglomération,Intersection en X,Normale,Trois véhicules et plus - collisions multiples,,,,,,,,,,,1,2,2,1,5
200600060278,0006-10-20 22:05:00,6,10,20,22,5,60,123,"626, DE GAULLE GENERAL A",,,Nuit avec éclairage allumé,En agglomération,Hors intersection,Normale,Deux véhicules - côté,,,,,,,,,,,5,2,1,1,3
200600060279,0006-10-25 19:10:00,6,10,25,19,10,60,123,LEDIEU JEAN ALLEE,,,Nuit avec éclairage allumé,En agglomération,Intersection en T,Normale,Deux véhicules - côté,,,,,,,,,,,5,2,3,1,3
200600060280,0006-10-26 17:15:00,6,10,26,17,15,60,27,"11, ORANGERS AVENUE DES",,,Plein jour,En agglomération,Hors intersection,Normale,Autre collision,,,,,,,,,,,1,2,1,1,6
200600060281,0006-10-28 00:05:00,6,10,28,0,5,60,123,DE GAULLE GENERAL AVENUE,,,Nuit avec éclairage allumé,En agglomération,Hors intersection,Normale,Deux véhicules - arrière,,,,,,,,,,,5,2,1,1,2
200600060282,0006-10-31 22:35:00,6,10,31,22,35,60,123,"755, PUGETS MOYENNE CORN",,,Nuit avec éclairage allumé,En agglomération,Hors intersection,Normale,Sans collision,,,,,,,,,,,5,2,1,1,7
200600060283,0006-10-01 02:50:00,6,10,1,2,50,60,29,"1, FERRAGE (BOULEVARD DE",,,Nuit avec éclairage allumé,En agglomération,Hors intersection,Pluie légère,Sans collision,,,,,,,,,,,5,2,1,2,7
200600060284,0006-10-01 14:00:00,6,10,1,14,0,60,29,GIONO (RUE),,,Plein jour,En agglomération,Hors intersection,Normale,Deux véhicules - frontale,,,,,,,,,,,1,2,1,1,1
200600060285,0006-10-01 20:56:00,6,10,1,20,56,60,30,"21, JEANPIERRE (AVENUE M",,,Nuit avec éclairage allumé,En agglomération,Hors intersection,Normale,Autre collision,,,,,,,,,,,5,2,1,1,6
200600060286,0006-10-02 17:03:00,6,10,2,17,3,60,29,LATOUR MAUBOURG (RUE),,,Nuit sans éclairage public,En agglomération,Hors intersection,Normale,Deux véhicules - côté,,,,,,,,,,,3,2,1,1,3
200600060287,0006-10-02 18:09:00,6,10,2,18,9,60,30,"76, ROOSEVELT (AVENUE FR",,,Plein jour,En agglomération,Hors intersection,Normale,Autre collision,,,,,,,,,,,1,2,1,1,6
200600060288,0006-10-04 14:30:00,6,10,4,14,30,60,29,TONNER (AVENUE FRANCIS),,,Plein jour,En agglomération,Hors intersection,Normale,Deux véhicules - côté,,,,,,,,,,,1,2,1,1,3
200600060289,0006-10-05 14:15:00,6,10,5,14,15,60,30,"31, ROOSEVELT (AVENUE FR",,,Plein jour,En agglomération,Hors intersection,Normale,Deux véhicules - côté,,,,,,,,,,,1,2,1,1,3
200600060290,0006-10-05 15:10:00,6,10,5,15,10,60,29,CARNOT (BOULEVARD),,,Plein jour,En agglomération,Hors intersection,Normale,Deux véhicules - côté,,,,,,,,,,,1,2,1,1,3
200600060291,0006-10-04 15:50:00,6,10,4,15,50,60,29,"00, PANTIERO (PROMENADE",,,Plein jour,En agglomération,Hors intersection,Normale,Sans collision,,,,,,,,,,,1,2,1,1,7
200600060292,0006-10-05 19:40:00,6,10,5,19,40,60,30,DE GAULE (RUE DU GENERAL,,,Plein jour,En agglomération,Hors intersection,Normale,Deux véhicules - côté,,,,,,,,,,,1,2,1,1,3
200600060293,0006-10-06 00:35:00,6,10,6,0,35,60,29,COUVERTURE VOIE FERREE,,,Nuit avec éclairage allumé,En agglomération,Hors intersection,Normale,Deux véhicules - côté,,,,,,,,,,,5,2,1,1,3
200600060294,0006-10-06 12:55:00,6,10,6,12,55,60,29,"00, TONNER (AVENUE FRANC",,,Plein jour,En agglomération,Hors intersection,Normale,Trois véhicules et plus - collisions multiples,,,,,,,,,,,1,2,1,1,5
200600060295,0006-10-06 09:31:00,6,10,6,9,31,60,29,CANNES (RUE DE)(BOCCA),,,Plein jour,En agglomération,Intersection en X,Normale,Deux véhicules - côté,,,,,,,,,,,1,2,2,1,3
200600060296,0006-10-08 14:20:00,6,10,8,14,20,60,30,NORD (BOULEVARD DU),,,Plein jour,En agglomération,Hors intersection,Normale,Sans collision,,,,,,,,,,,1,2,1,1,7
200600060297,0006-10-08 14:45:00,6,10,8,14,45,60,29,JOURDAN (AVENUE MICHEL),,,Plein jour,En agglomération,Intersection en T,Normale,Deux véhicules - côté,,,,,,,,,,,1,2,3,1,3
200600060298,0006-10-08 18:45:00,6,10,8,18,45,60,29,PICAUD (AVENUE DR) BOCCA,,,Plein jour,En agglomération,Hors intersection,Normale,Deux véhicules - côté,,,,,,,,,,,1,2,1,1,3
200600060299,0006-10-10 14:00:00,6,10,10,14,0,60,29,"2, ESTEREL (BOULEVARD DE",,,Plein jour,En agglomération,Hors intersection,Normale,Deux véhicules - côté,,,,,,,,,,,1,2,1,1,3
200600060300,0006-10-11 15:35:00,6,10,11,15,35,60,29,"72, JOURDAN (AVENUE MICH",,,Plein jour,En agglomération,Hors intersection,Normale,Trois véhicules et plus - collisions multiples,,,,,,,,,,,1,2,1,1,5
200600060301,0006-10-11 19:15:00,6,10,11,19,15,60,30,"2, MASSENA (RUE) CANNET",,,Plein jour,En agglomération,Intersection en T,Normale,Sans collision,,,,,,,,,,,1,2,3,1,7
200600060302,0006-10-11 16:00:00,6,10,11,16,0,60,29,MOULIN (BOULEVARD DU),,,Plein jour,En agglomération,Hors intersection,Normale,Deux véhicules - côté,,,,,,,,,,,1,2,1,1,3
200600060303,0006-10-12 14:20:00,6,10,12,14,20,60,29,"111, TONNER (AVENUE FRAN",,,Plein jour,En agglomération,Hors intersection,Normale,Deux véhicules - côté,,,,,,,,,,,1,2,1,1,3
200600060304,0006-10-14 04:28:00,6,10,14,4,28,60,29,CROISETTE (BOULEVARD DE,,,Plein jour,En agglomération,Hors intersection,Normale,Deux véhicules - côté,,,,,,,,,,,1,2,1,1,3
200600060305,0006-10-14 18:30:00,6,10,14,18,30,60,29,"8, ALEXANDRE III (BOULEV",,,Crépuscule ou aube,En agglomération,Hors intersection,Normale,Deux véhicules - côté,,,,,,,,,,,2,2,1,1,3
200600060306,0006-10-06 16:15:00,6,10,6,16,15,60,29,ALEXANDRE III (BOULEVARD,,,Plein jour,En agglomération,Hors intersection,Normale,Autre collision,,,,,,,,,,,1,2,1,1,6
200600060307,0006-10-13 08:50:00,6,10,13,8,50,60,30,"1, SADI CARNOT (BOULEVAR",,,Plein jour,En agglomération,Hors intersection,Normale,Sans collision,,,,,,,,,,,1,2,1,1,7
200600060308,0006-10-17 23:00:00,6,10,17,23,0,60,29,CARNOT (BOULEVARD),,,Nuit avec éclairage allumé,En agglomération,Intersection en X,Normale,Deux véhicules - côté,,,,,,,,,,,5,2,2,1,3
200600060309,0006-10-16 17:05:00,6,10,16,17,5,60,29,"2, POESIE (AVENUE PIERRE",,,Plein jour,En agglomération,Giratoire,Normale,Deux véhicules - côté,,,,,,,,,,,1,2,6,1,3
200600060310,0006-10-19 09:00:00,6,10,19,9,0,60,30,"106, CARNOT (BOULEVARD)",,,Plein jour,En agglomération,Hors intersection,Pluie légère,Autre collision,,,,,,,,,,,1,2,1,2,6
200600060311,0006-10-19 12:30:00,6,10,19,12,30,60,30,CAMPON (RUE,,,Plein jour,En agglomération,Hors intersection,Pluie légère,Sans collision,,,,,,,,,,,1,2,1,2,7
200600060312,0006-10-20 09:20:00,6,10,20,9,20,60,29,OXFORD (BOULEVARD D'),,,Plein jour,En agglomération,Intersection en T,Normale,Trois véhicules et plus - collisions multiples,,,,,,,,,,,1,2,3,1,5
200600060313,0006-10-20 09:45:00,6,10,20,9,45,60,29,"2, GERMAIN (RUE HENRI)",,,Plein jour,En agglomération,Hors intersection,Normale,Sans collision,,,,,,,,,,,1,2,1,1,7
200600060314,0006-10-20 23:50:00,6,10,20,23,50,60,29,CROISETTE (BOULEVARD DE,,,Nuit avec éclairage allumé,En agglomération,Hors intersection,Pluie forte,Autre collision,,,,,,,,,,,5,2,1,3,6
200600060315,0006-10-20 14:15:00,6,10,20,14,15,60,29,"00, MIDI (BOULEVARD DU)",,,Plein jour,En agglomération,Intersection en T,Normale,Autre collision,,,,,,,,,,,1,2,3,1,6
200600060316,0006-10-20 16:05:00,6,10,20,16,5,60,29,FRAYERE (CHEMIN DE LA),,,Plein jour,En agglomération,Hors intersection,Normale,Deux véhicules - côté,,,,,,,,,,,1,2,1,1,3
200600060317,0006-10-23 18:00:00,6,10,23,18,0,60,30,DOUMER (BOULEVARD PAUL),,,Plein jour,En agglomération,Hors intersection,Pluie légère,Sans collision,,,,,,,,,,,1,2,1,2,7
200600060318,0006-10-25 18:18:00,6,10,25,18,18,60,30,"00, CAMPON (RUE",,,Plein jour,En agglomération,Intersection en T,Normale,Autre collision,,,,,,,,,,,1,2,3,1,6
200600060319,0006-10-26 14:00:00,6,10,26,14,0,60,29,"80, JOURDAN (AVENUE MICH",,,Plein jour,En agglomération,Hors intersection,Normale,Deux véhicules - frontale,,,,,,,,,,,1,2,1,1,1
200600060320,0006-10-26 18:57:00,6,10,26,18,57,60,29,VALLAURIS (AVENUE DE),,,Crépuscule ou aube,En agglomération,Hors intersection,Normale,Sans collision,,,,,,,,,,,2,2,1,1,7
200600060321,0006-10-27 07:55:00,6,10,27,7,55,60,29,ROUBINE (AVENUE DE LA),,,Plein jour,En agglomération,Hors intersection,Normale,Autre collision,,,,,,,,,,,1,2,1,1,6
200600060322,0006-10-27 10:55:00,6,10,27,10,55,60,29,"58, PERIER (BOULEVARD DU",,,Plein jour,En agglomération,Hors intersection,Normale,Trois véhicules et plus - en chaîne,,,,,,,,,,,1,2,1,1,4
200600060323,0006-10-27 14:30:00,6,10,27,14,30,60,29,CARNOT (BOULEVARD),,,Plein jour,En agglomération,Intersection en T,Normale,Trois véhicules et plus - collisions multiples,,,,,,,,,,,1,2,3,1,5
200600060324,0006-10-27 18:20:00,6,10,27,18,20,60,29,"00, BRET (AVENUE DU CDT)",,,Plein jour,En agglomération,Hors intersection,Normale,Deux véhicules - frontale,,,,,,,,,,,1,2,1,1,1
200600060325,0006-10-28 19:30:00,6,10,28,19,30,60,29,MIDI (BOULEVARD DU),,,Crépuscule ou aube,En agglomération,Hors intersection,Normale,Deux véhicules - côté,,,,,,,,,,,2,2,1,1,3
200600060326,0006-10-30 16:40:00,6,10,30,16,40,60,29,"00, ALEXANDRE III (BOULE",,,Plein jour,En agglomération,Intersection en T,Normale,Deux véhicules - côté,,,,,,,,,,,1,2,3,1,3
200600060327,0006-10-28 09:00:00,6,10,28,9,0,60,30,CARNOT (BOULEVARD),,,Plein jour,En agglomération,Intersection en X,Normale,Deux véhicules - côté,,,,,,,,,,,1,2,2,1,3
200600060328,0006-10-31 08:40:00,6,10,31,8,40,60,29,"06, CROISETTE (BOULEVARD",,,Plein jour,En agglomération,Hors intersection,Normale,Deux véhicules - côté,,,,,,,,,,,1,2,1,1,3
200600060329,0006-10-30 19:30:00,6,10,30,19,30,60,29,PERIER (BOULEVARD DU),,,Nuit avec éclairage allumé,En agglomération,Hors intersection,Normale,Autre collision,,,,,,,,,,,5,2,1,1,6
200600060330,0006-10-25 14:00:00,6,10,25,14,0,60,29,"51, TONNER (AVENUE FRANC",,,Plein jour,En agglomération,Hors intersection,Normale,Sans collision,,,,,,,,,,,1,2,1,1,7
200600060331,0006-10-26 03:00:00,6,10,26,3,0,60,29,FERRAGE (BOULEVARD DE LA,,,Nuit avec éclairage allumé,En agglomération,Hors intersection,Normale,Sans collision,,,,,,,,,,,5,2,1,1,7
200600060332,0006-10-01 13:10:00,6,10,1,13,10,60,69,"102, TOURACHE (CHEMIN DE",,,Plein jour,Hors agglomération,Hors intersection,Normale,Deux véhicules - frontale,,,,,,,,,,,1,1,1,1,1
200600060333,0006-10-11 14:10:00,6,10,11,14,10,60,69,"55, PAOUTE (ROUTE ET TRA",,,Plein jour,En agglomération,Hors intersection,Normale,Deux véhicules - côté,,,,,,,,,,,1,2,1,1,3
200600060334,0006-10-11 16:45:00,6,10,11,16,45,60,69,"21, CAPUCINS (CHEMIN ET",,,Plein jour,En agglomération,Hors intersection,Normale,Deux véhicules - côté,,,,,,,,,,,1,2,1,1,3
200600060335,0006-10-16 11:20:00,6,10,16,11,20,60,69,"X, CAPUCINS (CHEMIN ET I",,,Plein jour,En agglomération,Giratoire,Normale,Deux véhicules - côté,,,,,,,,,,,1,2,6,1,3
200600060336,0006-10-17 18:15:00,6,10,17,18,15,60,69,"x, MAS (CHEMIN DES)",,,Plein jour,En agglomération,Hors intersection,Normale,Deux véhicules - côté,,,,,,,,,,,1,2,1,1,3
200600060337,0006-10-19 13:45:00,6,10,19,13,45,60,69,"x, GRAND CHENE (CHEMIN D",,,Plein jour,En agglomération,Hors intersection,Normale,Trois véhicules et plus - en chaîne,,,,,,,,,,,1,2,1,1,4
200600060338,0006-10-26 13:55:00,6,10,26,13,55,60,69,CROUET (BOULEVARD JACQUE,,,Plein jour,En agglomération,Intersection en T,Normale,Autre collision,,,,,,,,,,,1,2,3,1,6
200600060339,0006-10-26 14:40:00,6,10,26,14,40,60,69,"42, VICTOR HUGO  (BD)",,,Plein jour,En agglomération,Hors intersection,Normale,Deux véhicules - côté,,,,,,,,,,,1,2,1,1,3
200600060340,0006-10-30 15:30:00,6,10,30,15,30,60,69,"188, DRAGUIGNAN (ROUTE D",,,Plein jour,En agglomération,Hors intersection,Normale,Deux véhicules - arrière,,,,,,,,,,,1,2,1,1,2
200600060341,0006-10-09 16:00:00,6,10,9,16,0,60,104,"35-37, JAURES (AVENUE JE",,,Plein jour,En agglomération,Hors intersection,Normale,Trois véhicules et plus - en chaîne,,,,,,,,,,,1,2,1,1,4
200600060342,0006-10-25 07:40:00,6,10,25,7,40,60,12,"1184, CORNICHE (MOYENNE,",,,Plein jour,En agglomération,Hors intersection,Normale,Trois véhicules et plus - collisions multiples,,,,,,,,,,,1,2,1,1,5
200600060343,0006-10-05 12:15:00,6,10,5,12,15,60,83,"COTY (COURS RENE, SENS M",,,Plein jour,Hors agglomération,Intersection en T,Normale,Deux véhicules - côté,,,,,,,,,,,1,1,3,1,3
200600060344,0006-10-07 12:10:00,6,10,7,12,10,60,83,"MAGENTA (RUE, N° 1 A 3)",,,Plein jour,En agglomération,Intersection en T,Normale,Deux véhicules - arrière,,,,,,,,,,,1,2,3,1,2
200600060345,0006-10-14 15:10:00,6,10,14,15,10,60,83,BORASCHI,,,Plein jour,Hors agglomération,Hors intersection,Normale,Deux véhicules - arrière,,,,,,,,,,,1,1,1,1,2
200600060346,0006-10-16 15:25:00,6,10,16,15,25,60,104,"85 bis, AZUR (AVENUE DE",,,Plein jour,En agglomération,Hors intersection,Normale,Trois véhicules et plus - collisions multiples,,,,,,,,,,,1,2,1,1,5
200600060347,0006-10-29 18:15:00,6,10,29,18,15,60,12,AFN (BOULEVARD DES ANCIE,,,Nuit avec éclairage allumé,En agglomération,Hors intersection,Normale,Sans collision,,,,,,,,,,,5,2,1,1,7
200600060348,0006-10-20 22:10:00,6,10,20,22,10,60,104,"104, AZUR (AVENUE DE LA",,,Nuit avec éclairage allumé,En agglomération,Hors intersection,Pluie légère,Sans collision,,,,,,,,,,,5,2,1,2,7
200600060349,0006-10-01 15:45:00,6,10,1,15,45,60,88,"0, VERDUN (AV. DE)",,,Plein jour,En agglomération,Hors intersection,Normale,Deux véhicules - côté,,,,,,,,,,,1,2,1,1,3
200600060350,0006-10-01 16:30:00,6,10,1,16,30,60,88,"0, DIGUE DES FRANCAIS (T",,,Plein jour,Hors agglomération,Hors intersection,Normale,Deux véhicules - arrière,,,,,,,,,,,1,1,1,1,2
200600060351,0006-10-02 09:00:00,6,10,2,9,0,60,88,"0, FOCH (AV. MARECHAL)",,,Plein jour,En agglomération,Intersection en X,Normale,Deux véhicules - côté,,,,,,,,,,,1,2,2,1,3
200600060352,0006-10-02 10:25:00,6,10,2,10,25,60,88,"26, GAMBETTA (JUSQU'AU N",,,Plein jour,En agglomération,Hors intersection,Normale,Deux véhicules - frontale,,,,,,,,,,,1,2,1,1,1
200600060353,0006-10-02 12:10:00,6,10,2,12,10,60,88,"39, CIMIEZ (BD) A PARTIR",,,Plein jour,Hors agglomération,Hors intersection,Normale,Deux véhicules - côté,,,,,,,,,,,1,1,1,1,3
200600060354,0006-10-02 13:55:00,6,10,2,13,55,60,88,"0, SMOLLET (R.)",,,Plein jour,En agglomération,Intersection en X,Normale,Sans collision,,,,,,,,,,,1,2,2,1,7
200600060355,0006-10-02 18:15:00,6,10,2,18,15,60,88,"0, CARRAS (AV. DE)",,,Plein jour,En agglomération,Hors intersection,Normale,Deux véhicules - frontale,,,,,,,,,,,1,2,1,1,1
200600060356,0006-10-02 21:35:00,6,10,2,21,35,60,88,"0, GAIRAUT (VIEUX CH.) (",,,Nuit avec éclairage allumé,En agglomération,Intersection en T,Normale,Deux véhicules - côté,,,,,,,,,,,5,2,3,1,3
200600060357,0006-10-03 15:55:00,6,10,3,15,55,60,88,"0, BCA (RUE DU 22IEME)",,,Plein jour,En agglomération,Hors intersection,Normale,Deux véhicules - côté,,,,,,,,,,,1,2,1,1,3
200600060358,0006-10-03 17:00:00,6,10,3,17,0,60,88,"62, CESSOLE (BD DE) (JUS",,,Plein jour,En agglomération,Hors intersection,Normale,Deux véhicules - arrière,,,,,,,,,,,1,2,1,1,2