accident_id,datetime,annee,mois,jour,heure,minute,departement,commune_insee,adresse,latitude,longitude,luminosite,agglomeration,intersection,meteo,collision,nb_vehicules,nb_usagers,nb_indemnes,nb_tues,nb_blesses_hosp,nb_blesses_legers,age_cond_1,age_cond_2,veh_type_cond_1,veh_type_cond_2,lum_code,agg_code,int_code,atm_code,col_code
200600060620,0006-10-05 13:30:00,6,10,5,13,30,130,55,HAMBOURG (BOULEVARD),,,Plein jour,En agglomération,Hors intersection,Normale,Autre collision,,,,,,,,,,,1,2,1,1,6
200600060621,0006-10-01 02:30:00,6,10,1,2,30,130,55,SCHLOESING (BOULEVARD),,,Nuit avec éclairage allumé,En agglomération,Hors intersection,Normale,Autre collision,,,,,,,,,,,5,2,1,1,6
200600060622,0006-10-02 19:00:00,6,10,2,19,0,130,55,"136, ROMAIN ROLLAND (BOU",,,Plein jour,En agglomération,Hors intersection,Normale,Autre collision,,,,,,,,,,,1,2,1,1,6
200600060623,0006-10-04 12:00:00,6,10,4,12,0,130,55,"40, CAMOINS (AVENUE DES)",,,Plein jour,En agglomération,Hors intersection,Normale,Autre collision,,,,,,,,,,,1,2,1,1,6
200600060624,0006-10-03 11:30:00,6,10,3,11,30,130,55,AVIATEUR LE BRIX (RUE),,,Plein jour,En agglomération,Hors intersection,Normale,Autre collision,,,,,,,,,,,1,2,1,1,6
200600060625,0006-10-05 18:20:00,6,10,5,18,20,130,55,PIERRE BERANGER (RUE),,,Plein jour,En agglomération,Intersection en T,Normale,Autre collision,,,,,,,,,,,1,2,3,1,6
200600060626,0006-10-04 18:35:00,6,10,4,18,35,130,55,"80, ALPES (BOULEVARD DES",,,Plein jour,En agglomération,Hors intersection,Normale,Autre collision,,,,,,,,,,,1,2,1,1,6
200600060627,0006-10-05 10:15:00,6,10,5,10,15,130,55,GARIBALDI (BOULEVARD) N°,,,Plein jour,En agglomération,Hors intersection,Normale,Autre collision,,,,,,,,,,,1,2,1,1,6
200600060628,0006-10-04 16:30:00,6,10,4,16,30,130,55,"27, FRANCOISE DUPARC (BO",,,Plein jour,En agglomération,Hors intersection,Normale,Autre collision,,,,,,,,,,,1,2,1,1,6
200600060629,0006-10-06 08:15:00,6,10,6,8,15,130,55,RABATAU (BOULEVARD),,,Plein jour,En agglomération,Hors intersection,Normale,Autre collision,,,,,,,,,,,1,2,1,1,6
200600060630,0006-10-02 16:45:00,6,10,2,16,45,130,55,MICHELET (BOULEVARD),,,Plein jour,En agglomération,Hors intersection,Normale,Autre collision,,,,,,,,,,,1,2,1,1,6
200600060631,0006-10-08 07:00:00,6,10,8,7,0,130,55,"158, SAINTE MARGUERITE (",,,Nuit avec éclairage allumé,En agglomération,Hors intersection,Normale,Autre collision,,,,,,,,,,,5,2,1,1,6
200600060632,0006-10-05 07:45:00,6,10,5,7,45,130,55,"3, FERNAND NEGRO (BOULEV",,,Plein jour,En agglomération,Hors intersection,Normale,Autre collision,,,,,,,,,,,1,2,1,1,6
200600060633,0006-10-04 07:00:00,6,10,4,7,0,130,55,"131, MIREILLE LAUZE (BOU",,,Plein jour,En agglomération,Intersection en T,Normale,Autre collision,,,,,,,,,,,1,2,3,1,6
200600060634,0006-10-03 19:10:00,6,10,3,19,10,130,55,JARRE (AVENUE DE LA),,,Plein jour,En agglomération,Hors intersection,Normale,Deux véhicules - frontale,,,,,,,,,,,1,2,1,1,1
200600060635,0006-10-06 09:35:00,6,10,6,9,35,130,55,"480, PRADO (AVENUE)",,,Plein jour,En agglomération,Hors intersection,Normale,Deux véhicules - côté,,,,,,,,,,,1,2,1,1,3
200600060636,0006-10-02 18:30:00,6,10,2,18,30,130,55,"12, DEMANDOLX (BOULEVARD",,,Crépuscule ou aube,En agglomération,Hors intersection,Normale,Deux véhicules - frontale,,,,,,,,,,,2,2,1,1,1
200600060637,0006-10-06 08:20:00,6,10,6,8,20,130,55,"54, LYON (RUE DE)",,,Plein jour,En agglomération,Hors intersection,Normale,Autre collision,,,,,,,,,,,1,2,1,1,6
200600060638,0006-10-03 13:50:00,6,10,3,13,50,130,55,"69, BOURRELY (CHEMIN DES",,,Plein jour,En agglomération,Hors intersection,Temps couvert,Autre collision,,,,,,,,,,,1,2,1,8,6
200600060639,0006-10-04 16:25:00,6,10,4,16,25,130,55,", SIMON BOLIVAR (BOULEVA",,,Nuit sans éclairage public,En agglomération,Hors intersection,Normale,Autre collision,,,,,,,,,,,3,2,1,1,6
200600060640,0006-10-09 15:45:00,6,10,9,15,45,130,55,FRAIS VALLON (AVENUE),,,Plein jour,En agglomération,Intersection en X,Normale,Deux véhicules - côté,,,,,,,,,,,1,2,2,1,3
200600060641,0006-10-07 01:15:00,6,10,7,1,15,130,55,"39, BRETEUIL (RUE)",,,Nuit avec éclairage allumé,En agglomération,Hors intersection,Normale,Autre collision,,,,,,,,,,,5,2,1,1,6
200600060642,0006-10-12 08:50:00,6,10,12,8,50,130,55,"185, KADDOUZ (CHEMIN)",,,Plein jour,En agglomération,Intersection en T,Pluie légère,Deux véhicules - côté,,,,,,,,,,,1,2,3,2,3
200600060643,0006-10-06 23:40:00,6,10,6,23,40,130,55,"294, REDON (BOULEVARD DU",,,Nuit avec éclairage allumé,En agglomération,Hors intersection,Normale,Sans collision,,,,,,,,,,,5,2,1,1,7
200600060644,0006-10-06 15:00:00,6,10,6,15,0,130,55,"11, SAINT ANTOINE (AVENU",,,Plein jour,En agglomération,Intersection en X,Normale,Deux véhicules - côté,,,,,,,,,,,1,2,2,1,3
200600060645,0006-10-05 07:50:00,6,10,5,7,50,130,55,MERLAN (AVENUE),,,Plein jour,En agglomération,Hors intersection,Normale,Autre collision,,,,,,,,,,,1,2,1,1,6
200600060646,0006-10-02 19:45:00,6,10,2,19,45,130,55,"21, MERLAN (AVENUE)",,,Crépuscule ou aube,En agglomération,Hors intersection,Normale,Deux véhicules - frontale,,,,,,,,,,,2,2,1,1,1
200600060647,0006-10-14 14:50:00,6,10,14,14,50,130,55,VAUFREGES (ROUTE DE),,,Plein jour,Hors agglomération,Hors intersection,Normale,Deux véhicules - côté,,,,,,,,,,,1,1,1,1,3
200600060648,0006-10-14 18:45:00,6,10,14,18,45,130,55,QUATRE SEPT (PLACE DU),,,Crépuscule ou aube,En agglomération,Giratoire,Normale,Deux véhicules - côté,,,,,,,,,,,2,2,6,1,3
200600060649,0006-10-14 19:25:00,6,10,14,19,25,130,55,SAKAKINI (BOULEVARD),,,Nuit avec éclairage allumé,En agglomération,Intersection en X,Normale,Deux véhicules - côté,,,,,,,,,,,5,2,2,1,3
200600060650,0006-10-04 12:01:00,6,10,4,12,1,130,55,"124, ROME (RUE DE)",,,Plein jour,En agglomération,Hors intersection,Normale,Autre collision,,,,,,,,,,,1,2,1,1,6
200600060651,0006-10-11 19:00:00,6,10,11,19,0,130,55,"00, PUVIS CHAVANNES (RUE",,,Plein jour,En agglomération,Hors intersection,Normale,Autre collision,,,,,,,,,,,1,2,1,1,6
200600060652,0006-10-09 17:45:00,6,10,9,17,45,130,55,JEAN MOULIN (BOULEVARD),,,Plein jour,En agglomération,Hors intersection,Normale,Deux véhicules - arrière,,,,,,,,,,,1,2,1,1,2
200600060653,0006-10-03 17:31:00,6,10,3,17,31,130,55,MARÉCHAL JUIN (BOULEVARD,,,Plein jour,En agglomération,Hors intersection,Normale,Autre collision,,,,,,,,,,,1,2,1,1,6
200600060654,0006-10-04 13:10:00,6,10,4,13,10,130,55,"000, MICHELET (BOULEVARD",,,Plein jour,En agglomération,Hors intersection,Normale,Autre collision,,,,,,,,,,,1,2,1,1,6
200600060655,0006-10-10 14:00:00,6,10,10,14,0,130,55,LÉON LACHAMP (ROUTE),,,Plein jour,Hors agglomération,Hors intersection,Normale,Trois véhicules et plus - en chaîne,,,,,,,,,,,1,1,1,1,4
200600060656,0006-10-10 18:40:00,6,10,10,18,40,130,55,MICHELET (BOULEVARD),,,Plein jour,En agglomération,Intersection en X,Normale,Deux véhicules - côté,,,,,,,,,,,1,2,2,1,3
200600060657,0006-10-10 17:30:00,6,10,10,17,30,130,55,"00, LÉON LACHAMP (ROUTE)",,,Plein jour,En agglomération,Hors intersection,Normale,Sans collision,,,,,,,,,,,1,2,1,1,7
200600060658,0006-10-15 09:10:00,6,10,15,9,10,130,55,"325, MAZARGUES (AVENUE D",,,Plein jour,En agglomération,Hors intersection,Normale,Deux véhicules - arrière,,,,,,,,,,,1,2,1,1,2
200600060659,0006-10-03 11:45:00,6,10,3,11,45,130,55,"149, PRADO (AVENUE)",,,Plein jour,En agglomération,Hors intersection,Pluie légère,Trois véhicules et plus - collisions multiples,,,,,,,,,,,1,2,1,2,5
200600060660,0006-10-02 18:31:00,6,10,2,18,31,130,55,"123, SAINTE JULIE (AVENU",,,Crépuscule ou aube,En agglomération,Hors intersection,Normale,Autre collision,,,,,,,,,,,2,2,1,1,6
200600060661,0006-10-14 15:50:00,6,10,14,15,50,130,55,"208, VALBARELLE (BOULEVA",,,Plein jour,En agglomération,Intersection en T,Normale,Deux véhicules - côté,,,,,,,,,,,1,2,3,1,3
200600060662,0006-10-07 15:30:00,6,10,7,15,30,130,2,"00, SALVATORE ALLENDE (B",,,Plein jour,En agglomération,Intersection en T,Normale,Deux véhicules - côté,,,,,,,,,,,1,2,3,1,3
200600060663,0006-10-14 11:10:00,6,10,14,11,10,130,55,"37, ENJOLRAS (AVENUE)",,,Plein jour,En agglomération,Hors intersection,Normale,Deux véhicules - frontale,,,,,,,,,,,1,2,1,1,1
200600060664,0006-10-09 17:40:00,6,10,9,17,40,130,55,"29, CABOT (BOULEVARD)",,,Plein jour,En agglomération,Hors intersection,Normale,Deux véhicules - côté,,,,,,,,,,,1,2,1,1,3
200600060665,0006-10-15 15:15:00,6,10,15,15,15,130,55,"307, SAINT MARCEL (BOULE",,,Plein jour,En agglomération,Hors intersection,Normale,Deux véhicules - frontale,,,,,,,,,,,1,2,1,1,1
200600060666,0006-10-11 18:15:00,6,10,11,18,15,130,55,MENDES FRANCE (AVENUE),,,Plein jour,En agglomération,Intersection en T,Normale,Deux véhicules - côté,,,,,,,,,,,1,2,3,1,3
200600060667,0006-10-10 17:15:00,6,10,10,17,15,130,2,"00, 7EME TIRAILLEURS ALG",,,Plein jour,En agglomération,Hors intersection,Normale,Autre collision,,,,,,,,,,,1,2,1,1,6
200600060668,0006-10-12 07:50:00,6,10,12,7,50,130,55,FORTUNÉ CHAILLAN (RUE),,,Crépuscule ou aube,En agglomération,Hors intersection,Pluie légère,Autre collision,,,,,,,,,,,2,2,1,2,6
200600060669,0006-10-09 16:00:00,6,10,9,16,0,130,55,"11, CHATEAU GOMBERT (AVE",,,Plein jour,En agglomération,Hors intersection,Normale,Deux véhicules - côté,,,,,,,,,,,1,2,1,1,3
200600060670,0006-10-09 11:15:00,6,10,9,11,15,130,55,MORETTI (BOULEVARD),,,Plein jour,En agglomération,Intersection en T,Normale,Deux véhicules - côté,,,,,,,,,,,1,2,3,1,3
200600060671,0006-10-17 16:50:00,6,10,17,16,50,130,55,"11, DOCTEUR LÉON PERRIN",,,Plein jour,En agglomération,Hors intersection,Normale,Trois véhicules et plus - collisions multiples,,,,,,,,,,,1,2,1,1,5
200600060672,0006-10-15 04:00:00,6,10,15,4,0,130,55,SAKAKINI (BOULEVARD),,,Nuit avec éclairage allumé,En agglomération,Intersection en X,Normale,Deux véhicules - côté,,,,,,,,,,,5,2,2,1,3
200600060673,0006-10-09 08:45:00,6,10,9,8,45,130,55,"33, GABRIEL MARIE  (RUE)",,,Plein jour,En agglomération,Hors intersection,Normale,Deux véhicules - arrière,,,,,,,,,,,1,2,1,1,2
200600060674,0006-10-15 18:10:00,6,10,15,18,10,130,55,"00, NEOULE (RUE)",,,Plein jour,En agglomération,Hors intersection,Normale,Autre collision,,,,,,,,,,,1,2,1,1,6
200600060675,0006-10-03 12:00:00,6,10,3,12,0,130,55,"38, VISTE (AVENUE DE LA)",,,Plein jour,En agglomération,Hors intersection,Normale,Autre collision,,,,,,,,,,,1,2,1,1,6
200600060676,0006-10-04 10:20:00,6,10,4,10,20,130,55,CAMILLE PELLETAN (AVENUE,,,Plein jour,En agglomération,Intersection en X,Normale,Autre collision,,,,,,,,,,,1,2,2,1,6
200600060677,0006-10-09 10:45:00,6,10,9,10,45,130,55,"334, POILUS (AVENUE DES)",,,Plein jour,En agglomération,Hors intersection,Normale,Deux véhicules - arrière,,,,,,,,,,,1,2,1,1,2
200600060678,0006-10-02 16:46:00,6,10,2,16,46,130,55,"372, LITTORAL (CHEMIN DU",,,Plein jour,En agglomération,Hors intersection,Normale,Deux véhicules - côté,,,,,,,,,,,1,2,1,1,3
200600060679,0006-10-13 15:20:00,6,10,13,15,20,130,55,GIBBES (CHEMIN DE),,,Plein jour,En agglomération,Hors intersection,Normale,Deux véhicules - côté,,,,,,,,,,,1,2,1,1,3
200600060680,0006-10-03 11:46:00,6,10,3,11,46,130,55,JEAN PAUL SARTRE (AVENUE,,,Crépuscule ou aube,En agglomération,Hors intersection,Normale,Deux véhicules - arrière,,,,,,,,,,,2,2,1,1,2
200600060681,0006-10-03 20:00:00,6,10,3,20,0,130,55,LAROUSSE (TRAVERSE),,,Nuit avec éclairage allumé,En agglomération,Hors intersection,Normale,Deux véhicules - frontale,,,,,,,,,,,5,2,1,1,1
200600060682,0006-10-08 12:15:00,6,10,8,12,15,130,55,"102, VISTE (AVENUE DE LA",,,Plein jour,En agglomération,Intersection en T,Normale,Deux véhicules - côté,,,,,,,,,,,1,2,3,1,3
200600060683,0006-10-16 08:50:00,6,10,16,8,50,130,55,"273, PAUL CLAUDEL (BOULE",,,Plein jour,En agglomération,Hors intersection,Normale,Deux véhicules - côté,,,,,,,,,,,1,2,1,1,3
200600060684,0006-10-11 12:15:00,6,10,11,12,15,130,55,"176, PIERRE DOIZE  (RUE)",,,Plein jour,En agglomération,Hors intersection,Normale,Autre collision,,,,,,,,,,,1,2,1,1,6
200600060685,0006-10-13 22:15:00,6,10,13,22,15,130,55,"17, CANEBIERE     1 A 79",,,Nuit avec éclairage allumé,En agglomération,Intersection en X,Normale,Autre collision,,,,,,,,,,,5,2,2,1,6
200600060686,0006-10-18 21:45:00,6,10,18,21,45,130,55,"02, ROMAIN ROLLAND (BOUL",,,Nuit avec éclairage allumé,En agglomération,Hors intersection,Normale,Deux véhicules - côté,,,,,,,,,,,5,2,1,1,3
200600060687,0006-10-18 13:10:00,6,10,18,13,10,130,55,AMEDEE PALMIERI (RUE),,,Plein jour,En agglomération,Intersection en T,Normale,Deux véhicules - côté,,,,,,,,,,,1,2,3,1,3
200600060688,0006-10-12 07:51:00,6,10,12,7,51,130,55,"0, CAILLOLS (TRAVERSE DE",,,Crépuscule ou aube,En agglomération,Hors intersection,Normale,Deux véhicules - côté,,,,,,,,,,,2,2,1,1,3
200600060689,0006-10-01 13:40:00,6,10,1,13,40,130,55,"88, MAZARGUES (AVENUE DE",,,Plein jour,Hors agglomération,Intersection en T,Normale,Deux véhicules - côté,,,,,,,,,,,1,1,3,1,3
200600060690,0006-10-12 16:45:00,6,10,12,16,45,130,55,HAMBOURG (BOULEVARD),,,Plein jour,En agglomération,Hors intersection,Normale,Autre collision,,,,,,,,,,,1,2,1,1,6
200600060691,0006-10-16 11:50:00,6,10,16,11,50,130,55,"112, JEAN ROUBIN (CHEMIN",,,Plein jour,En agglomération,Hors intersection,Normale,Autre collision,,,,,,,,,,,1,2,1,1,6
200600060692,0006-10-16 07:30:00,6,10,16,7,30,130,55,DEVILLIERS (RUE),,,Plein jour,En agglomération,Intersection en X,Normale,Deux véhicules - côté,,,,,,,,,,,1,2,2,1,3
200600060693,0006-10-09 15:00:00,6,10,9,15,0,130,55,"01, ARMENY (RUE D')",,,Plein jour,En agglomération,Hors intersection,Normale,Autre collision,,,,,,,,,,,1,2,1,1,6
200600060694,0006-10-03 10:30:00,6,10,3,10,30,130,55,"37, DOCTEUR HECKEL (RUE",,,Plein jour,En agglomération,Hors intersection,Normale,Deux véhicules - arrière,,,,,,,,,,,1,2,1,1,2
200600060695,0006-10-19 08:45:00,6,10,19,8,45,130,55,"00, DESIREE CLARY (RUE)",,,Plein jour,En agglomération,Intersection en X,Pluie légère,Deux véhicules - côté,,,,,,,,,,,1,2,2,2,3
200600060696,0006-10-20 08:00:00,6,10,20,8,0,130,55,CASSIS (ANCIEN CHEMIN DE,,,Nuit sans éclairage public,Hors agglomération,Hors intersection,Temps couvert,Sans collision,,,,,,,,,,,3,1,1,8,7
200600060697,0006-10-22 08:00:00,6,10,22,8,0,130,55,"21, CAPITAINE DESSEMOND",,,Plein jour,En agglomération,Hors intersection,Normale,Autre collision,,,,,,,,,,,1,2,1,1,6
200600060698,0006-10-13 07:20:00,6,10,13,7,20,130,55,LODI (RUE DE),,,Plein jour,En agglomération,Intersection en T,Normale,Deux véhicules - côté,,,,,,,,,,,1,2,3,1,3
200600060699,0006-10-16 09:00:00,6,10,16,9,0,130,55,SAINTE MARTHE (AVENUE DE,,,Plein jour,En agglomération,Hors intersection,Normale,Deux véhicules - arrière,,,,,,,,,,,1,2,1,1,2
200600060700,0006-10-09 20:00:00,6,10,9,20,0,130,55,PRIMITIVE (RUE),,,Nuit avec éclairage allumé,En agglomération,Hors intersection,Normale,Deux véhicules - arrière,,,,,,,,,,,5,2,1,1,2
200600060701,0006-10-09 15:50:00,6,10,9,15,50,130,55,CHANTERAC (RUE DE),,,Plein jour,En agglomération,Giratoire,Normale,Deux véhicules - côté,,,,,,,,,,,1,2,6,1,3
200600060702,0006-10-04 17:45:00,6,10,4,17,45,130,55,NEOULE (RUE),,,Plein jour,En agglomération,Hors intersection,Normale,Autre collision,,,,,,,,,,,1,2,1,1,6
200600060703,0006-10-02 17:35:00,6,10,2,17,35,130,55,JEAN MOULIN (BOULEVARD),,,Plein jour,En agglomération,Hors intersection,Normale,Autre collision,,,,,,,,,,,1,2,1,1,6
200600060704,0006-10-03 17:32:00,6,10,3,17,32,130,55,"16, ADOLPHE THIERS (RUE)",,,Plein jour,En agglomération,Hors intersection,Normale,Autre collision,,,,,,,,,,,1,2,1,1,6
200600060705,0006-10-21 17:00:00,6,10,21,17,0,130,55,EMMANUEL EYDOUX (RUE),,,Crépuscule ou aube,En agglomération,Hors intersection,Normale,Deux véhicules - côté,,,,,,,,,,,2,2,1,1,3
200600060706,0006-10-19 21:05:00,6,10,19,21,5,130,55,LESSEPS (RUE DE),,,Nuit avec éclairage allumé,En agglomération,Hors intersection,Normale,Autre collision,,,,,,,,,,,5,2,1,1,6
200600060707,0006-10-16 08:20:00,6,10,16,8,20,130,55,JEAN QUEILLAU (RUE),,,Plein jour,En agglomération,Hors intersection,Normale,Deux véhicules - côté,,,,,,,,,,,1,2,1,1,3
200600060708,0006-10-18 14:00:00,6,10,18,14,0,130,55,"123, 24 AVRIL 15 (AVENUE",,,Plein jour,En agglomération,Hors intersection,Temps couvert,Deux véhicules - côté,,,,,,,,,,,1,2,1,8,3
200600060709,0006-10-03 14:45:00,6,10,3,14,45,130,55,WILLIAM BOOTH (AVENUE),,,Plein jour,En agglomération,Hors intersection,Normale,Autre collision,,,,,,,,,,,1,2,1,1,6
200600060710,0006-10-20 08:50:00,6,10,20,8,50,130,55,", DOCTEUR CAUVIN (RUE)",,,Plein jour,En agglomération,Autre intersection,Normale,Deux véhicules - côté,,,,,,,,,,,1,2,9,1,3
200600060711,0006-10-23 20:45:00,6,10,23,20,45,130,55,SCHLOESING (BOULEVARD),,,Nuit avec éclairage allumé,En agglomération,Hors intersection,Normale,Deux véhicules - arrière,,,,,,,,,,,5,2,1,1,2
200600060712,0006-10-24 00:20:00,6,10,24,0,20,130,55,PRADO (AVENUE DU),,,Nuit avec éclairage allumé,En agglomération,Intersection en X,Pluie légère,Trois véhicules et plus - collisions multiples,,,,,,,,,,,5,2,2,2,5
200600060713,0006-10-15 17:00:00,6,10,15,17,0,130,55,POMME (BOULEVARD DE LA ),,,Plein jour,En agglomération,Intersection en T,Normale,Deux véhicules - côté,,,,,,,,,,,1,2,3,1,3
200600060714,0006-10-20 08:30:00,6,10,20,8,30,130,55,ANDRE ISAIA (RUE),,,Plein jour,En agglomération,Intersection en T,Normale,Deux véhicules - arrière,,,,,,,,,,,1,2,3,1,2
200600060715,0006-10-21 22:05:00,6,10,21,22,5,130,55,VALBARELLE (BOULEVARD DE,,,Nuit avec éclairage allumé,En agglomération,Intersection en X,Normale,Trois véhicules et plus - collisions multiples,,,,,,,,,,,5,2,2,1,5
200600060716,0006-10-02 19:46:00,6,10,2,19,46,130,55,", PARADIS (RUE)",,,Nuit avec éclairage allumé,En agglomération,Hors intersection,Normale,Sans collision,,,,,,,,,,,5,2,1,1,7
200600060717,0006-10-17 09:10:00,6,10,17,9,10,130,55,"148, MONTOLIVET (AVENUE",,,Plein jour,En agglomération,Hors intersection,Normale,Deux véhicules - frontale,,,,,,,,,,,1,2,1,1,1
200600060718,0006-10-05 01:00:00,6,10,5,1,0,130,55,MICHELET (BOULEVARD),,,Nuit avec éclairage allumé,En agglomération,Intersection en T,Normale,Deux véhicules - côté,,,,,,,,,,,5,2,3,1,3
200600060719,0006-10-19 19:00:00,6,10,19,19,0,130,55,"103, SAINT LOUP (BOULEVA",,,Nuit avec éclairage allumé,En agglomération,Hors intersection,Temps couvert,Deux véhicules - côté,,,,,,,,,,,5,2,1,8,3
200600060720,0006-10-12 15:00:00,6,10,12,15,0,130,55,"164, SAINT MARCEL (BOULE",,,Plein jour,En agglomération,Hors intersection,Normale,Autre collision,,,,,,,,,,,1,2,1,1,6
200600060721,0006-10-12 13:40:00,6,10,12,13,40,130,55,SADI CARNOT (PLACE),,,Plein jour,En agglomération,Autre intersection,Normale,Autre collision,,,,,,,,,,,1,2,9,1,6
200600060722,0006-10-12 12:30:00,6,10,12,12,30,130,55,ROMAIN ROLLAND (BOULEVAR,,,Plein jour,En agglomération,Hors intersection,Normale,Deux véhicules - côté,,,,,,,,,,,1,2,1,1,3
200600060723,0006-10-18 09:20:00,6,10,18,9,20,130,55,"245, MICHELET (BOULEVARD",,,Plein jour,En agglomération,Hors intersection,Normale,Autre collision,,,,,,,,,,,1,2,1,1,6
200600060724,0006-10-24 22:45:00,6,10,24,22,45,130,55,"00, CLEMENT (BOULEVARD)",,,Nuit avec éclairage allumé,En agglomération,Hors intersection,Normale,Deux véhicules - frontale,,,,,,,,,,,5,2,1,1,1
200600060725,0006-10-19 17:45:00,6,10,19,17,45,130,55,PARADIS (RUE),,,Plein jour,En agglomération,Hors intersection,Normale,Autre collision,,,,,,,,,,,1,2,1,1,6
200600060726,0006-10-21 13:35:00,6,10,21,13,35,130,55,"308, MORGIOU (CHEMIN DE)",,,Plein jour,En agglomération,Hors intersection,Normale,Deux véhicules - côté,,,,,,,,,,,1,2,1,1,3
200600060727,0006-10-02 08:00:00,6,10,2,8,0,130,55,AUGUSTE BLANQUI (RUE),,,Plein jour,En agglomération,Intersection en X,Normale,Autre collision,,,,,,,,,,,1,2,2,1,6
200600060728,0006-10-13 17:30:00,6,10,13,17,30,130,55,CORNICHE KENNEDY,,,Plein jour,En agglomération,Hors intersection,Normale,Deux véhicules - côté,,,,,,,,,,,1,2,1,1,3
200600060729,0006-10-21 17:50:00,6,10,21,17,50,130,55,"01, CATALANS (RUE DES)",,,Plein jour,En agglomération,Hors intersection,Normale,Autre collision,,,,,,,,,,,1,2,1,1,6
200600060730,0006-10-17 12:50:00,6,10,17,12,50,130,55,CORNICHE KENNEDY,,,Plein jour,En agglomération,Hors intersection,Normale,Trois véhicules et plus - en chaîne,,,,,,,,,,,1,2,1,1,4
200600060731,0006-10-22 04:25:00,6,10,22,4,25,130,55,"49, JEAN MOULIN (BOULEVA",,,Nuit avec éclairage allumé,En agglomération,Place,Normale,Autre collision,,,,,,,,,,,5,2,7,1,6
200600060732,0006-10-22 00:05:00,6,10,22,0,5,130,55,ROME (RUE DE),,,Nuit avec éclairage allumé,En agglomération,Intersection en T,Normale,Deux véhicules - côté,,,,,,,,,,,5,2,3,1,3
200600060733,0006-10-06 17:00:00,6,10,6,17,0,130,55,ENDOUME (RUE D'),,,Plein jour,En agglomération,Hors intersection,Normale,Autre collision,,,,,,,,,,,1,2,1,1,6
200600060734,0006-10-09 12:05:00,6,10,9,12,5,130,55,"32, GARIBALDI (BOULEVARD",,,Plein jour,En agglomération,Intersection en X,Normale,Deux véhicules - côté,,,,,,,,,,,1,2,2,1,3
200600060735,0006-10-19 15:05:00,6,10,19,15,5,130,55,"587, PRADO (AVENUE)",,,Plein jour,En agglomération,Hors intersection,Normale,Autre collision,,,,,,,,,,,1,2,1,1,6
200600060736,0006-10-05 10:30:00,6,10,5,10,30,130,55,"48, CLOT BEY (AVENUE)",,,Plein jour,En agglomération,Hors intersection,Normale,Deux véhicules - côté,,,,,,,,,,,1,2,1,1,3
200600060737,0006-10-18 08:00:00,6,10,18,8,0,130,55,"64, SAINT JUST (AVENUE D",,,Plein jour,En agglomération,Hors intersection,Normale,Deux véhicules - côté,,,,,,,,,,,1,2,1,1,3
200600060738,0006-10-25 15:40:00,6,10,25,15,40,130,55,"261, MICHELET (BOULEVARD",,,Plein jour,En agglomération,Hors intersection,Normale,Deux véhicules - côté,,,,,,,,,,,1,2,1,1,3
200600060739,0006-10-18 22:45:00,6,10,18,22,45,130,55,"309, LYON (RUE DE)",,,Nuit avec éclairage allumé,En agglomération,Hors intersection,Pluie légère,Deux véhicules - arrière,,,,,,,,,,,5,2,1,2,2
200600060740,0006-10-19 15:30:00,6,10,19,15,30,130,2,"00, 7EME TIRAILLEURS ALG",,,Plein jour,En agglomération,Hors intersection,Temps couvert,Trois véhicules et plus - en chaîne,,,,,,,,,,,1,2,1,8,4
200600060741,0006-10-18 15:40:00,6,10,18,15,40,130,55,"58, SAINT MENET (AVENUE",,,Plein jour,En agglomération,Hors intersection,Normale,Deux véhicules - côté,,,,,,,,,,,1,2,1,1,3
200600060742,0006-10-29 12:30:00,6,10,29,12,30,130,55,SAINT JOSEPH (CHEMIN DE),,,Plein jour,En agglomération,Hors intersection,Normale,Deux véhicules - arrière,,,,,,,,,,,1,2,1,1,2
200600060743,0006-10-21 10:30:00,6,10,21,10,30,130,55,"519, LITTORAL (CHEMIN DU",,,Plein jour,En agglomération,Hors intersection,Normale,Deux véhicules - arrière,,,,,,,,,,,1,2,1,1,2
200600060744,0006-10-24 19:00:00,6,10,24,19,0,130,55,MERLAN (AVENUE),,,Nuit avec éclairage allumé,En agglomération,Hors intersection,Normale,Deux véhicules - arrière,,,,,,,,,,,5,2,1,1,2
200600060745,0006-10-20 14:40:00,6,10,20,14,40,130,55,"00, RABATAU (BOULEVARD)",,,Plein jour,En agglomération,Hors intersection,Normale,Deux véhicules - arrière,,,,,,,,,,,1,2,1,1,2
200600060746,0006-10-24 07:15:00,6,10,24,7,15,130,55,CHARLES LIVON (BOULEVARD,,,Crépuscule ou aube,En agglomération,Autre intersection,Normale,Deux véhicules - côté,,,,,,,,,,,2,2,9,1,3
200600060747,0006-10-22 13:40:00,6,10,22,13,40,130,55,"160, LYON (RUE DE)",,,Plein jour,En agglomération,Hors intersection,Normale,Autre collision,,,,,,,,,,,1,2,1,1,6
200600060748,0006-10-30 13:30:00,6,10,30,13,30,130,55,HENRI BARNIER (BOULEVARD,,,Plein jour,En agglomération,Hors intersection,Normale,Trois véhicules et plus - en chaîne,,,,,,,,,,,1,2,1,1,4
200600060749,0006-10-19 04:50:00,6,10,19,4,50,130,55,"2, NOTRE DAME (RUE)",,,Nuit avec éclairage allumé,En agglomération,Hors intersection,Normale,Deux véhicules - frontale,,,,,,,,,,,5,2,1,1,1
200600060750,0006-10-28 14:45:00,6,10,28,14,45,130,55,"0.000, CASSIN (RUE)",,,Plein jour,En agglomération,Hors intersection,Normale,Deux véhicules - arrière,,,,,,,,,,,1,2,1,1,2
200600060751,0006-10-18 07:59:00,6,10,18,7,59,130,55,COLBERT (RUE)    2 A 24,,,Plein jour,En agglomération,Hors intersection,Normale,Autre collision,,,,,,,,,,,1,2,1,1,6