accident_id,datetime,annee,mois,jour,heure,minute,departement,commune_insee,adresse,latitude,longitude,luminosite,agglomeration,intersection,meteo,collision,nb_vehicules,nb_usagers,nb_indemnes,nb_tues,nb_blesses_hosp,nb_blesses_legers,age_cond_1,age_cond_2,veh_type_cond_1,veh_type_cond_2,lum_code,agg_code,int_code,atm_code,col_code
200600060752,0006-10-17 15:30:00,6,10,17,15,30,130,55,"37, PIERRE PUGET (COURS)",,,Plein jour,En agglomération,Hors intersection,Normale,Deux véhicules - côté,,,,,,,,,,,1,2,1,1,3
200600060753,0006-10-27 14:00:00,6,10,27,14,0,130,55,"435, JEAN QUEILLAU (RUE)",,,Plein jour,En agglomération,Hors intersection,Normale,Deux véhicules - côté,,,,,,,,,,,1,2,1,1,3
200600060754,0006-10-23 12:55:00,6,10,23,12,55,130,55,"00, JULES GUESDE (PLACE)",,,Plein jour,En agglomération,Hors intersection,Normale,Deux véhicules - arrière,,,,,,,,,,,1,2,1,1,2
200600060755,0006-10-22 18:00:00,6,10,22,18,0,130,55,"BT b, FÉLIX PYAT (RUE)",,,Plein jour,En agglomération,Hors intersection,Normale,Autre collision,,,,,,,,,,,1,2,1,1,6
200600060756,0006-10-29 02:45:00,6,10,29,2,45,130,55,CORNICHE KENNEDY,,,Nuit avec éclairage allumé,En agglomération,Hors intersection,Normale,Sans collision,,,,,,,,,,,5,2,1,1,7
200600060757,0006-10-26 19:25:00,6,10,26,19,25,130,55,LIBERTE (BOULEVARD DE LA,,,Nuit avec éclairage allumé,En agglomération,Intersection en X,Normale,Deux véhicules - côté,,,,,,,,,,,5,2,2,1,3
200600060758,0006-10-12 17:00:00,6,10,12,17,0,130,55,"00, MARSEILLEVEYRE (BOUL",,,Plein jour,En agglomération,Hors intersection,Normale,Deux véhicules - côté,,,,,,,,,,,1,2,1,1,3
200600060759,0006-10-17 13:30:00,6,10,17,13,30,130,55,"152, ALPHONSE DAUDET (RU",,,Plein jour,En agglomération,Hors intersection,Normale,Autre collision,,,,,,,,,,,1,2,1,1,6
200600060760,0006-10-29 08:20:00,6,10,29,8,20,130,55,"49, CANEBIERE    30 A 68",,,Plein jour,En agglomération,Hors intersection,Normale,Deux véhicules - côté,,,,,,,,,,,1,2,1,1,3
200600060761,0006-10-16 16:00:00,6,10,16,16,0,130,55,"37, AIX (RUE D')",,,Plein jour,En agglomération,Hors intersection,Normale,Autre collision,,,,,,,,,,,1,2,1,1,6
200600060762,0006-10-14 17:50:00,6,10,14,17,50,130,55,"34, REDON (BOULEVARD DU)",,,Plein jour,En agglomération,Hors intersection,Normale,Autre collision,,,,,,,,,,,1,2,1,1,6
200600060763,0006-10-22 08:20:00,6,10,22,8,20,130,55,RUISSATEL (IMPASSE),,,Plein jour,En agglomération,Hors intersection,Normale,Deux véhicules - côté,,,,,,,,,,,1,2,1,1,3
200600060764,0006-10-28 16:30:00,6,10,28,16,30,130,55,"484, PRADO (AVENUE)",,,Plein jour,En agglomération,Intersection en T,Normale,Deux véhicules - côté,,,,,,,,,,,1,2,3,1,3
200600060765,0006-10-28 20:30:00,6,10,28,20,30,130,55,PRADO (AVENUE),,,Plein jour,En agglomération,Hors intersection,Normale,Trois véhicules et plus - collisions multiples,,,,,,,,,,,1,2,1,1,5
200600060766,0006-10-28 23:10:00,6,10,28,23,10,130,55,MICHELET (BOULEVARD),,,Nuit avec éclairage allumé,En agglomération,Hors intersection,Normale,Deux véhicules - côté,,,,,,,,,,,5,2,1,1,3
200600060767,0006-10-30 17:15:00,6,10,30,17,15,130,55,MICHELET (BOULEVARD),,,Plein jour,En agglomération,Hors intersection,Normale,Autre collision,,,,,,,,,,,1,2,1,1,6
200600060768,0006-10-02 07:35:00,6,10,2,7,35,130,55,FRIEDLAND (RUE),,,Plein jour,En agglomération,Intersection en T,Normale,Deux véhicules - côté,,,,,,,,,,,1,2,3,1,3
200600060769,0006-10-30 07:00:00,6,10,30,7,0,130,55,MONTRE (TRAVERSE DE LA),,,Crépuscule ou aube,En agglomération,Autre intersection,Normale,Sans collision,,,,,,,,,,,2,2,9,1,7
200600060770,0006-10-28 00:15:00,6,10,28,0,15,130,55,REDON (BOULEVARD DU),,,Nuit avec éclairage allumé,En agglomération,Hors intersection,Normale,Deux véhicules - frontale,,,,,,,,,,,5,2,1,1,1
200600060771,0006-10-27 18:30:00,6,10,27,18,30,130,55,"00, SAINTE BARBE (RUE)",,,Crépuscule ou aube,En agglomération,Intersection en Y,Normale,Deux véhicules - côté,,,,,,,,,,,2,2,4,1,3
200600060772,0006-10-30 13:50:00,6,10,30,13,50,130,55,"140, MONTOLIVET (AVENUE",,,Plein jour,En agglomération,Intersection en T,Normale,Deux véhicules - côté,,,,,,,,,,,1,2,3,1,3
200600060773,0006-10-26 13:30:00,6,10,26,13,30,130,55,BAILLE (BOULEVARD),,,Plein jour,En agglomération,Intersection en X,Normale,Deux véhicules - frontale,,,,,,,,,,,1,2,2,1,1
200600060774,0006-10-28 23:00:00,6,10,28,23,0,130,55,"107, SAKAKINI (BOULEVARD",,,Nuit avec éclairage allumé,En agglomération,Hors intersection,Normale,Deux véhicules - côté,,,,,,,,,,,5,2,1,1,3
200600060775,0006-10-14 20:00:00,6,10,14,20,0,130,55,DUMAS (PLACE DE LA),,,Nuit avec éclairage allumé,En agglomération,Intersection à plus de 4 branches,Normale,Deux véhicules - côté,,,,,,,,,,,5,2,5,1,3
200600060776,0006-10-30 11:00:00,6,10,30,11,0,130,55,BARQUIERE (AVENUE DE LA),,,Plein jour,En agglomération,Intersection en T,Normale,Deux véhicules - côté,,,,,,,,,,,1,2,3,1,3
200600060777,0006-10-15 17:50:00,6,10,15,17,50,130,55,HAMBOURG (BOULEVARD),,,Plein jour,En agglomération,Hors intersection,Normale,Deux véhicules - arrière,,,,,,,,,,,1,2,1,1,2
200600060778,0006-10-30 07:45:00,6,10,30,7,45,130,55,MARCHE D'IN (AVENUE),,,Plein jour,En agglomération,Hors intersection,Normale,Autre collision,,,,,,,,,,,1,2,1,1,6
200600060779,0006-10-26 17:55:00,6,10,26,17,55,130,55,JEAN MALRIEU (RUE),,,Plein jour,En agglomération,Hors intersection,Normale,Deux véhicules - côté,,,,,,,,,,,1,2,1,1,3
200600060780,0006-10-23 13:45:00,6,10,23,13,45,130,55,SALVADOR ALLENDE (RUE),,,Plein jour,En agglomération,Hors intersection,Normale,Deux véhicules - arrière,,,,,,,,,,,1,2,1,1,2
200600060781,0006-10-31 17:00:00,6,10,31,17,0,130,55,"00, ESCAD.NORMA",,,Plein jour,En agglomération,Intersection en T,Normale,Deux véhicules - côté,,,,,,,,,,,1,2,3,1,3
200600060782,0006-10-07 16:30:00,6,10,7,16,30,130,55,"01, JULES FERRY (RUE)",,,Plein jour,En agglomération,Hors intersection,Normale,Deux véhicules - arrière,,,,,,,,,,,1,2,1,1,2
200600060783,0006-10-18 17:10:00,6,10,18,17,10,130,55,"82, CROIX ROUGE (AVENUE)",,,Plein jour,En agglomération,Hors intersection,Normale,Deux véhicules - arrière,,,,,,,,,,,1,2,1,1,2
200600060784,0006-10-26 12:45:00,6,10,26,12,45,130,55,"25, LYON (RUE DE)",,,Plein jour,En agglomération,Hors intersection,Normale,Deux véhicules - arrière,,,,,,,,,,,1,2,1,1,2
200600060785,0006-10-20 23:50:00,6,10,20,23,50,130,55,"132, SAINTE MARTHE (CHEM",,,Nuit avec éclairage allumé,En agglomération,Hors intersection,Pluie forte,Deux véhicules - côté,,,,,,,,,,,5,2,1,3,3
200600060786,0006-10-29 16:15:00,6,10,29,16,15,130,55,ALPHONSE ALLAIS (RUE),,,Plein jour,En agglomération,Hors intersection,Normale,Autre collision,,,,,,,,,,,1,2,1,1,6
200600060787,0006-10-27 16:40:00,6,10,27,16,40,130,55,"33, BRIANCON (BOULEVARD)",,,Plein jour,En agglomération,Hors intersection,Normale,Autre collision,,,,,,,,,,,1,2,1,1,6
200600060788,0006-10-12 11:50:00,6,10,12,11,50,130,55,PARTY (CHEMIN DE),,,Plein jour,En agglomération,Hors intersection,Normale,Deux véhicules - frontale,,,,,,,,,,,1,2,1,1,1
200600060789,0006-10-14 22:00:00,6,10,14,22,0,130,55,NATIONAL (BOULEVARD),,,Nuit avec éclairage allumé,En agglomération,Intersection en X,Normale,Autre collision,,,,,,,,,,,5,2,2,1,6
200600060790,0006-10-30 11:01:00,6,10,30,11,1,130,55,"FACE AU 08, BOURRELY (CH",,,Plein jour,En agglomération,Hors intersection,Normale,Autre collision,,,,,,,,,,,1,2,1,1,6
200600060791,0006-10-19 07:50:00,6,10,19,7,50,130,55,"130, FÉLIX PYAT (RUE)",,,Plein jour,En agglomération,Intersection en T,Normale,Deux véhicules - côté,,,,,,,,,,,1,2,3,1,3
200600060792,0006-10-30 18:45:00,6,10,30,18,45,130,55,"484, PRADO (AVENUE)",,,Nuit avec éclairage allumé,En agglomération,Intersection en T,Normale,Sans collision,,,,,,,,,,,5,2,3,1,7
200600060793,0006-10-29 12:31:00,6,10,29,12,31,130,55,", HOPKINSON (BOULEVARD)",,,Plein jour,En agglomération,Intersection en X,Normale,Deux véhicules - côté,,,,,,,,,,,1,2,2,1,3
200600060794,0006-10-31 18:10:00,6,10,31,18,10,130,55,"83, REDON (BOULEVARD DU)",,,Nuit avec éclairage allumé,En agglomération,Autre intersection,Normale,Autre collision,,,,,,,,,,,5,2,9,1,6
200600060795,0006-10-25 18:30:00,6,10,25,18,30,130,55,"00, ROMAIN ROLLAND (BOUL",,,Nuit avec éclairage allumé,En agglomération,Hors intersection,Normale,Autre collision,,,,,,,,,,,5,2,1,1,6
200600060796,0006-10-28 13:30:00,6,10,28,13,30,130,55,"85-87, ENJOLRAS (AVENUE)",,,Plein jour,En agglomération,Hors intersection,Normale,Deux véhicules - côté,,,,,,,,,,,1,2,1,1,3
200600060797,0006-10-27 12:45:00,6,10,27,12,45,130,55,LÉON BANCAL (RUE),,,Plein jour,En agglomération,Hors intersection,Normale,Deux véhicules - côté,,,,,,,,,,,1,2,1,1,3
200600060798,0006-10-21 01:15:00,6,10,21,1,15,130,55,"188, SAINT LOUP (BOULEVA",,,Nuit avec éclairage allumé,En agglomération,Hors intersection,Pluie légère,Sans collision,,,,,,,,,,,5,2,1,2,7
200600060799,0006-10-12 19:45:00,6,10,12,19,45,130,55,"133, MARÉCHAL JUIN (BOUL",,,Nuit avec éclairage allumé,En agglomération,Hors intersection,Normale,Autre collision,,,,,,,,,,,5,2,1,1,6
200600060800,0006-10-17 12:15:00,6,10,17,12,15,130,55,"00, FORBINE (BOULEVARD D",,,Plein jour,En agglomération,Hors intersection,Normale,Deux véhicules - arrière,,,,,,,,,,,1,2,1,1,2
200600060801,0006-10-24 18:30:00,6,10,24,18,30,130,55,"00, GUSTAVE GANAY (BOULE",,,Nuit avec éclairage allumé,En agglomération,Intersection en T,Normale,Autre collision,,,,,,,,,,,5,2,3,1,6
200600060802,0006-10-17 07:30:00,6,10,17,7,30,130,55,"555, SAINT PIERRE (RUE)",,,Plein jour,En agglomération,Hors intersection,Normale,Deux véhicules - arrière,,,,,,,,,,,1,2,1,1,2
200600060803,0006-10-29 09:15:00,6,10,29,9,15,130,55,"32, CESAR BOY (AVENUE)",,,Plein jour,En agglomération,Autre intersection,Normale,Deux véhicules - arrière,,,,,,,,,,,1,2,9,1,2
200600060804,0006-10-27 19:00:00,6,10,27,19,0,130,55,TIBOULEN (BOULEVARD DE),,,Plein jour,En agglomération,Hors intersection,Normale,Deux véhicules - frontale,,,,,,,,,,,1,2,1,1,1
200600060805,0006-10-20 08:31:00,6,10,20,8,31,130,55,"6, ANDRE ISAIA (RUE)",,,Plein jour,En agglomération,Intersection en T,Normale,Deux véhicules - côté,,,,,,,,,,,1,2,3,1,3
200600060806,0006-10-31 17:01:00,6,10,31,17,1,130,55,"228, OLIVES (AVENUE DES)",,,Nuit avec éclairage allumé,En agglomération,Hors intersection,Normale,Deux véhicules - côté,,,,,,,,,,,5,2,1,1,3
200600060807,0006-10-31 15:15:00,6,10,31,15,15,130,55,"71, SAINT ANTOINE (CHEMI",,,Plein jour,En agglomération,Hors intersection,Normale,Autre collision,,,,,,,,,,,1,2,1,1,6
200600060808,0006-10-20 17:00:00,6,10,20,17,0,130,55,SAINT ANTOINE (CHEMIN DE,,,Plein jour,En agglomération,Hors intersection,Normale,Deux véhicules - frontale,,,,,,,,,,,1,2,1,1,1
200600060809,0006-10-15 18:25:00,6,10,15,18,25,130,55,"22, ANDRE ZENATTI (AVENU",,,Plein jour,En agglomération,Hors intersection,Normale,Deux véhicules - côté,,,,,,,,,,,1,2,1,1,3
200600060810,0006-10-25 09:00:00,6,10,25,9,0,130,2,"652, CLEMENT, JULES BART",,,Plein jour,En agglomération,Hors intersection,Normale,Autre collision,,,,,,,,,,,1,2,1,1,6
200600060811,0006-10-08 21:45:00,6,10,8,21,45,130,55,MICHELET (BOULEVARD),,,Nuit avec éclairage allumé,En agglomération,Intersection en T,Normale,Deux véhicules - côté,,,,,,,,,,,5,2,3,1,3
200600060812,0006-10-24 17:15:00,6,10,24,17,15,130,55,"243, POILUS (AVENUE DES)",,,Plein jour,En agglomération,Hors intersection,Normale,Deux véhicules - côté,,,,,,,,,,,1,2,1,1,3
200600060813,0006-10-17 07:50:00,6,10,17,7,50,130,55,SALVADOR ALLENDE (RUE),,,Plein jour,En agglomération,Hors intersection,Normale,Deux véhicules - côté,,,,,,,,,,,1,2,1,1,3
200600060814,0006-10-27 17:50:00,6,10,27,17,50,130,55,"90, PRADO (AVENUE)",,,Plein jour,En agglomération,Autre intersection,Normale,Deux véhicules - côté,,,,,,,,,,,1,2,9,1,3
200600060815,0006-10-24 18:00:00,6,10,24,18,0,130,55,"9, RONDE (PLACE)",,,Nuit avec éclairage allumé,En agglomération,Hors intersection,Normale,Deux véhicules - arrière,,,,,,,,,,,5,2,1,1,2
200600060816,0006-10-31 09:30:00,6,10,31,9,30,130,55,PRADO (AVENUE),,,Plein jour,En agglomération,Intersection en X,Normale,Autre collision,,,,,,,,,,,1,2,2,1,6
200600060817,0006-10-19 08:00:00,6,10,19,8,0,130,55,FRANCOISE DUPARC (BOULEV,,,Plein jour,En agglomération,Intersection en X,Pluie forte,Deux véhicules - côté,,,,,,,,,,,1,2,2,3,3
200600060818,0006-10-31 19:00:00,6,10,31,19,0,130,55,"50, PRADO (AVENUE DU)",,,Nuit avec éclairage allumé,En agglomération,Hors intersection,Normale,Deux véhicules - arrière,,,,,,,,,,,5,2,1,1,2
200600060819,0006-10-31 15:30:00,6,10,31,15,30,130,55,"8, CHANTIER (RUE)",,,Plein jour,En agglomération,Hors intersection,Normale,Deux véhicules - côté,,,,,,,,,,,1,2,1,1,3
200600060820,0006-10-29 19:15:00,6,10,29,19,15,130,55,"79, BLANCARDE (BOULEVARD",,,Nuit avec éclairage allumé,En agglomération,Hors intersection,Normale,Trois véhicules et plus - en chaîne,,,,,,,,,,,5,2,1,1,4
200600060821,0006-10-24 13:00:00,6,10,24,13,0,130,55,"357, CORNICHE KENNEDY",,,Plein jour,En agglomération,Hors intersection,Normale,Deux véhicules - côté,,,,,,,,,,,1,2,1,1,3
200600060822,0006-10-11 21:40:00,6,10,11,21,40,130,55,LIBERATION (BOULEVARD),,,Nuit avec éclairage allumé,En agglomération,Hors intersection,Normale,Deux véhicules - côté,,,,,,,,,,,5,2,1,1,3
200600060823,0006-10-17 17:30:00,6,10,17,17,30,130,55,"01, BARA (BOULEVARD)",,,Plein jour,En agglomération,Intersection en X,Normale,Deux véhicules - frontale,,,,,,,,,,,1,2,2,1,1
200600060824,0006-10-14 13:50:00,6,10,14,13,50,130,55,SOLEILS (PLACE DES),,,Plein jour,En agglomération,Hors intersection,Normale,Autre collision,,,,,,,,,,,1,2,1,1,6
200600060825,0006-10-04 09:30:00,6,10,4,9,30,130,55,MYOSOTIS (RUE DES),,,Plein jour,En agglomération,Intersection en T,Normale,Deux véhicules - côté,,,,,,,,,,,1,2,3,1,3
200600060826,0006-10-27 09:30:00,6,10,27,9,30,130,55,"00, LUMINY (AVENUE DE)",,,Plein jour,En agglomération,Hors intersection,Normale,Autre collision,,,,,,,,,,,1,2,1,1,6
200600060827,0006-10-25 13:30:00,6,10,25,13,30,130,55,"141, NATIONAL (BOULEVARD",,,Plein jour,En agglomération,Intersection en T,Normale,Autre collision,,,,,,,,,,,1,2,3,1,6
200600060828,0006-10-21 16:15:00,6,10,21,16,15,130,55,"00, JOBIN (RUE)",,,Plein jour,En agglomération,Hors intersection,Normale,Deux véhicules - arrière,,,,,,,,,,,1,2,1,1,2
200600060829,0006-10-20 21:30:00,6,10,20,21,30,130,55,"00, PORT (QUAI DU)",,,Nuit avec éclairage allumé,En agglomération,Hors intersection,Normale,Sans collision,,,,,,,,,,,5,2,1,1,7
200600060830,0006-10-25 14:20:00,6,10,25,14,20,130,55,"287, SAINT PIERRE (RUE)",,,Plein jour,En agglomération,Hors intersection,Normale,Deux véhicules - côté,,,,,,,,,,,1,2,1,1,3
200600060831,0006-10-30 18:30:00,6,10,30,18,30,130,55,ALEX. FLEMING (BOULEVARD,,,Nuit avec éclairage allumé,En agglomération,Hors intersection,Normale,Deux véhicules - côté,,,,,,,,,,,5,2,1,1,3
200600060832,0006-10-25 13:50:00,6,10,25,13,50,130,55,MIREILLE (RUE),,,Plein jour,En agglomération,Hors intersection,Normale,Deux véhicules - côté,,,,,,,,,,,1,2,1,1,3
200600060833,0006-10-07 06:45:00,6,10,7,6,45,130,55,ST MENET (CHEMIN),,,Nuit avec éclairage allumé,En agglomération,Giratoire,Temps couvert,Deux véhicules - arrière,,,,,,,,,,,5,2,6,8,2
200600060834,0006-10-02 18:10:00,6,10,2,18,10,130,55,DELMONT (ROND-POINT),,,Plein jour,En agglomération,Giratoire,Normale,Deux véhicules - côté,,,,,,,,,,,1,2,6,1,3
200600060835,0006-10-09 16:30:00,6,10,9,16,30,130,55,"90, GOUFFE (COURS)",,,Plein jour,En agglomération,Hors intersection,Normale,Deux véhicules - frontale,,,,,,,,,,,1,2,1,1,1
200600060836,0006-10-16 08:40:00,6,10,16,8,40,130,55,"00, PERIER (BOULEVARD)",,,Plein jour,En agglomération,Autre intersection,Normale,Deux véhicules - côté,,,,,,,,,,,1,2,9,1,3
200600060837,0006-10-28 05:10:00,6,10,28,5,10,130,55,HOPKINSON (BOULEVARD),,,Nuit avec éclairage allumé,En agglomération,Intersection en X,Normale,Autre collision,,,,,,,,,,,5,2,2,1,6
200600060838,0006-10-28 23:50:00,6,10,28,23,50,130,55,ARENC (QUAI D'),,,Nuit avec éclairage allumé,En agglomération,Intersection en X,Normale,Deux véhicules - côté,,,,,,,,,,,5,2,2,1,3
200600060839,0006-10-12 13:45:00,6,10,12,13,45,130,55,"11, GAROUTTE (BOULEVARD)",,,Plein jour,En agglomération,Hors intersection,Normale,Autre collision,,,,,,,,,,,1,2,1,1,6
200600060840,0006-10-30 19:55:00,6,10,30,19,55,130,55,"176, FRANÇOISE DUPARC (B",,,Nuit avec éclairage allumé,En agglomération,Hors intersection,Normale,Deux véhicules - arrière,,,,,,,,,,,5,2,1,1,2
200600060841,0006-10-05 14:45:00,6,10,5,14,45,130,55,"330, PRADO (AVENUE)",,,Plein jour,En agglomération,Hors intersection,Normale,Deux véhicules - côté,,,,,,,,,,,1,2,1,1,3
200600060842,0006-10-04 16:00:00,6,10,4,16,0,130,55,"283, MICHELET (BOULEVARD",,,Plein jour,En agglomération,Hors intersection,Normale,Deux véhicules - arrière,,,,,,,,,,,1,2,1,1,2
200600060843,0006-10-13 08:00:00,6,10,13,8,0,130,55,"00, RAMIEL (RUE)",,,Plein jour,En agglomération,Hors intersection,Normale,Deux véhicules - côté,,,,,,,,,,,1,2,1,1,3
200600060844,0006-10-13 15:00:00,6,10,13,15,0,130,55,RAGUSE (CHEMIN DE),,,Plein jour,En agglomération,Intersection en T,Normale,Deux véhicules - frontale,,,,,,,,,,,1,2,3,1,1
200600060845,0006-10-08 19:00:00,6,10,8,19,0,130,55,"50, CAPELETTE (AVENUE DE",,,Nuit avec éclairage non allumé,En agglomération,Hors intersection,Normale,Autre collision,,,,,,,,,,,4,2,1,1,6
200600060846,0006-10-19 04:15:00,6,10,19,4,15,130,55,JEAN MOULIN (BOULEVARD),,,Nuit avec éclairage allumé,En agglomération,Hors intersection,Temps couvert,Autre collision,,,,,,,,,,,5,2,1,8,6
200600060847,0006-10-14 15:15:00,6,10,14,15,15,130,55,MOGADOR (PLACE DE),,,Plein jour,En agglomération,Hors intersection,Normale,Deux véhicules - côté,,,,,,,,,,,1,2,1,1,3
200600060848,0006-10-15 14:15:00,6,10,15,14,15,130,55,MERLAN (AVENUE),,,Plein jour,En agglomération,Intersection en T,Normale,Deux véhicules - côté,,,,,,,,,,,1,2,3,1,3
200600060849,0006-10-15 18:00:00,6,10,15,18,0,130,55,"247, PRADO (AVENUE DU)",,,Plein jour,En agglomération,Hors intersection,Normale,Deux véhicules - arrière,,,,,,,,,,,1,2,1,1,2
200600060850,0006-10-27 15:00:00,6,10,27,15,0,130,55,SAINT ANTOINE (CHEMIN DE,,,Plein jour,En agglomération,Hors intersection,Normale,Trois véhicules et plus - en chaîne,,,,,,,,,,,1,2,1,1,4
200600060851,0006-10-23 10:10:00,6,10,23,10,10,130,55,LAVOISIER (BOULEVARD),,,Plein jour,En agglomération,Intersection en T,Normale,Deux véhicules - côté,,,,,,,,,,,1,2,3,1,3
200600060852,0006-10-27 17:15:00,6,10,27,17,15,130,55,"00, JEAN MONDET (ROND PO",,,Crépuscule ou aube,En agglomération,Giratoire,Normale,Deux véhicules - côté,,,,,,,,,,,2,2,6,1,3
200600060853,0006-10-16 12:30:00,6,10,16,12,30,130,55,ROME (RUE DE),,,Plein jour,En agglomération,Hors intersection,Normale,Autre collision,,,,,,,,,,,1,2,1,1,6
200600060854,0006-10-15 00:30:00,6,10,15,0,30,130,55,", CORNICHE KENNEDY",,,Nuit avec éclairage allumé,En agglomération,Hors intersection,Normale,Deux véhicules - côté,,,,,,,,,,,5,2,1,1,3
200600060855,0006-10-20 08:40:00,6,10,20,8,40,130,55,"00, ORANGE (RUE D')",,,Plein jour,En agglomération,Passage à niveau,Normale,Autre collision,,,,,,,,,,,1,2,8,1,6
200600060856,0006-10-04 13:55:00,6,10,4,13,55,130,26,LAURE (route de),,,Plein jour,Hors agglomération,Hors intersection,Normale,Deux véhicules - côté,,,,,,,,,,,1,1,1,1,3
200600060857,0006-10-04 10:05:00,6,10,4,10,5,130,56,OLIVES CHEMIN DES,,,Plein jour,Hors agglomération,Hors intersection,Normale,Sans collision,,,,,,,,,,,1,1,1,1,7
200600060858,0006-10-18 10:20:00,6,10,18,10,20,130,77,THOREZ MAURICE (avenue),,,Plein jour,En agglomération,Intersection en T,Normale,Deux véhicules - côté,,,,,,,,,,,1,2,3,1,3
200600060859,0006-10-18 17:30:00,6,10,18,17,30,130,77,THOREZ MAURICE (avenue),,,Crépuscule ou aube,En agglomération,Hors intersection,Normale,Deux véhicules - côté,,,,,,,,,,,2,2,1,1,3
200600060860,0006-10-21 19:10:00,6,10,21,19,10,130,39,PINS (Allée des),,,Nuit sans éclairage public,En agglomération,Hors intersection,Normale,Deux véhicules - côté,,,,,,,,,,,3,2,1,1,3
200600060861,0006-10-08 19:10:00,6,10,8,19,10,130,77,THOREZ MAURICE (avenue),,,Nuit avec éclairage allumé,En agglomération,Hors intersection,Normale,Deux véhicules - frontale,,,,,,,,,,,5,2,1,1,1
200600060862,0006-10-23 14:00:00,6,10,23,14,0,130,77,TURENNE (rue),,,Plein jour,En agglomération,Hors intersection,Normale,Deux véhicules - côté,,,,,,,,,,,1,2,1,1,3
200600060863,0006-10-31 17:20:00,6,10,31,17,20,130,39,RN 568,,,Plein jour,Hors agglomération,Hors intersection,Normale,Autre collision,,,,,,,,,,,1,1,1,1,6
200600060864,0006-10-30 07:35:00,6,10,30,7,35,130,39,RN 568,,,Plein jour,Hors agglomération,Hors intersection,Normale,Trois véhicules et plus - en chaîne,,,,,,,,,,,1,1,1,1,4
200600060865,0006-10-06 13:35:00,6,10,6,13,35,130,78,N268 (ROUTE),,,Plein jour,Hors agglomération,Hors intersection,Normale,Deux véhicules - côté,,,,,,,,,,,1,1,1,1,3
200600060866,0006-10-28 11:20:00,6,10,28,11,20,130,78,MAT DE RICCA (CARREFOUR,,,Plein jour,Hors agglomération,Intersection en X,Normale,Deux véhicules - frontale,,,,,,,,,,,1,1,2,1,1
200600060867,0006-10-07 09:40:00,6,10,7,9,40,130,103,BOULEVARD DU ROY RENE,,,Plein jour,En agglomération,Hors intersection,Normale,Deux véhicules - côté,,,,,,,,,,,1,2,1,1,3
200600060868,0006-10-18 19:25:00,6,10,18,19,25,130,103,"571, ALLEES DE CRAPONNE",,,Crépuscule ou aube,En agglomération,Hors intersection,Normale,Deux véhicules - arrière,,,,,,,,,,,2,2,1,1,2
200600060869,0006-10-20 16:06:00,6,10,20,16,6,130,103,"327, RUE CHATEAUREDON",,,Plein jour,En agglomération,Hors intersection,Temps couvert,Autre collision,,,,,,,,,,,1,2,1,8,6
200600060870,0006-10-30 18:10:00,6,10,30,18,10,130,103,BOULEVARDBRIAND -ARISTI,,,Nuit avec éclairage allumé,En agglomération,Intersection en X,Normale,Deux véhicules - côté,,,,,,,,,,,5,2,2,1,3
200600060871,0006-10-29 19:05:00,6,10,29,19,5,130,108,", GAMBETTA (BOULEVARD)",,,Nuit avec éclairage allumé,En agglomération,Hors intersection,Normale,Deux véhicules - arrière,,,,,,,,,,,5,2,1,1,2
200600060872,0006-10-31 19:30:00,6,10,31,19,30,130,108,CD 35 ROUTE DE BOULBON,,,Nuit avec éclairage allumé,En agglomération,Hors intersection,Pluie légère,Trois véhicules et plus - collisions multiples,,,,,,,,,,,5,2,1,2,5
200600060873,0006-10-02 15:45:00,6,10,2,15,45,130,71,"191, MITTERRAND (AVENUE",,,Plein jour,En agglomération,Hors intersection,Normale,Deux véhicules - côté,,,,,,,,,,,1,2,1,1,3
200600060874,0006-10-06 05:00:00,6,10,6,5,0,130,117,FRANCE ( AVENUE DE ),,,Nuit avec éclairage allumé,En agglomération,Intersection en T,Normale,Deux véhicules - frontale,,,,,,,,,,,5,2,3,1,1
200600060875,0006-10-07 06:10:00,6,10,7,6,10,130,71,"14 BIS, MITTERRAND (AVEN",,,Nuit avec éclairage allumé,En agglomération,Hors intersection,Normale,Trois véhicules et plus - collisions multiples,,,,,,,,,,,5,2,1,1,5
200600060876,0006-10-08 22:56:00,6,10,8,22,56,130,71,ROUTE NATIONALE 113 - AG,,,Nuit sans éclairage public,Hors agglomération,Intersection en T,Normale,Deux véhicules - côté,,,,,,,,,,,3,1,3,1,3
200600060877,0006-10-10 07:45:00,6,10,10,7,45,130,71,PTT GAVOTTE (RN 113),,,Plein jour,Hors agglomération,Hors intersection,Normale,Trois véhicules et plus - collisions multiples,,,,,,,,,,,1,1,1,1,5
200600060878,0006-10-12 17:30:00,6,10,12,17,30,130,117,SALYENS ( AVENUE DES ),,,Plein jour,En agglomération,Hors intersection,Normale,Deux véhicules - côté,,,,,,,,,,,1,2,1,1,3
200600060879,0006-10-14 17:00:00,6,10,14,17,0,130,117,MARSEILLE ( AVENUE DE ),,,Plein jour,En agglomération,Hors intersection,Normale,Deux véhicules - arrière,,,,,,,,,,,1,2,1,1,2
200600060880,0006-10-17 11:30:00,6,10,17,11,30,130,71,ROUTE NATIONALE 113 - MO,,,Plein jour,Hors agglomération,Hors intersection,Normale,Deux véhicules - côté,,,,,,,,,,,1,1,1,1,3
200600060881,0006-10-21 09:45:00,6,10,21,9,45,130,117,INDOCHINE( ROND POINT),,,Plein jour,En agglomération,Hors intersection,Normale,Deux véhicules - arrière,,,,,,,,,,,1,2,1,1,2
200600060882,0006-10-21 16:00:00,6,10,21,16,0,130,71,CD 6,,,Plein jour,Hors agglomération,Hors intersection,Normale,Deux véhicules - côté,,,,,,,,,,,1,1,1,1,3