accident_id,datetime,annee,mois,jour,heure,minute,departement,commune_insee,adresse,latitude,longitude,luminosite,agglomeration,intersection,meteo,collision,nb_vehicules,nb_usagers,nb_indemnes,nb_tues,nb_blesses_hosp,nb_blesses_legers,age_cond_1,age_cond_2,veh_type_cond_1,veh_type_cond_2,lum_code,agg_code,int_code,atm_code,col_code
200600060883,0006-10-26 18:50:00,6,10,26,18,50,130,71,ROUTE NATIONALE 113 - MO,,,Crépuscule ou aube,Hors agglomération,Hors intersection,Normale,Deux véhicules - frontale,,,,,,,,,,,2,1,1,1,1
200600060884,0006-10-27 08:30:00,6,10,27,8,30,130,117,CHEMIN DEPARTEMENTAL CD,,,Plein jour,Hors agglomération,Hors intersection,Normale,Deux véhicules - frontale,,,,,,,,,,,1,1,1,1,1
200600060885,0006-10-27 19:40:00,6,10,27,19,40,130,117,SEYSSAUD ( RUE RENE ),,,Nuit avec éclairage allumé,En agglomération,Hors intersection,Normale,Deux véhicules - côté,,,,,,,,,,,5,2,1,1,3
200600060886,0006-10-27 23:05:00,6,10,27,23,5,130,71,BOWLING (CHEMIN DES PENN,,,Nuit sans éclairage public,Hors agglomération,Hors intersection,Normale,Deux véhicules - arrière,,,,,,,,,,,3,1,1,1,2
200600060887,0006-10-03 17:30:00,6,10,3,17,30,140,118,"89, HEROUVILLE (RUE D')",,,Plein jour,En agglomération,Hors intersection,Temps couvert,Autre collision,,,,,,,,,,,1,2,1,8,6
200600060888,0006-10-06 03:15:00,6,10,6,3,15,140,118,"93, CAPONIERE (RUE <=  1",,,Nuit avec éclairage allumé,En agglomération,Hors intersection,Pluie légère,Autre collision,,,,,,,,,,,5,2,1,2,6
200600060889,0006-10-10 18:10:00,6,10,10,18,10,140,341,"1444, BRETTEVILLE (RUE D",,,Plein jour,En agglomération,Hors intersection,Normale,Autre collision,,,,,,,,,,,1,2,1,1,6
200600060890,0006-10-11 17:45:00,6,10,11,17,45,140,118,"55, LION (RUE DE)",,,Plein jour,En agglomération,Hors intersection,Pluie légère,Autre collision,,,,,,,,,,,1,2,1,2,6
200600060891,0006-10-14 14:00:00,6,10,14,14,0,140,301,PASTEUR (RUE),,,Plein jour,En agglomération,Intersection en X,Normale,Trois véhicules et plus - collisions multiples,,,,,,,,,,,1,2,2,1,5
200600060892,0006-10-12 20:20:00,6,10,12,20,20,140,383,", MESNIL (ROUTE DU )",,,Nuit avec éclairage allumé,Hors agglomération,Giratoire,Normale,Deux véhicules - côté,,,,,,,,,,,5,1,6,1,3
200600060893,0006-10-19 08:45:00,6,10,19,8,45,140,118,"17, ROSIERS (RUE DES)",,,Plein jour,En agglomération,Hors intersection,Normale,Autre collision,,,,,,,,,,,1,2,1,1,6
200600060894,0006-10-25 15:50:00,6,10,25,15,50,140,118,JUIN (BOULEVARD MARECHAL,,,Plein jour,En agglomération,Hors intersection,Normale,Deux véhicules - côté,,,,,,,,,,,1,2,1,1,3
200600060895,0006-10-22 15:15:00,6,10,22,15,15,140,341,PROVENCE (RUE DE),,,Plein jour,En agglomération,Giratoire,Normale,Deux véhicules - côté,,,,,,,,,,,1,2,6,1,3
200600060896,0006-10-21 10:10:00,6,10,21,10,10,140,118,CALVADOS (AVENUE DU),,,Plein jour,En agglomération,Intersection en X,Normale,Deux véhicules - côté,,,,,,,,,,,1,2,2,1,3
200600060897,0006-10-25 18:15:00,6,10,25,18,15,140,383,THURY HARCOURT (ROUTE DE,,,Plein jour,Hors agglomération,Hors intersection,Normale,Deux véhicules - frontale,,,,,,,,,,,1,1,1,1,1
200600060898,0006-10-26 12:20:00,6,10,26,12,20,140,118,CREON (RUE DU PONT),,,Plein jour,Hors agglomération,Hors intersection,Normale,Autre collision,,,,,,,,,,,1,1,1,1,6
200600060899,0006-10-25 08:15:00,6,10,25,8,15,140,327,"0, SAVARY (QUARTIER)",,,Crépuscule ou aube,En agglomération,Hors intersection,Normale,Autre collision,,,,,,,,,,,2,2,1,1,6
200600060900,0006-10-28 16:30:00,6,10,28,16,30,140,118,"0, CALMETTE (RUE DOCTEUR",,,Plein jour,En agglomération,Intersection en X,Normale,Deux véhicules - côté,,,,,,,,,,,1,2,2,1,3
200600060901,0006-10-31 14:30:00,6,10,31,14,30,140,566,ROSEL (ROUTE DE ),,,Plein jour,Hors agglomération,Hors intersection,Normale,Deux véhicules - frontale,,,,,,,,,,,1,1,1,1,1
200600060902,0006-10-09 07:30:00,6,10,9,7,30,140,118,"7, DETOLLE (BOULEVARD AN",,,Crépuscule ou aube,En agglomération,Hors intersection,Temps couvert,Autre collision,,,,,,,,,,,2,2,1,8,6
200600060903,0006-10-20 12:20:00,6,10,20,12,20,140,225,SALVADOR ALLENDE (RUE),,,Plein jour,En agglomération,Hors intersection,Normale,Deux véhicules - côté,,,,,,,,,,,1,2,1,1,3
200600060904,0006-10-15 12:00:00,6,10,15,12,0,140,1,LE BOURG,,,Plein jour,En agglomération,Intersection en X,Normale,Deux véhicules - côté,,,,,,,,,,,1,2,2,1,3
200600060905,0006-10-17 02:40:00,6,10,17,2,40,140,304,CD 144 A,,,Nuit sans éclairage public,Hors agglomération,Hors intersection,Normale,Sans collision,,,,,,,,,,,3,1,1,1,7
200600060906,0006-10-21 14:25:00,6,10,21,14,25,140,366,"84, MARECHAL DE LATTRE D",,,Plein jour,En agglomération,Intersection en T,Normale,Deux véhicules - côté,,,,,,,,,,,1,2,3,1,3
200600060907,0006-10-27 18:00:00,6,10,27,18,0,140,366,"0, PARIS (ROUTE DE)",,,Plein jour,En agglomération,Intersection en X,Normale,Deux véhicules - côté,,,,,,,,,,,1,2,2,1,3
200600060908,0006-10-28 18:30:00,6,10,28,18,30,140,366,"23, GENERAL LECLERC (RUE",,,Crépuscule ou aube,En agglomération,Intersection en X,Normale,Deux véhicules - côté,,,,,,,,,,,2,2,2,1,3
200600060909,0006-10-31 20:05:00,6,10,31,20,5,140,487,R.D 579,,,Nuit sans éclairage public,Hors agglomération,Hors intersection,Normale,Deux véhicules - côté,,,,,,,,,,,3,1,1,1,3
200600060910,0006-10-20 17:35:00,6,10,20,17,35,150,14,LASCANAUX (CHEMIN DE),,,Crépuscule ou aube,En agglomération,Hors intersection,Pluie forte,Autre collision,,,,,,,,,,,2,2,1,3,6
200600060911,0006-10-31 12:59:00,6,10,31,12,59,150,14,LESCUDILLIERS (BOULEVARD,,,Plein jour,En agglomération,Hors intersection,Normale,Autre collision,,,,,,,,,,,1,2,1,1,6
200600060912,0006-10-02 18:40:00,6,10,2,18,40,160,374,DE GAULLE (AVENUE DU GEN,,,Plein jour,En agglomération,Hors intersection,Normale,Deux véhicules - côté,,,,,,,,,,,1,2,1,1,3
200600060913,0006-10-04 19:35:00,6,10,4,19,35,160,291,"0, SOUVENIR (RUE DU)",,,Crépuscule ou aube,En agglomération,Hors intersection,Normale,Autre collision,,,,,,,,,,,2,2,1,1,6
200600060914,0006-10-08 11:35:00,6,10,8,11,35,160,154,PARIS (ROUTE DE),,,Plein jour,En agglomération,Intersection en T,Normale,Autre collision,,,,,,,,,,,1,2,3,1,6
200600060915,0006-10-10 17:25:00,6,10,10,17,25,160,15,"300, MONTMOREAU (RUE DE",,,Plein jour,En agglomération,Hors intersection,Normale,Autre collision,,,,,,,,,,,1,2,1,1,6
200600060916,0006-10-05 13:50:00,6,10,5,13,50,160,15,"0, SAINTES (RUE DE)",,,Plein jour,En agglomération,Intersection en T,Normale,Autre collision,,,,,,,,,,,1,2,3,1,6
200600060917,0006-10-11 16:40:00,6,10,11,16,40,160,154,"0, FOUR A CHAUX (RUE DES",,,Plein jour,En agglomération,Giratoire,Normale,Deux véhicules - côté,,,,,,,,,,,1,2,6,1,3
200600060918,0006-10-14 18:50:00,6,10,14,18,50,160,291,"0, CURIE (RUE MADAME)",,,Plein jour,En agglomération,Hors intersection,Normale,Sans collision,,,,,,,,,,,1,2,1,1,7
200600060919,0006-10-14 08:40:00,6,10,14,8,40,160,374,"201, DE GAULLE (AVENUE D",,,Plein jour,En agglomération,Hors intersection,Normale,Autre collision,,,,,,,,,,,1,2,1,1,6
200600060920,0006-10-21 20:20:00,6,10,21,20,20,160,358,SAINT-JEAN-D'ANGELY (ROU,,,Nuit sans éclairage public,Hors agglomération,Hors intersection,Normale,Autre collision,,,,,,,,,,,3,1,1,1,6
200600060921,0006-10-23 07:55:00,6,10,23,7,55,160,154,"0, PARIS (ROUTE DE)",,,Crépuscule ou aube,En agglomération,Intersection en T,Normale,Deux véhicules - côté,,,,,,,,,,,2,2,3,1,3
200600060922,0006-10-30 15:55:00,6,10,30,15,55,160,15,"0, SAINT PIERRE (PLACE)",,,Plein jour,En agglomération,Hors intersection,Normale,Autre collision,,,,,,,,,,,1,2,1,1,6
200600060923,0006-10-30 17:05:00,6,10,30,17,5,160,113,"0, BORDEAUX RD 910 (ROUT",,,Plein jour,En agglomération,Hors intersection,Normale,Autre collision,,,,,,,,,,,1,2,1,1,6
200600060924,0006-10-09 04:35:00,6,10,9,4,35,160,102,"58, SEGONZAC (RUE DE)",,,Nuit avec éclairage allumé,En agglomération,Intersection en X,Normale,Deux véhicules - frontale,,,,,,,,,,,5,2,2,1,1
200600060925,0006-10-24 20:40:00,6,10,24,20,40,160,102,JARNAC (RUE DE),,,Nuit avec éclairage allumé,En agglomération,Intersection en X,Normale,Trois véhicules et plus - collisions multiples,,,,,,,,,,,5,2,2,1,5
200600060926,0006-10-23 18:25:00,6,10,23,18,25,160,102,"24, HENNESSY (QUAIS RICH",,,Crépuscule ou aube,En agglomération,Hors intersection,Normale,Deux véhicules - côté,,,,,,,,,,,2,2,1,1,3
200600060927,0006-10-09 09:00:00,6,10,9,9,0,170,299,"172990064, BREUIL RUE DU",,,Plein jour,En agglomération,Hors intersection,Pluie légère,Deux véhicules - frontale,,,,,,,,,,,1,2,1,2,1
200600060928,0006-10-29 04:55:00,6,10,29,4,55,170,299,"172990299, PONTY AVENUE",,,Nuit avec éclairage allumé,En agglomération,Intersection en T,Normale,Deux véhicules - arrière,,,,,,,,,,,5,2,3,1,2
200600060929,0006-10-01 08:10:00,6,10,1,8,10,170,300,SARTRE   AVENUE JEAN-PAU,,,Plein jour,En agglomération,Hors intersection,Pluie légère,Deux véhicules - frontale,,,,,,,,,,,1,2,1,2,1
200600060930,0006-10-03 10:25:00,6,10,3,10,25,170,300,SARTRE   AVENUE JEAN-PAU,,,Plein jour,En agglomération,Hors intersection,Pluie forte,Deux véhicules - côté,,,,,,,,,,,1,2,1,3,3
200600060931,0006-10-04 08:20:00,6,10,4,8,20,170,300,"10, SCHWEITZER   RUE DU",,,Plein jour,En agglomération,Intersection en Y,Normale,Deux véhicules - côté,,,,,,,,,,,1,2,4,1,3
200600060932,0006-10-07 01:20:00,6,10,7,1,20,170,300,DAME HILAIRE   COURS,,,Nuit sans éclairage public,En agglomération,Intersection en X,Normale,Deux véhicules - côté,,,,,,,,,,,3,2,2,1,3
200600060933,0006-10-07 05:30:00,6,10,7,5,30,170,300,115 PK RN137 JUSTICE ROC,,,Nuit sans éclairage public,Hors agglomération,Hors intersection,Normale,Autre collision,,,,,,,,,,,3,1,1,1,6
200600060934,0006-10-06 08:55:00,6,10,6,8,55,170,291,LIBERATION   RUE DE LA,,,Plein jour,En agglomération,Hors intersection,Normale,Sans collision,,,,,,,,,,,1,2,1,1,7
200600060935,0006-10-07 17:20:00,6,10,7,17,20,170,300,33 PK RN11 NANTES ROCADE,,,Plein jour,Hors agglomération,Hors intersection,Normale,Trois véhicules et plus - en chaîne,,,,,,,,,,,1,1,1,1,4
200600060936,0006-10-09 08:10:00,6,10,9,8,10,170,300,"215, DENFERT-ROCHEREAU",,,Crépuscule ou aube,En agglomération,Hors intersection,Pluie forte,Autre collision,,,,,,,,,,,2,2,1,3,6
200600060937,0006-10-13 00:10:00,6,10,13,0,10,170,200,"2, GAILLARD   RUE GASTON",,,Nuit avec éclairage allumé,En agglomération,Intersection en X,Normale,Autre collision,,,,,,,,,,,5,2,2,1,6
200600060938,0006-10-12 17:40:00,6,10,12,17,40,170,300,"1, VERHAEREN   RUE EMILE",,,Plein jour,En agglomération,Hors intersection,Normale,Deux véhicules - arrière,,,,,,,,,,,1,2,1,1,2
200600060939,0006-10-14 01:45:00,6,10,14,1,45,170,300,"95, GUITON   AVENUE JEAN",,,Nuit avec éclairage allumé,En agglomération,Hors intersection,Normale,Sans collision,,,,,,,,,,,5,2,1,1,7
200600060940,0006-10-14 21:05:00,6,10,14,21,5,170,300,"132, GRASSET   AVENUE ED",,,Nuit avec éclairage allumé,En agglomération,Intersection en T,Normale,Deux véhicules - côté,,,,,,,,,,,5,2,3,1,3
200600060941,0006-10-17 05:55:00,6,10,17,5,55,170,274,"001, JOLIOT-CURIE   AVEN",,,Crépuscule ou aube,En agglomération,Intersection en T,Normale,Deux véhicules - frontale,,,,,,,,,,,2,2,3,1,1
200600060942,0006-10-17 07:00:00,6,10,17,7,0,170,300,09 PK RN237 RE MOULIN JU,,,Crépuscule ou aube,Hors agglomération,Hors intersection,Normale,Sans collision,,,,,,,,,,,2,1,1,1,7
200600060943,0006-10-17 14:10:00,6,10,17,14,10,170,300,09 PK RN237 RE MOULIN JU,,,Plein jour,En agglomération,Hors intersection,Normale,Deux véhicules - arrière,,,,,,,,,,,1,2,1,1,2
200600060944,0006-10-17 17:30:00,6,10,17,17,30,170,300,"52, JUSTICES   RUE DU MO",,,Plein jour,En agglomération,Hors intersection,Normale,Sans collision,,,,,,,,,,,1,2,1,1,7
200600060945,0006-10-19 08:05:00,6,10,19,8,5,170,274,VAUCANSON   RUE DE,,,Plein jour,En agglomération,Hors intersection,Normale,Deux véhicules - arrière,,,,,,,,,,,1,2,1,1,2
200600060946,0006-10-19 16:30:00,6,10,19,16,30,170,200,"001, MOISY   AVENUE DU R",,,Plein jour,En agglomération,Intersection en X,Pluie légère,Deux véhicules - côté,,,,,,,,,,,1,2,2,2,3
200600060947,0006-10-20 13:10:00,6,10,20,13,10,170,28,"2, COMBES   RUE EMILE",,,Plein jour,En agglomération,Intersection en X,Normale,Deux véhicules - côté,,,,,,,,,,,1,2,2,1,3
200600060948,0006-10-20 15:40:00,6,10,20,15,40,170,28,D 939,,,Plein jour,Hors agglomération,Hors intersection,Pluie légère,Deux véhicules - arrière,,,,,,,,,,,1,1,1,2,2
200600060949,0006-10-23 07:55:00,6,10,23,7,55,170,300,"273, CARNOT   AVENUE",,,Plein jour,En agglomération,Hors intersection,Normale,Deux véhicules - côté,,,,,,,,,,,1,2,1,1,3
200600060950,0006-10-24 13:10:00,6,10,24,13,10,170,300,"02, CHATEAU   RUE DU",,,Plein jour,En agglomération,Intersection en T,Normale,Deux véhicules - côté,,,,,,,,,,,1,2,3,1,3
200600060951,0006-10-26 14:55:00,6,10,26,14,55,170,300,JUSTICES   RUE DU MOULIN,,,Plein jour,En agglomération,Hors intersection,Pluie légère,Deux véhicules - côté,,,,,,,,,,,1,2,1,2,3
200600060952,0006-10-27 00:25:00,6,10,27,0,25,170,300,"02, LULLY   RUE JEAN-BAP",,,Nuit avec éclairage allumé,En agglomération,Hors intersection,Normale,Deux véhicules - frontale,,,,,,,,,,,5,2,1,1,1
200600060953,0006-10-27 19:55:00,6,10,27,19,55,170,300,"15, LECLERC   AVENUE DU",,,Nuit avec éclairage allumé,En agglomération,Hors intersection,Normale,Deux véhicules - arrière,,,,,,,,,,,5,2,1,1,2
200600060954,0006-10-28 19:25:00,6,10,28,19,25,170,300,"09, GRANDES VARENNES   A",,,Nuit avec éclairage allumé,En agglomération,Hors intersection,Normale,Autre collision,,,,,,,,,,,5,2,1,1,6
200600060955,0006-10-29 16:40:00,6,10,29,16,40,170,300,REPENTIE   AVENUE DE LA,,,Plein jour,En agglomération,Intersection en T,Normale,Deux véhicules - côté,,,,,,,,,,,1,2,3,1,3
200600060956,0006-10-31 07:45:00,6,10,31,7,45,170,300,"02, COUNEAU   RUE EMILE",,,Crépuscule ou aube,En agglomération,Hors intersection,Normale,Deux véhicules - arrière,,,,,,,,,,,2,2,1,1,2
200600060957,0006-10-31 12:05:00,6,10,31,12,5,170,300,"13, SAUTEL  BOULEVARD AN",,,Plein jour,En agglomération,Hors intersection,Normale,Autre collision,,,,,,,,,,,1,2,1,1,6
200600060958,0006-10-31 17:05:00,6,10,31,17,5,170,300,"15, CARNOT   AVENUE",,,Plein jour,En agglomération,Hors intersection,Normale,Deux véhicules - côté,,,,,,,,,,,1,2,1,1,3
200600060959,0006-10-31 18:45:00,6,10,31,18,45,170,300,"10, MULHOUSE   AVENUE DE",,,Nuit sans éclairage public,En agglomération,Hors intersection,Normale,Deux véhicules - frontale,,,,,,,,,,,3,2,1,1,1
200600060960,0006-10-12 14:15:00,6,10,12,14,15,170,291,"01, FLEURS   RUE DES",,,Plein jour,En agglomération,Hors intersection,Normale,Autre collision,,,,,,,,,,,1,2,1,1,6
200600060961,0006-10-08 15:30:00,6,10,8,15,30,170,306,"0, GAMBETTA",,,Plein jour,En agglomération,Intersection en T,Normale,Deux véhicules - côté,,,,,,,,,,,1,2,3,1,3
200600060962,0006-10-05 08:45:00,6,10,5,8,45,170,415,"53, GARNIER RUE",,,Plein jour,En agglomération,Intersection en X,Pluie légère,Deux véhicules - côté,,,,,,,,,,,1,2,2,2,3
200600060963,0006-10-06 15:25:00,6,10,6,15,25,170,415,"117, SARRAIL RUE DU GENE",,,Plein jour,En agglomération,Hors intersection,Normale,Autre collision,,,,,,,,,,,1,2,1,1,6
200600060964,0006-10-18 13:15:00,6,10,18,13,15,170,415,VARZAY ROUTE DE,,,Plein jour,Hors agglomération,Hors intersection,Normale,Deux véhicules - côté,,,,,,,,,,,1,1,1,1,3
200600060965,0006-10-19 07:08:00,6,10,19,7,8,170,415,CHAMP DE TIR RUE DU,,,Nuit sans éclairage public,En agglomération,Intersection en X,Pluie forte,Deux véhicules - côté,,,,,,,,,,,3,2,2,3,3
200600060966,0006-10-28 05:40:00,6,10,28,5,40,170,415,DOUMER 2 A 102 ROCADE OU,,,Nuit avec éclairage non allumé,En agglomération,Hors intersection,Normale,Autre collision,,,,,,,,,,,4,2,1,1,6
200600060967,0006-10-03 08:45:00,6,10,3,8,45,180,33,"3, GAUCHERE (RUE)",,,Plein jour,En agglomération,Intersection en X,Pluie forte,Autre collision,,,,,,,,,,,1,2,2,3,6
200600060968,0006-10-04 12:15:00,6,10,4,12,15,180,33,"69, FILEUSES (RUE DES)",,,Plein jour,En agglomération,Hors intersection,Normale,Autre collision,,,,,,,,,,,1,2,1,1,6
200600060969,0006-10-11 12:08:00,6,10,11,12,8,180,33,SARREBOURG (RUE DE),,,Plein jour,En agglomération,Hors intersection,Pluie légère,Deux véhicules - côté,,,,,,,,,,,1,2,1,2,3
200600060970,0006-10-13 13:50:00,6,10,13,13,50,180,33,"8, MOROGUES (COUR)",,,Plein jour,En agglomération,Hors intersection,Normale,Sans collision,,,,,,,,,,,1,2,1,1,7
200600060971,0006-10-13 15:55:00,6,10,13,15,55,180,33,"SANS, BAFFIER (RUE JEAN)",,,Plein jour,En agglomération,Hors intersection,Normale,Deux véhicules - côté,,,,,,,,,,,1,2,1,1,3
200600060972,0006-10-20 08:00:00,6,10,20,8,0,180,33,MALLET (RUE LOUIS),,,Crépuscule ou aube,En agglomération,Intersection en T,Pluie légère,Deux véhicules - frontale,,,,,,,,,,,2,2,3,2,1
200600060973,0006-10-21 06:05:00,6,10,21,6,5,180,33,"38, CHEDIN (IMPASSE FELI",,,Nuit sans éclairage public,Hors agglomération,Hors intersection,Pluie légère,Autre collision,,,,,,,,,,,3,1,1,2,6
200600060974,0006-10-20 16:28:00,6,10,20,16,28,180,205,"sans, GAULLE (AVENUE DU",,,Plein jour,En agglomération,Hors intersection,Pluie légère,Deux véhicules - côté,,,,,,,,,,,1,2,1,2,3
200600060975,0006-10-20 18:15:00,6,10,20,18,15,180,33,"SANS, BARBES (RUE)",,,Plein jour,En agglomération,Hors intersection,Normale,Autre collision,,,,,,,,,,,1,2,1,1,6
200600060976,0006-10-20 19:50:00,6,10,20,19,50,180,205,"SANS, ORLEANS (ROUTE D')",,,Nuit sans éclairage public,En agglomération,Hors intersection,Pluie légère,Trois véhicules et plus - en chaîne,,,,,,,,,,,3,2,1,2,4
200600060977,0006-10-20 17:12:00,6,10,20,17,12,180,33,"63 - 65, LATTRE DE TASSI",,,Plein jour,En agglomération,Hors intersection,Normale,Deux véhicules - arrière,,,,,,,,,,,1,2,1,1,2
200600060978,0006-10-27 10:35:00,6,10,27,10,35,180,33,"12, CHARLET (RUE)",,,Plein jour,En agglomération,Intersection en X,Normale,Autre collision,,,,,,,,,,,1,2,2,1,6
200600060979,0006-10-03 13:50:00,6,10,3,13,50,180,279,"60, BRINAY (ROUTE DE)",,,Plein jour,En agglomération,Hors intersection,Pluie forte,Deux véhicules - côté,,,,,,,,,,,1,2,1,3,3
200600060980,0006-10-20 13:55:00,6,10,20,13,55,180,279,GOURDON (RUE),,,Plein jour,En agglomération,Intersection en T,Normale,Deux véhicules - côté,,,,,,,,,,,1,2,3,1,3
200600060981,0006-10-26 13:15:00,6,10,26,13,15,180,279,"70, PONTS ( RUE DES )",,,Plein jour,En agglomération,Hors intersection,Normale,Autre collision,,,,,,,,,,,1,2,1,1,6
200600060982,0006-10-02 09:45:00,6,10,2,9,45,190,31,BUFFET (AVENUE CAPITAINE,,,Plein jour,En agglomération,Intersection en T,Normale,Deux véhicules - côté,,,,,,,,,,,1,2,3,1,3
200600060983,0006-10-02 19:25:00,6,10,2,19,25,190,31,"43, TOULZAC (RUE JEAN BA",,,Plein jour,En agglomération,Hors intersection,Normale,Autre collision,,,,,,,,,,,1,2,1,1,6
200600060984,0006-10-03 18:25:00,6,10,3,18,25,190,31,"6, ROCHE (RUE MARCELIN)",,,Plein jour,En agglomération,Hors intersection,Normale,Trois véhicules et plus - collisions multiples,,,,,,,,,,,1,2,1,1,5
200600060985,0006-10-04 07:20:00,6,10,4,7,20,190,31,MEYSSAC (ROUTE DE),,,Plein jour,En agglomération,Hors intersection,Normale,Sans collision,,,,,,,,,,,1,2,1,1,7
200600060986,0006-10-06 21:00:00,6,10,6,21,0,190,31,PASTEUR (AVENUE),,,Nuit avec éclairage allumé,En agglomération,Intersection en T,Normale,Deux véhicules - frontale,,,,,,,,,,,5,2,3,1,1
200600060987,0006-10-09 10:25:00,6,10,9,10,25,190,31,PICASSO (RUE PABLO),,,Plein jour,En agglomération,Intersection en X,Normale,Deux véhicules - côté,,,,,,,,,,,1,2,2,1,3
200600060988,0006-10-11 12:30:00,6,10,11,12,30,190,31,CLEMENCEAU (BOULEVARD),,,Plein jour,En agglomération,Intersection en X,Normale,Deux véhicules - côté,,,,,,,,,,,1,2,2,1,3
200600060989,0006-10-13 07:00:00,6,10,13,7,0,190,31,BLUM (AVENUE LEON),,,Plein jour,En agglomération,Hors intersection,Normale,Autre collision,,,,,,,,,,,1,2,1,1,6
200600060990,0006-10-19 16:40:00,6,10,19,16,40,190,31,"3, CROUZAT (RUE MARCEL)",,,Plein jour,En agglomération,Hors intersection,Pluie légère,Deux véhicules - côté,,,,,,,,,,,1,2,1,2,3
200600060991,0006-10-20 07:15:00,6,10,20,7,15,190,31,POMPIDOU (AVENUE GEORGES,,,Plein jour,En agglomération,Hors intersection,Pluie légère,Autre collision,,,,,,,,,,,1,2,1,2,6
200600060992,0006-10-20 09:10:00,6,10,20,9,10,190,31,DE JOUVENEL (BOULEVARD H,,,Plein jour,En agglomération,Hors intersection,Normale,Deux véhicules - côté,,,,,,,,,,,1,2,1,1,3
200600060993,0006-10-21 10:10:00,6,10,21,10,10,190,31,"48, ALVITRE (AVENUE ABBE",,,Plein jour,En agglomération,Hors intersection,Normale,Autre collision,,,,,,,,,,,1,2,1,1,6
200600060994,0006-10-25 08:00:00,6,10,25,8,0,190,31,"74, ILE DU ROI (RUE DE L",,,Crépuscule ou aube,En agglomération,Hors intersection,Normale,Autre collision,,,,,,,,,,,2,2,1,1,6
200600060995,0006-10-25 16:00:00,6,10,25,16,0,190,31,FAU (RUE PIERRE),,,Plein jour,En agglomération,Intersection en T,Normale,Deux véhicules - côté,,,,,,,,,,,1,2,3,1,3
200600060996,0006-10-27 07:40:00,6,10,27,7,40,190,31,GERMAIN (BOULEVARD DU CO,,,Crépuscule ou aube,En agglomération,Hors intersection,Normale,Deux véhicules - côté,,,,,,,,,,,2,2,1,1,3
200600060997,0006-10-31 08:25:00,6,10,31,8,25,190,31,"37, PARIS (AVENUE DE)",,,Plein jour,En agglomération,Hors intersection,Normale,Deux véhicules - arrière,,,,,,,,,,,1,2,1,1,2
200600060998,0006-10-31 10:00:00,6,10,31,10,0,190,31,FAURE (RUE ADRIEN ET EVA,,,Plein jour,En agglomération,Hors intersection,Normale,Autre collision,,,,,,,,,,,1,2,1,1,6
200600060999,0006-10-23 09:38:00,6,10,23,9,38,190,272,RD7,,,Plein jour,Hors agglomération,Hors intersection,Temps couvert,Deux véhicules - frontale,,,,,,,,,,,1,1,1,8,1
200600061000,0006-10-04 09:00:00,6,10,4,9,0,210,54,ROCADE EST,,,Plein jour,En agglomération,Intersection en X,Normale,Autre collision,,,,,,,,,,,1,2,2,1,6
200600061001,0006-10-20 10:30:00,6,10,20,10,30,210,54,BOUZE (ANCIENNE ROUTE DE,,,Plein jour,En agglomération,Hors intersection,Pluie légère,Autre collision,,,,,,,,,,,1,2,1,2,6
200600061002,0006-10-20 04:15:00,6,10,20,4,15,210,54,TUVILAINS (CHEMIN DES),,,Nuit sans éclairage public,En agglomération,Intersection en Y,Pluie légère,Autre collision,,,,,,,,,,,3,2,4,2,6
200600061003,0006-10-24 07:25:00,6,10,24,7,25,210,54,CHALLANGES (ROUTE DE),,,Crépuscule ou aube,En agglomération,Intersection en X,Normale,Deux véhicules - côté,,,,,,,,,,,2,2,2,1,3
200600061004,0006-10-24 10:20:00,6,10,24,10,20,210,54,"137, DIJON (ROUTE DE)",,,Plein jour,En agglomération,Hors intersection,Normale,Autre collision,,,,,,,,,,,1,2,1,1,6
200600061005,0006-10-02 16:35:00,6,10,2,16,35,210,231,"52, AUXONNE (D') (RUE)",,,Plein jour,En agglomération,Hors intersection,Normale,Deux véhicules - arrière,,,,,,,,,,,1,2,1,1,2
200600061006,0006-10-02 19:50:00,6,10,2,19,50,210,231,GRAY (DE) (RUE),,,Nuit avec éclairage allumé,En agglomération,Intersection en X,Normale,Autre collision,,,,,,,,,,,5,2,2,1,6
200600061007,0006-10-05 18:10:00,6,10,5,18,10,210,231,"8, MIRANDE (DE) (RUE)",,,Plein jour,En agglomération,Intersection en X,Temps couvert,Deux véhicules - arrière,,,,,,,,,,,1,2,2,8,2
200600061008,0006-10-06 13:05:00,6,10,6,13,5,210,231,"55, MULHOUSE (DE) (RUE)",,,Plein jour,En agglomération,Intersection en X,Temps couvert,Deux véhicules - côté,,,,,,,,,,,1,2,2,8,3
200600061009,0006-10-11 07:38:00,6,10,11,7,38,210,231,CORVEE (DE LA) (RUE),,,Crépuscule ou aube,En agglomération,Intersection en X,Brouillard / fumée,Deux véhicules - côté,,,,,,,,,,,2,2,2,5,3
200600061010,0006-10-11 07:56:00,6,10,11,7,56,210,231,"14, JARDIN DES PLANTES (",,,Plein jour,En agglomération,Hors intersection,Normale,Deux véhicules - arrière,,,,,,,,,,,1,2,1,1,2
200600061011,0006-10-11 10:05:00,6,10,11,10,5,210,231,MARC SEGUIN (RUE),,,Plein jour,En agglomération,Intersection en T,Normale,Deux véhicules - côté,,,,,,,,,,,1,2,3,1,3
200600061012,0006-10-11 13:50:00,6,10,11,13,50,210,166,"48, LONGVIC (DE) (RUE)",,,Plein jour,En agglomération,Intersection en T,Normale,Deux véhicules - côté,,,,,,,,,,,1,2,3,1,3
200600061013,0006-10-11 18:57:00,6,10,11,18,57,210,231,"29b, THIERS (BOULEVARD)",,,Crépuscule ou aube,En agglomération,Intersection en T,Normale,Deux véhicules - arrière,,,,,,,,,,,2,2,3,1,2