accident_id,datetime,annee,mois,jour,heure,minute,departement,commune_insee,adresse,latitude,longitude,luminosite,agglomeration,intersection,meteo,collision,nb_vehicules,nb_usagers,nb_indemnes,nb_tues,nb_blesses_hosp,nb_blesses_legers,age_cond_1,age_cond_2,veh_type_cond_1,veh_type_cond_2,lum_code,agg_code,int_code,atm_code,col_code
200600061144,0006-10-13 14:10:00,6,10,13,14,10,270,701,FALAISES (ROUTE DES) MAI,,,Plein jour,En agglomération,Hors intersection,Normale,Deux véhicules - côté,,,,,,,,,,,1,2,1,1,3
200600061145,0006-10-18 12:15:00,6,10,18,12,15,270,351,"01, FRINGALE (RUE DE LA)",,,Plein jour,En agglomération,Hors intersection,Normale,Deux véhicules - arrière,,,,,,,,,,,1,2,1,1,2
200600061146,0006-10-19 17:55:00,6,10,19,17,55,270,701,LOUVIERS (ROUTE DE) BLAN,,,Plein jour,En agglomération,Hors intersection,Normale,Sans collision,,,,,,,,,,,1,2,1,1,7
200600061147,0006-10-21 00:50:00,6,10,21,0,50,270,375,"102, SAINT HILDEVERT (RU",,,Nuit avec éclairage allumé,En agglomération,Hors intersection,Normale,Autre collision,,,,,,,,,,,5,2,1,1,6
200600061148,0006-10-30 17:45:00,6,10,30,17,45,270,375,"41, CHURCHILL (AVENUE WI",,,Nuit avec éclairage allumé,En agglomération,Hors intersection,Normale,Deux véhicules - frontale,,,,,,,,,,,5,2,1,1,1
200600061149,0006-10-31 17:50:00,6,10,31,17,50,270,701,"0, ANDELLE (CHAUSSEE D')",,,Nuit sans éclairage public,Hors agglomération,Hors intersection,Normale,Sans collision,,,,,,,,,,,3,1,1,1,7
200600061150,0006-10-31 20:50:00,6,10,31,20,50,270,681,ROUTE DEPARTEMENTALE 313,,,Nuit sans éclairage public,En agglomération,Hors intersection,Pluie légère,Autre collision,,,,,,,,,,,3,2,1,2,6
200600061151,0006-10-03 11:40:00,6,10,3,11,40,270,681,JAURES (BOULEVARD JAURES,,,Plein jour,En agglomération,Giratoire,Normale,Autre collision,,,,,,,,,,,1,2,6,1,6
200600061152,0006-10-25 09:25:00,6,10,25,9,25,270,681,MENDES FRANCE (AVENUE PI,,,Plein jour,En agglomération,Hors intersection,Normale,Autre collision,,,,,,,,,,,1,2,1,1,6
200600061153,0006-10-03 15:00:00,6,10,3,15,0,280,218,"SANS, EUROPE (AVENUE DE",,,Plein jour,En agglomération,Hors intersection,Pluie légère,Autre collision,,,,,,,,,,,1,2,1,2,6
200600061154,0006-10-07 04:50:00,6,10,7,4,50,280,85,"SANS, FOULERIE (RUE DE L",,,Nuit avec éclairage allumé,En agglomération,Hors intersection,Normale,Autre collision,,,,,,,,,,,5,2,1,1,6
200600061155,0006-10-09 13:10:00,6,10,9,13,10,280,85,"SANS, CHAISES (RUE DES)",,,Plein jour,En agglomération,Hors intersection,Normale,Autre collision,,,,,,,,,,,1,2,1,1,6
200600061156,0006-10-14 15:25:00,6,10,14,15,25,280,85,"sans, MERMOZ (RUE JEAN)",,,Plein jour,En agglomération,Hors intersection,Normale,Deux véhicules - arrière,,,,,,,,,,,1,2,1,1,2
200600061157,0006-10-16 07:40:00,6,10,16,7,40,280,209,"SANS, RN 154",,,Crépuscule ou aube,Hors agglomération,Hors intersection,Normale,Deux véhicules - côté,,,,,,,,,,,2,1,1,1,3
200600061158,0006-10-16 09:15:00,6,10,16,9,15,280,85,"SANS, ROUTE NATIONALE 12",,,Plein jour,Hors agglomération,Hors intersection,Normale,Autre collision,,,,,,,,,,,1,1,1,1,6
200600061159,0006-10-16 17:35:00,6,10,16,17,35,280,85,"SANS, EPARS (PLACE DES)",,,Plein jour,En agglomération,Hors intersection,Normale,Deux véhicules - arrière,,,,,,,,,,,1,2,1,1,2
200600061160,0006-10-20 18:00:00,6,10,20,18,0,280,85,"SANS, CHASLES (BOULEVARD",,,Plein jour,En agglomération,Hors intersection,Normale,Autre collision,,,,,,,,,,,1,2,1,1,6
200600061161,0006-10-01 16:10:00,6,10,1,16,10,280,134,"7, PARISIS (RUE)",,,Plein jour,En agglomération,Intersection en T,Normale,Autre collision,,,,,,,,,,,1,2,3,1,6
200600061162,0006-10-08 13:30:00,6,10,8,13,30,280,134,ORIELS (RUE DES),,,Plein jour,En agglomération,Hors intersection,Normale,Deux véhicules - côté,,,,,,,,,,,1,2,1,1,3
200600061163,0006-10-14 08:30:00,6,10,14,8,30,280,404,TORCAY (RUE DE),,,Plein jour,En agglomération,Intersection en X,Normale,Deux véhicules - côté,,,,,,,,,,,1,2,2,1,3
200600061164,0006-10-14 17:00:00,6,10,14,17,0,280,404,ROME (RUE DE),,,Plein jour,En agglomération,Hors intersection,Normale,Autre collision,,,,,,,,,,,1,2,1,1,6
200600061165,0006-10-15 19:11:00,6,10,15,19,11,280,404,ROCADE OUEST,,,Plein jour,Hors agglomération,Hors intersection,Normale,Sans collision,,,,,,,,,,,1,1,1,1,7
200600061166,0006-10-15 19:15:00,6,10,15,19,15,280,134,EUROPE (BOULEVARD DE L'),,,Crépuscule ou aube,En agglomération,Intersection en T,Normale,Deux véhicules - côté,,,,,,,,,,,2,2,3,1,3
200600061167,0006-10-20 16:45:00,6,10,20,16,45,280,134,ROCADE EST,,,Plein jour,En agglomération,Hors intersection,Normale,Trois véhicules et plus - collisions multiples,,,,,,,,,,,1,2,1,1,5
200600061168,0006-10-21 01:40:00,6,10,21,1,40,280,134,RN 12 (ARCHE DU GAZON),,,Nuit sans éclairage public,Hors agglomération,Intersection en T,Autre,Autre collision,,,,,,,,,,,3,1,3,9,6
200600061169,0006-10-29 11:30:00,6,10,29,11,30,280,404,ROCADE OUEST,,,Plein jour,En agglomération,Giratoire,Pluie légère,Autre collision,,,,,,,,,,,1,2,6,2,6
200600061170,0006-10-01 03:30:00,6,10,1,3,30,290,19,"., PRIGENT TANGUY (RP CA",,,Nuit avec éclairage allumé,En agglomération,Hors intersection,Pluie légère,Sans collision,,,,,,,,,,,5,2,1,2,7
200600061171,0006-10-03 21:25:00,6,10,3,21,25,290,19,"44, SAINT EXUPERY (DE 17",,,Nuit avec éclairage allumé,En agglomération,Hors intersection,Normale,Autre collision,,,,,,,,,,,5,2,1,1,6
200600061172,0006-10-06 07:45:00,6,10,6,7,45,290,19,"67, LOUPPE ALBERT (DE 1",,,Crépuscule ou aube,En agglomération,Hors intersection,Pluie légère,Deux véhicules - arrière,,,,,,,,,,,2,2,1,2,2
200600061173,0006-10-09 08:15:00,6,10,9,8,15,290,19,"., GOUESNOU (DE 43 A 219",,,Plein jour,En agglomération,Intersection en T,Normale,Autre collision,,,,,,,,,,,1,2,3,1,6
200600061174,0006-10-09 09:10:00,6,10,9,9,10,290,19,"., PIDOUX LOUIS",,,Plein jour,En agglomération,Intersection en X,Normale,Deux véhicules - côté,,,,,,,,,,,1,2,2,1,3
200600061175,0006-10-09 09:50:00,6,10,9,9,50,290,19,"10, MICHELET JULES",,,Plein jour,En agglomération,Hors intersection,Normale,Autre collision,,,,,,,,,,,1,2,1,1,6
200600061176,0006-10-10 17:40:00,6,10,10,17,40,290,19,"., PRIGENT TANGUY (RP CA",,,Plein jour,En agglomération,Intersection en X,Normale,Deux véhicules - côté,,,,,,,,,,,1,2,2,1,3
200600061177,0006-10-11 12:15:00,6,10,11,12,15,290,19,"., QUIMPER (DE 1 A 103 E",,,Plein jour,En agglomération,Intersection en X,Normale,Deux véhicules - côté,,,,,,,,,,,1,2,2,1,3
200600061178,0006-10-11 18:00:00,6,10,11,18,0,290,19,"., BEREST EUGENE",,,Plein jour,En agglomération,Hors intersection,Normale,Autre collision,,,,,,,,,,,1,2,1,1,6
200600061179,0006-10-13 07:50:00,6,10,13,7,50,290,19,"35, MOULIN JEAN (DE 11 A",,,Crépuscule ou aube,En agglomération,Intersection en X,Normale,Deux véhicules - côté,,,,,,,,,,,2,2,2,1,3
200600061180,0006-10-15 21:25:00,6,10,15,21,25,290,19,"., BLUM LEON",,,Nuit avec éclairage allumé,En agglomération,Intersection en X,Normale,Autre collision,,,,,,,,,,,5,2,2,1,6
200600061181,0006-10-16 19:10:00,6,10,16,19,10,290,19,"., BOUGAINVILLE",,,Plein jour,En agglomération,Intersection en T,Normale,Autre collision,,,,,,,,,,,1,2,3,1,6
200600061182,0006-10-17 12:00:00,6,10,17,12,0,290,19,"33, MONTAIGNE (DE 1 A 37",,,Plein jour,En agglomération,Intersection en X,Pluie légère,Autre collision,,,,,,,,,,,1,2,2,2,6
200600061183,0006-10-17 16:55:00,6,10,17,16,55,290,19,"., CONQUET",,,Plein jour,En agglomération,Intersection en X,Normale,Deux véhicules - côté,,,,,,,,,,,1,2,2,1,3
200600061184,0006-10-17 18:55:00,6,10,17,18,55,290,19,"20, LE GORGEU (N°ENTRE T",,,Plein jour,En agglomération,Hors intersection,Normale,Trois véhicules et plus - en chaîne,,,,,,,,,,,1,2,1,1,4
200600061185,0006-10-18 17:55:00,6,10,18,17,55,290,19,"., CLEMENCEAU GEORGES (D",,,Plein jour,En agglomération,Hors intersection,Normale,Autre collision,,,,,,,,,,,1,2,1,1,6
200600061186,0006-10-18 18:00:00,6,10,18,18,0,290,19,"46, LYON (DE 30 ET 35 A",,,Plein jour,En agglomération,Intersection en X,Normale,Autre collision,,,,,,,,,,,1,2,2,1,6
200600061187,0006-10-18 23:50:00,6,10,18,23,50,290,19,"., FRANCE ANATOLE (DE 55",,,Nuit avec éclairage allumé,En agglomération,Intersection en X,Normale,Deux véhicules - côté,,,,,,,,,,,5,2,2,1,3
200600061188,0006-10-19 20:15:00,6,10,19,20,15,290,19,"., PROVENCE (AVENUE ET R",,,Crépuscule ou aube,En agglomération,Intersection en T,Normale,Autre collision,,,,,,,,,,,2,2,3,1,6
200600061189,0006-10-20 20:35:00,6,10,20,20,35,290,19,"., EUROPE (RUE GAL PAULE",,,Nuit avec éclairage non allumé,En agglomération,Intersection en X,Normale,Deux véhicules - côté,,,,,,,,,,,4,2,2,1,3
200600061190,0006-10-20 20:46:00,6,10,20,20,46,290,19,"., KER HEOL",,,Nuit avec éclairage allumé,En agglomération,Hors intersection,Normale,Autre collision,,,,,,,,,,,5,2,1,1,6
200600061191,0006-10-20 15:25:00,6,10,20,15,25,290,19,"., DOURJACQ",,,Plein jour,En agglomération,Intersection en T,Normale,Deux véhicules - arrière,,,,,,,,,,,1,2,3,1,2
200600061192,0006-10-21 16:00:00,6,10,21,16,0,290,19,"., LEVOT",,,Plein jour,En agglomération,Intersection en X,Normale,Deux véhicules - côté,,,,,,,,,,,1,2,2,1,3
200600061193,0006-10-21 20:45:00,6,10,21,20,45,290,19,"., EUROPE (DE 161 A 199)",,,Nuit avec éclairage allumé,En agglomération,Intersection en X,Pluie légère,Deux véhicules - frontale,,,,,,,,,,,5,2,2,2,1
200600061194,0006-10-21 20:10:00,6,10,21,20,10,290,19,"22, GENETS",,,Nuit avec éclairage allumé,En agglomération,Hors intersection,Pluie forte,Deux véhicules - côté,,,,,,,,,,,5,2,1,3,3
200600061195,0006-10-22 13:15:00,6,10,22,13,15,290,19,"., STRASBOURG (PLACE)",,,Plein jour,En agglomération,Hors intersection,Pluie légère,Trois véhicules et plus - en chaîne,,,,,,,,,,,1,2,1,2,4
200600061196,0006-10-25 20:50:00,6,10,25,20,50,290,19,"., INKERMANN",,,Nuit avec éclairage allumé,En agglomération,Intersection en X,Normale,Deux véhicules - côté,,,,,,,,,,,5,2,2,1,3
200600061197,0006-10-27 17:50:00,6,10,27,17,50,290,19,GLASGOW (DE 1 A 9 ET 2 A,,,Plein jour,En agglomération,Intersection en X,Normale,Autre collision,,,,,,,,,,,1,2,2,1,6
200600061198,0006-10-28 12:45:00,6,10,28,12,45,290,19,SAINT MARTIN (5 ET 6 A F,,,Plein jour,En agglomération,Place,Normale,Autre collision,,,,,,,,,,,1,2,7,1,6
200600061199,0006-10-28 15:50:00,6,10,28,15,50,290,19,"., JAURES JEAN (DE 239 E",,,Plein jour,En agglomération,Intersection en T,Normale,Deux véhicules - côté,,,,,,,,,,,1,2,3,1,3
200600061200,0006-10-29 20:15:00,6,10,29,20,15,290,19,"76, LOSCOAT",,,Nuit avec éclairage non allumé,En agglomération,Hors intersection,Pluie légère,Autre collision,,,,,,,,,,,4,2,1,2,6
200600061201,0006-10-29 04:30:00,6,10,29,4,30,290,19,"., SALAUN PENQUER",,,Nuit avec éclairage allumé,En agglomération,Hors intersection,Pluie légère,Autre collision,,,,,,,,,,,5,2,1,2,6
200600061202,0006-10-27 13:15:00,6,10,27,13,15,290,19,"., HUIT MAI 1945 (DE 2 A",,,Plein jour,En agglomération,Intersection en X,Normale,Deux véhicules - côté,,,,,,,,,,,1,2,2,1,3
200600061203,0006-10-31 18:30:00,6,10,31,18,30,290,19,"25, FOCH MARECHAL",,,Nuit avec éclairage allumé,En agglomération,Hors intersection,Normale,Autre collision,,,,,,,,,,,5,2,1,1,6
200600061204,0006-10-18 15:55:00,6,10,18,15,55,290,39,RD 783,,,Plein jour,Hors agglomération,Hors intersection,Normale,Deux véhicules - frontale,,,,,,,,,,,1,1,1,1,1
200600061205,0006-10-30 14:20:00,6,10,30,14,20,290,39,AIGUILLON (QUAI DE L'),,,Plein jour,En agglomération,Hors intersection,Normale,Autre collision,,,,,,,,,,,1,2,1,1,6
200600061206,0006-10-01 07:20:00,6,10,1,7,20,290,151,EXPRESS RN 12 (VOIE),,,Nuit sans éclairage public,Hors agglomération,Hors intersection,Pluie légère,Sans collision,,,,,,,,,,,3,1,1,2,7
200600061207,0006-10-15 05:00:00,6,10,15,5,0,290,151,"07, DE GAULLE (PLACE DU",,,Nuit avec éclairage allumé,En agglomération,Hors intersection,Normale,Autre collision,,,,,,,,,,,5,2,1,1,6
200600061208,0006-10-19 15:05:00,6,10,19,15,5,290,151,EXPRESS RN 12 (VOIE),,,Plein jour,Hors agglomération,Hors intersection,Pluie forte,Sans collision,,,,,,,,,,,1,1,1,3,7
200600061209,0006-10-03 10:50:00,6,10,3,10,50,290,232,"8, PREFET COLLIGNON RUE",,,Plein jour,En agglomération,Hors intersection,Normale,Autre collision,,,,,,,,,,,1,2,1,1,6
200600061210,0006-10-07 21:15:00,6,10,7,21,15,290,232,"., LIBERATION AVENUE DE",,,Nuit avec éclairage allumé,En agglomération,Hors intersection,Normale,Autre collision,,,,,,,,,,,5,2,1,1,6
200600061211,0006-10-13 08:34:00,6,10,13,8,34,290,232,"1, BREST RUE DE",,,Crépuscule ou aube,En agglomération,Hors intersection,Normale,Autre collision,,,,,,,,,,,2,2,1,1,6
200600061212,0006-10-21 12:48:00,6,10,21,12,48,290,232,"0, FRUGY RUE DU",,,Plein jour,Hors agglomération,Intersection en T,Normale,Autre collision,,,,,,,,,,,1,1,3,1,6
200600061213,0006-10-25 13:45:00,6,10,25,13,45,290,232,"531, HIPPODROME RUE DE L",,,Plein jour,Hors agglomération,Hors intersection,Pluie légère,Autre collision,,,,,,,,,,,1,1,1,2,6
200600061214,0006-10-27 10:17:00,6,10,27,10,17,290,232,"0, SAINT ALOR RUE",,,Plein jour,Hors agglomération,Hors intersection,Normale,Autre collision,,,,,,,,,,,1,1,1,1,6
200600061215,0006-10-10 10:55:00,6,10,10,10,55,300,7,DUMAS (AVE JEAN-BAPTISTE,,,Plein jour,En agglomération,Hors intersection,Normale,Deux véhicules - côté,,,,,,,,,,,1,2,1,1,3
200600061216,0006-10-16 20:00:00,6,10,16,20,0,300,7,"., HUIT MAI 1945 (QUAI D",,,Nuit avec éclairage allumé,En agglomération,Hors intersection,Normale,Deux véhicules - frontale,,,,,,,,,,,5,2,1,1,1
200600061217,0006-10-18 00:15:00,6,10,18,0,15,300,7,"., ONZE NOVEMBRE 1918 (Q",,,Nuit avec éclairage allumé,En agglomération,Intersection en X,Normale,Deux véhicules - frontale,,,,,,,,,,,5,2,2,1,1
200600061218,0006-10-20 14:07:00,6,10,20,14,7,300,7,"., NEUF (PONT)",,,Plein jour,En agglomération,Hors intersection,Normale,Deux véhicules - arrière,,,,,,,,,,,1,2,1,1,2
200600061219,0006-10-22 02:35:00,6,10,22,2,35,300,7,"., MONTPELLIER (ROUTE)",,,Nuit avec éclairage allumé,En agglomération,Hors intersection,Normale,Deux véhicules - côté,,,,,,,,,,,5,2,1,1,3
200600061220,0006-10-22 15:05:00,6,10,22,15,5,300,7,"., MONGE (AVENUE)",,,Plein jour,Hors agglomération,Hors intersection,Normale,Trois véhicules et plus - collisions multiples,,,,,,,,,,,1,1,1,1,5
200600061221,0006-10-04 10:50:00,6,10,4,10,50,300,28,LEON BLUM (AVENUE),,,Plein jour,En agglomération,Hors intersection,Normale,Autre collision,,,,,,,,,,,1,2,1,1,6
200600061222,0006-10-11 10:10:00,6,10,11,10,10,300,28,THEODORE LACOMBE (BOULEV,,,Plein jour,En agglomération,Hors intersection,Normale,Autre collision,,,,,,,,,,,1,2,1,1,6
200600061223,0006-10-17 13:40:00,6,10,17,13,40,300,28,CAPORAL PIERRE GAYTE (RU,,,Plein jour,En agglomération,Intersection en X,Normale,Deux véhicules - côté,,,,,,,,,,,1,2,2,1,3
200600061224,0006-10-17 08:35:00,6,10,17,8,35,300,28,"521, PONT SAINT ESPRIT (",,,Plein jour,En agglomération,Hors intersection,Normale,Deux véhicules - côté,,,,,,,,,,,1,2,1,1,3
200600061225,0006-10-24 18:50:00,6,10,24,18,50,300,28,ANCYSE (AVENUE DEL'),,,Plein jour,En agglomération,Intersection en T,Normale,Deux véhicules - côté,,,,,,,,,,,1,2,3,1,3
200600061226,0006-10-21 10:50:00,6,10,21,10,50,300,28,ROUTE DE PONT SAINT ESPR,,,Plein jour,En agglomération,Intersection en T,Temps couvert,Deux véhicules - côté,,,,,,,,,,,1,2,3,8,3
200600061227,0006-10-29 10:30:00,6,10,29,10,30,300,28,ROGER SALENGRO (AVENUE),,,Plein jour,En agglomération,Intersection en T,Normale,Deux véhicules - côté,,,,,,,,,,,1,2,3,1,3
200600061228,0006-10-17 09:00:00,6,10,17,9,0,300,32,ROUTE DE BELLEGARDE (C.D,,,Plein jour,Hors agglomération,Hors intersection,Normale,Deux véhicules - côté,,,,,,,,,,,1,1,1,1,3
200600061229,0006-10-20 07:00:00,6,10,20,7,0,300,32,JEAN MONNET,,,Nuit sans éclairage public,En agglomération,Hors intersection,Normale,Deux véhicules - arrière,,,,,,,,,,,3,2,1,1,2
200600061230,0006-10-27 20:00:00,6,10,27,20,0,300,32,"45, EUGENE VIGNE",,,Nuit avec éclairage allumé,En agglomération,Hors intersection,Normale,Autre collision,,,,,,,,,,,5,2,1,1,6
200600061231,0006-10-02 10:04:00,6,10,2,10,4,300,189,"..., BOEGNER PASTEUR MAR",,,Plein jour,En agglomération,Hors intersection,Normale,Deux véhicules - arrière,,,,,,,,,,,1,2,1,1,2
200600061232,0006-10-02 10:56:00,6,10,2,10,56,300,189,"52, BEAUCAIRE (RUE)",,,Plein jour,En agglomération,Hors intersection,Temps couvert,Autre collision,,,,,,,,,,,1,2,1,8,6
200600061233,0006-10-02 16:25:00,6,10,2,16,25,300,189,"126 B, SAUVE (ROUTE)",,,Plein jour,En agglomération,Hors intersection,Normale,Deux véhicules - arrière,,,,,,,,,,,1,2,1,1,2
200600061234,0006-10-03 12:10:00,6,10,3,12,10,300,189,"...., CIRQUE ROMAIN (RUE",,,Plein jour,En agglomération,Hors intersection,Normale,Autre collision,,,,,,,,,,,1,2,1,1,6
200600061235,0006-10-03 13:07:00,6,10,3,13,7,300,189,"., BEAUCAIRE (ROUTE)",,,Plein jour,En agglomération,Intersection en T,Normale,Autre collision,,,,,,,,,,,1,2,3,1,6
200600061236,0006-10-04 08:24:00,6,10,4,8,24,300,189,"100, MAS DE CHEYLON",,,Plein jour,En agglomération,Hors intersection,Normale,Deux véhicules - côté,,,,,,,,,,,1,2,1,1,3
200600061237,0006-10-06 08:55:00,6,10,6,8,55,300,189,"164, SAUVE (ROUTE)",,,Plein jour,En agglomération,Hors intersection,Normale,Trois véhicules et plus - en chaîne,,,,,,,,,,,1,2,1,1,4
200600061238,0006-10-06 16:50:00,6,10,6,16,50,300,189,MONTPELLIER (ROUTE DE),,,Plein jour,En agglomération,Hors intersection,Normale,Trois véhicules et plus - collisions multiples,,,,,,,,,,,1,2,1,1,5
200600061239,0006-10-06 21:20:00,6,10,6,21,20,300,189,"., ARNAVIEILLE (RUE)",,,Nuit avec éclairage allumé,En agglomération,Hors intersection,Normale,Deux véhicules - frontale,,,,,,,,,,,5,2,1,1,1
200600061240,0006-10-07 12:40:00,6,10,7,12,40,300,189,"....., JAURES JEAN (BOUL",,,Plein jour,En agglomération,Hors intersection,Normale,Autre collision,,,,,,,,,,,1,2,1,1,6
200600061241,0006-10-07 16:00:00,6,10,7,16,0,300,189,"., MAS DE BALAN (CHEMIN)",,,Plein jour,En agglomération,Hors intersection,Normale,Deux véhicules - arrière,,,,,,,,,,,1,2,1,1,2
200600061242,0006-10-08 16:30:00,6,10,8,16,30,300,189,"147, SAUVE (ROUTE)",,,Plein jour,En agglomération,Hors intersection,Normale,Deux véhicules - arrière,,,,,,,,,,,1,2,1,1,2
200600061243,0006-10-08 19:30:00,6,10,8,19,30,300,189,"., TRIAIRE SERGENT (BOUL",,,Crépuscule ou aube,En agglomération,Hors intersection,Normale,Deux véhicules - frontale,,,,,,,,,,,2,2,1,1,1
200600061244,0006-10-09 05:53:00,6,10,9,5,53,300,189,"..., BEAUCAIRE (ROUTE)",,,Nuit sans éclairage public,Hors agglomération,Giratoire,Temps couvert,Deux véhicules - arrière,,,,,,,,,,,3,1,6,8,2
200600061245,0006-10-09 16:12:00,6,10,9,16,12,300,189,"., ABRIVADO (RUE)",,,Plein jour,En agglomération,Intersection en T,Normale,Deux véhicules - arrière,,,,,,,,,,,1,2,3,1,2
200600061246,0006-10-10 17:05:00,6,10,10,17,5,300,189,TRIAIRE SERGENT (BOULEVA,,,Plein jour,En agglomération,Hors intersection,Normale,Sans collision,,,,,,,,,,,1,2,1,1,7
200600061247,0006-10-12 06:15:00,6,10,12,6,15,300,189,"., BIENFAISANCE (RUE)",,,Nuit avec éclairage allumé,En agglomération,Intersection en X,Normale,Deux véhicules - côté,,,,,,,,,,,5,2,2,1,3
200600061248,0006-10-13 09:25:00,6,10,13,9,25,300,189,"05, POMPIDOU GEORGES (AV",,,Plein jour,En agglomération,Hors intersection,Normale,Trois véhicules et plus - en chaîne,,,,,,,,,,,1,2,1,1,4
200600061249,0006-10-13 17:58:00,6,10,13,17,58,300,189,ALLENDE SALVADOR (RUE),,,Plein jour,En agglomération,Hors intersection,Normale,Deux véhicules - arrière,,,,,,,,,,,1,2,1,1,2
200600061250,0006-10-14 04:52:00,6,10,14,4,52,300,189,"., SAINTE PERPETUE (RUE)",,,Nuit avec éclairage allumé,En agglomération,Intersection en X,Normale,Sans collision,,,,,,,,,,,5,2,2,1,7
200600061251,0006-10-14 14:12:00,6,10,14,14,12,300,189,ALES (ROUTE),,,Plein jour,Hors agglomération,Hors intersection,Normale,Sans collision,,,,,,,,,,,1,1,1,1,7
200600061252,0006-10-15 15:35:00,6,10,15,15,35,300,189,"., JAURES JEAN (BOULEVAR",,,Plein jour,En agglomération,Hors intersection,Normale,Deux véhicules - côté,,,,,,,,,,,1,2,1,1,3
200600061253,0006-10-14 15:39:00,6,10,14,15,39,300,189,CASTORAMA,,,Plein jour,En agglomération,Hors intersection,Normale,Autre collision,,,,,,,,,,,1,2,1,1,6
200600061254,0006-10-16 18:39:00,6,10,16,18,39,300,189,"., MATISSE (RUE)",,,Plein jour,En agglomération,Hors intersection,Normale,Autre collision,,,,,,,,,,,1,2,1,1,6
200600061255,0006-10-17 07:57:00,6,10,17,7,57,300,189,"., POMPIDOU GEORGES (AVE",,,Plein jour,En agglomération,Hors intersection,Normale,Deux véhicules - arrière,,,,,,,,,,,1,2,1,1,2
200600061256,0006-10-18 18:30:00,6,10,18,18,30,300,189,"., JAURES JEAN (BOULEVAR",,,Crépuscule ou aube,En agglomération,Hors intersection,Normale,Autre collision,,,,,,,,,,,2,2,1,1,6
200600061257,0006-10-18 18:55:00,6,10,18,18,55,300,189,"., ECKMUHL (IMPASSE)",,,Nuit sans éclairage public,En agglomération,Intersection en X,Pluie légère,Deux véhicules - frontale,,,,,,,,,,,3,2,2,2,1
200600061258,0006-10-18 19:20:00,6,10,18,19,20,300,189,".., KENNEDY (AVENUE)",,,Nuit avec éclairage allumé,En agglomération,Giratoire,Pluie légère,Deux véhicules - arrière,,,,,,,,,,,5,2,6,2,2
200600061259,0006-10-19 12:26:00,6,10,19,12,26,300,189,"82, BOUVINE (AVENUE)",,,Plein jour,En agglomération,Hors intersection,Normale,Autre collision,,,,,,,,,,,1,2,1,1,6
200600061260,0006-10-19 07:55:00,6,10,19,7,55,300,189,"69, UZES (ROUTE D')",,,Plein jour,En agglomération,Hors intersection,Normale,Deux véhicules - arrière,,,,,,,,,,,1,2,1,1,2
200600061261,0006-10-19 18:15:00,6,10,19,18,15,300,189,ANCIENS COMBATTANTS D IN,,,Crépuscule ou aube,Hors agglomération,Hors intersection,Temps couvert,Trois véhicules et plus - collisions multiples,,,,,,,,,,,2,1,1,8,5
200600061262,0006-10-19 16:10:00,6,10,19,16,10,300,189,"., MAS DE VILLE",,,Plein jour,En agglomération,Hors intersection,Normale,Deux véhicules - arrière,,,,,,,,,,,1,2,1,1,2
200600061263,0006-10-20 09:05:00,6,10,20,9,5,300,189,GARNIER TONY (RUE),,,Plein jour,En agglomération,Hors intersection,Temps couvert,Deux véhicules - frontale,,,,,,,,,,,1,2,1,8,1
200600061264,0006-10-20 15:34:00,6,10,20,15,34,300,189,"..., TESSIER GASTON (RUE",,,Plein jour,En agglomération,Intersection en T,Normale,Deux véhicules - côté,,,,,,,,,,,1,2,3,1,3
200600061265,0006-10-22 19:14:00,6,10,22,19,14,300,189,"., MARECHAL JUIN (BOULEV",,,Crépuscule ou aube,En agglomération,Hors intersection,Normale,Autre collision,,,,,,,,,,,2,2,1,1,6
200600061266,0006-10-23 15:34:00,6,10,23,15,34,300,189,"..., PERRIER GENERAL (RU",,,Plein jour,En agglomération,Hors intersection,Normale,Autre collision,,,,,,,,,,,1,2,1,1,6
200600061267,0006-10-23 17:45:00,6,10,23,17,45,300,189,"., ALES (ROUTE)",,,Plein jour,En agglomération,Giratoire,Normale,Deux véhicules - arrière,,,,,,,,,,,1,2,6,1,2
200600061268,0006-10-24 16:59:00,6,10,24,16,59,300,189,"..., COURBESSAC (ROUTE)",,,Plein jour,En agglomération,Hors intersection,Normale,Autre collision,,,,,,,,,,,1,2,1,1,6
200600061269,0006-10-24 12:32:00,6,10,24,12,32,300,189,"., GENERAC (ROUTE)",,,Plein jour,En agglomération,Hors intersection,Normale,Trois véhicules et plus - en chaîne,,,,,,,,,,,1,2,1,1,4
200600061270,0006-10-25 14:45:00,6,10,25,14,45,300,189,"., HOTEL DIEU (RUE)",,,Plein jour,En agglomération,Intersection en X,Normale,Deux véhicules - côté,,,,,,,,,,,1,2,2,1,3
200600061271,0006-10-26 08:12:00,6,10,26,8,12,300,189,SEVERINE (IMPACE OU PLAC,,,Plein jour,En agglomération,Giratoire,Normale,Autre collision,,,,,,,,,,,1,2,6,1,6
200600061272,0006-10-26 16:54:00,6,10,26,16,54,300,189,"360, LENOIR ETIENNE (RUE",,,Plein jour,En agglomération,Hors intersection,Normale,Deux véhicules - côté,,,,,,,,,,,1,2,1,1,3
200600061273,0006-10-26 18:39:00,6,10,26,18,39,300,189,"..., AVIGNON (ANCIENNE R",,,Crépuscule ou aube,En agglomération,Intersection en X,Normale,Deux véhicules - côté,,,,,,,,,,,2,2,2,1,3
200600061274,0006-10-26 20:40:00,6,10,26,20,40,300,189,"., SAINT REMY (RUE)",,,Nuit avec éclairage allumé,En agglomération,Intersection en X,Normale,Deux véhicules - côté,,,,,,,,,,,5,2,2,1,3