accident_id,datetime,annee,mois,jour,heure,minute,departement,commune_insee,adresse,latitude,longitude,luminosite,agglomeration,intersection,meteo,collision,nb_vehicules,nb_usagers,nb_indemnes,nb_tues,nb_blesses_hosp,nb_blesses_legers,age_cond_1,age_cond_2,veh_type_cond_1,veh_type_cond_2,lum_code,agg_code,int_code,atm_code,col_code
200600061538,0006-10-27 08:20:00,6,10,27,8,20,330,281,RUE PAUL DOUMER,,,Crépuscule ou aube,En agglomération,Intersection en X,Normale,Autre collision,,,,,,,,,,,2,2,2,1,6
200600061539,0006-10-26 16:15:00,6,10,26,16,15,330,63,BD ALIENOR D'AQUITAINE,,,Plein jour,En agglomération,Hors intersection,Temps couvert,Deux véhicules - arrière,,,,,,,,,,,1,2,1,8,2
200600061540,0006-10-24 13:00:00,6,10,24,13,0,330,119,AVE CARNOT,,,Plein jour,En agglomération,Hors intersection,Normale,Trois véhicules et plus - en chaîne,,,,,,,,,,,1,2,1,1,4
200600061541,0006-10-29 21:00:00,6,10,29,21,0,330,39,RUE CALIXTE CAMELLE,,,Nuit avec éclairage allumé,En agglomération,Intersection en T,Normale,Deux véhicules - arrière,,,,,,,,,,,5,2,3,1,2
200600061542,0006-10-30 15:45:00,6,10,30,15,45,330,63,"34, RUE DE CANOLLE",,,Plein jour,En agglomération,Hors intersection,Normale,Deux véhicules - frontale,,,,,,,,,,,1,2,1,1,1
200600061543,0006-10-18 19:25:00,6,10,18,19,25,330,281,"9, RUE JEAN MOULIN",,,Nuit avec éclairage allumé,En agglomération,Hors intersection,Normale,Deux véhicules - côté,,,,,,,,,,,5,2,1,1,3
200600061544,0006-10-23 15:20:00,6,10,23,15,20,330,32,RUE DU 19 MARS 1962,,,Plein jour,En agglomération,Hors intersection,Normale,Autre collision,,,,,,,,,,,1,2,1,1,6
200600061545,0006-10-25 17:15:00,6,10,25,17,15,330,167,RUE CORNEILLE,,,Plein jour,En agglomération,Intersection en T,Normale,Deux véhicules - côté,,,,,,,,,,,1,2,3,1,3
200600061546,0006-10-23 10:00:00,6,10,23,10,0,330,39,RUE DE VERDUN,,,Plein jour,En agglomération,Intersection en X,Normale,Deux véhicules - côté,,,,,,,,,,,1,2,2,1,3
200600061547,0006-10-25 12:35:00,6,10,25,12,35,330,192,CHEM DU SOLARIUM,,,Plein jour,En agglomération,Intersection en T,Normale,Deux véhicules - côté,,,,,,,,,,,1,2,3,1,3
200600061548,0006-10-26 15:30:00,6,10,26,15,30,330,281,ALL DU PONT DE MADAME,,,Plein jour,En agglomération,Hors intersection,Normale,Deux véhicules - côté,,,,,,,,,,,1,2,1,1,3
200600061549,0006-10-29 02:45:00,6,10,29,2,45,330,318,"76, RUE DE LA PRINCESSE",,,Nuit sans éclairage public,En agglomération,Hors intersection,Normale,Autre collision,,,,,,,,,,,3,2,1,1,6
200600061550,0006-10-26 07:40:00,6,10,26,7,40,330,69,AVE DE LA LIBERATION-CH.,,,Crépuscule ou aube,En agglomération,Intersection en T,Normale,Deux véhicules - côté,,,,,,,,,,,2,2,3,1,3
200600061551,0006-10-28 19:25:00,6,10,28,19,25,330,281,"333, AVE DE VERDUN",,,Nuit avec éclairage allumé,En agglomération,Hors intersection,Normale,Deux véhicules - côté,,,,,,,,,,,5,2,1,1,3
200600061552,0006-10-28 14:30:00,6,10,28,14,30,330,69,"73, AVE LEON BLUM",,,Plein jour,En agglomération,Hors intersection,Normale,Deux véhicules - arrière,,,,,,,,,,,1,2,1,1,2
200600061553,0006-10-27 18:02:00,6,10,27,18,2,330,69,"48, AVE DE TIVOLI",,,Plein jour,En agglomération,Hors intersection,Normale,Deux véhicules - côté,,,,,,,,,,,1,2,1,1,3
200600061554,0006-10-27 17:20:00,6,10,27,17,20,330,75,RTE DU MEDOC,,,Plein jour,En agglomération,Intersection en X,Normale,Autre collision,,,,,,,,,,,1,2,2,1,6
200600061555,0006-10-27 20:10:00,6,10,27,20,10,330,318,AVE DE MADRAN,,,Nuit avec éclairage allumé,En agglomération,Intersection en T,Normale,Deux véhicules - frontale,,,,,,,,,,,5,2,3,1,1
200600061556,0006-10-25 14:10:00,6,10,25,14,10,330,39,RUE ANDRE MUREINE,,,Plein jour,En agglomération,Intersection en X,Normale,Deux véhicules - côté,,,,,,,,,,,1,2,2,1,3
200600061557,0006-10-26 10:30:00,6,10,26,10,30,330,167,VOIE PENETRANTE EST,,,Plein jour,En agglomération,Hors intersection,Normale,Deux véhicules - arrière,,,,,,,,,,,1,2,1,1,2
200600061558,0006-10-31 08:24:00,6,10,31,8,24,330,249,COTE DE LA GARONNE,,,Plein jour,En agglomération,Hors intersection,Normale,Deux véhicules - côté,,,,,,,,,,,1,2,1,1,3
200600061559,0006-10-31 10:10:00,6,10,31,10,10,330,318,RUE JEAN PERRIN,,,Plein jour,En agglomération,Intersection en T,Normale,Deux véhicules - frontale,,,,,,,,,,,1,2,3,1,1
200600061560,0006-10-31 18:35:00,6,10,31,18,35,330,63,BD ALFRED DANEY,,,Nuit avec éclairage allumé,En agglomération,Hors intersection,Normale,Deux véhicules - arrière,,,,,,,,,,,5,2,1,1,2
200600061561,0006-10-31 09:00:00,6,10,31,9,0,330,63,"135, CRS EDOUARD VAILLAN",,,Plein jour,En agglomération,Hors intersection,Normale,Deux véhicules - côté,,,,,,,,,,,1,2,1,1,3
200600061562,0006-10-28 09:12:00,6,10,28,9,12,330,281,AVE DE L'YSER,,,Plein jour,En agglomération,Intersection en T,Normale,Autre collision,,,,,,,,,,,1,2,3,1,6
200600061563,0006-10-30 16:05:00,6,10,30,16,5,330,32,RUE RACINE,,,Plein jour,En agglomération,Intersection en X,Normale,Deux véhicules - côté,,,,,,,,,,,1,2,2,1,3
200600061564,0006-10-30 06:55:00,6,10,30,6,55,330,318,AVE PASTEUR,,,Nuit avec éclairage allumé,En agglomération,Intersection en X,Normale,Deux véhicules - côté,,,,,,,,,,,5,2,2,1,3
200600061565,0006-10-28 17:50:00,6,10,28,17,50,330,39,RUE DES FRERES LUMIERE,,,Plein jour,En agglomération,Hors intersection,Normale,Deux véhicules - côté,,,,,,,,,,,1,2,1,1,3
200600061566,0006-10-30 15:50:00,6,10,30,15,50,330,318,AVE DU HAUT LEVEQUE,,,Plein jour,En agglomération,Hors intersection,Normale,Deux véhicules - côté,,,,,,,,,,,1,2,1,1,3
200600061567,0006-10-30 19:15:00,6,10,30,19,15,330,281,"442, AVE DE VERDUN",,,Nuit avec éclairage allumé,En agglomération,Hors intersection,Normale,Trois véhicules et plus - collisions multiples,,,,,,,,,,,5,2,1,1,5
200600061568,0006-10-30 17:00:00,6,10,30,17,0,330,281,"449, AVE DE VERDUN",,,Plein jour,En agglomération,Hors intersection,Normale,Deux véhicules - côté,,,,,,,,,,,1,2,1,1,3
200600061569,0006-10-24 18:20:00,6,10,24,18,20,330,243,"102, GAULLE(AVENUE DU GE",,,Plein jour,En agglomération,Hors intersection,Normale,Autre collision,,,,,,,,,,,1,2,1,1,6
200600061570,0006-10-30 18:00:00,6,10,30,18,0,330,243,"7, EPINETTE(AVENUE DE L)",,,Plein jour,En agglomération,Hors intersection,Normale,Deux véhicules - arrière,,,,,,,,,,,1,2,1,1,2
200600061571,0006-10-15 18:55:00,6,10,15,18,55,330,243,"113, FOCH(AVENUE DU MARE",,,Plein jour,En agglomération,Hors intersection,Normale,Autre collision,,,,,,,,,,,1,2,1,1,6
200600061572,0006-10-07 18:30:00,6,10,7,18,30,340,3,ROCHELONGUE (L7 ET 8,,,Plein jour,En agglomération,Autre intersection,Normale,Deux véhicules - côté,,,,,,,,,,,1,2,9,1,3
200600061573,0006-10-24 14:30:00,6,10,24,14,30,340,3,COURETTE (I17 A J18,,,Nuit avec éclairage allumé,En agglomération,Hors intersection,Normale,Sans collision,,,,,,,,,,,5,2,1,1,7
200600061574,0006-10-24 19:45:00,6,10,24,19,45,340,3,CONTREBANDIERS (AVENUE D,,,Nuit avec éclairage allumé,En agglomération,Hors intersection,Normale,Sans collision,,,,,,,,,,,5,2,1,1,7
200600061575,0006-10-29 18:52:00,6,10,29,18,52,340,3,RD612,,,Nuit sans éclairage public,Hors agglomération,Hors intersection,Normale,Deux véhicules - arrière,,,,,,,,,,,3,1,1,1,2
200600061576,0006-10-11 08:43:00,6,10,11,8,43,340,3,DE GAULLE (E14 A F15,,,Plein jour,En agglomération,Intersection en X,Normale,Deux véhicules - côté,,,,,,,,,,,1,2,2,1,3
200600061577,0006-10-01 05:30:00,6,10,1,5,30,340,32,GALINIER HENRI (AV),,,Nuit avec éclairage allumé,En agglomération,Hors intersection,Normale,Sans collision,,,,,,,,,,,5,2,1,1,7
200600061578,0006-10-02 10:33:00,6,10,2,10,33,340,336,MEDITERRANEE (ROND POINT,,,Plein jour,Hors agglomération,Intersection en Y,Normale,Deux véhicules - côté,,,,,,,,,,,1,1,4,1,3
200600061579,0006-10-03 17:50:00,6,10,3,17,50,340,32,PEZENAS (ROUTE DE),,,Plein jour,En agglomération,Hors intersection,Normale,Deux véhicules - arrière,,,,,,,,,,,1,2,1,1,2
200600061580,0006-10-03 19:27:00,6,10,3,19,27,340,32,ROUTE DEPARTEMENTALE NR.,,,Plein jour,Hors agglomération,Hors intersection,Normale,Sans collision,,,,,,,,,,,1,1,1,1,7
200600061581,0006-10-04 20:37:00,6,10,4,20,37,340,336,MEDITERRANEE (ROND POINT,,,Nuit sans éclairage public,Hors agglomération,Giratoire,Normale,Sans collision,,,,,,,,,,,3,1,6,1,7
200600061582,0006-10-06 18:40:00,6,10,6,18,40,340,32,BADIE VINCENT (RD POINT),,,Plein jour,En agglomération,Giratoire,Normale,Deux véhicules - arrière,,,,,,,,,,,1,2,6,1,2
200600061583,0006-10-07 00:05:00,6,10,7,0,5,340,32,ECLUSES (RUE DES),,,Nuit avec éclairage allumé,En agglomération,Intersection en X,Normale,Deux véhicules - côté,,,,,,,,,,,5,2,2,1,3
200600061584,0006-10-08 12:25:00,6,10,8,12,25,340,32,MAIL (PROMENADE DU),,,Plein jour,En agglomération,Hors intersection,Normale,Sans collision,,,,,,,,,,,1,2,1,1,7
200600061585,0006-10-09 18:53:00,6,10,9,18,53,340,32,"103, WILSON PRESIDENT (A",,,Plein jour,En agglomération,Hors intersection,Normale,Sans collision,,,,,,,,,,,1,2,1,1,7
200600061586,0006-10-10 07:40:00,6,10,10,7,40,340,32,JUSSIEU (RUE DE),,,Plein jour,En agglomération,Hors intersection,Normale,Sans collision,,,,,,,,,,,1,2,1,1,7
200600061587,0006-10-10 15:47:00,6,10,10,15,47,340,32,"48, ORNANO COLONEL D' (A",,,Plein jour,En agglomération,Hors intersection,Normale,Deux véhicules - côté,,,,,,,,,,,1,2,1,1,3
200600061588,0006-10-05 14:44:00,6,10,5,14,44,340,32,ROUTE NATIONALE 113 - 9,,,Plein jour,Hors agglomération,Hors intersection,Normale,Deux véhicules - arrière,,,,,,,,,,,1,1,1,1,2
200600061589,0006-10-11 17:28:00,6,10,11,17,28,340,32,SAINT SAENS CAMILLE (AV),,,Plein jour,En agglomération,Intersection en X,Normale,Deux véhicules - côté,,,,,,,,,,,1,2,2,1,3
200600061590,0006-10-13 15:25:00,6,10,13,15,25,340,32,BERTHELOT MARCELIN (RUE),,,Plein jour,En agglomération,Intersection en X,Normale,Deux véhicules - côté,,,,,,,,,,,1,2,2,1,3
200600061591,0006-10-13 21:06:00,6,10,13,21,6,340,32,ARTS (RUE DES),,,Nuit avec éclairage allumé,En agglomération,Hors intersection,Normale,Sans collision,,,,,,,,,,,5,2,1,1,7
200600061592,0006-10-17 11:10:00,6,10,17,11,10,340,32,"6, LATTRE DE TASSIGNY MA",,,Plein jour,En agglomération,Giratoire,Normale,Deux véhicules - côté,,,,,,,,,,,1,2,6,1,3
200600061593,0006-10-22 06:05:00,6,10,22,6,5,340,336,"NR, R.D 612",,,Nuit avec éclairage allumé,Hors agglomération,Hors intersection,Normale,Sans collision,,,,,,,,,,,5,1,1,1,7
200600061594,0006-10-23 13:35:00,6,10,23,13,35,340,32,"33, FONT-NEUVE (AV DE LA",,,Plein jour,En agglomération,Hors intersection,Normale,Deux véhicules - côté,,,,,,,,,,,1,2,1,1,3
200600061595,0006-10-23 17:48:00,6,10,23,17,48,340,32,"18, BANQUE POPULAIRE AGE",,,Plein jour,En agglomération,Intersection en T,Normale,Sans collision,,,,,,,,,,,1,2,3,1,7
200600061596,0006-10-26 13:05:00,6,10,26,13,5,340,32,"44, RIQUET PIERRE PAUL (",,,Plein jour,En agglomération,Hors intersection,Normale,Deux véhicules - côté,,,,,,,,,,,1,2,1,1,3
200600061597,0006-10-28 11:13:00,6,10,28,11,13,340,32,ZOLA EMILE (PLACE),,,Plein jour,En agglomération,Intersection en X,Normale,Sans collision,,,,,,,,,,,1,2,2,1,7
200600061598,0006-10-28 16:32:00,6,10,28,16,32,340,32,COUBERTIN PIERRE (AV),,,Plein jour,En agglomération,Intersection en X,Normale,Sans collision,,,,,,,,,,,1,2,2,1,7
200600061599,0006-10-31 20:25:00,6,10,31,20,25,340,32,"5, METZ (RUE DE)",,,Nuit avec éclairage allumé,En agglomération,Intersection en T,Normale,Deux véhicules - côté,,,,,,,,,,,5,2,3,1,3
200600061600,0006-10-31 22:20:00,6,10,31,22,20,340,32,"nr, CHURCHILL (ROND POIN",,,Nuit avec éclairage allumé,En agglomération,Giratoire,Normale,Sans collision,,,,,,,,,,,5,2,6,1,7
200600061601,0006-10-27 13:05:00,6,10,27,13,5,340,32,FOCH MARECHAL FERDINAND,,,Plein jour,En agglomération,Hors intersection,Normale,Sans collision,,,,,,,,,,,1,2,1,1,7
200600061602,0006-10-02 07:45:00,6,10,2,7,45,340,172,"1659, SOULAS (AVENUE DU",,,Plein jour,En agglomération,Hors intersection,Temps couvert,Deux véhicules - côté,,,,,,,,,,,1,2,1,8,3
200600061603,0006-10-02 09:45:00,6,10,2,9,45,340,172,"134, MONTELS-EGLISE (RUE",,,Plein jour,En agglomération,Hors intersection,Normale,Deux véhicules - côté,,,,,,,,,,,1,2,1,1,3
200600061604,0006-10-02 14:07:00,6,10,2,14,7,340,172,FABRE DE MORLHON (BOULEV,,,Plein jour,En agglomération,Hors intersection,Temps couvert,Sans collision,,,,,,,,,,,1,2,1,8,7
200600061605,0006-10-02 20:36:00,6,10,2,20,36,340,172,MOULINS (AVENUE DES,,,Nuit avec éclairage allumé,En agglomération,Intersection en X,Normale,Deux véhicules - côté,,,,,,,,,,,5,2,2,1,3
200600061606,0006-10-02 20:07:00,6,10,2,20,7,340,172,JUSTICE DE CASTELNAU (AV,,,Nuit avec éclairage allumé,En agglomération,Intersection en X,Normale,Deux véhicules - côté,,,,,,,,,,,5,2,2,1,3
200600061607,0006-10-04 09:39:00,6,10,4,9,39,340,172,CLEMENCEAU (AVENUE GEORG,,,Plein jour,En agglomération,Intersection en T,Normale,Deux véhicules - arrière,,,,,,,,,,,1,2,3,1,2
200600061608,0006-10-04 16:09:00,6,10,4,16,9,340,172,APOTHICAIRES (AVENUE DES,,,Plein jour,En agglomération,Intersection en T,Normale,Deux véhicules - frontale,,,,,,,,,,,1,2,3,1,1
200600061609,0006-10-05 23:40:00,6,10,5,23,40,340,172,BONNES NOUVELLES (BOULEV,,,Nuit avec éclairage allumé,En agglomération,Hors intersection,Normale,Autre collision,,,,,,,,,,,5,2,1,1,6
200600061610,0006-10-05 18:10:00,6,10,5,18,10,340,172,"593, SORBES (RUE DE LAS",,,Plein jour,En agglomération,Hors intersection,Normale,Autre collision,,,,,,,,,,,1,2,1,1,6
200600061611,0006-10-06 23:45:00,6,10,6,23,45,340,172,"1, SALENGRO (PLACE ROGER",,,Nuit avec éclairage allumé,En agglomération,Hors intersection,Pluie légère,Deux véhicules - arrière,,,,,,,,,,,5,2,1,2,2
200600061612,0006-10-07 00:25:00,6,10,7,0,25,340,172,"SANS N°, LIBERTE (AVENUE",,,Nuit avec éclairage allumé,En agglomération,Intersection à plus de 4 branches,Pluie légère,Deux véhicules - côté,,,,,,,,,,,5,2,5,2,3
200600061613,0006-10-06 23:40:00,6,10,6,23,40,340,172,"11, CLEMENCEAU (AVENUE G",,,Nuit avec éclairage allumé,En agglomération,Intersection en T,Temps couvert,Deux véhicules - côté,,,,,,,,,,,5,2,3,8,3
200600061614,0006-10-07 22:03:00,6,10,7,22,3,340,172,EINSTEIN (AVENUE ALBERT,,,Nuit sans éclairage public,En agglomération,Hors intersection,Normale,Sans collision,,,,,,,,,,,3,2,1,1,7
200600061615,0006-10-08 07:25:00,6,10,8,7,25,340,172,MOULINS (AVENUE DES,,,Plein jour,En agglomération,Autre intersection,Normale,Autre collision,,,,,,,,,,,1,2,9,1,6
200600061616,0006-10-10 08:35:00,6,10,10,8,35,340,172,EINSTEIN (AVENUE ALBERT,,,Plein jour,Hors agglomération,Hors intersection,Normale,Sans collision,,,,,,,,,,,1,1,1,1,7
200600061617,0006-10-09 20:20:00,6,10,9,20,20,340,172,"sans, ALCO (RUE D'",,,Nuit avec éclairage non allumé,En agglomération,Hors intersection,Normale,Deux véhicules - côté,,,,,,,,,,,4,2,1,1,3
200600061618,0006-10-10 11:49:00,6,10,10,11,49,340,172,VAL DE MONTFERRAND (AVEN,,,Plein jour,En agglomération,Intersection en T,Normale,Deux véhicules - côté,,,,,,,,,,,1,2,3,1,3
200600061619,0006-10-10 18:20:00,6,10,10,18,20,340,172,"51, CLEMENCEAU (AVENUE G",,,Crépuscule ou aube,En agglomération,Hors intersection,Normale,Deux véhicules - côté,,,,,,,,,,,2,2,1,1,3
200600061620,0006-10-10 22:15:00,6,10,10,22,15,340,172,"378, CAMUS (RUE ALBERT)",,,Nuit avec éclairage allumé,En agglomération,Hors intersection,Normale,Autre collision,,,,,,,,,,,5,2,1,1,6
200600061621,0006-10-11 08:15:00,6,10,11,8,15,340,172,"8, BERTHELOT (BOULEVARD)",,,Plein jour,En agglomération,Intersection en T,Temps couvert,Deux véhicules - côté,,,,,,,,,,,1,2,3,8,3
200600061622,0006-10-12 04:04:00,6,10,12,4,4,340,172,"1053, SOULAS (AVENUE DU",,,Nuit avec éclairage allumé,En agglomération,Hors intersection,Pluie forte,Autre collision,,,,,,,,,,,5,2,1,3,6
200600061623,0006-10-12 11:30:00,6,10,12,11,30,340,172,"34, FAUBOURG DU COURREAU",,,Plein jour,En agglomération,Hors intersection,Pluie légère,Sans collision,,,,,,,,,,,1,2,1,2,7
200600061624,0006-10-13 11:45:00,6,10,13,11,45,340,172,PRES D'ARENES (AVENUE DE,,,Plein jour,En agglomération,Intersection en T,Normale,Sans collision,,,,,,,,,,,1,2,3,1,7
200600061625,0006-10-13 13:08:00,6,10,13,13,8,340,172,SAINT LAZARE (AVENUE DE),,,Plein jour,En agglomération,Intersection en X,Normale,Deux véhicules - côté,,,,,,,,,,,1,2,2,1,3
200600061626,0006-10-14 15:43:00,6,10,14,15,43,340,172,MONTELS-EGLISE (RUE DE),,,Plein jour,En agglomération,Hors intersection,Normale,Deux véhicules - arrière,,,,,,,,,,,1,2,1,1,2
200600061627,0006-10-15 19:00:00,6,10,15,19,0,340,172,"sans n, SAINT MAUR (AVEN",,,Nuit avec éclairage allumé,En agglomération,Intersection en T,Normale,Deux véhicules - côté,,,,,,,,,,,5,2,3,1,3
200600061628,0006-10-14 17:10:00,6,10,14,17,10,340,172,MONTELS-EGLISE (RUE DE),,,Plein jour,En agglomération,Hors intersection,Normale,Deux véhicules - côté,,,,,,,,,,,1,2,1,1,3
200600061629,0006-10-17 12:50:00,6,10,17,12,50,340,172,MENDES FRANCE (AVENUE PR,,,Plein jour,En agglomération,Intersection en X,Normale,Deux véhicules - côté,,,,,,,,,,,1,2,2,1,3
200600061630,0006-10-17 17:35:00,6,10,17,17,35,340,172,"521, EUCALYPTUS (RUE DES",,,Plein jour,En agglomération,Hors intersection,Normale,Deux véhicules - frontale,,,,,,,,,,,1,2,1,1,1
200600061631,0006-10-17 19:00:00,6,10,17,19,0,340,172,SAINT LAZARE (AVENUE DE),,,Nuit avec éclairage non allumé,En agglomération,Intersection en X,Normale,Deux véhicules - côté,,,,,,,,,,,4,2,2,1,3
200600061632,0006-10-18 17:00:00,6,10,18,17,0,340,172,STRASBOURG (BOULEVARD DE,,,Plein jour,En agglomération,Intersection en T,Pluie légère,Deux véhicules - côté,,,,,,,,,,,1,2,3,2,3
200600061633,0006-10-16 07:59:00,6,10,16,7,59,340,172,BRINGUIER (AVENUE PAUL),,,Plein jour,En agglomération,Hors intersection,Normale,Deux véhicules - côté,,,,,,,,,,,1,2,1,1,3
200600061634,0006-10-19 18:10:00,6,10,19,18,10,340,172,BARI (RUE DE),,,Plein jour,En agglomération,Hors intersection,Normale,Sans collision,,,,,,,,,,,1,2,1,1,7
200600061635,0006-10-20 16:35:00,6,10,20,16,35,340,172,"48, ASSAS (AVENUE D')",,,Plein jour,En agglomération,Hors intersection,Temps couvert,Trois véhicules et plus - collisions multiples,,,,,,,,,,,1,2,1,8,5
200600061636,0006-10-21 05:20:00,6,10,21,5,20,340,129,CALADE (ALLEE DE LA),,,Nuit sans éclairage public,Hors agglomération,Hors intersection,Normale,Deux véhicules - frontale,,,,,,,,,,,3,1,1,1,1
200600061637,0006-10-22 20:55:00,6,10,22,20,55,340,172,"113, LODEVE (AVENUE DE",,,Nuit avec éclairage allumé,En agglomération,Hors intersection,Normale,Deux véhicules - côté,,,,,,,,,,,5,2,1,1,3
200600061638,0006-10-23 07:00:00,6,10,23,7,0,340,172,"SANS N, TOULOUSE (AVENUE",,,Nuit sans éclairage public,En agglomération,Hors intersection,Pluie légère,Autre collision,,,,,,,,,,,3,2,1,2,6
200600061639,0006-10-23 08:00:00,6,10,23,8,0,340,172,"3224, MENDE (ROUTE DE)",,,Crépuscule ou aube,En agglomération,Hors intersection,Pluie légère,Deux véhicules - arrière,,,,,,,,,,,2,2,1,2,2
200600061640,0006-10-23 22:05:00,6,10,23,22,5,340,172,EUROPE (AVENUE DE L'),,,Nuit avec éclairage allumé,En agglomération,Intersection à plus de 4 branches,Normale,Deux véhicules - côté,,,,,,,,,,,5,2,5,1,3
200600061641,0006-10-24 16:20:00,6,10,24,16,20,340,172,CARRIEU (RUE MARIUS),,,Plein jour,En agglomération,Hors intersection,Normale,Deux véhicules - côté,,,,,,,,,,,1,2,1,1,3
200600061642,0006-10-22 10:45:00,6,10,22,10,45,340,172,POMPIGNANE (AVENUE DE LA,,,Plein jour,En agglomération,Intersection en T,Normale,Deux véhicules - frontale,,,,,,,,,,,1,2,3,1,1
200600061643,0006-10-26 07:40:00,6,10,26,7,40,340,172,MARIE DE MONTPELLIER,,,Crépuscule ou aube,En agglomération,Hors intersection,Temps couvert,Autre collision,,,,,,,,,,,2,2,1,8,6
200600061644,0006-10-26 13:15:00,6,10,26,13,15,340,172,ZAMENHOF (RUE LEJZER),,,Plein jour,En agglomération,Giratoire,Normale,Deux véhicules - côté,,,,,,,,,,,1,2,6,1,3
200600061645,0006-10-26 16:00:00,6,10,26,16,0,340,172,LIBERTE (AVENUE DE LA,,,Plein jour,En agglomération,Hors intersection,Normale,Trois véhicules et plus - en chaîne,,,,,,,,,,,1,2,1,1,4
200600061646,0006-10-26 01:10:00,6,10,26,1,10,340,172,"147, BOIRARGUES (AVENUE",,,Nuit avec éclairage allumé,En agglomération,Hors intersection,Normale,Autre collision,,,,,,,,,,,5,2,1,1,6
200600061647,0006-10-21 08:31:00,6,10,21,8,31,340,172,LIBERTE (AVENUE DE LA,,,Plein jour,En agglomération,Hors intersection,Normale,Deux véhicules - arrière,,,,,,,,,,,1,2,1,1,2
200600061648,0006-10-25 19:44:00,6,10,25,19,44,340,172,ARCEAUX (BOULEVARD DES),,,Nuit avec éclairage allumé,En agglomération,Intersection en Y,Normale,Deux véhicules - côté,,,,,,,,,,,5,2,4,1,3
200600061649,0006-10-26 17:00:00,6,10,26,17,0,340,172,CLEMENTVILLE (RUE DE),,,Plein jour,En agglomération,Intersection en Y,Normale,Deux véhicules - frontale,,,,,,,,,,,1,2,4,1,1
200600061650,0006-10-28 13:16:00,6,10,28,13,16,340,172,SAINT CLEOPHAS (RUE),,,Plein jour,En agglomération,Intersection en X,Normale,Deux véhicules - côté,,,,,,,,,,,1,2,2,1,3
200600061651,0006-10-26 10:50:00,6,10,26,10,50,340,198,ZONE COMMERCIALE LE FENO,,,Plein jour,En agglomération,Hors intersection,Normale,Autre collision,,,,,,,,,,,1,2,1,1,6
200600061652,0006-10-30 09:25:00,6,10,30,9,25,340,129,"sans, AGAU (AVENUE DE L'",,,Plein jour,Hors agglomération,Hors intersection,Normale,Autre collision,,,,,,,,,,,1,1,1,1,6
200600061653,0006-10-30 09:50:00,6,10,30,9,50,340,172,"68, CLEMENCEAU (AVENUE G",,,Plein jour,En agglomération,Hors intersection,Normale,Trois véhicules et plus - en chaîne,,,,,,,,,,,1,2,1,1,4
200600061654,0006-10-30 22:45:00,6,10,30,22,45,340,172,LIBERTE (AVENUE DE LA,,,Nuit avec éclairage allumé,En agglomération,Hors intersection,Normale,Autre collision,,,,,,,,,,,5,2,1,1,6
200600061655,0006-10-31 17:24:00,6,10,31,17,24,340,172,"1, ABRIVADO (RUE DE L')",,,Plein jour,En agglomération,Autre intersection,Normale,Autre collision,,,,,,,,,,,1,2,9,1,6
200600061656,0006-10-30 19:10:00,6,10,30,19,10,340,172,AEROPORT INTERNATIONAL (,,,Nuit avec éclairage allumé,En agglomération,Intersection en X,Normale,Deux véhicules - côté,,,,,,,,,,,5,2,2,1,3
200600061657,0006-10-31 19:16:00,6,10,31,19,16,340,172,MOULINS (AVENUE DES,,,Nuit avec éclairage allumé,En agglomération,Hors intersection,Normale,Sans collision,,,,,,,,,,,5,2,1,1,7
200600061658,0006-10-28 12:20:00,6,10,28,12,20,340,172,"70, TOULOUSE (AVENUE DE",,,Plein jour,En agglomération,Hors intersection,Normale,Sans collision,,,,,,,,,,,1,2,1,1,7
200600061659,0006-10-31 15:00:00,6,10,31,15,0,340,172,ETATS DU LANGUEDOC (AVEN,,,Plein jour,En agglomération,Intersection en T,Normale,Autre collision,,,,,,,,,,,1,2,3,1,6
200600061660,0006-10-04 14:20:00,6,10,4,14,20,340,301,"1022, MARTELLI GILBERT (",,,Plein jour,En agglomération,Hors intersection,Normale,Deux véhicules - arrière,,,,,,,,,,,1,2,1,1,2
200600061661,0006-10-06 08:55:00,6,10,6,8,55,340,301,"aucun, REVOLUTION (RUE D",,,Plein jour,En agglomération,Intersection en X,Normale,Deux véhicules - côté,,,,,,,,,,,1,2,2,1,3
200600061662,0006-10-15 18:10:00,6,10,15,18,10,340,301,"22, LATTRE DE TASSIGNY M",,,Plein jour,En agglomération,Hors intersection,Normale,Deux véhicules - côté,,,,,,,,,,,1,2,1,1,3
200600061663,0006-10-24 07:40:00,6,10,24,7,40,350,115,"0, RENNES (BOULEVARD DE)",,,Nuit avec éclairage allumé,En agglomération,Giratoire,Pluie légère,Deux véhicules - côté,,,,,,,,,,,5,2,6,2,3
200600061664,0006-10-01 04:25:00,6,10,1,4,25,350,281,RD 177,,,Nuit avec éclairage allumé,Hors agglomération,Giratoire,Pluie légère,Autre collision,,,,,,,,,,,5,1,6,2,6
200600061665,0006-10-01 05:50:00,6,10,1,5,50,350,238,"38/40, MAGINOT (AVENUE S",,,Nuit avec éclairage allumé,En agglomération,Hors intersection,Pluie légère,Autre collision,,,,,,,,,,,5,2,1,2,6
200600061666,0006-10-01 19:40:00,6,10,1,19,40,350,238,"00, PASTEUR (PONT)",,,Nuit avec éclairage allumé,En agglomération,Intersection en X,Normale,Sans collision,,,,,,,,,,,5,2,2,1,7
200600061667,0006-10-02 10:40:00,6,10,2,10,40,350,238,"00, PREFECTURE (AVENUE D",,,Plein jour,En agglomération,Intersection en X,Normale,Autre collision,,,,,,,,,,,1,2,2,1,6
200600061668,0006-10-02 12:30:00,6,10,2,12,30,350,238,"00, BOURGOGNE (DE)",,,Plein jour,En agglomération,Intersection en T,Pluie légère,Deux véhicules - côté,,,,,,,,,,,1,2,3,2,3