accident_id,datetime,annee,mois,jour,heure,minute,departement,commune_insee,adresse,latitude,longitude,luminosite,agglomeration,intersection,meteo,collision,nb_vehicules,nb_usagers,nb_indemnes,nb_tues,nb_blesses_hosp,nb_blesses_legers,age_cond_1,age_cond_2,veh_type_cond_1,veh_type_cond_2,lum_code,agg_code,int_code,atm_code,col_code
200600061931,0006-10-05 19:12:00,6,10,5,19,12,440,143,"72, JAURES (RUE JEAN)",,,Plein jour,En agglomération,Hors intersection,Normale,Deux véhicules - côté,,,,,,,,,,,1,2,1,1,3
200600061932,0006-10-09 11:25:00,6,10,9,11,25,440,109,"2, AVENUE DE FRANCE",,,Plein jour,En agglomération,Hors intersection,Normale,Autre collision,,,,,,,,,,,1,2,1,1,6
200600061933,0006-10-04 12:10:00,6,10,4,12,10,440,114,"1, IMPASSE DE MAITRE COR",,,Plein jour,En agglomération,Hors intersection,Normale,Autre collision,,,,,,,,,,,1,2,1,1,6
200600061934,0006-10-10 16:05:00,6,10,10,16,5,440,109,"00, BOULEVARD DES ANGLAI",,,Plein jour,En agglomération,Intersection en T,Normale,Deux véhicules - côté,,,,,,,,,,,1,2,3,1,3
200600061935,0006-10-11 07:25:00,6,10,11,7,25,440,143,RETZ ( PORTE DE ),,,Nuit avec éclairage allumé,Hors agglomération,Hors intersection,Pluie légère,Autre collision,,,,,,,,,,,5,1,1,2,6
200600061936,0006-10-12 07:30:00,6,10,12,7,30,440,109,"NEANT, COURS OLIVIER DE",,,Nuit avec éclairage allumé,En agglomération,Hors intersection,Normale,Autre collision,,,,,,,,,,,5,2,1,1,6
200600061937,0006-10-11 19:20:00,6,10,11,19,20,440,109,"00, LADMIRAULT (PL)",,,Nuit sans éclairage public,En agglomération,Intersection en X,Pluie légère,Deux véhicules - arrière,,,,,,,,,,,3,2,2,2,2
200600061938,0006-10-13 17:00:00,6,10,13,17,0,440,109,ROUTE DE SAINTE LUCE,,,Plein jour,En agglomération,Hors intersection,Normale,Deux véhicules - côté,,,,,,,,,,,1,2,1,1,3
200600061939,0006-10-14 00:30:00,6,10,14,0,30,440,109,RUE DES PAYS BAS,,,Nuit avec éclairage allumé,En agglomération,Autre intersection,Normale,Autre collision,,,,,,,,,,,5,2,9,1,6
200600061940,0006-10-14 18:55:00,6,10,14,18,55,440,109,"15ter, RUE DE STRASBOURG",,,Plein jour,En agglomération,Hors intersection,Normale,Deux véhicules - côté,,,,,,,,,,,1,2,1,1,3
200600061941,0006-10-12 17:35:00,6,10,12,17,35,440,109,BOULEVARD GUY MOLLET,,,Plein jour,En agglomération,Hors intersection,Normale,Autre collision,,,,,,,,,,,1,2,1,1,6
200600061942,0006-10-11 12:30:00,6,10,11,12,30,440,190,"33, RUE DE LA CHESNAYE",,,Plein jour,En agglomération,Hors intersection,Pluie forte,Autre collision,,,,,,,,,,,1,2,1,3,6
200600061943,0006-10-13 14:00:00,6,10,13,14,0,440,190,"245, ROUTE DE CLISSON",,,Plein jour,En agglomération,Hors intersection,Normale,Autre collision,,,,,,,,,,,1,2,1,1,6
200600061944,0006-10-16 22:30:00,6,10,16,22,30,440,114,"00, PERIPHERIQUE ROUTIER",,,Nuit avec éclairage non allumé,Hors agglomération,Hors intersection,Normale,Deux véhicules - arrière,,,,,,,,,,,4,1,1,1,2
200600061945,0006-10-14 15:10:00,6,10,14,15,10,440,162,"1, RUE DE LA JOHARDIERE",,,Plein jour,En agglomération,Hors intersection,Normale,Deux véhicules - frontale,,,,,,,,,,,1,2,1,1,1
200600061946,0006-10-16 09:50:00,6,10,16,9,50,440,114,"0, RUE DU BIGNON",,,Plein jour,En agglomération,Intersection en X,Normale,Deux véhicules - côté,,,,,,,,,,,1,2,2,1,3
200600061947,0006-10-20 16:25:00,6,10,20,16,25,440,109,"0, BOULEVARD DE LA PRAIR",,,Plein jour,Hors agglomération,Intersection en X,Normale,Autre collision,,,,,,,,,,,1,1,2,1,6
200600061948,0006-10-20 17:40:00,6,10,20,17,40,440,109,"3, CHAUSSEE DE LA MADELE",,,Plein jour,En agglomération,Hors intersection,Normale,Deux véhicules - côté,,,,,,,,,,,1,2,1,1,3
200600061949,0006-10-22 19:20:00,6,10,22,19,20,440,109,"00, RUE DU PRE GAUCHET",,,Nuit avec éclairage allumé,En agglomération,Hors intersection,Pluie légère,Deux véhicules - frontale,,,,,,,,,,,5,2,1,2,1
200600061950,0006-10-22 23:20:00,6,10,22,23,20,440,109,AUTOROUTE 821,,,Nuit sans éclairage public,Hors agglomération,Hors intersection,Normale,Deux véhicules - arrière,,,,,,,,,,,3,1,1,1,2
200600061951,0006-10-23 07:35:00,6,10,23,7,35,440,109,"Néant, RUE PAUL BELLAMY",,,Nuit avec éclairage allumé,En agglomération,Intersection en T,Normale,Deux véhicules - côté,,,,,,,,,,,5,2,3,1,3
200600061952,0006-10-21 07:50:00,6,10,21,7,50,440,109,"4, BOULEVARD DU PETIT PO",,,Nuit avec éclairage allumé,En agglomération,Hors intersection,Pluie légère,Autre collision,,,,,,,,,,,5,2,1,2,6
200600061953,0006-10-23 18:50:00,6,10,23,18,50,440,109,"89, BOULEVARD EUGENE ORI",,,Crépuscule ou aube,En agglomération,Intersection en X,Pluie légère,Deux véhicules - arrière,,,,,,,,,,,2,2,2,2,2
200600061954,0006-10-23 14:40:00,6,10,23,14,40,440,143,SORINIERES ( PORTE PERIP,,,Plein jour,Hors agglomération,Hors intersection,Pluie légère,Autre collision,,,,,,,,,,,1,1,1,2,6
200600061955,0006-10-24 12:20:00,6,10,24,12,20,440,109,COURS DES 50 OTAGES,,,Plein jour,En agglomération,Hors intersection,Normale,Autre collision,,,,,,,,,,,1,2,1,1,6
200600061956,0006-10-24 15:05:00,6,10,24,15,5,440,143,"1, RUE VICTOR HUGO",,,Plein jour,En agglomération,Hors intersection,Normale,Autre collision,,,,,,,,,,,1,2,1,1,6
200600061957,0006-10-25 13:40:00,6,10,25,13,40,440,143,RUE ERNEST SAUVESTRE,,,Plein jour,En agglomération,Intersection à plus de 4 branches,Normale,Autre collision,,,,,,,,,,,1,2,5,1,6
200600061958,0006-10-25 08:10:00,6,10,25,8,10,440,109,"13 Bis, BOULEVARD GABRIE",,,Crépuscule ou aube,En agglomération,Intersection en Y,Temps couvert,Deux véhicules - côté,,,,,,,,,,,2,2,4,8,3
200600061959,0006-10-25 14:19:00,6,10,25,14,19,440,109,"8, RUE ALEXANDRE DUMAS",,,Plein jour,En agglomération,Hors intersection,Normale,Autre collision,,,,,,,,,,,1,2,1,1,6
200600061960,0006-10-27 11:20:00,6,10,27,11,20,440,143,REZE ( PORTE PERIPH INTE,,,Plein jour,Hors agglomération,Hors intersection,Brouillard / fumée,Sans collision,,,,,,,,,,,1,1,1,5,7
200600061961,0006-10-29 05:55:00,6,10,29,5,55,440,109,"., QUAI MAGELLAN",,,Nuit avec éclairage non allumé,En agglomération,Intersection en X,Brouillard / fumée,Deux véhicules - côté,,,,,,,,,,,4,2,2,5,3
200600061962,0006-10-27 15:30:00,6,10,27,15,30,440,109,ROUTE DE LA JONELIERE,,,Plein jour,En agglomération,Giratoire,Normale,Autre collision,,,,,,,,,,,1,2,6,1,6
200600061963,0006-10-04 18:40:00,6,10,4,18,40,440,184,"58, BERLIOZ (AVENUE HECT",,,Plein jour,En agglomération,Intersection à plus de 4 branches,Normale,Deux véhicules - frontale,,,,,,,,,,,1,2,5,1,1
200600061964,0006-10-04 21:10:00,6,10,4,21,10,440,184,"95, OCÉAN (ROUTE DE L')",,,Nuit avec éclairage allumé,En agglomération,Hors intersection,Pluie forte,Autre collision,,,,,,,,,,,5,2,1,3,6
200600061965,0006-10-08 17:35:00,6,10,8,17,35,440,184,"0, BROODCOORENS (RUE) DU",,,Plein jour,En agglomération,Hors intersection,Normale,Deux véhicules - côté,,,,,,,,,,,1,2,1,1,3
200600061966,0006-10-08 21:20:00,6,10,8,21,20,440,184,PERRIN (BOULEVARD PAUL),,,Nuit avec éclairage allumé,En agglomération,Intersection en X,Normale,Deux véhicules - côté,,,,,,,,,,,5,2,2,1,3
200600061967,0006-10-07 12:40:00,6,10,7,12,40,440,184,"117, OCÉAN (ROUTE DE L')",,,Plein jour,En agglomération,Hors intersection,Normale,Deux véhicules - côté,,,,,,,,,,,1,2,1,1,3
200600061968,0006-10-10 16:05:00,6,10,10,16,5,440,184,RENAISSANCE (BOULEVARD D,,,Plein jour,En agglomération,Hors intersection,Normale,Deux véhicules - côté,,,,,,,,,,,1,2,1,1,3
200600061969,0006-10-10 16:50:00,6,10,10,16,50,440,184,RD 492 DU RP SARRELOUIS,,,Plein jour,En agglomération,Hors intersection,Normale,Deux véhicules - côté,,,,,,,,,,,1,2,1,1,3
200600061970,0006-10-10 18:15:00,6,10,10,18,15,440,184,DELORME (RUE PHILIBERT),,,Plein jour,En agglomération,Hors intersection,Normale,Autre collision,,,,,,,,,,,1,2,1,1,6
200600061971,0006-10-12 17:55:00,6,10,12,17,55,440,184,"14, DANTON (RUE GEORGES)",,,Plein jour,En agglomération,Hors intersection,Temps couvert,Sans collision,,,,,,,,,,,1,2,1,8,7
200600061972,0006-10-16 13:25:00,6,10,16,13,25,440,184,RENAISSANCE (BOULEVARD D,,,Plein jour,En agglomération,Intersection en X,Normale,Deux véhicules - côté,,,,,,,,,,,1,2,2,1,3
200600061973,0006-10-18 16:00:00,6,10,18,16,0,440,184,"59, GAULLE (RUE DU GAL D",,,Plein jour,En agglomération,Hors intersection,Normale,Sans collision,,,,,,,,,,,1,2,1,1,7
200600061974,0006-10-18 16:50:00,6,10,18,16,50,440,184,"81, ZOLA (BOULEVARD EMIL",,,Plein jour,En agglomération,Intersection en T,Normale,Deux véhicules - arrière,,,,,,,,,,,1,2,3,1,2
200600061975,0006-10-20 20:16:00,6,10,20,20,16,440,184,RÉPUBLIQUE (AVENUE DE LA,,,Nuit avec éclairage allumé,En agglomération,Intersection en X,Normale,Deux véhicules - côté,,,,,,,,,,,5,2,2,1,3
200600061976,0006-10-23 16:10:00,6,10,23,16,10,440,184,"25, MITTERRAND (AVENUE F",,,Plein jour,En agglomération,Hors intersection,Temps couvert,Trois véhicules et plus - en chaîne,,,,,,,,,,,1,2,1,8,4
200600061977,0006-10-26 08:10:00,6,10,26,8,10,440,184,PARÉ (RUE AMBROISE),,,Crépuscule ou aube,En agglomération,Intersection en T,Pluie légère,Deux véhicules - côté,,,,,,,,,,,2,2,3,2,3
200600061978,0006-10-26 19:10:00,6,10,26,19,10,440,184,"24, FRÊNES (RUE DES)",,,Nuit avec éclairage allumé,En agglomération,Hors intersection,Normale,Sans collision,,,,,,,,,,,5,2,1,1,7
200600061979,0006-10-07 21:58:00,6,10,7,21,58,450,208,JAURES (RUE JEAN),,,Nuit avec éclairage allumé,En agglomération,Intersection en T,Normale,Deux véhicules - côté,,,,,,,,,,,5,2,3,1,3
200600061980,0006-10-02 18:40:00,6,10,2,18,40,450,75,POMPIDOU (AVENUE GEORGES,,,Plein jour,En agglomération,Giratoire,Normale,Deux véhicules - côté,,,,,,,,,,,1,2,6,1,3
200600061981,0006-10-01 03:25:00,6,10,1,3,25,450,302,ROUTE NATIONALE 20,,,Nuit avec éclairage allumé,Hors agglomération,Hors intersection,Normale,Sans collision,,,,,,,,,,,5,1,1,1,7
200600061982,0006-10-02 06:35:00,6,10,2,6,35,450,235,CHATAIGNIERS (RUE DES),,,Nuit avec éclairage allumé,Hors agglomération,Hors intersection,Normale,Deux véhicules - côté,,,,,,,,,,,5,1,1,1,3
200600061983,0006-10-02 12:20:00,6,10,2,12,20,450,147,"286, DESSAUX (RUE ANDRE",,,Plein jour,En agglomération,Hors intersection,Pluie forte,Trois véhicules et plus - collisions multiples,,,,,,,,,,,1,2,1,3,5
200600061984,0006-10-03 13:50:00,6,10,3,13,50,450,234,"09, MOUILLERE (RUE DE LA",,,Plein jour,En agglomération,Intersection en T,Pluie légère,Deux véhicules - côté,,,,,,,,,,,1,2,3,2,3
200600061985,0006-10-03 14:50:00,6,10,3,14,50,450,234,"27 BIS, STUART (BOULEVAR",,,Plein jour,En agglomération,Hors intersection,Pluie forte,Trois véhicules et plus - en chaîne,,,,,,,,,,,1,2,1,3,4
200600061986,0006-10-04 03:20:00,6,10,4,3,20,450,147,HUGO (RUE VICTOR HUGO),,,Nuit avec éclairage allumé,En agglomération,Hors intersection,Temps couvert,Autre collision,,,,,,,,,,,5,2,1,8,6
200600061987,0006-10-05 07:25:00,6,10,5,7,25,450,234,"45, SAINT JEAN (FAUBOURG",,,Crépuscule ou aube,En agglomération,Intersection en T,Normale,Autre collision,,,,,,,,,,,2,2,3,1,6
200600061988,0006-10-05 07:45:00,6,10,5,7,45,450,169,"08, LAVOISIER (RUE)",,,Plein jour,Hors agglomération,Hors intersection,Normale,Deux véhicules - arrière,,,,,,,,,,,1,1,1,1,2
200600061989,0006-10-05 20:00:00,6,10,5,20,0,450,308,BIGNON (RUE DU),,,Nuit avec éclairage allumé,En agglomération,Intersection en X,Normale,Deux véhicules - frontale,,,,,,,,,,,5,2,2,1,1
200600061990,0006-10-09 18:15:00,6,10,9,18,15,450,286,"121, SANDILLON (ROUTE DE",,,Plein jour,En agglomération,Intersection en T,Normale,Deux véhicules - côté,,,,,,,,,,,1,2,3,1,3
200600061991,0006-10-11 00:50:00,6,10,11,0,50,450,234,"5QUATER, ROCHEPLATTE (BO",,,Nuit avec éclairage allumé,En agglomération,Hors intersection,Normale,Deux véhicules - côté,,,,,,,,,,,5,2,1,1,3
200600061992,0006-10-11 16:05:00,6,10,11,16,5,450,75,"25, ORLEANS (ROUTE D'ORL",,,Plein jour,Hors agglomération,Autre intersection,Normale,Deux véhicules - arrière,,,,,,,,,,,1,1,9,1,2
200600061993,0006-10-11 18:35:00,6,10,11,18,35,450,284,BECQUEREL (RUE HENRI),,,Crépuscule ou aube,Hors agglomération,Intersection en T,Pluie légère,Deux véhicules - côté,,,,,,,,,,,2,1,3,2,3
200600061994,0006-10-13 11:00:00,6,10,13,11,0,450,234,"15, PARISIE (RUE)",,,Plein jour,En agglomération,Hors intersection,Normale,Autre collision,,,,,,,,,,,1,2,1,1,6
200600061995,0006-10-16 20:36:00,6,10,16,20,36,450,147,"140, BERTHELOT (RUE MARC",,,Nuit avec éclairage allumé,En agglomération,Hors intersection,Normale,Autre collision,,,,,,,,,,,5,2,1,1,6
200600061996,0006-10-16 13:30:00,6,10,16,13,30,450,234,"116, FAUBOURG BANNIER (R",,,Plein jour,En agglomération,Intersection en X,Normale,Deux véhicules - côté,,,,,,,,,,,1,2,2,1,3
200600061997,0006-10-19 17:30:00,6,10,19,17,30,450,234,LIBERATION (AVENUE DE LA,,,Plein jour,En agglomération,Hors intersection,Normale,Autre collision,,,,,,,,,,,1,2,1,1,6
200600061998,0006-10-19 07:30:00,6,10,19,7,30,450,286,GALLOUX (AVENUE GASTON),,,Crépuscule ou aube,En agglomération,Hors intersection,Normale,Trois véhicules et plus - collisions multiples,,,,,,,,,,,2,2,1,1,5
200600061999,0006-10-20 09:00:00,6,10,20,9,0,450,302,SABLONNIERES (RUE DES),,,Plein jour,En agglomération,Intersection en X,Pluie légère,Deux véhicules - côté,,,,,,,,,,,1,2,2,2,3
200600062000,0006-10-20 20:09:00,6,10,20,20,9,450,285,"72, CHAINGY (CHEMIN DE)",,,Nuit avec éclairage allumé,En agglomération,Intersection en X,Normale,Deux véhicules - côté,,,,,,,,,,,5,2,2,1,3
200600062001,0006-10-20 18:38:00,6,10,20,18,38,450,308,RN 60,,,Crépuscule ou aube,Hors agglomération,Hors intersection,Pluie légère,Deux véhicules - arrière,,,,,,,,,,,2,1,1,2,2
200600062002,0006-10-21 20:55:00,6,10,21,20,55,450,234,SECRETAIN (AVENUE ROGER),,,Nuit sans éclairage public,En agglomération,Hors intersection,Normale,Autre collision,,,,,,,,,,,3,2,1,1,6
200600062003,0006-10-21 22:30:00,6,10,21,22,30,450,302,"1181, ORME AU COIN (RUE",,,Nuit avec éclairage allumé,En agglomération,Hors intersection,Normale,Deux véhicules - arrière,,,,,,,,,,,5,2,1,1,2
200600062004,0006-10-22 21:05:00,6,10,22,21,5,450,234,LAMARTINE (BOULEVARD),,,Nuit avec éclairage allumé,En agglomération,Hors intersection,Pluie légère,Deux véhicules - côté,,,,,,,,,,,5,2,1,2,3
200600062005,0006-10-24 18:35:00,6,10,24,18,35,450,234,JAURES (BOULEVARD JEAN ),,,Crépuscule ou aube,En agglomération,Hors intersection,Normale,Autre collision,,,,,,,,,,,2,2,1,1,6
200600062006,0006-10-26 16:00:00,6,10,26,16,0,450,234,"face au 02, AVISSE (RUE",,,Plein jour,En agglomération,Hors intersection,Normale,Deux véhicules - côté,,,,,,,,,,,1,2,1,1,3
200600062007,0006-10-26 20:15:00,6,10,26,20,15,450,284,"117, SOULAS (AVENUE LOUI",,,Nuit avec éclairage allumé,En agglomération,Intersection en T,Normale,Trois véhicules et plus - collisions multiples,,,,,,,,,,,5,2,3,1,5
200600062008,0006-10-22 00:20:00,6,10,22,0,20,450,234,"326, FAUBOURG BANNIER (R",,,Nuit avec éclairage allumé,En agglomération,Hors intersection,Normale,Sans collision,,,,,,,,,,,5,2,1,1,7
200600062009,0006-10-27 21:25:00,6,10,27,21,25,450,234,"hauteur 16, DROITS DE L'",,,Nuit avec éclairage allumé,En agglomération,Hors intersection,Normale,Deux véhicules - arrière,,,,,,,,,,,5,2,1,1,2
200600062010,0006-10-28 16:15:00,6,10,28,16,15,450,302,"57, ROUTE NATIONALE 20",,,Plein jour,Hors agglomération,Hors intersection,Normale,Deux véhicules - arrière,,,,,,,,,,,1,1,1,1,2
200600062011,0006-10-29 05:40:00,6,10,29,5,40,450,234,SECRETAIN (AVENUE ROGER),,,Nuit avec éclairage allumé,En agglomération,Hors intersection,Normale,Autre collision,,,,,,,,,,,5,2,1,1,6
200600062012,0006-10-30 20:20:00,6,10,30,20,20,450,234,PARIS (AVENUE DE),,,Nuit avec éclairage allumé,En agglomération,Intersection en X,Brouillard / fumée,Deux véhicules - frontale,,,,,,,,,,,5,2,2,5,1
200600062013,0006-10-31 16:20:00,6,10,31,16,20,450,302,CHIMOUTONS (RUE DES),,,Plein jour,En agglomération,Giratoire,Normale,Deux véhicules - côté,,,,,,,,,,,1,2,6,1,3
200600062014,0006-10-10 07:50:00,6,10,10,7,50,460,42,"841, ORMEAUX (COTE DES)",,,Crépuscule ou aube,En agglomération,Hors intersection,Normale,Autre collision,,,,,,,,,,,2,2,1,1,6
200600062015,0006-10-30 10:25:00,6,10,30,10,25,460,42,Départementale 811 (entr,,,Plein jour,En agglomération,Hors intersection,Normale,Autre collision,,,,,,,,,,,1,2,1,1,6
200600062016,0006-10-05 15:01:00,6,10,5,15,1,470,1,PIN (PLACE DU),,,Plein jour,En agglomération,Hors intersection,Normale,Autre collision,,,,,,,,,,,1,2,1,1,6
200600062017,0006-10-12 18:15:00,6,10,12,18,15,470,1,"2, MIDI (AVENUE DU)",,,Plein jour,En agglomération,Hors intersection,Normale,Deux véhicules - côté,,,,,,,,,,,1,2,1,1,3
200600062018,0006-10-16 17:08:00,6,10,16,17,8,470,1,CUVIER (AV. GEORGES),,,Plein jour,En agglomération,Hors intersection,Normale,Autre collision,,,,,,,,,,,1,2,1,1,6
200600062019,0006-10-21 12:40:00,6,10,21,12,40,470,1,REPUBLIQUE (BOULEVARD DE,,,Plein jour,En agglomération,Hors intersection,Normale,Autre collision,,,,,,,,,,,1,2,1,1,6
200600062020,0006-10-24 07:55:00,6,10,24,7,55,470,1,LIBERTE (BOULEVARD DE LA,,,Crépuscule ou aube,En agglomération,Hors intersection,Normale,Autre collision,,,,,,,,,,,2,2,1,1,6
200600062021,0006-10-27 12:45:00,6,10,27,12,45,470,1,"27, REPUBLIQUE (BOULEVAR",,,Plein jour,En agglomération,Hors intersection,Normale,Autre collision,,,,,,,,,,,1,2,1,1,6
200600062022,0006-10-28 19:45:00,6,10,28,19,45,470,1,"12, MIDI (AVENUE DU)",,,Nuit avec éclairage allumé,En agglomération,Intersection en T,Normale,Deux véhicules - côté,,,,,,,,,,,5,2,3,1,3
200600062023,0006-10-31 09:00:00,6,10,31,9,0,470,1,DELPECH (AV. GEORGES),,,Plein jour,En agglomération,Hors intersection,Normale,Trois véhicules et plus - en chaîne,,,,,,,,,,,1,2,1,1,4
200600062024,0006-10-05 16:45:00,6,10,5,16,45,470,323,"15, SAINTE CATHERINE (RU",,,Plein jour,En agglomération,Hors intersection,Normale,Autre collision,,,,,,,,,,,1,2,1,1,6
200600062025,0006-10-07 15:20:00,6,10,7,15,20,470,27,PONSERVAT (lieu-dit),,,Plein jour,En agglomération,Hors intersection,Normale,Deux véhicules - côté,,,,,,,,,,,1,2,1,1,3
200600062026,0006-10-14 16:00:00,6,10,14,16,0,470,323,FEDERATION (ALLEE DE LA),,,Plein jour,En agglomération,Hors intersection,Normale,Autre collision,,,,,,,,,,,1,2,1,1,6
200600062027,0006-10-14 19:45:00,6,10,14,19,45,470,323,"16, DESMOULINS (BD CAMIL",,,Nuit avec éclairage allumé,En agglomération,Hors intersection,Normale,Autre collision,,,,,,,,,,,5,2,1,1,6
200600062028,0006-10-22 16:55:00,6,10,22,16,55,470,323,MON ROGER,,,Plein jour,Hors agglomération,Hors intersection,Normale,Autre collision,,,,,,,,,,,1,1,1,1,6
200600062029,0006-10-03 17:18:00,6,10,3,17,18,490,7,"0, HOCHE",,,Plein jour,En agglomération,Hors intersection,Normale,Autre collision,,,,,,,,,,,1,2,1,1,6
200600062030,0006-10-04 14:03:00,6,10,4,14,3,490,246,"0, GALLIENI AVENUE",,,Plein jour,En agglomération,Hors intersection,Normale,Autre collision,,,,,,,,,,,1,2,1,1,6
200600062031,0006-10-04 11:47:00,6,10,4,11,47,490,353,"0, D4",,,Plein jour,En agglomération,Hors intersection,Normale,Autre collision,,,,,,,,,,,1,2,1,1,6
200600062032,0006-10-05 11:04:00,6,10,5,11,4,490,7,"101, PONTS DE CE",,,Plein jour,En agglomération,Hors intersection,Normale,Autre collision,,,,,,,,,,,1,2,1,1,6
200600062033,0006-10-03 13:05:00,6,10,3,13,5,490,267,RD 116,,,Plein jour,Hors agglomération,Hors intersection,Pluie légère,Deux véhicules - frontale,,,,,,,,,,,1,1,1,2,1
200600062034,0006-10-02 21:50:00,6,10,2,21,50,490,7,"00, PONTS DE CE",,,Nuit avec éclairage allumé,En agglomération,Intersection en X,Pluie légère,Deux véhicules - côté,,,,,,,,,,,5,2,2,2,3
200600062035,0006-10-03 08:15:00,6,10,3,8,15,490,7,"00, GAIN ( LOUIS)",,,Plein jour,En agglomération,Hors intersection,Normale,Autre collision,,,,,,,,,,,1,2,1,1,6
200600062036,0006-10-06 19:18:00,6,10,6,19,18,490,7,VOIE DES BERGES,,,Crépuscule ou aube,En agglomération,Hors intersection,Pluie légère,Deux véhicules - arrière,,,,,,,,,,,2,2,1,2,2
200600062037,0006-10-06 17:49:00,6,10,6,17,49,490,7,"0, PAUL BERT",,,Plein jour,En agglomération,Hors intersection,Pluie légère,Sans collision,,,,,,,,,,,1,2,1,2,7
200600062038,0006-10-07 10:57:00,6,10,7,10,57,490,7,"0, MONTAIGNE AVENUE",,,Plein jour,En agglomération,Intersection en T,Normale,Autre collision,,,,,,,,,,,1,2,3,1,6
200600062039,0006-10-09 14:18:00,6,10,9,14,18,490,7,"36, PORTET BOULEVARD",,,Plein jour,En agglomération,Hors intersection,Normale,Deux véhicules - côté,,,,,,,,,,,1,2,1,1,3
200600062040,0006-10-09 12:07:00,6,10,9,12,7,490,7,"200, GUICHARD",,,Plein jour,En agglomération,Intersection en X,Pluie légère,Deux véhicules - côté,,,,,,,,,,,1,2,2,2,3
200600062041,0006-10-09 19:53:00,6,10,9,19,53,490,7,"0, BIRGE BOULEVARD",,,Nuit avec éclairage allumé,En agglomération,Intersection en X,Normale,Deux véhicules - côté,,,,,,,,,,,5,2,2,1,3
200600062042,0006-10-10 18:26:00,6,10,10,18,26,490,246,"0, CHAUVIN AVENUE",,,Plein jour,En agglomération,Hors intersection,Normale,Deux véhicules - côté,,,,,,,,,,,1,2,1,1,3
200600062043,0006-10-12 07:52:00,6,10,12,7,52,490,7,"48, JEAN XXIII AVENUE",,,Plein jour,En agglomération,Hors intersection,Normale,Sans collision,,,,,,,,,,,1,2,1,1,7
200600062044,0006-10-12 10:59:00,6,10,12,10,59,490,7,"0, RAMON BOULEVARD",,,Plein jour,En agglomération,Hors intersection,Normale,Deux véhicules - arrière,,,,,,,,,,,1,2,1,1,2
200600062045,0006-10-12 13:43:00,6,10,12,13,43,490,7,"0, BASSE CHAINE PONT",,,Plein jour,En agglomération,Hors intersection,Normale,Deux véhicules - arrière,,,,,,,,,,,1,2,1,1,2
200600062046,0006-10-12 18:40:00,6,10,12,18,40,490,7,"0, BORDIER JACQUES",,,Plein jour,En agglomération,Hors intersection,Normale,Sans collision,,,,,,,,,,,1,2,1,1,7
200600062047,0006-10-12 18:53:00,6,10,12,18,53,490,7,"0, ATLANTIQUE  AVENUE DE",,,Plein jour,En agglomération,Hors intersection,Normale,Trois véhicules et plus - en chaîne,,,,,,,,,,,1,2,1,1,4
200600062048,0006-10-15 11:00:00,6,10,15,11,0,490,7,"0, DAVIERS BOULEVARD",,,Plein jour,En agglomération,Hors intersection,Normale,Sans collision,,,,,,,,,,,1,2,1,1,7
200600062049,0006-10-13 10:40:00,6,10,13,10,40,490,15,"0, PERRIERE ROUTE DE LA",,,Plein jour,En agglomération,Hors intersection,Normale,Sans collision,,,,,,,,,,,1,2,1,1,7
200600062050,0006-10-14 15:30:00,6,10,14,15,30,490,7,"28, ROI RENE BOULEVARD",,,Plein jour,En agglomération,Hors intersection,Normale,Deux véhicules - arrière,,,,,,,,,,,1,2,1,1,2
200600062051,0006-10-14 19:14:00,6,10,14,19,14,490,7,"0, SANGNIER",,,Plein jour,En agglomération,Hors intersection,Normale,Deux véhicules - côté,,,,,,,,,,,1,2,1,1,3
200600062052,0006-10-14 11:20:00,6,10,14,11,20,490,15,"80, MENDES FRANCE AVENUE",,,Plein jour,En agglomération,Hors intersection,Normale,Sans collision,,,,,,,,,,,1,2,1,1,7
200600062053,0006-10-11 17:42:00,6,10,11,17,42,490,7,"19, DAVIERS BOULEVARD",,,Crépuscule ou aube,En agglomération,Hors intersection,Pluie légère,Deux véhicules - arrière,,,,,,,,,,,2,2,1,2,2
200600062054,0006-10-13 12:36:00,6,10,13,12,36,490,7,"0, CAMUS BOULEVARD",,,Plein jour,En agglomération,Intersection en X,Normale,Sans collision,,,,,,,,,,,1,2,2,1,7
200600062055,0006-10-02 17:58:00,6,10,2,17,58,490,7,"00, MOULIN PONT ET PLACE",,,Plein jour,En agglomération,Hors intersection,Pluie légère,Sans collision,,,,,,,,,,,1,2,1,2,7
200600062056,0006-10-06 14:23:00,6,10,6,14,23,490,7,"20, OSNABRUCK",,,Plein jour,En agglomération,Hors intersection,Normale,Deux véhicules - arrière,,,,,,,,,,,1,2,1,1,2
200600062057,0006-10-07 15:26:00,6,10,7,15,26,490,7,"00, SAINT MICHEL BOULEVA",,,Plein jour,En agglomération,Hors intersection,Normale,Deux véhicules - côté,,,,,,,,,,,1,2,1,1,3
200600062058,0006-10-16 13:50:00,6,10,16,13,50,490,7,"7, VOLNEY",,,Plein jour,En agglomération,Hors intersection,Normale,Sans collision,,,,,,,,,,,1,2,1,1,7
200600062059,0006-10-16 22:00:00,6,10,16,22,0,490,7,"69, CHAUMIN BOULEVARD",,,Nuit sans éclairage public,En agglomération,Hors intersection,Normale,Sans collision,,,,,,,,,,,3,2,1,1,7
200600062060,0006-10-19 12:28:00,6,10,19,12,28,490,7,"0, MEIGNANNE",,,Plein jour,En agglomération,Intersection en T,Normale,Deux véhicules - côté,,,,,,,,,,,1,2,3,1,3