accident_id,datetime,annee,mois,jour,heure,minute,departement,commune_insee,adresse,latitude,longitude,luminosite,agglomeration,intersection,meteo,collision,nb_vehicules,nb_usagers,nb_indemnes,nb_tues,nb_blesses_hosp,nb_blesses_legers,age_cond_1,age_cond_2,veh_type_cond_1,veh_type_cond_2,lum_code,agg_code,int_code,atm_code,col_code
200600062061,0006-10-19 18:15:00,6,10,19,18,15,490,7,"0, LETANDUERE",,,Plein jour,En agglomération,Hors intersection,Normale,Sans collision,,,,,,,,,,,1,2,1,1,7
200600062062,0006-10-22 16:58:00,6,10,22,16,58,490,353,"0, PERREYEUX",,,Plein jour,En agglomération,Hors intersection,Pluie légère,Trois véhicules et plus - collisions multiples,,,,,,,,,,,1,2,1,2,5
200600062063,0006-10-20 09:19:00,6,10,20,9,19,490,7,"0, ATLANTIQUE  AVENUE DE",,,Plein jour,En agglomération,Hors intersection,Pluie légère,Deux véhicules - arrière,,,,,,,,,,,1,2,1,2,2
200600062064,0006-10-20 15:03:00,6,10,20,15,3,490,7,"16, PICASSO",,,Plein jour,En agglomération,Hors intersection,Normale,Autre collision,,,,,,,,,,,1,2,1,1,6
200600062065,0006-10-21 17:32:00,6,10,21,17,32,490,7,"6, BESSONEAU",,,Plein jour,En agglomération,Intersection en T,Pluie légère,Deux véhicules - côté,,,,,,,,,,,1,2,3,2,3
200600062066,0006-10-24 19:48:00,6,10,24,19,48,490,246,"16, PERDRIAU",,,Nuit avec éclairage allumé,En agglomération,Hors intersection,Normale,Autre collision,,,,,,,,,,,5,2,1,1,6
200600062067,0006-10-25 23:45:00,6,10,25,23,45,490,7,"0, VOIE DES BERGES",,,Nuit avec éclairage allumé,En agglomération,Hors intersection,Pluie légère,Sans collision,,,,,,,,,,,5,2,1,2,7
200600062068,0006-10-25 07:12:00,6,10,25,7,12,490,7,"0, JOFFRE BOULEVARD",,,Nuit avec éclairage allumé,En agglomération,Intersection en T,Normale,Sans collision,,,,,,,,,,,5,2,3,1,7
200600062069,0006-10-26 17:00:00,6,10,26,17,0,490,7,"0, BARANGE BOULEVARD",,,Plein jour,En agglomération,Hors intersection,Normale,Trois véhicules et plus - en chaîne,,,,,,,,,,,1,2,1,1,4
200600062070,0006-10-27 12:53:00,6,10,27,12,53,490,7,"0, BOCAGE SQUARE ET RUE",,,Plein jour,En agglomération,Hors intersection,Normale,Autre collision,,,,,,,,,,,1,2,1,1,6
200600062071,0006-10-27 13:29:00,6,10,27,13,29,490,7,"0, RECOUVREUR",,,Plein jour,En agglomération,Hors intersection,Normale,Autre collision,,,,,,,,,,,1,2,1,1,6
200600062072,0006-10-27 13:56:00,6,10,27,13,56,490,7,"0, BIRGE BOULEVARD",,,Plein jour,En agglomération,Intersection en T,Normale,Deux véhicules - côté,,,,,,,,,,,1,2,3,1,3
200600062073,0006-10-29 00:30:00,6,10,29,0,30,490,7,"0, CAMUS BOULEVARD",,,Nuit avec éclairage allumé,En agglomération,Hors intersection,Normale,Autre collision,,,,,,,,,,,5,2,1,1,6
200600062074,0006-10-29 02:18:00,6,10,29,2,18,490,7,"28, PAPIN",,,Nuit avec éclairage allumé,En agglomération,Hors intersection,Normale,Autre collision,,,,,,,,,,,5,2,1,1,6
200600062075,0006-10-31 02:18:00,6,10,31,2,18,490,7,"0, ATLANTIQUE  AVENUE DE",,,Nuit avec éclairage allumé,En agglomération,Hors intersection,Normale,Sans collision,,,,,,,,,,,5,2,1,1,7
200600062076,0006-10-30 16:14:00,6,10,30,16,14,490,7,"145, BARRE CITE ET RUE",,,Plein jour,En agglomération,Hors intersection,Normale,Sans collision,,,,,,,,,,,1,2,1,1,7
200600062077,0006-10-06 17:15:00,6,10,6,17,15,490,7,"0, GAULLE BOULEVARD CHAR",,,Plein jour,En agglomération,Hors intersection,Pluie légère,Sans collision,,,,,,,,,,,1,2,1,2,7
200600062078,0006-10-18 17:30:00,6,10,18,17,30,490,7,"00, PASTEUR AVENUE",,,Plein jour,En agglomération,Hors intersection,Normale,Autre collision,,,,,,,,,,,1,2,1,1,6
200600062079,0006-10-16 12:04:00,6,10,16,12,4,490,7,"66, RECOUVREUR",,,Plein jour,En agglomération,Intersection en X,Normale,Deux véhicules - côté,,,,,,,,,,,1,2,2,1,3
200600062080,0006-10-22 08:57:00,6,10,22,8,57,490,7,"0, BOUCHEMAINE ROUTE",,,Crépuscule ou aube,En agglomération,Hors intersection,Normale,Sans collision,,,,,,,,,,,2,2,1,1,7
200600062081,0006-10-03 06:50:00,6,10,3,6,50,490,99,MARENGO (RUE DE),,,Nuit avec éclairage allumé,En agglomération,Hors intersection,Temps couvert,Autre collision,,,,,,,,,,,5,2,1,8,6
200600062082,0006-10-03 12:50:00,6,10,3,12,50,490,99,RD 960,,,Plein jour,Hors agglomération,Hors intersection,Temps couvert,Deux véhicules - frontale,,,,,,,,,,,1,1,1,8,1
200600062083,0006-10-05 05:10:00,6,10,5,5,10,490,99,"8, TOCQUEVILLE (RUE DE )",,,Nuit avec éclairage allumé,En agglomération,Hors intersection,Normale,Autre collision,,,,,,,,,,,5,2,1,1,6
200600062084,0006-10-17 11:54:00,6,10,17,11,54,490,99,"6, AMPERE (RUE ANDRE)",,,Plein jour,En agglomération,Intersection en X,Normale,Deux véhicules - côté,,,,,,,,,,,1,2,2,1,3
200600062085,0006-10-17 15:50:00,6,10,17,15,50,490,99,"41, GAMBETTA (AVENUE LEO",,,Plein jour,En agglomération,Hors intersection,Normale,Deux véhicules - côté,,,,,,,,,,,1,2,1,1,3
200600062086,0006-10-22 12:10:00,6,10,22,12,10,490,99,CHAMPAGNY (AVENUE DU COM,,,Plein jour,En agglomération,Hors intersection,Normale,Deux véhicules - côté,,,,,,,,,,,1,2,1,1,3
200600062087,0006-10-24 10:00:00,6,10,24,10,0,490,99,"121, PORTE BARON (RUE DE",,,Plein jour,En agglomération,Hors intersection,Normale,Autre collision,,,,,,,,,,,1,2,1,1,6
200600062088,0006-10-27 22:30:00,6,10,27,22,30,490,99,"8, MANCEAU (AVENUE ANATO",,,Nuit avec éclairage allumé,En agglomération,Hors intersection,Normale,Autre collision,,,,,,,,,,,5,2,1,1,6
200600062089,0006-10-29 23:25:00,6,10,29,23,25,490,99,"61, FAIDHERBE (BOULEVARD",,,Nuit avec éclairage allumé,En agglomération,Hors intersection,Normale,Autre collision,,,,,,,,,,,5,2,1,1,6
200600062090,0006-10-11 17:35:00,6,10,11,17,35,490,328,"28, CROIX DE GUERRE (AVE",,,Plein jour,En agglomération,Hors intersection,Normale,Autre collision,,,,,,,,,,,1,2,1,1,6
200600062091,0006-10-15 01:35:00,6,10,15,1,35,490,328,"sans, AMIOT (RUE JULES)",,,Nuit avec éclairage allumé,En agglomération,Hors intersection,Normale,Deux véhicules - arrière,,,,,,,,,,,5,2,1,1,2
200600062092,0006-10-16 12:55:00,6,10,16,12,55,490,328,"sans, WEYGAND (ROND-POIN",,,Plein jour,Hors agglomération,Giratoire,Normale,Deux véhicules - côté,,,,,,,,,,,1,1,6,1,3
200600062093,0006-10-02 22:05:00,6,10,2,22,5,500,129,"00, MILLET (AVENUE JEAN-",,,Nuit avec éclairage allumé,En agglomération,Hors intersection,Normale,Sans collision,,,,,,,,,,,5,2,1,1,7
200600062094,0006-10-04 12:10:00,6,10,4,12,10,500,602,"0, GRAND PRE (RUE DU)",,,Plein jour,En agglomération,Hors intersection,Normale,Sans collision,,,,,,,,,,,1,2,1,1,7
200600062095,0006-10-07 14:25:00,6,10,7,14,25,500,129,"80, FERRY (RUE JULES)",,,Plein jour,Hors agglomération,Hors intersection,Normale,Deux véhicules - frontale,,,,,,,,,,,1,1,1,1,1
200600062096,0006-10-07 15:25:00,6,10,7,15,25,500,173,"0, SALINE (BOULEVARD DE",,,Plein jour,En agglomération,Hors intersection,Normale,Deux véhicules - arrière,,,,,,,,,,,1,2,1,1,2
200600062097,0006-10-13 09:55:00,6,10,13,9,55,500,129,"48, ALEXANDRE III (QUAI)",,,Plein jour,En agglomération,Intersection en T,Normale,Autre collision,,,,,,,,,,,1,2,3,1,6
200600062098,0006-10-14 12:30:00,6,10,14,12,30,500,203,"0, CHASSE DE QUINCAMPOIX",,,Plein jour,Hors agglomération,Hors intersection,Normale,Sans collision,,,,,,,,,,,1,1,1,1,7
200600062099,0006-10-14 23:20:00,6,10,14,23,20,500,173,SALINE (BOULEVARD DE LA),,,Nuit avec éclairage allumé,En agglomération,Hors intersection,Normale,Sans collision,,,,,,,,,,,5,2,1,1,7
200600062100,0006-10-22 19:30:00,6,10,22,19,30,500,602,"0, MARITIME (BOULEVARD)",,,Nuit avec éclairage allumé,En agglomération,Intersection en T,Pluie légère,Deux véhicules - côté,,,,,,,,,,,5,2,3,2,3
200600062101,0006-10-23 17:25:00,6,10,23,17,25,500,173,"0, SALINE (BOULEVARD DE",,,Plein jour,En agglomération,Hors intersection,Pluie légère,Autre collision,,,,,,,,,,,1,2,1,2,6
200600062102,0006-10-23 17:40:00,6,10,23,17,40,500,129,"00, CURIE (RUE JOLIOT)",,,Plein jour,En agglomération,Intersection en X,Pluie forte,Deux véhicules - côté,,,,,,,,,,,1,2,2,3,3
200600062103,0006-10-25 19:30:00,6,10,25,19,30,500,203,Les Rouges Terres,,,Nuit avec éclairage allumé,En agglomération,Intersection en T,Normale,Deux véhicules - frontale,,,,,,,,,,,5,2,3,1,1
200600062104,0006-10-27 17:10:00,6,10,27,17,10,500,602,"0, METIERS (RUE DES)",,,Plein jour,En agglomération,Intersection en X,Normale,Deux véhicules - côté,,,,,,,,,,,1,2,2,1,3
200600062105,0006-10-28 20:15:00,6,10,28,20,15,500,602,"78, CARNOT (RUE)",,,Nuit avec éclairage allumé,En agglomération,Hors intersection,Normale,Autre collision,,,,,,,,,,,5,2,1,1,6
200600062106,0006-10-12 07:55:00,6,10,12,7,55,500,147,"00, DE LA CROUTE",,,Crépuscule ou aube,En agglomération,Autre intersection,Normale,Autre collision,,,,,,,,,,,2,2,9,1,6
200600062107,0006-10-07 10:15:00,6,10,7,10,15,500,532,"1866, CHESNAY (ROUTE DU)",,,Plein jour,Hors agglomération,Intersection en X,Normale,Deux véhicules - côté,,,,,,,,,,,1,1,2,1,3
200600062108,0006-10-18 17:30:00,6,10,18,17,30,500,218,"29, ARMATEURS (RUE DES)",,,Plein jour,En agglomération,Hors intersection,Normale,Deux véhicules - frontale,,,,,,,,,,,1,2,1,1,1
200600062109,0006-10-31 18:25:00,6,10,31,18,25,500,218,SHERBONE (ROND POINT),,,Nuit avec éclairage allumé,En agglomération,Giratoire,Normale,Deux véhicules - côté,,,,,,,,,,,5,2,6,1,3
200600062110,0006-10-08 15:50:00,6,10,8,15,50,500,502,BAYEUX (ROUTE),,,Plein jour,Hors agglomération,Intersection en T,Normale,Deux véhicules - côté,,,,,,,,,,,1,1,3,1,3
200600062111,0006-10-14 19:30:00,6,10,14,19,30,500,502,BALTIMORE,,,Nuit avec éclairage allumé,En agglomération,Intersection en T,Normale,Deux véhicules - côté,,,,,,,,,,,5,2,3,1,3
200600062112,0006-10-24 18:50:00,6,10,24,18,50,500,2,", COUTANCES (ROUTE DE)",,,Plein jour,En agglomération,Intersection en X,Normale,Deux véhicules - côté,,,,,,,,,,,1,2,2,1,3
200600062113,0006-10-24 10:50:00,6,10,24,10,50,500,502,ALSACE LORRAINE,,,Plein jour,En agglomération,Hors intersection,Normale,Deux véhicules - arrière,,,,,,,,,,,1,2,1,1,2
200600062114,0006-10-07 12:50:00,6,10,7,12,50,510,108,"1, DE GAULLE (AVE GENERA",,,Plein jour,En agglomération,Hors intersection,Normale,Deux véhicules - côté,,,,,,,,,,,1,2,1,1,3
200600062115,0006-10-07 15:43:00,6,10,7,15,43,510,108,TROYES (RTE DE),,,Plein jour,Hors agglomération,Hors intersection,Normale,Deux véhicules - côté,,,,,,,,,,,1,1,1,1,3
200600062116,0006-10-10 07:15:00,6,10,10,7,15,510,108,"110, PARIS (AVE DE)",,,Nuit avec éclairage allumé,En agglomération,Hors intersection,Temps couvert,Autre collision,,,,,,,,,,,5,2,1,8,6
200600062117,0006-10-11 11:00:00,6,10,11,11,0,510,108,"1, MALLARME (RUE STEPHAN",,,Plein jour,En agglomération,Giratoire,Normale,Autre collision,,,,,,,,,,,1,2,6,1,6
200600062118,0006-10-12 07:45:00,6,10,12,7,45,510,242,"33, GENERAL DAUTELLE (RU",,,Plein jour,En agglomération,Hors intersection,Normale,Deux véhicules - côté,,,,,,,,,,,1,2,1,1,3
200600062119,0006-10-16 20:10:00,6,10,16,20,10,510,108,"1, LIBERATION (PL DE LA)",,,Nuit avec éclairage allumé,En agglomération,Giratoire,Pluie légère,Deux véhicules - côté,,,,,,,,,,,5,2,6,2,3
200600062120,0006-10-25 13:25:00,6,10,25,13,25,510,506,"29, VAUBAN (BD)",,,Plein jour,En agglomération,Autre intersection,Normale,Autre collision,,,,,,,,,,,1,2,9,1,6
200600062121,0006-10-29 15:10:00,6,10,29,15,10,510,108,"1, DOUMER (ALL PAUL)",,,Plein jour,En agglomération,Hors intersection,Normale,Deux véhicules - côté,,,,,,,,,,,1,2,1,1,3
200600062122,0006-10-03 23:25:00,6,10,3,23,25,510,230,CHAMPAGNE (AVENUE DE),,,Nuit avec éclairage allumé,En agglomération,Hors intersection,Normale,Deux véhicules - arrière,,,,,,,,,,,5,2,1,1,2
200600062123,0006-10-05 17:40:00,6,10,5,17,40,510,230,"5, MARTYRS DE LA RESISTA",,,Plein jour,En agglomération,Intersection en X,Normale,Autre collision,,,,,,,,,,,1,2,2,1,6
200600062124,0006-10-10 17:00:00,6,10,10,17,0,510,230,GODARD (RUE ROGER),,,Plein jour,En agglomération,Intersection en X,Normale,Autre collision,,,,,,,,,,,1,2,2,1,6
200600062125,0006-10-08 12:30:00,6,10,8,12,30,510,454,LISBONNE (ALLEE),,,Plein jour,En agglomération,Hors intersection,Normale,Autre collision,,,,,,,,,,,1,2,1,1,6
200600062126,0006-10-09 18:20:00,6,10,9,18,20,510,454,", CERNAY (RUE DE ) DU N°",,,Plein jour,En agglomération,Intersection en X,Normale,Deux véhicules - côté,,,,,,,,,,,1,2,2,1,3
200600062127,0006-10-09 18:30:00,6,10,9,18,30,510,573,BERNHARDT (AVENUE SARAH),,,Plein jour,En agglomération,Hors intersection,Normale,Deux véhicules - côté,,,,,,,,,,,1,2,1,1,3
200600062128,0006-10-10 12:50:00,6,10,10,12,50,510,454,SALENGRO (RUE ROGER),,,Plein jour,En agglomération,Hors intersection,Normale,Deux véhicules - côté,,,,,,,,,,,1,2,1,1,3
200600062129,0006-10-13 08:55:00,6,10,13,8,55,510,454,"15, LAON (AVENUE) DU N°",,,Plein jour,En agglomération,Hors intersection,Normale,Deux véhicules - côté,,,,,,,,,,,1,2,1,1,3
200600062130,0006-10-15 19:35:00,6,10,15,19,35,510,454,"22, PAIX (BOULEVARD DE L",,,Nuit avec éclairage allumé,En agglomération,Hors intersection,Normale,Deux véhicules - arrière,,,,,,,,,,,5,2,1,1,2
200600062131,0006-10-16 17:55:00,6,10,16,17,55,510,454,PAIX (BOULEVARD DE LA),,,Plein jour,En agglomération,Intersection en X,Normale,Deux véhicules - côté,,,,,,,,,,,1,2,2,1,3
200600062132,0006-10-18 10:15:00,6,10,18,10,15,510,454,CLOVIS (RUE),,,Plein jour,En agglomération,Hors intersection,Normale,Autre collision,,,,,,,,,,,1,2,1,1,6
200600062133,0006-10-20 11:45:00,6,10,20,11,45,510,454,"22, LANGLET (COURS JEAN",,,Plein jour,En agglomération,Hors intersection,Normale,Autre collision,,,,,,,,,,,1,2,1,1,6
200600062134,0006-10-23 16:40:00,6,10,23,16,40,510,172,NIEPCE (AVENUE NICEPHORE,,,Plein jour,Hors agglomération,Hors intersection,Normale,Trois véhicules et plus - en chaîne,,,,,,,,,,,1,1,1,1,4
200600062135,0006-10-26 17:10:00,6,10,26,17,10,510,454,DAUPHINOT (BOULEVARD),,,Plein jour,En agglomération,Intersection en T,Normale,Deux véhicules - côté,,,,,,,,,,,1,2,3,1,3
200600062136,0006-10-27 13:45:00,6,10,27,13,45,510,454,GAMBETTA (RUE) DU N°1 AU,,,Plein jour,En agglomération,Intersection en X,Normale,Deux véhicules - côté,,,,,,,,,,,1,2,2,1,3
200600062137,0006-10-30 10:40:00,6,10,30,10,40,510,454,"28, SAINT BRICE (RUE)",,,Plein jour,En agglomération,Hors intersection,Normale,Autre collision,,,,,,,,,,,1,2,1,1,6
200600062138,0006-10-30 21:25:00,6,10,30,21,25,510,454,"41, SULLY (RUE)",,,Nuit avec éclairage allumé,En agglomération,Hors intersection,Normale,Deux véhicules - côté,,,,,,,,,,,5,2,1,1,3
200600062139,0006-10-30 14:45:00,6,10,30,14,45,510,454,COSTES (AVENUE DIEUDONNE,,,Plein jour,Hors agglomération,Hors intersection,Normale,Sans collision,,,,,,,,,,,1,1,1,1,7
200600062140,0006-10-31 12:15:00,6,10,31,12,15,510,454,NOIROT (BOULEVARD MAURIC,,,Plein jour,En agglomération,Hors intersection,Normale,Deux véhicules - frontale,,,,,,,,,,,1,2,1,1,1
200600062141,0006-10-04 17:25:00,6,10,4,17,25,520,121,"0, MOULIN NEUF ( Z.A.C.",,,Plein jour,En agglomération,Hors intersection,Normale,Autre collision,,,,,,,,,,,1,2,1,1,6
200600062142,0006-10-08 23:55:00,6,10,8,23,55,520,121,"0, SOUVENIR FRANCAIS (AV",,,Nuit avec éclairage allumé,En agglomération,Hors intersection,Normale,Autre collision,,,,,,,,,,,5,2,1,1,6
200600062143,0006-10-13 08:00:00,6,10,13,8,0,520,121,R.D. 161,,,Crépuscule ou aube,En agglomération,Hors intersection,Normale,Deux véhicules - frontale,,,,,,,,,,,2,2,1,1,1
200600062144,0006-10-17 07:20:00,6,10,17,7,20,520,121,"18, GAMBETTA (BOULEVARD)",,,Crépuscule ou aube,En agglomération,Hors intersection,Normale,Autre collision,,,,,,,,,,,2,2,1,1,6
200600062145,0006-10-17 11:50:00,6,10,17,11,50,520,121,"1, BLONDEL (RUE ANDRE)",,,Plein jour,En agglomération,Intersection en X,Normale,Autre collision,,,,,,,,,,,1,2,2,1,6
200600062146,0006-10-17 16:15:00,6,10,17,16,15,520,121,"07, VOLTAIRE (BOULEVARD)",,,Plein jour,En agglomération,Hors intersection,Normale,Autre collision,,,,,,,,,,,1,2,1,1,6
200600062147,0006-10-20 18:50:00,6,10,20,18,50,520,121,"13, LALOY (RUE)",,,Nuit avec éclairage allumé,En agglomération,Intersection en T,Pluie forte,Autre collision,,,,,,,,,,,5,2,3,3,6
200600062148,0006-10-27 19:55:00,6,10,27,19,55,520,121,"61, CARNOT (AVENUE)",,,Nuit avec éclairage allumé,En agglomération,Hors intersection,Normale,Deux véhicules - frontale,,,,,,,,,,,5,2,1,1,1
200600062149,0006-10-29 20:02:00,6,10,29,20,2,520,121,"0, VAL DE MARNE (RUE DU)",,,Nuit sans éclairage public,En agglomération,Hors intersection,Brouillard / fumée,Deux véhicules - frontale,,,,,,,,,,,3,2,1,5,1
200600062150,0006-10-08 04:35:00,6,10,8,4,35,520,121,"0, RD 101",,,Nuit sans éclairage public,Hors agglomération,Hors intersection,Brouillard / fumée,Autre collision,,,,,,,,,,,3,1,1,5,6
200600062151,0006-10-09 12:35:00,6,10,9,12,35,520,448,"1, ETATS UNIS (AVENUE DE",,,Plein jour,En agglomération,Hors intersection,Temps éblouissant,Deux véhicules - arrière,,,,,,,,,,,1,2,1,7,2
200600062152,0006-10-13 22:25:00,6,10,13,22,25,520,448,"54, ROND POINT DE VERGY",,,Nuit avec éclairage allumé,En agglomération,Giratoire,Normale,Sans collision,,,,,,,,,,,5,2,6,1,7
200600062153,0006-10-23 17:30:00,6,10,23,17,30,520,448,RN 4,,,Plein jour,Hors agglomération,Hors intersection,Pluie légère,Sans collision,,,,,,,,,,,1,1,1,2,7
200600062154,0006-10-24 10:02:00,6,10,24,10,2,520,448,"1, GAULLE (PLACE DU GENE",,,Plein jour,En agglomération,Intersection à plus de 4 branches,Temps couvert,Autre collision,,,,,,,,,,,1,2,5,8,6
200600062155,0006-10-25 23:45:00,6,10,25,23,45,520,448,"0, ETANG DE LA MARINA (C",,,Nuit sans éclairage public,En agglomération,Hors intersection,Normale,Sans collision,,,,,,,,,,,3,2,1,1,7
200600062156,0006-10-30 15:05:00,6,10,30,15,5,520,448,"6, HENRI IV (RUE)",,,Plein jour,En agglomération,Intersection en T,Temps éblouissant,Deux véhicules - côté,,,,,,,,,,,1,2,3,7,3
200600062157,0006-10-07 11:45:00,6,10,7,11,45,530,130,TOURS ( AVENUE DE ),,,Plein jour,En agglomération,Hors intersection,Normale,Autre collision,,,,,,,,,,,1,2,1,1,6
200600062158,0006-10-15 21:40:00,6,10,15,21,40,540,99,138 (RD),,,Nuit sans éclairage public,Hors agglomération,Hors intersection,Normale,Trois véhicules et plus - collisions multiples,,,,,,,,,,,3,1,1,1,5
200600062159,0006-10-18 15:50:00,6,10,18,15,50,540,253,LORRAINE (RUE DE),,,Plein jour,En agglomération,Hors intersection,Normale,Autre collision,,,,,,,,,,,1,2,1,1,6
200600062160,0006-10-27 23:10:00,6,10,27,23,10,540,273,DEPARTEMENTALE 952,,,Nuit avec éclairage allumé,Hors agglomération,Hors intersection,Normale,Autre collision,,,,,,,,,,,5,1,1,1,6
200600062161,0006-10-28 05:00:00,6,10,28,5,0,540,469,DEPARTEMENTALE 135,,,Nuit sans éclairage public,Hors agglomération,Hors intersection,Normale,Autre collision,,,,,,,,,,,3,1,1,1,6
200600062162,0006-10-29 19:10:00,6,10,29,19,10,540,483,D 400,,,Nuit avec éclairage allumé,Hors agglomération,Intersection en X,Normale,Deux véhicules - côté,,,,,,,,,,,5,1,2,1,3
200600062163,0006-10-04 19:15:00,6,10,4,19,15,540,382,"1, BOIS (AVENUE DU)",,,Plein jour,En agglomération,Hors intersection,Normale,Sans collision,,,,,,,,,,,1,2,1,1,7
200600062164,0006-10-15 17:30:00,6,10,15,17,30,540,323,"1, SAINTIGNON (AVENUE DE",,,Plein jour,En agglomération,Hors intersection,Normale,Deux véhicules - côté,,,,,,,,,,,1,2,1,1,3
200600062165,0006-10-01 03:45:00,6,10,1,3,45,540,395,HUGO (RUE VICTOR),,,Nuit avec éclairage allumé,En agglomération,Intersection en X,Normale,Deux véhicules - côté,,,,,,,,,,,5,2,2,1,3
200600062166,0006-10-01 10:05:00,6,10,1,10,5,540,395,"1, DRIANT (PLACE DU COLO",,,Plein jour,En agglomération,Intersection en T,Normale,Autre collision,,,,,,,,,,,1,2,3,1,6
200600062167,0006-10-01 15:55:00,6,10,1,15,55,540,395,"81, SAINT NICOLAS (RUE R",,,Plein jour,En agglomération,Intersection en X,Normale,Deux véhicules - côté,,,,,,,,,,,1,2,2,1,3
200600062168,0006-10-01 17:20:00,6,10,1,17,20,540,357,"1, ZENITH",,,Plein jour,Hors agglomération,Hors intersection,Normale,Deux véhicules - côté,,,,,,,,,,,1,1,1,1,3
200600062169,0006-10-02 09:00:00,6,10,2,9,0,540,395,CYFFLE (RUE),,,Plein jour,En agglomération,Hors intersection,Normale,Autre collision,,,,,,,,,,,1,2,1,1,6
200600062170,0006-10-04 18:00:00,6,10,4,18,0,540,395,"1, PINCHARD (AVENUE OMBE",,,Plein jour,En agglomération,Giratoire,Normale,Deux véhicules - arrière,,,,,,,,,,,1,2,6,1,2
200600062171,0006-10-04 19:10:00,6,10,4,19,10,540,184,BRIGACHTAL (AVENUE DE),,,Crépuscule ou aube,En agglomération,Intersection en X,Temps couvert,Deux véhicules - côté,,,,,,,,,,,2,2,2,8,3
200600062172,0006-10-05 08:50:00,6,10,5,8,50,540,495,"1, BOSSERVILLE (ROUTE DE",,,Plein jour,En agglomération,Hors intersection,Normale,Sans collision,,,,,,,,,,,1,2,1,1,7
200600062173,0006-10-05 12:10:00,6,10,5,12,10,540,300,"28, GALTIER (RUE LUCIEN)",,,Plein jour,En agglomération,Hors intersection,Normale,Deux véhicules - côté,,,,,,,,,,,1,2,1,1,3
200600062174,0006-10-07 12:10:00,6,10,7,12,10,540,265,"1, RD 570",,,Plein jour,Hors agglomération,Intersection en T,Normale,Deux véhicules - côté,,,,,,,,,,,1,1,3,1,3
200600062175,0006-10-08 16:30:00,6,10,8,16,30,540,395,"1, METZ (RUE DE)",,,Plein jour,En agglomération,Intersection en X,Normale,Deux véhicules - côté,,,,,,,,,,,1,2,2,1,3
200600062176,0006-10-09 12:00:00,6,10,9,12,0,540,395,"105, AUSTRASIE (BOULEVAR",,,Plein jour,En agglomération,Hors intersection,Normale,Autre collision,,,,,,,,,,,1,2,1,1,6
200600062177,0006-10-09 06:40:00,6,10,9,6,40,540,547,"1, PERI (RUE GABRIEL)",,,Nuit avec éclairage allumé,En agglomération,Intersection en X,Brouillard / fumée,Deux véhicules - côté,,,,,,,,,,,5,2,2,5,3
200600062178,0006-10-09 15:05:00,6,10,9,15,5,540,304,"1, SAPINIERE (RUE DE LA)",,,Plein jour,En agglomération,Autre intersection,Normale,Deux véhicules - côté,,,,,,,,,,,1,2,9,1,3
200600062179,0006-10-10 14:40:00,6,10,10,14,40,540,395,"40, SCARPONE (BD DE)",,,Plein jour,En agglomération,Hors intersection,Normale,Autre collision,,,,,,,,,,,1,2,1,1,6
200600062180,0006-10-10 14:50:00,6,10,10,14,50,540,395,"1, HERMITTE (RUE)",,,Plein jour,En agglomération,Intersection en X,Normale,Sans collision,,,,,,,,,,,1,2,2,1,7
200600062181,0006-10-11 07:30:00,6,10,11,7,30,540,300,"34, CEZARD (RUE RAOUL)",,,Crépuscule ou aube,En agglomération,Hors intersection,Brouillard / fumée,Deux véhicules - côté,,,,,,,,,,,2,2,1,5,3
200600062182,0006-10-11 09:30:00,6,10,11,9,30,540,395,PINCHARD (AVENUE - OMBEL,,,Plein jour,En agglomération,Hors intersection,Brouillard / fumée,Autre collision,,,,,,,,,,,1,2,1,5,6
200600062183,0006-10-11 13:30:00,6,10,11,13,30,540,395,"3, LEOPOLD (COURS)",,,Plein jour,En agglomération,Hors intersection,Normale,Deux véhicules - arrière,,,,,,,,,,,1,2,1,1,2
200600062184,0006-10-11 14:00:00,6,10,11,14,0,540,395,"1, MALZEVILLE (RUE ET SE",,,Plein jour,En agglomération,Intersection en X,Normale,Deux véhicules - frontale,,,,,,,,,,,1,2,2,1,1
200600062185,0006-10-12 11:30:00,6,10,12,11,30,540,395,"1, VINGTIEME CORPS (AVEN",,,Plein jour,En agglomération,Hors intersection,Normale,Deux véhicules - arrière,,,,,,,,,,,1,2,1,1,2
200600062186,0006-10-12 10:35:00,6,10,12,10,35,540,395,CHARLES III (RUE),,,Plein jour,En agglomération,Intersection en X,Normale,Autre collision,,,,,,,,,,,1,2,2,1,6
200600062187,0006-10-12 07:20:00,6,10,12,7,20,540,395,"102, BOUDONVILLE (RUE DE",,,Crépuscule ou aube,En agglomération,Hors intersection,Normale,Sans collision,,,,,,,,,,,2,2,1,1,7
200600062188,0006-10-13 12:00:00,6,10,13,12,0,540,547,"1, ARC (AVENUE JEANNE D'",,,Plein jour,En agglomération,Intersection en Y,Normale,Deux véhicules - côté,,,,,,,,,,,1,2,4,1,3
200600062189,0006-10-13 19:30:00,6,10,13,19,30,540,328,"1, FERRI DE LUDRE (PLACE",,,Nuit avec éclairage allumé,En agglomération,Intersection en T,Normale,Deux véhicules - côté,,,,,,,,,,,5,2,3,1,3
200600062190,0006-10-14 22:15:00,6,10,14,22,15,540,339,"78, REPUBLIQUE (RUE DE L",,,Nuit avec éclairage allumé,En agglomération,Hors intersection,Normale,Autre collision,,,,,,,,,,,5,2,1,1,6
200600062191,0006-10-15 19:45:00,6,10,15,19,45,540,395,GARENNE (ALLEE ET AVENUE,,,Nuit avec éclairage allumé,En agglomération,Intersection en X,Normale,Deux véhicules - côté,,,,,,,,,,,5,2,2,1,3