accident_id,datetime,annee,mois,jour,heure,minute,departement,commune_insee,adresse,latitude,longitude,luminosite,agglomeration,intersection,meteo,collision,nb_vehicules,nb_usagers,nb_indemnes,nb_tues,nb_blesses_hosp,nb_blesses_legers,age_cond_1,age_cond_2,veh_type_cond_1,veh_type_cond_2,lum_code,agg_code,int_code,atm_code,col_code
200600062192,0006-10-16 09:50:00,6,10,16,9,50,540,395,"20, CARNOT (PLACE)",,,Plein jour,En agglomération,Intersection en T,Normale,Deux véhicules - côté,,,,,,,,,,,1,2,3,1,3
200600062193,0006-10-16 15:10:00,6,10,16,15,10,540,547,"12, CLEMENCEAU (BD GEORG",,,Plein jour,En agglomération,Hors intersection,Normale,Autre collision,,,,,,,,,,,1,2,1,1,6
200600062194,0006-10-16 16:00:00,6,10,16,16,0,540,304,SAONE (RUE DE LA),,,Plein jour,En agglomération,Intersection en X,Normale,Deux véhicules - côté,,,,,,,,,,,1,2,2,1,3
200600062195,0006-10-17 08:10:00,6,10,17,8,10,540,184,"1, SOIXANTE NEUVIEME R.I",,,Plein jour,En agglomération,Hors intersection,Brouillard / fumée,Deux véhicules - côté,,,,,,,,,,,1,2,1,5,3
200600062196,0006-10-17 12:30:00,6,10,17,12,30,540,395,"94, STRASBOURG (AVENUE D",,,Plein jour,En agglomération,Hors intersection,Normale,Autre collision,,,,,,,,,,,1,2,1,1,6
200600062197,0006-10-17 12:40:00,6,10,17,12,40,540,526,"1, RD 2 BIS",,,Plein jour,En agglomération,Giratoire,Normale,Deux véhicules - côté,,,,,,,,,,,1,2,6,1,3
200600062198,0006-10-17 15:40:00,6,10,17,15,40,540,395,STANISLAS (RUE),,,Plein jour,En agglomération,Hors intersection,Normale,Autre collision,,,,,,,,,,,1,2,1,1,6
200600062199,0006-10-17 14:30:00,6,10,17,14,30,540,395,STANISLAS (RUE),,,Plein jour,En agglomération,Intersection en T,Normale,Autre collision,,,,,,,,,,,1,2,3,1,6
200600062200,0006-10-17 18:50:00,6,10,17,18,50,540,395,SAINT DIZIER (RUE 2 A 80,,,Nuit avec éclairage allumé,En agglomération,Intersection en X,Normale,Deux véhicules - côté,,,,,,,,,,,5,2,2,1,3
200600062201,0006-10-18 10:35:00,6,10,18,10,35,540,184,"26, DE GAULLE (RUE DU GA",,,Plein jour,En agglomération,Hors intersection,Normale,Autre collision,,,,,,,,,,,1,2,1,1,6
200600062202,0006-10-19 13:55:00,6,10,19,13,55,540,395,"1, JOFFRE (BOULEVARD)",,,Plein jour,En agglomération,Hors intersection,Normale,Autre collision,,,,,,,,,,,1,2,1,1,6
200600062203,0006-10-19 18:40:00,6,10,19,18,40,540,395,"61, SAINT NICOLAS (RUE R",,,Nuit avec éclairage allumé,En agglomération,Hors intersection,Pluie légère,Autre collision,,,,,,,,,,,5,2,1,2,6
200600062204,0006-10-19 16:30:00,6,10,19,16,30,540,265,GENELIERE ( ALLEE DE LA,,,Plein jour,Hors agglomération,Hors intersection,Pluie légère,Deux véhicules - frontale,,,,,,,,,,,1,1,1,2,1
200600062205,0006-10-20 02:30:00,6,10,20,2,30,540,339,"1, RD 32",,,Nuit sans éclairage public,Hors agglomération,Hors intersection,Pluie légère,Autre collision,,,,,,,,,,,3,1,1,2,6
200600062206,0006-10-20 13:15:00,6,10,20,13,15,540,395,"169, LECLERC (AV. DU GEN",,,Plein jour,En agglomération,Hors intersection,Normale,Autre collision,,,,,,,,,,,1,2,1,1,6
200600062207,0006-10-22 00:15:00,6,10,22,0,15,540,339,"97, EGLISE (RUE DE L')",,,Nuit avec éclairage allumé,En agglomération,Hors intersection,Normale,Autre collision,,,,,,,,,,,5,2,1,1,6
200600062208,0006-10-22 18:25:00,6,10,22,18,25,540,395,"132, STRASBOURG (AVENUE",,,Plein jour,En agglomération,Intersection en T,Normale,Deux véhicules - arrière,,,,,,,,,,,1,2,3,1,2
200600062209,0006-10-23 17:35:00,6,10,23,17,35,540,357,"1, DE GAULLE (AVENUE DU",,,Crépuscule ou aube,En agglomération,Intersection en T,Pluie légère,Deux véhicules - côté,,,,,,,,,,,2,2,3,2,3
200600062210,0006-10-24 19:45:00,6,10,24,19,45,540,482,"40, ALEXANDRE 1ER (RUE)",,,Nuit avec éclairage allumé,En agglomération,Hors intersection,Normale,Autre collision,,,,,,,,,,,5,2,1,1,6
200600062211,0006-10-14 02:10:00,6,10,14,2,10,540,395,"124, LIBERATION (AVENUE",,,Nuit avec éclairage allumé,En agglomération,Hors intersection,Normale,Autre collision,,,,,,,,,,,5,2,1,1,6
200600062212,0006-10-25 10:00:00,6,10,25,10,0,540,395,"1, ADAM  (RUE SIGISBERT)",,,Plein jour,En agglomération,Hors intersection,Normale,Autre collision,,,,,,,,,,,1,2,1,1,6
200600062213,0006-10-26 11:05:00,6,10,26,11,5,540,395,"3, BLONDLOT (RUE)",,,Plein jour,En agglomération,Hors intersection,Normale,Autre collision,,,,,,,,,,,1,2,1,1,6
200600062214,0006-10-26 17:30:00,6,10,26,17,30,540,547,"3, PORTUGAL (RUE DU)",,,Plein jour,En agglomération,Intersection en T,Normale,Deux véhicules - frontale,,,,,,,,,,,1,2,3,1,1
200600062215,0006-10-27 13:00:00,6,10,27,13,0,540,304,"1, BEL AIR (RUE)",,,Plein jour,En agglomération,Intersection en T,Normale,Deux véhicules - côté,,,,,,,,,,,1,2,3,1,3
200600062216,0006-10-27 15:55:00,6,10,27,15,55,540,395,"1, BOUFFLERS (AV. DE 74",,,Plein jour,En agglomération,Intersection en T,Normale,Deux véhicules - arrière,,,,,,,,,,,1,2,3,1,2
200600062217,0006-10-28 19:05:00,6,10,28,19,5,540,395,"19, FOCH (AVENUE 18 ET 9",,,Nuit avec éclairage allumé,En agglomération,Hors intersection,Normale,Deux véhicules - frontale,,,,,,,,,,,5,2,1,1,1
200600062218,0006-10-28 19:20:00,6,10,28,19,20,540,328,RD 570,,,Nuit avec éclairage allumé,En agglomération,Hors intersection,Temps couvert,Trois véhicules et plus - en chaîne,,,,,,,,,,,5,2,1,8,4
200600062219,0006-10-30 18:06:00,6,10,30,18,6,540,184,"1, DE GAULLE (RUE DU GAL",,,Nuit avec éclairage allumé,En agglomération,Hors intersection,Normale,Autre collision,,,,,,,,,,,5,2,1,1,6
200600062220,0006-10-07 09:50:00,6,10,7,9,50,540,431,"11, DE GUELDRE (RUE PHIL",,,Plein jour,En agglomération,Hors intersection,Normale,Autre collision,,,,,,,,,,,1,2,1,1,6
200600062221,0006-10-18 12:05:00,6,10,18,12,5,540,431,"1221, ETATS-UNIS (AVENUE",,,Plein jour,En agglomération,Intersection en T,Normale,Deux véhicules - côté,,,,,,,,,,,1,2,3,1,3
200600062222,0006-10-10 07:45:00,6,10,10,7,45,540,528,LEUQUES (AVENUE),,,Plein jour,En agglomération,Intersection en X,Normale,Deux véhicules - côté,,,,,,,,,,,1,2,2,1,3
200600062223,0006-10-02 07:20:00,6,10,2,7,20,540,174,MARECHAL JOFFRE (AVENUE),,,Crépuscule ou aube,En agglomération,Hors intersection,Normale,Deux véhicules - côté,,,,,,,,,,,2,2,1,1,3
200600062224,0006-10-20 16:40:00,6,10,20,16,40,540,528,ALBERT 1ER,,,Plein jour,En agglomération,Hors intersection,Pluie légère,Autre collision,,,,,,,,,,,1,2,1,2,6
200600062225,0006-10-27 06:45:00,6,10,27,6,45,540,528,ARISTIDE BRIAND (BOULEVA,,,Crépuscule ou aube,En agglomération,Intersection en T,Pluie légère,Deux véhicules - frontale,,,,,,,,,,,2,2,3,2,1
200600062226,0006-10-08 12:25:00,6,10,8,12,25,540,580,"56, VALLES JULES (RUE)",,,Plein jour,En agglomération,Intersection en T,Normale,Deux véhicules - côté,,,,,,,,,,,1,2,3,1,3
200600062227,0006-10-02 08:00:00,6,10,2,8,0,550,29,"40, DOM CELLIER ( RUE )",,,Plein jour,En agglomération,Hors intersection,Normale,Sans collision,,,,,,,,,,,1,2,1,1,7
200600062228,0006-10-04 18:00:00,6,10,4,18,0,550,29,SCHUMAN ( RUE ROBERT ),,,Plein jour,En agglomération,Hors intersection,Pluie légère,Trois véhicules et plus - en chaîne,,,,,,,,,,,1,2,1,2,4
200600062229,0006-10-11 13:40:00,6,10,11,13,40,550,186,LIBERATION ( AVENUE DE L,,,Plein jour,Hors agglomération,Hors intersection,Normale,Deux véhicules - arrière,,,,,,,,,,,1,1,1,1,2
200600062230,0006-10-15 10:45:00,6,10,15,10,45,550,29,SCHUMAN ( RUE ROBERT ),,,Plein jour,En agglomération,Giratoire,Normale,Deux véhicules - côté,,,,,,,,,,,1,2,6,1,3
200600062231,0006-10-18 14:50:00,6,10,18,14,50,550,29,"138, ROCHELLE ( BOULEVAR",,,Plein jour,En agglomération,Hors intersection,Normale,Deux véhicules - côté,,,,,,,,,,,1,2,1,1,3
200600062232,0006-10-18 20:15:00,6,10,18,20,15,550,41,RD 116,,,Nuit sans éclairage public,Hors agglomération,Hors intersection,Normale,Sans collision,,,,,,,,,,,3,1,1,1,7
200600062233,0006-10-25 15:25:00,6,10,25,15,25,550,186,LIBERATION ( AVENUE DE L,,,Plein jour,Hors agglomération,Hors intersection,Normale,Trois véhicules et plus - en chaîne,,,,,,,,,,,1,1,1,1,4
200600062234,0006-10-03 11:30:00,6,10,3,11,30,560,83,"., BRUANT ( AV. ARISTIDE",,,Plein jour,En agglomération,Intersection en X,Normale,Deux véhicules - côté,,,,,,,,,,,1,2,2,1,3
200600062235,0006-10-04 16:34:00,6,10,4,16,34,560,121,"., CHENAILLER DIT COLONE",,,Plein jour,En agglomération,Intersection en T,Normale,Deux véhicules - côté,,,,,,,,,,,1,2,3,1,3
200600062236,0006-10-05 23:15:00,6,10,5,23,15,560,98,"., CLEMENT (RUE  JEAN-BA",,,Nuit avec éclairage allumé,En agglomération,Intersection en X,Normale,Deux véhicules - côté,,,,,,,,,,,5,2,2,1,3
200600062237,0006-10-07 11:38:00,6,10,7,11,38,560,121,"103, BEAUVAIS (RUE)",,,Plein jour,En agglomération,Hors intersection,Normale,Deux véhicules - frontale,,,,,,,,,,,1,2,1,1,1
200600062238,0006-10-11 08:32:00,6,10,11,8,32,560,98,"., PONT DU BONHOMME (AVE",,,Plein jour,En agglomération,Intersection en T,Normale,Deux véhicules - côté,,,,,,,,,,,1,2,3,1,3
200600062239,0006-10-12 10:36:00,6,10,12,10,36,560,121,"01, GARROS (RUE  ROLAND",,,Plein jour,En agglomération,Hors intersection,Normale,Autre collision,,,,,,,,,,,1,2,1,1,6
200600062240,0006-10-12 19:45:00,6,10,12,19,45,560,162,"., QUEVEN (ROUTE DE)",,,Nuit avec éclairage non allumé,Hors agglomération,Hors intersection,Normale,Sans collision,,,,,,,,,,,4,1,1,1,7
200600062241,0006-10-14 14:35:00,6,10,14,14,35,560,98,"., MALACHAPPE (LIEU-DIT)",,,Plein jour,Hors agglomération,Hors intersection,Normale,Sans collision,,,,,,,,,,,1,1,1,1,7
200600062242,0006-10-13 19:50:00,6,10,13,19,50,560,121,"., SVOB ( BOULEVARD EMMA",,,Nuit avec éclairage allumé,En agglomération,Giratoire,Normale,Deux véhicules - côté,,,,,,,,,,,5,2,6,1,3
200600062243,0006-10-15 20:50:00,6,10,15,20,50,560,121,"., RN 465 (DESSERTE PORT",,,Nuit sans éclairage public,En agglomération,Hors intersection,Normale,Autre collision,,,,,,,,,,,3,2,1,1,6
200600062244,0006-10-16 08:14:00,6,10,16,8,14,560,83,ROUTE NATIONALE  165,,,Plein jour,Hors agglomération,Hors intersection,Normale,Trois véhicules et plus - collisions multiples,,,,,,,,,,,1,1,1,1,5
200600062245,0006-10-16 08:04:00,6,10,16,8,4,560,83,LOCOYARNE (LIEU-DIT),,,Crépuscule ou aube,Hors agglomération,Intersection en Y,Normale,Deux véhicules - côté,,,,,,,,,,,2,1,4,1,3
200600062246,0006-10-17 18:25:00,6,10,17,18,25,560,83,"., LIBERATION ( AV. DE L",,,Plein jour,En agglomération,Intersection en X,Pluie légère,Trois véhicules et plus - collisions multiples,,,,,,,,,,,1,2,2,2,5
200600062247,0006-10-18 07:05:00,6,10,18,7,5,560,162,"., KERGALANT",,,Nuit avec éclairage allumé,Hors agglomération,Hors intersection,Pluie légère,Sans collision,,,,,,,,,,,5,1,1,2,7
200600062248,0006-10-23 17:46:00,6,10,23,17,46,560,121,"43 A, JAURES ( AVE JEAN",,,Plein jour,En agglomération,Intersection en X,Vent fort / tempête,Autre collision,,,,,,,,,,,1,2,2,6,6
200600062249,0006-10-23 18:12:00,6,10,23,18,12,560,83,"42, LIBERATION ( AV. DE",,,Plein jour,En agglomération,Hors intersection,Pluie forte,Deux véhicules - frontale,,,,,,,,,,,1,2,1,3,1
200600062250,0006-10-24 09:47:00,6,10,24,9,47,560,98,"73, CROIZAT ( AVE AMBROI",,,Plein jour,En agglomération,Hors intersection,Pluie légère,Sans collision,,,,,,,,,,,1,2,1,2,7
200600062251,0006-10-25 17:09:00,6,10,25,17,9,560,121,"., KERGUESTENEN (RUE  DE",,,Plein jour,En agglomération,Giratoire,Normale,Deux véhicules - côté,,,,,,,,,,,1,2,6,1,3
200600062252,0006-10-26 13:38:00,6,10,26,13,38,560,98,"., BILLOUX ( AV. FRANCOI",,,Plein jour,En agglomération,Hors intersection,Normale,Sans collision,,,,,,,,,,,1,2,1,1,7
200600062253,0006-10-27 16:47:00,6,10,27,16,47,560,98,"06, PHILIPPE (RUE GERARD",,,Plein jour,En agglomération,Intersection en X,Normale,Deux véhicules - côté,,,,,,,,,,,1,2,2,1,3
200600062254,0006-10-27 16:54:00,6,10,27,16,54,560,162,"., ANSE DU STOLE (RUE)",,,Plein jour,En agglomération,Intersection en Y,Normale,Deux véhicules - côté,,,,,,,,,,,1,2,4,1,3
200600062255,0006-10-28 16:25:00,6,10,28,16,25,560,121,"08, SVOB ( BOULEVARD EMM",,,Plein jour,En agglomération,Intersection en T,Normale,Deux véhicules - côté,,,,,,,,,,,1,2,3,1,3
200600062256,0006-10-29 19:35:00,6,10,29,19,35,560,83,"., HUGO (RUE  VICTOR )",,,Nuit avec éclairage allumé,Hors agglomération,Hors intersection,Normale,Deux véhicules - côté,,,,,,,,,,,5,1,1,1,3
200600062257,0006-10-30 08:04:00,6,10,30,8,4,560,121,"., CHENAILLER DIT COLONE",,,Plein jour,En agglomération,Intersection en X,Normale,Deux véhicules - côté,,,,,,,,,,,1,2,2,1,3
200600062258,0006-10-05 08:09:00,6,10,5,8,9,560,260,"., REMY(BOULEVARD DU COL",,,Plein jour,En agglomération,Intersection en T,Normale,Deux véhicules - côté,,,,,,,,,,,1,2,3,1,3
200600062259,0006-10-11 15:05:00,6,10,11,15,5,560,260,"20, ROOSEVELT(AVENUE)",,,Plein jour,En agglomération,Hors intersection,Normale,Autre collision,,,,,,,,,,,1,2,1,1,6
200600062260,0006-10-10 12:00:00,6,10,10,12,0,560,260,", SAINT-TROPEZ(RUE DE)",,,Plein jour,En agglomération,Hors intersection,Normale,Autre collision,,,,,,,,,,,1,2,1,1,6
200600062261,0006-10-12 10:02:00,6,10,12,10,2,560,260,"02, LE HELLEC(RUE)",,,Plein jour,Hors agglomération,Hors intersection,Normale,Autre collision,,,,,,,,,,,1,1,1,1,6
200600062262,0006-10-20 16:40:00,6,10,20,16,40,560,260,"14, DELACROIX(RUE EUGENE",,,Plein jour,En agglomération,Intersection en T,Normale,Autre collision,,,,,,,,,,,1,2,3,1,6
200600062263,0006-10-24 11:20:00,6,10,24,11,20,560,260,"7, HUGO(AVENUE VICTOR) 1",,,Plein jour,En agglomération,Hors intersection,Normale,Autre collision,,,,,,,,,,,1,2,1,1,6
200600062264,0006-10-26 23:15:00,6,10,26,23,15,560,260,"., RABINE(PARKING DE LA)",,,Nuit sans éclairage public,En agglomération,Hors intersection,Normale,Deux véhicules - arrière,,,,,,,,,,,3,2,1,1,2
200600062265,0006-10-28 09:55:00,6,10,28,9,55,560,260,RN 165 -SENS LORIENT / N,,,Plein jour,En agglomération,Hors intersection,Brouillard / fumée,Trois véhicules et plus - en chaîne,,,,,,,,,,,1,2,1,5,4
200600062266,0006-10-02 17:50:00,6,10,2,17,50,560,260,"., BORGNIS DESBORDES(AVE",,,Plein jour,En agglomération,Hors intersection,Normale,Deux véhicules - arrière,,,,,,,,,,,1,2,1,1,2
200600062267,0006-10-10 20:15:00,6,10,10,20,15,560,260,"., R.D. 779(ROUTE DEPLES",,,Nuit avec éclairage allumé,En agglomération,Hors intersection,Normale,Deux véhicules - côté,,,,,,,,,,,5,2,1,1,3
200600062268,0006-10-11 13:25:00,6,10,11,13,25,560,260,"1, LE BARTZ(RUE GUILLAUM",,,Plein jour,En agglomération,Hors intersection,Normale,Autre collision,,,,,,,,,,,1,2,1,1,6
200600062269,0006-10-27 14:35:00,6,10,27,14,35,560,260,"., WILSON(AVENUE)",,,Plein jour,En agglomération,Hors intersection,Normale,Deux véhicules - arrière,,,,,,,,,,,1,2,1,1,2
200600062270,0006-10-17 13:20:00,6,10,17,13,20,570,227,"16, SAPINS(ALLEE DES)",,,Plein jour,En agglomération,Hors intersection,Normale,Autre collision,,,,,,,,,,,1,2,1,1,6
200600062271,0006-10-31 20:30:00,6,10,31,20,30,570,19,"60, MONDELANGE (RUE DE)",,,Nuit avec éclairage non allumé,En agglomération,Hors intersection,Normale,Autre collision,,,,,,,,,,,4,2,1,1,6
200600062272,0006-10-15 19:20:00,6,10,15,19,20,570,19,ROMBAS (RUE DE),,,Nuit avec éclairage allumé,En agglomération,Intersection en X,Normale,Deux véhicules - côté,,,,,,,,,,,5,2,2,1,3
200600062273,0006-10-27 15:55:00,6,10,27,15,55,570,591,"21, STANISLAS (RUE SOEUR",,,Plein jour,En agglomération,Hors intersection,Normale,Autre collision,,,,,,,,,,,1,2,1,1,6
200600062274,0006-10-03 14:55:00,6,10,3,14,55,570,591,"9, FOCH (RUE DU MARECHAL",,,Plein jour,En agglomération,Hors intersection,Pluie légère,Autre collision,,,,,,,,,,,1,2,1,2,6
200600062275,0006-10-11 14:45:00,6,10,11,14,45,570,19,CD 47,,,Plein jour,En agglomération,Intersection en X,Normale,Deux véhicules - côté,,,,,,,,,,,1,2,2,1,3
200600062276,0006-10-01 21:18:00,6,10,1,21,18,570,463,CLAUDE CHAPPE (RUE ),,,Nuit avec éclairage allumé,En agglomération,Intersection en X,Normale,Deux véhicules - côté,,,,,,,,,,,5,2,2,1,3
200600062277,0006-10-02 12:30:00,6,10,2,12,30,570,447,"00, METZ (RUE DE)",,,Plein jour,En agglomération,Hors intersection,Normale,Deux véhicules - arrière,,,,,,,,,,,1,2,1,1,2
200600062278,0006-10-12 08:20:00,6,10,12,8,20,570,480,"48, PONT A MOUSSON (RUE",,,Plein jour,En agglomération,Hors intersection,Normale,Autre collision,,,,,,,,,,,1,2,1,1,6
200600062279,0006-10-12 14:20:00,6,10,12,14,20,570,463,"0, STRASBOURG (AVENUE DE",,,Plein jour,En agglomération,Intersection en X,Normale,Sans collision,,,,,,,,,,,1,2,2,1,7
200600062280,0006-10-16 22:00:00,6,10,16,22,0,570,463,"00, SOLIDARITE (BOULEVAR",,,Nuit avec éclairage allumé,En agglomération,Giratoire,Normale,Deux véhicules - côté,,,,,,,,,,,5,2,6,1,3
200600062281,0006-10-17 18:15:00,6,10,17,18,15,570,751,"4, FRANCHE COMTE (RUE DE",,,Plein jour,En agglomération,Hors intersection,Normale,Autre collision,,,,,,,,,,,1,2,1,1,6
200600062282,0006-10-18 19:15:00,6,10,18,19,15,570,751,"00, ROMBAS (RUE DE )",,,Crépuscule ou aube,En agglomération,Intersection en Y,Normale,Deux véhicules - côté,,,,,,,,,,,2,2,4,1,3
200600062283,0006-10-17 22:54:00,6,10,17,22,54,570,463,"317, STRASBOURG (AVENUE",,,Nuit avec éclairage allumé,En agglomération,Hors intersection,Normale,Autre collision,,,,,,,,,,,5,2,1,1,6
200600062284,0006-10-18 07:30:00,6,10,18,7,30,570,751,"00, THIONVILLE (AVENUE )",,,Crépuscule ou aube,Hors agglomération,Hors intersection,Normale,Deux véhicules - côté,,,,,,,,,,,2,1,1,1,3
200600062285,0006-10-18 12:10:00,6,10,18,12,10,570,463,"00, TREVES (BOULEVARD DE",,,Plein jour,En agglomération,Hors intersection,Normale,Trois véhicules et plus - collisions multiples,,,,,,,,,,,1,2,1,1,5
200600062286,0006-10-19 14:38:00,6,10,19,14,38,570,463,"00, RAYMOND MONDON (PLAC",,,Plein jour,En agglomération,Hors intersection,Normale,Deux véhicules - côté,,,,,,,,,,,1,2,1,1,3
200600062287,0006-10-20 08:20:00,6,10,20,8,20,570,463,"234, ANDRE MALRAUX (AVEN",,,Plein jour,En agglomération,Hors intersection,Normale,Deux véhicules - arrière,,,,,,,,,,,1,2,1,1,2
200600062288,0006-10-20 22:35:00,6,10,20,22,35,570,463,"00, FER (PONT DE )",,,Nuit avec éclairage allumé,En agglomération,Intersection en X,Normale,Deux véhicules - arrière,,,,,,,,,,,5,2,2,1,2
200600062289,0006-10-23 09:35:00,6,10,23,9,35,570,463,"100, THIONVILLE (ROUTE D",,,Plein jour,En agglomération,Hors intersection,Pluie légère,Deux véhicules - côté,,,,,,,,,,,1,2,1,2,3
200600062290,0006-10-24 22:00:00,6,10,24,22,0,570,463,"00, WOIPPY (ROUTE  DE )",,,Nuit avec éclairage allumé,En agglomération,Hors intersection,Pluie légère,Deux véhicules - frontale,,,,,,,,,,,5,2,1,2,1
200600062291,0006-10-26 13:50:00,6,10,26,13,50,570,463,"00, WINSTON CHURCHILL (R",,,Plein jour,En agglomération,Hors intersection,Normale,Autre collision,,,,,,,,,,,1,2,1,1,6
200600062292,0006-10-26 19:30:00,6,10,26,19,30,570,480,"26, GUYNEMER (RUE )",,,Nuit avec éclairage allumé,En agglomération,Hors intersection,Normale,Autre collision,,,,,,,,,,,5,2,1,1,6
200600062293,0006-10-27 19:50:00,6,10,27,19,50,570,463,"00, ARENES (RUE AUX)",,,Nuit avec éclairage allumé,En agglomération,Hors intersection,Normale,Autre collision,,,,,,,,,,,5,2,1,1,6
200600062294,0006-10-27 21:25:00,6,10,27,21,25,570,463,"00, ANDRE MAGINOT (BOULE",,,Nuit avec éclairage allumé,En agglomération,Hors intersection,Normale,Autre collision,,,,,,,,,,,5,2,1,1,6
200600062295,0006-10-28 02:50:00,6,10,28,2,50,570,463,"00, FOCH (AVENUE )",,,Nuit avec éclairage allumé,En agglomération,Intersection en X,Normale,Deux véhicules - côté,,,,,,,,,,,5,2,2,1,3
200600062296,0006-10-29 13:00:00,6,10,29,13,0,570,463,"00, DEUX FONTAINES (AVEN",,,Plein jour,En agglomération,Intersection en T,Normale,Autre collision,,,,,,,,,,,1,2,3,1,6
200600062297,0006-10-29 17:55:00,6,10,29,17,55,570,463,"00, FORT DES BORDES (RUE",,,Nuit avec éclairage allumé,En agglomération,Intersection en T,Normale,Autre collision,,,,,,,,,,,5,2,3,1,6
200600062298,0006-10-13 14:20:00,6,10,13,14,20,570,630,", POINCARE (RAYMOND)",,,Plein jour,En agglomération,Autre intersection,Normale,Autre collision,,,,,,,,,,,1,2,9,1,6
200600062299,0006-10-27 13:25:00,6,10,27,13,25,570,631,"5, FOLPERSVILLER (RUE DE",,,Plein jour,En agglomération,Hors intersection,Temps couvert,Deux véhicules - frontale,,,,,,,,,,,1,2,1,8,1
200600062300,0006-10-02 10:45:00,6,10,2,10,45,570,306,"153, VERDUN (RUE DE)",,,Plein jour,En agglomération,Hors intersection,Normale,Autre collision,,,,,,,,,,,1,2,1,1,6
200600062301,0006-10-03 04:50:00,6,10,3,4,50,570,12,"90, FOCH (RUE)",,,Nuit avec éclairage allumé,En agglomération,Hors intersection,Pluie forte,Autre collision,,,,,,,,,,,5,2,1,3,6
200600062302,0006-10-07 16:45:00,6,10,7,16,45,570,672,"17, VEYMERANGE (ROUTE DE",,,Plein jour,En agglomération,Hors intersection,Normale,Sans collision,,,,,,,,,,,1,2,1,1,7
200600062303,0006-10-06 17:45:00,6,10,6,17,45,570,757,BOUZONVILLE (ROUTE DE),,,Plein jour,Hors agglomération,Hors intersection,Normale,Trois véhicules et plus - collisions multiples,,,,,,,,,,,1,1,1,1,5
200600062304,0006-10-06 11:40:00,6,10,6,11,40,570,306,"13, PAIX (PLACE DE LA)",,,Plein jour,En agglomération,Hors intersection,Normale,Autre collision,,,,,,,,,,,1,2,1,1,6
200600062305,0006-10-05 17:30:00,6,10,5,17,30,570,672,"44, METZ (ROUTE DE)",,,Plein jour,En agglomération,Hors intersection,Normale,Sans collision,,,,,,,,,,,1,2,1,1,7
200600062306,0006-10-16 15:10:00,6,10,16,15,10,570,757,"0, ROOSEVELT (RUE DU PRE",,,Plein jour,En agglomération,Hors intersection,Normale,Autre collision,,,,,,,,,,,1,2,1,1,6
200600062307,0006-10-22 15:50:00,6,10,22,15,50,570,672,SAINT-MICHEL (MONTEE DU),,,Plein jour,En agglomération,Hors intersection,Normale,Sans collision,,,,,,,,,,,1,2,1,1,7
200600062308,0006-10-20 08:45:00,6,10,20,8,45,570,672,"5, PIERRE MARCHAL (QUAI)",,,Plein jour,En agglomération,Hors intersection,Normale,Trois véhicules et plus - collisions multiples,,,,,,,,,,,1,2,1,1,5
200600062309,0006-10-21 10:05:00,6,10,21,10,5,570,672,SAINT-MICHEL (MONTEE DU),,,Plein jour,Hors agglomération,Hors intersection,Pluie légère,Sans collision,,,,,,,,,,,1,1,1,2,7
200600062310,0006-10-24 11:00:00,6,10,24,11,0,570,12,CLEMENCEAU (RUE),,,Plein jour,En agglomération,Hors intersection,Pluie légère,Autre collision,,,,,,,,,,,1,2,1,2,6
200600062311,0006-10-25 17:00:00,6,10,25,17,0,570,508,"13, SAPINS (RUE DES)",,,Plein jour,En agglomération,Hors intersection,Normale,Deux véhicules - frontale,,,,,,,,,,,1,2,1,1,1
200600062312,0006-10-25 09:05:00,6,10,25,9,5,570,757,"45, NATIONALE (RUE)",,,Plein jour,En agglomération,Intersection en X,Normale,Deux véhicules - côté,,,,,,,,,,,1,2,2,1,3
200600062313,0006-10-24 12:30:00,6,10,24,12,30,570,306,"7, WENDEL (RUE DE)",,,Plein jour,En agglomération,Hors intersection,Pluie légère,Deux véhicules - côté,,,,,,,,,,,1,2,1,2,3
200600062314,0006-10-29 15:55:00,6,10,29,15,55,570,666,"1, 14 JUILLET (AVENUE DU",,,Plein jour,Hors agglomération,Hors intersection,Normale,Deux véhicules - côté,,,,,,,,,,,1,1,1,1,3
200600062315,0006-10-27 19:25:00,6,10,27,19,25,570,672,"1, ROME (COUR DE)",,,Nuit avec éclairage allumé,En agglomération,Intersection en X,Normale,Deux véhicules - côté,,,,,,,,,,,5,2,2,1,3
200600062316,0006-10-31 10:42:00,6,10,31,10,42,570,672,"1, RAYMOND POINCARE (ALL",,,Plein jour,En agglomération,Intersection en X,Normale,Deux véhicules - côté,,,,,,,,,,,1,2,2,1,3
200600062317,0006-10-30 19:45:00,6,10,30,19,45,570,672,"10, JEAN VIGO (RUE)",,,Nuit avec éclairage allumé,En agglomération,Intersection en T,Normale,Deux véhicules - côté,,,,,,,,,,,5,2,3,1,3
200600062318,0006-10-27 15:10:00,6,10,27,15,10,570,221,GRAND'RUE,,,Plein jour,En agglomération,Intersection en T,Normale,Deux véhicules - côté,,,,,,,,,,,1,2,3,1,3
200600062319,0006-10-19 17:55:00,6,10,19,17,55,580,194,PIERRE DE COUBERTIN,,,Plein jour,En agglomération,Hors intersection,Pluie forte,Sans collision,,,,,,,,,,,1,2,1,3,7
200600062320,0006-10-20 23:35:00,6,10,20,23,35,580,194,SAINT EXUPERY (PLACE),,,Nuit avec éclairage allumé,En agglomération,Hors intersection,Normale,Sans collision,,,,,,,,,,,5,2,1,1,7
200600062321,0006-10-04 07:45:00,6,10,4,7,45,580,194,"SANS, PREFECTURE",,,Plein jour,En agglomération,Intersection en X,Temps couvert,Deux véhicules - côté,,,,,,,,,,,1,2,2,8,3