accident_id,datetime,annee,mois,jour,heure,minute,departement,commune_insee,adresse,latitude,longitude,luminosite,agglomeration,intersection,meteo,collision,nb_vehicules,nb_usagers,nb_indemnes,nb_tues,nb_blesses_hosp,nb_blesses_legers,age_cond_1,age_cond_2,veh_type_cond_1,veh_type_cond_2,lum_code,agg_code,int_code,atm_code,col_code
200600062322,0006-10-05 16:45:00,6,10,5,16,45,580,194,"54, BERNARD PALISSY",,,Plein jour,En agglomération,Hors intersection,Normale,Autre collision,,,,,,,,,,,1,2,1,1,6
200600062323,0006-10-14 14:05:00,6,10,14,14,5,580,194,"SANS, GRAND PRE DES BORD",,,Plein jour,En agglomération,Giratoire,Normale,Deux véhicules - côté,,,,,,,,,,,1,2,6,1,3
200600062324,0006-10-19 13:35:00,6,10,19,13,35,580,194,"22, BERNARD PALISSY",,,Plein jour,En agglomération,Hors intersection,Normale,Deux véhicules - arrière,,,,,,,,,,,1,2,1,1,2
200600062325,0006-10-23 14:00:00,6,10,23,14,0,580,194,"40, MARECHAL JUIN",,,Plein jour,En agglomération,Hors intersection,Pluie légère,Trois véhicules et plus - en chaîne,,,,,,,,,,,1,2,1,2,4
200600062326,0006-10-23 18:10:00,6,10,23,18,10,580,194,"19, COLBERT",,,Plein jour,En agglomération,Hors intersection,Pluie légère,Deux véhicules - côté,,,,,,,,,,,1,2,1,2,3
200600062327,0006-10-25 12:15:00,6,10,25,12,15,580,194,GRANDS JARDINS,,,Plein jour,En agglomération,Intersection en X,Pluie légère,Deux véhicules - côté,,,,,,,,,,,1,2,2,2,3
200600062328,0006-10-28 10:25:00,6,10,28,10,25,580,194,"26, GENERAL DE GAULLE",,,Plein jour,En agglomération,Hors intersection,Normale,Autre collision,,,,,,,,,,,1,2,1,1,6
200600062329,0006-10-28 17:50:00,6,10,28,17,50,580,194,"24, FRANCHET D'ESPEREY",,,Plein jour,En agglomération,Hors intersection,Normale,Deux véhicules - arrière,,,,,,,,,,,1,2,1,1,2
200600062330,0006-10-30 17:05:00,6,10,30,17,5,580,194,"SANS, GRAND MOUESSE (FAU",,,Plein jour,En agglomération,Hors intersection,Normale,Deux véhicules - arrière,,,,,,,,,,,1,2,1,1,2
200600062331,0006-10-31 17:45:00,6,10,31,17,45,580,194,GEORGES POMPIDOU (ROND P,,,Crépuscule ou aube,En agglomération,Giratoire,Normale,Deux véhicules - côté,,,,,,,,,,,2,2,6,1,3
200600062332,0006-10-31 12:15:00,6,10,31,12,15,580,194,"SANS, BOURGNEUF",,,Plein jour,En agglomération,Intersection en X,Normale,Sans collision,,,,,,,,,,,1,2,2,1,7
200600062333,0006-10-16 19:30:00,6,10,16,19,30,590,317,"1, BRUNE  (RUE)",,,Crépuscule ou aube,Hors agglomération,Hors intersection,Normale,Sans collision,,,,,,,,,,,2,1,1,1,7
200600062334,0006-10-14 12:35:00,6,10,14,12,35,590,143,"51, MARLE (RUE DE LA )",,,Plein jour,En agglomération,Giratoire,Normale,Autre collision,,,,,,,,,,,1,2,6,1,6
200600062335,0006-10-31 17:45:00,6,10,31,17,45,590,17,GAMBETTA  (RUE),,,Nuit avec éclairage allumé,En agglomération,Place,Normale,Deux véhicules - côté,,,,,,,,,,,5,2,7,1,3
200600062336,0006-10-07 18:10:00,6,10,7,18,10,590,17,"63, BRIAND (RUE ARISTIDE",,,Plein jour,En agglomération,Hors intersection,Normale,Autre collision,,,,,,,,,,,1,2,1,1,6
200600062337,0006-10-12 05:15:00,6,10,12,5,15,590,122,"869, PARIS (AVENUE DE)",,,Nuit avec éclairage allumé,En agglomération,Hors intersection,Normale,Deux véhicules - côté,,,,,,,,,,,5,2,1,1,3
200600062338,0006-10-11 18:10:00,6,10,11,18,10,590,616,"108, CHAMPAGNE (RUE DE )",,,Plein jour,En agglomération,Hors intersection,Normale,Sans collision,,,,,,,,,,,1,2,1,1,7
200600062339,0006-10-07 17:40:00,6,10,7,17,40,590,153,CHAUSSIETTE (RUE DE LA ),,,Plein jour,En agglomération,Hors intersection,Normale,Deux véhicules - côté,,,,,,,,,,,1,2,1,1,3
200600062340,0006-10-24 18:50:00,6,10,24,18,50,590,253,BOIS (RUE DU ),,,Nuit avec éclairage allumé,En agglomération,Hors intersection,Normale,Deux véhicules - côté,,,,,,,,,,,5,2,1,1,3
200600062341,0006-10-10 18:45:00,6,10,10,18,45,590,632,"60, RONDET (R. MICHEL)",,,Plein jour,En agglomération,Intersection en X,Normale,Deux véhicules - côté,,,,,,,,,,,1,2,2,1,3
200600062342,0006-10-20 20:00:00,6,10,20,20,0,590,179,"82, HASPRES (R. D')",,,Nuit sans éclairage public,Hors agglomération,Hors intersection,Pluie forte,Trois véhicules et plus - collisions multiples,,,,,,,,,,,3,1,1,3,5
200600062343,0006-10-12 18:30:00,6,10,12,18,30,590,178,MONSSARAT (RUE CHARLES),,,Plein jour,En agglomération,Giratoire,Normale,Autre collision,,,,,,,,,,,1,2,6,1,6
200600062344,0006-10-27 16:30:00,6,10,27,16,30,590,156,STASSIN (RUE FERNAND),,,Plein jour,En agglomération,Hors intersection,Normale,Deux véhicules - arrière,,,,,,,,,,,1,2,1,1,2
200600062345,0006-10-14 23:40:00,6,10,14,23,40,590,327,MONTOZON (RUE DE),,,Nuit avec éclairage allumé,En agglomération,Intersection en Y,Normale,Deux véhicules - côté,,,,,,,,,,,5,2,4,1,3
200600062346,0006-10-02 20:30:00,6,10,2,20,30,590,540,"66, THIERS",,,Nuit avec éclairage allumé,En agglomération,Hors intersection,Normale,Autre collision,,,,,,,,,,,5,2,1,1,6
200600062347,0006-10-06 17:40:00,6,10,6,17,40,590,155,FURNES - ROUTE,,,Plein jour,En agglomération,Intersection en X,Normale,Deux véhicules - côté,,,,,,,,,,,1,2,2,1,3
200600062348,0006-10-11 13:45:00,6,10,11,13,45,590,183,"0.000, CITE - AVENUE",,,Plein jour,En agglomération,Hors intersection,Normale,Deux véhicules - côté,,,,,,,,,,,1,2,1,1,3
200600062349,0006-10-14 17:50:00,6,10,14,17,50,590,183,"0.000, CASINO - PLACE",,,Plein jour,En agglomération,Intersection en X,Normale,Deux véhicules - frontale,,,,,,,,,,,1,2,2,1,1
200600062350,0006-10-16 14:50:00,6,10,16,14,50,590,183,"561, VILLETTE - AVENUE",,,Plein jour,En agglomération,Hors intersection,Normale,Deux véhicules - côté,,,,,,,,,,,1,2,1,1,3
200600062351,0006-10-18 08:00:00,6,10,18,8,0,590,183,"0.000, PETITE-SYNTHE CD",,,Crépuscule ou aube,En agglomération,Hors intersection,Pluie légère,Deux véhicules - frontale,,,,,,,,,,,2,2,1,2,1
200600062352,0006-10-29 21:00:00,6,10,29,21,0,590,183,"0.000, BAINS - AVENUE",,,Nuit avec éclairage allumé,En agglomération,Intersection en X,Normale,Deux véhicules - côté,,,,,,,,,,,5,2,2,1,3
200600062353,0006-10-31 14:30:00,6,10,31,14,30,590,183,"0.000, CARNOT - PONT",,,Plein jour,En agglomération,Hors intersection,Normale,Deux véhicules - frontale,,,,,,,,,,,1,2,1,1,1
200600062354,0006-10-29 13:00:00,6,10,29,13,0,590,271,"0.000, RN 1",,,Plein jour,En agglomération,Hors intersection,Normale,Deux véhicules - côté,,,,,,,,,,,1,2,1,1,3
200600062355,0006-10-07 05:20:00,6,10,7,5,20,590,249,"SANS, 42 ( CHEMIN DEPART",,,Nuit sans éclairage public,En agglomération,Intersection en Y,Pluie légère,Deux véhicules - côté,,,,,,,,,,,3,2,4,2,3
200600062356,0006-10-22 14:02:00,6,10,22,14,2,590,249,"26, FERNAND PECHEUX (RUE",,,Plein jour,En agglomération,Hors intersection,Normale,Deux véhicules - côté,,,,,,,,,,,1,2,1,1,3
200600062357,0006-10-11 15:15:00,6,10,11,15,15,590,273,PONT DE PIERRE (RUE DU),,,Plein jour,En agglomération,Hors intersection,Normale,Deux véhicules - frontale,,,,,,,,,,,1,2,1,1,1
200600062358,0006-10-12 16:45:00,6,10,12,16,45,590,273,"18, VAUBAN (QUAI)",,,Plein jour,En agglomération,Hors intersection,Normale,Deux véhicules - côté,,,,,,,,,,,1,2,1,1,3
200600062359,0006-10-30 19:05:00,6,10,30,19,5,590,273,SCULPTEURS (BOULEVARD DE,,,Nuit avec éclairage allumé,En agglomération,Hors intersection,Normale,Deux véhicules - frontale,,,,,,,,,,,5,2,1,1,1
200600062360,0006-10-28 18:50:00,6,10,28,18,50,590,295,DU MILIEU,,,Crépuscule ou aube,En agglomération,Hors intersection,Normale,Deux véhicules - arrière,,,,,,,,,,,2,2,1,1,2
200600062361,0006-10-10 18:25:00,6,10,10,18,25,590,104,EUGENE CHIMOT,,,Plein jour,En agglomération,Hors intersection,Normale,Autre collision,,,,,,,,,,,1,2,1,1,6
200600062362,0006-10-29 05:10:00,6,10,29,5,10,590,385,RN49,,,Nuit avec éclairage allumé,Hors agglomération,Hors intersection,Pluie légère,Sans collision,,,,,,,,,,,5,1,1,2,7
200600062363,0006-10-01 21:15:00,6,10,1,21,15,590,350,HUGO VICTOR  BVD N°2 A 1,,,Nuit avec éclairage allumé,En agglomération,Intersection en X,Autre,Deux véhicules - côté,,,,,,,,,,,5,2,2,9,3
200600062364,0006-10-01 21:20:00,6,10,1,21,20,590,9,FRENELET RUE DU,,,Nuit avec éclairage allumé,En agglomération,Intersection en X,Normale,Deux véhicules - côté,,,,,,,,,,,5,2,2,1,3
200600062365,0006-10-02 05:45:00,6,10,2,5,45,590,527,"00, CARNOT SADI RUE",,,Nuit avec éclairage allumé,En agglomération,Intersection en Y,Temps couvert,Sans collision,,,,,,,,,,,5,2,4,8,7
200600062366,0006-10-02 18:00:00,6,10,2,18,0,590,350,"3, FLERS RUE",,,Plein jour,En agglomération,Hors intersection,Normale,Deux véhicules - arrière,,,,,,,,,,,1,2,1,1,2
200600062367,0006-10-02 16:45:00,6,10,2,16,45,590,368,"196, DE GAULLE RUE DU GE",,,Plein jour,En agglomération,Hors intersection,Normale,Autre collision,,,,,,,,,,,1,2,1,1,6
200600062368,0006-10-03 08:20:00,6,10,3,8,20,590,286,BELLEVUE CITE/RUE SARDI,,,Plein jour,En agglomération,Hors intersection,Normale,Autre collision,,,,,,,,,,,1,2,1,1,6
200600062369,0006-10-03 21:45:00,6,10,3,21,45,590,350,"216, FAUBOURG DE DOUAI N",,,Nuit avec éclairage allumé,En agglomération,Intersection en X,Normale,Autre collision,,,,,,,,,,,5,2,2,1,6
200600062370,0006-10-04 12:25:00,6,10,4,12,25,590,360,"99, REPUBLIQUE BOULEVARD",,,Plein jour,En agglomération,Hors intersection,Normale,Deux véhicules - arrière,,,,,,,,,,,1,2,1,1,2
200600062371,0006-10-05 17:40:00,6,10,5,17,40,590,350,BELFORT BOULEVARD DE,,,Plein jour,En agglomération,Hors intersection,Pluie légère,Deux véhicules - côté,,,,,,,,,,,1,2,1,2,3
200600062372,0006-10-07 12:20:00,6,10,7,12,20,590,410,SCHUMAN ROBERT AVENUE,,,Plein jour,En agglomération,Hors intersection,Normale,Autre collision,,,,,,,,,,,1,2,1,1,6
200600062373,0006-10-07 04:30:00,6,10,7,4,30,590,350,DE DAMPIERRE GUY PLACE,,,Nuit avec éclairage allumé,En agglomération,Giratoire,Normale,Autre collision,,,,,,,,,,,5,2,6,1,6
200600062374,0006-10-07 15:45:00,6,10,7,15,45,590,9,TOURNAI BOULEVARD DE,,,Plein jour,En agglomération,Intersection en Y,Normale,Deux véhicules - côté,,,,,,,,,,,1,2,4,1,3
200600062375,0006-10-08 18:35:00,6,10,8,18,35,590,360,"00, FAIDHERBE RUE",,,Plein jour,En agglomération,Intersection en X,Normale,Autre collision,,,,,,,,,,,1,2,2,1,6
200600062376,0006-10-09 13:30:00,6,10,9,13,30,590,350,ROLAND RUE,,,Plein jour,Hors agglomération,Hors intersection,Normale,Autre collision,,,,,,,,,,,1,1,1,1,6
200600062377,0006-10-09 13:45:00,6,10,9,13,45,590,350,"00, SCHUMAN ROBERT BOULE",,,Plein jour,En agglomération,Hors intersection,Normale,Autre collision,,,,,,,,,,,1,2,1,1,6
200600062378,0006-10-09 16:10:00,6,10,9,16,10,590,636,HALAGE CHEMIN DE,,,Plein jour,Hors agglomération,Hors intersection,Normale,Autre collision,,,,,,,,,,,1,1,1,1,6
200600062379,0006-10-09 17:40:00,6,10,9,17,40,590,648,CLEMENCEAU RUE,,,Plein jour,En agglomération,Hors intersection,Normale,Deux véhicules - côté,,,,,,,,,,,1,2,1,1,3
200600062380,0006-10-10 08:20:00,6,10,10,8,20,590,350,BALLON RUE DU,,,Plein jour,En agglomération,Hors intersection,Normale,Deux véhicules - côté,,,,,,,,,,,1,2,1,1,3
200600062381,0006-10-10 12:40:00,6,10,10,12,40,590,350,NATIONALE RUE N°RESTE IM,,,Plein jour,En agglomération,Autre intersection,Normale,Autre collision,,,,,,,,,,,1,2,9,1,6
200600062382,0006-10-10 19:05:00,6,10,10,19,5,590,560,GUISE CHEMIN DE L'ARBRE,,,Nuit avec éclairage allumé,En agglomération,Intersection en T,Normale,Deux véhicules - côté,,,,,,,,,,,5,2,3,1,3
200600062383,0006-10-11 13:15:00,6,10,11,13,15,590,350,"52, EGALITE RUE DE L",,,Plein jour,En agglomération,Intersection en X,Normale,Autre collision,,,,,,,,,,,1,2,2,1,6
200600062384,0006-10-11 14:30:00,6,10,11,14,30,590,350,"53, BOIS D'ANNAPES RUE D",,,Plein jour,En agglomération,Hors intersection,Normale,Sans collision,,,,,,,,,,,1,2,1,1,7
200600062385,0006-10-12 08:30:00,6,10,12,8,30,590,350,TOURNAI PONT DE,,,Plein jour,En agglomération,Hors intersection,Normale,Autre collision,,,,,,,,,,,1,2,1,1,6
200600062386,0006-10-12 11:45:00,6,10,12,11,45,590,350,HUGO VICTOR RUE,,,Plein jour,En agglomération,Intersection en T,Normale,Autre collision,,,,,,,,,,,1,2,3,1,6
200600062387,0006-10-12 11:40:00,6,10,12,11,40,590,527,"137, LECLERC RUE DU GENE",,,Plein jour,En agglomération,Hors intersection,Normale,Autre collision,,,,,,,,,,,1,2,1,1,6
200600062388,0006-10-12 12:05:00,6,10,12,12,5,590,220,"46, JOFFRE RUE DU MARECH",,,Plein jour,En agglomération,Hors intersection,Normale,Deux véhicules - côté,,,,,,,,,,,1,2,1,1,3
200600062389,0006-10-13 10:35:00,6,10,13,10,35,590,350,"Sans objet, LIBERTE BOUL",,,Plein jour,En agglomération,Hors intersection,Normale,Autre collision,,,,,,,,,,,1,2,1,1,6
200600062390,0006-10-13 16:20:00,6,10,13,16,20,590,350,KUHLMAN RUE,,,Plein jour,En agglomération,Intersection en X,Temps éblouissant,Deux véhicules - côté,,,,,,,,,,,1,2,2,7,3
200600062391,0006-10-13 17:54:00,6,10,13,17,54,590,360,FOCH RUE DU MARECHAL,,,Plein jour,En agglomération,Intersection en T,Normale,Deux véhicules - côté,,,,,,,,,,,1,2,3,1,3
200600062392,0006-10-15 06:15:00,6,10,15,6,15,590,350,ESPLANADE FACADE,,,Nuit avec éclairage allumé,En agglomération,Intersection en X,Normale,Deux véhicules - arrière,,,,,,,,,,,5,2,2,1,2
200600062393,0006-10-15 17:35:00,6,10,15,17,35,590,350,"166, MONTEBELLO BD PAIRS",,,Plein jour,En agglomération,Intersection en T,Normale,Deux véhicules - côté,,,,,,,,,,,1,2,3,1,3
200600062394,0006-10-16 08:15:00,6,10,16,8,15,590,350,BELFORT BOULEVARD DE,,,Plein jour,En agglomération,Intersection en X,Normale,Deux véhicules - côté,,,,,,,,,,,1,2,2,1,3
200600062395,0006-10-16 22:30:00,6,10,16,22,30,590,350,"49, TANNEURS RUE",,,Nuit avec éclairage allumé,En agglomération,Hors intersection,Normale,Autre collision,,,,,,,,,,,5,2,1,1,6
200600062396,0006-10-16 08:25:00,6,10,16,8,25,590,368,"225, DE GAULLE RUE DU GE",,,Plein jour,En agglomération,Intersection en T,Normale,Trois véhicules et plus - collisions multiples,,,,,,,,,,,1,2,3,1,5
200600062397,0006-10-17 19:45:00,6,10,17,19,45,590,360,DOUMER PAUL RUE,,,Nuit avec éclairage allumé,En agglomération,Hors intersection,Normale,Autre collision,,,,,,,,,,,5,2,1,1,6
200600062398,0006-10-17 17:25:00,6,10,17,17,25,590,350,SAINT ETIENNE RUE,,,Plein jour,En agglomération,Intersection en T,Normale,Autre collision,,,,,,,,,,,1,2,3,1,6
200600062399,0006-10-16 07:15:00,6,10,16,7,15,590,350,"44, SALENGRO ROGER RUE",,,Crépuscule ou aube,En agglomération,Hors intersection,Normale,Sans collision,,,,,,,,,,,2,2,1,1,7
200600062400,0006-10-18 18:20:00,6,10,18,18,20,590,566,"00, CALMETTE, RUE DU Dr",,,Crépuscule ou aube,En agglomération,Intersection en T,Temps couvert,Autre collision,,,,,,,,,,,2,2,3,8,6
200600062401,0006-10-18 13:25:00,6,10,18,13,25,590,350,"151, MOLINEL RUE DU",,,Plein jour,En agglomération,Hors intersection,Normale,Deux véhicules - arrière,,,,,,,,,,,1,2,1,1,2
200600062402,0006-10-18 14:20:00,6,10,18,14,20,590,350,"Sans objet, PARIS RUE N°",,,Plein jour,En agglomération,Hors intersection,Normale,Autre collision,,,,,,,,,,,1,2,1,1,6
200600062403,0006-10-18 16:15:00,6,10,18,16,15,590,328,BONTE AUGUSTE RUE,,,Plein jour,En agglomération,Intersection en X,Normale,Deux véhicules - côté,,,,,,,,,,,1,2,2,1,3
200600062404,0006-10-18 20:45:00,6,10,18,20,45,590,350,"60, CAMBRAI RUE DE N°PAI",,,Nuit avec éclairage allumé,En agglomération,Hors intersection,Normale,Autre collision,,,,,,,,,,,5,2,1,1,6
200600062405,0006-10-20 11:25:00,6,10,20,11,25,590,360,FOCH RUE DU MARECHAL,,,Plein jour,En agglomération,Intersection en X,Normale,Autre collision,,,,,,,,,,,1,2,2,1,6
200600062406,0006-10-21 12:20:00,6,10,21,12,20,590,350,"Sans objet, JACQUEMART G",,,Plein jour,En agglomération,Hors intersection,Normale,Autre collision,,,,,,,,,,,1,2,1,1,6
200600062407,0006-10-23 10:10:00,6,10,23,10,10,590,328,JUSSIEU AVENUE DE,,,Plein jour,En agglomération,Intersection en X,Normale,Deux véhicules - côté,,,,,,,,,,,1,2,2,1,3
200600062408,0006-10-23 20:00:00,6,10,23,20,0,590,328,FOCH AVENUE DU MARECHAL,,,Nuit avec éclairage allumé,En agglomération,Intersection en X,Pluie forte,Deux véhicules - côté,,,,,,,,,,,5,2,2,3,3
200600062409,0006-10-24 07:20:00,6,10,24,7,20,590,350,"Sans objet, VAUBAN BOULE",,,Crépuscule ou aube,En agglomération,Intersection en X,Pluie forte,Autre collision,,,,,,,,,,,2,2,2,3,6
200600062410,0006-10-24 08:00:00,6,10,24,8,0,590,350,"43, VAUBAN BOULEVARD N°",,,Plein jour,En agglomération,Hors intersection,Normale,Autre collision,,,,,,,,,,,1,2,1,1,6
200600062411,0006-10-24 09:20:00,6,10,24,9,20,590,350,FAUBOURG DE ROUBAIX RUE,,,Plein jour,En agglomération,Hors intersection,Pluie légère,Autre collision,,,,,,,,,,,1,2,1,2,6
200600062412,0006-10-24 12:15:00,6,10,24,12,15,590,350,"73, TURENNE RUE",,,Plein jour,En agglomération,Hors intersection,Pluie légère,Autre collision,,,,,,,,,,,1,2,1,2,6
200600062413,0006-10-24 10:00:00,6,10,24,10,0,590,350,"Sans objet, CORBUSIER AV",,,Plein jour,En agglomération,Hors intersection,Normale,Autre collision,,,,,,,,,,,1,2,1,1,6
200600062414,0006-10-24 15:00:00,6,10,24,15,0,590,9,"Sans objet, LABROUSSE RU",,,Plein jour,Hors agglomération,Hors intersection,Pluie légère,Autre collision,,,,,,,,,,,1,1,1,2,6
200600062415,0006-10-25 15:45:00,6,10,25,15,45,590,350,"1, MARQUILLIES RUE",,,Plein jour,En agglomération,Hors intersection,Normale,Autre collision,,,,,,,,,,,1,2,1,1,6
200600062416,0006-10-25 17:35:00,6,10,25,17,35,590,350,"320, GAMBETTA LEON RUE",,,Plein jour,En agglomération,Hors intersection,Normale,Autre collision,,,,,,,,,,,1,2,1,1,6
200600062417,0006-10-27 09:00:00,6,10,27,9,0,590,9,"HARMONIE, rue de l'",,,Plein jour,En agglomération,Hors intersection,Normale,Autre collision,,,,,,,,,,,1,2,1,1,6
200600062418,0006-10-27 10:50:00,6,10,27,10,50,590,350,MOLINEL RUE DU,,,Plein jour,En agglomération,Intersection en X,Autre,Deux véhicules - côté,,,,,,,,,,,1,2,2,9,3
200600062419,0006-10-29 01:00:00,6,10,29,1,0,590,196,"21F, WEZ MACQUART HAMEAU",,,Nuit avec éclairage allumé,Hors agglomération,Intersection en T,Normale,Autre collision,,,,,,,,,,,5,1,3,1,6
200600062420,0006-10-30 14:15:00,6,10,30,14,15,590,350,"49, MONT A CAMP AVENUE D",,,Plein jour,En agglomération,Hors intersection,Normale,Autre collision,,,,,,,,,,,1,2,1,1,6
200600062421,0006-10-30 15:40:00,6,10,30,15,40,590,378,MENIN RUE DE,,,Plein jour,En agglomération,Hors intersection,Normale,Deux véhicules - arrière,,,,,,,,,,,1,2,1,1,2
200600062422,0006-10-30 18:20:00,6,10,30,18,20,590,527,"2, LILLE RUE DE N°2 A 36",,,Nuit avec éclairage allumé,En agglomération,Hors intersection,Temps couvert,Sans collision,,,,,,,,,,,5,2,1,8,7
200600062423,0006-10-20 19:45:00,6,10,20,19,45,590,350,"0, TURENNE RUE",,,Nuit avec éclairage allumé,En agglomération,Hors intersection,Temps couvert,Autre collision,,,,,,,,,,,5,2,1,8,6
200600062424,0006-10-11 22:30:00,6,10,11,22,30,590,230,GENERAL DE GAULLE (RUE D,,,Nuit avec éclairage allumé,En agglomération,Hors intersection,Normale,Sans collision,,,,,,,,,,,5,2,1,1,7
200600062425,0006-10-13 16:10:00,6,10,13,16,10,590,365,ESPERANCE (RUE DE L'),,,Plein jour,Hors agglomération,Intersection en X,Normale,Deux véhicules - frontale,,,,,,,,,,,1,1,2,1,1
200600062426,0006-10-01 18:35:00,6,10,1,18,35,590,230,"1027, CLEMENCEAU (AVENUE",,,Plein jour,En agglomération,Hors intersection,Normale,Deux véhicules - côté,,,,,,,,,,,1,2,1,1,3
200600062427,0006-10-02 17:14:00,6,10,2,17,14,590,646,MARCQ EN BAROEUL (RUE DE,,,Plein jour,En agglomération,Intersection en X,Pluie légère,Autre collision,,,,,,,,,,,1,2,2,2,6
200600062428,0006-10-04 15:40:00,6,10,4,15,40,590,512,NATIONS UNIES (AVENUE DE,,,Plein jour,En agglomération,Intersection en T,Pluie légère,Autre collision,,,,,,,,,,,1,2,3,2,6
200600062429,0006-10-03 07:30:00,6,10,3,7,30,590,512,LILLE (RUE DE),,,Plein jour,En agglomération,Hors intersection,Normale,Deux véhicules - côté,,,,,,,,,,,1,2,1,1,3
200600062430,0006-10-08 13:44:00,6,10,8,13,44,590,512,GAMBETTA ( BOULEVARD),,,Plein jour,En agglomération,Intersection en X,Normale,Deux véhicules - côté,,,,,,,,,,,1,2,2,1,3
200600062431,0006-10-03 17:16:00,6,10,3,17,16,590,512,BELFORT (BOULEVARD DE),,,Plein jour,En agglomération,Intersection en T,Normale,Autre collision,,,,,,,,,,,1,2,3,1,6
200600062432,0006-10-04 17:45:00,6,10,4,17,45,590,339,CD 700,,,Plein jour,Hors agglomération,Hors intersection,Normale,Deux véhicules - côté,,,,,,,,,,,1,1,1,1,3
200600062433,0006-10-04 14:20:00,6,10,4,14,20,590,299,LECLERC (RUE DU GENERAL),,,Plein jour,En agglomération,Hors intersection,Pluie légère,Deux véhicules - côté,,,,,,,,,,,1,2,1,2,3
200600062434,0006-10-07 20:55:00,6,10,7,20,55,590,512,NATIONS UNIES (AVENUE DE,,,Nuit avec éclairage allumé,En agglomération,Intersection en X,Normale,Deux véhicules - côté,,,,,,,,,,,5,2,2,1,3
200600062435,0006-10-04 19:25:00,6,10,4,19,25,590,299,LOUCHEUR (RUE LOUIS),,,Nuit avec éclairage allumé,En agglomération,Intersection en T,Normale,Deux véhicules - côté,,,,,,,,,,,5,2,3,1,3
200600062436,0006-10-10 13:35:00,6,10,10,13,35,590,512,ARTS  (RUE DES),,,Plein jour,En agglomération,Hors intersection,Normale,Autre collision,,,,,,,,,,,1,2,1,1,6
200600062437,0006-10-11 07:50:00,6,10,11,7,50,590,512,GAMBETTA ( BOULEVARD),,,Plein jour,En agglomération,Hors intersection,Normale,Autre collision,,,,,,,,,,,1,2,1,1,6
200600062438,0006-10-10 14:20:00,6,10,10,14,20,590,512,TOURCOING (RUE DE),,,Plein jour,En agglomération,Hors intersection,Normale,Autre collision,,,,,,,,,,,1,2,1,1,6
200600062439,0006-10-12 04:15:00,6,10,12,4,15,590,163,JAURES (RUE JEAN),,,Nuit avec éclairage allumé,En agglomération,Hors intersection,Normale,Autre collision,,,,,,,,,,,5,2,1,1,6
200600062440,0006-10-10 15:45:00,6,10,10,15,45,590,512,BEAUMONT (RUE DE),,,Plein jour,En agglomération,Intersection en X,Normale,Deux véhicules - côté,,,,,,,,,,,1,2,2,1,3
200600062441,0006-10-05 19:05:00,6,10,5,19,5,590,650,MONGE (RUE),,,Plein jour,En agglomération,Intersection en T,Pluie légère,Deux véhicules - côté,,,,,,,,,,,1,2,3,2,3
200600062442,0006-10-11 14:30:00,6,10,11,14,30,590,299,CD 700,,,Plein jour,Hors agglomération,Hors intersection,Normale,Autre collision,,,,,,,,,,,1,1,1,1,6
200600062443,0006-10-05 20:00:00,6,10,5,20,0,590,163,JAURES (RUE JEAN),,,Nuit avec éclairage allumé,En agglomération,Hors intersection,Pluie légère,Autre collision,,,,,,,,,,,5,2,1,2,6
200600062444,0006-10-05 13:10:00,6,10,5,13,10,590,512,GAMBETTA ( BOULEVARD),,,Plein jour,En agglomération,Hors intersection,Normale,Autre collision,,,,,,,,,,,1,2,1,1,6
200600062445,0006-10-05 19:00:00,6,10,5,19,0,590,512,CONFERENCE (RUE DE LA),,,Nuit avec éclairage non allumé,En agglomération,Intersection en X,Pluie légère,Deux véhicules - côté,,,,,,,,,,,4,2,2,2,3
200600062446,0006-10-13 22:25:00,6,10,13,22,25,590,163,COURBET (RUE AMIRAL),,,Nuit avec éclairage allumé,En agglomération,Hors intersection,Normale,Deux véhicules - frontale,,,,,,,,,,,5,2,1,1,1
200600062447,0006-10-11 17:30:00,6,10,11,17,30,590,650,LIBERTE (BOULEVARD DE LA,,,Plein jour,En agglomération,Hors intersection,Normale,Deux véhicules - arrière,,,,,,,,,,,1,2,1,1,2
200600062448,0006-10-17 21:20:00,6,10,17,21,20,590,512,DELORY  (AVENUE GUSTAVE),,,Nuit avec éclairage allumé,En agglomération,Giratoire,Normale,Autre collision,,,,,,,,,,,5,2,6,1,6
200600062449,0006-10-14 14:45:00,6,10,14,14,45,590,650,CARNOT (RUE),,,Plein jour,En agglomération,Hors intersection,Normale,Deux véhicules - arrière,,,,,,,,,,,1,2,1,1,2
200600062450,0006-10-17 17:15:00,6,10,17,17,15,590,598,VERDUN (RUE DE),,,Plein jour,En agglomération,Hors intersection,Normale,Deux véhicules - côté,,,,,,,,,,,1,2,1,1,3
200600062451,0006-10-17 07:55:00,6,10,17,7,55,590,367,GUESDE (RUE JULES),,,Plein jour,Hors agglomération,Hors intersection,Normale,Autre collision,,,,,,,,,,,1,1,1,1,6
200600062452,0006-10-16 18:15:00,6,10,16,18,15,590,512,LINNE ( AVENUE),,,Plein jour,En agglomération,Hors intersection,Normale,Autre collision,,,,,,,,,,,1,2,1,1,6
200600062453,0006-10-15 15:25:00,6,10,15,15,25,590,512,COLMAR (BOULEVARD DE),,,Plein jour,En agglomération,Intersection en X,Normale,Trois véhicules et plus - collisions multiples,,,,,,,,,,,1,2,2,1,5
200600062454,0006-10-17 13:55:00,6,10,17,13,55,590,512,LILLE ( RUE DE),,,Plein jour,En agglomération,Hors intersection,Normale,Trois véhicules et plus - en chaîne,,,,,,,,,,,1,2,1,1,4