accident_id,datetime,annee,mois,jour,heure,minute,departement,commune_insee,adresse,latitude,longitude,luminosite,agglomeration,intersection,meteo,collision,nb_vehicules,nb_usagers,nb_indemnes,nb_tues,nb_blesses_hosp,nb_blesses_legers,age_cond_1,age_cond_2,veh_type_cond_1,veh_type_cond_2,lum_code,agg_code,int_code,atm_code,col_code
200600062455,0006-10-11 17:08:00,6,10,11,17,8,590,512,ALGER  (RUE D'),,,Plein jour,En agglomération,Intersection en T,Normale,Deux véhicules - côté,,,,,,,,,,,1,2,3,1,3
200600062456,0006-10-13 16:05:00,6,10,13,16,5,590,163,OGIERS (RUE DES),,,Plein jour,En agglomération,Hors intersection,Normale,Autre collision,,,,,,,,,,,1,2,1,1,6
200600062457,0006-10-22 21:15:00,6,10,22,21,15,590,512,CASSEL (RUE DE),,,Nuit avec éclairage allumé,En agglomération,Intersection en T,Pluie légère,Autre collision,,,,,,,,,,,5,2,3,2,6
200600062458,0006-10-20 13:30:00,6,10,20,13,30,590,646,GAMBETTA (PLACE),,,Plein jour,En agglomération,Hors intersection,Normale,Autre collision,,,,,,,,,,,1,2,1,1,6
200600062459,0006-10-05 19:00:00,6,10,5,19,0,590,332,DE LANNOY (RUE JEAN),,,Plein jour,En agglomération,Hors intersection,Normale,Deux véhicules - arrière,,,,,,,,,,,1,2,1,1,2
200600062460,0006-10-16 16:45:00,6,10,16,16,45,590,512,ANZIN (RUE D'),,,Plein jour,En agglomération,Hors intersection,Normale,Autre collision,,,,,,,,,,,1,2,1,1,6
200600062461,0006-10-24 08:20:00,6,10,24,8,20,590,512,ARMENTIERES (BOULEVARD D,,,Plein jour,En agglomération,Hors intersection,Pluie forte,Autre collision,,,,,,,,,,,1,2,1,3,6
200600062462,0006-10-23 08:55:00,6,10,23,8,55,590,646,DELETTE (RUE EMILE),,,Plein jour,En agglomération,Intersection en X,Normale,Deux véhicules - frontale,,,,,,,,,,,1,2,2,1,1
200600062463,0006-10-02 07:40:00,6,10,2,7,40,590,163,HEM (RUE D'),,,Nuit avec éclairage allumé,En agglomération,Hors intersection,Normale,Deux véhicules - arrière,,,,,,,,,,,5,2,1,1,2
200600062464,0006-10-24 13:30:00,6,10,24,13,30,590,299,GUESDE (RUE JULES),,,Plein jour,En agglomération,Intersection en T,Pluie forte,Deux véhicules - côté,,,,,,,,,,,1,2,3,3,3
200600062465,0006-10-23 20:25:00,6,10,23,20,25,590,163,CRECHET (RUE DU),,,Nuit avec éclairage allumé,En agglomération,Intersection en X,Pluie forte,Deux véhicules - côté,,,,,,,,,,,5,2,2,3,3
200600062466,0006-10-23 13:00:00,6,10,23,13,0,590,512,LILLE ( RUE DE),,,Plein jour,En agglomération,Hors intersection,Normale,Autre collision,,,,,,,,,,,1,2,1,1,6
200600062467,0006-10-26 03:45:00,6,10,26,3,45,590,339,WATTRELOS (RUE DE),,,Nuit avec éclairage allumé,En agglomération,Hors intersection,Normale,Sans collision,,,,,,,,,,,5,2,1,1,7
200600062468,0006-10-12 20:15:00,6,10,12,20,15,590,650,MONT A LEUX (RUE DU),,,Nuit avec éclairage allumé,En agglomération,Hors intersection,Normale,Autre collision,,,,,,,,,,,5,2,1,1,6
200600062469,0006-10-16 09:50:00,6,10,16,9,50,590,650,BUISSON (RUE FERDINAND),,,Plein jour,En agglomération,Hors intersection,Normale,Deux véhicules - côté,,,,,,,,,,,1,2,1,1,3
200600062470,0006-10-26 00:55:00,6,10,26,0,55,590,163,HOLDEN CROTHERS(RUE),,,Nuit avec éclairage allumé,En agglomération,Hors intersection,Normale,Sans collision,,,,,,,,,,,5,2,1,1,7
200600062471,0006-10-13 20:30:00,6,10,13,20,30,590,650,CARNOT (RUE),,,Nuit avec éclairage allumé,En agglomération,Hors intersection,Normale,Deux véhicules - côté,,,,,,,,,,,5,2,1,1,3
200600062472,0006-10-20 18:20:00,6,10,20,18,20,590,512,LAFAYETTE (RUE),,,Nuit avec éclairage allumé,En agglomération,Intersection en X,Normale,Deux véhicules - côté,,,,,,,,,,,5,2,2,1,3
200600062473,0006-10-26 17:35:00,6,10,26,17,35,590,299,ECOLES (RUE DES),,,Plein jour,En agglomération,Intersection en X,Normale,Deux véhicules - côté,,,,,,,,,,,1,2,2,1,3
200600062474,0006-10-22 15:25:00,6,10,22,15,25,590,299,GUESDE (RUE JULES),,,Plein jour,En agglomération,Intersection en T,Normale,Autre collision,,,,,,,,,,,1,2,3,1,6
200600062475,0006-10-27 16:35:00,6,10,27,16,35,590,512,NOTTE (RUE JEAN BAPTISTE,,,Plein jour,En agglomération,Intersection en T,Normale,Deux véhicules - côté,,,,,,,,,,,1,2,3,1,3
200600062476,0006-10-30 08:30:00,6,10,30,8,30,590,512,CUVIER (RUE),,,Plein jour,En agglomération,Intersection en X,Normale,Deux véhicules - côté,,,,,,,,,,,1,2,2,1,3
200600062477,0006-10-28 16:45:00,6,10,28,16,45,590,512,GUESDE (RUE JULES),,,Plein jour,En agglomération,Hors intersection,Normale,Autre collision,,,,,,,,,,,1,2,1,1,6
200600062478,0006-10-13 15:00:00,6,10,13,15,0,590,646,GAMBETTA (PLACE),,,Plein jour,En agglomération,Hors intersection,Normale,Deux véhicules - arrière,,,,,,,,,,,1,2,1,1,2
200600062479,0006-10-31 13:50:00,6,10,31,13,50,590,339,CD 700,,,Plein jour,En agglomération,Hors intersection,Normale,Deux véhicules - côté,,,,,,,,,,,1,2,1,1,3
200600062480,0006-10-27 12:10:00,6,10,27,12,10,590,367,JAURES (RUE JEAN),,,Plein jour,En agglomération,Hors intersection,Normale,Deux véhicules - arrière,,,,,,,,,,,1,2,1,1,2
200600062481,0006-10-26 18:25:00,6,10,26,18,25,590,650,LA FONTAINE (RUE),,,Nuit avec éclairage allumé,En agglomération,Intersection en Y,Normale,Deux véhicules - frontale,,,,,,,,,,,5,2,4,1,1
200600062482,0006-10-25 12:13:00,6,10,25,12,13,590,512,CAMBRAI (BOULEVARD DE),,,Plein jour,En agglomération,Hors intersection,Normale,Trois véhicules et plus - en chaîne,,,,,,,,,,,1,2,1,1,4
200600062483,0006-10-11 18:55:00,6,10,11,18,55,590,650,MARTINOIRE (RUE DE LA),,,Plein jour,En agglomération,Hors intersection,Normale,Sans collision,,,,,,,,,,,1,2,1,1,7
200600062484,0006-10-17 13:15:00,6,10,17,13,15,590,512,MOULIN (RUE JEAN),,,Plein jour,En agglomération,Intersection en T,Normale,Sans collision,,,,,,,,,,,1,2,3,1,7
200600062485,0006-10-13 07:00:00,6,10,13,7,0,590,227,"02, JULES GUESDE(RUE)",,,Nuit sans éclairage public,En agglomération,Intersection en X,Normale,Deux véhicules - côté,,,,,,,,,,,3,2,2,1,3
200600062486,0006-10-18 21:50:00,6,10,18,21,50,590,574,"136, GAMBETTA (RUE)",,,Nuit avec éclairage allumé,En agglomération,Hors intersection,Autre,Autre collision,,,,,,,,,,,5,2,1,9,6
200600062487,0006-10-05 15:00:00,6,10,5,15,0,590,599,"04, BERTHELOT (CHAUSSEE",,,Plein jour,En agglomération,Hors intersection,Pluie légère,Deux véhicules - arrière,,,,,,,,,,,1,2,1,2,2
200600062488,0006-10-06 09:00:00,6,10,6,9,0,590,90,HESPEL (RUE RENE D')2A4-,,,Plein jour,En agglomération,Hors intersection,Pluie légère,Deux véhicules - côté,,,,,,,,,,,1,2,1,2,3
200600062489,0006-10-07 14:20:00,6,10,7,14,20,590,599,"187, GAMBETTA (BOULEVARD",,,Plein jour,En agglomération,Hors intersection,Normale,Deux véhicules - côté,,,,,,,,,,,1,2,1,1,3
200600062490,0006-10-09 12:25:00,6,10,9,12,25,590,599,CURIE (CHAUSSEE PIERRE),,,Plein jour,En agglomération,Intersection en X,Normale,Autre collision,,,,,,,,,,,1,2,2,1,6
200600062491,0006-10-15 15:20:00,6,10,15,15,20,590,90,"79, GEORGES (CHEMIN SAIN",,,Plein jour,En agglomération,Hors intersection,Normale,Deux véhicules - côté,,,,,,,,,,,1,2,1,1,3
200600062492,0006-10-18 10:50:00,6,10,18,10,50,590,599,GAMBETTA (BOULEVARD),,,Plein jour,En agglomération,Hors intersection,Pluie légère,Deux véhicules - côté,,,,,,,,,,,1,2,1,2,3
200600062493,0006-10-21 09:45:00,6,10,21,9,45,590,599,"68, INGRES (RUE)",,,Plein jour,En agglomération,Hors intersection,Normale,Autre collision,,,,,,,,,,,1,2,1,1,6
200600062494,0006-10-11 16:10:00,6,10,11,16,10,590,599,FOREST (CHAUSSEE FERNAND,,,Plein jour,En agglomération,Intersection en X,Normale,Deux véhicules - côté,,,,,,,,,,,1,2,2,1,3
200600062495,0006-10-26 19:10:00,6,10,26,19,10,590,599,", MARNE (AVENUE DE LA)",,,Nuit avec éclairage allumé,En agglomération,Intersection à plus de 4 branches,Normale,Deux véhicules - côté,,,,,,,,,,,5,2,5,1,3
200600062496,0006-10-27 15:50:00,6,10,27,15,50,590,426,"38, TOURCOING (RUE DE)",,,Plein jour,En agglomération,Hors intersection,Normale,Deux véhicules - côté,,,,,,,,,,,1,2,1,1,3
200600062497,0006-10-11 11:30:00,6,10,11,11,30,590,484,"437, JAURES (AVENUE JEAN",,,Plein jour,En agglomération,Hors intersection,Normale,Deux véhicules - arrière,,,,,,,,,,,1,2,1,1,2
200600062498,0006-10-24 15:00:00,6,10,24,15,0,590,484,"42, JAURES (AVENUE JEAN)",,,Plein jour,En agglomération,Intersection en T,Normale,Deux véhicules - côté,,,,,,,,,,,1,2,3,1,3
200600062499,0006-10-03 13:50:00,6,10,3,13,50,590,79,ZOLA (RUE EMILE),,,Plein jour,En agglomération,Intersection en X,Normale,Autre collision,,,,,,,,,,,1,2,2,1,6
200600062500,0006-10-18 06:30:00,6,10,18,6,30,590,613,RD 50,,,Nuit sans éclairage public,Hors agglomération,Intersection en T,Pluie légère,Deux véhicules - côté,,,,,,,,,,,3,1,3,2,3
200600062501,0006-10-10 07:30:00,6,10,10,7,30,590,564,LAGRANGE (RUE LEO),,,Crépuscule ou aube,En agglomération,Hors intersection,Normale,Autre collision,,,,,,,,,,,2,2,1,1,6
200600062502,0006-10-16 16:30:00,6,10,16,16,30,590,14,"430, FRANCE (AVENUE ANAT",,,Plein jour,En agglomération,Hors intersection,Normale,Autre collision,,,,,,,,,,,1,2,1,1,6
200600062503,0006-10-08 04:30:00,6,10,8,4,30,590,606,MAGALOTTI (RUE),,,Nuit avec éclairage allumé,Hors agglomération,Intersection en X,Normale,Deux véhicules - côté,,,,,,,,,,,5,1,2,1,3
200600062504,0006-10-28 16:55:00,6,10,28,16,55,590,606,DESANDROUIN (AV) - HOTEL,,,Plein jour,En agglomération,Intersection en T,Normale,Deux véhicules - côté,,,,,,,,,,,1,2,3,1,3
200600062505,0006-10-21 15:00:00,6,10,21,15,0,590,14,SPORTS (AVENUE DES),,,Plein jour,En agglomération,Intersection en T,Normale,Deux véhicules - côté,,,,,,,,,,,1,2,3,1,3
200600062506,0006-10-10 16:20:00,6,10,10,16,20,590,484,CRONTE VOYE (RUE),,,Plein jour,En agglomération,Hors intersection,Normale,Autre collision,,,,,,,,,,,1,2,1,1,6
200600062507,0006-10-20 15:45:00,6,10,20,15,45,590,112,"187, JAURES (RUE JEAN)",,,Plein jour,En agglomération,Intersection en X,Normale,Autre collision,,,,,,,,,,,1,2,2,1,6
200600062508,0006-10-28 14:55:00,6,10,28,14,55,590,32,"71, LIBERATION (AVENUE D",,,Plein jour,En agglomération,Hors intersection,Normale,Autre collision,,,,,,,,,,,1,2,1,1,6
200600062509,0006-10-22 11:30:00,6,10,22,11,30,590,515,MOZART (RUE),,,Plein jour,En agglomération,Intersection en T,Normale,Autre collision,,,,,,,,,,,1,2,3,1,6
200600062510,0006-10-24 18:15:00,6,10,24,18,15,590,606,"40, CONDE (AVENUE DE)",,,Nuit avec éclairage allumé,En agglomération,Hors intersection,Normale,Autre collision,,,,,,,,,,,5,2,1,1,6
200600062511,0006-10-31 22:15:00,6,10,31,22,15,590,606,REIMS (AVENUE DE),,,Nuit avec éclairage allumé,En agglomération,Intersection en T,Normale,Deux véhicules - côté,,,,,,,,,,,5,2,3,1,3
200600062512,0006-10-31 17:05:00,6,10,31,17,5,590,606,DENAIN (AVENUE DE),,,Nuit avec éclairage allumé,En agglomération,Hors intersection,Normale,Deux véhicules - côté,,,,,,,,,,,5,2,1,1,3
200600062513,0006-10-07 16:57:00,6,10,7,16,57,600,57,"11, BLAISE PASCAL (AV) >",,,Plein jour,En agglomération,Hors intersection,Normale,Autre collision,,,,,,,,,,,1,2,1,1,6
200600062514,0006-10-10 14:15:00,6,10,10,14,15,600,57,"1, JULES MICHELET (RUE)",,,Plein jour,En agglomération,Intersection en T,Normale,Autre collision,,,,,,,,,,,1,2,3,1,6
200600062515,0006-10-20 07:35:00,6,10,20,7,35,600,57,"41, TAPISSERIE (RUE DE L",,,Crépuscule ou aube,En agglomération,Hors intersection,Normale,Autre collision,,,,,,,,,,,2,2,1,1,6
200600062516,0006-10-21 09:30:00,6,10,21,9,30,600,57,"22, VICTOR HUGO (AVENUE)",,,Plein jour,En agglomération,Hors intersection,Normale,Autre collision,,,,,,,,,,,1,2,1,1,6
200600062517,0006-10-28 11:30:00,6,10,28,11,30,600,57,"91, COROT (AVENUE)",,,Plein jour,En agglomération,Intersection en X,Normale,Deux véhicules - arrière,,,,,,,,,,,1,2,2,1,2
200600062518,0006-10-31 01:55:00,6,10,31,1,55,600,57,"3, NORMANDIE (BOULEVARD",,,Nuit avec éclairage allumé,En agglomération,Hors intersection,Normale,Autre collision,,,,,,,,,,,5,2,1,1,6
200600062519,0006-10-09 18:05:00,6,10,9,18,5,600,159,"32, HUY (AV. DE)",,,Crépuscule ou aube,En agglomération,Autre intersection,Autre,Deux véhicules - côté,,,,,,,,,,,2,2,9,9,3
200600062520,0006-10-14 19:55:00,6,10,14,19,55,600,175,BRANLY (RUE EDOUARD),,,Nuit avec éclairage allumé,En agglomération,Hors intersection,Normale,Sans collision,,,,,,,,,,,5,2,1,1,7
200600062521,0006-10-22 02:15:00,6,10,22,2,15,600,463,RN 16_LIMITE CNE NOGENT_,,,Nuit sans éclairage public,Hors agglomération,Hors intersection,Normale,Deux véhicules - frontale,,,,,,,,,,,3,1,1,1,1
200600062522,0006-10-24 16:30:00,6,10,24,16,30,600,175,RN 16_SORTIE RN 16_ACCES,,,Plein jour,Hors agglomération,Hors intersection,Normale,Trois véhicules et plus - en chaîne,,,,,,,,,,,1,1,1,1,4
200600062523,0006-10-28 20:05:00,6,10,28,20,5,600,175,RD 201_SORTIE 201_ACCES,,,Nuit sans éclairage public,Hors agglomération,Hors intersection,Normale,Trois véhicules et plus - collisions multiples,,,,,,,,,,,3,1,1,1,5
200600062524,0006-10-02 11:30:00,6,10,2,11,30,610,1,"28, VICQUES (RUE DE)",,,Plein jour,En agglomération,Hors intersection,Normale,Autre collision,,,,,,,,,,,1,2,1,1,6
200600062525,0006-10-21 11:30:00,6,10,21,11,30,610,1,"75, CLEMENCEAU (COURS)",,,Plein jour,En agglomération,Hors intersection,Normale,Autre collision,,,,,,,,,,,1,2,1,1,6
200600062526,0006-10-19 08:00:00,6,10,19,8,0,610,1,"185, GENERAL LECLERC (AV",,,Plein jour,En agglomération,Hors intersection,Normale,Deux véhicules - arrière,,,,,,,,,,,1,2,1,1,2
200600062527,0006-10-29 01:15:00,6,10,29,1,15,610,6,"aucun, CRENNES (ROUTE)",,,Nuit avec éclairage allumé,En agglomération,Intersection en Y,Normale,Deux véhicules - côté,,,,,,,,,,,5,2,4,1,3
200600062528,0006-10-28 21:30:00,6,10,28,21,30,610,6,"aucun, CARNOT (BOULEVARD",,,Nuit avec éclairage allumé,En agglomération,Intersection en T,Normale,Deux véhicules - côté,,,,,,,,,,,5,2,3,1,3
200600062529,0006-10-06 15:50:00,6,10,6,15,50,610,218,"1, LES MONTS (LIEU-DIT)",,,Plein jour,En agglomération,Hors intersection,Pluie légère,Deux véhicules - frontale,,,,,,,,,,,1,2,1,2,1
200600062530,0006-10-23 16:55:00,6,10,23,16,55,620,65,"226, MARTEL HENRI( BOULE",,,Plein jour,En agglomération,Hors intersection,Normale,Autre collision,,,,,,,,,,,1,2,1,1,6
200600062531,0006-10-08 17:45:00,6,10,8,17,45,620,108,"315, IMPERATRICE",,,Plein jour,En agglomération,Intersection en Y,Normale,Deux véhicules - côté,,,,,,,,,,,1,2,4,1,3
200600062532,0006-10-29 13:05:00,6,10,29,13,5,620,108,"10, PARIS",,,Plein jour,En agglomération,Hors intersection,Normale,Autre collision,,,,,,,,,,,1,2,1,1,6
200600062533,0006-10-01 15:00:00,6,10,1,15,0,620,841,"1, MERVILLE ( RUE DE )",,,Plein jour,En agglomération,Hors intersection,Normale,Autre collision,,,,,,,,,,,1,2,1,1,6
200600062534,0006-10-24 21:55:00,6,10,24,21,55,620,310,ONZE NOVEMBRE ( RUE DU ),,,Nuit avec éclairage allumé,En agglomération,Hors intersection,Normale,Sans collision,,,,,,,,,,,5,2,1,1,7
200600062535,0006-10-30 19:20:00,6,10,30,19,20,620,34,"100, RN 41",,,Crépuscule ou aube,Hors agglomération,Hors intersection,Normale,Autre collision,,,,,,,,,,,2,1,1,1,6
200600062536,0006-10-19 21:00:00,6,10,19,21,0,620,841,MENDES FRANCE ( RUE PIER,,,Nuit avec éclairage allumé,En agglomération,Intersection en T,Normale,Deux véhicules - côté,,,,,,,,,,,5,2,3,1,3
200600062537,0006-10-09 19:35:00,6,10,9,19,35,620,119,MOULIN ( BOULEVARD JEAN,,,Nuit avec éclairage allumé,En agglomération,Intersection en X,Normale,Deux véhicules - côté,,,,,,,,,,,5,2,2,1,3
200600062538,0006-10-04 21:55:00,6,10,4,21,55,620,160,"0, CHATILLON (Bld de)",,,Nuit avec éclairage allumé,En agglomération,Hors intersection,Autre,Deux véhicules - arrière,,,,,,,,,,,5,2,1,9,2
200600062539,0006-10-10 07:15:00,6,10,10,7,15,620,643,"01, CLERC ( Rue du Profe",,,Crépuscule ou aube,En agglomération,Intersection en X,Normale,Deux véhicules - côté,,,,,,,,,,,2,2,2,1,3
200600062540,0006-10-27 09:10:00,6,10,27,9,10,620,758,", SAINT OMER ( Route de",,,Plein jour,En agglomération,Hors intersection,Normale,Sans collision,,,,,,,,,,,1,2,1,1,7
200600062541,0006-10-11 18:40:00,6,10,11,18,40,620,160,"123, KENNEDY (Ave. John)",,,Plein jour,En agglomération,Intersection en T,Normale,Deux véhicules - côté,,,,,,,,,,,1,2,3,1,3
200600062542,0006-10-28 15:10:00,6,10,28,15,10,620,160,"60, CAMP DE DROITE (Rue",,,Plein jour,En agglomération,Hors intersection,Normale,Sans collision,,,,,,,,,,,1,2,1,1,7
200600062543,0006-10-07 14:30:00,6,10,7,14,30,620,270,RD 301,,,Plein jour,Hors agglomération,Hors intersection,Normale,Trois véhicules et plus - collisions multiples,,,,,,,,,,,1,1,1,1,5
200600062544,0006-10-10 09:15:00,6,10,10,9,15,620,178,"1, REPUBLIQUE ( DE LA )",,,Plein jour,En agglomération,Hors intersection,Normale,Deux véhicules - côté,,,,,,,,,,,1,2,1,1,3
200600062545,0006-10-07 18:40:00,6,10,7,18,40,620,193,"3, VIRVAL (RUE DU)",,,Plein jour,En agglomération,Hors intersection,Normale,Autre collision,,,,,,,,,,,1,2,1,1,6
200600062546,0006-10-13 12:15:00,6,10,13,12,15,620,193,BERT (RUE P.),,,Plein jour,En agglomération,Hors intersection,Normale,Deux véhicules - frontale,,,,,,,,,,,1,2,1,1,1
200600062547,0006-10-27 11:10:00,6,10,27,11,10,620,193,"BAT N 350, RODIN (RUE A.",,,Plein jour,En agglomération,Hors intersection,Normale,Autre collision,,,,,,,,,,,1,2,1,1,6
200600062548,0006-10-27 13:45:00,6,10,27,13,45,620,193,SAINT EXUPERY (AVENUE. 2,,,Plein jour,En agglomération,Hors intersection,Normale,Deux véhicules - arrière,,,,,,,,,,,1,2,1,1,2
200600062549,0006-10-31 21:10:00,6,10,31,21,10,620,193,"11, VICTOR HUGO (BOULEVA",,,Nuit avec éclairage allumé,En agglomération,Hors intersection,Normale,Autre collision,,,,,,,,,,,5,2,1,1,6
200600062550,0006-10-11 17:10:00,6,10,11,17,10,620,907,"sans, RN 17",,,Plein jour,Hors agglomération,Intersection en T,Normale,Trois véhicules et plus - collisions multiples,,,,,,,,,,,1,1,3,1,5
200600062551,0006-10-11 17:55:00,6,10,11,17,55,620,215,"sans, NATIONALE 17  (RTE",,,Crépuscule ou aube,Hors agglomération,Hors intersection,Normale,Deux véhicules - côté,,,,,,,,,,,2,1,1,1,3
200600062552,0006-10-07 19:45:00,6,10,7,19,45,620,413,"15, MONTBELIARD (R DE)",,,Nuit avec éclairage allumé,En agglomération,Hors intersection,Normale,Autre collision,,,,,,,,,,,5,2,1,1,6
200600062553,0006-10-14 20:15:00,6,10,14,20,15,620,215,"sans, EGLISE (CTR DE L')",,,Crépuscule ou aube,En agglomération,Hors intersection,Normale,Deux véhicules - arrière,,,,,,,,,,,2,2,1,1,2
200600062554,0006-10-21 14:20:00,6,10,21,14,20,620,215,"sans, PROVIN (RTE DE)",,,Plein jour,Hors agglomération,Hors intersection,Normale,Sans collision,,,,,,,,,,,1,1,1,1,7
200600062555,0006-10-23 08:45:00,6,10,23,8,45,620,637,"sans, PASTEUR (R)",,,Plein jour,En agglomération,Hors intersection,Normale,Sans collision,,,,,,,,,,,1,2,1,1,7
200600062556,0006-10-26 21:40:00,6,10,26,21,40,620,215,"sans, NATIONALE 17  (RTE",,,Nuit sans éclairage public,Hors agglomération,Hors intersection,Normale,Sans collision,,,,,,,,,,,3,1,1,1,7
200600062557,0006-10-27 19:40:00,6,10,27,19,40,620,215,"sans, OIGNIES (RTE D')",,,Nuit avec éclairage allumé,Hors agglomération,Intersection en T,Normale,Deux véhicules - côté,,,,,,,,,,,5,1,3,1,3
200600062558,0006-10-04 18:30:00,6,10,4,18,30,620,427,"207, DESMOULINS (R CAMIL",,,Crépuscule ou aube,En agglomération,Hors intersection,Normale,Autre collision,,,,,,,,,,,2,2,1,1,6
200600062559,0006-10-08 15:00:00,6,10,8,15,0,620,274,"0, ZI DELTA 3",,,Plein jour,Hors agglomération,Hors intersection,Normale,Deux véhicules - frontale,,,,,,,,,,,1,1,1,1,1
200600062560,0006-10-07 08:40:00,6,10,7,8,40,620,249,"0, POILUS (R DES)",,,Plein jour,En agglomération,Hors intersection,Temps couvert,Deux véhicules - côté,,,,,,,,,,,1,2,1,8,3
200600062561,0006-10-08 16:30:00,6,10,8,16,30,620,427,LETERME (BD DES FRERES ),,,Plein jour,En agglomération,Intersection en X,Normale,Deux véhicules - côté,,,,,,,,,,,1,2,2,1,3
200600062562,0006-10-09 18:40:00,6,10,9,18,40,620,624,"0, CROIX (CHE DES)",,,Crépuscule ou aube,Hors agglomération,Intersection en T,Normale,Deux véhicules - frontale,,,,,,,,,,,2,1,3,1,1
200600062563,0006-10-07 16:33:00,6,10,7,16,33,620,587,"0, HARNES (RTE D')",,,Plein jour,En agglomération,Intersection en T,Normale,Deux véhicules - côté,,,,,,,,,,,1,2,3,1,3
200600062564,0006-10-05 13:30:00,6,10,5,13,30,620,218,"04, NOYELLES (R DE)",,,Plein jour,En agglomération,Hors intersection,Normale,Deux véhicules - frontale,,,,,,,,,,,1,2,1,1,1
200600062565,0006-10-09 13:00:00,6,10,9,13,0,620,498,"sans, RENARDIERES (R DES",,,Plein jour,En agglomération,Hors intersection,Normale,Autre collision,,,,,,,,,,,1,2,1,1,6
200600062566,0006-10-15 15:10:00,6,10,15,15,10,620,842,RN 47,,,Plein jour,Hors agglomération,Hors intersection,Normale,Deux véhicules - arrière,,,,,,,,,,,1,1,1,1,2
200600062567,0006-10-06 13:43:00,6,10,6,13,43,620,498,"101, LETIENNE (R JEAN)",,,Plein jour,En agglomération,Hors intersection,Pluie légère,Autre collision,,,,,,,,,,,1,2,1,2,6
200600062568,0006-10-16 17:00:00,6,10,16,17,0,620,498,"sans, ALLENDE (R SALVADO",,,Plein jour,En agglomération,Intersection en X,Normale,Deux véhicules - côté,,,,,,,,,,,1,2,2,1,3
200600062569,0006-10-23 12:45:00,6,10,23,12,45,620,498,"XXXXXXXXX, RACINE (R )",,,Plein jour,En agglomération,Intersection en T,Normale,Autre collision,,,,,,,,,,,1,2,3,1,6
200600062570,0006-10-14 20:13:00,6,10,14,20,13,620,498,"261, BETHUNE (RTE DE)",,,Nuit avec éclairage allumé,En agglomération,Hors intersection,Normale,Autre collision,,,,,,,,,,,5,2,1,1,6
200600062571,0006-10-24 21:20:00,6,10,24,21,20,620,498,"sans, PRESSENCE (R FRANC",,,Nuit avec éclairage allumé,En agglomération,Hors intersection,Normale,Autre collision,,,,,,,,,,,5,2,1,1,6
200600062572,0006-10-07 13:00:00,6,10,7,13,0,620,498,"88, MOULIN (R JEAN)",,,Plein jour,En agglomération,Hors intersection,Normale,Autre collision,,,,,,,,,,,1,2,1,1,6
200600062573,0006-10-07 19:59:00,6,10,7,19,59,620,498,"XXXXXXXXX, ROSIERS (R DE",,,Nuit avec éclairage allumé,En agglomération,Intersection en X,Normale,Autre collision,,,,,,,,,,,5,2,2,1,6
200600062574,0006-10-10 11:10:00,6,10,10,11,10,620,842,"sans, MOREAU (R EMILIENN",,,Plein jour,En agglomération,Intersection en T,Normale,Deux véhicules - côté,,,,,,,,,,,1,2,3,1,3
200600062575,0006-10-28 23:40:00,6,10,28,23,40,620,498,"16, BLUM (R LEON)",,,Nuit avec éclairage allumé,En agglomération,Hors intersection,Normale,Autre collision,,,,,,,,,,,5,2,1,1,6
200600062576,0006-10-16 11:50:00,6,10,16,11,50,620,498,"sans, BASSEE (RTE DE LA)",,,Plein jour,En agglomération,Hors intersection,Normale,Sans collision,,,,,,,,,,,1,2,1,1,7
200600062577,0006-10-18 14:06:00,6,10,18,14,6,620,895,"XXXXXXXX, SALENGRO (R RO",,,Plein jour,En agglomération,Intersection en X,Normale,Autre collision,,,,,,,,,,,1,2,2,1,6
200600062578,0006-10-31 14:50:00,6,10,31,14,50,620,498,"sans, BLUM (R LEON)",,,Plein jour,En agglomération,Intersection en T,Normale,Deux véhicules - côté,,,,,,,,,,,1,2,3,1,3
200600062579,0006-10-20 19:49:00,6,10,20,19,49,620,498,"17, LILLE (RTE DE)  RN 1",,,Nuit avec éclairage allumé,En agglomération,Hors intersection,Normale,Autre collision,,,,,,,,,,,5,2,1,1,6
200600062580,0006-10-03 08:36:00,6,10,3,8,36,620,842,"XXXXXXXXX, CALMETTE",,,Plein jour,En agglomération,Hors intersection,Normale,Autre collision,,,,,,,,,,,1,2,1,1,6
200600062581,0006-10-13 19:35:00,6,10,13,19,35,620,498,"XXXXXXXXX, FRANCE (R ANA",,,Nuit avec éclairage allumé,En agglomération,Intersection en X,Normale,Autre collision,,,,,,,,,,,5,2,2,1,6
200600062582,0006-10-27 17:50:00,6,10,27,17,50,620,498,"22, BETHUNE (RTE DE)",,,Plein jour,En agglomération,Hors intersection,Normale,Autre collision,,,,,,,,,,,1,2,1,1,6
200600062583,0006-10-05 18:20:00,6,10,5,18,20,620,186,"., LIBERTE (BD DE LA)",,,Plein jour,En agglomération,Intersection en X,Normale,Deux véhicules - côté,,,,,,,,,,,1,2,2,1,3
200600062584,0006-10-08 17:55:00,6,10,8,17,55,620,510,"., AMPERE (R )",,,Plein jour,En agglomération,Intersection en X,Normale,Deux véhicules - côté,,,,,,,,,,,1,2,2,1,3
200600062585,0006-10-22 02:10:00,6,10,22,2,10,620,186,"., JAURES (R  JEAN)",,,Nuit avec éclairage allumé,En agglomération,Intersection en T,Normale,Autre collision,,,,,,,,,,,5,2,3,1,6