accident_id,datetime,annee,mois,jour,heure,minute,departement,commune_insee,adresse,latitude,longitude,luminosite,agglomeration,intersection,meteo,collision,nb_vehicules,nb_usagers,nb_indemnes,nb_tues,nb_blesses_hosp,nb_blesses_legers,age_cond_1,age_cond_2,veh_type_cond_1,veh_type_cond_2,lum_code,agg_code,int_code,atm_code,col_code
200600062586,0006-10-30 08:30:00,6,10,30,8,30,620,510,"., HOCHE (R)",,,Plein jour,En agglomération,Intersection en X,Normale,Deux véhicules - côté,,,,,,,,,,,1,2,2,1,3
200600062587,0006-10-07 12:45:00,6,10,7,12,45,620,617,ROUTE NATIONALE (CD 937),,,Plein jour,En agglomération,Intersection en X,Normale,Deux véhicules - côté,,,,,,,,,,,1,2,2,1,3
200600062588,0006-10-04 17:25:00,6,10,4,17,25,620,765,BEGUINES (RUE DES......),,,Plein jour,En agglomération,Hors intersection,Normale,Deux véhicules - côté,,,,,,,,,,,1,2,1,1,3
200600062589,0006-10-12 20:20:00,6,10,12,20,20,620,40,DE GAULLE (AVE CHARLES..,,,Nuit avec éclairage allumé,En agglomération,Intersection en T,Normale,Deux véhicules - côté,,,,,,,,,,,5,2,3,1,3
200600062590,0006-10-01 02:18:00,6,10,1,2,18,620,826,GENERAL DE GAULLE (AVENU,,,Nuit avec éclairage allumé,Hors agglomération,Intersection en Y,Pluie légère,Deux véhicules - arrière,,,,,,,,,,,5,1,4,2,2
200600062591,0006-10-02 16:30:00,6,10,2,16,30,630,113,"1, SOUS LES VIGNES (RUE)",,,Plein jour,En agglomération,Hors intersection,Normale,Autre collision,,,,,,,,,,,1,2,1,1,6
200600062592,0006-10-02 19:35:00,6,10,2,19,35,630,113,"1, SAINT JEAN (BD)",,,Nuit avec éclairage allumé,En agglomération,Hors intersection,Normale,Autre collision,,,,,,,,,,,5,2,1,1,6
200600062593,0006-10-03 17:10:00,6,10,3,17,10,630,113,"22, GERGOVIA (BD)",,,Plein jour,En agglomération,Hors intersection,Normale,Deux véhicules - côté,,,,,,,,,,,1,2,1,1,3
200600062594,0006-10-03 18:45:00,6,10,3,18,45,630,14,"1, PAPIN (RUE DENIS)",,,Plein jour,En agglomération,Hors intersection,Normale,Deux véhicules - côté,,,,,,,,,,,1,2,1,1,3
200600062595,0006-10-04 11:15:00,6,10,4,11,15,630,75,"18, THERMES (AVENUE DES)",,,Plein jour,En agglomération,Hors intersection,Normale,Autre collision,,,,,,,,,,,1,2,1,1,6
200600062596,0006-10-04 20:30:00,6,10,4,20,30,630,113,"16, FLAMINA (RUE DE)",,,Nuit avec éclairage allumé,En agglomération,Hors intersection,Pluie forte,Autre collision,,,,,,,,,,,5,2,1,3,6
200600062597,0006-10-05 07:00:00,6,10,5,7,0,630,113,"20, DUMAS (BD J.BAPTISTE",,,Nuit avec éclairage allumé,En agglomération,Hors intersection,Normale,Deux véhicules - arrière,,,,,,,,,,,5,2,1,1,2
200600062598,0006-10-05 09:55:00,6,10,5,9,55,630,113,"1, FLEURY (BD)",,,Plein jour,En agglomération,Intersection en X,Normale,Autre collision,,,,,,,,,,,1,2,2,1,6
200600062599,0006-10-05 10:00:00,6,10,5,10,0,630,113,"1, BEAULIEU (CHEMIN DE)",,,Plein jour,En agglomération,Hors intersection,Normale,Autre collision,,,,,,,,,,,1,2,1,1,6
200600062600,0006-10-05 18:00:00,6,10,5,18,0,630,113,"1, DESAIX (BD)",,,Plein jour,En agglomération,Hors intersection,Normale,Autre collision,,,,,,,,,,,1,2,1,1,6
200600062601,0006-10-06 14:50:00,6,10,6,14,50,630,113,"1, LAMARTINE (RUE)",,,Plein jour,En agglomération,Intersection en X,Normale,Deux véhicules - côté,,,,,,,,,,,1,2,2,1,3
200600062602,0006-10-06 16:35:00,6,10,6,16,35,630,113,LIMOUSIN (AVENUE DU),,,Plein jour,En agglomération,Hors intersection,Normale,Autre collision,,,,,,,,,,,1,2,1,1,6
200600062603,0006-10-06 15:30:00,6,10,6,15,30,630,113,"1, FOSSES SOUS LE SEMINA",,,Plein jour,En agglomération,Intersection en T,Normale,Deux véhicules - côté,,,,,,,,,,,1,2,3,1,3
200600062604,0006-10-06 17:40:00,6,10,6,17,40,630,113,"1, SAINT JEAN (BD)",,,Plein jour,En agglomération,Intersection en X,Normale,Autre collision,,,,,,,,,,,1,2,2,1,6
200600062605,0006-10-07 00:50:00,6,10,7,0,50,630,113,"1, PRE COMTAL (RUE DE)",,,Nuit avec éclairage allumé,En agglomération,Hors intersection,Normale,Deux véhicules - côté,,,,,,,,,,,5,2,1,1,3
200600062606,0006-10-07 18:45:00,6,10,7,18,45,630,308,"1, TAILLERIE (BOULEVARD",,,Plein jour,En agglomération,Hors intersection,Normale,Sans collision,,,,,,,,,,,1,2,1,1,7
200600062607,0006-10-07 21:15:00,6,10,7,21,15,630,113,"1, COTE BLATIN (BD)",,,Nuit avec éclairage allumé,En agglomération,Intersection en X,Normale,Autre collision,,,,,,,,,,,5,2,2,1,6
200600062608,0006-10-08 05:30:00,6,10,8,5,30,630,113,"1, SOUS LES VIGNES (RUE)",,,Nuit avec éclairage allumé,En agglomération,Hors intersection,Normale,Autre collision,,,,,,,,,,,5,2,1,1,6
200600062609,0006-10-09 17:30:00,6,10,9,17,30,630,14,"1, COURNON (AVENUE DE)",,,Plein jour,En agglomération,Hors intersection,Normale,Deux véhicules - côté,,,,,,,,,,,1,2,1,1,3
200600062610,0006-10-09 16:10:00,6,10,9,16,10,630,113,"1, LAFAYETTE (BD)",,,Plein jour,En agglomération,Hors intersection,Normale,Deux véhicules - côté,,,,,,,,,,,1,2,1,1,3
200600062611,0006-10-09 17:40:00,6,10,9,17,40,630,113,"2, GAILLARD (PLACE GILBE",,,Plein jour,En agglomération,Hors intersection,Normale,Autre collision,,,,,,,,,,,1,2,1,1,6
200600062612,0006-10-10 17:35:00,6,10,10,17,35,630,113,"24, BOURDON (RUE DE)",,,Plein jour,Hors agglomération,Hors intersection,Normale,Autre collision,,,,,,,,,,,1,1,1,1,6
200600062613,0006-10-11 07:45:00,6,10,11,7,45,630,113,"137, LAFAYETTE (BD)",,,Plein jour,En agglomération,Hors intersection,Normale,Autre collision,,,,,,,,,,,1,2,1,1,6
200600062614,0006-10-11 12:15:00,6,10,11,12,15,630,14,"9, COURNON (AVENUE DE)",,,Plein jour,En agglomération,Hors intersection,Normale,Deux véhicules - côté,,,,,,,,,,,1,2,1,1,3
200600062615,0006-10-11 12:30:00,6,10,11,12,30,630,113,"1, BLUM (AVENUE LEON)",,,Plein jour,En agglomération,Hors intersection,Normale,Trois véhicules et plus - en chaîne,,,,,,,,,,,1,2,1,1,4
200600062616,0006-10-11 14:50:00,6,10,11,14,50,630,32,POURLIAT (ROND-POINT DU),,,Plein jour,Hors agglomération,Giratoire,Normale,Autre collision,,,,,,,,,,,1,1,6,1,6
200600062617,0006-10-12 11:00:00,6,10,12,11,0,630,308,"0, CHARADE (CIRCUIT DE)",,,Plein jour,Hors agglomération,Hors intersection,Normale,Autre collision,,,,,,,,,,,1,1,1,1,6
200600062618,0006-10-12 14:10:00,6,10,12,14,10,630,14,"1, GERGOVIE (RUE DE)",,,Plein jour,En agglomération,Intersection en X,Normale,Autre collision,,,,,,,,,,,1,2,2,1,6
200600062619,0006-10-12 14:15:00,6,10,12,14,15,630,14,"1, GALOIS (ALLEE EVARIST",,,Plein jour,En agglomération,Hors intersection,Normale,Autre collision,,,,,,,,,,,1,2,1,1,6
200600062620,0006-10-13 13:20:00,6,10,13,13,20,630,113,"177, CLEMENTEL (BD ETIEN",,,Plein jour,En agglomération,Hors intersection,Normale,Deux véhicules - côté,,,,,,,,,,,1,2,1,1,3
200600062621,0006-10-13 14:10:00,6,10,13,14,10,630,113,"20, JOUHAUX (BD LEON)",,,Plein jour,En agglomération,Hors intersection,Normale,Autre collision,,,,,,,,,,,1,2,1,1,6
200600062622,0006-10-14 07:50:00,6,10,14,7,50,630,113,"0, LAVOISIERS (BD)",,,Plein jour,En agglomération,Intersection en X,Normale,Autre collision,,,,,,,,,,,1,2,2,1,6
200600062623,0006-10-14 10:35:00,6,10,14,10,35,630,75,"1, ROYAT (AVENUE DE)",,,Plein jour,En agglomération,Hors intersection,Normale,Autre collision,,,,,,,,,,,1,2,1,1,6
200600062624,0006-10-14 13:20:00,6,10,14,13,20,630,113,"1, PRADELLE (RUE DE LA)",,,Plein jour,En agglomération,Hors intersection,Normale,Deux véhicules - côté,,,,,,,,,,,1,2,1,1,3
200600062625,0006-10-14 16:05:00,6,10,14,16,5,630,113,"1, FLAUBERT (BD GUSTAVE)",,,Plein jour,En agglomération,Hors intersection,Normale,Deux véhicules - arrière,,,,,,,,,,,1,2,1,1,2
200600062626,0006-10-14 18:57:00,6,10,14,18,57,630,14,"0, FOISSES (RUE DES)",,,Plein jour,En agglomération,Hors intersection,Normale,Deux véhicules - côté,,,,,,,,,,,1,2,1,1,3
200600062627,0006-10-14 20:10:00,6,10,14,20,10,630,113,"1, CORDELIERS (RUE DES)",,,Nuit avec éclairage allumé,En agglomération,Intersection en X,Normale,Autre collision,,,,,,,,,,,5,2,2,1,6
200600062628,0006-10-14 23:10:00,6,10,14,23,10,630,113,"1, LAFAYETTE (BD)",,,Nuit avec éclairage allumé,En agglomération,Hors intersection,Normale,Autre collision,,,,,,,,,,,5,2,1,1,6
200600062629,0006-10-15 00:50:00,6,10,15,0,50,630,75,"1, PASTEUR (AVENUE)",,,Nuit avec éclairage allumé,En agglomération,Hors intersection,Normale,Autre collision,,,,,,,,,,,5,2,1,1,6
200600062630,0006-10-16 16:20:00,6,10,16,16,20,630,113,"1, JOUHAUX (BD LEON)",,,Plein jour,En agglomération,Hors intersection,Normale,Deux véhicules - arrière,,,,,,,,,,,1,2,1,1,2
200600062631,0006-10-16 18:00:00,6,10,16,18,0,630,113,"0, FONTGIEVE (RUE)",,,Plein jour,En agglomération,Hors intersection,Normale,Autre collision,,,,,,,,,,,1,2,1,1,6
200600062632,0006-10-17 05:13:00,6,10,17,5,13,630,113,CLEMENTEL (BD ETIENNE),,,Nuit avec éclairage allumé,En agglomération,Intersection en X,Normale,Deux véhicules - côté,,,,,,,,,,,5,2,2,1,3
200600062633,0006-10-17 09:15:00,6,10,17,9,15,630,113,"46, PASTEUR (BD)",,,Plein jour,En agglomération,Hors intersection,Normale,Autre collision,,,,,,,,,,,1,2,1,1,6
200600062634,0006-10-17 23:55:00,6,10,17,23,55,630,113,"1, COTE BLATIN (BD)",,,Nuit avec éclairage allumé,En agglomération,Intersection en X,Normale,Deux véhicules - côté,,,,,,,,,,,5,2,2,1,3
200600062635,0006-10-18 08:40:00,6,10,18,8,40,630,113,"1, RIBOT (RUE ALEXANDRE)",,,Plein jour,En agglomération,Hors intersection,Normale,Autre collision,,,,,,,,,,,1,2,1,1,6
200600062636,0006-10-19 12:20:00,6,10,19,12,20,630,113,"84, CLEMENTEL (BD ETIENN",,,Plein jour,En agglomération,Hors intersection,Normale,Trois véhicules et plus - en chaîne,,,,,,,,,,,1,2,1,1,4
200600062637,0006-10-19 14:15:00,6,10,19,14,15,630,14,"0, CRISTAL (AVENUE ERNES",,,Plein jour,En agglomération,Hors intersection,Normale,Autre collision,,,,,,,,,,,1,2,1,1,6
200600062638,0006-10-19 20:20:00,6,10,19,20,20,630,113,"1, BARBIER DAUBREE (AVEN",,,Nuit avec éclairage allumé,En agglomération,Hors intersection,Pluie légère,Autre collision,,,,,,,,,,,5,2,1,2,6
200600062639,0006-10-20 07:30:00,6,10,20,7,30,630,113,"1, BLATIN (RUE)",,,Nuit avec éclairage allumé,En agglomération,Hors intersection,Normale,Deux véhicules - arrière,,,,,,,,,,,5,2,1,1,2
200600062640,0006-10-20 17:15:00,6,10,20,17,15,630,113,"16, NIEL (RUE)",,,Plein jour,En agglomération,Hors intersection,Normale,Deux véhicules - arrière,,,,,,,,,,,1,2,1,1,2
200600062641,0006-10-21 06:00:00,6,10,21,6,0,630,113,LAFAYETTE (BD),,,Nuit avec éclairage allumé,En agglomération,Hors intersection,Normale,Autre collision,,,,,,,,,,,5,2,1,1,6
200600062642,0006-10-21 07:45:00,6,10,21,7,45,630,75,PASTEUR (AVENUE),,,Nuit avec éclairage allumé,En agglomération,Hors intersection,Normale,Autre collision,,,,,,,,,,,5,2,1,1,6
200600062643,0006-10-21 10:55:00,6,10,21,10,55,630,113,"1, AURIOL (BOULEBARD VIN",,,Plein jour,En agglomération,Intersection en X,Normale,Autre collision,,,,,,,,,,,1,2,2,1,6
200600062644,0006-10-21 13:50:00,6,10,21,13,50,630,113,"1, JOUHAUX (BD LEON)",,,Plein jour,En agglomération,Hors intersection,Normale,Deux véhicules - arrière,,,,,,,,,,,1,2,1,1,2
200600062645,0006-10-21 14:45:00,6,10,21,14,45,630,113,FLEURY (BD),,,Plein jour,En agglomération,Intersection en X,Normale,Autre collision,,,,,,,,,,,1,2,2,1,6
200600062646,0006-10-22 00:01:00,6,10,22,0,1,630,113,TORPILLEUR SIROCCO (RUE,,,Nuit avec éclairage allumé,En agglomération,Hors intersection,Normale,Autre collision,,,,,,,,,,,5,2,1,1,6
200600062647,0006-10-23 07:45:00,6,10,23,7,45,630,113,TORPILLEUR SIROCCO (RUE,,,Crépuscule ou aube,En agglomération,Intersection en X,Normale,Autre collision,,,,,,,,,,,2,2,2,1,6
200600062648,0006-10-23 07:55:00,6,10,23,7,55,630,14,"1, ROUSSILLON (AVENUE DU",,,Plein jour,En agglomération,Hors intersection,Normale,Autre collision,,,,,,,,,,,1,2,1,1,6
200600062649,0006-10-23 08:10:00,6,10,23,8,10,630,14,"70, MOULIN (AVENUE JEAN)",,,Plein jour,En agglomération,Hors intersection,Normale,Deux véhicules - côté,,,,,,,,,,,1,2,1,1,3
200600062650,0006-10-23 12:45:00,6,10,23,12,45,630,113,"1, VERMENOUZE (RUE)",,,Plein jour,En agglomération,Intersection en T,Normale,Deux véhicules - côté,,,,,,,,,,,1,2,3,1,3
200600062651,0006-10-24 13:50:00,6,10,24,13,50,630,75,PASTEUR (AVENUE),,,Plein jour,En agglomération,Hors intersection,Normale,Autre collision,,,,,,,,,,,1,2,1,1,6
200600062652,0006-10-24 21:55:00,6,10,24,21,55,630,113,"12, SAINTE GEORGE (RUE)",,,Plein jour,En agglomération,Autre intersection,Normale,Autre collision,,,,,,,,,,,1,2,9,1,6
200600062653,0006-10-25 07:35:00,6,10,25,7,35,630,113,"1, BREZET (AVENUE)",,,Nuit sans éclairage public,En agglomération,Giratoire,Normale,Autre collision,,,,,,,,,,,3,2,6,1,6
200600062654,0006-10-25 12:00:00,6,10,25,12,0,630,113,"1, SCHUMAN (BD ROBERT)",,,Plein jour,Hors agglomération,Hors intersection,Normale,Deux véhicules - côté,,,,,,,,,,,1,1,1,1,3
200600062655,0006-10-26 17:35:00,6,10,26,17,35,630,113,FOREST (AVENUE FERNAND),,,Plein jour,En agglomération,Hors intersection,Normale,Deux véhicules - côté,,,,,,,,,,,1,2,1,1,3
200600062656,0006-10-27 14:20:00,6,10,27,14,20,630,113,"1, BELLE OMBRE (RUE DE)",,,Plein jour,En agglomération,Hors intersection,Normale,Autre collision,,,,,,,,,,,1,2,1,1,6
200600062657,0006-10-27 09:45:00,6,10,27,9,45,630,113,RIBOT (RUE ALEXANDRE),,,Plein jour,Hors agglomération,Intersection en X,Normale,Autre collision,,,,,,,,,,,1,1,2,1,6
200600062658,0006-10-28 12:10:00,6,10,28,12,10,630,113,"1, LESAGE (RUE)",,,Plein jour,En agglomération,Intersection en T,Normale,Deux véhicules - côté,,,,,,,,,,,1,2,3,1,3
200600062659,0006-10-28 14:45:00,6,10,28,14,45,630,113,"190, FLAUBERT (BD GUSTAV",,,Plein jour,En agglomération,Hors intersection,Normale,Deux véhicules - arrière,,,,,,,,,,,1,2,1,1,2
200600062660,0006-10-28 15:10:00,6,10,28,15,10,630,113,BERTHELOT (BOULEVARD),,,Plein jour,En agglomération,Hors intersection,Normale,Autre collision,,,,,,,,,,,1,2,1,1,6
200600062661,0006-10-28 22:30:00,6,10,28,22,30,630,113,BLERIOT (AVENUE LOUIS),,,Nuit avec éclairage allumé,En agglomération,Hors intersection,Normale,Sans collision,,,,,,,,,,,5,2,1,1,7
200600062662,0006-10-29 13:25:00,6,10,29,13,25,630,113,"1, SABLON (COURS)",,,Plein jour,En agglomération,Intersection en X,Normale,Deux véhicules - côté,,,,,,,,,,,1,2,2,1,3
200600062663,0006-10-30 09:50:00,6,10,30,9,50,630,113,"1, LEMOY (RUE ROBERT)",,,Plein jour,En agglomération,Hors intersection,Normale,Deux véhicules - côté,,,,,,,,,,,1,2,1,1,3
200600062664,0006-10-30 15:32:00,6,10,30,15,32,630,14,"1, ROUSSILLON (AVENUE DU",,,Plein jour,En agglomération,Hors intersection,Normale,Deux véhicules - arrière,,,,,,,,,,,1,2,1,1,2
200600062665,0006-10-30 17:40:00,6,10,30,17,40,630,113,"67, BEAUPEYRAS (RUE DE)",,,Plein jour,En agglomération,Hors intersection,Normale,Autre collision,,,,,,,,,,,1,2,1,1,6
200600062666,0006-10-31 13:50:00,6,10,31,13,50,630,113,"45, ORADOU (RUE DE L')",,,Plein jour,En agglomération,Hors intersection,Normale,Deux véhicules - côté,,,,,,,,,,,1,2,1,1,3
200600062667,0006-10-31 22:00:00,6,10,31,22,0,630,113,"1, JAURES (BD JEAN)",,,Nuit avec éclairage allumé,En agglomération,Intersection en X,Normale,Deux véhicules - côté,,,,,,,,,,,5,2,2,1,3
200600062668,0006-10-11 15:25:00,6,10,11,15,25,630,124,"1, LIBERTE (AVENUE DE LA",,,Plein jour,En agglomération,Intersection en X,Normale,Deux véhicules - côté,,,,,,,,,,,1,2,2,1,3
200600062669,0006-10-15 05:15:00,6,10,15,5,15,630,124,"1, BROGLIE (BOULEVARD LO",,,Nuit avec éclairage allumé,En agglomération,Giratoire,Brouillard / fumée,Sans collision,,,,,,,,,,,5,2,6,5,7
200600062670,0006-10-24 17:20:00,6,10,24,17,20,630,69,"1, GRAVEYROUX (RUE DES)",,,Plein jour,En agglomération,Hors intersection,Normale,Deux véhicules - arrière,,,,,,,,,,,1,2,1,1,2
200600062671,0006-10-26 17:00:00,6,10,26,17,0,630,124,"6, REPUBLIQUE (AVENUE DE",,,Plein jour,En agglomération,Hors intersection,Normale,Autre collision,,,,,,,,,,,1,2,1,1,6
200600062672,0006-10-20 17:00:00,6,10,20,17,0,630,164,CEBAZAT (ROUTE DE),,,Plein jour,Hors agglomération,Intersection en Y,Pluie légère,Deux véhicules - arrière,,,,,,,,,,,1,1,4,2,2
200600062673,0006-10-31 10:55:00,6,10,31,10,55,630,164,GUESDE (RUE JULES),,,Plein jour,En agglomération,Giratoire,Normale,Deux véhicules - côté,,,,,,,,,,,1,2,6,1,3
200600062674,0006-10-25 14:15:00,6,10,25,14,15,630,164,"1, CEBAZAT (ROUTE DE)",,,Plein jour,En agglomération,Intersection en X,Normale,Deux véhicules - arrière,,,,,,,,,,,1,2,2,1,2
200600062675,0006-10-27 14:10:00,6,10,27,14,10,630,300,ROCADE RD 446,,,Plein jour,Hors agglomération,Hors intersection,Normale,Trois véhicules et plus - collisions multiples,,,,,,,,,,,1,1,1,1,5
200600062676,0006-10-04 16:29:00,6,10,4,16,29,640,102,BONNAT (AVENUE LEON),,,Plein jour,En agglomération,Intersection en X,Pluie légère,Deux véhicules - côté,,,,,,,,,,,1,2,2,2,3
200600062677,0006-10-06 17:19:00,6,10,6,17,19,640,24,"88, QUATRE CANTONS (RUE",,,Plein jour,En agglomération,Intersection en X,Temps couvert,Deux véhicules - côté,,,,,,,,,,,1,2,2,8,3
200600062678,0006-10-10 13:20:00,6,10,10,13,20,640,140,"57, LASSALLE (RUE GEORGE",,,Plein jour,En agglomération,Hors intersection,Normale,Autre collision,,,,,,,,,,,1,2,1,1,6
200600062679,0006-10-11 10:45:00,6,10,11,10,45,640,102,SOULT (AVENUE MARECHAL),,,Plein jour,En agglomération,Intersection en T,Pluie légère,Deux véhicules - côté,,,,,,,,,,,1,2,3,2,3
200600062680,0006-10-11 11:25:00,6,10,11,11,25,640,24,"34, LAROCHEFOUCAULD (AVE",,,Plein jour,En agglomération,Hors intersection,Normale,Autre collision,,,,,,,,,,,1,2,1,1,6
200600062681,0006-10-12 00:06:00,6,10,12,0,6,640,102,ARITXAGUE (BD D'),,,Nuit avec éclairage allumé,En agglomération,Hors intersection,Pluie légère,Autre collision,,,,,,,,,,,5,2,1,2,6
200600062682,0006-10-13 13:56:00,6,10,13,13,56,640,102,"32, CAMILLE (AVENUE DELV",,,Plein jour,En agglomération,Hors intersection,Normale,Deux véhicules - arrière,,,,,,,,,,,1,2,1,1,2
200600062683,0006-10-17 08:05:00,6,10,17,8,5,640,24,LACROIX (ROND POINT DOCT,,,Crépuscule ou aube,En agglomération,Giratoire,Normale,Deux véhicules - côté,,,,,,,,,,,2,2,6,1,3
200600062684,0006-10-18 13:25:00,6,10,18,13,25,640,102,"5, FRAIS (CHEMIN DE )",,,Plein jour,En agglomération,Autre intersection,Normale,Deux véhicules - frontale,,,,,,,,,,,1,2,9,1,1
200600062685,0006-10-18 14:15:00,6,10,18,14,15,640,102,D'ARROUSETS (RUE),,,Plein jour,En agglomération,Hors intersection,Normale,Deux véhicules - frontale,,,,,,,,,,,1,2,1,1,1
200600062686,0006-10-23 00:25:00,6,10,23,0,25,640,140,GAULLE (AV CHARLES DE),,,Nuit avec éclairage allumé,En agglomération,Intersection en X,Normale,Deux véhicules - côté,,,,,,,,,,,5,2,2,1,3
200600062687,0006-10-24 15:30:00,6,10,24,15,30,640,102,THIERS (RUE),,,Plein jour,En agglomération,Hors intersection,Normale,Deux véhicules - côté,,,,,,,,,,,1,2,1,1,3
200600062688,0006-10-25 13:45:00,6,10,25,13,45,640,102,"9, LISSES (RUE DES)",,,Plein jour,En agglomération,Hors intersection,Normale,Autre collision,,,,,,,,,,,1,2,1,1,6
200600062689,0006-10-28 16:00:00,6,10,28,16,0,640,24,CEINTURE CENTRE COMMERCI,,,Plein jour,En agglomération,Hors intersection,Normale,Autre collision,,,,,,,,,,,1,2,1,1,6
200600062690,0006-10-31 18:37:00,6,10,31,18,37,640,102,PAULMY (AVENUE DES ALLEE,,,Nuit avec éclairage allumé,En agglomération,Hors intersection,Pluie forte,Autre collision,,,,,,,,,,,5,2,1,3,6
200600062691,0006-10-01 06:40:00,6,10,1,6,40,640,122,"., MARNE (AVENUE DE LA)",,,Nuit avec éclairage allumé,En agglomération,Autre intersection,Normale,Deux véhicules - côté,,,,,,,,,,,5,2,9,1,3
200600062692,0006-10-02 18:08:00,6,10,2,18,8,640,122,"., ""KENNEDY (AVENUE DU P",,,Plein jour,En agglomération,Hors intersection,Normale,Deux véhicules - côté,,,,,,,,,,,1,2,1,1,3
200600062693,0006-10-04 16:40:00,6,10,4,16,40,640,122,"47, ""KENNEDY (AVENUE DU",,,Plein jour,En agglomération,Hors intersection,Normale,Deux véhicules - arrière,,,,,,,,,,,1,2,1,1,2
200600062694,0006-10-09 12:50:00,6,10,9,12,50,640,122,"., ADEMA J-H (RUE)",,,Plein jour,En agglomération,Hors intersection,Normale,Deux véhicules - côté,,,,,,,,,,,1,2,1,1,3
200600062695,0006-10-25 17:10:00,6,10,25,17,10,640,122,"54, SALON (RUE DE)",,,Plein jour,En agglomération,Hors intersection,Normale,Sans collision,,,,,,,,,,,1,2,1,1,7
200600062696,0006-10-01 12:10:00,6,10,1,12,10,640,445,"79, RAUSKY",,,Plein jour,En agglomération,Hors intersection,Normale,Deux véhicules - arrière,,,,,,,,,,,1,2,1,1,2
200600062697,0006-10-02 11:50:00,6,10,2,11,50,640,445,"61, ALSACE LORRAINE D'",,,Plein jour,En agglomération,Hors intersection,Normale,Deux véhicules - arrière,,,,,,,,,,,1,2,1,1,2
200600062698,0006-10-02 20:20:00,6,10,2,20,20,640,445,"32, TOURASSE",,,Crépuscule ou aube,En agglomération,Intersection en X,Normale,Deux véhicules - côté,,,,,,,,,,,2,2,2,1,3
200600062699,0006-10-03 20:50:00,6,10,3,20,50,640,335,"19, MARGUERITE DE NAVARR",,,Nuit avec éclairage allumé,En agglomération,Hors intersection,Pluie légère,Autre collision,,,,,,,,,,,5,2,1,2,6
200600062700,0006-10-04 09:00:00,6,10,4,9,0,640,445,"48, PASTEUR",,,Plein jour,En agglomération,Intersection en X,Normale,Autre collision,,,,,,,,,,,1,2,2,1,6
200600062701,0006-10-08 18:10:00,6,10,8,18,10,640,445,SARAGOSSE DE,,,Plein jour,En agglomération,Hors intersection,Normale,Deux véhicules - arrière,,,,,,,,,,,1,2,1,1,2
200600062702,0006-10-07 15:30:00,6,10,7,15,30,640,445,"1, GASTON PHOEBUS",,,Plein jour,En agglomération,Intersection en X,Normale,Deux véhicules - frontale,,,,,,,,,,,1,2,2,1,1
200600062703,0006-10-07 17:30:00,6,10,7,17,30,640,348,CHARLES DE GAULLE,,,Plein jour,En agglomération,Hors intersection,Normale,Deux véhicules - côté,,,,,,,,,,,1,2,1,1,3
200600062704,0006-10-10 08:15:00,6,10,10,8,15,640,445,VICTOR SCHOELCHER,,,Plein jour,En agglomération,Hors intersection,Normale,Deux véhicules - arrière,,,,,,,,,,,1,2,1,1,2
200600062705,0006-10-11 09:10:00,6,10,11,9,10,640,445,JEAN MERMOZ,,,Plein jour,En agglomération,Hors intersection,Normale,Autre collision,,,,,,,,,,,1,2,1,1,6
200600062706,0006-10-12 23:15:00,6,10,12,23,15,640,445,"41, AMEDEE ROUSSILLE",,,Nuit avec éclairage allumé,En agglomération,Hors intersection,Normale,Autre collision,,,,,,,,,,,5,2,1,1,6
200600062707,0006-10-11 12:00:00,6,10,11,12,0,640,445,"16, BARBANEGRE",,,Plein jour,En agglomération,Hors intersection,Normale,Autre collision,,,,,,,,,,,1,2,1,1,6
200600062708,0006-10-13 15:15:00,6,10,13,15,15,640,348,CHARLES DE GAULLE,,,Plein jour,En agglomération,Hors intersection,Normale,Deux véhicules - arrière,,,,,,,,,,,1,2,1,1,2
200600062709,0006-10-13 17:22:00,6,10,13,17,22,640,129,"4, CHATEAU D'ESTE DU",,,Plein jour,En agglomération,Hors intersection,Normale,Deux véhicules - côté,,,,,,,,,,,1,2,1,1,3
200600062710,0006-10-13 07:55:00,6,10,13,7,55,640,445,GENERAL DE GAULLE DU,,,Nuit avec éclairage non allumé,En agglomération,Intersection en T,Normale,Deux véhicules - côté,,,,,,,,,,,4,2,3,1,3
200600062711,0006-10-13 09:12:00,6,10,13,9,12,640,445,"1, MARCEL BARTHE",,,Plein jour,En agglomération,Hors intersection,Normale,Deux véhicules - côté,,,,,,,,,,,1,2,1,1,3
200600062712,0006-10-16 11:25:00,6,10,16,11,25,640,445,DOYEN ROBERT POPLAWSKI D,,,Plein jour,En agglomération,Intersection en X,Normale,Deux véhicules - frontale,,,,,,,,,,,1,2,2,1,1
200600062713,0006-10-18 09:25:00,6,10,18,9,25,640,445,"67, JEAN MERMOZ",,,Plein jour,En agglomération,Hors intersection,Normale,Autre collision,,,,,,,,,,,1,2,1,1,6
200600062714,0006-10-18 08:10:00,6,10,18,8,10,640,445,"30, JEAN MERMOZ",,,Crépuscule ou aube,En agglomération,Intersection en X,Normale,Autre collision,,,,,,,,,,,2,2,2,1,6
200600062715,0006-10-21 01:25:00,6,10,21,1,25,640,335,"1, LESCAR DE (ROCADE)",,,Nuit sans éclairage public,Hors agglomération,Hors intersection,Normale,Autre collision,,,,,,,,,,,3,1,1,1,6
200600062716,0006-10-18 15:35:00,6,10,18,15,35,640,445,LEON BLUM,,,Plein jour,En agglomération,Hors intersection,Normale,Deux véhicules - arrière,,,,,,,,,,,1,2,1,1,2
200600062717,0006-10-19 07:50:00,6,10,19,7,50,640,237,MARECHAL LECLERC DU,,,Crépuscule ou aube,En agglomération,Giratoire,Normale,Trois véhicules et plus - collisions multiples,,,,,,,,,,,2,2,6,1,5