accident_id,datetime,annee,mois,jour,heure,minute,departement,commune_insee,adresse,latitude,longitude,luminosite,agglomeration,intersection,meteo,collision,nb_vehicules,nb_usagers,nb_indemnes,nb_tues,nb_blesses_hosp,nb_blesses_legers,age_cond_1,age_cond_2,veh_type_cond_1,veh_type_cond_2,lum_code,agg_code,int_code,atm_code,col_code
200600062718,0006-10-19 15:35:00,6,10,19,15,35,640,445,"1, DIDIER DAURAT",,,Plein jour,En agglomération,Hors intersection,Pluie légère,Deux véhicules - frontale,,,,,,,,,,,1,2,1,2,1
200600062719,0006-10-20 14:15:00,6,10,20,14,15,640,132,"19, PASTEUR",,,Plein jour,En agglomération,Hors intersection,Normale,Deux véhicules - côté,,,,,,,,,,,1,2,1,1,3
200600062720,0006-10-23 14:00:00,6,10,23,14,0,640,269,TARBES DE,,,Plein jour,En agglomération,Hors intersection,Normale,Trois véhicules et plus - collisions multiples,,,,,,,,,,,1,2,1,1,5
200600062721,0006-10-23 07:50:00,6,10,23,7,50,640,445,"1, COMMUNE DE LA",,,Nuit avec éclairage allumé,En agglomération,Giratoire,Pluie forte,Deux véhicules - côté,,,,,,,,,,,5,2,6,3,3
200600062722,0006-10-25 18:05:00,6,10,25,18,5,640,335,"1, BENEHARNUM DE",,,Plein jour,En agglomération,Intersection en X,Normale,Deux véhicules - frontale,,,,,,,,,,,1,2,2,1,1
200600062723,0006-10-24 17:50:00,6,10,24,17,50,640,129,"1, REPUBLIQUE",,,Plein jour,En agglomération,Hors intersection,Normale,Deux véhicules - côté,,,,,,,,,,,1,2,1,1,3
200600062724,0006-10-26 18:25:00,6,10,26,18,25,640,445,"115, PAIX",,,Plein jour,En agglomération,Intersection en X,Normale,Deux véhicules - frontale,,,,,,,,,,,1,2,2,1,1
200600062725,0006-10-27 22:25:00,6,10,27,22,25,640,445,"39, ALSACE LORRAINE D'",,,Nuit avec éclairage non allumé,En agglomération,Hors intersection,Normale,Deux véhicules - frontale,,,,,,,,,,,4,2,1,1,1
200600062726,0006-10-28 10:55:00,6,10,28,10,55,640,445,"1, JEAN BIRAY",,,Plein jour,En agglomération,Hors intersection,Normale,Deux véhicules - arrière,,,,,,,,,,,1,2,1,1,2
200600062727,0006-10-28 12:30:00,6,10,28,12,30,640,445,"48, LOUP DU",,,Plein jour,En agglomération,Hors intersection,Normale,Autre collision,,,,,,,,,,,1,2,1,1,6
200600062728,0006-10-28 15:45:00,6,10,28,15,45,640,445,PAIX,,,Plein jour,En agglomération,Intersection en X,Normale,Deux véhicules - côté,,,,,,,,,,,1,2,2,1,3
200600062729,0006-10-29 00:30:00,6,10,29,0,30,640,445,"320, PAIX",,,Nuit avec éclairage allumé,En agglomération,Hors intersection,Normale,Deux véhicules - arrière,,,,,,,,,,,5,2,1,1,2
200600062730,0006-10-29 00:30:00,6,10,29,0,30,640,335,"127, TARBES DE",,,Nuit avec éclairage allumé,En agglomération,Hors intersection,Normale,Deux véhicules - frontale,,,,,,,,,,,5,2,1,1,1
200600062731,0006-10-30 14:05:00,6,10,30,14,5,640,129,"13, SAINT EXUPERY",,,Plein jour,En agglomération,Hors intersection,Normale,Deux véhicules - côté,,,,,,,,,,,1,2,1,1,3
200600062732,0006-10-30 15:00:00,6,10,30,15,0,640,445,"18, LEON BLUM",,,Plein jour,En agglomération,Hors intersection,Normale,Deux véhicules - côté,,,,,,,,,,,1,2,1,1,3
200600062733,0006-10-30 18:25:00,6,10,30,18,25,640,348,CHARLES DE GAULLE,,,Nuit avec éclairage allumé,En agglomération,Hors intersection,Normale,Deux véhicules - côté,,,,,,,,,,,5,2,1,1,3
200600062734,0006-10-30 20:30:00,6,10,30,20,30,640,445,"60, PAIX",,,Nuit avec éclairage allumé,En agglomération,Hors intersection,Normale,Deux véhicules - côté,,,,,,,,,,,5,2,1,1,3
200600062735,0006-10-31 13:35:00,6,10,31,13,35,640,445,"57, ALSACE LORRAINE D'",,,Plein jour,En agglomération,Hors intersection,Normale,Autre collision,,,,,,,,,,,1,2,1,1,6
200600062736,0006-10-09 11:15:00,6,10,9,11,15,640,545,NATIONALE 10,,,Plein jour,En agglomération,Intersection en T,Normale,Deux véhicules - côté,,,,,,,,,,,1,2,3,1,3
200600062737,0006-10-13 13:55:00,6,10,13,13,55,640,260,CD 912,,,Plein jour,En agglomération,Hors intersection,Normale,Deux véhicules - arrière,,,,,,,,,,,1,2,1,1,2
200600062738,0006-10-09 20:10:00,6,10,9,20,10,640,545,RN10,,,Nuit sans éclairage public,Hors agglomération,Hors intersection,Normale,Autre collision,,,,,,,,,,,3,1,1,1,6
200600062739,0006-10-10 09:20:00,6,10,10,9,20,640,483,RN10,,,Plein jour,En agglomération,Hors intersection,Normale,Deux véhicules - côté,,,,,,,,,,,1,2,1,1,3
200600062740,0006-10-13 11:05:00,6,10,13,11,5,640,189,RN10,,,Plein jour,En agglomération,Hors intersection,Normale,Deux véhicules - côté,,,,,,,,,,,1,2,1,1,3
200600062741,0006-10-14 14:30:00,6,10,14,14,30,640,249,GETARIA(AVENUE),,,Plein jour,En agglomération,Hors intersection,Normale,Deux véhicules - côté,,,,,,,,,,,1,2,1,1,3
200600062742,0006-10-17 17:40:00,6,10,17,17,40,640,545,RN10,,,Plein jour,Hors agglomération,Hors intersection,Normale,Trois véhicules et plus - en chaîne,,,,,,,,,,,1,1,1,1,4
200600062743,0006-10-17 21:35:00,6,10,17,21,35,640,189,RN10,,,Nuit avec éclairage allumé,En agglomération,Hors intersection,Normale,Deux véhicules - côté,,,,,,,,,,,5,2,1,1,3
200600062744,0006-10-19 08:05:00,6,10,19,8,5,640,545,RN10,,,Nuit sans éclairage public,Hors agglomération,Hors intersection,Normale,Deux véhicules - arrière,,,,,,,,,,,3,1,1,1,2
200600062745,0006-10-29 21:10:00,6,10,29,21,10,640,483,"15, HUGO VICTOR (BOULEVA",,,Nuit avec éclairage allumé,En agglomération,Hors intersection,Normale,Deux véhicules - côté,,,,,,,,,,,5,2,1,1,3
200600062746,0006-10-29 18:00:00,6,10,29,18,0,640,483,RN10,,,Plein jour,En agglomération,Hors intersection,Normale,Autre collision,,,,,,,,,,,1,2,1,1,6
200600062747,0006-10-14 20:25:00,6,10,14,20,25,640,260,"9, IRANDATZ ( RUE D')",,,Nuit avec éclairage allumé,En agglomération,Hors intersection,Normale,Deux véhicules - côté,,,,,,,,,,,5,2,1,1,3
200600062748,0006-10-08 16:45:00,6,10,8,16,45,640,260,"7, LISSARDY ( AVENUE DE)",,,Plein jour,En agglomération,Hors intersection,Normale,Deux véhicules - côté,,,,,,,,,,,1,2,1,1,3
200600062749,0006-10-19 18:25:00,6,10,19,18,25,640,260,"52, BIGARENA (RUE)",,,Plein jour,En agglomération,Hors intersection,Normale,Deux véhicules - frontale,,,,,,,,,,,1,2,1,1,1
200600062750,0006-10-29 00:40:00,6,10,29,0,40,640,483,RN10,,,Nuit avec éclairage allumé,Hors agglomération,Hors intersection,Normale,Deux véhicules - frontale,,,,,,,,,,,5,1,1,1,1
200600062751,0006-10-07 10:20:00,6,10,7,10,20,640,483,"21, OLAZABAL JEAN (RUE D",,,Plein jour,En agglomération,Hors intersection,Normale,Autre collision,,,,,,,,,,,1,2,1,1,6
200600062752,0006-10-03 16:45:00,6,10,3,16,45,650,286,CHAMP COMMUN (PLACE),,,Plein jour,En agglomération,Hors intersection,Normale,Deux véhicules - côté,,,,,,,,,,,1,2,1,1,3
200600062753,0006-10-04 07:40:00,6,10,4,7,40,650,286,"28, MARANSIN (CHAUSSEE)",,,Nuit avec éclairage allumé,En agglomération,Hors intersection,Pluie forte,Autre collision,,,,,,,,,,,5,2,1,3,6
200600062754,0006-10-09 16:30:00,6,10,9,16,30,650,286,PAU (ROUTE DE),,,Plein jour,Hors agglomération,Hors intersection,Normale,Deux véhicules - frontale,,,,,,,,,,,1,1,1,1,1
200600062755,0006-10-23 20:04:00,6,10,23,20,4,650,286,"1, MOULIN (AVENUE JEAN)",,,Nuit avec éclairage allumé,En agglomération,Hors intersection,Normale,Deux véhicules - frontale,,,,,,,,,,,5,2,1,1,1
200600062756,0006-10-19 18:45:00,6,10,19,18,45,650,286,"40, FOCH (AVENUE MARECHA",,,Crépuscule ou aube,En agglomération,Autre intersection,Normale,Deux véhicules - côté,,,,,,,,,,,2,2,9,1,3
200600062757,0006-10-02 10:48:00,6,10,2,10,48,650,440,"., PAU (ROUTE DE)",,,Plein jour,En agglomération,Intersection en T,Normale,Deux véhicules - côté,,,,,,,,,,,1,2,3,1,3
200600062758,0006-10-03 17:15:00,6,10,3,17,15,650,440,"7, SOLAZUR (CITE)",,,Plein jour,En agglomération,Hors intersection,Pluie légère,Deux véhicules - arrière,,,,,,,,,,,1,2,1,2,2
200600062759,0006-10-05 07:50:00,6,10,5,7,50,650,440,"., SAINT-EXUPERY (AVENUE",,,Plein jour,En agglomération,Intersection en T,Normale,Deux véhicules - côté,,,,,,,,,,,1,2,3,1,3
200600062760,0006-10-05 09:35:00,6,10,5,9,35,650,440,"., JUBINAL (RUE ACHILLE)",,,Plein jour,En agglomération,Intersection en X,Normale,Deux véhicules - côté,,,,,,,,,,,1,2,2,1,3
200600062761,0006-10-05 12:05:00,6,10,5,12,5,650,440,"13, MARQUES (RUE FRANCOI",,,Plein jour,En agglomération,Hors intersection,Normale,Autre collision,,,,,,,,,,,1,2,1,1,6
200600062762,0006-10-10 17:20:00,6,10,10,17,20,650,226,"., NATIONALE 21 (ROUTE)",,,Plein jour,Hors agglomération,Hors intersection,Normale,Trois véhicules et plus - en chaîne,,,,,,,,,,,1,1,1,1,4
200600062763,0006-10-11 15:30:00,6,10,11,15,30,650,440,"., MAYER (RUE ANDIE)",,,Plein jour,En agglomération,Intersection à plus de 4 branches,Normale,Autre collision,,,,,,,,,,,1,2,5,1,6
200600062764,0006-10-12 10:00:00,6,10,12,10,0,650,440,"., MARTINET (BOULEVARD D",,,Plein jour,En agglomération,Intersection en X,Pluie légère,Deux véhicules - côté,,,,,,,,,,,1,2,2,2,3
200600062765,0006-10-13 08:50:00,6,10,13,8,50,650,331,"., ACACIAS (AVENUE DES)",,,Plein jour,En agglomération,Hors intersection,Normale,Deux véhicules - arrière,,,,,,,,,,,1,2,1,1,2
200600062766,0006-10-13 16:30:00,6,10,13,16,30,650,47,"., JAURES (AVE JEAN)",,,Plein jour,En agglomération,Giratoire,Normale,Autre collision,,,,,,,,,,,1,2,6,1,6
200600062767,0006-10-14 16:15:00,6,10,14,16,15,650,440,"., VERDUN (PLACE DE)",,,Plein jour,En agglomération,Intersection en T,Normale,Sans collision,,,,,,,,,,,1,2,3,1,7
200600062768,0006-10-15 14:45:00,6,10,15,14,45,650,440,"., FOCH (RUE DU MARECHAL",,,Plein jour,En agglomération,Intersection en X,Normale,Deux véhicules - côté,,,,,,,,,,,1,2,2,1,3
200600062769,0006-10-17 09:30:00,6,10,17,9,30,650,440,"., MAQUIS DE PAYOLLE (RU",,,Plein jour,En agglomération,Intersection en T,Normale,Deux véhicules - côté,,,,,,,,,,,1,2,3,1,3
200600062770,0006-10-17 11:25:00,6,10,17,11,25,650,47,"., MAI (RUE DU 8)",,,Plein jour,En agglomération,Intersection en X,Normale,Deux véhicules - arrière,,,,,,,,,,,1,2,2,1,2
200600062771,0006-10-19 07:55:00,6,10,19,7,55,650,251,"., R.D.92",,,Crépuscule ou aube,Hors agglomération,Intersection en X,Normale,Deux véhicules - frontale,,,,,,,,,,,2,1,2,1,1
200600062772,0006-10-23 09:00:00,6,10,23,9,0,650,433,"., PYRENEES (AVENUE DES",,,Plein jour,En agglomération,Hors intersection,Normale,Deux véhicules - frontale,,,,,,,,,,,1,2,1,1,1
200600062773,0006-10-25 18:15:00,6,10,25,18,15,650,440,BASTILLAC (ROND POINT),,,Plein jour,En agglomération,Giratoire,Normale,Sans collision,,,,,,,,,,,1,2,6,1,7
200600062774,0006-10-27 08:30:00,6,10,27,8,30,650,417,"73, GUINIER (RUE DU DOCT",,,Plein jour,En agglomération,Hors intersection,Normale,Deux véhicules - arrière,,,,,,,,,,,1,2,1,1,2
200600062775,0006-10-27 19:55:00,6,10,27,19,55,650,440,"., CORPS FRANC POMMIES (",,,Nuit avec éclairage allumé,En agglomération,Intersection en T,Normale,Deux véhicules - frontale,,,,,,,,,,,5,2,3,1,1
200600062776,0006-10-28 17:20:00,6,10,28,17,20,650,440,"1, DUPONT (RUE)",,,Plein jour,En agglomération,Hors intersection,Normale,Autre collision,,,,,,,,,,,1,2,1,1,6
200600062777,0006-10-05 12:50:00,6,10,5,12,50,660,136,"3, NOBEL (QUAI ALFRED)",,,Plein jour,En agglomération,Hors intersection,Normale,Deux véhicules - arrière,,,,,,,,,,,1,2,1,1,2
200600062778,0006-10-05 11:58:00,6,10,5,11,58,660,136,ROUTE NATIONALE 9,,,Plein jour,Hors agglomération,Hors intersection,Normale,Deux véhicules - arrière,,,,,,,,,,,1,1,1,1,2
200600062779,0006-10-10 08:20:00,6,10,10,8,20,660,136,"50, JOFFRE (AVENUE DU MA",,,Plein jour,En agglomération,Hors intersection,Temps couvert,Autre collision,,,,,,,,,,,1,2,1,8,6
200600062780,0006-10-12 13:20:00,6,10,12,13,20,660,136,TORREILLES (AV DU DOCTEU,,,Plein jour,En agglomération,Intersection en X,Pluie légère,Deux véhicules - côté,,,,,,,,,,,1,2,2,2,3
200600062781,0006-10-16 07:10:00,6,10,16,7,10,660,136,Bd KOENING,,,Nuit avec éclairage non allumé,En agglomération,Hors intersection,Normale,Deux véhicules - frontale,,,,,,,,,,,4,2,1,1,1
200600062782,0006-10-14 07:45:00,6,10,14,7,45,660,136,"92, JOFFRE (AVENUE DU MA",,,Crépuscule ou aube,En agglomération,Hors intersection,Normale,Trois véhicules et plus - en chaîne,,,,,,,,,,,2,2,1,1,4
200600062783,0006-10-16 17:20:00,6,10,16,17,20,660,136,SAINT-ROCH (CHEMIN DE),,,Plein jour,En agglomération,Intersection en T,Normale,Deux véhicules - côté,,,,,,,,,,,1,2,3,1,3
200600062784,0006-10-18 19:20:00,6,10,18,19,20,660,136,"70, JOFFRE (AVENUE DU MA",,,Nuit avec éclairage allumé,En agglomération,Hors intersection,Temps couvert,Deux véhicules - côté,,,,,,,,,,,5,2,1,8,3
200600062785,0006-10-18 12:10:00,6,10,18,12,10,660,136,POINCARE (BOULEVARD HENR,,,Plein jour,En agglomération,Hors intersection,Temps couvert,Autre collision,,,,,,,,,,,1,2,1,8,6
200600062786,0006-10-20 03:00:00,6,10,20,3,0,660,136,CHAMPS DE MARS (H.L.M. D,,,Nuit avec éclairage allumé,En agglomération,Intersection en X,Normale,Deux véhicules - côté,,,,,,,,,,,5,2,2,1,3
200600062787,0006-10-26 09:58:00,6,10,26,9,58,660,136,"245, LANGUEDOC (AVENUE D",,,Plein jour,En agglomération,Hors intersection,Normale,Deux véhicules - arrière,,,,,,,,,,,1,2,1,1,2
200600062788,0006-10-26 19:10:00,6,10,26,19,10,660,136,MANALT (CELESTIN),,,Nuit avec éclairage allumé,En agglomération,Hors intersection,Normale,Autre collision,,,,,,,,,,,5,2,1,1,6
200600062789,0006-10-28 17:35:00,6,10,28,17,35,660,136,D 139,,,Plein jour,Hors agglomération,Intersection en X,Normale,Deux véhicules - frontale,,,,,,,,,,,1,1,2,1,1
200600062790,0006-10-26 21:29:00,6,10,26,21,29,670,180,RHIN (ROUTE DU),,,Nuit sans éclairage public,Hors agglomération,Hors intersection,Normale,Autre collision,,,,,,,,,,,3,1,1,1,6
200600062791,0006-10-01 23:45:00,6,10,1,23,45,670,482,"00, KOENIGSHOFFEN (RUE D",,,Nuit avec éclairage allumé,En agglomération,Intersection en T,Pluie légère,Autre collision,,,,,,,,,,,5,2,3,2,6
200600062792,0006-10-01 20:00:00,6,10,1,20,0,670,482,"00, RHIN TORTU (RUE DU)",,,Nuit avec éclairage allumé,En agglomération,Intersection en T,Normale,Deux véhicules - frontale,,,,,,,,,,,5,2,3,1,1
200600062793,0006-10-02 09:05:00,6,10,2,9,5,670,482,"44, FORET NOIRE (AVENUE",,,Plein jour,En agglomération,Intersection en T,Pluie légère,Autre collision,,,,,,,,,,,1,2,3,2,6
200600062794,0006-10-02 11:00:00,6,10,2,11,0,670,482,"4, OBERHAUSBERGEN (ROUTE",,,Plein jour,En agglomération,Hors intersection,Pluie légère,Deux véhicules - côté,,,,,,,,,,,1,2,1,2,3
200600062795,0006-10-02 13:30:00,6,10,2,13,30,670,43,"26, CANAL (RUE DU)",,,Plein jour,En agglomération,Intersection en X,Normale,Deux véhicules - côté,,,,,,,,,,,1,2,2,1,3
200600062796,0006-10-02 15:30:00,6,10,2,15,30,670,482,GENERAL KOENIG (QUAI DU),,,Plein jour,En agglomération,Intersection en X,Normale,Deux véhicules - côté,,,,,,,,,,,1,2,2,1,3
200600062797,0006-10-03 05:24:00,6,10,3,5,24,670,482,RHIN NAPOLEON (RUE DU),,,Nuit avec éclairage allumé,En agglomération,Hors intersection,Pluie forte,Autre collision,,,,,,,,,,,5,2,1,3,6
200600062798,0006-10-03 07:30:00,6,10,3,7,30,670,482,"05, VOSGES (AVENUE DES)",,,Nuit avec éclairage allumé,En agglomération,Hors intersection,Pluie forte,Trois véhicules et plus - en chaîne,,,,,,,,,,,5,2,1,3,4
200600062799,0006-10-04 13:00:00,6,10,4,13,0,670,482,GROSSAU (RUE DE LA),,,Plein jour,En agglomération,Intersection en X,Pluie forte,Deux véhicules - côté,,,,,,,,,,,1,2,2,3,3
200600062800,0006-10-03 21:00:00,6,10,3,21,0,670,267,"13/15, HIRONDELLES (RUE",,,Nuit avec éclairage allumé,En agglomération,Hors intersection,Pluie légère,Autre collision,,,,,,,,,,,5,2,1,2,6
200600062801,0006-10-04 14:45:00,6,10,4,14,45,670,482,"273, COLMAR (AVENUE DE)",,,Plein jour,En agglomération,Hors intersection,Normale,Autre collision,,,,,,,,,,,1,2,1,1,6
200600062802,0006-10-04 19:00:00,6,10,4,19,0,670,447,"00, BISCHWILLER (ROUTE D",,,Nuit avec éclairage allumé,En agglomération,Intersection en T,Normale,Autre collision,,,,,,,,,,,5,2,3,1,6
200600062803,0006-10-04 20:00:00,6,10,4,20,0,670,447,HAUSBERGEN (ROUTE DE),,,Nuit avec éclairage allumé,En agglomération,Hors intersection,Pluie légère,Deux véhicules - arrière,,,,,,,,,,,5,2,1,2,2
200600062804,0006-10-04 22:45:00,6,10,4,22,45,670,43,"00, ROBERTSAU (RUE DE LA",,,Nuit avec éclairage non allumé,En agglomération,Intersection en T,Pluie légère,Deux véhicules - côté,,,,,,,,,,,4,2,3,2,3
200600062805,0006-10-05 07:40:00,6,10,5,7,40,670,482,ROMAINS (ROUTE DES),,,Plein jour,En agglomération,Intersection en T,Normale,Sans collision,,,,,,,,,,,1,2,3,1,7
200600062806,0006-10-05 13:45:00,6,10,5,13,45,670,482,"4, COMTES (RUE DES)",,,Plein jour,En agglomération,Hors intersection,Normale,Autre collision,,,,,,,,,,,1,2,1,1,6
200600062807,0006-10-05 11:45:00,6,10,5,11,45,670,482,"00, LISIERE (ROUTE DE LA",,,Plein jour,En agglomération,Intersection en X,Normale,Deux véhicules - côté,,,,,,,,,,,1,2,2,1,3
200600062808,0006-10-05 14:20:00,6,10,5,14,20,670,482,"00, JULES RATHGEBER (RUE",,,Plein jour,En agglomération,Intersection en T,Normale,Deux véhicules - côté,,,,,,,,,,,1,2,3,1,3
200600062809,0006-10-05 18:55:00,6,10,5,18,55,670,482,"00, KOENIGSHOFFEN (RUE D",,,Plein jour,En agglomération,Hors intersection,Normale,Deux véhicules - côté,,,,,,,,,,,1,2,1,1,3
200600062810,0006-10-06 08:25:00,6,10,6,8,25,670,482,"00, MELANIE (RUE)",,,Plein jour,En agglomération,Intersection en Y,Normale,Deux véhicules - côté,,,,,,,,,,,1,2,4,1,3
200600062811,0006-10-06 14:30:00,6,10,6,14,30,670,482,"153, POLYGONE (ROUTE DU)",,,Plein jour,En agglomération,Hors intersection,Normale,Deux véhicules - arrière,,,,,,,,,,,1,2,1,1,2
200600062812,0006-10-06 17:50:00,6,10,6,17,50,670,447,"18, GENERAL DE GAULLE (R",,,Crépuscule ou aube,En agglomération,Intersection en T,Normale,Autre collision,,,,,,,,,,,2,2,3,1,6
200600062813,0006-10-09 07:00:00,6,10,9,7,0,670,482,CHEMIN DE FER (RUE DU),,,Crépuscule ou aube,En agglomération,Intersection en T,Normale,Autre collision,,,,,,,,,,,2,2,3,1,6
200600062814,0006-10-09 22:10:00,6,10,9,22,10,670,482,"1, SCHIRMECK (ROUTE DE)",,,Nuit avec éclairage allumé,En agglomération,Hors intersection,Normale,Trois véhicules et plus - collisions multiples,,,,,,,,,,,5,2,1,1,5
200600062815,0006-10-10 13:40:00,6,10,10,13,40,670,482,DANUBE (PONT DU),,,Plein jour,En agglomération,Intersection en X,Normale,Deux véhicules - côté,,,,,,,,,,,1,2,2,1,3
200600062816,0006-10-12 08:45:00,6,10,12,8,45,670,447,"56, BISCHWILLER (ROUTE D",,,Plein jour,En agglomération,Intersection en T,Normale,Autre collision,,,,,,,,,,,1,2,3,1,6
200600062817,0006-10-12 11:50:00,6,10,12,11,50,670,447,"7a, TRIBUNAL (RUE DU)",,,Plein jour,En agglomération,Intersection en T,Normale,Deux véhicules - côté,,,,,,,,,,,1,2,3,1,3
200600062818,0006-10-12 13:10:00,6,10,12,13,10,670,447,MOSER (RUE),,,Plein jour,En agglomération,Intersection en T,Normale,Autre collision,,,,,,,,,,,1,2,3,1,6
200600062819,0006-10-12 16:55:00,6,10,12,16,55,670,365,MICHAEL FARADAY (RUE),,,Plein jour,En agglomération,Intersection en X,Normale,Deux véhicules - côté,,,,,,,,,,,1,2,2,1,3
200600062820,0006-10-13 08:15:00,6,10,13,8,15,670,447,"20, MALTERIES (RUE DES)",,,Plein jour,En agglomération,Hors intersection,Normale,Deux véhicules - côté,,,,,,,,,,,1,2,1,1,3
200600062821,0006-10-13 13:00:00,6,10,13,13,0,670,482,"1, MAIRE DIETRICH (QUAI",,,Plein jour,En agglomération,Intersection en T,Normale,Autre collision,,,,,,,,,,,1,2,3,1,6
200600062822,0006-10-13 14:15:00,6,10,13,14,15,670,482,"19, ORPHELINS (RUE DES)",,,Plein jour,En agglomération,Hors intersection,Normale,Trois véhicules et plus - collisions multiples,,,,,,,,,,,1,2,1,1,5
200600062823,0006-10-14 12:34:00,6,10,14,12,34,670,482,"00, RHIN (ROUTE DU)",,,Plein jour,En agglomération,Hors intersection,Normale,Deux véhicules - côté,,,,,,,,,,,1,2,1,1,3
200600062824,0006-10-15 16:00:00,6,10,15,16,0,670,482,"14, LA WANTZENAU (ROUTE",,,Plein jour,En agglomération,Hors intersection,Normale,Autre collision,,,,,,,,,,,1,2,1,1,6
200600062825,0006-10-18 09:30:00,6,10,18,9,30,670,204,"00, TROIS MAIRES (RUE DE",,,Plein jour,Hors agglomération,Intersection en X,Normale,Deux véhicules - frontale,,,,,,,,,,,1,1,2,1,1
200600062826,0006-10-18 12:35:00,6,10,18,12,35,670,482,PIERRE MENDES FRANCE (RO,,,Plein jour,En agglomération,Giratoire,Normale,Deux véhicules - arrière,,,,,,,,,,,1,2,6,1,2
200600062827,0006-10-18 16:15:00,6,10,18,16,15,670,482,"00, PIERRE CORNEILLE (AV",,,Plein jour,En agglomération,Intersection en T,Normale,Autre collision,,,,,,,,,,,1,2,3,1,6
200600062828,0006-10-19 09:30:00,6,10,19,9,30,670,365,PASTEUR (RUE),,,Plein jour,En agglomération,Intersection en X,Pluie légère,Autre collision,,,,,,,,,,,1,2,2,2,6
200600062829,0006-10-20 13:30:00,6,10,20,13,30,670,482,PIERRE PFLIMLIN (BOULEVA,,,Plein jour,En agglomération,Hors intersection,Normale,Deux véhicules - arrière,,,,,,,,,,,1,2,1,1,2
200600062830,0006-10-23 07:50:00,6,10,23,7,50,670,43,ROBERTSAU (RUE DE LA),,,Crépuscule ou aube,En agglomération,Hors intersection,Pluie légère,Autre collision,,,,,,,,,,,2,2,1,2,6
200600062831,0006-10-23 09:00:00,6,10,23,9,0,670,482,"00, ALPES (QUAI DES)",,,Plein jour,En agglomération,Intersection en T,Pluie légère,Deux véhicules - côté,,,,,,,,,,,1,2,3,2,3
200600062832,0006-10-23 09:45:00,6,10,23,9,45,670,482,"00, FORET NOIRE (AVENUE",,,Plein jour,En agglomération,Intersection en X,Pluie légère,Deux véhicules - côté,,,,,,,,,,,1,2,2,2,3
200600062833,0006-10-23 13:35:00,6,10,23,13,35,670,218,"00, NEUHOF (ROUTE DE)",,,Plein jour,En agglomération,Hors intersection,Pluie légère,Trois véhicules et plus - collisions multiples,,,,,,,,,,,1,2,1,2,5
200600062834,0006-10-24 09:55:00,6,10,24,9,55,670,218,"00, STRASBOURG (ROUTE DE",,,Plein jour,En agglomération,Intersection à plus de 4 branches,Normale,Deux véhicules - côté,,,,,,,,,,,1,2,5,1,3
200600062835,0006-10-24 12:10:00,6,10,24,12,10,670,482,LIEPVRETTE (RUE DE LA),,,Plein jour,En agglomération,Hors intersection,Normale,Autre collision,,,,,,,,,,,1,2,1,1,6
200600062836,0006-10-24 13:15:00,6,10,24,13,15,670,482,A35 (BRETELLE ECHANGEUR),,,Plein jour,En agglomération,Intersection en X,Normale,Deux véhicules - côté,,,,,,,,,,,1,2,2,1,3
200600062837,0006-10-25 18:18:00,6,10,25,18,18,670,447,"12, CHASSEURS (RUE DES)",,,Crépuscule ou aube,Hors agglomération,Hors intersection,Normale,Autre collision,,,,,,,,,,,2,1,1,1,6
200600062838,0006-10-25 21:10:00,6,10,25,21,10,670,447,"00, BISCHWILLER (ROUTE D",,,Nuit avec éclairage allumé,En agglomération,Intersection en T,Normale,Deux véhicules - côté,,,,,,,,,,,5,2,3,1,3
200600062839,0006-10-26 08:00:00,6,10,26,8,0,670,482,VICTOIRE (BOULEVARD DE L,,,Plein jour,En agglomération,Intersection en X,Normale,Autre collision,,,,,,,,,,,1,2,2,1,6
200600062840,0006-10-27 08:30:00,6,10,27,8,30,670,482,DETTWILLER (RUE DE),,,Plein jour,En agglomération,Intersection en T,Normale,Deux véhicules - côté,,,,,,,,,,,1,2,3,1,3
200600062841,0006-10-26 09:30:00,6,10,26,9,30,670,218,"00, ROHMER (RUE)",,,Plein jour,En agglomération,Intersection en X,Normale,Deux véhicules - côté,,,,,,,,,,,1,2,2,1,3
200600062842,0006-10-26 10:50:00,6,10,26,10,50,670,482,"230, COLMAR (AVENUE DE)",,,Plein jour,En agglomération,Hors intersection,Normale,Trois véhicules et plus - collisions multiples,,,,,,,,,,,1,2,1,1,5
200600062843,0006-10-26 12:55:00,6,10,26,12,55,670,482,"0, REPUBLIQUE (PLACE DE",,,Plein jour,En agglomération,Intersection en T,Normale,Deux véhicules - côté,,,,,,,,,,,1,2,3,1,3
200600062844,0006-10-26 13:45:00,6,10,26,13,45,670,447,SEBASTIEN BRANT (RUE),,,Plein jour,En agglomération,Intersection en T,Normale,Deux véhicules - côté,,,,,,,,,,,1,2,3,1,3
200600062845,0006-10-26 13:30:00,6,10,26,13,30,670,447,"42, BISCHWILLER (ROUTE D",,,Plein jour,En agglomération,Hors intersection,Normale,Autre collision,,,,,,,,,,,1,2,1,1,6
200600062846,0006-10-26 22:00:00,6,10,26,22,0,670,482,"00, CHARLES GERHARDT (RU",,,Nuit avec éclairage allumé,En agglomération,Hors intersection,Normale,Autre collision,,,,,,,,,,,5,2,1,1,6
200600062847,0006-10-28 13:20:00,6,10,28,13,20,670,482,"28, FAUBOURG DE PIERRE (",,,Plein jour,En agglomération,Hors intersection,Normale,Autre collision,,,,,,,,,,,1,2,1,1,6
200600062848,0006-10-27 15:40:00,6,10,27,15,40,670,482,GENERAL DE GAULLE (AVENU,,,Plein jour,En agglomération,Intersection en X,Normale,Autre collision,,,,,,,,,,,1,2,2,1,6