accident_id,datetime,annee,mois,jour,heure,minute,departement,commune_insee,adresse,latitude,longitude,luminosite,agglomeration,intersection,meteo,collision,nb_vehicules,nb_usagers,nb_indemnes,nb_tues,nb_blesses_hosp,nb_blesses_legers,age_cond_1,age_cond_2,veh_type_cond_1,veh_type_cond_2,lum_code,agg_code,int_code,atm_code,col_code
200600062849,0006-10-27 23:00:00,6,10,27,23,0,670,447,"00, BISCHWILLER (ROUTE D",,,Nuit avec éclairage allumé,En agglomération,Intersection en T,Normale,Deux véhicules - côté,,,,,,,,,,,5,2,3,1,3
200600062850,0006-10-28 18:55:00,6,10,28,18,55,670,43,"00, AIGLE (RUE DE L )",,,Nuit avec éclairage allumé,En agglomération,Intersection en T,Normale,Autre collision,,,,,,,,,,,5,2,3,1,6
200600062851,0006-10-30 07:14:00,6,10,30,7,14,670,218,"00, LYON (RTE DE)",,,Crépuscule ou aube,En agglomération,Hors intersection,Normale,Autre collision,,,,,,,,,,,2,2,1,1,6
200600062852,0006-10-31 08:30:00,6,10,31,8,30,670,482,COLMAR (AVENUE DE),,,Plein jour,En agglomération,Hors intersection,Normale,Deux véhicules - côté,,,,,,,,,,,1,2,1,1,3
200600062853,0006-10-31 16:35:00,6,10,31,16,35,670,365,"64, GENERAL LECLERC (RUE",,,Crépuscule ou aube,En agglomération,Hors intersection,Normale,Trois véhicules et plus - collisions multiples,,,,,,,,,,,2,2,1,1,5
200600062854,0006-10-31 18:00:00,6,10,31,18,0,670,482,ALPES (QUAI DES),,,Nuit avec éclairage allumé,En agglomération,Intersection en T,Normale,Deux véhicules - côté,,,,,,,,,,,5,2,3,1,3
200600062855,0006-10-03 11:00:00,6,10,3,11,0,680,66,LORRAINE (AVENUE DE),,,Plein jour,En agglomération,Intersection en T,Normale,Deux véhicules - arrière,,,,,,,,,,,1,2,3,1,2
200600062856,0006-10-04 14:15:00,6,10,4,14,15,680,66,DE GAULLE (AVENUE DU GEN,,,Plein jour,En agglomération,Giratoire,Normale,Deux véhicules - côté,,,,,,,,,,,1,2,6,1,3
200600062857,0006-10-05 18:00:00,6,10,5,18,0,680,66,WINTZENHEIM (ROUTE DE),,,Plein jour,En agglomération,Intersection en T,Normale,Deux véhicules - côté,,,,,,,,,,,1,2,3,1,3
200600062858,0006-10-05 16:30:00,6,10,5,16,30,680,66,"30, NORD (RUE DU)",,,Plein jour,En agglomération,Intersection en X,Normale,Deux véhicules - côté,,,,,,,,,,,1,2,2,1,3
200600062859,0006-10-06 07:00:00,6,10,6,7,0,680,66,"16, STRASBOURG (ROUTE DE",,,Crépuscule ou aube,En agglomération,Intersection en X,Normale,Autre collision,,,,,,,,,,,2,2,2,1,6
200600062860,0006-10-11 13:15:00,6,10,11,13,15,680,66,LAVOISIER (RUE),,,Plein jour,En agglomération,Intersection en T,Normale,Deux véhicules - côté,,,,,,,,,,,1,2,3,1,3
200600062861,0006-10-09 18:30:00,6,10,9,18,30,680,66,INGERSHEIM (ROUTE D'),,,Plein jour,En agglomération,Intersection en X,Normale,Deux véhicules - côté,,,,,,,,,,,1,2,2,1,3
200600062862,0006-10-13 17:30:00,6,10,13,17,30,680,66,"4, PRAGUE (RUE DE)",,,Plein jour,En agglomération,Hors intersection,Normale,Deux véhicules - côté,,,,,,,,,,,1,2,1,1,3
200600062863,0006-10-17 16:55:00,6,10,17,16,55,680,66,"70, NORD (RUE DU)",,,Plein jour,En agglomération,Intersection en Y,Normale,Autre collision,,,,,,,,,,,1,2,4,1,6
200600062864,0006-10-19 17:10:00,6,10,19,17,10,680,66,"7, FOCH (AVENUE)",,,Plein jour,En agglomération,Giratoire,Normale,Deux véhicules - côté,,,,,,,,,,,1,2,6,1,3
200600062865,0006-10-22 18:40:00,6,10,22,18,40,680,66,EUROPE (AVENUE DE L'),,,Nuit avec éclairage allumé,En agglomération,Intersection en X,Normale,Deux véhicules - côté,,,,,,,,,,,5,2,2,1,3
200600062866,0006-10-24 07:45:00,6,10,24,7,45,680,66,"17, SCHWEITZER (RUE DU D",,,Plein jour,En agglomération,Intersection en X,Temps couvert,Autre collision,,,,,,,,,,,1,2,2,8,6
200600062867,0006-10-26 10:00:00,6,10,26,10,0,680,66,"193, ROUFFACH (ROUTE DE)",,,Plein jour,En agglomération,Hors intersection,Normale,Deux véhicules - côté,,,,,,,,,,,1,2,1,1,3
200600062868,0006-10-26 18:02:00,6,10,26,18,2,680,66,EUROPE (AVENUE DE L'),,,Plein jour,En agglomération,Intersection en X,Normale,Deux véhicules - côté,,,,,,,,,,,1,2,2,1,3
200600062869,0006-10-26 19:25:00,6,10,26,19,25,680,66,"74, NEUF BRISACH (ROUTE",,,Nuit avec éclairage allumé,En agglomération,Intersection en T,Normale,Deux véhicules - côté,,,,,,,,,,,5,2,3,1,3
200600062870,0006-10-26 18:45:00,6,10,26,18,45,680,66,NEUF BRISACH (ROUTE DE),,,Crépuscule ou aube,En agglomération,Intersection en X,Normale,Deux véhicules - côté,,,,,,,,,,,2,2,2,1,3
200600062871,0006-10-27 17:50:00,6,10,27,17,50,680,66,EUROPE (AVENUE DE L'),,,Plein jour,En agglomération,Intersection en X,Normale,Deux véhicules - côté,,,,,,,,,,,1,2,2,1,3
200600062872,0006-10-30 14:00:00,6,10,30,14,0,680,66,"6, INGERSHEIM (ROUTE D')",,,Plein jour,En agglomération,Intersection en T,Normale,Deux véhicules - côté,,,,,,,,,,,1,2,3,1,3
200600062873,0006-10-06 17:25:00,6,10,6,17,25,680,112,"18, MARECHAL JOFFRE (RUE",,,Plein jour,En agglomération,Hors intersection,Normale,Autre collision,,,,,,,,,,,1,2,1,1,6
200600062874,0006-10-30 08:30:00,6,10,30,8,30,680,112,"1, GARE (RUE DE LA)",,,Plein jour,En agglomération,Intersection en X,Normale,Deux véhicules - côté,,,,,,,,,,,1,2,2,1,3
200600062875,0006-10-05 17:55:00,6,10,5,17,55,680,224,"27, TOULON (RUE DE)",,,Plein jour,En agglomération,Intersection en T,Normale,Autre collision,,,,,,,,,,,1,2,3,1,6
200600062876,0006-10-01 04:45:00,6,10,1,4,45,680,224,"69, SOULTZ (RUE DE)",,,Nuit avec éclairage allumé,En agglomération,Hors intersection,Pluie légère,Sans collision,,,,,,,,,,,5,2,1,2,7
200600062877,0006-10-06 17:10:00,6,10,6,17,10,680,224,DOLLER (RUE DE LA),,,Plein jour,En agglomération,Intersection en T,Normale,Deux véhicules - frontale,,,,,,,,,,,1,2,3,1,1
200600062878,0006-10-04 15:35:00,6,10,4,15,35,680,224,REGIMENT DE TRANSMISSION,,,Plein jour,En agglomération,Intersection en T,Normale,Deux véhicules - côté,,,,,,,,,,,1,2,3,1,3
200600062879,0006-10-07 15:10:00,6,10,7,15,10,680,256,PLAINE (RUE DE LA),,,Plein jour,En agglomération,Intersection en X,Pluie légère,Deux véhicules - côté,,,,,,,,,,,1,2,2,2,3
200600062880,0006-10-09 08:20:00,6,10,9,8,20,680,224,"48, KENNEDY (AVENUE DU P",,,Plein jour,En agglomération,Intersection en T,Normale,Deux véhicules - côté,,,,,,,,,,,1,2,3,1,3
200600062881,0006-10-09 11:00:00,6,10,9,11,0,680,271,"3, VALLEE (RUE DE LA)",,,Plein jour,En agglomération,Hors intersection,Normale,Autre collision,,,,,,,,,,,1,2,1,1,6
200600062882,0006-10-07 10:20:00,6,10,7,10,20,680,224,PASSERELLE (RUE DE LA),,,Plein jour,En agglomération,Intersection en T,Normale,Deux véhicules - côté,,,,,,,,,,,1,2,3,1,3
200600062883,0006-10-03 09:32:00,6,10,3,9,32,680,224,"44, BRIAND (AVENUE ARIST",,,Plein jour,En agglomération,Hors intersection,Pluie légère,Autre collision,,,,,,,,,,,1,2,1,2,6
200600062884,0006-10-12 09:25:00,6,10,12,9,25,680,224,"7, HIRN (RUE GUSTAVE)",,,Plein jour,En agglomération,Hors intersection,Normale,Deux véhicules - côté,,,,,,,,,,,1,2,1,1,3
200600062885,0006-10-10 15:10:00,6,10,10,15,10,680,224,"41, CIGOGNES (QUAI DES)",,,Plein jour,En agglomération,Hors intersection,Normale,Autre collision,,,,,,,,,,,1,2,1,1,6
200600062886,0006-10-24 06:45:00,6,10,24,6,45,680,224,"21G, THANN (RUE DE)",,,Crépuscule ou aube,En agglomération,Intersection en T,Normale,Deux véhicules - arrière,,,,,,,,,,,2,2,3,1,2
200600062887,0006-10-23 19:15:00,6,10,23,19,15,680,224,SAINT-JEAN (RUE),,,Nuit avec éclairage allumé,En agglomération,Intersection en T,Normale,Autre collision,,,,,,,,,,,5,2,3,1,6
200600062888,0006-10-25 16:50:00,6,10,25,16,50,680,224,"9, MITTELBACH (RUE DU)",,,Plein jour,En agglomération,Intersection en T,Normale,Autre collision,,,,,,,,,,,1,2,3,1,6
200600062889,0006-10-31 18:35:00,6,10,31,18,35,680,224,"94, COLMAR (AVENUE DE)",,,Nuit avec éclairage allumé,En agglomération,Intersection en X,Normale,Trois véhicules et plus - collisions multiples,,,,,,,,,,,5,2,2,1,5
200600062890,0006-10-30 19:05:00,6,10,30,19,5,680,224,MERTZAU (RUE DE LA),,,Nuit avec éclairage allumé,En agglomération,Hors intersection,Temps couvert,Deux véhicules - arrière,,,,,,,,,,,5,2,1,8,2
200600062891,0006-10-06 15:00:00,6,10,6,15,0,680,56,"1, CLEMENCEAU (RUE)",,,Plein jour,En agglomération,Intersection en T,Normale,Autre collision,,,,,,,,,,,1,2,3,1,6
200600062892,0006-10-27 18:50:00,6,10,27,18,50,680,224,"15, COLMAR (AVENUE DE)",,,Nuit avec éclairage allumé,En agglomération,Hors intersection,Normale,Autre collision,,,,,,,,,,,5,2,1,1,6
200600062893,0006-10-21 13:26:00,6,10,21,13,26,680,224,BOURTZWILLER (PONT DE),,,Plein jour,En agglomération,Hors intersection,Normale,Deux véhicules - côté,,,,,,,,,,,1,2,1,1,3
200600062894,0006-10-05 08:15:00,6,10,5,8,15,690,29,FRANKLIN ROOSEVELT,,,Plein jour,En agglomération,Hors intersection,Temps éblouissant,Autre collision,,,,,,,,,,,1,2,1,7,6
200600062895,0006-10-03 15:20:00,6,10,3,15,20,690,29,PINEL,,,Plein jour,En agglomération,Intersection en X,Normale,Deux véhicules - côté,,,,,,,,,,,1,2,2,1,3
200600062896,0006-10-07 13:30:00,6,10,7,13,30,690,29,"356, GENAS (DE)",,,Plein jour,En agglomération,Hors intersection,Normale,Trois véhicules et plus - en chaîne,,,,,,,,,,,1,2,1,1,4
200600062897,0006-10-01 00:30:00,6,10,1,0,30,690,34,GENERAL LECLERC,,,Nuit avec éclairage allumé,En agglomération,Hors intersection,Pluie légère,Autre collision,,,,,,,,,,,5,2,1,2,6
200600062898,0006-10-06 22:25:00,6,10,6,22,25,690,142,STEPHANE DECHANT,,,Nuit avec éclairage allumé,En agglomération,Intersection en T,Normale,Deux véhicules - frontale,,,,,,,,,,,5,2,3,1,1
200600062899,0006-10-02 23:45:00,6,10,2,23,45,690,259,"0, PROFESSEUR ROUX (DU)",,,Nuit avec éclairage allumé,En agglomération,Intersection en X,Normale,Deux véhicules - côté,,,,,,,,,,,5,2,2,1,3
200600062900,0006-10-02 17:15:00,6,10,2,17,15,690,259,"121, ABBAYE (RUE DEL')",,,Plein jour,En agglomération,Hors intersection,Normale,Deux véhicules - côté,,,,,,,,,,,1,2,1,1,3
200600062901,0006-10-12 17:25:00,6,10,12,17,25,690,259,"1, YVES FARGE (RN 7)",,,Plein jour,En agglomération,Intersection en X,Normale,Trois véhicules et plus - collisions multiples,,,,,,,,,,,1,2,2,1,5
200600062902,0006-10-12 16:30:00,6,10,12,16,30,690,259,"0, AVENUE FRANCIS DE PRE",,,Plein jour,En agglomération,Intersection en X,Normale,Deux véhicules - côté,,,,,,,,,,,1,2,2,1,3
200600062903,0006-10-17 16:45:00,6,10,17,16,45,690,259,"76, FRANCIS DE PRESSENSE",,,Plein jour,Hors agglomération,Hors intersection,Normale,Autre collision,,,,,,,,,,,1,1,1,1,6
200600062904,0006-10-13 09:59:00,6,10,13,9,59,690,199,ANTOINE GRAVALLON,,,Plein jour,En agglomération,Intersection en X,Normale,Deux véhicules - frontale,,,,,,,,,,,1,2,2,1,1
200600062905,0006-10-17 08:25:00,6,10,17,8,25,690,259,"0, MARCEL CACHIN",,,Plein jour,En agglomération,Hors intersection,Normale,Deux véhicules - côté,,,,,,,,,,,1,2,1,1,3
200600062906,0006-10-28 12:45:00,6,10,28,12,45,690,259,"11, MARCEL PAUL",,,Plein jour,En agglomération,Hors intersection,Normale,Deux véhicules - côté,,,,,,,,,,,1,2,1,1,3
200600062907,0006-10-28 18:45:00,6,10,28,18,45,690,259,CORBAS (DE),,,Nuit avec éclairage non allumé,En agglomération,Giratoire,Normale,Autre collision,,,,,,,,,,,4,2,6,1,6
200600062908,0006-10-31 10:45:00,6,10,31,10,45,690,259,"6, GAMBETTA",,,Plein jour,En agglomération,Hors intersection,Normale,Autre collision,,,,,,,,,,,1,2,1,1,6
200600062909,0006-10-29 01:40:00,6,10,29,1,40,690,199,"0, ANTOINE GRAVALLON",,,Nuit avec éclairage allumé,En agglomération,Intersection en X,Normale,Deux véhicules - côté,,,,,,,,,,,5,2,2,1,3
200600062910,0006-10-16 15:45:00,6,10,16,15,45,690,264,"146, BUISSON FERDINAND",,,Plein jour,En agglomération,Hors intersection,Normale,Autre collision,,,,,,,,,,,1,2,1,1,6
200600062911,0006-10-28 19:00:00,6,10,28,19,0,690,13,"941, LONGSARD (ROUTE DE)",,,Nuit sans éclairage public,Hors agglomération,Hors intersection,Normale,Deux véhicules - côté,,,,,,,,,,,3,1,1,1,3
200600062912,0006-10-02 14:40:00,6,10,2,14,40,690,266,"1, RUE P VERLAINE",,,Plein jour,En agglomération,Intersection en X,Normale,Autre collision,,,,,,,,,,,1,2,2,1,6
200600062913,0006-10-04 21:30:00,6,10,4,21,30,690,266,"1, CRS E ZOLA",,,Nuit avec éclairage allumé,En agglomération,Intersection en T,Normale,Deux véhicules - côté,,,,,,,,,,,5,2,3,1,3
200600062914,0006-10-09 15:30:00,6,10,9,15,30,690,266,RUE DU 4 AOUT 1789,,,Plein jour,En agglomération,Intersection en X,Normale,Autre collision,,,,,,,,,,,1,2,2,1,6
200600062915,0006-10-10 16:25:00,6,10,10,16,25,690,266,"1, RUE Y CHANU",,,Plein jour,En agglomération,Intersection en T,Normale,Deux véhicules - côté,,,,,,,,,,,1,2,3,1,3
200600062916,0006-10-12 23:00:00,6,10,12,23,0,690,266,"1, RUE HIPPOLYTE KAHN",,,Nuit avec éclairage allumé,En agglomération,Intersection en X,Normale,Autre collision,,,,,,,,,,,5,2,2,1,6
200600062917,0006-10-12 12:50:00,6,10,12,12,50,690,266,"17, RUE G PERI",,,Nuit avec éclairage allumé,En agglomération,Hors intersection,Normale,Autre collision,,,,,,,,,,,5,2,1,1,6
200600062918,0006-10-12 10:20:00,6,10,12,10,20,690,266,"1, RUE DES ANTONINS",,,Plein jour,En agglomération,Intersection en X,Normale,Deux véhicules - côté,,,,,,,,,,,1,2,2,1,3
200600062919,0006-10-12 17:30:00,6,10,12,17,30,690,266,"1, RUE C CHAPLIN",,,Plein jour,En agglomération,Intersection en X,Normale,Deux véhicules - côté,,,,,,,,,,,1,2,2,1,3
200600062920,0006-10-13 18:30:00,6,10,13,18,30,690,266,"1, RUE CEL KLOBB",,,Crépuscule ou aube,En agglomération,Intersection en X,Normale,Deux véhicules - côté,,,,,,,,,,,2,2,2,1,3
200600062921,0006-10-20 09:55:00,6,10,20,9,55,690,266,"1, RUE DEDIEU",,,Plein jour,En agglomération,Intersection en X,Normale,Deux véhicules - côté,,,,,,,,,,,1,2,2,1,3
200600062922,0006-10-05 09:15:00,6,10,5,9,15,690,266,"147, COURS TOLSTOI",,,Plein jour,En agglomération,Hors intersection,Normale,Autre collision,,,,,,,,,,,1,2,1,1,6
200600062923,0006-10-20 15:50:00,6,10,20,15,50,690,266,"5, RUE P CACARD",,,Plein jour,En agglomération,Autre intersection,Normale,Autre collision,,,,,,,,,,,1,2,9,1,6
200600062924,0006-10-22 15:38:00,6,10,22,15,38,690,266,"1, RUE FRANCIS DE PRESSE",,,Plein jour,En agglomération,Intersection en X,Normale,Deux véhicules - côté,,,,,,,,,,,1,2,2,1,3
200600062925,0006-10-22 15:30:00,6,10,22,15,30,690,266,"25, RUE EDOUARD AYNARD",,,Plein jour,En agglomération,Intersection en X,Normale,Deux véhicules - côté,,,,,,,,,,,1,2,2,1,3
200600062926,0006-10-29 21:00:00,6,10,29,21,0,690,266,"316, RTE DE GENAS",,,Nuit avec éclairage allumé,En agglomération,Hors intersection,Normale,Trois véhicules et plus - collisions multiples,,,,,,,,,,,5,2,1,1,5
200600062927,0006-10-20 17:56:00,6,10,20,17,56,690,266,"5, RUE DE LA BAISSE",,,Plein jour,En agglomération,Hors intersection,Normale,Autre collision,,,,,,,,,,,1,2,1,1,6
200600062928,0006-10-27 11:22:00,6,10,27,11,22,690,266,"1, autre",,,Plein jour,En agglomération,Intersection en T,Normale,Deux véhicules - côté,,,,,,,,,,,1,2,3,1,3
200600062929,0006-10-04 18:25:00,6,10,4,18,25,690,275,"., JEAN JAURES",,,Plein jour,En agglomération,Intersection en T,Normale,Trois véhicules et plus - collisions multiples,,,,,,,,,,,1,2,3,1,5
200600062930,0006-10-24 22:00:00,6,10,24,22,0,690,282,"90, LIBERATION (DE LA)",,,Nuit avec éclairage allumé,En agglomération,Hors intersection,Normale,Autre collision,,,,,,,,,,,5,2,1,1,6
200600062931,0006-10-06 07:55:00,6,10,6,7,55,690,290,LYONNAIS (DU),,,Plein jour,En agglomération,Intersection en T,Normale,Deux véhicules - arrière,,,,,,,,,,,1,2,3,1,2
200600062932,0006-10-24 08:50:00,6,10,24,8,50,690,290,REVAISON (DE),,,Plein jour,En agglomération,Hors intersection,Normale,Deux véhicules - arrière,,,,,,,,,,,1,2,1,1,2
200600062933,0006-10-24 16:20:00,6,10,24,16,20,690,290,MAUGUETTE (DE),,,Plein jour,En agglomération,Hors intersection,Normale,Trois véhicules et plus - collisions multiples,,,,,,,,,,,1,2,1,1,5
200600062934,0006-10-16 13:10:00,6,10,16,13,10,690,290,"0, LYON (DE) (D 518)",,,Plein jour,En agglomération,Intersection en X,Normale,Deux véhicules - arrière,,,,,,,,,,,1,2,2,1,2
200600062935,0006-10-31 17:40:00,6,10,31,17,40,690,290,ROUTE DE TOUSSIEU,,,Crépuscule ou aube,En agglomération,Intersection en T,Pluie légère,Deux véhicules - côté,,,,,,,,,,,2,2,3,2,3
200600062936,0006-10-06 08:55:00,6,10,6,8,55,700,285,"02, PIERRE ET MARIE CURI",,,Plein jour,En agglomération,Intersection en T,Normale,Deux véhicules - arrière,,,,,,,,,,,1,2,3,1,2
200600062937,0006-10-10 17:40:00,6,10,10,17,40,700,285,"1, PIERRE MENDES FRANCE",,,Plein jour,En agglomération,Intersection en Y,Normale,Deux véhicules - côté,,,,,,,,,,,1,2,4,1,3
200600062938,0006-10-26 17:15:00,6,10,26,17,15,700,285,"20, PIERRE ET MARIE CURI",,,Plein jour,En agglomération,Autre intersection,Normale,Deux véhicules - côté,,,,,,,,,,,1,2,9,1,3
200600062939,0006-10-30 17:15:00,6,10,30,17,15,700,285,"2, PIERRE ET MARIE CURIE",,,Crépuscule ou aube,En agglomération,Giratoire,Normale,Deux véhicules - côté,,,,,,,,,,,2,2,6,1,3
200600062940,0006-10-26 13:10:00,6,10,26,13,10,700,550,KENNEDY (BOULEVARD),,,Plein jour,En agglomération,Hors intersection,Normale,Deux véhicules - côté,,,,,,,,,,,1,2,1,1,3
200600062941,0006-10-27 00:10:00,6,10,27,0,10,700,550,R.N. 19,,,Nuit avec éclairage allumé,Hors agglomération,Hors intersection,Normale,Sans collision,,,,,,,,,,,5,1,1,1,7
200600062942,0006-10-21 05:50:00,6,10,21,5,50,710,475,BUXY (ROUTE DE ),,,Nuit sans éclairage public,Hors agglomération,Hors intersection,Normale,Autre collision,,,,,,,,,,,3,1,1,1,6
200600062943,0006-10-26 18:40:00,6,10,26,18,40,710,118,GENERAL DE GAULLE (AVENU,,,Crépuscule ou aube,En agglomération,Hors intersection,Normale,Deux véhicules - côté,,,,,,,,,,,2,2,1,1,3
200600062944,0006-10-13 19:45:00,6,10,13,19,45,710,153,COURONNE (RUE DE LA),,,Nuit avec éclairage allumé,En agglomération,Intersection en X,Normale,Deux véhicules - côté,,,,,,,,,,,5,2,2,1,3
200600062945,0006-10-21 10:00:00,6,10,21,10,0,710,153,CAVELL (RUE EDITH),,,Plein jour,En agglomération,Hors intersection,Temps couvert,Autre collision,,,,,,,,,,,1,2,1,8,6
200600062946,0006-10-20 17:45:00,6,10,20,17,45,710,153,"13, JAURES (RUE JEAN)",,,Plein jour,En agglomération,Hors intersection,Pluie forte,Trois véhicules et plus - collisions multiples,,,,,,,,,,,1,2,1,3,5
200600062947,0006-10-02 14:20:00,6,10,2,14,20,710,270,"104, LYON (RUE DE)",,,Plein jour,En agglomération,Hors intersection,Normale,Trois véhicules et plus - en chaîne,,,,,,,,,,,1,2,1,1,4
200600062948,0006-10-06 21:20:00,6,10,6,21,20,710,270,"63, HERITAN (RUE DE L')",,,Nuit avec éclairage allumé,En agglomération,Intersection en T,Normale,Deux véhicules - arrière,,,,,,,,,,,5,2,3,1,2
200600062949,0006-10-13 02:15:00,6,10,13,2,15,710,497,GENERAL DE GAULLE (BOULE,,,Nuit avec éclairage allumé,Hors agglomération,Hors intersection,Normale,Autre collision,,,,,,,,,,,5,1,1,1,6
200600062950,0006-10-14 14:35:00,6,10,14,14,35,710,105,"NR1, ALLOGNERAIES (ROUTE",,,Plein jour,Hors agglomération,Giratoire,Normale,Deux véhicules - côté,,,,,,,,,,,1,1,6,1,3
200600062951,0006-10-20 22:15:00,6,10,20,22,15,710,270,Carrefour Pierre MENDES,,,Nuit avec éclairage allumé,En agglomération,Hors intersection,Normale,Autre collision,,,,,,,,,,,5,2,1,1,6
200600062952,0006-10-26 08:40:00,6,10,26,8,40,710,270,HERRIOT (AVENUE EDOUARD),,,Plein jour,En agglomération,Hors intersection,Normale,Deux véhicules - côté,,,,,,,,,,,1,2,1,1,3
200600062953,0006-10-30 13:40:00,6,10,30,13,40,710,270,"1, HUIT MAI 1945 (RUE DU",,,Plein jour,En agglomération,Hors intersection,Normale,Autre collision,,,,,,,,,,,1,2,1,1,6
200600062954,0006-10-27 18:35:00,6,10,27,18,35,710,270,LAMARTINE (QUAI),,,Nuit avec éclairage allumé,En agglomération,Hors intersection,Normale,Trois véhicules et plus - collisions multiples,,,,,,,,,,,5,2,1,1,5
200600062955,0006-10-31 11:05:00,6,10,31,11,5,710,105,GRANGE ST PIERRE (RUE DE,,,Plein jour,En agglomération,Hors intersection,Normale,Autre collision,,,,,,,,,,,1,2,1,1,6
200600062956,0006-10-04 20:10:00,6,10,4,20,10,710,306,"9, ROGER SALENGRO (AVENU",,,Nuit avec éclairage allumé,En agglomération,Intersection en T,Normale,Deux véhicules - frontale,,,,,,,,,,,5,2,3,1,1
200600062957,0006-10-09 18:05:00,6,10,9,18,5,710,306,"44, SAINT VALLIER (RUE D",,,Plein jour,En agglomération,Intersection en X,Normale,Deux véhicules - côté,,,,,,,,,,,1,2,2,1,3
200600062958,0006-10-16 12:15:00,6,10,16,12,15,710,306,"13, CHAMP DU MOULIN (RUE",,,Plein jour,En agglomération,Intersection en X,Normale,Deux véhicules - côté,,,,,,,,,,,1,2,2,1,3
200600062959,0006-10-19 08:20:00,6,10,19,8,20,710,306,"4, LANDE (RUE DE LA)",,,Plein jour,En agglomération,Intersection en X,Pluie légère,Deux véhicules - côté,,,,,,,,,,,1,2,2,2,3
200600062960,0006-10-21 15:05:00,6,10,21,15,5,710,306,"34, JEAN LONGUET (RUE)",,,Plein jour,En agglomération,Intersection en X,Normale,Deux véhicules - côté,,,,,,,,,,,1,2,2,1,3
200600062961,0006-10-25 11:00:00,6,10,25,11,0,710,306,"6, HENRI DUNAND (BOULEVA",,,Plein jour,En agglomération,Hors intersection,Normale,Autre collision,,,,,,,,,,,1,2,1,1,6
200600062962,0006-10-27 18:30:00,6,10,27,18,30,710,306,"35, BARBES (RUE)",,,Nuit avec éclairage allumé,En agglomération,Hors intersection,Normale,Autre collision,,,,,,,,,,,5,2,1,1,6
200600062963,0006-10-01 13:00:00,6,10,1,13,0,720,181,CANONS (RUE DES),,,Plein jour,En agglomération,Hors intersection,Normale,Autre collision,,,,,,,,,,,1,2,1,1,6
200600062964,0006-10-02 13:55:00,6,10,2,13,55,720,181,CARNOT (BD),,,Plein jour,En agglomération,Intersection en X,Pluie légère,Deux véhicules - arrière,,,,,,,,,,,1,2,2,2,2
200600062965,0006-10-02 13:57:00,6,10,2,13,57,720,181,TOURS (RTE) LIGNE DROITE,,,Plein jour,Hors agglomération,Hors intersection,Pluie légère,Autre collision,,,,,,,,,,,1,1,1,2,6
200600062966,0006-10-03 09:10:00,6,10,3,9,10,720,181,CUGNOT NICOLAS (BD),,,Plein jour,Hors agglomération,Hors intersection,Pluie légère,Trois véhicules et plus - en chaîne,,,,,,,,,,,1,1,1,2,4
200600062967,0006-10-03 12:30:00,6,10,3,12,30,720,181,RUAUDIN (RUE) N° PAIRS 1,,,Plein jour,En agglomération,Intersection en X,Normale,Deux véhicules - côté,,,,,,,,,,,1,2,2,1,3
200600062968,0006-10-04 13:30:00,6,10,4,13,30,720,181,"168, ARNAGE (RUE D') N°",,,Plein jour,En agglomération,Hors intersection,Normale,Deux véhicules - côté,,,,,,,,,,,1,2,1,1,3
200600062969,0006-10-04 18:55:00,6,10,4,18,55,720,181,PATTON GENERAL RTE ST-AU,,,Plein jour,En agglomération,Hors intersection,Normale,Deux véhicules - arrière,,,,,,,,,,,1,2,1,1,2
200600062970,0006-10-05 08:15:00,6,10,5,8,15,720,181,"234, JAURES JEAN (AV) N°",,,Plein jour,En agglomération,Hors intersection,Normale,Deux véhicules - côté,,,,,,,,,,,1,2,1,1,3
200600062971,0006-10-05 20:20:00,6,10,5,20,20,720,181,COURBOULAY PAUL (RUE),,,Nuit avec éclairage allumé,En agglomération,Intersection en X,Normale,Deux véhicules - côté,,,,,,,,,,,5,2,2,1,3
200600062972,0006-10-06 19:40:00,6,10,6,19,40,720,181,MAC JEAN (AV) N° PAIRS 1,,,Nuit avec éclairage allumé,En agglomération,Hors intersection,Pluie légère,Autre collision,,,,,,,,,,,5,2,1,2,6
200600062973,0006-10-07 18:55:00,6,10,7,18,55,720,181,DURAND GEORGES (AV) N° P,,,Plein jour,En agglomération,Hors intersection,Normale,Autre collision,,,,,,,,,,,1,2,1,1,6
200600062974,0006-10-08 20:30:00,6,10,8,20,30,720,181,"24, CUGNOT NICOLAS (BD)",,,Nuit avec éclairage allumé,En agglomération,Hors intersection,Normale,Deux véhicules - arrière,,,,,,,,,,,5,2,1,1,2
200600062975,0006-10-09 11:50:00,6,10,9,11,50,720,181,JACOBINS (PL DES),,,Plein jour,En agglomération,Hors intersection,Pluie forte,Autre collision,,,,,,,,,,,1,2,1,3,6
200600062976,0006-10-09 13:30:00,6,10,9,13,30,720,181,CUGNOT NICOLAS (BD),,,Plein jour,En agglomération,Hors intersection,Pluie légère,Autre collision,,,,,,,,,,,1,2,1,2,6
200600062977,0006-10-10 10:10:00,6,10,10,10,10,720,181,BOLLEE (AV) N° IMP 1 A 6,,,Plein jour,En agglomération,Intersection en T,Normale,Deux véhicules - côté,,,,,,,,,,,1,2,3,1,3
200600062978,0006-10-10 17:50:00,6,10,10,17,50,720,181,PATTON GENERAL RTE ST-AU,,,Plein jour,En agglomération,Hors intersection,Normale,Deux véhicules - arrière,,,,,,,,,,,1,2,1,1,2
200600062979,0006-10-11 09:55:00,6,10,11,9,55,720,181,CORDELET LOUIS ( AV),,,Plein jour,En agglomération,Hors intersection,Normale,Autre collision,,,,,,,,,,,1,2,1,1,6