accident_id,datetime,annee,mois,jour,heure,minute,departement,commune_insee,adresse,latitude,longitude,luminosite,agglomeration,intersection,meteo,collision,nb_vehicules,nb_usagers,nb_indemnes,nb_tues,nb_blesses_hosp,nb_blesses_legers,age_cond_1,age_cond_2,veh_type_cond_1,veh_type_cond_2,lum_code,agg_code,int_code,atm_code,col_code
200600063246,0006-10-07 08:40:00,6,10,7,8,40,750,20,R D AVRON R DES PYRENEES,,,Plein jour,En agglomération,Intersection en X,Normale,Deux véhicules - arrière,,,,,,,,,,,1,2,2,1,2
200600063247,0006-10-08 22:15:00,6,10,8,22,15,750,5,R FOSS ST BERNARD R JUSS,,,Nuit avec éclairage allumé,En agglomération,Intersection en X,Normale,Sans collision,,,,,,,,,,,5,2,2,1,7
200600063248,0006-10-08 03:30:00,6,10,8,3,30,750,7,R R E PELTERIE QU D ORSA,,,Nuit avec éclairage allumé,En agglomération,Intersection en T,Normale,Autre collision,,,,,,,,,,,5,2,3,1,6
200600063249,0006-10-08 20:15:00,6,10,8,20,15,750,7,AV DE BRETEUIL R D ESTRE,,,Nuit avec éclairage allumé,En agglomération,Intersection en X,Normale,Deux véhicules - côté,,,,,,,,,,,5,2,2,1,3
200600063250,0006-10-08 17:10:00,6,10,8,17,10,750,16,L1143 ALL FORTIFICATIONS,,,Plein jour,En agglomération,Hors intersection,Normale,Autre collision,,,,,,,,,,,1,2,1,1,6
200600063251,0006-10-08 22:00:00,6,10,8,22,0,750,16,R MAURICE BOURDET AV DU,,,Nuit avec éclairage allumé,En agglomération,Intersection en X,Normale,Deux véhicules - côté,,,,,,,,,,,5,2,2,1,3
200600063252,0006-10-17 17:55:00,6,10,17,17,55,750,13,181 BD VINCENT AURIOL,,,Plein jour,En agglomération,Hors intersection,Normale,Deux véhicules - côté,,,,,,,,,,,1,2,1,1,3
200600063253,0006-10-08 12:50:00,6,10,8,12,50,750,16,83 BD SUCHET,,,Plein jour,En agglomération,Hors intersection,Normale,Deux véhicules - côté,,,,,,,,,,,1,2,1,1,3
200600063254,0006-10-08 18:34:00,6,10,8,18,34,750,4,R SAINT ANTOINE R DE SEV,,,Plein jour,En agglomération,Intersection en T,Normale,Trois véhicules et plus - en chaîne,,,,,,,,,,,1,2,3,1,4
200600063255,0006-10-08 15:00:00,6,10,8,15,0,750,4,L4472 VERD PO ARCOLE PO,,,Plein jour,En agglomération,Hors intersection,Normale,Autre collision,,,,,,,,,,,1,2,1,1,6
200600063256,0006-10-08 14:15:00,6,10,8,14,15,750,4,R DE BIRAGUE  R SAINT AN,,,Plein jour,En agglomération,Intersection en T,Normale,Autre collision,,,,,,,,,,,1,2,3,1,6
200600063257,0006-10-08 14:53:00,6,10,8,14,53,750,4,38 BD DE SEBASTOPOL,,,Plein jour,En agglomération,Hors intersection,Normale,Deux véhicules - côté,,,,,,,,,,,1,2,1,1,3
200600063258,0006-10-08 14:15:00,6,10,8,14,15,750,12,R DE CHALON,,,Plein jour,En agglomération,Hors intersection,Normale,Deux véhicules - côté,,,,,,,,,,,1,2,1,1,3
200600063259,0006-10-08 21:43:00,6,10,8,21,43,750,8,R DE L ARCADE R DES MATH,,,Nuit avec éclairage allumé,En agglomération,Intersection en X,Normale,Deux véhicules - côté,,,,,,,,,,,5,2,2,1,3
200600063260,0006-10-08 08:39:00,6,10,8,8,39,750,11,150 R FG SAINT ANTOINE,,,Plein jour,En agglomération,Hors intersection,Normale,Deux véhicules - côté,,,,,,,,,,,1,2,1,1,3
200600063261,0006-10-08 16:50:00,6,10,8,16,50,750,20,306 R DES PYRENEES,,,Plein jour,En agglomération,Hors intersection,Normale,Deux véhicules - arrière,,,,,,,,,,,1,2,1,1,2
200600063262,0006-10-09 08:45:00,6,10,9,8,45,750,9,PL DIAGHILEV BD HAUSSMAN,,,Plein jour,En agglomération,Intersection en X,Normale,Autre collision,,,,,,,,,,,1,2,2,1,6
200600063263,0006-10-09 18:40:00,6,10,9,18,40,750,13,64 R JEANNE D ARC,,,Plein jour,En agglomération,Hors intersection,Pluie légère,Autre collision,,,,,,,,,,,1,2,1,2,6
200600063264,0006-10-09 09:30:00,6,10,9,9,30,750,16,PL PTE DE ST CLOUD AV DE,,,Plein jour,En agglomération,Intersection en T,Normale,Deux véhicules - côté,,,,,,,,,,,1,2,3,1,3
200600063265,0006-10-09 13:00:00,6,10,9,13,0,750,16,R DE BELLOY AV KLEBER,,,Plein jour,En agglomération,Intersection en Y,Normale,Autre collision,,,,,,,,,,,1,2,4,1,6
200600063266,0006-10-09 16:30:00,6,10,9,16,30,750,16,PL DE COLOMBIE BD LANNES,,,Plein jour,En agglomération,Intersection en X,Normale,Deux véhicules - côté,,,,,,,,,,,1,2,2,1,3
200600063267,0006-10-09 07:35:00,6,10,9,7,35,750,11,PL DE LA NATION AV DE TA,,,Plein jour,En agglomération,Intersection en T,Normale,Sans collision,,,,,,,,,,,1,2,3,1,7
200600063268,0006-10-09 07:50:00,6,10,9,7,50,750,13,R NEUVE TOLBIAC R OLIVIE,,,Plein jour,En agglomération,Intersection en X,Normale,Autre collision,,,,,,,,,,,1,2,2,1,6
200600063269,0006-10-09 12:05:00,6,10,9,12,5,750,13,R DUNOIS BD VINCENT AURI,,,Plein jour,En agglomération,Intersection en X,Normale,Deux véhicules - côté,,,,,,,,,,,1,2,2,1,3
200600063270,0006-10-09 14:22:00,6,10,9,14,22,750,20,90 AV GAMBETTA,,,Plein jour,En agglomération,Hors intersection,Normale,Deux véhicules - côté,,,,,,,,,,,1,2,1,1,3
200600063271,0006-10-09 14:40:00,6,10,9,14,40,750,20,R DE BELLEVILLE R HAXO,,,Plein jour,En agglomération,Intersection en X,Normale,Autre collision,,,,,,,,,,,1,2,2,1,6
200600063272,0006-10-09 10:47:00,6,10,9,10,47,750,7,VERG PO ROYAL PO CONCORD,,,Plein jour,En agglomération,Hors intersection,Temps couvert,Deux véhicules - arrière,,,,,,,,,,,1,2,1,8,2
200600063273,0006-10-09 13:45:00,6,10,9,13,45,750,17,36 BD BESSIERES,,,Plein jour,En agglomération,Hors intersection,Normale,Autre collision,,,,,,,,,,,1,2,1,1,6
200600063274,0006-10-09 18:40:00,6,10,9,18,40,750,17,BD DES BATIGNOLLES R BOU,,,Nuit avec éclairage allumé,En agglomération,Intersection en T,Pluie légère,Sans collision,,,,,,,,,,,5,2,3,2,7
200600063275,0006-10-09 12:20:00,6,10,9,12,20,750,13,R DUNOIS BD VINCENT AURI,,,Plein jour,En agglomération,Intersection en X,Normale,Deux véhicules - côté,,,,,,,,,,,1,2,2,1,3
200600063276,0006-10-09 19:50:00,6,10,9,19,50,750,1,49 BD DE SEBASTOPOL,,,Plein jour,En agglomération,Hors intersection,Pluie légère,Autre collision,,,,,,,,,,,1,2,1,2,6
200600063277,0006-10-09 21:20:00,6,10,9,21,20,750,6,21 QU DE CONTI,,,Nuit avec éclairage allumé,En agglomération,Hors intersection,Pluie légère,Sans collision,,,,,,,,,,,5,2,1,2,7
200600063278,0006-10-09 18:30:00,6,10,9,18,30,750,4,8 R DE RIVOLI,,,Crépuscule ou aube,En agglomération,Hors intersection,Pluie légère,Autre collision,,,,,,,,,,,2,2,1,2,6
200600063279,0006-10-09 08:50:00,6,10,9,8,50,750,4,R DES LOMBARDS BD DE SEB,,,Plein jour,En agglomération,Intersection en X,Normale,Deux véhicules - arrière,,,,,,,,,,,1,2,2,1,2
200600063280,0006-10-10 08:05:00,6,10,10,8,5,750,12,44 R DE LYON,,,Plein jour,En agglomération,Hors intersection,Temps couvert,Deux véhicules - arrière,,,,,,,,,,,1,2,1,8,2
200600063281,0006-10-10 12:45:00,6,10,10,12,45,750,15,R PORTE D ISSY BD VICTOR,,,Plein jour,En agglomération,Intersection en T,Normale,Autre collision,,,,,,,,,,,1,2,3,1,6
200600063282,0006-10-10 19:22:00,6,10,10,19,22,750,8,R CHAUVEAU LAGARDE R PAS,,,Nuit avec éclairage allumé,En agglomération,Intersection en X,Normale,Deux véhicules - côté,,,,,,,,,,,5,2,2,1,3
200600063283,0006-10-10 18:20:00,6,10,10,18,20,750,2,32 R N D VICTOIRES,,,Plein jour,En agglomération,Hors intersection,Normale,Autre collision,,,,,,,,,,,1,2,1,1,6
200600063284,0006-10-10 17:05:00,6,10,10,17,5,750,3,BD BEAUMARCHAIS R SAINT,,,Plein jour,En agglomération,Intersection en T,Normale,Deux véhicules - arrière,,,,,,,,,,,1,2,3,1,2
200600063285,0006-10-10 15:23:00,6,10,10,15,23,750,4,28 QU DES CELESTINS,,,Plein jour,En agglomération,Hors intersection,Normale,Trois véhicules et plus - en chaîne,,,,,,,,,,,1,2,1,1,4
200600063286,0006-10-10 06:53:00,6,10,10,6,53,750,17,L4233 AV PORTE DE CLICHY,,,Nuit avec éclairage allumé,En agglomération,Hors intersection,Temps couvert,Autre collision,,,,,,,,,,,5,2,1,8,6
200600063287,0006-10-10 23:00:00,6,10,10,23,0,750,17,84 AV DE SAINT OUEN,,,Nuit avec éclairage allumé,En agglomération,Hors intersection,Normale,Autre collision,,,,,,,,,,,5,2,1,1,6
200600063288,0006-10-11 14:50:00,6,10,11,14,50,750,2,R D ARGOUT R DU LOUVRE,,,Plein jour,En agglomération,Intersection en X,Normale,Deux véhicules - côté,,,,,,,,,,,1,2,2,1,3
200600063289,0006-10-11 07:50:00,6,10,11,7,50,750,3,R REAUMUR R VAUCANSON,,,Plein jour,En agglomération,Intersection à plus de 4 branches,Normale,Deux véhicules - côté,,,,,,,,,,,1,2,5,1,3
200600063290,0006-10-11 12:35:00,6,10,11,12,35,750,7,R DE BOURGOGNE R DE VARE,,,Plein jour,En agglomération,Intersection en T,Normale,Autre collision,,,,,,,,,,,1,2,3,1,6
200600063291,0006-10-19 22:15:00,6,10,19,22,15,750,3,R DES TOURNELLES R SAINT,,,Nuit avec éclairage allumé,En agglomération,Intersection en X,Normale,Deux véhicules - côté,,,,,,,,,,,5,2,2,1,3
200600063292,0006-10-20 10:25:00,6,10,20,10,25,750,16,12 Q SAINT EXUPERY,,,Plein jour,En agglomération,Hors intersection,Normale,Deux véhicules - côté,,,,,,,,,,,1,2,1,1,3
200600063293,0006-10-20 19:50:00,6,10,20,19,50,750,6,35 QU GRANDS AUGUSTINS,,,Nuit avec éclairage allumé,En agglomération,Hors intersection,Normale,Deux véhicules - arrière,,,,,,,,,,,5,2,1,1,2
200600063294,0006-10-23 05:45:00,6,10,23,5,45,750,20,BPI MONTREUIL VINCENNES,,,Nuit avec éclairage allumé,En agglomération,Hors intersection,Normale,Deux véhicules - arrière,,,,,,,,,,,5,2,1,1,2
200600063295,0006-10-01 12:20:00,6,10,1,12,20,750,19,BPI VILLETTE PANTIN,,,Plein jour,En agglomération,Hors intersection,Temps couvert,Deux véhicules - côté,,,,,,,,,,,1,2,1,8,3
200600063296,0006-10-02 19:25:00,6,10,2,19,25,750,10,14 R PETITS HOTELS,,,Nuit avec éclairage allumé,En agglomération,Hors intersection,Pluie légère,Autre collision,,,,,,,,,,,5,2,1,2,6
200600063297,0006-10-02 11:15:00,6,10,2,11,15,750,10,44 R FG POISSONNIERE,,,Plein jour,En agglomération,Hors intersection,Normale,Trois véhicules et plus - en chaîne,,,,,,,,,,,1,2,1,1,4
200600063298,0006-10-02 20:15:00,6,10,2,20,15,750,10,R LOUIS BLANC R PH DE GI,,,Nuit avec éclairage allumé,En agglomération,Intersection en T,Pluie légère,Autre collision,,,,,,,,,,,5,2,3,2,6
200600063299,0006-10-02 18:55:00,6,10,2,18,55,750,12,BPE BERCY CHARENTON,,,Plein jour,En agglomération,Hors intersection,Pluie légère,Sans collision,,,,,,,,,,,1,2,1,2,7
200600063300,0006-10-03 14:50:00,6,10,3,14,50,750,10,214 R FG SAINT MARTIN,,,Plein jour,En agglomération,Hors intersection,Temps couvert,Autre collision,,,,,,,,,,,1,2,1,8,6
200600063301,0006-10-03 04:40:00,6,10,3,4,40,750,10,28 BD DE MAGENTA,,,Nuit avec éclairage allumé,En agglomération,Hors intersection,Pluie forte,Sans collision,,,,,,,,,,,5,2,1,3,7
200600063302,0006-10-03 17:35:00,6,10,3,17,35,750,10,121 BD DE LA VILLETTE,,,Plein jour,En agglomération,Hors intersection,Normale,Deux véhicules - côté,,,,,,,,,,,1,2,1,1,3
200600063303,0006-10-03 17:20:00,6,10,3,17,20,750,17,BPE SAINT OUEN CLICHY,,,Plein jour,En agglomération,Hors intersection,Normale,Deux véhicules - côté,,,,,,,,,,,1,2,1,1,3
200600063304,0006-10-03 10:00:00,6,10,3,10,0,750,20,BPE VINCENNES MONTREUIL,,,Plein jour,En agglomération,Hors intersection,Normale,Deux véhicules - côté,,,,,,,,,,,1,2,1,1,3
200600063305,0006-10-03 10:00:00,6,10,3,10,0,750,17,BD BERTHIER R DE COURCEL,,,Plein jour,En agglomération,Intersection en X,Pluie légère,Sans collision,,,,,,,,,,,1,2,2,2,7
200600063306,0006-10-03 05:40:00,6,10,3,5,40,750,17,BPE CLICHY ASNIERES,,,Nuit avec éclairage allumé,En agglomération,Hors intersection,Pluie légère,Autre collision,,,,,,,,,,,5,2,1,2,6
200600063307,0006-10-04 11:45:00,6,10,4,11,45,750,17,24 R G CHARPENTIER,,,Plein jour,En agglomération,Hors intersection,Normale,Autre collision,,,,,,,,,,,1,2,1,1,6
200600063308,0006-10-04 19:35:00,6,10,4,19,35,750,10,BD BONNE NOUVELLE R D HA,,,Nuit avec éclairage allumé,En agglomération,Intersection en T,Temps couvert,Deux véhicules - côté,,,,,,,,,,,5,2,3,8,3
200600063309,0006-10-04 12:45:00,6,10,4,12,45,750,16,BPI AUTEUIL PASSY,,,Plein jour,En agglomération,Hors intersection,Normale,Sans collision,,,,,,,,,,,1,2,1,1,7
200600063310,0006-10-04 08:20:00,6,10,4,8,20,750,12,BPE SAINT MANDEE VINCENN,,,Plein jour,En agglomération,Hors intersection,Normale,Sans collision,,,,,,,,,,,1,2,1,1,7
200600063311,0006-10-05 12:10:00,6,10,5,12,10,750,17,40 BD COURCELLES,,,Plein jour,En agglomération,Hors intersection,Normale,Trois véhicules et plus - en chaîne,,,,,,,,,,,1,2,1,1,4
200600063312,0006-10-05 15:15:00,6,10,5,15,15,750,16,BPE MAILLOT DAUPHINE,,,Plein jour,En agglomération,Hors intersection,Normale,Deux véhicules - côté,,,,,,,,,,,1,2,1,1,3
200600063313,0006-10-05 15:25:00,6,10,5,15,25,750,10,228 R LA FAYETTE,,,Plein jour,En agglomération,Hors intersection,Normale,Deux véhicules - côté,,,,,,,,,,,1,2,1,1,3
200600063314,0006-10-05 21:10:00,6,10,5,21,10,750,10,BD DE MAGENTA BD DE STRA,,,Nuit avec éclairage allumé,En agglomération,Intersection à plus de 4 branches,Pluie légère,Deux véhicules - côté,,,,,,,,,,,5,2,5,2,3
200600063315,0006-10-06 17:05:00,6,10,6,17,5,750,10,R AMBROISE PARE BD DE MA,,,Plein jour,En agglomération,Intersection en T,Normale,Sans collision,,,,,,,,,,,1,2,3,1,7
200600063316,0006-10-06 13:15:00,6,10,6,13,15,750,10,39 BD DE LA CHAPELLE,,,Plein jour,En agglomération,Hors intersection,Normale,Autre collision,,,,,,,,,,,1,2,1,1,6
200600063317,0006-10-06 13:02:00,6,10,6,13,2,750,11,R FG SAINT ANTOINE R ROU,,,Plein jour,En agglomération,Intersection en T,Normale,Autre collision,,,,,,,,,,,1,2,3,1,6
200600063318,0006-10-07 13:10:00,6,10,7,13,10,750,14,BPI GENTILLY ORLEANS,,,Plein jour,En agglomération,Hors intersection,Normale,Deux véhicules - côté,,,,,,,,,,,1,2,1,1,3
200600063319,0006-10-23 13:40:00,6,10,23,13,40,750,13,33 BD KELLERMANN,,,Plein jour,En agglomération,Hors intersection,Normale,Autre collision,,,,,,,,,,,1,2,1,1,6
200600063320,0006-10-23 17:00:00,6,10,23,17,0,750,19,SOU PANTIN CHAUMONT,,,Plein jour,En agglomération,Hors intersection,Normale,Deux véhicules - arrière,,,,,,,,,,,1,2,1,1,2
200600063321,0006-10-10 17:30:00,6,10,10,17,30,750,5,AV DES GOBELINS BD DE PO,,,Plein jour,En agglomération,Intersection en X,Normale,Autre collision,,,,,,,,,,,1,2,2,1,6
200600063322,0006-10-10 14:15:00,6,10,10,14,15,750,10,R LUCIEN SAMPAIX QU DE V,,,Plein jour,En agglomération,Intersection en Y,Normale,Autre collision,,,,,,,,,,,1,2,4,1,6
200600063323,0006-10-10 13:45:00,6,10,10,13,45,750,17,58 BD GOUVION ST CYR,,,Plein jour,En agglomération,Hors intersection,Normale,Deux véhicules - côté,,,,,,,,,,,1,2,1,1,3
200600063324,0006-10-10 14:00:00,6,10,10,14,0,750,5,BD SAINT GERMAIN R SAINT,,,Plein jour,En agglomération,Intersection en X,Normale,Deux véhicules - côté,,,,,,,,,,,1,2,2,1,3
200600063325,0006-10-10 14:50:00,6,10,10,14,50,750,9,R JOUBERT R DE MOGADOR,,,Plein jour,En agglomération,Intersection en X,Normale,Autre collision,,,,,,,,,,,1,2,2,1,6
200600063326,0006-10-10 10:25:00,6,10,10,10,25,750,12,RTE CEINTURE  DU LAC AV,,,Plein jour,En agglomération,Intersection en Y,Normale,Deux véhicules - côté,,,,,,,,,,,1,2,4,1,3
200600063327,0006-10-10 17:25:00,6,10,10,17,25,750,18,56 BD ORNANO,,,Plein jour,En agglomération,Hors intersection,Normale,Autre collision,,,,,,,,,,,1,2,1,1,6
200600063328,0006-10-10 22:55:00,6,10,10,22,55,750,16,BPI DAUPHINE MAILLOT,,,Nuit avec éclairage allumé,En agglomération,Hors intersection,Normale,Autre collision,,,,,,,,,,,5,2,1,1,6
200600063329,0006-10-10 23:15:00,6,10,10,23,15,750,20,ECH BAGNOLET,,,Nuit avec éclairage allumé,En agglomération,Hors intersection,Normale,Deux véhicules - côté,,,,,,,,,,,5,2,1,1,3
200600063330,0006-10-09 17:20:00,6,10,9,17,20,750,10,64 BD DE MAGENTA,,,Plein jour,En agglomération,Hors intersection,Normale,Deux véhicules - côté,,,,,,,,,,,1,2,1,1,3
200600063331,0006-10-09 09:20:00,6,10,9,9,20,750,13,BPI IVRY ITALIE,,,Plein jour,En agglomération,Hors intersection,Normale,Deux véhicules - arrière,,,,,,,,,,,1,2,1,1,2
200600063332,0006-10-07 09:15:00,6,10,7,9,15,750,14,BPI GENTILLY ORLEANS,,,Plein jour,En agglomération,Hors intersection,Normale,Deux véhicules - côté,,,,,,,,,,,1,2,1,1,3
200600063333,0006-10-09 19:55:00,6,10,9,19,55,750,17,182 BD PEREIRE,,,Plein jour,En agglomération,Hors intersection,Pluie légère,Autre collision,,,,,,,,,,,1,2,1,2,6
200600063334,0006-10-09 15:10:00,6,10,9,15,10,750,20,BPE BAGNOLET LILAS,,,Plein jour,En agglomération,Hors intersection,Normale,Deux véhicules - côté,,,,,,,,,,,1,2,1,1,3
200600063335,0006-10-11 15:35:00,6,10,11,15,35,750,8,PL DE LA CONCORDE QU DES,,,Plein jour,En agglomération,Intersection en X,Normale,Autre collision,,,,,,,,,,,1,2,2,1,6
200600063336,0006-10-11 15:55:00,6,10,11,15,55,750,8,36 AV GEORGE V,,,Plein jour,En agglomération,Hors intersection,Temps couvert,Autre collision,,,,,,,,,,,1,2,1,8,6
200600063337,0006-10-11 23:30:00,6,10,11,23,30,750,16,AV INGRES BD SUCHET,,,Nuit avec éclairage allumé,En agglomération,Intersection en X,Normale,Deux véhicules - côté,,,,,,,,,,,5,2,2,1,3
200600063338,0006-10-11 14:53:00,6,10,11,14,53,750,8,25 AV DE FRIEDLAND,,,Plein jour,En agglomération,Hors intersection,Normale,Autre collision,,,,,,,,,,,1,2,1,1,6
200600063339,0006-10-11 10:05:00,6,10,11,10,5,750,11,R DES NANETTES AV DE LA,,,Plein jour,En agglomération,Intersection en Y,Normale,Deux véhicules - côté,,,,,,,,,,,1,2,4,1,3
200600063340,0006-10-11 22:32:00,6,10,11,22,32,750,12,R CROZATIER BD DIDEROT,,,Nuit avec éclairage allumé,En agglomération,Intersection en X,Pluie légère,Deux véhicules - côté,,,,,,,,,,,5,2,2,2,3
200600063341,0006-10-11 18:15:00,6,10,11,18,15,750,13,BD MASSENA R DE PATAY,,,Plein jour,En agglomération,Intersection en X,Normale,Autre collision,,,,,,,,,,,1,2,2,1,6
200600063342,0006-10-11 12:05:00,6,10,11,12,5,750,13,32 R ESQUIROL,,,Plein jour,En agglomération,Hors intersection,Normale,Autre collision,,,,,,,,,,,1,2,1,1,6
200600063343,0006-10-11 08:45:00,6,10,11,8,45,750,13,BD ARAGO R DE LA GLACIER,,,Plein jour,En agglomération,Intersection en X,Normale,Deux véhicules - côté,,,,,,,,,,,1,2,2,1,3
200600063344,0006-10-11 10:30:00,6,10,11,10,30,750,13,AV PORTE D IVRY,,,Plein jour,En agglomération,Hors intersection,Normale,Deux véhicules - côté,,,,,,,,,,,1,2,1,1,3
200600063345,0006-10-11 20:40:00,6,10,11,20,40,750,13,R ABEL HOVELACQUE AV DES,,,Nuit avec éclairage allumé,En agglomération,Intersection en T,Pluie légère,Autre collision,,,,,,,,,,,5,2,3,2,6
200600063346,0006-10-11 17:25:00,6,10,11,17,25,750,15,AV A BARTHOLOME R GASTON,,,Plein jour,En agglomération,Intersection en X,Normale,Deux véhicules - arrière,,,,,,,,,,,1,2,2,1,2
200600063347,0006-10-11 20:50:00,6,10,11,20,50,750,15,AV ERNEST RENAN R ORADOU,,,Nuit avec éclairage allumé,En agglomération,Intersection en T,Normale,Autre collision,,,,,,,,,,,5,2,3,1,6
200600063348,0006-10-11 14:20:00,6,10,11,14,20,750,18,R CAULAINCOURT AV JUNOT,,,Plein jour,En agglomération,Intersection en Y,Normale,Deux véhicules - côté,,,,,,,,,,,1,2,4,1,3
200600063349,0006-10-11 16:30:00,6,10,11,16,30,750,19,AV SECRETAN BD DE LA VIL,,,Plein jour,En agglomération,Intersection en Y,Normale,Deux véhicules - côté,,,,,,,,,,,1,2,4,1,3
200600063350,0006-10-11 18:10:00,6,10,11,18,10,750,19,89 AV DE FLANDRE,,,Plein jour,En agglomération,Hors intersection,Normale,Autre collision,,,,,,,,,,,1,2,1,1,6
200600063351,0006-10-11 07:30:00,6,10,11,7,30,750,20,AV GAMBETTA R PELLEPORT,,,Plein jour,En agglomération,Intersection en X,Normale,Deux véhicules - côté,,,,,,,,,,,1,2,2,1,3
200600063352,0006-10-11 11:38:00,6,10,11,11,38,750,20,R DE BELLEVILLE  R JOUYE,,,Plein jour,En agglomération,Intersection en T,Normale,Deux véhicules - côté,,,,,,,,,,,1,2,3,1,3
200600063353,0006-10-12 09:40:00,6,10,12,9,40,750,8,20 AV HOCHE,,,Plein jour,En agglomération,Hors intersection,Normale,Autre collision,,,,,,,,,,,1,2,1,1,6
200600063354,0006-10-12 02:30:00,6,10,12,2,30,750,9,R AUBER R SCRIBE,,,Nuit avec éclairage allumé,En agglomération,Intersection en X,Normale,Sans collision,,,,,,,,,,,5,2,2,1,7
200600063355,0006-10-12 17:15:00,6,10,12,17,15,750,11,149 BD DE CHARONNE,,,Plein jour,En agglomération,Hors intersection,Normale,Autre collision,,,,,,,,,,,1,2,1,1,6
200600063356,0006-10-24 14:45:00,6,10,24,14,45,750,19,94 R PETIT,,,Plein jour,En agglomération,Hors intersection,Normale,Autre collision,,,,,,,,,,,1,2,1,1,6
200600063357,0006-10-12 16:30:00,6,10,12,16,30,750,11,294 BD VOLTAIRE,,,Plein jour,En agglomération,Hors intersection,Normale,Autre collision,,,,,,,,,,,1,2,1,1,6
200600063358,0006-10-24 18:45:00,6,10,24,18,45,750,12,R DE PICPUS AV DE SAINT,,,Plein jour,En agglomération,Intersection en T,Normale,Sans collision,,,,,,,,,,,1,2,3,1,7
200600063359,0006-10-24 19:05:00,6,10,24,19,5,750,12,R DE PICPUS BD PONIATOWS,,,Plein jour,En agglomération,Intersection en T,Normale,Deux véhicules - côté,,,,,,,,,,,1,2,3,1,3
200600063360,0006-10-25 04:40:00,6,10,25,4,40,750,11,12 BD VOLTAIRE,,,Nuit avec éclairage allumé,En agglomération,Hors intersection,Normale,Autre collision,,,,,,,,,,,5,2,1,1,6
200600063361,0006-10-12 08:50:00,6,10,12,8,50,750,11,166 BD VOLTAIRE,,,Plein jour,En agglomération,Hors intersection,Temps couvert,Autre collision,,,,,,,,,,,1,2,1,8,6
200600063362,0006-10-12 17:20:00,6,10,12,17,20,750,12,L11637 QU DE BERCY,,,Plein jour,En agglomération,Hors intersection,Normale,Autre collision,,,,,,,,,,,1,2,1,1,6
200600063363,0006-10-12 18:59:00,6,10,12,18,59,750,14,AV DE LA PTE DE CHATILLO,,,Nuit avec éclairage allumé,En agglomération,Intersection en X,Normale,Deux véhicules - côté,,,,,,,,,,,5,2,2,1,3
200600063364,0006-10-12 13:24:00,6,10,12,13,24,750,14,100 BD BRUNE,,,Plein jour,En agglomération,Hors intersection,Normale,Sans collision,,,,,,,,,,,1,2,1,1,7
200600063365,0006-10-12 13:50:00,6,10,12,13,50,750,15,PL BALARD BD VICTOR,,,Plein jour,En agglomération,Intersection en X,Normale,Deux véhicules - arrière,,,,,,,,,,,1,2,2,1,2
200600063366,0006-10-12 16:35:00,6,10,12,16,35,750,15,18 BD GARIBALDI,,,Plein jour,En agglomération,Hors intersection,Normale,Autre collision,,,,,,,,,,,1,2,1,1,6
200600063367,0006-10-12 17:35:00,6,10,12,17,35,750,16,BD AMIRAL BRUIX BD THIER,,,Plein jour,En agglomération,Intersection en Y,Normale,Autre collision,,,,,,,,,,,1,2,4,1,6
200600063368,0006-10-12 08:50:00,6,10,12,8,50,750,17,186 AV DE CLICHY,,,Plein jour,En agglomération,Hors intersection,Temps couvert,Deux véhicules - côté,,,,,,,,,,,1,2,1,8,3
200600063369,0006-10-12 15:10:00,6,10,12,15,10,750,18,166 R ORDENER,,,Plein jour,En agglomération,Hors intersection,Normale,Deux véhicules - arrière,,,,,,,,,,,1,2,1,1,2
200600063370,0006-10-12 15:50:00,6,10,12,15,50,750,19,AV DE FLANDRE R GASTON R,,,Plein jour,En agglomération,Intersection en T,Normale,Autre collision,,,,,,,,,,,1,2,3,1,6
200600063371,0006-10-13 14:00:00,6,10,13,14,0,750,1,4 BD DU PALAIS,,,Plein jour,En agglomération,Hors intersection,Normale,Deux véhicules - arrière,,,,,,,,,,,1,2,1,1,2
200600063372,0006-10-13 09:18:00,6,10,13,9,18,750,4,R AGRIPPA AUBIGNE BD MOR,,,Plein jour,En agglomération,Intersection en T,Normale,Autre collision,,,,,,,,,,,1,2,3,1,6
200600063373,0006-10-13 13:50:00,6,10,13,13,50,750,5,R DE L ESSAI BD SAINT MA,,,Plein jour,En agglomération,Intersection en T,Normale,Deux véhicules - frontale,,,,,,,,,,,1,2,3,1,1
200600063374,0006-10-13 16:40:00,6,10,13,16,40,750,6,68 BD DU MONTPARNASSE,,,Plein jour,En agglomération,Hors intersection,Normale,Deux véhicules - côté,,,,,,,,,,,1,2,1,1,3
200600063375,0006-10-13 14:15:00,6,10,13,14,15,750,6,R D ASSAS R DE RENNES,,,Plein jour,En agglomération,Intersection en X,Normale,Autre collision,,,,,,,,,,,1,2,2,1,6
200600063376,0006-10-13 09:30:00,6,10,13,9,30,750,7,R DE GRENELLE AV LA MOTT,,,Plein jour,En agglomération,Intersection en Y,Normale,Deux véhicules - côté,,,,,,,,,,,1,2,4,1,3
200600063377,0006-10-13 16:00:00,6,10,13,16,0,750,8,PL DE LA CONCORDE PT DE,,,Plein jour,En agglomération,Intersection en X,Normale,Deux véhicules - côté,,,,,,,,,,,1,2,2,1,3
200600063378,0006-10-13 15:05:00,6,10,13,15,5,750,9,R DE CHATEAUDUN PL KOSSU,,,Plein jour,En agglomération,Intersection à plus de 4 branches,Normale,Deux véhicules - côté,,,,,,,,,,,1,2,5,1,3
200600063379,0006-10-13 12:13:00,6,10,13,12,13,750,11,86 AV DE LA REPUBLIQUE,,,Plein jour,En agglomération,Hors intersection,Normale,Autre collision,,,,,,,,,,,1,2,1,1,6
200600063380,0006-10-13 10:40:00,6,10,13,10,40,750,11,R GENERAL RENAULT AV PAR,,,Plein jour,En agglomération,Intersection en T,Normale,Deux véhicules - côté,,,,,,,,,,,1,2,3,1,3