accident_id,datetime,annee,mois,jour,heure,minute,departement,commune_insee,adresse,latitude,longitude,luminosite,agglomeration,intersection,meteo,collision,nb_vehicules,nb_usagers,nb_indemnes,nb_tues,nb_blesses_hosp,nb_blesses_legers,age_cond_1,age_cond_2,veh_type_cond_1,veh_type_cond_2,lum_code,agg_code,int_code,atm_code,col_code
200600063513,0006-10-17 11:50:00,6,10,17,11,50,750,14,BD BRUNE AV JEAN MOULIN,,,Plein jour,En agglomération,Intersection en X,Normale,Autre collision,,,,,,,,,,,1,2,2,1,6
200600063514,0006-10-17 07:25:00,6,10,17,7,25,750,14,BD BRUNE AV PTE DE CHATI,,,Plein jour,En agglomération,Intersection en X,Normale,Deux véhicules - arrière,,,,,,,,,,,1,2,2,1,2
200600063515,0006-10-17 13:35:00,6,10,17,13,35,750,17,PL GENERAL CATROUX AV DE,,,Plein jour,En agglomération,Intersection en T,Normale,Autre collision,,,,,,,,,,,1,2,3,1,6
200600063516,0006-10-17 08:23:00,6,10,17,8,23,750,18,BD ORNANO R DU SIMPLON,,,Plein jour,En agglomération,Intersection en Y,Normale,Deux véhicules - côté,,,,,,,,,,,1,2,4,1,3
200600063517,0006-10-17 08:50:00,6,10,17,8,50,750,19,R DE MEAUX PAS DE MELUN,,,Plein jour,En agglomération,Intersection en X,Normale,Autre collision,,,,,,,,,,,1,2,2,1,6
200600063518,0006-10-17 20:20:00,6,10,17,20,20,750,20,276 R DES PYRENEES,,,Crépuscule ou aube,En agglomération,Hors intersection,Normale,Deux véhicules - côté,,,,,,,,,,,2,2,1,1,3
200600063519,0006-10-17 19:00:00,6,10,17,19,0,750,20,R COUR DES NOUES R DES P,,,Plein jour,En agglomération,Intersection en X,Normale,Deux véhicules - côté,,,,,,,,,,,1,2,2,1,3
200600063520,0006-10-18 06:50:00,6,10,18,6,50,750,4,VGP PO MARIE PO SULLY,,,Nuit avec éclairage allumé,En agglomération,Hors intersection,Pluie légère,Autre collision,,,,,,,,,,,5,2,1,2,6
200600063521,0006-10-18 08:45:00,6,10,18,8,45,750,4,R DE L ARSENAL R MORNAY,,,Plein jour,En agglomération,Intersection en X,Normale,Deux véhicules - côté,,,,,,,,,,,1,2,2,1,3
200600063522,0006-10-18 22:23:00,6,10,18,22,23,750,5,R DES FOSSES SAINT BERNA,,,Nuit avec éclairage allumé,En agglomération,Intersection en X,Pluie légère,Deux véhicules - côté,,,,,,,,,,,5,2,2,2,3
200600063523,0006-10-18 16:50:00,6,10,18,16,50,750,5,42 R D ULM,,,Plein jour,En agglomération,Hors intersection,Normale,Autre collision,,,,,,,,,,,1,2,1,1,6
200600063524,0006-10-18 09:02:00,6,10,18,9,2,750,5,R DU CARDINAL LEMOINE R,,,Plein jour,En agglomération,Intersection en X,Normale,Deux véhicules - côté,,,,,,,,,,,1,2,2,1,3
200600063525,0006-10-18 02:55:00,6,10,18,2,55,750,7,L2563 BD DES INVALIDES,,,Nuit avec éclairage allumé,En agglomération,Hors intersection,Pluie légère,Sans collision,,,,,,,,,,,5,2,1,2,7
200600063526,0006-10-18 14:40:00,6,10,18,14,40,750,8,20 AV MARCEAU,,,Plein jour,En agglomération,Hors intersection,Normale,Deux véhicules - côté,,,,,,,,,,,1,2,1,1,3
200600063527,0006-10-18 20:55:00,6,10,18,20,55,750,8,AV DES CHAMPS ELYSEES AV,,,Nuit avec éclairage allumé,En agglomération,Intersection en X,Pluie légère,Autre collision,,,,,,,,,,,5,2,2,2,6
200600063528,0006-10-18 15:25:00,6,10,18,15,25,750,9,R DU FG MONTMARTRE R DE,,,Plein jour,En agglomération,Intersection en X,Normale,Deux véhicules - côté,,,,,,,,,,,1,2,2,1,3
200600063529,0006-10-18 21:15:00,6,10,18,21,15,750,10,180 QU DE JEMMAPES,,,Nuit avec éclairage allumé,En agglomération,Hors intersection,Pluie légère,Sans collision,,,,,,,,,,,5,2,1,2,7
200600063530,0006-10-18 20:15:00,6,10,18,20,15,750,11,100 R DE MONTREUIL,,,Nuit avec éclairage allumé,En agglomération,Hors intersection,Pluie légère,Autre collision,,,,,,,,,,,5,2,1,2,6
200600063531,0006-10-18 13:40:00,6,10,18,13,40,750,11,AV DE LA REPUBLIQUE R SA,,,Plein jour,En agglomération,Intersection en X,Normale,Deux véhicules - côté,,,,,,,,,,,1,2,2,1,3
200600063532,0006-10-18 20:31:00,6,10,18,20,31,750,12,56 AV DU DR ARNOLD NETTE,,,Nuit avec éclairage allumé,En agglomération,Hors intersection,Pluie légère,Deux véhicules - côté,,,,,,,,,,,5,2,1,2,3
200600063533,0006-10-18 05:50:00,6,10,18,5,50,750,11,PL DE LA NATION AV PHILI,,,Nuit avec éclairage allumé,En agglomération,Intersection en X,Pluie légère,Autre collision,,,,,,,,,,,5,2,2,2,6
200600063534,0006-10-18 17:35:00,6,10,18,17,35,750,13,2 R BUT AUX CAILLES,,,Plein jour,En agglomération,Hors intersection,Normale,Autre collision,,,,,,,,,,,1,2,1,1,6
200600063535,0006-10-18 07:40:00,6,10,18,7,40,750,14,2 R NANSOUTY,,,Plein jour,En agglomération,Hors intersection,Pluie légère,Sans collision,,,,,,,,,,,1,2,1,2,7
200600063536,0006-10-18 21:05:00,6,10,18,21,5,750,14,210 BD RASPAIL,,,Nuit avec éclairage allumé,En agglomération,Hors intersection,Pluie légère,Deux véhicules - côté,,,,,,,,,,,5,2,1,2,3
200600063537,0006-10-18 17:45:00,6,10,18,17,45,750,16,AV KLEBER R SAINT DIDIER,,,Plein jour,En agglomération,Intersection en X,Normale,Deux véhicules - côté,,,,,,,,,,,1,2,2,1,3
200600063538,0006-10-18 18:15:00,6,10,18,18,15,750,16,AV MALAKOFF PL PTE MAILL,,,Plein jour,En agglomération,Intersection en X,Normale,Deux véhicules - côté,,,,,,,,,,,1,2,2,1,3
200600063539,0006-10-18 22:30:00,6,10,18,22,30,750,16,ALL DE LONGCHAMP RTE DE,,,Nuit avec éclairage allumé,En agglomération,Intersection en X,Pluie légère,Trois véhicules et plus - collisions multiples,,,,,,,,,,,5,2,2,2,5
200600063540,0006-10-18 13:35:00,6,10,18,13,35,750,16,44 R DE BOULAINVILLIERS,,,Plein jour,En agglomération,Hors intersection,Normale,Autre collision,,,,,,,,,,,1,2,1,1,6
200600063541,0006-10-18 15:50:00,6,10,18,15,50,750,17,R LEON COSNARD R DE TOCQ,,,Plein jour,En agglomération,Intersection en X,Normale,Deux véhicules - côté,,,,,,,,,,,1,2,2,1,3
200600063542,0006-10-18 13:50:00,6,10,18,13,50,750,18,14 R LEPIC,,,Plein jour,En agglomération,Hors intersection,Normale,Sans collision,,,,,,,,,,,1,2,1,1,7
200600063543,0006-10-18 20:35:00,6,10,18,20,35,750,18,BPI CHAPELLE AUBERVILLIE,,,Nuit avec éclairage allumé,En agglomération,Hors intersection,Normale,Autre collision,,,,,,,,,,,5,2,1,1,6
200600063544,0006-10-18 07:35:00,6,10,18,7,35,750,20,56 BD DAVOUT,,,Crépuscule ou aube,En agglomération,Hors intersection,Normale,Autre collision,,,,,,,,,,,2,2,1,1,6
200600063545,0006-10-19 22:45:00,6,10,19,22,45,750,3,R REAUMUR BD DE SEBASTOP,,,Nuit avec éclairage allumé,En agglomération,Intersection en T,Normale,Deux véhicules - côté,,,,,,,,,,,5,2,3,1,3
200600063546,0006-10-19 14:20:00,6,10,19,14,20,750,4,4 R COUTELLERIE,,,Plein jour,En agglomération,Hors intersection,Normale,Trois véhicules et plus - en chaîne,,,,,,,,,,,1,2,1,1,4
200600063547,0006-10-19 13:50:00,6,10,19,13,50,750,7,R CHEVERT BD LA TOUR MAU,,,Plein jour,En agglomération,Intersection en Y,Normale,Deux véhicules - côté,,,,,,,,,,,1,2,4,1,3
200600063548,0006-10-19 10:50:00,6,10,19,10,50,750,8,R FG SAINT HONORE AV MYR,,,Plein jour,En agglomération,Intersection en X,Temps couvert,Deux véhicules - côté,,,,,,,,,,,1,2,2,8,3
200600063549,0006-10-19 14:30:00,6,10,19,14,30,750,11,BD DE MENILMONTANT AV PH,,,Plein jour,En agglomération,Intersection en T,Normale,Deux véhicules - côté,,,,,,,,,,,1,2,3,1,3
200600063550,0006-10-19 14:15:00,6,10,19,14,15,750,12,134 R DE BERCY,,,Plein jour,En agglomération,Hors intersection,Normale,Deux véhicules - côté,,,,,,,,,,,1,2,1,1,3
200600063551,0006-10-19 08:50:00,6,10,19,8,50,750,12,QU DE BERCY R JOSEPH KES,,,Plein jour,En agglomération,Intersection en X,Normale,Sans collision,,,,,,,,,,,1,2,2,1,7
200600063552,0006-10-19 04:20:00,6,10,19,4,20,750,12,L12071 QU DE LA RAPEE,,,Nuit avec éclairage allumé,En agglomération,Hors intersection,Pluie légère,Autre collision,,,,,,,,,,,5,2,1,2,6
200600063553,0006-10-19 23:35:00,6,10,19,23,35,750,13,QU AUSTERLITZ PT CH DE G,,,Nuit avec éclairage allumé,En agglomération,Intersection en T,Temps couvert,Deux véhicules - arrière,,,,,,,,,,,5,2,3,8,2
200600063554,0006-10-19 18:45:00,6,10,19,18,45,750,14,270 BD RASPAIL,,,Crépuscule ou aube,En agglomération,Hors intersection,Normale,Sans collision,,,,,,,,,,,2,2,1,1,7
200600063555,0006-10-19 15:20:00,6,10,19,15,20,750,15,256 R LECOURBE,,,Plein jour,En agglomération,Hors intersection,Normale,Deux véhicules - côté,,,,,,,,,,,1,2,1,1,3
200600063556,0006-10-19 08:50:00,6,10,19,8,50,750,15,20 R COLONEL P AVIA,,,Plein jour,En agglomération,Hors intersection,Normale,Deux véhicules - côté,,,,,,,,,,,1,2,1,1,3
200600063557,0006-10-19 19:30:00,6,10,19,19,30,750,15,R DU THEATRE R VIOLET,,,Nuit avec éclairage allumé,En agglomération,Intersection en X,Normale,Deux véhicules - côté,,,,,,,,,,,5,2,2,1,3
200600063558,0006-10-19 20:10:00,6,10,19,20,10,750,16,R BENJ FRANKLIN AV PAUL,,,Nuit avec éclairage allumé,En agglomération,Intersection en Y,Normale,Autre collision,,,,,,,,,,,5,2,4,1,6
200600063559,0006-10-19 11:20:00,6,10,19,11,20,750,16,PL DE L ALMA AV PRESIDEN,,,Plein jour,En agglomération,Intersection en X,Normale,Deux véhicules - côté,,,,,,,,,,,1,2,2,1,3
200600063560,0006-10-19 15:00:00,6,10,19,15,0,750,16,R J ET M HACQUIN AV DE N,,,Plein jour,En agglomération,Intersection en X,Normale,Deux véhicules - arrière,,,,,,,,,,,1,2,2,1,2
200600063561,0006-10-19 10:20:00,6,10,19,10,20,750,16,AV FOCH AV DE MALAKOFF,,,Plein jour,En agglomération,Intersection en X,Normale,Deux véhicules - côté,,,,,,,,,,,1,2,2,1,3
200600063562,0006-10-19 21:40:00,6,10,19,21,40,750,17,32 BD DE COURCELLES,,,Nuit avec éclairage allumé,En agglomération,Hors intersection,Normale,Autre collision,,,,,,,,,,,5,2,1,1,6
200600063563,0006-10-19 14:40:00,6,10,19,14,40,750,18,130 BD NEY,,,Plein jour,En agglomération,Hors intersection,Normale,Autre collision,,,,,,,,,,,1,2,1,1,6
200600063564,0006-10-18 21:05:00,6,10,18,21,5,750,18,20 R CAULINCOURT,,,Nuit avec éclairage allumé,En agglomération,Hors intersection,Pluie légère,Autre collision,,,,,,,,,,,5,2,1,2,6
200600063565,0006-10-19 13:40:00,6,10,19,13,40,750,19,R BOTZARIS R DE CRIMEE,,,Plein jour,En agglomération,Intersection en X,Normale,Deux véhicules - côté,,,,,,,,,,,1,2,2,1,3
200600063566,0006-10-19 08:15:00,6,10,19,8,15,750,20,R MOUNET SULLY R DES PYR,,,Plein jour,En agglomération,Intersection en Y,Normale,Autre collision,,,,,,,,,,,1,2,4,1,6
200600063567,0006-10-20 20:52:00,6,10,20,20,52,750,4,7 BD BOURDON,,,Nuit avec éclairage allumé,En agglomération,Hors intersection,Normale,Deux véhicules - arrière,,,,,,,,,,,5,2,1,1,2
200600063568,0006-10-20 16:25:00,6,10,20,16,25,750,4,60 R ST ANTOINE,,,Plein jour,En agglomération,Hors intersection,Normale,Deux véhicules - arrière,,,,,,,,,,,1,2,1,1,2
200600063569,0006-10-20 11:55:00,6,10,20,11,55,750,5,56 R MONGE,,,Plein jour,En agglomération,Hors intersection,Normale,Deux véhicules - côté,,,,,,,,,,,1,2,1,1,3
200600063570,0006-10-20 09:15:00,6,10,20,9,15,750,7,BD RASPAIL R DE VARENNE,,,Plein jour,En agglomération,Intersection en X,Pluie légère,Deux véhicules - côté,,,,,,,,,,,1,2,2,2,3
200600063571,0006-10-20 01:38:00,6,10,20,1,38,750,8,SOU CRS LA REINE,,,Nuit avec éclairage allumé,En agglomération,Hors intersection,Normale,Deux véhicules - côté,,,,,,,,,,,5,2,1,1,3
200600063572,0006-10-20 08:50:00,6,10,20,8,50,750,8,8 R ROYALE,,,Plein jour,En agglomération,Hors intersection,Pluie légère,Deux véhicules - côté,,,,,,,,,,,1,2,1,2,3
200600063573,0006-10-20 09:35:00,6,10,20,9,35,750,8,R DE BERRI AV DES CHAMPS,,,Plein jour,En agglomération,Intersection en X,Temps couvert,Deux véhicules - côté,,,,,,,,,,,1,2,2,8,3
200600063574,0006-10-20 13:05:00,6,10,20,13,5,750,8,PL DE LA CONCORDE  R ROY,,,Plein jour,En agglomération,Intersection en X,Pluie légère,Deux véhicules - côté,,,,,,,,,,,1,2,2,2,3
200600063575,0006-10-20 10:00:00,6,10,20,10,0,750,10,R CHATEAU LANDON R LOUIS,,,Plein jour,En agglomération,Intersection en X,Pluie légère,Deux véhicules - côté,,,,,,,,,,,1,2,2,2,3
200600063576,0006-10-20 18:02:00,6,10,20,18,2,750,10,R DU FG ST MARTIN R GUST,,,Crépuscule ou aube,En agglomération,Intersection en T,Normale,Deux véhicules - côté,,,,,,,,,,,2,2,3,1,3
200600063577,0006-10-20 18:30:00,6,10,20,18,30,750,10,R DU HUIT MAI 1945 BD DE,,,Crépuscule ou aube,En agglomération,Intersection en T,Normale,Autre collision,,,,,,,,,,,2,2,3,1,6
200600063578,0006-10-20 10:15:00,6,10,20,10,15,750,11,256 BD VOLTAIRE,,,Plein jour,En agglomération,Hors intersection,Normale,Deux véhicules - côté,,,,,,,,,,,1,2,1,1,3
200600063579,0006-10-20 12:25:00,6,10,20,12,25,750,12,BD DE BERCY RUE DE BERCY,,,Plein jour,En agglomération,Intersection en T,Temps couvert,Deux véhicules - côté,,,,,,,,,,,1,2,3,8,3
200600063580,0006-10-20 07:55:00,6,10,20,7,55,750,12,68 BD SOULT,,,Plein jour,En agglomération,Hors intersection,Pluie légère,Sans collision,,,,,,,,,,,1,2,1,2,7
200600063581,0006-10-20 11:35:00,6,10,20,11,35,750,13,L17761 QU PANHARD LEVASS,,,Plein jour,En agglomération,Hors intersection,Normale,Deux véhicules - arrière,,,,,,,,,,,1,2,1,1,2
200600063582,0006-10-20 12:55:00,6,10,20,12,55,750,14,R DAGUERRE AV DU GENERAL,,,Plein jour,En agglomération,Intersection en T,Normale,Autre collision,,,,,,,,,,,1,2,3,1,6
200600063583,0006-10-20 22:55:00,6,10,20,22,55,750,14,R D ALESIA R FURTADO HEI,,,Nuit avec éclairage allumé,En agglomération,Intersection en T,Normale,Deux véhicules - frontale,,,,,,,,,,,5,2,3,1,1
200600063584,0006-10-20 14:50:00,6,10,20,14,50,750,15,R BEATRIX DUSSANE R DE L,,,Plein jour,En agglomération,Intersection en X,Normale,Autre collision,,,,,,,,,,,1,2,2,1,6
200600063585,0006-10-20 16:45:00,6,10,20,16,45,750,15,QU BRANLY AV DE SUFFREN,,,Plein jour,En agglomération,Intersection en T,Normale,Deux véhicules - côté,,,,,,,,,,,1,2,3,1,3
200600063586,0006-10-20 09:45:00,6,10,20,9,45,750,16,BPI PASSY MUETTE,,,Plein jour,En agglomération,Hors intersection,Pluie légère,Deux véhicules - côté,,,,,,,,,,,1,2,1,2,3
200600063587,0006-10-20 09:00:00,6,10,20,9,0,750,16,26 AV FOCH,,,Plein jour,En agglomération,Hors intersection,Pluie légère,Deux véhicules - côté,,,,,,,,,,,1,2,1,2,3
200600063588,0006-10-20 03:40:00,6,10,20,3,40,750,16,RTE DE LA PTE DAUPHINE A,,,Nuit avec éclairage allumé,En agglomération,Intersection en T,Pluie légère,Autre collision,,,,,,,,,,,5,2,3,2,6
200600063589,0006-10-20 06:30:00,6,10,20,6,30,750,16,R DE BOULAINVILLIERS R D,,,Crépuscule ou aube,En agglomération,Intersection en X,Pluie légère,Autre collision,,,,,,,,,,,2,2,2,2,6
200600063590,0006-10-20 05:25:00,6,10,20,5,25,750,16,R  DE GALLIERA AV DU PT,,,Nuit avec éclairage allumé,En agglomération,Intersection en T,Normale,Autre collision,,,,,,,,,,,5,2,3,1,6
200600063591,0006-10-20 16:10:00,6,10,20,16,10,750,16,6 AV RAYMOND POINCARE,,,Plein jour,En agglomération,Hors intersection,Normale,Autre collision,,,,,,,,,,,1,2,1,1,6
200600063592,0006-10-20 16:15:00,6,10,20,16,15,750,16,94 AV VICTOR HUGO,,,Plein jour,En agglomération,Hors intersection,Temps couvert,Autre collision,,,,,,,,,,,1,2,1,8,6
200600063593,0006-10-20 12:15:00,6,10,20,12,15,750,16,AV DE VERSAILLES R VICTO,,,Plein jour,En agglomération,Intersection en T,Normale,Deux véhicules - côté,,,,,,,,,,,1,2,3,1,3
200600063594,0006-10-20 09:40:00,6,10,20,9,40,750,17,78 AV DES TERNES,,,Plein jour,En agglomération,Hors intersection,Pluie légère,Sans collision,,,,,,,,,,,1,2,1,2,7
200600063595,0006-10-20 19:30:00,6,10,20,19,30,750,17,R CLAIRAUT AV DE CLICHY,,,Nuit avec éclairage allumé,En agglomération,Intersection en T,Normale,Autre collision,,,,,,,,,,,5,2,3,1,6
200600063596,0006-10-20 09:25:00,6,10,20,9,25,750,19,BPI PANTIN PRE ST GERVAI,,,Plein jour,En agglomération,Hors intersection,Pluie légère,Sans collision,,,,,,,,,,,1,2,1,2,7
200600063597,0006-10-20 07:30:00,6,10,20,7,30,750,20,R DES PYRENEES R DE LA V,,,Crépuscule ou aube,En agglomération,Intersection en T,Pluie légère,Sans collision,,,,,,,,,,,2,2,3,2,7
200600063598,0006-10-20 13:20:00,6,10,20,13,20,750,20,66 R JULIEN LACROIX,,,Plein jour,En agglomération,Hors intersection,Normale,Autre collision,,,,,,,,,,,1,2,1,1,6
200600063599,0006-10-20 18:30:00,6,10,20,18,30,750,1,SOU TUILERIES,,,Nuit avec éclairage allumé,En agglomération,Hors intersection,Normale,Trois véhicules et plus - en chaîne,,,,,,,,,,,5,2,1,1,4
200600063600,0006-10-21 01:20:00,6,10,21,1,20,750,1,R DES BOURDONNAIS QU DE,,,Nuit avec éclairage allumé,En agglomération,Intersection en T,Normale,Deux véhicules - côté,,,,,,,,,,,5,2,3,1,3
200600063601,0006-10-21 21:30:00,6,10,21,21,30,750,4,2 R COUTELLERIE,,,Nuit avec éclairage allumé,En agglomération,Hors intersection,Normale,Autre collision,,,,,,,,,,,5,2,1,1,6
200600063602,0006-10-21 10:15:00,6,10,21,10,15,750,8,74 BD HAUSSMANN,,,Plein jour,En agglomération,Hors intersection,Temps couvert,Deux véhicules - côté,,,,,,,,,,,1,2,1,8,3
200600063603,0006-10-21 13:00:00,6,10,21,13,0,750,11,48 R FG SAINT ANTOINE,,,Plein jour,En agglomération,Hors intersection,Normale,Autre collision,,,,,,,,,,,1,2,1,1,6
200600063604,0006-10-21 03:15:00,6,10,21,3,15,750,16,AV GEORGES LAFONT ECH SA,,,Nuit avec éclairage allumé,En agglomération,Intersection en Y,Normale,Autre collision,,,,,,,,,,,5,2,4,1,6
200600063605,0006-10-21 10:50:00,6,10,21,10,50,750,16,2 RTE DE SURESNES,,,Plein jour,En agglomération,Hors intersection,Normale,Trois véhicules et plus - en chaîne,,,,,,,,,,,1,2,1,1,4
200600063606,0006-10-21 20:15:00,6,10,21,20,15,750,17,R DE LA TERRASSE AV DE V,,,Nuit avec éclairage allumé,En agglomération,Intersection en X,Pluie légère,Deux véhicules - côté,,,,,,,,,,,5,2,2,2,3
200600063607,0006-10-21 08:50:00,6,10,21,8,50,750,17,R LEGENDRE R DE TOCQUEVI,,,Plein jour,En agglomération,Intersection en X,Normale,Deux véhicules - côté,,,,,,,,,,,1,2,2,1,3
200600063608,0006-10-21 19:20:00,6,10,21,19,20,750,18,AV DE CLICHY R GANNERON,,,Nuit avec éclairage allumé,En agglomération,Intersection en X,Pluie légère,Sans collision,,,,,,,,,,,5,2,2,2,7
200600063609,0006-10-21 17:56:00,6,10,21,17,56,750,19,R CHAUFOURNIERS AV SIMON,,,Nuit avec éclairage allumé,En agglomération,Intersection en X,Normale,Deux véhicules - côté,,,,,,,,,,,5,2,2,1,3
200600063610,0006-10-21 20:10:00,6,10,21,20,10,750,19,RTE DES PETITS PONTS PL,,,Nuit avec éclairage allumé,En agglomération,Intersection en T,Pluie légère,Deux véhicules - côté,,,,,,,,,,,5,2,3,2,3
200600063611,0006-10-21 01:30:00,6,10,21,1,30,750,20,BD MORTIER AV PTE MENILM,,,Nuit avec éclairage allumé,En agglomération,Intersection en X,Normale,Autre collision,,,,,,,,,,,5,2,2,1,6
200600063612,0006-10-22 16:05:00,6,10,22,16,5,750,6,184 BD SAINT GERMAIN,,,Plein jour,En agglomération,Hors intersection,Normale,Deux véhicules - côté,,,,,,,,,,,1,2,1,1,3
200600063613,0006-10-22 03:46:00,6,10,22,3,46,750,8,AV MARCEAU R DE PRESBOUR,,,Nuit avec éclairage allumé,En agglomération,Intersection en X,Normale,Autre collision,,,,,,,,,,,5,2,2,1,6
200600063614,0006-10-22 18:50:00,6,10,22,18,50,750,11,PAS CHARLES DALLERY AV L,,,Nuit avec éclairage allumé,En agglomération,Intersection en X,Pluie légère,Deux véhicules - arrière,,,,,,,,,,,5,2,2,2,2
200600063615,0006-10-22 20:15:00,6,10,22,20,15,750,11,6 BD DE CHARONNE,,,Nuit avec éclairage allumé,En agglomération,Hors intersection,Pluie légère,Sans collision,,,,,,,,,,,5,2,1,2,7
200600063616,0006-10-22 12:50:00,6,10,22,12,50,750,12,R CLAUDE DECAEN PL FELIX,,,Plein jour,En agglomération,Intersection en T,Normale,Autre collision,,,,,,,,,,,1,2,3,1,6
200600063617,0006-10-21 12:03:00,6,10,21,12,3,750,12,R DE COTTE R FG SAINT AN,,,Plein jour,En agglomération,Intersection en T,Normale,Deux véhicules - frontale,,,,,,,,,,,1,2,3,1,1
200600063618,0006-10-22 14:35:00,6,10,22,14,35,750,12,R DE BERCY AV LEDRU ROLL,,,Plein jour,En agglomération,Intersection en X,Normale,Deux véhicules - côté,,,,,,,,,,,1,2,2,1,3
200600063619,0006-10-22 13:39:00,6,10,22,13,39,750,13,BD MASSENA,,,Plein jour,En agglomération,Hors intersection,Normale,Deux véhicules - côté,,,,,,,,,,,1,2,1,1,3
200600063620,0006-10-21 15:40:00,6,10,21,15,40,750,13,BD AUGUSTE BLANQUI R COR,,,Plein jour,En agglomération,Intersection en T,Temps couvert,Autre collision,,,,,,,,,,,1,2,3,8,6
200600063621,0006-10-22 13:30:00,6,10,22,13,30,750,13,R BOBILLOT R DU MOULINET,,,Plein jour,En agglomération,Intersection en X,Normale,Deux véhicules - côté,,,,,,,,,,,1,2,2,1,3
200600063622,0006-10-21 10:50:00,6,10,21,10,50,750,15,31 BD GARIBALDI,,,Plein jour,En agglomération,Hors intersection,Normale,Autre collision,,,,,,,,,,,1,2,1,1,6
200600063623,0006-10-21 12:45:00,6,10,21,12,45,750,15,R DE LA CONVENTION AV FE,,,Plein jour,En agglomération,Intersection en X,Normale,Deux véhicules - côté,,,,,,,,,,,1,2,2,1,3
200600063624,0006-10-22 04:45:00,6,10,22,4,45,750,17,AV GRANDE ARMEE R DE TIL,,,Nuit avec éclairage allumé,En agglomération,Intersection en T,Normale,Deux véhicules - arrière,,,,,,,,,,,5,2,3,1,2
200600063625,0006-10-22 11:00:00,6,10,22,11,0,750,17,R G CHARPENTIER AV PORTE,,,Plein jour,En agglomération,Intersection en X,Normale,Deux véhicules - côté,,,,,,,,,,,1,2,2,1,3
200600063626,0006-10-22 20:30:00,6,10,22,20,30,750,18,BPI CHAPELLE AUBERVILLIE,,,Nuit avec éclairage allumé,En agglomération,Hors intersection,Pluie légère,Deux véhicules - arrière,,,,,,,,,,,5,2,1,2,2
200600063627,0006-10-22 20:00:00,6,10,22,20,0,750,20,PL GAMBETTA AV DU PERE L,,,Nuit avec éclairage allumé,En agglomération,Intersection en X,Normale,Autre collision,,,,,,,,,,,5,2,2,1,6
200600063628,0006-10-24 20:05:00,6,10,24,20,5,750,4,R HOTEL DE VILLE R  NONN,,,Nuit avec éclairage allumé,En agglomération,Intersection en X,Normale,Autre collision,,,,,,,,,,,5,2,2,1,6
200600063629,0006-10-24 17:45:00,6,10,24,17,45,750,4,QU DE GESVRES PO NOTRE D,,,Plein jour,En agglomération,Intersection en X,Normale,Deux véhicules - côté,,,,,,,,,,,1,2,2,1,3
200600063630,0006-10-24 22:30:00,6,10,24,22,30,750,4,4 QU DES CELESTINS,,,Nuit avec éclairage allumé,En agglomération,Hors intersection,Normale,Deux véhicules - côté,,,,,,,,,,,5,2,1,1,3
200600063631,0006-10-24 09:30:00,6,10,24,9,30,750,5,44 R MONGE,,,Plein jour,En agglomération,Hors intersection,Temps couvert,Deux véhicules - arrière,,,,,,,,,,,1,2,1,8,2
200600063632,0006-10-24 10:05:00,6,10,24,10,5,750,8,R FG SAINT HONORE AV MYR,,,Plein jour,En agglomération,Intersection en X,Pluie légère,Sans collision,,,,,,,,,,,1,2,2,2,7
200600063633,0006-10-23 16:15:00,6,10,23,16,15,750,1,192 R DE RIVOLI,,,Plein jour,En agglomération,Hors intersection,Pluie légère,Deux véhicules - arrière,,,,,,,,,,,1,2,1,2,2
200600063634,0006-10-24 20:00:00,6,10,24,20,0,750,11,R DU CHEMIN VERT BD VOLT,,,Nuit avec éclairage allumé,En agglomération,Intersection en X,Normale,Deux véhicules - côté,,,,,,,,,,,5,2,2,1,3
200600063635,0006-10-23 12:15:00,6,10,23,12,15,750,3,2 R DES HAUDRIETTES,,,Plein jour,En agglomération,Hors intersection,Normale,Deux véhicules - côté,,,,,,,,,,,1,2,1,1,3
200600063636,0006-10-24 16:55:00,6,10,24,16,55,750,11,R DE CRUSSOL BD RICHARD,,,Plein jour,En agglomération,Intersection en T,Normale,Autre collision,,,,,,,,,,,1,2,3,1,6
200600063637,0006-10-23 20:00:00,6,10,23,20,0,750,5,92 BD SAINT GERMAIN,,,Nuit avec éclairage allumé,En agglomération,Hors intersection,Pluie légère,Deux véhicules - côté,,,,,,,,,,,5,2,1,2,3
200600063638,0006-10-24 08:55:00,6,10,24,8,55,750,12,R DU NIGER BD SOULT,,,Plein jour,En agglomération,Intersection en T,Pluie légère,Autre collision,,,,,,,,,,,1,2,3,2,6
200600063639,0006-10-23 06:00:00,6,10,23,6,0,750,6,43 QU DES GRANDS AUGUSTI,,,Nuit avec éclairage allumé,En agglomération,Hors intersection,Normale,Autre collision,,,,,,,,,,,5,2,1,1,6
200600063640,0006-10-23 09:00:00,6,10,23,9,0,750,8,R DE L ELYSEE R FG ST HO,,,Plein jour,En agglomération,Intersection en X,Temps couvert,Autre collision,,,,,,,,,,,1,2,2,8,6
200600063641,0006-10-24 17:30:00,6,10,24,17,30,750,13,BD AUGUSTE BLANQUI  PL D,,,Plein jour,En agglomération,Intersection en X,Temps éblouissant,Autre collision,,,,,,,,,,,1,2,2,7,6
200600063642,0006-10-23 18:25:00,6,10,23,18,25,750,8,22 CRS ALBERT 1ER,,,Nuit avec éclairage allumé,En agglomération,Hors intersection,Pluie légère,Sans collision,,,,,,,,,,,5,2,1,2,7
200600063643,0006-10-24 21:30:00,6,10,24,21,30,750,13,R KUSS R DES PEUPLIERS,,,Nuit avec éclairage allumé,En agglomération,Intersection en X,Normale,Deux véhicules - côté,,,,,,,,,,,5,2,2,1,3