accident_id,datetime,annee,mois,jour,heure,minute,departement,commune_insee,adresse,latitude,longitude,luminosite,agglomeration,intersection,meteo,collision,nb_vehicules,nb_usagers,nb_indemnes,nb_tues,nb_blesses_hosp,nb_blesses_legers,age_cond_1,age_cond_2,veh_type_cond_1,veh_type_cond_2,lum_code,agg_code,int_code,atm_code,col_code
200600064037,0006-10-17 08:10:00,6,10,17,8,10,780,551,"40, FOURQUEUX (DE)",,,Crépuscule ou aube,En agglomération,Hors intersection,Normale,Autre collision,,,,,,,,,,,2,2,1,1,6
200600064038,0006-10-03 08:20:00,6,10,3,8,20,780,586,"136, DE GAULLE (GENERAL)",,,Crépuscule ou aube,En agglomération,Hors intersection,Pluie légère,Autre collision,,,,,,,,,,,2,2,1,2,6
200600064039,0006-10-10 08:00:00,6,10,10,8,0,780,586,SEINE (QUAI) N°2 A 18,,,Plein jour,En agglomération,Intersection en T,Brouillard / fumée,Deux véhicules - côté,,,,,,,,,,,1,2,3,5,3
200600064040,0006-10-14 12:10:00,6,10,14,12,10,780,586,BERTEAUX (MAURICE) N°137,,,Plein jour,En agglomération,Hors intersection,Normale,Deux véhicules - côté,,,,,,,,,,,1,2,1,1,3
200600064041,0006-10-23 16:55:00,6,10,23,16,55,780,586,"118, CLEMENCEAU (G.) N°1",,,Plein jour,En agglomération,Intersection en T,Pluie légère,Deux véhicules - arrière,,,,,,,,,,,1,2,3,2,2
200600064042,0006-10-09 13:45:00,6,10,9,13,45,780,621,NATIONALE 10   (ROUTE),,,Plein jour,En agglomération,Intersection en X,Normale,Deux véhicules - côté,,,,,,,,,,,1,2,2,1,3
200600064043,0006-10-11 08:15:00,6,10,11,8,15,780,621,CASTIGLIONE DEL LAGO (RU,,,Plein jour,En agglomération,Intersection en X,Normale,Deux véhicules - côté,,,,,,,,,,,1,2,2,1,3
200600064044,0006-10-31 19:50:00,6,10,31,19,50,780,621,PASTEUR MARTIN LUTHER KI,,,Nuit avec éclairage allumé,En agglomération,Hors intersection,Normale,Deux véhicules - côté,,,,,,,,,,,5,2,1,1,3
200600064045,0006-10-07 15:25:00,6,10,7,15,25,780,640,"0, ANDRE CITROEN (RUE)",,,Plein jour,En agglomération,Hors intersection,Normale,Autre collision,,,,,,,,,,,1,2,1,1,6
200600064046,0006-10-18 19:10:00,6,10,18,19,10,780,322,"102, CHARLES DE GAULLE (",,,Nuit avec éclairage allumé,En agglomération,Hors intersection,Normale,Autre collision,,,,,,,,,,,5,2,1,1,6
200600064047,0006-10-22 14:50:00,6,10,22,14,50,780,686,GENERAL LECLERC (AVENUE,,,Plein jour,En agglomération,Intersection en T,Normale,Deux véhicules - côté,,,,,,,,,,,1,2,3,1,3
200600064048,0006-10-29 11:15:00,6,10,29,11,15,780,322,CHARBONNIERS (CHEMIN DES,,,Plein jour,En agglomération,Hors intersection,Pluie légère,Deux véhicules - frontale,,,,,,,,,,,1,2,1,2,1
200600064049,0006-10-30 11:40:00,6,10,30,11,40,780,640,ROBERT WAGNER (AVENUE),,,Plein jour,En agglomération,Intersection en T,Normale,Deux véhicules - arrière,,,,,,,,,,,1,2,3,1,2
200600064050,0006-10-01 13:45:00,6,10,1,13,45,780,646,"59, REMONT (RUE)",,,Plein jour,En agglomération,Hors intersection,Normale,Autre collision,,,,,,,,,,,1,2,1,1,6
200600064051,0006-10-02 10:30:00,6,10,2,10,30,780,646,"Néant, JEUX OLYMPIQUES (",,,Plein jour,En agglomération,Hors intersection,Normale,Autre collision,,,,,,,,,,,1,2,1,1,6
200600064052,0006-10-11 13:50:00,6,10,11,13,50,780,646,GENERAL DE GAULLE (AVENU,,,Plein jour,En agglomération,Intersection en X,Normale,Sans collision,,,,,,,,,,,1,2,2,1,7
200600064053,0006-10-12 10:50:00,6,10,12,10,50,780,117,JEAN CASALE (AVENUE),,,Plein jour,Hors agglomération,Intersection en T,Normale,Deux véhicules - côté,,,,,,,,,,,1,1,3,1,3
200600064054,0006-10-13 11:56:00,6,10,13,11,56,780,646,PAROISSE (RUE DE LA),,,Plein jour,En agglomération,Intersection en T,Normale,Autre collision,,,,,,,,,,,1,2,3,1,6
200600064055,0006-10-17 13:25:00,6,10,17,13,25,780,646,"47, ETATS GENERAUX (RUE",,,Plein jour,En agglomération,Hors intersection,Normale,Autre collision,,,,,,,,,,,1,2,1,1,6
200600064056,0006-10-25 11:50:00,6,10,25,11,50,780,646,"Néant, GENERAL MANGIN (A",,,Plein jour,En agglomération,Intersection en X,Normale,Deux véhicules - côté,,,,,,,,,,,1,2,2,1,3
200600064057,0006-10-05 10:55:00,6,10,5,10,55,780,146,MARECHAL FOCH (AVENUE DU,,,Plein jour,En agglomération,Intersection en T,Normale,Sans collision,,,,,,,,,,,1,2,3,1,7
200600064058,0006-10-20 07:15:00,6,10,20,7,15,780,146,"26, GUY DE MAUPASSANT (A",,,Crépuscule ou aube,En agglomération,Hors intersection,Pluie légère,Sans collision,,,,,,,,,,,2,2,1,2,7
200600064059,0006-10-03 20:55:00,6,10,3,20,55,790,191,"26, MAURICE CAILLARD",,,Nuit avec éclairage allumé,En agglomération,Hors intersection,Normale,Deux véhicules - côté,,,,,,,,,,,5,2,1,1,3
200600064060,0006-10-09 07:30:00,6,10,9,7,30,790,191,"107, PARIS (AV)  50  A",,,Crépuscule ou aube,En agglomération,Hors intersection,Normale,Sans collision,,,,,,,,,,,2,2,1,1,7
200600064061,0006-10-03 09:08:00,6,10,3,9,8,790,329,"41, THIERS (BOULEVARD)",,,Plein jour,En agglomération,Intersection en X,Pluie forte,Deux véhicules - côté,,,,,,,,,,,1,2,2,3,3
200600064062,0006-10-19 15:09:00,6,10,19,15,9,790,329,GRAND ROSÉ (RUE DU),,,Plein jour,Hors agglomération,Hors intersection,Normale,Deux véhicules - côté,,,,,,,,,,,1,1,1,1,3
200600064063,0006-10-24 07:15:00,6,10,24,7,15,790,329,PUYRAVEAU (ROUTE DE),,,Crépuscule ou aube,En agglomération,Giratoire,Pluie légère,Deux véhicules - côté,,,,,,,,,,,2,2,6,2,3
200600064064,0006-10-03 07:50:00,6,10,3,7,50,800,674,DEFENSE PASSIVE (AVENUE,,,Plein jour,Hors agglomération,Hors intersection,Pluie légère,Deux véhicules - arrière,,,,,,,,,,,1,1,1,2,2
200600064065,0006-10-02 17:20:00,6,10,2,17,20,800,21,"1, ALBERT CATOIRE (RUE)",,,Plein jour,En agglomération,Hors intersection,Normale,Autre collision,,,,,,,,,,,1,2,1,1,6
200600064066,0006-10-04 18:30:00,6,10,4,18,30,800,21,"0, PEPINIERE (RUE DE LA)",,,Plein jour,En agglomération,Intersection en X,Normale,Deux véhicules - côté,,,,,,,,,,,1,2,2,1,3
200600064067,0006-10-05 14:25:00,6,10,5,14,25,800,21,"0, EUROPE (AVENUE DE L')",,,Plein jour,En agglomération,Hors intersection,Normale,Autre collision,,,,,,,,,,,1,2,1,1,6
200600064068,0006-10-07 04:30:00,6,10,7,4,30,800,489,"0, GENERAL DE GAULLE (RU",,,Nuit avec éclairage allumé,En agglomération,Hors intersection,Temps couvert,Sans collision,,,,,,,,,,,5,2,1,8,7
200600064069,0006-10-06 16:55:00,6,10,6,16,55,800,21,"0, CAGNY (RUE DE)",,,Plein jour,En agglomération,Hors intersection,Pluie légère,Deux véhicules - côté,,,,,,,,,,,1,2,1,2,3
200600064070,0006-10-09 10:05:00,6,10,9,10,5,800,21,"0, LAURENDEAU (RUE)",,,Plein jour,En agglomération,Intersection en X,Normale,Deux véhicules - côté,,,,,,,,,,,1,2,2,1,3
200600064071,0006-10-09 13:40:00,6,10,9,13,40,800,21,"59, VERDUN (RUE DE )",,,Plein jour,En agglomération,Hors intersection,Normale,Deux véhicules - frontale,,,,,,,,,,,1,2,1,1,1
200600064072,0006-10-10 15:10:00,6,10,10,15,10,800,21,"18, SAINT LEU (RUE)",,,Plein jour,En agglomération,Hors intersection,Normale,Autre collision,,,,,,,,,,,1,2,1,1,6
200600064073,0006-10-10 07:40:00,6,10,10,7,40,800,160,"0, JEAN MARIE TJIBAOU",,,Crépuscule ou aube,En agglomération,Intersection en T,Brouillard / fumée,Deux véhicules - côté,,,,,,,,,,,2,2,3,5,3
200600064074,0006-10-10 15:50:00,6,10,10,15,50,800,21,"43, GENERAL LECLERC (RUE",,,Plein jour,En agglomération,Hors intersection,Normale,Autre collision,,,,,,,,,,,1,2,1,1,6
200600064075,0006-10-12 10:00:00,6,10,12,10,0,800,21,"0, ALSACE LORRAINE (BOUL",,,Plein jour,En agglomération,Intersection en X,Temps couvert,Deux véhicules - côté,,,,,,,,,,,1,2,2,8,3
200600064076,0006-10-15 06:15:00,6,10,15,6,15,800,21,PARIS (RUE DE),,,Nuit avec éclairage allumé,En agglomération,Hors intersection,Normale,Sans collision,,,,,,,,,,,5,2,1,1,7
200600064077,0006-10-13 19:00:00,6,10,13,19,0,800,21,"0, EMILE FRANCFORT (RUE)",,,Plein jour,En agglomération,Hors intersection,Normale,Autre collision,,,,,,,,,,,1,2,1,1,6
200600064078,0006-10-14 22:15:00,6,10,14,22,15,800,21,"0, SALVADOR ALLENDE (AVE",,,Nuit avec éclairage allumé,En agglomération,Intersection en X,Normale,Deux véhicules - côté,,,,,,,,,,,5,2,2,1,3
200600064079,0006-10-13 06:50:00,6,10,13,6,50,800,21,ROGER DUMOULIN (AVENUE),,,Nuit avec éclairage allumé,En agglomération,Hors intersection,Brouillard / fumée,Deux véhicules - côté,,,,,,,,,,,5,2,1,5,3
200600064080,0006-10-13 16:50:00,6,10,13,16,50,800,489,"0, HENRI BARBUSSE (RUE)",,,Plein jour,En agglomération,Hors intersection,Normale,Deux véhicules - arrière,,,,,,,,,,,1,2,1,1,2
200600064081,0006-10-21 00:25:00,6,10,21,0,25,800,21,"0, ALEXANDRE DUMAS (RUE)",,,Nuit avec éclairage allumé,En agglomération,Hors intersection,Normale,Autre collision,,,,,,,,,,,5,2,1,1,6
200600064082,0006-10-22 16:10:00,6,10,22,16,10,800,21,"0, WATTEAU (RUE)",,,Plein jour,En agglomération,Intersection en T,Normale,Deux véhicules - frontale,,,,,,,,,,,1,2,3,1,1
200600064083,0006-10-17 07:40:00,6,10,17,7,40,800,21,ABBEVILLE (RUE D'),,,Nuit avec éclairage allumé,En agglomération,Hors intersection,Normale,Trois véhicules et plus - collisions multiples,,,,,,,,,,,5,2,1,1,5
200600064084,0006-10-17 15:55:00,6,10,17,15,55,800,21,"0, SAINT QUENTIN (BOULEV",,,Plein jour,En agglomération,Hors intersection,Normale,Autre collision,,,,,,,,,,,1,2,1,1,6
200600064085,0006-10-17 18:30:00,6,10,17,18,30,800,725,"0, JEAN JAURES (AVENUE)",,,Plein jour,En agglomération,Hors intersection,Normale,Deux véhicules - côté,,,,,,,,,,,1,2,1,1,3
200600064086,0006-10-19 08:50:00,6,10,19,8,50,800,21,"0, JARDIN DES PLANTES (B",,,Plein jour,En agglomération,Intersection en X,Temps couvert,Deux véhicules - côté,,,,,,,,,,,1,2,2,8,3
200600064087,0006-10-20 20:00:00,6,10,20,20,0,800,21,"0, EMILE ZOLA (RUE)",,,Nuit avec éclairage allumé,En agglomération,Intersection en X,Pluie légère,Deux véhicules - côté,,,,,,,,,,,5,2,2,2,3
200600064088,0006-10-20 12:25:00,6,10,20,12,25,800,21,"0, GENERAL FOY (AVENUE D",,,Plein jour,En agglomération,Intersection en X,Normale,Deux véhicules - côté,,,,,,,,,,,1,2,2,1,3
200600064089,0006-10-18 09:45:00,6,10,18,9,45,800,725,"0, GOLF (AVENUE DU)",,,Plein jour,En agglomération,Intersection en X,Normale,Deux véhicules - côté,,,,,,,,,,,1,2,2,1,3
200600064090,0006-10-24 16:55:00,6,10,24,16,55,800,21,RAINNEVILLE CD11  (ROUTE,,,Plein jour,Hors agglomération,Hors intersection,Pluie légère,Sans collision,,,,,,,,,,,1,1,1,2,7
200600064091,0006-10-24 21:20:00,6,10,24,21,20,800,21,"0, BELFORT (BOULEVARD DE",,,Nuit avec éclairage allumé,En agglomération,Hors intersection,Normale,Sans collision,,,,,,,,,,,5,2,1,1,7
200600064092,0006-10-26 12:25:00,6,10,26,12,25,800,725,"0, ALBERT CAMUS (RUE)",,,Plein jour,En agglomération,Giratoire,Normale,Deux véhicules - côté,,,,,,,,,,,1,2,6,1,3
200600064093,0006-10-28 12:15:00,6,10,28,12,15,800,21,"23, PARIS (RUE DE)",,,Plein jour,En agglomération,Hors intersection,Normale,Deux véhicules - côté,,,,,,,,,,,1,2,1,1,3
200600064094,0006-10-10 07:55:00,6,10,10,7,55,810,4,TEILLET (RTE DE),,,Plein jour,Hors agglomération,Hors intersection,Normale,Deux véhicules - arrière,,,,,,,,,,,1,1,1,1,2
200600064095,0006-10-09 18:12:00,6,10,9,18,12,810,4,"100, KENNEDY (AV PRESIDE",,,Plein jour,En agglomération,Hors intersection,Normale,Autre collision,,,,,,,,,,,1,2,1,1,6
200600064096,0006-10-17 16:40:00,6,10,17,16,40,810,144,RN 88,,,Plein jour,Hors agglomération,Hors intersection,Normale,Deux véhicules - arrière,,,,,,,,,,,1,1,1,1,2
200600064097,0006-10-25 18:40:00,6,10,25,18,40,810,257,VALLEE ( ROUTE DE LA ),,,Crépuscule ou aube,En agglomération,Hors intersection,Normale,Autre collision,,,,,,,,,,,2,2,1,1,6
200600064098,0006-10-02 00:20:00,6,10,2,0,20,810,65,"3, GAMBETTA (RUE)",,,Nuit avec éclairage allumé,En agglomération,Hors intersection,Normale,Autre collision,,,,,,,,,,,5,2,1,1,6
200600064099,0006-10-07 20:10:00,6,10,7,20,10,810,65,"2, MITTERRAND (AV. FRANC",,,Crépuscule ou aube,En agglomération,Hors intersection,Normale,Deux véhicules - côté,,,,,,,,,,,2,2,1,1,3
200600064100,0006-10-11 01:10:00,6,10,11,1,10,810,65,"19, VILLEGOUDOU (RUE)",,,Nuit avec éclairage allumé,En agglomération,Hors intersection,Normale,Deux véhicules - arrière,,,,,,,,,,,5,2,1,1,2
200600064101,0006-10-12 16:50:00,6,10,12,16,50,810,65,"48, LAMBERT (CH. DE)",,,Plein jour,Hors agglomération,Hors intersection,Pluie légère,Deux véhicules - frontale,,,,,,,,,,,1,1,1,2,1
200600064102,0006-10-11 12:10:00,6,10,11,12,10,810,65,"2, MENDES FRANCE (BD.PIE",,,Plein jour,En agglomération,Hors intersection,Normale,Deux véhicules - arrière,,,,,,,,,,,1,2,1,1,2
200600064103,0006-10-13 16:25:00,6,10,13,16,25,810,65,"66, MONGES (CH. DES)",,,Plein jour,Hors agglomération,Hors intersection,Normale,Sans collision,,,,,,,,,,,1,1,1,1,7
200600064104,0006-10-13 20:55:00,6,10,13,20,55,810,65,FONTAINES (RD.PT.DES),,,Nuit avec éclairage allumé,Hors agglomération,Giratoire,Normale,Deux véhicules - côté,,,,,,,,,,,5,1,6,1,3
200600064105,0006-10-14 09:30:00,6,10,14,9,30,810,65,"106, TOULOUSE RN 126 (RT",,,Plein jour,En agglomération,Hors intersection,Normale,Deux véhicules - arrière,,,,,,,,,,,1,2,1,1,2
200600064106,0006-10-16 19:05:00,6,10,16,19,5,810,65,ABATTOIR (PLACE DE L'),,,Nuit avec éclairage allumé,En agglomération,Giratoire,Normale,Deux véhicules - arrière,,,,,,,,,,,5,2,6,1,2
200600064107,0006-10-21 23:30:00,6,10,21,23,30,810,65,LYAUTEY (BD.MARECHAL),,,Nuit avec éclairage allumé,En agglomération,Hors intersection,Normale,Deux véhicules - côté,,,,,,,,,,,5,2,1,1,3
200600064108,0006-10-23 09:40:00,6,10,23,9,40,810,65,"147, LAVAUR RD 112 (AVEN",,,Plein jour,En agglomération,Intersection en T,Normale,Deux véhicules - côté,,,,,,,,,,,1,2,3,1,3
200600064109,0006-10-23 13:10:00,6,10,23,13,10,810,65,"16, SIZAIRE (BD.HENRI)",,,Plein jour,En agglomération,Intersection en X,Normale,Deux véhicules - côté,,,,,,,,,,,1,2,2,1,3
200600064110,0006-10-26 09:05:00,6,10,26,9,5,810,65,"23, CASSIN (AV.RENE)",,,Plein jour,En agglomération,Intersection en T,Normale,Deux véhicules - côté,,,,,,,,,,,1,2,3,1,3
200600064111,0006-10-28 12:00:00,6,10,28,12,0,810,65,"49, TOULOUSE RN 126 (RTE",,,Plein jour,En agglomération,Hors intersection,Normale,Trois véhicules et plus - en chaîne,,,,,,,,,,,1,2,1,1,4
200600064112,0006-10-29 07:25:00,6,10,29,7,25,810,65,LAUTREC RD 83 (RTE DE),,,Crépuscule ou aube,Hors agglomération,Hors intersection,Normale,Sans collision,,,,,,,,,,,2,1,1,1,7
200600064113,0006-10-24 09:40:00,6,10,24,9,40,810,163,BARBEY (EDOUARD),,,Plein jour,En agglomération,Hors intersection,Normale,Autre collision,,,,,,,,,,,1,2,1,1,6
200600064114,0006-10-13 22:50:00,6,10,13,22,50,820,33,CD 958,,,Nuit sans éclairage public,Hors agglomération,Hors intersection,Normale,Autre collision,,,,,,,,,,,3,1,1,1,6
200600064115,0006-10-26 11:00:00,6,10,26,11,0,820,33,"13, REPUBLIQUE (de la)",,,Plein jour,En agglomération,Hors intersection,Normale,Autre collision,,,,,,,,,,,1,2,1,1,6
200600064116,0006-10-05 21:20:00,6,10,5,21,20,820,33,"13, ROSTAND (Jean)",,,Nuit avec éclairage allumé,En agglomération,Hors intersection,Normale,Autre collision,,,,,,,,,,,5,2,1,1,6
200600064117,0006-10-13 14:05:00,6,10,13,14,5,820,121,"0, NEGREPELISSE (AVENUE",,,Plein jour,En agglomération,Hors intersection,Normale,Deux véhicules - côté,,,,,,,,,,,1,2,1,1,3
200600064118,0006-10-01 05:20:00,6,10,1,5,20,820,121,"0, NEGREPELISSE (AVENUE",,,Nuit avec éclairage allumé,En agglomération,Intersection en T,Normale,Autre collision,,,,,,,,,,,5,2,3,1,6
200600064119,0006-10-13 07:55:00,6,10,13,7,55,820,121,"0, NEGREPELISSE (AVENUE",,,Crépuscule ou aube,En agglomération,Hors intersection,Normale,Deux véhicules - côté,,,,,,,,,,,2,2,1,1,3
200600064120,0006-10-22 18:30:00,6,10,22,18,30,820,121,"2060, CORBARIEU D 21 (RO",,,Plein jour,Hors agglomération,Hors intersection,Normale,Deux véhicules - arrière,,,,,,,,,,,1,1,1,1,2
200600064121,0006-10-20 19:20:00,6,10,20,19,20,820,121,"0, CORBARIEU D 21 (ROUTE",,,Crépuscule ou aube,Hors agglomération,Intersection en T,Pluie forte,Deux véhicules - côté,,,,,,,,,,,2,1,3,3,3
200600064122,0006-10-09 12:25:00,6,10,9,12,25,820,121,"66-68, CLADEL (RUE LEON)",,,Plein jour,En agglomération,Hors intersection,Normale,Autre collision,,,,,,,,,,,1,2,1,1,6
200600064123,0006-10-13 16:59:00,6,10,13,16,59,820,121,"0, MONTMURAT (QUAI DE)",,,Plein jour,En agglomération,Hors intersection,Normale,Deux véhicules - arrière,,,,,,,,,,,1,2,1,1,2
200600064124,0006-10-28 05:15:00,6,10,28,5,15,820,121,"0, PRIMEURS (RUE DES)",,,Nuit avec éclairage allumé,En agglomération,Hors intersection,Normale,Autre collision,,,,,,,,,,,5,2,1,1,6
200600064125,0006-10-14 09:57:00,6,10,14,9,57,820,121,"0, LENOIR (PLACE MARCEL)",,,Plein jour,En agglomération,Place,Normale,Deux véhicules - côté,,,,,,,,,,,1,2,7,1,3
200600064126,0006-10-30 10:25:00,6,10,30,10,25,820,121,"0, GOUZE(boulevard h)",,,Plein jour,En agglomération,Hors intersection,Normale,Autre collision,,,,,,,,,,,1,2,1,1,6
200600064127,0006-10-05 21:55:00,6,10,5,21,55,820,121,"0, DOUMERC (BOULEVARD BL",,,Nuit avec éclairage allumé,En agglomération,Intersection en X,Normale,Deux véhicules - côté,,,,,,,,,,,5,2,2,1,3
200600064128,0006-10-09 18:45:00,6,10,9,18,45,830,61,"0, CD 4",,,Crépuscule ou aube,Hors agglomération,Hors intersection,Normale,Deux véhicules - frontale,,,,,,,,,,,2,1,1,1,1
200600064129,0006-10-15 00:05:00,6,10,15,0,5,830,61,"0, BOULEVARD D'ALGER",,,Nuit avec éclairage allumé,En agglomération,Hors intersection,Normale,Autre collision,,,,,,,,,,,5,2,1,1,6
200600064130,0006-10-27 18:25:00,6,10,27,18,25,830,118,"373, BOULEVARD MARÉCHAL",,,Nuit avec éclairage allumé,En agglomération,Intersection en T,Normale,Deux véhicules - côté,,,,,,,,,,,5,2,3,1,3
200600064131,0006-10-09 17:25:00,6,10,9,17,25,830,61,"0, RN7",,,Plein jour,Hors agglomération,Hors intersection,Normale,Deux véhicules - côté,,,,,,,,,,,1,1,1,1,3
200600064132,0006-10-05 15:15:00,6,10,5,15,15,830,61,"0, AVENUE DU GÉNÉRAL D'A",,,Plein jour,En agglomération,Hors intersection,Normale,Deux véhicules - côté,,,,,,,,,,,1,2,1,1,3
200600064133,0006-10-27 17:15:00,6,10,27,17,15,830,61,"0, RN7",,,Plein jour,En agglomération,Intersection en T,Normale,Deux véhicules - côté,,,,,,,,,,,1,2,3,1,3
200600064134,0006-10-19 10:25:00,6,10,19,10,25,830,118,ROUTE DE LA CORNICHE,,,Plein jour,En agglomération,Hors intersection,Pluie forte,Autre collision,,,,,,,,,,,1,2,1,3,6
200600064135,0006-10-19 12:55:00,6,10,19,12,55,830,69,RN98,,,Plein jour,Hors agglomération,Hors intersection,Pluie légère,Deux véhicules - frontale,,,,,,,,,,,1,1,1,2,1
200600064136,0006-10-28 20:20:00,6,10,28,20,20,830,69,"50, GODILLOT  ( AVENUE A",,,Nuit avec éclairage allumé,En agglomération,Intersection en T,Normale,Autre collision,,,,,,,,,,,5,2,3,1,6
200600064137,0006-10-30 09:45:00,6,10,30,9,45,830,34,"580, AVENUE VALERANE",,,Plein jour,En agglomération,Hors intersection,Normale,Deux véhicules - côté,,,,,,,,,,,1,2,1,1,3
200600064138,0006-10-06 10:10:00,6,10,6,10,10,830,129,"44, SEVERIN SAURIN (RUE)",,,Plein jour,En agglomération,Hors intersection,Normale,Deux véhicules - côté,,,,,,,,,,,1,2,1,1,3
200600064139,0006-10-06 18:40:00,6,10,6,18,40,830,129,"154, MER (AVENUE DE LA)",,,Plein jour,En agglomération,Hors intersection,Normale,Autre collision,,,,,,,,,,,1,2,1,1,6
200600064140,0006-10-07 18:40:00,6,10,7,18,40,830,129,"000, LEVY (BOULEVARD DE)",,,Plein jour,En agglomération,Intersection en X,Normale,Deux véhicules - côté,,,,,,,,,,,1,2,2,1,3
200600064141,0006-10-11 18:25:00,6,10,11,18,25,830,129,JUIN MARECHAL (AV DU),,,Plein jour,En agglomération,Giratoire,Normale,Deux véhicules - frontale,,,,,,,,,,,1,2,6,1,1
200600064142,0006-10-15 09:15:00,6,10,15,9,15,830,129,"1351, KENNEDY (RUE)",,,Plein jour,En agglomération,Hors intersection,Normale,Autre collision,,,,,,,,,,,1,2,1,1,6
200600064143,0006-10-21 01:50:00,6,10,21,1,50,830,123,", EUROPE UNIE (AVENUE)",,,Nuit avec éclairage non allumé,En agglomération,Hors intersection,Pluie forte,Deux véhicules - côté,,,,,,,,,,,4,2,1,3,3
200600064144,0006-10-01 05:20:00,6,10,1,5,20,830,126,"0, BRUN (AV ROBERT)",,,Nuit avec éclairage allumé,Hors agglomération,Autre intersection,Temps couvert,Autre collision,,,,,,,,,,,5,1,9,8,6
200600064145,0006-10-04 16:15:00,6,10,4,16,15,830,126,CARMILLE ( AV DU GENERAL,,,Plein jour,En agglomération,Intersection en Y,Normale,Autre collision,,,,,,,,,,,1,2,4,1,6
200600064146,0006-10-06 21:10:00,6,10,6,21,10,830,126,CD63,,,Nuit avec éclairage allumé,En agglomération,Intersection en X,Normale,Deux véhicules - côté,,,,,,,,,,,5,2,2,1,3
200600064147,0006-10-09 15:45:00,6,10,9,15,45,830,126,GAGARINE (AV YOURI),,,Plein jour,En agglomération,Intersection à plus de 4 branches,Normale,Deux véhicules - côté,,,,,,,,,,,1,2,5,1,3
200600064148,0006-10-07 15:15:00,6,10,7,15,15,830,126,"0, PACHA (CORNICHE MICHE",,,Plein jour,En agglomération,Hors intersection,Normale,Deux véhicules - côté,,,,,,,,,,,1,2,1,1,3
200600064149,0006-10-11 15:25:00,6,10,11,15,25,830,126,LAMARQUE (AV JEAN ALBERT,,,Plein jour,En agglomération,Hors intersection,Normale,Deux véhicules - arrière,,,,,,,,,,,1,2,1,1,2
200600064150,0006-10-11 18:40:00,6,10,11,18,40,830,126,"0, KENNEDY (CARREFOUR)",,,Crépuscule ou aube,En agglomération,Intersection à plus de 4 branches,Normale,Autre collision,,,,,,,,,,,2,2,5,1,6
200600064151,0006-10-21 14:35:00,6,10,21,14,35,830,126,"92, IVALDI (AV JEAN BAPT",,,Plein jour,En agglomération,Hors intersection,Normale,Trois véhicules et plus - en chaîne,,,,,,,,,,,1,2,1,1,4
200600064152,0006-10-22 16:25:00,6,10,22,16,25,830,126,DE GAULLE (AV CHARLES),,,Plein jour,En agglomération,Hors intersection,Temps couvert,Autre collision,,,,,,,,,,,1,2,1,8,6
200600064153,0006-10-26 13:05:00,6,10,26,13,5,830,126,"371, PACHA (CORNICHE MIC",,,Plein jour,En agglomération,Hors intersection,Normale,Autre collision,,,,,,,,,,,1,2,1,1,6
200600064154,0006-10-30 07:45:00,6,10,30,7,45,830,126,DE GAULLE (AV CHARLES),,,Plein jour,En agglomération,Hors intersection,Normale,Autre collision,,,,,,,,,,,1,2,1,1,6
200600064155,0006-10-27 14:42:00,6,10,27,14,42,830,126,"0, ROME (ALLEE DE)",,,Crépuscule ou aube,Hors agglomération,Intersection en T,Normale,Deux véhicules - côté,,,,,,,,,,,2,1,3,1,3
200600064156,0006-10-27 17:00:00,6,10,27,17,0,830,126,"0, DE BUSSY (RUE CLAUDE)",,,Plein jour,En agglomération,Hors intersection,Normale,Autre collision,,,,,,,,,,,1,2,1,1,6
200600064157,0006-10-31 15:26:00,6,10,31,15,26,830,126,"0, CHAPPE (RUE CLAUDE)",,,Plein jour,En agglomération,Hors intersection,Normale,Autre collision,,,,,,,,,,,1,2,1,1,6
200600064158,0006-10-03 18:10:00,6,10,3,18,10,830,137,"804, PICOT (AVE DU COLON",,,Plein jour,En agglomération,Intersection en X,Normale,Trois véhicules et plus - collisions multiples,,,,,,,,,,,1,2,2,1,5
200600064159,0006-10-02 08:45:00,6,10,2,8,45,830,144,NATIONALE 97 (ROUTE),,,Plein jour,Hors agglomération,Hors intersection,Normale,Trois véhicules et plus - en chaîne,,,,,,,,,,,1,1,1,1,4
200600064160,0006-10-05 20:40:00,6,10,5,20,40,830,137,3EME RGT DES TIRAILLEURS,,,Nuit avec éclairage allumé,En agglomération,Intersection en X,Normale,Deux véhicules - côté,,,,,,,,,,,5,2,2,1,3
200600064161,0006-10-06 21:10:00,6,10,6,21,10,830,137,"95, LAFAYETTE (COURS)",,,Nuit avec éclairage allumé,En agglomération,Hors intersection,Normale,Autre collision,,,,,,,,,,,5,2,1,1,6
200600064162,0006-10-09 20:00:00,6,10,9,20,0,830,137,GASQUET (AVE JOSEPH DE 1,,,Nuit avec éclairage allumé,En agglomération,Hors intersection,Normale,Autre collision,,,,,,,,,,,5,2,1,1,6
200600064163,0006-10-07 14:20:00,6,10,7,14,20,830,144,LIBERATION (AVE DE LA),,,Plein jour,En agglomération,Hors intersection,Normale,Deux véhicules - arrière,,,,,,,,,,,1,2,1,1,2
200600064164,0006-10-07 00:01:00,6,10,7,0,1,830,103,BARRAGE (ROUTE DU),,,Nuit sans éclairage public,Hors agglomération,Hors intersection,Normale,Autre collision,,,,,,,,,,,3,1,1,1,6
200600064165,0006-10-10 18:10:00,6,10,10,18,10,830,137,"288, FONT PRE (AVE DE)",,,Plein jour,En agglomération,Intersection en Y,Normale,Autre collision,,,,,,,,,,,1,2,4,1,6
200600064166,0006-10-12 11:37:00,6,10,12,11,37,830,137,MAGNAQUE (RUE),,,Plein jour,En agglomération,Hors intersection,Normale,Sans collision,,,,,,,,,,,1,2,1,1,7
200600064167,0006-10-05 17:35:00,6,10,5,17,35,830,137,"885, MOULINS (AVE DES DE",,,Plein jour,En agglomération,Hors intersection,Normale,Autre collision,,,,,,,,,,,1,2,1,1,6