accident_id,datetime,annee,mois,jour,heure,minute,departement,commune_insee,adresse,latitude,longitude,luminosite,agglomeration,intersection,meteo,collision,nb_vehicules,nb_usagers,nb_indemnes,nb_tues,nb_blesses_hosp,nb_blesses_legers,age_cond_1,age_cond_2,veh_type_cond_1,veh_type_cond_2,lum_code,agg_code,int_code,atm_code,col_code
200600064297,0006-10-03 15:10:00,6,10,3,15,10,870,85,"25, BLANC LOUIS (BOULEVA",,,Plein jour,En agglomération,Hors intersection,Normale,Deux véhicules - arrière,,,,,,,,,,,1,2,1,1,2
200600064298,0006-10-04 11:35:00,6,10,4,11,35,870,85,RD2000 - LIMOGES,,,Plein jour,Hors agglomération,Hors intersection,Normale,Trois véhicules et plus - collisions multiples,,,,,,,,,,,1,1,1,1,5
200600064299,0006-10-05 09:05:00,6,10,5,9,5,870,85,"170, VANTEAUX (BOULEVARD",,,Plein jour,En agglomération,Hors intersection,Normale,Deux véhicules - arrière,,,,,,,,,,,1,2,1,1,2
200600064300,0006-10-05 20:11:00,6,10,5,20,11,870,85,"46, DUMAS (AVENUE GEORGE",,,Nuit avec éclairage allumé,En agglomération,Hors intersection,Pluie légère,Deux véhicules - arrière,,,,,,,,,,,5,2,1,2,2
200600064301,0006-10-06 08:50:00,6,10,6,8,50,870,85,", COUDERT (ECHANGEUR DU)",,,Plein jour,En agglomération,Autre intersection,Pluie légère,Sans collision,,,,,,,,,,,1,2,9,2,7
200600064302,0006-10-06 07:04:00,6,10,6,7,4,870,85,DETAILLE (RUE),,,Nuit avec éclairage allumé,Hors agglomération,Intersection en X,Pluie légère,Deux véhicules - côté,,,,,,,,,,,5,1,2,2,3
200600064303,0006-10-07 17:25:00,6,10,7,17,25,870,114,"1, WALLON (AVENUE HENRI-",,,Plein jour,En agglomération,Hors intersection,Normale,Sans collision,,,,,,,,,,,1,2,1,1,7
200600064304,0006-10-06 09:27:00,6,10,6,9,27,870,85,"184, LECLERC (AVENUE DU",,,Plein jour,En agglomération,Hors intersection,Autre,Trois véhicules et plus - en chaîne,,,,,,,,,,,1,2,1,9,4
200600064305,0006-10-06 15:00:00,6,10,6,15,0,870,85,MAS-BOUYOL  (CITE ET BOU,,,Plein jour,En agglomération,Hors intersection,Normale,Deux véhicules - arrière,,,,,,,,,,,1,2,1,1,2
200600064306,0006-10-07 08:24:00,6,10,7,8,24,870,114,"7, JAURES (IMPASSE JEAN-",,,Plein jour,En agglomération,Hors intersection,Normale,Autre collision,,,,,,,,,,,1,2,1,1,6
200600064307,0006-10-07 10:15:00,6,10,7,10,15,870,85,MAS-BOUYOL  (CITE ET BOU,,,Plein jour,En agglomération,Intersection en T,Normale,Deux véhicules - arrière,,,,,,,,,,,1,2,3,1,2
200600064308,0006-10-07 10:08:00,6,10,7,10,8,870,85,FEYTIAT (RUE DE),,,Plein jour,En agglomération,Hors intersection,Normale,Deux véhicules - côté,,,,,,,,,,,1,2,1,1,3
200600064309,0006-10-08 19:42:00,6,10,8,19,42,870,85,"32, HUGO (BOULEVARD VICT",,,Crépuscule ou aube,En agglomération,Hors intersection,Normale,Deux véhicules - côté,,,,,,,,,,,2,2,1,1,3
200600064310,0006-10-09 06:15:00,6,10,9,6,15,870,85,"202, LECLERC (AVENUE DU",,,Nuit avec éclairage allumé,En agglomération,Hors intersection,Normale,Deux véhicules - côté,,,,,,,,,,,5,2,1,1,3
200600064311,0006-10-09 12:53:00,6,10,9,12,53,870,85,"42, LATTRE-DE-TASSIGNY (",,,Plein jour,En agglomération,Intersection en X,Normale,Autre collision,,,,,,,,,,,1,2,2,1,6
200600064312,0006-10-09 17:54:00,6,10,9,17,54,870,85,"1, COLBERT (IMPASSE)",,,Plein jour,En agglomération,Intersection en T,Normale,Deux véhicules - côté,,,,,,,,,,,1,2,3,1,3
200600064313,0006-10-10 09:28:00,6,10,10,9,28,870,85,SCHUMAN (BOULEVARD ROBER,,,Plein jour,En agglomération,Hors intersection,Normale,Autre collision,,,,,,,,,,,1,2,1,1,6
200600064314,0006-10-11 07:45:00,6,10,11,7,45,870,85,PORT DU NAVEIX (RUE DU),,,Plein jour,En agglomération,Hors intersection,Pluie légère,Deux véhicules - arrière,,,,,,,,,,,1,2,1,2,2
200600064315,0006-10-11 10:15:00,6,10,11,10,15,870,85,"3, JAURES (RUE JEAN)",,,Plein jour,En agglomération,Hors intersection,Normale,Autre collision,,,,,,,,,,,1,2,1,1,6
200600064316,0006-10-11 14:25:00,6,10,11,14,25,870,85,MAS-BOUYOL  (CITE ET BOU,,,Plein jour,En agglomération,Hors intersection,Normale,Deux véhicules - côté,,,,,,,,,,,1,2,1,1,3
200600064317,0006-10-11 20:40:00,6,10,11,20,40,870,75,RD79,,,Nuit avec éclairage allumé,Hors agglomération,Hors intersection,Normale,Autre collision,,,,,,,,,,,5,1,1,1,6
200600064318,0006-10-12 07:56:00,6,10,12,7,56,870,85,SERRES (RUE OLIVIER DE),,,Nuit avec éclairage allumé,En agglomération,Intersection en T,Normale,Autre collision,,,,,,,,,,,5,2,3,1,6
200600064319,0006-10-12 08:05:00,6,10,12,8,5,870,85,MAS-BOUYOL  (CITE ET BOU,,,Plein jour,En agglomération,Hors intersection,Pluie légère,Deux véhicules - arrière,,,,,,,,,,,1,2,1,2,2
200600064320,0006-10-13 11:10:00,6,10,13,11,10,870,85,"2, TOURNY (CARREFOUR)",,,Plein jour,En agglomération,Intersection à plus de 4 branches,Normale,Deux véhicules - côté,,,,,,,,,,,1,2,5,1,3
200600064321,0006-10-14 09:50:00,6,10,14,9,50,870,85,"56, TARRADE (AVENUE ADRI",,,Plein jour,En agglomération,Intersection en X,Normale,Deux véhicules - arrière,,,,,,,,,,,1,2,2,1,2
200600064322,0006-10-14 16:20:00,6,10,14,16,20,870,85,"1, LIBERATION (AVENUE DE",,,Plein jour,En agglomération,Intersection en T,Normale,Autre collision,,,,,,,,,,,1,2,3,1,6
200600064323,0006-10-16 17:05:00,6,10,16,17,5,870,85,"21, DOMNOLET LAFARGE (RU",,,Plein jour,En agglomération,Hors intersection,Normale,Autre collision,,,,,,,,,,,1,2,1,1,6
200600064324,0006-10-18 09:50:00,6,10,18,9,50,870,85,"82, GARIBALDI (AVENUE)",,,Plein jour,En agglomération,Hors intersection,Normale,Autre collision,,,,,,,,,,,1,2,1,1,6
200600064325,0006-10-18 14:50:00,6,10,18,14,50,870,85,"114, PERRIN (RUE FRANCOI",,,Plein jour,En agglomération,Hors intersection,Normale,Autre collision,,,,,,,,,,,1,2,1,1,6
200600064326,0006-10-18 17:10:00,6,10,18,17,10,870,85,"35, GARIBALDI (AVENUE)",,,Plein jour,En agglomération,Intersection en X,Normale,Deux véhicules - côté,,,,,,,,,,,1,2,2,1,3
200600064327,0006-10-18 17:35:00,6,10,18,17,35,870,85,"93D, LEGENDRE (RUE CHARL",,,Plein jour,En agglomération,Autre intersection,Normale,Deux véhicules - côté,,,,,,,,,,,1,2,9,1,3
200600064328,0006-10-18 21:00:00,6,10,18,21,0,870,85,AUTOROUTE A20,,,Nuit avec éclairage allumé,Hors agglomération,Hors intersection,Normale,Sans collision,,,,,,,,,,,5,1,1,1,7
200600064329,0006-10-19 07:50:00,6,10,19,7,50,870,85,"26, VARLIN (RUE EUGENE)",,,Nuit sans éclairage public,En agglomération,Hors intersection,Pluie légère,Deux véhicules - côté,,,,,,,,,,,3,2,1,2,3
200600064330,0006-10-19 12:45:00,6,10,19,12,45,870,85,"90, MONTMAILLER (RUE)",,,Plein jour,En agglomération,Intersection en X,Normale,Deux véhicules - côté,,,,,,,,,,,1,2,2,1,3
200600064331,0006-10-19 15:35:00,6,10,19,15,35,870,85,"6, PALISSY (RUE BERNARD)",,,Plein jour,En agglomération,Hors intersection,Pluie légère,Autre collision,,,,,,,,,,,1,2,1,2,6
200600064332,0006-10-20 13:47:00,6,10,20,13,47,870,85,"1, BARBES (RUE ARMAND)",,,Plein jour,En agglomération,Hors intersection,Pluie légère,Deux véhicules - arrière,,,,,,,,,,,1,2,1,2,2
200600064333,0006-10-21 08:45:00,6,10,21,8,45,870,85,"2, BEAUVAIS (RUE DE)",,,Plein jour,Hors agglomération,Hors intersection,Normale,Autre collision,,,,,,,,,,,1,1,1,1,6
200600064334,0006-10-21 18:58:00,6,10,21,18,58,870,65,AUTOROUTE A20,,,Crépuscule ou aube,Hors agglomération,Hors intersection,Pluie forte,Autre collision,,,,,,,,,,,2,1,1,3,6
200600064335,0006-10-21 19:07:00,6,10,21,19,7,870,85,"31, REVOLUTION (AVENUE D",,,Nuit avec éclairage allumé,En agglomération,Intersection en X,Pluie légère,Autre collision,,,,,,,,,,,5,2,2,2,6
200600064336,0006-10-22 21:50:00,6,10,22,21,50,870,85,"6, CARNOT (PLACE SADI)",,,Nuit avec éclairage allumé,En agglomération,Hors intersection,Normale,Autre collision,,,,,,,,,,,5,2,1,1,6
200600064337,0006-10-23 07:18:00,6,10,23,7,18,870,85,"6, CHURCHILL WINSTON (PL",,,Nuit avec éclairage allumé,En agglomération,Hors intersection,Pluie légère,Autre collision,,,,,,,,,,,5,2,1,2,6
200600064338,0006-10-25 05:40:00,6,10,25,5,40,870,85,AUTOROUTE A20,,,Nuit sans éclairage public,Hors agglomération,Hors intersection,Normale,Autre collision,,,,,,,,,,,3,1,1,1,6
200600064339,0006-10-24 18:45:00,6,10,24,18,45,870,85,"65, ZOLA (RUE EMILE)",,,Plein jour,En agglomération,Hors intersection,Normale,Autre collision,,,,,,,,,,,1,2,1,1,6
200600064340,0006-10-25 12:40:00,6,10,25,12,40,870,85,"2, MARGAINE (ROND POINT)",,,Plein jour,En agglomération,Giratoire,Normale,Deux véhicules - côté,,,,,,,,,,,1,2,6,1,3
200600064341,0006-10-27 06:40:00,6,10,27,6,40,870,75,RD79,,,Nuit sans éclairage public,Hors agglomération,Hors intersection,Normale,Autre collision,,,,,,,,,,,3,1,1,1,6
200600064342,0006-10-27 07:45:00,6,10,27,7,45,870,85,"99, BELLAC (RUE DE)",,,Nuit avec éclairage allumé,En agglomération,Intersection en X,Normale,Deux véhicules - côté,,,,,,,,,,,5,2,2,1,3
200600064343,0006-10-27 18:00:00,6,10,27,18,0,870,85,"120, TOULOUSE (RUE DE)",,,Plein jour,En agglomération,Hors intersection,Normale,Deux véhicules - frontale,,,,,,,,,,,1,2,1,1,1
200600064344,0006-10-30 14:15:00,6,10,30,14,15,870,85,"84, FEYTIAT (RUE DE)",,,Plein jour,En agglomération,Hors intersection,Normale,Autre collision,,,,,,,,,,,1,2,1,1,6
200600064345,0006-10-30 18:40:00,6,10,30,18,40,870,85,Georges GUINGOUIN(rue),,,Nuit avec éclairage allumé,En agglomération,Intersection en X,Normale,Deux véhicules - côté,,,,,,,,,,,5,2,2,1,3
200600064346,0006-10-05 11:45:00,6,10,5,11,45,880,209,"1, DOMEVRE (RUE DE)",,,Plein jour,Hors agglomération,Intersection en X,Normale,Deux véhicules - côté,,,,,,,,,,,1,1,2,1,3
200600064347,0006-10-31 11:15:00,6,10,31,11,15,880,160,"11, BARRES (AV.MAURICE-)",,,Plein jour,En agglomération,Intersection en X,Normale,Deux véhicules - côté,,,,,,,,,,,1,2,2,1,3
200600064348,0006-10-09 21:25:00,6,10,9,21,25,880,160,"39, KENNEDY (AV. PRESIDE",,,Nuit avec éclairage allumé,En agglomération,Hors intersection,Normale,Deux véhicules - côté,,,,,,,,,,,5,2,1,1,3
200600064349,0006-10-09 15:15:00,6,10,9,15,15,880,160,"2, FERRY (Q. JULES-)",,,Plein jour,En agglomération,Intersection en X,Normale,Deux véhicules - côté,,,,,,,,,,,1,2,2,1,3
200600064350,0006-10-13 11:05:00,6,10,13,11,5,880,209,"1, LOUVROIE (RUE DE LA)",,,Plein jour,En agglomération,Intersection en X,Normale,Deux véhicules - côté,,,,,,,,,,,1,2,2,1,3
200600064351,0006-10-31 16:55:00,6,10,31,16,55,880,209,"2, ABBE HAUSTETE (RUE)",,,Plein jour,En agglomération,Intersection en X,Normale,Deux véhicules - côté,,,,,,,,,,,1,2,2,1,3
200600064352,0006-10-07 22:00:00,6,10,7,22,0,880,429,"13, Rue du Rang de Vesau",,,Nuit avec éclairage allumé,En agglomération,Hors intersection,Normale,Autre collision,,,,,,,,,,,5,2,1,1,6
200600064353,0006-10-14 02:15:00,6,10,14,2,15,880,383,Route de Plombières,,,Nuit avec éclairage allumé,En agglomération,Intersection en T,Brouillard / fumée,Deux véhicules - côté,,,,,,,,,,,5,2,3,5,3
200600064354,0006-10-02 18:15:00,6,10,2,18,15,880,413,RN 59,,,Crépuscule ou aube,Hors agglomération,Hors intersection,Pluie forte,Deux véhicules - arrière,,,,,,,,,,,2,1,1,3,2
200600064355,0006-10-03 13:20:00,6,10,3,13,20,880,424,"0, Alsace ( Rue d ' )",,,Plein jour,En agglomération,Hors intersection,Pluie forte,Deux véhicules - côté,,,,,,,,,,,1,2,1,3,3
200600064356,0006-10-15 18:15:00,6,10,15,18,15,880,413,"0, Pierre ( rue du Colon",,,Plein jour,En agglomération,Autre intersection,Normale,Deux véhicules - frontale,,,,,,,,,,,1,2,9,1,1
200600064357,0006-10-16 15:10:00,6,10,16,15,10,880,413,"12, Torrent  ( Quai du",,,Plein jour,En agglomération,Hors intersection,Normale,Deux véhicules - frontale,,,,,,,,,,,1,2,1,1,1
200600064358,0006-10-16 16:05:00,6,10,16,16,5,880,413,"0, Rue du 31éme BCP",,,Plein jour,En agglomération,Hors intersection,Normale,Autre collision,,,,,,,,,,,1,2,1,1,6
200600064359,0006-10-19 19:15:00,6,10,19,19,15,880,413,"0, Résistance ( Quai de",,,Nuit avec éclairage allumé,En agglomération,Hors intersection,Temps couvert,Sans collision,,,,,,,,,,,5,2,1,8,7
200600064360,0006-10-24 16:45:00,6,10,24,16,45,880,463,"0, Saint Georges ( Chemi",,,Plein jour,Hors agglomération,Hors intersection,Normale,Deux véhicules - frontale,,,,,,,,,,,1,1,1,1,1
200600064361,0006-10-15 16:58:00,6,10,15,16,58,880,413,"0, Ortimont  ( rue d' )",,,Plein jour,En agglomération,Hors intersection,Normale,Autre collision,,,,,,,,,,,1,2,1,1,6
200600064362,0006-10-05 07:05:00,6,10,5,7,5,890,24,"00, JEAN JAURES (AVENUE)",,,Plein jour,En agglomération,Intersection en X,Normale,Deux véhicules - côté,,,,,,,,,,,1,2,2,1,3
200600064363,0006-10-09 07:50:00,6,10,9,7,50,890,24,"00, MAX BLONDAT (RUE)",,,Plein jour,En agglomération,Intersection en T,Normale,Deux véhicules - côté,,,,,,,,,,,1,2,3,1,3
200600064364,0006-10-31 18:00:00,6,10,31,18,0,890,24,"89, SAINT-GEORGES (AVENU",,,Nuit avec éclairage allumé,En agglomération,Hors intersection,Normale,Deux véhicules - côté,,,,,,,,,,,5,2,1,1,3
200600064365,0006-10-19 14:25:00,6,10,19,14,25,890,24,R.N 77,,,Plein jour,Hors agglomération,Hors intersection,Normale,Sans collision,,,,,,,,,,,1,1,1,1,7
200600064366,0006-10-05 07:30:00,6,10,5,7,30,890,387,"0, LECH WALESA (PLACE)",,,Crépuscule ou aube,En agglomération,Hors intersection,Normale,Deux véhicules - côté,,,,,,,,,,,2,2,1,1,3
200600064367,0006-10-31 23:05:00,6,10,31,23,5,890,387,"0, PONT NEUF (BOULEVARD",,,Nuit avec éclairage allumé,En agglomération,Intersection en X,Normale,Deux véhicules - côté,,,,,,,,,,,5,2,2,1,3
200600064368,0006-10-01 17:30:00,6,10,1,17,30,900,10,"21, MOULIN (AVENUE JEAN)",,,Crépuscule ou aube,En agglomération,Hors intersection,Normale,Autre collision,,,,,,,,,,,2,2,1,1,6
200600064369,0006-10-03 19:25:00,6,10,3,19,25,900,99,"1, ZOLA (RUE EMILE)",,,Nuit avec éclairage allumé,En agglomération,Passage à niveau,Pluie forte,Deux véhicules - côté,,,,,,,,,,,5,2,8,3,3
200600064370,0006-10-03 19:26:00,6,10,3,19,26,900,99,"1, VIEIL ARMAND (RUE DU)",,,Nuit avec éclairage allumé,En agglomération,Intersection en Y,Pluie forte,Deux véhicules - côté,,,,,,,,,,,5,2,4,3,3
200600064371,0006-10-08 15:20:00,6,10,8,15,20,900,10,JAURES (AVENUE JEAN) A 1,,,Plein jour,En agglomération,Intersection en T,Normale,Deux véhicules - côté,,,,,,,,,,,1,2,3,1,3
200600064372,0006-10-14 00:50:00,6,10,14,0,50,900,10,"12, JUIN (AVENUE DU MARE",,,Nuit avec éclairage allumé,En agglomération,Hors intersection,Normale,Autre collision,,,,,,,,,,,5,2,1,1,6
200600064373,0006-10-16 17:20:00,6,10,16,17,20,900,10,"35, HERRIOT (RUE EDOUARD",,,Plein jour,En agglomération,Hors intersection,Normale,Deux véhicules - arrière,,,,,,,,,,,1,2,1,1,2
200600064374,0006-10-17 01:50:00,6,10,17,1,50,900,39,DE GAULLE (RUE DU GENERA,,,Nuit avec éclairage allumé,En agglomération,Hors intersection,Normale,Autre collision,,,,,,,,,,,5,2,1,1,6
200600064375,0006-10-17 18:15:00,6,10,17,18,15,900,32,DE GAULLE (RUE DU GENERA,,,Crépuscule ou aube,En agglomération,Hors intersection,Normale,Deux véhicules - arrière,,,,,,,,,,,2,2,1,1,2
200600064376,0006-10-21 22:13:00,6,10,21,22,13,900,10,RABIN (PLACE YITZHAK),,,Nuit avec éclairage allumé,En agglomération,Hors intersection,Pluie légère,Deux véhicules - arrière,,,,,,,,,,,5,2,1,2,2
200600064377,0006-10-26 07:00:00,6,10,26,7,0,900,10,BESANCON (FAUBOURG DE),,,Nuit avec éclairage allumé,En agglomération,Intersection en T,Normale,Deux véhicules - côté,,,,,,,,,,,5,2,3,1,3
200600064378,0006-10-27 15:00:00,6,10,27,15,0,900,39,"12, DE GAULLE (RUE DU GE",,,Plein jour,En agglomération,Hors intersection,Pluie légère,Autre collision,,,,,,,,,,,1,2,1,2,6
200600064379,0006-10-29 15:25:00,6,10,29,15,25,900,10,"1, ALEMBERT (RUE D')",,,Plein jour,En agglomération,Hors intersection,Normale,Deux véhicules - côté,,,,,,,,,,,1,2,1,1,3
200600064380,0006-10-31 09:50:00,6,10,31,9,50,900,10,"40, GAULARD (RUE)",,,Plein jour,En agglomération,Autre intersection,Normale,Autre collision,,,,,,,,,,,1,2,9,1,6
200600064381,0006-10-16 09:15:00,6,10,16,9,15,910,21,"23, JAURES JEAN (BOULEVA",,,Plein jour,En agglomération,Hors intersection,Normale,Autre collision,,,,,,,,,,,1,2,1,1,6
200600064382,0006-10-12 10:20:00,6,10,12,10,20,910,103,"83, BLUM LEON (RUE)",,,Plein jour,En agglomération,Intersection en T,Pluie légère,Deux véhicules - côté,,,,,,,,,,,1,2,3,2,3
200600064383,0006-10-04 11:10:00,6,10,4,11,10,910,479,HUGO (AVENUE VICTOR),,,Plein jour,En agglomération,Intersection en X,Normale,Deux véhicules - côté,,,,,,,,,,,1,2,2,1,3
200600064384,0006-10-11 16:10:00,6,10,11,16,10,910,27,"0, BLUM (AVENUE LEON)",,,Plein jour,En agglomération,Intersection en X,Normale,Autre collision,,,,,,,,,,,1,2,2,1,6
200600064385,0006-10-23 18:15:00,6,10,23,18,15,910,27,"180, MITTERAND (AVENUE F",,,Plein jour,En agglomération,Hors intersection,Normale,Autre collision,,,,,,,,,,,1,2,1,1,6
200600064386,0006-10-28 17:10:00,6,10,28,17,10,910,27,"0, GARROS (RUE ROLLAND)",,,Plein jour,En agglomération,Intersection en X,Normale,Autre collision,,,,,,,,,,,1,2,2,1,6
200600064387,0006-10-02 07:45:00,6,10,2,7,45,910,215,BOUSSY (RUE DE),,,Crépuscule ou aube,En agglomération,Hors intersection,Normale,Deux véhicules - arrière,,,,,,,,,,,2,2,1,1,2
200600064388,0006-10-02 07:55:00,6,10,2,7,55,910,514,CD 33,,,Crépuscule ou aube,En agglomération,Hors intersection,Normale,Deux véhicules - côté,,,,,,,,,,,2,2,1,1,3
200600064389,0006-10-02 19:15:00,6,10,2,19,15,910,114,TALMA (RUE),,,Plein jour,En agglomération,Hors intersection,Normale,Deux véhicules - côté,,,,,,,,,,,1,2,1,1,3
200600064390,0006-10-10 08:30:00,6,10,10,8,30,910,114,GENERAL LECLERC (AVENUE,,,Plein jour,En agglomération,Hors intersection,Temps couvert,Deux véhicules - côté,,,,,,,,,,,1,2,1,8,3
200600064391,0006-10-18 20:55:00,6,10,18,20,55,910,215,MARECHAL NEY (RUE DU),,,Nuit avec éclairage allumé,En agglomération,Hors intersection,Normale,Deux véhicules - côté,,,,,,,,,,,5,2,1,1,3
200600064392,0006-10-20 20:50:00,6,10,20,20,50,910,514,GARE SNCF ET PARKING,,,Nuit sans éclairage public,En agglomération,Hors intersection,Normale,Sans collision,,,,,,,,,,,3,2,1,1,7
200600064393,0006-10-09 11:30:00,6,10,9,11,30,910,174,"16, FERAY ( rue )",,,Plein jour,En agglomération,Hors intersection,Normale,Autre collision,,,,,,,,,,,1,2,1,1,6
200600064394,0006-10-09 19:00:00,6,10,9,19,0,910,174,"0, ANGOULEME(RUE D')",,,Crépuscule ou aube,En agglomération,Intersection en T,Normale,Autre collision,,,,,,,,,,,2,2,3,1,6
200600064395,0006-10-14 09:00:00,6,10,14,9,0,910,174,"55, BERT(RUE PAUL)",,,Plein jour,En agglomération,Hors intersection,Normale,Deux véhicules - frontale,,,,,,,,,,,1,2,1,1,1
200600064396,0006-10-23 19:20:00,6,10,23,19,20,910,174,"67, DUNANT ( BD HENRI)",,,Nuit avec éclairage allumé,En agglomération,Hors intersection,Normale,Deux véhicules - arrière,,,,,,,,,,,5,2,1,1,2
200600064397,0006-10-02 08:40:00,6,10,2,8,40,910,657,TOURELLE (AVENUE DE LA ),,,Plein jour,En agglomération,Hors intersection,Pluie légère,Deux véhicules - arrière,,,,,,,,,,,1,2,1,2,2
200600064398,0006-10-02 15:45:00,6,10,2,15,45,910,201,HENRI BARBUSSE(BOULEVARD,,,Plein jour,En agglomération,Hors intersection,Pluie légère,Deux véhicules - côté,,,,,,,,,,,1,2,1,2,3
200600064399,0006-10-06 14:05:00,6,10,6,14,5,910,201,HENRI BARBUSSE(BOULEVARD,,,Plein jour,En agglomération,Hors intersection,Normale,Deux véhicules - arrière,,,,,,,,,,,1,2,1,1,2
200600064400,0006-10-06 17:20:00,6,10,6,17,20,910,201,PIERRE BROSSOLETTE (RUE),,,Plein jour,En agglomération,Intersection en X,Normale,Deux véhicules - côté,,,,,,,,,,,1,2,2,1,3
200600064401,0006-10-07 20:50:00,6,10,7,20,50,910,201,CHEMIN(RUE DU),,,Nuit avec éclairage allumé,En agglomération,Intersection en X,Normale,Deux véhicules - côté,,,,,,,,,,,5,2,2,1,3
200600064402,0006-10-14 22:35:00,6,10,14,22,35,910,201,DOCTEUR DESBORDES(RUE DU,,,Nuit avec éclairage allumé,En agglomération,Intersection en X,Normale,Deux véhicules - côté,,,,,,,,,,,5,2,2,1,3
200600064403,0006-10-14 02:00:00,6,10,14,2,0,910,657,JEAN MOULIN (PLACE),,,Nuit avec éclairage allumé,En agglomération,Hors intersection,Normale,Autre collision,,,,,,,,,,,5,2,1,1,6
200600064404,0006-10-25 17:00:00,6,10,25,17,0,910,201,BOIS(AVENUE DU),,,Crépuscule ou aube,En agglomération,Hors intersection,Normale,Sans collision,,,,,,,,,,,2,2,1,1,7
200600064405,0006-10-27 08:00:00,6,10,27,8,0,910,657,PRESIDENT ROBERT LAKOTA,,,Plein jour,En agglomération,Hors intersection,Pluie légère,Autre collision,,,,,,,,,,,1,2,1,2,6
200600064406,0006-10-31 16:30:00,6,10,31,16,30,910,201,JACQUELINE JEUNON(RUE),,,Plein jour,Hors agglomération,Hors intersection,Normale,Deux véhicules - arrière,,,,,,,,,,,1,1,1,1,2
200600064407,0006-10-11 17:15:00,6,10,11,17,15,910,433,R.N. 20,,,Plein jour,Hors agglomération,Hors intersection,Normale,Autre collision,,,,,,,,,,,1,1,1,1,6
200600064408,0006-10-29 18:00:00,6,10,29,18,0,910,433,R.N. 20,,,Nuit sans éclairage public,Hors agglomération,Hors intersection,Normale,Sans collision,,,,,,,,,,,3,1,1,1,7
200600064409,0006-10-03 08:35:00,6,10,3,8,35,910,521,"., REMY (RUE ALBERT)",,,Plein jour,En agglomération,Hors intersection,Pluie légère,Trois véhicules et plus - en chaîne,,,,,,,,,,,1,2,1,2,4
200600064410,0006-10-03 17:30:00,6,10,3,17,30,910,182,"., MARQUIS DE RAIES (RUE",,,Plein jour,En agglomération,Hors intersection,Temps couvert,Autre collision,,,,,,,,,,,1,2,1,8,6
200600064411,0006-10-07 14:15:00,6,10,7,14,15,910,228,"., NOWY TARG (AVENUE)",,,Plein jour,En agglomération,Hors intersection,Normale,Autre collision,,,,,,,,,,,1,2,1,1,6
200600064412,0006-10-12 08:00:00,6,10,12,8,0,910,228,FRANCE (BD) N° IMPAIR,,,Nuit avec éclairage allumé,En agglomération,Hors intersection,Normale,Autre collision,,,,,,,,,,,5,2,1,1,6
200600064413,0006-10-12 16:30:00,6,10,12,16,30,910,228,CROIZAT (RUE AMBROISE),,,Plein jour,En agglomération,Hors intersection,Temps couvert,Autre collision,,,,,,,,,,,1,2,1,8,6
200600064414,0006-10-16 11:45:00,6,10,16,11,45,910,521,"50, GRIGNY (ROUTE DE)",,,Plein jour,En agglomération,Hors intersection,Normale,Autre collision,,,,,,,,,,,1,2,1,1,6
200600064415,0006-10-20 08:15:00,6,10,20,8,15,910,521,CURIE (RUE PIERRE),,,Plein jour,En agglomération,Intersection en T,Pluie légère,Deux véhicules - côté,,,,,,,,,,,1,2,3,2,3
200600064416,0006-10-24 17:55:00,6,10,24,17,55,910,228,DECAUVILLE (BOULEVARD),,,Crépuscule ou aube,En agglomération,Hors intersection,Pluie légère,Autre collision,,,,,,,,,,,2,2,1,2,6
200600064417,0006-10-26 18:00:00,6,10,26,18,0,910,228,COQUIBUS(BD),,,Crépuscule ou aube,En agglomération,Hors intersection,Normale,Deux véhicules - arrière,,,,,,,,,,,2,2,1,1,2
200600064418,0006-10-26 19:20:00,6,10,26,19,20,910,228,CROIZAT (RUE AMBROISE),,,Nuit avec éclairage allumé,En agglomération,Giratoire,Normale,Deux véhicules - côté,,,,,,,,,,,5,2,6,1,3
200600064419,0006-10-12 17:30:00,6,10,12,17,30,910,687,"0, GENERAL DE GAULLE (AV",,,Plein jour,En agglomération,Intersection en X,Normale,Trois véhicules et plus - collisions multiples,,,,,,,,,,,1,2,2,1,5
200600064420,0006-10-12 22:32:00,6,10,12,22,32,910,161,"01, PIERRE CURIE (RUE)",,,Nuit avec éclairage non allumé,En agglomération,Hors intersection,Normale,Autre collision,,,,,,,,,,,4,2,1,1,6
200600064421,0006-10-23 08:00:00,6,10,23,8,0,910,161,"01, PIERRE MENDES FRANCE",,,Plein jour,En agglomération,Hors intersection,Normale,Autre collision,,,,,,,,,,,1,2,1,1,6
200600064422,0006-10-24 21:40:00,6,10,24,21,40,910,377,"6, KENNEDY (AVENUE DU PR",,,Nuit avec éclairage allumé,En agglomération,Hors intersection,Normale,Deux véhicules - arrière,,,,,,,,,,,5,2,1,1,2
200600064423,0006-10-02 14:40:00,6,10,2,14,40,910,421,"00, REPUBLIQUE (AVENUE D",,,Plein jour,En agglomération,Intersection en X,Pluie légère,Deux véhicules - frontale,,,,,,,,,,,1,2,2,2,1
200600064424,0006-10-02 14:55:00,6,10,2,14,55,910,191,"4, REPUBLIQUE (AVENUE DE",,,Plein jour,En agglomération,Hors intersection,Pluie légère,Trois véhicules et plus - collisions multiples,,,,,,,,,,,1,2,1,2,5
200600064425,0006-10-04 13:45:00,6,10,4,13,45,910,421,"00, GENERAL LECLERC (RUE",,,Plein jour,En agglomération,Hors intersection,Normale,Sans collision,,,,,,,,,,,1,2,1,1,7
200600064426,0006-10-06 15:30:00,6,10,6,15,30,910,691,PIERRE DE COUBERTIN(RUE),,,Plein jour,En agglomération,Hors intersection,Normale,Deux véhicules - arrière,,,,,,,,,,,1,2,1,1,2