accident_id,datetime,annee,mois,jour,heure,minute,departement,commune_insee,adresse,latitude,longitude,luminosite,agglomeration,intersection,meteo,collision,nb_vehicules,nb_usagers,nb_indemnes,nb_tues,nb_blesses_hosp,nb_blesses_legers,age_cond_1,age_cond_2,veh_type_cond_1,veh_type_cond_2,lum_code,agg_code,int_code,atm_code,col_code
200600064427,0006-10-07 19:00:00,6,10,7,19,0,910,421,NATIONALE 6 (GLACIERE),,,Crépuscule ou aube,Hors agglomération,Hors intersection,Normale,Deux véhicules - arrière,,,,,,,,,,,2,1,1,1,2
200600064428,0006-10-08 17:55:00,6,10,8,17,55,910,691,PASTEUR(RUE),,,Plein jour,En agglomération,Intersection en X,Normale,Deux véhicules - côté,,,,,,,,,,,1,2,2,1,3
200600064429,0006-10-19 21:10:00,6,10,19,21,10,910,691,"11, HENRI BARBUSSE(RUE)D",,,Nuit avec éclairage allumé,En agglomération,Hors intersection,Pluie légère,Deux véhicules - côté,,,,,,,,,,,5,2,1,2,3
200600064430,0006-10-23 06:55:00,6,10,23,6,55,910,421,NATIONALE 6 (PARTIE FORE,,,Nuit avec éclairage allumé,Hors agglomération,Hors intersection,Temps couvert,Deux véhicules - arrière,,,,,,,,,,,5,1,1,8,2
200600064431,0006-10-24 17:55:00,6,10,24,17,55,910,421,NATIONALE 6 (CES POMPIDO,,,Plein jour,Hors agglomération,Hors intersection,Temps couvert,Deux véhicules - arrière,,,,,,,,,,,1,1,1,8,2
200600064432,0006-10-28 07:20:00,6,10,28,7,20,910,691,RAYMOND POINCARE(RUE),,,Nuit avec éclairage allumé,En agglomération,Intersection en X,Pluie légère,Deux véhicules - arrière,,,,,,,,,,,5,2,2,2,2
200600064433,0006-10-30 11:10:00,6,10,30,11,10,910,191,"90 D, JEAN JAURES (AVENU",,,Plein jour,En agglomération,Hors intersection,Normale,Deux véhicules - arrière,,,,,,,,,,,1,2,1,1,2
200600064434,0006-10-31 11:10:00,6,10,31,11,10,910,421,"5, BERANGER (RUE)",,,Plein jour,En agglomération,Hors intersection,Normale,Autre collision,,,,,,,,,,,1,2,1,1,6
200600064435,0006-10-04 15:45:00,6,10,4,15,45,910,471,"0, FERME (RUE DE LA)",,,Plein jour,En agglomération,Giratoire,Normale,Deux véhicules - côté,,,,,,,,,,,1,2,6,1,3
200600064436,0006-10-03 10:20:00,6,10,3,10,20,910,692,R.N 446,,,Plein jour,Hors agglomération,Hors intersection,Pluie légère,Deux véhicules - côté,,,,,,,,,,,1,1,1,2,3
200600064437,0006-10-13 17:30:00,6,10,13,17,30,910,471,"123, PARIS (RUE DE)",,,Plein jour,En agglomération,Hors intersection,Normale,Autre collision,,,,,,,,,,,1,2,1,1,6
200600064438,0006-10-18 16:30:00,6,10,18,16,30,910,692,"allée 29, CENTRE COMMERC",,,Plein jour,En agglomération,Hors intersection,Normale,Autre collision,,,,,,,,,,,1,2,1,1,6
200600064439,0006-10-26 09:20:00,6,10,26,9,20,910,692,TROPIQUES (AVENUE DES),,,Plein jour,Hors agglomération,Intersection en T,Normale,Deux véhicules - arrière,,,,,,,,,,,1,1,3,1,2
200600064440,0006-10-06 11:30:00,6,10,6,11,30,910,471,"43, CHARTRES (ROUTE DE)",,,Plein jour,En agglomération,Intersection en X,Normale,Deux véhicules - côté,,,,,,,,,,,1,2,2,1,3
200600064441,0006-10-20 08:35:00,6,10,20,8,35,910,477,GARE DE LOZERE (PLACE DE,,,Plein jour,En agglomération,Hors intersection,Pluie légère,Autre collision,,,,,,,,,,,1,2,1,2,6
200600064442,0006-10-20 11:00:00,6,10,20,11,0,910,471,"18, CHARLES DE GAULLE (R",,,Plein jour,En agglomération,Hors intersection,Pluie légère,Deux véhicules - côté,,,,,,,,,,,1,2,1,2,3
200600064443,0006-10-19 08:30:00,6,10,19,8,30,910,477,"1, GUTEMBERG (RUE)",,,Plein jour,En agglomération,Hors intersection,Normale,Sans collision,,,,,,,,,,,1,2,1,1,7
200600064444,0006-10-28 06:50:00,6,10,28,6,50,910,471,", MONDETOUR (BOULEVARD D",,,Nuit avec éclairage allumé,En agglomération,Intersection en X,Brouillard / fumée,Deux véhicules - côté,,,,,,,,,,,5,2,2,5,3
200600064445,0006-10-03 21:10:00,6,10,3,21,10,910,667,"62, GARDES MESSIERS (AVE",,,Nuit sans éclairage public,En agglomération,Hors intersection,Normale,Deux véhicules - frontale,,,,,,,,,,,3,2,1,1,1
200600064446,0006-10-07 16:35:00,6,10,7,16,35,910,570,"1, SAINTE GENEVIEVE (RUE",,,Plein jour,En agglomération,Hors intersection,Normale,Deux véhicules - arrière,,,,,,,,,,,1,2,1,1,2
200600064447,0006-10-15 11:20:00,6,10,15,11,20,910,549,"1, GABRIEL PERI (AVENUE)",,,Plein jour,En agglomération,Hors intersection,Normale,Deux véhicules - côté,,,,,,,,,,,1,2,1,1,3
200600064448,0006-10-18 08:45:00,6,10,18,8,45,910,667,"117, CORBEIL (ROUTE)",,,Plein jour,En agglomération,Hors intersection,Normale,Deux véhicules - arrière,,,,,,,,,,,1,2,1,1,2
200600064449,0006-10-28 17:30:00,6,10,28,17,30,910,570,"1, CONDORCET (AVENUE)",,,Plein jour,En agglomération,Intersection en X,Pluie légère,Deux véhicules - côté,,,,,,,,,,,1,2,2,2,3
200600064450,0006-10-28 18:55:00,6,10,28,18,55,910,549,"1, ROND POINT CROIX BLAN",,,Crépuscule ou aube,En agglomération,Hors intersection,Normale,Deux véhicules - arrière,,,,,,,,,,,2,2,1,1,2
200600064451,0006-10-04 21:57:00,6,10,4,21,57,910,589,BRIAND (BOULEVARD ARISTI,,,Nuit avec éclairage allumé,En agglomération,Intersection en X,Normale,Deux véhicules - frontale,,,,,,,,,,,5,2,2,1,1
200600064452,0006-10-30 07:58:00,6,10,30,7,58,910,432,"ANGLE, BRIAND (AVENUE AR",,,Crépuscule ou aube,En agglomération,Intersection en T,Normale,Deux véhicules - côté,,,,,,,,,,,2,2,3,1,3
200600064453,0006-10-01 18:05:00,6,10,1,18,5,920,2,"174, SOURCES PROLONGEES",,,Plein jour,En agglomération,Hors intersection,Normale,Autre collision,,,,,,,,,,,1,2,1,1,6
200600064454,0006-10-04 11:55:00,6,10,4,11,55,920,14,"2, VICTOR HUGO (AVENUE)",,,Plein jour,En agglomération,Intersection en X,Temps couvert,Deux véhicules - côté,,,,,,,,,,,1,2,2,8,3
200600064455,0006-10-19 17:35:00,6,10,19,17,35,920,2,"., VELPEAU (RUE)",,,Plein jour,En agglomération,Intersection en X,Normale,Autre collision,,,,,,,,,,,1,2,2,1,6
200600064456,0006-10-28 14:30:00,6,10,28,14,30,920,2,FONTAINE MOUTON (AVENUE,,,Plein jour,En agglomération,Hors intersection,Normale,Autre collision,,,,,,,,,,,1,2,1,1,6
200600064457,0006-10-02 12:30:00,6,10,2,12,30,920,4,"141, VOLTAIRE ( BD )",,,Plein jour,En agglomération,Hors intersection,Pluie légère,Autre collision,,,,,,,,,,,1,2,1,2,6
200600064458,0006-10-03 12:50:00,6,10,3,12,50,920,4,"8, GRANDE RUE CHARLES DE",,,Plein jour,En agglomération,Intersection en T,Pluie légère,Autre collision,,,,,,,,,,,1,2,3,2,6
200600064459,0006-10-14 21:30:00,6,10,14,21,30,920,4,HENRI POINCARE,,,Nuit avec éclairage allumé,En agglomération,Hors intersection,Normale,Deux véhicules - arrière,,,,,,,,,,,5,2,1,1,2
200600064460,0006-10-19 18:05:00,6,10,19,18,5,920,9,"82, FAIDHERBE ( RUE )",,,Plein jour,En agglomération,Hors intersection,Normale,Autre collision,,,,,,,,,,,1,2,1,1,6
200600064461,0006-10-20 10:00:00,6,10,20,10,0,920,4,"47/49, GRANDE RUE CHARLE",,,Plein jour,En agglomération,Hors intersection,Normale,Autre collision,,,,,,,,,,,1,2,1,1,6
200600064462,0006-10-21 17:00:00,6,10,21,17,0,920,4,"34, VOLTAIRE ( BD )",,,Plein jour,En agglomération,Hors intersection,Normale,Autre collision,,,,,,,,,,,1,2,1,1,6
200600064463,0006-10-22 13:45:00,6,10,22,13,45,920,4,VOLTAIRE ( BD ),,,Plein jour,En agglomération,Hors intersection,Normale,Autre collision,,,,,,,,,,,1,2,1,1,6
200600064464,0006-10-23 19:10:00,6,10,23,19,10,920,4,"162, BOURGUIGNONS ( RUE",,,Nuit avec éclairage allumé,En agglomération,Hors intersection,Pluie légère,Autre collision,,,,,,,,,,,5,2,1,2,6
200600064465,0006-10-24 16:30:00,6,10,24,16,30,920,4,"9, DIX HUIT JUIN 40 ( RU",,,Plein jour,En agglomération,Intersection en X,Normale,Autre collision,,,,,,,,,,,1,2,2,1,6
200600064466,0006-10-26 23:10:00,6,10,26,23,10,920,4,ARGENTEUIL AV D',,,Nuit avec éclairage allumé,En agglomération,Intersection en X,Normale,Deux véhicules - côté,,,,,,,,,,,5,2,2,1,3
200600064467,0006-10-28 18:15:00,6,10,28,18,15,920,9,"38, VICTOR HUGO ( RUE )",,,Plein jour,En agglomération,Hors intersection,Normale,Autre collision,,,,,,,,,,,1,2,1,1,6
200600064468,0006-10-30 18:05:00,6,10,30,18,5,920,4,DOCTEUR DERVAUX  ( QUAI,,,Crépuscule ou aube,En agglomération,Hors intersection,Normale,Autre collision,,,,,,,,,,,2,2,1,1,6
200600064469,0006-10-30 22:20:00,6,10,30,22,20,920,4,"NR, DOCTEUR DERVAUX  ( Q",,,Nuit avec éclairage allumé,En agglomération,Intersection en Y,Normale,Deux véhicules - arrière,,,,,,,,,,,5,2,4,1,2
200600064470,0006-10-30 23:15:00,6,10,30,23,15,920,4,GRESILLONS ( AVENUE DES,,,Nuit avec éclairage allumé,En agglomération,Intersection en T,Normale,Autre collision,,,,,,,,,,,5,2,3,1,6
200600064471,0006-10-21 17:30:00,6,10,21,17,30,920,7,"35, BARBUSSE (AVENUE HEN",,,Plein jour,En agglomération,Hors intersection,Normale,Autre collision,,,,,,,,,,,1,2,1,1,6
200600064472,0006-10-28 14:50:00,6,10,28,14,50,920,7,PORT GALAND (RUE DU),,,Plein jour,En agglomération,Intersection en T,Normale,Autre collision,,,,,,,,,,,1,2,3,1,6
200600064473,0006-10-10 10:30:00,6,10,10,10,30,920,12,"25, MAHIAS (RUE)",,,Plein jour,En agglomération,Hors intersection,Normale,Autre collision,,,,,,,,,,,1,2,1,1,6
200600064474,0006-10-02 20:07:00,6,10,2,20,7,920,12,", CHATEAU (RUE DU) 1/125",,,Plein jour,En agglomération,Hors intersection,Pluie légère,Deux véhicules - arrière,,,,,,,,,,,1,2,1,2,2
200600064475,0006-10-04 16:20:00,6,10,4,16,20,920,12,"70, EDOUARD VAILLANT (AV",,,Plein jour,En agglomération,Hors intersection,Normale,Autre collision,,,,,,,,,,,1,2,1,1,6
200600064476,0006-10-06 15:40:00,6,10,6,15,40,920,12,"19, SILLY (RUE DE) 1/87",,,Plein jour,En agglomération,Hors intersection,Normale,Autre collision,,,,,,,,,,,1,2,1,1,6
200600064477,0006-10-06 20:10:00,6,10,6,20,10,920,12,"41, VICTOR HUGO (AVENUE)",,,Nuit avec éclairage allumé,En agglomération,Hors intersection,Normale,Autre collision,,,,,,,,,,,5,2,1,1,6
200600064478,0006-10-09 18:32:00,6,10,9,18,32,920,12,REINE (ROUTE DE LA) 82/F,,,Crépuscule ou aube,En agglomération,Intersection en X,Pluie légère,Autre collision,,,,,,,,,,,2,2,2,2,6
200600064479,0006-10-09 00:10:00,6,10,9,0,10,920,12,"16, JEAN BAPTISTE CLEMEN",,,Nuit avec éclairage allumé,En agglomération,Hors intersection,Normale,Autre collision,,,,,,,,,,,5,2,1,1,6
200600064480,0006-10-11 18:45:00,6,10,11,18,45,920,12,"41, SEVRES (RUE DE) 1/55",,,Plein jour,En agglomération,Hors intersection,Normale,Deux véhicules - côté,,,,,,,,,,,1,2,1,1,3
200600064481,0006-10-14 17:50:00,6,10,14,17,50,920,12,STALINGRAD (QUAI DE) 1/1,,,Nuit avec éclairage allumé,En agglomération,Hors intersection,Normale,Trois véhicules et plus - en chaîne,,,,,,,,,,,5,2,1,1,4
200600064482,0006-10-14 09:50:00,6,10,14,9,50,920,12,"40, REPUBLIQUE (BOULEVAR",,,Plein jour,En agglomération,Hors intersection,Normale,Autre collision,,,,,,,,,,,1,2,1,1,6
200600064483,0006-10-15 00:30:00,6,10,15,0,30,920,12,"1, PONT DE BILLANCOURT (",,,Nuit avec éclairage allumé,En agglomération,Hors intersection,Normale,Deux véhicules - côté,,,,,,,,,,,5,2,1,1,3
200600064484,0006-10-13 20:00:00,6,10,13,20,0,920,12,STALINGRAD (QUAI DE) 1/1,,,Plein jour,En agglomération,Hors intersection,Normale,Autre collision,,,,,,,,,,,1,2,1,1,6
200600064485,0006-10-13 08:50:00,6,10,13,8,50,920,12,"62 bis, REINE (ROUTE DE",,,Plein jour,En agglomération,Hors intersection,Normale,Autre collision,,,,,,,,,,,1,2,1,1,6
200600064486,0006-10-23 21:40:00,6,10,23,21,40,920,12,"1, REPUBLIQUE (BOULEVARD",,,Nuit avec éclairage allumé,En agglomération,Intersection en X,Pluie forte,Autre collision,,,,,,,,,,,5,2,2,3,6
200600064487,0006-10-23 12:50:00,6,10,23,12,50,920,12,"1, ANDRE MORIZET (AVENUE",,,Plein jour,Hors agglomération,Hors intersection,Normale,Autre collision,,,,,,,,,,,1,1,1,1,6
200600064488,0006-10-23 18:15:00,6,10,23,18,15,920,12,"1, ANDRE MORIZET (AVENUE",,,Plein jour,Hors agglomération,Intersection en X,Pluie légère,Autre collision,,,,,,,,,,,1,1,2,2,6
200600064489,0006-10-24 13:30:00,6,10,24,13,30,920,12,"19, EMILE LANDRIN (RUE)",,,Plein jour,En agglomération,Hors intersection,Normale,Autre collision,,,,,,,,,,,1,2,1,1,6
200600064490,0006-10-25 17:40:00,6,10,25,17,40,920,12,"264, JEAN JAURES (BOULEV",,,Plein jour,En agglomération,Hors intersection,Normale,Deux véhicules - frontale,,,,,,,,,,,1,2,1,1,1
200600064491,0006-10-25 15:25:00,6,10,25,15,25,920,12,"1, THIERS (RUE) 1/65",,,Plein jour,En agglomération,Intersection en X,Normale,Deux véhicules - côté,,,,,,,,,,,1,2,2,1,3
200600064492,0006-10-26 09:40:00,6,10,26,9,40,920,12,"67, ANDRE MORIZET (AVENU",,,Plein jour,En agglomération,Hors intersection,Normale,Deux véhicules - frontale,,,,,,,,,,,1,2,1,1,1
200600064493,0006-10-11 21:55:00,6,10,11,21,55,920,19,"299, LECLERC DIVISION (A",,,Nuit avec éclairage allumé,En agglomération,Hors intersection,Pluie légère,Deux véhicules - arrière,,,,,,,,,,,5,2,1,2,2
200600064494,0006-10-07 19:45:00,6,10,7,19,45,920,32,"64Bis, LANGEVI PAUL (AVE",,,Nuit avec éclairage allumé,En agglomération,Hors intersection,Normale,Deux véhicules - frontale,,,,,,,,,,,5,2,1,1,1
200600064495,0006-10-21 19:35:00,6,10,21,19,35,920,19,"295, DIVISION LECLERC (A",,,Nuit avec éclairage allumé,En agglomération,Intersection en T,Normale,Deux véhicules - côté,,,,,,,,,,,5,2,3,1,3
200600064496,0006-10-26 14:20:00,6,10,26,14,20,920,19,SALENGRO ROGER (RUE),,,Plein jour,En agglomération,Intersection en X,Normale,Deux véhicules - côté,,,,,,,,,,,1,2,2,1,3
200600064497,0006-10-30 19:15:00,6,10,30,19,15,920,19,"108, SALENGRO ROGER (RUE",,,Nuit avec éclairage allumé,En agglomération,Hors intersection,Normale,Deux véhicules - côté,,,,,,,,,,,5,2,1,1,3
200600064498,0006-10-04 16:30:00,6,10,4,16,30,920,23,PORTE DE TRIVAUX (RUE DE,,,Plein jour,En agglomération,Hors intersection,Normale,Deux véhicules - arrière,,,,,,,,,,,1,2,1,1,2
200600064499,0006-10-04 15:45:00,6,10,4,15,45,920,23,"., GABRIEL PERI (RUE)",,,Plein jour,En agglomération,Intersection en X,Normale,Autre collision,,,,,,,,,,,1,2,2,1,6
200600064500,0006-10-07 13:40:00,6,10,7,13,40,920,23,"3-4, VILLACOUBLAY (AVENU",,,Plein jour,En agglomération,Hors intersection,Normale,Trois véhicules et plus - en chaîne,,,,,,,,,,,1,2,1,1,4
200600064501,0006-10-11 21:00:00,6,10,11,21,0,920,23,HENRI BARBUSSE (AVENUE),,,Nuit avec éclairage allumé,En agglomération,Intersection en X,Normale,Autre collision,,,,,,,,,,,5,2,2,1,6
200600064502,0006-10-12 15:40:00,6,10,12,15,40,920,23,SCHNEIDER (AVENUE),,,Plein jour,En agglomération,Intersection en X,Normale,Trois véhicules et plus - collisions multiples,,,,,,,,,,,1,2,2,1,5
200600064503,0006-10-18 09:25:00,6,10,18,9,25,920,60,"., PAUL LANGEVIN (AVENUE",,,Plein jour,En agglomération,Intersection en T,Temps couvert,Deux véhicules - côté,,,,,,,,,,,1,2,3,8,3
200600064504,0006-10-19 22:30:00,6,10,19,22,30,920,60,"85, RESISTANCE (AVENUE D",,,Nuit avec éclairage allumé,En agglomération,Hors intersection,Normale,Autre collision,,,,,,,,,,,5,2,1,1,6
200600064505,0006-10-20 09:25:00,6,10,20,9,25,920,23,"361, GENERAL DE GAULLE (",,,Plein jour,En agglomération,Hors intersection,Pluie légère,Deux véhicules - arrière,,,,,,,,,,,1,2,1,2,2
200600064506,0006-10-27 08:55:00,6,10,27,8,55,920,23,PAUL VAILLANT COUTURIER,,,Plein jour,En agglomération,Intersection en X,Normale,Deux véhicules - côté,,,,,,,,,,,1,2,2,1,3
200600064507,0006-10-27 20:40:00,6,10,27,20,40,920,23,"., PORTE DE TRIVAUX (RUE",,,Nuit avec éclairage non allumé,En agglomération,Hors intersection,Normale,Autre collision,,,,,,,,,,,4,2,1,1,6
200600064508,0006-10-04 18:30:00,6,10,4,18,30,920,24,"28, GENERAL ROGUET (RUE",,,Plein jour,En agglomération,Hors intersection,Normale,Deux véhicules - côté,,,,,,,,,,,1,2,1,1,3
200600064509,0006-10-09 14:50:00,6,10,9,14,50,920,24,"95, JEAN JAURES (BD) DE",,,Plein jour,En agglomération,Intersection en T,Normale,Deux véhicules - côté,,,,,,,,,,,1,2,3,1,3
200600064510,0006-10-11 20:55:00,6,10,11,20,55,920,24,"06, GENERAL LECLERC (BD",,,Nuit avec éclairage allumé,En agglomération,Hors intersection,Pluie légère,Deux véhicules - côté,,,,,,,,,,,5,2,1,2,3
200600064511,0006-10-15 08:20:00,6,10,15,8,20,920,24,"54, GENERAL ROGUET (RUE",,,Plein jour,En agglomération,Intersection en T,Normale,Autre collision,,,,,,,,,,,1,2,3,1,6
200600064512,0006-10-17 15:05:00,6,10,17,15,5,920,24,"75, VICTOR HUGO (BD)",,,Plein jour,En agglomération,Hors intersection,Normale,Autre collision,,,,,,,,,,,1,2,1,1,6
200600064513,0006-10-12 22:55:00,6,10,12,22,55,920,24,"02, CLICHY (QUAI DE) DE",,,Nuit avec éclairage allumé,En agglomération,Intersection à plus de 4 branches,Normale,Deux véhicules - arrière,,,,,,,,,,,5,2,5,1,2
200600064514,0006-10-20 15:40:00,6,10,20,15,40,920,24,"34, JEAN JAURES (BD) DE",,,Plein jour,En agglomération,Hors intersection,Normale,Trois véhicules et plus - en chaîne,,,,,,,,,,,1,2,1,1,4
200600064515,0006-10-06 10:15:00,6,10,6,10,15,920,24,"48, GENERAL ROGUET (RUE",,,Plein jour,En agglomération,Intersection en X,Normale,Deux véhicules - côté,,,,,,,,,,,1,2,2,1,3
200600064516,0006-10-24 19:00:00,6,10,24,19,0,920,24,"192, CLICHY (QUAI DE) DE",,,Nuit avec éclairage allumé,En agglomération,Intersection en T,Normale,Deux véhicules - arrière,,,,,,,,,,,5,2,3,1,2
200600064517,0006-10-19 18:04:00,6,10,19,18,4,920,24,MARECHAL DELATTRE DE TAS,,,Plein jour,En agglomération,Hors intersection,Normale,Autre collision,,,,,,,,,,,1,2,1,1,6
200600064518,0006-10-20 09:20:00,6,10,20,9,20,920,24,RUE DU 08 MAI 1945,,,Plein jour,En agglomération,Hors intersection,Normale,Deux véhicules - côté,,,,,,,,,,,1,2,1,1,3
200600064519,0006-10-30 18:15:00,6,10,30,18,15,920,24,"91, GENERAL LECLERC (RUE",,,Plein jour,En agglomération,Hors intersection,Normale,Deux véhicules - côté,,,,,,,,,,,1,2,1,1,3
200600064520,0006-10-02 19:25:00,6,10,2,19,25,920,25,HENRI BARBUSSE (AV),,,Crépuscule ou aube,En agglomération,Hors intersection,Pluie légère,Deux véhicules - côté,,,,,,,,,,,2,2,1,2,3
200600064521,0006-10-04 10:55:00,6,10,4,10,55,920,25,BOURNARD (RUE DU),,,Plein jour,En agglomération,Hors intersection,Normale,Deux véhicules - arrière,,,,,,,,,,,1,2,1,1,2
200600064522,0006-10-04 07:05:00,6,10,4,7,5,920,25,PRESIDENT SALVADOR ALLEN,,,Nuit avec éclairage allumé,En agglomération,Hors intersection,Normale,Autre collision,,,,,,,,,,,5,2,1,1,6
200600064523,0006-10-04 22:20:00,6,10,4,22,20,920,25,CHARLES DE GAULLE (BD),,,Nuit avec éclairage allumé,En agglomération,Hors intersection,Normale,Autre collision,,,,,,,,,,,5,2,1,1,6
200600064524,0006-10-05 07:50:00,6,10,5,7,50,920,25,CLARA LEMOINE (RUE),,,Plein jour,Hors agglomération,Hors intersection,Normale,Autre collision,,,,,,,,,,,1,1,1,1,6
200600064525,0006-10-06 20:47:00,6,10,6,20,47,920,25,AUDRA (AV),,,Nuit avec éclairage allumé,En agglomération,Hors intersection,Pluie légère,Autre collision,,,,,,,,,,,5,2,1,2,6
200600064526,0006-10-07 18:22:00,6,10,7,18,22,920,25,"235, PRESIDENT SALVADOR",,,Crépuscule ou aube,En agglomération,Autre intersection,Normale,Deux véhicules - côté,,,,,,,,,,,2,2,9,1,3
200600064527,0006-10-08 16:45:00,6,10,8,16,45,920,25,"185, PRESIDENT SALVADOR",,,Plein jour,En agglomération,Hors intersection,Normale,Deux véhicules - arrière,,,,,,,,,,,1,2,1,1,2
200600064528,0006-10-09 16:00:00,6,10,9,16,0,920,25,PRESIDENT SALVADOR ALLEN,,,Plein jour,En agglomération,Hors intersection,Normale,Autre collision,,,,,,,,,,,1,2,1,1,6
200600064529,0006-10-10 07:40:00,6,10,10,7,40,920,25,"176, VOIES DU BOIS (RUE",,,Crépuscule ou aube,En agglomération,Hors intersection,Normale,Deux véhicules - côté,,,,,,,,,,,2,2,1,1,3
200600064530,0006-10-11 13:50:00,6,10,11,13,50,920,25,PAUL BERT (RUE),,,Plein jour,En agglomération,Intersection en X,Normale,Deux véhicules - côté,,,,,,,,,,,1,2,2,1,3
200600064531,0006-10-19 12:15:00,6,10,19,12,15,920,25,ECOLES (AV &RUE DES),,,Plein jour,En agglomération,Intersection en X,Normale,Deux véhicules - côté,,,,,,,,,,,1,2,2,1,3
200600064532,0006-10-19 14:15:00,6,10,19,14,15,920,25,MENELOTTE > 52 (AV),,,Plein jour,En agglomération,Hors intersection,Normale,Deux véhicules - côté,,,,,,,,,,,1,2,1,1,3
200600064533,0006-10-19 17:20:00,6,10,19,17,20,920,25,E.D'ORVES <>2A198 & 1A14,,,Plein jour,En agglomération,Hors intersection,Normale,Autre collision,,,,,,,,,,,1,2,1,1,6
200600064534,0006-10-22 18:15:00,6,10,22,18,15,920,25,VICTOR HUGO (AV.VILLA.RU,,,Crépuscule ou aube,En agglomération,Hors intersection,Pluie légère,Autre collision,,,,,,,,,,,2,2,1,2,6
200600064535,0006-10-30 18:45:00,6,10,30,18,45,920,25,PRESIDENT SALVADOR ALLEN,,,Nuit avec éclairage allumé,En agglomération,Hors intersection,Normale,Deux véhicules - côté,,,,,,,,,,,5,2,1,1,3
200600064536,0006-10-02 23:45:00,6,10,2,23,45,920,26,PAUL DOUMER,,,Nuit avec éclairage allumé,En agglomération,Intersection en T,Pluie légère,Trois véhicules et plus - collisions multiples,,,,,,,,,,,5,2,3,2,5
200600064537,0006-10-16 08:20:00,6,10,16,8,20,920,26,ARMAND SILVESTRE (DE 95,,,Plein jour,En agglomération,Intersection en X,Normale,Deux véhicules - côté,,,,,,,,,,,1,2,2,1,3
200600064538,0006-10-19 07:35:00,6,10,19,7,35,920,26,"78, MARECHAL JOFFRE (QUA",,,Nuit avec éclairage non allumé,En agglomération,Hors intersection,Normale,Autre collision,,,,,,,,,,,4,2,1,1,6
200600064539,0006-10-05 10:50:00,6,10,5,10,50,920,26,"39, PAUL DOUMER",,,Plein jour,En agglomération,Hors intersection,Normale,Deux véhicules - arrière,,,,,,,,,,,1,2,1,1,2
200600064540,0006-10-06 18:00:00,6,10,6,18,0,920,26,"-, ABREUVOIR",,,Plein jour,En agglomération,Intersection en T,Pluie légère,Deux véhicules - côté,,,,,,,,,,,1,2,3,2,3
200600064541,0006-10-09 13:10:00,6,10,9,13,10,920,26,VERDUN (DE 62 A FIN),,,Plein jour,En agglomération,Intersection en T,Normale,Deux véhicules - côté,,,,,,,,,,,1,2,3,1,3
200600064542,0006-10-09 15:25:00,6,10,9,15,25,920,26,"42, NORMANDIE",,,Plein jour,En agglomération,Hors intersection,Normale,Deux véhicules - arrière,,,,,,,,,,,1,2,1,1,2
200600064543,0006-10-12 14:48:00,6,10,12,14,48,920,26,"-, HÔTEL DE VILLE (RUE)",,,Plein jour,Hors agglomération,Hors intersection,Normale,Deux véhicules - côté,,,,,,,,,,,1,1,1,1,3
200600064544,0006-10-16 07:59:00,6,10,16,7,59,920,26,"29, VERDUN (DE 01 A 61)",,,Plein jour,En agglomération,Intersection en T,Normale,Autre collision,,,,,,,,,,,1,2,3,1,6
200600064545,0006-10-16 09:55:00,6,10,16,9,55,920,26,"65, MARCEAU",,,Plein jour,En agglomération,Intersection en T,Normale,Autre collision,,,,,,,,,,,1,2,3,1,6
200600064546,0006-10-16 16:10:00,6,10,16,16,10,920,26,PRÉSIDENT PAUL DOUMER (Q,,,Plein jour,En agglomération,Intersection en T,Normale,Deux véhicules - arrière,,,,,,,,,,,1,2,3,1,2
200600064547,0006-10-26 20:05:00,6,10,26,20,5,920,26,MARECHAL JOFFRE (QUAI DU,,,Nuit avec éclairage allumé,En agglomération,Hors intersection,Temps couvert,Deux véhicules - côté,,,,,,,,,,,5,2,1,8,3
200600064548,0006-10-03 09:15:00,6,10,3,9,15,920,26,"49, COLOMBES",,,Plein jour,En agglomération,Hors intersection,Pluie légère,Deux véhicules - côté,,,,,,,,,,,1,2,1,2,3
200600064549,0006-10-05 18:10:00,6,10,5,18,10,920,35,"44, National ( boulevard",,,Plein jour,En agglomération,Intersection en Y,Normale,Deux véhicules - frontale,,,,,,,,,,,1,2,4,1,1
200600064550,0006-10-05 20:30:00,6,10,5,20,30,920,35,"Face au 10, Aigle ( rue",,,Nuit avec éclairage allumé,En agglomération,Hors intersection,Normale,Deux véhicules - côté,,,,,,,,,,,5,2,1,1,3
200600064551,0006-10-11 15:50:00,6,10,11,15,50,920,35,"18, National ( boulevard",,,Plein jour,En agglomération,Hors intersection,Normale,Deux véhicules - côté,,,,,,,,,,,1,2,1,1,3
200600064552,0006-10-18 16:35:00,6,10,18,16,35,920,35,"5, Verdun 1916 ( avenue",,,Plein jour,En agglomération,Hors intersection,Normale,Deux véhicules - arrière,,,,,,,,,,,1,2,1,1,2
200600064553,0006-10-01 15:25:00,6,10,1,15,25,920,36,"0, LUCIEN LANTERNIER (AV",,,Plein jour,En agglomération,Intersection en T,Normale,Trois véhicules et plus - en chaîne,,,,,,,,,,,1,2,3,1,4
200600064554,0006-10-02 16:50:00,6,10,2,16,50,920,36,"0, CAMELINAT (BOULEVARD)",,,Plein jour,En agglomération,Intersection à plus de 4 branches,Pluie légère,Deux véhicules - côté,,,,,,,,,,,1,2,5,2,3
200600064555,0006-10-04 03:45:00,6,10,4,3,45,920,36,"0, MOULIN DE CAGE (QUAI",,,Nuit avec éclairage allumé,En agglomération,Hors intersection,Normale,Autre collision,,,,,,,,,,,5,2,1,1,6
200600064556,0006-10-07 22:20:00,6,10,7,22,20,920,36,"177, GABRIEL PERI (AVENU",,,Nuit avec éclairage allumé,En agglomération,Intersection en T,Normale,Deux véhicules - côté,,,,,,,,,,,5,2,3,1,3