accident_id,datetime,annee,mois,jour,heure,minute,departement,commune_insee,adresse,latitude,longitude,luminosite,agglomeration,intersection,meteo,collision,nb_vehicules,nb_usagers,nb_indemnes,nb_tues,nb_blesses_hosp,nb_blesses_legers,age_cond_1,age_cond_2,veh_type_cond_1,veh_type_cond_2,lum_code,agg_code,int_code,atm_code,col_code
200600064557,0006-10-15 19:10:00,6,10,15,19,10,920,36,"76, GENERAL DE GAULLE (A",,,Nuit avec éclairage allumé,En agglomération,Hors intersection,Normale,Sans collision,,,,,,,,,,,5,2,1,1,7
200600064558,0006-10-25 08:30:00,6,10,25,8,30,920,36,"207, GRESILLONS (AVENUE",,,Plein jour,En agglomération,Hors intersection,Normale,Deux véhicules - côté,,,,,,,,,,,1,2,1,1,3
200600064559,0006-10-27 19:50:00,6,10,27,19,50,920,36,"0, JEAN JAURES (RUE) (35",,,Nuit avec éclairage allumé,En agglomération,Intersection en X,Normale,Deux véhicules - côté,,,,,,,,,,,5,2,2,1,3
200600064560,0006-10-04 11:00:00,6,10,4,11,0,920,40,PDT ROBERT SCHUMANN (PLA,,,Plein jour,En agglomération,Giratoire,Normale,Deux véhicules - frontale,,,,,,,,,,,1,2,6,1,1
200600064561,0006-10-09 18:00:00,6,10,9,18,0,920,40,"83, VERDUN (AVENUE DE) D",,,Plein jour,En agglomération,Hors intersection,Pluie légère,Autre collision,,,,,,,,,,,1,2,1,2,6
200600064562,0006-10-10 11:45:00,6,10,10,11,45,920,40,VICTOR CRESSON (AVENUE),,,Plein jour,En agglomération,Intersection à plus de 4 branches,Normale,Autre collision,,,,,,,,,,,1,2,5,1,6
200600064563,0006-10-19 20:00:00,6,10,19,20,0,920,40,"55, EGALITE ( DE L')",,,Nuit avec éclairage allumé,En agglomération,Intersection en T,Normale,Autre collision,,,,,,,,,,,5,2,3,1,6
200600064564,0006-10-23 19:35:00,6,10,23,19,35,920,40,"74, RODIN (BOULEVARD)",,,Nuit avec éclairage allumé,En agglomération,Hors intersection,Temps couvert,Autre collision,,,,,,,,,,,5,2,1,8,6
200600064565,0006-10-27 11:00:00,6,10,27,11,0,920,40,"74, GALLIENI (BOULEVARD)",,,Plein jour,En agglomération,Hors intersection,Normale,Deux véhicules - côté,,,,,,,,,,,1,2,1,1,3
200600064566,0006-10-29 05:30:00,6,10,29,5,30,920,40,"29, VICTOR CRESSON (AVEN",,,Nuit avec éclairage allumé,En agglomération,Intersection à plus de 4 branches,Normale,Deux véhicules - côté,,,,,,,,,,,5,2,5,1,3
200600064567,0006-10-29 12:30:00,6,10,29,12,30,920,40,"15-17, ILES (BOULEVARD D",,,Plein jour,En agglomération,Giratoire,Temps couvert,Sans collision,,,,,,,,,,,1,2,6,8,7
200600064568,0006-10-08 14:00:00,6,10,8,14,0,920,44,"NR, RIVAY(RUE)41A71 ET38",,,Plein jour,En agglomération,Intersection en X,Normale,Deux véhicules - côté,,,,,,,,,,,1,2,2,1,3
200600064569,0006-10-04 09:55:00,6,10,4,9,55,920,44,"05, VILLIERS(RUE DE)  2A",,,Plein jour,En agglomération,Intersection en X,Normale,Deux véhicules - arrière,,,,,,,,,,,1,2,2,1,2
200600064570,0006-10-09 21:17:00,6,10,9,21,17,920,44,"NR, PDT WILSON(RUE) 2A24",,,Nuit avec éclairage allumé,En agglomération,Intersection en X,Pluie légère,Autre collision,,,,,,,,,,,5,2,2,2,6
200600064571,0006-10-10 05:35:00,6,10,10,5,35,920,44,"NR, MARIUS AUFAN(RUE) 1A",,,Nuit avec éclairage allumé,En agglomération,Intersection en X,Normale,Trois véhicules et plus - collisions multiples,,,,,,,,,,,5,2,2,1,5
200600064572,0006-10-16 17:15:00,6,10,16,17,15,920,44,"NR, TREBOIS(RUE)",,,Plein jour,En agglomération,Intersection en X,Normale,Autre collision,,,,,,,,,,,1,2,2,1,6
200600064573,0006-10-19 07:55:00,6,10,19,7,55,920,44,"NR, ED.VAILLANT(RUE)133+",,,Plein jour,En agglomération,Hors intersection,Normale,Autre collision,,,,,,,,,,,1,2,1,1,6
200600064574,0006-10-25 12:35:00,6,10,25,12,35,920,44,"126, J. GUESDES(RUE)103A",,,Plein jour,En agglomération,Hors intersection,Normale,Autre collision,,,,,,,,,,,1,2,1,1,6
200600064575,0006-10-23 10:40:00,6,10,23,10,40,920,44,"65, P.V.COUTURIER(RUE)65",,,Plein jour,En agglomération,Intersection en X,Normale,Autre collision,,,,,,,,,,,1,2,2,1,6
200600064576,0006-10-23 19:10:00,6,10,23,19,10,920,44,"15, ALSACE (RUE) N°1 A 1",,,Nuit avec éclairage allumé,En agglomération,Intersection en T,Normale,Autre collision,,,,,,,,,,,5,2,3,1,6
200600064577,0006-10-27 08:40:00,6,10,27,8,40,920,44,"NR, GEO.POMPIDOU(AVE) 21",,,Plein jour,En agglomération,Intersection en X,Normale,Autre collision,,,,,,,,,,,1,2,2,1,6
200600064578,0006-10-27 19:00:00,6,10,27,19,0,920,44,"1, VIC. HUGO(RUE)001A067",,,Nuit avec éclairage allumé,En agglomération,Intersection en T,Normale,Deux véhicules - côté,,,,,,,,,,,5,2,3,1,3
200600064579,0006-10-01 11:30:00,6,10,1,11,30,920,48,"., MASKERET-BATIA (RUE)",,,Plein jour,En agglomération,Hors intersection,Normale,Sans collision,,,,,,,,,,,1,2,1,1,7
200600064580,0006-10-03 19:15:00,6,10,3,19,15,920,48,"., COLONEL MORAINE (ROUT",,,Plein jour,En agglomération,Hors intersection,Normale,Deux véhicules - côté,,,,,,,,,,,1,2,1,1,3
200600064581,0006-10-11 22:15:00,6,10,11,22,15,920,48,"., COMMANDANT LOUIS BOUC",,,Nuit avec éclairage allumé,En agglomération,Intersection en T,Pluie légère,Deux véhicules - côté,,,,,,,,,,,5,2,3,2,3
200600064582,0006-10-16 12:00:00,6,10,16,12,0,920,48,"29, MARCEL ALLEGOT (RUE)",,,Plein jour,En agglomération,Hors intersection,Normale,Autre collision,,,,,,,,,,,1,2,1,1,6
200600064583,0006-10-17 08:20:00,6,10,17,8,20,920,48,"23, LOUVOIS (AVENUE)",,,Plein jour,En agglomération,Intersection en T,Normale,Deux véhicules - arrière,,,,,,,,,,,1,2,3,1,2
200600064584,0006-10-19 14:05:00,6,10,19,14,5,920,48,"18, NATIONS UNIES (BOULE",,,Plein jour,En agglomération,Hors intersection,Normale,Sans collision,,,,,,,,,,,1,2,1,1,7
200600064585,0006-10-21 20:00:00,6,10,21,20,0,920,48,"16, GARDES (ROUTE DES) N",,,Nuit avec éclairage allumé,En agglomération,Hors intersection,Pluie légère,Trois véhicules et plus - collisions multiples,,,,,,,,,,,5,2,1,2,5
200600064586,0006-10-12 11:30:00,6,10,12,11,30,920,20,"72, BERANGER RUE",,,Plein jour,En agglomération,Intersection en X,Normale,Deux véhicules - côté,,,,,,,,,,,1,2,2,1,3
200600064587,0006-10-14 21:20:00,6,10,14,21,20,920,20,"134, PARIS AVENUE DE N°8",,,Nuit avec éclairage allumé,En agglomération,Intersection en T,Normale,Deux véhicules - côté,,,,,,,,,,,5,2,3,1,3
200600064588,0006-10-23 16:35:00,6,10,23,16,35,920,49,", LEJEUNE RUE LOUIS",,,Plein jour,En agglomération,Intersection en X,Normale,Deux véhicules - côté,,,,,,,,,,,1,2,2,1,3
200600064589,0006-10-23 17:15:00,6,10,23,17,15,920,49,BARBES RUE,,,Plein jour,En agglomération,Intersection en X,Normale,Deux véhicules - côté,,,,,,,,,,,1,2,2,1,3
200600064590,0006-10-24 09:25:00,6,10,24,9,25,920,49,"113, BRIAND AVENUE ARIST",,,Plein jour,En agglomération,Hors intersection,Normale,Deux véhicules - arrière,,,,,,,,,,,1,2,1,1,2
200600064591,0006-10-30 13:35:00,6,10,30,13,35,920,49,"86, REPUBLIQUE AVENUE DE",,,Plein jour,En agglomération,Hors intersection,Normale,Trois véhicules et plus - en chaîne,,,,,,,,,,,1,2,1,1,4
200600064592,0006-10-30 20:20:00,6,10,30,20,20,920,49,"45/47, BROSSOLETTE AVENU",,,Nuit avec éclairage allumé,En agglomération,Hors intersection,Normale,Deux véhicules - arrière,,,,,,,,,,,5,2,1,1,2
200600064593,0006-10-03 17:00:00,6,10,3,17,0,920,50,JOLIOT CURIE F. ET IRENE,,,Plein jour,En agglomération,Hors intersection,Pluie légère,Sans collision,,,,,,,,,,,1,2,1,2,7
200600064594,0006-10-11 12:20:00,6,10,11,12,20,920,50,"01, DEMOISELLES D'AVIGNO",,,Plein jour,En agglomération,Hors intersection,Normale,Sans collision,,,,,,,,,,,1,2,1,1,7
200600064595,0006-10-09 18:30:00,6,10,9,18,30,920,50,JOLIOT CURIE F. ET IRENE,,,Plein jour,En agglomération,Hors intersection,Normale,Sans collision,,,,,,,,,,,1,2,1,1,7
200600064596,0006-10-12 13:35:00,6,10,12,13,35,920,50,REPUBLIQUE AVENUE DE LA,,,Plein jour,En agglomération,Intersection en T,Normale,Deux véhicules - frontale,,,,,,,,,,,1,2,3,1,1
200600064597,0006-10-09 19:55:00,6,10,9,19,55,920,50,DEFENSE BOULEVARD DE LA,,,Crépuscule ou aube,En agglomération,Intersection en T,Pluie légère,Deux véhicules - côté,,,,,,,,,,,2,2,3,2,3
200600064598,0006-10-15 17:00:00,6,10,15,17,0,920,62,CHARLES LORILLEUX,,,Plein jour,En agglomération,Hors intersection,Normale,Trois véhicules et plus - collisions multiples,,,,,,,,,,,1,2,1,1,5
200600064599,0006-10-11 05:50:00,6,10,11,5,50,920,50,"00000, BOULE PLACE DE LA",,,Nuit avec éclairage allumé,En agglomération,Giratoire,Normale,Deux véhicules - arrière,,,,,,,,,,,5,2,6,1,2
200600064600,0006-10-16 20:55:00,6,10,16,20,55,920,50,"98, FUSILLES DE LA RESIS",,,Nuit avec éclairage allumé,En agglomération,Hors intersection,Normale,Deux véhicules - côté,,,,,,,,,,,5,2,1,1,3
200600064601,0006-10-21 20:00:00,6,10,21,20,0,920,50,JOFFRE MARECHAL AVENUE D,,,Nuit avec éclairage allumé,En agglomération,Hors intersection,Autre,Sans collision,,,,,,,,,,,5,2,1,9,7
200600064602,0006-10-30 18:25:00,6,10,30,18,25,920,50,GARE RUE DE LA,,,Crépuscule ou aube,En agglomération,Hors intersection,Normale,Deux véhicules - frontale,,,,,,,,,,,2,2,1,1,1
200600064603,0006-10-30 10:45:00,6,10,30,10,45,920,50,"18, JOFFRE MARECHAL AVEN",,,Plein jour,En agglomération,Hors intersection,Normale,Sans collision,,,,,,,,,,,1,2,1,1,7
200600064604,0006-10-03 07:55:00,6,10,3,7,55,920,51,"34, MADRID (AVENUE DE)",,,Plein jour,En agglomération,Hors intersection,Pluie forte,Deux véhicules - frontale,,,,,,,,,,,1,2,1,3,1
200600064605,0006-10-06 21:30:00,6,10,6,21,30,920,51,"88 BIS, CHARLES DE GAULL",,,Nuit avec éclairage allumé,En agglomération,Hors intersection,Normale,Deux véhicules - arrière,,,,,,,,,,,5,2,1,1,2
200600064606,0006-10-12 08:30:00,6,10,12,8,30,920,51,"62, MAURICE BARRES (BOUL",,,Plein jour,En agglomération,Hors intersection,Normale,Deux véhicules - côté,,,,,,,,,,,1,2,1,1,3
200600064607,0006-10-15 01:10:00,6,10,15,1,10,920,51,"32, CHARLES DE GAULLE (A",,,Nuit avec éclairage allumé,En agglomération,Hors intersection,Normale,Deux véhicules - arrière,,,,,,,,,,,5,2,1,1,2
200600064608,0006-10-25 11:25:00,6,10,25,11,25,920,51,RICHARD WALLACE (BOULEVA,,,Plein jour,En agglomération,Hors intersection,Normale,Deux véhicules - côté,,,,,,,,,,,1,2,1,1,3
200600064609,0006-10-25 15:15:00,6,10,25,15,15,920,51,"29, ROULE (AVENUE DU, N°",,,Plein jour,En agglomération,Hors intersection,Normale,Autre collision,,,,,,,,,,,1,2,1,1,6
200600064610,0006-10-13 11:25:00,6,10,13,11,25,920,62,"21, MONTAIGNE (RUE)",,,Plein jour,En agglomération,Hors intersection,Normale,Deux véhicules - arrière,,,,,,,,,,,1,2,1,1,2
200600064611,0006-10-15 16:30:00,6,10,15,16,30,920,62,"00, FRANCE (RUE ANATOLE)",,,Plein jour,En agglomération,Intersection en X,Normale,Deux véhicules - côté,,,,,,,,,,,1,2,2,1,3
200600064612,0006-10-23 15:20:00,6,10,23,15,20,920,62,"00, DE DION BOUTON (QUAI",,,Plein jour,En agglomération,Intersection en X,Normale,Deux véhicules - côté,,,,,,,,,,,1,2,2,1,3
200600064613,0006-10-25 07:55:00,6,10,25,7,55,920,62,"70, GENERAL DE GAULLE (A",,,Plein jour,En agglomération,Intersection en T,Normale,Trois véhicules et plus - en chaîne,,,,,,,,,,,1,2,3,1,4
200600064614,0006-10-01 20:45:00,6,10,1,20,45,920,63,DIX-HUIT JUIN 1940 (AVEN,,,Crépuscule ou aube,En agglomération,Intersection en T,Normale,Deux véhicules - côté,,,,,,,,,,,2,2,3,1,3
200600064615,0006-10-16 18:55:00,6,10,16,18,55,920,63,BOIS PREAU (AVENUE DE),,,Crépuscule ou aube,En agglomération,Hors intersection,Normale,Autre collision,,,,,,,,,,,2,2,1,1,6
200600064616,0006-10-17 12:45:00,6,10,17,12,45,920,63,ALBERT 1ER (AVENUE),,,Plein jour,En agglomération,Intersection en T,Normale,Deux véhicules - arrière,,,,,,,,,,,1,2,3,1,2
200600064617,0006-10-18 15:30:00,6,10,18,15,30,920,63,EMPEREUR (ROUTE DE L') E,,,Plein jour,En agglomération,Intersection en T,Normale,Deux véhicules - côté,,,,,,,,,,,1,2,3,1,3
200600064618,0006-10-20 17:15:00,6,10,20,17,15,920,63,ROOSEVELT (BOULEVARD FRA,,,Plein jour,En agglomération,Intersection en T,Pluie légère,Deux véhicules - arrière,,,,,,,,,,,1,2,3,2,2
200600064619,0006-10-28 19:30:00,6,10,28,19,30,920,63,"15, JUIN (AVENUE DU MARE",,,Crépuscule ou aube,En agglomération,Hors intersection,Normale,Deux véhicules - côté,,,,,,,,,,,2,2,1,1,3
200600064620,0006-10-23 14:25:00,6,10,23,14,25,920,63,"23, SOLFERINO (BOULEVARD",,,Plein jour,En agglomération,Intersection en T,Normale,Deux véhicules - côté,,,,,,,,,,,1,2,3,1,3
200600064621,0006-10-02 13:20:00,6,10,2,13,20,920,64,DE LATTRE DE TASSIGNY,,,Plein jour,En agglomération,Giratoire,Normale,Deux véhicules - côté,,,,,,,,,,,1,2,6,1,3
200600064622,0006-10-02 20:40:00,6,10,2,20,40,920,64,"12, DAILLY",,,Nuit avec éclairage allumé,En agglomération,Hors intersection,Pluie légère,Autre collision,,,,,,,,,,,5,2,1,2,6
200600064623,0006-10-06 09:20:00,6,10,6,9,20,920,64,"28, CARNOT",,,Plein jour,En agglomération,Hors intersection,Normale,Sans collision,,,,,,,,,,,1,2,1,1,7
200600064624,0006-10-07 12:25:00,6,10,7,12,25,920,33,SUISSES,,,Plein jour,En agglomération,Intersection en Y,Normale,Autre collision,,,,,,,,,,,1,2,4,1,6
200600064625,0006-10-09 19:50:00,6,10,9,19,50,920,64,"3, GENERAL LECLERC",,,Nuit avec éclairage allumé,En agglomération,Hors intersection,Pluie légère,Autre collision,,,,,,,,,,,5,2,1,2,6
200600064626,0006-10-10 22:55:00,6,10,10,22,55,920,76,REPUBLIQUE,,,Nuit avec éclairage allumé,En agglomération,Intersection à plus de 4 branches,Normale,Deux véhicules - côté,,,,,,,,,,,5,2,5,1,3
200600064627,0006-10-16 13:25:00,6,10,16,13,25,920,64,"1, MAGENTA PLACE",,,Plein jour,En agglomération,Intersection en X,Normale,Autre collision,,,,,,,,,,,1,2,2,1,6
200600064628,0006-10-16 13:40:00,6,10,16,13,40,920,64,"7, LELEGARD",,,Plein jour,En agglomération,Hors intersection,Normale,Autre collision,,,,,,,,,,,1,2,1,1,6
200600064629,0006-10-16 14:50:00,6,10,16,14,50,920,64,"3BIS, PASTEUR",,,Plein jour,En agglomération,Hors intersection,Normale,Deux véhicules - arrière,,,,,,,,,,,1,2,1,1,2
200600064630,0006-10-19 14:45:00,6,10,19,14,45,920,47,"1, REPUBLIQUE",,,Plein jour,En agglomération,Hors intersection,Normale,Deux véhicules - arrière,,,,,,,,,,,1,2,1,1,2
200600064631,0006-10-19 17:15:00,6,10,19,17,15,920,64,MARCEL DASSAULT,,,Plein jour,En agglomération,Intersection en T,Normale,Deux véhicules - côté,,,,,,,,,,,1,2,3,1,3
200600064632,0006-10-23 08:15:00,6,10,23,8,15,920,64,DAILLY,,,Crépuscule ou aube,En agglomération,Intersection en X,Temps couvert,Deux véhicules - arrière,,,,,,,,,,,2,2,2,8,2
200600064633,0006-10-05 13:00:00,6,10,5,13,0,920,72,TROYON (RUE),,,Plein jour,En agglomération,Autre intersection,Normale,Trois véhicules et plus - en chaîne,,,,,,,,,,,1,2,9,1,4
200600064634,0006-10-08 17:15:00,6,10,8,17,15,920,22,"10, PAVE DES GARDES (ROU",,,Plein jour,En agglomération,Hors intersection,Normale,Trois véhicules et plus - en chaîne,,,,,,,,,,,1,2,1,1,4
200600064635,0006-10-07 18:10:00,6,10,7,18,10,920,22,"47 Bis, JOUY (RUE DE)",,,Plein jour,En agglomération,Hors intersection,Normale,Deux véhicules - arrière,,,,,,,,,,,1,2,1,1,2
200600064636,0006-10-11 12:05:00,6,10,11,12,5,920,77,"17, RONCE (RUE DE LA)",,,Plein jour,En agglomération,Hors intersection,Normale,Sans collision,,,,,,,,,,,1,2,1,1,7
200600064637,0006-10-14 13:40:00,6,10,14,13,40,920,22,PAVE DE MEUDON (ROUTE DU,,,Plein jour,En agglomération,Hors intersection,Normale,Autre collision,,,,,,,,,,,1,2,1,1,6
200600064638,0006-10-20 19:30:00,6,10,20,19,30,920,77,"31bis, VERSAILLES (RUE D",,,Nuit avec éclairage allumé,En agglomération,Hors intersection,Normale,Deux véhicules - arrière,,,,,,,,,,,5,2,1,1,2
200600064639,0006-10-22 16:00:00,6,10,22,16,0,920,77,COROT (RUE),,,Plein jour,En agglomération,Hors intersection,Normale,Autre collision,,,,,,,,,,,1,2,1,1,6
200600064640,0006-10-27 08:00:00,6,10,27,8,0,920,72,"143, GRANDE RUE",,,Plein jour,En agglomération,Hors intersection,Normale,Autre collision,,,,,,,,,,,1,2,1,1,6
200600064641,0006-10-30 22:30:00,6,10,30,22,30,920,72,"15-17, GRANDE RUE",,,Nuit avec éclairage allumé,En agglomération,Hors intersection,Normale,Trois véhicules et plus - en chaîne,,,,,,,,,,,5,2,1,1,4
200600064642,0006-10-31 18:25:00,6,10,31,18,25,920,77,"69, SEVRES (RUE DE)",,,Nuit avec éclairage allumé,En agglomération,Hors intersection,Normale,Deux véhicules - frontale,,,,,,,,,,,5,2,1,1,1
200600064643,0006-10-05 13:10:00,6,10,5,13,10,920,73,"10, BLUM (QUAI LEON)",,,Plein jour,En agglomération,Hors intersection,Normale,Trois véhicules et plus - en chaîne,,,,,,,,,,,1,2,1,1,4
200600064644,0006-10-10 18:45:00,6,10,10,18,45,920,73,"1, BERNARD (AVENUE DU PR",,,Plein jour,En agglomération,Hors intersection,Normale,Autre collision,,,,,,,,,,,1,2,1,1,6
200600064645,0006-10-12 09:45:00,6,10,12,9,45,920,73,"2, LONGCHAMP (ALLEE DE)",,,Plein jour,En agglomération,Intersection en T,Pluie légère,Autre collision,,,,,,,,,,,1,2,3,2,6
200600064646,0006-10-19 21:05:00,6,10,19,21,5,920,73,"28, JAURES (AVENUE JEAN)",,,Nuit avec éclairage allumé,En agglomération,Intersection à plus de 4 branches,Normale,Deux véhicules - frontale,,,,,,,,,,,5,2,5,1,1
200600064647,0006-10-20 14:00:00,6,10,20,14,0,920,73,"10, BLUM (QUAI LEON)",,,Plein jour,En agglomération,Intersection en T,Normale,Deux véhicules - arrière,,,,,,,,,,,1,2,3,1,2
200600064648,0006-10-26 17:40:00,6,10,26,17,40,920,73,"1, CROIX-DU-ROY (CARREFO",,,Plein jour,En agglomération,Intersection à plus de 4 branches,Normale,Autre collision,,,,,,,,,,,1,2,5,1,6
200600064649,0006-10-03 19:50:00,6,10,3,19,50,920,46,CAMELINAT,,,Nuit avec éclairage allumé,En agglomération,Intersection en X,Normale,Autre collision,,,,,,,,,,,5,2,2,1,6
200600064650,0006-10-09 21:20:00,6,10,9,21,20,920,46,"-, Avenue Pierre Larouss",,,Nuit avec éclairage allumé,En agglomération,Intersection en T,Pluie légère,Deux véhicules - arrière,,,,,,,,,,,5,2,3,2,2
200600064651,0006-10-15 08:45:00,6,10,15,8,45,920,46,Avenue Pierre Larousse,,,Plein jour,En agglomération,Intersection en T,Normale,Deux véhicules - côté,,,,,,,,,,,1,2,3,1,3
200600064652,0006-10-16 13:40:00,6,10,16,13,40,920,46,"-, EUGENE VARLIN",,,Plein jour,En agglomération,Intersection en T,Normale,Autre collision,,,,,,,,,,,1,2,3,1,6
200600064653,0006-10-17 12:10:00,6,10,17,12,10,920,46,AUGUSTIN DUMONT,,,Plein jour,En agglomération,Intersection en T,Normale,Autre collision,,,,,,,,,,,1,2,3,1,6
200600064654,0006-10-17 22:20:00,6,10,17,22,20,920,46,"-, AVAULEE (RUE)",,,Nuit avec éclairage allumé,En agglomération,Intersection en X,Normale,Deux véhicules - frontale,,,,,,,,,,,5,2,2,1,1
200600064655,0006-10-19 12:40:00,6,10,19,12,40,920,46,GABRIEL PERI,,,Plein jour,En agglomération,Intersection en X,Normale,Deux véhicules - arrière,,,,,,,,,,,1,2,2,1,2
200600064656,0006-10-20 16:55:00,6,10,20,16,55,920,46,"-, CAMELINAT",,,Plein jour,En agglomération,Intersection en X,Normale,Autre collision,,,,,,,,,,,1,2,2,1,6
200600064657,0006-10-25 10:15:00,6,10,25,10,15,920,46,GABRIEL PERI,,,Plein jour,En agglomération,Intersection en X,Normale,Autre collision,,,,,,,,,,,1,2,2,1,6
200600064658,0006-10-28 16:30:00,6,10,28,16,30,920,75,MARCEL MARTINIE (AVENUE),,,Plein jour,En agglomération,Intersection en X,Normale,Trois véhicules et plus - collisions multiples,,,,,,,,,,,1,2,2,1,5
200600064659,0006-10-30 15:50:00,6,10,30,15,50,920,46,PIERRE LAROUSSE (AVENUE),,,Plein jour,En agglomération,Intersection en X,Normale,Deux véhicules - côté,,,,,,,,,,,1,2,2,1,3
200600064660,0006-10-30 18:40:00,6,10,30,18,40,920,46,bld du Colonel Fabien,,,Nuit avec éclairage allumé,En agglomération,Hors intersection,Normale,Deux véhicules - côté,,,,,,,,,,,5,2,1,1,3
200600064661,0006-10-31 07:10:00,6,10,31,7,10,920,46,PIERRE BROSSOLETTE,,,Nuit avec éclairage allumé,En agglomération,Intersection en T,Normale,Autre collision,,,,,,,,,,,5,2,3,1,6
200600064662,0006-10-01 18:55:00,6,10,1,18,55,920,78,VERDUN (AVENUE) (IMPAIRS,,,Plein jour,En agglomération,Intersection en X,Normale,Deux véhicules - côté,,,,,,,,,,,1,2,2,1,3
200600064663,0006-10-03 07:35:00,6,10,3,7,35,920,78,"2, MARECHAL LECLERC (AVE",,,Crépuscule ou aube,En agglomération,Intersection en T,Pluie légère,Deux véhicules - côté,,,,,,,,,,,2,2,3,2,3
200600064664,0006-10-11 15:35:00,6,10,11,15,35,920,78,"4, FOSSE ASTRES (RUE) (J",,,Plein jour,En agglomération,Hors intersection,Normale,Autre collision,,,,,,,,,,,1,2,1,1,6
200600064665,0006-10-12 15:05:00,6,10,12,15,5,920,78,"214, GALLIENI (BD) (154",,,Plein jour,En agglomération,Hors intersection,Normale,Autre collision,,,,,,,,,,,1,2,1,1,6
200600064666,0006-10-24 07:55:00,6,10,24,7,55,920,78,"75, VERDUN (AVENUE) (IMP",,,Crépuscule ou aube,En agglomération,Hors intersection,Pluie légère,Autre collision,,,,,,,,,,,2,2,1,2,6
200600064667,0006-10-21 15:05:00,6,10,21,15,5,920,78,"FACE  N3, HAUT DE LA NOU",,,Plein jour,En agglomération,Hors intersection,Normale,Autre collision,,,,,,,,,,,1,2,1,1,6
200600064668,0006-10-20 18:20:00,6,10,20,18,20,920,78,VIEUX CHEMIN DE ST DENIS,,,Plein jour,En agglomération,Intersection en Y,Normale,Deux véhicules - côté,,,,,,,,,,,1,2,4,1,3
200600064669,0006-10-08 07:30:00,6,10,8,7,30,920,78,"0, VERDUN (AVENUE) (IMPA",,,Nuit avec éclairage allumé,En agglomération,Intersection en T,Normale,Deux véhicules - côté,,,,,,,,,,,5,2,3,1,3
200600064670,0006-10-16 12:10:00,6,10,16,12,10,920,78,"0, MARECHAL LECLERC (AVE",,,Plein jour,En agglomération,Intersection en X,Normale,Deux véhicules - côté,,,,,,,,,,,1,2,2,1,3
200600064671,0006-10-16 14:00:00,6,10,16,14,0,920,78,"0, BONGARDE (RUE)",,,Plein jour,En agglomération,Intersection en X,Normale,Trois véhicules et plus - collisions multiples,,,,,,,,,,,1,2,2,1,5
200600064672,0006-10-02 14:15:00,6,10,2,14,15,930,1,"78, SADI CARNOT (RUE)  (",,,Plein jour,En agglomération,Intersection en X,Pluie légère,Deux véhicules - côté,,,,,,,,,,,1,2,2,2,3
200600064673,0006-10-04 19:10:00,6,10,4,19,10,930,1,"33, ANATOLE FRANCE  (BLD",,,Plein jour,En agglomération,Intersection en T,Normale,Deux véhicules - frontale,,,,,,,,,,,1,2,3,1,1
200600064674,0006-10-06 11:25:00,6,10,6,11,25,930,1,"1, LOPEZ ET JULES MARTIN",,,Plein jour,En agglomération,Passage à niveau,Temps couvert,Autre collision,,,,,,,,,,,1,2,8,8,6
200600064675,0006-10-09 11:00:00,6,10,9,11,0,930,1,"97, VICTOR HUGO (AVE)  =",,,Plein jour,En agglomération,Hors intersection,Normale,Deux véhicules - côté,,,,,,,,,,,1,2,1,1,3
200600064676,0006-10-10 11:30:00,6,10,10,11,30,930,1,"122, VICTOR HUGO (AVE)",,,Plein jour,En agglomération,Hors intersection,Normale,Autre collision,,,,,,,,,,,1,2,1,1,6
200600064677,0006-10-12 08:05:00,6,10,12,8,5,930,1,"46, LANDY (RUE DU) 34/29",,,Crépuscule ou aube,En agglomération,Hors intersection,Pluie légère,Deux véhicules - côté,,,,,,,,,,,2,2,1,2,3
200600064678,0006-10-16 14:15:00,6,10,16,14,15,930,1,"107, REPUBLIQUE (AVE DE",,,Plein jour,En agglomération,Hors intersection,Normale,Autre collision,,,,,,,,,,,1,2,1,1,6
200600064679,0006-10-20 16:00:00,6,10,20,16,0,930,1,"41-43, PRESIDENT ROOSEVE",,,Plein jour,En agglomération,Intersection en T,Pluie légère,Trois véhicules et plus - en chaîne,,,,,,,,,,,1,2,3,2,4
200600064680,0006-10-22 22:15:00,6,10,22,22,15,930,1,"15, EDOUARD VAILLANT (BL",,,Nuit avec éclairage allumé,En agglomération,Intersection en T,Pluie légère,Autre collision,,,,,,,,,,,5,2,3,2,6
200600064681,0006-10-23 13:10:00,6,10,23,13,10,930,1,"119, FELIX FAURE (BLD)",,,Plein jour,En agglomération,Hors intersection,Normale,Deux véhicules - arrière,,,,,,,,,,,1,2,1,1,2
200600064682,0006-10-24 10:10:00,6,10,24,10,10,930,1,"43, PRESIDENT ROOSEVELT",,,Plein jour,En agglomération,Intersection en X,Pluie légère,Deux véhicules - côté,,,,,,,,,,,1,2,2,2,3
200600064683,0006-10-24 14:05:00,6,10,24,14,5,930,1,"12, MALADRERIE (RUE DE L",,,Plein jour,En agglomération,Hors intersection,Normale,Autre collision,,,,,,,,,,,1,2,1,1,6
200600064684,0006-10-26 14:23:00,6,10,26,14,23,930,1,"174, JEAN JAURES  (AVE)",,,Plein jour,En agglomération,Hors intersection,Normale,Deux véhicules - côté,,,,,,,,,,,1,2,1,1,3
200600064685,0006-10-26 22:35:00,6,10,26,22,35,930,1,PONT BLANC.CHARLES TILLO,,,Nuit avec éclairage allumé,En agglomération,Intersection à plus de 4 branches,Normale,Deux véhicules - côté,,,,,,,,,,,5,2,5,1,3
200600064686,0006-10-27 21:30:00,6,10,27,21,30,930,1,"154, HENRI BARBUSSE (RUE",,,Nuit avec éclairage allumé,En agglomération,Hors intersection,Normale,Autre collision,,,,,,,,,,,5,2,1,1,6