accident_id,datetime,annee,mois,jour,heure,minute,departement,commune_insee,adresse,latitude,longitude,luminosite,agglomeration,intersection,meteo,collision,nb_vehicules,nb_usagers,nb_indemnes,nb_tues,nb_blesses_hosp,nb_blesses_legers,age_cond_1,age_cond_2,veh_type_cond_1,veh_type_cond_2,lum_code,agg_code,int_code,atm_code,col_code
200600064687,0006-10-28 14:05:00,6,10,28,14,5,930,1,"15, LANDY (PONT DU)",,,Plein jour,En agglomération,Hors intersection,Normale,Autre collision,,,,,,,,,,,1,2,1,1,6
200600064688,0006-10-28 15:20:00,6,10,28,15,20,930,1,CITES (RUE DES)  => 91,,,Plein jour,En agglomération,Hors intersection,Normale,Deux véhicules - arrière,,,,,,,,,,,1,2,1,1,2
200600064689,0006-10-31 17:38:00,6,10,31,17,38,930,1,"26, VILLEBOIS-MAREUIL (R",,,Plein jour,En agglomération,Hors intersection,Normale,Autre collision,,,,,,,,,,,1,2,1,1,6
200600064690,0006-10-01 20:25:00,6,10,1,20,25,930,5,"01, GEORGES BRAQUE (BOUL",,,Nuit avec éclairage allumé,En agglomération,Giratoire,Pluie légère,Deux véhicules - côté,,,,,,,,,,,5,2,6,2,3
200600064691,0006-10-02 05:30:00,6,10,2,5,30,930,5,"néant, CAMILLE DESMOULIN",,,Nuit avec éclairage allumé,En agglomération,Hors intersection,Normale,Autre collision,,,,,,,,,,,5,2,1,1,6
200600064692,0006-10-05 08:50:00,6,10,5,8,50,930,5,"12, CHARLES GOUPPY (RUE)",,,Plein jour,En agglomération,Hors intersection,Normale,Trois véhicules et plus - collisions multiples,,,,,,,,,,,1,2,1,1,5
200600064693,0006-10-06 19:50:00,6,10,6,19,50,930,5,"37, QUATORZE JUILLET (AV",,,Nuit avec éclairage allumé,En agglomération,Hors intersection,Pluie forte,Autre collision,,,,,,,,,,,5,2,1,3,6
200600064694,0006-10-07 00:40:00,6,10,7,0,40,930,5,JEAN CHARCOT [CD115] (RU,,,Nuit avec éclairage allumé,En agglomération,Intersection en T,Normale,Deux véhicules - côté,,,,,,,,,,,5,2,3,1,3
200600064695,0006-10-03 16:30:00,6,10,3,16,30,930,5,JEAN MONET (CARREFOUR),,,Plein jour,En agglomération,Giratoire,Normale,Autre collision,,,,,,,,,,,1,2,6,1,6
200600064696,0006-10-11 08:17:00,6,10,11,8,17,930,5,"NEANT, GASTON CHAUVIN (A",,,Plein jour,En agglomération,Intersection en T,Normale,Deux véhicules - côté,,,,,,,,,,,1,2,3,1,3
200600064697,0006-10-08 06:30:00,6,10,8,6,30,930,5,"NEANT, KLEBER (AVENUE)",,,Nuit avec éclairage allumé,En agglomération,Intersection en X,Normale,Deux véhicules - côté,,,,,,,,,,,5,2,2,1,3
200600064698,0006-10-24 17:20:00,6,10,24,17,20,930,5,SUZANNE LENGLEN (AVENUE),,,Plein jour,En agglomération,Intersection en Y,Normale,Deux véhicules - arrière,,,,,,,,,,,1,2,4,1,2
200600064699,0006-10-27 15:00:00,6,10,27,15,0,930,5,"44, LOUISE MICHEL (RUE)",,,Plein jour,En agglomération,Hors intersection,Normale,Deux véhicules - arrière,,,,,,,,,,,1,2,1,1,2
200600064700,0006-10-01 11:00:00,6,10,1,11,0,930,7,"12, ""HENRI BARBUSSE (AVE",,,Plein jour,En agglomération,Hors intersection,Normale,Autre collision,,,,,,,,,,,1,2,1,1,6
200600064701,0006-10-11 15:48:00,6,10,11,15,48,930,7,VICTOIRE (RUE DE LA),,,Plein jour,En agglomération,Intersection en T,Normale,Deux véhicules - frontale,,,,,,,,,,,1,2,3,1,1
200600064702,0006-10-20 20:25:00,6,10,20,20,25,930,7,"21, GAMBETTA (AVENUE)",,,Nuit avec éclairage allumé,En agglomération,Intersection en T,Normale,Autre collision,,,,,,,,,,,5,2,3,1,6
200600064703,0006-10-25 23:30:00,6,10,25,23,30,930,7,"32, ARISTIDE BRIAND (AVE",,,Nuit avec éclairage allumé,En agglomération,Hors intersection,Normale,Sans collision,,,,,,,,,,,5,2,1,1,7
200600064704,0006-10-26 18:20:00,6,10,26,18,20,930,7,"0, ARISTIDE BRIAND (AVEN",,,Crépuscule ou aube,En agglomération,Intersection en T,Normale,Deux véhicules - côté,,,,,,,,,,,2,2,3,1,3
200600064705,0006-10-30 09:34:00,6,10,30,9,34,930,7,8 MAI 45 (AVENUE DU 184,,,Plein jour,En agglomération,Intersection en T,Normale,Deux véhicules - arrière,,,,,,,,,,,1,2,3,1,2
200600064706,0006-10-02 13:35:00,6,10,2,13,35,930,8,SEMARD (AVENUE PIERRE),,,Plein jour,En agglomération,Hors intersection,Pluie légère,Sans collision,,,,,,,,,,,1,2,1,2,7
200600064707,0006-10-03 15:40:00,6,10,3,15,40,930,8,"33, BERLIOZ (RUE HECTOR)",,,Plein jour,En agglomération,Intersection en Y,Pluie légère,Autre collision,,,,,,,,,,,1,2,4,2,6
200600064708,0006-10-04 09:05:00,6,10,4,9,5,930,8,"11, VAILLANT COUTURIER (",,,Plein jour,En agglomération,Hors intersection,Normale,Deux véhicules - côté,,,,,,,,,,,1,2,1,1,3
200600064709,0006-10-09 09:00:00,6,10,9,9,0,930,8,PARIS (RUE DE),,,Plein jour,En agglomération,Autre intersection,Normale,Deux véhicules - arrière,,,,,,,,,,,1,2,9,1,2
200600064710,0006-10-15 21:40:00,6,10,15,21,40,930,8,", PLACE SAINT JUSTE",,,Nuit avec éclairage allumé,En agglomération,Giratoire,Normale,Autre collision,,,,,,,,,,,5,2,6,1,6
200600064711,0006-10-22 19:40:00,6,10,22,19,40,930,8,VAILLANT COUTURIER (AVEN,,,Nuit avec éclairage allumé,En agglomération,Hors intersection,Pluie légère,Autre collision,,,,,,,,,,,5,2,1,2,6
200600064712,0006-10-24 22:10:00,6,10,24,22,10,930,8,", MARAT (RUE)",,,Nuit avec éclairage allumé,En agglomération,Hors intersection,Normale,Autre collision,,,,,,,,,,,5,2,1,1,6
200600064713,0006-10-26 10:45:00,6,10,26,10,45,930,8,"1, CARNOT (RUE)",,,Plein jour,En agglomération,Hors intersection,Normale,Autre collision,,,,,,,,,,,1,2,1,1,6
200600064714,0006-10-30 13:15:00,6,10,30,13,15,930,8,THOREZ (BOULEVARD MAURIC,,,Plein jour,En agglomération,Hors intersection,Normale,Autre collision,,,,,,,,,,,1,2,1,1,6
200600064715,0006-10-06 14:20:00,6,10,6,14,20,930,10,"ignore, GALLIENI (AV.) D",,,Plein jour,En agglomération,Hors intersection,Normale,Deux véhicules - arrière,,,,,,,,,,,1,2,1,1,2
200600064716,0006-10-08 14:45:00,6,10,8,14,45,930,10,"ignore, BONDY (PONT)",,,Plein jour,En agglomération,Hors intersection,Normale,Autre collision,,,,,,,,,,,1,2,1,1,6
200600064717,0006-10-13 09:15:00,6,10,13,9,15,930,57,"Ignoré, CROIX BLANCHE (A",,,Plein jour,En agglomération,Giratoire,Normale,Deux véhicules - frontale,,,,,,,,,,,1,2,6,1,1
200600064718,0006-10-20 09:40:00,6,10,20,9,40,930,10,"IGN, FRANCE (AV. ANATOLE",,,Plein jour,En agglomération,Intersection en X,Pluie légère,Deux véhicules - côté,,,,,,,,,,,1,2,2,2,3
200600064719,0006-10-24 09:20:00,6,10,24,9,20,930,10,"IGNORE, POLISSARD (RUE A",,,Plein jour,En agglomération,Hors intersection,Normale,Deux véhicules - côté,,,,,,,,,,,1,2,1,1,3
200600064720,0006-10-07 22:10:00,6,10,7,22,10,930,27,MUSSET (PLACE ALFRED DE),,,Nuit avec éclairage allumé,En agglomération,Hors intersection,Normale,Autre collision,,,,,,,,,,,5,2,1,1,6
200600064721,0006-10-10 08:45:00,6,10,10,8,45,930,13,LECLERC (AVENU DE LA DIV,,,Plein jour,En agglomération,Hors intersection,Brouillard / fumée,Autre collision,,,,,,,,,,,1,2,1,5,6
200600064722,0006-10-10 10:25:00,6,10,10,10,25,930,27,BOBIGNY (RUE DE),,,Plein jour,En agglomération,Intersection en T,Normale,Autre collision,,,,,,,,,,,1,2,3,1,6
200600064723,0006-10-22 14:50:00,6,10,22,14,50,930,27,"97, PASTEUR (BOULEVARD)",,,Plein jour,En agglomération,Intersection en Y,Normale,Autre collision,,,,,,,,,,,1,2,4,1,6
200600064724,0006-10-25 11:50:00,6,10,25,11,50,930,13,"1, NIORT (RUE DE L'ABBE)",,,Plein jour,En agglomération,Intersection en X,Normale,Deux véhicules - arrière,,,,,,,,,,,1,2,2,1,2
200600064725,0006-10-26 08:05:00,6,10,26,8,5,930,30,", HUIT-MAI-1945 (AVENUE",,,Plein jour,Hors agglomération,Hors intersection,Normale,Autre collision,,,,,,,,,,,1,1,1,1,6
200600064726,0006-10-26 14:23:00,6,10,26,14,23,930,27,"174, JAURES (AVENUE JEAN",,,Plein jour,En agglomération,Hors intersection,Normale,Deux véhicules - côté,,,,,,,,,,,1,2,1,1,3
200600064727,0006-10-08 02:55:00,6,10,8,2,55,930,29,"1, ALSACE LORRAINE",,,Nuit avec éclairage allumé,En agglomération,Intersection en X,Normale,Deux véhicules - côté,,,,,,,,,,,5,2,2,1,3
200600064728,0006-10-10 08:22:00,6,10,10,8,22,930,29,STALINGRAD (DE),,,Plein jour,En agglomération,Intersection en X,Pluie légère,Deux véhicules - côté,,,,,,,,,,,1,2,2,2,3
200600064729,0006-10-10 12:05:00,6,10,10,12,5,930,29,"1, JEAN-LOU CHRETIEN",,,Plein jour,En agglomération,Hors intersection,Normale,Autre collision,,,,,,,,,,,1,2,1,1,6
200600064730,0006-10-12 18:20:00,6,10,12,18,20,930,29,"78, JEAN JAURES (AVENUE)",,,Plein jour,En agglomération,Hors intersection,Normale,Autre collision,,,,,,,,,,,1,2,1,1,6
200600064731,0006-10-16 20:45:00,6,10,16,20,45,930,29,"234, HENRI BARBUSSE (AVE",,,Plein jour,En agglomération,Hors intersection,Normale,Deux véhicules - côté,,,,,,,,,,,1,2,1,1,3
200600064732,0006-10-18 10:00:00,6,10,18,10,0,930,29,"135, HENRI BARBUSSE (AVE",,,Crépuscule ou aube,En agglomération,Hors intersection,Normale,Deux véhicules - côté,,,,,,,,,,,2,2,1,1,3
200600064733,0006-10-19 16:55:00,6,10,19,16,55,930,29,"178, HENRI BARBUSSE (AVE",,,Plein jour,En agglomération,Hors intersection,Temps couvert,Deux véhicules - arrière,,,,,,,,,,,1,2,1,8,2
200600064734,0006-10-20 09:30:00,6,10,20,9,30,930,29,PAUL VAILLANT COUTURIER,,,Plein jour,En agglomération,Hors intersection,Pluie légère,Autre collision,,,,,,,,,,,1,2,1,2,6
200600064735,0006-10-22 12:30:00,6,10,22,12,30,930,29,"58, MARCEAU (AVENUE) N°",,,Plein jour,En agglomération,Hors intersection,Normale,Autre collision,,,,,,,,,,,1,2,1,1,6
200600064736,0006-10-26 16:45:00,6,10,26,16,45,930,29,"124, JEAN JAURES (AVENUE",,,Plein jour,En agglomération,Intersection en T,Normale,Deux véhicules - côté,,,,,,,,,,,1,2,3,1,3
200600064737,0006-10-27 21:05:00,6,10,27,21,5,930,29,FAIDHERBE,,,Nuit avec éclairage allumé,En agglomération,Intersection en T,Normale,Deux véhicules - côté,,,,,,,,,,,5,2,3,1,3
200600064738,0006-10-19 16:55:00,6,10,19,16,55,930,31,"8, DIJON",,,Plein jour,En agglomération,Hors intersection,Normale,Autre collision,,,,,,,,,,,1,2,1,1,6
200600064739,0006-10-04 15:15:00,6,10,4,15,15,930,79,"1, DIVISION LECLERC (AV)",,,Plein jour,En agglomération,Giratoire,Pluie légère,Autre collision,,,,,,,,,,,1,2,6,2,6
200600064740,0006-10-01 18:30:00,6,10,1,18,30,930,31,"10 A, PARIS (RUE DE) 1 à",,,Plein jour,En agglomération,Hors intersection,Normale,Autre collision,,,,,,,,,,,1,2,1,1,6
200600064741,0006-10-12 20:10:00,6,10,12,20,10,930,31,"6, FOCH (BOULEVARD)",,,Nuit avec éclairage allumé,En agglomération,Autre intersection,Normale,Deux véhicules - frontale,,,,,,,,,,,5,2,9,1,1
200600064742,0006-10-15 22:45:00,6,10,15,22,45,930,79,"1, JEAN BAPTISTE CLEMENT",,,Nuit avec éclairage allumé,En agglomération,Intersection en Y,Normale,Deux véhicules - côté,,,,,,,,,,,5,2,4,1,3
200600064743,0006-10-17 08:50:00,6,10,17,8,50,930,31,"48 BIS, FOCH (BOULEVARD)",,,Plein jour,En agglomération,Hors intersection,Normale,Autre collision,,,,,,,,,,,1,2,1,1,6
200600064744,0006-10-20 07:20:00,6,10,20,7,20,930,31,"1, JEAN JAURES (AVENUE)",,,Nuit avec éclairage allumé,En agglomération,Intersection en T,Pluie légère,Autre collision,,,,,,,,,,,5,2,3,2,6
200600064745,0006-10-26 16:50:00,6,10,26,16,50,930,31,"11, HUIT MAI 1945 (RUE D",,,Plein jour,En agglomération,Intersection en T,Normale,Autre collision,,,,,,,,,,,1,2,3,1,6
200600064746,0006-10-27 22:15:00,6,10,27,22,15,930,31,"42, JOFFRE (AVENUE)",,,Nuit avec éclairage allumé,En agglomération,Hors intersection,Normale,Autre collision,,,,,,,,,,,5,2,1,1,6
200600064747,0006-10-27 23:10:00,6,10,27,23,10,930,79,"85, MAURICE GRANDCOING",,,Nuit avec éclairage allumé,En agglomération,Hors intersection,Normale,Deux véhicules - frontale,,,,,,,,,,,5,2,1,1,1
200600064748,0006-10-03 19:00:00,6,10,3,19,0,930,32,"35, CHEMIN DE FER   (RUE",,,Crépuscule ou aube,En agglomération,Hors intersection,Pluie légère,Autre collision,,,,,,,,,,,2,2,1,2,6
200600064749,0006-10-06 18:00:00,6,10,6,18,0,930,47,COUBRON,,,Plein jour,En agglomération,Hors intersection,Temps couvert,Autre collision,,,,,,,,,,,1,2,1,8,6
200600064750,0006-10-10 14:00:00,6,10,10,14,0,930,47,", GENERAL LECLERC  (RUE",,,Plein jour,En agglomération,Intersection en T,Normale,Deux véhicules - arrière,,,,,,,,,,,1,2,3,1,2
200600064751,0006-10-16 08:15:00,6,10,16,8,15,930,32,", MARE   (RUE DE LA)",,,Plein jour,En agglomération,Intersection en T,Normale,Deux véhicules - côté,,,,,,,,,,,1,2,3,1,3
200600064752,0006-10-18 08:00:00,6,10,18,8,0,930,32,JEAN JAURES (AVENUE),,,Crépuscule ou aube,En agglomération,Intersection en X,Pluie légère,Deux véhicules - côté,,,,,,,,,,,2,2,2,2,3
200600064753,0006-10-19 14:25:00,6,10,19,14,25,930,47,GENERAL DE GAULLE (RUE D,,,Plein jour,En agglomération,Intersection en X,Temps couvert,Deux véhicules - côté,,,,,,,,,,,1,2,2,8,3
200600064754,0006-10-25 14:00:00,6,10,25,14,0,930,32,"5, GEORGES SAND   (RUE)",,,Plein jour,En agglomération,Hors intersection,Normale,Autre collision,,,,,,,,,,,1,2,1,1,6
200600064755,0006-10-28 14:35:00,6,10,28,14,35,930,47,JEAN JAURES (AVENUE),,,Plein jour,En agglomération,Hors intersection,Normale,Autre collision,,,,,,,,,,,1,2,1,1,6
200600064756,0006-10-28 15:10:00,6,10,28,15,10,930,47,DEGAS (RUE),,,Plein jour,En agglomération,Hors intersection,Normale,Autre collision,,,,,,,,,,,1,2,1,1,6
200600064757,0006-10-31 22:10:00,6,10,31,22,10,930,47,"74, GENERAL DE GAULLE (R",,,Nuit avec éclairage allumé,En agglomération,Hors intersection,Normale,Deux véhicules - côté,,,,,,,,,,,5,2,1,1,3
200600064758,0006-10-04 08:05:00,6,10,4,8,5,930,63,"108, NOISY ROUTE DE",,,Plein jour,En agglomération,Intersection en T,Normale,Deux véhicules - frontale,,,,,,,,,,,1,2,3,1,1
200600064759,0006-10-05 13:20:00,6,10,5,13,20,930,6,"55, DHUYS AV DE LA",,,Plein jour,En agglomération,Hors intersection,Normale,Autre collision,,,,,,,,,,,1,2,1,1,6
200600064760,0006-10-06 06:45:00,6,10,6,6,45,930,63,"angle, BARBUSSE HENRI BO",,,Nuit avec éclairage allumé,En agglomération,Intersection en X,Normale,Autre collision,,,,,,,,,,,5,2,2,1,6
200600064761,0006-10-06 14:00:00,6,10,6,14,0,930,63,"22, JOLIOT-CURIE IRENE",,,Plein jour,En agglomération,Hors intersection,Normale,Autre collision,,,,,,,,,,,1,2,1,1,6
200600064762,0006-10-07 15:45:00,6,10,7,15,45,930,45,"ignoré, JAURES BD JEAN",,,Plein jour,En agglomération,Autre intersection,Normale,Autre collision,,,,,,,,,,,1,2,9,1,6
200600064763,0006-10-08 20:05:00,6,10,8,20,5,930,63,"ignoré, BRANLY BD EDOUAR",,,Nuit avec éclairage allumé,En agglomération,Giratoire,Normale,Deux véhicules - arrière,,,,,,,,,,,5,2,6,1,2
200600064764,0006-10-12 19:30:00,6,10,12,19,30,930,63,"92, MONTREUIL ROUTE DE",,,Crépuscule ou aube,En agglomération,Hors intersection,Normale,Deux véhicules - frontale,,,,,,,,,,,2,2,1,1,1
200600064765,0006-10-13 14:15:00,6,10,13,14,15,930,6,"FACE 189, PASTEUR AV.",,,Plein jour,En agglomération,Intersection en Y,Normale,Deux véhicules - arrière,,,,,,,,,,,1,2,4,1,2
200600064766,0006-10-17 17:00:00,6,10,17,17,0,930,6,"36, CHAMPEAUX RUE DES",,,Plein jour,Hors agglomération,Hors intersection,Normale,Autre collision,,,,,,,,,,,1,1,1,1,6
200600064767,0006-10-17 19:00:00,6,10,17,19,0,930,63,"73, VERDUN AVENUE DE",,,Crépuscule ou aube,En agglomération,Hors intersection,Normale,Deux véhicules - côté,,,,,,,,,,,2,2,1,1,3
200600064768,0006-10-18 13:55:00,6,10,18,13,55,930,63,"angle, NORMANDIE-NIEMEN",,,Plein jour,En agglomération,Intersection en T,Normale,Deux véhicules - arrière,,,,,,,,,,,1,2,3,1,2
200600064769,0006-10-23 07:15:00,6,10,23,7,15,930,63,"ignoré, CARNOT PLACE",,,Nuit avec éclairage allumé,En agglomération,Place,Normale,Autre collision,,,,,,,,,,,5,2,7,1,6
200600064770,0006-10-23 10:15:00,6,10,23,10,15,930,6,"ignoré, REPUBLIQUE AVENU",,,Plein jour,En agglomération,Hors intersection,Normale,Deux véhicules - côté,,,,,,,,,,,1,2,1,1,3
200600064771,0006-10-28 10:30:00,6,10,28,10,30,930,6,"154, GALLIENI  AV.",,,Plein jour,En agglomération,Hors intersection,Normale,Autre collision,,,,,,,,,,,1,2,1,1,6
200600064772,0006-10-30 08:50:00,6,10,30,8,50,930,6,"142, PASTEUR AV.",,,Plein jour,En agglomération,Hors intersection,Normale,Deux véhicules - arrière,,,,,,,,,,,1,2,1,1,2
200600064773,0006-10-04 15:40:00,6,10,4,15,40,930,46,CHATEAU GOBILLON ALLEE D,,,Plein jour,En agglomération,Intersection à plus de 4 branches,Pluie forte,Deux véhicules - côté,,,,,,,,,,,1,2,5,3,3
200600064774,0006-10-08 10:40:00,6,10,8,10,40,930,74,"69, MEAUX RUE DE",,,Plein jour,En agglomération,Intersection en X,Normale,Deux véhicules - côté,,,,,,,,,,,1,2,2,1,3
200600064775,0006-10-09 07:35:00,6,10,9,7,35,930,46,ROGER SALENGRO BOULEVARD,,,Nuit avec éclairage allumé,En agglomération,Intersection en X,Normale,Deux véhicules - côté,,,,,,,,,,,5,2,2,1,3
200600064776,0006-10-08 10:30:00,6,10,8,10,30,930,46,", JACOB RUE ET PLACE",,,Plein jour,En agglomération,Autre intersection,Normale,Autre collision,,,,,,,,,,,1,2,9,1,6
200600064777,0006-10-11 12:05:00,6,10,11,12,5,930,46,"36, EUGENE MASSE RUE",,,Plein jour,En agglomération,Hors intersection,Normale,Autre collision,,,,,,,,,,,1,2,1,1,6
200600064778,0006-10-14 13:00:00,6,10,14,13,0,930,46,"NR, FERNAND PELOUTIER AV",,,Plein jour,En agglomération,Intersection en X,Normale,Deux véhicules - côté,,,,,,,,,,,1,2,2,1,3
200600064779,0006-10-16 19:15:00,6,10,16,19,15,930,46,"0000, GUTEMBERG BOULEVAR",,,Nuit avec éclairage allumé,En agglomération,Hors intersection,Normale,Autre collision,,,,,,,,,,,5,2,1,1,6
200600064780,0006-10-17 23:15:00,6,10,17,23,15,930,46,KENNEDY AVENUE DU PRESID,,,Nuit avec éclairage allumé,En agglomération,Intersection en X,Normale,Deux véhicules - côté,,,,,,,,,,,5,2,2,1,3
200600064781,0006-10-18 07:25:00,6,10,18,7,25,930,74,"185, MEAUX RUE DE",,,Nuit avec éclairage allumé,En agglomération,Hors intersection,Pluie légère,Deux véhicules - côté,,,,,,,,,,,5,2,1,2,3
200600064782,0006-10-18 19:05:00,6,10,18,19,5,930,74,"87, MEAUX RUE DE",,,Nuit avec éclairage allumé,En agglomération,Hors intersection,Normale,Autre collision,,,,,,,,,,,5,2,1,1,6
200600064783,0006-10-20 12:25:00,6,10,20,12,25,930,46,"55-67, COLONEL FABIEN AV",,,Plein jour,En agglomération,Hors intersection,Normale,Deux véhicules - frontale,,,,,,,,,,,1,2,1,1,1
200600064784,0006-10-23 08:40:00,6,10,23,8,40,930,46,"104, ARISTIDE BRIAND AVE",,,Plein jour,En agglomération,Hors intersection,Normale,Trois véhicules et plus - en chaîne,,,,,,,,,,,1,2,1,1,4
200600064785,0006-10-23 11:50:00,6,10,23,11,50,930,46,"62bis, RICHELIEU ALLEE",,,Plein jour,En agglomération,Hors intersection,Normale,Autre collision,,,,,,,,,,,1,2,1,1,6
200600064786,0006-10-23 17:05:00,6,10,23,17,5,930,46,"61, MARECHAL LECLERC AVE",,,Plein jour,En agglomération,Hors intersection,Pluie légère,Sans collision,,,,,,,,,,,1,2,1,2,7
200600064787,0006-10-23 17:25:00,6,10,23,17,25,930,46,"40, CONSUL GENERAL NORDL",,,Plein jour,En agglomération,Hors intersection,Pluie légère,Deux véhicules - côté,,,,,,,,,,,1,2,1,2,3
200600064788,0006-10-25 09:35:00,6,10,25,9,35,930,46,EMILE GERARD AVENUE,,,Plein jour,En agglomération,Giratoire,Normale,Deux véhicules - côté,,,,,,,,,,,1,2,6,1,3
200600064789,0006-10-25 19:55:00,6,10,25,19,55,930,46,VAUBAN AVENUE,,,Nuit avec éclairage allumé,En agglomération,Intersection en X,Normale,Deux véhicules - côté,,,,,,,,,,,5,2,2,1,3
200600064790,0006-10-25 19:30:00,6,10,25,19,30,930,46,"01, JEAN JACQUES ROUSSEA",,,Nuit avec éclairage allumé,En agglomération,Intersection à plus de 4 branches,Temps couvert,Autre collision,,,,,,,,,,,5,2,5,8,6
200600064791,0006-10-26 07:40:00,6,10,26,7,40,930,15,JAURES RUE JEAN,,,Nuit avec éclairage allumé,En agglomération,Intersection en T,Normale,Deux véhicules - frontale,,,,,,,,,,,5,2,3,1,1
200600064792,0006-10-31 19:15:00,6,10,31,19,15,930,46,"39, COLONEL FABIEN AVENU",,,Nuit avec éclairage allumé,En agglomération,Hors intersection,Normale,Autre collision,,,,,,,,,,,5,2,1,1,6
200600064793,0006-10-04 16:45:00,6,10,4,16,45,930,48,"86, CHANZY (BOULEVARD)",,,Plein jour,En agglomération,Intersection en X,Normale,Deux véhicules - côté,,,,,,,,,,,1,2,2,1,3
200600064794,0006-10-06 16:25:00,6,10,6,16,25,930,48,"52, DANIEL FERY (ALLEE)",,,Plein jour,En agglomération,Intersection en T,Normale,Autre collision,,,,,,,,,,,1,2,3,1,6
200600064795,0006-10-09 08:35:00,6,10,9,8,35,930,48,"48, LE NAIN DE TILLEMONT",,,Plein jour,En agglomération,Hors intersection,Normale,Autre collision,,,,,,,,,,,1,2,1,1,6
200600064796,0006-10-16 18:00:00,6,10,16,18,0,930,48,"28, CHANZY (BOULEVARD)",,,Plein jour,En agglomération,Intersection en T,Normale,Autre collision,,,,,,,,,,,1,2,3,1,6
200600064797,0006-10-22 21:45:00,6,10,22,21,45,930,48,"., STALINGRAD (RUE DE)",,,Nuit avec éclairage allumé,En agglomération,Intersection en X,Normale,Autre collision,,,,,,,,,,,5,2,2,1,6
200600064798,0006-10-29 11:45:00,6,10,29,11,45,930,48,JEAN LOLIVE (RUE),,,Plein jour,En agglomération,Intersection en T,Pluie légère,Deux véhicules - côté,,,,,,,,,,,1,2,3,2,3
200600064799,0006-10-03 16:50:00,6,10,3,16,50,930,50,LOUIS ARMAND (RUE),,,Plein jour,En agglomération,Hors intersection,Pluie légère,Autre collision,,,,,,,,,,,1,2,1,2,6
200600064800,0006-10-04 18:50:00,6,10,4,18,50,930,50,"13, LEON BLUM (AVENUE)",,,Plein jour,En agglomération,Hors intersection,Pluie légère,Deux véhicules - frontale,,,,,,,,,,,1,2,1,2,1
200600064801,0006-10-06 08:10:00,6,10,6,8,10,930,50,"36, GENERAL DE GAULLE (A",,,Plein jour,En agglomération,Hors intersection,Normale,Deux véhicules - arrière,,,,,,,,,,,1,2,1,1,2
200600064802,0006-10-12 19:40:00,6,10,12,19,40,930,49,GENERAL LECLERC (RUE),,,Nuit avec éclairage allumé,En agglomération,Hors intersection,Normale,Autre collision,,,,,,,,,,,5,2,1,1,6
200600064803,0006-10-21 08:25:00,6,10,21,8,25,930,49,", TORTU (CHEMIN)",,,Plein jour,En agglomération,Intersection en T,Normale,Deux véhicules - frontale,,,,,,,,,,,1,2,3,1,1
200600064804,0006-10-26 17:55:00,6,10,26,17,55,930,50,LOUIS AMPERE ZI CHANOUX,,,Crépuscule ou aube,En agglomération,Hors intersection,Normale,Deux véhicules - frontale,,,,,,,,,,,2,2,1,1,1
200600064805,0006-10-28 16:55:00,6,10,28,16,55,930,49,GENERAL DE GAULLE (RUE),,,Plein jour,En agglomération,Intersection en T,Normale,Autre collision,,,,,,,,,,,1,2,3,1,6
200600064806,0006-10-07 16:05:00,6,10,7,16,5,930,51,"22, NOISERAIE (ALLEE)",,,Plein jour,En agglomération,Hors intersection,Normale,Autre collision,,,,,,,,,,,1,2,1,1,6
200600064807,0006-10-16 17:42:00,6,10,16,17,42,930,51,RU DE NESLE (BOULEVARD),,,Plein jour,En agglomération,Hors intersection,Normale,Deux véhicules - côté,,,,,,,,,,,1,2,1,1,3
200600064808,0006-10-16 17:40:00,6,10,16,17,40,930,51,PAUL PAMBRUN (BOULEVARD),,,Plein jour,En agglomération,Hors intersection,Normale,Autre collision,,,,,,,,,,,1,2,1,1,6
200600064809,0006-10-21 12:30:00,6,10,21,12,30,930,51,BEAULIEU (AVENUE),,,Plein jour,En agglomération,Intersection en X,Temps couvert,Deux véhicules - côté,,,,,,,,,,,1,2,2,8,3
200600064810,0006-10-23 11:35:00,6,10,23,11,35,930,51,DOCTEUR SUREAU,,,Plein jour,En agglomération,Hors intersection,Normale,Autre collision,,,,,,,,,,,1,2,1,1,6
200600064811,0006-10-23 19:15:00,6,10,23,19,15,930,51,PAVE NEUF (AVENUE),,,Nuit avec éclairage allumé,En agglomération,Intersection en Y,Pluie forte,Deux véhicules - frontale,,,,,,,,,,,5,2,4,3,1
200600064812,0006-10-24 13:00:00,6,10,24,13,0,930,51,"09, HOUDEMENTS",,,Plein jour,En agglomération,Hors intersection,Vent fort / tempête,Deux véhicules - arrière,,,,,,,,,,,1,2,1,6,2
200600064813,0006-10-29 13:30:00,6,10,29,13,30,930,51,GRAVIERS,,,Plein jour,En agglomération,Hors intersection,Normale,Deux véhicules - arrière,,,,,,,,,,,1,2,1,1,2
200600064814,0006-10-29 18:35:00,6,10,29,18,35,930,33,JEAN MERMOZ (AVENUE),,,Nuit avec éclairage allumé,En agglomération,Hors intersection,Normale,Autre collision,,,,,,,,,,,5,2,1,1,6
200600064815,0006-10-28 07:00:00,6,10,28,7,0,930,51,"15, PIERRE BROSSOLETTE",,,Crépuscule ou aube,En agglomération,Intersection en X,Normale,Autre collision,,,,,,,,,,,2,2,2,1,6
200600064816,0006-10-05 22:40:00,6,10,5,22,40,930,53,"9999999999, PARIS (RUE D",,,Nuit avec éclairage allumé,En agglomération,Hors intersection,Normale,Autre collision,,,,,,,,,,,5,2,1,1,6
200600064817,0006-10-21 08:55:00,6,10,21,8,55,930,53,"9999999999, ROSNY (AVENU",,,Plein jour,En agglomération,Hors intersection,Normale,Deux véhicules - frontale,,,,,,,,,,,1,2,1,1,1