accident_id,datetime,annee,mois,jour,heure,minute,departement,commune_insee,adresse,latitude,longitude,luminosite,agglomeration,intersection,meteo,collision,nb_vehicules,nb_usagers,nb_indemnes,nb_tues,nb_blesses_hosp,nb_blesses_legers,age_cond_1,age_cond_2,veh_type_cond_1,veh_type_cond_2,lum_code,agg_code,int_code,atm_code,col_code
200600064949,0006-10-12 11:10:00,6,10,12,11,10,940,22,"0, ROUGET DE LISLE (R)",,,Plein jour,En agglomération,Hors intersection,Normale,Autre collision,,,,,,,,,,,1,2,1,1,6
200600064950,0006-10-13 00:40:00,6,10,13,0,40,940,54,"0, CHARLES TILLON (route",,,Nuit avec éclairage allumé,En agglomération,Hors intersection,Normale,Autre collision,,,,,,,,,,,5,2,1,1,6
200600064951,0006-10-18 13:45:00,6,10,18,13,45,940,22,VICTOR HUGO (AV),,,Plein jour,En agglomération,Hors intersection,Normale,Sans collision,,,,,,,,,,,1,2,1,1,7
200600064952,0006-10-23 20:30:00,6,10,23,20,30,940,22,STALINGRAD (BD DE),,,Nuit avec éclairage allumé,En agglomération,Hors intersection,Pluie légère,Deux véhicules - arrière,,,,,,,,,,,5,2,1,2,2
200600064953,0006-10-01 20:45:00,6,10,1,20,45,940,28,LAC.(RUE DU),,,Crépuscule ou aube,En agglomération,Intersection en X,Normale,Deux véhicules - côté,,,,,,,,,,,2,2,2,1,3
200600064954,0006-10-02 14:00:00,6,10,2,14,0,940,28,"0, HALPERN.(AVENUE BERNA",,,Plein jour,En agglomération,Hors intersection,Normale,Deux véhicules - arrière,,,,,,,,,,,1,2,1,1,2
200600064955,0006-10-02 07:55:00,6,10,2,7,55,940,28,"0, GAULLE(AVENUE DU GENE",,,Plein jour,En agglomération,Hors intersection,Normale,Autre collision,,,,,,,,,,,1,2,1,1,6
200600064956,0006-10-04 11:05:00,6,10,4,11,5,940,28,AVET.(RUE PAUL FRANCOIS),,,Plein jour,En agglomération,Hors intersection,Normale,Autre collision,,,,,,,,,,,1,2,1,1,6
200600064957,0006-10-06 09:05:00,6,10,6,9,5,940,11,CHAMPS.(RUE DES)(ANC.CH,,,Plein jour,En agglomération,Hors intersection,Normale,Autre collision,,,,,,,,,,,1,2,1,1,6
200600064958,0006-10-06 12:40:00,6,10,6,12,40,940,28,METIVET(RUE DOCTEUR),,,Plein jour,En agglomération,Hors intersection,Normale,Autre collision,,,,,,,,,,,1,2,1,1,6
200600064959,0006-10-06 22:10:00,6,10,6,22,10,940,28,VERDUN.(AVENUE DE),,,Nuit avec éclairage allumé,En agglomération,Intersection en X,Normale,Deux véhicules - côté,,,,,,,,,,,5,2,2,1,3
200600064960,0006-10-09 10:30:00,6,10,9,10,30,940,28,SAVAR.(RUE JULIETTE),,,Plein jour,En agglomération,Hors intersection,Normale,Autre collision,,,,,,,,,,,1,2,1,1,6
200600064961,0006-10-07 19:30:00,6,10,7,19,30,940,28,TASSIGNY(AVE DU MARECHAL,,,Plein jour,En agglomération,Hors intersection,Normale,Autre collision,,,,,,,,,,,1,2,1,1,6
200600064962,0006-10-11 10:55:00,6,10,11,10,55,940,28,POMPADOUR(ROUTE DE LA),,,Plein jour,En agglomération,Hors intersection,Normale,Autre collision,,,,,,,,,,,1,2,1,1,6
200600064963,0006-10-11 17:45:00,6,10,11,17,45,940,11,RHIN ET DANUBE(RUE DU),,,Plein jour,En agglomération,Hors intersection,Normale,Deux véhicules - côté,,,,,,,,,,,1,2,1,1,3
200600064964,0006-10-12 08:15:00,6,10,12,8,15,940,28,PARIS.(RUE DE),,,Plein jour,En agglomération,Intersection en X,Normale,Deux véhicules - côté,,,,,,,,,,,1,2,2,1,3
200600064965,0006-10-13 17:05:00,6,10,13,17,5,940,28,"0, ARCOS.(RUE RENE)",,,Plein jour,En agglomération,Hors intersection,Normale,Autre collision,,,,,,,,,,,1,2,1,1,6
200600064966,0006-10-13 18:30:00,6,10,13,18,30,940,11,"0, GROSS(RUE AUGUSTE)",,,Plein jour,En agglomération,Hors intersection,Normale,Autre collision,,,,,,,,,,,1,2,1,1,6
200600064967,0006-10-14 14:05:00,6,10,14,14,5,940,28,BROSSOLETTE(AVENUE PIERR,,,Plein jour,En agglomération,Intersection en X,Normale,Deux véhicules - côté,,,,,,,,,,,1,2,2,1,3
200600064968,0006-10-13 20:00:00,6,10,13,20,0,940,28,"0, BORDIERES(RUE DES)",,,Nuit sans éclairage public,En agglomération,Hors intersection,Normale,Autre collision,,,,,,,,,,,3,2,1,1,6
200600064969,0006-10-16 12:00:00,6,10,16,12,0,940,28,"01, BROSSOLETTE(AVENUE P",,,Plein jour,En agglomération,Intersection en X,Normale,Deux véhicules - côté,,,,,,,,,,,1,2,2,1,3
200600064970,0006-10-16 11:00:00,6,10,16,11,0,940,28,FOCH(AVENUE DU MARECHAL),,,Plein jour,En agglomération,Hors intersection,Normale,Deux véhicules - arrière,,,,,,,,,,,1,2,1,1,2
200600064971,0006-10-17 09:15:00,6,10,17,9,15,940,28,BARRAGE.(RUE DU),,,Plein jour,En agglomération,Intersection en X,Normale,Deux véhicules - côté,,,,,,,,,,,1,2,2,1,3
200600064972,0006-10-17 17:45:00,6,10,17,17,45,940,28,HALPERN.(AVENUE BERNARD),,,Plein jour,En agglomération,Hors intersection,Normale,Deux véhicules - arrière,,,,,,,,,,,1,2,1,1,2
200600064973,0006-10-17 18:15:00,6,10,17,18,15,940,28,POMPADOUR(ROUTE DE LA),,,Crépuscule ou aube,En agglomération,Hors intersection,Normale,Deux véhicules - arrière,,,,,,,,,,,2,2,1,1,2
200600064974,0006-10-16 11:40:00,6,10,16,11,40,940,28,HALPERN.(AVENUE BERNARD),,,Plein jour,En agglomération,Hors intersection,Normale,Autre collision,,,,,,,,,,,1,2,1,1,6
200600064975,0006-10-19 10:40:00,6,10,19,10,40,940,28,ECOLES.(RUE DES),,,Plein jour,En agglomération,Hors intersection,Normale,Autre collision,,,,,,,,,,,1,2,1,1,6
200600064976,0006-10-23 15:30:00,6,10,23,15,30,940,28,GAULLE(AVENUE DU GENERAL,,,Plein jour,En agglomération,Hors intersection,Pluie légère,Deux véhicules - arrière,,,,,,,,,,,1,2,1,2,2
200600064977,0006-10-24 09:20:00,6,10,24,9,20,940,28,POMPADOUR(ROUTE DE LA),,,Plein jour,En agglomération,Hors intersection,Normale,Autre collision,,,,,,,,,,,1,2,1,1,6
200600064978,0006-10-25 15:10:00,6,10,25,15,10,940,28,TASSIGNY(AVE DU MARECHAL,,,Plein jour,En agglomération,Hors intersection,Normale,Autre collision,,,,,,,,,,,1,2,1,1,6
200600064979,0006-10-26 14:40:00,6,10,26,14,40,940,28,VERDUN.(AVENUE DE),,,Plein jour,En agglomération,Hors intersection,Normale,Autre collision,,,,,,,,,,,1,2,1,1,6
200600064980,0006-10-29 09:30:00,6,10,29,9,30,940,28,HALPERN.(AVENUE BERNARD),,,Plein jour,En agglomération,Intersection en X,Normale,Deux véhicules - frontale,,,,,,,,,,,1,2,2,1,1
200600064981,0006-10-28 12:50:00,6,10,28,12,50,940,28,"0, POMPADOUR.(CHEMIN DE",,,Plein jour,En agglomération,Intersection en X,Normale,Deux véhicules - côté,,,,,,,,,,,1,2,2,1,3
200600064982,0006-10-30 14:40:00,6,10,30,14,40,940,28,VERDUN.(AVENUE DE),,,Plein jour,En agglomération,Hors intersection,Normale,Autre collision,,,,,,,,,,,1,2,1,1,6
200600064983,0006-10-30 00:01:00,6,10,30,0,1,940,11,"9, RESISTANCE.(PLACE DE",,,Plein jour,En agglomération,Hors intersection,Normale,Autre collision,,,,,,,,,,,1,2,1,1,6
200600064984,0006-10-30 16:22:00,6,10,30,16,22,940,11,"9, RESISTANCE.(PLACE DE",,,Plein jour,En agglomération,Hors intersection,Normale,Autre collision,,,,,,,,,,,1,2,1,1,6
200600064985,0006-10-12 17:05:00,6,10,12,17,5,940,33,PARMENTIER (AV),,,Plein jour,En agglomération,Intersection en X,Normale,Deux véhicules - côté,,,,,,,,,,,1,2,2,1,3
200600064986,0006-10-21 23:55:00,6,10,21,23,55,940,33,MARECHAL JOFFRE (AV DU),,,Nuit avec éclairage allumé,En agglomération,Intersection en X,Normale,Deux véhicules - côté,,,,,,,,,,,5,2,2,1,3
200600064987,0006-10-25 20:00:00,6,10,25,20,0,940,33,"176, VERDUN (BD DE)",,,Crépuscule ou aube,En agglomération,Hors intersection,Normale,Autre collision,,,,,,,,,,,2,2,1,1,6
200600064988,0006-10-01 17:40:00,6,10,1,17,40,940,76,"1, MAXIME GORKI (BD)",,,Crépuscule ou aube,En agglomération,Intersection en T,Normale,Deux véhicules - côté,,,,,,,,,,,2,2,3,1,3
200600064989,0006-10-02 18:40:00,6,10,2,18,40,940,76,"28, KARL MARX (AV)",,,Nuit avec éclairage allumé,En agglomération,Hors intersection,Normale,Deux véhicules - côté,,,,,,,,,,,5,2,1,1,3
200600064990,0006-10-03 16:20:00,6,10,3,16,20,940,3,REPUBLIQUE (AV DE LA),,,Plein jour,Hors agglomération,Intersection en T,Normale,Deux véhicules - côté,,,,,,,,,,,1,1,3,1,3
200600064991,0006-10-05 07:40:00,6,10,5,7,40,940,16,"72, COUSIN DE MERICOURT",,,Nuit avec éclairage allumé,En agglomération,Hors intersection,Normale,Sans collision,,,,,,,,,,,5,2,1,1,7
200600064992,0006-10-09 07:48:00,6,10,9,7,48,940,76,"1, LOUIS ARAGON (AV)",,,Nuit avec éclairage allumé,En agglomération,Intersection en T,Normale,Deux véhicules - côté,,,,,,,,,,,5,2,3,1,3
200600064993,0006-10-10 19:40:00,6,10,10,19,40,940,3,"1, GABRIEL PERI (AV)",,,Nuit avec éclairage allumé,En agglomération,Intersection en T,Normale,Deux véhicules - frontale,,,,,,,,,,,5,2,3,1,1
200600064994,0006-10-16 16:30:00,6,10,16,16,30,940,3,"1, JEAN JAURES (AV)",,,Plein jour,En agglomération,Intersection en T,Normale,Sans collision,,,,,,,,,,,1,2,3,1,7
200600064995,0006-10-17 08:20:00,6,10,17,8,20,940,76,"1, VERDUN (R DE)",,,Plein jour,En agglomération,Intersection en T,Normale,Sans collision,,,,,,,,,,,1,2,3,1,7
200600064996,0006-10-19 08:20:00,6,10,19,8,20,940,3,"66, VLADIMIR ILLITCH LEN",,,Plein jour,En agglomération,Hors intersection,Normale,Sans collision,,,,,,,,,,,1,2,1,1,7
200600064997,0006-10-19 18:15:00,6,10,19,18,15,940,43,"1, FONTAINEBLEAU (AV DE)",,,Plein jour,En agglomération,Hors intersection,Normale,Deux véhicules - arrière,,,,,,,,,,,1,2,1,1,2
200600064998,0006-10-21 19:50:00,6,10,21,19,50,940,43,FONTAINEBLEAU (AV DE),,,Nuit avec éclairage allumé,En agglomération,Intersection en X,Normale,Sans collision,,,,,,,,,,,5,2,2,1,7
200600064999,0006-10-23 09:10:00,6,10,23,9,10,940,16,"1, LEON BLOY (R)",,,Plein jour,En agglomération,Intersection en X,Normale,Deux véhicules - côté,,,,,,,,,,,1,2,2,1,3
200600065000,0006-10-23 10:00:00,6,10,23,10,0,940,76,"63, PARIS (AV DE)",,,Plein jour,En agglomération,Hors intersection,Normale,Deux véhicules - arrière,,,,,,,,,,,1,2,1,1,2
200600065001,0006-10-23 15:30:00,6,10,23,15,30,940,76,"1, MOULIN DE SAQUET (R D",,,Plein jour,En agglomération,Intersection en X,Normale,Sans collision,,,,,,,,,,,1,2,2,1,7
200600065002,0006-10-26 18:00:00,6,10,26,18,0,940,76,"1, MAXIME GORKI (BD)",,,Plein jour,En agglomération,Hors intersection,Normale,Deux véhicules - côté,,,,,,,,,,,1,2,1,1,3
200600065003,0006-10-27 10:45:00,6,10,27,10,45,940,43,"1, FONTAINEBLEAU (AV DE)",,,Plein jour,En agglomération,Hors intersection,Normale,Deux véhicules - côté,,,,,,,,,,,1,2,1,1,3
200600065004,0006-10-06 09:00:00,6,10,6,9,0,940,21,"6, GENERAL DE GAULLE (AV",,,Plein jour,En agglomération,Hors intersection,Normale,Deux véhicules - côté,,,,,,,,,,,1,2,1,1,3
200600065005,0006-10-15 15:20:00,6,10,15,15,20,940,73,DOCTEUR MARIE (R DU),,,Plein jour,Hors agglomération,Hors intersection,Normale,Deux véhicules - arrière,,,,,,,,,,,1,1,1,1,2
200600065006,0006-10-16 13:30:00,6,10,16,13,30,940,73,"56/58, RENE PANHARD (AV)",,,Plein jour,En agglomération,Hors intersection,Normale,Sans collision,,,,,,,,,,,1,2,1,1,7
200600065007,0006-10-07 00:20:00,6,10,7,0,20,940,73,STALINGRAD (BD DE),,,Nuit avec éclairage allumé,En agglomération,Hors intersection,Pluie légère,Sans collision,,,,,,,,,,,5,2,1,2,7
200600065008,0006-10-07 00:21:00,6,10,7,0,21,940,73,STALINGRAD (BD DE),,,Nuit avec éclairage allumé,En agglomération,Hors intersection,Pluie légère,Sans collision,,,,,,,,,,,5,2,1,2,7
200600065009,0006-10-18 19:20:00,6,10,18,19,20,940,38,"69, GENERAL DE GAULLE (A",,,Crépuscule ou aube,En agglomération,Hors intersection,Pluie légère,Autre collision,,,,,,,,,,,2,2,1,2,6
200600065010,0006-10-19 17:30:00,6,10,19,17,30,940,21,STALINGRAD (AV DE),,,Plein jour,En agglomération,Hors intersection,Normale,Deux véhicules - arrière,,,,,,,,,,,1,2,1,1,2
200600065011,0006-10-22 20:00:00,6,10,22,20,0,940,21,"98, GENERAL DE GAULLE (A",,,Nuit avec éclairage allumé,En agglomération,Intersection en X,Pluie légère,Deux véhicules - côté,,,,,,,,,,,5,2,2,2,3
200600065012,0006-10-22 10:20:00,6,10,22,10,20,940,38,"22, LARROUMES (AV)",,,Plein jour,En agglomération,Hors intersection,Pluie légère,Autre collision,,,,,,,,,,,1,2,1,2,6
200600065013,0006-10-23 09:55:00,6,10,23,9,55,940,73,FONTAINEBLEAU (AV DE),,,Plein jour,En agglomération,Hors intersection,Normale,Deux véhicules - côté,,,,,,,,,,,1,2,1,1,3
200600065014,0006-10-28 15:45:00,6,10,28,15,45,940,73,FONTAINEBLEAU - CAR BELL,,,Plein jour,En agglomération,Hors intersection,Normale,Autre collision,,,,,,,,,,,1,2,1,1,6
200600065015,0006-10-21 20:45:00,6,10,21,20,45,940,73,RENE PANHARD (AV),,,Nuit avec éclairage allumé,En agglomération,Hors intersection,Normale,Deux véhicules - côté,,,,,,,,,,,5,2,1,1,3
200600065016,0006-10-31 05:30:00,6,10,31,5,30,940,65,TROIS MARCHES (Av des),,,Nuit avec éclairage allumé,En agglomération,Intersection en X,Brouillard / fumée,Deux véhicules - côté,,,,,,,,,,,5,2,2,5,3
200600065017,0006-10-31 18:48:00,6,10,31,18,48,940,38,PAUL VAILLANT COUTURIER,,,Crépuscule ou aube,En agglomération,Hors intersection,Normale,Autre collision,,,,,,,,,,,2,2,1,1,6
200600065018,0006-10-19 09:20:00,6,10,19,9,20,940,34,"34, PASTEUR (BD)",,,Plein jour,En agglomération,Hors intersection,Pluie légère,Deux véhicules - côté,,,,,,,,,,,1,2,1,2,3
200600065019,0006-10-18 07:55:00,6,10,18,7,55,940,73,LEON MARCHAND (AV),,,Plein jour,En agglomération,Hors intersection,Pluie légère,Deux véhicules - côté,,,,,,,,,,,1,2,1,2,3
200600065020,0006-10-02 20:35:00,6,10,2,20,35,940,73,"74, REPUBLIQUE (AV DE LA",,,Crépuscule ou aube,En agglomération,Hors intersection,Pluie légère,Deux véhicules - frontale,,,,,,,,,,,2,2,1,2,1
200600065021,0006-10-09 06:40:00,6,10,9,6,40,940,38,PAUL VAILLANT COUTURIER,,,Nuit avec éclairage allumé,En agglomération,Hors intersection,Normale,Sans collision,,,,,,,,,,,5,2,1,1,7
200600065022,0006-10-13 23:30:00,6,10,13,23,30,940,73,RN 186,,,Nuit avec éclairage allumé,En agglomération,Hors intersection,Normale,Sans collision,,,,,,,,,,,5,2,1,1,7
200600065023,0006-10-04 13:50:00,6,10,4,13,50,940,21,"89, FRANKLIN ROOSEVELT (",,,Plein jour,En agglomération,Hors intersection,Normale,Deux véhicules - côté,,,,,,,,,,,1,2,1,1,3
200600065024,0006-10-12 18:20:00,6,10,12,18,20,940,41,Place Danton,,,Crépuscule ou aube,En agglomération,Hors intersection,Normale,Sans collision,,,,,,,,,,,2,2,1,1,7
200600065025,0006-10-16 16:40:00,6,10,16,16,40,940,41,Place du 8 Mai Mai 1945,,,Plein jour,En agglomération,Hors intersection,Normale,Deux véhicules - côté,,,,,,,,,,,1,2,1,1,3
200600065026,0006-10-17 18:30:00,6,10,17,18,30,940,41,"09, GASTON CORNAVIN (R)",,,Crépuscule ou aube,En agglomération,Hors intersection,Normale,Deux véhicules - côté,,,,,,,,,,,2,2,1,1,3
200600065027,0006-10-17 09:09:00,6,10,17,9,9,940,41,ROGER BUESSARD (R),,,Plein jour,En agglomération,Intersection en X,Pluie légère,Deux véhicules - côté,,,,,,,,,,,1,2,2,2,3
200600065028,0006-10-25 15:15:00,6,10,25,15,15,940,41,"4, RASPAIL (R)",,,Plein jour,Hors agglomération,Hors intersection,Normale,Deux véhicules - arrière,,,,,,,,,,,1,1,1,1,2
200600065029,0006-10-26 22:10:00,6,10,26,22,10,940,41,"2, MAURICE THOREZ (AV)",,,Nuit avec éclairage allumé,En agglomération,Hors intersection,Normale,Deux véhicules - côté,,,,,,,,,,,5,2,1,1,3
200600065030,0006-10-27 16:00:00,6,10,27,16,0,940,41,"14, SAINT JUST (R)",,,Plein jour,En agglomération,Hors intersection,Normale,Sans collision,,,,,,,,,,,1,2,1,1,7
200600065031,0006-10-29 16:00:00,6,10,29,16,0,940,41,"32, VERDUN (AV DE)",,,Plein jour,En agglomération,Hors intersection,Normale,Deux véhicules - côté,,,,,,,,,,,1,2,1,1,3
200600065032,0006-10-20 16:55:00,6,10,20,16,55,940,41,"1, BARBES (R)",,,Plein jour,En agglomération,Hors intersection,Normale,Sans collision,,,,,,,,,,,1,2,1,1,7
200600065033,0006-10-21 21:00:00,6,10,21,21,0,940,41,"126, STALINGRAD (BD DE)",,,Nuit avec éclairage allumé,En agglomération,Hors intersection,Pluie légère,Deux véhicules - arrière,,,,,,,,,,,5,2,1,2,2
200600065034,0006-10-03 05:55:00,6,10,3,5,55,940,41,"144, STALINGRAD (BD DE)",,,Nuit avec éclairage allumé,En agglomération,Hors intersection,Pluie légère,Deux véhicules - arrière,,,,,,,,,,,5,2,1,2,2
200600065035,0006-10-12 08:20:00,6,10,12,8,20,940,41,GAGNEE (R),,,Plein jour,En agglomération,Hors intersection,Normale,Deux véhicules - arrière,,,,,,,,,,,1,2,1,1,2
200600065036,0006-10-02 17:28:00,6,10,2,17,28,940,46,"17, GENERAL LECLERC (AV",,,Crépuscule ou aube,En agglomération,Hors intersection,Pluie légère,Autre collision,,,,,,,,,,,2,2,1,2,6
200600065037,0006-10-06 21:15:00,6,10,6,21,15,940,46,"11, GENERAL LECLERC (AV",,,Nuit avec éclairage allumé,En agglomération,Hors intersection,Pluie légère,Autre collision,,,,,,,,,,,5,2,1,2,6
200600065038,0006-10-09 19:00:00,6,10,9,19,0,940,46,GENERAL LECLERC (AV DU),,,Nuit avec éclairage allumé,En agglomération,Hors intersection,Pluie légère,Autre collision,,,,,,,,,,,5,2,1,2,6
200600065039,0006-10-10 02:20:00,6,10,10,2,20,940,46,"00, EUGENE RENAULT - CAR",,,Nuit avec éclairage allumé,En agglomération,Intersection en X,Brouillard / fumée,Deux véhicules - côté,,,,,,,,,,,5,2,2,5,3
200600065040,0006-10-10 11:20:00,6,10,10,11,20,940,46,"05, PIERRE CURIE (R)",,,Plein jour,En agglomération,Hors intersection,Pluie légère,Autre collision,,,,,,,,,,,1,2,1,2,6
200600065041,0006-10-11 14:35:00,6,10,11,14,35,940,46,"37, PROFESSEUR CADIOT (A",,,Plein jour,En agglomération,Intersection en X,Normale,Autre collision,,,,,,,,,,,1,2,2,1,6
200600065042,0006-10-14 17:00:00,6,10,14,17,0,940,46,REPUBLIQUE (AV DE LA),,,Plein jour,En agglomération,Hors intersection,Normale,Deux véhicules - côté,,,,,,,,,,,1,2,1,1,3
200600065043,0006-10-18 18:25:00,6,10,18,18,25,940,46,"26, PROFESSEUR CADIOT (A",,,Plein jour,En agglomération,Hors intersection,Normale,Deux véhicules - frontale,,,,,,,,,,,1,2,1,1,1
200600065044,0006-10-19 08:45:00,6,10,19,8,45,940,46,"07, GENERAL DE GAULLE (A",,,Plein jour,Hors agglomération,Hors intersection,Normale,Deux véhicules - arrière,,,,,,,,,,,1,1,1,1,2
200600065045,0006-10-20 16:50:00,6,10,20,16,50,940,46,"3, GENERAL LECLERC - CAR",,,Plein jour,En agglomération,Hors intersection,Normale,Autre collision,,,,,,,,,,,1,2,1,1,6
200600065046,0006-10-22 23:15:00,6,10,22,23,15,940,46,"00, REPUBLIQUE (AV DE LA",,,Nuit avec éclairage allumé,En agglomération,Hors intersection,Pluie légère,Deux véhicules - arrière,,,,,,,,,,,5,2,1,2,2
200600065047,0006-10-29 00:15:00,6,10,29,0,15,940,46,"00, GABRIEL PERI (R)",,,Nuit avec éclairage allumé,En agglomération,Intersection en X,Normale,Deux véhicules - côté,,,,,,,,,,,5,2,2,1,3
200600065048,0006-10-26 10:55:00,6,10,26,10,55,940,46,"03, DELAPORTE (R)",,,Plein jour,En agglomération,Hors intersection,Normale,Autre collision,,,,,,,,,,,1,2,1,1,6
200600065049,0006-10-06 12:40:00,6,10,6,12,40,940,52,PIERRE BROSSOLETTE (R),,,Plein jour,En agglomération,Hors intersection,Normale,Deux véhicules - côté,,,,,,,,,,,1,2,1,1,3
200600065050,0006-10-06 19:50:00,6,10,6,19,50,940,52,STRASBOURG (BD DE),,,Nuit avec éclairage allumé,En agglomération,Hors intersection,Pluie forte,Deux véhicules - frontale,,,,,,,,,,,5,2,1,3,1
200600065051,0006-10-09 16:40:00,6,10,9,16,40,940,52,CHARLES DE GAULLE (GRAND,,,Plein jour,En agglomération,Hors intersection,Normale,Deux véhicules - côté,,,,,,,,,,,1,2,1,1,3
200600065052,0006-10-09 09:55:00,6,10,9,9,55,940,52,NAZARE (R DE),,,Plein jour,En agglomération,Hors intersection,Normale,Autre collision,,,,,,,,,,,1,2,1,1,6
200600065053,0006-10-13 19:45:00,6,10,13,19,45,940,15,FOUR (R DU),,,Nuit avec éclairage allumé,En agglomération,Hors intersection,Normale,Deux véhicules - arrière,,,,,,,,,,,5,2,1,1,2
200600065054,0006-10-17 21:40:00,6,10,17,21,40,940,15,FRERES LUMIERE (AV DES),,,Nuit avec éclairage allumé,En agglomération,Hors intersection,Normale,Deux véhicules - frontale,,,,,,,,,,,5,2,1,1,1
200600065055,0006-10-19 14:00:00,6,10,19,14,0,940,42,JEAN MERMOZ (R),,,Plein jour,En agglomération,Hors intersection,Normale,Autre collision,,,,,,,,,,,1,2,1,1,6
200600065056,0006-10-19 18:35:00,6,10,19,18,35,940,52,"102, STRASBOURG (BD DE)",,,Crépuscule ou aube,En agglomération,Hors intersection,Normale,Deux véhicules - côté,,,,,,,,,,,2,2,1,1,3
200600065057,0006-10-18 07:20:00,6,10,18,7,20,940,52,JACQUES KABLE (R),,,Plein jour,En agglomération,Hors intersection,Pluie légère,Deux véhicules - arrière,,,,,,,,,,,1,2,1,2,2
200600065058,0006-10-20 17:20:00,6,10,20,17,20,940,42,"41, GENERAL GALLIENI (AV",,,Plein jour,En agglomération,Hors intersection,Pluie légère,Trois véhicules et plus - collisions multiples,,,,,,,,,,,1,2,1,2,5
200600065059,0006-10-21 17:30:00,6,10,21,17,30,940,58,ALSACE LORRAINE (BD D),,,Plein jour,En agglomération,Hors intersection,Pluie légère,Deux véhicules - arrière,,,,,,,,,,,1,2,1,2,2
200600065060,0006-10-23 18:40:00,6,10,23,18,40,940,42,JOINVILLE (AV DE),,,Nuit avec éclairage allumé,En agglomération,Hors intersection,Pluie légère,Deux véhicules - arrière,,,,,,,,,,,5,2,1,2,2
200600065061,0006-10-27 07:15:00,6,10,27,7,15,940,52,STRASBOURG (BD DE),,,Nuit avec éclairage allumé,En agglomération,Hors intersection,Normale,Autre collision,,,,,,,,,,,5,2,1,1,6
200600065062,0006-10-30 17:05:00,6,10,30,17,5,940,15,PONT (R DU),,,Crépuscule ou aube,En agglomération,Hors intersection,Normale,Deux véhicules - arrière,,,,,,,,,,,2,2,1,1,2
200600065063,0006-10-31 11:25:00,6,10,31,11,25,940,52,HEROS NOGENTAIS (R DES),,,Plein jour,En agglomération,Hors intersection,Normale,Autre collision,,,,,,,,,,,1,2,1,1,6
200600065064,0006-10-24 19:00:00,6,10,24,19,0,940,58,"00, GENERAL DE GAULLE (A",,,Nuit avec éclairage allumé,En agglomération,Hors intersection,Normale,Autre collision,,,,,,,,,,,5,2,1,1,6
200600065065,0006-10-02 13:50:00,6,10,2,13,50,940,68,PETIT PARC (QU DU),,,Plein jour,En agglomération,Hors intersection,Pluie légère,Autre collision,,,,,,,,,,,1,2,1,2,6
200600065066,0006-10-02 12:00:00,6,10,2,12,0,940,68,MAHIEU (AV),,,Plein jour,En agglomération,Intersection en X,Pluie légère,Deux véhicules - côté,,,,,,,,,,,1,2,2,2,3
200600065067,0006-10-03 22:35:00,6,10,3,22,35,940,68,FOCH (AV),,,Nuit avec éclairage allumé,En agglomération,Hors intersection,Normale,Deux véhicules - côté,,,,,,,,,,,5,2,1,1,3
200600065068,0006-10-03 13:30:00,6,10,3,13,30,940,68,RABELAIS (BD),,,Plein jour,En agglomération,Hors intersection,Pluie légère,Autre collision,,,,,,,,,,,1,2,1,2,6
200600065069,0006-10-04 13:00:00,6,10,4,13,0,940,68,BELLECHASSE (BD DE),,,Plein jour,En agglomération,Intersection en X,Normale,Deux véhicules - côté,,,,,,,,,,,1,2,2,1,3
200600065070,0006-10-09 10:55:00,6,10,9,10,55,940,68,"6, PARC (QU DU)",,,Plein jour,En agglomération,Hors intersection,Normale,Deux véhicules - côté,,,,,,,,,,,1,2,1,1,3
200600065071,0006-10-11 07:15:00,6,10,11,7,15,940,68,CRETEIL (BD DE),,,Nuit avec éclairage allumé,En agglomération,Hors intersection,Normale,Deux véhicules - côté,,,,,,,,,,,5,2,1,1,3
200600065072,0006-10-12 09:40:00,6,10,12,9,40,940,68,FRANCIS BERTHIER (AV),,,Plein jour,En agglomération,Intersection en X,Normale,Deux véhicules - côté,,,,,,,,,,,1,2,2,1,3
200600065073,0006-10-15 15:55:00,6,10,15,15,55,940,68,BAC (AV DU),,,Plein jour,En agglomération,Intersection en X,Normale,Deux véhicules - côté,,,,,,,,,,,1,2,2,1,3
200600065074,0006-10-17 23:00:00,6,10,17,23,0,940,68,CRETEIL (BD DE),,,Nuit avec éclairage allumé,En agglomération,Intersection en X,Normale,Deux véhicules - côté,,,,,,,,,,,5,2,2,1,3
200600065075,0006-10-18 16:00:00,6,10,18,16,0,940,68,"25, VARENNE (R DE LA)",,,Plein jour,En agglomération,Hors intersection,Normale,Deux véhicules - côté,,,,,,,,,,,1,2,1,1,3
200600065076,0006-10-19 13:23:00,6,10,19,13,23,940,68,CHAMPIGNY (BD DE),,,Plein jour,En agglomération,Hors intersection,Normale,Deux véhicules - côté,,,,,,,,,,,1,2,1,1,3
200600065077,0006-10-21 17:30:00,6,10,21,17,30,940,68,LOUIS BLANC (AV),,,Plein jour,En agglomération,Intersection en X,Normale,Deux véhicules - côté,,,,,,,,,,,1,2,2,1,3
200600065078,0006-10-24 08:30:00,6,10,24,8,30,940,68,BAC (AV DU),,,Plein jour,En agglomération,Hors intersection,Normale,Autre collision,,,,,,,,,,,1,2,1,1,6
200600065079,0006-10-25 14:00:00,6,10,25,14,0,940,68,"RD30, CHAMPIGNY - PONT D",,,Plein jour,En agglomération,Hors intersection,Normale,Autre collision,,,,,,,,,,,1,2,1,1,6
200600065080,0006-10-26 10:10:00,6,10,26,10,10,940,68,BARATTE CHOLET (R),,,Plein jour,En agglomération,Hors intersection,Normale,Deux véhicules - arrière,,,,,,,,,,,1,2,1,1,2