accident_id,datetime,annee,mois,jour,heure,minute,departement,commune_insee,adresse,latitude,longitude,luminosite,agglomeration,intersection,meteo,collision,nb_vehicules,nb_usagers,nb_indemnes,nb_tues,nb_blesses_hosp,nb_blesses_legers,age_cond_1,age_cond_2,veh_type_cond_1,veh_type_cond_2,lum_code,agg_code,int_code,atm_code,col_code
200600065751,0006-11-03 11:30:00,6,11,3,11,30,10,53,ROUSSEAU ( PLACE J.JACQU,,,Plein jour,En agglomération,Hors intersection,Normale,Autre collision,,,,,,,,,,,1,2,1,1,6
200600065752,0006-11-03 15:10:00,6,11,3,15,10,10,53,"47, ALSACE LORRAINE (AVE",,,Plein jour,En agglomération,Hors intersection,Normale,Autre collision,,,,,,,,,,,1,2,1,1,6
200600065753,0006-11-02 11:40:00,6,11,2,11,40,10,53,"40, LYON (AVENUE DE - N°",,,Plein jour,En agglomération,Hors intersection,Normale,Autre collision,,,,,,,,,,,1,2,1,1,6
200600065754,0006-11-05 17:00:00,6,11,5,17,0,10,53,"33, MOLIERE ( RUE )",,,Crépuscule ou aube,En agglomération,Hors intersection,Normale,Autre collision,,,,,,,,,,,2,2,1,1,6
200600065755,0006-11-15 06:55:00,6,11,15,6,55,10,344,"348, TREVOUX (AVENUE DE)",,,Crépuscule ou aube,En agglomération,Hors intersection,Normale,Deux véhicules - côté,,,,,,,,,,,2,2,1,1,3
200600065756,0006-11-09 22:55:00,6,11,9,22,55,10,53,MERCIER (AVENUE AMEDEE D,,,Nuit avec éclairage allumé,En agglomération,Intersection en T,Brouillard / fumée,Deux véhicules - côté,,,,,,,,,,,5,2,3,5,3
200600065757,0006-11-08 22:35:00,6,11,8,22,35,10,283,"153, FRANCE (RUE A. DU 1",,,Nuit avec éclairage allumé,En agglomération,Intersection en X,Normale,Deux véhicules - côté,,,,,,,,,,,5,2,2,1,3
200600065758,0006-11-13 16:25:00,6,11,13,16,25,10,31,ALEX (ROUTE D'),,,Plein jour,Hors agglomération,Giratoire,Pluie légère,Deux véhicules - côté,,,,,,,,,,,1,1,6,2,3
200600065759,0006-11-25 23:35:00,6,11,25,23,35,10,283,BERTHELOT,,,Nuit avec éclairage non allumé,En agglomération,Intersection en X,Normale,Deux véhicules - frontale,,,,,,,,,,,4,2,2,1,1
200600065760,0006-11-06 13:55:00,6,11,6,13,55,20,168,"35, PRAIRIE (RUE DE LA)",,,Plein jour,En agglomération,Hors intersection,Normale,Deux véhicules - côté,,,,,,,,,,,1,2,1,1,3
200600065761,0006-11-26 11:55:00,6,11,26,11,55,20,168,"60, SOISSONS (AVENUE DE)",,,Plein jour,En agglomération,Hors intersection,Normale,Autre collision,,,,,,,,,,,1,2,1,1,6
200600065762,0006-11-06 13:30:00,6,11,6,13,30,20,408,"25, BOURDAN (RUE PIERRE)",,,Plein jour,En agglomération,Hors intersection,Normale,Sans collision,,,,,,,,,,,1,2,1,1,7
200600065763,0006-11-14 17:45:00,6,11,14,17,45,20,408,"31, HOUSSAYE (RUE ARSENE",,,Nuit avec éclairage allumé,En agglomération,Hors intersection,Normale,Deux véhicules - côté,,,,,,,,,,,5,2,1,1,3
200600065764,0006-11-30 13:25:00,6,11,30,13,25,20,408,"7, LECLERC (PLACE DU GEN",,,Plein jour,En agglomération,Hors intersection,Normale,Autre collision,,,,,,,,,,,1,2,1,1,6
200600065765,0006-11-18 16:10:00,6,11,18,16,10,20,691,"12, GOUVERNEMENT (RUE DU",,,Plein jour,En agglomération,Hors intersection,Normale,Sans collision,,,,,,,,,,,1,2,1,1,7
200600065766,0006-11-09 12:10:00,6,11,9,12,10,20,691,"0, CHAUSSEE-ROMAINE (RUE",,,Plein jour,En agglomération,Hors intersection,Normale,Deux véhicules - arrière,,,,,,,,,,,1,2,1,1,2
200600065767,0006-11-10 18:00:00,6,11,10,18,0,20,691,"0, GUERIN (BD DOCTEUR CA",,,Crépuscule ou aube,En agglomération,Hors intersection,Normale,Autre collision,,,,,,,,,,,2,2,1,1,6
200600065768,0006-11-06 14:40:00,6,11,6,14,40,20,691,"0, R.D 1029 - ROUTE D'AM",,,Plein jour,En agglomération,Hors intersection,Normale,Autre collision,,,,,,,,,,,1,2,1,1,6
200600065769,0006-11-14 18:30:00,6,11,14,18,30,20,691,"0, OSTENDE (RUE D')",,,Nuit avec éclairage allumé,En agglomération,Intersection en T,Normale,Deux véhicules - côté,,,,,,,,,,,5,2,3,1,3
200600065770,0006-11-21 08:45:00,6,11,21,8,45,20,691,PARIS DE 1 A 187/210 (RU,,,Plein jour,En agglomération,Intersection en T,Normale,Deux véhicules - côté,,,,,,,,,,,1,2,3,1,3
200600065771,0006-11-15 17:35:00,6,11,15,17,35,20,691,HUGO DE 72 A FIN (BD VIC,,,Crépuscule ou aube,En agglomération,Hors intersection,Temps couvert,Autre collision,,,,,,,,,,,2,2,1,8,6
200600065772,0006-11-13 19:25:00,6,11,13,19,25,20,691,"1, GAYANT (QUAI)",,,Nuit avec éclairage allumé,En agglomération,Hors intersection,Pluie légère,Autre collision,,,,,,,,,,,5,2,1,2,6
200600065773,0006-11-22 19:25:00,6,11,22,19,25,20,691,":, SCHUMAN (AV. ROBERT)",,,Nuit avec éclairage allumé,En agglomération,Hors intersection,Pluie légère,Autre collision,,,,,,,,,,,5,2,1,2,6
200600065774,0006-11-08 08:30:00,6,11,8,8,30,20,722,"sans, CONDORCET ( BOULEV",,,Plein jour,En agglomération,Hors intersection,Normale,Autre collision,,,,,,,,,,,1,2,1,1,6
200600065775,0006-11-16 20:15:00,6,11,16,20,15,20,722,"sans, PIERRE CURIE ( RUE",,,Nuit avec éclairage allumé,En agglomération,Intersection en X,Normale,Deux véhicules - côté,,,,,,,,,,,5,2,2,1,3
200600065776,0006-11-27 23:15:00,6,11,27,23,15,20,722,"sans, ARQUEBUSE ( RUE DE",,,Nuit avec éclairage non allumé,En agglomération,Intersection en X,Normale,Deux véhicules - côté,,,,,,,,,,,4,2,2,1,3
200600065777,0006-11-04 12:30:00,6,11,4,12,30,20,738,"42, JEAN JAURES",,,Plein jour,En agglomération,Hors intersection,Normale,Autre collision,,,,,,,,,,,1,2,1,1,6
200600065778,0006-11-22 07:45:00,6,11,22,7,45,20,165,EGALITE (RUE DE L'),,,Crépuscule ou aube,En agglomération,Intersection en T,Temps couvert,Autre collision,,,,,,,,,,,2,2,3,8,6
200600065779,0006-11-03 18:50:00,6,11,3,18,50,30,185,"46, VILLEBRET ( ROUTE DE",,,Nuit avec éclairage allumé,En agglomération,Hors intersection,Normale,Autre collision,,,,,,,,,,,5,2,1,1,6
200600065780,0006-11-23 20:55:00,6,11,23,20,55,30,185,"67, THOMAS ( AVENUE ALBE",,,Nuit avec éclairage allumé,En agglomération,Intersection en X,Pluie légère,Deux véhicules - côté,,,,,,,,,,,5,2,2,2,3
200600065781,0006-11-18 10:50:00,6,11,18,10,50,30,190,"1, BARON (RUE JEAN)",,,Plein jour,En agglomération,Intersection en X,Normale,Deux véhicules - côté,,,,,,,,,,,1,2,2,1,3
200600065782,0006-11-01 16:45:00,6,11,1,16,45,30,310,"0, COULON (AVENUE PIERRE",,,Plein jour,En agglomération,Intersection en X,Normale,Deux véhicules - côté,,,,,,,,,,,1,2,2,1,3
200600065783,0006-11-02 17:15:00,6,11,2,17,15,30,310,LYAUTEY (RUE DU MARECHAL,,,Plein jour,En agglomération,Intersection en T,Normale,Deux véhicules - arrière,,,,,,,,,,,1,2,3,1,2
200600065784,0006-11-02 22:50:00,6,11,2,22,50,30,310,"1, AILES (ALLEE DES)",,,Nuit avec éclairage allumé,En agglomération,Hors intersection,Normale,Autre collision,,,,,,,,,,,5,2,1,1,6
200600065785,0006-11-03 14:00:00,6,11,3,14,0,30,310,JAURES (RUE JEAN),,,Plein jour,En agglomération,Hors intersection,Normale,Deux véhicules - frontale,,,,,,,,,,,1,2,1,1,1
200600065786,0006-11-06 18:15:00,6,11,6,18,15,30,310,PONT DE BELLERIVE (Côté,,,Nuit avec éclairage allumé,En agglomération,Hors intersection,Normale,Deux véhicules - frontale,,,,,,,,,,,5,2,1,1,1
200600065787,0006-11-12 16:10:00,6,11,12,16,10,30,310,"0, THERMALE (AVENUE)",,,Plein jour,En agglomération,Intersection en X,Normale,Deux véhicules - côté,,,,,,,,,,,1,2,2,1,3
200600065788,0006-11-14 19:25:00,6,11,14,19,25,30,310,CROIX SAINT MARTIN (AVEN,,,Nuit avec éclairage allumé,En agglomération,Hors intersection,Normale,Deux véhicules - arrière,,,,,,,,,,,5,2,1,1,2
200600065789,0006-11-17 08:30:00,6,11,17,8,30,30,310,"65, GRAVES (BOULEVARD DE",,,Plein jour,En agglomération,Hors intersection,Pluie légère,Deux véhicules - arrière,,,,,,,,,,,1,2,1,2,2
200600065790,0006-11-17 17:35:00,6,11,17,17,35,30,310,GRAMONT (AVENUE DE),,,Crépuscule ou aube,En agglomération,Intersection en T,Normale,Deux véhicules - côté,,,,,,,,,,,2,2,3,1,3
200600065791,0006-11-17 22:50:00,6,11,17,22,50,30,23,"3, DE GAULLE (AVENUE DU",,,Nuit avec éclairage allumé,En agglomération,Hors intersection,Normale,Deux véhicules - côté,,,,,,,,,,,5,2,1,1,3
200600065792,0006-11-18 14:00:00,6,11,18,14,0,30,310,"20, BARTINS (RUE DES)",,,Plein jour,En agglomération,Hors intersection,Temps couvert,Autre collision,,,,,,,,,,,1,2,1,8,6
200600065793,0006-11-27 13:45:00,6,11,27,13,45,30,23,VICHY (AVENUE DE),,,Plein jour,En agglomération,Hors intersection,Normale,Deux véhicules - côté,,,,,,,,,,,1,2,1,1,3
200600065794,0006-11-28 07:20:00,6,11,28,7,20,30,23,"213, AUBERGER (AVENUE FE",,,Nuit avec éclairage allumé,En agglomération,Hors intersection,Normale,Trois véhicules et plus - collisions multiples,,,,,,,,,,,5,2,1,1,5
200600065795,0006-11-28 10:50:00,6,11,28,10,50,30,310,"56, PARIS (RUE DE)",,,Plein jour,En agglomération,Hors intersection,Normale,Autre collision,,,,,,,,,,,1,2,1,1,6
200600065796,0006-11-02 14:55:00,6,11,2,14,55,40,112,D907,,,Plein jour,Hors agglomération,Autre intersection,Normale,Trois véhicules et plus - collisions multiples,,,,,,,,,,,1,1,9,1,5
200600065797,0006-11-17 18:30:00,6,11,17,18,30,40,112,"22, VRAIES RICHESSES (MT",,,Nuit avec éclairage allumé,En agglomération,Hors intersection,Pluie légère,Autre collision,,,,,,,,,,,5,2,1,2,6
200600065798,0006-11-11 16:10:00,6,11,11,16,10,50,23,IZOARD (AVENUE DU COL D',,,Plein jour,En agglomération,Hors intersection,Normale,Sans collision,,,,,,,,,,,1,2,1,1,7
200600065799,0006-11-21 19:00:00,6,11,21,19,0,50,23,"6, BARBOT (AVENUE DU GEN",,,Nuit avec éclairage allumé,En agglomération,Hors intersection,Pluie forte,Deux véhicules - frontale,,,,,,,,,,,5,2,1,3,1
200600065800,0006-11-08 16:15:00,6,11,8,16,15,50,61,MARECHAL FOCH ( AVENUE D,,,Plein jour,En agglomération,Hors intersection,Normale,Autre collision,,,,,,,,,,,1,2,1,1,6
200600065801,0006-11-08 09:15:00,6,11,8,9,15,50,61,D 45,,,Plein jour,Hors agglomération,Hors intersection,Normale,Deux véhicules - côté,,,,,,,,,,,1,1,1,1,3
200600065802,0006-11-13 11:02:00,6,11,13,11,2,50,61,"3, CAMARGUE ( RUE DE )",,,Plein jour,En agglomération,Intersection en T,Normale,Autre collision,,,,,,,,,,,1,2,3,1,6
200600065803,0006-11-21 18:30:00,6,11,21,18,30,50,61,FRANCOIS MITTERAND (AVEN,,,Nuit avec éclairage allumé,En agglomération,Hors intersection,Normale,Autre collision,,,,,,,,,,,5,2,1,1,6
200600065804,0006-11-25 18:30:00,6,11,25,18,30,50,61,DRAC ( RUE DU ),,,Nuit avec éclairage allumé,En agglomération,Giratoire,Normale,Deux véhicules - côté,,,,,,,,,,,5,2,6,1,3
200600065805,0006-11-01 14:05:00,6,11,1,14,5,60,4,CANNES(RN.7) AV.DE,,,Plein jour,En agglomération,Hors intersection,Normale,Deux véhicules - côté,,,,,,,,,,,1,2,1,1,3
200600065806,0006-11-02 08:45:00,6,11,2,8,45,60,4,EUCALYPTUS AV.ET CH.DES,,,Plein jour,En agglomération,Giratoire,Normale,Deux véhicules - côté,,,,,,,,,,,1,2,6,1,3
200600065807,0006-11-04 03:25:00,6,11,4,3,25,60,4,VAUTRIN BD DU GENERAL,,,Nuit avec éclairage allumé,En agglomération,Intersection en X,Pluie légère,Deux véhicules - côté,,,,,,,,,,,5,2,2,2,3
200600065808,0006-11-05 17:05:00,6,11,5,17,5,60,4,SADI CARNOT RUE,,,Plein jour,En agglomération,Intersection à plus de 4 branches,Normale,Deux véhicules - côté,,,,,,,,,,,1,2,5,1,3
200600065809,0006-11-07 09:15:00,6,11,7,9,15,60,4,ALBERT 1ER BD ET SQUARE,,,Plein jour,En agglomération,Intersection en T,Normale,Deux véhicules - côté,,,,,,,,,,,1,2,3,1,3
200600065810,0006-11-07 15:15:00,6,11,7,15,15,60,155,"180, LIBERTE AV.DE LA",,,Plein jour,En agglomération,Hors intersection,Normale,Deux véhicules - côté,,,,,,,,,,,1,2,1,1,3
200600065811,0006-11-13 16:50:00,6,11,13,16,50,60,4,ROCHAT AV.PHILIPPE,,,Plein jour,En agglomération,Intersection en T,Normale,Deux véhicules - côté,,,,,,,,,,,1,2,3,1,3
200600065812,0006-11-13 12:30:00,6,11,13,12,30,60,4,SAINT CLAUDE CH.DE,,,Plein jour,En agglomération,Autre intersection,Normale,Deux véhicules - frontale,,,,,,,,,,,1,2,9,1,1
200600065813,0006-11-13 15:45:00,6,11,13,15,45,60,4,"89, ROCHAT AV.PHILIPPE",,,Plein jour,En agglomération,Hors intersection,Normale,Autre collision,,,,,,,,,,,1,2,1,1,6
200600065814,0006-11-13 23:00:00,6,11,13,23,0,60,4,NICE(RN.7) AV.ET RTE DE,,,Nuit avec éclairage allumé,En agglomération,Intersection en T,Normale,Sans collision,,,,,,,,,,,5,2,3,1,7
200600065815,0006-11-15 13:20:00,6,11,15,13,20,60,4,POINCARE BD RAYMOND.,,,Plein jour,Hors agglomération,Hors intersection,Normale,Autre collision,,,,,,,,,,,1,1,1,1,6
200600065816,0006-11-16 14:55:00,6,11,16,14,55,60,4,"947, GREC AV.JULES",,,Plein jour,En agglomération,Hors intersection,Normale,Trois véhicules et plus - collisions multiples,,,,,,,,,,,1,2,1,1,5
200600065817,0006-11-16 18:20:00,6,11,16,18,20,60,4,"3750, MICHARD PELISSIER",,,Nuit sans éclairage public,En agglomération,Autre intersection,Normale,Autre collision,,,,,,,,,,,3,2,9,1,6
200600065818,0006-11-19 12:35:00,6,11,19,12,35,60,4,GRASSE RTE DE,,,Plein jour,En agglomération,Giratoire,Normale,Autre collision,,,,,,,,,,,1,2,6,1,6
200600065819,0006-11-17 19:40:00,6,11,17,19,40,60,155,"111, LIBERTE AV.DE LA",,,Nuit avec éclairage allumé,En agglomération,Hors intersection,Normale,Deux véhicules - côté,,,,,,,,,,,5,2,1,1,3
200600065820,0006-11-18 15:20:00,6,11,18,15,20,60,4,"40, ROCHAT AV.PHILIPPE",,,Plein jour,En agglomération,Hors intersection,Normale,Trois véhicules et plus - en chaîne,,,,,,,,,,,1,2,1,1,4
200600065821,0006-11-19 18:25:00,6,11,19,18,25,60,4,"1620, GREC AV.JULES",,,Nuit avec éclairage allumé,En agglomération,Hors intersection,Pluie légère,Deux véhicules - côté,,,,,,,,,,,5,2,1,2,3
200600065822,0006-11-24 12:45:00,6,11,24,12,45,60,4,"77, NICE(RN.7) AV.ET RTE",,,Plein jour,En agglomération,Hors intersection,Pluie légère,Deux véhicules - côté,,,,,,,,,,,1,2,1,2,3
200600065823,0006-11-24 13:35:00,6,11,24,13,35,60,4,"417, SUQUETTE CH.DE LA",,,Plein jour,En agglomération,Hors intersection,Pluie légère,Deux véhicules - côté,,,,,,,,,,,1,2,1,2,3
200600065824,0006-11-24 14:50:00,6,11,24,14,50,60,4,COMBES CH.DES,,,Plein jour,En agglomération,Giratoire,Pluie légère,Deux véhicules - côté,,,,,,,,,,,1,2,6,2,3
200600065825,0006-11-27 20:15:00,6,11,27,20,15,60,4,"740, GREC AV.JULES",,,Nuit avec éclairage allumé,En agglomération,Hors intersection,Normale,Deux véhicules - côté,,,,,,,,,,,5,2,1,1,3
200600065826,0006-11-02 08:30:00,6,11,2,8,30,60,27,VALLON DES VAUX CHEMIN D,,,Plein jour,En agglomération,Hors intersection,Normale,Deux véhicules - frontale,,,,,,,,,,,1,2,1,1,1
200600065827,0006-11-03 07:30:00,6,11,3,7,30,60,27,"112, NICE AVENUE DE (RN7",,,Plein jour,En agglomération,Hors intersection,Normale,Deux véhicules - frontale,,,,,,,,,,,1,2,1,1,1
200600065828,0006-11-03 12:10:00,6,11,3,12,10,60,123,LECLERC GENERAL AVENUE,,,Plein jour,En agglomération,Giratoire,Normale,Autre collision,,,,,,,,,,,1,2,6,1,6
200600065829,0006-11-05 22:50:00,6,11,5,22,50,60,27,NICE AVENUE DE (RN7),,,Nuit avec éclairage allumé,En agglomération,Intersection en X,Normale,Deux véhicules - côté,,,,,,,,,,,5,2,2,1,3
200600065830,0006-11-05 17:40:00,6,11,5,17,40,60,27,NICE AVENUE DE (RN7),,,Nuit avec éclairage allumé,En agglomération,Intersection en X,Normale,Trois véhicules et plus - en chaîne,,,,,,,,,,,5,2,2,1,4
200600065831,0006-11-07 09:00:00,6,11,7,9,0,60,123,"517, LIBERATION AVENUE D",,,Plein jour,En agglomération,Hors intersection,Normale,Deux véhicules - arrière,,,,,,,,,,,1,2,1,1,2
200600065832,0006-11-09 16:00:00,6,11,9,16,0,60,123,BERENGER LEON AVENUE,,,Plein jour,En agglomération,Autre intersection,Normale,Deux véhicules - côté,,,,,,,,,,,1,2,9,1,3
200600065833,0006-11-13 20:30:00,6,11,13,20,30,60,123,ISCLES CHEMIN DES,,,Nuit avec éclairage allumé,En agglomération,Hors intersection,Normale,Deux véhicules - côté,,,,,,,,,,,5,2,1,1,3
200600065834,0006-11-13 15:45:00,6,11,13,15,45,60,27,"37, TUILIERES AVENUE DES",,,Plein jour,En agglomération,Hors intersection,Normale,Deux véhicules - arrière,,,,,,,,,,,1,2,1,1,2
200600065835,0006-11-15 16:30:00,6,11,15,16,30,60,27,NEFLIERS RUE DES,,,Plein jour,En agglomération,Intersection en T,Normale,Deux véhicules - côté,,,,,,,,,,,1,2,3,1,3
200600065836,0006-11-17 18:15:00,6,11,17,18,15,60,123,"339, SAUVAIGO PIERRE AVE",,,Nuit avec éclairage allumé,En agglomération,Hors intersection,Normale,Autre collision,,,,,,,,,,,5,2,1,1,6
200600065837,0006-11-18 17:45:00,6,11,18,17,45,60,123,BARONNE ROUTE DE LA,,,Nuit avec éclairage allumé,Hors agglomération,Hors intersection,Normale,Trois véhicules et plus - collisions multiples,,,,,,,,,,,5,1,1,1,5
200600065838,0006-11-20 16:40:00,6,11,20,16,40,60,27,CHENES AVENUE DES,,,Plein jour,En agglomération,Intersection en X,Normale,Deux véhicules - côté,,,,,,,,,,,1,2,2,1,3
200600065839,0006-11-20 12:35:00,6,11,20,12,35,60,27,"91, NICE AVENUE DE (RN7)",,,Plein jour,En agglomération,Hors intersection,Normale,Autre collision,,,,,,,,,,,1,2,1,1,6
200600065840,0006-11-25 09:20:00,6,11,25,9,20,60,123,LIBERATION AVENUE DE LA,,,Plein jour,En agglomération,Hors intersection,Pluie forte,Deux véhicules - arrière,,,,,,,,,,,1,2,1,3,2
200600065841,0006-11-25 10:25:00,6,11,25,10,25,60,123,"557, LIBERATION AVENUE D",,,Plein jour,En agglomération,Hors intersection,Normale,Autre collision,,,,,,,,,,,1,2,1,1,6
200600065842,0006-11-24 08:45:00,6,11,24,8,45,60,123,"96, PAGNOL MARCEL BOULEV",,,Plein jour,En agglomération,Hors intersection,Pluie forte,Deux véhicules - côté,,,,,,,,,,,1,2,1,3,3
200600065843,0006-11-30 15:15:00,6,11,30,15,15,60,27,"37, PLAGE BOULEVARD DE L",,,Plein jour,En agglomération,Hors intersection,Normale,Deux véhicules - arrière,,,,,,,,,,,1,2,1,1,2
200600065844,0006-11-23 11:00:00,6,11,23,11,0,60,29,"19, ST PIERRE (QUAI)",,,Plein jour,En agglomération,Hors intersection,Normale,Deux véhicules - arrière,,,,,,,,,,,1,2,1,1,2
200600065845,0006-11-02 10:40:00,6,11,2,10,40,60,29,PANTIERO (PROMENADE DE L,,,Plein jour,En agglomération,Hors intersection,Normale,Deux véhicules - côté,,,,,,,,,,,1,2,1,1,3
200600065846,0006-11-02 11:50:00,6,11,2,11,50,60,29,"00, MIDI (BOULEVARD DU)",,,Plein jour,En agglomération,Hors intersection,Normale,Trois véhicules et plus - en chaîne,,,,,,,,,,,1,2,1,1,4
200600065847,0006-11-03 14:45:00,6,11,3,14,45,60,29,CARNOT (BOULEVARD),,,Plein jour,En agglomération,Intersection en T,Normale,Deux véhicules - côté,,,,,,,,,,,1,2,3,1,3
200600065848,0006-11-04 01:30:00,6,11,4,1,30,60,29,"78, CROISETTE (BOULEVARD",,,Nuit sans éclairage public,En agglomération,Hors intersection,Normale,Autre collision,,,,,,,,,,,3,2,1,1,6
200600065849,0006-11-06 09:40:00,6,11,6,9,40,60,29,"91, CARNOT (BOULEVARD)",,,Plein jour,En agglomération,Hors intersection,Normale,Autre collision,,,,,,,,,,,1,2,1,1,6
200600065850,0006-11-06 20:15:00,6,11,6,20,15,60,29,REPUBLIQUE (BOULEVARD DE,,,Nuit avec éclairage allumé,En agglomération,Autre intersection,Normale,Deux véhicules - frontale,,,,,,,,,,,5,2,9,1,1
200600065851,0006-11-07 08:50:00,6,11,7,8,50,60,29,POESIE (AVENUE PIERRE),,,Plein jour,En agglomération,Intersection en T,Normale,Deux véhicules - côté,,,,,,,,,,,1,2,3,1,3
200600065852,0006-11-07 12:15:00,6,11,7,12,15,60,29,"21, ST PIERRE (QUAI)",,,Plein jour,En agglomération,Hors intersection,Normale,Deux véhicules - arrière,,,,,,,,,,,1,2,1,1,2
200600065853,0006-11-08 08:30:00,6,11,8,8,30,60,29,ANCIENS COMBATTANTS D'AF,,,Plein jour,En agglomération,Intersection en X,Normale,Deux véhicules - côté,,,,,,,,,,,1,2,2,1,3
200600065854,0006-11-07 20:10:00,6,11,7,20,10,60,29,TONNER (AVENUE FRANCIS),,,Nuit avec éclairage allumé,En agglomération,Hors intersection,Normale,Deux véhicules - arrière,,,,,,,,,,,5,2,1,1,2
200600065855,0006-11-08 06:15:00,6,11,8,6,15,60,29,"00, FLORY (RUE JOSEPH)",,,Crépuscule ou aube,En agglomération,Intersection en T,Normale,Deux véhicules - côté,,,,,,,,,,,2,2,3,1,3
200600065856,0006-11-08 18:10:00,6,11,8,18,10,60,29,GOURGUETTES (RUE DES),,,Plein jour,En agglomération,Hors intersection,Normale,Deux véhicules - arrière,,,,,,,,,,,1,2,1,1,2
200600065857,0006-11-11 13:40:00,6,11,11,13,40,60,30,"00, OLIVET (CHEMIN DE L'",,,Plein jour,En agglomération,Intersection en X,Normale,Deux véhicules - côté,,,,,,,,,,,1,2,2,1,3
200600065858,0006-11-13 09:30:00,6,11,13,9,30,60,30,"49, JEANPIERRE (AVENUE M",,,Plein jour,En agglomération,Hors intersection,Normale,Deux véhicules - côté,,,,,,,,,,,1,2,1,1,3
200600065859,0006-11-13 14:45:00,6,11,13,14,45,60,30,"15, TAVEL (RUE)",,,Plein jour,En agglomération,Intersection en T,Normale,Deux véhicules - côté,,,,,,,,,,,1,2,3,1,3
200600065860,0006-11-17 01:35:00,6,11,17,1,35,60,29,"72, CROISETTE (BOULEVARD",,,Nuit avec éclairage allumé,En agglomération,Hors intersection,Normale,Sans collision,,,,,,,,,,,5,2,1,1,7
200600065861,0006-11-17 16:30:00,6,11,17,16,30,60,29,"2, CIGALES (AVENUE DES)",,,Plein jour,En agglomération,Intersection en T,Normale,Deux véhicules - côté,,,,,,,,,,,1,2,3,1,3
200600065862,0006-11-18 19:45:00,6,11,18,19,45,60,29,"54, PICAUD (AVENUE DR) B",,,Nuit avec éclairage allumé,En agglomération,Hors intersection,Normale,Deux véhicules - côté,,,,,,,,,,,5,2,1,1,3
200600065863,0006-11-18 19:45:00,6,11,18,19,45,60,30,SADI CARNOT (BOULEVARD),,,Plein jour,En agglomération,Hors intersection,Autre,Autre collision,,,,,,,,,,,1,2,1,9,6
200600065864,0006-11-18 19:20:00,6,11,18,19,20,60,29,"297, GRASSE (AVENUE DE)",,,Nuit avec éclairage allumé,En agglomération,Hors intersection,Normale,Sans collision,,,,,,,,,,,5,2,1,1,7
200600065865,0006-11-19 19:20:00,6,11,19,19,20,60,29,GRASSE (AVENUE DE),,,Nuit avec éclairage allumé,En agglomération,Hors intersection,Normale,Deux véhicules - côté,,,,,,,,,,,5,2,1,1,3
200600065866,0006-11-20 16:20:00,6,11,20,16,20,60,29,"135, TONNER (AVENUE FRAN",,,Plein jour,En agglomération,Hors intersection,Normale,Deux véhicules - côté,,,,,,,,,,,1,2,1,1,3
200600065867,0006-11-20 08:10:00,6,11,20,8,10,60,29,MIDI (BOULEVARD DU),,,Plein jour,En agglomération,Giratoire,Normale,Deux véhicules - côté,,,,,,,,,,,1,2,6,1,3
200600065868,0006-11-23 18:10:00,6,11,23,18,10,60,29,ESTEREL (BOULEVARD DE L',,,Nuit avec éclairage allumé,En agglomération,Hors intersection,Normale,Sans collision,,,,,,,,,,,5,2,1,1,7
200600065869,0006-11-23 15:00:00,6,11,23,15,0,60,29,VALLAURIS (AVENUE DE),,,Plein jour,En agglomération,Hors intersection,Normale,Autre collision,,,,,,,,,,,1,2,1,1,6
200600065870,0006-11-24 11:50:00,6,11,24,11,50,60,30,"295, MONOD (RUE JEAN)",,,Plein jour,En agglomération,Hors intersection,Normale,Sans collision,,,,,,,,,,,1,2,1,1,7
200600065871,0006-11-24 10:29:00,6,11,24,10,29,60,30,JEANPIERRE (AVENUE MAURI,,,Plein jour,En agglomération,Hors intersection,Normale,Deux véhicules - arrière,,,,,,,,,,,1,2,1,1,2
200600065872,0006-11-25 19:30:00,6,11,25,19,30,60,29,"33, ALEXANDRE III (BOULE",,,Nuit avec éclairage allumé,En agglomération,Hors intersection,Normale,Deux véhicules - arrière,,,,,,,,,,,5,2,1,1,2
200600065873,0006-11-27 10:50:00,6,11,27,10,50,60,30,"2, MOULIN (BOULEVARD JEA",,,Plein jour,En agglomération,Hors intersection,Normale,Sans collision,,,,,,,,,,,1,2,1,1,7
200600065874,0006-11-27 15:37:00,6,11,27,15,37,60,29,MERLE (RUE),,,Plein jour,En agglomération,Intersection en X,Normale,Deux véhicules - côté,,,,,,,,,,,1,2,2,1,3
200600065875,0006-11-28 22:35:00,6,11,28,22,35,60,29,"00, COUVERTURE VOIE FERR",,,Nuit avec éclairage allumé,En agglomération,Intersection en X,Normale,Deux véhicules - côté,,,,,,,,,,,5,2,2,1,3
200600065876,0006-11-29 13:05:00,6,11,29,13,5,60,29,MIDI (BOULEVARD DU),,,Plein jour,En agglomération,Hors intersection,Normale,Sans collision,,,,,,,,,,,1,2,1,1,7
200600065877,0006-11-29 19:00:00,6,11,29,19,0,60,30,INDUSTRIE (CHEMIN DE L'),,,Nuit avec éclairage allumé,En agglomération,Hors intersection,Normale,Deux véhicules - côté,,,,,,,,,,,5,2,1,1,3
200600065878,0006-11-29 19:20:00,6,11,29,19,20,60,30,MOULIN (BOULEVARD JEAN),,,Nuit avec éclairage allumé,En agglomération,Intersection en X,Normale,Deux véhicules - côté,,,,,,,,,,,5,2,2,1,3
200600065879,0006-11-26 18:15:00,6,11,26,18,15,60,30,"68, ROOSEVELT (AVENUE FR",,,Crépuscule ou aube,En agglomération,Hors intersection,Normale,Deux véhicules - frontale,,,,,,,,,,,2,2,1,1,1
200600065880,0006-11-02 08:25:00,6,11,2,8,25,60,69,"60, ROUQUIER (BOULEVARD",,,Plein jour,En agglomération,Hors intersection,Normale,Deux véhicules - côté,,,,,,,,,,,1,2,1,1,3