accident_id,datetime,annee,mois,jour,heure,minute,departement,commune_insee,adresse,latitude,longitude,luminosite,agglomeration,intersection,meteo,collision,nb_vehicules,nb_usagers,nb_indemnes,nb_tues,nb_blesses_hosp,nb_blesses_legers,age_cond_1,age_cond_2,veh_type_cond_1,veh_type_cond_2,lum_code,agg_code,int_code,atm_code,col_code
200600065881,0006-11-02 18:00:00,6,11,2,18,0,60,69,"98, POMPIDOU (AVENUE GEO",,,Crépuscule ou aube,En agglomération,Hors intersection,Pluie légère,Autre collision,,,,,,,,,,,2,2,1,2,6
200600065882,0006-11-03 12:50:00,6,11,3,12,50,60,69,"185, CANNES (ROUTE DE)",,,Plein jour,En agglomération,Hors intersection,Normale,Trois véhicules et plus - en chaîne,,,,,,,,,,,1,2,1,1,4
200600065883,0006-11-03 18:40:00,6,11,3,18,40,60,69,"119, PAOUTE (ROUTE ET TR",,,Nuit avec éclairage allumé,Hors agglomération,Hors intersection,Normale,Deux véhicules - frontale,,,,,,,,,,,5,1,1,1,1
200600065884,0006-11-06 16:50:00,6,11,6,16,50,60,69,"109, RENOIR (AVENUE AUGU",,,Plein jour,En agglomération,Intersection en Y,Normale,Deux véhicules - côté,,,,,,,,,,,1,2,4,1,3
200600065885,0006-11-07 16:00:00,6,11,7,16,0,60,69,"58, POMPIDOU (AVENUE GEO",,,Plein jour,En agglomération,Hors intersection,Normale,Deux véhicules - côté,,,,,,,,,,,1,2,1,1,3
200600065886,0006-11-12 22:15:00,6,11,12,22,15,60,69,"x, DUVAL (AVENUE MATHIAS",,,Nuit avec éclairage allumé,En agglomération,Hors intersection,Normale,Deux véhicules - côté,,,,,,,,,,,5,2,1,1,3
200600065887,0006-11-13 18:05:00,6,11,13,18,5,60,69,"x, LIBERATION (AVENUE DE",,,Crépuscule ou aube,En agglomération,Intersection en T,Normale,Deux véhicules - côté,,,,,,,,,,,2,2,3,1,3
200600065888,0006-11-15 12:30:00,6,11,15,12,30,60,69,"283, CANNES (ROUTE DE)",,,Plein jour,En agglomération,Hors intersection,Normale,Deux véhicules - arrière,,,,,,,,,,,1,2,1,1,2
200600065889,0006-11-15 18:30:00,6,11,15,18,30,60,69,"10, CHENES (CHEMIN DES)",,,Nuit avec éclairage allumé,En agglomération,Hors intersection,Pluie légère,Deux véhicules - arrière,,,,,,,,,,,5,2,1,2,2
200600065890,0006-11-17 07:20:00,6,11,17,7,20,60,69,"343, PLASCASSIER (route",,,Plein jour,Hors agglomération,Hors intersection,Normale,Deux véhicules - arrière,,,,,,,,,,,1,1,1,1,2
200600065891,0006-11-18 10:50:00,6,11,18,10,50,60,69,"x, DRAGUIGNAN (ROUTE DE)",,,Plein jour,En agglomération,Intersection en T,Normale,Deux véhicules - côté,,,,,,,,,,,1,2,3,1,3
200600065892,0006-11-18 19:50:00,6,11,18,19,50,60,69,"x, PLAN (ROUTE DU) -D304",,,Nuit avec éclairage allumé,En agglomération,Hors intersection,Normale,Deux véhicules - frontale,,,,,,,,,,,5,2,1,1,1
200600065893,0006-11-25 15:30:00,6,11,25,15,30,60,69,"x, NAPOLEON (ROUTE)",,,Plein jour,Hors agglomération,Hors intersection,Normale,Trois véhicules et plus - collisions multiples,,,,,,,,,,,1,1,1,1,5
200600065894,0006-11-27 06:35:00,6,11,27,6,35,60,69,"x, PROVENCE (AVENUE DE)",,,Nuit avec éclairage allumé,En agglomération,Hors intersection,Normale,Deux véhicules - arrière,,,,,,,,,,,5,2,1,1,2
200600065895,0006-11-28 11:20:00,6,11,28,11,20,60,69,"x, DRAGUIGNAN (ROUTE DE)",,,Plein jour,En agglomération,Intersection en T,Normale,Deux véhicules - côté,,,,,,,,,,,1,2,3,1,3
200600065896,0006-11-08 01:15:00,6,11,8,1,15,60,104,"91, AZUR (AVENUE DE LA C",,,Nuit avec éclairage allumé,En agglomération,Hors intersection,Normale,Sans collision,,,,,,,,,,,5,2,1,1,7
200600065897,0006-11-17 05:40:00,6,11,17,5,40,60,104,"24, FRANCE (AVENUE DE)",,,Nuit avec éclairage allumé,En agglomération,Hors intersection,Normale,Trois véhicules et plus - collisions multiples,,,,,,,,,,,5,2,1,1,5
200600065898,0006-11-02 17:30:00,6,11,2,17,30,60,83,GARE ROUTIERE,,,Crépuscule ou aube,En agglomération,Hors intersection,Pluie légère,Autre collision,,,,,,,,,,,2,2,1,2,6
200600065899,0006-11-10 17:54:00,6,11,10,17,54,60,83,"35, VERDUN (AVENUE DE)",,,Crépuscule ou aube,En agglomération,Hors intersection,Normale,Deux véhicules - arrière,,,,,,,,,,,2,2,1,1,2
200600065900,0006-11-02 16:45:00,6,11,2,16,45,60,12,"17, REPUBLIQUE (BOULEVAR",,,Plein jour,En agglomération,Hors intersection,Normale,Autre collision,,,,,,,,,,,1,2,1,1,6
200600065901,0006-11-01 09:30:00,6,11,1,9,30,60,88,"0, ALSACE (AV. D')",,,Plein jour,En agglomération,Intersection en X,Normale,Deux véhicules - côté,,,,,,,,,,,1,2,2,1,3
200600065902,0006-11-01 16:15:00,6,11,1,16,15,60,88,"0, BERLIOZ (RUE)",,,Plein jour,En agglomération,Intersection en X,Normale,Deux véhicules - côté,,,,,,,,,,,1,2,2,1,3
200600065903,0006-11-02 12:40:00,6,11,2,12,40,60,88,"54, RAY (AV. DU)",,,Plein jour,En agglomération,Hors intersection,Normale,Deux véhicules - côté,,,,,,,,,,,1,2,1,1,3
200600065904,0006-11-02 13:58:00,6,11,2,13,58,60,88,"0, RAY (AV. DU)",,,Plein jour,En agglomération,Intersection en X,Normale,Autre collision,,,,,,,,,,,1,2,2,1,6
200600065905,0006-11-02 17:40:00,6,11,2,17,40,60,88,"0, PENETRANTE DU PAILLON",,,Crépuscule ou aube,En agglomération,Hors intersection,Normale,Deux véhicules - côté,,,,,,,,,,,2,2,1,1,3
200600065906,0006-11-02 17:30:00,6,11,2,17,30,60,88,"0, MADELEINE (BD DE LA)",,,Plein jour,En agglomération,Hors intersection,Normale,Deux véhicules - arrière,,,,,,,,,,,1,2,1,1,2
200600065907,0006-11-03 11:10:00,6,11,3,11,10,60,88,"0, FAURE (AV. FELIX)",,,Plein jour,En agglomération,Intersection en X,Normale,Autre collision,,,,,,,,,,,1,2,2,1,6
200600065908,0006-11-03 16:45:00,6,11,3,16,45,60,88,"228, MADELEINE (BD DE LA",,,Plein jour,Hors agglomération,Hors intersection,Normale,Deux véhicules - arrière,,,,,,,,,,,1,1,1,1,2
200600065909,0006-11-03 18:30:00,6,11,3,18,30,60,88,"0, ARSON (RUE)",,,Nuit avec éclairage allumé,En agglomération,Intersection en X,Normale,Deux véhicules - côté,,,,,,,,,,,5,2,2,1,3
200600065910,0006-11-03 19:15:00,6,11,3,19,15,60,88,"34, CARAVADOSSI (AV.)",,,Nuit avec éclairage allumé,En agglomération,Hors intersection,Normale,Deux véhicules - côté,,,,,,,,,,,5,2,1,1,3
200600065911,0006-11-03 20:15:00,6,11,3,20,15,60,88,"25, GRENOBLE (ROUTE DE)",,,Nuit avec éclairage allumé,En agglomération,Hors intersection,Normale,Deux véhicules - côté,,,,,,,,,,,5,2,1,1,3
200600065912,0006-11-04 15:25:00,6,11,4,15,25,60,88,"0, RD 6202",,,Plein jour,Hors agglomération,Giratoire,Normale,Deux véhicules - côté,,,,,,,,,,,1,1,6,1,3
200600065913,0006-11-04 16:20:00,6,11,4,16,20,60,88,"0, OBSERVATOIRE (R. PRIV",,,Plein jour,En agglomération,Intersection en T,Normale,Deux véhicules - côté,,,,,,,,,,,1,2,3,1,3
200600065914,0006-11-04 19:30:00,6,11,4,19,30,60,88,"191, GRENOBLE (ROUTE DE)",,,Nuit avec éclairage allumé,Hors agglomération,Hors intersection,Normale,Deux véhicules - côté,,,,,,,,,,,5,1,1,1,3
200600065915,0006-11-05 00:20:00,6,11,5,0,20,60,88,"0, ROMAINE (AV. DE LA VO",,,Nuit avec éclairage allumé,En agglomération,Intersection en X,Normale,Autre collision,,,,,,,,,,,5,2,2,1,6
200600065916,0006-11-05 00:35:00,6,11,5,0,35,60,88,"0, CASSIN (BD RENE)",,,Nuit avec éclairage allumé,En agglomération,Intersection en X,Normale,Deux véhicules - côté,,,,,,,,,,,5,2,2,1,3
200600065917,0006-11-05 08:05:00,6,11,5,8,5,60,88,"336, GRENOBLE (ROUTE DE)",,,Plein jour,En agglomération,Hors intersection,Normale,Autre collision,,,,,,,,,,,1,2,1,1,6
200600065918,0006-11-05 14:00:00,6,11,5,14,0,60,88,"99, ETATS UNIS (QUAI DES",,,Plein jour,Hors agglomération,Hors intersection,Normale,Deux véhicules - arrière,,,,,,,,,,,1,1,1,1,2
200600065919,0006-11-05 14:45:00,6,11,5,14,45,60,88,"26, QUAI LUNEL",,,Plein jour,En agglomération,Hors intersection,Normale,Autre collision,,,,,,,,,,,1,2,1,1,6
200600065920,0006-11-05 17:45:00,6,11,5,17,45,60,88,"344, GRENOBLE (ROUTE DE)",,,Plein jour,Hors agglomération,Hors intersection,Normale,Autre collision,,,,,,,,,,,1,1,1,1,6
200600065921,0006-11-06 09:00:00,6,11,6,9,0,60,88,"0, TURIN (RTE DE)",,,Plein jour,En agglomération,Hors intersection,Normale,Deux véhicules - côté,,,,,,,,,,,1,2,1,1,3
200600065922,0006-11-06 11:45:00,6,11,6,11,45,60,88,"24 BIS, SOLA (BD PIERRE)",,,Plein jour,En agglomération,Hors intersection,Normale,Deux véhicules - arrière,,,,,,,,,,,1,2,1,1,2
200600065923,0006-11-06 14:05:00,6,11,6,14,5,60,88,"22, QUAI LUNEL",,,Plein jour,En agglomération,Hors intersection,Normale,Autre collision,,,,,,,,,,,1,2,1,1,6
200600065924,0006-11-06 17:30:00,6,11,6,17,30,60,88,"0, GRENOBLE (ROUTE DE)",,,Plein jour,En agglomération,Hors intersection,Normale,Deux véhicules - côté,,,,,,,,,,,1,2,1,1,3
200600065925,0006-11-06 18:00:00,6,11,6,18,0,60,88,"0, HANCY (R.)",,,Nuit avec éclairage allumé,En agglomération,Intersection en X,Normale,Deux véhicules - côté,,,,,,,,,,,5,2,2,1,3
200600065926,0006-11-06 18:45:00,6,11,6,18,45,60,88,"0, BAREL (PLACE MAX)",,,Nuit avec éclairage allumé,En agglomération,Hors intersection,Normale,Deux véhicules - frontale,,,,,,,,,,,5,2,1,1,1
200600065927,0006-11-07 12:45:00,6,11,7,12,45,60,88,"5, RAIBERTI (R.)",,,Plein jour,En agglomération,Hors intersection,Normale,Autre collision,,,,,,,,,,,1,2,1,1,6
200600065928,0006-11-07 16:00:00,6,11,7,16,0,60,88,ARIANE (BD DE L'),,,Plein jour,Hors agglomération,Intersection en X,Normale,Deux véhicules - côté,,,,,,,,,,,1,1,2,1,3
200600065929,0006-11-07 16:30:00,6,11,7,16,30,60,88,"61, GAMBETTA (JUSQU'AU N",,,Plein jour,En agglomération,Hors intersection,Normale,Autre collision,,,,,,,,,,,1,2,1,1,6
200600065930,0006-11-07 21:00:00,6,11,7,21,0,60,88,"0, CASSIN (BD RENE)",,,Nuit avec éclairage allumé,En agglomération,Hors intersection,Normale,Deux véhicules - côté,,,,,,,,,,,5,2,1,1,3
200600065931,0006-11-08 03:30:00,6,11,8,3,30,60,88,"0, GARNIER (BD JOSEPH)",,,Nuit avec éclairage allumé,En agglomération,Intersection en X,Normale,Deux véhicules - côté,,,,,,,,,,,5,2,2,1,3
200600065932,0006-11-08 11:35:00,6,11,8,11,35,60,88,"36, LORRAIN (AV. JEAN)",,,Plein jour,En agglomération,Hors intersection,Normale,Autre collision,,,,,,,,,,,1,2,1,1,6
200600065933,0006-11-08 16:30:00,6,11,8,16,30,60,88,"167, ANGLAIS (DU N° 114",,,Plein jour,En agglomération,Hors intersection,Normale,Deux véhicules - côté,,,,,,,,,,,1,2,1,1,3
200600065934,0006-11-08 17:00:00,6,11,8,17,0,60,88,"0, THIERS (AV.)",,,Crépuscule ou aube,En agglomération,Hors intersection,Normale,Deux véhicules - côté,,,,,,,,,,,2,2,1,1,3
200600065935,0006-11-08 17:45:00,6,11,8,17,45,60,88,"0, PENETRANTE DU PAILLON",,,Nuit avec éclairage allumé,En agglomération,Hors intersection,Normale,Trois véhicules et plus - collisions multiples,,,,,,,,,,,5,2,1,1,5
200600065936,0006-11-09 07:35:00,6,11,9,7,35,60,88,"45, ROQUEBILLIERE (R. DE",,,Plein jour,En agglomération,Hors intersection,Normale,Deux véhicules - côté,,,,,,,,,,,1,2,1,1,3
200600065937,0006-11-09 10:00:00,6,11,9,10,0,60,159,"0, AUGUSTE GALTIER (AVEN",,,Plein jour,En agglomération,Hors intersection,Normale,Deux véhicules - côté,,,,,,,,,,,1,2,1,1,3
200600065938,0006-11-09 10:45:00,6,11,9,10,45,60,88,"77, LYAUTEY (AV. DU MAL)",,,Plein jour,En agglomération,Hors intersection,Normale,Deux véhicules - arrière,,,,,,,,,,,1,2,1,1,2
200600065939,0006-11-09 11:35:00,6,11,9,11,35,60,88,MICHEL ANGE (AV.) (A PAR,,,Plein jour,En agglomération,Intersection en X,Normale,Autre collision,,,,,,,,,,,1,2,2,1,6
200600065940,0006-11-09 16:25:00,6,11,9,16,25,60,88,"0, ALPHONSE 1ER (RUE)",,,Plein jour,En agglomération,Hors intersection,Normale,Autre collision,,,,,,,,,,,1,2,1,1,6
200600065941,0006-11-10 07:20:00,6,11,10,7,20,60,88,"0, ARMEE DES ALPES (BD D",,,Plein jour,En agglomération,Intersection en T,Normale,Deux véhicules - côté,,,,,,,,,,,1,2,3,1,3
200600065942,0006-11-10 08:35:00,6,11,10,8,35,60,88,"63, FABRON (AV. DE) (JUS",,,Plein jour,En agglomération,Hors intersection,Normale,Autre collision,,,,,,,,,,,1,2,1,1,6
200600065943,0006-11-10 09:15:00,6,11,10,9,15,60,88,"96, ROQUEBILLIERE (R. DE",,,Plein jour,En agglomération,Hors intersection,Normale,Autre collision,,,,,,,,,,,1,2,1,1,6
200600065944,0006-11-10 10:15:00,6,11,10,10,15,60,88,"528, GRENOBLE (ROUTE DE)",,,Plein jour,En agglomération,Hors intersection,Normale,Deux véhicules - arrière,,,,,,,,,,,1,2,1,1,2
200600065945,0006-11-10 11:00:00,6,11,10,11,0,60,88,"0, MARCEAU (R.)",,,Plein jour,En agglomération,Hors intersection,Normale,Autre collision,,,,,,,,,,,1,2,1,1,6
200600065946,0006-11-10 11:25:00,6,11,10,11,25,60,88,"0, MONZIE (R. ANATOLE DE",,,Plein jour,En agglomération,Hors intersection,Normale,Deux véhicules - frontale,,,,,,,,,,,1,2,1,1,1
200600065947,0006-11-10 12:30:00,6,11,10,12,30,60,88,"0, ALLEGRE (AV. JEAN)",,,Plein jour,En agglomération,Intersection en T,Normale,Deux véhicules - arrière,,,,,,,,,,,1,2,3,1,2
200600065948,0006-11-10 14:55:00,6,11,10,14,55,60,88,"49, RAY (AV. DU)",,,Plein jour,En agglomération,Intersection en X,Normale,Autre collision,,,,,,,,,,,1,2,2,1,6
200600065949,0006-11-10 17:20:00,6,11,10,17,20,60,88,GRENOBLE (ROUTE DE),,,Crépuscule ou aube,En agglomération,Hors intersection,Autre,Deux véhicules - arrière,,,,,,,,,,,2,2,1,9,2
200600065950,0006-11-10 21:51:00,6,11,10,21,51,60,88,"0, GUTENBERG (R.)",,,Nuit avec éclairage allumé,En agglomération,Intersection en X,Normale,Deux véhicules - côté,,,,,,,,,,,5,2,2,1,3
200600065951,0006-11-10 22:35:00,6,11,10,22,35,60,88,"0, CALIFORNIE (AV.) (DU",,,Nuit avec éclairage allumé,En agglomération,Hors intersection,Normale,Deux véhicules - côté,,,,,,,,,,,5,2,1,1,3
200600065952,0006-11-11 05:30:00,6,11,11,5,30,60,88,"100, ST LAMBERT (JUSQU'A",,,Nuit avec éclairage allumé,En agglomération,Hors intersection,Normale,Deux véhicules - arrière,,,,,,,,,,,5,2,1,1,2
200600065953,0006-11-11 22:30:00,6,11,11,22,30,60,88,RIQUIER (BD DE),,,Nuit avec éclairage allumé,En agglomération,Intersection en X,Normale,Deux véhicules - côté,,,,,,,,,,,5,2,2,1,3
200600065954,0006-11-12 02:00:00,6,11,12,2,0,60,88,"4, CONGRES (RUE DU)",,,Nuit avec éclairage allumé,En agglomération,Hors intersection,Normale,Autre collision,,,,,,,,,,,5,2,1,1,6
200600065955,0006-11-12 06:30:00,6,11,12,6,30,60,88,"0, MARSHALL (PL. GENERAL",,,Plein jour,En agglomération,Intersection en X,Normale,Deux véhicules - côté,,,,,,,,,,,1,2,2,1,3
200600065956,0006-11-13 01:00:00,6,11,13,1,0,60,159,"0, MOYENNE CORNICHE",,,Nuit avec éclairage allumé,En agglomération,Hors intersection,Normale,Autre collision,,,,,,,,,,,5,2,1,1,6
200600065957,0006-11-14 07:45:00,6,11,14,7,45,60,88,"146, CANTA GALET (RTE DE",,,Plein jour,En agglomération,Hors intersection,Normale,Deux véhicules - côté,,,,,,,,,,,1,2,1,1,3
200600065958,0006-11-13 08:30:00,6,11,13,8,30,60,88,"0, ROASSAL (R. CLEMENT)",,,Plein jour,En agglomération,Intersection en X,Normale,Autre collision,,,,,,,,,,,1,2,2,1,6
200600065959,0006-11-13 14:40:00,6,11,13,14,40,60,88,"0, BINET (RUE ALFRED)",,,Plein jour,En agglomération,Intersection en T,Normale,Deux véhicules - côté,,,,,,,,,,,1,2,3,1,3
200600065960,0006-11-14 07:30:00,6,11,14,7,30,60,88,"44, CAP DE CROIX (AV. ET",,,Plein jour,En agglomération,Hors intersection,Normale,Deux véhicules - côté,,,,,,,,,,,1,2,1,1,3
200600065961,0006-11-14 17:15:00,6,11,14,17,15,60,88,"0, CORNICHE FLEURIE (AV.",,,Plein jour,En agglomération,Hors intersection,Normale,Deux véhicules - frontale,,,,,,,,,,,1,2,1,1,1
200600065962,0006-11-15 00:10:00,6,11,15,0,10,60,88,"37, ANGLAIS PLAGE (N°1 A",,,Nuit avec éclairage allumé,En agglomération,Intersection en X,Normale,Deux véhicules - côté,,,,,,,,,,,5,2,2,1,3
200600065963,0006-11-15 07:15:00,6,11,15,7,15,60,88,"0, ARSON (RUE)",,,Plein jour,En agglomération,Intersection en X,Normale,Autre collision,,,,,,,,,,,1,2,2,1,6
200600065964,0006-11-15 08:15:00,6,11,15,8,15,60,88,"109, ARIANE (BD DE L')",,,Plein jour,En agglomération,Intersection en T,Normale,Sans collision,,,,,,,,,,,1,2,3,1,7
200600065965,0006-11-15 09:10:00,6,11,15,9,10,60,88,"0, ANGLAIS PLAGE (N°1 AU",,,Plein jour,En agglomération,Intersection en T,Normale,Deux véhicules - côté,,,,,,,,,,,1,2,3,1,3
200600065966,0006-11-15 09:30:00,6,11,15,9,30,60,88,"101, GAMBETTA (A PARTIR",,,Plein jour,En agglomération,Hors intersection,Normale,Deux véhicules - côté,,,,,,,,,,,1,2,1,1,3
200600065967,0006-11-15 12:10:00,6,11,15,12,10,60,88,"0, MALAUSSENA (AV.)",,,Plein jour,En agglomération,Intersection en X,Normale,Autre collision,,,,,,,,,,,1,2,2,1,6
200600065968,0006-11-15 15:00:00,6,11,15,15,0,60,88,"96, JOFFRE (R. MARECHAL)",,,Plein jour,En agglomération,Hors intersection,Normale,Autre collision,,,,,,,,,,,1,2,1,1,6
200600065969,0006-11-15 16:00:00,6,11,15,16,0,60,88,"62, GRENOBLE (ROUTE DE)",,,Plein jour,En agglomération,Hors intersection,Normale,Trois véhicules et plus - collisions multiples,,,,,,,,,,,1,2,1,1,5
200600065970,0006-11-15 19:10:00,6,11,15,19,10,60,88,"122, ARIANE (BD DE L')",,,Nuit avec éclairage allumé,En agglomération,Hors intersection,Normale,Autre collision,,,,,,,,,,,5,2,1,1,6
200600065971,0006-11-15 20:40:00,6,11,15,20,40,60,88,"0, VOIE RAPIDE",,,Nuit avec éclairage allumé,En agglomération,Intersection en X,Normale,Deux véhicules - côté,,,,,,,,,,,5,2,2,1,3
200600065972,0006-11-15 21:30:00,6,11,15,21,30,60,88,"66, ROQUEBILLIERE (R. DE",,,Nuit avec éclairage allumé,En agglomération,Hors intersection,Pluie légère,Deux véhicules - côté,,,,,,,,,,,5,2,1,2,3
200600065973,0006-11-16 08:45:00,6,11,16,8,45,60,88,"0, VOIE RAPIDE",,,Plein jour,En agglomération,Hors intersection,Normale,Deux véhicules - arrière,,,,,,,,,,,1,2,1,1,2
200600065974,0006-11-16 10:20:00,6,11,16,10,20,60,88,"34, ARSON (RUE)",,,Plein jour,En agglomération,Hors intersection,Normale,Autre collision,,,,,,,,,,,1,2,1,1,6
200600065975,0006-11-16 17:15:00,6,11,16,17,15,60,88,"0, FABRON (AV. DE) (A PA",,,Plein jour,En agglomération,Intersection en X,Normale,Deux véhicules - côté,,,,,,,,,,,1,2,2,1,3
200600065976,0006-11-16 18:10:00,6,11,16,18,10,60,88,"0, VOIE RAPIDE",,,Nuit avec éclairage allumé,En agglomération,Hors intersection,Normale,Autre collision,,,,,,,,,,,5,2,1,1,6
200600065977,0006-11-17 08:45:00,6,11,17,8,45,60,88,"0, BOREA (RUE GUILLAUME)",,,Plein jour,En agglomération,Giratoire,Normale,Autre collision,,,,,,,,,,,1,2,6,1,6
200600065978,0006-11-17 09:35:00,6,11,17,9,35,60,88,"58, SAINT-AUGUSTIN (AV.",,,Plein jour,En agglomération,Hors intersection,Normale,Autre collision,,,,,,,,,,,1,2,1,1,6
200600065979,0006-11-17 13:20:00,6,11,17,13,20,60,88,"101 bis, ARENES DE CIMIE",,,Plein jour,En agglomération,Intersection en T,Normale,Trois véhicules et plus - collisions multiples,,,,,,,,,,,1,2,3,1,5
200600065980,0006-11-17 14:40:00,6,11,17,14,40,60,88,"50, BRANCOLAR (AV.) (JUS",,,Plein jour,En agglomération,Hors intersection,Normale,Deux véhicules - côté,,,,,,,,,,,1,2,1,1,3
200600065981,0006-11-17 16:45:00,6,11,17,16,45,60,88,"0, BIASINI (RD PT S.M.)",,,Plein jour,En agglomération,Hors intersection,Normale,Deux véhicules - côté,,,,,,,,,,,1,2,1,1,3
200600065982,0006-11-17 17:10:00,6,11,17,17,10,60,88,SLAMA (RUE MAURICE),,,Crépuscule ou aube,En agglomération,Hors intersection,Normale,Deux véhicules - côté,,,,,,,,,,,2,2,1,1,3
200600065983,0006-11-17 18:05:00,6,11,17,18,5,60,88,"39, GAMBETTA (JUSQU'AU N",,,Nuit avec éclairage allumé,En agglomération,Hors intersection,Normale,Trois véhicules et plus - collisions multiples,,,,,,,,,,,5,2,1,1,5
200600065984,0006-11-18 00:15:00,6,11,18,0,15,60,88,"6, GUYNEMER (PL.)",,,Nuit avec éclairage allumé,En agglomération,Intersection en X,Pluie légère,Deux véhicules - côté,,,,,,,,,,,5,2,2,2,3
200600065985,0006-11-18 07:10:00,6,11,18,7,10,60,88,"0, CIMETIERE DE L'EST (R",,,Crépuscule ou aube,En agglomération,Hors intersection,Temps couvert,Autre collision,,,,,,,,,,,2,2,1,8,6
200600065986,0006-11-18 09:20:00,6,11,18,9,20,60,88,NAPOLEON III (PONT),,,Plein jour,En agglomération,Hors intersection,Normale,Autre collision,,,,,,,,,,,1,2,1,1,6
200600065987,0006-11-18 12:10:00,6,11,18,12,10,60,88,"0, TUNNEL DU PAILLON",,,Nuit avec éclairage allumé,En agglomération,Hors intersection,Normale,Sans collision,,,,,,,,,,,5,2,1,1,7
200600065988,0006-11-18 14:15:00,6,11,18,14,15,60,88,"0, THEURIET (AV. ANDRE)",,,Plein jour,Hors agglomération,Intersection en X,Normale,Deux véhicules - côté,,,,,,,,,,,1,1,2,1,3
200600065989,0006-11-19 17:40:00,6,11,19,17,40,60,88,"0, SOLA (BD PIERRE)",,,Nuit avec éclairage allumé,En agglomération,Hors intersection,Pluie légère,Deux véhicules - côté,,,,,,,,,,,5,2,1,2,3
200600065990,0006-11-19 19:30:00,6,11,19,19,30,60,88,"1, DESAMBROIS (AV.)",,,Nuit avec éclairage allumé,En agglomération,Hors intersection,Pluie légère,Trois véhicules et plus - en chaîne,,,,,,,,,,,5,2,1,2,4
200600065991,0006-11-20 07:30:00,6,11,20,7,30,60,88,"0, CIMETIERE DE LA MADEL",,,Plein jour,En agglomération,Hors intersection,Normale,Deux véhicules - frontale,,,,,,,,,,,1,2,1,1,1
200600065992,0006-11-20 08:45:00,6,11,20,8,45,60,88,"0, RAY (AV. DU)",,,Plein jour,En agglomération,Hors intersection,Normale,Autre collision,,,,,,,,,,,1,2,1,1,6
200600065993,0006-11-20 18:00:00,6,11,20,18,0,60,88,"0, JOLY (CORNICHE ANDRE",,,Nuit avec éclairage allumé,En agglomération,Hors intersection,Normale,Deux véhicules - côté,,,,,,,,,,,5,2,1,1,3
200600065994,0006-11-20 23:30:00,6,11,20,23,30,60,88,"0, TUNNEL DU PAILLON",,,Nuit avec éclairage allumé,En agglomération,Hors intersection,Normale,Autre collision,,,,,,,,,,,5,2,1,1,6
200600065995,0006-11-21 07:00:00,6,11,21,7,0,60,88,"10, ROUX (R. DR EMILE)",,,Plein jour,En agglomération,Hors intersection,Normale,Autre collision,,,,,,,,,,,1,2,1,1,6
200600065996,0006-11-21 09:40:00,6,11,21,9,40,60,88,"4, GIORDAN (AV. JOSEPH)",,,Plein jour,En agglomération,Hors intersection,Normale,Autre collision,,,,,,,,,,,1,2,1,1,6
200600065997,0006-11-21 16:45:00,6,11,21,16,45,60,88,"0, VERDI (R.)",,,Plein jour,En agglomération,Hors intersection,Normale,Autre collision,,,,,,,,,,,1,2,1,1,6
200600065998,0006-11-21 17:40:00,6,11,21,17,40,60,88,"18 ter, MENDIGUREN (AV.",,,Crépuscule ou aube,En agglomération,Hors intersection,Normale,Autre collision,,,,,,,,,,,2,2,1,1,6
200600065999,0006-11-21 19:50:00,6,11,21,19,50,60,88,"81, GAMBETTA (A PARTIR D",,,Nuit avec éclairage allumé,En agglomération,Hors intersection,Pluie légère,Deux véhicules - côté,,,,,,,,,,,5,2,1,2,3
200600066000,0006-11-22 02:54:00,6,11,22,2,54,60,88,"122, CARNOT (BD)",,,Nuit avec éclairage allumé,En agglomération,Hors intersection,Normale,Autre collision,,,,,,,,,,,5,2,1,1,6
200600066001,0006-11-22 06:30:00,6,11,22,6,30,60,88,"682, RD 6202",,,Nuit avec éclairage allumé,En agglomération,Hors intersection,Normale,Deux véhicules - arrière,,,,,,,,,,,5,2,1,1,2
200600066002,0006-11-22 07:40:00,6,11,22,7,40,60,88,"0, CALIFORNIE (AV.) (A P",,,Plein jour,En agglomération,Hors intersection,Normale,Deux véhicules - côté,,,,,,,,,,,1,2,1,1,3
200600066003,0006-11-22 09:00:00,6,11,22,9,0,60,88,"0, CASSIN (BD RENE)",,,Plein jour,En agglomération,Intersection en X,Normale,Deux véhicules - côté,,,,,,,,,,,1,2,2,1,3
200600066004,0006-11-22 11:20:00,6,11,22,11,20,60,88,"248, GRENOBLE (ROUTE DE)",,,Plein jour,En agglomération,Hors intersection,Normale,Autre collision,,,,,,,,,,,1,2,1,1,6
200600066005,0006-11-22 13:25:00,6,11,22,13,25,60,159,"0, ALBERT 1ER (AVENUE)",,,Plein jour,En agglomération,Hors intersection,Normale,Deux véhicules - côté,,,,,,,,,,,1,2,1,1,3
200600066006,0006-11-22 14:25:00,6,11,22,14,25,60,88,"18, VAUBAN (R. MARECHAL)",,,Plein jour,En agglomération,Hors intersection,Normale,Deux véhicules - côté,,,,,,,,,,,1,2,1,1,3
200600066007,0006-11-22 17:35:00,6,11,22,17,35,60,88,"63, SAPPIA (AV. HENRI)",,,Plein jour,En agglomération,Hors intersection,Normale,Deux véhicules - côté,,,,,,,,,,,1,2,1,1,3
200600066008,0006-11-22 17:40:00,6,11,22,17,40,60,88,"0, SOLA (BD PIERRE)",,,Nuit avec éclairage allumé,En agglomération,Hors intersection,Normale,Autre collision,,,,,,,,,,,5,2,1,1,6
200600066009,0006-11-22 18:30:00,6,11,22,18,30,60,88,"30 BIS, RIQUIER (BD DE)",,,Nuit avec éclairage allumé,En agglomération,Hors intersection,Normale,Autre collision,,,,,,,,,,,5,2,1,1,6
200600066010,0006-11-22 19:10:00,6,11,22,19,10,60,88,"0, ETATS UNIS (QUAI DES)",,,Nuit avec éclairage allumé,En agglomération,Intersection en T,Normale,Deux véhicules - côté,,,,,,,,,,,5,2,3,1,3
200600066011,0006-11-22 19:50:00,6,11,22,19,50,60,88,"0, JOLY (CORNICHE ANDRE",,,Nuit avec éclairage allumé,En agglomération,Intersection en X,Normale,Deux véhicules - côté,,,,,,,,,,,5,2,2,1,3