accident_id,datetime,annee,mois,jour,heure,minute,departement,commune_insee,adresse,latitude,longitude,luminosite,agglomeration,intersection,meteo,collision,nb_vehicules,nb_usagers,nb_indemnes,nb_tues,nb_blesses_hosp,nb_blesses_legers,age_cond_1,age_cond_2,veh_type_cond_1,veh_type_cond_2,lum_code,agg_code,int_code,atm_code,col_code
200600066012,0006-11-23 00:30:00,6,11,23,0,30,60,88,"111, ANGLAIS (DU N° 45 A",,,Nuit avec éclairage non allumé,En agglomération,Hors intersection,Normale,Deux véhicules - arrière,,,,,,,,,,,4,2,1,1,2
200600066013,0006-11-23 21:00:00,6,11,23,21,0,60,88,"47, ETATS UNIS (QUAI DES",,,Nuit avec éclairage allumé,En agglomération,Hors intersection,Normale,Deux véhicules - arrière,,,,,,,,,,,5,2,1,1,2
200600066014,0006-11-23 11:35:00,6,11,23,11,35,60,88,"7 TER, PHILIBERT (R. EMM",,,Plein jour,Hors agglomération,Hors intersection,Normale,Autre collision,,,,,,,,,,,1,1,1,1,6
200600066015,0006-11-23 12:00:00,6,11,23,12,0,60,88,"0, RD 6202",,,Plein jour,Hors agglomération,Intersection en T,Normale,Deux véhicules - arrière,,,,,,,,,,,1,1,3,1,2
200600066016,0006-11-23 14:40:00,6,11,23,14,40,60,88,"12, FOCH (AV. MARECHAL)",,,Plein jour,En agglomération,Hors intersection,Normale,Autre collision,,,,,,,,,,,1,2,1,1,6
200600066017,0006-11-23 16:00:00,6,11,23,16,0,60,88,"0, RAYNAUD (BD AUGUSTE)",,,Plein jour,En agglomération,Intersection en T,Normale,Autre collision,,,,,,,,,,,1,2,3,1,6
200600066018,0006-11-23 18:00:00,6,11,23,18,0,60,88,"0, BAREL (PLACE MAX)",,,Nuit avec éclairage allumé,En agglomération,Intersection à plus de 4 branches,Normale,Sans collision,,,,,,,,,,,5,2,5,1,7
200600066019,0006-11-23 18:01:00,6,11,23,18,1,60,88,"0, MADELEINE (BD DE LA)",,,Nuit avec éclairage allumé,En agglomération,Hors intersection,Normale,Deux véhicules - arrière,,,,,,,,,,,5,2,1,1,2
200600066020,0006-11-24 01:05:00,6,11,24,1,5,60,88,"0, DUBOUCHAGE (BD)",,,Nuit avec éclairage allumé,En agglomération,Intersection en X,Pluie légère,Deux véhicules - côté,,,,,,,,,,,5,2,2,2,3
200600066021,0006-11-24 07:30:00,6,11,24,7,30,60,88,"0, HUGO (BD VICTOR)",,,Crépuscule ou aube,En agglomération,Intersection en T,Pluie légère,Deux véhicules - côté,,,,,,,,,,,2,2,3,2,3
200600066022,0006-11-24 10:10:00,6,11,24,10,10,60,88,"74, CESSOLE (BD DE) (A P",,,Plein jour,En agglomération,Hors intersection,Pluie forte,Deux véhicules - arrière,,,,,,,,,,,1,2,1,3,2
200600066023,0006-11-24 11:10:00,6,11,24,11,10,60,88,"111, GAMBETTA (A PARTIR",,,Plein jour,En agglomération,Hors intersection,Normale,Deux véhicules - côté,,,,,,,,,,,1,2,1,1,3
200600066024,0006-11-24 15:10:00,6,11,24,15,10,60,88,"88, CANTA GALET (RTE DE)",,,Plein jour,En agglomération,Hors intersection,Pluie légère,Deux véhicules - côté,,,,,,,,,,,1,2,1,2,3
200600066025,0006-11-24 16:00:00,6,11,24,16,0,60,88,"13, THIERS (AV.)",,,Plein jour,En agglomération,Hors intersection,Pluie légère,Autre collision,,,,,,,,,,,1,2,1,2,6
200600066026,0006-11-24 19:40:00,6,11,24,19,40,60,88,"14, THIERS (AV.)",,,Nuit avec éclairage allumé,Hors agglomération,Hors intersection,Pluie légère,Deux véhicules - côté,,,,,,,,,,,5,1,1,2,3
200600066027,0006-11-24 19:41:00,6,11,24,19,41,60,88,THEURIET (AV. ANDRE),,,Nuit avec éclairage allumé,En agglomération,Intersection en X,Autre,Deux véhicules - côté,,,,,,,,,,,5,2,2,9,3
200600066028,0006-11-25 11:00:00,6,11,25,11,0,60,88,"15, JOFFRE (R. MARECHAL)",,,Plein jour,En agglomération,Hors intersection,Normale,Autre collision,,,,,,,,,,,1,2,1,1,6
200600066029,0006-11-25 12:00:00,6,11,25,12,0,60,88,"0, GRENOBLE (ROUTE DE)",,,Plein jour,En agglomération,Hors intersection,Pluie forte,Deux véhicules - arrière,,,,,,,,,,,1,2,1,3,2
200600066030,0006-11-26 10:30:00,6,11,26,10,30,60,88,PESSICART (JUSQU'AU 270/,,,Plein jour,En agglomération,Hors intersection,Normale,Autre collision,,,,,,,,,,,1,2,1,1,6
200600066031,0006-11-26 21:30:00,6,11,26,21,30,60,88,"0, JOLY (CORNICHE ANDRE",,,Nuit avec éclairage allumé,En agglomération,Intersection en X,Normale,Deux véhicules - arrière,,,,,,,,,,,5,2,2,1,2
200600066032,0006-11-27 06:50:00,6,11,27,6,50,60,88,"0, RISSO (BD)",,,Nuit avec éclairage allumé,En agglomération,Intersection en X,Normale,Deux véhicules - côté,,,,,,,,,,,5,2,2,1,3
200600066033,0006-11-27 07:30:00,6,11,27,7,30,60,88,"0, ANGLAIS (DU N° 265 AU",,,Nuit avec éclairage non allumé,En agglomération,Hors intersection,Normale,Deux véhicules - arrière,,,,,,,,,,,4,2,1,1,2
200600066034,0006-11-27 07:31:00,6,11,27,7,31,60,88,"100, ARENES DE CIMIEZ (A",,,Plein jour,En agglomération,Intersection en T,Normale,Trois véhicules et plus - collisions multiples,,,,,,,,,,,1,2,3,1,5
200600066035,0006-11-27 09:45:00,6,11,27,9,45,60,88,"105, LYAUTEY (AV. DU MAL",,,Plein jour,En agglomération,Intersection en T,Normale,Deux véhicules - frontale,,,,,,,,,,,1,2,3,1,1
200600066036,0006-11-27 10:15:00,6,11,27,10,15,60,88,"0, ARSON (RUE)",,,Plein jour,En agglomération,Intersection en X,Normale,Deux véhicules - côté,,,,,,,,,,,1,2,2,1,3
200600066037,0006-11-27 12:00:00,6,11,27,12,0,60,88,"160, MADELEINE (BD DE LA",,,Plein jour,En agglomération,Hors intersection,Normale,Deux véhicules - côté,,,,,,,,,,,1,2,1,1,3
200600066038,0006-11-27 12:20:00,6,11,27,12,20,60,88,"0, SAINT-SYLVESTRE (AV.",,,Plein jour,En agglomération,Intersection en T,Normale,Autre collision,,,,,,,,,,,1,2,3,1,6
200600066039,0006-11-27 13:22:00,6,11,27,13,22,60,88,HERRIOT (BD EDOUARD),,,Plein jour,En agglomération,Giratoire,Normale,Deux véhicules - côté,,,,,,,,,,,1,2,6,1,3
200600066040,0006-11-27 15:25:00,6,11,27,15,25,60,88,"0, TUNNEL DU PAILLON",,,Plein jour,En agglomération,Hors intersection,Normale,Sans collision,,,,,,,,,,,1,2,1,1,7
200600066041,0006-11-28 09:00:00,6,11,28,9,0,60,88,"12, REINE-VICTORIA (AV.)",,,Plein jour,En agglomération,Hors intersection,Normale,Autre collision,,,,,,,,,,,1,2,1,1,6
200600066042,0006-11-28 12:20:00,6,11,28,12,20,60,88,"6, LEPANTE (R. DE)",,,Plein jour,En agglomération,Hors intersection,Normale,Autre collision,,,,,,,,,,,1,2,1,1,6
200600066043,0006-11-28 14:45:00,6,11,28,14,45,60,88,"91, MADELEINE (BD DE LA)",,,Plein jour,En agglomération,Hors intersection,Normale,Deux véhicules - côté,,,,,,,,,,,1,2,1,1,3
200600066044,0006-11-29 19:25:00,6,11,29,19,25,60,88,"0, VOIE RAPIDE",,,Nuit avec éclairage allumé,En agglomération,Hors intersection,Normale,Trois véhicules et plus - collisions multiples,,,,,,,,,,,5,2,1,1,5
200600066045,0006-11-29 07:35:00,6,11,29,7,35,60,88,"39, SOLA (BD PIERRE)",,,Plein jour,En agglomération,Hors intersection,Normale,Deux véhicules - côté,,,,,,,,,,,1,2,1,1,3
200600066046,0006-11-29 07:45:00,6,11,29,7,45,60,88,"77 BIS, GAMBETTA (A PART",,,Plein jour,En agglomération,Hors intersection,Normale,Deux véhicules - côté,,,,,,,,,,,1,2,1,1,3
200600066047,0006-11-29 07:55:00,6,11,29,7,55,60,88,"293, GRENOBLE (ROUTE DE)",,,Plein jour,Hors agglomération,Hors intersection,Normale,Sans collision,,,,,,,,,,,1,1,1,1,7
200600066048,0006-11-29 08:50:00,6,11,29,8,50,60,88,", DEUX EMMANUELS (QUAI D",,,Plein jour,En agglomération,Hors intersection,Normale,Autre collision,,,,,,,,,,,1,2,1,1,6
200600066049,0006-11-29 12:25:00,6,11,29,12,25,60,88,"0, AURIOL (PONT VINCENT)",,,Plein jour,En agglomération,Intersection en X,Normale,Deux véhicules - côté,,,,,,,,,,,1,2,2,1,3
200600066050,0006-11-29 13:30:00,6,11,29,13,30,60,88,"0, ALLEGRE (AV. JEAN)",,,Plein jour,En agglomération,Hors intersection,Normale,Deux véhicules - arrière,,,,,,,,,,,1,2,1,1,2
200600066051,0006-11-29 19:30:00,6,11,29,19,30,60,88,"10, PASTEUR (BD)",,,Nuit avec éclairage allumé,En agglomération,Hors intersection,Pluie légère,Autre collision,,,,,,,,,,,5,2,1,2,6
200600066052,0006-11-29 20:30:00,6,11,29,20,30,60,88,"0, TZAREWITCH (BD DU)",,,Nuit avec éclairage allumé,En agglomération,Intersection en T,Normale,Sans collision,,,,,,,,,,,5,2,3,1,7
200600066053,0006-11-30 08:25:00,6,11,30,8,25,60,88,"0, DUFY (RUE RAOUL)",,,Plein jour,En agglomération,Intersection en X,Normale,Deux véhicules - arrière,,,,,,,,,,,1,2,2,1,2
200600066054,0006-11-30 09:50:00,6,11,30,9,50,60,88,"0, ROQUEBILLIERE (R. DE)",,,Plein jour,En agglomération,Hors intersection,Normale,Deux véhicules - côté,,,,,,,,,,,1,2,1,1,3
200600066055,0006-11-30 10:10:00,6,11,30,10,10,60,88,"0, TURIN (RTE DE)",,,Plein jour,En agglomération,Hors intersection,Normale,Deux véhicules - arrière,,,,,,,,,,,1,2,1,1,2
200600066056,0006-11-30 13:30:00,6,11,30,13,30,60,88,"0, POMPIDOU (BD GEORGES)",,,Plein jour,En agglomération,Hors intersection,Normale,Deux véhicules - côté,,,,,,,,,,,1,2,1,1,3
200600066057,0006-11-30 16:10:00,6,11,30,16,10,60,88,NAPOLEON III (BD),,,Plein jour,En agglomération,Hors intersection,Normale,Autre collision,,,,,,,,,,,1,2,1,1,6
200600066058,0006-11-30 18:30:00,6,11,30,18,30,60,88,"0, GOUNOD (RUE)",,,Nuit avec éclairage allumé,En agglomération,Intersection en X,Normale,Deux véhicules - côté,,,,,,,,,,,5,2,2,1,3
200600066059,0006-11-06 19:15:00,6,11,6,19,15,70,78,"1, GOURDAN CHEMIN DE",,,Nuit sans éclairage public,Hors agglomération,Intersection en T,Normale,Sans collision,,,,,,,,,,,3,1,3,1,7
200600066060,0006-11-15 11:50:00,6,11,15,11,50,70,19,DELATTRE DE TASSIGNY(AVE,,,Plein jour,En agglomération,Intersection en T,Normale,Deux véhicules - côté,,,,,,,,,,,1,2,3,1,3
200600066061,0006-11-12 11:20:00,6,11,12,11,20,70,19,"7, RESERVOIRS (RUE DES)",,,Plein jour,En agglomération,Intersection en T,Normale,Deux véhicules - côté,,,,,,,,,,,1,2,3,1,3
200600066062,0006-11-20 07:47:00,6,11,20,7,47,70,19,COTE DE VILLE (RN 102),,,Plein jour,Hors agglomération,Hors intersection,Pluie légère,Deux véhicules - frontale,,,,,,,,,,,1,1,1,2,1
200600066063,0006-11-07 15:55:00,6,11,7,15,55,70,102,"69, MONTGOLFIER (RUE)",,,Crépuscule ou aube,En agglomération,Intersection en T,Normale,Sans collision,,,,,,,,,,,2,2,3,1,7
200600066064,0006-11-19 11:10:00,6,11,19,11,10,70,281,BOUVAT (QUAI JULES),,,Plein jour,En agglomération,Intersection en X,Normale,Autre collision,,,,,,,,,,,1,2,2,1,6
200600066065,0006-11-27 16:50:00,6,11,27,16,50,70,281,C.D. 279 (VERS TOULAUD),,,Crépuscule ou aube,Hors agglomération,Hors intersection,Normale,Deux véhicules - côté,,,,,,,,,,,2,1,1,1,3
200600066066,0006-11-06 08:50:00,6,11,6,8,50,70,186,CHOMERAC (ROUTE DE),,,Plein jour,Hors agglomération,Hors intersection,Normale,Deux véhicules - arrière,,,,,,,,,,,1,1,1,1,2
200600066067,0006-11-15 15:35:00,6,11,15,15,35,70,340,RN 304 / ROUTE DE LAY,,,Plein jour,Hors agglomération,Hors intersection,Autre,Sans collision,,,,,,,,,,,1,1,1,9,7
200600066068,0006-11-21 13:55:00,6,11,21,13,55,70,340,"530, COMBE (CHEMIN DE LA",,,Plein jour,En agglomération,Hors intersection,Normale,Autre collision,,,,,,,,,,,1,2,1,1,6
200600066069,0006-11-26 16:45:00,6,11,26,16,45,80,346,WARNECOURT ROUTE,,,Plein jour,En agglomération,Intersection en T,Normale,Sans collision,,,,,,,,,,,1,2,3,1,7
200600066070,0006-11-29 18:50:00,6,11,29,18,50,80,105,"12, MONGE",,,Nuit avec éclairage allumé,En agglomération,Hors intersection,Normale,Autre collision,,,,,,,,,,,5,2,1,1,6
200600066071,0006-11-14 17:45:00,6,11,14,17,45,80,409,SUPERIEUR (PONT),,,Nuit avec éclairage allumé,En agglomération,Hors intersection,Pluie légère,Trois véhicules et plus - en chaîne,,,,,,,,,,,5,2,1,2,4
200600066072,0006-11-21 12:50:00,6,11,21,12,50,80,409,"07, STACKLER (AVENUE)",,,Plein jour,En agglomération,Hors intersection,Pluie légère,Autre collision,,,,,,,,,,,1,2,1,2,6
200600066073,0006-11-03 13:46:00,6,11,3,13,46,90,122,"59, LECLERC (AVENUE DU G",,,Plein jour,En agglomération,Hors intersection,Normale,Autre collision,,,,,,,,,,,1,2,1,1,6
200600066074,0006-11-04 05:14:00,6,11,4,5,14,90,122,"18, CLEMENCEAU (AVENUE)",,,Nuit avec éclairage allumé,En agglomération,Hors intersection,Normale,Sans collision,,,,,,,,,,,5,2,1,1,7
200600066075,0006-11-18 17:25:00,6,11,18,17,25,90,122,"27, IRENE CROS (COURS)",,,Crépuscule ou aube,En agglomération,Hors intersection,Normale,Autre collision,,,,,,,,,,,2,2,1,1,6
200600066076,0006-11-07 17:25:00,6,11,7,17,25,90,225,"000, SAINT JEAN AVENUE",,,Plein jour,En agglomération,Hors intersection,Normale,Deux véhicules - côté,,,,,,,,,,,1,2,1,1,3
200600066077,0006-11-22 16:45:00,6,11,22,16,45,90,225,SAINT ANTONIN RUE,,,Plein jour,En agglomération,Hors intersection,Temps couvert,Deux véhicules - arrière,,,,,,,,,,,1,2,1,8,2
200600066078,0006-11-02 19:25:00,6,11,2,19,25,100,357,RN19,,,Nuit sans éclairage public,En agglomération,Hors intersection,Normale,Autre collision,,,,,,,,,,,3,2,1,1,6
200600066079,0006-11-10 17:25:00,6,11,10,17,25,100,387,PASTEUR (RUE),,,Nuit avec éclairage allumé,En agglomération,Hors intersection,Normale,Autre collision,,,,,,,,,,,5,2,1,1,6
200600066080,0006-11-10 15:45:00,6,11,10,15,45,100,333,"000, AUXERRE (ROUTE)",,,Plein jour,En agglomération,Intersection en T,Normale,Deux véhicules - côté,,,,,,,,,,,1,2,3,1,3
200600066081,0006-11-21 10:00:00,6,11,21,10,0,100,387,"000, DAMPIERRE (QUAI)",,,Plein jour,En agglomération,Hors intersection,Normale,Deux véhicules - côté,,,,,,,,,,,1,2,1,1,3
200600066082,0006-11-21 15:35:00,6,11,21,15,35,100,81,"000, JULES FERRY (RUE)",,,Plein jour,En agglomération,Intersection en X,Pluie forte,Deux véhicules - côté,,,,,,,,,,,1,2,2,3,3
200600066083,0006-11-22 07:45:00,6,11,22,7,45,100,387,"000, ANATOLE FRANCE (RUE",,,Nuit avec éclairage allumé,En agglomération,Intersection en X,Normale,Deux véhicules - côté,,,,,,,,,,,5,2,2,1,3
200600066084,0006-11-17 11:10:00,6,11,17,11,10,100,362,"000, CHANTELOUP (CD)",,,Plein jour,En agglomération,Intersection en T,Normale,Deux véhicules - côté,,,,,,,,,,,1,2,3,1,3
200600066085,0006-11-10 01:50:00,6,11,10,1,50,110,76,"RN 113, NATIONALE (ROUTE",,,Nuit sans éclairage public,Hors agglomération,Intersection en Y,Normale,Autre collision,,,,,,,,,,,3,1,4,1,6
200600066086,0006-11-02 22:55:00,6,11,2,22,55,110,262,"14, CARNOT (AVENUE)",,,Nuit avec éclairage allumé,En agglomération,Intersection en T,Normale,Deux véhicules - côté,,,,,,,,,,,5,2,3,1,3
200600066087,0006-11-30 16:40:00,6,11,30,16,40,110,262,LEBLANC(RUE),,,Plein jour,En agglomération,Intersection en X,Normale,Deux véhicules - côté,,,,,,,,,,,1,2,2,1,3
200600066088,0006-11-18 02:05:00,6,11,18,2,5,120,145,MILLAU PLAGE (AVENUE DE),,,Nuit sans éclairage public,Hors agglomération,Hors intersection,Normale,Sans collision,,,,,,,,,,,3,1,1,1,7
200600066089,0006-11-03 08:00:00,6,11,3,8,0,120,202,MOYRAZES (ROUTE DE),,,Crépuscule ou aube,Hors agglomération,Hors intersection,Normale,Sans collision,,,,,,,,,,,2,1,1,1,7
200600066090,0006-11-10 18:25:00,6,11,10,18,25,120,176,CAPUCINES (BOULEVARD DES,,,Nuit avec éclairage allumé,En agglomération,Intersection en X,Normale,Deux véhicules - côté,,,,,,,,,,,5,2,2,1,3
200600066091,0006-11-15 11:05:00,6,11,15,11,5,120,202,"22, DENYS PUECH (BOULEVA",,,Plein jour,En agglomération,Hors intersection,Normale,Autre collision,,,,,,,,,,,1,2,1,1,6
200600066092,0006-11-30 16:50:00,6,11,30,16,50,120,202,DE LATTRE DE TASSIGNY (B,,,Plein jour,En agglomération,Intersection en T,Normale,Autre collision,,,,,,,,,,,1,2,3,1,6
200600066093,0006-11-18 06:26:00,6,11,18,6,26,130,1,R.N 7,,,Nuit sans éclairage public,En agglomération,Hors intersection,Normale,Deux véhicules - frontale,,,,,,,,,,,3,2,1,1,1
200600066094,0006-11-03 18:48:00,6,11,3,18,48,130,1,"2370, RD 59",,,Crépuscule ou aube,Hors agglomération,Hors intersection,Normale,Trois véhicules et plus - collisions multiples,,,,,,,,,,,2,1,1,1,5
200600066095,0006-11-08 16:50:00,6,11,8,16,50,130,1,"2570, LOQUI (ROUTE DE)",,,Plein jour,Hors agglomération,Hors intersection,Normale,Autre collision,,,,,,,,,,,1,1,1,1,6
200600066096,0006-11-10 14:41:00,6,11,10,14,41,130,1,"2075, ST CANADET (ROUTE)",,,Plein jour,Hors agglomération,Hors intersection,Normale,Deux véhicules - arrière,,,,,,,,,,,1,1,1,1,2
200600066097,0006-11-13 09:15:00,6,11,13,9,15,130,1,EUROPE (AV),,,Plein jour,En agglomération,Giratoire,Normale,Deux véhicules - arrière,,,,,,,,,,,1,2,6,1,2
200600066098,0006-11-15 19:00:00,6,11,15,19,0,130,1,"1685, BELLEC MAURICE (RT",,,Nuit avec éclairage allumé,Hors agglomération,Hors intersection,Temps couvert,Autre collision,,,,,,,,,,,5,1,1,8,6
200600066099,0006-11-13 10:38:00,6,11,13,10,38,130,1,"1, CARREFOUR (MAGASIN)",,,Plein jour,Hors agglomération,Hors intersection,Normale,Autre collision,,,,,,,,,,,1,1,1,1,6
200600066100,0006-11-23 11:00:00,6,11,23,11,0,130,1,"10, RD9",,,Plein jour,Hors agglomération,Hors intersection,Normale,Trois véhicules et plus - collisions multiples,,,,,,,,,,,1,1,1,1,5
200600066101,0006-11-24 06:30:00,6,11,24,6,30,130,1,"1, FIGUIERE (RUE DE LA)",,,Crépuscule ou aube,En agglomération,Intersection en T,Normale,Deux véhicules - frontale,,,,,,,,,,,2,2,3,1,1
200600066102,0006-11-28 12:13:00,6,11,28,12,13,130,1,"1, MIRABEAU (COURS)",,,Plein jour,En agglomération,Hors intersection,Normale,Autre collision,,,,,,,,,,,1,2,1,1,6
200600066103,0006-11-14 07:50:00,6,11,14,7,50,130,4,STALINGRAD AVENUE DE,,,Crépuscule ou aube,En agglomération,Intersection en T,Normale,Deux véhicules - côté,,,,,,,,,,,2,2,3,1,3
200600066104,0006-11-15 17:35:00,6,11,15,17,35,130,4,RN 113,,,Crépuscule ou aube,Hors agglomération,Hors intersection,Normale,Deux véhicules - arrière,,,,,,,,,,,2,1,1,1,2
200600066105,0006-11-17 19:50:00,6,11,17,19,50,130,4,RN 570,,,Nuit sans éclairage public,Hors agglomération,Hors intersection,Pluie légère,Deux véhicules - frontale,,,,,,,,,,,3,1,1,2,1
200600066106,0006-11-17 19:30:00,6,11,17,19,30,130,4,L'ANCIEN MOULIN A TABAC,,,Nuit avec éclairage allumé,En agglomération,Intersection en X,Pluie forte,Deux véhicules - côté,,,,,,,,,,,5,2,2,3,3
200600066107,0006-11-18 07:55:00,6,11,18,7,55,130,4,R.N.N.2570.AV STALINGRAD,,,Crépuscule ou aube,En agglomération,Intersection en X,Normale,Deux véhicules - côté,,,,,,,,,,,2,2,2,1,3
200600066108,0006-11-19 06:40:00,6,11,19,6,40,130,4,RN 453,,,Nuit sans éclairage public,Hors agglomération,Hors intersection,Brouillard / fumée,Autre collision,,,,,,,,,,,3,1,1,5,6
200600066109,0006-11-25 09:15:00,6,11,25,9,15,130,4,VICTOR HUGO AVENUE,,,Plein jour,En agglomération,Autre intersection,Vent fort / tempête,Deux véhicules - côté,,,,,,,,,,,1,2,9,6,3
200600066110,0006-11-27 11:20:00,6,11,27,11,20,130,4,"01, EMILE FASSIN RUE",,,Plein jour,En agglomération,Hors intersection,Normale,Deux véhicules - côté,,,,,,,,,,,1,2,1,1,3
200600066111,0006-11-30 18:50:00,6,11,30,18,50,130,4,LIBERATION AVENUE DE LA,,,Nuit avec éclairage allumé,En agglomération,Giratoire,Temps couvert,Deux véhicules - côté,,,,,,,,,,,5,2,6,8,3
200600066112,0006-11-25 03:45:00,6,11,25,3,45,130,4,RN 113,,,Nuit sans éclairage public,En agglomération,Hors intersection,Normale,Deux véhicules - frontale,,,,,,,,,,,3,2,1,1,1
200600066113,0006-11-14 13:45:00,6,11,14,13,45,130,5,"31, GOUMS (AVENUE DES)",,,Plein jour,En agglomération,Hors intersection,Normale,Deux véhicules - arrière,,,,,,,,,,,1,2,1,1,2
200600066114,0006-11-28 19:45:00,6,11,28,19,45,130,5,SAINT MICHEL (CHEMIN DE,,,Nuit avec éclairage allumé,En agglomération,Intersection en X,Normale,Deux véhicules - côté,,,,,,,,,,,5,2,2,1,3
200600066115,0006-11-14 08:50:00,6,11,14,8,50,130,28,"32, CROZET (AVENUE LOUIS",,,Plein jour,En agglomération,Hors intersection,Normale,Deux véhicules - arrière,,,,,,,,,,,1,2,1,1,2
200600066116,0006-11-26 17:50:00,6,11,26,17,50,130,28,"18, CARDINAL MAURIN (AVE",,,Nuit avec éclairage allumé,En agglomération,Intersection en T,Normale,Deux véhicules - côté,,,,,,,,,,,5,2,3,1,3
200600066117,0006-11-02 20:45:00,6,11,2,20,45,130,47,EQUERRE RUE DE L',,,Crépuscule ou aube,Hors agglomération,Autre intersection,Normale,Deux véhicules - côté,,,,,,,,,,,2,1,9,1,3
200600066118,0006-11-03 17:20:00,6,11,3,17,20,130,47,SORBES CHEMIN DE,,,Plein jour,Hors agglomération,Hors intersection,Normale,Deux véhicules - frontale,,,,,,,,,,,1,1,1,1,1
200600066119,0006-11-08 19:15:00,6,11,8,19,15,130,63,"1, BARRIELES CHEMIN DES",,,Nuit sans éclairage public,Hors agglomération,Autre intersection,Normale,Deux véhicules - frontale,,,,,,,,,,,3,1,9,1,1
200600066120,0006-11-10 17:26:00,6,11,10,17,26,130,47,ALDERIC CHAVE AVENUE,,,Nuit avec éclairage allumé,En agglomération,Hors intersection,Normale,Deux véhicules - côté,,,,,,,,,,,5,2,1,1,3
200600066121,0006-11-11 18:30:00,6,11,11,18,30,130,47,RN 1589 LA TRANSHUMANCE,,,Nuit avec éclairage allumé,Hors agglomération,Giratoire,Normale,Sans collision,,,,,,,,,,,5,1,6,1,7
200600066122,0006-11-12 21:15:00,6,11,12,21,15,130,47,RN 1589 LA TRANSHUMANCE,,,Nuit sans éclairage public,Hors agglomération,Hors intersection,Vent fort / tempête,Deux véhicules - frontale,,,,,,,,,,,3,1,1,6,1
200600066123,0006-11-17 17:10:00,6,11,17,17,10,130,47,CAPELETTE ROUTE DE LA,,,Crépuscule ou aube,Hors agglomération,Hors intersection,Pluie légère,Autre collision,,,,,,,,,,,2,1,1,2,6
200600066124,0006-11-17 22:15:00,6,11,17,22,15,130,63,LEVANT  AVENUE DU,,,Nuit avec éclairage non allumé,Hors agglomération,Autre intersection,Normale,Deux véhicules - côté,,,,,,,,,,,4,1,9,1,3
200600066125,0006-11-18 18:00:00,6,11,18,18,0,130,63,THEODORE AUBANEL BOULEVA,,,Nuit sans éclairage public,En agglomération,Giratoire,Normale,Sans collision,,,,,,,,,,,3,2,6,1,7
200600066126,0006-11-23 17:30:00,6,11,23,17,30,130,47,RN 569,,,Nuit sans éclairage public,Hors agglomération,Hors intersection,Normale,Autre collision,,,,,,,,,,,3,1,1,1,6
200600066127,0006-11-28 14:00:00,6,11,28,14,0,130,63,TAUSSANE CHEMIN DE,,,Plein jour,Hors agglomération,Intersection en T,Normale,Deux véhicules - arrière,,,,,,,,,,,1,1,3,1,2
200600066128,0006-11-06 07:00:00,6,11,6,7,0,130,54,VICTOIRE DE LA MARNE  RU,,,Plein jour,En agglomération,Intersection en T,Normale,Deux véhicules - côté,,,,,,,,,,,1,2,3,1,3
200600066129,0006-11-09 08:35:00,6,11,9,8,35,130,54,MISTRAL  BD FREDERIC,,,Plein jour,En agglomération,Autre intersection,Normale,Deux véhicules - côté,,,,,,,,,,,1,2,9,1,3
200600066130,0006-11-12 22:30:00,6,11,12,22,30,130,54,FIGUERAS  RUE DE,,,Nuit avec éclairage allumé,En agglomération,Hors intersection,Normale,Autre collision,,,,,,,,,,,5,2,1,1,6
200600066131,0006-11-11 09:20:00,6,11,11,9,20,130,43,PROVENCE  BD DE LA,,,Plein jour,En agglomération,Intersection en T,Normale,Deux véhicules - côté,,,,,,,,,,,1,2,3,1,3
200600066132,0006-11-11 14:15:00,6,11,11,14,15,130,54,JUIN  AVE MARECHAL,,,Plein jour,En agglomération,Intersection en T,Normale,Deux véhicules - côté,,,,,,,,,,,1,2,3,1,3
200600066133,0006-11-13 18:05:00,6,11,13,18,5,130,102,ABBADIE  BLD,,,Nuit avec éclairage allumé,En agglomération,Intersection en T,Normale,Deux véhicules - côté,,,,,,,,,,,5,2,3,1,3
200600066134,0006-11-22 09:05:00,6,11,22,9,5,130,54,MONNET  RUE JEAN,,,Plein jour,En agglomération,Intersection en X,Normale,Deux véhicules - côté,,,,,,,,,,,1,2,2,1,3
200600066135,0006-11-25 09:30:00,6,11,25,9,30,130,54,VICTOIRE DE LA MARNE  RU,,,Plein jour,En agglomération,Hors intersection,Normale,Deux véhicules - frontale,,,,,,,,,,,1,2,1,1,1
200600066136,0006-11-25 11:20:00,6,11,25,11,20,130,43,PATINELLES  CHEMIN DES,,,Plein jour,En agglomération,Hors intersection,Normale,Deux véhicules - frontale,,,,,,,,,,,1,2,1,1,1
200600066137,0006-11-27 07:15:00,6,11,27,7,15,130,54,CD9,,,Plein jour,Hors agglomération,Hors intersection,Normale,Sans collision,,,,,,,,,,,1,1,1,1,7
200600066138,0006-11-27 15:40:00,6,11,27,15,40,130,43,POMPIDOU  AVENUE,,,Plein jour,Hors agglomération,Intersection à plus de 4 branches,Normale,Deux véhicules - côté,,,,,,,,,,,1,1,5,1,3
200600066139,0006-11-28 06:45:00,6,11,28,6,45,130,102,LIBERATION  BLD DE LA,,,Crépuscule ou aube,Hors agglomération,Hors intersection,Normale,Deux véhicules - arrière,,,,,,,,,,,2,1,1,1,2
200600066140,0006-11-29 17:55:00,6,11,29,17,55,130,43,CHABAUD  RUE,,,Nuit avec éclairage allumé,En agglomération,Hors intersection,Normale,Deux véhicules - frontale,,,,,,,,,,,5,2,1,1,1
200600066141,0006-11-26 18:00:00,6,11,26,18,0,130,55,"292, ENDOUME (RUE D')",,,Nuit avec éclairage allumé,En agglomération,Hors intersection,Normale,Deux véhicules - arrière,,,,,,,,,,,5,2,1,1,2