accident_id,datetime,annee,mois,jour,heure,minute,departement,commune_insee,adresse,latitude,longitude,luminosite,agglomeration,intersection,meteo,collision,nb_vehicules,nb_usagers,nb_indemnes,nb_tues,nb_blesses_hosp,nb_blesses_legers,age_cond_1,age_cond_2,veh_type_cond_1,veh_type_cond_2,lum_code,agg_code,int_code,atm_code,col_code
200600066142,0006-11-03 11:15:00,6,11,3,11,15,130,55,FRANÇOIS MIGNET (AVENUE),,,Plein jour,En agglomération,Autre intersection,Normale,Deux véhicules - arrière,,,,,,,,,,,1,2,9,1,2
200600066143,0006-11-27 15:55:00,6,11,27,15,55,130,55,"97, JEANNE D'ARC (BOULEV",,,Plein jour,En agglomération,Hors intersection,Normale,Deux véhicules - arrière,,,,,,,,,,,1,2,1,1,2
200600066144,0006-11-27 18:00:00,6,11,27,18,0,130,55,BOISSON (BOULEVARD),,,Nuit avec éclairage allumé,En agglomération,Intersection en X,Normale,Deux véhicules - côté,,,,,,,,,,,5,2,2,1,3
200600066145,0006-11-03 09:45:00,6,11,3,9,45,130,55,LIBERTE (BOULEVARD DE LA,,,Plein jour,En agglomération,Intersection en X,Normale,Deux véhicules - côté,,,,,,,,,,,1,2,2,1,3
200600066146,0006-11-07 14:15:00,6,11,7,14,15,130,55,"73, SAINT JEROME (AVENUE",,,Plein jour,En agglomération,Hors intersection,Normale,Autre collision,,,,,,,,,,,1,2,1,1,6
200600066147,0006-11-09 18:00:00,6,11,9,18,0,130,55,GARDIANS (RUE),,,Nuit avec éclairage allumé,En agglomération,Intersection en X,Normale,Deux véhicules - côté,,,,,,,,,,,5,2,2,1,3
200600066148,0006-11-03 16:00:00,6,11,3,16,0,130,55,"546, MIREILLE LAUZE (BOU",,,Plein jour,En agglomération,Hors intersection,Normale,Deux véhicules - frontale,,,,,,,,,,,1,2,1,1,1
200600066149,0006-11-04 10:45:00,6,11,4,10,45,130,55,"76, CANEBIERE     1 A 79",,,Plein jour,En agglomération,Hors intersection,Normale,Sans collision,,,,,,,,,,,1,2,1,1,7
200600066150,0006-11-05 17:30:00,6,11,5,17,30,130,55,"FACE 139, SAINT LOUIS (A",,,Crépuscule ou aube,En agglomération,Hors intersection,Normale,Deux véhicules - côté,,,,,,,,,,,2,2,1,1,3
200600066151,0006-11-02 10:45:00,6,11,2,10,45,130,55,"238, PRADO (AVENUE)",,,Plein jour,En agglomération,Hors intersection,Normale,Deux véhicules - côté,,,,,,,,,,,1,2,1,1,3
200600066152,0006-11-06 18:45:00,6,11,6,18,45,130,55,SAKAKINI (BOULEVARD),,,Nuit avec éclairage non allumé,En agglomération,Hors intersection,Normale,Deux véhicules - côté,,,,,,,,,,,4,2,1,1,3
200600066153,0006-11-03 11:20:00,6,11,3,11,20,130,55,"48, CONCORDE (BOULEVARD",,,Plein jour,En agglomération,Hors intersection,Normale,Autre collision,,,,,,,,,,,1,2,1,1,6
200600066154,0006-11-03 16:30:00,6,11,3,16,30,130,55,"393-395, MICHELET (BOULE",,,Nuit avec éclairage allumé,En agglomération,Hors intersection,Normale,Deux véhicules - arrière,,,,,,,,,,,5,2,1,1,2
200600066155,0006-11-04 22:45:00,6,11,4,22,45,130,55,"404, PARADIS (RUE)",,,Nuit avec éclairage allumé,En agglomération,Hors intersection,Normale,Autre collision,,,,,,,,,,,5,2,1,1,6
200600066156,0006-11-08 09:20:00,6,11,8,9,20,130,55,"144, JEAN LOMBARD (AVENU",,,Plein jour,En agglomération,Hors intersection,Normale,Deux véhicules - côté,,,,,,,,,,,1,2,1,1,3
200600066157,0006-11-08 15:30:00,6,11,8,15,30,130,55,"37, CHUTES LAVIE (AVENUE",,,Plein jour,En agglomération,Hors intersection,Normale,Autre collision,,,,,,,,,,,1,2,1,1,6
200600066158,0006-11-07 19:30:00,6,11,7,19,30,130,55,"123, ROMAIN ROLLAND (BOU",,,Nuit avec éclairage allumé,En agglomération,Hors intersection,Normale,Deux véhicules - arrière,,,,,,,,,,,5,2,1,1,2
200600066159,0006-11-05 15:00:00,6,11,5,15,0,130,55,"25, CROIX ROUGE (AVENUE)",,,Plein jour,En agglomération,Intersection en Y,Normale,Trois véhicules et plus - collisions multiples,,,,,,,,,,,1,2,4,1,5
200600066160,0006-11-03 06:25:00,6,11,3,6,25,130,55,"371, ROMAIN ROLLAND (BOU",,,Crépuscule ou aube,En agglomération,Intersection en X,Normale,Deux véhicules - côté,,,,,,,,,,,2,2,2,1,3
200600066161,0006-11-04 08:20:00,6,11,4,8,20,130,55,LOUIS BONNEFON (PLACE),,,Plein jour,En agglomération,Giratoire,Normale,Deux véhicules - côté,,,,,,,,,,,1,2,6,1,3
200600066162,0006-11-03 15:15:00,6,11,3,15,15,130,55,"48, CORDERIE (BOULEVARD",,,Plein jour,En agglomération,Intersection en Y,Normale,Autre collision,,,,,,,,,,,1,2,4,1,6
200600066163,0006-11-03 08:10:00,6,11,3,8,10,130,55,PIERRE PUGET (COURS),,,Plein jour,En agglomération,Intersection en X,Normale,Autre collision,,,,,,,,,,,1,2,2,1,6
200600066164,0006-11-09 14:15:00,6,11,9,14,15,130,55,JARDIN ZOOLOGIQUE (BOULE,,,Plein jour,En agglomération,Hors intersection,Normale,Deux véhicules - frontale,,,,,,,,,,,1,2,1,1,1
200600066165,0006-11-03 11:45:00,6,11,3,11,45,130,55,"159, SAINT JOSEPH (CHEMI",,,Plein jour,En agglomération,Intersection en T,Normale,Deux véhicules - côté,,,,,,,,,,,1,2,3,1,3
200600066166,0006-11-08 14:45:00,6,11,8,14,45,130,55,BARQUIERE (AVENUE DE LA),,,Plein jour,En agglomération,Intersection en T,Pluie légère,Deux véhicules - côté,,,,,,,,,,,1,2,3,2,3
200600066167,0006-11-10 12:00:00,6,11,10,12,0,130,55,", PLACIDE CAFFO (PLACE)",,,Plein jour,En agglomération,Place,Normale,Autre collision,,,,,,,,,,,1,2,7,1,6
200600066168,0006-11-08 08:50:00,6,11,8,8,50,130,55,"275, SAINT MARCEL (BOULE",,,Plein jour,En agglomération,Hors intersection,Normale,Deux véhicules - arrière,,,,,,,,,,,1,2,1,1,2
200600066169,0006-11-05 18:05:00,6,11,5,18,5,130,55,SIGNORET (TRAVERSE),,,Nuit avec éclairage allumé,En agglomération,Hors intersection,Normale,Deux véhicules - côté,,,,,,,,,,,5,2,1,1,3
200600066170,0006-11-04 11:20:00,6,11,4,11,20,130,55,PLOMBIERES (BOULEVARD DE,,,Plein jour,En agglomération,Hors intersection,Normale,Deux véhicules - côté,,,,,,,,,,,1,2,1,1,3
200600066171,0006-11-03 18:00:00,6,11,3,18,0,130,55,"21, CAPELETTE (AVENUE DE",,,Crépuscule ou aube,En agglomération,Hors intersection,Normale,Deux véhicules - côté,,,,,,,,,,,2,2,1,1,3
200600066172,0006-11-09 17:30:00,6,11,9,17,30,130,55,"72, MAURIAC (RUE)",,,Nuit avec éclairage allumé,Hors agglomération,Hors intersection,Normale,Deux véhicules - arrière,,,,,,,,,,,5,1,1,1,2
200600066173,0006-11-10 20:15:00,6,11,10,20,15,130,55,LOUIS MALOSSE (AVENUE),,,Nuit avec éclairage allumé,En agglomération,Intersection en X,Normale,Deux véhicules - arrière,,,,,,,,,,,5,2,2,1,2
200600066174,0006-11-10 18:20:00,6,11,10,18,20,130,55,"94, SAINT LOUP (BOULEVAR",,,Nuit avec éclairage allumé,En agglomération,Intersection en T,Normale,Deux véhicules - côté,,,,,,,,,,,5,2,3,1,3
200600066175,0006-11-09 00:15:00,6,11,9,0,15,130,55,"15, D'ARTAGNAN (RUE)",,,Nuit avec éclairage allumé,En agglomération,Hors intersection,Normale,Autre collision,,,,,,,,,,,5,2,1,1,6
200600066176,0006-11-03 12:50:00,6,11,3,12,50,130,55,SAINT ANTOINE (AVENUE DE,,,Plein jour,En agglomération,Hors intersection,Normale,Deux véhicules - côté,,,,,,,,,,,1,2,1,1,3
200600066177,0006-11-07 17:45:00,6,11,7,17,45,130,55,"216, MADRAGUE VILLE (RUE",,,Crépuscule ou aube,En agglomération,Hors intersection,Normale,Autre collision,,,,,,,,,,,2,2,1,1,6
200600066178,0006-11-04 01:30:00,6,11,4,1,30,130,55,"58, PORT (QUAI DU)",,,Nuit avec éclairage allumé,En agglomération,Hors intersection,Normale,Deux véhicules - côté,,,,,,,,,,,5,2,1,1,3
200600066179,0006-11-14 16:10:00,6,11,14,16,10,130,55,DANIEL CASANOVA (BOULEVA,,,Plein jour,En agglomération,Hors intersection,Normale,Deux véhicules - côté,,,,,,,,,,,1,2,1,1,3
200600066180,0006-11-14 22:00:00,6,11,14,22,0,130,55,ITALIE (RUE D'),,,Nuit avec éclairage allumé,En agglomération,Intersection en X,Normale,Deux véhicules - côté,,,,,,,,,,,5,2,2,1,3
200600066181,0006-11-10 18:30:00,6,11,10,18,30,130,55,DAVID (ROND-POINT),,,Nuit avec éclairage allumé,En agglomération,Giratoire,Normale,Deux véhicules - côté,,,,,,,,,,,5,2,6,1,3
200600066182,0006-11-12 01:00:00,6,11,12,1,0,130,55,PRADO (ROND-POINT),,,Nuit avec éclairage allumé,En agglomération,Hors intersection,Normale,Deux véhicules - arrière,,,,,,,,,,,5,2,1,1,2
200600066183,0006-11-08 15:31:00,6,11,8,15,31,130,55,"4, LUDOVIC LEGRE (AVENUE",,,Plein jour,En agglomération,Hors intersection,Normale,Trois véhicules et plus - collisions multiples,,,,,,,,,,,1,2,1,1,5
200600066184,0006-11-08 18:45:00,6,11,8,18,45,130,55,"29, ANDRE AUNE (BOULEVAR",,,Plein jour,Hors agglomération,Hors intersection,Normale,Deux véhicules - arrière,,,,,,,,,,,1,1,1,1,2
200600066185,0006-11-07 16:45:00,6,11,7,16,45,130,55,"59, ARGILE (CHEMIN DE L'",,,Plein jour,En agglomération,Hors intersection,Normale,Sans collision,,,,,,,,,,,1,2,1,1,7
200600066186,0006-11-07 20:00:00,6,11,7,20,0,130,55,"108, PRADO (AVENUE)",,,Nuit avec éclairage allumé,En agglomération,Hors intersection,Normale,Deux véhicules - arrière,,,,,,,,,,,5,2,1,1,2
200600066187,0006-11-08 22:00:00,6,11,8,22,0,130,55,MICHELET (BOULEVARD),,,Nuit avec éclairage allumé,En agglomération,Intersection en T,Normale,Deux véhicules - côté,,,,,,,,,,,5,2,3,1,3
200600066188,0006-11-07 11:40:00,6,11,7,11,40,130,55,"122, RABATAU (BOULEVARD)",,,Plein jour,En agglomération,Hors intersection,Normale,Deux véhicules - côté,,,,,,,,,,,1,2,1,1,3
200600066189,0006-11-13 13:15:00,6,11,13,13,15,130,55,RUISSEAU MI (RUE),,,Plein jour,En agglomération,Hors intersection,Normale,Autre collision,,,,,,,,,,,1,2,1,1,6
200600066190,0006-11-15 13:55:00,6,11,15,13,55,130,55,"106, SAINT LOUIS (AVENUE",,,Plein jour,En agglomération,Hors intersection,Temps couvert,Autre collision,,,,,,,,,,,1,2,1,8,6
200600066191,0006-11-15 13:40:00,6,11,15,13,40,130,55,"68, CAPITAINE GEZE (BOUL",,,Plein jour,En agglomération,Hors intersection,Normale,Deux véhicules - côté,,,,,,,,,,,1,2,1,1,3
200600066192,0006-11-08 08:00:00,6,11,8,8,0,130,55,HENRI FIOCCA (RUE),,,Plein jour,En agglomération,Hors intersection,Normale,Deux véhicules - côté,,,,,,,,,,,1,2,1,1,3
200600066193,0006-11-05 12:30:00,6,11,5,12,30,130,55,"529, PARADIS (RUE)",,,Plein jour,En agglomération,Hors intersection,Normale,Deux véhicules - arrière,,,,,,,,,,,1,2,1,1,2
200600066194,0006-11-13 16:50:00,6,11,13,16,50,130,55,"28, VALENTINE (ROUTE DE",,,Crépuscule ou aube,En agglomération,Hors intersection,Normale,Trois véhicules et plus - collisions multiples,,,,,,,,,,,2,2,1,1,5
200600066195,0006-11-08 18:40:00,6,11,8,18,40,130,55,ROMAIN ROLLAND (BOULEVAR,,,Nuit avec éclairage allumé,En agglomération,Intersection en T,Normale,Deux véhicules - côté,,,,,,,,,,,5,2,3,1,3
200600066196,0006-11-08 08:25:00,6,11,8,8,25,130,55,"268, SAINT LOUP (BOULEVA",,,Plein jour,En agglomération,Intersection en T,Normale,Autre collision,,,,,,,,,,,1,2,3,1,6
200600066197,0006-11-17 21:00:00,6,11,17,21,0,130,55,"221, DANIEL CASANOVA (BO",,,Nuit avec éclairage allumé,En agglomération,Hors intersection,Temps couvert,Deux véhicules - arrière,,,,,,,,,,,5,2,1,8,2
200600066198,0006-11-04 11:10:00,6,11,4,11,10,130,55,"04c, HENRI BARNIER (BOUL",,,Plein jour,En agglomération,Hors intersection,Normale,Deux véhicules - côté,,,,,,,,,,,1,2,1,1,3
200600066199,0006-11-02 16:25:00,6,11,2,16,25,130,55,FRAIS VALLON (AVENUE),,,Plein jour,En agglomération,Hors intersection,Normale,Deux véhicules - arrière,,,,,,,,,,,1,2,1,1,2
200600066200,0006-11-09 10:40:00,6,11,9,10,40,130,55,LITTORAL (CHEMIN DU),,,Plein jour,En agglomération,Hors intersection,Normale,Deux véhicules - frontale,,,,,,,,,,,1,2,1,1,1
200600066201,0006-11-08 14:10:00,6,11,8,14,10,130,55,SAINTE MARTHE (CHEMIN DE,,,Plein jour,En agglomération,Giratoire,Normale,Deux véhicules - arrière,,,,,,,,,,,1,2,6,1,2
200600066202,0006-11-02 18:45:00,6,11,2,18,45,130,55,"72, MERLAN (AVENUE DU)",,,Nuit avec éclairage allumé,En agglomération,Hors intersection,Normale,Deux véhicules - côté,,,,,,,,,,,5,2,1,1,3
200600066203,0006-11-08 14:15:00,6,11,8,14,15,130,55,"angle, VOLTAIRE    PAIRS",,,Plein jour,En agglomération,Intersection en Y,Normale,Deux véhicules - côté,,,,,,,,,,,1,2,4,1,3
200600066204,0006-11-08 17:40:00,6,11,8,17,40,130,55,VOLTAIRE    PAIRS (BOULE,,,Crépuscule ou aube,En agglomération,Intersection en Y,Normale,Sans collision,,,,,,,,,,,2,2,4,1,7
200600066205,0006-11-16 14:10:00,6,11,16,14,10,130,55,LAVERAN (BOULEVARD DU),,,Plein jour,En agglomération,Hors intersection,Normale,Autre collision,,,,,,,,,,,1,2,1,1,6
200600066206,0006-11-04 16:00:00,6,11,4,16,0,130,55,"19 - 21, ALEX. FLEMING (",,,Plein jour,En agglomération,Hors intersection,Temps éblouissant,Deux véhicules - arrière,,,,,,,,,,,1,2,1,7,2
200600066207,0006-11-04 19:40:00,6,11,4,19,40,130,55,CHUTES LAVI (AVENUE),,,Nuit avec éclairage allumé,En agglomération,Hors intersection,Normale,Deux véhicules - frontale,,,,,,,,,,,5,2,1,1,1
200600066208,0006-11-06 14:20:00,6,11,6,14,20,130,55,SYLVABELLE (RUE),,,Plein jour,En agglomération,Intersection en X,Normale,Autre collision,,,,,,,,,,,1,2,2,1,6
200600066209,0006-11-07 11:00:00,6,11,7,11,0,130,55,"57, PASTEUR (AVENUE)",,,Plein jour,En agglomération,Place,Normale,Deux véhicules - côté,,,,,,,,,,,1,2,7,1,3
200600066210,0006-11-07 07:50:00,6,11,7,7,50,130,55,"149, PRADO (AVENUE)",,,Plein jour,En agglomération,Hors intersection,Normale,Deux véhicules - arrière,,,,,,,,,,,1,2,1,1,2
200600066211,0006-11-14 11:30:00,6,11,14,11,30,130,55,PIERRE DOIZE  (RUE),,,Plein jour,En agglomération,Hors intersection,Normale,Deux véhicules - arrière,,,,,,,,,,,1,2,1,1,2
200600066212,0006-11-19 05:30:00,6,11,19,5,30,130,55,TOULON (AVENUE DE),,,Crépuscule ou aube,En agglomération,Intersection en X,Normale,Deux véhicules - côté,,,,,,,,,,,2,2,2,1,3
200600066213,0006-11-18 23:40:00,6,11,18,23,40,130,55,"2, REPUBLIQUE (RUE DE LA",,,Nuit avec éclairage allumé,En agglomération,Intersection en T,Normale,Deux véhicules - côté,,,,,,,,,,,5,2,3,1,3
200600066214,0006-11-19 07:30:00,6,11,19,7,30,130,55,CHATEAU GOMBERT (AVENUE),,,Crépuscule ou aube,En agglomération,Hors intersection,Normale,Deux véhicules - frontale,,,,,,,,,,,2,2,1,1,1
200600066215,0006-11-19 18:00:00,6,11,19,18,0,130,55,MORGIOU (CHEMIN DE),,,Nuit sans éclairage public,En agglomération,Hors intersection,Normale,Deux véhicules - côté,,,,,,,,,,,3,2,1,1,3
200600066216,0006-11-13 13:00:00,6,11,13,13,0,130,55,CLEMENT (BOULEVARD),,,Plein jour,En agglomération,Hors intersection,Normale,Deux véhicules - côté,,,,,,,,,,,1,2,1,1,3
200600066217,0006-11-16 07:55:00,6,11,16,7,55,130,55,CROIX ROUGE (AVENUE),,,Plein jour,En agglomération,Hors intersection,Normale,Deux véhicules - côté,,,,,,,,,,,1,2,1,1,3
200600066218,0006-11-16 13:45:00,6,11,16,13,45,130,55,SABLIERE (ROUTE DE LA),,,Plein jour,En agglomération,Hors intersection,Normale,Deux véhicules - côté,,,,,,,,,,,1,2,1,1,3
200600066219,0006-11-11 14:15:00,6,11,11,14,15,130,55,PORT (QUAI DU),,,Plein jour,En agglomération,Intersection en T,Normale,Deux véhicules - côté,,,,,,,,,,,1,2,3,1,3
200600066220,0006-11-09 12:20:00,6,11,9,12,20,130,55,SAINTE MARTHE (CHEMIN DE,,,Plein jour,En agglomération,Hors intersection,Normale,Deux véhicules - arrière,,,,,,,,,,,1,2,1,1,2
200600066221,0006-11-17 15:30:00,6,11,17,15,30,130,55,CROIX ROUGE (AVENUE),,,Plein jour,En agglomération,Intersection en T,Pluie forte,Deux véhicules - côté,,,,,,,,,,,1,2,3,3,3
200600066222,0006-11-17 09:00:00,6,11,17,9,0,130,2,7EME TIRAILLEURS ALGERIE,,,Plein jour,En agglomération,Intersection en T,Temps couvert,Deux véhicules - côté,,,,,,,,,,,1,2,3,8,3
200600066223,0006-11-08 08:45:00,6,11,8,8,45,130,55,"243, OLIVES (AVENUE DES)",,,Plein jour,En agglomération,Hors intersection,Normale,Trois véhicules et plus - collisions multiples,,,,,,,,,,,1,2,1,1,5
200600066224,0006-11-10 10:15:00,6,11,10,10,15,130,55,CHARLES NEDELEC (BOULEVA,,,Plein jour,En agglomération,Hors intersection,Normale,Autre collision,,,,,,,,,,,1,2,1,1,6
200600066225,0006-11-07 01:55:00,6,11,7,1,55,130,55,DOCTEUR LÉON PERRIN (RUE,,,Nuit avec éclairage allumé,En agglomération,Intersection en T,Normale,Deux véhicules - côté,,,,,,,,,,,5,2,3,1,3
200600066226,0006-11-18 00:25:00,6,11,18,0,25,130,55,ESPERANDIEU (RUE),,,Nuit avec éclairage allumé,En agglomération,Intersection en X,Normale,Autre collision,,,,,,,,,,,5,2,2,1,6
200600066227,0006-11-15 11:55:00,6,11,15,11,55,130,55,PONT DE VIVAUX (BOULEVAR,,,Plein jour,En agglomération,Intersection en T,Temps couvert,Deux véhicules - côté,,,,,,,,,,,1,2,3,8,3
200600066228,0006-11-15 12:05:00,6,11,15,12,5,130,55,PIERRE GUYS (RUE),,,Plein jour,En agglomération,Intersection en X,Normale,Deux véhicules - frontale,,,,,,,,,,,1,2,2,1,1
200600066229,0006-11-16 10:20:00,6,11,16,10,20,130,55,"155, CAILLOLS (AVENUE DE",,,Plein jour,En agglomération,Hors intersection,Normale,Deux véhicules - côté,,,,,,,,,,,1,2,1,1,3
200600066230,0006-11-21 12:30:00,6,11,21,12,30,130,55,"189, ROMAIN ROLLAND (BOU",,,Plein jour,En agglomération,Hors intersection,Pluie légère,Deux véhicules - côté,,,,,,,,,,,1,2,1,2,3
200600066231,0006-11-09 19:00:00,6,11,9,19,0,130,55,CHARLES LIVON (BOULEVARD,,,Plein jour,En agglomération,Hors intersection,Normale,Deux véhicules - côté,,,,,,,,,,,1,2,1,1,3
200600066232,0006-11-08 08:05:00,6,11,8,8,5,130,55,"214, CAILLOLS (AVENUE DE",,,Plein jour,En agglomération,Intersection en T,Normale,Deux véhicules - côté,,,,,,,,,,,1,2,3,1,3
200600066233,0006-11-12 17:15:00,6,11,12,17,15,130,55,SAINT MARCEL (BOULEVARD,,,Crépuscule ou aube,En agglomération,Intersection en T,Normale,Deux véhicules - côté,,,,,,,,,,,2,2,3,1,3
200600066234,0006-11-16 13:50:00,6,11,16,13,50,130,55,", JEAN ANDRE (TRAVERSE)",,,Plein jour,En agglomération,Hors intersection,Normale,Deux véhicules - frontale,,,,,,,,,,,1,2,1,1,1
200600066235,0006-11-15 08:15:00,6,11,15,8,15,130,55,"218, ROMAIN ROLLAND (BOU",,,Plein jour,En agglomération,Hors intersection,Normale,Autre collision,,,,,,,,,,,1,2,1,1,6
200600066236,0006-11-16 18:00:00,6,11,16,18,0,130,55,MORGIOU (CHEMIN DE),,,Nuit avec éclairage allumé,En agglomération,Hors intersection,Normale,Autre collision,,,,,,,,,,,5,2,1,1,6
200600066237,0006-11-19 12:30:00,6,11,19,12,30,130,55,"90, MIREILLE LAUZE (BOUL",,,Plein jour,En agglomération,Hors intersection,Normale,Autre collision,,,,,,,,,,,1,2,1,1,6
200600066238,0006-11-14 16:15:00,6,11,14,16,15,130,55,"29, ACIERIES (BOULEVARD",,,Plein jour,En agglomération,Hors intersection,Normale,Deux véhicules - frontale,,,,,,,,,,,1,2,1,1,1
200600066239,0006-11-20 16:50:00,6,11,20,16,50,130,55,"96, LIEUTAUD (COURS)",,,Crépuscule ou aube,En agglomération,Intersection en X,Normale,Deux véhicules - côté,,,,,,,,,,,2,2,2,1,3
200600066240,0006-11-21 19:45:00,6,11,21,19,45,130,55,LOUIS MALOSSE (AVENUE),,,Nuit avec éclairage allumé,En agglomération,Intersection en T,Normale,Deux véhicules - frontale,,,,,,,,,,,5,2,3,1,1
200600066241,0006-11-06 11:25:00,6,11,6,11,25,130,55,FRANÇOIS MIGNET (AVENUE),,,Plein jour,En agglomération,Hors intersection,Normale,Deux véhicules - arrière,,,,,,,,,,,1,2,1,1,2
200600066242,0006-11-22 07:15:00,6,11,22,7,15,130,55,"35, MERLAN (AVENUE)",,,Plein jour,En agglomération,Hors intersection,Normale,Autre collision,,,,,,,,,,,1,2,1,1,6
200600066243,0006-11-08 16:45:00,6,11,8,16,45,130,55,"37, CROIX ROUGE (AVENUE)",,,Plein jour,En agglomération,Hors intersection,Normale,Autre collision,,,,,,,,,,,1,2,1,1,6
200600066244,0006-11-08 14:00:00,6,11,8,14,0,130,55,PLOMBIERES (BOULEVARD DE,,,Plein jour,En agglomération,Hors intersection,Normale,Autre collision,,,,,,,,,,,1,2,1,1,6
200600066245,0006-11-07 09:20:00,6,11,7,9,20,130,55,"628, SAINT PIERRE (RUE)",,,Plein jour,En agglomération,Hors intersection,Normale,Deux véhicules - arrière,,,,,,,,,,,1,2,1,1,2
200600066246,0006-11-21 18:10:00,6,11,21,18,10,130,55,"90, ROMAIN ROLLAND (BOUL",,,Nuit avec éclairage allumé,En agglomération,Hors intersection,Normale,Deux véhicules - côté,,,,,,,,,,,5,2,1,1,3
200600066247,0006-11-08 07:45:00,6,11,8,7,45,130,55,MONTOLIVET (AVENUE DE),,,Plein jour,En agglomération,Intersection en T,Normale,Deux véhicules - côté,,,,,,,,,,,1,2,3,1,3
200600066248,0006-11-13 15:25:00,6,11,13,15,25,130,55,"56, BORROMEES (AVENUE DE",,,Plein jour,En agglomération,Hors intersection,Normale,Sans collision,,,,,,,,,,,1,2,1,1,7
200600066249,0006-11-18 15:20:00,6,11,18,15,20,130,55,"64, PIERRE BERANGER (RUE",,,Plein jour,En agglomération,Hors intersection,Normale,Autre collision,,,,,,,,,,,1,2,1,1,6
200600066250,0006-11-07 00:20:00,6,11,7,0,20,130,55,"144, VALENTINE (ROUTE DE",,,Nuit avec éclairage allumé,En agglomération,Hors intersection,Normale,Autre collision,,,,,,,,,,,5,2,1,1,6
200600066251,0006-11-17 08:30:00,6,11,17,8,30,130,55,"113, MONTREDON (AVENUE D",,,Plein jour,En agglomération,Hors intersection,Normale,Deux véhicules - frontale,,,,,,,,,,,1,2,1,1,1
200600066252,0006-11-24 21:25:00,6,11,24,21,25,130,55,SCHLOESING (BOULEVARD),,,Nuit avec éclairage allumé,En agglomération,Hors intersection,Temps couvert,Trois véhicules et plus - collisions multiples,,,,,,,,,,,5,2,1,8,5
200600066253,0006-11-16 09:00:00,6,11,16,9,0,130,2,ALLAUCH A PICHAURIS (CHE,,,Plein jour,Hors agglomération,Hors intersection,Normale,Autre collision,,,,,,,,,,,1,1,1,1,6
200600066254,0006-11-21 10:40:00,6,11,21,10,40,130,55,VAUFREGES (ROUTE DE),,,Plein jour,Hors agglomération,Hors intersection,Autre,Autre collision,,,,,,,,,,,1,1,1,9,6
200600066255,0006-11-23 15:30:00,6,11,23,15,30,130,55,RAYMOND TEISSERE (RUE),,,Plein jour,En agglomération,Hors intersection,Normale,Deux véhicules - côté,,,,,,,,,,,1,2,1,1,3
200600066256,0006-11-17 12:00:00,6,11,17,12,0,130,55,CAPELETTE (AVENUE DE LA),,,Plein jour,En agglomération,Intersection en T,Normale,Deux véhicules - frontale,,,,,,,,,,,1,2,3,1,1
200600066257,0006-11-22 14:00:00,6,11,22,14,0,130,55,MAZARGUES (AVENUE DE),,,Plein jour,En agglomération,Intersection en T,Pluie légère,Deux véhicules - frontale,,,,,,,,,,,1,2,3,2,1
200600066258,0006-11-21 19:46:00,6,11,21,19,46,130,55,PARADIS (RUE),,,Nuit avec éclairage allumé,En agglomération,Hors intersection,Normale,Deux véhicules - côté,,,,,,,,,,,5,2,1,1,3
200600066259,0006-11-22 10:05:00,6,11,22,10,5,130,55,SAKAKINI (BOULEVARD),,,Plein jour,En agglomération,Intersection en X,Normale,Deux véhicules - arrière,,,,,,,,,,,1,2,2,1,2
200600066260,0006-11-03 15:50:00,6,11,3,15,50,130,55,ATHENES (BOULEVARD D'),,,Plein jour,Hors agglomération,Autre intersection,Normale,Deux véhicules - arrière,,,,,,,,,,,1,1,9,1,2
200600066261,0006-11-20 15:40:00,6,11,20,15,40,130,55,ROGER SALENGRO (AVENUE),,,Plein jour,En agglomération,Hors intersection,Normale,Autre collision,,,,,,,,,,,1,2,1,1,6
200600066262,0006-11-18 11:30:00,6,11,18,11,30,130,55,CHARLES NEDELEC (BOULEVA,,,Plein jour,En agglomération,Hors intersection,Normale,Trois véhicules et plus - collisions multiples,,,,,,,,,,,1,2,1,1,5
200600066263,0006-11-23 18:35:00,6,11,23,18,35,130,55,"68, VALENTINE (ROUTE DE",,,Nuit avec éclairage non allumé,En agglomération,Hors intersection,Normale,Autre collision,,,,,,,,,,,4,2,1,1,6
200600066264,0006-11-28 12:00:00,6,11,28,12,0,130,55,"00, SAINTE MARTHE (CHEMI",,,Plein jour,En agglomération,Autre intersection,Normale,Deux véhicules - frontale,,,,,,,,,,,1,2,9,1,1
200600066265,0006-11-29 05:30:00,6,11,29,5,30,130,55,"50, MADRAGUE VILLE (RUE)",,,Nuit avec éclairage non allumé,En agglomération,Hors intersection,Pluie légère,Deux véhicules - arrière,,,,,,,,,,,4,2,1,2,2
200600066266,0006-11-27 14:30:00,6,11,27,14,30,130,55,MERLAN (AVENUE),,,Plein jour,En agglomération,Intersection en T,Normale,Deux véhicules - côté,,,,,,,,,,,1,2,3,1,3
200600066267,0006-11-15 20:20:00,6,11,15,20,20,130,55,FRAIS VALLON (AVENUE),,,Nuit avec éclairage allumé,En agglomération,Hors intersection,Normale,Trois véhicules et plus - collisions multiples,,,,,,,,,,,5,2,1,1,5
200600066268,0006-11-12 22:00:00,6,11,12,22,0,130,55,"150, PALAMA (CHEMIN DE)",,,Nuit avec éclairage allumé,En agglomération,Hors intersection,Vent fort / tempête,Sans collision,,,,,,,,,,,5,2,1,6,7
200600066269,0006-11-20 08:46:00,6,11,20,8,46,130,55,VALENTINE (ROUTE DE LA),,,Plein jour,En agglomération,Intersection en T,Normale,Deux véhicules - côté,,,,,,,,,,,1,2,3,1,3
200600066270,0006-11-17 21:01:00,6,11,17,21,1,130,55,"221, DANIEL CASANOVA (BO",,,Nuit avec éclairage allumé,En agglomération,Hors intersection,Pluie légère,Deux véhicules - arrière,,,,,,,,,,,5,2,1,2,2