accident_id,datetime,annee,mois,jour,heure,minute,departement,commune_insee,adresse,latitude,longitude,luminosite,agglomeration,intersection,meteo,collision,nb_vehicules,nb_usagers,nb_indemnes,nb_tues,nb_blesses_hosp,nb_blesses_legers,age_cond_1,age_cond_2,veh_type_cond_1,veh_type_cond_2,lum_code,agg_code,int_code,atm_code,col_code
200600066271,0006-11-25 08:45:00,6,11,25,8,45,130,55,"39, SIMON BOLIVAR (BOULE",,,Plein jour,En agglomération,Intersection en T,Normale,Deux véhicules - côté,,,,,,,,,,,1,2,3,1,3
200600066272,0006-11-23 18:00:00,6,11,23,18,0,130,55,"50, CAPITAINE GEZE (BOUL",,,Nuit avec éclairage non allumé,En agglomération,Hors intersection,Normale,Deux véhicules - arrière,,,,,,,,,,,4,2,1,1,2
200600066273,0006-11-14 13:55:00,6,11,14,13,55,130,55,ALEX. FLEMING (BOULEVARD,,,Plein jour,En agglomération,Hors intersection,Normale,Deux véhicules - arrière,,,,,,,,,,,1,2,1,1,2
200600066274,0006-11-29 18:00:00,6,11,29,18,0,130,55,PIERRE DOIZE  (RUE),,,Nuit avec éclairage allumé,Hors agglomération,Hors intersection,Normale,Trois véhicules et plus - en chaîne,,,,,,,,,,,5,1,1,1,4
200600066275,0006-11-24 14:30:00,6,11,24,14,30,130,55,"111, CORSE (AVENUE DE LA",,,Plein jour,En agglomération,Hors intersection,Normale,Deux véhicules - côté,,,,,,,,,,,1,2,1,1,3
200600066276,0006-11-24 17:00:00,6,11,24,17,0,130,55,GUIBAL (RUE),,,Crépuscule ou aube,En agglomération,Intersection en T,Normale,Deux véhicules - côté,,,,,,,,,,,2,2,3,1,3
200600066277,0006-11-24 16:30:00,6,11,24,16,30,130,55,MALAVAL (RUE),,,Plein jour,En agglomération,Hors intersection,Normale,Deux véhicules - frontale,,,,,,,,,,,1,2,1,1,1
200600066278,0006-11-17 15:31:00,6,11,17,15,31,130,55,"30A, LIBERATION (BOULEVA",,,Plein jour,En agglomération,Intersection en X,Pluie forte,Autre collision,,,,,,,,,,,1,2,2,3,6
200600066279,0006-11-18 18:00:00,6,11,18,18,0,130,55,"317, REDON (BOULEVARD DU",,,Crépuscule ou aube,En agglomération,Hors intersection,Normale,Deux véhicules - côté,,,,,,,,,,,2,2,1,1,3
200600066280,0006-11-16 09:30:00,6,11,16,9,30,130,55,ROME (RUE DE),,,Plein jour,En agglomération,Intersection en T,Normale,Deux véhicules - côté,,,,,,,,,,,1,2,3,1,3
200600066281,0006-11-15 21:30:00,6,11,15,21,30,130,55,PEINTRES ROUX (AVENUE DE,,,Nuit avec éclairage allumé,En agglomération,Hors intersection,Normale,Deux véhicules - arrière,,,,,,,,,,,5,2,1,1,2
200600066282,0006-11-27 19:50:00,6,11,27,19,50,130,55,"354, POILUS (AVENUE DES)",,,Nuit avec éclairage allumé,En agglomération,Hors intersection,Normale,Trois véhicules et plus - en chaîne,,,,,,,,,,,5,2,1,1,4
200600066283,0006-11-29 19:30:00,6,11,29,19,30,130,55,"592, LITTORAL (CHEMIN DU",,,Nuit avec éclairage allumé,En agglomération,Hors intersection,Normale,Sans collision,,,,,,,,,,,5,2,1,1,7
200600066284,0006-11-23 09:30:00,6,11,23,9,30,130,55,EUROPE (ROND POINT DE L',,,Plein jour,En agglomération,Giratoire,Normale,Deux véhicules - arrière,,,,,,,,,,,1,2,6,1,2
200600066285,0006-11-27 15:05:00,6,11,27,15,5,130,55,"40, CAMOINS (AVENUE DES)",,,Plein jour,En agglomération,Hors intersection,Normale,Deux véhicules - côté,,,,,,,,,,,1,2,1,1,3
200600066286,0006-11-22 12:00:00,6,11,22,12,0,130,55,"00, MARCHE D'IN (AVENUE)",,,Plein jour,En agglomération,Hors intersection,Normale,Deux véhicules - côté,,,,,,,,,,,1,2,1,1,3
200600066287,0006-11-24 14:25:00,6,11,24,14,25,130,55,"00, COMMANDERIE (CHEMIN)",,,Plein jour,En agglomération,Intersection en T,Normale,Deux véhicules - frontale,,,,,,,,,,,1,2,3,1,1
200600066288,0006-11-22 12:30:00,6,11,22,12,30,130,55,LOUBON (RUE),,,Plein jour,En agglomération,Hors intersection,Normale,Autre collision,,,,,,,,,,,1,2,1,1,6
200600066289,0006-11-05 18:45:00,6,11,5,18,45,130,55,"00, SAKAKINI (BOULEVARD)",,,Nuit avec éclairage allumé,En agglomération,Intersection en X,Normale,Autre collision,,,,,,,,,,,5,2,2,1,6
200600066290,0006-11-23 14:15:00,6,11,23,14,15,130,55,SAINT ANTOINE (CHEMIN DE,,,Plein jour,En agglomération,Hors intersection,Normale,Deux véhicules - côté,,,,,,,,,,,1,2,1,1,3
200600066291,0006-11-29 17:30:00,6,11,29,17,30,130,55,"166, MARÉCHAL DE LATTRE",,,Nuit avec éclairage allumé,En agglomération,Hors intersection,Normale,Deux véhicules - arrière,,,,,,,,,,,5,2,1,1,2
200600066292,0006-11-24 11:45:00,6,11,24,11,45,130,55,GUSTAVE GANAY (BOULEVARD,,,Plein jour,En agglomération,Hors intersection,Normale,Deux véhicules - côté,,,,,,,,,,,1,2,1,1,3
200600066293,0006-11-22 19:50:00,6,11,22,19,50,130,55,"00, RAYMOND TEISSERE (RU",,,Nuit avec éclairage allumé,En agglomération,Hors intersection,Normale,Deux véhicules - frontale,,,,,,,,,,,5,2,1,1,1
200600066294,0006-11-22 02:10:00,6,11,22,2,10,130,55,"36, MICHELET (BOULEVARD)",,,Nuit avec éclairage allumé,En agglomération,Hors intersection,Normale,Deux véhicules - côté,,,,,,,,,,,5,2,1,1,3
200600066295,0006-11-12 16:30:00,6,11,12,16,30,130,55,"29, SAINT MENET (AVENUE",,,Plein jour,En agglomération,Hors intersection,Normale,Autre collision,,,,,,,,,,,1,2,1,1,6
200600066296,0006-11-13 21:10:00,6,11,13,21,10,130,55,"20, CONCORDE (BOULEVARD",,,Nuit avec éclairage allumé,En agglomération,Intersection en X,Normale,Autre collision,,,,,,,,,,,5,2,2,1,6
200600066297,0006-11-29 15:15:00,6,11,29,15,15,130,55,"00, CONCORDE (BOULEVARD",,,Plein jour,En agglomération,Intersection en T,Normale,Autre collision,,,,,,,,,,,1,2,3,1,6
200600066298,0006-11-24 23:20:00,6,11,24,23,20,130,55,"3, RABATAU (BOULEVARD)",,,Nuit avec éclairage allumé,En agglomération,Hors intersection,Normale,Autre collision,,,,,,,,,,,5,2,1,1,6
200600066299,0006-11-21 17:40:00,6,11,21,17,40,130,55,CLOT BEY (AVENUE),,,Nuit avec éclairage allumé,En agglomération,Intersection en T,Normale,Deux véhicules - côté,,,,,,,,,,,5,2,3,1,3
200600066300,0006-11-10 16:00:00,6,11,10,16,0,130,55,GUSTAVE GANAY (BOULEVARD,,,Plein jour,En agglomération,Hors intersection,Autre,Deux véhicules - arrière,,,,,,,,,,,1,2,1,9,2
200600066301,0006-11-29 12:45:00,6,11,29,12,45,130,55,"74, VISTE (AVENUE DE LA)",,,Plein jour,En agglomération,Hors intersection,Normale,Deux véhicules - côté,,,,,,,,,,,1,2,1,1,3
200600066302,0006-11-10 14:45:00,6,11,10,14,45,130,55,"211, BRETEUIL (RUE)",,,Plein jour,En agglomération,Hors intersection,Normale,Deux véhicules - côté,,,,,,,,,,,1,2,1,1,3
200600066303,0006-11-21 14:30:00,6,11,21,14,30,130,55,"20, FRANCOISE DUPARC (BO",,,Plein jour,En agglomération,Hors intersection,Normale,Deux véhicules - côté,,,,,,,,,,,1,2,1,1,3
200600066304,0006-11-15 17:10:00,6,11,15,17,10,130,55,BOURDET (MAURICE) (BOULE,,,Crépuscule ou aube,En agglomération,Intersection en X,Normale,Deux véhicules - frontale,,,,,,,,,,,2,2,2,1,1
200600066305,0006-11-22 12:20:00,6,11,22,12,20,130,55,"00, LIEUTAUD (COURS)",,,Plein jour,En agglomération,Hors intersection,Normale,Deux véhicules - côté,,,,,,,,,,,1,2,1,1,3
200600066306,0006-11-22 14:30:00,6,11,22,14,30,130,55,"00, RIVE NEUVE (QUAI)",,,Plein jour,En agglomération,Autre intersection,Normale,Autre collision,,,,,,,,,,,1,2,9,1,6
200600066307,0006-11-28 16:57:00,6,11,28,16,57,130,55,"40, EDOUARD DELANGLADE (",,,Plein jour,En agglomération,Hors intersection,Normale,Autre collision,,,,,,,,,,,1,2,1,1,6
200600066308,0006-11-15 10:00:00,6,11,15,10,0,130,55,"00, SAKAKINI (BOULEVARD)",,,Plein jour,En agglomération,Hors intersection,Normale,Deux véhicules - côté,,,,,,,,,,,1,2,1,1,3
200600066309,0006-11-28 07:30:00,6,11,28,7,30,130,55,"00, GAROUTTE (BOULEVARD)",,,Plein jour,En agglomération,Intersection en T,Normale,Deux véhicules - côté,,,,,,,,,,,1,2,3,1,3
200600066310,0006-11-14 13:50:00,6,11,14,13,50,130,55,POMME (BOULEVARD DE LA ),,,Plein jour,En agglomération,Hors intersection,Normale,Deux véhicules - arrière,,,,,,,,,,,1,2,1,1,2
200600066311,0006-11-29 11:15:00,6,11,29,11,15,130,55,"00, ROMAIN ROLLAND (BOUL",,,Plein jour,En agglomération,Hors intersection,Normale,Autre collision,,,,,,,,,,,1,2,1,1,6
200600066312,0006-11-09 14:00:00,6,11,9,14,0,130,55,"57, JOLIETTE (RUE DE LA)",,,Plein jour,En agglomération,Intersection en T,Normale,Autre collision,,,,,,,,,,,1,2,3,1,6
200600066313,0006-11-26 19:10:00,6,11,26,19,10,130,55,"580, LITTORAL (CHEMIN DU",,,Nuit avec éclairage allumé,En agglomération,Hors intersection,Normale,Sans collision,,,,,,,,,,,5,2,1,1,7
200600066314,0006-11-20 08:20:00,6,11,20,8,20,130,55,"360, ROMAIN ROLLAND (BOU",,,Plein jour,En agglomération,Hors intersection,Normale,Deux véhicules - côté,,,,,,,,,,,1,2,1,1,3
200600066315,0006-11-30 13:10:00,6,11,30,13,10,130,55,"245, SAINT LOUP (BOULEVA",,,Plein jour,En agglomération,Hors intersection,Normale,Trois véhicules et plus - collisions multiples,,,,,,,,,,,1,2,1,1,5
200600066316,0006-11-29 09:00:00,6,11,29,9,0,130,55,MIREILLE LAUZE (BOULEVAR,,,Plein jour,En agglomération,Intersection en X,Normale,Deux véhicules - arrière,,,,,,,,,,,1,2,2,1,2
200600066317,0006-11-25 12:30:00,6,11,25,12,30,130,55,DELMONT (ROND-POINT),,,Plein jour,En agglomération,Giratoire,Normale,Deux véhicules - arrière,,,,,,,,,,,1,2,6,1,2
200600066318,0006-11-28 16:00:00,6,11,28,16,0,130,55,ALPHONSE ALLAIS (RUE),,,Plein jour,En agglomération,Hors intersection,Normale,Deux véhicules - frontale,,,,,,,,,,,1,2,1,1,1
200600066319,0006-11-26 18:20:00,6,11,26,18,20,130,55,JULES CANTINI (AVENUE),,,Nuit avec éclairage allumé,En agglomération,Hors intersection,Normale,Deux véhicules - arrière,,,,,,,,,,,5,2,1,1,2
200600066320,0006-11-05 15:15:00,6,11,5,15,15,130,55,HUVEAUNE (BOULEVARD DE),,,Plein jour,En agglomération,Hors intersection,Normale,Autre collision,,,,,,,,,,,1,2,1,1,6
200600066321,0006-11-27 20:10:00,6,11,27,20,10,130,55,SAINTE MARTHE (CHEMIN DE,,,Nuit sans éclairage public,En agglomération,Hors intersection,Normale,Deux véhicules - frontale,,,,,,,,,,,3,2,1,1,1
200600066322,0006-11-15 13:30:00,6,11,15,13,30,130,55,SAINT MARCEL (BOULEVARD,,,Plein jour,En agglomération,Intersection en T,Normale,Deux véhicules - côté,,,,,,,,,,,1,2,3,1,3
200600066323,0006-11-15 18:30:00,6,11,15,18,30,130,55,TOULON (AVENUE DE),,,Nuit avec éclairage allumé,En agglomération,Intersection en X,Normale,Deux véhicules - côté,,,,,,,,,,,5,2,2,1,3
200600066324,0006-11-30 13:11:00,6,11,30,13,11,130,55,MOURETS (CHEMIN DES),,,Plein jour,En agglomération,Intersection en T,Normale,Deux véhicules - côté,,,,,,,,,,,1,2,3,1,3
200600066325,0006-11-30 14:20:00,6,11,30,14,20,130,55,BOSPHORE (BOULEVARD DU),,,Plein jour,En agglomération,Hors intersection,Normale,Deux véhicules - côté,,,,,,,,,,,1,2,1,1,3
200600066326,0006-11-26 05:30:00,6,11,26,5,30,130,55,"2, VALBARELLE (BOULEVARD",,,Nuit avec éclairage allumé,En agglomération,Hors intersection,Normale,Sans collision,,,,,,,,,,,5,2,1,1,7
200600066327,0006-11-24 10:00:00,6,11,24,10,0,130,55,MAZARGUES (AVENUE DE),,,Plein jour,En agglomération,Intersection en Y,Normale,Deux véhicules - arrière,,,,,,,,,,,1,2,4,1,2
200600066328,0006-11-29 19:35:00,6,11,29,19,35,130,55,AVIATEUR LE BRIX (RUE),,,Nuit avec éclairage allumé,En agglomération,Hors intersection,Normale,Deux véhicules - côté,,,,,,,,,,,5,2,1,1,3
200600066329,0006-11-26 12:30:00,6,11,26,12,30,130,55,"303, CHATEAU GOMBERT (AV",,,Plein jour,En agglomération,Hors intersection,Temps couvert,Deux véhicules - arrière,,,,,,,,,,,1,2,1,8,2
200600066330,0006-11-23 15:20:00,6,11,23,15,20,130,55,"42, CASSIS (ANCIEN CHEMI",,,Plein jour,En agglomération,Hors intersection,Normale,Deux véhicules - côté,,,,,,,,,,,1,2,1,1,3
200600066331,0006-11-23 11:50:00,6,11,23,11,50,130,55,"540, SAINT PIERRE (RUE)",,,Plein jour,En agglomération,Hors intersection,Normale,Deux véhicules - côté,,,,,,,,,,,1,2,1,1,3
200600066332,0006-11-27 12:00:00,6,11,27,12,0,130,55,"46, POMME (BOULEVARD DE",,,Plein jour,En agglomération,Hors intersection,Normale,Sans collision,,,,,,,,,,,1,2,1,1,7
200600066333,0006-11-29 07:30:00,6,11,29,7,30,130,55,"56, VALBARELLE (BOULEVAR",,,Nuit avec éclairage allumé,En agglomération,Hors intersection,Autre,Sans collision,,,,,,,,,,,5,2,1,9,7
200600066334,0006-11-18 22:10:00,6,11,18,22,10,130,55,WILLIAM BOOTH (AVENUE),,,Nuit avec éclairage allumé,En agglomération,Hors intersection,Normale,Deux véhicules - côté,,,,,,,,,,,5,2,1,1,3
200600066335,0006-11-23 16:35:00,6,11,23,16,35,130,55,ALBE (RUE),,,Plein jour,En agglomération,Intersection en T,Normale,Deux véhicules - côté,,,,,,,,,,,1,2,3,1,3
200600066336,0006-11-26 11:50:00,6,11,26,11,50,130,55,CORNICHE KENNEDY,,,Plein jour,En agglomération,Hors intersection,Normale,Deux véhicules - arrière,,,,,,,,,,,1,2,1,1,2
200600066337,0006-11-20 09:30:00,6,11,20,9,30,130,55,JEAN MOULIN (BOULEVARD),,,Plein jour,En agglomération,Hors intersection,Normale,Deux véhicules - côté,,,,,,,,,,,1,2,1,1,3
200600066338,0006-11-08 08:46:00,6,11,8,8,46,130,55,ALEX. FLEMING (BOULEVARD,,,Plein jour,En agglomération,Hors intersection,Normale,Deux véhicules - arrière,,,,,,,,,,,1,2,1,1,2
200600066339,0006-11-03 07:15:00,6,11,3,7,15,130,55,TOUSSAINT D' ORCINO (RON,,,Plein jour,En agglomération,Giratoire,Normale,Sans collision,,,,,,,,,,,1,2,6,1,7
200600066340,0006-11-29 19:36:00,6,11,29,19,36,130,55,"89 Bis, BELLE DE MAI (RU",,,Nuit avec éclairage allumé,En agglomération,Hors intersection,Normale,Deux véhicules - arrière,,,,,,,,,,,5,2,1,1,2
200600066341,0006-11-01 18:45:00,6,11,1,18,45,130,55,"216, SAINT MARCEL (BOULE",,,Nuit avec éclairage allumé,En agglomération,Hors intersection,Normale,Deux véhicules - arrière,,,,,,,,,,,5,2,1,1,2
200600066342,0006-11-20 12:15:00,6,11,20,12,15,130,55,"58, CRIMEE (RUE DE)",,,Plein jour,En agglomération,Hors intersection,Normale,Deux véhicules - côté,,,,,,,,,,,1,2,1,1,3
200600066343,0006-11-04 01:10:00,6,11,4,1,10,130,55,"110, VISTE (AVENUE DE LA",,,Nuit avec éclairage allumé,En agglomération,Hors intersection,Normale,Trois véhicules et plus - collisions multiples,,,,,,,,,,,5,2,1,1,5
200600066344,0006-11-23 18:20:00,6,11,23,18,20,130,55,ROMAIN ROLLAND (BOULEVAR,,,Nuit avec éclairage allumé,En agglomération,Intersection en T,Normale,Autre collision,,,,,,,,,,,5,2,3,1,6
200600066345,0006-11-15 18:00:00,6,11,15,18,0,130,55,JEANNE D'ARC (BOULEVARD),,,Nuit avec éclairage allumé,En agglomération,Hors intersection,Normale,Autre collision,,,,,,,,,,,5,2,1,1,6
200600066346,0006-11-20 16:00:00,6,11,20,16,0,130,55,"FACE AU 5, GARIBALDI (BO",,,Plein jour,En agglomération,Hors intersection,Normale,Deux véhicules - arrière,,,,,,,,,,,1,2,1,1,2
200600066347,0006-11-14 17:25:00,6,11,14,17,25,130,55,"236, MONTOLIVET (AVENUE",,,Nuit avec éclairage allumé,En agglomération,Hors intersection,Normale,Autre collision,,,,,,,,,,,5,2,1,1,6
200600066348,0006-11-16 07:50:00,6,11,16,7,50,130,55,"11, GUEY (BOULEVARD)",,,Plein jour,En agglomération,Hors intersection,Normale,Trois véhicules et plus - en chaîne,,,,,,,,,,,1,2,1,1,4
200600066349,0006-11-17 12:30:00,6,11,17,12,30,130,55,SAKAKINI (BOULEVARD),,,Plein jour,En agglomération,Hors intersection,Pluie légère,Deux véhicules - arrière,,,,,,,,,,,1,2,1,2,2
200600066350,0006-11-23 07:30:00,6,11,23,7,30,130,55,"194, MORGIOU (CHEMIN DE)",,,Nuit avec éclairage allumé,En agglomération,Hors intersection,Normale,Deux véhicules - côté,,,,,,,,,,,5,2,1,1,3
200600066351,0006-11-11 16:05:00,6,11,11,16,5,130,55,"174, FÉLIX PYAT (RUE)",,,Plein jour,En agglomération,Intersection en T,Normale,Autre collision,,,,,,,,,,,1,2,3,1,6
200600066352,0006-11-16 10:00:00,6,11,16,10,0,130,55,RUFFI (RUE DE),,,Plein jour,En agglomération,Intersection en X,Normale,Deux véhicules - côté,,,,,,,,,,,1,2,2,1,3
200600066353,0006-11-28 14:10:00,6,11,28,14,10,130,55,TOURETTE (QUAI DE LA),,,Plein jour,En agglomération,Hors intersection,Normale,Autre collision,,,,,,,,,,,1,2,1,1,6
200600066354,0006-11-23 17:50:00,6,11,23,17,50,130,55,"476, SAINT ANTOINE (AVEN",,,Crépuscule ou aube,En agglomération,Intersection en T,Normale,Autre collision,,,,,,,,,,,2,2,3,1,6
200600066355,0006-11-17 10:45:00,6,11,17,10,45,130,55,"13, BACHAS (RUE DU)",,,Plein jour,En agglomération,Intersection en Y,Pluie légère,Deux véhicules - frontale,,,,,,,,,,,1,2,4,2,1
200600066356,0006-11-23 18:21:00,6,11,23,18,21,130,55,"22, JEAN MOULIN (BOULEVA",,,Crépuscule ou aube,En agglomération,Hors intersection,Normale,Deux véhicules - côté,,,,,,,,,,,2,2,1,1,3
200600066357,0006-11-13 18:30:00,6,11,13,18,30,130,55,"137, SAINT JOSEPH (CHEMI",,,Nuit avec éclairage allumé,En agglomération,Hors intersection,Normale,Autre collision,,,,,,,,,,,5,2,1,1,6
200600066358,0006-11-13 12:40:00,6,11,13,12,40,130,55,"02, SERY (RUE)",,,Plein jour,En agglomération,Hors intersection,Normale,Autre collision,,,,,,,,,,,1,2,1,1,6
200600066359,0006-11-23 11:30:00,6,11,23,11,30,130,55,"93, FRÉDÉRIC MISTRAL (AV",,,Plein jour,En agglomération,Hors intersection,Normale,Deux véhicules - arrière,,,,,,,,,,,1,2,1,1,2
200600066360,0006-11-30 12:30:00,6,11,30,12,30,130,55,CAP JANET (CHEMIN),,,Plein jour,En agglomération,Intersection en T,Normale,Deux véhicules - côté,,,,,,,,,,,1,2,3,1,3
200600066361,0006-11-15 10:01:00,6,11,15,10,1,130,55,PORT (QUAI DU),,,Plein jour,Hors agglomération,Hors intersection,Normale,Autre collision,,,,,,,,,,,1,1,1,1,6
200600066362,0006-11-21 12:31:00,6,11,21,12,31,130,55,"77, FRANÇOISE DUPARC (BO",,,Plein jour,En agglomération,Hors intersection,Pluie légère,Deux véhicules - frontale,,,,,,,,,,,1,2,1,2,1
200600066363,0006-11-28 17:55:00,6,11,28,17,55,130,55,ROSIERS (TRAVERSE DES),,,Nuit avec éclairage allumé,En agglomération,Hors intersection,Normale,Deux véhicules - côté,,,,,,,,,,,5,2,1,1,3
200600066364,0006-11-29 11:10:00,6,11,29,11,10,130,55,"42, MIMET (CHEMIN DE)",,,Plein jour,En agglomération,Hors intersection,Normale,Deux véhicules - arrière,,,,,,,,,,,1,2,1,1,2
200600066365,0006-11-30 07:50:00,6,11,30,7,50,130,55,DANIEL CASANOVA (BOULEVA,,,Plein jour,En agglomération,Hors intersection,Normale,Deux véhicules - côté,,,,,,,,,,,1,2,1,1,3
200600066366,0006-11-02 14:50:00,6,11,2,14,50,130,56,VOIE RAPIDE DE LA COTE B,,,Plein jour,Hors agglomération,Hors intersection,Normale,Deux véhicules - côté,,,,,,,,,,,1,1,1,1,3
200600066367,0006-11-08 16:40:00,6,11,8,16,40,130,39,RN 544,,,Plein jour,Hors agglomération,Hors intersection,Normale,Autre collision,,,,,,,,,,,1,1,1,1,6
200600066368,0006-11-05 15:45:00,6,11,5,15,45,130,26,CD 9,,,Plein jour,Hors agglomération,Hors intersection,Normale,Autre collision,,,,,,,,,,,1,1,1,1,6
200600066369,0006-11-13 13:15:00,6,11,13,13,15,130,77,ROLLAND ROMAIN (rue),,,Plein jour,En agglomération,Hors intersection,Normale,Autre collision,,,,,,,,,,,1,2,1,1,6
200600066370,0006-11-06 17:55:00,6,11,6,17,55,130,56,AUGUETTE AVENUE D',,,Nuit sans éclairage public,En agglomération,Hors intersection,Normale,Autre collision,,,,,,,,,,,3,2,1,1,6
200600066371,0006-11-16 11:15:00,6,11,16,11,15,130,56,CALMETTE ET GUERIN AVENU,,,Plein jour,En agglomération,Hors intersection,Normale,Autre collision,,,,,,,,,,,1,2,1,1,6
200600066372,0006-11-28 19:20:00,6,11,28,19,20,130,56,PELLETAN (boulevard Cami,,,Nuit avec éclairage allumé,En agglomération,Intersection en T,Normale,Deux véhicules - côté,,,,,,,,,,,5,2,3,1,3
200600066373,0006-11-29 08:15:00,6,11,29,8,15,130,56,RAYETTES,,,Plein jour,En agglomération,Autre intersection,Normale,Deux véhicules - côté,,,,,,,,,,,1,2,9,1,3
200600066374,0006-11-06 14:35:00,6,11,6,14,35,130,103,ROUTE D'ARLES-RN 113,,,Plein jour,Hors agglomération,Hors intersection,Normale,Deux véhicules - côté,,,,,,,,,,,1,1,1,1,3
200600066375,0006-11-09 17:10:00,6,11,9,17,10,130,103,VIEILLE ROUTE DE PELISSA,,,Plein jour,Hors agglomération,Hors intersection,Normale,Deux véhicules - frontale,,,,,,,,,,,1,1,1,1,1
200600066376,0006-11-18 08:50:00,6,11,18,8,50,130,103,RTE DE MARSEILLE-RN 538,,,Plein jour,Hors agglomération,Intersection en T,Normale,Deux véhicules - côté,,,,,,,,,,,1,1,3,1,3
200600066377,0006-11-29 21:25:00,6,11,29,21,25,130,103,"183, BOULEVARD NOSTRADAM",,,Nuit avec éclairage allumé,En agglomération,Hors intersection,Normale,Sans collision,,,,,,,,,,,5,2,1,1,7
200600066378,0006-11-01 15:10:00,6,11,1,15,10,130,108,RD 99 ROUTE DE SAINT REM,,,Plein jour,En agglomération,Hors intersection,Vent fort / tempête,Deux véhicules - côté,,,,,,,,,,,1,2,1,6,3
200600066379,0006-11-08 14:30:00,6,11,8,14,30,130,108,RD 970 ROUTE D ARLES ),,,Plein jour,Hors agglomération,Autre intersection,Normale,Deux véhicules - côté,,,,,,,,,,,1,1,9,1,3
200600066380,0006-11-13 17:40:00,6,11,13,17,40,130,108,D33 ROUTE DE FONTVEILLE,,,Plein jour,Hors agglomération,Intersection en T,Normale,Deux véhicules - côté,,,,,,,,,,,1,1,3,1,3
200600066381,0006-11-14 18:15:00,6,11,14,18,15,130,108,MARGUARIDO (AVENUE),,,Nuit avec éclairage allumé,En agglomération,Hors intersection,Normale,Autre collision,,,,,,,,,,,5,2,1,1,6
200600066382,0006-11-02 10:10:00,6,11,2,10,10,130,117,ZI ESTROUBLANS RN 113,,,Plein jour,Hors agglomération,Hors intersection,Normale,Deux véhicules - arrière,,,,,,,,,,,1,1,1,1,2
200600066383,0006-11-08 16:50:00,6,11,8,16,50,130,71,MITTERRAND (AVENUE FRANC,,,Plein jour,En agglomération,Hors intersection,Normale,Deux véhicules - arrière,,,,,,,,,,,1,2,1,1,2
200600066384,0006-11-13 08:45:00,6,11,13,8,45,130,71,CD 6,,,Plein jour,Hors agglomération,Hors intersection,Normale,Trois véhicules et plus - collisions multiples,,,,,,,,,,,1,1,1,1,5
200600066385,0006-11-13 10:20:00,6,11,13,10,20,130,117,"11/13, COPENHAGUE (RUE D",,,Plein jour,Hors agglomération,Hors intersection,Normale,Deux véhicules - côté,,,,,,,,,,,1,1,1,1,3
200600066386,0006-11-14 17:15:00,6,11,14,17,15,130,71,PENNES AUX PINS ( CHEMIN,,,Plein jour,En agglomération,Autre intersection,Normale,Deux véhicules - côté,,,,,,,,,,,1,2,9,1,3
200600066387,0006-11-16 08:10:00,6,11,16,8,10,130,117,EUROPE ( AVENUE DE L' ),,,Plein jour,En agglomération,Hors intersection,Normale,Deux véhicules - côté,,,,,,,,,,,1,2,1,1,3
200600066388,0006-11-17 16:00:00,6,11,17,16,0,130,117,"67, EUROPE ( AVENUE DE L",,,Plein jour,Hors agglomération,Hors intersection,Pluie forte,Deux véhicules - arrière,,,,,,,,,,,1,1,1,3,2
200600066389,0006-11-17 19:25:00,6,11,17,19,25,130,117,CHEMIN DEPARTEMENTAL CD,,,Nuit sans éclairage public,Hors agglomération,Hors intersection,Pluie forte,Trois véhicules et plus - collisions multiples,,,,,,,,,,,3,1,1,3,5
200600066390,0006-11-17 20:15:00,6,11,17,20,15,130,117,LA BASTIDE BLANCHE RN 11,,,Nuit sans éclairage public,Hors agglomération,Intersection en Y,Pluie légère,Trois véhicules et plus - collisions multiples,,,,,,,,,,,3,1,4,2,5
200600066391,0006-11-17 21:55:00,6,11,17,21,55,130,117,ROND-POINT HENRI LOUBET,,,Nuit avec éclairage allumé,Hors agglomération,Hors intersection,Normale,Deux véhicules - frontale,,,,,,,,,,,5,1,1,1,1
200600066392,0006-11-18 21:30:00,6,11,18,21,30,130,71,CD 6,,,Nuit avec éclairage allumé,Hors agglomération,Hors intersection,Normale,Deux véhicules - frontale,,,,,,,,,,,5,1,1,1,1
200600066393,0006-11-19 00:41:00,6,11,19,0,41,130,71,MITTERRAND (AVENUE FRANC,,,Nuit avec éclairage allumé,En agglomération,Hors intersection,Normale,Autre collision,,,,,,,,,,,5,2,1,1,6
200600066394,0006-11-19 08:40:00,6,11,19,8,40,130,71,VERSAILLES (ROND POINT D,,,Plein jour,Hors agglomération,Hors intersection,Normale,Deux véhicules - côté,,,,,,,,,,,1,1,1,1,3
200600066395,0006-11-20 08:05:00,6,11,20,8,5,130,117,"36, ROME  (AVENUE DE)",,,Plein jour,Hors agglomération,Hors intersection,Temps éblouissant,Deux véhicules - arrière,,,,,,,,,,,1,1,1,7,2
200600066396,0006-11-25 12:30:00,6,11,25,12,30,130,117,RUE DE FONTBLANCHE,,,Plein jour,En agglomération,Intersection en T,Normale,Deux véhicules - côté,,,,,,,,,,,1,2,3,1,3
200600066397,0006-11-29 13:40:00,6,11,29,13,40,130,71,"189 TER, MITTERRAND (AVE",,,Plein jour,En agglomération,Hors intersection,Normale,Deux véhicules - côté,,,,,,,,,,,1,2,1,1,3
200600066398,0006-11-03 01:10:00,6,11,3,1,10,140,118,"8, RAME (RUE JULES)",,,Nuit avec éclairage allumé,En agglomération,Hors intersection,Pluie légère,Deux véhicules - côté,,,,,,,,,,,5,2,1,2,3
200600066399,0006-11-05 20:38:00,6,11,5,20,38,140,118,VIRE (RUE DE LA),,,Nuit avec éclairage allumé,En agglomération,Intersection en X,Normale,Deux véhicules - côté,,,,,,,,,,,5,2,2,1,3