accident_id,datetime,annee,mois,jour,heure,minute,departement,commune_insee,adresse,latitude,longitude,luminosite,agglomeration,intersection,meteo,collision,nb_vehicules,nb_usagers,nb_indemnes,nb_tues,nb_blesses_hosp,nb_blesses_legers,age_cond_1,age_cond_2,veh_type_cond_1,veh_type_cond_2,lum_code,agg_code,int_code,atm_code,col_code
200600066915,0006-11-30 18:00:00,6,11,30,18,0,310,555,"999, RTE DE LABEGE",,,Nuit avec éclairage allumé,En agglomération,Hors intersection,Normale,Deux véhicules - côté,,,,,,,,,,,5,2,1,1,3
200600066916,0006-11-30 20:45:00,6,11,30,20,45,310,555,VA007598 LESPINET A620 S,,,Nuit avec éclairage allumé,Hors agglomération,Hors intersection,Normale,Autre collision,,,,,,,,,,,5,1,1,1,6
200600066917,0006-11-30 19:00:00,6,11,30,19,0,310,555,"127, CHE DE LANUSSE",,,Nuit avec éclairage allumé,En agglomération,Hors intersection,Normale,Deux véhicules - frontale,,,,,,,,,,,5,2,1,1,1
200600066918,0006-11-05 01:15:00,6,11,5,1,15,310,557,"50, AURIOL (BD VINCENT)",,,Nuit avec éclairage allumé,En agglomération,Hors intersection,Normale,Autre collision,,,,,,,,,,,5,2,1,1,6
200600066919,0006-11-10 15:40:00,6,11,10,15,40,310,557,"02, LARRAMET (CH DE)",,,Plein jour,En agglomération,Giratoire,Normale,Deux véhicules - côté,,,,,,,,,,,1,2,6,1,3
200600066920,0006-11-15 17:40:00,6,11,15,17,40,310,557,"22, AURIOL (BD VINCENT)",,,Nuit avec éclairage allumé,En agglomération,Hors intersection,Normale,Deux véhicules - côté,,,,,,,,,,,5,2,1,1,3
200600066921,0006-11-17 16:30:00,6,11,17,16,30,310,557,"18, AURIOL (BD VINCENT)",,,Plein jour,En agglomération,Hors intersection,Normale,Trois véhicules et plus - en chaîne,,,,,,,,,,,1,2,1,1,4
200600066922,0006-11-23 14:00:00,6,11,23,14,0,310,557,"0, SPORTS (ALL DES)",,,Plein jour,En agglomération,Intersection en T,Normale,Autre collision,,,,,,,,,,,1,2,3,1,6
200600066923,0006-11-22 12:20:00,6,11,22,12,20,320,13,TOULOUSE (ROUTE DE),,,Plein jour,Hors agglomération,Hors intersection,Pluie légère,Deux véhicules - frontale,,,,,,,,,,,1,1,1,2,1
200600066924,0006-11-22 15:30:00,6,11,22,15,30,320,13,TOULOUSE (ROUTE DE),,,Plein jour,Hors agglomération,Hors intersection,Pluie légère,Deux véhicules - frontale,,,,,,,,,,,1,1,1,2,1
200600066925,0006-11-26 11:15:00,6,11,26,11,15,320,13,AGEN (ROUTE D'),,,Plein jour,Hors agglomération,Hors intersection,Normale,Sans collision,,,,,,,,,,,1,1,1,1,7
200600066926,0006-11-01 16:00:00,6,11,1,16,0,330,529,"1, MARIOLAN (CH. DE)",,,Plein jour,Hors agglomération,Hors intersection,Normale,Deux véhicules - frontale,,,,,,,,,,,1,1,1,1,1
200600066927,0006-11-25 05:00:00,6,11,25,5,0,330,529,BISCAROSSE (AVE) DUNE VE,,,Nuit sans éclairage public,Hors agglomération,Hors intersection,Pluie légère,Deux véhicules - frontale,,,,,,,,,,,3,1,1,2,1
200600066928,0006-11-15 15:35:00,6,11,15,15,35,330,529,CARNOT (RUE DU PRESIDENT,,,Plein jour,En agglomération,Intersection en X,Normale,Deux véhicules - côté,,,,,,,,,,,1,2,2,1,3
200600066929,0006-11-04 19:50:00,6,11,4,19,50,330,63,"225, RUE DE PESSAC",,,Nuit avec éclairage allumé,En agglomération,Intersection en T,Normale,Trois véhicules et plus - en chaîne,,,,,,,,,,,5,2,3,1,4
200600066930,0006-11-02 10:50:00,6,11,2,10,50,330,63,CRS VICTOR HUGO,,,Plein jour,En agglomération,Intersection en X,Normale,Deux véhicules - frontale,,,,,,,,,,,1,2,2,1,1
200600066931,0006-11-01 00:05:00,6,11,1,0,5,330,318,AVE JEAN BABIN,,,Nuit avec éclairage allumé,En agglomération,Intersection en T,Normale,Deux véhicules - côté,,,,,,,,,,,5,2,3,1,3
200600066932,0006-11-05 11:35:00,6,11,5,11,35,330,63,RUE COMMANDANT HAUTREUX,,,Plein jour,En agglomération,Intersection en X,Normale,Deux véhicules - côté,,,,,,,,,,,1,2,2,1,3
200600066933,0006-11-05 02:10:00,6,11,5,2,10,330,281,"54, AVE DU MARECHAL JOFF",,,Nuit avec éclairage allumé,En agglomération,Hors intersection,Normale,Autre collision,,,,,,,,,,,5,2,1,1,6
200600066934,0006-11-04 13:00:00,6,11,4,13,0,330,63,"13, ALL DE TOURNY",,,Plein jour,En agglomération,Intersection en T,Normale,Autre collision,,,,,,,,,,,1,2,3,1,6
200600066935,0006-11-03 12:15:00,6,11,3,12,15,330,63,"14, QUAI DE BRIENNE",,,Plein jour,En agglomération,Hors intersection,Normale,Deux véhicules - côté,,,,,,,,,,,1,2,1,1,3
200600066936,0006-11-06 01:15:00,6,11,6,1,15,330,63,BD MARECHAL LECLERC,,,Nuit avec éclairage allumé,En agglomération,Intersection en X,Normale,Deux véhicules - côté,,,,,,,,,,,5,2,2,1,3
200600066937,0006-11-04 16:25:00,6,11,4,16,25,330,63,RUE LAGRANGE,,,Plein jour,En agglomération,Intersection à plus de 4 branches,Normale,Autre collision,,,,,,,,,,,1,2,5,1,6
200600066938,0006-11-02 08:55:00,6,11,2,8,55,330,318,AVE ROGER COHE,,,Plein jour,En agglomération,Intersection en T,Normale,Deux véhicules - côté,,,,,,,,,,,1,2,3,1,3
200600066939,0006-11-02 18:40:00,6,11,2,18,40,330,249,RUE PROFESSEUR JEAN AURI,,,Nuit avec éclairage allumé,En agglomération,Intersection en T,Normale,Deux véhicules - côté,,,,,,,,,,,5,2,3,1,3
200600066940,0006-11-07 22:32:00,6,11,7,22,32,330,63,"95, RUE DE PESSAC",,,Nuit avec éclairage allumé,En agglomération,Hors intersection,Normale,Deux véhicules - frontale,,,,,,,,,,,5,2,1,1,1
200600066941,0006-11-07 17:25:00,6,11,7,17,25,330,63,RUE GENERAL DE LARMINAT,,,Plein jour,En agglomération,Hors intersection,Normale,Deux véhicules - côté,,,,,,,,,,,1,2,1,1,3
200600066942,0006-11-07 06:45:00,6,11,7,6,45,330,63,"28, CRS GEORGES CLEMENCE",,,Nuit avec éclairage allumé,En agglomération,Intersection en X,Normale,Deux véhicules - côté,,,,,,,,,,,5,2,2,1,3
200600066943,0006-11-07 11:40:00,6,11,7,11,40,330,63,"20, RUE DE LA LIBERTE CA",,,Plein jour,En agglomération,Hors intersection,Normale,Deux véhicules - frontale,,,,,,,,,,,1,2,1,1,1
200600066944,0006-11-07 12:55:00,6,11,7,12,55,330,63,"181, BD GODARD",,,Plein jour,En agglomération,Hors intersection,Normale,Deux véhicules - arrière,,,,,,,,,,,1,2,1,1,2
200600066945,0006-11-07 13:45:00,6,11,7,13,45,330,63,"33, QUAI DES CHARTRONS",,,Plein jour,En agglomération,Hors intersection,Normale,Autre collision,,,,,,,,,,,1,2,1,1,6
200600066946,0006-11-06 14:00:00,6,11,6,14,0,330,63,"115, RUE JOSEPH ABRIA",,,Plein jour,En agglomération,Hors intersection,Normale,Autre collision,,,,,,,,,,,1,2,1,1,6
200600066947,0006-11-06 18:35:00,6,11,6,18,35,330,119,CHEM DES BORIES,,,Nuit avec éclairage allumé,En agglomération,Intersection en X,Normale,Deux véhicules - côté,,,,,,,,,,,5,2,2,1,3
200600066948,0006-11-04 09:00:00,6,11,4,9,0,330,318,AVE ANTOINE BECQUEREL,,,Plein jour,En agglomération,Intersection en T,Normale,Deux véhicules - frontale,,,,,,,,,,,1,2,3,1,1
200600066949,0006-11-03 17:32:00,6,11,3,17,32,330,281,AVE DE LA MARNE,,,Nuit avec éclairage allumé,En agglomération,Hors intersection,Normale,Deux véhicules - côté,,,,,,,,,,,5,2,1,1,3
200600066950,0006-11-06 17:15:00,6,11,6,17,15,330,318,AVE DE LA TUILERANNE,,,Plein jour,En agglomération,Intersection en T,Normale,Deux véhicules - côté,,,,,,,,,,,1,2,3,1,3
200600066951,0006-11-08 21:55:00,6,11,8,21,55,330,63,RUE LUCIEN FAURE,,,Nuit avec éclairage allumé,En agglomération,Intersection en T,Normale,Deux véhicules - côté,,,,,,,,,,,5,2,3,1,3
200600066952,0006-11-03 18:55:00,6,11,3,18,55,330,522,"9, RUE DOUROUT",,,Nuit avec éclairage allumé,En agglomération,Hors intersection,Normale,Autre collision,,,,,,,,,,,5,2,1,1,6
200600066953,0006-11-09 14:00:00,6,11,9,14,0,330,63,AVE DES QUARANTE JOURNAU,,,Plein jour,En agglomération,Hors intersection,Normale,Trois véhicules et plus - en chaîne,,,,,,,,,,,1,2,1,1,4
200600066954,0006-11-09 07:55:00,6,11,9,7,55,330,63,RUE JULES FERRY CAUD,,,Plein jour,En agglomération,Intersection en T,Normale,Deux véhicules - côté,,,,,,,,,,,1,2,3,1,3
200600066955,0006-11-09 14:10:00,6,11,9,14,10,330,63,RUE LUCIEN FAURE,,,Plein jour,En agglomération,Hors intersection,Normale,Autre collision,,,,,,,,,,,1,2,1,1,6
200600066956,0006-11-07 13:30:00,6,11,7,13,30,330,318,"90, AVE DU DOCTEUR ALBER",,,Plein jour,En agglomération,Hors intersection,Normale,Deux véhicules - arrière,,,,,,,,,,,1,2,1,1,2
200600066957,0006-11-06 06:40:00,6,11,6,6,40,330,192,AVE DE L'HIPPODROME,,,Crépuscule ou aube,En agglomération,Intersection en T,Normale,Sans collision,,,,,,,,,,,2,2,3,1,7
200600066958,0006-11-05 05:00:00,6,11,5,5,0,330,192,CRS DU GENERAL DE GAULLE,,,Nuit avec éclairage allumé,En agglomération,Hors intersection,Normale,Autre collision,,,,,,,,,,,5,2,1,1,6
200600066959,0006-11-11 00:10:00,6,11,11,0,10,330,63,"113, CRS DE LA MARNE",,,Nuit avec éclairage allumé,En agglomération,Intersection en T,Normale,Deux véhicules - arrière,,,,,,,,,,,5,2,3,1,2
200600066960,0006-11-10 14:30:00,6,11,10,14,30,330,63,"107, RTE DE TOULOUSE",,,Plein jour,En agglomération,Hors intersection,Normale,Autre collision,,,,,,,,,,,1,2,1,1,6
200600066961,0006-11-10 09:50:00,6,11,10,9,50,330,63,PCE DE STALINGRAD,,,Plein jour,En agglomération,Intersection en X,Normale,Autre collision,,,,,,,,,,,1,2,2,1,6
200600066962,0006-11-10 20:00:00,6,11,10,20,0,330,63,"21, CRS DE VERDUN",,,Nuit avec éclairage allumé,En agglomération,Intersection en T,Normale,Deux véhicules - côté,,,,,,,,,,,5,2,3,1,3
200600066963,0006-11-08 21:50:00,6,11,8,21,50,330,63,"197, BD DU PDT FRANKLIN",,,Nuit avec éclairage allumé,En agglomération,Hors intersection,Normale,Deux véhicules - arrière,,,,,,,,,,,5,2,1,1,2
200600066964,0006-11-13 12:00:00,6,11,13,12,0,330,63,PCE TOURNY,,,Plein jour,En agglomération,Place,Normale,Autre collision,,,,,,,,,,,1,2,7,1,6
200600066965,0006-11-13 11:25:00,6,11,13,11,25,330,63,CRS GEORGES CLEMENCEAU,,,Plein jour,En agglomération,Place,Normale,Autre collision,,,,,,,,,,,1,2,7,1,6
200600066966,0006-11-14 00:23:00,6,11,14,0,23,330,63,CRS ARISTIDE BRIAND,,,Nuit avec éclairage allumé,En agglomération,Intersection en X,Normale,Deux véhicules - arrière,,,,,,,,,,,5,2,2,1,2
200600066967,0006-11-08 11:10:00,6,11,8,11,10,330,63,RUE VICTOR DURUY CAUD,,,Plein jour,En agglomération,Intersection en T,Normale,Deux véhicules - côté,,,,,,,,,,,1,2,3,1,3
200600066968,0006-11-10 17:42:00,6,11,10,17,42,330,318,"77 ter, AVE DE BEUTRE",,,Plein jour,En agglomération,Hors intersection,Normale,Deux véhicules - côté,,,,,,,,,,,1,2,1,1,3
200600066969,0006-11-14 16:05:00,6,11,14,16,5,330,63,"91, RUE EUGENE JACQUET",,,Plein jour,En agglomération,Intersection en T,Normale,Autre collision,,,,,,,,,,,1,2,3,1,6
200600066970,0006-11-11 04:00:00,6,11,11,4,0,330,63,"95, QUAI DE PALUDATE",,,Nuit avec éclairage allumé,En agglomération,Hors intersection,Normale,Deux véhicules - arrière,,,,,,,,,,,5,2,1,1,2
200600066971,0006-11-06 09:45:00,6,11,6,9,45,330,281,RUE CAMILLE FLAMMARION,,,Plein jour,En agglomération,Intersection en X,Normale,Trois véhicules et plus - en chaîne,,,,,,,,,,,1,2,2,1,4
200600066972,0006-11-13 16:20:00,6,11,13,16,20,330,318,AVE DE MONBALLON,,,Plein jour,En agglomération,Intersection en T,Normale,Autre collision,,,,,,,,,,,1,2,3,1,6
200600066973,0006-11-09 13:40:00,6,11,9,13,40,330,318,RUE ANTOINE DE CONDORCET,,,Plein jour,En agglomération,Intersection en T,Normale,Deux véhicules - côté,,,,,,,,,,,1,2,3,1,3
200600066974,0006-11-09 18:50:00,6,11,9,18,50,330,63,"24, QUAI RICHELIEU",,,Nuit avec éclairage allumé,En agglomération,Hors intersection,Normale,Deux véhicules - arrière,,,,,,,,,,,5,2,1,1,2
200600066975,0006-11-15 08:10:00,6,11,15,8,10,330,63,"195, RUE DE PESSAC",,,Plein jour,En agglomération,Intersection en Y,Normale,Autre collision,,,,,,,,,,,1,2,4,1,6
200600066976,0006-11-15 19:15:00,6,11,15,19,15,330,63,RUE FRERE,,,Nuit avec éclairage allumé,En agglomération,Intersection en X,Normale,Deux véhicules - côté,,,,,,,,,,,5,2,2,1,3
200600066977,0006-11-09 18:40:00,6,11,9,18,40,330,192,RUE DE LAHOUNEAU,,,Crépuscule ou aube,En agglomération,Intersection en X,Normale,Deux véhicules - côté,,,,,,,,,,,2,2,2,1,3
200600066978,0006-11-08 11:15:00,6,11,8,11,15,330,192,AVE ROBERT SCHUMAN,,,Plein jour,En agglomération,Hors intersection,Normale,Deux véhicules - côté,,,,,,,,,,,1,2,1,1,3
200600066979,0006-11-08 07:50:00,6,11,8,7,50,330,281,"443, AVE DE VERDUN",,,Plein jour,En agglomération,Hors intersection,Normale,Deux véhicules - côté,,,,,,,,,,,1,2,1,1,3
200600066980,0006-11-13 17:55:00,6,11,13,17,55,330,167,QUAI DE LA SOUYS,,,Crépuscule ou aube,En agglomération,Intersection en T,Normale,Deux véhicules - côté,,,,,,,,,,,2,2,3,1,3
200600066981,0006-11-14 16:05:00,6,11,14,16,5,330,192,CRS DU GENERAL DE GAULLE,,,Plein jour,En agglomération,Hors intersection,Normale,Trois véhicules et plus - en chaîne,,,,,,,,,,,1,2,1,1,4
200600066982,0006-11-14 17:15:00,6,11,14,17,15,330,281,AVE FRANOIS MITTERRAND,,,Crépuscule ou aube,En agglomération,Giratoire,Normale,Deux véhicules - côté,,,,,,,,,,,2,2,6,1,3
200600066983,0006-11-17 08:00:00,6,11,17,8,0,330,63,CRS DE LA SOMME,,,Plein jour,En agglomération,Intersection en X,Temps couvert,Deux véhicules - côté,,,,,,,,,,,1,2,2,8,3
200600066984,0006-11-18 18:45:00,6,11,18,18,45,330,63,"41, RUE DU VELODROME CAU",,,Nuit avec éclairage allumé,En agglomération,Hors intersection,Normale,Autre collision,,,,,,,,,,,5,2,1,1,6
200600066985,0006-11-19 03:30:00,6,11,19,3,30,330,63,"19, AVE THIERS",,,Nuit avec éclairage allumé,En agglomération,Hors intersection,Pluie légère,Sans collision,,,,,,,,,,,5,2,1,2,7
200600066986,0006-11-18 14:15:00,6,11,18,14,15,330,63,AVE DE LAROQUE,,,Plein jour,En agglomération,Hors intersection,Normale,Deux véhicules - côté,,,,,,,,,,,1,2,1,1,3
200600066987,0006-11-20 10:35:00,6,11,20,10,35,330,63,"161, AVE THIERS",,,Plein jour,En agglomération,Hors intersection,Pluie légère,Autre collision,,,,,,,,,,,1,2,1,2,6
200600066988,0006-11-20 07:40:00,6,11,20,7,40,330,63,RUE EUGENE TENOT,,,Plein jour,En agglomération,Intersection en X,Normale,Deux véhicules - côté,,,,,,,,,,,1,2,2,1,3
200600066989,0006-11-16 13:10:00,6,11,16,13,10,330,281,CHEM DE LA PROCESSION,,,Plein jour,En agglomération,Intersection en Y,Pluie légère,Deux véhicules - côté,,,,,,,,,,,1,2,4,2,3
200600066990,0006-11-16 08:05:00,6,11,16,8,5,330,281,AVE ARISTIDE BRIAND,,,Plein jour,En agglomération,Intersection en X,Pluie légère,Deux véhicules - côté,,,,,,,,,,,1,2,2,2,3
200600066991,0006-11-15 18:25:00,6,11,15,18,25,330,281,AVE DU MARECHAL JUIN,,,Nuit avec éclairage allumé,En agglomération,Hors intersection,Normale,Deux véhicules - frontale,,,,,,,,,,,5,2,1,1,1
200600066992,0006-11-19 11:50:00,6,11,19,11,50,330,167,"215, AVE PASTEUR",,,Plein jour,En agglomération,Hors intersection,Pluie légère,Deux véhicules - arrière,,,,,,,,,,,1,2,1,2,2
200600066993,0006-11-18 11:15:00,6,11,18,11,15,330,119,RUE RENE CASSIN,,,Plein jour,En agglomération,Intersection en T,Normale,Deux véhicules - côté,,,,,,,,,,,1,2,3,1,3
200600066994,0006-11-18 17:15:00,6,11,18,17,15,330,119,AVE DU PRESIDENT J.F. KE,,,Nuit avec éclairage allumé,En agglomération,Hors intersection,Normale,Trois véhicules et plus - en chaîne,,,,,,,,,,,5,2,1,1,4
200600066995,0006-11-10 17:48:00,6,11,10,17,48,330,39,CRS VICTOR HUGO,,,Crépuscule ou aube,En agglomération,Intersection en X,Normale,Deux véhicules - arrière,,,,,,,,,,,2,2,2,1,2
200600066996,0006-11-15 11:45:00,6,11,15,11,45,330,39,RUE DURCY,,,Plein jour,En agglomération,Intersection en X,Normale,Deux véhicules - frontale,,,,,,,,,,,1,2,2,1,1
200600066997,0006-11-16 18:45:00,6,11,16,18,45,330,522,RUE CAMILLE PELLETAN,,,Nuit avec éclairage allumé,En agglomération,Giratoire,Pluie forte,Autre collision,,,,,,,,,,,5,2,6,3,6
200600066998,0006-11-17 18:00:00,6,11,17,18,0,330,281,"16, RUE DE CHARLIN",,,Nuit avec éclairage allumé,En agglomération,Hors intersection,Normale,Deux véhicules - côté,,,,,,,,,,,5,2,1,1,3
200600066999,0006-11-19 01:50:00,6,11,19,1,50,330,281,AVE DE LA SOMME,,,Nuit avec éclairage allumé,En agglomération,Intersection en T,Normale,Trois véhicules et plus - en chaîne,,,,,,,,,,,5,2,3,1,4
200600067000,0006-11-21 10:10:00,6,11,21,10,10,330,63,"361, AVE D'ARES CAUD",,,Plein jour,En agglomération,Hors intersection,Normale,Deux véhicules - arrière,,,,,,,,,,,1,2,1,1,2
200600067001,0006-11-21 07:50:00,6,11,21,7,50,330,63,BD GEORGE V,,,Crépuscule ou aube,En agglomération,Hors intersection,Pluie légère,Trois véhicules et plus - en chaîne,,,,,,,,,,,2,2,1,2,4
200600067002,0006-11-22 19:40:00,6,11,22,19,40,330,63,ALL SERR,,,Nuit avec éclairage allumé,En agglomération,Intersection en X,Pluie forte,Autre collision,,,,,,,,,,,5,2,2,3,6
200600067003,0006-11-23 22:35:00,6,11,23,22,35,330,63,"147, AVE DE LABARDE",,,Nuit avec éclairage allumé,En agglomération,Hors intersection,Pluie légère,Sans collision,,,,,,,,,,,5,2,1,2,7
200600067004,0006-11-23 12:40:00,6,11,23,12,40,330,63,"209, RUE BLANQUI",,,Plein jour,En agglomération,Hors intersection,Pluie légère,Autre collision,,,,,,,,,,,1,2,1,2,6
200600067005,0006-11-23 23:40:00,6,11,23,23,40,330,63,CRS EDOUARD VAILLANT,,,Nuit avec éclairage allumé,En agglomération,Intersection en X,Pluie légère,Deux véhicules - arrière,,,,,,,,,,,5,2,2,2,2
200600067006,0006-11-22 19:00:00,6,11,22,19,0,330,63,"232, RUE DE PESSAC",,,Nuit avec éclairage allumé,En agglomération,Hors intersection,Pluie forte,Autre collision,,,,,,,,,,,5,2,1,3,6
200600067007,0006-11-16 10:58:00,6,11,16,10,58,330,192,CRS DU GENERAL DE GAULLE,,,Plein jour,En agglomération,Intersection en X,Pluie légère,Deux véhicules - frontale,,,,,,,,,,,1,2,2,2,1
200600067008,0006-11-24 13:15:00,6,11,24,13,15,330,63,RUE FORESTIER,,,Plein jour,En agglomération,Intersection en X,Pluie légère,Deux véhicules - côté,,,,,,,,,,,1,2,2,2,3
200600067009,0006-11-24 10:10:00,6,11,24,10,10,330,63,RUE LUCIEN FAURE,,,Plein jour,En agglomération,Intersection en T,Pluie légère,Deux véhicules - côté,,,,,,,,,,,1,2,3,2,3
200600067010,0006-11-23 11:30:00,6,11,23,11,30,330,249,PONT DE MIREPORT,,,Plein jour,En agglomération,Hors intersection,Normale,Deux véhicules - arrière,,,,,,,,,,,1,2,1,1,2
200600067011,0006-11-22 15:25:00,6,11,22,15,25,330,119,"16, RUE DU 8 MAI 1945",,,Plein jour,En agglomération,Hors intersection,Temps couvert,Deux véhicules - arrière,,,,,,,,,,,1,2,1,8,2
200600067012,0006-11-17 00:10:00,6,11,17,0,10,330,281,"26, AVE DE LA MARNE",,,Nuit avec éclairage allumé,En agglomération,Hors intersection,Pluie légère,Autre collision,,,,,,,,,,,5,2,1,2,6
200600067013,0006-11-26 09:15:00,6,11,26,9,15,330,63,"212, CRS BALGUERIE STUTT",,,Plein jour,En agglomération,Hors intersection,Normale,Autre collision,,,,,,,,,,,1,2,1,1,6
200600067014,0006-11-25 23:20:00,6,11,25,23,20,330,63,RUE SOUBIRAS CAUD,,,Nuit avec éclairage allumé,En agglomération,Intersection en X,Normale,Deux véhicules - frontale,,,,,,,,,,,5,2,2,1,1
200600067015,0006-11-27 07:40:00,6,11,27,7,40,330,63,"402, AVE MAL DE LATTRE T",,,Crépuscule ou aube,En agglomération,Hors intersection,Normale,Deux véhicules - côté,,,,,,,,,,,2,2,1,1,3
200600067016,0006-11-27 15:30:00,6,11,27,15,30,330,63,RUE GINER DE LOS RIOS,,,Plein jour,En agglomération,Intersection en X,Normale,Deux véhicules - arrière,,,,,,,,,,,1,2,2,1,2
200600067017,0006-11-28 10:45:00,6,11,28,10,45,330,63,"262, CRS DE LA SOMME",,,Plein jour,En agglomération,Hors intersection,Normale,Deux véhicules - côté,,,,,,,,,,,1,2,1,1,3
200600067018,0006-11-27 12:30:00,6,11,27,12,30,330,63,"146, CRS DE LA SOMME",,,Plein jour,En agglomération,Hors intersection,Normale,Deux véhicules - côté,,,,,,,,,,,1,2,1,1,3
200600067019,0006-11-15 19:07:00,6,11,15,19,7,330,281,RUE DES CEPAGES,,,Nuit avec éclairage non allumé,En agglomération,Hors intersection,Normale,Autre collision,,,,,,,,,,,4,2,1,1,6
200600067020,0006-11-22 06:55:00,6,11,22,6,55,330,281,RUE PAUL DOUMER,,,Nuit avec éclairage allumé,En agglomération,Intersection en X,Pluie légère,Deux véhicules - côté,,,,,,,,,,,5,2,2,2,3
200600067021,0006-11-24 17:10:00,6,11,24,17,10,330,119,"12, RUE ALAIN-FOURNIER",,,Plein jour,En agglomération,Hors intersection,Normale,Autre collision,,,,,,,,,,,1,2,1,1,6
200600067022,0006-11-24 19:25:00,6,11,24,19,25,330,281,AVE DE L'YSER,,,Nuit avec éclairage allumé,En agglomération,Intersection en T,Normale,Deux véhicules - côté,,,,,,,,,,,5,2,3,1,3
200600067023,0006-11-24 20:00:00,6,11,24,20,0,330,281,RUE EMILE COMBES,,,Nuit avec éclairage allumé,En agglomération,Intersection en T,Normale,Deux véhicules - côté,,,,,,,,,,,5,2,3,1,3
200600067024,0006-11-26 10:45:00,6,11,26,10,45,330,281,RUE RIAUD,,,Plein jour,En agglomération,Hors intersection,Normale,Deux véhicules - côté,,,,,,,,,,,1,2,1,1,3
200600067025,0006-11-24 12:35:00,6,11,24,12,35,330,75,RUE DE LA TOUR DE GASSIE,,,Plein jour,En agglomération,Intersection en X,Pluie légère,Deux véhicules - côté,,,,,,,,,,,1,2,2,2,3
200600067026,0006-11-23 19:00:00,6,11,23,19,0,330,75,RUE DE FIEUSAL,,,Nuit avec éclairage allumé,En agglomération,Intersection en Y,Pluie légère,Deux véhicules - frontale,,,,,,,,,,,5,2,4,2,1
200600067027,0006-11-29 10:25:00,6,11,29,10,25,330,63,RUE PIERRE BAOUR,,,Plein jour,En agglomération,Intersection en X,Normale,Deux véhicules - côté,,,,,,,,,,,1,2,2,1,3
200600067028,0006-11-30 23:25:00,6,11,30,23,25,330,63,RUE FURTADO,,,Nuit avec éclairage allumé,En agglomération,Hors intersection,Normale,Trois véhicules et plus - collisions multiples,,,,,,,,,,,5,2,1,1,5
200600067029,0006-11-30 08:40:00,6,11,30,8,40,330,63,RUE MERY,,,Plein jour,En agglomération,Intersection en X,Normale,Deux véhicules - côté,,,,,,,,,,,1,2,2,1,3
200600067030,0006-11-30 06:10:00,6,11,30,6,10,330,63,RUE DE LA BECHADE,,,Nuit avec éclairage allumé,En agglomération,Intersection en T,Brouillard / fumée,Deux véhicules - côté,,,,,,,,,,,5,2,3,5,3
200600067031,0006-11-28 19:05:00,6,11,28,19,5,330,522,AVE PEY-BERLAND,,,Nuit avec éclairage allumé,En agglomération,Intersection en T,Pluie légère,Deux véhicules - arrière,,,,,,,,,,,5,2,3,2,2
200600067032,0006-11-28 08:45:00,6,11,28,8,45,330,318,"7, AVE ARCHIMEDE",,,Plein jour,En agglomération,Hors intersection,Normale,Deux véhicules - frontale,,,,,,,,,,,1,2,1,1,1
200600067033,0006-11-24 10:30:00,6,11,24,10,30,330,39,PCE DE LA LIBERTE,,,Plein jour,En agglomération,Place,Normale,Autre collision,,,,,,,,,,,1,2,7,1,6
200600067034,0006-11-25 14:05:00,6,11,25,14,5,330,119,CHEM DES BORIES,,,Plein jour,En agglomération,Intersection en X,Normale,Deux véhicules - côté,,,,,,,,,,,1,2,2,1,3
200600067035,0006-11-24 07:52:00,6,11,24,7,52,330,39,AVE ALEXIS CAPELLE,,,Crépuscule ou aube,En agglomération,Intersection en T,Temps couvert,Deux véhicules - frontale,,,,,,,,,,,2,2,3,8,1
200600067036,0006-11-28 19:30:00,6,11,28,19,30,330,318,AVE DES FACULTES,,,Nuit avec éclairage non allumé,En agglomération,Hors intersection,Pluie légère,Autre collision,,,,,,,,,,,4,2,1,2,6
200600067037,0006-11-30 16:40:00,6,11,30,16,40,330,63,ALL DE BOUTAUT,,,Plein jour,En agglomération,Intersection en X,Normale,Deux véhicules - arrière,,,,,,,,,,,1,2,2,1,2
200600067038,0006-11-22 07:50:00,6,11,22,7,50,330,249,AVE DE LA LIBERATION,,,Plein jour,En agglomération,Intersection en X,Normale,Autre collision,,,,,,,,,,,1,2,2,1,6
200600067039,0006-11-27 15:00:00,6,11,27,15,0,330,69,AVE DE TIVOLI,,,Plein jour,En agglomération,Intersection en X,Normale,Deux véhicules - côté,,,,,,,,,,,1,2,2,1,3
200600067040,0006-11-29 18:50:00,6,11,29,18,50,330,69,"35, AVE SADI CARNOT",,,Nuit avec éclairage allumé,En agglomération,Hors intersection,Normale,Deux véhicules - arrière,,,,,,,,,,,5,2,1,1,2
200600067041,0006-11-30 08:55:00,6,11,30,8,55,330,281,AVE DE LA MARNE,,,Plein jour,En agglomération,Hors intersection,Normale,Deux véhicules - côté,,,,,,,,,,,1,2,1,1,3
200600067042,0006-11-27 17:10:00,6,11,27,17,10,330,281,AVE DE VERDUN,,,Crépuscule ou aube,En agglomération,Intersection en Y,Normale,Deux véhicules - côté,,,,,,,,,,,2,2,4,1,3
200600067043,0006-11-30 13:55:00,6,11,30,13,55,330,249,QUAI CARRIET,,,Plein jour,En agglomération,Giratoire,Normale,Deux véhicules - côté,,,,,,,,,,,1,2,6,1,3
200600067044,0006-11-29 10:00:00,6,11,29,10,0,330,39,RUE FRANCOIS DOUAUD,,,Plein jour,En agglomération,Hors intersection,Normale,Autre collision,,,,,,,,,,,1,2,1,1,6
200600067045,0006-11-29 18:20:00,6,11,29,18,20,330,318,AVE DU GENERAL LECLERC,,,Nuit avec éclairage allumé,En agglomération,Intersection en T,Normale,Deux véhicules - frontale,,,,,,,,,,,5,2,3,1,1