accident_id,datetime,annee,mois,jour,heure,minute,departement,commune_insee,adresse,latitude,longitude,luminosite,agglomeration,intersection,meteo,collision,nb_vehicules,nb_usagers,nb_indemnes,nb_tues,nb_blesses_hosp,nb_blesses_legers,age_cond_1,age_cond_2,veh_type_cond_1,veh_type_cond_2,lum_code,agg_code,int_code,atm_code,col_code
200600067046,0006-11-23 18:09:00,6,11,23,18,9,330,281,"233, AVE DE LA MARNE",,,Plein jour,En agglomération,Hors intersection,Pluie légère,Autre collision,,,,,,,,,,,1,2,1,2,6
200600067047,0006-11-30 10:04:00,6,11,30,10,4,340,3,"Face 5 BIS, CARNOT (F13",,,Plein jour,En agglomération,Hors intersection,Normale,Autre collision,,,,,,,,,,,1,2,1,1,6
200600067048,0006-11-08 18:30:00,6,11,8,18,30,340,3,GINGEMBRE (I18 A I19,,,Nuit sans éclairage public,En agglomération,Hors intersection,Pluie légère,Sans collision,,,,,,,,,,,3,2,1,2,7
200600067049,0006-11-02 09:20:00,6,11,2,9,20,340,32,"93/95, WILSON PRESIDENT",,,Plein jour,En agglomération,Hors intersection,Normale,Sans collision,,,,,,,,,,,1,2,1,1,7
200600067050,0006-11-02 17:15:00,6,11,2,17,15,340,32,"17, CLEMENCEAU GEORGES (",,,Plein jour,En agglomération,Hors intersection,Normale,Sans collision,,,,,,,,,,,1,2,1,1,7
200600067051,0006-11-07 16:00:00,6,11,7,16,0,340,32,LECLERC MARECHAL (BD),,,Plein jour,En agglomération,Intersection en X,Normale,Deux véhicules - côté,,,,,,,,,,,1,2,2,1,3
200600067052,0006-11-10 21:04:00,6,11,10,21,4,340,32,"14, INDUSTRIE (RUE DE L'",,,Nuit avec éclairage allumé,En agglomération,Intersection en T,Normale,Sans collision,,,,,,,,,,,5,2,3,1,7
200600067053,0006-11-17 01:25:00,6,11,17,1,25,340,32,"NR, DOMAINE GOURGASSE VI",,,Nuit sans éclairage public,Hors agglomération,Hors intersection,Normale,Autre collision,,,,,,,,,,,3,1,1,1,6
200600067054,0006-11-14 18:18:00,6,11,14,18,18,340,32,RD.64,,,Nuit sans éclairage public,Hors agglomération,Hors intersection,Normale,Deux véhicules - frontale,,,,,,,,,,,3,1,1,1,1
200600067055,0006-11-07 17:47:00,6,11,7,17,47,340,32,RD.64,,,Plein jour,Hors agglomération,Hors intersection,Normale,Trois véhicules et plus - collisions multiples,,,,,,,,,,,1,1,1,1,5
200600067056,0006-11-09 01:18:00,6,11,9,1,18,340,32,MURVIEL (ROUTE DE),,,Nuit avec éclairage allumé,En agglomération,Hors intersection,Normale,Sans collision,,,,,,,,,,,5,2,1,1,7
200600067057,0006-11-09 09:44:00,6,11,9,9,44,340,32,PEZENAS (ROUTE DE),,,Plein jour,En agglomération,Hors intersection,Normale,Autre collision,,,,,,,,,,,1,2,1,1,6
200600067058,0006-11-10 21:53:00,6,11,10,21,53,340,73,ROUTE DEPARTEMENTALE 612,,,Nuit sans éclairage public,Hors agglomération,Hors intersection,Normale,Trois véhicules et plus - en chaîne,,,,,,,,,,,3,1,1,1,4
200600067059,0006-11-10 21:57:00,6,11,10,21,57,340,336,"05, MISTRAL FREDERIC (BO",,,Nuit avec éclairage allumé,En agglomération,Hors intersection,Normale,Deux véhicules - frontale,,,,,,,,,,,5,2,1,1,1
200600067060,0006-11-12 02:54:00,6,11,12,2,54,340,32,LAZARE JOSEPH (AV),,,Nuit avec éclairage allumé,En agglomération,Hors intersection,Normale,Sans collision,,,,,,,,,,,5,2,1,1,7
200600067061,0006-11-13 21:05:00,6,11,13,21,5,340,32,BADIE VINCENT (RD POINT),,,Nuit avec éclairage allumé,Hors agglomération,Giratoire,Normale,Sans collision,,,,,,,,,,,5,1,6,1,7
200600067062,0006-11-14 16:34:00,6,11,14,16,34,340,32,ROUTE DEPARTEMENTALE NR.,,,Plein jour,En agglomération,Hors intersection,Normale,Deux véhicules - arrière,,,,,,,,,,,1,2,1,1,2
200600067063,0006-11-17 18:40:00,6,11,17,18,40,340,32,RIQUET PIERRE PAUL (ALLE,,,Nuit avec éclairage allumé,En agglomération,Hors intersection,Normale,Autre collision,,,,,,,,,,,5,2,1,1,6
200600067064,0006-11-19 15:15:00,6,11,19,15,15,340,32,ROUTE NATIONALE 113 - 9,,,Plein jour,En agglomération,Hors intersection,Normale,Trois véhicules et plus - en chaîne,,,,,,,,,,,1,2,1,1,4
200600067065,0006-11-20 07:50:00,6,11,20,7,50,340,32,"NR, MARTYRS DE LA RESIST",,,Crépuscule ou aube,En agglomération,Hors intersection,Normale,Autre collision,,,,,,,,,,,2,2,1,1,6
200600067066,0006-11-21 18:11:00,6,11,21,18,11,340,32,"NR, VINGT DEUX AOUT 1944",,,Nuit avec éclairage allumé,En agglomération,Intersection en T,Normale,Autre collision,,,,,,,,,,,5,2,3,1,6
200600067067,0006-11-21 07:42:00,6,11,21,7,42,340,32,CLEMENCEAU GEORGES (AVEN,,,Crépuscule ou aube,En agglomération,Intersection en T,Normale,Deux véhicules - côté,,,,,,,,,,,2,2,3,1,3
200600067068,0006-11-22 09:05:00,6,11,22,9,5,340,32,PEZENAS (ROUTE DE),,,Plein jour,Hors agglomération,Hors intersection,Normale,Autre collision,,,,,,,,,,,1,1,1,1,6
200600067069,0006-11-22 19:18:00,6,11,22,19,18,340,32,"NR, SYLVESTRE NOEL (RUE)",,,Nuit avec éclairage allumé,En agglomération,Hors intersection,Normale,Deux véhicules - côté,,,,,,,,,,,5,2,1,1,3
200600067070,0006-11-25 02:00:00,6,11,25,2,0,340,32,ROUTE DEPARTEMENTALE  61,,,Nuit sans éclairage public,Hors agglomération,Hors intersection,Normale,Autre collision,,,,,,,,,,,3,1,1,1,6
200600067071,0006-11-24 21:50:00,6,11,24,21,50,340,32,MISTRAL FREDERIC (BD),,,Nuit avec éclairage allumé,En agglomération,Intersection en X,Normale,Deux véhicules - côté,,,,,,,,,,,5,2,2,1,3
200600067072,0006-11-25 15:37:00,6,11,25,15,37,340,32,ERIGNAC CLAUDE (AV),,,Plein jour,En agglomération,Hors intersection,Normale,Deux véhicules - frontale,,,,,,,,,,,1,2,1,1,1
200600067073,0006-11-27 17:27:00,6,11,27,17,27,340,32,MALBOSC LOUIS (RUE),,,Crépuscule ou aube,En agglomération,Hors intersection,Normale,Deux véhicules - côté,,,,,,,,,,,2,2,1,1,3
200600067074,0006-11-27 17:57:00,6,11,27,17,57,340,32,MOULIN JEAN (AV),,,Nuit avec éclairage allumé,En agglomération,Hors intersection,Normale,Deux véhicules - côté,,,,,,,,,,,5,2,1,1,3
200600067075,0006-11-29 09:15:00,6,11,29,9,15,340,32,FOCH MARECHAL FERDINAND,,,Plein jour,En agglomération,Intersection en T,Normale,Deux véhicules - côté,,,,,,,,,,,1,2,3,1,3
200600067076,0006-11-29 11:32:00,6,11,29,11,32,340,32,ERIGNAC CLAUDE (AV),,,Plein jour,En agglomération,Intersection en X,Normale,Deux véhicules - côté,,,,,,,,,,,1,2,2,1,3
200600067077,0006-11-29 17:05:00,6,11,29,17,5,340,32,VIGUIER (AV DU),,,Crépuscule ou aube,En agglomération,Intersection en Y,Normale,Deux véhicules - frontale,,,,,,,,,,,2,2,4,1,1
200600067078,0006-11-01 02:20:00,6,11,1,2,20,340,172,"00, MENDES FRANCE (AVENU",,,Nuit avec éclairage allumé,En agglomération,Hors intersection,Normale,Autre collision,,,,,,,,,,,5,2,1,1,6
200600067079,0006-11-01 13:23:00,6,11,1,13,23,340,172,MOULINS (AVENUE DES,,,Plein jour,En agglomération,Hors intersection,Normale,Sans collision,,,,,,,,,,,1,2,1,1,7
200600067080,0006-11-02 17:00:00,6,11,2,17,0,340,172,CARRIEU (RUE MARIUS),,,Plein jour,En agglomération,Hors intersection,Normale,Deux véhicules - côté,,,,,,,,,,,1,2,1,1,3
200600067081,0006-11-02 17:30:00,6,11,2,17,30,340,172,PALAVAS (AVENUE DE),,,Crépuscule ou aube,En agglomération,Hors intersection,Normale,Deux véhicules - côté,,,,,,,,,,,2,2,1,1,3
200600067082,0006-11-03 18:30:00,6,11,3,18,30,340,172,"40, CLEMENCEAU (AVENUE G",,,Nuit avec éclairage allumé,En agglomération,Hors intersection,Normale,Deux véhicules - côté,,,,,,,,,,,5,2,1,1,3
200600067083,0006-11-03 19:05:00,6,11,3,19,5,340,172,"sans, LIBERTE (AVENUE DE",,,Nuit avec éclairage allumé,En agglomération,Hors intersection,Normale,Trois véhicules et plus - en chaîne,,,,,,,,,,,5,2,1,1,4
200600067084,0006-11-04 11:20:00,6,11,4,11,20,340,172,"459, CASTELNAU JUSTICE D",,,Plein jour,En agglomération,Hors intersection,Normale,Autre collision,,,,,,,,,,,1,2,1,1,6
200600067085,0006-11-05 17:50:00,6,11,5,17,50,340,172,SAINT HILAIRE (RUE DE),,,Nuit avec éclairage allumé,En agglomération,Intersection en X,Normale,Deux véhicules - côté,,,,,,,,,,,5,2,2,1,3
200600067086,0006-11-06 08:40:00,6,11,6,8,40,340,172,NERUDA (AVENUE PABLO),,,Plein jour,En agglomération,Hors intersection,Normale,Deux véhicules - côté,,,,,,,,,,,1,2,1,1,3
200600067087,0006-11-06 16:16:00,6,11,6,16,16,340,172,MONDIAL 98 (AVENUE DU),,,Plein jour,En agglomération,Intersection en X,Normale,Deux véhicules - côté,,,,,,,,,,,1,2,2,1,3
200600067088,0006-11-03 08:16:00,6,11,3,8,16,340,172,CHENAIE (RUE DE LA),,,Plein jour,En agglomération,Hors intersection,Normale,Autre collision,,,,,,,,,,,1,2,1,1,6
200600067089,0006-11-06 15:00:00,6,11,6,15,0,340,172,"733, PIOCH DE BOUTONNET",,,Plein jour,En agglomération,Hors intersection,Normale,Deux véhicules - côté,,,,,,,,,,,1,2,1,1,3
200600067090,0006-11-06 12:30:00,6,11,6,12,30,340,172,MENDES FRANCE (AVENUE PR,,,Plein jour,Hors agglomération,Hors intersection,Normale,Trois véhicules et plus - collisions multiples,,,,,,,,,,,1,1,1,1,5
200600067091,0006-11-07 16:30:00,6,11,7,16,30,340,172,EINSTEIN (AVENUE ALBERT,,,Plein jour,En agglomération,Hors intersection,Temps couvert,Deux véhicules - côté,,,,,,,,,,,1,2,1,8,3
200600067092,0006-11-07 19:00:00,6,11,7,19,0,340,172,"33, ECOLE D'AGRICULTURE-",,,Nuit avec éclairage allumé,En agglomération,Hors intersection,Temps couvert,Autre collision,,,,,,,,,,,5,2,1,8,6
200600067093,0006-11-07 15:42:00,6,11,7,15,42,340,172,DUBOUT (AVENUE ALBERT),,,Plein jour,En agglomération,Hors intersection,Normale,Deux véhicules - arrière,,,,,,,,,,,1,2,1,1,2
200600067094,0006-11-08 16:38:00,6,11,8,16,38,340,172,"41, NIMES (AVENUE DE)",,,Plein jour,En agglomération,Intersection en T,Pluie légère,Sans collision,,,,,,,,,,,1,2,3,2,7
200600067095,0006-11-08 22:25:00,6,11,8,22,25,340,172,"48, RENAN (BOULEVARD ERN",,,Nuit avec éclairage allumé,En agglomération,Hors intersection,Temps couvert,Autre collision,,,,,,,,,,,5,2,1,8,6
200600067096,0006-11-08 08:32:00,6,11,8,8,32,340,172,BOIRARGUES (AVENUE  DE,,,Plein jour,En agglomération,Hors intersection,Normale,Sans collision,,,,,,,,,,,1,2,1,1,7
200600067097,0006-11-08 10:14:00,6,11,8,10,14,340,172,PALAVAS (AVENUE DE),,,Plein jour,En agglomération,Hors intersection,Normale,Deux véhicules - côté,,,,,,,,,,,1,2,1,1,3
200600067098,0006-11-10 18:00:00,6,11,10,18,0,340,172,AURIOL (AVENUE VINCENT),,,Nuit sans éclairage public,Hors agglomération,Hors intersection,Normale,Autre collision,,,,,,,,,,,3,1,1,1,6
200600067099,0006-11-09 12:44:00,6,11,9,12,44,340,172,"16 BIS, ASSAS (AVENUE D'",,,Plein jour,En agglomération,Intersection en T,Normale,Deux véhicules - côté,,,,,,,,,,,1,2,3,1,3
200600067100,0006-11-13 10:33:00,6,11,13,10,33,340,172,BEC (PLACE PAUL),,,Plein jour,En agglomération,Place,Normale,Autre collision,,,,,,,,,,,1,2,7,1,6
200600067101,0006-11-14 16:55:00,6,11,14,16,55,340,129,"sans, CHAPELLE (RUE DE L",,,Crépuscule ou aube,En agglomération,Hors intersection,Temps éblouissant,Autre collision,,,,,,,,,,,2,2,1,7,6
200600067102,0006-11-14 09:26:00,6,11,14,9,26,340,172,EUROPE (AVENUE DE L'),,,Plein jour,En agglomération,Hors intersection,Normale,Sans collision,,,,,,,,,,,1,2,1,1,7
200600067103,0006-11-16 10:40:00,6,11,16,10,40,340,172,"274, JUSTICE DE CASTELNA",,,Plein jour,En agglomération,Hors intersection,Pluie légère,Deux véhicules - arrière,,,,,,,,,,,1,2,1,2,2
200600067104,0006-11-17 14:00:00,6,11,17,14,0,340,129,MASSILIA (AVENUE DE),,,Plein jour,En agglomération,Intersection en X,Pluie légère,Deux véhicules - côté,,,,,,,,,,,1,2,2,2,3
200600067105,0006-11-18 22:05:00,6,11,18,22,5,340,172,VALLOIS (RUE PROFESSEUR,,,Nuit avec éclairage allumé,En agglomération,Hors intersection,Normale,Autre collision,,,,,,,,,,,5,2,1,1,6
200600067106,0006-11-18 19:35:00,6,11,18,19,35,340,172,EUROPE (AVENUE DE L'),,,Nuit avec éclairage allumé,En agglomération,Hors intersection,Normale,Sans collision,,,,,,,,,,,5,2,1,1,7
200600067107,0006-11-20 20:08:00,6,11,20,20,8,340,172,"sans, NIMES (AVENUE DE)",,,Nuit avec éclairage allumé,En agglomération,Hors intersection,Normale,Deux véhicules - frontale,,,,,,,,,,,5,2,1,1,1
200600067108,0006-11-15 10:30:00,6,11,15,10,30,340,172,SAINT LOUIS (RUE),,,Plein jour,En agglomération,Hors intersection,Normale,Autre collision,,,,,,,,,,,1,2,1,1,6
200600067109,0006-11-20 10:00:00,6,11,20,10,0,340,172,"2, AVILER (PLACE D')",,,Plein jour,En agglomération,Intersection en X,Normale,Deux véhicules - côté,,,,,,,,,,,1,2,2,1,3
200600067110,0006-11-21 08:15:00,6,11,21,8,15,340,129,PALAVAS D986 (ROUTE DE),,,Plein jour,Hors agglomération,Hors intersection,Normale,Trois véhicules et plus - en chaîne,,,,,,,,,,,1,1,1,1,4
200600067111,0006-11-21 08:08:00,6,11,21,8,8,340,198,"29, MONTPELLIER (AVENUE",,,Plein jour,En agglomération,Hors intersection,Temps couvert,Sans collision,,,,,,,,,,,1,2,1,8,7
200600067112,0006-11-21 14:10:00,6,11,21,14,10,340,172,"22, MARRES (RUE PAUL)",,,Plein jour,En agglomération,Hors intersection,Normale,Autre collision,,,,,,,,,,,1,2,1,1,6
200600067113,0006-11-21 17:30:00,6,11,21,17,30,340,172,TOULOUSE (AVENUE DE,,,Nuit avec éclairage allumé,En agglomération,Hors intersection,Pluie légère,Deux véhicules - côté,,,,,,,,,,,5,2,1,2,3
200600067114,0006-11-21 18:20:00,6,11,21,18,20,340,172,"145, JUSTICE DE CASTELNA",,,Nuit avec éclairage allumé,En agglomération,Hors intersection,Temps couvert,Deux véhicules - côté,,,,,,,,,,,5,2,1,8,3
200600067115,0006-11-22 07:30:00,6,11,22,7,30,340,172,"3320, VALERY (BOULEVARD",,,Crépuscule ou aube,En agglomération,Hors intersection,Normale,Autre collision,,,,,,,,,,,2,2,1,1,6
200600067116,0006-11-22 17:35:00,6,11,22,17,35,340,172,"1243, PIC SAINT LOUP (AV",,,Nuit avec éclairage allumé,En agglomération,Hors intersection,Normale,Deux véhicules - côté,,,,,,,,,,,5,2,1,1,3
200600067117,0006-11-22 23:24:00,6,11,22,23,24,340,172,COLOMB (PLACE CHRISTOPHE,,,Nuit avec éclairage allumé,En agglomération,Intersection en T,Temps couvert,Deux véhicules - côté,,,,,,,,,,,5,2,3,8,3
200600067118,0006-11-21 17:50:00,6,11,21,17,50,340,172,CARRIEU (RUE MARIUS),,,Nuit avec éclairage allumé,En agglomération,Intersection en Y,Pluie légère,Deux véhicules - côté,,,,,,,,,,,5,2,4,2,3
200600067119,0006-11-23 08:51:00,6,11,23,8,51,340,172,BALANCES (RUE DES),,,Plein jour,En agglomération,Intersection en X,Normale,Deux véhicules - côté,,,,,,,,,,,1,2,2,1,3
200600067120,0006-11-22 20:30:00,6,11,22,20,30,340,172,LODEVE (AVENUE DE,,,Nuit avec éclairage allumé,En agglomération,Intersection en T,Pluie forte,Deux véhicules - arrière,,,,,,,,,,,5,2,3,3,2
200600067121,0006-11-13 09:12:00,6,11,13,9,12,340,172,CASTELNAU (AVENUE DE),,,Plein jour,En agglomération,Intersection en T,Normale,Sans collision,,,,,,,,,,,1,2,3,1,7
200600067122,0006-11-24 19:45:00,6,11,24,19,45,340,172,PIREE (AVENUE DU),,,Nuit avec éclairage allumé,En agglomération,Intersection en X,Temps couvert,Sans collision,,,,,,,,,,,5,2,2,8,7
200600067123,0006-11-24 16:37:00,6,11,24,16,37,340,172,INDUSTRIE (RUE DE L'),,,Plein jour,En agglomération,Intersection en X,Temps couvert,Deux véhicules - côté,,,,,,,,,,,1,2,2,8,3
200600067124,0006-11-24 19:28:00,6,11,24,19,28,340,172,"SANS N°, LIBERTE (AVENUE",,,Nuit avec éclairage allumé,En agglomération,Hors intersection,Normale,Trois véhicules et plus - en chaîne,,,,,,,,,,,5,2,1,1,4
200600067125,0006-11-25 23:58:00,6,11,25,23,58,340,172,CARRIEU (RUE MARIUS),,,Nuit avec éclairage allumé,En agglomération,Intersection en X,Normale,Deux véhicules - côté,,,,,,,,,,,5,2,2,1,3
200600067126,0006-11-26 05:22:00,6,11,26,5,22,340,129,PALAVAS D986 (ROUTE DE),,,Nuit sans éclairage public,Hors agglomération,Hors intersection,Normale,Deux véhicules - arrière,,,,,,,,,,,3,1,1,1,2
200600067127,0006-11-27 22:15:00,6,11,27,22,15,340,172,NIMES (AVENUE DE),,,Nuit avec éclairage allumé,En agglomération,Intersection en T,Normale,Deux véhicules - côté,,,,,,,,,,,5,2,3,1,3
200600067128,0006-11-29 13:25:00,6,11,29,13,25,340,172,"sans N°, POMPIGNANE (AVE",,,Plein jour,En agglomération,Intersection en T,Normale,Deux véhicules - côté,,,,,,,,,,,1,2,3,1,3
200600067129,0006-11-30 13:40:00,6,11,30,13,40,340,172,"1247, RAVAZ (AVENUE DU P",,,Plein jour,En agglomération,Hors intersection,Normale,Sans collision,,,,,,,,,,,1,2,1,1,7
200600067130,0006-11-28 09:23:00,6,11,28,9,23,340,172,"37, NIMES (AVENUE DE)",,,Plein jour,En agglomération,Hors intersection,Normale,Deux véhicules - côté,,,,,,,,,,,1,2,1,1,3
200600067131,0006-11-28 22:37:00,6,11,28,22,37,340,172,"420, MOULARES (CHEMIN DE",,,Nuit avec éclairage allumé,En agglomération,Hors intersection,Normale,Sans collision,,,,,,,,,,,5,2,1,1,7
200600067132,0006-11-28 11:40:00,6,11,28,11,40,340,172,"sans, POSEIDON (RUE)",,,Plein jour,En agglomération,Hors intersection,Normale,Autre collision,,,,,,,,,,,1,2,1,1,6
200600067133,0006-11-29 11:50:00,6,11,29,11,50,340,172,RAVAZ (AVENUE DU PROFESS,,,Plein jour,En agglomération,Intersection en T,Normale,Deux véhicules - côté,,,,,,,,,,,1,2,3,1,3
200600067134,0006-11-01 15:25:00,6,11,1,15,25,340,301,"AUCUN, BLANC CAMILLE (BO",,,Plein jour,En agglomération,Hors intersection,Normale,Deux véhicules - côté,,,,,,,,,,,1,2,1,1,3
200600067135,0006-11-07 07:30:00,6,11,7,7,30,340,108,"aucun, RN300",,,Nuit avec éclairage allumé,Hors agglomération,Intersection en T,Normale,Deux véhicules - côté,,,,,,,,,,,5,1,3,1,3
200600067136,0006-11-10 17:40:00,6,11,10,17,40,340,301,"74, VILAR JEAN (RUE)",,,Nuit avec éclairage allumé,En agglomération,Hors intersection,Normale,Deux véhicules - frontale,,,,,,,,,,,5,2,1,1,1
200600067137,0006-11-13 16:30:00,6,11,13,16,30,340,301,"aucun, ROUTE NATIONALE 1",,,Plein jour,En agglomération,Hors intersection,Temps éblouissant,Autre collision,,,,,,,,,,,1,2,1,7,6
200600067138,0006-11-14 18:30:00,6,11,14,18,30,340,108,"aucun, 81ème R.I. (RUE D",,,Nuit avec éclairage allumé,En agglomération,Hors intersection,Normale,Deux véhicules - arrière,,,,,,,,,,,5,2,1,1,2
200600067139,0006-11-17 23:50:00,6,11,17,23,50,340,301,"720, VERDUN (BOULEVARD D",,,Nuit avec éclairage allumé,En agglomération,Hors intersection,Normale,Autre collision,,,,,,,,,,,5,2,1,1,6
200600067140,0006-11-22 15:45:00,6,11,22,15,45,340,108,"aucun, SCHWEITZER ALBERT",,,Plein jour,En agglomération,Intersection en T,Normale,Deux véhicules - côté,,,,,,,,,,,1,2,3,1,3
200600067141,0006-11-26 00:50:00,6,11,26,0,50,340,301,"aucun, SUQUET LEOPOLD (Q",,,Nuit avec éclairage allumé,En agglomération,Intersection en X,Normale,Deux véhicules - côté,,,,,,,,,,,5,2,2,1,3
200600067142,0006-11-20 13:25:00,6,11,20,13,25,350,150,D 706,,,Plein jour,Hors agglomération,Hors intersection,Pluie forte,Trois véhicules et plus - collisions multiples,,,,,,,,,,,1,1,1,3,5
200600067143,0006-11-25 16:25:00,6,11,25,16,25,350,115,"27, JAURES (BD JEAN)",,,Plein jour,En agglomération,Hors intersection,Normale,Deux véhicules - côté,,,,,,,,,,,1,2,1,1,3
200600067144,0006-11-03 13:35:00,6,11,3,13,35,350,238,"00, HERVE (BD GAETAN)",,,Plein jour,En agglomération,Giratoire,Normale,Deux véhicules - côté,,,,,,,,,,,1,2,6,1,3
200600067145,0006-11-03 20:20:00,6,11,3,20,20,350,238,"00, MONTS D'ARREE (AVENU",,,Nuit avec éclairage allumé,En agglomération,Giratoire,Normale,Autre collision,,,,,,,,,,,5,2,6,1,6
200600067146,0006-11-04 18:05:00,6,11,4,18,5,350,238,"248, NANTES (DE)",,,Crépuscule ou aube,En agglomération,Hors intersection,Normale,Autre collision,,,,,,,,,,,2,2,1,1,6
200600067147,0006-11-05 13:40:00,6,11,5,13,40,350,238,"18, TREGAIN (DE)",,,Plein jour,En agglomération,Hors intersection,Normale,Autre collision,,,,,,,,,,,1,2,1,1,6
200600067148,0006-11-06 15:55:00,6,11,6,15,55,350,238,"00, CUCILLE (AVENUE DE)",,,Plein jour,En agglomération,Giratoire,Temps éblouissant,Deux véhicules - côté,,,,,,,,,,,1,2,6,7,3
200600067149,0006-11-07 15:50:00,6,11,7,15,50,350,238,"00, CHESNAIS BEAUREGARD",,,Plein jour,En agglomération,Hors intersection,Temps couvert,Deux véhicules - arrière,,,,,,,,,,,1,2,1,8,2
200600067150,0006-11-08 10:15:00,6,11,8,10,15,350,238,"3, ESPAGNE (D')",,,Plein jour,En agglomération,Hors intersection,Normale,Autre collision,,,,,,,,,,,1,2,1,1,6
200600067151,0006-11-08 18:00:00,6,11,8,18,0,350,238,"00, YOUGOSLAVIE (BD DE)",,,Crépuscule ou aube,En agglomération,Giratoire,Normale,Deux véhicules - côté,,,,,,,,,,,2,2,6,1,3
200600067152,0006-11-09 17:35:00,6,11,9,17,35,350,238,"00, LIBERTE (BD DE LA)",,,Crépuscule ou aube,En agglomération,Hors intersection,Normale,Deux véhicules - côté,,,,,,,,,,,2,2,1,1,3
200600067153,0006-11-09 19:15:00,6,11,9,19,15,350,238,"01, BERGER (AVENUE GASTO",,,Nuit avec éclairage allumé,En agglomération,Hors intersection,Normale,Autre collision,,,,,,,,,,,5,2,1,1,6
200600067154,0006-11-09 19:00:00,6,11,9,19,0,350,238,"00, PORTE DU BLOSNE",,,Nuit sans éclairage public,Hors agglomération,Hors intersection,Normale,Autre collision,,,,,,,,,,,3,1,1,1,6
200600067155,0006-11-10 09:40:00,6,11,10,9,40,350,238,"00, LORIENT (DE)",,,Plein jour,En agglomération,Intersection en X,Normale,Deux véhicules - arrière,,,,,,,,,,,1,2,2,1,2
200600067156,0006-11-10 21:05:00,6,11,10,21,5,350,238,"00, PATTON (AVENUE DU GE",,,Nuit avec éclairage allumé,En agglomération,Intersection en X,Normale,Deux véhicules - côté,,,,,,,,,,,5,2,2,1,3
200600067157,0006-11-11 04:10:00,6,11,11,4,10,350,238,"26, SAINT-MARTIN (CANAL)",,,Nuit avec éclairage allumé,En agglomération,Hors intersection,Pluie légère,Autre collision,,,,,,,,,,,5,2,1,2,6
200600067158,0006-11-11 18:30:00,6,11,11,18,30,350,238,"00, COMBES (BD EMILE)",,,Nuit avec éclairage allumé,En agglomération,Intersection en T,Normale,Autre collision,,,,,,,,,,,5,2,3,1,6
200600067159,0006-11-13 07:45:00,6,11,13,7,45,350,238,"00, MAGINOT (AVENUE SERG",,,Crépuscule ou aube,En agglomération,Hors intersection,Pluie légère,Autre collision,,,,,,,,,,,2,2,1,2,6
200600067160,0006-11-13 08:00:00,6,11,13,8,0,350,55,"00, LOGES (RUE DES)",,,Plein jour,En agglomération,Giratoire,Pluie légère,Autre collision,,,,,,,,,,,1,2,6,2,6
200600067161,0006-11-13 12:30:00,6,11,13,12,30,350,238,"00, PATTON (AVENUE DU GE",,,Plein jour,En agglomération,Intersection en X,Pluie légère,Deux véhicules - côté,,,,,,,,,,,1,2,2,2,3
200600067162,0006-11-14 18:05:00,6,11,14,18,5,350,238,"00, GARE (PLACE DE LA)",,,Nuit avec éclairage allumé,En agglomération,Intersection en T,Pluie légère,Deux véhicules - côté,,,,,,,,,,,5,2,3,2,3
200600067163,0006-11-14 19:55:00,6,11,14,19,55,350,238,"35, MAGENTA (BD)",,,Nuit avec éclairage allumé,En agglomération,Hors intersection,Normale,Autre collision,,,,,,,,,,,5,2,1,1,6
200600067164,0006-11-16 08:00:00,6,11,16,8,0,350,238,"00, VALLES (JULES)",,,Crépuscule ou aube,En agglomération,Hors intersection,Normale,Deux véhicules - côté,,,,,,,,,,,2,2,1,1,3
200600067165,0006-11-16 08:10:00,6,11,16,8,10,350,238,"7, VOUZIERS (DE)",,,Crépuscule ou aube,En agglomération,Hors intersection,Temps couvert,Deux véhicules - côté,,,,,,,,,,,2,2,1,8,3
200600067166,0006-11-16 12:25:00,6,11,16,12,25,350,238,"00, CHATILLON (DE)",,,Plein jour,En agglomération,Intersection en T,Pluie légère,Deux véhicules - côté,,,,,,,,,,,1,2,3,2,3
200600067167,0006-11-16 17:42:00,6,11,16,17,42,350,238,"00, CLEMENCEAU (BD GEORG",,,Nuit avec éclairage allumé,En agglomération,Intersection en X,Pluie légère,Deux véhicules - côté,,,,,,,,,,,5,2,2,2,3
200600067168,0006-11-17 01:15:00,6,11,17,1,15,350,238,"00, DE LATTRE DE TASSIGN",,,Nuit avec éclairage allumé,En agglomération,Intersection en X,Normale,Deux véhicules - côté,,,,,,,,,,,5,2,2,1,3
200600067169,0006-11-17 00:15:00,6,11,17,0,15,350,238,"00, VALLES (JULES)",,,Nuit avec éclairage allumé,En agglomération,Hors intersection,Normale,Deux véhicules - côté,,,,,,,,,,,5,2,1,1,3
200600067170,0006-11-17 02:20:00,6,11,17,2,20,350,238,"00, SAINTE-ANNE (PLACE)",,,Nuit avec éclairage allumé,En agglomération,Hors intersection,Normale,Autre collision,,,,,,,,,,,5,2,1,1,6
200600067171,0006-11-17 04:00:00,6,11,17,4,0,350,238,"35, GUILLOUX (LOUIS)",,,Nuit avec éclairage allumé,En agglomération,Hors intersection,Normale,Autre collision,,,,,,,,,,,5,2,1,1,6
200600067172,0006-11-17 16:10:00,6,11,17,16,10,350,238,"00, POMMERAIS (RUE DE LA",,,Plein jour,En agglomération,Hors intersection,Pluie légère,Autre collision,,,,,,,,,,,1,2,1,2,6
200600067173,0006-11-18 12:35:00,6,11,18,12,35,350,238,"00, ARMORIQUE (BD D')",,,Plein jour,En agglomération,Intersection en X,Normale,Deux véhicules - arrière,,,,,,,,,,,1,2,2,1,2