accident_id,datetime,annee,mois,jour,heure,minute,departement,commune_insee,adresse,latitude,longitude,luminosite,agglomeration,intersection,meteo,collision,nb_vehicules,nb_usagers,nb_indemnes,nb_tues,nb_blesses_hosp,nb_blesses_legers,age_cond_1,age_cond_2,veh_type_cond_1,veh_type_cond_2,lum_code,agg_code,int_code,atm_code,col_code
200600067174,0006-11-18 17:15:00,6,11,18,17,15,350,238,"00, CHATEAUGIRON (DE)",,,Nuit avec éclairage allumé,En agglomération,Hors intersection,Normale,Deux véhicules - côté,,,,,,,,,,,5,2,1,1,3
200600067175,0006-11-18 18:45:00,6,11,18,18,45,350,238,"00, VILLEBOIS MAREUIL (B",,,Nuit avec éclairage allumé,En agglomération,Hors intersection,Temps couvert,Deux véhicules - arrière,,,,,,,,,,,5,2,1,8,2
200600067176,0006-11-18 18:46:00,6,11,18,18,46,350,238,"00, LECLERC (AVENUE DU G",,,Nuit avec éclairage allumé,En agglomération,Intersection en T,Normale,Deux véhicules - frontale,,,,,,,,,,,5,2,3,1,1
200600067177,0006-11-19 00:10:00,6,11,19,0,10,350,238,"00, THOMAS (ALBERT)",,,Nuit avec éclairage allumé,En agglomération,Hors intersection,Pluie légère,Sans collision,,,,,,,,,,,5,2,1,2,7
200600067178,0006-11-19 02:40:00,6,11,19,2,40,350,238,"00, GUINES (BD DE)",,,Nuit avec éclairage allumé,En agglomération,Intersection à plus de 4 branches,Pluie légère,Autre collision,,,,,,,,,,,5,2,5,2,6
200600067179,0006-11-19 10:35:00,6,11,19,10,35,350,238,"00, PATTON (AVENUE DU GE",,,Plein jour,En agglomération,Intersection en X,Normale,Deux véhicules - côté,,,,,,,,,,,1,2,2,1,3
200600067180,0006-11-20 15:25:00,6,11,20,15,25,350,238,"00, PORTE DE MAUREPAS",,,Plein jour,En agglomération,Hors intersection,Pluie forte,Sans collision,,,,,,,,,,,1,2,1,3,7
200600067181,0006-11-20 16:30:00,6,11,20,16,30,350,238,"323, NANTES (DE)",,,Plein jour,En agglomération,Hors intersection,Pluie légère,Autre collision,,,,,,,,,,,1,2,1,2,6
200600067182,0006-11-20 15:50:00,6,11,20,15,50,350,238,PORTE DE MAUREPAS,,,Plein jour,Hors agglomération,Hors intersection,Pluie légère,Trois véhicules et plus - en chaîne,,,,,,,,,,,1,1,1,2,4
200600067183,0006-11-21 13:45:00,6,11,21,13,45,350,238,"00, HORLOGE (DE L')",,,Plein jour,En agglomération,Intersection en X,Pluie légère,Deux véhicules - côté,,,,,,,,,,,1,2,2,2,3
200600067184,0006-11-21 13:35:00,6,11,21,13,35,350,238,"00, PAYS-BAS (AVENUE DES",,,Plein jour,En agglomération,Hors intersection,Pluie légère,Deux véhicules - côté,,,,,,,,,,,1,2,1,2,3
200600067185,0006-11-21 18:00:00,6,11,21,18,0,350,278,"00, RN 137",,,Nuit sans éclairage public,Hors agglomération,Hors intersection,Pluie légère,Autre collision,,,,,,,,,,,3,1,1,2,6
200600067186,0006-11-21 19:05:00,6,11,21,19,5,350,238,PORTE DE NANTES,,,Nuit sans éclairage public,Hors agglomération,Hors intersection,Pluie légère,Deux véhicules - arrière,,,,,,,,,,,3,1,1,2,2
200600067187,0006-11-21 20:30:00,6,11,21,20,30,350,238,"12, LAENNEC (BD RENE)",,,Nuit avec éclairage allumé,En agglomération,Hors intersection,Normale,Autre collision,,,,,,,,,,,5,2,1,1,6
200600067188,0006-11-22 13:33:00,6,11,22,13,33,350,238,"259, PATTON (AVENUE DU G",,,Plein jour,En agglomération,Hors intersection,Pluie forte,Sans collision,,,,,,,,,,,1,2,1,3,7
200600067189,0006-11-22 16:45:00,6,11,22,16,45,350,238,"00, PORTE DE MAUREPAS",,,Crépuscule ou aube,Hors agglomération,Hors intersection,Pluie forte,Autre collision,,,,,,,,,,,2,1,1,3,6
200600067190,0006-11-22 16:55:00,6,11,22,16,55,350,238,"48, CHATEAUGIRON (DE)",,,Crépuscule ou aube,En agglomération,Hors intersection,Pluie légère,Deux véhicules - arrière,,,,,,,,,,,2,2,1,2,2
200600067191,0006-11-22 22:15:00,6,11,22,22,15,350,238,"00, GRIMAULT (BD LEON)",,,Nuit avec éclairage allumé,En agglomération,Giratoire,Pluie légère,Autre collision,,,,,,,,,,,5,2,6,2,6
200600067192,0006-11-23 11:15:00,6,11,23,11,15,350,238,"159, LORIENT (DE)",,,Plein jour,En agglomération,Hors intersection,Pluie légère,Deux véhicules - frontale,,,,,,,,,,,1,2,1,2,1
200600067193,0006-11-24 05:30:00,6,11,24,5,30,350,238,"00, SAINT-MICHEL (PLACE)",,,Nuit avec éclairage allumé,En agglomération,Hors intersection,Pluie légère,Sans collision,,,,,,,,,,,5,2,1,2,7
200600067194,0006-11-25 14:30:00,6,11,25,14,30,350,238,"00, YOUGOSLAVIE (BD DE)",,,Plein jour,En agglomération,Intersection en T,Normale,Deux véhicules - côté,,,,,,,,,,,1,2,3,1,3
200600067195,0006-11-25 17:30:00,6,11,25,17,30,350,55,"00, LA HALLERAIS (LIEU D",,,Nuit avec éclairage allumé,En agglomération,Hors intersection,Normale,Sans collision,,,,,,,,,,,5,2,1,1,7
200600067196,0006-11-27 15:55:00,6,11,27,15,55,350,238,"00, CLOS COURTEL (DU)",,,Plein jour,En agglomération,Giratoire,Normale,Deux véhicules - côté,,,,,,,,,,,1,2,6,1,3
200600067197,0006-11-28 08:50:00,6,11,28,8,50,350,238,"00, ALMA (DE L')",,,Plein jour,En agglomération,Hors intersection,Pluie forte,Autre collision,,,,,,,,,,,1,2,1,3,6
200600067198,0006-11-28 14:05:00,6,11,28,14,5,350,238,"00, BERGER (AVENUE GASTO",,,Plein jour,En agglomération,Hors intersection,Normale,Trois véhicules et plus - en chaîne,,,,,,,,,,,1,2,1,1,4
200600067199,0006-11-28 14:10:00,6,11,28,14,10,350,238,"8, LEONARD (JACQUES)",,,Plein jour,En agglomération,Hors intersection,Normale,Sans collision,,,,,,,,,,,1,2,1,1,7
200600067200,0006-11-29 13:20:00,6,11,29,13,20,350,238,"00, GUILLOUX (LOUIS)",,,Plein jour,En agglomération,Intersection en T,Normale,Deux véhicules - côté,,,,,,,,,,,1,2,3,1,3
200600067201,0006-11-29 18:05:00,6,11,29,18,5,350,55,"00, BRETAGNE (RUE DE)",,,Crépuscule ou aube,En agglomération,Intersection en T,Normale,Autre collision,,,,,,,,,,,2,2,3,1,6
200600067202,0006-11-30 09:10:00,6,11,30,9,10,350,238,"8, LIBERTE (BD DE LA)",,,Plein jour,En agglomération,Hors intersection,Normale,Autre collision,,,,,,,,,,,1,2,1,1,6
200600067203,0006-11-30 23:55:00,6,11,30,23,55,350,238,"00, ARMORIQUE (BD D')",,,Nuit avec éclairage allumé,En agglomération,Hors intersection,Normale,Deux véhicules - côté,,,,,,,,,,,5,2,1,1,3
200600067204,0006-11-20 09:20:00,6,11,20,9,20,350,288,COUBERTIN PIERRE (RUE ),,,Plein jour,En agglomération,Hors intersection,Pluie légère,Autre collision,,,,,,,,,,,1,2,1,2,6
200600067205,0006-11-06 08:30:00,6,11,6,8,30,350,288,RUELLAN (SIX FRERES) RUE,,,Plein jour,En agglomération,Hors intersection,Normale,Sans collision,,,,,,,,,,,1,2,1,1,7
200600067206,0006-11-20 09:15:00,6,11,20,9,15,350,288,"38, CERTAIN  PIERRE (RUE",,,Plein jour,En agglomération,Hors intersection,Pluie légère,Autre collision,,,,,,,,,,,1,2,1,2,6
200600067207,0006-11-02 16:10:00,6,11,2,16,10,360,202,"0, OCCITANIE (AVENUE DE",,,Plein jour,Hors agglomération,Hors intersection,Normale,Trois véhicules et plus - collisions multiples,,,,,,,,,,,1,1,1,1,5
200600067208,0006-11-07 18:40:00,6,11,7,18,40,360,44,"107, LEMOINE (AV MARCEL)",,,Nuit avec éclairage allumé,Hors agglomération,Hors intersection,Normale,Deux véhicules - côté,,,,,,,,,,,5,1,1,1,3
200600067209,0006-11-22 18:15:00,6,11,22,18,15,360,44,"0, SAND (BD GEORGE)",,,Nuit avec éclairage allumé,En agglomération,Intersection en X,Pluie légère,Deux véhicules - côté,,,,,,,,,,,5,2,2,2,3
200600067210,0006-11-29 19:00:00,6,11,29,19,0,360,44,PAGES (AV DU CHAMPS AUX),,,Nuit avec éclairage allumé,En agglomération,Intersection en X,Normale,Deux véhicules - côté,,,,,,,,,,,5,2,2,1,3
200600067211,0006-11-24 07:20:00,6,11,24,7,20,360,44,RN 20 ROUTE DE VELLES -,,,Nuit avec éclairage allumé,En agglomération,Intersection en X,Pluie forte,Deux véhicules - frontale,,,,,,,,,,,5,2,2,3,1
200600067212,0006-11-04 19:40:00,6,11,4,19,40,360,159,"0, VARENNES (ROUTE DE)",,,Nuit sans éclairage public,Hors agglomération,Hors intersection,Normale,Sans collision,,,,,,,,,,,3,1,1,1,7
200600067213,0006-11-11 19:07:00,6,11,11,19,7,360,44,"94, LEMOINE (AV MARCEL)",,,Crépuscule ou aube,En agglomération,Hors intersection,Pluie légère,Deux véhicules - côté,,,,,,,,,,,2,2,1,2,3
200600067214,0006-11-19 20:00:00,6,11,19,20,0,360,44,SAND (BD GEORGE),,,Nuit avec éclairage allumé,En agglomération,Intersection en X,Normale,Deux véhicules - côté,,,,,,,,,,,5,2,2,1,3
200600067215,0006-11-25 01:00:00,6,11,25,1,0,360,44,"25, LEMOINE (AV MARCEL)",,,Nuit avec éclairage allumé,En agglomération,Hors intersection,Normale,Sans collision,,,,,,,,,,,5,2,1,1,7
200600067216,0006-11-27 07:45:00,6,11,27,7,45,360,63,RN20 ROND POINT MARTINER,,,Crépuscule ou aube,Hors agglomération,Hors intersection,Temps couvert,Trois véhicules et plus - en chaîne,,,,,,,,,,,2,1,1,8,4
200600067217,0006-11-28 18:13:00,6,11,28,18,13,360,44,LUC (ST),,,Crépuscule ou aube,En agglomération,Hors intersection,Normale,Sans collision,,,,,,,,,,,2,2,1,1,7
200600067218,0006-11-29 10:00:00,6,11,29,10,0,360,44,"76, ARGENTON (AV D')",,,Plein jour,En agglomération,Hors intersection,Pluie légère,Sans collision,,,,,,,,,,,1,2,1,2,7
200600067219,0006-11-30 18:05:00,6,11,30,18,5,360,44,VERDUN (AV DE),,,Crépuscule ou aube,En agglomération,Hors intersection,Normale,Sans collision,,,,,,,,,,,2,2,1,1,7
200600067220,0006-11-06 15:05:00,6,11,6,15,5,370,261,"43, NERICAULT DESTOUCHES",,,Plein jour,En agglomération,Hors intersection,Normale,Autre collision,,,,,,,,,,,1,2,1,1,6
200600067221,0006-11-06 11:45:00,6,11,6,11,45,370,261,CHANTEPIE (RUE DE),,,Plein jour,En agglomération,Hors intersection,Normale,Autre collision,,,,,,,,,,,1,2,1,1,6
200600067222,0006-11-09 12:15:00,6,11,9,12,15,370,261,EIFFEL (AVENUE GUSTAVE),,,Plein jour,En agglomération,Intersection en X,Normale,Deux véhicules - côté,,,,,,,,,,,1,2,2,1,3
200600067223,0006-11-08 18:30:00,6,11,8,18,30,370,195,PERIPHERIQUE OUEST,,,Nuit sans éclairage public,Hors agglomération,Hors intersection,Normale,Deux véhicules - arrière,,,,,,,,,,,3,1,1,1,2
200600067224,0006-11-10 07:00:00,6,11,10,7,0,370,261,MONTREUIL BELLAY (RUE DE,,,Crépuscule ou aube,En agglomération,Hors intersection,Normale,Autre collision,,,,,,,,,,,2,2,1,1,6
200600067225,0006-11-14 19:40:00,6,11,14,19,40,370,261,HERPIN (RUE DU DOCTEUR),,,Crépuscule ou aube,En agglomération,Hors intersection,Normale,Autre collision,,,,,,,,,,,2,2,1,1,6
200600067226,0006-11-10 19:30:00,6,11,10,19,30,370,261,PROUDHON (AVENUE),,,Nuit avec éclairage non allumé,En agglomération,Intersection en T,Normale,Trois véhicules et plus - en chaîne,,,,,,,,,,,4,2,3,1,4
200600067227,0006-11-12 11:00:00,6,11,12,11,0,370,261,"01, WALVEIN (RUE)",,,Plein jour,En agglomération,Hors intersection,Normale,Deux véhicules - côté,,,,,,,,,,,1,2,1,1,3
200600067228,0006-11-12 18:00:00,6,11,12,18,0,370,261,", VAILLANT (RUE EDOUARD)",,,Nuit avec éclairage allumé,En agglomération,Intersection en T,Normale,Deux véhicules - côté,,,,,,,,,,,5,2,3,1,3
200600067229,0006-11-19 01:45:00,6,11,19,1,45,370,261,WILSON (PONT),,,Nuit avec éclairage allumé,En agglomération,Intersection en X,Pluie forte,Deux véhicules - côté,,,,,,,,,,,5,2,2,3,3
200600067230,0006-11-19 17:15:00,6,11,19,17,15,370,195,PERIPHERIQUE OUEST,,,Crépuscule ou aube,En agglomération,Hors intersection,Normale,Deux véhicules - arrière,,,,,,,,,,,2,2,1,1,2
200600067231,0006-11-22 13:45:00,6,11,22,13,45,370,261,"3, HEURTELOUP (BOULEVARD",,,Plein jour,En agglomération,Hors intersection,Pluie légère,Autre collision,,,,,,,,,,,1,2,1,2,6
200600067232,0006-11-22 17:10:00,6,11,22,17,10,370,261,PROUDHON (AVENUE),,,Nuit avec éclairage allumé,En agglomération,Intersection en T,Pluie légère,Deux véhicules - côté,,,,,,,,,,,5,2,3,2,3
200600067233,0006-11-23 20:10:00,6,11,23,20,10,370,261,MICHELIN (AVENUE EDOUARD,,,Nuit avec éclairage allumé,En agglomération,Hors intersection,Temps couvert,Autre collision,,,,,,,,,,,5,2,1,8,6
200600067234,0006-11-29 18:10:00,6,11,29,18,10,370,261,"101, TRANCHEE (AVENUE DE",,,Nuit avec éclairage allumé,En agglomération,Hors intersection,Normale,Deux véhicules - côté,,,,,,,,,,,5,2,1,1,3
200600067235,0006-11-18 19:25:00,6,11,18,19,25,370,261,"134, GRAMMONT (AVENUE DE",,,Nuit avec éclairage allumé,En agglomération,Hors intersection,Pluie légère,Autre collision,,,,,,,,,,,5,2,1,2,6
200600067236,0006-11-30 10:15:00,6,11,30,10,15,370,195,PERIPHERIQUE OUEST,,,Plein jour,Hors agglomération,Hors intersection,Normale,Trois véhicules et plus - collisions multiples,,,,,,,,,,,1,1,1,1,5
200600067237,0006-11-14 07:40:00,6,11,14,7,40,370,261,MOZART (AVENUE),,,Crépuscule ou aube,En agglomération,Hors intersection,Pluie légère,Deux véhicules - arrière,,,,,,,,,,,2,2,1,2,2
200600067238,0006-11-30 08:20:00,6,11,30,8,20,370,261,"93, DOUZILLIERE (RUE DE",,,Plein jour,En agglomération,Hors intersection,Normale,Deux véhicules - côté,,,,,,,,,,,1,2,1,1,3
200600067239,0006-11-01 16:15:00,6,11,1,16,15,380,169,"., CROIZAT (AVENUE A.)",,,Plein jour,En agglomération,Hors intersection,Normale,Deux véhicules - côté,,,,,,,,,,,1,2,1,1,3
200600067240,0006-11-02 10:00:00,6,11,2,10,0,380,382,AUTOROUTE,,,Plein jour,Hors agglomération,Hors intersection,Normale,Trois véhicules et plus - collisions multiples,,,,,,,,,,,1,1,1,1,5
200600067241,0006-11-02 12:40:00,6,11,2,12,40,380,185,A.480 (AUTOROUTE),,,Plein jour,Hors agglomération,Hors intersection,Normale,Deux véhicules - arrière,,,,,,,,,,,1,1,1,1,2
200600067242,0006-11-04 05:10:00,6,11,4,5,10,380,185,"00, PAIN (BOULEVARD)",,,Nuit avec éclairage allumé,En agglomération,Intersection en X,Normale,Deux véhicules - côté,,,,,,,,,,,5,2,2,1,3
200600067243,0006-11-04 02:00:00,6,11,4,2,0,380,185,"00, STENDHAL (RUE BEYLE)",,,Nuit avec éclairage allumé,En agglomération,Intersection en X,Normale,Deux véhicules - côté,,,,,,,,,,,5,2,2,1,3
200600067244,0006-11-04 18:45:00,6,11,4,18,45,380,185,"00, BALZAC (RUE H. DE)",,,Plein jour,En agglomération,Hors intersection,Normale,Autre collision,,,,,,,,,,,1,2,1,1,6
200600067245,0006-11-06 14:00:00,6,11,6,14,0,380,185,"00, CLAUDEL (RUE P.)",,,Plein jour,En agglomération,Hors intersection,Normale,Autre collision,,,,,,,,,,,1,2,1,1,6
200600067246,0006-11-06 14:40:00,6,11,6,14,40,380,185,"21, VALMY (AV. DE)",,,Plein jour,En agglomération,Hors intersection,Normale,Autre collision,,,,,,,,,,,1,2,1,1,6
200600067247,0006-11-07 10:20:00,6,11,7,10,20,380,421,"00, PERI(RUE G.)M.LEYSSI",,,Plein jour,En agglomération,Hors intersection,Normale,Autre collision,,,,,,,,,,,1,2,1,1,6
200600067248,0006-11-08 05:30:00,6,11,8,5,30,380,185,"00, GAMBETTA (BOULEVARD)",,,Nuit avec éclairage allumé,En agglomération,Intersection en X,Normale,Deux véhicules - côté,,,,,,,,,,,5,2,2,1,3
200600067249,0006-11-08 09:55:00,6,11,8,9,55,380,169,"00, ALPIGNANO (RUE D')",,,Plein jour,En agglomération,Intersection en X,Normale,Deux véhicules - côté,,,,,,,,,,,1,2,2,1,3
200600067250,0006-11-09 08:10:00,6,11,9,8,10,380,185,"00, GENIN (RUE CL.)",,,Plein jour,En agglomération,Hors intersection,Normale,Deux véhicules - frontale,,,,,,,,,,,1,2,1,1,1
200600067251,0006-11-09 10:53:00,6,11,9,10,53,380,169,"., PAIN (RUE J.)(1 A 9/2",,,Plein jour,En agglomération,Intersection en X,Normale,Autre collision,,,,,,,,,,,1,2,2,1,6
200600067252,0006-11-09 18:00:00,6,11,9,18,0,380,185,"., ESMONIN (AVENUE ED.)",,,Nuit avec éclairage allumé,En agglomération,Hors intersection,Normale,Sans collision,,,,,,,,,,,5,2,1,1,7
200600067253,0006-11-10 18:15:00,6,11,10,18,15,380,158,RN.87,,,Nuit avec éclairage allumé,En agglomération,Hors intersection,Normale,Trois véhicules et plus - en chaîne,,,,,,,,,,,5,2,1,1,4
200600067254,0006-11-11 10:44:00,6,11,11,10,44,380,421,RN. 87,,,Plein jour,En agglomération,Hors intersection,Normale,Deux véhicules - côté,,,,,,,,,,,1,2,1,1,3
200600067255,0006-11-14 13:30:00,6,11,14,13,30,380,185,"., GAMBETTA (BOULEVARD)",,,Plein jour,En agglomération,Intersection en X,Normale,Autre collision,,,,,,,,,,,1,2,2,1,6
200600067256,0006-11-14 20:00:00,6,11,14,20,0,380,185,"51, FOCH (BOULEVARD MAL)",,,Nuit avec éclairage allumé,En agglomération,Hors intersection,Normale,Autre collision,,,,,,,,,,,5,2,1,1,6
200600067257,0006-11-15 22:30:00,6,11,15,22,30,380,423,A.48 (AUTOROUTE),,,Nuit sans éclairage public,Hors agglomération,Intersection en Y,Normale,Trois véhicules et plus - en chaîne,,,,,,,,,,,3,1,4,1,4
200600067258,0006-11-15 17:40:00,6,11,15,17,40,380,169,"., VERCORS (PONT DU)",,,Nuit avec éclairage allumé,En agglomération,Hors intersection,Normale,Deux véhicules - côté,,,,,,,,,,,5,2,1,1,3
200600067259,0006-11-16 11:45:00,6,11,16,11,45,380,151,"., NORMANDIE NIEMEN RUE)",,,Plein jour,En agglomération,Intersection en T,Normale,Deux véhicules - côté,,,,,,,,,,,1,2,3,1,3
200600067260,0006-11-16 16:40:00,6,11,16,16,40,380,151,"173, JAURES        (COUR",,,Plein jour,En agglomération,Intersection en T,Normale,Deux véhicules - côté,,,,,,,,,,,1,2,3,1,3
200600067261,0006-11-17 18:30:00,6,11,17,18,30,380,185,"00, VERDUN (PLACE)",,,Nuit avec éclairage allumé,En agglomération,Hors intersection,Pluie légère,Autre collision,,,,,,,,,,,5,2,1,2,6
200600067262,0006-11-17 20:30:00,6,11,17,20,30,380,421,"00, CAYRIER (RUE)",,,Nuit avec éclairage allumé,En agglomération,Intersection en X,Pluie légère,Deux véhicules - côté,,,,,,,,,,,5,2,2,2,3
200600067263,0006-11-18 15:50:00,6,11,18,15,50,380,516,"00, CHARTREUSE (ROUTE DE",,,Plein jour,En agglomération,Hors intersection,Normale,Deux véhicules - côté,,,,,,,,,,,1,2,1,1,3
200600067264,0006-11-18 17:55:00,6,11,18,17,55,380,185,"37, VALLIER (BOULEVARD J",,,Nuit avec éclairage allumé,En agglomération,Hors intersection,Normale,Autre collision,,,,,,,,,,,5,2,1,1,6
200600067265,0006-11-18 18:25:00,6,11,18,18,25,380,185,"5, LIBERATION (COURS)",,,Nuit avec éclairage allumé,En agglomération,Hors intersection,Normale,Deux véhicules - côté,,,,,,,,,,,5,2,1,1,3
200600067266,0006-11-19 16:30:00,6,11,19,16,30,380,185,"00, BERTHELOT (AV. M.)MA",,,Plein jour,En agglomération,Hors intersection,Pluie légère,Deux véhicules - côté,,,,,,,,,,,1,2,1,2,3
200600067267,0006-11-20 15:00:00,6,11,20,15,0,380,185,"00, THIERS (RUE)",,,Plein jour,En agglomération,Hors intersection,Normale,Autre collision,,,,,,,,,,,1,2,1,1,6
200600067268,0006-11-20 17:45:00,6,11,20,17,45,380,185,"00, MARTYRS (AV. DES)",,,Nuit avec éclairage allumé,En agglomération,Hors intersection,Normale,Deux véhicules - côté,,,,,,,,,,,5,2,1,1,3
200600067269,0006-11-21 07:03:00,6,11,21,7,3,380,516,"00, MAQUIS DU GRESIVAUDA",,,Nuit avec éclairage allumé,En agglomération,Hors intersection,Pluie légère,Autre collision,,,,,,,,,,,5,2,1,2,6
200600067270,0006-11-21 07:30:00,6,11,21,7,30,380,185,"00, SEMBAT (BOULEVARD A.",,,Crépuscule ou aube,En agglomération,Hors intersection,Pluie légère,Autre collision,,,,,,,,,,,2,2,1,2,6
200600067271,0006-11-21 10:30:00,6,11,21,10,30,380,516,"., VERDUN(AV. DE)EST PAS",,,Plein jour,En agglomération,Hors intersection,Normale,Deux véhicules - arrière,,,,,,,,,,,1,2,1,1,2
200600067272,0006-11-21 17:15:00,6,11,21,17,15,380,421,"., GALILEE (RUE)",,,Nuit avec éclairage allumé,En agglomération,Intersection en X,Pluie légère,Deux véhicules - côté,,,,,,,,,,,5,2,2,2,3
200600067273,0006-11-21 21:15:00,6,11,21,21,15,380,185,"10, CARDINAL LE CAMUS (R",,,Nuit avec éclairage allumé,En agglomération,Hors intersection,Pluie légère,Autre collision,,,,,,,,,,,5,2,1,2,6
200600067274,0006-11-22 08:00:00,6,11,22,8,0,380,179,"., COMBE (AVENUE DE LA )",,,Nuit sans éclairage public,Hors agglomération,Hors intersection,Normale,Deux véhicules - frontale,,,,,,,,,,,3,1,1,1,1
200600067275,0006-11-22 09:50:00,6,11,22,9,50,380,185,"., GAMBETTA (BOULEVARD)",,,Plein jour,En agglomération,Intersection en X,Normale,Deux véhicules - frontale,,,,,,,,,,,1,2,2,1,1
200600067276,0006-11-23 05:35:00,6,11,23,5,35,380,185,RN87,,,Nuit avec éclairage allumé,En agglomération,Hors intersection,Normale,Trois véhicules et plus - collisions multiples,,,,,,,,,,,5,2,1,1,5
200600067277,0006-11-23 14:10:00,6,11,23,14,10,380,185,"11, PAIN (BOULEVARD)",,,Plein jour,En agglomération,Hors intersection,Normale,Deux véhicules - côté,,,,,,,,,,,1,2,1,1,3
200600067278,0006-11-23 19:00:00,6,11,23,19,0,380,185,"., MALHERBE(AV.)(M.BERTH",,,Nuit avec éclairage allumé,En agglomération,Intersection en X,Normale,Deux véhicules - côté,,,,,,,,,,,5,2,2,1,3
200600067279,0006-11-24 10:00:00,6,11,24,10,0,380,185,"43, LESDIGUIERES (RUE)",,,Plein jour,En agglomération,Hors intersection,Normale,Autre collision,,,,,,,,,,,1,2,1,1,6
200600067280,0006-11-28 08:30:00,6,11,28,8,30,380,185,"., STALINGRAD (RUE DE)",,,Plein jour,En agglomération,Intersection en T,Normale,Deux véhicules - côté,,,,,,,,,,,1,2,3,1,3
200600067281,0006-11-28 09:10:00,6,11,28,9,10,380,185,"66, FOCH (BOULEVARD MAL.",,,Plein jour,En agglomération,Hors intersection,Normale,Autre collision,,,,,,,,,,,1,2,1,1,6
200600067282,0006-11-28 10:00:00,6,11,28,10,0,380,185,"7, COCAT (AVENUE P.)",,,Plein jour,En agglomération,Hors intersection,Normale,Autre collision,,,,,,,,,,,1,2,1,1,6
200600067283,0006-11-28 12:00:00,6,11,28,12,0,380,421,"189, CROIZAT (AV. A.)(A.",,,Plein jour,En agglomération,Hors intersection,Normale,Autre collision,,,,,,,,,,,1,2,1,1,6
200600067284,0006-11-29 12:10:00,6,11,29,12,10,380,185,"00, ARGOUGES (RUE A.)",,,Plein jour,En agglomération,Hors intersection,Pluie légère,Autre collision,,,,,,,,,,,1,2,1,2,6
200600067285,0006-11-30 07:45:00,6,11,30,7,45,380,185,"00, PAIN (BOULEVARD)",,,Plein jour,En agglomération,Hors intersection,Normale,Trois véhicules et plus - collisions multiples,,,,,,,,,,,1,2,1,1,5
200600067286,0006-11-17 09:15:00,6,11,17,9,15,380,544,"21, BRILLIER(COUR)",,,Plein jour,En agglomération,Intersection en T,Pluie forte,Autre collision,,,,,,,,,,,1,2,3,3,6
200600067287,0006-11-01 15:10:00,6,11,1,15,10,380,563,"0, QUATRE SEPTEMBRE (BOU",,,Plein jour,En agglomération,Hors intersection,Normale,Sans collision,,,,,,,,,,,1,2,1,1,7
200600067288,0006-11-11 22:00:00,6,11,11,22,0,380,563,"00, BRUNERIE (AVENUE DE",,,Nuit avec éclairage allumé,En agglomération,Giratoire,Pluie légère,Deux véhicules - arrière,,,,,,,,,,,5,2,6,2,2
200600067289,0006-11-24 12:10:00,6,11,24,12,10,380,563,"9, TARDY (AVENUE L. ET J",,,Plein jour,En agglomération,Hors intersection,Normale,Deux véhicules - côté,,,,,,,,,,,1,2,1,1,3
200600067290,0006-11-23 06:43:00,6,11,23,6,43,390,198,"0, LAHR (AVENUE DE)",,,Nuit avec éclairage allumé,En agglomération,Hors intersection,Temps couvert,Deux véhicules - arrière,,,,,,,,,,,5,2,1,8,2
200600067291,0006-11-05 15:40:00,6,11,5,15,40,400,279,LIBERTE (AVE DE LA),,,Plein jour,En agglomération,Hors intersection,Normale,Deux véhicules - côté,,,,,,,,,,,1,2,1,1,3
200600067292,0006-11-08 14:00:00,6,11,8,14,0,400,279,TAMBOUR (RUE DU),,,Plein jour,Hors agglomération,Hors intersection,Normale,Deux véhicules - côté,,,,,,,,,,,1,1,1,1,3
200600067293,0006-11-09 08:16:00,6,11,9,8,16,400,279,BEL AIR (RUE),,,Plein jour,Hors agglomération,Hors intersection,Normale,Autre collision,,,,,,,,,,,1,1,1,1,6
200600067294,0006-11-16 18:30:00,6,11,16,18,30,400,279,FOCH (AVENUE DU MARECHAL,,,Nuit avec éclairage allumé,En agglomération,Hors intersection,Pluie légère,Deux véhicules - côté,,,,,,,,,,,5,2,1,2,3
200600067295,0006-11-16 15:00:00,6,11,16,15,0,400,279,"289, SAINT-VINCENT DE PA",,,Plein jour,En agglomération,Hors intersection,Temps couvert,Deux véhicules - côté,,,,,,,,,,,1,2,1,8,3
200600067296,0006-11-17 08:01:00,6,11,17,8,1,400,279,PIERRE BENOIT (RUE),,,Crépuscule ou aube,En agglomération,Hors intersection,Normale,Trois véhicules et plus - collisions multiples,,,,,,,,,,,2,2,1,1,5
200600067297,0006-11-26 19:20:00,6,11,26,19,20,400,88,"1, CLEMENCEAU (RUE GEORG",,,Nuit avec éclairage allumé,En agglomération,Place,Normale,Autre collision,,,,,,,,,,,5,2,7,1,6
200600067298,0006-11-30 07:15:00,6,11,30,7,15,400,88,ASPREMONT (RUE D') (PONT,,,Nuit avec éclairage allumé,En agglomération,Hors intersection,Normale,Deux véhicules - frontale,,,,,,,,,,,5,2,1,1,1
200600067299,0006-11-27 16:15:00,6,11,27,16,15,400,192,JAURES (AV JEAN),,,Plein jour,En agglomération,Intersection en X,Normale,Deux véhicules - côté,,,,,,,,,,,1,2,2,1,3
200600067300,0006-11-18 11:47:00,6,11,18,11,47,400,192,LACAZE (BD ANTOINE),,,Plein jour,En agglomération,Hors intersection,Normale,Autre collision,,,,,,,,,,,1,2,1,1,6