accident_id,datetime,annee,mois,jour,heure,minute,departement,commune_insee,adresse,latitude,longitude,luminosite,agglomeration,intersection,meteo,collision,nb_vehicules,nb_usagers,nb_indemnes,nb_tues,nb_blesses_hosp,nb_blesses_legers,age_cond_1,age_cond_2,veh_type_cond_1,veh_type_cond_2,lum_code,agg_code,int_code,atm_code,col_code
200600067820,0006-11-21 12:00:00,6,11,21,12,0,590,8,"02, BARBUSSE (RUE HENRI)",,,Plein jour,En agglomération,Hors intersection,Temps couvert,Deux véhicules - arrière,,,,,,,,,,,1,2,1,8,2
200600067821,0006-11-18 19:15:00,6,11,18,19,15,590,390,"29, 8 MAI 45 (AVENUE DU)",,,Nuit avec éclairage allumé,En agglomération,Hors intersection,Normale,Deux véhicules - côté,,,,,,,,,,,5,2,1,1,3
200600067822,0006-11-17 12:05:00,6,11,17,12,5,590,317,"1, PAVE DE LA CHAPELLE",,,Nuit avec éclairage allumé,En agglomération,Intersection en X,Normale,Autre collision,,,,,,,,,,,5,2,2,1,6
200600067823,0006-11-17 20:00:00,6,11,17,20,0,590,17,"141, LEBLEU (RUE JULES )",,,Nuit avec éclairage allumé,En agglomération,Hors intersection,Normale,Autre collision,,,,,,,,,,,5,2,1,1,6
200600067824,0006-11-17 15:40:00,6,11,17,15,40,590,33,"55, MAUBEUGE (RUE DE)",,,Plein jour,En agglomération,Hors intersection,Normale,Deux véhicules - côté,,,,,,,,,,,1,2,1,1,3
200600067825,0006-11-17 23:10:00,6,11,17,23,10,590,43,"313, VIEUX CHEMIN DE LIL",,,Nuit sans éclairage public,Hors agglomération,Hors intersection,Normale,Sans collision,,,,,,,,,,,3,1,1,1,7
200600067826,0006-11-12 18:43:00,6,11,12,18,43,590,122,FEUTRIERS (RUE DES),,,Crépuscule ou aube,En agglomération,Intersection en X,Normale,Deux véhicules - frontale,,,,,,,,,,,2,2,2,1,1
200600067827,0006-11-27 19:50:00,6,11,27,19,50,590,428,"47, HUIT MAI 1945 (RUE D",,,Nuit avec éclairage allumé,En agglomération,Hors intersection,Normale,Deux véhicules - frontale,,,,,,,,,,,5,2,1,1,1
200600067828,0006-11-03 17:40:00,6,11,3,17,40,590,444,DELCOURT (RUE PIERRE ),,,Plein jour,En agglomération,Intersection en T,Pluie légère,Deux véhicules - côté,,,,,,,,,,,1,2,3,2,3
200600067829,0006-11-04 19:05:00,6,11,4,19,5,590,616,"545, BETH (RUE RENE )",,,Nuit avec éclairage allumé,En agglomération,Hors intersection,Pluie légère,Autre collision,,,,,,,,,,,5,2,1,2,6
200600067830,0006-11-29 15:55:00,6,11,29,15,55,590,253,"253, LOUBRY (RUE EDGARD",,,Plein jour,En agglomération,Hors intersection,Normale,Deux véhicules - côté,,,,,,,,,,,1,2,1,1,3
200600067831,0006-11-14 13:30:00,6,11,14,13,30,590,361,"0, CARNOT (R.)",,,Plein jour,En agglomération,Intersection en T,Normale,Deux véhicules - côté,,,,,,,,,,,1,2,3,1,3
200600067832,0006-11-18 14:50:00,6,11,18,14,50,590,504,"1, JAURES (R. JEAN)",,,Plein jour,En agglomération,Hors intersection,Normale,Autre collision,,,,,,,,,,,1,2,1,1,6
200600067833,0006-11-11 15:35:00,6,11,11,15,35,590,178,ROUBAIX (RUE DE),,,Plein jour,En agglomération,Giratoire,Normale,Deux véhicules - côté,,,,,,,,,,,1,2,6,1,3
200600067834,0006-11-14 11:25:00,6,11,14,11,25,590,178,MOUDREURS (RUE DES),,,Plein jour,En agglomération,Intersection en T,Normale,Autre collision,,,,,,,,,,,1,2,3,1,6
200600067835,0006-11-02 16:40:00,6,11,2,16,40,590,540,"0.000, AURORE - BOULEVAR",,,Plein jour,Hors agglomération,Hors intersection,Normale,Autre collision,,,,,,,,,,,1,1,1,1,6
200600067836,0006-11-04 18:50:00,6,11,4,18,50,590,183,"0.000, MARDYCK - QUAI",,,Nuit avec éclairage allumé,En agglomération,Hors intersection,Normale,Deux véhicules - frontale,,,,,,,,,,,5,2,1,1,1
200600067837,0006-11-08 07:45:00,6,11,8,7,45,590,183,"0.000, PETITE-SYNTHE CD",,,Crépuscule ou aube,En agglomération,Hors intersection,Normale,Deux véhicules - côté,,,,,,,,,,,2,2,1,1,3
200600067838,0006-11-11 18:20:00,6,11,11,18,20,590,183,"0.000, BENELUX - AVENUE",,,Nuit avec éclairage allumé,En agglomération,Hors intersection,Normale,Deux véhicules - côté,,,,,,,,,,,5,2,1,1,3
200600067839,0006-11-09 11:45:00,6,11,9,11,45,590,540,"0.000, BERTEAUX MAURICE",,,Plein jour,En agglomération,Hors intersection,Normale,Autre collision,,,,,,,,,,,1,2,1,1,6
200600067840,0006-11-13 12:10:00,6,11,13,12,10,590,183,"0.000, GARENNES",,,Plein jour,En agglomération,Intersection en T,Normale,Deux véhicules - côté,,,,,,,,,,,1,2,3,1,3
200600067841,0006-11-13 06:30:00,6,11,13,6,30,590,183,"0.000, STADE - AVENUE",,,Nuit avec éclairage allumé,En agglomération,Hors intersection,Normale,Autre collision,,,,,,,,,,,5,2,1,1,6
200600067842,0006-11-15 11:50:00,6,11,15,11,50,590,540,"0.000, BERTEAUX MAURICE",,,Plein jour,En agglomération,Hors intersection,Normale,Autre collision,,,,,,,,,,,1,2,1,1,6
200600067843,0006-11-16 08:40:00,6,11,16,8,40,590,183,"21, FAIDHERBE - AVENUE",,,Plein jour,En agglomération,Hors intersection,Pluie légère,Autre collision,,,,,,,,,,,1,2,1,2,6
200600067844,0006-11-16 18:05:00,6,11,16,18,5,590,183,"0.000, DARSES - CHAUSSEE",,,Nuit avec éclairage non allumé,En agglomération,Hors intersection,Pluie forte,Deux véhicules - frontale,,,,,,,,,,,4,2,1,3,1
200600067845,0006-11-17 19:10:00,6,11,17,19,10,590,183,"0.000, HUGO VICTOR - BOU",,,Nuit avec éclairage allumé,En agglomération,Intersection en X,Normale,Deux véhicules - frontale,,,,,,,,,,,5,2,2,1,1
200600067846,0006-11-21 18:20:00,6,11,21,18,20,590,155,"0.000, BERGUES CD 916 -",,,Nuit avec éclairage allumé,En agglomération,Hors intersection,Normale,Deux véhicules - côté,,,,,,,,,,,5,2,1,1,3
200600067847,0006-11-21 11:15:00,6,11,21,11,15,590,183,"0.000, LIBERATION - AVEN",,,Plein jour,En agglomération,Hors intersection,Normale,Deux véhicules - côté,,,,,,,,,,,1,2,1,1,3
200600067848,0006-11-23 22:25:00,6,11,23,22,25,590,183,"0.000, ROYER",,,Nuit avec éclairage allumé,En agglomération,Intersection en X,Pluie forte,Deux véhicules - côté,,,,,,,,,,,5,2,2,3,3
200600067849,0006-11-23 18:50:00,6,11,23,18,50,590,183,"0.000, PARIS",,,Nuit avec éclairage allumé,En agglomération,Hors intersection,Pluie forte,Deux véhicules - côté,,,,,,,,,,,5,2,1,3,3
200600067850,0006-11-23 15:15:00,6,11,23,15,15,590,183,"0.000, SAINT OMER - QUAI",,,Plein jour,En agglomération,Hors intersection,Normale,Deux véhicules - côté,,,,,,,,,,,1,2,1,1,3
200600067851,0006-11-28 17:30:00,6,11,28,17,30,590,271,"0.000, SUWALKI - AVENUE",,,Nuit avec éclairage non allumé,En agglomération,Hors intersection,Pluie légère,Deux véhicules - côté,,,,,,,,,,,4,2,1,2,3
200600067852,0006-11-29 08:35:00,6,11,29,8,35,590,183,"0.09, VANGHELUWE ROBERT",,,Plein jour,En agglomération,Hors intersection,Normale,Autre collision,,,,,,,,,,,1,2,1,1,6
200600067853,0006-11-29 11:50:00,6,11,29,11,50,590,155,"0.000, 6 JUIN 1944 - AVE",,,Plein jour,En agglomération,Intersection en X,Normale,Deux véhicules - côté,,,,,,,,,,,1,2,2,1,3
200600067854,0006-11-12 11:00:00,6,11,12,11,0,590,249,"18, LABOURDETTE FELIX (R",,,Plein jour,En agglomération,Hors intersection,Normale,Sans collision,,,,,,,,,,,1,2,1,1,7
200600067855,0006-11-01 06:35:00,6,11,1,6,35,590,249,"53, MAIRE COPPEAUX (RUE",,,Nuit avec éclairage allumé,En agglomération,Hors intersection,Autre,Deux véhicules - côté,,,,,,,,,,,5,2,1,9,3
200600067856,0006-11-08 20:15:00,6,11,8,20,15,590,359,"138, POMPIDOU (RUE GEORG",,,Nuit avec éclairage allumé,En agglomération,Hors intersection,Pluie légère,Deux véhicules - côté,,,,,,,,,,,5,2,1,2,3
200600067857,0006-11-21 16:25:00,6,11,21,16,25,590,273,"73, JOUHAUX (AVENUE LEON",,,Plein jour,En agglomération,Hors intersection,Normale,Autre collision,,,,,,,,,,,1,2,1,1,6
200600067858,0006-11-23 07:25:00,6,11,23,7,25,590,295,DE LA GARE,,,Nuit sans éclairage public,En agglomération,Hors intersection,Pluie légère,Autre collision,,,,,,,,,,,3,2,1,2,6
200600067859,0006-11-12 15:20:00,6,11,12,15,20,590,324,"772, RAMPANAUX MOISE (RU",,,Plein jour,En agglomération,Hors intersection,Normale,Deux véhicules - frontale,,,,,,,,,,,1,2,1,1,1
200600067860,0006-11-02 06:00:00,6,11,2,6,0,590,9,FUSILLES RUE DES DU N°11,,,Crépuscule ou aube,En agglomération,Intersection en X,Pluie légère,Deux véhicules - côté,,,,,,,,,,,2,2,2,2,3
200600067861,0006-11-02 07:40:00,6,11,2,7,40,590,368,"68, DE GAULLE RUE DU GEN",,,Crépuscule ou aube,En agglomération,Hors intersection,Temps couvert,Autre collision,,,,,,,,,,,2,2,1,8,6
200600067862,0006-11-02 16:05:00,6,11,2,16,5,590,636,YPRES RUE D,,,Plein jour,En agglomération,Hors intersection,Pluie forte,Deux véhicules - arrière,,,,,,,,,,,1,2,1,3,2
200600067863,0006-11-02 19:55:00,6,11,2,19,55,590,328,"16, BONTE AUGUSTE RUE",,,Nuit avec éclairage allumé,En agglomération,Hors intersection,Pluie légère,Autre collision,,,,,,,,,,,5,2,1,2,6
200600067864,0006-11-03 15:15:00,6,11,3,15,15,590,220,BARBUSSE HENRI RUE,,,Plein jour,En agglomération,Giratoire,Normale,Deux véhicules - frontale,,,,,,,,,,,1,2,6,1,1
200600067865,0006-11-03 19:10:00,6,11,3,19,10,590,195,", ZONE COMMERCIALE",,,Nuit avec éclairage allumé,Hors agglomération,Hors intersection,Pluie forte,Autre collision,,,,,,,,,,,5,1,1,3,6
200600067866,0006-11-03 23:30:00,6,11,3,23,30,590,560,"41, LILLE ROUTE DE",,,Nuit sans éclairage public,En agglomération,Hors intersection,Normale,Autre collision,,,,,,,,,,,3,2,1,1,6
200600067867,0006-11-04 03:55:00,6,11,4,3,55,590,560,"Sans objet, MARTINSART R",,,Nuit sans éclairage public,En agglomération,Hors intersection,Pluie légère,Autre collision,,,,,,,,,,,3,2,1,2,6
200600067868,0006-11-05 15:00:00,6,11,5,15,0,590,9,"7, LABROUSSE RUE DES EPO",,,Plein jour,En agglomération,Intersection en T,Normale,Deux véhicules - côté,,,,,,,,,,,1,2,3,1,3
200600067869,0006-11-05 15:00:00,6,11,5,15,0,590,220,"00, LAVOISIER RUE",,,Plein jour,En agglomération,Intersection en T,Normale,Autre collision,,,,,,,,,,,1,2,3,1,6
200600067870,0006-11-06 07:50:00,6,11,6,7,50,590,350,"80, VAUBAN BOULEVARD N°",,,Plein jour,En agglomération,Hors intersection,Brouillard / fumée,Deux véhicules - côté,,,,,,,,,,,1,2,1,5,3
200600067871,0006-11-07 08:00:00,6,11,7,8,0,590,328,HIPPODROME AV DE L N°134,,,Plein jour,En agglomération,Hors intersection,Normale,Autre collision,,,,,,,,,,,1,2,1,1,6
200600067872,0006-11-07 17:45:00,6,11,7,17,45,590,560,"74, BOUVRY ROGER RUE",,,Nuit avec éclairage allumé,En agglomération,Hors intersection,Normale,Autre collision,,,,,,,,,,,5,2,1,1,6
200600067873,0006-11-08 08:40:00,6,11,8,8,40,590,350,GAND RUE,,,Plein jour,En agglomération,Hors intersection,Pluie légère,Sans collision,,,,,,,,,,,1,2,1,2,7
200600067874,0006-11-08 09:25:00,6,11,8,9,25,590,350,CHEMIN SAINT MARTIN RUE,,,Plein jour,En agglomération,Hors intersection,Normale,Deux véhicules - côté,,,,,,,,,,,1,2,1,1,3
200600067875,0006-11-08 18:10:00,6,11,8,18,10,590,470,"Sans objet, Route Nation",,,Nuit sans éclairage public,En agglomération,Hors intersection,Normale,Autre collision,,,,,,,,,,,3,2,1,1,6
200600067876,0006-11-08 19:30:00,6,11,8,19,30,590,368,"87, SAINT CHARLES RUE",,,Nuit avec éclairage allumé,En agglomération,Hors intersection,Normale,Autre collision,,,,,,,,,,,5,2,1,1,6
200600067877,0006-11-08 21:00:00,6,11,8,21,0,590,350,DUBUISSON EMILE BOULEVAR,,,Nuit avec éclairage allumé,En agglomération,Intersection en T,Normale,Deux véhicules - côté,,,,,,,,,,,5,2,3,1,3
200600067878,0006-11-09 00:40:00,6,11,9,0,40,590,527,"153, DE LATTRE TASSIGNY.",,,Nuit avec éclairage allumé,En agglomération,Hors intersection,Pluie légère,Autre collision,,,,,,,,,,,5,2,1,2,6
200600067879,0006-11-09 08:15:00,6,11,9,8,15,590,378,"08, NATIONALE RUE",,,Plein jour,En agglomération,Hors intersection,Temps couvert,Deux véhicules - arrière,,,,,,,,,,,1,2,1,8,2
200600067880,0006-11-11 11:50:00,6,11,11,11,50,590,350,"197 BIS, FAIDHERBE RUE",,,Plein jour,En agglomération,Hors intersection,Pluie légère,Autre collision,,,,,,,,,,,1,2,1,2,6
200600067881,0006-11-10 19:00:00,6,11,10,19,0,590,368,"Sans objet, POMPIDOU G.",,,Crépuscule ou aube,En agglomération,Hors intersection,Pluie légère,Autre collision,,,,,,,,,,,2,2,1,2,6
200600067882,0006-11-11 12:05:00,6,11,11,12,5,590,343,"2, JAURES JEAN RUE",,,Plein jour,En agglomération,Intersection en X,Normale,Autre collision,,,,,,,,,,,1,2,2,1,6
200600067883,0006-11-11 18:45:00,6,11,11,18,45,590,350,"Sans objet, NATIONALE RU",,,Nuit avec éclairage allumé,En agglomération,Hors intersection,Normale,Autre collision,,,,,,,,,,,5,2,1,1,6
200600067884,0006-11-12 17:25:00,6,11,12,17,25,590,350,"26, BALLON RUE DU",,,Crépuscule ou aube,En agglomération,Intersection en X,Normale,Autre collision,,,,,,,,,,,2,2,2,1,6
200600067885,0006-11-11 18:20:00,6,11,11,18,20,590,350,GUESDE JULES RUE,,,Crépuscule ou aube,En agglomération,Hors intersection,Temps couvert,Autre collision,,,,,,,,,,,2,2,1,8,6
200600067886,0006-11-12 19:10:00,6,11,12,19,10,590,378,"1002, REPUBLIQUE AV DE L",,,Nuit avec éclairage allumé,En agglomération,Intersection en X,Normale,Autre collision,,,,,,,,,,,5,2,2,1,6
200600067887,0006-11-13 16:20:00,6,11,13,16,20,590,350,FRANCE ANATOLE RUE,,,Plein jour,En agglomération,Intersection en X,Normale,Deux véhicules - côté,,,,,,,,,,,1,2,2,1,3
200600067888,0006-11-13 16:40:00,6,11,13,16,40,590,286,"226, CARNOT SADI RUE",,,Crépuscule ou aube,En agglomération,Hors intersection,Normale,Trois véhicules et plus - en chaîne,,,,,,,,,,,2,2,1,1,4
200600067889,0006-11-13 19:15:00,6,11,13,19,15,590,350,"Sans objet, BOUCHEE DESI",,,Nuit avec éclairage allumé,En agglomération,Intersection en X,Normale,Autre collision,,,,,,,,,,,5,2,2,1,6
200600067890,0006-11-13 19:00:00,6,11,13,19,0,590,350,FAUBOURG DE BETHUNE RUE,,,Crépuscule ou aube,En agglomération,Hors intersection,Normale,Autre collision,,,,,,,,,,,2,2,1,1,6
200600067891,0006-11-14 10:00:00,6,11,14,10,0,590,350,"73, CARNOT SADI BV. N° I",,,Plein jour,En agglomération,Intersection en X,Normale,Deux véhicules - côté,,,,,,,,,,,1,2,2,1,3
200600067892,0006-11-14 18:40:00,6,11,14,18,40,590,350,"83, MALSENCE RUE",,,Nuit avec éclairage allumé,En agglomération,Hors intersection,Temps couvert,Autre collision,,,,,,,,,,,5,2,1,8,6
200600067893,0006-11-15 10:30:00,6,11,15,10,30,590,328,LECLERC AVENUE DU MARECH,,,Plein jour,En agglomération,Hors intersection,Normale,Deux véhicules - arrière,,,,,,,,,,,1,2,1,1,2
200600067894,0006-11-17 08:25:00,6,11,17,8,25,590,350,"87, IENA RUE",,,Plein jour,En agglomération,Intersection en X,Normale,Autre collision,,,,,,,,,,,1,2,2,1,6
200600067895,0006-11-16 17:35:00,6,11,16,17,35,590,360,"27, FOCH RUE DU MARECHAL",,,Crépuscule ou aube,En agglomération,Hors intersection,Pluie légère,Autre collision,,,,,,,,,,,2,2,1,2,6
200600067896,0006-11-17 06:00:00,6,11,17,6,0,590,378,"55, BONPAIN RUE DE L'ABB",,,Nuit avec éclairage allumé,En agglomération,Hors intersection,Normale,Autre collision,,,,,,,,,,,5,2,1,1,6
200600067897,0006-11-17 13:20:00,6,11,17,13,20,590,350,"62, DESTAILLEURS RUE",,,Plein jour,En agglomération,Intersection en X,Normale,Deux véhicules - arrière,,,,,,,,,,,1,2,2,1,2
200600067898,0006-11-17 13:23:00,6,11,17,13,23,590,350,"130, MONTEBELLO BD PAIRS",,,Plein jour,En agglomération,Hors intersection,Normale,Deux véhicules - arrière,,,,,,,,,,,1,2,1,1,2
200600067899,0006-11-17 19:10:00,6,11,17,19,10,590,328,LILLE RUE DE,,,Nuit avec éclairage allumé,En agglomération,Hors intersection,Normale,Deux véhicules - côté,,,,,,,,,,,5,2,1,1,3
200600067900,0006-11-17 23:10:00,6,11,17,23,10,590,350,"39, 8 MAI 1945 RUE DU",,,Nuit avec éclairage allumé,En agglomération,Intersection en T,Pluie légère,Autre collision,,,,,,,,,,,5,2,3,2,6
200600067901,0006-11-18 16:15:00,6,11,18,16,15,590,350,DUEZ PAUL RUE,,,Plein jour,En agglomération,Intersection en X,Normale,Deux véhicules - côté,,,,,,,,,,,1,2,2,1,3
200600067902,0006-11-18 19:10:00,6,11,18,19,10,590,636,LECLERCQ RUE DU GENERAL,,,Plein jour,En agglomération,Hors intersection,Normale,Deux véhicules - côté,,,,,,,,,,,1,2,1,1,3
200600067903,0006-11-18 19:30:00,6,11,18,19,30,590,350,"Sans objet, TOURNAI PONT",,,Nuit sans éclairage public,En agglomération,Hors intersection,Normale,Autre collision,,,,,,,,,,,3,2,1,1,6
200600067904,0006-11-19 11:10:00,6,11,19,11,10,590,9,OUEST BOULEVARD DE L,,,Plein jour,En agglomération,Intersection en X,Normale,Deux véhicules - côté,,,,,,,,,,,1,2,2,1,3
200600067905,0006-11-13 12:50:00,6,11,13,12,50,590,368,REPUBLIQUE AVENUE DE LA,,,Plein jour,En agglomération,Hors intersection,Normale,Autre collision,,,,,,,,,,,1,2,1,1,6
200600067906,0006-11-20 18:15:00,6,11,20,18,15,590,350,"00, TOURNAI PONT DE",,,Nuit avec éclairage non allumé,En agglomération,Intersection en Y,Pluie légère,Deux véhicules - arrière,,,,,,,,,,,4,2,4,2,2
200600067907,0006-11-21 12:26:00,6,11,21,12,26,590,350,DOREZ BARTHELEMY PLACE,,,Plein jour,En agglomération,Hors intersection,Temps éblouissant,Deux véhicules - côté,,,,,,,,,,,1,2,1,7,3
200600067908,0006-11-21 09:05:00,6,11,21,9,5,590,350,CHAUDE RIVIERE RUE DE,,,Plein jour,En agglomération,Hors intersection,Temps couvert,Sans collision,,,,,,,,,,,1,2,1,8,7
200600067909,0006-11-21 09:30:00,6,11,21,9,30,590,378,"1, DUCROQUET RUE DU DOC.",,,Plein jour,En agglomération,Intersection en X,Normale,Autre collision,,,,,,,,,,,1,2,2,1,6
200600067910,0006-11-23 12:50:00,6,11,23,12,50,590,350,"26, ESPLANADE FACADE",,,Plein jour,En agglomération,Hors intersection,Pluie légère,Autre collision,,,,,,,,,,,1,2,1,2,6
200600067911,0006-11-23 18:15:00,6,11,23,18,15,590,378,"Sans objet, MARNE AVENUE",,,Nuit avec éclairage allumé,En agglomération,Hors intersection,Normale,Autre collision,,,,,,,,,,,5,2,1,1,6
200600067912,0006-11-24 00:32:00,6,11,24,0,32,590,350,"91, ROLAND RUE",,,Nuit avec éclairage allumé,En agglomération,Hors intersection,Normale,Autre collision,,,,,,,,,,,5,2,1,1,6
200600067913,0006-11-24 07:55:00,6,11,24,7,55,590,368,DE GAULLE RUE DU GENERAL,,,Crépuscule ou aube,En agglomération,Intersection en X,Normale,Deux véhicules - côté,,,,,,,,,,,2,2,2,1,3
200600067914,0006-11-24 09:00:00,6,11,24,9,0,590,648,"Sans objet, YSER RUE DE",,,Plein jour,En agglomération,Hors intersection,Normale,Autre collision,,,,,,,,,,,1,2,1,1,6
200600067915,0006-11-24 10:15:00,6,11,24,10,15,590,9,FLANDRE AVENUEE DE,,,Plein jour,En agglomération,Intersection en X,Normale,Deux véhicules - côté,,,,,,,,,,,1,2,2,1,3
200600067916,0006-11-27 14:50:00,6,11,27,14,50,590,350,ARTOIS RUE D N°83 A FIN-,,,Plein jour,En agglomération,Intersection en X,Normale,Autre collision,,,,,,,,,,,1,2,2,1,6
200600067917,0006-11-28 07:40:00,6,11,28,7,40,590,350,"79, FAUBOURG DE DOUAI N°",,,Plein jour,En agglomération,Hors intersection,Normale,Autre collision,,,,,,,,,,,1,2,1,1,6
200600067918,0006-11-28 11:15:00,6,11,28,11,15,590,350,"5, DEFRENNE ADOLPHE RUE",,,Plein jour,En agglomération,Intersection en X,Normale,Deux véhicules - côté,,,,,,,,,,,1,2,2,1,3
200600067919,0006-11-29 18:20:00,6,11,29,18,20,590,9,CHATELLENIE AVENUE DE LA,,,Nuit avec éclairage allumé,En agglomération,Hors intersection,Normale,Autre collision,,,,,,,,,,,5,2,1,1,6
200600067920,0006-11-29 09:00:00,6,11,29,9,0,590,350,"Sans objet, DUMON D'URVI",,,Plein jour,En agglomération,Intersection en X,Normale,Autre collision,,,,,,,,,,,1,2,2,1,6
200600067921,0006-11-29 10:30:00,6,11,29,10,30,590,195,"00, FOURNES RUE DE",,,Plein jour,En agglomération,Intersection en Y,Normale,Autre collision,,,,,,,,,,,1,2,4,1,6
200600067922,0006-11-29 20:40:00,6,11,29,20,40,590,350,"106, MONTEBELLO BD PAIRS",,,Nuit avec éclairage allumé,En agglomération,Intersection en T,Normale,Deux véhicules - côté,,,,,,,,,,,5,2,3,1,3
200600067923,0006-11-29 17:30:00,6,11,29,17,30,590,507,"01, DE LATTRE DE TASSIGN",,,Crépuscule ou aube,En agglomération,Intersection en X,Normale,Autre collision,,,,,,,,,,,2,2,2,1,6
200600067924,0006-11-25 11:35:00,6,11,25,11,35,590,360,FRERES LUMIERES RUE DES,,,Plein jour,En agglomération,Intersection en X,Normale,Deux véhicules - côté,,,,,,,,,,,1,2,2,1,3
200600067925,0006-11-30 16:35:00,6,11,30,16,35,590,350,"268, GAMBETTA LEON RUE",,,Crépuscule ou aube,En agglomération,Hors intersection,Temps couvert,Autre collision,,,,,,,,,,,2,2,1,8,6
200600067926,0006-11-30 13:05:00,6,11,30,13,5,590,378,"00, PERI GABRIEL RUE",,,Plein jour,En agglomération,Intersection en X,Normale,Autre collision,,,,,,,,,,,1,2,2,1,6
200600067927,0006-11-28 08:00:00,6,11,28,8,0,590,350,"12, CAMBRAI RUE DE N°PAI",,,Crépuscule ou aube,En agglomération,Intersection en X,Normale,Autre collision,,,,,,,,,,,2,2,2,1,6
200600067928,0006-11-07 17:46:00,6,11,7,17,46,590,230,CLEMENCEAU (AVENUE),,,Nuit sans éclairage public,En agglomération,Intersection en T,Normale,Deux véhicules - côté,,,,,,,,,,,3,2,3,1,3
200600067929,0006-11-03 11:30:00,6,11,3,11,30,590,392,"57, DOUZIES (RUE DE)",,,Plein jour,En agglomération,Intersection en X,Normale,Deux véhicules - côté,,,,,,,,,,,1,2,2,1,3
200600067930,0006-11-10 09:25:00,6,11,10,9,25,590,392,EUROPE (BOULEVARD DE L'),,,Plein jour,En agglomération,Hors intersection,Normale,Autre collision,,,,,,,,,,,1,2,1,1,6
200600067931,0006-11-10 21:15:00,6,11,10,21,15,590,225,"131, KEYWORTH (RUE DE)",,,Nuit sans éclairage public,En agglomération,Hors intersection,Normale,Deux véhicules - côté,,,,,,,,,,,3,2,1,1,3
200600067932,0006-11-19 18:00:00,6,11,19,18,0,590,514,"98, ASSEVENT (RUE D')",,,Crépuscule ou aube,En agglomération,Hors intersection,Normale,Deux véhicules - côté,,,,,,,,,,,2,2,1,1,3
200600067933,0006-11-02 15:30:00,6,11,2,15,30,590,646,BART (RUE JEAN),,,Plein jour,En agglomération,Hors intersection,Pluie légère,Deux véhicules - côté,,,,,,,,,,,1,2,1,2,3
200600067934,0006-11-05 06:30:00,6,11,5,6,30,590,299,CLEMENCEAU (BOULEVARD),,,Nuit avec éclairage allumé,En agglomération,Hors intersection,Normale,Deux véhicules - côté,,,,,,,,,,,5,2,1,1,3
200600067935,0006-11-05 11:40:00,6,11,5,11,40,590,512,D'ANGERS  (RUE DAVID,,,Plein jour,En agglomération,Intersection en X,Normale,Sans collision,,,,,,,,,,,1,2,2,1,7
200600067936,0006-11-03 15:10:00,6,11,3,15,10,590,367,GUESDE (RUE JULES),,,Plein jour,En agglomération,Hors intersection,Normale,Deux véhicules - frontale,,,,,,,,,,,1,2,1,1,1
200600067937,0006-11-02 15:20:00,6,11,2,15,20,590,512,BARBIEUX  (RUE DE ),,,Plein jour,En agglomération,Intersection en X,Pluie légère,Deux véhicules - côté,,,,,,,,,,,1,2,2,2,3
200600067938,0006-11-08 00:10:00,6,11,8,0,10,590,163,GARE (RUE DE LA),,,Nuit avec éclairage allumé,En agglomération,Hors intersection,Normale,Deux véhicules - côté,,,,,,,,,,,5,2,1,1,3
200600067939,0006-11-09 13:25:00,6,11,9,13,25,590,512,FRANKLIN (RUE),,,Plein jour,En agglomération,Intersection en X,Normale,Deux véhicules - côté,,,,,,,,,,,1,2,2,1,3
200600067940,0006-11-06 17:10:00,6,11,6,17,10,590,512,EPEULE  (RUE DE L'),,,Plein jour,En agglomération,Hors intersection,Normale,Autre collision,,,,,,,,,,,1,2,1,1,6
200600067941,0006-11-09 15:00:00,6,11,9,15,0,590,512,CARNOT (PLACE),,,Plein jour,En agglomération,Intersection en T,Normale,Autre collision,,,,,,,,,,,1,2,3,1,6
200600067942,0006-11-08 15:00:00,6,11,8,15,0,590,512,NATIONS UNIES (AVENUE DE,,,Plein jour,En agglomération,Intersection en X,Normale,Deux véhicules - côté,,,,,,,,,,,1,2,2,1,3
200600067943,0006-11-11 22:15:00,6,11,11,22,15,590,512,CARTIGNY (RUE DE),,,Nuit avec éclairage allumé,En agglomération,Hors intersection,Normale,Autre collision,,,,,,,,,,,5,2,1,1,6
200600067944,0006-11-03 07:50:00,6,11,3,7,50,590,299,CALVAIRE DEVIE (RUE DU),,,Plein jour,Hors agglomération,Hors intersection,Normale,Sans collision,,,,,,,,,,,1,1,1,1,7
200600067945,0006-11-14 07:10:00,6,11,14,7,10,590,512,NATIONS UNIES (AVENUE DE,,,Nuit avec éclairage allumé,En agglomération,Hors intersection,Pluie légère,Autre collision,,,,,,,,,,,5,2,1,2,6
200600067946,0006-11-13 13:30:00,6,11,13,13,30,590,512,MOREAU (RUE EMILE),,,Plein jour,En agglomération,Hors intersection,Normale,Autre collision,,,,,,,,,,,1,2,1,1,6
200600067947,0006-11-07 13:25:00,6,11,7,13,25,590,299,WATTEUW Jules,,,Plein jour,En agglomération,Hors intersection,Normale,Deux véhicules - frontale,,,,,,,,,,,1,2,1,1,1
200600067948,0006-11-19 14:05:00,6,11,19,14,5,590,512,CARNOT (PLACE),,,Plein jour,En agglomération,Intersection en X,Normale,Deux véhicules - côté,,,,,,,,,,,1,2,2,1,3