accident_id,datetime,annee,mois,jour,heure,minute,departement,commune_insee,adresse,latitude,longitude,luminosite,agglomeration,intersection,meteo,collision,nb_vehicules,nb_usagers,nb_indemnes,nb_tues,nb_blesses_hosp,nb_blesses_legers,age_cond_1,age_cond_2,veh_type_cond_1,veh_type_cond_2,lum_code,agg_code,int_code,atm_code,col_code
200600067949,0006-11-17 08:10:00,6,11,17,8,10,590,512,COLLEGE (RUE DU),,,Plein jour,En agglomération,Intersection en X,Normale,Deux véhicules - côté,,,,,,,,,,,1,2,2,1,3
200600067950,0006-11-19 14:45:00,6,11,19,14,45,590,650,UNION (RUE DE L'),,,Plein jour,En agglomération,Intersection en T,Normale,Deux véhicules - côté,,,,,,,,,,,1,2,3,1,3
200600067951,0006-11-20 13:20:00,6,11,20,13,20,590,512,LECLERC (BOULEVARD DU GE,,,Plein jour,En agglomération,Intersection en T,Normale,Autre collision,,,,,,,,,,,1,2,3,1,6
200600067952,0006-11-20 08:00:00,6,11,20,8,0,590,512,NATIONS UNIES (AVENUE DE,,,Crépuscule ou aube,En agglomération,Hors intersection,Temps couvert,Autre collision,,,,,,,,,,,2,2,1,8,6
200600067953,0006-11-20 07:00:00,6,11,20,7,0,590,512,DELORY  (AVENUE GUSTAVE),,,Nuit avec éclairage allumé,En agglomération,Hors intersection,Normale,Deux véhicules - côté,,,,,,,,,,,5,2,1,1,3
200600067954,0006-11-20 23:40:00,6,11,20,23,40,590,650,TROIS PIERRES (RUE DES),,,Nuit avec éclairage allumé,En agglomération,Hors intersection,Pluie légère,Sans collision,,,,,,,,,,,5,2,1,2,7
200600067955,0006-11-22 07:20:00,6,11,22,7,20,590,512,ERMITAGE (RUE DE L'),,,Crépuscule ou aube,En agglomération,Intersection en X,Pluie forte,Deux véhicules - côté,,,,,,,,,,,2,2,2,3,3
200600067956,0006-11-23 22:35:00,6,11,23,22,35,590,646,JOUHAUX (RUE LEON),,,Nuit avec éclairage allumé,En agglomération,Intersection en X,Normale,Deux véhicules - côté,,,,,,,,,,,5,2,2,1,3
200600067957,0006-11-23 13:15:00,6,11,23,13,15,590,512,DELORY  (AVENUE GUSTAVE),,,Plein jour,En agglomération,Giratoire,Pluie légère,Deux véhicules - côté,,,,,,,,,,,1,2,6,2,3
200600067958,0006-11-19 14:10:00,6,11,19,14,10,590,512,STRASBOURG (BOULEVARD DE,,,Plein jour,En agglomération,Hors intersection,Normale,Deux véhicules - arrière,,,,,,,,,,,1,2,1,1,2
200600067959,0006-11-15 12:15:00,6,11,15,12,15,590,512,BELFORT (BOULEVARD DE),,,Plein jour,En agglomération,Intersection en X,Normale,Deux véhicules - frontale,,,,,,,,,,,1,2,2,1,1
200600067960,0006-11-24 13:50:00,6,11,24,13,50,590,650,LAMARTINE (RUE),,,Plein jour,En agglomération,Hors intersection,Normale,Autre collision,,,,,,,,,,,1,2,1,1,6
200600067961,0006-11-23 12:34:00,6,11,23,12,34,590,512,MATISSE (ALLEE HENRI),,,Plein jour,En agglomération,Intersection en T,Pluie forte,Deux véhicules - frontale,,,,,,,,,,,1,2,3,3,1
200600067962,0006-11-27 07:00:00,6,11,27,7,0,590,163,PERRIN (RUE PROFESSEUR),,,Nuit avec éclairage allumé,En agglomération,Intersection en T,Pluie légère,Deux véhicules - côté,,,,,,,,,,,5,2,3,2,3
200600067963,0006-11-04 17:20:00,6,11,4,17,20,590,512,ROUGET DE LISLE (RUE),,,Plein jour,En agglomération,Hors intersection,Normale,Autre collision,,,,,,,,,,,1,2,1,1,6
200600067964,0006-11-10 18:25:00,6,11,10,18,25,590,650,LEBAS (RUE JEAN BAPTISTE,,,Nuit avec éclairage non allumé,En agglomération,Hors intersection,Normale,Deux véhicules - côté,,,,,,,,,,,4,2,1,1,3
200600067965,0006-11-23 18:10:00,6,11,23,18,10,590,512,DE ROUBAIX (RUE PIERRE),,,Nuit avec éclairage allumé,En agglomération,Intersection en T,Pluie forte,Deux véhicules - côté,,,,,,,,,,,5,2,3,3,3
200600067966,0006-11-28 17:55:00,6,11,28,17,55,590,512,MOTTE (AVENUE ALFRED),,,Nuit avec éclairage allumé,En agglomération,Intersection en X,Pluie forte,Autre collision,,,,,,,,,,,5,2,2,3,6
200600067967,0006-11-23 17:30:00,6,11,23,17,30,590,646,REPUBLIQUE (PLACE DE LA),,,Nuit avec éclairage allumé,En agglomération,Intersection en T,Pluie forte,Autre collision,,,,,,,,,,,5,2,3,3,6
200600067968,0006-11-28 12:10:00,6,11,28,12,10,590,646,MARCQ EN BAROEUL (RUE DE,,,Plein jour,En agglomération,Intersection en T,Normale,Deux véhicules - côté,,,,,,,,,,,1,2,3,1,3
200600067969,0006-11-25 10:55:00,6,11,25,10,55,590,512,TOURCOING (RUE DE),,,Plein jour,En agglomération,Intersection en X,Pluie forte,Deux véhicules - côté,,,,,,,,,,,1,2,2,3,3
200600067970,0006-11-29 09:20:00,6,11,29,9,20,590,512,FOURMIES (BOULEVARD DE),,,Plein jour,En agglomération,Intersection en T,Normale,Autre collision,,,,,,,,,,,1,2,3,1,6
200600067971,0006-11-04 14:10:00,6,11,4,14,10,590,367,D'ARC (RUE JEANNE),,,Plein jour,En agglomération,Hors intersection,Normale,Sans collision,,,,,,,,,,,1,2,1,1,7
200600067972,0006-11-26 16:30:00,6,11,26,16,30,590,339,GIBRALTAR DROITE (RUE DE,,,Plein jour,En agglomération,Hors intersection,Normale,Autre collision,,,,,,,,,,,1,2,1,1,6
200600067973,0006-11-29 18:10:00,6,11,29,18,10,590,646,MOLINEL (RUE DU),,,Nuit avec éclairage allumé,En agglomération,Intersection en X,Normale,Deux véhicules - côté,,,,,,,,,,,5,2,2,1,3
200600067974,0006-11-30 08:00:00,6,11,30,8,0,590,163,PERRIN (RUE PROFESSEUR),,,Nuit avec éclairage allumé,En agglomération,Hors intersection,Pluie forte,Deux véhicules - côté,,,,,,,,,,,5,2,1,3,3
200600067975,0006-11-18 10:00:00,6,11,18,10,0,590,574,GAMBETTA (RUE),,,Plein jour,En agglomération,Hors intersection,Normale,Deux véhicules - côté,,,,,,,,,,,1,2,1,1,3
200600067976,0006-11-27 07:20:00,6,11,27,7,20,590,574,PASTEUR (RUE),,,Crépuscule ou aube,En agglomération,Hors intersection,Normale,Deux véhicules - frontale,,,,,,,,,,,2,2,1,1,1
200600067977,0006-11-25 10:10:00,6,11,25,10,10,590,414,LINIERS(rue des),,,Plein jour,En agglomération,Intersection en X,Normale,Deux véhicules - côté,,,,,,,,,,,1,2,2,1,3
200600067978,0006-11-03 01:20:00,6,11,3,1,20,590,574,"115, ANDRE DENIMAL(RUE)",,,Nuit avec éclairage allumé,En agglomération,Hors intersection,Pluie légère,Autre collision,,,,,,,,,,,5,2,1,2,6
200600067979,0006-11-03 19:15:00,6,11,3,19,15,590,90,SIX (ABBE)29A41,,,Nuit avec éclairage allumé,En agglomération,Hors intersection,Pluie légère,Deux véhicules - arrière,,,,,,,,,,,5,2,1,2,2
200600067980,0006-11-05 17:10:00,6,11,5,17,10,590,599,LEVANT (RUE DU),,,Plein jour,En agglomération,Intersection en X,Normale,Deux véhicules - côté,,,,,,,,,,,1,2,2,1,3
200600067981,0006-11-07 11:50:00,6,11,7,11,50,590,599,LILLE (RUE DE),,,Plein jour,En agglomération,Intersection en T,Normale,Autre collision,,,,,,,,,,,1,2,3,1,6
200600067982,0006-11-08 20:55:00,6,11,8,20,55,590,508,"92, PASTEUR (RUE)",,,Nuit avec éclairage allumé,Hors agglomération,Intersection en T,Pluie légère,Sans collision,,,,,,,,,,,5,1,3,2,7
200600067983,0006-11-08 19:20:00,6,11,8,19,20,590,599,MARNE (AVENUE DE LA),,,Nuit avec éclairage allumé,En agglomération,Intersection en X,Pluie légère,Deux véhicules - frontale,,,,,,,,,,,5,2,2,2,1
200600067984,0006-11-09 17:00:00,6,11,9,17,0,590,508,"420, LILLE (RUE DE)MENIN",,,Crépuscule ou aube,En agglomération,Hors intersection,Normale,Deux véhicules - côté,,,,,,,,,,,2,2,1,1,3
200600067985,0006-11-09 19:30:00,6,11,9,19,30,590,279,LILLE (RUE DE),,,Nuit avec éclairage allumé,En agglomération,Intersection en X,Normale,Autre collision,,,,,,,,,,,5,2,2,1,6
200600067986,0006-11-10 21:25:00,6,11,10,21,25,590,279,"72, LIENART (RUE DU CARD",,,Nuit avec éclairage allumé,En agglomération,Hors intersection,Normale,Autre collision,,,,,,,,,,,5,2,1,1,6
200600067987,0006-11-13 10:55:00,6,11,13,10,55,590,599,ROUGE (RUE DE LA CROIX),,,Plein jour,En agglomération,Giratoire,Pluie légère,Deux véhicules - côté,,,,,,,,,,,1,2,6,2,3
200600067988,0006-11-14 07:00:00,6,11,14,7,0,590,599,SCHUMAN (RUE ROBERT),,,Nuit avec éclairage allumé,En agglomération,Hors intersection,Pluie forte,Autre collision,,,,,,,,,,,5,2,1,3,6
200600067989,0006-11-15 13:30:00,6,11,15,13,30,590,508,"377, LILLE (RUE DE)MENIN",,,Plein jour,En agglomération,Hors intersection,Normale,Autre collision,,,,,,,,,,,1,2,1,1,6
200600067990,0006-11-20 17:50:00,6,11,20,17,50,590,508,HALLUIN (BOULEVARD D'),,,Nuit avec éclairage allumé,En agglomération,Intersection en Y,Pluie légère,Deux véhicules - côté,,,,,,,,,,,5,2,4,2,3
200600067991,0006-11-23 17:45:00,6,11,23,17,45,590,599,"., CURIE (CHAUSSEE PIERR",,,Nuit avec éclairage allumé,En agglomération,Intersection en X,Pluie légère,Autre collision,,,,,,,,,,,5,2,2,2,6
200600067992,0006-11-23 17:25:00,6,11,23,17,25,590,508,ROUTE DE CONTOURNEMENT,,,Nuit sans éclairage public,Hors agglomération,Hors intersection,Pluie légère,Deux véhicules - arrière,,,,,,,,,,,3,1,1,2,2
200600067993,0006-11-26 16:25:00,6,11,26,16,25,590,279,"40, NOLLET (RUE MARTHE)",,,Plein jour,En agglomération,Hors intersection,Normale,Autre collision,,,,,,,,,,,1,2,1,1,6
200600067994,0006-11-26 15:25:00,6,11,26,15,25,590,599,MOUVAUX (RUE DE),,,Plein jour,En agglomération,Hors intersection,Normale,Autre collision,,,,,,,,,,,1,2,1,1,6
200600067995,0006-11-29 19:20:00,6,11,29,19,20,590,599,"112, COLBERT (RUE)",,,Nuit avec éclairage allumé,En agglomération,Hors intersection,Normale,Deux véhicules - frontale,,,,,,,,,,,5,2,1,1,1
200600067996,0006-11-25 15:55:00,6,11,25,15,55,590,599,"212, MALCENSE (RUE DE LA",,,Plein jour,En agglomération,Hors intersection,Normale,Autre collision,,,,,,,,,,,1,2,1,1,6
200600067997,0006-11-09 18:25:00,6,11,9,18,25,590,491,"96, DURRE (RUE HENRI)",,,Nuit avec éclairage allumé,En agglomération,Hors intersection,Normale,Autre collision,,,,,,,,,,,5,2,1,1,6
200600067998,0006-11-25 11:45:00,6,11,25,11,45,590,459,GALOIS (rue Evatice),,,Plein jour,Hors agglomération,Hors intersection,Pluie forte,Autre collision,,,,,,,,,,,1,1,1,3,6
200600067999,0006-11-07 18:20:00,6,11,7,18,20,590,14,"256, JAURES (RUE JEAN)",,,Nuit avec éclairage allumé,En agglomération,Hors intersection,Normale,Autre collision,,,,,,,,,,,5,2,1,1,6
200600068000,0006-11-30 14:40:00,6,11,30,14,40,590,479,JAURES (AVENUE JEAN),,,Plein jour,Hors agglomération,Intersection en T,Normale,Autre collision,,,,,,,,,,,1,1,3,1,6
200600068001,0006-11-04 03:45:00,6,11,4,3,45,590,606,MACAREZ (RUE ERNEST),,,Nuit avec éclairage allumé,En agglomération,Hors intersection,Normale,Autre collision,,,,,,,,,,,5,2,1,1,6
200600068002,0006-11-06 23:55:00,6,11,6,23,55,590,606,AMSTERDAM (AVENUE D'),,,Nuit avec éclairage allumé,En agglomération,Intersection en X,Normale,Autre collision,,,,,,,,,,,5,2,2,1,6
200600068003,0006-11-09 20:03:00,6,11,9,20,3,590,613,CUVINOT (RUE),,,Nuit avec éclairage allumé,Hors agglomération,Intersection en T,Normale,Autre collision,,,,,,,,,,,5,1,3,1,6
200600068004,0006-11-11 23:20:00,6,11,11,23,20,590,544,"94, DURRE (RUE HENRI)",,,Nuit avec éclairage allumé,En agglomération,Hors intersection,Normale,Autre collision,,,,,,,,,,,5,2,1,1,6
200600068005,0006-11-13 23:55:00,6,11,13,23,55,590,606,VERDUN (AVENUE DE),,,Nuit avec éclairage allumé,En agglomération,Hors intersection,Normale,Deux véhicules - côté,,,,,,,,,,,5,2,1,1,3
200600068006,0006-11-11 22:15:00,6,11,11,22,15,590,606,POMPIDOU (AVENUE GEORGES,,,Nuit avec éclairage allumé,Hors agglomération,Hors intersection,Normale,Autre collision,,,,,,,,,,,5,1,1,1,6
200600068007,0006-11-13 22:15:00,6,11,13,22,15,590,606,DENAIN (AVENUE DE),,,Nuit avec éclairage allumé,En agglomération,Intersection en X,Pluie forte,Deux véhicules - côté,,,,,,,,,,,5,2,2,3,3
200600068008,0006-11-19 01:45:00,6,11,19,1,45,590,479,"161, JAURES (AVENUE JEAN",,,Nuit avec éclairage allumé,En agglomération,Hors intersection,Normale,Autre collision,,,,,,,,,,,5,2,1,1,6
200600068009,0006-11-21 17:25:00,6,11,21,17,25,590,606,"102B, CONDE (AVENUE DE)",,,Crépuscule ou aube,En agglomération,Hors intersection,Normale,Autre collision,,,,,,,,,,,2,2,1,1,6
200600068010,0006-11-18 17:55:00,6,11,18,17,55,590,14,FRANCE (AVENUE ANATOLE),,,Nuit avec éclairage allumé,En agglomération,Intersection en T,Pluie légère,Deux véhicules - côté,,,,,,,,,,,5,2,3,2,3
200600068011,0006-11-20 07:40:00,6,11,20,7,40,590,603,DELORY (RUE GUSTAVE),,,Crépuscule ou aube,En agglomération,Intersection en T,Normale,Deux véhicules - côté,,,,,,,,,,,2,2,3,1,3
200600068012,0006-11-29 17:25:00,6,11,29,17,25,590,613,RD 50,,,Nuit sans éclairage public,Hors agglomération,Hors intersection,Pluie légère,Deux véhicules - frontale,,,,,,,,,,,3,1,1,2,1
200600068013,0006-11-29 19:20:00,6,11,29,19,20,590,459,dix neuf mars 1962,,,Nuit avec éclairage allumé,En agglomération,Intersection en X,Normale,Deux véhicules - côté,,,,,,,,,,,5,2,2,1,3
200600068014,0006-11-28 07:40:00,6,11,28,7,40,590,606,BOURGEOIS (CHEMIN DES),,,Crépuscule ou aube,En agglomération,Intersection en X,Normale,Deux véhicules - côté,,,,,,,,,,,2,2,2,1,3
200600068015,0006-11-28 15:45:00,6,11,28,15,45,590,14,JAURES (RUE JEAN),,,Plein jour,En agglomération,Hors intersection,Pluie forte,Deux véhicules - côté,,,,,,,,,,,1,2,1,3,3
200600068016,0006-11-09 14:06:00,6,11,9,14,6,590,32,RD 40,,,Plein jour,Hors agglomération,Intersection en X,Normale,Trois véhicules et plus - collisions multiples,,,,,,,,,,,1,1,2,1,5
200600068017,0006-11-12 11:35:00,6,11,12,11,35,590,459,CORREZZOLA (AVENUE DE),,,Plein jour,En agglomération,Intersection en T,Normale,Autre collision,,,,,,,,,,,1,2,3,1,6
200600068018,0006-11-07 17:10:00,6,11,7,17,10,590,606,DAMPIERRE (AVENUE),,,Crépuscule ou aube,En agglomération,Intersection en X,Normale,Autre collision,,,,,,,,,,,2,2,2,1,6
200600068019,0006-11-07 15:05:00,6,11,7,15,5,590,112,BERTHELOT (RUE),,,Plein jour,En agglomération,Intersection en X,Normale,Autre collision,,,,,,,,,,,1,2,2,1,6
200600068020,0006-11-14 21:45:00,6,11,14,21,45,600,57,"12, BUZANVAL (RUE DE)",,,Nuit avec éclairage allumé,En agglomération,Hors intersection,Normale,Autre collision,,,,,,,,,,,5,2,1,1,6
200600068021,0006-11-21 17:15:00,6,11,21,17,15,600,57,"5, JEAN MOULIN (AVENUE)",,,Crépuscule ou aube,En agglomération,Hors intersection,Pluie forte,Autre collision,,,,,,,,,,,2,2,1,3,6
200600068022,0006-11-14 01:00:00,6,11,14,1,0,600,159,GUYNEMER (COURS),,,Nuit avec éclairage allumé,En agglomération,Autre intersection,Normale,Deux véhicules - arrière,,,,,,,,,,,5,2,9,1,2
200600068023,0006-11-09 20:40:00,6,11,9,20,40,600,175,RN 16_SORTIE RN 16_ACCES,,,Nuit sans éclairage public,En agglomération,Hors intersection,Normale,Autre collision,,,,,,,,,,,3,2,1,1,6
200600068024,0006-11-13 15:30:00,6,11,13,15,30,600,175,TREMBLAY (AVENUE DU),,,Plein jour,En agglomération,Hors intersection,Pluie légère,Deux véhicules - côté,,,,,,,,,,,1,2,1,2,3
200600068025,0006-11-30 12:25:00,6,11,30,12,25,600,684,RD 200_NORD,,,Plein jour,Hors agglomération,Intersection en Y,Pluie légère,Deux véhicules - côté,,,,,,,,,,,1,1,4,2,3
200600068026,0006-11-23 20:30:00,6,11,23,20,30,600,414,FRANCE (AVENUE ANATOLE),,,Nuit avec éclairage allumé,En agglomération,Autre intersection,Pluie légère,Autre collision,,,,,,,,,,,5,2,9,2,6
200600068027,0006-11-01 05:15:00,6,11,1,5,15,610,397,ELAN (RUE DE L'),,,Nuit avec éclairage allumé,En agglomération,Autre intersection,Normale,Autre collision,,,,,,,,,,,5,2,9,1,6
200600068028,0006-11-07 11:00:00,6,11,7,11,0,610,1,"35, RHIN ET DANUBE ( AVE",,,Plein jour,En agglomération,Hors intersection,Normale,Autre collision,,,,,,,,,,,1,2,1,1,6
200600068029,0006-11-19 20:05:00,6,11,19,20,5,610,497,PARIS (ROUTE DE ),,,Nuit sans éclairage public,En agglomération,Hors intersection,Normale,Autre collision,,,,,,,,,,,3,2,1,1,6
200600068030,0006-11-17 19:00:00,6,11,17,19,0,610,169,SIX JUIN (RUE DU),,,Nuit avec éclairage allumé,En agglomération,Hors intersection,Normale,Sans collision,,,,,,,,,,,5,2,1,1,7
200600068031,0006-11-13 12:10:00,6,11,13,12,10,620,41,"0, SAND ( GEORGES )",,,Plein jour,En agglomération,Intersection en X,Pluie légère,Deux véhicules - côté,,,,,,,,,,,1,2,2,2,3
200600068032,0006-11-21 19:30:00,6,11,21,19,30,620,37,"0, RUE ROGER SALENGRO",,,Nuit avec éclairage allumé,En agglomération,Giratoire,Temps couvert,Deux véhicules - côté,,,,,,,,,,,5,2,6,8,3
200600068033,0006-11-08 19:20:00,6,11,8,19,20,620,188,CD 916,,,Crépuscule ou aube,En agglomération,Hors intersection,Normale,Deux véhicules - frontale,,,,,,,,,,,2,2,1,1,1
200600068034,0006-11-04 16:00:00,6,11,4,16,0,620,516,", ALLAOUAGNE (CHEMIN D')",,,Plein jour,En agglomération,Hors intersection,Normale,Deux véhicules - côté,,,,,,,,,,,1,2,1,1,3
200600068035,0006-11-02 13:35:00,6,11,2,13,35,620,65,"35, SEMARD PIERRE",,,Plein jour,En agglomération,Hors intersection,Pluie légère,Sans collision,,,,,,,,,,,1,2,1,2,7
200600068036,0006-11-12 15:25:00,6,11,12,15,25,620,65,"116, BROSSOLETTE",,,Plein jour,En agglomération,Hors intersection,Normale,Autre collision,,,,,,,,,,,1,2,1,1,6
200600068037,0006-11-17 15:20:00,6,11,17,15,20,620,65,"02, FRANCE (BOULEVARD AN",,,Plein jour,En agglomération,Hors intersection,Normale,Deux véhicules - arrière,,,,,,,,,,,1,2,1,1,2
200600068038,0006-11-15 19:30:00,6,11,15,19,30,620,65,", SEMARD PIERRE",,,Nuit avec éclairage allumé,En agglomération,Intersection en X,Temps couvert,Deux véhicules - côté,,,,,,,,,,,5,2,2,8,3
200600068039,0006-11-23 20:05:00,6,11,23,20,5,620,724,"146, DE GAULLE (DU GENER",,,Nuit avec éclairage allumé,En agglomération,Hors intersection,Pluie légère,Deux véhicules - arrière,,,,,,,,,,,5,2,1,2,2
200600068040,0006-11-09 07:40:00,6,11,9,7,40,620,626,", CD943",,,Crépuscule ou aube,Hors agglomération,Hors intersection,Normale,Deux véhicules - frontale,,,,,,,,,,,2,1,1,1,1
200600068041,0006-11-12 20:45:00,6,11,12,20,45,620,119,"92, HAYNAUT ( RUE DU )",,,Nuit avec éclairage allumé,En agglomération,Giratoire,Normale,Autre collision,,,,,,,,,,,5,2,6,1,6
200600068042,0006-11-14 14:25:00,6,11,14,14,25,620,34,EGLISE ( RUE DE L' ),,,Plein jour,En agglomération,Hors intersection,Temps couvert,Deux véhicules - frontale,,,,,,,,,,,1,2,1,8,1
200600068043,0006-11-10 19:15:00,6,11,10,19,15,620,160,"171 BIS, CHEMIN VERT (Ru",,,Nuit avec éclairage allumé,En agglomération,Autre intersection,Temps couvert,Sans collision,,,,,,,,,,,5,2,9,8,7
200600068044,0006-11-27 16:35:00,6,11,27,16,35,620,160,"44, CHEMIN VERT (Rue du)",,,Plein jour,En agglomération,Intersection en T,Normale,Deux véhicules - côté,,,,,,,,,,,1,2,3,1,3
200600068045,0006-11-15 11:25:00,6,11,15,11,25,620,160,"0, HENNEGUELLE ( Place H",,,Plein jour,En agglomération,Hors intersection,Normale,Sans collision,,,,,,,,,,,1,2,1,1,7
200600068046,0006-11-30 17:00:00,6,11,30,17,0,620,178,"78, CONSEIL DE L'EUROPE",,,Nuit avec éclairage allumé,En agglomération,Hors intersection,Normale,Autre collision,,,,,,,,,,,5,2,1,1,6
200600068047,0006-11-08 12:35:00,6,11,8,12,35,620,193,CHATEAU D'EAU (RUE DU),,,Plein jour,En agglomération,Intersection en X,Normale,Deux véhicules - côté,,,,,,,,,,,1,2,2,1,3
200600068048,0006-11-10 16:40:00,6,11,10,16,40,620,193,JACQUARD (BOULEVARD),,,Plein jour,En agglomération,Hors intersection,Normale,Autre collision,,,,,,,,,,,1,2,1,1,6
200600068049,0006-11-23 19:30:00,6,11,23,19,30,620,193,FRANKLIN,,,Nuit avec éclairage allumé,En agglomération,Intersection en T,Normale,Deux véhicules - côté,,,,,,,,,,,5,2,3,1,3
200600068050,0006-11-29 07:40:00,6,11,29,7,40,620,193,FONTINETTES (RUE DES),,,Nuit avec éclairage allumé,En agglomération,Hors intersection,Normale,Autre collision,,,,,,,,,,,5,2,1,1,6
200600068051,0006-11-06 08:40:00,6,11,6,8,40,620,907,"107, DARCHICOURT (AV FER",,,Plein jour,En agglomération,Hors intersection,Brouillard / fumée,Deux véhicules - frontale,,,,,,,,,,,1,2,1,5,1
200600068052,0006-11-09 08:05:00,6,11,9,8,5,620,215,"sans, OIGNIES (RTE D')",,,Crépuscule ou aube,Hors agglomération,Intersection en T,Normale,Deux véhicules - côté,,,,,,,,,,,2,1,3,1,3
200600068053,0006-11-04 21:20:00,6,11,4,21,20,620,413,"sans, FUSILLES (R DES)",,,Nuit avec éclairage allumé,En agglomération,Intersection en T,Normale,Deux véhicules - côté,,,,,,,,,,,5,2,3,1,3
200600068054,0006-11-10 18:25:00,6,11,10,18,25,620,907,"226, DARCHICOURT (AV FER",,,Nuit sans éclairage public,En agglomération,Hors intersection,Normale,Autre collision,,,,,,,,,,,3,2,1,1,6
200600068055,0006-11-10 17:40:00,6,11,10,17,40,620,33,"sans, DELECROIX (R EUGEN",,,Nuit avec éclairage allumé,En agglomération,Intersection en X,Normale,Deux véhicules - côté,,,,,,,,,,,5,2,2,1,3
200600068056,0006-11-17 22:15:00,6,11,17,22,15,620,666,"sans, WILLARD (R WILLIAM",,,Nuit avec éclairage allumé,En agglomération,Intersection en T,Vent fort / tempête,Autre collision,,,,,,,,,,,5,2,3,6,6
200600068057,0006-11-19 19:40:00,6,11,19,19,40,620,413,"27, STALINGRAD (R DE)",,,Nuit avec éclairage allumé,En agglomération,Hors intersection,Pluie légère,Autre collision,,,,,,,,,,,5,2,1,2,6
200600068058,0006-11-15 12:30:00,6,11,15,12,30,620,250,"61, LAMENDIN (R ARTHUR)",,,Plein jour,En agglomération,Hors intersection,Normale,Autre collision,,,,,,,,,,,1,2,1,1,6
200600068059,0006-11-27 17:55:00,6,11,27,17,55,620,250,"sans, BRETON (R LOUIS)",,,Nuit avec éclairage allumé,En agglomération,Hors intersection,Normale,Autre collision,,,,,,,,,,,5,2,1,1,6
200600068060,0006-11-22 21:40:00,6,11,22,21,40,620,215,"sans, RD 306",,,Nuit avec éclairage allumé,Hors agglomération,Intersection en X,Pluie légère,Deux véhicules - côté,,,,,,,,,,,5,1,2,2,3
200600068061,0006-11-12 02:42:00,6,11,12,2,42,620,427,"301, SCHWEITZER ALBERT (",,,Nuit avec éclairage allumé,En agglomération,Hors intersection,Temps couvert,Deux véhicules - côté,,,,,,,,,,,5,2,1,8,3
200600068062,0006-11-09 07:02:00,6,11,9,7,2,620,249,"0, POILUS (R DES)",,,Plein jour,En agglomération,Hors intersection,Normale,Deux véhicules - côté,,,,,,,,,,,1,2,1,1,3
200600068063,0006-11-09 12:10:00,6,11,9,12,10,620,427,"275, PANTIGNY (R ANDRE)",,,Plein jour,En agglomération,Hors intersection,Normale,Autre collision,,,,,,,,,,,1,2,1,1,6
200600068064,0006-11-23 17:20:00,6,11,23,17,20,620,249,RD 160,,,Crépuscule ou aube,Hors agglomération,Hors intersection,Normale,Deux véhicules - côté,,,,,,,,,,,2,1,1,1,3
200600068065,0006-11-26 13:10:00,6,11,26,13,10,620,587,"0, COURRIERES (RTE DE)",,,Plein jour,En agglomération,Intersection en T,Normale,Deux véhicules - côté,,,,,,,,,,,1,2,3,1,3
200600068066,0006-11-27 07:20:00,6,11,27,7,20,620,249,"8, BRIQUET (R RAOUL)",,,Crépuscule ou aube,Hors agglomération,Hors intersection,Normale,Autre collision,,,,,,,,,,,2,1,1,1,6
200600068067,0006-11-29 10:35:00,6,11,29,10,35,620,133,"0, EVRARD (R FLORENT)",,,Plein jour,En agglomération,Hors intersection,Normale,Autre collision,,,,,,,,,,,1,2,1,1,6
200600068068,0006-11-08 09:10:00,6,11,8,9,10,620,624,"61/63, CENTRE COMMERCIAL",,,Plein jour,Hors agglomération,Autre intersection,Normale,Deux véhicules - côté,,,,,,,,,,,1,1,9,1,3
200600068069,0006-11-12 19:10:00,6,11,12,19,10,620,427,"0, DEPORTES (AV. DES)",,,Crépuscule ou aube,En agglomération,Intersection en X,Normale,Deux véhicules - côté,,,,,,,,,,,2,2,2,1,3
200600068070,0006-11-12 00:50:00,6,11,12,0,50,620,498,"XXXXXXXX, LANOY (R RENE)",,,Nuit avec éclairage allumé,En agglomération,Hors intersection,Normale,Autre collision,,,,,,,,,,,5,2,1,1,6
200600068071,0006-11-18 13:40:00,6,11,18,13,40,620,895,"sans, COLMAR (R DE)",,,Plein jour,En agglomération,Intersection en X,Normale,Deux véhicules - côté,,,,,,,,,,,1,2,2,1,3
200600068072,0006-11-20 18:00:00,6,11,20,18,0,620,842,"sans, RN 47",,,Crépuscule ou aube,Hors agglomération,Hors intersection,Normale,Deux véhicules - arrière,,,,,,,,,,,2,1,1,1,2
200600068073,0006-11-10 09:20:00,6,11,10,9,20,620,498,"46, VARSOVIE (AV. DE)",,,Plein jour,En agglomération,Hors intersection,Normale,Autre collision,,,,,,,,,,,1,2,1,1,6
200600068074,0006-11-19 19:25:00,6,11,19,19,25,620,842,"24, BASLY (R EMILE)",,,Nuit avec éclairage allumé,En agglomération,Hors intersection,Normale,Autre collision,,,,,,,,,,,5,2,1,1,6
200600068075,0006-11-18 19:00:00,6,11,18,19,0,620,842,"sans, DEGREAUX (R LEON)",,,Nuit avec éclairage allumé,En agglomération,Giratoire,Normale,Deux véhicules - côté,,,,,,,,,,,5,2,6,1,3
200600068076,0006-11-28 11:30:00,6,11,28,11,30,620,498,"43, LONDRES (R DE)",,,Plein jour,En agglomération,Hors intersection,Normale,Autre collision,,,,,,,,,,,1,2,1,1,6
200600068077,0006-11-02 20:45:00,6,11,2,20,45,620,498,"sans, CARTON (R MAURICE)",,,Nuit avec éclairage allumé,En agglomération,Giratoire,Pluie légère,Autre collision,,,,,,,,,,,5,2,6,2,6