accident_id,datetime,annee,mois,jour,heure,minute,departement,commune_insee,adresse,latitude,longitude,luminosite,agglomeration,intersection,meteo,collision,nb_vehicules,nb_usagers,nb_indemnes,nb_tues,nb_blesses_hosp,nb_blesses_legers,age_cond_1,age_cond_2,veh_type_cond_1,veh_type_cond_2,lum_code,agg_code,int_code,atm_code,col_code
200600068078,0006-11-29 18:15:00,6,11,29,18,15,620,842,RN 47,,,Nuit sans éclairage public,Hors agglomération,Hors intersection,Pluie légère,Deux véhicules - arrière,,,,,,,,,,,3,1,1,2,2
200600068079,0006-11-17 15:08:00,6,11,17,15,8,620,498,"XXXXXXXX, VAN PELT (AV.",,,Plein jour,En agglomération,Hors intersection,Temps éblouissant,Autre collision,,,,,,,,,,,1,2,1,7,6
200600068080,0006-11-01 09:50:00,6,11,1,9,50,620,186,"., EGALITE (R DE L')",,,Plein jour,En agglomération,Giratoire,Normale,Deux véhicules - côté,,,,,,,,,,,1,2,6,1,3
200600068081,0006-11-05 21:15:00,6,11,5,21,15,620,563,"3, BOILEAU (R)",,,Nuit avec éclairage allumé,En agglomération,Hors intersection,Normale,Autre collision,,,,,,,,,,,5,2,1,1,6
200600068082,0006-11-03 21:41:00,6,11,3,21,41,620,510,"., PIETTE (R DU DOCTEUR",,,Nuit avec éclairage non allumé,En agglomération,Hors intersection,Pluie légère,Autre collision,,,,,,,,,,,4,2,1,2,6
200600068083,0006-11-02 12:10:00,6,11,2,12,10,620,510,CD 58,,,Plein jour,Hors agglomération,Hors intersection,Normale,Autre collision,,,,,,,,,,,1,1,1,1,6
200600068084,0006-11-15 19:04:00,6,11,15,19,4,620,563,"., HUGO (R VICTOR)",,,Plein jour,En agglomération,Hors intersection,Normale,Deux véhicules - côté,,,,,,,,,,,1,2,1,1,3
200600068085,0006-11-19 16:00:00,6,11,19,16,0,620,186,"., ALSACE (BD D')",,,Plein jour,En agglomération,Intersection en X,Normale,Deux véhicules - côté,,,,,,,,,,,1,2,2,1,3
200600068086,0006-11-23 18:20:00,6,11,23,18,20,620,510,"., FERRY (R JULES)",,,Crépuscule ou aube,En agglomération,Hors intersection,Normale,Autre collision,,,,,,,,,,,2,2,1,1,6
200600068087,0006-11-01 01:40:00,6,11,1,1,40,620,23,RD 943,,,Nuit sans éclairage public,Hors agglomération,Hors intersection,Normale,Deux véhicules - frontale,,,,,,,,,,,3,1,1,1,1
200600068088,0006-11-03 17:35:00,6,11,3,17,35,620,224,"SANS, SAINT SAUVEUR (RUE",,,Crépuscule ou aube,En agglomération,Autre intersection,Normale,Deux véhicules - frontale,,,,,,,,,,,2,2,9,1,1
200600068089,0006-11-18 21:45:00,6,11,18,21,45,620,194,BRUNEHAUT ( CHAUSSEE ) C,,,Nuit avec éclairage allumé,Hors agglomération,Intersection en T,Normale,Trois véhicules et plus - collisions multiples,,,,,,,,,,,5,1,3,1,5
200600068090,0006-11-10 17:25:00,6,11,10,17,25,620,555,"11, PASTEUR ( RUE LOUIS",,,Nuit avec éclairage allumé,En agglomération,Intersection en T,Normale,Autre collision,,,,,,,,,,,5,2,3,1,6
200600068091,0006-11-18 18:10:00,6,11,18,18,10,620,224,ROUTE NATIONALE 43,,,Nuit sans éclairage public,Hors agglomération,Hors intersection,Normale,Deux véhicules - frontale,,,,,,,,,,,3,1,1,1,1
200600068092,0006-11-20 13:15:00,6,11,20,13,15,620,489,BRUAY (RUE DE),,,Plein jour,En agglomération,Hors intersection,Pluie légère,Deux véhicules - côté,,,,,,,,,,,1,2,1,2,3
200600068093,0006-11-04 04:15:00,6,11,4,4,15,620,617,"90, ROUTE NATIONALE (CD",,,Nuit avec éclairage allumé,En agglomération,Hors intersection,Normale,Autre collision,,,,,,,,,,,5,2,1,1,6
200600068094,0006-11-23 19:50:00,6,11,23,19,50,620,525,"28, CLEMENCEAU (AVE GEOR",,,Nuit avec éclairage allumé,En agglomération,Hors intersection,Pluie forte,Deux véhicules - côté,,,,,,,,,,,5,2,1,3,3
200600068095,0006-11-11 14:25:00,6,11,11,14,25,620,826,"10, VERGER (AVENUE DU)",,,Plein jour,En agglomération,Hors intersection,Normale,Autre collision,,,,,,,,,,,1,2,1,1,6
200600068096,0006-11-02 16:00:00,6,11,2,16,0,630,113,BREZET (AVENUE),,,Plein jour,En agglomération,Hors intersection,Normale,Trois véhicules et plus - en chaîne,,,,,,,,,,,1,2,1,1,4
200600068097,0006-11-02 21:30:00,6,11,2,21,30,630,113,"0, DOLET (RUE ETIENNE)",,,Nuit avec éclairage allumé,En agglomération,Hors intersection,Normale,Autre collision,,,,,,,,,,,5,2,1,1,6
200600068098,0006-11-02 21:20:00,6,11,2,21,20,630,113,"1, CLEMENTEL (BD ETIENNE",,,Nuit avec éclairage allumé,En agglomération,Intersection en X,Normale,Deux véhicules - arrière,,,,,,,,,,,5,2,2,1,2
200600068099,0006-11-03 08:50:00,6,11,3,8,50,630,113,"70, LAFAYETTE (BD)",,,Plein jour,En agglomération,Hors intersection,Normale,Autre collision,,,,,,,,,,,1,2,1,1,6
200600068100,0006-11-03 10:25:00,6,11,3,10,25,630,113,SCHUMAN (BD ROBERT),,,Plein jour,En agglomération,Hors intersection,Normale,Autre collision,,,,,,,,,,,1,2,1,1,6
200600068101,0006-11-03 16:10:00,6,11,3,16,10,630,113,"201, ORADOU (RUE DE L')",,,Plein jour,En agglomération,Hors intersection,Normale,Sans collision,,,,,,,,,,,1,2,1,1,7
200600068102,0006-11-04 11:34:00,6,11,4,11,34,630,113,DESAIX (BD),,,Plein jour,En agglomération,Hors intersection,Normale,Autre collision,,,,,,,,,,,1,2,1,1,6
200600068103,0006-11-04 22:35:00,6,11,4,22,35,630,113,", LAFAYETTE (BD)",,,Nuit sans éclairage public,En agglomération,Intersection en X,Normale,Autre collision,,,,,,,,,,,3,2,2,1,6
200600068104,0006-11-06 17:30:00,6,11,6,17,30,630,113,FLAUBERT (BD GUSTAVE),,,Crépuscule ou aube,En agglomération,Hors intersection,Normale,Autre collision,,,,,,,,,,,2,2,1,1,6
200600068105,0006-11-07 08:00:00,6,11,7,8,0,630,113,"1, DAGUERRE (RUE)",,,Plein jour,En agglomération,Intersection en X,Normale,Deux véhicules - côté,,,,,,,,,,,1,2,2,1,3
200600068106,0006-11-07 14:30:00,6,11,7,14,30,630,113,"1, DOLET (RUE ETIENNE)",,,Plein jour,En agglomération,Hors intersection,Normale,Deux véhicules - arrière,,,,,,,,,,,1,2,1,1,2
200600068107,0006-11-07 15:30:00,6,11,7,15,30,630,113,JOUHAUX (BD LEON),,,Plein jour,En agglomération,Hors intersection,Normale,Autre collision,,,,,,,,,,,1,2,1,1,6
200600068108,0006-11-07 21:50:00,6,11,7,21,50,630,113,"1, DELARBRE (RUE)",,,Nuit avec éclairage allumé,En agglomération,Intersection en X,Normale,Autre collision,,,,,,,,,,,5,2,2,1,6
200600068109,0006-11-08 13:59:00,6,11,8,13,59,630,113,"20, FLAMINA (RUE DE)",,,Plein jour,En agglomération,Hors intersection,Normale,Autre collision,,,,,,,,,,,1,2,1,1,6
200600068110,0006-11-08 17:20:00,6,11,8,17,20,630,70,"59, LIBERATION (AVENUE D",,,Plein jour,En agglomération,Hors intersection,Normale,Deux véhicules - arrière,,,,,,,,,,,1,2,1,1,2
200600068111,0006-11-08 18:30:00,6,11,8,18,30,630,113,BRIAND (BD ARISTIDE),,,Nuit avec éclairage allumé,Hors agglomération,Hors intersection,Normale,Autre collision,,,,,,,,,,,5,1,1,1,6
200600068112,0006-11-09 13:30:00,6,11,9,13,30,630,113,"31, VIGENAUD (RUE DR)",,,Plein jour,En agglomération,Hors intersection,Normale,Autre collision,,,,,,,,,,,1,2,1,1,6
200600068113,0006-11-09 15:45:00,6,11,9,15,45,630,113,"31, ROUVIER (RUE)",,,Plein jour,En agglomération,Hors intersection,Normale,Deux véhicules - côté,,,,,,,,,,,1,2,1,1,3
200600068114,0006-11-09 18:00:00,6,11,9,18,0,630,113,"1, BLUM (AVENUE LEON)",,,Nuit avec éclairage allumé,En agglomération,Intersection en X,Normale,Autre collision,,,,,,,,,,,5,2,2,1,6
200600068115,0006-11-10 11:50:00,6,11,10,11,50,630,113,SAINT ALYRE (RUE),,,Plein jour,En agglomération,Hors intersection,Normale,Autre collision,,,,,,,,,,,1,2,1,1,6
200600068116,0006-11-10 16:30:00,6,11,10,16,30,630,113,"1, LIONDARDS (RUE NOUVEL",,,Plein jour,En agglomération,Hors intersection,Normale,Autre collision,,,,,,,,,,,1,2,1,1,6
200600068117,0006-11-11 12:40:00,6,11,11,12,40,630,113,"1, JOUHAUX (BD LEON)",,,Plein jour,En agglomération,Hors intersection,Normale,Deux véhicules - côté,,,,,,,,,,,1,2,1,1,3
200600068118,0006-11-11 20:25:00,6,11,11,20,25,630,113,"1, BUGHES (PLACE DES)",,,Nuit avec éclairage allumé,En agglomération,Hors intersection,Normale,Sans collision,,,,,,,,,,,5,2,1,1,7
200600068119,0006-11-13 17:50:00,6,11,13,17,50,630,308,"114, ALLARD (PLACE)",,,Plein jour,En agglomération,Hors intersection,Normale,Autre collision,,,,,,,,,,,1,2,1,1,6
200600068120,0006-11-14 09:45:00,6,11,14,9,45,630,113,"18, AGRICULTURE (AVENUE",,,Plein jour,En agglomération,Hors intersection,Normale,Deux véhicules - côté,,,,,,,,,,,1,2,1,1,3
200600068121,0006-11-14 10:00:00,6,11,14,10,0,630,113,"109, FONTGIEVE (RUE)",,,Plein jour,En agglomération,Hors intersection,Normale,Deux véhicules - arrière,,,,,,,,,,,1,2,1,1,2
200600068122,0006-11-14 10:35:00,6,11,14,10,35,630,70,BEAUMONT (AVENUE DE),,,Plein jour,En agglomération,Hors intersection,Normale,Autre collision,,,,,,,,,,,1,2,1,1,6
200600068123,0006-11-15 07:40:00,6,11,15,7,40,630,113,"1, BLUM (AVENUE LEON)",,,Plein jour,En agglomération,Intersection en X,Normale,Autre collision,,,,,,,,,,,1,2,2,1,6
200600068124,0006-11-15 17:20:00,6,11,15,17,20,630,14,MOULIN (AVENUE JEAN),,,Plein jour,En agglomération,Intersection en X,Normale,Deux véhicules - côté,,,,,,,,,,,1,2,2,1,3
200600068125,0006-11-15 18:25:00,6,11,15,18,25,630,75,"99, ROYAT (AVENUE DE)",,,Nuit avec éclairage allumé,En agglomération,Hors intersection,Normale,Autre collision,,,,,,,,,,,5,2,1,1,6
200600068126,0006-11-15 20:15:00,6,11,15,20,15,630,113,"., CHANDIOTS (RUE DES)",,,Nuit avec éclairage allumé,En agglomération,Intersection en X,Normale,Autre collision,,,,,,,,,,,5,2,2,1,6
200600068127,0006-11-16 13:00:00,6,11,16,13,0,630,113,"1, REPUBLIQUE (AVENUE DE",,,Plein jour,En agglomération,Hors intersection,Normale,Autre collision,,,,,,,,,,,1,2,1,1,6
200600068128,0006-11-16 13:25:00,6,11,16,13,25,630,113,RICHEPIN (RUE JEAN),,,Plein jour,En agglomération,Hors intersection,Normale,Autre collision,,,,,,,,,,,1,2,1,1,6
200600068129,0006-11-16 19:45:00,6,11,16,19,45,630,113,"1, BRUGIERE (BD AMBROISE",,,Nuit avec éclairage allumé,En agglomération,Intersection en X,Normale,Autre collision,,,,,,,,,,,5,2,2,1,6
200600068130,0006-11-17 09:35:00,6,11,17,9,35,630,113,"1, CLEMENTEL (BD ETIENNE",,,Plein jour,En agglomération,Hors intersection,Normale,Deux véhicules - côté,,,,,,,,,,,1,2,1,1,3
200600068131,0006-11-17 09:50:00,6,11,17,9,50,630,113,CLEMENTEL (BD ETIENNE),,,Plein jour,Hors agglomération,Hors intersection,Normale,Trois véhicules et plus - en chaîne,,,,,,,,,,,1,1,1,1,4
200600068132,0006-11-18 18:45:00,6,11,18,18,45,630,113,"., POCHET LAGAYE (BD PAU",,,Nuit avec éclairage allumé,En agglomération,Autre intersection,Normale,Autre collision,,,,,,,,,,,5,2,9,1,6
200600068133,0006-11-18 23:40:00,6,11,18,23,40,630,113,"1, CLEMENTEL (BD ETIENNE",,,Nuit avec éclairage allumé,En agglomération,Intersection en X,Normale,Autre collision,,,,,,,,,,,5,2,2,1,6
200600068134,0006-11-19 12:20:00,6,11,19,12,20,630,113,"1, NIEL (RUE)",,,Plein jour,En agglomération,Intersection en T,Temps couvert,Deux véhicules - côté,,,,,,,,,,,1,2,3,8,3
200600068135,0006-11-19 19:45:00,6,11,19,19,45,630,113,"179, LIBERATION (AVENUE",,,Nuit avec éclairage allumé,En agglomération,Hors intersection,Pluie légère,Deux véhicules - frontale,,,,,,,,,,,5,2,1,2,1
200600068136,0006-11-20 04:00:00,6,11,20,4,0,630,113,PRE LA REINE (RUE DU),,,Nuit avec éclairage allumé,En agglomération,Hors intersection,Normale,Autre collision,,,,,,,,,,,5,2,1,1,6
200600068137,0006-11-20 18:00:00,6,11,20,18,0,630,113,CLOS NOTRE DAME (RUE DU),,,Nuit avec éclairage allumé,En agglomération,Autre intersection,Normale,Autre collision,,,,,,,,,,,5,2,9,1,6
200600068138,0006-11-21 07:40:00,6,11,21,7,40,630,113,"22, BERTHELOT (BOULEVARD",,,Nuit avec éclairage allumé,En agglomération,Hors intersection,Pluie légère,Autre collision,,,,,,,,,,,5,2,1,2,6
200600068139,0006-11-21 08:45:00,6,11,21,8,45,630,113,"154, LIBERATION (AVENUE",,,Plein jour,En agglomération,Hors intersection,Temps couvert,Deux véhicules - côté,,,,,,,,,,,1,2,1,8,3
200600068140,0006-11-21 16:35:00,6,11,21,16,35,630,113,"1, UNION SOVIETIQUE (AVE",,,Plein jour,En agglomération,Hors intersection,Normale,Autre collision,,,,,,,,,,,1,2,1,1,6
200600068141,0006-11-21 18:40:00,6,11,21,18,40,630,113,"1, BEAULIEU (CHEMIN DE)",,,Nuit sans éclairage public,Hors agglomération,Hors intersection,Normale,Deux véhicules - frontale,,,,,,,,,,,3,1,1,1,1
200600068142,0006-11-22 08:50:00,6,11,22,8,50,630,32,MONT-DORE (AVENUE DU),,,Plein jour,En agglomération,Hors intersection,Normale,Autre collision,,,,,,,,,,,1,2,1,1,6
200600068143,0006-11-22 10:20:00,6,11,22,10,20,630,113,"62, LAVOISIERS (BD)",,,Plein jour,En agglomération,Hors intersection,Normale,Autre collision,,,,,,,,,,,1,2,1,1,6
200600068144,0006-11-23 10:00:00,6,11,23,10,0,630,113,"1, FRANCE (RUE ANATOLE)",,,Plein jour,En agglomération,Hors intersection,Normale,Deux véhicules - frontale,,,,,,,,,,,1,2,1,1,1
200600068145,0006-11-23 12:00:00,6,11,23,12,0,630,113,"1, PIERRE SUR HAUTE",,,Plein jour,En agglomération,Intersection en T,Normale,Deux véhicules - côté,,,,,,,,,,,1,2,3,1,3
200600068146,0006-11-23 20:45:00,6,11,23,20,45,630,113,"--, COTE BLATIN (BD)",,,Nuit avec éclairage allumé,En agglomération,Hors intersection,Normale,Autre collision,,,,,,,,,,,5,2,1,1,6
200600068147,0006-11-25 13:40:00,6,11,25,13,40,630,113,"1, LOUCHEUR (BD LOUIS)",,,Plein jour,En agglomération,Hors intersection,Normale,Autre collision,,,,,,,,,,,1,2,1,1,6
200600068148,0006-11-26 18:15:00,6,11,26,18,15,630,75,"104, CLAUSSAT (AVENUE JO",,,Nuit avec éclairage allumé,En agglomération,Hors intersection,Pluie légère,Deux véhicules - arrière,,,,,,,,,,,5,2,1,2,2
200600068149,0006-11-27 11:10:00,6,11,27,11,10,630,113,"., ROTONDE (RUE DE LA)",,,Plein jour,En agglomération,Autre intersection,Normale,Autre collision,,,,,,,,,,,1,2,9,1,6
200600068150,0006-11-28 07:35:00,6,11,28,7,35,630,113,"XX, BRUGIERE (BD AMBROIS",,,Plein jour,En agglomération,Hors intersection,Normale,Autre collision,,,,,,,,,,,1,2,1,1,6
200600068151,0006-11-28 08:50:00,6,11,28,8,50,630,113,"1, SAINT JEAN (BD)",,,Plein jour,En agglomération,Hors intersection,Normale,Sans collision,,,,,,,,,,,1,2,1,1,7
200600068152,0006-11-27 07:50:00,6,11,27,7,50,630,113,CLEMENTEL (BD ETIENNE),,,Plein jour,En agglomération,Hors intersection,Normale,Autre collision,,,,,,,,,,,1,2,1,1,6
200600068153,0006-11-28 15:15:00,6,11,28,15,15,630,113,"1, DE LATTRE DE TASSIGNY",,,Plein jour,En agglomération,Hors intersection,Normale,Autre collision,,,,,,,,,,,1,2,1,1,6
200600068154,0006-11-28 15:45:00,6,11,28,15,45,630,113,"1, JAURES (BD JEAN)",,,Plein jour,En agglomération,Intersection en X,Normale,Deux véhicules - côté,,,,,,,,,,,1,2,2,1,3
200600068155,0006-11-28 19:30:00,6,11,28,19,30,630,75,PASTEUR (AVENUE),,,Nuit avec éclairage allumé,En agglomération,Intersection en T,Normale,Deux véhicules - côté,,,,,,,,,,,5,2,3,1,3
200600068156,0006-11-29 07:40:00,6,11,29,7,40,630,32,"., HOTEL DE VILLE (RUE D",,,Crépuscule ou aube,En agglomération,Hors intersection,Normale,Autre collision,,,,,,,,,,,2,2,1,1,6
200600068157,0006-11-29 13:10:00,6,11,29,13,10,630,113,"X, BARBIER DAUBREE (AVEN",,,Plein jour,En agglomération,Intersection en X,Normale,Autre collision,,,,,,,,,,,1,2,2,1,6
200600068158,0006-11-08 08:30:00,6,11,8,8,30,630,193,RD 52,,,Crépuscule ou aube,Hors agglomération,Intersection en T,Normale,Deux véhicules - côté,,,,,,,,,,,2,1,3,1,3
200600068159,0006-11-21 12:10:00,6,11,21,12,10,630,193,"23, MILAN (RUE DE)",,,Plein jour,En agglomération,Hors intersection,Normale,Deux véhicules - côté,,,,,,,,,,,1,2,1,1,3
200600068160,0006-11-03 20:35:00,6,11,3,20,35,630,63,"1, MOULIN (BD JEAN)",,,Nuit avec éclairage allumé,En agglomération,Intersection en X,Normale,Trois véhicules et plus - en chaîne,,,,,,,,,,,5,2,2,1,4
200600068161,0006-11-17 11:50:00,6,11,17,11,50,630,164,"1, CEBAZAT (ROUTE DE)",,,Plein jour,Hors agglomération,Intersection en X,Pluie légère,Deux véhicules - côté,,,,,,,,,,,1,1,2,2,3
200600068162,0006-11-21 18:00:00,6,11,21,18,0,630,300,CHAPSAL (RUE DU GENERAL),,,Nuit avec éclairage allumé,En agglomération,Hors intersection,Pluie légère,Autre collision,,,,,,,,,,,5,2,1,2,6
200600068163,0006-11-06 16:50:00,6,11,6,16,50,640,24,"., GUYNEMER (AVENUE)",,,Plein jour,En agglomération,Giratoire,Normale,Deux véhicules - côté,,,,,,,,,,,1,2,6,1,3
200600068164,0006-11-06 17:15:00,6,11,6,17,15,640,102,"., PAUL BERT (PLACE)",,,Plein jour,En agglomération,Intersection en T,Normale,Deux véhicules - côté,,,,,,,,,,,1,2,3,1,3
200600068165,0006-11-07 08:47:00,6,11,7,8,47,640,102,ALLEES MARINES (AVENUE D,,,Plein jour,En agglomération,Hors intersection,Temps éblouissant,Deux véhicules - arrière,,,,,,,,,,,1,2,1,7,2
200600068166,0006-11-07 09:30:00,6,11,7,9,30,640,24,ADOUR (AVENUE DE L'),,,Plein jour,En agglomération,Hors intersection,Normale,Deux véhicules - côté,,,,,,,,,,,1,2,1,1,3
200600068167,0006-11-07 18:48:00,6,11,7,18,48,640,24,"40, MONTBRUN (AVENUE DE)",,,Nuit avec éclairage allumé,En agglomération,Hors intersection,Normale,Autre collision,,,,,,,,,,,5,2,1,1,6
200600068168,0006-11-08 10:40:00,6,11,8,10,40,640,24,BIARRITZ (AVENUE DE),,,Plein jour,En agglomération,Intersection en T,Normale,Deux véhicules - côté,,,,,,,,,,,1,2,3,1,3
200600068169,0006-11-09 07:54:00,6,11,9,7,54,640,140,LASSALLE (RUE GEORGES),,,Plein jour,En agglomération,Hors intersection,Normale,Autre collision,,,,,,,,,,,1,2,1,1,6
200600068170,0006-11-10 17:20:00,6,11,10,17,20,640,102,REPUBLIQUE (PLACE DE LA),,,Plein jour,En agglomération,Hors intersection,Normale,Autre collision,,,,,,,,,,,1,2,1,1,6
200600068171,0006-11-13 13:50:00,6,11,13,13,50,640,102,REDUIT (PLACE DU),,,Plein jour,En agglomération,Hors intersection,Normale,Deux véhicules - côté,,,,,,,,,,,1,2,1,1,3
200600068172,0006-11-18 15:14:00,6,11,18,15,14,640,24,CHAMBRE D'AMOUR (AVENUE,,,Plein jour,En agglomération,Intersection en T,Normale,Trois véhicules et plus - collisions multiples,,,,,,,,,,,1,2,3,1,5
200600068173,0006-11-21 11:20:00,6,11,21,11,20,640,102,AQUITAINE (AVENUE DE L'),,,Plein jour,En agglomération,Hors intersection,Pluie légère,Autre collision,,,,,,,,,,,1,2,1,2,6
200600068174,0006-11-24 18:29:00,6,11,24,18,29,640,102,"57, URSUYA (AVENUE DE L'",,,Nuit avec éclairage allumé,En agglomération,Hors intersection,Normale,Deux véhicules - frontale,,,,,,,,,,,5,2,1,1,1
200600068175,0006-11-29 18:36:00,6,11,29,18,36,640,24,ESPAGNE (AVENUE D'),,,Nuit avec éclairage allumé,En agglomération,Intersection en T,Pluie légère,Trois véhicules et plus - collisions multiples,,,,,,,,,,,5,2,3,2,5
200600068176,0006-11-30 15:55:00,6,11,30,15,55,640,24,ESPAGNE (AVENUE D'),,,Plein jour,En agglomération,Intersection en T,Normale,Deux véhicules - arrière,,,,,,,,,,,1,2,3,1,2
200600068177,0006-11-06 15:10:00,6,11,6,15,10,640,122,"5, SABAOU (AVENUE DU)",,,Plein jour,En agglomération,Hors intersection,Normale,Deux véhicules - côté,,,,,,,,,,,1,2,1,1,3
200600068178,0006-11-09 19:00:00,6,11,9,19,0,640,122,"., MARCEL DASSAULT (BD)",,,Crépuscule ou aube,En agglomération,Hors intersection,Normale,Deux véhicules - côté,,,,,,,,,,,2,2,1,1,3
200600068179,0006-11-15 10:15:00,6,11,15,10,15,640,122,"., BAB(BOULEVARD)",,,Plein jour,Hors agglomération,Hors intersection,Normale,Deux véhicules - arrière,,,,,,,,,,,1,1,1,1,2
200600068180,0006-11-16 16:15:00,6,11,16,16,15,640,122,"15, SABAOU (AVENUE DU)",,,Plein jour,En agglomération,Hors intersection,Pluie forte,Deux véhicules - frontale,,,,,,,,,,,1,2,1,3,1
200600068181,0006-11-24 14:55:00,6,11,24,14,55,640,122,"4, EDITH CAVELL (AVENUE)",,,Plein jour,En agglomération,Autre intersection,Normale,Autre collision,,,,,,,,,,,1,2,9,1,6
200600068182,0006-11-26 15:18:00,6,11,26,15,18,640,125,"., GRANDE PLAGE (AVENUE",,,Plein jour,Hors agglomération,Hors intersection,Normale,Deux véhicules - frontale,,,,,,,,,,,1,1,1,1,1
200600068183,0006-11-27 13:40:00,6,11,27,13,40,640,122,"., MONTAGNES (AVENUE DES",,,Plein jour,En agglomération,Intersection en X,Normale,Deux véhicules - côté,,,,,,,,,,,1,2,2,1,3
200600068184,0006-11-03 03:25:00,6,11,3,3,25,640,445,"94, EMILE GUICHENNE",,,Nuit avec éclairage allumé,En agglomération,Hors intersection,Normale,Deux véhicules - frontale,,,,,,,,,,,5,2,1,1,1
200600068185,0006-11-03 05:20:00,6,11,3,5,20,640,335,"1, BATAN DE",,,Nuit sans éclairage public,En agglomération,Hors intersection,Normale,Autre collision,,,,,,,,,,,3,2,1,1,6
200600068186,0006-11-03 11:40:00,6,11,3,11,40,640,348,CHARLES DE GAULLE,,,Plein jour,En agglomération,Hors intersection,Normale,Autre collision,,,,,,,,,,,1,2,1,1,6
200600068187,0006-11-06 23:50:00,6,11,6,23,50,640,445,"16, GASTON LACOSTE",,,Nuit avec éclairage allumé,En agglomération,Intersection en T,Normale,Autre collision,,,,,,,,,,,5,2,3,1,6
200600068188,0006-11-03 19:15:00,6,11,3,19,15,640,445,"33, TOURASSE",,,Nuit avec éclairage allumé,En agglomération,Hors intersection,Normale,Trois véhicules et plus - en chaîne,,,,,,,,,,,5,2,1,1,4
200600068189,0006-11-04 16:00:00,6,11,4,16,0,640,129,BAYONNE DE,,,Plein jour,En agglomération,Hors intersection,Normale,Deux véhicules - arrière,,,,,,,,,,,1,2,1,1,2
200600068190,0006-11-05 17:10:00,6,11,5,17,10,640,132,"1, D100",,,Plein jour,En agglomération,Hors intersection,Normale,Autre collision,,,,,,,,,,,1,2,1,1,6
200600068191,0006-11-05 18:45:00,6,11,5,18,45,640,445,"267, PAIX",,,Nuit avec éclairage allumé,En agglomération,Hors intersection,Normale,Deux véhicules - côté,,,,,,,,,,,5,2,1,1,3
200600068192,0006-11-03 15:40:00,6,11,3,15,40,640,445,"11, ETATS UNIS DES",,,Plein jour,En agglomération,Hors intersection,Normale,Autre collision,,,,,,,,,,,1,2,1,1,6
200600068193,0006-11-06 16:55:00,6,11,6,16,55,640,348,CHARLES DE GAULLE,,,Plein jour,En agglomération,Hors intersection,Normale,Deux véhicules - côté,,,,,,,,,,,1,2,1,1,3
200600068194,0006-11-07 08:45:00,6,11,7,8,45,640,335,"55, LONS DE",,,Plein jour,En agglomération,Intersection en T,Normale,Deux véhicules - côté,,,,,,,,,,,1,2,3,1,3
200600068195,0006-11-07 18:35:00,6,11,7,18,35,640,445,ALFRED NOBEL,,,Nuit avec éclairage allumé,En agglomération,Intersection en T,Normale,Deux véhicules - côté,,,,,,,,,,,5,2,3,1,3
200600068196,0006-11-08 15:54:00,6,11,8,15,54,640,445,"1, EMILE GARET",,,Plein jour,En agglomération,Hors intersection,Normale,Deux véhicules - côté,,,,,,,,,,,1,2,1,1,3
200600068197,0006-11-10 08:00:00,6,11,10,8,0,640,445,LOUP DU,,,Plein jour,En agglomération,Intersection en X,Normale,Deux véhicules - côté,,,,,,,,,,,1,2,2,1,3
200600068198,0006-11-10 14:55:00,6,11,10,14,55,640,445,"1, RESISTANCE",,,Plein jour,En agglomération,Intersection en X,Normale,Autre collision,,,,,,,,,,,1,2,2,1,6
200600068199,0006-11-10 15:50:00,6,11,10,15,50,640,445,"1, CORISANDE",,,Plein jour,En agglomération,Intersection en Y,Normale,Autre collision,,,,,,,,,,,1,2,4,1,6
200600068200,0006-11-12 02:10:00,6,11,12,2,10,640,445,RONSARD,,,Nuit avec éclairage allumé,En agglomération,Hors intersection,Pluie légère,Deux véhicules - frontale,,,,,,,,,,,5,2,1,2,1
200600068201,0006-11-15 10:00:00,6,11,15,10,0,640,335,SAINTE-CATHERINE,,,Plein jour,En agglomération,Hors intersection,Normale,Autre collision,,,,,,,,,,,1,2,1,1,6
200600068202,0006-11-15 20:05:00,6,11,15,20,5,640,445,"75, ALSACE LORRAINE D'",,,Nuit avec éclairage allumé,En agglomération,Intersection en X,Normale,Deux véhicules - frontale,,,,,,,,,,,5,2,2,1,1
200600068203,0006-11-15 14:00:00,6,11,15,14,0,640,445,"1, RESISTANCE",,,Plein jour,En agglomération,Intersection en X,Normale,Deux véhicules - côté,,,,,,,,,,,1,2,2,1,3
200600068204,0006-11-16 17:30:00,6,11,16,17,30,640,445,"48, ALSACE LORRAINE D'",,,Crépuscule ou aube,En agglomération,Intersection en X,Pluie légère,Deux véhicules - côté,,,,,,,,,,,2,2,2,2,3
200600068205,0006-11-16 20:20:00,6,11,16,20,20,640,445,"77, 14 JUILLET DU",,,Nuit avec éclairage allumé,En agglomération,Hors intersection,Pluie légère,Deux véhicules - arrière,,,,,,,,,,,5,2,1,2,2
200600068206,0006-11-16 20:20:00,6,11,16,20,20,640,129,BAYONNE DE,,,Nuit avec éclairage allumé,En agglomération,Giratoire,Pluie forte,Deux véhicules - côté,,,,,,,,,,,5,2,6,3,3
200600068207,0006-11-17 16:54:00,6,11,17,16,54,640,445,OLOF PALME,,,Plein jour,Hors agglomération,Hors intersection,Normale,Deux véhicules - côté,,,,,,,,,,,1,1,1,1,3
200600068208,0006-11-17 18:45:00,6,11,17,18,45,640,129,JEAN MERMOZ,,,Nuit avec éclairage allumé,En agglomération,Hors intersection,Normale,Deux véhicules - côté,,,,,,,,,,,5,2,1,1,3