accident_id,datetime,annee,mois,jour,heure,minute,departement,commune_insee,adresse,latitude,longitude,luminosite,agglomeration,intersection,meteo,collision,nb_vehicules,nb_usagers,nb_indemnes,nb_tues,nb_blesses_hosp,nb_blesses_legers,age_cond_1,age_cond_2,veh_type_cond_1,veh_type_cond_2,lum_code,agg_code,int_code,atm_code,col_code
200600068209,0006-11-17 13:40:00,6,11,17,13,40,640,129,"1, RESISTANCE",,,Plein jour,En agglomération,Giratoire,Normale,Deux véhicules - côté,,,,,,,,,,,1,2,6,1,3
200600068210,0006-11-20 17:15:00,6,11,20,17,15,640,129,BAYONNE DE,,,Plein jour,En agglomération,Hors intersection,Normale,Autre collision,,,,,,,,,,,1,2,1,1,6
200600068211,0006-11-23 07:55:00,6,11,23,7,55,640,445,"1, AMBROISE BORDELONGUE",,,Plein jour,En agglomération,Hors intersection,Normale,Deux véhicules - côté,,,,,,,,,,,1,2,1,1,3
200600068212,0006-11-23 16:30:00,6,11,23,16,30,640,348,"36, ERCKMAN CHATRIAN",,,Plein jour,En agglomération,Intersection en T,Normale,Deux véhicules - côté,,,,,,,,,,,1,2,3,1,3
200600068213,0006-11-23 18:45:00,6,11,23,18,45,640,348,DIDIER DAURAT,,,Nuit avec éclairage allumé,En agglomération,Hors intersection,Normale,Autre collision,,,,,,,,,,,5,2,1,1,6
200600068214,0006-11-24 14:00:00,6,11,24,14,0,640,348,"1, JOSEPH MARIE JACQUARD",,,Plein jour,En agglomération,Hors intersection,Normale,Autre collision,,,,,,,,,,,1,2,1,1,6
200600068215,0006-11-24 20:25:00,6,11,24,20,25,640,445,"155 BIS, PAIX",,,Nuit avec éclairage allumé,En agglomération,Hors intersection,Normale,Deux véhicules - côté,,,,,,,,,,,5,2,1,1,3
200600068216,0006-11-25 16:10:00,6,11,25,16,10,640,445,"4, EDOUARD HERRIOT",,,Plein jour,En agglomération,Hors intersection,Normale,Deux véhicules - arrière,,,,,,,,,,,1,2,1,1,2
200600068217,0006-11-26 01:30:00,6,11,26,1,30,640,269,"1, D938",,,Nuit sans éclairage public,Hors agglomération,Hors intersection,Normale,Deux véhicules - frontale,,,,,,,,,,,3,1,1,1,1
200600068218,0006-11-29 09:15:00,6,11,29,9,15,640,445,COMMUNE DE LA,,,Plein jour,En agglomération,Giratoire,Normale,Deux véhicules - côté,,,,,,,,,,,1,2,6,1,3
200600068219,0006-11-28 09:54:00,6,11,28,9,54,640,237,CAPDEROU DE,,,Plein jour,Hors agglomération,Hors intersection,Normale,Deux véhicules - frontale,,,,,,,,,,,1,1,1,1,1
200600068220,0006-11-28 08:00:00,6,11,28,8,0,640,348,"97, MARTYRS DU PONT LONG",,,Plein jour,En agglomération,Hors intersection,Normale,Deux véhicules - côté,,,,,,,,,,,1,2,1,1,3
200600068221,0006-11-28 13:30:00,6,11,28,13,30,640,445,ALSACE LORRAINE D',,,Plein jour,En agglomération,Intersection en X,Normale,Deux véhicules - côté,,,,,,,,,,,1,2,2,1,3
200600068222,0006-11-29 09:10:00,6,11,29,9,10,640,335,"1, PASTEUR",,,Plein jour,En agglomération,Hors intersection,Normale,Deux véhicules - côté,,,,,,,,,,,1,2,1,1,3
200600068223,0006-11-29 18:17:00,6,11,29,18,17,640,445,GENERAL DE GAULLE DU,,,Nuit avec éclairage allumé,En agglomération,Hors intersection,Normale,Deux véhicules - côté,,,,,,,,,,,5,2,1,1,3
200600068224,0006-11-30 17:10:00,6,11,30,17,10,640,445,"60, LAURIERS DES",,,Nuit avec éclairage allumé,En agglomération,Intersection en T,Normale,Deux véhicules - côté,,,,,,,,,,,5,2,3,1,3
200600068225,0006-11-30 15:30:00,6,11,30,15,30,640,445,DIDIER DAURAT,,,Plein jour,En agglomération,Intersection en X,Normale,Deux véhicules - côté,,,,,,,,,,,1,2,2,1,3
200600068226,0006-11-30 20:30:00,6,11,30,20,30,640,348,TONKIN DU,,,Nuit avec éclairage allumé,En agglomération,Intersection en T,Normale,Deux véhicules - frontale,,,,,,,,,,,5,2,3,1,1
200600068227,0006-11-03 14:25:00,6,11,3,14,25,640,483,"1, ANDENIA (AVENUE)",,,Plein jour,En agglomération,Intersection en T,Normale,Deux véhicules - côté,,,,,,,,,,,1,2,3,1,3
200600068228,0006-11-09 17:55:00,6,11,9,17,55,640,483,CHANTACO (AVENUE DE ),,,Crépuscule ou aube,En agglomération,Hors intersection,Normale,Deux véhicules - arrière,,,,,,,,,,,2,2,1,1,2
200600068229,0006-11-11 14:00:00,6,11,11,14,0,640,483,PASSICOT JEAN MARTIN (BD,,,Plein jour,En agglomération,Hors intersection,Pluie légère,Deux véhicules - frontale,,,,,,,,,,,1,2,1,2,1
200600068230,0006-11-13 16:45:00,6,11,13,16,45,640,249,GETARIA(AVENUE),,,Plein jour,En agglomération,Hors intersection,Normale,Deux véhicules - frontale,,,,,,,,,,,1,2,1,1,1
200600068231,0006-11-14 10:45:00,6,11,14,10,45,640,545,RN10,,,Plein jour,En agglomération,Hors intersection,Normale,Trois véhicules et plus - collisions multiples,,,,,,,,,,,1,2,1,1,5
200600068232,0006-11-23 10:50:00,6,11,23,10,50,640,189,"1, BASQUES (ALLEE DES)",,,Plein jour,En agglomération,Hors intersection,Normale,Autre collision,,,,,,,,,,,1,2,1,1,6
200600068233,0006-11-06 13:25:00,6,11,6,13,25,640,483,"22, HUGO VICTOR (BOULEVA",,,Plein jour,En agglomération,Hors intersection,Normale,Autre collision,,,,,,,,,,,1,2,1,1,6
200600068234,0006-11-16 23:00:00,6,11,16,23,0,640,249,GETARIA(AVENUE),,,Nuit avec éclairage allumé,En agglomération,Hors intersection,Temps couvert,Deux véhicules - arrière,,,,,,,,,,,5,2,1,8,2
200600068235,0006-11-06 16:45:00,6,11,6,16,45,650,286,"1, ESPAGNE (BOULEVARD D'",,,Plein jour,En agglomération,Passage à niveau,Normale,Trois véhicules et plus - en chaîne,,,,,,,,,,,1,2,8,1,4
200600068236,0006-11-08 10:00:00,6,11,8,10,0,650,286,"1, MARQUI (AVENUE ALEXAN",,,Plein jour,En agglomération,Hors intersection,Normale,Deux véhicules - côté,,,,,,,,,,,1,2,1,1,3
200600068237,0006-11-10 17:55:00,6,11,10,17,55,650,286,MARQUI (AVENUE ALEXANDRE,,,Nuit sans éclairage public,En agglomération,Hors intersection,Normale,Deux véhicules - côté,,,,,,,,,,,3,2,1,1,3
200600068238,0006-11-16 20:00:00,6,11,16,20,0,650,286,"5 BIS, ROMAIN (BOULEVARD",,,Nuit avec éclairage non allumé,En agglomération,Intersection en T,Pluie légère,Deux véhicules - côté,,,,,,,,,,,4,2,3,2,3
200600068239,0006-11-18 18:25:00,6,11,18,18,25,650,286,JUIN (AVENUE MARECHAL),,,Nuit avec éclairage allumé,En agglomération,Intersection en X,Normale,Autre collision,,,,,,,,,,,5,2,2,1,6
200600068240,0006-11-21 18:24:00,6,11,21,18,24,650,286,MARCADAL (PLACE),,,Nuit avec éclairage allumé,En agglomération,Autre intersection,Pluie forte,Autre collision,,,,,,,,,,,5,2,9,3,6
200600068241,0006-11-01 11:15:00,6,11,1,11,15,650,440,"., MARTINET (BOULEVARD D",,,Plein jour,En agglomération,Intersection en X,Pluie légère,Sans collision,,,,,,,,,,,1,2,2,2,7
200600068242,0006-11-02 18:40:00,6,11,2,18,40,650,440,"., CARNOT (RUE)",,,Nuit avec éclairage allumé,En agglomération,Intersection en T,Normale,Deux véhicules - arrière,,,,,,,,,,,5,2,3,1,2
200600068243,0006-11-03 19:55:00,6,11,3,19,55,650,440,"., ALSACE LORRAINE (AVEN",,,Nuit avec éclairage allumé,En agglomération,Intersection en X,Normale,Deux véhicules - côté,,,,,,,,,,,5,2,2,1,3
200600068244,0006-11-06 08:35:00,6,11,6,8,35,650,440,"., DESAIX (RUE)",,,Plein jour,En agglomération,Intersection en X,Normale,Deux véhicules - côté,,,,,,,,,,,1,2,2,1,3
200600068245,0006-11-06 20:43:00,6,11,6,20,43,650,440,"23, MARCADIEU (PLACE)",,,Nuit avec éclairage allumé,En agglomération,Hors intersection,Normale,Autre collision,,,,,,,,,,,5,2,1,1,6
200600068246,0006-11-08 12:07:00,6,11,8,12,7,650,47,"123 bis, JAURES (AVE JEA",,,Plein jour,En agglomération,Hors intersection,Normale,Deux véhicules - arrière,,,,,,,,,,,1,2,1,1,2
200600068247,0006-11-08 14:30:00,6,11,8,14,30,650,440,"12, FOURCADE (RUE ANDRE)",,,Plein jour,En agglomération,Hors intersection,Normale,Deux véhicules - côté,,,,,,,,,,,1,2,1,1,3
200600068248,0006-11-09 11:35:00,6,11,9,11,35,650,440,"8 bis, CRONSTADT (RUE DE",,,Plein jour,En agglomération,Hors intersection,Normale,Trois véhicules et plus - en chaîne,,,,,,,,,,,1,2,1,1,4
200600068249,0006-11-14 08:05:00,6,11,14,8,5,650,440,"., BRAUHAUBAN (RUE)",,,Plein jour,En agglomération,Intersection en X,Normale,Deux véhicules - frontale,,,,,,,,,,,1,2,2,1,1
200600068250,0006-11-14 18:25:00,6,11,14,18,25,650,440,"., LATTRE DE TASSIGNY(BO",,,Nuit avec éclairage allumé,En agglomération,Intersection en T,Normale,Deux véhicules - côté,,,,,,,,,,,5,2,3,1,3
200600068251,0006-11-15 11:05:00,6,11,15,11,5,650,47,"2, FERRY (RUE JULES)",,,Plein jour,En agglomération,Hors intersection,Normale,Deux véhicules - côté,,,,,,,,,,,1,2,1,1,3
200600068252,0006-11-20 08:15:00,6,11,20,8,15,650,226,PAU (ROUTE DE),,,Plein jour,Hors agglomération,Hors intersection,Normale,Sans collision,,,,,,,,,,,1,1,1,1,7
200600068253,0006-11-20 17:35:00,6,11,20,17,35,650,440,"24, TENOT (RUE EUGENE)",,,Plein jour,En agglomération,Intersection en X,Normale,Deux véhicules - côté,,,,,,,,,,,1,2,2,1,3
200600068254,0006-11-21 09:00:00,6,11,21,9,0,650,440,"3, HUESCA (AVENUE DE)",,,Plein jour,En agglomération,Intersection en X,Pluie légère,Deux véhicules - arrière,,,,,,,,,,,1,2,2,2,2
200600068255,0006-11-21 17:05:00,6,11,21,17,5,650,440,"10, ADOUR (QUAI DE L')",,,Plein jour,En agglomération,Hors intersection,Pluie forte,Deux véhicules - arrière,,,,,,,,,,,1,2,1,3,2
200600068256,0006-11-21 19:00:00,6,11,21,19,0,650,440,"., MOULIN (BOULEVARD JEA",,,Nuit avec éclairage allumé,En agglomération,Intersection en X,Pluie forte,Deux véhicules - frontale,,,,,,,,,,,5,2,2,3,1
200600068257,0006-11-23 07:50:00,6,11,23,7,50,650,440,"., MAQUIS DE SOMBRUN (RU",,,Plein jour,En agglomération,Intersection en T,Normale,Autre collision,,,,,,,,,,,1,2,3,1,6
200600068258,0006-11-24 07:50:00,6,11,24,7,50,650,440,"., BREYER (RUE ANDRE)",,,Plein jour,En agglomération,Intersection en X,Normale,Deux véhicules - côté,,,,,,,,,,,1,2,2,1,3
200600068259,0006-11-25 00:50:00,6,11,25,0,50,650,417,"., PONT DE LA MARNE",,,Nuit avec éclairage allumé,En agglomération,Hors intersection,Normale,Deux véhicules - frontale,,,,,,,,,,,5,2,1,1,1
200600068260,0006-11-27 20:12:00,6,11,27,20,12,650,440,"5, DALLOZ (RUE LEON)",,,Nuit avec éclairage allumé,En agglomération,Hors intersection,Normale,Deux véhicules - côté,,,,,,,,,,,5,2,1,1,3
200600068261,0006-11-27 21:30:00,6,11,27,21,30,650,440,"., KENNEDY (AVENUE DU PR",,,Nuit avec éclairage allumé,En agglomération,Intersection en T,Normale,Sans collision,,,,,,,,,,,5,2,3,1,7
200600068262,0006-11-27 21:50:00,6,11,27,21,50,650,440,"., JUIN (BOULEVARD DU MA",,,Nuit avec éclairage allumé,En agglomération,Giratoire,Normale,Sans collision,,,,,,,,,,,5,2,6,1,7
200600068263,0006-11-01 04:08:00,6,11,1,4,8,660,136,"4, PYRENEES (BOULEVARD D",,,Nuit avec éclairage allumé,En agglomération,Hors intersection,Normale,Deux véhicules - frontale,,,,,,,,,,,5,2,1,1,1
200600068264,0006-11-03 11:15:00,6,11,3,11,15,660,136,PRADES (AVENUE DE ) ST C,,,Plein jour,Hors agglomération,Intersection en T,Normale,Trois véhicules et plus - collisions multiples,,,,,,,,,,,1,1,3,1,5
200600068265,0006-11-10 16:00:00,6,11,10,16,0,660,136,"6, XIRMENS (CHEMIN DEL)",,,Plein jour,En agglomération,Hors intersection,Normale,Deux véhicules - côté,,,,,,,,,,,1,2,1,1,3
200600068266,0006-11-15 11:40:00,6,11,15,11,40,660,136,JOFFRE (AVENUE DU MARECH,,,Plein jour,En agglomération,Hors intersection,Normale,Autre collision,,,,,,,,,,,1,2,1,1,6
200600068267,0006-11-16 19:00:00,6,11,16,19,0,660,136,ROUTE NATIONALE 9,,,Nuit sans éclairage public,Hors agglomération,Hors intersection,Normale,Autre collision,,,,,,,,,,,3,1,1,1,6
200600068268,0006-11-22 14:55:00,6,11,22,14,55,660,136,"44, SERENADES (DES)",,,Plein jour,En agglomération,Hors intersection,Normale,Autre collision,,,,,,,,,,,1,2,1,1,6
200600068269,0006-11-23 07:30:00,6,11,23,7,30,660,136,"15 BIS, SAINT-ASSISCLE (",,,Crépuscule ou aube,En agglomération,Intersection en T,Normale,Deux véhicules - côté,,,,,,,,,,,2,2,3,1,3
200600068270,0006-11-10 17:25:00,6,11,10,17,25,670,180,BITCHE (ROUTE DE),,,Nuit sans éclairage public,Hors agglomération,Hors intersection,Normale,Autre collision,,,,,,,,,,,3,1,1,1,6
200600068271,0006-11-27 17:15:00,6,11,27,17,15,670,180,"FACE AU 14, NESSEL (BLD)",,,Nuit avec éclairage allumé,En agglomération,Hors intersection,Normale,Autre collision,,,,,,,,,,,5,2,1,1,6
200600068272,0006-11-03 08:55:00,6,11,3,8,55,670,267,"0, CHATEAU (RUE DU)",,,Plein jour,En agglomération,Intersection en X,Pluie légère,Autre collision,,,,,,,,,,,1,2,2,2,6
200600068273,0006-11-03 10:45:00,6,11,3,10,45,670,365,LINGOLSHEIM (RUE DE),,,Plein jour,En agglomération,Intersection en X,Normale,Deux véhicules - arrière,,,,,,,,,,,1,2,2,1,2
200600068274,0006-11-03 22:15:00,6,11,3,22,15,670,447,"142, BISCHWILLER (ROUTE",,,Nuit avec éclairage allumé,En agglomération,Hors intersection,Normale,Autre collision,,,,,,,,,,,5,2,1,1,6
200600068275,0006-11-05 00:45:00,6,11,5,0,45,670,482,"3, DOUBS (RUE DU)",,,Nuit avec éclairage allumé,En agglomération,Hors intersection,Normale,Deux véhicules - côté,,,,,,,,,,,5,2,1,1,3
200600068276,0006-11-05 16:45:00,6,11,5,16,45,670,482,"9, TRAENHEIM (QUAI DE)",,,Plein jour,En agglomération,Hors intersection,Normale,Deux véhicules - côté,,,,,,,,,,,1,2,1,1,3
200600068277,0006-11-05 17:46:00,6,11,5,17,46,670,482,"00, JACOUTOT (QUAI)",,,Nuit sans éclairage public,En agglomération,Hors intersection,Normale,Autre collision,,,,,,,,,,,3,2,1,1,6
200600068278,0006-11-06 09:15:00,6,11,6,9,15,670,482,"00, VOSGES (AVENUE DES)",,,Plein jour,En agglomération,Hors intersection,Normale,Deux véhicules - arrière,,,,,,,,,,,1,2,1,1,2
200600068279,0006-11-06 13:15:00,6,11,6,13,15,670,482,"00, ROBERTSAU (ALLEE DE",,,Plein jour,En agglomération,Intersection en X,Normale,Autre collision,,,,,,,,,,,1,2,2,1,6
200600068280,0006-11-07 08:21:00,6,11,7,8,21,670,482,"0, MARKSGARTEN (RUE DU)",,,Plein jour,En agglomération,Intersection en T,Brouillard / fumée,Deux véhicules - côté,,,,,,,,,,,1,2,3,5,3
200600068281,0006-11-07 17:50:00,6,11,7,17,50,670,447,"0, PETITS CHAMPS (RUE DE",,,Nuit avec éclairage allumé,En agglomération,Intersection en X,Normale,Deux véhicules - côté,,,,,,,,,,,5,2,2,1,3
200600068282,0006-11-10 18:15:00,6,11,10,18,15,670,482,"206, SCHIRMECK (ROUTE DE",,,Nuit avec éclairage allumé,En agglomération,Hors intersection,Normale,Autre collision,,,,,,,,,,,5,2,1,1,6
200600068283,0006-11-10 18:35:00,6,11,10,18,35,670,482,"00, FORET NOIRE (AVENUE",,,Nuit avec éclairage allumé,En agglomération,Hors intersection,Normale,Deux véhicules - côté,,,,,,,,,,,5,2,1,1,3
200600068284,0006-11-13 20:04:00,6,11,13,20,4,670,447,"00, GENERAL DE GAULLE (R",,,Nuit avec éclairage allumé,En agglomération,Intersection en X,Pluie légère,Deux véhicules - côté,,,,,,,,,,,5,2,2,2,3
200600068285,0006-11-14 18:00:00,6,11,14,18,0,670,482,"00, ALPES (QUAI DES)",,,Nuit avec éclairage allumé,En agglomération,Intersection en X,Normale,Trois véhicules et plus - collisions multiples,,,,,,,,,,,5,2,2,1,5
200600068286,0006-11-15 16:00:00,6,11,15,16,0,670,482,"0, REPUBLIQUE (PLACE DE",,,Plein jour,En agglomération,Intersection en T,Normale,Autre collision,,,,,,,,,,,1,2,3,1,6
200600068287,0006-11-09 22:31:00,6,11,9,22,31,670,482,"00, NANCY (BOULEVARD DE)",,,Nuit avec éclairage allumé,En agglomération,Intersection en X,Normale,Deux véhicules - frontale,,,,,,,,,,,5,2,2,1,1
200600068288,0006-11-17 08:00:00,6,11,17,8,0,670,482,"0, DANTE (AVENUE)",,,Plein jour,En agglomération,Hors intersection,Normale,Deux véhicules - arrière,,,,,,,,,,,1,2,1,1,2
200600068289,0006-11-17 15:10:00,6,11,17,15,10,670,482,"0, BROGLIE (PLACE)",,,Plein jour,En agglomération,Hors intersection,Normale,Autre collision,,,,,,,,,,,1,2,1,1,6
200600068290,0006-11-17 18:20:00,6,11,17,18,20,670,482,"0, WACKEN (RUE DU)",,,Crépuscule ou aube,En agglomération,Intersection en X,Normale,Deux véhicules - côté,,,,,,,,,,,2,2,2,1,3
200600068291,0006-11-18 10:50:00,6,11,18,10,50,670,482,"10, ANVERS (BOULEVARD D",,,Plein jour,En agglomération,Intersection en T,Normale,Autre collision,,,,,,,,,,,1,2,3,1,6
200600068292,0006-11-18 11:10:00,6,11,18,11,10,670,267,"00, OSTWALD (RUE D )",,,Plein jour,En agglomération,Intersection en T,Normale,Deux véhicules - côté,,,,,,,,,,,1,2,3,1,3
200600068293,0006-11-18 11:15:00,6,11,18,11,15,670,482,"166, MITTELHAUSBERGEN (R",,,Plein jour,En agglomération,Hors intersection,Normale,Trois véhicules et plus - collisions multiples,,,,,,,,,,,1,2,1,1,5
200600068294,0006-11-18 12:20:00,6,11,18,12,20,670,482,", ANVERS (BOULEVARD D )",,,Plein jour,En agglomération,Hors intersection,Normale,Autre collision,,,,,,,,,,,1,2,1,1,6
200600068295,0006-11-20 14:25:00,6,11,20,14,25,670,482,KOENIGSHOFFEN (RUE DE),,,Plein jour,En agglomération,Intersection en T,Normale,Autre collision,,,,,,,,,,,1,2,3,1,6
200600068296,0006-11-21 07:00:00,6,11,21,7,0,670,218,"13, VERGER (RUE DU)",,,Crépuscule ou aube,En agglomération,Autre intersection,Normale,Autre collision,,,,,,,,,,,2,2,9,1,6
200600068297,0006-11-21 11:25:00,6,11,21,11,25,670,482,JEAN JAURES (AVENUE),,,Plein jour,En agglomération,Intersection en T,Pluie forte,Deux véhicules - côté,,,,,,,,,,,1,2,3,3,3
200600068298,0006-11-21 16:50:00,6,11,21,16,50,670,482,"4, FRANCS BOURGEOIS (RUE",,,Nuit avec éclairage allumé,En agglomération,Intersection en X,Pluie légère,Autre collision,,,,,,,,,,,5,2,2,2,6
200600068299,0006-11-22 16:30:00,6,11,22,16,30,670,218,LE CORBUSIER ( RUE ),,,Nuit avec éclairage allumé,En agglomération,Hors intersection,Normale,Autre collision,,,,,,,,,,,5,2,1,1,6
200600068300,0006-11-22 16:40:00,6,11,22,16,40,670,218,23 NOVEMBRE (RUE DU),,,Nuit avec éclairage allumé,En agglomération,Giratoire,Normale,Deux véhicules - côté,,,,,,,,,,,5,2,6,1,3
200600068301,0006-11-23 17:00:00,6,11,23,17,0,670,482,"12, ORPHELINS (RUE DES)",,,Nuit avec éclairage allumé,En agglomération,Hors intersection,Normale,Autre collision,,,,,,,,,,,5,2,1,1,6
200600068302,0006-11-25 13:50:00,6,11,25,13,50,670,482,"0, FAUBOURG DE SAVERNE (",,,Plein jour,En agglomération,Hors intersection,Normale,Deux véhicules - arrière,,,,,,,,,,,1,2,1,1,2
200600068303,0006-11-25 14:24:00,6,11,25,14,24,670,482,"0, FUSTEL DE COULANGES (",,,Plein jour,En agglomération,Intersection en X,Normale,Deux véhicules - côté,,,,,,,,,,,1,2,2,1,3
200600068304,0006-11-27 08:21:00,6,11,27,8,21,670,447,"0, BARR (RUE DE)",,,Plein jour,En agglomération,Intersection en T,Brouillard / fumée,Deux véhicules - côté,,,,,,,,,,,1,2,3,5,3
200600068305,0006-11-28 04:25:00,6,11,28,4,25,670,482,"0, DOUBS (RUE DU)",,,Nuit avec éclairage allumé,En agglomération,Hors intersection,Brouillard / fumée,Autre collision,,,,,,,,,,,5,2,1,5,6
200600068306,0006-11-28 17:00:00,6,11,28,17,0,670,218,"10A, VINCENT SCOTTO (RUE",,,Nuit avec éclairage allumé,En agglomération,Hors intersection,Normale,Deux véhicules - côté,,,,,,,,,,,5,2,1,1,3
200600068307,0006-11-30 01:30:00,6,11,30,1,30,670,482,"0, RHIN (ROUTE DU)",,,Nuit avec éclairage allumé,En agglomération,Intersection en T,Normale,Deux véhicules - côté,,,,,,,,,,,5,2,3,1,3
200600068308,0006-11-04 13:25:00,6,11,4,13,25,680,66,"36, PARIS (AVENUE DE)",,,Plein jour,En agglomération,Intersection en X,Normale,Deux véhicules - côté,,,,,,,,,,,1,2,2,1,3
200600068309,0006-11-12 18:20:00,6,11,12,18,20,680,66,SELESTAT (ROUTE DE),,,Nuit avec éclairage allumé,En agglomération,Intersection en Y,Normale,Deux véhicules - côté,,,,,,,,,,,5,2,4,1,3
200600068310,0006-11-13 20:05:00,6,11,13,20,5,680,66,C.D.13,,,Nuit sans éclairage public,Hors agglomération,Hors intersection,Normale,Autre collision,,,,,,,,,,,3,1,1,1,6
200600068311,0006-11-15 17:10:00,6,11,15,17,10,680,66,"58, INGERSHEIM (ROUTE D'",,,Plein jour,En agglomération,Hors intersection,Normale,Deux véhicules - côté,,,,,,,,,,,1,2,1,1,3
200600068312,0006-11-17 14:05:00,6,11,17,14,5,680,66,REPUBLIQUE (AVENUE DE LA,,,Plein jour,En agglomération,Intersection en X,Normale,Deux véhicules - côté,,,,,,,,,,,1,2,2,1,3
200600068313,0006-11-15 11:45:00,6,11,15,11,45,680,66,"30, NORD (RUE DU)",,,Plein jour,En agglomération,Intersection en X,Normale,Deux véhicules - côté,,,,,,,,,,,1,2,2,1,3
200600068314,0006-11-21 16:45:00,6,11,21,16,45,680,66,ALSACE (RUE D'),,,Plein jour,En agglomération,Intersection en T,Normale,Deux véhicules - côté,,,,,,,,,,,1,2,3,1,3
200600068315,0006-11-28 07:00:00,6,11,28,7,0,680,66,EUROPE (AVENUE DE L'),,,Nuit avec éclairage allumé,En agglomération,Hors intersection,Brouillard / fumée,Autre collision,,,,,,,,,,,5,2,1,5,6
200600068316,0006-11-30 21:20:00,6,11,30,21,20,680,66,INGERSHEIM (ROUTE D'),,,Nuit avec éclairage allumé,En agglomération,Intersection en X,Normale,Deux véhicules - arrière,,,,,,,,,,,5,2,2,1,2
200600068317,0006-11-06 12:20:00,6,11,6,12,20,680,112,"15, MARECHAL FOCH (AVENU",,,Plein jour,En agglomération,Hors intersection,Normale,Autre collision,,,,,,,,,,,1,2,1,1,6
200600068318,0006-11-18 17:50:00,6,11,18,17,50,680,112,"1, MARECHAL FOCH (AVENUE",,,Nuit avec éclairage allumé,En agglomération,Intersection en X,Normale,Deux véhicules - côté,,,,,,,,,,,5,2,2,1,3
200600068319,0006-11-10 22:30:00,6,11,10,22,30,680,224,"2, BRIAND (AVENUE ARISTI",,,Nuit avec éclairage allumé,En agglomération,Hors intersection,Normale,Trois véhicules et plus - en chaîne,,,,,,,,,,,5,2,1,1,4
200600068320,0006-11-06 08:05:00,6,11,6,8,5,680,224,"15, MITTERRAND (AVENUE F",,,Plein jour,En agglomération,Intersection en T,Normale,Deux véhicules - côté,,,,,,,,,,,1,2,3,1,3
200600068321,0006-11-13 20:30:00,6,11,13,20,30,680,224,ROMAINS (RUE DES),,,Nuit avec éclairage allumé,En agglomération,Intersection en X,Normale,Deux véhicules - arrière,,,,,,,,,,,5,2,2,1,2
200600068322,0006-11-02 16:15:00,6,11,2,16,15,680,224,"60, BRIAND (AVENUE ARIST",,,Plein jour,En agglomération,Hors intersection,Normale,Autre collision,,,,,,,,,,,1,2,1,1,6
200600068323,0006-11-16 16:10:00,6,11,16,16,10,680,224,"35, DMC",,,Plein jour,En agglomération,Hors intersection,Normale,Autre collision,,,,,,,,,,,1,2,1,1,6
200600068324,0006-11-21 13:50:00,6,11,21,13,50,680,224,"137/141???, MITTERRAND (",,,Plein jour,En agglomération,Intersection en T,Pluie légère,Deux véhicules - côté,,,,,,,,,,,1,2,3,2,3
200600068325,0006-11-22 14:05:00,6,11,22,14,5,680,224,REGIMENT DE TRANSMISSION,,,Plein jour,En agglomération,Hors intersection,Normale,Autre collision,,,,,,,,,,,1,2,1,1,6
200600068326,0006-11-16 16:40:00,6,11,16,16,40,680,224,"154, PORTE DU MIROIR",,,Crépuscule ou aube,En agglomération,Hors intersection,Normale,Trois véhicules et plus - collisions multiples,,,,,,,,,,,2,2,1,1,5
200600068327,0006-11-29 18:30:00,6,11,29,18,30,680,224,AUTOROUTE A 36,,,Nuit avec éclairage allumé,Hors agglomération,Hors intersection,Pluie légère,Trois véhicules et plus - collisions multiples,,,,,,,,,,,5,1,1,2,5
200600068328,0006-11-21 12:30:00,6,11,21,12,30,680,224,"39, CERF (RUE DU)",,,Plein jour,En agglomération,Hors intersection,Normale,Autre collision,,,,,,,,,,,1,2,1,1,6
200600068329,0006-11-02 12:15:00,6,11,2,12,15,680,297,MULHOUSE (RUE DE)DU CIME,,,Plein jour,En agglomération,Intersection en X,Normale,Deux véhicules - côté,,,,,,,,,,,1,2,2,1,3
200600068330,0006-11-22 17:45:00,6,11,22,17,45,680,297,"32, DE GAULLE ( AVE DU G",,,Nuit avec éclairage allumé,En agglomération,Intersection en T,Normale,Deux véhicules - côté,,,,,,,,,,,5,2,3,1,3
200600068331,0006-11-06 16:15:00,6,11,6,16,15,690,29,REIMS (DE),,,Plein jour,En agglomération,Intersection en X,Normale,Deux véhicules - côté,,,,,,,,,,,1,2,2,1,3
200600068332,0006-11-07 13:45:00,6,11,7,13,45,690,29,FRANKLIN ROOSEVELT,,,Plein jour,En agglomération,Hors intersection,Normale,Deux véhicules - côté,,,,,,,,,,,1,2,1,1,3
200600068333,0006-11-13 09:00:00,6,11,13,9,0,690,29,"/, AVENUE FRANKLIN ROOSE",,,Plein jour,En agglomération,Intersection en T,Normale,Deux véhicules - côté,,,,,,,,,,,1,2,3,1,3
200600068334,0006-11-13 10:25:00,6,11,13,10,25,690,34,"100, COSTE",,,Plein jour,En agglomération,Hors intersection,Normale,Autre collision,,,,,,,,,,,1,2,1,1,6
200600068335,0006-11-16 18:15:00,6,11,16,18,15,690,34,AVENUE GENERAL DE GAULLE,,,Nuit avec éclairage allumé,En agglomération,Intersection en T,Normale,Autre collision,,,,,,,,,,,5,2,3,1,6
200600068336,0006-11-23 07:35:00,6,11,23,7,35,690,34,"144, CHEMIN DE CREPIEUX",,,Crépuscule ou aube,En agglomération,Hors intersection,Normale,Autre collision,,,,,,,,,,,2,2,1,1,6
200600068337,0006-11-24 17:10:00,6,11,24,17,10,690,34,"55, AVENUE JEAN MONNET",,,Crépuscule ou aube,En agglomération,Hors intersection,Normale,Autre collision,,,,,,,,,,,2,2,1,1,6