accident_id,datetime,annee,mois,jour,heure,minute,departement,commune_insee,adresse,latitude,longitude,luminosite,agglomeration,intersection,meteo,collision,nb_vehicules,nb_usagers,nb_indemnes,nb_tues,nb_blesses_hosp,nb_blesses_legers,age_cond_1,age_cond_2,veh_type_cond_1,veh_type_cond_2,lum_code,agg_code,int_code,atm_code,col_code
200600068599,0006-11-06 17:55:00,6,11,6,17,55,750,17,R DE COURCELLES R MEDERI,,,Nuit avec éclairage allumé,En agglomération,Intersection en T,Normale,Autre collision,,,,,,,,,,,5,2,3,1,6
200600068600,0006-11-06 15:30:00,6,11,6,15,30,750,17,BD GOUVION ST CYR R GUER,,,Plein jour,En agglomération,Intersection en X,Normale,Deux véhicules - côté,,,,,,,,,,,1,2,2,1,3
200600068601,0006-11-06 18:20:00,6,11,6,18,20,750,18,40 R VAUVENARGUES,,,Nuit avec éclairage allumé,En agglomération,Hors intersection,Normale,Deux véhicules - côté,,,,,,,,,,,5,2,1,1,3
200600068602,0006-11-06 14:55:00,6,11,6,14,55,750,18,ECH CLIGNANCOURT AV PTE,,,Plein jour,En agglomération,Intersection en X,Normale,Deux véhicules - côté,,,,,,,,,,,1,2,2,1,3
200600068603,0006-11-06 14:05:00,6,11,6,14,5,750,19,R ARCHEREAU R DE CRIMEE,,,Plein jour,En agglomération,Intersection en X,Normale,Autre collision,,,,,,,,,,,1,2,2,1,6
200600068604,0006-11-06 19:30:00,6,11,6,19,30,750,19,PL PORTE DE PANTIN,,,Nuit avec éclairage allumé,En agglomération,Hors intersection,Normale,Sans collision,,,,,,,,,,,5,2,1,1,7
200600068605,0006-11-07 02:10:00,6,11,7,2,10,750,19,54 R DE L OURCQ,,,Nuit avec éclairage allumé,En agglomération,Hors intersection,Normale,Autre collision,,,,,,,,,,,5,2,1,1,6
200600068606,0006-11-06 18:45:00,6,11,6,18,45,750,20,R DE BAGNOLET R FLORIAN,,,Nuit avec éclairage allumé,En agglomération,Intersection en T,Normale,Autre collision,,,,,,,,,,,5,2,3,1,6
200600068607,0006-11-07 09:00:00,6,11,7,9,0,750,5,BD SAINT GERMAIN R  SAIN,,,Plein jour,En agglomération,Intersection en X,Temps couvert,Autre collision,,,,,,,,,,,1,2,2,8,6
200600068608,0006-11-07 19:05:00,6,11,7,19,5,750,5,12 QU SAINT BERNARD,,,Nuit avec éclairage allumé,En agglomération,Hors intersection,Normale,Autre collision,,,,,,,,,,,5,2,1,1,6
200600068609,0006-11-07 10:20:00,6,11,7,10,20,750,7,36 AV DUQUESNE,,,Plein jour,En agglomération,Hors intersection,Normale,Deux véhicules - côté,,,,,,,,,,,1,2,1,1,3
200600068610,0006-11-07 09:35:00,6,11,7,9,35,750,8,4 AV DE MESSINE,,,Plein jour,En agglomération,Hors intersection,Temps couvert,Sans collision,,,,,,,,,,,1,2,1,8,7
200600068611,0006-11-07 15:10:00,6,11,7,15,10,750,11,60 R FG SAINT ANTOINE,,,Plein jour,En agglomération,Hors intersection,Temps couvert,Autre collision,,,,,,,,,,,1,2,1,8,6
200600068612,0006-11-07 17:00:00,6,11,7,17,0,750,12,L7149 R GEN DE L DE CARY,,,Plein jour,En agglomération,Hors intersection,Normale,Sans collision,,,,,,,,,,,1,2,1,1,7
200600068613,0006-11-07 14:10:00,6,11,7,14,10,750,13,AV CAFFIERI R DE SAINTE,,,Plein jour,En agglomération,Intersection en X,Normale,Deux véhicules - côté,,,,,,,,,,,1,2,2,1,3
200600068614,0006-11-07 17:55:00,6,11,7,17,55,750,14,28 R DE CHATILLON,,,Nuit avec éclairage allumé,En agglomération,Hors intersection,Normale,Autre collision,,,,,,,,,,,5,2,1,1,6
200600068615,0006-11-07 02:10:00,6,11,7,2,10,750,14,AV DU MAINE R DES PLANTE,,,Nuit avec éclairage allumé,En agglomération,Intersection en X,Normale,Autre collision,,,,,,,,,,,5,2,2,1,6
200600068616,0006-11-07 09:05:00,6,11,7,9,5,750,16,L9458 RTE DES TRIBUNES,,,Plein jour,En agglomération,Hors intersection,Normale,Deux véhicules - côté,,,,,,,,,,,1,2,1,1,3
200600068617,0006-11-07 10:35:00,6,11,7,10,35,750,17,BD GOUVION ST CYR R LAUG,,,Plein jour,En agglomération,Intersection à plus de 4 branches,Normale,Autre collision,,,,,,,,,,,1,2,5,1,6
200600068618,0006-11-20 19:00:00,6,11,20,19,0,750,17,R CARDINET AV DE CLICHY,,,Nuit avec éclairage allumé,En agglomération,Intersection en T,Pluie forte,Autre collision,,,,,,,,,,,5,2,3,3,6
200600068619,0006-11-07 02:20:00,6,11,7,2,20,750,18,42 AV DE CLICHY,,,Nuit avec éclairage allumé,En agglomération,Hors intersection,Normale,Autre collision,,,,,,,,,,,5,2,1,1,6
200600068620,0006-11-07 12:45:00,6,11,7,12,45,750,18,6 AV PTE MONTMARTRE,,,Plein jour,En agglomération,Hors intersection,Normale,Autre collision,,,,,,,,,,,1,2,1,1,6
200600068621,0006-11-07 00:05:00,6,11,7,0,5,750,20,R DU JOURDAIN R DES PYRE,,,Nuit avec éclairage allumé,En agglomération,Intersection en Y,Normale,Autre collision,,,,,,,,,,,5,2,4,1,6
200600068622,0006-11-07 14:50:00,6,11,7,14,50,750,20,R ORFILA R DES PYRENEES,,,Plein jour,En agglomération,Intersection en X,Normale,Sans collision,,,,,,,,,,,1,2,2,1,7
200600068623,0006-11-08 22:05:00,6,11,8,22,5,750,1,17 PL VENDOME,,,Nuit avec éclairage allumé,En agglomération,Hors intersection,Normale,Deux véhicules - arrière,,,,,,,,,,,5,2,1,1,2
200600068624,0006-11-08 13:08:00,6,11,8,13,8,750,1,R DE CASTIGLIONE R SAINT,,,Plein jour,En agglomération,Intersection en X,Temps couvert,Autre collision,,,,,,,,,,,1,2,2,8,6
200600068625,0006-11-08 18:30:00,6,11,8,18,30,750,5,76 BD DE PORT ROYAL,,,Nuit avec éclairage allumé,En agglomération,Hors intersection,Normale,Autre collision,,,,,,,,,,,5,2,1,1,6
200600068626,0006-11-08 13:55:00,6,11,8,13,55,750,8,33 BD DES BATIGNOLLES,,,Plein jour,En agglomération,Hors intersection,Normale,Autre collision,,,,,,,,,,,1,2,1,1,6
200600068627,0006-11-08 00:01:00,6,11,8,0,1,750,8,PL DE L ALMA AV GEORGE V,,,Nuit avec éclairage allumé,En agglomération,Intersection en X,Normale,Deux véhicules - côté,,,,,,,,,,,5,2,2,1,3
200600068628,0006-11-08 04:50:00,6,11,8,4,50,750,10,38 BD DE MAGENTA,,,Nuit avec éclairage allumé,En agglomération,Hors intersection,Normale,Deux véhicules - côté,,,,,,,,,,,5,2,1,1,3
200600068629,0006-11-08 13:05:00,6,11,8,13,5,750,10,R EUGENE VARLIN R FG SAI,,,Plein jour,En agglomération,Intersection en X,Normale,Deux véhicules - côté,,,,,,,,,,,1,2,2,1,3
200600068630,0006-11-08 12:35:00,6,11,8,12,35,750,10,150 BD DE MAGENTA,,,Plein jour,En agglomération,Hors intersection,Normale,Autre collision,,,,,,,,,,,1,2,1,1,6
200600068631,0006-11-08 22:45:00,6,11,8,22,45,750,11,BD RICHARD LENOIR BD VOL,,,Nuit avec éclairage allumé,En agglomération,Intersection en T,Normale,Autre collision,,,,,,,,,,,5,2,3,1,6
200600068632,0006-11-08 17:30:00,6,11,8,17,30,750,11,AV PARMENTIER R SEDAINE,,,Nuit avec éclairage allumé,En agglomération,Intersection en T,Normale,Autre collision,,,,,,,,,,,5,2,3,1,6
200600068633,0006-11-08 08:00:00,6,11,8,8,0,750,12,R CROZATIER R FG SAINT A,,,Plein jour,En agglomération,Intersection en X,Normale,Deux véhicules - côté,,,,,,,,,,,1,2,2,1,3
200600068634,0006-11-08 14:35:00,6,11,8,14,35,750,12,R FABRE EGLANTINE PL DE,,,Plein jour,En agglomération,Intersection en T,Normale,Autre collision,,,,,,,,,,,1,2,3,1,6
200600068635,0006-11-08 15:20:00,6,11,8,15,20,750,12,104 CRS DE VINCENNES,,,Plein jour,En agglomération,Hors intersection,Normale,Deux véhicules - côté,,,,,,,,,,,1,2,1,1,3
200600068636,0006-11-08 13:50:00,6,11,8,13,50,750,14,112 AV GENERAL LECLERC,,,Plein jour,En agglomération,Hors intersection,Normale,Deux véhicules - arrière,,,,,,,,,,,1,2,1,1,2
200600068637,0006-11-08 07:40:00,6,11,8,7,40,750,14,2 R FROIDEVAUX,,,Plein jour,En agglomération,Hors intersection,Normale,Sans collision,,,,,,,,,,,1,2,1,1,7
200600068638,0006-11-08 15:35:00,6,11,8,15,35,750,16,58 AV DE VERSAILLES,,,Plein jour,En agglomération,Hors intersection,Normale,Autre collision,,,,,,,,,,,1,2,1,1,6
200600068639,0006-11-08 19:50:00,6,11,8,19,50,750,16,PL AMIRAL DE GRASSE AV D,,,Nuit avec éclairage allumé,En agglomération,Intersection en X,Normale,Deux véhicules - côté,,,,,,,,,,,5,2,2,1,3
200600068640,0006-11-25 03:05:00,6,11,25,3,5,750,19,R DE BELLEVILLE R HAXO,,,Nuit avec éclairage allumé,En agglomération,Intersection en X,Normale,Deux véhicules - côté,,,,,,,,,,,5,2,2,1,3
200600068641,0006-11-25 12:10:00,6,11,25,12,10,750,13,63 BD DE L HOPITAL,,,Plein jour,En agglomération,Hors intersection,Temps couvert,Autre collision,,,,,,,,,,,1,2,1,8,6
200600068642,0006-11-08 19:40:00,6,11,8,19,40,750,17,R VIETE AV DE VILLIERS,,,Nuit avec éclairage allumé,En agglomération,Intersection en X,Normale,Deux véhicules - côté,,,,,,,,,,,5,2,2,1,3
200600068643,0006-11-08 09:10:00,6,11,8,9,10,750,17,190 AV DE CLICHY,,,Plein jour,En agglomération,Hors intersection,Normale,Deux véhicules - côté,,,,,,,,,,,1,2,1,1,3
200600068644,0006-11-08 19:20:00,6,11,8,19,20,750,17,82 AV DE CLICHY,,,Nuit avec éclairage allumé,En agglomération,Hors intersection,Normale,Autre collision,,,,,,,,,,,5,2,1,1,6
200600068645,0006-11-08 07:55:00,6,11,8,7,55,750,18,108 R LEPIC,,,Crépuscule ou aube,En agglomération,Hors intersection,Normale,Autre collision,,,,,,,,,,,2,2,1,1,6
200600068646,0006-11-08 02:10:00,6,11,8,2,10,750,18,BD NEY AV PTE CLIGNANCOU,,,Nuit avec éclairage allumé,En agglomération,Intersection en X,Normale,Autre collision,,,,,,,,,,,5,2,2,1,6
200600068647,0006-11-08 10:45:00,6,11,8,10,45,750,19,75 AV DE FLANDRE,,,Plein jour,En agglomération,Hors intersection,Normale,Deux véhicules - côté,,,,,,,,,,,1,2,1,1,3
200600068648,0006-11-09 16:55:00,6,11,9,16,55,750,5,R DES ECOLES  R MONGE,,,Plein jour,En agglomération,Intersection en X,Normale,Deux véhicules - côté,,,,,,,,,,,1,2,2,1,3
200600068649,0006-11-09 13:25:00,6,11,9,13,25,750,7,14 AV DUQUESNE,,,Plein jour,En agglomération,Hors intersection,Normale,Sans collision,,,,,,,,,,,1,2,1,1,7
200600068650,0006-11-09 16:35:00,6,11,9,16,35,750,7,R R E PELTERIE R DE L UN,,,Plein jour,En agglomération,Intersection en X,Normale,Deux véhicules - côté,,,,,,,,,,,1,2,2,1,3
200600068651,0006-11-09 03:10:00,6,11,9,3,10,750,7,PRT DES INVALIDES,,,Nuit avec éclairage allumé,En agglomération,Hors intersection,Temps couvert,Autre collision,,,,,,,,,,,5,2,1,8,6
200600068652,0006-11-09 09:20:00,6,11,9,9,20,750,8,R BALZAC R FG SAINT HONO,,,Plein jour,En agglomération,Intersection en T,Normale,Autre collision,,,,,,,,,,,1,2,3,1,6
200600068653,0006-11-09 20:55:00,6,11,9,20,55,750,8,102 AV CHAMPS ELYSEES,,,Nuit avec éclairage allumé,En agglomération,Hors intersection,Normale,Autre collision,,,,,,,,,,,5,2,1,1,6
200600068654,0006-11-09 12:10:00,6,11,9,12,10,750,8,PL DE ALMA PO DE ALMA,,,Plein jour,En agglomération,Intersection en T,Normale,Deux véhicules - côté,,,,,,,,,,,1,2,3,1,3
200600068655,0006-11-09 16:10:00,6,11,9,16,10,750,11,R DE CRUSSOL BD DU TEMPL,,,Plein jour,En agglomération,Intersection en T,Normale,Deux véhicules - côté,,,,,,,,,,,1,2,3,1,3
200600068656,0006-11-09 18:10:00,6,11,9,18,10,750,11,PAS BESLAY AV PARMENTIER,,,Nuit avec éclairage allumé,En agglomération,Intersection en T,Normale,Deux véhicules - côté,,,,,,,,,,,5,2,3,1,3
200600068657,0006-11-09 19:00:00,6,11,9,19,0,750,12,ECH BERCY,,,Nuit avec éclairage allumé,En agglomération,Hors intersection,Normale,Sans collision,,,,,,,,,,,5,2,1,1,7
200600068658,0006-11-27 10:45:00,6,11,27,10,45,750,16,69 BD EXELMANS,,,Plein jour,En agglomération,Hors intersection,Normale,Autre collision,,,,,,,,,,,1,2,1,1,6
200600068659,0006-11-09 09:25:00,6,11,9,9,25,750,13,36 AV D ITALIE,,,Plein jour,En agglomération,Hors intersection,Normale,Autre collision,,,,,,,,,,,1,2,1,1,6
200600068660,0006-11-09 09:25:00,6,11,9,9,25,750,13,Q D AUSTERLITZ PT CH DE,,,Plein jour,En agglomération,Intersection en X,Temps couvert,Autre collision,,,,,,,,,,,1,2,2,8,6
200600068661,0006-11-09 18:45:00,6,11,9,18,45,750,14,34 R AMIRAL MOUCHEZ,,,Nuit avec éclairage allumé,En agglomération,Hors intersection,Normale,Deux véhicules - arrière,,,,,,,,,,,5,2,1,1,2
200600068662,0006-11-09 17:10:00,6,11,9,17,10,750,14,R D ALESIA R DIDOT,,,Plein jour,En agglomération,Intersection en X,Normale,Deux véhicules - côté,,,,,,,,,,,1,2,2,1,3
200600068663,0006-11-09 13:30:00,6,11,9,13,30,750,15,L14869 Q ISSY MOULINEAUX,,,Plein jour,En agglomération,Hors intersection,Normale,Deux véhicules - côté,,,,,,,,,,,1,2,1,1,3
200600068664,0006-11-09 16:45:00,6,11,9,16,45,750,15,BPE Q POINT DU JOUR ISSY,,,Crépuscule ou aube,En agglomération,Intersection en Y,Normale,Deux véhicules - côté,,,,,,,,,,,2,2,4,1,3
200600068665,0006-11-09 07:00:00,6,11,9,7,0,750,18,8 BD DE LA CHAPELLE,,,Nuit avec éclairage allumé,En agglomération,Hors intersection,Pluie légère,Trois véhicules et plus - en chaîne,,,,,,,,,,,5,2,1,2,4
200600068666,0006-11-09 17:02:00,6,11,9,17,2,750,20,BD DAVOUT AV PTE DE VINC,,,Plein jour,En agglomération,Intersection en X,Normale,Deux véhicules - côté,,,,,,,,,,,1,2,2,1,3
200600068667,0006-11-09 15:15:00,6,11,9,15,15,750,20,R DE BAGNOLET BD DE CHAR,,,Plein jour,En agglomération,Intersection en X,Normale,Autre collision,,,,,,,,,,,1,2,2,1,6
200600068668,0006-11-10 22:00:00,6,11,10,22,0,750,1,17 PL VENDOME,,,Nuit avec éclairage allumé,En agglomération,Hors intersection,Normale,Deux véhicules - côté,,,,,,,,,,,5,2,1,1,3
200600068669,0006-11-10 15:20:00,6,11,10,15,20,750,1,Q DE LA MEGISSERIE R DU,,,Plein jour,En agglomération,Intersection en X,Normale,Autre collision,,,,,,,,,,,1,2,2,1,6
200600068670,0006-11-10 10:50:00,6,11,10,10,50,750,2,R DE LA MICHODIERE R QUA,,,Plein jour,En agglomération,Intersection en X,Normale,Autre collision,,,,,,,,,,,1,2,2,1,6
200600068671,0006-11-10 01:15:00,6,11,10,1,15,750,5,PL PAUL PAINLEVE R DU SO,,,Nuit avec éclairage allumé,En agglomération,Intersection en X,Normale,Deux véhicules - côté,,,,,,,,,,,5,2,2,1,3
200600068672,0006-11-10 09:15:00,6,11,10,9,15,750,7,AV LA BOURDONNAIS R DU C,,,Plein jour,En agglomération,Intersection en Y,Normale,Deux véhicules - côté,,,,,,,,,,,1,2,4,1,3
200600068673,0006-11-10 11:20:00,6,11,10,11,20,750,7,14 BD RASPAIL,,,Plein jour,En agglomération,Hors intersection,Normale,Deux véhicules - côté,,,,,,,,,,,1,2,1,1,3
200600068674,0006-11-10 05:39:00,6,11,10,5,39,750,8,SOU CONCORDE,,,Nuit avec éclairage allumé,En agglomération,Hors intersection,Normale,Sans collision,,,,,,,,,,,5,2,1,1,7
200600068675,0006-11-10 12:15:00,6,11,10,12,15,750,8,R BERNOULLI R CONSTANTIN,,,Plein jour,En agglomération,Intersection en T,Normale,Sans collision,,,,,,,,,,,1,2,3,1,7
200600068676,0006-11-10 18:15:00,6,11,10,18,15,750,8,L9860 AV W  CHURCHILL,,,Nuit avec éclairage allumé,En agglomération,Hors intersection,Normale,Autre collision,,,,,,,,,,,5,2,1,1,6
200600068677,0006-11-10 09:20:00,6,11,10,9,20,750,8,R DE LABORDE PL SAINT AU,,,Plein jour,En agglomération,Intersection en X,Normale,Deux véhicules - côté,,,,,,,,,,,1,2,2,1,3
200600068678,0006-11-10 01:20:00,6,11,10,1,20,750,8,R DE BERRI AV CHAMPS ELY,,,Nuit avec éclairage allumé,En agglomération,Intersection en X,Normale,Deux véhicules - côté,,,,,,,,,,,5,2,2,1,3
200600068679,0006-11-10 17:20:00,6,11,10,17,20,750,9,R RICHER R DE TREVISE,,,Nuit avec éclairage allumé,En agglomération,Intersection en X,Normale,Autre collision,,,,,,,,,,,5,2,2,1,6
200600068680,0006-11-10 11:30:00,6,11,10,11,30,750,10,R LA FAYETTE PL BT DE  S,,,Plein jour,En agglomération,Intersection en X,Normale,Deux véhicules - côté,,,,,,,,,,,1,2,2,1,3
200600068681,0006-11-10 08:40:00,6,11,10,8,40,750,10,SQ HENRI CHRISTINE PL DE,,,Plein jour,En agglomération,Intersection en T,Normale,Trois véhicules et plus - en chaîne,,,,,,,,,,,1,2,3,1,4
200600068682,0006-11-10 07:35:00,6,11,10,7,35,750,10,189 QU DE VALMY,,,Plein jour,En agglomération,Hors intersection,Normale,Autre collision,,,,,,,,,,,1,2,1,1,6
200600068683,0006-11-10 11:40:00,6,11,10,11,40,750,10,132 R LA FAYETTE,,,Plein jour,En agglomération,Hors intersection,Normale,Autre collision,,,,,,,,,,,1,2,1,1,6
200600068684,0006-11-10 20:48:00,6,11,10,20,48,750,12,L3239 PO MORLAND,,,Nuit avec éclairage allumé,En agglomération,Hors intersection,Normale,Deux véhicules - côté,,,,,,,,,,,5,2,1,1,3
200600068685,0006-11-10 02:44:00,6,11,10,2,44,750,13,BD  DE L HOPITAL R WATTE,,,Nuit avec éclairage allumé,En agglomération,Intersection en X,Normale,Deux véhicules - arrière,,,,,,,,,,,5,2,2,1,2
200600068686,0006-11-10 12:00:00,6,11,10,12,0,750,15,R ORADOUR S/ GLANE,,,Plein jour,En agglomération,Hors intersection,Normale,Deux véhicules - côté,,,,,,,,,,,1,2,1,1,3
200600068687,0006-11-10 20:50:00,6,11,10,20,50,750,15,BPE Q POINT DU JOUR ISSY,,,Nuit avec éclairage allumé,En agglomération,Hors intersection,Normale,Deux véhicules - côté,,,,,,,,,,,5,2,1,1,3
200600068688,0006-11-10 16:45:00,6,11,10,16,45,750,15,23 R COLONEL P AVIA,,,Nuit avec éclairage allumé,En agglomération,Hors intersection,Normale,Deux véhicules - côté,,,,,,,,,,,5,2,1,1,3
200600068689,0006-11-10 18:35:00,6,11,10,18,35,750,16,62 AV MOZART,,,Nuit avec éclairage allumé,En agglomération,Hors intersection,Normale,Autre collision,,,,,,,,,,,5,2,1,1,6
200600068690,0006-11-10 10:05:00,6,11,10,10,5,750,16,BD EXELMANS R MOLITOR,,,Plein jour,En agglomération,Intersection en X,Normale,Deux véhicules - côté,,,,,,,,,,,1,2,2,1,3
200600068691,0006-11-10 18:25:00,6,11,10,18,25,750,17,BD DE COURCELLES R MARGU,,,Nuit avec éclairage allumé,En agglomération,Intersection en T,Normale,Deux véhicules - côté,,,,,,,,,,,5,2,3,1,3
200600068692,0006-11-10 16:30:00,6,11,10,16,30,750,19,120 R D AUBERVILLIERS,,,Plein jour,En agglomération,Hors intersection,Normale,Autre collision,,,,,,,,,,,1,2,1,1,6
200600068693,0006-11-10 05:05:00,6,11,10,5,5,750,19,AV DE FLANDRE R RIQUET,,,Nuit avec éclairage allumé,En agglomération,Intersection en X,Normale,Deux véhicules - côté,,,,,,,,,,,5,2,2,1,3
200600068694,0006-11-10 13:25:00,6,11,10,13,25,750,20,R DE BAGNOLET R DES PYRE,,,Plein jour,En agglomération,Intersection en X,Normale,Deux véhicules - côté,,,,,,,,,,,1,2,2,1,3
200600068695,0006-11-10 15:20:00,6,11,10,15,20,750,20,4 R BELGRAND,,,Plein jour,En agglomération,Hors intersection,Normale,Autre collision,,,,,,,,,,,1,2,1,1,6
200600068696,0006-11-10 18:25:00,6,11,10,18,25,750,20,144 R D AVRON,,,Nuit avec éclairage allumé,En agglomération,Hors intersection,Normale,Autre collision,,,,,,,,,,,5,2,1,1,6
200600068697,0006-11-11 10:25:00,6,11,11,10,25,750,1,R ADOLPHE JULLIEN R DU L,,,Plein jour,En agglomération,Intersection en X,Normale,Deux véhicules - côté,,,,,,,,,,,1,2,2,1,3
200600068698,0006-11-11 13:37:00,6,11,11,13,37,750,1,L7542 Q DES TUILERIES,,,Plein jour,En agglomération,Hors intersection,Pluie légère,Autre collision,,,,,,,,,,,1,2,1,2,6
200600068699,0006-11-11 12:20:00,6,11,11,12,20,750,1,L1763 PO CHANGE,,,Plein jour,En agglomération,Hors intersection,Pluie légère,Sans collision,,,,,,,,,,,1,2,1,2,7
200600068700,0006-11-11 09:20:00,6,11,11,9,20,750,5,PO D AUSTERLITZ QU SAINT,,,Plein jour,En agglomération,Intersection en Y,Pluie légère,Sans collision,,,,,,,,,,,1,2,4,2,7
200600068701,0006-11-11 00:20:00,6,11,11,0,20,750,6,R RACINE BD SAINT MICHEL,,,Nuit avec éclairage allumé,En agglomération,Intersection en X,Normale,Deux véhicules - côté,,,,,,,,,,,5,2,2,1,3
200600068702,0006-11-11 19:10:00,6,11,11,19,10,750,6,34 BD SAINT MICHEL,,,Nuit avec éclairage allumé,En agglomération,Hors intersection,Normale,Autre collision,,,,,,,,,,,5,2,1,1,6
200600068703,0006-11-11 19:00:00,6,11,11,19,0,750,9,71 BD DE CLICHY,,,Nuit avec éclairage allumé,En agglomération,Hors intersection,Normale,Autre collision,,,,,,,,,,,5,2,1,1,6
200600068704,0006-11-11 01:50:00,6,11,11,1,50,750,9,R DE DUNKERQUE R GERANDO,,,Nuit avec éclairage allumé,En agglomération,Intersection en X,Normale,Deux véhicules - côté,,,,,,,,,,,5,2,2,1,3
200600068705,0006-11-11 18:40:00,6,11,11,18,40,750,11,20 AV PHILIPPE AUGUSTE,,,Nuit avec éclairage allumé,En agglomération,Hors intersection,Normale,Autre collision,,,,,,,,,,,5,2,1,1,6
200600068706,0006-11-11 22:10:00,6,11,11,22,10,750,13,18 R DE TOLBIAC,,,Nuit avec éclairage allumé,En agglomération,Hors intersection,Temps couvert,Sans collision,,,,,,,,,,,5,2,1,8,7
200600068707,0006-11-11 00:05:00,6,11,11,0,5,750,13,R ABEL HOVELACQUE AV DES,,,Nuit avec éclairage allumé,En agglomération,Intersection en X,Normale,Deux véhicules - côté,,,,,,,,,,,5,2,2,1,3
200600068708,0006-11-11 20:25:00,6,11,11,20,25,750,14,70 BD DU MONTPARNASSE,,,Nuit avec éclairage allumé,En agglomération,Hors intersection,Normale,Autre collision,,,,,,,,,,,5,2,1,1,6
200600068709,0006-11-11 18:15:00,6,11,11,18,15,750,14,24 AV JEAN MOULIN,,,Nuit avec éclairage allumé,En agglomération,Hors intersection,Normale,Autre collision,,,,,,,,,,,5,2,1,1,6
200600068710,0006-11-10 23:55:00,6,11,10,23,55,750,19,80 AV DU BELVEDERE,,,Nuit avec éclairage allumé,En agglomération,Hors intersection,Normale,Autre collision,,,,,,,,,,,5,2,1,1,6
200600068711,0006-11-11 20:30:00,6,11,11,20,30,750,20,R EMILE LANDRIN R DES PY,,,Nuit avec éclairage allumé,En agglomération,Intersection en X,Pluie légère,Deux véhicules - frontale,,,,,,,,,,,5,2,2,2,1
200600068712,0006-11-12 17:20:00,6,11,12,17,20,750,1,358 R SAINT HONORE,,,Nuit avec éclairage allumé,En agglomération,Hors intersection,Normale,Deux véhicules - côté,,,,,,,,,,,5,2,1,1,3
200600068713,0006-11-12 00:50:00,6,11,12,0,50,750,1,QU DE LA MEGISSERIE R DU,,,Nuit avec éclairage allumé,En agglomération,Intersection en X,Normale,Autre collision,,,,,,,,,,,5,2,2,1,6
200600068714,0006-11-12 15:40:00,6,11,12,15,40,750,9,14 R  D AMSTERDAM,,,Plein jour,En agglomération,Hors intersection,Normale,Deux véhicules - côté,,,,,,,,,,,1,2,1,1,3
200600068715,0006-11-12 22:50:00,6,11,12,22,50,750,11,AV DE LA REPUBLIQUE BD R,,,Nuit avec éclairage allumé,En agglomération,Intersection en X,Pluie légère,Deux véhicules - côté,,,,,,,,,,,5,2,2,2,3
200600068716,0006-11-12 13:30:00,6,11,12,13,30,750,12,172 AV DAUMESNIL,,,Plein jour,En agglomération,Hors intersection,Normale,Autre collision,,,,,,,,,,,1,2,1,1,6
200600068717,0006-11-12 08:20:00,6,11,12,8,20,750,13,26 QU D AUSTERLITZ,,,Plein jour,En agglomération,Hors intersection,Pluie légère,Autre collision,,,,,,,,,,,1,2,1,2,6
200600068718,0006-11-12 16:30:00,6,11,12,16,30,750,15,18 R DESAIX,,,Plein jour,En agglomération,Hors intersection,Normale,Autre collision,,,,,,,,,,,1,2,1,1,6
200600068719,0006-11-12 18:30:00,6,11,12,18,30,750,15,62 BD GARIBALDI,,,Nuit avec éclairage allumé,En agglomération,Hors intersection,Normale,Deux véhicules - arrière,,,,,,,,,,,5,2,1,1,2
200600068720,0006-11-12 07:20:00,6,11,12,7,20,750,20,BD DE BELLEVILLE R DE BE,,,Crépuscule ou aube,En agglomération,Intersection en X,Pluie forte,Sans collision,,,,,,,,,,,2,2,2,3,7
200600068721,0006-11-13 10:10:00,6,11,13,10,10,750,2,26 BD POISSONNIERE,,,Plein jour,En agglomération,Hors intersection,Normale,Deux véhicules - côté,,,,,,,,,,,1,2,1,1,3
200600068722,0006-11-13 12:15:00,6,11,13,12,15,750,2,R DUSSOUBS R REAUMUR,,,Plein jour,En agglomération,Intersection en X,Normale,Deux véhicules - côté,,,,,,,,,,,1,2,2,1,3
200600068723,0006-11-13 06:18:00,6,11,13,6,18,750,4,6 QU DES CELESTINS,,,Nuit avec éclairage allumé,En agglomération,Hors intersection,Normale,Deux véhicules - côté,,,,,,,,,,,5,2,1,1,3
200600068724,0006-11-13 17:05:00,6,11,13,17,5,750,5,23 QU SAINT BERNARD,,,Plein jour,En agglomération,Hors intersection,Normale,Sans collision,,,,,,,,,,,1,2,1,1,7
200600068725,0006-11-13 17:05:00,6,11,13,17,5,750,5,23 QU SAINT BERNARD,,,Plein jour,En agglomération,Hors intersection,Normale,Sans collision,,,,,,,,,,,1,2,1,1,7
200600068726,0006-11-28 16:15:00,6,11,28,16,15,750,17,106 BD DE COURCELLES,,,Plein jour,En agglomération,Hors intersection,Pluie légère,Deux véhicules - frontale,,,,,,,,,,,1,2,1,2,1
200600068727,0006-11-28 19:41:00,6,11,28,19,41,750,13,L4043 BD MASSENA,,,Nuit avec éclairage allumé,En agglomération,Hors intersection,Normale,Autre collision,,,,,,,,,,,5,2,1,1,6
200600068728,0006-11-13 19:00:00,6,11,13,19,0,750,6,44 BD DU MONTPARNASSE,,,Nuit avec éclairage allumé,En agglomération,Hors intersection,Pluie légère,Sans collision,,,,,,,,,,,5,2,1,2,7
200600068729,0006-11-13 13:41:00,6,11,13,13,41,750,8,142 AV DES CHAMPS ELYSEE,,,Plein jour,En agglomération,Hors intersection,Pluie légère,Deux véhicules - côté,,,,,,,,,,,1,2,1,2,3
200600068730,0006-11-13 04:47:00,6,11,13,4,47,750,9,BD DE CLICHY R DE DOUAI,,,Nuit avec éclairage allumé,En agglomération,Intersection en X,Normale,Deux véhicules - côté,,,,,,,,,,,5,2,2,1,3