accident_id,datetime,annee,mois,jour,heure,minute,departement,commune_insee,adresse,latitude,longitude,luminosite,agglomeration,intersection,meteo,collision,nb_vehicules,nb_usagers,nb_indemnes,nb_tues,nb_blesses_hosp,nb_blesses_legers,age_cond_1,age_cond_2,veh_type_cond_1,veh_type_cond_2,lum_code,agg_code,int_code,atm_code,col_code
200600068991,0006-11-23 18:40:00,6,11,23,18,40,750,9,R D AMSTERDAM R DE LIEGE,,,Nuit avec éclairage allumé,En agglomération,Intersection en X,Pluie légère,Autre collision,,,,,,,,,,,5,2,2,2,6
200600068992,0006-11-23 20:10:00,6,11,23,20,10,750,11,28 R CHEMIN VERT,,,Nuit avec éclairage allumé,En agglomération,Hors intersection,Normale,Deux véhicules - côté,,,,,,,,,,,5,2,1,1,3
200600068993,0006-11-23 18:10:00,6,11,23,18,10,750,12,R DE CHARENTON R TAINE,,,Nuit avec éclairage allumé,En agglomération,Intersection en T,Pluie légère,Autre collision,,,,,,,,,,,5,2,3,2,6
200600068994,0006-11-23 13:40:00,6,11,23,13,40,750,12,R DE L AMBROISIE R J KES,,,Plein jour,En agglomération,Intersection en X,Pluie légère,Autre collision,,,,,,,,,,,1,2,2,2,6
200600068995,0006-11-23 08:35:00,6,11,23,8,35,750,12,R DE LA DURANCE R TAINE,,,Plein jour,En agglomération,Intersection en T,Pluie légère,Autre collision,,,,,,,,,,,1,2,3,2,6
200600068996,0006-11-23 09:10:00,6,11,23,9,10,750,12,11 AV DU TREMBLAY,,,Plein jour,En agglomération,Hors intersection,Pluie légère,Deux véhicules - arrière,,,,,,,,,,,1,2,1,2,2
200600068997,0006-11-23 15:48:00,6,11,23,15,48,750,13,142 BD MASSENA,,,Plein jour,En agglomération,Hors intersection,Normale,Autre collision,,,,,,,,,,,1,2,1,1,6
200600068998,0006-11-23 10:55:00,6,11,23,10,55,750,13,12 R CHATEAU DES RENTIER,,,Plein jour,En agglomération,Hors intersection,Pluie légère,Deux véhicules - côté,,,,,,,,,,,1,2,1,2,3
200600068999,0006-11-23 11:00:00,6,11,23,11,0,750,13,QU AUSTERLITZ R FULTON,,,Plein jour,En agglomération,Intersection en T,Pluie légère,Deux véhicules - côté,,,,,,,,,,,1,2,3,2,3
200600069000,0006-11-23 17:30:00,6,11,23,17,30,750,15,100 R DE LA CONVENTION,,,Crépuscule ou aube,En agglomération,Hors intersection,Pluie légère,Deux véhicules - frontale,,,,,,,,,,,2,2,1,2,1
200600069001,0006-11-23 09:45:00,6,11,23,9,45,750,15,R CROIX NIVERT R DESNOUE,,,Plein jour,En agglomération,Intersection en X,Pluie légère,Sans collision,,,,,,,,,,,1,2,2,2,7
200600069002,0006-11-23 19:30:00,6,11,23,19,30,750,15,R LABROUSTE R SAINT AMAN,,,Nuit avec éclairage allumé,En agglomération,Intersection en X,Pluie légère,Autre collision,,,,,,,,,,,5,2,2,2,6
200600069003,0006-11-23 18:10:00,6,11,23,18,10,750,16,PL ETATS UNIS AV D IENA,,,Nuit avec éclairage allumé,En agglomération,Intersection en X,Pluie forte,Autre collision,,,,,,,,,,,5,2,2,3,6
200600069004,0006-11-23 11:30:00,6,11,23,11,30,750,16,R BOULAINVILLIERS AV DE,,,Plein jour,En agglomération,Intersection à plus de 4 branches,Pluie légère,Trois véhicules et plus - en chaîne,,,,,,,,,,,1,2,5,2,4
200600069005,0006-11-23 10:25:00,6,11,23,10,25,750,16,VERD GARIGLIANO MIRABEAU,,,Plein jour,En agglomération,Hors intersection,Pluie légère,Trois véhicules et plus - en chaîne,,,,,,,,,,,1,2,1,2,4
200600069006,0006-11-23 18:10:00,6,11,23,18,10,750,17,34 BD BESSIERES,,,Nuit avec éclairage allumé,En agglomération,Hors intersection,Pluie légère,Sans collision,,,,,,,,,,,5,2,1,2,7
200600069007,0006-11-23 15:55:00,6,11,23,15,55,750,17,116 AV DE CLICHY,,,Plein jour,En agglomération,Hors intersection,Pluie légère,Deux véhicules - côté,,,,,,,,,,,1,2,1,2,3
200600069008,0006-11-23 13:15:00,6,11,23,13,15,750,17,AV DES TERNES R WALDECK,,,Plein jour,En agglomération,Intersection en T,Pluie légère,Deux véhicules - côté,,,,,,,,,,,1,2,3,2,3
200600069009,0006-11-23 07:50:00,6,11,23,7,50,750,17,186 AV DE CLICHY,,,Nuit avec éclairage allumé,En agglomération,Hors intersection,Pluie légère,Deux véhicules - côté,,,,,,,,,,,5,2,1,2,3
200600069010,0006-11-23 09:50:00,6,11,23,9,50,750,18,IMP MARTEAU AV PTE DE LA,,,Plein jour,En agglomération,Intersection en T,Pluie légère,Autre collision,,,,,,,,,,,1,2,3,2,6
200600069011,0006-11-23 14:15:00,6,11,23,14,15,750,18,58 AV DE CLICHY,,,Plein jour,En agglomération,Hors intersection,Pluie légère,Autre collision,,,,,,,,,,,1,2,1,2,6
200600069012,0006-11-23 17:20:00,6,11,23,17,20,750,18,R ETEX R LAMARCK,,,Plein jour,En agglomération,Intersection à plus de 4 branches,Temps couvert,Autre collision,,,,,,,,,,,1,2,5,8,6
200600069013,0006-11-23 15:45:00,6,11,23,15,45,750,19,AV FLANDRE BD DE LA VILL,,,Plein jour,En agglomération,Intersection en X,Pluie légère,Autre collision,,,,,,,,,,,1,2,2,2,6
200600069014,0006-11-23 19:05:00,6,11,23,19,5,750,19,BPI PANTIN PRE SAINT GER,,,Nuit avec éclairage allumé,En agglomération,Hors intersection,Pluie légère,Sans collision,,,,,,,,,,,5,2,1,2,7
200600069015,0006-11-23 10:05:00,6,11,23,10,5,750,19,R DE CRIMEE R GENERAL BR,,,Plein jour,En agglomération,Intersection en X,Pluie légère,Autre collision,,,,,,,,,,,1,2,2,2,6
200600069016,0006-11-23 23:55:00,6,11,23,23,55,750,20,R DES AMANDIERS BD DE ME,,,Nuit avec éclairage allumé,En agglomération,Intersection en X,Normale,Deux véhicules - arrière,,,,,,,,,,,5,2,2,1,2
200600069017,0006-11-23 14:40:00,6,11,23,14,40,750,20,268 R DE BELLEVILLE,,,Plein jour,En agglomération,Hors intersection,Pluie légère,Sans collision,,,,,,,,,,,1,2,1,2,7
200600069018,0006-11-24 11:35:00,6,11,24,11,35,750,1,386 R SAINT HONORE,,,Plein jour,En agglomération,Hors intersection,Pluie légère,Deux véhicules - côté,,,,,,,,,,,1,2,1,2,3
200600069019,0006-11-24 17:40:00,6,11,24,17,40,750,5,R CENSIER R GEOFFROY ST,,,Nuit avec éclairage allumé,En agglomération,Intersection en X,Pluie légère,Autre collision,,,,,,,,,,,5,2,2,2,6
200600069020,0006-11-24 15:05:00,6,11,24,15,5,750,5,R CENSIER R MONGE,,,Plein jour,En agglomération,Intersection en T,Pluie légère,Autre collision,,,,,,,,,,,1,2,3,2,6
200600069021,0006-11-24 20:05:00,6,11,24,20,5,750,5,R FOSS ST BERNARD QU ST,,,Nuit avec éclairage allumé,En agglomération,Intersection en X,Pluie légère,Sans collision,,,,,,,,,,,5,2,2,2,7
200600069022,0006-11-24 22:10:00,6,11,24,22,10,750,5,10 BD DE PORT ROYAL,,,Nuit avec éclairage allumé,En agglomération,Hors intersection,Pluie légère,Deux véhicules - côté,,,,,,,,,,,5,2,1,2,3
200600069023,0006-11-24 00:18:00,6,11,24,0,18,750,13,QU AUSTERLITZ PO CH DE G,,,Nuit avec éclairage allumé,En agglomération,Intersection en X,Pluie légère,Deux véhicules - arrière,,,,,,,,,,,5,2,2,2,2
200600069024,0006-11-24 12:35:00,6,11,24,12,35,750,6,R DE BUCI BD DSAINT GERM,,,Plein jour,En agglomération,Intersection en X,Pluie légère,Sans collision,,,,,,,,,,,1,2,2,2,7
200600069025,0006-11-24 13:05:00,6,11,24,13,5,750,6,96 BD RASPAIL,,,Plein jour,En agglomération,Hors intersection,Pluie légère,Sans collision,,,,,,,,,,,1,2,1,2,7
200600069026,0006-11-24 19:45:00,6,11,24,19,45,750,6,BD DU MONTPARNASSE R DE,,,Nuit avec éclairage allumé,En agglomération,Intersection en X,Pluie légère,Sans collision,,,,,,,,,,,5,2,2,2,7
200600069027,0006-11-24 18:03:00,6,11,24,18,3,750,12,L12732 RTE DE LA PYRAMID,,,Nuit avec éclairage allumé,En agglomération,Hors intersection,Pluie légère,Sans collision,,,,,,,,,,,5,2,1,2,7
200600069028,0006-11-24 21:15:00,6,11,24,21,15,750,12,AV DAUMESNIL ESP SAINT L,,,Nuit avec éclairage allumé,En agglomération,Intersection en X,Temps couvert,Deux véhicules - côté,,,,,,,,,,,5,2,2,8,3
200600069029,0006-11-24 08:35:00,6,11,24,8,35,750,12,RTE CEINTURE DU LAC AV D,,,Plein jour,En agglomération,Intersection en T,Temps couvert,Deux véhicules - côté,,,,,,,,,,,1,2,3,8,3
200600069030,0006-11-24 22:25:00,6,11,24,22,25,750,13,BD KELLERMANN R L RENAUL,,,Nuit avec éclairage allumé,En agglomération,Intersection en X,Pluie légère,Autre collision,,,,,,,,,,,5,2,2,2,6
200600069031,0006-11-24 09:45:00,6,11,24,9,45,750,12,20 R FG SAINT ANTOINE,,,Plein jour,En agglomération,Hors intersection,Pluie légère,Autre collision,,,,,,,,,,,1,2,1,2,6
200600069032,0006-11-24 17:25:00,6,11,24,17,25,750,14,AV E REYER AV PTE DE MON,,,Plein jour,En agglomération,Intersection en X,Pluie légère,Deux véhicules - côté,,,,,,,,,,,1,2,2,2,3
200600069033,0006-11-24 17:15:00,6,11,24,17,15,750,16,AV D IENA R DE PRESBOUR,,,Plein jour,En agglomération,Intersection en X,Pluie légère,Autre collision,,,,,,,,,,,1,2,2,2,6
200600069034,0006-11-24 20:40:00,6,11,24,20,40,750,16,98 R CHARDON LAGACHE,,,Nuit avec éclairage allumé,En agglomération,Hors intersection,Pluie légère,Deux véhicules - arrière,,,,,,,,,,,5,2,1,2,2
200600069035,0006-11-24 07:52:00,6,11,24,7,52,750,20,R GENARL NIESSEL CRS DE,,,Plein jour,En agglomération,Intersection en T,Normale,Deux véhicules - côté,,,,,,,,,,,1,2,3,1,3
200600069036,0006-11-24 16:50:00,6,11,24,16,50,750,20,R DES MARAICHERS R DES O,,,Plein jour,En agglomération,Intersection en X,Pluie légère,Deux véhicules - côté,,,,,,,,,,,1,2,2,2,3
200600069037,0006-11-24 13:25:00,6,11,24,13,25,750,20,82 R DES PYRENEES,,,Plein jour,En agglomération,Hors intersection,Pluie légère,Sans collision,,,,,,,,,,,1,2,1,2,7
200600069038,0006-11-24 14:25:00,6,11,24,14,25,750,20,264 R DES PYRENEES,,,Plein jour,En agglomération,Hors intersection,Pluie légère,Autre collision,,,,,,,,,,,1,2,1,2,6
200600069039,0006-11-05 13:30:00,6,11,5,13,30,750,14,BPI CHATILLON VANVES,,,Plein jour,En agglomération,Hors intersection,Normale,Autre collision,,,,,,,,,,,1,2,1,1,6
200600069040,0006-11-07 21:10:00,6,11,7,21,10,750,15,BPE SEVRES PLAINE,,,Nuit avec éclairage allumé,En agglomération,Hors intersection,Normale,Deux véhicules - côté,,,,,,,,,,,5,2,1,1,3
200600069041,0006-11-07 07:00:00,6,11,7,7,0,750,18,BPE AUBERVILLIERS CHAPEL,,,Plein jour,En agglomération,Hors intersection,Normale,Autre collision,,,,,,,,,,,1,2,1,1,6
200600069042,0006-11-10 11:10:00,6,11,10,11,10,750,16,BPI DAUPHINE MAILLOT,,,Plein jour,En agglomération,Hors intersection,Normale,Autre collision,,,,,,,,,,,1,2,1,1,6
200600069043,0006-11-11 10:50:00,6,11,11,10,50,750,20,BPI BAGNOLET MONTREUIL,,,Plein jour,En agglomération,Hors intersection,Pluie légère,Deux véhicules - arrière,,,,,,,,,,,1,2,1,2,2
200600069044,0006-11-12 16:30:00,6,11,12,16,30,750,12,BPE BERCY CHARENTON,,,Plein jour,En agglomération,Hors intersection,Normale,Deux véhicules - arrière,,,,,,,,,,,1,2,1,1,2
200600069045,0006-11-12 20:35:00,6,11,12,20,35,750,12,BPI CHARENTON BERCY,,,Nuit avec éclairage allumé,En agglomération,Hors intersection,Normale,Deux véhicules - arrière,,,,,,,,,,,5,2,1,1,2
200600069046,0006-11-12 07:15:00,6,11,12,7,15,750,16,BPE MUETTE PASSY,,,Crépuscule ou aube,En agglomération,Hors intersection,Pluie légère,Deux véhicules - arrière,,,,,,,,,,,2,2,1,2,2
200600069047,0006-11-12 23:30:00,6,11,12,23,30,750,17,42 AV DE SAINT OUEN,,,Nuit avec éclairage allumé,En agglomération,Hors intersection,Normale,Autre collision,,,,,,,,,,,5,2,1,1,6
200600069048,0006-11-12 12:30:00,6,11,12,12,30,750,18,BPE AUBERVILLIERS CHAPEL,,,Plein jour,En agglomération,Hors intersection,Normale,Autre collision,,,,,,,,,,,1,2,1,1,6
200600069049,0006-11-13 19:15:00,6,11,13,19,15,750,20,BPI BAGNOLET MONTREUIL,,,Nuit avec éclairage allumé,En agglomération,Hors intersection,Normale,Trois véhicules et plus - en chaîne,,,,,,,,,,,5,2,1,1,4
200600069050,0006-11-14 16:45:00,6,11,14,16,45,750,16,BPI DAUPHINE MAILLOT,,,Plein jour,En agglomération,Hors intersection,Normale,Trois véhicules et plus - en chaîne,,,,,,,,,,,1,2,1,1,4
200600069051,0006-11-15 12:30:00,6,11,15,12,30,750,12,ECH BERCY,,,Plein jour,En agglomération,Hors intersection,Normale,Deux véhicules - côté,,,,,,,,,,,1,2,1,1,3
200600069052,0006-11-15 07:28:00,6,11,15,7,28,750,18,BPE CHAPELLE CLIGNANCOUR,,,Plein jour,En agglomération,Hors intersection,Normale,Deux véhicules - arrière,,,,,,,,,,,1,2,1,1,2
200600069053,0006-11-16 16:20:00,6,11,16,16,20,750,19,BPI AUBERVILLIERS VILLET,,,Plein jour,En agglomération,Hors intersection,Pluie légère,Deux véhicules - côté,,,,,,,,,,,1,2,1,2,3
200600069054,0006-11-17 20:50:00,6,11,17,20,50,750,12,BPI CHARENTON BERCY,,,Nuit avec éclairage allumé,En agglomération,Hors intersection,Normale,Autre collision,,,,,,,,,,,5,2,1,1,6
200600069055,0006-11-17 07:30:00,6,11,17,7,30,750,13,BPE ITALIE IVRY,,,Crépuscule ou aube,En agglomération,Hors intersection,Normale,Deux véhicules - côté,,,,,,,,,,,2,2,1,1,3
200600069056,0006-11-17 18:30:00,6,11,17,18,30,750,17,AV VILLIERS AV DE WAGRAM,,,Nuit avec éclairage allumé,En agglomération,Intersection en X,Normale,Deux véhicules - côté,,,,,,,,,,,5,2,2,1,3
200600069057,0006-11-18 00:05:00,6,11,18,0,5,750,15,36 R LA QUINTINIE,,,Nuit avec éclairage allumé,En agglomération,Hors intersection,Pluie légère,Deux véhicules - arrière,,,,,,,,,,,5,2,1,2,2
200600069058,0006-11-18 19:00:00,6,11,18,19,0,750,16,BPI MUETTE DAUPHINE,,,Nuit avec éclairage allumé,En agglomération,Hors intersection,Normale,Autre collision,,,,,,,,,,,5,2,1,1,6
200600069059,0006-11-18 18:20:00,6,11,18,18,20,750,16,BPE DAUPHINE MUETTE,,,Nuit avec éclairage allumé,En agglomération,Hors intersection,Normale,Deux véhicules - côté,,,,,,,,,,,5,2,1,1,3
200600069060,0006-11-18 18:00:00,6,11,18,18,0,750,16,BPE MUETTE PASSY,,,Nuit avec éclairage allumé,En agglomération,Hors intersection,Normale,Deux véhicules - arrière,,,,,,,,,,,5,2,1,1,2
200600069061,0006-11-18 07:55:00,6,11,18,7,55,750,16,ECH AUTEUIL,,,Plein jour,En agglomération,Hors intersection,Normale,Autre collision,,,,,,,,,,,1,2,1,1,6
200600069062,0006-11-18 23:05:00,6,11,18,23,5,750,20,ECH BAGNOLET,,,Nuit avec éclairage allumé,En agglomération,Hors intersection,Normale,Autre collision,,,,,,,,,,,5,2,1,1,6
200600069063,0006-11-19 19:50:00,6,11,19,19,50,750,9,26 R LAFFITTE,,,Nuit avec éclairage allumé,En agglomération,Hors intersection,Normale,Deux véhicules - côté,,,,,,,,,,,5,2,1,1,3
200600069064,0006-11-19 12:50:00,6,11,19,12,50,750,16,ECH MAILLOT,,,Plein jour,En agglomération,Hors intersection,Normale,Autre collision,,,,,,,,,,,1,2,1,1,6
200600069065,0006-11-20 10:10:00,6,11,20,10,10,750,17,R DES  RENAUDES R PONCEL,,,Plein jour,En agglomération,Intersection en X,Normale,Autre collision,,,,,,,,,,,1,2,2,1,6
200600069066,0006-11-21 08:50:00,6,11,21,8,50,750,10,BD MAGENTA R DE ROCROY,,,Plein jour,En agglomération,Intersection en T,Normale,Deux véhicules - côté,,,,,,,,,,,1,2,3,1,3
200600069067,0006-11-22 18:43:00,6,11,22,18,43,750,10,12 PL DE LA REPUBLIQUE,,,Nuit avec éclairage allumé,En agglomération,Hors intersection,Pluie légère,Autre collision,,,,,,,,,,,5,2,1,2,6
200600069068,0006-11-22 09:15:00,6,11,22,9,15,750,14,BPE ORLEANS GENTILLY ECH,,,Plein jour,En agglomération,Intersection en Y,Normale,Deux véhicules - côté,,,,,,,,,,,1,2,4,1,3
200600069069,0006-11-22 11:50:00,6,11,22,11,50,750,17,BPE CHAMPERRET TERNES,,,Plein jour,En agglomération,Hors intersection,Normale,Sans collision,,,,,,,,,,,1,2,1,1,7
200600069070,0006-11-23 08:45:00,6,11,23,8,45,750,16,BPE MAILLOT DAUPHINE,,,Plein jour,En agglomération,Hors intersection,Pluie légère,Sans collision,,,,,,,,,,,1,2,1,2,7
200600069071,0006-11-23 20:45:00,6,11,23,20,45,750,16,BPE PASSY AUTEUIL,,,Nuit avec éclairage allumé,En agglomération,Hors intersection,Normale,Deux véhicules - côté,,,,,,,,,,,5,2,1,1,3
200600069072,0006-11-23 17:50:00,6,11,23,17,50,750,20,BPI LILAS BAGNOLET,,,Nuit avec éclairage allumé,En agglomération,Hors intersection,Pluie légère,Trois véhicules et plus - en chaîne,,,,,,,,,,,5,2,1,2,4
200600069073,0006-11-23 12:51:00,6,11,23,12,51,750,20,250 R DES PYRENEES,,,Plein jour,En agglomération,Hors intersection,Normale,Autre collision,,,,,,,,,,,1,2,1,1,6
200600069074,0006-11-24 08:35:00,6,11,24,8,35,750,10,BD DE MAGENTA BD DE STRA,,,Plein jour,En agglomération,Intersection en X,Normale,Deux véhicules - côté,,,,,,,,,,,1,2,2,1,3
200600069075,0006-11-24 19:25:00,6,11,24,19,25,750,10,41 BD DE LA CHAPELLE,,,Nuit avec éclairage allumé,En agglomération,Hors intersection,Pluie légère,Autre collision,,,,,,,,,,,5,2,1,2,6
200600069076,0006-11-25 08:20:00,6,11,25,8,20,750,7,BD DES INVALIDES R DE SE,,,Plein jour,En agglomération,Intersection en X,Normale,Deux véhicules - arrière,,,,,,,,,,,1,2,2,1,2
200600069077,0006-11-25 18:00:00,6,11,25,18,0,750,7,R DE BOURGOGNE R DE VARE,,,Nuit avec éclairage allumé,En agglomération,Intersection en T,Normale,Autre collision,,,,,,,,,,,5,2,3,1,6
200600069078,0006-11-25 03:10:00,6,11,25,3,10,750,10,R DIEU QU DE VALMY,,,Nuit avec éclairage allumé,En agglomération,Intersection en X,Pluie légère,Autre collision,,,,,,,,,,,5,2,2,2,6
200600069079,0006-11-25 17:05:00,6,11,25,17,5,750,11,82 R FG SAINT ANTOINE,,,Nuit avec éclairage allumé,En agglomération,Hors intersection,Pluie légère,Deux véhicules - frontale,,,,,,,,,,,5,2,1,2,1
200600069080,0006-11-25 18:00:00,6,11,25,18,0,750,12,8 R DE PRAGUE,,,Nuit avec éclairage allumé,En agglomération,Hors intersection,Normale,Autre collision,,,,,,,,,,,5,2,1,1,6
200600069081,0006-11-25 01:30:00,6,11,25,1,30,750,13,26 QU D AUSTERLITZ,,,Nuit avec éclairage allumé,En agglomération,Hors intersection,Pluie légère,Autre collision,,,,,,,,,,,5,2,1,2,6
200600069082,0006-11-25 11:25:00,6,11,25,11,25,750,13,R JEANNE D ARC BD SAINT,,,Plein jour,En agglomération,Intersection en T,Pluie légère,Deux véhicules - côté,,,,,,,,,,,1,2,3,2,3
200600069083,0006-11-25 21:55:00,6,11,25,21,55,750,13,R COYPEL AV DES GOBELINS,,,Nuit avec éclairage allumé,En agglomération,Intersection en X,Normale,Trois véhicules et plus - en chaîne,,,,,,,,,,,5,2,2,1,4
200600069084,0006-11-25 16:20:00,6,11,25,16,20,750,15,65 BD DE GRENELLE,,,Plein jour,En agglomération,Hors intersection,Temps couvert,Autre collision,,,,,,,,,,,1,2,1,8,6
200600069085,0006-11-25 13:45:00,6,11,25,13,45,750,17,R GUY MOQUET R LEGENDRE,,,Plein jour,En agglomération,Intersection à plus de 4 branches,Normale,Autre collision,,,,,,,,,,,1,2,5,1,6
200600069086,0006-11-25 23:53:00,6,11,25,23,53,750,17,62 BD BESSIERES,,,Nuit avec éclairage allumé,En agglomération,Hors intersection,Normale,Autre collision,,,,,,,,,,,5,2,1,1,6
200600069087,0006-11-25 03:05:00,6,11,25,3,5,750,18,BD  BARBES R DOUDEAUVILL,,,Nuit avec éclairage allumé,En agglomération,Intersection en X,Pluie légère,Deux véhicules - arrière,,,,,,,,,,,5,2,2,2,2
200600069088,0006-11-25 06:45:00,6,11,25,6,45,750,19,R DE MEAUX AV  SIMON BOL,,,Nuit avec éclairage allumé,En agglomération,Intersection en X,Temps couvert,Deux véhicules - côté,,,,,,,,,,,5,2,2,8,3
200600069089,0006-11-26 20:03:00,6,11,26,20,3,750,5,R CARDINAL LEMOINE R MON,,,Nuit avec éclairage allumé,En agglomération,Intersection à plus de 4 branches,Normale,Deux véhicules - côté,,,,,,,,,,,5,2,5,1,3
200600069090,0006-11-26 15:15:00,6,11,26,15,15,750,5,2 R FOSS ST BERNARD,,,Plein jour,En agglomération,Hors intersection,Normale,Deux véhicules - côté,,,,,,,,,,,1,2,1,1,3
200600069091,0006-11-26 21:45:00,6,11,26,21,45,750,9,BD DE CLICHY PL PIGALLE,,,Nuit avec éclairage allumé,En agglomération,Intersection en X,Normale,Deux véhicules - côté,,,,,,,,,,,5,2,2,1,3
200600069092,0006-11-26 20:00:00,6,11,26,20,0,750,10,R LA FAYETTE R LOUIS BLA,,,Nuit avec éclairage allumé,En agglomération,Intersection en X,Normale,Deux véhicules - arrière,,,,,,,,,,,5,2,2,1,2
200600069093,0006-11-26 06:30:00,6,11,26,6,30,750,10,BD DE MAGENTA BD DE STRA,,,Nuit avec éclairage allumé,En agglomération,Intersection en X,Normale,Deux véhicules - côté,,,,,,,,,,,5,2,2,1,3
200600069094,0006-11-26 20:10:00,6,11,26,20,10,750,13,BPI GARE IVRY,,,Nuit avec éclairage allumé,En agglomération,Hors intersection,Normale,Trois véhicules et plus - en chaîne,,,,,,,,,,,5,2,1,1,4
200600069095,0006-11-26 18:00:00,6,11,26,18,0,750,13,BPI IVRY ITALIE,,,Plein jour,En agglomération,Hors intersection,Normale,Trois véhicules et plus - en chaîne,,,,,,,,,,,1,2,1,1,4
200600069096,0006-11-26 17:30:00,6,11,26,17,30,750,13,BPE ITALIE IVRY,,,Nuit avec éclairage allumé,En agglomération,Hors intersection,Pluie légère,Deux véhicules - côté,,,,,,,,,,,5,2,1,2,3
200600069097,0006-11-26 20:05:00,6,11,26,20,5,750,13,BD KELLERMANN AV PORTE D,,,Nuit avec éclairage allumé,En agglomération,Intersection en X,Normale,Deux véhicules - côté,,,,,,,,,,,5,2,2,1,3
200600069098,0006-11-26 14:30:00,6,11,26,14,30,750,13,32 AV PORTE DE CHOISY,,,Plein jour,En agglomération,Hors intersection,Normale,Autre collision,,,,,,,,,,,1,2,1,1,6
200600069099,0006-11-26 21:30:00,6,11,26,21,30,750,14,AV PORTE D ORLEANS ECH O,,,Nuit avec éclairage allumé,En agglomération,Intersection en T,Normale,Deux véhicules - côté,,,,,,,,,,,5,2,3,1,3
200600069100,0006-11-26 11:00:00,6,11,26,11,0,750,16,L14589 RTE DES TRIBUNES,,,Plein jour,En agglomération,Hors intersection,Normale,Sans collision,,,,,,,,,,,1,2,1,1,7
200600069101,0006-11-26 17:00:00,6,11,26,17,0,750,17,R GERVEX R DE SENLIS,,,Nuit avec éclairage allumé,En agglomération,Intersection en T,Normale,Autre collision,,,,,,,,,,,5,2,3,1,6
200600069102,0006-11-26 11:15:00,6,11,26,11,15,750,18,BD ORNANO BD NEY,,,Plein jour,En agglomération,Intersection en X,Normale,Autre collision,,,,,,,,,,,1,2,2,1,6
200600069103,0006-11-26 19:00:00,6,11,26,19,0,750,19,QU DE LA CHARENTE BD MAC,,,Nuit avec éclairage allumé,En agglomération,Intersection en T,Normale,Deux véhicules - côté,,,,,,,,,,,5,2,3,1,3
200600069104,0006-11-26 05:45:00,6,11,26,5,45,750,20,R D AVRON BD DAVOUT,,,Nuit avec éclairage allumé,En agglomération,Intersection en X,Normale,Deux véhicules - côté,,,,,,,,,,,5,2,2,1,3
200600069105,0006-11-27 14:45:00,6,11,27,14,45,750,1,QU  DES TUILERIES PO DU,,,Plein jour,En agglomération,Intersection en X,Normale,Deux véhicules - côté,,,,,,,,,,,1,2,2,1,3
200600069106,0006-11-27 20:30:00,6,11,27,20,30,750,7,24 R DE VARENNES,,,Nuit avec éclairage allumé,En agglomération,Hors intersection,Normale,Autre collision,,,,,,,,,,,5,2,1,1,6
200600069107,0006-11-27 18:25:00,6,11,27,18,25,750,8,20 R DE ROME,,,Nuit avec éclairage allumé,En agglomération,Hors intersection,Normale,Autre collision,,,,,,,,,,,5,2,1,1,6
200600069108,0006-11-27 19:45:00,6,11,27,19,45,750,9,38 R  DU FG MONTMARTRE,,,Nuit avec éclairage allumé,En agglomération,Hors intersection,Normale,Deux véhicules - côté,,,,,,,,,,,5,2,1,1,3
200600069109,0006-11-27 14:10:00,6,11,27,14,10,750,10,R DIEU R VALMY,,,Plein jour,En agglomération,Intersection en X,Normale,Deux véhicules - côté,,,,,,,,,,,1,2,2,1,3
200600069110,0006-11-27 17:00:00,6,11,27,17,0,750,11,BD DE BELLEVILLE R JEAN,,,Nuit avec éclairage allumé,En agglomération,Intersection en X,Normale,Deux véhicules - côté,,,,,,,,,,,5,2,2,1,3
200600069111,0006-11-27 13:48:00,6,11,27,13,48,750,11,R DE CRUSSOL BD DU TEMPL,,,Plein jour,En agglomération,Intersection en T,Normale,Deux véhicules - côté,,,,,,,,,,,1,2,3,1,3
200600069112,0006-11-27 11:50:00,6,11,27,11,50,750,11,R DES NANETTES AV DE LA,,,Plein jour,En agglomération,Intersection en T,Normale,Autre collision,,,,,,,,,,,1,2,3,1,6
200600069113,0006-11-27 10:10:00,6,11,27,10,10,750,12,12 R ERARD,,,Plein jour,En agglomération,Hors intersection,Temps couvert,Autre collision,,,,,,,,,,,1,2,1,8,6
200600069114,0006-11-27 05:50:00,6,11,27,5,50,750,12,QU DE LA RAPEE,,,Nuit avec éclairage allumé,En agglomération,Hors intersection,Normale,Autre collision,,,,,,,,,,,5,2,1,1,6
200600069115,0006-11-27 18:00:00,6,11,27,18,0,750,13,36 QU D AUSTERLITZ,,,Nuit avec éclairage allumé,En agglomération,Hors intersection,Normale,Deux véhicules - côté,,,,,,,,,,,5,2,1,1,3
200600069116,0006-11-27 18:50:00,6,11,27,18,50,750,12,ECH BERCY,,,Nuit avec éclairage allumé,En agglomération,Hors intersection,Normale,Deux véhicules - côté,,,,,,,,,,,5,2,1,1,3
200600069117,0006-11-27 12:40:00,6,11,27,12,40,750,15,BD LEFEBVRE AV PTE BRANC,,,Plein jour,En agglomération,Intersection en X,Normale,Deux véhicules - côté,,,,,,,,,,,1,2,2,1,3
200600069118,0006-11-27 17:45:00,6,11,27,17,45,750,16,PL DU COSTA RICA BD DELE,,,Nuit avec éclairage allumé,En agglomération,Intersection en X,Normale,Deux véhicules - côté,,,,,,,,,,,5,2,2,1,3
200600069119,0006-11-27 14:50:00,6,11,27,14,50,750,16,AV BOUDON R GEORGE SAND,,,Plein jour,En agglomération,Intersection en X,Normale,Deux véhicules - côté,,,,,,,,,,,1,2,2,1,3
200600069120,0006-11-27 16:20:00,6,11,27,16,20,750,16,RTE PRE CATELAN ALL REIN,,,Plein jour,En agglomération,Intersection en X,Normale,Deux véhicules - côté,,,,,,,,,,,1,2,2,1,3