accident_id,datetime,annee,mois,jour,heure,minute,departement,commune_insee,adresse,latitude,longitude,luminosite,agglomeration,intersection,meteo,collision,nb_vehicules,nb_usagers,nb_indemnes,nb_tues,nb_blesses_hosp,nb_blesses_legers,age_cond_1,age_cond_2,veh_type_cond_1,veh_type_cond_2,lum_code,agg_code,int_code,atm_code,col_code
200600069121,0006-11-27 15:45:00,6,11,27,15,45,750,16,42 R DE LA POMPE,,,Plein jour,En agglomération,Hors intersection,Normale,Autre collision,,,,,,,,,,,1,2,1,1,6
200600069122,0006-11-27 07:15:00,6,11,27,7,15,750,16,PL DE COLOMBIE AV HENRI,,,Plein jour,En agglomération,Intersection en X,Normale,Deux véhicules - arrière,,,,,,,,,,,1,2,2,1,2
200600069123,0006-11-28 09:20:00,6,11,28,9,20,750,2,BD BONNE NOUVELLE R VILL,,,Plein jour,En agglomération,Intersection en T,Pluie légère,Sans collision,,,,,,,,,,,1,2,3,2,7
200600069124,0006-11-28 13:45:00,6,11,28,13,45,750,2,BD DES ITALIENS R DE LA,,,Plein jour,En agglomération,Intersection en X,Normale,Autre collision,,,,,,,,,,,1,2,2,1,6
200600069125,0006-11-28 15:05:00,6,11,28,15,5,750,2,R MONTMARTRE R REAUMUR,,,Plein jour,En agglomération,Intersection en X,Pluie légère,Autre collision,,,,,,,,,,,1,2,2,2,6
200600069126,0006-11-28 09:00:00,6,11,28,9,0,750,2,R DE LA LUNE R THOREL,,,Plein jour,En agglomération,Intersection en X,Normale,Deux véhicules - côté,,,,,,,,,,,1,2,2,1,3
200600069127,0006-11-28 20:40:00,6,11,28,20,40,750,3,66 R DES ARCHIVES,,,Nuit avec éclairage allumé,En agglomération,Hors intersection,Normale,Autre collision,,,,,,,,,,,5,2,1,1,6
200600069128,0006-11-28 09:30:00,6,11,28,9,30,750,3,20 R DE LA PERLE,,,Plein jour,En agglomération,Hors intersection,Normale,Trois véhicules et plus - en chaîne,,,,,,,,,,,1,2,1,1,4
200600069129,0006-11-28 11:10:00,6,11,28,11,10,750,5,R DAUBENTON R G SAINT HI,,,Plein jour,En agglomération,Intersection en T,Normale,Deux véhicules - côté,,,,,,,,,,,1,2,3,1,3
200600069130,0006-11-28 08:05:00,6,11,28,8,5,750,6,R AUGUSTE COMTE BD SAINT,,,Plein jour,En agglomération,Intersection en X,Normale,Sans collision,,,,,,,,,,,1,2,2,1,7
200600069131,0006-11-28 11:26:00,6,11,28,11,26,750,6,20 BD SAINT MICHEL,,,Plein jour,En agglomération,Hors intersection,Normale,Autre collision,,,,,,,,,,,1,2,1,1,6
200600069132,0006-11-28 18:21:00,6,11,28,18,21,750,7,R DU BAC BD RASPAIL,,,Nuit avec éclairage allumé,En agglomération,Intersection en Y,Normale,Deux véhicules - côté,,,,,,,,,,,5,2,4,1,3
200600069133,0006-11-28 17:45:00,6,11,28,17,45,750,7,8 BD RASPAIL,,,Nuit avec éclairage allumé,En agglomération,Hors intersection,Pluie légère,Deux véhicules - côté,,,,,,,,,,,5,2,1,2,3
200600069134,0006-11-28 10:00:00,6,11,28,10,0,750,8,R DU HAVRE R SAINT LAZAR,,,Plein jour,En agglomération,Intersection en X,Normale,Deux véhicules - côté,,,,,,,,,,,1,2,2,1,3
200600069135,0006-11-28 23:51:00,6,11,28,23,51,750,8,AV CHAMPS ELYSEE R DU CO,,,Nuit avec éclairage allumé,En agglomération,Intersection en T,Normale,Deux véhicules - côté,,,,,,,,,,,5,2,3,1,3
200600069136,0006-11-28 09:10:00,6,11,28,9,10,750,9,BD HAUSSMANN BD DES ITAL,,,Plein jour,En agglomération,Intersection en X,Normale,Deux véhicules - côté,,,,,,,,,,,1,2,2,1,3
200600069137,0006-11-28 05:05:00,6,11,28,5,5,750,9,42 R DE CHATEAUDUN,,,Nuit avec éclairage allumé,En agglomération,Hors intersection,Normale,Sans collision,,,,,,,,,,,5,2,1,1,7
200600069138,0006-11-28 14:55:00,6,11,28,14,55,750,10,BD DE MAGENTA R DE NANCY,,,Plein jour,En agglomération,Intersection en T,Pluie légère,Deux véhicules - côté,,,,,,,,,,,1,2,3,2,3
200600069139,0006-11-28 19:15:00,6,11,28,19,15,750,11,44 AV DE LA REPUBLIQUE,,,Nuit avec éclairage allumé,En agglomération,Hors intersection,Pluie légère,Autre collision,,,,,,,,,,,5,2,1,2,6
200600069140,0006-11-28 09:00:00,6,11,28,9,0,750,11,2 R SAINT AMBROISE,,,Plein jour,En agglomération,Hors intersection,Normale,Deux véhicules - côté,,,,,,,,,,,1,2,1,1,3
200600069141,0006-11-28 23:30:00,6,11,28,23,30,750,11,62 AV DE LA REPUBLIQUE,,,Nuit avec éclairage allumé,En agglomération,Hors intersection,Normale,Deux véhicules - côté,,,,,,,,,,,5,2,1,1,3
200600069142,0006-11-28 15:30:00,6,11,28,15,30,750,12,158 R DE BERCY,,,Plein jour,En agglomération,Hors intersection,Pluie légère,Autre collision,,,,,,,,,,,1,2,1,2,6
200600069143,0006-11-28 13:17:00,6,11,28,13,17,750,13,30 R AMIRAL MOUCHEZ,,,Plein jour,En agglomération,Hors intersection,Normale,Autre collision,,,,,,,,,,,1,2,1,1,6
200600069144,0006-11-28 17:45:00,6,11,28,17,45,750,13,5 R DE TOLBIAC,,,Nuit avec éclairage allumé,En agglomération,Hors intersection,Pluie légère,Autre collision,,,,,,,,,,,5,2,1,2,6
200600069145,0006-11-28 18:30:00,6,11,28,18,30,750,13,BPE GENTILLY ITALIE,,,Nuit avec éclairage allumé,En agglomération,Hors intersection,Normale,Deux véhicules - côté,,,,,,,,,,,5,2,1,1,3
200600069146,0006-11-28 08:05:00,6,11,28,8,5,750,15,R LA QUINTINIE R PAUL BA,,,Plein jour,En agglomération,Intersection en X,Normale,Deux véhicules - arrière,,,,,,,,,,,1,2,2,1,2
200600069147,0006-11-28 19:35:00,6,11,28,19,35,750,15,62 BD DE VAUGIRARD,,,Nuit avec éclairage allumé,En agglomération,Hors intersection,Pluie légère,Autre collision,,,,,,,,,,,5,2,1,2,6
200600069148,0006-11-28 19:30:00,6,11,28,19,30,750,15,PL INSURGES DE VARS ECH,,,Nuit avec éclairage allumé,En agglomération,Intersection en Y,Pluie légère,Sans collision,,,,,,,,,,,5,2,4,2,7
200600069149,0006-11-28 16:55:00,6,11,28,16,55,750,15,AV EMILE ZOLA R DE JAVEL,,,Plein jour,En agglomération,Intersection en Y,Pluie légère,Autre collision,,,,,,,,,,,1,2,4,2,6
200600069150,0006-11-28 09:40:00,6,11,28,9,40,750,16,AV FOCH PL GX DE TRENTIN,,,Plein jour,En agglomération,Intersection en X,Normale,Deux véhicules - côté,,,,,,,,,,,1,2,2,1,3
200600069151,0006-11-28 18:00:00,6,11,28,18,0,750,18,22 AV DE SAINT OUEN,,,Nuit avec éclairage allumé,En agglomération,Hors intersection,Pluie légère,Deux véhicules - côté,,,,,,,,,,,5,2,1,2,3
200600069152,0006-11-28 15:40:00,6,11,28,15,40,750,18,32 AV DE CLICHY,,,Plein jour,En agglomération,Hors intersection,Pluie légère,Autre collision,,,,,,,,,,,1,2,1,2,6
200600069153,0006-11-28 03:17:00,6,11,28,3,17,750,18,52 R CAULAINCOURT,,,Nuit avec éclairage allumé,En agglomération,Hors intersection,Normale,Sans collision,,,,,,,,,,,5,2,1,1,7
200600069154,0006-11-28 11:30:00,6,11,28,11,30,750,20,R BELGRAND R DU JAPON,,,Plein jour,En agglomération,Intersection en T,Normale,Deux véhicules - côté,,,,,,,,,,,1,2,3,1,3
200600069155,0006-11-29 15:50:00,6,11,29,15,50,750,1,R DE L ECHELLE R SAINT H,,,Plein jour,En agglomération,Intersection en X,Normale,Autre collision,,,,,,,,,,,1,2,2,1,6
200600069156,0006-11-29 20:00:00,6,11,29,20,0,750,3,10 R MESLAY,,,Nuit avec éclairage allumé,En agglomération,Hors intersection,Normale,Autre collision,,,,,,,,,,,5,2,1,1,6
200600069157,0006-11-29 08:50:00,6,11,29,8,50,750,3,R CUNIN GRIDAINE R DE TU,,,Plein jour,En agglomération,Intersection en X,Normale,Autre collision,,,,,,,,,,,1,2,2,1,6
200600069158,0006-11-29 16:00:00,6,11,29,16,0,750,4,VGP PO ARCOLE PO LOUIS P,,,Plein jour,En agglomération,Hors intersection,Normale,Autre collision,,,,,,,,,,,1,2,1,1,6
200600069159,0006-11-29 12:30:00,6,11,29,12,30,750,6,BD DU MONTPARNASSE R DE,,,Plein jour,En agglomération,Intersection en X,Normale,Deux véhicules - côté,,,,,,,,,,,1,2,2,1,3
200600069160,0006-11-29 18:00:00,6,11,29,18,0,750,7,R DE GRENELLE BD DE LA T,,,Nuit avec éclairage allumé,En agglomération,Intersection en X,Normale,Deux véhicules - côté,,,,,,,,,,,5,2,2,1,3
200600069161,0006-11-29 11:10:00,6,11,29,11,10,750,7,R DE BABYLONE BD DES INV,,,Plein jour,En agglomération,Intersection en X,Normale,Autre collision,,,,,,,,,,,1,2,2,1,6
200600069162,0006-11-29 19:45:00,6,11,29,19,45,750,7,118 R DE GRENELLE,,,Nuit avec éclairage allumé,En agglomération,Hors intersection,Normale,Autre collision,,,,,,,,,,,5,2,1,1,6
200600069163,0006-11-29 07:40:00,6,11,29,7,40,750,8,R DE BERRI AV DES CHAMPS,,,Crépuscule ou aube,En agglomération,Intersection en X,Normale,Autre collision,,,,,,,,,,,2,2,2,1,6
200600069164,0006-11-29 14:40:00,6,11,29,14,40,750,11,106 AV DE LA REPUBLIQUE,,,Plein jour,En agglomération,Hors intersection,Normale,Deux véhicules - côté,,,,,,,,,,,1,2,1,1,3
200600069165,0006-11-29 14:18:00,6,11,29,14,18,750,11,260 BD VOLTAIRE,,,Plein jour,En agglomération,Hors intersection,Normale,Deux véhicules - côté,,,,,,,,,,,1,2,1,1,3
200600069166,0006-11-29 15:50:00,6,11,29,15,50,750,13,BPE ITALIE IVRY,,,Plein jour,En agglomération,Hors intersection,Normale,Sans collision,,,,,,,,,,,1,2,1,1,7
200600069167,0006-11-29 15:30:00,6,11,29,15,30,750,14,56 R DIDOT,,,Plein jour,En agglomération,Hors intersection,Normale,Deux véhicules - côté,,,,,,,,,,,1,2,1,1,3
200600069168,0006-11-29 17:00:00,6,11,29,17,0,750,15,116 R FALGUIERE,,,Nuit avec éclairage allumé,En agglomération,Hors intersection,Normale,Deux véhicules - côté,,,,,,,,,,,5,2,1,1,3
200600069169,0006-11-29 18:45:00,6,11,29,18,45,750,16,ECH DAUPHINE RTE DE SURE,,,Nuit avec éclairage allumé,En agglomération,Intersection en X,Normale,Autre collision,,,,,,,,,,,5,2,2,1,6
200600069170,0006-11-29 14:10:00,6,11,29,14,10,750,16,112 AV DE VERSAILLES,,,Plein jour,En agglomération,Hors intersection,Normale,Autre collision,,,,,,,,,,,1,2,1,1,6
200600069171,0006-11-29 18:55:00,6,11,29,18,55,750,16,VERD GRENELLE BIR HAKEIM,,,Nuit avec éclairage allumé,En agglomération,Hors intersection,Normale,Trois véhicules et plus - en chaîne,,,,,,,,,,,5,2,1,1,4
200600069172,0006-11-29 19:30:00,6,11,29,19,30,750,17,18 R DAUBIGNY,,,Nuit avec éclairage allumé,En agglomération,Hors intersection,Normale,Autre collision,,,,,,,,,,,5,2,1,1,6
200600069173,0006-11-29 11:20:00,6,11,29,11,20,750,19,R DE CRIMEE R MANIN,,,Plein jour,En agglomération,Intersection en X,Normale,Deux véhicules - côté,,,,,,,,,,,1,2,2,1,3
200600069174,0006-11-29 09:50:00,6,11,29,9,50,750,20,ECH BAGNOLET AV IBSEN,,,Plein jour,En agglomération,Intersection en X,Normale,Deux véhicules - côté,,,,,,,,,,,1,2,2,1,3
200600069175,0006-11-29 15:10:00,6,11,29,15,10,750,20,BD DAVOUT R DES ORTEAUX,,,Plein jour,En agglomération,Intersection en X,Normale,Deux véhicules - côté,,,,,,,,,,,1,2,2,1,3
200600069176,0006-11-29 18:50:00,6,11,29,18,50,750,20,BD DE CHARONNE R DE LAGN,,,Nuit avec éclairage allumé,En agglomération,Intersection en X,Normale,Deux véhicules - côté,,,,,,,,,,,5,2,2,1,3
200600069177,0006-11-29 00:20:00,6,11,29,0,20,750,20,R FONTARABIE R DES PYREN,,,Nuit avec éclairage allumé,En agglomération,Intersection en X,Normale,Autre collision,,,,,,,,,,,5,2,2,1,6
200600069178,0006-11-30 19:40:00,6,11,30,19,40,750,1,R DES LOMBARDS BD SEBAST,,,Nuit avec éclairage allumé,En agglomération,Intersection en X,Normale,Deux véhicules - côté,,,,,,,,,,,5,2,2,1,3
200600069179,0006-11-30 21:45:00,6,11,30,21,45,750,1,R DE L ECHELLE R SAINT H,,,Nuit avec éclairage allumé,En agglomération,Intersection en X,Pluie légère,Autre collision,,,,,,,,,,,5,2,2,2,6
200600069180,0006-11-30 08:30:00,6,11,30,8,30,750,4,R DES ARCHIVES R DE RIVO,,,Plein jour,En agglomération,Intersection en T,Normale,Deux véhicules - côté,,,,,,,,,,,1,2,3,1,3
200600069181,0006-11-30 09:10:00,6,11,30,9,10,750,4,PL DE LA BASTILLE R SAIN,,,Plein jour,En agglomération,Intersection en T,Normale,Deux véhicules - côté,,,,,,,,,,,1,2,3,1,3
200600069182,0006-11-30 15:00:00,6,11,30,15,0,750,5,26 R GAY LUSSAC,,,Plein jour,En agglomération,Hors intersection,Normale,Deux véhicules - côté,,,,,,,,,,,1,2,1,1,3
200600069183,0006-11-30 06:50:00,6,11,30,6,50,750,8,BD HAUSSMANN AV DE MESSI,,,Nuit avec éclairage allumé,En agglomération,Intersection en T,Normale,Deux véhicules - arrière,,,,,,,,,,,5,2,3,1,2
200600069184,0006-11-30 02:50:00,6,11,30,2,50,750,8,R D ARTOIS R DE BERRI,,,Nuit avec éclairage allumé,En agglomération,Intersection en X,Normale,Deux véhicules - côté,,,,,,,,,,,5,2,2,1,3
200600069185,0006-11-30 13:15:00,6,11,30,13,15,750,11,166 BD VOLTAIRE,,,Plein jour,En agglomération,Hors intersection,Normale,Deux véhicules - côté,,,,,,,,,,,1,2,1,1,3
200600069186,0006-11-30 08:45:00,6,11,30,8,45,750,12,AV PTE DE VINCENNES BD S,,,Plein jour,En agglomération,Intersection en X,Normale,Deux véhicules - côté,,,,,,,,,,,1,2,2,1,3
200600069187,0006-11-30 19:50:00,6,11,30,19,50,750,12,BD DE LA BASTILLE PL DE,,,Nuit avec éclairage allumé,En agglomération,Intersection en T,Normale,Deux véhicules - côté,,,,,,,,,,,5,2,3,1,3
200600069188,0006-11-30 18:30:00,6,11,30,18,30,750,13,12 R NEUVE TOLBIAC,,,Nuit avec éclairage allumé,En agglomération,Hors intersection,Normale,Autre collision,,,,,,,,,,,5,2,1,1,6
200600069189,0006-11-30 13:30:00,6,11,30,13,30,750,13,164 R DE TOLBIAC,,,Plein jour,En agglomération,Hors intersection,Normale,Autre collision,,,,,,,,,,,1,2,1,1,6
200600069190,0006-11-30 18:05:00,6,11,30,18,5,750,13,20 AV D ITALIE,,,Nuit avec éclairage allumé,En agglomération,Hors intersection,Normale,Autre collision,,,,,,,,,,,5,2,1,1,6
200600069191,0006-11-30 20:30:00,6,11,30,20,30,750,14,R ALAIN PL CATALOGNE,,,Nuit avec éclairage allumé,En agglomération,Intersection en T,Normale,Deux véhicules - côté,,,,,,,,,,,5,2,3,1,3
200600069192,0006-11-30 08:55:00,6,11,30,8,55,750,14,AV DU MAINE R DU MOULIN,,,Plein jour,En agglomération,Intersection en Y,Normale,Deux véhicules - côté,,,,,,,,,,,1,2,4,1,3
200600069193,0006-11-30 19:05:00,6,11,30,19,5,750,15,152 R SAINT CHARLES,,,Nuit avec éclairage allumé,En agglomération,Hors intersection,Normale,Autre collision,,,,,,,,,,,5,2,1,1,6
200600069194,0006-11-30 11:55:00,6,11,30,11,55,750,16,112 AV DE VERSAILLES,,,Plein jour,En agglomération,Hors intersection,Normale,Sans collision,,,,,,,,,,,1,2,1,1,7
200600069195,0006-11-30 10:10:00,6,11,30,10,10,750,18,R DE LA CHAPELLE BD NEY,,,Plein jour,En agglomération,Intersection en X,Normale,Autre collision,,,,,,,,,,,1,2,2,1,6
200600069196,0006-11-30 02:15:00,6,11,30,2,15,750,18,46 BD NEY,,,Nuit avec éclairage allumé,En agglomération,Hors intersection,Normale,Deux véhicules - arrière,,,,,,,,,,,5,2,1,1,2
200600069197,0006-11-30 05:25:00,6,11,30,5,25,750,19,20 R MANIN,,,Nuit avec éclairage allumé,En agglomération,Hors intersection,Normale,Deux véhicules - côté,,,,,,,,,,,5,2,1,1,3
200600069198,0006-11-30 20:40:00,6,11,30,20,40,750,19,R MANIN AV MATHURIN MORE,,,Nuit avec éclairage allumé,En agglomération,Intersection en Y,Pluie légère,Deux véhicules - côté,,,,,,,,,,,5,2,4,2,3
200600069199,0006-11-30 21:30:00,6,11,30,21,30,750,20,84 BD DAVOUT,,,Nuit avec éclairage allumé,En agglomération,Hors intersection,Normale,Sans collision,,,,,,,,,,,5,2,1,1,7
200600069200,0006-11-30 11:45:00,6,11,30,11,45,750,20,R JULIEN LACROIX R LESAG,,,Plein jour,En agglomération,Intersection en X,Normale,Autre collision,,,,,,,,,,,1,2,2,1,6
200600069201,0006-11-30 17:00:00,6,11,30,17,0,750,20,BPI BAGNOLET MONTREUIL,,,Plein jour,En agglomération,Hors intersection,Normale,Deux véhicules - arrière,,,,,,,,,,,1,2,1,1,2
200600069202,0006-11-30 17:00:00,6,11,30,17,0,750,20,67 CRS DE VINCENNES,,,Crépuscule ou aube,En agglomération,Hors intersection,Normale,Autre collision,,,,,,,,,,,2,2,1,1,6
200600069203,0006-11-04 15:45:00,6,11,4,15,45,750,11,10 BD BEAUMARCHAIS,,,Plein jour,En agglomération,Hors intersection,Normale,Deux véhicules - côté,,,,,,,,,,,1,2,1,1,3
200600069204,0006-11-17 00:17:00,6,11,17,0,17,750,17,BPI CLICHY SAINT OUEN,,,Nuit avec éclairage allumé,En agglomération,Hors intersection,Normale,Autre collision,,,,,,,,,,,5,2,1,1,6
200600069205,0006-11-17 02:00:00,6,11,17,2,0,750,14,BPI ORLEANS CHATILLON,,,Nuit avec éclairage allumé,En agglomération,Hors intersection,Normale,Deux véhicules - arrière,,,,,,,,,,,5,2,1,1,2
200600069206,0006-11-24 14:35:00,6,11,24,14,35,750,14,BPI GENTILLY ORLEANS ECH,,,Plein jour,En agglomération,Intersection en Y,Temps couvert,Trois véhicules et plus - en chaîne,,,,,,,,,,,1,2,4,8,4
200600069207,0006-11-27 09:45:00,6,11,27,9,45,750,12,BPI CHARENTON BERCY,,,Plein jour,En agglomération,Hors intersection,Normale,Deux véhicules - côté,,,,,,,,,,,1,2,1,1,3
200600069208,0006-11-27 11:50:00,6,11,27,11,50,750,16,BPI ISSY POINT DU JOUR,,,Plein jour,En agglomération,Hors intersection,Normale,Deux véhicules - arrière,,,,,,,,,,,1,2,1,1,2
200600069209,0006-11-27 09:45:00,6,11,27,9,45,750,18,ECH CHAPELLE,,,Plein jour,En agglomération,Hors intersection,Normale,Deux véhicules - côté,,,,,,,,,,,1,2,1,1,3
200600069210,0006-11-28 14:40:00,6,11,28,14,40,750,8,R BALZAC AV DE FRIEDLAND,,,Plein jour,En agglomération,Intersection en X,Pluie légère,Deux véhicules - côté,,,,,,,,,,,1,2,2,2,3
200600069211,0006-11-28 18:40:00,6,11,28,18,40,750,19,BPI PANTIN PRE SAINT GER,,,Nuit avec éclairage allumé,En agglomération,Hors intersection,Normale,Deux véhicules - arrière,,,,,,,,,,,5,2,1,1,2
200600069212,0006-11-29 14:55:00,6,11,29,14,55,750,11,R RAMPON AV DE LA REPUBL,,,Plein jour,En agglomération,Intersection en T,Normale,Deux véhicules - arrière,,,,,,,,,,,1,2,3,1,2
200600069213,0006-11-29 17:50:00,6,11,29,17,50,750,15,BPE ISSY SEVRES,,,Nuit avec éclairage allumé,En agglomération,Hors intersection,Normale,Trois véhicules et plus - en chaîne,,,,,,,,,,,5,2,1,1,4
200600069214,0006-11-29 14:10:00,6,11,29,14,10,750,17,AV DE CLICHY R JACQUEMON,,,Plein jour,En agglomération,Intersection en X,Normale,Deux véhicules - côté,,,,,,,,,,,1,2,2,1,3
200600069215,0006-11-29 16:50:00,6,11,29,16,50,750,17,BPI CLICHY SAINT OUEN EC,,,Plein jour,En agglomération,Intersection en X,Normale,Deux véhicules - côté,,,,,,,,,,,1,2,2,1,3
200600069216,0006-11-29 04:30:00,6,11,29,4,30,750,18,BPE AUBERVILLIERS CHAPEL,,,Nuit avec éclairage allumé,En agglomération,Hors intersection,Normale,Deux véhicules - côté,,,,,,,,,,,5,2,1,1,3
200600069217,0006-11-30 09:40:00,6,11,30,9,40,750,8,AV DE FRIEDLAND P G GUIL,,,Plein jour,En agglomération,Intersection en X,Temps couvert,Deux véhicules - côté,,,,,,,,,,,1,2,2,8,3
200600069218,0006-11-30 09:28:00,6,11,30,9,28,750,17,R DE CHAZELLES R DE COUR,,,Plein jour,En agglomération,Intersection en X,Normale,Deux véhicules - côté,,,,,,,,,,,1,2,2,1,3
200600069219,0006-11-30 01:35:00,6,11,30,1,35,750,17,BD GOUVION ST CYR AV PTE,,,Nuit avec éclairage allumé,En agglomération,Intersection en X,Normale,Deux véhicules - côté,,,,,,,,,,,5,2,2,1,3
200600069220,0006-11-30 23:44:00,6,11,30,23,44,750,17,R JOUFFR D ABBANS R DE T,,,Nuit avec éclairage allumé,En agglomération,Intersection en X,Normale,Deux véhicules - côté,,,,,,,,,,,5,2,2,1,3
200600069221,0006-11-12 20:00:00,6,11,12,20,0,760,114,COTY RENE (RUE),,,Nuit avec éclairage allumé,En agglomération,Hors intersection,Normale,Autre collision,,,,,,,,,,,5,2,1,1,6
200600069222,0006-11-23 13:40:00,6,11,23,13,40,760,329,"1, RD 173 (ROUTE DE LILL",,,Plein jour,Hors agglomération,Hors intersection,Pluie forte,Deux véhicules - frontale,,,,,,,,,,,1,1,1,3,1
200600069223,0006-11-24 12:30:00,6,11,24,12,30,760,114,"42, GAMBETTA LEON (RUE)",,,Plein jour,En agglomération,Autre intersection,Normale,Autre collision,,,,,,,,,,,1,2,9,1,6
200600069224,0006-11-24 07:00:00,6,11,24,7,0,760,114,"17, FAURE FELIX (PLACE)",,,Crépuscule ou aube,En agglomération,Intersection en T,Normale,Autre collision,,,,,,,,,,,2,2,3,1,6
200600069225,0006-11-24 18:00:00,6,11,24,18,0,760,114,RD 30,,,Nuit sans éclairage public,Hors agglomération,Hors intersection,Normale,Autre collision,,,,,,,,,,,3,1,1,1,6
200600069226,0006-11-15 22:50:00,6,11,15,22,50,760,217,"1, DUQUESNE (QUAI)",,,Nuit avec éclairage allumé,En agglomération,Hors intersection,Normale,Autre collision,,,,,,,,,,,5,2,1,1,6
200600069227,0006-11-16 12:10:00,6,11,16,12,10,760,217,EVRARD (ROGER),,,Plein jour,En agglomération,Hors intersection,Pluie légère,Sans collision,,,,,,,,,,,1,2,1,2,7
200600069228,0006-11-20 07:15:00,6,11,20,7,15,760,349,RD 925,,,Nuit sans éclairage public,Hors agglomération,Hors intersection,Pluie forte,Sans collision,,,,,,,,,,,3,1,1,3,7
200600069229,0006-11-22 22:00:00,6,11,22,22,0,760,414,"1, SALINES (GRANDE RUE D",,,Nuit avec éclairage allumé,En agglomération,Hors intersection,Normale,Sans collision,,,,,,,,,,,5,2,1,1,7
200600069230,0006-11-23 16:20:00,6,11,23,16,20,760,217,"115, REPUBLIQUE (AVENUE",,,Plein jour,En agglomération,Hors intersection,Normale,Deux véhicules - côté,,,,,,,,,,,1,2,1,1,3
200600069231,0006-11-30 20:50:00,6,11,30,20,50,760,217,"1, FONTAINES (DES)",,,Nuit avec éclairage allumé,En agglomération,Hors intersection,Normale,Autre collision,,,,,,,,,,,5,2,1,1,6
200600069232,0006-11-02 11:15:00,6,11,2,11,15,760,561,"0, CHURCHILL. RUE WINSTO",,,Plein jour,En agglomération,Hors intersection,Normale,Deux véhicules - arrière,,,,,,,,,,,1,2,1,1,2
200600069233,0006-11-10 23:50:00,6,11,10,23,50,760,682,"4, N°17 CHEMIN RURAL DIT",,,Nuit sans éclairage public,En agglomération,Hors intersection,Normale,Sans collision,,,,,,,,,,,3,2,1,1,7
200600069234,0006-11-14 12:10:00,6,11,14,12,10,760,231,JAURES. RUE JEAN,,,Plein jour,En agglomération,Intersection en X,Normale,Deux véhicules - côté,,,,,,,,,,,1,2,2,1,3
200600069235,0006-11-21 11:10:00,6,11,21,11,10,760,231,"0, THUIT ANGER. RUE DE",,,Plein jour,En agglomération,Giratoire,Temps éblouissant,Sans collision,,,,,,,,,,,1,2,6,7,7
200600069236,0006-11-23 19:40:00,6,11,23,19,40,760,486,"0, CIRCUIT ROUEN LES ESS",,,Nuit sans éclairage public,Hors agglomération,Hors intersection,Normale,Trois véhicules et plus - collisions multiples,,,,,,,,,,,3,1,1,1,5
200600069237,0006-11-24 05:45:00,6,11,24,5,45,760,231,"0, HENRI. RUE",,,Nuit avec éclairage allumé,En agglomération,Intersection en X,Normale,Deux véhicules - côté,,,,,,,,,,,5,2,2,1,3
200600069238,0006-11-26 13:00:00,6,11,26,13,0,760,231,"0, BOURGTHEROULDE. RUE D",,,Plein jour,Hors agglomération,Hors intersection,Normale,Deux véhicules - frontale,,,,,,,,,,,1,1,1,1,1
200600069239,0006-11-08 06:25:00,6,11,8,6,25,760,259,VALMONT ( ROUTE DE),,,Nuit avec éclairage allumé,En agglomération,Intersection en X,Normale,Deux véhicules - côté,,,,,,,,,,,5,2,2,1,3
200600069240,0006-11-17 10:10:00,6,11,17,10,10,760,259,LEROUX ( RUE ANDRE-PAUL),,,Plein jour,En agglomération,Intersection en T,Normale,Autre collision,,,,,,,,,,,1,2,3,1,6
200600069241,0006-11-18 19:20:00,6,11,18,19,20,760,259,CANY ( ROUTE DE -CD 925-,,,Nuit sans éclairage public,Hors agglomération,Hors intersection,Normale,Deux véhicules - frontale,,,,,,,,,,,3,1,1,1,1
200600069242,0006-11-22 12:09:00,6,11,22,12,9,760,259,"1, TRAVERSIERE ( RUE)",,,Plein jour,En agglomération,Autre intersection,Temps couvert,Autre collision,,,,,,,,,,,1,2,9,8,6
200600069243,0006-11-06 17:30:00,6,11,6,17,30,760,351,"0,00, REPUBLIQUE (COURS",,,Plein jour,En agglomération,Hors intersection,Normale,Trois véhicules et plus - collisions multiples,,,,,,,,,,,1,2,1,1,5
200600069244,0006-11-07 07:40:00,6,11,7,7,40,760,270,"10, OCTEVILLE",,,Nuit sans éclairage public,Hors agglomération,Hors intersection,Brouillard / fumée,Autre collision,,,,,,,,,,,3,1,1,5,6
200600069245,0006-11-09 00:20:00,6,11,9,0,20,760,351,"0,00, HOTEL DE VILLE (PL",,,Nuit avec éclairage allumé,En agglomération,Hors intersection,Normale,Autre collision,,,,,,,,,,,5,2,1,1,6
200600069246,0006-11-09 16:50:00,6,11,9,16,50,760,351,FERRER,,,Plein jour,En agglomération,Hors intersection,Temps éblouissant,Autre collision,,,,,,,,,,,1,2,1,7,6
200600069247,0006-11-10 14:35:00,6,11,10,14,35,760,305,INDUSTRIELLE (ROUTE),,,Plein jour,Hors agglomération,Intersection en X,Normale,Deux véhicules - côté,,,,,,,,,,,1,1,2,1,3
200600069248,0006-11-16 08:20:00,6,11,16,8,20,760,447,"29, HOPITAL JACQUES MONO",,,Plein jour,En agglomération,Hors intersection,Normale,Deux véhicules - côté,,,,,,,,,,,1,2,1,1,3
200600069249,0006-11-28 12:10:00,6,11,28,12,10,760,351,"300, ARISTIDE BRIAND <31",,,Plein jour,En agglomération,Hors intersection,Normale,Sans collision,,,,,,,,,,,1,2,1,1,7
200600069250,0006-11-29 19:30:00,6,11,29,19,30,760,351,GENERAL FERRIE (AVENUE),,,Nuit avec éclairage allumé,En agglomération,Hors intersection,Normale,Autre collision,,,,,,,,,,,5,2,1,1,6