accident_id,datetime,annee,mois,jour,heure,minute,departement,commune_insee,adresse,latitude,longitude,luminosite,agglomeration,intersection,meteo,collision,nb_vehicules,nb_usagers,nb_indemnes,nb_tues,nb_blesses_hosp,nb_blesses_legers,age_cond_1,age_cond_2,veh_type_cond_1,veh_type_cond_2,lum_code,agg_code,int_code,atm_code,col_code
200600069379,0006-11-23 19:15:00,6,11,23,19,15,770,118,"12BIS, VERDUN (RUE DE)",,,Nuit avec éclairage allumé,En agglomération,Hors intersection,Normale,Autre collision,,,,,,,,,,,5,2,1,1,6
200600069380,0006-11-05 19:15:00,6,11,5,19,15,780,126,DUCHESNE LUCIEN RENE (AV,,,Nuit avec éclairage allumé,En agglomération,Hors intersection,Normale,Deux véhicules - côté,,,,,,,,,,,5,2,1,1,3
200600069381,0006-11-06 09:10:00,6,11,6,9,10,780,126,ROQUENCOURT (AVENUE DE,,,Plein jour,En agglomération,Hors intersection,Normale,Deux véhicules - côté,,,,,,,,,,,1,2,1,1,3
200600069382,0006-11-22 21:10:00,6,11,22,21,10,780,92,BOISSY D'ANGLAS (QUAI),,,Nuit avec éclairage allumé,En agglomération,Hors intersection,Pluie légère,Deux véhicules - côté,,,,,,,,,,,5,2,1,2,3
200600069383,0006-11-05 20:00:00,6,11,5,20,0,780,5,RD 30,,,Nuit avec éclairage allumé,Hors agglomération,Autre intersection,Brouillard / fumée,Deux véhicules - frontale,,,,,,,,,,,5,1,9,5,1
200600069384,0006-11-04 17:25:00,6,11,4,17,25,780,172,"0.0, CERGY (RUE DE)",,,Plein jour,En agglomération,Intersection en Y,Normale,Deux véhicules - côté,,,,,,,,,,,1,2,4,1,3
200600069385,0006-11-11 10:00:00,6,11,11,10,0,780,15,"0.0, MOULIN (AVENUE JEAN",,,Plein jour,En agglomération,Intersection en X,Normale,Deux véhicules - arrière,,,,,,,,,,,1,2,2,1,2
200600069386,0006-11-10 10:00:00,6,11,10,10,0,780,172,"0.0, AMBASSADEUR (RUE DE",,,Plein jour,En agglomération,Intersection en X,Normale,Deux véhicules - côté,,,,,,,,,,,1,2,2,1,3
200600069387,0006-11-14 11:30:00,6,11,14,11,30,780,172,"00, BELLES HATES (CHEMIN",,,Plein jour,En agglomération,Hors intersection,Temps couvert,Deux véhicules - frontale,,,,,,,,,,,1,2,1,8,1
200600069388,0006-11-19 00:10:00,6,11,19,0,10,780,172,"24 bis, CHASSE (RUE DE L",,,Nuit avec éclairage allumé,En agglomération,Hors intersection,Pluie légère,Sans collision,,,,,,,,,,,5,2,1,2,7
200600069389,0006-11-20 15:45:00,6,11,20,15,45,780,172,RD POINT AMBASSADEUR/CAR,,,Plein jour,En agglomération,Giratoire,Pluie légère,Deux véhicules - côté,,,,,,,,,,,1,2,6,2,3
200600069390,0006-11-29 11:55:00,6,11,29,11,55,780,5,"0.000, GARE ACHERES VILL",,,Plein jour,En agglomération,Hors intersection,Normale,Autre collision,,,,,,,,,,,1,2,1,1,6
200600069391,0006-11-29 19:10:00,6,11,29,19,10,780,5,"47, HALAGE (CHEMIN DE)",,,Nuit avec éclairage non allumé,En agglomération,Hors intersection,Normale,Deux véhicules - côté,,,,,,,,,,,4,2,1,1,3
200600069392,0006-11-16 18:23:00,6,11,16,18,23,780,172,"00, HAUTIL (RUE DE L')",,,Nuit avec éclairage allumé,En agglomération,Giratoire,Pluie forte,Deux véhicules - côté,,,,,,,,,,,5,2,6,3,3
200600069393,0006-11-30 19:55:00,6,11,30,19,55,780,15,"00, SCHWEISGUTH (RUE DU",,,Nuit avec éclairage allumé,En agglomération,Intersection en X,Normale,Deux véhicules - arrière,,,,,,,,,,,5,2,2,1,2
200600069394,0006-11-29 08:25:00,6,11,29,8,25,780,15,"00, RD 55",,,Plein jour,En agglomération,Intersection en X,Normale,Sans collision,,,,,,,,,,,1,2,2,1,7
200600069395,0006-11-01 01:15:00,6,11,1,1,15,780,208,"Indét, ARAGO (RUE FRANCO",,,Nuit avec éclairage allumé,En agglomération,Intersection en T,Normale,Autre collision,,,,,,,,,,,5,2,3,1,6
200600069396,0006-11-14 08:40:00,6,11,14,8,40,780,208,"Indét, GREGORY (BOULEVAR",,,Plein jour,En agglomération,Hors intersection,Normale,Deux véhicules - côté,,,,,,,,,,,1,2,1,1,3
200600069397,0006-11-24 11:35:00,6,11,24,11,35,780,644,NATIONALE 10 ( ROUTE),,,Plein jour,Hors agglomération,Hors intersection,Pluie légère,Deux véhicules - côté,,,,,,,,,,,1,1,1,2,3
200600069398,0006-11-24 14:30:00,6,11,24,14,30,780,168,AMPERE (RUE),,,Plein jour,En agglomération,Intersection en T,Pluie légère,Deux véhicules - côté,,,,,,,,,,,1,2,3,2,3
200600069399,0006-11-24 19:20:00,6,11,24,19,20,780,397,"0, Rue du Pavé d'Argent",,,Nuit avec éclairage allumé,En agglomération,Hors intersection,Pluie légère,Sans collision,,,,,,,,,,,5,2,1,2,7
200600069400,0006-11-26 16:45:00,6,11,26,16,45,780,383,FRANCHE COMTE (AVENUE DE,,,Plein jour,En agglomération,Hors intersection,Normale,Sans collision,,,,,,,,,,,1,2,1,1,7
200600069401,0006-11-29 08:40:00,6,11,29,8,40,780,208,DEPARTEMENTALE 23 (ROUTE,,,Plein jour,Hors agglomération,Autre intersection,Normale,Deux véhicules - côté,,,,,,,,,,,1,1,9,1,3
200600069402,0006-11-18 11:50:00,6,11,18,11,50,780,423,"1, DESCARTES (BOULEVARD)",,,Plein jour,En agglomération,Intersection en X,Normale,Deux véhicules - arrière,,,,,,,,,,,1,2,2,1,2
200600069403,0006-11-23 04:45:00,6,11,23,4,45,780,423,"ignoré, RN 10",,,Nuit avec éclairage allumé,Hors agglomération,Hors intersection,Pluie légère,Deux véhicules - côté,,,,,,,,,,,5,1,1,2,3
200600069404,0006-11-27 15:35:00,6,11,27,15,35,780,297,"IGNORE, BEETHOVEN (BOULE",,,Plein jour,En agglomération,Intersection en X,Normale,Autre collision,,,,,,,,,,,1,2,2,1,6
200600069405,0006-11-28 16:35:00,6,11,28,16,35,780,423,"IGNORE, THEULE (RUE JOEL",,,Plein jour,En agglomération,Hors intersection,Pluie légère,Autre collision,,,,,,,,,,,1,2,1,2,6
200600069406,0006-11-11 05:15:00,6,11,11,5,15,780,311,"01, CHAMPAGNE (RUE DE)",,,Nuit avec éclairage allumé,Hors agglomération,Hors intersection,Normale,Sans collision,,,,,,,,,,,5,1,1,1,7
200600069407,0006-11-11 12:25:00,6,11,11,12,25,780,311,"15, HENRI BARBUSSE (BOUL",,,Plein jour,En agglomération,Intersection en T,Normale,Autre collision,,,,,,,,,,,1,2,3,1,6
200600069408,0006-11-15 10:20:00,6,11,15,10,20,780,311,"31, EMILE ZOLA (BOULEVAR",,,Plein jour,En agglomération,Hors intersection,Normale,Autre collision,,,,,,,,,,,1,2,1,1,6
200600069409,0006-11-18 09:50:00,6,11,18,9,50,780,311,"01, COLMAR (RUE DE)",,,Plein jour,En agglomération,Intersection en T,Normale,Autre collision,,,,,,,,,,,1,2,3,1,6
200600069410,0006-11-20 06:35:00,6,11,20,6,35,780,311,"134 BIS, HENRI BARBUSSE",,,Nuit avec éclairage allumé,En agglomération,Hors intersection,Normale,Autre collision,,,,,,,,,,,5,2,1,1,6
200600069411,0006-11-11 13:00:00,6,11,11,13,0,780,372,"29, MAIGRETS (CHEMIN DES",,,Plein jour,En agglomération,Hors intersection,Pluie légère,Deux véhicules - frontale,,,,,,,,,,,1,2,1,2,1
200600069412,0006-11-17 10:40:00,6,11,17,10,40,780,401,"19, ANNONCIADES (RUE DES",,,Plein jour,En agglomération,Hors intersection,Normale,Autre collision,,,,,,,,,,,1,2,1,1,6
200600069413,0006-11-08 14:45:00,6,11,8,14,45,780,238,RENAULT (ROUTE DE),,,Plein jour,Hors agglomération,Hors intersection,Normale,Deux véhicules - côté,,,,,,,,,,,1,1,1,1,3
200600069414,0006-11-16 16:30:00,6,11,16,16,30,780,238,"10, GENERAL DE GAULLE (R",,,Plein jour,En agglomération,Hors intersection,Pluie légère,Deux véhicules - arrière,,,,,,,,,,,1,2,1,2,2
200600069415,0006-11-26 15:35:00,6,11,26,15,35,780,29,DIVISION LECLERC (AV. DE,,,Plein jour,En agglomération,Giratoire,Normale,Sans collision,,,,,,,,,,,1,2,6,1,7
200600069416,0006-11-17 15:50:00,6,11,17,15,50,780,440,PAUL RAOULT (AVENUE),,,Plein jour,En agglomération,Hors intersection,Normale,Sans collision,,,,,,,,,,,1,2,1,1,7
200600069417,0006-11-06 07:20:00,6,11,6,7,20,780,165,PROU (AVENUE HENRI),,,Nuit avec éclairage allumé,En agglomération,Giratoire,Normale,Deux véhicules - côté,,,,,,,,,,,5,2,6,1,3
200600069418,0006-11-18 08:40:00,6,11,18,8,40,780,490,LAURENT (AVENUE MARC),,,Plein jour,En agglomération,Hors intersection,Normale,Deux véhicules - arrière,,,,,,,,,,,1,2,1,1,2
200600069419,0006-11-20 17:15:00,6,11,20,17,15,780,165,FERRY (RUE JULES),,,Nuit avec éclairage allumé,En agglomération,Intersection en X,Pluie forte,Deux véhicules - côté,,,,,,,,,,,5,2,2,3,3
200600069420,0006-11-26 17:50:00,6,11,26,17,50,780,674,Avenue du Grand Parc,,,Nuit avec éclairage allumé,En agglomération,Intersection en X,Normale,Deux véhicules - côté,,,,,,,,,,,5,2,2,1,3
200600069421,0006-11-23 17:34:00,6,11,23,17,34,780,490,SAINTE APOLLINE (AVENUE,,,Crépuscule ou aube,En agglomération,Hors intersection,Pluie légère,Deux véhicules - côté,,,,,,,,,,,2,2,1,2,3
200600069422,0006-11-29 17:50:00,6,11,29,17,50,780,674,LANGUEDOC (AVENUE DU),,,Nuit avec éclairage allumé,En agglomération,Hors intersection,Normale,Sans collision,,,,,,,,,,,5,2,1,1,7
200600069423,0006-11-03 20:55:00,6,11,3,20,55,780,642,MEULAN ROUTE DE CD154,,,Nuit avec éclairage allumé,En agglomération,Intersection en X,Normale,Deux véhicules - côté,,,,,,,,,,,5,2,2,1,3
200600069424,0006-11-07 14:30:00,6,11,7,14,30,780,643,TRIEL AVENUE DE,,,Plein jour,En agglomération,Intersection en T,Normale,Sans collision,,,,,,,,,,,1,2,3,1,7
200600069425,0006-11-15 21:30:00,6,11,15,21,30,780,498,SAINT SEBASTIEN RUE,,,Nuit avec éclairage allumé,En agglomération,Intersection en T,Pluie légère,Deux véhicules - côté,,,,,,,,,,,5,2,3,2,3
200600069426,0006-11-13 15:45:00,6,11,13,15,45,780,123,CENTRE LECLERC REINE BLA,,,Plein jour,En agglomération,Autre intersection,Normale,Autre collision,,,,,,,,,,,1,2,9,1,6
200600069427,0006-11-10 17:30:00,6,11,10,17,30,780,498,VILLIERS RUE DE,,,Crépuscule ou aube,En agglomération,Intersection en T,Normale,Deux véhicules - côté,,,,,,,,,,,2,2,3,1,3
200600069428,0006-11-13 12:05:00,6,11,13,12,5,780,498,"5 BIS, MARY RUE JEAN CLA",,,Plein jour,En agglomération,Hors intersection,Normale,Autre collision,,,,,,,,,,,1,2,1,1,6
200600069429,0006-11-15 07:30:00,6,11,15,7,30,780,498,"18, HUGO BD VICTOR",,,Plein jour,En agglomération,Hors intersection,Normale,Autre collision,,,,,,,,,,,1,2,1,1,6
200600069430,0006-11-19 00:10:00,6,11,19,0,10,780,624,CHANTELOUP RUE DE,,,Nuit avec éclairage allumé,En agglomération,Intersection en X,Pluie légère,Deux véhicules - côté,,,,,,,,,,,5,2,2,2,3
200600069431,0006-11-20 17:30:00,6,11,20,17,30,780,498,ROBESPIERRE BD,,,Nuit avec éclairage allumé,En agglomération,Intersection en X,Pluie forte,Deux véhicules - arrière,,,,,,,,,,,5,2,2,3,2
200600069432,0006-11-16 08:30:00,6,11,16,8,30,780,643,TRIEL AVENUE DE,,,Plein jour,En agglomération,Passage à niveau,Pluie légère,Autre collision,,,,,,,,,,,1,2,8,2,6
200600069433,0006-11-23 14:00:00,6,11,23,14,0,780,624,FRERES MARTIN RUE DES,,,Plein jour,En agglomération,Intersection en T,Normale,Deux véhicules - côté,,,,,,,,,,,1,2,3,1,3
200600069434,0006-11-25 02:08:00,6,11,25,2,8,780,498,RD30,,,Nuit sans éclairage public,Hors agglomération,Hors intersection,Pluie légère,Autre collision,,,,,,,,,,,3,1,1,2,6
200600069435,0006-11-29 14:55:00,6,11,29,14,55,780,498,"03, GRANDS CHAMPS RUE DE",,,Plein jour,En agglomération,Hors intersection,Normale,Deux véhicules - frontale,,,,,,,,,,,1,2,1,1,1
200600069436,0006-11-30 02:50:00,6,11,30,2,50,780,123,BEAUREGARD CHEMIN DE,,,Nuit avec éclairage allumé,En agglomération,Intersection en T,Normale,Autre collision,,,,,,,,,,,5,2,3,1,6
200600069437,0006-11-22 21:25:00,6,11,22,21,25,780,624,RD1,,,Nuit avec éclairage allumé,Hors agglomération,Hors intersection,Pluie légère,Autre collision,,,,,,,,,,,5,1,1,2,6
200600069438,0006-11-23 18:25:00,6,11,23,18,25,780,123,EUROPE (RN 190) AVENUE D,,,Nuit avec éclairage allumé,En agglomération,Intersection en X,Pluie légère,Deux véhicules - côté,,,,,,,,,,,5,2,2,2,3
200600069439,0006-11-26 05:38:00,6,11,26,5,38,780,498,"141, ROBESPIERRE BD",,,Nuit avec éclairage allumé,En agglomération,Hors intersection,Normale,Autre collision,,,,,,,,,,,5,2,1,1,6
200600069440,0006-11-01 11:15:00,6,11,1,11,15,780,517,RN 10,,,Plein jour,Hors agglomération,Hors intersection,Normale,Trois véhicules et plus - en chaîne,,,,,,,,,,,1,1,1,1,4
200600069441,0006-11-09 09:35:00,6,11,9,9,35,780,517,"22, EIFFEL (IMPASSE GUST",,,Plein jour,En agglomération,Hors intersection,Normale,Deux véhicules - côté,,,,,,,,,,,1,2,1,1,3
200600069442,0006-11-26 11:30:00,6,11,26,11,30,780,486,"42-44, CHARTRES (RUE DE",,,Plein jour,En agglomération,Hors intersection,Normale,Autre collision,,,,,,,,,,,1,2,1,1,6
200600069443,0006-11-08 10:00:00,6,11,8,10,0,780,242,CD 11,,,Plein jour,Hors agglomération,Hors intersection,Normale,Autre collision,,,,,,,,,,,1,1,1,1,6
200600069444,0006-11-25 18:30:00,6,11,25,18,30,780,551,RN 13,,,Nuit avec éclairage allumé,Hors agglomération,Hors intersection,Normale,Trois véhicules et plus - en chaîne,,,,,,,,,,,5,1,1,1,4
200600069445,0006-11-21 11:00:00,6,11,21,11,0,780,551,RN 184,,,Plein jour,Hors agglomération,Hors intersection,Normale,Trois véhicules et plus - en chaîne,,,,,,,,,,,1,1,1,1,4
200600069446,0006-11-03 09:30:00,6,11,3,9,30,780,551,"8, POLOGNE (DE)",,,Plein jour,En agglomération,Hors intersection,Normale,Autre collision,,,,,,,,,,,1,2,1,1,6
200600069447,0006-11-06 17:50:00,6,11,6,17,50,780,551,"19, PONTOISE (DE)",,,Crépuscule ou aube,En agglomération,Hors intersection,Normale,Autre collision,,,,,,,,,,,2,2,1,1,6
200600069448,0006-11-08 12:25:00,6,11,8,12,25,780,481,"ignoré, MARECHAL DE LATT",,,Plein jour,Hors agglomération,Hors intersection,Normale,Autre collision,,,,,,,,,,,1,1,1,1,6
200600069449,0006-11-11 11:45:00,6,11,11,11,45,780,551,"ignoré, PAIX (BD DE LA)",,,Plein jour,En agglomération,Hors intersection,Temps couvert,Deux véhicules - côté,,,,,,,,,,,1,2,1,8,3
200600069450,0006-11-12 02:40:00,6,11,12,2,40,780,481,CARRIERES (ROUTE DE),,,Nuit sans éclairage public,Hors agglomération,Hors intersection,Normale,Deux véhicules - frontale,,,,,,,,,,,3,1,1,1,1
200600069451,0006-11-17 18:30:00,6,11,17,18,30,780,551,RD 308,,,Nuit avec éclairage allumé,Hors agglomération,Hors intersection,Normale,Deux véhicules - arrière,,,,,,,,,,,5,1,1,1,2
200600069452,0006-11-17 18:31:00,6,11,17,18,31,780,551,RD 308,,,Nuit avec éclairage allumé,Hors agglomération,Hors intersection,Normale,Deux véhicules - arrière,,,,,,,,,,,5,1,1,1,2
200600069453,0006-11-18 19:30:00,6,11,18,19,30,780,551,RD 308,,,Nuit sans éclairage public,Hors agglomération,Hors intersection,Normale,Autre collision,,,,,,,,,,,3,1,1,1,6
200600069454,0006-11-04 17:30:00,6,11,4,17,30,780,586,BAULLER (MARCEL),,,Crépuscule ou aube,En agglomération,Intersection en X,Normale,Deux véhicules - côté,,,,,,,,,,,2,2,2,1,3
200600069455,0006-11-07 20:10:00,6,11,7,20,10,780,586,ROUGET DE L'ISLE N° IMPA,,,Nuit avec éclairage allumé,En agglomération,Hors intersection,Normale,Autre collision,,,,,,,,,,,5,2,1,1,6
200600069456,0006-11-09 09:40:00,6,11,9,9,40,780,586,REPUBLIQUE (AVENUE) N° I,,,Plein jour,En agglomération,Hors intersection,Normale,Deux véhicules - côté,,,,,,,,,,,1,2,1,1,3
200600069457,0006-11-10 09:25:00,6,11,10,9,25,780,586,MERMOZ (JEAN),,,Plein jour,En agglomération,Intersection en X,Normale,Deux véhicules - côté,,,,,,,,,,,1,2,2,1,3
200600069458,0006-11-13 15:30:00,6,11,13,15,30,780,586,REPUBLIQUE (AVENUE) N° P,,,Plein jour,En agglomération,Hors intersection,Normale,Autre collision,,,,,,,,,,,1,2,1,1,6
200600069459,0006-11-16 09:10:00,6,11,16,9,10,780,586,TOBROUK,,,Plein jour,En agglomération,Hors intersection,Normale,Deux véhicules - arrière,,,,,,,,,,,1,2,1,1,2
200600069460,0006-11-20 17:05:00,6,11,20,17,5,780,586,LAKANAL,,,Nuit avec éclairage allumé,En agglomération,Intersection en T,Temps couvert,Deux véhicules - côté,,,,,,,,,,,5,2,3,8,3
200600069461,0006-11-30 13:55:00,6,11,30,13,55,780,586,PONTOISE,,,Plein jour,En agglomération,Hors intersection,Normale,Deux véhicules - côté,,,,,,,,,,,1,2,1,1,3
200600069462,0006-11-30 18:40:00,6,11,30,18,40,780,586,BEZONS N°88 A 164,,,Nuit avec éclairage allumé,En agglomération,Intersection en X,Normale,Deux véhicules - côté,,,,,,,,,,,5,2,2,1,3
200600069463,0006-11-11 16:30:00,6,11,11,16,30,780,621,DELACROIX (RUE EUGENE),,,Plein jour,En agglomération,Hors intersection,Normale,Trois véhicules et plus - en chaîne,,,,,,,,,,,1,2,1,1,4
200600069464,0006-11-15 14:40:00,6,11,15,14,40,780,621,CASTIGLIONE DEL LAGO (RU,,,Plein jour,En agglomération,Intersection en X,Normale,Deux véhicules - côté,,,,,,,,,,,1,2,2,1,3
200600069465,0006-11-30 12:55:00,6,11,30,12,55,780,621,LANGEVIN (RUE PAUL),,,Plein jour,En agglomération,Hors intersection,Normale,Autre collision,,,,,,,,,,,1,2,1,1,6
200600069466,0006-11-29 05:10:00,6,11,29,5,10,780,621,POLITZER (AVENUE GEORGES,,,Nuit avec éclairage allumé,En agglomération,Hors intersection,Normale,Deux véhicules - arrière,,,,,,,,,,,5,2,1,1,2
200600069467,0006-11-13 17:40:00,6,11,13,17,40,780,640,ROBERT WAGNER (AVENUE),,,Nuit avec éclairage allumé,En agglomération,Hors intersection,Normale,Autre collision,,,,,,,,,,,5,2,1,1,6
200600069468,0006-11-13 19:00:00,6,11,13,19,0,780,686,GENERAL LECLERC (AVENUE,,,Nuit avec éclairage allumé,En agglomération,Hors intersection,Normale,Deux véhicules - côté,,,,,,,,,,,5,2,1,1,3
200600069469,0006-11-14 18:15:00,6,11,14,18,15,780,640,"53 BIS, EUROPE (AVENUE D",,,Nuit avec éclairage allumé,En agglomération,Hors intersection,Normale,Deux véhicules - côté,,,,,,,,,,,5,2,1,1,3
200600069470,0006-11-15 10:15:00,6,11,15,10,15,780,686,GENERAL LECLERC (AVENUE,,,Plein jour,En agglomération,Hors intersection,Normale,Autre collision,,,,,,,,,,,1,2,1,1,6
200600069471,0006-11-17 12:30:00,6,11,17,12,30,780,640,BRINDJONC DES MOULINAIS,,,Plein jour,En agglomération,Hors intersection,Normale,Deux véhicules - côté,,,,,,,,,,,1,2,1,1,3
200600069472,0006-11-18 12:30:00,6,11,18,12,30,780,640,"2, EUROPE (AVENUE DE L')",,,Plein jour,Hors agglomération,Hors intersection,Normale,Autre collision,,,,,,,,,,,1,1,1,1,6
200600069473,0006-11-20 18:15:00,6,11,20,18,15,780,322,CHARLES DE GAULLE (RUE),,,Nuit avec éclairage allumé,Hors agglomération,Hors intersection,Pluie forte,Trois véhicules et plus - en chaîne,,,,,,,,,,,5,1,1,3,4
200600069474,0006-11-22 13:20:00,6,11,22,13,20,780,640,PETIT CLAMART (RUE DU),,,Plein jour,En agglomération,Hors intersection,Pluie légère,Deux véhicules - arrière,,,,,,,,,,,1,2,1,2,2
200600069475,0006-11-23 15:40:00,6,11,23,15,40,780,640,"Face 10, GUYNEMER (RUE)",,,Plein jour,En agglomération,Hors intersection,Temps couvert,Autre collision,,,,,,,,,,,1,2,1,8,6
200600069476,0006-11-28 17:30:00,6,11,28,17,30,780,322,JEAN BAUVINON (RUE),,,Nuit sans éclairage public,Hors agglomération,Hors intersection,Pluie légère,Deux véhicules - frontale,,,,,,,,,,,3,1,1,2,1
200600069477,0006-11-01 14:15:00,6,11,1,14,15,780,158,RUEIL (ROUTE DE),,,Plein jour,En agglomération,Intersection en X,Normale,Autre collision,,,,,,,,,,,1,2,2,1,6
200600069478,0006-11-06 12:25:00,6,11,6,12,25,780,646,LOI (PLACE DE LA),,,Plein jour,En agglomération,Giratoire,Normale,Deux véhicules - côté,,,,,,,,,,,1,2,6,1,3
200600069479,0006-11-11 22:30:00,6,11,11,22,30,780,646,"Néant, MARECHAL FOCH (RU",,,Nuit avec éclairage allumé,En agglomération,Intersection en X,Normale,Deux véhicules - côté,,,,,,,,,,,5,2,2,1,3
200600069480,0006-11-10 14:30:00,6,11,10,14,30,780,646,LOI (PLACE DE LA),,,Plein jour,En agglomération,Place,Normale,Deux véhicules - côté,,,,,,,,,,,1,2,7,1,3
200600069481,0006-11-12 18:40:00,6,11,12,18,40,780,646,GENERAL DE GAULLE (AVENU,,,Nuit avec éclairage allumé,En agglomération,Hors intersection,Normale,Deux véhicules - côté,,,,,,,,,,,5,2,1,1,3
200600069482,0006-11-16 08:30:00,6,11,16,8,30,780,158,"NEANT, VERSAILLES (RUE D",,,Plein jour,En agglomération,Hors intersection,Pluie légère,Deux véhicules - côté,,,,,,,,,,,1,2,1,2,3
200600069483,0006-11-16 18:00:00,6,11,16,18,0,780,158,"Néant, GEORGES CHAPELIER",,,Nuit avec éclairage allumé,En agglomération,Intersection en X,Pluie légère,Deux véhicules - côté,,,,,,,,,,,5,2,2,2,3
200600069484,0006-11-19 21:20:00,6,11,19,21,20,780,646,REPUBLIQUE (BOULEVARD DE,,,Nuit avec éclairage allumé,En agglomération,Intersection en X,Normale,Deux véhicules - côté,,,,,,,,,,,5,2,2,1,3
200600069485,0006-11-19 13:20:00,6,11,19,13,20,780,646,ETATS UNIS (AVENUE DES),,,Plein jour,En agglomération,Intersection en X,Temps couvert,Deux véhicules - côté,,,,,,,,,,,1,2,2,8,3
200600069486,0006-11-23 17:40:00,6,11,23,17,40,780,646,"NEANT, ROYALE (RUE)",,,Nuit avec éclairage allumé,En agglomération,Intersection en X,Pluie forte,Autre collision,,,,,,,,,,,5,2,2,3,6
200600069487,0006-11-24 08:30:00,6,11,24,8,30,780,646,"Néant, BONNE AVENTURE (R",,,Plein jour,En agglomération,Hors intersection,Temps couvert,Autre collision,,,,,,,,,,,1,2,1,8,6
200600069488,0006-11-29 20:00:00,6,11,29,20,0,780,646,GENERAL DE GAULLE (AVENU,,,Nuit avec éclairage allumé,En agglomération,Hors intersection,Normale,Sans collision,,,,,,,,,,,5,2,1,1,7
200600069489,0006-11-27 08:30:00,6,11,27,8,30,780,646,"67, MARECHAL FOCH (RUE D",,,Plein jour,En agglomération,Hors intersection,Normale,Deux véhicules - arrière,,,,,,,,,,,1,2,1,1,2
200600069490,0006-11-25 18:45:00,6,11,25,18,45,780,646,"53, CHANTIERS (RUE DES)",,,Nuit avec éclairage allumé,En agglomération,Hors intersection,Normale,Deux véhicules - arrière,,,,,,,,,,,5,2,1,1,2
200600069491,0006-11-29 19:15:00,6,11,29,19,15,780,646,PARIS (AVENUE DE),,,Nuit avec éclairage allumé,En agglomération,Intersection en X,Normale,Sans collision,,,,,,,,,,,5,2,2,1,7
200600069492,0006-11-14 17:00:00,6,11,14,17,0,780,650,MONTESSON (ROUTE DE),,,Crépuscule ou aube,En agglomération,Intersection en T,Normale,Deux véhicules - frontale,,,,,,,,,,,2,2,3,1,1
200600069493,0006-11-15 18:55:00,6,11,15,18,55,780,650,MONTESSON (ROUTE DE),,,Nuit avec éclairage allumé,En agglomération,Place,Normale,Autre collision,,,,,,,,,,,5,2,7,1,6
200600069494,0006-11-25 17:55:00,6,11,25,17,55,780,190,PONTS (RUE DES),,,Nuit avec éclairage allumé,En agglomération,Intersection en T,Temps couvert,Deux véhicules - côté,,,,,,,,,,,5,2,3,8,3
200600069495,0006-11-09 10:13:00,6,11,9,10,13,790,191,"1, MARTIN BASTARD (PLACE",,,Plein jour,En agglomération,Hors intersection,Normale,Sans collision,,,,,,,,,,,1,2,1,1,7
200600069496,0006-11-11 19:10:00,6,11,11,19,10,790,191,ATLANTIQUE (BD) LA ROCHE,,,Crépuscule ou aube,En agglomération,Intersection en X,Temps couvert,Deux véhicules - côté,,,,,,,,,,,2,2,2,8,3
200600069497,0006-11-19 02:20:00,6,11,19,2,20,790,81,"85, COMBES (RUE DES)",,,Nuit avec éclairage allumé,En agglomération,Hors intersection,Pluie légère,Deux véhicules - côté,,,,,,,,,,,5,2,1,2,3
200600069498,0006-11-21 11:15:00,6,11,21,11,15,790,191,COULONGES (ROUTE),,,Plein jour,En agglomération,Hors intersection,Pluie légère,Deux véhicules - frontale,,,,,,,,,,,1,2,1,2,1
200600069499,0006-11-23 21:45:00,6,11,23,21,45,790,191,ATLANTIQUE (BD) LA ROCHE,,,Nuit avec éclairage allumé,En agglomération,Hors intersection,Normale,Deux véhicules - côté,,,,,,,,,,,5,2,1,1,3
200600069500,0006-11-18 12:05:00,6,11,18,12,5,790,329,"20, EMILE ZOLA (AVENUE)",,,Plein jour,En agglomération,Hors intersection,Normale,Trois véhicules et plus - collisions multiples,,,,,,,,,,,1,2,1,1,5
200600069501,0006-11-23 08:00:00,6,11,23,8,0,790,329,"29, HANNUT (BOULEVARD DE",,,Crépuscule ou aube,En agglomération,Intersection en X,Pluie légère,Deux véhicules - côté,,,,,,,,,,,2,2,2,2,3
200600069502,0006-11-26 19:40:00,6,11,26,19,40,790,329,PORT GENTIL (BOULEVARD),,,Nuit avec éclairage allumé,En agglomération,Giratoire,Normale,Deux véhicules - côté,,,,,,,,,,,5,2,6,1,3
200600069503,0006-11-15 07:45:00,6,11,15,7,45,800,1,"192, ROUEN (de)",,,Nuit avec éclairage allumé,En agglomération,Hors intersection,Normale,Autre collision,,,,,,,,,,,5,2,1,1,6
200600069504,0006-11-05 08:35:00,6,11,5,8,35,800,21,"10, OTAGES (RUE DES)",,,Plein jour,En agglomération,Hors intersection,Normale,Deux véhicules - frontale,,,,,,,,,,,1,2,1,1,1
200600069505,0006-11-05 16:50:00,6,11,5,16,50,800,21,"0, CAGNARD (RUE)",,,Plein jour,En agglomération,Hors intersection,Normale,Deux véhicules - arrière,,,,,,,,,,,1,2,1,1,2
200600069506,0006-11-03 17:40:00,6,11,3,17,40,800,21,"0, PAIX (AVENUE DE LA)",,,Crépuscule ou aube,En agglomération,Hors intersection,Normale,Autre collision,,,,,,,,,,,2,2,1,1,6
200600069507,0006-11-03 16:00:00,6,11,3,16,0,800,164,"70, MARIUS PETIT (RUE)",,,Plein jour,En agglomération,Hors intersection,Normale,Deux véhicules - côté,,,,,,,,,,,1,2,1,1,3
200600069508,0006-11-04 12:50:00,6,11,4,12,50,800,21,"4, LANGUEDOC (AVENUE DU)",,,Plein jour,En agglomération,Hors intersection,Normale,Autre collision,,,,,,,,,,,1,2,1,1,6