accident_id,datetime,annee,mois,jour,heure,minute,departement,commune_insee,adresse,latitude,longitude,luminosite,agglomeration,intersection,meteo,collision,nb_vehicules,nb_usagers,nb_indemnes,nb_tues,nb_blesses_hosp,nb_blesses_legers,age_cond_1,age_cond_2,veh_type_cond_1,veh_type_cond_2,lum_code,agg_code,int_code,atm_code,col_code
200600069638,0006-11-07 20:45:00,6,11,7,20,45,840,7,ROQUETTE (chemin de la),,,Nuit avec éclairage allumé,En agglomération,Hors intersection,Normale,Autre collision,,,,,,,,,,,5,2,1,1,6
200600069639,0006-11-09 17:05:00,6,11,9,17,5,840,7,MONTFAVET (Route),,,Plein jour,En agglomération,Hors intersection,Normale,Deux véhicules - côté,,,,,,,,,,,1,2,1,1,3
200600069640,0006-11-09 16:55:00,6,11,9,16,55,840,7,"néant, MARSEILLE (Route",,,Plein jour,En agglomération,Hors intersection,Normale,Autre collision,,,,,,,,,,,1,2,1,1,6
200600069641,0006-11-10 13:45:00,6,11,10,13,45,840,7,PIERRE SEMARD (avenue),,,Plein jour,En agglomération,Intersection en T,Normale,Deux véhicules - côté,,,,,,,,,,,1,2,3,1,3
200600069642,0006-11-10 13:50:00,6,11,10,13,50,840,7,RD225  (route touristiqu,,,Plein jour,Hors agglomération,Hors intersection,Normale,Trois véhicules et plus - en chaîne,,,,,,,,,,,1,1,1,1,4
200600069643,0006-11-10 19:05:00,6,11,10,19,5,840,7,MALPEIGNE (Chemin de),,,Crépuscule ou aube,En agglomération,Intersection en T,Normale,Deux véhicules - côté,,,,,,,,,,,2,2,3,1,3
200600069644,0006-11-11 01:25:00,6,11,11,1,25,840,7,C.De GAULLE (Rocade),,,Nuit avec éclairage allumé,En agglomération,Intersection en X,Normale,Deux véhicules - côté,,,,,,,,,,,5,2,2,1,3
200600069645,0006-11-11 20:30:00,6,11,11,20,30,840,7,"néant, CHARLES DE GAULLE",,,Nuit avec éclairage allumé,En agglomération,Giratoire,Normale,Deux véhicules - côté,,,,,,,,,,,5,2,6,1,3
200600069646,0006-11-12 01:05:00,6,11,12,1,5,840,7,SAINT LAZARE (Boulevard),,,Nuit avec éclairage allumé,En agglomération,Hors intersection,Normale,Deux véhicules - côté,,,,,,,,,,,5,2,1,1,3
200600069647,0006-11-14 15:00:00,6,11,14,15,0,840,7,MOULIN NOTRE DAME (Rue),,,Plein jour,Hors agglomération,Hors intersection,Normale,Sans collision,,,,,,,,,,,1,1,1,1,7
200600069648,0006-11-14 17:40:00,6,11,14,17,40,840,7,PIERRE SEMARD (avenue),,,Nuit avec éclairage allumé,En agglomération,Hors intersection,Normale,Sans collision,,,,,,,,,,,5,2,1,1,7
200600069649,0006-11-14 22:45:00,6,11,14,22,45,840,7,"18, LIMBERT (Boulevard)",,,Nuit avec éclairage allumé,En agglomération,Hors intersection,Normale,Deux véhicules - côté,,,,,,,,,,,5,2,1,1,3
200600069650,0006-11-15 10:25:00,6,11,15,10,25,840,7,"13, MOUETTES (Impasse de",,,Plein jour,En agglomération,Hors intersection,Normale,Autre collision,,,,,,,,,,,1,2,1,1,6
200600069651,0006-11-16 09:05:00,6,11,16,9,5,840,7,SAINT RUF (Avenue),,,Plein jour,En agglomération,Hors intersection,Normale,Deux véhicules - côté,,,,,,,,,,,1,2,1,1,3
200600069652,0006-11-16 19:50:00,6,11,16,19,50,840,7,C.De GAULLE (Rocade),,,Nuit avec éclairage allumé,En agglomération,Hors intersection,Normale,Autre collision,,,,,,,,,,,5,2,1,1,6
200600069653,0006-11-17 12:15:00,6,11,17,12,15,840,7,"néant, AEROPORT (Rond po",,,Plein jour,En agglomération,Giratoire,Pluie légère,Deux véhicules - frontale,,,,,,,,,,,1,2,6,2,1
200600069654,0006-11-17 14:25:00,6,11,17,14,25,840,7,C.De GAULLE (Rocade),,,Plein jour,En agglomération,Hors intersection,Pluie légère,Autre collision,,,,,,,,,,,1,2,1,2,6
200600069655,0006-11-18 03:15:00,6,11,18,3,15,840,7,ITALIENS (avenue des ),,,Nuit avec éclairage allumé,En agglomération,Intersection en X,Pluie forte,Deux véhicules - côté,,,,,,,,,,,5,2,2,3,3
200600069656,0006-11-18 15:00:00,6,11,18,15,0,840,7,ROUTE NATIONALE 7,,,Plein jour,En agglomération,Hors intersection,Normale,Trois véhicules et plus - en chaîne,,,,,,,,,,,1,2,1,1,4
200600069657,0006-11-19 20:30:00,6,11,19,20,30,840,7,"59, MONCLAR (Avenue)",,,Nuit avec éclairage allumé,En agglomération,Hors intersection,Normale,Deux véhicules - arrière,,,,,,,,,,,5,2,1,1,2
200600069658,0006-11-21 03:30:00,6,11,21,3,30,840,7,DOCTEUR PONS (Route tour,,,Nuit avec éclairage allumé,En agglomération,Hors intersection,Normale,Sans collision,,,,,,,,,,,5,2,1,1,7
200600069659,0006-11-21 09:00:00,6,11,21,9,0,840,7,PIERRE SEMARD (avenue),,,Plein jour,En agglomération,Intersection en T,Normale,Deux véhicules - côté,,,,,,,,,,,1,2,3,1,3
200600069660,0006-11-22 10:40:00,6,11,22,10,40,840,7,"Néant, C.De GAULLE (Roca",,,Plein jour,En agglomération,Hors intersection,Normale,Deux véhicules - arrière,,,,,,,,,,,1,2,1,1,2
200600069661,0006-11-22 21:25:00,6,11,22,21,25,840,7,SAINT MICHEL (Boulevard),,,Nuit avec éclairage allumé,En agglomération,Hors intersection,Normale,Deux véhicules - côté,,,,,,,,,,,5,2,1,1,3
200600069662,0006-11-23 17:50:00,6,11,23,17,50,840,7,PIERRE SEMARD (avenue),,,Crépuscule ou aube,En agglomération,Hors intersection,Normale,Deux véhicules - côté,,,,,,,,,,,2,2,1,1,3
200600069663,0006-11-23 18:40:00,6,11,23,18,40,840,7,MONOD (Boulevard J.),,,Nuit avec éclairage allumé,En agglomération,Hors intersection,Normale,Autre collision,,,,,,,,,,,5,2,1,1,6
200600069664,0006-11-25 09:40:00,6,11,25,9,40,840,7,CORNUE (Rue),,,Plein jour,En agglomération,Hors intersection,Normale,Autre collision,,,,,,,,,,,1,2,1,1,6
200600069665,0006-11-25 11:45:00,6,11,25,11,45,840,7,"32, SOURCES (Avenue des)",,,Plein jour,En agglomération,Hors intersection,Normale,Autre collision,,,,,,,,,,,1,2,1,1,6
200600069666,0006-11-26 01:25:00,6,11,26,1,25,840,7,MARSEILLE (Route de ),,,Nuit sans éclairage public,Hors agglomération,Hors intersection,Normale,Autre collision,,,,,,,,,,,3,1,1,1,6
200600069667,0006-11-26 18:45:00,6,11,26,18,45,840,7,MARSEILLE (Route de ),,,Crépuscule ou aube,Hors agglomération,Hors intersection,Normale,Sans collision,,,,,,,,,,,2,1,1,1,7
200600069668,0006-11-27 13:35:00,6,11,27,13,35,840,7,"néant, CARREFOUR (parkin",,,Plein jour,En agglomération,Intersection en X,Normale,Deux véhicules - côté,,,,,,,,,,,1,2,2,1,3
200600069669,0006-11-28 10:50:00,6,11,28,10,50,840,7,AMANDIER (Avenue de l'),,,Plein jour,En agglomération,Giratoire,Normale,Deux véhicules - côté,,,,,,,,,,,1,2,6,1,3
200600069670,0006-11-28 13:15:00,6,11,28,13,15,840,7,"NEANT, LIMBERT (Boulevar",,,Plein jour,En agglomération,Intersection en X,Normale,Deux véhicules - côté,,,,,,,,,,,1,2,2,1,3
200600069671,0006-11-29 10:15:00,6,11,29,10,15,840,7,COUPE D'OR(Chemin de la),,,Plein jour,En agglomération,Hors intersection,Normale,Autre collision,,,,,,,,,,,1,2,1,1,6
200600069672,0006-11-30 16:10:00,6,11,30,16,10,840,7,PIERRE SEMARD (avenue),,,Plein jour,En agglomération,Hors intersection,Normale,Deux véhicules - côté,,,,,,,,,,,1,2,1,1,3
200600069673,0006-11-07 08:07:00,6,11,7,8,7,840,35,"40, PREMIERE D.B (AVENUE",,,Plein jour,Hors agglomération,Hors intersection,Normale,Sans collision,,,,,,,,,,,1,1,1,1,7
200600069674,0006-11-08 19:16:00,6,11,8,19,16,840,35,"000, FOLLEREAU (AVENUE R",,,Nuit avec éclairage allumé,En agglomération,Hors intersection,Normale,Deux véhicules - côté,,,,,,,,,,,5,2,1,1,3
200600069675,0006-11-08 20:28:00,6,11,8,20,28,840,35,"175, CONDAMINES (FAUBOUR",,,Nuit avec éclairage allumé,En agglomération,Hors intersection,Normale,Autre collision,,,,,,,,,,,5,2,1,1,6
200600069676,0006-11-10 09:50:00,6,11,10,9,50,840,35,"000, TAILLADES-RD143 (RO",,,Plein jour,Hors agglomération,Hors intersection,Normale,Sans collision,,,,,,,,,,,1,1,1,1,7
200600069677,0006-11-11 18:40:00,6,11,11,18,40,840,35,"137, COTY (AVENUE RENE)",,,Nuit avec éclairage allumé,En agglomération,Hors intersection,Normale,Deux véhicules - arrière,,,,,,,,,,,5,2,1,1,2
200600069678,0006-11-12 16:30:00,6,11,12,16,30,840,35,"000, LAGNES-RD24 (ROUTE",,,Plein jour,Hors agglomération,Hors intersection,Normale,Deux véhicules - côté,,,,,,,,,,,1,1,1,1,3
200600069679,0006-11-20 16:29:00,6,11,20,16,29,840,35,"000, SARNETTE (AVENUE AB",,,Plein jour,En agglomération,Hors intersection,Normale,Deux véhicules - arrière,,,,,,,,,,,1,2,1,1,2
200600069680,0006-11-28 15:25:00,6,11,28,15,25,840,35,"000, LAGNES-RD24 (ROUTE",,,Plein jour,Hors agglomération,Hors intersection,Normale,Deux véhicules - côté,,,,,,,,,,,1,1,1,1,3
200600069681,0006-11-29 17:14:00,6,11,29,17,14,840,35,"424, MERIMEE (AVENUE PRO",,,Crépuscule ou aube,En agglomération,Hors intersection,Normale,Deux véhicules - côté,,,,,,,,,,,2,2,1,1,3
200600069682,0006-11-09 17:25:00,6,11,9,17,25,840,87,"222, TERRIER (RUE DU)",,,Plein jour,En agglomération,Hors intersection,Normale,Trois véhicules et plus - en chaîne,,,,,,,,,,,1,2,1,1,4
200600069683,0006-11-27 13:05:00,6,11,27,13,5,840,87,ANCIEN COLLEGE (RUE),,,Plein jour,En agglomération,Intersection en X,Normale,Autre collision,,,,,,,,,,,1,2,2,1,6
200600069684,0006-11-09 13:30:00,6,11,9,13,30,850,191,"0, GUTEMBERG RUE (SECTEU",,,Plein jour,En agglomération,Intersection en T,Normale,Deux véhicules - frontale,,,,,,,,,,,1,2,3,1,1
200600069685,0006-11-15 20:25:00,6,11,15,20,25,850,191,"0, SALENGRO RUE ROGER S.",,,Nuit avec éclairage allumé,En agglomération,Intersection en T,Normale,Deux véhicules - côté,,,,,,,,,,,5,2,3,1,3
200600069686,0006-11-17 18:50:00,6,11,17,18,50,850,191,"0, ARNAUD RUE DE L'ABBE",,,Nuit avec éclairage allumé,En agglomération,Intersection en X,Pluie légère,Deux véhicules - côté,,,,,,,,,,,5,2,2,2,3
200600069687,0006-11-23 20:44:00,6,11,23,20,44,850,191,"0, AQUITAINE AVENUE ALIE",,,Nuit avec éclairage allumé,En agglomération,Intersection en X,Pluie légère,Deux véhicules - côté,,,,,,,,,,,5,2,2,2,3
200600069688,0006-11-24 12:00:00,6,11,24,12,0,850,191,"1, BRIAND BOULEVARD ARIS",,,Plein jour,En agglomération,Giratoire,Pluie légère,Deux véhicules - côté,,,,,,,,,,,1,2,6,2,3
200600069689,0006-11-30 17:38:00,6,11,30,17,38,850,191,"1, ARAGO BOULEVARD",,,Crépuscule ou aube,En agglomération,Hors intersection,Normale,Deux véhicules - côté,,,,,,,,,,,2,2,1,1,3
200600069690,0006-11-05 05:50:00,6,11,5,5,50,850,194,PAS DU BOIS 'AVENUE DU),,,Nuit sans éclairage public,En agglomération,Hors intersection,Normale,Autre collision,,,,,,,,,,,3,2,1,1,6
200600069691,0006-11-06 21:25:00,6,11,6,21,25,850,194,COLLINEAU (PLACE DU GENE,,,Nuit avec éclairage allumé,En agglomération,Place,Normale,Deux véhicules - côté,,,,,,,,,,,5,2,7,1,3
200600069692,0006-11-15 20:50:00,6,11,15,20,50,850,194,ROSSIGNOLS (RUE DES),,,Nuit avec éclairage allumé,En agglomération,Hors intersection,Normale,Autre collision,,,,,,,,,,,5,2,1,1,6
200600069693,0006-11-27 07:55:00,6,11,27,7,55,850,194,"66, LAENNEC (RUE DU DOCT",,,Plein jour,En agglomération,Intersection en X,Pluie légère,Deux véhicules - côté,,,,,,,,,,,1,2,2,2,3
200600069694,0006-11-26 02:07:00,6,11,26,2,7,860,66,RD 749 - ROUTE DE RICHEL,,,Nuit sans éclairage public,Hors agglomération,Intersection en Y,Normale,Deux véhicules - frontale,,,,,,,,,,,3,1,4,1,1
200600069695,0006-11-26 14:42:00,6,11,26,14,42,860,66,"56, RD 910",,,Plein jour,En agglomération,Hors intersection,Normale,Deux véhicules - côté,,,,,,,,,,,1,2,1,1,3
200600069696,0006-11-02 07:55:00,6,11,2,7,55,860,158,RN.147,,,Plein jour,Hors agglomération,Hors intersection,Normale,Trois véhicules et plus - en chaîne,,,,,,,,,,,1,1,1,1,4
200600069697,0006-11-02 13:40:00,6,11,2,13,40,860,194,JOHN KENNEDY (AVENUE),,,Plein jour,En agglomération,Intersection en X,Normale,Deux véhicules - côté,,,,,,,,,,,1,2,2,1,3
200600069698,0006-11-06 12:20:00,6,11,6,12,20,860,214,ROCADE SUD EST (RD 162),,,Plein jour,En agglomération,Hors intersection,Normale,Trois véhicules et plus - en chaîne,,,,,,,,,,,1,2,1,1,4
200600069699,0006-11-06 16:35:00,6,11,6,16,35,860,194,11 NOVEMBRE (AVENUE DU),,,Plein jour,En agglomération,Hors intersection,Normale,Deux véhicules - arrière,,,,,,,,,,,1,2,1,1,2
200600069700,0006-11-07 17:20:00,6,11,7,17,20,860,194,PROVENCE (PLACE DE),,,Plein jour,En agglomération,Hors intersection,Normale,Autre collision,,,,,,,,,,,1,2,1,1,6
200600069701,0006-11-08 12:30:00,6,11,8,12,30,860,194,EUROPE (AVENUE DE L'),,,Plein jour,En agglomération,Autre intersection,Normale,Deux véhicules - arrière,,,,,,,,,,,1,2,9,1,2
200600069702,0006-11-09 22:55:00,6,11,9,22,55,860,194,ROCADE OUEST (RN10),,,Nuit avec éclairage allumé,Hors agglomération,Hors intersection,Normale,Sans collision,,,,,,,,,,,5,1,1,1,7
200600069703,0006-11-12 15:35:00,6,11,12,15,35,860,194,"., RECTEUR PINEAU (AVENU",,,Plein jour,En agglomération,Hors intersection,Normale,Deux véhicules - côté,,,,,,,,,,,1,2,1,1,3
200600069704,0006-11-14 17:55:00,6,11,14,17,55,860,194,"2, FAUBOURG SAINT CYPRIE",,,Nuit avec éclairage allumé,En agglomération,Hors intersection,Pluie légère,Deux véhicules - frontale,,,,,,,,,,,5,2,1,2,1
200600069705,0006-11-17 15:05:00,6,11,17,15,5,860,194,"20, NANTES (AVENUE DE) D",,,Plein jour,En agglomération,Hors intersection,Normale,Deux véhicules - frontale,,,,,,,,,,,1,2,1,1,1
200600069706,0006-11-20 08:20:00,6,11,20,8,20,860,194,PIERRE LEVEE (RUE DE LA),,,Plein jour,En agglomération,Intersection en T,Temps couvert,Deux véhicules - côté,,,,,,,,,,,1,2,3,8,3
200600069707,0006-11-21 19:25:00,6,11,21,19,25,860,194,"134, FAUBOURG PONT NEUF",,,Nuit avec éclairage allumé,En agglomération,Hors intersection,Pluie légère,Deux véhicules - côté,,,,,,,,,,,5,2,1,2,3
200600069708,0006-11-21 20:45:00,6,11,21,20,45,860,194,"., PRE L'ABBESSE (RUE DU",,,Nuit avec éclairage allumé,En agglomération,Intersection en T,Normale,Deux véhicules - côté,,,,,,,,,,,5,2,3,1,3
200600069709,0006-11-22 11:55:00,6,11,22,11,55,860,41,"16, ECOLES (RUE DES)",,,Plein jour,En agglomération,Hors intersection,Pluie légère,Autre collision,,,,,,,,,,,1,2,1,2,6
200600069710,0006-11-22 17:40:00,6,11,22,17,40,860,194,RN 147,,,Nuit sans éclairage public,Hors agglomération,Hors intersection,Pluie légère,Deux véhicules - arrière,,,,,,,,,,,3,1,1,2,2
200600069711,0006-11-22 19:45:00,6,11,22,19,45,860,194,PASCAL LE COQ (RUE),,,Nuit avec éclairage allumé,En agglomération,Intersection en X,Pluie légère,Autre collision,,,,,,,,,,,5,2,2,2,6
200600069712,0006-11-23 12:33:00,6,11,23,12,33,860,194,"120, CUEILLE MIREBALAISE",,,Plein jour,En agglomération,Hors intersection,Pluie légère,Trois véhicules et plus - en chaîne,,,,,,,,,,,1,2,1,2,4
200600069713,0006-11-23 17:30:00,6,11,23,17,30,860,158,"., SAINT NICOLAS (ROUTE",,,Nuit sans éclairage public,Hors agglomération,Hors intersection,Pluie légère,Deux véhicules - arrière,,,,,,,,,,,3,1,1,2,2
200600069714,0006-11-23 22:05:00,6,11,23,22,5,860,158,LOGE (AVENUE DE LA),,,Nuit avec éclairage allumé,Hors agglomération,Giratoire,Temps couvert,Sans collision,,,,,,,,,,,5,1,6,8,7
200600069715,0006-11-24 07:50:00,6,11,24,7,50,860,194,"268, NANTES (AVENUE DE)",,,Crépuscule ou aube,En agglomération,Hors intersection,Pluie forte,Sans collision,,,,,,,,,,,2,2,1,3,7
200600069716,0006-11-24 17:10:00,6,11,24,17,10,860,194,JOHN KENNEDY (AVENUE),,,Nuit sans éclairage public,En agglomération,Hors intersection,Pluie légère,Sans collision,,,,,,,,,,,3,2,1,2,7
200600069717,0006-11-24 20:45:00,6,11,24,20,45,860,214,ROCADE SUD EST (RD 162),,,Nuit avec éclairage allumé,En agglomération,Intersection en X,Normale,Deux véhicules - côté,,,,,,,,,,,5,2,2,1,3
200600069718,0006-11-26 15:55:00,6,11,26,15,55,860,194,"46, GRANGE ST PIERRE (RU",,,Plein jour,En agglomération,Hors intersection,Normale,Deux véhicules - côté,,,,,,,,,,,1,2,1,1,3
200600069719,0006-11-29 16:30:00,6,11,29,16,30,860,194,"8, PORTEAU (RUE DU)",,,Plein jour,En agglomération,Intersection en T,Normale,Deux véhicules - côté,,,,,,,,,,,1,2,3,1,3
200600069720,0006-11-30 09:20:00,6,11,30,9,20,860,194,"33, CROIX BLANCHE (RUE)",,,Plein jour,En agglomération,Hors intersection,Normale,Sans collision,,,,,,,,,,,1,2,1,1,7
200600069721,0006-11-30 18:55:00,6,11,30,18,55,860,194,ROCADE OUEST (RN10),,,Nuit avec éclairage allumé,En agglomération,Intersection en X,Normale,Deux véhicules - frontale,,,,,,,,,,,5,2,2,1,1
200600069722,0006-11-02 10:35:00,6,11,2,10,35,870,85,"103, VIGENAL (BOULEVARD",,,Plein jour,En agglomération,Hors intersection,Normale,Autre collision,,,,,,,,,,,1,2,1,1,6
200600069723,0006-11-02 20:09:00,6,11,2,20,9,870,85,"41, BREMONTIER (RUE)",,,Nuit avec éclairage allumé,En agglomération,Hors intersection,Normale,Deux véhicules - côté,,,,,,,,,,,5,2,1,1,3
200600069724,0006-11-02 19:51:00,6,11,2,19,51,870,85,SCHUMAN (BOULEVARD ROBER,,,Nuit avec éclairage allumé,Hors agglomération,Hors intersection,Normale,Deux véhicules - arrière,,,,,,,,,,,5,1,1,1,2
200600069725,0006-11-03 19:12:00,6,11,3,19,12,870,85,FEYTIAT (RUE DE),,,Nuit avec éclairage allumé,En agglomération,Intersection en X,Normale,Deux véhicules - côté,,,,,,,,,,,5,2,2,1,3
200600069726,0006-11-04 09:38:00,6,11,4,9,38,870,85,"3, COURAUD (RUE RAYMOND)",,,Plein jour,En agglomération,Hors intersection,Normale,Autre collision,,,,,,,,,,,1,2,1,1,6
200600069727,0006-11-04 14:16:00,6,11,4,14,16,870,85,"2, PREFECTURE (RUE DE LA",,,Plein jour,En agglomération,Intersection en X,Normale,Deux véhicules - côté,,,,,,,,,,,1,2,2,1,3
200600069728,0006-11-04 18:50:00,6,11,4,18,50,870,85,ROUSSILLON (AVENUE DU),,,Nuit avec éclairage allumé,En agglomération,Hors intersection,Normale,Deux véhicules - frontale,,,,,,,,,,,5,2,1,1,1
200600069729,0006-11-05 19:25:00,6,11,5,19,25,870,85,"90, LEGENDRE (RUE CHARLE",,,Nuit avec éclairage allumé,En agglomération,Intersection en X,Normale,Deux véhicules - côté,,,,,,,,,,,5,2,2,1,3
200600069730,0006-11-07 15:05:00,6,11,7,15,5,870,85,"5, CHARENTES (PLACE DES)",,,Plein jour,En agglomération,Intersection en X,Normale,Deux véhicules - côté,,,,,,,,,,,1,2,2,1,3
200600069731,0006-11-07 16:45:00,6,11,7,16,45,870,85,"222, VANTEAUX (BOULEVARD",,,Plein jour,En agglomération,Hors intersection,Normale,Deux véhicules - arrière,,,,,,,,,,,1,2,1,1,2
200600069732,0006-11-08 13:21:00,6,11,8,13,21,870,85,"1, BEL AIR (BOULEVARD DE",,,Plein jour,En agglomération,Hors intersection,Normale,Deux véhicules - côté,,,,,,,,,,,1,2,1,1,3
200600069733,0006-11-08 13:59:00,6,11,8,13,59,870,85,"90, REVOLUTION (AVENUE D",,,Plein jour,En agglomération,Intersection en X,Normale,Deux véhicules - frontale,,,,,,,,,,,1,2,2,1,1
200600069734,0006-11-08 16:52:00,6,11,8,16,52,870,85,NEXON (RUE DE),,,Plein jour,En agglomération,Hors intersection,Normale,Deux véhicules - côté,,,,,,,,,,,1,2,1,1,3
200600069735,0006-11-09 14:04:00,6,11,9,14,4,870,85,AUTOROUTE A20,,,Plein jour,Hors agglomération,Hors intersection,Normale,Deux véhicules - arrière,,,,,,,,,,,1,1,1,1,2
200600069736,0006-11-09 14:17:00,6,11,9,14,17,870,85,"84, LABUSSIERE (AVENUE E",,,Plein jour,En agglomération,Hors intersection,Normale,Autre collision,,,,,,,,,,,1,2,1,1,6
200600069737,0006-11-10 08:00:00,6,11,10,8,0,870,85,RD941,,,Crépuscule ou aube,En agglomération,Hors intersection,Normale,Autre collision,,,,,,,,,,,2,2,1,1,6
200600069738,0006-11-11 15:10:00,6,11,11,15,10,870,85,AUTOROUTE A20,,,Plein jour,Hors agglomération,Hors intersection,Pluie légère,Autre collision,,,,,,,,,,,1,1,1,2,6
200600069739,0006-11-12 03:45:00,6,11,12,3,45,870,85,"1, LIBERATION (AVENUE DE",,,Nuit avec éclairage allumé,En agglomération,Hors intersection,Normale,Autre collision,,,,,,,,,,,5,2,1,1,6
200600069740,0006-11-12 04:53:00,6,11,12,4,53,870,85,"58, NEXON (RUE DE)",,,Nuit avec éclairage allumé,En agglomération,Hors intersection,Normale,Autre collision,,,,,,,,,,,5,2,1,1,6
200600069741,0006-11-13 17:55:00,6,11,13,17,55,870,85,"44, JAURES (RUE JEAN)",,,Nuit avec éclairage allumé,En agglomération,Hors intersection,Normale,Deux véhicules - côté,,,,,,,,,,,5,2,1,1,3
200600069742,0006-11-14 14:48:00,6,11,14,14,48,870,85,AUTOROUTE A20,,,Plein jour,Hors agglomération,Hors intersection,Normale,Deux véhicules - arrière,,,,,,,,,,,1,1,1,1,2
200600069743,0006-11-14 16:45:00,6,11,14,16,45,870,85,"23, BEAUBLANC (BOULEVARD",,,Plein jour,En agglomération,Hors intersection,Normale,Deux véhicules - côté,,,,,,,,,,,1,2,1,1,3
200600069744,0006-11-15 00:40:00,6,11,15,0,40,870,85,"128, LATTRE-DE-TASSIGNY",,,Nuit avec éclairage allumé,En agglomération,Hors intersection,Normale,Autre collision,,,,,,,,,,,5,2,1,1,6
200600069745,0006-11-16 20:50:00,6,11,16,20,50,870,85,"2, COUTURES (AVENUE DES)",,,Nuit avec éclairage allumé,En agglomération,Hors intersection,Pluie légère,Autre collision,,,,,,,,,,,5,2,1,2,6
200600069746,0006-11-17 08:10:00,6,11,17,8,10,870,85,"46, FREDON (RUE JEAN)",,,Plein jour,En agglomération,Hors intersection,Pluie légère,Autre collision,,,,,,,,,,,1,2,1,2,6
200600069747,0006-11-17 10:54:00,6,11,17,10,54,870,85,"94, GARIBALDI (AVENUE)",,,Plein jour,En agglomération,Hors intersection,Normale,Autre collision,,,,,,,,,,,1,2,1,1,6
200600069748,0006-11-18 04:00:00,6,11,18,4,0,870,85,"65, BROUILLEBAS (RUE DE)",,,Nuit avec éclairage allumé,En agglomération,Hors intersection,Pluie légère,Deux véhicules - côté,,,,,,,,,,,5,2,1,2,3
200600069749,0006-11-18 18:00:00,6,11,18,18,0,870,85,RD941,,,Nuit sans éclairage public,Hors agglomération,Hors intersection,Normale,Autre collision,,,,,,,,,,,3,1,1,1,6
200600069750,0006-11-19 15:14:00,6,11,19,15,14,870,50,"2 BIS, LIMOGES (AVENUE D",,,Plein jour,En agglomération,Hors intersection,Normale,Deux véhicules - frontale,,,,,,,,,,,1,2,1,1,1
200600069751,0006-11-19 16:45:00,6,11,19,16,45,870,85,ESSARTS (RUE DES),,,Plein jour,Hors agglomération,Hors intersection,Normale,Autre collision,,,,,,,,,,,1,1,1,1,6
200600069752,0006-11-19 18:00:00,6,11,19,18,0,870,75,RD79,,,Nuit avec éclairage allumé,Hors agglomération,Hors intersection,Normale,Deux véhicules - arrière,,,,,,,,,,,5,1,1,1,2
200600069753,0006-11-21 11:48:00,6,11,21,11,48,870,85,AUTOROUTE A20,,,Plein jour,Hors agglomération,Hors intersection,Normale,Trois véhicules et plus - en chaîne,,,,,,,,,,,1,1,1,1,4
200600069754,0006-11-21 16:00:00,6,11,21,16,0,870,85,"56, CHENIEUX (RUE FRANCO",,,Plein jour,En agglomération,Hors intersection,Pluie légère,Autre collision,,,,,,,,,,,1,2,1,2,6
200600069755,0006-11-22 18:18:00,6,11,22,18,18,870,85,"107, LECLERC (AVENUE DU",,,Nuit avec éclairage allumé,En agglomération,Intersection en X,Pluie légère,Deux véhicules - côté,,,,,,,,,,,5,2,2,2,3
200600069756,0006-11-23 02:55:00,6,11,23,2,55,870,85,"182.300, AUTOROUTE A20",,,Nuit avec éclairage non allumé,Hors agglomération,Hors intersection,Pluie légère,Autre collision,,,,,,,,,,,4,1,1,2,6
200600069757,0006-11-23 13:50:00,6,11,23,13,50,870,85,"85, MONTJOVIS (AVENUE)",,,Plein jour,En agglomération,Intersection en T,Normale,Deux véhicules - côté,,,,,,,,,,,1,2,3,1,3
200600069758,0006-11-23 17:55:00,6,11,23,17,55,870,85,"36, GAGNANT (AVENUE JEAN",,,Nuit avec éclairage allumé,En agglomération,Hors intersection,Pluie légère,Autre collision,,,,,,,,,,,5,2,1,2,6
200600069759,0006-11-24 04:42:00,6,11,24,4,42,870,85,"19, REVOLUTION (AVENUE D",,,Nuit avec éclairage allumé,En agglomération,Hors intersection,Normale,Autre collision,,,,,,,,,,,5,2,1,1,6
200600069760,0006-11-25 17:51:00,6,11,25,17,51,870,85,"90, REVOLUTION (AVENUE D",,,Nuit avec éclairage allumé,En agglomération,Intersection en X,Pluie légère,Trois véhicules et plus - collisions multiples,,,,,,,,,,,5,2,2,2,5
200600069761,0006-11-26 02:02:00,6,11,26,2,2,870,85,"31, GARIBALDI (AVENUE)",,,Nuit avec éclairage allumé,En agglomération,Hors intersection,Pluie légère,Deux véhicules - côté,,,,,,,,,,,5,2,1,2,3
200600069762,0006-11-26 16:25:00,6,11,26,16,25,870,85,Georges GUINGOUIN(rue),,,Plein jour,En agglomération,Intersection en X,Normale,Trois véhicules et plus - collisions multiples,,,,,,,,,,,1,2,2,1,5
200600069763,0006-11-27 13:57:00,6,11,27,13,57,870,85,"203, VANTEAUX (BOULEVARD",,,Plein jour,En agglomération,Hors intersection,Normale,Trois véhicules et plus - en chaîne,,,,,,,,,,,1,2,1,1,4
200600069764,0006-11-28 15:02:00,6,11,28,15,2,870,85,"62, SAINT MARTIAL (QUAI)",,,Plein jour,En agglomération,Hors intersection,Normale,Autre collision,,,,,,,,,,,1,2,1,1,6
200600069765,0006-11-28 19:26:00,6,11,28,19,26,870,65,RD979,,,Nuit sans éclairage public,Hors agglomération,Hors intersection,Pluie légère,Autre collision,,,,,,,,,,,3,1,1,2,6
200600069766,0006-11-29 00:55:00,6,11,29,0,55,870,75,RD79,,,Nuit sans éclairage public,Hors agglomération,Hors intersection,Pluie légère,Autre collision,,,,,,,,,,,3,1,1,2,6