accident_id,datetime,annee,mois,jour,heure,minute,departement,commune_insee,adresse,latitude,longitude,luminosite,agglomeration,intersection,meteo,collision,nb_vehicules,nb_usagers,nb_indemnes,nb_tues,nb_blesses_hosp,nb_blesses_legers,age_cond_1,age_cond_2,veh_type_cond_1,veh_type_cond_2,lum_code,agg_code,int_code,atm_code,col_code
200600069767,0006-11-29 18:10:00,6,11,29,18,10,870,65,"0, GUINGOUIN ( rond poin",,,Nuit avec éclairage allumé,En agglomération,Giratoire,Normale,Deux véhicules - côté,,,,,,,,,,,5,2,6,1,3
200600069768,0006-11-29 17:55:00,6,11,29,17,55,870,85,"53, BEAUBLANC (BOULEVARD",,,Nuit avec éclairage allumé,En agglomération,Hors intersection,Normale,Autre collision,,,,,,,,,,,5,2,1,1,6
200600069769,0006-11-30 08:47:00,6,11,30,8,47,870,85,"25, LABUSSIERE (AVENUE E",,,Plein jour,En agglomération,Hors intersection,Normale,Trois véhicules et plus - en chaîne,,,,,,,,,,,1,2,1,1,4
200600069770,0006-11-30 12:29:00,6,11,30,12,29,870,85,GAGNANT (AVENUE JEAN),,,Plein jour,En agglomération,Hors intersection,Normale,Autre collision,,,,,,,,,,,1,2,1,1,6
200600069771,0006-11-30 14:00:00,6,11,30,14,0,870,85,"51, DUVERGER (RUE)",,,Plein jour,En agglomération,Intersection en T,Normale,Deux véhicules - côté,,,,,,,,,,,1,2,3,1,3
200600069772,0006-11-30 18:25:00,6,11,30,18,25,870,85,"46, ROUSSILLON (AVENUE D",,,Nuit avec éclairage allumé,En agglomération,Intersection en T,Normale,Deux véhicules - côté,,,,,,,,,,,5,2,3,1,3
200600069773,0006-11-17 18:20:00,6,11,17,18,20,880,160,"1, TEMPLIERS (AV. DES)",,,Nuit avec éclairage allumé,En agglomération,Intersection en T,Normale,Autre collision,,,,,,,,,,,5,2,3,1,6
200600069774,0006-11-08 17:50:00,6,11,8,17,50,880,209,"51, LORRAINE (RUE DE)",,,Nuit avec éclairage allumé,En agglomération,Hors intersection,Normale,Autre collision,,,,,,,,,,,5,2,1,1,6
200600069775,0006-11-15 10:10:00,6,11,15,10,10,880,209,"60, LORRAINE (RUE DE)",,,Plein jour,En agglomération,Intersection en T,Temps éblouissant,Deux véhicules - côté,,,,,,,,,,,1,2,3,7,3
200600069776,0006-11-03 18:55:00,6,11,3,18,55,880,160,"35, NOTRE-DAME-DE LORETT",,,Nuit avec éclairage allumé,En agglomération,Hors intersection,Pluie légère,Autre collision,,,,,,,,,,,5,2,1,2,6
200600069777,0006-11-16 20:25:00,6,11,16,20,25,880,160,"1, CAMUS (RUE ALBERT-)",,,Nuit avec éclairage allumé,En agglomération,Intersection en X,Normale,Deux véhicules - côté,,,,,,,,,,,5,2,2,1,3
200600069778,0006-11-17 08:50:00,6,11,17,8,50,880,160,"30, ALSACE (RUE D')",,,Plein jour,En agglomération,Hors intersection,Pluie légère,Autre collision,,,,,,,,,,,1,2,1,2,6
200600069779,0006-11-21 11:55:00,6,11,21,11,55,880,160,"36, DENIS (RUE CHRISTOPH",,,Plein jour,En agglomération,Hors intersection,Pluie forte,Trois véhicules et plus - collisions multiples,,,,,,,,,,,1,2,1,3,5
200600069780,0006-11-21 18:00:00,6,11,21,18,0,880,160,"40, BONS-ENFANTS (Q. DES",,,Nuit avec éclairage allumé,En agglomération,Hors intersection,Pluie légère,Autre collision,,,,,,,,,,,5,2,1,2,6
200600069781,0006-11-30 10:00:00,6,11,30,10,0,880,87,"46, LECLERC (RUE GENERAL",,,Plein jour,En agglomération,Hors intersection,Normale,Deux véhicules - frontale,,,,,,,,,,,1,2,1,1,1
200600069782,0006-11-25 11:10:00,6,11,25,11,10,890,24,"00, CHARLES DE FOUCAULT",,,Plein jour,En agglomération,Hors intersection,Normale,Autre collision,,,,,,,,,,,1,2,1,1,6
200600069783,0006-11-30 18:15:00,6,11,30,18,15,890,24,"00, VAULABELLE (BOULEVAR",,,Nuit avec éclairage non allumé,En agglomération,Hors intersection,Normale,Autre collision,,,,,,,,,,,4,2,1,1,6
200600069784,0006-11-03 18:20:00,6,11,3,18,20,890,346,"00, AUXERRE ( AVENUE D)",,,Nuit avec éclairage allumé,En agglomération,Intersection en T,Normale,Deux véhicules - côté,,,,,,,,,,,5,2,3,1,3
200600069785,0006-11-08 16:40:00,6,11,8,16,40,890,24,VAUX (ROUTE DE),,,Plein jour,En agglomération,Hors intersection,Normale,Deux véhicules - frontale,,,,,,,,,,,1,2,1,1,1
200600069786,0006-11-09 15:00:00,6,11,9,15,0,890,24,"00, TURGOTINE (AVENUE DE",,,Plein jour,En agglomération,Intersection en X,Normale,Deux véhicules - côté,,,,,,,,,,,1,2,2,1,3
200600069787,0006-11-02 12:25:00,6,11,2,12,25,890,24,"00, CHARLES DE GAULLE (A",,,Plein jour,En agglomération,Intersection en T,Normale,Deux véhicules - arrière,,,,,,,,,,,1,2,3,1,2
200600069788,0006-11-20 17:25:00,6,11,20,17,25,890,24,"00, VICTOR HUGO (AVENUE)",,,Nuit avec éclairage allumé,En agglomération,Intersection en X,Pluie légère,Deux véhicules - côté,,,,,,,,,,,5,2,2,2,3
200600069789,0006-11-22 23:15:00,6,11,22,23,15,890,24,"00, R.N.6",,,Nuit avec éclairage allumé,Hors agglomération,Hors intersection,Normale,Deux véhicules - arrière,,,,,,,,,,,5,1,1,1,2
200600069790,0006-11-30 18:20:00,6,11,30,18,20,890,24,"00, GUYNEMER (RUE)",,,Nuit avec éclairage allumé,En agglomération,Intersection en T,Normale,Deux véhicules - frontale,,,,,,,,,,,5,2,3,1,1
200600069791,0006-11-04 20:00:00,6,11,4,20,0,890,387,"0, VOULX (ROUTE DE)",,,Nuit avec éclairage allumé,En agglomération,Intersection en Y,Normale,Deux véhicules - frontale,,,,,,,,,,,5,2,4,1,1
200600069792,0006-11-05 17:05:00,6,11,5,17,5,890,387,"0, VICTOR GUICHARD (RUE)",,,Plein jour,En agglomération,Intersection en X,Normale,Deux véhicules - côté,,,,,,,,,,,1,2,2,1,3
200600069793,0006-11-07 19:00:00,6,11,7,19,0,890,387,"0, CLERIMOIS (RUE DES)",,,Plein jour,En agglomération,Intersection en X,Normale,Deux véhicules - côté,,,,,,,,,,,1,2,2,1,3
200600069794,0006-11-02 12:15:00,6,11,2,12,15,900,10,", VOLTAIRE (RUE )",,,Plein jour,En agglomération,Hors intersection,Normale,Autre collision,,,,,,,,,,,1,2,1,1,6
200600069795,0006-11-03 12:50:00,6,11,3,12,50,900,10,MOULIN (AVENUE JEAN),,,Plein jour,En agglomération,Autre intersection,Normale,Deux véhicules - arrière,,,,,,,,,,,1,2,9,1,2
200600069796,0006-11-09 13:40:00,6,11,9,13,40,900,10,"5, ZAPOROJIE (RUE DE)",,,Plein jour,En agglomération,Hors intersection,Normale,Autre collision,,,,,,,,,,,1,2,1,1,6
200600069797,0006-11-04 15:15:00,6,11,4,15,15,900,10,TURENNE (RUE DE),,,Plein jour,En agglomération,Hors intersection,Normale,Deux véhicules - arrière,,,,,,,,,,,1,2,1,1,2
200600069798,0006-11-05 11:50:00,6,11,5,11,50,900,10,"1, STRASBOURG (RUE DE)",,,Plein jour,En agglomération,Hors intersection,Normale,Deux véhicules - arrière,,,,,,,,,,,1,2,1,1,2
200600069799,0006-11-16 11:35:00,6,11,16,11,35,900,75,"21, BRIAND (RUE ARISTIDE",,,Plein jour,En agglomération,Hors intersection,Normale,Autre collision,,,,,,,,,,,1,2,1,1,6
200600069800,0006-11-16 17:55:00,6,11,16,17,55,900,10,"36, ANCETRES (FAUBOURG D",,,Nuit avec éclairage allumé,En agglomération,Hors intersection,Normale,Autre collision,,,,,,,,,,,5,2,1,1,6
200600069801,0006-11-16 18:00:00,6,11,16,18,0,900,75,"21, BRIAND (RUE ARISTIDE",,,Nuit avec éclairage allumé,En agglomération,Hors intersection,Normale,Deux véhicules - côté,,,,,,,,,,,5,2,1,1,3
200600069802,0006-11-17 18:15:00,6,11,17,18,15,900,32,"9, VINGT ET UN NOVEMBRE",,,Nuit avec éclairage allumé,En agglomération,Hors intersection,Pluie légère,Deux véhicules - côté,,,,,,,,,,,5,2,1,2,3
200600069803,0006-11-18 01:00:00,6,11,18,1,0,900,10,"1, HEIM (RUE DU PEINTRE)",,,Nuit avec éclairage allumé,En agglomération,Intersection en T,Normale,Deux véhicules - côté,,,,,,,,,,,5,2,3,1,3
200600069804,0006-11-18 12:20:00,6,11,18,12,20,900,10,"3, COURBET ( RUE GUSTAVE",,,Plein jour,En agglomération,Intersection en X,Normale,Deux véhicules - côté,,,,,,,,,,,1,2,2,1,3
200600069805,0006-11-18 13:50:00,6,11,18,13,50,900,10,"1, AS DE CARREAU (RUE DE",,,Plein jour,En agglomération,Hors intersection,Normale,Autre collision,,,,,,,,,,,1,2,1,1,6
200600069806,0006-11-19 00:20:00,6,11,19,0,20,900,10,"192, JAURES (AVENUE JEAN",,,Nuit avec éclairage allumé,En agglomération,Hors intersection,Normale,Trois véhicules et plus - collisions multiples,,,,,,,,,,,5,2,1,1,5
200600069807,0006-11-22 14:50:00,6,11,22,14,50,900,10,LAURENCIE (AVENUE CAPITA,,,Plein jour,En agglomération,Intersection en T,Normale,Deux véhicules - côté,,,,,,,,,,,1,2,3,1,3
200600069808,0006-11-23 08:30:00,6,11,23,8,30,900,10,BRISACH (AVENUE DE),,,Plein jour,En agglomération,Intersection en X,Pluie légère,Deux véhicules - côté,,,,,,,,,,,1,2,2,2,3
200600069809,0006-11-24 12:40:00,6,11,24,12,40,900,10,"1, DREYFUS-SCHMITT (RUE)",,,Plein jour,En agglomération,Hors intersection,Normale,Deux véhicules - arrière,,,,,,,,,,,1,2,1,1,2
200600069810,0006-11-24 10:25:00,6,11,24,10,25,900,10,LECLERC (AVENUE),,,Plein jour,En agglomération,Intersection en X,Normale,Deux véhicules - côté,,,,,,,,,,,1,2,2,1,3
200600069811,0006-11-24 16:55:00,6,11,24,16,55,900,10,"1, LAURENCIE (AVENUE CAP",,,Crépuscule ou aube,En agglomération,Hors intersection,Normale,Autre collision,,,,,,,,,,,2,2,1,1,6
200600069812,0006-11-25 19:40:00,6,11,25,19,40,900,10,"1, DUFAY (RUE)",,,Nuit avec éclairage allumé,En agglomération,Intersection en T,Normale,Deux véhicules - côté,,,,,,,,,,,5,2,3,1,3
200600069813,0006-11-26 01:15:00,6,11,26,1,15,900,10,HOUBRE (RUE),,,Nuit avec éclairage allumé,En agglomération,Intersection en T,Normale,Deux véhicules - côté,,,,,,,,,,,5,2,3,1,3
200600069814,0006-11-27 00:05:00,6,11,27,0,5,900,8,"11, ARGIESANS (RUE D')",,,Nuit avec éclairage allumé,En agglomération,Hors intersection,Normale,Deux véhicules - côté,,,,,,,,,,,5,2,1,1,3
200600069815,0006-11-28 18:00:00,6,11,28,18,0,900,32,DE GAULLE (RUE DU GENERA,,,Nuit avec éclairage allumé,En agglomération,Giratoire,Normale,Deux véhicules - côté,,,,,,,,,,,5,2,6,1,3
200600069816,0006-11-29 08:38:00,6,11,29,8,38,900,10,JAURES (AVENUE JEAN) A 1,,,Plein jour,En agglomération,Intersection en T,Pluie légère,Deux véhicules - côté,,,,,,,,,,,1,2,3,2,3
200600069817,0006-11-29 09:20:00,6,11,29,9,20,900,10,"1, LECLERC (AVENUE)",,,Plein jour,En agglomération,Intersection en T,Pluie légère,Deux véhicules - côté,,,,,,,,,,,1,2,3,2,3
200600069818,0006-11-29 15:35:00,6,11,29,15,35,900,10,LECLERC (AVENUE),,,Plein jour,En agglomération,Hors intersection,Normale,Autre collision,,,,,,,,,,,1,2,1,1,6
200600069819,0006-11-26 18:35:00,6,11,26,18,35,910,103,CD 19,,,Nuit sans éclairage public,Hors agglomération,Hors intersection,Normale,Deux véhicules - côté,,,,,,,,,,,3,1,1,1,3
200600069820,0006-11-08 07:30:00,6,11,8,7,30,910,27,"0, BENARD (AVENUE JEAN-P",,,Plein jour,En agglomération,Hors intersection,Normale,Autre collision,,,,,,,,,,,1,2,1,1,6
200600069821,0006-11-10 11:10:00,6,11,10,11,10,910,27,BRIAND (AVENUE ARISTIDE),,,Plein jour,En agglomération,Hors intersection,Normale,Autre collision,,,,,,,,,,,1,2,1,1,6
200600069822,0006-11-22 08:30:00,6,11,22,8,30,910,27,"0, MONTAGNE DE MONS (RUE",,,Plein jour,En agglomération,Hors intersection,Normale,Autre collision,,,,,,,,,,,1,2,1,1,6
200600069823,0006-11-24 22:00:00,6,11,24,22,0,910,27,"0, BENARD (AVENUE JEAN-P",,,Nuit avec éclairage allumé,En agglomération,Hors intersection,Pluie légère,Autre collision,,,,,,,,,,,5,2,1,2,6
200600069824,0006-11-03 21:40:00,6,11,3,21,40,910,114,FORET (AVENUE DE LA),,,Nuit avec éclairage allumé,En agglomération,Hors intersection,Temps couvert,Deux véhicules - côté,,,,,,,,,,,5,2,1,8,3
200600069825,0006-11-08 10:15:00,6,11,8,10,15,910,97,JEAN MOULIN (AVENUE),,,Plein jour,En agglomération,Hors intersection,Temps couvert,Deux véhicules - côté,,,,,,,,,,,1,2,1,8,3
200600069826,0006-11-09 17:35:00,6,11,9,17,35,910,114,LYCEE TALMA,,,Plein jour,En agglomération,Hors intersection,Normale,Autre collision,,,,,,,,,,,1,2,1,1,6
200600069827,0006-11-09 18:00:00,6,11,9,18,0,910,514,GARE (RUE DE LA),,,Crépuscule ou aube,En agglomération,Hors intersection,Normale,Trois véhicules et plus - en chaîne,,,,,,,,,,,2,2,1,1,4
200600069828,0006-11-10 15:00:00,6,11,10,15,0,910,514,HOPITAL GALIEN,,,Plein jour,En agglomération,Hors intersection,Normale,Autre collision,,,,,,,,,,,1,2,1,1,6
200600069829,0006-11-11 10:00:00,6,11,11,10,0,910,114,ROUTE NATIONALE 6,,,Plein jour,En agglomération,Hors intersection,Normale,Deux véhicules - arrière,,,,,,,,,,,1,2,1,1,2
200600069830,0006-11-14 10:30:00,6,11,14,10,30,910,215,ANATOLE FRANCE (RUE),,,Plein jour,En agglomération,Hors intersection,Normale,Autre collision,,,,,,,,,,,1,2,1,1,6
200600069831,0006-11-18 18:20:00,6,11,18,18,20,910,114,VALLEES (RUE),,,Crépuscule ou aube,En agglomération,Hors intersection,Normale,Autre collision,,,,,,,,,,,2,2,1,1,6
200600069832,0006-11-19 01:35:00,6,11,19,1,35,910,114,FORET (AVENUE DE LA),,,Nuit avec éclairage allumé,En agglomération,Hors intersection,Normale,Trois véhicules et plus - en chaîne,,,,,,,,,,,5,2,1,1,4
200600069833,0006-11-22 11:00:00,6,11,22,11,0,910,114,ROUTE NATIONALE 6,,,Plein jour,En agglomération,Hors intersection,Normale,Trois véhicules et plus - en chaîne,,,,,,,,,,,1,2,1,1,4
200600069834,0006-11-23 17:50:00,6,11,23,17,50,910,114,CHARLES CHRISTOFLE (AVEN,,,Crépuscule ou aube,En agglomération,Hors intersection,Normale,Autre collision,,,,,,,,,,,2,2,1,1,6
200600069835,0006-11-28 18:50:00,6,11,28,18,50,910,215,CROIX ROCHOPT (GROUPE SC,,,Crépuscule ou aube,En agglomération,Hors intersection,Normale,Autre collision,,,,,,,,,,,2,2,1,1,6
200600069836,0006-11-25 10:40:00,6,11,25,10,40,910,514,BRUNOY (RUE DE),,,Plein jour,En agglomération,Hors intersection,Normale,Autre collision,,,,,,,,,,,1,2,1,1,6
200600069837,0006-11-26 13:45:00,6,11,26,13,45,910,114,ROUTE NATIONALE 6,,,Plein jour,En agglomération,Hors intersection,Normale,Trois véhicules et plus - collisions multiples,,,,,,,,,,,1,2,1,1,5
200600069838,0006-11-02 11:20:00,6,11,2,11,20,910,174,"13, SAINT NICOLAS",,,Plein jour,En agglomération,Hors intersection,Normale,Autre collision,,,,,,,,,,,1,2,1,1,6
200600069839,0006-11-02 11:30:00,6,11,2,11,30,910,174,"28, WALDECK ROUSSEAU(RUE",,,Plein jour,En agglomération,Hors intersection,Normale,Deux véhicules - côté,,,,,,,,,,,1,2,1,1,3
200600069840,0006-11-13 12:15:00,6,11,13,12,15,910,174,"0, PLACE SAINT LEONARD",,,Plein jour,En agglomération,Hors intersection,Normale,Deux véhicules - arrière,,,,,,,,,,,1,2,1,1,2
200600069841,0006-11-22 18:30:00,6,11,22,18,30,910,174,"0, JEAN JAURES (BOULEVAR",,,Nuit avec éclairage allumé,En agglomération,Hors intersection,Pluie forte,Trois véhicules et plus - en chaîne,,,,,,,,,,,5,2,1,3,4
200600069842,0006-11-27 20:15:00,6,11,27,20,15,910,174,"0, JEAN JAURES (BOULEVAR",,,Nuit avec éclairage allumé,En agglomération,Intersection en T,Normale,Autre collision,,,,,,,,,,,5,2,3,1,6
200600069843,0006-11-05 18:35:00,6,11,5,18,35,910,657,HENRI BARBUSSE (AVENUE),,,Nuit avec éclairage allumé,En agglomération,Hors intersection,Normale,Deux véhicules - arrière,,,,,,,,,,,5,2,1,1,2
200600069844,0006-11-05 18:40:00,6,11,5,18,40,910,657,HENRI BARBUSSE (AVENUE),,,Nuit avec éclairage allumé,En agglomération,Hors intersection,Normale,Deux véhicules - arrière,,,,,,,,,,,5,2,1,1,2
200600069845,0006-11-06 17:00:00,6,11,6,17,0,910,657,HENRI BARBUSSE (AVENUE),,,Crépuscule ou aube,En agglomération,Hors intersection,Normale,Deux véhicules - côté,,,,,,,,,,,2,2,1,1,3
200600069846,0006-11-10 20:10:00,6,11,10,20,10,910,201,REPOS (RUE DU ),,,Nuit avec éclairage allumé,En agglomération,Intersection en X,Normale,Trois véhicules et plus - collisions multiples,,,,,,,,,,,5,2,2,1,5
200600069847,0006-11-20 14:30:00,6,11,20,14,30,910,657,HENRI BARBUSSE (AVENUE),,,Plein jour,En agglomération,Intersection en X,Normale,Deux véhicules - côté,,,,,,,,,,,1,2,2,1,3
200600069848,0006-11-20 07:25:00,6,11,20,7,25,910,201,HENRI BARBUSSE(BOULEVARD,,,Nuit avec éclairage allumé,En agglomération,Hors intersection,Normale,Deux véhicules - arrière,,,,,,,,,,,5,2,1,1,2
200600069849,0006-11-24 19:45:00,6,11,24,19,45,910,201,REPUBLIQUE (PLACE DE LA),,,Nuit avec éclairage allumé,En agglomération,Hors intersection,Normale,Deux véhicules - arrière,,,,,,,,,,,5,2,1,1,2
200600069850,0006-11-25 19:40:00,6,11,25,19,40,910,657,HENRI BARBUSSE (AVENUE),,,Nuit avec éclairage allumé,En agglomération,Hors intersection,Normale,Trois véhicules et plus - en chaîne,,,,,,,,,,,5,2,1,1,4
200600069851,0006-11-29 08:40:00,6,11,29,8,40,910,201,GENERAL DE GAULLE(BOULEV,,,Crépuscule ou aube,En agglomération,Hors intersection,Normale,Autre collision,,,,,,,,,,,2,2,1,1,6
200600069852,0006-11-22 09:45:00,6,11,22,9,45,910,201,BERGERIES(ALLEE DES),,,Plein jour,En agglomération,Hors intersection,Normale,Sans collision,,,,,,,,,,,1,2,1,1,7
200600069853,0006-11-29 08:00:00,6,11,29,8,0,910,201,PREVOYANCE (AVENUE DE LA,,,Nuit avec éclairage allumé,En agglomération,Hors intersection,Normale,Sans collision,,,,,,,,,,,5,2,1,1,7
200600069854,0006-11-09 11:05:00,6,11,9,11,5,910,223,"5, JUIVERIE (RUE DE LA)",,,Plein jour,En agglomération,Hors intersection,Normale,Sans collision,,,,,,,,,,,1,2,1,1,7
200600069855,0006-11-13 14:35:00,6,11,13,14,35,910,469,D721,,,Plein jour,Hors agglomération,Intersection en X,Normale,Deux véhicules - côté,,,,,,,,,,,1,1,2,1,3
200600069856,0006-11-21 06:15:00,6,11,21,6,15,910,223,"14, LYS (RUE DES)",,,Nuit sans éclairage public,Hors agglomération,Hors intersection,Normale,Sans collision,,,,,,,,,,,3,1,1,1,7
200600069857,0006-11-28 18:30:00,6,11,28,18,30,910,469,D721,,,Nuit sans éclairage public,Hors agglomération,Hors intersection,Normale,Trois véhicules et plus - collisions multiples,,,,,,,,,,,3,1,1,1,5
200600069858,0006-11-13 15:00:00,6,11,13,15,0,910,228,EUROPE (BD) N) IMPAIR,,,Plein jour,En agglomération,Hors intersection,Normale,Deux véhicules - arrière,,,,,,,,,,,1,2,1,1,2
200600069859,0006-11-01 01:50:00,6,11,1,1,50,910,228,"., ROUTE DE MENNECY",,,Nuit avec éclairage allumé,En agglomération,Hors intersection,Normale,Deux véhicules - frontale,,,,,,,,,,,5,2,1,1,1
200600069860,0006-11-02 15:30:00,6,11,2,15,30,910,521,PROVENCE (RUE DE),,,Plein jour,En agglomération,Intersection en T,Normale,Deux véhicules - côté,,,,,,,,,,,1,2,3,1,3
200600069861,0006-11-05 18:20:00,6,11,5,18,20,910,228,"., RN7",,,Nuit avec éclairage allumé,En agglomération,Hors intersection,Brouillard / fumée,Deux véhicules - arrière,,,,,,,,,,,5,2,1,5,2
200600069862,0006-11-07 14:50:00,6,11,7,14,50,910,228,VALLES (RUE JULES),,,Plein jour,En agglomération,Intersection en X,Normale,Deux véhicules - côté,,,,,,,,,,,1,2,2,1,3
200600069863,0006-11-12 05:00:00,6,11,12,5,0,910,228,ROUTE DE MENNECY,,,Nuit avec éclairage allumé,En agglomération,Hors intersection,Pluie légère,Deux véhicules - frontale,,,,,,,,,,,5,2,1,2,1
200600069864,0006-11-10 20:00:00,6,11,10,20,0,910,521,"., BROSSOLETTE (RUE PIER",,,Nuit avec éclairage allumé,En agglomération,Hors intersection,Normale,Autre collision,,,,,,,,,,,5,2,1,1,6
200600069865,0006-11-13 18:20:00,6,11,13,18,20,910,521,PARMENTIER(AVENUE),,,Nuit avec éclairage allumé,En agglomération,Giratoire,Normale,Autre collision,,,,,,,,,,,5,2,6,1,6
200600069866,0006-11-16 16:20:00,6,11,16,16,20,910,228,"., YERRES (BD)",,,Plein jour,En agglomération,Hors intersection,Pluie légère,Deux véhicules - côté,,,,,,,,,,,1,2,1,2,3
200600069867,0006-11-16 20:40:00,6,11,16,20,40,910,228,"., MONSEIGNEUR ROMERO (C",,,Nuit avec éclairage allumé,En agglomération,Intersection en X,Pluie légère,Deux véhicules - côté,,,,,,,,,,,5,2,2,2,3
200600069868,0006-11-17 11:15:00,6,11,17,11,15,910,228,"., MARECHAL LECLERC (BD)",,,Plein jour,En agglomération,Intersection en X,Normale,Deux véhicules - côté,,,,,,,,,,,1,2,2,1,3
200600069869,0006-11-19 16:35:00,6,11,19,16,35,910,521,"81, BROSSOLETTE (RUE PIE",,,Plein jour,En agglomération,Hors intersection,Normale,Autre collision,,,,,,,,,,,1,2,1,1,6
200600069870,0006-11-21 15:30:00,6,11,21,15,30,910,521,LIBERATION (AVENUE DE LA,,,Plein jour,En agglomération,Hors intersection,Normale,Deux véhicules - côté,,,,,,,,,,,1,2,1,1,3
200600069871,0006-11-23 17:50:00,6,11,23,17,50,910,182,"., DELOUVRIER (AVENUE PA",,,Nuit avec éclairage allumé,En agglomération,Hors intersection,Pluie légère,Deux véhicules - frontale,,,,,,,,,,,5,2,1,2,1
200600069872,0006-11-25 01:25:00,6,11,25,1,25,910,228,RN7,,,Nuit sans éclairage public,Hors agglomération,Hors intersection,Pluie légère,Sans collision,,,,,,,,,,,3,1,1,2,7
200600069873,0006-11-28 08:25:00,6,11,28,8,25,910,521,RESISTANCE (RUE DE LA),,,Plein jour,En agglomération,Intersection en T,Normale,Deux véhicules - côté,,,,,,,,,,,1,2,3,1,3
200600069874,0006-11-29 08:15:00,6,11,29,8,15,910,521,"., AUNETTE (AVENUE DE L'",,,Crépuscule ou aube,En agglomération,Intersection en X,Normale,Autre collision,,,,,,,,,,,2,2,2,1,6
200600069875,0006-11-29 16:15:00,6,11,29,16,15,910,521,"32, BONTE (RUE)",,,Plein jour,En agglomération,Intersection en T,Normale,Autre collision,,,,,,,,,,,1,2,3,1,6
200600069876,0006-11-01 19:15:00,6,11,1,19,15,910,326,"39, GABRIEL PERI (AVENUE",,,Nuit avec éclairage non allumé,En agglomération,Hors intersection,Normale,Autre collision,,,,,,,,,,,4,2,1,1,6
200600069877,0006-11-10 16:10:00,6,11,10,16,10,910,286,"0, PREMIERE ARMEE (AVENU",,,Plein jour,En agglomération,Autre intersection,Normale,Deux véhicules - côté,,,,,,,,,,,1,2,9,1,3
200600069878,0006-11-26 06:45:00,6,11,26,6,45,910,434,CORBEIL (ROUTE DE),,,Nuit avec éclairage allumé,En agglomération,Hors intersection,Normale,Autre collision,,,,,,,,,,,5,2,1,1,6
200600069879,0006-11-22 18:10:00,6,11,22,18,10,910,687,VICTOR SCHOELCHER (AVENU,,,Nuit avec éclairage allumé,En agglomération,Giratoire,Pluie légère,Autre collision,,,,,,,,,,,5,2,6,2,6
200600069880,0006-11-18 04:20:00,6,11,18,4,20,910,687,"119, GENERAL DE GAULLE (",,,Nuit avec éclairage allumé,En agglomération,Hors intersection,Pluie légère,Deux véhicules - côté,,,,,,,,,,,5,2,1,2,3
200600069881,0006-11-28 05:50:00,6,11,28,5,50,910,345,PRESIDENT FRANCOIS MITTE,,,Crépuscule ou aube,En agglomération,Intersection en X,Pluie légère,Deux véhicules - côté,,,,,,,,,,,2,2,2,2,3
200600069882,0006-11-10 22:00:00,6,11,10,22,0,910,377,"220, LECLERC (AVENUE DU",,,Nuit avec éclairage allumé,En agglomération,Hors intersection,Normale,Deux véhicules - arrière,,,,,,,,,,,5,2,1,1,2
200600069883,0006-11-16 18:30:00,6,11,16,18,30,910,377,EUROPE (AVENUE DE L'),,,Nuit avec éclairage allumé,En agglomération,Hors intersection,Pluie forte,Autre collision,,,,,,,,,,,5,2,1,3,6
200600069884,0006-11-01 17:10:00,6,11,1,17,10,910,691,RAYMOND POINCARE(RUE),,,Plein jour,En agglomération,Hors intersection,Normale,Deux véhicules - arrière,,,,,,,,,,,1,2,1,1,2
200600069885,0006-11-02 11:58:00,6,11,2,11,58,910,691,"150, GABRIEL PERI(RUE) D",,,Plein jour,En agglomération,Hors intersection,Normale,Deux véhicules - arrière,,,,,,,,,,,1,2,1,1,2
200600069886,0006-11-03 12:10:00,6,11,3,12,10,910,421,NATIONALE 6 (CES POMPIDO,,,Plein jour,Hors agglomération,Hors intersection,Normale,Sans collision,,,,,,,,,,,1,1,1,1,7
200600069887,0006-11-04 18:45:00,6,11,4,18,45,910,421,"00, CHARLES DE GAULLE (A",,,Nuit avec éclairage allumé,En agglomération,Hors intersection,Brouillard / fumée,Deux véhicules - côté,,,,,,,,,,,5,2,1,5,3
200600069888,0006-11-03 09:55:00,6,11,3,9,55,910,421,"00, CHARLES DE GAULLE (A",,,Plein jour,En agglomération,Hors intersection,Normale,Autre collision,,,,,,,,,,,1,2,1,1,6
200600069889,0006-11-05 08:25:00,6,11,5,8,25,910,691,"33, PAUL DOUMER(RUE)",,,Plein jour,En agglomération,Hors intersection,Brouillard / fumée,Deux véhicules - arrière,,,,,,,,,,,1,2,1,5,2
200600069890,0006-11-10 12:50:00,6,11,10,12,50,910,421,"147, REPUBLIQUE (AVENUE",,,Plein jour,En agglomération,Hors intersection,Normale,Deux véhicules - côté,,,,,,,,,,,1,2,1,1,3
200600069891,0006-11-11 19:50:00,6,11,11,19,50,910,421,NATIONALE 6 (CES POMPIDO,,,Nuit sans éclairage public,Hors agglomération,Hors intersection,Normale,Sans collision,,,,,,,,,,,3,1,1,1,7
200600069892,0006-11-14 11:30:00,6,11,14,11,30,910,421,NATIONALE 6 (PARTIE FORE,,,Plein jour,Hors agglomération,Hors intersection,Normale,Sans collision,,,,,,,,,,,1,1,1,1,7
200600069893,0006-11-16 09:40:00,6,11,16,9,40,910,691,"39, MARECHAL FOCH",,,Plein jour,En agglomération,Hors intersection,Pluie légère,Deux véhicules - arrière,,,,,,,,,,,1,2,1,2,2
200600069894,0006-11-17 03:15:00,6,11,17,3,15,910,421,NATIONALE 6 (GLACIERE),,,Nuit avec éclairage allumé,Hors agglomération,Hors intersection,Normale,Sans collision,,,,,,,,,,,5,1,1,1,7