accident_id,datetime,annee,mois,jour,heure,minute,departement,commune_insee,adresse,latitude,longitude,luminosite,agglomeration,intersection,meteo,collision,nb_vehicules,nb_usagers,nb_indemnes,nb_tues,nb_blesses_hosp,nb_blesses_legers,age_cond_1,age_cond_2,veh_type_cond_1,veh_type_cond_2,lum_code,agg_code,int_code,atm_code,col_code
200600070808,0006-11-30 20:05:00,6,11,30,20,5,920,64,A13,,,Nuit avec éclairage allumé,Hors agglomération,Hors intersection,Normale,Deux véhicules - arrière,,,,,,,,,,,5,1,1,1,2
200600070809,0006-11-01 12:15:00,6,11,1,12,15,910,182,RN 104,,,Plein jour,Hors agglomération,Hors intersection,Normale,Deux véhicules - côté,,,,,,,,,,,1,1,1,1,3
200600070810,0006-11-02 15:40:00,6,11,2,15,40,910,182,RN 441,,,Plein jour,Hors agglomération,Hors intersection,Normale,Deux véhicules - arrière,,,,,,,,,,,1,1,1,1,2
200600070811,0006-11-02 15:35:00,6,11,2,15,35,940,34,AUTOROUTE A6B,,,Plein jour,Hors agglomération,Hors intersection,Normale,Autre collision,,,,,,,,,,,1,1,1,1,6
200600070812,0006-11-02 18:50:00,6,11,2,18,50,910,339,RN 104,,,Nuit avec éclairage allumé,Hors agglomération,Hors intersection,Normale,Deux véhicules - arrière,,,,,,,,,,,5,1,1,1,2
200600070813,0006-11-04 00:24:00,6,11,4,0,24,910,228,RN 104,,,Nuit avec éclairage non allumé,Hors agglomération,Hors intersection,Normale,Autre collision,,,,,,,,,,,4,1,1,1,6
200600070814,0006-11-05 03:23:00,6,11,5,3,23,910,687,AUTOROUTE A6,,,Nuit avec éclairage allumé,Hors agglomération,Hors intersection,Brouillard / fumée,Autre collision,,,,,,,,,,,5,1,1,5,6
200600070815,0006-11-05 13:12:00,6,11,5,13,12,910,521,AUTOROUTE A6,,,Plein jour,Hors agglomération,Hors intersection,Brouillard / fumée,Trois véhicules et plus - en chaîne,,,,,,,,,,,1,1,1,5,4
200600070816,0006-11-05 14:11:00,6,11,5,14,11,910,182,RN 104,,,Plein jour,Hors agglomération,Hors intersection,Normale,Autre collision,,,,,,,,,,,1,1,1,1,6
200600070817,0006-11-06 03:44:00,6,11,6,3,44,910,687,AUTOROUTE A6,,,Nuit sans éclairage public,Hors agglomération,Autre intersection,Brouillard / fumée,Autre collision,,,,,,,,,,,3,1,9,5,6
200600070818,0006-11-06 03:45:00,6,11,6,3,45,910,434,AUTOROUTE A6,,,Nuit sans éclairage public,Hors agglomération,Hors intersection,Brouillard / fumée,Autre collision,,,,,,,,,,,3,1,1,5,6
200600070819,0006-11-06 09:36:00,6,11,6,9,36,940,76,AUTOROUTE A6B,,,Plein jour,Hors agglomération,Hors intersection,Normale,Deux véhicules - arrière,,,,,,,,,,,1,1,1,1,2
200600070820,0006-11-07 09:59:00,6,11,7,9,59,940,76,AUTOROUTE A6A,,,Plein jour,Hors agglomération,Hors intersection,Normale,Deux véhicules - côté,,,,,,,,,,,1,1,1,1,3
200600070821,0006-11-08 10:15:00,6,11,8,10,15,940,21,AUTOROUTE A6B,,,Plein jour,Hors agglomération,Hors intersection,Normale,Autre collision,,,,,,,,,,,1,1,1,1,6
200600070822,0006-11-08 18:00:00,6,11,8,18,0,940,21,AUTOROUTE A6A,,,Nuit avec éclairage allumé,Hors agglomération,Hors intersection,Normale,Deux véhicules - arrière,,,,,,,,,,,5,1,1,1,2
200600070823,0006-11-09 09:00:00,6,11,9,9,0,910,136,AUTOROUTE A10,,,Plein jour,Hors agglomération,Hors intersection,Normale,Deux véhicules - arrière,,,,,,,,,,,1,1,1,1,2
200600070824,0006-11-10 08:50:00,6,11,10,8,50,910,659,AUTOROUTE A6,,,Plein jour,Hors agglomération,Hors intersection,Normale,Deux véhicules - arrière,,,,,,,,,,,1,1,1,1,2
200600070825,0006-11-10 17:25:00,6,11,10,17,25,910,589,AUTOROUTE A6,,,Plein jour,Hors agglomération,Hors intersection,Normale,Deux véhicules - arrière,,,,,,,,,,,1,1,1,1,2
200600070826,0006-11-10 18:00:00,6,11,10,18,0,910,521,AUTOROUTE A6,,,Nuit avec éclairage allumé,Hors agglomération,Hors intersection,Normale,Trois véhicules et plus - en chaîne,,,,,,,,,,,5,1,1,1,4
200600070827,0006-11-11 10:00:00,6,11,11,10,0,940,37,AUTOROUTE A6B,,,Plein jour,Hors agglomération,Hors intersection,Normale,Autre collision,,,,,,,,,,,1,1,1,1,6
200600070828,0006-11-11 10:35:00,6,11,11,10,35,940,34,AUTOROUTE A6B,,,Plein jour,Hors agglomération,Hors intersection,Temps couvert,Sans collision,,,,,,,,,,,1,1,1,8,7
200600070829,0006-11-11 10:00:00,6,11,11,10,0,910,64,RN 118,,,Plein jour,Hors agglomération,Hors intersection,Pluie légère,Deux véhicules - frontale,,,,,,,,,,,1,1,1,2,1
200600070830,0006-11-11 12:25:00,6,11,11,12,25,910,659,AUTOROUTE A6,,,Plein jour,Hors agglomération,Hors intersection,Temps couvert,Autre collision,,,,,,,,,,,1,1,1,8,6
200600070831,0006-11-11 17:43:00,6,11,11,17,43,910,692,RN 188 CHEVREUSE,,,Nuit sans éclairage public,Hors agglomération,Hors intersection,Normale,Deux véhicules - côté,,,,,,,,,,,3,1,1,1,3
200600070832,0006-11-12 01:02:00,6,11,12,1,2,910,377,RN 188,,,Nuit avec éclairage allumé,Hors agglomération,Hors intersection,Normale,Autre collision,,,,,,,,,,,5,1,1,1,6
200600070833,0006-11-12 05:42:00,6,11,12,5,42,910,182,RN 104,,,Nuit sans éclairage public,Hors agglomération,Hors intersection,Pluie légère,Autre collision,,,,,,,,,,,3,1,1,2,6
200600070834,0006-11-12 07:24:00,6,11,12,7,24,910,689,AUTOROUTE A6A,,,Crépuscule ou aube,Hors agglomération,Hors intersection,Normale,Trois véhicules et plus - en chaîne,,,,,,,,,,,2,1,1,1,4
200600070835,0006-11-12 22:42:00,6,11,12,22,42,910,103,RN 104,,,Nuit sans éclairage public,Hors agglomération,Hors intersection,Pluie légère,Autre collision,,,,,,,,,,,3,1,1,2,6
200600070836,0006-11-14 09:47:00,6,11,14,9,47,940,76,AUTOROUTE A6A,,,Plein jour,Hors agglomération,Hors intersection,Normale,Trois véhicules et plus - collisions multiples,,,,,,,,,,,1,1,1,1,5
200600070837,0006-11-14 12:10:00,6,11,14,12,10,910,64,RN 118,,,Plein jour,Hors agglomération,Hors intersection,Normale,Sans collision,,,,,,,,,,,1,1,1,1,7
200600070838,0006-11-14 12:28:00,6,11,14,12,28,940,3,AUTOROUTE A6A,,,Plein jour,Hors agglomération,Hors intersection,Normale,Deux véhicules - côté,,,,,,,,,,,1,1,1,1,3
200600070839,0006-11-14 18:38:00,6,11,14,18,38,940,76,AUTOROUTE A6B,,,Nuit sans éclairage public,Hors agglomération,Hors intersection,Normale,Deux véhicules - côté,,,,,,,,,,,3,1,1,1,3
200600070840,0006-11-15 08:39:00,6,11,15,8,39,920,2,RN 385,,,Plein jour,Hors agglomération,Hors intersection,Normale,Deux véhicules - arrière,,,,,,,,,,,1,1,1,1,2
200600070841,0006-11-15 09:30:00,6,11,15,9,30,910,549,RN 104,,,Plein jour,Hors agglomération,Hors intersection,Normale,Deux véhicules - arrière,,,,,,,,,,,1,1,1,1,2
200600070842,0006-11-15 18:00:00,6,11,15,18,0,910,589,AUTOROUTE A6,,,Nuit sans éclairage public,Hors agglomération,Hors intersection,Normale,Trois véhicules et plus - en chaîne,,,,,,,,,,,3,1,1,1,4
200600070843,0006-11-15 20:50:00,6,11,15,20,50,940,65,AUTOROUTE A86,,,Nuit avec éclairage allumé,Hors agglomération,Hors intersection,Normale,Autre collision,,,,,,,,,,,5,1,1,1,6
200600070844,0006-11-16 08:30:00,6,11,16,8,30,910,377,RN 188,,,Plein jour,Hors agglomération,Hors intersection,Normale,Autre collision,,,,,,,,,,,1,1,1,1,6
200600070845,0006-11-16 08:10:00,6,11,16,8,10,910,471,RN 188 CHEVREUSE,,,Plein jour,Hors agglomération,Hors intersection,Pluie légère,Deux véhicules - arrière,,,,,,,,,,,1,1,1,2,2
200600070846,0006-11-16 08:40:00,6,11,16,8,40,910,570,RN 104,,,Crépuscule ou aube,Hors agglomération,Hors intersection,Pluie légère,Trois véhicules et plus - en chaîne,,,,,,,,,,,2,1,1,2,4
200600070847,0006-11-16 09:00:00,6,11,16,9,0,910,136,AUTOROUTE A10,,,Plein jour,Hors agglomération,Hors intersection,Normale,Trois véhicules et plus - en chaîne,,,,,,,,,,,1,1,1,1,4
200600070848,0006-11-16 09:25:00,6,11,16,9,25,910,553,RN 104,,,Plein jour,Hors agglomération,Hors intersection,Pluie légère,Trois véhicules et plus - en chaîne,,,,,,,,,,,1,1,1,2,4
200600070849,0006-11-16 09:14:00,6,11,16,9,14,910,136,AUTOROUTE A10,,,Plein jour,Hors agglomération,Hors intersection,Normale,Sans collision,,,,,,,,,,,1,1,1,1,7
200600070850,0006-11-16 19:30:00,6,11,16,19,30,910,377,RN 188,,,Nuit avec éclairage allumé,Hors agglomération,Hors intersection,Pluie légère,Autre collision,,,,,,,,,,,5,1,1,2,6
200600070851,0006-11-16 21:40:00,6,11,16,21,40,910,286,AUTOROUTE A6,,,Nuit sans éclairage public,Hors agglomération,Hors intersection,Pluie légère,Autre collision,,,,,,,,,,,3,1,1,2,6
200600070852,0006-11-16 22:00:00,6,11,16,22,0,910,434,AUTOROUTE A6,,,Nuit avec éclairage allumé,Hors agglomération,Hors intersection,Pluie légère,Autre collision,,,,,,,,,,,5,1,1,2,6
200600070853,0006-11-16 23:12:00,6,11,16,23,12,910,692,RN 188 CHEVREUSE,,,Nuit sans éclairage public,Hors agglomération,Hors intersection,Pluie légère,Autre collision,,,,,,,,,,,3,1,1,2,6
200600070854,0006-11-18 19:27:00,6,11,18,19,27,910,521,AUTOROUTE A6,,,Nuit sans éclairage public,Hors agglomération,Hors intersection,Normale,Deux véhicules - arrière,,,,,,,,,,,3,1,1,1,2
200600070855,0006-11-21 09:40:00,6,11,21,9,40,910,617,A5A/N6,,,Nuit sans éclairage public,Hors agglomération,Hors intersection,Normale,Autre collision,,,,,,,,,,,3,1,1,1,6
200600070856,0006-11-21 16:20:00,6,11,21,16,20,910,161,CARREFOUR RN20 / CD120,,,Plein jour,Hors agglomération,Intersection en X,Normale,Deux véhicules - côté,,,,,,,,,,,1,1,2,1,3
200600070857,0006-11-22 08:20:00,6,11,22,8,20,910,161,AUTOROUTE A6,,,Plein jour,Hors agglomération,Hors intersection,Normale,Trois véhicules et plus - collisions multiples,,,,,,,,,,,1,1,1,1,5
200600070858,0006-11-22 09:10:00,6,11,22,9,10,940,38,AUTOROUTE A6A,,,Plein jour,Hors agglomération,Hors intersection,Normale,Deux véhicules - côté,,,,,,,,,,,1,1,1,1,3
200600070859,0006-11-22 18:30:00,6,11,22,18,30,940,37,AUTOROUTE A6B,,,Nuit avec éclairage allumé,Hors agglomération,Autre intersection,Pluie légère,Sans collision,,,,,,,,,,,5,1,9,2,7
200600070860,0006-11-22 19:30:00,6,11,22,19,30,910,617,AUTOROUTE A5A,,,Nuit sans éclairage public,Hors agglomération,Hors intersection,Pluie légère,Sans collision,,,,,,,,,,,3,1,1,2,7
200600070861,0006-11-23 07:50:00,6,11,23,7,50,940,34,AUTOROUTE A6A,,,Crépuscule ou aube,Hors agglomération,Hors intersection,Pluie légère,Trois véhicules et plus - en chaîne,,,,,,,,,,,2,1,1,2,4
200600070862,0006-11-23 12:15:00,6,11,23,12,15,910,549,RN 104,,,Plein jour,Hors agglomération,Hors intersection,Pluie légère,Sans collision,,,,,,,,,,,1,1,1,2,7
200600070863,0006-11-24 07:09:00,6,11,24,7,9,910,689,AUTOROUTE A6A,,,Nuit sans éclairage public,Hors agglomération,Hors intersection,Normale,Deux véhicules - arrière,,,,,,,,,,,3,1,1,1,2
200600070864,0006-11-24 08:36:00,6,11,24,8,36,910,589,AUTOROUTE A6,,,Plein jour,Hors agglomération,Hors intersection,Normale,Sans collision,,,,,,,,,,,1,1,1,1,7
200600070865,0006-11-24 18:15:00,6,11,24,18,15,910,471,RN 118,,,Nuit sans éclairage public,Hors agglomération,Hors intersection,Pluie légère,Deux véhicules - arrière,,,,,,,,,,,3,1,1,2,2
200600070866,0006-11-24 23:30:00,6,11,24,23,30,770,495,AUTOROUTE A5,,,Nuit sans éclairage public,Hors agglomération,Hors intersection,Temps couvert,Autre collision,,,,,,,,,,,3,1,1,8,6
200600070867,0006-11-25 08:07:00,6,11,25,8,7,910,687,AUTOROUTE A6,,,Plein jour,Hors agglomération,Hors intersection,Normale,Autre collision,,,,,,,,,,,1,1,1,1,6
200600070868,0006-11-25 11:56:00,6,11,25,11,56,910,689,AUTOROUTE A6A,,,Plein jour,Hors agglomération,Hors intersection,Normale,Trois véhicules et plus - collisions multiples,,,,,,,,,,,1,1,1,1,5
200600070869,0006-11-25 19:10:00,6,11,25,19,10,770,251,AUTOROUTE A5A,,,Nuit avec éclairage allumé,Hors agglomération,Hors intersection,Normale,Deux véhicules - arrière,,,,,,,,,,,5,1,1,1,2
200600070870,0006-11-26 18:05:00,6,11,26,18,5,910,363,RN 104,,,Nuit sans éclairage public,Hors agglomération,Hors intersection,Normale,Autre collision,,,,,,,,,,,3,1,1,1,6
200600070871,0006-11-27 08:00:00,6,11,27,8,0,940,37,AUTOROUTE A6B,,,Plein jour,Hors agglomération,Hors intersection,Normale,Trois véhicules et plus - collisions multiples,,,,,,,,,,,1,1,1,1,5
200600070872,0006-11-27 08:45:00,6,11,27,8,45,910,570,RN 104,,,Plein jour,Hors agglomération,Hors intersection,Pluie légère,Deux véhicules - côté,,,,,,,,,,,1,1,1,2,3
200600070873,0006-11-27 23:20:00,6,11,27,23,20,910,161,AUTOROUTE A6,,,Nuit sans éclairage public,Hors agglomération,Hors intersection,Normale,Sans collision,,,,,,,,,,,3,1,1,1,7
200600070874,0006-11-28 17:40:00,6,11,28,17,40,910,589,AUTOROUTE A6,,,Nuit sans éclairage public,Hors agglomération,Hors intersection,Temps couvert,Autre collision,,,,,,,,,,,3,1,1,8,6
200600070875,0006-11-28 22:10:00,6,11,28,22,10,910,692,RN 118,,,Nuit sans éclairage public,Hors agglomération,Hors intersection,Normale,Deux véhicules - arrière,,,,,,,,,,,3,1,1,1,2
200600070876,0006-11-29 00:01:00,6,11,29,0,1,910,64,RN 118,,,Nuit sans éclairage public,Hors agglomération,Hors intersection,Normale,Deux véhicules - côté,,,,,,,,,,,3,1,1,1,3
200600070877,0006-11-29 13:08:00,6,11,29,13,8,910,377,RN20,,,Plein jour,Hors agglomération,Hors intersection,Normale,Trois véhicules et plus - en chaîne,,,,,,,,,,,1,1,1,1,4
200600070878,0006-11-30 14:30:00,6,11,30,14,30,940,34,AUTOROUTE A6B,,,Plein jour,Hors agglomération,Hors intersection,Normale,Deux véhicules - arrière,,,,,,,,,,,1,1,1,1,2
200600070879,0006-11-30 15:47:00,6,11,30,15,47,910,377,AUTOROUTE A10,,,Plein jour,Hors agglomération,Hors intersection,Normale,Sans collision,,,,,,,,,,,1,1,1,1,7
200600070880,0006-11-30 23:15:00,6,11,30,23,15,910,521,RN 104,,,Nuit sans éclairage public,Hors agglomération,Hors intersection,Normale,Autre collision,,,,,,,,,,,3,1,1,1,6
200600070881,0006-11-01 16:30:00,6,11,1,16,30,202,33,"SANS, 193 - RN",,,Plein jour,En agglomération,Hors intersection,Normale,Trois véhicules et plus - en chaîne,,,,,,,,,,,1,2,1,1,4
200600070882,0006-11-03 13:48:00,6,11,3,13,48,202,33,"SANS, ROUTE ROYALE",,,Plein jour,En agglomération,Hors intersection,Normale,Deux véhicules - côté,,,,,,,,,,,1,2,1,1,3
200600070883,0006-11-04 12:39:00,6,11,4,12,39,202,33,"SANS, MIOT - RUE",,,Plein jour,Hors agglomération,Hors intersection,Normale,Autre collision,,,,,,,,,,,1,1,1,1,6
200600070884,0006-11-04 17:33:00,6,11,4,17,33,202,37,"SANS, TOUTES RUES",,,Nuit avec éclairage non allumé,Hors agglomération,Hors intersection,Normale,Autre collision,,,,,,,,,,,4,1,1,1,6
200600070885,0006-11-06 19:06:00,6,11,6,19,6,202,33,"SANS, PAOLI DU NR 1 A 20",,,Nuit avec éclairage allumé,En agglomération,Hors intersection,Normale,Deux véhicules - arrière,,,,,,,,,,,5,2,1,1,2
200600070886,0006-11-08 15:38:00,6,11,8,15,38,202,33,"sans, 193 - RN",,,Plein jour,En agglomération,Hors intersection,Normale,Deux véhicules - arrière,,,,,,,,,,,1,2,1,1,2
200600070887,0006-11-09 13:19:00,6,11,9,13,19,202,33,"sans, ROND POINT",,,Plein jour,En agglomération,Giratoire,Normale,Deux véhicules - côté,,,,,,,,,,,1,2,6,1,3
200600070888,0006-11-13 07:54:00,6,11,13,7,54,202,120,"SANS, TOUTES RUES",,,Plein jour,Hors agglomération,Hors intersection,Normale,Deux véhicules - arrière,,,,,,,,,,,1,1,1,1,2
200600070889,0006-11-13 11:33:00,6,11,13,11,33,202,33,"sans, GAUDIN - BLD AUGUS",,,Plein jour,En agglomération,Hors intersection,Normale,Autre collision,,,,,,,,,,,1,2,1,1,6
200600070890,0006-11-13 18:31:00,6,11,13,18,31,202,120,"SANS, TOUTES RUES",,,Nuit avec éclairage allumé,En agglomération,Hors intersection,Normale,Trois véhicules et plus - en chaîne,,,,,,,,,,,5,2,1,1,4
200600070891,0006-11-15 08:10:00,6,11,15,8,10,202,33,"sans, VEZZANI - RUE CESA",,,Plein jour,En agglomération,Hors intersection,Normale,Deux véhicules - côté,,,,,,,,,,,1,2,1,1,3
200600070892,0006-11-16 19:52:00,6,11,16,19,52,202,33,"SANS, VEZZANI - RUE CESA",,,Nuit avec éclairage allumé,En agglomération,Hors intersection,Normale,Deux véhicules - frontale,,,,,,,,,,,5,2,1,1,1
200600070893,0006-11-19 05:33:00,6,11,19,5,33,202,33,"sans, TUNNEL",,,Nuit avec éclairage allumé,En agglomération,Hors intersection,Normale,Deux véhicules - frontale,,,,,,,,,,,5,2,1,1,1
200600070894,0006-11-20 11:29:00,6,11,20,11,29,202,120,"sans, TOUTES RUES",,,Plein jour,En agglomération,Hors intersection,Normale,Autre collision,,,,,,,,,,,1,2,1,1,6
200600070895,0006-11-21 23:51:00,6,11,21,23,51,202,33,"SANS, PAOLI DU NR 1 A 20",,,Nuit avec éclairage allumé,En agglomération,Hors intersection,Normale,Deux véhicules - côté,,,,,,,,,,,5,2,1,1,3
200600070896,0006-11-22 19:00:00,6,11,22,19,0,202,33,"SANS, TOGA",,,Nuit sans éclairage public,Hors agglomération,Hors intersection,Normale,Autre collision,,,,,,,,,,,3,1,1,1,6
200600070897,0006-11-26 19:42:00,6,11,26,19,42,202,33,"sans, IMPERIALE - ROUTE",,,Nuit avec éclairage allumé,En agglomération,Hors intersection,Normale,Trois véhicules et plus - en chaîne,,,,,,,,,,,5,2,1,1,4
200600070898,0006-11-30 20:07:00,6,11,30,20,7,202,37,"sans, TOUTES RUES",,,Nuit avec éclairage allumé,En agglomération,Hors intersection,Normale,Sans collision,,,,,,,,,,,5,2,1,1,7
200600070899,0006-11-30 16:34:00,6,11,30,16,34,202,33,"SANS, ROND POINT",,,Plein jour,En agglomération,Hors intersection,Normale,Autre collision,,,,,,,,,,,1,2,1,1,6
200600070900,0006-11-17 13:20:00,6,11,17,13,20,690,382,QUAI JEAN MOULIN,,,Plein jour,En agglomération,Hors intersection,Pluie forte,Autre collision,,,,,,,,,,,1,2,1,3,6
200600070901,0006-11-23 14:20:00,6,11,23,14,20,690,382,QUAI MARECHAL JOFFRE,,,Plein jour,En agglomération,Intersection en X,Normale,Deux véhicules - côté,,,,,,,,,,,1,2,2,1,3
200600070902,0006-11-25 03:00:00,6,11,25,3,0,690,382,"5, QUAI PERRACHE",,,Nuit avec éclairage allumé,En agglomération,Hors intersection,Normale,Sans collision,,,,,,,,,,,5,2,1,1,7
200600070903,0006-11-29 07:15:00,6,11,29,7,15,690,382,PLACE ANTONIN PONCET,,,Crépuscule ou aube,En agglomération,Hors intersection,Normale,Autre collision,,,,,,,,,,,2,2,1,1,6
200600070904,0006-11-28 20:00:00,6,11,28,20,0,690,382,"18, QUAI JULES COURMONT",,,Nuit avec éclairage allumé,En agglomération,Hors intersection,Pluie légère,Deux véhicules - arrière,,,,,,,,,,,5,2,1,2,2
200600070905,0006-11-01 15:20:00,6,11,1,15,20,590,271,AUTOROUTE A16,,,Plein jour,Hors agglomération,Hors intersection,Pluie légère,Autre collision,,,,,,,,,,,1,1,1,2,6
200600070906,0006-11-01 19:30:00,6,11,1,19,30,590,288,AUTOROUTE A2,,,Nuit avec éclairage allumé,Hors agglomération,Hors intersection,Pluie légère,Autre collision,,,,,,,,,,,5,1,1,2,6
200600070907,0006-11-01 20:45:00,6,11,1,20,45,590,459,AUTOROUTE A23,,,Nuit avec éclairage allumé,Hors agglomération,Hors intersection,Pluie légère,Autre collision,,,,,,,,,,,5,1,1,2,6
200600070908,0006-11-02 08:00:00,6,11,2,8,0,590,284,AUTOROUTE A23,,,Plein jour,Hors agglomération,Hors intersection,Normale,Autre collision,,,,,,,,,,,1,1,1,1,6
200600070909,0006-11-03 23:45:00,6,11,3,23,45,590,286,AUTOROUTE A25,,,Nuit avec éclairage allumé,Hors agglomération,Hors intersection,Normale,Autre collision,,,,,,,,,,,5,1,1,1,6
200600070910,0006-11-04 03:20:00,6,11,4,3,20,590,220,AUTOROUTE A1,,,Nuit avec éclairage allumé,Hors agglomération,Hors intersection,Normale,Autre collision,,,,,,,,,,,5,1,1,1,6
200600070911,0006-11-05 05:55:00,6,11,5,5,55,590,359,AUTOROUTE A16,,,Crépuscule ou aube,Hors agglomération,Hors intersection,Brouillard / fumée,Autre collision,,,,,,,,,,,2,1,1,5,6
200600070912,0006-11-07 19:00:00,6,11,7,19,0,590,9,AUTOROUTE A22,,,Nuit avec éclairage allumé,Hors agglomération,Hors intersection,Normale,Autre collision,,,,,,,,,,,5,1,1,1,6
200600070913,0006-11-09 09:35:00,6,11,9,9,35,590,507,AUTOROUTE A1,,,Plein jour,Hors agglomération,Hors intersection,Normale,Autre collision,,,,,,,,,,,1,1,1,1,6
200600070914,0006-11-08 18:50:00,6,11,8,18,50,590,143,AUTOROUTE A25,,,Nuit avec éclairage allumé,Hors agglomération,Hors intersection,Normale,Autre collision,,,,,,,,,,,5,1,1,1,6
200600070915,0006-11-09 08:00:00,6,11,9,8,0,590,305,AUTOROUTE A25,,,Plein jour,Hors agglomération,Hors intersection,Normale,Deux véhicules - arrière,,,,,,,,,,,1,1,1,1,2
200600070916,0006-11-09 08:30:00,6,11,9,8,30,590,155,AUTOROUTE A16,,,Plein jour,Hors agglomération,Hors intersection,Normale,Autre collision,,,,,,,,,,,1,1,1,1,6
200600070917,0006-11-10 09:30:00,6,11,10,9,30,590,143,AUTOROUTE A25,,,Plein jour,Hors agglomération,Hors intersection,Normale,Trois véhicules et plus - collisions multiples,,,,,,,,,,,1,1,1,1,5
200600070918,0006-11-11 11:10:00,6,11,11,11,10,590,195,AUTOROUTE A25,,,Plein jour,Hors agglomération,Hors intersection,Pluie légère,Autre collision,,,,,,,,,,,1,1,1,2,6
200600070919,0006-11-11 10:50:00,6,11,11,10,50,590,350,ROUTE NATIONALE 351,,,Plein jour,Hors agglomération,Hors intersection,Pluie légère,Autre collision,,,,,,,,,,,1,1,1,2,6
200600070920,0006-11-13 08:30:00,6,11,13,8,30,590,350,ROUTE NATIONALE 351,,,Plein jour,Hors agglomération,Hors intersection,Pluie légère,Autre collision,,,,,,,,,,,1,1,1,2,6
200600070921,0006-11-13 09:50:00,6,11,13,9,50,620,628,AUTOROUTE A21,,,Plein jour,Hors agglomération,Hors intersection,Pluie légère,Autre collision,,,,,,,,,,,1,1,1,2,6
200600070922,0006-11-13 12:00:00,6,11,13,12,0,590,507,AUTOROUTE A1,,,Plein jour,Hors agglomération,Hors intersection,Pluie légère,Trois véhicules et plus - collisions multiples,,,,,,,,,,,1,1,1,2,5
200600070923,0006-11-13 14:00:00,6,11,13,14,0,620,637,AUTOROUTE A1,,,Plein jour,Hors agglomération,Hors intersection,Normale,Autre collision,,,,,,,,,,,1,1,1,1,6
200600070924,0006-11-13 14:00:00,6,11,13,14,0,590,350,ROUTE NATIONALE 351,,,Plein jour,Hors agglomération,Hors intersection,Pluie légère,Autre collision,,,,,,,,,,,1,1,1,2,6
200600070925,0006-11-14 04:20:00,6,11,14,4,20,590,9,ROUTE NATIONALE 227,,,Nuit avec éclairage allumé,Hors agglomération,Hors intersection,Pluie légère,Autre collision,,,,,,,,,,,5,1,1,2,6
200600070926,0006-11-14 06:10:00,6,11,14,6,10,590,9,AUTOROUTE A22,,,Nuit sans éclairage public,Hors agglomération,Hors intersection,Pluie légère,Deux véhicules - côté,,,,,,,,,,,3,1,1,2,3
200600070927,0006-11-14 21:00:00,6,11,14,21,0,590,511,AUTOROUTE A23,,,Nuit sans éclairage public,Hors agglomération,Hors intersection,Normale,Autre collision,,,,,,,,,,,3,1,1,1,6
200600070928,0006-11-14 21:35:00,6,11,14,21,35,590,378,ROUTE NATIONALE 356,,,Nuit avec éclairage allumé,Hors agglomération,Hors intersection,Normale,Autre collision,,,,,,,,,,,5,1,1,1,6
200600070929,0006-11-16 09:30:00,6,11,16,9,30,590,124,AUTOROUTE A27,,,Plein jour,Hors agglomération,Hors intersection,Normale,Deux véhicules - arrière,,,,,,,,,,,1,1,1,1,2
200600070930,0006-11-17 08:15:00,6,11,17,8,15,620,498,AUTOROUTE A211,,,Plein jour,Hors agglomération,Hors intersection,Normale,Autre collision,,,,,,,,,,,1,1,1,1,6
200600070931,0006-11-17 12:00:00,6,11,17,12,0,590,350,AUTOROUTE A25,,,Plein jour,Hors agglomération,Hors intersection,Normale,Autre collision,,,,,,,,,,,1,1,1,1,6
200600070932,0006-11-18 00:30:00,6,11,18,0,30,590,346,ROUTE NATIONALE 227,,,Nuit avec éclairage allumé,Hors agglomération,Hors intersection,Normale,Autre collision,,,,,,,,,,,5,1,1,1,6
200600070933,0006-11-18 05:15:00,6,11,18,5,15,590,386,ROUTE NATIONALE 352,,,Crépuscule ou aube,Hors agglomération,Hors intersection,Pluie légère,Autre collision,,,,,,,,,,,2,1,1,2,6
200600070934,0006-11-18 13:00:00,6,11,18,13,0,590,183,AUTOROUTE A16,,,Plein jour,Hors agglomération,Hors intersection,Pluie légère,Autre collision,,,,,,,,,,,1,1,1,2,6
200600070935,0006-11-18 14:05:00,6,11,18,14,5,590,564,AUTOROUTE A2,,,Plein jour,Hors agglomération,Hors intersection,Normale,Autre collision,,,,,,,,,,,1,1,1,1,6
200600070936,0006-11-18 14:25:00,6,11,18,14,25,590,449,AUTOROUTE A23,,,Plein jour,Hors agglomération,Hors intersection,Normale,Autre collision,,,,,,,,,,,1,1,1,1,6
200600070937,0006-11-19 20:05:00,6,11,19,20,5,590,271,AUTOROUTE A16,,,Nuit avec éclairage allumé,Hors agglomération,Hors intersection,Normale,Autre collision,,,,,,,,,,,5,1,1,1,6
200600070938,0006-11-19 20:10:00,6,11,19,20,10,590,271,AUTOROUTE A16,,,Nuit avec éclairage allumé,Hors agglomération,Hors intersection,Normale,Autre collision,,,,,,,,,,,5,1,1,1,6
200600070939,0006-11-20 14:20:00,6,11,20,14,20,590,260,AUTOROUTE A16,,,Plein jour,Hors agglomération,Hors intersection,Pluie légère,Autre collision,,,,,,,,,,,1,1,1,2,6
200600070940,0006-11-21 00:30:00,6,11,21,0,30,590,359,AUTOROUTE A16,,,Nuit avec éclairage allumé,Hors agglomération,Hors intersection,Pluie légère,Autre collision,,,,,,,,,,,5,1,1,2,6