accident_id,datetime,annee,mois,jour,heure,minute,departement,commune_insee,adresse,latitude,longitude,luminosite,agglomeration,intersection,meteo,collision,nb_vehicules,nb_usagers,nb_indemnes,nb_tues,nb_blesses_hosp,nb_blesses_legers,age_cond_1,age_cond_2,veh_type_cond_1,veh_type_cond_2,lum_code,agg_code,int_code,atm_code,col_code
200600071204,0006-11-18 10:40:00,6,11,18,10,40,800,259,,,,Plein jour,Hors agglomération,Hors intersection,Normale,Deux véhicules - côté,,,,,,,,,,,1,1,1,1,3
200600071205,0006-11-26 05:15:00,6,11,26,5,15,800,211,16 rue du Hamel,49.745,2.154,Nuit avec éclairage allumé,En agglomération,Hors intersection,Normale,Autre collision,,,,,,,,,,,5,2,1,1,6
200600071206,0006-11-05 15:00:00,6,11,5,15,0,800,82,,49.97,2.145,Plein jour,Hors agglomération,Hors intersection,Normale,Deux véhicules - frontale,,,,,,,,,,,1,1,1,1,1
200600071207,0006-11-11 13:30:00,6,11,11,13,30,800,798,Route nationale,,,Plein jour,En agglomération,Hors intersection,Normale,Sans collision,,,,,,,,,,,1,2,1,1,7
200600071208,0006-11-13 17:00:00,6,11,13,17,0,800,19,CHEMIN DE LA MESSE,49.967,1.905,Plein jour,En agglomération,Hors intersection,Normale,Deux véhicules - frontale,,,,,,,,,,,1,2,1,1,1
200600071209,0006-11-13 00:15:00,6,11,13,0,15,800,597,rue rembehem,50.112,1.587,Nuit sans éclairage public,En agglomération,Hors intersection,Pluie légère,Autre collision,,,,,,,,,,,3,2,1,2,6
200600071210,0006-11-09 05:20:00,6,11,9,5,20,800,373,Rue du Général De Gaulle,,,Crépuscule ou aube,En agglomération,Hors intersection,Normale,Deux véhicules - frontale,,,,,,,,,,,2,2,1,1,1
200600071211,0006-11-14 18:15:00,6,11,14,18,15,800,182,rue du Maréchal Foch,,,Nuit avec éclairage allumé,En agglomération,Hors intersection,Normale,Deux véhicules - frontale,,,,,,,,,,,5,2,1,1,1
200600071212,0006-11-27 18:00:00,6,11,27,18,0,800,360,face 10 rue Jean Jaurès,,,Crépuscule ou aube,En agglomération,Hors intersection,Temps couvert,Autre collision,,,,,,,,,,,2,2,1,8,6
200600071213,0006-11-23 11:00:00,6,11,23,11,0,800,493,,50.09,2.513,Plein jour,Hors agglomération,Hors intersection,Pluie forte,Autre collision,,,,,,,,,,,1,1,1,3,6
200600071214,0006-11-20 22:15:00,6,11,20,22,15,800,793,658 rue de DAOURS,50.021,2.181,Nuit avec éclairage allumé,En agglomération,Hors intersection,Pluie légère,Autre collision,,,,,,,,,,,5,2,1,2,6
200600071215,0006-11-15 21:00:00,6,11,15,21,0,800,685,,49.715,2.816,Nuit sans éclairage public,Hors agglomération,Giratoire,Normale,Deux véhicules - côté,,,,,,,,,,,3,1,6,1,3
200600071216,0006-11-09 22:15:00,6,11,9,22,15,800,669,,,,Nuit sans éclairage public,Hors agglomération,Hors intersection,Normale,Autre collision,,,,,,,,,,,3,1,1,1,6
200600071217,0006-11-07 17:30:00,6,11,7,17,30,800,762,,,,Plein jour,Hors agglomération,Hors intersection,Normale,Autre collision,,,,,,,,,,,1,1,1,1,6
200600071218,0006-11-17 15:00:00,6,11,17,15,0,800,199,route d'alebert,,,Plein jour,En agglomération,Hors intersection,Temps éblouissant,Deux véhicules - côté,,,,,,,,,,,1,2,1,7,3
200600071219,0006-11-17 20:30:00,6,11,17,20,30,800,664,ROUTE NATIONALE 17,,,Nuit avec éclairage allumé,En agglomération,Hors intersection,Normale,Deux véhicules - frontale,,,,,,,,,,,5,2,1,1,1
200600071220,0006-11-19 15:30:00,6,11,19,15,30,800,812,CD15,49.89,3.067,Nuit sans éclairage public,En agglomération,Hors intersection,Normale,Sans collision,,,,,,,,,,,3,2,1,1,7
200600071221,0006-11-21 13:00:00,6,11,21,13,0,800,557,86 route nationale,,,Plein jour,En agglomération,Hors intersection,Normale,Autre collision,,,,,,,,,,,1,2,1,1,6
200600071222,0006-11-03 10:00:00,6,11,3,10,0,800,468,,50.0,2.572,Plein jour,Hors agglomération,Hors intersection,Temps éblouissant,Deux véhicules - arrière,,,,,,,,,,,1,1,1,7,2
200600071223,0006-11-25 14:00:00,6,11,25,14,0,800,172,,,,Plein jour,Hors agglomération,Hors intersection,Vent fort / tempête,Sans collision,,,,,,,,,,,1,1,1,6,7
200600071224,0006-11-23 16:30:00,6,11,23,16,30,800,274,rue du tour de ville,49.738,3.054,Crépuscule ou aube,En agglomération,Hors intersection,Pluie légère,Autre collision,,,,,,,,,,,2,2,1,2,6
200600071225,0006-11-12 04:45:00,6,11,12,4,45,20,46,Chemin de Puisieux,,,Nuit sans éclairage public,Hors agglomération,Hors intersection,Normale,Sans collision,,,,,,,,,,,3,1,1,1,7
200600071226,0006-11-22 21:30:00,6,11,22,21,30,20,196,face au 15 route de Mons,,,Nuit sans éclairage public,En agglomération,Hors intersection,Pluie légère,Autre collision,,,,,,,,,,,3,2,1,2,6
200600071227,0006-11-05 02:30:00,6,11,5,2,30,20,820,RUE DE L'ECLUSE,,,Nuit sans éclairage public,En agglomération,Hors intersection,Brouillard / fumée,Autre collision,,,,,,,,,,,3,2,1,5,6
200600071228,0006-11-08 05:50:00,6,11,8,5,50,20,81,Départemental 7,,,Nuit sans éclairage public,Hors agglomération,Hors intersection,Brouillard / fumée,Autre collision,,,,,,,,,,,3,1,1,5,6
200600071229,0006-11-11 03:15:00,6,11,11,3,15,20,680,CD 13,,,Nuit sans éclairage public,Hors agglomération,Hors intersection,Normale,Autre collision,,,,,,,,,,,3,1,1,1,6
200600071230,0006-11-13 17:10:00,6,11,13,17,10,20,431,Route de St Quentin,,,Crépuscule ou aube,En agglomération,Hors intersection,Normale,Deux véhicules - côté,,,,,,,,,,,2,2,1,1,3
200600071231,0006-11-30 11:45:00,6,11,30,11,45,20,474,,,,Plein jour,Hors agglomération,Hors intersection,Temps couvert,Trois véhicules et plus - collisions multiples,,,,,,,,,,,1,1,1,8,5
200600071232,0006-11-17 14:00:00,6,11,17,14,0,20,159,,,,Plein jour,Hors agglomération,Hors intersection,Normale,Deux véhicules - côté,,,,,,,,,,,1,1,1,1,3
200600071233,0006-11-28 12:45:00,6,11,28,12,45,20,217,,,,Plein jour,Hors agglomération,Hors intersection,Normale,Deux véhicules - frontale,,,,,,,,,,,1,1,1,1,1
200600071234,0006-11-01 18:15:00,6,11,1,18,15,20,299,route de NEUFCHATEL,49.45,4.04,Nuit sans éclairage public,En agglomération,Hors intersection,Temps éblouissant,Deux véhicules - frontale,,,,,,,,,,,3,2,1,7,1
200600071235,0006-11-13 18:30:00,6,11,13,18,30,20,73,14 rue du Gal de Gaulle,,,Nuit avec éclairage allumé,En agglomération,Hors intersection,Pluie légère,Autre collision,,,,,,,,,,,5,2,1,2,6
200600071236,0006-11-23 21:15:00,6,11,23,21,15,20,290,,,,Nuit sans éclairage public,Hors agglomération,Hors intersection,Normale,Sans collision,,,,,,,,,,,3,1,1,1,7
200600071237,0006-11-10 08:00:00,6,11,10,8,0,20,701,ROUTE NATIONAL,48.978,3.325,Plein jour,En agglomération,Autre intersection,Brouillard / fumée,Deux véhicules - frontale,,,,,,,,,,,1,2,9,5,1
200600071238,0006-11-29 18:00:00,6,11,29,18,0,20,594,,,,Nuit sans éclairage public,Hors agglomération,Hors intersection,Normale,Deux véhicules - frontale,,,,,,,,,,,3,1,1,1,1
200600071239,0006-11-05 01:30:00,6,11,5,1,30,20,420,RUE DE CHAMPAGNE,,,Nuit avec éclairage allumé,En agglomération,Giratoire,Brouillard / fumée,Sans collision,,,,,,,,,,,5,2,6,5,7
200600071240,0006-11-02 20:15:00,6,11,2,20,15,20,374,,49.911,3.26,Nuit sans éclairage public,Hors agglomération,Hors intersection,Normale,Deux véhicules - frontale,,,,,,,,,,,3,1,1,1,1
200600071241,0006-11-04 18:15:00,6,11,4,18,15,20,63,,,,Nuit avec éclairage allumé,Hors agglomération,Hors intersection,Normale,Deux véhicules - côté,,,,,,,,,,,5,1,1,1,3
200600071242,0006-11-09 12:15:00,6,11,9,12,15,20,334,route départementale 311,49.954,3.431,Plein jour,Hors agglomération,Hors intersection,Normale,Sans collision,,,,,,,,,,,1,1,1,1,7
200600071243,0006-11-15 18:00:00,6,11,15,18,0,20,334,Place VATIN,49.954,3.418,Nuit avec éclairage allumé,En agglomération,Place,Normale,Deux véhicules - frontale,,,,,,,,,,,5,2,7,1,1
200600071244,0006-11-08 14:45:00,6,11,8,14,45,20,95,Rue de la République,49.99,3.456,Plein jour,En agglomération,Hors intersection,Normale,Autre collision,,,,,,,,,,,1,2,1,1,6
200600071245,0006-11-01 17:15:00,6,11,1,17,15,20,741,RUE DE LA PISCINE,49.834,3.466,Plein jour,En agglomération,Hors intersection,Normale,Autre collision,,,,,,,,,,,1,2,1,1,6
200600071246,0006-11-16 07:30:00,6,11,16,7,30,20,721,,49.814,3.4,Crépuscule ou aube,Hors agglomération,Hors intersection,Normale,Deux véhicules - frontale,,,,,,,,,,,2,1,1,1,1
200600071247,0006-11-26 07:00:00,6,11,26,7,0,20,581,,,,Nuit sans éclairage public,Hors agglomération,Autre intersection,Normale,Deux véhicules - frontale,,,,,,,,,,,3,1,9,1,1
200600071248,0006-11-08 09:55:00,6,11,8,9,55,20,302,rue st antoine,,,Plein jour,En agglomération,Hors intersection,Brouillard / fumée,Deux véhicules - côté,,,,,,,,,,,1,2,1,5,3
200600071249,0006-11-17 16:30:00,6,11,17,16,30,20,506,,,,Crépuscule ou aube,Hors agglomération,Hors intersection,Temps couvert,Sans collision,,,,,,,,,,,2,1,1,8,7
200600071250,0006-11-07 17:15:00,6,11,7,17,15,20,789,AVENUE PAUL DOUMER RN2,,,Crépuscule ou aube,En agglomération,Hors intersection,Normale,Autre collision,,,,,,,,,,,2,2,1,1,6
200600071251,0006-11-13 07:30:00,6,11,13,7,30,20,641,,,,Crépuscule ou aube,Hors agglomération,Hors intersection,Normale,Autre collision,,,,,,,,,,,2,1,1,1,6
200600071252,0006-11-26 02:15:00,6,11,26,2,15,20,141,rue du Général de Gaule,49.983,3.917,Nuit avec éclairage allumé,En agglomération,Hors intersection,Normale,Deux véhicules - côté,,,,,,,,,,,5,2,1,1,3
200600071253,0006-11-17 00:45:00,6,11,17,0,45,20,455,eu dit les trois pigeons,49.941,3.735,Nuit sans éclairage public,Hors agglomération,Hors intersection,Pluie légère,Sans collision,,,,,,,,,,,3,1,1,2,7
200600071254,0006-11-18 01:15:00,6,11,18,1,15,20,574,route de paris,49.882,4.02,Nuit avec éclairage allumé,En agglomération,Hors intersection,Pluie légère,Autre collision,,,,,,,,,,,5,2,1,2,6
200600071255,0006-11-25 01:30:00,6,11,25,1,30,20,495,,49.96,4.08,Nuit sans éclairage public,Hors agglomération,Hors intersection,Pluie légère,Autre collision,,,,,,,,,,,3,1,1,2,6
200600071256,0006-11-27 17:55:00,6,11,27,17,55,20,684,D 1043,49.9,4.1,Nuit sans éclairage public,Hors agglomération,Hors intersection,Normale,Deux véhicules - arrière,,,,,,,,,,,3,1,1,1,2
200600071257,0006-11-03 20:45:00,6,11,3,20,45,600,103,,49.415,2.283,Nuit sans éclairage public,Hors agglomération,Hors intersection,Normale,Deux véhicules - arrière,,,,,,,,,,,3,1,1,1,2
200600071258,0006-11-19 15:45:00,6,11,19,15,45,600,480,Hameau de la Boudinière,49.514,2.198,Plein jour,Hors agglomération,Hors intersection,Normale,Deux véhicules - frontale,,,,,,,,,,,1,1,1,1,1
200600071259,0006-11-27 08:15:00,6,11,27,8,15,600,103,ZONE DE LA COUTURELLE,49.42,2.245,Plein jour,En agglomération,Giratoire,Temps couvert,Deux véhicules - côté,,,,,,,,,,,1,2,6,8,3
200600071260,0006-11-04 10:30:00,6,11,4,10,30,600,315,,49.485,1.901,Plein jour,Hors agglomération,Hors intersection,Normale,Deux véhicules - côté,,,,,,,,,,,1,1,1,1,3
200600071261,0006-11-10 20:00:00,6,11,10,20,0,600,477,,49.431,1.932,Nuit avec éclairage allumé,Hors agglomération,Hors intersection,Normale,Autre collision,,,,,,,,,,,5,1,1,1,6
200600071262,0006-11-08 18:45:00,6,11,8,18,45,600,110,,,,Nuit sans éclairage public,Hors agglomération,Hors intersection,Normale,Deux véhicules - frontale,,,,,,,,,,,3,1,1,1,1
200600071263,0006-11-30 17:30:00,6,11,30,17,30,600,395,ace à l'hôtel des impôts,,,Nuit avec éclairage allumé,En agglomération,Giratoire,Normale,Deux véhicules - frontale,,,,,,,,,,,5,2,6,1,1
200600071264,0006-11-26 15:00:00,6,11,26,15,0,600,134,route de MOUY,49.327,2.445,Plein jour,En agglomération,Hors intersection,Pluie légère,Autre collision,,,,,,,,,,,1,2,1,2,6
200600071265,0006-11-18 14:00:00,6,11,18,14,0,600,439,22-24 rue gambetta,49.322,2.32,Plein jour,En agglomération,Intersection en Y,Normale,Deux véhicules - côté,,,,,,,,,,,1,2,4,1,3
200600071266,0006-11-23 18:50:00,6,11,23,18,50,600,116,rue voltaire,,,Nuit sans éclairage public,Hors agglomération,Hors intersection,Pluie légère,Autre collision,,,,,,,,,,,3,1,1,2,6
200600071267,0006-11-26 20:15:00,6,11,26,20,15,600,439,CD 512,,,Nuit sans éclairage public,Hors agglomération,Hors intersection,Normale,Deux véhicules - côté,,,,,,,,,,,3,1,1,1,3
200600071268,0006-11-11 00:01:00,6,11,11,0,1,600,653,,49.485,2.456,Nuit sans éclairage public,Hors agglomération,Hors intersection,Normale,Autre collision,,,,,,,,,,,3,1,1,1,6
200600071269,0006-11-11 05:15:00,6,11,11,5,15,600,498,,49.519,2.46,Nuit sans éclairage public,Hors agglomération,Hors intersection,Pluie forte,Sans collision,,,,,,,,,,,3,1,1,3,7
200600071270,0006-11-16 11:30:00,6,11,16,11,30,600,374,11 rue de st just,,,Nuit avec éclairage allumé,En agglomération,Hors intersection,Pluie légère,Autre collision,,,,,,,,,,,5,2,1,2,6
200600071271,0006-11-17 18:15:00,6,11,17,18,15,600,285,,,,Nuit sans éclairage public,Hors agglomération,Hors intersection,Normale,Deux véhicules - côté,,,,,,,,,,,3,1,1,1,3
200600071272,0006-11-17 20:00:00,6,11,17,20,0,600,653,,,,Nuit sans éclairage public,Hors agglomération,Hors intersection,Normale,Sans collision,,,,,,,,,,,3,1,1,1,7
200600071273,0006-11-18 09:15:00,6,11,18,9,15,600,581,rue de beauvais,,,Nuit avec éclairage allumé,En agglomération,Hors intersection,Pluie légère,Autre collision,,,,,,,,,,,5,2,1,2,6
200600071274,0006-11-28 16:45:00,6,11,28,16,45,600,374,,,,Nuit sans éclairage public,Hors agglomération,Hors intersection,Normale,Trois véhicules et plus - collisions multiples,,,,,,,,,,,3,1,1,1,5
200600071275,0006-11-15 15:20:00,6,11,15,15,20,600,534,route nationale 31,,,Plein jour,Hors agglomération,Hors intersection,Normale,Deux véhicules - arrière,,,,,,,,,,,1,1,1,1,2
200600071276,0006-11-01 16:15:00,6,11,1,16,15,600,636,,49.486,2.882,Plein jour,Hors agglomération,Hors intersection,Normale,Deux véhicules - frontale,,,,,,,,,,,1,1,1,1,1
200600071277,0006-11-20 10:15:00,6,11,20,10,15,600,636,rue de Montluçon,,,Plein jour,En agglomération,Hors intersection,Normale,Deux véhicules - frontale,,,,,,,,,,,1,2,1,1,1
200600071278,0006-11-22 17:40:00,6,11,22,17,40,600,492,CD40,,,Nuit sans éclairage public,Hors agglomération,Hors intersection,Pluie légère,Autre collision,,,,,,,,,,,3,1,1,2,6
200600071279,0006-11-24 19:00:00,6,11,24,19,0,600,636,,49.494,2.876,Nuit sans éclairage public,Hors agglomération,Hors intersection,Normale,Deux véhicules - frontale,,,,,,,,,,,3,1,1,1,1
200600071280,0006-11-06 13:20:00,6,11,6,13,20,600,263,Intersection CD76-CD545,,,Plein jour,Hors agglomération,Intersection en X,Normale,Deux véhicules - côté,,,,,,,,,,,1,1,2,1,3
200600071281,0006-11-15 13:45:00,6,11,15,13,45,600,471,Avenue Jean Jaurés,,,Plein jour,En agglomération,Hors intersection,Normale,Trois véhicules et plus - collisions multiples,,,,,,,,,,,1,2,1,1,5
200600071282,0006-11-19 17:45:00,6,11,19,17,45,570,356,,,,Nuit sans éclairage public,Hors agglomération,Hors intersection,Temps couvert,Trois véhicules et plus - collisions multiples,,,,,,,,,,,3,1,1,8,5
200600071283,0006-11-23 17:00:00,6,11,23,17,0,570,323,RUE DE GAULLE,,,Nuit avec éclairage allumé,En agglomération,Hors intersection,Pluie forte,Autre collision,,,,,,,,,,,5,2,1,3,6
200600071284,0006-11-09 08:30:00,6,11,9,8,30,600,612,rue du moulin du gué du,,,Plein jour,En agglomération,Intersection en X,Normale,Deux véhicules - frontale,,,,,,,,,,,1,2,2,1,1
200600071285,0006-11-09 17:45:00,6,11,9,17,45,600,612,rue du faubourg St Marti,,,Nuit avec éclairage allumé,En agglomération,Intersection en X,Normale,Autre collision,,,,,,,,,,,5,2,2,1,6
200600071286,0006-11-13 19:00:00,6,11,13,19,0,600,612,AVENUE DU GL DE GAULLE,,,Nuit avec éclairage allumé,En agglomération,Hors intersection,Pluie légère,Deux véhicules - frontale,,,,,,,,,,,5,2,1,2,1
200600071287,0006-11-16 21:30:00,6,11,16,21,30,600,450,,,,Nuit sans éclairage public,Hors agglomération,Hors intersection,Pluie légère,Sans collision,,,,,,,,,,,3,1,1,2,7
200600071288,0006-11-03 14:55:00,6,11,3,14,55,600,141,rue d'Orgemont,,,Plein jour,En agglomération,Hors intersection,Normale,Autre collision,,,,,,,,,,,1,2,1,1,6
200600071289,0006-11-03 16:15:00,6,11,3,16,15,600,346,Avenue de la Libération,,,Plein jour,En agglomération,Giratoire,Normale,Sans collision,,,,,,,,,,,1,2,6,1,7
200600071290,0006-11-06 18:30:00,6,11,6,18,30,600,282,CD44,,,Crépuscule ou aube,Hors agglomération,Hors intersection,Normale,Trois véhicules et plus - en chaîne,,,,,,,,,,,2,1,1,1,4
200600071291,0006-11-18 17:15:00,6,11,18,17,15,600,282,ran et chemin du bosquet,,,Nuit sans éclairage public,Hors agglomération,Hors intersection,Normale,Deux véhicules - arrière,,,,,,,,,,,3,1,1,1,2
200600071292,0006-11-24 10:15:00,6,11,24,10,15,600,282,cd17,49.19,2.38,Plein jour,Hors agglomération,Hors intersection,Normale,Autre collision,,,,,,,,,,,1,1,1,1,6
200600071293,0006-11-25 01:00:00,6,11,25,1,0,600,346,,,,Nuit sans éclairage public,Hors agglomération,Intersection en T,Pluie légère,Trois véhicules et plus - collisions multiples,,,,,,,,,,,3,1,3,2,5
200600071294,0006-11-01 02:45:00,6,11,1,2,45,600,589,,49.218,2.464,Nuit sans éclairage public,Hors agglomération,Hors intersection,Normale,Autre collision,,,,,,,,,,,3,1,1,1,6
200600071295,0006-11-25 19:00:00,6,11,25,19,0,600,238,érale de gaulle pk 113.7,,,Nuit sans éclairage public,En agglomération,Hors intersection,Normale,Trois véhicules et plus - en chaîne,,,,,,,,,,,3,2,1,1,4
200600071296,0006-11-09 11:00:00,6,11,9,11,0,600,176,rue Charles de GAULLE,,,Plein jour,En agglomération,Autre intersection,Temps éblouissant,Autre collision,,,,,,,,,,,1,2,9,7,6
200600071297,0006-11-17 09:30:00,6,11,17,9,30,600,680,CD 932A - HORS AGGLO,,,Plein jour,Hors agglomération,Hors intersection,Normale,Deux véhicules - frontale,,,,,,,,,,,1,1,1,1,1
200600071298,0006-11-19 11:00:00,6,11,19,11,0,760,614,CD67,,,Plein jour,Hors agglomération,Hors intersection,Normale,Deux véhicules - frontale,,,,,,,,,,,1,1,1,1,1
200600071299,0006-11-16 17:30:00,6,11,16,17,30,760,377,,,,Nuit sans éclairage public,Hors agglomération,Hors intersection,Pluie légère,Deux véhicules - frontale,,,,,,,,,,,3,1,1,2,1
200600071300,0006-11-09 07:15:00,6,11,9,7,15,760,506,CD915,49.741,1.309,Nuit avec éclairage allumé,En agglomération,Hors intersection,Normale,Autre collision,,,,,,,,,,,5,2,1,1,6
200600071301,0006-11-01 18:30:00,6,11,1,18,30,760,753,,49.346,1.15,Nuit sans éclairage public,Hors agglomération,Hors intersection,Normale,Deux véhicules - côté,,,,,,,,,,,3,1,1,1,3
200600071302,0006-11-18 05:00:00,6,11,18,5,0,760,313,RN 15,49.362,1.13,Nuit sans éclairage public,Hors agglomération,Hors intersection,Pluie légère,Autre collision,,,,,,,,,,,3,1,1,2,6
200600071303,0006-11-03 11:00:00,6,11,3,11,0,760,659,,,,Plein jour,Hors agglomération,Hors intersection,Normale,Deux véhicules - frontale,,,,,,,,,,,1,1,1,1,1
200600071304,0006-11-17 07:15:00,6,11,17,7,15,760,164,Quai Guilbaud,,,Nuit avec éclairage allumé,En agglomération,Hors intersection,Normale,Autre collision,,,,,,,,,,,5,2,1,1,6
200600071305,0006-11-25 23:15:00,6,11,25,23,15,760,164,,49.537,0.753,Nuit sans éclairage public,Hors agglomération,Hors intersection,Normale,Deux véhicules - frontale,,,,,,,,,,,3,1,1,1,1
200600071306,0006-11-02 14:30:00,6,11,2,14,30,760,44,,49.65,0.568,Nuit sans éclairage public,Hors agglomération,Hors intersection,Pluie légère,Trois véhicules et plus - collisions multiples,,,,,,,,,,,3,1,1,2,5
200600071307,0006-11-04 19:50:00,6,11,4,19,50,760,563,R.D 6015,,,Nuit avec éclairage allumé,En agglomération,Hors intersection,Normale,Trois véhicules et plus - en chaîne,,,,,,,,,,,5,2,1,1,4
200600071308,0006-11-28 07:05:00,6,11,28,7,5,760,657,boulevard industriel,,,Nuit sans éclairage public,Hors agglomération,Hors intersection,Pluie légère,Deux véhicules - frontale,,,,,,,,,,,3,1,1,2,1
200600071309,0006-11-18 14:30:00,6,11,18,14,30,760,139,CD 915,,,Plein jour,Hors agglomération,Intersection en X,Temps éblouissant,Deux véhicules - côté,,,,,,,,,,,1,1,2,7,3
200600071310,0006-11-21 08:50:00,6,11,21,8,50,760,535,1672 route de ROUVRAY,,,Plein jour,Hors agglomération,Hors intersection,Pluie forte,Autre collision,,,,,,,,,,,1,1,1,3,6
200600071311,0006-11-30 18:00:00,6,11,30,18,0,760,678,,49.64,1.452,Nuit sans éclairage public,Hors agglomération,Hors intersection,Normale,Autre collision,,,,,,,,,,,3,1,1,1,6
200600071312,0006-11-22 12:20:00,6,11,22,12,20,760,758,,49.625,0.773,Plein jour,En agglomération,Intersection en X,Normale,Deux véhicules - frontale,,,,,,,,,,,1,2,2,1,1
200600071313,0006-11-23 07:10:00,6,11,23,7,10,760,385,route de PAVILLY,,,Nuit avec éclairage allumé,En agglomération,Intersection en X,Pluie légère,Deux véhicules - frontale,,,,,,,,,,,5,2,2,2,1
200600071314,0006-11-22 15:30:00,6,11,22,15,30,760,57,rue Warendorf,49.557,0.934,Plein jour,En agglomération,Hors intersection,Pluie légère,Deux véhicules - côté,,,,,,,,,,,1,2,1,2,3
200600071315,0006-11-08 07:20:00,6,11,8,7,20,760,240,29+500 - Z.I. de BABEUF,,,Plein jour,Hors agglomération,Hors intersection,Brouillard / fumée,Trois véhicules et plus - collisions multiples,,,,,,,,,,,1,1,1,5,5
200600071316,0006-11-04 18:45:00,6,11,4,18,45,270,524,,,,Plein jour,Hors agglomération,Hors intersection,Brouillard / fumée,Autre collision,,,,,,,,,,,1,1,1,5,6
200600071317,0006-11-03 11:30:00,6,11,3,11,30,270,82,rue du stade/  RD 74,,,Plein jour,En agglomération,Hors intersection,Normale,Deux véhicules - côté,,,,,,,,,,,1,2,1,1,3
200600071318,0006-11-04 17:00:00,6,11,4,17,0,270,287,RUE DU CHENE STE BARBE,,,Nuit sans éclairage public,En agglomération,Hors intersection,Normale,Autre collision,,,,,,,,,,,3,2,1,1,6
200600071319,0006-11-09 10:45:00,6,11,9,10,45,270,165,,,,Plein jour,Hors agglomération,Hors intersection,Normale,Sans collision,,,,,,,,,,,1,1,1,1,7
200600071320,0006-11-18 01:00:00,6,11,18,1,0,270,165,,,,Nuit sans éclairage public,Hors agglomération,Hors intersection,Pluie forte,Deux véhicules - côté,,,,,,,,,,,3,1,1,3,3
200600071321,0006-11-18 05:30:00,6,11,18,5,30,270,287,Rue Clermont Tonnerre,48.987,1.024,Nuit avec éclairage allumé,En agglomération,Hors intersection,Normale,Autre collision,,,,,,,,,,,5,2,1,1,6
200600071322,0006-11-18 15:30:00,6,11,18,15,30,270,281,rue des Boschions,,,Plein jour,En agglomération,Hors intersection,Normale,Autre collision,,,,,,,,,,,1,2,1,1,6
200600071323,0006-11-12 18:15:00,6,11,12,18,15,270,32,,,,Nuit sans éclairage public,Hors agglomération,Intersection en X,Pluie légère,Deux véhicules - côté,,,,,,,,,,,3,1,2,2,3
200600071324,0006-11-25 20:15:00,6,11,25,20,15,270,350,CD76,48.843,1.258,Nuit sans éclairage public,Hors agglomération,Hors intersection,Normale,Sans collision,,,,,,,,,,,3,1,1,1,7
200600071325,0006-11-26 14:00:00,6,11,26,14,0,270,177,,48.876,1.256,Plein jour,Hors agglomération,Hors intersection,Normale,Deux véhicules - côté,,,,,,,,,,,1,1,1,1,3
200600071326,0006-11-03 16:20:00,6,11,3,16,20,270,230,CD 143 - Route d' Ezy,,,Plein jour,Hors agglomération,Hors intersection,Normale,Deux véhicules - frontale,,,,,,,,,,,1,1,1,1,1
200600071327,0006-11-14 13:30:00,6,11,14,13,30,270,400,,48.972,1.406,Plein jour,Hors agglomération,Autre intersection,Normale,Autre collision,,,,,,,,,,,1,1,9,1,6
200600071328,0006-11-02 11:15:00,6,11,2,11,15,270,679,carrefour RN 12 et CD 83,,,Plein jour,Hors agglomération,Hors intersection,Normale,Deux véhicules - côté,,,,,,,,,,,1,1,1,1,3
200600071329,0006-11-08 19:45:00,6,11,8,19,45,270,496,,49.383,1.406,Nuit sans éclairage public,Hors agglomération,Hors intersection,Pluie légère,Autre collision,,,,,,,,,,,3,1,1,2,6
200600071330,0006-11-10 05:30:00,6,11,10,5,30,270,493,,,,Nuit sans éclairage public,Hors agglomération,Hors intersection,Normale,Deux véhicules - frontale,,,,,,,,,,,3,1,1,1,1
200600071331,0006-11-04 18:45:00,6,11,4,18,45,270,284,AVENUE ALBERT FORCINAL,,,Nuit avec éclairage allumé,En agglomération,Hors intersection,Normale,Deux véhicules - arrière,,,,,,,,,,,5,2,1,1,2
200600071332,0006-11-07 21:45:00,6,11,7,21,45,270,56,,49.08,0.6,Nuit avec éclairage allumé,Hors agglomération,Hors intersection,Normale,Deux véhicules - frontale,,,,,,,,,,,5,1,1,1,1
200600071333,0006-11-11 12:15:00,6,11,11,12,15,270,56,,49.091,0.582,Plein jour,Hors agglomération,Hors intersection,Pluie légère,Deux véhicules - côté,,,,,,,,,,,1,1,1,2,3
200600071334,0006-11-12 20:30:00,6,11,12,20,30,270,608,"u dit ""les quatre vents""",,,Nuit sans éclairage public,Hors agglomération,Hors intersection,Normale,Sans collision,,,,,,,,,,,3,1,1,1,7