accident_id,datetime,annee,mois,jour,heure,minute,departement,commune_insee,adresse,latitude,longitude,luminosite,agglomeration,intersection,meteo,collision,nb_vehicules,nb_usagers,nb_indemnes,nb_tues,nb_blesses_hosp,nb_blesses_legers,age_cond_1,age_cond_2,veh_type_cond_1,veh_type_cond_2,lum_code,agg_code,int_code,atm_code,col_code
200600071467,0006-11-24 07:30:00,6,11,24,7,30,140,455,,48.996,-0.369,Crépuscule ou aube,Hors agglomération,Hors intersection,Temps couvert,Autre collision,,,,,,,,,,,2,1,1,8,6
200600071468,0006-11-09 12:30:00,6,11,9,12,30,140,386,,49.047,-0.093,Plein jour,Hors agglomération,Intersection en T,Normale,Deux véhicules - côté,,,,,,,,,,,1,1,3,1,3
200600071469,0006-11-07 21:00:00,6,11,7,21,0,140,578,,,,Nuit sans éclairage public,Hors agglomération,Hors intersection,Normale,Autre collision,,,,,,,,,,,3,1,1,1,6
200600071470,0006-11-19 00:30:00,6,11,19,0,30,140,682,,49.304,0.228,Nuit sans éclairage public,Hors agglomération,Hors intersection,Pluie légère,Deux véhicules - côté,,,,,,,,,,,3,1,1,2,3
200600071471,0006-11-10 18:45:00,6,11,10,18,45,140,762,Rue Emile Devaux,48.841,-0.885,Nuit avec éclairage allumé,En agglomération,Hors intersection,Normale,Deux véhicules - frontale,,,,,,,,,,,5,2,1,1,1
200600071472,0006-11-21 07:30:00,6,11,21,7,30,140,65,,,,Nuit sans éclairage public,Hors agglomération,Hors intersection,Pluie légère,Autre collision,,,,,,,,,,,3,1,1,2,6
200600071473,0006-11-22 16:15:00,6,11,22,16,15,140,756,,48.908,-0.56,Nuit sans éclairage public,Hors agglomération,Hors intersection,Brouillard / fumée,Sans collision,,,,,,,,,,,3,1,1,5,7
200600071474,0006-11-05 04:00:00,6,11,5,4,0,500,59,,,,Nuit sans éclairage public,Hors agglomération,Hors intersection,Brouillard / fumée,Sans collision,,,,,,,,,,,3,1,1,5,7
200600071475,0006-11-08 19:00:00,6,11,8,19,0,500,431,Le Lieu Acher,49.18,-1.251,Nuit sans éclairage public,Hors agglomération,Hors intersection,Pluie légère,Deux véhicules - frontale,,,,,,,,,,,3,1,1,2,1
200600071476,0006-11-10 09:30:00,6,11,10,9,30,500,188,RD35,48.827,-1.41,Plein jour,En agglomération,Hors intersection,Normale,Autre collision,,,,,,,,,,,1,2,1,1,6
200600071477,0006-11-28 08:00:00,6,11,28,8,0,500,447,,48.798,-1.515,Crépuscule ou aube,Hors agglomération,Hors intersection,Pluie légère,Deux véhicules - côté,,,,,,,,,,,2,1,1,2,3
200600071478,0006-11-13 08:45:00,6,11,13,8,45,500,407,,,,Plein jour,Hors agglomération,Hors intersection,Normale,Deux véhicules - frontale,,,,,,,,,,,1,1,1,1,1
200600071479,0006-11-16 11:55:00,6,11,16,11,55,500,410,6 rue de Brée,,,Crépuscule ou aube,En agglomération,Passage à niveau,Pluie forte,Autre collision,,,,,,,,,,,2,2,8,3,6
200600071480,0006-11-28 17:15:00,6,11,28,17,15,500,168,10 AVENUE EMILE DEHOUSSE,48.622,-1.288,Nuit avec éclairage allumé,En agglomération,Hors intersection,Pluie légère,Autre collision,,,,,,,,,,,5,2,1,2,6
200600071481,0006-11-11 11:45:00,6,11,11,11,45,500,594,,,,Plein jour,Hors agglomération,Hors intersection,Normale,Deux véhicules - frontale,,,,,,,,,,,1,1,1,1,1
200600071482,0006-11-01 03:00:00,6,11,1,3,0,500,222,,,,Nuit sans éclairage public,Hors agglomération,Autre intersection,Normale,Autre collision,,,,,,,,,,,3,1,9,1,6
200600071483,0006-11-18 21:30:00,6,11,18,21,30,500,79,,,,Nuit avec éclairage non allumé,En agglomération,Hors intersection,Pluie légère,Autre collision,,,,,,,,,,,4,2,1,2,6
200600071484,0006-11-19 12:10:00,6,11,19,12,10,500,285,La Croix aux Aulnays,,,Plein jour,Hors agglomération,Hors intersection,Normale,Deux véhicules - côté,,,,,,,,,,,1,1,1,1,3
200600071485,0006-11-10 20:00:00,6,11,10,20,0,500,426,,,,Nuit sans éclairage public,Hors agglomération,Hors intersection,Normale,Autre collision,,,,,,,,,,,3,1,1,1,6
200600071486,0006-11-16 15:45:00,6,11,16,15,45,500,551,,49.369,-1.547,Plein jour,Hors agglomération,Hors intersection,Normale,Deux véhicules - frontale,,,,,,,,,,,1,1,1,1,1
200600071487,0006-11-01 12:15:00,6,11,1,12,15,500,417,Rue du Rabey - CD 902,,,Plein jour,En agglomération,Hors intersection,Normale,Trois véhicules et plus - collisions multiples,,,,,,,,,,,1,2,1,1,5
200600071488,0006-11-24 19:30:00,6,11,24,19,30,500,209,,49.648,-1.499,Nuit sans éclairage public,Hors agglomération,Intersection en X,Pluie légère,Deux véhicules - côté,,,,,,,,,,,3,1,2,2,3
200600071489,0006-11-08 12:20:00,6,11,8,12,20,500,219,route du gros frene,,,Plein jour,En agglomération,Hors intersection,Normale,Autre collision,,,,,,,,,,,1,2,1,1,6
200600071490,0006-11-24 07:30:00,6,11,24,7,30,500,219,,,,Plein jour,Hors agglomération,Intersection en X,Normale,Deux véhicules - côté,,,,,,,,,,,1,1,2,1,3
200600071491,0006-11-27 17:15:00,6,11,27,17,15,500,464,,49.002,-1.375,Crépuscule ou aube,Hors agglomération,Hors intersection,Normale,Deux véhicules - frontale,,,,,,,,,,,2,1,1,1,1
200600071492,0006-11-28 19:30:00,6,11,28,19,30,500,550,e St Michel de la Pierre,,,Nuit avec éclairage allumé,En agglomération,Place,Normale,Deux véhicules - côté,,,,,,,,,,,5,2,7,1,3
200600071493,0006-11-06 08:15:00,6,11,6,8,15,500,419,RUE CHARLES DE GAULLE,,,Nuit avec éclairage allumé,En agglomération,Hors intersection,Normale,Deux véhicules - côté,,,,,,,,,,,5,2,1,1,3
200600071494,0006-11-12 16:45:00,6,11,12,16,45,500,143,,48.877,-1.527,Plein jour,Hors agglomération,Autre intersection,Normale,Deux véhicules - côté,,,,,,,,,,,1,1,9,1,3
200600071495,0006-11-22 22:30:00,6,11,22,22,30,500,266,Lieu dit la camaraderie,,,Nuit sans éclairage public,Hors agglomération,Hors intersection,Pluie légère,Autre collision,,,,,,,,,,,3,1,1,2,6
200600071496,0006-11-01 08:30:00,6,11,1,8,30,500,510,PK 20+100,,,Plein jour,Hors agglomération,Hors intersection,Normale,Autre collision,,,,,,,,,,,1,1,1,1,6
200600071497,0006-11-29 22:00:00,6,11,29,22,0,500,494,,,,Nuit sans éclairage public,Hors agglomération,Hors intersection,Normale,Autre collision,,,,,,,,,,,3,1,1,1,6
200600071498,0006-11-04 09:00:00,6,11,4,9,0,500,484,rue alsace lorraine,48.58,-1.092,Plein jour,En agglomération,Hors intersection,Temps éblouissant,Deux véhicules - côté,,,,,,,,,,,1,2,1,7,3
200600071499,0006-11-09 16:30:00,6,11,9,16,30,500,484,rue Dauphine,,,Plein jour,En agglomération,Hors intersection,Normale,Autre collision,,,,,,,,,,,1,2,1,1,6
200600071500,0006-11-19 01:15:00,6,11,19,1,15,500,484,rue waldeck rousseau,48.58,-1.093,Nuit avec éclairage allumé,En agglomération,Giratoire,Pluie légère,Autre collision,,,,,,,,,,,5,2,6,2,6
200600071501,0006-11-23 07:50:00,6,11,23,7,50,500,484,ulevard Maréchal Leclerc,,,Nuit avec éclairage allumé,En agglomération,Hors intersection,Pluie légère,Autre collision,,,,,,,,,,,5,2,1,2,6
200600071502,0006-11-29 18:30:00,6,11,29,18,30,500,90,,48.532,-0.976,Nuit sans éclairage public,Hors agglomération,Hors intersection,Temps couvert,Deux véhicules - arrière,,,,,,,,,,,3,1,1,8,2
200600071503,0006-11-11 05:00:00,6,11,11,5,0,610,433,L'épart,,,Nuit sans éclairage public,Hors agglomération,Autre intersection,Pluie légère,Sans collision,,,,,,,,,,,3,1,9,2,7
200600071504,0006-11-14 17:30:00,6,11,14,17,30,610,464,RUE DU GENERAL LECLERC,,,Crépuscule ou aube,En agglomération,Intersection en X,Normale,Deux véhicules - frontale,,,,,,,,,,,2,2,2,1,1
200600071505,0006-11-17 15:30:00,6,11,17,15,30,610,240,lieu dit la roche,,,Plein jour,Hors agglomération,Hors intersection,Normale,Deux véhicules - côté,,,,,,,,,,,1,1,1,1,3
200600071506,0006-11-22 09:45:00,6,11,22,9,45,610,253,,48.676,0.204,Plein jour,Hors agglomération,Hors intersection,Normale,Deux véhicules - côté,,,,,,,,,,,1,1,1,1,3
200600071507,0006-11-05 18:30:00,6,11,5,18,30,610,362,La feronnerie,,,Nuit sans éclairage public,Hors agglomération,Hors intersection,Normale,Trois véhicules et plus - collisions multiples,,,,,,,,,,,3,1,1,1,5
200600071508,0006-11-03 20:00:00,6,11,3,20,0,610,168,Bd Gérard de Contade,,,Nuit avec éclairage allumé,En agglomération,Hors intersection,Normale,Deux véhicules - frontale,,,,,,,,,,,5,2,1,1,1
200600071509,0006-11-09 07:45:00,6,11,9,7,45,610,211,rue de bonvouloir,48.557,-0.505,Crépuscule ou aube,En agglomération,Hors intersection,Brouillard / fumée,Deux véhicules - côté,,,,,,,,,,,2,2,1,5,3
200600071510,0006-11-24 18:40:00,6,11,24,18,40,610,168,au 43 rue Félix Désaunay,,,Nuit avec éclairage allumé,En agglomération,Hors intersection,Pluie légère,Autre collision,,,,,,,,,,,5,2,1,2,6
200600071511,0006-11-01 15:45:00,6,11,1,15,45,610,177,,,,Plein jour,Hors agglomération,Hors intersection,Normale,Autre collision,,,,,,,,,,,1,1,1,1,6
200600071512,0006-11-11 04:00:00,6,11,11,4,0,610,95,,48.715,-0.617,Nuit sans éclairage public,Hors agglomération,Hors intersection,Pluie légère,Sans collision,,,,,,,,,,,3,1,1,2,7
200600071513,0006-11-21 15:50:00,6,11,21,15,50,610,159,Le Saubillon,,,Plein jour,Hors agglomération,Hors intersection,Temps couvert,Sans collision,,,,,,,,,,,1,1,1,8,7
200600071514,0006-11-28 08:20:00,6,11,28,8,20,440,172,28 rue Jean Moulin,,,Crépuscule ou aube,En agglomération,Hors intersection,Pluie forte,Autre collision,,,,,,,,,,,2,2,1,3,6
200600071515,0006-11-30 09:15:00,6,11,30,9,15,440,26,,47.293,-1.464,Plein jour,Hors agglomération,Hors intersection,Temps éblouissant,Deux véhicules - côté,,,,,,,,,,,1,1,1,7,3
200600071516,0006-11-03 19:30:00,6,11,3,19,30,440,43,u Docteur Maurice Boutin,,,Nuit avec éclairage allumé,En agglomération,Hors intersection,Normale,Autre collision,,,,,,,,,,,5,2,1,1,6
200600071517,0006-11-23 16:30:00,6,11,23,16,30,440,223,Lieu dit la sapinerie,,,Plein jour,Hors agglomération,Hors intersection,Temps couvert,Trois véhicules et plus - collisions multiples,,,,,,,,,,,1,1,1,8,5
200600071518,0006-11-19 13:30:00,6,11,19,13,30,440,215,,,,Plein jour,Hors agglomération,Hors intersection,Normale,Autre collision,,,,,,,,,,,1,1,1,1,6
200600071519,0006-11-29 13:45:00,6,11,29,13,45,440,198,rue Georges Clémenceau,47.159,-1.537,Plein jour,En agglomération,Hors intersection,Normale,Autre collision,,,,,,,,,,,1,2,1,1,6
200600071520,0006-11-05 04:00:00,6,11,5,4,0,440,11,La Renetterie,,,Nuit avec éclairage non allumé,En agglomération,Hors intersection,Normale,Autre collision,,,,,,,,,,,4,2,1,1,6
200600071521,0006-11-23 16:45:00,6,11,23,16,45,440,11,,,,Crépuscule ou aube,Hors agglomération,Hors intersection,Pluie forte,Autre collision,,,,,,,,,,,2,1,1,3,6
200600071522,0006-11-15 07:30:00,6,11,15,7,30,440,32,"Lieu dit ""Le Poyet""",,,Crépuscule ou aube,Hors agglomération,Hors intersection,Normale,Deux véhicules - frontale,,,,,,,,,,,2,1,1,1,1
200600071523,0006-11-02 20:00:00,6,11,2,20,0,440,36,,47.713,-1.381,Nuit sans éclairage public,Hors agglomération,Hors intersection,Normale,Deux véhicules - frontale,,,,,,,,,,,3,1,1,1,1
200600071524,0006-11-04 09:45:00,6,11,4,9,45,440,36,,47.722,-1.384,Plein jour,En agglomération,Giratoire,Normale,Deux véhicules - côté,,,,,,,,,,,1,2,6,1,3
200600071525,0006-11-02 11:00:00,6,11,2,11,0,440,54,Rue des chesnaies,,,Plein jour,En agglomération,Hors intersection,Normale,Deux véhicules - frontale,,,,,,,,,,,1,2,1,1,1
200600071526,0006-11-23 16:30:00,6,11,23,16,30,440,85,,,,Plein jour,Hors agglomération,Hors intersection,Temps couvert,Deux véhicules - côté,,,,,,,,,,,1,1,1,8,3
200600071527,0006-11-13 17:45:00,6,11,13,17,45,440,7,,47.617,-1.931,Nuit avec éclairage non allumé,Hors agglomération,Hors intersection,Normale,Autre collision,,,,,,,,,,,4,1,1,1,6
200600071528,0006-11-19 15:45:00,6,11,19,15,45,440,56,,47.367,-1.791,Plein jour,Hors agglomération,Hors intersection,Normale,Sans collision,,,,,,,,,,,1,1,1,1,7
200600071529,0006-11-25 00:15:00,6,11,25,0,15,440,56,Place St Martin,47.42,-1.792,Nuit avec éclairage allumé,En agglomération,Hors intersection,Pluie forte,Autre collision,,,,,,,,,,,5,2,1,3,6
200600071530,0006-11-29 07:15:00,6,11,29,7,15,440,185,Avenue Jean BUREL,47.65,-2.076,Nuit avec éclairage allumé,En agglomération,Hors intersection,Normale,Deux véhicules - côté,,,,,,,,,,,5,2,1,1,3
200600071531,0006-11-05 19:30:00,6,11,5,19,30,440,138,,47.535,-1.59,Nuit sans éclairage public,Hors agglomération,Intersection en X,Normale,Deux véhicules - côté,,,,,,,,,,,3,1,2,1,3
200600071532,0006-11-11 13:00:00,6,11,11,13,0,440,51,,47.683,-1.693,Plein jour,Hors agglomération,Hors intersection,Normale,Sans collision,,,,,,,,,,,1,1,1,1,7
200600071533,0006-11-10 07:45:00,6,11,10,7,45,440,120,rue de la Jouardais,47.204,-1.757,Plein jour,En agglomération,Intersection en X,Normale,Deux véhicules - côté,,,,,,,,,,,1,2,2,1,3
200600071534,0006-11-18 18:30:00,6,11,18,18,30,440,164,"dit Bel Air, CD61, P.K36",,,Nuit sans éclairage public,Hors agglomération,Hors intersection,Pluie forte,Deux véhicules - frontale,,,,,,,,,,,3,1,1,3,1
200600071535,0006-11-22 08:45:00,6,11,22,8,45,440,131,Boulevard De Linz,,,Plein jour,En agglomération,Hors intersection,Pluie forte,Autre collision,,,,,,,,,,,1,2,1,3,6
200600071536,0006-11-04 16:45:00,6,11,4,16,45,440,186,Avenue de la source,,,Plein jour,En agglomération,Hors intersection,Normale,Deux véhicules - frontale,,,,,,,,,,,1,2,1,1,1
200600071537,0006-11-04 11:30:00,6,11,4,11,30,440,74,22 Bis  Rue Quai Bocquie,47.2,-1.668,Plein jour,En agglomération,Hors intersection,Normale,Sans collision,,,,,,,,,,,1,2,1,1,7
200600071538,0006-11-30 10:30:00,6,11,30,10,30,440,47,06 Rue Joséphine  Even,47.218,-1.731,Plein jour,En agglomération,Hors intersection,Normale,Autre collision,,,,,,,,,,,1,2,1,1,6
200600071539,0006-11-10 07:00:00,6,11,10,7,0,440,211,32 RUE DE LA FRATERNITE,,,Crépuscule ou aube,En agglomération,Hors intersection,Normale,Autre collision,,,,,,,,,,,2,2,1,1,6
200600071540,0006-11-15 08:40:00,6,11,15,8,40,440,72,arrefour de Retz - CD 33,,,Plein jour,Hors agglomération,Hors intersection,Temps couvert,Deux véhicules - frontale,,,,,,,,,,,1,1,1,8,1
200600071541,0006-11-21 18:15:00,6,11,21,18,15,440,69,,,,Nuit avec éclairage allumé,En agglomération,Intersection en X,Normale,Autre collision,,,,,,,,,,,5,2,2,1,6
200600071542,0006-11-22 19:00:00,6,11,22,19,0,440,69,"dit ""Le Petit Poissevin""",,,Nuit sans éclairage public,Hors agglomération,Hors intersection,Autre,Trois véhicules et plus - collisions multiples,,,,,,,,,,,3,1,1,9,5
200600071543,0006-11-29 16:45:00,6,11,29,16,45,440,69,Métais et de la route de,,,Plein jour,Hors agglomération,Intersection en Y,Normale,Deux véhicules - côté,,,,,,,,,,,1,1,4,1,3
200600071544,0006-11-19 14:20:00,6,11,19,14,20,440,103,Rue de l'Aunis,,,Plein jour,En agglomération,Hors intersection,Normale,Sans collision,,,,,,,,,,,1,2,1,1,7
200600071545,0006-11-30 17:30:00,6,11,30,17,30,440,210,RN 171 PK 86,,,Nuit avec éclairage allumé,Hors agglomération,Autre intersection,Normale,Deux véhicules - arrière,,,,,,,,,,,5,1,9,1,2
200600071546,0006-11-23 17:10:00,6,11,23,17,10,440,129,Rue du chêne vert,,,Plein jour,En agglomération,Hors intersection,Normale,Deux véhicules - côté,,,,,,,,,,,1,2,1,1,3
200600071547,0006-11-14 19:00:00,6,11,14,19,0,440,45,ction lieu dit La Poirie,,,Nuit sans éclairage public,Hors agglomération,Hors intersection,Pluie légère,Trois véhicules et plus - en chaîne,,,,,,,,,,,3,1,1,2,4
200600071548,0006-11-20 16:45:00,6,11,20,16,45,440,33,,,,Plein jour,Hors agglomération,Hors intersection,Normale,Deux véhicules - frontale,,,,,,,,,,,1,1,1,1,1
200600071549,0006-11-29 14:30:00,6,11,29,14,30,440,137,rue de Besné,,,Plein jour,En agglomération,Hors intersection,Normale,Deux véhicules - frontale,,,,,,,,,,,1,2,1,1,1
200600071550,0006-11-02 10:30:00,6,11,2,10,30,490,278,,47.431,-0.55,Plein jour,Hors agglomération,Hors intersection,Normale,Deux véhicules - côté,,,,,,,,,,,1,1,1,1,3
200600071551,0006-11-22 10:15:00,6,11,22,10,15,490,35,,47.409,-0.622,Plein jour,Hors agglomération,Hors intersection,Normale,Autre collision,,,,,,,,,,,1,1,1,1,6
200600071552,0006-11-29 13:45:00,6,11,29,13,45,490,278,four avec D 112 et D 411,,,Plein jour,Hors agglomération,Hors intersection,Normale,Deux véhicules - côté,,,,,,,,,,,1,1,1,1,3
200600071553,0006-11-29 13:30:00,6,11,29,13,30,490,278,24 chemin du hutreau,,,Plein jour,Hors agglomération,Hors intersection,Normale,Autre collision,,,,,,,,,,,1,1,1,1,6
200600071554,0006-11-20 15:30:00,6,11,20,15,30,490,363,,47.346,-0.465,Plein jour,Hors agglomération,Hors intersection,Pluie légère,Deux véhicules - côté,,,,,,,,,,,1,1,1,2,3
200600071555,0006-11-21 18:30:00,6,11,21,18,30,490,363,,47.356,-0.453,Nuit sans éclairage public,Hors agglomération,Intersection en T,Normale,Deux véhicules - côté,,,,,,,,,,,3,1,3,1,3
200600071556,0006-11-24 18:00:00,6,11,24,18,0,490,327,,47.307,-0.389,Nuit sans éclairage public,Hors agglomération,Hors intersection,Pluie légère,Trois véhicules et plus - collisions multiples,,,,,,,,,,,3,1,1,2,5
200600071557,0006-11-26 01:45:00,6,11,26,1,45,490,50,,47.362,-0.443,Nuit sans éclairage public,Hors agglomération,Hors intersection,Pluie légère,Deux véhicules - arrière,,,,,,,,,,,3,1,1,2,2
200600071558,0006-11-25 18:45:00,6,11,25,18,45,490,377,le marais de la cave,47.55,-0.49,Nuit sans éclairage public,Hors agglomération,Hors intersection,Normale,Autre collision,,,,,,,,,,,3,1,1,1,6
200600071559,0006-11-14 17:45:00,6,11,14,17,45,490,244,,47.339,-0.849,Plein jour,Hors agglomération,Hors intersection,Normale,Deux véhicules - arrière,,,,,,,,,,,1,1,1,1,2
200600071560,0006-11-08 22:00:00,6,11,8,22,0,490,84,,47.543,-0.273,Nuit sans éclairage public,Hors agglomération,Hors intersection,Brouillard / fumée,Autre collision,,,,,,,,,,,3,1,1,5,6
200600071561,0006-11-12 20:30:00,6,11,12,20,30,490,110,ue du moulin de la motte,,,Nuit avec éclairage non allumé,En agglomération,Hors intersection,Normale,Autre collision,,,,,,,,,,,4,2,1,1,6
200600071562,0006-11-17 15:50:00,6,11,17,15,50,490,174,RD 323,,,Plein jour,Hors agglomération,Hors intersection,Normale,Deux véhicules - arrière,,,,,,,,,,,1,1,1,1,2
200600071563,0006-11-07 09:15:00,6,11,7,9,15,490,258,RN249,,,Plein jour,Hors agglomération,Hors intersection,Normale,Deux véhicules - côté,,,,,,,,,,,1,1,1,1,3
200600071564,0006-11-06 19:30:00,6,11,6,19,30,490,195,,,,Nuit sans éclairage public,Hors agglomération,Intersection en T,Normale,Deux véhicules - côté,,,,,,,,,,,3,1,3,1,3
200600071565,0006-11-16 19:00:00,6,11,16,19,0,490,285,RUE DU DOCTEUR RAFFEGEAU,,,Nuit avec éclairage allumé,En agglomération,Hors intersection,Normale,Autre collision,,,,,,,,,,,5,2,1,1,6
200600071566,0006-11-22 14:00:00,6,11,22,14,0,490,145,Rue des Mauges,,,Plein jour,En agglomération,Intersection en X,Pluie légère,Deux véhicules - côté,,,,,,,,,,,1,2,2,2,3
200600071567,0006-11-24 18:00:00,6,11,24,18,0,490,234,"Lieu-dit ""La Vergne""",,,Nuit sans éclairage public,Hors agglomération,Hors intersection,Normale,Deux véhicules - frontale,,,,,,,,,,,3,1,1,1,1
200600071568,0006-11-26 07:45:00,6,11,26,7,45,490,13,"2, route de NOYANT",47.522,0.054,Plein jour,En agglomération,Hors intersection,Normale,Autre collision,,,,,,,,,,,1,2,1,1,6
200600071569,0006-11-12 16:45:00,6,11,12,16,45,490,104,,47.173,-0.364,Plein jour,Hors agglomération,Hors intersection,Normale,Deux véhicules - frontale,,,,,,,,,,,1,1,1,1,1
200600071570,0006-11-16 09:00:00,6,11,16,9,0,490,191,Hameau de Maligné,,,Plein jour,Hors agglomération,Intersection en T,Pluie légère,Deux véhicules - côté,,,,,,,,,,,1,1,3,2,3
200600071571,0006-11-04 10:45:00,6,11,4,10,45,490,149,,47.317,-0.245,Plein jour,Hors agglomération,Hors intersection,Normale,Deux véhicules - côté,,,,,,,,,,,1,1,1,1,3
200600071572,0006-11-11 15:15:00,6,11,11,15,15,490,94,rue Jean Luc RAPADO,47.312,-0.152,Plein jour,En agglomération,Hors intersection,Temps couvert,Sans collision,,,,,,,,,,,1,2,1,8,7
200600071573,0006-11-10 17:45:00,6,11,10,17,45,490,180,,47.379,-0.128,Nuit sans éclairage public,Hors agglomération,Intersection en X,Normale,Trois véhicules et plus - collisions multiples,,,,,,,,,,,3,1,2,1,5
200600071574,0006-11-19 19:00:00,6,11,19,19,0,490,364,,47.134,-0.181,Nuit sans éclairage public,Hors agglomération,Hors intersection,Normale,Trois véhicules et plus - collisions multiples,,,,,,,,,,,3,1,1,1,5
200600071575,0006-11-25 22:45:00,6,11,25,22,45,490,215,159 rue Porte Nouvelle,47.139,-0.149,Nuit avec éclairage non allumé,En agglomération,Hors intersection,Normale,Deux véhicules - côté,,,,,,,,,,,4,2,1,1,3
200600071576,0006-11-01 15:00:00,6,11,1,15,0,490,103,e du Chevallier d'Avoine,,,Plein jour,En agglomération,Hors intersection,Normale,Deux véhicules - arrière,,,,,,,,,,,1,2,1,1,2
200600071577,0006-11-18 21:45:00,6,11,18,21,45,490,187,,,,Nuit sans éclairage public,Hors agglomération,Hors intersection,Normale,Sans collision,,,,,,,,,,,3,1,1,1,7
200600071578,0006-11-19 08:00:00,6,11,19,8,0,490,135,,47.577,-0.62,Nuit sans éclairage public,Hors agglomération,Hors intersection,Normale,Autre collision,,,,,,,,,,,3,1,1,1,6
200600071579,0006-11-28 18:30:00,6,11,28,18,30,490,337,,47.587,-0.444,Nuit sans éclairage public,Hors agglomération,Hors intersection,Normale,Deux véhicules - côté,,,,,,,,,,,3,1,1,1,3
200600071580,0006-11-22 10:30:00,6,11,22,10,30,530,157,"Lieu dit ""le bas chêne""",,,Plein jour,Hors agglomération,Hors intersection,Pluie légère,Deux véhicules - arrière,,,,,,,,,,,1,1,1,2,2
200600071581,0006-11-22 11:30:00,6,11,22,11,30,530,158,""" Le Coudray """,,,Plein jour,Hors agglomération,Hors intersection,Pluie légère,Trois véhicules et plus - collisions multiples,,,,,,,,,,,1,1,1,2,5
200600071582,0006-11-15 20:45:00,6,11,15,20,45,530,7,,48.101,-0.678,Nuit sans éclairage public,Hors agglomération,Hors intersection,Normale,Trois véhicules et plus - collisions multiples,,,,,,,,,,,3,1,1,1,5
200600071583,0006-11-28 14:15:00,6,11,28,14,15,530,141,,48.054,-0.652,Plein jour,Hors agglomération,Hors intersection,Normale,Sans collision,,,,,,,,,,,1,1,1,1,7
200600071584,0006-11-08 18:30:00,6,11,8,18,30,530,97,boulevard maréchal juin,48.157,-0.406,Crépuscule ou aube,En agglomération,Hors intersection,Normale,Deux véhicules - côté,,,,,,,,,,,2,2,1,1,3
200600071585,0006-11-10 22:00:00,6,11,10,22,0,530,62,boulevard  Croix Tete,,,Nuit avec éclairage allumé,En agglomération,Hors intersection,Normale,Deux véhicules - côté,,,,,,,,,,,5,2,1,1,3
200600071586,0006-11-18 15:00:00,6,11,18,15,0,530,62,Bd FOULQUES NERRA,,,Plein jour,En agglomération,Hors intersection,Normale,Sans collision,,,,,,,,,,,1,2,1,1,7
200600071587,0006-11-20 12:00:00,6,11,20,12,0,530,62,och / Rue Alain Gerbault,,,Plein jour,En agglomération,Hors intersection,Pluie légère,Deux véhicules - côté,,,,,,,,,,,1,2,1,2,3
200600071588,0006-11-27 15:00:00,6,11,27,15,0,530,273,PK11+100,,,Plein jour,Hors agglomération,Hors intersection,Normale,Deux véhicules - frontale,,,,,,,,,,,1,1,1,1,1
200600071589,0006-11-02 07:15:00,6,11,2,7,15,530,188,17 rue Daudier,47.799,-1.06,Crépuscule ou aube,En agglomération,Hors intersection,Normale,Autre collision,,,,,,,,,,,2,2,1,1,6
200600071590,0006-11-15 07:15:00,6,11,15,7,15,530,147,Boulevard de l europe,48.305,-0.62,Nuit avec éclairage allumé,En agglomération,Hors intersection,Temps couvert,Autre collision,,,,,,,,,,,5,2,1,8,6
200600071591,0006-11-16 07:45:00,6,11,16,7,45,530,147,,48.31,-0.59,Crépuscule ou aube,Hors agglomération,Hors intersection,Normale,Deux véhicules - frontale,,,,,,,,,,,2,1,1,1,1
200600071592,0006-11-15 19:00:00,6,11,15,19,0,530,147,ROND-POINT DE L'EUROPE,48.3,-0.62,Nuit avec éclairage allumé,En agglomération,Giratoire,Normale,Autre collision,,,,,,,,,,,5,2,6,1,6
200600071593,0006-11-19 12:30:00,6,11,19,12,30,530,195,RN 162 PK52 + 430,48.184,-0.677,Plein jour,Hors agglomération,Hors intersection,Normale,Trois véhicules et plus - collisions multiples,,,,,,,,,,,1,1,1,1,5
200600071594,0006-11-28 08:00:00,6,11,28,8,0,530,96,20 rue de PARIS,,,Crépuscule ou aube,En agglomération,Hors intersection,Pluie légère,Autre collision,,,,,,,,,,,2,2,1,2,6
200600071595,0006-11-19 10:30:00,6,11,19,10,30,530,271,"du Bignon, près du N°16",,,Plein jour,En agglomération,Hors intersection,Temps éblouissant,Autre collision,,,,,,,,,,,1,2,1,7,6
200600071596,0006-11-07 17:40:00,6,11,7,17,40,720,231,La Croix des Guettes,,,Plein jour,Hors agglomération,Hors intersection,Normale,Deux véhicules - frontale,,,,,,,,,,,1,1,1,1,1