accident_id,datetime,annee,mois,jour,heure,minute,departement,commune_insee,adresse,latitude,longitude,luminosite,agglomeration,intersection,meteo,collision,nb_vehicules,nb_usagers,nb_indemnes,nb_tues,nb_blesses_hosp,nb_blesses_legers,age_cond_1,age_cond_2,veh_type_cond_1,veh_type_cond_2,lum_code,agg_code,int_code,atm_code,col_code
200600071597,0006-11-03 16:30:00,6,11,3,16,30,720,303,,,,Plein jour,Hors agglomération,Hors intersection,Normale,Deux véhicules - côté,,,,,,,,,,,1,1,1,1,3
200600071598,0006-11-04 10:55:00,6,11,4,10,55,720,149,la lune de Joué,,,Plein jour,Hors agglomération,Hors intersection,Normale,Deux véhicules - côté,,,,,,,,,,,1,1,1,1,3
200600071599,0006-11-04 16:45:00,6,11,4,16,45,720,381,,47.924,0.09,Plein jour,Hors agglomération,Hors intersection,Normale,Deux véhicules - côté,,,,,,,,,,,1,1,1,1,3
200600071600,0006-11-13 17:45:00,6,11,13,17,45,720,344,Les Liarderies,47.94,0.156,Nuit sans éclairage public,Hors agglomération,Hors intersection,Pluie légère,Deux véhicules - frontale,,,,,,,,,,,3,1,1,2,1
200600071601,0006-11-14 14:15:00,6,11,14,14,15,720,346,49 rue des vergers,,,Plein jour,En agglomération,Hors intersection,Normale,Deux véhicules - côté,,,,,,,,,,,1,2,1,1,3
200600071602,0006-11-01 03:30:00,6,11,1,3,30,720,154,31 avenue de verdun,,,Nuit avec éclairage allumé,En agglomération,Autre intersection,Normale,Autre collision,,,,,,,,,,,5,2,9,1,6
200600071603,0006-11-17 09:00:00,6,11,17,9,0,720,84,"RN 23, PK 89",,,Plein jour,Hors agglomération,Hors intersection,Pluie légère,Deux véhicules - côté,,,,,,,,,,,1,1,1,2,3
200600071604,0006-11-08 18:00:00,6,11,8,18,0,720,248,,,,Nuit sans éclairage public,Hors agglomération,Hors intersection,Normale,Sans collision,,,,,,,,,,,3,1,1,1,7
200600071605,0006-11-29 22:00:00,6,11,29,22,0,720,161,,,,Nuit sans éclairage public,Hors agglomération,Hors intersection,Normale,Autre collision,,,,,,,,,,,3,1,1,1,6
200600071606,0006-11-28 17:15:00,6,11,28,17,15,720,22,,47.769,-0.19,Crépuscule ou aube,Hors agglomération,Hors intersection,Normale,Deux véhicules - frontale,,,,,,,,,,,2,1,1,1,1
200600071607,0006-11-12 06:15:00,6,11,12,6,15,720,135,,,,Nuit sans éclairage public,Hors agglomération,Hors intersection,Normale,Deux véhicules - frontale,,,,,,,,,,,3,1,1,1,1
200600071608,0006-11-12 05:00:00,6,11,12,5,0,720,135,,,,Nuit sans éclairage public,Hors agglomération,Hors intersection,Normale,Autre collision,,,,,,,,,,,3,1,1,1,6
200600071609,0006-11-16 17:30:00,6,11,16,17,30,720,176,boulevard FISSON,,,Nuit avec éclairage allumé,En agglomération,Hors intersection,Pluie forte,Autre collision,,,,,,,,,,,5,2,1,3,6
200600071610,0006-11-09 08:00:00,6,11,9,8,0,720,264,Rue St Nicolas,47.842,-0.326,Plein jour,En agglomération,Hors intersection,Normale,Deux véhicules - frontale,,,,,,,,,,,1,2,1,1,1
200600071611,0006-11-30 13:00:00,6,11,30,13,0,720,232,,,,Plein jour,Hors agglomération,Hors intersection,Normale,Deux véhicules - frontale,,,,,,,,,,,1,1,1,1,1
200600071612,0006-11-02 18:45:00,6,11,2,18,45,720,104,,48.286,0.28,Nuit sans éclairage public,Hors agglomération,Hors intersection,Normale,Trois véhicules et plus - collisions multiples,,,,,,,,,,,3,1,1,1,5
200600071613,0006-11-29 04:30:00,6,11,29,4,30,720,316,,48.314,0.4,Nuit avec éclairage allumé,En agglomération,Hors intersection,Normale,Deux véhicules - côté,,,,,,,,,,,5,2,1,1,3
200600071614,0006-11-11 17:30:00,6,11,11,17,30,720,132,rue Pierre de Coubertin,,,Plein jour,En agglomération,Hors intersection,Normale,Deux véhicules - frontale,,,,,,,,,,,1,2,1,1,1
200600071615,0006-11-18 23:15:00,6,11,18,23,15,720,122,,48.069,0.514,Nuit sans éclairage public,Hors agglomération,Hors intersection,Pluie forte,Trois véhicules et plus - collisions multiples,,,,,,,,,,,3,1,1,3,5
200600071616,0006-11-02 16:45:00,6,11,2,16,45,720,266,,48.28,0.012,Plein jour,Hors agglomération,Hors intersection,Normale,Deux véhicules - arrière,,,,,,,,,,,1,1,1,1,2
200600071617,0006-11-15 02:30:00,6,11,15,2,30,850,74,1 rue des Boiveries,,,Nuit sans éclairage public,En agglomération,Hors intersection,Normale,Autre collision,,,,,,,,,,,3,2,1,1,6
200600071618,0006-11-09 18:45:00,6,11,9,18,45,850,89,,,,Nuit sans éclairage public,Hors agglomération,Hors intersection,Normale,Deux véhicules - côté,,,,,,,,,,,3,1,1,1,3
200600071619,0006-11-12 19:45:00,6,11,12,19,45,850,202,,,,Nuit sans éclairage public,Hors agglomération,Hors intersection,Normale,Autre collision,,,,,,,,,,,3,1,1,1,6
200600071620,0006-11-24 21:45:00,6,11,24,21,45,850,84,Rue St Michel,,,Nuit sans éclairage public,En agglomération,Hors intersection,Pluie légère,Trois véhicules et plus - collisions multiples,,,,,,,,,,,3,2,1,2,5
200600071621,0006-11-02 11:15:00,6,11,2,11,15,850,224,,47.021,-1.326,Plein jour,Hors agglomération,Hors intersection,Normale,Sans collision,,,,,,,,,,,1,1,1,1,7
200600071622,0006-11-19 08:05:00,6,11,19,8,5,850,262,Le point du jour,,,Plein jour,Hors agglomération,Hors intersection,Normale,Autre collision,,,,,,,,,,,1,1,1,1,6
200600071623,0006-11-19 23:00:00,6,11,19,23,0,850,197,Landoussière,,,Nuit sans éclairage public,Hors agglomération,Hors intersection,Pluie légère,Sans collision,,,,,,,,,,,3,1,1,2,7
200600071624,0006-11-03 17:00:00,6,11,3,17,0,850,97,axe CD755 et rue Versenn,,,Plein jour,En agglomération,Hors intersection,Normale,Deux véhicules - côté,,,,,,,,,,,1,2,1,1,3
200600071625,0006-11-17 13:55:00,6,11,17,13,55,850,238,ire de la Rochejacquelin,,,Plein jour,En agglomération,Giratoire,Normale,Deux véhicules - côté,,,,,,,,,,,1,2,6,1,3
200600071626,0006-11-19 01:15:00,6,11,19,1,15,850,151,Route de Poitiers,,,Nuit sans éclairage public,En agglomération,Hors intersection,Pluie forte,Autre collision,,,,,,,,,,,3,2,1,3,6
200600071627,0006-11-17 20:15:00,6,11,17,20,15,850,19,TE DES LUCS SUR BOULOGNE,,,Nuit sans éclairage public,Hors agglomération,Hors intersection,Pluie forte,Autre collision,,,,,,,,,,,3,1,1,3,6
200600071628,0006-11-23 07:45:00,6,11,23,7,45,850,19,,46.786,-1.434,Nuit sans éclairage public,Hors agglomération,Hors intersection,Pluie légère,Deux véhicules - côté,,,,,,,,,,,3,1,1,2,3
200600071629,0006-11-30 20:10:00,6,11,30,20,10,850,300,CD 948,,,Nuit sans éclairage public,Hors agglomération,Hors intersection,Normale,Trois véhicules et plus - en chaîne,,,,,,,,,,,3,1,1,1,4
200600071630,0006-11-03 21:00:00,6,11,3,21,0,850,44,,,,Nuit sans éclairage public,Hors agglomération,Hors intersection,Normale,Deux véhicules - côté,,,,,,,,,,,3,1,1,1,3
200600071631,0006-11-07 15:30:00,6,11,7,15,30,850,128,BD DE L OCEAN,46.461,-1.166,Plein jour,En agglomération,Intersection en X,Normale,Trois véhicules et plus - collisions multiples,,,,,,,,,,,1,2,2,1,5
200600071632,0006-11-22 14:30:00,6,11,22,14,30,850,128,ZI LES ROCHES,46.465,-1.141,Plein jour,En agglomération,Hors intersection,Pluie légère,Deux véhicules - frontale,,,,,,,,,,,1,2,1,2,1
200600071633,0006-11-21 07:30:00,6,11,21,7,30,850,244,Lieu dit Puy-Sec,,,Crépuscule ou aube,Hors agglomération,Hors intersection,Pluie légère,Sans collision,,,,,,,,,,,2,1,1,2,7
200600071634,0006-11-02 10:30:00,6,11,2,10,30,850,260,,46.811,-1.636,Plein jour,Hors agglomération,Hors intersection,Normale,Deux véhicules - frontale,,,,,,,,,,,1,1,1,1,1
200600071635,0006-11-12 14:15:00,6,11,12,14,15,850,250,,46.554,-1.728,Plein jour,Hors agglomération,Hors intersection,Normale,Deux véhicules - arrière,,,,,,,,,,,1,1,1,1,2
200600071636,0006-11-05 11:30:00,6,11,5,11,30,850,226,Bd Georges Clémenceau,,,Plein jour,En agglomération,Hors intersection,Normale,Deux véhicules - côté,,,,,,,,,,,1,2,1,1,3
200600071637,0006-11-18 10:00:00,6,11,18,10,0,850,284,Rue des Jolivettes,,,Plein jour,En agglomération,Hors intersection,Normale,Deux véhicules - frontale,,,,,,,,,,,1,2,1,1,1
200600071638,0006-11-23 16:45:00,6,11,23,16,45,850,29,,,,Plein jour,Hors agglomération,Autre intersection,Temps couvert,Autre collision,,,,,,,,,,,1,1,9,8,6
200600071639,0006-11-25 20:45:00,6,11,25,20,45,850,284,,46.81,-1.88,Nuit sans éclairage public,Hors agglomération,Intersection en X,Normale,Deux véhicules - côté,,,,,,,,,,,3,1,2,1,3
200600071640,0006-11-10 22:30:00,6,11,10,22,30,850,77,32 rue du bourg canteau,,,Nuit avec éclairage allumé,En agglomération,Hors intersection,Normale,Autre collision,,,,,,,,,,,5,2,1,1,6
200600071641,0006-11-16 18:30:00,6,11,16,18,30,850,206,rue Benjamin Fillon,,,Nuit avec éclairage allumé,En agglomération,Hors intersection,Pluie légère,Autre collision,,,,,,,,,,,5,2,1,2,6
200600071642,0006-11-05 17:00:00,6,11,5,17,0,330,260,,44.457,-0.949,Plein jour,Hors agglomération,Intersection en X,Normale,Deux véhicules - côté,,,,,,,,,,,1,1,2,1,3
200600071643,0006-11-10 18:15:00,6,11,10,18,15,330,498,,44.535,-0.876,Crépuscule ou aube,Hors agglomération,Hors intersection,Pluie légère,Deux véhicules - frontale,,,,,,,,,,,2,1,1,2,1
200600071644,0006-11-29 14:30:00,6,11,29,14,30,330,436,,44.531,-0.659,Plein jour,En agglomération,Hors intersection,Normale,Sans collision,,,,,,,,,,,1,2,1,1,7
200600071645,0006-11-03 13:17:00,6,11,3,13,17,330,284,CAUDOS,,,Plein jour,Hors agglomération,Hors intersection,Normale,Deux véhicules - frontale,,,,,,,,,,,1,1,1,1,1
200600071646,0006-11-17 07:50:00,6,11,17,7,50,330,162,golf - avenue du Taillan,,,Crépuscule ou aube,En agglomération,Hors intersection,Pluie légère,Deux véhicules - frontale,,,,,,,,,,,2,2,1,2,1
200600071647,0006-11-18 18:05:00,6,11,18,18,5,330,162,avenue de l'hippodrome,,,Crépuscule ou aube,En agglomération,Hors intersection,Normale,Deux véhicules - côté,,,,,,,,,,,2,2,1,1,3
200600071648,0006-11-24 09:20:00,6,11,24,9,20,330,273,ue De Lattre de Tassigny,,,Plein jour,En agglomération,Hors intersection,Pluie légère,Autre collision,,,,,,,,,,,1,2,1,2,6
200600071649,0006-11-30 13:45:00,6,11,30,13,45,330,422,,,,Plein jour,Hors agglomération,Intersection en X,Normale,Deux véhicules - côté,,,,,,,,,,,1,1,2,1,3
200600071650,0006-11-03 17:45:00,6,11,3,17,45,330,449,166 avenue MONTAIGNE,,,Plein jour,En agglomération,Hors intersection,Normale,Deux véhicules - côté,,,,,,,,,,,1,2,1,1,3
200600071651,0006-11-19 18:15:00,6,11,19,18,15,330,449,,,,Nuit sans éclairage public,Hors agglomération,Hors intersection,Temps couvert,Autre collision,,,,,,,,,,,3,1,1,8,6
200600071652,0006-11-20 17:50:00,6,11,20,17,50,330,449,80 avenue montaigne,,,Nuit avec éclairage allumé,En agglomération,Hors intersection,Pluie légère,Autre collision,,,,,,,,,,,5,2,1,2,6
200600071653,0006-11-27 19:20:00,6,11,27,19,20,330,200,avenue de Capeyron,,,Nuit sans éclairage public,Hors agglomération,Hors intersection,Normale,Deux véhicules - frontale,,,,,,,,,,,3,1,1,1,1
200600071654,0006-11-06 18:45:00,6,11,6,18,45,330,58,Rue de l'hôpital,45.138,-0.659,Crépuscule ou aube,En agglomération,Hors intersection,Normale,Deux véhicules - côté,,,,,,,,,,,2,2,1,1,3
200600071655,0006-11-10 23:15:00,6,11,10,23,15,330,388,,,,Nuit sans éclairage public,Hors agglomération,Hors intersection,Normale,Deux véhicules - arrière,,,,,,,,,,,3,1,1,1,2
200600071656,0006-11-13 21:45:00,6,11,13,21,45,330,159,,45.222,-0.584,Nuit avec éclairage allumé,Hors agglomération,Hors intersection,Normale,Autre collision,,,,,,,,,,,5,1,1,1,6
200600071657,0006-11-15 05:15:00,6,11,15,5,15,330,114,,45.09,-0.38,Nuit sans éclairage public,Hors agglomération,Hors intersection,Normale,Deux véhicules - frontale,,,,,,,,,,,3,1,1,1,1
200600071658,0006-11-16 18:00:00,6,11,16,18,0,330,3,Rue Alfred de Musset,44.92,-0.48,Nuit avec éclairage allumé,En agglomération,Hors intersection,Pluie forte,Deux véhicules - côté,,,,,,,,,,,5,2,1,3,3
200600071659,0006-11-12 18:30:00,6,11,12,18,30,330,49,03  route de Cameyrac,,,Nuit sans éclairage public,En agglomération,Hors intersection,Normale,Autre collision,,,,,,,,,,,3,2,1,1,6
200600071660,0006-11-17 14:15:00,6,11,17,14,15,330,554,des Tabernottes (CD 115),,,Plein jour,Hors agglomération,Intersection en T,Normale,Deux véhicules - côté,,,,,,,,,,,1,1,3,1,3
200600071661,0006-11-07 23:15:00,6,11,7,23,15,330,61,CD 13 E4,44.829,-0.412,Nuit sans éclairage public,En agglomération,Hors intersection,Normale,Autre collision,,,,,,,,,,,3,2,1,1,6
200600071662,0006-11-09 17:45:00,6,11,9,17,45,330,165,,44.828,-0.443,Plein jour,En agglomération,Hors intersection,Normale,Deux véhicules - côté,,,,,,,,,,,1,2,1,1,3
200600071663,0006-11-15 15:00:00,6,11,15,15,0,330,165,RD 936,,,Plein jour,Hors agglomération,Hors intersection,Normale,Autre collision,,,,,,,,,,,1,1,1,1,6
200600071664,0006-11-16 17:15:00,6,11,16,17,15,330,501,,,,Plein jour,Hors agglomération,Hors intersection,Pluie forte,Autre collision,,,,,,,,,,,1,1,1,3,6
200600071665,0006-11-06 14:00:00,6,11,6,14,0,330,337,RN 113,,,Plein jour,Hors agglomération,Hors intersection,Normale,Deux véhicules - arrière,,,,,,,,,,,1,1,1,1,2
200600071666,0006-11-10 09:15:00,6,11,10,9,15,330,425,,45.05,-0.467,Plein jour,Hors agglomération,Hors intersection,Temps éblouissant,Deux véhicules - côté,,,,,,,,,,,1,1,1,7,3
200600071667,0006-11-23 08:00:00,6,11,23,8,0,330,533,,44.574,-0.284,Crépuscule ou aube,Hors agglomération,Hors intersection,Temps couvert,Deux véhicules - frontale,,,,,,,,,,,2,1,1,8,1
200600071668,0006-11-04 16:00:00,6,11,4,16,0,330,2,,44.481,-0.067,Plein jour,Hors agglomération,Hors intersection,Normale,Deux véhicules - frontale,,,,,,,,,,,1,1,1,1,1
200600071669,0006-11-13 10:00:00,6,11,13,10,0,330,170,D9,,,Plein jour,Hors agglomération,Hors intersection,Normale,Deux véhicules - côté,,,,,,,,,,,1,1,1,1,3
200600071670,0006-11-05 14:10:00,6,11,5,14,10,330,251,Route des graves,,,Plein jour,Hors agglomération,Hors intersection,Normale,Deux véhicules - côté,,,,,,,,,,,1,1,1,1,3
200600071671,0006-11-15 07:45:00,6,11,15,7,45,330,240,Route Départementale CD3,,,Plein jour,En agglomération,Hors intersection,Normale,Deux véhicules - côté,,,,,,,,,,,1,2,1,1,3
200600071672,0006-11-06 15:15:00,6,11,6,15,15,330,268,Rue matha,,,Plein jour,En agglomération,Autre intersection,Normale,Deux véhicules - frontale,,,,,,,,,,,1,2,9,1,1
200600071673,0006-11-02 09:30:00,6,11,2,9,30,330,514,,45.51,-1.093,Plein jour,Hors agglomération,Intersection en X,Normale,Deux véhicules - côté,,,,,,,,,,,1,1,2,1,3
200600071674,0006-11-08 09:15:00,6,11,8,9,15,330,521,,45.486,-1.091,Plein jour,Hors agglomération,Hors intersection,Normale,Deux véhicules - arrière,,,,,,,,,,,1,1,1,1,2
200600071675,0006-11-27 09:45:00,6,11,27,9,45,330,348,Carrefour de la Hontane,45.372,-0.991,Plein jour,Hors agglomération,Hors intersection,Normale,Trois véhicules et plus - collisions multiples,,,,,,,,,,,1,1,1,1,5
200600071676,0006-11-21 16:45:00,6,11,21,16,45,330,71,le bourg,44.817,-0.14,Nuit avec éclairage allumé,En agglomération,Hors intersection,Pluie légère,Deux véhicules - arrière,,,,,,,,,,,5,2,1,2,2
200600071677,0006-11-29 18:30:00,6,11,29,18,30,330,394,rue du 8 mai 1945,,,Nuit avec éclairage allumé,En agglomération,Hors intersection,Pluie légère,Deux véhicules - côté,,,,,,,,,,,5,2,1,2,3
200600071678,0006-11-12 10:00:00,6,11,12,10,0,330,198,D10  PK 17.500,,,Plein jour,Hors agglomération,Hors intersection,Normale,Autre collision,,,,,,,,,,,1,1,1,1,6
200600071679,0006-11-18 10:45:00,6,11,18,10,45,330,290,,44.932,-0.162,Plein jour,Hors agglomération,Hors intersection,Normale,Deux véhicules - côté,,,,,,,,,,,1,1,1,1,3
200600071680,0006-11-14 07:40:00,6,11,14,7,40,330,365,Lieu dit Meney,,,Crépuscule ou aube,Hors agglomération,Hors intersection,Normale,Deux véhicules - côté,,,,,,,,,,,2,1,1,1,3
200600071681,0006-11-08 17:30:00,6,11,8,17,30,240,98,,,,Plein jour,Hors agglomération,Hors intersection,Normale,Autre collision,,,,,,,,,,,1,1,1,1,6
200600071682,0006-11-12 05:15:00,6,11,12,5,15,240,115,,,,Nuit sans éclairage public,Hors agglomération,Hors intersection,Normale,Autre collision,,,,,,,,,,,3,1,1,1,6
200600071683,0006-11-13 17:15:00,6,11,13,17,15,240,372,,45.153,0.548,Crépuscule ou aube,Hors agglomération,Hors intersection,Normale,Deux véhicules - côté,,,,,,,,,,,2,1,1,1,3
200600071684,0006-11-08 15:30:00,6,11,8,15,30,240,4,LE BOURG,45.161,1.017,Plein jour,En agglomération,Hors intersection,Normale,Deux véhicules - côté,,,,,,,,,,,1,2,1,1,3
200600071685,0006-11-30 14:00:00,6,11,30,14,0,240,11,,45.221,0.834,Plein jour,Hors agglomération,Hors intersection,Normale,Trois véhicules et plus - en chaîne,,,,,,,,,,,1,1,1,1,4
200600071686,0006-11-06 08:30:00,6,11,6,8,30,240,225,,,,Plein jour,Hors agglomération,Hors intersection,Normale,Deux véhicules - côté,,,,,,,,,,,1,1,1,1,3
200600071687,0006-11-22 18:30:00,6,11,22,18,30,240,340,7 rue salvador allende,,,Nuit sans éclairage public,En agglomération,Hors intersection,Pluie légère,Deux véhicules - frontale,,,,,,,,,,,3,2,1,2,1
200600071688,0006-11-29 10:15:00,6,11,29,10,15,240,225,,,,Plein jour,Hors agglomération,Hors intersection,Brouillard / fumée,Trois véhicules et plus - collisions multiples,,,,,,,,,,,1,1,1,5,5
200600071689,0006-11-11 00:15:00,6,11,11,0,15,240,902,,,,Nuit sans éclairage public,Hors agglomération,Hors intersection,Normale,Autre collision,,,,,,,,,,,3,1,1,1,6
200600071690,0006-11-21 20:30:00,6,11,21,20,30,240,126,,,,Nuit sans éclairage public,Hors agglomération,Hors intersection,Pluie légère,Autre collision,,,,,,,,,,,3,1,1,2,6
200600071691,0006-11-23 10:30:00,6,11,23,10,30,240,335,Pont Michel Montaigne,44.846,0.211,Plein jour,En agglomération,Intersection en X,Normale,Autre collision,,,,,,,,,,,1,2,2,1,6
200600071692,0006-11-15 10:30:00,6,11,15,10,30,240,573,Le bourg,45.354,0.368,Plein jour,En agglomération,Hors intersection,Normale,Autre collision,,,,,,,,,,,1,2,1,1,6
200600071693,0006-11-25 19:00:00,6,11,25,19,0,240,352,Boulevard MITTERAND,45.258,0.338,Nuit avec éclairage allumé,En agglomération,Hors intersection,Pluie légère,Autre collision,,,,,,,,,,,5,2,1,2,6
200600071694,0006-11-27 19:00:00,6,11,27,19,0,240,159,,45.145,0.23,Nuit sans éclairage public,Hors agglomération,Hors intersection,Temps couvert,Autre collision,,,,,,,,,,,3,1,1,8,6
200600071695,0006-11-09 07:15:00,6,11,9,7,15,240,366,Lieu-dit PEYRELANCE,44.894,1.154,Nuit sans éclairage public,Hors agglomération,Hors intersection,Normale,Autre collision,,,,,,,,,,,3,1,1,1,6
200600071696,0006-11-05 17:00:00,6,11,5,17,0,240,404,,,,Plein jour,Hors agglomération,Intersection en T,Normale,Deux véhicules - côté,,,,,,,,,,,1,1,3,1,3
200600071697,0006-11-16 09:30:00,6,11,16,9,30,240,229,Avenue Georges Haupinot,,,Plein jour,En agglomération,Hors intersection,Normale,Deux véhicules - côté,,,,,,,,,,,1,2,1,1,3
200600071698,0006-11-17 11:30:00,6,11,17,11,30,240,229,"RD6089, avenue de BRIVE",45.134,1.226,Plein jour,En agglomération,Hors intersection,Normale,Autre collision,,,,,,,,,,,1,2,1,1,6
200600071699,0006-11-29 09:45:00,6,11,29,9,45,400,280,,43.879,-0.597,Plein jour,Hors agglomération,Hors intersection,Normale,Autre collision,,,,,,,,,,,1,1,1,1,6
200600071700,0006-11-22 23:50:00,6,11,22,23,50,400,56,"cd 153, le bourg",,,Nuit avec éclairage allumé,En agglomération,Hors intersection,Pluie légère,Sans collision,,,,,,,,,,,5,2,1,2,7
200600071701,0006-11-02 10:30:00,6,11,2,10,30,400,230,AVENUE DU MARENSIN,,,Plein jour,En agglomération,Intersection en T,Normale,Trois véhicules et plus - collisions multiples,,,,,,,,,,,1,2,3,1,5
200600071702,0006-11-03 16:45:00,6,11,3,16,45,400,277,,43.671,-1.038,Plein jour,Hors agglomération,Hors intersection,Normale,Autre collision,,,,,,,,,,,1,1,1,1,6
200600071703,0006-11-16 19:00:00,6,11,16,19,0,400,34,TTTTTT,43.595,-1.145,Nuit sans éclairage public,Hors agglomération,Intersection en X,Pluie légère,Deux véhicules - côté,,,,,,,,,,,3,1,2,2,3
200600071704,0006-11-23 08:15:00,6,11,23,8,15,400,65,point Place de la gare,,,Plein jour,En agglomération,Giratoire,Normale,Deux véhicules - côté,,,,,,,,,,,1,2,6,1,3
200600071705,0006-11-18 16:40:00,6,11,18,16,40,400,312,Rue Lénine,,,Plein jour,En agglomération,Hors intersection,Normale,Deux véhicules - côté,,,,,,,,,,,1,2,1,1,3
200600071706,0006-11-25 00:05:00,6,11,25,0,5,400,312,chemin de saubis,,,Nuit avec éclairage allumé,En agglomération,Hors intersection,Normale,Autre collision,,,,,,,,,,,5,2,1,1,6
200600071707,0006-11-11 20:45:00,6,11,11,20,45,400,217,,,,Nuit sans éclairage public,Hors agglomération,Hors intersection,Pluie légère,Autre collision,,,,,,,,,,,3,1,1,2,6
200600071708,0006-11-18 09:30:00,6,11,18,9,30,400,287,,,,Plein jour,Hors agglomération,Hors intersection,Pluie forte,Deux véhicules - frontale,,,,,,,,,,,1,1,1,3,1
200600071709,0006-11-12 11:45:00,6,11,12,11,45,400,9,lieu dit PILH,,,Plein jour,Hors agglomération,Hors intersection,Temps couvert,Sans collision,,,,,,,,,,,1,1,1,8,7
200600071710,0006-11-06 17:15:00,6,11,6,17,15,400,184,Avenue de BAYONE,,,Plein jour,En agglomération,Giratoire,Normale,Deux véhicules - côté,,,,,,,,,,,1,2,6,1,3
200600071711,0006-11-10 16:45:00,6,11,10,16,45,400,119,,43.684,-0.589,Plein jour,Hors agglomération,Hors intersection,Normale,Autre collision,,,,,,,,,,,1,1,1,1,6
200600071712,0006-11-20 07:30:00,6,11,20,7,30,400,49,,,,Crépuscule ou aube,Hors agglomération,Hors intersection,Brouillard / fumée,Deux véhicules - frontale,,,,,,,,,,,2,1,1,5,1
200600071713,0006-11-23 00:30:00,6,11,23,0,30,470,15,,,,Nuit sans éclairage public,Hors agglomération,Hors intersection,Normale,Sans collision,,,,,,,,,,,3,1,1,1,7
200600071714,0006-11-28 08:00:00,6,11,28,8,0,470,145,,44.133,0.65,Plein jour,Hors agglomération,Hors intersection,Temps couvert,Deux véhicules - frontale,,,,,,,,,,,1,1,1,8,1
200600071715,0006-11-04 16:00:00,6,11,4,16,0,470,288,lieu dit Lasbaradetes,,,Plein jour,Hors agglomération,Hors intersection,Normale,Deux véhicules - frontale,,,,,,,,,,,1,1,1,1,1
200600071716,0006-11-07 06:50:00,6,11,7,6,50,470,217,,,,Nuit sans éclairage public,En agglomération,Hors intersection,Normale,Deux véhicules - frontale,,,,,,,,,,,3,2,1,1,1
200600071717,0006-11-13 16:00:00,6,11,13,16,0,470,157,rue ARAGO,,,Plein jour,En agglomération,Hors intersection,Normale,Deux véhicules - côté,,,,,,,,,,,1,2,1,1,3
200600071718,0006-11-22 19:15:00,6,11,22,19,15,470,157,Avenue Christian Baylac,44.505,0.166,Nuit avec éclairage allumé,En agglomération,Hors intersection,Pluie légère,Autre collision,,,,,,,,,,,5,2,1,2,6
200600071719,0006-11-25 12:15:00,6,11,25,12,15,470,157,Bd docteur Fourcad - Ave,44.506,0.169,Plein jour,En agglomération,Intersection en X,Normale,Deux véhicules - côté,,,,,,,,,,,1,2,2,1,3
200600071720,0006-11-18 19:00:00,6,11,18,19,0,470,204,,,,Nuit sans éclairage public,Hors agglomération,Hors intersection,Normale,Trois véhicules et plus - collisions multiples,,,,,,,,,,,3,1,1,1,5
200600071721,0006-11-23 07:50:00,6,11,23,7,50,470,86,"""Botte""",44.668,0.208,Nuit sans éclairage public,Hors agglomération,Hors intersection,Pluie légère,Deux véhicules - frontale,,,,,,,,,,,3,1,1,2,1
200600071722,0006-11-30 13:30:00,6,11,30,13,30,470,271,Lieudit Banarge,44.67,0.188,Plein jour,Hors agglomération,Hors intersection,Temps couvert,Autre collision,,,,,,,,,,,1,1,1,8,6
200600071723,0006-11-11 09:30:00,6,11,11,9,30,470,108,,,,Plein jour,Hors agglomération,Hors intersection,Pluie légère,Sans collision,,,,,,,,,,,1,1,1,2,7
200600071724,0006-11-14 08:30:00,6,11,14,8,30,470,257,,,,Crépuscule ou aube,Hors agglomération,Hors intersection,Temps éblouissant,Deux véhicules - frontale,,,,,,,,,,,2,1,1,7,1
200600071725,0006-11-20 20:50:00,6,11,20,20,50,470,95,"lieu dit ""Villote""",,,Nuit sans éclairage public,Hors agglomération,Hors intersection,Autre,Deux véhicules - frontale,,,,,,,,,,,3,1,1,9,1
200600071726,0006-11-21 13:15:00,6,11,21,13,15,470,310,rue Flandres Dunkerque,,,Plein jour,En agglomération,Hors intersection,Normale,Trois véhicules et plus - collisions multiples,,,,,,,,,,,1,2,1,1,5
200600071727,0006-11-29 11:45:00,6,11,29,11,45,470,78,,,,Plein jour,Hors agglomération,Hors intersection,Normale,Deux véhicules - côté,,,,,,,,,,,1,1,1,1,3
200600071728,0006-11-02 09:00:00,6,11,2,9,0,470,23,Les courteaux hauts,44.53,0.66,Plein jour,Hors agglomération,Hors intersection,Normale,Autre collision,,,,,,,,,,,1,1,1,1,6