accident_id,datetime,annee,mois,jour,heure,minute,departement,commune_insee,adresse,latitude,longitude,luminosite,agglomeration,intersection,meteo,collision,nb_vehicules,nb_usagers,nb_indemnes,nb_tues,nb_blesses_hosp,nb_blesses_legers,age_cond_1,age_cond_2,veh_type_cond_1,veh_type_cond_2,lum_code,agg_code,int_code,atm_code,col_code
200600071729,0006-11-09 11:45:00,6,11,9,11,45,470,48,"1 lieu-dit ""Jean lagnel""",,,Plein jour,Hors agglomération,Hors intersection,Normale,Trois véhicules et plus - collisions multiples,,,,,,,,,,,1,1,1,1,5
200600071730,0006-11-18 12:30:00,6,11,18,12,30,470,11,,,,Plein jour,Hors agglomération,Hors intersection,Pluie légère,Sans collision,,,,,,,,,,,1,1,1,2,7
200600071731,0006-11-19 09:30:00,6,11,19,9,30,470,179,Place du Marché,,,Plein jour,En agglomération,Hors intersection,Pluie légère,Deux véhicules - côté,,,,,,,,,,,1,2,1,2,3
200600071732,0006-11-19 19:30:00,6,11,19,19,30,470,106,rue léon jouhaux,,,Nuit avec éclairage allumé,En agglomération,Autre intersection,Pluie légère,Deux véhicules - côté,,,,,,,,,,,5,2,9,2,3
200600071733,0006-11-21 15:15:00,6,11,21,15,15,470,70,passage à niveau n°358,,,Plein jour,En agglomération,Intersection en X,Pluie légère,Deux véhicules - côté,,,,,,,,,,,1,2,2,2,3
200600071734,0006-11-22 02:15:00,6,11,22,2,15,470,106,01 AVENUE DE L USINE,,,Nuit avec éclairage allumé,En agglomération,Hors intersection,Normale,Autre collision,,,,,,,,,,,5,2,1,1,6
200600071735,0006-11-23 17:30:00,6,11,23,17,30,470,283,,,,Crépuscule ou aube,Hors agglomération,Hors intersection,Normale,Deux véhicules - frontale,,,,,,,,,,,2,1,1,1,1
200600071736,0006-11-23 18:45:00,6,11,23,18,45,470,283,,,,Nuit sans éclairage public,Hors agglomération,Hors intersection,Temps couvert,Deux véhicules - côté,,,,,,,,,,,3,1,1,8,3
200600071737,0006-11-01 18:45:00,6,11,1,18,45,470,173,,,,Plein jour,Hors agglomération,Hors intersection,Normale,Sans collision,,,,,,,,,,,1,1,1,1,7
200600071738,0006-11-12 15:45:00,6,11,12,15,45,470,309,Rue Principale,,,Plein jour,En agglomération,Hors intersection,Normale,Deux véhicules - côté,,,,,,,,,,,1,2,1,1,3
200600071739,0006-11-22 18:30:00,6,11,22,18,30,470,6,Blanchou,,,Nuit sans éclairage public,Hors agglomération,Hors intersection,Pluie forte,Deux véhicules - côté,,,,,,,,,,,3,1,1,3,3
200600071740,0006-11-16 20:15:00,6,11,16,20,15,640,405,PLACE STE FOY,,,Nuit avec éclairage allumé,En agglomération,Hors intersection,Pluie forte,Deux véhicules - frontale,,,,,,,,,,,5,2,1,3,1
200600071741,0006-11-03 20:15:00,6,11,3,20,15,640,138,Ader et Avenue Gascogne,43.255,-0.297,Nuit avec éclairage allumé,Hors agglomération,Hors intersection,Normale,Deux véhicules - côté,,,,,,,,,,,5,1,1,1,3
200600071742,0006-11-23 06:00:00,6,11,23,6,0,640,407,,43.487,-1.443,Nuit avec éclairage allumé,Hors agglomération,Hors intersection,Pluie légère,Deux véhicules - frontale,,,,,,,,,,,5,1,1,2,1
200600071743,0006-11-10 15:45:00,6,11,10,15,45,640,485,CD 933,,,Plein jour,En agglomération,Hors intersection,Temps éblouissant,Autre collision,,,,,,,,,,,1,2,1,7,6
200600071744,0006-11-12 06:30:00,6,11,12,6,30,640,522,CD.934 ROUTE DE LARUNS,,,Nuit sans éclairage public,En agglomération,Hors intersection,Pluie légère,Autre collision,,,,,,,,,,,3,2,1,2,6
200600071745,0006-11-12 04:00:00,6,11,12,4,0,640,135,,,,Nuit sans éclairage public,Hors agglomération,Hors intersection,Brouillard / fumée,Sans collision,,,,,,,,,,,3,1,1,5,7
200600071746,0006-11-14 18:40:00,6,11,14,18,40,640,87,RN 117,,,Nuit sans éclairage public,Hors agglomération,Hors intersection,Normale,Deux véhicules - frontale,,,,,,,,,,,3,1,1,1,1
200600071747,0006-11-22 07:15:00,6,11,22,7,15,860,226,,,,Nuit sans éclairage public,Hors agglomération,Hors intersection,Normale,Deux véhicules - côté,,,,,,,,,,,3,1,1,1,3
200600071748,0006-11-20 07:45:00,6,11,20,7,45,860,177,route de clan face à la,,,Crépuscule ou aube,En agglomération,Autre intersection,Normale,Deux véhicules - côté,,,,,,,,,,,2,2,9,1,3
200600071749,0006-11-21 16:45:00,6,11,21,16,45,860,76,,,,Plein jour,Hors agglomération,Hors intersection,Normale,Deux véhicules - côté,,,,,,,,,,,1,1,1,1,3
200600071750,0006-11-25 19:00:00,6,11,25,19,0,860,294,CARREFOUR BEAUREGARD,,,Nuit avec éclairage allumé,En agglomération,Hors intersection,Normale,Deux véhicules - côté,,,,,,,,,,,5,2,1,1,3
200600071751,0006-11-01 13:00:00,6,11,1,13,0,860,180,,46.5,0.439,Plein jour,Hors agglomération,Hors intersection,Normale,Sans collision,,,,,,,,,,,1,1,1,1,7
200600071752,0006-11-06 04:00:00,6,11,6,4,0,860,103,"route de Civray, CD 741",,,Nuit sans éclairage public,En agglomération,Hors intersection,Normale,Autre collision,,,,,,,,,,,3,2,1,1,6
200600071753,0006-11-28 13:15:00,6,11,28,13,15,860,263,,,,Plein jour,Hors agglomération,Intersection en X,Temps couvert,Deux véhicules - frontale,,,,,,,,,,,1,1,2,8,1
200600071754,0006-11-27 20:15:00,6,11,27,20,15,860,174,,46.777,0.509,Nuit sans éclairage public,Hors agglomération,Intersection en X,Normale,Deux véhicules - côté,,,,,,,,,,,3,1,2,1,3
200600071755,0006-11-07 15:30:00,6,11,7,15,30,860,272,lieu-dit Maulay,,,Plein jour,Hors agglomération,Hors intersection,Normale,Deux véhicules - frontale,,,,,,,,,,,1,1,1,1,1
200600071756,0006-11-29 16:00:00,6,11,29,16,0,860,224,St Allier,,,Plein jour,Hors agglomération,Hors intersection,Normale,Sans collision,,,,,,,,,,,1,1,1,1,7
200600071757,0006-11-01 17:45:00,6,11,1,17,45,860,167,,46.928,0.198,Crépuscule ou aube,Hors agglomération,Passage à niveau,Normale,Autre collision,,,,,,,,,,,2,1,8,1,6
200600071758,0006-11-04 16:00:00,6,11,4,16,0,860,152,ieu-dit '' La Gannerie'',,,Plein jour,Hors agglomération,Hors intersection,Normale,Autre collision,,,,,,,,,,,1,1,1,1,6
200600071759,0006-11-02 17:10:00,6,11,2,17,10,860,228,Carrefour du Brion CD 13,,,Plein jour,Hors agglomération,Hors intersection,Temps éblouissant,Deux véhicules - côté,,,,,,,,,,,1,1,1,7,3
200600071760,0006-11-25 23:30:00,6,11,25,23,30,160,218,,45.784,-0.342,Nuit sans éclairage public,Hors agglomération,Hors intersection,Normale,Sans collision,,,,,,,,,,,3,1,1,1,7
200600071761,0006-11-10 20:30:00,6,11,10,20,30,160,28,CD 5,45.476,-0.152,Nuit sans éclairage public,En agglomération,Hors intersection,Pluie légère,Sans collision,,,,,,,,,,,3,2,1,2,7
200600071762,0006-11-26 15:15:00,6,11,26,15,15,160,30,,45.497,-0.196,Plein jour,Hors agglomération,Hors intersection,Normale,Deux véhicules - frontale,,,,,,,,,,,1,1,1,1,1
200600071763,0006-11-30 15:40:00,6,11,30,15,40,160,243,Route de Cognac,,,Plein jour,En agglomération,Hors intersection,Normale,Deux véhicules - arrière,,,,,,,,,,,1,2,1,1,2
200600071764,0006-11-17 09:15:00,6,11,17,9,15,160,181,,,,Plein jour,Hors agglomération,Hors intersection,Normale,Autre collision,,,,,,,,,,,1,1,1,1,6
200600071765,0006-11-02 07:40:00,6,11,2,7,40,160,192,LE PONT SIGOULANT,,,Plein jour,Hors agglomération,Autre intersection,Normale,Deux véhicules - arrière,,,,,,,,,,,1,1,9,1,2
200600071766,0006-11-15 19:15:00,6,11,15,19,15,160,336,CD 27 LE BOURG,,,Nuit avec éclairage allumé,En agglomération,Hors intersection,Normale,Deux véhicules - côté,,,,,,,,,,,5,2,1,1,3
200600071767,0006-11-03 16:00:00,6,11,3,16,0,160,282,,,,Plein jour,Hors agglomération,Intersection en X,Normale,Deux véhicules - côté,,,,,,,,,,,1,1,2,1,3
200600071768,0006-11-06 02:30:00,6,11,6,2,30,160,124,,,,Nuit sans éclairage public,Hors agglomération,Hors intersection,Normale,Sans collision,,,,,,,,,,,3,1,1,1,7
200600071769,0006-11-19 17:45:00,6,11,19,17,45,160,61,629 route de la Chapelle,45.718,0.293,Nuit avec éclairage non allumé,En agglomération,Hors intersection,Temps couvert,Autre collision,,,,,,,,,,,4,2,1,8,6
200600071770,0006-11-25 18:00:00,6,11,25,18,0,160,379,Les Trois Pierres,,,Crépuscule ou aube,Hors agglomération,Intersection en X,Temps couvert,Deux véhicules - côté,,,,,,,,,,,2,1,2,8,3
200600071771,0006-11-15 23:45:00,6,11,15,23,45,160,312,LES ROCHEREAUX,45.774,-0.02,Nuit sans éclairage public,En agglomération,Hors intersection,Normale,Autre collision,,,,,,,,,,,3,2,1,1,6
200600071772,0006-11-19 07:30:00,6,11,19,7,30,170,136,avenbue de la libération,,,Nuit avec éclairage allumé,En agglomération,Hors intersection,Normale,Deux véhicules - arrière,,,,,,,,,,,5,2,1,1,2
200600071773,0006-11-24 20:30:00,6,11,24,20,30,170,94,Bert et bd de la Libéra,,,Nuit avec éclairage allumé,En agglomération,Hors intersection,Pluie légère,Deux véhicules - frontale,,,,,,,,,,,5,2,1,2,1
200600071774,0006-11-13 16:00:00,6,11,13,16,0,170,267,Garnde rue,,,Plein jour,En agglomération,Hors intersection,Temps couvert,Deux véhicules - frontale,,,,,,,,,,,1,2,1,8,1
200600071775,0006-11-02 16:30:00,6,11,2,16,30,170,161,,,,Plein jour,Hors agglomération,Hors intersection,Normale,Deux véhicules - côté,,,,,,,,,,,1,1,1,1,3
200600071776,0006-11-16 18:30:00,6,11,16,18,30,170,121,ur de la Zone Artisanale,,,Nuit avec éclairage allumé,Hors agglomération,Hors intersection,Pluie légère,Trois véhicules et plus - collisions multiples,,,,,,,,,,,5,1,1,2,5
200600071777,0006-11-21 16:15:00,6,11,21,16,15,170,297,venue Charles de Gaulles,,,Plein jour,En agglomération,Hors intersection,Temps couvert,Autre collision,,,,,,,,,,,1,2,1,8,6
200600071778,0006-11-24 15:20:00,6,11,24,15,20,170,82,ieu dit la croix blanche,,,Plein jour,Hors agglomération,Hors intersection,Pluie légère,Autre collision,,,,,,,,,,,1,1,1,2,6
200600071779,0006-11-04 12:15:00,6,11,4,12,15,170,104,,,,Plein jour,Hors agglomération,Hors intersection,Temps éblouissant,Deux véhicules - arrière,,,,,,,,,,,1,1,1,7,2
200600071780,0006-11-19 18:30:00,6,11,19,18,30,170,118,Lieu-dit Rapion,45.263,-0.402,Nuit sans éclairage public,Hors agglomération,Hors intersection,Temps couvert,Deux véhicules - frontale,,,,,,,,,,,3,1,1,8,1
200600071781,0006-11-14 19:45:00,6,11,14,19,45,170,58,,,,Nuit sans éclairage public,Hors agglomération,Hors intersection,Normale,Autre collision,,,,,,,,,,,3,1,1,1,6
200600071782,0006-11-17 07:45:00,6,11,17,7,45,170,58,Viaduc Oléron,45.851,-1.171,Plein jour,Hors agglomération,Hors intersection,Normale,Trois véhicules et plus - collisions multiples,,,,,,,,,,,1,1,1,1,5
200600071783,0006-11-25 10:15:00,6,11,25,10,15,170,351,,45.815,-1.069,Plein jour,Hors agglomération,Hors intersection,Pluie forte,Deux véhicules - côté,,,,,,,,,,,1,1,1,3,3
200600071784,0006-11-07 19:15:00,6,11,7,19,15,170,308,Pont Thibaud,45.865,-0.974,Nuit sans éclairage public,Hors agglomération,Hors intersection,Normale,Autre collision,,,,,,,,,,,3,1,1,1,6
200600071785,0006-11-25 09:15:00,6,11,25,9,15,170,385,Rue de l'avenir,,,Plein jour,En agglomération,Intersection en T,Temps couvert,Deux véhicules - côté,,,,,,,,,,,1,2,3,8,3
200600071786,0006-11-28 13:00:00,6,11,28,13,0,170,93,,,,Plein jour,Hors agglomération,Hors intersection,Normale,Deux véhicules - frontale,,,,,,,,,,,1,1,1,1,1
200600071787,0006-11-08 11:45:00,6,11,8,11,45,170,155,20 rue Charles Hervé,,,Plein jour,En agglomération,Hors intersection,Normale,Deux véhicules - arrière,,,,,,,,,,,1,2,1,1,2
200600071788,0006-11-03 15:00:00,6,11,3,15,0,170,65,carrefour CD5/CD214,,,Plein jour,Hors agglomération,Hors intersection,Normale,Deux véhicules - côté,,,,,,,,,,,1,1,1,1,3
200600071789,0006-11-01 04:15:00,6,11,1,4,15,170,434,45 fbg Saint Gilles,,,Nuit avec éclairage allumé,En agglomération,Hors intersection,Normale,Autre collision,,,,,,,,,,,5,2,1,1,6
200600071790,0006-11-24 16:15:00,6,11,24,16,15,170,434,Rue Brillouet,46.121,-0.743,Plein jour,En agglomération,Hors intersection,Temps couvert,Deux véhicules - frontale,,,,,,,,,,,1,2,1,8,1
200600071791,0006-11-25 20:15:00,6,11,25,20,15,170,80,CD 939,,,Nuit sans éclairage public,Hors agglomération,Hors intersection,Normale,Deux véhicules - frontale,,,,,,,,,,,3,1,1,1,1
200600071792,0006-11-03 16:30:00,6,11,3,16,30,170,86,,,,Plein jour,Hors agglomération,Hors intersection,Normale,Deux véhicules - frontale,,,,,,,,,,,1,1,1,1,1
200600071793,0006-11-06 07:00:00,6,11,6,7,0,170,289,tière militaire allemand,,,Nuit sans éclairage public,Hors agglomération,Hors intersection,Normale,Deux véhicules - frontale,,,,,,,,,,,3,1,1,1,1
200600071794,0006-11-10 19:00:00,6,11,10,19,0,170,387,,45.804,-0.743,Nuit sans éclairage public,Hors agglomération,Intersection en X,Normale,Deux véhicules - frontale,,,,,,,,,,,3,1,2,1,1
200600071795,0006-11-04 13:00:00,6,11,4,13,0,170,172,"D 6 - Lieu-dit ""Choblet""",,,Plein jour,Hors agglomération,Intersection en X,Normale,Deux véhicules - côté,,,,,,,,,,,1,1,2,1,3
200600071796,0006-11-16 12:15:00,6,11,16,12,15,170,296,rue des chevrières,,,Plein jour,Hors agglomération,Hors intersection,Pluie légère,Autre collision,,,,,,,,,,,1,1,1,2,6
200600071797,0006-11-28 09:25:00,6,11,28,9,25,170,273,CD 732,,,Plein jour,Hors agglomération,Hors intersection,Normale,Deux véhicules - frontale,,,,,,,,,,,1,1,1,1,1
200600071798,0006-11-13 07:45:00,6,11,13,7,45,170,421,45 rue Victor Hugo,,,Crépuscule ou aube,En agglomération,Hors intersection,Normale,Autre collision,,,,,,,,,,,2,2,1,1,6
200600071799,0006-11-03 09:00:00,6,11,3,9,0,170,22,,,,Plein jour,Hors agglomération,Intersection en X,Normale,Deux véhicules - côté,,,,,,,,,,,1,1,2,1,3
200600071800,0006-11-18 10:45:00,6,11,18,10,45,170,347,Avenue du point du jour,,,Plein jour,En agglomération,Giratoire,Normale,Deux véhicules - côté,,,,,,,,,,,1,2,6,1,3
200600071801,0006-11-21 18:00:00,6,11,21,18,0,170,448,RD739,,,Nuit sans éclairage public,En agglomération,Hors intersection,Pluie légère,Autre collision,,,,,,,,,,,3,2,1,2,6
200600071802,0006-11-11 11:15:00,6,11,11,11,15,170,224,,,,Plein jour,Hors agglomération,Hors intersection,Pluie légère,Deux véhicules - arrière,,,,,,,,,,,1,1,1,2,2
200600071803,0006-11-30 20:00:00,6,11,30,20,0,790,70,communal menant à Taulai,,,Nuit sans éclairage public,Hors agglomération,Hors intersection,Normale,Sans collision,,,,,,,,,,,3,1,1,1,7
200600071804,0006-11-05 14:45:00,6,11,5,14,45,790,166,,46.189,-0.429,Plein jour,Hors agglomération,Hors intersection,Normale,Sans collision,,,,,,,,,,,1,1,1,1,7
200600071805,0006-11-12 18:10:00,6,11,12,18,10,790,28,Lieu-dit ''La boulaie'',,,Nuit sans éclairage public,Hors agglomération,Hors intersection,Normale,Sans collision,,,,,,,,,,,3,1,1,1,7
200600071806,0006-11-10 16:35:00,6,11,10,16,35,790,193,CD 938 ter,,,Plein jour,Hors agglomération,Hors intersection,Normale,Deux véhicules - frontale,,,,,,,,,,,1,1,1,1,1
200600071807,0006-11-22 18:00:00,6,11,22,18,0,790,324,lieudit les sicaudières,,,Plein jour,Hors agglomération,Hors intersection,Pluie légère,Deux véhicules - arrière,,,,,,,,,,,1,1,1,2,2
200600071808,0006-11-11 23:15:00,6,11,11,23,15,790,96,,,,Nuit sans éclairage public,Hors agglomération,Hors intersection,Normale,Autre collision,,,,,,,,,,,3,1,1,1,6
200600071809,0006-11-01 06:15:00,6,11,1,6,15,790,171,Route de Bressuire,,,Nuit sans éclairage public,Hors agglomération,Hors intersection,Normale,Autre collision,,,,,,,,,,,3,1,1,1,6
200600071810,0006-11-08 06:55:00,6,11,8,6,55,790,161,,,,Nuit sans éclairage public,Hors agglomération,Hors intersection,Normale,Deux véhicules - frontale,,,,,,,,,,,3,1,1,1,1
200600071811,0006-11-19 02:45:00,6,11,19,2,45,790,175,ROUTE DE SAUZE,,,Nuit sans éclairage public,En agglomération,Hors intersection,Normale,Autre collision,,,,,,,,,,,3,2,1,1,6
200600071812,0006-11-11 19:30:00,6,11,11,19,30,790,239,,46.634,-0.394,Nuit sans éclairage public,Hors agglomération,Hors intersection,Pluie légère,Autre collision,,,,,,,,,,,3,1,1,2,6
200600071813,0006-11-20 23:30:00,6,11,20,23,30,870,201,,45.851,1.171,Nuit sans éclairage public,Hors agglomération,Hors intersection,Pluie forte,Sans collision,,,,,,,,,,,3,1,1,3,7
200600071814,0006-11-07 17:30:00,6,11,7,17,30,870,16,,,,Crépuscule ou aube,Hors agglomération,Hors intersection,Normale,Sans collision,,,,,,,,,,,2,1,1,1,7
200600071815,0006-11-28 22:45:00,6,11,28,22,45,870,125,rue Eugène LEROY,45.904,1.316,Nuit avec éclairage allumé,En agglomération,Hors intersection,Normale,Autre collision,,,,,,,,,,,5,2,1,1,6
200600071816,0006-11-04 13:30:00,6,11,4,13,30,870,156,LA VERDAUDE,,,Plein jour,Hors agglomération,Hors intersection,Normale,Deux véhicules - côté,,,,,,,,,,,1,1,1,1,3
200600071817,0006-11-05 14:20:00,6,11,5,14,20,870,156,'Le Moulin de la Cheze',,,Plein jour,Hors agglomération,Hors intersection,Normale,Deux véhicules - côté,,,,,,,,,,,1,1,1,1,3
200600071818,0006-11-07 13:25:00,6,11,7,13,25,870,35,Les Champs,,,Plein jour,Hors agglomération,Hors intersection,Normale,Sans collision,,,,,,,,,,,1,1,1,1,7
200600071819,0006-11-23 08:00:00,6,11,23,8,0,870,187,"CD 704, Avenue de Périgu",,,Crépuscule ou aube,En agglomération,Autre intersection,Pluie forte,Autre collision,,,,,,,,,,,2,2,9,3,6
200600071820,0006-11-24 16:50:00,6,11,24,16,50,870,14,Avenue de la Libération,,,Crépuscule ou aube,En agglomération,Intersection en T,Pluie légère,Deux véhicules - côté,,,,,,,,,,,2,2,3,2,3
200600071821,0006-11-19 08:30:00,6,11,19,8,30,870,41,,,,Nuit sans éclairage public,Hors agglomération,Hors intersection,Normale,Sans collision,,,,,,,,,,,3,1,1,1,7
200600071822,0006-11-04 16:15:00,6,11,4,16,15,870,154,Avenue d'Oradour Sur Gla,45.898,0.912,Plein jour,En agglomération,Hors intersection,Normale,Deux véhicules - côté,,,,,,,,,,,1,2,1,1,3
200600071823,0006-11-25 09:45:00,6,11,25,9,45,870,154,Avenue Henri Barbusse,,,Plein jour,En agglomération,Autre intersection,Temps couvert,Autre collision,,,,,,,,,,,1,2,9,8,6
200600071824,0006-11-11 19:00:00,6,11,11,19,0,870,36,,,,Nuit avec éclairage allumé,Hors agglomération,Hors intersection,Brouillard / fumée,Autre collision,,,,,,,,,,,5,1,1,5,6
200600071825,0006-11-20 05:00:00,6,11,20,5,0,190,38,,45.246,1.74,Nuit sans éclairage public,Hors agglomération,Hors intersection,Normale,Autre collision,,,,,,,,,,,3,1,1,1,6
200600071826,0006-11-18 13:25:00,6,11,18,13,25,190,46,Lieu dit St Joseph,45.372,2.058,Plein jour,Hors agglomération,Hors intersection,Temps couvert,Autre collision,,,,,,,,,,,1,1,1,8,6
200600071827,0006-11-05 15:30:00,6,11,5,15,30,190,194,,45.344,1.713,Plein jour,Hors agglomération,Hors intersection,Normale,Autre collision,,,,,,,,,,,1,1,1,1,6
200600071828,0006-11-20 07:30:00,6,11,20,7,30,190,66,,,,Crépuscule ou aube,Hors agglomération,Hors intersection,Normale,Autre collision,,,,,,,,,,,2,1,1,1,6
200600071829,0006-11-03 21:30:00,6,11,3,21,30,190,202,,45.245,1.613,Nuit sans éclairage public,Hors agglomération,Hors intersection,Normale,Deux véhicules - arrière,,,,,,,,,,,3,1,1,1,2
200600071830,0006-11-20 14:15:00,6,11,20,14,15,190,274,,45.197,1.498,Plein jour,Hors agglomération,Intersection en X,Normale,Deux véhicules - côté,,,,,,,,,,,1,1,2,1,3
200600071831,0006-11-03 17:15:00,6,11,3,17,15,230,120,,46.328,2.165,Plein jour,Hors agglomération,Intersection en X,Normale,Deux véhicules - côté,,,,,,,,,,,1,1,2,1,3
200600071832,0006-11-23 13:00:00,6,11,23,13,0,230,36,VC 29 Rissat,,,Plein jour,Hors agglomération,Hors intersection,Temps couvert,Autre collision,,,,,,,,,,,1,1,1,8,6
200600071833,0006-11-01 19:20:00,6,11,1,19,20,230,197,La Villetelle,,,Nuit sans éclairage public,Hors agglomération,Hors intersection,Normale,Sans collision,,,,,,,,,,,3,1,1,1,7
200600071834,0006-11-26 18:15:00,6,11,26,18,15,230,21,rue gaston BRUN,46.122,1.625,Nuit avec éclairage allumé,En agglomération,Intersection en X,Normale,Deux véhicules - côté,,,,,,,,,,,5,2,2,1,3
200600071835,0006-11-11 07:30:00,6,11,11,7,30,310,44,INTERSECTION ROUTE DE CA,43.597,1.506,Plein jour,En agglomération,Hors intersection,Normale,Deux véhicules - frontale,,,,,,,,,,,1,2,1,1,1
200600071836,0006-11-18 14:15:00,6,11,18,14,15,310,53,,43.663,1.557,Plein jour,Hors agglomération,Hors intersection,Normale,Sans collision,,,,,,,,,,,1,1,1,1,7
200600071837,0006-11-15 17:15:00,6,11,15,17,15,310,584,,43.852,1.462,Crépuscule ou aube,Hors agglomération,Intersection en X,Normale,Deux véhicules - côté,,,,,,,,,,,2,1,2,1,3
200600071838,0006-11-23 08:30:00,6,11,23,8,30,310,587,,,,Plein jour,Hors agglomération,Hors intersection,Normale,Deux véhicules - frontale,,,,,,,,,,,1,1,1,1,1
200600071839,0006-11-02 07:30:00,6,11,2,7,30,310,403,,,,Plein jour,Hors agglomération,Hors intersection,Normale,Deux véhicules - frontale,,,,,,,,,,,1,1,1,1,1
200600071840,0006-11-06 09:30:00,6,11,6,9,30,310,444,CD1,43.754,1.058,Plein jour,Hors agglomération,Hors intersection,Normale,Deux véhicules - côté,,,,,,,,,,,1,1,1,1,3
200600071841,0006-11-06 09:30:00,6,11,6,9,30,310,98,av raymond sommer,43.732,1.052,Plein jour,En agglomération,Hors intersection,Normale,Deux véhicules - côté,,,,,,,,,,,1,2,1,1,3
200600071842,0006-11-10 17:30:00,6,11,10,17,30,310,403,CD20,43.783,1.327,Crépuscule ou aube,Hors agglomération,Hors intersection,Normale,Deux véhicules - arrière,,,,,,,,,,,2,1,1,1,2
200600071843,0006-11-30 08:00:00,6,11,30,8,0,310,341,,,,Plein jour,Hors agglomération,Hors intersection,Brouillard / fumée,Deux véhicules - frontale,,,,,,,,,,,1,1,1,5,1
200600071844,0006-11-08 21:15:00,6,11,8,21,15,310,417,,43.607,1.283,Nuit avec éclairage allumé,Hors agglomération,Hors intersection,Normale,Deux véhicules - frontale,,,,,,,,,,,5,1,1,1,1
200600071845,0006-11-18 20:30:00,6,11,18,20,30,310,417,,43.605,1.282,Nuit sans éclairage public,Hors agglomération,Hors intersection,Normale,Sans collision,,,,,,,,,,,3,1,1,1,7
200600071846,0006-11-09 07:50:00,6,11,9,7,50,310,561,Route de bessières,,,Plein jour,En agglomération,Intersection en T,Normale,Trois véhicules et plus - collisions multiples,,,,,,,,,,,1,2,3,1,5
200600071847,0006-11-12 18:45:00,6,11,12,18,45,310,561,avenue des Pyrénées,,,Nuit avec éclairage allumé,En agglomération,Hors intersection,Normale,Deux véhicules - frontale,,,,,,,,,,,5,2,1,1,1
200600071848,0006-11-06 07:00:00,6,11,6,7,0,310,395,,43.47,1.268,Nuit sans éclairage public,Hors agglomération,Hors intersection,Brouillard / fumée,Deux véhicules - frontale,,,,,,,,,,,3,1,1,5,1
200600071849,0006-11-24 18:00:00,6,11,24,18,0,310,395,,43.469,1.29,Crépuscule ou aube,Hors agglomération,Hors intersection,Normale,Autre collision,,,,,,,,,,,2,1,1,1,6
200600071850,0006-11-02 12:15:00,6,11,2,12,15,310,379,,,,Plein jour,Hors agglomération,Hors intersection,Normale,Deux véhicules - côté,,,,,,,,,,,1,1,1,1,3
200600071851,0006-11-06 11:45:00,6,11,6,11,45,310,33,route nationale 20,43.361,1.468,Plein jour,En agglomération,Hors intersection,Normale,Deux véhicules - frontale,,,,,,,,,,,1,2,1,1,1
200600071852,0006-11-17 12:00:00,6,11,17,12,0,310,455,AVENUE DU PLAN D EAU,43.26,1.18,Plein jour,En agglomération,Hors intersection,Normale,Autre collision,,,,,,,,,,,1,2,1,1,6
200600071853,0006-11-08 01:45:00,6,11,8,1,45,310,362,,43.168,1.17,Nuit sans éclairage public,Hors agglomération,Hors intersection,Normale,Autre collision,,,,,,,,,,,3,1,1,1,6
200600071854,0006-11-11 18:00:00,6,11,11,18,0,310,324,avenue des pyrénees,43.204,1.01,Crépuscule ou aube,En agglomération,Hors intersection,Normale,Deux véhicules - frontale,,,,,,,,,,,2,2,1,1,1
200600071855,0006-11-14 10:30:00,6,11,14,10,30,310,135,Boulevard Paul Gouzy,43.21,1.085,Plein jour,En agglomération,Hors intersection,Temps éblouissant,Autre collision,,,,,,,,,,,1,2,1,7,6
200600071856,0006-11-14 07:00:00,6,11,14,7,0,310,135,Rue du Comté de Foix,43.212,1.098,Crépuscule ou aube,En agglomération,Hors intersection,Normale,Autre collision,,,,,,,,,,,2,2,1,1,6
200600071857,0006-11-18 14:15:00,6,11,18,14,15,310,317,,43.309,1.106,Plein jour,Hors agglomération,Hors intersection,Normale,Deux véhicules - frontale,,,,,,,,,,,1,1,1,1,1
200600071858,0006-11-14 20:15:00,6,11,14,20,15,310,188,CH DE SOULERY,43.55,1.215,Nuit sans éclairage public,En agglomération,Hors intersection,Normale,Autre collision,,,,,,,,,,,3,2,1,1,6
200600071859,0006-11-26 04:45:00,6,11,26,4,45,310,188,,43.555,1.228,Nuit avec éclairage allumé,Hors agglomération,Hors intersection,Normale,Autre collision,,,,,,,,,,,5,1,1,1,6
200600071860,0006-11-27 18:00:00,6,11,27,18,0,310,499,,43.529,1.203,Nuit sans éclairage public,Hors agglomération,Hors intersection,Normale,Deux véhicules - frontale,,,,,,,,,,,3,1,1,1,1
200600071861,0006-11-06 09:45:00,6,11,6,9,45,310,224,Avenue du LUCHON,43.08,0.57,Plein jour,En agglomération,Hors intersection,Temps éblouissant,Autre collision,,,,,,,,,,,1,2,1,7,6