accident_id,datetime,annee,mois,jour,heure,minute,departement,commune_insee,adresse,latitude,longitude,luminosite,agglomeration,intersection,meteo,collision,nb_vehicules,nb_usagers,nb_indemnes,nb_tues,nb_blesses_hosp,nb_blesses_legers,age_cond_1,age_cond_2,veh_type_cond_1,veh_type_cond_2,lum_code,agg_code,int_code,atm_code,col_code
200600071862,0006-11-07 09:45:00,6,11,7,9,45,310,207,,42.994,0.63,Plein jour,Hors agglomération,Hors intersection,Temps éblouissant,Trois véhicules et plus - collisions multiples,,,,,,,,,,,1,1,1,7,5
200600071863,0006-11-08 17:30:00,6,11,8,17,30,310,270,,43.131,0.784,Crépuscule ou aube,Hors agglomération,Hors intersection,Normale,Deux véhicules - frontale,,,,,,,,,,,2,1,1,1,1
200600071864,0006-11-12 18:30:00,6,11,12,18,30,310,224,,,,Nuit sans éclairage public,En agglomération,Hors intersection,Normale,Deux véhicules - frontale,,,,,,,,,,,3,2,1,1,1
200600071865,0006-11-17 17:45:00,6,11,17,17,45,310,175,,43.118,0.791,Plein jour,Hors agglomération,Hors intersection,Normale,Deux véhicules - côté,,,,,,,,,,,1,1,1,1,3
200600071866,0006-11-14 10:30:00,6,11,14,10,30,310,582,Rue Massot,43.401,1.718,Plein jour,En agglomération,Hors intersection,Temps éblouissant,Autre collision,,,,,,,,,,,1,2,1,7,6
200600071867,0006-11-22 20:45:00,6,11,22,20,45,310,582,,43.401,1.72,Nuit avec éclairage allumé,En agglomération,Hors intersection,Normale,Autre collision,,,,,,,,,,,5,2,1,1,6
200600071868,0006-11-26 16:55:00,6,11,26,16,55,310,582,ZI Borde Blanche,43.403,1.708,Plein jour,Hors agglomération,Hors intersection,Normale,Deux véhicules - frontale,,,,,,,,,,,1,1,1,1,1
200600071869,0006-11-20 11:15:00,6,11,20,11,15,310,567,,43.593,1.651,Plein jour,Hors agglomération,Intersection en X,Temps couvert,Deux véhicules - arrière,,,,,,,,,,,1,1,2,8,2
200600071870,0006-11-17 19:45:00,6,11,17,19,45,310,161,,43.493,1.54,Nuit sans éclairage public,Hors agglomération,Hors intersection,Normale,Deux véhicules - frontale,,,,,,,,,,,3,1,1,1,1
200600071871,0006-11-02 08:45:00,6,11,2,8,45,310,329,,43.482,1.808,Plein jour,Hors agglomération,Intersection en X,Temps éblouissant,Deux véhicules - côté,,,,,,,,,,,1,1,2,7,3
200600071872,0006-11-01 06:45:00,6,11,1,6,45,90,331,RN20,,,Crépuscule ou aube,Hors agglomération,Hors intersection,Temps couvert,Deux véhicules - frontale,,,,,,,,,,,2,1,1,8,1
200600071873,0006-11-04 17:15:00,6,11,4,17,15,90,90,,43.043,1.538,Plein jour,Hors agglomération,Hors intersection,Normale,Sans collision,,,,,,,,,,,1,1,1,1,7
200600071874,0006-11-12 00:20:00,6,11,12,0,20,90,105,"ieu-dit ""l min d'en Bas""",,,Nuit sans éclairage public,Hors agglomération,Hors intersection,Pluie légère,Deux véhicules - arrière,,,,,,,,,,,3,1,1,2,2
200600071875,0006-11-19 23:10:00,6,11,19,23,10,90,105,CD 626 PK 5+600,,,Nuit sans éclairage public,Hors agglomération,Hors intersection,Temps couvert,Autre collision,,,,,,,,,,,3,1,1,8,6
200600071876,0006-11-24 17:00:00,6,11,24,17,0,90,224,CD 119,43.114,1.464,Plein jour,Hors agglomération,Hors intersection,Normale,Deux véhicules - frontale,,,,,,,,,,,1,1,1,1,1
200600071877,0006-11-19 11:50:00,6,11,19,11,50,90,157,Le Moulin d'enfourt,,,Plein jour,Hors agglomération,Hors intersection,Normale,Deux véhicules - frontale,,,,,,,,,,,1,1,1,1,1
200600071878,0006-11-19 01:30:00,6,11,19,1,30,90,182,,42.898,1.334,Nuit sans éclairage public,Hors agglomération,Hors intersection,Normale,Autre collision,,,,,,,,,,,3,1,1,1,6
200600071879,0006-11-10 15:45:00,6,11,10,15,45,120,157,,,,Plein jour,Hors agglomération,Hors intersection,Normale,Deux véhicules - frontale,,,,,,,,,,,1,1,1,1,1
200600071880,0006-11-17 22:15:00,6,11,17,22,15,120,33,,,,Nuit sans éclairage public,Hors agglomération,Hors intersection,Pluie légère,Deux véhicules - frontale,,,,,,,,,,,3,1,1,2,1
200600071881,0006-11-08 14:20:00,6,11,8,14,20,120,199,Route de Villefranche,,,Plein jour,En agglomération,Hors intersection,Normale,Sans collision,,,,,,,,,,,1,2,1,1,7
200600071882,0006-11-01 17:00:00,6,11,1,17,0,120,298,,44.551,2.563,Plein jour,Hors agglomération,Hors intersection,Normale,Sans collision,,,,,,,,,,,1,1,1,1,7
200600071883,0006-11-01 17:15:00,6,11,1,17,15,120,164,,44.862,2.661,Crépuscule ou aube,Hors agglomération,Hors intersection,Normale,Deux véhicules - frontale,,,,,,,,,,,2,1,1,1,1
200600071884,0006-11-11 11:30:00,6,11,11,11,30,120,2,,,,Plein jour,Hors agglomération,Hors intersection,Normale,Sans collision,,,,,,,,,,,1,1,1,1,7
200600071885,0006-11-23 17:00:00,6,11,23,17,0,120,123,,44.342,3.027,Crépuscule ou aube,Hors agglomération,Hors intersection,Normale,Deux véhicules - côté,,,,,,,,,,,2,1,1,1,3
200600071886,0006-11-28 17:45:00,6,11,28,17,45,120,203,,,,Nuit sans éclairage public,Hors agglomération,Hors intersection,Pluie légère,Autre collision,,,,,,,,,,,3,1,1,2,6
200600071887,0006-11-12 14:45:00,6,11,12,14,45,120,300,"01+600, sens décroissant",,,Plein jour,Hors agglomération,Hors intersection,Temps couvert,Sans collision,,,,,,,,,,,1,1,1,8,7
200600071888,0006-11-05 18:15:00,6,11,5,18,15,320,197,,43.976,0.292,Nuit sans éclairage public,Hors agglomération,Hors intersection,Normale,Autre collision,,,,,,,,,,,3,1,1,1,6
200600071889,0006-11-08 19:10:00,6,11,8,19,10,320,107,s ferry - rue Monplaisir,,,Nuit avec éclairage allumé,En agglomération,Hors intersection,Normale,Autre collision,,,,,,,,,,,5,2,1,1,6
200600071890,0006-11-08 20:15:00,6,11,8,20,15,320,107,,44.029,0.359,Nuit sans éclairage public,Hors agglomération,Hors intersection,Normale,Autre collision,,,,,,,,,,,3,1,1,1,6
200600071891,0006-11-11 19:45:00,6,11,11,19,45,320,212,,,,Nuit sans éclairage public,Hors agglomération,Hors intersection,Temps couvert,Sans collision,,,,,,,,,,,3,1,1,8,7
200600071892,0006-11-22 23:45:00,6,11,22,23,45,320,107,le brunet,,,Nuit sans éclairage public,Hors agglomération,Hors intersection,Pluie légère,Autre collision,,,,,,,,,,,3,1,1,2,6
200600071893,0006-11-03 16:00:00,6,11,3,16,0,320,119,,43.871,0.115,Plein jour,Hors agglomération,Hors intersection,Normale,Deux véhicules - côté,,,,,,,,,,,1,1,1,1,3
200600071894,0006-11-04 10:30:00,6,11,4,10,30,320,222,,43.758,-0.093,Plein jour,Hors agglomération,Intersection en X,Normale,Deux véhicules - côté,,,,,,,,,,,1,1,2,1,3
200600071895,0006-11-26 18:15:00,6,11,26,18,15,320,79,,43.952,0.119,Nuit sans éclairage public,Hors agglomération,Hors intersection,Normale,Autre collision,,,,,,,,,,,3,1,1,1,6
200600071896,0006-11-08 09:50:00,6,11,8,9,50,320,132,n - RN.21 - PK 24 +  800,,,Plein jour,En agglomération,Hors intersection,Temps éblouissant,Autre collision,,,,,,,,,,,1,2,1,7,6
200600071897,0006-11-24 14:30:00,6,11,24,14,30,320,208,,43.918,0.63,Plein jour,Hors agglomération,Hors intersection,Normale,Trois véhicules et plus - collisions multiples,,,,,,,,,,,1,1,1,1,5
200600071898,0006-11-22 14:30:00,6,11,22,14,30,320,208,,43.923,0.626,Plein jour,Hors agglomération,Hors intersection,Pluie légère,Deux véhicules - arrière,,,,,,,,,,,1,1,1,2,2
200600071899,0006-11-05 01:15:00,6,11,5,1,15,320,397,D127 - PK 10+100,,,Nuit sans éclairage public,Hors agglomération,Autre intersection,Normale,Autre collision,,,,,,,,,,,3,1,9,1,6
200600071900,0006-11-18 13:30:00,6,11,18,13,30,320,233,,43.524,0.119,Plein jour,Hors agglomération,Hors intersection,Normale,Autre collision,,,,,,,,,,,1,1,1,1,6
200600071901,0006-11-24 19:00:00,6,11,24,19,0,320,443,,43.668,-0.006,Nuit sans éclairage public,Hors agglomération,Intersection en X,Normale,Deux véhicules - côté,,,,,,,,,,,3,1,2,1,3
200600071902,0006-11-16 18:30:00,6,11,16,18,30,460,216,,,,Nuit sans éclairage public,Hors agglomération,Hors intersection,Pluie légère,Autre collision,,,,,,,,,,,3,1,1,2,6
200600071903,0006-11-04 14:00:00,6,11,4,14,0,460,240,,44.824,1.657,Plein jour,Hors agglomération,Hors intersection,Normale,Deux véhicules - arrière,,,,,,,,,,,1,1,1,1,2
200600071904,0006-11-09 13:15:00,6,11,9,13,15,460,185,,,,Plein jour,Hors agglomération,Hors intersection,Normale,Deux véhicules - arrière,,,,,,,,,,,1,1,1,1,2
200600071905,0006-11-26 20:30:00,6,11,26,20,30,460,309,75 Avenue de TOULOUSE,44.894,1.483,Nuit avec éclairage allumé,En agglomération,Hors intersection,Temps couvert,Deux véhicules - côté,,,,,,,,,,,5,2,1,8,3
200600071906,0006-11-18 16:15:00,6,11,18,16,15,650,52,,,,Plein jour,Hors agglomération,Hors intersection,Normale,Sans collision,,,,,,,,,,,1,1,1,1,7
200600071907,0006-11-26 10:40:00,6,11,26,10,40,650,303,eu-dit Mascaras - CD 817,,,Plein jour,Hors agglomération,Hors intersection,Normale,Trois véhicules et plus - collisions multiples,,,,,,,,,,,1,1,1,1,5
200600071908,0006-11-10 07:45:00,6,11,10,7,45,650,121,,43.36,0.071,Plein jour,Hors agglomération,Hors intersection,Normale,Deux véhicules - frontale,,,,,,,,,,,1,1,1,1,1
200600071909,0006-11-20 11:45:00,6,11,20,11,45,650,219,,43.555,-0.016,Plein jour,Hors agglomération,Hors intersection,Normale,Deux véhicules - frontale,,,,,,,,,,,1,1,1,1,1
200600071910,0006-11-27 14:30:00,6,11,27,14,30,650,130,,43.579,-0.041,Crépuscule ou aube,Hors agglomération,Hors intersection,Normale,Autre collision,,,,,,,,,,,2,1,1,1,6
200600071911,0006-11-15 18:00:00,6,11,15,18,0,650,55,,,,Nuit sans éclairage public,Hors agglomération,Hors intersection,Vent fort / tempête,Deux véhicules - arrière,,,,,,,,,,,3,1,1,6,2
200600071912,0006-11-27 14:00:00,6,11,27,14,0,650,258,,,,Plein jour,Hors agglomération,Intersection en X,Temps éblouissant,Deux véhicules - côté,,,,,,,,,,,1,1,2,7,3
200600071913,0006-11-05 06:45:00,6,11,5,6,45,810,308,,44.02,2.39,Nuit sans éclairage public,Hors agglomération,Hors intersection,Normale,Autre collision,,,,,,,,,,,3,1,1,1,6
200600071914,0006-11-02 18:20:00,6,11,2,18,20,810,62,Lieu-dit VIE,,,Nuit sans éclairage public,Hors agglomération,Hors intersection,Normale,Deux véhicules - frontale,,,,,,,,,,,3,1,1,1,1
200600071915,0006-11-08 14:30:00,6,11,8,14,30,810,124,Zone Artisanale de Bel A,43.716,2.705,Plein jour,En agglomération,Hors intersection,Normale,Deux véhicules - frontale,,,,,,,,,,,1,2,1,1,1
200600071916,0006-11-16 19:00:00,6,11,16,19,0,810,104,"lieu-dit ""Gach""",,,Nuit sans éclairage public,Hors agglomération,Hors intersection,Normale,Autre collision,,,,,,,,,,,3,1,1,1,6
200600071917,0006-11-17 05:00:00,6,11,17,5,0,810,140,,43.689,1.757,Nuit sans éclairage public,Hors agglomération,Hors intersection,Normale,Autre collision,,,,,,,,,,,3,1,1,1,6
200600071918,0006-11-12 17:50:00,6,11,12,17,50,810,294,Les Pigots,43.86,1.92,Nuit sans éclairage public,Hors agglomération,Hors intersection,Normale,Deux véhicules - frontale,,,,,,,,,,,3,1,1,1,1
200600071919,0006-11-13 22:45:00,6,11,13,22,45,810,38,,,,Nuit sans éclairage public,Hors agglomération,Hors intersection,Normale,Sans collision,,,,,,,,,,,3,1,1,1,7
200600071920,0006-11-14 17:30:00,6,11,14,17,30,810,46,,43.81,1.97,Plein jour,Hors agglomération,Hors intersection,Normale,Deux véhicules - frontale,,,,,,,,,,,1,1,1,1,1
200600071921,0006-11-18 19:30:00,6,11,18,19,30,810,99,Carrefour CD32/CD18,43.91,1.87,Nuit sans éclairage public,Hors agglomération,Intersection en X,Normale,Deux véhicules - côté,,,,,,,,,,,3,1,2,1,3
200600071922,0006-11-24 15:30:00,6,11,24,15,30,810,131,route de contet,,,Plein jour,En agglomération,Hors intersection,Normale,Deux véhicules - côté,,,,,,,,,,,1,2,1,1,3
200600071923,0006-11-09 12:00:00,6,11,9,12,0,690,89,35 rue du chater,45.746,4.747,Plein jour,En agglomération,Hors intersection,Normale,Deux véhicules - côté,,,,,,,,,,,1,2,1,1,3
200600071924,0006-11-11 09:10:00,6,11,11,9,10,690,69,5 avenue Edouard MILLAUD,,,Plein jour,En agglomération,Hors intersection,Normale,Autre collision,,,,,,,,,,,1,2,1,1,6
200600071925,0006-11-12 13:30:00,6,11,12,13,30,810,175,,43.951,1.58,Plein jour,Hors agglomération,Hors intersection,Pluie légère,Deux véhicules - frontale,,,,,,,,,,,1,1,1,2,1
200600071926,0006-11-03 22:30:00,6,11,3,22,30,810,2,,,,Nuit sans éclairage public,Hors agglomération,Hors intersection,Normale,Sans collision,,,,,,,,,,,3,1,1,1,7
200600071927,0006-11-07 13:30:00,6,11,7,13,30,810,5,Le Simou,,,Plein jour,Hors agglomération,Hors intersection,Pluie légère,Trois véhicules et plus - collisions multiples,,,,,,,,,,,1,1,1,2,5
200600071928,0006-11-22 12:10:00,6,11,22,12,10,810,307,,43.569,2.32,Plein jour,Hors agglomération,Intersection en X,Pluie légère,Deux véhicules - côté,,,,,,,,,,,1,1,2,2,3
200600071929,0006-11-22 13:45:00,6,11,22,13,45,810,219,Portail des ronces,43.573,2.018,Plein jour,Hors agglomération,Hors intersection,Pluie légère,Autre collision,,,,,,,,,,,1,1,1,2,6
200600071930,0006-11-26 11:15:00,6,11,26,11,15,810,179,La Garrigue,43.515,1.939,Plein jour,Hors agglomération,Hors intersection,Normale,Autre collision,,,,,,,,,,,1,1,1,1,6
200600071931,0006-11-10 08:00:00,6,11,10,8,0,820,37,,,,Plein jour,En agglomération,Passage à niveau,Normale,Autre collision,,,,,,,,,,,1,2,8,1,6
200600071932,0006-11-15 15:20:00,6,11,15,15,20,820,76,D40 Route de Mirabel,44.135,1.369,Plein jour,Hors agglomération,Hors intersection,Normale,Autre collision,,,,,,,,,,,1,1,1,1,6
200600071933,0006-11-17 00:40:00,6,11,17,0,40,820,90,lieu dit pech blanc,,,Nuit sans éclairage public,Hors agglomération,Hors intersection,Pluie légère,Autre collision,,,,,,,,,,,3,1,1,2,6
200600071934,0006-11-17 08:30:00,6,11,17,8,30,820,87,Le Saula RD 927,,,Plein jour,Hors agglomération,Hors intersection,Autre,Deux véhicules - frontale,,,,,,,,,,,1,1,1,9,1
200600071935,0006-11-18 21:45:00,6,11,18,21,45,820,126,Lugan Haut,,,Nuit sans éclairage public,Hors agglomération,Hors intersection,Normale,Autre collision,,,,,,,,,,,3,1,1,1,6
200600071936,0006-11-24 18:30:00,6,11,24,18,30,820,110,la Mouline d'en haut,,,Nuit sans éclairage public,Hors agglomération,Hors intersection,Normale,Deux véhicules - frontale,,,,,,,,,,,3,1,1,1,1
200600071937,0006-11-05 10:30:00,6,11,5,10,30,820,61,,44.134,1.826,Plein jour,Hors agglomération,Hors intersection,Normale,Sans collision,,,,,,,,,,,1,1,1,1,7
200600071938,0006-11-19 06:30:00,6,11,19,6,30,820,88,Bacou,,,Nuit sans éclairage public,Hors agglomération,Hors intersection,Normale,Sans collision,,,,,,,,,,,3,1,1,1,7
200600071939,0006-11-01 17:00:00,6,11,1,17,0,820,146,,,,Plein jour,En agglomération,Hors intersection,Temps éblouissant,Autre collision,,,,,,,,,,,1,2,1,7,6
200600071940,0006-11-30 18:15:00,6,11,30,18,15,820,75,cal Hébrard et Boulbènes,,,Nuit avec éclairage allumé,En agglomération,Intersection en X,Normale,Deux véhicules - côté,,,,,,,,,,,5,2,2,1,3
200600071941,0006-11-01 16:00:00,6,11,1,16,0,820,168,,44.234,1.011,Plein jour,Hors agglomération,Hors intersection,Normale,Deux véhicules - côté,,,,,,,,,,,1,1,1,1,3
200600071942,0006-11-19 11:15:00,6,11,19,11,15,820,51,Mondou,,,Plein jour,Hors agglomération,Hors intersection,Temps couvert,Deux véhicules - frontale,,,,,,,,,,,1,1,1,8,1
200600071943,0006-11-13 18:30:00,6,11,13,18,30,820,112,,44.132,1.164,Nuit sans éclairage public,Hors agglomération,Hors intersection,Normale,Deux véhicules - côté,,,,,,,,,,,3,1,1,1,3
200600071944,0006-11-17 17:25:00,6,11,17,17,25,820,171,Lieu dit St André RD 14,,,Plein jour,Hors agglomération,Hors intersection,Normale,Deux véhicules - frontale,,,,,,,,,,,1,1,1,1,1
200600071945,0006-11-07 18:50:00,6,11,7,18,50,820,72,"""Braguel""",,,Nuit sans éclairage public,Hors agglomération,Hors intersection,Normale,Autre collision,,,,,,,,,,,3,1,1,1,6
200600071946,0006-11-04 11:45:00,6,11,4,11,45,690,55,"Entrée du village, RN 6",,,Plein jour,En agglomération,Hors intersection,Normale,Trois véhicules et plus - en chaîne,,,,,,,,,,,1,2,1,1,4
200600071947,0006-11-08 11:30:00,6,11,8,11,30,690,194,route de Saint Cyr,,,Plein jour,En agglomération,Hors intersection,Normale,Deux véhicules - côté,,,,,,,,,,,1,2,1,1,3
200600071948,0006-11-17 07:00:00,6,11,17,7,0,690,163,,,,Crépuscule ou aube,Hors agglomération,Intersection en T,Normale,Deux véhicules - côté,,,,,,,,,,,2,1,3,1,3
200600071949,0006-11-19 17:05:00,6,11,19,17,5,690,125,Route de Neuville,,,Nuit avec éclairage non allumé,En agglomération,Hors intersection,Pluie forte,Deux véhicules - frontale,,,,,,,,,,,4,2,1,3,1
200600071950,0006-11-30 14:00:00,6,11,30,14,0,690,207,Route de Neuville,,,Plein jour,En agglomération,Hors intersection,Normale,Trois véhicules et plus - collisions multiples,,,,,,,,,,,1,2,1,1,5
200600071951,0006-11-27 08:30:00,6,11,27,8,30,690,286,846 avenue Victor Hugo,,,Plein jour,En agglomération,Hors intersection,Normale,Deux véhicules - frontale,,,,,,,,,,,1,2,1,1,1
200600071952,0006-11-11 01:30:00,6,11,11,1,30,690,204,Chapelle de Beaunant,45.722,4.778,Nuit avec éclairage allumé,En agglomération,Hors intersection,Brouillard / fumée,Autre collision,,,,,,,,,,,5,2,1,5,6
200600071953,0006-11-13 07:45:00,6,11,13,7,45,690,204,avenue Foch/rue Dufourt,45.693,4.789,Plein jour,En agglomération,Hors intersection,Normale,Deux véhicules - frontale,,,,,,,,,,,1,2,1,1,1
200600071954,0006-11-07 10:30:00,6,11,7,10,30,690,287,magasin AUTOUR DE BEBE,,,Plein jour,En agglomération,Hors intersection,Normale,Trois véhicules et plus - en chaîne,,,,,,,,,,,1,2,1,1,4
200600071955,0006-11-14 09:45:00,6,11,14,9,45,690,299,CD 29 - Route de CREMIEU,,,Plein jour,Hors agglomération,Intersection en X,Normale,Deux véhicules - côté,,,,,,,,,,,1,1,2,1,3
200600071956,0006-11-30 07:15:00,6,11,30,7,15,690,288,RD 306,,,Crépuscule ou aube,Hors agglomération,Hors intersection,Normale,Trois véhicules et plus - collisions multiples,,,,,,,,,,,2,1,1,1,5
200600071957,0006-11-20 13:50:00,6,11,20,13,50,690,281,ection rue neuve et RD57,,,Plein jour,En agglomération,Intersection en X,Normale,Deux véhicules - côté,,,,,,,,,,,1,2,2,1,3
200600071958,0006-11-19 19:45:00,6,11,19,19,45,690,171,,,,Nuit sans éclairage public,Hors agglomération,Hors intersection,Pluie légère,Trois véhicules et plus - collisions multiples,,,,,,,,,,,3,1,1,2,5
200600071959,0006-11-22 16:00:00,6,11,22,16,0,690,28,228 ROUTE NEUVE,45.724,4.699,Nuit avec éclairage allumé,En agglomération,Intersection en X,Normale,Deux véhicules - frontale,,,,,,,,,,,5,2,2,1,1
200600071960,0006-11-08 18:50:00,6,11,8,18,50,690,297,12E - AVENUE DES PIERRES,,,Crépuscule ou aube,En agglomération,Intersection en X,Normale,Deux véhicules - côté,,,,,,,,,,,2,2,2,1,3
200600071961,0006-11-17 08:15:00,6,11,17,8,15,690,228,la madeleine,,,Plein jour,Hors agglomération,Hors intersection,Pluie forte,Deux véhicules - frontale,,,,,,,,,,,1,1,1,3,1
200600071962,0006-11-26 13:30:00,6,11,26,13,30,690,184,lieu dit les Abreuvoirs,,,Plein jour,Hors agglomération,Hors intersection,Normale,Sans collision,,,,,,,,,,,1,1,1,1,7
200600071963,0006-11-14 15:40:00,6,11,14,15,40,690,257,Lieu dit POYARD,,,Plein jour,Hors agglomération,Hors intersection,Temps éblouissant,Sans collision,,,,,,,,,,,1,1,1,7,7
200600071964,0006-11-07 13:40:00,6,11,7,13,40,690,114,CD116,,,Plein jour,Hors agglomération,Hors intersection,Temps éblouissant,Deux véhicules - côté,,,,,,,,,,,1,1,1,7,3
200600071965,0006-11-28 19:00:00,6,11,28,19,0,690,121,ROUTE DE LYON,,,Nuit avec éclairage allumé,En agglomération,Hors intersection,Normale,Deux véhicules - côté,,,,,,,,,,,5,2,1,1,3
200600071966,0006-11-01 15:45:00,6,11,1,15,45,690,12,,46.18,4.539,Plein jour,Hors agglomération,Hors intersection,Temps couvert,Autre collision,,,,,,,,,,,1,1,1,8,6
200600071967,0006-11-14 07:45:00,6,11,14,7,45,690,18,rue Général Leclerc,46.15,4.6,Plein jour,En agglomération,Hors intersection,Normale,Deux véhicules - côté,,,,,,,,,,,1,2,1,1,3
200600071968,0006-11-16 05:00:00,6,11,16,5,0,690,18,Promenade de l'Ardières,,,Nuit avec éclairage allumé,En agglomération,Hors intersection,Normale,Sans collision,,,,,,,,,,,5,2,1,1,7
200600071969,0006-11-30 19:30:00,6,11,30,19,30,690,162,,46.133,4.625,Nuit sans éclairage public,Hors agglomération,Hors intersection,Normale,Autre collision,,,,,,,,,,,3,1,1,1,6
200600071970,0006-11-20 07:30:00,6,11,20,7,30,690,45,CD62,,,Crépuscule ou aube,Hors agglomération,Hors intersection,Brouillard / fumée,Trois véhicules et plus - collisions multiples,,,,,,,,,,,2,1,1,5,5
200600071971,0006-11-11 11:05:00,6,11,11,11,5,690,243,33 boulevard garibaldi,,,Plein jour,En agglomération,Hors intersection,Normale,Autre collision,,,,,,,,,,,1,2,1,1,6
200600071972,0006-11-11 08:50:00,6,11,11,8,50,10,405,CD1083,,,Plein jour,Hors agglomération,Hors intersection,Normale,Sans collision,,,,,,,,,,,1,1,1,1,7
200600071973,0006-11-18 14:15:00,6,11,18,14,15,10,241,Sanciat,,,Plein jour,Hors agglomération,Hors intersection,Normale,Deux véhicules - frontale,,,,,,,,,,,1,1,1,1,1
200600071974,0006-11-23 17:30:00,6,11,23,17,30,10,350,,,,Crépuscule ou aube,Hors agglomération,Hors intersection,Normale,Trois véhicules et plus - en chaîne,,,,,,,,,,,2,1,1,1,4
200600071975,0006-11-26 16:40:00,6,11,26,16,40,10,426,rue du carrouge,,,Crépuscule ou aube,En agglomération,Hors intersection,Normale,Deux véhicules - frontale,,,,,,,,,,,2,2,1,1,1
200600071976,0006-11-17 08:30:00,6,11,17,8,30,10,24,Le Bois d'Arche,,,Plein jour,Hors agglomération,Hors intersection,Pluie forte,Deux véhicules - frontale,,,,,,,,,,,1,1,1,3,1
200600071977,0006-11-11 11:30:00,6,11,11,11,30,10,374,DEPARTEMENTALE 64D,,,Plein jour,En agglomération,Hors intersection,Temps couvert,Deux véhicules - frontale,,,,,,,,,,,1,2,1,8,1
200600071978,0006-11-11 18:30:00,6,11,11,18,30,10,56,,,,Nuit sans éclairage public,Hors agglomération,Hors intersection,Pluie légère,Deux véhicules - frontale,,,,,,,,,,,3,1,1,2,1
200600071979,0006-11-07 17:30:00,6,11,7,17,30,10,25,,,,Crépuscule ou aube,Hors agglomération,Hors intersection,Normale,Deux véhicules - côté,,,,,,,,,,,2,1,1,1,3
200600071980,0006-11-15 19:00:00,6,11,15,19,0,10,179,CD51B/route de MACON,,,Nuit sans éclairage public,En agglomération,Giratoire,Normale,Deux véhicules - côté,,,,,,,,,,,3,2,6,1,3
200600071981,0006-11-26 04:30:00,6,11,26,4,30,10,221,,,,Nuit sans éclairage public,Hors agglomération,Hors intersection,Pluie légère,Autre collision,,,,,,,,,,,3,1,1,2,6
200600071982,0006-11-03 19:00:00,6,11,3,19,0,10,4,32 rue amédée bonnet,45.964,5.35,Nuit avec éclairage allumé,En agglomération,Hors intersection,Normale,Autre collision,,,,,,,,,,,5,2,1,1,6
200600071983,0006-11-08 17:30:00,6,11,8,17,30,10,4,D 1075,,,Nuit sans éclairage public,En agglomération,Hors intersection,Normale,Deux véhicules - côté,,,,,,,,,,,3,2,1,1,3
200600071984,0006-11-16 17:40:00,6,11,16,17,40,10,4,rue Roger Salengro,,,Nuit avec éclairage allumé,En agglomération,Hors intersection,Normale,Deux véhicules - arrière,,,,,,,,,,,5,2,1,1,2
200600071985,0006-11-27 16:40:00,6,11,27,16,40,10,7,Lieu dit Coutelieu,45.996,5.343,Nuit sans éclairage public,Hors agglomération,Hors intersection,Normale,Deux véhicules - frontale,,,,,,,,,,,3,1,1,1,1
200600071986,0006-11-14 23:00:00,6,11,14,23,0,10,181,,,,Nuit sans éclairage public,Hors agglomération,Hors intersection,Brouillard / fumée,Autre collision,,,,,,,,,,,3,1,1,5,6
200600071987,0006-11-27 18:30:00,6,11,27,18,30,10,373,Grande Rue,,,Nuit avec éclairage allumé,En agglomération,Hors intersection,Normale,Autre collision,,,,,,,,,,,5,2,1,1,6
200600071988,0006-11-22 08:00:00,6,11,22,8,0,10,247,"dit ""Les Sept Fontaines""",,,Crépuscule ou aube,Hors agglomération,Hors intersection,Neige / grêle,Sans collision,,,,,,,,,,,2,1,1,4,7
200600071989,0006-11-10 23:30:00,6,11,10,23,30,10,313,,,,Nuit sans éclairage public,Hors agglomération,Hors intersection,Pluie légère,Deux véhicules - côté,,,,,,,,,,,3,1,1,2,3
200600071990,0006-11-14 12:00:00,6,11,14,12,0,10,173,,,,Plein jour,Hors agglomération,Hors intersection,Normale,Deux véhicules - frontale,,,,,,,,,,,1,1,1,1,1
200600071991,0006-11-17 07:55:00,6,11,17,7,55,10,322,montée des balmes,,,Crépuscule ou aube,Hors agglomération,Hors intersection,Pluie forte,Trois véhicules et plus - collisions multiples,,,,,,,,,,,2,1,1,3,5
200600071992,0006-11-12 18:30:00,6,11,12,18,30,10,74,,,,Nuit sans éclairage public,Hors agglomération,Hors intersection,Autre,Deux véhicules - frontale,,,,,,,,,,,3,1,1,9,1
200600071993,0006-11-07 18:30:00,6,11,7,18,30,10,328,,,,Nuit sans éclairage public,Hors agglomération,Hors intersection,Normale,Deux véhicules - arrière,,,,,,,,,,,3,1,1,1,2