accident_id,datetime,annee,mois,jour,heure,minute,departement,commune_insee,adresse,latitude,longitude,luminosite,agglomeration,intersection,meteo,collision,nb_vehicules,nb_usagers,nb_indemnes,nb_tues,nb_blesses_hosp,nb_blesses_legers,age_cond_1,age_cond_2,veh_type_cond_1,veh_type_cond_2,lum_code,agg_code,int_code,atm_code,col_code
200600071994,0006-11-28 08:30:00,6,11,28,8,30,10,328,,,,Plein jour,Hors agglomération,Hors intersection,Normale,Deux véhicules - côté,,,,,,,,,,,1,1,1,1,3
200600071995,0006-11-10 03:30:00,6,11,10,3,30,10,290,,45.902,5.176,Nuit avec éclairage allumé,Hors agglomération,Hors intersection,Normale,Autre collision,,,,,,,,,,,5,1,1,1,6
200600071996,0006-11-24 17:30:00,6,11,24,17,30,10,54,,45.871,5.152,Crépuscule ou aube,Hors agglomération,Hors intersection,Normale,Sans collision,,,,,,,,,,,2,1,1,1,7
200600071997,0006-11-26 14:30:00,6,11,26,14,30,10,376,chemin,,,Plein jour,Hors agglomération,Hors intersection,Normale,Autre collision,,,,,,,,,,,1,1,1,1,6
200600071998,0006-11-03 06:45:00,6,11,3,6,45,10,263,Ch.du Peleu - CD933,46.096,4.759,Crépuscule ou aube,En agglomération,Hors intersection,Normale,Deux véhicules - côté,,,,,,,,,,,2,2,1,1,3
200600071999,0006-11-08 17:00:00,6,11,8,17,0,10,183,Le Rivolet,,,Plein jour,Hors agglomération,Hors intersection,Normale,Deux véhicules - côté,,,,,,,,,,,1,1,1,1,3
200600072000,0006-11-18 13:45:00,6,11,18,13,45,10,393,,,,Plein jour,Hors agglomération,Hors intersection,Normale,Deux véhicules - frontale,,,,,,,,,,,1,1,1,1,1
200600072001,0006-11-22 18:30:00,6,11,22,18,30,10,252,LE PAQUI - CD 933,46.144,4.812,Nuit avec éclairage allumé,En agglomération,Hors intersection,Normale,Deux véhicules - côté,,,,,,,,,,,5,2,1,1,3
200600072002,0006-11-26 16:30:00,6,11,26,16,30,70,346,iles des perriers,44.481,4.696,Plein jour,En agglomération,Hors intersection,Normale,Deux véhicules - côté,,,,,,,,,,,1,2,1,1,3
200600072003,0006-11-13 17:50:00,6,11,13,17,50,70,247,CD 27,,,Crépuscule ou aube,En agglomération,Hors intersection,Normale,Deux véhicules - côté,,,,,,,,,,,2,2,1,1,3
200600072004,0006-11-04 17:00:00,6,11,4,17,0,70,66,/ Route de la Grangeasse,,,Plein jour,Hors agglomération,Hors intersection,Normale,Deux véhicules - côté,,,,,,,,,,,1,1,1,1,3
200600072005,0006-11-18 21:45:00,6,11,18,21,45,70,66,,44.712,4.669,Nuit sans éclairage public,Hors agglomération,Hors intersection,Pluie légère,Autre collision,,,,,,,,,,,3,1,1,2,6
200600072006,0006-11-19 11:30:00,6,11,19,11,30,70,240,route Rotisson,,,Plein jour,Hors agglomération,Hors intersection,Normale,Sans collision,,,,,,,,,,,1,1,1,1,7
200600072007,0006-11-02 23:30:00,6,11,2,23,30,70,134,,44.5,4.27,Nuit sans éclairage public,Hors agglomération,Hors intersection,Normale,Autre collision,,,,,,,,,,,3,1,1,1,6
200600072008,0006-11-11 03:00:00,6,11,11,3,0,70,130,LE BOURG,44.735,4.005,Nuit sans éclairage public,En agglomération,Hors intersection,Normale,Deux véhicules - côté,,,,,,,,,,,3,2,1,1,3
200600072009,0006-11-10 16:45:00,6,11,10,16,45,70,127,avenue de la gare,,,Plein jour,En agglomération,Hors intersection,Normale,Deux véhicules - arrière,,,,,,,,,,,1,2,1,1,2
200600072010,0006-11-27 15:15:00,6,11,27,15,15,70,201,Avenue de Vallon,44.45,4.348,Plein jour,En agglomération,Hors intersection,Normale,Autre collision,,,,,,,,,,,1,2,1,1,6
200600072011,0006-11-30 18:15:00,6,11,30,18,15,70,245,,45.094,4.818,Nuit avec éclairage allumé,Hors agglomération,Hors intersection,Normale,Deux véhicules - côté,,,,,,,,,,,5,1,1,1,3
200600072012,0006-11-02 07:45:00,6,11,2,7,45,70,185,Route de Chanalosc,45.162,4.661,Crépuscule ou aube,Hors agglomération,Hors intersection,Normale,Deux véhicules - frontale,,,,,,,,,,,2,1,1,1,1
200600072013,0006-11-12 15:20:00,6,11,12,15,20,260,232,Les huguets,,,Plein jour,Hors agglomération,Hors intersection,Normale,Autre collision,,,,,,,,,,,1,1,1,1,6
200600072014,0006-11-15 19:00:00,6,11,15,19,0,260,11,ncien four à chaux VICAT,,,Nuit sans éclairage public,Hors agglomération,Hors intersection,Temps couvert,Trois véhicules et plus - collisions multiples,,,,,,,,,,,3,1,1,8,5
200600072015,0006-11-26 17:45:00,6,11,26,17,45,260,108,,,,Nuit avec éclairage allumé,En agglomération,Hors intersection,Normale,Deux véhicules - côté,,,,,,,,,,,5,2,1,1,3
200600072016,0006-11-01 10:45:00,6,11,1,10,45,260,124,,44.852,4.958,Plein jour,Hors agglomération,Intersection en T,Normale,Deux véhicules - côté,,,,,,,,,,,1,1,3,1,3
200600072017,0006-11-18 18:45:00,6,11,18,18,45,260,124,Lieu dit LES CAIRES,,,Nuit sans éclairage public,Hors agglomération,Hors intersection,Normale,Deux véhicules - arrière,,,,,,,,,,,3,1,1,1,2
200600072018,0006-11-19 17:45:00,6,11,19,17,45,260,208,Quartier Vérillac,,,Crépuscule ou aube,Hors agglomération,Hors intersection,Pluie forte,Deux véhicules - frontale,,,,,,,,,,,2,1,1,3,1
200600072019,0006-11-23 19:30:00,6,11,23,19,30,260,299,,,,Nuit avec éclairage non allumé,Hors agglomération,Hors intersection,Normale,Sans collision,,,,,,,,,,,4,1,1,1,7
200600072020,0006-11-16 07:45:00,6,11,16,7,45,260,338,chemin du moulin,,,Crépuscule ou aube,En agglomération,Intersection en X,Normale,Deux véhicules - côté,,,,,,,,,,,2,2,2,1,3
200600072021,0006-11-16 04:45:00,6,11,16,4,45,260,169,le planas,44.475,4.743,Nuit sans éclairage public,Hors agglomération,Hors intersection,Normale,Autre collision,,,,,,,,,,,3,1,1,1,6
200600072022,0006-11-14 21:00:00,6,11,14,21,0,260,235,,,,Nuit sans éclairage public,Hors agglomération,Hors intersection,Normale,Deux véhicules - arrière,,,,,,,,,,,3,1,1,1,2
200600072023,0006-11-30 15:50:00,6,11,30,15,50,260,357,"CD94, PK 23+328",,,Plein jour,Hors agglomération,Hors intersection,Normale,Trois véhicules et plus - collisions multiples,,,,,,,,,,,1,1,1,1,5
200600072024,0006-11-14 17:30:00,6,11,14,17,30,260,288,Le village,,,Crépuscule ou aube,En agglomération,Hors intersection,Normale,Autre collision,,,,,,,,,,,2,2,1,1,6
200600072025,0006-11-13 08:00:00,6,11,13,8,0,260,92,C.D.115,,,Plein jour,En agglomération,Hors intersection,Normale,Deux véhicules - côté,,,,,,,,,,,1,2,1,1,3
200600072026,0006-11-26 15:30:00,6,11,26,15,30,260,231,Le village,45.097,5.049,Plein jour,En agglomération,Hors intersection,Normale,Deux véhicules - côté,,,,,,,,,,,1,2,1,1,3
200600072027,0006-11-18 06:45:00,6,11,18,6,45,260,217,,45.057,5.266,Nuit sans éclairage public,Hors agglomération,Hors intersection,Pluie légère,Deux véhicules - côté,,,,,,,,,,,3,1,1,2,3
200600072028,0006-11-17 17:15:00,6,11,17,17,15,260,325,,,,Nuit sans éclairage public,Hors agglomération,Hors intersection,Pluie forte,Trois véhicules et plus - en chaîne,,,,,,,,,,,3,1,1,3,4
200600072029,0006-11-27 17:45:00,6,11,27,17,45,260,10,,,,Nuit sans éclairage public,Hors agglomération,Hors intersection,Normale,Deux véhicules - arrière,,,,,,,,,,,3,1,1,1,2
200600072030,0006-11-11 23:30:00,6,11,11,23,30,260,347,,,,Nuit sans éclairage public,Hors agglomération,Hors intersection,Pluie légère,Deux véhicules - frontale,,,,,,,,,,,3,1,1,2,1
200600072031,0006-11-05 19:30:00,6,11,5,19,30,380,158,Rue Mendes France,,,Nuit avec éclairage allumé,En agglomération,Hors intersection,Normale,Deux véhicules - côté,,,,,,,,,,,5,2,1,1,3
200600072032,0006-11-17 21:30:00,6,11,17,21,30,380,75,,,,Nuit sans éclairage public,Hors agglomération,Hors intersection,Pluie légère,Deux véhicules - côté,,,,,,,,,,,3,1,1,2,3
200600072033,0006-11-10 05:45:00,6,11,10,5,45,380,382,Angle Av Général de Gaul,45.255,5.665,Nuit avec éclairage allumé,En agglomération,Hors intersection,Normale,Autre collision,,,,,,,,,,,5,2,1,1,6
200600072034,0006-11-19 02:00:00,6,11,19,2,0,380,412,290 route des grenats,45.413,5.735,Nuit avec éclairage allumé,Hors agglomération,Hors intersection,Brouillard / fumée,Autre collision,,,,,,,,,,,5,1,1,5,6
200600072035,0006-11-24 17:20:00,6,11,24,17,20,380,153,CD 531,,,Crépuscule ou aube,Hors agglomération,Hors intersection,Vent fort / tempête,Deux véhicules - côté,,,,,,,,,,,2,1,1,6,3
200600072036,0006-11-29 19:45:00,6,11,29,19,45,380,503,ROUTE NATIONALE 90,,,Nuit avec éclairage allumé,Hors agglomération,Hors intersection,Temps couvert,Deux véhicules - côté,,,,,,,,,,,5,1,1,8,3
200600072037,0006-11-12 20:30:00,6,11,12,20,30,380,565,avenue du 11 novembre,45.28,5.649,Nuit avec éclairage allumé,En agglomération,Hors intersection,Normale,Autre collision,,,,,,,,,,,5,2,1,1,6
200600072038,0006-11-29 18:45:00,6,11,29,18,45,380,235,CD 8,44.979,5.621,Nuit sans éclairage public,En agglomération,Hors intersection,Temps couvert,Deux véhicules - frontale,,,,,,,,,,,3,2,1,8,1
200600072039,0006-11-19 14:15:00,6,11,19,14,15,380,18,Le Mas,,,Plein jour,Hors agglomération,Hors intersection,Normale,Deux véhicules - frontale,,,,,,,,,,,1,1,1,1,1
200600072040,0006-11-26 01:20:00,6,11,26,1,20,380,416,ace Lacombe Maloc - RN92,,,Nuit avec éclairage allumé,En agglomération,Hors intersection,Normale,Deux véhicules - côté,,,,,,,,,,,5,2,1,1,3
200600072041,0006-11-26 18:15:00,6,11,26,18,15,380,409,Quartier Clairivaux,,,Nuit avec éclairage allumé,Hors agglomération,Hors intersection,Normale,Autre collision,,,,,,,,,,,5,1,1,1,6
200600072042,0006-11-13 10:30:00,6,11,13,10,30,380,332,face au 780 rue de la ré,,,Plein jour,En agglomération,Hors intersection,Normale,Autre collision,,,,,,,,,,,1,2,1,1,6
200600072043,0006-11-15 12:15:00,6,11,15,12,15,380,133,LE PILET,45.367,5.611,Plein jour,En agglomération,Hors intersection,Normale,Trois véhicules et plus - collisions multiples,,,,,,,,,,,1,2,1,1,5
200600072044,0006-11-16 18:00:00,6,11,16,18,0,380,373,31 rue du vercors,,,Nuit avec éclairage allumé,En agglomération,Hors intersection,Normale,Deux véhicules - arrière,,,,,,,,,,,5,2,1,1,2
200600072045,0006-11-02 08:10:00,6,11,2,8,10,380,174,Route de Grenoble,45.394,5.364,Plein jour,En agglomération,Hors intersection,Temps éblouissant,Autre collision,,,,,,,,,,,1,2,1,7,6
200600072046,0006-11-14 20:15:00,6,11,14,20,15,380,310,RN 92,,,Nuit sans éclairage public,Hors agglomération,Hors intersection,Normale,Deux véhicules - frontale,,,,,,,,,,,3,1,1,1,1
200600072047,0006-11-28 18:30:00,6,11,28,18,30,380,560,,,,Nuit sans éclairage public,Hors agglomération,Hors intersection,Normale,Deux véhicules - frontale,,,,,,,,,,,3,1,1,1,1
200600072048,0006-11-05 16:15:00,6,11,5,16,15,380,22,13 rue du mollard bresso,45.637,5.563,Plein jour,En agglomération,Hors intersection,Normale,Deux véhicules - frontale,,,,,,,,,,,1,2,1,1,1
200600072049,0006-11-05 16:10:00,6,11,5,16,10,380,343,D 82,,,Plein jour,Hors agglomération,Hors intersection,Normale,Trois véhicules et plus - collisions multiples,,,,,,,,,,,1,1,1,1,5
200600072050,0006-11-17 23:00:00,6,11,17,23,0,380,165,,,,Nuit sans éclairage public,Hors agglomération,Hors intersection,Pluie légère,Deux véhicules - côté,,,,,,,,,,,3,1,1,2,3
200600072051,0006-11-15 18:40:00,6,11,15,18,40,440,66,"lieu-dit ""curette""",,,Nuit sans éclairage public,Hors agglomération,Hors intersection,Normale,Autre collision,,,,,,,,,,,3,1,1,1,6
200600072052,0006-11-22 15:10:00,6,11,22,15,10,440,66,lieu dit le pérou,,,Plein jour,Hors agglomération,Hors intersection,Temps couvert,Trois véhicules et plus - collisions multiples,,,,,,,,,,,1,1,1,8,5
200600072053,0006-11-16 08:15:00,6,11,16,8,15,380,199,,45.482,4.905,Plein jour,Hors agglomération,Intersection en X,Normale,Deux véhicules - côté,,,,,,,,,,,1,1,2,1,3
200600072054,0006-11-03 18:15:00,6,11,3,18,15,380,311,Route de VIENNE - D 51,,,Crépuscule ou aube,Hors agglomération,Hors intersection,Normale,Deux véhicules - frontale,,,,,,,,,,,2,1,1,1,1
200600072055,0006-11-13 18:00:00,6,11,13,18,0,380,69,RN85,,,Nuit sans éclairage public,Hors agglomération,Hors intersection,Normale,Deux véhicules - côté,,,,,,,,,,,3,1,1,1,3
200600072056,0006-11-21 13:15:00,6,11,21,13,15,380,476,,45.501,5.062,Plein jour,Hors agglomération,Intersection en X,Normale,Trois véhicules et plus - en chaîne,,,,,,,,,,,1,1,2,1,4
200600072057,0006-11-08 18:15:00,6,11,8,18,15,380,507,route de Cremieu,45.74,5.18,Nuit avec éclairage allumé,En agglomération,Hors intersection,Normale,Deux véhicules - côté,,,,,,,,,,,5,2,1,1,3
200600072058,0006-11-21 00:01:00,6,11,21,0,1,380,557,,45.786,5.08,Plein jour,Hors agglomération,Intersection en X,Pluie légère,Deux véhicules - côté,,,,,,,,,,,1,1,2,2,3
200600072059,0006-11-26 13:15:00,6,11,26,13,15,380,97,CD55,45.778,5.186,Plein jour,En agglomération,Hors intersection,Normale,Autre collision,,,,,,,,,,,1,2,1,1,6
200600072060,0006-11-18 06:00:00,6,11,18,6,0,380,468,RN7,,,Crépuscule ou aube,En agglomération,Hors intersection,Pluie légère,Deux véhicules - frontale,,,,,,,,,,,2,2,1,2,1
200600072061,0006-11-10 19:00:00,6,11,10,19,0,380,537,172 rue de la liberation,45.643,5.142,Nuit avec éclairage allumé,En agglomération,Hors intersection,Normale,Deux véhicules - côté,,,,,,,,,,,5,2,1,1,3
200600072062,0006-11-20 08:00:00,6,11,20,8,0,420,224,,,,Crépuscule ou aube,Hors agglomération,Hors intersection,Autre,Deux véhicules - frontale,,,,,,,,,,,2,1,1,9,1
200600072063,0006-11-17 20:40:00,6,11,17,20,40,420,208,RD 6,,,Nuit sans éclairage public,Hors agglomération,Hors intersection,Temps couvert,Deux véhicules - frontale,,,,,,,,,,,3,1,1,8,1
200600072064,0006-11-22 04:00:00,6,11,22,4,0,420,97,,,,Nuit sans éclairage public,Hors agglomération,Hors intersection,Normale,Autre collision,,,,,,,,,,,3,1,1,1,6
200600072065,0006-11-28 18:00:00,6,11,28,18,0,420,234,Intersection entre RD11,45.529,4.373,Nuit avec éclairage allumé,En agglomération,Hors intersection,Normale,Autre collision,,,,,,,,,,,5,2,1,1,6
200600072066,0006-11-17 05:30:00,6,11,17,5,30,420,46,RUE DE LA FORGE,45.649,4.046,Nuit avec éclairage allumé,En agglomération,Hors intersection,Normale,Sans collision,,,,,,,,,,,5,2,1,1,7
200600072067,0006-11-17 13:00:00,6,11,17,13,0,420,328,Lieu dit Goutte Baudet,,,Plein jour,Hors agglomération,Hors intersection,Pluie légère,Trois véhicules et plus - collisions multiples,,,,,,,,,,,1,1,1,2,5
200600072068,0006-11-03 20:45:00,6,11,3,20,45,420,22,Avenue de la Mairie,45.528,4.22,Nuit avec éclairage allumé,En agglomération,Hors intersection,Normale,Trois véhicules et plus - collisions multiples,,,,,,,,,,,5,2,1,1,5
200600072069,0006-11-10 16:20:00,6,11,10,16,20,420,304,boulevard Jean Moulin,,,Plein jour,En agglomération,Autre intersection,Normale,Autre collision,,,,,,,,,,,1,2,9,1,6
200600072070,0006-11-29 18:50:00,6,11,29,18,50,420,5,nue Barthémémy THIMONIER,,,Nuit avec éclairage allumé,En agglomération,Hors intersection,Normale,Deux véhicules - côté,,,,,,,,,,,5,2,1,1,3
200600072071,0006-11-18 16:00:00,6,11,18,16,0,420,159,,45.847,3.745,Plein jour,Hors agglomération,Hors intersection,Normale,Autre collision,,,,,,,,,,,1,1,1,1,6
200600072072,0006-11-22 09:45:00,6,11,22,9,45,420,19,RUE DE lYON,,,Nuit avec éclairage allumé,En agglomération,Autre intersection,Autre,Deux véhicules - côté,,,,,,,,,,,5,2,9,9,3
200600072073,0006-11-01 05:45:00,6,11,1,5,45,420,94,D 107 route de Civens,,,Nuit avec éclairage allumé,En agglomération,Hors intersection,Normale,Sans collision,,,,,,,,,,,5,2,1,1,7
200600072074,0006-11-11 04:30:00,6,11,11,4,30,420,41,Les Baraques,,,Nuit sans éclairage public,Hors agglomération,Hors intersection,Normale,Autre collision,,,,,,,,,,,3,1,1,1,6
200600072075,0006-11-22 07:00:00,6,11,22,7,0,420,90,,,,Crépuscule ou aube,Hors agglomération,Hors intersection,Autre,Deux véhicules - frontale,,,,,,,,,,,2,1,1,9,1
200600072076,0006-11-24 19:15:00,6,11,24,19,15,420,94,,,,Nuit sans éclairage public,Hors agglomération,Hors intersection,Normale,Deux véhicules - côté,,,,,,,,,,,3,1,1,1,3
200600072077,0006-11-02 10:59:00,6,11,2,10,59,420,318,te du pin mallet  CD 498,,,Plein jour,En agglomération,Hors intersection,Normale,Autre collision,,,,,,,,,,,1,2,1,1,6
200600072078,0006-11-25 18:00:00,6,11,25,18,0,420,318,,45.37,3.922,Nuit sans éclairage public,Hors agglomération,Hors intersection,Normale,Deux véhicules - frontale,,,,,,,,,,,3,1,1,1,1
200600072079,0006-11-01 09:00:00,6,11,1,9,0,420,289,Rue de l'ancienne gare,,,Plein jour,En agglomération,Hors intersection,Normale,Deux véhicules - côté,,,,,,,,,,,1,2,1,1,3
200600072080,0006-11-24 19:45:00,6,11,24,19,45,420,11,ranchement autoroute A72,,,Nuit avec éclairage allumé,Hors agglomération,Autre intersection,Normale,Deux véhicules - côté,,,,,,,,,,,5,1,9,1,3
200600072081,0006-11-03 16:30:00,6,11,3,16,30,420,267,2195 route de Fleury,46.174,4.13,Plein jour,Hors agglomération,Hors intersection,Normale,Sans collision,,,,,,,,,,,1,1,1,1,7
200600072082,0006-11-23 11:00:00,6,11,23,11,0,420,141,,46.159,4.235,Plein jour,Hors agglomération,Hors intersection,Normale,Autre collision,,,,,,,,,,,1,1,1,1,6
200600072083,0006-11-02 13:05:00,6,11,2,13,5,420,231,RN7,,,Plein jour,Hors agglomération,Hors intersection,Normale,Deux véhicules - frontale,,,,,,,,,,,1,1,1,1,1
200600072084,0006-11-30 19:00:00,6,11,30,19,0,420,49,Le Bourg,46.146,3.891,Nuit avec éclairage allumé,En agglomération,Hors intersection,Normale,Autre collision,,,,,,,,,,,5,2,1,1,6
200600072085,0006-11-10 23:15:00,6,11,10,23,15,730,164,,,,Nuit sans éclairage public,Hors agglomération,Hors intersection,Normale,Autre collision,,,,,,,,,,,3,1,1,1,6
200600072086,0006-11-19 05:30:00,6,11,19,5,30,730,270,RN6,45.552,6.149,Nuit sans éclairage public,Hors agglomération,Hors intersection,Normale,Autre collision,,,,,,,,,,,3,1,1,1,6
200600072087,0006-11-30 07:35:00,6,11,30,7,35,730,183,- Point Kilométrique 11,,,Plein jour,Hors agglomération,Hors intersection,Normale,Deux véhicules - frontale,,,,,,,,,,,1,1,1,1,1
200600072088,0006-11-17 16:00:00,6,11,17,16,0,730,246,,,,Crépuscule ou aube,Hors agglomération,Hors intersection,Temps couvert,Autre collision,,,,,,,,,,,2,1,1,8,6
200600072089,0006-11-30 17:45:00,6,11,30,17,45,730,105,,,,Nuit sans éclairage public,Hors agglomération,Hors intersection,Normale,Deux véhicules - côté,,,,,,,,,,,3,1,1,1,3
200600072090,0006-11-14 11:30:00,6,11,14,11,30,730,89,,,,Plein jour,Hors agglomération,Hors intersection,Normale,Autre collision,,,,,,,,,,,1,1,1,1,6
200600072091,0006-11-18 20:30:00,6,11,18,20,30,730,111,,,,Nuit sans éclairage public,Hors agglomération,Hors intersection,Normale,Autre collision,,,,,,,,,,,3,1,1,1,6
200600072092,0006-11-30 18:15:00,6,11,30,18,15,730,99,intersection RD202 et Ch,45.457,6.102,Nuit avec éclairage allumé,En agglomération,Hors intersection,Normale,Deux véhicules - frontale,,,,,,,,,,,5,2,1,1,1
200600072093,0006-11-25 11:35:00,6,11,25,11,35,730,150,Route de PLAN BOIS,,,Plein jour,Hors agglomération,Hors intersection,Normale,Deux véhicules - frontale,,,,,,,,,,,1,1,1,1,1
200600072094,0006-11-06 14:00:00,6,11,6,14,0,730,54,,,,Plein jour,Hors agglomération,Hors intersection,Normale,Sans collision,,,,,,,,,,,1,1,1,1,7
200600072095,0006-11-24 15:50:00,6,11,24,15,50,730,232,ire de repos de la Raie,,,Plein jour,Hors agglomération,Hors intersection,Normale,Deux véhicules - frontale,,,,,,,,,,,1,1,1,1,1
200600072096,0006-11-18 17:00:00,6,11,18,17,0,730,54,,,,Nuit sans éclairage public,Hors agglomération,Hors intersection,Normale,Sans collision,,,,,,,,,,,3,1,1,1,7
200600072097,0006-11-20 18:00:00,6,11,20,18,0,730,201,,45.44,6.67,Nuit sans éclairage public,Hors agglomération,Hors intersection,Normale,Sans collision,,,,,,,,,,,3,1,1,1,7
200600072098,0006-11-22 13:30:00,6,11,22,13,30,730,3,tion sortie AIGUEBLANCHE,,,Plein jour,En agglomération,Hors intersection,Normale,Deux véhicules - frontale,,,,,,,,,,,1,2,1,1,1
200600072099,0006-11-07 16:45:00,6,11,7,16,45,730,248,Rue charles Dullin,,,Plein jour,En agglomération,Hors intersection,Normale,Autre collision,,,,,,,,,,,1,2,1,1,6
200600072100,0006-11-28 07:00:00,6,11,28,7,0,730,250,ergère - VILLARD CLEMENT,,,Crépuscule ou aube,En agglomération,Hors intersection,Normale,Sans collision,,,,,,,,,,,2,2,1,1,7
200600072101,0006-11-12 14:45:00,6,11,12,14,45,740,104,PK 95.100,,,Plein jour,Hors agglomération,Hors intersection,Normale,Deux véhicules - frontale,,,,,,,,,,,1,1,1,1,1
200600072102,0006-11-21 06:15:00,6,11,21,6,15,740,167,RN 508,,,Nuit avec éclairage allumé,Hors agglomération,Hors intersection,Pluie légère,Deux véhicules - frontale,,,,,,,,,,,5,1,1,2,1
200600072103,0006-11-26 20:45:00,6,11,26,20,45,740,280,Place Avet,,,Nuit avec éclairage allumé,En agglomération,Intersection en T,Normale,Deux véhicules - côté,,,,,,,,,,,5,2,3,1,3
200600072104,0006-11-19 06:30:00,6,11,19,6,30,740,87,,,,Nuit avec éclairage allumé,Hors agglomération,Hors intersection,Normale,Autre collision,,,,,,,,,,,5,1,1,1,6
200600072105,0006-11-04 20:15:00,6,11,4,20,15,740,116,,,,Nuit avec éclairage allumé,Hors agglomération,Hors intersection,Autre,Deux véhicules - côté,,,,,,,,,,,5,1,1,9,3
200600072106,0006-11-17 19:45:00,6,11,17,19,45,740,243,Face au 36 de la rue de,46.155,6.09,Nuit avec éclairage allumé,En agglomération,Hors intersection,Pluie légère,Autre collision,,,,,,,,,,,5,2,1,2,6
200600072107,0006-11-14 08:15:00,6,11,14,8,15,740,220,,46.154,6.258,Plein jour,Hors agglomération,Hors intersection,Normale,Deux véhicules - frontale,,,,,,,,,,,1,1,1,1,1
200600072108,0006-11-27 06:15:00,6,11,27,6,15,740,88,,,,Crépuscule ou aube,Hors agglomération,Hors intersection,Normale,Sans collision,,,,,,,,,,,2,1,1,1,7
200600072109,0006-11-21 16:55:00,6,11,21,16,55,740,77,,,,Nuit sans éclairage public,Hors agglomération,Hors intersection,Pluie forte,Autre collision,,,,,,,,,,,3,1,1,3,6
200600072110,0006-11-24 10:30:00,6,11,24,10,30,740,109,,,,Plein jour,Hors agglomération,Hors intersection,Normale,Deux véhicules - arrière,,,,,,,,,,,1,1,1,1,2
200600072111,0006-11-26 16:30:00,6,11,26,16,30,740,1,,,,Plein jour,Hors agglomération,Hors intersection,Temps couvert,Autre collision,,,,,,,,,,,1,1,1,8,6
200600072112,0006-11-05 04:00:00,6,11,5,4,0,740,32,CD236 Lac de vallon,,,Nuit sans éclairage public,Hors agglomération,Hors intersection,Normale,Autre collision,,,,,,,,,,,3,1,1,1,6
200600072113,0006-11-04 16:30:00,6,11,4,16,30,740,127,,,,Plein jour,Hors agglomération,Hors intersection,Normale,Sans collision,,,,,,,,,,,1,1,1,1,7
200600072114,0006-11-15 17:45:00,6,11,15,17,45,740,166,,46.38,6.531,Crépuscule ou aube,Hors agglomération,Hors intersection,Normale,Autre collision,,,,,,,,,,,2,1,1,1,6
200600072115,0006-11-07 09:45:00,6,11,7,9,45,630,45,,,,Plein jour,Hors agglomération,Intersection en X,Normale,Trois véhicules et plus - collisions multiples,,,,,,,,,,,1,1,2,1,5
200600072116,0006-11-10 07:30:00,6,11,10,7,30,630,334,,45.672,3.486,Plein jour,Hors agglomération,Hors intersection,Temps couvert,Trois véhicules et plus - collisions multiples,,,,,,,,,,,1,1,1,8,5
200600072117,0006-11-07 17:30:00,6,11,7,17,30,630,40,rue Pierre POTIER,,,Crépuscule ou aube,En agglomération,Hors intersection,Normale,Autre collision,,,,,,,,,,,2,2,1,1,6
200600072118,0006-11-14 13:00:00,6,11,14,13,0,630,284,RUE DE LA MARINE,,,Plein jour,En agglomération,Hors intersection,Normale,Sans collision,,,,,,,,,,,1,2,1,1,7
200600072119,0006-11-07 05:15:00,6,11,7,5,15,630,280,,45.647,3.275,Nuit sans éclairage public,Hors agglomération,Hors intersection,Autre,Sans collision,,,,,,,,,,,3,1,1,9,7
200600072120,0006-11-23 17:45:00,6,11,23,17,45,630,227,,45.696,3.218,Crépuscule ou aube,En agglomération,Giratoire,Normale,Deux véhicules - frontale,,,,,,,,,,,2,2,6,1,1
200600072121,0006-11-06 08:20:00,6,11,6,8,20,630,139,le besset,,,Plein jour,Hors agglomération,Hors intersection,Autre,Deux véhicules - côté,,,,,,,,,,,1,1,1,9,3
200600072122,0006-11-19 12:15:00,6,11,19,12,15,630,258,,,,Plein jour,Hors agglomération,Hors intersection,Pluie légère,Autre collision,,,,,,,,,,,1,1,1,2,6
200600072123,0006-11-04 16:30:00,6,11,4,16,30,630,268,Route des Rouleyres,,,Plein jour,En agglomération,Intersection en X,Normale,Trois véhicules et plus - collisions multiples,,,,,,,,,,,1,2,2,1,5
200600072124,0006-11-18 06:45:00,6,11,18,6,45,630,178,ue notre dame des filles,,,Nuit avec éclairage allumé,En agglomération,Intersection en T,Normale,Deux véhicules - frontale,,,,,,,,,,,5,2,3,1,1
200600072125,0006-11-01 14:45:00,6,11,1,14,45,630,5,,,,Plein jour,Hors agglomération,Hors intersection,Normale,Sans collision,,,,,,,,,,,1,1,1,1,7