accident_id,datetime,annee,mois,jour,heure,minute,departement,commune_insee,adresse,latitude,longitude,luminosite,agglomeration,intersection,meteo,collision,nb_vehicules,nb_usagers,nb_indemnes,nb_tues,nb_blesses_hosp,nb_blesses_legers,age_cond_1,age_cond_2,veh_type_cond_1,veh_type_cond_2,lum_code,agg_code,int_code,atm_code,col_code
200600072392,0006-11-04 11:15:00,6,11,4,11,15,890,307,route nationale 77,,,Plein jour,Hors agglomération,Hors intersection,Normale,Deux véhicules - frontale,,,,,,,,,,,1,1,1,1,1
200600072393,0006-11-19 09:45:00,6,11,19,9,45,890,463,,47.858,3.64,Plein jour,Hors agglomération,Intersection en X,Pluie légère,Deux véhicules - côté,,,,,,,,,,,1,1,2,2,3
200600072394,0006-11-23 11:15:00,6,11,23,11,15,890,477,,47.871,3.741,Plein jour,Hors agglomération,Hors intersection,Pluie légère,Sans collision,,,,,,,,,,,1,1,1,2,7
200600072395,0006-11-26 18:45:00,6,11,26,18,45,890,200,,,,Nuit sans éclairage public,Hors agglomération,Hors intersection,Pluie légère,Deux véhicules - arrière,,,,,,,,,,,3,1,1,2,2
200600072396,0006-11-12 01:00:00,6,11,12,1,0,890,419,,47.74,3.319,Nuit sans éclairage public,Hors agglomération,Hors intersection,Pluie légère,Sans collision,,,,,,,,,,,3,1,1,2,7
200600072397,0006-11-13 18:45:00,6,11,13,18,45,890,352,ieu dit le Moulin Foulon,,,Nuit sans éclairage public,Hors agglomération,Hors intersection,Pluie légère,Trois véhicules et plus - collisions multiples,,,,,,,,,,,3,1,1,2,5
200600072398,0006-11-27 07:30:00,6,11,27,7,30,890,25,,,,Plein jour,Hors agglomération,Autre intersection,Normale,Deux véhicules - frontale,,,,,,,,,,,1,1,9,1,1
200600072399,0006-11-28 14:15:00,6,11,28,14,15,890,279,,47.696,4.026,Plein jour,Hors agglomération,Hors intersection,Normale,Deux véhicules - frontale,,,,,,,,,,,1,1,1,1,1
200600072400,0006-11-04 15:20:00,6,11,4,15,20,890,76,route de paris,,,Plein jour,En agglomération,Hors intersection,Normale,Deux véhicules - arrière,,,,,,,,,,,1,2,1,1,2
200600072401,0006-11-24 16:45:00,6,11,24,16,45,890,105,,,,Plein jour,Hors agglomération,Hors intersection,Normale,Deux véhicules - frontale,,,,,,,,,,,1,1,1,1,1
200600072402,0006-11-12 12:25:00,6,11,12,12,25,890,239,rue de SENS,,,Plein jour,Hors agglomération,Hors intersection,Normale,Autre collision,,,,,,,,,,,1,1,1,1,6
200600072403,0006-11-14 15:15:00,6,11,14,15,15,890,461,12 rue Bréard,,,Plein jour,En agglomération,Hors intersection,Pluie légère,Autre collision,,,,,,,,,,,1,2,1,2,6
200600072404,0006-11-05 18:15:00,6,11,5,18,15,890,100,,48.21,2.998,Nuit sans éclairage public,Hors agglomération,Hors intersection,Brouillard / fumée,Autre collision,,,,,,,,,,,3,1,1,5,6
200600072405,0006-11-18 09:30:00,6,11,18,9,30,890,66,CD 905,,,Plein jour,Hors agglomération,Hors intersection,Normale,Autre collision,,,,,,,,,,,1,1,1,1,6
200600072406,0006-11-24 22:15:00,6,11,24,22,15,890,18,Rue de l' île de France,,,Nuit avec éclairage allumé,En agglomération,Hors intersection,Normale,Autre collision,,,,,,,,,,,5,2,1,1,6
200600072407,0006-11-14 12:40:00,6,11,14,12,40,250,143,RN 83 PK 3.500,,,Plein jour,Hors agglomération,Hors intersection,Normale,Deux véhicules - frontale,,,,,,,,,,,1,1,1,1,1
200600072408,0006-11-28 11:00:00,6,11,28,11,0,250,106,,47.113,6.036,Plein jour,Hors agglomération,Hors intersection,Normale,Deux véhicules - frontale,,,,,,,,,,,1,1,1,1,1
200600072409,0006-11-06 15:30:00,6,11,6,15,30,250,57,,47.539,6.787,Plein jour,Hors agglomération,Hors intersection,Normale,Deux véhicules - côté,,,,,,,,,,,1,1,1,1,3
200600072410,0006-11-28 08:47:00,6,11,28,8,47,250,57,eur de l'étang de Rudrop,,,Plein jour,Hors agglomération,Hors intersection,Normale,Deux véhicules - côté,,,,,,,,,,,1,1,1,1,3
200600072411,0006-11-25 19:30:00,6,11,25,19,30,250,632,CD126,,,Nuit sans éclairage public,Hors agglomération,Hors intersection,Normale,Sans collision,,,,,,,,,,,3,1,1,1,7
200600072412,0006-11-01 05:45:00,6,11,1,5,45,250,367,RUE SOUS LA COTE,47.453,6.808,Nuit avec éclairage allumé,En agglomération,Hors intersection,Temps couvert,Autre collision,,,,,,,,,,,5,2,1,8,6
200600072413,0006-11-29 19:25:00,6,11,29,19,25,250,4,D.34,,,Nuit sans éclairage public,Hors agglomération,Hors intersection,Temps couvert,Deux véhicules - côté,,,,,,,,,,,3,1,1,8,3
200600072414,0006-11-26 02:00:00,6,11,26,2,0,250,256,"ieu-dit ""Les Bataillots""",,,Nuit sans éclairage public,Hors agglomération,Hors intersection,Normale,Sans collision,,,,,,,,,,,3,1,1,1,7
200600072415,0006-11-24 17:20:00,6,11,24,17,20,250,463,CD 73 - Rue de Besançon,,,Nuit avec éclairage allumé,Hors agglomération,Hors intersection,Normale,Deux véhicules - arrière,,,,,,,,,,,5,1,1,1,2
200600072416,0006-11-14 21:00:00,6,11,14,21,0,250,156,Rue Gaston RENAUD,,,Nuit avec éclairage allumé,En agglomération,Hors intersection,Normale,Deux véhicules - frontale,,,,,,,,,,,5,2,1,1,1
200600072417,0006-11-04 22:30:00,6,11,4,22,30,250,262,,47.127,6.593,Nuit sans éclairage public,Hors agglomération,Hors intersection,Normale,Deux véhicules - frontale,,,,,,,,,,,3,1,1,1,1
200600072418,0006-11-01 05:10:00,6,11,1,5,10,250,110,"Lieu-Dit ""Le Sourbey""",,,Nuit sans éclairage public,Hors agglomération,Hors intersection,Pluie légère,Autre collision,,,,,,,,,,,3,1,1,2,6
200600072419,0006-11-09 16:35:00,6,11,9,16,35,250,440,Lieu-dit Côte de la Main,,,Plein jour,Hors agglomération,Hors intersection,Temps couvert,Deux véhicules - frontale,,,,,,,,,,,1,1,1,8,1
200600072420,0006-11-02 15:00:00,6,11,2,15,0,250,321,RUE DES CLOS RONDOT,47.066,6.675,Plein jour,En agglomération,Hors intersection,Normale,Deux véhicules - frontale,,,,,,,,,,,1,2,1,1,1
200600072421,0006-11-03 17:45:00,6,11,3,17,45,250,12,,46.961,6.461,Crépuscule ou aube,Hors agglomération,Hors intersection,Normale,Deux véhicules - frontale,,,,,,,,,,,2,1,1,1,1
200600072422,0006-11-12 10:00:00,6,11,12,10,0,390,327,,,,Plein jour,Hors agglomération,Passage à niveau,Temps couvert,Deux véhicules - frontale,,,,,,,,,,,1,1,8,8,1
200600072423,0006-11-10 18:30:00,6,11,10,18,30,390,320,RN.83,,,Nuit sans éclairage public,Hors agglomération,Hors intersection,Temps couvert,Deux véhicules - frontale,,,,,,,,,,,3,1,1,8,1
200600072424,0006-11-20 13:25:00,6,11,20,13,25,390,364,RN5,,,Plein jour,Hors agglomération,Hors intersection,Normale,Deux véhicules - arrière,,,,,,,,,,,1,1,1,1,2
200600072425,0006-11-15 15:15:00,6,11,15,15,15,390,429,54 route du centre,,,Plein jour,En agglomération,Hors intersection,Normale,Deux véhicules - frontale,,,,,,,,,,,1,2,1,1,1
200600072426,0006-11-28 16:00:00,6,11,28,16,0,390,328,,,,Plein jour,Hors agglomération,Hors intersection,Normale,Deux véhicules - frontale,,,,,,,,,,,1,1,1,1,1
200600072427,0006-11-17 13:30:00,6,11,17,13,30,700,114,,47.839,5.954,Plein jour,Hors agglomération,Hors intersection,Normale,Deux véhicules - frontale,,,,,,,,,,,1,1,1,1,1
200600072428,0006-11-11 19:30:00,6,11,11,19,30,700,580,,,,Nuit sans éclairage public,Hors agglomération,Hors intersection,Normale,Autre collision,,,,,,,,,,,3,1,1,1,6
200600072429,0006-11-23 08:00:00,6,11,23,8,0,700,386,,,,Crépuscule ou aube,Hors agglomération,Hors intersection,Pluie légère,Deux véhicules - frontale,,,,,,,,,,,2,1,1,2,1
200600072430,0006-11-30 03:30:00,6,11,30,3,30,700,310,R.N 19,,,Nuit sans éclairage public,Hors agglomération,Hors intersection,Temps couvert,Deux véhicules - frontale,,,,,,,,,,,3,1,1,8,1
200600072431,0006-11-10 15:15:00,6,11,10,15,15,700,312,,47.598,6.731,Plein jour,Hors agglomération,Hors intersection,Normale,Deux véhicules - côté,,,,,,,,,,,1,1,1,1,3
200600072432,0006-11-13 17:45:00,6,11,13,17,45,700,180,12 rue de la poste,47.522,6.539,Nuit avec éclairage allumé,En agglomération,Hors intersection,Normale,Autre collision,,,,,,,,,,,5,2,1,1,6
200600072433,0006-11-10 16:00:00,6,11,10,16,0,700,526,Rue du Général Marcot,47.925,6.1,Plein jour,En agglomération,Hors intersection,Normale,Sans collision,,,,,,,,,,,1,2,1,1,7
200600072434,0006-11-16 08:30:00,6,11,16,8,30,700,6,rue du général de Gaulle,,,Plein jour,En agglomération,Hors intersection,Normale,Autre collision,,,,,,,,,,,1,2,1,1,6
200600072435,0006-11-16 08:00:00,6,11,16,8,0,700,245,,,,Plein jour,Hors agglomération,Hors intersection,Normale,Autre collision,,,,,,,,,,,1,1,1,1,6
200600072436,0006-11-15 07:20:00,6,11,15,7,20,700,102,CD 15,,,Crépuscule ou aube,Hors agglomération,Hors intersection,Brouillard / fumée,Autre collision,,,,,,,,,,,2,1,1,5,6
200600072437,0006-11-21 16:45:00,6,11,21,16,45,700,152,,,,Crépuscule ou aube,Hors agglomération,Hors intersection,Temps couvert,Deux véhicules - arrière,,,,,,,,,,,2,1,1,8,2
200600072438,0006-11-22 16:00:00,6,11,22,16,0,700,334,avenue de la gare,,,Plein jour,En agglomération,Hors intersection,Normale,Deux véhicules - côté,,,,,,,,,,,1,2,1,1,3
200600072439,0006-11-05 15:15:00,6,11,5,15,15,900,97,Carrefour RN437 - CD25,47.575,6.863,Plein jour,En agglomération,Intersection en Y,Normale,Deux véhicules - frontale,,,,,,,,,,,1,2,4,1,1
200600072440,0006-11-15 16:00:00,6,11,15,16,0,900,33,Faubourg de Belfort,,,Plein jour,En agglomération,Hors intersection,Normale,Autre collision,,,,,,,,,,,1,2,1,1,6
200600072441,0006-11-18 12:15:00,6,11,18,12,15,900,46,,47.475,7.066,Plein jour,Hors agglomération,Hors intersection,Pluie légère,Autre collision,,,,,,,,,,,1,1,1,2,6
200600072442,0006-11-26 12:15:00,6,11,26,12,15,900,25,,47.593,7.035,Plein jour,Hors agglomération,Hors intersection,Normale,Deux véhicules - côté,,,,,,,,,,,1,1,1,1,3
200600072443,0006-11-14 05:00:00,6,11,14,5,0,260,41,"sens Nord/sud, PK37+700",,,Nuit sans éclairage public,Hors agglomération,Hors intersection,Normale,Deux véhicules - arrière,,,,,,,,,,,3,1,1,1,2
200600072444,0006-11-16 20:15:00,6,11,16,20,15,260,325,"étrique 29+300, sens S/N",,,Nuit sans éclairage public,Hors agglomération,Hors intersection,Normale,Deux véhicules - frontale,,,,,,,,,,,3,1,1,1,1
200600072445,0006-11-22 04:30:00,6,11,22,4,30,260,41,,45.223,4.817,Nuit sans éclairage public,Hors agglomération,Hors intersection,Normale,Deux véhicules - arrière,,,,,,,,,,,3,1,1,1,2
200600072446,0006-11-06 18:30:00,6,11,6,18,30,260,156,7 sens nord sud PK53+150,,,Nuit sans éclairage public,Hors agglomération,Hors intersection,Normale,Deux véhicules - arrière,,,,,,,,,,,3,1,1,1,2
200600072447,0006-11-20 11:40:00,6,11,20,11,40,260,191,PK 115 NORD-SUD,,,Plein jour,Hors agglomération,Hors intersection,Normale,Deux véhicules - côté,,,,,,,,,,,1,1,1,1,3
200600072448,0006-11-17 15:15:00,6,11,17,15,15,130,41,artier du devens - CD46A,,,Crépuscule ou aube,Hors agglomération,Hors intersection,Pluie forte,Autre collision,,,,,,,,,,,2,1,1,3,6
200600072449,0006-11-05 10:00:00,6,11,5,10,0,130,48,,43.66,5.629,Plein jour,Hors agglomération,Hors intersection,Normale,Sans collision,,,,,,,,,,,1,1,1,1,7
200600072450,0006-11-28 17:15:00,6,11,28,17,15,130,59,chemin de l'Espougnac,43.642,5.498,Crépuscule ou aube,Hors agglomération,Hors intersection,Normale,Deux véhicules - frontale,,,,,,,,,,,2,1,1,1,1
200600072451,0006-11-17 19:15:00,6,11,17,19,15,130,15,,,,Nuit sans éclairage public,En agglomération,Hors intersection,Pluie légère,Sans collision,,,,,,,,,,,3,2,1,2,7
200600072452,0006-11-11 04:45:00,6,11,11,4,45,130,4,"ortie 8 ""Raphèle Moulès""",,,Nuit sans éclairage public,Hors agglomération,Hors intersection,Normale,Autre collision,,,,,,,,,,,3,1,1,1,6
200600072453,0006-11-17 17:45:00,6,11,17,17,45,130,68,r D78e / Chemin St ELOI,,,Nuit avec éclairage allumé,En agglomération,Intersection à plus de 4 branches,Normale,Deux véhicules - côté,,,,,,,,,,,5,2,5,1,3
200600072454,0006-11-19 05:10:00,6,11,19,5,10,130,4,RD.572n PK.8,,,Nuit sans éclairage public,Hors agglomération,Hors intersection,Normale,Sans collision,,,,,,,,,,,3,1,1,1,7
200600072455,0006-11-24 07:30:00,6,11,24,7,30,130,66,,,,Plein jour,Hors agglomération,Intersection en X,Normale,Deux véhicules - côté,,,,,,,,,,,1,1,2,1,3
200600072456,0006-11-29 17:30:00,6,11,29,17,30,130,27,,,,Crépuscule ou aube,Hors agglomération,Hors intersection,Normale,Deux véhicules - côté,,,,,,,,,,,2,1,1,1,3
200600072457,0006-11-16 15:00:00,6,11,16,15,0,130,4,,43.51,4.751,Plein jour,Hors agglomération,Hors intersection,Vent fort / tempête,Autre collision,,,,,,,,,,,1,1,1,6,6
200600072458,0006-11-22 07:00:00,6,11,22,7,0,130,97,RN568 sens FOS / ARLES,43.536,4.83,Crépuscule ou aube,Hors agglomération,Hors intersection,Normale,Sans collision,,,,,,,,,,,2,1,1,1,7
200600072459,0006-11-26 16:30:00,6,11,26,16,30,130,100,CD30 - PK = 3 + 097,,,Plein jour,Hors agglomération,Hors intersection,Normale,Deux véhicules - côté,,,,,,,,,,,1,1,1,1,3
200600072460,0006-11-23 13:15:00,6,11,23,13,15,130,42,"hemin de Jouques, RD 42E",,,Plein jour,Hors agglomération,Hors intersection,Normale,Trois véhicules et plus - collisions multiples,,,,,,,,,,,1,1,1,1,5
200600072461,0006-11-30 20:00:00,6,11,30,20,0,130,22,,,,Nuit sans éclairage public,Hors agglomération,Hors intersection,Normale,Deux véhicules - frontale,,,,,,,,,,,3,1,1,1,1
200600072462,0006-11-12 18:00:00,6,11,12,18,0,130,119,Avenue Georges Bizet,,,Nuit sans éclairage public,En agglomération,Hors intersection,Normale,Deux véhicules - côté,,,,,,,,,,,3,2,1,1,3
200600072463,0006-11-24 15:30:00,6,11,24,15,30,130,13,,,,Plein jour,Hors agglomération,Hors intersection,Normale,Deux véhicules - côté,,,,,,,,,,,1,1,1,1,3
200600072464,0006-11-06 15:35:00,6,11,6,15,35,130,7,Qt pont de joux,,,Plein jour,Hors agglomération,Hors intersection,Normale,Deux véhicules - frontale,,,,,,,,,,,1,1,1,1,1
200600072465,0006-11-16 16:30:00,6,11,16,16,30,130,14,"CD21B, Quartier MAURAN",43.508,5.177,Plein jour,En agglomération,Hors intersection,Normale,Deux véhicules - côté,,,,,,,,,,,1,2,1,1,3
200600072466,0006-11-09 09:45:00,6,11,9,9,45,130,3,,43.716,5.161,Plein jour,Hors agglomération,Hors intersection,Normale,Deux véhicules - côté,,,,,,,,,,,1,1,1,1,3
200600072467,0006-11-20 16:15:00,6,11,20,16,15,130,105,,,,Plein jour,Hors agglomération,Hors intersection,Normale,Deux véhicules - frontale,,,,,,,,,,,1,1,1,1,1
200600072468,0006-11-02 21:45:00,6,11,2,21,45,130,76,,,,Nuit sans éclairage public,Hors agglomération,Hors intersection,Normale,Deux véhicules - côté,,,,,,,,,,,3,1,1,1,3
200600072469,0006-11-06 21:25:00,6,11,6,21,25,130,67,lieu dit les fumades,,,Nuit sans éclairage public,Hors agglomération,Hors intersection,Normale,Deux véhicules - frontale,,,,,,,,,,,3,1,1,1,1
200600072470,0006-11-10 01:00:00,6,11,10,1,0,40,1,,44.059,6.158,Nuit sans éclairage public,Hors agglomération,Hors intersection,Normale,Sans collision,,,,,,,,,,,3,1,1,1,7
200600072471,0006-11-05 18:00:00,6,11,5,18,0,40,149,,,,Nuit sans éclairage public,Hors agglomération,Hors intersection,Normale,Deux véhicules - frontale,,,,,,,,,,,3,1,1,1,1
200600072472,0006-11-22 08:00:00,6,11,22,8,0,40,33,,44.46,6.27,Plein jour,Hors agglomération,Hors intersection,Normale,Autre collision,,,,,,,,,,,1,1,1,1,6
200600072473,0006-11-22 14:30:00,6,11,22,14,30,40,126,,44.4,6.33,Plein jour,Hors agglomération,Hors intersection,Normale,Sans collision,,,,,,,,,,,1,1,1,1,7
200600072474,0006-11-03 16:15:00,6,11,3,16,15,40,136,,44.009,6.551,Plein jour,Hors agglomération,Hors intersection,Normale,Deux véhicules - côté,,,,,,,,,,,1,1,1,1,3
200600072475,0006-11-13 09:00:00,6,11,13,9,0,40,61,,,,Plein jour,Hors agglomération,Hors intersection,Normale,Sans collision,,,,,,,,,,,1,1,1,1,7
200600072476,0006-11-18 01:15:00,6,11,18,1,15,40,166,,43.807,6.044,Nuit sans éclairage public,Hors agglomération,Hors intersection,Normale,Autre collision,,,,,,,,,,,3,1,1,1,6
200600072477,0006-11-17 18:05:00,6,11,17,18,5,40,111,RN 100,,,Nuit sans éclairage public,Hors agglomération,Hors intersection,Pluie forte,Deux véhicules - frontale,,,,,,,,,,,3,1,1,3,1
200600072478,0006-11-04 16:00:00,6,11,4,16,0,40,13,,,,Plein jour,Hors agglomération,Hors intersection,Normale,Autre collision,,,,,,,,,,,1,1,1,1,6
200600072479,0006-11-16 23:10:00,6,11,16,23,10,40,901,route du Jabron,,,Nuit avec éclairage allumé,En agglomération,Hors intersection,Pluie légère,Autre collision,,,,,,,,,,,5,2,1,2,6
200600072480,0006-11-26 05:45:00,6,11,26,5,45,40,209,8 avenue Jean des Figues,,,Nuit avec éclairage allumé,En agglomération,Hors intersection,Normale,Autre collision,,,,,,,,,,,5,2,1,1,6
200600072481,0006-11-17 15:15:00,6,11,17,15,15,50,69,,44.341,5.756,Plein jour,Hors agglomération,Hors intersection,Pluie légère,Sans collision,,,,,,,,,,,1,1,1,2,7
200600072482,0006-11-18 10:45:00,6,11,18,10,45,50,70,avenue de provence,44.319,5.824,Plein jour,En agglomération,Hors intersection,Normale,Autre collision,,,,,,,,,,,1,2,1,1,6
200600072483,0006-11-25 00:15:00,6,11,25,0,15,50,70,,44.308,5.824,Nuit sans éclairage public,Hors agglomération,Hors intersection,Normale,Autre collision,,,,,,,,,,,3,1,1,1,6
200600072484,0006-11-03 15:30:00,6,11,3,15,30,50,72,,44.652,6.086,Plein jour,Hors agglomération,Hors intersection,Normale,Trois véhicules et plus - collisions multiples,,,,,,,,,,,1,1,1,1,5
200600072485,0006-11-15 15:20:00,6,11,15,15,20,50,184,le vivas,,,Plein jour,Hors agglomération,Hors intersection,Normale,Deux véhicules - côté,,,,,,,,,,,1,1,1,1,3
200600072486,0006-11-18 18:30:00,6,11,18,18,30,50,21,,,,Nuit sans éclairage public,Hors agglomération,Hors intersection,Normale,Sans collision,,,,,,,,,,,3,1,1,1,7
200600072487,0006-11-06 10:30:00,6,11,6,10,30,50,10,cd 1075 rte de Grenoble,,,Plein jour,En agglomération,Hors intersection,Normale,Autre collision,,,,,,,,,,,1,2,1,1,6
200600072488,0006-11-18 18:20:00,6,11,18,18,20,50,181,RD 1091,,,Nuit sans éclairage public,Hors agglomération,Intersection en T,Normale,Deux véhicules - frontale,,,,,,,,,,,3,1,3,1,1
200600072489,0006-11-29 17:45:00,6,11,29,17,45,50,161,Moulin Taravelier,44.95,6.563,Nuit avec éclairage allumé,En agglomération,Hors intersection,Pluie légère,Autre collision,,,,,,,,,,,5,2,1,2,6
200600072490,0006-11-01 11:15:00,6,11,1,11,15,50,40,,,,Plein jour,Hors agglomération,Hors intersection,Normale,Deux véhicules - frontale,,,,,,,,,,,1,1,1,1,1
200600072491,0006-11-03 07:45:00,6,11,3,7,45,50,17,FACE A LA MAIRIE,,,Plein jour,En agglomération,Hors intersection,Normale,Deux véhicules - frontale,,,,,,,,,,,1,2,1,1,1
200600072492,0006-11-09 18:30:00,6,11,9,18,30,50,38,,,,Nuit sans éclairage public,Hors agglomération,Hors intersection,Normale,Sans collision,,,,,,,,,,,3,1,1,1,7
200600072493,0006-11-19 11:00:00,6,11,19,11,0,50,119,la place,,,Plein jour,En agglomération,Hors intersection,Normale,Autre collision,,,,,,,,,,,1,2,1,1,6
200600072494,0006-11-02 17:30:00,6,11,2,17,30,60,92,,,,Crépuscule ou aube,Hors agglomération,Hors intersection,Normale,Sans collision,,,,,,,,,,,2,1,1,1,7
200600072495,0006-11-03 16:15:00,6,11,3,16,15,60,91,on D53 / Chemin des lacs,,,Plein jour,Hors agglomération,Hors intersection,Normale,Deux véhicules - frontale,,,,,,,,,,,1,1,1,1,1
200600072496,0006-11-05 05:45:00,6,11,5,5,45,60,147,"CD19, avenue de la Conca",43.785,7.276,Nuit avec éclairage allumé,En agglomération,Hors intersection,Normale,Autre collision,,,,,,,,,,,5,2,1,1,6
200600072497,0006-11-16 14:30:00,6,11,16,14,30,60,151,,43.934,7.267,Plein jour,Hors agglomération,Hors intersection,Normale,Autre collision,,,,,,,,,,,1,1,1,1,6
200600072498,0006-11-27 18:15:00,6,11,27,18,15,60,149,CD2204 LES CHENES VERTS,43.751,7.322,Nuit avec éclairage allumé,En agglomération,Hors intersection,Normale,Deux véhicules - frontale,,,,,,,,,,,5,2,1,1,1
200600072499,0006-11-29 15:30:00,6,11,29,15,30,60,11,Avenue des Hellenes,,,Plein jour,En agglomération,Hors intersection,Normale,Deux véhicules - frontale,,,,,,,,,,,1,2,1,1,1
200600072500,0006-11-01 11:30:00,6,11,1,11,30,60,161,,43.653,7.134,Plein jour,Hors agglomération,Hors intersection,Normale,Deux véhicules - frontale,,,,,,,,,,,1,1,1,1,1
200600072501,0006-11-27 15:45:00,6,11,27,15,45,60,161,AVENUE DES PLANS,,,Plein jour,Hors agglomération,Hors intersection,Normale,Autre collision,,,,,,,,,,,1,1,1,1,6
200600072502,0006-11-30 14:15:00,6,11,30,14,15,60,161,CD6007 - Face LApeyre,,,Plein jour,En agglomération,Hors intersection,Normale,Deux véhicules - frontale,,,,,,,,,,,1,2,1,1,1
200600072503,0006-11-16 09:30:00,6,11,16,9,30,60,79,Rond point Balcon d'Azur,,,Plein jour,Hors agglomération,Giratoire,Normale,Deux véhicules - côté,,,,,,,,,,,1,1,6,1,3
200600072504,0006-11-18 15:15:00,6,11,18,15,15,60,79,AVE GASTON FONTMICHEL,,,Plein jour,En agglomération,Hors intersection,Normale,Deux véhicules - frontale,,,,,,,,,,,1,2,1,1,1
200600072505,0006-11-12 15:30:00,6,11,12,15,30,60,134,,,,Plein jour,Hors agglomération,Hors intersection,Normale,Autre collision,,,,,,,,,,,1,1,1,1,6
200600072506,0006-11-07 00:01:00,6,11,7,0,1,60,157,carrefour maréchal juin,43.729,7.11,Plein jour,En agglomération,Hors intersection,Normale,Autre collision,,,,,,,,,,,1,2,1,1,6
200600072507,0006-11-10 18:15:00,6,11,10,18,15,60,157,,,,Nuit sans éclairage public,Hors agglomération,Hors intersection,Normale,Deux véhicules - frontale,,,,,,,,,,,3,1,1,1,1
200600072508,0006-11-15 12:30:00,6,11,15,12,30,60,122,ancienne route de vence,,,Plein jour,Hors agglomération,Hors intersection,Normale,Deux véhicules - frontale,,,,,,,,,,,1,1,1,1,1
200600072509,0006-11-17 18:30:00,6,11,17,18,30,60,128,,43.68,7.129,Nuit sans éclairage public,Hors agglomération,Hors intersection,Normale,Deux véhicules - côté,,,,,,,,,,,3,1,1,1,3
200600072510,0006-11-21 19:30:00,6,11,21,19,30,60,157,route de CAGNES,,,Nuit avec éclairage allumé,En agglomération,Hors intersection,Pluie légère,Deux véhicules - côté,,,,,,,,,,,5,2,1,2,3
200600072511,0006-11-24 21:30:00,6,11,24,21,30,60,157,avenue rhin et Danube,,,Nuit avec éclairage allumé,En agglomération,Hors intersection,Pluie légère,Deux véhicules - arrière,,,,,,,,,,,5,2,1,2,2
200600072512,0006-11-22 16:45:00,6,11,22,16,45,60,65,route de Cagnes (CD 18),,,Plein jour,En agglomération,Intersection en X,Normale,Deux véhicules - frontale,,,,,,,,,,,1,2,2,1,1
200600072513,0006-11-10 04:30:00,6,11,10,4,30,60,33,,,,Nuit sans éclairage public,Hors agglomération,Hors intersection,Normale,Deux véhicules - frontale,,,,,,,,,,,3,1,1,1,1
200600072514,0006-11-15 13:30:00,6,11,15,13,30,60,938,RD 6202 PLAN DU VAR,,,Plein jour,En agglomération,Autre intersection,Normale,Deux véhicules - côté,,,,,,,,,,,1,2,9,1,3
200600072515,0006-11-30 13:00:00,6,11,30,13,0,60,162,,,,Plein jour,Hors agglomération,Hors intersection,Normale,Autre collision,,,,,,,,,,,1,1,1,1,6
200600072516,0006-11-06 08:30:00,6,11,6,8,30,60,150,,,,Plein jour,Hors agglomération,Hors intersection,Normale,Deux véhicules - côté,,,,,,,,,,,1,1,1,1,3
200600072517,0006-11-17 20:00:00,6,11,17,20,0,60,32,avenue du 03 septembre,,,Nuit avec éclairage allumé,En agglomération,Hors intersection,Pluie légère,Deux véhicules - frontale,,,,,,,,,,,5,2,1,2,1
200600072518,0006-11-25 13:45:00,6,11,25,13,45,60,150,,,,Plein jour,Hors agglomération,Hors intersection,Temps couvert,Deux véhicules - côté,,,,,,,,,,,1,1,1,8,3
200600072519,0006-11-26 16:45:00,6,11,26,16,45,60,120,,,,Nuit sans éclairage public,Hors agglomération,Hors intersection,Normale,Deux véhicules - frontale,,,,,,,,,,,3,1,1,1,1
200600072520,0006-11-04 15:00:00,6,11,4,15,0,830,4,,43.459,6.51,Plein jour,Hors agglomération,Hors intersection,Normale,Deux véhicules - frontale,,,,,,,,,,,1,1,1,1,1
200600072521,0006-11-09 16:30:00,6,11,9,16,30,830,148,,43.41,6.416,Plein jour,Hors agglomération,Hors intersection,Normale,Autre collision,,,,,,,,,,,1,1,1,1,6
200600072522,0006-11-13 16:30:00,6,11,13,16,30,830,4,,43.44,6.447,Plein jour,Hors agglomération,Hors intersection,Normale,Deux véhicules - côté,,,,,,,,,,,1,1,1,1,3
200600072523,0006-11-27 15:55:00,6,11,27,15,55,830,142,quartier priolat,,,Plein jour,Hors agglomération,Hors intersection,Normale,Deux véhicules - arrière,,,,,,,,,,,1,1,1,1,2
200600072524,0006-11-02 22:00:00,6,11,2,22,0,830,13,,,,Nuit sans éclairage public,Hors agglomération,Hors intersection,Normale,Sans collision,,,,,,,,,,,3,1,1,1,7
200600072525,0006-11-04 10:30:00,6,11,4,10,30,830,82,,,,Plein jour,Hors agglomération,Hors intersection,Normale,Deux véhicules - frontale,,,,,,,,,,,1,1,1,1,1