accident_id,datetime,annee,mois,jour,heure,minute,departement,commune_insee,adresse,latitude,longitude,luminosite,agglomeration,intersection,meteo,collision,nb_vehicules,nb_usagers,nb_indemnes,nb_tues,nb_blesses_hosp,nb_blesses_legers,age_cond_1,age_cond_2,veh_type_cond_1,veh_type_cond_2,lum_code,agg_code,int_code,atm_code,col_code
200600072526,0006-11-05 19:45:00,6,11,5,19,45,830,81,,,,Nuit sans éclairage public,Hors agglomération,Intersection en T,Normale,Deux véhicules - côté,,,,,,,,,,,3,1,3,1,3
200600072527,0006-11-08 14:45:00,6,11,8,14,45,830,81,,,,Plein jour,Hors agglomération,Hors intersection,Normale,Deux véhicules - frontale,,,,,,,,,,,1,1,1,1,1
200600072528,0006-11-24 16:00:00,6,11,24,16,0,830,81,,,,Plein jour,Hors agglomération,Hors intersection,Pluie forte,Deux véhicules - frontale,,,,,,,,,,,1,1,1,3,1
200600072529,0006-11-26 01:15:00,6,11,26,1,15,830,72,,,,Nuit sans éclairage public,Hors agglomération,Hors intersection,Normale,Autre collision,,,,,,,,,,,3,1,1,1,6
200600072530,0006-11-05 18:15:00,6,11,5,18,15,830,31,,,,Nuit sans éclairage public,Hors agglomération,Hors intersection,Normale,Autre collision,,,,,,,,,,,3,1,1,1,6
200600072531,0006-11-14 17:45:00,6,11,14,17,45,830,31,CD 558 - PR 5.400,43.365,6.39,Nuit sans éclairage public,Hors agglomération,Hors intersection,Normale,Deux véhicules - côté,,,,,,,,,,,3,1,1,1,3
200600072532,0006-11-05 13:00:00,6,11,5,13,0,830,2,,,,Plein jour,Hors agglomération,Hors intersection,Normale,Autre collision,,,,,,,,,,,1,1,1,1,6
200600072533,0006-11-05 18:15:00,6,11,5,18,15,830,7,,,,Nuit sans éclairage public,Hors agglomération,Hors intersection,Normale,Autre collision,,,,,,,,,,,3,1,1,1,6
200600072534,0006-11-02 14:00:00,6,11,2,14,0,830,23,route du Luc,,,Plein jour,En agglomération,Hors intersection,Normale,Deux véhicules - côté,,,,,,,,,,,1,2,1,1,3
200600072535,0006-11-03 16:30:00,6,11,3,16,30,830,23,CD 79,,,Plein jour,Hors agglomération,Hors intersection,Normale,Sans collision,,,,,,,,,,,1,1,1,1,7
200600072536,0006-11-17 18:25:00,6,11,17,18,25,830,143,hauteur croisement cd 28,,,Nuit sans éclairage public,Hors agglomération,Hors intersection,Pluie forte,Deux véhicules - frontale,,,,,,,,,,,3,1,1,3,1
200600072537,0006-11-18 23:30:00,6,11,18,23,30,830,23,Route du LUC,,,Nuit sans éclairage public,Hors agglomération,Hors intersection,Normale,Autre collision,,,,,,,,,,,3,1,1,1,6
200600072538,0006-11-13 16:30:00,6,11,13,16,30,830,116,chemin des batailloles,43.451,5.86,Plein jour,En agglomération,Hors intersection,Normale,Trois véhicules et plus - collisions multiples,,,,,,,,,,,1,2,1,1,5
200600072539,0006-11-17 14:20:00,6,11,17,14,20,830,87,CD1,,,Plein jour,Hors agglomération,Hors intersection,Pluie légère,Deux véhicules - côté,,,,,,,,,,,1,1,1,2,3
200600072540,0006-11-30 14:00:00,6,11,30,14,0,830,21,lieu dit Signols,43.462,5.968,Plein jour,Hors agglomération,Hors intersection,Normale,Sans collision,,,,,,,,,,,1,1,1,1,7
200600072541,0006-11-24 20:45:00,6,11,24,20,45,830,87,,,,Plein jour,Hors agglomération,Hors intersection,Autre,Sans collision,,,,,,,,,,,1,1,1,9,7
200600072542,0006-11-07 18:30:00,6,11,7,18,30,830,99,l DESSERT / Jean MOULIN,,,Nuit avec éclairage allumé,En agglomération,Hors intersection,Normale,Trois véhicules et plus - collisions multiples,,,,,,,,,,,5,2,1,1,5
200600072543,0006-11-11 12:00:00,6,11,11,12,0,830,107,,43.451,6.627,Plein jour,Hors agglomération,Hors intersection,Normale,Deux véhicules - frontale,,,,,,,,,,,1,1,1,1,1
200600072544,0006-11-09 08:00:00,6,11,9,8,0,830,42,,,,Plein jour,Hors agglomération,Hors intersection,Normale,Autre collision,,,,,,,,,,,1,1,1,1,6
200600072545,0006-11-17 19:00:00,6,11,17,19,0,830,42,Quartier de valensole,,,Nuit avec éclairage allumé,Hors agglomération,Autre intersection,Pluie forte,Deux véhicules - côté,,,,,,,,,,,5,1,9,3,3
200600072546,0006-11-02 07:45:00,6,11,2,7,45,830,86,"le petit courant"" CD 125",,,Plein jour,Hors agglomération,Hors intersection,Normale,Deux véhicules - côté,,,,,,,,,,,1,1,1,1,3
200600072547,0006-11-02 00:01:00,6,11,2,0,1,830,119,Chemin des Graniers,,,Nuit sans éclairage public,En agglomération,Hors intersection,Normale,Deux véhicules - frontale,,,,,,,,,,,3,2,1,1,1
200600072548,0006-11-03 12:45:00,6,11,3,12,45,830,65,parking géant la foux,,,Plein jour,Hors agglomération,Hors intersection,Normale,Deux véhicules - côté,,,,,,,,,,,1,1,1,1,3
200600072549,0006-11-01 10:00:00,6,11,1,10,0,830,91,,43.24,6.224,Plein jour,Hors agglomération,Hors intersection,Normale,Deux véhicules - frontale,,,,,,,,,,,1,1,1,1,1
200600072550,0006-11-03 11:30:00,6,11,3,11,30,830,49,ve St Roch  Rte de Nice,,,Plein jour,En agglomération,Intersection en X,Normale,Trois véhicules et plus - collisions multiples,,,,,,,,,,,1,2,2,1,5
200600072551,0006-11-13 13:30:00,6,11,13,13,30,830,49,,,,Plein jour,En agglomération,Hors intersection,Normale,Sans collision,,,,,,,,,,,1,2,1,1,7
200600072552,0006-11-04 14:15:00,6,11,4,14,15,830,47,CD 29,,,Plein jour,Hors agglomération,Hors intersection,Normale,Deux véhicules - arrière,,,,,,,,,,,1,1,1,1,2
200600072553,0006-11-18 11:20:00,6,11,18,11,20,830,70,al de Lattre de Tassigny,,,Plein jour,En agglomération,Hors intersection,Normale,Autre collision,,,,,,,,,,,1,2,1,1,6
200600072554,0006-11-12 16:00:00,6,11,12,16,0,830,71,CD 559,,,Plein jour,En agglomération,Hors intersection,Normale,Deux véhicules - frontale,,,,,,,,,,,1,2,1,1,1
200600072555,0006-11-04 03:30:00,6,11,4,3,30,830,130,araval lieu dit BEAULIEU,,,Nuit sans éclairage public,Hors agglomération,Hors intersection,Pluie légère,Autre collision,,,,,,,,,,,3,1,1,2,6
200600072556,0006-11-19 14:35:00,6,11,19,14,35,830,54,ute de LA CRAU - CD 554,,,Plein jour,Hors agglomération,Hors intersection,Temps couvert,Deux véhicules - côté,,,,,,,,,,,1,1,1,8,3
200600072557,0006-11-21 07:00:00,6,11,21,7,0,830,130,Avenue des Sénes,,,Plein jour,En agglomération,Hors intersection,Normale,Deux véhicules - côté,,,,,,,,,,,1,2,1,1,3
200600072558,0006-11-18 11:50:00,6,11,18,11,50,840,38,CD 973 - La Roquette,,,Plein jour,Hors agglomération,Hors intersection,Normale,Deux véhicules - frontale,,,,,,,,,,,1,1,1,1,1
200600072559,0006-11-27 13:15:00,6,11,27,13,15,840,99,,,,Plein jour,Hors agglomération,Intersection en X,Normale,Deux véhicules - frontale,,,,,,,,,,,1,1,2,1,1
200600072560,0006-11-18 17:35:00,6,11,18,17,35,840,129,Intersection RN7/CD66,,,Nuit sans éclairage public,Hors agglomération,Hors intersection,Normale,Deux véhicules - côté,,,,,,,,,,,3,1,1,1,3
200600072561,0006-11-30 09:30:00,6,11,30,9,30,840,129,BLD SALVATOR ALLENDE,,,Plein jour,En agglomération,Hors intersection,Normale,Deux véhicules - côté,,,,,,,,,,,1,2,1,1,3
200600072562,0006-11-14 18:30:00,6,11,14,18,30,840,3,"Avenue Victor Hugo, pont",43.881,5.393,Nuit avec éclairage allumé,En agglomération,Hors intersection,Normale,Autre collision,,,,,,,,,,,5,2,1,1,6
200600072563,0006-11-02 15:30:00,6,11,2,15,30,840,52,uartier du Moulin du Pas,,,Plein jour,Hors agglomération,Hors intersection,Normale,Deux véhicules - côté,,,,,,,,,,,1,1,1,1,3
200600072564,0006-11-18 13:00:00,6,11,18,13,0,840,133,Chemin de Piémont,,,Plein jour,En agglomération,Hors intersection,Normale,Deux véhicules - frontale,,,,,,,,,,,1,2,1,1,1
200600072565,0006-11-09 17:45:00,6,11,9,17,45,840,67,rue de la Ramadone,,,Nuit avec éclairage allumé,En agglomération,Hors intersection,Normale,Deux véhicules - côté,,,,,,,,,,,5,2,1,1,3
200600072566,0006-11-01 00:30:00,6,11,1,0,30,840,123,,44.105,5.411,Nuit sans éclairage public,Hors agglomération,Hors intersection,Pluie légère,Autre collision,,,,,,,,,,,3,1,1,2,6
200600072567,0006-11-08 15:30:00,6,11,8,15,30,840,115,,,,Plein jour,Hors agglomération,Hors intersection,Normale,Deux véhicules - frontale,,,,,,,,,,,1,1,1,1,1
200600072568,0006-11-27 16:15:00,6,11,27,16,15,840,123,,,,Plein jour,Hors agglomération,Hors intersection,Normale,Autre collision,,,,,,,,,,,1,1,1,1,6
200600072569,0006-11-22 17:45:00,6,11,22,17,45,840,39,,,,Nuit sans éclairage public,Hors agglomération,Hors intersection,Normale,Trois véhicules et plus - collisions multiples,,,,,,,,,,,3,1,1,1,5
200600072570,0006-11-21 08:50:00,6,11,21,8,50,840,19,Avenue JEAN MOULIN,,,Plein jour,Hors agglomération,Hors intersection,Normale,Deux véhicules - côté,,,,,,,,,,,1,1,1,1,3
200600072571,0006-11-12 01:00:00,6,11,12,1,0,840,127,,,,Nuit sans éclairage public,Hors agglomération,Hors intersection,Normale,Autre collision,,,,,,,,,,,3,1,1,1,6
200600072572,0006-11-28 17:15:00,6,11,28,17,15,840,137,avenue victor hugo,,,Crépuscule ou aube,En agglomération,Autre intersection,Normale,Autre collision,,,,,,,,,,,2,2,9,1,6
200600072573,0006-11-16 14:05:00,6,11,16,14,5,340,57,venue de la Fée Mélusine,,,Plein jour,En agglomération,Hors intersection,Normale,Autre collision,,,,,,,,,,,1,2,1,1,6
200600072574,0006-11-09 18:15:00,6,11,9,18,15,340,67,,43.929,3.704,Nuit avec éclairage allumé,Hors agglomération,Hors intersection,Normale,Deux véhicules - frontale,,,,,,,,,,,5,1,1,1,1
200600072575,0006-11-18 18:40:00,6,11,18,18,40,340,145,al de Lattre de Tassigny,,,Nuit avec éclairage allumé,En agglomération,Hors intersection,Normale,Deux véhicules - côté,,,,,,,,,,,5,2,1,1,3
200600072576,0006-11-23 17:15:00,6,11,23,17,15,340,146,3 - Rue de la République,,,Nuit avec éclairage allumé,En agglomération,Hors intersection,Normale,Autre collision,,,,,,,,,,,5,2,1,1,6
200600072577,0006-11-22 15:15:00,6,11,22,15,15,340,145,CD61,,,Plein jour,Hors agglomération,Hors intersection,Normale,Deux véhicules - arrière,,,,,,,,,,,1,1,1,1,2
200600072578,0006-11-28 15:15:00,6,11,28,15,15,340,145,Avenue Tassigny,,,Plein jour,En agglomération,Hors intersection,Normale,Deux véhicules - frontale,,,,,,,,,,,1,2,1,1,1
200600072579,0006-11-26 11:00:00,6,11,26,11,0,340,78,Avenue des Embruscalles,43.866,3.906,Plein jour,En agglomération,Hors intersection,Normale,Deux véhicules - frontale,,,,,,,,,,,1,2,1,1,1
200600072580,0006-11-24 14:00:00,6,11,24,14,0,340,260,Avenue des treilles,,,Plein jour,En agglomération,Hors intersection,Normale,Deux véhicules - frontale,,,,,,,,,,,1,2,1,1,1
200600072581,0006-11-05 08:30:00,6,11,5,8,30,340,52,11 - avenue de Toulouse,,,Plein jour,Hors agglomération,Hors intersection,Normale,Autre collision,,,,,,,,,,,1,1,1,1,6
200600072582,0006-11-04 13:30:00,6,11,4,13,30,340,140,,43.377,3.183,Plein jour,Hors agglomération,Intersection en X,Normale,Deux véhicules - frontale,,,,,,,,,,,1,1,2,1,1
200600072583,0006-11-09 17:45:00,6,11,9,17,45,340,178,,43.44,3.146,Nuit avec éclairage allumé,En agglomération,Hors intersection,Normale,Autre collision,,,,,,,,,,,5,2,1,1,6
200600072584,0006-11-01 12:30:00,6,11,1,12,30,340,17,CD 613,,,Plein jour,Hors agglomération,Hors intersection,Normale,Autre collision,,,,,,,,,,,1,1,1,1,6
200600072585,0006-11-04 08:15:00,6,11,4,8,15,340,199,Carrefour 8 mai 1945,43.466,3.419,Plein jour,En agglomération,Hors intersection,Normale,Deux véhicules - frontale,,,,,,,,,,,1,2,1,1,1
200600072586,0006-11-05 16:00:00,6,11,5,16,0,340,311,RN113,,,Plein jour,Hors agglomération,Hors intersection,Normale,Deux véhicules - côté,,,,,,,,,,,1,1,1,1,3
200600072587,0006-11-06 15:15:00,6,11,6,15,15,340,325,,43.428,3.367,Plein jour,Hors agglomération,Hors intersection,Normale,Autre collision,,,,,,,,,,,1,1,1,1,6
200600072588,0006-11-14 22:45:00,6,11,14,22,45,340,325,RN9,43.431,3.37,Nuit sans éclairage public,Hors agglomération,Hors intersection,Normale,Autre collision,,,,,,,,,,,3,1,1,1,6
200600072589,0006-11-17 21:00:00,6,11,17,21,0,340,162,,43.486,3.484,Nuit sans éclairage public,Hors agglomération,Hors intersection,Normale,Deux véhicules - frontale,,,,,,,,,,,3,1,1,1,1
200600072590,0006-11-16 17:50:00,6,11,16,17,50,340,305,PK  19 CD 907,,,Nuit sans éclairage public,Hors agglomération,Hors intersection,Brouillard / fumée,Trois véhicules et plus - collisions multiples,,,,,,,,,,,3,1,1,5,5
200600072591,0006-11-07 18:10:00,6,11,7,18,10,340,300,RD 18 E 4 PR 1+500,43.414,3.311,Nuit sans éclairage public,Hors agglomération,Hors intersection,Normale,Deux véhicules - arrière,,,,,,,,,,,3,1,1,1,2
200600072592,0006-11-10 08:30:00,6,11,10,8,30,340,94,avenue de la gare,43.445,3.264,Plein jour,En agglomération,Hors intersection,Normale,Deux véhicules - arrière,,,,,,,,,,,1,2,1,1,2
200600072593,0006-11-05 14:15:00,6,11,5,14,15,340,324,sses sous la tour / rue,,,Plein jour,En agglomération,Intersection en T,Normale,Deux véhicules - côté,,,,,,,,,,,1,2,3,1,3
200600072594,0006-11-18 17:45:00,6,11,18,17,45,340,209,,43.319,3.362,Plein jour,Hors agglomération,Hors intersection,Normale,Deux véhicules - frontale,,,,,,,,,,,1,1,1,1,1
200600072595,0006-11-30 14:30:00,6,11,30,14,30,340,299,,43.286,3.31,Plein jour,Hors agglomération,Hors intersection,Normale,Sans collision,,,,,,,,,,,1,1,1,1,7
200600072596,0006-11-23 17:30:00,6,11,23,17,30,340,142,,,,Crépuscule ou aube,Hors agglomération,Hors intersection,Normale,Deux véhicules - frontale,,,,,,,,,,,2,1,1,1,1
200600072597,0006-11-05 18:45:00,6,11,5,18,45,340,47,,43.549,3.486,Nuit sans éclairage public,Hors agglomération,Hors intersection,Normale,Trois véhicules et plus - collisions multiples,,,,,,,,,,,3,1,1,1,5
200600072598,0006-11-08 06:30:00,6,11,8,6,30,340,210,,43.592,3.509,Nuit sans éclairage public,Hors agglomération,Hors intersection,Normale,Deux véhicules - frontale,,,,,,,,,,,3,1,1,1,1
200600072599,0006-11-23 08:45:00,6,11,23,8,45,340,175,,43.613,3.304,Plein jour,Hors agglomération,Hors intersection,Normale,Autre collision,,,,,,,,,,,1,1,1,1,6
200600072600,0006-11-17 16:20:00,6,11,17,16,20,340,267,CD 9E2  PK 37,,,Plein jour,Hors agglomération,Hors intersection,Pluie légère,Deux véhicules - frontale,,,,,,,,,,,1,1,1,2,1
200600072601,0006-11-18 17:30:00,6,11,18,17,30,340,173,"PK 6,250 D141",,,Crépuscule ou aube,Hors agglomération,Hors intersection,Normale,Autre collision,,,,,,,,,,,2,1,1,1,6
200600072602,0006-11-27 18:05:00,6,11,27,18,5,340,114,chemin du pélican,,,Nuit sans éclairage public,En agglomération,Hors intersection,Normale,Autre collision,,,,,,,,,,,3,2,1,1,6
200600072603,0006-11-10 18:30:00,6,11,10,18,30,340,31,avenue de la Victoire,43.364,3.425,Nuit avec éclairage allumé,En agglomération,Hors intersection,Normale,Deux véhicules - côté,,,,,,,,,,,5,2,1,1,3
200600072604,0006-11-22 18:15:00,6,11,22,18,15,340,95,Rue Georges Clémenceau R,,,Nuit avec éclairage allumé,En agglomération,Hors intersection,Normale,Deux véhicules - côté,,,,,,,,,,,5,2,1,1,3
200600072605,0006-11-01 18:15:00,6,11,1,18,15,340,213,,43.507,3.666,Nuit sans éclairage public,Hors agglomération,Hors intersection,Normale,Autre collision,,,,,,,,,,,3,1,1,1,6
200600072606,0006-11-14 07:00:00,6,11,14,7,0,340,213,RD 613,43.477,3.684,Crépuscule ou aube,Hors agglomération,Hors intersection,Normale,Deux véhicules - frontale,,,,,,,,,,,2,1,1,1,1
200600072607,0006-11-24 22:30:00,6,11,24,22,30,110,84,,43.239,2.257,Nuit sans éclairage public,Hors agglomération,Hors intersection,Normale,Autre collision,,,,,,,,,,,3,1,1,1,6
200600072608,0006-11-23 11:10:00,6,11,23,11,10,110,378,", Lieu dit ""La carrière""",,,Plein jour,Hors agglomération,Hors intersection,Normale,Deux véhicules - frontale,,,,,,,,,,,1,1,1,1,1
200600072609,0006-11-17 06:45:00,6,11,17,6,45,110,433,,43.314,2.493,Nuit sans éclairage public,Hors agglomération,Intersection en X,Normale,Deux véhicules - côté,,,,,,,,,,,3,1,2,1,3
200600072610,0006-11-12 16:50:00,6,11,12,16,50,110,105,CD 118,,,Plein jour,Hors agglomération,Hors intersection,Pluie légère,Deux véhicules - côté,,,,,,,,,,,1,1,1,2,3
200600072611,0006-11-17 20:30:00,6,11,17,20,30,110,344,,43.109,2.32,Nuit sans éclairage public,Hors agglomération,Hors intersection,Normale,Autre collision,,,,,,,,,,,3,1,1,1,6
200600072612,0006-11-03 23:10:00,6,11,3,23,10,110,34,avenue des platanes,,,Nuit avec éclairage allumé,En agglomération,Hors intersection,Normale,Autre collision,,,,,,,,,,,5,2,1,1,6
200600072613,0006-11-18 13:45:00,6,11,18,13,45,110,304,,42.884,2.172,Plein jour,Hors agglomération,Hors intersection,Normale,Deux véhicules - frontale,,,,,,,,,,,1,1,1,1,1
200600072614,0006-11-09 14:00:00,6,11,9,14,0,110,255,,,,Plein jour,Hors agglomération,Hors intersection,Normale,Deux véhicules - frontale,,,,,,,,,,,1,1,1,1,1
200600072615,0006-11-12 15:45:00,6,11,12,15,45,110,421,Route de CANET,,,Plein jour,En agglomération,Hors intersection,Normale,Deux véhicules - frontale,,,,,,,,,,,1,2,1,1,1
200600072616,0006-11-28 15:30:00,6,11,28,15,30,110,24,,,,Plein jour,Hors agglomération,Hors intersection,Normale,Deux véhicules - frontale,,,,,,,,,,,1,1,1,1,1
200600072617,0006-11-21 15:00:00,6,11,21,15,0,110,164,,,,Plein jour,Hors agglomération,Hors intersection,Normale,Deux véhicules - arrière,,,,,,,,,,,1,1,1,1,2
200600072618,0006-11-25 20:45:00,6,11,25,20,45,110,353,AVENUE DE ST PONS,,,Nuit avec éclairage allumé,En agglomération,Hors intersection,Normale,Deux véhicules - frontale,,,,,,,,,,,5,2,1,1,1
200600072619,0006-11-21 17:40:00,6,11,21,17,40,110,172,CD 610 - STATION LACANS,,,Nuit sans éclairage public,Hors agglomération,Hors intersection,Pluie légère,Trois véhicules et plus - collisions multiples,,,,,,,,,,,3,1,1,2,5
200600072620,0006-11-04 19:30:00,6,11,4,19,30,300,156,,,,Nuit sans éclairage public,Hors agglomération,Passage à niveau,Normale,Deux véhicules - côté,,,,,,,,,,,3,1,8,1,3
200600072621,0006-11-15 07:15:00,6,11,15,7,15,300,211,CD999,,,Plein jour,En agglomération,Hors intersection,Normale,Trois véhicules et plus - en chaîne,,,,,,,,,,,1,2,1,1,4
200600072622,0006-11-11 18:00:00,6,11,11,18,0,300,6,,43.683,4.211,Nuit sans éclairage public,Hors agglomération,Hors intersection,Normale,Deux véhicules - côté,,,,,,,,,,,3,1,1,1,3
200600072623,0006-11-20 09:00:00,6,11,20,9,0,300,36,,43.777,4.284,Crépuscule ou aube,Hors agglomération,Hors intersection,Normale,Deux véhicules - côté,,,,,,,,,,,2,1,1,1,3
200600072624,0006-11-29 13:30:00,6,11,29,13,30,300,333,,43.761,4.269,Plein jour,Hors agglomération,Hors intersection,Normale,Deux véhicules - frontale,,,,,,,,,,,1,1,1,1,1
200600072625,0006-11-29 15:45:00,6,11,29,15,45,300,83,RN 113,43.732,4.222,Plein jour,En agglomération,Hors intersection,Normale,Deux véhicules - arrière,,,,,,,,,,,1,2,1,1,2
200600072626,0006-11-24 16:15:00,6,11,24,16,15,300,320,,44.13,4.307,Plein jour,Hors agglomération,Hors intersection,Normale,Deux véhicules - frontale,,,,,,,,,,,1,1,1,1,1
200600072627,0006-11-17 02:00:00,6,11,17,2,0,300,41,D979,,,Nuit sans éclairage public,Hors agglomération,Hors intersection,Pluie légère,Sans collision,,,,,,,,,,,3,1,1,2,7
200600072628,0006-11-11 02:15:00,6,11,11,2,15,300,89,,43.855,4.6,Nuit sans éclairage public,Hors agglomération,Hors intersection,Normale,Sans collision,,,,,,,,,,,3,1,1,1,7
200600072629,0006-11-18 07:45:00,6,11,18,7,45,300,317,,43.932,4.562,Crépuscule ou aube,Hors agglomération,Hors intersection,Brouillard / fumée,Autre collision,,,,,,,,,,,2,1,1,5,6
200600072630,0006-11-23 10:15:00,6,11,23,10,15,300,212,avenue geoffroy perret,43.943,4.57,Plein jour,En agglomération,Hors intersection,Normale,Autre collision,,,,,,,,,,,1,2,1,1,6
200600072631,0006-11-01 12:55:00,6,11,1,12,55,300,255,chemin des arnédes,,,Plein jour,Hors agglomération,Hors intersection,Normale,Deux véhicules - frontale,,,,,,,,,,,1,1,1,1,1
200600072632,0006-11-15 08:05:00,6,11,15,8,5,300,122,CD 907 route de NIMES,,,Plein jour,Hors agglomération,Hors intersection,Normale,Deux véhicules - côté,,,,,,,,,,,1,1,1,1,3
200600072633,0006-11-17 20:00:00,6,11,17,20,0,300,272,CD 999,,,Nuit sans éclairage public,Hors agglomération,Hors intersection,Normale,Deux véhicules - frontale,,,,,,,,,,,3,1,1,1,1
200600072634,0006-11-03 19:45:00,6,11,3,19,45,300,329,"D 907, PK 45.800",,,Nuit sans éclairage public,Hors agglomération,Hors intersection,Normale,Deux véhicules - frontale,,,,,,,,,,,3,1,1,1,1
200600072635,0006-11-07 15:00:00,6,11,7,15,0,300,210,,,,Plein jour,Hors agglomération,Hors intersection,Temps couvert,Sans collision,,,,,,,,,,,1,1,1,8,7
200600072636,0006-11-02 14:15:00,6,11,2,14,15,480,16,,44.491,3.426,Plein jour,Hors agglomération,Hors intersection,Normale,Autre collision,,,,,,,,,,,1,1,1,1,6
200600072637,0006-11-05 16:30:00,6,11,5,16,30,480,92,tier du Galion-   CD 900,,,Plein jour,En agglomération,Hors intersection,Normale,Autre collision,,,,,,,,,,,1,2,1,1,6
200600072638,0006-11-05 03:45:00,6,11,5,3,45,480,58,"""le Védrinel""",,,Nuit avec éclairage allumé,En agglomération,Hors intersection,Autre,Autre collision,,,,,,,,,,,5,2,1,9,6
200600072639,0006-11-07 09:15:00,6,11,7,9,15,480,63,"PR 3, D4",,,Plein jour,Hors agglomération,Hors intersection,Normale,Deux véhicules - frontale,,,,,,,,,,,1,1,1,1,1
200600072640,0006-11-30 10:00:00,6,11,30,10,0,660,37,avenue des hauts de Cane,,,Plein jour,En agglomération,Intersection en T,Normale,Deux véhicules - côté,,,,,,,,,,,1,2,3,1,3
200600072641,0006-11-03 14:00:00,6,11,3,14,0,660,11,,,,Plein jour,Hors agglomération,Giratoire,Normale,Sans collision,,,,,,,,,,,1,1,6,1,7
200600072642,0006-11-18 19:40:00,6,11,18,19,40,660,930,C.D. 81,,,Nuit sans éclairage public,Hors agglomération,Intersection en T,Brouillard / fumée,Deux véhicules - côté,,,,,,,,,,,3,1,3,5,3
200600072643,0006-11-17 21:45:00,6,11,17,21,45,660,50,"partementale N°1, Pk 31,",,,Nuit sans éclairage public,Hors agglomération,Hors intersection,Normale,Sans collision,,,,,,,,,,,3,1,1,1,7
200600072644,0006-11-26 12:00:00,6,11,26,12,0,660,50,"CLAIRA à BOMPAS, Pk 28+1",,,Plein jour,Hors agglomération,Hors intersection,Temps couvert,Deux véhicules - côté,,,,,,,,,,,1,1,1,8,3
200600072645,0006-11-03 18:45:00,6,11,3,18,45,660,24,av Général Santraille,42.528,2.83,Nuit avec éclairage allumé,En agglomération,Hors intersection,Normale,Autre collision,,,,,,,,,,,5,2,1,1,6
200600072646,0006-11-19 03:00:00,6,11,19,3,0,660,106,Avenue M. Joffre,42.498,2.813,Nuit avec éclairage allumé,En agglomération,Hors intersection,Normale,Autre collision,,,,,,,,,,,5,2,1,1,6
200600072647,0006-11-23 14:20:00,6,11,23,14,20,660,137,avenue de france,,,Plein jour,En agglomération,Hors intersection,Normale,Autre collision,,,,,,,,,,,1,2,1,1,6
200600072648,0006-11-26 19:00:00,6,11,26,19,0,660,15,lieu dit la croix verte,,,Nuit sans éclairage public,Hors agglomération,Hors intersection,Brouillard / fumée,Trois véhicules et plus - collisions multiples,,,,,,,,,,,3,1,1,5,5
200600072649,0006-11-26 01:45:00,6,11,26,1,45,660,148,boulevard bellevue,,,Nuit avec éclairage non allumé,En agglomération,Hors intersection,Normale,Autre collision,,,,,,,,,,,4,2,1,1,6
200600072650,0006-11-01 18:45:00,6,11,1,18,45,660,23,RN116,,,Nuit sans éclairage public,Hors agglomération,Hors intersection,Normale,Trois véhicules et plus - collisions multiples,,,,,,,,,,,3,1,1,1,5
200600072651,0006-11-10 14:45:00,6,11,10,14,45,201,130,PORTICCIO,,,Plein jour,En agglomération,Hors intersection,Normale,Deux véhicules - côté,,,,,,,,,,,1,2,1,1,3
200600072652,0006-11-12 11:31:00,6,11,12,11,31,201,228,CD 55,,,Plein jour,Hors agglomération,Hors intersection,Temps couvert,Autre collision,,,,,,,,,,,1,1,1,8,6
200600072653,0006-11-30 18:20:00,6,11,30,18,20,201,85,"RN196 , pisciatello",,,Nuit avec éclairage non allumé,Hors agglomération,Hors intersection,Normale,Autre collision,,,,,,,,,,,4,1,1,1,6
200600072654,0006-11-10 14:30:00,6,11,10,14,30,201,345,"lieu-dit ""Vangone""",,,Plein jour,Hors agglomération,Hors intersection,Normale,Autre collision,,,,,,,,,,,1,1,1,1,6
200600072655,0006-11-17 11:45:00,6,11,17,11,45,201,1,,,,Plein jour,Hors agglomération,Hors intersection,Normale,Trois véhicules et plus - en chaîne,,,,,,,,,,,1,1,1,1,4
200600072656,0006-11-18 20:15:00,6,11,18,20,15,201,17,,,,Nuit sans éclairage public,Hors agglomération,Hors intersection,Pluie légère,Deux véhicules - frontale,,,,,,,,,,,3,1,1,2,1
200600072657,0006-11-01 15:15:00,6,11,1,15,15,201,41,Rond point de la Mairie,,,Plein jour,En agglomération,Giratoire,Normale,Sans collision,,,,,,,,,,,1,2,6,1,7
200600072658,0006-11-13 17:15:00,6,11,13,17,15,201,247,"Lieu dit ""Pont de Murate",,,Nuit sans éclairage public,En agglomération,Hors intersection,Normale,Autre collision,,,,,,,,,,,3,2,1,1,6