accident_id,datetime,annee,mois,jour,heure,minute,departement,commune_insee,adresse,latitude,longitude,luminosite,agglomeration,intersection,meteo,collision,nb_vehicules,nb_usagers,nb_indemnes,nb_tues,nb_blesses_hosp,nb_blesses_legers,age_cond_1,age_cond_2,veh_type_cond_1,veh_type_cond_2,lum_code,agg_code,int_code,atm_code,col_code
200600072790,0006-11-22 14:45:00,6,11,22,14,45,360,46,Carrefour rue Nationale/,46.586,1.988,Plein jour,En agglomération,Hors intersection,Pluie légère,Trois véhicules et plus - collisions multiples,,,,,,,,,,,1,2,1,2,5
200600072791,0006-11-23 10:45:00,6,11,23,10,45,360,46,Av  Gambetta,,,Plein jour,En agglomération,Hors intersection,Normale,Autre collision,,,,,,,,,,,1,2,1,1,6
200600072792,0006-11-25 11:15:00,6,11,25,11,15,360,99,,46.439,1.722,Plein jour,Hors agglomération,Hors intersection,Temps couvert,Autre collision,,,,,,,,,,,1,1,1,8,6
200600072793,0006-11-01 23:00:00,6,11,1,23,0,360,181,cd68 PK 12 +700,46.838,2.027,Nuit sans éclairage public,Hors agglomération,Hors intersection,Normale,Sans collision,,,,,,,,,,,3,1,1,1,7
200600072794,0006-11-05 17:30:00,6,11,5,17,30,360,199,,,,Plein jour,Hors agglomération,Hors intersection,Normale,Deux véhicules - arrière,,,,,,,,,,,1,1,1,1,2
200600072795,0006-11-12 18:45:00,6,11,12,18,45,360,102,,47.095,1.921,Nuit sans éclairage public,Hors agglomération,Hors intersection,Temps couvert,Sans collision,,,,,,,,,,,3,1,1,8,7
200600072796,0006-11-09 20:45:00,6,11,9,20,45,370,3,Quai Général DE GAULLE,,,Nuit avec éclairage allumé,En agglomération,Hors intersection,Normale,Autre collision,,,,,,,,,,,5,2,1,1,6
200600072797,0006-11-11 18:00:00,6,11,11,18,0,370,163,Boulevard des platanes,,,Nuit avec éclairage allumé,En agglomération,Hors intersection,Pluie légère,Deux véhicules - côté,,,,,,,,,,,5,2,1,2,3
200600072798,0006-11-28 16:45:00,6,11,28,16,45,370,3,Carrefour  Av Montils,47.407,0.998,Plein jour,En agglomération,Intersection en X,Normale,Deux véhicules - côté,,,,,,,,,,,1,2,2,1,3
200600072799,0006-11-08 20:00:00,6,11,8,20,0,370,139,CD49,,,Nuit avec éclairage allumé,En agglomération,Autre intersection,Normale,Deux véhicules - frontale,,,,,,,,,,,5,2,9,1,1
200600072800,0006-11-12 00:45:00,6,11,12,0,45,370,55,CD 749 PK 11+150,,,Nuit sans éclairage public,Hors agglomération,Hors intersection,Pluie légère,Autre collision,,,,,,,,,,,3,1,1,2,6
200600072801,0006-11-20 10:30:00,6,11,20,10,30,370,30,,,,Plein jour,Hors agglomération,Hors intersection,Pluie légère,Sans collision,,,,,,,,,,,1,1,1,2,7
200600072802,0006-11-27 07:30:00,6,11,27,7,30,370,276,,,,Crépuscule ou aube,Hors agglomération,Hors intersection,Normale,Trois véhicules et plus - en chaîne,,,,,,,,,,,2,1,1,1,4
200600072803,0006-11-01 07:50:00,6,11,1,7,50,370,202,Vignobles du Paradis '',,,Crépuscule ou aube,Hors agglomération,Hors intersection,Normale,Autre collision,,,,,,,,,,,2,1,1,1,6
200600072804,0006-11-14 20:00:00,6,11,14,20,0,370,193,,47.266,0.22,Nuit sans éclairage public,Hors agglomération,Hors intersection,Pluie légère,Autre collision,,,,,,,,,,,3,1,1,2,6
200600072805,0006-11-25 16:30:00,6,11,25,16,30,370,72,route de l'ancien port,47.176,0.208,Nuit sans éclairage public,En agglomération,Hors intersection,Pluie légère,Autre collision,,,,,,,,,,,3,2,1,2,6
200600072806,0006-11-24 13:00:00,6,11,24,13,0,370,58,"RN 152, PR 77",,,Plein jour,Hors agglomération,Hors intersection,Pluie légère,Deux véhicules - frontale,,,,,,,,,,,1,1,1,2,1
200600072807,0006-11-28 09:45:00,6,11,28,9,45,370,72,rue Philippe DE COMMINES,,,Plein jour,En agglomération,Hors intersection,Normale,Deux véhicules - frontale,,,,,,,,,,,1,2,1,1,1
200600072808,0006-11-17 22:20:00,6,11,17,22,20,370,226,nue du Général de Gaulle,,,Nuit avec éclairage allumé,En agglomération,Hors intersection,Normale,Deux véhicules - côté,,,,,,,,,,,5,2,1,1,3
200600072809,0006-11-16 12:00:00,6,11,16,12,0,370,132,19 rue république,47.133,0.998,Plein jour,En agglomération,Hors intersection,Normale,Autre collision,,,,,,,,,,,1,2,1,1,6
200600072810,0006-11-19 07:30:00,6,11,19,7,30,370,259,,46.74,0.95,Crépuscule ou aube,Hors agglomération,Hors intersection,Pluie légère,Sans collision,,,,,,,,,,,2,1,1,2,7
200600072811,0006-11-25 21:00:00,6,11,25,21,0,370,61,,46.91,0.97,Nuit sans éclairage public,Hors agglomération,Hors intersection,Normale,Autre collision,,,,,,,,,,,3,1,1,1,6
200600072812,0006-11-25 12:30:00,6,11,25,12,30,370,266,,,,Plein jour,Hors agglomération,Hors intersection,Temps couvert,Deux véhicules - frontale,,,,,,,,,,,1,1,1,8,1
200600072813,0006-11-10 05:30:00,6,11,10,5,30,410,109,,,,Nuit sans éclairage public,Hors agglomération,Hors intersection,Pluie légère,Autre collision,,,,,,,,,,,3,1,1,2,6
200600072814,0006-11-05 18:00:00,6,11,5,18,0,410,220,,,,Nuit sans éclairage public,Hors agglomération,Hors intersection,Normale,Deux véhicules - arrière,,,,,,,,,,,3,1,1,1,2
200600072815,0006-11-02 11:00:00,6,11,2,11,0,410,258,29 RUE NATIONALE,,,Plein jour,En agglomération,Hors intersection,Normale,Autre collision,,,,,,,,,,,1,2,1,1,6
200600072816,0006-11-10 06:00:00,6,11,10,6,0,410,164,Rue de Ricoisnes,,,Nuit sans éclairage public,En agglomération,Hors intersection,Normale,Autre collision,,,,,,,,,,,3,2,1,1,6
200600072817,0006-11-19 00:15:00,6,11,19,0,15,410,181,,47.327,1.279,Nuit sans éclairage public,Hors agglomération,Hors intersection,Pluie forte,Autre collision,,,,,,,,,,,3,1,1,3,6
200600072818,0006-11-23 08:15:00,6,11,23,8,15,410,176,dit ''Le Petit Reuilly'',,,Crépuscule ou aube,Hors agglomération,Hors intersection,Pluie légère,Autre collision,,,,,,,,,,,2,1,1,2,6
200600072819,0006-11-24 07:20:00,6,11,24,7,20,410,232,Place de la Bastille,,,Crépuscule ou aube,En agglomération,Hors intersection,Pluie légère,Deux véhicules - côté,,,,,,,,,,,2,2,1,2,3
200600072820,0006-11-23 09:30:00,6,11,23,9,30,410,185,,47.378,1.692,Nuit sans éclairage public,Hors agglomération,Hors intersection,Pluie légère,Deux véhicules - frontale,,,,,,,,,,,3,1,1,2,1
200600072821,0006-11-13 18:00:00,6,11,13,18,0,330,333,,44.902,-1.085,Nuit sans éclairage public,Hors agglomération,Hors intersection,Normale,Deux véhicules - frontale,,,,,,,,,,,3,1,1,1,1
200600072822,0006-11-24 11:00:00,6,11,24,11,0,330,97,,45.08,-1.063,Plein jour,Hors agglomération,Hors intersection,Pluie légère,Deux véhicules - frontale,,,,,,,,,,,1,1,1,2,1
200600072823,0006-11-02 14:15:00,6,11,2,14,15,290,147,20 ROUTE DE BANNALEC,,,Plein jour,En agglomération,Hors intersection,Normale,Trois véhicules et plus - collisions multiples,,,,,,,,,,,1,2,1,1,5
200600072824,0006-11-23 15:30:00,6,11,23,15,30,290,234,Ty Névez Cortiou,,,Plein jour,Hors agglomération,Hors intersection,Normale,Deux véhicules - côté,,,,,,,,,,,1,1,1,1,3
200600072825,0006-11-17 20:00:00,6,11,17,20,0,290,241,PLACE DE LA VICTOIRE,47.963,-3.83,Nuit sans éclairage public,En agglomération,Place,Normale,Autre collision,,,,,,,,,,,3,2,7,1,6
200600072826,0006-11-24 15:35:00,6,11,24,15,35,130,33,Pk 30D+250,,,Plein jour,Hors agglomération,Hors intersection,Normale,Autre collision,,,,,,,,,,,1,1,1,1,6
200600072827,0006-11-10 12:30:00,6,11,10,12,30,950,116,CD 924,,,Plein jour,Hors agglomération,Hors intersection,Normale,Deux véhicules - arrière,,,,,,,,,,,1,1,1,1,2
200600072828,0006-11-29 10:20:00,6,11,29,10,20,950,58,point des quatre chemin,49.168,2.283,Plein jour,Hors agglomération,Giratoire,Pluie légère,Deux véhicules - côté,,,,,,,,,,,1,1,6,2,3
200600072829,0006-11-03 14:45:00,6,11,3,14,45,870,192,Avenue St Eloi,45.761,1.273,Plein jour,En agglomération,Hors intersection,Normale,Deux véhicules - frontale,,,,,,,,,,,1,2,1,1,1
200600072830,0006-11-10 08:00:00,6,11,10,8,0,670,283,,48.689,7.375,Plein jour,Hors agglomération,Hors intersection,Normale,Deux véhicules - arrière,,,,,,,,,,,1,1,1,1,2
200600072831,0006-11-27 05:45:00,6,11,27,5,45,670,469,DR 1004 - Borne 16+800,,,Nuit sans éclairage public,Hors agglomération,Hors intersection,Brouillard / fumée,Deux véhicules - frontale,,,,,,,,,,,3,1,1,5,1
200600072832,0006-11-15 07:45:00,6,11,15,7,45,130,25,,,,Crépuscule ou aube,Hors agglomération,Intersection en T,Temps couvert,Deux véhicules - côté,,,,,,,,,,,2,1,3,8,3
200600072833,0006-11-13 13:25:00,6,11,13,13,25,110,202,CD 627,,,Plein jour,Hors agglomération,Hors intersection,Normale,Sans collision,,,,,,,,,,,1,1,1,1,7
200600072834,0006-11-03 19:05:00,6,11,3,19,5,570,38,858 rue Salvador Allende,,,Nuit avec éclairage allumé,En agglomération,Hors intersection,Normale,Autre collision,,,,,,,,,,,5,2,1,1,6
200600072835,0006-11-11 17:30:00,6,11,11,17,30,570,38,Rue du Général Leclerc,49.474,5.958,Nuit avec éclairage allumé,En agglomération,Hors intersection,Normale,Autre collision,,,,,,,,,,,5,2,1,1,6
200600072836,0006-11-19 05:45:00,6,11,19,5,45,570,22,,49.388,6.046,Nuit sans éclairage public,Hors agglomération,Hors intersection,Pluie forte,Deux véhicules - frontale,,,,,,,,,,,3,1,1,3,1
200600072837,0006-11-23 18:45:00,6,11,23,18,45,340,202,avenue de St Georges,43.588,3.76,Nuit sans éclairage public,En agglomération,Hors intersection,Normale,Deux véhicules - frontale,,,,,,,,,,,3,2,1,1,1
200600072838,0006-11-24 15:00:00,6,11,24,15,0,340,270,RN.112,,,Plein jour,Hors agglomération,Hors intersection,Normale,Trois véhicules et plus - en chaîne,,,,,,,,,,,1,1,1,1,4
200600072839,0006-11-15 17:15:00,6,11,15,17,15,110,397,Pont des forges RN 113,43.209,2.433,Plein jour,En agglomération,Hors intersection,Normale,Autre collision,,,,,,,,,,,1,2,1,1,6
200600072840,0006-11-18 20:00:00,6,11,18,20,0,110,220,CD 610 - PK 8,,,Nuit sans éclairage public,Hors agglomération,Hors intersection,Normale,Deux véhicules - frontale,,,,,,,,,,,3,1,1,1,1
200600072841,0006-11-29 19:15:00,6,11,29,19,15,110,151,RN113 - lieu-dit L'Horte,43.199,2.463,Nuit avec éclairage allumé,En agglomération,Hors intersection,Normale,Deux véhicules - côté,,,,,,,,,,,5,2,1,1,3
200600072842,0006-11-28 22:45:00,6,11,28,22,45,780,537,,48.568,1.971,Nuit sans éclairage public,Hors agglomération,Autre intersection,Normale,Trois véhicules et plus - collisions multiples,,,,,,,,,,,3,1,9,1,5
200600072843,0006-11-17 07:50:00,6,11,17,7,50,510,329,Intersection CD 944/CD30,,,Crépuscule ou aube,Hors agglomération,Hors intersection,Normale,Deux véhicules - côté,,,,,,,,,,,2,1,1,1,3
200600072844,0006-11-12 18:30:00,6,11,12,18,30,690,7,PK33+617,45.505,4.826,Nuit avec éclairage allumé,En agglomération,Autre intersection,Normale,Trois véhicules et plus - collisions multiples,,,,,,,,,,,5,2,9,1,5
200600072845,0006-11-17 19:45:00,6,11,17,19,45,690,7,Route départementale 386,,,Nuit avec éclairage allumé,En agglomération,Hors intersection,Pluie forte,Deux véhicules - côté,,,,,,,,,,,5,2,1,3,3
200600072846,0006-11-29 10:15:00,6,11,29,10,15,690,189,,,,Plein jour,Hors agglomération,Hors intersection,Temps couvert,Autre collision,,,,,,,,,,,1,1,1,8,6
200600072847,0006-11-11 10:00:00,6,11,11,10,0,370,272,,,,Plein jour,Hors agglomération,Hors intersection,Pluie légère,Sans collision,,,,,,,,,,,1,1,1,2,7
200600072848,0006-11-15 08:45:00,6,11,15,8,45,370,50,avenue du grand sud,,,Plein jour,En agglomération,Hors intersection,Temps couvert,Sans collision,,,,,,,,,,,1,2,1,8,7
200600072849,0006-11-20 20:15:00,6,11,20,20,15,370,50,carrefour de la RN 143 e,,,Nuit avec éclairage allumé,En agglomération,Hors intersection,Pluie forte,Deux véhicules - côté,,,,,,,,,,,5,2,1,3,3
200600072850,0006-11-20 18:30:00,6,11,20,18,30,330,5,40 avenue des colonies,,,Crépuscule ou aube,En agglomération,Hors intersection,Temps couvert,Sans collision,,,,,,,,,,,2,2,1,8,7
200600072851,0006-11-25 20:30:00,6,11,25,20,30,330,229,,,,Nuit sans éclairage public,Hors agglomération,Hors intersection,Normale,Sans collision,,,,,,,,,,,3,1,1,1,7
200600072852,0006-11-10 19:30:00,6,11,10,19,30,770,69,,,,Nuit sans éclairage public,Hors agglomération,Hors intersection,Normale,Trois véhicules et plus - collisions multiples,,,,,,,,,,,3,1,1,1,5
200600072853,0006-11-30 13:15:00,6,11,30,13,15,770,69,N 37 Point Routier 7+300,,,Plein jour,En agglomération,Hors intersection,Brouillard / fumée,Deux véhicules - frontale,,,,,,,,,,,1,2,1,5,1
200600072854,0006-11-12 19:05:00,6,11,12,19,5,800,467,ns PARIS / LILLE - PK 98,,,Nuit sans éclairage public,Hors agglomération,Hors intersection,Normale,Sans collision,,,,,,,,,,,3,1,1,1,7
200600072855,0006-11-23 10:45:00,6,11,23,10,45,800,421,HATTENCOURT Autoroute A1,,,Plein jour,Hors agglomération,Hors intersection,Temps couvert,Autre collision,,,,,,,,,,,1,1,1,8,6
200600072856,0006-11-24 13:45:00,6,11,24,13,45,800,33,repos de Assevillers Est,,,Plein jour,Hors agglomération,Hors intersection,Temps couvert,Deux véhicules - arrière,,,,,,,,,,,1,1,1,8,2
200600072857,0006-11-02 11:55:00,6,11,2,11,55,710,444,LYON/PARIS - PK 338+100,,,Plein jour,Hors agglomération,Hors intersection,Normale,Deux véhicules - côté,,,,,,,,,,,1,1,1,1,3
200600072858,0006-11-21 17:15:00,6,11,21,17,15,710,269,"LYON/PARIS, PK 334+840.",,,Crépuscule ou aube,Hors agglomération,Autre intersection,Normale,Deux véhicules - côté,,,,,,,,,,,2,1,9,1,3
200600072859,0006-11-04 19:30:00,6,11,4,19,30,890,13,149+400 SENS PARIS/LYON,,,Nuit sans éclairage public,Hors agglomération,Hors intersection,Normale,Deux véhicules - frontale,,,,,,,,,,,3,1,1,1,1
200600072860,0006-11-25 11:46:00,6,11,25,11,46,890,384,pk 137+970,,,Plein jour,Hors agglomération,Hors intersection,Pluie légère,Sans collision,,,,,,,,,,,1,1,1,2,7
200600072861,0006-11-13 07:45:00,6,11,13,7,45,130,51,A7 pk 239+400,,,Plein jour,Hors agglomération,Hors intersection,Temps éblouissant,Deux véhicules - frontale,,,,,,,,,,,1,1,1,7,1
200600072862,0006-11-13 17:15:00,6,11,13,17,15,130,103,,,,Plein jour,Hors agglomération,Hors intersection,Normale,Autre collision,,,,,,,,,,,1,1,1,1,6
200600072863,0006-11-29 09:00:00,6,11,29,9,0,830,73,,43.407,6.233,Plein jour,Hors agglomération,Hors intersection,Normale,Trois véhicules et plus - collisions multiples,,,,,,,,,,,1,1,1,1,5
200600072864,0006-11-18 11:00:00,6,11,18,11,0,270,227,,,,Plein jour,Hors agglomération,Hors intersection,Normale,Autre collision,,,,,,,,,,,1,1,1,1,6
200600072865,0006-11-22 18:00:00,6,11,22,18,0,270,332,,,,Nuit sans éclairage public,Hors agglomération,Hors intersection,Normale,Autre collision,,,,,,,,,,,3,1,1,1,6
200600072866,0006-11-03 04:25:00,6,11,3,4,25,600,19,Autoroute A1 PK 79+550,,,Nuit sans éclairage public,Hors agglomération,Hors intersection,Normale,Deux véhicules - arrière,,,,,,,,,,,3,1,1,1,2
200600072867,0006-11-04 20:15:00,6,11,4,20,15,600,538,,,,Nuit sans éclairage public,Hors agglomération,Hors intersection,Normale,Trois véhicules et plus - collisions multiples,,,,,,,,,,,3,1,1,1,5
200600072868,0006-11-30 05:00:00,6,11,30,5,0,600,533,,,,Nuit sans éclairage public,Hors agglomération,Hors intersection,Brouillard / fumée,Sans collision,,,,,,,,,,,3,1,1,5,7
200600072869,0006-11-18 01:45:00,6,11,18,1,45,210,27,,,,Nuit sans éclairage public,Hors agglomération,Hors intersection,Brouillard / fumée,Deux véhicules - frontale,,,,,,,,,,,3,1,1,5,1
200600072870,0006-11-15 07:00:00,6,11,15,7,0,690,206,A6,,,Nuit sans éclairage public,Hors agglomération,Hors intersection,Normale,Trois véhicules et plus - en chaîne,,,,,,,,,,,3,1,1,1,4
200600072871,0006-11-20 14:15:00,6,11,20,14,15,690,19,,,,Plein jour,Hors agglomération,Hors intersection,Normale,Sans collision,,,,,,,,,,,1,1,1,1,7
200600072872,0006-11-18 11:00:00,6,11,18,11,0,680,278,e Wilson / rue du temple,,,Plein jour,En agglomération,Hors intersection,Temps éblouissant,Autre collision,,,,,,,,,,,1,2,1,7,6
200600072873,0006-11-03 02:00:00,6,11,3,2,0,530,5,Lieu-dit La Coudre au Ra,48.196,-0.785,Nuit sans éclairage public,En agglomération,Hors intersection,Normale,Sans collision,,,,,,,,,,,3,2,1,1,7
200600072874,0006-11-03 17:00:00,6,11,3,17,0,530,229,,48.155,-0.76,Plein jour,Hors agglomération,Hors intersection,Normale,Deux véhicules - frontale,,,,,,,,,,,1,1,1,1,1
200600072875,0006-11-18 01:30:00,6,11,18,1,30,530,137,,48.075,-0.928,Nuit sans éclairage public,Hors agglomération,Hors intersection,Normale,Sans collision,,,,,,,,,,,3,1,1,1,7
200600072876,0006-11-24 04:00:00,6,11,24,4,0,530,48,,48.248,-0.901,Nuit sans éclairage public,Hors agglomération,Hors intersection,Normale,Deux véhicules - frontale,,,,,,,,,,,3,1,1,1,1
200600072877,0006-11-21 18:15:00,6,11,21,18,15,950,604,RD 317,,,Nuit sans éclairage public,En agglomération,Giratoire,Pluie forte,Deux véhicules - côté,,,,,,,,,,,3,2,6,3,3
200600072878,0006-11-07 12:00:00,6,11,7,12,0,310,467,Rond point du Mariel,43.686,1.421,Plein jour,En agglomération,Giratoire,Normale,Deux véhicules - côté,,,,,,,,,,,1,2,6,1,3
200600072879,0006-11-14 12:15:00,6,11,14,12,15,310,467,,,,Plein jour,Hors agglomération,Hors intersection,Normale,Deux véhicules - frontale,,,,,,,,,,,1,1,1,1,1
200600072880,0006-11-21 07:30:00,6,11,21,7,30,310,410,route de Bessières,43.707,1.464,Crépuscule ou aube,En agglomération,Hors intersection,Normale,Deux véhicules - côté,,,,,,,,,,,2,2,1,1,3
200600072881,0006-11-28 13:45:00,6,11,28,13,45,830,23,pr 67+850 croissant,43.42,5.99,Plein jour,Hors agglomération,Hors intersection,Normale,Deux véhicules - côté,,,,,,,,,,,1,1,1,1,3
200600072882,0006-11-03 10:15:00,6,11,3,10,15,410,136,AQUITAINE - Péage de MER,,,Plein jour,Hors agglomération,Autre intersection,Normale,Deux véhicules - arrière,,,,,,,,,,,1,1,9,1,2
200600072883,0006-11-07 17:40:00,6,11,7,17,40,410,91,A10 AQUITAINE,,,Crépuscule ou aube,Hors agglomération,Hors intersection,Normale,Deux véhicules - arrière,,,,,,,,,,,2,1,1,1,2
200600072884,0006-11-11 05:00:00,6,11,11,5,0,410,206,Autoroute A10,,,Nuit sans éclairage public,Hors agglomération,Hors intersection,Normale,Autre collision,,,,,,,,,,,3,1,1,1,6
200600072885,0006-11-24 15:30:00,6,11,24,15,30,410,223,"vince - Paris, PK156+800",,,Plein jour,Hors agglomération,Hors intersection,Pluie forte,Deux véhicules - frontale,,,,,,,,,,,1,1,1,3,1
200600072886,0006-11-28 14:40:00,6,11,28,14,40,740,197,".K 49+029, voie de péage",,,Plein jour,Hors agglomération,Hors intersection,Normale,Deux véhicules - arrière,,,,,,,,,,,1,1,1,1,2
200600072887,0006-11-03 19:40:00,6,11,3,19,40,340,22,"PK 88+300, sens SUD-NORD",,,Nuit sans éclairage public,Hors agglomération,Hors intersection,Normale,Deux véhicules - frontale,,,,,,,,,,,3,1,1,1,1
200600072888,0006-11-17 07:00:00,6,11,17,7,0,340,240,,,,Nuit sans éclairage public,Hors agglomération,Hors intersection,Normale,Deux véhicules - arrière,,,,,,,,,,,3,1,1,1,2
200600072889,0006-11-23 12:15:00,6,11,23,12,15,300,34,,,,Plein jour,Hors agglomération,Hors intersection,Normale,Trois véhicules et plus - en chaîne,,,,,,,,,,,1,1,1,1,4
200600072890,0006-11-23 13:00:00,6,11,23,13,0,110,188,,42.959,2.972,Plein jour,Hors agglomération,Hors intersection,Normale,Deux véhicules - arrière,,,,,,,,,,,1,1,1,1,2
200600072891,0006-11-09 18:30:00,6,11,9,18,30,370,8,,,,Nuit sans éclairage public,Hors agglomération,Hors intersection,Normale,Autre collision,,,,,,,,,,,3,1,1,1,6
200600072892,0006-11-12 19:30:00,6,11,12,19,30,370,156,route de Conneuil,,,Nuit sans éclairage public,Hors agglomération,Hors intersection,Normale,Deux véhicules - côté,,,,,,,,,,,3,1,1,1,3
200600072893,0006-11-23 09:30:00,6,11,23,9,30,450,169,,47.91,1.84,Plein jour,Hors agglomération,Hors intersection,Pluie légère,Autre collision,,,,,,,,,,,1,1,1,2,6
200600072894,0006-11-16 18:35:00,6,11,16,18,35,670,472,16B RUE DE LA GARE,,,Nuit avec éclairage allumé,En agglomération,Hors intersection,Normale,Deux véhicules - frontale,,,,,,,,,,,5,2,1,1,1
200600072895,0006-11-18 13:25:00,6,11,18,13,25,670,194,Rue de Gambsheim,,,Plein jour,En agglomération,Intersection en T,Normale,Deux véhicules - côté,,,,,,,,,,,1,2,3,1,3
200600072896,0006-11-21 02:10:00,6,11,21,2,10,210,517,,,,Nuit sans éclairage public,Hors agglomération,Hors intersection,Pluie forte,Deux véhicules - arrière,,,,,,,,,,,3,1,1,3,2
200600072897,0006-11-26 19:45:00,6,11,26,19,45,210,405,,,,Nuit sans éclairage public,Hors agglomération,Hors intersection,Normale,Sans collision,,,,,,,,,,,3,1,1,1,7
200600072898,0006-11-12 19:45:00,6,11,12,19,45,380,13,,45.387,5.478,Nuit sans éclairage public,Hors agglomération,Hors intersection,Normale,Trois véhicules et plus - en chaîne,,,,,,,,,,,3,1,1,1,4
200600072899,0006-11-30 18:30:00,6,11,30,18,30,130,58,D27 Av général de gaulle,,,Nuit avec éclairage allumé,En agglomération,Hors intersection,Normale,Deux véhicules - côté,,,,,,,,,,,5,2,1,1,3
200600072900,0006-11-02 15:45:00,6,11,2,15,45,280,173,,,,Plein jour,Hors agglomération,Hors intersection,Normale,Sans collision,,,,,,,,,,,1,1,1,1,7
200600072901,0006-11-20 09:00:00,6,11,20,9,0,280,403,A.11,,,Plein jour,Hors agglomération,Hors intersection,Normale,Sans collision,,,,,,,,,,,1,1,1,1,7
200600072902,0006-11-06 15:30:00,6,11,6,15,30,410,150,,,,Nuit sans éclairage public,Hors agglomération,Hors intersection,Brouillard / fumée,Sans collision,,,,,,,,,,,3,1,1,5,7
200600072903,0006-11-16 08:30:00,6,11,16,8,30,410,262,,47.566,1.494,Nuit sans éclairage public,Hors agglomération,Hors intersection,Temps couvert,Deux véhicules - arrière,,,,,,,,,,,3,1,1,8,2
200600072904,0006-11-17 15:45:00,6,11,17,15,45,410,32,,,,Nuit avec éclairage allumé,Hors agglomération,Hors intersection,Normale,Sans collision,,,,,,,,,,,5,1,1,1,7
200600072905,0006-11-18 23:00:00,6,11,18,23,0,410,59,,,,Nuit sans éclairage public,Hors agglomération,Hors intersection,Pluie légère,Autre collision,,,,,,,,,,,3,1,1,2,6
200600072906,0006-11-21 07:45:00,6,11,21,7,45,690,27,oulevard de Schweighouse,,,Crépuscule ou aube,En agglomération,Intersection en T,Pluie légère,Deux véhicules - frontale,,,,,,,,,,,2,2,3,2,1
200600072907,0006-11-18 12:05:00,6,11,18,12,5,290,149,Lieu dit KERVINIOU,,,Plein jour,Hors agglomération,Hors intersection,Normale,Deux véhicules - frontale,,,,,,,,,,,1,1,1,1,1
200600072908,0006-11-18 16:30:00,6,11,18,16,30,290,212,,,,Plein jour,Hors agglomération,Autre intersection,Normale,Deux véhicules - frontale,,,,,,,,,,,1,1,9,1,1
200600072909,0006-11-22 14:15:00,6,11,22,14,15,290,69,,48.409,-4.55,Plein jour,Hors agglomération,Hors intersection,Pluie légère,Deux véhicules - frontale,,,,,,,,,,,1,1,1,2,1
200600072910,0006-11-21 19:45:00,6,11,21,19,45,340,213,,,,Nuit sans éclairage public,Hors agglomération,Hors intersection,Normale,Deux véhicules - arrière,,,,,,,,,,,3,1,1,1,2
200600072911,0006-11-24 19:30:00,6,11,24,19,30,340,31,,43.382,3.443,Nuit sans éclairage public,Hors agglomération,Hors intersection,Normale,Deux véhicules - côté,,,,,,,,,,,3,1,1,1,3
200600072912,0006-11-01 16:00:00,6,11,1,16,0,310,506,Rue du commerce,43.562,1.531,Plein jour,En agglomération,Hors intersection,Normale,Deux véhicules - côté,,,,,,,,,,,1,2,1,1,3
200600072913,0006-11-27 12:30:00,6,11,27,12,30,310,254,,43.554,1.499,Plein jour,Hors agglomération,Hors intersection,Normale,Trois véhicules et plus - collisions multiples,,,,,,,,,,,1,1,1,1,5
200600072914,0006-11-01 14:00:00,6,11,1,14,0,640,122,,43.453,-1.551,Plein jour,Hors agglomération,Hors intersection,Normale,Deux véhicules - côté,,,,,,,,,,,1,1,1,1,3
200600072915,0006-11-11 15:45:00,6,11,11,15,45,640,102,,43.483,-1.449,Plein jour,Hors agglomération,Hors intersection,Pluie légère,Sans collision,,,,,,,,,,,1,1,1,2,7
200600072916,0006-11-01 13:00:00,6,11,1,13,0,550,276,Autoroute A 4 PR 247+450,,,Plein jour,Hors agglomération,Hors intersection,Vent fort / tempête,Sans collision,,,,,,,,,,,1,1,1,6,7
200600072917,0006-11-28 08:00:00,6,11,28,8,0,550,242,,,,Plein jour,Hors agglomération,Hors intersection,Normale,Sans collision,,,,,,,,,,,1,1,1,1,7
200600072918,0006-11-04 12:37:00,6,11,4,12,37,510,13,"s METZ/PARIS, PK 114.200",,,Plein jour,Hors agglomération,Hors intersection,Normale,Sans collision,,,,,,,,,,,1,1,1,1,7
200600072919,0006-11-10 05:00:00,6,11,10,5,0,510,571,,49.167,4.191,Nuit sans éclairage public,Hors agglomération,Hors intersection,Normale,Sans collision,,,,,,,,,,,3,1,1,1,7
200600072920,0006-11-09 15:00:00,6,11,9,15,0,570,695,46 sens STRASBOURG-PARIS,,,Plein jour,Hors agglomération,Hors intersection,Temps éblouissant,Deux véhicules - arrière,,,,,,,,,,,1,1,1,7,2