accident_id,datetime,annee,mois,jour,heure,minute,departement,commune_insee,adresse,latitude,longitude,luminosite,agglomeration,intersection,meteo,collision,nb_vehicules,nb_usagers,nb_indemnes,nb_tues,nb_blesses_hosp,nb_blesses_legers,age_cond_1,age_cond_2,veh_type_cond_1,veh_type_cond_2,lum_code,agg_code,int_code,atm_code,col_code
200600073053,0006-11-12 18:45:00,6,11,12,18,45,310,253,24 route de l'aérodrome,,,Nuit avec éclairage allumé,En agglomération,Hors intersection,Normale,Deux véhicules - frontale,,,,,,,,,,,5,2,1,1,1
200600073054,0006-11-01 13:30:00,6,11,1,13,30,300,117,,,,Plein jour,Hors agglomération,Giratoire,Normale,Sans collision,,,,,,,,,,,1,1,6,1,7
200600073055,0006-11-06 13:45:00,6,11,6,13,45,300,356,rond point du CD135A-,,,Plein jour,En agglomération,Giratoire,Normale,Deux véhicules - côté,,,,,,,,,,,1,2,6,1,3
200600073056,0006-11-09 23:15:00,6,11,9,23,15,300,47,RD6113,,,Nuit avec éclairage allumé,Hors agglomération,Hors intersection,Normale,Sans collision,,,,,,,,,,,5,1,1,1,7
200600073057,0006-11-14 05:30:00,6,11,14,5,30,300,60,,,,Nuit sans éclairage public,Hors agglomération,Hors intersection,Normale,Autre collision,,,,,,,,,,,3,1,1,1,6
200600073058,0006-11-19 15:30:00,6,11,19,15,30,520,141,,48.149,5.139,Plein jour,Hors agglomération,Hors intersection,Temps couvert,Autre collision,,,,,,,,,,,1,1,1,8,6
200600073059,0006-11-26 17:45:00,6,11,26,17,45,130,45,,43.858,4.787,Crépuscule ou aube,Hors agglomération,Hors intersection,Normale,Deux véhicules - côté,,,,,,,,,,,2,1,1,1,3
200600073060,0006-11-04 16:00:00,6,11,4,16,0,760,255,BD THIERS,,,Plein jour,En agglomération,Hors intersection,Normale,Deux véhicules - côté,,,,,,,,,,,1,2,1,1,3
200600073061,0006-11-16 16:00:00,6,11,16,16,0,760,255,Boulevard Thiers,,,Plein jour,En agglomération,Hors intersection,Pluie forte,Autre collision,,,,,,,,,,,1,2,1,3,6
200600073062,0006-11-26 14:45:00,6,11,26,14,45,760,711,Quai François Premier,,,Plein jour,En agglomération,Hors intersection,Normale,Autre collision,,,,,,,,,,,1,2,1,1,6
200600073063,0006-11-16 17:30:00,6,11,16,17,30,760,711,RUE DES CANADIENS,50.062,1.384,Crépuscule ou aube,En agglomération,Hors intersection,Pluie forte,Autre collision,,,,,,,,,,,2,2,1,3,6
200600073064,0006-11-02 14:30:00,6,11,2,14,30,760,591,999 rue du Gal de Gaulle,49.444,1.204,Plein jour,En agglomération,Intersection en X,Normale,Deux véhicules - côté,,,,,,,,,,,1,2,2,1,3
200600073065,0006-11-09 08:00:00,6,11,9,8,0,760,591,,49.456,1.21,Plein jour,Hors agglomération,Hors intersection,Normale,Deux véhicules - frontale,,,,,,,,,,,1,1,1,1,1
200600073066,0006-11-30 09:15:00,6,11,30,9,15,760,146,CD 919/CD 41,49.589,1.36,Plein jour,En agglomération,Hors intersection,Normale,Deux véhicules - côté,,,,,,,,,,,1,2,1,1,3
200600073067,0006-11-02 13:45:00,6,11,2,13,45,640,410,rue  gaston  phoebus,,,Plein jour,En agglomération,Hors intersection,Normale,Autre collision,,,,,,,,,,,1,2,1,1,6
200600073068,0006-11-21 17:50:00,6,11,21,17,50,640,410,"284, route de navarrenx",,,Nuit sans éclairage public,Hors agglomération,Hors intersection,Pluie forte,Trois véhicules et plus - collisions multiples,,,,,,,,,,,3,1,1,3,5
200600073069,0006-11-10 17:45:00,6,11,10,17,45,710,269,,,,Nuit sans éclairage public,Hors agglomération,Hors intersection,Normale,Deux véhicules - frontale,,,,,,,,,,,3,1,1,1,1
200600073070,0006-11-15 17:00:00,6,11,15,17,0,710,154,,,,Plein jour,Hors agglomération,Hors intersection,Temps éblouissant,Deux véhicules - arrière,,,,,,,,,,,1,1,1,7,2
200600073071,0006-11-18 00:30:00,6,11,18,0,30,710,154,CD 5Bis Rue Principale,,,Nuit avec éclairage allumé,Hors agglomération,Hors intersection,Pluie légère,Autre collision,,,,,,,,,,,5,1,1,2,6
200600073072,0006-11-04 17:45:00,6,11,4,17,45,410,256,,47.318,2.041,Crépuscule ou aube,Hors agglomération,Hors intersection,Pluie légère,Autre collision,,,,,,,,,,,2,1,1,2,6
200600073073,0006-11-26 15:30:00,6,11,26,15,30,600,50,,,,Plein jour,Hors agglomération,Hors intersection,Normale,Deux véhicules - frontale,,,,,,,,,,,1,1,1,1,1
200600073074,0006-11-18 07:15:00,6,11,18,7,15,250,510,,,,Plein jour,Hors agglomération,Hors intersection,Normale,Autre collision,,,,,,,,,,,1,1,1,1,6
200600073075,0006-11-24 16:15:00,6,11,24,16,15,950,183,sur le V. 51,49.037,1.992,Plein jour,Hors agglomération,Hors intersection,Temps couvert,Autre collision,,,,,,,,,,,1,1,1,8,6
200600073076,0006-11-25 05:30:00,6,11,25,5,30,950,510,,,,Nuit sans éclairage public,Hors agglomération,Hors intersection,Normale,Deux véhicules - arrière,,,,,,,,,,,3,1,1,1,2
200600073077,0006-11-06 15:15:00,6,11,6,15,15,950,480,136 rue du marechal foch,,,Plein jour,En agglomération,Hors intersection,Normale,Deux véhicules - arrière,,,,,,,,,,,1,2,1,1,2
200600073078,0006-11-12 07:30:00,6,11,12,7,30,950,612,CHEMIN DE SAINT DENIS,,,Crépuscule ou aube,En agglomération,Hors intersection,Pluie légère,Autre collision,,,,,,,,,,,2,2,1,2,6
200600073079,0006-11-27 09:45:00,6,11,27,9,45,950,612,CD47,,,Plein jour,Hors agglomération,Hors intersection,Normale,Trois véhicules et plus - collisions multiples,,,,,,,,,,,1,1,1,1,5
200600073080,0006-11-03 20:15:00,6,11,3,20,15,560,94,Lieu dit le Locadour,47.76,-3.26,Nuit sans éclairage public,Hors agglomération,Hors intersection,Normale,Deux véhicules - côté,,,,,,,,,,,3,1,1,1,3
200600073081,0006-11-15 09:15:00,6,11,15,9,15,560,94,,47.785,-3.259,Plein jour,Hors agglomération,Hors intersection,Temps couvert,Trois véhicules et plus - collisions multiples,,,,,,,,,,,1,1,1,8,5
200600073082,0006-11-18 05:30:00,6,11,18,5,30,560,148,,,,Nuit sans éclairage public,Hors agglomération,Hors intersection,Normale,Autre collision,,,,,,,,,,,3,1,1,1,6
200600073083,0006-11-22 16:00:00,6,11,22,16,0,560,31,rue des Acacias,,,Plein jour,En agglomération,Hors intersection,Pluie légère,Deux véhicules - arrière,,,,,,,,,,,1,2,1,2,2
200600073084,0006-11-29 11:55:00,6,11,29,11,55,140,568,RN 13 PK 80+500,,,Plein jour,Hors agglomération,Hors intersection,Normale,Autre collision,,,,,,,,,,,1,1,1,1,6
200600073085,0006-11-10 15:45:00,6,11,10,15,45,450,272,,,,Plein jour,En agglomération,Hors intersection,Normale,Autre collision,,,,,,,,,,,1,2,1,1,6
200600073086,0006-11-15 17:45:00,6,11,15,17,45,450,272,,,,Plein jour,Hors agglomération,Hors intersection,Normale,Trois véhicules et plus - en chaîne,,,,,,,,,,,1,1,1,1,4
200600073087,0006-11-29 10:30:00,6,11,29,10,30,450,193,CD 108 - lieu dit,,,Plein jour,Hors agglomération,Hors intersection,Brouillard / fumée,Autre collision,,,,,,,,,,,1,1,1,5,6
200600073088,0006-11-05 00:15:00,6,11,5,0,15,350,31,,48.17,-1.385,Nuit sans éclairage public,Hors agglomération,Intersection en X,Normale,Deux véhicules - côté,,,,,,,,,,,3,1,2,1,3
200600073089,0006-11-07 16:30:00,6,11,7,16,30,620,393,Route Départementale 940,,,Plein jour,Hors agglomération,Autre intersection,Normale,Deux véhicules - côté,,,,,,,,,,,1,1,9,1,3
200600073090,0006-11-07 14:00:00,6,11,7,14,0,240,372,autoroute A89,45.14,0.542,Plein jour,Hors agglomération,Hors intersection,Normale,Sans collision,,,,,,,,,,,1,1,1,1,7
200600073091,0006-11-19 12:20:00,6,11,19,12,20,240,439,PK 122 + 659,45.147,0.791,Plein jour,Hors agglomération,Hors intersection,Pluie forte,Sans collision,,,,,,,,,,,1,1,1,3,7
200600073092,0006-11-19 17:15:00,6,11,19,17,15,240,312,bretelle d'accés,,,Plein jour,Hors agglomération,Hors intersection,Temps couvert,Sans collision,,,,,,,,,,,1,1,1,8,7
200600073093,0006-11-23 08:40:00,6,11,23,8,40,690,100,rue d'yvours,,,Plein jour,En agglomération,Hors intersection,Pluie légère,Deux véhicules - arrière,,,,,,,,,,,1,2,1,2,2
200600073094,0006-12-10 21:15:00,6,12,10,21,15,590,553,,50.599,2.933,Nuit sans éclairage public,Hors agglomération,Hors intersection,Normale,Deux véhicules - arrière,,,,,,,,,,,3,1,1,1,2
200600073095,0006-12-12 08:45:00,6,12,12,8,45,590,553,,50.603,2.965,Plein jour,Hors agglomération,Hors intersection,Autre,Deux véhicules - côté,,,,,,,,,,,1,1,1,9,3
200600073096,0006-12-10 04:45:00,6,12,10,4,45,590,256,04 rue JB LEBAS,50.562,3.144,Nuit avec éclairage non allumé,En agglomération,Hors intersection,Normale,Autre collision,,,,,,,,,,,4,2,1,1,6
200600073097,0006-12-11 17:05:00,6,12,11,17,5,590,592,RUE LEON BLUM,50.481,3.056,Crépuscule ou aube,En agglomération,Hors intersection,Pluie légère,Autre collision,,,,,,,,,,,2,2,1,2,6
200600073098,0006-12-11 02:45:00,6,12,11,2,45,590,326,,50.969,2.529,Nuit sans éclairage public,Hors agglomération,Hors intersection,Pluie forte,Sans collision,,,,,,,,,,,3,1,1,3,7
200600073099,0006-12-12 08:45:00,6,12,12,8,45,590,668,rue du Général De Gaulle,,,Plein jour,En agglomération,Hors intersection,Normale,Autre collision,,,,,,,,,,,1,2,1,1,6
200600073100,0006-12-01 21:15:00,6,12,1,21,15,590,89,,50.879,2.342,Nuit sans éclairage public,Hors agglomération,Hors intersection,Pluie légère,Deux véhicules - côté,,,,,,,,,,,3,1,1,2,3
200600073101,0006-12-02 16:00:00,6,12,2,16,0,590,84,,50.687,2.375,Plein jour,Hors agglomération,Hors intersection,Normale,Deux véhicules - frontale,,,,,,,,,,,1,1,1,1,1
200600073102,0006-12-04 13:30:00,6,12,4,13,30,590,497,,50.746,2.376,Plein jour,Hors agglomération,Hors intersection,Normale,Sans collision,,,,,,,,,,,1,1,1,1,7
200600073103,0006-12-12 15:45:00,6,12,12,15,45,590,590,,50.65,2.465,Plein jour,Hors agglomération,Hors intersection,Normale,Deux véhicules - frontale,,,,,,,,,,,1,1,1,1,1
200600073104,0006-12-03 20:15:00,6,12,3,20,15,590,86,,50.795,2.694,Nuit avec éclairage allumé,Hors agglomération,Hors intersection,Vent fort / tempête,Sans collision,,,,,,,,,,,5,1,1,6,7
200600073105,0006-12-26 13:15:00,6,12,26,13,15,590,268,Départementale 947,,,Plein jour,Hors agglomération,Hors intersection,Normale,Autre collision,,,,,,,,,,,1,1,1,1,6
200600073106,0006-12-12 07:55:00,6,12,12,7,55,590,88,CD 222 RUE DE FLEURBAIX,,,Crépuscule ou aube,Hors agglomération,Intersection en X,Temps couvert,Deux véhicules - arrière,,,,,,,,,,,2,1,2,8,2
200600073107,0006-12-07 15:15:00,6,12,7,15,15,590,559,,50.361,3.642,Plein jour,Hors agglomération,Hors intersection,Vent fort / tempête,Deux véhicules - frontale,,,,,,,,,,,1,1,1,6,1
200600073108,0006-12-03 11:10:00,6,12,3,11,10,590,285,CD 88,,,Plein jour,Hors agglomération,Hors intersection,Vent fort / tempête,Deux véhicules - frontale,,,,,,,,,,,1,1,1,6,1
200600073109,0006-12-16 01:30:00,6,12,16,1,30,590,38,Route départementale 74,,,Nuit sans éclairage public,Hors agglomération,Hors intersection,Normale,Sans collision,,,,,,,,,,,3,1,1,1,7
200600073110,0006-12-01 18:30:00,6,12,1,18,30,590,78,,50.166,4.006,Nuit sans éclairage public,Hors agglomération,Hors intersection,Normale,Deux véhicules - frontale,,,,,,,,,,,3,1,1,1,1
200600073111,0006-12-15 16:45:00,6,12,15,16,45,590,36,Avenue de la gare,50.13,3.934,Crépuscule ou aube,En agglomération,Hors intersection,Normale,Autre collision,,,,,,,,,,,2,2,1,1,6
200600073112,0006-12-23 16:25:00,6,12,23,16,25,590,583,CD117 RUE DE LEVAL,,,Crépuscule ou aube,En agglomération,Hors intersection,Temps couvert,Autre collision,,,,,,,,,,,2,2,1,8,6
200600073113,0006-12-18 16:45:00,6,12,18,16,45,590,218,CD 964,,,Crépuscule ou aube,Hors agglomération,Hors intersection,Temps couvert,Deux véhicules - frontale,,,,,,,,,,,2,1,1,8,1
200600073114,0006-12-22 09:30:00,6,12,22,9,30,590,12,,,,Plein jour,Hors agglomération,Hors intersection,Normale,Deux véhicules - frontale,,,,,,,,,,,1,1,1,1,1
200600073115,0006-12-07 07:00:00,6,12,7,7,0,590,382,rue Eugène Lefebvre,,,Crépuscule ou aube,En agglomération,Hors intersection,Pluie forte,Deux véhicules - frontale,,,,,,,,,,,2,2,1,3,1
200600073116,0006-12-23 18:45:00,6,12,23,18,45,590,97,14 route nationale,50.145,3.037,Nuit avec éclairage allumé,En agglomération,Hors intersection,Brouillard / fumée,Deux véhicules - côté,,,,,,,,,,,5,2,1,5,3
200600073117,0006-12-24 16:30:00,6,12,24,16,30,590,377,RD56,,,Plein jour,En agglomération,Hors intersection,Brouillard / fumée,Sans collision,,,,,,,,,,,1,2,1,5,7
200600073118,0006-12-12 18:30:00,6,12,12,18,30,590,449,Avenue KENNEDY,,,Nuit avec éclairage allumé,En agglomération,Hors intersection,Pluie forte,Autre collision,,,,,,,,,,,5,2,1,3,6
200600073119,0006-12-31 16:30:00,6,12,31,16,30,590,142,"71, Route Nationale",50.264,4.027,Plein jour,En agglomération,Hors intersection,Normale,Trois véhicules et plus - collisions multiples,,,,,,,,,,,1,2,1,1,5
200600073120,0006-12-29 20:30:00,6,12,29,20,30,620,583,,50.183,2.464,Nuit sans éclairage public,Hors agglomération,Hors intersection,Temps couvert,Deux véhicules - côté,,,,,,,,,,,3,1,1,8,3
200600073121,0006-12-02 20:15:00,6,12,2,20,15,620,371,RUE DE LA REPUBLIQUE,50.396,2.771,Nuit avec éclairage allumé,En agglomération,Intersection en X,Normale,Deux véhicules - côté,,,,,,,,,,,5,2,2,1,3
200600073122,0006-12-08 04:45:00,6,12,8,4,45,620,369,,,,Nuit sans éclairage public,Hors agglomération,Hors intersection,Pluie légère,Deux véhicules - arrière,,,,,,,,,,,3,1,1,2,2
200600073123,0006-12-24 02:30:00,6,12,24,2,30,620,609,,50.379,2.743,Nuit sans éclairage public,Hors agglomération,Hors intersection,Brouillard / fumée,Autre collision,,,,,,,,,,,3,1,1,5,6
200600073124,0006-12-14 17:45:00,6,12,14,17,45,620,865,,50.318,3.015,Crépuscule ou aube,Hors agglomération,Hors intersection,Autre,Deux véhicules - côté,,,,,,,,,,,2,1,1,9,3
200600073125,0006-12-20 17:15:00,6,12,20,17,15,620,190,Rue de Lillers,,,Nuit avec éclairage allumé,En agglomération,Hors intersection,Temps couvert,Deux véhicules - frontale,,,,,,,,,,,5,2,1,8,1
200600073126,0006-12-29 21:30:00,6,12,29,21,30,620,473,Rue Anatole FRANCE,,,Nuit avec éclairage allumé,En agglomération,Hors intersection,Normale,Deux véhicules - frontale,,,,,,,,,,,5,2,1,1,1
200600073127,0006-12-17 15:00:00,6,12,17,15,0,620,338,,50.641,2.828,Plein jour,Hors agglomération,Hors intersection,Normale,Deux véhicules - frontale,,,,,,,,,,,1,1,1,1,1
200600073128,0006-12-26 18:30:00,6,12,26,18,30,620,502,1498 rue du Grand Chemin,50.628,2.699,Nuit sans éclairage public,En agglomération,Hors intersection,Temps couvert,Autre collision,,,,,,,,,,,3,2,1,8,6
200600073129,0006-12-16 14:45:00,6,12,16,14,45,620,896,,,,Plein jour,Hors agglomération,Hors intersection,Normale,Deux véhicules - côté,,,,,,,,,,,1,1,1,1,3
200600073130,0006-12-12 14:15:00,6,12,12,14,15,620,786,route de DESVRES,50.703,1.893,Plein jour,En agglomération,Hors intersection,Pluie légère,Deux véhicules - côté,,,,,,,,,,,1,2,1,2,3
200600073131,0006-12-01 19:15:00,6,12,1,19,15,620,487,rue Jean MONET,,,Nuit avec éclairage allumé,En agglomération,Hors intersection,Normale,Deux véhicules - côté,,,,,,,,,,,5,2,1,1,3
200600073132,0006-12-19 13:45:00,6,12,19,13,45,620,746,72 rue Haffreingue,,,Plein jour,En agglomération,Hors intersection,Normale,Deux véhicules - arrière,,,,,,,,,,,1,2,1,1,2
200600073133,0006-12-01 21:30:00,6,12,1,21,30,620,397,,,,Nuit sans éclairage public,Hors agglomération,Intersection en X,Pluie légère,Deux véhicules - frontale,,,,,,,,,,,3,1,2,2,1
200600073134,0006-12-05 17:30:00,6,12,5,17,30,620,408,Intersection RD 127/247E,,,Nuit avec éclairage allumé,En agglomération,Intersection en T,Autre,Deux véhicules - côté,,,,,,,,,,,5,2,3,9,3
200600073135,0006-12-09 16:00:00,6,12,9,16,0,620,412,08 Rue Maurice Broutta,,,Plein jour,En agglomération,Hors intersection,Normale,Autre collision,,,,,,,,,,,1,2,1,1,6
200600073136,0006-12-18 08:30:00,6,12,18,8,30,620,506,"D 215, lieu dit ECOTTES",50.826,1.929,Crépuscule ou aube,Hors agglomération,Hors intersection,Autre,Sans collision,,,,,,,,,,,2,1,1,9,7
200600073137,0006-12-20 21:30:00,6,12,20,21,30,620,443,ue BASLY/Rue Jean JAURES,,,Nuit avec éclairage allumé,En agglomération,Intersection en X,Temps couvert,Deux véhicules - côté,,,,,,,,,,,5,2,2,8,3
200600073138,0006-12-27 15:00:00,6,12,27,15,0,620,207,CD917,,,Plein jour,En agglomération,Intersection en X,Pluie légère,Deux véhicules - côté,,,,,,,,,,,1,2,2,2,3
200600073139,0006-12-05 00:30:00,6,12,5,0,30,620,571,Rue Camille DELACROIX,,,Nuit avec éclairage allumé,En agglomération,Hors intersection,Normale,Autre collision,,,,,,,,,,,5,2,1,1,6
200600073140,0006-12-06 12:35:00,6,12,6,12,35,620,849,rue des Peupliers,,,Plein jour,En agglomération,Hors intersection,Normale,Deux véhicules - frontale,,,,,,,,,,,1,2,1,1,1
200600073141,0006-12-22 18:00:00,6,12,22,18,0,620,571,rue de l'église,50.459,1.606,Nuit avec éclairage allumé,En agglomération,Hors intersection,Vent fort / tempête,Sans collision,,,,,,,,,,,5,2,1,6,7
200600073142,0006-12-07 17:45:00,6,12,7,17,45,620,14,RUE POINCARRE,,,Nuit avec éclairage allumé,En agglomération,Hors intersection,Pluie légère,Deux véhicules - frontale,,,,,,,,,,,5,2,1,2,1
200600073143,0006-12-11 08:00:00,6,12,11,8,0,620,288,CD 190,,,Crépuscule ou aube,Hors agglomération,Hors intersection,Pluie légère,Deux véhicules - frontale,,,,,,,,,,,2,1,1,2,1
200600073144,0006-12-30 11:40:00,6,12,30,11,40,620,174,CD 231 PK 21+400,50.854,1.963,Plein jour,Hors agglomération,Hors intersection,Pluie forte,Deux véhicules - frontale,,,,,,,,,,,1,1,1,3,1
200600073145,0006-12-23 19:00:00,6,12,23,19,0,620,265,RUE PRINCIPALE,,,Nuit avec éclairage allumé,En agglomération,Hors intersection,Temps couvert,Autre collision,,,,,,,,,,,5,2,1,8,6
200600073146,0006-12-09 18:30:00,6,12,9,18,30,620,767,CD 916,50.338,2.315,Nuit sans éclairage public,Hors agglomération,Hors intersection,Normale,Autre collision,,,,,,,,,,,3,1,1,1,6
200600073147,0006-12-11 04:00:00,6,12,11,4,0,620,719,,50.387,2.136,Nuit sans éclairage public,Hors agglomération,Hors intersection,Pluie légère,Trois véhicules et plus - collisions multiples,,,,,,,,,,,3,1,1,2,5
200600073148,0006-12-15 18:15:00,6,12,15,18,15,620,652,,,,Crépuscule ou aube,En agglomération,Hors intersection,Normale,Deux véhicules - arrière,,,,,,,,,,,2,2,1,1,2
200600073149,0006-12-24 14:15:00,6,12,24,14,15,620,166,rue de Griscourt,,,Plein jour,En agglomération,Hors intersection,Brouillard / fumée,Autre collision,,,,,,,,,,,1,2,1,5,6
200600073150,0006-12-29 19:00:00,6,12,29,19,0,620,652,CD916 RUE LILLERS,,,Nuit avec éclairage allumé,En agglomération,Hors intersection,Pluie légère,Sans collision,,,,,,,,,,,5,2,1,2,7
200600073151,0006-12-15 08:45:00,6,12,15,8,45,620,45,,50.342,2.568,Plein jour,Hors agglomération,Hors intersection,Normale,Autre collision,,,,,,,,,,,1,1,1,1,6
200600073152,0006-12-22 14:30:00,6,12,22,14,30,620,63,rue principale,50.282,2.53,Plein jour,En agglomération,Hors intersection,Normale,Autre collision,,,,,,,,,,,1,2,1,1,6
200600073153,0006-12-15 08:15:00,6,12,15,8,15,800,99,CD216,,,Crépuscule ou aube,Hors agglomération,Hors intersection,Temps couvert,Autre collision,,,,,,,,,,,2,1,1,8,6
200600073154,0006-12-21 11:00:00,6,12,21,11,0,800,606,rue Gral De Gaulle,,,Plein jour,En agglomération,Hors intersection,Normale,Deux véhicules - arrière,,,,,,,,,,,1,2,1,1,2
200600073155,0006-12-19 22:30:00,6,12,19,22,30,800,79,,,,Nuit sans éclairage public,Hors agglomération,Hors intersection,Brouillard / fumée,Sans collision,,,,,,,,,,,3,1,1,5,7
200600073156,0006-12-22 09:30:00,6,12,22,9,30,800,690,,49.815,2.302,Plein jour,Hors agglomération,Hors intersection,Autre,Autre collision,,,,,,,,,,,1,1,1,9,6
200600073157,0006-12-22 21:45:00,6,12,22,21,45,800,630,RD 1029,,,Nuit sans éclairage public,Hors agglomération,Autre intersection,Normale,Autre collision,,,,,,,,,,,3,1,9,1,6
200600073158,0006-12-24 13:00:00,6,12,24,13,0,800,627,,,,Plein jour,Hors agglomération,Hors intersection,Brouillard / fumée,Deux véhicules - frontale,,,,,,,,,,,1,1,1,5,1
200600073159,0006-12-22 19:15:00,6,12,22,19,15,800,622,RD 1235,,,Nuit sans éclairage public,En agglomération,Hors intersection,Autre,Deux véhicules - côté,,,,,,,,,,,3,2,1,9,3
200600073160,0006-12-26 14:45:00,6,12,26,14,45,800,24,,,,Plein jour,Hors agglomération,Hors intersection,Normale,Sans collision,,,,,,,,,,,1,1,1,1,7
200600073161,0006-12-02 06:00:00,6,12,2,6,0,800,825,,,,Nuit sans éclairage public,Hors agglomération,Hors intersection,Temps couvert,Sans collision,,,,,,,,,,,3,1,1,8,7
200600073162,0006-12-18 23:30:00,6,12,18,23,30,800,126,rue du Tréport,,,Nuit sans éclairage public,En agglomération,Hors intersection,Brouillard / fumée,Autre collision,,,,,,,,,,,3,2,1,5,6
200600073163,0006-12-29 17:30:00,6,12,29,17,30,800,287,,,,Nuit sans éclairage public,Hors agglomération,Hors intersection,Pluie légère,Deux véhicules - côté,,,,,,,,,,,3,1,1,2,3
200600073164,0006-12-06 08:15:00,6,12,6,8,15,800,688,Rue du marais,,,Crépuscule ou aube,En agglomération,Hors intersection,Normale,Deux véhicules - côté,,,,,,,,,,,2,2,1,1,3
200600073165,0006-12-18 18:00:00,6,12,18,18,0,800,333,route de quend,,,Nuit avec éclairage allumé,En agglomération,Hors intersection,Normale,Autre collision,,,,,,,,,,,5,2,1,1,6
200600073166,0006-12-28 16:15:00,6,12,28,16,15,800,649,,,,Plein jour,Hors agglomération,Hors intersection,Normale,Deux véhicules - frontale,,,,,,,,,,,1,1,1,1,1
200600073167,0006-12-17 14:00:00,6,12,17,14,0,800,759,RN17,,,Plein jour,Hors agglomération,Hors intersection,Autre,Deux véhicules - frontale,,,,,,,,,,,1,1,1,9,1
200600073168,0006-12-21 13:30:00,6,12,21,13,30,800,685,rue de la pêcherie,,,Plein jour,En agglomération,Hors intersection,Normale,Autre collision,,,,,,,,,,,1,2,1,1,6
200600073169,0006-12-30 04:00:00,6,12,30,4,0,800,759,RN17,,,Nuit sans éclairage public,Hors agglomération,Hors intersection,Autre,Autre collision,,,,,,,,,,,3,1,1,9,6
200600073170,0006-12-12 18:15:00,6,12,12,18,15,800,242,CD 934 face à l'entrepri,,,Nuit avec éclairage non allumé,En agglomération,Hors intersection,Pluie forte,Autre collision,,,,,,,,,,,4,2,1,3,6
200600073171,0006-12-29 11:00:00,6,12,29,11,0,800,237,,,,Plein jour,Hors agglomération,Hors intersection,Normale,Autre collision,,,,,,,,,,,1,1,1,1,6
200600073172,0006-12-06 17:15:00,6,12,6,17,15,800,428,,49.964,2.852,Crépuscule ou aube,Hors agglomération,Hors intersection,Normale,Deux véhicules - frontale,,,,,,,,,,,2,1,1,1,1
200600073173,0006-12-08 16:15:00,6,12,8,16,15,800,620,,49.927,2.932,Crépuscule ou aube,Hors agglomération,Hors intersection,Pluie légère,Deux véhicules - côté,,,,,,,,,,,2,1,1,2,3
200600073174,0006-12-23 01:45:00,6,12,23,1,45,800,17,D43,49.969,2.947,Nuit sans éclairage public,En agglomération,Hors intersection,Normale,Autre collision,,,,,,,,,,,3,2,1,1,6
200600073175,0006-12-30 00:30:00,6,12,30,0,30,800,312,RD 917,,,Nuit avec éclairage allumé,En agglomération,Hors intersection,Normale,Autre collision,,,,,,,,,,,5,2,1,1,6
200600073176,0006-12-29 09:30:00,6,12,29,9,30,800,216,18 grande rue,,,Plein jour,En agglomération,Hors intersection,Normale,Sans collision,,,,,,,,,,,1,2,1,1,7
200600073177,0006-12-18 17:45:00,6,12,18,17,45,800,410,RUE DE VERDUN,49.754,3.07,Nuit avec éclairage allumé,En agglomération,Hors intersection,Normale,Trois véhicules et plus - en chaîne,,,,,,,,,,,5,2,1,1,4
200600073178,0006-12-22 17:40:00,6,12,22,17,40,800,410,levard de la République,,,Nuit avec éclairage allumé,En agglomération,Hors intersection,Autre,Autre collision,,,,,,,,,,,5,2,1,9,6
200600073179,0006-12-31 17:15:00,6,12,31,17,15,20,4,,49.708,3.924,Crépuscule ou aube,Hors agglomération,Hors intersection,Pluie légère,Deux véhicules - côté,,,,,,,,,,,2,1,1,2,3
200600073180,0006-12-01 06:00:00,6,12,1,6,0,20,238,CD26,49.619,3.515,Nuit sans éclairage public,Hors agglomération,Hors intersection,Normale,Autre collision,,,,,,,,,,,3,1,1,1,6
200600073181,0006-12-05 07:30:00,6,12,5,7,30,20,180,CD 967 PK83.193,,,Crépuscule ou aube,Hors agglomération,Hors intersection,Temps couvert,Deux véhicules - frontale,,,,,,,,,,,2,1,1,8,1
200600073182,0006-12-11 13:45:00,6,12,11,13,45,20,196,9 A rue de MONS,49.54,3.57,Plein jour,En agglomération,Hors intersection,Temps couvert,Deux véhicules - frontale,,,,,,,,,,,1,2,1,8,1
200600073183,0006-12-16 12:40:00,6,12,16,12,40,20,617,,49.688,3.609,Plein jour,Hors agglomération,Hors intersection,Temps couvert,Sans collision,,,,,,,,,,,1,1,1,8,7
200600073184,0006-12-18 18:20:00,6,12,18,18,20,20,128,rue porte de Laon,49.52,3.66,Nuit avec éclairage allumé,En agglomération,Hors intersection,Normale,Deux véhicules - frontale,,,,,,,,,,,5,2,1,1,1