accident_id,datetime,annee,mois,jour,heure,minute,departement,commune_insee,adresse,latitude,longitude,luminosite,agglomeration,intersection,meteo,collision,nb_vehicules,nb_usagers,nb_indemnes,nb_tues,nb_blesses_hosp,nb_blesses_legers,age_cond_1,age_cond_2,veh_type_cond_1,veh_type_cond_2,lum_code,agg_code,int_code,atm_code,col_code
200600073580,0006-12-05 09:00:00,6,12,5,9,0,850,82,,46.897,-0.924,Crépuscule ou aube,Hors agglomération,Hors intersection,Pluie légère,Autre collision,,,,,,,,,,,2,1,1,2,6
200600073581,0006-12-09 16:45:00,6,12,9,16,45,850,109,,46.866,-1.0,Plein jour,Hors agglomération,Hors intersection,Normale,Deux véhicules - côté,,,,,,,,,,,1,1,1,1,3
200600073582,0006-12-15 22:45:00,6,12,15,22,45,850,150,rue des maires,,,Nuit avec éclairage allumé,En agglomération,Hors intersection,Normale,Deux véhicules - arrière,,,,,,,,,,,5,2,1,1,2
200600073583,0006-12-16 23:40:00,6,12,16,23,40,850,146,place de la république,,,Nuit avec éclairage allumé,En agglomération,Giratoire,Normale,Deux véhicules - côté,,,,,,,,,,,5,2,6,1,3
200600073584,0006-12-18 19:45:00,6,12,18,19,45,850,108,,46.899,-1.384,Nuit sans éclairage public,Hors agglomération,Hors intersection,Normale,Autre collision,,,,,,,,,,,3,1,1,1,6
200600073585,0006-12-10 07:15:00,6,12,10,7,15,850,151,"RN 160, PK 2+500",,,Nuit sans éclairage public,Hors agglomération,Hors intersection,Brouillard / fumée,Deux véhicules - frontale,,,,,,,,,,,3,1,1,5,1
200600073586,0006-12-20 19:00:00,6,12,20,19,0,850,300,5 lieu dit la Mancelière,,,Nuit sans éclairage public,Hors agglomération,Intersection en T,Normale,Deux véhicules - côté,,,,,,,,,,,3,1,3,1,3
200600073587,0006-12-22 19:00:00,6,12,22,19,0,850,178,la Providence,,,Nuit sans éclairage public,Hors agglomération,Autre intersection,Autre,Autre collision,,,,,,,,,,,3,1,9,9,6
200600073588,0006-12-21 16:00:00,6,12,21,16,0,850,178,,,,Plein jour,Hors agglomération,Hors intersection,Normale,Sans collision,,,,,,,,,,,1,1,1,1,7
200600073589,0006-12-23 05:00:00,6,12,23,5,0,850,121,,,,Nuit sans éclairage public,Hors agglomération,Hors intersection,Autre,Autre collision,,,,,,,,,,,3,1,1,9,6
200600073590,0006-12-10 12:45:00,6,12,10,12,45,850,188,,,,Plein jour,Hors agglomération,Hors intersection,Normale,Deux véhicules - arrière,,,,,,,,,,,1,1,1,1,2
200600073591,0006-12-09 12:00:00,6,12,9,12,0,850,33,,46.545,-0.818,Plein jour,Hors agglomération,Hors intersection,Normale,Deux véhicules - frontale,,,,,,,,,,,1,1,1,1,1
200600073592,0006-12-15 09:15:00,6,12,15,9,15,850,256,,,,Plein jour,Hors agglomération,Hors intersection,Autre,Autre collision,,,,,,,,,,,1,1,1,9,6
200600073593,0006-12-22 15:55:00,6,12,22,15,55,850,256,rond point d'Ardenne,,,Plein jour,Hors agglomération,Giratoire,Normale,Deux véhicules - côté,,,,,,,,,,,1,1,6,1,3
200600073594,0006-12-18 14:00:00,6,12,18,14,0,850,147,Le  Pont  Guérin,,,Plein jour,Hors agglomération,Hors intersection,Normale,Deux véhicules - côté,,,,,,,,,,,1,1,1,1,3
200600073595,0006-12-03 22:30:00,6,12,3,22,30,850,280,la denelière,,,Nuit sans éclairage public,En agglomération,Hors intersection,Normale,Autre collision,,,,,,,,,,,3,2,1,1,6
200600073596,0006-12-12 10:45:00,6,12,12,10,45,850,130,,,,Plein jour,Hors agglomération,Hors intersection,Brouillard / fumée,Deux véhicules - côté,,,,,,,,,,,1,1,1,5,3
200600073597,0006-12-16 17:15:00,6,12,16,17,15,850,55,mmunale de la Brunolière,,,Nuit sans éclairage public,Hors agglomération,Hors intersection,Temps couvert,Deux véhicules - côté,,,,,,,,,,,3,1,1,8,3
200600073598,0006-12-17 06:15:00,6,12,17,6,15,850,71,,,,Nuit sans éclairage public,Hors agglomération,Hors intersection,Normale,Autre collision,,,,,,,,,,,3,1,1,1,6
200600073599,0006-12-14 18:30:00,6,12,14,18,30,850,29,CARREFOUR,,,Nuit avec éclairage allumé,En agglomération,Hors intersection,Normale,Deux véhicules - côté,,,,,,,,,,,5,2,1,1,3
200600073600,0006-12-29 19:45:00,6,12,29,19,45,850,284,"lieu dit ""Clair de lune""",46.8,-1.95,Nuit sans éclairage public,Hors agglomération,Hors intersection,Pluie légère,Autre collision,,,,,,,,,,,3,1,1,2,6
200600073601,0006-12-31 15:30:00,6,12,31,15,30,850,164,,46.86,-2.11,Plein jour,Hors agglomération,Hors intersection,Normale,Autre collision,,,,,,,,,,,1,1,1,1,6
200600073602,0006-12-27 16:00:00,6,12,27,16,0,850,10,ion RD949 - D105 PK52800,,,Plein jour,Hors agglomération,Hors intersection,Normale,Deux véhicules - côté,,,,,,,,,,,1,1,1,1,3
200600073603,0006-12-01 07:55:00,6,12,1,7,55,330,498,"""Fourat""",,,Crépuscule ou aube,Hors agglomération,Hors intersection,Normale,Deux véhicules - frontale,,,,,,,,,,,2,1,1,1,1
200600073604,0006-12-07 08:15:00,6,12,7,8,15,330,42,,,,Crépuscule ou aube,Hors agglomération,Hors intersection,Temps couvert,Deux véhicules - frontale,,,,,,,,,,,2,1,1,8,1
200600073605,0006-12-08 16:00:00,6,12,8,16,0,330,56,,,,Plein jour,En agglomération,Hors intersection,Normale,Autre collision,,,,,,,,,,,1,2,1,1,6
200600073606,0006-12-21 09:40:00,6,12,21,9,40,330,56,ugo - avenue de l'Europe,,,Plein jour,En agglomération,Intersection en X,Normale,Deux véhicules - côté,,,,,,,,,,,1,2,2,1,3
200600073607,0006-12-08 17:40:00,6,12,8,17,40,330,162,route de pauillac,,,Nuit avec éclairage allumé,En agglomération,Hors intersection,Pluie légère,Deux véhicules - côté,,,,,,,,,,,5,2,1,2,3
200600073608,0006-12-24 11:45:00,6,12,24,11,45,330,200,6 bis route du  Médoc,,,Plein jour,En agglomération,Hors intersection,Normale,Deux véhicules - frontale,,,,,,,,,,,1,2,1,1,1
200600073609,0006-12-11 10:10:00,6,12,11,10,10,330,100,La gruppe,,,Plein jour,Hors agglomération,Hors intersection,Normale,Trois véhicules et plus - collisions multiples,,,,,,,,,,,1,1,1,1,5
200600073610,0006-12-17 18:30:00,6,12,17,18,30,330,58,n° 32  avenue Hausman,,,Nuit avec éclairage allumé,En agglomération,Hors intersection,Normale,Deux véhicules - côté,,,,,,,,,,,5,2,1,1,3
200600073611,0006-12-23 08:15:00,6,12,23,8,15,330,101,,45.204,-0.572,Crépuscule ou aube,Hors agglomération,Autre intersection,Brouillard / fumée,Deux véhicules - frontale,,,,,,,,,,,2,1,9,5,1
200600073612,0006-12-24 11:30:00,6,12,24,11,30,330,351,oire et de la libération,,,Plein jour,En agglomération,Hors intersection,Normale,Autre collision,,,,,,,,,,,1,2,1,1,6
200600073613,0006-12-26 16:15:00,6,12,26,16,15,330,374,,45.284,-0.566,Plein jour,Hors agglomération,Hors intersection,Normale,Deux véhicules - frontale,,,,,,,,,,,1,1,1,1,1
200600073614,0006-12-17 08:45:00,6,12,17,8,45,330,126,,45.11,-0.46,Plein jour,Hors agglomération,Hors intersection,Normale,Deux véhicules - frontale,,,,,,,,,,,1,1,1,1,1
200600073615,0006-12-28 10:15:00,6,12,28,10,15,330,3,,44.93,-0.528,Plein jour,Hors agglomération,Hors intersection,Normale,Deux véhicules - frontale,,,,,,,,,,,1,1,1,1,1
200600073616,0006-12-23 20:00:00,6,12,23,20,0,330,323,,44.57,-0.21,Nuit avec éclairage allumé,Hors agglomération,Passage à niveau,Temps couvert,Deux véhicules - frontale,,,,,,,,,,,5,1,8,8,1
200600073617,0006-12-18 00:01:00,6,12,18,0,1,330,397,rue Arthur Rimbaud,,,Plein jour,Hors agglomération,Hors intersection,Normale,Deux véhicules - arrière,,,,,,,,,,,1,1,1,1,2
200600073618,0006-12-02 17:30:00,6,12,2,17,30,330,381,,44.753,-0.426,Crépuscule ou aube,Hors agglomération,Hors intersection,Normale,Sans collision,,,,,,,,,,,2,1,1,1,7
200600073619,0006-12-29 02:15:00,6,12,29,2,15,330,363,,44.787,-0.37,Nuit sans éclairage public,Hors agglomération,Hors intersection,Autre,Autre collision,,,,,,,,,,,3,1,1,9,6
200600073620,0006-12-30 21:00:00,6,12,30,21,0,330,496,43 route de Créon,,,Nuit sans éclairage public,Hors agglomération,Intersection en X,Normale,Deux véhicules - côté,,,,,,,,,,,3,1,2,1,3
200600073621,0006-12-09 20:45:00,6,12,9,20,45,330,13,7 avenue de la Moune,,,Nuit avec éclairage allumé,En agglomération,Hors intersection,Normale,Autre collision,,,,,,,,,,,5,2,1,1,6
200600073622,0006-12-18 19:00:00,6,12,18,19,0,330,13,AVENUE  DU PERIGORD,44.87,-0.486,Nuit avec éclairage allumé,En agglomération,Hors intersection,Normale,Autre collision,,,,,,,,,,,5,2,1,1,6
200600073623,0006-12-28 20:35:00,6,12,28,20,35,330,274,Route de BERNIN,,,Nuit sans éclairage public,Hors agglomération,Hors intersection,Autre,Deux véhicules - frontale,,,,,,,,,,,3,1,1,9,1
200600073624,0006-12-02 01:30:00,6,12,2,1,30,330,120,CD 11,44.63,-0.32,Nuit sans éclairage public,Hors agglomération,Hors intersection,Normale,Autre collision,,,,,,,,,,,3,1,1,1,6
200600073625,0006-12-16 21:15:00,6,12,16,21,15,330,205,la grande lande,,,Nuit sans éclairage public,Hors agglomération,Hors intersection,Normale,Autre collision,,,,,,,,,,,3,1,1,1,6
200600073626,0006-12-05 17:15:00,6,12,5,17,15,330,366,RUE DE LA GARE,44.998,-0.439,Nuit avec éclairage allumé,En agglomération,Hors intersection,Normale,Deux véhicules - côté,,,,,,,,,,,5,2,1,1,3
200600073627,0006-12-14 19:00:00,6,12,14,19,0,330,366,CHEMIN DE MONEIN,44.998,-0.444,Nuit avec éclairage allumé,En agglomération,Hors intersection,Brouillard / fumée,Sans collision,,,,,,,,,,,5,2,1,5,7
200600073628,0006-12-06 11:00:00,6,12,6,11,0,330,533,av du 8 mai 1945 RN113,44.565,-0.268,Plein jour,En agglomération,Autre intersection,Normale,Deux véhicules - arrière,,,,,,,,,,,1,2,9,1,2
200600073629,0006-12-18 07:30:00,6,12,18,7,30,330,279,"lieu dit ""Petit Jean""",44.49,-0.232,Crépuscule ou aube,Hors agglomération,Hors intersection,Normale,Deux véhicules - arrière,,,,,,,,,,,2,1,1,1,2
200600073630,0006-12-10 00:01:00,6,12,10,0,1,330,95,CD932 face à l'église,,,Plein jour,En agglomération,Hors intersection,Brouillard / fumée,Deux véhicules - frontale,,,,,,,,,,,1,2,1,5,1
200600073631,0006-12-27 17:00:00,6,12,27,17,0,330,36,Route de Langon,,,Plein jour,En agglomération,Hors intersection,Temps couvert,Deux véhicules - frontale,,,,,,,,,,,1,2,1,8,1
200600073632,0006-12-02 17:45:00,6,12,2,17,45,330,22,,44.998,-0.754,Crépuscule ou aube,Hors agglomération,Hors intersection,Normale,Trois véhicules et plus - collisions multiples,,,,,,,,,,,2,1,1,1,5
200600073633,0006-12-02 18:00:00,6,12,2,18,0,330,22,,45.019,-0.781,Nuit sans éclairage public,Hors agglomération,Hors intersection,Pluie légère,Deux véhicules - côté,,,,,,,,,,,3,1,1,2,3
200600073634,0006-12-13 09:00:00,6,12,13,9,0,330,22,,,,Plein jour,Hors agglomération,Hors intersection,Temps couvert,Deux véhicules - frontale,,,,,,,,,,,1,1,1,8,1
200600073635,0006-12-30 18:45:00,6,12,30,18,45,330,104,Rte d'Avensan,45.032,-0.786,Nuit avec éclairage allumé,En agglomération,Hors intersection,Pluie légère,Deux véhicules - frontale,,,,,,,,,,,5,2,1,2,1
200600073636,0006-12-15 10:45:00,6,12,15,10,45,330,256,,,,Plein jour,Hors agglomération,Intersection en X,Normale,Deux véhicules - côté,,,,,,,,,,,1,1,2,1,3
200600073637,0006-12-22 14:40:00,6,12,22,14,40,330,12,CD 1,,,Plein jour,Hors agglomération,Hors intersection,Normale,Deux véhicules - côté,,,,,,,,,,,1,1,1,1,3
200600073638,0006-12-30 02:15:00,6,12,30,2,15,330,211,22 rte des chateaux,,,Nuit avec éclairage allumé,En agglomération,Hors intersection,Normale,Deux véhicules - frontale,,,,,,,,,,,5,2,1,1,1
200600073639,0006-12-03 09:30:00,6,12,3,9,30,330,424,,45.159,-0.811,Plein jour,Hors agglomération,Hors intersection,Normale,Deux véhicules - côté,,,,,,,,,,,1,1,1,1,3
200600073640,0006-12-08 18:55:00,6,12,8,18,55,330,28,lieu dit Paludey RD936,,,Nuit sans éclairage public,Hors agglomération,Hors intersection,Pluie légère,Deux véhicules - arrière,,,,,,,,,,,3,1,1,2,2
200600073641,0006-12-26 23:30:00,6,12,26,23,30,330,393,,44.985,-0.208,Nuit sans éclairage public,Hors agglomération,Hors intersection,Normale,Autre collision,,,,,,,,,,,3,1,1,1,6
200600073642,0006-12-12 08:30:00,6,12,12,8,30,330,154,,,,Plein jour,Hors agglomération,Hors intersection,Pluie légère,Deux véhicules - côté,,,,,,,,,,,1,1,1,2,3
200600073643,0006-12-15 07:45:00,6,12,15,7,45,330,324,nouveau pont,,,Crépuscule ou aube,En agglomération,Hors intersection,Autre,Deux véhicules - arrière,,,,,,,,,,,2,2,1,9,2
200600073644,0006-12-14 06:00:00,6,12,14,6,0,330,332,Lieu dit Le Brisson,,,Nuit avec éclairage allumé,Hors agglomération,Hors intersection,Brouillard / fumée,Autre collision,,,,,,,,,,,5,1,1,5,6
200600073645,0006-12-24 15:00:00,6,12,24,15,0,330,191,,45.017,0.036,Plein jour,Hors agglomération,Hors intersection,Normale,Autre collision,,,,,,,,,,,1,1,1,1,6
200600073646,0006-12-20 14:55:00,6,12,20,14,55,240,561,ramefort,,,Plein jour,Hors agglomération,Hors intersection,Normale,Sans collision,,,,,,,,,,,1,1,1,1,7
200600073647,0006-12-05 09:45:00,6,12,5,9,45,240,372,rue des Piqueurs,45.149,0.528,Plein jour,En agglomération,Hors intersection,Pluie légère,Autre collision,,,,,,,,,,,1,2,1,2,6
200600073648,0006-12-16 20:30:00,6,12,16,20,30,240,487,,,,Nuit sans éclairage public,Hors agglomération,Hors intersection,Normale,Sans collision,,,,,,,,,,,3,1,1,1,7
200600073649,0006-12-30 10:45:00,6,12,30,10,45,240,134,,45.375,0.955,Plein jour,Hors agglomération,Hors intersection,Temps couvert,Autre collision,,,,,,,,,,,1,1,1,8,6
200600073650,0006-12-07 16:45:00,6,12,7,16,45,240,133,,,,Nuit sans éclairage public,Hors agglomération,Hors intersection,Pluie légère,Deux véhicules - côté,,,,,,,,,,,3,1,1,2,3
200600073651,0006-12-28 15:35:00,6,12,28,15,35,240,551,RUE PIERRE SEMARD,,,Plein jour,En agglomération,Hors intersection,Normale,Autre collision,,,,,,,,,,,1,2,1,1,6
200600073652,0006-12-02 17:15:00,6,12,2,17,15,240,294,AVENUE ANDRE MALRAUX,45.024,0.166,Crépuscule ou aube,En agglomération,Hors intersection,Normale,Deux véhicules - côté,,,,,,,,,,,2,2,1,1,3
200600073653,0006-12-17 12:00:00,6,12,17,12,0,240,366,Les Andrevies,,,Plein jour,Hors agglomération,Hors intersection,Temps couvert,Trois véhicules et plus - collisions multiples,,,,,,,,,,,1,1,1,8,5
200600073654,0006-12-18 09:15:00,6,12,18,9,15,240,520,arrefour  CD 57 et CD 46,44.875,1.21,Plein jour,En agglomération,Giratoire,Normale,Deux véhicules - côté,,,,,,,,,,,1,2,6,1,3
200600073655,0006-12-09 16:00:00,6,12,9,16,0,400,139,Lieu-dit Larrouzé,,,Plein jour,Hors agglomération,Hors intersection,Normale,Deux véhicules - côté,,,,,,,,,,,1,1,1,1,3
200600073656,0006-12-26 14:15:00,6,12,26,14,15,400,178,RD 1,,,Plein jour,Hors agglomération,Hors intersection,Normale,Sans collision,,,,,,,,,,,1,1,1,1,7
200600073657,0006-12-29 20:30:00,6,12,29,20,30,400,61,,43.833,-0.651,Nuit sans éclairage public,Hors agglomération,Hors intersection,Normale,Autre collision,,,,,,,,,,,3,1,1,1,6
200600073658,0006-12-09 12:00:00,6,12,9,12,0,400,283,,43.772,-0.999,Plein jour,Hors agglomération,Hors intersection,Pluie forte,Deux véhicules - côté,,,,,,,,,,,1,1,1,3,3
200600073659,0006-12-22 19:30:00,6,12,22,19,30,400,277,20 ROUTE DE  PEYREHORADE,,,Nuit avec éclairage non allumé,Hors agglomération,Hors intersection,Normale,Autre collision,,,,,,,,,,,4,1,1,1,6
200600073660,0006-12-22 15:15:00,6,12,22,15,15,400,276,,43.9,-1.275,Plein jour,Hors agglomération,Hors intersection,Temps couvert,Deux véhicules - frontale,,,,,,,,,,,1,1,1,8,1
200600073661,0006-12-10 19:15:00,6,12,10,19,15,400,118,Route de DAX,,,Nuit avec éclairage allumé,En agglomération,Hors intersection,Normale,Deux véhicules - frontale,,,,,,,,,,,5,2,1,1,1
200600073662,0006-12-17 17:45:00,6,12,17,17,45,400,183,,43.669,-0.964,Nuit sans éclairage public,Hors agglomération,Hors intersection,Normale,Trois véhicules et plus - collisions multiples,,,,,,,,,,,3,1,1,1,5
200600073663,0006-12-17 16:30:00,6,12,17,16,30,400,233,,43.622,-0.988,Plein jour,Hors agglomération,Hors intersection,Normale,Autre collision,,,,,,,,,,,1,1,1,1,6
200600073664,0006-12-28 18:15:00,6,12,28,18,15,400,118,Route de Misson,43.578,-0.93,Nuit sans éclairage public,En agglomération,Hors intersection,Normale,Deux véhicules - frontale,,,,,,,,,,,3,2,1,1,1
200600073665,0006-12-09 05:45:00,6,12,9,5,45,400,261,"Lieu-dit Marcaou, RN 10",,,Nuit sans éclairage public,Hors agglomération,Hors intersection,Pluie forte,Deux véhicules - frontale,,,,,,,,,,,3,1,1,3,1
200600073666,0006-12-19 17:30:00,6,12,19,17,30,400,310,,,,Plein jour,Hors agglomération,Hors intersection,Normale,Trois véhicules et plus - collisions multiples,,,,,,,,,,,1,1,1,1,5
200600073667,0006-12-30 15:15:00,6,12,30,15,15,400,296,"ier, lieu dit Lavigne",,,Plein jour,Hors agglomération,Hors intersection,Normale,Autre collision,,,,,,,,,,,1,1,1,1,6
200600073668,0006-12-15 15:30:00,6,12,15,15,30,400,287,,,,Plein jour,Hors agglomération,Intersection en T,Temps couvert,Deux véhicules - frontale,,,,,,,,,,,1,1,3,8,1
200600073669,0006-12-02 19:30:00,6,12,2,19,30,400,184,rue de l'abbaye,,,Nuit avec éclairage allumé,En agglomération,Hors intersection,Temps couvert,Autre collision,,,,,,,,,,,5,2,1,8,6
200600073670,0006-12-11 16:15:00,6,12,11,16,15,400,184,Résidence des Trounques,44.217,-1.261,Plein jour,En agglomération,Hors intersection,Normale,Deux véhicules - frontale,,,,,,,,,,,1,2,1,1,1
200600073671,0006-12-30 22:55:00,6,12,30,22,55,400,43,ROUTE DES LACS,44.143,-1.216,Nuit avec éclairage allumé,En agglomération,Hors intersection,Pluie légère,Autre collision,,,,,,,,,,,5,2,1,2,6
200600073672,0006-12-03 01:20:00,6,12,3,1,20,400,282,VC - COTE DE MORLANNE,43.768,-0.574,Nuit avec éclairage allumé,En agglomération,Hors intersection,Normale,Deux véhicules - côté,,,,,,,,,,,5,2,1,1,3
200600073673,0006-12-29 16:35:00,6,12,29,16,35,400,97,CD 11,,,Plein jour,Hors agglomération,Hors intersection,Normale,Deux véhicules - côté,,,,,,,,,,,1,1,1,1,3
200600073674,0006-12-03 21:00:00,6,12,3,21,0,400,137,,43.976,-0.298,Nuit sans éclairage public,Hors agglomération,Hors intersection,Pluie légère,Deux véhicules - côté,,,,,,,,,,,3,1,1,2,3
200600073675,0006-12-01 09:00:00,6,12,1,9,0,470,40,"lieu-dit ""lamothe""",,,Plein jour,Hors agglomération,Hors intersection,Normale,Deux véhicules - côté,,,,,,,,,,,1,1,1,1,3
200600073676,0006-12-03 15:30:00,6,12,3,15,30,470,19,CD 310,,,Plein jour,Hors agglomération,Hors intersection,Pluie légère,Sans collision,,,,,,,,,,,1,1,1,2,7
200600073677,0006-12-09 09:00:00,6,12,9,9,0,470,60,,44.118,0.743,Plein jour,Hors agglomération,Hors intersection,Normale,Deux véhicules - frontale,,,,,,,,,,,1,1,1,1,1
200600073678,0006-12-12 07:30:00,6,12,12,7,30,470,289,lieu dit Larène,,,Crépuscule ou aube,Hors agglomération,Hors intersection,Normale,Autre collision,,,,,,,,,,,2,1,1,1,6
200600073679,0006-12-13 17:00:00,6,12,13,17,0,470,157,Avenue Maréchal Joffre,44.503,0.168,Plein jour,En agglomération,Hors intersection,Temps couvert,Sans collision,,,,,,,,,,,1,2,1,8,7
200600073680,0006-12-15 18:15:00,6,12,15,18,15,470,226,,,,Nuit sans éclairage public,Hors agglomération,Hors intersection,Normale,Deux véhicules - frontale,,,,,,,,,,,3,1,1,1,1
200600073681,0006-12-06 10:05:00,6,12,6,10,5,470,165,"Lieu dit "" Piis""",,,Plein jour,Hors agglomération,Intersection en T,Pluie légère,Deux véhicules - côté,,,,,,,,,,,1,1,3,2,3
200600073682,0006-12-29 09:00:00,6,12,29,9,0,470,114,,44.387,0.147,Plein jour,Hors agglomération,Hors intersection,Temps couvert,Sans collision,,,,,,,,,,,1,1,1,8,7
200600073683,0006-12-30 16:30:00,6,12,30,16,30,470,110,Route de MARMANDE,,,Plein jour,En agglomération,Hors intersection,Normale,Deux véhicules - côté,,,,,,,,,,,1,2,1,1,3
200600073684,0006-12-10 04:00:00,6,12,10,4,0,470,310,CAUMONT SUR GARONNE,44.44,0.185,Nuit avec éclairage allumé,En agglomération,Hors intersection,Normale,Autre collision,,,,,,,,,,,5,2,1,1,6
200600073685,0006-12-16 08:00:00,6,12,16,8,0,470,65,,44.35,0.364,Crépuscule ou aube,Hors agglomération,Hors intersection,Brouillard / fumée,Sans collision,,,,,,,,,,,2,1,1,5,7
200600073686,0006-12-14 07:55:00,6,12,14,7,55,470,315,route de Fumel,,,Plein jour,En agglomération,Intersection en X,Brouillard / fumée,Trois véhicules et plus - collisions multiples,,,,,,,,,,,1,2,2,5,5
200600073687,0006-12-27 10:15:00,6,12,27,10,15,470,23,,,,Plein jour,Hors agglomération,Hors intersection,Normale,Deux véhicules - frontale,,,,,,,,,,,1,1,1,1,1
200600073688,0006-12-29 07:45:00,6,12,29,7,45,470,37,,44.633,0.711,Crépuscule ou aube,Hors agglomération,Hors intersection,Autre,Autre collision,,,,,,,,,,,2,1,1,9,6
200600073689,0006-12-05 07:50:00,6,12,5,7,50,470,179,avenue de la gare,,,Plein jour,En agglomération,Hors intersection,Normale,Deux véhicules - frontale,,,,,,,,,,,1,2,1,1,1
200600073690,0006-12-28 17:00:00,6,12,28,17,0,470,312,,,,Plein jour,Hors agglomération,Hors intersection,Normale,Deux véhicules - frontale,,,,,,,,,,,1,1,1,1,1
200600073691,0006-12-29 10:15:00,6,12,29,10,15,470,36,,,,Plein jour,Hors agglomération,Hors intersection,Normale,Sans collision,,,,,,,,,,,1,1,1,1,7
200600073692,0006-12-08 08:15:00,6,12,8,8,15,470,49,avenue St JEAN,,,Nuit sans éclairage public,En agglomération,Hors intersection,Pluie légère,Autre collision,,,,,,,,,,,3,2,1,2,6
200600073693,0006-12-13 18:00:00,6,12,13,18,0,640,376,,,,Nuit sans éclairage public,Hors agglomération,Hors intersection,Normale,Deux véhicules - frontale,,,,,,,,,,,3,1,1,1,1
200600073694,0006-12-07 20:30:00,6,12,7,20,30,640,511,,43.399,-0.377,Nuit avec éclairage allumé,Hors agglomération,Hors intersection,Normale,Deux véhicules - côté,,,,,,,,,,,5,1,1,1,3
200600073695,0006-12-07 20:30:00,6,12,7,20,30,640,405,CD 943 COTE DE MORLAAS,43.339,-0.277,Nuit sans éclairage public,En agglomération,Hors intersection,Pluie légère,Deux véhicules - frontale,,,,,,,,,,,3,2,1,2,1
200600073696,0006-12-30 19:15:00,6,12,30,19,15,640,216,,43.261,-0.177,Nuit avec éclairage allumé,Hors agglomération,Hors intersection,Normale,Trois véhicules et plus - collisions multiples,,,,,,,,,,,5,1,1,1,5
200600073697,0006-12-10 05:45:00,6,12,10,5,45,640,496,Lieu-dit Ametzondo,,,Nuit avec éclairage allumé,Hors agglomération,Hors intersection,Normale,Autre collision,,,,,,,,,,,5,1,1,1,6
200600073698,0006-12-22 17:00:00,6,12,22,17,0,640,94,,,,Plein jour,Hors agglomération,Hors intersection,Normale,Sans collision,,,,,,,,,,,1,1,1,1,7
200600073699,0006-12-04 17:55:00,6,12,4,17,55,640,495,918 quartier HELBARRON,,,Crépuscule ou aube,Hors agglomération,Hors intersection,Normale,Deux véhicules - côté,,,,,,,,,,,2,1,1,1,3
200600073700,0006-12-23 03:00:00,6,12,23,3,0,640,411,,43.198,-0.959,Nuit sans éclairage public,Hors agglomération,Hors intersection,Brouillard / fumée,Autre collision,,,,,,,,,,,3,1,1,5,6
200600073701,0006-12-27 15:45:00,6,12,27,15,45,640,261,RN 134,,,Plein jour,En agglomération,Intersection en X,Normale,Deux véhicules - côté,,,,,,,,,,,1,2,2,1,3
200600073702,0006-12-04 08:00:00,6,12,4,8,0,640,29,,,,Plein jour,Hors agglomération,Intersection en T,Normale,Deux véhicules - frontale,,,,,,,,,,,1,1,3,1,1
200600073703,0006-12-16 15:00:00,6,12,16,15,0,640,29,,43.117,-0.728,Plein jour,Hors agglomération,Hors intersection,Normale,Autre collision,,,,,,,,,,,1,1,1,1,6
200600073704,0006-12-21 07:10:00,6,12,21,7,10,640,62,Rue du pont Germe,,,Nuit avec éclairage allumé,En agglomération,Hors intersection,Autre,Autre collision,,,,,,,,,,,5,2,1,9,6
200600073705,0006-12-08 17:00:00,6,12,8,17,0,640,177,,43.481,-0.717,Plein jour,Hors agglomération,Hors intersection,Normale,Trois véhicules et plus - en chaîne,,,,,,,,,,,1,1,1,1,4
200600073706,0006-12-17 19:30:00,6,12,17,19,30,640,501,,43.515,-0.727,Nuit sans éclairage public,Hors agglomération,Hors intersection,Temps couvert,Trois véhicules et plus - en chaîne,,,,,,,,,,,3,1,1,8,4
200600073707,0006-12-08 17:30:00,6,12,8,17,30,640,108,CD 430 / CD 29,,,Plein jour,En agglomération,Autre intersection,Normale,Deux véhicules - frontale,,,,,,,,,,,1,2,9,1,1
200600073708,0006-12-09 05:45:00,6,12,9,5,45,640,531,,43.367,-0.908,Nuit sans éclairage public,Hors agglomération,Hors intersection,Pluie forte,Autre collision,,,,,,,,,,,3,1,1,3,6
200600073709,0006-12-18 10:30:00,6,12,18,10,30,640,499,Avenue des Docteurs FOIX,,,Plein jour,En agglomération,Hors intersection,Brouillard / fumée,Deux véhicules - côté,,,,,,,,,,,1,2,1,5,3
200600073710,0006-12-16 01:45:00,6,12,16,1,45,860,115,CD 62,,,Nuit sans éclairage public,Hors agglomération,Hors intersection,Normale,Sans collision,,,,,,,,,,,3,1,1,1,7
200600073711,0006-12-19 17:45:00,6,12,19,17,45,860,222,rue de la moussie- LE PE,,,Nuit avec éclairage allumé,En agglomération,Hors intersection,Normale,Autre collision,,,,,,,,,,,5,2,1,1,6