accident_id,datetime,annee,mois,jour,heure,minute,departement,commune_insee,adresse,latitude,longitude,luminosite,agglomeration,intersection,meteo,collision,nb_vehicules,nb_usagers,nb_indemnes,nb_tues,nb_blesses_hosp,nb_blesses_legers,age_cond_1,age_cond_2,veh_type_cond_1,veh_type_cond_2,lum_code,agg_code,int_code,atm_code,col_code
200600073712,0006-12-11 15:45:00,6,12,11,15,45,860,213,24 rue Mélusine,,,Plein jour,En agglomération,Hors intersection,Normale,Trois véhicules et plus - collisions multiples,,,,,,,,,,,1,2,1,1,5
200600073713,0006-12-06 13:50:00,6,12,6,13,50,860,177,Rue de Cissé,,,Plein jour,En agglomération,Intersection en X,Normale,Deux véhicules - côté,,,,,,,,,,,1,2,2,1,3
200600073714,0006-12-10 20:45:00,6,12,10,20,45,860,281,,,,Nuit sans éclairage public,Hors agglomération,Hors intersection,Brouillard / fumée,Autre collision,,,,,,,,,,,3,1,1,5,6
200600073715,0006-12-29 18:45:00,6,12,29,18,45,860,281,,,,Nuit sans éclairage public,Hors agglomération,Hors intersection,Normale,Deux véhicules - côté,,,,,,,,,,,3,1,1,1,3
200600073716,0006-12-14 19:15:00,6,12,14,19,15,860,257,"""Soudun""",,,Nuit sans éclairage public,Hors agglomération,Hors intersection,Brouillard / fumée,Deux véhicules - frontale,,,,,,,,,,,3,1,1,5,1
200600073717,0006-12-09 18:15:00,6,12,9,18,15,860,245,La Poterie,,,Nuit sans éclairage public,Hors agglomération,Hors intersection,Normale,Deux véhicules - frontale,,,,,,,,,,,3,1,1,1,1
200600073718,0006-12-04 08:05:00,6,12,4,8,5,860,165,avenue de la République,46.427,0.871,Plein jour,En agglomération,Hors intersection,Pluie légère,Autre collision,,,,,,,,,,,1,2,1,2,6
200600073719,0006-12-10 18:45:00,6,12,10,18,45,860,233,D114,,,Nuit sans éclairage public,Hors agglomération,Intersection en X,Normale,Deux véhicules - côté,,,,,,,,,,,3,1,2,1,3
200600073720,0006-12-27 14:30:00,6,12,27,14,30,860,223,rue léon Barbarin,46.57,0.872,Plein jour,En agglomération,Intersection en T,Normale,Deux véhicules - côté,,,,,,,,,,,1,2,3,1,3
200600073721,0006-12-08 16:45:00,6,12,8,16,45,160,287,,,,Plein jour,Hors agglomération,Hors intersection,Normale,Deux véhicules - arrière,,,,,,,,,,,1,1,1,1,2
200600073722,0006-12-13 20:15:00,6,12,13,20,15,160,287,,45.581,0.043,Nuit sans éclairage public,Hors agglomération,Hors intersection,Brouillard / fumée,Autre collision,,,,,,,,,,,3,1,1,5,6
200600073723,0006-12-26 08:15:00,6,12,26,8,15,160,355,,,,Crépuscule ou aube,Hors agglomération,Hors intersection,Autre,Deux véhicules - frontale,,,,,,,,,,,2,1,1,9,1
200600073724,0006-12-06 21:50:00,6,12,6,21,50,160,276,Le petit Vilard,,,Nuit sans éclairage public,Hors agglomération,Hors intersection,Normale,Autre collision,,,,,,,,,,,3,1,1,1,6
200600073725,0006-12-05 09:00:00,6,12,5,9,0,160,320,,45.764,0.003,Plein jour,Hors agglomération,Hors intersection,Normale,Deux véhicules - frontale,,,,,,,,,,,1,1,1,1,1
200600073726,0006-12-06 18:00:00,6,12,6,18,0,160,295,Rue des frères Lagarde,45.803,0.134,Nuit avec éclairage allumé,En agglomération,Hors intersection,Pluie légère,Deux véhicules - frontale,,,,,,,,,,,5,2,1,2,1
200600073727,0006-12-08 20:00:00,6,12,8,20,0,160,200,,45.853,0.187,Nuit sans éclairage public,Hors agglomération,Hors intersection,Pluie légère,Deux véhicules - frontale,,,,,,,,,,,3,1,1,2,1
200600073728,0006-12-10 05:30:00,6,12,10,5,30,160,81,,45.841,0.073,Nuit sans éclairage public,Hors agglomération,Hors intersection,Brouillard / fumée,Autre collision,,,,,,,,,,,3,1,1,5,6
200600073729,0006-12-04 05:55:00,6,12,4,5,55,160,344,"RN 141, ""La bécasse""",,,Nuit sans éclairage public,Hors agglomération,Hors intersection,Pluie légère,Deux véhicules - frontale,,,,,,,,,,,3,1,1,2,1
200600073730,0006-12-21 18:00:00,6,12,21,18,0,160,286,ROUTE D ANGOULEME,,,Nuit sans éclairage public,En agglomération,Hors intersection,Normale,Autre collision,,,,,,,,,,,3,2,1,1,6
200600073731,0006-12-12 20:00:00,6,12,12,20,0,170,222,CD 10,,,Nuit sans éclairage public,Hors agglomération,Hors intersection,Brouillard / fumée,Autre collision,,,,,,,,,,,3,1,1,5,6
200600073732,0006-12-23 11:00:00,6,12,23,11,0,170,190,Rue de la République,46.197,-1.187,Plein jour,En agglomération,Hors intersection,Normale,Autre collision,,,,,,,,,,,1,2,1,1,6
200600073733,0006-12-27 07:15:00,6,12,27,7,15,170,222,,46.233,-1.122,Nuit sans éclairage public,Hors agglomération,Hors intersection,Normale,Deux véhicules - frontale,,,,,,,,,,,3,1,1,1,1
200600073734,0006-12-10 05:00:00,6,12,10,5,0,170,420,,,,Nuit sans éclairage public,Hors agglomération,Intersection en X,Normale,Trois véhicules et plus - collisions multiples,,,,,,,,,,,3,1,2,1,5
200600073735,0006-12-19 19:00:00,6,12,19,19,0,170,10,,,,Nuit sans éclairage public,Hors agglomération,Hors intersection,Normale,Autre collision,,,,,,,,,,,3,1,1,1,6
200600073736,0006-12-07 00:30:00,6,12,7,0,30,170,303,30 Rue TEXIER NORBECQ,,,Nuit sans éclairage public,En agglomération,Hors intersection,Pluie légère,Autre collision,,,,,,,,,,,3,2,1,2,6
200600073737,0006-12-22 22:45:00,6,12,22,22,45,170,267,,46.23,-0.913,Nuit sans éclairage public,Hors agglomération,Hors intersection,Normale,Sans collision,,,,,,,,,,,3,1,1,1,7
200600073738,0006-12-30 16:30:00,6,12,30,16,30,170,41,,46.195,-0.828,Plein jour,Hors agglomération,Hors intersection,Pluie légère,Autre collision,,,,,,,,,,,1,1,1,2,6
200600073739,0006-12-11 19:15:00,6,12,11,19,15,170,121,CD 735 / PR 20600,46.205,-1.443,Nuit sans éclairage public,Hors agglomération,Hors intersection,Normale,Autre collision,,,,,,,,,,,3,1,1,1,6
200600073740,0006-12-03 20:45:00,6,12,3,20,45,170,238,,,,Nuit sans éclairage public,Hors agglomération,Hors intersection,Temps couvert,Deux véhicules - côté,,,,,,,,,,,3,1,1,8,3
200600073741,0006-12-30 01:15:00,6,12,30,1,15,170,110,,45.19,-0.21,Nuit sans éclairage public,Hors agglomération,Hors intersection,Autre,Autre collision,,,,,,,,,,,3,1,1,9,6
200600073742,0006-12-13 21:00:00,6,12,13,21,0,170,386,,,,Nuit sans éclairage public,Hors agglomération,Intersection en T,Brouillard / fumée,Deux véhicules - côté,,,,,,,,,,,3,1,3,5,3
200600073743,0006-12-13 19:00:00,6,12,13,19,0,170,167,LE GIBEAU,,,Nuit sans éclairage public,En agglomération,Hors intersection,Temps couvert,Autre collision,,,,,,,,,,,3,2,1,8,6
200600073744,0006-12-06 08:00:00,6,12,6,8,0,170,406,,45.76,-0.982,Crépuscule ou aube,Hors agglomération,Intersection en X,Temps couvert,Deux véhicules - côté,,,,,,,,,,,2,1,2,8,3
200600073745,0006-12-11 07:50:00,6,12,11,7,50,170,185,"eu dit ""Prise de THOMAS""",45.726,-0.965,Crépuscule ou aube,Hors agglomération,Hors intersection,Normale,Trois véhicules et plus - collisions multiples,,,,,,,,,,,2,1,1,1,5
200600073746,0006-12-12 00:01:00,6,12,12,0,1,170,337,ROUTE DE DOMINO,45.976,-1.352,Nuit avec éclairage allumé,En agglomération,Hors intersection,Pluie forte,Autre collision,,,,,,,,,,,5,2,1,3,6
200600073747,0006-12-21 09:45:00,6,12,21,9,45,170,93,,,,Plein jour,En agglomération,Hors intersection,Temps éblouissant,Autre collision,,,,,,,,,,,1,2,1,7,6
200600073748,0006-12-16 17:15:00,6,12,16,17,15,170,225,268 route de la Fouasse,45.735,-1.175,Crépuscule ou aube,Hors agglomération,Hors intersection,Normale,Deux véhicules - côté,,,,,,,,,,,2,1,1,1,3
200600073749,0006-12-06 12:00:00,6,12,6,12,0,170,166,,46.112,-0.884,Plein jour,Hors agglomération,Hors intersection,Temps couvert,Deux véhicules - frontale,,,,,,,,,,,1,1,1,8,1
200600073750,0006-12-09 18:00:00,6,12,9,18,0,170,340,petit bois,,,Crépuscule ou aube,Hors agglomération,Hors intersection,Normale,Deux véhicules - frontale,,,,,,,,,,,2,1,1,1,1
200600073751,0006-12-23 02:30:00,6,12,23,2,30,170,480,,46.147,-0.864,Nuit sans éclairage public,Hors agglomération,Hors intersection,Temps couvert,Sans collision,,,,,,,,,,,3,1,1,8,7
200600073752,0006-12-26 22:00:00,6,12,26,22,0,170,394,,46.117,-0.694,Nuit sans éclairage public,Hors agglomération,Hors intersection,Normale,Autre collision,,,,,,,,,,,3,1,1,1,6
200600073753,0006-12-07 16:45:00,6,12,7,16,45,170,431,,45.766,-0.784,Plein jour,Hors agglomération,Hors intersection,Normale,Deux véhicules - frontale,,,,,,,,,,,1,1,1,1,1
200600073754,0006-12-13 15:30:00,6,12,13,15,30,170,244,,,,Plein jour,Hors agglomération,Intersection en X,Normale,Deux véhicules - côté,,,,,,,,,,,1,1,2,1,3
200600073755,0006-12-29 05:45:00,6,12,29,5,45,170,283,,,,Nuit sans éclairage public,Hors agglomération,Hors intersection,Autre,Sans collision,,,,,,,,,,,3,1,1,9,7
200600073756,0006-12-20 16:00:00,6,12,20,16,0,170,393,"u-dit ""Les châtaigniers""",,,Plein jour,Hors agglomération,Intersection en X,Normale,Deux véhicules - côté,,,,,,,,,,,1,1,2,1,3
200600073757,0006-12-07 16:15:00,6,12,7,16,15,170,465,CARREF.  D739/ RUE ST MA,,,Plein jour,En agglomération,Intersection en X,Pluie légère,Deux véhicules - côté,,,,,,,,,,,1,2,2,2,3
200600073758,0006-12-15 17:15:00,6,12,15,17,15,170,347,,,,Plein jour,Hors agglomération,Hors intersection,Normale,Deux véhicules - côté,,,,,,,,,,,1,1,1,1,3
200600073759,0006-12-15 01:00:00,6,12,15,1,0,790,34,,46.293,-0.51,Nuit sans éclairage public,Hors agglomération,Giratoire,Normale,Sans collision,,,,,,,,,,,3,1,6,1,7
200600073760,0006-12-25 02:30:00,6,12,25,2,30,790,130,chemin des grelles,46.254,-0.532,Nuit sans éclairage public,En agglomération,Hors intersection,Normale,Autre collision,,,,,,,,,,,3,2,1,1,6
200600073761,0006-12-02 21:45:00,6,12,2,21,45,790,201,D5 Route de La MOTHE,,,Nuit avec éclairage allumé,En agglomération,Hors intersection,Pluie légère,Trois véhicules et plus - collisions multiples,,,,,,,,,,,5,2,1,2,5
200600073762,0006-12-06 14:15:00,6,12,6,14,15,790,48,ch des verdillons,46.364,-0.315,Plein jour,En agglomération,Hors intersection,Normale,Deux véhicules - côté,,,,,,,,,,,1,2,1,1,3
200600073763,0006-12-15 18:15:00,6,12,15,18,15,790,131,,46.881,-0.343,Nuit sans éclairage public,Hors agglomération,Hors intersection,Normale,Deux véhicules - frontale,,,,,,,,,,,3,1,1,1,1
200600073764,0006-12-16 03:30:00,6,12,16,3,30,790,196,,,,Nuit sans éclairage public,Hors agglomération,Hors intersection,Normale,Sans collision,,,,,,,,,,,3,1,1,1,7
200600073765,0006-12-06 18:15:00,6,12,6,18,15,790,80,RN 149,,,Nuit sans éclairage public,Hors agglomération,Hors intersection,Autre,Deux véhicules - arrière,,,,,,,,,,,3,1,1,9,2
200600073766,0006-12-12 18:15:00,6,12,12,18,15,790,202,rue du 114° RI face au 6,,,Nuit avec éclairage allumé,En agglomération,Hors intersection,Normale,Autre collision,,,,,,,,,,,5,2,1,1,6
200600073767,0006-12-07 19:45:00,6,12,7,19,45,870,178,Moulin de la ribière,45.883,1.37,Nuit sans éclairage public,Hors agglomération,Hors intersection,Pluie légère,Autre collision,,,,,,,,,,,3,1,1,2,6
200600073768,0006-12-10 19:30:00,6,12,10,19,30,870,28,,46.204,0.923,Nuit sans éclairage public,Hors agglomération,Hors intersection,Temps couvert,Deux véhicules - frontale,,,,,,,,,,,3,1,1,8,1
200600073769,0006-12-28 19:20:00,6,12,28,19,20,870,139,RN 147 -- PK 51+ 550,,,Nuit sans éclairage public,Hors agglomération,Hors intersection,Temps couvert,Autre collision,,,,,,,,,,,3,1,1,8,6
200600073770,0006-12-05 07:45:00,6,12,5,7,45,870,180,,46.198,1.278,Crépuscule ou aube,Hors agglomération,Hors intersection,Pluie légère,Deux véhicules - frontale,,,,,,,,,,,2,1,1,2,1
200600073771,0006-12-07 21:45:00,6,12,7,21,45,870,89,,46.219,1.125,Nuit sans éclairage public,Hors agglomération,Hors intersection,Pluie légère,Autre collision,,,,,,,,,,,3,1,1,2,6
200600073772,0006-12-12 16:30:00,6,12,12,16,30,870,180,RN145,,,Plein jour,En agglomération,Hors intersection,Normale,Autre collision,,,,,,,,,,,1,2,1,1,6
200600073773,0006-12-14 18:15:00,6,12,14,18,15,870,110,,45.943,1.027,Nuit sans éclairage public,Hors agglomération,Hors intersection,Normale,Deux véhicules - frontale,,,,,,,,,,,3,1,1,1,1
200600073774,0006-12-17 10:30:00,6,12,17,10,30,870,34,,45.723,0.888,Plein jour,Hors agglomération,Hors intersection,Normale,Deux véhicules - frontale,,,,,,,,,,,1,1,1,1,1
200600073775,0006-12-04 08:45:00,6,12,4,8,45,190,146,RD 1120,45.319,1.771,Plein jour,En agglomération,Hors intersection,Pluie forte,Deux véhicules - arrière,,,,,,,,,,,1,2,1,3,2
200600073776,0006-12-15 17:45:00,6,12,15,17,45,190,1,,45.517,1.786,Crépuscule ou aube,Hors agglomération,Hors intersection,Normale,Deux véhicules - frontale,,,,,,,,,,,2,1,1,1,1
200600073777,0006-12-23 16:15:00,6,12,23,16,15,190,107,Gde Rue Alexis Jaubert,,,Plein jour,En agglomération,Hors intersection,Normale,Autre collision,,,,,,,,,,,1,2,1,1,6
200600073778,0006-12-04 22:45:00,6,12,4,22,45,190,72,,45.229,1.536,Nuit sans éclairage public,Hors agglomération,Hors intersection,Pluie légère,Sans collision,,,,,,,,,,,3,1,1,2,7
200600073779,0006-12-13 17:30:00,6,12,13,17,30,190,274,,,,Crépuscule ou aube,Hors agglomération,Hors intersection,Normale,Deux véhicules - côté,,,,,,,,,,,2,1,1,1,3
200600073780,0006-12-17 17:30:00,6,12,17,17,30,190,278,,45.227,1.429,Nuit sans éclairage public,Hors agglomération,Hors intersection,Normale,Deux véhicules - frontale,,,,,,,,,,,3,1,1,1,1
200600073781,0006-12-14 11:00:00,6,12,14,11,0,190,25,lieu-dit  PISSAC,,,Plein jour,Hors agglomération,Hors intersection,Normale,Sans collision,,,,,,,,,,,1,1,1,1,7
200600073782,0006-12-19 08:15:00,6,12,19,8,15,230,176,16 boulevard Mestadier,46.244,1.485,Plein jour,En agglomération,Hors intersection,Normale,Autre collision,,,,,,,,,,,1,2,1,1,6
200600073783,0006-12-15 16:45:00,6,12,15,16,45,230,140,"CD.982, La côte Ribière",45.948,2.175,Plein jour,En agglomération,Hors intersection,Normale,Deux véhicules - frontale,,,,,,,,,,,1,2,1,1,1
200600073784,0006-12-01 08:30:00,6,12,1,8,30,230,125,,,,Plein jour,Hors agglomération,Hors intersection,Autre,Deux véhicules - côté,,,,,,,,,,,1,1,1,9,3
200600073785,0006-12-07 16:30:00,6,12,7,16,30,230,145,,46.28,2.39,Plein jour,Hors agglomération,Hors intersection,Temps couvert,Deux véhicules - arrière,,,,,,,,,,,1,1,1,8,2
200600073786,0006-12-08 18:30:00,6,12,8,18,30,310,53,Route de Lavaur,,,Nuit sans éclairage public,En agglomération,Hors intersection,Autre,Trois véhicules et plus - collisions multiples,,,,,,,,,,,3,2,1,9,5
200600073787,0006-12-09 04:15:00,6,12,9,4,15,310,418,,,,Nuit sans éclairage public,Hors agglomération,Hors intersection,Temps couvert,Sans collision,,,,,,,,,,,3,1,1,8,7
200600073788,0006-12-16 11:30:00,6,12,16,11,30,310,44,rue des mourlingues,,,Plein jour,En agglomération,Hors intersection,Normale,Autre collision,,,,,,,,,,,1,2,1,1,6
200600073789,0006-12-04 20:00:00,6,12,4,20,0,310,259,au niveau du 45 avenue d,,,Nuit avec éclairage allumé,En agglomération,Hors intersection,Normale,Deux véhicules - frontale,,,,,,,,,,,5,2,1,1,1
200600073790,0006-12-20 12:45:00,6,12,20,12,45,310,584,CD 32 PR 2+650,43.887,1.483,Plein jour,Hors agglomération,Hors intersection,Temps couvert,Autre collision,,,,,,,,,,,1,1,1,8,6
200600073791,0006-12-05 07:30:00,6,12,5,7,30,310,232,6 AV KENNEDY,,,Crépuscule ou aube,En agglomération,Hors intersection,Normale,Trois véhicules et plus - en chaîne,,,,,,,,,,,2,2,1,1,4
200600073792,0006-12-14 19:30:00,6,12,14,19,30,310,341,,,,Crépuscule ou aube,Hors agglomération,Hors intersection,Temps couvert,Deux véhicules - arrière,,,,,,,,,,,2,1,1,8,2
200600073793,0006-12-19 20:00:00,6,12,19,20,0,310,160,,,,Nuit sans éclairage public,Hors agglomération,Hors intersection,Normale,Deux véhicules - arrière,,,,,,,,,,,3,1,1,1,2
200600073794,0006-12-30 07:15:00,6,12,30,7,15,310,232,,,,Nuit sans éclairage public,Hors agglomération,Hors intersection,Brouillard / fumée,Deux véhicules - côté,,,,,,,,,,,3,1,1,5,3
200600073795,0006-12-08 21:30:00,6,12,8,21,30,310,291,intersection RN124-D42,43.604,1.243,Nuit avec éclairage allumé,En agglomération,Hors intersection,Pluie légère,Deux véhicules - frontale,,,,,,,,,,,5,2,1,2,1
200600073796,0006-12-08 22:15:00,6,12,8,22,15,310,424,,43.555,1.26,Nuit sans éclairage public,Hors agglomération,Hors intersection,Pluie légère,Deux véhicules - frontale,,,,,,,,,,,3,1,1,2,1
200600073797,0006-12-22 23:30:00,6,12,22,23,30,310,424,route de toulouse,43.575,1.312,Nuit avec éclairage allumé,En agglomération,Hors intersection,Normale,Autre collision,,,,,,,,,,,5,2,1,1,6
200600073798,0006-12-13 20:00:00,6,12,13,20,0,310,446,08 AVENUE TOLOSANE,43.555,1.472,Nuit avec éclairage allumé,En agglomération,Hors intersection,Normale,Deux véhicules - frontale,,,,,,,,,,,5,2,1,1,1
200600073799,0006-12-24 07:00:00,6,12,24,7,0,310,446,AVENUE TOLOSANE,,,Nuit avec éclairage allumé,En agglomération,Hors intersection,Normale,Autre collision,,,,,,,,,,,5,2,1,1,6
200600073800,0006-12-03 17:30:00,6,12,3,17,30,310,136,ROND POINT CD20 / RUE DU,43.752,1.433,Crépuscule ou aube,En agglomération,Giratoire,Pluie légère,Deux véhicules - côté,,,,,,,,,,,2,2,6,2,3
200600073801,0006-12-09 03:30:00,6,12,9,3,30,310,91,CD 4,43.743,1.411,Nuit sans éclairage public,Hors agglomération,Hors intersection,Temps couvert,Autre collision,,,,,,,,,,,3,1,1,8,6
200600073802,0006-12-11 09:15:00,6,12,11,9,15,310,490,,43.732,1.381,Plein jour,Hors agglomération,Hors intersection,Normale,Deux véhicules - côté,,,,,,,,,,,1,1,1,1,3
200600073803,0006-12-28 10:15:00,6,12,28,10,15,310,136,884 route de TOULOUSE,,,Plein jour,En agglomération,Hors intersection,Autre,Autre collision,,,,,,,,,,,1,2,1,9,6
200600073804,0006-12-30 21:45:00,6,12,30,21,45,310,182,,,,Nuit avec éclairage allumé,Hors agglomération,Hors intersection,Normale,Autre collision,,,,,,,,,,,5,1,1,1,6
200600073805,0006-12-09 13:55:00,6,12,9,13,55,310,273,"22, route de Barranquet",43.697,1.512,Plein jour,En agglomération,Hors intersection,Normale,Autre collision,,,,,,,,,,,1,2,1,1,6
200600073806,0006-12-16 23:45:00,6,12,16,23,45,310,462,Route nationale 88,,,Nuit sans éclairage public,Hors agglomération,Hors intersection,Normale,Autre collision,,,,,,,,,,,3,1,1,1,6
200600073807,0006-12-22 04:00:00,6,12,22,4,0,310,334,,,,Nuit sans éclairage public,Hors agglomération,Hors intersection,Normale,Autre collision,,,,,,,,,,,3,1,1,1,6
200600073808,0006-12-30 08:30:00,6,12,30,8,30,310,345,,43.406,1.404,Plein jour,Hors agglomération,Intersection en X,Temps couvert,Autre collision,,,,,,,,,,,1,1,2,8,6
200600073809,0006-12-17 12:40:00,6,12,17,12,40,310,107,route de Peyssies,43.315,1.178,Plein jour,Hors agglomération,Intersection en X,Temps couvert,Deux véhicules - côté,,,,,,,,,,,1,1,2,8,3
200600073810,0006-12-03 06:30:00,6,12,3,6,30,310,135,516 Avenue de St Julien,,,Nuit sans éclairage public,En agglomération,Hors intersection,Normale,Autre collision,,,,,,,,,,,3,2,1,1,6
200600073811,0006-12-08 16:00:00,6,12,8,16,0,310,324,,43.2,1.023,Plein jour,Hors agglomération,Hors intersection,Normale,Autre collision,,,,,,,,,,,1,1,1,1,6
200600073812,0006-12-11 08:00:00,6,12,11,8,0,310,324,Pyrénées - RN 117 - PK,43.197,0.994,Plein jour,Hors agglomération,Hors intersection,Brouillard / fumée,Deux véhicules - frontale,,,,,,,,,,,1,1,1,5,1
200600073813,0006-12-09 02:30:00,6,12,9,2,30,310,87,Lieu-dit Pourcet,,,Nuit sans éclairage public,Hors agglomération,Hors intersection,Pluie légère,Autre collision,,,,,,,,,,,3,1,1,2,6
200600073814,0006-12-24 00:45:00,6,12,24,0,45,310,499,CD 19,43.515,1.185,Nuit sans éclairage public,Hors agglomération,Hors intersection,Brouillard / fumée,Autre collision,,,,,,,,,,,3,1,1,5,6
200600073815,0006-12-11 15:00:00,6,12,11,15,0,310,80,Côte de Navarre,,,Plein jour,Hors agglomération,Hors intersection,Normale,Autre collision,,,,,,,,,,,1,1,1,1,6
200600073816,0006-12-01 15:00:00,6,12,1,15,0,310,210,RD 622,43.381,1.682,Plein jour,Hors agglomération,Hors intersection,Normale,Sans collision,,,,,,,,,,,1,1,1,1,7
200600073817,0006-12-21 14:15:00,6,12,21,14,15,310,332,,43.363,1.559,Plein jour,Hors agglomération,Hors intersection,Normale,Autre collision,,,,,,,,,,,1,1,1,1,6
200600073818,0006-12-28 09:00:00,6,12,28,9,0,310,106,,43.531,1.749,Plein jour,Hors agglomération,Hors intersection,Normale,Autre collision,,,,,,,,,,,1,1,1,1,6
200600073819,0006-12-28 09:15:00,6,12,28,9,15,310,228,,43.691,1.593,Plein jour,Hors agglomération,Intersection en X,Autre,Deux véhicules - frontale,,,,,,,,,,,1,1,2,9,1
200600073820,0006-12-09 23:00:00,6,12,9,23,0,310,371,,43.484,1.917,Nuit sans éclairage public,Hors agglomération,Hors intersection,Normale,Autre collision,,,,,,,,,,,3,1,1,1,6
200600073821,0006-12-29 14:45:00,6,12,29,14,45,310,371,,,,Plein jour,En agglomération,Hors intersection,Normale,Autre collision,,,,,,,,,,,1,2,1,1,6
200600073822,0006-12-20 10:30:00,6,12,20,10,30,90,269,,42.997,1.548,Plein jour,Hors agglomération,Hors intersection,Normale,Deux véhicules - frontale,,,,,,,,,,,1,1,1,1,1
200600073823,0006-12-20 11:45:00,6,12,20,11,45,90,160,38 AV DU DOCTEUR BERNADA,42.93,1.85,Plein jour,En agglomération,Hors intersection,Normale,Autre collision,,,,,,,,,,,1,2,1,1,6
200600073824,0006-12-11 13:45:00,6,12,11,13,45,90,199,Lieu-dit Péric,,,Plein jour,Hors agglomération,Intersection en X,Normale,Deux véhicules - côté,,,,,,,,,,,1,1,2,1,3
200600073825,0006-12-08 08:40:00,6,12,8,8,40,90,195,Lieu dit SALBATCHE,,,Plein jour,Hors agglomération,Hors intersection,Normale,Trois véhicules et plus - collisions multiples,,,,,,,,,,,1,1,1,1,5
200600073826,0006-12-04 17:45:00,6,12,4,17,45,90,111,,,,Nuit sans éclairage public,Hors agglomération,Hors intersection,Temps couvert,Deux véhicules - frontale,,,,,,,,,,,3,1,1,8,1
200600073827,0006-12-16 00:15:00,6,12,16,0,15,90,261,quai du gravier,42.989,1.145,Nuit avec éclairage allumé,En agglomération,Hors intersection,Normale,Sans collision,,,,,,,,,,,5,2,1,1,7
200600073828,0006-12-22 04:30:00,6,12,22,4,30,90,223,,,,Nuit avec éclairage allumé,Hors agglomération,Giratoire,Normale,Autre collision,,,,,,,,,,,5,1,6,1,6
200600073829,0006-12-10 06:15:00,6,12,10,6,15,120,84,,,,Nuit sans éclairage public,Hors agglomération,Hors intersection,Normale,Autre collision,,,,,,,,,,,3,1,1,1,6
200600073830,0006-12-06 17:45:00,6,12,6,17,45,120,90,CD 67,,,Nuit sans éclairage public,Hors agglomération,Intersection en X,Pluie légère,Deux véhicules - côté,,,,,,,,,,,3,1,2,2,3
200600073831,0006-12-08 06:00:00,6,12,8,6,0,120,32,CD 911,,,Nuit sans éclairage public,Hors agglomération,Hors intersection,Vent fort / tempête,Autre collision,,,,,,,,,,,3,1,1,6,6
200600073832,0006-12-09 20:00:00,6,12,9,20,0,120,185,carrefour des trois épis,44.293,2.682,Nuit sans éclairage public,Hors agglomération,Hors intersection,Pluie forte,Deux véhicules - frontale,,,,,,,,,,,3,1,1,3,1
200600073833,0006-12-22 14:30:00,6,12,22,14,30,120,264,CD 988 - route d'Espalio,,,Plein jour,En agglomération,Hors intersection,Normale,Sans collision,,,,,,,,,,,1,2,1,1,7
200600073834,0006-12-18 19:15:00,6,12,18,19,15,120,138,,,,Nuit sans éclairage public,Hors agglomération,Hors intersection,Normale,Deux véhicules - frontale,,,,,,,,,,,3,1,1,1,1
200600073835,0006-12-25 17:30:00,6,12,25,17,30,120,288,,,,Nuit sans éclairage public,Hors agglomération,Hors intersection,Normale,Trois véhicules et plus - collisions multiples,,,,,,,,,,,3,1,1,1,5
200600073836,0006-12-22 13:45:00,6,12,22,13,45,120,238,CD 911 / CD 29,44.206,3.017,Plein jour,Hors agglomération,Hors intersection,Normale,Deux véhicules - côté,,,,,,,,,,,1,1,1,1,3
200600073837,0006-12-01 11:30:00,6,12,1,11,30,120,123,8 Point Kilométrique  05,,,Plein jour,Hors agglomération,Hors intersection,Normale,Deux véhicules - côté,,,,,,,,,,,1,1,1,1,3
200600073838,0006-12-07 19:00:00,6,12,7,19,0,120,247,,,,Nuit sans éclairage public,Hors agglomération,Hors intersection,Pluie légère,Autre collision,,,,,,,,,,,3,1,1,2,6
200600073839,0006-12-04 10:30:00,6,12,4,10,30,120,38,CD902,,,Plein jour,Hors agglomération,Hors intersection,Pluie légère,Deux véhicules - frontale,,,,,,,,,,,1,1,1,2,1
200600073840,0006-12-16 01:30:00,6,12,16,1,30,120,195,,43.875,2.753,Nuit sans éclairage public,Hors agglomération,Hors intersection,Pluie légère,Autre collision,,,,,,,,,,,3,1,1,2,6
200600073841,0006-12-29 09:10:00,6,12,29,9,10,120,287,CD 926 PK 5 + 250,,,Plein jour,Hors agglomération,Hors intersection,Normale,Deux véhicules - côté,,,,,,,,,,,1,1,1,1,3
200600073842,0006-12-12 17:45:00,6,12,12,17,45,320,160,bd Armand Praviel,,,Nuit avec éclairage allumé,En agglomération,Hors intersection,Normale,Autre collision,,,,,,,,,,,5,2,1,1,6