accident_id,datetime,annee,mois,jour,heure,minute,departement,commune_insee,adresse,latitude,longitude,luminosite,agglomeration,intersection,meteo,collision,nb_vehicules,nb_usagers,nb_indemnes,nb_tues,nb_blesses_hosp,nb_blesses_legers,age_cond_1,age_cond_2,veh_type_cond_1,veh_type_cond_2,lum_code,agg_code,int_code,atm_code,col_code
200600073843,0006-12-23 16:00:00,6,12,23,16,0,320,377,,43.727,0.924,Plein jour,Hors agglomération,Hors intersection,Normale,Sans collision,,,,,,,,,,,1,1,1,1,7
200600073844,0006-12-14 18:15:00,6,12,14,18,15,320,462,,43.739,0.31,Nuit sans éclairage public,Hors agglomération,Hors intersection,Brouillard / fumée,Autre collision,,,,,,,,,,,3,1,1,5,6
200600073845,0006-12-09 12:30:00,6,12,9,12,30,320,143,,44.011,0.438,Plein jour,Hors agglomération,Hors intersection,Normale,Sans collision,,,,,,,,,,,1,1,1,1,7
200600073846,0006-12-15 18:00:00,6,12,15,18,0,320,345,bourdieu,43.97,0.5,Nuit sans éclairage public,Hors agglomération,Hors intersection,Normale,Autre collision,,,,,,,,,,,3,1,1,1,6
200600073847,0006-12-06 08:45:00,6,12,6,8,45,320,96,Rue de Gelle,,,Plein jour,En agglomération,Hors intersection,Temps couvert,Autre collision,,,,,,,,,,,1,2,1,8,6
200600073848,0006-12-08 17:00:00,6,12,8,17,0,320,110,,43.845,0.255,Plein jour,Hors agglomération,Intersection en X,Normale,Autre collision,,,,,,,,,,,1,1,2,1,6
200600073849,0006-12-11 11:00:00,6,12,11,11,0,320,64,,43.88,0.153,Plein jour,Hors agglomération,Hors intersection,Brouillard / fumée,Deux véhicules - arrière,,,,,,,,,,,1,1,1,5,2
200600073850,0006-12-12 13:45:00,6,12,12,13,45,320,119,Zone Industrielle,43.848,0.095,Plein jour,Hors agglomération,Hors intersection,Normale,Deux véhicules - arrière,,,,,,,,,,,1,1,1,1,2
200600073851,0006-12-02 16:45:00,6,12,2,16,45,320,132,station service AVIA,,,Nuit avec éclairage allumé,En agglomération,Hors intersection,Normale,Deux véhicules - frontale,,,,,,,,,,,5,2,1,1,1
200600073852,0006-12-24 13:45:00,6,12,24,13,45,320,306,"Nationale 21, PK 20+045",,,Plein jour,Hors agglomération,Hors intersection,Normale,Deux véhicules - frontale,,,,,,,,,,,1,1,1,1,1
200600073853,0006-12-28 20:45:00,6,12,28,20,45,320,101,Lieu-dit ''peleries'',43.814,0.694,Nuit sans éclairage public,Hors agglomération,Hors intersection,Normale,Sans collision,,,,,,,,,,,3,1,1,1,7
200600073854,0006-12-29 16:30:00,6,12,29,16,30,320,132,Rue Arnaud de Moles,,,Plein jour,En agglomération,Hors intersection,Normale,Autre collision,,,,,,,,,,,1,2,1,1,6
200600073855,0006-12-14 11:15:00,6,12,14,11,15,320,443,,43.668,-0.006,Plein jour,Hors agglomération,Hors intersection,Normale,Deux véhicules - côté,,,,,,,,,,,1,1,1,1,3
200600073856,0006-12-14 06:30:00,6,12,14,6,30,460,114,,,,Nuit sans éclairage public,Hors agglomération,Hors intersection,Normale,Autre collision,,,,,,,,,,,3,1,1,1,6
200600073857,0006-12-23 16:00:00,6,12,23,16,0,460,102,rue du Colonel TEULIER,44.617,2.032,Plein jour,En agglomération,Hors intersection,Normale,Autre collision,,,,,,,,,,,1,2,1,1,6
200600073858,0006-12-18 02:00:00,6,12,18,2,0,460,39,PK 28+500,,,Nuit sans éclairage public,Hors agglomération,Hors intersection,Autre,Autre collision,,,,,,,,,,,3,1,1,9,6
200600073859,0006-12-10 17:45:00,6,12,10,17,45,460,271,CD 673,,,Nuit sans éclairage public,Hors agglomération,Hors intersection,Normale,Deux véhicules - frontale,,,,,,,,,,,3,1,1,1,1
200600073860,0006-12-19 09:00:00,6,12,19,9,0,460,38,D803,,,Plein jour,En agglomération,Hors intersection,Normale,Deux véhicules - côté,,,,,,,,,,,1,2,1,1,3
200600073861,0006-12-15 18:15:00,6,12,15,18,15,460,297,,44.684,1.26,Nuit sans éclairage public,Hors agglomération,Hors intersection,Normale,Deux véhicules - arrière,,,,,,,,,,,3,1,1,1,2
200600073862,0006-12-29 22:15:00,6,12,29,22,15,460,127,,44.746,1.396,Nuit sans éclairage public,Hors agglomération,Hors intersection,Normale,Autre collision,,,,,,,,,,,3,1,1,1,6
200600073863,0006-12-02 02:45:00,6,12,2,2,45,650,392,,43.176,0.09,Nuit sans éclairage public,Hors agglomération,Hors intersection,Normale,Autre collision,,,,,,,,,,,3,1,1,1,6
200600073864,0006-12-14 12:00:00,6,12,14,12,0,650,292,,,,Plein jour,Hors agglomération,Hors intersection,Normale,Autre collision,,,,,,,,,,,1,1,1,1,6
200600073865,0006-12-30 18:00:00,6,12,30,18,0,650,460,Route de Tarbes,43.379,0.055,Nuit avec éclairage allumé,En agglomération,Hors intersection,Normale,Trois véhicules et plus - collisions multiples,,,,,,,,,,,5,2,1,1,5
200600073866,0006-12-17 12:15:00,6,12,17,12,15,650,59,La Coume,43.098,0.185,Plein jour,Hors agglomération,Hors intersection,Normale,Deux véhicules - côté,,,,,,,,,,,1,1,1,1,3
200600073867,0006-12-11 18:45:00,6,12,11,18,45,650,258,le guerissa,,,Nuit avec éclairage allumé,En agglomération,Hors intersection,Normale,Trois véhicules et plus - collisions multiples,,,,,,,,,,,5,2,1,1,5
200600073868,0006-12-07 07:30:00,6,12,7,7,30,810,147,lieu dit GASTEFER,,,Crépuscule ou aube,Hors agglomération,Hors intersection,Pluie légère,Deux véhicules - frontale,,,,,,,,,,,2,1,1,2,1
200600073869,0006-12-17 17:45:00,6,12,17,17,45,810,98,,43.628,2.141,Nuit sans éclairage public,Hors agglomération,Hors intersection,Normale,Deux véhicules - côté,,,,,,,,,,,3,1,1,1,3
200600073870,0006-12-04 17:30:00,6,12,4,17,30,810,42,MISSECLE,,,Nuit sans éclairage public,Hors agglomération,Hors intersection,Normale,Trois véhicules et plus - collisions multiples,,,,,,,,,,,3,1,1,1,5
200600073871,0006-12-09 14:00:00,6,12,9,14,0,810,112,,43.924,2.005,Plein jour,Hors agglomération,Hors intersection,Normale,Deux véhicules - côté,,,,,,,,,,,1,1,1,1,3
200600073872,0006-12-13 12:00:00,6,12,13,12,0,810,38,,43.88,1.89,Plein jour,Hors agglomération,Hors intersection,Normale,Deux véhicules - arrière,,,,,,,,,,,1,1,1,1,2
200600073873,0006-12-22 21:45:00,6,12,22,21,45,810,32,,43.52,2.01,Nuit sans éclairage public,Hors agglomération,Hors intersection,Temps couvert,Autre collision,,,,,,,,,,,3,1,1,8,6
200600073874,0006-12-27 16:00:00,6,12,27,16,0,820,113,D20 - Favols,,,Plein jour,Hors agglomération,Hors intersection,Normale,Deux véhicules - frontale,,,,,,,,,,,1,1,1,1,1
200600073875,0006-12-03 07:45:00,6,12,3,7,45,820,161,,44.063,1.467,Crépuscule ou aube,Hors agglomération,Hors intersection,Normale,Autre collision,,,,,,,,,,,2,1,1,1,6
200600073876,0006-12-05 17:45:00,6,12,5,17,45,820,161,,44.038,1.423,Crépuscule ou aube,Hors agglomération,Hors intersection,Pluie légère,Autre collision,,,,,,,,,,,2,1,1,2,6
200600073877,0006-12-11 17:50:00,6,12,11,17,50,820,38,PK 5,,,Nuit sans éclairage public,Hors agglomération,Hors intersection,Normale,Autre collision,,,,,,,,,,,3,1,1,1,6
200600073878,0006-12-09 06:00:00,6,12,9,6,0,820,21,,,,Plein jour,Hors agglomération,Hors intersection,Normale,Autre collision,,,,,,,,,,,1,1,1,1,6
200600073879,0006-12-28 13:30:00,6,12,28,13,30,820,94,Faubourg d'Auriac,44.26,1.138,Plein jour,En agglomération,Hors intersection,Normale,Autre collision,,,,,,,,,,,1,2,1,1,6
200600073880,0006-12-07 15:15:00,6,12,7,15,15,820,23,,43.957,1.173,Plein jour,Hors agglomération,Hors intersection,Pluie légère,Autre collision,,,,,,,,,,,1,1,1,2,6
200600073881,0006-12-02 01:30:00,6,12,2,1,30,820,72,Avenue du Midi,,,Nuit avec éclairage allumé,En agglomération,Hors intersection,Normale,Sans collision,,,,,,,,,,,5,2,1,1,7
200600073882,0006-12-10 17:30:00,6,12,10,17,30,820,186,Route de Goudourville,,,Nuit sans éclairage public,En agglomération,Hors intersection,Normale,Autre collision,,,,,,,,,,,3,2,1,1,6
200600073883,0006-12-13 09:50:00,6,12,13,9,50,820,89,4 avenue Saint Michel,,,Plein jour,En agglomération,Hors intersection,Normale,Trois véhicules et plus - collisions multiples,,,,,,,,,,,1,2,1,1,5
200600073884,0006-12-22 22:00:00,6,12,22,22,0,690,127,,,,Nuit sans éclairage public,Hors agglomération,Hors intersection,Brouillard / fumée,Trois véhicules et plus - en chaîne,,,,,,,,,,,3,1,1,5,4
200600073885,0006-12-02 05:15:00,6,12,2,5,15,690,117,centre ville hauteur n90,,,Nuit avec éclairage allumé,En agglomération,Hors intersection,Normale,Deux véhicules - frontale,,,,,,,,,,,5,2,1,1,1
200600073886,0006-12-05 07:15:00,6,12,5,7,15,690,117,64 RN6,,,Crépuscule ou aube,En agglomération,Hors intersection,Normale,Deux véhicules - arrière,,,,,,,,,,,2,2,1,1,2
200600073887,0006-12-15 17:30:00,6,12,15,17,30,690,143,avenue Jean Christophe,,,Nuit avec éclairage allumé,En agglomération,Hors intersection,Normale,Autre collision,,,,,,,,,,,5,2,1,1,6
200600073888,0006-12-08 12:30:00,6,12,8,12,30,690,286,36 avenue de l'Europe,,,Plein jour,En agglomération,Autre intersection,Pluie forte,Deux véhicules - arrière,,,,,,,,,,,1,2,9,3,2
200600073889,0006-12-16 10:45:00,6,12,16,10,45,690,204,22 chemin de la Mouche,,,Plein jour,En agglomération,Hors intersection,Normale,Deux véhicules - frontale,,,,,,,,,,,1,2,1,1,1
200600073890,0006-12-22 13:00:00,6,12,22,13,0,690,204,avenue de gadagne,,,Plein jour,En agglomération,Hors intersection,Normale,Deux véhicules - arrière,,,,,,,,,,,1,2,1,1,2
200600073891,0006-12-05 07:45:00,6,12,5,7,45,690,299,,,,Plein jour,Hors agglomération,Hors intersection,Normale,Deux véhicules - frontale,,,,,,,,,,,1,1,1,1,1
200600073892,0006-12-26 09:00:00,6,12,26,9,0,690,288,,45.678,5.038,Plein jour,Hors agglomération,Hors intersection,Autre,Autre collision,,,,,,,,,,,1,1,1,9,6
200600073893,0006-12-29 19:15:00,6,12,29,19,15,690,91,,,,Nuit sans éclairage public,Hors agglomération,Hors intersection,Pluie légère,Deux véhicules - frontale,,,,,,,,,,,3,1,1,2,1
200600073894,0006-12-08 23:10:00,6,12,8,23,10,690,32,RN7,,,Nuit sans éclairage public,Hors agglomération,Hors intersection,Normale,Deux véhicules - frontale,,,,,,,,,,,3,1,1,1,1
200600073895,0006-12-20 23:35:00,6,12,20,23,35,690,112,chemin du bois seigneur,,,Nuit sans éclairage public,Hors agglomération,Hors intersection,Normale,Autre collision,,,,,,,,,,,3,1,1,1,6
200600073896,0006-12-22 17:30:00,6,12,22,17,30,690,86,"ance, lieu dit En France",,,Nuit sans éclairage public,Hors agglomération,Hors intersection,Brouillard / fumée,Deux véhicules - frontale,,,,,,,,,,,3,1,1,5,1
200600073897,0006-12-20 04:45:00,6,12,20,4,45,690,28,14 route du pont chabrol,,,Nuit avec éclairage allumé,Hors agglomération,Hors intersection,Normale,Deux véhicules - frontale,,,,,,,,,,,5,1,1,1,1
200600073898,0006-12-17 21:30:00,6,12,17,21,30,690,151,Chante perdrix,,,Nuit sans éclairage public,Hors agglomération,Hors intersection,Temps couvert,Sans collision,,,,,,,,,,,3,1,1,8,7
200600073899,0006-12-21 17:30:00,6,12,21,17,30,690,121,,,,Crépuscule ou aube,Hors agglomération,Hors intersection,Normale,Deux véhicules - arrière,,,,,,,,,,,2,1,1,1,2
200600073900,0006-12-01 20:00:00,6,12,1,20,0,690,197,,46.065,4.64,Nuit sans éclairage public,Hors agglomération,Intersection en X,Normale,Deux véhicules - côté,,,,,,,,,,,3,1,2,1,3
200600073901,0006-12-02 16:00:00,6,12,2,16,0,690,197,,46.069,4.652,Plein jour,Hors agglomération,Hors intersection,Normale,Deux véhicules - arrière,,,,,,,,,,,1,1,1,1,2
200600073902,0006-12-06 12:45:00,6,12,6,12,45,690,45,,46.071,4.691,Plein jour,Hors agglomération,Hors intersection,Normale,Sans collision,,,,,,,,,,,1,1,1,1,7
200600073903,0006-12-09 05:45:00,6,12,9,5,45,690,197,,,,Crépuscule ou aube,Hors agglomération,Hors intersection,Pluie légère,Autre collision,,,,,,,,,,,2,1,1,2,6
200600073904,0006-12-23 20:20:00,6,12,23,20,20,690,77,temental n° 9 PK 0 + 300,46.166,4.785,Nuit sans éclairage public,Hors agglomération,Hors intersection,Temps couvert,Autre collision,,,,,,,,,,,3,1,1,8,6
200600073905,0006-12-12 07:45:00,6,12,12,7,45,690,50,"Lieu dit ""Pont Dorieux""",,,Plein jour,Hors agglomération,Hors intersection,Normale,Deux véhicules - côté,,,,,,,,,,,1,1,1,1,3
200600073906,0006-12-14 16:50:00,6,12,14,16,50,690,245,"t ""Les grandes Planches""",,,Nuit avec éclairage allumé,En agglomération,Hors intersection,Brouillard / fumée,Autre collision,,,,,,,,,,,5,2,1,5,6
200600073907,0006-12-10 12:00:00,6,12,10,12,0,690,157,,,,Plein jour,Hors agglomération,Giratoire,Normale,Autre collision,,,,,,,,,,,1,1,6,1,6
200600073908,0006-12-17 14:20:00,6,12,17,14,20,690,223,le pied de vindry,,,Plein jour,Hors agglomération,Hors intersection,Pluie légère,Sans collision,,,,,,,,,,,1,1,1,2,7
200600073909,0006-12-24 08:45:00,6,12,24,8,45,690,25,39  rue de la République,,,Plein jour,En agglomération,Hors intersection,Normale,Autre collision,,,,,,,,,,,1,2,1,1,6
200600073910,0006-12-31 14:45:00,6,12,31,14,45,690,240,,,,Plein jour,Hors agglomération,Hors intersection,Normale,Sans collision,,,,,,,,,,,1,1,1,1,7
200600073911,0006-12-17 11:45:00,6,12,17,11,45,10,369,Route de Jasseron,,,Plein jour,Hors agglomération,Autre intersection,Pluie légère,Deux véhicules - arrière,,,,,,,,,,,1,1,9,2,2
200600073912,0006-12-02 05:45:00,6,12,2,5,45,10,163,,,,Nuit sans éclairage public,Hors agglomération,Hors intersection,Normale,Autre collision,,,,,,,,,,,3,1,1,1,6
200600073913,0006-12-30 23:00:00,6,12,30,23,0,10,323,Les Quatre Vents,46.432,4.937,Nuit avec éclairage allumé,En agglomération,Hors intersection,Brouillard / fumée,Autre collision,,,,,,,,,,,5,2,1,5,6
200600073914,0006-12-31 14:30:00,6,12,31,14,30,10,304,,,,Plein jour,Hors agglomération,Hors intersection,Normale,Autre collision,,,,,,,,,,,1,1,1,1,6
200600073915,0006-12-02 18:15:00,6,12,2,18,15,10,314,,,,Nuit sans éclairage public,Hors agglomération,Hors intersection,Pluie légère,Autre collision,,,,,,,,,,,3,1,1,2,6
200600073916,0006-12-24 02:00:00,6,12,24,2,0,10,320,route de la prairie,,,Nuit avec éclairage allumé,En agglomération,Hors intersection,Autre,Autre collision,,,,,,,,,,,5,2,1,9,6
200600073917,0006-12-28 22:00:00,6,12,28,22,0,10,231,grande route,,,Nuit avec éclairage allumé,En agglomération,Intersection en X,Brouillard / fumée,Deux véhicules - côté,,,,,,,,,,,5,2,2,5,3
200600073918,0006-12-10 18:45:00,6,12,10,18,45,10,452,Route de LYON,,,Nuit avec éclairage allumé,En agglomération,Hors intersection,Pluie légère,Sans collision,,,,,,,,,,,5,2,1,2,7
200600073919,0006-12-23 04:30:00,6,12,23,4,30,10,66,,,,Nuit sans éclairage public,Hors agglomération,Hors intersection,Autre,Sans collision,,,,,,,,,,,3,1,1,9,7
200600073920,0006-12-10 19:30:00,6,12,10,19,30,10,60,Rue principale,,,Nuit sans éclairage public,Hors agglomération,Hors intersection,Normale,Sans collision,,,,,,,,,,,3,1,1,1,7
200600073921,0006-12-23 15:00:00,6,12,23,15,0,10,187,Le Rachet,,,Plein jour,Hors agglomération,Hors intersection,Normale,Sans collision,,,,,,,,,,,1,1,1,1,7
200600073922,0006-12-09 19:15:00,6,12,9,19,15,10,202,,,,Nuit sans éclairage public,Hors agglomération,Hors intersection,Pluie légère,Deux véhicules - frontale,,,,,,,,,,,3,1,1,2,1
200600073923,0006-12-28 07:45:00,6,12,28,7,45,10,7,Lieu dit le Genoud,,,Nuit sans éclairage public,Hors agglomération,Hors intersection,Brouillard / fumée,Autre collision,,,,,,,,,,,3,1,1,5,6
200600073924,0006-12-19 13:30:00,6,12,19,13,30,10,265,Rue du Musinet,,,Plein jour,En agglomération,Hors intersection,Normale,Autre collision,,,,,,,,,,,1,2,1,1,6
200600073925,0006-12-21 17:00:00,6,12,21,17,0,10,265,"80, rue de Bresse",,,Crépuscule ou aube,En agglomération,Hors intersection,Normale,Autre collision,,,,,,,,,,,2,2,1,1,6
200600073926,0006-12-15 14:00:00,6,12,15,14,0,10,322,RD6 route de TREVOUX,,,Plein jour,En agglomération,Hors intersection,Temps couvert,Deux véhicules - frontale,,,,,,,,,,,1,2,1,8,1
200600073927,0006-12-07 11:30:00,6,12,7,11,30,10,92,,45.97,5.245,Plein jour,Hors agglomération,Hors intersection,Pluie légère,Autre collision,,,,,,,,,,,1,1,1,2,6
200600073928,0006-12-17 17:30:00,6,12,17,17,30,10,381,CD90,,,Nuit avec éclairage allumé,En agglomération,Hors intersection,Pluie légère,Deux véhicules - frontale,,,,,,,,,,,5,2,1,2,1
200600073929,0006-12-17 21:30:00,6,12,17,21,30,10,90,,,,Nuit sans éclairage public,Hors agglomération,Hors intersection,Pluie légère,Autre collision,,,,,,,,,,,3,1,1,2,6
200600073930,0006-12-22 05:45:00,6,12,22,5,45,10,235,,,,Nuit sans éclairage public,Hors agglomération,Hors intersection,Normale,Autre collision,,,,,,,,,,,3,1,1,1,6
200600073931,0006-12-24 22:45:00,6,12,24,22,45,10,383,,46.11,5.139,Nuit sans éclairage public,Hors agglomération,Hors intersection,Autre,Deux véhicules - côté,,,,,,,,,,,3,1,1,9,3
200600073932,0006-12-25 09:45:00,6,12,25,9,45,10,434,,,,Plein jour,Hors agglomération,Hors intersection,Normale,Autre collision,,,,,,,,,,,1,1,1,1,6
200600073933,0006-12-16 21:00:00,6,12,16,21,0,10,46,lieu-dit Domaine Neuf,,,Nuit avec éclairage allumé,En agglomération,Hors intersection,Pluie légère,Autre collision,,,,,,,,,,,5,2,1,2,6
200600073934,0006-12-16 19:15:00,6,12,16,19,15,10,1,,,,Nuit sans éclairage public,Hors agglomération,Intersection en X,Normale,Deux véhicules - côté,,,,,,,,,,,3,1,2,1,3
200600073935,0006-12-17 18:30:00,6,12,17,18,30,10,450,Chemin de la masse,,,Nuit sans éclairage public,En agglomération,Autre intersection,Normale,Autre collision,,,,,,,,,,,3,2,9,1,6
200600073936,0006-12-15 10:00:00,6,12,15,10,0,10,249,1420 grande rue,,,Plein jour,En agglomération,Hors intersection,Normale,Deux véhicules - frontale,,,,,,,,,,,1,2,1,1,1
200600073937,0006-12-22 09:15:00,6,12,22,9,15,10,249,,,,Nuit sans éclairage public,Hors agglomération,Hors intersection,Brouillard / fumée,Deux véhicules - frontale,,,,,,,,,,,3,1,1,5,1
200600073938,0006-12-01 16:25:00,6,12,1,16,25,10,105,,,,Plein jour,Hors agglomération,Hors intersection,Normale,Deux véhicules - côté,,,,,,,,,,,1,1,1,1,3
200600073939,0006-12-04 12:00:00,6,12,4,12,0,10,295,,46.134,4.812,Plein jour,Hors agglomération,Hors intersection,Temps couvert,Autre collision,,,,,,,,,,,1,1,1,8,6
200600073940,0006-12-08 17:00:00,6,12,8,17,0,10,167,,,,Nuit sans éclairage public,Hors agglomération,Intersection en X,Pluie légère,Trois véhicules et plus - collisions multiples,,,,,,,,,,,3,1,2,2,5
200600073941,0006-12-05 16:45:00,6,12,5,16,45,70,264,RN86,44.328,4.629,Crépuscule ou aube,Hors agglomération,Hors intersection,Temps couvert,Deux véhicules - frontale,,,,,,,,,,,2,1,1,8,1
200600073942,0006-12-16 15:00:00,6,12,16,15,0,70,259,RN 86,44.308,4.614,Plein jour,En agglomération,Autre intersection,Pluie légère,Deux véhicules - frontale,,,,,,,,,,,1,2,9,2,1
200600073943,0006-12-10 14:25:00,6,12,10,14,25,70,76,,,,Plein jour,Hors agglomération,Hors intersection,Normale,Autre collision,,,,,,,,,,,1,1,1,1,6
200600073944,0006-12-12 18:30:00,6,12,12,18,30,70,20,"N 102, montée des combes",,,Nuit sans éclairage public,Hors agglomération,Hors intersection,Normale,Deux véhicules - frontale,,,,,,,,,,,3,1,1,1,1
200600073945,0006-12-21 15:50:00,6,12,21,15,50,70,346,Route départementale 86,,,Plein jour,Hors agglomération,Autre intersection,Normale,Deux véhicules - côté,,,,,,,,,,,1,1,9,1,3
200600073946,0006-12-14 19:15:00,6,12,14,19,15,70,348,cd 579,,,Nuit sans éclairage public,Hors agglomération,Hors intersection,Normale,Deux véhicules - frontale,,,,,,,,,,,3,1,1,1,1
200600073947,0006-12-03 00:01:00,6,12,3,0,1,70,182,Ecole primaire,44.644,4.316,Nuit avec éclairage non allumé,En agglomération,Hors intersection,Normale,Sans collision,,,,,,,,,,,4,2,1,1,7
200600073948,0006-12-12 12:30:00,6,12,12,12,30,70,182,CD  19,44.64,4.33,Plein jour,En agglomération,Hors intersection,Normale,Sans collision,,,,,,,,,,,1,2,1,1,7
200600073949,0006-12-10 18:45:00,6,12,10,18,45,70,53,,44.425,4.231,Nuit sans éclairage public,Hors agglomération,Hors intersection,Normale,Deux véhicules - frontale,,,,,,,,,,,3,1,1,1,1
200600073950,0006-12-29 08:00:00,6,12,29,8,0,70,126,,44.463,4.414,Plein jour,Hors agglomération,Hors intersection,Brouillard / fumée,Sans collision,,,,,,,,,,,1,1,1,5,7
200600073951,0006-12-12 10:45:00,6,12,12,10,45,70,324,MONTEE DU CHATEAU,,,Plein jour,En agglomération,Hors intersection,Normale,Autre collision,,,,,,,,,,,1,2,1,1,6
200600073952,0006-12-20 19:00:00,6,12,20,19,0,70,217,,45.065,4.766,Nuit sans éclairage public,Hors agglomération,Hors intersection,Normale,Autre collision,,,,,,,,,,,3,1,1,1,6
200600073953,0006-12-21 18:00:00,6,12,21,18,0,70,345,,45.12,4.804,Nuit sans éclairage public,Hors agglomération,Hors intersection,Normale,Deux véhicules - arrière,,,,,,,,,,,3,1,1,1,2
200600073954,0006-12-27 08:15:00,6,12,27,8,15,70,84,,,,Crépuscule ou aube,Hors agglomération,Hors intersection,Brouillard / fumée,Trois véhicules et plus - en chaîne,,,,,,,,,,,2,1,1,5,4
200600073955,0006-12-23 17:40:00,6,12,23,17,40,260,108,quai henri latune,,,Nuit avec éclairage allumé,En agglomération,Hors intersection,Pluie légère,Deux véhicules - arrière,,,,,,,,,,,5,2,1,2,2
200600073956,0006-12-03 06:00:00,6,12,3,6,0,260,166,,44.755,4.816,Nuit avec éclairage allumé,Hors agglomération,Hors intersection,Pluie légère,Deux véhicules - frontale,,,,,,,,,,,5,1,1,2,1
200600073957,0006-12-09 16:00:00,6,12,9,16,0,260,262,,44.661,5.412,Plein jour,Hors agglomération,Giratoire,Temps couvert,Autre collision,,,,,,,,,,,1,1,6,8,6
200600073958,0006-12-14 00:30:00,6,12,14,0,30,260,86,,,,Nuit sans éclairage public,Hors agglomération,Hors intersection,Normale,Sans collision,,,,,,,,,,,3,1,1,1,7
200600073959,0006-12-30 09:00:00,6,12,30,9,0,260,167,,44.62,5.453,Plein jour,Hors agglomération,Hors intersection,Normale,Deux véhicules - frontale,,,,,,,,,,,1,1,1,1,1
200600073960,0006-12-04 08:00:00,6,12,4,8,0,260,5,,,,Plein jour,Hors agglomération,Hors intersection,Normale,Deux véhicules - frontale,,,,,,,,,,,1,1,1,1,1
200600073961,0006-12-07 15:30:00,6,12,7,15,30,260,235,ZA LA CROIX D'OR,,,Plein jour,Hors agglomération,Intersection en Y,Normale,Deux véhicules - côté,,,,,,,,,,,1,1,4,1,3
200600073962,0006-12-16 19:40:00,6,12,16,19,40,260,235,Quartier  Marcel Pagnol,,,Nuit avec éclairage allumé,En agglomération,Hors intersection,Temps couvert,Deux véhicules - côté,,,,,,,,,,,5,2,1,8,3
200600073963,0006-12-16 20:30:00,6,12,16,20,30,260,275,Les Aires,,,Nuit sans éclairage public,Hors agglomération,Hors intersection,Brouillard / fumée,Deux véhicules - frontale,,,,,,,,,,,3,1,1,5,1
200600073964,0006-12-13 21:00:00,6,12,13,21,0,260,174,,,,Nuit sans éclairage public,Hors agglomération,Hors intersection,Normale,Autre collision,,,,,,,,,,,3,1,1,1,6
200600073965,0006-12-13 19:30:00,6,12,13,19,30,260,174,,,,Nuit sans éclairage public,Hors agglomération,Hors intersection,Normale,Deux véhicules - côté,,,,,,,,,,,3,1,1,1,3
200600073966,0006-12-15 13:45:00,6,12,15,13,45,260,84,,45.025,4.991,Plein jour,Hors agglomération,Intersection en X,Normale,Deux véhicules - côté,,,,,,,,,,,1,1,2,1,3
200600073967,0006-12-02 00:01:00,6,12,2,0,1,260,118,LA GARE,45.306,4.938,Nuit sans éclairage public,En agglomération,Hors intersection,Normale,Autre collision,,,,,,,,,,,3,2,1,1,6
200600073968,0006-12-23 05:00:00,6,12,23,5,0,260,118,"CD53, LE VILLAGE NEUF",,,Nuit avec éclairage allumé,En agglomération,Hors intersection,Normale,Deux véhicules - frontale,,,,,,,,,,,5,2,1,1,1
200600073969,0006-12-16 00:01:00,6,12,16,0,1,260,9,rond point des marques,,,Nuit sans éclairage public,Hors agglomération,Giratoire,Normale,Sans collision,,,,,,,,,,,3,1,6,1,7
200600073970,0006-12-22 12:30:00,6,12,22,12,30,260,2,CD 161,,,Plein jour,Hors agglomération,Hors intersection,Normale,Sans collision,,,,,,,,,,,1,1,1,1,7
200600073971,0006-12-12 09:45:00,6,12,12,9,45,380,150,Rue Charles Rivoir,,,Plein jour,En agglomération,Hors intersection,Normale,Autre collision,,,,,,,,,,,1,2,1,1,6
200600073972,0006-12-02 13:30:00,6,12,2,13,30,380,314,CD 523,,,Plein jour,Hors agglomération,Hors intersection,Normale,Deux véhicules - frontale,,,,,,,,,,,1,1,1,1,1
200600073973,0006-12-08 09:00:00,6,12,8,9,0,380,314,"3, rond-point des Gayets",,,Plein jour,Hors agglomération,Giratoire,Temps couvert,Deux véhicules - côté,,,,,,,,,,,1,1,6,8,3
200600073974,0006-12-10 15:15:00,6,12,10,15,15,380,314,rue des alpes,,,Plein jour,En agglomération,Hors intersection,Normale,Deux véhicules - frontale,,,,,,,,,,,1,2,1,1,1
200600073975,0006-12-01 00:45:00,6,12,1,0,45,380,540,ZA Actinord,,,Nuit avec éclairage non allumé,Hors agglomération,Giratoire,Normale,Sans collision,,,,,,,,,,,4,1,6,1,7