accident_id,datetime,annee,mois,jour,heure,minute,departement,commune_insee,adresse,latitude,longitude,luminosite,agglomeration,intersection,meteo,collision,nb_vehicules,nb_usagers,nb_indemnes,nb_tues,nb_blesses_hosp,nb_blesses_legers,age_cond_1,age_cond_2,veh_type_cond_1,veh_type_cond_2,lum_code,agg_code,int_code,atm_code,col_code
200600073976,0006-12-18 16:10:00,6,12,18,16,10,380,501,CD 523,,,Plein jour,En agglomération,Intersection en X,Normale,Deux véhicules - frontale,,,,,,,,,,,1,2,2,1,1
200600073977,0006-12-17 17:45:00,6,12,17,17,45,380,511,RN90/D29F,45.369,5.955,Nuit sans éclairage public,En agglomération,Hors intersection,Normale,Deux véhicules - côté,,,,,,,,,,,3,2,1,1,3
200600073978,0006-12-23 07:00:00,6,12,23,7,0,380,503,N.90  avenue du Dauphiné,,,Nuit avec éclairage allumé,Hors agglomération,Autre intersection,Normale,Deux véhicules - côté,,,,,,,,,,,5,1,9,1,3
200600073979,0006-12-24 11:00:00,6,12,24,11,0,380,511,Grande rue,,,Plein jour,En agglomération,Hors intersection,Normale,Autre collision,,,,,,,,,,,1,2,1,1,6
200600073980,0006-12-22 16:45:00,6,12,22,16,45,380,140,rue PAUL ELUARD,45.287,5.884,Plein jour,En agglomération,Hors intersection,Normale,Autre collision,,,,,,,,,,,1,2,1,1,6
200600073981,0006-12-19 08:45:00,6,12,19,8,45,380,61,RN 75,45.341,5.62,Plein jour,En agglomération,Hors intersection,Temps couvert,Deux véhicules - frontale,,,,,,,,,,,1,2,1,8,1
200600073982,0006-12-06 12:30:00,6,12,6,12,30,380,128,rue des Vergers,44.821,5.949,Plein jour,En agglomération,Hors intersection,Pluie forte,Autre collision,,,,,,,,,,,1,2,1,3,6
200600073983,0006-12-13 20:30:00,6,12,13,20,30,380,269,01 rue des Fosses,44.91,5.788,Nuit avec éclairage allumé,En agglomération,Hors intersection,Normale,Autre collision,,,,,,,,,,,5,2,1,1,6
200600073984,0006-12-04 11:00:00,6,12,4,11,0,380,562,TOR HUGO et de la rue an,45.07,5.77,Plein jour,En agglomération,Hors intersection,Pluie légère,Deux véhicules - côté,,,,,,,,,,,1,2,1,2,3
200600073985,0006-12-23 12:20:00,6,12,23,12,20,380,478,RD1091,45.05,5.84,Plein jour,Hors agglomération,Hors intersection,Normale,Autre collision,,,,,,,,,,,1,1,1,1,6
200600073986,0006-12-20 11:15:00,6,12,20,11,15,380,409,,45.066,5.255,Plein jour,Hors agglomération,Hors intersection,Normale,Deux véhicules - frontale,,,,,,,,,,,1,1,1,1,1
200600073987,0006-12-16 00:15:00,6,12,16,0,15,380,105,Route du Bourg (R.N. 75),45.421,5.552,Nuit avec éclairage allumé,En agglomération,Hors intersection,Normale,Autre collision,,,,,,,,,,,5,2,1,1,6
200600073988,0006-12-15 05:45:00,6,12,15,5,45,380,105,route du val d'ainan,45.439,5.577,Nuit sans éclairage public,En agglomération,Hors intersection,Normale,Deux véhicules - frontale,,,,,,,,,,,3,2,1,1,1
200600073989,0006-12-22 14:45:00,6,12,22,14,45,380,387,hameau de cours,,,Plein jour,En agglomération,Hors intersection,Normale,Deux véhicules - frontale,,,,,,,,,,,1,2,1,1,1
200600073990,0006-12-24 10:30:00,6,12,24,10,30,380,219,rd130,45.309,5.088,Plein jour,En agglomération,Hors intersection,Normale,Deux véhicules - côté,,,,,,,,,,,1,2,1,1,3
200600073991,0006-12-30 21:00:00,6,12,30,21,0,380,58,9 / rue rue des Gagnages,45.354,5.286,Nuit sans éclairage public,Hors agglomération,Intersection en X,Normale,Deux véhicules - côté,,,,,,,,,,,3,1,2,1,3
200600073992,0006-12-12 18:00:00,6,12,12,18,0,380,4,,45.218,5.459,Nuit sans éclairage public,Hors agglomération,Hors intersection,Normale,Deux véhicules - côté,,,,,,,,,,,3,1,1,1,3
200600073993,0006-12-21 05:00:00,6,12,21,5,0,380,450,,,,Nuit sans éclairage public,Hors agglomération,Hors intersection,Normale,Deux véhicules - frontale,,,,,,,,,,,3,1,1,1,1
200600073994,0006-12-22 16:45:00,6,12,22,16,45,380,450,,,,Crépuscule ou aube,Hors agglomération,Hors intersection,Normale,Deux véhicules - frontale,,,,,,,,,,,2,1,1,1,1
200600073995,0006-12-05 16:45:00,6,12,5,16,45,380,374,"C.D.54, Route de Chamont",45.652,5.353,Crépuscule ou aube,Hors agglomération,Hors intersection,Normale,Sans collision,,,,,,,,,,,2,1,1,1,7
200600073996,0006-12-24 20:45:00,6,12,24,20,45,380,467,,45.673,5.339,Nuit sans éclairage public,Hors agglomération,Hors intersection,Autre,Autre collision,,,,,,,,,,,3,1,1,9,6
200600073997,0006-12-15 21:15:00,6,12,15,21,15,380,392,,,,Nuit sans éclairage public,Hors agglomération,Hors intersection,Normale,Sans collision,,,,,,,,,,,3,1,1,1,7
200600073998,0006-12-15 18:45:00,6,12,15,18,45,380,118,2045 route du tram,,,Nuit avec éclairage allumé,En agglomération,Hors intersection,Normale,Deux véhicules - côté,,,,,,,,,,,5,2,1,1,3
200600073999,0006-12-25 21:30:00,6,12,25,21,30,380,257,,,,Nuit sans éclairage public,Hors agglomération,Hors intersection,Autre,Sans collision,,,,,,,,,,,3,1,1,9,7
200600074000,0006-12-01 14:15:00,6,12,1,14,15,380,124,,45.607,5.536,Plein jour,Hors agglomération,Hors intersection,Normale,Autre collision,,,,,,,,,,,1,1,1,1,6
200600074001,0006-12-02 19:30:00,6,12,2,19,30,380,50,,45.672,5.55,Nuit sans éclairage public,Hors agglomération,Hors intersection,Pluie légère,Autre collision,,,,,,,,,,,3,1,1,2,6
200600074002,0006-12-11 17:15:00,6,12,11,17,15,380,139,,,,Plein jour,Hors agglomération,Hors intersection,Normale,Deux véhicules - côté,,,,,,,,,,,1,1,1,1,3
200600074003,0006-12-19 17:45:00,6,12,19,17,45,380,543,LIEU DIT CHARREY,,,Nuit sans éclairage public,En agglomération,Hors intersection,Normale,Autre collision,,,,,,,,,,,3,2,1,1,6
200600074004,0006-12-01 12:15:00,6,12,1,12,15,380,222,CD 82 et CD 82J,,,Plein jour,Hors agglomération,Intersection en Y,Normale,Deux véhicules - frontale,,,,,,,,,,,1,1,4,1,1
200600074005,0006-12-24 18:45:00,6,12,24,18,45,380,246,,,,Nuit sans éclairage public,Hors agglomération,Hors intersection,Brouillard / fumée,Deux véhicules - frontale,,,,,,,,,,,3,1,1,5,1
200600074006,0006-12-06 12:15:00,6,12,6,12,15,440,35,rue du général DE GAULLE,,,Plein jour,En agglomération,Hors intersection,Normale,Deux véhicules - côté,,,,,,,,,,,1,2,1,1,3
200600074007,0006-12-02 15:45:00,6,12,2,15,45,380,110,PARKING LE BELVEDERE,45.589,4.864,Plein jour,En agglomération,Place,Normale,Autre collision,,,,,,,,,,,1,2,7,1,6
200600074008,0006-12-19 18:00:00,6,12,19,18,0,380,336,,45.503,4.842,Nuit avec éclairage allumé,Hors agglomération,Hors intersection,Normale,Deux véhicules - côté,,,,,,,,,,,5,1,1,1,3
200600074009,0006-12-20 16:00:00,6,12,20,16,0,380,87,CD 4,45.585,4.795,Plein jour,En agglomération,Hors intersection,Normale,Deux véhicules - côté,,,,,,,,,,,1,2,1,1,3
200600074010,0006-12-22 07:30:00,6,12,22,7,30,380,107,,45.45,4.821,Crépuscule ou aube,Hors agglomération,Hors intersection,Normale,Deux véhicules - arrière,,,,,,,,,,,2,1,1,1,2
200600074011,0006-12-01 15:00:00,6,12,1,15,0,380,34,,45.337,5.039,Plein jour,Hors agglomération,Hors intersection,Normale,Autre collision,,,,,,,,,,,1,1,1,1,6
200600074012,0006-12-16 17:30:00,6,12,16,17,30,380,130,,45.397,5.263,Nuit sans éclairage public,Hors agglomération,Hors intersection,Autre,Deux véhicules - côté,,,,,,,,,,,3,1,1,9,3
200600074013,0006-12-22 09:00:00,6,12,22,9,0,380,324,,45.39,5.025,Plein jour,Hors agglomération,Intersection à plus de 4 branches,Normale,Trois véhicules et plus - collisions multiples,,,,,,,,,,,1,1,5,1,5
200600074014,0006-12-30 11:00:00,6,12,30,11,0,380,198,Route départementale 519,,,Plein jour,Hors agglomération,Hors intersection,Normale,Deux véhicules - côté,,,,,,,,,,,1,1,1,1,3
200600074015,0006-12-02 12:30:00,6,12,2,12,30,380,557,rue des Cyprès,,,Plein jour,En agglomération,Hors intersection,Normale,Deux véhicules - côté,,,,,,,,,,,1,2,1,1,3
200600074016,0006-12-07 14:30:00,6,12,7,14,30,380,449,,,,Crépuscule ou aube,Hors agglomération,Hors intersection,Brouillard / fumée,Deux véhicules - frontale,,,,,,,,,,,2,1,1,5,1
200600074017,0006-12-11 04:45:00,6,12,11,4,45,420,285,rue du 08 mai 1945,,,Nuit avec éclairage allumé,En agglomération,Hors intersection,Normale,Sans collision,,,,,,,,,,,5,2,1,1,7
200600074018,0006-12-27 17:30:00,6,12,27,17,30,420,179,"""les daguets""",,,Nuit avec éclairage allumé,Hors agglomération,Hors intersection,Normale,Deux véhicules - frontale,,,,,,,,,,,5,1,1,1,1
200600074019,0006-12-18 08:30:00,6,12,18,8,30,420,5,,45.53,4.276,Plein jour,En agglomération,Hors intersection,Normale,Deux véhicules - arrière,,,,,,,,,,,1,2,1,1,2
200600074020,0006-12-16 15:00:00,6,12,16,15,0,420,288,varennes,45.773,3.943,Plein jour,En agglomération,Hors intersection,Normale,Deux véhicules - frontale,,,,,,,,,,,1,2,1,1,1
200600074021,0006-12-03 15:00:00,6,12,3,15,0,420,59,RD 11,,,Plein jour,En agglomération,Hors intersection,Normale,Deux véhicules - côté,,,,,,,,,,,1,2,1,1,3
200600074022,0006-12-11 10:00:00,6,12,11,10,0,420,129,Route de ST APPOLINARD,45.365,4.683,Plein jour,En agglomération,Hors intersection,Normale,Autre collision,,,,,,,,,,,1,2,1,1,6
200600074023,0006-12-23 06:55:00,6,12,23,6,55,420,129,Place Louis Gay,,,Crépuscule ou aube,En agglomération,Place,Brouillard / fumée,Autre collision,,,,,,,,,,,2,2,7,5,6
200600074024,0006-12-27 11:45:00,6,12,27,11,45,420,265,,45.44,4.746,Plein jour,Hors agglomération,Hors intersection,Normale,Deux véhicules - frontale,,,,,,,,,,,1,1,1,1,1
200600074025,0006-12-22 03:15:00,6,12,22,3,15,420,332,,,,Nuit avec éclairage allumé,En agglomération,Autre intersection,Normale,Autre collision,,,,,,,,,,,5,2,9,1,6
200600074026,0006-12-08 13:00:00,6,12,8,13,0,420,118,,,,Plein jour,Hors agglomération,Hors intersection,Pluie légère,Deux véhicules - frontale,,,,,,,,,,,1,1,1,2,1
200600074027,0006-12-16 03:45:00,6,12,16,3,45,420,118,"Lieu-dit ""Ruire""",,,Nuit sans éclairage public,Hors agglomération,Hors intersection,Normale,Sans collision,,,,,,,,,,,3,1,1,1,7
200600074028,0006-12-02 00:01:00,6,12,2,0,1,420,141,,46.155,4.245,Nuit sans éclairage public,Hors agglomération,Hors intersection,Normale,Deux véhicules - frontale,,,,,,,,,,,3,1,1,1,1
200600074029,0006-12-10 18:45:00,6,12,10,18,45,420,220,,46.127,3.936,Nuit sans éclairage public,Hors agglomération,Hors intersection,Normale,Deux véhicules - frontale,,,,,,,,,,,3,1,1,1,1
200600074030,0006-12-15 10:15:00,6,12,15,10,15,420,176,RUE DES CHARMILLES,,,Plein jour,En agglomération,Hors intersection,Normale,Deux véhicules - frontale,,,,,,,,,,,1,2,1,1,1
200600074031,0006-12-13 10:15:00,6,12,13,10,15,420,231,,46.12,3.974,Plein jour,Hors agglomération,Hors intersection,Temps couvert,Deux véhicules - frontale,,,,,,,,,,,1,1,1,8,1
200600074032,0006-12-21 17:45:00,6,12,21,17,45,420,182,RUE DE L'ANNEXE,46.059,3.932,Nuit avec éclairage allumé,En agglomération,Intersection en X,Normale,Deux véhicules - côté,,,,,,,,,,,5,2,2,1,3
200600074033,0006-12-22 21:00:00,6,12,22,21,0,420,230,Les royets,,,Nuit sans éclairage public,Hors agglomération,Hors intersection,Normale,Autre collision,,,,,,,,,,,3,1,1,1,6
200600074034,0006-12-15 05:45:00,6,12,15,5,45,730,36,,45.726,6.104,Nuit sans éclairage public,Hors agglomération,Hors intersection,Normale,Autre collision,,,,,,,,,,,3,1,1,1,6
200600074035,0006-12-06 09:30:00,6,12,6,9,30,730,286,,,,Plein jour,Hors agglomération,Intersection en T,Pluie forte,Deux véhicules - côté,,,,,,,,,,,1,1,3,3,3
200600074036,0006-12-01 17:15:00,6,12,1,17,15,730,330,rue capitaine simon,,,Nuit avec éclairage allumé,En agglomération,Hors intersection,Normale,Deux véhicules - frontale,,,,,,,,,,,5,2,1,1,1
200600074037,0006-12-11 09:55:00,6,12,11,9,55,730,153,LA PLAINE,,,Plein jour,Hors agglomération,Intersection en T,Normale,Deux véhicules - côté,,,,,,,,,,,1,1,3,1,3
200600074038,0006-12-15 17:15:00,6,12,15,17,15,730,154,Route du crozet RD 104,,,Crépuscule ou aube,Hors agglomération,Hors intersection,Autre,Sans collision,,,,,,,,,,,2,1,1,9,7
200600074039,0006-12-18 17:45:00,6,12,18,17,45,730,303,avenue de Serbie,45.755,6.413,Nuit avec éclairage allumé,En agglomération,Hors intersection,Normale,Deux véhicules - frontale,,,,,,,,,,,5,2,1,1,1
200600074040,0006-12-06 14:10:00,6,12,6,14,10,730,54,RN 90 avenue du stade,,,Plein jour,En agglomération,Hors intersection,Pluie légère,Deux véhicules - frontale,,,,,,,,,,,1,2,1,2,1
200600074041,0006-12-25 08:00:00,6,12,25,8,0,730,15,,,,Crépuscule ou aube,Hors agglomération,Hors intersection,Normale,Autre collision,,,,,,,,,,,2,1,1,1,6
200600074042,0006-12-01 18:05:00,6,12,1,18,5,730,248,avenue Aristide BRIAND,45.281,6.349,Nuit avec éclairage allumé,En agglomération,Hors intersection,Normale,Autre collision,,,,,,,,,,,5,2,1,1,6
200600074043,0006-12-08 09:45:00,6,12,8,9,45,740,217,,,,Plein jour,Hors agglomération,Hors intersection,Temps couvert,Trois véhicules et plus - collisions multiples,,,,,,,,,,,1,1,1,8,5
200600074044,0006-12-01 17:15:00,6,12,1,17,15,740,123,,,,Nuit sans éclairage public,Hors agglomération,Hors intersection,Normale,Trois véhicules et plus - collisions multiples,,,,,,,,,,,3,1,1,1,5
200600074045,0006-12-06 14:45:00,6,12,6,14,45,740,104,"lieu dit ""Bout du Lac""",,,Plein jour,En agglomération,Hors intersection,Pluie forte,Deux véhicules - frontale,,,,,,,,,,,1,2,1,3,1
200600074046,0006-12-04 13:55:00,6,12,4,13,55,740,225,21 avenue Edouard André,,,Plein jour,En agglomération,Hors intersection,Temps couvert,Deux véhicules - arrière,,,,,,,,,,,1,2,1,8,2
200600074047,0006-12-15 22:15:00,6,12,15,22,15,740,233,Lieu dit Blanly,,,Nuit sans éclairage public,Hors agglomération,Hors intersection,Normale,Sans collision,,,,,,,,,,,3,1,1,1,7
200600074048,0006-12-02 15:15:00,6,12,2,15,15,740,280,rue Louis Haaze,,,Plein jour,En agglomération,Hors intersection,Normale,Autre collision,,,,,,,,,,,1,2,1,1,6
200600074049,0006-12-26 15:40:00,6,12,26,15,40,740,280,,45.9,6.341,Plein jour,Hors agglomération,Hors intersection,Normale,Deux véhicules - arrière,,,,,,,,,,,1,1,1,1,2
200600074050,0006-12-22 14:00:00,6,12,22,14,0,740,42,route de la cote d'HYOT,,,Plein jour,Hors agglomération,Hors intersection,Normale,Autre collision,,,,,,,,,,,1,1,1,1,6
200600074051,0006-12-29 14:45:00,6,12,29,14,45,740,920,,45.961,6.905,Plein jour,Hors agglomération,Hors intersection,Normale,Deux véhicules - frontale,,,,,,,,,,,1,1,1,1,1
200600074052,0006-12-01 17:15:00,6,12,1,17,15,740,7,,,,Nuit avec éclairage allumé,Hors agglomération,Hors intersection,Normale,Trois véhicules et plus - collisions multiples,,,,,,,,,,,5,1,1,1,5
200600074053,0006-12-05 17:30:00,6,12,5,17,30,740,116,Route de Thorens,,,Nuit sans éclairage public,Hors agglomération,Hors intersection,Temps couvert,Sans collision,,,,,,,,,,,3,1,1,8,7
200600074054,0006-12-12 08:30:00,6,12,12,8,30,740,923,,45.91,6.71,Nuit avec éclairage allumé,En agglomération,Hors intersection,Normale,Deux véhicules - frontale,,,,,,,,,,,5,2,1,1,1
200600074055,0006-12-31 18:00:00,6,12,31,18,0,740,201,,46.119,6.108,Nuit sans éclairage public,Hors agglomération,Hors intersection,Normale,Deux véhicules - frontale,,,,,,,,,,,3,1,1,1,1
200600074056,0006-12-21 18:20:00,6,12,21,18,20,740,243,4 rue Berthollet,,,Nuit avec éclairage allumé,En agglomération,Place,Temps couvert,Deux véhicules - frontale,,,,,,,,,,,5,2,7,8,1
200600074057,0006-12-02 00:30:00,6,12,2,0,30,740,211,Lieu dit loisinges,46.117,6.275,Nuit sans éclairage public,Hors agglomération,Hors intersection,Normale,Deux véhicules - arrière,,,,,,,,,,,3,1,1,1,2
200600074058,0006-12-22 14:30:00,6,12,22,14,30,740,109,,46.069,5.862,Nuit avec éclairage allumé,Hors agglomération,Hors intersection,Normale,Deux véhicules - côté,,,,,,,,,,,5,1,1,1,3
200600074059,0006-12-03 15:45:00,6,12,3,15,45,740,315,,46.37,6.321,Plein jour,Hors agglomération,Hors intersection,Normale,Deux véhicules - côté,,,,,,,,,,,1,1,1,1,3
200600074060,0006-12-18 14:30:00,6,12,18,14,30,740,48,,46.273,6.383,Plein jour,Hors agglomération,Intersection en X,Normale,Deux véhicules - frontale,,,,,,,,,,,1,1,2,1,1
200600074061,0006-12-06 13:15:00,6,12,6,13,15,740,154,37 ROUTE DE VERON,,,Plein jour,En agglomération,Intersection en T,Normale,Trois véhicules et plus - collisions multiples,,,,,,,,,,,1,2,3,1,5
200600074062,0006-12-15 21:00:00,6,12,15,21,0,740,146,,46.36,6.609,Nuit sans éclairage public,Hors agglomération,Hors intersection,Normale,Deux véhicules - frontale,,,,,,,,,,,3,1,1,1,1
200600074063,0006-12-29 02:30:00,6,12,29,2,30,740,188,"L'Elé - CD228 PK1,5",,,Nuit avec éclairage allumé,En agglomération,Hors intersection,Normale,Sans collision,,,,,,,,,,,5,2,1,1,7
200600074064,0006-12-19 15:30:00,6,12,19,15,30,630,40,,45.739,3.338,Plein jour,Hors agglomération,Hors intersection,Normale,Deux véhicules - côté,,,,,,,,,,,1,1,1,1,3
200600074065,0006-12-22 10:45:00,6,12,22,10,45,630,263,Carrefour CD 941/CD 90,45.789,3.017,Plein jour,En agglomération,Intersection en X,Normale,Deux véhicules - côté,,,,,,,,,,,1,2,2,1,3
200600074066,0006-12-18 11:30:00,6,12,18,11,30,630,213,,,,Plein jour,Hors agglomération,Hors intersection,Temps couvert,Autre collision,,,,,,,,,,,1,1,1,8,6
200600074067,0006-12-14 17:45:00,6,12,14,17,45,630,177,,45.661,3.393,Nuit sans éclairage public,Hors agglomération,Hors intersection,Normale,Deux véhicules - frontale,,,,,,,,,,,3,1,1,1,1
200600074068,0006-12-29 17:00:00,6,12,29,17,0,630,457,,,,Plein jour,Hors agglomération,Hors intersection,Normale,Deux véhicules - côté,,,,,,,,,,,1,1,1,1,3
200600074069,0006-12-14 12:35:00,6,12,14,12,35,630,3,carrefour SULLY-CHABRIER,,,Plein jour,En agglomération,Hors intersection,Temps éblouissant,Autre collision,,,,,,,,,,,1,2,1,7,6
200600074070,0006-12-08 13:30:00,6,12,8,13,30,630,80,RD996,,,Plein jour,Hors agglomération,Hors intersection,Pluie légère,Deux véhicules - côté,,,,,,,,,,,1,1,1,2,3
200600074071,0006-12-29 16:30:00,6,12,29,16,30,630,54,CD 909,,,Plein jour,Hors agglomération,Hors intersection,Normale,Deux véhicules - frontale,,,,,,,,,,,1,1,1,1,1
200600074072,0006-12-23 10:40:00,6,12,23,10,40,630,347,,,,Plein jour,Hors agglomération,Autre intersection,Temps couvert,Trois véhicules et plus - collisions multiples,,,,,,,,,,,1,1,9,8,5
200600074073,0006-12-26 17:15:00,6,12,26,17,15,630,143,,46.056,3.272,Nuit sans éclairage public,Hors agglomération,Hors intersection,Autre,Autre collision,,,,,,,,,,,3,1,1,9,6
200600074074,0006-12-31 14:45:00,6,12,31,14,45,630,62,,46.213,2.842,Plein jour,Hors agglomération,Hors intersection,Normale,Sans collision,,,,,,,,,,,1,1,1,1,7
200600074075,0006-12-13 15:15:00,6,12,13,15,15,630,430,Avenue de la Libération,,,Plein jour,En agglomération,Intersection en X,Normale,Deux véhicules - côté,,,,,,,,,,,1,2,2,1,3
200600074076,0006-12-14 10:55:00,6,12,14,10,55,630,265,Les Geneix,45.86,3.404,Plein jour,Hors agglomération,Hors intersection,Normale,Sans collision,,,,,,,,,,,1,1,1,1,7
200600074077,0006-12-21 17:00:00,6,12,21,17,0,630,131,,45.868,3.346,Plein jour,Hors agglomération,Hors intersection,Normale,Autre collision,,,,,,,,,,,1,1,1,1,6
200600074078,0006-12-02 02:30:00,6,12,2,2,30,630,128,,,,Nuit sans éclairage public,Hors agglomération,Hors intersection,Normale,Autre collision,,,,,,,,,,,3,1,1,1,6
200600074079,0006-12-08 18:00:00,6,12,8,18,0,630,128,,45.9,3.42,Nuit sans éclairage public,Hors agglomération,Hors intersection,Pluie légère,Deux véhicules - frontale,,,,,,,,,,,3,1,1,2,1
200600074080,0006-12-22 16:10:00,6,12,22,16,10,630,128,CD224,,,Plein jour,Hors agglomération,Hors intersection,Normale,Sans collision,,,,,,,,,,,1,1,1,1,7
200600074081,0006-12-13 15:00:00,6,12,13,15,0,30,286,PK 25,46.49,3.36,Plein jour,Hors agglomération,Hors intersection,Normale,Trois véhicules et plus - collisions multiples,,,,,,,,,,,1,1,1,1,5
200600074082,0006-12-15 22:00:00,6,12,15,22,0,30,46,dit ''Cournoir'' CD 290,,,Nuit sans éclairage public,Hors agglomération,Hors intersection,Normale,Sans collision,,,,,,,,,,,3,1,1,1,7
200600074083,0006-12-17 16:00:00,6,12,17,16,0,30,300,CHANDENOT,,,Plein jour,Hors agglomération,Hors intersection,Normale,Deux véhicules - frontale,,,,,,,,,,,1,1,1,1,1
200600074084,0006-12-09 00:45:00,6,12,9,0,45,30,74,,,,Nuit sans éclairage public,Hors agglomération,Hors intersection,Pluie légère,Autre collision,,,,,,,,,,,3,1,1,2,6
200600074085,0006-12-07 22:00:00,6,12,7,22,0,30,183,,46.408,3.049,Nuit sans éclairage public,Hors agglomération,Hors intersection,Normale,Autre collision,,,,,,,,,,,3,1,1,1,6
200600074086,0006-12-08 23:00:00,6,12,8,23,0,30,73,"""château de prévia""",,,Nuit sans éclairage public,Hors agglomération,Hors intersection,Pluie légère,Autre collision,,,,,,,,,,,3,1,1,2,6
200600074087,0006-12-06 14:15:00,6,12,6,14,15,30,246,,,,Plein jour,Hors agglomération,Hors intersection,Normale,Deux véhicules - côté,,,,,,,,,,,1,1,1,1,3
200600074088,0006-12-28 12:00:00,6,12,28,12,0,30,128,s de la Croze - la Croze,,,Plein jour,Hors agglomération,Hors intersection,Normale,Autre collision,,,,,,,,,,,1,1,1,1,6
200600074089,0006-12-03 14:00:00,6,12,3,14,0,30,48,"""Rond des Carrières""",46.642,2.733,Plein jour,Hors agglomération,Hors intersection,Pluie légère,Autre collision,,,,,,,,,,,1,1,1,2,6
200600074090,0006-12-08 15:30:00,6,12,8,15,30,30,159,,,,Plein jour,Hors agglomération,Hors intersection,Normale,Autre collision,,,,,,,,,,,1,1,1,1,6
200600074091,0006-12-07 12:45:00,6,12,7,12,45,30,306,,46.1,3.48,Plein jour,Hors agglomération,Hors intersection,Pluie légère,Autre collision,,,,,,,,,,,1,1,1,2,6
200600074092,0006-12-19 18:45:00,6,12,19,18,45,30,45,,,,Nuit sans éclairage public,Hors agglomération,Hors intersection,Normale,Autre collision,,,,,,,,,,,3,1,1,1,6
200600074093,0006-12-23 18:30:00,6,12,23,18,30,30,272,,46.281,3.595,Nuit sans éclairage public,Hors agglomération,Hors intersection,Normale,Sans collision,,,,,,,,,,,3,1,1,1,7
200600074094,0006-12-09 04:30:00,6,12,9,4,30,30,242,45 RN 7,,,Nuit avec éclairage non allumé,En agglomération,Hors intersection,Pluie légère,Autre collision,,,,,,,,,,,4,2,1,2,6
200600074095,0006-12-12 07:15:00,6,12,12,7,15,30,29,,46.225,3.435,Nuit sans éclairage public,Hors agglomération,Intersection en T,Autre,Deux véhicules - côté,,,,,,,,,,,3,1,3,9,3
200600074096,0006-12-30 08:45:00,6,12,30,8,45,30,29,,46.246,3.43,Plein jour,Hors agglomération,Hors intersection,Temps couvert,Sans collision,,,,,,,,,,,1,1,1,8,7
200600074097,0006-12-28 08:45:00,6,12,28,8,45,150,94,,,,Plein jour,Hors agglomération,Hors intersection,Normale,Sans collision,,,,,,,,,,,1,1,1,1,7
200600074098,0006-12-02 04:45:00,6,12,2,4,45,150,166,Le bourg CD 20,,,Nuit sans éclairage public,En agglomération,Hors intersection,Normale,Sans collision,,,,,,,,,,,3,2,1,1,7
200600074099,0006-12-18 13:45:00,6,12,18,13,45,150,252,,44.998,2.543,Plein jour,Hors agglomération,Hors intersection,Normale,Autre collision,,,,,,,,,,,1,1,1,1,6
200600074100,0006-12-28 18:50:00,6,12,28,18,50,150,154,"eur du lieu dit ""Cabane""",,,Nuit sans éclairage public,Hors agglomération,Hors intersection,Normale,Autre collision,,,,,,,,,,,3,1,1,1,6
200600074101,0006-12-31 17:30:00,6,12,31,17,30,150,258,,,,Nuit sans éclairage public,Hors agglomération,Hors intersection,Temps couvert,Sans collision,,,,,,,,,,,3,1,1,8,7
200600074102,0006-12-09 11:55:00,6,12,9,11,55,150,138,Place Balat,,,Plein jour,En agglomération,Hors intersection,Normale,Autre collision,,,,,,,,,,,1,2,1,1,6
200600074103,0006-12-15 19:50:00,6,12,15,19,50,150,41,RN 122,,,Crépuscule ou aube,Hors agglomération,Intersection en X,Normale,Deux véhicules - frontale,,,,,,,,,,,2,1,2,1,1
200600074104,0006-12-26 09:45:00,6,12,26,9,45,150,227,,,,Plein jour,Hors agglomération,Intersection en X,Temps éblouissant,Deux véhicules - côté,,,,,,,,,,,1,1,2,7,3
200600074105,0006-12-15 12:00:00,6,12,15,12,0,430,45,,45.062,3.837,Plein jour,Hors agglomération,Hors intersection,Normale,Sans collision,,,,,,,,,,,1,1,1,1,7
200600074106,0006-12-18 03:00:00,6,12,18,3,0,430,257,,45.056,3.755,Nuit sans éclairage public,Hors agglomération,Hors intersection,Neige / grêle,Autre collision,,,,,,,,,,,3,1,1,4,6
200600074107,0006-12-23 17:15:00,6,12,23,17,15,430,174,,45.02,3.834,Crépuscule ou aube,Hors agglomération,Hors intersection,Normale,Deux véhicules - côté,,,,,,,,,,,2,1,1,1,3
200600074108,0006-12-14 08:45:00,6,12,14,8,45,430,241,,44.97,3.845,Plein jour,Hors agglomération,Hors intersection,Normale,Trois véhicules et plus - en chaîne,,,,,,,,,,,1,1,1,1,4