accident_id,datetime,annee,mois,jour,heure,minute,departement,commune_insee,adresse,latitude,longitude,luminosite,agglomeration,intersection,meteo,collision,nb_vehicules,nb_usagers,nb_indemnes,nb_tues,nb_blesses_hosp,nb_blesses_legers,age_cond_1,age_cond_2,veh_type_cond_1,veh_type_cond_2,lum_code,agg_code,int_code,atm_code,col_code
200600074109,0006-12-27 15:30:00,6,12,27,15,30,430,91,lieu dit Blache Redonde,44.894,4.164,Plein jour,Hors agglomération,Hors intersection,Normale,Autre collision,,,,,,,,,,,1,1,1,1,6
200600074110,0006-12-06 16:00:00,6,12,6,16,0,430,136,,44.986,3.615,Plein jour,Hors agglomération,Hors intersection,Temps couvert,Autre collision,,,,,,,,,,,1,1,1,8,6
200600074111,0006-12-31 22:30:00,6,12,31,22,30,430,194,,45.088,4.053,Nuit sans éclairage public,Hors agglomération,Hors intersection,Normale,Deux véhicules - frontale,,,,,,,,,,,3,1,1,1,1
200600074112,0006-12-16 08:45:00,6,12,16,8,45,430,194,Route du puy RN.88,45.077,4.046,Plein jour,En agglomération,Hors intersection,Pluie légère,Autre collision,,,,,,,,,,,1,2,1,2,6
200600074113,0006-12-01 17:45:00,6,12,1,17,45,430,152,CD136,,,Nuit sans éclairage public,Hors agglomération,Hors intersection,Normale,Deux véhicules - frontale,,,,,,,,,,,3,1,1,1,1
200600074114,0006-12-02 18:30:00,6,12,2,18,30,430,40,Rue Jean Moulin,,,Nuit avec éclairage allumé,En agglomération,Hors intersection,Normale,Deux véhicules - frontale,,,,,,,,,,,5,2,1,1,1
200600074115,0006-12-25 14:30:00,6,12,25,14,30,430,74,Flageac,45.333,3.369,Plein jour,En agglomération,Hors intersection,Temps couvert,Autre collision,,,,,,,,,,,1,2,1,8,6
200600074116,0006-12-07 14:45:00,6,12,7,14,45,430,232,,45.21,3.49,Plein jour,Hors agglomération,Hors intersection,Temps couvert,Sans collision,,,,,,,,,,,1,1,1,8,7
200600074117,0006-12-22 08:15:00,6,12,22,8,15,430,79,RN102 / PR : 62+500,45.18,3.51,Plein jour,Hors agglomération,Hors intersection,Normale,Deux véhicules - côté,,,,,,,,,,,1,1,1,1,3
200600074118,0006-12-21 20:15:00,6,12,21,20,15,430,103,oute de brioude - CD 588,45.291,3.197,Nuit avec éclairage allumé,En agglomération,Hors intersection,Normale,Deux véhicules - côté,,,,,,,,,,,5,2,1,1,3
200600074119,0006-12-23 15:15:00,6,12,23,15,15,430,258,,45.389,3.323,Plein jour,Hors agglomération,Hors intersection,Normale,Deux véhicules - arrière,,,,,,,,,,,1,1,1,1,2
200600074120,0006-12-26 17:00:00,6,12,26,17,0,430,170,,45.276,3.325,Crépuscule ou aube,Hors agglomération,Hors intersection,Autre,Deux véhicules - frontale,,,,,,,,,,,2,1,1,9,1
200600074121,0006-12-20 14:30:00,6,12,20,14,30,430,137,Avenue de la Libération,,,Plein jour,En agglomération,Hors intersection,Normale,Autre collision,,,,,,,,,,,1,2,1,1,6
200600074122,0006-12-24 14:05:00,6,12,24,14,5,430,58,Montusclat,,,Plein jour,Hors agglomération,Giratoire,Normale,Sans collision,,,,,,,,,,,1,1,6,1,7
200600074123,0006-12-07 18:45:00,6,12,7,18,45,430,224,,45.279,4.25,Nuit sans éclairage public,Hors agglomération,Hors intersection,Normale,Autre collision,,,,,,,,,,,3,1,1,1,6
200600074124,0006-12-08 07:30:00,6,12,8,7,30,430,159,,,,Crépuscule ou aube,Hors agglomération,Hors intersection,Normale,Deux véhicules - frontale,,,,,,,,,,,2,1,1,1,1
200600074125,0006-12-19 17:00:00,6,12,19,17,0,570,134,16 rte de Briey,,,Crépuscule ou aube,En agglomération,Hors intersection,Normale,Autre collision,,,,,,,,,,,2,2,1,1,6
200600074126,0006-12-08 13:45:00,6,12,8,13,45,570,663,rue joliot Curie,49.239,6.176,Plein jour,En agglomération,Hors intersection,Normale,Autre collision,,,,,,,,,,,1,2,1,1,6
200600074127,0006-12-01 12:30:00,6,12,1,12,30,570,655,,48.963,6.299,Plein jour,Hors agglomération,Hors intersection,Normale,Autre collision,,,,,,,,,,,1,1,1,1,6
200600074128,0006-12-09 06:55:00,6,12,9,6,55,570,572,PK 1 - 383,49.022,6.398,Crépuscule ou aube,Hors agglomération,Hors intersection,Temps couvert,Autre collision,,,,,,,,,,,2,1,1,8,6
200600074129,0006-12-14 08:00:00,6,12,14,8,0,570,547,rue du fresne,49.001,6.176,Plein jour,En agglomération,Hors intersection,Normale,Autre collision,,,,,,,,,,,1,2,1,1,6
200600074130,0006-12-15 07:15:00,6,12,15,7,15,570,139,,49.017,6.245,Crépuscule ou aube,Hors agglomération,Hors intersection,Autre,Autre collision,,,,,,,,,,,2,1,1,9,6
200600074131,0006-12-22 08:00:00,6,12,22,8,0,570,708,RUE DES CHENEVIERES,49.007,6.207,Crépuscule ou aube,En agglomération,Hors intersection,Brouillard / fumée,Autre collision,,,,,,,,,,,2,2,1,5,6
200600074132,0006-12-06 20:00:00,6,12,6,20,0,570,438,,,,Nuit sans éclairage public,Hors agglomération,Hors intersection,Normale,Sans collision,,,,,,,,,,,3,1,1,1,7
200600074133,0006-12-21 16:45:00,6,12,21,16,45,570,385,,,,Plein jour,Hors agglomération,Hors intersection,Normale,Deux véhicules - frontale,,,,,,,,,,,1,1,1,1,1
200600074134,0006-12-18 09:45:00,6,12,18,9,45,570,136,Rue de Thionville,49.305,6.441,Plein jour,En agglomération,Hors intersection,Brouillard / fumée,Autre collision,,,,,,,,,,,1,2,1,5,6
200600074135,0006-12-08 23:30:00,6,12,8,23,30,570,209,Rue de Pontpierre  CD 20,,,Nuit sans éclairage public,En agglomération,Hors intersection,Normale,Autre collision,,,,,,,,,,,3,2,1,1,6
200600074136,0006-12-08 21:15:00,6,12,8,21,15,570,238,,48.846,6.453,Nuit sans éclairage public,Hors agglomération,Hors intersection,Normale,Autre collision,,,,,,,,,,,3,1,1,1,6
200600074137,0006-12-14 13:00:00,6,12,14,13,0,570,580,,48.898,6.626,Plein jour,Hors agglomération,Hors intersection,Brouillard / fumée,Deux véhicules - frontale,,,,,,,,,,,1,1,1,5,1
200600074138,0006-12-03 06:35:00,6,12,3,6,35,570,222,CD-31 bis - Voie rapide,,,Nuit sans éclairage public,Hors agglomération,Hors intersection,Normale,Autre collision,,,,,,,,,,,3,1,1,1,6
200600074139,0006-12-12 13:30:00,6,12,12,13,30,570,379,,48.969,6.602,Plein jour,Hors agglomération,Hors intersection,Normale,Autre collision,,,,,,,,,,,1,1,1,1,6
200600074140,0006-12-22 13:00:00,6,12,22,13,0,570,483,,48.953,6.665,Plein jour,Hors agglomération,Hors intersection,Normale,Autre collision,,,,,,,,,,,1,1,1,1,6
200600074141,0006-12-04 16:45:00,6,12,4,16,45,570,311,,,,Nuit sans éclairage public,Hors agglomération,Hors intersection,Pluie légère,Deux véhicules - frontale,,,,,,,,,,,3,1,1,2,1
200600074142,0006-12-05 18:45:00,6,12,5,18,45,570,453,,49.053,6.791,Nuit sans éclairage public,Hors agglomération,Hors intersection,Normale,Sans collision,,,,,,,,,,,3,1,1,1,7
200600074143,0006-12-09 17:30:00,6,12,9,17,30,570,428,route départementale 910,,,Nuit avec éclairage allumé,Hors agglomération,Intersection en Y,Normale,Deux véhicules - côté,,,,,,,,,,,5,1,4,1,3
200600074144,0006-12-30 16:30:00,6,12,30,16,30,570,690,RUE DU GENERAL DEGAULLE,,,Crépuscule ou aube,En agglomération,Hors intersection,Pluie légère,Sans collision,,,,,,,,,,,2,2,1,2,7
200600074145,0006-12-15 14:45:00,6,12,15,14,45,570,628,Rue Jean Moulin,,,Plein jour,En agglomération,Hors intersection,Temps éblouissant,Autre collision,,,,,,,,,,,1,2,1,7,6
200600074146,0006-12-16 12:15:00,6,12,16,12,15,570,383,,48.738,6.858,Plein jour,Hors agglomération,Hors intersection,Normale,Autre collision,,,,,,,,,,,1,1,1,1,6
200600074147,0006-12-28 21:15:00,6,12,28,21,15,570,540,,,,Nuit sans éclairage public,Hors agglomération,Hors intersection,Normale,Sans collision,,,,,,,,,,,3,1,1,1,7
200600074148,0006-12-18 15:00:00,6,12,18,15,0,570,242,,,,Crépuscule ou aube,Hors agglomération,Hors intersection,Normale,Deux véhicules - frontale,,,,,,,,,,,2,1,1,1,1
200600074149,0006-12-01 07:15:00,6,12,1,7,15,570,370,,,,Crépuscule ou aube,Hors agglomération,Hors intersection,Normale,Deux véhicules - frontale,,,,,,,,,,,2,1,1,1,1
200600074150,0006-12-15 15:30:00,6,12,15,15,30,570,465,,,,Plein jour,Hors agglomération,Hors intersection,Normale,Deux véhicules - frontale,,,,,,,,,,,1,1,1,1,1
200600074151,0006-12-28 06:30:00,6,12,28,6,30,570,582,,,,Nuit sans éclairage public,Hors agglomération,Hors intersection,Autre,Deux véhicules - frontale,,,,,,,,,,,3,1,1,9,1
200600074152,0006-12-11 08:45:00,6,12,11,8,45,540,315,,,,Plein jour,Hors agglomération,Hors intersection,Normale,Autre collision,,,,,,,,,,,1,1,1,1,6
200600074153,0006-12-22 07:15:00,6,12,22,7,15,540,276,,,,Crépuscule ou aube,Hors agglomération,Hors intersection,Autre,Autre collision,,,,,,,,,,,2,1,1,9,6
200600074154,0006-12-10 00:30:00,6,12,10,0,30,540,215,,,,Nuit avec éclairage allumé,En agglomération,Hors intersection,Temps couvert,Autre collision,,,,,,,,,,,5,2,1,8,6
200600074155,0006-12-08 13:15:00,6,12,8,13,15,540,432,42 nue carnot,48.602,6.097,Plein jour,En agglomération,Hors intersection,Normale,Autre collision,,,,,,,,,,,1,2,1,1,6
200600074156,0006-12-23 20:15:00,6,12,23,20,15,540,518,se de THIAUCOURT / PRENY,,,Nuit avec éclairage non allumé,Hors agglomération,Hors intersection,Brouillard / fumée,Autre collision,,,,,,,,,,,4,1,1,5,6
200600074157,0006-12-19 17:30:00,6,12,19,17,30,540,462,RD 116 - PR 2,,,Nuit sans éclairage public,Hors agglomération,Hors intersection,Normale,Autre collision,,,,,,,,,,,3,1,1,1,6
200600074158,0006-12-15 12:15:00,6,12,15,12,15,540,156,"53+950, SENS DECROISSANT",,,Plein jour,Hors agglomération,Hors intersection,Normale,Autre collision,,,,,,,,,,,1,1,1,1,6
200600074159,0006-12-20 18:30:00,6,12,20,18,30,540,156,,48.377,6.125,Nuit sans éclairage public,Hors agglomération,Hors intersection,Normale,Autre collision,,,,,,,,,,,3,1,1,1,6
200600074160,0006-12-21 10:25:00,6,12,21,10,25,540,442,CD 904 - PR 62,,,Plein jour,Hors agglomération,Hors intersection,Autre,Autre collision,,,,,,,,,,,1,1,1,9,6
200600074161,0006-12-21 11:10:00,6,12,21,11,10,540,592,CD 53 - PR 3+650,,,Plein jour,Hors agglomération,Hors intersection,Autre,Deux véhicules - frontale,,,,,,,,,,,1,1,1,9,1
200600074162,0006-12-30 03:15:00,6,12,30,3,15,540,409,,,,Nuit sans éclairage public,Hors agglomération,Hors intersection,Autre,Autre collision,,,,,,,,,,,3,1,1,9,6
200600074163,0006-12-02 01:45:00,6,12,2,1,45,540,138,21 RUE DE LORRAINE,,,Nuit avec éclairage allumé,En agglomération,Hors intersection,Normale,Autre collision,,,,,,,,,,,5,2,1,1,6
200600074164,0006-12-05 17:30:00,6,12,5,17,30,540,385,,,,Crépuscule ou aube,En agglomération,Hors intersection,Normale,Sans collision,,,,,,,,,,,2,2,1,1,7
200600074165,0006-12-01 15:15:00,6,12,1,15,15,540,73,Rue Nicolas Chenin,48.631,5.911,Plein jour,En agglomération,Hors intersection,Normale,Autre collision,,,,,,,,,,,1,2,1,1,6
200600074166,0006-12-22 18:15:00,6,12,22,18,15,540,346,,,,Crépuscule ou aube,Hors agglomération,Hors intersection,Pluie légère,Autre collision,,,,,,,,,,,2,1,1,2,6
200600074167,0006-12-09 15:00:00,6,12,9,15,0,550,101,,48.823,5.113,Plein jour,Hors agglomération,Intersection en X,Normale,Deux véhicules - côté,,,,,,,,,,,1,1,2,1,3
200600074168,0006-12-22 16:20:00,6,12,22,16,20,550,378,CD 994,,,Plein jour,Hors agglomération,Hors intersection,Normale,Autre collision,,,,,,,,,,,1,1,1,1,6
200600074169,0006-12-31 08:00:00,6,12,31,8,0,550,120,,48.754,5.12,Crépuscule ou aube,Hors agglomération,Hors intersection,Temps couvert,Autre collision,,,,,,,,,,,2,1,1,8,6
200600074170,0006-12-16 02:15:00,6,12,16,2,15,550,291,,48.686,5.309,Nuit avec éclairage allumé,Hors agglomération,Autre intersection,Autre,Autre collision,,,,,,,,,,,5,1,9,9,6
200600074171,0006-12-22 18:45:00,6,12,22,18,45,550,10,rue Paul PAQUET,48.639,5.02,Nuit avec éclairage allumé,En agglomération,Hors intersection,Normale,Deux véhicules - côté,,,,,,,,,,,5,2,1,1,3
200600074172,0006-12-22 09:45:00,6,12,22,9,45,550,543,,,,Plein jour,Hors agglomération,Hors intersection,Normale,Deux véhicules - arrière,,,,,,,,,,,1,1,1,1,2
200600074173,0006-12-28 14:00:00,6,12,28,14,0,550,31,,48.687,5.023,Plein jour,Hors agglomération,Intersection en X,Normale,Deux véhicules - côté,,,,,,,,,,,1,1,2,1,3
200600074174,0006-12-16 03:15:00,6,12,16,3,15,550,472,,48.715,5.478,Nuit sans éclairage public,Hors agglomération,Hors intersection,Normale,Autre collision,,,,,,,,,,,3,1,1,1,6
200600074175,0006-12-09 10:30:00,6,12,9,10,30,550,351,"RN 43, PK10+20",49.502,5.392,Plein jour,Hors agglomération,Hors intersection,Normale,Autre collision,,,,,,,,,,,1,1,1,1,6
200600074176,0006-12-22 16:00:00,6,12,22,16,0,550,170,,49.361,5.368,Plein jour,Hors agglomération,Hors intersection,Autre,Sans collision,,,,,,,,,,,1,1,1,9,7
200600074177,0006-12-08 08:45:00,6,12,8,8,45,550,117,,,,Plein jour,Hors agglomération,Hors intersection,Pluie légère,Autre collision,,,,,,,,,,,1,1,1,2,6
200600074178,0006-12-14 20:45:00,6,12,14,20,45,550,117,Rue Thiers,49.11,5.072,Nuit avec éclairage allumé,En agglomération,Hors intersection,Pluie légère,Deux véhicules - arrière,,,,,,,,,,,5,2,1,2,2
200600074179,0006-12-04 09:00:00,6,12,4,9,0,880,253,,48.215,6.497,Plein jour,Hors agglomération,Hors intersection,Pluie forte,Deux véhicules - arrière,,,,,,,,,,,1,1,1,3,2
200600074180,0006-12-07 17:30:00,6,12,7,17,30,880,192,,48.21,6.171,Nuit sans éclairage public,Hors agglomération,Hors intersection,Normale,Deux véhicules - frontale,,,,,,,,,,,3,1,1,1,1
200600074181,0006-12-24 11:00:00,6,12,24,11,0,880,28,,,,Plein jour,Hors agglomération,Hors intersection,Normale,Sans collision,,,,,,,,,,,1,1,1,1,7
200600074182,0006-12-26 10:15:00,6,12,26,10,15,880,135,rue de la gare,,,Plein jour,En agglomération,Hors intersection,Pluie légère,Deux véhicules - frontale,,,,,,,,,,,1,2,1,2,1
200600074183,0006-12-03 09:15:00,6,12,3,9,15,880,90,Maurice Barrès / Mozelly,,,Plein jour,En agglomération,Hors intersection,Normale,Autre collision,,,,,,,,,,,1,2,1,1,6
200600074184,0006-12-08 13:00:00,6,12,8,13,0,880,99,RD 157  RUE DE LORRAINE,48.237,6.424,Plein jour,En agglomération,Hors intersection,Normale,Autre collision,,,,,,,,,,,1,2,1,1,6
200600074185,0006-12-14 18:00:00,6,12,14,18,0,880,321,,48.357,5.725,Nuit sans éclairage public,Hors agglomération,Hors intersection,Brouillard / fumée,Deux véhicules - côté,,,,,,,,,,,3,1,1,5,3
200600074186,0006-12-10 17:15:00,6,12,10,17,15,880,446,,48.196,5.801,Nuit sans éclairage public,Hors agglomération,Hors intersection,Normale,Deux véhicules - frontale,,,,,,,,,,,3,1,1,1,1
200600074187,0006-12-21 14:45:00,6,12,21,14,45,880,500,route de REMIREMONT,,,Crépuscule ou aube,En agglomération,Hors intersection,Temps couvert,Deux véhicules - côté,,,,,,,,,,,2,2,1,8,3
200600074188,0006-12-08 08:30:00,6,12,8,8,30,880,408,,47.952,6.634,Plein jour,Hors agglomération,Hors intersection,Pluie légère,Deux véhicules - côté,,,,,,,,,,,1,1,1,2,3
200600074189,0006-12-19 17:45:00,6,12,19,17,45,880,468,20 rue Charles de Gaulle,47.883,6.766,Nuit avec éclairage allumé,En agglomération,Hors intersection,Normale,Autre collision,,,,,,,,,,,5,2,1,1,6
200600074190,0006-12-08 08:00:00,6,12,8,8,0,880,196,rue Carnot,,,Nuit avec éclairage allumé,En agglomération,Hors intersection,Pluie légère,Autre collision,,,,,,,,,,,5,2,1,2,6
200600074191,0006-12-29 12:30:00,6,12,29,12,30,880,196,Chemin de la Rayée,,,Plein jour,En agglomération,Hors intersection,Temps éblouissant,Autre collision,,,,,,,,,,,1,2,1,7,6
200600074192,0006-12-21 11:15:00,6,12,21,11,15,880,165,,48.357,6.866,Plein jour,Hors agglomération,Hors intersection,Normale,Sans collision,,,,,,,,,,,1,1,1,1,7
200600074193,0006-12-08 09:30:00,6,12,8,9,30,670,28,CD 5,48.377,7.588,Plein jour,En agglomération,Autre intersection,Normale,Sans collision,,,,,,,,,,,1,2,9,1,7
200600074194,0006-12-30 12:45:00,6,12,30,12,45,670,397,Inters. Maréchal Leclerc,48.322,7.707,Plein jour,En agglomération,Hors intersection,Normale,Deux véhicules - côté,,,,,,,,,,,1,2,1,1,3
200600074195,0006-12-10 04:30:00,6,12,10,4,30,670,130,CD468,48.431,7.701,Nuit avec éclairage allumé,En agglomération,Hors intersection,Normale,Autre collision,,,,,,,,,,,5,2,1,1,6
200600074196,0006-12-27 17:40:00,6,12,27,17,40,670,130,"12, rue Andrée Malraux",,,Nuit avec éclairage allumé,En agglomération,Hors intersection,Normale,Autre collision,,,,,,,,,,,5,2,1,1,6
200600074197,0006-12-22 08:00:00,6,12,22,8,0,670,504,,,,Plein jour,Hors agglomération,Hors intersection,Autre,Deux véhicules - côté,,,,,,,,,,,1,1,1,9,3
200600074198,0006-12-31 19:15:00,6,12,31,19,15,670,112,is Papin - rue Gutenberg,48.548,7.57,Nuit avec éclairage allumé,En agglomération,Intersection en T,Normale,Deux véhicules - côté,,,,,,,,,,,5,2,3,1,3
200600074199,0006-12-22 08:40:00,6,12,22,8,40,670,128,Avenue de la Concorde,,,Plein jour,En agglomération,Hors intersection,Neige / grêle,Sans collision,,,,,,,,,,,1,2,1,4,7
200600074200,0006-12-28 15:45:00,6,12,28,15,45,670,101,,48.533,7.499,Plein jour,Hors agglomération,Hors intersection,Normale,Sans collision,,,,,,,,,,,1,1,1,1,7
200600074201,0006-12-07 16:30:00,6,12,7,16,30,670,165,,,,Plein jour,Hors agglomération,Hors intersection,Normale,Autre collision,,,,,,,,,,,1,1,1,1,6
200600074202,0006-12-15 23:30:00,6,12,15,23,30,670,89,,,,Nuit sans éclairage public,Hors agglomération,Hors intersection,Normale,Sans collision,,,,,,,,,,,3,1,1,1,7
200600074203,0006-12-10 00:10:00,6,12,10,0,10,670,538,"CD12, P.R 0+200",,,Nuit sans éclairage public,Hors agglomération,Hors intersection,Temps couvert,Autre collision,,,,,,,,,,,3,1,1,8,6
200600074204,0006-12-14 13:00:00,6,12,14,13,0,670,535,,48.917,7.41,Plein jour,Hors agglomération,Hors intersection,Normale,Deux véhicules - frontale,,,,,,,,,,,1,1,1,1,1
200600074205,0006-12-16 17:45:00,6,12,16,17,45,670,535,,,,Crépuscule ou aube,Hors agglomération,Hors intersection,Normale,Autre collision,,,,,,,,,,,2,1,1,1,6
200600074206,0006-12-22 17:15:00,6,12,22,17,15,670,95,84 GRAND RUE,48.946,7.188,Nuit avec éclairage allumé,En agglomération,Hors intersection,Normale,Sans collision,,,,,,,,,,,5,2,1,1,7
200600074207,0006-12-22 21:00:00,6,12,22,21,0,670,538,,48.956,7.37,Nuit sans éclairage public,Hors agglomération,Hors intersection,Temps couvert,Sans collision,,,,,,,,,,,3,1,1,8,7
200600074208,0006-12-23 21:15:00,6,12,23,21,15,670,467,RD 107,,,Nuit sans éclairage public,Hors agglomération,Hors intersection,Normale,Deux véhicules - frontale,,,,,,,,,,,3,1,1,1,1
200600074209,0006-12-12 10:15:00,6,12,12,10,15,670,67,,48.757,7.704,Plein jour,Hors agglomération,Hors intersection,Normale,Deux véhicules - frontale,,,,,,,,,,,1,1,1,1,1
200600074210,0006-12-20 14:30:00,6,12,20,14,30,670,506,24 route de Strasbourg,,,Plein jour,En agglomération,Hors intersection,Normale,Deux véhicules - côté,,,,,,,,,,,1,2,1,1,3
200600074211,0006-12-09 10:45:00,6,12,9,10,45,670,145,,48.704,7.484,Plein jour,Hors agglomération,Hors intersection,Normale,Deux véhicules - frontale,,,,,,,,,,,1,1,1,1,1
200600074212,0006-12-06 06:30:00,6,12,6,6,30,670,485,CARREFOUR CD 41 / CD 341,48.63,7.62,Nuit avec éclairage allumé,En agglomération,Giratoire,Normale,Deux véhicules - côté,,,,,,,,,,,5,2,6,1,3
200600074213,0006-12-08 19:30:00,6,12,8,19,30,670,495,Intersection Rue GARE PR,48.66,7.6,Nuit avec éclairage allumé,En agglomération,Intersection en X,Autre,Deux véhicules - côté,,,,,,,,,,,5,2,2,9,3
200600074214,0006-12-12 17:00:00,6,12,12,17,0,670,214,,,,Plein jour,Hors agglomération,Hors intersection,Temps couvert,Sans collision,,,,,,,,,,,1,1,1,8,7
200600074215,0006-12-23 11:00:00,6,12,23,11,0,670,228,,48.668,7.551,Plein jour,Hors agglomération,Hors intersection,Normale,Autre collision,,,,,,,,,,,1,1,1,1,6
200600074216,0006-12-22 08:45:00,6,12,22,8,45,670,65,,,,Plein jour,Hors agglomération,Hors intersection,Autre,Sans collision,,,,,,,,,,,1,1,1,9,7
200600074217,0006-12-22 13:45:00,6,12,22,13,45,670,226,,,,Plein jour,Hors agglomération,Hors intersection,Normale,Autre collision,,,,,,,,,,,1,1,1,1,6
200600074218,0006-12-22 17:30:00,6,12,22,17,30,670,125,RN 422,48.351,7.461,Nuit sans éclairage public,Hors agglomération,Hors intersection,Normale,Deux véhicules - frontale,,,,,,,,,,,3,1,1,1,1
200600074219,0006-12-17 12:30:00,6,12,17,12,30,670,400,,48.989,7.959,Plein jour,Hors agglomération,Hors intersection,Normale,Autre collision,,,,,,,,,,,1,1,1,1,6
200600074220,0006-12-23 22:00:00,6,12,23,22,0,670,487,,48.919,7.821,Nuit sans éclairage public,Hors agglomération,Hors intersection,Normale,Autre collision,,,,,,,,,,,3,1,1,1,6
200600074221,0006-12-09 19:15:00,6,12,9,19,15,670,147,,48.945,7.726,Nuit sans éclairage public,Hors agglomération,Hors intersection,Normale,Autre collision,,,,,,,,,,,3,1,1,1,6
200600074222,0006-12-19 15:30:00,6,12,19,15,30,670,160,,48.963,7.759,Plein jour,Hors agglomération,Hors intersection,Normale,Sans collision,,,,,,,,,,,1,1,1,1,7
200600074223,0006-12-20 19:15:00,6,12,20,19,15,680,145,rue de l'Ill,,,Nuit avec éclairage allumé,En agglomération,Hors intersection,Normale,Deux véhicules - frontale,,,,,,,,,,,5,2,1,1,1
200600074224,0006-12-20 00:15:00,6,12,20,0,15,680,385,CD 10 - PK 19,,,Nuit sans éclairage public,Hors agglomération,Hors intersection,Pluie légère,Autre collision,,,,,,,,,,,3,1,1,2,6
200600074225,0006-12-21 19:20:00,6,12,21,19,20,680,7,CD 12,,,Nuit sans éclairage public,Hors agglomération,Hors intersection,Temps couvert,Autre collision,,,,,,,,,,,3,1,1,8,6
200600074226,0006-12-14 07:45:00,6,12,14,7,45,680,249,rue Charles DE GAULLE,48.131,7.167,Crépuscule ou aube,En agglomération,Hors intersection,Normale,Autre collision,,,,,,,,,,,2,2,1,1,6
200600074227,0006-12-08 07:45:00,6,12,8,7,45,680,368,,48.046,7.194,Crépuscule ou aube,Hors agglomération,Hors intersection,Temps couvert,Deux véhicules - frontale,,,,,,,,,,,2,1,1,8,1
200600074228,0006-12-09 21:00:00,6,12,9,21,0,680,226,,48.049,7.126,Nuit sans éclairage public,Hors agglomération,Hors intersection,Normale,Sans collision,,,,,,,,,,,3,1,1,1,7
200600074229,0006-12-07 17:45:00,6,12,7,17,45,680,26,,48.144,7.326,Plein jour,Hors agglomération,Hors intersection,Normale,Deux véhicules - arrière,,,,,,,,,,,1,1,1,1,2
200600074230,0006-12-01 10:15:00,6,12,1,10,15,680,62,Route de Hirtzbach,,,Nuit avec éclairage allumé,En agglomération,Hors intersection,Normale,Deux véhicules - frontale,,,,,,,,,,,5,2,1,1,1
200600074231,0006-12-24 17:30:00,6,12,24,17,30,680,215,CD 419,,,Nuit sans éclairage public,Hors agglomération,Hors intersection,Temps couvert,Deux véhicules - arrière,,,,,,,,,,,3,1,1,8,2
200600074232,0006-12-27 22:15:00,6,12,27,22,15,680,99,,47.698,7.275,Nuit avec éclairage allumé,En agglomération,Hors intersection,Normale,Trois véhicules et plus - collisions multiples,,,,,,,,,,,5,2,1,1,5
200600074233,0006-12-18 20:30:00,6,12,18,20,30,680,330,,47.586,7.129,Nuit avec éclairage non allumé,Hors agglomération,Hors intersection,Normale,Sans collision,,,,,,,,,,,4,1,1,1,7
200600074234,0006-12-18 16:30:00,6,12,18,16,30,680,258,,47.832,7.287,Crépuscule ou aube,Hors agglomération,Hors intersection,Normale,Deux véhicules - arrière,,,,,,,,,,,2,1,1,1,2
200600074235,0006-12-21 18:00:00,6,12,21,18,0,680,343,,47.89,7.315,Nuit sans éclairage public,Hors agglomération,Hors intersection,Normale,Deux véhicules - frontale,,,,,,,,,,,3,1,1,1,1
200600074236,0006-12-29 18:30:00,6,12,29,18,30,680,120,80 rue de Hegenheim,47.543,7.493,Nuit avec éclairage allumé,En agglomération,Hors intersection,Normale,Autre collision,,,,,,,,,,,5,2,1,1,6
200600074237,0006-12-31 20:00:00,6,12,31,20,0,680,309,,47.674,7.48,Nuit sans éclairage public,Hors agglomération,Hors intersection,Normale,Deux véhicules - frontale,,,,,,,,,,,3,1,1,1,1
200600074238,0006-12-09 19:45:00,6,12,9,19,45,680,372,Rue du vieil armand,,,Nuit avec éclairage allumé,En agglomération,Hors intersection,Pluie légère,Autre collision,,,,,,,,,,,5,2,1,2,6
200600074239,0006-12-11 14:00:00,6,12,11,14,0,680,334,"46, avenue pasteur",,,Plein jour,En agglomération,Hors intersection,Normale,Deux véhicules - côté,,,,,,,,,,,1,2,1,1,3
200600074240,0006-12-17 18:30:00,6,12,17,18,30,680,115,RD34,47.761,7.092,Nuit avec éclairage allumé,En agglomération,Autre intersection,Normale,Autre collision,,,,,,,,,,,5,2,9,1,6
200600074241,0006-12-17 20:00:00,6,12,17,20,0,680,275,Rue Principale,,,Nuit avec éclairage allumé,En agglomération,Hors intersection,Pluie légère,Deux véhicules - frontale,,,,,,,,,,,5,2,1,2,1
200600074242,0006-12-18 08:45:00,6,12,18,8,45,680,11,Rue de Thann,,,Plein jour,En agglomération,Hors intersection,Normale,Autre collision,,,,,,,,,,,1,2,1,1,6
200600074243,0006-12-31 21:45:00,6,12,31,21,45,680,201,rue du général De Gaulle,,,Nuit avec éclairage allumé,En agglomération,Hors intersection,Pluie forte,Deux véhicules - côté,,,,,,,,,,,5,2,1,3,3