accident_id,datetime,annee,mois,jour,heure,minute,departement,commune_insee,adresse,latitude,longitude,luminosite,agglomeration,intersection,meteo,collision,nb_vehicules,nb_usagers,nb_indemnes,nb_tues,nb_blesses_hosp,nb_blesses_legers,age_cond_1,age_cond_2,veh_type_cond_1,veh_type_cond_2,lum_code,agg_code,int_code,atm_code,col_code
200600074244,0006-12-18 15:45:00,6,12,18,15,45,510,482,,,,Plein jour,Hors agglomération,Hors intersection,Normale,Deux véhicules - arrière,,,,,,,,,,,1,1,1,1,2
200600074245,0006-12-03 12:15:00,6,12,3,12,15,510,597,avenue de Paris,49.066,3.87,Plein jour,En agglomération,Intersection en X,Pluie légère,Deux véhicules - côté,,,,,,,,,,,1,2,2,2,3
200600074246,0006-12-08 04:15:00,6,12,8,4,15,510,153,,49.036,3.996,Nuit sans éclairage public,Hors agglomération,Hors intersection,Pluie légère,Autre collision,,,,,,,,,,,3,1,1,2,6
200600074247,0006-12-12 17:20:00,6,12,12,17,20,510,2,D36 PK 7+ 600m,,,Nuit sans éclairage public,Hors agglomération,Hors intersection,Normale,Deux véhicules - côté,,,,,,,,,,,3,1,1,1,3
200600074248,0006-12-21 22:35:00,6,12,21,22,35,510,612,rue du Gal Leclerc,,,Nuit avec éclairage allumé,En agglomération,Hors intersection,Normale,Deux véhicules - frontale,,,,,,,,,,,5,2,1,1,1
200600074249,0006-12-28 09:00:00,6,12,28,9,0,510,643,,49.013,3.905,Plein jour,Hors agglomération,Intersection en T,Normale,Deux véhicules - côté,,,,,,,,,,,1,1,3,1,3
200600074250,0006-12-01 21:25:00,6,12,1,21,25,510,410,"8+400, route nationale 3",,,Nuit sans éclairage public,Hors agglomération,Hors intersection,Normale,Deux véhicules - frontale,,,,,,,,,,,3,1,1,1,1
200600074251,0006-12-24 05:30:00,6,12,24,5,30,510,381,,48.93,3.81,Nuit sans éclairage public,Hors agglomération,Hors intersection,Normale,Autre collision,,,,,,,,,,,3,1,1,1,6
200600074252,0006-12-01 17:00:00,6,12,1,17,0,510,535,148 rue notre dame,,,Crépuscule ou aube,En agglomération,Hors intersection,Normale,Autre collision,,,,,,,,,,,2,2,1,1,6
200600074253,0006-12-10 09:00:00,6,12,10,9,0,510,151,rue de troyes  chichey,48.691,3.755,Plein jour,En agglomération,Hors intersection,Brouillard / fumée,Autre collision,,,,,,,,,,,1,2,1,5,6
200600074254,0006-12-29 21:45:00,6,12,29,21,45,510,492,,48.562,3.798,Nuit sans éclairage public,Hors agglomération,Hors intersection,Normale,Sans collision,,,,,,,,,,,3,1,1,1,7
200600074255,0006-12-22 20:00:00,6,12,22,20,0,510,448,CD 75,,,Nuit sans éclairage public,Hors agglomération,Hors intersection,Normale,Deux véhicules - frontale,,,,,,,,,,,3,1,1,1,1
200600074256,0006-12-31 12:15:00,6,12,31,12,15,510,194,Route d'EPERNAY,,,Plein jour,En agglomération,Autre intersection,Temps couvert,Deux véhicules - frontale,,,,,,,,,,,1,2,9,8,1
200600074257,0006-12-22 10:15:00,6,12,22,10,15,510,527,Rue Perrier de Savigny,49.249,3.781,Plein jour,En agglomération,Hors intersection,Normale,Deux véhicules - frontale,,,,,,,,,,,1,2,1,1,1
200600074258,0006-12-11 07:30:00,6,12,11,7,30,510,195,rue des Cugnots,,,Nuit sans éclairage public,En agglomération,Hors intersection,Normale,Autre collision,,,,,,,,,,,3,2,1,1,6
200600074259,0006-12-13 17:30:00,6,12,13,17,30,510,295,Carrefour RD2 - RD14,48.7,4.551,Nuit avec éclairage allumé,En agglomération,Intersection en X,Normale,Deux véhicules - côté,,,,,,,,,,,5,2,2,1,3
200600074260,0006-12-22 17:45:00,6,12,22,17,45,510,65,Route de PARIS,48.733,4.573,Crépuscule ou aube,En agglomération,Hors intersection,Normale,Deux véhicules - frontale,,,,,,,,,,,2,2,1,1,1
200600074261,0006-12-02 22:45:00,6,12,2,22,45,510,223,,48.621,4.73,Nuit sans éclairage public,Hors agglomération,Hors intersection,Normale,Autre collision,,,,,,,,,,,3,1,1,1,6
200600074262,0006-12-02 10:00:00,6,12,2,10,0,510,500,,48.915,4.834,Plein jour,Hors agglomération,Hors intersection,Normale,Deux véhicules - côté,,,,,,,,,,,1,1,1,1,3
200600074263,0006-12-23 10:45:00,6,12,23,10,45,510,507,rue chanzy,49.094,4.892,Plein jour,En agglomération,Hors intersection,Temps couvert,Deux véhicules - frontale,,,,,,,,,,,1,2,1,8,1
200600074264,0006-12-03 07:30:00,6,12,3,7,30,80,81,RUE DU VIEUX MOULIN,,,Crépuscule ou aube,En agglomération,Hors intersection,Pluie légère,Autre collision,,,,,,,,,,,2,2,1,2,6
200600074265,0006-12-20 00:30:00,6,12,20,0,30,80,81,rue de l'écluse,,,Nuit avec éclairage allumé,En agglomération,Hors intersection,Normale,Autre collision,,,,,,,,,,,5,2,1,1,6
200600074266,0006-12-23 17:20:00,6,12,23,17,20,80,81,rue de la vinaigrerie,,,Crépuscule ou aube,En agglomération,Hors intersection,Normale,Deux véhicules - frontale,,,,,,,,,,,2,2,1,1,1
200600074267,0006-12-09 19:00:00,6,12,9,19,0,80,498,,49.742,4.664,Nuit sans éclairage public,Hors agglomération,Hors intersection,Normale,Deux véhicules - frontale,,,,,,,,,,,3,1,1,1,1
200600074268,0006-12-03 09:00:00,6,12,3,9,0,80,284,RD 988,,,Plein jour,Hors agglomération,Hors intersection,Normale,Autre collision,,,,,,,,,,,1,1,1,1,6
200600074269,0006-12-22 12:30:00,6,12,22,12,30,80,284,,49.91,4.637,Plein jour,Hors agglomération,Hors intersection,Temps couvert,Sans collision,,,,,,,,,,,1,1,1,8,7
200600074270,0006-12-11 06:45:00,6,12,11,6,45,80,185,CD988,49.97,4.66,Nuit sans éclairage public,Hors agglomération,Hors intersection,Pluie légère,Trois véhicules et plus - en chaîne,,,,,,,,,,,3,1,1,2,4
200600074271,0006-12-17 15:15:00,6,12,17,15,15,80,363,,49.936,4.64,Nuit avec éclairage allumé,Hors agglomération,Hors intersection,Normale,Autre collision,,,,,,,,,,,5,1,1,1,6
200600074272,0006-12-20 12:15:00,6,12,20,12,15,80,420,,49.958,4.346,Plein jour,Hors agglomération,Hors intersection,Pluie légère,Deux véhicules - frontale,,,,,,,,,,,1,1,1,2,1
200600074273,0006-12-23 17:45:00,6,12,23,17,45,80,78,28 rue Viot Bricard,49.893,4.535,Nuit avec éclairage allumé,En agglomération,Hors intersection,Brouillard / fumée,Autre collision,,,,,,,,,,,5,2,1,5,6
200600074274,0006-12-11 16:00:00,6,12,11,16,0,80,191,AVENUE DE VERDUN,49.702,4.906,Nuit avec éclairage allumé,En agglomération,Hors intersection,Pluie légère,Deux véhicules - côté,,,,,,,,,,,5,2,1,2,3
200600074275,0006-12-16 10:45:00,6,12,16,10,45,80,191,,49.715,4.993,Plein jour,Hors agglomération,Autre intersection,Temps éblouissant,Deux véhicules - frontale,,,,,,,,,,,1,1,9,7,1
200600074276,0006-12-14 18:30:00,6,12,14,18,30,80,351,,49.399,4.583,Crépuscule ou aube,Hors agglomération,Hors intersection,Normale,Deux véhicules - frontale,,,,,,,,,,,2,1,1,1,1
200600074277,0006-12-15 00:01:00,6,12,15,0,1,80,490,66 a charles de gaulle,,,Nuit avec éclairage allumé,En agglomération,Hors intersection,Normale,Autre collision,,,,,,,,,,,5,2,1,1,6
200600074278,0006-12-24 20:45:00,6,12,24,20,45,80,493,,49.447,4.662,Nuit sans éclairage public,Hors agglomération,Hors intersection,Brouillard / fumée,Deux véhicules - frontale,,,,,,,,,,,3,1,1,5,1
200600074279,0006-12-15 10:15:00,6,12,15,10,15,80,362,boulevard de la 4° armée,49.513,4.361,Plein jour,En agglomération,Hors intersection,Temps éblouissant,Autre collision,,,,,,,,,,,1,2,1,7,6
200600074280,0006-12-20 11:30:00,6,12,20,11,30,80,362,ZI de l'étoile,49.526,4.374,Plein jour,En agglomération,Hors intersection,Normale,Autre collision,,,,,,,,,,,1,2,1,1,6
200600074281,0006-12-13 18:30:00,6,12,13,18,30,80,262,u n°70 de la rue Pasteur,,,Nuit avec éclairage allumé,En agglomération,Hors intersection,Normale,Deux véhicules - côté,,,,,,,,,,,5,2,1,1,3
200600074282,0006-12-21 17:45:00,6,12,21,17,45,80,113,,49.677,4.201,Crépuscule ou aube,Hors agglomération,Hors intersection,Normale,Autre collision,,,,,,,,,,,2,1,1,1,6
200600074283,0006-12-17 11:57:00,6,12,17,11,57,100,359,RN 77,48.14,3.998,Plein jour,Hors agglomération,Hors intersection,Brouillard / fumée,Trois véhicules et plus - collisions multiples,,,,,,,,,,,1,1,1,5,5
200600074284,0006-12-15 20:15:00,6,12,15,20,15,100,363,CD1 - PK 32,48.179,4.142,Nuit sans éclairage public,Hors agglomération,Hors intersection,Normale,Deux véhicules - arrière,,,,,,,,,,,3,1,1,1,2
200600074285,0006-12-23 09:00:00,6,12,23,9,0,100,276,,,,Plein jour,Hors agglomération,Hors intersection,Normale,Deux véhicules - frontale,,,,,,,,,,,1,1,1,1,1
200600074286,0006-12-17 05:00:00,6,12,17,5,0,100,55,,48.13,4.361,Nuit sans éclairage public,Hors agglomération,Hors intersection,Normale,Sans collision,,,,,,,,,,,3,1,1,1,7
200600074287,0006-12-29 17:00:00,6,12,29,17,0,100,55,,48.136,4.36,Crépuscule ou aube,Hors agglomération,Hors intersection,Normale,Deux véhicules - frontale,,,,,,,,,,,2,1,1,1,1
200600074288,0006-12-29 16:15:00,6,12,29,16,15,100,141,,,,Plein jour,Hors agglomération,Hors intersection,Normale,Deux véhicules - frontale,,,,,,,,,,,1,1,1,1,1
200600074289,0006-12-02 22:15:00,6,12,2,22,15,100,368,rue de la halte,,,Nuit avec éclairage allumé,En agglomération,Hors intersection,Normale,Autre collision,,,,,,,,,,,5,2,1,1,6
200600074290,0006-12-10 12:45:00,6,12,10,12,45,100,233,CD 441,,,Plein jour,Hors agglomération,Hors intersection,Brouillard / fumée,Deux véhicules - frontale,,,,,,,,,,,1,1,1,5,1
200600074291,0006-12-27 18:45:00,6,12,27,18,45,100,323,,48.517,3.681,Nuit sans éclairage public,Hors agglomération,Intersection en X,Normale,Trois véhicules et plus - collisions multiples,,,,,,,,,,,3,1,2,1,5
200600074292,0006-12-16 21:45:00,6,12,16,21,45,520,76,,48.08,4.966,Nuit sans éclairage public,Hors agglomération,Hors intersection,Pluie légère,Autre collision,,,,,,,,,,,3,1,1,2,6
200600074293,0006-12-23 11:30:00,6,12,23,11,30,520,392,,,,Plein jour,Hors agglomération,Intersection en X,Normale,Deux véhicules - frontale,,,,,,,,,,,1,1,2,1,1
200600074294,0006-12-30 03:00:00,6,12,30,3,0,520,60,CD 417,,,Nuit sans éclairage public,Hors agglomération,Hors intersection,Autre,Sans collision,,,,,,,,,,,3,1,1,9,7
200600074295,0006-12-16 15:15:00,6,12,16,15,15,520,93,rue diderot,47.808,5.435,Plein jour,En agglomération,Hors intersection,Temps couvert,Autre collision,,,,,,,,,,,1,2,1,8,6
200600074296,0006-12-25 08:35:00,6,12,25,8,35,520,292,PK 84+100 - RD 67,,,Crépuscule ou aube,Hors agglomération,Hors intersection,Brouillard / fumée,Autre collision,,,,,,,,,,,2,1,1,5,6
200600074297,0006-12-23 15:00:00,6,12,23,15,0,520,235,,,,Plein jour,Hors agglomération,Autre intersection,Normale,Trois véhicules et plus - collisions multiples,,,,,,,,,,,1,1,9,1,5
200600074298,0006-12-22 11:45:00,6,12,22,11,45,520,219,,,,Plein jour,En agglomération,Hors intersection,Normale,Deux véhicules - côté,,,,,,,,,,,1,2,1,1,3
200600074299,0006-12-30 14:45:00,6,12,30,14,45,520,250,,48.448,5.14,Plein jour,En agglomération,Hors intersection,Normale,Autre collision,,,,,,,,,,,1,2,1,1,6
200600074300,0006-12-02 08:45:00,6,12,2,8,45,520,293,,,,Nuit sans éclairage public,Hors agglomération,Hors intersection,Normale,Sans collision,,,,,,,,,,,3,1,1,1,7
200600074301,0006-12-21 08:40:00,6,12,21,8,40,520,413,23+100 sens décroissant,,,Plein jour,Hors agglomération,Hors intersection,Autre,Autre collision,,,,,,,,,,,1,1,1,9,6
200600074302,0006-12-07 15:05:00,6,12,7,15,5,890,388,126+000 sens Lyon Paris,,,Plein jour,Hors agglomération,Hors intersection,Normale,Deux véhicules - arrière,,,,,,,,,,,1,1,1,1,2
200600074303,0006-12-14 05:30:00,6,12,14,5,30,890,133,ris point kilométrique 1,,,Nuit sans éclairage public,Hors agglomération,Hors intersection,Brouillard / fumée,Deux véhicules - arrière,,,,,,,,,,,3,1,1,5,2
200600074304,0006-12-15 20:45:00,6,12,15,20,45,450,281,aris point kilomètrique,,,Nuit sans éclairage public,Hors agglomération,Hors intersection,Normale,Deux véhicules - arrière,,,,,,,,,,,3,1,1,1,2
200600074305,0006-12-15 23:50:00,6,12,15,23,50,890,133,int kilométrique 120+400,,,Nuit sans éclairage public,Hors agglomération,Hors intersection,Normale,Sans collision,,,,,,,,,,,3,1,1,1,7
200600074306,0006-12-02 09:30:00,6,12,2,9,30,210,633,,47.343,4.471,Plein jour,Hors agglomération,Hors intersection,Normale,Autre collision,,,,,,,,,,,1,1,1,1,6
200600074307,0006-12-20 18:50:00,6,12,20,18,50,210,535,tion du CD104 et du CD28,,,Nuit sans éclairage public,Hors agglomération,Intersection en T,Normale,Deux véhicules - frontale,,,,,,,,,,,3,1,3,1,1
200600074308,0006-12-29 14:45:00,6,12,29,14,45,210,209,,47.335,5.159,Plein jour,Hors agglomération,Hors intersection,Brouillard / fumée,Deux véhicules - côté,,,,,,,,,,,1,1,1,5,3
200600074309,0006-12-13 04:30:00,6,12,13,4,30,210,38,,47.171,5.402,Nuit sans éclairage public,Hors agglomération,Hors intersection,Brouillard / fumée,Deux véhicules - arrière,,,,,,,,,,,3,1,1,5,2
200600074310,0006-12-18 16:15:00,6,12,18,16,15,210,371,RD20 - PK 46+200,47.17,5.354,Plein jour,Hors agglomération,Hors intersection,Normale,Sans collision,,,,,,,,,,,1,1,1,1,7
200600074311,0006-12-05 18:30:00,6,12,5,18,30,210,353,Route départementale 968,,,Nuit sans éclairage public,Hors agglomération,Hors intersection,Pluie légère,Trois véhicules et plus - en chaîne,,,,,,,,,,,3,1,1,2,4
200600074312,0006-12-08 17:45:00,6,12,8,17,45,210,337,,,,Nuit sans éclairage public,Hors agglomération,Hors intersection,Normale,Deux véhicules - frontale,,,,,,,,,,,3,1,1,1,1
200600074313,0006-12-31 19:30:00,6,12,31,19,30,210,337,,47.287,5.391,Nuit avec éclairage allumé,En agglomération,Hors intersection,Pluie légère,Autre collision,,,,,,,,,,,5,2,1,2,6
200600074314,0006-12-09 00:30:00,6,12,9,0,30,210,611,,47.305,4.722,Nuit sans éclairage public,Hors agglomération,Hors intersection,Pluie légère,Autre collision,,,,,,,,,,,3,1,1,2,6
200600074315,0006-12-09 14:45:00,6,12,9,14,45,210,478,,47.376,4.837,Plein jour,Hors agglomération,Hors intersection,Temps couvert,Sans collision,,,,,,,,,,,1,1,1,8,7
200600074316,0006-12-18 07:45:00,6,12,18,7,45,210,590,,47.05,4.841,Crépuscule ou aube,Hors agglomération,Hors intersection,Normale,Deux véhicules - côté,,,,,,,,,,,2,1,1,1,3
200600074317,0006-12-26 17:15:00,6,12,26,17,15,210,414,RD981,47.143,4.485,Nuit sans éclairage public,Hors agglomération,Hors intersection,Temps couvert,Deux véhicules - frontale,,,,,,,,,,,3,1,1,8,1
200600074318,0006-12-01 19:00:00,6,12,1,19,0,210,342,,47.112,5.33,Nuit sans éclairage public,Hors agglomération,Hors intersection,Brouillard / fumée,Deux véhicules - frontale,,,,,,,,,,,3,1,1,5,1
200600074319,0006-12-05 07:15:00,6,12,5,7,15,580,95,2 route de MOULINS,,,Nuit avec éclairage allumé,En agglomération,Hors intersection,Normale,Autre collision,,,,,,,,,,,5,2,1,1,6
200600074320,0006-12-18 17:30:00,6,12,18,17,30,580,95,74 Route de MOULINS,,,Nuit avec éclairage allumé,En agglomération,Hors intersection,Normale,Autre collision,,,,,,,,,,,5,2,1,1,6
200600074321,0006-12-12 21:30:00,6,12,12,21,30,580,57,Voie Communale 2,46.73,3.222,Nuit sans éclairage public,Hors agglomération,Hors intersection,Brouillard / fumée,Autre collision,,,,,,,,,,,3,1,1,5,6
200600074322,0006-12-20 21:00:00,6,12,20,21,0,580,152,,46.903,3.156,Nuit sans éclairage public,Hors agglomération,Hors intersection,Normale,Deux véhicules - arrière,,,,,,,,,,,3,1,1,1,2
200600074323,0006-12-11 00:15:00,6,12,11,0,15,580,275,les Simonots,,,Nuit sans éclairage public,Hors agglomération,Hors intersection,Normale,Autre collision,,,,,,,,,,,3,1,1,1,6
200600074324,0006-12-08 00:15:00,6,12,8,0,15,580,79,ROUTE D ARMES,47.46,3.52,Nuit avec éclairage allumé,En agglomération,Hors intersection,Temps couvert,Autre collision,,,,,,,,,,,5,2,1,8,6
200600074325,0006-12-16 18:15:00,6,12,16,18,15,580,80,,,,Nuit sans éclairage public,Hors agglomération,Hors intersection,Normale,Autre collision,,,,,,,,,,,3,1,1,1,6
200600074326,0006-12-10 06:30:00,6,12,10,6,30,580,12,23 ROUTE DE LAVAU,47.547,2.988,Nuit avec éclairage allumé,En agglomération,Hors intersection,Brouillard / fumée,Autre collision,,,,,,,,,,,5,2,1,5,6
200600074327,0006-12-22 17:05:00,6,12,22,17,5,710,556,RN6,46.275,4.799,Nuit avec éclairage allumé,En agglomération,Hors intersection,Brouillard / fumée,Deux véhicules - côté,,,,,,,,,,,5,2,1,5,3
200600074328,0006-12-12 20:30:00,6,12,12,20,30,710,150,ROUTE DU PORT D ARCIAT,46.247,4.797,Nuit avec éclairage non allumé,En agglomération,Hors intersection,Normale,Deux véhicules - côté,,,,,,,,,,,4,2,1,1,3
200600074329,0006-12-07 18:15:00,6,12,7,18,15,710,267,Fissy,46.497,4.827,Nuit avec éclairage allumé,En agglomération,Hors intersection,Pluie forte,Deux véhicules - frontale,,,,,,,,,,,5,2,1,3,1
200600074330,0006-12-20 17:30:00,6,12,20,17,30,710,14,973 - 12 route de Beaune,,,Nuit avec éclairage allumé,Hors agglomération,Hors intersection,Normale,Deux véhicules - côté,,,,,,,,,,,5,1,1,1,3
200600074331,0006-12-22 19:45:00,6,12,22,19,45,710,14,AVENUE DE LA REPUBLIQUE,,,Nuit avec éclairage allumé,En agglomération,Hors intersection,Pluie légère,Autre collision,,,,,,,,,,,5,2,1,2,6
200600074332,0006-12-03 09:45:00,6,12,3,9,45,710,227,,46.698,3.939,Plein jour,Hors agglomération,Hors intersection,Normale,Sans collision,,,,,,,,,,,1,1,1,1,7
200600074333,0006-12-01 16:15:00,6,12,1,16,15,710,202,,46.842,4.753,Plein jour,Hors agglomération,Hors intersection,Normale,Deux véhicules - côté,,,,,,,,,,,1,1,1,1,3
200600074334,0006-12-13 09:45:00,6,12,13,9,45,710,73,Chemin des champagnes,,,Plein jour,En agglomération,Intersection en T,Normale,Deux véhicules - côté,,,,,,,,,,,1,2,3,1,3
200600074335,0006-12-30 21:00:00,6,12,30,21,0,710,442,Route de Chagny,46.85,4.64,Nuit avec éclairage allumé,En agglomération,Hors intersection,Temps couvert,Deux véhicules - frontale,,,,,,,,,,,5,2,1,8,1
200600074336,0006-12-16 00:01:00,6,12,16,0,1,710,404,,,,Nuit sans éclairage public,Hors agglomération,Hors intersection,Brouillard / fumée,Trois véhicules et plus - collisions multiples,,,,,,,,,,,3,1,1,5,5
200600074337,0006-12-16 17:30:00,6,12,16,17,30,710,426,,46.749,4.648,Crépuscule ou aube,Hors agglomération,Hors intersection,Normale,Trois véhicules et plus - collisions multiples,,,,,,,,,,,2,1,1,1,5
200600074338,0006-12-22 21:30:00,6,12,22,21,30,710,324,,46.75,4.66,Nuit sans éclairage public,Hors agglomération,Hors intersection,Temps couvert,Deux véhicules - côté,,,,,,,,,,,3,1,1,8,3
200600074339,0006-12-15 12:15:00,6,12,15,12,15,710,402,,,,Plein jour,Hors agglomération,Hors intersection,Normale,Deux véhicules - frontale,,,,,,,,,,,1,1,1,1,1
200600074340,0006-12-22 01:00:00,6,12,22,1,0,710,4,,,,Nuit sans éclairage public,Hors agglomération,Hors intersection,Autre,Autre collision,,,,,,,,,,,3,1,1,9,6
200600074341,0006-12-03 06:00:00,6,12,3,6,0,710,21,,,,Nuit sans éclairage public,Hors agglomération,Hors intersection,Autre,Autre collision,,,,,,,,,,,3,1,1,9,6
200600074342,0006-12-03 07:50:00,6,12,3,7,50,710,356,974 - Le pont des Vernes,,,Plein jour,Hors agglomération,Hors intersection,Normale,Deux véhicules - frontale,,,,,,,,,,,1,1,1,1,1
200600074343,0006-12-31 02:45:00,6,12,31,2,45,710,82,,46.446,4.223,Nuit sans éclairage public,Hors agglomération,Hors intersection,Temps couvert,Sans collision,,,,,,,,,,,3,1,1,8,7
200600074344,0006-12-14 18:30:00,6,12,14,18,30,710,483,,,,Nuit sans éclairage public,Hors agglomération,Hors intersection,Temps couvert,Deux véhicules - frontale,,,,,,,,,,,3,1,1,8,1
200600074345,0006-12-24 05:00:00,6,12,24,5,0,710,176,43 rue victor hugo,46.48,3.98,Nuit avec éclairage allumé,En agglomération,Hors intersection,Autre,Deux véhicules - frontale,,,,,,,,,,,5,2,1,9,1
200600074346,0006-12-24 18:30:00,6,12,24,18,30,710,557,,46.45,4.01,Nuit sans éclairage public,Hors agglomération,Hors intersection,Autre,Autre collision,,,,,,,,,,,3,1,1,9,6
200600074347,0006-12-20 18:30:00,6,12,20,18,30,710,491,rue du centre,,,Nuit avec éclairage allumé,En agglomération,Hors intersection,Normale,Autre collision,,,,,,,,,,,5,2,1,1,6
200600074348,0006-12-12 11:30:00,6,12,12,11,30,710,348,,46.536,3.845,Plein jour,Hors agglomération,Hors intersection,Temps couvert,Autre collision,,,,,,,,,,,1,1,1,8,6
200600074349,0006-12-21 18:00:00,6,12,21,18,0,710,255,"eu-dit ""Le Gué Moucauld""",,,Crépuscule ou aube,Hors agglomération,Hors intersection,Normale,Autre collision,,,,,,,,,,,2,1,1,1,6
200600074350,0006-12-01 06:15:00,6,12,1,6,15,710,388,,,,Nuit sans éclairage public,Hors agglomération,Hors intersection,Brouillard / fumée,Autre collision,,,,,,,,,,,3,1,1,5,6
200600074351,0006-12-18 17:45:00,6,12,18,17,45,710,380,,,,Nuit sans éclairage public,Hors agglomération,Hors intersection,Normale,Deux véhicules - frontale,,,,,,,,,,,3,1,1,1,1
200600074352,0006-12-01 13:30:00,6,12,1,13,30,710,234,La Rippe à Peine,,,Plein jour,Hors agglomération,Intersection en T,Normale,Deux véhicules - côté,,,,,,,,,,,1,1,3,1,3
200600074353,0006-12-30 19:30:00,6,12,30,19,30,710,332,,,,Nuit sans éclairage public,Hors agglomération,Intersection en X,Temps couvert,Deux véhicules - côté,,,,,,,,,,,3,1,2,8,3
200600074354,0006-12-22 17:45:00,6,12,22,17,45,710,173,carrefour de Quain,46.75,5.17,Nuit avec éclairage allumé,Hors agglomération,Hors intersection,Normale,Deux véhicules - côté,,,,,,,,,,,5,1,1,1,3
200600074355,0006-12-09 16:30:00,6,12,9,16,30,890,283,,,,Plein jour,Hors agglomération,Hors intersection,Normale,Deux véhicules - arrière,,,,,,,,,,,1,1,1,1,2
200600074356,0006-12-18 23:00:00,6,12,18,23,0,890,345,,,,Nuit sans éclairage public,Hors agglomération,Hors intersection,Normale,Autre collision,,,,,,,,,,,3,1,1,1,6
200600074357,0006-12-06 09:00:00,6,12,6,9,0,890,68,route départementale 965,,,Plein jour,Hors agglomération,Hors intersection,Normale,Deux véhicules - frontale,,,,,,,,,,,1,1,1,1,1
200600074358,0006-12-12 11:00:00,6,12,12,11,0,890,227,rue de la noue marou,,,Plein jour,En agglomération,Hors intersection,Normale,Deux véhicules - frontale,,,,,,,,,,,1,2,1,1,1
200600074359,0006-12-13 18:00:00,6,12,13,18,0,890,198,,47.87,3.56,Nuit avec éclairage allumé,Hors agglomération,Hors intersection,Normale,Deux véhicules - côté,,,,,,,,,,,5,1,1,1,3
200600074360,0006-12-31 00:01:00,6,12,31,0,1,890,263,,47.847,3.551,Nuit sans éclairage public,Hors agglomération,Hors intersection,Normale,Autre collision,,,,,,,,,,,3,1,1,1,6
200600074361,0006-12-13 18:30:00,6,12,13,18,30,890,206,rue GARNIER et VIGIE,47.983,3.394,Nuit avec éclairage allumé,En agglomération,Hors intersection,Normale,Sans collision,,,,,,,,,,,5,2,1,1,7
200600074362,0006-12-24 05:15:00,6,12,24,5,15,890,275,CD14 RUE DU PARC,,,Nuit avec éclairage allumé,En agglomération,Hors intersection,Autre,Autre collision,,,,,,,,,,,5,2,1,9,6
200600074363,0006-12-22 08:15:00,6,12,22,8,15,890,465,,48.25,3.243,Plein jour,Hors agglomération,Hors intersection,Autre,Deux véhicules - frontale,,,,,,,,,,,1,1,1,9,1
200600074364,0006-12-07 19:30:00,6,12,7,19,30,890,144,D403,,,Nuit sans éclairage public,Hors agglomération,Hors intersection,Pluie légère,Deux véhicules - frontale,,,,,,,,,,,3,1,1,2,1
200600074365,0006-12-14 17:20:00,6,12,14,17,20,890,404,RN 60,,,Nuit avec éclairage allumé,Hors agglomération,Hors intersection,Brouillard / fumée,Trois véhicules et plus - collisions multiples,,,,,,,,,,,5,1,1,5,5
200600074366,0006-12-12 05:15:00,6,12,12,5,15,890,464,Rue de l'usine à gaz,,,Nuit avec éclairage allumé,En agglomération,Hors intersection,Temps couvert,Autre collision,,,,,,,,,,,5,2,1,8,6
200600074367,0006-12-15 07:45:00,6,12,15,7,45,890,464,RN.6,,,Crépuscule ou aube,En agglomération,Hors intersection,Normale,Deux véhicules - côté,,,,,,,,,,,2,2,1,1,3
200600074368,0006-12-03 15:00:00,6,12,3,15,0,890,321,CV 3,,,Plein jour,Hors agglomération,Hors intersection,Pluie forte,Deux véhicules - côté,,,,,,,,,,,1,1,1,3,3
200600074369,0006-12-21 22:00:00,6,12,21,22,0,890,184,,47.743,4.181,Nuit sans éclairage public,Hors agglomération,Hors intersection,Autre,Autre collision,,,,,,,,,,,3,1,1,9,6
200600074370,0006-12-15 14:35:00,6,12,15,14,35,250,473,CD 9,,,Plein jour,Hors agglomération,Hors intersection,Autre,Trois véhicules et plus - collisions multiples,,,,,,,,,,,1,1,1,9,5
200600074371,0006-12-21 07:30:00,6,12,21,7,30,250,428,,,,Plein jour,Hors agglomération,Hors intersection,Brouillard / fumée,Deux véhicules - frontale,,,,,,,,,,,1,1,1,5,1
200600074372,0006-12-15 14:30:00,6,12,15,14,30,250,48,,,,Plein jour,Hors agglomération,Hors intersection,Normale,Autre collision,,,,,,,,,,,1,1,1,1,6
200600074373,0006-12-05 13:30:00,6,12,5,13,30,250,42,,,,Plein jour,Hors agglomération,Hors intersection,Temps éblouissant,Deux véhicules - frontale,,,,,,,,,,,1,1,1,7,1