accident_id,datetime,annee,mois,jour,heure,minute,departement,commune_insee,adresse,latitude,longitude,luminosite,agglomeration,intersection,meteo,collision,nb_vehicules,nb_usagers,nb_indemnes,nb_tues,nb_blesses_hosp,nb_blesses_legers,age_cond_1,age_cond_2,veh_type_cond_1,veh_type_cond_2,lum_code,agg_code,int_code,atm_code,col_code
200600074374,0006-12-09 06:30:00,6,12,9,6,30,250,452,Pierre carrée,,,Nuit sans éclairage public,Hors agglomération,Intersection en T,Pluie légère,Deux véhicules - côté,,,,,,,,,,,3,1,3,2,3
200600074375,0006-12-22 02:30:00,6,12,22,2,30,250,335,Lieu-dit Nadans,,,Plein jour,Hors agglomération,Hors intersection,Normale,Autre collision,,,,,,,,,,,1,1,1,1,6
200600074376,0006-12-13 07:15:00,6,12,13,7,15,250,298,"u dit "" Bas de Grosbois""",,,Nuit sans éclairage public,Hors agglomération,Hors intersection,Brouillard / fumée,Deux véhicules - côté,,,,,,,,,,,3,1,1,5,3
200600074377,0006-12-16 23:45:00,6,12,16,23,45,250,520,02 GRANDE RUE,47.293,6.357,Nuit avec éclairage allumé,En agglomération,Hors intersection,Temps couvert,Autre collision,,,,,,,,,,,5,2,1,8,6
200600074378,0006-12-28 10:30:00,6,12,28,10,30,250,222,32 rue Elisee Cusenier,,,Plein jour,En agglomération,Hors intersection,Normale,Autre collision,,,,,,,,,,,1,2,1,1,6
200600074379,0006-12-21 14:15:00,6,12,21,14,15,250,122,,46.959,6.164,Plein jour,Hors agglomération,Hors intersection,Normale,Deux véhicules - frontale,,,,,,,,,,,1,1,1,1,1
200600074380,0006-12-29 08:00:00,6,12,29,8,0,250,621,,46.954,6.046,Crépuscule ou aube,Hors agglomération,Hors intersection,Normale,Autre collision,,,,,,,,,,,2,1,1,1,6
200600074381,0006-12-26 17:15:00,6,12,26,17,15,250,320,CD 9 - PR 68+200,,,Nuit sans éclairage public,Hors agglomération,Hors intersection,Normale,Sans collision,,,,,,,,,,,3,1,1,1,7
200600074382,0006-12-04 07:10:00,6,12,4,7,10,390,431,RN 78,,,Nuit sans éclairage public,Hors agglomération,Hors intersection,Temps couvert,Deux véhicules - côté,,,,,,,,,,,3,1,1,8,3
200600074383,0006-12-06 14:10:00,6,12,6,14,10,390,500,CD 472,46.962,5.858,Plein jour,Hors agglomération,Hors intersection,Temps couvert,Deux véhicules - frontale,,,,,,,,,,,1,1,1,8,1
200600074384,0006-12-07 18:30:00,6,12,7,18,30,390,128,RD 468,,,Nuit sans éclairage public,Hors agglomération,Hors intersection,Pluie forte,Deux véhicules - frontale,,,,,,,,,,,3,1,1,3,1
200600074385,0006-12-22 15:00:00,6,12,22,15,0,390,415,Rue du centre,,,Plein jour,En agglomération,Intersection en T,Normale,Deux véhicules - côté,,,,,,,,,,,1,2,3,1,3
200600074386,0006-12-15 18:45:00,6,12,15,18,45,390,284,,,,Nuit sans éclairage public,En agglomération,Hors intersection,Brouillard / fumée,Deux véhicules - frontale,,,,,,,,,,,3,2,1,5,1
200600074387,0006-12-21 18:00:00,6,12,21,18,0,700,421,21 rue Gilberte LAVAIRE,,,Nuit avec éclairage allumé,En agglomération,Hors intersection,Normale,Autre collision,,,,,,,,,,,5,2,1,1,6
200600074388,0006-12-02 09:15:00,6,12,2,9,15,700,493,,47.402,6.065,Plein jour,Hors agglomération,Hors intersection,Normale,Deux véhicules - frontale,,,,,,,,,,,1,1,1,1,1
200600074389,0006-12-06 01:45:00,6,12,6,1,45,700,84,21 rue de la sablière,,,Nuit avec éclairage allumé,En agglomération,Hors intersection,Pluie forte,Sans collision,,,,,,,,,,,5,2,1,3,7
200600074390,0006-12-12 08:45:00,6,12,12,8,45,700,447,,,,Plein jour,Hors agglomération,Hors intersection,Pluie légère,Deux véhicules - frontale,,,,,,,,,,,1,1,1,2,1
200600074391,0006-12-31 21:15:00,6,12,31,21,15,700,317,,,,Nuit sans éclairage public,Hors agglomération,Hors intersection,Pluie légère,Autre collision,,,,,,,,,,,3,1,1,2,6
200600074392,0006-12-02 08:00:00,6,12,2,8,0,700,52,ens BOURGUIGNON/CONFLANS,,,Plein jour,Hors agglomération,Hors intersection,Normale,Autre collision,,,,,,,,,,,1,1,1,1,6
200600074393,0006-12-31 19:50:00,6,12,31,19,50,700,461,"temental N° 39, PK17+300",,,Nuit sans éclairage public,Hors agglomération,Hors intersection,Pluie légère,Deux véhicules - frontale,,,,,,,,,,,3,1,1,2,1
200600074394,0006-12-13 16:00:00,6,12,13,16,0,700,224,GRANDE RUE,,,Plein jour,En agglomération,Hors intersection,Temps éblouissant,Autre collision,,,,,,,,,,,1,2,1,7,6
200600074395,0006-12-30 07:00:00,6,12,30,7,0,700,104,D474,,,Nuit sans éclairage public,Hors agglomération,Autre intersection,Autre,Deux véhicules - côté,,,,,,,,,,,3,1,9,9,3
200600074396,0006-12-18 11:45:00,6,12,18,11,45,900,33,Faubourg de BELFORT,,,Plein jour,En agglomération,Hors intersection,Normale,Autre collision,,,,,,,,,,,1,2,1,1,6
200600074397,0006-12-14 09:30:00,6,12,14,9,30,900,5,,47.732,6.787,Plein jour,Hors agglomération,Hors intersection,Normale,Autre collision,,,,,,,,,,,1,1,1,1,6
200600074398,0006-12-23 18:30:00,6,12,23,18,30,900,71,CD 11,,,Nuit sans éclairage public,En agglomération,Hors intersection,Normale,Autre collision,,,,,,,,,,,3,2,1,1,6
200600074399,0006-12-27 11:45:00,6,12,27,11,45,900,69,CD 39 rue de la Truche,,,Plein jour,En agglomération,Hors intersection,Temps éblouissant,Deux véhicules - frontale,,,,,,,,,,,1,2,1,7,1
200600074400,0006-12-29 21:00:00,6,12,29,21,0,380,19,,,,Nuit sans éclairage public,Hors agglomération,Hors intersection,Normale,Deux véhicules - arrière,,,,,,,,,,,3,1,1,1,2
200600074401,0006-12-15 06:30:00,6,12,15,6,30,260,339,A7 PK 112+500,,,Nuit sans éclairage public,Hors agglomération,Hors intersection,Normale,Deux véhicules - arrière,,,,,,,,,,,3,1,1,1,2
200600074402,0006-12-23 04:15:00,6,12,23,4,15,260,312,,,,Nuit sans éclairage public,Hors agglomération,Hors intersection,Normale,Trois véhicules et plus - collisions multiples,,,,,,,,,,,3,1,1,1,5
200600074403,0006-12-21 19:00:00,6,12,21,19,0,130,41,CD 6,,,Nuit sans éclairage public,Hors agglomération,Hors intersection,Normale,Deux véhicules - côté,,,,,,,,,,,3,1,1,1,3
200600074404,0006-12-21 22:00:00,6,12,21,22,0,130,41,Fort - lieu dit Valabre,,,Nuit sans éclairage public,Hors agglomération,Hors intersection,Normale,Autre collision,,,,,,,,,,,3,1,1,1,6
200600074405,0006-12-19 12:30:00,6,12,19,12,30,130,60,on Chemin Les Cardelines,,,Plein jour,Hors agglomération,Hors intersection,Normale,Deux véhicules - arrière,,,,,,,,,,,1,1,1,1,2
200600074406,0006-12-06 15:30:00,6,12,6,15,30,130,19,eu dit bonne brise CD60A,,,Plein jour,Hors agglomération,Hors intersection,Pluie légère,Autre collision,,,,,,,,,,,1,1,1,2,6
200600074407,0006-12-13 11:45:00,6,12,13,11,45,130,19,,43.429,5.356,Plein jour,Hors agglomération,Hors intersection,Normale,Deux véhicules - frontale,,,,,,,,,,,1,1,1,1,1
200600074408,0006-12-19 09:15:00,6,12,19,9,15,130,15,RN8,43.441,5.398,Plein jour,En agglomération,Hors intersection,Normale,Deux véhicules - arrière,,,,,,,,,,,1,2,1,1,2
200600074409,0006-12-22 01:00:00,6,12,22,1,0,130,66,CD 28,43.891,4.903,Nuit sans éclairage public,Hors agglomération,Hors intersection,Normale,Autre collision,,,,,,,,,,,3,1,1,1,6
200600074410,0006-12-04 05:00:00,6,12,4,5,0,130,97,RN 568 PK 15+500,43.527,4.841,Nuit sans éclairage public,Hors agglomération,Hors intersection,Temps couvert,Autre collision,,,,,,,,,,,3,1,1,8,6
200600074411,0006-12-16 20:00:00,6,12,16,20,0,130,97,RN568,43.516,4.854,Nuit sans éclairage public,Hors agglomération,Hors intersection,Vent fort / tempête,Deux véhicules - arrière,,,,,,,,,,,3,1,1,6,2
200600074412,0006-12-03 18:00:00,6,12,3,18,0,130,94,,,,Nuit sans éclairage public,Hors agglomération,Hors intersection,Normale,Deux véhicules - frontale,,,,,,,,,,,3,1,1,1,1
200600074413,0006-12-07 11:30:00,6,12,7,11,30,130,4,ournayre-SALIN DE GIRAUD,,,Plein jour,En agglomération,Hors intersection,Normale,Deux véhicules - frontale,,,,,,,,,,,1,2,1,1,1
200600074414,0006-12-03 08:00:00,6,12,3,8,0,130,22,,,,Plein jour,Hors agglomération,Hors intersection,Temps couvert,Autre collision,,,,,,,,,,,1,1,1,8,6
200600074415,0006-12-18 08:00:00,6,12,18,8,0,130,22,,,,Plein jour,Hors agglomération,Hors intersection,Normale,Deux véhicules - frontale,,,,,,,,,,,1,1,1,1,1
200600074416,0006-12-05 07:15:00,6,12,5,7,15,130,101,"Carrefour D7, D46",,,Crépuscule ou aube,Hors agglomération,Intersection en T,Normale,Deux véhicules - frontale,,,,,,,,,,,2,1,3,1,1
200600074417,0006-12-11 21:30:00,6,12,11,21,30,130,13,,43.435,5.565,Nuit sans éclairage public,Hors agglomération,Hors intersection,Normale,Deux véhicules - frontale,,,,,,,,,,,3,1,1,1,1
200600074418,0006-12-12 04:00:00,6,12,12,4,0,130,31,RD96,43.382,5.605,Nuit avec éclairage allumé,En agglomération,Giratoire,Normale,Autre collision,,,,,,,,,,,5,2,6,1,6
200600074419,0006-12-13 15:00:00,6,12,13,15,0,130,92,AVENUE DU 53,,,Plein jour,En agglomération,Hors intersection,Normale,Sans collision,,,,,,,,,,,1,2,1,1,7
200600074420,0006-12-01 05:15:00,6,12,1,5,15,130,53,RN7,,,Nuit sans éclairage public,Hors agglomération,Hors intersection,Normale,Autre collision,,,,,,,,,,,3,1,1,1,6
200600074421,0006-12-03 05:00:00,6,12,3,5,0,130,35,place de la Couren,,,Nuit avec éclairage allumé,En agglomération,Hors intersection,Normale,Autre collision,,,,,,,,,,,5,2,1,1,6
200600074422,0006-12-31 16:15:00,6,12,31,16,15,130,35,,43.686,5.064,Plein jour,Hors agglomération,Autre intersection,Normale,Autre collision,,,,,,,,,,,1,1,9,1,6
200600074423,0006-12-15 21:15:00,6,12,15,21,15,130,53,,43.72,5.215,Nuit sans éclairage public,Hors agglomération,Hors intersection,Normale,Deux véhicules - frontale,,,,,,,,,,,3,1,1,1,1
200600074424,0006-12-08 16:30:00,6,12,8,16,30,130,81,,43.495,5.219,Plein jour,Hors agglomération,Autre intersection,Pluie légère,Deux véhicules - arrière,,,,,,,,,,,1,1,9,2,2
200600074425,0006-12-22 16:45:00,6,12,22,16,45,130,81,,43.532,5.197,Plein jour,Hors agglomération,Autre intersection,Normale,Deux véhicules - côté,,,,,,,,,,,1,1,9,1,3
200600074426,0006-12-09 16:30:00,6,12,9,16,30,130,82,RD15 PR30+750,,,Plein jour,Hors agglomération,Hors intersection,Normale,Sans collision,,,,,,,,,,,1,1,1,1,7
200600074427,0006-12-01 15:25:00,6,12,1,15,25,40,108,Route nationale  85,,,Plein jour,En agglomération,Hors intersection,Normale,Deux véhicules - frontale,,,,,,,,,,,1,2,1,1,1
200600074428,0006-12-03 13:25:00,6,12,3,13,25,40,106,RN96,,,Plein jour,Hors agglomération,Hors intersection,Pluie légère,Autre collision,,,,,,,,,,,1,1,1,2,6
200600074429,0006-12-05 22:30:00,6,12,5,22,30,40,116,,,,Nuit sans éclairage public,Hors agglomération,Hors intersection,Normale,Deux véhicules - frontale,,,,,,,,,,,3,1,1,1,1
200600074430,0006-12-22 17:00:00,6,12,22,17,0,40,149,rue du vieil moulin,,,Crépuscule ou aube,En agglomération,Hors intersection,Normale,Deux véhicules - frontale,,,,,,,,,,,2,2,1,1,1
200600074431,0006-12-16 10:00:00,6,12,16,10,0,40,20,,44.239,6.257,Plein jour,Hors agglomération,Hors intersection,Temps couvert,Autre collision,,,,,,,,,,,1,1,1,8,6
200600074432,0006-12-12 14:45:00,6,12,12,14,45,40,76,AVENUE VAUBAN RN 202,43.955,6.82,Plein jour,En agglomération,Hors intersection,Normale,Autre collision,,,,,,,,,,,1,2,1,1,6
200600074433,0006-12-31 10:55:00,6,12,31,10,55,40,104,CD950,,,Plein jour,Hors agglomération,Hors intersection,Normale,Deux véhicules - arrière,,,,,,,,,,,1,1,1,1,2
200600074434,0006-12-07 13:30:00,6,12,7,13,30,40,160,,,,Plein jour,Hors agglomération,Hors intersection,Normale,Autre collision,,,,,,,,,,,1,1,1,1,6
200600074435,0006-12-12 18:45:00,6,12,12,18,45,40,208,LE PIGEONNIER,,,Nuit sans éclairage public,Hors agglomération,Hors intersection,Normale,Autre collision,,,,,,,,,,,3,1,1,1,6
200600074436,0006-12-01 16:45:00,6,12,1,16,45,40,209,rue du gymnase-route de,44.187,5.949,Crépuscule ou aube,En agglomération,Hors intersection,Normale,Deux véhicules - arrière,,,,,,,,,,,2,2,1,1,2
200600074437,0006-12-03 17:30:00,6,12,3,17,30,40,49,AVENUE JEAN MOULIN,,,Nuit avec éclairage allumé,En agglomération,Autre intersection,Normale,Deux véhicules - frontale,,,,,,,,,,,5,2,9,1,1
200600074438,0006-12-04 11:30:00,6,12,4,11,30,40,49,,,,Plein jour,En agglomération,Hors intersection,Normale,Deux véhicules - arrière,,,,,,,,,,,1,2,1,1,2
200600074439,0006-12-18 07:30:00,6,12,18,7,30,40,13,,,,Crépuscule ou aube,Hors agglomération,Hors intersection,Normale,Deux véhicules - frontale,,,,,,,,,,,2,1,1,1,1
200600074440,0006-12-17 20:40:00,6,12,17,20,40,40,49,N 96 Virage du Barrasson,,,Nuit sans éclairage public,En agglomération,Hors intersection,Normale,Deux véhicules - frontale,,,,,,,,,,,3,2,1,1,1
200600074441,0006-12-30 10:25:00,6,12,30,10,25,40,13,place du village,,,Plein jour,En agglomération,Hors intersection,Normale,Autre collision,,,,,,,,,,,1,2,1,1,6
200600074442,0006-12-22 05:30:00,6,12,22,5,30,50,5,"t "" Champ Florin Le Rif""",44.263,5.824,Nuit sans éclairage public,Hors agglomération,Hors intersection,Normale,Autre collision,,,,,,,,,,,3,1,1,1,6
200600074443,0006-12-22 14:45:00,6,12,22,14,45,50,70,75 et  route  ZA du Plan,,,Plein jour,En agglomération,Intersection en X,Normale,Deux véhicules - frontale,,,,,,,,,,,1,2,2,1,1
200600074444,0006-12-26 17:45:00,6,12,26,17,45,50,178,,44.363,5.918,Nuit sans éclairage public,Hors agglomération,Hors intersection,Normale,Deux véhicules - frontale,,,,,,,,,,,3,1,1,1,1
200600074445,0006-12-29 17:05:00,6,12,29,17,5,50,34,,,,Crépuscule ou aube,Hors agglomération,Hors intersection,Normale,Sans collision,,,,,,,,,,,2,1,1,1,7
200600074446,0006-12-13 12:15:00,6,12,13,12,15,50,72,,,,Plein jour,Hors agglomération,Hors intersection,Normale,Sans collision,,,,,,,,,,,1,1,1,1,7
200600074447,0006-12-19 18:00:00,6,12,19,18,0,50,176,CD942,44.496,6.127,Nuit avec éclairage allumé,En agglomération,Hors intersection,Normale,Autre collision,,,,,,,,,,,5,2,1,1,6
200600074448,0006-12-21 19:00:00,6,12,21,19,0,50,170,,,,Nuit sans éclairage public,Hors agglomération,Intersection en X,Normale,Trois véhicules et plus - collisions multiples,,,,,,,,,,,3,1,2,1,5
200600074449,0006-12-31 18:00:00,6,12,31,18,0,50,171,,,,Nuit sans éclairage public,Hors agglomération,Hors intersection,Normale,Deux véhicules - arrière,,,,,,,,,,,3,1,1,1,2
200600074450,0006-12-04 16:45:00,6,12,4,16,45,50,6,avenue de beauregard,44.795,6.563,Plein jour,En agglomération,Hors intersection,Normale,Trois véhicules et plus - en chaîne,,,,,,,,,,,1,2,1,1,4
200600074451,0006-12-19 15:30:00,6,12,19,15,30,50,17,,44.566,6.201,Plein jour,Hors agglomération,Hors intersection,Normale,Deux véhicules - côté,,,,,,,,,,,1,1,1,1,3
200600074452,0006-12-23 17:30:00,6,12,23,17,30,50,17,,44.576,6.176,Nuit sans éclairage public,Hors agglomération,Hors intersection,Normale,Deux véhicules - frontale,,,,,,,,,,,3,1,1,1,1
200600074453,0006-12-06 07:20:00,6,12,6,7,20,60,48,CD 15 AVENUE RAIBERTI,,,Crépuscule ou aube,En agglomération,Hors intersection,Pluie légère,Deux véhicules - frontale,,,,,,,,,,,2,2,1,2,1
200600074454,0006-12-09 11:45:00,6,12,9,11,45,60,48,chemin du pilon,,,Plein jour,En agglomération,Hors intersection,Normale,Deux véhicules - côté,,,,,,,,,,,1,2,1,1,3
200600074455,0006-12-01 14:15:00,6,12,1,14,15,60,92,,43.77,7.361,Plein jour,Hors agglomération,Hors intersection,Normale,Deux véhicules - côté,,,,,,,,,,,1,1,1,1,3
200600074456,0006-12-04 08:50:00,6,12,4,8,50,60,103,uartier Giboel,,,Plein jour,Hors agglomération,Hors intersection,Temps éblouissant,Sans collision,,,,,,,,,,,1,1,1,7,7
200600074457,0006-12-11 17:45:00,6,12,11,17,45,60,161,"RD 6007, Quartier Les ba",,,Nuit avec éclairage allumé,En agglomération,Hors intersection,Normale,Deux véhicules - côté,,,,,,,,,,,5,2,1,1,3
200600074458,0006-12-13 09:15:00,6,12,13,9,15,60,161,RD 6007 GARAGE RENAULT T,,,Plein jour,En agglomération,Autre intersection,Normale,Autre collision,,,,,,,,,,,1,2,9,1,6
200600074459,0006-12-24 06:00:00,6,12,24,6,0,60,44,,,,Nuit sans éclairage public,Hors agglomération,Hors intersection,Normale,Autre collision,,,,,,,,,,,3,1,1,1,6
200600074460,0006-12-05 12:00:00,6,12,5,12,0,60,79,764 avenue de Cannes,,,Plein jour,En agglomération,Hors intersection,Normale,Autre collision,,,,,,,,,,,1,2,1,1,6
200600074461,0006-12-14 16:30:00,6,12,14,16,30,60,79,,,,Plein jour,Hors agglomération,Giratoire,Normale,Deux véhicules - frontale,,,,,,,,,,,1,1,6,1,1
200600074462,0006-12-15 09:00:00,6,12,15,9,0,60,79,Avenue de Cannes,43.549,6.938,Plein jour,En agglomération,Hors intersection,Normale,Autre collision,,,,,,,,,,,1,2,1,1,6
200600074463,0006-12-09 15:15:00,6,12,9,15,15,60,157,t Jeannet Avenue Matisse,,,Plein jour,En agglomération,Hors intersection,Normale,Deux véhicules - frontale,,,,,,,,,,,1,2,1,1,1
200600074464,0006-12-18 17:00:00,6,12,18,17,0,60,128,,43.696,7.131,Plein jour,Hors agglomération,Hors intersection,Normale,Sans collision,,,,,,,,,,,1,1,1,1,7
200600074465,0006-12-21 14:45:00,6,12,21,14,45,60,65,,43.738,7.166,Plein jour,Hors agglomération,Hors intersection,Normale,Deux véhicules - frontale,,,,,,,,,,,1,1,1,1,1
200600074466,0006-12-08 18:30:00,6,12,8,18,30,60,46,La Manda,,,Nuit avec éclairage allumé,Hors agglomération,Hors intersection,Pluie forte,Autre collision,,,,,,,,,,,5,1,1,3,6
200600074467,0006-12-01 18:15:00,6,12,1,18,15,60,62,,,,Nuit avec éclairage allumé,En agglomération,Hors intersection,Normale,Autre collision,,,,,,,,,,,5,2,1,1,6
200600074468,0006-12-10 17:00:00,6,12,10,17,0,60,150,D 53 - PK 14 + 500,,,Crépuscule ou aube,Hors agglomération,Hors intersection,Normale,Autre collision,,,,,,,,,,,2,1,1,1,6
200600074469,0006-12-26 16:30:00,6,12,26,16,30,60,99,,43.958,6.903,Plein jour,Hors agglomération,Hors intersection,Normale,Deux véhicules - côté,,,,,,,,,,,1,1,1,1,3
200600074470,0006-12-09 07:00:00,6,12,9,7,0,60,72,,44.036,7.099,Crépuscule ou aube,Hors agglomération,Hors intersection,Brouillard / fumée,Autre collision,,,,,,,,,,,2,1,1,5,6
200600074471,0006-12-04 00:01:00,6,12,4,0,1,830,81,,,,Plein jour,Hors agglomération,Hors intersection,Normale,Deux véhicules - côté,,,,,,,,,,,1,1,1,1,3
200600074472,0006-12-07 08:20:00,6,12,7,8,20,830,57,Quartier Barrieras,,,Plein jour,Hors agglomération,Hors intersection,Normale,Autre collision,,,,,,,,,,,1,1,1,1,6
200600074473,0006-12-13 13:50:00,6,12,13,13,50,830,23,RN 7,,,Plein jour,Hors agglomération,Hors intersection,Normale,Deux véhicules - frontale,,,,,,,,,,,1,1,1,1,1
200600074474,0006-12-14 19:30:00,6,12,14,19,30,830,23,,,,Nuit sans éclairage public,Hors agglomération,Hors intersection,Normale,Deux véhicules - côté,,,,,,,,,,,3,1,1,1,3
200600074475,0006-12-31 14:15:00,6,12,31,14,15,830,12,Abattoirs,,,Plein jour,En agglomération,Hors intersection,Normale,Deux véhicules - côté,,,,,,,,,,,1,2,1,1,3
200600074476,0006-12-04 18:15:00,6,12,4,18,15,830,100,avenue de la Libération,,,Nuit avec éclairage allumé,En agglomération,Hors intersection,Normale,Autre collision,,,,,,,,,,,5,2,1,1,6
200600074477,0006-12-12 18:50:00,6,12,12,18,50,830,33,RD97,,,Nuit sans éclairage public,Hors agglomération,Hors intersection,Normale,Sans collision,,,,,,,,,,,3,1,1,1,7
200600074478,0006-12-22 14:30:00,6,12,22,14,30,830,150,,,,Plein jour,Hors agglomération,Hors intersection,Autre,Deux véhicules - frontale,,,,,,,,,,,1,1,1,9,1
200600074479,0006-12-14 17:30:00,6,12,14,17,30,830,77,Quartier planestel,,,Crépuscule ou aube,Hors agglomération,Hors intersection,Normale,Autre collision,,,,,,,,,,,2,1,1,1,6
200600074480,0006-12-25 17:50:00,6,12,25,17,50,830,77,"Lieu dit ""Peyroubaret""",,,Nuit sans éclairage public,Hors agglomération,Hors intersection,Normale,Deux véhicules - frontale,,,,,,,,,,,3,1,1,1,1
200600074481,0006-12-22 13:45:00,6,12,22,13,45,830,97,,43.51,5.735,Plein jour,En agglomération,Hors intersection,Normale,Deux véhicules - frontale,,,,,,,,,,,1,2,1,1,1
200600074482,0006-12-23 15:30:00,6,12,23,15,30,830,116,boulevard Saint Jean,43.455,5.866,Plein jour,En agglomération,Hors intersection,Normale,Deux véhicules - frontale,,,,,,,,,,,1,2,1,1,1
200600074483,0006-12-09 01:35:00,6,12,9,1,35,830,107,ée lieu dit La gaillarde,,,Nuit avec éclairage allumé,En agglomération,Hors intersection,Vent fort / tempête,Autre collision,,,,,,,,,,,5,2,1,6,6
200600074484,0006-12-10 19:30:00,6,12,10,19,30,830,99,Quartier Vaucouleur,43.466,6.66,Nuit sans éclairage public,Hors agglomération,Hors intersection,Normale,Deux véhicules - arrière,,,,,,,,,,,3,1,1,1,2
200600074485,0006-12-13 17:30:00,6,12,13,17,30,830,99,nd point des Meissugues,,,Nuit sans éclairage public,Hors agglomération,Giratoire,Normale,Deux véhicules - côté,,,,,,,,,,,3,1,6,1,3
200600074486,0006-12-17 01:00:00,6,12,17,1,0,830,48,,,,Nuit avec éclairage allumé,Hors agglomération,Autre intersection,Normale,Sans collision,,,,,,,,,,,5,1,9,1,7
200600074487,0006-12-19 01:00:00,6,12,19,1,0,830,36,Indéterminée,,,Nuit sans éclairage public,Hors agglomération,Hors intersection,Normale,Sans collision,,,,,,,,,,,3,1,1,1,7
200600074488,0006-12-06 23:15:00,6,12,6,23,15,830,68,13 domaine des migranier,,,Nuit sans éclairage public,En agglomération,Hors intersection,Pluie légère,Autre collision,,,,,,,,,,,3,2,1,2,6
200600074489,0006-12-20 10:00:00,6,12,20,10,0,830,42,Avenue G Clemenceau,,,Plein jour,En agglomération,Autre intersection,Normale,Deux véhicules - côté,,,,,,,,,,,1,2,9,1,3
200600074490,0006-12-25 09:45:00,6,12,25,9,45,830,68,,,,Plein jour,Hors agglomération,Hors intersection,Normale,Deux véhicules - côté,,,,,,,,,,,1,1,1,1,3
200600074491,0006-12-26 09:00:00,6,12,26,9,0,830,42,,,,Plein jour,Hors agglomération,Hors intersection,Normale,Deux véhicules - côté,,,,,,,,,,,1,1,1,1,3
200600074492,0006-12-21 19:20:00,6,12,21,19,20,830,107,RN 7,,,Nuit sans éclairage public,Hors agglomération,Hors intersection,Normale,Deux véhicules - côté,,,,,,,,,,,3,1,1,1,3
200600074493,0006-12-25 14:30:00,6,12,25,14,30,830,53,DN8 - PK 17,,,Plein jour,En agglomération,Hors intersection,Normale,Autre collision,,,,,,,,,,,1,2,1,1,6
200600074494,0006-12-27 20:20:00,6,12,27,20,20,830,127,CD 2,,,Nuit avec éclairage allumé,En agglomération,Intersection en T,Normale,Deux véhicules - côté,,,,,,,,,,,5,2,3,1,3
200600074495,0006-12-15 10:30:00,6,12,15,10,30,830,47,,43.132,6.081,Plein jour,Hors agglomération,Hors intersection,Normale,Deux véhicules - côté,,,,,,,,,,,1,1,1,1,3
200600074496,0006-12-24 15:00:00,6,12,24,15,0,830,47,,43.133,6.077,Plein jour,Hors agglomération,Hors intersection,Normale,Deux véhicules - côté,,,,,,,,,,,1,1,1,1,3
200600074497,0006-12-30 21:55:00,6,12,30,21,55,830,112,Boulevard Jean-Jaures,,,Nuit avec éclairage allumé,En agglomération,Hors intersection,Normale,Deux véhicules - côté,,,,,,,,,,,5,2,1,1,3
200600074498,0006-12-04 17:00:00,6,12,4,17,0,830,54,chemin de LA CRAU,,,Nuit sans éclairage public,Hors agglomération,Intersection en X,Normale,Deux véhicules - arrière,,,,,,,,,,,3,1,2,1,2
200600074499,0006-12-31 12:00:00,6,12,31,12,0,840,81,Avenue de la Garance,,,Plein jour,En agglomération,Hors intersection,Normale,Autre collision,,,,,,,,,,,1,2,1,1,6
200600074500,0006-12-01 18:45:00,6,12,1,18,45,840,36,,43.936,4.93,Nuit sans éclairage public,Hors agglomération,Hors intersection,Normale,Deux véhicules - frontale,,,,,,,,,,,3,1,1,1,1
200600074501,0006-12-13 07:30:00,6,12,13,7,30,840,119,,43.886,4.956,Crépuscule ou aube,Hors agglomération,Hors intersection,Normale,Sans collision,,,,,,,,,,,2,1,1,1,7
200600074502,0006-12-29 10:30:00,6,12,29,10,30,840,81,E CHATEAUNEUF DE GADAGNE,,,Plein jour,Hors agglomération,Hors intersection,Autre,Deux véhicules - côté,,,,,,,,,,,1,1,1,9,3
200600074503,0006-12-19 16:45:00,6,12,19,16,45,840,38,,,,Plein jour,Hors agglomération,Hors intersection,Normale,Deux véhicules - frontale,,,,,,,,,,,1,1,1,1,1
200600074504,0006-12-03 18:30:00,6,12,3,18,30,840,54,CHEMIN FOND,,,Nuit sans éclairage public,Hors agglomération,Hors intersection,Temps couvert,Deux véhicules - frontale,,,,,,,,,,,3,1,1,8,1
200600074505,0006-12-04 20:00:00,6,12,4,20,0,840,54,Avenue des SORGUES,,,Nuit avec éclairage non allumé,En agglomération,Hors intersection,Normale,Deux véhicules - frontale,,,,,,,,,,,4,2,1,1,1
200600074506,0006-12-18 13:50:00,6,12,18,13,50,840,141,/ Chemin de St Montange,,,Plein jour,Hors agglomération,Hors intersection,Normale,Deux véhicules - frontale,,,,,,,,,,,1,1,1,1,1
200600074507,0006-12-22 09:15:00,6,12,22,9,15,840,92,,,,Plein jour,Hors agglomération,Hors intersection,Normale,Deux véhicules - frontale,,,,,,,,,,,1,1,1,1,1