accident_id,datetime,annee,mois,jour,heure,minute,departement,commune_insee,adresse,latitude,longitude,luminosite,agglomeration,intersection,meteo,collision,nb_vehicules,nb_usagers,nb_indemnes,nb_tues,nb_blesses_hosp,nb_blesses_legers,age_cond_1,age_cond_2,veh_type_cond_1,veh_type_cond_2,lum_code,agg_code,int_code,atm_code,col_code
200600074640,0006-12-06 10:30:00,6,12,6,10,30,780,107,RD11,,,Plein jour,Hors agglomération,Hors intersection,Normale,Autre collision,,,,,,,,,,,1,1,1,1,6
200600074641,0006-12-24 22:30:00,6,12,24,22,30,780,107,RD 11,,,Nuit avec éclairage allumé,En agglomération,Hors intersection,Temps couvert,Deux véhicules - frontale,,,,,,,,,,,5,2,1,8,1
200600074642,0006-12-17 21:00:00,6,12,17,21,0,780,113,route de Guitrancourt,,,Nuit sans éclairage public,Hors agglomération,Hors intersection,Pluie légère,Autre collision,,,,,,,,,,,3,1,1,2,6
200600074643,0006-12-22 00:01:00,6,12,22,0,1,780,474,,48.855,1.641,Nuit sans éclairage public,Hors agglomération,Hors intersection,Normale,Autre collision,,,,,,,,,,,3,1,1,1,6
200600074644,0006-12-31 15:00:00,6,12,31,15,0,780,31,,48.961,1.716,Plein jour,Hors agglomération,Hors intersection,Normale,Deux véhicules - frontale,,,,,,,,,,,1,1,1,1,1
200600074645,0006-12-08 14:45:00,6,12,8,14,45,780,506,RN 10,48.516,1.796,Plein jour,Hors agglomération,Hors intersection,Pluie légère,Deux véhicules - côté,,,,,,,,,,,1,1,1,2,3
200600074646,0006-12-29 07:40:00,6,12,29,7,40,780,562,"1, lieu dit les Bruyères",,,Nuit sans éclairage public,En agglomération,Hors intersection,Normale,Deux véhicules - arrière,,,,,,,,,,,3,2,1,1,2
200600074647,0006-12-17 07:00:00,6,12,17,7,0,780,513,,48.806,1.794,Nuit avec éclairage allumé,Hors agglomération,Hors intersection,Temps couvert,Sans collision,,,,,,,,,,,5,1,1,8,7
200600074648,0006-12-19 08:15:00,6,12,19,8,15,780,601,RD 936,,,Plein jour,Hors agglomération,Hors intersection,Autre,Deux véhicules - frontale,,,,,,,,,,,1,1,1,9,1
200600074649,0006-12-25 22:00:00,6,12,25,22,0,780,87,,,,Nuit sans éclairage public,Hors agglomération,Hors intersection,Brouillard / fumée,Deux véhicules - frontale,,,,,,,,,,,3,1,1,5,1
200600074650,0006-12-19 00:45:00,6,12,19,0,45,910,340,,,,Nuit avec éclairage allumé,Hors agglomération,Giratoire,Normale,Autre collision,,,,,,,,,,,5,1,6,1,6
200600074651,0006-12-10 15:30:00,6,12,10,15,30,910,386,rue de neufville,48.55,2.433,Plein jour,En agglomération,Hors intersection,Normale,Deux véhicules - frontale,,,,,,,,,,,1,2,1,1,1
200600074652,0006-12-01 18:45:00,6,12,1,18,45,910,405,rue du général de gaulle,,,Nuit avec éclairage allumé,En agglomération,Hors intersection,Normale,Autre collision,,,,,,,,,,,5,2,1,1,6
200600074653,0006-12-13 08:50:00,6,12,13,8,50,910,200,Rue du Marché aux grains,,,Plein jour,En agglomération,Hors intersection,Normale,Sans collision,,,,,,,,,,,1,2,1,1,7
200600074654,0006-12-09 14:50:00,6,12,9,14,50,910,318,Chagrenon à Gillevoisin,,,Plein jour,En agglomération,Hors intersection,Normale,Deux véhicules - frontale,,,,,,,,,,,1,2,1,1,1
200600074655,0006-12-29 18:40:00,6,12,29,18,40,910,95,tersection CD449 et CD99,,,Nuit sans éclairage public,Hors agglomération,Hors intersection,Normale,Deux véhicules - frontale,,,,,,,,,,,3,1,1,1,1
200600074656,0006-12-06 17:45:00,6,12,6,17,45,910,630,31 route de Vaugrigneuse,,,Nuit sans éclairage public,Hors agglomération,Hors intersection,Pluie légère,Autre collision,,,,,,,,,,,3,1,1,2,6
200600074657,0006-12-10 19:45:00,6,12,10,19,45,910,148,,,,Nuit sans éclairage public,Hors agglomération,Hors intersection,Normale,Autre collision,,,,,,,,,,,3,1,1,1,6
200600074658,0006-12-06 07:50:00,6,12,6,7,50,910,661,chemin de briis,,,Nuit sans éclairage public,En agglomération,Giratoire,Pluie légère,Autre collision,,,,,,,,,,,3,2,6,2,6
200600074659,0006-12-18 20:15:00,6,12,18,20,15,910,661,CD 59 P.K 5+500,48.703,2.251,Nuit sans éclairage public,Hors agglomération,Hors intersection,Autre,Deux véhicules - frontale,,,,,,,,,,,3,1,1,9,1
200600074660,0006-12-28 11:40:00,6,12,28,11,40,910,661,CD 59,,,Plein jour,Hors agglomération,Hors intersection,Pluie légère,Autre collision,,,,,,,,,,,1,1,1,2,6
200600074661,0006-12-15 23:15:00,6,12,15,23,15,910,461,,48.605,2.225,Nuit sans éclairage public,Hors agglomération,Hors intersection,Normale,Deux véhicules - frontale,,,,,,,,,,,3,1,1,1,1
200600074662,0006-12-19 06:40:00,6,12,19,6,40,910,207,niers - rue des Meuniers,,,Nuit sans éclairage public,Hors agglomération,Hors intersection,Autre,Autre collision,,,,,,,,,,,3,1,1,9,6
200600074663,0006-12-18 13:00:00,6,12,18,13,0,910,494,d point des CD 19 et 312,,,Plein jour,Hors agglomération,Giratoire,Normale,Deux véhicules - frontale,,,,,,,,,,,1,1,6,1,1
200600074664,0006-12-07 02:15:00,6,12,7,2,15,910,136,,,,Nuit sans éclairage public,Hors agglomération,Autre intersection,Normale,Autre collision,,,,,,,,,,,3,1,9,1,6
200600074665,0006-12-15 17:45:00,6,12,15,17,45,910,458,Route de Villejust,,,Nuit avec éclairage allumé,En agglomération,Hors intersection,Normale,Deux véhicules - côté,,,,,,,,,,,5,2,1,1,3
200600074666,0006-12-07 07:45:00,6,12,7,7,45,950,139,,,,Crépuscule ou aube,Hors agglomération,Hors intersection,Pluie forte,Autre collision,,,,,,,,,,,2,1,1,3,6
200600074667,0006-12-20 19:30:00,6,12,20,19,30,950,541,,,,Nuit sans éclairage public,Hors agglomération,Hors intersection,Autre,Sans collision,,,,,,,,,,,3,1,1,9,7
200600074668,0006-12-21 20:00:00,6,12,21,20,0,950,254,,,,Nuit sans éclairage public,Hors agglomération,Hors intersection,Normale,Autre collision,,,,,,,,,,,3,1,1,1,6
200600074669,0006-12-26 12:30:00,6,12,26,12,30,950,287,,49.132,2.048,Plein jour,Hors agglomération,Hors intersection,Temps couvert,Deux véhicules - frontale,,,,,,,,,,,1,1,1,8,1
200600074670,0006-12-30 23:00:00,6,12,30,23,0,950,489,,,,Nuit sans éclairage public,Hors agglomération,Autre intersection,Normale,Autre collision,,,,,,,,,,,3,1,9,1,6
200600074671,0006-12-20 07:00:00,6,12,20,7,0,950,395,RN16,,,Nuit sans éclairage public,Hors agglomération,Hors intersection,Brouillard / fumée,Deux véhicules - côté,,,,,,,,,,,3,1,1,5,3
200600074672,0006-12-21 11:30:00,6,12,21,11,30,950,94,route d'ECOUEN,,,Plein jour,Hors agglomération,Hors intersection,Normale,Deux véhicules - frontale,,,,,,,,,,,1,1,1,1,1
200600074673,0006-12-22 22:45:00,6,12,22,22,45,950,229,route de DOMONT,,,Nuit avec éclairage allumé,En agglomération,Hors intersection,Normale,Deux véhicules - côté,,,,,,,,,,,5,2,1,1,3
200600074674,0006-12-26 11:15:00,6,12,26,11,15,770,455,rue de Corbeil,48.657,2.696,Plein jour,En agglomération,Hors intersection,Brouillard / fumée,Autre collision,,,,,,,,,,,1,2,1,5,6
200600074675,0006-12-17 17:00:00,6,12,17,17,0,770,354,,48.474,2.857,Crépuscule ou aube,Hors agglomération,Intersection en X,Temps couvert,Deux véhicules - côté,,,,,,,,,,,2,1,2,8,3
200600074676,0006-12-01 22:30:00,6,12,1,22,30,770,426,,48.595,2.852,Nuit sans éclairage public,Hors agglomération,Hors intersection,Normale,Sans collision,,,,,,,,,,,3,1,1,1,7
200600074677,0006-12-14 16:45:00,6,12,14,16,45,770,529,,48.796,2.867,Crépuscule ou aube,Hors agglomération,Intersection en X,Normale,Deux véhicules - côté,,,,,,,,,,,2,1,2,1,3
200600074678,0006-12-15 19:20:00,6,12,15,19,20,770,47,CD33,,,Nuit sans éclairage public,Hors agglomération,Hors intersection,Pluie légère,Sans collision,,,,,,,,,,,3,1,1,2,7
200600074679,0006-12-19 23:45:00,6,12,19,23,45,770,529,Route nationale 36,48.828,2.876,Nuit sans éclairage public,Hors agglomération,Hors intersection,Autre,Trois véhicules et plus - collisions multiples,,,,,,,,,,,3,1,1,9,5
200600074680,0006-12-31 12:45:00,6,12,31,12,45,770,141,,48.854,2.836,Plein jour,Hors agglomération,Hors intersection,Temps couvert,Trois véhicules et plus - collisions multiples,,,,,,,,,,,1,1,1,8,5
200600074681,0006-12-21 11:30:00,6,12,21,11,30,770,116,,48.75,3.24,Plein jour,Hors agglomération,Intersection en X,Normale,Deux véhicules - frontale,,,,,,,,,,,1,1,2,1,1
200600074682,0006-12-14 18:15:00,6,12,14,18,15,770,478,CD 3E,,,Nuit sans éclairage public,Hors agglomération,Hors intersection,Normale,Autre collision,,,,,,,,,,,3,1,1,1,6
200600074683,0006-12-22 12:50:00,6,12,22,12,50,770,361,CD21,,,Plein jour,Hors agglomération,Hors intersection,Normale,Autre collision,,,,,,,,,,,1,1,1,1,6
200600074684,0006-12-26 19:30:00,6,12,26,19,30,770,478,,48.99,3.1,Nuit sans éclairage public,Hors agglomération,Hors intersection,Normale,Autre collision,,,,,,,,,,,3,1,1,1,6
200600074685,0006-12-27 22:30:00,6,12,27,22,30,770,440,rue de metz,48.95,3.07,Nuit avec éclairage allumé,En agglomération,Hors intersection,Normale,Deux véhicules - arrière,,,,,,,,,,,5,2,1,1,2
200600074686,0006-12-02 10:30:00,6,12,2,10,30,770,508,,48.824,2.818,Plein jour,Hors agglomération,Giratoire,Normale,Deux véhicules - côté,,,,,,,,,,,1,1,6,1,3
200600074687,0006-12-23 12:00:00,6,12,23,12,0,770,510,Route Départementale 21,,,Plein jour,Hors agglomération,Hors intersection,Normale,Sans collision,,,,,,,,,,,1,1,1,1,7
200600074688,0006-12-20 13:00:00,6,12,20,13,0,770,385,,,,Plein jour,Hors agglomération,Hors intersection,Normale,Deux véhicules - arrière,,,,,,,,,,,1,1,1,1,2
200600074689,0006-12-06 20:10:00,6,12,6,20,10,770,365,D231,,,Nuit sans éclairage public,En agglomération,Hors intersection,Temps couvert,Deux véhicules - frontale,,,,,,,,,,,3,2,1,8,1
200600074690,0006-12-28 22:00:00,6,12,28,22,0,770,192,,48.701,2.899,Nuit sans éclairage public,Hors agglomération,Hors intersection,Normale,Sans collision,,,,,,,,,,,3,1,1,1,7
200600074691,0006-12-09 14:30:00,6,12,9,14,30,770,465,CD22 -  RUE DE FLAGY,48.304,2.94,Plein jour,En agglomération,Hors intersection,Normale,Autre collision,,,,,,,,,,,1,2,1,1,6
200600074692,0006-12-13 07:35:00,6,12,13,7,35,770,261,CD 219 PK 16 + 400,48.248,2.911,Crépuscule ou aube,Hors agglomération,Hors intersection,Temps couvert,Deux véhicules - arrière,,,,,,,,,,,2,1,1,8,2
200600074693,0006-12-17 19:30:00,6,12,17,19,30,770,261,CD 219,48.248,2.91,Nuit sans éclairage public,Hors agglomération,Hors intersection,Pluie légère,Autre collision,,,,,,,,,,,3,1,1,2,6
200600074694,0006-12-21 08:45:00,6,12,21,8,45,770,473,,48.281,2.77,Plein jour,Hors agglomération,Hors intersection,Autre,Deux véhicules - frontale,,,,,,,,,,,1,1,1,9,1
200600074695,0006-12-27 14:15:00,6,12,27,14,15,770,370,,48.232,2.732,Plein jour,Hors agglomération,Hors intersection,Temps couvert,Deux véhicules - frontale,,,,,,,,,,,1,1,1,8,1
200600074696,0006-12-03 11:45:00,6,12,3,11,45,770,420,,49.068,2.141,Plein jour,Hors agglomération,Hors intersection,Normale,Deux véhicules - arrière,,,,,,,,,,,1,1,1,1,2
200600074697,0006-12-07 07:30:00,6,12,7,7,30,770,349,rue du 8 mai 45,49.123,2.121,Crépuscule ou aube,En agglomération,Hors intersection,Pluie légère,Deux véhicules - côté,,,,,,,,,,,2,2,1,2,3
200600074698,0006-12-12 22:30:00,6,12,12,22,30,770,171,AVENUE FOCH,48.52,2.359,Nuit avec éclairage allumé,En agglomération,Hors intersection,Normale,Autre collision,,,,,,,,,,,5,2,1,1,6
200600074699,0006-12-12 08:30:00,6,12,12,8,30,770,437,,49.078,2.319,Plein jour,Hors agglomération,Hors intersection,Brouillard / fumée,Deux véhicules - frontale,,,,,,,,,,,1,1,1,5,1
200600074700,0006-12-17 13:00:00,6,12,17,13,0,770,32,route nationale 4,,,Plein jour,En agglomération,Hors intersection,Temps couvert,Deux véhicules - côté,,,,,,,,,,,1,2,1,8,3
200600074701,0006-12-14 09:00:00,6,12,14,9,0,450,248,rue de la gare,48.053,1.698,Plein jour,En agglomération,Hors intersection,Normale,Autre collision,,,,,,,,,,,1,2,1,1,6
200600074702,0006-12-19 07:15:00,6,12,19,7,15,450,313,PK5 + 300,,,Nuit sans éclairage public,Hors agglomération,Hors intersection,Autre,Deux véhicules - frontale,,,,,,,,,,,3,1,1,9,1
200600074703,0006-12-29 21:15:00,6,12,29,21,15,450,82,Boulevard de verdun,,,Nuit avec éclairage allumé,En agglomération,Hors intersection,Normale,Deux véhicules - côté,,,,,,,,,,,5,2,1,1,3
200600074704,0006-12-20 09:00:00,6,12,20,9,0,450,89,rue des plantes,47.892,2.032,Plein jour,En agglomération,Hors intersection,Normale,Deux véhicules - frontale,,,,,,,,,,,1,2,1,1,1
200600074705,0006-12-02 18:00:00,6,12,2,18,0,450,204,PK 8,,,Nuit sans éclairage public,Hors agglomération,Hors intersection,Pluie légère,Sans collision,,,,,,,,,,,3,1,1,2,7
200600074706,0006-12-14 17:15:00,6,12,14,17,15,450,146,Rue de la Libération,47.72,1.948,Nuit avec éclairage allumé,En agglomération,Hors intersection,Normale,Deux véhicules - frontale,,,,,,,,,,,5,2,1,1,1
200600074707,0006-12-22 21:15:00,6,12,22,21,15,450,146,RN20,47.707,1.947,Nuit sans éclairage public,Hors agglomération,Hors intersection,Normale,Deux véhicules - frontale,,,,,,,,,,,3,1,1,1,1
200600074708,0006-12-05 13:45:00,6,12,5,13,45,450,144,,47.828,2.155,Plein jour,Hors agglomération,Hors intersection,Autre,Autre collision,,,,,,,,,,,1,1,1,9,6
200600074709,0006-12-22 07:15:00,6,12,22,7,15,450,311,,,,Nuit sans éclairage public,Hors agglomération,Hors intersection,Autre,Sans collision,,,,,,,,,,,3,1,1,9,7
200600074710,0006-12-23 14:45:00,6,12,23,14,45,450,6,,,,Plein jour,Hors agglomération,Hors intersection,Normale,Deux véhicules - frontale,,,,,,,,,,,1,1,1,1,1
200600074711,0006-12-30 17:45:00,6,12,30,17,45,450,28,Face au 45 - RN 152,,,Nuit avec éclairage non allumé,En agglomération,Hors intersection,Pluie légère,Autre collision,,,,,,,,,,,4,2,1,2,6
200600074712,0006-12-06 18:00:00,6,12,6,18,0,450,317,Josnes - Route du Viaduc,,,Nuit sans éclairage public,Hors agglomération,Hors intersection,Pluie légère,Deux véhicules - frontale,,,,,,,,,,,3,1,1,2,1
200600074713,0006-12-08 12:15:00,6,12,8,12,15,450,203,rue Jean MOULIN,,,Plein jour,En agglomération,Hors intersection,Vent fort / tempête,Autre collision,,,,,,,,,,,1,2,1,6,6
200600074714,0006-12-19 09:30:00,6,12,19,9,30,450,116,,,,Plein jour,Hors agglomération,Intersection en T,Temps éblouissant,Deux véhicules - côté,,,,,,,,,,,1,1,3,7,3
200600074715,0006-12-22 14:00:00,6,12,22,14,0,450,167,,,,Plein jour,Hors agglomération,Hors intersection,Normale,Deux véhicules - côté,,,,,,,,,,,1,1,1,1,3
200600074716,0006-12-03 12:15:00,6,12,3,12,15,450,15,8 rue des carpes,48.28,2.1,Plein jour,En agglomération,Hors intersection,Pluie légère,Deux véhicules - frontale,,,,,,,,,,,1,2,1,2,1
200600074717,0006-12-06 19:30:00,6,12,6,19,30,450,325,,48.174,1.919,Nuit sans éclairage public,Hors agglomération,Hors intersection,Normale,Trois véhicules et plus - en chaîne,,,,,,,,,,,3,1,1,1,4
200600074718,0006-12-09 07:00:00,6,12,9,7,0,450,333,,47.959,2.051,Nuit sans éclairage public,Hors agglomération,Hors intersection,Normale,Autre collision,,,,,,,,,,,3,1,1,1,6
200600074719,0006-12-21 23:45:00,6,12,21,23,45,450,301,,48.105,2.134,Nuit sans éclairage public,Hors agglomération,Hors intersection,Brouillard / fumée,Deux véhicules - arrière,,,,,,,,,,,3,1,1,5,2
200600074720,0006-12-05 17:00:00,6,12,5,17,0,450,254,,,,Plein jour,Hors agglomération,Hors intersection,Normale,Deux véhicules - côté,,,,,,,,,,,1,1,1,1,3
200600074721,0006-12-03 21:30:00,6,12,3,21,30,450,16,,47.639,2.592,Nuit sans éclairage public,Hors agglomération,Hors intersection,Pluie légère,Autre collision,,,,,,,,,,,3,1,1,2,6
200600074722,0006-12-21 08:00:00,6,12,21,8,0,450,29,,47.52,2.791,Crépuscule ou aube,Hors agglomération,Hors intersection,Normale,Autre collision,,,,,,,,,,,2,1,1,1,6
200600074723,0006-12-12 13:30:00,6,12,12,13,30,450,315,,,,Plein jour,Hors agglomération,Hors intersection,Normale,Deux véhicules - frontale,,,,,,,,,,,1,1,1,1,1
200600074724,0006-12-13 16:50:00,6,12,13,16,50,450,31,enue du Maréchal Leclerc,,,Nuit avec éclairage allumé,En agglomération,Autre intersection,Normale,Deux véhicules - arrière,,,,,,,,,,,5,2,9,1,2
200600074725,0006-12-21 18:15:00,6,12,21,18,15,450,83,,47.941,2.953,Nuit sans éclairage public,Hors agglomération,Hors intersection,Normale,Trois véhicules et plus - collisions multiples,,,,,,,,,,,3,1,1,1,5
200600074726,0006-12-14 16:45:00,6,12,14,16,45,450,229,Rue Tribout,,,Plein jour,En agglomération,Hors intersection,Normale,Autre collision,,,,,,,,,,,1,2,1,1,6
200600074727,0006-12-20 12:15:00,6,12,20,12,15,450,239,,,,Plein jour,Hors agglomération,Hors intersection,Normale,Deux véhicules - frontale,,,,,,,,,,,1,1,1,1,1
200600074728,0006-12-22 07:45:00,6,12,22,7,45,450,321,,,,Crépuscule ou aube,Hors agglomération,Hors intersection,Autre,Deux véhicules - frontale,,,,,,,,,,,2,1,1,9,1
200600074729,0006-12-10 01:00:00,6,12,10,1,0,450,252,CD 928,,,Nuit sans éclairage public,Hors agglomération,Hors intersection,Normale,Deux véhicules - frontale,,,,,,,,,,,3,1,1,1,1
200600074730,0006-12-19 19:30:00,6,12,19,19,30,450,253,,,,Nuit sans éclairage public,Hors agglomération,Hors intersection,Normale,Trois véhicules et plus - collisions multiples,,,,,,,,,,,3,1,1,1,5
200600074731,0006-12-28 10:45:00,6,12,28,10,45,450,253,"CD 928, PK 3+800",,,Plein jour,Hors agglomération,Autre intersection,Normale,Autre collision,,,,,,,,,,,1,1,9,1,6
200600074732,0006-12-25 11:15:00,6,12,25,11,15,450,30,,48.088,2.422,Plein jour,Hors agglomération,Hors intersection,Pluie légère,Deux véhicules - frontale,,,,,,,,,,,1,1,1,2,1
200600074733,0006-12-21 12:15:00,6,12,21,12,15,180,23,CD 10,47.078,2.726,Plein jour,En agglomération,Hors intersection,Temps éblouissant,Deux véhicules - frontale,,,,,,,,,,,1,2,1,7,1
200600074734,0006-12-22 09:00:00,6,12,22,9,0,180,197,route de BOURGES,46.733,2.498,Plein jour,En agglomération,Hors intersection,Autre,Deux véhicules - côté,,,,,,,,,,,1,2,1,9,3
200600074735,0006-12-17 05:30:00,6,12,17,5,30,180,59,,,,Nuit sans éclairage public,Hors agglomération,Hors intersection,Brouillard / fumée,Autre collision,,,,,,,,,,,3,1,1,5,6
200600074736,0006-12-07 08:45:00,6,12,7,8,45,180,108,Avenue du Gravier,,,Plein jour,En agglomération,Hors intersection,Normale,Deux véhicules - côté,,,,,,,,,,,1,2,1,1,3
200600074737,0006-12-06 20:15:00,6,12,6,20,15,180,165,"Lieudit ""Misais""",,,Nuit sans éclairage public,Hors agglomération,Hors intersection,Temps couvert,Autre collision,,,,,,,,,,,3,1,1,8,6
200600074738,0006-12-17 11:45:00,6,12,17,11,45,180,115,"""Les chopins""",,,Plein jour,Hors agglomération,Hors intersection,Normale,Sans collision,,,,,,,,,,,1,1,1,1,7
200600074739,0006-12-27 15:30:00,6,12,27,15,30,180,290,"""La Loeuf du Houx""",,,Plein jour,Hors agglomération,Hors intersection,Normale,Trois véhicules et plus - collisions multiples,,,,,,,,,,,1,1,1,1,5
200600074740,0006-12-15 18:30:00,6,12,15,18,30,180,210,Route des Ocreries,,,Crépuscule ou aube,En agglomération,Hors intersection,Temps couvert,Sans collision,,,,,,,,,,,2,2,1,8,7
200600074741,0006-12-07 12:15:00,6,12,7,12,15,180,206,,,,Plein jour,Hors agglomération,Hors intersection,Pluie forte,Deux véhicules - frontale,,,,,,,,,,,1,1,1,3,1
200600074742,0006-12-26 18:30:00,6,12,26,18,30,280,358,,48.506,1.505,Nuit sans éclairage public,Hors agglomération,Intersection en X,Pluie légère,Deux véhicules - côté,,,,,,,,,,,3,1,2,2,3
200600074743,0006-12-14 17:30:00,6,12,14,17,30,280,6,"D24, PK35+600",,,Nuit sans éclairage public,Hors agglomération,Hors intersection,Brouillard / fumée,Deux véhicules - côté,,,,,,,,,,,3,1,1,5,3
200600074744,0006-12-15 22:45:00,6,12,15,22,45,280,95,,48.402,1.35,Nuit sans éclairage public,Hors agglomération,Hors intersection,Normale,Autre collision,,,,,,,,,,,3,1,1,1,6
200600074745,0006-12-21 18:30:00,6,12,21,18,30,280,302,,48.485,1.104,Nuit sans éclairage public,Hors agglomération,Hors intersection,Temps couvert,Sans collision,,,,,,,,,,,3,1,1,8,7
200600074746,0006-12-15 18:50:00,6,12,15,18,50,280,25,RN 20 PK 5+620,,,Nuit sans éclairage public,Hors agglomération,Hors intersection,Normale,Deux véhicules - arrière,,,,,,,,,,,3,1,1,1,2
200600074747,0006-12-26 16:30:00,6,12,26,16,30,280,274,,,,Plein jour,Hors agglomération,Hors intersection,Temps couvert,Sans collision,,,,,,,,,,,1,1,1,8,7
200600074748,0006-12-09 18:00:00,6,12,9,18,0,280,61,Avenue Galiéni,48.214,1.18,Nuit avec éclairage allumé,En agglomération,Hors intersection,Normale,Deux véhicules - arrière,,,,,,,,,,,5,2,1,1,2
200600074749,0006-12-31 20:30:00,6,12,31,20,30,280,14,,,,Nuit sans éclairage public,Hors agglomération,Hors intersection,Vent fort / tempête,Autre collision,,,,,,,,,,,3,1,1,6,6
200600074750,0006-12-21 07:15:00,6,12,21,7,15,280,239,,,,Crépuscule ou aube,Hors agglomération,Hors intersection,Autre,Deux véhicules - frontale,,,,,,,,,,,2,1,1,9,1
200600074751,0006-12-24 17:45:00,6,12,24,17,45,280,348,,48.763,1.151,Crépuscule ou aube,Hors agglomération,Hors intersection,Autre,Deux véhicules - frontale,,,,,,,,,,,2,1,1,9,1
200600074752,0006-12-29 23:15:00,6,12,29,23,15,280,171,,48.705,1.348,Nuit sans éclairage public,Hors agglomération,Hors intersection,Normale,Deux véhicules - frontale,,,,,,,,,,,3,1,1,1,1
200600074753,0006-12-20 08:30:00,6,12,20,8,30,280,59,,48.69,1.11,Plein jour,Hors agglomération,Hors intersection,Autre,Sans collision,,,,,,,,,,,1,1,1,9,7
200600074754,0006-12-14 16:45:00,6,12,14,16,45,280,55,,48.636,1.416,Plein jour,Hors agglomération,Hors intersection,Normale,Deux véhicules - frontale,,,,,,,,,,,1,1,1,1,1
200600074755,0006-12-31 19:15:00,6,12,31,19,15,280,86,rue Saint Lubin,,,Nuit avec éclairage allumé,En agglomération,Hors intersection,Pluie forte,Autre collision,,,,,,,,,,,5,2,1,3,6
200600074756,0006-12-11 18:30:00,6,12,11,18,30,280,166,,,,Nuit sans éclairage public,Hors agglomération,Hors intersection,Pluie forte,Deux véhicules - arrière,,,,,,,,,,,3,1,1,3,2
200600074757,0006-12-07 18:00:00,6,12,7,18,0,360,64,Fourches,,,Nuit sans éclairage public,Hors agglomération,Intersection en T,Normale,Deux véhicules - frontale,,,,,,,,,,,3,1,3,1,1
200600074758,0006-12-05 15:15:00,6,12,5,15,15,360,6,69 rue auclert descottes,,,Plein jour,En agglomération,Hors intersection,Normale,Deux véhicules - côté,,,,,,,,,,,1,2,1,1,3
200600074759,0006-12-08 18:00:00,6,12,8,18,0,360,139,,,,Nuit sans éclairage public,Hors agglomération,Hors intersection,Vent fort / tempête,Autre collision,,,,,,,,,,,3,1,1,6,6
200600074760,0006-12-29 20:30:00,6,12,29,20,30,360,241,61 rue du Général de Gau,,,Nuit avec éclairage allumé,En agglomération,Hors intersection,Normale,Deux véhicules - frontale,,,,,,,,,,,5,2,1,1,1
200600074761,0006-12-05 14:15:00,6,12,5,14,15,360,34,,47.26,1.717,Plein jour,Hors agglomération,Hors intersection,Normale,Sans collision,,,,,,,,,,,1,1,1,1,7
200600074762,0006-12-31 18:00:00,6,12,31,18,0,360,18,Rue Pierre Collin de Sou,46.638,1.065,Nuit avec éclairage allumé,En agglomération,Hors intersection,Normale,Deux véhicules - côté,,,,,,,,,,,5,2,1,1,3
200600074763,0006-12-20 22:00:00,6,12,20,22,0,360,173,,,,Nuit sans éclairage public,Hors agglomération,Hors intersection,Autre,Deux véhicules - frontale,,,,,,,,,,,3,1,1,9,1
200600074764,0006-12-03 09:40:00,6,12,3,9,40,360,98,RD 960,,,Plein jour,Hors agglomération,Hors intersection,Temps éblouissant,Deux véhicules - arrière,,,,,,,,,,,1,1,1,7,2
200600074765,0006-12-22 09:45:00,6,12,22,9,45,360,52,,46.941,2.042,Plein jour,Hors agglomération,Hors intersection,Autre,Autre collision,,,,,,,,,,,1,1,1,9,6
200600074766,0006-12-19 15:00:00,6,12,19,15,0,370,3,,47.398,1.005,Plein jour,Hors agglomération,Intersection en T,Normale,Deux véhicules - côté,,,,,,,,,,,1,1,3,1,3
200600074767,0006-12-05 10:20:00,6,12,5,10,20,370,21,La rougerie,,,Plein jour,Hors agglomération,Intersection en X,Temps couvert,Deux véhicules - côté,,,,,,,,,,,1,1,2,8,3
200600074768,0006-12-15 06:45:00,6,12,15,6,45,370,276,,,,Nuit sans éclairage public,Hors agglomération,Hors intersection,Brouillard / fumée,Deux véhicules - frontale,,,,,,,,,,,3,1,1,5,1
200600074769,0006-12-22 07:30:00,6,12,22,7,30,370,224,,47.578,0.782,Nuit sans éclairage public,Hors agglomération,Hors intersection,Autre,Autre collision,,,,,,,,,,,3,1,1,9,6
200600074770,0006-12-16 15:45:00,6,12,16,15,45,370,193,CD 635/D69 PR 1+770,,,Plein jour,Hors agglomération,Intersection en X,Pluie légère,Deux véhicules - côté,,,,,,,,,,,1,1,2,2,3
200600074771,0006-12-30 17:00:00,6,12,30,17,0,370,58,,,,Nuit sans éclairage public,Hors agglomération,Hors intersection,Pluie légère,Sans collision,,,,,,,,,,,3,1,1,2,7