accident_id,datetime,annee,mois,jour,heure,minute,departement,commune_insee,adresse,latitude,longitude,luminosite,agglomeration,intersection,meteo,collision,nb_vehicules,nb_usagers,nb_indemnes,nb_tues,nb_blesses_hosp,nb_blesses_legers,age_cond_1,age_cond_2,veh_type_cond_1,veh_type_cond_2,lum_code,agg_code,int_code,atm_code,col_code
200600074772,0006-12-05 19:15:00,6,12,5,19,15,370,56,,47.319,0.408,Nuit sans éclairage public,Hors agglomération,Hors intersection,Pluie légère,Deux véhicules - côté,,,,,,,,,,,3,1,1,2,3
200600074773,0006-12-13 02:00:00,6,12,13,2,0,370,257,,47.232,0.582,Nuit sans éclairage public,Hors agglomération,Hors intersection,Brouillard / fumée,Sans collision,,,,,,,,,,,3,1,1,5,7
200600074774,0006-12-02 16:15:00,6,12,2,16,15,370,218,RUE DU PLAN D'EAU,,,Plein jour,En agglomération,Hors intersection,Temps couvert,Deux véhicules - frontale,,,,,,,,,,,1,2,1,8,1
200600074775,0006-12-30 19:30:00,6,12,30,19,30,370,218,CD41,,,Nuit sans éclairage public,Hors agglomération,Hors intersection,Pluie légère,Autre collision,,,,,,,,,,,3,1,1,2,6
200600074776,0006-12-20 07:30:00,6,12,20,7,30,370,143,,47.136,0.826,Crépuscule ou aube,Hors agglomération,Hors intersection,Autre,Autre collision,,,,,,,,,,,2,1,1,9,6
200600074777,0006-12-09 11:00:00,6,12,9,11,0,370,266,CD 50 - RUE PRINCIPALE,,,Plein jour,En agglomération,Hors intersection,Temps éblouissant,Autre collision,,,,,,,,,,,1,2,1,7,6
200600074778,0006-12-11 11:45:00,6,12,11,11,45,370,211,"u lieu dit ""les Carrois""",,,Plein jour,Hors agglomération,Hors intersection,Normale,Sans collision,,,,,,,,,,,1,1,1,1,7
200600074779,0006-12-16 12:45:00,6,12,16,12,45,370,211,,,,Plein jour,Hors agglomération,Hors intersection,Temps couvert,Autre collision,,,,,,,,,,,1,1,1,8,6
200600074780,0006-12-16 11:45:00,6,12,16,11,45,370,266,,,,Plein jour,Hors agglomération,Hors intersection,Normale,Autre collision,,,,,,,,,,,1,1,1,1,6
200600074781,0006-12-14 20:30:00,6,12,14,20,30,370,263,irection TRUYES/ CIGOGNE,,,Nuit sans éclairage public,Hors agglomération,Hors intersection,Brouillard / fumée,Autre collision,,,,,,,,,,,3,1,1,5,6
200600074782,0006-12-19 19:15:00,6,12,19,19,15,370,104,,,,Nuit sans éclairage public,Hors agglomération,Hors intersection,Normale,Sans collision,,,,,,,,,,,3,1,1,1,7
200600074783,0006-12-25 10:10:00,6,12,25,10,10,370,104,3 route de Tours - CD 85,,,Plein jour,En agglomération,Hors intersection,Normale,Autre collision,,,,,,,,,,,1,2,1,1,6
200600074784,0006-12-01 12:00:00,6,12,1,12,0,410,223,,,,Plein jour,Hors agglomération,Hors intersection,Normale,Deux véhicules - côté,,,,,,,,,,,1,1,1,1,3
200600074785,0006-12-11 17:40:00,6,12,11,17,40,410,8,,,,Nuit sans éclairage public,Hors agglomération,Hors intersection,Normale,Deux véhicules - côté,,,,,,,,,,,3,1,1,1,3
200600074786,0006-12-22 13:20:00,6,12,22,13,20,410,220,"-dit ""La motte Pintenas""",,,Plein jour,Hors agglomération,Hors intersection,Normale,Autre collision,,,,,,,,,,,1,1,1,1,6
200600074787,0006-12-26 23:50:00,6,12,26,23,50,410,136,"RD 112,  Pont de la noue",,,Nuit sans éclairage public,Hors agglomération,Hors intersection,Autre,Trois véhicules et plus - en chaîne,,,,,,,,,,,3,1,1,9,4
200600074788,0006-12-20 15:45:00,6,12,20,15,45,410,151,1 rue victor hugo,,,Plein jour,En agglomération,Hors intersection,Normale,Autre collision,,,,,,,,,,,1,2,1,1,6
200600074789,0006-12-22 15:15:00,6,12,22,15,15,410,151,PLACE GENERAL DE GAULLE,,,Plein jour,En agglomération,Place,Normale,Autre collision,,,,,,,,,,,1,2,7,1,6
200600074790,0006-12-28 15:45:00,6,12,28,15,45,410,63,,47.253,1.438,Plein jour,Hors agglomération,Hors intersection,Brouillard / fumée,Trois véhicules et plus - en chaîne,,,,,,,,,,,1,1,1,5,4
200600074791,0006-12-07 23:30:00,6,12,7,23,30,410,241,CD 724,,,Nuit sans éclairage public,Hors agglomération,Hors intersection,Normale,Autre collision,,,,,,,,,,,3,1,1,1,6
200600074792,0006-12-03 17:40:00,6,12,3,17,40,410,140,"D922 Lieu dit ""St Louis""",,,Nuit sans éclairage public,Hors agglomération,Hors intersection,Autre,Deux véhicules - frontale,,,,,,,,,,,3,1,1,9,1
200600074793,0006-12-16 19:30:00,6,12,16,19,30,410,277,,,,Nuit sans éclairage public,Hors agglomération,Hors intersection,Autre,Autre collision,,,,,,,,,,,3,1,1,9,6
200600074794,0006-12-29 07:45:00,6,12,29,7,45,330,70,,45.06,-0.959,Nuit sans éclairage public,Hors agglomération,Hors intersection,Autre,Autre collision,,,,,,,,,,,3,1,1,9,6
200600074795,0006-12-01 19:00:00,6,12,1,19,0,290,147,RD 165,,,Nuit sans éclairage public,Hors agglomération,Hors intersection,Pluie légère,Autre collision,,,,,,,,,,,3,1,1,2,6
200600074796,0006-12-25 08:30:00,6,12,25,8,30,290,2,lieu dit moulin de PENLA,47.867,-3.399,Crépuscule ou aube,En agglomération,Hors intersection,Normale,Autre collision,,,,,,,,,,,2,2,1,1,6
200600074797,0006-12-06 11:15:00,6,12,6,11,15,290,150,,47.81,-3.673,Plein jour,Hors agglomération,Hors intersection,Normale,Autre collision,,,,,,,,,,,1,1,1,1,6
200600074798,0006-12-18 16:45:00,6,12,18,16,45,290,150,,47.809,-3.627,Plein jour,Hors agglomération,Hors intersection,Normale,Deux véhicules - frontale,,,,,,,,,,,1,1,1,1,1
200600074799,0006-12-24 18:20:00,6,12,24,18,20,290,293,ue de Concarneau - D 783,,,Nuit avec éclairage allumé,En agglomération,Hors intersection,Normale,Deux véhicules - frontale,,,,,,,,,,,5,2,1,1,1
200600074800,0006-12-08 08:30:00,6,12,8,8,30,290,241,Rue du collège Pensivy,47.97,-3.829,Nuit avec éclairage non allumé,En agglomération,Hors intersection,Pluie légère,Autre collision,,,,,,,,,,,4,2,1,2,6
200600074801,0006-12-16 12:15:00,6,12,16,12,15,290,146,,,,Plein jour,Hors agglomération,Hors intersection,Pluie forte,Deux véhicules - arrière,,,,,,,,,,,1,1,1,3,2
200600074802,0006-12-20 18:00:00,6,12,20,18,0,290,272,rue jean jaurès,47.971,-3.932,Nuit avec éclairage allumé,En agglomération,Hors intersection,Normale,Deux véhicules - frontale,,,,,,,,,,,5,2,1,1,1
200600074803,0006-12-14 16:25:00,6,12,14,16,25,950,352,16 - LIEUDIT LA PISSOTTE,,,Plein jour,Hors agglomération,Hors intersection,Normale,Trois véhicules et plus - collisions multiples,,,,,,,,,,,1,1,1,1,5
200600074804,0006-12-14 20:00:00,6,12,14,20,0,950,149,,,,Nuit sans éclairage public,Hors agglomération,Hors intersection,Normale,Autre collision,,,,,,,,,,,3,1,1,1,6
200600074805,0006-12-25 19:15:00,6,12,25,19,15,330,527,44 avenue de la Cote d'a,44.637,-1.02,Nuit avec éclairage allumé,En agglomération,Hors intersection,Normale,Autre collision,,,,,,,,,,,5,2,1,1,6
200600074806,0006-12-12 02:15:00,6,12,12,2,15,330,65,,44.818,-0.526,Nuit avec éclairage allumé,Hors agglomération,Autre intersection,Normale,Deux véhicules - frontale,,,,,,,,,,,5,1,9,1,1
200600074807,0006-12-29 13:00:00,6,12,29,13,0,580,196,,47.143,3.269,Plein jour,Hors agglomération,Hors intersection,Normale,Sans collision,,,,,,,,,,,1,1,1,1,7
200600074808,0006-12-03 20:00:00,6,12,3,20,0,210,452,rue du Patis,,,Nuit sans éclairage public,En agglomération,Hors intersection,Pluie forte,Sans collision,,,,,,,,,,,3,2,1,3,7
200600074809,0006-12-03 05:30:00,6,12,3,5,30,130,40,D 6 QUARTIER LA ROQUETTE,,,Nuit sans éclairage public,Hors agglomération,Hors intersection,Pluie légère,Trois véhicules et plus - collisions multiples,,,,,,,,,,,3,1,1,2,5
200600074810,0006-12-08 11:00:00,6,12,8,11,0,130,87,,43.493,5.629,Plein jour,Hors agglomération,Hors intersection,Pluie forte,Deux véhicules - frontale,,,,,,,,,,,1,1,1,3,1
200600074811,0006-12-22 13:00:00,6,12,22,13,0,130,25,,,,Plein jour,Hors agglomération,Hors intersection,Normale,Trois véhicules et plus - en chaîne,,,,,,,,,,,1,1,1,1,4
200600074812,0006-12-08 19:40:00,6,12,8,19,40,470,195,131 / route des Ortolans,,,Nuit avec éclairage allumé,Hors agglomération,Intersection en T,Pluie légère,Deux véhicules - côté,,,,,,,,,,,5,1,3,2,3
200600074813,0006-12-03 17:30:00,6,12,3,17,30,570,38,Place du château,49.472,5.954,Crépuscule ou aube,En agglomération,Hors intersection,Pluie forte,Autre collision,,,,,,,,,,,2,2,1,3,6
200600074814,0006-12-31 00:30:00,6,12,31,0,30,570,22,,49.389,6.038,Nuit sans éclairage public,Hors agglomération,Hors intersection,Temps couvert,Deux véhicules - côté,,,,,,,,,,,3,1,1,8,3
200600074815,0006-12-31 23:45:00,6,12,31,23,45,340,163,,,,Nuit sans éclairage public,Hors agglomération,Hors intersection,Normale,Autre collision,,,,,,,,,,,3,1,1,1,6
200600074816,0006-12-05 08:10:00,6,12,5,8,10,350,51,rue des charmilles,,,Crépuscule ou aube,En agglomération,Hors intersection,Pluie légère,Autre collision,,,,,,,,,,,2,2,1,2,6
200600074817,0006-12-31 08:15:00,6,12,31,8,15,350,51,RN 157 PR 40 + 500,,,Nuit sans éclairage public,Hors agglomération,Hors intersection,Normale,Autre collision,,,,,,,,,,,3,1,1,1,6
200600074818,0006-12-04 10:15:00,6,12,4,10,15,780,9,le de sortie ALLAINVILLE,,,Plein jour,Hors agglomération,Hors intersection,Normale,Autre collision,,,,,,,,,,,1,1,1,1,6
200600074819,0006-12-07 12:37:00,6,12,7,12,37,780,537,00 - sens paris/province,,,Plein jour,Hors agglomération,Hors intersection,Pluie légère,Sans collision,,,,,,,,,,,1,1,1,2,7
200600074820,0006-12-12 06:00:00,6,12,12,6,0,910,363,un sens pro pa PK 3+200,,,Nuit sans éclairage public,Hors agglomération,Hors intersection,Brouillard / fumée,Autre collision,,,,,,,,,,,3,1,1,5,6
200600074821,0006-12-12 18:15:00,6,12,12,18,15,910,363,,48.658,2.176,Nuit sans éclairage public,Hors agglomération,Hors intersection,Normale,Deux véhicules - arrière,,,,,,,,,,,3,1,1,1,2
200600074822,0006-12-18 02:00:00,6,12,18,2,0,780,3,autoroute A11,,,Nuit sans éclairage public,Hors agglomération,Hors intersection,Normale,Deux véhicules - arrière,,,,,,,,,,,3,1,1,1,2
200600074823,0006-12-18 19:15:00,6,12,18,19,15,910,249,PK 11+950 sens PARIS/PRO,48.612,2.091,Nuit sans éclairage public,Hors agglomération,Hors intersection,Normale,Deux véhicules - arrière,,,,,,,,,,,3,1,1,1,2
200600074824,0006-12-23 19:45:00,6,12,23,19,45,510,171,RUE DU PETIT GUYENCOURT,,,Nuit avec éclairage allumé,En agglomération,Hors intersection,Temps couvert,Autre collision,,,,,,,,,,,5,2,1,8,6
200600074825,0006-12-26 16:45:00,6,12,26,16,45,510,291,,,,Crépuscule ou aube,Hors agglomération,Hors intersection,Normale,Sans collision,,,,,,,,,,,2,1,1,1,7
200600074826,0006-12-14 14:45:00,6,12,14,14,45,690,235,route du pont neuf,,,Plein jour,En agglomération,Hors intersection,Normale,Deux véhicules - arrière,,,,,,,,,,,1,2,1,1,2
200600074827,0006-12-20 12:00:00,6,12,20,12,0,290,189,rue de la poste,48.37,-4.36,Plein jour,En agglomération,Hors intersection,Normale,Autre collision,,,,,,,,,,,1,2,1,1,6
200600074828,0006-12-22 18:30:00,6,12,22,18,30,330,5,01 avenue de Taussat,44.736,-1.078,Nuit avec éclairage allumé,En agglomération,Hors intersection,Normale,Deux véhicules - frontale,,,,,,,,,,,5,2,1,1,1
200600074829,0006-12-29 21:50:00,6,12,29,21,50,600,505,Croix de Pontarmé,,,Nuit sans éclairage public,Hors agglomération,Hors intersection,Normale,Sans collision,,,,,,,,,,,3,1,1,1,7
200600074830,0006-12-19 07:15:00,6,12,19,7,15,770,339,,48.375,2.563,Nuit sans éclairage public,Hors agglomération,Hors intersection,Autre,Autre collision,,,,,,,,,,,3,1,1,9,6
200600074831,0006-12-02 13:45:00,6,12,2,13,45,800,685,"LILLE, point kilométriq",,,Plein jour,Hors agglomération,Hors intersection,Normale,Sans collision,,,,,,,,,,,1,1,1,1,7
200600074832,0006-12-09 16:45:00,6,12,9,16,45,800,2,,,,Plein jour,Hors agglomération,Hors intersection,Normale,Deux véhicules - arrière,,,,,,,,,,,1,1,1,1,2
200600074833,0006-12-17 17:15:00,6,12,17,17,15,800,33,,,,Nuit avec éclairage allumé,Hors agglomération,Autre intersection,Temps couvert,Autre collision,,,,,,,,,,,5,1,9,8,6
200600074834,0006-12-23 02:45:00,6,12,23,2,45,800,646,,,,Nuit sans éclairage public,Hors agglomération,Hors intersection,Normale,Sans collision,,,,,,,,,,,3,1,1,1,7
200600074835,0006-12-23 06:15:00,6,12,23,6,15,710,118,,,,Nuit sans éclairage public,Hors agglomération,Hors intersection,Brouillard / fumée,Deux véhicules - arrière,,,,,,,,,,,3,1,1,5,2
200600074836,0006-12-29 11:00:00,6,12,29,11,0,710,118,,,,Plein jour,Hors agglomération,Hors intersection,Brouillard / fumée,Autre collision,,,,,,,,,,,1,1,1,5,6
200600074837,0006-12-07 05:25:00,6,12,7,5,25,710,90,"RIS/LYON, P.K. 397 + 800",,,Nuit sans éclairage public,Hors agglomération,Hors intersection,Pluie légère,Autre collision,,,,,,,,,,,3,1,1,2,6
200600074838,0006-12-21 17:25:00,6,12,21,17,25,710,150,396+300 sens LYON-PARIS,,,Crépuscule ou aube,Hors agglomération,Hors intersection,Normale,Deux véhicules - côté,,,,,,,,,,,2,1,1,1,3
200600074839,0006-12-24 03:25:00,6,12,24,3,25,710,576,AUTOROUTE A.6 PK 363+100,,,Nuit sans éclairage public,Hors agglomération,Hors intersection,Autre,Trois véhicules et plus - collisions multiples,,,,,,,,,,,3,1,1,9,5
200600074840,0006-12-21 12:30:00,6,12,21,12,30,890,366,autoroute A6  PK 130+080,,,Nuit sans éclairage public,Hors agglomération,Hors intersection,Normale,Deux véhicules - arrière,,,,,,,,,,,3,1,1,1,2
200600074841,0006-12-23 21:15:00,6,12,23,21,15,890,484,"450, A6, sens PARIS/LYON",,,Nuit sans éclairage public,Hors agglomération,Hors intersection,Normale,Deux véhicules - frontale,,,,,,,,,,,3,1,1,1,1
200600074842,0006-12-21 11:15:00,6,12,21,11,15,130,118,"A7, PK 244+500",,,Plein jour,Hors agglomération,Autre intersection,Normale,Trois véhicules et plus - collisions multiples,,,,,,,,,,,1,1,9,1,5
200600074843,0006-12-26 15:45:00,6,12,26,15,45,130,103,,,,Plein jour,Hors agglomération,Hors intersection,Normale,Deux véhicules - frontale,,,,,,,,,,,1,1,1,1,1
200600074844,0006-12-26 12:30:00,6,12,26,12,30,130,103,,,,Plein jour,Hors agglomération,Hors intersection,Normale,Deux véhicules - arrière,,,,,,,,,,,1,1,1,1,2
200600074845,0006-12-11 00:01:00,6,12,11,0,1,830,67,,43.329,6.293,Nuit sans éclairage public,Hors agglomération,Hors intersection,Normale,Sans collision,,,,,,,,,,,3,1,1,1,7
200600074846,0006-12-11 08:15:00,6,12,11,8,15,830,54,,43.203,6.045,Plein jour,Hors agglomération,Hors intersection,Normale,Deux véhicules - côté,,,,,,,,,,,1,1,1,1,3
200600074847,0006-12-23 10:15:00,6,12,23,10,15,830,31,,43.402,6.346,Plein jour,Hors agglomération,Hors intersection,Normale,Deux véhicules - arrière,,,,,,,,,,,1,1,1,1,2
200600074848,0006-12-24 09:45:00,6,12,24,9,45,830,62,,43.145,6.004,Plein jour,Hors agglomération,Hors intersection,Normale,Deux véhicules - frontale,,,,,,,,,,,1,1,1,1,1
200600074849,0006-12-22 08:15:00,6,12,22,8,15,600,584,Rue Salvador ALLENDE,,,Plein jour,En agglomération,Hors intersection,Normale,Deux véhicules - frontale,,,,,,,,,,,1,2,1,1,1
200600074850,0006-12-04 06:45:00,6,12,4,6,45,760,682,,,,Nuit sans éclairage public,Hors agglomération,Hors intersection,Normale,Deux véhicules - arrière,,,,,,,,,,,3,1,1,1,2
200600074851,0006-12-03 23:45:00,6,12,3,23,45,600,100,,,,Nuit sans éclairage public,Hors agglomération,Hors intersection,Normale,Trois véhicules et plus - collisions multiples,,,,,,,,,,,3,1,1,1,5
200600074852,0006-12-09 00:30:00,6,12,9,0,30,600,424,,,,Nuit sans éclairage public,Hors agglomération,Hors intersection,Normale,Autre collision,,,,,,,,,,,3,1,1,1,6
200600074853,0006-12-14 01:55:00,6,12,14,1,55,600,558,"ns PARIS / LILLE, P.K 90",,,Nuit sans éclairage public,Hors agglomération,Hors intersection,Normale,Deux véhicules - arrière,,,,,,,,,,,3,1,1,1,2
200600074854,0006-12-16 07:30:00,6,12,16,7,30,600,24,,,,Nuit sans éclairage public,Hors agglomération,Hors intersection,Normale,Sans collision,,,,,,,,,,,3,1,1,1,7
200600074855,0006-12-23 00:15:00,6,12,23,0,15,600,558,,,,Nuit sans éclairage public,Hors agglomération,Hors intersection,Normale,Autre collision,,,,,,,,,,,3,1,1,1,6
200600074856,0006-12-13 17:10:00,6,12,13,17,10,690,77,", sens PARIS/LYON PR 404",,,Plein jour,Hors agglomération,Hors intersection,Normale,Autre collision,,,,,,,,,,,1,1,1,1,6
200600074857,0006-12-13 17:00:00,6,12,13,17,0,680,278,35 rue de l'étang,47.747,7.397,Crépuscule ou aube,En agglomération,Autre intersection,Temps couvert,Deux véhicules - frontale,,,,,,,,,,,2,2,9,8,1
200600074858,0006-12-21 17:05:00,6,12,21,17,5,680,278,01 rue de l'Ile Napoléon,,,Crépuscule ou aube,En agglomération,Intersection en X,Normale,Deux véhicules - côté,,,,,,,,,,,2,2,2,1,3
200600074859,0006-12-14 14:00:00,6,12,14,14,0,530,137,,48.073,-0.931,Plein jour,Hors agglomération,Intersection en Y,Normale,Deux véhicules - côté,,,,,,,,,,,1,1,4,1,3
200600074860,0006-12-16 19:30:00,6,12,16,19,30,530,129,,48.146,-1.028,Nuit sans éclairage public,Hors agglomération,Intersection en X,Normale,Deux véhicules - côté,,,,,,,,,,,3,1,2,1,3
200600074861,0006-12-09 05:30:00,6,12,9,5,30,310,22,Chemin de LESPINASSE,43.687,1.411,Nuit avec éclairage allumé,En agglomération,Giratoire,Normale,Sans collision,,,,,,,,,,,5,2,6,1,7
200600074862,0006-12-20 07:30:00,6,12,20,7,30,310,22,105 route de fronton,,,Crépuscule ou aube,En agglomération,Autre intersection,Autre,Autre collision,,,,,,,,,,,2,2,9,9,6
200600074863,0006-12-27 16:30:00,6,12,27,16,30,310,116,route de pechbonnieu,43.7,1.444,Plein jour,En agglomération,Hors intersection,Temps éblouissant,Deux véhicules - côté,,,,,,,,,,,1,2,1,7,3
200600074864,0006-12-30 18:15:00,6,12,30,18,15,310,22,28 avenue de fronton,43.678,1.427,Nuit avec éclairage allumé,En agglomération,Intersection en T,Normale,Deux véhicules - arrière,,,,,,,,,,,5,2,3,1,2
200600074865,0006-12-14 17:00:00,6,12,14,17,0,830,23,,,,Crépuscule ou aube,Hors agglomération,Hors intersection,Normale,Deux véhicules - arrière,,,,,,,,,,,2,1,1,1,2
200600074866,0006-12-21 10:45:00,6,12,21,10,45,300,344,autoroute A9 PK 69+100,,,Plein jour,Hors agglomération,Hors intersection,Normale,Deux véhicules - arrière,,,,,,,,,,,1,1,1,1,2
200600074867,0006-12-23 23:15:00,6,12,23,23,15,340,146,,,,Nuit sans éclairage public,Hors agglomération,Hors intersection,Normale,Autre collision,,,,,,,,,,,3,1,1,1,6
200600074868,0006-12-24 01:45:00,6,12,24,1,45,300,156,,,,Nuit sans éclairage public,Hors agglomération,Hors intersection,Normale,Trois véhicules et plus - collisions multiples,,,,,,,,,,,3,1,1,1,5
200600074869,0006-12-13 15:15:00,6,12,13,15,15,280,164,,,,Plein jour,Hors agglomération,Hors intersection,Brouillard / fumée,Deux véhicules - arrière,,,,,,,,,,,1,1,1,5,2
200600074870,0006-12-22 23:30:00,6,12,22,23,30,450,169,,,,Nuit sans éclairage public,Hors agglomération,Hors intersection,Autre,Deux véhicules - côté,,,,,,,,,,,3,1,1,9,3
200600074871,0006-12-24 10:45:00,6,12,24,10,45,450,154,,,,Plein jour,Hors agglomération,Hors intersection,Temps couvert,Autre collision,,,,,,,,,,,1,1,1,8,6
200600074872,0006-12-28 12:30:00,6,12,28,12,30,450,169,,,,Plein jour,Hors agglomération,Hors intersection,Temps couvert,Autre collision,,,,,,,,,,,1,1,1,8,6
200600074873,0006-12-01 12:15:00,6,12,1,12,15,670,194,rue du collège,,,Plein jour,En agglomération,Hors intersection,Normale,Deux véhicules - frontale,,,,,,,,,,,1,2,1,1,1
200600074874,0006-12-11 11:50:00,6,12,11,11,50,670,418,23 route de SOUFFLENHEIM,,,Plein jour,En agglomération,Hors intersection,Normale,Autre collision,,,,,,,,,,,1,2,1,1,6
200600074875,0006-12-11 11:38:00,6,12,11,11,38,730,182,0 - Sens ANNECY/CHAMBERY,,,Plein jour,Hors agglomération,Hors intersection,Normale,Deux véhicules - frontale,,,,,,,,,,,1,1,1,1,1
200600074876,0006-12-11 01:30:00,6,12,11,1,30,380,118,,45.418,5.46,Nuit sans éclairage public,Hors agglomération,Hors intersection,Normale,Deux véhicules - côté,,,,,,,,,,,3,1,1,1,3
200600074877,0006-12-14 01:03:00,6,12,14,1,3,380,368,A48,,,Nuit sans éclairage public,Hors agglomération,Hors intersection,Normale,Autre collision,,,,,,,,,,,3,1,1,1,6
200600074878,0006-12-30 23:00:00,6,12,30,23,0,140,218,,49.25,-0.012,Nuit sans éclairage public,Hors agglomération,Hors intersection,Normale,Deux véhicules - côté,,,,,,,,,,,3,1,1,1,3
200600074879,0006-12-21 21:00:00,6,12,21,21,0,280,173,,,,Nuit sans éclairage public,Hors agglomération,Hors intersection,Normale,Trois véhicules et plus - collisions multiples,,,,,,,,,,,3,1,1,1,5
200600074880,0006-12-25 23:00:00,6,12,25,23,0,410,94,07 rue du bois de Mont,,,Nuit avec éclairage allumé,En agglomération,Hors intersection,Pluie légère,Autre collision,,,,,,,,,,,5,2,1,2,6
200600074881,0006-12-28 08:15:00,6,12,28,8,15,410,31,CD.956,47.534,1.38,Plein jour,En agglomération,Hors intersection,Normale,Deux véhicules - frontale,,,,,,,,,,,1,2,1,1,1
200600074882,0006-12-08 13:30:00,6,12,8,13,30,690,27,Route de SOUCIEU,,,Plein jour,En agglomération,Hors intersection,Pluie légère,Deux véhicules - côté,,,,,,,,,,,1,2,1,2,3
200600074883,0006-12-19 14:00:00,6,12,19,14,0,290,11,,,,Plein jour,Hors agglomération,Autre intersection,Normale,Deux véhicules - côté,,,,,,,,,,,1,1,9,1,3
200600074884,0006-12-08 13:30:00,6,12,8,13,30,340,31,,,,Plein jour,Hors agglomération,Hors intersection,Pluie légère,Deux véhicules - frontale,,,,,,,,,,,1,1,1,2,1
200600074885,0006-12-22 17:30:00,6,12,22,17,30,630,352,,,,Crépuscule ou aube,Hors agglomération,Hors intersection,Normale,Deux véhicules - frontale,,,,,,,,,,,2,1,1,1,1
200600074886,0006-12-09 10:15:00,6,12,9,10,15,640,545,,43.355,-1.717,Plein jour,Hors agglomération,Hors intersection,Pluie légère,Autre collision,,,,,,,,,,,1,1,1,2,6
200600074887,0006-12-23 18:30:00,6,12,23,18,30,640,483,,43.407,-1.63,Nuit sans éclairage public,Hors agglomération,Autre intersection,Normale,Deux véhicules - arrière,,,,,,,,,,,3,1,9,1,2
200600074888,0006-12-20 05:00:00,6,12,20,5,0,550,242,,,,Nuit sans éclairage public,Hors agglomération,Hors intersection,Normale,Deux véhicules - arrière,,,,,,,,,,,3,1,1,1,2
200600074889,0006-12-23 10:15:00,6,12,23,10,15,550,242,"275+300, sens Metz/Paris",,,Plein jour,Hors agglomération,Autre intersection,Autre,Sans collision,,,,,,,,,,,1,1,9,9,7
200600074890,0006-12-14 21:45:00,6,12,14,21,45,510,44,de la commune de BEAUMO,,,Nuit sans éclairage public,Hors agglomération,Hors intersection,Normale,Sans collision,,,,,,,,,,,3,1,1,1,7
200600074891,0006-12-01 17:45:00,6,12,1,17,45,690,81,Carrefour des avenues Dr,,,Nuit avec éclairage allumé,En agglomération,Hors intersection,Normale,Autre collision,,,,,,,,,,,5,2,1,1,6
200600074892,0006-12-01 23:10:00,6,12,1,23,10,570,606,Autoroute A4,,,Nuit sans éclairage public,Hors agglomération,Hors intersection,Temps couvert,Sans collision,,,,,,,,,,,3,1,1,8,7
200600074893,0006-12-02 07:45:00,6,12,2,7,45,370,216,,,,Nuit sans éclairage public,Hors agglomération,Hors intersection,Normale,Deux véhicules - arrière,,,,,,,,,,,3,1,1,1,2
200600074894,0006-12-12 06:45:00,6,12,12,6,45,20,168,le sens M/P au PK 84+400,,,Crépuscule ou aube,Hors agglomération,Hors intersection,Autre,Trois véhicules et plus - collisions multiples,,,,,,,,,,,2,1,1,9,5
200600074895,0006-12-01 11:15:00,6,12,1,11,15,60,88,,,,Plein jour,Hors agglomération,Hors intersection,Normale,Deux véhicules - côté,,,,,,,,,,,1,1,1,1,3
200600074896,0006-12-18 07:15:00,6,12,18,7,15,60,88,,43.713,7.196,Plein jour,Hors agglomération,Hors intersection,Normale,Sans collision,,,,,,,,,,,1,1,1,1,7
200600074897,0006-12-15 21:39:00,6,12,15,21,39,680,195,A 36 PK 0,,,Nuit avec éclairage allumé,Hors agglomération,Hors intersection,Normale,Autre collision,,,,,,,,,,,5,1,1,1,6
200600074898,0006-12-17 17:50:00,6,12,17,17,50,620,73,CALAIS-REIMS PK 106+630,,,Nuit sans éclairage public,Hors agglomération,Hors intersection,Temps couvert,Deux véhicules - frontale,,,,,,,,,,,3,1,1,8,1
200600074899,0006-12-04 15:45:00,6,12,4,15,45,950,323,RUE DE MAURECOURT,,,Plein jour,En agglomération,Autre intersection,Pluie légère,Deux véhicules - frontale,,,,,,,,,,,1,2,9,2,1
200600074900,0006-12-29 19:40:00,6,12,29,19,40,950,450,RD 203,,,Nuit avec éclairage allumé,Hors agglomération,Autre intersection,Autre,Autre collision,,,,,,,,,,,5,1,9,9,6
200600074901,0006-12-08 07:25:00,6,12,8,7,25,380,39,,45.267,5.892,Crépuscule ou aube,Hors agglomération,Hors intersection,Normale,Deux véhicules - côté,,,,,,,,,,,2,1,1,1,3
200600074902,0006-12-27 02:30:00,6,12,27,2,30,860,115,,,,Nuit sans éclairage public,Hors agglomération,Hors intersection,Normale,Autre collision,,,,,,,,,,,3,1,1,1,6
200600074903,0006-12-06 14:15:00,6,12,6,14,15,130,7,,43.354,5.621,Plein jour,Hors agglomération,Hors intersection,Pluie forte,Sans collision,,,,,,,,,,,1,1,1,3,7