accident_id,datetime,annee,mois,jour,heure,minute,departement,commune_insee,adresse,latitude,longitude,luminosite,agglomeration,intersection,meteo,collision,nb_vehicules,nb_usagers,nb_indemnes,nb_tues,nb_blesses_hosp,nb_blesses_legers,age_cond_1,age_cond_2,veh_type_cond_1,veh_type_cond_2,lum_code,agg_code,int_code,atm_code,col_code
200600075036,0006-12-17 19:00:00,6,12,17,19,0,500,535,Autoroute A84 sens CAEN/,,,Nuit sans éclairage public,En agglomération,Hors intersection,Pluie légère,Trois véhicules et plus - collisions multiples,,,,,,,,,,,3,2,1,2,5
200600075037,0006-12-29 18:45:00,6,12,29,18,45,500,407,,48.622,-1.338,Nuit sans éclairage public,Hors agglomération,Hors intersection,Temps couvert,Deux véhicules - côté,,,,,,,,,,,3,1,1,8,3
200600075038,0006-12-30 19:45:00,6,12,30,19,45,500,616,"s RENNES-CAEN, PR 46+650",48.655,-1.351,Nuit sans éclairage public,Hors agglomération,Hors intersection,Normale,Autre collision,,,,,,,,,,,3,1,1,1,6
200600075039,0006-12-15 14:15:00,6,12,15,14,15,300,151,,,,Plein jour,Hors agglomération,Hors intersection,Pluie légère,Sans collision,,,,,,,,,,,1,1,1,2,7
200600075040,0006-12-16 17:00:00,6,12,16,17,0,300,282,,,,Plein jour,Hors agglomération,Hors intersection,Pluie légère,Autre collision,,,,,,,,,,,1,1,1,2,6
200600075041,0006-12-28 17:45:00,6,12,28,17,45,300,96,,,,Nuit sans éclairage public,Hors agglomération,Hors intersection,Brouillard / fumée,Deux véhicules - frontale,,,,,,,,,,,3,1,1,5,1
200600075042,0006-12-06 00:35:00,6,12,6,0,35,10,53,ALSACE LORRAINE (AVENUE,,,Nuit sans éclairage public,En agglomération,Intersection en T,Pluie légère,Sans collision,,,,,,,,,,,3,2,3,2,7
200600075043,0006-12-05 07:00:00,6,12,5,7,0,10,289,ROCADE ( LA) COTE ESTI,,,Nuit avec éclairage allumé,Hors agglomération,Hors intersection,Pluie légère,Deux véhicules - frontale,,,,,,,,,,,5,1,1,2,1
200600075044,0006-12-04 17:20:00,6,12,4,17,20,10,53,"SANS N°, ALBERT 1ER (RUE",,,Nuit avec éclairage allumé,En agglomération,Intersection en T,Normale,Trois véhicules et plus - en chaîne,,,,,,,,,,,5,2,3,1,4
200600075045,0006-12-05 16:30:00,6,12,5,16,30,10,451,BRESSE (AVENUE DE ),,,Plein jour,En agglomération,Intersection en T,Normale,Deux véhicules - côté,,,,,,,,,,,1,2,3,1,3
200600075046,0006-12-15 13:10:00,6,12,15,13,10,10,289,LYON ( AVE DE) A PARTIR,,,Plein jour,En agglomération,Intersection en X,Normale,Deux véhicules - côté,,,,,,,,,,,1,2,2,1,3
200600075047,0006-12-20 21:00:00,6,12,20,21,0,10,53,LEVRIER ( BD ANDRE) IMPA,,,Nuit avec éclairage non allumé,En agglomération,Intersection en X,Normale,Autre collision,,,,,,,,,,,4,2,2,1,6
200600075048,0006-12-13 13:30:00,6,12,13,13,30,10,14,"901, POINT B (RUE DU)",,,Plein jour,En agglomération,Hors intersection,Normale,Sans collision,,,,,,,,,,,1,2,1,1,7
200600075049,0006-12-12 18:10:00,6,12,12,18,10,10,283,FRANCE (RUE A. DU 1/5 AU,,,Crépuscule ou aube,En agglomération,Intersection en X,Pluie légère,Deux véhicules - côté,,,,,,,,,,,2,2,2,2,3
200600075050,0006-12-23 11:25:00,6,12,23,11,25,10,283,JAURES(AVENUE JEAN),,,Plein jour,En agglomération,Hors intersection,Normale,Autre collision,,,,,,,,,,,1,2,1,1,6
200600075051,0006-12-05 18:55:00,6,12,5,18,55,20,408,"10, CHRIST (RUE FERNAND)",,,Nuit avec éclairage allumé,En agglomération,Hors intersection,Pluie forte,Autre collision,,,,,,,,,,,5,2,1,3,6
200600075052,0006-12-22 15:15:00,6,12,22,15,15,20,408,"2, LINOTTE (RUE DE LA)",,,Plein jour,En agglomération,Intersection en T,Normale,Deux véhicules - côté,,,,,,,,,,,1,2,3,1,3
200600075053,0006-12-15 15:20:00,6,12,15,15,20,20,691,"0, LONGUEVILLE (PLACE)",,,Plein jour,En agglomération,Hors intersection,Normale,Autre collision,,,,,,,,,,,1,2,1,1,6
200600075054,0006-12-03 20:25:00,6,12,3,20,25,20,691,":, MARTIN (BD HENRI)",,,Nuit avec éclairage allumé,En agglomération,Hors intersection,Normale,Deux véhicules - côté,,,,,,,,,,,5,2,1,1,3
200600075055,0006-12-17 16:35:00,6,12,17,16,35,20,691,":, BUFFON (AVENUE)",,,Plein jour,En agglomération,Intersection en T,Normale,Deux véhicules - côté,,,,,,,,,,,1,2,3,1,3
200600075056,0006-12-20 09:50:00,6,12,20,9,50,20,691,"0, LONGUEVILLE (PLACE)",,,Plein jour,En agglomération,Hors intersection,Normale,Autre collision,,,,,,,,,,,1,2,1,1,6
200600075057,0006-12-04 19:15:00,6,12,4,19,15,20,722,"sans, ARQUEBUSE ( RUE DE",,,Nuit avec éclairage allumé,En agglomération,Intersection en X,Pluie légère,Deux véhicules - côté,,,,,,,,,,,5,2,2,2,3
200600075058,0006-12-07 14:15:00,6,12,7,14,15,20,243,"SANS, COTE DE LA PERRIER",,,Plein jour,Hors agglomération,Hors intersection,Pluie légère,Deux véhicules - côté,,,,,,,,,,,1,1,1,2,3
200600075059,0006-12-27 15:20:00,6,12,27,15,20,20,722,"sans, JEAN MONNET ( RUE",,,Plein jour,En agglomération,Intersection en T,Normale,Deux véhicules - côté,,,,,,,,,,,1,2,3,1,3
200600075060,0006-12-03 12:30:00,6,12,3,12,30,20,738,"01, JEAN ROSTAND (BOULEV",,,Plein jour,En agglomération,Intersection en X,Pluie forte,Deux véhicules - côté,,,,,,,,,,,1,2,2,3,3
200600075061,0006-12-23 09:30:00,6,12,23,9,30,20,738,RN 32,,,Plein jour,Hors agglomération,Hors intersection,Temps couvert,Sans collision,,,,,,,,,,,1,1,1,8,7
200600075062,0006-12-01 12:15:00,6,12,1,12,15,30,185,"sans, EINSTEIN ( RUE ALB",,,Plein jour,En agglomération,Intersection en T,Normale,Deux véhicules - côté,,,,,,,,,,,1,2,3,1,3
200600075063,0006-12-10 16:55:00,6,12,10,16,55,30,185,"162, REPUBLIQUE ( AV. DE",,,Crépuscule ou aube,En agglomération,Intersection en T,Normale,Deux véhicules - frontale,,,,,,,,,,,2,2,3,1,1
200600075064,0006-12-11 16:20:00,6,12,11,16,20,30,140,"sans, VILLEBRET (ROUTE D",,,Crépuscule ou aube,Hors agglomération,Intersection en X,Normale,Deux véhicules - côté,,,,,,,,,,,2,1,2,1,3
200600075065,0006-12-12 05:00:00,6,12,12,5,0,30,185,CHATELARD,,,Nuit sans éclairage public,Hors agglomération,Hors intersection,Pluie légère,Deux véhicules - frontale,,,,,,,,,,,3,1,1,2,1
200600075066,0006-12-12 20:10:00,6,12,12,20,10,30,185,"SANS, MERLES ( RUE DES )",,,Nuit avec éclairage allumé,En agglomération,Hors intersection,Normale,Deux véhicules - frontale,,,,,,,,,,,5,2,1,1,1
200600075067,0006-12-14 19:25:00,6,12,14,19,25,30,185,"SANS, REPUBLIQUE ( AV. D",,,Nuit avec éclairage allumé,En agglomération,Intersection en T,Normale,Deux véhicules - côté,,,,,,,,,,,5,2,3,1,3
200600075068,0006-12-22 21:40:00,6,12,22,21,40,30,101,"SANS, MAUPASSANT ( RUE G",,,Nuit sans éclairage public,En agglomération,Hors intersection,Normale,Deux véhicules - frontale,,,,,,,,,,,3,2,1,1,1
200600075069,0006-12-28 13:30:00,6,12,28,13,30,30,140,LIGNEROLLES (ROUTE DE),,,Plein jour,En agglomération,Hors intersection,Normale,Autre collision,,,,,,,,,,,1,2,1,1,6
200600075070,0006-12-28 10:50:00,6,12,28,10,50,30,185,"SANS, SAINT - PIERRE ( P",,,Plein jour,En agglomération,Intersection en X,Normale,Autre collision,,,,,,,,,,,1,2,2,1,6
200600075071,0006-12-01 10:42:00,6,12,1,10,42,30,190,"45, DOMBASLE (RUE MATHIE",,,Plein jour,En agglomération,Intersection en T,Normale,Autre collision,,,,,,,,,,,1,2,3,1,6
200600075072,0006-12-05 17:22:00,6,12,5,17,22,30,190,"6, HALLES (RUE ET PLACE)",,,Nuit avec éclairage allumé,En agglomération,Hors intersection,Normale,Deux véhicules - côté,,,,,,,,,,,5,2,1,1,3
200600075073,0006-12-04 14:42:00,6,12,4,14,42,30,190,"20, PARIS (ROUTE ET RUE)",,,Plein jour,En agglomération,Intersection en T,Pluie légère,Deux véhicules - côté,,,,,,,,,,,1,2,3,2,3
200600075074,0006-12-06 18:42:00,6,12,6,18,42,30,321,"132, LYON (ROUTE DE )",,,Nuit avec éclairage allumé,Hors agglomération,Hors intersection,Temps couvert,Deux véhicules - côté,,,,,,,,,,,5,1,1,8,3
200600075075,0006-12-16 03:50:00,6,12,16,3,50,30,13,RD 979 A,,,Nuit sans éclairage public,Hors agglomération,Hors intersection,Normale,Autre collision,,,,,,,,,,,3,1,1,1,6
200600075076,0006-12-22 18:05:00,6,12,22,18,5,30,321,RD 526,,,Nuit sans éclairage public,Hors agglomération,Hors intersection,Normale,Trois véhicules et plus - collisions multiples,,,,,,,,,,,3,1,1,1,5
200600075077,0006-12-20 11:40:00,6,12,20,11,40,30,190,"118, PARIS (ROUTE ET RUE",,,Plein jour,En agglomération,Hors intersection,Normale,Deux véhicules - arrière,,,,,,,,,,,1,2,1,1,2
200600075078,0006-12-02 09:38:00,6,12,2,9,38,30,310,"115, ETATS-UNIS (BOULEVA",,,Plein jour,En agglomération,Hors intersection,Normale,Deux véhicules - arrière,,,,,,,,,,,1,2,1,1,2
200600075079,0006-12-03 09:05:00,6,12,3,9,5,30,95,ARLOING (COURS ANNET),,,Plein jour,En agglomération,Hors intersection,Temps éblouissant,Autre collision,,,,,,,,,,,1,2,1,7,6
200600075080,0006-12-04 14:50:00,6,12,4,14,50,30,95,"0, DRAPEAU (AVENUE DU)",,,Plein jour,En agglomération,Hors intersection,Pluie légère,Autre collision,,,,,,,,,,,1,2,1,2,6
200600075081,0006-12-08 16:00:00,6,12,8,16,0,30,1,"29, VICHY (AVENUE DE)",,,Plein jour,En agglomération,Hors intersection,Normale,Deux véhicules - frontale,,,,,,,,,,,1,2,1,1,1
200600075082,0006-12-08 18:55:00,6,12,8,18,55,30,310,"0, DE GAULLE (PLACE CHAR",,,Nuit avec éclairage allumé,En agglomération,Intersection en T,Pluie légère,Deux véhicules - côté,,,,,,,,,,,5,2,3,2,3
200600075083,0006-12-10 04:15:00,6,12,10,4,15,30,94,"5, BORDES (RUE DES)",,,Nuit avec éclairage allumé,En agglomération,Hors intersection,Normale,Autre collision,,,,,,,,,,,5,2,1,1,6
200600075084,0006-12-14 11:30:00,6,12,14,11,30,30,23,"17, CHARLOING (RUE)",,,Plein jour,En agglomération,Hors intersection,Normale,Autre collision,,,,,,,,,,,1,2,1,1,6
200600075085,0006-12-15 12:00:00,6,12,15,12,0,30,94,"0, AILES (RUE DES)",,,Plein jour,En agglomération,Hors intersection,Normale,Deux véhicules - côté,,,,,,,,,,,1,2,1,1,3
200600075086,0006-12-16 12:25:00,6,12,16,12,25,30,310,"0, BARTINS (RUE DES)",,,Plein jour,En agglomération,Intersection en X,Normale,Deux véhicules - côté,,,,,,,,,,,1,2,2,1,3
200600075087,0006-12-18 07:55:00,6,12,18,7,55,30,310,GRAMONT (AVENUE DE),,,Plein jour,En agglomération,Intersection en T,Normale,Deux véhicules - côté,,,,,,,,,,,1,2,3,1,3
200600075088,0006-12-18 18:05:00,6,12,18,18,5,30,310,PONT DE BELLERIVE (Côté,,,Nuit avec éclairage allumé,En agglomération,Hors intersection,Pluie légère,Deux véhicules - arrière,,,,,,,,,,,5,2,1,2,2
200600075089,0006-12-20 18:20:00,6,12,20,18,20,30,95,CHARMEIL (ROUTE DE),,,Nuit avec éclairage allumé,En agglomération,Intersection en Y,Normale,Deux véhicules - côté,,,,,,,,,,,5,2,4,1,3
200600075090,0006-12-26 02:20:00,6,12,26,2,20,30,95,"87, GIRAUDOUX (RUE JEAN)",,,Nuit avec éclairage allumé,En agglomération,Hors intersection,Normale,Autre collision,,,,,,,,,,,5,2,1,1,6
200600075091,0006-12-16 18:00:00,6,12,16,18,0,50,23,LIBERATION (AVENUE DE LA,,,Nuit avec éclairage allumé,En agglomération,Intersection en T,Normale,Deux véhicules - côté,,,,,,,,,,,5,2,3,1,3
200600075092,0006-12-23 16:15:00,6,12,23,16,15,50,23,"28, CHAMANDRIN (route de",,,Plein jour,En agglomération,Hors intersection,Normale,Autre collision,,,,,,,,,,,1,2,1,1,6
200600075093,0006-12-09 16:08:00,6,12,9,16,8,50,61,JEAN JAURES ( AVENUE ),,,Plein jour,En agglomération,Hors intersection,Temps éblouissant,Autre collision,,,,,,,,,,,1,2,1,7,6
200600075094,0006-12-10 02:30:00,6,12,10,2,30,50,61,CD 900B,,,Nuit avec éclairage allumé,En agglomération,Hors intersection,Normale,Deux véhicules - arrière,,,,,,,,,,,5,2,1,1,2
200600075095,0006-12-13 16:15:00,6,12,13,16,15,50,61,"20, FOREST D'ENTRAIS ( R",,,Plein jour,En agglomération,Intersection en T,Normale,Deux véhicules - côté,,,,,,,,,,,1,2,3,1,3
200600075096,0006-12-22 12:10:00,6,12,22,12,10,50,61,VILLAROBERT ( RUE DE ),,,Plein jour,En agglomération,Intersection en T,Normale,Autre collision,,,,,,,,,,,1,2,3,1,6
200600075097,0006-12-01 17:10:00,6,12,1,17,10,60,4,WILSON BD,,,Crépuscule ou aube,En agglomération,Hors intersection,Normale,Autre collision,,,,,,,,,,,2,2,1,1,6
200600075098,0006-12-04 08:50:00,6,12,4,8,50,60,4,REIBAUD AV.,,,Plein jour,En agglomération,Hors intersection,Normale,Autre collision,,,,,,,,,,,1,2,1,1,6
200600075099,0006-12-04 18:20:00,6,12,4,18,20,60,4,SAINT CLAUDE CH.DE,,,Nuit avec éclairage allumé,En agglomération,Intersection en T,Normale,Deux véhicules - côté,,,,,,,,,,,5,2,3,1,3
200600075100,0006-12-05 14:18:00,6,12,5,14,18,60,4,VAUTRIN BD DU GENERAL,,,Plein jour,En agglomération,Intersection en X,Normale,Autre collision,,,,,,,,,,,1,2,2,1,6
200600075101,0006-12-05 18:33:00,6,12,5,18,33,60,4,GRASSE RTE DE,,,Nuit avec éclairage allumé,En agglomération,Hors intersection,Normale,Autre collision,,,,,,,,,,,5,2,1,1,6
200600075102,0006-12-08 16:50:00,6,12,8,16,50,60,4,POINCARE BD RAYMOND,,,Nuit avec éclairage allumé,En agglomération,Intersection en X,Pluie forte,Deux véhicules - frontale,,,,,,,,,,,5,2,2,3,1
200600075103,0006-12-10 02:05:00,6,12,10,2,5,60,4,RD6098,,,Nuit avec éclairage allumé,En agglomération,Hors intersection,Normale,Autre collision,,,,,,,,,,,5,2,1,1,6
200600075104,0006-12-11 18:20:00,6,12,11,18,20,60,4,DUGOMMIER BD,,,Nuit avec éclairage allumé,En agglomération,Intersection en X,Normale,Deux véhicules - arrière,,,,,,,,,,,5,2,2,1,2
200600075105,0006-12-13 08:25:00,6,12,13,8,25,60,4,COMBES CH.DES,,,Plein jour,En agglomération,Giratoire,Normale,Deux véhicules - côté,,,,,,,,,,,1,2,6,1,3
200600075106,0006-12-14 10:00:00,6,12,14,10,0,60,4,ONZE NOVEMBRE AV.DU,,,Plein jour,En agglomération,Intersection en X,Normale,Deux véhicules - côté,,,,,,,,,,,1,2,2,1,3
200600075107,0006-12-14 14:10:00,6,12,14,14,10,60,4,ROCHAT AV.PHILIPPE,,,Plein jour,En agglomération,Hors intersection,Normale,Deux véhicules - côté,,,,,,,,,,,1,2,1,1,3
200600075108,0006-12-15 09:00:00,6,12,15,9,0,60,4,"00, SABLES CH.ET ALLEE",,,Plein jour,En agglomération,Intersection en T,Normale,Deux véhicules - arrière,,,,,,,,,,,1,2,3,1,2
200600075109,0006-12-27 08:30:00,6,12,27,8,30,60,4,SUQUETTE CH.DE LA,,,Plein jour,En agglomération,Hors intersection,Normale,Deux véhicules - frontale,,,,,,,,,,,1,2,1,1,1
200600075110,0006-12-19 10:25:00,6,12,19,10,25,60,4,BEAUMONT AV.MRS LD,,,Plein jour,Hors agglomération,Intersection en T,Normale,Deux véhicules - frontale,,,,,,,,,,,1,1,3,1,1
200600075111,0006-12-27 09:00:00,6,12,27,9,0,60,4,"650, COMBES CH.DES",,,Plein jour,En agglomération,Hors intersection,Normale,Deux véhicules - côté,,,,,,,,,,,1,2,1,1,3
200600075112,0006-12-28 09:50:00,6,12,28,9,50,60,4,GRASSE RTE DE,,,Plein jour,En agglomération,Hors intersection,Normale,Autre collision,,,,,,,,,,,1,2,1,1,6
200600075113,0006-12-29 09:05:00,6,12,29,9,5,60,4,"1791, NICE(RN.7) AV.ET R",,,Plein jour,En agglomération,Hors intersection,Normale,Deux véhicules - arrière,,,,,,,,,,,1,2,1,1,2
200600075114,0006-12-02 10:40:00,6,12,2,10,40,60,27,JACINTHES ALLEE DES,,,Plein jour,En agglomération,Hors intersection,Normale,Autre collision,,,,,,,,,,,1,2,1,1,6
200600075115,0006-12-01 08:55:00,6,12,1,8,55,60,123,BORD DE MER RN 98,,,Plein jour,En agglomération,Intersection en T,Normale,Deux véhicules - côté,,,,,,,,,,,1,2,3,1,3
200600075116,0006-12-04 21:45:00,6,12,4,21,45,60,27,RENOIR AVENUE AUGUSTE,,,Nuit avec éclairage allumé,En agglomération,Intersection en X,Normale,Deux véhicules - côté,,,,,,,,,,,5,2,2,1,3
200600075117,0006-12-06 21:20:00,6,12,6,21,20,60,27,"3690, GAUDE AVENUE DE LA",,,Nuit avec éclairage allumé,En agglomération,Hors intersection,Pluie légère,Deux véhicules - frontale,,,,,,,,,,,5,2,1,2,1
200600075118,0006-12-07 16:45:00,6,12,7,16,45,60,27,PLAGE BOULEVARD DE LA,,,Plein jour,En agglomération,Intersection en T,Normale,Deux véhicules - côté,,,,,,,,,,,1,2,3,1,3
200600075119,0006-12-09 08:20:00,6,12,9,8,20,60,123,"1, ZOO AVENUE DU",,,Plein jour,En agglomération,Intersection en T,Normale,Autre collision,,,,,,,,,,,1,2,3,1,6
200600075120,0006-12-10 12:00:00,6,12,10,12,0,60,123,PONANT AVENUE DU,,,Plein jour,En agglomération,Hors intersection,Normale,Deux véhicules - arrière,,,,,,,,,,,1,2,1,1,2
200600075121,0006-12-12 15:20:00,6,12,12,15,20,60,27,"132, ALPES AVENUE DES",,,Plein jour,En agglomération,Hors intersection,Normale,Deux véhicules - côté,,,,,,,,,,,1,2,1,1,3
200600075122,0006-12-12 18:30:00,6,12,12,18,30,60,27,"77, VAL FLEURI CHEMIN DU",,,Nuit avec éclairage allumé,En agglomération,Hors intersection,Normale,Autre collision,,,,,,,,,,,5,2,1,1,6
200600075123,0006-12-18 19:00:00,6,12,18,19,0,60,27,"., NICE AVENUE DE (RN7)",,,Nuit avec éclairage allumé,En agglomération,Intersection en T,Normale,Deux véhicules - côté,,,,,,,,,,,5,2,3,1,3
200600075124,0006-12-19 18:15:00,6,12,19,18,15,60,27,GARE AVENUE DE LA,,,Nuit avec éclairage allumé,En agglomération,Intersection en T,Normale,Deux véhicules - côté,,,,,,,,,,,5,2,3,1,3
200600075125,0006-12-20 16:20:00,6,12,20,16,20,60,123,"., DE GAULLE GENERAL AVE",,,Plein jour,En agglomération,Intersection en T,Normale,Deux véhicules - arrière,,,,,,,,,,,1,2,3,1,2
200600075126,0006-12-22 15:00:00,6,12,22,15,0,60,123,"., SAUVAIGO PIERRE AVENU",,,Plein jour,En agglomération,Intersection en T,Normale,Deux véhicules - arrière,,,,,,,,,,,1,2,3,1,2
200600075127,0006-12-24 16:20:00,6,12,24,16,20,60,123,"., COUSTEAU JEAN YVES PR",,,Plein jour,En agglomération,Hors intersection,Normale,Deux véhicules - arrière,,,,,,,,,,,1,2,1,1,2
200600075128,0006-12-25 18:50:00,6,12,25,18,50,60,123,LECLERC GENERAL AVENUE,,,Nuit avec éclairage allumé,En agglomération,Hors intersection,Normale,Autre collision,,,,,,,,,,,5,2,1,1,6
200600075129,0006-12-26 17:30:00,6,12,26,17,30,60,123,"., BORD DE MER RN 98",,,Nuit avec éclairage allumé,En agglomération,Hors intersection,Normale,Deux véhicules - arrière,,,,,,,,,,,5,2,1,1,2
200600075130,0006-12-28 15:50:00,6,12,28,15,50,60,27,"., NICE AVENUE DE (RN7)",,,Plein jour,En agglomération,Intersection en X,Normale,Deux véhicules - arrière,,,,,,,,,,,1,2,2,1,2
200600075131,0006-12-29 17:00:00,6,12,29,17,0,60,27,"., NICE AVENUE DE (RN7)",,,Nuit avec éclairage allumé,En agglomération,Intersection en T,Normale,Deux véhicules - côté,,,,,,,,,,,5,2,3,1,3
200600075132,0006-12-30 21:00:00,6,12,30,21,0,60,27,"., NICE AVENUE DE (RN7)",,,Nuit avec éclairage allumé,En agglomération,Intersection en T,Normale,Deux véhicules - côté,,,,,,,,,,,5,2,3,1,3
200600075133,0006-12-02 12:00:00,6,12,2,12,0,60,29,DOZOL (AVENUE ANTHONY),,,Plein jour,En agglomération,Hors intersection,Normale,Deux véhicules - côté,,,,,,,,,,,1,2,1,1,3
200600075134,0006-12-02 04:26:00,6,12,2,4,26,60,29,"00, PICAUD (AVENUE DR) B",,,Nuit avec éclairage allumé,En agglomération,Intersection en T,Normale,Deux véhicules - côté,,,,,,,,,,,5,2,3,1,3
200600075135,0006-12-02 17:30:00,6,12,2,17,30,60,30,"45, SADI CARNOT (BOULEVA",,,Nuit avec éclairage allumé,En agglomération,Hors intersection,Pluie forte,Autre collision,,,,,,,,,,,5,2,1,3,6
200600075136,0006-12-01 08:20:00,6,12,1,8,20,60,29,"33, BROUSSAILLES (AVENUE",,,Plein jour,En agglomération,Hors intersection,Normale,Deux véhicules - côté,,,,,,,,,,,1,2,1,1,3
200600075137,0006-12-01 17:49:00,6,12,1,17,49,60,29,"24, CARNOT (BOULEVARD)",,,Nuit avec éclairage allumé,En agglomération,Hors intersection,Normale,Trois véhicules et plus - collisions multiples,,,,,,,,,,,5,2,1,1,5
200600075138,0006-12-04 15:47:00,6,12,4,15,47,60,29,"00, CROISETTE (BOULEVARD",,,Plein jour,En agglomération,Intersection en T,Normale,Sans collision,,,,,,,,,,,1,2,3,1,7
200600075139,0006-12-05 10:10:00,6,12,5,10,10,60,29,"2, ALEXANDRE III (BOULEV",,,Plein jour,En agglomération,Hors intersection,Normale,Sans collision,,,,,,,,,,,1,2,1,1,7
200600075140,0006-12-05 10:38:00,6,12,5,10,38,60,29,BROUSSAILLES (AVENUE DES,,,Plein jour,En agglomération,Hors intersection,Normale,Autre collision,,,,,,,,,,,1,2,1,1,6
200600075141,0006-12-06 06:29:00,6,12,6,6,29,60,29,"00, COUVERTURE VOIE FERR",,,Nuit avec éclairage allumé,En agglomération,Intersection en X,Pluie légère,Deux véhicules - côté,,,,,,,,,,,5,2,2,2,3
200600075142,0006-12-07 11:20:00,6,12,7,11,20,60,30,ROOSEVELT (AVENUE FRANKL,,,Plein jour,En agglomération,Hors intersection,Normale,Autre collision,,,,,,,,,,,1,2,1,1,6
200600075143,0006-12-07 16:30:00,6,12,7,16,30,60,29,"66, JOURDAN (AVENUE MICH",,,Plein jour,En agglomération,Hors intersection,Normale,Deux véhicules - côté,,,,,,,,,,,1,2,1,1,3
200600075144,0006-12-08 10:03:00,6,12,8,10,3,60,30,"55, ROOSEVELT (AVENUE FR",,,Plein jour,En agglomération,Hors intersection,Normale,Deux véhicules - côté,,,,,,,,,,,1,2,1,1,3
200600075145,0006-12-09 15:35:00,6,12,9,15,35,60,29,PANTIERO (PROMENADE DE L,,,Plein jour,En agglomération,Hors intersection,Normale,Sans collision,,,,,,,,,,,1,2,1,1,7
200600075146,0006-12-11 08:35:00,6,12,11,8,35,60,30,"2, COLLINES (CHEMIN DES)",,,Plein jour,En agglomération,Intersection en T,Normale,Deux véhicules - côté,,,,,,,,,,,1,2,3,1,3
200600075147,0006-12-10 18:42:00,6,12,10,18,42,60,29,MIMONT (RUE DE),,,Plein jour,En agglomération,Hors intersection,Normale,Autre collision,,,,,,,,,,,1,2,1,1,6
200600075148,0006-12-12 07:39:00,6,12,12,7,39,60,30,"00, POMPIDOU (AVENUE GEO",,,Plein jour,En agglomération,Hors intersection,Normale,Autre collision,,,,,,,,,,,1,2,1,1,6
200600075149,0006-12-13 12:00:00,6,12,13,12,0,60,29,COUBERTIN (AVENUE PIERRE,,,Plein jour,En agglomération,Intersection en T,Normale,Deux véhicules - arrière,,,,,,,,,,,1,2,3,1,2
200600075150,0006-12-14 14:40:00,6,12,14,14,40,60,30,"8, ECOLES (RUE DES)",,,Plein jour,En agglomération,Hors intersection,Normale,Deux véhicules - côté,,,,,,,,,,,1,2,1,1,3
200600075151,0006-12-14 16:30:00,6,12,14,16,30,60,29,"26, CARNOT (BOULEVARD)",,,Plein jour,En agglomération,Hors intersection,Normale,Deux véhicules - côté,,,,,,,,,,,1,2,1,1,3
200600075152,0006-12-15 23:15:00,6,12,15,23,15,60,30,MONTJOLI (AVENUE DU),,,Plein jour,En agglomération,Hors intersection,Normale,Deux véhicules - arrière,,,,,,,,,,,1,2,1,1,2
200600075153,0006-12-17 20:10:00,6,12,17,20,10,60,30,"00, COLBERT (RUE)",,,Nuit avec éclairage allumé,En agglomération,Intersection en Y,Normale,Deux véhicules - côté,,,,,,,,,,,5,2,4,1,3
200600075154,0006-12-18 15:00:00,6,12,18,15,0,60,29,CARNOT (BOULEVARD),,,Plein jour,En agglomération,Hors intersection,Normale,Deux véhicules - côté,,,,,,,,,,,1,2,1,1,3
200600075155,0006-12-18 16:47:00,6,12,18,16,47,60,29,ROUBAUD P. (PLACE),,,Nuit avec éclairage allumé,En agglomération,Hors intersection,Normale,Autre collision,,,,,,,,,,,5,2,1,1,6
200600075156,0006-12-18 19:30:00,6,12,18,19,30,60,29,"00, TONNER (AVENUE FRANC",,,Nuit avec éclairage allumé,En agglomération,Intersection en T,Normale,Deux véhicules - côté,,,,,,,,,,,5,2,3,1,3
200600075157,0006-12-21 18:55:00,6,12,21,18,55,60,29,ANCIENS COMBATTANTS D'AF,,,Nuit avec éclairage allumé,En agglomération,Intersection en T,Normale,Deux véhicules - côté,,,,,,,,,,,5,2,3,1,3
200600075158,0006-12-24 19:55:00,6,12,24,19,55,60,29,"6, CHABAUD (RUE)",,,Nuit avec éclairage allumé,En agglomération,Hors intersection,Normale,Deux véhicules - arrière,,,,,,,,,,,5,2,1,1,2
200600075159,0006-12-25 10:40:00,6,12,25,10,40,60,29,"108, TONNER (AVENUE FRAN",,,Plein jour,En agglomération,Hors intersection,Normale,Deux véhicules - frontale,,,,,,,,,,,1,2,1,1,1
200600075160,0006-12-26 13:10:00,6,12,26,13,10,60,29,"00, LECERF (RUE)",,,Plein jour,En agglomération,Intersection en X,Normale,Deux véhicules - côté,,,,,,,,,,,1,2,2,1,3
200600075161,0006-12-29 17:45:00,6,12,29,17,45,60,30,"54bis, CAMPELIERES (CHEM",,,Crépuscule ou aube,En agglomération,Hors intersection,Normale,Deux véhicules - côté,,,,,,,,,,,2,2,1,1,3
200600075162,0006-12-30 04:28:00,6,12,30,4,28,60,29,ANCIENS COMBATTANTS D'AF,,,Nuit avec éclairage allumé,En agglomération,Hors intersection,Normale,Sans collision,,,,,,,,,,,5,2,1,1,7
200600075163,0006-12-30 06:48:00,6,12,30,6,48,60,30,"00, CAMPON (RUE",,,Plein jour,En agglomération,Hors intersection,Normale,Sans collision,,,,,,,,,,,1,2,1,1,7
200600075164,0006-12-30 18:50:00,6,12,30,18,50,60,30,"974, CARIMAI (RUE)",,,Crépuscule ou aube,En agglomération,Hors intersection,Normale,Sans collision,,,,,,,,,,,2,2,1,1,7
200600075165,0006-12-31 14:35:00,6,12,31,14,35,60,29,"55, CARNOT (BOULEVARD)",,,Plein jour,En agglomération,Hors intersection,Normale,Deux véhicules - côté,,,,,,,,,,,1,2,1,1,3