accident_id,datetime,annee,mois,jour,heure,minute,departement,commune_insee,adresse,latitude,longitude,luminosite,agglomeration,intersection,meteo,collision,nb_vehicules,nb_usagers,nb_indemnes,nb_tues,nb_blesses_hosp,nb_blesses_legers,age_cond_1,age_cond_2,veh_type_cond_1,veh_type_cond_2,lum_code,agg_code,int_code,atm_code,col_code
200600075428,0006-12-15 10:25:00,6,12,15,10,25,130,55,"00, ODESSA (AVENUE)",,,Plein jour,En agglomération,Hors intersection,Normale,Deux véhicules - côté,,,,,,,,,,,1,2,1,1,3
200600075429,0006-12-21 18:01:00,6,12,21,18,1,130,55,"730, EMILE ZOLA (RUE)",,,Nuit avec éclairage allumé,En agglomération,Autre intersection,Normale,Deux véhicules - côté,,,,,,,,,,,5,2,9,1,3
200600075430,0006-12-27 20:20:00,6,12,27,20,20,130,55,"74, BARASSE",,,Nuit avec éclairage allumé,En agglomération,Hors intersection,Normale,Deux véhicules - frontale,,,,,,,,,,,5,2,1,1,1
200600075431,0006-12-31 16:50:00,6,12,31,16,50,130,55,"263, MONTOLIVET (AVENUE",,,Plein jour,En agglomération,Hors intersection,Normale,Deux véhicules - côté,,,,,,,,,,,1,2,1,1,3
200600075432,0006-12-30 11:15:00,6,12,30,11,15,130,55,"14, LÉON GAMBETTA (ALLEE",,,Plein jour,En agglomération,Intersection en T,Normale,Deux véhicules - côté,,,,,,,,,,,1,2,3,1,3
200600075433,0006-12-30 18:40:00,6,12,30,18,40,130,55,"12, DUGOMMIER (BOULEVARD",,,Crépuscule ou aube,En agglomération,Hors intersection,Normale,Trois véhicules et plus - en chaîne,,,,,,,,,,,2,2,1,1,4
200600075434,0006-12-29 19:15:00,6,12,29,19,15,130,55,"00, CORNICHE KENNEDY",,,Nuit avec éclairage allumé,En agglomération,Hors intersection,Normale,Sans collision,,,,,,,,,,,5,2,1,1,7
200600075435,0006-12-30 17:50:00,6,12,30,17,50,130,55,"117, LIEUTAUD (COURS)",,,Crépuscule ou aube,En agglomération,Hors intersection,Normale,Autre collision,,,,,,,,,,,2,2,1,1,6
200600075436,0006-12-18 19:15:00,6,12,18,19,15,130,55,"247, MICHELET (BOULEVARD",,,Nuit avec éclairage allumé,En agglomération,Hors intersection,Normale,Deux véhicules - arrière,,,,,,,,,,,5,2,1,1,2
200600075437,0006-12-27 16:15:00,6,12,27,16,15,130,55,"00, LÉON BANCAL (RUE)",,,Plein jour,En agglomération,Intersection en T,Pluie légère,Deux véhicules - côté,,,,,,,,,,,1,2,3,2,3
200600075438,0006-12-14 16:01:00,6,12,14,16,1,130,55,"00, ALBY  (RUE D')",,,Plein jour,En agglomération,Intersection en X,Normale,Deux véhicules - côté,,,,,,,,,,,1,2,2,1,3
200600075439,0006-12-12 18:00:00,6,12,12,18,0,130,55,"327, MICHELET (BOULEVARD",,,Nuit avec éclairage allumé,En agglomération,Hors intersection,Normale,Deux véhicules - côté,,,,,,,,,,,5,2,1,1,3
200600075440,0006-12-23 19:10:00,6,12,23,19,10,130,55,"00, SAINT BARNABE (AVENU",,,Nuit avec éclairage allumé,En agglomération,Hors intersection,Normale,Deux véhicules - arrière,,,,,,,,,,,5,2,1,1,2
200600075441,0006-12-18 11:50:00,6,12,18,11,50,130,55,"00, ROVE (ROUTE DU)",,,Plein jour,En agglomération,Hors intersection,Normale,Sans collision,,,,,,,,,,,1,2,1,1,7
200600075442,0006-12-22 15:01:00,6,12,22,15,1,130,55,"00, CORAIL (AVENUE DU)",,,Plein jour,En agglomération,Hors intersection,Normale,Autre collision,,,,,,,,,,,1,2,1,1,6
200600075443,0006-12-28 13:20:00,6,12,28,13,20,130,55,"00, CHARRAS (RUE)",,,Plein jour,En agglomération,Intersection en X,Normale,Deux véhicules - côté,,,,,,,,,,,1,2,2,1,3
200600075444,0006-12-23 00:10:00,6,12,23,0,10,130,55,"84, CORNICHE KENNEDY",,,Nuit avec éclairage allumé,En agglomération,Hors intersection,Normale,Autre collision,,,,,,,,,,,5,2,1,1,6
200600075445,0006-12-09 06:00:00,6,12,9,6,0,130,55,"14, FRANCOISE DUPARC (BO",,,Nuit avec éclairage allumé,En agglomération,Hors intersection,Normale,Trois véhicules et plus - en chaîne,,,,,,,,,,,5,2,1,1,4
200600075446,0006-12-21 12:00:00,6,12,21,12,0,130,55,"00, MIREILLE LAUZE (BOUL",,,Plein jour,En agglomération,Intersection en T,Normale,Deux véhicules - côté,,,,,,,,,,,1,2,3,1,3
200600075447,0006-12-28 15:20:00,6,12,28,15,20,130,55,"39, AUDIENCE (RUE DE L')",,,Plein jour,En agglomération,Hors intersection,Normale,Deux véhicules - frontale,,,,,,,,,,,1,2,1,1,1
200600075448,0006-12-16 16:20:00,6,12,16,16,20,130,2,"00, 7EME TIRAILLEURS ALG",,,Plein jour,En agglomération,Autre intersection,Pluie légère,Autre collision,,,,,,,,,,,1,2,9,2,6
200600075449,0006-12-01 07:35:00,6,12,1,7,35,130,55,"00, MARIUS THOMAS (BOULE",,,Crépuscule ou aube,En agglomération,Hors intersection,Normale,Deux véhicules - côté,,,,,,,,,,,2,2,1,1,3
200600075450,0006-12-31 09:30:00,6,12,31,9,30,130,55,"00, POILUS (AVENUE DES)",,,Plein jour,En agglomération,Hors intersection,Normale,Autre collision,,,,,,,,,,,1,2,1,1,6
200600075451,0006-12-26 11:45:00,6,12,26,11,45,130,55,"00, PAUL CLAUDEL (BOULEV",,,Plein jour,En agglomération,Hors intersection,Normale,Autre collision,,,,,,,,,,,1,2,1,1,6
200600075452,0006-12-30 03:55:00,6,12,30,3,55,130,55,"229, MENDES FRANCE (AVEN",,,Nuit avec éclairage allumé,En agglomération,Hors intersection,Normale,Sans collision,,,,,,,,,,,5,2,1,1,7
200600075453,0006-12-07 11:15:00,6,12,7,11,15,130,55,SAKAKINI (BOULEVARD),,,Plein jour,En agglomération,Hors intersection,Pluie légère,Autre collision,,,,,,,,,,,1,2,1,2,6
200600075454,0006-12-27 18:40:00,6,12,27,18,40,130,55,"24, CORSE (AVENUE DE LA)",,,Nuit avec éclairage allumé,En agglomération,Hors intersection,Normale,Sans collision,,,,,,,,,,,5,2,1,1,7
200600075455,0006-12-22 16:30:00,6,12,22,16,30,130,2,"00, 7EME TIRAILLEURS ALG",,,Plein jour,En agglomération,Hors intersection,Normale,Deux véhicules - frontale,,,,,,,,,,,1,2,1,1,1
200600075456,0006-12-01 09:00:00,6,12,1,9,0,130,55,ROMANESQUES (RUE DES),,,Plein jour,En agglomération,Intersection en X,Normale,Deux véhicules - côté,,,,,,,,,,,1,2,2,1,3
200600075457,0006-12-18 19:30:00,6,12,18,19,30,130,55,JEAN LOMBARD (AVENUE),,,Nuit avec éclairage allumé,En agglomération,Hors intersection,Normale,Autre collision,,,,,,,,,,,5,2,1,1,6
200600075458,0006-12-01 15:00:00,6,12,1,15,0,130,55,"267, SAINT PIERRE (RUE)",,,Plein jour,En agglomération,Hors intersection,Normale,Deux véhicules - côté,,,,,,,,,,,1,2,1,1,3
200600075459,0006-12-17 20:00:00,6,12,17,20,0,130,55,"40, SAINT JUST (AVENUE D",,,Crépuscule ou aube,En agglomération,Hors intersection,Normale,Deux véhicules - frontale,,,,,,,,,,,2,2,1,1,1
200600075460,0006-12-26 14:30:00,6,12,26,14,30,130,55,LÉON GAMBETTA (ALLEE),,,Plein jour,En agglomération,Intersection en T,Normale,Deux véhicules - côté,,,,,,,,,,,1,2,3,1,3
200600075461,0006-12-28 12:00:00,6,12,28,12,0,130,55,"125, VAUBAN (BOULEVARD)",,,Plein jour,En agglomération,Hors intersection,Normale,Deux véhicules - arrière,,,,,,,,,,,1,2,1,1,2
200600075462,0006-12-22 18:30:00,6,12,22,18,30,130,55,BOURRELY (CHEMIN DES),,,Crépuscule ou aube,En agglomération,Intersection en T,Normale,Deux véhicules - côté,,,,,,,,,,,2,2,3,1,3
200600075463,0006-12-22 16:30:00,6,12,22,16,30,130,55,"48, PARTY (TRAVERSE DE)",,,Plein jour,En agglomération,Hors intersection,Normale,Deux véhicules - frontale,,,,,,,,,,,1,2,1,1,1
200600075464,0006-12-30 19:45:00,6,12,30,19,45,130,55,LIBERATION (BOULEVARD),,,Nuit avec éclairage allumé,En agglomération,Intersection en Y,Normale,Deux véhicules - côté,,,,,,,,,,,5,2,4,1,3
200600075465,0006-12-26 19:30:00,6,12,26,19,30,130,55,"face 115, BELLE DE MAI (",,,Nuit avec éclairage allumé,En agglomération,Hors intersection,Normale,Sans collision,,,,,,,,,,,5,2,1,1,7
200600075466,0006-12-28 12:40:00,6,12,28,12,40,130,55,"364, SAINT ANTOINE (AVEN",,,Plein jour,En agglomération,Hors intersection,Normale,Deux véhicules - côté,,,,,,,,,,,1,2,1,1,3
200600075467,0006-12-17 04:00:00,6,12,17,4,0,130,55,ALEX. FLEMING (BOULEVARD,,,Nuit avec éclairage allumé,En agglomération,Hors intersection,Normale,Autre collision,,,,,,,,,,,5,2,1,1,6
200600075468,0006-12-28 17:50:00,6,12,28,17,50,130,55,"14, SAINT JEROME (AVENUE",,,Nuit avec éclairage allumé,En agglomération,Hors intersection,Normale,Deux véhicules - arrière,,,,,,,,,,,5,2,1,1,2
200600075469,0006-12-04 17:30:00,6,12,4,17,30,130,55,"7, JEAN BALLARD (COURS)",,,Nuit avec éclairage allumé,En agglomération,Hors intersection,Normale,Trois véhicules et plus - en chaîne,,,,,,,,,,,5,2,1,1,4
200600075470,0006-12-04 15:20:00,6,12,4,15,20,130,55,"140, BLANCARDE (BOULEVAR",,,Plein jour,En agglomération,Hors intersection,Normale,Deux véhicules - arrière,,,,,,,,,,,1,2,1,1,2
200600075471,0006-12-31 19:20:00,6,12,31,19,20,130,55,"00, BOURRELY (CHEMIN DES",,,Nuit avec éclairage allumé,En agglomération,Hors intersection,Normale,Sans collision,,,,,,,,,,,5,2,1,1,7
200600075472,0006-12-02 17:50:00,6,12,2,17,50,130,55,"00, CHARLES LIVON (BOULE",,,Nuit avec éclairage allumé,En agglomération,Hors intersection,Pluie légère,Autre collision,,,,,,,,,,,5,2,1,2,6
200600075473,0006-12-22 09:30:00,6,12,22,9,30,130,55,"109, SAINTE MARTHE (CHEM",,,Plein jour,En agglomération,Hors intersection,Normale,Deux véhicules - arrière,,,,,,,,,,,1,2,1,1,2
200600075474,0006-12-14 16:50:00,6,12,14,16,50,130,55,"00, SAINT ANTOINE (AVENU",,,Plein jour,En agglomération,Autre intersection,Normale,Autre collision,,,,,,,,,,,1,2,9,1,6
200600075475,0006-12-18 19:20:00,6,12,18,19,20,130,55,"32, SAINT PIERRE (RUE)",,,Nuit avec éclairage allumé,En agglomération,Hors intersection,Normale,Deux véhicules - côté,,,,,,,,,,,5,2,1,1,3
200600075476,0006-12-20 09:45:00,6,12,20,9,45,130,55,"120, HAITI (BOULEVARD D'",,,Plein jour,En agglomération,Hors intersection,Normale,Deux véhicules - côté,,,,,,,,,,,1,2,1,1,3
200600075477,0006-12-27 06:40:00,6,12,27,6,40,130,55,"25, LÉON GAMBETTA (ALLEE",,,Nuit avec éclairage allumé,En agglomération,Intersection en T,Normale,Deux véhicules - côté,,,,,,,,,,,5,2,3,1,3
200600075478,0006-12-12 05:45:00,6,12,12,5,45,130,55,"13, ORGUES (RUE DES)",,,Nuit avec éclairage allumé,En agglomération,Hors intersection,Normale,Deux véhicules - côté,,,,,,,,,,,5,2,1,1,3
200600075479,0006-12-17 09:30:00,6,12,17,9,30,130,55,"92, SAKAKINI (BOULEVARD)",,,Plein jour,En agglomération,Hors intersection,Normale,Deux véhicules - arrière,,,,,,,,,,,1,2,1,1,2
200600075480,0006-12-02 19:10:00,6,12,2,19,10,130,55,"352, NATIONAL (BOULEVARD",,,Nuit avec éclairage allumé,En agglomération,Hors intersection,Pluie forte,Deux véhicules - côté,,,,,,,,,,,5,2,1,3,3
200600075481,0006-12-05 07:05:00,6,12,5,7,5,130,55,"11, AMPERE (BOULEVARD)",,,Nuit avec éclairage allumé,En agglomération,Hors intersection,Normale,Deux véhicules - côté,,,,,,,,,,,5,2,1,1,3
200600075482,0006-12-30 10:35:00,6,12,30,10,35,130,55,"00, ROSE (AVENUE DE LA)",,,Plein jour,En agglomération,Intersection en X,Normale,Deux véhicules - côté,,,,,,,,,,,1,2,2,1,3
200600075483,0006-12-18 19:00:00,6,12,18,19,0,130,55,"20, LOUIS SALVATOR (BOUL",,,Nuit avec éclairage non allumé,En agglomération,Hors intersection,Normale,Deux véhicules - côté,,,,,,,,,,,4,2,1,1,3
200600075484,0006-12-06 15:15:00,6,12,6,15,15,130,55,"00, TILLEULS (BOULEVARD)",,,Plein jour,En agglomération,Hors intersection,Pluie forte,Trois véhicules et plus - en chaîne,,,,,,,,,,,1,2,1,3,4
200600075485,0006-12-28 19:40:00,6,12,28,19,40,130,55,"00, ROUX PROLON (BOULEVA",,,Nuit avec éclairage allumé,En agglomération,Hors intersection,Normale,Autre collision,,,,,,,,,,,5,2,1,1,6
200600075486,0006-12-14 13:45:00,6,12,14,13,45,130,55,"96/98, SAINT LOUIS (AVEN",,,Plein jour,En agglomération,Hors intersection,Normale,Deux véhicules - côté,,,,,,,,,,,1,2,1,1,3
200600075487,0006-12-31 01:15:00,6,12,31,1,15,130,55,"00, LIANDIER (RUE)",,,Nuit avec éclairage allumé,En agglomération,Intersection en X,Normale,Autre collision,,,,,,,,,,,5,2,2,1,6
200600075488,0006-12-04 07:45:00,6,12,4,7,45,130,55,"00, ROUCAS BLAN (CHEMIN)",,,Crépuscule ou aube,En agglomération,Intersection en X,Normale,Sans collision,,,,,,,,,,,2,2,2,1,7
200600075489,0006-12-14 15:00:00,6,12,14,15,0,130,55,"00, PRADO (AVENUE DU)",,,Plein jour,En agglomération,Hors intersection,Normale,Autre collision,,,,,,,,,,,1,2,1,1,6
200600075490,0006-12-14 14:00:00,6,12,14,14,0,130,55,"10, ATHENES (BOULEVARD D",,,Nuit avec éclairage allumé,En agglomération,Hors intersection,Normale,Deux véhicules - côté,,,,,,,,,,,5,2,1,1,3
200600075491,0006-12-05 11:00:00,6,12,5,11,0,130,55,"00, MADRAGUE VILLE (RUE)",,,Plein jour,En agglomération,Hors intersection,Normale,Deux véhicules - côté,,,,,,,,,,,1,2,1,1,3
200600075492,0006-12-07 08:00:00,6,12,7,8,0,130,55,"100, VALLON (RUE DU)",,,Plein jour,En agglomération,Hors intersection,Normale,Deux véhicules - frontale,,,,,,,,,,,1,2,1,1,1
200600075493,0006-12-09 12:45:00,6,12,9,12,45,130,55,"00, HEROS (RUE DES)",,,Plein jour,En agglomération,Intersection en X,Normale,Deux véhicules - côté,,,,,,,,,,,1,2,2,1,3
200600075494,0006-12-11 17:20:00,6,12,11,17,20,130,55,"271, CORNICHE KENNEDY",,,Crépuscule ou aube,En agglomération,Hors intersection,Normale,Deux véhicules - côté,,,,,,,,,,,2,2,1,1,3
200600075495,0006-12-20 12:15:00,6,12,20,12,15,130,55,"19, F ET R GUIDICELLI",,,Plein jour,En agglomération,Intersection en T,Normale,Deux véhicules - frontale,,,,,,,,,,,1,2,3,1,1
200600075496,0006-12-22 22:05:00,6,12,22,22,5,130,55,"44, SAINTE (RUE)",,,Nuit avec éclairage allumé,En agglomération,Intersection en T,Normale,Autre collision,,,,,,,,,,,5,2,3,1,6
200600075497,0006-12-22 23:30:00,6,12,22,23,30,130,55,"20, PRADO (AVENUE DU)",,,Nuit avec éclairage allumé,En agglomération,Hors intersection,Normale,Autre collision,,,,,,,,,,,5,2,1,1,6
200600075498,0006-12-22 12:20:00,6,12,22,12,20,130,55,"244, PRADO (AVENUE)",,,Plein jour,En agglomération,Hors intersection,Normale,Deux véhicules - arrière,,,,,,,,,,,1,2,1,1,2
200600075499,0006-12-31 14:30:00,6,12,31,14,30,130,55,"00, RIVE NEUVE (QUAI DE)",,,Plein jour,En agglomération,Hors intersection,Normale,Deux véhicules - côté,,,,,,,,,,,1,2,1,1,3
200600075500,0006-12-12 09:55:00,6,12,12,9,55,130,55,"84, SAINT JEROME (AVENUE",,,Plein jour,En agglomération,Hors intersection,Normale,Autre collision,,,,,,,,,,,1,2,1,1,6
200600075501,0006-12-11 17:50:00,6,12,11,17,50,130,2,"00, ESPRIT JULIEN (CHEMI",,,Crépuscule ou aube,En agglomération,Hors intersection,Normale,Deux véhicules - côté,,,,,,,,,,,2,2,1,1,3
200600075502,0006-12-03 15:00:00,6,12,3,15,0,130,55,"00, SAINT MENET (AVENUE",,,Plein jour,En agglomération,Giratoire,Normale,Sans collision,,,,,,,,,,,1,2,6,1,7
200600075503,0006-12-10 14:20:00,6,12,10,14,20,130,55,"00, MENDES FRANCE (AVENU",,,Plein jour,En agglomération,Hors intersection,Normale,Trois véhicules et plus - en chaîne,,,,,,,,,,,1,2,1,1,4
200600075504,0006-12-01 09:00:00,6,12,1,9,0,130,2,"00, SALVATORE ALLENDE (B",,,Plein jour,En agglomération,Hors intersection,Normale,Deux véhicules - côté,,,,,,,,,,,1,2,1,1,3
200600075505,0006-12-04 02:45:00,6,12,4,2,45,130,55,"00, NATIONAL   1 A 51 (B",,,Nuit avec éclairage allumé,En agglomération,Hors intersection,Normale,Sans collision,,,,,,,,,,,5,2,1,1,7
200600075506,0006-12-02 15:35:00,6,12,2,15,35,130,55,"174, RABATAU (BOULEVARD)",,,Plein jour,En agglomération,Hors intersection,Pluie légère,Trois véhicules et plus - collisions multiples,,,,,,,,,,,1,2,1,2,5
200600075507,0006-12-02 16:30:00,6,12,2,16,30,130,55,"00, GUSTAVE GANAY (BOULE",,,Plein jour,En agglomération,Hors intersection,Pluie légère,Autre collision,,,,,,,,,,,1,2,1,2,6
200600075508,0006-12-01 14:15:00,6,12,1,14,15,130,55,"125, COMMANDANT ROLLAND",,,Plein jour,En agglomération,Hors intersection,Pluie légère,Autre collision,,,,,,,,,,,1,2,1,2,6
200600075509,0006-12-01 00:01:00,6,12,1,0,1,130,55,"00, FRANCOIS CHARNIGNY (",,,Nuit avec éclairage allumé,En agglomération,Hors intersection,Normale,Autre collision,,,,,,,,,,,5,2,1,1,6
200600075510,0006-12-05 15:50:00,6,12,5,15,50,130,55,"00, DANIEL CASANOVA (BOU",,,Plein jour,En agglomération,Intersection en X,Normale,Autre collision,,,,,,,,,,,1,2,2,1,6
200600075511,0006-12-03 18:35:00,6,12,3,18,35,130,55,VALBARELLE (BOULEVARD DE,,,Nuit avec éclairage allumé,En agglomération,Hors intersection,Normale,Deux véhicules - frontale,,,,,,,,,,,5,2,1,1,1
200600075512,0006-12-02 22:15:00,6,12,2,22,15,130,55,", ATHENES (BOULEVARD D')",,,Nuit avec éclairage allumé,En agglomération,Intersection en T,Pluie forte,Autre collision,,,,,,,,,,,5,2,3,3,6
200600075513,0006-12-04 08:35:00,6,12,4,8,35,130,55,MARÉCHAL JUIN (BOULEVARD,,,Plein jour,En agglomération,Intersection en X,Normale,Deux véhicules - côté,,,,,,,,,,,1,2,2,1,3
200600075514,0006-12-03 15:05:00,6,12,3,15,5,130,55,LIBERATEURS (BOULEVARD),,,Plein jour,En agglomération,Intersection en T,Normale,Deux véhicules - côté,,,,,,,,,,,1,2,3,1,3
200600075515,0006-12-01 16:30:00,6,12,1,16,30,130,55,"02, GUYNEMER (AVENUE)",,,Plein jour,En agglomération,Hors intersection,Normale,Deux véhicules - frontale,,,,,,,,,,,1,2,1,1,1
200600075516,0006-12-05 14:00:00,6,12,5,14,0,130,55,JEAN MONDET (ROND POINT,,,Plein jour,En agglomération,Hors intersection,Normale,Deux véhicules - arrière,,,,,,,,,,,1,2,1,1,2
200600075517,0006-12-04 17:15:00,6,12,4,17,15,130,55,"17, AIX (RUE D')",,,Crépuscule ou aube,En agglomération,Hors intersection,Normale,Autre collision,,,,,,,,,,,2,2,1,1,6
200600075518,0006-12-08 21:40:00,6,12,8,21,40,130,55,FRANCOISE DUPARC (BOULEV,,,Nuit avec éclairage allumé,En agglomération,Hors intersection,Pluie légère,Deux véhicules - arrière,,,,,,,,,,,5,2,1,2,2
200600075519,0006-12-05 11:01:00,6,12,5,11,1,130,55,"145, RABATAU (BOULEVARD)",,,Plein jour,En agglomération,Hors intersection,Normale,Autre collision,,,,,,,,,,,1,2,1,1,6
200600075520,0006-12-04 16:45:00,6,12,4,16,45,130,55,GÉNÉRAL FERRIE (PLACE),,,Crépuscule ou aube,En agglomération,Hors intersection,Normale,Autre collision,,,,,,,,,,,2,2,1,1,6
200600075521,0006-12-01 20:40:00,6,12,1,20,40,130,55,"66, SAINTE MARTHE (CHEMI",,,Nuit avec éclairage allumé,En agglomération,Hors intersection,Normale,Sans collision,,,,,,,,,,,5,2,1,1,7
200600075522,0006-12-03 17:45:00,6,12,3,17,45,130,55,MADRAGUE VILLE (RUE),,,Nuit avec éclairage allumé,En agglomération,Hors intersection,Normale,Deux véhicules - frontale,,,,,,,,,,,5,2,1,1,1
200600075523,0006-12-07 11:30:00,6,12,7,11,30,130,55,"29, CONCORDE (BOULEVARD",,,Plein jour,En agglomération,Hors intersection,Temps couvert,Deux véhicules - côté,,,,,,,,,,,1,2,1,8,3
200600075524,0006-12-11 18:00:00,6,12,11,18,0,130,55,"27, JULES CANTINI (AVENU",,,Nuit avec éclairage allumé,En agglomération,Hors intersection,Normale,Autre collision,,,,,,,,,,,5,2,1,1,6
200600075525,0006-12-01 08:30:00,6,12,1,8,30,130,55,GOUFFONNE (TRAVERSE DE L,,,Plein jour,En agglomération,Hors intersection,Normale,Deux véhicules - frontale,,,,,,,,,,,1,2,1,1,1
200600075526,0006-12-03 01:05:00,6,12,3,1,5,130,2,"00, GENERAL MONTSABERT (",,,Nuit avec éclairage allumé,En agglomération,Hors intersection,Pluie légère,Autre collision,,,,,,,,,,,5,2,1,2,6
200600075527,0006-12-03 03:00:00,6,12,3,3,0,130,2,"00, ETIENNE CUCCA-CD908",,,Nuit avec éclairage allumé,En agglomération,Hors intersection,Pluie légère,Autre collision,,,,,,,,,,,5,2,1,2,6
200600075528,0006-12-07 07:20:00,6,12,7,7,20,130,2,"207, QUATRE SAISONS (ROU",,,Plein jour,En agglomération,Hors intersection,Normale,Sans collision,,,,,,,,,,,1,2,1,1,7
200600075529,0006-12-04 16:46:00,6,12,4,16,46,130,55,MONTREDON (AVENUE DE),,,Crépuscule ou aube,En agglomération,Hors intersection,Normale,Deux véhicules - côté,,,,,,,,,,,2,2,1,1,3
200600075530,0006-12-09 11:50:00,6,12,9,11,50,130,55,"35, KALLISTE (AVENUE DE)",,,Plein jour,En agglomération,Intersection en X,Normale,Deux véhicules - côté,,,,,,,,,,,1,2,2,1,3
200600075531,0006-12-09 07:00:00,6,12,9,7,0,130,55,MONTRE (TRAVERSE DE LA),,,Nuit avec éclairage allumé,En agglomération,Intersection en T,Autre,Autre collision,,,,,,,,,,,5,2,3,9,6
200600075532,0006-12-05 16:45:00,6,12,5,16,45,130,55,"100, CHARTREUX (AVENUE D",,,Plein jour,En agglomération,Hors intersection,Normale,Autre collision,,,,,,,,,,,1,2,1,1,6
200600075533,0006-12-05 16:40:00,6,12,5,16,40,130,55,LÉON GAMBETTA (ALLEE),,,Plein jour,En agglomération,Intersection en T,Normale,Deux véhicules - côté,,,,,,,,,,,1,2,3,1,3
200600075534,0006-12-03 00:40:00,6,12,3,0,40,130,55,ALEX. FLEMING (BOULEVARD,,,Nuit avec éclairage allumé,En agglomération,Hors intersection,Pluie légère,Deux véhicules - arrière,,,,,,,,,,,5,2,1,2,2
200600075535,0006-12-13 03:50:00,6,12,13,3,50,130,55,ROME (RUE DE),,,Nuit avec éclairage allumé,En agglomération,Intersection en X,Normale,Autre collision,,,,,,,,,,,5,2,2,1,6
200600075536,0006-12-05 10:00:00,6,12,5,10,0,130,55,TROIS MAGES (RUE DES),,,Plein jour,En agglomération,Hors intersection,Normale,Deux véhicules - côté,,,,,,,,,,,1,2,1,1,3
200600075537,0006-12-05 07:25:00,6,12,5,7,25,130,55,"63, CAPELETTE (AVENUE DE",,,Plein jour,En agglomération,Hors intersection,Normale,Deux véhicules - arrière,,,,,,,,,,,1,2,1,1,2
200600075538,0006-12-09 12:00:00,6,12,9,12,0,130,55,NEOULE (RUE),,,Plein jour,En agglomération,Hors intersection,Normale,Autre collision,,,,,,,,,,,1,2,1,1,6
200600075539,0006-12-10 18:20:00,6,12,10,18,20,130,55,"35, JOSEPH VIDAL (AVENUE",,,Nuit avec éclairage allumé,En agglomération,Hors intersection,Normale,Sans collision,,,,,,,,,,,5,2,1,1,7
200600075540,0006-12-06 07:30:00,6,12,6,7,30,130,55,KALLISTE (AVENUE DE),,,Plein jour,En agglomération,Hors intersection,Pluie légère,Sans collision,,,,,,,,,,,1,2,1,2,7
200600075541,0006-12-09 20:30:00,6,12,9,20,30,130,55,ALEXANDRE DUMAS (RUE),,,Nuit avec éclairage allumé,En agglomération,Intersection en T,Normale,Sans collision,,,,,,,,,,,5,2,3,1,7
200600075542,0006-12-09 19:00:00,6,12,9,19,0,130,55,PIERRE DOIZE  (RUE),,,Nuit avec éclairage allumé,En agglomération,Hors intersection,Normale,Sans collision,,,,,,,,,,,5,2,1,1,7
200600075543,0006-12-08 19:10:00,6,12,8,19,10,130,55,JEAN QUEILLAU (RUE),,,Nuit sans éclairage public,En agglomération,Hors intersection,Pluie légère,Deux véhicules - frontale,,,,,,,,,,,3,2,1,2,1
200600075544,0006-12-08 22:30:00,6,12,8,22,30,130,55,ANTOINE MAILLE (RUE),,,Nuit avec éclairage allumé,En agglomération,Intersection en X,Normale,Deux véhicules - côté,,,,,,,,,,,5,2,2,1,3
200600075545,0006-12-09 19:30:00,6,12,9,19,30,130,55,"33, PONT DE VIVAUX (BOUL",,,Nuit avec éclairage allumé,En agglomération,Autre intersection,Normale,Trois véhicules et plus - collisions multiples,,,,,,,,,,,5,2,9,1,5
200600075546,0006-12-14 23:40:00,6,12,14,23,40,130,55,"00, AUBAGNE (RUE D')",,,Nuit avec éclairage allumé,En agglomération,Intersection en Y,Normale,Sans collision,,,,,,,,,,,5,2,4,1,7
200600075547,0006-12-14 22:30:00,6,12,14,22,30,130,55,SAINT PIERRE (RUE),,,Nuit avec éclairage allumé,En agglomération,Autre intersection,Normale,Deux véhicules - frontale,,,,,,,,,,,5,2,9,1,1
200600075548,0006-12-08 07:55:00,6,12,8,7,55,130,55,SAINT JUST (AVENUE DE),,,Plein jour,En agglomération,Intersection en Y,Normale,Deux véhicules - côté,,,,,,,,,,,1,2,4,1,3
200600075549,0006-12-11 09:30:00,6,12,11,9,30,130,55,HENRI MAURRAS (RUE),,,Plein jour,En agglomération,Hors intersection,Normale,Deux véhicules - arrière,,,,,,,,,,,1,2,1,1,2
200600075550,0006-12-11 18:15:00,6,12,11,18,15,130,55,SAINT LOUIS (RUE),,,Nuit avec éclairage allumé,En agglomération,Hors intersection,Normale,Deux véhicules - côté,,,,,,,,,,,5,2,1,1,3
200600075551,0006-12-12 11:30:00,6,12,12,11,30,130,55,ALEX ANSALDI (RUE),,,Plein jour,En agglomération,Hors intersection,Normale,Autre collision,,,,,,,,,,,1,2,1,1,6
200600075552,0006-12-05 21:30:00,6,12,5,21,30,130,55,"417, SAINT ANTOINE (AVEN",,,Nuit avec éclairage allumé,En agglomération,Intersection en T,Normale,Deux véhicules - côté,,,,,,,,,,,5,2,3,1,3
200600075553,0006-12-01 12:15:00,6,12,1,12,15,130,55,BOURRELY (CHEMIN DES),,,Plein jour,En agglomération,Hors intersection,Normale,Deux véhicules - frontale,,,,,,,,,,,1,2,1,1,1
200600075554,0006-12-06 08:10:00,6,12,6,8,10,130,55,"185 A, ROME (RUE DE)",,,Plein jour,En agglomération,Hors intersection,Pluie forte,Deux véhicules - côté,,,,,,,,,,,1,2,1,3,3
200600075555,0006-12-11 18:05:00,6,12,11,18,5,130,55,"15, SAINT LOUIS (AVENUE",,,Nuit avec éclairage allumé,En agglomération,Hors intersection,Normale,Deux véhicules - arrière,,,,,,,,,,,5,2,1,1,2