accident_id,datetime,annee,mois,jour,heure,minute,departement,commune_insee,adresse,latitude,longitude,luminosite,agglomeration,intersection,meteo,collision,nb_vehicules,nb_usagers,nb_indemnes,nb_tues,nb_blesses_hosp,nb_blesses_legers,age_cond_1,age_cond_2,veh_type_cond_1,veh_type_cond_2,lum_code,agg_code,int_code,atm_code,col_code
200600075684,0006-12-18 12:33:00,6,12,18,12,33,130,117,ROUTE NATIONALE 113 - AG,,,Plein jour,Hors agglomération,Hors intersection,Normale,Trois véhicules et plus - collisions multiples,,,,,,,,,,,1,1,1,1,5
200600075685,0006-12-20 18:30:00,6,12,20,18,30,130,71,ROUTE NATIONALE 368 (PLA,,,Nuit sans éclairage public,En agglomération,Hors intersection,Normale,Deux véhicules - côté,,,,,,,,,,,3,2,1,1,3
200600075686,0006-12-21 07:40:00,6,12,21,7,40,130,71,ROUTE NATIONALE 368 (PLA,,,Plein jour,Hors agglomération,Hors intersection,Normale,Deux véhicules - côté,,,,,,,,,,,1,1,1,1,3
200600075687,0006-12-21 08:15:00,6,12,21,8,15,130,117,MARSEILLE ( AVENUE DE ),,,Plein jour,En agglomération,Intersection en T,Normale,Deux véhicules - côté,,,,,,,,,,,1,2,3,1,3
200600075688,0006-12-21 15:40:00,6,12,21,15,40,130,71,PLAN DE CAMPAGNE,,,Plein jour,Hors agglomération,Hors intersection,Normale,Deux véhicules - côté,,,,,,,,,,,1,1,1,1,3
200600075689,0006-12-26 12:00:00,6,12,26,12,0,130,117,CHEMIN DEPARTEMENTAL 9 (,,,Plein jour,Hors agglomération,Hors intersection,Normale,Deux véhicules - arrière,,,,,,,,,,,1,1,1,1,2
200600075690,0006-12-30 15:10:00,6,12,30,15,10,130,117,GLACIERE ( RUE DE LA ),,,Plein jour,Hors agglomération,Intersection en X,Normale,Deux véhicules - côté,,,,,,,,,,,1,1,2,1,3
200600075691,0006-12-30 15:30:00,6,12,30,15,30,130,71,"15, HUGO ( AVENUE VICTOR",,,Plein jour,En agglomération,Hors intersection,Normale,Autre collision,,,,,,,,,,,1,2,1,1,6
200600075692,0006-12-03 16:30:00,6,12,3,16,30,140,30,"25, BRUNET (RUE HENRI)",,,Plein jour,En agglomération,Intersection en X,Normale,Trois véhicules et plus - collisions multiples,,,,,,,,,,,1,2,2,1,5
200600075693,0006-12-01 12:20:00,6,12,1,12,20,140,118,"28, DELIVRANDE (RUE DE L",,,Plein jour,En agglomération,Hors intersection,Pluie légère,Deux véhicules - côté,,,,,,,,,,,1,2,1,2,3
200600075694,0006-12-07 17:25:00,6,12,7,17,25,140,118,"0, ISIGNY (RUE D')",,,Nuit avec éclairage allumé,En agglomération,Hors intersection,Normale,Deux véhicules - côté,,,,,,,,,,,5,2,1,1,3
200600075695,0006-12-09 23:35:00,6,12,9,23,35,140,437,PERIPHERIQUE SUD (BOULEV,,,Nuit avec éclairage allumé,En agglomération,Hors intersection,Pluie forte,Sans collision,,,,,,,,,,,5,2,1,3,7
200600075696,0006-12-08 22:30:00,6,12,8,22,30,140,118,POMPIDOU (BOULEVARD GEOR,,,Nuit avec éclairage allumé,En agglomération,Hors intersection,Normale,Autre collision,,,,,,,,,,,5,2,1,1,6
200600075697,0006-12-11 16:55:00,6,12,11,16,55,140,118,"94, LEBISEY (RUE DE)",,,Crépuscule ou aube,En agglomération,Hors intersection,Pluie forte,Autre collision,,,,,,,,,,,2,2,1,3,6
200600075698,0006-12-09 19:00:00,6,12,9,19,0,140,341,"389, CAEN (RUE DE)",,,Nuit avec éclairage allumé,En agglomération,Hors intersection,Pluie légère,Sans collision,,,,,,,,,,,5,2,1,2,7
200600075699,0006-12-14 18:30:00,6,12,14,18,30,140,118,"26, DUNOIS (BOULEVARD)",,,Nuit avec éclairage allumé,En agglomération,Hors intersection,Normale,Deux véhicules - arrière,,,,,,,,,,,5,2,1,1,2
200600075700,0006-12-15 18:15:00,6,12,15,18,15,140,118,"0, JUIN (BOULEVARD MAREC",,,Nuit avec éclairage allumé,En agglomération,Hors intersection,Normale,Deux véhicules - frontale,,,,,,,,,,,5,2,1,1,1
200600075701,0006-12-16 15:25:00,6,12,16,15,25,140,118,LEBRET (RUE GEORGES),,,Plein jour,En agglomération,Hors intersection,Normale,Deux véhicules - arrière,,,,,,,,,,,1,2,1,1,2
200600075702,0006-12-20 12:40:00,6,12,20,12,40,140,118,"112, LEBISEY (RUE DE)",,,Plein jour,En agglomération,Hors intersection,Normale,Autre collision,,,,,,,,,,,1,2,1,1,6
200600075703,0006-12-23 19:55:00,6,12,23,19,55,140,118,FOUCAULD (AVENUE PERE CH,,,Nuit avec éclairage allumé,En agglomération,Hors intersection,Normale,Autre collision,,,,,,,,,,,5,2,1,1,6
200600075704,0006-12-26 13:40:00,6,12,26,13,40,140,118,"0, CLOS BEAUMOIS (RUE DU",,,Plein jour,En agglomération,Hors intersection,Normale,Autre collision,,,,,,,,,,,1,2,1,1,6
200600075705,0006-12-01 09:10:00,6,12,1,9,10,140,225,", CHAMP DE FOIRE (RUE DU",,,Plein jour,En agglomération,Intersection en T,Normale,Deux véhicules - côté,,,,,,,,,,,1,2,3,1,3
200600075706,0006-12-13 16:55:00,6,12,13,16,55,140,333,CARTIER (AVENUE JACQUES),,,Plein jour,En agglomération,Intersection en T,Temps couvert,Deux véhicules - côté,,,,,,,,,,,1,2,3,8,3
200600075707,0006-12-22 11:50:00,6,12,22,11,50,140,366,"13, TOUQUES (RUE DE LA)",,,Plein jour,En agglomération,Hors intersection,Normale,Autre collision,,,,,,,,,,,1,2,1,1,6
200600075708,0006-12-06 17:10:00,6,12,6,17,10,140,220,HOCQUART DE TURTOT (AVEN,,,Nuit avec éclairage allumé,En agglomération,Intersection en X,Normale,Deux véhicules - côté,,,,,,,,,,,5,2,2,1,3
200600075709,0006-12-08 16:48:00,6,12,8,16,48,140,220,"8, DESIRE LE HOC (RUE)",,,Nuit avec éclairage allumé,En agglomération,Hors intersection,Pluie forte,Autre collision,,,,,,,,,,,5,2,1,3,6
200600075710,0006-12-19 18:53:00,6,12,19,18,53,140,220,AGUSTE-DECAENS (RUE),,,Nuit avec éclairage allumé,En agglomération,Hors intersection,Normale,Autre collision,,,,,,,,,,,5,2,1,1,6
200600075711,0006-12-24 00:55:00,6,12,24,0,55,140,701,CD 275,,,Nuit sans éclairage public,Hors agglomération,Hors intersection,Normale,Autre collision,,,,,,,,,,,3,1,1,1,6
200600075712,0006-12-20 15:55:00,6,12,20,15,55,150,14,"4, FERRY (RUE JULES)",,,Plein jour,En agglomération,Hors intersection,Normale,Autre collision,,,,,,,,,,,1,2,1,1,6
200600075713,0006-12-23 16:30:00,6,12,23,16,30,150,14,"1, LIEU- DIT VEYRAC (CD1",,,Plein jour,Hors agglomération,Hors intersection,Normale,Deux véhicules - frontale,,,,,,,,,,,1,1,1,1,1
200600075714,0006-12-04 07:55:00,6,12,4,7,55,160,15,"0, LATTRE DE TASSIGNY (A",,,Crépuscule ou aube,En agglomération,Hors intersection,Pluie légère,Autre collision,,,,,,,,,,,2,2,1,2,6
200600075715,0006-12-11 14:05:00,6,12,11,14,5,160,15,"0, AQUITAINE (BOULEVARD",,,Plein jour,En agglomération,Hors intersection,Normale,Autre collision,,,,,,,,,,,1,2,1,1,6
200600075716,0006-12-15 12:10:00,6,12,15,12,10,160,15,"25, FERRY (AVENUE JULES)",,,Plein jour,En agglomération,Hors intersection,Normale,Sans collision,,,,,,,,,,,1,2,1,1,7
200600075717,0006-12-19 07:40:00,6,12,19,7,40,160,15,"179, SAINTES (RUE DE)",,,Nuit avec éclairage allumé,En agglomération,Intersection en T,Normale,Deux véhicules - côté,,,,,,,,,,,5,2,3,1,3
200600075718,0006-12-29 08:10:00,6,12,29,8,10,160,15,"0, EUROPE (VOIE DE L')",,,Plein jour,Hors agglomération,Hors intersection,Autre,Autre collision,,,,,,,,,,,1,1,1,9,6
200600075719,0006-12-15 14:30:00,6,12,15,14,30,160,102,"1, HENNESSY (QUAIS RICHA",,,Plein jour,En agglomération,Intersection en T,Normale,Deux véhicules - frontale,,,,,,,,,,,1,2,3,1,1
200600075720,0006-12-02 16:20:00,6,12,2,16,20,170,449,"174490162, RD 124",,,Plein jour,Hors agglomération,Hors intersection,Normale,Sans collision,,,,,,,,,,,1,1,1,1,7
200600075721,0006-12-11 16:25:00,6,12,11,16,25,170,449,"174490025, PONT ROUGE AV",,,Plein jour,En agglomération,Hors intersection,Normale,Deux véhicules - arrière,,,,,,,,,,,1,2,1,1,2
200600075722,0006-12-05 09:00:00,6,12,5,9,0,170,299,"172990381, BERNADOTTE RO",,,Plein jour,En agglomération,Giratoire,Normale,Deux véhicules - côté,,,,,,,,,,,1,2,6,1,3
200600075723,0006-12-14 18:05:00,6,12,14,18,5,170,299,"172990328, ROCHAMBEAU AV",,,Crépuscule ou aube,En agglomération,Intersection en X,Normale,Sans collision,,,,,,,,,,,2,2,2,1,7
200600075724,0006-12-17 22:40:00,6,12,17,22,40,170,449,"174490034, R.D. 137 (TON",,,Nuit sans éclairage public,Hors agglomération,Intersection en X,Normale,Deux véhicules - côté,,,,,,,,,,,3,1,2,1,3
200600075725,0006-12-01 15:05:00,6,12,1,15,5,170,300,"48, CREPEAU   AVENUE MIC",,,Plein jour,En agglomération,Intersection en X,Normale,Deux véhicules - côté,,,,,,,,,,,1,2,2,1,3
200600075726,0006-12-05 09:20:00,6,12,5,9,20,170,300,"001, JERICHO   RUE DE",,,Plein jour,En agglomération,Hors intersection,Pluie légère,Deux véhicules - frontale,,,,,,,,,,,1,2,1,2,1
200600075727,0006-12-05 12:30:00,6,12,5,12,30,170,300,"1, CARENAGE   QUAI DU",,,Plein jour,En agglomération,Hors intersection,Normale,Deux véhicules - arrière,,,,,,,,,,,1,2,1,1,2
200600075728,0006-12-05 16:38:00,6,12,5,16,38,170,300,"12, ALBERT IER   RUE",,,Plein jour,En agglomération,Intersection en T,Pluie légère,Autre collision,,,,,,,,,,,1,2,3,2,6
200600075729,0006-12-05 18:00:00,6,12,5,18,0,170,300,115 PK RN137 JUSTICE ROC,,,Plein jour,Hors agglomération,Hors intersection,Pluie forte,Deux véhicules - arrière,,,,,,,,,,,1,1,1,3,2
200600075730,0006-12-05 20:22:00,6,12,5,20,22,170,300,"02, DELMAS   AVENUE MAUR",,,Nuit avec éclairage allumé,En agglomération,Intersection en X,Pluie forte,Autre collision,,,,,,,,,,,5,2,2,3,6
200600075731,0006-12-06 14:00:00,6,12,6,14,0,170,300,"3, CENT-VINGT-TROISIEME",,,Plein jour,En agglomération,Hors intersection,Pluie légère,Autre collision,,,,,,,,,,,1,2,1,2,6
200600075732,0006-12-07 17:35:00,6,12,7,17,35,170,300,"17, CORDELIERS   AVENUE",,,Crépuscule ou aube,En agglomération,Hors intersection,Normale,Autre collision,,,,,,,,,,,2,2,1,1,6
200600075733,0006-12-08 16:30:00,6,12,8,16,30,170,300,115 PK RN137 ROCHEFORT J,,,Plein jour,Hors agglomération,Hors intersection,Normale,Trois véhicules et plus - en chaîne,,,,,,,,,,,1,1,1,1,4
200600075734,0006-12-08 19:20:00,6,12,8,19,20,170,300,"42, ALBERT IER   RUE",,,Nuit avec éclairage allumé,En agglomération,Hors intersection,Pluie forte,Deux véhicules - côté,,,,,,,,,,,5,2,1,3,3
200600075735,0006-12-09 12:30:00,6,12,9,12,30,170,28,"60, SALENGRO   AVENUE RO",,,Plein jour,En agglomération,Hors intersection,Normale,Deux véhicules - arrière,,,,,,,,,,,1,2,1,1,2
200600075736,0006-12-09 16:45:00,6,12,9,16,45,170,300,JOFFRE   BOULEVARD (1/25,,,Plein jour,En agglomération,Giratoire,Normale,Deux véhicules - côté,,,,,,,,,,,1,2,6,1,3
200600075737,0006-12-10 02:10:00,6,12,10,2,10,170,300,ACRE   ESPLANADE SAINT-J,,,Nuit avec éclairage allumé,En agglomération,Hors intersection,Normale,Autre collision,,,,,,,,,,,5,2,1,1,6
200600075738,0006-12-10 20:15:00,6,12,10,20,15,170,300,COLIGNY   AVENUE,,,Nuit avec éclairage allumé,En agglomération,Hors intersection,Normale,Deux véhicules - côté,,,,,,,,,,,5,2,1,1,3
200600075739,0006-12-12 18:10:00,6,12,12,18,10,170,300,"178, GRASSET   AVENUE ED",,,Nuit avec éclairage allumé,Hors agglomération,Hors intersection,Normale,Autre collision,,,,,,,,,,,5,1,1,1,6
200600075740,0006-12-13 09:20:00,6,12,13,9,20,170,300,GUITON   AVENUE JEAN (9/,,,Plein jour,En agglomération,Hors intersection,Normale,Deux véhicules - arrière,,,,,,,,,,,1,2,1,1,2
200600075741,0006-12-13 15:55:00,6,12,13,15,55,170,291,CHARDONNERETS   RUE DES,,,Plein jour,En agglomération,Hors intersection,Normale,Deux véhicules - arrière,,,,,,,,,,,1,2,1,1,2
200600075742,0006-12-14 13:45:00,6,12,14,13,45,170,300,"07, LAUBAT   RUE CHASSEL",,,Plein jour,En agglomération,Hors intersection,Normale,Autre collision,,,,,,,,,,,1,2,1,1,6
200600075743,0006-12-14 14:48:00,6,12,14,14,48,170,291,D 263,,,Plein jour,Hors agglomération,Hors intersection,Normale,Deux véhicules - arrière,,,,,,,,,,,1,1,1,1,2
200600075744,0006-12-14 16:30:00,6,12,14,16,30,170,300,CORSAIRES   AVENUE DES (,,,Plein jour,En agglomération,Hors intersection,Normale,Deux véhicules - frontale,,,,,,,,,,,1,2,1,1,1
200600075745,0006-12-14 20:05:00,6,12,14,20,5,170,274,ROMPSAY  RUE DE,,,Nuit avec éclairage allumé,En agglomération,Hors intersection,Normale,Autre collision,,,,,,,,,,,5,2,1,1,6
200600075746,0006-12-15 14:25:00,6,12,15,14,25,170,200,HUIT MAI 1945   AVENUE D,,,Plein jour,En agglomération,Hors intersection,Normale,Trois véhicules et plus - en chaîne,,,,,,,,,,,1,2,1,1,4
200600075747,0006-12-16 10:25:00,6,12,16,10,25,170,300,REMPART   CHEMIN DU,,,Plein jour,En agglomération,Hors intersection,Normale,Autre collision,,,,,,,,,,,1,2,1,1,6
200600075748,0006-12-17 17:12:00,6,12,17,17,12,170,300,MOULIN   AVENUE JEAN,,,Plein jour,En agglomération,Hors intersection,Normale,Deux véhicules - frontale,,,,,,,,,,,1,2,1,1,1
200600075749,0006-12-18 13:20:00,6,12,18,13,20,170,28,"46, FERRY   RUE JULES",,,Plein jour,En agglomération,Hors intersection,Normale,Deux véhicules - arrière,,,,,,,,,,,1,2,1,1,2
200600075750,0006-12-19 20:00:00,6,12,19,20,0,170,300,"face 6bis, SAINT-ELOI",,,Nuit avec éclairage allumé,En agglomération,Hors intersection,Normale,Autre collision,,,,,,,,,,,5,2,1,1,6
200600075751,0006-12-22 10:00:00,6,12,22,10,0,170,300,CORSAIRES   AVENUE DES (,,,Plein jour,En agglomération,Hors intersection,Normale,Sans collision,,,,,,,,,,,1,2,1,1,7
200600075752,0006-12-24 12:05:00,6,12,24,12,5,170,200,"001, NOUVEAU   RUE DU FI",,,Plein jour,En agglomération,Intersection en X,Normale,Deux véhicules - côté,,,,,,,,,,,1,2,2,1,3
200600075753,0006-12-25 17:00:00,6,12,25,17,0,170,300,"3, AMELOT   RUE",,,Plein jour,En agglomération,Hors intersection,Normale,Deux véhicules - arrière,,,,,,,,,,,1,2,1,1,2
200600075754,0006-12-26 20:15:00,6,12,26,20,15,170,300,"06, GAMBETTA   AVENUE",,,Nuit avec éclairage allumé,En agglomération,Hors intersection,Normale,Autre collision,,,,,,,,,,,5,2,1,1,6
200600075755,0006-12-29 00:25:00,6,12,29,0,25,170,300,VALIN   QUAI,,,Nuit avec éclairage allumé,En agglomération,Hors intersection,Normale,Autre collision,,,,,,,,,,,5,2,1,1,6
200600075756,0006-12-31 23:35:00,6,12,31,23,35,170,300,"44, GARGOULLEAU   RUE",,,Nuit avec éclairage allumé,En agglomération,Hors intersection,Normale,Sans collision,,,,,,,,,,,5,2,1,1,7
200600075757,0006-12-09 18:50:00,6,12,9,18,50,170,28,D 939,,,Nuit sans éclairage public,Hors agglomération,Hors intersection,Normale,Autre collision,,,,,,,,,,,3,1,1,1,6
200600075758,0006-12-05 19:34:00,6,12,5,19,34,170,306,"20, HEDDE (AVENUE DANIEL",,,Nuit avec éclairage allumé,En agglomération,Hors intersection,Pluie légère,Autre collision,,,,,,,,,,,5,2,1,2,6
200600075759,0006-12-13 21:30:00,6,12,13,21,30,170,306,CLEMENCEAU  GEORGES (BD),,,Nuit avec éclairage allumé,En agglomération,Hors intersection,Normale,Deux véhicules - côté,,,,,,,,,,,5,2,1,1,3
200600075760,0006-12-04 16:15:00,6,12,4,16,15,170,415,CHERMIGNAC RUE DE,,,Plein jour,Hors agglomération,Hors intersection,Pluie légère,Autre collision,,,,,,,,,,,1,1,1,2,6
200600075761,0006-12-08 18:20:00,6,12,8,18,20,170,415,"1, SAINT SORLIN RUE DE",,,Nuit avec éclairage allumé,En agglomération,Intersection en T,Pluie forte,Autre collision,,,,,,,,,,,5,2,3,3,6
200600075762,0006-12-09 15:35:00,6,12,9,15,35,170,415,"39, LECLERC COURS DU MAR",,,Plein jour,En agglomération,Intersection en T,Normale,Deux véhicules - côté,,,,,,,,,,,1,2,3,1,3
200600075763,0006-12-20 16:35:00,6,12,20,16,35,170,415,CHAMP DE TIR RUE DU,,,Plein jour,En agglomération,Hors intersection,Normale,Autre collision,,,,,,,,,,,1,2,1,1,6
200600075764,0006-12-21 09:40:00,6,12,21,9,40,170,415,"43, PORT D'ENVAUX ROUTE",,,Plein jour,Hors agglomération,Hors intersection,Autre,Deux véhicules - frontale,,,,,,,,,,,1,1,1,9,1
200600075765,0006-12-29 20:00:00,6,12,29,20,0,170,415,"15, ABATTOIR RUE DE L'",,,Nuit avec éclairage allumé,En agglomération,Hors intersection,Normale,Autre collision,,,,,,,,,,,5,2,1,1,6
200600075766,0006-12-31 19:15:00,6,12,31,19,15,170,415,ROCHES QUAI DES,,,Nuit avec éclairage allumé,En agglomération,Hors intersection,Pluie forte,Deux véhicules - frontale,,,,,,,,,,,5,2,1,3,1
200600075767,0006-12-09 18:20:00,6,12,9,18,20,180,33,"SANS, PRADO (RUE DU)",,,Crépuscule ou aube,En agglomération,Hors intersection,Pluie légère,Autre collision,,,,,,,,,,,2,2,1,2,6
200600075768,0006-12-02 11:06:00,6,12,2,11,6,180,33,"3, MEAULNES (RUE DU GRAN",,,Plein jour,En agglomération,Hors intersection,Normale,Autre collision,,,,,,,,,,,1,2,1,1,6
200600075769,0006-12-05 11:27:00,6,12,5,11,27,180,33,"sans, LATTRE DE TASSIGNY",,,Plein jour,En agglomération,Intersection en X,Normale,Deux véhicules - côté,,,,,,,,,,,1,2,2,1,3
200600075770,0006-12-07 13:30:00,6,12,7,13,30,180,33,"10, CLEMENCEAU (BOULEVAR",,,Plein jour,En agglomération,Hors intersection,Pluie forte,Autre collision,,,,,,,,,,,1,2,1,3,6
200600075771,0006-12-09 18:28:00,6,12,9,18,28,180,213,"SANS, CHARITE (ROUTE DE",,,Nuit avec éclairage allumé,En agglomération,Hors intersection,Temps couvert,Trois véhicules et plus - en chaîne,,,,,,,,,,,5,2,1,8,4
200600075772,0006-12-18 19:40:00,6,12,18,19,40,180,33,LOUIS XI (AVENUE),,,Nuit avec éclairage allumé,En agglomération,Hors intersection,Normale,Autre collision,,,,,,,,,,,5,2,1,1,6
200600075773,0006-12-19 16:45:00,6,12,19,16,45,180,33,"sans, COILLARD (RUE FRAN",,,Plein jour,En agglomération,Intersection en X,Normale,Autre collision,,,,,,,,,,,1,2,2,1,6
200600075774,0006-12-24 17:25:00,6,12,24,17,25,180,33,TOURAINE (RUE DE),,,Nuit avec éclairage non allumé,En agglomération,Intersection en X,Normale,Deux véhicules - côté,,,,,,,,,,,4,2,2,1,3
200600075775,0006-12-22 15:30:00,6,12,22,15,30,180,33,JURANVILLE (BOULEVARD DE,,,Plein jour,En agglomération,Intersection en X,Normale,Autre collision,,,,,,,,,,,1,2,2,1,6
200600075776,0006-12-13 10:40:00,6,12,13,10,40,180,279,MOUTON (RUE DU ),,,Plein jour,En agglomération,Intersection en X,Normale,Deux véhicules - côté,,,,,,,,,,,1,2,2,1,3
200600075777,0006-12-18 18:25:00,6,12,18,18,25,180,279,"47, PERRIN ( RUE MARCEL",,,Nuit avec éclairage allumé,En agglomération,Hors intersection,Normale,Sans collision,,,,,,,,,,,5,2,1,1,7
200600075778,0006-12-22 12:15:00,6,12,22,12,15,180,279,ABATTOIR (RUE DE L'),,,Plein jour,En agglomération,Hors intersection,Normale,Autre collision,,,,,,,,,,,1,2,1,1,6
200600075779,0006-12-31 19:30:00,6,12,31,19,30,180,279,DOLET (RUE ETIENNE),,,Nuit avec éclairage allumé,En agglomération,Hors intersection,Pluie légère,Deux véhicules - arrière,,,,,,,,,,,5,2,1,2,2
200600075780,0006-12-01 08:40:00,6,12,1,8,40,190,31,MICHELET (AVENUE EDMOND),,,Plein jour,En agglomération,Hors intersection,Normale,Autre collision,,,,,,,,,,,1,2,1,1,6
200600075781,0006-12-02 20:50:00,6,12,2,20,50,190,31,"109, ALSACE LORRAINE (AV",,,Nuit avec éclairage allumé,En agglomération,Hors intersection,Normale,Deux véhicules - côté,,,,,,,,,,,5,2,1,1,3
200600075782,0006-12-04 13:50:00,6,12,4,13,50,190,31,"31, ALSACE LORRAINE (AVE",,,Plein jour,En agglomération,Intersection en T,Pluie légère,Deux véhicules - côté,,,,,,,,,,,1,2,3,2,3
200600075783,0006-12-05 10:10:00,6,12,5,10,10,190,31,"4, ALSACE LORRAINE (AVEN",,,Plein jour,En agglomération,Hors intersection,Normale,Deux véhicules - arrière,,,,,,,,,,,1,2,1,1,2
200600075784,0006-12-07 18:30:00,6,12,7,18,30,190,31,"8, VERLHAC (BOULEVARD DO",,,Nuit avec éclairage allumé,En agglomération,Hors intersection,Pluie forte,Autre collision,,,,,,,,,,,5,2,1,3,6
200600075785,0006-12-30 14:30:00,6,12,30,14,30,190,31,"0, QUATORZE JUILLET (PLA",,,Plein jour,En agglomération,Hors intersection,Normale,Autre collision,,,,,,,,,,,1,2,1,1,6
200600075786,0006-12-02 16:50:00,6,12,2,16,50,190,272,MONTEIL (COTE),,,Plein jour,En agglomération,Hors intersection,Normale,Sans collision,,,,,,,,,,,1,2,1,1,7
200600075787,0006-12-13 13:20:00,6,12,13,13,20,190,272,"1, GABRIEL PERI (QUAI)",,,Plein jour,En agglomération,Hors intersection,Normale,Autre collision,,,,,,,,,,,1,2,1,1,6
200600075788,0006-12-14 18:55:00,6,12,14,18,55,190,272,RD7,,,Nuit sans éclairage public,Hors agglomération,Hors intersection,Autre,Autre collision,,,,,,,,,,,3,1,1,9,6
200600075789,0006-12-23 11:30:00,6,12,23,11,30,190,275,R.N. 89 NORD,,,Plein jour,En agglomération,Intersection en T,Normale,Deux véhicules - arrière,,,,,,,,,,,1,2,3,1,2
200600075790,0006-12-21 20:02:00,6,12,21,20,2,210,54,BATAILLON DE LA GARDE (A,,,Nuit avec éclairage allumé,En agglomération,Hors intersection,Normale,Autre collision,,,,,,,,,,,5,2,1,1,6
200600075791,0006-12-04 16:30:00,6,12,4,16,30,210,231,"82, DRAPEAU (DU) (AVENUE",,,Crépuscule ou aube,En agglomération,Hors intersection,Pluie légère,Trois véhicules et plus - en chaîne,,,,,,,,,,,2,2,1,2,4
200600075792,0006-12-04 11:42:00,6,12,4,11,42,210,231,MARTYRS DE LA RESISTANCE,,,Plein jour,En agglomération,Intersection en X,Pluie légère,Deux véhicules - côté,,,,,,,,,,,1,2,2,2,3
200600075793,0006-12-06 14:05:00,6,12,6,14,5,210,231,CONCORDE  DE LA (AVENUE),,,Plein jour,En agglomération,Hors intersection,Normale,Autre collision,,,,,,,,,,,1,2,1,1,6
200600075794,0006-12-06 18:10:00,6,12,6,18,10,210,355,NEW HOLLAND (DE) (RUE),,,Nuit avec éclairage allumé,En agglomération,Intersection en T,Normale,Autre collision,,,,,,,,,,,5,2,3,1,6
200600075795,0006-12-07 10:35:00,6,12,7,10,35,210,617,"42, LIBERATION (DE LA) (",,,Plein jour,En agglomération,Hors intersection,Normale,Autre collision,,,,,,,,,,,1,2,1,1,6
200600075796,0006-12-07 17:33:00,6,12,7,17,33,210,231,"33, MARTYRS DE LA RESIST",,,Nuit avec éclairage allumé,En agglomération,Hors intersection,Temps couvert,Deux véhicules - côté,,,,,,,,,,,5,2,1,8,3
200600075797,0006-12-07 17:55:00,6,12,7,17,55,210,355,"65, DIJON (DE) (ROUTE)",,,Nuit avec éclairage allumé,En agglomération,Hors intersection,Pluie légère,Deux véhicules - arrière,,,,,,,,,,,5,2,1,2,2
200600075798,0006-12-08 06:45:00,6,12,8,6,45,210,231,PERRIERES (DES) (RUE),,,Nuit avec éclairage allumé,En agglomération,Intersection en T,Pluie légère,Deux véhicules - côté,,,,,,,,,,,5,2,3,2,3
200600075799,0006-12-08 16:55:00,6,12,8,16,55,210,390,CD 122A (Chemin Départem,,,Crépuscule ou aube,Hors agglomération,Hors intersection,Pluie légère,Deux véhicules - arrière,,,,,,,,,,,2,1,1,2,2
200600075800,0006-12-09 20:17:00,6,12,9,20,17,210,231,"2, DOCTEUR PETITJEAN (BO",,,Nuit avec éclairage allumé,En agglomération,Intersection en X,Normale,Deux véhicules - côté,,,,,,,,,,,5,2,2,1,3
200600075801,0006-12-10 17:40:00,6,12,10,17,40,210,231,"51, STALINGRAD (DE) (AVE",,,Nuit avec éclairage allumé,En agglomération,Intersection en T,Normale,Deux véhicules - côté,,,,,,,,,,,5,2,3,1,3
200600075802,0006-12-12 07:44:00,6,12,12,7,44,210,231,"18, DAVOUT (RUE)",,,Crépuscule ou aube,En agglomération,Hors intersection,Temps couvert,Deux véhicules - côté,,,,,,,,,,,2,2,1,8,3
200600075803,0006-12-13 12:30:00,6,12,13,12,30,210,231,GUSTAVE EIFFEL (AVENUE),,,Plein jour,En agglomération,Intersection en T,Normale,Autre collision,,,,,,,,,,,1,2,3,1,6
200600075804,0006-12-13 07:40:00,6,12,13,7,40,210,231,"17, CONCORDE  DE LA (AVE",,,Crépuscule ou aube,En agglomération,Hors intersection,Temps couvert,Deux véhicules - côté,,,,,,,,,,,2,2,1,8,3
200600075805,0006-12-13 13:30:00,6,12,13,13,30,210,231,"2, GABRIEL (BOULEVARD)",,,Plein jour,En agglomération,Hors intersection,Temps éblouissant,Deux véhicules - arrière,,,,,,,,,,,1,2,1,7,2
200600075806,0006-12-13 22:25:00,6,12,13,22,25,210,231,ROBERT SCHUMANN (BOULEVA,,,Nuit avec éclairage allumé,En agglomération,Intersection en X,Normale,Deux véhicules - côté,,,,,,,,,,,5,2,2,1,3
200600075807,0006-12-14 07:55:00,6,12,14,7,55,210,231,JOLIET (ANTOINE) (RUE),,,Plein jour,En agglomération,Intersection en T,Brouillard / fumée,Deux véhicules - côté,,,,,,,,,,,1,2,3,5,3
200600075808,0006-12-15 13:15:00,6,12,15,13,15,210,231,PONT DES TANNERIES (DU),,,Plein jour,En agglomération,Place,Temps couvert,Deux véhicules - côté,,,,,,,,,,,1,2,7,8,3
200600075809,0006-12-15 21:10:00,6,12,15,21,10,210,231,"14, NODOT (RUE)",,,Nuit avec éclairage allumé,En agglomération,Hors intersection,Brouillard / fumée,Autre collision,,,,,,,,,,,5,2,1,5,6
200600075810,0006-12-17 00:45:00,6,12,17,0,45,210,231,DARCY (PLACE),,,Nuit avec éclairage allumé,En agglomération,Place,Pluie légère,Autre collision,,,,,,,,,,,5,2,7,2,6
200600075811,0006-12-15 12:10:00,6,12,15,12,10,210,231,"69, JEAN JAURES (AVENUE)",,,Plein jour,En agglomération,Hors intersection,Normale,Deux véhicules - côté,,,,,,,,,,,1,2,1,1,3
200600075812,0006-12-18 12:06:00,6,12,18,12,6,210,231,"16, TRANSVAAL (DU) (RUE)",,,Plein jour,En agglomération,Hors intersection,Normale,Autre collision,,,,,,,,,,,1,2,1,1,6