accident_id,datetime,annee,mois,jour,heure,minute,departement,commune_insee,adresse,latitude,longitude,luminosite,agglomeration,intersection,meteo,collision,nb_vehicules,nb_usagers,nb_indemnes,nb_tues,nb_blesses_hosp,nb_blesses_legers,age_cond_1,age_cond_2,veh_type_cond_1,veh_type_cond_2,lum_code,agg_code,int_code,atm_code,col_code
200600076196,0006-12-28 15:20:00,6,12,28,15,20,330,522,PCH D'ARS,,,Plein jour,En agglomération,Intersection en T,Normale,Deux véhicules - côté,,,,,,,,,,,1,2,3,1,3
200600076197,0006-12-02 00:15:00,6,12,2,0,15,330,63,CRS ARISTIDE BRIAND,,,Nuit avec éclairage allumé,En agglomération,Hors intersection,Normale,Deux véhicules - frontale,,,,,,,,,,,5,2,1,1,1
200600076198,0006-12-03 16:30:00,6,12,3,16,30,330,63,BD ALBERT 1ER,,,Plein jour,En agglomération,Hors intersection,Pluie légère,Deux véhicules - arrière,,,,,,,,,,,1,2,1,2,2
200600076199,0006-12-02 00:30:00,6,12,2,0,30,330,63,PCE DE L'EGLISE SAINT AU,,,Nuit avec éclairage allumé,En agglomération,Place,Normale,Deux véhicules - arrière,,,,,,,,,,,5,2,7,1,2
200600076200,0006-12-01 14:13:00,6,12,1,14,13,330,63,CRS D'ALBRET,,,Plein jour,En agglomération,Intersection en X,Normale,Deux véhicules - frontale,,,,,,,,,,,1,2,2,1,1
200600076201,0006-12-04 13:05:00,6,12,4,13,5,330,63,RUE DES TERRES DE BORDE,,,Plein jour,En agglomération,Giratoire,Pluie légère,Deux véhicules - arrière,,,,,,,,,,,1,2,6,2,2
200600076202,0006-12-04 08:30:00,6,12,4,8,30,330,63,AVE CHARLES DE GAULLE CA,,,Crépuscule ou aube,En agglomération,Intersection en T,Pluie légère,Deux véhicules - frontale,,,,,,,,,,,2,2,3,2,1
200600076203,0006-12-04 07:50:00,6,12,4,7,50,330,63,CRS DE L'YSER,,,Plein jour,En agglomération,Intersection en X,Pluie légère,Deux véhicules - côté,,,,,,,,,,,1,2,2,2,3
200600076204,0006-12-04 13:10:00,6,12,4,13,10,330,63,"27, CRS DU MEDOC",,,Plein jour,En agglomération,Intersection en X,Pluie légère,Deux véhicules - côté,,,,,,,,,,,1,2,2,2,3
200600076205,0006-12-05 08:10:00,6,12,5,8,10,330,63,RUE LEO SAIGNAT,,,Crépuscule ou aube,En agglomération,Intersection en T,Normale,Deux véhicules - côté,,,,,,,,,,,2,2,3,1,3
200600076206,0006-12-05 06:45:00,6,12,5,6,45,330,63,"141, RUE MALBEC",,,Nuit avec éclairage allumé,En agglomération,Hors intersection,Pluie légère,Autre collision,,,,,,,,,,,5,2,1,2,6
200600076207,0006-12-05 09:00:00,6,12,5,9,0,330,63,"151, CRS DU MEDOC",,,Plein jour,En agglomération,Hors intersection,Normale,Autre collision,,,,,,,,,,,1,2,1,1,6
200600076208,0006-12-05 09:30:00,6,12,5,9,30,330,63,"193, RUE GEORGES BONNAC",,,Plein jour,En agglomération,Hors intersection,Normale,Autre collision,,,,,,,,,,,1,2,1,1,6
200600076209,0006-12-05 09:31:00,6,12,5,9,31,330,63,RUE DU TEMPLE,,,Plein jour,En agglomération,Intersection en X,Normale,Deux véhicules - côté,,,,,,,,,,,1,2,2,1,3
200600076210,0006-12-05 16:40:00,6,12,5,16,40,330,63,RUE DE LA BECHADE,,,Plein jour,En agglomération,Intersection en T,Normale,Autre collision,,,,,,,,,,,1,2,3,1,6
200600076211,0006-12-06 16:45:00,6,12,6,16,45,330,63,RUE GEORGES BAZIADOLY CA,,,Plein jour,En agglomération,Intersection en X,Pluie légère,Deux véhicules - côté,,,,,,,,,,,1,2,2,2,3
200600076212,0006-12-06 14:00:00,6,12,6,14,0,330,63,"55, AVE BEL AIR CAUD",,,Plein jour,En agglomération,Hors intersection,Normale,Deux véhicules - arrière,,,,,,,,,,,1,2,1,1,2
200600076213,0006-12-02 14:15:00,6,12,2,14,15,330,522,RUE PAUL VERLAINE,,,Plein jour,En agglomération,Intersection en T,Normale,Deux véhicules - arrière,,,,,,,,,,,1,2,3,1,2
200600076214,0006-12-01 20:40:00,6,12,1,20,40,330,522,CRS DE LA LIBERATION,,,Nuit sans éclairage public,En agglomération,Intersection en X,Normale,Deux véhicules - côté,,,,,,,,,,,3,2,2,1,3
200600076215,0006-12-02 08:00:00,6,12,2,8,0,330,318,AVE DE SAIGE,,,Plein jour,En agglomération,Intersection en X,Normale,Deux véhicules - côté,,,,,,,,,,,1,2,2,1,3
200600076216,0006-12-07 13:00:00,6,12,7,13,0,330,39,"95, QUAI DU PRESIDENT WI",,,Plein jour,En agglomération,Hors intersection,Pluie légère,Autre collision,,,,,,,,,,,1,2,1,2,6
200600076217,0006-12-07 17:10:00,6,12,7,17,10,330,63,RUE MATHIEU,,,Crépuscule ou aube,En agglomération,Intersection en X,Normale,Deux véhicules - côté,,,,,,,,,,,2,2,2,1,3
200600076218,0006-12-07 17:40:00,6,12,7,17,40,330,63,BD ALFRED DANEY,,,Nuit avec éclairage allumé,En agglomération,Intersection en T,Pluie légère,Deux véhicules - côté,,,,,,,,,,,5,2,3,2,3
200600076219,0006-12-07 18:40:00,6,12,7,18,40,330,63,"374, AVE MAL DE LATTRE T",,,Nuit avec éclairage allumé,En agglomération,Hors intersection,Pluie légère,Deux véhicules - arrière,,,,,,,,,,,5,2,1,2,2
200600076220,0006-12-07 12:30:00,6,12,7,12,30,330,281,"119, AVE HENRI VIGNEAU",,,Plein jour,En agglomération,Hors intersection,Pluie légère,Deux véhicules - côté,,,,,,,,,,,1,2,1,2,3
200600076221,0006-12-08 09:50:00,6,12,8,9,50,330,63,"387, RUE DE BEGLES",,,Plein jour,En agglomération,Hors intersection,Pluie légère,Autre collision,,,,,,,,,,,1,2,1,2,6
200600076222,0006-12-08 12:15:00,6,12,8,12,15,330,63,AVE ABADIE,,,Plein jour,En agglomération,Hors intersection,Pluie légère,Autre collision,,,,,,,,,,,1,2,1,2,6
200600076223,0006-12-08 17:45:00,6,12,8,17,45,330,63,AVE DE LABARDE,,,Nuit avec éclairage non allumé,En agglomération,Hors intersection,Pluie forte,Trois véhicules et plus - en chaîne,,,,,,,,,,,4,2,1,3,4
200600076224,0006-12-10 05:00:00,6,12,10,5,0,330,63,"42, RUE D'ARMAGNAC",,,Nuit avec éclairage allumé,En agglomération,Hors intersection,Normale,Autre collision,,,,,,,,,,,5,2,1,1,6
200600076225,0006-12-08 20:40:00,6,12,8,20,40,330,63,"75, AVE DE LABARDE",,,Nuit avec éclairage allumé,En agglomération,Hors intersection,Pluie légère,Deux véhicules - côté,,,,,,,,,,,5,2,1,2,3
200600076226,0006-12-09 17:10:00,6,12,9,17,10,330,63,"4, AVE DU GENERAL LECLER",,,Plein jour,En agglomération,Hors intersection,Normale,Autre collision,,,,,,,,,,,1,2,1,1,6
200600076227,0006-12-10 03:45:00,6,12,10,3,45,330,63,RUE GENERAL DE LARMINAT,,,Nuit avec éclairage allumé,En agglomération,Hors intersection,Normale,Deux véhicules - côté,,,,,,,,,,,5,2,1,1,3
200600076228,0006-12-07 23:59:00,6,12,7,23,59,330,281,AVE DE L'ARGONNE,,,Nuit avec éclairage allumé,En agglomération,Hors intersection,Pluie légère,Autre collision,,,,,,,,,,,5,2,1,2,6
200600076229,0006-12-05 10:10:00,6,12,5,10,10,330,119,"123, AVE RENE CASSAGNE",,,Plein jour,En agglomération,Hors intersection,Normale,Autre collision,,,,,,,,,,,1,2,1,1,6
200600076230,0006-12-11 09:00:00,6,12,11,9,0,330,63,RUE DESBIEY,,,Plein jour,En agglomération,Intersection en T,Normale,Deux véhicules - côté,,,,,,,,,,,1,2,3,1,3
200600076231,0006-12-04 18:09:00,6,12,4,18,9,330,39,"38, RUE FERDINAND BUISSO",,,Plein jour,En agglomération,Hors intersection,Normale,Autre collision,,,,,,,,,,,1,2,1,1,6
200600076232,0006-12-06 13:50:00,6,12,6,13,50,330,318,AVE DU BOURGAILH,,,Plein jour,En agglomération,Intersection en T,Normale,Deux véhicules - côté,,,,,,,,,,,1,2,3,1,3
200600076233,0006-12-06 07:55:00,6,12,6,7,55,330,249,QUAI CARRIET,,,Crépuscule ou aube,En agglomération,Intersection en T,Pluie légère,Deux véhicules - frontale,,,,,,,,,,,2,2,3,2,1
200600076234,0006-12-11 23:05:00,6,12,11,23,5,330,63,"273, BD GODARD",,,Nuit avec éclairage allumé,En agglomération,Hors intersection,Normale,Trois véhicules et plus - en chaîne,,,,,,,,,,,5,2,1,1,4
200600076235,0006-12-11 17:30:00,6,12,11,17,30,330,63,CRS PASTEUR,,,Plein jour,En agglomération,Intersection à plus de 4 branches,Normale,Autre collision,,,,,,,,,,,1,2,5,1,6
200600076236,0006-12-11 16:10:00,6,12,11,16,10,330,63,"22 - 24, ALL DE TOURNY",,,Plein jour,En agglomération,Hors intersection,Normale,Autre collision,,,,,,,,,,,1,2,1,1,6
200600076237,0006-12-11 20:40:00,6,12,11,20,40,330,63,PCE DES CAPUCINS,,,Nuit avec éclairage allumé,En agglomération,Intersection à plus de 4 branches,Normale,Deux véhicules - côté,,,,,,,,,,,5,2,5,1,3
200600076238,0006-12-05 20:25:00,6,12,5,20,25,330,550,CHEM DU PAS DE LA COTE,,,Nuit avec éclairage allumé,En agglomération,Hors intersection,Pluie forte,Autre collision,,,,,,,,,,,5,2,1,3,6
200600076239,0006-12-12 07:50:00,6,12,12,7,50,330,63,CRS SAINT LOUIS,,,Crépuscule ou aube,En agglomération,Intersection en X,Pluie légère,Deux véhicules - côté,,,,,,,,,,,2,2,2,2,3
200600076240,0006-12-07 18:30:00,6,12,7,18,30,330,69,RTE DU MEDOC,,,Nuit avec éclairage allumé,En agglomération,Hors intersection,Pluie légère,Deux véhicules - arrière,,,,,,,,,,,5,2,1,2,2
200600076241,0006-12-08 15:30:00,6,12,8,15,30,330,281,AVE DE LA LIBERATION,,,Plein jour,En agglomération,Intersection à plus de 4 branches,Pluie légère,Deux véhicules - côté,,,,,,,,,,,1,2,5,2,3
200600076242,0006-12-08 15:20:00,6,12,8,15,20,330,69,"0000, AVE LEO LAGRANGE",,,Plein jour,En agglomération,Intersection en X,Normale,Deux véhicules - côté,,,,,,,,,,,1,2,2,1,3
200600076243,0006-12-06 19:45:00,6,12,6,19,45,330,522,"412, CRS DE LA LIBERATIO",,,Nuit avec éclairage allumé,En agglomération,Hors intersection,Normale,Deux véhicules - arrière,,,,,,,,,,,5,2,1,1,2
200600076244,0006-12-07 19:00:00,6,12,7,19,0,330,39,RUE ANATOLE FRANCE,,,Plein jour,En agglomération,Intersection en T,Pluie légère,Deux véhicules - côté,,,,,,,,,,,1,2,3,2,3
200600076245,0006-12-01 10:00:00,6,12,1,10,0,330,39,CRS VICTOR HUGO,,,Plein jour,En agglomération,Intersection en X,Normale,Deux véhicules - frontale,,,,,,,,,,,1,2,2,1,1
200600076246,0006-12-13 09:20:00,6,12,13,9,20,330,63,RUE DE CONDE,,,Plein jour,En agglomération,Intersection en X,Normale,Autre collision,,,,,,,,,,,1,2,2,1,6
200600076247,0006-12-12 13:45:00,6,12,12,13,45,330,318,AVE DE LA FORGE,,,Plein jour,En agglomération,Intersection en X,Normale,Deux véhicules - côté,,,,,,,,,,,1,2,2,1,3
200600076248,0006-12-08 08:05:00,6,12,8,8,5,330,522,RUE DE LA VIEILLE TOUR,,,Crépuscule ou aube,En agglomération,Intersection en T,Pluie légère,Deux véhicules - frontale,,,,,,,,,,,2,2,3,2,1
200600076249,0006-12-09 22:45:00,6,12,9,22,45,330,192,RTE DE PESSAC,,,Nuit avec éclairage allumé,En agglomération,Intersection en X,Normale,Deux véhicules - côté,,,,,,,,,,,5,2,2,1,3
200600076250,0006-12-09 07:45:00,6,12,9,7,45,330,550,RTE DE TOULOUSE,,,Crépuscule ou aube,En agglomération,Hors intersection,Pluie légère,Autre collision,,,,,,,,,,,2,2,1,2,6
200600076251,0006-12-08 17:40:00,6,12,8,17,40,330,39,QUAI DU PRESIDENT WILSON,,,Nuit avec éclairage allumé,En agglomération,Intersection en T,Pluie forte,Deux véhicules - côté,,,,,,,,,,,5,2,3,3,3
200600076252,0006-12-13 17:54:00,6,12,13,17,54,330,63,BD GEORGES POMPIDOU,,,Nuit avec éclairage allumé,En agglomération,Intersection en X,Normale,Deux véhicules - côté,,,,,,,,,,,5,2,2,1,3
200600076253,0006-12-14 09:45:00,6,12,14,9,45,330,63,PCE RODESSE,,,Plein jour,En agglomération,Intersection en T,Normale,Autre collision,,,,,,,,,,,1,2,3,1,6
200600076254,0006-12-14 19:00:00,6,12,14,19,0,330,63,ALL SERR,,,Nuit avec éclairage allumé,En agglomération,Intersection en X,Normale,Deux véhicules - côté,,,,,,,,,,,5,2,2,1,3
200600076255,0006-12-11 18:15:00,6,12,11,18,15,330,281,AVE DE KAOLACK,,,Nuit avec éclairage allumé,En agglomération,Hors intersection,Normale,Deux véhicules - côté,,,,,,,,,,,5,2,1,1,3
200600076256,0006-12-06 13:51:00,6,12,6,13,51,330,281,AVE DU PRESIDENT WILSON,,,Plein jour,En agglomération,Intersection en T,Normale,Deux véhicules - frontale,,,,,,,,,,,1,2,3,1,1
200600076257,0006-12-17 20:10:00,6,12,17,20,10,330,63,PCE TOURNY,,,Nuit avec éclairage allumé,En agglomération,Intersection à plus de 4 branches,Normale,Autre collision,,,,,,,,,,,5,2,5,1,6
200600076258,0006-12-12 20:30:00,6,12,12,20,30,330,318,AVE DU VALLON,,,Crépuscule ou aube,En agglomération,Intersection en X,Normale,Deux véhicules - côté,,,,,,,,,,,2,2,2,1,3
200600076259,0006-12-15 17:15:00,6,12,15,17,15,330,63,"130, CRS EDOUARD VAILLAN",,,Crépuscule ou aube,En agglomération,Hors intersection,Normale,Deux véhicules - côté,,,,,,,,,,,2,2,1,1,3
200600076260,0006-12-17 18:10:00,6,12,17,18,10,330,63,RUE DE LA LIBERTE CAUD,,,Nuit avec éclairage allumé,En agglomération,Intersection en X,Normale,Autre collision,,,,,,,,,,,5,2,2,1,6
200600076261,0006-12-15 20:10:00,6,12,15,20,10,330,550,RTE DE TOULOUSE,,,Nuit avec éclairage allumé,En agglomération,Hors intersection,Normale,Deux véhicules - côté,,,,,,,,,,,5,2,1,1,3
200600076262,0006-12-12 15:15:00,6,12,12,15,15,330,281,"21, RUE FONTAINE D'ARLAC",,,Plein jour,En agglomération,Hors intersection,Normale,Deux véhicules - arrière,,,,,,,,,,,1,2,1,1,2
200600076263,0006-12-06 17:10:00,6,12,6,17,10,330,281,ALL DU CHATEAU D'EAU,,,Crépuscule ou aube,En agglomération,Hors intersection,Normale,Deux véhicules - arrière,,,,,,,,,,,2,2,1,1,2
200600076264,0006-12-14 17:55:00,6,12,14,17,55,330,167,"9 TER, CHEM RICHELIEU",,,Nuit avec éclairage allumé,En agglomération,Hors intersection,Normale,Autre collision,,,,,,,,,,,5,2,1,1,6
200600076265,0006-12-12 11:45:00,6,12,12,11,45,330,249,RUE CONDORCET,,,Plein jour,En agglomération,Intersection en X,Normale,Autre collision,,,,,,,,,,,1,2,2,1,6
200600076266,0006-12-02 03:05:00,6,12,2,3,5,330,39,"35, RUE DES TERRES NEUVE",,,Nuit avec éclairage allumé,En agglomération,Hors intersection,Normale,Autre collision,,,,,,,,,,,5,2,1,1,6
200600076267,0006-12-10 11:40:00,6,12,10,11,40,330,249,AVE CARNOT,,,Plein jour,En agglomération,Hors intersection,Brouillard / fumée,Deux véhicules - côté,,,,,,,,,,,1,2,1,5,3
200600076268,0006-12-13 16:30:00,6,12,13,16,30,330,281,CHEM DE POUCHON,,,Plein jour,En agglomération,Hors intersection,Normale,Trois véhicules et plus - collisions multiples,,,,,,,,,,,1,2,1,1,5
200600076269,0006-12-15 13:35:00,6,12,15,13,35,330,281,RUE RAOUL AMAT,,,Plein jour,En agglomération,Intersection en Y,Normale,Autre collision,,,,,,,,,,,1,2,4,1,6
200600076270,0006-12-13 08:20:00,6,12,13,8,20,330,69,"11, PCE GAMBETTA",,,Plein jour,En agglomération,Hors intersection,Brouillard / fumée,Trois véhicules et plus - en chaîne,,,,,,,,,,,1,2,1,5,4
200600076271,0006-12-12 16:40:00,6,12,12,16,40,330,192,CRS DU GENERAL DE GAULLE,,,Plein jour,En agglomération,Hors intersection,Normale,Deux véhicules - côté,,,,,,,,,,,1,2,1,1,3
200600076272,0006-12-17 00:55:00,6,12,17,0,55,330,63,"33, QUAI DE LA MONNAIE",,,Nuit avec éclairage allumé,En agglomération,Intersection en T,Pluie légère,Deux véhicules - arrière,,,,,,,,,,,5,2,3,2,2
200600076273,0006-12-16 01:40:00,6,12,16,1,40,330,281,"103, CHEM DE LA PRINCESS",,,Plein jour,En agglomération,Hors intersection,Normale,Autre collision,,,,,,,,,,,1,2,1,1,6
200600076274,0006-12-18 20:30:00,6,12,18,20,30,330,63,RUE LUCIEN FAURE,,,Nuit avec éclairage allumé,En agglomération,Intersection en T,Normale,Deux véhicules - côté,,,,,,,,,,,5,2,3,1,3
200600076275,0006-12-18 12:35:00,6,12,18,12,35,330,63,RUE DE BETHMANN,,,Plein jour,En agglomération,Hors intersection,Normale,Trois véhicules et plus - en chaîne,,,,,,,,,,,1,2,1,1,4
200600076276,0006-12-18 10:37:00,6,12,18,10,37,330,318,AVE ROGER COHE,,,Plein jour,En agglomération,Giratoire,Normale,Deux véhicules - côté,,,,,,,,,,,1,2,6,1,3
200600076277,0006-12-18 22:05:00,6,12,18,22,5,330,318,ROC ROCADE SUD-OUEST,,,Nuit avec éclairage allumé,En agglomération,Intersection en X,Normale,Deux véhicules - côté,,,,,,,,,,,5,2,2,1,3
200600076278,0006-12-20 13:25:00,6,12,20,13,25,330,63,CRS DE LA SOMME,,,Plein jour,En agglomération,Intersection à plus de 4 branches,Normale,Deux véhicules - côté,,,,,,,,,,,1,2,5,1,3
200600076279,0006-12-20 06:45:00,6,12,20,6,45,330,63,"23, RTE DE TOULOUSE",,,Nuit avec éclairage allumé,En agglomération,Hors intersection,Normale,Deux véhicules - côté,,,,,,,,,,,5,2,1,1,3
200600076280,0006-12-21 08:50:00,6,12,21,8,50,330,63,RUE ROSA BONHEUR,,,Plein jour,En agglomération,Intersection en X,Normale,Deux véhicules - côté,,,,,,,,,,,1,2,2,1,3
200600076281,0006-12-21 13:00:00,6,12,21,13,0,330,63,CRS PORTAL,,,Plein jour,En agglomération,Intersection à plus de 4 branches,Normale,Deux véhicules - côté,,,,,,,,,,,1,2,5,1,3
200600076282,0006-12-19 13:00:00,6,12,19,13,0,330,318,ALL DE LA ROCADE,,,Plein jour,En agglomération,Hors intersection,Normale,Deux véhicules - frontale,,,,,,,,,,,1,2,1,1,1
200600076283,0006-12-15 09:32:00,6,12,15,9,32,330,281,"6, RUE ALFRED DE VIGNY",,,Plein jour,En agglomération,Hors intersection,Normale,Trois véhicules et plus - en chaîne,,,,,,,,,,,1,2,1,1,4
200600076284,0006-12-14 11:15:00,6,12,14,11,15,330,192,RTE DE LEOGNAN,,,Plein jour,En agglomération,Intersection en X,Brouillard / fumée,Deux véhicules - côté,,,,,,,,,,,1,2,2,5,3
200600076285,0006-12-20 08:05:00,6,12,20,8,5,330,318,RUE ANDRE PUJOL,,,Crépuscule ou aube,En agglomération,Intersection en X,Pluie légère,Deux véhicules - frontale,,,,,,,,,,,2,2,2,2,1
200600076286,0006-12-20 17:08:00,6,12,20,17,8,330,318,"11 bis, AVE PIERRE WIEHN",,,Plein jour,En agglomération,Hors intersection,Normale,Autre collision,,,,,,,,,,,1,2,1,1,6
200600076287,0006-12-18 18:00:00,6,12,18,18,0,330,550,PCE ARISTIDE BRIAND,,,Nuit avec éclairage allumé,En agglomération,Hors intersection,Normale,Autre collision,,,,,,,,,,,5,2,1,1,6
200600076288,0006-12-14 14:15:00,6,12,14,14,15,330,39,BD JEAN-JACQUES BOSC,,,Plein jour,Hors agglomération,Intersection en X,Normale,Deux véhicules - côté,,,,,,,,,,,1,1,2,1,3
200600076289,0006-12-05 19:20:00,6,12,5,19,20,330,249,AVE DE LA LIBERATION,,,Nuit avec éclairage allumé,En agglomération,Hors intersection,Pluie légère,Autre collision,,,,,,,,,,,5,2,1,2,6
200600076290,0006-12-19 13:40:00,6,12,19,13,40,330,69,"240, AVE DE LA LIBERATIO",,,Plein jour,En agglomération,Intersection en T,Normale,Deux véhicules - côté,,,,,,,,,,,1,2,3,1,3
200600076291,0006-12-15 20:35:00,6,12,15,20,35,330,167,CHEM DE CAUMONT,,,Nuit avec éclairage allumé,En agglomération,Hors intersection,Normale,Autre collision,,,,,,,,,,,5,2,1,1,6
200600076292,0006-12-22 14:30:00,6,12,22,14,30,330,63,CRS VICTOR HUGO,,,Plein jour,En agglomération,Intersection en T,Normale,Deux véhicules - côté,,,,,,,,,,,1,2,3,1,3
200600076293,0006-12-22 14:15:00,6,12,22,14,15,330,63,"371, CRS DE LA SOMME",,,Plein jour,En agglomération,Hors intersection,Normale,Deux véhicules - côté,,,,,,,,,,,1,2,1,1,3
200600076294,0006-12-22 07:50:00,6,12,22,7,50,330,63,"306, CRS DE LA SOMME",,,Crépuscule ou aube,En agglomération,Hors intersection,Brouillard / fumée,Deux véhicules - côté,,,,,,,,,,,2,2,1,5,3
200600076295,0006-12-24 04:30:00,6,12,24,4,30,330,63,"127, AVE THIERS",,,Nuit avec éclairage allumé,En agglomération,Hors intersection,Normale,Autre collision,,,,,,,,,,,5,2,1,1,6
200600076296,0006-12-24 10:00:00,6,12,24,10,0,330,63,"32, CRS DE L'YSER",,,Plein jour,En agglomération,Hors intersection,Temps couvert,Deux véhicules - côté,,,,,,,,,,,1,2,1,8,3
200600076297,0006-12-25 02:45:00,6,12,25,2,45,330,63,"356, AVE THIERS",,,Nuit avec éclairage allumé,En agglomération,Hors intersection,Normale,Autre collision,,,,,,,,,,,5,2,1,1,6
200600076298,0006-12-26 21:10:00,6,12,26,21,10,330,63,RUE DU MIRAIL,,,Plein jour,En agglomération,Intersection en X,Normale,Deux véhicules - côté,,,,,,,,,,,1,2,2,1,3
200600076299,0006-12-21 19:37:00,6,12,21,19,37,330,318,RUE GUITTARD,,,Nuit avec éclairage allumé,En agglomération,Hors intersection,Normale,Deux véhicules - côté,,,,,,,,,,,5,2,1,1,3
200600076300,0006-12-21 12:05:00,6,12,21,12,5,330,75,AVE DE L EUROPE,,,Plein jour,En agglomération,Intersection en X,Normale,Deux véhicules - côté,,,,,,,,,,,1,2,2,1,3
200600076301,0006-12-20 14:10:00,6,12,20,14,10,330,281,AVE DE L'YSER,,,Crépuscule ou aube,En agglomération,Intersection en T,Normale,Deux véhicules - côté,,,,,,,,,,,2,2,3,1,3
200600076302,0006-12-20 07:55:00,6,12,20,7,55,330,318,ALL MAINE DE BIRAN,,,Crépuscule ou aube,En agglomération,Giratoire,Normale,Deux véhicules - côté,,,,,,,,,,,2,2,6,1,3
200600076303,0006-12-26 18:10:00,6,12,26,18,10,330,63,BD GEORGE V,,,Nuit avec éclairage allumé,En agglomération,Intersection en X,Normale,Deux véhicules - côté,,,,,,,,,,,5,2,2,1,3
200600076304,0006-12-22 07:35:00,6,12,22,7,35,330,39,CRS VICTOR HUGO,,,Nuit avec éclairage allumé,En agglomération,Intersection en X,Normale,Deux véhicules - côté,,,,,,,,,,,5,2,2,1,3
200600076305,0006-12-22 17:40:00,6,12,22,17,40,330,192,CRS DU GENERAL DE GAULLE,,,Crépuscule ou aube,En agglomération,Hors intersection,Normale,Deux véhicules - côté,,,,,,,,,,,2,2,1,1,3
200600076306,0006-12-23 01:55:00,6,12,23,1,55,330,522,CRS DE LA LIBERATION,,,Nuit avec éclairage allumé,En agglomération,Intersection en T,Normale,Deux véhicules - arrière,,,,,,,,,,,5,2,3,1,2
200600076307,0006-12-23 09:00:00,6,12,23,9,0,330,75,RUE DU PONT NEUF,,,Crépuscule ou aube,En agglomération,Hors intersection,Brouillard / fumée,Deux véhicules - frontale,,,,,,,,,,,2,2,1,5,1
200600076308,0006-12-22 19:45:00,6,12,22,19,45,330,192,"68, RUE DE CATOY",,,Nuit avec éclairage allumé,En agglomération,Hors intersection,Normale,Deux véhicules - frontale,,,,,,,,,,,5,2,1,1,1
200600076309,0006-12-26 11:30:00,6,12,26,11,30,330,281,"131, AVE DE L'YSER",,,Plein jour,En agglomération,Hors intersection,Normale,Deux véhicules - côté,,,,,,,,,,,1,2,1,1,3
200600076310,0006-12-26 11:40:00,6,12,26,11,40,330,69,AVE D'EYSINES,,,Plein jour,En agglomération,Hors intersection,Temps couvert,Autre collision,,,,,,,,,,,1,2,1,8,6
200600076311,0006-12-05 21:00:00,6,12,5,21,0,330,243,"21, FOCH(AVENUE DU MAREC",,,Nuit avec éclairage allumé,En agglomération,Hors intersection,Pluie légère,Autre collision,,,,,,,,,,,5,2,1,2,6
200600076312,0006-12-03 08:35:00,6,12,3,8,35,340,3,RD612,,,Plein jour,En agglomération,Hors intersection,Temps couvert,Autre collision,,,,,,,,,,,1,2,1,8,6
200600076313,0006-12-03 18:25:00,6,12,3,18,25,340,3,GUIRAUDETTE (K13 A V10,,,Nuit sans éclairage public,En agglomération,Autre intersection,Normale,Deux véhicules - arrière,,,,,,,,,,,3,2,9,1,2
200600076314,0006-12-05 13:50:00,6,12,5,13,50,340,3,MONNET (K17 A K18,,,Plein jour,En agglomération,Hors intersection,Normale,Sans collision,,,,,,,,,,,1,2,1,1,7
200600076315,0006-12-05 19:05:00,6,12,5,19,5,340,3,EGALITE (F13 A H14,,,Nuit avec éclairage allumé,En agglomération,Intersection en T,Normale,Deux véhicules - frontale,,,,,,,,,,,5,2,3,1,1
200600076316,0006-12-11 13:20:00,6,12,11,13,20,340,3,", MONT-SAINT LOUP (RUE D",,,Plein jour,En agglomération,Hors intersection,Normale,Sans collision,,,,,,,,,,,1,2,1,1,7
200600076317,0006-12-12 18:05:00,6,12,12,18,5,340,3,SOLEIL (G15 A J18,,,Nuit avec éclairage allumé,En agglomération,Hors intersection,Normale,Deux véhicules - côté,,,,,,,,,,,5,2,1,1,3
200600076318,0006-12-22 09:15:00,6,12,22,9,15,340,3,MONACO (F16 A G15,,,Plein jour,En agglomération,Intersection en X,Normale,Autre collision,,,,,,,,,,,1,2,2,1,6
200600076319,0006-12-26 12:10:00,6,12,26,12,10,340,32,"1, LATTRE DE TASSIGNY MA",,,Plein jour,En agglomération,Autre intersection,Autre,Deux véhicules - arrière,,,,,,,,,,,1,2,9,9,2
200600076320,0006-12-27 05:26:00,6,12,27,5,26,340,336,MEDITERRANEE (ROND POINT,,,Nuit sans éclairage public,Hors agglomération,Giratoire,Autre,Sans collision,,,,,,,,,,,3,1,6,9,7
200600076321,0006-12-07 18:57:00,6,12,7,18,57,340,32,ROUTE NATIONALE 113 - 9,,,Nuit sans éclairage public,Hors agglomération,Hors intersection,Normale,Sans collision,,,,,,,,,,,3,1,1,1,7
200600076322,0006-12-02 17:11:00,6,12,2,17,11,340,32,WILSON PRESIDENT (AV DU),,,Crépuscule ou aube,En agglomération,Hors intersection,Normale,Autre collision,,,,,,,,,,,2,2,1,1,6
200600076323,0006-12-03 14:17:00,6,12,3,14,17,340,32,CLAPAREDE EMILE (AVENUE),,,Plein jour,En agglomération,Hors intersection,Normale,Deux véhicules - côté,,,,,,,,,,,1,2,1,1,3
200600076324,0006-12-04 08:04:00,6,12,4,8,4,340,32,"16, PARMENTIER ANTOINE A",,,Plein jour,En agglomération,Intersection en X,Normale,Deux véhicules - côté,,,,,,,,,,,1,2,2,1,3
200600076325,0006-12-04 16:56:00,6,12,4,16,56,340,32,BESSAN (ROUTE DE),,,Plein jour,Hors agglomération,Hors intersection,Normale,Autre collision,,,,,,,,,,,1,1,1,1,6
200600076326,0006-12-05 13:35:00,6,12,5,13,35,340,32,HOURS (ROND-POINT DE L'),,,Plein jour,En agglomération,Giratoire,Normale,Deux véhicules - frontale,,,,,,,,,,,1,2,6,1,1