accident_id,datetime,annee,mois,jour,heure,minute,departement,commune_insee,adresse,latitude,longitude,luminosite,agglomeration,intersection,meteo,collision,nb_vehicules,nb_usagers,nb_indemnes,nb_tues,nb_blesses_hosp,nb_blesses_legers,age_cond_1,age_cond_2,veh_type_cond_1,veh_type_cond_2,lum_code,agg_code,int_code,atm_code,col_code
200600076327,0006-12-05 18:15:00,6,12,5,18,15,340,32,DOMAINE DE LA GALINIERE,,,Nuit sans éclairage public,En agglomération,Hors intersection,Normale,Deux véhicules - frontale,,,,,,,,,,,3,2,1,1,1
200600076328,0006-12-06 08:00:00,6,12,6,8,0,340,32,ROUTE DE NARBONNE (RN 11,,,Crépuscule ou aube,Hors agglomération,Hors intersection,Normale,Deux véhicules - arrière,,,,,,,,,,,2,1,1,1,2
200600076329,0006-12-06 19:10:00,6,12,6,19,10,340,32,"NR, LATTRE DE TASSIGNY M",,,Nuit sans éclairage public,En agglomération,Intersection en X,Normale,Deux véhicules - frontale,,,,,,,,,,,3,2,2,1,1
200600076330,0006-12-08 17:45:00,6,12,8,17,45,340,32,"19, LANGUEDOC (BD DU)",,,Nuit avec éclairage allumé,En agglomération,Hors intersection,Normale,Deux véhicules - côté,,,,,,,,,,,5,2,1,1,3
200600076331,0006-12-08 17:51:00,6,12,8,17,51,340,32,VOIE DOMITIENNE (AV DE L,,,Crépuscule ou aube,Hors agglomération,Giratoire,Normale,Deux véhicules - arrière,,,,,,,,,,,2,1,6,1,2
200600076332,0006-12-09 20:00:00,6,12,9,20,0,340,32,"46, MOULIN JEAN (AV)",,,Nuit avec éclairage allumé,En agglomération,Hors intersection,Normale,Sans collision,,,,,,,,,,,5,2,1,1,7
200600076333,0006-12-12 12:33:00,6,12,12,12,33,340,32,"10, ORNANO COLONEL D' (A",,,Plein jour,En agglomération,Hors intersection,Normale,Sans collision,,,,,,,,,,,1,2,1,1,7
200600076334,0006-12-16 14:55:00,6,12,16,14,55,340,32,BESSAN (ROUTE DE),,,Plein jour,Hors agglomération,Hors intersection,Pluie légère,Sans collision,,,,,,,,,,,1,1,1,2,7
200600076335,0006-12-15 22:35:00,6,12,15,22,35,340,32,FOCH MARECHAL FERDINAND,,,Nuit avec éclairage allumé,En agglomération,Intersection en T,Normale,Deux véhicules - côté,,,,,,,,,,,5,2,3,1,3
200600076336,0006-12-16 05:15:00,6,12,16,5,15,340,336,BEREGOVOY (AVENUE PIERRE,,,Nuit sans éclairage public,Hors agglomération,Hors intersection,Normale,Sans collision,,,,,,,,,,,3,1,1,1,7
200600076337,0006-12-15 14:22:00,6,12,15,14,22,340,32,ROUTE DEPARTEMENTALE NR.,,,Plein jour,Hors agglomération,Hors intersection,Pluie légère,Sans collision,,,,,,,,,,,1,1,1,2,7
200600076338,0006-12-16 06:12:00,6,12,16,6,12,340,32,FOUCAULT JEAN (AV),,,Nuit avec éclairage allumé,En agglomération,Hors intersection,Pluie légère,Sans collision,,,,,,,,,,,5,2,1,2,7
200600076339,0006-12-20 16:55:00,6,12,20,16,55,340,32,CHEMIN RURAL NR.93,,,Plein jour,Hors agglomération,Hors intersection,Normale,Deux véhicules - frontale,,,,,,,,,,,1,1,1,1,1
200600076340,0006-12-21 12:15:00,6,12,21,12,15,340,32,"01, STOCKPORT (BD DE)",,,Plein jour,En agglomération,Hors intersection,Autre,Sans collision,,,,,,,,,,,1,2,1,9,7
200600076341,0006-12-22 18:27:00,6,12,22,18,27,340,32,"1, DEVEZE (AV DE LA)",,,Nuit avec éclairage allumé,En agglomération,Autre intersection,Autre,Autre collision,,,,,,,,,,,5,2,9,9,6
200600076342,0006-12-23 09:45:00,6,12,23,9,45,340,32,WILSON PRESIDENT (AV DU),,,Plein jour,En agglomération,Intersection en T,Normale,Deux véhicules - côté,,,,,,,,,,,1,2,3,1,3
200600076343,0006-12-24 16:10:00,6,12,24,16,10,340,32,VOIE DOMITIENNE (AV DE L,,,Plein jour,En agglomération,Hors intersection,Normale,Sans collision,,,,,,,,,,,1,2,1,1,7
200600076344,0006-12-29 21:30:00,6,12,29,21,30,340,32,"51, LIBERTE (BD DE LA)",,,Nuit avec éclairage allumé,En agglomération,Hors intersection,Normale,Sans collision,,,,,,,,,,,5,2,1,1,7
200600076345,0006-12-30 14:08:00,6,12,30,14,8,340,32,"1, GUILHEMON (RUE)",,,Plein jour,En agglomération,Intersection en T,Autre,Deux véhicules - côté,,,,,,,,,,,1,2,3,9,3
200600076346,0006-12-30 19:10:00,6,12,30,19,10,340,32,FOUR A CHAUX (BD DU),,,Nuit avec éclairage non allumé,En agglomération,Hors intersection,Normale,Deux véhicules - frontale,,,,,,,,,,,4,2,1,1,1
200600076347,0006-12-01 21:15:00,6,12,1,21,15,340,172,"33, TOULOUSE (AVENUE DE",,,Nuit avec éclairage allumé,En agglomération,Intersection en T,Normale,Deux véhicules - côté,,,,,,,,,,,5,2,3,1,3
200600076348,0006-12-02 16:05:00,6,12,2,16,5,340,172,"sans n, MENDES FRANCE (A",,,Plein jour,En agglomération,Hors intersection,Temps couvert,Autre collision,,,,,,,,,,,1,2,1,8,6
200600076349,0006-12-01 20:11:00,6,12,1,20,11,340,172,ABRIVADO (RUE DE L'),,,Nuit avec éclairage allumé,En agglomération,Hors intersection,Normale,Sans collision,,,,,,,,,,,5,2,1,1,7
200600076350,0006-12-04 15:45:00,6,12,4,15,45,340,172,ARENES (ROND POINT DES P,,,Plein jour,En agglomération,Giratoire,Temps couvert,Deux véhicules - côté,,,,,,,,,,,1,2,6,8,3
200600076351,0006-12-04 17:30:00,6,12,4,17,30,340,172,PEQUET (RUE HENRI),,,Nuit avec éclairage allumé,En agglomération,Intersection en T,Normale,Deux véhicules - côté,,,,,,,,,,,5,2,3,1,3
200600076352,0006-12-04 18:02:00,6,12,4,18,2,340,172,"00, MENDE (ROUTE DE)",,,Nuit avec éclairage allumé,En agglomération,Intersection en T,Normale,Autre collision,,,,,,,,,,,5,2,3,1,6
200600076353,0006-12-05 09:15:00,6,12,5,9,15,340,172,FAUBOURG FIGUEROLLES (RU,,,Plein jour,En agglomération,Intersection en T,Normale,Deux véhicules - côté,,,,,,,,,,,1,2,3,1,3
200600076354,0006-12-05 18:00:00,6,12,5,18,0,340,172,TRUEL (RUE DU),,,Nuit avec éclairage allumé,En agglomération,Hors intersection,Normale,Deux véhicules - côté,,,,,,,,,,,5,2,1,1,3
200600076355,0006-12-06 08:55:00,6,12,6,8,55,340,172,GARRATS (AVENUE DES),,,Plein jour,En agglomération,Hors intersection,Normale,Deux véhicules - côté,,,,,,,,,,,1,2,1,1,3
200600076356,0006-12-07 10:30:00,6,12,7,10,30,340,172,ESCOUTADOU (RUE DE L'),,,Plein jour,En agglomération,Hors intersection,Normale,Autre collision,,,,,,,,,,,1,2,1,1,6
200600076357,0006-12-06 16:00:00,6,12,6,16,0,340,172,ROQUETURIERE (RUE DE LA),,,Plein jour,En agglomération,Intersection en T,Normale,Deux véhicules - côté,,,,,,,,,,,1,2,3,1,3
200600076358,0006-12-07 15:45:00,6,12,7,15,45,340,198,"NC, PAGNOL (AVENUE MARCE",,,Plein jour,En agglomération,Intersection en T,Normale,Deux véhicules - côté,,,,,,,,,,,1,2,3,1,3
200600076359,0006-12-07 23:25:00,6,12,7,23,25,340,172,"165, RIMBAUD (RUE PAUL)",,,Nuit avec éclairage allumé,En agglomération,Hors intersection,Normale,Deux véhicules - arrière,,,,,,,,,,,5,2,1,1,2
200600076360,0006-12-08 09:23:00,6,12,8,9,23,340,172,DUBOUT (AVENUE ALBERT),,,Plein jour,En agglomération,Intersection en T,Temps couvert,Deux véhicules - côté,,,,,,,,,,,1,2,3,8,3
200600076361,0006-12-08 10:50:00,6,12,8,10,50,340,172,FLAHAULT (AVENUE CHARLES,,,Plein jour,En agglomération,Intersection en T,Pluie forte,Sans collision,,,,,,,,,,,1,2,3,3,7
200600076362,0006-12-08 13:15:00,6,12,8,13,15,340,172,"43, SAINT CLEOPHAS (RUE)",,,Plein jour,En agglomération,Intersection en X,Pluie légère,Deux véhicules - côté,,,,,,,,,,,1,2,2,2,3
200600076363,0006-12-08 17:15:00,6,12,8,17,15,340,172,"sans n, MILHAUD (BOULEVA",,,Nuit avec éclairage allumé,En agglomération,Hors intersection,Pluie légère,Autre collision,,,,,,,,,,,5,2,1,2,6
200600076364,0006-12-08 18:30:00,6,12,8,18,30,340,172,"37, ECOLE D'AGRICULTURE-",,,Nuit avec éclairage allumé,En agglomération,Intersection en X,Pluie légère,Deux véhicules - côté,,,,,,,,,,,5,2,2,2,3
200600076365,0006-12-09 05:40:00,6,12,9,5,40,340,172,GAMBETTA (COURS),,,Nuit avec éclairage allumé,En agglomération,Hors intersection,Temps couvert,Deux véhicules - arrière,,,,,,,,,,,5,2,1,8,2
200600076366,0006-12-09 16:50:00,6,12,9,16,50,340,172,"31, CLEMENCEAU (AVENUE G",,,Plein jour,En agglomération,Hors intersection,Normale,Deux véhicules - côté,,,,,,,,,,,1,2,1,1,3
200600076367,0006-12-10 14:15:00,6,12,10,14,15,340,172,PARADISIERS (RUE DES),,,Plein jour,En agglomération,Intersection en T,Normale,Autre collision,,,,,,,,,,,1,2,3,1,6
200600076368,0006-12-11 09:20:00,6,12,11,9,20,340,172,"sans, BRANDT (CARREFOUR",,,Plein jour,En agglomération,Hors intersection,Normale,Deux véhicules - arrière,,,,,,,,,,,1,2,1,1,2
200600076369,0006-12-11 11:20:00,6,12,11,11,20,340,172,"218, LODEVE (AVENUE DE",,,Plein jour,En agglomération,Hors intersection,Normale,Autre collision,,,,,,,,,,,1,2,1,1,6
200600076370,0006-12-11 13:20:00,6,12,11,13,20,340,172,"54, GAMBETTA (COURS)",,,Plein jour,En agglomération,Autre intersection,Normale,Deux véhicules - arrière,,,,,,,,,,,1,2,9,1,2
200600076371,0006-12-11 14:25:00,6,12,11,14,25,340,172,"465, NOBEL (RUE ALFRED)",,,Plein jour,En agglomération,Hors intersection,Normale,Autre collision,,,,,,,,,,,1,2,1,1,6
200600076372,0006-12-12 13:50:00,6,12,12,13,50,340,172,RAVAZ (AVENUE DU PROFESS,,,Plein jour,En agglomération,Intersection en T,Normale,Deux véhicules - côté,,,,,,,,,,,1,2,3,1,3
200600076373,0006-12-12 18:08:00,6,12,12,18,8,340,172,SEMARD (RUE PIERRE),,,Nuit avec éclairage allumé,En agglomération,Hors intersection,Normale,Sans collision,,,,,,,,,,,5,2,1,1,7
200600076374,0006-12-13 16:18:00,6,12,13,16,18,340,172,"405, GENES (RUE DE)",,,Plein jour,En agglomération,Hors intersection,Normale,Deux véhicules - côté,,,,,,,,,,,1,2,1,1,3
200600076375,0006-12-14 18:15:00,6,12,14,18,15,340,129,D116,,,Nuit sans éclairage public,Hors agglomération,Hors intersection,Normale,Deux véhicules - côté,,,,,,,,,,,3,1,1,1,3
200600076376,0006-12-15 15:00:00,6,12,15,15,0,340,172,"Sans, SAPORTA (ROND-POIN",,,Plein jour,Hors agglomération,Hors intersection,Temps couvert,Autre collision,,,,,,,,,,,1,1,1,8,6
200600076377,0006-12-15 18:00:00,6,12,15,18,0,340,172,", RECH (RUE HIPPOLYTE)",,,Nuit avec éclairage allumé,En agglomération,Hors intersection,Pluie légère,Autre collision,,,,,,,,,,,5,2,1,2,6
200600076378,0006-12-16 20:30:00,6,12,16,20,30,340,172,RAVAZ (AVENUE DU PROFESS,,,Nuit avec éclairage allumé,En agglomération,Hors intersection,Pluie légère,Autre collision,,,,,,,,,,,5,2,1,2,6
200600076379,0006-12-13 09:45:00,6,12,13,9,45,340,172,"142, LODEVE (AVENUE DE",,,Plein jour,En agglomération,Hors intersection,Normale,Autre collision,,,,,,,,,,,1,2,1,1,6
200600076380,0006-12-16 19:55:00,6,12,16,19,55,340,172,MONDIAL 98 (AVENUE DU),,,Nuit avec éclairage allumé,En agglomération,Hors intersection,Pluie légère,Autre collision,,,,,,,,,,,5,2,1,2,6
200600076381,0006-12-13 11:05:00,6,12,13,11,5,340,172,DIACON (AVENUE EMILE),,,Plein jour,En agglomération,Intersection en T,Normale,Autre collision,,,,,,,,,,,1,2,3,1,6
200600076382,0006-12-13 12:30:00,6,12,13,12,30,340,172,"6, DORIA (RUE)",,,Plein jour,En agglomération,Hors intersection,Normale,Autre collision,,,,,,,,,,,1,2,1,1,6
200600076383,0006-12-15 09:39:00,6,12,15,9,39,340,129,AGAU (AVENUE DE L'),,,Plein jour,En agglomération,Hors intersection,Normale,Deux véhicules - côté,,,,,,,,,,,1,2,1,1,3
200600076384,0006-12-15 07:30:00,6,12,15,7,30,340,172,PAS DU LOUP (RUE DU,,,Nuit avec éclairage allumé,En agglomération,Intersection en Y,Normale,Deux véhicules - côté,,,,,,,,,,,5,2,4,1,3
200600076385,0006-12-19 08:20:00,6,12,19,8,20,340,172,"114, JUVENAL (PONT)",,,Plein jour,En agglomération,Hors intersection,Normale,Autre collision,,,,,,,,,,,1,2,1,1,6
200600076386,0006-12-19 12:55:00,6,12,19,12,55,340,129,MASSILIA (AVENUE DE),,,Plein jour,En agglomération,Giratoire,Normale,Deux véhicules - côté,,,,,,,,,,,1,2,6,1,3
200600076387,0006-12-20 04:11:00,6,12,20,4,11,340,172,8 MAI 1945 (PLACE DU),43.60121,3.86796,Nuit avec éclairage allumé,En agglomération,Giratoire,Normale,Sans collision,,,,,,,,,,,5,2,6,1,7
200600076388,0006-12-19 17:13:00,6,12,19,17,13,340,172,PAS DU LOUP (RUE DU,,,Nuit avec éclairage allumé,En agglomération,Intersection en T,Normale,Deux véhicules - côté,,,,,,,,,,,5,2,3,1,3
200600076389,0006-12-21 23:00:00,6,12,21,23,0,340,172,VANIERES (AVENUE DE),,,Nuit avec éclairage allumé,En agglomération,Hors intersection,Normale,Deux véhicules - arrière,,,,,,,,,,,5,2,1,1,2
200600076390,0006-12-19 11:45:00,6,12,19,11,45,340,172,"662, POMPIGNANE (AVENUE",,,Plein jour,En agglomération,Hors intersection,Normale,Trois véhicules et plus - collisions multiples,,,,,,,,,,,1,2,1,1,5
200600076391,0006-12-23 14:00:00,6,12,23,14,0,340,172,ALCO (RUE D',,,Plein jour,En agglomération,Giratoire,Normale,Autre collision,,,,,,,,,,,1,2,6,1,6
200600076392,0006-12-21 10:58:00,6,12,21,10,58,340,172,HUGO (BOULEVARD VICTOR),,,Plein jour,En agglomération,Hors intersection,Normale,Sans collision,,,,,,,,,,,1,2,1,1,7
200600076393,0006-12-22 20:35:00,6,12,22,20,35,340,129,CONSULS (RUE DES),,,Nuit avec éclairage allumé,En agglomération,Intersection en T,Normale,Deux véhicules - côté,,,,,,,,,,,5,2,3,1,3
200600076394,0006-12-26 13:40:00,6,12,26,13,40,340,172,JOUHAUX (AVENUE LEON),,,Plein jour,Hors agglomération,Hors intersection,Normale,Deux véhicules - frontale,,,,,,,,,,,1,1,1,1,1
200600076395,0006-12-26 21:50:00,6,12,26,21,50,340,172,SABATIER D'ESPEYRAN (AVE,,,Nuit avec éclairage allumé,En agglomération,Intersection en T,Normale,Deux véhicules - frontale,,,,,,,,,,,5,2,3,1,1
200600076396,0006-12-27 22:20:00,6,12,27,22,20,340,172,ANTONELLI (AVENUE DU PRO,,,Nuit avec éclairage allumé,En agglomération,Intersection en T,Normale,Deux véhicules - côté,,,,,,,,,,,5,2,3,1,3
200600076397,0006-12-29 21:05:00,6,12,29,21,5,340,172,GARRATS (AVENUE DES),,,Nuit avec éclairage allumé,En agglomération,Intersection en T,Normale,Autre collision,,,,,,,,,,,5,2,3,1,6
200600076398,0006-12-30 14:10:00,6,12,30,14,10,340,172,BROUSSONNET (RUE AUGUSTE,,,Plein jour,En agglomération,Intersection en X,Normale,Deux véhicules - côté,,,,,,,,,,,1,2,2,1,3
200600076399,0006-12-21 19:05:00,6,12,21,19,5,340,172,CHARCOT (IMPASSE),,,Nuit avec éclairage allumé,En agglomération,Intersection en T,Temps couvert,Autre collision,,,,,,,,,,,5,2,3,8,6
200600076400,0006-12-21 22:45:00,6,12,21,22,45,340,108,MAL JUIN (AVENUE DU),,,Nuit avec éclairage allumé,En agglomération,Hors intersection,Normale,Deux véhicules - côté,,,,,,,,,,,5,2,1,1,3
200600076401,0006-12-27 17:45:00,6,12,27,17,45,340,301,BLANC CAMILLE (BOULEVARD,,,Nuit avec éclairage allumé,En agglomération,Hors intersection,Normale,Deux véhicules - côté,,,,,,,,,,,5,2,1,1,3
200600076402,0006-12-31 16:30:00,6,12,31,16,30,340,301,"aucun, HUGO VICTOR (AVEN",,,Plein jour,En agglomération,Hors intersection,Normale,Autre collision,,,,,,,,,,,1,2,1,1,6
200600076403,0006-12-06 18:13:00,6,12,6,18,13,350,115,"122, VERRERIE (AVENUE DE",,,Nuit avec éclairage allumé,En agglomération,Hors intersection,Temps couvert,Autre collision,,,,,,,,,,,5,2,1,8,6
200600076404,0006-12-14 18:05:00,6,12,14,18,5,350,150,"14 Bis, MOTELLE (BD DE L",,,Nuit avec éclairage allumé,En agglomération,Hors intersection,Normale,Autre collision,,,,,,,,,,,5,2,1,1,6
200600076405,0006-12-01 14:40:00,6,12,1,14,40,350,278,"00, RN 137",,,Plein jour,Hors agglomération,Hors intersection,Pluie légère,Deux véhicules - arrière,,,,,,,,,,,1,1,1,2,2
200600076406,0006-12-02 10:10:00,6,12,2,10,10,350,238,"110, VERN (DE)",,,Plein jour,En agglomération,Hors intersection,Pluie légère,Deux véhicules - arrière,,,,,,,,,,,1,2,1,2,2
200600076407,0006-12-02 16:50:00,6,12,2,16,50,350,238,"00, ANTRAIN (D') DE 0 A",,,Plein jour,En agglomération,Intersection en X,Normale,Deux véhicules - arrière,,,,,,,,,,,1,2,2,1,2
200600076408,0006-12-02 21:30:00,6,12,2,21,30,350,238,"80, MITTERAND (MAIL FRAN",,,Nuit avec éclairage allumé,En agglomération,Hors intersection,Normale,Deux véhicules - arrière,,,,,,,,,,,5,2,1,1,2
200600076409,0006-12-05 08:40:00,6,12,5,8,40,350,238,"00, RN136",,,Nuit avec éclairage non allumé,Hors agglomération,Hors intersection,Pluie légère,Trois véhicules et plus - en chaîne,,,,,,,,,,,4,1,1,2,4
200600076410,0006-12-05 07:55:00,6,12,5,7,55,350,238,"00, ROCADE 11-12",,,Nuit avec éclairage non allumé,Hors agglomération,Hors intersection,Pluie légère,Sans collision,,,,,,,,,,,4,1,1,2,7
200600076411,0006-12-05 08:20:00,6,12,5,8,20,350,238,"00, COMBES (BD EMILE)",,,Plein jour,En agglomération,Intersection en X,Pluie forte,Deux véhicules - côté,,,,,,,,,,,1,2,2,3,3
200600076412,0006-12-05 10:15:00,6,12,5,10,15,350,238,"00, PORTE DE NANTES",,,Plein jour,Hors agglomération,Hors intersection,Pluie légère,Trois véhicules et plus - en chaîne,,,,,,,,,,,1,1,1,2,4
200600076413,0006-12-05 12:10:00,6,12,5,12,10,350,238,"00, LE GUILLOUX (HENRI)",,,Plein jour,En agglomération,Hors intersection,Normale,Deux véhicules - côté,,,,,,,,,,,1,2,1,1,3
200600076414,0006-12-05 14:10:00,6,12,5,14,10,350,238,"141, CHATEAUGIRON (DE)",,,Plein jour,En agglomération,Hors intersection,Pluie légère,Deux véhicules - arrière,,,,,,,,,,,1,2,1,2,2
200600076415,0006-12-05 14:20:00,6,12,5,14,20,350,238,"28 ou 32, COMBES (BD EMI",,,Plein jour,En agglomération,Hors intersection,Pluie légère,Autre collision,,,,,,,,,,,1,2,1,2,6
200600076416,0006-12-05 23:45:00,6,12,5,23,45,350,238,"00, RN136",,,Nuit sans éclairage public,Hors agglomération,Hors intersection,Normale,Autre collision,,,,,,,,,,,3,1,1,1,6
200600076417,0006-12-06 15:55:00,6,12,6,15,55,350,238,"00, 41°REGIMENT D'INFANT",,,Plein jour,En agglomération,Intersection en X,Normale,Autre collision,,,,,,,,,,,1,2,2,1,6
200600076418,0006-12-06 23:35:00,6,12,6,23,35,350,238,"00, MARBEUF (BLD)",,,Nuit avec éclairage allumé,En agglomération,Intersection en T,Normale,Autre collision,,,,,,,,,,,5,2,3,1,6
200600076419,0006-12-07 06:10:00,6,12,7,6,10,350,238,"303, ROBIQUETTE ( BOULEV",,,Nuit avec éclairage allumé,En agglomération,Hors intersection,Pluie légère,Deux véhicules - arrière,,,,,,,,,,,5,2,1,2,2
200600076420,0006-12-07 08:30:00,6,12,7,8,30,350,238,"00, MELESSE (ROND POINT",,,Crépuscule ou aube,Hors agglomération,Giratoire,Pluie forte,Deux véhicules - côté,,,,,,,,,,,2,1,6,3,3
200600076421,0006-12-07 08:31:00,6,12,7,8,31,350,238,"00, POLOGNE (AVENUE DE)",,,Nuit avec éclairage allumé,En agglomération,Intersection en X,Pluie forte,Autre collision,,,,,,,,,,,5,2,2,3,6
200600076422,0006-12-07 12:15:00,6,12,7,12,15,350,238,"00, ROUTE DE ST MALO",,,Plein jour,En agglomération,Giratoire,Normale,Autre collision,,,,,,,,,,,1,2,6,1,6
200600076423,0006-12-08 07:45:00,6,12,8,7,45,350,238,"00, CHURCHILL (AVENUE SI",,,Nuit avec éclairage allumé,En agglomération,Intersection en X,Pluie forte,Autre collision,,,,,,,,,,,5,2,2,3,6
200600076424,0006-12-08 08:40:00,6,12,8,8,40,350,238,"82, CLEMENCEAU (BD GEORG",,,Crépuscule ou aube,En agglomération,Hors intersection,Pluie forte,Autre collision,,,,,,,,,,,2,2,1,3,6
200600076425,0006-12-08 12:55:00,6,12,8,12,55,350,281,"00, MENDES FRANCE (BD PI",,,Plein jour,En agglomération,Hors intersection,Pluie forte,Deux véhicules - arrière,,,,,,,,,,,1,2,1,3,2
200600076426,0006-12-08 12:50:00,6,12,8,12,50,350,55,"00, BOURGOGNE (AVENUE DE",,,Plein jour,En agglomération,Giratoire,Temps couvert,Deux véhicules - côté,,,,,,,,,,,1,2,6,8,3
200600076427,0006-12-08 19:25:00,6,12,8,19,25,350,238,"63, VILLEBOIS MAREUIL (B",,,Nuit avec éclairage allumé,En agglomération,Hors intersection,Pluie légère,Deux véhicules - côté,,,,,,,,,,,5,2,1,2,3
200600076428,0006-12-08 19:10:00,6,12,8,19,10,350,238,"00, PATTON (AVENUE DU GE",,,Nuit avec éclairage allumé,En agglomération,Intersection en X,Pluie légère,Deux véhicules - côté,,,,,,,,,,,5,2,2,2,3
200600076429,0006-12-09 00:40:00,6,12,9,0,40,350,238,"00, GRIMAULT (BD LEON)",,,Nuit avec éclairage allumé,En agglomération,Hors intersection,Normale,Autre collision,,,,,,,,,,,5,2,1,1,6
200600076430,0006-12-09 05:30:00,6,12,9,5,30,350,238,"00, RN136",,,Nuit sans éclairage public,Hors agglomération,Hors intersection,Pluie légère,Sans collision,,,,,,,,,,,3,1,1,2,7
200600076431,0006-12-09 11:00:00,6,12,9,11,0,350,238,"00, BUFFON (RUE NADAULT",,,Plein jour,En agglomération,Intersection en X,Pluie légère,Deux véhicules - côté,,,,,,,,,,,1,2,2,2,3
200600076432,0006-12-09 14:10:00,6,12,9,14,10,350,238,"00, CARTIER (BD JACQUES)",,,Plein jour,En agglomération,Intersection en X,Normale,Deux véhicules - côté,,,,,,,,,,,1,2,2,1,3
200600076433,0006-12-09 18:35:00,6,12,9,18,35,350,55,"00, RD 463",,,Nuit avec éclairage allumé,En agglomération,Intersection en T,Pluie légère,Deux véhicules - côté,,,,,,,,,,,5,2,3,2,3
200600076434,0006-12-11 17:00:00,6,12,11,17,0,350,238,"00, BOIS LABBE (AVENUE D",,,Crépuscule ou aube,En agglomération,Hors intersection,Pluie légère,Deux véhicules - côté,,,,,,,,,,,2,2,1,2,3
200600076435,0006-12-11 23:00:00,6,12,11,23,0,350,281,"00, CHEMIN DE BORON",,,Nuit avec éclairage allumé,Hors agglomération,Hors intersection,Normale,Autre collision,,,,,,,,,,,5,1,1,1,6
200600076436,0006-12-12 09:15:00,6,12,12,9,15,350,238,"00, CLEMENCEAU (BD GEORG",,,Plein jour,En agglomération,Hors intersection,Normale,Autre collision,,,,,,,,,,,1,2,1,1,6
200600076437,0006-12-13 15:35:00,6,12,13,15,35,350,238,"00, BOSPHORE (DU)",,,Plein jour,En agglomération,Hors intersection,Normale,Deux véhicules - côté,,,,,,,,,,,1,2,1,1,3
200600076438,0006-12-14 18:00:00,6,12,14,18,0,350,238,"00, PUITS MAUGER (DU)",,,Nuit avec éclairage allumé,En agglomération,Intersection en T,Normale,Autre collision,,,,,,,,,,,5,2,3,1,6
200600076439,0006-12-16 11:00:00,6,12,16,11,0,350,238,"00, PORTE DE BREST",,,Plein jour,Hors agglomération,Hors intersection,Pluie forte,Deux véhicules - arrière,,,,,,,,,,,1,1,1,3,2
200600076440,0006-12-16 14:35:00,6,12,16,14,35,350,238,"00, CHATEAUGIRON (DE)",,,Plein jour,En agglomération,Intersection en X,Normale,Deux véhicules - côté,,,,,,,,,,,1,2,2,1,3
200600076441,0006-12-16 23:16:00,6,12,16,23,16,350,238,"19, MARBEUF (BLD)",,,Nuit avec éclairage allumé,En agglomération,Hors intersection,Normale,Trois véhicules et plus - collisions multiples,,,,,,,,,,,5,2,1,1,5
200600076442,0006-12-18 09:15:00,6,12,18,9,15,350,238,"00, ROBERT (FERNAND)",,,Plein jour,En agglomération,Hors intersection,Normale,Deux véhicules - frontale,,,,,,,,,,,1,2,1,1,1
200600076443,0006-12-18 13:00:00,6,12,18,13,0,350,278,"00, RD 82",,,Plein jour,Hors agglomération,Hors intersection,Normale,Deux véhicules - frontale,,,,,,,,,,,1,1,1,1,1
200600076444,0006-12-18 21:14:00,6,12,18,21,14,350,238,"00, PORTE DE MAUREPAS",,,Nuit sans éclairage public,Hors agglomération,Hors intersection,Brouillard / fumée,Deux véhicules - frontale,,,,,,,,,,,3,1,1,5,1
200600076445,0006-12-19 08:15:00,6,12,19,8,15,350,238,"00, ROUTE DE ST MALO",,,Crépuscule ou aube,En agglomération,Giratoire,Normale,Deux véhicules - côté,,,,,,,,,,,2,2,6,1,3
200600076446,0006-12-19 08:00:00,6,12,19,8,0,350,278,"00, RN 137",,,Plein jour,Hors agglomération,Hors intersection,Normale,Trois véhicules et plus - en chaîne,,,,,,,,,,,1,1,1,1,4
200600076447,0006-12-19 11:45:00,6,12,19,11,45,350,238,"5, MOTTE BRULON (DE LA)",,,Plein jour,En agglomération,Hors intersection,Normale,Autre collision,,,,,,,,,,,1,2,1,1,6
200600076448,0006-12-19 11:00:00,6,12,19,11,0,350,238,"00, PORTE DE NANTES",,,Plein jour,Hors agglomération,Hors intersection,Normale,Autre collision,,,,,,,,,,,1,1,1,1,6
200600076449,0006-12-19 16:05:00,6,12,19,16,5,350,281,"00, MENDES FRANCE (BD PI",,,Plein jour,En agglomération,Intersection en X,Normale,Autre collision,,,,,,,,,,,1,2,2,1,6
200600076450,0006-12-20 14:20:00,6,12,20,14,20,350,238,"32, COMBES (BD EMILE)",,,Plein jour,En agglomération,Hors intersection,Normale,Autre collision,,,,,,,,,,,1,2,1,1,6
200600076451,0006-12-20 19:05:00,6,12,20,19,5,350,238,"00, VILLEBOIS MAREUIL (B",,,Nuit avec éclairage allumé,En agglomération,Intersection en T,Normale,Deux véhicules - côté,,,,,,,,,,,5,2,3,1,3
200600076452,0006-12-20 19:40:00,6,12,20,19,40,350,238,"3, CHEZY (BD DE)",,,Nuit avec éclairage allumé,En agglomération,Hors intersection,Normale,Deux véhicules - arrière,,,,,,,,,,,5,2,1,1,2
200600076453,0006-12-20 21:08:00,6,12,20,21,8,350,238,"91, SAINT-BRIEUC (DE)",,,Nuit avec éclairage allumé,En agglomération,Hors intersection,Normale,Deux véhicules - côté,,,,,,,,,,,5,2,1,1,3
200600076454,0006-12-21 17:30:00,6,12,21,17,30,350,238,"00, CLEMENCEAU (BD GEORG",,,Nuit avec éclairage allumé,En agglomération,Intersection en X,Normale,Deux véhicules - côté,,,,,,,,,,,5,2,2,1,3