accident_id,datetime,annee,mois,jour,heure,minute,departement,commune_insee,adresse,latitude,longitude,luminosite,agglomeration,intersection,meteo,collision,nb_vehicules,nb_usagers,nb_indemnes,nb_tues,nb_blesses_hosp,nb_blesses_legers,age_cond_1,age_cond_2,veh_type_cond_1,veh_type_cond_2,lum_code,agg_code,int_code,atm_code,col_code
200600076455,0006-12-21 19:10:00,6,12,21,19,10,350,238,"00, MERMOZ (BOULEVARD JE",,,Nuit sans éclairage public,En agglomération,Hors intersection,Normale,Deux véhicules - arrière,,,,,,,,,,,3,2,1,1,2
200600076456,0006-12-21 21:32:00,6,12,21,21,32,350,238,"00, ROCADE 4-5",,,Nuit avec éclairage allumé,Hors agglomération,Hors intersection,Normale,Deux véhicules - arrière,,,,,,,,,,,5,1,1,1,2
200600076457,0006-12-22 17:15:00,6,12,22,17,15,350,238,"00, BERNARD (CLAUDE)",,,Crépuscule ou aube,En agglomération,Intersection en X,Normale,Autre collision,,,,,,,,,,,2,2,2,1,6
200600076458,0006-12-22 16:55:00,6,12,22,16,55,350,238,"00, CHATEAUGIRON (DE)",,,Plein jour,En agglomération,Hors intersection,Normale,Autre collision,,,,,,,,,,,1,2,1,1,6
200600076459,0006-12-23 02:10:00,6,12,23,2,10,350,238,"100 bis, SEVIGNE (BD DE)",,,Nuit avec éclairage allumé,En agglomération,Hors intersection,Normale,Autre collision,,,,,,,,,,,5,2,1,1,6
200600076460,0006-12-23 11:45:00,6,12,23,11,45,350,238,PORTE DE BREQUIGNY,,,Plein jour,Hors agglomération,Hors intersection,Normale,Autre collision,,,,,,,,,,,1,1,1,1,6
200600076461,0006-12-26 15:32:00,6,12,26,15,32,350,238,"00, PORTE DE ST NAZAIRE",,,Plein jour,Hors agglomération,Hors intersection,Normale,Deux véhicules - arrière,,,,,,,,,,,1,1,1,1,2
200600076462,0006-12-29 14:35:00,6,12,29,14,35,350,238,"21, STRASBOURG (BOULEVAR",,,Plein jour,En agglomération,Hors intersection,Normale,Deux véhicules - côté,,,,,,,,,,,1,2,1,1,3
200600076463,0006-12-30 09:45:00,6,12,30,9,45,350,238,"00, MERMOZ (BOULEVARD JE",,,Plein jour,En agglomération,Hors intersection,Pluie légère,Trois véhicules et plus - collisions multiples,,,,,,,,,,,1,2,1,2,5
200600076464,0006-12-30 10:10:00,6,12,30,10,10,350,238,"00, ROCADE 9-10",,,Plein jour,Hors agglomération,Hors intersection,Pluie légère,Autre collision,,,,,,,,,,,1,1,1,2,6
200600076465,0006-12-30 10:40:00,6,12,30,10,40,350,238,"00, LITTRE (Rue Emile)",,,Plein jour,En agglomération,Hors intersection,Pluie légère,Autre collision,,,,,,,,,,,1,2,1,2,6
200600076466,0006-12-30 16:10:00,6,12,30,16,10,350,238,"122, ANTRAIN (D') DE 43",,,Plein jour,En agglomération,Intersection en T,Pluie forte,Autre collision,,,,,,,,,,,1,2,3,3,6
200600076467,0006-12-01 18:44:00,6,12,1,18,44,360,44,"1, BOURGOGNE (DE)",,,Nuit avec éclairage allumé,En agglomération,Intersection en X,Normale,Deux véhicules - côté,,,,,,,,,,,5,2,2,1,3
200600076468,0006-12-21 20:40:00,6,12,21,20,40,360,202,ECHARBEAUX (RUE DES),,,Nuit sans éclairage public,Hors agglomération,Hors intersection,Normale,Sans collision,,,,,,,,,,,3,1,1,1,7
200600076469,0006-12-01 18:15:00,6,12,1,18,15,360,44,"65, LEMOINE (AV MARCEL)",,,Nuit avec éclairage allumé,En agglomération,Hors intersection,Normale,Deux véhicules - côté,,,,,,,,,,,5,2,1,1,3
200600076470,0006-12-21 20:15:00,6,12,21,20,15,360,159,"94, GRAND EPOT (ROUTE DU",,,Nuit avec éclairage allumé,En agglomération,Hors intersection,Normale,Autre collision,,,,,,,,,,,5,2,1,1,6
200600076471,0006-12-24 03:50:00,6,12,24,3,50,360,63,ROUTE DEPARTEMENTALE 920,,,Nuit sans éclairage public,Hors agglomération,Hors intersection,Normale,Deux véhicules - côté,,,,,,,,,,,3,1,1,1,3
200600076472,0006-12-03 21:00:00,6,12,3,21,0,360,202,ECHARBEAUX (RUE DES),,,Nuit sans éclairage public,Hors agglomération,Hors intersection,Pluie légère,Sans collision,,,,,,,,,,,3,1,1,2,7
200600076473,0006-12-09 04:56:00,6,12,9,4,56,360,159,MONTLUCON (ROUTE) R.D. N,,,Nuit sans éclairage public,Hors agglomération,Hors intersection,Pluie légère,Sans collision,,,,,,,,,,,3,1,1,2,7
200600076474,0006-12-09 11:03:00,6,12,9,11,3,360,202,"1, FORET (AVENUE DE LA)",,,Plein jour,Hors agglomération,Intersection en T,Normale,Deux véhicules - arrière,,,,,,,,,,,1,1,3,1,2
200600076475,0006-12-09 18:55:00,6,12,9,18,55,360,202,CHATEAUROUX (ROUTE DE),,,Nuit sans éclairage public,Hors agglomération,Intersection en X,Normale,Deux véhicules - côté,,,,,,,,,,,3,1,2,1,3
200600076476,0006-12-11 13:54:00,6,12,11,13,54,360,202,ECHARBEAUX (RUE DES),,,Plein jour,Hors agglomération,Hors intersection,Normale,Sans collision,,,,,,,,,,,1,1,1,1,7
200600076477,0006-12-12 18:22:00,6,12,12,18,22,360,44,CHATRE (AV DE LA) DU 324,,,Nuit avec éclairage non allumé,Hors agglomération,Intersection en T,Normale,Trois véhicules et plus - collisions multiples,,,,,,,,,,,4,1,3,1,5
200600076478,0006-12-14 14:39:00,6,12,14,14,39,360,63,"1, ROBINSON (DE)",,,Plein jour,En agglomération,Hors intersection,Normale,Sans collision,,,,,,,,,,,1,2,1,1,7
200600076479,0006-12-19 07:25:00,6,12,19,7,25,360,44,"0, LAFAYETTE (PL)",,,Crépuscule ou aube,En agglomération,Hors intersection,Brouillard / fumée,Deux véhicules - arrière,,,,,,,,,,,2,2,1,5,2
200600076480,0006-12-20 14:29:00,6,12,20,14,29,360,44,ARGENTON (AV D'),,,Plein jour,En agglomération,Intersection en T,Normale,Deux véhicules - arrière,,,,,,,,,,,1,2,3,1,2
200600076481,0006-12-21 18:45:00,6,12,21,18,45,360,44,GIREUGNE (DE),,,Crépuscule ou aube,Hors agglomération,Intersection en T,Autre,Deux véhicules - côté,,,,,,,,,,,2,1,3,9,3
200600076482,0006-12-23 15:33:00,6,12,23,15,33,360,44,"2, VEILLAT (JUST)",,,Plein jour,En agglomération,Hors intersection,Normale,Autre collision,,,,,,,,,,,1,2,1,1,6
200600076483,0006-12-27 09:02:00,6,12,27,9,2,360,44,"54, VERDUN (AV DE)",,,Plein jour,En agglomération,Hors intersection,Normale,Autre collision,,,,,,,,,,,1,2,1,1,6
200600076484,0006-12-31 13:27:00,6,12,31,13,27,360,159,ROUTE DEPARTEMENTALE 943,,,Plein jour,En agglomération,Intersection en T,Pluie légère,Deux véhicules - côté,,,,,,,,,,,1,2,3,2,3
200600076485,0006-12-29 18:15:00,6,12,29,18,15,370,214,MURIER (RUE DU),,,Nuit avec éclairage allumé,En agglomération,Giratoire,Normale,Deux véhicules - côté,,,,,,,,,,,5,2,6,1,3
200600076486,0006-12-29 15:00:00,6,12,29,15,0,370,233,DUCLOS (AVENUE JACQUES),,,Plein jour,En agglomération,Intersection en T,Normale,Deux véhicules - arrière,,,,,,,,,,,1,2,3,1,2
200600076487,0006-12-19 08:30:00,6,12,19,8,30,370,261,"62, FEBVOTTE (RUE)",,,Plein jour,En agglomération,Intersection en X,Normale,Autre collision,,,,,,,,,,,1,2,2,1,6
200600076488,0006-12-05 07:10:00,6,12,5,7,10,370,261,EUROPE (AVENUE DE L'),,,Nuit avec éclairage allumé,En agglomération,Hors intersection,Normale,Autre collision,,,,,,,,,,,5,2,1,1,6
200600076489,0006-12-01 07:45:00,6,12,1,7,45,370,261,"7, TANNEURS (RUE DES)",,,Crépuscule ou aube,En agglomération,Hors intersection,Temps couvert,Autre collision,,,,,,,,,,,2,2,1,8,6
200600076490,0006-12-07 13:30:00,6,12,7,13,30,370,122,DOUZILLIERE (RUE DE LA),,,Plein jour,En agglomération,Hors intersection,Normale,Deux véhicules - côté,,,,,,,,,,,1,2,1,1,3
200600076491,0006-12-09 01:10:00,6,12,9,1,10,370,261,DE GAULLE (AVENUE DU GEN,,,Nuit avec éclairage allumé,En agglomération,Hors intersection,Normale,Autre collision,,,,,,,,,,,5,2,1,1,6
200600076492,0006-12-10 01:30:00,6,12,10,1,30,370,261,BERANGER (BOULEVARD),,,Nuit avec éclairage allumé,En agglomération,Intersection en X,Normale,Deux véhicules - côté,,,,,,,,,,,5,2,2,1,3
200600076493,0006-12-13 18:45:00,6,12,13,18,45,370,122,"139, JAURES (BOULEVARD J",,,Crépuscule ou aube,En agglomération,Intersection en T,Pluie légère,Deux véhicules - côté,,,,,,,,,,,2,2,3,2,3
200600076494,0006-12-08 18:10:00,6,12,8,18,10,370,195,SAINT-GENOUPH (ROUTE DE),,,Nuit sans éclairage public,En agglomération,Intersection en T,Normale,Deux véhicules - côté,,,,,,,,,,,3,2,3,1,3
200600076495,0006-12-18 07:20:00,6,12,18,7,20,370,261,TRANCHEE (AVENUE DE LA),,,Crépuscule ou aube,En agglomération,Hors intersection,Pluie légère,Autre collision,,,,,,,,,,,2,2,1,2,6
200600076496,0006-12-10 18:15:00,6,12,10,18,15,370,261,VAILLANT (RUE EDOUARD),,,Nuit avec éclairage allumé,En agglomération,Hors intersection,Normale,Autre collision,,,,,,,,,,,5,2,1,1,6
200600076497,0006-12-19 08:15:00,6,12,19,8,15,370,261,"17 bis, PORTILLON (QUAI",,,Plein jour,En agglomération,Hors intersection,Normale,Autre collision,,,,,,,,,,,1,2,1,1,6
200600076498,0006-12-16 12:35:00,6,12,16,12,35,370,122,LAVOISIER (RUE),,,Plein jour,En agglomération,Giratoire,Normale,Deux véhicules - côté,,,,,,,,,,,1,2,6,1,3
200600076499,0006-12-13 15:00:00,6,12,13,15,0,370,261,"104, PAS NOTRE-DAME (RUE",,,Plein jour,En agglomération,Hors intersection,Normale,Autre collision,,,,,,,,,,,1,2,1,1,6
200600076500,0006-12-13 18:10:00,6,12,13,18,10,370,195,PERIPHERIQUE OUEST,,,Nuit sans éclairage public,Hors agglomération,Hors intersection,Brouillard / fumée,Autre collision,,,,,,,,,,,3,1,1,5,6
200600076501,0006-12-20 18:25:00,6,12,20,18,25,370,261,GRAMMONT (AVENUE DE),,,Nuit sans éclairage public,En agglomération,Hors intersection,Normale,Deux véhicules - arrière,,,,,,,,,,,3,2,1,1,2
200600076502,0006-12-28 17:05:00,6,12,28,17,5,370,261,"37, TRANCHEE (AVENUE DE",,,Plein jour,En agglomération,Hors intersection,Normale,Trois véhicules et plus - en chaîne,,,,,,,,,,,1,2,1,1,4
200600076503,0006-12-16 19:22:00,6,12,16,19,22,370,261,SCELLERIE (RUE DE LA),,,Nuit avec éclairage allumé,En agglomération,Hors intersection,Pluie légère,Autre collision,,,,,,,,,,,5,2,1,2,6
200600076504,0006-12-09 22:25:00,6,12,9,22,25,380,53,"4, MARTIN LUTHER KING",,,Nuit avec éclairage allumé,En agglomération,Intersection en T,Pluie légère,Deux véhicules - côté,,,,,,,,,,,5,2,3,2,3
200600076505,0006-12-01 17:20:00,6,12,1,17,20,380,185,"00, ESMONIN (AVENUE ED.)",,,Nuit avec éclairage allumé,En agglomération,Hors intersection,Normale,Autre collision,,,,,,,,,,,5,2,1,1,6
200600076506,0006-12-01 23:20:00,6,12,1,23,20,380,185,"00, LESDIGUIERES (RUE)",,,Nuit avec éclairage allumé,En agglomération,Hors intersection,Normale,Autre collision,,,,,,,,,,,5,2,1,1,6
200600076507,0006-12-04 07:36:00,6,12,4,7,36,380,185,"00, BERRIAT (COURS)",,,Nuit avec éclairage allumé,En agglomération,Hors intersection,Pluie légère,Trois véhicules et plus - collisions multiples,,,,,,,,,,,5,2,1,2,5
200600076508,0006-12-03 20:40:00,6,12,3,20,40,380,185,"00, BLANCHARD (RUE R.)",,,Nuit avec éclairage allumé,En agglomération,Intersection en X,Pluie légère,Deux véhicules - côté,,,,,,,,,,,5,2,2,2,3
200600076509,0006-12-06 17:50:00,6,12,6,17,50,380,185,"00, VERDUN (PLACE)",,,Nuit avec éclairage allumé,En agglomération,Hors intersection,Pluie légère,Autre collision,,,,,,,,,,,5,2,1,2,6
200600076510,0006-12-06 21:05:00,6,12,6,21,5,380,185,"9, REPUBLIQUE (RUE DE LA",,,Nuit avec éclairage allumé,En agglomération,Intersection en X,Normale,Deux véhicules - côté,,,,,,,,,,,5,2,2,1,3
200600076511,0006-12-08 08:35:00,6,12,8,8,35,380,421,"., UNIVERSITES (RUE DES)",,,Plein jour,En agglomération,Giratoire,Normale,Deux véhicules - côté,,,,,,,,,,,1,2,6,1,3
200600076512,0006-12-08 12:40:00,6,12,8,12,40,380,185,"43, BERTHELOT (AV. M.)MA",,,Plein jour,En agglomération,Hors intersection,Normale,Deux véhicules - côté,,,,,,,,,,,1,2,1,1,3
200600076513,0006-12-08 23:32:00,6,12,8,23,32,380,185,EUROPE ( AVENUE DE L' ),,,Nuit avec éclairage allumé,En agglomération,Hors intersection,Pluie forte,Autre collision,,,,,,,,,,,5,2,1,3,6
200600076514,0006-12-09 18:19:00,6,12,9,18,19,380,151,"14, JAURES (COURS J. 1 A",,,Nuit avec éclairage allumé,En agglomération,Hors intersection,Normale,Autre collision,,,,,,,,,,,5,2,1,1,6
200600076515,0006-12-10 01:25:00,6,12,10,1,25,380,185,BLUM (AVENUE L.),,,Nuit avec éclairage allumé,En agglomération,Intersection en X,Normale,Deux véhicules - côté,,,,,,,,,,,5,2,2,1,3
200600076516,0006-12-12 13:55:00,6,12,12,13,55,380,185,"., CLEMENCEAU (BOULEVARD",,,Plein jour,En agglomération,Intersection en T,Normale,Deux véhicules - côté,,,,,,,,,,,1,2,3,1,3
200600076517,0006-12-13 18:50:00,6,12,13,18,50,380,185,"53, JAURES (COURS J.)",,,Nuit avec éclairage allumé,En agglomération,Hors intersection,Normale,Trois véhicules et plus - collisions multiples,,,,,,,,,,,5,2,1,1,5
200600076518,0006-12-15 10:30:00,6,12,15,10,30,380,185,"., SEMBAT (BOULEVARD A.)",,,Plein jour,En agglomération,Intersection en X,Normale,Autre collision,,,,,,,,,,,1,2,2,1,6
200600076519,0006-12-15 16:50:00,6,12,15,16,50,380,185,"4, EAUX CLAIRES (RUE DES",,,Crépuscule ou aube,En agglomération,Intersection en T,Normale,Deux véhicules - frontale,,,,,,,,,,,2,2,3,1,1
200600076520,0006-12-15 20:00:00,6,12,15,20,0,380,185,"00, FOCH (BOULEVARD MAL)",,,Nuit avec éclairage allumé,En agglomération,Intersection en X,Normale,Autre collision,,,,,,,,,,,5,2,2,1,6
200600076521,0006-12-17 03:40:00,6,12,17,3,40,380,423,A.48 (AUTOROUTE),,,Nuit sans éclairage public,Hors agglomération,Hors intersection,Pluie légère,Autre collision,,,,,,,,,,,3,1,1,2,6
200600076522,0006-12-17 17:50:00,6,12,17,17,50,380,185,"00, LIBERTE (RUE DE LA)",,,Nuit avec éclairage allumé,En agglomération,Hors intersection,Normale,Autre collision,,,,,,,,,,,5,2,1,1,6
200600076523,0006-12-18 04:40:00,6,12,18,4,40,380,421,"00, PERI (AVENUE G.)GREN",,,Nuit avec éclairage allumé,En agglomération,Intersection en X,Normale,Deux véhicules - côté,,,,,,,,,,,5,2,2,1,3
200600076524,0006-12-19 10:15:00,6,12,19,10,15,380,169,"21, VERCORS (AVENUE DU)",,,Plein jour,En agglomération,Hors intersection,Normale,Autre collision,,,,,,,,,,,1,2,1,1,6
200600076525,0006-12-19 17:00:00,6,12,19,17,0,380,169,"00, ELUARD (RUE P.)",,,Nuit sans éclairage public,En agglomération,Intersection en X,Normale,Deux véhicules - côté,,,,,,,,,,,3,2,2,1,3
200600076526,0006-12-20 07:30:00,6,12,20,7,30,380,185,"13, ALEMBERT (RUE D')",,,Nuit avec éclairage allumé,En agglomération,Hors intersection,Normale,Autre collision,,,,,,,,,,,5,2,1,1,6
200600076527,0006-12-20 12:55:00,6,12,20,12,55,380,151,"00, COMBOIRE (RUE DE)",,,Plein jour,En agglomération,Hors intersection,Normale,Trois véhicules et plus - en chaîne,,,,,,,,,,,1,2,1,1,4
200600076528,0006-12-20 14:30:00,6,12,20,14,30,380,185,"00, PORTE DE FRANCE (PON",,,Plein jour,En agglomération,Hors intersection,Normale,Autre collision,,,,,,,,,,,1,2,1,1,6
200600076529,0006-12-20 17:11:00,6,12,20,17,11,380,185,A.480 (AUTOROUTE),,,Plein jour,Hors agglomération,Hors intersection,Normale,Deux véhicules - arrière,,,,,,,,,,,1,1,1,1,2
200600076530,0006-12-20 18:30:00,6,12,20,18,30,380,317,AUTOROUTE,,,Nuit sans éclairage public,Hors agglomération,Hors intersection,Normale,Trois véhicules et plus - en chaîne,,,,,,,,,,,3,1,1,1,4
200600076531,0006-12-20 20:03:00,6,12,20,20,3,380,151,"., SEMARD (RUE P.)",,,Nuit avec éclairage allumé,En agglomération,Intersection en T,Normale,Deux véhicules - côté,,,,,,,,,,,5,2,3,1,3
200600076532,0006-12-22 09:30:00,6,12,22,9,30,380,185,"., PAIN (BOULEVARD)",,,Plein jour,En agglomération,Intersection en X,Normale,Autre collision,,,,,,,,,,,1,2,2,1,6
200600076533,0006-12-22 18:20:00,6,12,22,18,20,380,185,"., INNSBRUCK (AVENUE) (N",,,Nuit avec éclairage allumé,En agglomération,Intersection en X,Normale,Deux véhicules - frontale,,,,,,,,,,,5,2,2,1,1
200600076534,0006-12-23 19:55:00,6,12,23,19,55,380,185,JAURES (COURS J.),,,Nuit avec éclairage allumé,En agglomération,Intersection en X,Normale,Autre collision,,,,,,,,,,,5,2,2,1,6
200600076535,0006-12-25 18:00:00,6,12,25,18,0,380,151,"., JAURES        (COURS",,,Nuit avec éclairage allumé,En agglomération,Intersection en X,Normale,Sans collision,,,,,,,,,,,5,2,2,1,7
200600076536,0006-12-26 21:20:00,6,12,26,21,20,380,185,"., MARTIN (SQUARE DR.)",,,Nuit avec éclairage allumé,En agglomération,Hors intersection,Normale,Autre collision,,,,,,,,,,,5,2,1,1,6
200600076537,0006-12-27 15:45:00,6,12,27,15,45,380,185,"., NURSERY(RUE DE LA)",,,Plein jour,En agglomération,Intersection en T,Normale,Deux véhicules - côté,,,,,,,,,,,1,2,3,1,3
200600076538,0006-12-27 17:49:00,6,12,27,17,49,380,185,"13, FOCH (BOULEVARD MAL)",,,Nuit avec éclairage allumé,En agglomération,Hors intersection,Normale,Autre collision,,,,,,,,,,,5,2,1,1,6
200600076539,0006-12-28 21:05:00,6,12,28,21,5,380,169,"25 ter, CURIE (BOULEVARD",,,Nuit avec éclairage allumé,En agglomération,Hors intersection,Normale,Deux véhicules - arrière,,,,,,,,,,,5,2,1,1,2
200600076540,0006-12-29 08:30:00,6,12,29,8,30,380,185,"22, THIERS (RUE)",,,Plein jour,En agglomération,Hors intersection,Pluie légère,Autre collision,,,,,,,,,,,1,2,1,2,6
200600076541,0006-12-29 17:30:00,6,12,29,17,30,380,151,"65, JAURES        (COURS",,,Nuit avec éclairage allumé,En agglomération,Hors intersection,Normale,Deux véhicules - arrière,,,,,,,,,,,5,2,1,1,2
200600076542,0006-12-26 16:50:00,6,12,26,16,50,380,544,"0, FERNAND POINT(BD)",,,Nuit avec éclairage allumé,En agglomération,Intersection en X,Normale,Deux véhicules - côté,,,,,,,,,,,5,2,2,1,3
200600076543,0006-12-16 18:30:00,6,12,16,18,30,380,563,"0, VALOIS (AVENUE DU DR)",,,Nuit avec éclairage allumé,En agglomération,Intersection en X,Pluie légère,Deux véhicules - frontale,,,,,,,,,,,5,2,2,2,1
200600076544,0006-12-28 13:25:00,6,12,28,13,25,380,563,"0, PATINIERE (AVENUE DE",,,Plein jour,En agglomération,Hors intersection,Normale,Deux véhicules - frontale,,,,,,,,,,,1,2,1,1,1
200600076545,0006-12-31 10:25:00,6,12,31,10,25,390,198,"0, BETHOUART (RUE DU GEN",,,Plein jour,En agglomération,Hors intersection,Normale,Autre collision,,,,,,,,,,,1,2,1,1,6
200600076546,0006-12-09 18:25:00,6,12,9,18,25,390,198,"6, DUHAMEL (AVENUE JACQU",,,Nuit avec éclairage allumé,En agglomération,Hors intersection,Pluie légère,Autre collision,,,,,,,,,,,5,2,1,2,6
200600076547,0006-12-31 18:30:00,6,12,31,18,30,390,198,"0, LAHR (AVENUE DE)",,,Nuit avec éclairage allumé,En agglomération,Hors intersection,Normale,Autre collision,,,,,,,,,,,5,2,1,1,6
200600076548,0006-12-15 17:35:00,6,12,15,17,35,390,300,"0, PAVIGNY (RUE DE)",,,Nuit avec éclairage allumé,En agglomération,Hors intersection,Normale,Deux véhicules - côté,,,,,,,,,,,5,2,1,1,3
200600076549,0006-12-17 02:00:00,6,12,17,2,0,390,362,"0, MAILLOT (AVENUE) N° I",,,Nuit avec éclairage allumé,En agglomération,Hors intersection,Normale,Autre collision,,,,,,,,,,,5,2,1,1,6
200600076550,0006-12-09 12:18:00,6,12,9,12,18,400,279,RESISTANCE (AVE DE LA),,,Plein jour,Hors agglomération,Hors intersection,Pluie forte,Deux véhicules - côté,,,,,,,,,,,1,1,1,3,3
200600076551,0006-12-16 14:00:00,6,12,16,14,0,400,88,"124, CROIX BLANCHE (RUE",,,Plein jour,En agglomération,Hors intersection,Normale,Trois véhicules et plus - en chaîne,,,,,,,,,,,1,2,1,1,4
200600076552,0006-12-28 09:58:00,6,12,28,9,58,400,88,FOCH (COURS DU MARECHAL),,,Plein jour,En agglomération,Hors intersection,Normale,Autre collision,,,,,,,,,,,1,2,1,1,6
200600076553,0006-12-31 19:30:00,6,12,31,19,30,400,279,RN 124,,,Nuit sans éclairage public,Hors agglomération,Hors intersection,Normale,Autre collision,,,,,,,,,,,3,1,1,1,6
200600076554,0006-12-15 08:03:00,6,12,15,8,3,400,192,"12, TASSIGNY (BD JEAN DE",,,Crépuscule ou aube,En agglomération,Hors intersection,Normale,Trois véhicules et plus - collisions multiples,,,,,,,,,,,2,2,1,1,5
200600076555,0006-12-15 15:35:00,6,12,15,15,35,400,192,"781, ROZANOFF(AV DU COL.",,,Plein jour,En agglomération,Hors intersection,Normale,Autre collision,,,,,,,,,,,1,2,1,1,6
200600076556,0006-12-22 19:55:00,6,12,22,19,55,400,192,DUPOUY (AV JEAN),,,Nuit avec éclairage allumé,En agglomération,Intersection en T,Brouillard / fumée,Deux véhicules - côté,,,,,,,,,,,5,2,3,5,3
200600076557,0006-12-01 17:00:00,6,12,1,17,0,410,18,"57-59, WILSON (AVENUE DU",,,Crépuscule ou aube,En agglomération,Hors intersection,Normale,Trois véhicules et plus - collisions multiples,,,,,,,,,,,2,2,1,1,5
200600076558,0006-12-02 16:50:00,6,12,2,16,50,410,18,INDUSTRIE (BOULEVARD DE,,,Crépuscule ou aube,En agglomération,Hors intersection,Normale,Deux véhicules - côté,,,,,,,,,,,2,2,1,1,3
200600076559,0006-12-04 19:05:00,6,12,4,19,5,410,212,ROUTE DEPARTEMENTALE 765,,,Nuit sans éclairage public,Hors agglomération,Hors intersection,Pluie légère,Autre collision,,,,,,,,,,,3,1,1,2,6
200600076560,0006-12-05 14:50:00,6,12,5,14,50,410,18,"44, CHATEAUDUN (AVENUE D",,,Plein jour,En agglomération,Hors intersection,Normale,Trois véhicules et plus - collisions multiples,,,,,,,,,,,1,2,1,1,5
200600076561,0006-12-06 08:00:00,6,12,6,8,0,410,18,BOULLE (RUE ANDRE),,,Crépuscule ou aube,En agglomération,Intersection en T,Normale,Deux véhicules - côté,,,,,,,,,,,2,2,3,1,3
200600076562,0006-12-07 17:35:00,6,12,7,17,35,410,18,BOURG NEUF (RUE DU),,,Nuit avec éclairage allumé,En agglomération,Hors intersection,Normale,Deux véhicules - côté,,,,,,,,,,,5,2,1,1,3
200600076563,0006-12-09 14:45:00,6,12,9,14,45,410,47,N152,,,Plein jour,En agglomération,Hors intersection,Normale,Trois véhicules et plus - collisions multiples,,,,,,,,,,,1,2,1,1,5
200600076564,0006-12-11 17:45:00,6,12,11,17,45,410,212,D 956,,,Nuit avec éclairage allumé,En agglomération,Intersection en T,Pluie légère,Deux véhicules - arrière,,,,,,,,,,,5,2,3,2,2
200600076565,0006-12-18 09:15:00,6,12,18,9,15,410,18,RD200,,,Plein jour,Hors agglomération,Hors intersection,Brouillard / fumée,Trois véhicules et plus - en chaîne,,,,,,,,,,,1,1,1,5,4
200600076566,0006-12-19 14:40:00,6,12,19,14,40,410,18,LECLERC (AVENUE DU MAREC,,,Plein jour,En agglomération,Intersection en X,Normale,Deux véhicules - côté,,,,,,,,,,,1,2,2,1,3
200600076567,0006-12-20 18:00:00,6,12,20,18,0,410,18,VENDOME (AVENUE DE),,,Nuit avec éclairage allumé,En agglomération,Intersection en X,Normale,Deux véhicules - côté,,,,,,,,,,,5,2,2,1,3
200600076568,0006-12-21 19:56:00,6,12,21,19,56,410,212,D 956,,,Nuit avec éclairage allumé,En agglomération,Hors intersection,Normale,Deux véhicules - côté,,,,,,,,,,,5,2,1,1,3
200600076569,0006-12-26 21:10:00,6,12,26,21,10,410,18,ONZE ARPENTS (RUE DES),,,Nuit avec éclairage allumé,En agglomération,Intersection en T,Normale,Deux véhicules - côté,,,,,,,,,,,5,2,3,1,3
200600076570,0006-12-26 21:11:00,6,12,26,21,11,410,18,VENDOME (AVENUE DE),,,Nuit avec éclairage allumé,En agglomération,Hors intersection,Normale,Deux véhicules - arrière,,,,,,,,,,,5,2,1,1,2
200600076571,0006-12-30 14:30:00,6,12,30,14,30,410,18,ALBERT 1ER (RUE),,,Plein jour,En agglomération,Intersection en T,Pluie légère,Deux véhicules - côté,,,,,,,,,,,1,2,3,2,3
200600076572,0006-12-31 17:35:00,6,12,31,17,35,410,47,"19, N152",,,Nuit avec éclairage allumé,En agglomération,Hors intersection,Pluie légère,Deux véhicules - côté,,,,,,,,,,,5,2,1,2,3
200600076573,0006-12-02 18:50:00,6,12,2,18,50,410,194,VILLEFRANCHE (AVENUE DE),,,Nuit avec éclairage allumé,En agglomération,Intersection en T,Pluie légère,Deux véhicules - côté,,,,,,,,,,,5,2,3,2,3
200600076574,0006-12-16 17:05:00,6,12,16,17,5,410,194,"15, FORET (RUE DE LA)",,,Nuit avec éclairage allumé,En agglomération,Hors intersection,Pluie forte,Deux véhicules - frontale,,,,,,,,,,,5,2,1,3,1
200600076575,0006-12-21 17:30:00,6,12,21,17,30,410,269,"., SEGUIN (RUE MARC)",,,Nuit avec éclairage allumé,En agglomération,Hors intersection,Normale,Deux véhicules - côté,,,,,,,,,,,5,2,1,1,3
200600076576,0006-12-27 09:45:00,6,12,27,9,45,420,44,"1, MICHOT (RUE EDOUARD)",,,Plein jour,En agglomération,Hors intersection,Normale,Autre collision,,,,,,,,,,,1,2,1,1,6
200600076577,0006-12-01 12:15:00,6,12,1,12,15,420,95,"76, RD 88",,,Plein jour,En agglomération,Intersection en T,Normale,Deux véhicules - côté,,,,,,,,,,,1,2,3,1,3
200600076578,0006-12-02 15:35:00,6,12,2,15,35,420,99,CD 25,,,Plein jour,En agglomération,Hors intersection,Normale,Deux véhicules - côté,,,,,,,,,,,1,2,1,1,3
200600076579,0006-12-05 17:30:00,6,12,5,17,30,420,95,"2, SOUS-PAULAT (CHEMIN D",,,Nuit avec éclairage allumé,En agglomération,Hors intersection,Normale,Autre collision,,,,,,,,,,,5,2,1,1,6
200600076580,0006-12-06 12:05:00,6,12,6,12,5,420,95,"15, GARE (AVENUE DE LA)",,,Plein jour,En agglomération,Hors intersection,Temps couvert,Autre collision,,,,,,,,,,,1,2,1,8,6
200600076581,0006-12-06 18:10:00,6,12,6,18,10,420,95,CD 3,,,Nuit avec éclairage allumé,En agglomération,Hors intersection,Normale,Autre collision,,,,,,,,,,,5,2,1,1,6