accident_id,datetime,annee,mois,jour,heure,minute,departement,commune_insee,adresse,latitude,longitude,luminosite,agglomeration,intersection,meteo,collision,nb_vehicules,nb_usagers,nb_indemnes,nb_tues,nb_blesses_hosp,nb_blesses_legers,age_cond_1,age_cond_2,veh_type_cond_1,veh_type_cond_2,lum_code,agg_code,int_code,atm_code,col_code
200600076582,0006-12-07 08:30:00,6,12,7,8,30,420,95,CD 500,,,Plein jour,En agglomération,Hors intersection,Temps couvert,Autre collision,,,,,,,,,,,1,2,1,8,6
200600076583,0006-12-07 21:40:00,6,12,7,21,40,420,316,CD 25,,,Nuit sans éclairage public,Hors agglomération,Hors intersection,Pluie légère,Autre collision,,,,,,,,,,,3,1,1,2,6
200600076584,0006-12-10 02:10:00,6,12,10,2,10,420,316,CD 3,,,Nuit sans éclairage public,En agglomération,Hors intersection,Pluie légère,Autre collision,,,,,,,,,,,3,2,1,2,6
200600076585,0006-12-10 20:45:00,6,12,10,20,45,420,44,"105, REPUBLIQUE (RUE DE",,,Nuit avec éclairage allumé,En agglomération,Hors intersection,Autre,Trois véhicules et plus - en chaîne,,,,,,,,,,,5,2,1,9,4
200600076586,0006-12-11 17:00:00,6,12,11,17,0,420,44,"70, RD 88",,,Nuit avec éclairage allumé,En agglomération,Hors intersection,Normale,Deux véhicules - arrière,,,,,,,,,,,5,2,1,1,2
200600076587,0006-12-19 07:15:00,6,12,19,7,15,420,95,"40, AUBEPINES (RUE DES)",,,Nuit avec éclairage allumé,En agglomération,Hors intersection,Temps couvert,Deux véhicules - frontale,,,,,,,,,,,5,2,1,8,1
200600076588,0006-12-24 03:25:00,6,12,24,3,25,420,147,"16, MONTBRISON (AVENUE D",,,Nuit avec éclairage allumé,En agglomération,Hors intersection,Normale,Deux véhicules - frontale,,,,,,,,,,,5,2,1,1,1
200600076589,0006-12-08 06:25:00,6,12,8,6,25,420,147,"29, REPUBLIQUE (RUE DE L",,,Nuit avec éclairage allumé,En agglomération,Hors intersection,Normale,Deux véhicules - côté,,,,,,,,,,,5,2,1,1,3
200600076590,0006-12-17 16:50:00,6,12,17,16,50,420,299,D496,,,Nuit sans éclairage public,Hors agglomération,Hors intersection,Pluie forte,Deux véhicules - arrière,,,,,,,,,,,3,1,1,3,2
200600076591,0006-12-04 17:35:00,6,12,4,17,35,420,187,"1, PARIS (AVENUE DE)",,,Nuit avec éclairage allumé,En agglomération,Intersection en X,Normale,Autre collision,,,,,,,,,,,5,2,2,1,6
200600076592,0006-12-06 16:30:00,6,12,6,16,30,420,187,"20, BARON DU MARAIS (BOU",,,Plein jour,En agglomération,Intersection à plus de 4 branches,Normale,Deux véhicules - frontale,,,,,,,,,,,1,2,5,1,1
200600076593,0006-12-09 01:20:00,6,12,9,1,20,420,187,"20, ROCHE (RUE ALEXANDRE",,,Nuit avec éclairage allumé,En agglomération,Intersection en X,Normale,Deux véhicules - frontale,,,,,,,,,,,5,2,2,1,1
200600076594,0006-12-13 18:00:00,6,12,13,18,0,420,187,"20, PLASSE (RUE GEORGES)",,,Nuit avec éclairage allumé,En agglomération,Hors intersection,Normale,Deux véhicules - côté,,,,,,,,,,,5,2,1,1,3
200600076595,0006-12-14 17:50:00,6,12,14,17,50,420,187,"20, GIRAUD (RUE DU GENER",,,Nuit avec éclairage allumé,En agglomération,Intersection en X,Normale,Deux véhicules - côté,,,,,,,,,,,5,2,2,1,3
200600076596,0006-12-14 12:00:00,6,12,14,12,0,420,71,"29, DE GAULLE (BOULEVARD",,,Plein jour,En agglomération,Hors intersection,Normale,Deux véhicules - arrière,,,,,,,,,,,1,2,1,1,2
200600076597,0006-12-18 17:10:00,6,12,18,17,10,420,187,"10, LYON (AVENUE DE)",,,Nuit avec éclairage allumé,En agglomération,Hors intersection,Normale,Deux véhicules - côté,,,,,,,,,,,5,2,1,1,3
200600076598,0006-12-20 12:00:00,6,12,20,12,0,420,187,"1, CHERPIN (RUE HENRI)",,,Plein jour,En agglomération,Intersection en X,Normale,Deux véhicules - côté,,,,,,,,,,,1,2,2,1,3
200600076599,0006-12-22 12:30:00,6,12,22,12,30,420,187,"13, CIMETIERE (BOULEVARD",,,Plein jour,En agglomération,Hors intersection,Normale,Trois véhicules et plus - en chaîne,,,,,,,,,,,1,2,1,1,4
200600076600,0006-12-28 12:20:00,6,12,28,12,20,420,187,"39, AUGE (RUE JOANNY)",,,Plein jour,En agglomération,Hors intersection,Normale,Autre collision,,,,,,,,,,,1,2,1,1,6
200600076601,0006-12-09 10:45:00,6,12,9,10,45,420,110,"82, PASTEUR  AVENUE",,,Plein jour,En agglomération,Hors intersection,Normale,Autre collision,,,,,,,,,,,1,2,1,1,6
200600076602,0006-12-01 11:45:00,6,12,1,11,45,420,218,"15, SOULIE LOUIS",,,Plein jour,En agglomération,Hors intersection,Normale,Autre collision,,,,,,,,,,,1,2,1,1,6
200600076603,0006-12-04 09:50:00,6,12,4,9,50,420,218,MARTEL EDOUARD A PARTIR,,,Plein jour,En agglomération,Hors intersection,Normale,Deux véhicules - frontale,,,,,,,,,,,1,2,1,1,1
200600076604,0006-12-04 11:20:00,6,12,4,11,20,420,218,"14, LOUBET (AVENUE PRESI",,,Plein jour,En agglomération,Hors intersection,Normale,Autre collision,,,,,,,,,,,1,2,1,1,6
200600076605,0006-12-04 19:20:00,6,12,4,19,20,420,218,"114, CROZET BOUSSINGAULT",,,Nuit sans éclairage public,En agglomération,Hors intersection,Normale,Autre collision,,,,,,,,,,,3,2,1,1,6
200600076606,0006-12-05 17:20:00,6,12,5,17,20,420,218,"63, VIVIE PAUL DE",,,Nuit sans éclairage public,En agglomération,Hors intersection,Pluie légère,Deux véhicules - frontale,,,,,,,,,,,3,2,1,2,1
200600076607,0006-12-06 09:56:00,6,12,6,9,56,420,237,"60, ZOLA EMILE (RUE)",,,Plein jour,En agglomération,Hors intersection,Pluie légère,Deux véhicules - arrière,,,,,,,,,,,1,2,1,2,2
200600076608,0006-12-06 16:30:00,6,12,6,16,30,420,218,"2, POURCEL ALEXANDRE JUS",,,Plein jour,En agglomération,Intersection en X,Temps couvert,Autre collision,,,,,,,,,,,1,2,2,8,6
200600076609,0006-12-07 11:32:00,6,12,7,11,32,420,218,Rue de Londaine,,,Plein jour,En agglomération,Hors intersection,Normale,Deux véhicules - arrière,,,,,,,,,,,1,2,1,1,2
200600076610,0006-12-10 10:00:00,6,12,10,10,0,420,218,"7, AMOUROUX (SQUARE)",,,Plein jour,En agglomération,Hors intersection,Normale,Autre collision,,,,,,,,,,,1,2,1,1,6
200600076611,0006-12-11 11:30:00,6,12,11,11,30,420,218,"000000001, CHOLAT CHARLE",,,Plein jour,En agglomération,Intersection en X,Normale,Deux véhicules - côté,,,,,,,,,,,1,2,2,1,3
200600076612,0006-12-11 20:00:00,6,12,11,20,0,420,218,CHAVASSIEUX JUSQU'AUX N°,,,Nuit avec éclairage non allumé,En agglomération,Intersection en X,Normale,Deux véhicules - côté,,,,,,,,,,,4,2,2,1,3
200600076613,0006-12-12 11:30:00,6,12,12,11,30,420,218,"0000000001, WILSON PRESI",,,Plein jour,En agglomération,Hors intersection,Normale,Autre collision,,,,,,,,,,,1,2,1,1,6
200600076614,0006-12-12 18:00:00,6,12,12,18,0,420,218,ROCHETTES (DES) A PARTIR,,,Nuit avec éclairage allumé,En agglomération,Hors intersection,Normale,Deux véhicules - côté,,,,,,,,,,,5,2,1,1,3
200600076615,0006-12-15 10:57:00,6,12,15,10,57,420,330,"22, GAMBETTA (PLACE)",,,Plein jour,En agglomération,Hors intersection,Normale,Autre collision,,,,,,,,,,,1,2,1,1,6
200600076616,0006-12-16 21:55:00,6,12,16,21,55,420,189,"6, LECLERC MARECHAL (BOU",,,Nuit sans éclairage public,En agglomération,Hors intersection,Normale,Deux véhicules - côté,,,,,,,,,,,3,2,1,1,3
200600076617,0006-12-19 17:23:00,6,12,19,17,23,420,218,"17, PUITS ROCHEFORT (DU)",,,Plein jour,En agglomération,Hors intersection,Temps couvert,Autre collision,,,,,,,,,,,1,2,1,8,6
200600076618,0006-12-19 18:12:00,6,12,19,18,12,420,218,BERNARD MARTIN,,,Nuit avec éclairage allumé,En agglomération,Intersection en X,Normale,Autre collision,,,,,,,,,,,5,2,2,1,6
200600076619,0006-12-18 19:15:00,6,12,18,19,15,420,218,"0.1, PERI GABRIEL A PART",,,Nuit avec éclairage allumé,En agglomération,Hors intersection,Normale,Autre collision,,,,,,,,,,,5,2,1,1,6
200600076620,0006-12-21 10:15:00,6,12,21,10,15,420,218,"86, BERGSON A PARTIR N°",,,Plein jour,Hors agglomération,Hors intersection,Normale,Autre collision,,,,,,,,,,,1,1,1,1,6
200600076621,0006-12-23 17:59:00,6,12,23,17,59,420,218,"000000001, NADAUD GUSTAV",,,Nuit avec éclairage allumé,En agglomération,Hors intersection,Normale,Deux véhicules - arrière,,,,,,,,,,,5,2,1,1,2
200600076622,0006-12-27 10:16:00,6,12,27,10,16,420,218,EVRARD FLORENT JUSQU'AUX,,,Plein jour,En agglomération,Intersection en X,Normale,Deux véhicules - côté,,,,,,,,,,,1,2,2,1,3
200600076623,0006-12-28 10:25:00,6,12,28,10,25,420,218,"2, BOIS DU",,,Plein jour,En agglomération,Hors intersection,Normale,Sans collision,,,,,,,,,,,1,2,1,1,7
200600076624,0006-12-01 12:15:00,6,12,1,12,15,430,41,"02, GENEBRET (RUE DE)",,,Plein jour,En agglomération,Autre intersection,Normale,Deux véhicules - côté,,,,,,,,,,,1,2,9,1,3
200600076625,0006-12-19 07:35:00,6,12,19,7,35,430,41,"22, CORSAC (RUE DE)",,,Nuit avec éclairage allumé,En agglomération,Hors intersection,Normale,Deux véhicules - frontale,,,,,,,,,,,5,2,1,1,1
200600076626,0006-12-01 05:17:00,6,12,1,5,17,440,55,ANDRÉ ( ESPLANADE FRANÇO,,,Nuit avec éclairage allumé,En agglomération,Hors intersection,Normale,Autre collision,,,,,,,,,,,5,2,1,1,6
200600076627,0006-12-04 13:50:00,6,12,4,13,50,440,55,NÉRAC ( ROUTE DE ),,,Plein jour,En agglomération,Hors intersection,Normale,Sans collision,,,,,,,,,,,1,2,1,1,7
200600076628,0006-12-06 19:15:00,6,12,6,19,15,440,132,BAULOIS (AVENUE DU),,,Nuit avec éclairage allumé,En agglomération,Hors intersection,Normale,Autre collision,,,,,,,,,,,5,2,1,1,6
200600076629,0006-12-08 14:30:00,6,12,8,14,30,440,55,GAULLE ( AVENUE DU GÉNÉR,,,Plein jour,En agglomération,Hors intersection,Normale,Sans collision,,,,,,,,,,,1,2,1,1,7
200600076630,0006-12-13 20:00:00,6,12,13,20,0,440,55,FLANDIN ( AVENUE DU CAPI,,,Nuit avec éclairage allumé,En agglomération,Hors intersection,Normale,Deux véhicules - côté,,,,,,,,,,,5,2,1,1,3
200600076631,0006-12-19 16:00:00,6,12,19,16,0,440,55,ANDRÉ ( ESPLANADE FRANÇO,,,Plein jour,En agglomération,Hors intersection,Normale,Deux véhicules - côté,,,,,,,,,,,1,2,1,1,3
200600076632,0006-12-20 18:00:00,6,12,20,18,0,440,132,VILLES BABIN (AVENUE DE,,,Nuit avec éclairage non allumé,En agglomération,Hors intersection,Normale,Deux véhicules - côté,,,,,,,,,,,4,2,1,1,3
200600076633,0006-12-22 07:00:00,6,12,22,7,0,440,55,CD 99,,,Crépuscule ou aube,Hors agglomération,Hors intersection,Autre,Deux véhicules - frontale,,,,,,,,,,,2,1,1,9,1
200600076634,0006-12-22 09:00:00,6,12,22,9,0,440,55,"1, BERTHO ( RUE HENRI )",,,Crépuscule ou aube,Hors agglomération,Hors intersection,Normale,Sans collision,,,,,,,,,,,2,1,1,1,7
200600076635,0006-12-31 02:25:00,6,12,31,2,25,440,143,BOUGUENAIS (PTE PERIPH E,,,Nuit avec éclairage allumé,Hors agglomération,Hors intersection,Normale,Autre collision,,,,,,,,,,,5,1,1,1,6
200600076636,0006-12-29 17:10:00,6,12,29,17,10,440,114,"15, RUE SAINT JOSEPH",,,Plein jour,En agglomération,Hors intersection,Normale,Autre collision,,,,,,,,,,,1,2,1,1,6
200600076637,0006-12-30 15:30:00,6,12,30,15,30,440,109,QUAI DE LA FOSSE,,,Plein jour,En agglomération,Hors intersection,Normale,Deux véhicules - arrière,,,,,,,,,,,1,2,1,1,2
200600076638,0006-12-01 08:15:00,6,12,1,8,15,440,109,"286, ROUTE DE SAINTE LUC",,,Crépuscule ou aube,En agglomération,Intersection en T,Normale,Autre collision,,,,,,,,,,,2,2,3,1,6
200600076639,0006-12-01 12:30:00,6,12,1,12,30,440,109,"1, COURS DES 50 OTAGES",,,Plein jour,En agglomération,Hors intersection,Normale,Autre collision,,,,,,,,,,,1,2,1,1,6
200600076640,0006-12-02 07:10:00,6,12,2,7,10,440,143,PONT ROUSSEAU,,,Crépuscule ou aube,En agglomération,Hors intersection,Pluie légère,Autre collision,,,,,,,,,,,2,2,1,2,6
200600076641,0006-12-01 18:30:00,6,12,1,18,30,440,109,"6, RUE HENRI IV",,,Nuit avec éclairage allumé,En agglomération,Hors intersection,Normale,Autre collision,,,,,,,,,,,5,2,1,1,6
200600076642,0006-12-04 17:25:00,6,12,4,17,25,440,109,BOULEVARD DE LA PRAIRIE,,,Nuit sans éclairage public,Hors agglomération,Hors intersection,Pluie légère,Deux véhicules - côté,,,,,,,,,,,3,1,1,2,3
200600076643,0006-12-04 13:45:00,6,12,4,13,45,440,109,"1, RUE STANISLAS BAUDRY",,,Plein jour,En agglomération,Hors intersection,Pluie légère,Autre collision,,,,,,,,,,,1,2,1,2,6
200600076644,0006-12-04 02:39:00,6,12,4,2,39,440,109,"27, ROUTE DE SAINT HERBL",,,Plein jour,En agglomération,Hors intersection,Normale,Autre collision,,,,,,,,,,,1,2,1,1,6
200600076645,0006-12-04 15:30:00,6,12,4,15,30,440,109,"73, RUE PAUL BELLAMY",,,Plein jour,En agglomération,Hors intersection,Normale,Sans collision,,,,,,,,,,,1,2,1,1,7
200600076646,0006-12-05 19:45:00,6,12,5,19,45,440,109,"1, BOULEVARD JOSEPH BOUR",,,Nuit avec éclairage allumé,Hors agglomération,Hors intersection,Normale,Trois véhicules et plus - en chaîne,,,,,,,,,,,5,1,1,1,4
200600076647,0006-12-04 18:00:00,6,12,4,18,0,440,109,"N, PLACE SAINT SIMILIEN",,,Nuit avec éclairage allumé,En agglomération,Hors intersection,Pluie légère,Autre collision,,,,,,,,,,,5,2,1,2,6
200600076648,0006-12-06 16:20:00,6,12,6,16,20,440,143,AERODROME (RUE DE L'),,,Plein jour,En agglomération,Hors intersection,Normale,Deux véhicules - arrière,,,,,,,,,,,1,2,1,1,2
200600076649,0006-12-06 12:35:00,6,12,6,12,35,440,143,"64, JAURES (RUE JEAN)",,,Plein jour,En agglomération,Hors intersection,Normale,Autre collision,,,,,,,,,,,1,2,1,1,6
200600076650,0006-12-06 15:30:00,6,12,6,15,30,440,109,BOULEVARD ALEXANDER FLEM,,,Plein jour,En agglomération,Hors intersection,Temps couvert,Deux véhicules - arrière,,,,,,,,,,,1,2,1,8,2
200600076651,0006-12-06 18:25:00,6,12,6,18,25,440,109,"sans, BOULEVARD LELASSEU",,,Nuit avec éclairage allumé,En agglomération,Intersection en X,Pluie légère,Deux véhicules - côté,,,,,,,,,,,5,2,2,2,3
200600076652,0006-12-07 07:40:00,6,12,7,7,40,440,109,"62, RUE FELIBIEN",,,Nuit avec éclairage allumé,En agglomération,Hors intersection,Pluie forte,Autre collision,,,,,,,,,,,5,2,1,3,6
200600076653,0006-12-07 09:00:00,6,12,7,9,0,440,109,"., QUAI PRESIDENT WILSON",,,Crépuscule ou aube,En agglomération,Hors intersection,Pluie forte,Deux véhicules - côté,,,,,,,,,,,2,2,1,3,3
200600076654,0006-12-07 08:50:00,6,12,7,8,50,440,162,"0, RD 201",,,Plein jour,En agglomération,Giratoire,Normale,Deux véhicules - côté,,,,,,,,,,,1,2,6,1,3
200600076655,0006-12-07 18:26:00,6,12,7,18,26,440,109,"13, BOULEVARD VAN ISEGHE",,,Nuit avec éclairage allumé,En agglomération,Hors intersection,Normale,Deux véhicules - côté,,,,,,,,,,,5,2,1,1,3
200600076656,0006-12-08 10:10:00,6,12,8,10,10,440,109,"3, QUAI CEINERAY",,,Plein jour,En agglomération,Hors intersection,Vent fort / tempête,Deux véhicules - côté,,,,,,,,,,,1,2,1,6,3
200600076657,0006-12-08 10:11:00,6,12,8,10,11,440,109,"1, BOULEVARD RENE CASSIN",,,Plein jour,En agglomération,Hors intersection,Normale,Trois véhicules et plus - en chaîne,,,,,,,,,,,1,2,1,1,4
200600076658,0006-12-08 11:35:00,6,12,8,11,35,440,109,"28, ROUTE DE SAINTE LUCE",,,Plein jour,En agglomération,Hors intersection,Pluie légère,Autre collision,,,,,,,,,,,1,2,1,2,6
200600076659,0006-12-07 13:55:00,6,12,7,13,55,440,114,"14, RUE DE LA GARENNE",,,Plein jour,En agglomération,Hors intersection,Normale,Autre collision,,,,,,,,,,,1,2,1,1,6
200600076660,0006-12-07 08:10:00,6,12,7,8,10,440,114,"1, AUTOROUTE 821",,,Crépuscule ou aube,Hors agglomération,Hors intersection,Pluie forte,Autre collision,,,,,,,,,,,2,1,1,3,6
200600076661,0006-12-09 03:25:00,6,12,9,3,25,440,109,BOULEVARD JOSEPH BOURCY,,,Nuit sans éclairage public,En agglomération,Autre intersection,Normale,Autre collision,,,,,,,,,,,3,2,9,1,6
200600076662,0006-12-10 09:35:00,6,12,10,9,35,440,109,"1, BOULEVARD DE LA LIBER",,,Plein jour,En agglomération,Intersection en X,Normale,Deux véhicules - côté,,,,,,,,,,,1,2,2,1,3
200600076663,0006-12-10 17:25:00,6,12,10,17,25,440,109,RUE DU COUDRAY,,,Plein jour,En agglomération,Intersection en X,Normale,Autre collision,,,,,,,,,,,1,2,2,1,6
200600076664,0006-12-09 10:30:00,6,12,9,10,30,440,114,"132, AVENUE FELIX VINCEN",,,Plein jour,En agglomération,Hors intersection,Normale,Deux véhicules - côté,,,,,,,,,,,1,2,1,1,3
200600076665,0006-12-07 15:05:00,6,12,7,15,5,440,162,"0, AVENUE DES THEBAUDIER",,,Plein jour,En agglomération,Hors intersection,Normale,Autre collision,,,,,,,,,,,1,2,1,1,6
200600076666,0006-12-11 08:52:00,6,12,11,8,52,440,162,"0, RUE DE SAINT NAZAIRE",,,Plein jour,En agglomération,Hors intersection,Normale,Autre collision,,,,,,,,,,,1,2,1,1,6
200600076667,0006-12-11 17:50:00,6,12,11,17,50,440,109,"., PLACE DE LA CROIX BON",,,Nuit avec éclairage non allumé,En agglomération,Hors intersection,Pluie forte,Sans collision,,,,,,,,,,,4,2,1,3,7
200600076668,0006-12-11 18:45:00,6,12,11,18,45,440,162,"0, BOULEVARD DU TERTRE",,,Nuit avec éclairage allumé,En agglomération,Giratoire,Pluie forte,Autre collision,,,,,,,,,,,5,2,6,3,6
200600076669,0006-12-12 07:40:00,6,12,12,7,40,440,114,"., PERIPHERIQUE ROUTIER",,,Crépuscule ou aube,Hors agglomération,Hors intersection,Normale,Deux véhicules - arrière,,,,,,,,,,,2,1,1,1,2
200600076670,0006-12-13 12:25:00,6,12,13,12,25,440,109,"00, RUE ADRIEN LANGLOIS",,,Plein jour,En agglomération,Intersection en T,Normale,Autre collision,,,,,,,,,,,1,2,3,1,6
200600076671,0006-12-13 14:35:00,6,12,13,14,35,440,143,PLACE PIERRE SEMARD,,,Plein jour,En agglomération,Hors intersection,Normale,Autre collision,,,,,,,,,,,1,2,1,1,6
200600076672,0006-12-14 13:15:00,6,12,14,13,15,440,109,RUE ALEXANDRE FOURNY,,,Plein jour,En agglomération,Hors intersection,Normale,Autre collision,,,,,,,,,,,1,2,1,1,6
200600076673,0006-12-14 14:25:00,6,12,14,14,25,440,109,"Néant, BOULEVARD DE STAL",,,Plein jour,En agglomération,Intersection en T,Normale,Autre collision,,,,,,,,,,,1,2,3,1,6
200600076674,0006-12-14 06:45:00,6,12,14,6,45,440,109,ROUTE DE PARIS,,,Nuit avec éclairage allumé,En agglomération,Autre intersection,Normale,Autre collision,,,,,,,,,,,5,2,9,1,6
200600076675,0006-12-14 10:50:00,6,12,14,10,50,440,109,BOULEVARD LELASSEUR,,,Plein jour,En agglomération,Hors intersection,Normale,Autre collision,,,,,,,,,,,1,2,1,1,6
200600076676,0006-12-15 04:55:00,6,12,15,4,55,440,109,"218, RUE PAUL BELLAMY",,,Nuit avec éclairage allumé,En agglomération,Hors intersection,Normale,Autre collision,,,,,,,,,,,5,2,1,1,6
200600076677,0006-12-14 08:20:00,6,12,14,8,20,440,162,"258, BOULEVARD DU MASSAC",,,Plein jour,En agglomération,Hors intersection,Normale,Autre collision,,,,,,,,,,,1,2,1,1,6
200600076678,0006-12-14 13:35:00,6,12,14,13,35,440,109,"15, RUE EMILE SOUVESTRE",,,Plein jour,En agglomération,Hors intersection,Normale,Sans collision,,,,,,,,,,,1,2,1,1,7
200600076679,0006-12-12 17:00:00,6,12,12,17,0,440,109,"1, BOULEVARD DES ANGLAIS",,,Plein jour,En agglomération,Intersection en X,Normale,Autre collision,,,,,,,,,,,1,2,2,1,6
200600076680,0006-12-15 08:30:00,6,12,15,8,30,440,109,ROUTE DE LA CHAPELLE SUR,,,Crépuscule ou aube,En agglomération,Hors intersection,Autre,Deux véhicules - côté,,,,,,,,,,,2,2,1,9,3
200600076681,0006-12-15 11:00:00,6,12,15,11,0,440,162,"0, RUE PIERRE BLARD",,,Plein jour,En agglomération,Intersection en T,Normale,Deux véhicules - côté,,,,,,,,,,,1,2,3,1,3
200600076682,0006-12-16 08:50:00,6,12,16,8,50,440,109,ROUTE DE CARQUEFOU,,,Plein jour,En agglomération,Intersection en X,Normale,Deux véhicules - côté,,,,,,,,,,,1,2,2,1,3
200600076683,0006-12-17 06:40:00,6,12,17,6,40,440,190,"22, RUE DE BRETAGNE",,,Nuit avec éclairage allumé,En agglomération,Hors intersection,Normale,Autre collision,,,,,,,,,,,5,2,1,1,6
200600076684,0006-12-13 19:20:00,6,12,13,19,20,440,109,"., BOULEVARD JEAN INGRES",,,Nuit avec éclairage allumé,En agglomération,Hors intersection,Normale,Deux véhicules - côté,,,,,,,,,,,5,2,1,1,3
200600076685,0006-12-18 19:00:00,6,12,18,19,0,440,143,PORNIC (ROUTE DE),,,Nuit sans éclairage public,En agglomération,Hors intersection,Normale,Autre collision,,,,,,,,,,,3,2,1,1,6
200600076686,0006-12-19 08:25:00,6,12,19,8,25,440,162,"0, BOULEVARD DU TERTRE",,,Plein jour,En agglomération,Hors intersection,Normale,Deux véhicules - frontale,,,,,,,,,,,1,2,1,1,1
200600076687,0006-12-14 17:30:00,6,12,14,17,30,440,114,RUE HUBERT DE LA BROSSE,,,Crépuscule ou aube,En agglomération,Giratoire,Normale,Deux véhicules - côté,,,,,,,,,,,2,2,6,1,3
200600076688,0006-12-15 06:35:00,6,12,15,6,35,440,109,"12, RUE DE LA PATOUILLER",,,Nuit avec éclairage allumé,En agglomération,Hors intersection,Normale,Autre collision,,,,,,,,,,,5,2,1,1,6
200600076689,0006-12-18 19:10:00,6,12,18,19,10,440,215,RUE DE LA ROUSSELIERE,,,Nuit avec éclairage allumé,Hors agglomération,Hors intersection,Normale,Deux véhicules - frontale,,,,,,,,,,,5,1,1,1,1
200600076690,0006-12-18 13:45:00,6,12,18,13,45,440,109,PERIPHERIQUE,,,Plein jour,Hors agglomération,Hors intersection,Normale,Autre collision,,,,,,,,,,,1,1,1,1,6
200600076691,0006-12-18 19:00:00,6,12,18,19,0,440,162,"0, RUE PIERRE BLARD",,,Nuit avec éclairage allumé,En agglomération,Intersection en X,Normale,Deux véhicules - côté,,,,,,,,,,,5,2,2,1,3
200600076692,0006-12-18 19:40:00,6,12,18,19,40,440,109,"Néant, BOULEVARD DES ANG",,,Nuit avec éclairage allumé,En agglomération,Intersection en X,Normale,Autre collision,,,,,,,,,,,5,2,2,1,6
200600076693,0006-12-19 16:40:00,6,12,19,16,40,440,143,RUE CHARLES RIVIERE,,,Plein jour,En agglomération,Intersection en T,Normale,Autre collision,,,,,,,,,,,1,2,3,1,6
200600076694,0006-12-11 18:00:00,6,12,11,18,0,440,109,BOULEVARD MARTIN LUTHER,,,Nuit avec éclairage allumé,En agglomération,Hors intersection,Normale,Autre collision,,,,,,,,,,,5,2,1,1,6
200600076695,0006-12-19 18:30:00,6,12,19,18,30,440,109,"0, AVENUE DU BOUT DES LA",,,Nuit avec éclairage allumé,En agglomération,Intersection en X,Normale,Autre collision,,,,,,,,,,,5,2,2,1,6
200600076696,0006-12-20 19:15:00,6,12,20,19,15,440,109,BOULEVARD VINCENT GACHE,,,Nuit avec éclairage allumé,En agglomération,Hors intersection,Normale,Deux véhicules - côté,,,,,,,,,,,5,2,1,1,3
200600076697,0006-12-21 07:50:00,6,12,21,7,50,440,109,QUAI DE LA FOSSE,,,Crépuscule ou aube,En agglomération,Intersection en T,Normale,Autre collision,,,,,,,,,,,2,2,3,1,6
200600076698,0006-12-20 16:50:00,6,12,20,16,50,440,190,RUE DE LA JAUNAIE,,,Plein jour,En agglomération,Hors intersection,Normale,Autre collision,,,,,,,,,,,1,2,1,1,6
200600076699,0006-12-21 18:00:00,6,12,21,18,0,440,109,"76, BOULEVARD JULES VERN",,,Nuit avec éclairage allumé,En agglomération,Hors intersection,Autre,Deux véhicules - côté,,,,,,,,,,,5,2,1,9,3
200600076700,0006-12-21 18:01:00,6,12,21,18,1,440,109,"., CHAUSSEE DE LA MADELE",,,Nuit avec éclairage allumé,En agglomération,Intersection en T,Normale,Deux véhicules - côté,,,,,,,,,,,5,2,3,1,3
200600076701,0006-12-21 11:15:00,6,12,21,11,15,440,162,"11, RUE BENOIT FRACHON",,,Plein jour,En agglomération,Hors intersection,Normale,Deux véhicules - côté,,,,,,,,,,,1,2,1,1,3
200600076702,0006-12-22 08:00:00,6,12,22,8,0,440,109,AVENUE DE JOSSELIN,,,Crépuscule ou aube,En agglomération,Intersection en X,Normale,Autre collision,,,,,,,,,,,2,2,2,1,6
200600076703,0006-12-22 10:25:00,6,12,22,10,25,440,109,"89, BOULEVARD EUGENE ORI",,,Plein jour,En agglomération,Hors intersection,Autre,Autre collision,,,,,,,,,,,1,2,1,9,6
200600076704,0006-12-22 16:25:00,6,12,22,16,25,440,109,BOULEVARD GASTON SERPETT,,,Plein jour,En agglomération,Intersection en X,Normale,Autre collision,,,,,,,,,,,1,2,2,1,6
200600076705,0006-12-24 15:40:00,6,12,24,15,40,440,190,"114, RUE DE LA JAUNAIE",,,Plein jour,En agglomération,Hors intersection,Normale,Autre collision,,,,,,,,,,,1,2,1,1,6
200600076706,0006-12-26 14:50:00,6,12,26,14,50,440,109,RUE DU PERRAY,,,Plein jour,En agglomération,Hors intersection,Normale,Deux véhicules - côté,,,,,,,,,,,1,2,1,1,3
200600076707,0006-12-22 19:45:00,6,12,22,19,45,440,109,"1, BOULEVARD AUGUSTE PEN",,,Nuit avec éclairage allumé,En agglomération,Autre intersection,Normale,Autre collision,,,,,,,,,,,5,2,9,1,6
200600076708,0006-12-28 11:40:00,6,12,28,11,40,440,109,"10 bis, COURS DES 50 OTA",,,Plein jour,En agglomération,Giratoire,Pluie légère,Autre collision,,,,,,,,,,,1,2,6,2,6
200600076709,0006-12-30 15:00:00,6,12,30,15,0,440,109,RUE DES CHALATRES,,,Plein jour,En agglomération,Intersection en T,Pluie forte,Deux véhicules - côté,,,,,,,,,,,1,2,3,3,3
200600076710,0006-12-09 21:10:00,6,12,9,21,10,440,109,"1, ROUTE DE SAINT JOSEPH",,,Nuit avec éclairage allumé,En agglomération,Giratoire,Normale,Deux véhicules - côté,,,,,,,,,,,5,2,6,1,3
200600076711,0006-12-01 14:40:00,6,12,1,14,40,440,184,"57, MUN (RUE ALBERT DE)",,,Plein jour,En agglomération,Hors intersection,Pluie légère,Sans collision,,,,,,,,,,,1,2,1,2,7