accident_id,datetime,annee,mois,jour,heure,minute,departement,commune_insee,adresse,latitude,longitude,luminosite,agglomeration,intersection,meteo,collision,nb_vehicules,nb_usagers,nb_indemnes,nb_tues,nb_blesses_hosp,nb_blesses_legers,age_cond_1,age_cond_2,veh_type_cond_1,veh_type_cond_2,lum_code,agg_code,int_code,atm_code,col_code
200600076712,0006-12-05 08:10:00,6,12,5,8,10,440,184,"74, VECQUERIE (RUE DE LA",,,Crépuscule ou aube,En agglomération,Hors intersection,Pluie légère,Sans collision,,,,,,,,,,,2,2,1,2,7
200600076713,0006-12-08 16:00:00,6,12,8,16,0,440,184,"9, RÉPUBLIQUE (AVENUE DE",,,Plein jour,En agglomération,Hors intersection,Normale,Sans collision,,,,,,,,,,,1,2,1,1,7
200600076714,0006-12-08 17:05:00,6,12,8,17,5,440,184,"2, PERTUISCHAUD (RUE DU)",,,Crépuscule ou aube,En agglomération,Hors intersection,Pluie légère,Sans collision,,,,,,,,,,,2,2,1,2,7
200600076715,0006-12-09 03:10:00,6,12,9,3,10,440,184,RD 492 DU RP SARRELOUIS,,,Nuit avec éclairage allumé,En agglomération,Hors intersection,Normale,Deux véhicules - frontale,,,,,,,,,,,5,2,1,1,1
200600076716,0006-12-09 18:10:00,6,12,9,18,10,440,184,"85, MAUPERTUIS (BD DE) D",,,Nuit avec éclairage allumé,En agglomération,Intersection en X,Normale,Trois véhicules et plus - collisions multiples,,,,,,,,,,,5,2,2,1,5
200600076717,0006-12-12 17:05:00,6,12,12,17,5,440,184,"79, VECQUERIE (RUE DE LA",,,Plein jour,En agglomération,Hors intersection,Normale,Sans collision,,,,,,,,,,,1,2,1,1,7
200600076718,0006-12-14 16:45:00,6,12,14,16,45,440,184,RD 971,,,Plein jour,En agglomération,Hors intersection,Normale,Deux véhicules - arrière,,,,,,,,,,,1,2,1,1,2
200600076719,0006-12-17 19:30:00,6,12,17,19,30,440,184,BERTHAUDERIE (RUE DE LA),,,Crépuscule ou aube,En agglomération,Intersection en X,Normale,Deux véhicules - côté,,,,,,,,,,,2,2,2,1,3
200600076720,0006-12-18 11:00:00,6,12,18,11,0,440,184,"3, PARMENTIER (RUE ANTOI",,,Plein jour,En agglomération,Hors intersection,Normale,Sans collision,,,,,,,,,,,1,2,1,1,7
200600076721,0006-12-21 12:45:00,6,12,21,12,45,440,184,MOULIN DE LA BUTTE (BOUL,,,Plein jour,En agglomération,Intersection en X,Normale,Deux véhicules - frontale,,,,,,,,,,,1,2,2,1,1
200600076722,0006-12-22 22:30:00,6,12,22,22,30,440,184,"59, PONT D'Y (CHEMIN DU)",,,Nuit avec éclairage allumé,En agglomération,Hors intersection,Normale,Sans collision,,,,,,,,,,,5,2,1,1,7
200600076723,0006-12-25 18:00:00,6,12,25,18,0,440,184,"18, MONGE (RUE GASPARD)",,,Nuit avec éclairage allumé,En agglomération,Intersection en T,Normale,Deux véhicules - côté,,,,,,,,,,,5,2,3,1,3
200600076724,0006-12-26 16:00:00,6,12,26,16,0,440,184,"29, BUFFON (RUE GEORGES",,,Plein jour,En agglomération,Intersection en X,Normale,Deux véhicules - côté,,,,,,,,,,,1,2,2,1,3
200600076725,0006-12-27 12:10:00,6,12,27,12,10,440,184,"24, LÉRIOUX (RUE DU)",,,Plein jour,En agglomération,Intersection en X,Normale,Deux véhicules - côté,,,,,,,,,,,1,2,2,1,3
200600076726,0006-12-03 16:50:00,6,12,3,16,50,450,4,"841, EUROPE (RUE DE L')",,,Crépuscule ou aube,En agglomération,Hors intersection,Vent fort / tempête,Autre collision,,,,,,,,,,,2,2,1,6,6
200600076727,0006-12-08 15:45:00,6,12,8,15,45,450,208,DE LATTRE DE TASSIGNY (R,,,Plein jour,En agglomération,Hors intersection,Normale,Autre collision,,,,,,,,,,,1,2,1,1,6
200600076728,0006-12-22 22:05:00,6,12,22,22,5,450,4,RN7,,,Nuit sans éclairage public,Hors agglomération,Hors intersection,Autre,Autre collision,,,,,,,,,,,3,1,1,9,6
200600076729,0006-12-31 14:05:00,6,12,31,14,5,450,234,PRESIDENT KENNEDY (AVENU,,,Plein jour,En agglomération,Hors intersection,Normale,Deux véhicules - côté,,,,,,,,,,,1,2,1,1,3
200600076730,0006-12-01 06:00:00,6,12,1,6,0,450,234,SECRETAIN (AVENUE ROGER),,,Nuit avec éclairage allumé,En agglomération,Hors intersection,Normale,Autre collision,,,,,,,,,,,5,2,1,1,6
200600076731,0006-12-01 10:55:00,6,12,1,10,55,450,234,STUART (BOULEVARD MARIE),,,Plein jour,En agglomération,Hors intersection,Normale,Autre collision,,,,,,,,,,,1,2,1,1,6
200600076732,0006-12-01 21:09:00,6,12,1,21,9,450,302,MONTJOIE (RUE DE LA),,,Nuit avec éclairage allumé,En agglomération,Intersection en X,Normale,Deux véhicules - côté,,,,,,,,,,,5,2,2,1,3
200600076733,0006-12-01 21:10:00,6,12,1,21,10,450,147,PAUL (RUE MARCEL PAUL),,,Nuit avec éclairage allumé,En agglomération,Intersection en X,Normale,Deux véhicules - côté,,,,,,,,,,,5,2,2,1,3
200600076734,0006-12-03 19:40:00,6,12,3,19,40,450,147,PASTY (RUE ABBE PASTY),,,Crépuscule ou aube,En agglomération,Intersection en X,Pluie légère,Deux véhicules - côté,,,,,,,,,,,2,2,2,2,3
200600076735,0006-12-04 13:35:00,6,12,4,13,35,450,232,"219, SOURCE (RUE DE LA)",,,Plein jour,En agglomération,Hors intersection,Pluie légère,Autre collision,,,,,,,,,,,1,2,1,2,6
200600076736,0006-12-05 08:35:00,6,12,5,8,35,450,285,"151, DOUMER (RUE PAUL)",,,Plein jour,En agglomération,Hors intersection,Normale,Deux véhicules - côté,,,,,,,,,,,1,2,1,1,3
200600076737,0006-12-05 12:20:00,6,12,5,12,20,450,234,FAUBOURG BANNIER (RUE DU,,,Plein jour,En agglomération,Intersection en X,Normale,Deux véhicules - côté,,,,,,,,,,,1,2,2,1,3
200600076738,0006-12-05 18:15:00,6,12,5,18,15,450,234,QUEBEC (BOULEVARD DE),,,Nuit avec éclairage allumé,En agglomération,Hors intersection,Pluie forte,Autre collision,,,,,,,,,,,5,2,1,3,6
200600076739,0006-12-05 20:05:00,6,12,5,20,5,450,234,"29, SAINT JEAN (FAUBOURG",,,Nuit avec éclairage allumé,En agglomération,Hors intersection,Pluie légère,Deux véhicules - côté,,,,,,,,,,,5,2,1,2,3
200600076740,0006-12-06 07:45:00,6,12,6,7,45,450,234,"133, MURLINS (RUE DES MU",,,Crépuscule ou aube,En agglomération,Intersection en Y,Normale,Deux véhicules - côté,,,,,,,,,,,2,2,4,1,3
200600076741,0006-12-06 21:05:00,6,12,6,21,5,450,286,GALLOUX (AVENUE GASTON),,,Nuit avec éclairage allumé,En agglomération,Hors intersection,Normale,Sans collision,,,,,,,,,,,5,2,1,1,7
200600076742,0006-12-07 12:30:00,6,12,7,12,30,450,286,BALLES (RUE DES),,,Plein jour,En agglomération,Intersection en X,Pluie forte,Deux véhicules - côté,,,,,,,,,,,1,2,2,3,3
200600076743,0006-12-07 13:40:00,6,12,7,13,40,450,75,"11, NATIONALE (ROUTE)",,,Plein jour,En agglomération,Intersection en T,Pluie légère,Deux véhicules - arrière,,,,,,,,,,,1,2,3,2,2
200600076744,0006-12-07 21:50:00,6,12,7,21,50,450,234,BIGNON (RUE),,,Nuit avec éclairage allumé,En agglomération,Hors intersection,Temps couvert,Sans collision,,,,,,,,,,,5,2,1,8,7
200600076745,0006-12-08 20:55:00,6,12,8,20,55,450,234,RIOBE (BOULEVARD GUY MAR,,,Nuit avec éclairage allumé,En agglomération,Hors intersection,Normale,Deux véhicules - côté,,,,,,,,,,,5,2,1,1,3
200600076746,0006-12-10 01:25:00,6,12,10,1,25,450,302,TUILERIE (RUE DE LA),,,Nuit avec éclairage allumé,En agglomération,Hors intersection,Normale,Autre collision,,,,,,,,,,,5,2,1,1,6
200600076747,0006-12-12 17:15:00,6,12,12,17,15,450,75,NATIONALE (ROUTE),,,Crépuscule ou aube,En agglomération,Hors intersection,Normale,Trois véhicules et plus - collisions multiples,,,,,,,,,,,2,2,1,1,5
200600076748,0006-12-12 12:05:00,6,12,12,12,5,450,234,BASSE MOUILLERE (RUE ),,,Plein jour,En agglomération,Intersection en X,Normale,Deux véhicules - côté,,,,,,,,,,,1,2,2,1,3
200600076749,0006-12-12 07:30:00,6,12,12,7,30,450,147,"140, DESMOULINS (RUE CAM",,,Nuit avec éclairage allumé,En agglomération,Hors intersection,Normale,Autre collision,,,,,,,,,,,5,2,1,1,6
200600076750,0006-12-12 19:05:00,6,12,12,19,5,450,147,"166, BERTHELOT (RUE MARC",,,Nuit avec éclairage allumé,En agglomération,Hors intersection,Normale,Autre collision,,,,,,,,,,,5,2,1,1,6
200600076751,0006-12-17 03:50:00,6,12,17,3,50,450,169,MOUCHETIERE (RUE DE LA),,,Nuit avec éclairage allumé,En agglomération,Intersection en X,Brouillard / fumée,Deux véhicules - arrière,,,,,,,,,,,5,2,2,5,2
200600076752,0006-12-13 07:55:00,6,12,13,7,55,450,284,"15, LECLERC (AVENUE DU G",,,Crépuscule ou aube,En agglomération,Intersection en X,Normale,Trois véhicules et plus - collisions multiples,,,,,,,,,,,2,2,2,1,5
200600076753,0006-12-15 17:40:00,6,12,15,17,40,450,286,GALLOUX (AVENUE GASTON),,,Crépuscule ou aube,Hors agglomération,Hors intersection,Normale,Deux véhicules - côté,,,,,,,,,,,2,1,1,1,3
200600076754,0006-12-15 11:15:00,6,12,15,11,15,450,234,"46, BANNIER (RUE)",,,Plein jour,En agglomération,Hors intersection,Normale,Autre collision,,,,,,,,,,,1,2,1,1,6
200600076755,0006-12-16 07:30:00,6,12,16,7,30,450,234,QUEBEC (BOULEVARD DE),,,Crépuscule ou aube,Hors agglomération,Hors intersection,Normale,Autre collision,,,,,,,,,,,2,1,1,1,6
200600076756,0006-12-17 11:50:00,6,12,17,11,50,450,285,"face 18, 11 OCTOBRE (RUE",,,Plein jour,En agglomération,Intersection en T,Brouillard / fumée,Deux véhicules - côté,,,,,,,,,,,1,2,3,5,3
200600076757,0006-12-18 10:25:00,6,12,18,10,25,450,285,CLEMENCEAU (GEORGES),,,Plein jour,En agglomération,Hors intersection,Brouillard / fumée,Deux véhicules - arrière,,,,,,,,,,,1,2,1,5,2
200600076758,0006-12-19 14:59:00,6,12,19,14,59,450,75,PLACEAU (RUE DU PLACEAU),,,Plein jour,En agglomération,Intersection en X,Normale,Deux véhicules - côté,,,,,,,,,,,1,2,2,1,3
200600076759,0006-12-20 13:40:00,6,12,20,13,40,450,232,"197, JOURDAN (RUE THEOPH",,,Plein jour,En agglomération,Hors intersection,Normale,Deux véhicules - frontale,,,,,,,,,,,1,2,1,1,1
200600076760,0006-12-20 17:56:00,6,12,20,17,56,450,147,"397-399, BANNIER (RUE DU",,,Nuit avec éclairage allumé,En agglomération,Hors intersection,Normale,Autre collision,,,,,,,,,,,5,2,1,1,6
200600076761,0006-12-20 21:05:00,6,12,20,21,5,450,234,JAURES (BOULEVARD JEAN ),,,Nuit avec éclairage allumé,En agglomération,Hors intersection,Normale,Autre collision,,,,,,,,,,,5,2,1,1,6
200600076762,0006-12-20 18:05:00,6,12,20,18,5,450,286,GALLOUX (AVENUE GASTON),,,Nuit avec éclairage allumé,En agglomération,Intersection en X,Normale,Deux véhicules - côté,,,,,,,,,,,5,2,2,1,3
200600076763,0006-12-23 21:21:00,6,12,23,21,21,450,234,"119, FAUBOURG BANNIER (R",,,Nuit avec éclairage allumé,En agglomération,Hors intersection,Normale,Sans collision,,,,,,,,,,,5,2,1,1,7
200600076764,0006-12-23 12:45:00,6,12,23,12,45,450,147,"382, BANNIER (RUE DU FAU",47.86012,3.45699,Plein jour,En agglomération,Hors intersection,Normale,Autre collision,,,,,,,,,,,1,2,1,1,6
200600076765,0006-12-23 01:20:00,6,12,23,1,20,450,274,SANDILLON  (ROUTE DE),47.86012,3.45699,Nuit sans éclairage public,Hors agglomération,Hors intersection,Normale,Autre collision,,,,,,,,,,,3,1,1,1,6
200600076766,0006-12-24 22:09:00,6,12,24,22,9,450,147,"39, FERRY (RUE JULES FER",,,Nuit avec éclairage allumé,En agglomération,Hors intersection,Normale,Autre collision,,,,,,,,,,,5,2,1,1,6
200600076767,0006-12-26 18:15:00,6,12,26,18,15,450,234,"43, NECOTIN (RUE DU)",47.92427,3.45699,Nuit avec éclairage allumé,En agglomération,Intersection en X,Normale,Deux véhicules - côté,,,,,,,,,,,5,2,2,1,3
200600076768,0006-12-26 15:20:00,6,12,26,15,20,450,234,"9, VERDUN (BOULEVARD DE)",47.90664,3.45699,Plein jour,En agglomération,Hors intersection,Pluie légère,Autre collision,,,,,,,,,,,1,2,1,2,6
200600076769,0006-12-23 08:15:00,6,12,23,8,15,450,234,"50, GREFFIER (RUE)",,,Crépuscule ou aube,En agglomération,Hors intersection,Normale,Sans collision,,,,,,,,,,,2,2,1,1,7
200600076770,0006-12-27 12:15:00,6,12,27,12,15,450,298,"01, DEFFIE (RUE GASTON)",47.89287,3.45699,Plein jour,En agglomération,Hors intersection,Temps couvert,Deux véhicules - frontale,,,,,,,,,,,1,2,1,8,1
200600076771,0006-12-27 17:40:00,6,12,27,17,40,450,286,"76, SANDILLON (ROUTE DE)",47.88333,3.45699,Nuit avec éclairage allumé,En agglomération,Hors intersection,Normale,Deux véhicules - côté,,,,,,,,,,,5,2,1,1,3
200600076772,0006-12-27 20:00:00,6,12,27,20,0,450,234,"104, SAINT JEAN (FAUBOUR",47.90721,3.45699,Nuit avec éclairage allumé,En agglomération,Hors intersection,Normale,Deux véhicules - côté,,,,,,,,,,,5,2,1,1,3
200600076773,0006-12-28 17:35:00,6,12,28,17,35,450,302,"2387, ROUTE NATIONALE 20",47.89287,3.45699,Nuit avec éclairage allumé,En agglomération,Hors intersection,Normale,Trois véhicules et plus - en chaîne,,,,,,,,,,,5,2,1,1,4
200600076774,0006-12-28 18:40:00,6,12,28,18,40,450,234,"02, PARIS (AVENUE DE)",47.90767,3.45699,Nuit avec éclairage allumé,En agglomération,Hors intersection,Normale,Autre collision,,,,,,,,,,,5,2,1,1,6
200600076775,0006-12-01 18:45:00,6,12,1,18,45,460,42,BASTIE (AVENUE MARYSE),,,Nuit avec éclairage allumé,En agglomération,Hors intersection,Normale,Deux véhicules - frontale,,,,,,,,,,,5,2,1,1,1
200600076776,0006-12-02 17:35:00,6,12,2,17,35,460,42,TOULOUSE (ROUTE DE),,,Crépuscule ou aube,En agglomération,Hors intersection,Normale,Deux véhicules - frontale,,,,,,,,,,,2,2,1,1,1
200600076777,0006-12-03 15:10:00,6,12,3,15,10,460,42,VIEILLE ROUTE DE PARIS,,,Plein jour,Hors agglomération,Intersection en T,Temps couvert,Deux véhicules - frontale,,,,,,,,,,,1,1,3,8,1
200600076778,0006-12-07 12:40:00,6,12,7,12,40,460,42,Départementale 911,,,Plein jour,Hors agglomération,Hors intersection,Pluie légère,Deux véhicules - arrière,,,,,,,,,,,1,1,1,2,2
200600076779,0006-12-08 16:45:00,6,12,8,16,45,460,156,"1020, DEPARTEMENTALE 653",,,Plein jour,Hors agglomération,Hors intersection,Pluie forte,Deux véhicules - côté,,,,,,,,,,,1,1,1,3,3
200600076780,0006-12-04 06:00:00,6,12,4,6,0,470,31,BEAUREGARD (pont de),,,Nuit avec éclairage allumé,En agglomération,Hors intersection,Normale,Deux véhicules - frontale,,,,,,,,,,,5,2,1,1,1
200600076781,0006-12-06 18:39:00,6,12,6,18,39,470,1,TISSIDRE (AV. ANDRE),,,Nuit sans éclairage public,Hors agglomération,Hors intersection,Temps couvert,Deux véhicules - côté,,,,,,,,,,,3,1,1,8,3
200600076782,0006-12-05 11:34:00,6,12,5,11,34,470,31,AV LACAPELETTE,,,Plein jour,Hors agglomération,Hors intersection,Normale,Trois véhicules et plus - collisions multiples,,,,,,,,,,,1,1,1,1,5
200600076783,0006-12-11 16:31:00,6,12,11,16,31,470,1,DUMON (BD SYLVAIN),,,Plein jour,En agglomération,Intersection en T,Normale,Deux véhicules - côté,,,,,,,,,,,1,2,3,1,3
200600076784,0006-12-12 12:18:00,6,12,12,12,18,470,201,PYRENEES (AVENUE DES),,,Plein jour,En agglomération,Intersection en T,Normale,Deux véhicules - côté,,,,,,,,,,,1,2,3,1,3
200600076785,0006-12-13 14:37:00,6,12,13,14,37,470,31,"2, BIGORRE (avenue de )",,,Plein jour,Hors agglomération,Intersection en T,Normale,Deux véhicules - côté,,,,,,,,,,,1,1,3,1,3
200600076786,0006-12-13 16:51:00,6,12,13,16,51,470,1,9EME DE LIGNE (COURS DU),,,Plein jour,En agglomération,Hors intersection,Normale,Deux véhicules - arrière,,,,,,,,,,,1,2,1,1,2
200600076787,0006-12-13 19:45:00,6,12,13,19,45,470,1,LISBONNE (RUE),,,Nuit avec éclairage allumé,En agglomération,Hors intersection,Normale,Deux véhicules - frontale,,,,,,,,,,,5,2,1,1,1
200600076788,0006-12-16 07:10:00,6,12,16,7,10,470,1,"151, REPUBLIQUE (BOULEVA",,,Nuit avec éclairage allumé,En agglomération,Hors intersection,Normale,Deux véhicules - frontale,,,,,,,,,,,5,2,1,1,1
200600076789,0006-12-11 19:08:00,6,12,11,19,8,470,1,PELLETAN (PLACE EUGENE),,,Nuit avec éclairage allumé,En agglomération,Place,Normale,Deux véhicules - côté,,,,,,,,,,,5,2,7,1,3
200600076790,0006-12-15 17:31:00,6,12,15,17,31,470,1,"22, CALABET (QUAI DU DOC",,,Plein jour,En agglomération,Hors intersection,Normale,Deux véhicules - côté,,,,,,,,,,,1,2,1,1,3
200600076791,0006-12-28 18:00:00,6,12,28,18,0,470,201,GASCOGNE (AVENUE DE),,,Crépuscule ou aube,En agglomération,Hors intersection,Brouillard / fumée,Deux véhicules - côté,,,,,,,,,,,2,2,1,5,3
200600076792,0006-12-28 18:20:00,6,12,28,18,20,470,32,"31, REPUBLIQUE(RUE DE LA",,,Nuit avec éclairage allumé,En agglomération,Hors intersection,Normale,Autre collision,,,,,,,,,,,5,2,1,1,6
200600076793,0006-12-29 15:47:00,6,12,29,15,47,470,32,SAINTE RADEGONDE,,,Plein jour,Hors agglomération,Hors intersection,Normale,Autre collision,,,,,,,,,,,1,1,1,1,6
200600076794,0006-12-24 17:30:00,6,12,24,17,30,470,31,"2, GUIGNARD (AV)",,,Nuit avec éclairage allumé,Hors agglomération,Hors intersection,Normale,Sans collision,,,,,,,,,,,5,1,1,1,7
200600076795,0006-12-12 23:30:00,6,12,12,23,30,470,27,PETIT PAREN (lieu-dit),,,Nuit sans éclairage public,Hors agglomération,Hors intersection,Normale,Autre collision,,,,,,,,,,,3,1,1,1,6
200600076796,0006-12-16 10:40:00,6,12,16,10,40,470,323,PLAISANCE (OUEST),,,Plein jour,En agglomération,Hors intersection,Temps couvert,Autre collision,,,,,,,,,,,1,2,1,8,6
200600076797,0006-12-16 13:50:00,6,12,16,13,50,470,323,MONMARES (SUD),,,Plein jour,Hors agglomération,Hors intersection,Normale,Trois véhicules et plus - en chaîne,,,,,,,,,,,1,1,1,1,4
200600076798,0006-12-19 07:35:00,6,12,19,7,35,480,95,"10, FOCH (AVENUE)",,,Nuit avec éclairage allumé,En agglomération,Hors intersection,Normale,Autre collision,,,,,,,,,,,5,2,1,1,6
200600076799,0006-12-01 08:12:00,6,12,1,8,12,490,7,"68, BIRGE BOULEVARD",,,Crépuscule ou aube,En agglomération,Hors intersection,Normale,Trois véhicules et plus - collisions multiples,,,,,,,,,,,2,2,1,1,5
200600076800,0006-12-01 18:33:00,6,12,1,18,33,490,7,"0, ARBRISSEL",,,Nuit avec éclairage allumé,En agglomération,Intersection en X,Normale,Deux véhicules - côté,,,,,,,,,,,5,2,2,1,3
200600076801,0006-12-02 10:09:00,6,12,2,10,9,490,7,"0, CLEMENCEAU BOULEVARD",,,Plein jour,En agglomération,Hors intersection,Temps couvert,Autre collision,,,,,,,,,,,1,2,1,8,6
200600076802,0006-12-02 18:34:00,6,12,2,18,34,490,7,"0, ALLONNEAU(AUGUSTE) BO",,,Nuit avec éclairage allumé,En agglomération,Hors intersection,Normale,Autre collision,,,,,,,,,,,5,2,1,1,6
200600076803,0006-12-01 08:04:00,6,12,1,8,4,490,7,ATLANTIQUE  AVENUE DE L',,,Plein jour,En agglomération,Hors intersection,Normale,Sans collision,,,,,,,,,,,1,2,1,1,7
200600076804,0006-12-05 05:35:00,6,12,5,5,35,490,7,"0, MILLOT BOULEVARD JACQ",,,Nuit avec éclairage allumé,En agglomération,Hors intersection,Vent fort / tempête,Sans collision,,,,,,,,,,,5,2,1,6,7
200600076805,0006-12-04 11:03:00,6,12,4,11,3,490,7,"0, ATLANTIQUE  AVENUE DE",,,Plein jour,En agglomération,Hors intersection,Normale,Deux véhicules - frontale,,,,,,,,,,,1,2,1,1,1
200600076806,0006-12-04 12:53:00,6,12,4,12,53,490,7,"0, MARCEAU",,,Plein jour,En agglomération,Intersection en X,Normale,Deux véhicules - côté,,,,,,,,,,,1,2,2,1,3
200600076807,0006-12-01 20:06:00,6,12,1,20,6,490,7,"17, JEAN XXIII AVENUE",,,Nuit avec éclairage allumé,En agglomération,Hors intersection,Normale,Sans collision,,,,,,,,,,,5,2,1,1,7
200600076808,0006-12-04 05:06:00,6,12,4,5,6,490,7,"132, PASTEUR",,,Nuit avec éclairage allumé,En agglomération,Hors intersection,Normale,Autre collision,,,,,,,,,,,5,2,1,1,6
200600076809,0006-12-06 10:38:00,6,12,6,10,38,490,7,"0, LIZE",,,Plein jour,En agglomération,Hors intersection,Normale,Autre collision,,,,,,,,,,,1,2,1,1,6
200600076810,0006-12-06 15:34:00,6,12,6,15,34,490,7,"10, PAPIN",,,Plein jour,En agglomération,Hors intersection,Normale,Deux véhicules - arrière,,,,,,,,,,,1,2,1,1,2
200600076811,0006-12-06 17:16:00,6,12,6,17,16,490,7,"0, CROIX BLANCHE RUE ET",,,Crépuscule ou aube,En agglomération,Intersection en T,Normale,Deux véhicules - côté,,,,,,,,,,,2,2,3,1,3
200600076812,0006-12-07 07:50:00,6,12,7,7,50,490,7,"0, SCHWEITZER",,,Nuit avec éclairage allumé,En agglomération,Intersection en T,Pluie forte,Deux véhicules - côté,,,,,,,,,,,5,2,3,3,3
200600076813,0006-12-07 17:53:00,6,12,7,17,53,490,7,"0, BIRGE BOULEVARD",,,Nuit avec éclairage allumé,En agglomération,Hors intersection,Normale,Deux véhicules - côté,,,,,,,,,,,5,2,1,1,3
200600076814,0006-12-10 15:25:00,6,12,10,15,25,490,7,"21, SALENGRO",,,Plein jour,En agglomération,Hors intersection,Normale,Autre collision,,,,,,,,,,,1,2,1,1,6
200600076815,0006-12-10 19:50:00,6,12,10,19,50,490,7,"0, GARE PLACE",,,Nuit avec éclairage allumé,En agglomération,Hors intersection,Normale,Sans collision,,,,,,,,,,,5,2,1,1,7
200600076816,0006-12-11 08:23:00,6,12,11,8,23,490,7,"0, DARWIN",,,Nuit avec éclairage allumé,En agglomération,Intersection en T,Normale,Deux véhicules - côté,,,,,,,,,,,5,2,3,1,3
200600076817,0006-12-11 08:04:00,6,12,11,8,4,490,246,"0, RN 260",,,Nuit sans éclairage public,Hors agglomération,Hors intersection,Normale,Trois véhicules et plus - en chaîne,,,,,,,,,,,3,1,1,1,4
200600076818,0006-12-13 07:09:00,6,12,13,7,9,490,7,"0, MOULIN PONT ET PLACE",,,Nuit sans éclairage public,En agglomération,Hors intersection,Normale,Sans collision,,,,,,,,,,,3,2,1,1,7
200600076819,0006-12-13 07:33:00,6,12,13,7,33,490,7,"0, CHALOUERE",,,Nuit avec éclairage allumé,En agglomération,Hors intersection,Normale,Autre collision,,,,,,,,,,,5,2,1,1,6
200600076820,0006-12-13 10:47:00,6,12,13,10,47,490,7,"0, VOIE DES BERGES",,,Plein jour,En agglomération,Hors intersection,Normale,Trois véhicules et plus - en chaîne,,,,,,,,,,,1,2,1,1,4
200600076821,0006-12-13 11:32:00,6,12,13,11,32,490,7,"135, SAUMUROISE IMPASSE",,,Plein jour,En agglomération,Hors intersection,Normale,Sans collision,,,,,,,,,,,1,2,1,1,7
200600076822,0006-12-13 12:40:00,6,12,13,12,40,490,7,"295, HAUTE DES BANCHAIS",,,Plein jour,En agglomération,Hors intersection,Normale,Autre collision,,,,,,,,,,,1,2,1,1,6
200600076823,0006-12-13 15:57:00,6,12,13,15,57,490,7,"0, BRIOLLAY ROUTE",,,Plein jour,En agglomération,Hors intersection,Normale,Sans collision,,,,,,,,,,,1,2,1,1,7
200600076824,0006-12-13 18:47:00,6,12,13,18,47,490,7,RAMON BOULEVARD,,,Nuit avec éclairage allumé,En agglomération,Hors intersection,Normale,Deux véhicules - côté,,,,,,,,,,,5,2,1,1,3
200600076825,0006-12-14 08:45:00,6,12,14,8,45,490,15,"0, D 106",,,Plein jour,En agglomération,Hors intersection,Normale,Deux véhicules - côté,,,,,,,,,,,1,2,1,1,3
200600076826,0006-12-14 16:39:00,6,12,14,16,39,490,7,"51, JAURES",,,Plein jour,En agglomération,Hors intersection,Normale,Deux véhicules - côté,,,,,,,,,,,1,2,1,1,3
200600076827,0006-12-14 18:06:00,6,12,14,18,6,490,246,"47, PASTEUR",,,Nuit avec éclairage allumé,En agglomération,Hors intersection,Normale,Sans collision,,,,,,,,,,,5,2,1,1,7
200600076828,0006-12-14 18:54:00,6,12,14,18,54,490,7,"0, FRANKLIN",,,Nuit avec éclairage allumé,En agglomération,Hors intersection,Normale,Deux véhicules - côté,,,,,,,,,,,5,2,1,1,3
200600076829,0006-12-12 07:56:00,6,12,12,7,56,490,246,POUILLE CHEMIN,,,Nuit avec éclairage allumé,Hors agglomération,Hors intersection,Brouillard / fumée,Autre collision,,,,,,,,,,,5,1,1,5,6
200600076830,0006-12-12 18:13:00,6,12,12,18,13,490,7,"0, FOCH BOULEVARD",,,Nuit avec éclairage allumé,En agglomération,Hors intersection,Normale,Autre collision,,,,,,,,,,,5,2,1,1,6
200600076831,0006-12-15 09:17:00,6,12,15,9,17,490,7,"67, MAIL",,,Plein jour,En agglomération,Hors intersection,Normale,Deux véhicules - arrière,,,,,,,,,,,1,2,1,1,2
200600076832,0006-12-15 11:07:00,6,12,15,11,7,490,7,"368, SAINT LEONARD",,,Plein jour,En agglomération,Intersection en X,Normale,Sans collision,,,,,,,,,,,1,2,2,1,7
200600076833,0006-12-15 16:19:00,6,12,15,16,19,490,7,BERGES VOIE,,,Plein jour,En agglomération,Hors intersection,Normale,Trois véhicules et plus - en chaîne,,,,,,,,,,,1,2,1,1,4
200600076834,0006-12-15 18:18:00,6,12,15,18,18,490,7,ATLANTIQUE  AVENUE DE L',,,Nuit avec éclairage allumé,En agglomération,Hors intersection,Normale,Trois véhicules et plus - en chaîne,,,,,,,,,,,5,2,1,1,4
200600076835,0006-12-15 21:26:00,6,12,15,21,26,490,7,"0, BEDIER BOULEVARD",,,Nuit avec éclairage allumé,En agglomération,Intersection en X,Normale,Deux véhicules - côté,,,,,,,,,,,5,2,2,1,3
200600076836,0006-12-16 15:18:00,6,12,16,15,18,490,7,"34, BIRGE BOULEVARD",,,Plein jour,En agglomération,Hors intersection,Pluie légère,Deux véhicules - côté,,,,,,,,,,,1,2,1,2,3
200600076837,0006-12-17 04:50:00,6,12,17,4,50,490,7,"359, SAINT LEONARD",,,Nuit avec éclairage allumé,En agglomération,Hors intersection,Pluie légère,Sans collision,,,,,,,,,,,5,2,1,2,7
200600076838,0006-12-17 18:23:00,6,12,17,18,23,490,7,"0, DUMESNIL BOULEVARD",,,Nuit avec éclairage allumé,En agglomération,Hors intersection,Pluie légère,Sans collision,,,,,,,,,,,5,2,1,2,7