accident_id,datetime,annee,mois,jour,heure,minute,departement,commune_insee,adresse,latitude,longitude,luminosite,agglomeration,intersection,meteo,collision,nb_vehicules,nb_usagers,nb_indemnes,nb_tues,nb_blesses_hosp,nb_blesses_legers,age_cond_1,age_cond_2,veh_type_cond_1,veh_type_cond_2,lum_code,agg_code,int_code,atm_code,col_code
200600077093,0006-12-06 17:08:00,6,12,6,17,8,570,672,LIBERATION (ALLEE DE LA),,,Nuit avec éclairage allumé,En agglomération,Hors intersection,Normale,Autre collision,,,,,,,,,,,5,2,1,1,6
200600077094,0006-12-03 17:10:00,6,12,3,17,10,570,368,"166, RIMMEL (RUE VICTOR)",,,Nuit avec éclairage allumé,En agglomération,Hors intersection,Pluie forte,Autre collision,,,,,,,,,,,5,2,1,3,6
200600077095,0006-12-08 17:35:00,6,12,8,17,35,570,647,GAULLE (RUE CHARLES DE),,,Nuit avec éclairage allumé,En agglomération,Intersection en T,Vent fort / tempête,Deux véhicules - côté,,,,,,,,,,,5,2,3,6,3
200600077096,0006-12-14 12:00:00,6,12,14,12,0,570,441,"66, GRAND RUE",,,Plein jour,En agglomération,Hors intersection,Normale,Autre collision,,,,,,,,,,,1,2,1,1,6
200600077097,0006-12-17 04:45:00,6,12,17,4,45,570,672,"6, GARE (RUE DE LA)",,,Nuit avec éclairage allumé,En agglomération,Hors intersection,Normale,Autre collision,,,,,,,,,,,5,2,1,1,6
200600077098,0006-12-13 18:20:00,6,12,13,18,20,570,508,"1, JOFFRE (RUE)",,,Nuit sans éclairage public,En agglomération,Intersection en T,Pluie légère,Deux véhicules - frontale,,,,,,,,,,,3,2,3,2,1
200600077099,0006-12-14 18:25:00,6,12,14,18,25,570,672,"0, ENFANTS DE LA FENSCH",,,Nuit avec éclairage allumé,En agglomération,Hors intersection,Normale,Autre collision,,,,,,,,,,,5,2,1,1,6
200600077100,0006-12-15 10:00:00,6,12,15,10,0,570,757,BOUZONVILLE (ROUTE DE),,,Plein jour,Hors agglomération,Hors intersection,Normale,Deux véhicules - côté,,,,,,,,,,,1,1,1,1,3
200600077101,0006-12-15 13:45:00,6,12,15,13,45,570,757,ROOSEVELT (RUE DU PRESID,,,Plein jour,En agglomération,Hors intersection,Normale,Deux véhicules - arrière,,,,,,,,,,,1,2,1,1,2
200600077102,0006-12-16 11:40:00,6,12,16,11,40,570,672,MANOM (ROUTE DE),,,Plein jour,En agglomération,Hors intersection,Normale,Deux véhicules - arrière,,,,,,,,,,,1,2,1,1,2
200600077103,0006-12-17 00:10:00,6,12,17,0,10,570,672,"0, RAYMOND POINCARE (ALL",,,Nuit avec éclairage allumé,En agglomération,Intersection en X,Normale,Deux véhicules - côté,,,,,,,,,,,5,2,2,1,3
200600077104,0006-12-17 15:10:00,6,12,17,15,10,570,757,ILLANGE (ROUTE D'),,,Plein jour,En agglomération,Hors intersection,Normale,Deux véhicules - arrière,,,,,,,,,,,1,2,1,1,2
200600077105,0006-12-17 16:50:00,6,12,17,16,50,570,757,BRASSERIE (ANCIENNE),,,Nuit avec éclairage allumé,En agglomération,Hors intersection,Normale,Deux véhicules - côté,,,,,,,,,,,5,2,1,1,3
200600077106,0006-12-23 14:50:00,6,12,23,14,50,570,672,LEIDT (CHEMIN),,,Plein jour,Hors agglomération,Hors intersection,Normale,Sans collision,,,,,,,,,,,1,1,1,1,7
200600077107,0006-12-22 09:20:00,6,12,22,9,20,570,672,"1, BUCHEL (ROUTE DU)",,,Plein jour,En agglomération,Intersection en X,Normale,Deux véhicules - côté,,,,,,,,,,,1,2,2,1,3
200600077108,0006-12-19 10:48:00,6,12,19,10,48,570,306,"1, GAULLE (RUE DE)",,,Plein jour,En agglomération,Hors intersection,Normale,Autre collision,,,,,,,,,,,1,2,1,1,6
200600077109,0006-12-28 12:15:00,6,12,28,12,15,570,672,"ALLEE M, QUATORZE JUILLE",,,Plein jour,En agglomération,Autre intersection,Normale,Deux véhicules - côté,,,,,,,,,,,1,2,9,1,3
200600077110,0006-12-28 10:35:00,6,12,28,10,35,580,194,"SANS, GRAND MOUESSE (FAU",,,Plein jour,En agglomération,Hors intersection,Pluie légère,Autre collision,,,,,,,,,,,1,2,1,2,6
200600077111,0006-12-19 14:50:00,6,12,19,14,50,580,194,"3, PIQUE",,,Plein jour,En agglomération,Hors intersection,Normale,Autre collision,,,,,,,,,,,1,2,1,1,6
200600077112,0006-12-02 20:05:00,6,12,2,20,5,580,194,PETIT MOUESSE,,,Nuit avec éclairage allumé,En agglomération,Intersection en X,Normale,Deux véhicules - côté,,,,,,,,,,,5,2,2,1,3
200600077113,0006-12-05 10:35:00,6,12,5,10,35,580,194,"42, GRAND MOUESSE (FAUBO",,,Plein jour,En agglomération,Hors intersection,Normale,Trois véhicules et plus - en chaîne,,,,,,,,,,,1,2,1,1,4
200600077114,0006-12-08 17:45:00,6,12,8,17,45,580,194,"88, TREIZIEME DE LIGNE",,,Plein jour,En agglomération,Intersection en X,Pluie légère,Autre collision,,,,,,,,,,,1,2,2,2,6
200600077115,0006-12-17 13:30:00,6,12,17,13,30,580,194,GRAND PRE DES BORDES,,,Plein jour,En agglomération,Giratoire,Normale,Deux véhicules - côté,,,,,,,,,,,1,2,6,1,3
200600077116,0006-12-23 17:35:00,6,12,23,17,35,580,194,REINES DE POLOGNE (PLACE,,,Nuit avec éclairage allumé,En agglomération,Hors intersection,Normale,Autre collision,,,,,,,,,,,5,2,1,1,6
200600077117,0006-12-20 08:55:00,6,12,20,8,55,590,8,"47, DELFORGE RUE (LOUIS)",,,Plein jour,En agglomération,Intersection en T,Brouillard / fumée,Deux véhicules - arrière,,,,,,,,,,,1,2,3,5,2
200600077118,0006-12-24 20:40:00,6,12,24,20,40,590,431,"985, BAILLEUL (RUE DE)",,,Nuit avec éclairage allumé,En agglomération,Hors intersection,Autre,Deux véhicules - frontale,,,,,,,,,,,5,2,1,9,1
200600077119,0006-12-30 15:40:00,6,12,30,15,40,590,431,TOUQUET (RUE DU),,,Plein jour,Hors agglomération,Hors intersection,Pluie légère,Trois véhicules et plus - collisions multiples,,,,,,,,,,,1,1,1,2,5
200600077120,0006-12-09 22:40:00,6,12,9,22,40,590,467,"81, GRAND RUE",,,Nuit avec éclairage allumé,En agglomération,Hors intersection,Normale,Deux véhicules - côté,,,,,,,,,,,5,2,1,1,3
200600077121,0006-12-07 12:55:00,6,12,7,12,55,590,43,LEET (RUE DU),,,Plein jour,Hors agglomération,Hors intersection,Normale,Deux véhicules - frontale,,,,,,,,,,,1,1,1,1,1
200600077122,0006-12-07 17:50:00,6,12,7,17,50,590,43,"211, PHILIPPE VAN TIEGHE",,,Nuit avec éclairage allumé,En agglomération,Hors intersection,Pluie légère,Autre collision,,,,,,,,,,,5,2,1,2,6
200600077123,0006-12-13 14:50:00,6,12,13,14,50,590,43,HAZEBROUCK (ROUTE),,,Plein jour,Hors agglomération,Intersection en X,Normale,Deux véhicules - côté,,,,,,,,,,,1,1,2,1,3
200600077124,0006-12-15 18:40:00,6,12,15,18,40,590,43,"69, YPRES (RUE D')",,,Nuit avec éclairage allumé,En agglomération,Hors intersection,Normale,Autre collision,,,,,,,,,,,5,2,1,1,6
200600077125,0006-12-16 18:15:00,6,12,16,18,15,590,43,"53, LILLE (RUE DE) S1",,,Nuit avec éclairage allumé,En agglomération,Hors intersection,Autre,Autre collision,,,,,,,,,,,5,2,1,9,6
200600077126,0006-12-11 17:40:00,6,12,11,17,40,590,122,LIBERTE (BOULEVARD DE LA,,,Nuit avec éclairage allumé,En agglomération,Hors intersection,Pluie légère,Autre collision,,,,,,,,,,,5,2,1,2,6
200600077127,0006-12-14 23:15:00,6,12,14,23,15,590,244,ROUTE NATIONALE,,,Nuit sans éclairage public,Hors agglomération,Hors intersection,Normale,Autre collision,,,,,,,,,,,3,1,1,1,6
200600077128,0006-12-21 21:15:00,6,12,21,21,15,590,253,VAILLANT COUTURIER (PLAC,,,Nuit avec éclairage allumé,En agglomération,Hors intersection,Normale,Sans collision,,,,,,,,,,,5,2,1,1,7
200600077129,0006-12-23 11:25:00,6,12,23,11,25,590,616,BETH (RUE RENE ),,,Plein jour,En agglomération,Intersection en X,Normale,Deux véhicules - côté,,,,,,,,,,,1,2,2,1,3
200600077130,0006-12-11 17:05:00,6,12,11,17,5,590,153,CHAUSSIETTE (RUE DE LA ),,,Nuit avec éclairage allumé,Hors agglomération,Hors intersection,Pluie forte,Sans collision,,,,,,,,,,,5,1,1,3,7
200600077131,0006-12-29 03:15:00,6,12,29,3,15,590,616,"397, BETH (RUE RENE )",,,Nuit avec éclairage allumé,Hors agglomération,Hors intersection,Normale,Sans collision,,,,,,,,,,,5,1,1,1,7
200600077132,0006-12-21 17:29:00,6,12,21,17,29,590,429,NATIONALE(R.30),,,Plein jour,En agglomération,Autre intersection,Normale,Deux véhicules - côté,,,,,,,,,,,1,2,9,1,3
200600077133,0006-12-27 13:55:00,6,12,27,13,55,590,489,"231, TIRMONT (RUE AUGUST",,,Plein jour,En agglomération,Hors intersection,Temps couvert,Deux véhicules - frontale,,,,,,,,,,,1,2,1,8,1
200600077134,0006-12-08 15:06:00,6,12,8,15,6,590,178,FORTIER (RUE),,,Plein jour,En agglomération,Hors intersection,Pluie forte,Autre collision,,,,,,,,,,,1,2,1,3,6
200600077135,0006-12-01 17:10:00,6,12,1,17,10,590,183,"0.000, HUGO VICTOR - BOU",,,Nuit avec éclairage allumé,En agglomération,Hors intersection,Pluie légère,Deux véhicules - arrière,,,,,,,,,,,5,2,1,2,2
200600077136,0006-12-04 02:10:00,6,12,4,2,10,590,183,"0.000, FUSILIERS MARINS",,,Nuit avec éclairage allumé,Hors agglomération,Hors intersection,Pluie légère,Autre collision,,,,,,,,,,,5,1,1,2,6
200600077137,0006-12-04 19:15:00,6,12,4,19,15,590,183,"0.000, REPUBLIQUE - F MI",,,Nuit avec éclairage allumé,En agglomération,Hors intersection,Pluie légère,Deux véhicules - frontale,,,,,,,,,,,5,2,1,2,1
200600077138,0006-12-02 09:05:00,6,12,2,9,5,590,183,"0.000, CAMBON PAUL - BOU",,,Plein jour,En agglomération,Hors intersection,Pluie légère,Autre collision,,,,,,,,,,,1,2,1,2,6
200600077139,0006-12-07 07:50:00,6,12,7,7,50,590,131,"2, BOURBOURG - ROUTE",,,Nuit avec éclairage allumé,En agglomération,Hors intersection,Pluie légère,Deux véhicules - frontale,,,,,,,,,,,5,2,1,2,1
200600077140,0006-12-12 17:50:00,6,12,12,17,50,590,183,"0.000, BENELUX - AVENUE",,,Nuit avec éclairage allumé,En agglomération,Hors intersection,Normale,Deux véhicules - côté,,,,,,,,,,,5,2,1,1,3
200600077141,0006-12-13 17:40:00,6,12,13,17,40,590,183,LILLE,,,Nuit avec éclairage allumé,En agglomération,Hors intersection,Normale,Deux véhicules - côté,,,,,,,,,,,5,2,1,1,3
200600077142,0006-12-18 19:55:00,6,12,18,19,55,590,183,"0.000, ECLUSE DE BERGUES",,,Nuit avec éclairage allumé,En agglomération,Intersection en X,Normale,Deux véhicules - côté,,,,,,,,,,,5,2,2,1,3
200600077143,0006-12-18 10:00:00,6,12,18,10,0,590,155,"105, MALO CELESTIN",,,Plein jour,En agglomération,Hors intersection,Temps éblouissant,Deux véhicules - arrière,,,,,,,,,,,1,2,1,7,2
200600077144,0006-12-19 08:05:00,6,12,19,8,5,590,183,"04, CAMBON PAUL - BOULEV",,,Crépuscule ou aube,En agglomération,Hors intersection,Normale,Autre collision,,,,,,,,,,,2,2,1,1,6
200600077145,0006-12-19 18:45:00,6,12,19,18,45,590,155,"0.000, REMBRANDT",,,Nuit avec éclairage allumé,En agglomération,Hors intersection,Normale,Autre collision,,,,,,,,,,,5,2,1,1,6
200600077146,0006-12-21 17:15:00,6,12,21,17,15,590,155,"0.000, MALO CELESTIN",,,Nuit avec éclairage allumé,En agglomération,Hors intersection,Normale,Deux véhicules - côté,,,,,,,,,,,5,2,1,1,3
200600077147,0006-12-03 05:00:00,6,12,3,5,0,590,359,RN1,,,Nuit sans éclairage public,Hors agglomération,Hors intersection,Vent fort / tempête,Sans collision,,,,,,,,,,,3,1,1,6,7
200600077148,0006-12-08 10:25:00,6,12,8,10,25,590,295,"04, AVENUE DU MARECHAL D",,,Plein jour,En agglomération,Hors intersection,Pluie légère,Autre collision,,,,,,,,,,,1,2,1,2,6
200600077149,0006-12-13 13:50:00,6,12,13,13,50,590,295,CD 916,,,Plein jour,Hors agglomération,Hors intersection,Normale,Deux véhicules - frontale,,,,,,,,,,,1,1,1,1,1
200600077150,0006-12-20 10:55:00,6,12,20,10,55,590,295,"23, DU DEPOT",,,Plein jour,En agglomération,Hors intersection,Temps couvert,Autre collision,,,,,,,,,,,1,2,1,8,6
200600077151,0006-12-01 13:45:00,6,12,1,13,45,590,378,REPUBLIQUE AV DE LA ( N°,,,Plein jour,En agglomération,Hors intersection,Pluie légère,Sans collision,,,,,,,,,,,1,2,1,2,7
200600077152,0006-12-01 14:25:00,6,12,1,14,25,590,195,"001, ZONE COMMERCIALE",,,Plein jour,En agglomération,Hors intersection,Normale,Deux véhicules - arrière,,,,,,,,,,,1,2,1,1,2
200600077153,0006-12-02 15:10:00,6,12,2,15,10,590,386,WAMBRECHIES RUE DE,,,Plein jour,En agglomération,Hors intersection,Normale,Deux véhicules - côté,,,,,,,,,,,1,2,1,1,3
200600077154,0006-12-04 21:20:00,6,12,4,21,20,590,350,VERGNIAUD RUE,,,Nuit avec éclairage allumé,En agglomération,Intersection en X,Pluie légère,Deux véhicules - côté,,,,,,,,,,,5,2,2,2,3
200600077155,0006-12-04 18:05:00,6,12,4,18,5,590,350,"454, DUNKERQUE AVENUE DE",,,Nuit avec éclairage allumé,En agglomération,Hors intersection,Pluie légère,Autre collision,,,,,,,,,,,5,2,1,2,6
200600077156,0006-12-04 12:45:00,6,12,4,12,45,590,193,"Bas chemin, rue du",,,Plein jour,Hors agglomération,Hors intersection,Normale,Deux véhicules - frontale,,,,,,,,,,,1,1,1,1,1
200600077157,0006-12-05 07:30:00,6,12,5,7,30,590,507,18 JUIN AVENUE DU,,,Crépuscule ou aube,En agglomération,Hors intersection,Normale,Autre collision,,,,,,,,,,,2,2,1,1,6
200600077158,0006-12-05 17:10:00,6,12,5,17,10,590,470,Route Nationale - R.D 93,,,Nuit avec éclairage allumé,En agglomération,Intersection en X,Pluie légère,Deux véhicules - côté,,,,,,,,,,,5,2,2,2,3
200600077159,0006-12-06 17:30:00,6,12,6,17,30,590,328,SAINTE CECILE AVENUE,,,Nuit avec éclairage allumé,En agglomération,Hors intersection,Pluie légère,Autre collision,,,,,,,,,,,5,2,1,2,6
200600077160,0006-12-06 17:45:00,6,12,6,17,45,590,350,"0, KENNEDY AVENUE",,,Crépuscule ou aube,En agglomération,Hors intersection,Pluie légère,Autre collision,,,,,,,,,,,2,2,1,2,6
200600077161,0006-12-06 19:35:00,6,12,6,19,35,590,527,"69, DE LATTRE TASSIGNY.A",,,Nuit avec éclairage allumé,En agglomération,Hors intersection,Pluie légère,Sans collision,,,,,,,,,,,5,2,1,2,7
200600077162,0006-12-07 07:25:00,6,12,7,7,25,590,350,LORRAINE BOULEVARD,,,Crépuscule ou aube,En agglomération,Hors intersection,Pluie légère,Autre collision,,,,,,,,,,,2,2,1,2,6
200600077163,0006-12-08 08:10:00,6,12,8,8,10,590,350,"81, MONTEBELLO BOULEVARD",,,Crépuscule ou aube,En agglomération,Intersection en X,Normale,Autre collision,,,,,,,,,,,2,2,2,1,6
200600077164,0006-12-07 09:50:00,6,12,7,9,50,590,286,"13, CARNOT SADI RUE",,,Plein jour,En agglomération,Hors intersection,Pluie forte,Autre collision,,,,,,,,,,,1,2,1,3,6
200600077165,0006-12-07 14:20:00,6,12,7,14,20,590,507,"160, JAURES JEAN AVENUE",,,Plein jour,En agglomération,Hors intersection,Normale,Autre collision,,,,,,,,,,,1,2,1,1,6
200600077166,0006-12-08 08:30:00,6,12,8,8,30,590,386,LIBERTE AVENUE DE LA,,,Crépuscule ou aube,En agglomération,Intersection en T,Pluie légère,Autre collision,,,,,,,,,,,2,2,3,2,6
200600077167,0006-12-08 13:20:00,6,12,8,13,20,590,350,CANONNIERS RUE DES   RES,,,Plein jour,En agglomération,Hors intersection,Temps couvert,Autre collision,,,,,,,,,,,1,2,1,8,6
200600077168,0006-12-09 19:20:00,6,12,9,19,20,590,350,CARREL ARMAND RUE,,,Nuit avec éclairage allumé,En agglomération,Hors intersection,Normale,Deux véhicules - côté,,,,,,,,,,,5,2,1,1,3
200600077169,0006-12-10 17:25:00,6,12,10,17,25,590,328,BONTE AUGUSTE RUE,,,Nuit avec éclairage allumé,En agglomération,Intersection en X,Normale,Deux véhicules - côté,,,,,,,,,,,5,2,2,1,3
200600077170,0006-12-08 20:50:00,6,12,8,20,50,590,378,VAN DER MEERSCH MAXENCE,,,Nuit avec éclairage non allumé,En agglomération,Place,Normale,Deux véhicules - côté,,,,,,,,,,,4,2,7,1,3
200600077171,0006-12-08 17:50:00,6,12,8,17,50,590,350,"Sans objet, REPUBLIQUE A",,,Crépuscule ou aube,En agglomération,Hors intersection,Pluie forte,Autre collision,,,,,,,,,,,2,2,1,3,6
200600077172,0006-12-11 21:50:00,6,12,11,21,50,590,609,"109, SECLIN RUE DE",,,Nuit avec éclairage allumé,En agglomération,Hors intersection,Pluie légère,Autre collision,,,,,,,,,,,5,2,1,2,6
200600077173,0006-12-11 17:35:00,6,12,11,17,35,590,9,"1, STATION RUE DE LA N°0",,,Nuit avec éclairage allumé,En agglomération,Hors intersection,Pluie forte,Autre collision,,,,,,,,,,,5,2,1,3,6
200600077174,0006-12-09 21:00:00,6,12,9,21,0,590,350,GAMBETTA LEON RUE,,,Nuit avec éclairage non allumé,En agglomération,Hors intersection,Normale,Autre collision,,,,,,,,,,,4,2,1,1,6
200600077175,0006-12-12 07:45:00,6,12,12,7,45,590,9,"001, CANTELEU AVENUE DE",,,Nuit avec éclairage allumé,En agglomération,Intersection en X,Temps couvert,Deux véhicules - côté,,,,,,,,,,,5,2,2,8,3
200600077176,0006-12-12 10:35:00,6,12,12,10,35,590,410,COTY RENE AVENUE,,,Plein jour,En agglomération,Hors intersection,Normale,Autre collision,,,,,,,,,,,1,2,1,1,6
200600077177,0006-12-12 09:35:00,6,12,12,9,35,590,350,"Sans objet, GAMBETTA LEO",,,Plein jour,En agglomération,Hors intersection,Normale,Autre collision,,,,,,,,,,,1,2,1,1,6
200600077178,0006-12-11 19:50:00,6,12,11,19,50,590,378,"21, OUTREVAULT RUE D",,,Nuit avec éclairage allumé,En agglomération,Hors intersection,Pluie forte,Sans collision,,,,,,,,,,,5,2,1,3,7
200600077179,0006-12-09 15:50:00,6,12,9,15,50,590,9,"00, CANTELEU AVENUE DE",,,Plein jour,En agglomération,Intersection en T,Normale,Autre collision,,,,,,,,,,,1,2,3,1,6
200600077180,0006-12-12 14:30:00,6,12,12,14,30,590,9,"Sans objet, FLANDRE AVEN",,,Plein jour,En agglomération,Hors intersection,Normale,Autre collision,,,,,,,,,,,1,2,1,1,6
200600077181,0006-12-12 14:00:00,6,12,12,14,0,590,350,"Sans objet, RIHOUR PLACE",,,Plein jour,En agglomération,Hors intersection,Normale,Autre collision,,,,,,,,,,,1,2,1,1,6
200600077182,0006-12-12 13:40:00,6,12,12,13,40,590,193,D. 341,,,Plein jour,En agglomération,Intersection en X,Normale,Deux véhicules - côté,,,,,,,,,,,1,2,2,1,3
200600077183,0006-12-12 09:55:00,6,12,12,9,55,590,350,CARNOT SADI BV. N° IMPAI,,,Plein jour,En agglomération,Hors intersection,Normale,Autre collision,,,,,,,,,,,1,2,1,1,6
200600077184,0006-12-14 10:45:00,6,12,14,10,45,590,386,"001, LALAU RUE",,,Plein jour,En agglomération,Hors intersection,Normale,Deux véhicules - côté,,,,,,,,,,,1,2,1,1,3
200600077185,0006-12-14 19:15:00,6,12,14,19,15,590,9,POINCARE HENRI AVENUE,,,Nuit avec éclairage allumé,En agglomération,Hors intersection,Normale,Autre collision,,,,,,,,,,,5,2,1,1,6
200600077186,0006-12-14 19:00:00,6,12,14,19,0,590,350,"68, HUART RUE DU DOCTEUR",,,Nuit avec éclairage allumé,En agglomération,Hors intersection,Normale,Autre collision,,,,,,,,,,,5,2,1,1,6
200600077187,0006-12-12 08:30:00,6,12,12,8,30,590,220,CHEMIN ROUGE,,,Crépuscule ou aube,En agglomération,Intersection en X,Pluie légère,Autre collision,,,,,,,,,,,2,2,2,2,6
200600077188,0006-12-02 20:40:00,6,12,2,20,40,590,350,"20, VAUBAN BOULEVARD N°2",,,Nuit avec éclairage allumé,En agglomération,Intersection en X,Pluie légère,Autre collision,,,,,,,,,,,5,2,2,2,6
200600077189,0006-12-15 08:20:00,6,12,15,8,20,590,350,TURENNE RUE,,,Crépuscule ou aube,En agglomération,Intersection en T,Normale,Deux véhicules - côté,,,,,,,,,,,2,2,3,1,3
200600077190,0006-12-15 18:45:00,6,12,15,18,45,590,9,"Sans objet, OUEST BOULEV",,,Plein jour,En agglomération,Intersection en X,Normale,Autre collision,,,,,,,,,,,1,2,2,1,6
200600077191,0006-12-15 18:00:00,6,12,15,18,0,590,386,PETERS HENRI RUE,,,Crépuscule ou aube,En agglomération,Intersection en T,Normale,Deux véhicules - côté,,,,,,,,,,,2,2,3,1,3
200600077192,0006-12-17 05:00:00,6,12,17,5,0,590,378,"853, REPUBLIQUE AV DE LA",,,Nuit avec éclairage allumé,En agglomération,Hors intersection,Normale,Autre collision,,,,,,,,,,,5,2,1,1,6
200600077193,0006-12-17 09:00:00,6,12,17,9,0,590,350,"001, GUESDE JULES RUE",,,Plein jour,En agglomération,Hors intersection,Normale,Autre collision,,,,,,,,,,,1,2,1,1,6
200600077194,0006-12-16 12:25:00,6,12,16,12,25,590,343,LINNICH RUE,,,Plein jour,En agglomération,Hors intersection,Normale,Autre collision,,,,,,,,,,,1,2,1,1,6
200600077195,0006-12-18 18:00:00,6,12,18,18,0,590,350,"2, AVESNES RUE N°1A13-2A",,,Nuit avec éclairage allumé,En agglomération,Hors intersection,Normale,Autre collision,,,,,,,,,,,5,2,1,1,6
200600077196,0006-12-19 11:50:00,6,12,19,11,50,590,350,LAMBRET OSCAR AVENUE,,,Plein jour,En agglomération,Hors intersection,Temps éblouissant,Deux véhicules - arrière,,,,,,,,,,,1,2,1,7,2
200600077197,0006-12-19 15:25:00,6,12,19,15,25,590,566,DE LA PHALECQUE E. IMBER,,,Plein jour,En agglomération,Giratoire,Normale,Autre collision,,,,,,,,,,,1,2,6,1,6
200600077198,0006-12-20 11:00:00,6,12,20,11,0,590,350,"18, WATTIGNIES RUE",,,Plein jour,En agglomération,Hors intersection,Normale,Autre collision,,,,,,,,,,,1,2,1,1,6
200600077199,0006-12-21 12:50:00,6,12,21,12,50,590,350,"198, VAUBAN BOULEVARD N°",,,Plein jour,En agglomération,Hors intersection,Normale,Deux véhicules - arrière,,,,,,,,,,,1,2,1,1,2
200600077200,0006-12-22 14:20:00,6,12,22,14,20,590,9,"4, RONSSE CHARLES RUE",,,Plein jour,En agglomération,Hors intersection,Normale,Trois véhicules et plus - collisions multiples,,,,,,,,,,,1,2,1,1,5
200600077201,0006-12-22 22:35:00,6,12,22,22,35,590,350,"313, LEGRAND PIERRE RUE",,,Nuit avec éclairage allumé,En agglomération,Intersection en T,Normale,Autre collision,,,,,,,,,,,5,2,3,1,6
200600077202,0006-12-24 18:40:00,6,12,24,18,40,590,350,SALENGRO ROGER AVENUE,,,Nuit avec éclairage allumé,En agglomération,Intersection en X,Brouillard / fumée,Deux véhicules - côté,,,,,,,,,,,5,2,2,5,3
200600077203,0006-12-07 14:10:00,6,12,7,14,10,590,350,"9, CARREL ARMAND RUE",,,Plein jour,En agglomération,Hors intersection,Pluie légère,Deux véhicules - côté,,,,,,,,,,,1,2,1,2,3
200600077204,0006-12-27 17:35:00,6,12,27,17,35,590,350,DE COUBERTIN PIERRE BOUL,,,Nuit avec éclairage allumé,En agglomération,Intersection en X,Pluie légère,Autre collision,,,,,,,,,,,5,2,2,2,6
200600077205,0006-12-27 19:20:00,6,12,27,19,20,590,507,"7, LESQUIN RUE DE",,,Nuit avec éclairage allumé,En agglomération,Intersection en T,Normale,Deux véhicules - côté,,,,,,,,,,,5,2,3,1,3
200600077206,0006-12-28 04:15:00,6,12,28,4,15,590,328,CARNOY RUE DE LA N°2 AU,,,Nuit sans éclairage public,En agglomération,Intersection en X,Normale,Deux véhicules - côté,,,,,,,,,,,3,2,2,1,3
200600077207,0006-12-28 18:00:00,6,12,28,18,0,590,507,LIBERATION AVENUE DE LA,,,Nuit avec éclairage allumé,En agglomération,Hors intersection,Normale,Deux véhicules - frontale,,,,,,,,,,,5,2,1,1,1
200600077208,0006-12-28 18:55:00,6,12,28,18,55,590,350,"102, ARC RUE JEANNE D",,,Crépuscule ou aube,En agglomération,Intersection en X,Normale,Deux véhicules - côté,,,,,,,,,,,2,2,2,1,3
200600077209,0006-12-28 19:00:00,6,12,28,19,0,590,350,"05, HENAUX MARCEL RUE",,,Nuit avec éclairage allumé,Hors agglomération,Hors intersection,Normale,Autre collision,,,,,,,,,,,5,1,1,1,6
200600077210,0006-12-29 14:50:00,6,12,29,14,50,590,527,"Sans objet, DE LATTRE TA",,,Plein jour,En agglomération,Hors intersection,Normale,Autre collision,,,,,,,,,,,1,2,1,1,6
200600077211,0006-12-31 15:25:00,6,12,31,15,25,590,350,"57, PARIS RUE N° RESTE",,,Plein jour,En agglomération,Hors intersection,Normale,Autre collision,,,,,,,,,,,1,2,1,1,6
200600077212,0006-12-04 18:10:00,6,12,4,18,10,590,514,"17, JULES HUART (RUE)",,,Crépuscule ou aube,En agglomération,Hors intersection,Pluie légère,Deux véhicules - côté,,,,,,,,,,,2,2,1,2,3
200600077213,0006-12-15 18:50:00,6,12,15,18,50,590,230,CLEMENCEAU (AVENUE),,,Nuit sans éclairage public,En agglomération,Intersection en X,Normale,Deux véhicules - arrière,,,,,,,,,,,3,2,2,1,2
200600077214,0006-12-20 19:40:00,6,12,20,19,40,590,392,GREVAUX (RUE DE),,,Nuit avec éclairage allumé,En agglomération,Intersection en T,Normale,Deux véhicules - côté,,,,,,,,,,,5,2,3,1,3
200600077215,0006-12-01 19:45:00,6,12,1,19,45,590,512,LECONTE BAILLON (RUE),,,Nuit avec éclairage allumé,En agglomération,Intersection en T,Normale,Deux véhicules - arrière,,,,,,,,,,,5,2,3,1,2
200600077216,0006-12-02 17:40:00,6,12,2,17,40,590,339,CATTEAU (RUE PIERRE),,,Nuit avec éclairage allumé,En agglomération,Intersection en X,Pluie forte,Deux véhicules - côté,,,,,,,,,,,5,2,2,3,3
200600077217,0006-12-05 18:35:00,6,12,5,18,35,590,299,CLEMENCEAU (BOULEVARD),,,Nuit avec éclairage allumé,En agglomération,Intersection en X,Normale,Deux véhicules - côté,,,,,,,,,,,5,2,2,1,3
200600077218,0006-12-09 15:36:00,6,12,9,15,36,590,512,SALENGRO (AVENUE ROGER),,,Plein jour,En agglomération,Hors intersection,Normale,Autre collision,,,,,,,,,,,1,2,1,1,6
200600077219,0006-12-11 21:45:00,6,12,11,21,45,590,512,DE GAULLE (BOULEVARD DU,,,Nuit avec éclairage allumé,En agglomération,Intersection en X,Pluie forte,Deux véhicules - côté,,,,,,,,,,,5,2,2,3,3
200600077220,0006-12-09 15:55:00,6,12,9,15,55,590,339,FERRY (RUE JULES),,,Plein jour,En agglomération,Intersection en X,Normale,Deux véhicules - côté,,,,,,,,,,,1,2,2,1,3
200600077221,0006-12-11 18:10:00,6,12,11,18,10,590,512,BELL (RUE),,,Nuit avec éclairage allumé,En agglomération,Intersection en X,Pluie forte,Autre collision,,,,,,,,,,,5,2,2,3,6