accident_id,datetime,annee,mois,jour,heure,minute,departement,commune_insee,adresse,latitude,longitude,luminosite,agglomeration,intersection,meteo,collision,nb_vehicules,nb_usagers,nb_indemnes,nb_tues,nb_blesses_hosp,nb_blesses_legers,age_cond_1,age_cond_2,veh_type_cond_1,veh_type_cond_2,lum_code,agg_code,int_code,atm_code,col_code
200600077222,0006-12-07 08:14:00,6,12,7,8,14,590,646,FERRER (RUE FRANCISCO),,,Nuit avec éclairage allumé,En agglomération,Hors intersection,Pluie forte,Autre collision,,,,,,,,,,,5,2,1,3,6
200600077223,0006-12-07 09:00:00,6,12,7,9,0,590,512,LAGRANGE (RUE LEO),,,Plein jour,En agglomération,Intersection en X,Pluie forte,Autre collision,,,,,,,,,,,1,2,2,3,6
200600077224,0006-12-11 17:14:00,6,12,11,17,14,590,512,DE GAULLE (BOULEVARD DU,,,Nuit avec éclairage allumé,En agglomération,Intersection en T,Pluie forte,Deux véhicules - côté,,,,,,,,,,,5,2,3,3,3
200600077225,0006-12-13 20:10:00,6,12,13,20,10,590,512,DARBO (RUE),,,Nuit avec éclairage allumé,Hors agglomération,Intersection en X,Normale,Deux véhicules - arrière,,,,,,,,,,,5,1,2,1,2
200600077226,0006-12-12 07:50:00,6,12,12,7,50,590,512,NATIONS UNIES (AVENUE DE,,,Nuit avec éclairage allumé,En agglomération,Hors intersection,Temps couvert,Autre collision,,,,,,,,,,,5,2,1,8,6
200600077227,0006-12-13 19:15:00,6,12,13,19,15,590,650,DELECOURT (RUE ALFRED),,,Nuit avec éclairage allumé,En agglomération,Hors intersection,Normale,Deux véhicules - côté,,,,,,,,,,,5,2,1,1,3
200600077228,0006-12-15 16:05:00,6,12,15,16,5,590,163,GARE (RUE DE LA),,,Plein jour,En agglomération,Intersection en T,Normale,Deux véhicules - côté,,,,,,,,,,,1,2,3,1,3
200600077229,0006-12-16 11:50:00,6,12,16,11,50,590,512,MULHOUSE (BOULEVARD DE),,,Plein jour,En agglomération,Intersection en X,Pluie forte,Deux véhicules - côté,,,,,,,,,,,1,2,2,3,3
200600077230,0006-12-14 13:32:00,6,12,14,13,32,590,512,GRANDE RUE,,,Plein jour,En agglomération,Hors intersection,Normale,Autre collision,,,,,,,,,,,1,2,1,1,6
200600077231,0006-12-11 12:50:00,6,12,11,12,50,590,512,LAFAYETTE (RUE),,,Plein jour,En agglomération,Hors intersection,Pluie légère,Deux véhicules - côté,,,,,,,,,,,1,2,1,2,3
200600077232,0006-12-12 12:30:00,6,12,12,12,30,590,163,EUROPE (RUE DE L'),,,Plein jour,En agglomération,Hors intersection,Normale,Autre collision,,,,,,,,,,,1,2,1,1,6
200600077233,0006-12-08 18:45:00,6,12,8,18,45,590,367,VERDIERS (RUE DES),,,Nuit avec éclairage allumé,En agglomération,Hors intersection,Normale,Deux véhicules - côté,,,,,,,,,,,5,2,1,1,3
200600077234,0006-12-07 16:20:00,6,12,7,16,20,590,650,LERUSTE (RUE),,,Plein jour,En agglomération,Intersection en X,Pluie forte,Deux véhicules - côté,,,,,,,,,,,1,2,2,3,3
200600077235,0006-12-07 18:25:00,6,12,7,18,25,590,650,MENDES FRANCE (ROND POIN,,,Nuit avec éclairage allumé,En agglomération,Giratoire,Pluie légère,Autre collision,,,,,,,,,,,5,2,6,2,6
200600077236,0006-12-20 12:40:00,6,12,20,12,40,590,512,VERDUN (AVENUE DE),,,Plein jour,En agglomération,Intersection en X,Normale,Deux véhicules - côté,,,,,,,,,,,1,2,2,1,3
200600077237,0006-12-16 11:00:00,6,12,16,11,0,590,598,DEPORTES (RUE DES),,,Plein jour,En agglomération,Hors intersection,Normale,Autre collision,,,,,,,,,,,1,2,1,1,6
200600077238,0006-12-26 19:00:00,6,12,26,19,0,590,646,FLANDRE (AVENUE DE),,,Nuit avec éclairage allumé,Hors agglomération,Hors intersection,Normale,Trois véhicules et plus - en chaîne,,,,,,,,,,,5,1,1,1,4
200600077239,0006-12-25 14:00:00,6,12,25,14,0,590,512,LUXEMBOURG (RUE DU),,,Plein jour,En agglomération,Hors intersection,Normale,Deux véhicules - côté,,,,,,,,,,,1,2,1,1,3
200600077240,0006-12-26 00:45:00,6,12,26,0,45,590,646,HAUT VINAGE (RUE DU),,,Nuit avec éclairage allumé,En agglomération,Intersection en X,Normale,Deux véhicules - côté,,,,,,,,,,,5,2,2,1,3
200600077241,0006-12-27 14:25:00,6,12,27,14,25,590,512,ALMA  (RUE DE L)',,,Plein jour,En agglomération,Intersection en X,Normale,Autre collision,,,,,,,,,,,1,2,2,1,6
200600077242,0006-12-30 15:40:00,6,12,30,15,40,590,512,NATIONS UNIES (AVENUE DE,,,Nuit avec éclairage allumé,En agglomération,Hors intersection,Pluie légère,Autre collision,,,,,,,,,,,5,2,1,2,6
200600077243,0006-12-29 16:40:00,6,12,29,16,40,590,512,FOCH (RUE DU MARECHAL),,,Nuit avec éclairage allumé,En agglomération,Hors intersection,Normale,Autre collision,,,,,,,,,,,5,2,1,1,6
200600077244,0006-12-28 18:50:00,6,12,28,18,50,590,512,SEBASTOPOL (RUE DE),,,Nuit avec éclairage allumé,En agglomération,Intersection en T,Normale,Deux véhicules - côté,,,,,,,,,,,5,2,3,1,3
200600077245,0006-12-22 08:30:00,6,12,22,8,30,590,646,MARNE (AVENUE DE LA),,,Crépuscule ou aube,Hors agglomération,Hors intersection,Normale,Deux véhicules - arrière,,,,,,,,,,,2,1,1,1,2
200600077246,0006-12-22 13:50:00,6,12,22,13,50,590,163,LIBERTE (PLACE DE LA),,,Plein jour,En agglomération,Intersection en T,Normale,Autre collision,,,,,,,,,,,1,2,3,1,6
200600077247,0006-12-28 07:35:00,6,12,28,7,35,590,526,"0.000, CD 169",,,Nuit sans éclairage public,Hors agglomération,Hors intersection,Pluie légère,Trois véhicules et plus - collisions multiples,,,,,,,,,,,3,1,1,2,5
200600077248,0006-12-03 12:48:00,6,12,3,12,48,590,456,GUSTAVE COLIEZ(RUE),,,Plein jour,En agglomération,Intersection en T,Pluie légère,Deux véhicules - côté,,,,,,,,,,,1,2,3,2,3
200600077249,0006-12-04 07:50:00,6,12,4,7,50,590,599,PERI (RUE GABRIEL),,,Nuit sans éclairage public,En agglomération,Hors intersection,Pluie forte,Sans collision,,,,,,,,,,,3,2,1,3,7
200600077250,0006-12-04 17:15:00,6,12,4,17,15,590,599,"54, BRUN PAIN (RUE DU)",,,Nuit avec éclairage allumé,En agglomération,Hors intersection,Normale,Autre collision,,,,,,,,,,,5,2,1,1,6
200600077251,0006-12-05 08:25:00,6,12,5,8,25,590,421,"03, FOCH (AVENUE DU MARE",,,Crépuscule ou aube,En agglomération,Hors intersection,Normale,Deux véhicules - frontale,,,,,,,,,,,2,2,1,1,1
200600077252,0006-12-05 14:40:00,6,12,5,14,40,590,426,"244, TOURCOING (RUE DE)",,,Plein jour,En agglomération,Intersection en X,Pluie légère,Deux véhicules - côté,,,,,,,,,,,1,2,2,2,3
200600077253,0006-12-07 08:45:00,6,12,7,8,45,590,599,"244, PAPIN (CHAUSSEE DEN",,,Crépuscule ou aube,En agglomération,Hors intersection,Pluie légère,Deux véhicules - arrière,,,,,,,,,,,2,2,1,2,2
200600077254,0006-12-08 12:05:00,6,12,8,12,5,590,599,AUSTERLITZ (RUE D'),,,Plein jour,En agglomération,Hors intersection,Pluie légère,Autre collision,,,,,,,,,,,1,2,1,2,6
200600077255,0006-12-08 22:30:00,6,12,8,22,30,590,599,ROUGE (RUE DE LA CROIX),,,Nuit avec éclairage allumé,En agglomération,Intersection en T,Autre,Deux véhicules - côté,,,,,,,,,,,5,2,3,9,3
200600077256,0006-12-11 16:45:00,6,12,11,16,45,590,599,GAND (RUE DE),,,Nuit avec éclairage allumé,En agglomération,Intersection en T,Pluie forte,Deux véhicules - côté,,,,,,,,,,,5,2,3,3,3
200600077257,0006-12-11 17:45:00,6,12,11,17,45,590,599,"203, TESTELIN (RUE ACHIL",,,Nuit avec éclairage allumé,En agglomération,Hors intersection,Pluie forte,Autre collision,,,,,,,,,,,5,2,1,3,6
200600077258,0006-12-12 16:00:00,6,12,12,16,0,590,599,"347, WATT (CHAUSSEE)",,,Plein jour,En agglomération,Hors intersection,Normale,Autre collision,,,,,,,,,,,1,2,1,1,6
200600077259,0006-12-19 17:00:00,6,12,19,17,0,590,599,"31, MERMOZ (RUE JEAN)",,,Nuit sans éclairage public,En agglomération,Hors intersection,Brouillard / fumée,Autre collision,,,,,,,,,,,3,2,1,5,6
200600077260,0006-12-29 08:40:00,6,12,29,8,40,590,599,"423, GAMBETTA (BOULEVARD",,,Crépuscule ou aube,En agglomération,Hors intersection,Normale,Autre collision,,,,,,,,,,,2,2,1,1,6
200600077261,0006-12-23 15:45:00,6,12,23,15,45,590,599,"53 BIS, BONPAIN (RUE DE",,,Plein jour,En agglomération,Hors intersection,Pluie légère,Deux véhicules - frontale,,,,,,,,,,,1,2,1,2,1
200600077262,0006-12-18 18:14:00,6,12,18,18,14,590,14,"76, ROUSSEAU (RUE WALDEC",,,Nuit avec éclairage allumé,En agglomération,Hors intersection,Pluie légère,Autre collision,,,,,,,,,,,5,2,1,2,6
200600077263,0006-12-23 05:00:00,6,12,23,5,0,590,603,SAINT CHRISTOPHE (LIEU-D,,,Nuit sans éclairage public,En agglomération,Intersection en X,Normale,Autre collision,,,,,,,,,,,3,2,2,1,6
200600077264,0006-12-24 17:00:00,6,12,24,17,0,590,491,"20, ERMITES (MONT DES)",,,Nuit avec éclairage allumé,En agglomération,Intersection en T,Normale,Autre collision,,,,,,,,,,,5,2,3,1,6
200600077265,0006-12-23 21:35:00,6,12,23,21,35,590,491,DUSART (RUE LEOPOLD),,,Nuit sans éclairage public,En agglomération,Hors intersection,Normale,Deux véhicules - frontale,,,,,,,,,,,3,2,1,1,1
200600077266,0006-12-10 17:05:00,6,12,10,17,5,590,14,SPORTS (AVENUE DES),,,Crépuscule ou aube,En agglomération,Intersection en X,Normale,Autre collision,,,,,,,,,,,2,2,2,1,6
200600077267,0006-12-23 14:40:00,6,12,23,14,40,590,14,"07, SPORTS (AVENUE DES)",,,Plein jour,En agglomération,Hors intersection,Normale,Autre collision,,,,,,,,,,,1,2,1,1,6
200600077268,0006-12-22 15:25:00,6,12,22,15,25,590,606,HARPIGNIES (BOULEVARD HE,,,Plein jour,En agglomération,Intersection en X,Normale,Deux véhicules - côté,,,,,,,,,,,1,2,2,1,3
200600077269,0006-12-21 08:02:00,6,12,21,8,2,590,606,LOMPREZ (RUE),,,Nuit avec éclairage allumé,En agglomération,Hors intersection,Normale,Autre collision,,,,,,,,,,,5,2,1,1,6
200600077270,0006-12-03 19:45:00,6,12,3,19,45,590,14,HUGO (RUE VICTOR),,,Nuit avec éclairage allumé,En agglomération,Hors intersection,Normale,Autre collision,,,,,,,,,,,5,2,1,1,6
200600077271,0006-12-02 18:40:00,6,12,2,18,40,590,112,"80, BRABANT (RUE MICHEL)",,,Nuit avec éclairage allumé,En agglomération,Hors intersection,Normale,Deux véhicules - frontale,,,,,,,,,,,5,2,1,1,1
200600077272,0006-12-04 18:00:00,6,12,4,18,0,590,14,"0, JAURES (RUE JEAN)",,,Nuit avec éclairage allumé,En agglomération,Intersection en T,Normale,Deux véhicules - côté,,,,,,,,,,,5,2,3,1,3
200600077273,0006-12-05 16:55:00,6,12,5,16,55,590,606,PATER (BOULEVARD),,,Nuit avec éclairage allumé,En agglomération,Hors intersection,Pluie forte,Autre collision,,,,,,,,,,,5,2,1,3,6
200600077274,0006-12-07 08:30:00,6,12,7,8,30,590,606,HARPIGNIES (BOULEVARD HE,,,Crépuscule ou aube,En agglomération,Hors intersection,Pluie forte,Autre collision,,,,,,,,,,,2,2,1,3,6
200600077275,0006-12-17 07:00:00,6,12,17,7,0,590,32,PONT (RUE DU),,,Crépuscule ou aube,En agglomération,Hors intersection,Normale,Autre collision,,,,,,,,,,,2,2,1,1,6
200600077276,0006-12-16 18:35:00,6,12,16,18,35,590,14,SALENGRO (PLACE ROGER),,,Nuit avec éclairage allumé,En agglomération,Intersection en T,Normale,Deux véhicules - côté,,,,,,,,,,,5,2,3,1,3
200600077277,0006-12-12 15:30:00,6,12,12,15,30,590,447,JAURES (RUE JEAN),,,Plein jour,En agglomération,Hors intersection,Normale,Autre collision,,,,,,,,,,,1,2,1,1,6
200600077278,0006-12-29 20:30:00,6,12,29,20,30,590,603,RD 59,,,Nuit avec éclairage allumé,En agglomération,Intersection en T,Normale,Autre collision,,,,,,,,,,,5,2,3,1,6
200600077279,0006-12-19 10:15:00,6,12,19,10,15,600,57,"48, CHEMINOTS (RUE DES)",,,Plein jour,En agglomération,Intersection en X,Normale,Deux véhicules - côté,,,,,,,,,,,1,2,2,1,3
200600077280,0006-12-14 19:46:00,6,12,14,19,46,600,57,"9, CALAIS (RUE DE)",,,Nuit avec éclairage allumé,En agglomération,Autre intersection,Normale,Deux véhicules - frontale,,,,,,,,,,,5,2,9,1,1
200600077281,0006-12-13 18:14:00,6,12,13,18,14,600,57,"18, BLAISE PASCAL  (AVEN",,,Crépuscule ou aube,En agglomération,Hors intersection,Autre,Autre collision,,,,,,,,,,,2,2,1,9,6
200600077282,0006-12-04 18:00:00,6,12,4,18,0,600,57,"122, FAUBOURG SAINT JEAN",,,Nuit avec éclairage allumé,Hors agglomération,Hors intersection,Pluie légère,Deux véhicules - frontale,,,,,,,,,,,5,1,1,2,1
200600077283,0006-12-03 19:40:00,6,12,3,19,40,600,159,RN 131,,,Nuit sans éclairage public,En agglomération,Autre intersection,Pluie légère,Trois véhicules et plus - collisions multiples,,,,,,,,,,,3,2,9,2,5
200600077284,0006-12-02 21:30:00,6,12,2,21,30,600,159,"25, Jeanne d'Arc     ( R",,,Nuit avec éclairage allumé,En agglomération,Autre intersection,Pluie légère,Deux véhicules - côté,,,,,,,,,,,5,2,9,2,3
200600077285,0006-12-04 09:40:00,6,12,4,9,40,600,159,LAVOISIER,,,Plein jour,En agglomération,Intersection en T,Pluie légère,Deux véhicules - côté,,,,,,,,,,,1,2,3,2,3
200600077286,0006-12-06 19:50:00,6,12,6,19,50,600,463,RN 16_LIMITE CNE NOGENT_,,,Nuit sans éclairage public,Hors agglomération,Hors intersection,Pluie légère,Deux véhicules - arrière,,,,,,,,,,,3,1,1,2,2
200600077287,0006-12-30 21:45:00,6,12,30,21,45,600,175,RN 16_PONT ZONE DE VAUX_,,,Nuit sans éclairage public,Hors agglomération,Hors intersection,Normale,Deux véhicules - arrière,,,,,,,,,,,3,1,1,1,2
200600077288,0006-12-02 19:00:00,6,12,2,19,0,610,1,"68, MANS (RUE DU )",,,Nuit avec éclairage allumé,En agglomération,Hors intersection,Normale,Autre collision,,,,,,,,,,,5,2,1,1,6
200600077289,0006-12-11 09:30:00,6,12,11,9,30,610,397,"0, LA BELLE CHARPENTE (R",,,Plein jour,Hors agglomération,Hors intersection,Temps couvert,Deux véhicules - côté,,,,,,,,,,,1,1,1,8,3
200600077290,0006-12-11 19:25:00,6,12,11,19,25,610,397,"0, KOUTIALA (BOULEVARD)",,,Nuit avec éclairage allumé,Hors agglomération,Intersection en X,Pluie légère,Trois véhicules et plus - en chaîne,,,,,,,,,,,5,1,2,2,4
200600077291,0006-12-28 17:30:00,6,12,28,17,30,610,1,"0, QUAKENBRUCK (AVENUE D",,,Nuit avec éclairage allumé,Hors agglomération,Intersection en X,Temps couvert,Deux véhicules - frontale,,,,,,,,,,,5,1,2,8,1
200600077292,0006-12-11 13:05:00,6,12,11,13,5,610,6,FALAISE (ROUTE DE),48.75581,9.34567,Plein jour,Hors agglomération,Hors intersection,Pluie légère,Trois véhicules et plus - collisions multiples,,,,,,,,,,,1,1,1,2,5
200600077293,0006-12-07 19:17:00,6,12,7,19,17,610,218,"7, FONTAINE (RUE DE LA)",,,Nuit avec éclairage allumé,En agglomération,Intersection en X,Pluie légère,Deux véhicules - côté,,,,,,,,,,,5,2,2,2,3
200600077294,0006-12-18 13:15:00,6,12,18,13,15,610,169,DURANDIERE (LA),,,Plein jour,Hors agglomération,Hors intersection,Temps couvert,Deux véhicules - frontale,,,,,,,,,,,1,1,1,8,1
200600077295,0006-12-16 11:10:00,6,12,16,11,10,610,169,"80, SCHNETZ (RUE)",,,Plein jour,En agglomération,Hors intersection,Pluie légère,Deux véhicules - arrière,,,,,,,,,,,1,2,1,2,2
200600077296,0006-12-20 17:15:00,6,12,20,17,15,610,169,"90, SCHNETZ (RUE)",,,Plein jour,En agglomération,Hors intersection,Normale,Autre collision,,,,,,,,,,,1,2,1,1,6
200600077297,0006-12-12 15:05:00,6,12,12,15,5,610,169,"16, 11EME DB (RUE DE LA)",,,Plein jour,En agglomération,Hors intersection,Normale,Deux véhicules - arrière,,,,,,,,,,,1,2,1,1,2
200600077298,0006-12-08 18:30:00,6,12,8,18,30,610,169,DOMFRONT (ROUTE DE),,,Nuit avec éclairage allumé,En agglomération,Hors intersection,Pluie légère,Deux véhicules - arrière,,,,,,,,,,,5,2,1,2,2
200600077299,0006-12-23 13:00:00,6,12,23,13,0,610,169,"120, DOMFRONT (RUE DE)",,,Plein jour,En agglomération,Hors intersection,Temps couvert,Trois véhicules et plus - collisions multiples,,,,,,,,,,,1,2,1,8,5
200600077300,0006-12-26 17:04:00,6,12,26,17,4,610,391,LIBERATION (RUE DE LA),,,Crépuscule ou aube,En agglomération,Hors intersection,Temps couvert,Deux véhicules - côté,,,,,,,,,,,2,2,1,8,3
200600077301,0006-12-10 02:35:00,6,12,10,2,35,620,99,"2, OEILLETTES ( HAMEAU D",,,Nuit avec éclairage allumé,En agglomération,Hors intersection,Normale,Autre collision,,,,,,,,,,,5,2,1,1,6
200600077302,0006-12-11 17:45:00,6,12,11,17,45,620,41,"111, D 266 AVENUE WINSTO",,,Crépuscule ou aube,En agglomération,Hors intersection,Pluie forte,Autre collision,,,,,,,,,,,2,2,1,3,6
200600077303,0006-12-15 14:05:00,6,12,15,14,5,620,4,"1, LAVAL ( DE )",,,Plein jour,En agglomération,Intersection en X,Normale,Autre collision,,,,,,,,,,,1,2,2,1,6
200600077304,0006-12-23 17:30:00,6,12,23,17,30,620,41,"0, CARNOT (BD)",,,Crépuscule ou aube,En agglomération,Intersection à plus de 4 branches,Normale,Autre collision,,,,,,,,,,,2,2,5,1,6
200600077305,0006-12-27 17:45:00,6,12,27,17,45,620,41,"0, BLD DE STRASBOURG",,,Nuit avec éclairage allumé,En agglomération,Intersection en X,Normale,Autre collision,,,,,,,,,,,5,2,2,1,6
200600077306,0006-12-29 16:45:00,6,12,29,16,45,620,4,"0, BRIQUET ( RAOUL )",,,Plein jour,En agglomération,Intersection en X,Normale,Deux véhicules - côté,,,,,,,,,,,1,2,2,1,3
200600077307,0006-12-03 01:15:00,6,12,3,1,15,620,48,PAIX (BOULEVARD DE LA),,,Nuit avec éclairage allumé,En agglomération,Intersection à plus de 4 branches,Pluie forte,Autre collision,,,,,,,,,,,5,2,5,3,6
200600077308,0006-12-09 14:55:00,6,12,9,14,55,620,65,THOREZ  (BD MAURICE),,,Plein jour,En agglomération,Hors intersection,Normale,Autre collision,,,,,,,,,,,1,2,1,1,6
200600077309,0006-12-11 15:30:00,6,12,11,15,30,620,570,DESMOULIN (CAMILLE),,,Plein jour,En agglomération,Hors intersection,Pluie légère,Deux véhicules - arrière,,,,,,,,,,,1,2,1,2,2
200600077310,0006-12-15 19:40:00,6,12,15,19,40,620,570,GARE (DE LA ),,,Nuit sans éclairage public,En agglomération,Hors intersection,Normale,Sans collision,,,,,,,,,,,3,2,1,1,7
200600077311,0006-12-21 13:45:00,6,12,21,13,45,620,724,TAMBOISE (PLACE),,,Plein jour,En agglomération,Hors intersection,Normale,Autre collision,,,,,,,,,,,1,2,1,1,6
200600077312,0006-12-22 07:50:00,6,12,22,7,50,620,65,"149, BROSSOLETTE",,,Crépuscule ou aube,En agglomération,Hors intersection,Temps couvert,Deux véhicules - côté,,,,,,,,,,,2,2,1,8,3
200600077313,0006-12-03 20:05:00,6,12,3,20,5,620,108,"29, BOULOGNE",,,Nuit avec éclairage allumé,En agglomération,Hors intersection,Pluie forte,Autre collision,,,,,,,,,,,5,2,1,3,6
200600077314,0006-12-05 07:20:00,6,12,5,7,20,620,35,NATIONALE 43 ( ROUTE),,,Nuit sans éclairage public,Hors agglomération,Hors intersection,Pluie forte,Deux véhicules - frontale,,,,,,,,,,,3,1,1,3,1
200600077315,0006-12-01 22:35:00,6,12,1,22,35,620,846,GUESDE JULES ( RUE ),,,Nuit avec éclairage allumé,En agglomération,Hors intersection,Pluie légère,Autre collision,,,,,,,,,,,5,2,1,2,6
200600077316,0006-12-05 19:15:00,6,12,5,19,15,620,846,PHILOSOPHE,,,Nuit avec éclairage allumé,En agglomération,Giratoire,Pluie légère,Deux véhicules - côté,,,,,,,,,,,5,2,6,2,3
200600077317,0006-12-06 18:55:00,6,12,6,18,55,620,119,TRAIN DE LOOS (rue),,,Nuit avec éclairage allumé,Hors agglomération,Hors intersection,Pluie légère,Autre collision,,,,,,,,,,,5,1,1,2,6
200600077318,0006-12-14 22:35:00,6,12,14,22,35,620,848,DESMAZIERES,,,Nuit avec éclairage allumé,En agglomération,Hors intersection,Normale,Autre collision,,,,,,,,,,,5,2,1,1,6
200600077319,0006-12-22 20:50:00,6,12,22,20,50,620,126,VAILLANT ( RUE EDOUARD ),,,Nuit avec éclairage allumé,En agglomération,Hors intersection,Normale,Deux véhicules - frontale,,,,,,,,,,,5,2,1,1,1
200600077320,0006-12-22 07:40:00,6,12,22,7,40,620,119,AMIENS ( RUE D' ),,,Nuit avec éclairage allumé,En agglomération,Intersection en X,Normale,Deux véhicules - côté,,,,,,,,,,,5,2,2,1,3
200600077321,0006-12-22 09:00:00,6,12,22,9,0,620,119,PARIS ( AVENUE DE ),,,Plein jour,En agglomération,Hors intersection,Normale,Deux véhicules - côté,,,,,,,,,,,1,2,1,1,3
200600077322,0006-12-23 19:05:00,6,12,23,19,5,620,401,LENS ( ROUTE DE ),,,Nuit avec éclairage allumé,En agglomération,Intersection en T,Normale,Deux véhicules - côté,,,,,,,,,,,5,2,3,1,3
200600077323,0006-12-24 05:40:00,6,12,24,5,40,620,119,BERTHELOT ( RUE MARCELLI,,,Nuit avec éclairage allumé,En agglomération,Hors intersection,Normale,Autre collision,,,,,,,,,,,5,2,1,1,6
200600077324,0006-12-07 17:08:00,6,12,7,17,8,620,160,"BAT 10, CHANZY (Quai)",,,Nuit avec éclairage non allumé,En agglomération,Hors intersection,Pluie forte,Sans collision,,,,,,,,,,,4,2,1,3,7
200600077325,0006-12-09 19:50:00,6,12,9,19,50,620,160,"40, GRANDE RUE",,,Nuit avec éclairage allumé,En agglomération,Autre intersection,Normale,Sans collision,,,,,,,,,,,5,2,9,1,7
200600077326,0006-12-14 07:30:00,6,12,14,7,30,620,758,"0, GIRAUD SANNIER ( Rue",,,Crépuscule ou aube,En agglomération,Hors intersection,Normale,Autre collision,,,,,,,,,,,2,2,1,1,6
200600077327,0006-12-21 10:00:00,6,12,21,10,0,620,160,NAVARIN (Place),,,Plein jour,En agglomération,Hors intersection,Pluie légère,Sans collision,,,,,,,,,,,1,2,1,2,7
200600077328,0006-12-14 18:00:00,6,12,14,18,0,620,400,"61, PREMIER MAI ( DU )",,,Nuit avec éclairage allumé,En agglomération,Hors intersection,Normale,Autre collision,,,,,,,,,,,5,2,1,1,6
200600077329,0006-12-16 09:30:00,6,12,16,9,30,620,270,CARON (RUE DES FRERES),,,Plein jour,En agglomération,Intersection en T,Pluie forte,Deux véhicules - côté,,,,,,,,,,,1,2,3,3,3
200600077330,0006-12-02 18:00:00,6,12,2,18,0,620,244,"22, Route de Guines",,,Nuit avec éclairage allumé,En agglomération,Hors intersection,Normale,Autre collision,,,,,,,,,,,5,2,1,1,6
200600077331,0006-12-07 00:15:00,6,12,7,0,15,620,193,POINCARRE (AVENUE R.),,,Nuit avec éclairage allumé,En agglomération,Hors intersection,Vent fort / tempête,Autre collision,,,,,,,,,,,5,2,1,6,6
200600077332,0006-12-11 17:15:00,6,12,11,17,15,620,193,LHEUREUX (RUE L.),,,Nuit avec éclairage allumé,En agglomération,Hors intersection,Pluie légère,Deux véhicules - frontale,,,,,,,,,,,5,2,1,2,1
200600077333,0006-12-18 16:35:00,6,12,18,16,35,620,193,VERDUN (RUE DE),,,Plein jour,En agglomération,Autre intersection,Normale,Autre collision,,,,,,,,,,,1,2,9,1,6
200600077334,0006-12-17 10:25:00,6,12,17,10,25,620,193,ROGER SALENGRO (AVENUE),,,Plein jour,En agglomération,Hors intersection,Normale,Autre collision,,,,,,,,,,,1,2,1,1,6
200600077335,0006-12-28 09:10:00,6,12,28,9,10,620,193,ROCADE EST,,,Plein jour,Hors agglomération,Autre intersection,Autre,Autre collision,,,,,,,,,,,1,1,9,9,6
200600077336,0006-12-26 12:25:00,6,12,26,12,25,620,193,ROGER SALENGRO (AVENUE),,,Plein jour,En agglomération,Hors intersection,Normale,Autre collision,,,,,,,,,,,1,2,1,1,6
200600077337,0006-12-30 14:00:00,6,12,30,14,0,620,215,"15, GARE PROLONGEE (R DE",,,Plein jour,En agglomération,Hors intersection,Normale,Trois véhicules et plus - en chaîne,,,,,,,,,,,1,2,1,1,4
200600077338,0006-12-29 11:05:00,6,12,29,11,5,620,637,"01, JOUHAUX (R LEON)",,,Plein jour,En agglomération,Hors intersection,Normale,Autre collision,,,,,,,,,,,1,2,1,1,6
200600077339,0006-12-05 18:30:00,6,12,5,18,30,620,250,"19, COLOMBES (R DES)",,,Nuit avec éclairage allumé,En agglomération,Intersection en T,Pluie légère,Deux véhicules - côté,,,,,,,,,,,5,2,3,2,3
200600077340,0006-12-06 12:45:00,6,12,6,12,45,620,413,"sans, DEPREZ (R ANDRE)",,,Plein jour,En agglomération,Intersection en X,Normale,Deux véhicules - côté,,,,,,,,,,,1,2,2,1,3
200600077341,0006-12-08 07:45:00,6,12,8,7,45,620,637,"11, CROMBEZ (R HENRIETTE",,,Crépuscule ou aube,En agglomération,Hors intersection,Normale,Autre collision,,,,,,,,,,,2,2,1,1,6
200600077342,0006-12-08 09:20:00,6,12,8,9,20,620,215,"sans, NATIONALE 17  (RTE",,,Plein jour,Hors agglomération,Hors intersection,Normale,Deux véhicules - côté,,,,,,,,,,,1,1,1,1,3
200600077343,0006-12-11 18:20:00,6,12,11,18,20,620,215,"31, EVRARD (R FLORENT )",,,Nuit avec éclairage allumé,En agglomération,Hors intersection,Pluie forte,Autre collision,,,,,,,,,,,5,2,1,3,6
200600077344,0006-12-15 16:15:00,6,12,15,16,15,620,215,"sans, COURRIERES (RTE DE",,,Plein jour,En agglomération,Hors intersection,Normale,Autre collision,,,,,,,,,,,1,2,1,1,6
200600077345,0006-12-09 14:36:00,6,12,9,14,36,620,427,SCHWEITZER ALBERT (BD),,,Nuit avec éclairage allumé,En agglomération,Hors intersection,Normale,Deux véhicules - côté,,,,,,,,,,,5,2,1,1,3
200600077346,0006-12-25 01:56:00,6,12,25,1,56,620,498,"66, QUATRE SEPTEMBRE (AV",,,Nuit avec éclairage allumé,En agglomération,Hors intersection,Normale,Autre collision,,,,,,,,,,,5,2,1,1,6
200600077347,0006-12-12 18:47:00,6,12,12,18,47,620,498,"XXXXXXXXX, ZOLA (R EMILE",,,Nuit avec éclairage allumé,En agglomération,Intersection en T,Normale,Autre collision,,,,,,,,,,,5,2,3,1,6
200600077348,0006-12-12 16:50:00,6,12,12,16,50,620,498,"53, BLUM (R LEON)",,,Crépuscule ou aube,En agglomération,Hors intersection,Pluie légère,Autre collision,,,,,,,,,,,2,2,1,2,6