accident_id,datetime,annee,mois,jour,heure,minute,departement,commune_insee,adresse,latitude,longitude,luminosite,agglomeration,intersection,meteo,collision,nb_vehicules,nb_usagers,nb_indemnes,nb_tues,nb_blesses_hosp,nb_blesses_legers,age_cond_1,age_cond_2,veh_type_cond_1,veh_type_cond_2,lum_code,agg_code,int_code,atm_code,col_code
200600077349,0006-12-07 08:20:00,6,12,7,8,20,620,498,"XXXXXXXX, GARE (R DE LA)",,,Plein jour,En agglomération,Intersection en T,Normale,Autre collision,,,,,,,,,,,1,2,3,1,6
200600077350,0006-12-26 18:00:00,6,12,26,18,0,620,498,"74, NOTRE DAME DE LORETT",,,Crépuscule ou aube,En agglomération,Hors intersection,Normale,Autre collision,,,,,,,,,,,2,2,1,1,6
200600077351,0006-12-01 19:10:00,6,12,1,19,10,620,895,"114, SALENGRO (R ROGER)",,,Nuit avec éclairage allumé,En agglomération,Hors intersection,Temps couvert,Autre collision,,,,,,,,,,,5,2,1,8,6
200600077352,0006-12-04 12:20:00,6,12,4,12,20,620,895,"sans, LAMENDIN (R ARTHUR",,,Plein jour,En agglomération,Intersection en T,Normale,Deux véhicules - côté,,,,,,,,,,,1,2,3,1,3
200600077353,0006-12-13 19:57:00,6,12,13,19,57,620,573,"XXXXXXXX, RD165",,,Nuit sans éclairage public,Hors agglomération,Hors intersection,Normale,Deux véhicules - frontale,,,,,,,,,,,3,1,1,1,1
200600077354,0006-12-18 22:53:00,6,12,18,22,53,620,498,"XXXXXXXXX, BERTHELOT (R)",,,Nuit avec éclairage allumé,En agglomération,Intersection en X,Temps couvert,Autre collision,,,,,,,,,,,5,2,2,8,6
200600077355,0006-12-06 09:47:00,6,12,6,9,47,620,498,"XXXXXXXX, LANOY (R RENE)",,,Plein jour,En agglomération,Intersection en X,Normale,Autre collision,,,,,,,,,,,1,2,2,1,6
200600077356,0006-12-15 17:09:00,6,12,15,17,9,620,498,"XXXXXXXX, BASSEE (RTE DE",,,Crépuscule ou aube,En agglomération,Hors intersection,Normale,Autre collision,,,,,,,,,,,2,2,1,1,6
200600077357,0006-12-15 22:30:00,6,12,15,22,30,620,498,"300, BETHUNE (RTE DE)",,,Nuit avec éclairage allumé,En agglomération,Hors intersection,Normale,Autre collision,,,,,,,,,,,5,2,1,1,6
200600077358,0006-12-04 09:05:00,6,12,4,9,5,620,523,"XXXXXXXX, LORTHOIS (R JE",,,Plein jour,En agglomération,Intersection en X,Pluie légère,Autre collision,,,,,,,,,,,1,2,2,2,6
200600077359,0006-12-23 21:28:00,6,12,23,21,28,620,498,"XXXXXXXX, JARDINS (R DES",,,Nuit avec éclairage non allumé,En agglomération,Intersection en X,Normale,Deux véhicules - côté,,,,,,,,,,,4,2,2,1,3
200600077360,0006-12-19 08:00:00,6,12,19,8,0,620,510,"., QUATRE SEPTEMBRE (R D",,,Plein jour,En agglomération,Hors intersection,Normale,Autre collision,,,,,,,,,,,1,2,1,1,6
200600077361,0006-12-01 15:44:00,6,12,1,15,44,620,186,"., LAMENDIN (BD.ARTHUR )",,,Plein jour,En agglomération,Intersection en X,Normale,Deux véhicules - côté,,,,,,,,,,,1,2,2,1,3
200600077362,0006-12-04 13:10:00,6,12,4,13,10,620,510,"., CRACOVIE (R DE )",,,Plein jour,En agglomération,Hors intersection,Normale,Deux véhicules - arrière,,,,,,,,,,,1,2,1,1,2
200600077363,0006-12-09 10:41:00,6,12,9,10,41,620,186,"., BEUGNET (R CASIMIR )",,,Plein jour,En agglomération,Hors intersection,Normale,Autre collision,,,,,,,,,,,1,2,1,1,6
200600077364,0006-12-11 17:50:00,6,12,11,17,50,620,386,"., LAMENDIN (R ARTHUR)",,,Crépuscule ou aube,En agglomération,Hors intersection,Pluie légère,Autre collision,,,,,,,,,,,2,2,1,2,6
200600077365,0006-12-21 08:15:00,6,12,21,8,15,620,510,"., ZOLA (R EMILE )",,,Crépuscule ou aube,En agglomération,Hors intersection,Normale,Deux véhicules - frontale,,,,,,,,,,,2,2,1,1,1
200600077366,0006-12-04 13:55:00,6,12,4,13,55,620,224,RD 943,,,Plein jour,Hors agglomération,Intersection en T,Normale,Deux véhicules - côté,,,,,,,,,,,1,1,3,1,3
200600077367,0006-12-26 17:50:00,6,12,26,17,50,620,224,RD 943,,,Nuit sans éclairage public,Hors agglomération,Intersection en T,Pluie légère,Deux véhicules - frontale,,,,,,,,,,,3,1,3,2,1
200600077368,0006-12-26 16:15:00,6,12,26,16,15,620,197,CD 70,,,Crépuscule ou aube,Hors agglomération,Hors intersection,Pluie légère,Deux véhicules - frontale,,,,,,,,,,,2,1,1,2,1
200600077369,0006-12-22 18:10:00,6,12,22,18,10,620,765,"98, STRASBOURG (BD.... 5",,,Nuit avec éclairage allumé,En agglomération,Hors intersection,Pluie légère,Autre collision,,,,,,,,,,,5,2,1,2,6
200600077370,0006-12-01 12:20:00,6,12,1,12,20,630,113,"161, CLEMENTEL (BD ETIEN",,,Plein jour,En agglomération,Hors intersection,Normale,Trois véhicules et plus - en chaîne,,,,,,,,,,,1,2,1,1,4
200600077371,0006-12-01 16:30:00,6,12,1,16,30,630,113,"58, JAURES (BD JEAN)",,,Plein jour,En agglomération,Hors intersection,Normale,Autre collision,,,,,,,,,,,1,2,1,1,6
200600077372,0006-12-01 19:45:00,6,12,1,19,45,630,113,"., CRISTAL (AVENUE ERNES",,,Nuit avec éclairage allumé,En agglomération,Giratoire,Normale,Autre collision,,,,,,,,,,,5,2,6,1,6
200600077373,0006-12-02 09:40:00,6,12,2,9,40,630,113,"1, AGRICULTURE (AVENUE D",,,Plein jour,En agglomération,Hors intersection,Normale,Deux véhicules - côté,,,,,,,,,,,1,2,1,1,3
200600077374,0006-12-03 18:20:00,6,12,3,18,20,630,70,"1, RN 89 PAS DE NUMERO",,,Nuit sans éclairage public,Hors agglomération,Intersection en T,Normale,Deux véhicules - frontale,,,,,,,,,,,3,1,3,1,1
200600077375,0006-12-05 01:20:00,6,12,5,1,20,630,113,GASPARD (AVENUE COLONEL),,,Nuit avec éclairage allumé,En agglomération,Hors intersection,Normale,Autre collision,,,,,,,,,,,5,2,1,1,6
200600077376,0006-12-05 14:50:00,6,12,5,14,50,630,113,"1, CHANTERANNE (RUE DE)",,,Plein jour,En agglomération,Intersection en T,Normale,Deux véhicules - côté,,,,,,,,,,,1,2,3,1,3
200600077377,0006-12-06 16:15:00,6,12,6,16,15,630,113,"1, MARGERIDE (AVENUE DE",,,Plein jour,En agglomération,Intersection en X,Normale,Deux véhicules - côté,,,,,,,,,,,1,2,2,1,3
200600077378,0006-12-07 18:00:00,6,12,7,18,0,630,113,"1, RESSORT (RUE DU)",,,Nuit avec éclairage allumé,En agglomération,Intersection en X,Temps couvert,Deux véhicules - côté,,,,,,,,,,,5,2,2,8,3
200600077379,0006-12-07 19:35:00,6,12,7,19,35,630,113,"12, VIOLLET LE DUC (RUE)",,,Nuit avec éclairage allumé,En agglomération,Intersection en X,Normale,Deux véhicules - côté,,,,,,,,,,,5,2,2,1,3
200600077380,0006-12-09 09:50:00,6,12,9,9,50,630,14,GERGOVIE (RUE DE),,,Plein jour,En agglomération,Hors intersection,Normale,Autre collision,,,,,,,,,,,1,2,1,1,6
200600077381,0006-12-09 18:10:00,6,12,9,18,10,630,113,"1, CLEMENTEL (BD ETIENNE",,,Nuit avec éclairage allumé,En agglomération,Hors intersection,Normale,Autre collision,,,,,,,,,,,5,2,1,1,6
200600077382,0006-12-11 04:30:00,6,12,11,4,30,630,113,"-, CATAROU (RUE DE)",,,Nuit avec éclairage allumé,En agglomération,Hors intersection,Normale,Deux véhicules - arrière,,,,,,,,,,,5,2,1,1,2
200600077383,0006-12-11 07:50:00,6,12,11,7,50,630,32,"0, EUROPE (AVENUE DE L')",,,Crépuscule ou aube,En agglomération,Autre intersection,Normale,Autre collision,,,,,,,,,,,2,2,9,1,6
200600077384,0006-12-13 18:30:00,6,12,13,18,30,630,113,"1, VICTOIRE (PLACE DE LA",,,Nuit avec éclairage allumé,En agglomération,Hors intersection,Normale,Sans collision,,,,,,,,,,,5,2,1,1,7
200600077385,0006-12-13 20:20:00,6,12,13,20,20,630,113,"1, RAYNAUD (RUE FERNAND)",,,Nuit avec éclairage allumé,En agglomération,Intersection en X,Normale,Deux véhicules - frontale,,,,,,,,,,,5,2,2,1,1
200600077386,0006-12-14 20:10:00,6,12,14,20,10,630,308,"9, GRAVENOIRE (ROUTE DE)",,,Nuit avec éclairage allumé,Hors agglomération,Hors intersection,Normale,Autre collision,,,,,,,,,,,5,1,1,1,6
200600077387,0006-12-16 04:20:00,6,12,16,4,20,630,113,"-, QUINET (BD EDGAR)",,,Nuit avec éclairage allumé,En agglomération,Hors intersection,Normale,Deux véhicules - arrière,,,,,,,,,,,5,2,1,1,2
200600077388,0006-12-16 14:15:00,6,12,16,14,15,630,32,"1, RESISTANCE (RUE DE LA",,,Plein jour,En agglomération,Hors intersection,Normale,Deux véhicules - arrière,,,,,,,,,,,1,2,1,1,2
200600077389,0006-12-17 09:30:00,6,12,17,9,30,630,113,PASTEUR (BD),,,Plein jour,En agglomération,Autre intersection,Normale,Autre collision,,,,,,,,,,,1,2,9,1,6
200600077390,0006-12-20 07:40:00,6,12,20,7,40,630,113,"1, TORPILLEUR SIROCCO (R",,,Nuit avec éclairage allumé,En agglomération,Hors intersection,Normale,Deux véhicules - arrière,,,,,,,,,,,5,2,1,1,2
200600077391,0006-12-20 08:00:00,6,12,20,8,0,630,113,"117, CARTOUCHERIE (RUE D",,,Plein jour,En agglomération,Hors intersection,Normale,Deux véhicules - frontale,,,,,,,,,,,1,2,1,1,1
200600077392,0006-12-21 07:35:00,6,12,21,7,35,630,113,"-, PAULINES (AVENUE DES)",,,Crépuscule ou aube,En agglomération,Hors intersection,Normale,Autre collision,,,,,,,,,,,2,2,1,1,6
200600077393,0006-12-21 15:00:00,6,12,21,15,0,630,113,"1, SOLAYER (RUE DU)",,,Plein jour,En agglomération,Intersection en X,Normale,Deux véhicules - côté,,,,,,,,,,,1,2,2,1,3
200600077394,0006-12-21 18:00:00,6,12,21,18,0,630,113,"-, POMPIDOU (BD GEORGES)",,,Nuit sans éclairage public,Hors agglomération,Hors intersection,Normale,Deux véhicules - arrière,,,,,,,,,,,3,1,1,1,2
200600077395,0006-12-22 12:20:00,6,12,22,12,20,630,308,"10ter, ROUZAUD (AVENUE A",,,Plein jour,En agglomération,Hors intersection,Normale,Autre collision,,,,,,,,,,,1,2,1,1,6
200600077396,0006-12-22 14:10:00,6,12,22,14,10,630,113,"30, JULIEN (AVENUE)",,,Plein jour,En agglomération,Hors intersection,Normale,Deux véhicules - arrière,,,,,,,,,,,1,2,1,1,2
200600077397,0006-12-22 15:40:00,6,12,22,15,40,630,32,"1, RIVAUX (AVENUE DES)",,,Plein jour,En agglomération,Hors intersection,Normale,Autre collision,,,,,,,,,,,1,2,1,1,6
200600077398,0006-12-23 05:40:00,6,12,23,5,40,630,32,"385, MONTANT (RUE DU)",,,Nuit avec éclairage allumé,En agglomération,Hors intersection,Normale,Autre collision,,,,,,,,,,,5,2,1,1,6
200600077399,0006-12-23 09:15:00,6,12,23,9,15,630,113,"-, CHANTERANNE (RUE DE)",,,Plein jour,En agglomération,Hors intersection,Normale,Autre collision,,,,,,,,,,,1,2,1,1,6
200600077400,0006-12-23 10:30:00,6,12,23,10,30,630,113,"133, LAFAYETTE (BD)",,,Plein jour,En agglomération,Hors intersection,Normale,Deux véhicules - côté,,,,,,,,,,,1,2,1,1,3
200600077401,0006-12-23 10:31:00,6,12,23,10,31,630,113,BREZET (AVENUE),,,Plein jour,En agglomération,Hors intersection,Normale,Autre collision,,,,,,,,,,,1,2,1,1,6
200600077402,0006-12-24 12:10:00,6,12,24,12,10,630,113,"50, PAULINES (AVENUE DES",,,Plein jour,En agglomération,Hors intersection,Normale,Autre collision,,,,,,,,,,,1,2,1,1,6
200600077403,0006-12-25 20:00:00,6,12,25,20,0,630,113,"39, KESSLER (RUE)",,,Nuit avec éclairage allumé,En agglomération,Hors intersection,Normale,Sans collision,,,,,,,,,,,5,2,1,1,7
200600077404,0006-12-28 21:50:00,6,12,28,21,50,630,14,"10, MONT MOUCHET (AVENUE",,,Nuit avec éclairage allumé,En agglomération,Hors intersection,Normale,Autre collision,,,,,,,,,,,5,2,1,1,6
200600077405,0006-12-28 23:00:00,6,12,28,23,0,630,75,"1, BRIAND (AVENUE ARISTI",,,Nuit avec éclairage allumé,En agglomération,Hors intersection,Normale,Deux véhicules - côté,,,,,,,,,,,5,2,1,1,3
200600077406,0006-12-29 08:30:00,6,12,29,8,30,630,113,"-, VIVIANI (RUE)",,,Plein jour,En agglomération,Hors intersection,Normale,Deux véhicules - frontale,,,,,,,,,,,1,2,1,1,1
200600077407,0006-12-26 15:35:00,6,12,26,15,35,630,69,CHARLES DE GAULLE (CARRE,,,Plein jour,En agglomération,Giratoire,Normale,Deux véhicules - côté,,,,,,,,,,,1,2,6,1,3
200600077408,0006-12-08 18:45:00,6,12,8,18,45,630,124,"30, VERGERS (RUE DES)",,,Nuit avec éclairage allumé,En agglomération,Intersection en T,Normale,Autre collision,,,,,,,,,,,5,2,3,1,6
200600077409,0006-12-14 16:20:00,6,12,14,16,20,630,193,RD 769,,,Plein jour,Hors agglomération,Hors intersection,Normale,Trois véhicules et plus - collisions multiples,,,,,,,,,,,1,1,1,1,5
200600077410,0006-12-03 19:00:00,6,12,3,19,0,630,63,"1, AUBIAT (RUE)",,,Nuit avec éclairage non allumé,En agglomération,Intersection en T,Normale,Deux véhicules - côté,,,,,,,,,,,4,2,3,1,3
200600077411,0006-12-10 09:50:00,6,12,10,9,50,630,164,"65, GARE (AVENUE DE LA)",,,Plein jour,En agglomération,Hors intersection,Normale,Autre collision,,,,,,,,,,,1,2,1,1,6
200600077412,0006-12-07 06:15:00,6,12,7,6,15,630,245,ROCADE RD 446,,,Nuit sans éclairage public,Hors agglomération,Hors intersection,Normale,Deux véhicules - frontale,,,,,,,,,,,3,1,1,1,1
200600077413,0006-12-11 07:50:00,6,12,11,7,50,630,245,ROCADE RD 446,,,Nuit avec éclairage allumé,En agglomération,Autre intersection,Normale,Trois véhicules et plus - collisions multiples,,,,,,,,,,,5,2,9,1,5
200600077414,0006-12-02 16:25:00,6,12,2,16,25,640,102,"., CHARLES DOCTEUR (RUE)",,,Plein jour,En agglomération,Hors intersection,Normale,Deux véhicules - arrière,,,,,,,,,,,1,2,1,1,2
200600077415,0006-12-07 12:45:00,6,12,7,12,45,640,24,"24, MIRAMBEAU (ROUTE DE)",,,Plein jour,En agglomération,Hors intersection,Pluie légère,Deux véhicules - arrière,,,,,,,,,,,1,2,1,2,2
200600077416,0006-12-08 18:19:00,6,12,8,18,19,640,102,DUVERGIER DE HAURANNE (A,,,Nuit avec éclairage non allumé,En agglomération,Hors intersection,Temps couvert,Autre collision,,,,,,,,,,,4,2,1,8,6
200600077417,0006-12-08 17:15:00,6,12,8,17,15,640,24,"., JOUANETOTE (RUE DE)",,,Plein jour,En agglomération,Intersection en T,Normale,Deux véhicules - côté,,,,,,,,,,,1,2,3,1,3
200600077418,0006-12-18 02:15:00,6,12,18,2,15,640,24,"139, BARRE (PROMENADE DE",,,Nuit avec éclairage non allumé,En agglomération,Hors intersection,Normale,Autre collision,,,,,,,,,,,4,2,1,1,6
200600077419,0006-12-19 19:04:00,6,12,19,19,4,640,140,BRAMARIE (RUE RAOUL),,,Nuit avec éclairage allumé,En agglomération,Hors intersection,Normale,Trois véhicules et plus - collisions multiples,,,,,,,,,,,5,2,1,1,5
200600077420,0006-12-20 18:29:00,6,12,20,18,29,640,102,"30, SABALCE (CHEMIN DE)",,,Nuit avec éclairage allumé,En agglomération,Hors intersection,Normale,Deux véhicules - côté,,,,,,,,,,,5,2,1,1,3
200600077421,0006-12-22 06:12:00,6,12,22,6,12,640,102,ARROUSET (RUE D'),,,Nuit avec éclairage allumé,En agglomération,Intersection en T,Normale,Deux véhicules - côté,,,,,,,,,,,5,2,3,1,3
200600077422,0006-12-22 03:50:00,6,12,22,3,50,640,24,BAB (BOULEVARD DU),,,Nuit avec éclairage allumé,En agglomération,Hors intersection,Normale,Sans collision,,,,,,,,,,,5,2,1,1,7
200600077423,0006-12-28 14:56:00,6,12,28,14,56,640,102,DOMMAIN Francois  Rond P,,,Plein jour,En agglomération,Giratoire,Normale,Autre collision,,,,,,,,,,,1,2,6,1,6
200600077424,0006-12-28 16:52:00,6,12,28,16,52,640,102,"01, PAUL BERT (PLACE)",,,Plein jour,En agglomération,Intersection en T,Normale,Deux véhicules - côté,,,,,,,,,,,1,2,3,1,3
200600077425,0006-12-29 10:10:00,6,12,29,10,10,640,102,"1, BERNEDE (RUE)",,,Plein jour,En agglomération,Hors intersection,Normale,Autre collision,,,,,,,,,,,1,2,1,1,6
200600077426,0006-12-04 12:16:00,6,12,4,12,16,640,122,"., 18 JUIN 1940 (RUE DU)",,,Plein jour,En agglomération,Autre intersection,Normale,Deux véhicules - côté,,,,,,,,,,,1,2,9,1,3
200600077427,0006-12-06 23:55:00,6,12,6,23,55,640,122,"., HELDER (RUE DU)",,,Nuit avec éclairage allumé,En agglomération,Intersection en X,Pluie légère,Sans collision,,,,,,,,,,,5,2,2,2,7
200600077428,0006-12-09 21:30:00,6,12,9,21,30,640,125,BAYONNE (AVENUE DE),,,Nuit avec éclairage allumé,En agglomération,Hors intersection,Pluie légère,Sans collision,,,,,,,,,,,5,2,1,2,7
200600077429,0006-12-11 18:34:00,6,12,11,18,34,640,122,"15, PRINGLE (RUE)",,,Nuit avec éclairage allumé,En agglomération,Hors intersection,Normale,Deux véhicules - frontale,,,,,,,,,,,5,2,1,1,1
200600077430,0006-12-12 18:25:00,6,12,12,18,25,640,122,"43, PRINGLE (RUE)",,,Nuit avec éclairage allumé,En agglomération,Hors intersection,Normale,Sans collision,,,,,,,,,,,5,2,1,1,7
200600077431,0006-12-16 07:25:00,6,12,16,7,25,640,122,RHUNE (RUE DE LA),,,Nuit avec éclairage allumé,En agglomération,Intersection en T,Normale,Deux véhicules - côté,,,,,,,,,,,5,2,3,1,3
200600077432,0006-12-16 16:40:00,6,12,16,16,40,640,125,UHABIA (RUE),,,Plein jour,Hors agglomération,Intersection en T,Normale,Deux véhicules - côté,,,,,,,,,,,1,1,3,1,3
200600077433,0006-12-01 23:47:00,6,12,1,23,47,640,445,"03, DUFAU",,,Nuit avec éclairage allumé,En agglomération,Hors intersection,Normale,Deux véhicules - arrière,,,,,,,,,,,5,2,1,1,2
200600077434,0006-12-01 13:50:00,6,12,1,13,50,640,445,OLOF PALME,,,Plein jour,En agglomération,Hors intersection,Normale,Deux véhicules - frontale,,,,,,,,,,,1,2,1,1,1
200600077435,0006-12-01 16:25:00,6,12,1,16,25,640,348,"1, MARCEL DASSAULT",,,Plein jour,En agglomération,Hors intersection,Normale,Deux véhicules - côté,,,,,,,,,,,1,2,1,1,3
200600077436,0006-12-04 08:10:00,6,12,4,8,10,640,445,"14, ALSACE LORRAINE D'",,,Plein jour,En agglomération,Hors intersection,Normale,Deux véhicules - arrière,,,,,,,,,,,1,2,1,1,2
200600077437,0006-12-05 18:45:00,6,12,5,18,45,640,445,LEON BERARD,,,Nuit avec éclairage allumé,En agglomération,Hors intersection,Normale,Autre collision,,,,,,,,,,,5,2,1,1,6
200600077438,0006-12-05 18:00:00,6,12,5,18,0,640,445,JEAN MERMOZ,,,Nuit avec éclairage allumé,En agglomération,Hors intersection,Normale,Autre collision,,,,,,,,,,,5,2,1,1,6
200600077439,0006-12-06 07:55:00,6,12,6,7,55,640,269,TARBES DE,,,Crépuscule ou aube,En agglomération,Hors intersection,Pluie légère,Deux véhicules - arrière,,,,,,,,,,,2,2,1,2,2
200600077440,0006-12-06 14:50:00,6,12,6,14,50,640,445,"34, LEON BLUM",,,Plein jour,En agglomération,Hors intersection,Pluie légère,Autre collision,,,,,,,,,,,1,2,1,2,6
200600077441,0006-12-07 10:20:00,6,12,7,10,20,640,445,CONDORCET,,,Plein jour,En agglomération,Hors intersection,Normale,Autre collision,,,,,,,,,,,1,2,1,1,6
200600077442,0006-12-07 18:40:00,6,12,7,18,40,640,445,"59, CASTETNAU",,,Nuit avec éclairage allumé,En agglomération,Hors intersection,Pluie légère,Autre collision,,,,,,,,,,,5,2,1,2,6
200600077443,0006-12-06 16:00:00,6,12,6,16,0,640,237,SIMIN PALAY,,,Plein jour,En agglomération,Intersection en X,Normale,Deux véhicules - côté,,,,,,,,,,,1,2,2,1,3
200600077444,0006-12-08 15:35:00,6,12,8,15,35,640,445,DIDIER DAURAT,,,Plein jour,En agglomération,Hors intersection,Normale,Autre collision,,,,,,,,,,,1,2,1,1,6
200600077445,0006-12-08 16:10:00,6,12,8,16,10,640,445,"14, JEAN MERMOZ",,,Plein jour,En agglomération,Hors intersection,Normale,Autre collision,,,,,,,,,,,1,2,1,1,6
200600077446,0006-12-10 17:15:00,6,12,10,17,15,640,445,CHAMPETIER DE RIBES,,,Plein jour,En agglomération,Hors intersection,Normale,Deux véhicules - côté,,,,,,,,,,,1,2,1,1,3
200600077447,0006-12-10 19:55:00,6,12,10,19,55,640,445,"109, JEAN MERMOZ",,,Nuit avec éclairage allumé,En agglomération,Hors intersection,Normale,Deux véhicules - côté,,,,,,,,,,,5,2,1,1,3
200600077448,0006-12-11 12:25:00,6,12,11,12,25,640,348,ANDRE MARIE AMPERE,,,Plein jour,En agglomération,Hors intersection,Normale,Deux véhicules - arrière,,,,,,,,,,,1,2,1,1,2
200600077449,0006-12-11 13:55:00,6,12,11,13,55,640,445,GENERAL DE GAULLE DU,,,Plein jour,En agglomération,Hors intersection,Normale,Deux véhicules - arrière,,,,,,,,,,,1,2,1,1,2
200600077450,0006-12-12 16:55:00,6,12,12,16,55,640,237,"70, LOUIS BARTHOU",,,Plein jour,En agglomération,Hors intersection,Pluie légère,Autre collision,,,,,,,,,,,1,2,1,2,6
200600077451,0006-12-13 13:50:00,6,12,13,13,50,640,348,JEAN MERMOZ,,,Plein jour,En agglomération,Intersection en T,Normale,Deux véhicules - côté,,,,,,,,,,,1,2,3,1,3
200600077452,0006-12-14 06:55:00,6,12,14,6,55,640,445,DIDIER DAURAT,,,Nuit avec éclairage allumé,En agglomération,Intersection en X,Normale,Deux véhicules - côté,,,,,,,,,,,5,2,2,1,3
200600077453,0006-12-14 11:50:00,6,12,14,11,50,640,445,LARRIBAU,,,Plein jour,En agglomération,Intersection en X,Normale,Sans collision,,,,,,,,,,,1,2,2,1,7
200600077454,0006-12-14 12:05:00,6,12,14,12,5,640,445,"45, ALSACE LORRAINE D'",,,Plein jour,En agglomération,Hors intersection,Normale,Deux véhicules - côté,,,,,,,,,,,1,2,1,1,3
200600077455,0006-12-14 16:00:00,6,12,14,16,0,640,445,"57, LAURIERS DES",,,Plein jour,En agglomération,Hors intersection,Normale,Sans collision,,,,,,,,,,,1,2,1,1,7
200600077456,0006-12-14 17:50:00,6,12,14,17,50,640,445,MARTYRS DU PONT LONG DES,,,Nuit avec éclairage allumé,Hors agglomération,Hors intersection,Normale,Trois véhicules et plus - en chaîne,,,,,,,,,,,5,1,1,1,4
200600077457,0006-12-02 17:05:00,6,12,2,17,5,640,284,"55, CORPS FRANC POMMIES",,,Plein jour,En agglomération,Hors intersection,Normale,Deux véhicules - frontale,,,,,,,,,,,1,2,1,1,1
200600077458,0006-12-14 19:15:00,6,12,14,19,15,640,445,JEAN MERMOZ,,,Nuit avec éclairage allumé,En agglomération,Intersection en X,Normale,Deux véhicules - côté,,,,,,,,,,,5,2,2,1,3
200600077459,0006-12-16 03:45:00,6,12,16,3,45,640,445,EUROPE DE L',,,Nuit avec éclairage allumé,En agglomération,Hors intersection,Normale,Autre collision,,,,,,,,,,,5,2,1,1,6
200600077460,0006-12-18 07:55:00,6,12,18,7,55,640,445,"100, EUROPE DE L'",,,Crépuscule ou aube,En agglomération,Hors intersection,Normale,Deux véhicules - arrière,,,,,,,,,,,2,2,1,1,2
200600077461,0006-12-19 08:50:00,6,12,19,8,50,640,335,"40, TARBES DE",,,Plein jour,En agglomération,Intersection en T,Normale,Autre collision,,,,,,,,,,,1,2,3,1,6
200600077462,0006-12-19 15:45:00,6,12,19,15,45,640,445,GENERAL DE GAULLE DU,,,Plein jour,En agglomération,Hors intersection,Normale,Deux véhicules - côté,,,,,,,,,,,1,2,1,1,3
200600077463,0006-12-20 15:35:00,6,12,20,15,35,640,445,"1, REPUBLIQUE",,,Nuit avec éclairage allumé,En agglomération,Hors intersection,Autre,Deux véhicules - côté,,,,,,,,,,,5,2,1,9,3
200600077464,0006-12-26 09:00:00,6,12,26,9,0,640,445,EDOUARD VII,,,Plein jour,En agglomération,Hors intersection,Normale,Deux véhicules - arrière,,,,,,,,,,,1,2,1,1,2
200600077465,0006-12-20 08:00:00,6,12,20,8,0,640,335,"1, GASTON PHOEBUS",,,Crépuscule ou aube,En agglomération,Hors intersection,Brouillard / fumée,Autre collision,,,,,,,,,,,2,2,1,5,6
200600077466,0006-12-21 18:35:00,6,12,21,18,35,640,129,"47, BAYONNE DE",,,Nuit avec éclairage allumé,En agglomération,Hors intersection,Normale,Autre collision,,,,,,,,,,,5,2,1,1,6
200600077467,0006-12-21 18:50:00,6,12,21,18,50,640,129,"1, SABOTIER DU",,,Nuit avec éclairage allumé,En agglomération,Hors intersection,Normale,Deux véhicules - côté,,,,,,,,,,,5,2,1,1,3
200600077468,0006-12-23 15:30:00,6,12,23,15,30,640,445,"1, LOUIS BARTHOU",,,Plein jour,En agglomération,Intersection en T,Normale,Deux véhicules - côté,,,,,,,,,,,1,2,3,1,3
200600077469,0006-12-27 11:30:00,6,12,27,11,30,640,445,"1, CARNOT",,,Plein jour,En agglomération,Intersection en X,Normale,Deux véhicules - côté,,,,,,,,,,,1,2,2,1,3
200600077470,0006-12-28 15:30:00,6,12,28,15,30,640,445,"146, LOUP DU",,,Plein jour,Hors agglomération,Intersection en T,Normale,Deux véhicules - côté,,,,,,,,,,,1,1,3,1,3
200600077471,0006-12-29 17:35:00,6,12,29,17,35,640,445,"12, CHAMPETIER DE RIBES",,,Plein jour,En agglomération,Hors intersection,Normale,Autre collision,,,,,,,,,,,1,2,1,1,6
200600077472,0006-12-29 20:07:00,6,12,29,20,7,640,129,"28, BAYONNE DE",,,Nuit avec éclairage allumé,En agglomération,Hors intersection,Normale,Deux véhicules - côté,,,,,,,,,,,5,2,1,1,3
200600077473,0006-12-03 17:45:00,6,12,3,17,45,640,545,"13/17, CRETES (CHEMIN DE",,,Crépuscule ou aube,Hors agglomération,Hors intersection,Temps couvert,Deux véhicules - frontale,,,,,,,,,,,2,1,1,8,1
200600077474,0006-12-28 16:55:00,6,12,28,16,55,640,260,CD 912,,,Plein jour,Hors agglomération,Hors intersection,Normale,Trois véhicules et plus - collisions multiples,,,,,,,,,,,1,1,1,1,5
200600077475,0006-12-30 12:55:00,6,12,30,12,55,640,260,"14, TUNNEL (RUE DU)",,,Plein jour,En agglomération,Hors intersection,Autre,Deux véhicules - côté,,,,,,,,,,,1,2,1,9,3
200600077476,0006-12-01 11:45:00,6,12,1,11,45,640,483,CHANTACO (AVENUE DE ),,,Plein jour,En agglomération,Hors intersection,Normale,Deux véhicules - côté,,,,,,,,,,,1,2,1,1,3
200600077477,0006-12-05 17:30:00,6,12,5,17,30,640,483,RN10,,,Nuit avec éclairage allumé,En agglomération,Hors intersection,Pluie forte,Deux véhicules - côté,,,,,,,,,,,5,2,1,3,3
200600077478,0006-12-06 11:55:00,6,12,6,11,55,640,483,"20, THIERS ADOLPHE (BOUL",,,Plein jour,En agglomération,Intersection en X,Temps couvert,Autre collision,,,,,,,,,,,1,2,2,8,6