accident_id,datetime,annee,mois,jour,heure,minute,departement,commune_insee,adresse,latitude,longitude,luminosite,agglomeration,intersection,meteo,collision,nb_vehicules,nb_usagers,nb_indemnes,nb_tues,nb_blesses_hosp,nb_blesses_legers,age_cond_1,age_cond_2,veh_type_cond_1,veh_type_cond_2,lum_code,agg_code,int_code,atm_code,col_code
200600077479,0006-12-10 16:40:00,6,12,10,16,40,640,545,RN10,,,Plein jour,En agglomération,Hors intersection,Normale,Deux véhicules - côté,,,,,,,,,,,1,2,1,1,3
200600077480,0006-12-13 08:15:00,6,12,13,8,15,640,483,"2, LARRAMENDY PIERRE (AV",,,Plein jour,En agglomération,Hors intersection,Normale,Autre collision,,,,,,,,,,,1,2,1,1,6
200600077481,0006-12-16 17:40:00,6,12,16,17,40,640,483,RN10,,,Nuit avec éclairage allumé,Hors agglomération,Hors intersection,Normale,Deux véhicules - arrière,,,,,,,,,,,5,1,1,1,2
200600077482,0006-12-22 18:00:00,6,12,22,18,0,640,545,ROUTE D'IBARDIN,,,Nuit sans éclairage public,Hors agglomération,Hors intersection,Normale,Deux véhicules - frontale,,,,,,,,,,,3,1,1,1,1
200600077483,0006-12-10 17:50:00,6,12,10,17,50,640,483,CHANTACO (AVENUE DE ),,,Nuit avec éclairage allumé,En agglomération,Hors intersection,Normale,Deux véhicules - frontale,,,,,,,,,,,5,2,1,1,1
200600077484,0006-12-07 20:45:00,6,12,7,20,45,640,260,CD358,,,Nuit avec éclairage allumé,En agglomération,Intersection en T,Normale,Deux véhicules - côté,,,,,,,,,,,5,2,3,1,3
200600077485,0006-12-15 20:50:00,6,12,15,20,50,640,483,"20, ERROBI (RUE D')",,,Nuit avec éclairage allumé,En agglomération,Hors intersection,Normale,Autre collision,,,,,,,,,,,5,2,1,1,6
200600077486,0006-12-20 15:25:00,6,12,20,15,25,640,483,RN10,,,Plein jour,En agglomération,Hors intersection,Normale,Trois véhicules et plus - en chaîne,,,,,,,,,,,1,2,1,1,4
200600077487,0006-12-26 16:45:00,6,12,26,16,45,640,249,RN 10,,,Crépuscule ou aube,En agglomération,Hors intersection,Normale,Autre collision,,,,,,,,,,,2,2,1,1,6
200600077488,0006-12-08 09:17:00,6,12,8,9,17,650,286,BEGUERE (AVENUE ANTOINE),,,Plein jour,En agglomération,Intersection en T,Pluie forte,Deux véhicules - côté,,,,,,,,,,,1,2,3,3,3
200600077489,0006-12-29 20:05:00,6,12,29,20,5,650,286,GROTTE (RUE DE LA),,,Nuit avec éclairage allumé,En agglomération,Hors intersection,Normale,Autre collision,,,,,,,,,,,5,2,1,1,6
200600077490,0006-12-01 23:40:00,6,12,1,23,40,650,440,"., JOFFRE (AVENUE DU MAR",,,Nuit avec éclairage allumé,En agglomération,Intersection en T,Normale,Deux véhicules - côté,,,,,,,,,,,5,2,3,1,3
200600077491,0006-12-02 09:40:00,6,12,2,9,40,650,440,KENNEDY (BOULEVARD DU PR,,,Plein jour,En agglomération,Hors intersection,Normale,Autre collision,,,,,,,,,,,1,2,1,1,6
200600077492,0006-12-02 16:50:00,6,12,2,16,50,650,440,ODOS (CHEMIN D'),,,Plein jour,En agglomération,Intersection en X,Normale,Trois véhicules et plus - collisions multiples,,,,,,,,,,,1,2,2,1,5
200600077493,0006-12-04 07:50:00,6,12,4,7,50,650,226,PAU (ROUTE DE),,,Crépuscule ou aube,En agglomération,Intersection en X,Pluie légère,Deux véhicules - côté,,,,,,,,,,,2,2,2,2,3
200600077494,0006-12-06 17:55:00,6,12,6,17,55,650,440,"13, PAUL (BOULEVARD JEAN",,,Nuit avec éclairage allumé,En agglomération,Hors intersection,Pluie légère,Autre collision,,,,,,,,,,,5,2,1,2,6
200600077495,0006-12-07 13:25:00,6,12,7,13,25,650,331,JUILLAN (ROUTE DE),,,Plein jour,Hors agglomération,Hors intersection,Normale,Deux véhicules - frontale,,,,,,,,,,,1,1,1,1,1
200600077496,0006-12-08 16:35:00,6,12,8,16,35,650,440,KLEBER (RUE),,,Plein jour,En agglomération,Hors intersection,Normale,Trois véhicules et plus - en chaîne,,,,,,,,,,,1,2,1,1,4
200600077497,0006-12-08 18:45:00,6,12,8,18,45,650,440,"., MARTINET (BOULEVARD D",,,Nuit avec éclairage allumé,En agglomération,Intersection en X,Normale,Deux véhicules - frontale,,,,,,,,,,,5,2,2,1,1
200600077498,0006-12-09 11:28:00,6,12,9,11,28,650,226,PAU (ROUTE DE),,,Plein jour,Hors agglomération,Hors intersection,Pluie légère,Trois véhicules et plus - en chaîne,,,,,,,,,,,1,1,1,2,4
200600077499,0006-12-09 12:15:00,6,12,9,12,15,650,440,"., PAUL (BOULEVARD JEAN",,,Plein jour,En agglomération,Hors intersection,Pluie légère,Trois véhicules et plus - en chaîne,,,,,,,,,,,1,2,1,2,4
200600077500,0006-12-11 16:50:00,6,12,11,16,50,650,440,"2, FOURCADE (RUE ANDRE)",,,Plein jour,En agglomération,Intersection en X,Normale,Deux véhicules - arrière,,,,,,,,,,,1,2,2,1,2
200600077501,0006-12-12 18:25:00,6,12,12,18,25,650,100,"25, VOLTAIRE (RUE)",,,Nuit avec éclairage allumé,En agglomération,Hors intersection,Pluie légère,Autre collision,,,,,,,,,,,5,2,1,2,6
200600077502,0006-12-12 19:00:00,6,12,12,19,0,650,440,"., CLEMENCEAU (RUE GEORG",,,Nuit avec éclairage allumé,En agglomération,Intersection en X,Normale,Deux véhicules - côté,,,,,,,,,,,5,2,2,1,3
200600077503,0006-12-14 13:35:00,6,12,14,13,35,650,440,"39, MASSEY (RUE)",,,Plein jour,En agglomération,Hors intersection,Normale,Trois véhicules et plus - en chaîne,,,,,,,,,,,1,2,1,1,4
200600077504,0006-12-15 18:30:00,6,12,15,18,30,650,226,PAU (ROUTE DE),,,Nuit sans éclairage public,Hors agglomération,Intersection en X,Normale,Trois véhicules et plus - collisions multiples,,,,,,,,,,,3,1,2,1,5
200600077505,0006-12-15 19:15:00,6,12,15,19,15,650,440,"., LATTRE DE TASSIGNY(BO",,,Nuit avec éclairage allumé,En agglomération,Intersection en X,Normale,Deux véhicules - frontale,,,,,,,,,,,5,2,2,1,1
200600077506,0006-12-16 10:30:00,6,12,16,10,30,650,440,MARTINET (BOULEVARD DU),,,Plein jour,En agglomération,Intersection en X,Normale,Autre collision,,,,,,,,,,,1,2,2,1,6
200600077507,0006-12-20 18:45:00,6,12,20,18,45,650,226,NATIONALE 21 (ROUTE),,,Nuit sans éclairage public,Hors agglomération,Giratoire,Normale,Deux véhicules - arrière,,,,,,,,,,,3,1,6,1,2
200600077508,0006-12-21 15:50:00,6,12,21,15,50,650,100,"., CASSIN (RUE RENE)",,,Plein jour,En agglomération,Intersection en T,Normale,Deux véhicules - côté,,,,,,,,,,,1,2,3,1,3
200600077509,0006-12-22 07:55:00,6,12,22,7,55,650,440,"., ODOS (CHEMIN D')",,,Crépuscule ou aube,En agglomération,Intersection en Y,Normale,Deux véhicules - arrière,,,,,,,,,,,2,2,4,1,2
200600077510,0006-12-24 13:30:00,6,12,24,13,30,650,331,"., JUILLAN (ROUTE DE)",,,Plein jour,Hors agglomération,Hors intersection,Normale,Sans collision,,,,,,,,,,,1,1,1,1,7
200600077511,0006-12-24 18:30:00,6,12,24,18,30,650,440,"., LASSALLE (RUE GEORGES",,,Nuit avec éclairage allumé,En agglomération,Intersection en X,Normale,Deux véhicules - côté,,,,,,,,,,,5,2,2,1,3
200600077512,0006-12-25 18:45:00,6,12,25,18,45,650,417,"., SAINT FRAI (PONT)",,,Nuit avec éclairage allumé,En agglomération,Giratoire,Normale,Deux véhicules - arrière,,,,,,,,,,,5,2,6,1,2
200600077513,0006-12-29 12:00:00,6,12,29,12,0,650,440,"., MOULIN (BOULEVARD JEA",,,Plein jour,En agglomération,Intersection en T,Normale,Deux véhicules - arrière,,,,,,,,,,,1,2,3,1,2
200600077514,0006-12-30 12:10:00,6,12,30,12,10,650,331,LOURDES (AVENUE DE),,,Plein jour,En agglomération,Intersection en T,Normale,Deux véhicules - côté,,,,,,,,,,,1,2,3,1,3
200600077515,0006-12-30 16:15:00,6,12,30,16,15,650,331,"., JUILLAN (ROUTE DE)",,,Plein jour,Hors agglomération,Intersection en X,Normale,Deux véhicules - côté,,,,,,,,,,,1,1,2,1,3
200600077516,0006-12-30 19:55:00,6,12,30,19,55,660,136,BACCHUS ALLEE DE,,,Nuit avec éclairage allumé,En agglomération,Hors intersection,Normale,Deux véhicules - frontale,,,,,,,,,,,5,2,1,1,1
200600077517,0006-12-06 20:00:00,6,12,6,20,0,660,136,"05, VALERY (PAUL)",,,Nuit avec éclairage allumé,En agglomération,Hors intersection,Normale,Deux véhicules - frontale,,,,,,,,,,,5,2,1,1,1
200600077518,0006-12-10 21:24:00,6,12,10,21,24,660,136,R D 900,,,Nuit sans éclairage public,Hors agglomération,Hors intersection,Normale,Deux véhicules - frontale,,,,,,,,,,,3,1,1,1,1
200600077519,0006-12-11 19:10:00,6,12,11,19,10,660,136,D 616,,,Nuit sans éclairage public,Hors agglomération,Intersection en X,Normale,Deux véhicules - côté,,,,,,,,,,,3,1,2,1,3
200600077520,0006-12-12 18:35:00,6,12,12,18,35,660,136,"66, AVENUE DE ROME",,,Nuit sans éclairage public,Hors agglomération,Hors intersection,Normale,Deux véhicules - frontale,,,,,,,,,,,3,1,1,1,1
200600077521,0006-12-15 04:40:00,6,12,15,4,40,660,136,"107, PALAIS-DES-EXPO (AV",,,Nuit sans éclairage public,Hors agglomération,Hors intersection,Pluie légère,Deux véhicules - frontale,,,,,,,,,,,3,1,1,2,1
200600077522,0006-12-20 19:35:00,6,12,20,19,35,660,136,"21, SALANQUE (AVENUE DE)",,,Nuit avec éclairage non allumé,Hors agglomération,Hors intersection,Normale,Autre collision,,,,,,,,,,,4,1,1,1,6
200600077523,0006-12-20 07:35:00,6,12,20,7,35,660,136,POINCARE (BOULEVARD HENR,,,Nuit avec éclairage allumé,En agglomération,Intersection en X,Normale,Deux véhicules - côté,,,,,,,,,,,5,2,2,1,3
200600077524,0006-12-22 00:10:00,6,12,22,0,10,660,136,"4, GUILLAUD (AVENUE GENE",,,Nuit avec éclairage allumé,En agglomération,Hors intersection,Normale,Autre collision,,,,,,,,,,,5,2,1,1,6
200600077525,0006-12-20 10:50:00,6,12,20,10,50,660,136,", STAEL (MADAME DE)",,,Plein jour,En agglomération,Hors intersection,Normale,Autre collision,,,,,,,,,,,1,2,1,1,6
200600077526,0006-12-29 02:00:00,6,12,29,2,0,660,136,MERCADER (BOULEVARD FELI,,,Nuit avec éclairage allumé,En agglomération,Intersection en X,Normale,Autre collision,,,,,,,,,,,5,2,2,1,6
200600077527,0006-12-26 12:05:00,6,12,26,12,5,660,136,"124, CIFFRE (PIERRE)",,,Plein jour,En agglomération,Hors intersection,Normale,Deux véhicules - frontale,,,,,,,,,,,1,2,1,1,1
200600077528,0006-12-23 16:10:00,6,12,23,16,10,670,180,"1, RHIN (ROUTE DU)",,,Crépuscule ou aube,Hors agglomération,Intersection en X,Normale,Deux véhicules - côté,,,,,,,,,,,2,1,2,1,3
200600077529,0006-12-01 17:30:00,6,12,1,17,30,670,482,ROME (RUE DE),,,Nuit avec éclairage allumé,En agglomération,Hors intersection,Normale,Deux véhicules - côté,,,,,,,,,,,5,2,1,1,3
200600077530,0006-12-01 23:15:00,6,12,1,23,15,670,447,"140, BISCHWILLER (ROUTE",,,Nuit avec éclairage allumé,En agglomération,Hors intersection,Normale,Deux véhicules - côté,,,,,,,,,,,5,2,1,1,3
200600077531,0006-12-02 12:50:00,6,12,2,12,50,670,482,"00, CHARLES PEGUY (RUE)",,,Plein jour,En agglomération,Hors intersection,Normale,Autre collision,,,,,,,,,,,1,2,1,1,6
200600077532,0006-12-02 13:20:00,6,12,2,13,20,670,447,"0, OBERNAI (RUE D )",,,Plein jour,En agglomération,Intersection en X,Normale,Deux véhicules - côté,,,,,,,,,,,1,2,2,1,3
200600077533,0006-12-04 14:15:00,6,12,4,14,15,670,482,"59, ROBERTSAU (ALLEE DE",,,Plein jour,En agglomération,Hors intersection,Pluie légère,Deux véhicules - arrière,,,,,,,,,,,1,2,1,2,2
200600077534,0006-12-04 17:00:00,6,12,4,17,0,670,218,"13, STRASBOURG (ROUTE DE",,,Nuit avec éclairage allumé,En agglomération,Intersection en X,Normale,Deux véhicules - côté,,,,,,,,,,,5,2,2,1,3
200600077535,0006-12-04 17:45:00,6,12,4,17,45,670,218,TOBIAS STIMMER (RUE),,,Nuit avec éclairage non allumé,En agglomération,Hors intersection,Normale,Deux véhicules - arrière,,,,,,,,,,,4,2,1,1,2
200600077536,0006-12-04 19:15:00,6,12,4,19,15,670,482,DIVISION LECLERC (RUE DE,,,Nuit avec éclairage allumé,En agglomération,Hors intersection,Pluie légère,Autre collision,,,,,,,,,,,5,2,1,2,6
200600077537,0006-12-05 15:55:00,6,12,5,15,55,670,482,"61, NEUHOF (ROUTE)",,,Plein jour,En agglomération,Hors intersection,Normale,Autre collision,,,,,,,,,,,1,2,1,1,6
200600077538,0006-12-06 07:10:00,6,12,6,7,10,670,482,"00, CONSEIL DES QUINZE (",,,Nuit avec éclairage allumé,En agglomération,Intersection en T,Pluie légère,Deux véhicules - frontale,,,,,,,,,,,5,2,3,2,1
200600077539,0006-12-07 13:30:00,6,12,7,13,30,670,482,"00, ROBERTSAU (ALLEE DE",,,Plein jour,En agglomération,Intersection en X,Temps couvert,Autre collision,,,,,,,,,,,1,2,2,8,6
200600077540,0006-12-08 01:15:00,6,12,8,1,15,670,482,MOLIERE (AVENUE),,,Nuit avec éclairage allumé,En agglomération,Intersection en T,Normale,Autre collision,,,,,,,,,,,5,2,3,1,6
200600077541,0006-12-08 13:40:00,6,12,8,13,40,670,482,"00, COLMAR (AVENUE DE)",,,Plein jour,En agglomération,Hors intersection,Normale,Autre collision,,,,,,,,,,,1,2,1,1,6
200600077542,0006-12-08 17:50:00,6,12,8,17,50,670,482,FUSTEL DE COULANGES (QUA,,,Nuit avec éclairage allumé,En agglomération,Intersection en X,Normale,Autre collision,,,,,,,,,,,5,2,2,1,6
200600077543,0006-12-09 04:35:00,6,12,9,4,35,670,482,LOUIS PASTEUR (QUAI),,,Nuit avec éclairage allumé,En agglomération,Hors intersection,Normale,Autre collision,,,,,,,,,,,5,2,1,1,6
200600077544,0006-12-09 13:15:00,6,12,9,13,15,670,204,"32/34, REPUBLIQUE (RUE D",,,Plein jour,En agglomération,Hors intersection,Normale,Autre collision,,,,,,,,,,,1,2,1,1,6
200600077545,0006-12-10 18:50:00,6,12,10,18,50,670,482,ALTENHEIM (ROUTE D ),,,Nuit sans éclairage public,En agglomération,Intersection en T,Normale,Deux véhicules - côté,,,,,,,,,,,3,2,3,1,3
200600077546,0006-12-11 18:40:00,6,12,11,18,40,670,482,"00, DUNKERQUE (RUE DE)",,,Nuit avec éclairage allumé,En agglomération,Hors intersection,Normale,Deux véhicules - frontale,,,,,,,,,,,5,2,1,1,1
200600077547,0006-12-12 07:40:00,6,12,12,7,40,670,482,"00, SCHIRMECK (ROUTE DE)",,,Plein jour,En agglomération,Intersection en T,Pluie légère,Deux véhicules - côté,,,,,,,,,,,1,2,3,2,3
200600077548,0006-12-12 18:20:00,6,12,12,18,20,670,482,"69, NEUHOF (ROUTE)",,,Nuit avec éclairage allumé,En agglomération,Hors intersection,Normale,Trois véhicules et plus - collisions multiples,,,,,,,,,,,5,2,1,1,5
200600077549,0006-12-12 19:35:00,6,12,12,19,35,670,482,"22, PARALLELE (RUE)",,,Nuit sans éclairage public,En agglomération,Hors intersection,Normale,Autre collision,,,,,,,,,,,3,2,1,1,6
200600077550,0006-12-13 07:30:00,6,12,13,7,30,670,218,"21 A-B, GENERAL LIBERMAN",,,Nuit avec éclairage allumé,En agglomération,Hors intersection,Normale,Deux véhicules - côté,,,,,,,,,,,5,2,1,1,3
200600077551,0006-12-13 07:45:00,6,12,13,7,45,670,482,"0, THUMENAU (RUE DE LA)",,,Plein jour,En agglomération,Intersection en X,Normale,Deux véhicules - côté,,,,,,,,,,,1,2,2,1,3
200600077552,0006-12-13 10:00:00,6,12,13,10,0,670,482,"0, COLMAR (AVENUE DE)",,,Plein jour,En agglomération,Intersection en T,Normale,Autre collision,,,,,,,,,,,1,2,3,1,6
200600077553,0006-12-14 16:25:00,6,12,14,16,25,670,482,ANVERS (BOULEVARD D ),,,Nuit avec éclairage allumé,En agglomération,Hors intersection,Normale,Autre collision,,,,,,,,,,,5,2,1,1,6
200600077554,0006-12-15 20:00:00,6,12,15,20,0,670,482,"0, CHARLES PEGUY (RUE)",,,Nuit avec éclairage allumé,En agglomération,Hors intersection,Normale,Deux véhicules - côté,,,,,,,,,,,5,2,1,1,3
200600077555,0006-12-15 20:25:00,6,12,15,20,25,670,482,"01, GENERAL ZIMMER (RUE",,,Nuit avec éclairage allumé,En agglomération,Hors intersection,Normale,Autre collision,,,,,,,,,,,5,2,1,1,6
200600077556,0006-12-16 08:05:00,6,12,16,8,5,670,482,"0, GENERAL DE GAULLE (AV",,,Plein jour,En agglomération,Intersection en X,Normale,Deux véhicules - côté,,,,,,,,,,,1,2,2,1,3
200600077557,0006-12-16 12:30:00,6,12,16,12,30,670,267,"0, ALFRED KASTLER (RUE)",,,Plein jour,En agglomération,Intersection en X,Normale,Deux véhicules - côté,,,,,,,,,,,1,2,2,1,3
200600077558,0006-12-17 19:40:00,6,12,17,19,40,670,482,"0, HERRENSCHMIDT (AVENUE",,,Nuit avec éclairage allumé,En agglomération,Hors intersection,Normale,Trois véhicules et plus - en chaîne,,,,,,,,,,,5,2,1,1,4
200600077559,0006-12-18 07:10:00,6,12,18,7,10,670,482,"0, VOSGES (AVENUE DES)",,,Crépuscule ou aube,En agglomération,Hors intersection,Normale,Deux véhicules - côté,,,,,,,,,,,2,2,1,1,3
200600077560,0006-12-18 12:30:00,6,12,18,12,30,670,482,"0, MARCHE GARE (RUE DU)",,,Plein jour,En agglomération,Hors intersection,Normale,Deux véhicules - arrière,,,,,,,,,,,1,2,1,1,2
200600077561,0006-12-16 07:40:00,6,12,16,7,40,670,218,"0, VINCENT SCOTTO (RUE)",,,Crépuscule ou aube,En agglomération,Intersection en X,Normale,Deux véhicules - frontale,,,,,,,,,,,2,2,2,1,1
200600077562,0006-12-19 14:30:00,6,12,19,14,30,670,482,"21, ILL (RUE DE L )",,,Plein jour,En agglomération,Hors intersection,Normale,Autre collision,,,,,,,,,,,1,2,1,1,6
200600077563,0006-12-21 11:15:00,6,12,21,11,15,670,482,"0, PRESIDENT POINCARE (B",,,Plein jour,En agglomération,Intersection en X,Normale,Autre collision,,,,,,,,,,,1,2,2,1,6
200600077564,0006-12-22 11:15:00,6,12,22,11,15,670,447,"00, ERSTEIN (RUE D )",,,Plein jour,En agglomération,Hors intersection,Normale,Deux véhicules - côté,,,,,,,,,,,1,2,1,1,3
200600077565,0006-12-22 12:52:00,6,12,22,12,52,670,447,MITTELFELD (RUE DU),,,Plein jour,En agglomération,Intersection en X,Normale,Deux véhicules - côté,,,,,,,,,,,1,2,2,1,3
200600077566,0006-12-23 15:10:00,6,12,23,15,10,670,482,"00, SAALES (RUE DE)",,,Plein jour,En agglomération,Intersection en T,Normale,Trois véhicules et plus - en chaîne,,,,,,,,,,,1,2,3,1,4
200600077567,0006-12-27 19:30:00,6,12,27,19,30,670,447,HAUSBERGEN (ROUTE DE),,,Nuit avec éclairage allumé,En agglomération,Hors intersection,Normale,Autre collision,,,,,,,,,,,5,2,1,1,6
200600077568,0006-12-02 00:01:00,6,12,2,0,1,680,66,"1, SCHLUMBERGER (RUE CAM",,,Nuit avec éclairage allumé,En agglomération,Intersection à plus de 4 branches,Normale,Autre collision,,,,,,,,,,,5,2,5,1,6
200600077569,0006-12-02 12:35:00,6,12,2,12,35,680,66,"87, ROUFFACH (ROUTE DE)",,,Plein jour,En agglomération,Hors intersection,Normale,Trois véhicules et plus - en chaîne,,,,,,,,,,,1,2,1,1,4
200600077570,0006-12-02 21:15:00,6,12,2,21,15,680,66,"5, AMSTERDAM ( RUE D')",,,Nuit avec éclairage allumé,En agglomération,Intersection en X,Pluie légère,Deux véhicules - frontale,,,,,,,,,,,5,2,2,2,1
200600077571,0006-12-05 12:15:00,6,12,5,12,15,680,66,"6, PRAGUE (RUE DE)",,,Plein jour,En agglomération,Intersection en T,Normale,Autre collision,,,,,,,,,,,1,2,3,1,6
200600077572,0006-12-09 11:50:00,6,12,9,11,50,680,66,"66, NORD (RUE DU)",,,Plein jour,En agglomération,Intersection en T,Normale,Autre collision,,,,,,,,,,,1,2,3,1,6
200600077573,0006-12-11 23:50:00,6,12,11,23,50,680,66,"2, GOLBERY (RUE)",,,Nuit avec éclairage allumé,En agglomération,Intersection en Y,Normale,Autre collision,,,,,,,,,,,5,2,4,1,6
200600077574,0006-12-13 14:25:00,6,12,13,14,25,680,66,"45, GRAND'RUE (RUE)",,,Plein jour,En agglomération,Intersection en T,Normale,Autre collision,,,,,,,,,,,1,2,3,1,6
200600077575,0006-12-14 07:15:00,6,12,14,7,15,680,66,LORRAINE (AVENUE DE),,,Nuit sans éclairage public,Hors agglomération,Hors intersection,Normale,Sans collision,,,,,,,,,,,3,1,1,1,7
200600077576,0006-12-18 11:35:00,6,12,18,11,35,680,66,"15, PARIS (AVENUE DE)",,,Plein jour,En agglomération,Intersection en T,Normale,Deux véhicules - côté,,,,,,,,,,,1,2,3,1,3
200600077577,0006-12-15 09:45:00,6,12,15,9,45,680,112,SOULTZ (ROUTE DE),,,Plein jour,En agglomération,Intersection en T,Temps éblouissant,Deux véhicules - frontale,,,,,,,,,,,1,2,3,7,1
200600077578,0006-12-17 19:15:00,6,12,17,19,15,680,112,"1, ELECTRICITE (RUE DE L",,,Nuit avec éclairage allumé,En agglomération,Giratoire,Normale,Autre collision,,,,,,,,,,,5,2,6,1,6
200600077579,0006-12-31 11:50:00,6,12,31,11,50,680,112,"03, CANAL (RUE DU)",,,Plein jour,En agglomération,Hors intersection,Normale,Autre collision,,,,,,,,,,,1,2,1,1,6
200600077580,0006-12-04 17:45:00,6,12,4,17,45,680,224,"54, BRIAND (AVENUE ARIST",,,Nuit avec éclairage allumé,En agglomération,Hors intersection,Normale,Autre collision,,,,,,,,,,,5,2,1,1,6
200600077581,0006-12-03 20:45:00,6,12,3,20,45,680,224,"81, HUBNER (RUE)",,,Nuit avec éclairage allumé,En agglomération,Hors intersection,Pluie forte,Autre collision,,,,,,,,,,,5,2,1,3,6
200600077582,0006-12-08 17:00:00,6,12,8,17,0,680,224,"146, BRIAND (AVENUE ARIS",,,Crépuscule ou aube,En agglomération,Hors intersection,Pluie légère,Autre collision,,,,,,,,,,,2,2,1,2,6
200600077583,0006-12-17 19:30:00,6,12,17,19,30,680,224,BOURTZWILLER (PONT DE),,,Nuit avec éclairage allumé,En agglomération,Hors intersection,Autre,Deux véhicules - frontale,,,,,,,,,,,5,2,1,9,1
200600077584,0006-12-14 12:00:00,6,12,14,12,0,680,224,"17, DAGUERRE (RUE)",,,Plein jour,En agglomération,Hors intersection,Normale,Autre collision,,,,,,,,,,,1,2,1,1,6
200600077585,0006-12-20 06:00:00,6,12,20,6,0,680,224,"8, THIERSTEIN (RUE)",,,Nuit avec éclairage allumé,En agglomération,Intersection en X,Normale,Deux véhicules - côté,,,,,,,,,,,5,2,2,1,3
200600077586,0006-12-16 07:50:00,6,12,16,7,50,680,224,CLOCHE (QUAI DE LA),,,Plein jour,En agglomération,Intersection en T,Normale,Autre collision,,,,,,,,,,,1,2,3,1,6
200600077587,0006-12-13 13:15:00,6,12,13,13,15,680,224,ZU-RHEIN (RUE DU CHATEAU,,,Plein jour,En agglomération,Giratoire,Normale,Deux véhicules - frontale,,,,,,,,,,,1,2,6,1,1
200600077588,0006-12-22 05:59:00,6,12,22,5,59,680,224,AUTOROUTE A 36,,,Nuit avec éclairage allumé,Hors agglomération,Hors intersection,Autre,Autre collision,,,,,,,,,,,5,1,1,9,6
200600077589,0006-12-22 12:05:00,6,12,22,12,5,680,224,"183, ROMAINS (RUE DES)",,,Plein jour,En agglomération,Hors intersection,Pluie légère,Autre collision,,,,,,,,,,,1,2,1,2,6
200600077590,0006-12-07 10:05:00,6,12,7,10,5,690,29,RUE DE LA PAGERE,,,Plein jour,En agglomération,Intersection en X,Normale,Deux véhicules - côté,,,,,,,,,,,1,2,2,1,3
200600077591,0006-12-20 17:15:00,6,12,20,17,15,690,29,"372, ROUTE DE GENAS",,,Nuit avec éclairage allumé,En agglomération,Hors intersection,Normale,Deux véhicules - côté,,,,,,,,,,,5,2,1,1,3
200600077592,0006-12-08 17:00:00,6,12,8,17,0,690,34,"26, CHEMIN DE CREPIEUX",,,Crépuscule ou aube,En agglomération,Hors intersection,Pluie légère,Autre collision,,,,,,,,,,,2,2,1,2,6
200600077593,0006-12-11 12:10:00,6,12,11,12,10,690,34,"19, COURS ARISTIDE BRIAN",,,Plein jour,En agglomération,Hors intersection,Normale,Autre collision,,,,,,,,,,,1,2,1,1,6
200600077594,0006-12-20 10:30:00,6,12,20,10,30,690,34,"153, RUE PASTEUR",,,Plein jour,En agglomération,Hors intersection,Normale,Autre collision,,,,,,,,,,,1,2,1,1,6
200600077595,0006-12-01 18:40:00,6,12,1,18,40,690,256,ROGER SALENGRO,,,Crépuscule ou aube,En agglomération,Intersection en X,Normale,Deux véhicules - frontale,,,,,,,,,,,2,2,2,1,1
200600077596,0006-12-04 21:45:00,6,12,4,21,45,690,266,EMILE ZOLA,,,Nuit avec éclairage allumé,En agglomération,Intersection en X,Pluie légère,Deux véhicules - côté,,,,,,,,,,,5,2,2,2,3
200600077597,0006-12-02 18:50:00,6,12,2,18,50,690,259,RUE DES MARTYRS DE LA RE,,,Nuit avec éclairage allumé,En agglomération,Intersection en X,Pluie légère,Deux véhicules - côté,,,,,,,,,,,5,2,2,2,3
200600077598,0006-12-04 10:00:00,6,12,4,10,0,690,199,JEAN JAURES,,,Plein jour,En agglomération,Autre intersection,Pluie légère,Autre collision,,,,,,,,,,,1,2,9,2,6
200600077599,0006-12-05 20:30:00,6,12,5,20,30,690,259,AVENUE JEAN JAURES,,,Nuit avec éclairage allumé,En agglomération,Intersection en T,Normale,Trois véhicules et plus - en chaîne,,,,,,,,,,,5,2,3,1,4
200600077600,0006-12-01 04:45:00,6,12,1,4,45,690,259,"183, AVENUE FRANCIS DE P",,,Nuit avec éclairage non allumé,En agglomération,Hors intersection,Normale,Sans collision,,,,,,,,,,,4,2,1,1,7
200600077601,0006-12-04 12:45:00,6,12,4,12,45,690,199,"0, RUE D AVIGNON",,,Plein jour,En agglomération,Hors intersection,Normale,Deux véhicules - côté,,,,,,,,,,,1,2,1,1,3
200600077602,0006-12-08 07:25:00,6,12,8,7,25,690,259,"60, AVENUE FRANCIS DE PR",,,Nuit avec éclairage allumé,En agglomération,Hors intersection,Autre,Autre collision,,,,,,,,,,,5,2,1,9,6
200600077603,0006-12-01 12:50:00,6,12,1,12,50,690,259,"0, RUE DU PROFESSEUR ROU",,,Plein jour,En agglomération,Intersection en X,Normale,Deux véhicules - côté,,,,,,,,,,,1,2,2,1,3
200600077604,0006-12-18 15:40:00,6,12,18,15,40,690,388,BOULEVARD DES ETATS UNIS,,,Plein jour,En agglomération,Hors intersection,Normale,Trois véhicules et plus - en chaîne,,,,,,,,,,,1,2,1,1,4
200600077605,0006-12-16 13:30:00,6,12,16,13,30,690,259,"128, RUE GABRIEL PERI",,,Plein jour,En agglomération,Hors intersection,Normale,Autre collision,,,,,,,,,,,1,2,1,1,6
200600077606,0006-12-21 15:10:00,6,12,21,15,10,690,259,"0, AVENUE JEAN CAGNE",,,Plein jour,En agglomération,Hors intersection,Normale,Deux véhicules - côté,,,,,,,,,,,1,2,1,1,3