accident_id,datetime,annee,mois,jour,heure,minute,departement,commune_insee,adresse,latitude,longitude,luminosite,agglomeration,intersection,meteo,collision,nb_vehicules,nb_usagers,nb_indemnes,nb_tues,nb_blesses_hosp,nb_blesses_legers,age_cond_1,age_cond_2,veh_type_cond_1,veh_type_cond_2,lum_code,agg_code,int_code,atm_code,col_code
200600077607,0006-12-26 00:10:00,6,12,26,0,10,690,259,"217, AVENUE FRANCIS DE P",,,Nuit avec éclairage allumé,En agglomération,Hors intersection,Normale,Deux véhicules - arrière,,,,,,,,,,,5,2,1,1,2
200600077608,0006-12-16 16:20:00,6,12,16,16,20,690,199,"14, RUE DU LABOUR",,,Crépuscule ou aube,En agglomération,Hors intersection,Normale,Autre collision,,,,,,,,,,,2,2,1,1,6
200600077609,0006-12-22 14:25:00,6,12,22,14,25,690,259,"0, BOULEVARD IRENE JOLIO",,,Plein jour,En agglomération,Hors intersection,Normale,Deux véhicules - côté,,,,,,,,,,,1,2,1,1,3
200600077610,0006-12-26 10:55:00,6,12,26,10,55,690,259,"65/67, RUE DES MARTYRS D",,,Plein jour,En agglomération,Hors intersection,Normale,Autre collision,,,,,,,,,,,1,2,1,1,6
200600077611,0006-12-30 15:00:00,6,12,30,15,0,690,259,AVENUE CHARLES DE GAULLE,,,Plein jour,En agglomération,Intersection en X,Normale,Deux véhicules - côté,,,,,,,,,,,1,2,2,1,3
200600077612,0006-12-29 11:55:00,6,12,29,11,55,690,259,"0, BOULEVARD DE JODINO",,,Plein jour,En agglomération,Hors intersection,Normale,Trois véhicules et plus - en chaîne,,,,,,,,,,,1,2,1,1,4
200600077613,0006-12-03 12:15:00,6,12,3,12,15,690,264,THIZY  RUE DE,,,Plein jour,En agglomération,Autre intersection,Normale,Autre collision,,,,,,,,,,,1,2,9,1,6
200600077614,0006-12-29 13:25:00,6,12,29,13,25,690,264,BEAUREGARD DE ROUTE,,,Plein jour,En agglomération,Hors intersection,Normale,Deux véhicules - arrière,,,,,,,,,,,1,2,1,1,2
200600077615,0006-12-04 17:35:00,6,12,4,17,35,690,266,"145, AVENUE PAUL KRUGER",,,Nuit avec éclairage allumé,En agglomération,Intersection en X,Pluie forte,Autre collision,,,,,,,,,,,5,2,2,3,6
200600077616,0006-12-01 09:40:00,6,12,1,9,40,690,266,"5, PLACE DES MAISONS NEU",,,Plein jour,En agglomération,Hors intersection,Normale,Deux véhicules - arrière,,,,,,,,,,,1,2,1,1,2
200600077617,0006-12-06 07:10:00,6,12,6,7,10,690,266,"1, COURS EMILE ZOLA",,,Nuit avec éclairage allumé,En agglomération,Intersection en X,Pluie forte,Trois véhicules et plus - collisions multiples,,,,,,,,,,,5,2,2,3,5
200600077618,0006-12-09 00:05:00,6,12,9,0,5,690,266,"265, COURS EMILE ZOLA",,,Nuit avec éclairage allumé,En agglomération,Intersection en X,Normale,Deux véhicules - côté,,,,,,,,,,,5,2,2,1,3
200600077619,0006-12-08 18:20:00,6,12,8,18,20,690,266,RUE FRANCIS DE PRESSENSE,,,Nuit avec éclairage allumé,En agglomération,Intersection en T,Pluie forte,Autre collision,,,,,,,,,,,5,2,3,3,6
200600077620,0006-12-25 06:55:00,6,12,25,6,55,690,266,"1, PONT DE CROIX LUIZET",,,Nuit avec éclairage allumé,En agglomération,Hors intersection,Brouillard / fumée,Deux véhicules - côté,,,,,,,,,,,5,2,1,5,3
200600077621,0006-12-28 18:10:00,6,12,28,18,10,690,266,"136, COURS EMILE ZOLA",,,Nuit avec éclairage allumé,En agglomération,Hors intersection,Normale,Deux véhicules - arrière,,,,,,,,,,,5,2,1,1,2
200600077622,0006-12-30 19:00:00,6,12,30,19,0,690,266,"21, RUE GABRIEL PERI",,,Nuit avec éclairage allumé,En agglomération,Hors intersection,Normale,Autre collision,,,,,,,,,,,5,2,1,1,6
200600077623,0006-12-25 09:30:00,6,12,25,9,30,690,386,"1, BOULEVARD STALINGRAD",,,Plein jour,En agglomération,Hors intersection,Neige / grêle,Deux véhicules - frontale,,,,,,,,,,,1,2,1,4,1
200600077624,0006-12-13 09:45:00,6,12,13,9,45,690,266,"1, COURS TOLSTOI",,,Plein jour,En agglomération,Hors intersection,Normale,Deux véhicules - côté,,,,,,,,,,,1,2,1,1,3
200600077625,0006-12-09 13:00:00,6,12,9,13,0,690,290,RUE JULES FERRY,,,Plein jour,En agglomération,Intersection en X,Pluie légère,Deux véhicules - frontale,,,,,,,,,,,1,2,2,2,1
200600077626,0006-12-07 08:10:00,6,12,7,8,10,690,290,"54, ROUTE DE LYON",,,Crépuscule ou aube,En agglomération,Hors intersection,Normale,Autre collision,,,,,,,,,,,2,2,1,1,6
200600077627,0006-12-16 06:30:00,6,12,16,6,30,690,290,RUE MARECHAL LECLERC,,,Nuit avec éclairage allumé,En agglomération,Hors intersection,Normale,Autre collision,,,,,,,,,,,5,2,1,1,6
200600077628,0006-12-22 18:15:00,6,12,22,18,15,690,290,"0, ROUTE DE GRENOBLE",,,Nuit avec éclairage allumé,En agglomération,Intersection en X,Normale,Deux véhicules - côté,,,,,,,,,,,5,2,2,1,3
200600077629,0006-12-30 07:30:00,6,12,30,7,30,690,290,RUE DE L AVIATION,,,Crépuscule ou aube,En agglomération,Hors intersection,Temps couvert,Deux véhicules - frontale,,,,,,,,,,,2,2,1,8,1
200600077630,0006-12-04 20:25:00,6,12,4,20,25,700,388,RD457,,,Nuit sans éclairage public,Hors agglomération,Hors intersection,Pluie forte,Deux véhicules - côté,,,,,,,,,,,3,1,1,3,3
200600077631,0006-12-15 12:51:00,6,12,15,12,51,700,388,RD457,,,Plein jour,En agglomération,Intersection en T,Normale,Deux véhicules - frontale,,,,,,,,,,,1,2,3,1,1
200600077632,0006-12-13 10:10:00,6,12,13,10,10,700,550,"95, BARON BOUVIER (RUE)",,,Plein jour,En agglomération,Hors intersection,Normale,Deux véhicules - arrière,,,,,,,,,,,1,2,1,1,2
200600077633,0006-12-03 16:50:00,6,12,3,16,50,710,76,MATHIAS (AVENUE),,,Crépuscule ou aube,En agglomération,Hors intersection,Pluie légère,Autre collision,,,,,,,,,,,2,2,1,2,6
200600077634,0006-12-19 10:00:00,6,12,19,10,0,710,76,56 EME RI  (RUE),,,Plein jour,En agglomération,Intersection en X,Normale,Trois véhicules et plus - en chaîne,,,,,,,,,,,1,2,2,1,4
200600077635,0006-12-20 18:20:00,6,12,20,18,20,710,76,MENAND (RUE EMILAND),,,Nuit avec éclairage allumé,En agglomération,Hors intersection,Normale,Autre collision,,,,,,,,,,,5,2,1,1,6
200600077636,0006-12-12 18:10:00,6,12,12,18,10,710,153,MARECHAL FOCH (RUE),,,Nuit avec éclairage allumé,En agglomération,Hors intersection,Normale,Trois véhicules et plus - en chaîne,,,,,,,,,,,5,2,1,1,4
200600077637,0006-12-21 11:00:00,6,12,21,11,0,710,153,"7, CHANZY (RUE DE)",,,Plein jour,En agglomération,Intersection en Y,Normale,Deux véhicules - côté,,,,,,,,,,,1,2,4,1,3
200600077638,0006-12-29 12:10:00,6,12,29,12,10,710,497,GENERAL DE GAULLE (BOULE,,,Crépuscule ou aube,En agglomération,Hors intersection,Normale,Sans collision,,,,,,,,,,,2,2,1,1,7
200600077639,0006-12-05 17:40:00,6,12,5,17,40,710,497,SENNECE (ROUTE DE),,,Nuit avec éclairage allumé,En agglomération,Hors intersection,Normale,Autre collision,,,,,,,,,,,5,2,1,1,6
200600077640,0006-12-06 07:25:00,6,12,6,7,25,710,105,ROUTE DE CHARBONNIERES,,,Nuit sans éclairage public,Hors agglomération,Hors intersection,Normale,Trois véhicules et plus - collisions multiples,,,,,,,,,,,3,1,1,1,5
200600077641,0006-12-08 18:30:00,6,12,8,18,30,710,105,"1, LUMINAIRES (CHEMIN DE",,,Crépuscule ou aube,Hors agglomération,Hors intersection,Pluie légère,Sans collision,,,,,,,,,,,2,1,1,2,7
200600077642,0006-12-11 07:45:00,6,12,11,7,45,710,270,"1, NEUF CLES (BOULEVARD",,,Plein jour,En agglomération,Hors intersection,Normale,Autre collision,,,,,,,,,,,1,2,1,1,6
200600077643,0006-12-13 08:40:00,6,12,13,8,40,710,270,GAULLE (AVENUE DU GENERA,,,Plein jour,En agglomération,Hors intersection,Normale,Trois véhicules et plus - en chaîne,,,,,,,,,,,1,2,1,1,4
200600077644,0006-12-16 09:25:00,6,12,16,9,25,710,270,LYON (ROUTE DE),,,Plein jour,En agglomération,Hors intersection,Normale,Deux véhicules - frontale,,,,,,,,,,,1,2,1,1,1
200600077645,0006-12-17 22:10:00,6,12,17,22,10,710,270,HERRIOT (AVENUE EDOUARD),,,Nuit avec éclairage allumé,En agglomération,Hors intersection,Normale,Sans collision,,,,,,,,,,,5,2,1,1,7
200600077646,0006-12-22 17:25:00,6,12,22,17,25,710,270,LYON (ROUTE DE),,,Nuit avec éclairage allumé,En agglomération,Hors intersection,Brouillard / fumée,Deux véhicules - côté,,,,,,,,,,,5,2,1,5,3
200600077647,0006-12-27 05:45:00,6,12,27,5,45,710,270,MITTERAND (ROND POINT FR,,,Nuit avec éclairage allumé,En agglomération,Hors intersection,Normale,Sans collision,,,,,,,,,,,5,2,1,1,7
200600077648,0006-12-11 10:10:00,6,12,11,10,10,710,306,"1, HENRI BARBUSSE (RUE)",,,Plein jour,En agglomération,Intersection en X,Normale,Deux véhicules - côté,,,,,,,,,,,1,2,2,1,3
200600077649,0006-12-29 03:25:00,6,12,29,3,25,710,306,JEAN BOUVERI (RUE),,,Nuit avec éclairage allumé,En agglomération,Intersection en X,Normale,Autre collision,,,,,,,,,,,5,2,2,1,6
200600077650,0006-12-21 16:25:00,6,12,21,16,25,710,306,"35, ALOUETTES (AVENUE DE",,,Plein jour,En agglomération,Autre intersection,Normale,Deux véhicules - arrière,,,,,,,,,,,1,2,9,1,2
200600077651,0006-12-28 17:20:00,6,12,28,17,20,710,306,"43, ALOUETTES (AVENUE DE",,,Plein jour,En agglomération,Intersection en T,Normale,Deux véhicules - côté,,,,,,,,,,,1,2,3,1,3
200600077652,0006-12-31 03:55:00,6,12,31,3,55,720,95,PARIS (RUE DE),,,Nuit avec éclairage allumé,En agglomération,Hors intersection,Pluie légère,Autre collision,,,,,,,,,,,5,2,1,2,6
200600077653,0006-12-01 08:35:00,6,12,1,8,35,720,181,MENDES FRANCE PIERRE (AV,,,Plein jour,En agglomération,Hors intersection,Normale,Autre collision,,,,,,,,,,,1,2,1,1,6
200600077654,0006-12-01 11:55:00,6,12,1,11,55,720,181,MORANE LEON (RUE),,,Plein jour,En agglomération,Hors intersection,Normale,Deux véhicules - côté,,,,,,,,,,,1,2,1,1,3
200600077655,0006-12-01 15:30:00,6,12,1,15,30,720,181,PATTON GENERAL RTE ST-AU,,,Plein jour,Hors agglomération,Hors intersection,Normale,Deux véhicules - arrière,,,,,,,,,,,1,1,1,1,2
200600077656,0006-12-02 15:30:00,6,12,2,15,30,720,181,"301, LAIGNE RUE DE N° IM",,,Plein jour,En agglomération,Hors intersection,Normale,Autre collision,,,,,,,,,,,1,2,1,1,6
200600077657,0006-12-02 17:00:00,6,12,2,17,0,720,181,DEMORIEUX PAIRS><ROCADE,,,Nuit avec éclairage allumé,En agglomération,Hors intersection,Normale,Autre collision,,,,,,,,,,,5,2,1,1,6
200600077658,0006-12-02 20:45:00,6,12,2,20,45,720,181,SIEYES (RUE),,,Nuit avec éclairage allumé,En agglomération,Hors intersection,Normale,Autre collision,,,,,,,,,,,5,2,1,1,6
200600077659,0006-12-04 08:30:00,6,12,4,8,30,720,181,LAIGNE RUE DE N° PAIRS 1,,,Plein jour,En agglomération,Hors intersection,Pluie légère,Sans collision,,,,,,,,,,,1,2,1,2,7
200600077660,0006-12-04 15:00:00,6,12,4,15,0,720,181,PATTON GENERAL RTE ST-AU,,,Plein jour,Hors agglomération,Hors intersection,Normale,Deux véhicules - arrière,,,,,,,,,,,1,1,1,1,2
200600077661,0006-12-05 07:56:00,6,12,5,7,56,720,181,PADERBORN (AV) N° IMP 5,,,Crépuscule ou aube,En agglomération,Intersection en T,Normale,Deux véhicules - frontale,,,,,,,,,,,2,2,3,1,1
200600077662,0006-12-05 12:10:00,6,12,5,12,10,720,181,"80, FLORE (RUE DE) N° PA",,,Plein jour,En agglomération,Hors intersection,Normale,Deux véhicules - arrière,,,,,,,,,,,1,2,1,1,2
200600077663,0006-12-05 15:00:00,6,12,5,15,0,720,181,"363, GENESLAY FELIX (AV)",,,Plein jour,En agglomération,Hors intersection,Pluie légère,Autre collision,,,,,,,,,,,1,2,1,2,6
200600077664,0006-12-05 15:55:00,6,12,5,15,55,720,3,MOZART (COUR),,,Plein jour,En agglomération,Hors intersection,Pluie légère,Autre collision,,,,,,,,,,,1,2,1,2,6
200600077665,0006-12-05 18:30:00,6,12,5,18,30,720,181,"189, LIBERATION (AV DE L",,,Nuit avec éclairage allumé,En agglomération,Hors intersection,Pluie légère,Deux véhicules - côté,,,,,,,,,,,5,2,1,2,3
200600077666,0006-12-05 18:55:00,6,12,5,18,55,720,181,"322, RHIN ET DANUBE (AV)",,,Nuit avec éclairage allumé,En agglomération,Hors intersection,Pluie légère,Deux véhicules - arrière,,,,,,,,,,,5,2,1,2,2
200600077667,0006-12-05 18:10:00,6,12,5,18,10,720,181,JAURES JEAN (AV) N° PAIR,,,Nuit avec éclairage allumé,En agglomération,Hors intersection,Pluie légère,Autre collision,,,,,,,,,,,5,2,1,2,6
200600077668,0006-12-06 18:15:00,6,12,6,18,15,720,181,DEMORIEUX PT DE FER AU P,,,Nuit avec éclairage allumé,En agglomération,Hors intersection,Normale,Sans collision,,,,,,,,,,,5,2,1,1,7
200600077669,0006-12-08 13:15:00,6,12,8,13,15,720,181,TASCHER (RUE DE),,,Plein jour,En agglomération,Hors intersection,Pluie légère,Autre collision,,,,,,,,,,,1,2,1,2,6
200600077670,0006-12-08 13:45:00,6,12,8,13,45,720,181,"18, CUGNOT NICOLAS (BD)",,,Plein jour,En agglomération,Hors intersection,Pluie légère,Trois véhicules et plus - en chaîne,,,,,,,,,,,1,2,1,2,4
200600077671,0006-12-08 17:05:00,6,12,8,17,5,720,181,CHAMPION HENRI (RUE) N°,,,Nuit avec éclairage allumé,En agglomération,Hors intersection,Pluie légère,Autre collision,,,,,,,,,,,5,2,1,2,6
200600077672,0006-12-11 08:00:00,6,12,11,8,0,720,181,"24, LECLERC GENERAL (AV)",,,Plein jour,En agglomération,Hors intersection,Normale,Autre collision,,,,,,,,,,,1,2,1,1,6
200600077673,0006-12-12 16:50:00,6,12,12,16,50,720,181,"75, PIFFAULT PIERRE (AV)",,,Crépuscule ou aube,En agglomération,Hors intersection,Normale,Autre collision,,,,,,,,,,,2,2,1,1,6
200600077674,0006-12-13 08:00:00,6,12,13,8,0,720,181,LAFAYETTE (SQUARE),,,Crépuscule ou aube,En agglomération,Hors intersection,Normale,Autre collision,,,,,,,,,,,2,2,1,1,6
200600077675,0006-12-13 18:25:00,6,12,13,18,25,720,3,RD 147 E (RTE),,,Nuit avec éclairage allumé,En agglomération,Hors intersection,Normale,Deux véhicules - arrière,,,,,,,,,,,5,2,1,1,2
200600077676,0006-12-13 18:10:00,6,12,13,18,10,720,181,PIFFAULT PIERRE (AV) BES,,,Nuit avec éclairage allumé,En agglomération,Intersection en X,Normale,Deux véhicules - côté,,,,,,,,,,,5,2,2,1,3
200600077677,0006-12-14 10:00:00,6,12,14,10,0,720,181,ESTIENNE D'ORVES (BD D'),,,Plein jour,En agglomération,Hors intersection,Normale,Autre collision,,,,,,,,,,,1,2,1,1,6
200600077678,0006-12-14 18:16:00,6,12,14,18,16,720,181,"123, BOLLEE (AV) N° IMP",,,Nuit avec éclairage allumé,En agglomération,Hors intersection,Normale,Deux véhicules - arrière,,,,,,,,,,,5,2,1,1,2
200600077679,0006-12-15 04:20:00,6,12,15,4,20,720,3,GAULLE CHARLES DE (AV),,,Nuit avec éclairage allumé,En agglomération,Hors intersection,Normale,Autre collision,,,,,,,,,,,5,2,1,1,6
200600077680,0006-12-15 07:40:00,6,12,15,7,40,720,181,CHAMPION HENRI (RUE) N°,,,Plein jour,En agglomération,Hors intersection,Normale,Deux véhicules - côté,,,,,,,,,,,1,2,1,1,3
200600077681,0006-12-15 11:10:00,6,12,15,11,10,720,181,MAC JEAN (AV) N° IMP 1 A,,,Plein jour,En agglomération,Hors intersection,Normale,Autre collision,,,,,,,,,,,1,2,1,1,6
200600077682,0006-12-15 12:30:00,6,12,15,12,30,720,181,"40, MAC JEAN (AV) N° PAI",,,Plein jour,En agglomération,Hors intersection,Normale,Autre collision,,,,,,,,,,,1,2,1,1,6
200600077683,0006-12-17 18:15:00,6,12,17,18,15,720,181,"17, BARBIER (RUE)",,,Nuit avec éclairage allumé,En agglomération,Hors intersection,Normale,Deux véhicules - côté,,,,,,,,,,,5,2,1,1,3
200600077684,0006-12-17 21:40:00,6,12,17,21,40,720,181,NATIONALE (RUE),,,Nuit avec éclairage allumé,En agglomération,Hors intersection,Brouillard / fumée,Deux véhicules - côté,,,,,,,,,,,5,2,1,5,3
200600077685,0006-12-18 09:50:00,6,12,18,9,50,720,181,PREMIERE DIVISION FRANCA,,,Plein jour,Hors agglomération,Hors intersection,Brouillard / fumée,Trois véhicules et plus - en chaîne,,,,,,,,,,,1,1,1,5,4
200600077686,0006-12-18 13:25:00,6,12,18,13,25,720,181,TAVANO FERNAND (RUE),,,Plein jour,En agglomération,Intersection en T,Brouillard / fumée,Deux véhicules - côté,,,,,,,,,,,1,2,3,5,3
200600077687,0006-12-18 18:00:00,6,12,18,18,0,720,95,PARIS (RUE DE),,,Nuit avec éclairage allumé,En agglomération,Hors intersection,Brouillard / fumée,Autre collision,,,,,,,,,,,5,2,1,5,6
200600077688,0006-12-18 17:05:00,6,12,18,17,5,720,181,MARCEAU (RUE),,,Nuit avec éclairage allumé,En agglomération,Intersection en X,Brouillard / fumée,Deux véhicules - côté,,,,,,,,,,,5,2,2,5,3
200600077689,0006-12-18 18:00:00,6,12,18,18,0,720,181,RIFFAUDIERES (BD DES),,,Nuit avec éclairage allumé,Hors agglomération,Hors intersection,Brouillard / fumée,Autre collision,,,,,,,,,,,5,1,1,5,6
200600077690,0006-12-19 11:00:00,6,12,19,11,0,720,181,JACOBINS (PL DES),,,Plein jour,En agglomération,Hors intersection,Normale,Autre collision,,,,,,,,,,,1,2,1,1,6
200600077691,0006-12-19 17:50:00,6,12,19,17,50,720,181,DEGRE (RUE DE) N° IMP DE,,,Nuit avec éclairage allumé,En agglomération,Hors intersection,Normale,Deux véhicules - côté,,,,,,,,,,,5,2,1,1,3
200600077692,0006-12-21 10:00:00,6,12,21,10,0,720,181,"18, MITTERAND FRANCOIS (",,,Plein jour,En agglomération,Hors intersection,Normale,Autre collision,,,,,,,,,,,1,2,1,1,6
200600077693,0006-12-21 18:30:00,6,12,21,18,30,720,181,"287, RHIN ET DANUBE (AV)",,,Nuit avec éclairage allumé,En agglomération,Hors intersection,Normale,Deux véhicules - côté,,,,,,,,,,,5,2,1,1,3
200600077694,0006-12-22 03:45:00,6,12,22,3,45,720,181,AUVRAY (RUE)  N° IMP,,,Nuit avec éclairage allumé,En agglomération,Hors intersection,Normale,Autre collision,,,,,,,,,,,5,2,1,1,6
200600077695,0006-12-22 18:00:00,6,12,22,18,0,720,181,GARE (BD DE LA),,,Nuit avec éclairage allumé,En agglomération,Intersection en X,Normale,Deux véhicules - côté,,,,,,,,,,,5,2,2,1,3
200600077696,0006-12-23 11:30:00,6,12,23,11,30,720,181,MOULIN JEAN (BD) N° PAIR,,,Plein jour,En agglomération,Hors intersection,Neige / grêle,Sans collision,,,,,,,,,,,1,2,1,4,7
200600077697,0006-12-23 12:00:00,6,12,23,12,0,720,3,RD 147 E (RTE),,,Plein jour,Hors agglomération,Intersection en T,Autre,Deux véhicules - côté,,,,,,,,,,,1,1,3,9,3
200600077698,0006-12-23 15:00:00,6,12,23,15,0,720,181,MITTERAND FRANCOIS (AV),,,Plein jour,En agglomération,Hors intersection,Normale,Deux véhicules - arrière,,,,,,,,,,,1,2,1,1,2
200600077699,0006-12-26 16:45:00,6,12,26,16,45,720,3,VC 3 (CHE),,,Plein jour,Hors agglomération,Hors intersection,Normale,Deux véhicules - arrière,,,,,,,,,,,1,1,1,1,2
200600077700,0006-12-27 18:50:00,6,12,27,18,50,720,181,CUGNOT NICOLAS (BD),,,Nuit avec éclairage allumé,En agglomération,Intersection en X,Normale,Deux véhicules - côté,,,,,,,,,,,5,2,2,1,3
200600077701,0006-12-27 20:00:00,6,12,27,20,0,720,181,MESSIAEN OLIVIER (AV) IM,,,Nuit avec éclairage allumé,En agglomération,Hors intersection,Normale,Sans collision,,,,,,,,,,,5,2,1,1,7
200600077702,0006-12-28 08:10:00,6,12,28,8,10,720,181,LIBERATION (AV DE LA) N°,,,Crépuscule ou aube,En agglomération,Intersection en T,Normale,Deux véhicules - côté,,,,,,,,,,,2,2,3,1,3
200600077703,0006-12-28 14:00:00,6,12,28,14,0,720,181,RENAULT (ALLEE) N° PAIRS,,,Plein jour,En agglomération,Intersection en X,Normale,Deux véhicules - côté,,,,,,,,,,,1,2,2,1,3
200600077704,0006-12-28 16:35:00,6,12,28,16,35,720,181,"160, BOLLEE (AV) N° IMP",,,Plein jour,En agglomération,Hors intersection,Normale,Deux véhicules - côté,,,,,,,,,,,1,2,1,1,3
200600077705,0006-12-08 18:50:00,6,12,8,18,50,730,8,"22, SIMOND ST AVENUE",,,Nuit avec éclairage allumé,En agglomération,Hors intersection,Pluie forte,Autre collision,,,,,,,,,,,5,2,1,3,6
200600077706,0006-12-18 16:23:00,6,12,18,16,23,730,8,"2, FLEURS AVENUE DES",,,Plein jour,En agglomération,Hors intersection,Normale,Autre collision,,,,,,,,,,,1,2,1,1,6
200600077707,0006-12-08 17:45:00,6,12,8,17,45,730,11,HUGO (AVENUE VICTOR),,,Nuit avec éclairage allumé,En agglomération,Intersection en X,Pluie forte,Deux véhicules - côté,,,,,,,,,,,5,2,2,3,3
200600077708,0006-12-18 18:55:00,6,12,18,18,55,730,65,COMTE VERT (AVENUE DU),,,Nuit avec éclairage allumé,En agglomération,Hors intersection,Normale,Deux véhicules - frontale,,,,,,,,,,,5,2,1,1,1
200600077709,0006-12-30 09:45:00,6,12,30,9,45,730,65,CLEMENCEAU GEORGES (AVEN,,,Plein jour,En agglomération,Hors intersection,Normale,Autre collision,,,,,,,,,,,1,2,1,1,6
200600077710,0006-12-04 16:05:00,6,12,4,16,5,740,10,"55, FIER (BOULEVARD DU))",,,Plein jour,En agglomération,Hors intersection,Pluie légère,Autre collision,,,,,,,,,,,1,2,1,2,6
200600077711,0006-12-07 14:15:00,6,12,7,14,15,740,10,"21, PARMELAN",,,Plein jour,En agglomération,Hors intersection,Normale,Autre collision,,,,,,,,,,,1,2,1,1,6
200600077712,0006-12-08 11:55:00,6,12,8,11,55,740,10,"5, INDUSTRIE (RUE DE L')",,,Plein jour,En agglomération,Hors intersection,Normale,Autre collision,,,,,,,,,,,1,2,1,1,6
200600077713,0006-12-11 07:25:00,6,12,11,7,25,740,10,MAQUIS (CHEMIN DU),,,Nuit avec éclairage allumé,En agglomération,Intersection en X,Normale,Deux véhicules - côté,,,,,,,,,,,5,2,2,1,3
200600077714,0006-12-12 14:15:00,6,12,12,14,15,740,10,FINS (SECTEUR 410),,,Plein jour,En agglomération,Intersection en T,Normale,Autre collision,,,,,,,,,,,1,2,3,1,6
200600077715,0006-12-12 11:15:00,6,12,12,11,15,740,10,PRESIDENT FAVRE,,,Plein jour,En agglomération,Intersection en X,Normale,Autre collision,,,,,,,,,,,1,2,2,1,6
200600077716,0006-12-29 08:40:00,6,12,29,8,40,740,10,FRANCE (AVENUE)(SECTEUR,,,Plein jour,En agglomération,Intersection en X,Normale,Deux véhicules - côté,,,,,,,,,,,1,2,2,1,3
200600077717,0006-12-06 10:58:00,6,12,6,10,58,740,12,"13, ETREMBIERES (RUE D')",,,Plein jour,En agglomération,Hors intersection,Pluie légère,Autre collision,,,,,,,,,,,1,2,1,2,6
200600077718,0006-12-22 22:35:00,6,12,22,22,35,740,12,"12, ARVE (QUAI D')",,,Nuit avec éclairage allumé,En agglomération,Intersection en X,Normale,Sans collision,,,,,,,,,,,5,2,2,1,7
200600077719,0006-12-04 16:00:00,6,12,4,16,0,740,12,CHABLAIS (RUE DU),,,Plein jour,En agglomération,Intersection en X,Pluie forte,Deux véhicules - côté,,,,,,,,,,,1,2,2,3,3
200600077720,0006-12-02 09:54:00,6,12,2,9,54,740,218,RIVE (AVENUE DE LA)  RN5,,,Plein jour,Hors agglomération,Hors intersection,Normale,Deux véhicules - arrière,,,,,,,,,,,1,1,1,1,2
200600077721,0006-12-15 00:05:00,6,12,15,0,5,740,281,VONGY (ROUTE DE),,,Nuit avec éclairage allumé,En agglomération,Hors intersection,Normale,Autre collision,,,,,,,,,,,5,2,1,1,6
200600077722,0006-12-15 18:05:00,6,12,15,18,5,740,119,ABONDANCE (AVENUE D')  D,,,Nuit avec éclairage allumé,En agglomération,Intersection en Y,Normale,Deux véhicules - côté,,,,,,,,,,,5,2,4,1,3
200600077723,0006-12-10 18:25:00,6,12,10,18,25,750,16,R D AUTEUIL PL JEAN LORR,,,Nuit avec éclairage allumé,En agglomération,Intersection en Y,Normale,Autre collision,,,,,,,,,,,5,2,4,1,6
200600077724,0006-12-10 16:40:00,6,12,10,16,40,750,17,2 PL PORTE MAILLOT,,,Nuit avec éclairage allumé,En agglomération,Hors intersection,Normale,Trois véhicules et plus - en chaîne,,,,,,,,,,,5,2,1,1,4
200600077725,0006-12-10 08:00:00,6,12,10,8,0,750,17,AV PTE DE ST OUEN R TOUL,,,Plein jour,En agglomération,Intersection en X,Normale,Deux véhicules - côté,,,,,,,,,,,1,2,2,1,3
200600077726,0006-12-10 13:00:00,6,12,10,13,0,750,18,134 BD NEY,,,Plein jour,En agglomération,Hors intersection,Normale,Deux véhicules - côté,,,,,,,,,,,1,2,1,1,3
200600077727,0006-12-10 20:15:00,6,12,10,20,15,750,19,R FESSART R LASSUS,,,Nuit avec éclairage allumé,En agglomération,Intersection en T,Normale,Autre collision,,,,,,,,,,,5,2,3,1,6
200600077728,0006-12-10 11:05:00,6,12,10,11,5,750,19,R DE MEAUX AV SECRETAN,,,Plein jour,En agglomération,Intersection en X,Normale,Sans collision,,,,,,,,,,,1,2,2,1,7
200600077729,0006-12-10 04:35:00,6,12,10,4,35,750,19,R GEORGES THILL AV JEAN,,,Nuit avec éclairage allumé,En agglomération,Intersection en T,Normale,Autre collision,,,,,,,,,,,5,2,3,1,6
200600077730,0006-12-10 16:40:00,6,12,10,16,40,750,5,R DES BERNARDINS R MONGE,,,Nuit avec éclairage allumé,En agglomération,Intersection en X,Normale,Deux véhicules - côté,,,,,,,,,,,5,2,2,1,3
200600077731,0006-12-11 07:10:00,6,12,11,7,10,750,1,R DE MARENGO R DE RIVOLI,,,Plein jour,En agglomération,Intersection en X,Pluie légère,Deux véhicules - côté,,,,,,,,,,,1,2,2,2,3
200600077732,0006-12-11 21:40:00,6,12,11,21,40,750,1,R CAMBON BD DE LA MADELE,,,Nuit avec éclairage allumé,En agglomération,Intersection à plus de 4 branches,Pluie légère,Deux véhicules - côté,,,,,,,,,,,5,2,5,2,3
200600077733,0006-12-11 11:35:00,6,12,11,11,35,750,2,R DUSSOUBS R DE REAUMUR,,,Plein jour,En agglomération,Intersection en X,Pluie légère,Deux véhicules - côté,,,,,,,,,,,1,2,2,2,3
200600077734,0006-12-11 15:00:00,6,12,11,15,0,750,2,R FAVART BD DES ITALIENS,,,Plein jour,En agglomération,Intersection en X,Temps couvert,Sans collision,,,,,,,,,,,1,2,2,8,7
200600077735,0006-12-11 11:08:00,6,12,11,11,8,750,2,6 R DE MARIVAUX,,,Plein jour,En agglomération,Hors intersection,Pluie légère,Autre collision,,,,,,,,,,,1,2,1,2,6