accident_id,datetime,annee,mois,jour,heure,minute,departement,commune_insee,adresse,latitude,longitude,luminosite,agglomeration,intersection,meteo,collision,nb_vehicules,nb_usagers,nb_indemnes,nb_tues,nb_blesses_hosp,nb_blesses_legers,age_cond_1,age_cond_2,veh_type_cond_1,veh_type_cond_2,lum_code,agg_code,int_code,atm_code,col_code
200600077736,0006-12-11 18:50:00,6,12,11,18,50,750,2,30 AV DE L OPERA,,,Nuit avec éclairage allumé,En agglomération,Hors intersection,Pluie légère,Autre collision,,,,,,,,,,,5,2,1,2,6
200600077737,0006-12-11 00:30:00,6,12,11,0,30,750,3,70 R DE TURBIGO,,,Nuit avec éclairage allumé,En agglomération,Hors intersection,Normale,Autre collision,,,,,,,,,,,5,2,1,1,6
200600077738,0006-12-11 09:00:00,6,12,11,9,0,750,4,R DU TEMPLE R DE LA VERR,,,Plein jour,En agglomération,Intersection en X,Normale,Deux véhicules - côté,,,,,,,,,,,1,2,2,1,3
200600077739,0006-12-31 21:00:00,6,12,31,21,0,750,9,PL ESTIENNE D ORVES R DE,,,Nuit avec éclairage allumé,En agglomération,Intersection en T,Normale,Autre collision,,,,,,,,,,,5,2,3,1,6
200600077740,0006-12-11 13:05:00,6,12,11,13,5,750,8,AV F ROOSEVELT R LA BOET,,,Plein jour,En agglomération,Intersection en X,Temps couvert,Autre collision,,,,,,,,,,,1,2,2,8,6
200600077741,0006-12-11 13:20:00,6,12,11,13,20,750,8,150 AV CHAMPS ELYSEES,,,Plein jour,En agglomération,Hors intersection,Pluie légère,Sans collision,,,,,,,,,,,1,2,1,2,7
200600077742,0006-12-11 20:25:00,6,12,11,20,25,750,8,CRS ALBERT 1ER PL DU CAN,,,Nuit avec éclairage allumé,En agglomération,Intersection en X,Pluie légère,Autre collision,,,,,,,,,,,5,2,2,2,6
200600077743,0006-12-11 12:00:00,6,12,11,12,0,750,9,R HYPPOLYTE LEBAS R DE M,,,Plein jour,En agglomération,Intersection en T,Pluie légère,Deux véhicules - côté,,,,,,,,,,,1,2,3,2,3
200600077744,0006-12-11 13:40:00,6,12,11,13,40,750,9,36 BD DES ITALIENS,,,Plein jour,En agglomération,Hors intersection,Pluie légère,Autre collision,,,,,,,,,,,1,2,1,2,6
200600077745,0006-12-11 18:15:00,6,12,11,18,15,750,9,BD DES ITALIENS R TAITBO,,,Nuit avec éclairage allumé,En agglomération,Intersection en T,Pluie légère,Deux véhicules - côté,,,,,,,,,,,5,2,3,2,3
200600077746,0006-12-11 14:30:00,6,12,11,14,30,750,9,R BLANCHE R DE DOUAI,,,Plein jour,En agglomération,Intersection en X,Pluie légère,Autre collision,,,,,,,,,,,1,2,2,2,6
200600077747,0006-12-11 14:30:00,6,12,11,14,30,750,11,AV DE LA REPUBLIQUE BD R,,,Plein jour,En agglomération,Intersection en X,Pluie légère,Deux véhicules - côté,,,,,,,,,,,1,2,2,2,3
200600077748,0006-12-11 17:05:00,6,12,11,17,5,750,11,86 BD BEAUMARCHAIS,,,Nuit avec éclairage allumé,En agglomération,Hors intersection,Pluie légère,Autre collision,,,,,,,,,,,5,2,1,2,6
200600077749,0006-12-11 06:40:00,6,12,11,6,40,750,12,L9788 PL DE LA BASTILLE,,,Nuit avec éclairage allumé,En agglomération,Hors intersection,Normale,Deux véhicules - côté,,,,,,,,,,,5,2,1,1,3
200600077750,0006-12-11 08:55:00,6,12,11,8,55,750,12,L13647 QU DE BERCY,,,Plein jour,En agglomération,Hors intersection,Temps couvert,Autre collision,,,,,,,,,,,1,2,1,8,6
200600077751,0006-12-11 18:35:00,6,12,11,18,35,750,12,162 BD DIDEROT,,,Nuit avec éclairage allumé,En agglomération,Hors intersection,Normale,Deux véhicules - côté,,,,,,,,,,,5,2,1,1,3
200600077752,0006-12-11 20:30:00,6,12,11,20,30,750,13,R NEUVE TOLBIAC QU PAN E,,,Nuit avec éclairage allumé,En agglomération,Intersection en X,Pluie légère,Autre collision,,,,,,,,,,,5,2,2,2,6
200600077753,0006-12-11 11:00:00,6,12,11,11,0,750,13,136 R DE TOLBIAC,,,Plein jour,En agglomération,Hors intersection,Temps couvert,Deux véhicules - côté,,,,,,,,,,,1,2,1,8,3
200600077754,0006-12-11 12:55:00,6,12,11,12,55,750,13,R AUGUSTE PERRET AV D IT,,,Plein jour,En agglomération,Intersection en T,Pluie légère,Deux véhicules - arrière,,,,,,,,,,,1,2,3,2,2
200600077755,0006-12-11 18:55:00,6,12,11,18,55,750,13,R BRUNESEAU BD MASSENA,,,Nuit avec éclairage allumé,En agglomération,Intersection en T,Pluie légère,Sans collision,,,,,,,,,,,5,2,3,2,7
200600077756,0006-12-11 10:09:00,6,12,11,10,9,750,14,BD BRUNE PL DU 25 AOUT 1,,,Plein jour,En agglomération,Intersection en X,Normale,Deux véhicules - côté,,,,,,,,,,,1,2,2,1,3
200600077757,0006-12-11 09:40:00,6,12,11,9,40,750,14,AV DENF ROCHEREAU R HENR,,,Plein jour,En agglomération,Intersection en T,Temps couvert,Deux véhicules - côté,,,,,,,,,,,1,2,3,8,3
200600077758,0006-12-11 12:25:00,6,12,11,12,25,750,15,R CAMBRONNE R LECOURBE,,,Plein jour,En agglomération,Intersection à plus de 4 branches,Temps couvert,Autre collision,,,,,,,,,,,1,2,5,8,6
200600077759,0006-12-11 14:35:00,6,12,11,14,35,750,16,30 BD LANNES,,,Plein jour,En agglomération,Hors intersection,Pluie légère,Sans collision,,,,,,,,,,,1,2,1,2,7
200600077760,0006-12-11 20:30:00,6,12,11,20,30,750,16,AV DE VERSAILLES R WILHE,,,Nuit avec éclairage allumé,En agglomération,Intersection en X,Pluie légère,Autre collision,,,,,,,,,,,5,2,2,2,6
200600077761,0006-12-11 22:55:00,6,12,11,22,55,750,16,15 AV PRESIDENT WILSON,,,Nuit avec éclairage allumé,En agglomération,Hors intersection,Pluie légère,Autre collision,,,,,,,,,,,5,2,1,2,6
200600077762,0006-12-11 19:30:00,6,12,11,19,30,750,16,4 R NUNGESSER COLI,,,Nuit avec éclairage allumé,En agglomération,Hors intersection,Pluie légère,Autre collision,,,,,,,,,,,5,2,1,2,6
200600077763,0006-12-11 18:55:00,6,12,11,18,55,750,16,60 AV DE VERSAILLES,,,Nuit avec éclairage allumé,En agglomération,Hors intersection,Pluie légère,Deux véhicules - frontale,,,,,,,,,,,5,2,1,2,1
200600077764,0006-12-11 16:25:00,6,12,11,16,25,750,18,46 R SIMPLON,,,Nuit avec éclairage allumé,En agglomération,Hors intersection,Pluie légère,Deux véhicules - côté,,,,,,,,,,,5,2,1,2,3
200600077765,0006-12-11 20:25:00,6,12,11,20,25,750,18,86 R PH DE GIRARD,,,Nuit avec éclairage allumé,En agglomération,Hors intersection,Pluie légère,Autre collision,,,,,,,,,,,5,2,1,2,6
200600077766,0006-12-11 17:35:00,6,12,11,17,35,750,19,R ARCHEREAU R DE CRIMEE,,,Nuit avec éclairage allumé,En agglomération,Intersection en X,Pluie légère,Deux véhicules - côté,,,,,,,,,,,5,2,2,2,3
200600077767,0006-12-11 20:20:00,6,12,11,20,20,750,20,BD DAVOUT R DES ORTEAUX,,,Nuit avec éclairage allumé,En agglomération,Intersection en T,Pluie légère,Deux véhicules - côté,,,,,,,,,,,5,2,3,2,3
200600077768,0006-12-11 15:50:00,6,12,11,15,50,750,20,R DE BAGNOLET R FLORIAN,,,Plein jour,En agglomération,Intersection en T,Pluie légère,Deux véhicules - côté,,,,,,,,,,,1,2,3,2,3
200600077769,0006-12-06 07:55:00,6,12,6,7,55,750,17,BPI CLICHY SAINT OUEN,,,Plein jour,En agglomération,Hors intersection,Normale,Deux véhicules - côté,,,,,,,,,,,1,2,1,1,3
200600077770,0006-12-07 07:45:00,6,12,7,7,45,750,12,BPE DOREE ST MANDE,,,Crépuscule ou aube,En agglomération,Hors intersection,Pluie légère,Deux véhicules - côté,,,,,,,,,,,2,2,1,2,3
200600077771,0006-12-07 18:20:00,6,12,7,18,20,750,16,BPI Q POINT DU JOUR SAIN,,,Nuit avec éclairage allumé,En agglomération,Hors intersection,Temps couvert,Deux véhicules - côté,,,,,,,,,,,5,2,1,8,3
200600077772,0006-12-07 16:15:00,6,12,7,16,15,750,17,BPI CLICHY SAINT OUEN,,,Plein jour,En agglomération,Hors intersection,Normale,Deux véhicules - côté,,,,,,,,,,,1,2,1,1,3
200600077773,0006-12-08 16:32:00,6,12,8,16,32,750,12,18 R DE REUILLY,,,Plein jour,En agglomération,Hors intersection,Normale,Autre collision,,,,,,,,,,,1,2,1,1,6
200600077774,0006-12-08 18:30:00,6,12,8,18,30,750,16,BPI ST CLOUD MOLITOR,,,Nuit avec éclairage allumé,En agglomération,Hors intersection,Pluie légère,Sans collision,,,,,,,,,,,5,2,1,2,7
200600077775,0006-12-08 23:45:00,6,12,8,23,45,750,17,BPI ASNIERES CLICHY,,,Nuit avec éclairage allumé,En agglomération,Hors intersection,Pluie légère,Autre collision,,,,,,,,,,,5,2,1,2,6
200600077776,0006-12-09 16:35:00,6,12,9,16,35,750,12,RUE DE REUILLY CO SAINT,,,Plein jour,En agglomération,Intersection en T,Normale,Deux véhicules - côté,,,,,,,,,,,1,2,3,1,3
200600077777,0006-12-09 12:10:00,6,12,9,12,10,750,13,BPI ITALIE GENTILLY,,,Plein jour,En agglomération,Hors intersection,Normale,Deux véhicules - arrière,,,,,,,,,,,1,2,1,1,2
200600077778,0006-12-10 22:00:00,6,12,10,22,0,750,12,320 R DE CHARENTON,,,Nuit avec éclairage allumé,En agglomération,Hors intersection,Normale,Sans collision,,,,,,,,,,,5,2,1,1,7
200600077779,0006-12-10 18:45:00,6,12,10,18,45,750,13,BPI GARE IVRY,,,Nuit avec éclairage allumé,En agglomération,Hors intersection,Normale,Deux véhicules - côté,,,,,,,,,,,5,2,1,1,3
200600077780,0006-12-10 05:30:00,6,12,10,5,30,750,18,ECH CLIGNANCOURT AV PTE,,,Nuit avec éclairage allumé,En agglomération,Intersection en Y,Normale,Deux véhicules - côté,,,,,,,,,,,5,2,4,1,3
200600077781,0006-12-11 09:10:00,6,12,11,9,10,750,10,256 R FG SAINT MARTIN,,,Plein jour,En agglomération,Hors intersection,Normale,Deux véhicules - côté,,,,,,,,,,,1,2,1,1,3
200600077782,0006-12-11 14:10:00,6,12,11,14,10,750,10,120 BD DE MAGENTA,,,Plein jour,En agglomération,Hors intersection,Pluie légère,Autre collision,,,,,,,,,,,1,2,1,2,6
200600077783,0006-12-11 17:10:00,6,12,11,17,10,750,10,244 R FG SAINT MARTIN,,,Nuit avec éclairage allumé,En agglomération,Hors intersection,Pluie légère,Autre collision,,,,,,,,,,,5,2,1,2,6
200600077784,0006-12-11 07:25:00,6,12,11,7,25,750,10,21 BD DE MAGENTA,,,Crépuscule ou aube,En agglomération,Hors intersection,Normale,Autre collision,,,,,,,,,,,2,2,1,1,6
200600077785,0006-12-11 08:50:00,6,12,11,8,50,750,17,BPE ASNIERES CHAMPERRET,,,Crépuscule ou aube,En agglomération,Hors intersection,Normale,Deux véhicules - côté,,,,,,,,,,,2,2,1,1,3
200600077786,0006-12-11 08:30:00,6,12,11,8,30,750,17,20 AV MAC MAHON,,,Plein jour,En agglomération,Hors intersection,Normale,Autre collision,,,,,,,,,,,1,2,1,1,6
200600077787,0006-12-11 18:00:00,6,12,11,18,0,750,19,BPE VILLETTE AUBERVILLIE,,,Nuit avec éclairage allumé,En agglomération,Hors intersection,Normale,Deux véhicules - côté,,,,,,,,,,,5,2,1,1,3
200600077788,0006-12-12 05:30:00,6,12,12,5,30,750,10,BD BONNE NOUVELLE R R FG,,,Nuit avec éclairage allumé,En agglomération,Intersection en T,Pluie légère,Autre collision,,,,,,,,,,,5,2,3,2,6
200600077789,0006-12-12 19:20:00,6,12,12,19,20,750,12,BPE DOREE ST MANDE,,,Nuit avec éclairage allumé,En agglomération,Hors intersection,Normale,Deux véhicules - côté,,,,,,,,,,,5,2,1,1,3
200600077790,0006-12-12 11:15:00,6,12,12,11,15,750,16,ECH AUTEUIL,,,Plein jour,En agglomération,Hors intersection,Normale,Sans collision,,,,,,,,,,,1,2,1,1,7
200600077791,0006-12-12 17:10:00,6,12,12,17,10,750,16,BPI AUTEUIL PASSY,,,Nuit avec éclairage allumé,En agglomération,Hors intersection,Normale,Deux véhicules - côté,,,,,,,,,,,5,2,1,1,3
200600077792,0006-12-12 02:35:00,6,12,12,2,35,750,17,PL DU MARECHAL JUIN AV D,,,Nuit avec éclairage allumé,En agglomération,Intersection en X,Pluie légère,Sans collision,,,,,,,,,,,5,2,2,2,7
200600077793,0006-12-12 17:08:00,6,12,12,17,8,750,5,BD SAINT MARCEL R SCIPIO,,,Nuit avec éclairage allumé,En agglomération,Intersection en T,Normale,Autre collision,,,,,,,,,,,5,2,3,1,6
200600077794,0006-12-12 15:15:00,6,12,12,15,15,750,6,R SAINT SULPICE R DE SEI,,,Plein jour,En agglomération,Intersection en X,Normale,Autre collision,,,,,,,,,,,1,2,2,1,6
200600077795,0006-12-12 21:37:00,6,12,12,21,37,750,6,R ABBE GREGOIRE R DU CHE,,,Nuit avec éclairage allumé,En agglomération,Intersection en X,Normale,Deux véhicules - côté,,,,,,,,,,,5,2,2,1,3
200600077796,0006-12-08 07:45:00,6,12,8,7,45,750,13,161 BD AUGUSTE BLANQUI,,,Nuit avec éclairage allumé,En agglomération,Hors intersection,Pluie légère,Autre collision,,,,,,,,,,,5,2,1,2,6
200600077797,0006-12-16 19:50:00,6,12,16,19,50,750,12,BD DE BERCY,,,Nuit avec éclairage allumé,En agglomération,Hors intersection,Normale,Deux véhicules - côté,,,,,,,,,,,5,2,1,1,3
200600077798,0006-12-12 13:00:00,6,12,12,13,0,750,7,R P BLEUET DE FRANCE AV,,,Plein jour,En agglomération,Intersection en T,Normale,Deux véhicules - côté,,,,,,,,,,,1,2,3,1,3
200600077799,0006-12-12 20:30:00,6,12,12,20,30,750,7,30 AV LA MOTTE PICQUET,,,Nuit avec éclairage allumé,En agglomération,Hors intersection,Pluie forte,Deux véhicules - arrière,,,,,,,,,,,5,2,1,3,2
200600077800,0006-12-12 12:35:00,6,12,12,12,35,750,7,64 R DE LILLE,,,Plein jour,En agglomération,Hors intersection,Normale,Deux véhicules - côté,,,,,,,,,,,1,2,1,1,3
200600077801,0006-12-12 17:30:00,6,12,12,17,30,750,8,BD DE COURCELLES R DE CO,,,Nuit avec éclairage allumé,En agglomération,Intersection en X,Normale,Deux véhicules - côté,,,,,,,,,,,5,2,2,1,3
200600077802,0006-12-12 10:45:00,6,12,12,10,45,750,8,BD DE COURCELLES BD MALE,,,Plein jour,En agglomération,Intersection en X,Normale,Autre collision,,,,,,,,,,,1,2,2,1,6
200600077803,0006-12-12 16:00:00,6,12,12,16,0,750,11,R BOULLE BD RICHARD LENO,,,Plein jour,En agglomération,Intersection en T,Normale,Autre collision,,,,,,,,,,,1,2,3,1,6
200600077804,0006-12-12 11:05:00,6,12,12,11,5,750,11,96 BD VOLTAIRE,,,Plein jour,En agglomération,Hors intersection,Normale,Autre collision,,,,,,,,,,,1,2,1,1,6
200600077805,0006-12-12 09:15:00,6,12,12,9,15,750,11,L 2790 AV DU TRONE,,,Plein jour,En agglomération,Hors intersection,Temps couvert,Autre collision,,,,,,,,,,,1,2,1,8,6
200600077806,0006-12-12 10:50:00,6,12,12,10,50,750,12,QU DE BERCY PO DE TOLBIA,,,Plein jour,En agglomération,Intersection en X,Normale,Deux véhicules - côté,,,,,,,,,,,1,2,2,1,3
200600077807,0006-12-12 18:11:00,6,12,12,18,11,750,13,R DU BANQUIER AV DES GOB,,,Nuit avec éclairage allumé,En agglomération,Intersection en T,Normale,Sans collision,,,,,,,,,,,5,2,3,1,7
200600077808,0006-12-12 09:45:00,6,12,12,9,45,750,14,R D ALESIA R DIDOT,,,Plein jour,En agglomération,Intersection en X,Normale,Autre collision,,,,,,,,,,,1,2,2,1,6
200600077809,0006-12-12 09:50:00,6,12,12,9,50,750,14,190 AV DU MAINE,,,Plein jour,En agglomération,Hors intersection,Normale,Autre collision,,,,,,,,,,,1,2,1,1,6
200600077810,0006-12-12 17:08:00,6,12,12,17,8,750,14,AV DENF ROCHEREAU PL DEN,,,Nuit avec éclairage allumé,En agglomération,Intersection en T,Normale,Deux véhicules - côté,,,,,,,,,,,5,2,3,1,3
200600077811,0006-12-12 10:45:00,6,12,12,10,45,750,16,BD EXELMANS AV DE VERSAI,,,Plein jour,En agglomération,Intersection en X,Normale,Deux véhicules - côté,,,,,,,,,,,1,2,2,1,3
200600077812,0006-12-12 12:34:00,6,12,12,12,34,750,16,22 AV GRANDE ARMEE,,,Plein jour,En agglomération,Hors intersection,Normale,Deux véhicules - côté,,,,,,,,,,,1,2,1,1,3
200600077813,0006-12-12 12:35:00,6,12,12,12,35,750,16,R DUFRENOY BD LANNES,,,Plein jour,En agglomération,Intersection en T,Normale,Deux véhicules - côté,,,,,,,,,,,1,2,3,1,3
200600077814,0006-12-12 09:50:00,6,12,12,9,50,750,16,PL DE BARCELONE AV DE VE,,,Plein jour,En agglomération,Intersection en X,Normale,Autre collision,,,,,,,,,,,1,2,2,1,6
200600077815,0006-12-12 16:25:00,6,12,12,16,25,750,17,8 AV PTE CHAMPERRET,,,Plein jour,En agglomération,Hors intersection,Normale,Autre collision,,,,,,,,,,,1,2,1,1,6
200600077816,0006-12-12 10:45:00,6,12,12,10,45,750,17,BD PEREIRE R RENNEQUIN,,,Plein jour,En agglomération,Intersection en X,Normale,Autre collision,,,,,,,,,,,1,2,2,1,6
200600077817,0006-12-12 09:16:00,6,12,12,9,16,750,17,BD DES BATIGNOLLES AV DE,,,Plein jour,En agglomération,Intersection en X,Pluie légère,Sans collision,,,,,,,,,,,1,2,2,2,7
200600077818,0006-12-12 11:25:00,6,12,12,11,25,750,18,BD DE ROCHECHOUART R DE,,,Plein jour,En agglomération,Intersection en X,Normale,Autre collision,,,,,,,,,,,1,2,2,1,6
200600077819,0006-12-12 15:00:00,6,12,12,15,0,750,18,R HERMEL R MARCADET,,,Plein jour,En agglomération,Intersection en X,Normale,Sans collision,,,,,,,,,,,1,2,2,1,7
200600077820,0006-12-12 15:10:00,6,12,12,15,10,750,18,132 R LAMARCK,,,Plein jour,En agglomération,Hors intersection,Normale,Autre collision,,,,,,,,,,,1,2,1,1,6
200600077821,0006-12-12 13:15:00,6,12,12,13,15,750,19,ECH PANTIN PL PORTE DE P,,,Plein jour,En agglomération,Intersection en T,Normale,Deux véhicules - arrière,,,,,,,,,,,1,2,3,1,2
200600077822,0006-12-12 11:30:00,6,12,12,11,30,750,19,106 AV SIMON BOLIVAR,,,Plein jour,En agglomération,Hors intersection,Normale,Deux véhicules - côté,,,,,,,,,,,1,2,1,1,3
200600077823,0006-12-12 15:10:00,6,12,12,15,10,750,19,PL BT DE STALINGRAD BD D,,,Plein jour,En agglomération,Intersection en X,Normale,Deux véhicules - côté,,,,,,,,,,,1,2,2,1,3
200600077824,0006-12-12 14:30:00,6,12,12,14,30,750,20,AV PR A LEMIERE AV PTE D,,,Plein jour,En agglomération,Intersection en X,Normale,Deux véhicules - arrière,,,,,,,,,,,1,2,2,1,2
200600077825,0006-12-12 16:30:00,6,12,12,16,30,750,20,7 PL GAMBETTA,,,Plein jour,En agglomération,Hors intersection,Normale,Autre collision,,,,,,,,,,,1,2,1,1,6
200600077826,0006-12-13 23:20:00,6,12,13,23,20,750,5,50 R CARDINAL LEMOINE,,,Nuit avec éclairage allumé,En agglomération,Hors intersection,Normale,Sans collision,,,,,,,,,,,5,2,1,1,7
200600077827,0006-12-13 22:15:00,6,12,13,22,15,750,7,AV DU MAL GALLIENI QU D,,,Nuit avec éclairage allumé,En agglomération,Intersection en X,Normale,Deux véhicules - côté,,,,,,,,,,,5,2,2,1,3
200600077828,0006-12-13 20:25:00,6,12,13,20,25,750,8,BD HAUSSMANN AV PERCIER,,,Nuit avec éclairage allumé,En agglomération,Intersection en X,Temps couvert,Deux véhicules - côté,,,,,,,,,,,5,2,2,8,3
200600077829,0006-12-13 17:15:00,6,12,13,17,15,750,8,62 BD DE COURCELLES,,,Nuit avec éclairage allumé,En agglomération,Hors intersection,Temps couvert,Deux véhicules - côté,,,,,,,,,,,5,2,1,8,3
200600077830,0006-12-13 22:20:00,6,12,13,22,20,750,9,R HOUDON PL PIGALLE,,,Nuit avec éclairage allumé,En agglomération,Intersection en X,Normale,Deux véhicules - côté,,,,,,,,,,,5,2,2,1,3
200600077831,0006-12-13 15:36:00,6,12,13,15,36,750,9,54 R DE CLICHY,,,Plein jour,En agglomération,Hors intersection,Normale,Autre collision,,,,,,,,,,,1,2,1,1,6
200600077832,0006-12-13 13:00:00,6,12,13,13,0,750,10,16 R DE MARSEILLE,,,Plein jour,En agglomération,Hors intersection,Normale,Autre collision,,,,,,,,,,,1,2,1,1,6
200600077833,0006-12-13 22:15:00,6,12,13,22,15,750,11,R DE MONTREUIL R ROUBO,,,Nuit avec éclairage allumé,En agglomération,Intersection en T,Normale,Autre collision,,,,,,,,,,,5,2,3,1,6
200600077834,0006-12-13 07:50:00,6,12,13,7,50,750,11,10 AV DE LA REPUBLIQUE,,,Nuit avec éclairage allumé,En agglomération,Hors intersection,Normale,Autre collision,,,,,,,,,,,5,2,1,1,6
200600077835,0006-12-13 20:35:00,6,12,13,20,35,750,12,172 BD DIDEROT,,,Nuit avec éclairage allumé,En agglomération,Hors intersection,Normale,Autre collision,,,,,,,,,,,5,2,1,1,6
200600077836,0006-12-13 10:45:00,6,12,13,10,45,750,12,AV DAUMESNIL R HENARD,,,Plein jour,En agglomération,Intersection en X,Normale,Deux véhicules - côté,,,,,,,,,,,1,2,2,1,3
200600077837,0006-12-13 09:55:00,6,12,13,9,55,750,12,R ERNEST LACOSTE BD PONI,,,Plein jour,En agglomération,Intersection en T,Normale,Deux véhicules - côté,,,,,,,,,,,1,2,3,1,3
200600077838,0006-12-13 12:20:00,6,12,13,12,20,750,14,R BOULARD R FROIDEVAUX,,,Plein jour,En agglomération,Intersection en T,Normale,Autre collision,,,,,,,,,,,1,2,3,1,6
200600077839,0006-12-13 08:15:00,6,12,13,8,15,750,14,AV LUCIEN DESCAVES AV P,,,Plein jour,En agglomération,Intersection en T,Normale,Deux véhicules - côté,,,,,,,,,,,1,2,3,1,3
200600077840,0006-12-13 16:05:00,6,12,13,16,5,750,14,70 BD DU MONTPARNASSE,,,Plein jour,En agglomération,Hors intersection,Normale,Autre collision,,,,,,,,,,,1,2,1,1,6
200600077841,0006-12-13 15:05:00,6,12,13,15,5,750,15,10 R VALENTIN HAUY,,,Plein jour,En agglomération,Hors intersection,Normale,Deux véhicules - côté,,,,,,,,,,,1,2,1,1,3
200600077842,0006-12-13 00:20:00,6,12,13,0,20,750,16,ECH MAILLOT,,,Nuit avec éclairage allumé,En agglomération,Hors intersection,Normale,Sans collision,,,,,,,,,,,5,2,1,1,7
200600077843,0006-12-13 17:05:00,6,12,13,17,5,750,17,42 AV NIEL,,,Nuit avec éclairage allumé,En agglomération,Hors intersection,Normale,Autre collision,,,,,,,,,,,5,2,1,1,6
200600077844,0006-12-13 11:20:00,6,12,13,11,20,750,19,R HENRI TUROT BD DE LA V,,,Plein jour,En agglomération,Intersection en T,Normale,Autre collision,,,,,,,,,,,1,2,3,1,6
200600077845,0006-12-13 08:30:00,6,12,13,8,30,750,19,PL AUGUSTE BARON BD COMM,,,Plein jour,En agglomération,Intersection en T,Normale,Autre collision,,,,,,,,,,,1,2,3,1,6
200600077846,0006-12-13 09:10:00,6,12,13,9,10,750,19,96 R DE L OURCQ,,,Plein jour,En agglomération,Hors intersection,Normale,Autre collision,,,,,,,,,,,1,2,1,1,6
200600077847,0006-12-13 15:10:00,6,12,13,15,10,750,20,BD MORTIER AV PORTE DES,,,Plein jour,En agglomération,Intersection en X,Normale,Deux véhicules - côté,,,,,,,,,,,1,2,2,1,3
200600077848,0006-12-14 07:50:00,6,12,14,7,50,750,3,R MESLAY R DU TEMPLE,,,Plein jour,En agglomération,Intersection en Y,Normale,Deux véhicules - côté,,,,,,,,,,,1,2,4,1,3
200600077849,0006-12-14 23:15:00,6,12,14,23,15,750,3,BD SAINT MARTIN R SAINT,,,Nuit avec éclairage allumé,En agglomération,Intersection en X,Normale,Sans collision,,,,,,,,,,,5,2,2,1,7
200600077850,0006-12-14 16:45:00,6,12,14,16,45,750,4,R BEAUTREILLIS R SAINT A,,,Crépuscule ou aube,En agglomération,Intersection en T,Normale,Autre collision,,,,,,,,,,,2,2,3,1,6
200600077851,0006-12-14 11:58:00,6,12,14,11,58,750,5,96 BD DE PORT ROYAL,,,Plein jour,En agglomération,Hors intersection,Normale,Autre collision,,,,,,,,,,,1,2,1,1,6
200600077852,0006-12-14 09:35:00,6,12,14,9,35,750,5,R JUSSIEU R LINNE,,,Plein jour,En agglomération,Intersection en X,Temps couvert,Sans collision,,,,,,,,,,,1,2,2,8,7
200600077853,0006-12-14 03:20:00,6,12,14,3,20,750,7,L2314 PL VAUBAN,,,Nuit avec éclairage allumé,En agglomération,Hors intersection,Normale,Autre collision,,,,,,,,,,,5,2,1,1,6
200600077854,0006-12-14 09:10:00,6,12,14,9,10,750,8,34 R DE ROME,,,Plein jour,En agglomération,Hors intersection,Normale,Deux véhicules - arrière,,,,,,,,,,,1,2,1,1,2
200600077855,0006-12-14 11:15:00,6,12,14,11,15,750,9,R D AMSTERDAM R DE PARME,,,Plein jour,En agglomération,Intersection en T,Normale,Autre collision,,,,,,,,,,,1,2,3,1,6
200600077856,0006-12-14 12:50:00,6,12,14,12,50,750,9,9 BD DE ROCHECHOUART,,,Plein jour,En agglomération,Hors intersection,Normale,Autre collision,,,,,,,,,,,1,2,1,1,6
200600077857,0006-12-14 17:20:00,6,12,14,17,20,750,10,R DU HUIT MAI 1945 BD DE,,,Nuit avec éclairage allumé,En agglomération,Intersection en T,Normale,Deux véhicules - côté,,,,,,,,,,,5,2,3,1,3
200600077858,0006-12-14 16:00:00,6,12,14,16,0,750,10,R SIBOUR BD DE STRASBOUR,,,Plein jour,En agglomération,Intersection en T,Normale,Deux véhicules - côté,,,,,,,,,,,1,2,3,1,3
200600077859,0006-12-14 08:55:00,6,12,14,8,55,750,12,R BARON LE ROY PL LACHAM,,,Plein jour,En agglomération,Intersection en T,Normale,Sans collision,,,,,,,,,,,1,2,3,1,7
200600077860,0006-12-14 09:00:00,6,12,14,9,0,750,12,CO ALSACE LORRAINE R DE,,,Plein jour,En agglomération,Intersection en X,Normale,Deux véhicules - côté,,,,,,,,,,,1,2,2,1,3
200600077861,0006-12-14 09:35:00,6,12,14,9,35,750,16,BPI DAUPHINE MAILLOT,,,Plein jour,En agglomération,Hors intersection,Normale,Deux véhicules - côté,,,,,,,,,,,1,2,1,1,3
200600077862,0006-12-14 08:05:00,6,12,14,8,5,750,15,QU ANDRE CITROEN AV EMIL,,,Plein jour,En agglomération,Intersection en X,Normale,Sans collision,,,,,,,,,,,1,2,2,1,7
200600077863,0006-12-14 14:15:00,6,12,14,14,15,750,16,BPI DAUPHINE MAILLOT,,,Plein jour,En agglomération,Hors intersection,Normale,Deux véhicules - côté,,,,,,,,,,,1,2,1,1,3
200600077864,0006-12-14 10:50:00,6,12,14,10,50,750,16,R VAN LOO AV DE VERSAILL,,,Plein jour,En agglomération,Intersection en T,Normale,Deux véhicules - côté,,,,,,,,,,,1,2,3,1,3
200600077865,0006-12-14 20:00:00,6,12,14,20,0,750,16,BPI MUETTE DAUPHINE,,,Nuit avec éclairage allumé,En agglomération,Hors intersection,Normale,Deux véhicules - côté,,,,,,,,,,,5,2,1,1,3
200600077866,0006-12-14 23:30:00,6,12,14,23,30,750,16,PO D IENA PL DE VARSOVIE,,,Nuit avec éclairage allumé,En agglomération,Intersection en T,Normale,Deux véhicules - arrière,,,,,,,,,,,5,2,3,1,2