accident_id,datetime,annee,mois,jour,heure,minute,departement,commune_insee,adresse,latitude,longitude,luminosite,agglomeration,intersection,meteo,collision,nb_vehicules,nb_usagers,nb_indemnes,nb_tues,nb_blesses_hosp,nb_blesses_legers,age_cond_1,age_cond_2,veh_type_cond_1,veh_type_cond_2,lum_code,agg_code,int_code,atm_code,col_code
200600078257,0006-12-02 12:45:00,6,12,2,12,45,750,11,236 R FG SAINT ANTOINE,,,Plein jour,En agglomération,Hors intersection,Normale,Deux véhicules - côté,,,,,,,,,,,1,2,1,1,3
200600078258,0006-12-19 22:25:00,6,12,19,22,25,750,19,SOU VILLETTE,,,Nuit avec éclairage allumé,En agglomération,Hors intersection,Normale,Autre collision,,,,,,,,,,,5,2,1,1,6
200600078259,0006-12-20 00:55:00,6,12,20,0,55,750,6,R DU CHERCHE MIDI BD DU,,,Nuit avec éclairage allumé,En agglomération,Intersection en X,Normale,Autre collision,,,,,,,,,,,5,2,2,1,6
200600078260,0006-12-02 06:05:00,6,12,2,6,5,750,16,AV DE VERSAILLES R VICTO,,,Nuit avec éclairage allumé,En agglomération,Intersection en T,Normale,Autre collision,,,,,,,,,,,5,2,3,1,6
200600078261,0006-12-02 00:50:00,6,12,2,0,50,750,18,R CUSTINE R HERMEL,,,Nuit avec éclairage allumé,En agglomération,Intersection en T,Normale,Autre collision,,,,,,,,,,,5,2,3,1,6
200600078262,0006-12-02 15:40:00,6,12,2,15,40,750,19,8 R BENJ CONSTANT,,,Plein jour,En agglomération,Hors intersection,Pluie légère,Autre collision,,,,,,,,,,,1,2,1,2,6
200600078263,0006-12-02 15:50:00,6,12,2,15,50,750,20,R CHARLES FRIEDEL R OLIV,,,Plein jour,En agglomération,Intersection en T,Pluie légère,Deux véhicules - arrière,,,,,,,,,,,1,2,3,2,2
200600078264,0006-12-02 02:00:00,6,12,2,2,0,750,20,R D AVRON R DES RASSELIN,,,Nuit avec éclairage allumé,En agglomération,Intersection en T,Normale,Autre collision,,,,,,,,,,,5,2,3,1,6
200600078265,0006-12-03 18:45:00,6,12,3,18,45,750,3,2 BD SAINT MARTIN,,,Nuit avec éclairage allumé,En agglomération,Hors intersection,Pluie légère,Deux véhicules - arrière,,,,,,,,,,,5,2,1,2,2
200600078266,0006-12-03 17:30:00,6,12,3,17,30,750,6,BD RASPAIL R DE RENNES,,,Nuit avec éclairage allumé,En agglomération,Intersection en Y,Pluie légère,Autre collision,,,,,,,,,,,5,2,4,2,6
200600078267,0006-12-03 10:55:00,6,12,3,10,55,750,7,R DES SAINTS PERES R DE,,,Plein jour,En agglomération,Intersection en X,Temps couvert,Deux véhicules - côté,,,,,,,,,,,1,2,2,8,3
200600078268,0006-12-03 01:00:00,6,12,3,1,0,750,9,BD HAUSSMANN R LE PELETI,,,Nuit avec éclairage allumé,En agglomération,Intersection en X,Normale,Autre collision,,,,,,,,,,,5,2,2,1,6
200600078269,0006-12-03 18:00:00,6,12,3,18,0,750,9,R AUBER PL DE L OPERA,,,Nuit avec éclairage allumé,En agglomération,Intersection en T,Pluie légère,Autre collision,,,,,,,,,,,5,2,3,2,6
200600078270,0006-12-03 10:25:00,6,12,3,10,25,750,11,58 R FG SAINT ANTOINE,,,Plein jour,En agglomération,Hors intersection,Temps couvert,Deux véhicules - côté,,,,,,,,,,,1,2,1,8,3
200600078271,0006-12-03 18:50:00,6,12,3,18,50,750,14,24 BD JOURDAN,,,Nuit avec éclairage allumé,En agglomération,Hors intersection,Pluie légère,Sans collision,,,,,,,,,,,5,2,1,2,7
200600078272,0006-12-03 04:17:00,6,12,3,4,17,750,14,82 AV GENERAL LECLERC,,,Nuit avec éclairage allumé,En agglomération,Hors intersection,Normale,Deux véhicules - côté,,,,,,,,,,,5,2,1,1,3
200600078273,0006-12-03 12:20:00,6,12,3,12,20,750,16,L10452 AV MAHATMA GANDHI,,,Plein jour,En agglomération,Hors intersection,Pluie légère,Sans collision,,,,,,,,,,,1,2,1,2,7
200600078274,0006-12-03 14:20:00,6,12,3,14,20,750,19,R DAVID D ANGERS R FRANC,,,Plein jour,En agglomération,Intersection en T,Pluie forte,Deux véhicules - côté,,,,,,,,,,,1,2,3,3,3
200600078275,0006-12-03 12:50:00,6,12,3,12,50,750,19,98 R CURIAL,,,Plein jour,En agglomération,Hors intersection,Pluie légère,Deux véhicules - arrière,,,,,,,,,,,1,2,1,2,2
200600078276,0006-12-03 12:30:00,6,12,3,12,30,750,19,PL AUGUSTE BARON AV PTE,,,Plein jour,En agglomération,Intersection en T,Pluie légère,Deux véhicules - frontale,,,,,,,,,,,1,2,3,2,1
200600078277,0006-12-03 18:05:00,6,12,3,18,5,750,20,CRS DE VINCENNES R GENER,,,Crépuscule ou aube,En agglomération,Intersection en T,Vent fort / tempête,Sans collision,,,,,,,,,,,2,2,3,6,7
200600078278,0006-12-03 20:55:00,6,12,3,20,55,750,20,72 BD DE MENILMONTANT,,,Nuit avec éclairage allumé,En agglomération,Hors intersection,Pluie légère,Sans collision,,,,,,,,,,,5,2,1,2,7
200600078279,0006-12-04 18:45:00,6,12,4,18,45,750,1,PO NEUF QU DES ORFEVRES,,,Nuit avec éclairage allumé,En agglomération,Intersection en X,Pluie légère,Deux véhicules - frontale,,,,,,,,,,,5,2,2,2,1
200600078280,0006-12-04 08:30:00,6,12,4,8,30,750,5,12 QU SAINT BERNARD,,,Plein jour,En agglomération,Hors intersection,Pluie légère,Deux véhicules - côté,,,,,,,,,,,1,2,1,2,3
200600078281,0006-12-04 11:30:00,6,12,4,11,30,750,8,CRS LA REINE PO ALEXANDR,,,Plein jour,En agglomération,Intersection en X,Pluie légère,Sans collision,,,,,,,,,,,1,2,2,2,7
200600078282,0006-12-04 21:32:00,6,12,4,21,32,750,8,L 3122 AV CHAMPS ELYSEES,,,Nuit avec éclairage allumé,En agglomération,Hors intersection,Normale,Sans collision,,,,,,,,,,,5,2,1,1,7
200600078283,0006-12-04 19:50:00,6,12,4,19,50,750,11,50 R DE CHARONNE,,,Nuit avec éclairage allumé,En agglomération,Hors intersection,Pluie légère,Deux véhicules - côté,,,,,,,,,,,5,2,1,2,3
200600078284,0006-12-04 17:08:00,6,12,4,17,8,750,11,R SEDAINE BD VOLTAIRE,,,Crépuscule ou aube,En agglomération,Intersection en X,Normale,Autre collision,,,,,,,,,,,2,2,2,1,6
200600078285,0006-12-04 18:55:00,6,12,4,18,55,750,12,84 AV DE SAINT MANDE,,,Nuit avec éclairage allumé,En agglomération,Hors intersection,Pluie légère,Autre collision,,,,,,,,,,,5,2,1,2,6
200600078286,0006-12-20 08:20:00,6,12,20,8,20,750,12,BPI CHARENTON BERCY,,,Plein jour,En agglomération,Hors intersection,Normale,Trois véhicules et plus - en chaîne,,,,,,,,,,,1,2,1,1,4
200600078287,0006-12-04 14:25:00,6,12,4,14,25,750,13,58 BD AUGUSTE BLANQUI,,,Plein jour,En agglomération,Hors intersection,Temps couvert,Deux véhicules - côté,,,,,,,,,,,1,2,1,8,3
200600078288,0006-12-04 10:50:00,6,12,4,10,50,750,13,AV D ITALIE R VANDREZANN,,,Plein jour,En agglomération,Intersection en X,Pluie légère,Autre collision,,,,,,,,,,,1,2,2,2,6
200600078289,0006-12-04 19:50:00,6,12,4,19,50,750,14,R LEGION ETRANGERE BD RO,,,Nuit avec éclairage allumé,En agglomération,Intersection en X,Pluie légère,Deux véhicules - côté,,,,,,,,,,,5,2,2,2,3
200600078290,0006-12-04 11:15:00,6,12,4,11,15,750,15,QU A CITROEN R LA CONVEN,,,Plein jour,En agglomération,Intersection en X,Pluie légère,Deux véhicules - côté,,,,,,,,,,,1,2,2,2,3
200600078291,0006-12-04 08:50:00,6,12,4,8,50,750,15,104 R CAMBRONNE,,,Plein jour,En agglomération,Hors intersection,Pluie légère,Deux véhicules - côté,,,,,,,,,,,1,2,1,2,3
200600078292,0006-12-04 12:10:00,6,12,4,12,10,750,15,R AUGUSTE DORCHAIN R JOS,,,Plein jour,En agglomération,Intersection en X,Pluie légère,Deux véhicules - côté,,,,,,,,,,,1,2,2,2,3
200600078293,0006-12-04 17:17:00,6,12,4,17,17,750,16,R BOISSIERE PL VICTOR HU,,,Nuit avec éclairage allumé,En agglomération,Intersection en T,Pluie légère,Sans collision,,,,,,,,,,,5,2,3,2,7
200600078294,0006-12-04 08:05:00,6,12,4,8,5,750,19,R REBEVAL BD DE LA VILLE,,,Plein jour,En agglomération,Intersection en X,Pluie forte,Autre collision,,,,,,,,,,,1,2,2,3,6
200600078295,0006-12-04 12:15:00,6,12,4,12,15,750,19,QU DE LA CHARENTE BD MAC,,,Plein jour,En agglomération,Intersection en T,Normale,Autre collision,,,,,,,,,,,1,2,3,1,6
200600078296,0006-12-04 15:45:00,6,12,4,15,45,750,19,77 R MANIN,,,Plein jour,En agglomération,Hors intersection,Normale,Autre collision,,,,,,,,,,,1,2,1,1,6
200600078297,0006-12-04 12:10:00,6,12,4,12,10,750,20,R DE LA CHINE AV GAMBETT,,,Plein jour,En agglomération,Intersection en X,Pluie légère,Autre collision,,,,,,,,,,,1,2,2,2,6
200600078298,0006-12-05 12:38:00,6,12,5,12,38,750,3,R AUX OURS R SAINT MARTI,,,Plein jour,En agglomération,Intersection en X,Normale,Autre collision,,,,,,,,,,,1,2,2,1,6
200600078299,0006-12-05 16:20:00,6,12,5,16,20,750,8,4 AV HOCHE,,,Nuit avec éclairage allumé,En agglomération,Hors intersection,Pluie légère,Deux véhicules - côté,,,,,,,,,,,5,2,1,2,3
200600078300,0006-12-05 12:05:00,6,12,5,12,5,750,8,268 R FG SAINT HONORE,,,Plein jour,En agglomération,Hors intersection,Normale,Deux véhicules - côté,,,,,,,,,,,1,2,1,1,3
200600078301,0006-12-05 14:50:00,6,12,5,14,50,750,8,12 CRS ALBERT 1ER,,,Plein jour,En agglomération,Hors intersection,Temps couvert,Trois véhicules et plus - en chaîne,,,,,,,,,,,1,2,1,8,4
200600078302,0006-12-05 14:30:00,6,12,5,14,30,750,9,R D AMSTERDAM R DE LIEGE,,,Plein jour,En agglomération,Intersection en X,Normale,Deux véhicules - arrière,,,,,,,,,,,1,2,2,1,2
200600078303,0006-12-05 16:20:00,6,12,5,16,20,750,9,R DE CAUMARTIN R SAINT L,,,Nuit avec éclairage allumé,En agglomération,Intersection en T,Pluie légère,Autre collision,,,,,,,,,,,5,2,3,2,6
200600078304,0006-12-05 14:40:00,6,12,5,14,40,750,11,R AMELOT BD VOLTAIRE,,,Plein jour,En agglomération,Intersection en X,Normale,Deux véhicules - côté,,,,,,,,,,,1,2,2,1,3
200600078305,0006-12-05 11:40:00,6,12,5,11,40,750,12,82 R DU CHAROLAIS,,,Plein jour,En agglomération,Hors intersection,Normale,Autre collision,,,,,,,,,,,1,2,1,1,6
200600078306,0006-12-05 17:25:00,6,12,5,17,25,750,12,R DE CHARENTON R PROUDHO,,,Nuit avec éclairage allumé,En agglomération,Intersection en T,Pluie légère,Autre collision,,,,,,,,,,,5,2,3,2,6
200600078307,0006-12-05 22:45:00,6,12,5,22,45,750,13,26 AV D ITALIE,,,Nuit avec éclairage allumé,En agglomération,Hors intersection,Pluie légère,Deux véhicules - côté,,,,,,,,,,,5,2,1,2,3
200600078308,0006-12-05 20:58:00,6,12,5,20,58,750,15,R ENTREPRENEURS R DE LA,,,Nuit avec éclairage allumé,En agglomération,Intersection en X,Pluie légère,Autre collision,,,,,,,,,,,5,2,2,2,6
200600078309,0006-12-05 13:40:00,6,12,5,13,40,750,17,AV GRANDE ARMEE PL YVON,,,Plein jour,En agglomération,Intersection en X,Normale,Deux véhicules - côté,,,,,,,,,,,1,2,2,1,3
200600078310,0006-12-05 22:10:00,6,12,5,22,10,750,17,R GUERSANT BD PEREIRE,,,Nuit avec éclairage allumé,En agglomération,Intersection en X,Temps couvert,Autre collision,,,,,,,,,,,5,2,2,8,6
200600078311,0006-12-05 17:25:00,6,12,5,17,25,750,20,12 R DE BELLEVILLE,,,Nuit avec éclairage allumé,En agglomération,Hors intersection,Pluie légère,Autre collision,,,,,,,,,,,5,2,1,2,6
200600078312,0006-12-05 18:20:00,6,12,5,18,20,750,20,222 R DES PYRENEES,,,Nuit avec éclairage allumé,En agglomération,Hors intersection,Pluie légère,Sans collision,,,,,,,,,,,5,2,1,2,7
200600078313,0006-12-06 11:10:00,6,12,6,11,10,750,2,BD DES ITALIENS R DE LA,,,Plein jour,En agglomération,Intersection en X,Normale,Deux véhicules - côté,,,,,,,,,,,1,2,2,1,3
200600078314,0006-12-06 13:50:00,6,12,6,13,50,750,4,10 R DE RIVOLI,,,Plein jour,En agglomération,Hors intersection,Normale,Sans collision,,,,,,,,,,,1,2,1,1,7
200600078315,0006-12-06 15:35:00,6,12,6,15,35,750,8,12 AV HOCHE,,,Plein jour,En agglomération,Hors intersection,Normale,Deux véhicules - côté,,,,,,,,,,,1,2,1,1,3
200600078316,0006-12-06 22:14:00,6,12,6,22,14,750,8,R DE COURCELLES PL GENER,,,Nuit avec éclairage allumé,En agglomération,Intersection en X,Normale,Deux véhicules - côté,,,,,,,,,,,5,2,2,1,3
200600078317,0006-12-06 15:45:00,6,12,6,15,45,750,12,146 AV DAUMESNIL,,,Plein jour,En agglomération,Hors intersection,Normale,Autre collision,,,,,,,,,,,1,2,1,1,6
200600078318,0006-12-06 12:30:00,6,12,6,12,30,750,13,8 R CAILLAUX,,,Plein jour,En agglomération,Hors intersection,Normale,Deux véhicules - côté,,,,,,,,,,,1,2,1,1,3
200600078319,0006-12-06 22:46:00,6,12,6,22,46,750,15,ECH ISSY MOULINEAUX QU I,,,Nuit avec éclairage allumé,En agglomération,Intersection en Y,Normale,Deux véhicules - côté,,,,,,,,,,,5,2,4,1,3
200600078320,0006-12-06 18:10:00,6,12,6,18,10,750,19,R BURNOUF BD DE LA VILLE,,,Nuit avec éclairage allumé,En agglomération,Intersection en Y,Normale,Autre collision,,,,,,,,,,,5,2,4,1,6
200600078321,0006-12-06 18:05:00,6,12,6,18,5,750,19,104 AV DE FLANDRE,,,Nuit avec éclairage allumé,En agglomération,Hors intersection,Normale,Autre collision,,,,,,,,,,,5,2,1,1,6
200600078322,0006-12-06 13:25:00,6,12,6,13,25,750,19,21 AV CORENTIN CARIOU,,,Plein jour,En agglomération,Hors intersection,Normale,Sans collision,,,,,,,,,,,1,2,1,1,7
200600078323,0006-12-06 12:15:00,6,12,6,12,15,750,20,16 R DES MARONITES,,,Plein jour,En agglomération,Hors intersection,Normale,Sans collision,,,,,,,,,,,1,2,1,1,7
200600078324,0006-12-06 07:50:00,6,12,6,7,50,750,20,14 R PELLEPORT,,,Plein jour,En agglomération,Hors intersection,Normale,Autre collision,,,,,,,,,,,1,2,1,1,6
200600078325,0006-12-07 13:45:00,6,12,7,13,45,750,1,R DE CASTIGLIONE PL VEND,,,Plein jour,En agglomération,Intersection en T,Temps couvert,Deux véhicules - côté,,,,,,,,,,,1,2,3,8,3
200600078326,0006-12-07 15:00:00,6,12,7,15,0,750,3,R DU TEMPLE R DE TURBIGO,,,Plein jour,En agglomération,Intersection en Y,Pluie légère,Sans collision,,,,,,,,,,,1,2,4,2,7
200600078327,0006-12-07 10:20:00,6,12,7,10,20,750,12,30 R TAINE,,,Plein jour,En agglomération,Hors intersection,Pluie forte,Deux véhicules - côté,,,,,,,,,,,1,2,1,3,3
200600078328,0006-12-07 16:45:00,6,12,7,16,45,750,12,26 R TAINE,,,Crépuscule ou aube,En agglomération,Hors intersection,Temps couvert,Autre collision,,,,,,,,,,,2,2,1,8,6
200600078329,0006-12-07 09:20:00,6,12,7,9,20,750,12,RTE ASILE NATIONAL AV DA,,,Plein jour,En agglomération,Intersection en T,Pluie légère,Autre collision,,,,,,,,,,,1,2,3,2,6
200600078330,0006-12-07 14:50:00,6,12,7,14,50,750,13,106 AV D ITALIE,,,Plein jour,En agglomération,Hors intersection,Pluie légère,Deux véhicules - côté,,,,,,,,,,,1,2,1,2,3
200600078331,0006-12-07 11:20:00,6,12,7,11,20,750,15,82 AV EMILE ZOLA,,,Plein jour,En agglomération,Hors intersection,Pluie légère,Deux véhicules - arrière,,,,,,,,,,,1,2,1,2,2
200600078332,0006-12-07 01:20:00,6,12,7,1,20,750,16,R COPERNIC AV KLEBER,,,Nuit avec éclairage allumé,En agglomération,Intersection en X,Normale,Deux véhicules - côté,,,,,,,,,,,5,2,2,1,3
200600078333,0006-12-07 09:20:00,6,12,7,9,20,750,20,138 AV GAMBETTA,,,Plein jour,En agglomération,Hors intersection,Pluie légère,Autre collision,,,,,,,,,,,1,2,1,2,6
200600078334,0006-12-08 08:15:00,6,12,8,8,15,750,3,BD SAINT MARTIN R SAINT,,,Plein jour,En agglomération,Intersection en T,Pluie légère,Deux véhicules - côté,,,,,,,,,,,1,2,3,2,3
200600078335,0006-12-08 09:30:00,6,12,8,9,30,750,12,R GEN DE L DE CARY R ESC,,,Plein jour,En agglomération,Intersection en Y,Pluie forte,Deux véhicules - côté,,,,,,,,,,,1,2,4,3,3
200600078336,0006-12-20 19:15:00,6,12,20,19,15,750,12,L11637 Q DE BERCY,,,Nuit avec éclairage allumé,En agglomération,Hors intersection,Normale,Deux véhicules - arrière,,,,,,,,,,,5,2,1,1,2
200600078337,0006-12-08 06:50:00,6,12,8,6,50,750,13,AV D ITALIE R TAGORE,,,Nuit avec éclairage allumé,En agglomération,Intersection en T,Pluie forte,Deux véhicules - côté,,,,,,,,,,,5,2,3,3,3
200600078338,0006-12-08 08:55:00,6,12,8,8,55,750,13,R GANDON BD MASSENA,,,Plein jour,En agglomération,Intersection en T,Pluie légère,Autre collision,,,,,,,,,,,1,2,3,2,6
200600078339,0006-12-08 07:10:00,6,12,8,7,10,750,13,AV PORTE D ITALIE ECH IT,,,Nuit avec éclairage allumé,En agglomération,Intersection en T,Pluie forte,Deux véhicules - côté,,,,,,,,,,,5,2,3,3,3
200600078340,0006-12-02 14:10:00,6,12,2,14,10,750,16,R GEORGE SAND AV MOZART,,,Plein jour,En agglomération,Intersection en X,Temps couvert,Sans collision,,,,,,,,,,,1,2,2,8,7
200600078341,0006-12-21 08:50:00,6,12,21,8,50,750,17,BPE ASNIERES CHAMPERRET,,,Plein jour,En agglomération,Hors intersection,Normale,Autre collision,,,,,,,,,,,1,2,1,1,6
200600078342,0006-12-22 09:05:00,6,12,22,9,5,750,13,88 AV D ITALIE,,,Plein jour,En agglomération,Hors intersection,Normale,Autre collision,,,,,,,,,,,1,2,1,1,6
200600078343,0006-12-21 10:03:00,6,12,21,10,3,750,13,116 BD DE L HOPITAL,,,Plein jour,En agglomération,Hors intersection,Normale,Deux véhicules - côté,,,,,,,,,,,1,2,1,1,3
200600078344,0006-12-01 08:00:00,6,12,1,8,0,750,17,80 BD DES BATIGNOLLES,,,Plein jour,En agglomération,Hors intersection,Normale,Deux véhicules - côté,,,,,,,,,,,1,2,1,1,3
200600078345,0006-12-01 14:29:00,6,12,1,14,29,750,17,253 BD PEREIRE,,,Plein jour,En agglomération,Hors intersection,Normale,Sans collision,,,,,,,,,,,1,2,1,1,7
200600078346,0006-12-01 11:50:00,6,12,1,11,50,750,17,AV DE CLICHY R DES DAMES,,,Plein jour,En agglomération,Intersection en T,Normale,Trois véhicules et plus - en chaîne,,,,,,,,,,,1,2,3,1,4
200600078347,0006-12-23 04:30:00,6,12,23,4,30,750,13,AV D ITALIE R DU TAGE,,,Nuit avec éclairage allumé,En agglomération,Intersection en T,Normale,Deux véhicules - côté,,,,,,,,,,,5,2,3,1,3
200600078348,0006-12-01 14:20:00,6,12,1,14,20,750,17,136 R DE TOCQUEVILLE,,,Plein jour,En agglomération,Hors intersection,Normale,Autre collision,,,,,,,,,,,1,2,1,1,6
200600078349,0006-12-02 16:45:00,6,12,2,16,45,750,12,BPI CHARENTON BERCY,,,Plein jour,En agglomération,Hors intersection,Normale,Autre collision,,,,,,,,,,,1,2,1,1,6
200600078350,0006-12-02 19:30:00,6,12,2,19,30,750,15,BPE QU ISSY  LES MLX  SE,,,Nuit avec éclairage allumé,En agglomération,Hors intersection,Pluie légère,Deux véhicules - côté,,,,,,,,,,,5,2,1,2,3
200600078351,0006-12-02 12:15:00,6,12,2,12,15,750,17,R DU DEBARCADERE BD PERE,,,Plein jour,En agglomération,Intersection en Y,Normale,Autre collision,,,,,,,,,,,1,2,4,1,6
200600078352,0006-12-03 23:50:00,6,12,3,23,50,750,10,56 QU DE JEMMAPES,,,Nuit avec éclairage allumé,En agglomération,Hors intersection,Normale,Autre collision,,,,,,,,,,,5,2,1,1,6
200600078353,0006-12-03 14:00:00,6,12,3,14,0,750,16,BPI AUTEUIL PASSY ECH AU,,,Plein jour,En agglomération,Intersection en Y,Normale,Trois véhicules et plus - collisions multiples,,,,,,,,,,,1,2,4,1,5
200600078354,0006-12-03 19:00:00,6,12,3,19,0,750,19,BPI AUBERVILLIERS VILLET,,,Crépuscule ou aube,En agglomération,Hors intersection,Temps couvert,Deux véhicules - arrière,,,,,,,,,,,2,2,1,8,2
200600078355,0006-12-27 03:25:00,6,12,27,3,25,750,11,BD RICHARD LENOIR R SEDA,,,Nuit avec éclairage allumé,En agglomération,Intersection en X,Normale,Autre collision,,,,,,,,,,,5,2,2,1,6
200600078356,0006-12-04 19:00:00,6,12,4,19,0,750,8,56 AV CHAMPS ELYSEES,,,Nuit avec éclairage allumé,En agglomération,Hors intersection,Pluie légère,Deux véhicules - arrière,,,,,,,,,,,5,2,1,2,2
200600078357,0006-12-04 11:35:00,6,12,4,11,35,750,18,R LAGHOUAT R STEPHENSON,,,Plein jour,En agglomération,Intersection en T,Normale,Autre collision,,,,,,,,,,,1,2,3,1,6
200600078358,0006-12-04 12:50:00,6,12,4,12,50,750,13,BPI ITALIE GENTILLY,,,Plein jour,En agglomération,Hors intersection,Normale,Deux véhicules - côté,,,,,,,,,,,1,2,1,1,3
200600078359,0006-12-04 13:25:00,6,12,4,13,25,750,11,R DE CHARONNE R TROUSSEA,,,Plein jour,En agglomération,Intersection en X,Pluie légère,Autre collision,,,,,,,,,,,1,2,2,2,6
200600078360,0006-12-05 18:45:00,6,12,5,18,45,750,17,AV CIM BATIGNOLLES AV PO,,,Nuit avec éclairage allumé,En agglomération,Intersection en T,Pluie légère,Deux véhicules - côté,,,,,,,,,,,5,2,3,2,3
200600078361,0006-12-06 18:45:00,6,12,6,18,45,750,10,148 BD DE MAGENTA,,,Nuit avec éclairage allumé,En agglomération,Hors intersection,Normale,Deux véhicules - arrière,,,,,,,,,,,5,2,1,1,2
200600078362,0006-12-06 17:20:00,6,12,6,17,20,750,14,R FERRUS BD SAINT JACQUE,,,Nuit avec éclairage allumé,En agglomération,Intersection en X,Normale,Autre collision,,,,,,,,,,,5,2,2,1,6
200600078363,0006-12-06 12:15:00,6,12,6,12,15,750,14,BD DU MONTPARNASSE BD RA,,,Plein jour,En agglomération,Intersection en T,Normale,Autre collision,,,,,,,,,,,1,2,3,1,6
200600078364,0006-12-07 11:00:00,6,12,7,11,0,750,2,BD SAINT DENIS R SAINT D,,,Plein jour,En agglomération,Intersection en T,Pluie légère,Deux véhicules - côté,,,,,,,,,,,1,2,3,2,3
200600078365,0006-12-07 08:45:00,6,12,7,8,45,750,5,R BUFFON BD DE L HOPITAL,,,Plein jour,En agglomération,Intersection en Y,Pluie légère,Autre collision,,,,,,,,,,,1,2,4,2,6
200600078366,0006-12-07 09:00:00,6,12,7,9,0,750,5,34 R FOSS ST BERNARD,,,Plein jour,En agglomération,Hors intersection,Pluie légère,Deux véhicules - côté,,,,,,,,,,,1,2,1,2,3
200600078367,0006-12-07 09:10:00,6,12,7,9,10,750,5,R GAY LUSSAC R DES URSUL,,,Plein jour,En agglomération,Intersection en X,Pluie légère,Deux véhicules - côté,,,,,,,,,,,1,2,2,2,3
200600078368,0006-12-07 12:00:00,6,12,7,12,0,750,6,44 R DE SEVRES,,,Plein jour,En agglomération,Hors intersection,Pluie légère,Deux véhicules - arrière,,,,,,,,,,,1,2,1,2,2
200600078369,0006-12-07 16:50:00,6,12,7,16,50,750,7,AV DU MAL GALLIENI R DE,,,Plein jour,En agglomération,Intersection en X,Normale,Deux véhicules - côté,,,,,,,,,,,1,2,2,1,3
200600078370,0006-12-07 20:20:00,6,12,7,20,20,750,8,2 R ROYALE,,,Nuit avec éclairage allumé,En agglomération,Hors intersection,Normale,Autre collision,,,,,,,,,,,5,2,1,1,6
200600078371,0006-12-07 20:15:00,6,12,7,20,15,750,8,92 AV CHAMPS ELYSEES,,,Nuit avec éclairage allumé,En agglomération,Hors intersection,Normale,Deux véhicules - côté,,,,,,,,,,,5,2,1,1,3
200600078372,0006-12-07 19:55:00,6,12,7,19,55,750,11,R DE CHARONNE R FG SAINT,,,Nuit avec éclairage allumé,En agglomération,Intersection en T,Pluie légère,Deux véhicules - côté,,,,,,,,,,,5,2,3,2,3
200600078373,0006-12-07 19:50:00,6,12,7,19,50,750,11,62 R DE LA ROQUETTE,,,Nuit avec éclairage allumé,En agglomération,Hors intersection,Normale,Autre collision,,,,,,,,,,,5,2,1,1,6
200600078374,0006-12-07 08:45:00,6,12,7,8,45,750,11,54 R DU FG DU TEMPLE,,,Plein jour,En agglomération,Hors intersection,Pluie forte,Sans collision,,,,,,,,,,,1,2,1,3,7
200600078375,0006-12-07 15:15:00,6,12,7,15,15,750,11,56 BD VOLTAIRE,,,Plein jour,En agglomération,Hors intersection,Normale,Deux véhicules - arrière,,,,,,,,,,,1,2,1,1,2
200600078376,0006-12-07 20:04:00,6,12,7,20,4,750,12,L2556 RTE DE LA PYRAMIDE,,,Nuit avec éclairage allumé,En agglomération,Hors intersection,Pluie légère,Deux véhicules - arrière,,,,,,,,,,,5,2,1,2,2
200600078377,0006-12-07 08:30:00,6,12,7,8,30,750,12,BPI SAINT MANDE DOREE,,,Plein jour,En agglomération,Hors intersection,Pluie légère,Trois véhicules et plus - en chaîne,,,,,,,,,,,1,2,1,2,4
200600078378,0006-12-07 08:50:00,6,12,7,8,50,750,14,PL DENF ROCHEREAU BD SAI,,,Plein jour,En agglomération,Intersection à plus de 4 branches,Pluie légère,Sans collision,,,,,,,,,,,1,2,5,2,7
200600078379,0006-12-07 00:04:00,6,12,7,0,4,750,15,BPE PLAINE BRANCION,,,Nuit avec éclairage allumé,En agglomération,Hors intersection,Normale,Sans collision,,,,,,,,,,,5,2,1,1,7
200600078380,0006-12-07 16:10:00,6,12,7,16,10,750,15,318 R LECOURBE,,,Plein jour,En agglomération,Hors intersection,Normale,Autre collision,,,,,,,,,,,1,2,1,1,6
200600078381,0006-12-07 23:30:00,6,12,7,23,30,750,16,AV FOCH PL MAL DE TASSIG,,,Nuit avec éclairage allumé,En agglomération,Intersection à plus de 4 branches,Normale,Deux véhicules - côté,,,,,,,,,,,5,2,5,1,3
200600078382,0006-12-07 15:55:00,6,12,7,15,55,750,16,48 AV MOZART,,,Plein jour,En agglomération,Hors intersection,Temps couvert,Autre collision,,,,,,,,,,,1,2,1,8,6
200600078383,0006-12-07 08:20:00,6,12,7,8,20,750,17,SOU CHAMPERRET,,,Plein jour,En agglomération,Hors intersection,Pluie légère,Deux véhicules - côté,,,,,,,,,,,1,2,1,2,3
200600078384,0006-12-07 08:05:00,6,12,7,8,5,750,18,R DOUDEAUVILLE R MARX DO,,,Plein jour,En agglomération,Intersection en X,Pluie légère,Autre collision,,,,,,,,,,,1,2,2,2,6
200600078385,0006-12-07 10:50:00,6,12,7,10,50,750,19,R DE MEAUX AV SECRETAN,,,Plein jour,En agglomération,Intersection en X,Pluie légère,Autre collision,,,,,,,,,,,1,2,2,2,6
200600078386,0006-12-07 16:19:00,6,12,7,16,19,750,20,R ORFILA R DES PYRENEES,,,Plein jour,En agglomération,Intersection en X,Pluie légère,Autre collision,,,,,,,,,,,1,2,2,2,6
200600078387,0006-12-07 15:00:00,6,12,7,15,0,750,20,R BELGRAND PL PORTE BAGN,,,Plein jour,En agglomération,Intersection en T,Pluie légère,Autre collision,,,,,,,,,,,1,2,3,2,6