accident_id,datetime,annee,mois,jour,heure,minute,departement,commune_insee,adresse,latitude,longitude,luminosite,agglomeration,intersection,meteo,collision,nb_vehicules,nb_usagers,nb_indemnes,nb_tues,nb_blesses_hosp,nb_blesses_legers,age_cond_1,age_cond_2,veh_type_cond_1,veh_type_cond_2,lum_code,agg_code,int_code,atm_code,col_code
200600078517,0006-12-07 11:15:00,6,12,7,11,15,770,28,BEAUTHEIL AU C.D 209 (CH,,,Plein jour,Hors agglomération,Hors intersection,Pluie forte,Deux véhicules - côté,,,,,,,,,,,1,1,1,3,3
200600078518,0006-12-08 07:55:00,6,12,8,7,55,770,131,"19, LAFAYETTE (RUE)",,,Nuit avec éclairage allumé,En agglomération,Hors intersection,Pluie légère,Autre collision,,,,,,,,,,,5,2,1,2,6
200600078519,0006-12-10 19:20:00,6,12,10,19,20,770,131,"06, MARCHE (RUE DU)",,,Nuit avec éclairage allumé,En agglomération,Intersection en T,Normale,Deux véhicules - côté,,,,,,,,,,,5,2,3,1,3
200600078520,0006-12-15 19:05:00,6,12,15,19,5,770,281,MONTESQUIOU (RUE),,,Nuit sans éclairage public,Hors agglomération,Hors intersection,Normale,Trois véhicules et plus - collisions multiples,,,,,,,,,,,3,1,1,1,5
200600078521,0006-12-19 17:30:00,6,12,19,17,30,770,131,"28, VICTOR HUGO (AVENUE)",,,Plein jour,En agglomération,Hors intersection,Normale,Autre collision,,,,,,,,,,,1,2,1,1,6
200600078522,0006-12-21 18:40:00,6,12,21,18,40,770,131,"1, ORGEVAL (RUE DE L')",,,Nuit avec éclairage non allumé,En agglomération,Intersection en X,Normale,Deux véhicules - côté,,,,,,,,,,,4,2,2,1,3
200600078523,0006-12-23 18:00:00,6,12,23,18,0,770,131,"1, GRAND MORIN (RUE DU)",,,Nuit avec éclairage allumé,En agglomération,Intersection en X,Normale,Deux véhicules - côté,,,,,,,,,,,5,2,2,1,3
200600078524,0006-12-26 18:20:00,6,12,26,18,20,770,433,D 402,,,Nuit sans éclairage public,Hors agglomération,Hors intersection,Autre,Autre collision,,,,,,,,,,,3,1,1,9,6
200600078525,0006-12-27 00:10:00,6,12,27,0,10,770,13,D402,,,Nuit sans éclairage public,Hors agglomération,Hors intersection,Normale,Autre collision,,,,,,,,,,,3,1,1,1,6
200600078526,0006-12-28 07:30:00,6,12,28,7,30,770,13,D402,,,Nuit sans éclairage public,Hors agglomération,Hors intersection,Normale,Autre collision,,,,,,,,,,,3,1,1,1,6
200600078527,0006-12-22 13:10:00,6,12,22,13,10,770,281,D 402,,,Plein jour,En agglomération,Hors intersection,Normale,Sans collision,,,,,,,,,,,1,2,1,1,7
200600078528,0006-12-18 19:45:00,6,12,18,19,45,770,40,MELUN ( ROUTE ),,,Nuit sans éclairage public,En agglomération,Hors intersection,Normale,Autre collision,,,,,,,,,,,3,2,1,1,6
200600078529,0006-12-08 17:05:00,6,12,8,17,5,770,186,RD 142 Glandée au grand,,,Nuit sans éclairage public,Hors agglomération,Hors intersection,Temps couvert,Trois véhicules et plus - collisions multiples,,,,,,,,,,,3,1,1,8,5
200600078530,0006-12-10 01:25:00,6,12,10,1,25,770,186,ARMES (PLACE D'),,,Nuit avec éclairage allumé,En agglomération,Hors intersection,Normale,Autre collision,,,,,,,,,,,5,2,1,1,6
200600078531,0006-12-16 17:00:00,6,12,16,17,0,770,14,"28, GENERAL DE GAULLE (A",,,Crépuscule ou aube,En agglomération,Hors intersection,Pluie légère,Autre collision,,,,,,,,,,,2,2,1,2,6
200600078532,0006-12-18 16:35:00,6,12,18,16,35,770,226,"9, FONTAINEBLEAU (AVENUE",,,Plein jour,En agglomération,Hors intersection,Brouillard / fumée,Autre collision,,,,,,,,,,,1,2,1,5,6
200600078533,0006-12-20 17:25:00,6,12,20,17,25,770,186,RN6 de l'obélisque à lim,,,Crépuscule ou aube,Hors agglomération,Intersection en T,Normale,Deux véhicules - côté,,,,,,,,,,,2,1,3,1,3
200600078534,0006-12-23 13:50:00,6,12,23,13,50,770,186,LA TABLE DU GRAND MAITRE,,,Plein jour,Hors agglomération,Hors intersection,Normale,Autre collision,,,,,,,,,,,1,1,1,1,6
200600078535,0006-12-14 20:50:00,6,12,14,20,50,770,243,GEORGES CLEMENCEAU  (AVE,,,Nuit avec éclairage allumé,En agglomération,Intersection en T,Normale,Deux véhicules - côté,,,,,,,,,,,5,2,3,1,3
200600078536,0006-12-03 05:35:00,6,12,3,5,35,770,513,RD N°5 (ROUTE DEPARTEMEN,,,Nuit sans éclairage public,Hors agglomération,Hors intersection,Temps couvert,Autre collision,,,,,,,,,,,3,1,1,8,6
200600078537,0006-12-04 13:50:00,6,12,4,13,50,770,284,"20, BUREAU (RUE JEAN)",,,Plein jour,En agglomération,Hors intersection,Pluie légère,Deux véhicules - arrière,,,,,,,,,,,1,2,1,2,2
200600078538,0006-12-05 18:30:00,6,12,5,18,30,770,284,ROOSEVELT (AV.DU PDT),,,Nuit avec éclairage allumé,En agglomération,Hors intersection,Temps couvert,Autre collision,,,,,,,,,,,5,2,1,8,6
200600078539,0006-12-06 06:05:00,6,12,6,6,5,770,335,RN3 (ROUTE NATIONALE),,,Nuit sans éclairage public,Hors agglomération,Hors intersection,Temps couvert,Deux véhicules - côté,,,,,,,,,,,3,1,1,8,3
200600078540,0006-12-12 03:40:00,6,12,12,3,40,770,513,RD N°5 (ROUTE DEPARTEMEN,,,Nuit sans éclairage public,Hors agglomération,Hors intersection,Temps couvert,Autre collision,,,,,,,,,,,3,1,1,8,6
200600078541,0006-12-15 13:15:00,6,12,15,13,15,770,284,"8, PLATANES (ALLEE DES)",,,Plein jour,En agglomération,Hors intersection,Normale,Deux véhicules - côté,,,,,,,,,,,1,2,1,1,3
200600078542,0006-12-20 08:10:00,6,12,20,8,10,770,284,"1, FRERES LUMIERES (RUE",,,Plein jour,Hors agglomération,Hors intersection,Temps couvert,Deux véhicules - côté,,,,,,,,,,,1,1,1,8,3
200600078543,0006-12-20 12:10:00,6,12,20,12,10,770,284,"3, CHAMPLAIN (BD.)",,,Plein jour,En agglomération,Hors intersection,Normale,Autre collision,,,,,,,,,,,1,2,1,1,6
200600078544,0006-12-20 13:10:00,6,12,20,13,10,770,284,"1, PINTEVILLE (COURS)",,,Plein jour,En agglomération,Intersection en X,Neige / grêle,Deux véhicules - côté,,,,,,,,,,,1,2,2,4,3
200600078545,0006-12-21 07:20:00,6,12,21,7,20,770,475,"65, VERDUN (AVENUE DE)",,,Nuit avec éclairage allumé,En agglomération,Hors intersection,Neige / grêle,Deux véhicules - côté,,,,,,,,,,,5,2,1,4,3
200600078546,0006-12-22 17:40:00,6,12,22,17,40,770,284,"8, BAYARD (BD.DU CHEVALI",,,Nuit avec éclairage allumé,En agglomération,Intersection en T,Normale,Deux véhicules - côté,,,,,,,,,,,5,2,3,1,3
200600078547,0006-12-23 14:40:00,6,12,23,14,40,770,330,"35, CRECY (CHEMIN DE)",,,Plein jour,Hors agglomération,Hors intersection,Temps couvert,Deux véhicules - arrière,,,,,,,,,,,1,1,1,8,2
200600078548,0006-12-29 18:05:00,6,12,29,18,5,770,330,A 140,,,Nuit sans éclairage public,Hors agglomération,Hors intersection,Normale,Autre collision,,,,,,,,,,,3,1,1,1,6
200600078549,0006-12-31 09:20:00,6,12,31,9,20,770,288,D.346,,,Plein jour,Hors agglomération,Hors intersection,Temps couvert,Deux véhicules - côté,,,,,,,,,,,1,1,1,8,3
200600078550,0006-12-24 01:35:00,6,12,24,1,35,770,288,"sans N°, JAURES (AVENUE",,,Nuit avec éclairage allumé,En agglomération,Hors intersection,Autre,Autre collision,,,,,,,,,,,5,2,1,9,6
200600078551,0006-12-05 07:40:00,6,12,5,7,40,770,291,GUIVRY (RUE DE),,,Nuit avec éclairage allumé,En agglomération,Intersection en T,Normale,Deux véhicules - côté,,,,,,,,,,,5,2,3,1,3
200600078552,0006-12-02 20:35:00,6,12,2,20,35,770,294,STRAUSS (RUE),,,Nuit avec éclairage allumé,En agglomération,Intersection en X,Pluie légère,Deux véhicules - côté,,,,,,,,,,,5,2,2,2,3
200600078553,0006-12-01 09:00:00,6,12,1,9,0,770,294,RN 2,,,Plein jour,Hors agglomération,Hors intersection,Normale,Autre collision,,,,,,,,,,,1,1,1,1,6
200600078554,0006-12-06 14:25:00,6,12,6,14,25,770,294,RN2,,,Plein jour,Hors agglomération,Hors intersection,Normale,Autre collision,,,,,,,,,,,1,1,1,1,6
200600078555,0006-12-13 07:55:00,6,12,13,7,55,770,294,ROGER SALLENGRO (RUE),,,Plein jour,En agglomération,Hors intersection,Normale,Autre collision,,,,,,,,,,,1,2,1,1,6
200600078556,0006-12-13 19:25:00,6,12,13,19,25,770,294,RN2,,,Nuit sans éclairage public,Hors agglomération,Hors intersection,Normale,Trois véhicules et plus - collisions multiples,,,,,,,,,,,3,1,1,1,5
200600078557,0006-12-15 21:00:00,6,12,15,21,0,770,291,PARIS (RUE DE),,,Nuit avec éclairage non allumé,En agglomération,Hors intersection,Normale,Deux véhicules - arrière,,,,,,,,,,,4,2,1,1,2
200600078558,0006-12-21 09:00:00,6,12,21,9,0,770,294,RN2,,,Plein jour,Hors agglomération,Hors intersection,Normale,Autre collision,,,,,,,,,,,1,1,1,1,6
200600078559,0006-12-28 22:44:00,6,12,28,22,44,770,294,08 MAI 1945 (AVENUE DU),,,Nuit avec éclairage allumé,En agglomération,Hors intersection,Temps couvert,Autre collision,,,,,,,,,,,5,2,1,8,6
200600078560,0006-12-06 18:10:00,6,12,6,18,10,770,251,GRANDS CHAMPS (RUE DES),,,Nuit avec éclairage allumé,En agglomération,Intersection en T,Normale,Deux véhicules - arrière,,,,,,,,,,,5,2,3,1,2
200600078561,0006-12-10 19:30:00,6,12,10,19,30,770,53,"0, VICTOR HUGO (AVENUE)",,,Nuit sans éclairage public,En agglomération,Intersection en X,Autre,Deux véhicules - côté,,,,,,,,,,,3,2,2,9,3
200600078562,0006-12-11 17:35:00,6,12,11,17,35,770,53,"06, JEAN JAURES (BOULEVA",,,Nuit avec éclairage allumé,En agglomération,Hors intersection,Brouillard / fumée,Autre collision,,,,,,,,,,,5,2,1,5,6
200600078563,0006-12-16 10:00:00,6,12,16,10,0,770,53,BIENFAITES (AVENUE DES),,,Plein jour,En agglomération,Intersection en T,Normale,Sans collision,,,,,,,,,,,1,2,3,1,7
200600078564,0006-12-20 08:05:00,6,12,20,8,5,770,251,D402,,,Crépuscule ou aube,Hors agglomération,Intersection en T,Normale,Deux véhicules - côté,,,,,,,,,,,2,1,3,1,3
200600078565,0006-12-27 19:25:00,6,12,27,19,25,770,251,M1,,,Nuit sans éclairage public,Hors agglomération,Hors intersection,Normale,Deux véhicules - frontale,,,,,,,,,,,3,1,1,1,1
200600078566,0006-12-14 16:50:00,6,12,14,16,50,770,305,MONTAIGNE (COURS),,,Crépuscule ou aube,En agglomération,Hors intersection,Normale,Autre collision,,,,,,,,,,,2,2,1,1,6
200600078567,0006-12-22 11:36:00,6,12,22,11,36,770,491,"89, VIADUC (RUE DU)",,,Plein jour,En agglomération,Hors intersection,Autre,Deux véhicules - frontale,,,,,,,,,,,1,2,1,9,1
200600078568,0006-12-04 06:55:00,6,12,4,6,55,770,333,MARECHAL DE LATTRE-DE-TA,,,Nuit avec éclairage allumé,En agglomération,Hors intersection,Pluie légère,Autre collision,,,,,,,,,,,5,2,1,2,6
200600078569,0006-12-17 06:20:00,6,12,17,6,20,770,333,"4, PARIS (RUE DE)",,,Nuit avec éclairage allumé,En agglomération,Hors intersection,Temps couvert,Autre collision,,,,,,,,,,,5,2,1,8,6
200600078570,0006-12-31 00:35:00,6,12,31,0,35,770,468,GEORGES BRASSENS (AVENUE,,,Nuit avec éclairage allumé,En agglomération,Intersection en X,Normale,Autre collision,,,,,,,,,,,5,2,2,1,6
200600078571,0006-12-07 19:55:00,6,12,7,19,55,770,337,ROCHES (COURS DES),,,Nuit avec éclairage allumé,En agglomération,Intersection en T,Normale,Autre collision,,,,,,,,,,,5,2,3,1,6
200600078572,0006-12-18 18:05:00,6,12,18,18,5,770,258,MANDINET (BOULEVARD DU),,,Nuit avec éclairage allumé,En agglomération,Hors intersection,Normale,Autre collision,,,,,,,,,,,5,2,1,1,6
200600078573,0006-12-16 12:40:00,6,12,16,12,40,770,373,DANTON  (RUE),,,Plein jour,En agglomération,Intersection en X,Pluie forte,Deux véhicules - côté,,,,,,,,,,,1,2,2,3,3
200600078574,0006-12-02 14:00:00,6,12,2,14,0,770,215,REVE (AVENUE DU),,,Plein jour,En agglomération,Intersection en X,Temps couvert,Deux véhicules - côté,,,,,,,,,,,1,2,2,8,3
200600078575,0006-12-09 11:45:00,6,12,9,11,45,770,350,EDOUARD GOURDON,,,Plein jour,En agglomération,Intersection en T,Normale,Deux véhicules - côté,,,,,,,,,,,1,2,3,1,3
200600078576,0006-12-18 21:00:00,6,12,18,21,0,770,374,CD 471,,,Nuit sans éclairage public,Hors agglomération,Hors intersection,Autre,Autre collision,,,,,,,,,,,3,1,1,9,6
200600078577,0006-12-31 18:15:00,6,12,31,18,15,770,368,"48, D403",,,Nuit avec éclairage allumé,Hors agglomération,Hors intersection,Pluie légère,Deux véhicules - arrière,,,,,,,,,,,5,1,1,2,2
200600078578,0006-12-15 11:40:00,6,12,15,11,40,780,92,"39, LECLERC (RUE DU GENE",,,Plein jour,En agglomération,Hors intersection,Normale,Autre collision,,,,,,,,,,,1,2,1,1,6
200600078579,0006-12-02 14:35:00,6,12,2,14,35,780,172,"0.000, MAURECOURT (RUE D",,,Plein jour,En agglomération,Hors intersection,Normale,Deux véhicules - arrière,,,,,,,,,,,1,2,1,1,2
200600078580,0006-12-02 18:30:00,6,12,2,18,30,780,172,"1, PASTEUR (RUE)",,,Nuit avec éclairage allumé,En agglomération,Hors intersection,Normale,Autre collision,,,,,,,,,,,5,2,1,1,6
200600078581,0006-12-06 16:00:00,6,12,6,16,0,780,172,"196, AMBASSADEUR (RUE DE",,,Plein jour,En agglomération,Hors intersection,Normale,Deux véhicules - côté,,,,,,,,,,,1,2,1,1,3
200600078582,0006-12-05 10:05:00,6,12,5,10,5,780,172,"00, CLEMENT (RUE DESIRE)",,,Plein jour,En agglomération,Hors intersection,Normale,Sans collision,,,,,,,,,,,1,2,1,1,7
200600078583,0006-12-05 15:45:00,6,12,5,15,45,780,172,"15, CHENES (AVENUE DES)",,,Plein jour,En agglomération,Hors intersection,Normale,Deux véhicules - côté,,,,,,,,,,,1,2,1,1,3
200600078584,0006-12-08 20:30:00,6,12,8,20,30,780,5,"00, STALINGRAD (AVENUE D",,,Nuit avec éclairage allumé,En agglomération,Intersection en X,Pluie forte,Deux véhicules - côté,,,,,,,,,,,5,2,2,3,3
200600078585,0006-12-08 18:40:00,6,12,8,18,40,780,172,"48, DAMME (RUE DES FRERE",,,Nuit avec éclairage allumé,En agglomération,Hors intersection,Pluie légère,Sans collision,,,,,,,,,,,5,2,1,2,7
200600078586,0006-12-13 12:50:00,6,12,13,12,50,780,172,GRANDES TERRES (RUE DES),,,Plein jour,En agglomération,Hors intersection,Normale,Deux véhicules - côté,,,,,,,,,,,1,2,1,1,3
200600078587,0006-12-12 16:45:00,6,12,12,16,45,780,5,"00, RD 30",,,Plein jour,Hors agglomération,Intersection en T,Normale,Deux véhicules - côté,,,,,,,,,,,1,1,3,1,3
200600078588,0006-12-15 15:25:00,6,12,15,15,25,780,5,"00, RD 30",,,Plein jour,Hors agglomération,Hors intersection,Normale,Deux véhicules - arrière,,,,,,,,,,,1,1,1,1,2
200600078589,0006-12-15 11:20:00,6,12,15,11,20,780,5,"0, DELASSUE (PLACE)",,,Plein jour,En agglomération,Place,Normale,Sans collision,,,,,,,,,,,1,2,7,1,7
200600078590,0006-12-20 17:55:00,6,12,20,17,55,780,5,RD 30,,,Plein jour,Hors agglomération,Intersection en T,Normale,Deux véhicules - côté,,,,,,,,,,,1,1,3,1,3
200600078591,0006-12-20 11:20:00,6,12,20,11,20,780,172,"05, VERDUN (RUE DE)",,,Plein jour,En agglomération,Hors intersection,Normale,Sans collision,,,,,,,,,,,1,2,1,1,7
200600078592,0006-12-20 08:20:00,6,12,20,8,20,780,172,"79, LE GUEN (RUE PIERRE)",,,Plein jour,En agglomération,Hors intersection,Normale,Deux véhicules - côté,,,,,,,,,,,1,2,1,1,3
200600078593,0006-12-01 15:30:00,6,12,1,15,30,780,383,"Indét, MADELEINE (AVENUE",,,Plein jour,En agglomération,Hors intersection,Normale,Deux véhicules - arrière,,,,,,,,,,,1,2,1,1,2
200600078594,0006-12-01 19:15:00,6,12,1,19,15,780,644,"Indét., SORTIE R.N 10 (B",,,Nuit avec éclairage allumé,En agglomération,Hors intersection,Normale,Deux véhicules - arrière,,,,,,,,,,,5,2,1,1,2
200600078595,0006-12-06 15:10:00,6,12,6,15,10,780,208,"Indét, VILLEDIEU (AVENUE",,,Plein jour,En agglomération,Intersection en X,Normale,Deux véhicules - côté,,,,,,,,,,,1,2,2,1,3
200600078596,0006-12-13 07:10:00,6,12,13,7,10,780,383,"Indét., GUY SCHULLER (BO",,,Crépuscule ou aube,En agglomération,Intersection en T,Normale,Deux véhicules - côté,,,,,,,,,,,2,2,3,1,3
200600078597,0006-12-17 13:40:00,6,12,17,13,40,780,208,DEPARTEMENTALE 58 (ROUTE,,,Plein jour,Hors agglomération,Hors intersection,Normale,Deux véhicules - arrière,,,,,,,,,,,1,1,1,1,2
200600078598,0006-12-19 18:00:00,6,12,19,18,0,780,383,"Indét., VERCORS (AVENUE",,,Nuit avec éclairage allumé,En agglomération,Intersection en T,Normale,Deux véhicules - frontale,,,,,,,,,,,5,2,3,1,1
200600078599,0006-12-23 18:20:00,6,12,23,18,20,780,383,COIGNIERES (RUE DE),,,Nuit avec éclairage allumé,En agglomération,Hors intersection,Normale,Sans collision,,,,,,,,,,,5,2,1,1,7
200600078600,0006-12-28 14:30:00,6,12,28,14,30,780,208,POLITZER (AVENUE GEORGES,,,Plein jour,En agglomération,Hors intersection,Normale,Sans collision,,,,,,,,,,,1,2,1,1,7
200600078601,0006-12-22 20:05:00,6,12,22,20,5,780,423,"ignoré, AVENUE DE LA SOU",,,Nuit avec éclairage allumé,En agglomération,Giratoire,Normale,Autre collision,,,,,,,,,,,5,2,6,1,6
200600078602,0006-12-28 13:50:00,6,12,28,13,50,780,423,"ignoré, FRERES LUMIERES",,,Plein jour,En agglomération,Intersection en T,Brouillard / fumée,Deux véhicules - côté,,,,,,,,,,,1,2,3,5,3
200600078603,0006-12-01 14:50:00,6,12,1,14,50,780,297,"face 14/16, ALEMBERT (BO",,,Plein jour,En agglomération,Hors intersection,Normale,Sans collision,,,,,,,,,,,1,2,1,1,7
200600078604,0006-12-04 09:10:00,6,12,4,9,10,780,423,"ignoré, PRES (AVENUE DES",,,Plein jour,En agglomération,Intersection en T,Pluie légère,Autre collision,,,,,,,,,,,1,2,3,2,6
200600078605,0006-12-05 17:05:00,6,12,5,17,5,780,423,"IGNORE, VAUBAN (BOULEVAR",,,Nuit avec éclairage allumé,Hors agglomération,Autre intersection,Pluie forte,Autre collision,,,,,,,,,,,5,1,9,3,6
200600078606,0006-12-13 19:45:00,6,12,13,19,45,780,688,"ignoré, ROUTE DE GUYANCO",,,Crépuscule ou aube,En agglomération,Intersection en T,Normale,Deux véhicules - côté,,,,,,,,,,,2,2,3,1,3
200600078607,0006-12-27 07:20:00,6,12,27,7,20,780,423,"ignore, FRERES LUMIERES",,,Nuit avec éclairage allumé,En agglomération,Intersection en X,Temps couvert,Deux véhicules - côté,,,,,,,,,,,5,2,2,8,3
200600078608,0006-12-16 20:35:00,6,12,16,20,35,780,423,"ignore, PRES (AVENUE DES",,,Nuit avec éclairage allumé,En agglomération,Hors intersection,Pluie légère,Autre collision,,,,,,,,,,,5,2,1,2,6
200600078609,0006-12-01 15:55:00,6,12,1,15,55,780,311,"43, PAIX (RUE DE LA)",,,Plein jour,En agglomération,Hors intersection,Normale,Sans collision,,,,,,,,,,,1,2,1,1,7
200600078610,0006-12-01 16:25:00,6,12,1,16,25,780,311,"33 TER, HENRI BARBUSSE (",,,Plein jour,En agglomération,Hors intersection,Normale,Autre collision,,,,,,,,,,,1,2,1,1,6
200600078611,0006-12-05 11:40:00,6,12,5,11,40,780,124,"52, CHATOU (ROUTE DE)",,,Plein jour,En agglomération,Hors intersection,Normale,Autre collision,,,,,,,,,,,1,2,1,1,6
200600078612,0006-12-13 19:30:00,6,12,13,19,30,780,311,"60 ter, JEMMAPES (RUE DE",,,Nuit avec éclairage allumé,En agglomération,Hors intersection,Normale,Autre collision,,,,,,,,,,,5,2,1,1,6
200600078613,0006-12-14 12:35:00,6,12,14,12,35,780,311,"31, COMMANDANT RAYNAL (R",,,Plein jour,En agglomération,Hors intersection,Normale,Deux véhicules - arrière,,,,,,,,,,,1,2,1,1,2
200600078614,0006-12-14 12:55:00,6,12,14,12,55,780,311,"01, KARL MARX (RUE)",,,Plein jour,En agglomération,Intersection en T,Normale,Deux véhicules - côté,,,,,,,,,,,1,2,3,1,3
200600078615,0006-12-20 12:05:00,6,12,20,12,5,780,311,"01, VICTOIRE (AVENUE DEL",,,Plein jour,En agglomération,Intersection en T,Normale,Deux véhicules - côté,,,,,,,,,,,1,2,3,1,3
200600078616,0006-12-22 13:35:00,6,12,22,13,35,780,311,"06 BIS, HOCHE (RUE)",,,Plein jour,En agglomération,Intersection en T,Normale,Autre collision,,,,,,,,,,,1,2,3,1,6
200600078617,0006-12-23 14:45:00,6,12,23,14,45,780,311,"06 BIS, STALINGRAD (RUE",,,Plein jour,En agglomération,Hors intersection,Normale,Autre collision,,,,,,,,,,,1,2,1,1,6
200600078618,0006-12-02 19:00:00,6,12,2,19,0,780,314,"62, RUE DE LA GARE",,,Nuit avec éclairage allumé,En agglomération,Hors intersection,Pluie légère,Autre collision,,,,,,,,,,,5,2,1,2,6
200600078619,0006-12-11 13:20:00,6,12,11,13,20,780,354,"1, AVENUE PIERRE BEREGOV",,,Plein jour,En agglomération,Hors intersection,Pluie légère,Deux véhicules - frontale,,,,,,,,,,,1,2,1,2,1
200600078620,0006-12-16 16:55:00,6,12,16,16,55,780,267,AVENUE DE PARIS,,,Crépuscule ou aube,En agglomération,Intersection en T,Pluie légère,Deux véhicules - côté,,,,,,,,,,,2,2,3,2,3
200600078621,0006-12-22 19:45:00,6,12,22,19,45,780,361,", Boulevard Maréchal Jui",,,Nuit avec éclairage allumé,En agglomération,Intersection en X,Normale,Deux véhicules - côté,,,,,,,,,,,5,2,2,1,3
200600078622,0006-12-22 23:55:00,6,12,22,23,55,780,314,R.N 190,,,Nuit avec éclairage allumé,En agglomération,Intersection en X,Normale,Deux véhicules - côté,,,,,,,,,,,5,2,2,1,3
200600078623,0006-12-07 08:10:00,6,12,7,8,10,780,372,"55, EUROPE (AVENUE DE L'",,,Nuit avec éclairage allumé,En agglomération,Hors intersection,Pluie légère,Autre collision,,,,,,,,,,,5,2,1,2,6
200600078624,0006-12-22 10:00:00,6,12,22,10,0,780,502,"08 bis, JEAN JAURES (RUE",,,Plein jour,En agglomération,Hors intersection,Normale,Autre collision,,,,,,,,,,,1,2,1,1,6
200600078625,0006-12-22 18:15:00,6,12,22,18,15,780,372,SAINT CYR (ROUTE DE),,,Nuit sans éclairage public,Hors agglomération,Hors intersection,Normale,Trois véhicules et plus - collisions multiples,,,,,,,,,,,3,1,1,1,5
200600078626,0006-12-01 17:30:00,6,12,1,17,30,780,440,"10, LEON FOURCIL (RUE)",,,Nuit avec éclairage allumé,En agglomération,Hors intersection,Normale,Autre collision,,,,,,,,,,,5,2,1,1,6
200600078627,0006-12-02 05:30:00,6,12,2,5,30,780,638,D 922,,,Nuit sans éclairage public,Hors agglomération,Hors intersection,Normale,Sans collision,,,,,,,,,,,3,1,1,1,7
200600078628,0006-12-14 11:10:00,6,12,14,11,10,780,440,"3, GLANDAZ (QUAI)",,,Crépuscule ou aube,En agglomération,Intersection en X,Normale,Deux véhicules - côté,,,,,,,,,,,2,2,2,1,3
200600078629,0006-12-08 08:15:00,6,12,8,8,15,780,440,"110, PAUL DOUMER (RUE)",,,Crépuscule ou aube,En agglomération,Hors intersection,Pluie forte,Autre collision,,,,,,,,,,,2,2,1,3,6
200600078630,0006-12-13 16:25:00,6,12,13,16,25,780,440,CENTRE ESPACE,,,Plein jour,Hors agglomération,Hors intersection,Normale,Sans collision,,,,,,,,,,,1,1,1,1,7
200600078631,0006-12-12 13:30:00,6,12,12,13,30,780,29,PIERRE LEFAUCHEUX,,,Plein jour,En agglomération,Hors intersection,Normale,Trois véhicules et plus - en chaîne,,,,,,,,,,,1,2,1,1,4
200600078632,0006-12-16 06:00:00,6,12,16,6,0,780,29,FRANCO BELGE (COUR),,,Nuit avec éclairage allumé,En agglomération,Intersection en X,Normale,Deux véhicules - côté,,,,,,,,,,,5,2,2,1,3
200600078633,0006-12-10 08:30:00,6,12,10,8,30,780,609,MEULAN (ROUTE DE),,,Crépuscule ou aube,En agglomération,Hors intersection,Normale,Autre collision,,,,,,,,,,,2,2,1,1,6
200600078634,0006-12-25 04:30:00,6,12,25,4,30,780,401,RHIN ET DANUBE (PONT),,,Nuit avec éclairage allumé,En agglomération,Intersection en X,Normale,Autre collision,,,,,,,,,,,5,2,2,1,6
200600078635,0006-12-22 13:05:00,6,12,22,13,5,780,401,CD 28,,,Plein jour,Hors agglomération,Hors intersection,Normale,Autre collision,,,,,,,,,,,1,1,1,1,6
200600078636,0006-12-24 21:35:00,6,12,24,21,35,780,440,EUROPE (AVENUE DE L'),,,Nuit avec éclairage allumé,Hors agglomération,Hors intersection,Temps couvert,Sans collision,,,,,,,,,,,5,1,1,8,7
200600078637,0006-12-11 20:16:00,6,12,11,20,16,780,490,DEUX PLATEAUX (ROUTE DES,,,Nuit sans éclairage public,Hors agglomération,Hors intersection,Pluie forte,Autre collision,,,,,,,,,,,3,1,1,3,6
200600078638,0006-12-15 16:00:00,6,12,15,16,0,780,490,CD 30,,,Plein jour,En agglomération,Hors intersection,Normale,Sans collision,,,,,,,,,,,1,2,1,1,7
200600078639,0006-12-22 19:15:00,6,12,22,19,15,780,165,RD 98,,,Nuit sans éclairage public,Hors agglomération,Hors intersection,Normale,Deux véhicules - côté,,,,,,,,,,,3,1,1,1,3
200600078640,0006-12-05 10:00:00,6,12,5,10,0,780,123,"372, HAUTIL AV DE L'",,,Plein jour,En agglomération,Hors intersection,Normale,Autre collision,,,,,,,,,,,1,2,1,1,6
200600078641,0006-12-10 02:20:00,6,12,10,2,20,780,498,"157, FOCH AV",,,Nuit avec éclairage allumé,En agglomération,Autre intersection,Normale,Autre collision,,,,,,,,,,,5,2,9,1,6
200600078642,0006-12-18 01:20:00,6,12,18,1,20,780,498,PONTOISE AV DE,,,Nuit avec éclairage allumé,En agglomération,Hors intersection,Normale,Autre collision,,,,,,,,,,,5,2,1,1,6
200600078643,0006-12-01 08:25:00,6,12,1,8,25,780,643,CHATAIGNERAIE AVENUE DE,,,Plein jour,En agglomération,Intersection en X,Normale,Deux véhicules - côté,,,,,,,,,,,1,2,2,1,3
200600078644,0006-12-08 07:10:00,6,12,8,7,10,780,498,RD30,,,Nuit avec éclairage allumé,Hors agglomération,Hors intersection,Normale,Sans collision,,,,,,,,,,,5,1,1,1,7
200600078645,0006-12-15 11:35:00,6,12,15,11,35,780,498,CAPUCINES RUE DES,,,Plein jour,En agglomération,Intersection à plus de 4 branches,Normale,Deux véhicules - côté,,,,,,,,,,,1,2,5,1,3