accident_id,datetime,annee,mois,jour,heure,minute,departement,commune_insee,adresse,latitude,longitude,luminosite,agglomeration,intersection,meteo,collision,nb_vehicules,nb_usagers,nb_indemnes,nb_tues,nb_blesses_hosp,nb_blesses_legers,age_cond_1,age_cond_2,veh_type_cond_1,veh_type_cond_2,lum_code,agg_code,int_code,atm_code,col_code
200600078646,0006-12-12 09:20:00,6,12,12,9,20,780,123,BERTAUX RUE MAURICE,,,Plein jour,En agglomération,Intersection en T,Normale,Autre collision,,,,,,,,,,,1,2,3,1,6
200600078647,0006-12-18 17:25:00,6,12,18,17,25,780,123,EUROPE (RN 190) AVENUE D,,,Nuit avec éclairage allumé,Hors agglomération,Hors intersection,Normale,Trois véhicules et plus - en chaîne,,,,,,,,,,,5,1,1,1,4
200600078648,0006-12-27 21:17:00,6,12,27,21,17,780,498,RD30,,,Nuit avec éclairage allumé,Hors agglomération,Hors intersection,Normale,Autre collision,,,,,,,,,,,5,1,1,1,6
200600078649,0006-12-26 20:10:00,6,12,26,20,10,780,498,FOCH AV,,,Nuit avec éclairage allumé,En agglomération,Intersection en T,Normale,Deux véhicules - arrière,,,,,,,,,,,5,2,3,1,2
200600078650,0006-12-30 15:55:00,6,12,30,15,55,780,642,SEINE CHEMIN DE LA,,,Plein jour,Hors agglomération,Hors intersection,Normale,Deux véhicules - côté,,,,,,,,,,,1,1,1,1,3
200600078651,0006-12-30 20:45:00,6,12,30,20,45,780,498,MALADRERIE AV DE LA,,,Nuit avec éclairage allumé,En agglomération,Intersection en X,Normale,Deux véhicules - côté,,,,,,,,,,,5,2,2,1,3
200600078652,0006-12-15 09:10:00,6,12,15,9,10,780,642,PATURES CHEMIN DES,,,Plein jour,En agglomération,Intersection en T,Pluie légère,Deux véhicules - côté,,,,,,,,,,,1,2,3,2,3
200600078653,0006-12-20 13:40:00,6,12,20,13,40,780,642,BAZINCOURT RUE DE,,,Plein jour,En agglomération,Intersection en Y,Autre,Deux véhicules - côté,,,,,,,,,,,1,2,4,9,3
200600078654,0006-12-26 18:00:00,6,12,26,18,0,780,498,RD30,,,Nuit avec éclairage allumé,Hors agglomération,Hors intersection,Normale,Deux véhicules - frontale,,,,,,,,,,,5,1,1,1,1
200600078655,0006-12-31 20:50:00,6,12,31,20,50,780,498,MARY RUE JEAN CLAUDE,,,Nuit avec éclairage allumé,En agglomération,Intersection en X,Pluie forte,Deux véhicules - côté,,,,,,,,,,,5,2,2,3,3
200600078656,0006-12-04 19:55:00,6,12,4,19,55,780,672,CHATEAU D'ACQUEVILLE,,,Nuit avec éclairage allumé,Hors agglomération,Intersection en T,Pluie légère,Deux véhicules - arrière,,,,,,,,,,,5,1,3,2,2
200600078657,0006-12-20 18:30:00,6,12,20,18,30,780,643,TRIEL AVENUE DE,,,Nuit avec éclairage allumé,En agglomération,Intersection en X,Normale,Deux véhicules - côté,,,,,,,,,,,5,2,2,1,3
200600078658,0006-12-14 12:50:00,6,12,14,12,50,780,220,RN 10,,,Plein jour,Hors agglomération,Intersection en T,Normale,Deux véhicules - arrière,,,,,,,,,,,1,1,3,1,2
200600078659,0006-12-16 10:25:00,6,12,16,10,25,780,220,RD 202,,,Plein jour,En agglomération,Hors intersection,Pluie légère,Sans collision,,,,,,,,,,,1,2,1,2,7
200600078660,0006-12-19 14:45:00,6,12,19,14,45,780,517,", DECHY (RUE MAURICE)",,,Plein jour,En agglomération,Intersection en X,Normale,Deux véhicules - côté,,,,,,,,,,,1,2,2,1,3
200600078661,0006-12-20 09:25:00,6,12,20,9,25,780,220,RD 202,,,Plein jour,Hors agglomération,Hors intersection,Normale,Deux véhicules - frontale,,,,,,,,,,,1,1,1,1,1
200600078662,0006-12-22 09:10:00,6,12,22,9,10,780,486,"1, ABREUVOIR (RUE DE L')",,,Plein jour,En agglomération,Hors intersection,Temps éblouissant,Sans collision,,,,,,,,,,,1,2,1,7,7
200600078663,0006-12-24 12:15:00,6,12,24,12,15,780,517,RN 10,,,Plein jour,En agglomération,Hors intersection,Temps couvert,Autre collision,,,,,,,,,,,1,2,1,8,6
200600078664,0006-12-13 04:30:00,6,12,13,4,30,780,551,RD 308,,,Nuit sans éclairage public,Hors agglomération,Intersection en X,Normale,Deux véhicules - côté,,,,,,,,,,,3,1,2,1,3
200600078665,0006-12-19 22:05:00,6,12,19,22,5,780,551,RN 13,,,Nuit avec éclairage allumé,Hors agglomération,Hors intersection,Normale,Sans collision,,,,,,,,,,,5,1,1,1,7
200600078666,0006-12-20 18:10:00,6,12,20,18,10,780,551,"5 ter, GAMBETTA (AVENUE)",,,Nuit avec éclairage allumé,En agglomération,Hors intersection,Normale,Autre collision,,,,,,,,,,,5,2,1,1,6
200600078667,0006-12-29 08:30:00,6,12,29,8,30,780,551,"sans, VAUBAN (PLACE)",,,Crépuscule ou aube,En agglomération,Hors intersection,Normale,Deux véhicules - côté,,,,,,,,,,,2,2,1,1,3
200600078668,0006-12-29 19:00:00,6,12,29,19,0,780,586,PONTOISE,,,Nuit avec éclairage allumé,En agglomération,Intersection en T,Normale,Deux véhicules - côté,,,,,,,,,,,5,2,3,1,3
200600078669,0006-12-05 21:05:00,6,12,5,21,5,780,586,CONVENTION N° IMPAIR,,,Nuit avec éclairage allumé,En agglomération,Intersection en X,Pluie légère,Deux véhicules - frontale,,,,,,,,,,,5,2,2,2,1
200600078670,0006-12-19 19:50:00,6,12,19,19,50,780,586,BERTEAUX (MAURICE) N°2 A,,,Nuit avec éclairage allumé,En agglomération,Intersection en T,Normale,Deux véhicules - côté,,,,,,,,,,,5,2,3,1,3
200600078671,0006-12-30 18:25:00,6,12,30,18,25,780,621,ZAY (RUE JEAN),,,Nuit avec éclairage allumé,En agglomération,Hors intersection,Pluie forte,Autre collision,,,,,,,,,,,5,2,1,3,6
200600078672,0006-12-08 08:10:00,6,12,8,8,10,780,621,MONTFORT (RUE DE ),,,Crépuscule ou aube,En agglomération,Hors intersection,Pluie légère,Autre collision,,,,,,,,,,,2,2,1,2,6
200600078673,0006-12-08 11:45:00,6,12,8,11,45,780,621,TIMBAUD (AVENUE JEAN-PIE,,,Plein jour,En agglomération,Hors intersection,Pluie forte,Deux véhicules - arrière,,,,,,,,,,,1,2,1,3,2
200600078674,0006-12-17 16:55:00,6,12,17,16,55,780,621,NATIONALE 10   (ROUTE),,,Plein jour,Hors agglomération,Hors intersection,Pluie légère,Deux véhicules - arrière,,,,,,,,,,,1,1,1,2,2
200600078675,0006-12-18 16:45:00,6,12,18,16,45,780,621,POLITZER (AVENUE GEORGES,,,Plein jour,Hors agglomération,Intersection en T,Normale,Deux véhicules - côté,,,,,,,,,,,1,1,3,1,3
200600078676,0006-12-30 20:25:00,6,12,30,20,25,780,686,"21, GENERAL LECLERC (AVE",,,Nuit avec éclairage allumé,En agglomération,Intersection en T,Temps couvert,Deux véhicules - côté,,,,,,,,,,,5,2,3,8,3
200600078677,0006-12-04 13:15:00,6,12,4,13,15,780,640,GISY (CHEMIN DE),,,Plein jour,En agglomération,Hors intersection,Temps couvert,Sans collision,,,,,,,,,,,1,2,1,8,7
200600078678,0006-12-04 15:00:00,6,12,4,15,0,780,640,"2, EUROPE (AVENUE DE L')",,,Plein jour,En agglomération,Hors intersection,Normale,Autre collision,,,,,,,,,,,1,2,1,1,6
200600078679,0006-12-05 11:55:00,6,12,5,11,55,780,640,LOUVOIS (RUE),,,Plein jour,En agglomération,Hors intersection,Pluie légère,Autre collision,,,,,,,,,,,1,2,1,2,6
200600078680,0006-12-09 03:20:00,6,12,9,3,20,780,640,LOUIS BREGUET (AVENUE),,,Nuit avec éclairage allumé,En agglomération,Hors intersection,Autre,Deux véhicules - arrière,,,,,,,,,,,5,2,1,9,2
200600078681,0006-12-12 16:30:00,6,12,12,16,30,780,640,RENE BOYER (RUE),,,Plein jour,En agglomération,Intersection en T,Normale,Deux véhicules - côté,,,,,,,,,,,1,2,3,1,3
200600078682,0006-12-13 19:30:00,6,12,13,19,30,780,686,GENERAL LECLERC (AVENUE,,,Nuit avec éclairage allumé,En agglomération,Intersection en X,Normale,Deux véhicules - frontale,,,,,,,,,,,5,2,2,1,1
200600078683,0006-12-16 19:40:00,6,12,16,19,40,780,686,GENERAL DE GAULLE (PLACE,,,Nuit avec éclairage allumé,En agglomération,Hors intersection,Temps couvert,Autre collision,,,,,,,,,,,5,2,1,8,6
200600078684,0006-12-01 10:40:00,6,12,1,10,40,780,158,"NEANT, POTTIER (RUE)",,,Plein jour,En agglomération,Giratoire,Normale,Autre collision,,,,,,,,,,,1,2,6,1,6
200600078685,0006-12-05 19:15:00,6,12,5,19,15,780,158,"Néant, MOXOURIS (RUE)",,,Nuit avec éclairage allumé,En agglomération,Hors intersection,Pluie légère,Autre collision,,,,,,,,,,,5,2,1,2,6
200600078686,0006-12-08 15:40:00,6,12,8,15,40,780,646,"7, ANTOINE RICHARD (RUE)",,,Plein jour,En agglomération,Hors intersection,Normale,Autre collision,,,,,,,,,,,1,2,1,1,6
200600078687,0006-12-08 15:00:00,6,12,8,15,0,780,646,"9, SAINT CLOUD (AVENUE D",,,Plein jour,En agglomération,Hors intersection,Pluie forte,Deux véhicules - côté,,,,,,,,,,,1,2,1,3,3
200600078688,0006-12-22 15:20:00,6,12,22,15,20,780,646,MARECHAL JOFFRE (RUE DU),,,Plein jour,En agglomération,Intersection en T,Normale,Deux véhicules - côté,,,,,,,,,,,1,2,3,1,3
200600078689,0006-12-19 08:30:00,6,12,19,8,30,780,646,"Néant, REINE (BOULEVARD",,,Plein jour,En agglomération,Intersection en T,Normale,Deux véhicules - frontale,,,,,,,,,,,1,2,3,1,1
200600078690,0006-12-18 20:20:00,6,12,18,20,20,780,646,PARIS (AVENUE DE),,,Nuit avec éclairage allumé,En agglomération,Intersection en Y,Normale,Deux véhicules - arrière,,,,,,,,,,,5,2,4,1,2
200600078691,0006-12-25 17:45:00,6,12,25,17,45,780,646,"neant, M. DE LATTRE DE T",,,Plein jour,En agglomération,Intersection en X,Brouillard / fumée,Deux véhicules - frontale,,,,,,,,,,,1,2,2,5,1
200600078692,0006-12-25 17:55:00,6,12,25,17,55,780,646,"12, VICTOR BART (RUE)",,,Nuit avec éclairage allumé,En agglomération,Hors intersection,Normale,Autre collision,,,,,,,,,,,5,2,1,1,6
200600078693,0006-12-22 15:45:00,6,12,22,15,45,780,646,"45, MONTREUIL (RUE DE)",,,Plein jour,En agglomération,Hors intersection,Normale,Sans collision,,,,,,,,,,,1,2,1,1,7
200600078694,0006-12-02 16:15:00,6,12,2,16,15,780,146,"03, GUY DE MAUPASSANT (A",,,Crépuscule ou aube,En agglomération,Hors intersection,Pluie forte,Sans collision,,,,,,,,,,,2,2,1,3,7
200600078695,0006-12-18 18:20:00,6,12,18,18,20,780,418,"0, ONZE NOVEMBRE 1918 (R",,,Nuit avec éclairage allumé,Hors agglomération,Intersection en Y,Pluie légère,Trois véhicules et plus - collisions multiples,,,,,,,,,,,5,1,4,2,5
200600078696,0006-12-19 20:05:00,6,12,19,20,5,780,190,CROIX (CARREFOUR DE LA),,,Nuit avec éclairage allumé,En agglomération,Intersection à plus de 4 branches,Normale,Deux véhicules - frontale,,,,,,,,,,,5,2,5,1,1
200600078697,0006-12-08 17:30:00,6,12,8,17,30,790,191,"15, ERNEST PEROCHON",,,Crépuscule ou aube,En agglomération,Hors intersection,Pluie forte,Autre collision,,,,,,,,,,,2,2,1,3,6
200600078698,0006-12-02 17:45:00,6,12,2,17,45,790,191,"7, JULES SIEGFRIED",,,Crépuscule ou aube,En agglomération,Hors intersection,Pluie légère,Autre collision,,,,,,,,,,,2,2,1,2,6
200600078699,0006-12-01 11:25:00,6,12,1,11,25,790,191,"12, HALLES (PLACE DES)",,,Plein jour,En agglomération,Hors intersection,Normale,Sans collision,,,,,,,,,,,1,2,1,1,7
200600078700,0006-12-13 07:45:00,6,12,13,7,45,790,191,COULONGES (ROUTE),,,Crépuscule ou aube,En agglomération,Intersection en T,Brouillard / fumée,Deux véhicules - côté,,,,,,,,,,,2,2,3,5,3
200600078701,0006-12-21 12:08:00,6,12,21,12,8,790,329,CROIX CAMUS (RUE DE LA),,,Plein jour,En agglomération,Hors intersection,Normale,Deux véhicules - côté,,,,,,,,,,,1,2,1,1,3
200600078702,0006-12-22 15:45:00,6,12,22,15,45,790,329,"26, EMILE ZOLA (AVENUE)",,,Plein jour,En agglomération,Hors intersection,Normale,Autre collision,,,,,,,,,,,1,2,1,1,6
200600078703,0006-12-28 18:50:00,6,12,28,18,50,800,21,ROCADE NORD RN 1,,,Nuit sans éclairage public,Hors agglomération,Hors intersection,Normale,Autre collision,,,,,,,,,,,3,1,1,1,6
200600078704,0006-12-29 17:10:00,6,12,29,17,10,800,21,"27, BAPAUME (BOULEVARD D",,,Nuit avec éclairage allumé,En agglomération,Hors intersection,Normale,Sans collision,,,,,,,,,,,5,2,1,1,7
200600078705,0006-12-31 18:25:00,6,12,31,18,25,800,21,"0, BOUTILLERIE (RUE DE)",,,Nuit avec éclairage allumé,En agglomération,Hors intersection,Pluie légère,Deux véhicules - arrière,,,,,,,,,,,5,2,1,2,2
200600078706,0006-12-01 08:00:00,6,12,1,8,0,800,21,"0, JEAN MARC LAURENT (RU",,,Plein jour,En agglomération,Hors intersection,Normale,Deux véhicules - arrière,,,,,,,,,,,1,2,1,1,2
200600078707,0006-12-05 17:35:00,6,12,5,17,35,800,674,DEFENSE PASSIVE (AVENUE,,,Nuit avec éclairage allumé,En agglomération,Hors intersection,Pluie légère,Deux véhicules - arrière,,,,,,,,,,,5,2,1,2,2
200600078708,0006-12-01 20:45:00,6,12,1,20,45,800,21,"0, AMONT (PORT D')",,,Nuit avec éclairage allumé,En agglomération,Hors intersection,Normale,Deux véhicules - côté,,,,,,,,,,,5,2,1,1,3
200600078709,0006-12-04 15:15:00,6,12,4,15,15,800,261,AMIENS (ROUTE D'),,,Plein jour,En agglomération,Hors intersection,Normale,Trois véhicules et plus - collisions multiples,,,,,,,,,,,1,2,1,1,5
200600078710,0006-12-04 21:50:00,6,12,4,21,50,800,21,ROCADE NORD EST RN 25,,,Nuit sans éclairage public,Hors agglomération,Hors intersection,Temps couvert,Sans collision,,,,,,,,,,,3,1,1,8,7
200600078711,0006-12-06 12:30:00,6,12,6,12,30,800,21,"0, DUTHOIT (RUE)",,,Plein jour,En agglomération,Intersection en X,Normale,Deux véhicules - côté,,,,,,,,,,,1,2,2,1,3
200600078712,0006-12-06 17:45:00,6,12,6,17,45,800,21,"432, SAINT FUSCIEN (RUE)",,,Nuit avec éclairage allumé,En agglomération,Intersection en T,Pluie légère,Deux véhicules - côté,,,,,,,,,,,5,2,3,2,3
200600078713,0006-12-07 13:50:00,6,12,7,13,50,800,21,"0, CROIX DE PIERRE (RUE",,,Plein jour,En agglomération,Hors intersection,Normale,Deux véhicules - côté,,,,,,,,,,,1,2,1,1,3
200600078714,0006-12-09 20:50:00,6,12,9,20,50,800,21,"0, PICASSO (RUE)",,,Nuit avec éclairage allumé,En agglomération,Hors intersection,Normale,Deux véhicules - frontale,,,,,,,,,,,5,2,1,1,1
200600078715,0006-12-09 10:45:00,6,12,9,10,45,800,21,"4, FAUBOURG DE HEM (RUE",,,Plein jour,En agglomération,Hors intersection,Normale,Sans collision,,,,,,,,,,,1,2,1,1,7
200600078716,0006-12-09 08:25:00,6,12,9,8,25,800,674,"29, GENERAL LECLERC (AVE",,,Plein jour,En agglomération,Hors intersection,Normale,Deux véhicules - côté,,,,,,,,,,,1,2,1,1,3
200600078717,0006-12-09 10:45:00,6,12,9,10,45,800,725,"0, FACULTES (AVENUE DES)",,,Plein jour,En agglomération,Hors intersection,Normale,Deux véhicules - arrière,,,,,,,,,,,1,2,1,1,2
200600078718,0006-12-11 18:20:00,6,12,11,18,20,800,21,"0, MAIGNAN LARIVIERE (BO",,,Nuit avec éclairage allumé,En agglomération,Hors intersection,Pluie légère,Autre collision,,,,,,,,,,,5,2,1,2,6
200600078719,0006-12-11 12:10:00,6,12,11,12,10,800,725,"88, JEAN JAURES (AVENUE)",,,Plein jour,En agglomération,Hors intersection,Temps couvert,Deux véhicules - côté,,,,,,,,,,,1,2,1,8,3
200600078720,0006-12-12 11:10:00,6,12,12,11,10,800,21,"0, DUFOUR (RUE)",,,Plein jour,En agglomération,Intersection en X,Normale,Autre collision,,,,,,,,,,,1,2,2,1,6
200600078721,0006-12-13 10:10:00,6,12,13,10,10,800,21,"61, BAUDOUIN D'AILLY (RU",,,Plein jour,En agglomération,Hors intersection,Normale,Deux véhicules - côté,,,,,,,,,,,1,2,1,1,3
200600078722,0006-12-14 16:05:00,6,12,14,16,5,800,21,"7, EUROPE (AVENUE DE L')",,,Plein jour,En agglomération,Hors intersection,Normale,Autre collision,,,,,,,,,,,1,2,1,1,6
200600078723,0006-12-15 08:00:00,6,12,15,8,0,800,21,ABBEVILLE (RUE D') RD 12,,,Crépuscule ou aube,En agglomération,Hors intersection,Normale,Autre collision,,,,,,,,,,,2,2,1,1,6
200600078724,0006-12-15 21:20:00,6,12,15,21,20,800,489,"0, ALLIES (RUE DES)",,,Nuit avec éclairage allumé,En agglomération,Hors intersection,Normale,Deux véhicules - côté,,,,,,,,,,,5,2,1,1,3
200600078725,0006-12-15 17:25:00,6,12,15,17,25,800,21,"0, FEURRE (PLACE AU)",,,Nuit avec éclairage allumé,En agglomération,Hors intersection,Normale,Autre collision,,,,,,,,,,,5,2,1,1,6
200600078726,0006-12-18 15:25:00,6,12,18,15,25,800,21,"0, VATABLE (RUE)",,,Plein jour,En agglomération,Intersection en X,Normale,Deux véhicules - côté,,,,,,,,,,,1,2,2,1,3
200600078727,0006-12-19 14:00:00,6,12,19,14,0,800,21,"557, SAINT FUSCIEN (RUE)",,,Plein jour,En agglomération,Intersection en T,Normale,Deux véhicules - arrière,,,,,,,,,,,1,2,3,1,2
200600078728,0006-12-20 20:25:00,6,12,20,20,25,800,21,"0, BEL AIR (RUE DU)",,,Nuit avec éclairage allumé,En agglomération,Hors intersection,Normale,Deux véhicules - arrière,,,,,,,,,,,5,2,1,1,2
200600078729,0006-12-21 19:00:00,6,12,21,19,0,800,261,"0, PARIS (ROUTE DE)",,,Nuit avec éclairage allumé,En agglomération,Hors intersection,Normale,Deux véhicules - côté,,,,,,,,,,,5,2,1,1,3
200600078730,0006-12-21 19:15:00,6,12,21,19,15,800,21,"0, COMMUNE DE PARIS (AVE",,,Nuit avec éclairage allumé,En agglomération,Hors intersection,Normale,Autre collision,,,,,,,,,,,5,2,1,1,6
200600078731,0006-12-24 18:00:00,6,12,24,18,0,800,21,"5, DEUXIEME DB (RUE DE L",,,Nuit avec éclairage allumé,En agglomération,Hors intersection,Normale,Deux véhicules - arrière,,,,,,,,,,,5,2,1,1,2
200600078732,0006-12-23 21:15:00,6,12,23,21,15,800,724,TAISNIL (ROUTE DE),,,Nuit avec éclairage allumé,En agglomération,Hors intersection,Normale,Sans collision,,,,,,,,,,,5,2,1,1,7
200600078733,0006-12-22 12:40:00,6,12,22,12,40,800,261,"0, CROIX BLANCHE (CHEMIN",,,Plein jour,En agglomération,Hors intersection,Normale,Deux véhicules - arrière,,,,,,,,,,,1,2,1,1,2
200600078734,0006-12-27 18:30:00,6,12,27,18,30,800,131,RD 934,,,Nuit avec éclairage allumé,Hors agglomération,Intersection en X,Temps couvert,Deux véhicules - côté,,,,,,,,,,,5,1,2,8,3
200600078735,0006-12-29 00:10:00,6,12,29,0,10,800,21,"144, FAUBOURG DE HEM (RU",,,Nuit avec éclairage allumé,En agglomération,Hors intersection,Normale,Sans collision,,,,,,,,,,,5,2,1,1,7
200600078736,0006-12-30 05:10:00,6,12,30,5,10,810,4,RN88 OUEST,,,Nuit avec éclairage allumé,Hors agglomération,Hors intersection,Temps couvert,Autre collision,,,,,,,,,,,5,1,1,8,6
200600078737,0006-12-26 18:10:00,6,12,26,18,10,810,60,"16, NECKARSULM (AV. DE)",,,Nuit avec éclairage allumé,En agglomération,Hors intersection,Normale,Autre collision,,,,,,,,,,,5,2,1,1,6
200600078738,0006-12-01 21:40:00,6,12,1,21,40,810,65,"88, AUDENET  (RUE SOEUR)",,,Nuit sans éclairage public,En agglomération,Hors intersection,Normale,Deux véhicules - arrière,,,,,,,,,,,3,2,1,1,2
200600078739,0006-12-01 15:20:00,6,12,1,15,20,810,65,"4, VILLENEUVE (RUE EMILI",,,Plein jour,En agglomération,Hors intersection,Normale,Sans collision,,,,,,,,,,,1,2,1,1,7
200600078740,0006-12-06 10:05:00,6,12,6,10,5,810,65,FILTRES (RD.PT. DES),,,Plein jour,En agglomération,Intersection en X,Normale,Deux véhicules - côté,,,,,,,,,,,1,2,2,1,3
200600078741,0006-12-06 12:00:00,6,12,6,12,0,810,65,"76, SIDOBRE RD 622 (AV.",,,Plein jour,En agglomération,Hors intersection,Normale,Sans collision,,,,,,,,,,,1,2,1,1,7
200600078742,0006-12-13 18:15:00,6,12,13,18,15,810,65,"1, DESPLATS (AV. LT. JAC",,,Crépuscule ou aube,En agglomération,Intersection en T,Normale,Sans collision,,,,,,,,,,,2,2,3,1,7
200600078743,0006-12-09 04:45:00,6,12,9,4,45,810,65,DEPATEMENTALE 89 (RD),,,Nuit avec éclairage allumé,En agglomération,Intersection en X,Pluie forte,Deux véhicules - côté,,,,,,,,,,,5,2,2,3,3
200600078744,0006-12-09 10:30:00,6,12,9,10,30,810,65,"4, MITTERRAND (AV. FRANC",,,Plein jour,En agglomération,Intersection en T,Pluie légère,Deux véhicules - côté,,,,,,,,,,,1,2,3,2,3
200600078745,0006-12-12 16:00:00,6,12,12,16,0,810,65,TOULOUSE RN 126 (RTE DE),,,Plein jour,En agglomération,Hors intersection,Normale,Trois véhicules et plus - collisions multiples,,,,,,,,,,,1,2,1,1,5
200600078746,0006-12-18 19:00:00,6,12,18,19,0,810,65,DE GAULLE RD 612 (AV. CH,,,Nuit avec éclairage allumé,En agglomération,Intersection en T,Pluie légère,Deux véhicules - côté,,,,,,,,,,,5,2,3,2,3
200600078747,0006-12-19 14:30:00,6,12,19,14,30,810,65,"1, CHAPTAL (RUE JEAN)",,,Plein jour,En agglomération,Hors intersection,Normale,Deux véhicules - côté,,,,,,,,,,,1,2,1,1,3
200600078748,0006-12-22 10:10:00,6,12,22,10,10,810,65,"133, ALBERT 1° (AV)",,,Plein jour,En agglomération,Hors intersection,Normale,Deux véhicules - arrière,,,,,,,,,,,1,2,1,1,2
200600078749,0006-12-22 17:00:00,6,12,22,17,0,810,65,VOIE COMMUNALE 50,,,Plein jour,Hors agglomération,Hors intersection,Normale,Sans collision,,,,,,,,,,,1,1,1,1,7
200600078750,0006-12-24 06:00:00,6,12,24,6,0,810,65,NAVES RD 85 (RTE),,,Nuit sans éclairage public,En agglomération,Hors intersection,Brouillard / fumée,Deux véhicules - frontale,,,,,,,,,,,3,2,1,5,1
200600078751,0006-12-28 14:55:00,6,12,28,14,55,810,65,"144, TOULOUSE RN 126 (RT",,,Plein jour,En agglomération,Hors intersection,Normale,Deux véhicules - arrière,,,,,,,,,,,1,2,1,1,2
200600078752,0006-12-30 20:25:00,6,12,30,20,25,810,65,"249, DE GAULLE RD 612 (A",,,Nuit avec éclairage allumé,En agglomération,Hors intersection,Normale,Deux véhicules - côté,,,,,,,,,,,5,2,1,1,3
200600078753,0006-12-02 19:25:00,6,12,2,19,25,810,105,VOUTES (CHEMIN ET PONT D,,,Nuit avec éclairage allumé,En agglomération,Intersection en X,Normale,Deux véhicules - côté,,,,,,,,,,,5,2,2,1,3
200600078754,0006-12-14 12:25:00,6,12,14,12,25,810,105,POMMIER SAUVAGE (LE),,,Plein jour,Hors agglomération,Hors intersection,Normale,Deux véhicules - côté,,,,,,,,,,,1,1,1,1,3
200600078755,0006-12-22 16:55:00,6,12,22,16,55,810,163,"42, JEANNE D'ARC",,,Plein jour,En agglomération,Intersection en X,Normale,Autre collision,,,,,,,,,,,1,2,2,1,6
200600078756,0006-12-14 17:40:00,6,12,14,17,40,810,163,FOCH,,,Nuit avec éclairage allumé,En agglomération,Intersection en X,Normale,Deux véhicules - frontale,,,,,,,,,,,5,2,2,1,1
200600078757,0006-12-27 01:55:00,6,12,27,1,55,820,33,"0, RN 113",,,Nuit sans éclairage public,Hors agglomération,Hors intersection,Normale,Autre collision,,,,,,,,,,,3,1,1,1,6
200600078758,0006-12-08 20:45:00,6,12,8,20,45,820,121,"831, FONNEUVE (AVENUE DE",,,Nuit sans éclairage public,En agglomération,Hors intersection,Normale,Trois véhicules et plus - collisions multiples,,,,,,,,,,,3,2,1,1,5
200600078759,0006-12-11 16:35:00,6,12,11,16,35,820,121,LACRA,,,Plein jour,Hors agglomération,Hors intersection,Normale,Deux véhicules - côté,,,,,,,,,,,1,1,1,1,3
200600078760,0006-12-01 19:05:00,6,12,1,19,5,820,121,"424, MONTRICOUX D 115 (R",,,Nuit sans éclairage public,Hors agglomération,Intersection en X,Normale,Deux véhicules - côté,,,,,,,,,,,3,1,2,1,3
200600078761,0006-12-02 16:05:00,6,12,2,16,5,820,121,"777, MOULIN N 20 (AVENUE",,,Plein jour,En agglomération,Hors intersection,Normale,Deux véhicules - arrière,,,,,,,,,,,1,2,1,1,2
200600078762,0006-12-04 14:40:00,6,12,4,14,40,820,121,"2155, MOLIERES (ROUTE DE",,,Plein jour,Hors agglomération,Hors intersection,Normale,Autre collision,,,,,,,,,,,1,1,1,1,6
200600078763,0006-12-04 20:25:00,6,12,4,20,25,820,121,"48, MOUSTIER (FAUBOURG D",,,Nuit avec éclairage allumé,En agglomération,Hors intersection,Autre,Deux véhicules - côté,,,,,,,,,,,5,2,1,9,3
200600078764,0006-12-04 20:40:00,6,12,4,20,40,820,121,"4080, BORDEAUX (AVENUE D",,,Nuit sans éclairage public,Hors agglomération,Hors intersection,Pluie légère,Autre collision,,,,,,,,,,,3,1,1,2,6
200600078765,0006-12-11 23:54:00,6,12,11,23,54,820,121,"4160, AUCH (ROUTE D')",,,Nuit sans éclairage public,Hors agglomération,Hors intersection,Normale,Autre collision,,,,,,,,,,,3,1,1,1,6
200600078766,0006-12-14 16:25:00,6,12,14,16,25,820,121,"0, VITARELLE (ROUTE DE L",,,Plein jour,Hors agglomération,Intersection en X,Normale,Deux véhicules - côté,,,,,,,,,,,1,1,2,1,3
200600078767,0006-12-15 13:00:00,6,12,15,13,0,820,121,"160, ALSACE LORRAINE ( B",,,Plein jour,En agglomération,Intersection en T,Normale,Trois véhicules et plus - collisions multiples,,,,,,,,,,,1,2,3,1,5
200600078768,0006-12-17 17:35:00,6,12,17,17,35,820,121,"0, ROUTE DE CASTELSARRAS",,,Nuit avec éclairage allumé,Hors agglomération,Intersection en X,Normale,Deux véhicules - côté,,,,,,,,,,,5,1,2,1,3
200600078769,0006-12-21 08:50:00,6,12,21,8,50,820,121,"712, BONNEMORT (RUE GAST",,,Plein jour,Hors agglomération,Intersection en T,Normale,Deux véhicules - côté,,,,,,,,,,,1,1,3,1,3
200600078770,0006-12-21 07:25:00,6,12,21,7,25,820,121,"0, 10EME DRAGONS (AVENUE",,,Nuit avec éclairage allumé,En agglomération,Intersection en X,Normale,Deux véhicules - côté,,,,,,,,,,,5,2,2,1,3
200600078771,0006-12-26 14:00:00,6,12,26,14,0,820,121,"0, SAINT-ETIENNE DE TULM",,,Plein jour,Hors agglomération,Hors intersection,Normale,Deux véhicules - côté,,,,,,,,,,,1,1,1,1,3
200600078772,0006-12-28 16:50:00,6,12,28,16,50,820,121,"2743, VIGNARNAUD (ROUTE",,,Plein jour,Hors agglomération,Hors intersection,Normale,Autre collision,,,,,,,,,,,1,1,1,1,6
200600078773,0006-12-20 17:55:00,6,12,20,17,55,820,121,"141, TOULOUSE (AVENUE DE",,,Plein jour,En agglomération,Hors intersection,Normale,Deux véhicules - côté,,,,,,,,,,,1,2,1,1,3