accident_id,datetime,annee,mois,jour,heure,minute,departement,commune_insee,adresse,latitude,longitude,luminosite,agglomeration,intersection,meteo,collision,nb_vehicules,nb_usagers,nb_indemnes,nb_tues,nb_blesses_hosp,nb_blesses_legers,age_cond_1,age_cond_2,veh_type_cond_1,veh_type_cond_2,lum_code,agg_code,int_code,atm_code,col_code
200600078774,0006-12-26 14:45:00,6,12,26,14,45,820,121,"735, MOLIERES (ROUTE DE)",,,Plein jour,Hors agglomération,Hors intersection,Normale,Deux véhicules - côté,,,,,,,,,,,1,1,1,1,3
200600078775,0006-12-02 23:48:00,6,12,2,23,48,830,50,"32, CARNOT(AVENUE LAZARE",,,Nuit avec éclairage non allumé,En agglomération,Hors intersection,Normale,Autre collision,,,,,,,,,,,4,2,1,1,6
200600078776,0006-12-12 17:15:00,6,12,12,17,15,830,118,RUE DU STADE,,,Nuit avec éclairage allumé,En agglomération,Intersection en T,Normale,Autre collision,,,,,,,,,,,5,2,3,1,6
200600078777,0006-12-02 04:50:00,6,12,2,4,50,830,118,BOULEVARD DES MIMOSAS,,,Nuit avec éclairage allumé,En agglomération,Hors intersection,Normale,Autre collision,,,,,,,,,,,5,2,1,1,6
200600078778,0006-12-27 15:30:00,6,12,27,15,30,830,61,"0, CD8",,,Plein jour,En agglomération,Hors intersection,Normale,Deux véhicules - frontale,,,,,,,,,,,1,2,1,1,1
200600078779,0006-12-11 13:00:00,6,12,11,13,0,830,69,"120, TOULON RD 46 ( ROUT",,,Plein jour,En agglomération,Hors intersection,Normale,Deux véhicules - côté,,,,,,,,,,,1,2,1,1,3
200600078780,0006-12-03 09:30:00,6,12,3,9,30,830,123,"39, BUGE (CHEMIN DE LA)",,,Plein jour,En agglomération,Hors intersection,Temps couvert,Deux véhicules - frontale,,,,,,,,,,,1,2,1,8,1
200600078781,0006-12-10 15:25:00,6,12,10,15,25,830,123,"0, MARIE ESMENARD (QUAI)",,,Plein jour,En agglomération,Hors intersection,Normale,Autre collision,,,,,,,,,,,1,2,1,1,6
200600078782,0006-12-16 23:55:00,6,12,16,23,55,830,129,JUIN MARECHAL (AV DU),,,Nuit avec éclairage allumé,En agglomération,Giratoire,Normale,Deux véhicules - côté,,,,,,,,,,,5,2,6,1,3
200600078783,0006-12-19 12:00:00,6,12,19,12,0,830,129,MER (AVENUE DE LA) N° PA,,,Plein jour,En agglomération,Hors intersection,Normale,Deux véhicules - côté,,,,,,,,,,,1,2,1,1,3
200600078784,0006-12-28 00:01:00,6,12,28,0,1,830,129,"0, KENNEDY (AVENUE J.)N°",,,Nuit avec éclairage allumé,En agglomération,Hors intersection,Normale,Deux véhicules - côté,,,,,,,,,,,5,2,1,1,3
200600078785,0006-12-28 12:50:00,6,12,28,12,50,830,123,GARE (ROUTE),,,Plein jour,En agglomération,Hors intersection,Normale,Deux véhicules - arrière,,,,,,,,,,,1,2,1,1,2
200600078786,0006-12-01 13:55:00,6,12,1,13,55,830,126,"23 Bis, LAURENT (RUE JAC",,,Plein jour,En agglomération,Hors intersection,Normale,Trois véhicules et plus - collisions multiples,,,,,,,,,,,1,2,1,1,5
200600078787,0006-12-09 22:50:00,6,12,9,22,50,830,126,"0, GRANDE MAISON (ROUTE",,,Nuit avec éclairage allumé,En agglomération,Intersection en X,Normale,Deux véhicules - côté,,,,,,,,,,,5,2,2,1,3
200600078788,0006-12-12 13:35:00,6,12,12,13,35,830,126,"378, GENOUD ( CHEMIN AIM",,,Plein jour,En agglomération,Hors intersection,Normale,Autre collision,,,,,,,,,,,1,2,1,1,6
200600078789,0006-12-15 07:50:00,6,12,15,7,50,830,126,"65, STALINGRAD (BD)",,,Plein jour,En agglomération,Hors intersection,Normale,Autre collision,,,,,,,,,,,1,2,1,1,6
200600078790,0006-12-19 19:55:00,6,12,19,19,55,830,126,RENOIR (AV AUGUSTE),,,Nuit avec éclairage allumé,En agglomération,Intersection en X,Normale,Deux véhicules - côté,,,,,,,,,,,5,2,2,1,3
200600078791,0006-12-22 11:40:00,6,12,22,11,40,830,126,BRUN (AV ROBERT),,,Plein jour,En agglomération,Hors intersection,Normale,Deux véhicules - côté,,,,,,,,,,,1,2,1,1,3
200600078792,0006-12-24 19:35:00,6,12,24,19,35,830,126,LONDRES (AV DE),,,Nuit avec éclairage allumé,En agglomération,Hors intersection,Normale,Deux véhicules - arrière,,,,,,,,,,,5,2,1,1,2
200600078793,0006-12-27 10:15:00,6,12,27,10,15,830,126,"734, FABREGAS (CHEMIN DE",,,Plein jour,En agglomération,Hors intersection,Normale,Deux véhicules - côté,,,,,,,,,,,1,2,1,1,3
200600078794,0006-12-20 14:40:00,6,12,20,14,40,830,137,"366, CUZIN (AVE FRANCOIS",,,Plein jour,En agglomération,Hors intersection,Normale,Deux véhicules - côté,,,,,,,,,,,1,2,1,1,3
200600078795,0006-12-29 10:03:00,6,12,29,10,3,830,137,CAMUS (AVE ALBERT),,,Plein jour,En agglomération,Hors intersection,Normale,Deux véhicules - arrière,,,,,,,,,,,1,2,1,1,2
200600078796,0006-12-14 19:10:00,6,12,14,19,10,830,90,"0, CLOS DU HAUT (CHEMIN",,,Nuit avec éclairage allumé,En agglomération,Hors intersection,Normale,Deux véhicules - arrière,,,,,,,,,,,5,2,1,1,2
200600078797,0006-12-07 14:00:00,6,12,7,14,0,830,137,NICOLAS (BD COMMANDANT),,,Plein jour,En agglomération,Intersection en X,Normale,Deux véhicules - côté,,,,,,,,,,,1,2,2,1,3
200600078798,0006-12-01 09:00:00,6,12,1,9,0,830,137,RESISTANCE (AVE / IMP DE,,,Plein jour,En agglomération,Intersection en T,Normale,Autre collision,,,,,,,,,,,1,2,3,1,6
200600078799,0006-12-31 09:45:00,6,12,31,9,45,830,137,"1408, GASQUET (AVE JOSEP",,,Plein jour,En agglomération,Hors intersection,Normale,Sans collision,,,,,,,,,,,1,2,1,1,7
200600078800,0006-12-01 18:00:00,6,12,1,18,0,830,137,RODE (LA),,,Nuit avec éclairage allumé,En agglomération,Hors intersection,Normale,Trois véhicules et plus - en chaîne,,,,,,,,,,,5,2,1,1,4
200600078801,0006-12-01 16:40:00,6,12,1,16,40,830,62,THOUAR MONTEE,,,Plein jour,En agglomération,Hors intersection,Normale,Deux véhicules - frontale,,,,,,,,,,,1,2,1,1,1
200600078802,0006-12-03 16:25:00,6,12,3,16,25,830,137,CD 46 (DEBUT TLN A ARTHE,,,Plein jour,En agglomération,Intersection en T,Normale,Deux véhicules - côté,,,,,,,,,,,1,2,3,1,3
200600078803,0006-12-05 17:10:00,6,12,5,17,10,830,137,"34, LITARDI (RUE DENIS)",,,Crépuscule ou aube,En agglomération,Hors intersection,Normale,Autre collision,,,,,,,,,,,2,2,1,1,6
200600078804,0006-12-05 20:55:00,6,12,5,20,55,830,137,"45, RIVIERE (QUAI COMMAN",,,Nuit avec éclairage allumé,En agglomération,Hors intersection,Normale,Autre collision,,,,,,,,,,,5,2,1,1,6
200600078805,0006-12-06 07:20:00,6,12,6,7,20,830,137,NOGUES (AVE DU GENERAL),,,Nuit avec éclairage allumé,En agglomération,Hors intersection,Pluie forte,Deux véhicules - côté,,,,,,,,,,,5,2,1,3,3
200600078806,0006-12-07 12:00:00,6,12,7,12,0,830,137,"67, GOURAUD (AVE GENERAL",,,Plein jour,En agglomération,Hors intersection,Normale,Deux véhicules - côté,,,,,,,,,,,1,2,1,1,3
200600078807,0006-12-09 21:30:00,6,12,9,21,30,830,137,BROSSET (BD GENERAL),,,Nuit avec éclairage allumé,En agglomération,Intersection en T,Normale,Deux véhicules - arrière,,,,,,,,,,,5,2,3,1,2
200600078808,0006-12-08 14:15:00,6,12,8,14,15,830,137,DAVID (RUE GENERAL MAURI,,,Plein jour,En agglomération,Hors intersection,Pluie forte,Autre collision,,,,,,,,,,,1,2,1,3,6
200600078809,0006-12-12 07:50:00,6,12,12,7,50,830,137,FONTAN (AVE DU DOCTEUR),,,Plein jour,En agglomération,Hors intersection,Normale,Deux véhicules - côté,,,,,,,,,,,1,2,1,1,3
200600078810,0006-12-13 09:00:00,6,12,13,9,0,830,90,SAINT LAZE (COLLINE),,,Plein jour,Hors agglomération,Intersection en T,Normale,Deux véhicules - côté,,,,,,,,,,,1,1,3,1,3
200600078811,0006-12-08 11:40:00,6,12,8,11,40,830,62,SCHWEITZER,,,Plein jour,En agglomération,Intersection en T,Pluie forte,Deux véhicules - côté,,,,,,,,,,,1,2,3,3,3
200600078812,0006-12-12 16:00:00,6,12,12,16,0,830,144,"400, NATIONALE 97 (ROUTE",,,Plein jour,Hors agglomération,Hors intersection,Normale,Autre collision,,,,,,,,,,,1,1,1,1,6
200600078813,0006-12-01 18:35:00,6,12,1,18,35,830,137,FOUCAULD (RUE REVEREND P,,,Crépuscule ou aube,En agglomération,Hors intersection,Normale,Autre collision,,,,,,,,,,,2,2,1,1,6
200600078814,0006-12-14 23:01:00,6,12,14,23,1,830,90,"795, NATIONALE 8 (ROUTE)",,,Nuit avec éclairage allumé,En agglomération,Hors intersection,Normale,Autre collision,,,,,,,,,,,5,2,1,1,6
200600078815,0006-12-12 16:06:00,6,12,12,16,6,830,137,"0, ARMARIS (BD DES)",,,Plein jour,En agglomération,Intersection en T,Normale,Deux véhicules - côté,,,,,,,,,,,1,2,3,1,3
200600078816,0006-12-11 10:10:00,6,12,11,10,10,830,137,RESISTANCE (AVE / IMP DE,,,Plein jour,En agglomération,Giratoire,Normale,Deux véhicules - côté,,,,,,,,,,,1,2,6,1,3
200600078817,0006-12-18 07:05:00,6,12,18,7,5,830,137,"476, BRIAND (AVE ARISTID",,,Plein jour,En agglomération,Hors intersection,Normale,Deux véhicules - côté,,,,,,,,,,,1,2,1,1,3
200600078818,0006-12-14 14:00:00,6,12,14,14,0,830,144,"0, UNIVERSITE (AVE DE L'",,,Plein jour,En agglomération,Hors intersection,Normale,Deux véhicules - arrière,,,,,,,,,,,1,2,1,1,2
200600078819,0006-12-18 09:30:00,6,12,18,9,30,830,90,CLEMENCEAU (AVE GEORGES),,,Plein jour,En agglomération,Hors intersection,Normale,Deux véhicules - côté,,,,,,,,,,,1,2,1,1,3
200600078820,0006-12-18 08:35:00,6,12,18,8,35,830,144,"0, MIRASOULEOU (AVE)",,,Plein jour,En agglomération,Hors intersection,Normale,Autre collision,,,,,,,,,,,1,2,1,1,6
200600078821,0006-12-04 10:20:00,6,12,4,10,20,830,137,"322, LE BELLEGOU (AVE ED",,,Plein jour,En agglomération,Hors intersection,Normale,Autre collision,,,,,,,,,,,1,2,1,1,6
200600078822,0006-12-14 15:05:00,6,12,14,15,5,830,137,BROSSET (BD GENERAL),,,Plein jour,En agglomération,Intersection en T,Normale,Deux véhicules - côté,,,,,,,,,,,1,2,3,1,3
200600078823,0006-12-13 13:45:00,6,12,13,13,45,830,137,BOZZO (AVE  LOUIS),,,Plein jour,En agglomération,Hors intersection,Normale,Autre collision,,,,,,,,,,,1,2,1,1,6
200600078824,0006-12-18 19:15:00,6,12,18,19,15,830,90,EUROPE (ROND POINT DE L',,,Nuit avec éclairage allumé,Hors agglomération,Hors intersection,Normale,Autre collision,,,,,,,,,,,5,1,1,1,6
200600078825,0006-12-19 07:35:00,6,12,19,7,35,830,137,"0, CUZIN (AVE FRANCOIS)",,,Plein jour,En agglomération,Hors intersection,Normale,Deux véhicules - arrière,,,,,,,,,,,1,2,1,1,2
200600078826,0006-12-20 09:00:00,6,12,20,9,0,830,137,GUES (BD DE L'ENSEIGNE D,,,Plein jour,En agglomération,Hors intersection,Normale,Autre collision,,,,,,,,,,,1,2,1,1,6
200600078827,0006-12-23 10:00:00,6,12,23,10,0,830,90,RESISTANCE (AVE DE LA),,,Plein jour,En agglomération,Hors intersection,Normale,Deux véhicules - côté,,,,,,,,,,,1,2,1,1,3
200600078828,0006-12-21 18:00:00,6,12,21,18,0,830,137,"200, ROOSEVELT (AVE FRAN",,,Nuit avec éclairage allumé,En agglomération,Hors intersection,Normale,Deux véhicules - côté,,,,,,,,,,,5,2,1,1,3
200600078829,0006-12-22 22:15:00,6,12,22,22,15,830,137,INFANTERIE DE MARINE (AV,,,Nuit avec éclairage allumé,En agglomération,Hors intersection,Normale,Deux véhicules - arrière,,,,,,,,,,,5,2,1,1,2
200600078830,0006-12-24 19:51:00,6,12,24,19,51,830,137,"117, CARNOT (AVE LAZARE)",,,Nuit avec éclairage allumé,En agglomération,Intersection en X,Normale,Deux véhicules - côté,,,,,,,,,,,5,2,2,1,3
200600078831,0006-12-10 11:35:00,6,12,10,11,35,830,137,DAUMAS (RUE AUGUSTIN),,,Plein jour,En agglomération,Hors intersection,Normale,Deux véhicules - côté,,,,,,,,,,,1,2,1,1,3
200600078832,0006-12-14 17:16:00,6,12,14,17,16,830,90,GORGES (ROUTE DES),,,Nuit sans éclairage public,Hors agglomération,Hors intersection,Normale,Deux véhicules - arrière,,,,,,,,,,,3,1,1,1,2
200600078833,0006-12-14 18:35:00,6,12,14,18,35,830,137,"202, 15EME CORPS (AVE DU",,,Nuit avec éclairage allumé,En agglomération,Hors intersection,Normale,Autre collision,,,,,,,,,,,5,2,1,1,6
200600078834,0006-12-27 18:00:00,6,12,27,18,0,830,137,ARMARIS (BD DES),,,Nuit avec éclairage allumé,En agglomération,Hors intersection,Normale,Sans collision,,,,,,,,,,,5,2,1,1,7
200600078835,0006-12-26 17:00:00,6,12,26,17,0,830,137,"1628, GASQUET (AVE JOSEP",,,Crépuscule ou aube,En agglomération,Intersection en X,Normale,Deux véhicules - frontale,,,,,,,,,,,2,2,2,1,1
200600078836,0006-12-27 17:35:00,6,12,27,17,35,830,90,DEPARTEMENTALE 11 (ROUTE,,,Nuit sans éclairage public,En agglomération,Hors intersection,Normale,Deux véhicules - côté,,,,,,,,,,,3,2,1,1,3
200600078837,0006-12-22 12:35:00,6,12,22,12,35,830,98,MOULIN (AVENUE JEAN),,,Plein jour,En agglomération,Intersection en T,Normale,Deux véhicules - côté,,,,,,,,,,,1,2,3,1,3
200600078838,0006-12-08 15:45:00,6,12,8,15,45,830,137,"350, 15EME CORPS (AVE DU",,,Plein jour,En agglomération,Hors intersection,Pluie légère,Autre collision,,,,,,,,,,,1,2,1,2,6
200600078839,0006-12-24 12:25:00,6,12,24,12,25,830,137,"34, CASTEL (RUE)",,,Plein jour,En agglomération,Hors intersection,Normale,Autre collision,,,,,,,,,,,1,2,1,1,6
200600078840,0006-12-01 12:10:00,6,12,1,12,10,840,7,TARASCON,,,Plein jour,En agglomération,Hors intersection,Normale,Deux véhicules - arrière,,,,,,,,,,,1,2,1,1,2
200600078841,0006-12-02 21:10:00,6,12,2,21,10,840,7,LIMBERT (Boulevard),,,Nuit avec éclairage allumé,En agglomération,Intersection en X,Normale,Deux véhicules - côté,,,,,,,,,,,5,2,2,1,3
200600078842,0006-12-03 08:55:00,6,12,3,8,55,840,7,"néant, EUROPE (Pont de l",,,Plein jour,En agglomération,Hors intersection,Normale,Autre collision,,,,,,,,,,,1,2,1,1,6
200600078843,0006-12-03 22:15:00,6,12,3,22,15,840,7,"1, MORIERES (Route de )",,,Nuit avec éclairage allumé,Hors agglomération,Intersection en X,Normale,Deux véhicules - côté,,,,,,,,,,,5,1,2,1,3
200600078844,0006-12-05 11:55:00,6,12,5,11,55,840,7,BONPAS ( Pont),,,Plein jour,Hors agglomération,Hors intersection,Normale,Trois véhicules et plus - collisions multiples,,,,,,,,,,,1,1,1,1,5
200600078845,0006-12-05 15:25:00,6,12,5,15,25,840,7,ITALIENS (avenue des ),,,Plein jour,En agglomération,Autre intersection,Normale,Deux véhicules - côté,,,,,,,,,,,1,2,9,1,3
200600078846,0006-12-05 22:30:00,6,12,5,22,30,840,7,ROUTE NATIONALE 7,,,Nuit avec éclairage allumé,En agglomération,Intersection en X,Normale,Deux véhicules - côté,,,,,,,,,,,5,2,2,1,3
200600078847,0006-12-08 22:15:00,6,12,8,22,15,840,7,CHARLES DE GAULLE,,,Nuit avec éclairage allumé,En agglomération,Hors intersection,Normale,Deux véhicules - arrière,,,,,,,,,,,5,2,1,1,2
200600078848,0006-12-09 02:15:00,6,12,9,2,15,840,7,"09 bis, SAINT LAZARRE (b",,,Nuit avec éclairage allumé,En agglomération,Hors intersection,Normale,Autre collision,,,,,,,,,,,5,2,1,1,6
200600078849,0006-12-11 17:45:00,6,12,11,17,45,840,7,CROIX ROUGE( Avenue de l,,,Nuit avec éclairage non allumé,En agglomération,Hors intersection,Normale,Autre collision,,,,,,,,,,,4,2,1,1,6
200600078850,0006-12-13 13:00:00,6,12,13,13,0,840,7,SAINT LAZARE (Boulevard),,,Plein jour,En agglomération,Hors intersection,Normale,Autre collision,,,,,,,,,,,1,2,1,1,6
200600078851,0006-12-13 17:30:00,6,12,13,17,30,840,7,TARASCON ( Avenue de),,,Crépuscule ou aube,En agglomération,Intersection en X,Normale,Deux véhicules - côté,,,,,,,,,,,2,2,2,1,3
200600078852,0006-12-20 13:15:00,6,12,20,13,15,840,7,"néant, JOANNIS (chemin d",,,Plein jour,En agglomération,Intersection en X,Normale,Deux véhicules - côté,,,,,,,,,,,1,2,2,1,3
200600078853,0006-12-21 12:00:00,6,12,21,12,0,840,7,PONT DES DEUX EAUX (Chem,,,Plein jour,En agglomération,Hors intersection,Normale,Deux véhicules - côté,,,,,,,,,,,1,2,1,1,3
200600078854,0006-12-21 19:55:00,6,12,21,19,55,840,7,CORDERIE (rue de la ),,,Nuit avec éclairage allumé,En agglomération,Hors intersection,Normale,Autre collision,,,,,,,,,,,5,2,1,1,6
200600078855,0006-12-22 03:35:00,6,12,22,3,35,840,7,PIERRE SEMARD (avenue),,,Nuit avec éclairage allumé,En agglomération,Autre intersection,Normale,Deux véhicules - côté,,,,,,,,,,,5,2,9,1,3
200600078856,0006-12-22 15:00:00,6,12,22,15,0,840,7,"1480, AMANDIER (Avenue d",,,Plein jour,En agglomération,Hors intersection,Normale,Deux véhicules - côté,,,,,,,,,,,1,2,1,1,3
200600078857,0006-12-22 17:45:00,6,12,22,17,45,840,7,"117, TARASCON ( Avenue d",,,Nuit avec éclairage allumé,En agglomération,Hors intersection,Normale,Autre collision,,,,,,,,,,,5,2,1,1,6
200600078858,0006-12-22 21:45:00,6,12,22,21,45,840,7,PIERRE SEMARD (avenue),,,Nuit sans éclairage public,En agglomération,Intersection en T,Normale,Deux véhicules - côté,,,,,,,,,,,3,2,3,1,3
200600078859,0006-12-23 16:35:00,6,12,23,16,35,840,7,LYON (route de ),,,Plein jour,Hors agglomération,Hors intersection,Normale,Sans collision,,,,,,,,,,,1,1,1,1,7
200600078860,0006-12-23 17:25:00,6,12,23,17,25,840,7,MISTRAL7  (Parking C.Com,,,Crépuscule ou aube,En agglomération,Hors intersection,Normale,Deux véhicules - côté,,,,,,,,,,,2,2,1,1,3
200600078861,0006-12-26 21:00:00,6,12,26,21,0,840,7,MENDES FRANCE (Rue Pierr,,,Nuit avec éclairage allumé,En agglomération,Hors intersection,Normale,Deux véhicules - arrière,,,,,,,,,,,5,2,1,1,2
200600078862,0006-12-27 11:45:00,6,12,27,11,45,840,7,"360, CROIX ROUGE( Avenue",,,Plein jour,En agglomération,Hors intersection,Normale,Trois véhicules et plus - en chaîne,,,,,,,,,,,1,2,1,1,4
200600078863,0006-12-29 21:05:00,6,12,29,21,5,840,7,SAINT ROCH (Boulevard),,,Nuit avec éclairage allumé,En agglomération,Hors intersection,Normale,Deux véhicules - côté,,,,,,,,,,,5,2,1,1,3
200600078864,0006-12-31 19:25:00,6,12,31,19,25,840,7,SAINT ROCH (Boulevard),,,Crépuscule ou aube,En agglomération,Intersection en T,Normale,Deux véhicules - côté,,,,,,,,,,,2,2,3,1,3
200600078865,0006-12-19 02:00:00,6,12,19,2,0,840,80,"715, SARRIANS ROUTE DE",,,Nuit sans éclairage public,Hors agglomération,Hors intersection,Pluie légère,Autre collision,,,,,,,,,,,3,1,1,2,6
200600078866,0006-12-30 20:30:00,6,12,30,20,30,840,31,"90, MOULIN AVENUE JEAN",,,Nuit avec éclairage allumé,En agglomération,Hors intersection,Normale,Deux véhicules - côté,,,,,,,,,,,5,2,1,1,3
200600078867,0006-12-01 16:15:00,6,12,1,16,15,840,35,"000, CHEVAL BLANC-RD 973",,,Plein jour,Hors agglomération,Hors intersection,Normale,Trois véhicules et plus - collisions multiples,,,,,,,,,,,1,1,1,1,5
200600078868,0006-12-11 19:55:00,6,12,11,19,55,840,35,RD.22,,,Nuit avec éclairage allumé,Hors agglomération,Intersection en X,Normale,Deux véhicules - côté,,,,,,,,,,,5,1,2,1,3
200600078869,0006-12-19 15:50:00,6,12,19,15,50,840,35,FOLLEREAU (AVENUE RAOUL),,,Plein jour,En agglomération,Hors intersection,Normale,Deux véhicules - côté,,,,,,,,,,,1,2,1,1,3
200600078870,0006-12-25 13:00:00,6,12,25,13,0,840,35,ISLE/SORGUE-RD 938 (ROUT,,,Plein jour,Hors agglomération,Hors intersection,Normale,Trois véhicules et plus - collisions multiples,,,,,,,,,,,1,1,1,1,5
200600078871,0006-12-29 21:34:00,6,12,29,21,34,840,35,RD.973,,,Nuit sans éclairage public,Hors agglomération,Hors intersection,Normale,Sans collision,,,,,,,,,,,3,1,1,1,7
200600078872,0006-12-24 16:00:00,6,12,24,16,0,840,87,ROUTE DE COURTHEZON,,,Plein jour,Hors agglomération,Hors intersection,Normale,Sans collision,,,,,,,,,,,1,1,1,1,7
200600078873,0006-12-07 08:08:00,6,12,7,8,8,850,191,"0, BRANLY BOULEVARD EDOU",,,Crépuscule ou aube,En agglomération,Hors intersection,Pluie légère,Autre collision,,,,,,,,,,,2,2,1,2,6
200600078874,0006-12-09 12:31:00,6,12,9,12,31,850,191,"0, JOFFRE RUE DU MARECHA",,,Plein jour,En agglomération,Hors intersection,Normale,Deux véhicules - arrière,,,,,,,,,,,1,2,1,1,2
200600078875,0006-12-15 13:10:00,6,12,15,13,10,850,191,"0, DUCHESNE-DE-DENANT RU",,,Plein jour,En agglomération,Hors intersection,Normale,Deux véhicules - frontale,,,,,,,,,,,1,2,1,1,1
200600078876,0006-12-02 16:15:00,6,12,2,16,15,850,194,MARAICHERS (ROUTE DES),,,Plein jour,En agglomération,Intersection en X,Normale,Deux véhicules - côté,,,,,,,,,,,1,2,2,1,3
200600078877,0006-12-07 08:15:00,6,12,7,8,15,850,194,CROIX BLANCHE (RUE DE LA,,,Crépuscule ou aube,En agglomération,Intersection en X,Pluie forte,Deux véhicules - côté,,,,,,,,,,,2,2,2,3,3
200600078878,0006-12-26 19:40:00,6,12,26,19,40,850,194,"23, MARAICHERS (ROUTE DE",,,Nuit avec éclairage allumé,En agglomération,Hors intersection,Normale,Autre collision,,,,,,,,,,,5,2,1,1,6
200600078879,0006-12-29 17:00:00,6,12,29,17,0,850,194,RD 80,,,Plein jour,En agglomération,Intersection en X,Normale,Deux véhicules - arrière,,,,,,,,,,,1,2,2,1,2
200600078880,0006-12-31 13:25:00,6,12,31,13,25,850,194,VERDUN (RUE DE),,,Plein jour,En agglomération,Hors intersection,Pluie légère,Deux véhicules - arrière,,,,,,,,,,,1,2,1,2,2
200600078881,0006-12-01 17:45:00,6,12,1,17,45,860,194,"68, JACQUES COEUR (AVENU",,,Nuit avec éclairage allumé,En agglomération,Hors intersection,Normale,Autre collision,,,,,,,,,,,5,2,1,1,6
200600078882,0006-12-03 00:20:00,6,12,3,0,20,860,194,ANDRE MALRAUX (VOIE),,,Nuit avec éclairage allumé,En agglomération,Hors intersection,Pluie légère,Autre collision,,,,,,,,,,,5,2,1,2,6
200600078883,0006-12-05 13:40:00,6,12,5,13,40,860,194,"45, PONT ACHARD (BOULEVA",,,Plein jour,En agglomération,Hors intersection,Pluie légère,Deux véhicules - frontale,,,,,,,,,,,1,2,1,2,1
200600078884,0006-12-08 14:25:00,6,12,8,14,25,860,194,JOHN KENNEDY (AVENUE),,,Plein jour,En agglomération,Hors intersection,Normale,Trois véhicules et plus - en chaîne,,,,,,,,,,,1,2,1,1,4
200600078885,0006-12-08 15:00:00,6,12,8,15,0,860,157,RN.147,,,Plein jour,En agglomération,Intersection en T,Temps éblouissant,Deux véhicules - arrière,,,,,,,,,,,1,2,3,7,2
200600078886,0006-12-08 22:20:00,6,12,8,22,20,860,194,"., JACQUES COEUR (AVENUE",,,Nuit avec éclairage allumé,En agglomération,Hors intersection,Pluie légère,Autre collision,,,,,,,,,,,5,2,1,2,6
200600078887,0006-12-10 05:10:00,6,12,10,5,10,860,194,"85, COURS (PROMENADE DES",,,Nuit avec éclairage allumé,En agglomération,Hors intersection,Normale,Deux véhicules - côté,,,,,,,,,,,5,2,1,1,3
200600078888,0006-12-12 18:50:00,6,12,12,18,50,860,41,"., CASTORS (AVENUE DES)",,,Nuit avec éclairage allumé,En agglomération,Giratoire,Normale,Deux véhicules - côté,,,,,,,,,,,5,2,6,1,3
200600078889,0006-12-14 08:55:00,6,12,14,8,55,860,194,LAFAYETTE (AVENUE DE),,,Plein jour,En agglomération,Intersection en Y,Normale,Deux véhicules - arrière,,,,,,,,,,,1,2,4,1,2
200600078890,0006-12-15 07:00:00,6,12,15,7,0,860,194,AERODROME (RUE DE L'),,,Nuit sans éclairage public,En agglomération,Intersection en X,Normale,Deux véhicules - arrière,,,,,,,,,,,3,2,2,1,2
200600078891,0006-12-16 16:15:00,6,12,16,16,15,860,194,EUROPE (AVENUE DE L'),,,Plein jour,En agglomération,Hors intersection,Pluie forte,Deux véhicules - arrière,,,,,,,,,,,1,2,1,3,2
200600078892,0006-12-19 12:15:00,6,12,19,12,15,860,194,"., PLAINE (RUE DE LA)",,,Plein jour,En agglomération,Intersection en X,Normale,Deux véhicules - côté,,,,,,,,,,,1,2,2,1,3
200600078893,0006-12-19 19:50:00,6,12,19,19,50,860,194,"., BUGELLERIE (RUE DE LA",,,Nuit avec éclairage allumé,Hors agglomération,Intersection en X,Normale,Deux véhicules - côté,,,,,,,,,,,5,1,2,1,3
200600078894,0006-12-21 06:40:00,6,12,21,6,40,860,158,147 (ROUTE NATIONALE),,,Nuit sans éclairage public,Hors agglomération,Hors intersection,Autre,Autre collision,,,,,,,,,,,3,1,1,9,6
200600078895,0006-12-21 07:15:00,6,12,21,7,15,860,194,BONNEUIL MATOURS (ROUTE,,,Nuit sans éclairage public,Hors agglomération,Autre intersection,Autre,Sans collision,,,,,,,,,,,3,1,9,9,7
200600078896,0006-12-21 07:55:00,6,12,21,7,55,860,194,"., CONDORCET (RUE)",,,Crépuscule ou aube,En agglomération,Hors intersection,Autre,Sans collision,,,,,,,,,,,2,2,1,9,7
200600078897,0006-12-23 23:45:00,6,12,23,23,45,860,133,POITIERS (AVENUE DE),,,Nuit sans éclairage public,Hors agglomération,Hors intersection,Normale,Sans collision,,,,,,,,,,,3,1,1,1,7
200600078898,0006-12-02 05:35:00,6,12,2,5,35,870,85,"54, BRIAND (RUE ARISTIDE",,,Nuit avec éclairage allumé,En agglomération,Hors intersection,Normale,Autre collision,,,,,,,,,,,5,2,1,1,6
200600078899,0006-12-04 16:00:00,6,12,4,16,0,870,85,"2, JEANTY SARRE (RUE)",,,Plein jour,En agglomération,Hors intersection,Pluie légère,Autre collision,,,,,,,,,,,1,2,1,2,6
200600078900,0006-12-04 17:55:00,6,12,4,17,55,870,85,"3, WILSON (PLACE)",,,Nuit avec éclairage allumé,En agglomération,Intersection en T,Pluie légère,Autre collision,,,,,,,,,,,5,2,3,2,6
200600078901,0006-12-05 08:30:00,6,12,5,8,30,870,85,MAS-BOUYOL  (CITE ET BOU,,,Plein jour,En agglomération,Hors intersection,Pluie légère,Trois véhicules et plus - en chaîne,,,,,,,,,,,1,2,1,2,4
200600078902,0006-12-05 18:20:00,6,12,5,18,20,870,85,"16, BEAUBLANC (BOULEVARD",,,Nuit avec éclairage allumé,En agglomération,Intersection en T,Normale,Deux véhicules - côté,,,,,,,,,,,5,2,3,1,3