accident_id,datetime,annee,mois,jour,heure,minute,departement,commune_insee,adresse,latitude,longitude,luminosite,agglomeration,intersection,meteo,collision,nb_vehicules,nb_usagers,nb_indemnes,nb_tues,nb_blesses_hosp,nb_blesses_legers,age_cond_1,age_cond_2,veh_type_cond_1,veh_type_cond_2,lum_code,agg_code,int_code,atm_code,col_code
200600078903,0006-12-06 08:17:00,6,12,6,8,17,870,113,"37, JAURES (RUE JEAN)",,,Plein jour,En agglomération,Hors intersection,Normale,Deux véhicules - côté,,,,,,,,,,,1,2,1,1,3
200600078904,0006-12-06 16:25:00,6,12,6,16,25,870,85,PORT DU NAVEIX (RUE DU),,,Plein jour,En agglomération,Hors intersection,Normale,Autre collision,,,,,,,,,,,1,2,1,1,6
200600078905,0006-12-07 01:40:00,6,12,7,1,40,870,50,D35,,,Nuit sans éclairage public,Hors agglomération,Hors intersection,Pluie légère,Autre collision,,,,,,,,,,,3,1,1,2,6
200600078906,0006-12-07 17:14:00,6,12,7,17,14,870,85,"62, THUILLAT (RUE VICTOR",,,Plein jour,En agglomération,Hors intersection,Pluie légère,Autre collision,,,,,,,,,,,1,2,1,2,6
200600078907,0006-12-07 19:44:00,6,12,7,19,44,870,85,"53, RUBEN (AVENUE ERNEST",,,Nuit avec éclairage allumé,En agglomération,Hors intersection,Pluie légère,Deux véhicules - côté,,,,,,,,,,,5,2,1,2,3
200600078908,0006-12-08 12:15:00,6,12,8,12,15,870,85,"56, GAMBETTA (BOULEVARD)",,,Plein jour,En agglomération,Hors intersection,Normale,Autre collision,,,,,,,,,,,1,2,1,1,6
200600078909,0006-12-08 18:58:00,6,12,8,18,58,870,85,"108, RUBEN (AVENUE ERNES",,,Nuit avec éclairage allumé,En agglomération,Intersection en X,Normale,Deux véhicules - côté,,,,,,,,,,,5,2,2,1,3
200600078910,0006-12-09 10:35:00,6,12,9,10,35,870,85,PALAIS (ROUTE DU),,,Plein jour,Hors agglomération,Hors intersection,Normale,Autre collision,,,,,,,,,,,1,1,1,1,6
200600078911,0006-12-11 19:00:00,6,12,11,19,0,870,85,RD941,,,Nuit sans éclairage public,Hors agglomération,Hors intersection,Normale,Deux véhicules - arrière,,,,,,,,,,,3,1,1,1,2
200600078912,0006-12-11 19:46:00,6,12,11,19,46,870,85,Georges GUINGOUIN(rue),,,Nuit avec éclairage allumé,En agglomération,Hors intersection,Normale,Trois véhicules et plus - en chaîne,,,,,,,,,,,5,2,1,1,4
200600078913,0006-12-12 07:50:00,6,12,12,7,50,870,85,MONTPLAISIR (RUE),,,Nuit avec éclairage allumé,En agglomération,Hors intersection,Pluie légère,Deux véhicules - arrière,,,,,,,,,,,5,2,1,2,2
200600078914,0006-12-12 17:10:00,6,12,12,17,10,870,85,"11, CLOUET (RUE)",,,Plein jour,En agglomération,Hors intersection,Pluie légère,Autre collision,,,,,,,,,,,1,2,1,2,6
200600078915,0006-12-13 16:15:00,6,12,13,16,15,870,85,"38, CASSEAUX (AVENUE DES",,,Plein jour,En agglomération,Hors intersection,Normale,Autre collision,,,,,,,,,,,1,2,1,1,6
200600078916,0006-12-14 09:00:00,6,12,14,9,0,870,85,"15, CHURCHILL WINSTON (P",,,Plein jour,En agglomération,Hors intersection,Normale,Autre collision,,,,,,,,,,,1,2,1,1,6
200600078917,0006-12-15 04:25:00,6,12,15,4,25,870,85,MAS-BOUYOL  (CITE ET BOU,,,Nuit avec éclairage allumé,En agglomération,Hors intersection,Normale,Autre collision,,,,,,,,,,,5,2,1,1,6
200600078918,0006-12-15 20:00:00,6,12,15,20,0,870,85,"7, REVOLUTION (AVENUE DE",,,Nuit avec éclairage allumé,En agglomération,Hors intersection,Normale,Deux véhicules - côté,,,,,,,,,,,5,2,1,1,3
200600078919,0006-12-15 18:40:00,6,12,15,18,40,870,114,"44, GAMBETTA",,,Nuit avec éclairage allumé,En agglomération,Hors intersection,Normale,Deux véhicules - côté,,,,,,,,,,,5,2,1,1,3
200600078920,0006-12-16 08:07:00,6,12,16,8,7,870,75,D20,,,Crépuscule ou aube,Hors agglomération,Hors intersection,Normale,Autre collision,,,,,,,,,,,2,1,1,1,6
200600078921,0006-12-16 18:45:00,6,12,16,18,45,870,85,"1, DUMAS (AVENUE GEORGES",,,Nuit avec éclairage allumé,En agglomération,Hors intersection,Normale,Trois véhicules et plus - en chaîne,,,,,,,,,,,5,2,1,1,4
200600078922,0006-12-17 23:23:00,6,12,17,23,23,870,85,"115, LATTRE-DE-TASSIGNY",,,Nuit avec éclairage allumé,En agglomération,Hors intersection,Normale,Autre collision,,,,,,,,,,,5,2,1,1,6
200600078923,0006-12-18 09:14:00,6,12,18,9,14,870,85,"357, TOULOUSE (RUE DE)",,,Plein jour,En agglomération,Hors intersection,Normale,Deux véhicules - côté,,,,,,,,,,,1,2,1,1,3
200600078924,0006-12-19 10:05:00,6,12,19,10,5,870,85,"17, CARNOT (BOULEVARD)",,,Plein jour,En agglomération,Hors intersection,Normale,Deux véhicules - côté,,,,,,,,,,,1,2,1,1,3
200600078925,0006-12-19 12:25:00,6,12,19,12,25,870,85,"327, BAUDIN (AVENUE)",,,Plein jour,En agglomération,Hors intersection,Normale,Deux véhicules - arrière,,,,,,,,,,,1,2,1,1,2
200600078926,0006-12-19 18:17:00,6,12,19,18,17,870,85,"21, DUMAS (AVENUE GEORGE",,,Nuit avec éclairage allumé,En agglomération,Hors intersection,Normale,Autre collision,,,,,,,,,,,5,2,1,1,6
200600078927,0006-12-20 16:10:00,6,12,20,16,10,870,85,"8, COTY (AVENUE DU PRESI",,,Plein jour,En agglomération,Hors intersection,Normale,Autre collision,,,,,,,,,,,1,2,1,1,6
200600078928,0006-12-22 03:20:00,6,12,22,3,20,870,85,"17, LIBERATION (AVENUE D",,,Nuit avec éclairage allumé,En agglomération,Intersection en T,Normale,Deux véhicules - côté,,,,,,,,,,,5,2,3,1,3
200600078929,0006-12-22 11:00:00,6,12,22,11,0,870,85,"115, GUE DE VERTHAMONT (",,,Plein jour,En agglomération,Autre intersection,Normale,Autre collision,,,,,,,,,,,1,2,9,1,6
200600078930,0006-12-22 14:36:00,6,12,22,14,36,870,85,"67, BELLAC (RUE DE)",,,Plein jour,En agglomération,Hors intersection,Normale,Autre collision,,,,,,,,,,,1,2,1,1,6
200600078931,0006-12-22 16:20:00,6,12,22,16,20,870,114,AUTOROUTE A20,,,Plein jour,Hors agglomération,Hors intersection,Normale,Trois véhicules et plus - en chaîne,,,,,,,,,,,1,1,1,1,4
200600078932,0006-12-23 05:36:00,6,12,23,5,36,870,85,AEROPORT LIMOGES BELLEGA,,,Nuit sans éclairage public,Hors agglomération,Hors intersection,Normale,Autre collision,,,,,,,,,,,3,1,1,1,6
200600078933,0006-12-23 10:00:00,6,12,23,10,0,870,85,"2, BAUDIN (AVENUE)",,,Plein jour,En agglomération,Hors intersection,Normale,Autre collision,,,,,,,,,,,1,2,1,1,6
200600078934,0006-12-23 15:30:00,6,12,23,15,30,870,85,"32, LAGRANGE (RUE HENRI)",,,Plein jour,En agglomération,Intersection en X,Normale,Deux véhicules - côté,,,,,,,,,,,1,2,2,1,3
200600078935,0006-12-23 19:10:00,6,12,23,19,10,870,85,BORIE (BOULEVARD DE LA),,,Nuit avec éclairage allumé,En agglomération,Hors intersection,Normale,Autre collision,,,,,,,,,,,5,2,1,1,6
200600078936,0006-12-23 18:30:00,6,12,23,18,30,870,85,"21, GAMBETTA (BOULEVARD)",,,Nuit avec éclairage allumé,En agglomération,Hors intersection,Normale,Deux véhicules - arrière,,,,,,,,,,,5,2,1,1,2
200600078937,0006-12-27 14:12:00,6,12,27,14,12,870,85,Georges GUINGOUIN(rue),,,Plein jour,Hors agglomération,Hors intersection,Normale,Deux véhicules - côté,,,,,,,,,,,1,1,1,1,3
200600078938,0006-12-28 13:39:00,6,12,28,13,39,870,85,"93, CURIE  (RUE PIERRE E",,,Plein jour,En agglomération,Hors intersection,Normale,Autre collision,,,,,,,,,,,1,2,1,1,6
200600078939,0006-12-28 14:48:00,6,12,28,14,48,870,85,"29, RUBEN (AVENUE ERNEST",,,Plein jour,En agglomération,Hors intersection,Normale,Autre collision,,,,,,,,,,,1,2,1,1,6
200600078940,0006-12-29 04:55:00,6,12,29,4,55,870,50,TEXONNIERAS (RUE DE),,,Nuit sans éclairage public,Hors agglomération,Hors intersection,Normale,Deux véhicules - frontale,,,,,,,,,,,3,1,1,1,1
200600078941,0006-12-30 15:00:00,6,12,30,15,0,870,85,"90, REVOLUTION (AVENUE D",,,Plein jour,En agglomération,Hors intersection,Normale,Deux véhicules - côté,,,,,,,,,,,1,2,1,1,3
200600078942,0006-12-30 21:40:00,6,12,30,21,40,870,75,"1, BUISSON (RUE DU)",,,Nuit avec éclairage allumé,En agglomération,Hors intersection,Pluie légère,Sans collision,,,,,,,,,,,5,2,1,2,7
200600078943,0006-12-31 16:40:00,6,12,31,16,40,870,85,MAS-BOUYOL  (CITE ET BOU,,,Plein jour,En agglomération,Hors intersection,Normale,Autre collision,,,,,,,,,,,1,2,1,1,6
200600078944,0006-12-11 14:30:00,6,12,11,14,30,880,160,"29, VITU (RUE ANDRE-)",,,Plein jour,En agglomération,Hors intersection,Normale,Deux véhicules - frontale,,,,,,,,,,,1,2,1,1,1
200600078945,0006-12-11 17:00:00,6,12,11,17,0,880,160,"5, GAMBETTA (RUE)",,,Nuit avec éclairage allumé,En agglomération,Hors intersection,Normale,Autre collision,,,,,,,,,,,5,2,1,1,6
200600078946,0006-12-18 16:50:00,6,12,18,16,50,880,209,"5, JEAN-CHARLES PELLERIN",,,Nuit sans éclairage public,Hors agglomération,Hors intersection,Normale,Deux véhicules - frontale,,,,,,,,,,,3,1,1,1,1
200600078947,0006-12-24 16:00:00,6,12,24,16,0,880,160,"22, DOGNEVILLE (Q. DE)",,,Plein jour,En agglomération,Hors intersection,Normale,Deux véhicules - côté,,,,,,,,,,,1,2,1,1,3
200600078948,0006-12-31 00:45:00,6,12,31,0,45,880,160,"1, POISSOMPRE (FG DE)",,,Nuit avec éclairage allumé,En agglomération,Intersection en T,Normale,Deux véhicules - côté,,,,,,,,,,,5,2,3,1,3
200600078949,0006-12-15 17:00:00,6,12,15,17,0,880,160,"1, POINCARE (RUE RAYMOND",,,Nuit avec éclairage allumé,En agglomération,Hors intersection,Normale,Autre collision,,,,,,,,,,,5,2,1,1,6
200600078950,0006-12-16 14:25:00,6,12,16,14,25,880,160,"1, ALBERT 1ER (RUE)",,,Plein jour,En agglomération,Intersection en T,Normale,Deux véhicules - côté,,,,,,,,,,,1,2,3,1,3
200600078951,0006-12-20 18:04:00,6,12,20,18,4,880,209,"1, LUTHERER (RUE)",,,Nuit avec éclairage allumé,En agglomération,Intersection en X,Normale,Deux véhicules - côté,,,,,,,,,,,5,2,2,1,3
200600078952,0006-12-15 10:00:00,6,12,15,10,0,880,409,CD 417,,,Plein jour,Hors agglomération,Hors intersection,Normale,Deux véhicules - côté,,,,,,,,,,,1,1,1,1,3
200600078953,0006-12-07 07:20:00,6,12,7,7,20,880,413,"0, Travaileurs ( rue des",,,Crépuscule ou aube,En agglomération,Hors intersection,Normale,Autre collision,,,,,,,,,,,2,2,1,1,6
200600078954,0006-12-26 10:30:00,6,12,26,10,30,880,413,RN 59,,,Plein jour,Hors agglomération,Hors intersection,Normale,Deux véhicules - arrière,,,,,,,,,,,1,1,1,1,2
200600078955,0006-12-13 18:20:00,6,12,13,18,20,890,24,"00, CHARLES DE GAULLE (A",,,Nuit avec éclairage allumé,En agglomération,Hors intersection,Normale,Trois véhicules et plus - en chaîne,,,,,,,,,,,5,2,1,1,4
200600078956,0006-12-08 11:10:00,6,12,8,11,10,890,24,"00, 11 NOVEMBRE (BOULEVA",,,Plein jour,En agglomération,Hors intersection,Normale,Autre collision,,,,,,,,,,,1,2,1,1,6
200600078957,0006-12-19 17:45:00,6,12,19,17,45,890,24,"00, GAMBETTA (AVENUE) N°",,,Nuit avec éclairage allumé,En agglomération,Intersection en X,Normale,Deux véhicules - frontale,,,,,,,,,,,5,2,2,1,1
200600078958,0006-12-02 13:55:00,6,12,2,13,55,890,338,"0, PASTEUR (RUE)",,,Plein jour,En agglomération,Intersection en Y,Normale,Sans collision,,,,,,,,,,,1,2,4,1,7
200600078959,0006-12-17 19:20:00,6,12,17,19,20,890,387,"0, COLETTE (RUE)",,,Nuit avec éclairage allumé,En agglomération,Intersection en Y,Normale,Deux véhicules - frontale,,,,,,,,,,,5,2,4,1,1
200600078960,0006-12-01 10:45:00,6,12,1,10,45,900,32,REPUBLIQUE (RUE DE LA),,,Plein jour,En agglomération,Autre intersection,Normale,Deux véhicules - arrière,,,,,,,,,,,1,2,9,1,2
200600078961,0006-12-01 17:20:00,6,12,1,17,20,900,10,"1, MILITAIRE (QUAI)",,,Nuit avec éclairage allumé,En agglomération,Hors intersection,Pluie légère,Deux véhicules - arrière,,,,,,,,,,,5,2,1,2,2
200600078962,0006-12-04 18:45:00,6,12,4,18,45,900,10,KENNEDY (BOULEVARD),,,Nuit avec éclairage allumé,En agglomération,Intersection en X,Pluie légère,Deux véhicules - côté,,,,,,,,,,,5,2,2,2,3
200600078963,0006-12-04 19:55:00,6,12,4,19,55,900,10,"18, BOHN (AVENUE CHARLES",,,Nuit avec éclairage allumé,En agglomération,Intersection en T,Pluie légère,Deux véhicules - côté,,,,,,,,,,,5,2,3,2,3
200600078964,0006-12-06 02:25:00,6,12,6,2,25,900,10,"32, LYON (FAUBOURG DE)",,,Nuit avec éclairage allumé,En agglomération,Hors intersection,Pluie forte,Autre collision,,,,,,,,,,,5,2,1,3,6
200600078965,0006-12-07 18:10:00,6,12,7,18,10,900,10,"11, THIERS (RUE)",,,Nuit avec éclairage allumé,En agglomération,Hors intersection,Pluie légère,Autre collision,,,,,,,,,,,5,2,1,2,6
200600078966,0006-12-07 13:55:00,6,12,7,13,55,900,10,"7, RHONE (RUE DU)",,,Plein jour,En agglomération,Hors intersection,Normale,Deux véhicules - côté,,,,,,,,,,,1,2,1,1,3
200600078967,0006-12-18 17:00:00,6,12,18,17,0,900,10,"12, ALTKIRCH (AVENUE)",,,Crépuscule ou aube,En agglomération,Intersection en T,Normale,Trois véhicules et plus - collisions multiples,,,,,,,,,,,2,2,3,1,5
200600078968,0006-12-18 18:30:00,6,12,18,18,30,900,1,"1, MONTBELIARD (ROUTE DE",,,Nuit avec éclairage allumé,En agglomération,Hors intersection,Normale,Trois véhicules et plus - en chaîne,,,,,,,,,,,5,2,1,1,4
200600078969,0006-12-20 18:15:00,6,12,20,18,15,900,10,KENNEDY (BOULEVARD),,,Nuit avec éclairage allumé,En agglomération,Hors intersection,Normale,Deux véhicules - côté,,,,,,,,,,,5,2,1,1,3
200600078970,0006-12-21 08:20:00,6,12,21,8,20,900,32,DE GAULLE (RUE DU GENERA,,,Plein jour,En agglomération,Intersection en T,Normale,Deux véhicules - côté,,,,,,,,,,,1,2,3,1,3
200600078971,0006-12-27 14:35:00,6,12,27,14,35,900,10,"1, RENAUD DE BOURGOGNE (",,,Plein jour,En agglomération,Hors intersection,Normale,Autre collision,,,,,,,,,,,1,2,1,1,6
200600078972,0006-12-29 09:00:00,6,12,29,9,0,900,10,ANCETRES (FAUBOURG DES),,,Plein jour,En agglomération,Autre intersection,Temps couvert,Autre collision,,,,,,,,,,,1,2,9,8,6
200600078973,0006-12-29 10:03:00,6,12,29,10,3,900,1,"1, MONTBELIARD (ROUTE DE",,,Plein jour,En agglomération,Hors intersection,Normale,Deux véhicules - côté,,,,,,,,,,,1,2,1,1,3
200600078974,0006-12-30 16:15:00,6,12,30,16,15,900,10,"19, CARNOT (PONT)",,,Plein jour,En agglomération,Hors intersection,Normale,Autre collision,,,,,,,,,,,1,2,1,1,6
200600078975,0006-12-30 15:10:00,6,12,30,15,10,900,10,"37, THANN (RUE DE )",,,Plein jour,En agglomération,Hors intersection,Normale,Autre collision,,,,,,,,,,,1,2,1,1,6
200600078976,0006-12-11 21:30:00,6,12,11,21,30,910,103,"2, ALLENDE SALVADOR (RUE",,,Nuit sans éclairage public,En agglomération,Hors intersection,Pluie légère,Deux véhicules - frontale,,,,,,,,,,,3,2,1,2,1
200600078977,0006-12-22 20:40:00,6,12,22,20,40,910,103,VALORGE (RUE DE),,,Nuit avec éclairage non allumé,En agglomération,Intersection en X,Normale,Deux véhicules - côté,,,,,,,,,,,4,2,2,1,3
200600078978,0006-12-05 04:00:00,6,12,5,4,0,910,479,"1, FONTAINEBLEAU (BOULEV",,,Nuit avec éclairage allumé,En agglomération,Intersection en X,Normale,Autre collision,,,,,,,,,,,5,2,2,1,6
200600078979,0006-12-29 23:00:00,6,12,29,23,0,910,27,"0, FLAMMARION (RUE CAMIL",,,Nuit avec éclairage allumé,En agglomération,Hors intersection,Pluie légère,Autre collision,,,,,,,,,,,5,2,1,2,6
200600078980,0006-12-01 12:10:00,6,12,1,12,10,910,514,CD 33,,,Plein jour,En agglomération,Hors intersection,Normale,Sans collision,,,,,,,,,,,1,2,1,1,7
200600078981,0006-12-06 18:50:00,6,12,6,18,50,910,97,PEUPLIERS (RUE DES),,,Crépuscule ou aube,En agglomération,Hors intersection,Normale,Deux véhicules - côté,,,,,,,,,,,2,2,1,1,3
200600078982,0006-12-11 03:45:00,6,12,11,3,45,910,114,FETES (PLACE DES),,,Nuit avec éclairage allumé,En agglomération,Hors intersection,Normale,Autre collision,,,,,,,,,,,5,2,1,1,6
200600078983,0006-12-14 17:45:00,6,12,14,17,45,910,114,TILLEUILS,,,Crépuscule ou aube,En agglomération,Hors intersection,Normale,Deux véhicules - côté,,,,,,,,,,,2,2,1,1,3
200600078984,0006-12-20 09:40:00,6,12,20,9,40,910,114,LACHAMBAUDIE (HAMEAU DE),,,Plein jour,En agglomération,Hors intersection,Normale,Deux véhicules - côté,,,,,,,,,,,1,2,1,1,3
200600078985,0006-12-28 12:00:00,6,12,28,12,0,910,114,PHILISBOURG (RUE),,,Plein jour,En agglomération,Hors intersection,Normale,Autre collision,,,,,,,,,,,1,2,1,1,6
200600078986,0006-12-28 16:05:00,6,12,28,16,5,910,114,GENERAL GOUTTIERE (AVENU,,,Plein jour,En agglomération,Hors intersection,Normale,Deux véhicules - arrière,,,,,,,,,,,1,2,1,1,2
200600078987,0006-12-09 14:45:00,6,12,9,14,45,910,174,"32, CHARLES JOZON (RUE C",,,Plein jour,En agglomération,Hors intersection,Normale,Autre collision,,,,,,,,,,,1,2,1,1,6
200600078988,0006-12-13 08:10:00,6,12,13,8,10,910,174,"0, PAPETERIE(RUE)",,,Plein jour,En agglomération,Intersection en T,Normale,Deux véhicules - côté,,,,,,,,,,,1,2,3,1,3
200600078989,0006-12-02 13:05:00,6,12,2,13,5,910,657,PRESIDENT ROBERT LAKOTA,,,Plein jour,En agglomération,Intersection en X,Normale,Deux véhicules - côté,,,,,,,,,,,1,2,2,1,3
200600078990,0006-12-05 10:40:00,6,12,5,10,40,910,201,PIERRE BROSSOLETTE (RUE),,,Plein jour,En agglomération,Hors intersection,Normale,Autre collision,,,,,,,,,,,1,2,1,1,6
200600078991,0006-12-05 11:40:00,6,12,5,11,40,910,657,FREDERIC JOLIOT CURIE (A,,,Plein jour,En agglomération,Hors intersection,Normale,Sans collision,,,,,,,,,,,1,2,1,1,7
200600078992,0006-12-12 00:30:00,6,12,12,0,30,910,201,GENERAL DE GAULLE(BOULEV,,,Nuit avec éclairage allumé,En agglomération,Hors intersection,Pluie légère,Deux véhicules - arrière,,,,,,,,,,,5,2,1,2,2
200600078993,0006-12-16 12:50:00,6,12,16,12,50,910,201,GENERAL DE GAULLE(BOULEV,,,Plein jour,En agglomération,Hors intersection,Normale,Deux véhicules - arrière,,,,,,,,,,,1,2,1,1,2
200600078994,0006-12-16 14:45:00,6,12,16,14,45,910,201,HENRI BARBUSSE(BOULEVARD,,,Nuit avec éclairage allumé,En agglomération,Hors intersection,Normale,Deux véhicules - arrière,,,,,,,,,,,5,2,1,1,2
200600078995,0006-12-16 21:15:00,6,12,16,21,15,910,201,GENERAL DE GAULLE(BOULEV,,,Nuit avec éclairage allumé,En agglomération,Hors intersection,Normale,Deux véhicules - frontale,,,,,,,,,,,5,2,1,1,1
200600078996,0006-12-02 09:25:00,6,12,2,9,25,910,223,SAINT MARTIN (RUE),,,Plein jour,En agglomération,Hors intersection,Normale,Sans collision,,,,,,,,,,,1,2,1,1,7
200600078997,0006-12-16 15:55:00,6,12,16,15,55,910,223,R.N.20,,,Plein jour,Hors agglomération,Hors intersection,Pluie légère,Sans collision,,,,,,,,,,,1,1,1,2,7
200600078998,0006-12-19 20:40:00,6,12,19,20,40,910,223,R.N.20,,,Nuit sans éclairage public,Hors agglomération,Hors intersection,Normale,Sans collision,,,,,,,,,,,3,1,1,1,7
200600078999,0006-12-23 01:55:00,6,12,23,1,55,910,223,"30, SAINT MARTIN (RUE)",,,Nuit avec éclairage allumé,En agglomération,Hors intersection,Normale,Deux véhicules - côté,,,,,,,,,,,5,2,1,1,3
200600079000,0006-12-25 00:30:00,6,12,25,0,30,910,223,"117/119, SAINT MICHEL (B",,,Nuit avec éclairage allumé,En agglomération,Intersection en X,Normale,Sans collision,,,,,,,,,,,5,2,2,1,7
200600079001,0006-12-01 16:50:00,6,12,1,16,50,910,521,"., BONTE (RUE)",,,Crépuscule ou aube,En agglomération,Intersection en T,Normale,Autre collision,,,,,,,,,,,2,2,3,1,6
200600079002,0006-12-08 10:00:00,6,12,8,10,0,910,228,RN7,,,Plein jour,Hors agglomération,Hors intersection,Pluie légère,Deux véhicules - arrière,,,,,,,,,,,1,1,1,2,2
200600079003,0006-12-08 17:45:00,6,12,8,17,45,910,182,"., MARQUIS DE RAIES (RUE",,,Nuit avec éclairage allumé,En agglomération,Intersection en X,Normale,Autre collision,,,,,,,,,,,5,2,2,1,6
200600079004,0006-12-25 07:30:00,6,12,25,7,30,910,228,ROUTE DE MENNECY,,,Nuit avec éclairage allumé,En agglomération,Hors intersection,Normale,Autre collision,,,,,,,,,,,5,2,1,1,6
200600079005,0006-12-27 10:00:00,6,12,27,10,0,910,228,"., MITTERAND (BD FRANCOI",,,Plein jour,En agglomération,Hors intersection,Normale,Autre collision,,,,,,,,,,,1,2,1,1,6
200600079006,0006-12-08 14:00:00,6,12,8,14,0,910,326,"00, COUR DE FRANCE (AVEN",,,Plein jour,En agglomération,Hors intersection,Normale,Deux véhicules - côté,,,,,,,,,,,1,2,1,1,3
200600079007,0006-12-01 12:20:00,6,12,1,12,20,910,161,"01, MASSY (ROUTE DE)",,,Plein jour,Hors agglomération,Hors intersection,Normale,Trois véhicules et plus - collisions multiples,,,,,,,,,,,1,1,1,1,5
200600079008,0006-12-11 08:45:00,6,12,11,8,45,910,377,"12, ALLENDE (AVENUE DU P",,,Plein jour,En agglomération,Hors intersection,Temps couvert,Autre collision,,,,,,,,,,,1,2,1,8,6
200600079009,0006-12-14 16:00:00,6,12,14,16,0,910,377,"24, PERI (RUE GABRIEL)",,,Plein jour,En agglomération,Hors intersection,Normale,Autre collision,,,,,,,,,,,1,2,1,1,6
200600079010,0006-12-31 09:40:00,6,12,31,9,40,910,191,ROND POINT,,,Plein jour,En agglomération,Hors intersection,Normale,Sans collision,,,,,,,,,,,1,2,1,1,7
200600079011,0006-12-05 18:25:00,6,12,5,18,25,910,421,NATIONALE 6 (PARTIE FORE,,,Nuit sans éclairage public,Hors agglomération,Hors intersection,Temps couvert,Sans collision,,,,,,,,,,,3,1,1,8,7
200600079012,0006-12-06 14:45:00,6,12,6,14,45,910,691,GUY GOTTHELF(RUE),,,Plein jour,En agglomération,Intersection en X,Temps couvert,Deux véhicules - côté,,,,,,,,,,,1,2,2,8,3
200600079013,0006-12-07 12:50:00,6,12,7,12,50,910,421,CORBEIL (ROUTE DE),,,Plein jour,En agglomération,Intersection en T,Pluie forte,Deux véhicules - frontale,,,,,,,,,,,1,2,3,3,1
200600079014,0006-12-07 15:30:00,6,12,7,15,30,910,691,RAYMOND POINCARE(RUE),,,Plein jour,En agglomération,Intersection en X,Pluie légère,Deux véhicules - côté,,,,,,,,,,,1,2,2,2,3
200600079015,0006-12-09 19:05:00,6,12,9,19,5,910,421,"46, JEAN JAURES (AVENUE)",,,Nuit avec éclairage allumé,En agglomération,Hors intersection,Temps couvert,Deux véhicules - côté,,,,,,,,,,,5,2,1,8,3
200600079016,0006-12-13 08:55:00,6,12,13,8,55,910,421,NATIONALE 6 (PARTIE FORE,,,Plein jour,Hors agglomération,Hors intersection,Normale,Trois véhicules et plus - collisions multiples,,,,,,,,,,,1,1,1,1,5
200600079017,0006-12-14 06:35:00,6,12,14,6,35,910,691,"00, PASTEUR(RUE)",,,Crépuscule ou aube,En agglomération,Hors intersection,Normale,Autre collision,,,,,,,,,,,2,2,1,1,6
200600079018,0006-12-14 14:30:00,6,12,14,14,30,910,421,"00, REPOS (RUE DU)",,,Plein jour,En agglomération,Hors intersection,Pluie légère,Autre collision,,,,,,,,,,,1,2,1,2,6
200600079019,0006-12-17 17:30:00,6,12,17,17,30,910,421,JEAN MERMOZ (RUE),,,Nuit avec éclairage allumé,En agglomération,Intersection en X,Pluie légère,Deux véhicules - côté,,,,,,,,,,,5,2,2,2,3
200600079020,0006-12-17 18:25:00,6,12,17,18,25,910,421,JEAN JAURES (AVENUE),,,Nuit avec éclairage allumé,Hors agglomération,Intersection en X,Normale,Deux véhicules - côté,,,,,,,,,,,5,1,2,1,3
200600079021,0006-12-18 06:50:00,6,12,18,6,50,910,421,NATIONALE 6 (CES POMPIDO,,,Nuit sans éclairage public,Hors agglomération,Hors intersection,Normale,Sans collision,,,,,,,,,,,3,1,1,1,7
200600079022,0006-12-20 19:15:00,6,12,20,19,15,910,421,NATIONALE 6 (PARTIE FORE,,,Nuit sans éclairage public,Hors agglomération,Hors intersection,Normale,Deux véhicules - arrière,,,,,,,,,,,3,1,1,1,2
200600079023,0006-12-22 10:15:00,6,12,22,10,15,910,191,CENTRE COMMERCIAL,,,Plein jour,Hors agglomération,Autre intersection,Normale,Autre collision,,,,,,,,,,,1,1,9,1,6
200600079024,0006-12-19 16:20:00,6,12,19,16,20,910,692,"2, BERRY (AVENUE DU)",,,Plein jour,En agglomération,Hors intersection,Normale,Autre collision,,,,,,,,,,,1,2,1,1,6
200600079025,0006-12-05 08:15:00,6,12,5,8,15,910,477,"49, BARA (BOULEVARD)",,,Plein jour,En agglomération,Hors intersection,Vent fort / tempête,Autre collision,,,,,,,,,,,1,2,1,6,6
200600079026,0006-12-08 17:50:00,6,12,8,17,50,910,692,OCEANIE (AVENUE DE L'),,,Crépuscule ou aube,En agglomération,Hors intersection,Normale,Deux véhicules - côté,,,,,,,,,,,2,2,1,1,3
200600079027,0006-12-07 08:25:00,6,12,7,8,25,910,692,R.N 446,,,Crépuscule ou aube,Hors agglomération,Hors intersection,Pluie légère,Deux véhicules - côté,,,,,,,,,,,2,1,1,2,3
200600079028,0006-12-09 10:15:00,6,12,9,10,15,910,692,CD35,,,Plein jour,Hors agglomération,Hors intersection,Normale,Deux véhicules - arrière,,,,,,,,,,,1,1,1,1,2
200600079029,0006-12-12 12:40:00,6,12,12,12,40,910,477,ALLIES (AVENUE DES),,,Plein jour,En agglomération,Intersection en X,Normale,Autre collision,,,,,,,,,,,1,2,2,1,6
200600079030,0006-12-14 11:00:00,6,12,14,11,0,910,692,"13, INDES (AVENUE DES IN",,,Plein jour,En agglomération,Hors intersection,Normale,Deux véhicules - côté,,,,,,,,,,,1,2,1,1,3
200600079031,0006-12-09 19:28:00,6,12,9,19,28,910,549,"1, REGIMENT NORMANDIE-NI",,,Nuit avec éclairage allumé,En agglomération,Hors intersection,Normale,Sans collision,,,,,,,,,,,5,2,1,1,7
200600079032,0006-12-13 20:25:00,6,12,13,20,25,910,667,"1, HERAULT DE SECHELLES",,,Nuit avec éclairage allumé,En agglomération,Hors intersection,Normale,Sans collision,,,,,,,,,,,5,2,1,1,7