accident_id,datetime,annee,mois,jour,heure,minute,departement,commune_insee,adresse,latitude,longitude,luminosite,agglomeration,intersection,meteo,collision,nb_vehicules,nb_usagers,nb_indemnes,nb_tues,nb_blesses_hosp,nb_blesses_legers,age_cond_1,age_cond_2,veh_type_cond_1,veh_type_cond_2,lum_code,agg_code,int_code,atm_code,col_code
200600079290,0006-12-18 09:50:00,6,12,18,9,50,930,8,", PARIS (RUE DE)",,,Plein jour,En agglomération,Hors intersection,Temps couvert,Trois véhicules et plus - en chaîne,,,,,,,,,,,1,2,1,8,4
200600079291,0006-12-18 21:05:00,6,12,18,21,5,930,8,ESTIENNE D'ORVES (RUE D',,,Nuit avec éclairage allumé,En agglomération,Giratoire,Normale,Deux véhicules - frontale,,,,,,,,,,,5,2,6,1,1
200600079292,0006-12-21 12:40:00,6,12,21,12,40,930,8,GALLIENI (RUE),,,Plein jour,En agglomération,Intersection en X,Temps éblouissant,Deux véhicules - côté,,,,,,,,,,,1,2,2,7,3
200600079293,0006-12-08 21:55:00,6,12,8,21,55,930,10,"79, BLANQUI (R. LOUIS-AU",,,Nuit avec éclairage allumé,En agglomération,Hors intersection,Normale,Autre collision,,,,,,,,,,,5,2,1,1,6
200600079294,0006-12-14 19:40:00,6,12,14,19,40,930,57,"ignore, PARIS (BD DE)",,,Nuit avec éclairage allumé,En agglomération,Hors intersection,Normale,Deux véhicules - arrière,,,,,,,,,,,5,2,1,1,2
200600079295,0006-12-17 06:45:00,6,12,17,6,45,930,10,"ignore, GALLIENI (AV.) D",,,Nuit avec éclairage allumé,En agglomération,Hors intersection,Temps couvert,Deux véhicules - arrière,,,,,,,,,,,5,2,1,8,2
200600079296,0006-12-17 15:00:00,6,12,17,15,0,930,10,CARNOT (AV.) DE 1 A 57,,,Plein jour,En agglomération,Intersection en X,Pluie légère,Deux véhicules - côté,,,,,,,,,,,1,2,2,2,3
200600079297,0006-12-18 21:15:00,6,12,18,21,15,930,10,", VAILLANT (RUE DU PROFE",,,Nuit avec éclairage allumé,En agglomération,Hors intersection,Normale,Deux véhicules - côté,,,,,,,,,,,5,2,1,1,3
200600079298,0006-12-04 07:00:00,6,12,4,7,0,930,30,HUIT-MAI-1945 (AVENUE DU,,,Nuit avec éclairage allumé,En agglomération,Hors intersection,Pluie légère,Deux véhicules - arrière,,,,,,,,,,,5,2,1,2,2
200600079299,0006-12-05 08:30:00,6,12,5,8,30,930,30,"238, HUIT-MAI-1945 (AVEN",,,Plein jour,En agglomération,Hors intersection,Normale,Autre collision,,,,,,,,,,,1,2,1,1,6
200600079300,0006-12-05 13:05:00,6,12,5,13,5,930,27,"81, PASTEUR (BOULEVARD)",,,Plein jour,En agglomération,Intersection en T,Normale,Deux véhicules - arrière,,,,,,,,,,,1,2,3,1,2
200600079301,0006-12-17 07:50:00,6,12,17,7,50,930,27,PASTEUR (BOULEVARD) DE 1,,,Plein jour,En agglomération,Intersection en X,Temps couvert,Deux véhicules - arrière,,,,,,,,,,,1,2,2,8,2
200600079302,0006-12-17 21:00:00,6,12,17,21,0,930,13,LECLERC (AVENU DE LA DIV,,,Nuit avec éclairage allumé,En agglomération,Hors intersection,Normale,Deux véhicules - arrière,,,,,,,,,,,5,2,1,1,2
200600079303,0006-12-20 15:30:00,6,12,20,15,30,930,30,HUIT-MAI-1945 (AVENUE DU,,,Plein jour,En agglomération,Intersection en T,Normale,Deux véhicules - côté,,,,,,,,,,,1,2,3,1,3
200600079304,0006-12-22 09:46:00,6,12,22,9,46,930,27,"122, VAILLANT-COUTURIER",,,Plein jour,En agglomération,Hors intersection,Normale,Deux véhicules - arrière,,,,,,,,,,,1,2,1,1,2
200600079305,0006-12-01 15:50:00,6,12,1,15,50,930,29,"76, BOIS DE GROSLAY (DES",,,Plein jour,En agglomération,Intersection en X,Normale,Autre collision,,,,,,,,,,,1,2,2,1,6
200600079306,0006-12-03 06:10:00,6,12,3,6,10,930,29,MARCEAU (AVENUE) N° 29-F,,,Nuit avec éclairage allumé,En agglomération,Intersection en T,Pluie légère,Deux véhicules - côté,,,,,,,,,,,5,2,3,2,3
200600079307,0006-12-06 13:45:00,6,12,6,13,45,930,29,DIVISION LECLERC (AV. DE,,,Plein jour,En agglomération,Intersection en T,Normale,Deux véhicules - côté,,,,,,,,,,,1,2,3,1,3
200600079308,0006-12-11 18:40:00,6,12,11,18,40,930,29,"130, HENRI BARBUSSE (AVE",,,Plein jour,En agglomération,Hors intersection,Normale,Autre collision,,,,,,,,,,,1,2,1,1,6
200600079309,0006-12-14 12:15:00,6,12,14,12,15,930,29,AUGUSTE BLANQUI,,,Plein jour,En agglomération,Hors intersection,Normale,Deux véhicules - arrière,,,,,,,,,,,1,2,1,1,2
200600079310,0006-12-15 16:10:00,6,12,15,16,10,930,29,"93, ANATOLE FRANCE",,,Plein jour,En agglomération,Hors intersection,Normale,Deux véhicules - frontale,,,,,,,,,,,1,2,1,1,1
200600079311,0006-12-17 22:40:00,6,12,17,22,40,930,29,HENRI BARBUSSE (AVE) N°1,,,Nuit avec éclairage allumé,En agglomération,Intersection en X,Normale,Deux véhicules - côté,,,,,,,,,,,5,2,2,1,3
200600079312,0006-12-18 14:35:00,6,12,18,14,35,930,29,BUTTE ( DE LA),,,Plein jour,En agglomération,Hors intersection,Normale,Deux véhicules - côté,,,,,,,,,,,1,2,1,1,3
200600079313,0006-12-21 16:50:00,6,12,21,16,50,930,29,JULES VERNE,,,Plein jour,En agglomération,Intersection en X,Normale,Autre collision,,,,,,,,,,,1,2,2,1,6
200600079314,0006-12-23 16:25:00,6,12,23,16,25,930,29,"272, JEAN JAURES (AVENUE",,,Plein jour,En agglomération,Hors intersection,Normale,Autre collision,,,,,,,,,,,1,2,1,1,6
200600079315,0006-12-01 07:00:00,6,12,1,7,0,930,31,"7, FOCH (BOULEVARD)",,,Nuit avec éclairage non allumé,En agglomération,Hors intersection,Normale,Autre collision,,,,,,,,,,,4,2,1,1,6
200600079316,0006-12-02 19:30:00,6,12,2,19,30,930,31,"1, MARNE (AVENUE DE LA)",,,Nuit avec éclairage allumé,En agglomération,Intersection en X,Pluie légère,Deux véhicules - frontale,,,,,,,,,,,5,2,2,2,1
200600079317,0006-12-07 10:15:00,6,12,7,10,15,930,31,"20, FELIX MERLIN",,,Plein jour,En agglomération,Hors intersection,Pluie forte,Autre collision,,,,,,,,,,,1,2,1,3,6
200600079318,0006-12-08 08:45:00,6,12,8,8,45,930,31,"1, DIX HUIT JUIN 1940 (A",,,Plein jour,En agglomération,Intersection en T,Pluie forte,Deux véhicules - frontale,,,,,,,,,,,1,2,3,3,1
200600079319,0006-12-08 20:10:00,6,12,8,20,10,930,31,"0, DE LATTRE DE TASSIGNY",,,Nuit avec éclairage allumé,En agglomération,Hors intersection,Pluie forte,Deux véhicules - arrière,,,,,,,,,,,5,2,1,3,2
200600079320,0006-12-09 01:10:00,6,12,9,1,10,930,31,"59, JEAN JAURES (AVENUE)",,,Nuit avec éclairage allumé,En agglomération,Hors intersection,Pluie légère,Autre collision,,,,,,,,,,,5,2,1,2,6
200600079321,0006-12-10 10:40:00,6,12,10,10,40,930,31,"0, LA BRUYERE (RUE)",,,Plein jour,En agglomération,Hors intersection,Normale,Deux véhicules - côté,,,,,,,,,,,1,2,1,1,3
200600079322,0006-12-11 08:25:00,6,12,11,8,25,930,31,"48, FOCH (BOULEVARD)",,,Plein jour,En agglomération,Hors intersection,Temps couvert,Autre collision,,,,,,,,,,,1,2,1,8,6
200600079323,0006-12-21 18:50:00,6,12,21,18,50,930,31,"0, REPUBLIQUE (AVENUE) 1",,,Nuit avec éclairage allumé,En agglomération,Hors intersection,Normale,Deux véhicules - arrière,,,,,,,,,,,5,2,1,1,2
200600079324,0006-12-23 14:30:00,6,12,23,14,30,930,31,"24, REPUBLIQUE (AVENUE)",,,Plein jour,En agglomération,Hors intersection,Temps couvert,Autre collision,,,,,,,,,,,1,2,1,8,6
200600079325,0006-12-01 09:40:00,6,12,1,9,40,930,32,"11, CONTANT   (RUE)",,,Plein jour,En agglomération,Intersection en Y,Normale,Deux véhicules - côté,,,,,,,,,,,1,2,4,1,3
200600079326,0006-12-07 20:25:00,6,12,7,20,25,930,47,SCIENCES   (AVENUE DES),,,Nuit avec éclairage allumé,En agglomération,Intersection en T,Temps couvert,Deux véhicules - côté,,,,,,,,,,,5,2,3,8,3
200600079327,0006-12-08 23:20:00,6,12,8,23,20,930,32,MONTFERMEIL   (ALLEE DE),,,Nuit avec éclairage allumé,En agglomération,Hors intersection,Pluie légère,Autre collision,,,,,,,,,,,5,2,1,2,6
200600079328,0006-12-13 10:20:00,6,12,13,10,20,930,47,LEBON  (AVENUE),,,Plein jour,En agglomération,Intersection en T,Autre,Deux véhicules - frontale,,,,,,,,,,,1,2,3,9,1
200600079329,0006-12-13 13:05:00,6,12,13,13,5,930,32,MONTGUICHET  (CHEMIN DE),,,Plein jour,En agglomération,Hors intersection,Normale,Deux véhicules - arrière,,,,,,,,,,,1,2,1,1,2
200600079330,0006-12-15 07:00:00,6,12,15,7,0,930,32,"74 ter, ARISTIDE BRIAND",,,Nuit avec éclairage allumé,En agglomération,Intersection en T,Brouillard / fumée,Deux véhicules - côté,,,,,,,,,,,5,2,3,5,3
200600079331,0006-12-15 06:50:00,6,12,15,6,50,930,47,PAUL BERT  (RUE),,,Nuit avec éclairage allumé,En agglomération,Intersection en X,Normale,Deux véhicules - côté,,,,,,,,,,,5,2,2,1,3
200600079332,0006-12-17 20:15:00,6,12,17,20,15,930,32,"25 bis, GAY     (ALLEE)",,,Nuit avec éclairage allumé,En agglomération,Intersection à plus de 4 branches,Pluie légère,Deux véhicules - côté,,,,,,,,,,,5,2,5,2,3
200600079333,0006-12-18 08:10:00,6,12,18,8,10,930,47,JEAN JAURES (AVENUE),,,Crépuscule ou aube,En agglomération,Intersection en T,Pluie légère,Deux véhicules - côté,,,,,,,,,,,2,2,3,2,3
200600079334,0006-12-20 09:30:00,6,12,20,9,30,930,32,"41, ESPERANCE    (BOULEB",,,Plein jour,En agglomération,Hors intersection,Autre,Autre collision,,,,,,,,,,,1,2,1,9,6
200600079335,0006-12-01 10:00:00,6,12,1,10,0,930,61,"IGNORE, GUTENBERG RUE",,,Plein jour,En agglomération,Intersection en X,Temps couvert,Deux véhicules - côté,,,,,,,,,,,1,2,2,8,3
200600079336,0006-12-05 18:00:00,6,12,5,18,0,930,6,"ANGLE, LENINE RUE",,,Crépuscule ou aube,En agglomération,Intersection en X,Pluie forte,Deux véhicules - côté,,,,,,,,,,,2,2,2,3,3
200600079337,0006-12-05 20:50:00,6,12,5,20,50,930,63,"ANGLE, MONTREUIL ROUTE D",,,Nuit avec éclairage allumé,En agglomération,Hors intersection,Pluie légère,Deux véhicules - arrière,,,,,,,,,,,5,2,1,2,2
200600079338,0006-12-06 20:20:00,6,12,6,20,20,930,6,"69, STALINGRAD AV.",,,Nuit avec éclairage allumé,En agglomération,Hors intersection,Normale,Autre collision,,,,,,,,,,,5,2,1,1,6
200600079339,0006-12-07 15:30:00,6,12,7,15,30,930,6,"07, VAILLANT-COUTURIER R",,,Plein jour,En agglomération,Hors intersection,Pluie légère,Sans collision,,,,,,,,,,,1,2,1,2,7
200600079340,0006-12-16 14:40:00,6,12,16,14,40,930,45,"40, LECLERC BOULEVARD DU",,,Plein jour,En agglomération,Hors intersection,Pluie légère,Autre collision,,,,,,,,,,,1,2,1,2,6
200600079341,0006-12-21 18:00:00,6,12,21,18,0,930,6,"01, CURIE PIERRE ET MARI",,,Nuit avec éclairage allumé,En agglomération,Hors intersection,Normale,Sans collision,,,,,,,,,,,5,2,1,1,7
200600079342,0006-12-22 00:45:00,6,12,22,0,45,930,6,"29, GAMBETTA AV.",,,Nuit avec éclairage allumé,En agglomération,Hors intersection,Normale,Autre collision,,,,,,,,,,,5,2,1,1,6
200600079343,0006-12-01 22:40:00,6,12,1,22,40,930,46,"NR, CONSUL GENERAL NORDL",,,Nuit avec éclairage allumé,En agglomération,Autre intersection,Normale,Deux véhicules - frontale,,,,,,,,,,,5,2,9,1,1
200600079344,0006-12-07 10:20:00,6,12,7,10,20,930,46,"NR, WINSTON CHURCHILL AV",,,Plein jour,En agglomération,Intersection en X,Pluie légère,Deux véhicules - côté,,,,,,,,,,,1,2,2,2,3
200600079345,0006-12-11 12:50:00,6,12,11,12,50,930,46,"50, MARECHAL LECLERC AVE",,,Plein jour,En agglomération,Hors intersection,Pluie légère,Autre collision,,,,,,,,,,,1,2,1,2,6
200600079346,0006-12-12 14:50:00,6,12,12,14,50,930,46,PACHOT LAINE RUE,,,Plein jour,En agglomération,Intersection en X,Normale,Deux véhicules - frontale,,,,,,,,,,,1,2,2,1,1
200600079347,0006-12-16 00:25:00,6,12,16,0,25,930,46,MARECHAL LECLERC AVENUE,,,Nuit avec éclairage allumé,En agglomération,Intersection à plus de 4 branches,Normale,Deux véhicules - côté,,,,,,,,,,,5,2,5,1,3
200600079348,0006-12-16 20:30:00,6,12,16,20,30,930,74,"03, DE GAULLE AVENUE DU",,,Nuit avec éclairage allumé,En agglomération,Hors intersection,Pluie légère,Trois véhicules et plus - en chaîne,,,,,,,,,,,5,2,1,2,4
200600079349,0006-12-20 08:20:00,6,12,20,8,20,930,46,EST ALLEE DE L',,,Plein jour,Hors agglomération,Hors intersection,Temps couvert,Sans collision,,,,,,,,,,,1,1,1,8,7
200600079350,0006-12-20 07:45:00,6,12,20,7,45,930,74,"28, MONTAUBAN RUE DE",,,Nuit avec éclairage allumé,En agglomération,Hors intersection,Normale,Autre collision,,,,,,,,,,,5,2,1,1,6
200600079351,0006-12-20 13:25:00,6,12,20,13,25,930,46,LEON LUM AVENUE,,,Plein jour,En agglomération,Intersection en T,Normale,Deux véhicules - côté,,,,,,,,,,,1,2,3,1,3
200600079352,0006-12-21 17:25:00,6,12,21,17,25,930,46,"NR, JEAN JAURES BOULEVAR",,,Nuit avec éclairage allumé,En agglomération,Intersection en X,Normale,Deux véhicules - côté,,,,,,,,,,,5,2,2,1,3
200600079353,0006-12-24 12:00:00,6,12,24,12,0,930,46,LIEGEARD AVENUE,,,Plein jour,En agglomération,Intersection à plus de 4 branches,Normale,Deux véhicules - côté,,,,,,,,,,,1,2,5,1,3
200600079354,0006-12-30 22:20:00,6,12,30,22,20,930,46,EST ALLEE DE L',,,Nuit avec éclairage allumé,En agglomération,Hors intersection,Normale,Autre collision,,,,,,,,,,,5,2,1,1,6
200600079355,0006-12-31 19:40:00,6,12,31,19,40,930,46,"19, LIBERATION PLACE DE",,,Nuit avec éclairage allumé,En agglomération,Hors intersection,Pluie légère,Sans collision,,,,,,,,,,,5,2,1,2,7
200600079356,0006-12-03 13:45:00,6,12,3,13,45,930,48,"240, ARISTIDE BRIAND S4",,,Plein jour,En agglomération,Hors intersection,Pluie légère,Autre collision,,,,,,,,,,,1,2,1,2,6
200600079357,0006-12-03 17:15:00,6,12,3,17,15,930,48,JACQUES DUCLOS (RUE),,,Nuit avec éclairage allumé,En agglomération,Hors intersection,Pluie légère,Deux véhicules - arrière,,,,,,,,,,,5,2,1,2,2
200600079358,0006-12-07 12:15:00,6,12,7,12,15,930,48,"56, BLANCS VILAINS (RUE",,,Plein jour,En agglomération,Hors intersection,Pluie légère,Autre collision,,,,,,,,,,,1,2,1,2,6
200600079359,0006-12-08 08:10:00,6,12,8,8,10,930,48,PRESIDENT WILSON (AVENUE,,,Nuit avec éclairage allumé,En agglomération,Intersection en X,Pluie forte,Deux véhicules - côté,,,,,,,,,,,5,2,2,3,3
200600079360,0006-12-11 13:30:00,6,12,11,13,30,930,48,DEMI LUNE (RUE DE LA),,,Plein jour,En agglomération,Intersection en X,Pluie légère,Deux véhicules - côté,,,,,,,,,,,1,2,2,2,3
200600079361,0006-12-14 13:10:00,6,12,14,13,10,930,48,"16, ARISTIDE BRIAND (BOU",,,Plein jour,En agglomération,Hors intersection,Normale,Deux véhicules - arrière,,,,,,,,,,,1,2,1,1,2
200600079362,0006-12-14 17:00:00,6,12,14,17,0,930,48,GALLILEE (RUE),,,Nuit avec éclairage allumé,En agglomération,Hors intersection,Normale,Autre collision,,,,,,,,,,,5,2,1,1,6
200600079363,0006-12-15 11:10:00,6,12,15,11,10,930,48,"192, BOISSIERE (BOULEVAR",,,Plein jour,En agglomération,Hors intersection,Normale,Autre collision,,,,,,,,,,,1,2,1,1,6
200600079364,0006-12-17 18:00:00,6,12,17,18,0,930,48,"-, GABRIEL PERI S2 (AVEN",,,Nuit avec éclairage allumé,En agglomération,Intersection en X,Pluie légère,Deux véhicules - côté,,,,,,,,,,,5,2,2,2,3
200600079365,0006-12-21 07:27:00,6,12,21,7,27,930,48,"., ROSNY (RUE DE)",,,Nuit avec éclairage allumé,En agglomération,Intersection en T,Normale,Autre collision,,,,,,,,,,,5,2,3,1,6
200600079366,0006-12-21 18:40:00,6,12,21,18,40,930,48,"42, CHANZY (BOULEVARD)",,,Nuit avec éclairage allumé,En agglomération,Intersection en T,Normale,Autre collision,,,,,,,,,,,5,2,3,1,6
200600079367,0006-12-22 03:35:00,6,12,22,3,35,930,48,"50, PARIS (RUE DE)",,,Nuit avec éclairage allumé,En agglomération,Intersection en X,Normale,Deux véhicules - côté,,,,,,,,,,,5,2,2,1,3
200600079368,0006-12-22 15:50:00,6,12,22,15,50,930,48,"53, PRESIDENT WILSON (AV",,,Plein jour,En agglomération,Hors intersection,Normale,Deux véhicules - côté,,,,,,,,,,,1,2,1,1,3
200600079369,0006-12-01 16:50:00,6,12,1,16,50,930,50,AUVERGNE (RUE),,,Plein jour,En agglomération,Intersection en T,Normale,Autre collision,,,,,,,,,,,1,2,3,1,6
200600079370,0006-12-06 07:55:00,6,12,6,7,55,930,49,GALLIENI (BOULEVARD),,,Plein jour,En agglomération,Hors intersection,Normale,Trois véhicules et plus - collisions multiples,,,,,,,,,,,1,2,1,1,5
200600079371,0006-12-07 21:10:00,6,12,7,21,10,930,50,PAUL ET CAMILLE THOMOUX,,,Nuit avec éclairage allumé,En agglomération,Intersection en X,Normale,Autre collision,,,,,,,,,,,5,2,2,1,6
200600079372,0006-12-08 16:45:00,6,12,8,16,45,930,50,"150, PAUL VAILLANT COUTU",,,Nuit avec éclairage allumé,En agglomération,Hors intersection,Normale,Deux véhicules - côté,,,,,,,,,,,5,2,1,1,3
200600079373,0006-12-21 20:03:00,6,12,21,20,3,930,50,JEAN JAURES (AVENUE) COT,,,Nuit avec éclairage allumé,En agglomération,Hors intersection,Normale,Deux véhicules - arrière,,,,,,,,,,,5,2,1,1,2
200600079374,0006-12-26 19:20:00,6,12,26,19,20,930,50,"13, FAUVETTES (RUE)",,,Nuit avec éclairage allumé,En agglomération,Intersection en X,Temps couvert,Autre collision,,,,,,,,,,,5,2,2,8,6
200600079375,0006-12-01 09:05:00,6,12,1,9,5,930,51,"27, RENE NAVIER",,,Plein jour,En agglomération,Intersection en T,Normale,Autre collision,,,,,,,,,,,1,2,3,1,6
200600079376,0006-12-07 16:11:00,6,12,7,16,11,930,51,MONT D'EST (BD),,,Plein jour,En agglomération,Autre intersection,Pluie légère,Autre collision,,,,,,,,,,,1,2,9,2,6
200600079377,0006-12-08 18:25:00,6,12,8,18,25,930,51,GENERAL DE GAULLE (AVENU,,,Nuit avec éclairage allumé,En agglomération,Intersection en X,Pluie légère,Deux véhicules - frontale,,,,,,,,,,,5,2,2,2,1
200600079378,0006-12-09 09:30:00,6,12,9,9,30,930,51,NEUILLY (ROUTE),,,Plein jour,En agglomération,Hors intersection,Temps éblouissant,Trois véhicules et plus - en chaîne,,,,,,,,,,,1,2,1,7,4
200600079379,0006-12-11 12:35:00,6,12,11,12,35,930,51,"3 BIS, PIERRE BROSSOLETT",,,Plein jour,En agglomération,Intersection en T,Pluie légère,Autre collision,,,,,,,,,,,1,2,3,2,6
200600079380,0006-12-21 12:35:00,6,12,21,12,35,930,51,PRAGUE,,,Plein jour,En agglomération,Intersection en T,Normale,Deux véhicules - arrière,,,,,,,,,,,1,2,3,1,2
200600079381,0006-12-22 13:40:00,6,12,22,13,40,930,51,CHAMPY RICHARDETS (BOULE,,,Plein jour,En agglomération,Hors intersection,Normale,Deux véhicules - arrière,,,,,,,,,,,1,2,1,1,2
200600079382,0006-12-25 15:20:00,6,12,25,15,20,930,51,"73, NEUILLY (ROUTE)",,,Plein jour,En agglomération,Hors intersection,Autre,Deux véhicules - arrière,,,,,,,,,,,1,2,1,9,2
200600079383,0006-12-26 18:30:00,6,12,26,18,30,930,51,PAVE NEUF (AVENUE),,,Nuit avec éclairage allumé,En agglomération,Giratoire,Normale,Autre collision,,,,,,,,,,,5,2,6,1,6
200600079384,0006-12-06 13:30:00,6,12,6,13,30,930,53,"50, GALLIENI (AVENUE)",,,Plein jour,En agglomération,Passage à niveau,Normale,Deux véhicules - frontale,,,,,,,,,,,1,2,8,1,1
200600079385,0006-12-21 09:00:00,6,12,21,9,0,930,53,"101, VAILLANT COUTURIER",,,Plein jour,En agglomération,Hors intersection,Normale,Deux véhicules - côté,,,,,,,,,,,1,2,1,1,3
200600079386,0006-12-04 18:40:00,6,12,4,18,40,930,55,"78, GENERAL LECLERC(AVE",,,Nuit avec éclairage allumé,En agglomération,Intersection en T,Pluie légère,Autre collision,,,,,,,,,,,5,2,3,2,6
200600079387,0006-12-08 09:00:00,6,12,8,9,0,930,55,"81, GENERAL LECLERC(AVE",,,Plein jour,En agglomération,Hors intersection,Pluie légère,Deux véhicules - arrière,,,,,,,,,,,1,2,1,2,2
200600079388,0006-12-13 12:20:00,6,12,13,12,20,930,55,CHEVAL BLANC (DU),,,Plein jour,En agglomération,Intersection en T,Normale,Autre collision,,,,,,,,,,,1,2,3,1,6
200600079389,0006-12-13 19:45:00,6,12,13,19,45,930,55,GAMBETTA,,,Nuit avec éclairage allumé,En agglomération,Intersection à plus de 4 branches,Normale,Sans collision,,,,,,,,,,,5,2,5,1,7
200600079390,0006-12-19 09:25:00,6,12,19,9,25,930,55,"150, JEAN LOLIVE (AVENUE",,,Plein jour,En agglomération,Intersection en T,Normale,Deux véhicules - côté,,,,,,,,,,,1,2,3,1,3
200600079391,0006-12-31 15:35:00,6,12,31,15,35,930,55,"150, JEAN LOLIVE (AVENUE",,,Plein jour,En agglomération,Hors intersection,Pluie légère,Deux véhicules - côté,,,,,,,,,,,1,2,1,2,3
200600079392,0006-12-07 14:20:00,6,12,7,14,20,930,62,"05, FONTAINE (ALLEE DE L",,,Plein jour,En agglomération,Hors intersection,Pluie légère,Autre collision,,,,,,,,,,,1,2,1,2,6
200600079393,0006-12-16 16:50:00,6,12,16,16,50,930,14,"0, STRATEGIQUE (ROUTE)",,,Crépuscule ou aube,Hors agglomération,Hors intersection,Pluie légère,Deux véhicules - frontale,,,,,,,,,,,2,1,1,2,1
200600079394,0006-12-20 09:15:00,6,12,20,9,15,930,14,"5, MAURICE AUDIN (ALLEE)",,,Plein jour,En agglomération,Hors intersection,Normale,Autre collision,,,,,,,,,,,1,2,1,1,6
200600079395,0006-12-20 10:00:00,6,12,20,10,0,930,14,"0, CHAPELLE (ALLEE DE LA",,,Plein jour,En agglomération,Hors intersection,Normale,Autre collision,,,,,,,,,,,1,2,1,1,6
200600079396,0006-12-22 16:35:00,6,12,22,16,35,930,62,"28, RESISTANCE (AVENUE D",,,Plein jour,En agglomération,Autre intersection,Normale,Deux véhicules - côté,,,,,,,,,,,1,2,9,1,3
200600079397,0006-12-24 22:10:00,6,12,24,22,10,930,14,"20, BEL AIR (RUE DU)",,,Nuit avec éclairage allumé,En agglomération,Intersection en X,Temps couvert,Deux véhicules - côté,,,,,,,,,,,5,2,2,8,3
200600079398,0006-12-25 19:50:00,6,12,25,19,50,930,62,"0, OUEST (BOULEVARD DE L",,,Nuit avec éclairage allumé,En agglomération,Intersection en X,Brouillard / fumée,Deux véhicules - côté,,,,,,,,,,,5,2,2,5,3
200600079399,0006-12-26 17:45:00,6,12,26,17,45,930,14,STRATEGIQUE (ROUTE),,,Nuit sans éclairage public,Hors agglomération,Hors intersection,Normale,Deux véhicules - arrière,,,,,,,,,,,3,1,1,1,2
200600079400,0006-12-18 13:45:00,6,12,18,13,45,930,77,"00, GRANDE RUE  18 / FIN",,,Plein jour,En agglomération,Intersection en X,Normale,Deux véhicules - côté,,,,,,,,,,,1,2,2,1,3
200600079401,0006-12-23 12:30:00,6,12,23,12,30,930,77,"00, ROSNY (AVENUE DE)",,,Plein jour,En agglomération,Hors intersection,Normale,Deux véhicules - arrière,,,,,,,,,,,1,2,1,1,2
200600079402,0006-12-29 08:35:00,6,12,29,8,35,930,64,"00, QUATRIEME ZOUAVES (R",,,Crépuscule ou aube,En agglomération,Intersection en X,Normale,Sans collision,,,,,,,,,,,2,2,2,1,7
200600079403,0006-12-01 13:15:00,6,12,1,13,15,930,66,"""BARBUSSE HENRI, NR 35 A",,,Plein jour,En agglomération,Intersection en X,Normale,Deux véhicules - frontale,,,,,,,,,,,1,2,2,1,1
200600079404,0006-12-03 09:45:00,6,12,3,9,45,930,66,LENINE (AVENUE) NR 2 A 2,,,Plein jour,En agglomération,Hors intersection,Normale,Trois véhicules et plus - collisions multiples,,,,,,,,,,,1,2,1,1,5
200600079405,0006-12-05 10:08:00,6,12,5,10,8,930,66,"27, COMMUNE DE PARIS",,,Plein jour,En agglomération,Hors intersection,Normale,Deux véhicules - arrière,,,,,,,,,,,1,2,1,1,2
200600079406,0006-12-06 08:30:00,6,12,6,8,30,930,66,"78, ""SEMBAT MARCEL (BD),",,,Plein jour,En agglomération,Hors intersection,Normale,Autre collision,,,,,,,,,,,1,2,1,1,6
200600079407,0006-12-12 21:15:00,6,12,12,21,15,930,66,"""LANDY RD 20, NR IMPAIRS",,,Nuit avec éclairage allumé,En agglomération,Intersection en X,Normale,Deux véhicules - côté,,,,,,,,,,,5,2,2,1,3
200600079408,0006-12-15 20:15:00,6,12,15,20,15,930,66,"84, MICHELS CHARLES",,,Nuit avec éclairage allumé,En agglomération,Hors intersection,Normale,Deux véhicules - côté,,,,,,,,,,,5,2,1,1,3
200600079409,0006-12-18 10:20:00,6,12,18,10,20,930,66,"4, SAINT JUST (ALLEE)",,,Plein jour,En agglomération,Hors intersection,Normale,Autre collision,,,,,,,,,,,1,2,1,1,6
200600079410,0006-12-21 15:50:00,6,12,21,15,50,930,66,"7, LIBERTE",,,Plein jour,En agglomération,Hors intersection,Temps couvert,Deux véhicules - arrière,,,,,,,,,,,1,2,1,8,2
200600079411,0006-12-21 08:15:00,6,12,21,8,15,930,66,SAULNIER JULES,,,Plein jour,En agglomération,Hors intersection,Normale,Deux véhicules - côté,,,,,,,,,,,1,2,1,1,3
200600079412,0006-12-22 07:50:00,6,12,22,7,50,930,66,"10, COLONEL FABIEN (AVEN",,,Nuit avec éclairage allumé,En agglomération,Hors intersection,Normale,Autre collision,,,,,,,,,,,5,2,1,1,6
200600079413,0006-12-22 13:20:00,6,12,22,13,20,930,66,STADE DE FRANCE (AVENUE,,,Plein jour,En agglomération,Hors intersection,Normale,Autre collision,,,,,,,,,,,1,2,1,1,6
200600079414,0006-12-23 00:10:00,6,12,23,0,10,930,66,WILSON (AVENUE DU PRESID,,,Nuit avec éclairage allumé,En agglomération,Intersection en T,Normale,Deux véhicules - côté,,,,,,,,,,,5,2,3,1,3
200600079415,0006-12-26 12:05:00,6,12,26,12,5,930,66,"""MERMOZ JEAN, NR 15""",,,Plein jour,En agglomération,Hors intersection,Normale,Deux véhicules - côté,,,,,,,,,,,1,2,1,1,3
200600079416,0006-12-31 18:50:00,6,12,31,18,50,930,66,BRICHE NR 2 A 38,,,Nuit sans éclairage public,En agglomération,Hors intersection,Pluie légère,Deux véhicules - arrière,,,,,,,,,,,3,2,1,2,2
200600079417,0006-12-31 12:20:00,6,12,31,12,20,930,66,MOULIN JEAN (AVENUE) NR,,,Plein jour,En agglomération,Intersection en T,Normale,Deux véhicules - arrière,,,,,,,,,,,1,2,3,1,2