accident_id,datetime,annee,mois,jour,heure,minute,departement,commune_insee,adresse,latitude,longitude,luminosite,agglomeration,intersection,meteo,collision,nb_vehicules,nb_usagers,nb_indemnes,nb_tues,nb_blesses_hosp,nb_blesses_legers,age_cond_1,age_cond_2,veh_type_cond_1,veh_type_cond_2,lum_code,agg_code,int_code,atm_code,col_code
200600079418,0006-12-30 18:50:00,6,12,30,18,50,930,39,CITE MARCEL PAUL,,,Nuit avec éclairage allumé,En agglomération,Intersection en T,Vent fort / tempête,Autre collision,,,,,,,,,,,5,2,3,6,6
200600079419,0006-12-01 15:25:00,6,12,1,15,25,930,70,SEINE (QUAI DE),,,Plein jour,En agglomération,Hors intersection,Normale,Autre collision,,,,,,,,,,,1,2,1,1,6
200600079420,0006-12-17 19:40:00,6,12,17,19,40,930,70,"159, VICTOR-HUGO (BD)",,,Nuit avec éclairage non allumé,En agglomération,Hors intersection,Normale,Autre collision,,,,,,,,,,,4,2,1,1,6
200600079421,0006-12-14 17:00:00,6,12,14,17,0,930,70,"30, VICTOR-HUGO (BD)",,,Crépuscule ou aube,En agglomération,Hors intersection,Normale,Autre collision,,,,,,,,,,,2,2,1,1,6
200600079422,0006-12-20 08:53:00,6,12,20,8,53,930,70,"51, GABRIEL-PERI (AV)",,,Plein jour,En agglomération,Intersection en Y,Normale,Deux véhicules - arrière,,,,,,,,,,,1,2,4,1,2
200600079423,0006-12-21 16:25:00,6,12,21,16,25,930,70,"87, GABRIEL-PERI (AV)",,,Plein jour,En agglomération,Hors intersection,Normale,Autre collision,,,,,,,,,,,1,2,1,1,6
200600079424,0006-12-21 12:50:00,6,12,21,12,50,930,70,", CAPITAINE-GLARNER (AV)",,,Plein jour,En agglomération,Hors intersection,Normale,Deux véhicules - arrière,,,,,,,,,,,1,2,1,1,2
200600079425,0006-12-25 08:25:00,6,12,25,8,25,930,70,"50, GABRIEL-PERI (AV)",,,Nuit avec éclairage allumé,En agglomération,Intersection en X,Normale,Autre collision,,,,,,,,,,,5,2,2,1,6
200600079426,0006-12-06 11:40:00,6,12,6,11,40,930,71,STALINGRAD (BOULEVARD DE,,,Plein jour,En agglomération,Intersection en X,Normale,Autre collision,,,,,,,,,,,1,2,2,1,6
200600079427,0006-12-14 07:50:00,6,12,14,7,50,930,71,JEAN HEMMEN (RUE),,,Crépuscule ou aube,En agglomération,Intersection en T,Normale,Autre collision,,,,,,,,,,,2,2,3,1,6
200600079428,0006-12-15 07:40:00,6,12,15,7,40,930,71,SURIEGES (ALLEE DE),,,Nuit avec éclairage allumé,En agglomération,Hors intersection,Brouillard / fumée,Autre collision,,,,,,,,,,,5,2,1,5,6
200600079429,0006-12-16 18:00:00,6,12,16,18,0,930,71,JOHN F. KENNEDY (AVENUE),,,Nuit avec éclairage non allumé,En agglomération,Hors intersection,Pluie légère,Autre collision,,,,,,,,,,,4,2,1,2,6
200600079430,0006-12-25 18:05:00,6,12,25,18,5,930,71,SAVIGNY (CHEMIN DE),,,Nuit avec éclairage non allumé,En agglomération,Intersection en T,Brouillard / fumée,Deux véhicules - côté,,,,,,,,,,,4,2,3,5,3
200600079431,0006-12-12 09:40:00,6,12,12,9,40,930,71,"33, LIVRY (AVENUE DE)",,,Plein jour,En agglomération,Hors intersection,Normale,Deux véhicules - côté,,,,,,,,,,,1,2,1,1,3
200600079432,0006-12-02 19:30:00,6,12,2,19,30,930,59,JEAN MERMOZ (N°59 AU 185,,,Nuit avec éclairage allumé,En agglomération,Hors intersection,Temps couvert,Autre collision,,,,,,,,,,,5,2,1,8,6
200600079433,0006-12-15 22:30:00,6,12,15,22,30,930,59,"5, GENERAL GALLIENI (AVE",,,Nuit avec éclairage allumé,En agglomération,Hors intersection,Normale,Autre collision,,,,,,,,,,,5,2,1,1,6
200600079434,0006-12-04 18:20:00,6,12,4,18,20,930,72,MOULIN NEUF (RUE DU),,,Nuit avec éclairage allumé,En agglomération,Hors intersection,Pluie légère,Autre collision,,,,,,,,,,,5,2,1,2,6
200600079435,0006-12-04 21:15:00,6,12,4,21,15,930,59,JEAN MERMOZ (BOULEVARD),,,Nuit avec éclairage allumé,En agglomération,Intersection en X,Pluie légère,Sans collision,,,,,,,,,,,5,2,2,2,7
200600079436,0006-12-13 01:20:00,6,12,13,1,20,930,59,"4, LIBERATION (PLACE DE",,,Nuit avec éclairage non allumé,En agglomération,Intersection en X,Normale,Autre collision,,,,,,,,,,,4,2,2,1,6
200600079437,0006-12-03 14:00:00,6,12,3,14,0,930,73,BROSSOLETTE (RUE PIERRE),,,Plein jour,En agglomération,Autre intersection,Pluie légère,Deux véhicules - frontale,,,,,,,,,,,1,2,9,2,1
200600079438,0006-12-07 11:00:00,6,12,7,11,0,930,73,"82, PASCAL (AVENUE BLAIS",,,Plein jour,En agglomération,Intersection en X,Pluie forte,Deux véhicules - côté,,,,,,,,,,,1,2,2,3,3
200600079439,0006-12-07 14:00:00,6,12,7,14,0,930,73,"33, ROISSY (ROUTE DE)",,,Plein jour,En agglomération,Hors intersection,Pluie légère,Deux véhicules - arrière,,,,,,,,,,,1,2,1,2,2
200600079440,0006-12-08 00:10:00,6,12,8,0,10,930,78,", TREMBLAY (ROUTE DE)",,,Nuit avec éclairage allumé,En agglomération,Hors intersection,Pluie légère,Autre collision,,,,,,,,,,,5,2,1,2,6
200600079441,0006-12-14 08:50:00,6,12,14,8,50,930,73,"7, FERRY (RUE JULES)",,,Plein jour,En agglomération,Hors intersection,Normale,Autre collision,,,,,,,,,,,1,2,1,1,6
200600079442,0006-12-14 13:45:00,6,12,14,13,45,930,78,AUTOROUTE A 104,,,Plein jour,Hors agglomération,Hors intersection,Normale,Deux véhicules - côté,,,,,,,,,,,1,1,1,1,3
200600079443,0006-12-19 14:25:00,6,12,19,14,25,930,73,"13, VAILLANT (BOULEVARD",,,Plein jour,En agglomération,Hors intersection,Normale,Trois véhicules et plus - en chaîne,,,,,,,,,,,1,2,1,1,4
200600079444,0006-12-19 19:55:00,6,12,19,19,55,930,78,BARBUSSE (RUE HENRI),,,Nuit avec éclairage allumé,En agglomération,Hors intersection,Normale,Autre collision,,,,,,,,,,,5,2,1,1,6
200600079445,0006-12-22 15:00:00,6,12,22,15,0,930,78,DAMBEL (AVENUE EMILE),,,Plein jour,En agglomération,Hors intersection,Normale,Deux véhicules - arrière,,,,,,,,,,,1,2,1,1,2
200600079446,0006-12-30 21:10:00,6,12,30,21,10,930,78,CLEMENCEAU (AVENUE GEORG,,,Nuit avec éclairage allumé,En agglomération,Hors intersection,Normale,Deux véhicules - frontale,,,,,,,,,,,5,2,1,1,1
200600079447,0006-12-03 23:00:00,6,12,3,23,0,940,2,VAILLANT COUTURIER (R),,,Nuit sans éclairage public,En agglomération,Intersection en X,Normale,Deux véhicules - côté,,,,,,,,,,,3,2,2,1,3
200600079448,0006-12-26 16:30:00,6,12,26,16,30,940,44,"38, GABRIEL PERI (AV)",,,Plein jour,En agglomération,Hors intersection,Normale,Autre collision,,,,,,,,,,,1,2,1,1,6
200600079449,0006-12-07 07:50:00,6,12,7,7,50,940,71,"0, NOISEAU (R DE)",,,Nuit avec éclairage allumé,En agglomération,Intersection en Y,Normale,Deux véhicules - côté,,,,,,,,,,,5,2,4,1,3
200600079450,0006-12-09 18:45:00,6,12,9,18,45,940,48,"0, BELLE IMAGE (AV DE LA",,,Nuit avec éclairage allumé,En agglomération,Hors intersection,Normale,Autre collision,,,,,,,,,,,5,2,1,1,6
200600079451,0006-12-08 07:10:00,6,12,8,7,10,940,71,"0, QUEUE EN BRIE (RTE DE",,,Nuit avec éclairage allumé,En agglomération,Hors intersection,Pluie légère,Deux véhicules - frontale,,,,,,,,,,,5,2,1,2,1
200600079452,0006-12-15 17:25:00,6,12,15,17,25,940,71,"0, GABRIEL PERI (AV)",,,Plein jour,En agglomération,Hors intersection,Normale,Autre collision,,,,,,,,,,,1,2,1,1,6
200600079453,0006-12-15 18:10:00,6,12,15,18,10,940,71,"0, PARIS (R DE)",,,Nuit avec éclairage allumé,Hors agglomération,Hors intersection,Normale,Trois véhicules et plus - collisions multiples,,,,,,,,,,,5,1,1,1,5
200600079454,0006-12-19 09:00:00,6,12,19,9,0,940,47,"0, VERDUN (R DE)",,,Plein jour,Hors agglomération,Hors intersection,Autre,Deux véhicules - frontale,,,,,,,,,,,1,1,1,9,1
200600079455,0006-12-19 10:30:00,6,12,19,10,30,940,71,"0, LACARRIERE (R)",,,Plein jour,En agglomération,Intersection en X,Normale,Sans collision,,,,,,,,,,,1,2,2,1,7
200600079456,0006-12-16 19:05:00,6,12,16,19,5,940,75,LATTRE DE TASSIGNY (AV D,,,Nuit avec éclairage allumé,En agglomération,Intersection en T,Normale,Deux véhicules - côté,,,,,,,,,,,5,2,3,1,3
200600079457,0006-12-20 07:55:00,6,12,20,7,55,940,48,"0, BRUYERES (AV DES)",,,Nuit avec éclairage allumé,En agglomération,Hors intersection,Autre,Deux véhicules - arrière,,,,,,,,,,,5,2,1,9,2
200600079458,0006-12-22 18:10:00,6,12,22,18,10,940,71,"0, LOUIS BOON (BD)",,,Nuit avec éclairage allumé,En agglomération,Intersection en X,Normale,Deux véhicules - côté,,,,,,,,,,,5,2,2,1,3
200600079459,0006-12-23 18:00:00,6,12,23,18,0,940,75,JEAN CAVAILLES (R),,,Nuit avec éclairage allumé,En agglomération,Hors intersection,Normale,Deux véhicules - côté,,,,,,,,,,,5,2,1,1,3
200600079460,0006-12-24 14:40:00,6,12,24,14,40,940,71,MAROLLES (R DE),,,Plein jour,Hors agglomération,Hors intersection,Normale,Deux véhicules - côté,,,,,,,,,,,1,1,1,1,3
200600079461,0006-12-25 13:15:00,6,12,25,13,15,940,44,"0, DESCARTES (AV)",,,Plein jour,En agglomération,Hors intersection,Normale,Deux véhicules - frontale,,,,,,,,,,,1,2,1,1,1
200600079462,0006-12-30 15:15:00,6,12,30,15,15,940,47,"0, PAUL DOUMER (R)",,,Plein jour,En agglomération,Intersection en X,Pluie légère,Trois véhicules et plus - en chaîne,,,,,,,,,,,1,2,2,2,4
200600079463,0006-12-17 06:30:00,6,12,17,6,30,940,44,", VERDUN (AV DE)",,,Nuit avec éclairage allumé,En agglomération,Intersection en T,Autre,Autre collision,,,,,,,,,,,5,2,3,9,6
200600079464,0006-12-21 11:00:00,6,12,21,11,0,940,4,"0, VILLENEUVE (R DE)",,,Plein jour,En agglomération,Hors intersection,Temps couvert,Deux véhicules - frontale,,,,,,,,,,,1,2,1,8,1
200600079465,0006-12-02 18:50:00,6,12,2,18,50,940,17,REPUBLIQUE (AV DE LA),,,Nuit avec éclairage allumé,En agglomération,Hors intersection,Normale,Autre collision,,,,,,,,,,,5,2,1,1,6
200600079466,0006-12-10 16:15:00,6,12,10,16,15,940,17,"1, GEORGES DIMITROV (R)",,,Plein jour,En agglomération,Hors intersection,Normale,Autre collision,,,,,,,,,,,1,2,1,1,6
200600079467,0006-12-18 22:25:00,6,12,18,22,25,940,17,ROGER SALENGRO (AV),,,Nuit avec éclairage allumé,Hors agglomération,Hors intersection,Normale,Deux véhicules - côté,,,,,,,,,,,5,1,1,1,3
200600079468,0006-12-04 18:10:00,6,12,4,18,10,940,69,SAINT MAURICE DU VALAIS,,,Nuit avec éclairage allumé,En agglomération,Hors intersection,Pluie légère,Deux véhicules - côté,,,,,,,,,,,5,2,1,2,3
200600079469,0006-12-08 09:10:00,6,12,8,9,10,940,18,"78, CARRIERES (QU DES)",,,Crépuscule ou aube,En agglomération,Intersection en Y,Pluie forte,Autre collision,,,,,,,,,,,2,2,4,3,6
200600079470,0006-12-23 12:00:00,6,12,23,12,0,940,18,PONT (R DU),,,Plein jour,En agglomération,Intersection en X,Normale,Deux véhicules - côté,,,,,,,,,,,1,2,2,1,3
200600079471,0006-12-01 10:35:00,6,12,1,10,35,940,55,"0, AMBOILE (R D)",,,Plein jour,En agglomération,Intersection en X,Normale,Deux véhicules - côté,,,,,,,,,,,1,2,2,1,3
200600079472,0006-12-01 16:40:00,6,12,1,16,40,940,19,PLESSIS (RTE DU),,,Plein jour,En agglomération,Hors intersection,Normale,Trois véhicules et plus - en chaîne,,,,,,,,,,,1,2,1,1,4
200600079473,0006-12-06 15:20:00,6,12,6,15,20,940,55,"00, HENRI PEUTEUIL (R)",,,Plein jour,En agglomération,Intersection en T,Normale,Deux véhicules - arrière,,,,,,,,,,,1,2,3,1,2
200600079474,0006-12-07 15:45:00,6,12,7,15,45,940,55,"0, GENERAL DE GAULLE (AV",,,Plein jour,En agglomération,Hors intersection,Pluie légère,Deux véhicules - côté,,,,,,,,,,,1,2,1,2,3
200600079475,0006-12-11 08:25:00,6,12,11,8,25,940,53,"9, LEON BLUM (R)",,,Plein jour,En agglomération,Hors intersection,Pluie légère,Sans collision,,,,,,,,,,,1,2,1,2,7
200600079476,0006-12-13 10:45:00,6,12,13,10,45,940,59,ARDOUIN (AV),,,Plein jour,En agglomération,Hors intersection,Normale,Sans collision,,,,,,,,,,,1,2,1,1,7
200600079477,0006-12-16 20:20:00,6,12,16,20,20,940,59,"00, CHENNEVIERES (AV DE)",,,Nuit avec éclairage non allumé,En agglomération,Intersection en X,Normale,Deux véhicules - côté,,,,,,,,,,,4,2,2,1,3
200600079478,0006-12-19 14:35:00,6,12,19,14,35,940,60,CHAMPLAIN (CUVETTE DE),,,Plein jour,En agglomération,Giratoire,Normale,Trois véhicules et plus - en chaîne,,,,,,,,,,,1,2,6,1,4
200600079479,0006-12-19 15:20:00,6,12,19,15,20,940,60,"00, DUNOYER DE SEGONZAC",,,Plein jour,En agglomération,Hors intersection,Normale,Deux véhicules - arrière,,,,,,,,,,,1,2,1,1,2
200600079480,0006-12-28 20:40:00,6,12,28,20,40,940,19,ALPHONSE DAUDET (R),,,Nuit avec éclairage allumé,En agglomération,Hors intersection,Normale,Deux véhicules - arrière,,,,,,,,,,,5,2,1,1,2
200600079481,0006-12-30 18:45:00,6,12,30,18,45,940,79,"00, ISLE (AV DE L)",,,Nuit avec éclairage allumé,En agglomération,Hors intersection,Pluie légère,Sans collision,,,,,,,,,,,5,2,1,2,7
200600079482,0006-12-02 22:25:00,6,12,2,22,25,940,54,CHARLES TILLON (route),,,Nuit avec éclairage allumé,En agglomération,Hors intersection,Normale,Deux véhicules - arrière,,,,,,,,,,,5,2,1,1,2
200600079483,0006-12-08 17:15:00,6,12,8,17,15,940,22,LEON GOURDAULT (AV),,,Crépuscule ou aube,En agglomération,Hors intersection,Pluie légère,Autre collision,,,,,,,,,,,2,2,1,2,6
200600079484,0006-12-16 17:20:00,6,12,16,17,20,940,22,HUIT MAI 1945 (AV DU),,,Nuit avec éclairage allumé,En agglomération,Autre intersection,Pluie légère,Deux véhicules - arrière,,,,,,,,,,,5,2,9,2,2
200600079485,0006-12-16 19:05:00,6,12,16,19,5,940,22,"0, LUGO (AV DE)",,,Nuit avec éclairage allumé,En agglomération,Hors intersection,Pluie légère,Autre collision,,,,,,,,,,,5,2,1,2,6
200600079486,0006-12-19 12:20:00,6,12,19,12,20,940,22,LEON GOURDAULT (AV),,,Plein jour,En agglomération,Hors intersection,Normale,Sans collision,,,,,,,,,,,1,2,1,1,7
200600079487,0006-12-03 15:50:00,6,12,3,15,50,940,28,FOCH(AVENUE DU MARECHAL),,,Plein jour,En agglomération,Hors intersection,Normale,Deux véhicules - arrière,,,,,,,,,,,1,2,1,1,2
200600079488,0006-12-02 14:35:00,6,12,2,14,35,940,28,SAINT-SIMON.(RUE ET VILL,,,Plein jour,En agglomération,Intersection en X,Normale,Deux véhicules - côté,,,,,,,,,,,1,2,2,1,3
200600079489,0006-12-01 16:00:00,6,12,1,16,0,940,11,"43, PARIS(AVENUE DE)",,,Plein jour,En agglomération,Hors intersection,Normale,Autre collision,,,,,,,,,,,1,2,1,1,6
200600079490,0006-12-05 09:55:00,6,12,5,9,55,940,28,"33, BROSSOLETTE(AVENUE P",,,Plein jour,En agglomération,Hors intersection,Normale,Sans collision,,,,,,,,,,,1,2,1,1,7
200600079491,0006-12-05 08:20:00,6,12,5,8,20,940,28,"3, MARAIS(CHEMIN DES)",,,Plein jour,En agglomération,Hors intersection,Pluie forte,Deux véhicules - côté,,,,,,,,,,,1,2,1,3,3
200600079492,0006-12-07 12:30:00,6,12,7,12,30,940,28,"12, SCHOELCHER(RUE VICTO",,,Plein jour,En agglomération,Hors intersection,Pluie légère,Autre collision,,,,,,,,,,,1,2,1,2,6
200600079493,0006-12-08 13:55:00,6,12,8,13,55,940,28,"0, CHOISY(ROUTE DE)",,,Plein jour,En agglomération,Hors intersection,Normale,Autre collision,,,,,,,,,,,1,2,1,1,6
200600079494,0006-12-11 18:53:00,6,12,11,18,53,940,28,"0, HALPERN.(AVENUE BERNA",,,Crépuscule ou aube,En agglomération,Hors intersection,Normale,Autre collision,,,,,,,,,,,2,2,1,1,6
200600079495,0006-12-11 23:10:00,6,12,11,23,10,940,28,MESLY.(RUE DE),,,Nuit avec éclairage allumé,En agglomération,Hors intersection,Normale,Autre collision,,,,,,,,,,,5,2,1,1,6
200600079496,0006-12-13 14:10:00,6,12,13,14,10,940,28,"40, VERDUN.(AVENUE DE)",,,Plein jour,En agglomération,Hors intersection,Normale,Trois véhicules et plus - en chaîne,,,,,,,,,,,1,2,1,1,4
200600079497,0006-12-14 15:45:00,6,12,14,15,45,940,11,"20, PARIS(AVENUE DE)",,,Plein jour,En agglomération,Hors intersection,Normale,Deux véhicules - arrière,,,,,,,,,,,1,2,1,1,2
200600079498,0006-12-15 11:00:00,6,12,15,11,0,940,11,"0, GILLET(RUE ALFRED)",,,Plein jour,En agglomération,Hors intersection,Normale,Autre collision,,,,,,,,,,,1,2,1,1,6
200600079499,0006-12-18 08:45:00,6,12,18,8,45,940,28,"0, HALAGE.(QUAI DE ET PA",,,Plein jour,En agglomération,Hors intersection,Normale,Autre collision,,,,,,,,,,,1,2,1,1,6
200600079500,0006-12-16 13:35:00,6,12,16,13,35,940,28,"0, HALPERN.(AVENUE BERNA",,,Plein jour,En agglomération,Hors intersection,Normale,Autre collision,,,,,,,,,,,1,2,1,1,6
200600079501,0006-12-16 15:15:00,6,12,16,15,15,940,11,"0, PARIS(AVENUE DE)",,,Plein jour,En agglomération,Hors intersection,Normale,Autre collision,,,,,,,,,,,1,2,1,1,6
200600079502,0006-12-21 12:10:00,6,12,21,12,10,940,28,"0, HALPERN.(AVENUE BERNA",,,Plein jour,En agglomération,Hors intersection,Normale,Autre collision,,,,,,,,,,,1,2,1,1,6
200600079503,0006-12-24 03:50:00,6,12,24,3,50,940,28,"22, LACHARRIERE.(RUE DU",,,Nuit avec éclairage allumé,En agglomération,Hors intersection,Normale,Autre collision,,,,,,,,,,,5,2,1,1,6
200600079504,0006-12-26 20:10:00,6,12,26,20,10,940,11,SEMARD(RUE PIERRE),,,Nuit avec éclairage allumé,En agglomération,Hors intersection,Normale,Trois véhicules et plus - collisions multiples,,,,,,,,,,,5,2,1,1,5
200600079505,0006-12-26 17:30:00,6,12,26,17,30,940,28,HALPERN.(AVENUE BERNARD),,,Crépuscule ou aube,En agglomération,Hors intersection,Normale,Trois véhicules et plus - collisions multiples,,,,,,,,,,,2,2,1,1,5
200600079506,0006-12-28 10:05:00,6,12,28,10,5,940,28,LECLERC.(RUE DU GENERAL),,,Plein jour,En agglomération,Intersection en X,Pluie légère,Deux véhicules - arrière,,,,,,,,,,,1,2,2,2,2
200600079507,0006-12-28 20:45:00,6,12,28,20,45,940,28,SAVAR.(RUE JULIETTE),,,Nuit avec éclairage allumé,En agglomération,Hors intersection,Neige / grêle,Sans collision,,,,,,,,,,,5,2,1,4,7
200600079508,0006-12-28 21:25:00,6,12,28,21,25,940,11,CONVENTIONS.(AVENUE DE L,,,Nuit avec éclairage allumé,En agglomération,Intersection en X,Pluie légère,Autre collision,,,,,,,,,,,5,2,2,2,6
200600079509,0006-12-29 15:10:00,6,12,29,15,10,940,28,VALENTON(RUE DE),,,Plein jour,En agglomération,Hors intersection,Normale,Deux véhicules - arrière,,,,,,,,,,,1,2,1,1,2
200600079510,0006-12-29 08:50:00,6,12,29,8,50,940,28,HALPERN.(AVENUE BERNARD),,,Plein jour,En agglomération,Hors intersection,Autre,Sans collision,,,,,,,,,,,1,2,1,9,7
200600079511,0006-12-30 16:20:00,6,12,30,16,20,940,28,POMPADOUR(CARREFOUR),,,Plein jour,En agglomération,Giratoire,Normale,Deux véhicules - côté,,,,,,,,,,,1,2,6,1,3
200600079512,0006-12-05 08:50:00,6,12,5,8,50,940,33,"1, PAUL LANGEVIN (R)",,,Plein jour,En agglomération,Hors intersection,Normale,Autre collision,,,,,,,,,,,1,2,1,1,6
200600079513,0006-12-11 16:30:00,6,12,11,16,30,940,33,REPUBLIQUE (AV DE LA),,,Plein jour,En agglomération,Hors intersection,Pluie légère,Autre collision,,,,,,,,,,,1,2,1,2,6
200600079514,0006-12-29 22:40:00,6,12,29,22,40,940,33,DALAYRAC (R),,,Nuit avec éclairage allumé,En agglomération,Hors intersection,Normale,Deux véhicules - côté,,,,,,,,,,,5,2,1,1,3
200600079515,0006-12-02 01:15:00,6,12,2,1,15,940,76,"1, GOURNAY (AV DE)",,,Nuit avec éclairage allumé,En agglomération,Intersection en T,Normale,Deux véhicules - côté,,,,,,,,,,,5,2,3,1,3
200600079516,0006-12-01 15:40:00,6,12,1,15,40,940,3,"59, LAPLACE (AV)",,,Plein jour,En agglomération,Hors intersection,Normale,Deux véhicules - côté,,,,,,,,,,,1,2,1,1,3
200600079517,0006-12-01 18:23:00,6,12,1,18,23,940,16,"1, ARISTIDE BRIAND (AV)",,,Plein jour,En agglomération,Hors intersection,Normale,Deux véhicules - frontale,,,,,,,,,,,1,2,1,1,1
200600079518,0006-12-02 19:15:00,6,12,2,19,15,940,43,EUGENE THOMAS (AV),,,Nuit avec éclairage allumé,En agglomération,Hors intersection,Normale,Autre collision,,,,,,,,,,,5,2,1,1,6
200600079519,0006-12-02 18:25:00,6,12,2,18,25,940,43,"1, GENERAL LECLERC (R DU",,,Crépuscule ou aube,En agglomération,Intersection en T,Normale,Sans collision,,,,,,,,,,,2,2,3,1,7
200600079520,0006-12-03 07:00:00,6,12,3,7,0,940,76,"17, CHASTENET DE GERY (B",,,Crépuscule ou aube,En agglomération,Hors intersection,Normale,Sans collision,,,,,,,,,,,2,2,1,1,7
200600079521,0006-12-04 01:15:00,6,12,4,1,15,940,3,"59, LAPLACE (AV)",,,Nuit avec éclairage allumé,En agglomération,Hors intersection,Normale,Sans collision,,,,,,,,,,,5,2,1,1,7
200600079522,0006-12-05 11:15:00,6,12,5,11,15,940,76,"7, STALINGRAD (AV DE)",,,Plein jour,Hors agglomération,Hors intersection,Normale,Deux véhicules - frontale,,,,,,,,,,,1,1,1,1,1
200600079523,0006-12-07 10:15:00,6,12,7,10,15,940,76,"24-26, CHASTENET DE GERY",,,Plein jour,Hors agglomération,Hors intersection,Normale,Deux véhicules - frontale,,,,,,,,,,,1,1,1,1,1
200600079524,0006-12-05 12:40:00,6,12,5,12,40,940,76,"47, MAXIME GORKI (BD)",,,Plein jour,En agglomération,Hors intersection,Normale,Sans collision,,,,,,,,,,,1,2,1,1,7
200600079525,0006-12-09 18:31:00,6,12,9,18,31,940,76,"1, HENRI BARBUSSE (R)",,,Plein jour,En agglomération,Intersection en T,Normale,Sans collision,,,,,,,,,,,1,2,3,1,7
200600079526,0006-12-12 08:45:00,6,12,12,8,45,940,3,"15, PAUL VAILLANT COUTUR",,,Crépuscule ou aube,Hors agglomération,Hors intersection,Normale,Trois véhicules et plus - collisions multiples,,,,,,,,,,,2,1,1,1,5
200600079527,0006-12-13 06:10:00,6,12,13,6,10,940,76,"1, STALINGRAD (AV DE)",,,Nuit avec éclairage allumé,En agglomération,Intersection en X,Normale,Deux véhicules - frontale,,,,,,,,,,,5,2,2,1,1
200600079528,0006-12-15 18:55:00,6,12,15,18,55,940,76,"155, CHEVILLY (R DE)",,,Nuit avec éclairage allumé,En agglomération,Hors intersection,Normale,Deux véhicules - frontale,,,,,,,,,,,5,2,1,1,1
200600079529,0006-12-17 10:35:00,6,12,17,10,35,940,43,"33, DANTON (R)",,,Plein jour,En agglomération,Hors intersection,Normale,Sans collision,,,,,,,,,,,1,2,1,1,7
200600079530,0006-12-18 08:10:00,6,12,18,8,10,940,76,"1, MAXIME GORKI (BD)",,,Plein jour,En agglomération,Intersection en X,Normale,Deux véhicules - arrière,,,,,,,,,,,1,2,2,1,2
200600079531,0006-12-18 20:35:00,6,12,18,20,35,940,76,"97, PARIS (AV DE)",,,Nuit sans éclairage public,En agglomération,Hors intersection,Normale,Autre collision,,,,,,,,,,,3,2,1,1,6
200600079532,0006-12-18 08:11:00,6,12,18,8,11,940,76,"75, STALINGRAD (AV DE)",,,Nuit avec éclairage allumé,En agglomération,Hors intersection,Normale,Trois véhicules et plus - collisions multiples,,,,,,,,,,,5,2,1,1,5
200600079533,0006-12-20 17:10:00,6,12,20,17,10,940,3,"59, ARISTIDE BRIAND (AV)",,,Plein jour,En agglomération,Hors intersection,Normale,Sans collision,,,,,,,,,,,1,2,1,1,7
200600079534,0006-12-22 21:45:00,6,12,22,21,45,940,76,"90, CHEVILLY (R DE)",,,Nuit avec éclairage allumé,En agglomération,Hors intersection,Normale,Autre collision,,,,,,,,,,,5,2,1,1,6
200600079535,0006-12-29 13:50:00,6,12,29,13,50,940,76,"1, REPUBLIQUE (AV DE LA)",,,Plein jour,En agglomération,Intersection en X,Normale,Deux véhicules - côté,,,,,,,,,,,1,2,2,1,3
200600079536,0006-12-29 11:35:00,6,12,29,11,35,940,43,"1, FONTAINEBLEAU (AV DE)",,,Plein jour,En agglomération,Intersection en X,Normale,Deux véhicules - côté,,,,,,,,,,,1,2,2,1,3
200600079537,0006-12-30 18:45:00,6,12,30,18,45,940,37,"53, CHARLES FREROT (R)",,,Nuit avec éclairage allumé,En agglomération,Hors intersection,Normale,Sans collision,,,,,,,,,,,5,2,1,1,7
200600079538,0006-12-08 21:00:00,6,12,8,21,0,940,73,"25, STALINGRAD (BD DE)",,,Nuit avec éclairage allumé,En agglomération,Intersection en T,Normale,Deux véhicules - côté,,,,,,,,,,,5,2,3,1,3
200600079539,0006-12-09 13:20:00,6,12,9,13,20,940,38,"127, BICETRE (R DE)",,,Plein jour,En agglomération,Hors intersection,Normale,Deux véhicules - côté,,,,,,,,,,,1,2,1,1,3
200600079540,0006-12-04 09:15:00,6,12,4,9,15,940,73,ALOUETTES (R DES),,,Plein jour,En agglomération,Hors intersection,Pluie légère,Deux véhicules - frontale,,,,,,,,,,,1,2,1,2,1
200600079541,0006-12-07 18:10:00,6,12,7,18,10,940,73,LEON MARCHAND (AV),,,Crépuscule ou aube,En agglomération,Hors intersection,Normale,Deux véhicules - côté,,,,,,,,,,,2,2,1,1,3
200600079542,0006-12-01 08:00:00,6,12,1,8,0,940,73,MAXIMILIEN ROBESPIERRE (,,,Plein jour,En agglomération,Hors intersection,Normale,Deux véhicules - arrière,,,,,,,,,,,1,2,1,1,2
200600079543,0006-12-01 09:15:00,6,12,1,9,15,940,73,STALINGRAD - CAR DES TRO,,,Plein jour,En agglomération,Hors intersection,Normale,Deux véhicules - arrière,,,,,,,,,,,1,2,1,1,2
200600079544,0006-12-01 19:25:00,6,12,1,19,25,940,73,GENERAL DE GAULLE - CAR,,,Crépuscule ou aube,En agglomération,Hors intersection,Normale,Autre collision,,,,,,,,,,,2,2,1,1,6
200600079545,0006-12-02 21:45:00,6,12,2,21,45,940,38,PAUL HOCHART (R),,,Nuit avec éclairage allumé,En agglomération,Hors intersection,Pluie légère,Deux véhicules - frontale,,,,,,,,,,,5,2,1,2,1
200600079546,0006-12-03 13:25:00,6,12,3,13,25,940,38,PAUL HOCHART (R),,,Plein jour,En agglomération,Hors intersection,Normale,Deux véhicules - arrière,,,,,,,,,,,1,2,1,1,2
200600079547,0006-12-05 14:10:00,6,12,5,14,10,940,65,RN 186,,,Plein jour,Hors agglomération,Hors intersection,Normale,Deux véhicules - côté,,,,,,,,,,,1,1,1,1,3