accident_id,datetime,annee,mois,jour,heure,minute,departement,commune_insee,adresse,latitude,longitude,luminosite,agglomeration,intersection,meteo,collision,nb_vehicules,nb_usagers,nb_indemnes,nb_tues,nb_blesses_hosp,nb_blesses_legers,age_cond_1,age_cond_2,veh_type_cond_1,veh_type_cond_2,lum_code,agg_code,int_code,atm_code,col_code
200600080203,0006-12-22 15:45:00,6,12,22,15,45,690,29,A43,,,Plein jour,Hors agglomération,Hors intersection,Normale,Deux véhicules - arrière,,,,,,,,,,,1,1,1,1,2
200600080204,0006-12-23 02:00:00,6,12,23,2,0,690,288,A43,,,Nuit sans éclairage public,Hors agglomération,Hors intersection,Brouillard / fumée,Autre collision,,,,,,,,,,,3,1,1,5,6
200600080205,0006-12-23 09:40:00,6,12,23,9,40,380,449,A43   18.875 A 21.100,,,Plein jour,Hors agglomération,Hors intersection,Brouillard / fumée,Deux véhicules - arrière,,,,,,,,,,,1,1,1,5,2
200600080206,0006-12-24 17:25:00,6,12,24,17,25,690,5,A6   431.800 A 432.900,,,Nuit sans éclairage public,Hors agglomération,Hors intersection,Normale,Trois véhicules et plus - collisions multiples,,,,,,,,,,,3,1,1,1,5
200600080207,0006-12-25 18:45:00,6,12,25,18,45,690,115,A6   427.300 A 428.640,,,Nuit avec éclairage allumé,Hors agglomération,Hors intersection,Normale,Deux véhicules - côté,,,,,,,,,,,5,1,1,1,3
200600080208,0006-12-28 21:25:00,6,12,28,21,25,690,29,RD383,,,Nuit sans éclairage public,Hors agglomération,Hors intersection,Normale,Deux véhicules - arrière,,,,,,,,,,,3,1,1,1,2
200600080209,0006-12-26 21:40:00,6,12,26,21,40,690,382,A7,,,Nuit avec éclairage non allumé,Hors agglomération,Hors intersection,Temps couvert,Autre collision,,,,,,,,,,,4,1,1,8,6
200600080210,0006-12-26 22:30:00,6,12,26,22,30,690,81,A6,,,Nuit avec éclairage non allumé,Hors agglomération,Hors intersection,Normale,Trois véhicules et plus - collisions multiples,,,,,,,,,,,4,1,1,1,5
200600080211,0006-12-28 08:00:00,6,12,28,8,0,690,244,A6   451.640 A 451.790,,,Plein jour,Hors agglomération,Hors intersection,Brouillard / fumée,Deux véhicules - arrière,,,,,,,,,,,1,1,1,5,2
200600080212,0006-12-28 14:50:00,6,12,28,14,50,380,336,A7,,,Plein jour,Hors agglomération,Hors intersection,Normale,Autre collision,,,,,,,,,,,1,1,1,1,6
200600080213,0006-12-28 16:00:00,6,12,28,16,0,690,273,BUS (RD301),,,Plein jour,Hors agglomération,Hors intersection,Temps couvert,Autre collision,,,,,,,,,,,1,1,1,8,6
200600080214,0006-12-28 17:15:00,6,12,28,17,15,690,276,BUS (RD301),,,Crépuscule ou aube,Hors agglomération,Hors intersection,Normale,Sans collision,,,,,,,,,,,2,1,1,1,7
200600080215,0006-12-28 17:30:00,6,12,28,17,30,690,152,A7   4.270 A 7.000,,,Nuit avec éclairage allumé,Hors agglomération,Hors intersection,Brouillard / fumée,Deux véhicules - arrière,,,,,,,,,,,5,1,1,5,2
200600080216,0006-12-28 20:30:00,6,12,28,20,30,690,199,RD383   14.250 A 18.000,,,Nuit avec éclairage allumé,Hors agglomération,Hors intersection,Brouillard / fumée,Trois véhicules et plus - collisions multiples,,,,,,,,,,,5,1,1,5,5
200600080217,0006-12-29 11:50:00,6,12,29,11,50,380,487,A7   22.950 A 25.770,,,Plein jour,Hors agglomération,Hors intersection,Normale,Trois véhicules et plus - en chaîne,,,,,,,,,,,1,1,1,1,4
200600080218,0006-12-29 19:05:00,6,12,29,19,5,380,544,A7,,,Nuit sans éclairage public,Hors agglomération,Hors intersection,Normale,Autre collision,,,,,,,,,,,3,1,1,1,6
200600080219,0006-12-29 21:30:00,6,12,29,21,30,10,249,A42     5.760 A 6.180,,,Nuit sans éclairage public,Hors agglomération,Hors intersection,Brouillard / fumée,Trois véhicules et plus - collisions multiples,,,,,,,,,,,3,1,1,5,5
200600080220,0006-12-25 06:00:00,6,12,25,6,0,690,29,RD383,,,Nuit avec éclairage allumé,Hors agglomération,Hors intersection,Autre,Autre collision,,,,,,,,,,,5,1,1,9,6
200600080221,0006-12-25 08:40:00,6,12,25,8,40,690,199,RD383,,,Crépuscule ou aube,Hors agglomération,Hors intersection,Autre,Deux véhicules - arrière,,,,,,,,,,,2,1,1,9,2
200600080222,0006-12-30 19:00:00,6,12,30,19,0,690,389,A6,,,Nuit avec éclairage allumé,Hors agglomération,Hors intersection,Normale,Deux véhicules - arrière,,,,,,,,,,,5,1,1,1,2
200600080223,0006-12-30 19:45:00,6,12,30,19,45,690,29,RD383,,,Nuit avec éclairage allumé,Hors agglomération,Hors intersection,Normale,Trois véhicules et plus - collisions multiples,,,,,,,,,,,5,1,1,1,5
200600080224,0006-12-17 11:10:00,6,12,17,11,10,690,389,"224, BOULEVARD DE LA DUC",,,Plein jour,En agglomération,Giratoire,Normale,Autre collision,,,,,,,,,,,1,2,6,1,6
200600080225,0006-12-27 10:34:00,6,12,27,10,34,690,389,RUE HECTOR BERLIOZ,,,Plein jour,En agglomération,Hors intersection,Normale,Sans collision,,,,,,,,,,,1,2,1,1,7
200600080226,0006-12-08 17:25:00,6,12,8,17,25,830,62,A57,,,Nuit sans éclairage public,Hors agglomération,Hors intersection,Pluie légère,Deux véhicules - arrière,,,,,,,,,,,3,1,1,2,2
200600080227,0006-12-09 11:45:00,6,12,9,11,45,830,137,A57,,,Plein jour,Hors agglomération,Hors intersection,Temps couvert,Trois véhicules et plus - en chaîne,,,,,,,,,,,1,1,1,8,4
200600080228,0006-12-13 18:30:00,6,12,13,18,30,830,144,A57,,,Nuit avec éclairage allumé,Hors agglomération,Hors intersection,Normale,Trois véhicules et plus - en chaîne,,,,,,,,,,,5,1,1,1,4
200600080229,0006-12-01 05:50:00,6,12,1,5,50,130,211,A50-Sens Marseille vers,,,Nuit sans éclairage public,Hors agglomération,Hors intersection,Normale,Autre collision,,,,,,,,,,,3,1,1,1,6
200600080230,0006-12-01 10:20:00,6,12,1,10,20,130,70,A50-Sens Aubagne vers Ma,,,Plein jour,Hors agglomération,Hors intersection,Normale,Trois véhicules et plus - collisions multiples,,,,,,,,,,,1,1,1,1,5
200600080231,0006-12-01 12:30:00,6,12,1,12,30,130,5,A50-Sens Marseille vers,,,Plein jour,Hors agglomération,Hors intersection,Normale,Sans collision,,,,,,,,,,,1,1,1,1,7
200600080232,0006-12-01 18:00:00,6,12,1,18,0,130,85,A50-Sens Aubagne vers To,,,Nuit sans éclairage public,Hors agglomération,Hors intersection,Normale,Deux véhicules - côté,,,,,,,,,,,3,1,1,1,3
200600080233,0006-12-02 19:25:00,6,12,2,19,25,130,71,A55-Sens Martigues vers,,,Nuit sans éclairage public,Hors agglomération,Hors intersection,Pluie forte,Sans collision,,,,,,,,,,,3,1,1,3,7
200600080234,0006-12-03 06:45:00,6,12,3,6,45,130,5,A502-Sens Aubagne vers T,,,Nuit sans éclairage public,Hors agglomération,Hors intersection,Temps couvert,Autre collision,,,,,,,,,,,3,1,1,8,6
200600080235,0006-12-03 07:50:00,6,12,3,7,50,130,214,A7-Sens Lyon vers Marsei,,,Plein jour,Hors agglomération,Autre intersection,Normale,Trois véhicules et plus - en chaîne,,,,,,,,,,,1,1,9,1,4
200600080236,0006-12-04 03:50:00,6,12,4,3,50,130,56,A55-Sens Marseille vers,,,Nuit sans éclairage public,Hors agglomération,Hors intersection,Normale,Autre collision,,,,,,,,,,,3,1,1,1,6
200600080237,0006-12-04 06:10:00,6,12,4,6,10,130,216,A55-Sens Marseille vers,,,Nuit sans éclairage public,Hors agglomération,Hors intersection,Pluie légère,Trois véhicules et plus - collisions multiples,,,,,,,,,,,3,1,1,2,5
200600080238,0006-12-05 08:30:00,6,12,5,8,30,130,22,A50-Sens Aubagne vers To,,,Plein jour,Hors agglomération,Hors intersection,Normale,Sans collision,,,,,,,,,,,1,1,1,1,7
200600080239,0006-12-05 10:10:00,6,12,5,10,10,130,210,A50-Sens Marseille vers,,,Plein jour,Hors agglomération,Autre intersection,Normale,Deux véhicules - arrière,,,,,,,,,,,1,1,9,1,2
200600080240,0006-12-05 18:35:00,6,12,5,18,35,130,210,A50-Sens Aubagne vers Ma,,,Nuit avec éclairage allumé,Hors agglomération,Hors intersection,Normale,Autre collision,,,,,,,,,,,5,1,1,1,6
200600080241,0006-12-06 15:15:00,6,12,6,15,15,130,1,A51-Sens Marseille vers,,,Plein jour,Hors agglomération,Hors intersection,Pluie forte,Autre collision,,,,,,,,,,,1,1,1,3,6
200600080242,0006-12-06 16:40:00,6,12,6,16,40,130,70,A50-Sens Aubagne vers Ma,,,Plein jour,Hors agglomération,Hors intersection,Pluie forte,Autre collision,,,,,,,,,,,1,1,1,3,6
200600080243,0006-12-06 16:55:00,6,12,6,16,55,130,71,A7-Sens Lyon vers Marsei,,,Nuit avec éclairage allumé,Hors agglomération,Hors intersection,Pluie légère,Deux véhicules - arrière,,,,,,,,,,,5,1,1,2,2
200600080244,0006-12-06 17:00:00,6,12,6,17,0,130,71,A7-Sens Lyon vers Marsei,,,Nuit avec éclairage allumé,Hors agglomération,Hors intersection,Pluie légère,Deux véhicules - arrière,,,,,,,,,,,5,1,1,2,2
200600080245,0006-12-08 12:22:00,6,12,8,12,22,130,211,A50-Sens Marseille vers,,,Plein jour,Hors agglomération,Hors intersection,Pluie forte,Deux véhicules - arrière,,,,,,,,,,,1,1,1,3,2
200600080246,0006-12-09 15:00:00,6,12,9,15,0,130,106,A51-Sens Aix en Provence,,,Plein jour,Hors agglomération,Hors intersection,Normale,Deux véhicules - arrière,,,,,,,,,,,1,1,1,1,2
200600080247,0006-12-10 03:57:00,6,12,10,3,57,130,106,A51-Sens Aix en Provence,,,Nuit sans éclairage public,Hors agglomération,Hors intersection,Normale,Autre collision,,,,,,,,,,,3,1,1,1,6
200600080248,0006-12-10 04:31:00,6,12,10,4,31,130,15,A51-Sens Marseille vers,,,Nuit sans éclairage public,Hors agglomération,Hors intersection,Normale,Sans collision,,,,,,,,,,,3,1,1,1,7
200600080249,0006-12-10 06:30:00,6,12,10,6,30,130,88,A55-Sens Marseille vers,,,Nuit sans éclairage public,Hors agglomération,Hors intersection,Normale,Autre collision,,,,,,,,,,,3,1,1,1,6
200600080250,0006-12-10 17:20:00,6,12,10,17,20,130,214,A7-Sens Lyon vers Marsei,,,Plein jour,Hors agglomération,Hors intersection,Normale,Trois véhicules et plus - en chaîne,,,,,,,,,,,1,1,1,1,4
200600080251,0006-12-11 07:35:00,6,12,11,7,35,130,5,A50-Sens Marseille vers,,,Crépuscule ou aube,Hors agglomération,Hors intersection,Normale,Deux véhicules - côté,,,,,,,,,,,2,1,1,1,3
200600080252,0006-12-11 13:50:00,6,12,11,13,50,130,26,A55-Sens Martigues vers,,,Plein jour,Hors agglomération,Hors intersection,Normale,Autre collision,,,,,,,,,,,1,1,1,1,6
200600080253,0006-12-11 16:05:00,6,12,11,16,5,130,211,A50-Sens Aubagne vers Ma,,,Plein jour,Hors agglomération,Hors intersection,Normale,Deux véhicules - côté,,,,,,,,,,,1,1,1,1,3
200600080254,0006-12-13 06:30:00,6,12,13,6,30,130,71,A7-Sens Lyon vers Marsei,,,Nuit sans éclairage public,Hors agglomération,Hors intersection,Normale,Deux véhicules - arrière,,,,,,,,,,,3,1,1,1,2
200600080255,0006-12-13 14:30:00,6,12,13,14,30,130,28,A50-Sens Aubagne vers To,,,Plein jour,Hors agglomération,Hors intersection,Normale,Autre collision,,,,,,,,,,,1,1,1,1,6
200600080256,0006-12-13 16:30:00,6,12,13,16,30,130,26,A55-Sens Marseille vers,,,Plein jour,Hors agglomération,Hors intersection,Normale,Sans collision,,,,,,,,,,,1,1,1,1,7
200600080257,0006-12-13 20:15:00,6,12,13,20,15,130,202,A55-Sens Martigues vers,,,Nuit avec éclairage allumé,Hors agglomération,Hors intersection,Normale,Trois véhicules et plus - en chaîne,,,,,,,,,,,5,1,1,1,4
200600080258,0006-12-14 14:30:00,6,12,14,14,30,130,106,A51-Sens Aix en Provence,,,Plein jour,Hors agglomération,Hors intersection,Normale,Autre collision,,,,,,,,,,,1,1,1,1,6
200600080259,0006-12-15 10:50:00,6,12,15,10,50,130,202,A55-Sens Martigues vers,,,Plein jour,Hors agglomération,Hors intersection,Normale,Autre collision,,,,,,,,,,,1,1,1,1,6
200600080260,0006-12-15 17:30:00,6,12,15,17,30,130,1,A51-Sens Marseille vers,,,Crépuscule ou aube,Hors agglomération,Hors intersection,Normale,Autre collision,,,,,,,,,,,2,1,1,1,6
200600080261,0006-12-16 04:45:00,6,12,16,4,45,130,106,A51-Sens Marseille vers,,,Nuit avec éclairage allumé,Hors agglomération,Hors intersection,Normale,Sans collision,,,,,,,,,,,5,1,1,1,7
200600080262,0006-12-15 05:25:00,6,12,15,5,25,130,22,A50-Sens Toulon vers Aub,,,Crépuscule ou aube,Hors agglomération,Hors intersection,Pluie forte,Autre collision,,,,,,,,,,,2,1,1,3,6
200600080263,0006-12-16 12:40:00,6,12,16,12,40,130,215,A7-Sens Lyon vers Marsei,,,Plein jour,Hors agglomération,Hors intersection,Pluie légère,Autre collision,,,,,,,,,,,1,1,1,2,6
200600080264,0006-12-16 14:00:00,6,12,16,14,0,130,211,A50-Sens Marseille vers,,,Plein jour,Hors agglomération,Hors intersection,Normale,Autre collision,,,,,,,,,,,1,1,1,1,6
200600080265,0006-12-18 09:50:00,6,12,18,9,50,130,28,A50-Sens Toulon vers Aub,,,Plein jour,Hors agglomération,Hors intersection,Normale,Sans collision,,,,,,,,,,,1,1,1,1,7
200600080266,0006-12-09 03:20:00,6,12,9,3,20,130,1,A51-Sens Aix en Provence,,,Nuit sans éclairage public,Hors agglomération,Hors intersection,Temps couvert,Autre collision,,,,,,,,,,,3,1,1,8,6
200600080267,0006-12-20 18:46:00,6,12,20,18,46,130,19,A51-Sens Aix en Provence,,,Nuit sans éclairage public,Hors agglomération,Hors intersection,Normale,Deux véhicules - côté,,,,,,,,,,,3,1,1,1,3
200600080268,0006-12-20 20:20:00,6,12,20,20,20,130,85,A50-Sens Aubagne vers To,,,Nuit sans éclairage public,Hors agglomération,Hors intersection,Normale,Autre collision,,,,,,,,,,,3,1,1,1,6
200600080269,0006-12-21 11:12:00,6,12,21,11,12,130,55,A7-Sens Marseille vers L,,,Plein jour,Hors agglomération,Autre intersection,Normale,Autre collision,,,,,,,,,,,1,1,9,1,6
200600080270,0006-12-21 22:00:00,6,12,21,22,0,130,211,A50-Sens Aubagne vers Ma,,,Nuit sans éclairage public,Hors agglomération,Hors intersection,Normale,Autre collision,,,,,,,,,,,3,1,1,1,6
200600080271,0006-12-25 12:15:00,6,12,25,12,15,130,214,A7-Sens Marseille vers L,,,Plein jour,Hors agglomération,Hors intersection,Normale,Autre collision,,,,,,,,,,,1,1,1,1,6
200600080272,0006-12-29 05:50:00,6,12,29,5,50,130,56,A55-Sens Marseille vers,,,Nuit sans éclairage public,Hors agglomération,Hors intersection,Normale,Autre collision,,,,,,,,,,,3,1,1,1,6
200600080273,0006-12-30 03:15:00,6,12,30,3,15,130,85,Sens Toulon vers Aubagne,,,Nuit sans éclairage public,Hors agglomération,Hors intersection,Normale,Autre collision,,,,,,,,,,,3,1,1,1,6
200600080274,0006-11-04 09:45:00,6,11,4,9,45,130,55,"00, SAINT ANTOINE (AVENU",,,Plein jour,En agglomération,Hors intersection,Normale,Autre collision,,,,,,,,,,,1,2,1,1,6
200600080275,0006-11-09 12:15:00,6,11,9,12,15,130,55,SAINT JUST (AVENUE DE),,,Plein jour,En agglomération,Hors intersection,Normale,Autre collision,,,,,,,,,,,1,2,1,1,6
200600080276,0006-11-16 08:35:00,6,11,16,8,35,130,55,SAINT ANTOINE (CHEMIN DE,,,Plein jour,En agglomération,Hors intersection,Normale,Deux véhicules - arrière,,,,,,,,,,,1,2,1,1,2
200600080277,0006-02-07 05:00:00,6,2,7,5,0,150,14,LES QUATRE CHEMINS (BRET,,,Nuit sans éclairage public,Hors agglomération,Hors intersection,Normale,Autre collision,,,,,,,,,,,3,1,1,1,6
200600080278,0006-11-30 17:40:00,6,11,30,17,40,590,526,"0.000, ROCADE NORD(JUSQ",,,Nuit sans éclairage public,En agglomération,Hors intersection,Normale,Autre collision,,,,,,,,,,,3,2,1,1,6
200600080279,0006-04-30 23:15:00,6,4,30,23,15,930,1,104 BD FELIX FAURE    99,,,Nuit avec éclairage allumé,En agglomération,Hors intersection,Normale,Autre collision,,,,,,,,,,,5,2,1,1,6
200600080280,0006-06-24 21:00:00,6,6,24,21,0,930,10,11 AV JEAN MOULIN     99,,,Crépuscule ou aube,En agglomération,Hors intersection,Normale,Autre collision,,,,,,,,,,,2,2,1,1,6
200600080281,0006-01-24 16:10:00,6,1,24,16,10,930,27,212 AV VICTOR HUGO    99,,,Plein jour,En agglomération,Hors intersection,Normale,Autre collision,,,,,,,,,,,1,2,1,1,6
200600080282,0006-02-10 06:45:00,6,2,10,6,45,930,27,PL DU 8 MAI 1945 /JEAN99,,,Nuit avec éclairage allumé,En agglomération,Giratoire,Normale,Autre collision,,,,,,,,,,,5,2,6,1,6
200600080283,0006-03-01 12:49:00,6,3,1,12,49,930,27,R DE LA GARE          99,,,Plein jour,En agglomération,Hors intersection,Normale,Autre collision,,,,,,,,,,,1,2,1,1,6
200600080284,0006-02-13 17:15:00,6,2,13,17,15,930,27,PASTEUR / VALMY       99,,,Plein jour,En agglomération,Intersection en X,Pluie légère,Autre collision,,,,,,,,,,,1,2,2,2,6
200600080285,0006-02-25 08:45:00,6,2,25,8,45,930,13,ABBE NIORT / DIVISION 99,,,Plein jour,En agglomération,Intersection en X,Pluie légère,Deux véhicules - côté,,,,,,,,,,,1,2,2,2,3
200600080286,0006-03-15 17:20:00,6,3,15,17,20,930,27,86 AV HENRI BARBUSSE  99,,,Plein jour,En agglomération,Hors intersection,Normale,Autre collision,,,,,,,,,,,1,2,1,1,6
200600080287,0006-03-10 17:30:00,6,3,10,17,30,930,27,103 AV HENRI BARBUSSE 99,,,Plein jour,En agglomération,Hors intersection,Autre,Deux véhicules - côté,,,,,,,,,,,1,2,1,9,3
200600080288,0006-03-14 09:40:00,6,3,14,9,40,930,27,VAILLANT COUTURIER /  99,,,Plein jour,En agglomération,Intersection en T,Normale,Deux véhicules - côté,,,,,,,,,,,1,2,3,1,3
200600080289,0006-03-22 12:57:00,6,3,22,12,57,930,27,PERI / MICHELET       99,,,Plein jour,En agglomération,Intersection en X,Pluie légère,Deux véhicules - côté,,,,,,,,,,,1,2,2,2,3
200600080290,0006-05-02 13:20:00,6,5,2,13,20,930,27,JEAN JAURES / CACHIN  99,,,Plein jour,En agglomération,Intersection en X,Normale,Deux véhicules - frontale,,,,,,,,,,,1,2,2,1,1
200600080291,0006-05-18 14:35:00,6,5,18,14,35,930,27,1 COUR DES MARAICHERS 99,,,Plein jour,En agglomération,Hors intersection,Normale,Autre collision,,,,,,,,,,,1,2,1,1,6
200600080292,0006-05-23 21:50:00,6,5,23,21,50,930,13,51 AV DE LA D LECLERC 99,,,Nuit avec éclairage allumé,En agglomération,Hors intersection,Normale,Deux véhicules - côté,,,,,,,,,,,5,2,1,1,3
200600080293,0006-06-20 06:55:00,6,6,20,6,55,930,30,GAL DE GAULLE / ALBE  99,,,Crépuscule ou aube,En agglomération,Intersection en X,Normale,Autre collision,,,,,,,,,,,2,2,2,1,6
200600080294,0006-07-29 16:25:00,6,7,29,16,25,930,30,NEIBECKER / G. PERI   99,,,Plein jour,En agglomération,Place,Normale,Autre collision,,,,,,,,,,,1,2,7,1,6
200600080295,0006-01-13 15:10:00,6,1,13,15,10,930,27,JEAN JAURES / FONTAINE99,,,Plein jour,En agglomération,Intersection en T,Normale,Autre collision,,,,,,,,,,,1,2,3,1,6
200600080296,0006-08-21 17:30:00,6,8,21,17,30,930,13,DIVISION LECLERC / 11 99,,,Plein jour,En agglomération,Intersection en T,Pluie légère,Autre collision,,,,,,,,,,,1,2,3,2,6
200600080297,0006-08-31 07:30:00,6,8,31,7,30,930,13,103 AV DE LA DIVISION 99,,,Plein jour,En agglomération,Hors intersection,Normale,Deux véhicules - arrière,,,,,,,,,,,1,2,1,1,2
200600080298,0006-01-01 02:50:00,6,1,1,2,50,930,48,88 BD THEOPHILE SUEUR 99,,,Nuit avec éclairage allumé,En agglomération,Hors intersection,Normale,Sans collision,,,,,,,,,,,5,2,1,1,7
200600080299,0006-04-27 01:50:00,6,4,27,1,50,930,51,42 AV DU GAL DE GAULLE99,,,Nuit avec éclairage allumé,En agglomération,Hors intersection,Normale,Sans collision,,,,,,,,,,,5,2,1,1,7
200600080300,0006-06-25 02:45:00,6,6,25,2,45,930,53,PARIS / PARC          99,,,Nuit avec éclairage allumé,En agglomération,Intersection en X,Normale,Deux véhicules - côté,,,,,,,,,,,5,2,2,1,3
200600080301,0006-01-25 01:00:00,6,1,25,1,0,930,64,BD GABRIEL PERI       99,,,Nuit avec éclairage allumé,En agglomération,Hors intersection,Normale,Trois véhicules et plus - en chaîne,,,,,,,,,,,5,2,1,1,4
200600080302,0006-06-26 20:55:00,6,6,26,20,55,930,77,GRANDE RUE / OSSEVILLE99,,,Plein jour,En agglomération,Intersection en X,Normale,Deux véhicules - côté,,,,,,,,,,,1,2,2,1,3
200600080303,0006-04-22 02:45:00,6,4,22,2,45,930,66,CARR PLEYEL / LIBERAT 99,,,Nuit avec éclairage allumé,En agglomération,Intersection à plus de 4 branches,Normale,Sans collision,,,,,,,,,,,5,2,5,1,7
200600080304,0006-11-01 12:50:00,6,11,1,12,50,940,38,"66, CHEVILLY (R DE)",,,Plein jour,En agglomération,Hors intersection,Normale,Autre collision,,,,,,,,,,,1,2,1,1,6
200600080305,0006-09-18 19:20:00,6,9,18,19,20,940,73,VERSAILLES (AV DE),,,Plein jour,En agglomération,Giratoire,Normale,Deux véhicules - frontale,,,,,,,,,,,1,2,6,1,1
200600080306,0006-11-11 20:50:00,6,11,11,20,50,950,539,ROBERT SCHUMANN (AVENUE,,,Nuit avec éclairage allumé,En agglomération,Hors intersection,Normale,Deux véhicules - côté,,,,,,,,,,,5,2,1,1,3
200600080307,0006-05-05 19:00:00,6,5,5,19,0,950,585,RUDE (ALLEE FRANCOIS),,,Plein jour,En agglomération,Hors intersection,Normale,Sans collision,,,,,,,,,,,1,2,1,1,7
200600080308,0006-05-01 18:17:00,6,5,1,18,17,930,27,A1 / A86 - BDL        99,,,Plein jour,Hors agglomération,Hors intersection,Normale,Trois véhicules et plus - collisions multiples,,,,,,,,,,,1,1,1,1,5
200600080309,0006-07-18 19:10:00,6,7,18,19,10,930,66,A1 - SAINT DENIS      99,,,Plein jour,Hors agglomération,Hors intersection,Normale,Deux véhicules - côté,,,,,,,,,,,1,1,1,1,3
200600080310,0006-01-09 20:20:00,6,1,9,20,20,972,234,LIEU DIT LAILLET,,,Nuit avec éclairage allumé,Hors agglomération,Hors intersection,Pluie légère,Deux véhicules - frontale,,,,,,,,,,,5,1,1,2,1
200600080311,0006-01-30 05:30:00,6,1,30,5,30,972,204,Pont Ravine,,,Nuit sans éclairage public,Hors agglomération,Hors intersection,Pluie légère,Deux véhicules - frontale,,,,,,,,,,,3,1,1,2,1
200600080312,0006-01-31 09:00:00,6,1,31,9,0,972,225,D10 - rue pecoule,,,Nuit sans éclairage public,En agglomération,Hors intersection,Normale,Deux véhicules - côté,,,,,,,,,,,3,2,1,1,3
200600080313,0006-01-01 07:30:00,6,1,1,7,30,972,210,MAGDELONNETTE,,,Plein jour,Hors agglomération,Hors intersection,Normale,Sans collision,,,,,,,,,,,1,1,1,1,7
200600080314,0006-01-27 16:30:00,6,1,27,16,30,972,210,lieu-dit le FORCAT,,,Plein jour,En agglomération,Hors intersection,Normale,Deux véhicules - côté,,,,,,,,,,,1,2,1,1,3
200600080315,0006-01-25 07:15:00,6,1,25,7,15,972,223,,,,Plein jour,Hors agglomération,Hors intersection,Normale,Autre collision,,,,,,,,,,,1,1,1,1,6
200600080316,0006-01-28 18:00:00,6,1,28,18,0,972,220,quartier Régale,,,Nuit avec éclairage allumé,Hors agglomération,Hors intersection,Normale,Deux véhicules - côté,,,,,,,,,,,5,1,1,1,3
200600080317,0006-01-23 06:00:00,6,1,23,6,0,972,217,,,,Crépuscule ou aube,Hors agglomération,Autre intersection,Normale,Deux véhicules - côté,,,,,,,,,,,2,1,9,1,3
200600080318,0006-01-15 03:15:00,6,1,15,3,15,972,221,,,,Nuit sans éclairage public,Hors agglomération,Hors intersection,Normale,Autre collision,,,,,,,,,,,3,1,1,1,6
200600080319,0006-01-05 03:15:00,6,1,5,3,15,972,231,quartier anse Mitan,,,Nuit avec éclairage allumé,En agglomération,Hors intersection,Normale,Autre collision,,,,,,,,,,,5,2,1,1,6
200600080320,0006-01-26 21:15:00,6,1,26,21,15,972,231,Avenue de l'Impératrice,,,Nuit avec éclairage allumé,En agglomération,Hors intersection,Normale,Deux véhicules - frontale,,,,,,,,,,,5,2,1,1,1
200600080321,0006-01-28 05:30:00,6,1,28,5,30,972,230,RD.2 - route de La Moïse,,,Crépuscule ou aube,En agglomération,Hors intersection,Normale,Deux véhicules - frontale,,,,,,,,,,,2,2,1,1,1
200600080322,0006-01-09 04:00:00,6,1,9,4,0,972,222,Four à Chaux,,,Nuit avec éclairage allumé,Hors agglomération,Hors intersection,Normale,Autre collision,,,,,,,,,,,5,1,1,1,6
200600080323,0006-01-26 18:25:00,6,1,26,18,25,972,212,Morne VERT PRE,,,Crépuscule ou aube,Hors agglomération,Hors intersection,Normale,Deux véhicules - frontale,,,,,,,,,,,2,1,1,1,1
200600080324,0006-01-10 15:00:00,6,1,10,15,0,972,228,,,,Plein jour,Hors agglomération,Hors intersection,Normale,Deux véhicules - frontale,,,,,,,,,,,1,1,1,1,1
200600080325,0006-01-26 21:45:00,6,1,26,21,45,972,228,,,,Nuit avec éclairage non allumé,Hors agglomération,Autre intersection,Normale,Deux véhicules - arrière,,,,,,,,,,,4,1,9,1,2
200600080326,0006-01-12 14:00:00,6,1,12,14,0,972,214,,,,Plein jour,Hors agglomération,Hors intersection,Normale,Deux véhicules - frontale,,,,,,,,,,,1,1,1,1,1
200600080327,0006-01-15 09:20:00,6,1,15,9,20,972,216,du lotissement duhaumont,,,Plein jour,En agglomération,Intersection en T,Normale,Deux véhicules - frontale,,,,,,,,,,,1,2,3,1,1
200600080328,0006-01-25 10:30:00,6,1,25,10,30,971,124,,,,Plein jour,Hors agglomération,Intersection en Y,Temps éblouissant,Sans collision,,,,,,,,,,,1,1,4,7,7
200600080329,0006-01-01 04:45:00,6,1,1,4,45,971,132,,,,Nuit avec éclairage allumé,Hors agglomération,Hors intersection,Normale,Autre collision,,,,,,,,,,,5,1,1,1,6
200600080330,0006-01-07 16:21:00,6,1,7,16,21,971,132,Faubourg,,,Plein jour,Hors agglomération,Hors intersection,Normale,Deux véhicules - côté,,,,,,,,,,,1,1,1,1,3
200600080331,0006-01-30 07:45:00,6,1,30,7,45,971,132,Grand Fond,,,Plein jour,Hors agglomération,Hors intersection,Pluie légère,Deux véhicules - frontale,,,,,,,,,,,1,1,1,2,1
200600080332,0006-01-19 17:15:00,6,1,19,17,15,971,115,,,,Plein jour,Hors agglomération,Hors intersection,Temps couvert,Sans collision,,,,,,,,,,,1,1,1,8,7