accident_id,datetime,annee,mois,jour,heure,minute,departement,commune_insee,adresse,latitude,longitude,luminosite,agglomeration,intersection,meteo,collision,nb_vehicules,nb_usagers,nb_indemnes,nb_tues,nb_blesses_hosp,nb_blesses_legers,age_cond_1,age_cond_2,veh_type_cond_1,veh_type_cond_2,lum_code,agg_code,int_code,atm_code,col_code
200600080488,0006-01-30 17:20:00,6,1,30,17,20,973,302,MIRZA (ROND-POINT),,,Plein jour,En agglomération,Hors intersection,Normale,Deux véhicules - frontale,,,,,,,,,,,1,2,1,1,1
200600080489,0006-01-28 18:00:00,6,1,28,18,0,973,302,EUGENE GOBERT,,,Plein jour,Hors agglomération,Intersection en T,Normale,Deux véhicules - côté,,,,,,,,,,,1,1,3,1,3
200600080490,0006-01-31 07:37:00,6,1,31,7,37,973,302,BADUEL (ROUTE DE),,,Plein jour,En agglomération,Hors intersection,Normale,Deux véhicules - frontale,,,,,,,,,,,1,2,1,1,1
200600080491,0006-01-30 21:19:00,6,1,30,21,19,973,302,MADELEINE (ROUTE DE LA),,,Nuit avec éclairage allumé,En agglomération,Hors intersection,Normale,Deux véhicules - côté,,,,,,,,,,,5,2,1,1,3
200600080492,0006-01-05 17:40:00,6,1,5,17,40,973,302,CAPULO (CITE),,,Crépuscule ou aube,En agglomération,Hors intersection,Pluie légère,Deux véhicules - arrière,,,,,,,,,,,2,2,1,2,2
200600080493,0006-01-05 16:36:00,6,1,5,16,36,973,302,BADUEL (ROUTE DE),,,Plein jour,En agglomération,Hors intersection,Normale,Deux véhicules - côté,,,,,,,,,,,1,2,1,1,3
200600080494,0006-01-18 15:06:00,6,1,18,15,6,973,302,SOURCE DE BADUEL (CHEMIN,,,Plein jour,Hors agglomération,Hors intersection,Pluie légère,Deux véhicules - côté,,,,,,,,,,,1,1,1,2,3
200600080495,0006-01-08 19:10:00,6,1,8,19,10,973,302,BADUEL (ROUTE DE),,,Nuit avec éclairage allumé,En agglomération,Hors intersection,Normale,Autre collision,,,,,,,,,,,5,2,1,1,6
200600080496,0006-01-11 08:05:00,6,1,11,8,5,973,302,ROND POINT MADELEINE,,,Plein jour,En agglomération,Hors intersection,Pluie légère,Autre collision,,,,,,,,,,,1,2,1,2,6
200600080497,0006-01-20 20:11:00,6,1,20,20,11,973,302,ROCADE DE ZEPHIR,,,Nuit avec éclairage allumé,En agglomération,Hors intersection,Pluie légère,Autre collision,,,,,,,,,,,5,2,1,2,6
200600080498,0006-01-27 13:09:00,6,1,27,13,9,973,302,MIRZA (CITE),,,Plein jour,Hors agglomération,Hors intersection,Pluie légère,Autre collision,,,,,,,,,,,1,1,1,2,6
200600080499,0006-01-10 13:17:00,6,1,10,13,17,973,302,BOUDINOT (AUGUSTE) CITE,,,Plein jour,En agglomération,Hors intersection,Normale,Autre collision,,,,,,,,,,,1,2,1,1,6
200600080500,0006-01-22 08:09:00,6,1,22,8,9,973,302,TIGRE (ROUTE DU),,,Plein jour,Hors agglomération,Hors intersection,Normale,Autre collision,,,,,,,,,,,1,1,1,1,6
200600080501,0006-01-28 09:43:00,6,1,28,9,43,973,302,MADELEINE (ROUTE DE LA),,,Plein jour,Hors agglomération,Hors intersection,Normale,Autre collision,,,,,,,,,,,1,1,1,1,6
200600080502,0006-01-04 07:57:00,6,1,4,7,57,973,302,MARINGOUINS (ROND-POINT),,,Plein jour,Hors agglomération,Hors intersection,Temps couvert,Autre collision,,,,,,,,,,,1,1,1,8,6
200600080503,0006-01-06 13:45:00,6,1,6,13,45,974,407,PARIS (AVENUE),,,Plein jour,En agglomération,Giratoire,Normale,Deux véhicules - côté,,,,,,,,,,,1,2,6,1,3
200600080504,0006-01-14 17:00:00,6,1,14,17,0,974,407,ALLENDE(RUE),,,Plein jour,En agglomération,Intersection en T,Normale,Deux véhicules - côté,,,,,,,,,,,1,2,3,1,3
200600080505,0006-01-21 22:40:00,6,1,21,22,40,974,407,RUE BERTHIER,,,Nuit avec éclairage allumé,En agglomération,Hors intersection,Normale,Autre collision,,,,,,,,,,,5,2,1,1,6
200600080506,0006-01-22 18:30:00,6,1,22,18,30,974,407,"1, LACAUSSADE A (RUE)",,,Plein jour,En agglomération,Hors intersection,Normale,Deux véhicules - arrière,,,,,,,,,,,1,2,1,1,2
200600080507,0006-01-24 09:20:00,6,1,24,9,20,974,407,RUE PIERRE BROSSOLETTE,,,Plein jour,En agglomération,Hors intersection,Normale,Sans collision,,,,,,,,,,,1,2,1,1,7
200600080508,0006-01-27 17:45:00,6,1,27,17,45,974,407,19 MARS 1946(AVENUE DU),,,Plein jour,En agglomération,Hors intersection,Normale,Deux véhicules - arrière,,,,,,,,,,,1,2,1,1,2
200600080509,0006-01-30 22:00:00,6,1,30,22,0,974,407,BREST (BOULEVARD),,,Nuit avec éclairage allumé,En agglomération,Intersection en X,Normale,Deux véhicules - côté,,,,,,,,,,,5,2,2,1,3
200600080510,0006-01-23 17:00:00,6,1,23,17,0,974,410,"17, BRAS FUSIL(CHEMIN)",,,Plein jour,En agglomération,Hors intersection,Normale,Autre collision,,,,,,,,,,,1,2,1,1,6
200600080511,0006-01-01 21:30:00,6,1,1,21,30,974,411,NOTRE DAME DE LA TRINITE,,,Nuit avec éclairage allumé,En agglomération,Giratoire,Temps couvert,Autre collision,,,,,,,,,,,5,2,6,8,6
200600080512,0006-01-04 16:00:00,6,1,4,16,0,974,411,PANIERS (RUE DES),,,Plein jour,En agglomération,Hors intersection,Normale,Deux véhicules - frontale,,,,,,,,,,,1,2,1,1,1
200600080513,0006-01-05 23:40:00,6,1,5,23,40,974,411,JOFFRE (BOULEVARD),,,Nuit avec éclairage allumé,En agglomération,Hors intersection,Normale,Deux véhicules - arrière,,,,,,,,,,,5,2,1,1,2
200600080514,0006-01-11 22:00:00,6,1,11,22,0,974,411,PAGNOL (RUE MARCEL),,,Nuit avec éclairage allumé,En agglomération,Intersection en X,Normale,Deux véhicules - côté,,,,,,,,,,,5,2,2,1,3
200600080515,0006-01-11 02:40:00,6,1,11,2,40,974,411,"15, AUBER (RUE JULES)",,,Nuit avec éclairage allumé,En agglomération,Intersection en X,Normale,Deux véhicules - côté,,,,,,,,,,,5,2,2,1,3
200600080516,0006-01-13 12:30:00,6,1,13,12,30,974,411,"74, MUFLIERS (ALLEE DES)",,,Plein jour,En agglomération,Hors intersection,Normale,Deux véhicules - frontale,,,,,,,,,,,1,2,1,1,1
200600080517,0006-01-17 17:15:00,6,1,17,17,15,974,411,BOUVET,,,Plein jour,En agglomération,Hors intersection,Normale,Deux véhicules - côté,,,,,,,,,,,1,2,1,1,3
200600080518,0006-01-24 15:34:00,6,1,24,15,34,974,411,LIMITES (RUE DES),,,Plein jour,En agglomération,Hors intersection,Normale,Deux véhicules - côté,,,,,,,,,,,1,2,1,1,3
200600080519,0006-01-01 04:44:00,6,1,1,4,44,974,411,"3, CORDEMOY (JACOB DE)",,,Nuit avec éclairage allumé,En agglomération,Hors intersection,Pluie légère,Autre collision,,,,,,,,,,,5,2,1,2,6
200600080520,0006-01-06 18:35:00,6,1,6,18,35,974,411,"142, MOUFIA (ROUTE DE)",,,Plein jour,En agglomération,Hors intersection,Normale,Deux véhicules - arrière,,,,,,,,,,,1,2,1,1,2
200600080521,0006-01-15 22:05:00,6,1,15,22,5,974,411,JAURES (BOULEVARD JEAN),,,Nuit avec éclairage allumé,En agglomération,Intersection en T,Normale,Deux véhicules - côté,,,,,,,,,,,5,2,3,1,3
200600080522,0006-01-25 13:30:00,6,1,25,13,30,974,411,LECONTE DE LISLE (AVENUE,,,Plein jour,En agglomération,Hors intersection,Normale,Autre collision,,,,,,,,,,,1,2,1,1,6
200600080523,0006-01-20 11:07:00,6,1,20,11,7,974,411,RN2/043,,,Plein jour,Hors agglomération,Hors intersection,Normale,Sans collision,,,,,,,,,,,1,1,1,1,7
200600080524,0006-01-22 13:53:00,6,1,22,13,53,974,411,MACE (ROUTE GABRIEL),,,Plein jour,En agglomération,Hors intersection,Normale,Sans collision,,,,,,,,,,,1,2,1,1,7
200600080525,0006-01-06 07:10:00,6,1,6,7,10,974,416,"SANS, BARQUISSEAU(RUE DE",,,Plein jour,En agglomération,Hors intersection,Normale,Deux véhicules - côté,,,,,,,,,,,1,2,1,1,3
200600080526,0006-01-08 23:35:00,6,1,8,23,35,974,416,"SANS, PRESBYTERE(RUE)",,,Nuit avec éclairage allumé,En agglomération,Intersection en X,Normale,Deux véhicules - côté,,,,,,,,,,,5,2,2,1,3
200600080527,0006-01-06 14:45:00,6,1,6,14,45,974,416,"sans, PRESBYTERE(RUE)",,,Plein jour,En agglomération,Hors intersection,Normale,Deux véhicules - arrière,,,,,,,,,,,1,2,1,1,2
200600080528,0006-01-11 10:15:00,6,1,11,10,15,974,414,"33, LAPIERRE(RUE PR.HENR",,,Plein jour,En agglomération,Hors intersection,Normale,Deux véhicules - arrière,,,,,,,,,,,1,2,1,1,2
200600080529,0006-01-14 21:05:00,6,1,14,21,5,974,414,"SANS, SAINT LOUIS(RUE)",,,Nuit avec éclairage allumé,En agglomération,Intersection en X,Normale,Deux véhicules - côté,,,,,,,,,,,5,2,2,1,3
200600080565,0006-02-25 15:55:00,6,2,25,15,55,972,224,r BELLE ETOILE - Lourdes,,,Plein jour,En agglomération,Hors intersection,Normale,Sans collision,,,,,,,,,,,1,2,1,1,7
200600080566,0006-02-07 10:00:00,6,2,7,10,0,972,205,,,,Plein jour,En agglomération,Hors intersection,Normale,Deux véhicules - frontale,,,,,,,,,,,1,2,1,1,1
200600080567,0006-02-12 19:15:00,6,2,12,19,15,972,204,,,,Nuit sans éclairage public,Hors agglomération,Hors intersection,Normale,Sans collision,,,,,,,,,,,3,1,1,1,7
200600080568,0006-02-26 23:15:00,6,2,26,23,15,972,227,Pont du trou au diable,,,Nuit sans éclairage public,En agglomération,Hors intersection,Normale,Deux véhicules - arrière,,,,,,,,,,,3,2,1,1,2
200600080569,0006-02-10 19:50:00,6,2,10,19,50,972,232,RAVINE PLATE,,,Nuit avec éclairage allumé,En agglomération,Hors intersection,Normale,Autre collision,,,,,,,,,,,5,2,1,1,6
200600080570,0006-02-04 14:15:00,6,2,4,14,15,972,226,uartier barrière lacroix,,,Plein jour,Hors agglomération,Hors intersection,Normale,Deux véhicules - frontale,,,,,,,,,,,1,1,1,1,1
200600080571,0006-02-13 10:45:00,6,2,13,10,45,972,217,La petite poterie,,,Plein jour,Hors agglomération,Hors intersection,Normale,Autre collision,,,,,,,,,,,1,1,1,1,6
200600080572,0006-02-16 11:15:00,6,2,16,11,15,972,222,RN1,,,Plein jour,Hors agglomération,Hors intersection,Normale,Trois véhicules et plus - collisions multiples,,,,,,,,,,,1,1,1,1,5
200600080573,0006-02-23 18:50:00,6,2,23,18,50,972,212,PRE SECTEUR CROIX ODILON,,,Nuit sans éclairage public,Hors agglomération,Hors intersection,Normale,Deux véhicules - frontale,,,,,,,,,,,3,1,1,1,1
200600080574,0006-02-19 17:00:00,6,2,19,17,0,972,214,RN1,,,Plein jour,Hors agglomération,Hors intersection,Normale,Deux véhicules - côté,,,,,,,,,,,1,1,1,1,3
200600080575,0006-02-17 19:50:00,6,2,17,19,50,972,215,routre de bellevue,,,Nuit sans éclairage public,Hors agglomération,Hors intersection,Normale,Sans collision,,,,,,,,,,,3,1,1,1,7
200600080576,0006-02-12 06:45:00,6,2,12,6,45,971,121,section Mahaut,,,Crépuscule ou aube,En agglomération,Hors intersection,Normale,Deux véhicules - frontale,,,,,,,,,,,2,2,1,1,1
200600080577,0006-02-17 13:45:00,6,2,17,13,45,971,121,,,,Plein jour,Hors agglomération,Hors intersection,Normale,Deux véhicules - frontale,,,,,,,,,,,1,1,1,1,1
200600080578,0006-02-19 17:45:00,6,2,19,17,45,971,121,,,,Plein jour,Hors agglomération,Hors intersection,Temps couvert,Deux véhicules - arrière,,,,,,,,,,,1,1,1,8,2
200600080579,0006-02-25 20:15:00,6,2,25,20,15,971,121,Baillargent,,,Nuit sans éclairage public,Hors agglomération,Hors intersection,Normale,Trois véhicules et plus - collisions multiples,,,,,,,,,,,3,1,1,1,5
200600080580,0006-02-08 19:35:00,6,2,8,19,35,971,114,rue de la Liberté,,,Nuit avec éclairage allumé,En agglomération,Hors intersection,Normale,Deux véhicules - frontale,,,,,,,,,,,5,2,1,1,1
200600080581,0006-02-23 09:30:00,6,2,23,9,30,971,107,RN1 - Section Roseau,,,Plein jour,Hors agglomération,Hors intersection,Normale,Autre collision,,,,,,,,,,,1,1,1,1,6
200600080582,0006-02-21 18:15:00,6,2,21,18,15,971,123,,,,Nuit sans éclairage public,Hors agglomération,Hors intersection,Normale,Autre collision,,,,,,,,,,,3,1,1,1,6
200600080583,0006-02-28 22:00:00,6,2,28,22,0,971,123,devant l'hôtel EDEN ROCK,,,Nuit avec éclairage allumé,En agglomération,Autre intersection,Normale,Deux véhicules - frontale,,,,,,,,,,,5,2,9,1,1
200600080584,0006-02-28 06:00:00,6,2,28,6,0,971,115,RN.2,,,Crépuscule ou aube,Hors agglomération,Hors intersection,Normale,Trois véhicules et plus - collisions multiples,,,,,,,,,,,2,1,1,1,5
200600080585,0006-02-02 12:30:00,6,2,2,12,30,971,118,,,,Plein jour,Hors agglomération,Autre intersection,Normale,Trois véhicules et plus - collisions multiples,,,,,,,,,,,1,1,9,1,5
200600080586,0006-02-04 06:45:00,6,2,4,6,45,971,129,La Boucan,,,Plein jour,En agglomération,Hors intersection,Normale,Autre collision,,,,,,,,,,,1,2,1,1,6
200600080587,0006-02-22 15:15:00,6,2,22,15,15,971,129,,,,Plein jour,Hors agglomération,Hors intersection,Normale,Deux véhicules - côté,,,,,,,,,,,1,1,1,1,3
200600080588,0006-02-25 21:30:00,6,2,25,21,30,971,112,Rue Etzol,,,Nuit avec éclairage allumé,En agglomération,Hors intersection,Normale,Deux véhicules - côté,,,,,,,,,,,5,2,1,1,3
200600080589,0006-02-27 14:45:00,6,2,27,14,45,971,117,,,,Plein jour,Hors agglomération,Intersection en T,Normale,Deux véhicules - côté,,,,,,,,,,,1,1,3,1,3
200600080590,0006-02-25 18:00:00,6,2,25,18,0,971,119,Rues Félix Gouno,,,Plein jour,En agglomération,Intersection en X,Normale,Deux véhicules - côté,,,,,,,,,,,1,2,2,1,3
200600080591,0006-02-04 16:30:00,6,2,4,16,30,971,125,,,,Plein jour,Hors agglomération,Hors intersection,Normale,Deux véhicules - côté,,,,,,,,,,,1,1,1,1,3
200600080592,0006-02-09 20:10:00,6,2,9,20,10,971,125,Rocade,,,Nuit avec éclairage allumé,Hors agglomération,Hors intersection,Normale,Sans collision,,,,,,,,,,,5,1,1,1,7
200600080593,0006-02-27 18:30:00,6,2,27,18,30,971,125,de Dubédou - Nationale 5,,,Crépuscule ou aube,Hors agglomération,Hors intersection,Normale,Autre collision,,,,,,,,,,,2,1,1,1,6
200600080594,0006-02-19 06:30:00,6,2,19,6,30,971,128,,,,Plein jour,En agglomération,Hors intersection,Normale,Autre collision,,,,,,,,,,,1,2,1,1,6
200600080595,0006-02-27 14:00:00,6,2,27,14,0,971,128,Section Richer,,,Plein jour,Hors agglomération,Hors intersection,Normale,Deux véhicules - frontale,,,,,,,,,,,1,1,1,1,1
200600080596,0006-02-15 08:00:00,6,2,15,8,0,971,116,RN 5 section BLANCHET,,,Plein jour,Hors agglomération,Hors intersection,Normale,Deux véhicules - côté,,,,,,,,,,,1,1,1,1,3
200600080597,0006-02-19 15:15:00,6,2,19,15,15,971,116,RN 5 Section BLANCHET,,,Plein jour,Hors agglomération,Hors intersection,Normale,Sans collision,,,,,,,,,,,1,1,1,1,7
200600080598,0006-02-27 19:45:00,6,2,27,19,45,973,305,PK 18+285,,,Nuit sans éclairage public,Hors agglomération,Hors intersection,Normale,Deux véhicules - côté,,,,,,,,,,,3,1,1,1,3
200600080599,0006-02-27 15:00:00,6,2,27,15,0,973,303,,,,Plein jour,Hors agglomération,Hors intersection,Normale,Sans collision,,,,,,,,,,,1,1,1,1,7
200600080600,0006-02-09 13:00:00,6,2,9,13,0,973,311,93 ROUTE DE ST MAURICE,,,Plein jour,En agglomération,Hors intersection,Normale,Autre collision,,,,,,,,,,,1,2,1,1,6
200600080601,0006-02-19 22:30:00,6,2,19,22,30,973,311,AVENUE DE LA MARNE,,,Nuit sans éclairage public,En agglomération,Autre intersection,Pluie légère,Deux véhicules - frontale,,,,,,,,,,,3,2,9,2,1
200600080602,0006-02-23 10:15:00,6,2,23,10,15,973,311,AVENUE CHRISTOPHE COLOMB,,,Plein jour,En agglomération,Hors intersection,Normale,Deux véhicules - côté,,,,,,,,,,,1,2,1,1,3
200600080603,0006-02-17 19:45:00,6,2,17,19,45,973,306,,,,Nuit sans éclairage public,Hors agglomération,Hors intersection,Normale,Deux véhicules - frontale,,,,,,,,,,,3,1,1,1,1
200600080604,0006-02-28 16:30:00,6,2,28,16,30,973,306,,,,Plein jour,Hors agglomération,Hors intersection,Normale,Autre collision,,,,,,,,,,,1,1,1,1,6
200600080605,0006-02-11 15:30:00,6,2,11,15,30,974,418,,,,Plein jour,Hors agglomération,Intersection en X,Normale,Deux véhicules - arrière,,,,,,,,,,,1,1,2,1,2
200600080606,0006-02-10 15:30:00,6,2,10,15,30,974,418,rue noel tessier,,,Plein jour,En agglomération,Hors intersection,Normale,Deux véhicules - frontale,,,,,,,,,,,1,2,1,1,1
200600080607,0006-02-02 20:00:00,6,2,2,20,0,974,409,RD 47 rue de Cambuston,,,Nuit sans éclairage public,En agglomération,Hors intersection,Autre,Autre collision,,,,,,,,,,,3,2,1,9,6
200600080608,0006-02-11 20:00:00,6,2,11,20,0,974,409,,,,Nuit sans éclairage public,Hors agglomération,Hors intersection,Pluie légère,Trois véhicules et plus - collisions multiples,,,,,,,,,,,3,1,1,2,5
200600080609,0006-02-17 17:10:00,6,2,17,17,10,974,415,rue chaussée royale,,,Plein jour,En agglomération,Hors intersection,Pluie légère,Autre collision,,,,,,,,,,,1,2,1,2,6
200600080610,0006-02-23 06:00:00,6,2,23,6,0,974,415,,,,Crépuscule ou aube,Hors agglomération,Hors intersection,Normale,Autre collision,,,,,,,,,,,2,1,1,1,6
200600080611,0006-02-20 19:45:00,6,2,20,19,45,974,415,chaussée  royale,,,Nuit avec éclairage allumé,En agglomération,Hors intersection,Normale,Deux véhicules - côté,,,,,,,,,,,5,2,1,1,3
200600080612,0006-02-14 10:00:00,6,2,14,10,0,974,415,,,,Plein jour,Hors agglomération,Autre intersection,Normale,Deux véhicules - arrière,,,,,,,,,,,1,1,9,1,2
200600080613,0006-02-14 15:00:00,6,2,14,15,0,974,415,,,,Plein jour,Hors agglomération,Hors intersection,Normale,Deux véhicules - arrière,,,,,,,,,,,1,1,1,1,2
200600080614,0006-02-21 18:45:00,6,2,21,18,45,974,414,219 Route de Cilaos,,,Crépuscule ou aube,En agglomération,Hors intersection,Normale,Deux véhicules - frontale,,,,,,,,,,,2,2,1,1,1
200600080615,0006-02-05 14:30:00,6,2,5,14,30,974,449,RN3 - PK 24 - PR 38,,,Plein jour,En agglomération,Hors intersection,Normale,Trois véhicules et plus - collisions multiples,,,,,,,,,,,1,2,1,1,5
200600080616,0006-02-16 17:15:00,6,2,16,17,15,974,412,,,,Plein jour,Hors agglomération,Hors intersection,Normale,Deux véhicules - côté,,,,,,,,,,,1,1,1,1,3
200600080617,0006-02-25 20:45:00,6,2,25,20,45,974,412,RTE DE LA GRD CORNICHE,,,Nuit avec éclairage allumé,En agglomération,Hors intersection,Normale,Deux véhicules - frontale,,,,,,,,,,,5,2,1,1,1
200600080618,0006-02-14 10:45:00,6,2,14,10,45,974,417,,,,Plein jour,Hors agglomération,Hors intersection,Pluie légère,Autre collision,,,,,,,,,,,1,1,1,2,6
200600080619,0006-02-20 19:15:00,6,2,20,19,15,974,417,,,,Nuit avec éclairage allumé,Hors agglomération,Hors intersection,Normale,Autre collision,,,,,,,,,,,5,1,1,1,6
200600080620,0006-02-09 15:00:00,6,2,9,15,0,974,422,Rond-Point - Rue du Juge,,,Plein jour,En agglomération,Giratoire,Normale,Deux véhicules - côté,,,,,,,,,,,1,2,6,1,3
200600080642,0006-02-13 16:00:00,6,2,13,16,0,971,103,à la station service CAP,,,Plein jour,Hors agglomération,Hors intersection,Normale,Deux véhicules - côté,,,,,,,,,,,1,1,1,1,3
200600080643,0006-02-16 07:30:00,6,2,16,7,30,971,103,Boulevard du Lamentin,,,Plein jour,En agglomération,Hors intersection,Normale,Deux véhicules - frontale,,,,,,,,,,,1,2,1,1,1
200600080654,0006-02-11 04:30:00,6,2,11,4,30,973,309,"RN 3, PK 4,6",,,Nuit avec éclairage allumé,Hors agglomération,Hors intersection,Normale,Deux véhicules - frontale,,,,,,,,,,,5,1,1,1,1
200600080655,0006-02-11 21:00:00,6,2,11,21,0,973,309,Tropicana,,,Nuit avec éclairage allumé,Hors agglomération,Hors intersection,Normale,Deux véhicules - côté,,,,,,,,,,,5,1,1,1,3
200600080656,0006-02-15 12:30:00,6,2,15,12,30,973,309,Rd 2 Route de Rémire,,,Plein jour,En agglomération,Hors intersection,Normale,Deux véhicules - côté,,,,,,,,,,,1,2,1,1,3
200600080657,0006-02-26 09:50:00,6,2,26,9,50,973,309,Avenue St Ange Methon,,,Plein jour,En agglomération,Hors intersection,Normale,Autre collision,,,,,,,,,,,1,2,1,1,6
200600080658,0006-02-01 18:00:00,6,2,1,18,0,974,440,RUE LECONTE DELISLE,,,Plein jour,En agglomération,Hors intersection,Normale,Autre collision,,,,,,,,,,,1,2,1,1,6
200600080659,0006-02-11 12:00:00,6,2,11,12,0,974,413,,,,Plein jour,Hors agglomération,Hors intersection,Normale,Deux véhicules - arrière,,,,,,,,,,,1,1,1,1,2
200600080661,0006-02-25 11:00:00,6,2,25,11,0,973,304,rue thomas guidigo,,,Plein jour,En agglomération,Hors intersection,Normale,Deux véhicules - arrière,,,,,,,,,,,1,2,1,1,2
200600080663,0006-02-10 22:30:00,6,2,10,22,30,972,227,,,,Nuit sans éclairage public,Hors agglomération,Hors intersection,Normale,Autre collision,,,,,,,,,,,3,1,1,1,6
200600080664,0006-02-20 12:00:00,6,2,20,12,0,972,227,RN5,,,Plein jour,En agglomération,Hors intersection,Normale,Deux véhicules - frontale,,,,,,,,,,,1,2,1,1,1
200600080665,0006-02-22 21:15:00,6,2,22,21,15,972,226,,,,Nuit sans éclairage public,Hors agglomération,Hors intersection,Normale,Deux véhicules - frontale,,,,,,,,,,,3,1,1,1,1
200600080666,0006-02-04 19:45:00,6,2,4,19,45,974,416,,,,Nuit sans éclairage public,Hors agglomération,Hors intersection,Normale,Autre collision,,,,,,,,,,,3,1,1,1,6
200600080667,0006-02-11 17:00:00,6,2,11,17,0,974,415,L'Eperon,,,Plein jour,En agglomération,Hors intersection,Normale,Deux véhicules - frontale,,,,,,,,,,,1,2,1,1,1
200600080668,0006-02-11 18:30:00,6,2,11,18,30,974,415,Rue Paul Julius Bénard,,,Plein jour,En agglomération,Hors intersection,Normale,Deux véhicules - côté,,,,,,,,,,,1,2,1,1,3
200600080669,0006-02-13 06:45:00,6,2,13,6,45,974,451,Chemin Recherchant,,,Plein jour,En agglomération,Hors intersection,Normale,Deux véhicules - frontale,,,,,,,,,,,1,2,1,1,1
200600080670,0006-02-26 20:30:00,6,2,26,20,30,974,451,Chemin Recherchant,,,Nuit avec éclairage allumé,En agglomération,Hors intersection,Normale,Deux véhicules - frontale,,,,,,,,,,,5,2,1,1,1
200600080671,0006-02-13 19:25:00,6,2,13,19,25,971,105,"00 0037, DANIEL BEAUPERT",,,Nuit avec éclairage allumé,En agglomération,Hors intersection,Normale,Autre collision,,,,,,,,,,,5,2,1,1,6
200600080672,0006-02-14 06:40:00,6,2,14,6,40,971,105,"00 0103, REPUBLIQUE(RUE",,,Plein jour,En agglomération,Hors intersection,Normale,Autre collision,,,,,,,,,,,1,2,1,1,6
200600080673,0006-02-13 19:30:00,6,2,13,19,30,971,107,"25, GAMBETTA ( RUE )",,,Nuit avec éclairage allumé,En agglomération,Intersection en X,Normale,Trois véhicules et plus - collisions multiples,,,,,,,,,,,5,2,2,1,5
200600080674,0006-02-02 14:45:00,6,2,2,14,45,971,101,BEAUSOLEIL,,,Plein jour,En agglomération,Hors intersection,Normale,Deux véhicules - frontale,,,,,,,,,,,1,2,1,1,1
200600080675,0006-02-01 18:50:00,6,2,1,18,50,971,101,LE RAIZET(SECTEUR),,,Nuit avec éclairage allumé,En agglomération,Intersection en T,Normale,Autre collision,,,,,,,,,,,5,2,3,1,6
200600080676,0006-02-06 23:15:00,6,2,6,23,15,971,101,PERRIN,,,Nuit avec éclairage non allumé,Hors agglomération,Hors intersection,Normale,Autre collision,,,,,,,,,,,4,1,1,1,6
200600080677,0006-02-03 04:00:00,6,2,3,4,0,971,113,GRAND BAIE ( RN4),,,Nuit avec éclairage non allumé,Hors agglomération,Hors intersection,Normale,Autre collision,,,,,,,,,,,4,1,1,1,6
200600080678,0006-02-15 06:15:00,6,2,15,6,15,971,113,SECTION LABROUSSE,,,Crépuscule ou aube,Hors agglomération,Hors intersection,Pluie légère,Autre collision,,,,,,,,,,,2,1,1,2,6
200600080679,0006-02-09 17:10:00,6,2,9,17,10,971,113,RN4 - SECTION RIVIERA,,,Plein jour,En agglomération,Hors intersection,Normale,Deux véhicules - côté,,,,,,,,,,,1,2,1,1,3
200600080680,0006-02-17 10:15:00,6,2,17,10,15,971,120,CHANZY (BOULEVARD),,,Plein jour,En agglomération,Intersection en T,Normale,Autre collision,,,,,,,,,,,1,2,3,1,6
200600080681,0006-02-06 07:00:00,6,2,6,7,0,971,120,"00, VILLE D'ORLY (RUE DE",,,Plein jour,En agglomération,Intersection en T,Normale,Deux véhicules - côté,,,,,,,,,,,1,2,3,1,3
200600080682,0006-02-17 18:30:00,6,2,17,18,30,971,101,DESRAVINIERES,,,Crépuscule ou aube,Hors agglomération,Intersection en T,Normale,Autre collision,,,,,,,,,,,2,1,3,1,6
200600080683,0006-02-23 00:20:00,6,2,23,0,20,971,101,BOISRIPEAUX,,,Nuit avec éclairage allumé,En agglomération,Intersection en T,Normale,Deux véhicules - côté,,,,,,,,,,,5,2,3,1,3
200600080684,0006-02-24 18:30:00,6,2,24,18,30,971,101,CADUC,,,Nuit avec éclairage allumé,Hors agglomération,Hors intersection,Normale,Autre collision,,,,,,,,,,,5,1,1,1,6
200600080685,0006-02-01 11:55:00,6,2,1,11,55,972,209,OLIVIERS (RUE DES),,,Plein jour,En agglomération,Hors intersection,Normale,Sans collision,,,,,,,,,,,1,2,1,1,7
200600080686,0006-02-03 11:40:00,6,2,3,11,40,972,209,"108, REPUBLIQUE (RUE DE",,,Plein jour,En agglomération,Hors intersection,Normale,Sans collision,,,,,,,,,,,1,2,1,1,7
200600080687,0006-02-03 19:50:00,6,2,3,19,50,972,209,"179, REDOUTE (ROUTE DE L",,,Crépuscule ou aube,En agglomération,Hors intersection,Normale,Deux véhicules - frontale,,,,,,,,,,,2,2,1,1,1
200600080688,0006-02-03 17:05:00,6,2,3,17,5,972,209,FRANCOIS MITTERAND (BOUL,,,Plein jour,En agglomération,Intersection en X,Normale,Deux véhicules - frontale,,,,,,,,,,,1,2,2,1,1
200600080689,0006-02-05 18:00:00,6,2,5,18,0,972,209,RN9,,,Crépuscule ou aube,Hors agglomération,Hors intersection,Normale,Autre collision,,,,,,,,,,,2,1,1,1,6
200600080690,0006-02-06 19:20:00,6,2,6,19,20,972,209,"145, RELIGIEUSES (ROUTE",,,Crépuscule ou aube,En agglomération,Hors intersection,Normale,Deux véhicules - côté,,,,,,,,,,,2,2,1,1,3