accident_id,datetime,annee,mois,jour,heure,minute,departement,commune_insee,adresse,latitude,longitude,luminosite,agglomeration,intersection,meteo,collision,nb_vehicules,nb_usagers,nb_indemnes,nb_tues,nb_blesses_hosp,nb_blesses_legers,age_cond_1,age_cond_2,veh_type_cond_1,veh_type_cond_2,lum_code,agg_code,int_code,atm_code,col_code
200600081014,0006-03-20 09:42:00,6,3,20,9,42,973,302,CARREFOUR SUZINI,,,Plein jour,En agglomération,Hors intersection,Normale,Deux véhicules - côté,,,,,,,,,,,1,2,1,1,3
200600081015,0006-03-12 18:10:00,6,3,12,18,10,973,302,MADELEINE (ROUTE DE LA),,,Plein jour,En agglomération,Intersection en X,Normale,Deux véhicules - côté,,,,,,,,,,,1,2,2,1,3
200600081016,0006-03-28 22:05:00,6,3,28,22,5,973,302,ESTREES (AVENUE D'),,,Nuit avec éclairage allumé,En agglomération,Hors intersection,Normale,Deux véhicules - côté,,,,,,,,,,,5,2,1,1,3
200600081017,0006-03-22 15:06:00,6,3,22,15,6,973,302,MARINGOUINS (ROND-POINT),,,Plein jour,Hors agglomération,Hors intersection,Normale,Deux véhicules - arrière,,,,,,,,,,,1,1,1,1,2
200600081018,0006-03-21 16:00:00,6,3,21,16,0,973,302,BADUEL (ROUTE DE),,,Plein jour,En agglomération,Intersection en X,Normale,Deux véhicules - côté,,,,,,,,,,,1,2,2,1,3
200600081019,0006-03-22 13:05:00,6,3,22,13,5,973,302,ROCADE DE ZEPHIR,,,Plein jour,En agglomération,Hors intersection,Normale,Autre collision,,,,,,,,,,,1,2,1,1,6
200600081020,0006-03-20 19:12:00,6,3,20,19,12,973,302,BERNARD (DU CAPITAINE),,,Nuit avec éclairage allumé,En agglomération,Intersection en X,Normale,Autre collision,,,,,,,,,,,5,2,2,1,6
200600081021,0006-03-25 20:05:00,6,3,25,20,5,973,302,RD POINT CRIQUE FOUILLEE,,,Nuit avec éclairage allumé,Hors agglomération,Hors intersection,Normale,Autre collision,,,,,,,,,,,5,1,1,1,6
200600081022,0006-03-27 16:14:00,6,3,27,16,14,973,302,BONHOMME (CITE),,,Plein jour,En agglomération,Hors intersection,Normale,Autre collision,,,,,,,,,,,1,2,1,1,6
200600081023,0006-03-27 15:50:00,6,3,27,15,50,973,302,BADUEL (ROUTE DE),,,Plein jour,En agglomération,Hors intersection,Normale,Autre collision,,,,,,,,,,,1,2,1,1,6
200600081024,0006-03-27 07:01:00,6,3,27,7,1,973,302,DIGUE RONJON,,,Plein jour,En agglomération,Intersection en X,Normale,Autre collision,,,,,,,,,,,1,2,2,1,6
200600081025,0006-03-28 11:15:00,6,3,28,11,15,973,302,HEDER (AVENUE LEOPOLD),,,Plein jour,En agglomération,Hors intersection,Normale,Autre collision,,,,,,,,,,,1,2,1,1,6
200600081026,0006-03-28 19:00:00,6,3,28,19,0,973,302,MADELEINE (ROUTE DE LA),,,Nuit avec éclairage allumé,Hors agglomération,Intersection en X,Normale,Autre collision,,,,,,,,,,,5,1,2,1,6
200600081027,0006-03-29 21:12:00,6,3,29,21,12,973,302,BADUEL (ROUTE DE),,,Nuit avec éclairage allumé,Hors agglomération,Intersection en X,Normale,Deux véhicules - côté,,,,,,,,,,,5,1,2,1,3
200600081028,0006-03-30 12:05:00,6,3,30,12,5,973,302,JUBELIN (BOULEVARD),,,Plein jour,En agglomération,Hors intersection,Temps éblouissant,Deux véhicules - arrière,,,,,,,,,,,1,2,1,7,2
200600081029,0006-03-30 11:15:00,6,3,30,11,15,973,302,Route de Raban,,,Plein jour,En agglomération,Hors intersection,Normale,Deux véhicules - côté,,,,,,,,,,,1,2,1,1,3
200600081030,0006-03-27 18:55:00,6,3,27,18,55,973,302,ESTREES (AVENUE D'),,,Nuit avec éclairage allumé,En agglomération,Intersection en X,Normale,Deux véhicules - côté,,,,,,,,,,,5,2,2,1,3
200600081031,0006-03-28 12:23:00,6,3,28,12,23,973,302,MANGO (ROUTE),,,Plein jour,En agglomération,Hors intersection,Normale,Autre collision,,,,,,,,,,,1,2,1,1,6
200600081032,0006-03-31 16:50:00,6,3,31,16,50,973,302,VOLTAIRE (AVENUE),,,Plein jour,En agglomération,Hors intersection,Normale,Deux véhicules - côté,,,,,,,,,,,1,2,1,1,3
200600081033,0006-03-31 11:05:00,6,3,31,11,5,973,302,MIRZA (CITE),,,Plein jour,En agglomération,Hors intersection,Normale,Deux véhicules - côté,,,,,,,,,,,1,2,1,1,3
200600081034,0006-03-20 09:30:00,6,3,20,9,30,973,302,BADUEL (ROUTE DE),,,Plein jour,Hors agglomération,Hors intersection,Normale,Deux véhicules - arrière,,,,,,,,,,,1,1,1,1,2
200600081035,0006-03-06 13:10:00,6,3,6,13,10,974,407,"12, CIMENDEF(RUE)",,,Plein jour,En agglomération,Hors intersection,Pluie légère,Deux véhicules - frontale,,,,,,,,,,,1,2,1,2,1
200600081036,0006-03-07 18:00:00,6,3,7,18,0,974,407,"1, ROUTE DU SACRE COEUR",,,Plein jour,En agglomération,Hors intersection,Pluie légère,Deux véhicules - côté,,,,,,,,,,,1,2,1,2,3
200600081037,0006-03-08 08:00:00,6,3,8,8,0,974,407,BD DE LA COMPAGNIE DES I,,,Plein jour,En agglomération,Hors intersection,Pluie légère,Deux véhicules - côté,,,,,,,,,,,1,2,1,2,3
200600081038,0006-03-18 17:20:00,6,3,18,17,20,974,407,"2, VERDUN(BOULEVARD)",,,Plein jour,En agglomération,Intersection en T,Normale,Deux véhicules - côté,,,,,,,,,,,1,2,3,1,3
200600081039,0006-03-22 06:15:00,6,3,22,6,15,974,407,ROUTE NATIONALE N° 1,,,Plein jour,En agglomération,Hors intersection,Normale,Trois véhicules et plus - collisions multiples,,,,,,,,,,,1,2,1,1,5
200600081040,0006-03-22 09:10:00,6,3,22,9,10,974,407,ELUARD(RUE),,,Plein jour,En agglomération,Hors intersection,Normale,Autre collision,,,,,,,,,,,1,2,1,1,6
200600081041,0006-03-25 17:20:00,6,3,25,17,20,974,407,ROND POINT DES DANSEUSES,,,Plein jour,En agglomération,Giratoire,Normale,Sans collision,,,,,,,,,,,1,2,6,1,7
200600081042,0006-03-25 21:00:00,6,3,25,21,0,974,407,"4, MONDON (AVENUE)",,,Nuit avec éclairage allumé,En agglomération,Hors intersection,Normale,Sans collision,,,,,,,,,,,5,2,1,1,7
200600081043,0006-03-27 11:00:00,6,3,27,11,0,974,407,RUE JASQUES DUCLOS,,,Plein jour,En agglomération,Hors intersection,Normale,Autre collision,,,,,,,,,,,1,2,1,1,6
200600081044,0006-03-28 12:20:00,6,3,28,12,20,974,407,SAINT PAUL(RUE),,,Plein jour,En agglomération,Intersection en X,Normale,Trois véhicules et plus - collisions multiples,,,,,,,,,,,1,2,2,1,5
200600081045,0006-03-30 12:25:00,6,3,30,12,25,974,407,MONDON (AVENUE),,,Plein jour,En agglomération,Hors intersection,Normale,Deux véhicules - côté,,,,,,,,,,,1,2,1,1,3
200600081046,0006-03-01 09:30:00,6,3,1,9,30,974,410,"66, AMIRAL BOUVET(RUE)",,,Plein jour,En agglomération,Hors intersection,Normale,Deux véhicules - frontale,,,,,,,,,,,1,2,1,1,1
200600081047,0006-03-15 09:50:00,6,3,15,9,50,974,410,"07, LOUIS BRUNET(RUE)",,,Plein jour,En agglomération,Hors intersection,Normale,Autre collision,,,,,,,,,,,1,2,1,1,6
200600081048,0006-03-21 16:45:00,6,3,21,16,45,974,409,ROCADE SUD(RUE),,,Plein jour,Hors agglomération,Intersection en X,Normale,Deux véhicules - frontale,,,,,,,,,,,1,1,2,1,1
200600081049,0006-03-04 22:30:00,6,3,4,22,30,974,411,RAMBAUD (LEOPOLD),,,Nuit avec éclairage allumé,En agglomération,Intersection en X,Pluie forte,Autre collision,,,,,,,,,,,5,2,2,3,6
200600081050,0006-03-13 15:55:00,6,3,13,15,55,974,411,JAURES (BOULEVARD JEAN),,,Plein jour,En agglomération,Hors intersection,Normale,Deux véhicules - arrière,,,,,,,,,,,1,2,1,1,2
200600081051,0006-03-11 17:15:00,6,3,11,17,15,974,411,"11, MAUSOLEE (RUELLE)",,,Plein jour,En agglomération,Hors intersection,Normale,Autre collision,,,,,,,,,,,1,2,1,1,6
200600081052,0006-03-13 10:10:00,6,3,13,10,10,974,411,RN2/043,,,Plein jour,Hors agglomération,Hors intersection,Normale,Deux véhicules - côté,,,,,,,,,,,1,1,1,1,3
200600081053,0006-03-14 17:10:00,6,3,14,17,10,974,411,"56, GUYON (FELIX)",,,Plein jour,En agglomération,Hors intersection,Normale,Autre collision,,,,,,,,,,,1,2,1,1,6
200600081054,0006-03-03 07:45:00,6,3,3,7,45,974,411,JAURES (BOULEVARD JEAN),,,Plein jour,Hors agglomération,Hors intersection,Normale,Deux véhicules - arrière,,,,,,,,,,,1,1,1,1,2
200600081055,0006-03-15 10:50:00,6,3,15,10,50,974,411,LITTORAL (ROUTE 1 DU),,,Plein jour,Hors agglomération,Hors intersection,Normale,Sans collision,,,,,,,,,,,1,1,1,1,7
200600081056,0006-03-31 23:23:00,6,3,31,23,23,974,411,FOCH (RUE),,,Nuit avec éclairage allumé,En agglomération,Autre intersection,Normale,Deux véhicules - côté,,,,,,,,,,,5,2,9,1,3
200600081057,0006-03-01 08:20:00,6,3,1,8,20,974,411,BOIS DE NEFLES (ROUTE DE,,,Plein jour,En agglomération,Hors intersection,Normale,Deux véhicules - frontale,,,,,,,,,,,1,2,1,1,1
200600081058,0006-03-11 22:45:00,6,3,11,22,45,974,411,RAMBAUD (LEOPOLD),,,Nuit avec éclairage allumé,En agglomération,Intersection en X,Normale,Deux véhicules - côté,,,,,,,,,,,5,2,2,1,3
200600081059,0006-03-13 08:05:00,6,3,13,8,5,974,411,AFRIQUE (RUE DE L'),,,Plein jour,En agglomération,Hors intersection,Normale,Deux véhicules - frontale,,,,,,,,,,,1,2,1,1,1
200600081060,0006-03-14 08:05:00,6,3,14,8,5,974,411,"69, MUSCADIER (RUE DU)",,,Plein jour,En agglomération,Hors intersection,Normale,Autre collision,,,,,,,,,,,1,2,1,1,6
200600081061,0006-03-14 19:20:00,6,3,14,19,20,974,411,BOIS DE NEFLES (RUE DU),,,Nuit avec éclairage allumé,En agglomération,Hors intersection,Normale,Deux véhicules - côté,,,,,,,,,,,5,2,1,1,3
200600081062,0006-03-28 22:10:00,6,3,28,22,10,974,411,"1, CERISIERS (CHEMIN DES",,,Nuit sans éclairage public,En agglomération,Hors intersection,Normale,Deux véhicules - frontale,,,,,,,,,,,3,2,1,1,1
200600081063,0006-03-12 22:05:00,6,3,12,22,5,974,411,LITTORAL (ROUTE 1 DU),,,Nuit sans éclairage public,Hors agglomération,Hors intersection,Normale,Trois véhicules et plus - collisions multiples,,,,,,,,,,,3,1,1,1,5
200600081064,0006-03-23 08:54:00,6,3,23,8,54,974,411,"1, HERMANN (RUE JULES)",,,Plein jour,En agglomération,Hors intersection,Normale,Autre collision,,,,,,,,,,,1,2,1,1,6
200600081065,0006-03-21 17:21:00,6,3,21,17,21,974,411,VINGT DECEMBRE 1848 (PLA,,,Plein jour,Hors agglomération,Intersection en X,Normale,Deux véhicules - côté,,,,,,,,,,,1,1,2,1,3
200600081066,0006-03-29 06:16:00,6,3,29,6,16,974,411,MONTAGNE (ROUTE DE LA),,,Plein jour,En agglomération,Hors intersection,Normale,Autre collision,,,,,,,,,,,1,2,1,1,6
200600081067,0006-03-29 16:46:00,6,3,29,16,46,974,411,"314, LECLERC (DU MARECHA",,,Plein jour,En agglomération,Hors intersection,Normale,Autre collision,,,,,,,,,,,1,2,1,1,6
200600081068,0006-03-05 03:30:00,6,3,5,3,30,974,416,"28, LORION(RUE LUC)",,,Nuit avec éclairage allumé,En agglomération,Hors intersection,Normale,Autre collision,,,,,,,,,,,5,2,1,1,6
200600081069,0006-03-08 04:05:00,6,3,8,4,5,974,416,RN03,,,Crépuscule ou aube,En agglomération,Hors intersection,Normale,Sans collision,,,,,,,,,,,2,2,1,1,7
200600081070,0006-03-08 07:45:00,6,3,8,7,45,974,416,"SANS, DEJEAN(GABRIEL RUE",,,Plein jour,En agglomération,Hors intersection,Normale,Sans collision,,,,,,,,,,,1,2,1,1,7
200600081071,0006-03-08 12:35:00,6,3,8,12,35,974,416,"SANS, BABET (RUE A)",,,Plein jour,En agglomération,Hors intersection,Normale,Autre collision,,,,,,,,,,,1,2,1,1,6
200600081072,0006-03-11 10:30:00,6,3,11,10,30,974,414,"SANS, SAINT PHILIPPE(RUE",,,Plein jour,En agglomération,Hors intersection,Normale,Deux véhicules - côté,,,,,,,,,,,1,2,1,1,3
200600081073,0006-03-13 13:30:00,6,3,13,13,30,974,414,"SANS, BENARD(RUE LEONUS)",,,Plein jour,En agglomération,Hors intersection,Normale,Trois véhicules et plus - en chaîne,,,,,,,,,,,1,2,1,1,4
200600081074,0006-03-16 19:55:00,6,3,16,19,55,974,416,"SANS, HUBERT DE LISLE(BO",,,Nuit avec éclairage allumé,En agglomération,Intersection en T,Normale,Deux véhicules - côté,,,,,,,,,,,5,2,3,1,3
200600081075,0006-03-17 16:00:00,6,3,17,16,0,974,414,"SANS, EGLISE(RUE DE L')",,,Plein jour,En agglomération,Hors intersection,Normale,Autre collision,,,,,,,,,,,1,2,1,1,6
200600081076,0006-03-17 16:01:00,6,3,17,16,1,974,414,"SANS, PALMIERS(AVENUE DE",,,Plein jour,En agglomération,Intersection en T,Normale,Trois véhicules et plus - collisions multiples,,,,,,,,,,,1,2,3,1,5
200600081077,0006-03-18 01:55:00,6,3,18,1,55,974,416,"SANS, HUBERT DE LISLE(BO",,,Nuit avec éclairage allumé,En agglomération,Hors intersection,Normale,Sans collision,,,,,,,,,,,5,2,1,1,7
200600081078,0006-03-18 21:30:00,6,3,18,21,30,974,416,"SANS, HUBERT DE LISLE(BO",,,Nuit avec éclairage allumé,En agglomération,Intersection en T,Normale,Deux véhicules - côté,,,,,,,,,,,5,2,3,1,3
200600081079,0006-03-20 18:00:00,6,3,20,18,0,974,416,"SANS, HUBERT DE LISLE(BO",,,Plein jour,En agglomération,Hors intersection,Normale,Sans collision,,,,,,,,,,,1,2,1,1,7
200600081080,0006-03-31 23:30:00,6,3,31,23,30,974,414,"05, SAINT JULIEN(RUE)",,,Nuit avec éclairage allumé,En agglomération,Hors intersection,Normale,Autre collision,,,,,,,,,,,5,2,1,1,6
200600081108,0006-04-25 04:15:00,6,4,25,4,15,972,224,,,,Nuit sans éclairage public,En agglomération,Hors intersection,Normale,Autre collision,,,,,,,,,,,3,2,1,1,6
200600081109,0006-04-10 19:00:00,6,4,10,19,0,972,205,RN2 - LE BOURG,,,Nuit avec éclairage allumé,En agglomération,Hors intersection,Normale,Autre collision,,,,,,,,,,,5,2,1,1,6
200600081110,0006-04-30 21:45:00,6,4,30,21,45,972,219,,,,Nuit avec éclairage allumé,Hors agglomération,Hors intersection,Normale,Autre collision,,,,,,,,,,,5,1,1,1,6
200600081111,0006-04-17 15:55:00,6,4,17,15,55,972,207,lieu dit bonne mére,,,Plein jour,Hors agglomération,Hors intersection,Normale,Deux véhicules - frontale,,,,,,,,,,,1,1,1,1,1
200600081112,0006-04-24 17:00:00,6,4,24,17,0,972,207,,,,Plein jour,Hors agglomération,Hors intersection,Normale,Trois véhicules et plus - collisions multiples,,,,,,,,,,,1,1,1,1,5
200600081113,0006-04-16 14:30:00,6,4,16,14,30,972,223,RUE DE L'ABRICOTIER,,,Plein jour,En agglomération,Hors intersection,Normale,Autre collision,,,,,,,,,,,1,2,1,1,6
200600081114,0006-04-09 14:00:00,6,4,9,14,0,972,226,,,,Plein jour,Hors agglomération,Hors intersection,Normale,Autre collision,,,,,,,,,,,1,1,1,1,6
200600081115,0006-04-06 12:00:00,6,4,6,12,0,972,221,,,,Plein jour,Hors agglomération,Hors intersection,Normale,Sans collision,,,,,,,,,,,1,1,1,1,7
200600081116,0006-04-09 00:30:00,6,4,9,0,30,972,221,,,,Nuit sans éclairage public,Hors agglomération,Hors intersection,Normale,Autre collision,,,,,,,,,,,3,1,1,1,6
200600081117,0006-04-01 04:45:00,6,4,1,4,45,972,231,,,,Nuit avec éclairage allumé,Hors agglomération,Hors intersection,Normale,Sans collision,,,,,,,,,,,5,1,1,1,7
200600081118,0006-04-01 13:00:00,6,4,1,13,0,972,222,Quartier Pontalléry 2,,,Plein jour,Hors agglomération,Hors intersection,Normale,Trois véhicules et plus - collisions multiples,,,,,,,,,,,1,1,1,1,5
200600081119,0006-04-07 21:00:00,6,4,7,21,0,972,201,,,,Nuit sans éclairage public,Hors agglomération,Hors intersection,Normale,Autre collision,,,,,,,,,,,3,1,1,1,6
200600081120,0006-04-27 11:45:00,6,4,27,11,45,971,124,1er plateau,,,Plein jour,En agglomération,Hors intersection,Normale,Deux véhicules - côté,,,,,,,,,,,1,2,1,1,3
200600081121,0006-04-15 16:45:00,6,4,15,16,45,971,121,,,,Plein jour,Hors agglomération,Hors intersection,Normale,Deux véhicules - frontale,,,,,,,,,,,1,1,1,1,1
200600081122,0006-04-11 14:30:00,6,4,11,14,30,971,107,RN1 STE MARIE,,,Plein jour,Hors agglomération,Hors intersection,Normale,Deux véhicules - frontale,,,,,,,,,,,1,1,1,1,1
200600081123,0006-04-18 07:45:00,6,4,18,7,45,971,107,,,,Plein jour,Hors agglomération,Hors intersection,Normale,Deux véhicules - frontale,,,,,,,,,,,1,1,1,1,1
200600081124,0006-04-28 11:30:00,6,4,28,11,30,971,107,section roseau,,,Plein jour,Hors agglomération,Hors intersection,Normale,Deux véhicules - côté,,,,,,,,,,,1,1,1,1,3
200600081125,0006-04-09 15:15:00,6,4,9,15,15,971,131,route de maison blanche,,,Plein jour,En agglomération,Hors intersection,Normale,Autre collision,,,,,,,,,,,1,2,1,1,6
200600081126,0006-04-23 06:15:00,6,4,23,6,15,971,123,Rte du Dispensaire,,,Crépuscule ou aube,En agglomération,Hors intersection,Normale,Autre collision,,,,,,,,,,,2,2,1,1,6
200600081127,0006-04-24 01:30:00,6,4,24,1,30,971,129,,,,Nuit avec éclairage allumé,Hors agglomération,Hors intersection,Normale,Sans collision,,,,,,,,,,,5,1,1,1,7
200600081128,0006-04-17 05:15:00,6,4,17,5,15,971,108,section Dépôt,,,Crépuscule ou aube,Hors agglomération,Hors intersection,Normale,Deux véhicules - côté,,,,,,,,,,,2,1,1,1,3
200600081129,0006-04-13 07:45:00,6,4,13,7,45,971,117,ROUTE DE SAINTE ANNE,,,Plein jour,En agglomération,Intersection en T,Normale,Deux véhicules - côté,,,,,,,,,,,1,2,3,1,3
200600081130,0006-04-04 05:00:00,6,4,4,5,0,971,119,,,,Nuit sans éclairage public,Hors agglomération,Hors intersection,Normale,Autre collision,,,,,,,,,,,3,1,1,1,6
200600081131,0006-04-29 06:30:00,6,4,29,6,30,971,122,,,,Plein jour,Hors agglomération,Hors intersection,Normale,Deux véhicules - arrière,,,,,,,,,,,1,1,1,1,2
200600081132,0006-04-02 01:00:00,6,4,2,1,0,971,128,,,,Nuit sans éclairage public,Hors agglomération,Hors intersection,Normale,Sans collision,,,,,,,,,,,3,1,1,1,7
200600081133,0006-04-07 22:15:00,6,4,7,22,15,971,128,,,,Nuit sans éclairage public,Hors agglomération,Hors intersection,Normale,Sans collision,,,,,,,,,,,3,1,1,1,7
200600081134,0006-04-26 09:30:00,6,4,26,9,30,971,128,,,,Plein jour,Hors agglomération,Hors intersection,Normale,Autre collision,,,,,,,,,,,1,1,1,1,6
200600081135,0006-04-28 07:00:00,6,4,28,7,0,971,128,,,,Plein jour,Hors agglomération,Hors intersection,Normale,Deux véhicules - côté,,,,,,,,,,,1,1,1,1,3
200600081136,0006-04-03 13:00:00,6,4,3,13,0,973,307,ZAC larivot,,,Plein jour,En agglomération,Hors intersection,Normale,Autre collision,,,,,,,,,,,1,2,1,1,6
200600081137,0006-04-12 09:30:00,6,4,12,9,30,973,305,Boug de TONATE-MACOURIA,,,Plein jour,En agglomération,Hors intersection,Normale,Deux véhicules - frontale,,,,,,,,,,,1,2,1,1,1
200600081138,0006-04-14 09:30:00,6,4,14,9,30,973,305,,,,Plein jour,Hors agglomération,Hors intersection,Normale,Deux véhicules - frontale,,,,,,,,,,,1,1,1,1,1
200600081139,0006-04-19 09:45:00,6,4,19,9,45,973,305,,,,Nuit sans éclairage public,Hors agglomération,Hors intersection,Normale,Autre collision,,,,,,,,,,,3,1,1,1,6
200600081140,0006-04-27 16:15:00,6,4,27,16,15,973,305,,,,Plein jour,Hors agglomération,Hors intersection,Pluie légère,Autre collision,,,,,,,,,,,1,1,1,2,6
200600081141,0006-04-24 14:00:00,6,4,24,14,0,973,301,CD.20,,,Plein jour,Hors agglomération,Hors intersection,Pluie forte,Deux véhicules - côté,,,,,,,,,,,1,1,1,3,3
200600081142,0006-04-29 09:00:00,6,4,29,9,0,973,301,RN 2 - PK 149,,,Plein jour,Hors agglomération,Hors intersection,Pluie légère,Sans collision,,,,,,,,,,,1,1,1,2,7
200600081143,0006-04-21 18:00:00,6,4,21,18,0,973,311,,,,Plein jour,Hors agglomération,Hors intersection,Normale,Sans collision,,,,,,,,,,,1,1,1,1,7
200600081144,0006-04-29 19:45:00,6,4,29,19,45,973,311,,,,Nuit sans éclairage public,Hors agglomération,Hors intersection,Pluie légère,Deux véhicules - frontale,,,,,,,,,,,3,1,1,2,1
200600081145,0006-04-30 23:45:00,6,4,30,23,45,974,418,RN2  ravine des chèvres,,,Nuit sans éclairage public,Hors agglomération,Hors intersection,Normale,Deux véhicules - arrière,,,,,,,,,,,3,1,1,1,2
200600081146,0006-04-02 01:00:00,6,4,2,1,0,974,420,,,,Nuit avec éclairage allumé,Hors agglomération,Hors intersection,Normale,Deux véhicules - frontale,,,,,,,,,,,5,1,1,1,1
200600081147,0006-04-30 19:30:00,6,4,30,19,30,974,420,avenue Mendes France,,,Nuit avec éclairage allumé,En agglomération,Hors intersection,Normale,Deux véhicules - côté,,,,,,,,,,,5,2,1,1,3
200600081148,0006-04-08 05:00:00,6,4,8,5,0,974,410,,,,Crépuscule ou aube,Hors agglomération,Hors intersection,Pluie légère,Autre collision,,,,,,,,,,,2,1,1,2,6
200600081149,0006-04-22 20:30:00,6,4,22,20,30,974,410,RN3,,,Nuit sans éclairage public,Hors agglomération,Hors intersection,Normale,Deux véhicules - côté,,,,,,,,,,,3,1,1,1,3
200600081150,0006-04-18 23:15:00,6,4,18,23,15,974,409,chemin Grand Canal,,,Nuit sans éclairage public,En agglomération,Hors intersection,Normale,Deux véhicules - frontale,,,,,,,,,,,3,2,1,1,1
200600081151,0006-04-22 18:15:00,6,4,22,18,15,974,409,,,,Crépuscule ou aube,Hors agglomération,Hors intersection,Normale,Autre collision,,,,,,,,,,,2,1,1,1,6
200600081152,0006-04-16 09:00:00,6,4,16,9,0,974,406,,,,Plein jour,Hors agglomération,Hors intersection,Normale,Autre collision,,,,,,,,,,,1,1,1,1,6
200600081153,0006-04-04 07:00:00,6,4,4,7,0,974,415,1 - axe mixte de Cambaie,,,Plein jour,Hors agglomération,Autre intersection,Normale,Deux véhicules - côté,,,,,,,,,,,1,1,9,1,3
200600081154,0006-04-07 16:00:00,6,4,7,16,0,974,415,267 Chaussée Royale,,,Plein jour,En agglomération,Hors intersection,Normale,Deux véhicules - côté,,,,,,,,,,,1,2,1,1,3
200600081155,0006-04-23 01:30:00,6,4,23,1,30,974,415,RN1 Cap Marianne,,,Nuit sans éclairage public,Hors agglomération,Hors intersection,Normale,Sans collision,,,,,,,,,,,3,1,1,1,7
200600081156,0006-04-05 11:45:00,6,4,5,11,45,974,415,ROUTE DU TROU D EAU,,,Plein jour,En agglomération,Hors intersection,Normale,Autre collision,,,,,,,,,,,1,2,1,1,6
200600081157,0006-04-18 12:30:00,6,4,18,12,30,974,415,,,,Plein jour,Hors agglomération,Hors intersection,Normale,Deux véhicules - frontale,,,,,,,,,,,1,1,1,1,1
200600081158,0006-04-25 18:30:00,6,4,25,18,30,974,415,,,,Nuit sans éclairage public,Hors agglomération,Hors intersection,Normale,Deux véhicules - côté,,,,,,,,,,,3,1,1,1,3
200600081159,0006-04-30 23:00:00,6,4,30,23,0,974,415,,,,Nuit sans éclairage public,Hors agglomération,Intersection en X,Normale,Deux véhicules - frontale,,,,,,,,,,,3,1,2,1,1
200600081160,0006-04-09 10:45:00,6,4,9,10,45,974,413,,,,Plein jour,Hors agglomération,Hors intersection,Normale,Deux véhicules - côté,,,,,,,,,,,1,1,1,1,3
200600081161,0006-04-30 17:15:00,6,4,30,17,15,974,424,RN5 MARE SECHE,,,Plein jour,En agglomération,Hors intersection,Temps couvert,Deux véhicules - frontale,,,,,,,,,,,1,2,1,8,1
200600081162,0006-04-22 17:30:00,6,4,22,17,30,974,449,haël DOUYERE - PK 01+400,,,Crépuscule ou aube,En agglomération,Hors intersection,Temps couvert,Deux véhicules - côté,,,,,,,,,,,2,2,1,8,3
200600081163,0006-04-07 20:45:00,6,4,7,20,45,974,422,Rue Georges POMPIDOU RN3,,,Nuit avec éclairage non allumé,En agglomération,Hors intersection,Normale,Autre collision,,,,,,,,,,,4,2,1,1,6
200600081185,0006-04-29 14:00:00,6,4,29,14,0,973,309,20 avenue Monnerville,,,Plein jour,En agglomération,Hors intersection,Normale,Deux véhicules - arrière,,,,,,,,,,,1,2,1,1,2
200600081189,0006-04-24 15:00:00,6,4,24,15,0,971,127,,,,Plein jour,Hors agglomération,Hors intersection,Normale,Deux véhicules - frontale,,,,,,,,,,,1,1,1,1,1
200600081190,0006-04-29 17:45:00,6,4,29,17,45,971,127,te de Quartier d'Orléans,,,Crépuscule ou aube,Hors agglomération,Hors intersection,Temps éblouissant,Deux véhicules - côté,,,,,,,,,,,2,1,1,7,3
200600081191,0006-04-02 18:45:00,6,4,2,18,45,973,304,,,,Plein jour,Hors agglomération,Hors intersection,Normale,Sans collision,,,,,,,,,,,1,1,1,1,7
200600081192,0006-04-13 08:30:00,6,4,13,8,30,973,304,19 avenue bois chaudat,,,Plein jour,En agglomération,Hors intersection,Normale,Deux véhicules - côté,,,,,,,,,,,1,2,1,1,3
200600081193,0006-04-13 19:45:00,6,4,13,19,45,973,304,Avenue de France,,,Nuit sans éclairage public,En agglomération,Hors intersection,Normale,Deux véhicules - côté,,,,,,,,,,,3,2,1,1,3
200600081196,0006-04-11 04:30:00,6,4,11,4,30,974,416,,,,Nuit sans éclairage public,Hors agglomération,Hors intersection,Normale,Deux véhicules - arrière,,,,,,,,,,,3,1,1,1,2
200600081197,0006-04-22 18:45:00,6,4,22,18,45,974,436,,,,Nuit avec éclairage non allumé,Hors agglomération,Hors intersection,Normale,Deux véhicules - frontale,,,,,,,,,,,4,1,1,1,1
200600081198,0006-04-17 00:01:00,6,4,17,0,1,974,416,,,,Nuit sans éclairage public,Hors agglomération,Hors intersection,Normale,Autre collision,,,,,,,,,,,3,1,1,1,6
200600081199,0006-04-23 01:00:00,6,4,23,1,0,974,416,chemin des assises,,,Nuit avec éclairage non allumé,En agglomération,Hors intersection,Normale,Autre collision,,,,,,,,,,,4,2,1,1,6
200600081201,0006-03-01 23:50:00,6,3,1,23,50,971,101,LACROIX,,,Nuit avec éclairage allumé,Hors agglomération,Hors intersection,Normale,Trois véhicules et plus - collisions multiples,,,,,,,,,,,5,1,1,1,5
200600081202,0006-01-01 04:40:00,6,1,1,4,40,972,213,,,,Nuit sans éclairage public,Hors agglomération,Hors intersection,Autre,Trois véhicules et plus - collisions multiples,,,,,,,,,,,3,1,1,9,5
200600081203,0006-01-11 14:05:00,6,1,11,14,5,972,213,,,,Plein jour,Hors agglomération,Hors intersection,Normale,Trois véhicules et plus - collisions multiples,,,,,,,,,,,1,1,1,1,5