accident_id,datetime,annee,mois,jour,heure,minute,departement,commune_insee,adresse,latitude,longitude,luminosite,agglomeration,intersection,meteo,collision,nb_vehicules,nb_usagers,nb_indemnes,nb_tues,nb_blesses_hosp,nb_blesses_legers,age_cond_1,age_cond_2,veh_type_cond_1,veh_type_cond_2,lum_code,agg_code,int_code,atm_code,col_code
200600081558,0006-05-16 14:30:00,6,5,16,14,30,972,209,"1, MARNE (BOULEVARD DE L",,,Plein jour,En agglomération,Hors intersection,Normale,Sans collision,,,,,,,,,,,1,2,1,1,7
200600081559,0006-05-17 14:36:00,6,5,17,14,36,972,209,"0, ALLEGRE (BOULEVARD)",,,Plein jour,En agglomération,Hors intersection,Normale,Sans collision,,,,,,,,,,,1,2,1,1,7
200600081560,0006-05-18 13:20:00,6,5,18,13,20,972,209,"0, SALVATOR ALLENDE (AVE",,,Plein jour,En agglomération,Hors intersection,Normale,Deux véhicules - côté,,,,,,,,,,,1,2,1,1,3
200600081561,0006-05-18 17:50:00,6,5,18,17,50,972,209,"0, CHATEAUBOEUF (ROUTE D",,,Nuit avec éclairage non allumé,En agglomération,Hors intersection,Normale,Autre collision,,,,,,,,,,,4,2,1,1,6
200600081562,0006-05-20 11:40:00,6,5,20,11,40,972,209,"0, BALATA (ROUTE DE)",,,Plein jour,En agglomération,Hors intersection,Normale,Sans collision,,,,,,,,,,,1,2,1,1,7
200600081563,0006-05-20 13:00:00,6,5,20,13,0,972,209,"0, BRIANT (ENTREE DE)",,,Plein jour,En agglomération,Hors intersection,Normale,Sans collision,,,,,,,,,,,1,2,1,1,7
200600081564,0006-05-20 14:49:00,6,5,20,14,49,972,209,"16 BIS, PLATEAU (RUE DU)",,,Plein jour,En agglomération,Hors intersection,Normale,Autre collision,,,,,,,,,,,1,2,1,1,6
200600081565,0006-05-21 02:40:00,6,5,21,2,40,972,209,"0, MAURICE BISHOP (RUE)",,,Nuit avec éclairage allumé,En agglomération,Hors intersection,Normale,Sans collision,,,,,,,,,,,5,2,1,1,7
200600081566,0006-05-21 18:15:00,6,5,21,18,15,972,209,"69, RAVINE VILAINE (CHEM",,,Crépuscule ou aube,En agglomération,Hors intersection,Normale,Autre collision,,,,,,,,,,,2,2,1,1,6
200600081567,0006-05-21 20:15:00,6,5,21,20,15,972,209,"0, DOROTHY (ROUTE DE)",,,Nuit avec éclairage non allumé,En agglomération,Hors intersection,Normale,Autre collision,,,,,,,,,,,4,2,1,1,6
200600081568,0006-05-21 22:58:00,6,5,21,22,58,972,209,"0, ROBERT ATTULY (BOULEV",,,Nuit avec éclairage allumé,En agglomération,Hors intersection,Normale,Deux véhicules - côté,,,,,,,,,,,5,2,1,1,3
200600081569,0006-05-20 21:53:00,6,5,20,21,53,972,209,"0, MAURICE BISHOP (RUE)",,,Nuit avec éclairage allumé,En agglomération,Hors intersection,Normale,Autre collision,,,,,,,,,,,5,2,1,1,6
200600081570,0006-05-25 00:01:00,6,5,25,0,1,972,209,"0, CREMIEUX (RUE)",,,Nuit avec éclairage non allumé,En agglomération,Hors intersection,Normale,Autre collision,,,,,,,,,,,4,2,1,1,6
200600081571,0006-05-25 08:45:00,6,5,25,8,45,972,209,"1, CHATEAUBOEUF (ROUTE D",,,Plein jour,En agglomération,Hors intersection,Normale,Autre collision,,,,,,,,,,,1,2,1,1,6
200600081572,0006-05-26 08:20:00,6,5,26,8,20,972,209,"22, RD 41 (ROCADE)",,,Plein jour,En agglomération,Hors intersection,Normale,Deux véhicules - arrière,,,,,,,,,,,1,2,1,1,2
200600081573,0006-05-28 03:21:00,6,5,28,3,21,972,209,"1, LAZARE CARNOT (RUE)",,,Nuit avec éclairage non allumé,En agglomération,Hors intersection,Normale,Deux véhicules - côté,,,,,,,,,,,4,2,1,1,3
200600081574,0006-05-28 13:25:00,6,5,28,13,25,972,209,"1, CALVAIRE (RUE DU)",,,Plein jour,En agglomération,Hors intersection,Normale,Autre collision,,,,,,,,,,,1,2,1,1,6
200600081575,0006-05-24 10:55:00,6,5,24,10,55,972,209,"1, LIBERTE (RUE DE LA)",,,Plein jour,En agglomération,Hors intersection,Normale,Deux véhicules - côté,,,,,,,,,,,1,2,1,1,3
200600081576,0006-05-29 14:20:00,6,5,29,14,20,972,209,"1, ROBERT ATTULY (BOULEV",,,Plein jour,En agglomération,Hors intersection,Normale,Deux véhicules - côté,,,,,,,,,,,1,2,1,1,3
200600081577,0006-05-30 07:23:00,6,5,30,7,23,972,209,"1, PROFESSEUR RAYMOND GA",,,Plein jour,En agglomération,Hors intersection,Normale,Deux véhicules - arrière,,,,,,,,,,,1,2,1,1,2
200600081578,0006-05-31 07:50:00,6,5,31,7,50,972,209,"1, BALATA (ROUTE DE)",,,Plein jour,En agglomération,Hors intersection,Normale,Deux véhicules - côté,,,,,,,,,,,1,2,1,1,3
200600081579,0006-05-01 07:35:00,6,5,1,7,35,973,302,MADELEINE (ROUTE DE LA),,,Plein jour,En agglomération,Hors intersection,Normale,Deux véhicules - arrière,,,,,,,,,,,1,2,1,1,2
200600081580,0006-05-05 09:44:00,6,5,5,9,44,973,302,EAU-LISETTE (CITE),,,Plein jour,En agglomération,Hors intersection,Normale,Deux véhicules - côté,,,,,,,,,,,1,2,1,1,3
200600081581,0006-05-05 06:05:00,6,5,5,6,5,973,302,Route de Raban,,,Plein jour,En agglomération,Hors intersection,Normale,Autre collision,,,,,,,,,,,1,2,1,1,6
200600081582,0006-05-10 11:20:00,6,5,10,11,20,973,302,ORCHIDEES (LOTISSEMENT),,,Plein jour,En agglomération,Hors intersection,Normale,Deux véhicules - frontale,,,,,,,,,,,1,2,1,1,1
200600081583,0006-05-02 20:50:00,6,5,2,20,50,973,302,MONTABO (ROUTE DE) 1,,,Nuit sans éclairage public,En agglomération,Hors intersection,Pluie forte,Deux véhicules - arrière,,,,,,,,,,,3,2,1,3,2
200600081584,0006-05-09 09:05:00,6,5,9,9,5,973,302,MONTABO (ROUTE DE) 4,,,Plein jour,En agglomération,Hors intersection,Pluie légère,Deux véhicules - arrière,,,,,,,,,,,1,2,1,2,2
200600081585,0006-05-03 09:15:00,6,5,3,9,15,973,302,MONTABO (ROUTE DE) 3,,,Plein jour,En agglomération,Hors intersection,Normale,Sans collision,,,,,,,,,,,1,2,1,1,7
200600081586,0006-05-09 09:50:00,6,5,9,9,50,973,302,GALMOT (AVENUE),,,Plein jour,En agglomération,Hors intersection,Pluie légère,Autre collision,,,,,,,,,,,1,2,1,2,6
200600081587,0006-05-09 09:00:00,6,5,9,9,0,973,302,MADELEINE (ROUTE DE LA),,,Plein jour,En agglomération,Hors intersection,Normale,Deux véhicules - frontale,,,,,,,,,,,1,2,1,1,1
200600081588,0006-05-09 13:27:00,6,5,9,13,27,973,302,CARREFOUR SUZINI,,,Plein jour,En agglomération,Hors intersection,Normale,Trois véhicules et plus - en chaîne,,,,,,,,,,,1,2,1,1,4
200600081589,0006-05-03 16:35:00,6,5,3,16,35,973,302,ROND POINT MADELEINE,,,Plein jour,En agglomération,Hors intersection,Normale,Deux véhicules - côté,,,,,,,,,,,1,2,1,1,3
200600081590,0006-05-04 08:11:00,6,5,4,8,11,973,302,MADELEINE (ROUTE DE LA),,,Plein jour,Hors agglomération,Hors intersection,Normale,Deux véhicules - arrière,,,,,,,,,,,1,1,1,1,2
200600081591,0006-05-10 07:10:00,6,5,10,7,10,973,302,MONTABO (ROUTE DE) 1,,,Plein jour,En agglomération,Hors intersection,Pluie légère,Trois véhicules et plus - en chaîne,,,,,,,,,,,1,2,1,2,4
200600081592,0006-05-04 21:50:00,6,5,4,21,50,973,302,MANGO (ROUTE),,,Nuit avec éclairage allumé,En agglomération,Intersection en T,Normale,Autre collision,,,,,,,,,,,5,2,3,1,6
200600081593,0006-05-11 07:10:00,6,5,11,7,10,973,302,SCHOELCHER,,,Plein jour,En agglomération,Intersection en X,Pluie légère,Deux véhicules - côté,,,,,,,,,,,1,2,2,2,3
200600081594,0006-05-11 17:30:00,6,5,11,17,30,973,302,MONTABO (ROUTE DE) 2,,,Plein jour,En agglomération,Hors intersection,Normale,Deux véhicules - arrière,,,,,,,,,,,1,2,1,1,2
200600081595,0006-05-04 16:39:00,6,5,4,16,39,973,302,BONHOMME (CITE),,,Plein jour,En agglomération,Hors intersection,Pluie légère,Deux véhicules - côté,,,,,,,,,,,1,2,1,2,3
200600081596,0006-05-12 11:28:00,6,5,12,11,28,973,302,BADUEL (ROUTE DE),,,Plein jour,En agglomération,Hors intersection,Normale,Deux véhicules - côté,,,,,,,,,,,1,2,1,1,3
200600081597,0006-05-13 22:21:00,6,5,13,22,21,973,302,GALMOT (ROND-POINT),,,Plein jour,En agglomération,Hors intersection,Normale,Autre collision,,,,,,,,,,,1,2,1,1,6
200600081598,0006-05-20 15:40:00,6,5,20,15,40,973,302,MADELEINE (ROUTE DE LA),,,Plein jour,En agglomération,Hors intersection,Normale,Deux véhicules - arrière,,,,,,,,,,,1,2,1,1,2
200600081599,0006-05-20 11:23:00,6,5,20,11,23,973,302,ROND POINT MADELEINE,,,Plein jour,En agglomération,Hors intersection,Normale,Autre collision,,,,,,,,,,,1,2,1,1,6
200600081600,0006-05-15 12:05:00,6,5,15,12,5,973,302,MIRZA (ROND-POINT),,,Plein jour,En agglomération,Hors intersection,Normale,Deux véhicules - côté,,,,,,,,,,,1,2,1,1,3
200600081601,0006-05-22 16:45:00,6,5,22,16,45,973,302,MONTABO (ROUTE DE) 2,,,Plein jour,En agglomération,Hors intersection,Normale,Autre collision,,,,,,,,,,,1,2,1,1,6
200600081602,0006-05-22 08:41:00,6,5,22,8,41,973,302,BADUEL (ROUTE DE),,,Plein jour,Hors agglomération,Hors intersection,Normale,Deux véhicules - côté,,,,,,,,,,,1,1,1,1,3
200600081603,0006-05-16 11:30:00,6,5,16,11,30,973,302,BADUEL (ROUTE DE),,,Plein jour,En agglomération,Hors intersection,Pluie légère,Deux véhicules - côté,,,,,,,,,,,1,2,1,2,3
200600081604,0006-05-16 11:35:00,6,5,16,11,35,973,302,KET TAI (CARREFOUR),,,Plein jour,En agglomération,Hors intersection,Pluie forte,Deux véhicules - arrière,,,,,,,,,,,1,2,1,3,2
200600081605,0006-05-22 09:31:00,6,5,22,9,31,973,302,BADUEL (ROUTE DE),,,Plein jour,Hors agglomération,Giratoire,Normale,Deux véhicules - arrière,,,,,,,,,,,1,1,6,1,2
200600081606,0006-05-28 14:15:00,6,5,28,14,15,973,302,CESAIRE (CITE),,,Plein jour,En agglomération,Hors intersection,Normale,Deux véhicules - frontale,,,,,,,,,,,1,2,1,1,1
200600081607,0006-05-29 08:13:00,6,5,29,8,13,973,302,CALIMBE (LOTISSEMENT),,,Crépuscule ou aube,En agglomération,Hors intersection,Normale,Deux véhicules - arrière,,,,,,,,,,,2,2,1,1,2
200600081608,0006-05-27 05:10:00,6,5,27,5,10,973,302,CARREFOUR SUZINI,,,Crépuscule ou aube,Hors agglomération,Hors intersection,Pluie légère,Deux véhicules - côté,,,,,,,,,,,2,1,1,2,3
200600081609,0006-05-24 19:10:00,6,5,24,19,10,973,302,BADUEL (ROUTE DE),,,Nuit avec éclairage allumé,En agglomération,Hors intersection,Normale,Deux véhicules - côté,,,,,,,,,,,5,2,1,1,3
200600081610,0006-05-24 07:00:00,6,5,24,7,0,973,302,ESTREES (AVENUE D'),,,Plein jour,En agglomération,Hors intersection,Normale,Autre collision,,,,,,,,,,,1,2,1,1,6
200600081611,0006-05-29 14:50:00,6,5,29,14,50,973,302,JUBELIN (BOULEVARD),,,Plein jour,En agglomération,Intersection en T,Pluie légère,Deux véhicules - arrière,,,,,,,,,,,1,2,3,2,2
200600081612,0006-05-29 08:05:00,6,5,29,8,5,973,302,BADUEL (ROUTE DE),,,Plein jour,En agglomération,Hors intersection,Pluie légère,Deux véhicules - côté,,,,,,,,,,,1,2,1,2,3
200600081613,0006-05-24 07:44:00,6,5,24,7,44,973,302,REPUBLIQUE (BD DE LA),,,Plein jour,En agglomération,Hors intersection,Normale,Autre collision,,,,,,,,,,,1,2,1,1,6
200600081614,0006-05-24 15:48:00,6,5,24,15,48,973,302,MADELEINE (ROUTE DE LA),,,Plein jour,En agglomération,Hors intersection,Normale,Deux véhicules - côté,,,,,,,,,,,1,2,1,1,3
200600081615,0006-05-26 19:45:00,6,5,26,19,45,973,302,TIGRE (ROUTE DU),,,Nuit avec éclairage allumé,En agglomération,Intersection en T,Temps couvert,Deux véhicules - frontale,,,,,,,,,,,5,2,3,8,1
200600081616,0006-05-28 20:41:00,6,5,28,20,41,973,302,REPUBLIQUE (BD DE LA),,,Nuit avec éclairage allumé,En agglomération,Hors intersection,Pluie légère,Deux véhicules - côté,,,,,,,,,,,5,2,1,2,3
200600081617,0006-05-28 06:40:00,6,5,28,6,40,973,302,SOURCE DE BADUEL (CHEMIN,,,Plein jour,Hors agglomération,Hors intersection,Normale,Deux véhicules - arrière,,,,,,,,,,,1,1,1,1,2
200600081618,0006-05-18 20:50:00,6,5,18,20,50,973,302,EBOUE (FELIX),,,Nuit avec éclairage allumé,En agglomération,Hors intersection,Normale,Autre collision,,,,,,,,,,,5,2,1,1,6
200600081619,0006-05-16 08:35:00,6,5,16,8,35,973,302,AMUSANT (PAUL),,,Plein jour,En agglomération,Intersection en T,Normale,Deux véhicules - côté,,,,,,,,,,,1,2,3,1,3
200600081620,0006-05-12 14:45:00,6,5,12,14,45,973,302,CHARLERY (GUSTAVE),,,Plein jour,En agglomération,Hors intersection,Normale,Autre collision,,,,,,,,,,,1,2,1,1,6
200600081621,0006-05-23 12:24:00,6,5,23,12,24,973,302,TROUBIRAN (CHEMIN DE),,,Plein jour,Hors agglomération,Hors intersection,Normale,Deux véhicules - côté,,,,,,,,,,,1,1,1,1,3
200600081622,0006-05-26 12:09:00,6,5,26,12,9,973,302,CHATENAY (CITE),,,Plein jour,Hors agglomération,Intersection en X,Normale,Autre collision,,,,,,,,,,,1,1,2,1,6
200600081623,0006-05-26 14:35:00,6,5,26,14,35,973,302,TARZAN (PISTE),,,Plein jour,Hors agglomération,Hors intersection,Normale,Deux véhicules - côté,,,,,,,,,,,1,1,1,1,3
200600081624,0006-05-24 17:50:00,6,5,24,17,50,973,302,PREVOT (ERNEST),,,Nuit avec éclairage allumé,En agglomération,Hors intersection,Normale,Autre collision,,,,,,,,,,,5,2,1,1,6
200600081625,0006-05-23 08:12:00,6,5,23,8,12,973,302,ABOLITION DE L'ESCLAVAGE,,,Plein jour,En agglomération,Hors intersection,Pluie légère,Autre collision,,,,,,,,,,,1,2,1,2,6
200600081626,0006-05-16 12:12:00,6,5,16,12,12,973,302,MONTABO (ROUTE DE) 2,,,Plein jour,Hors agglomération,Hors intersection,Pluie forte,Deux véhicules - côté,,,,,,,,,,,1,1,1,3,3
200600081627,0006-05-04 16:50:00,6,5,4,16,50,974,407,TAMATAVE (BOULEVARD),,,Plein jour,En agglomération,Hors intersection,Normale,Deux véhicules - côté,,,,,,,,,,,1,2,1,1,3
200600081628,0006-05-05 12:20:00,6,5,5,12,20,974,407,"48, COMMUNE DE PARIS (AV",,,Plein jour,En agglomération,Hors intersection,Normale,Autre collision,,,,,,,,,,,1,2,1,1,6
200600081629,0006-05-13 07:20:00,6,5,13,7,20,974,407,ROUTE NATIONALE N° 1,,,Plein jour,En agglomération,Hors intersection,Pluie légère,Autre collision,,,,,,,,,,,1,2,1,2,6
200600081630,0006-05-13 18:05:00,6,5,13,18,5,974,407,CARPAYE(AVENUE),,,Crépuscule ou aube,En agglomération,Hors intersection,Normale,Autre collision,,,,,,,,,,,2,2,1,1,6
200600081631,0006-05-13 19:30:00,6,5,13,19,30,974,407,ROUTE NATIONALE N° 1,,,Nuit sans éclairage public,En agglomération,Hors intersection,Pluie forte,Deux véhicules - arrière,,,,,,,,,,,3,2,1,3,2
200600081632,0006-05-28 03:00:00,6,5,28,3,0,974,407,MAFATE(ALLEE),,,Nuit sans éclairage public,En agglomération,Intersection en T,Normale,Deux véhicules - côté,,,,,,,,,,,3,2,3,1,3
200600081633,0006-05-29 08:02:00,6,5,29,8,2,974,407,ROUTE NATIONALE N° 1,,,Plein jour,En agglomération,Hors intersection,Normale,Deux véhicules - côté,,,,,,,,,,,1,2,1,1,3
200600081634,0006-05-29 09:07:00,6,5,29,9,7,974,407,ROUTE NATIONALE N° 1,,,Plein jour,En agglomération,Hors intersection,Normale,Sans collision,,,,,,,,,,,1,2,1,1,7
200600081635,0006-05-31 15:30:00,6,5,31,15,30,974,407,BOUVET (AVENUE),,,Plein jour,En agglomération,Hors intersection,Normale,Deux véhicules - côté,,,,,,,,,,,1,2,1,1,3
200600081636,0006-05-19 06:40:00,6,5,19,6,40,974,410,RTE DE DEVIATION STB1,,,Nuit avec éclairage non allumé,Hors agglomération,Hors intersection,Normale,Autre collision,,,,,,,,,,,4,1,1,1,6
200600081637,0006-05-07 18:05:00,6,5,7,18,5,974,410,RTE DE DEVIATION STB4,,,Crépuscule ou aube,Hors agglomération,Hors intersection,Normale,Deux véhicules - côté,,,,,,,,,,,2,1,1,1,3
200600081638,0006-05-02 19:25:00,6,5,2,19,25,974,411,KARTING (DU),,,Nuit sans éclairage public,Hors agglomération,Hors intersection,Normale,Deux véhicules - frontale,,,,,,,,,,,3,1,1,1,1
200600081639,0006-05-05 15:30:00,6,5,5,15,30,974,411,LITTORAL (ROUTE 1 DU),,,Plein jour,Hors agglomération,Hors intersection,Normale,Deux véhicules - arrière,,,,,,,,,,,1,1,1,1,2
200600081640,0006-05-15 10:15:00,6,5,15,10,15,974,411,CHATEL (JEAN),,,Plein jour,En agglomération,Intersection en X,Normale,Deux véhicules - côté,,,,,,,,,,,1,2,2,1,3
200600081641,0006-05-17 10:15:00,6,5,17,10,15,974,411,PISCINE (RUE DE LA),,,Plein jour,En agglomération,Hors intersection,Normale,Deux véhicules - arrière,,,,,,,,,,,1,2,1,1,2
200600081642,0006-05-11 11:30:00,6,5,11,11,30,974,411,LATTRE DE TASSIGNY (AVEN,,,Plein jour,En agglomération,Hors intersection,Normale,Autre collision,,,,,,,,,,,1,2,1,1,6
200600081643,0006-05-17 07:40:00,6,5,17,7,40,974,411,"1, DEUX CANONS (DES)",,,Plein jour,En agglomération,Hors intersection,Normale,Autre collision,,,,,,,,,,,1,2,1,1,6
200600081644,0006-05-18 14:15:00,6,5,18,14,15,974,411,"15, LAHUPPE (GABRIEL)",,,Plein jour,En agglomération,Hors intersection,Normale,Autre collision,,,,,,,,,,,1,2,1,1,6
200600081645,0006-05-21 15:25:00,6,5,21,15,25,974,411,"14, SABLES (RUE DE)",,,Plein jour,En agglomération,Hors intersection,Normale,Autre collision,,,,,,,,,,,1,2,1,1,6
200600081646,0006-05-24 15:38:00,6,5,24,15,38,974,411,MESSAGERIE (RUE DES),,,Plein jour,En agglomération,Hors intersection,Normale,Autre collision,,,,,,,,,,,1,2,1,1,6
200600081647,0006-05-26 09:38:00,6,5,26,9,38,974,411,"41, BANCOUL (CHEMIN)",,,Plein jour,En agglomération,Hors intersection,Normale,Deux véhicules - frontale,,,,,,,,,,,1,2,1,1,1
200600081648,0006-05-28 13:55:00,6,5,28,13,55,974,411,MACE (ROUTE GABRIEL),,,Plein jour,En agglomération,Hors intersection,Normale,Autre collision,,,,,,,,,,,1,2,1,1,6
200600081649,0006-05-29 09:00:00,6,5,29,9,0,974,411,OCEAN (BOULEVARD DE L'),,,Plein jour,En agglomération,Hors intersection,Normale,Autre collision,,,,,,,,,,,1,2,1,1,6
200600081650,0006-05-05 14:46:00,6,5,5,14,46,974,411,LATTRE DE TASSIGNY (AVEN,,,Plein jour,En agglomération,Intersection en X,Normale,Deux véhicules - côté,,,,,,,,,,,1,2,2,1,3
200600081651,0006-05-05 18:30:00,6,5,5,18,30,974,411,CAMELIAS (RUE DES),,,Crépuscule ou aube,En agglomération,Hors intersection,Normale,Autre collision,,,,,,,,,,,2,2,1,1,6
200600081652,0006-05-01 16:00:00,6,5,1,16,0,974,411,JAURES (BOULEVARD JEAN),,,Plein jour,En agglomération,Hors intersection,Normale,Deux véhicules - côté,,,,,,,,,,,1,2,1,1,3
200600081653,0006-05-01 17:30:00,6,5,1,17,30,974,411,RUISSEAU BLANC (CHEMIN D,,,Plein jour,En agglomération,Hors intersection,Pluie forte,Deux véhicules - côté,,,,,,,,,,,1,2,1,3,3
200600081654,0006-05-16 10:10:00,6,5,16,10,10,974,411,"4, LECLERC (DU MARECHAL)",,,Plein jour,En agglomération,Hors intersection,Normale,Autre collision,,,,,,,,,,,1,2,1,1,6
200600081655,0006-05-31 14:40:00,6,5,31,14,40,974,411,"1, JACINTHES (RUE DES)",,,Plein jour,En agglomération,Intersection en T,Normale,Autre collision,,,,,,,,,,,1,2,3,1,6
200600081656,0006-05-19 18:45:00,6,5,19,18,45,974,411,"2, RAMBAUD (LEOPOLD)",,,Nuit avec éclairage allumé,En agglomération,Intersection en T,Pluie légère,Autre collision,,,,,,,,,,,5,2,3,2,6
200600081657,0006-05-31 16:10:00,6,5,31,16,10,974,411,CANNELLE (CHEMIN DE LA),,,Plein jour,En agglomération,Hors intersection,Normale,Autre collision,,,,,,,,,,,1,2,1,1,6
200600081658,0006-05-27 08:13:00,6,5,27,8,13,974,411,"1, BOIS DE NEFLES (RUE D",,,Plein jour,En agglomération,Hors intersection,Normale,Autre collision,,,,,,,,,,,1,2,1,1,6
200600081659,0006-05-20 22:17:00,6,5,20,22,17,974,411,"1, LANCASTEL (BOULEVARD)",,,Nuit avec éclairage allumé,En agglomération,Hors intersection,Normale,Deux véhicules - arrière,,,,,,,,,,,5,2,1,1,2
200600081660,0006-05-18 18:05:00,6,5,18,18,5,974,411,"2, LATTRE DE TASSIGNY (A",,,Crépuscule ou aube,En agglomération,Hors intersection,Normale,Autre collision,,,,,,,,,,,2,2,1,1,6
200600081661,0006-05-31 15:30:00,6,5,31,15,30,974,411,PARIS (RUE DE),,,Plein jour,En agglomération,Place,Normale,Autre collision,,,,,,,,,,,1,2,7,1,6
200600081662,0006-05-05 13:40:00,6,5,5,13,40,974,416,PRESBYTERE(RUE),,,Plein jour,En agglomération,Hors intersection,Normale,Autre collision,,,,,,,,,,,1,2,1,1,6
200600081663,0006-05-16 17:35:00,6,5,16,17,35,974,416,FOUR A CHAUX(RUE DU),,,Plein jour,En agglomération,Intersection en T,Normale,Deux véhicules - côté,,,,,,,,,,,1,2,3,1,3
200600081664,0006-05-17 07:50:00,6,5,17,7,50,974,414,RN01,,,Plein jour,En agglomération,Hors intersection,Normale,Deux véhicules - côté,,,,,,,,,,,1,2,1,1,3
200600081665,0006-05-24 10:10:00,6,5,24,10,10,974,414,BOIS DE COULEURS (RUE),,,Plein jour,En agglomération,Intersection en T,Normale,Deux véhicules - côté,,,,,,,,,,,1,2,3,1,3
200600081666,0006-05-30 09:20:00,6,5,30,9,20,974,414,BOIS DE PRUNES (RUE),,,Plein jour,En agglomération,Intersection en T,Normale,Deux véhicules - côté,,,,,,,,,,,1,2,3,1,3
200600081667,0006-06-16 16:15:00,6,6,16,16,15,972,229,Lieu-dit Enclos,,,Plein jour,En agglomération,Hors intersection,Normale,Sans collision,,,,,,,,,,,1,2,1,1,7
200600081668,0006-06-17 21:40:00,6,6,17,21,40,972,229,01 rue Vincent PLACOLY,,,Nuit avec éclairage allumé,En agglomération,Hors intersection,Normale,Deux véhicules - frontale,,,,,,,,,,,5,2,1,1,1
200600081669,0006-06-16 13:45:00,6,6,16,13,45,972,224,RD 13A,,,Plein jour,Hors agglomération,Hors intersection,Normale,Deux véhicules - côté,,,,,,,,,,,1,1,1,1,3
200600081670,0006-06-11 01:45:00,6,6,11,1,45,972,207,,,,Nuit sans éclairage public,Hors agglomération,Hors intersection,Normale,Deux véhicules - frontale,,,,,,,,,,,3,1,1,1,1
200600081671,0006-06-25 00:01:00,6,6,25,0,1,972,223,,,,Nuit avec éclairage allumé,Hors agglomération,Hors intersection,Normale,Sans collision,,,,,,,,,,,5,1,1,1,7
200600081672,0006-06-17 01:25:00,6,6,17,1,25,972,217,Pointe Borgnèse,,,Nuit sans éclairage public,Hors agglomération,Hors intersection,Pluie légère,Deux véhicules - frontale,,,,,,,,,,,3,1,1,2,1
200600081673,0006-06-27 17:30:00,6,6,27,17,30,972,220,,,,Plein jour,Hors agglomération,Hors intersection,Normale,Autre collision,,,,,,,,,,,1,1,1,1,6
200600081674,0006-06-07 14:15:00,6,6,7,14,15,972,232,,,,Plein jour,Hors agglomération,Hors intersection,Normale,Deux véhicules - frontale,,,,,,,,,,,1,1,1,1,1
200600081675,0006-06-25 04:00:00,6,6,25,4,0,972,221,,,,Crépuscule ou aube,Hors agglomération,Hors intersection,Normale,Deux véhicules - frontale,,,,,,,,,,,2,1,1,1,1
200600081676,0006-06-18 07:20:00,6,6,18,7,20,972,230,Zac du Bac,,,Plein jour,Hors agglomération,Hors intersection,Normale,Trois véhicules et plus - collisions multiples,,,,,,,,,,,1,1,1,1,5
200600081677,0006-06-26 15:45:00,6,6,26,15,45,972,230,RN1 Desmarinière -,,,Plein jour,Hors agglomération,Hors intersection,Normale,Deux véhicules - frontale,,,,,,,,,,,1,1,1,1,1
200600081678,0006-06-08 16:10:00,6,6,8,16,10,972,228,"la philippe, RN 1",,,Plein jour,Hors agglomération,Hors intersection,Normale,Deux véhicules - frontale,,,,,,,,,,,1,1,1,1,1
200600081679,0006-06-08 13:50:00,6,6,8,13,50,972,228,Fond St Jacques,,,Plein jour,Hors agglomération,Hors intersection,Normale,Deux véhicules - frontale,,,,,,,,,,,1,1,1,1,1
200600081680,0006-06-21 19:30:00,6,6,21,19,30,972,228,Rue de la Liberté,,,Nuit avec éclairage allumé,En agglomération,Hors intersection,Normale,Deux véhicules - côté,,,,,,,,,,,5,2,1,1,3
200600081681,0006-06-27 15:15:00,6,6,27,15,15,972,228,RN 1,,,Plein jour,En agglomération,Hors intersection,Normale,Trois véhicules et plus - collisions multiples,,,,,,,,,,,1,2,1,1,5
200600081682,0006-06-18 17:45:00,6,6,18,17,45,972,216,N° 66 route principale,,,Plein jour,En agglomération,Hors intersection,Normale,Autre collision,,,,,,,,,,,1,2,1,1,6
200600081683,0006-06-15 08:10:00,6,6,15,8,10,971,134,GERY,,,Plein jour,Hors agglomération,Hors intersection,Normale,Autre collision,,,,,,,,,,,1,1,1,1,6
200600081684,0006-06-26 16:00:00,6,6,26,16,0,971,121,,,,Nuit sans éclairage public,Hors agglomération,Hors intersection,Normale,Deux véhicules - frontale,,,,,,,,,,,3,1,1,1,1
200600081685,0006-06-03 21:30:00,6,6,3,21,30,971,111,Section Cafière,,,Nuit sans éclairage public,En agglomération,Hors intersection,Normale,Autre collision,,,,,,,,,,,3,2,1,1,6
200600081686,0006-06-21 16:30:00,6,6,21,16,30,971,132,,,,Plein jour,Hors agglomération,Hors intersection,Pluie forte,Deux véhicules - frontale,,,,,,,,,,,1,1,1,3,1
200600081687,0006-06-14 11:30:00,6,6,14,11,30,971,107,Sainte Marie,,,Plein jour,En agglomération,Hors intersection,Normale,Autre collision,,,,,,,,,,,1,2,1,1,6
200600081688,0006-06-17 17:00:00,6,6,17,17,0,971,123,"St Jean, CD209",,,Plein jour,En agglomération,Hors intersection,Normale,Deux véhicules - côté,,,,,,,,,,,1,2,1,1,3
200600081689,0006-06-19 12:30:00,6,6,19,12,30,971,118,,,,Plein jour,Hors agglomération,Hors intersection,Normale,Autre collision,,,,,,,,,,,1,1,1,1,6
200600081690,0006-06-27 06:00:00,6,6,27,6,0,971,118,,,,Plein jour,Hors agglomération,Hors intersection,Pluie forte,Deux véhicules - arrière,,,,,,,,,,,1,1,1,3,2
200600081691,0006-06-03 19:00:00,6,6,3,19,0,971,129,"e laurette, morne rouge",,,Nuit sans éclairage public,Hors agglomération,Hors intersection,Normale,Autre collision,,,,,,,,,,,3,1,1,1,6