accident_id,datetime,annee,mois,jour,heure,minute,departement,commune_insee,adresse,latitude,longitude,luminosite,agglomeration,intersection,meteo,collision,nb_vehicules,nb_usagers,nb_indemnes,nb_tues,nb_blesses_hosp,nb_blesses_legers,age_cond_1,age_cond_2,veh_type_cond_1,veh_type_cond_2,lum_code,agg_code,int_code,atm_code,col_code
200600082059,0006-07-12 17:30:00,6,7,12,17,30,971,108,,,,Plein jour,Hors agglomération,Hors intersection,Normale,Sans collision,,,,,,,,,,,1,1,1,1,7
200600082060,0006-07-30 15:15:00,6,7,30,15,15,971,110,Section BAIE MAHAULT,,,Plein jour,Hors agglomération,Hors intersection,Normale,Sans collision,,,,,,,,,,,1,1,1,1,7
200600082061,0006-07-08 11:45:00,6,7,8,11,45,971,117,Rocade sergent,,,Plein jour,En agglomération,Intersection en X,Normale,Autre collision,,,,,,,,,,,1,2,2,1,6
200600082062,0006-07-17 08:45:00,6,7,17,8,45,971,102,Route Nationale 8,,,Plein jour,Hors agglomération,Hors intersection,Normale,Deux véhicules - frontale,,,,,,,,,,,1,1,1,1,1
200600082063,0006-07-16 00:30:00,6,7,16,0,30,971,128,Route de Maudette,,,Nuit sans éclairage public,Hors agglomération,Hors intersection,Normale,Autre collision,,,,,,,,,,,3,1,1,1,6
200600082064,0006-07-15 20:30:00,6,7,15,20,30,971,128,Section Durivage - RN 4,,,Nuit avec éclairage allumé,En agglomération,Hors intersection,Normale,Deux véhicules - côté,,,,,,,,,,,5,2,1,1,3
200600082065,0006-07-21 17:30:00,6,7,21,17,30,971,128,,,,Plein jour,Hors agglomération,Hors intersection,Normale,Deux véhicules - frontale,,,,,,,,,,,1,1,1,1,1
200600082066,0006-07-17 17:55:00,6,7,17,17,55,971,116,Section Rousseau,,,Plein jour,En agglomération,Hors intersection,Normale,Deux véhicules - frontale,,,,,,,,,,,1,2,1,1,1
200600082067,0006-07-08 19:30:00,6,7,8,19,30,973,307,,,,Nuit sans éclairage public,Hors agglomération,Hors intersection,Normale,Deux véhicules - arrière,,,,,,,,,,,3,1,1,1,2
200600082068,0006-07-22 19:15:00,6,7,22,19,15,973,307,,,,Nuit sans éclairage public,Hors agglomération,Hors intersection,Pluie forte,Deux véhicules - côté,,,,,,,,,,,3,1,1,3,3
200600082069,0006-07-07 11:15:00,6,7,7,11,15,973,303,,,,Plein jour,Hors agglomération,Hors intersection,Normale,Sans collision,,,,,,,,,,,1,1,1,1,7
200600082070,0006-07-11 13:00:00,6,7,11,13,0,973,311,Avenue marne/rue du port,,,Plein jour,En agglomération,Intersection en X,Normale,Deux véhicules - frontale,,,,,,,,,,,1,2,2,1,1
200600082071,0006-07-16 02:30:00,6,7,16,2,30,973,306,ection de ST LAURENT DU,,,Nuit sans éclairage public,Hors agglomération,Hors intersection,Normale,Sans collision,,,,,,,,,,,3,1,1,1,7
200600082072,0006-07-10 18:00:00,6,7,10,18,0,974,418,,,,Crépuscule ou aube,Hors agglomération,Hors intersection,Normale,Deux véhicules - côté,,,,,,,,,,,2,1,1,1,3
200600082073,0006-07-13 02:30:00,6,7,13,2,30,974,418,,,,Nuit sans éclairage public,Hors agglomération,Hors intersection,Pluie légère,Sans collision,,,,,,,,,,,3,1,1,2,7
200600082074,0006-07-18 21:30:00,6,7,18,21,30,974,418,la convenance,,,Nuit sans éclairage public,En agglomération,Hors intersection,Pluie légère,Sans collision,,,,,,,,,,,3,2,1,2,7
200600082075,0006-07-10 19:00:00,6,7,10,19,0,974,409,,,,Nuit sans éclairage public,Hors agglomération,Autre intersection,Normale,Trois véhicules et plus - collisions multiples,,,,,,,,,,,3,1,9,1,5
200600082076,0006-07-17 11:35:00,6,7,17,11,35,974,419,oute nationale 2 - PK 76,,,Plein jour,Hors agglomération,Hors intersection,Pluie légère,Deux véhicules - côté,,,,,,,,,,,1,1,1,2,3
200600082077,0006-07-08 17:45:00,6,7,8,17,45,974,421,Mare à Poules d'Eau,,,Plein jour,En agglomération,Intersection en T,Normale,Deux véhicules - côté,,,,,,,,,,,1,2,3,1,3
200600082078,0006-07-15 04:15:00,6,7,15,4,15,974,415,bretelle accès RN.1 - ru,,,Nuit sans éclairage public,En agglomération,Intersection en X,Normale,Trois véhicules et plus - collisions multiples,,,,,,,,,,,3,2,2,1,5
200600082079,0006-07-04 16:00:00,6,7,4,16,0,974,415,RUE NEHOUA,,,Plein jour,En agglomération,Hors intersection,Normale,Deux véhicules - côté,,,,,,,,,,,1,2,1,1,3
200600082080,0006-07-17 11:00:00,6,7,17,11,0,974,415,le - ST GILLES LES HAUTS,,,Plein jour,Hors agglomération,Intersection en X,Normale,Deux véhicules - frontale,,,,,,,,,,,1,1,2,1,1
200600082081,0006-07-23 19:45:00,6,7,23,19,45,974,415,Carrefour CD 4 et CD 101,,,Nuit sans éclairage public,Hors agglomération,Intersection en X,Normale,Deux véhicules - côté,,,,,,,,,,,3,1,2,1,3
200600082082,0006-07-24 18:30:00,6,7,24,18,30,974,415,Rue JOSEPH HUBERT,,,Nuit sans éclairage public,En agglomération,Hors intersection,Normale,Autre collision,,,,,,,,,,,3,2,1,1,6
200600082083,0006-07-01 17:30:00,6,7,1,17,30,974,404,Route des Canots,,,Plein jour,En agglomération,Hors intersection,Normale,Deux véhicules - côté,,,,,,,,,,,1,2,1,1,3
200600082084,0006-07-17 17:45:00,6,7,17,17,45,974,401,te des Vacoas PK 4 + 200,,,Crépuscule ou aube,Hors agglomération,Hors intersection,Normale,Deux véhicules - frontale,,,,,,,,,,,2,1,1,1,1
200600082085,0006-07-11 21:00:00,6,7,11,21,0,974,423,,,,Nuit sans éclairage public,Hors agglomération,Hors intersection,Normale,Deux véhicules - frontale,,,,,,,,,,,3,1,1,1,1
200600082086,0006-07-26 10:30:00,6,7,26,10,30,974,413,ruelle de la Mairie,,,Plein jour,En agglomération,Hors intersection,Normale,Autre collision,,,,,,,,,,,1,2,1,1,6
200600082087,0006-07-24 15:00:00,6,7,24,15,0,974,414,RN 5,,,Plein jour,En agglomération,Hors intersection,Normale,Deux véhicules - frontale,,,,,,,,,,,1,2,1,1,1
200600082088,0006-07-30 11:45:00,6,7,30,11,45,974,414,Rue Evariste de Parny,,,Plein jour,En agglomération,Hors intersection,Normale,Autre collision,,,,,,,,,,,1,2,1,1,6
200600082089,0006-07-22 22:00:00,6,7,22,22,0,974,424,chemin saul - BRAS SEC,,,Nuit avec éclairage allumé,En agglomération,Hors intersection,Normale,Autre collision,,,,,,,,,,,5,2,1,1,6
200600082090,0006-07-25 11:45:00,6,7,25,11,45,974,412,,,,Plein jour,Hors agglomération,Hors intersection,Normale,Deux véhicules - arrière,,,,,,,,,,,1,1,1,1,2
200600082091,0006-07-28 23:15:00,6,7,28,23,15,974,412,,,,Nuit sans éclairage public,Hors agglomération,Hors intersection,Normale,Sans collision,,,,,,,,,,,3,1,1,1,7
200600082092,0006-07-10 07:45:00,6,7,10,7,45,974,417,RN2 Baril/R 10 mai 1981,,,Plein jour,En agglomération,Hors intersection,Pluie forte,Deux véhicules - arrière,,,,,,,,,,,1,2,1,3,2
200600082093,0006-07-18 13:30:00,6,7,18,13,30,974,417,ieu-dit pointe de la tab,,,Plein jour,Hors agglomération,Hors intersection,Pluie forte,Autre collision,,,,,,,,,,,1,1,1,3,6
200600082123,0006-07-24 08:15:00,6,7,24,8,15,971,103,CV 4,,,Plein jour,Hors agglomération,Hors intersection,Normale,Deux véhicules - frontale,,,,,,,,,,,1,1,1,1,1
200600082128,0006-07-22 19:15:00,6,7,22,19,15,973,309,rue Gaston Monnerville,,,Nuit avec éclairage allumé,En agglomération,Hors intersection,Pluie forte,Deux véhicules - frontale,,,,,,,,,,,5,2,1,3,1
200600082129,0006-07-22 05:30:00,6,7,22,5,30,973,309,de Montjoly RD1 - PK 6.2,,,Nuit avec éclairage allumé,En agglomération,Hors intersection,Normale,Autre collision,,,,,,,,,,,5,2,1,1,6
200600082130,0006-07-17 11:10:00,6,7,17,11,10,974,413,RN 1  Le soufleur,,,Plein jour,Hors agglomération,Hors intersection,Normale,Trois véhicules et plus - collisions multiples,,,,,,,,,,,1,1,1,1,5
200600082131,0006-07-18 23:00:00,6,7,18,23,0,974,413,,,,Nuit sans éclairage public,Hors agglomération,Hors intersection,Normale,Autre collision,,,,,,,,,,,3,1,1,1,6
200600082134,0006-07-30 18:45:00,6,7,30,18,45,971,127,,,,Crépuscule ou aube,Hors agglomération,Hors intersection,Normale,Autre collision,,,,,,,,,,,2,1,1,1,6
200600082135,0006-07-12 06:45:00,6,7,12,6,45,973,304,Avenue de France,,,Plein jour,En agglomération,Hors intersection,Temps couvert,Deux véhicules - frontale,,,,,,,,,,,1,2,1,8,1
200600082136,0006-07-10 13:30:00,6,7,10,13,30,974,418,rue Luc Donat,,,Plein jour,En agglomération,Hors intersection,Normale,Deux véhicules - côté,,,,,,,,,,,1,2,1,1,3
200600082137,0006-07-09 07:40:00,6,7,9,7,40,972,227,"lieu dit ""CERON""",,,Crépuscule ou aube,Hors agglomération,Hors intersection,Normale,Autre collision,,,,,,,,,,,2,1,1,1,6
200600082138,0006-07-11 15:00:00,6,7,11,15,0,972,227,RUE SCHOELCHER,,,Plein jour,En agglomération,Hors intersection,Normale,Sans collision,,,,,,,,,,,1,2,1,1,7
200600082139,0006-07-26 01:30:00,6,7,26,1,30,972,217,pointe borgnese,,,Nuit sans éclairage public,Hors agglomération,Hors intersection,Normale,Autre collision,,,,,,,,,,,3,1,1,1,6
200600082140,0006-07-08 03:00:00,6,7,8,3,0,974,416,EX RN2,,,Nuit sans éclairage public,En agglomération,Hors intersection,Normale,Sans collision,,,,,,,,,,,3,2,1,1,7
200600082141,0006-07-22 23:30:00,6,7,22,23,30,974,416,,,,Nuit sans éclairage public,Hors agglomération,Hors intersection,Pluie légère,Trois véhicules et plus - collisions multiples,,,,,,,,,,,3,1,1,2,5
200600082142,0006-07-08 12:45:00,6,7,8,12,45,974,451,chemion Diagonale,,,Plein jour,En agglomération,Hors intersection,Normale,Autre collision,,,,,,,,,,,1,2,1,1,6
200600082143,0006-07-19 22:00:00,6,7,19,22,0,974,451,rue Hyppolite Piot,,,Nuit avec éclairage allumé,En agglomération,Hors intersection,Normale,Deux véhicules - côté,,,,,,,,,,,5,2,1,1,3
200600082147,0006-06-01 01:45:00,6,6,1,1,45,974,415,,,,Nuit sans éclairage public,Hors agglomération,Hors intersection,Normale,Autre collision,,,,,,,,,,,3,1,1,1,6
200600082148,0006-07-12 11:50:00,6,7,12,11,50,971,105,GOUVERNEUR DU LYON (AVE),,,Plein jour,En agglomération,Hors intersection,Normale,Deux véhicules - arrière,,,,,,,,,,,1,2,1,1,2
200600082149,0006-07-01 23:15:00,6,7,1,23,15,971,101,"00, Frédéric JALTON",,,Nuit avec éclairage allumé,En agglomération,Intersection en T,Normale,Deux véhicules - frontale,,,,,,,,,,,5,2,3,1,1
200600082150,0006-07-03 01:00:00,6,7,3,1,0,971,113,SECTEUR DAMPIERRE,,,Nuit avec éclairage allumé,Hors agglomération,Hors intersection,Pluie légère,Deux véhicules - arrière,,,,,,,,,,,5,1,1,2,2
200600082151,0006-07-01 19:45:00,6,7,1,19,45,971,101,DUGAZON,,,Nuit avec éclairage non allumé,En agglomération,Hors intersection,Normale,Autre collision,,,,,,,,,,,4,2,1,1,6
200600082152,0006-07-09 05:45:00,6,7,9,5,45,971,113,SECTION GRANDE RAVINE,,,Crépuscule ou aube,Hors agglomération,Intersection en T,Normale,Autre collision,,,,,,,,,,,2,1,3,1,6
200600082153,0006-07-08 01:10:00,6,7,8,1,10,971,101,DUGAZON,,,Nuit avec éclairage allumé,En agglomération,Intersection en T,Normale,Deux véhicules - côté,,,,,,,,,,,5,2,3,1,3
200600082154,0006-07-08 01:36:00,6,7,8,1,36,971,113,SECTION MARE-GAILLARD,,,Nuit avec éclairage non allumé,Hors agglomération,Hors intersection,Normale,Trois véhicules et plus - en chaîne,,,,,,,,,,,4,1,1,1,4
200600082155,0006-07-18 01:47:00,6,7,18,1,47,971,113,RN4 - SECTION RIVIERA,,,Nuit avec éclairage allumé,Hors agglomération,Hors intersection,Normale,Trois véhicules et plus - collisions multiples,,,,,,,,,,,5,1,1,1,5
200600082156,0006-07-19 16:15:00,6,7,19,16,15,971,101,"RN4, CHAUVEL",,,Plein jour,Hors agglomération,Hors intersection,Normale,Autre collision,,,,,,,,,,,1,1,1,1,6
200600082157,0006-07-11 07:20:00,6,7,11,7,20,971,101,RN5-BOISRIPEAUX,,,Plein jour,En agglomération,Hors intersection,Normale,Deux véhicules - arrière,,,,,,,,,,,1,2,1,1,2
200600082158,0006-07-18 22:10:00,6,7,18,22,10,971,101,DESRAVINIERES,,,Nuit avec éclairage allumé,Hors agglomération,Hors intersection,Pluie légère,Autre collision,,,,,,,,,,,5,1,1,2,6
200600082159,0006-07-15 21:50:00,6,7,15,21,50,971,101,ROUTE DE BOISVINS,,,Nuit avec éclairage non allumé,Hors agglomération,Hors intersection,Normale,Deux véhicules - frontale,,,,,,,,,,,4,1,1,1,1
200600082160,0006-07-21 14:15:00,6,7,21,14,15,971,113,SECTEUR GRAND BOIS,,,Plein jour,Hors agglomération,Hors intersection,Normale,Autre collision,,,,,,,,,,,1,1,1,1,6
200600082161,0006-07-28 13:49:00,6,7,28,13,49,971,113,Section Port Blanc,,,Plein jour,Hors agglomération,Hors intersection,Normale,Autre collision,,,,,,,,,,,1,1,1,1,6
200600082162,0006-07-26 14:10:00,6,7,26,14,10,971,101,CENTRE COMMERCIAL ROCADE,,,Plein jour,Hors agglomération,Hors intersection,Normale,Autre collision,,,,,,,,,,,1,1,1,1,6
200600082163,0006-07-07 08:30:00,6,7,7,8,30,971,101,CHAUVEL,,,Crépuscule ou aube,Hors agglomération,Hors intersection,Pluie légère,Deux véhicules - arrière,,,,,,,,,,,2,1,1,2,2
200600082164,0006-07-12 10:17:00,6,7,12,10,17,971,113,GENERAL DE GAULLE (AVENU,,,Plein jour,En agglomération,Hors intersection,Normale,Autre collision,,,,,,,,,,,1,2,1,1,6
200600082165,0006-07-12 11:15:00,6,7,12,11,15,971,113,RN4 - SECTION RIVIERA,,,Plein jour,Hors agglomération,Hors intersection,Normale,Deux véhicules - côté,,,,,,,,,,,1,1,1,1,3
200600082166,0006-07-01 01:35:00,6,7,1,1,35,972,209,"39, MAURICE BISHOP (RUE)",,,Nuit avec éclairage allumé,En agglomération,Hors intersection,Normale,Sans collision,,,,,,,,,,,5,2,1,1,7
200600082167,0006-07-01 01:40:00,6,7,1,1,40,972,209,"0, RD 41 (ROCADE)",,,Nuit avec éclairage non allumé,Hors agglomération,Hors intersection,Normale,Autre collision,,,,,,,,,,,4,1,1,1,6
200600082168,0006-07-02 03:35:00,6,7,2,3,35,972,209,BOUILLE (RUE),,,Nuit avec éclairage non allumé,Hors agglomération,Hors intersection,Normale,Autre collision,,,,,,,,,,,4,1,1,1,6
200600082169,0006-07-02 10:05:00,6,7,2,10,5,972,209,"24, MAURICE BISHOP (RUE)",,,Plein jour,En agglomération,Hors intersection,Normale,Trois véhicules et plus - collisions multiples,,,,,,,,,,,1,2,1,1,5
200600082170,0006-07-05 10:50:00,6,7,5,10,50,972,209,"0, BALATA (ROUTE DE)",,,Plein jour,Hors agglomération,Hors intersection,Normale,Deux véhicules - frontale,,,,,,,,,,,1,1,1,1,1
200600082171,0006-07-05 14:05:00,6,7,5,14,5,972,209,"0, GLACIERE (RUE DE LA)",,,Plein jour,Hors agglomération,Hors intersection,Normale,Deux véhicules - côté,,,,,,,,,,,1,1,1,1,3
200600082172,0006-07-05 14:06:00,6,7,5,14,6,972,209,"0, MARNE (BOULEVARD DE L",,,Plein jour,En agglomération,Hors intersection,Normale,Sans collision,,,,,,,,,,,1,2,1,1,7
200600082173,0006-07-05 17:57:00,6,7,5,17,57,972,209,"30, RELIGIEUSES (ROUTE D",,,Crépuscule ou aube,Hors agglomération,Hors intersection,Normale,Sans collision,,,,,,,,,,,2,1,1,1,7
200600082174,0006-07-07 09:30:00,6,7,7,9,30,972,209,"197, MAURICE BISHOP (RUE",,,Plein jour,En agglomération,Hors intersection,Normale,Autre collision,,,,,,,,,,,1,2,1,1,6
200600082175,0006-07-10 10:40:00,6,7,10,10,40,972,209,"24, ROBERT ATTULY (BOULE",,,Plein jour,En agglomération,Hors intersection,Normale,Autre collision,,,,,,,,,,,1,2,1,1,6
200600082176,0006-07-11 12:30:00,6,7,11,12,30,972,209,"37, LEOPOLD BISCOP (BOUL",,,Plein jour,En agglomération,Hors intersection,Normale,Autre collision,,,,,,,,,,,1,2,1,1,6
200600082177,0006-07-11 17:40:00,6,7,11,17,40,972,209,"0, VERDUN (BOULEVARD DE",,,Crépuscule ou aube,En agglomération,Hors intersection,Normale,Deux véhicules - côté,,,,,,,,,,,2,2,1,1,3
200600082178,0006-07-12 10:30:00,6,7,12,10,30,972,209,"0, ERNEST DEPROGE (RUE)",,,Plein jour,En agglomération,Hors intersection,Normale,Autre collision,,,,,,,,,,,1,2,1,1,6
200600082179,0006-07-12 13:50:00,6,7,12,13,50,972,209,"0, ERNEST DEPROGE (RUE)",,,Plein jour,En agglomération,Hors intersection,Normale,Autre collision,,,,,,,,,,,1,2,1,1,6
200600082180,0006-07-12 20:15:00,6,7,12,20,15,972,209,"101, RELIGIEUSES (ROUTE",,,Nuit avec éclairage allumé,En agglomération,Hors intersection,Normale,Autre collision,,,,,,,,,,,5,2,1,1,6
200600082181,0006-07-14 10:35:00,6,7,14,10,35,972,209,"0, GENERAL DE GAULLE (BL",,,Plein jour,En agglomération,Hors intersection,Normale,Autre collision,,,,,,,,,,,1,2,1,1,6
200600082182,0006-07-14 19:50:00,6,7,14,19,50,972,209,"12, PETIT PAVOIS (RUE DU",,,Nuit avec éclairage allumé,En agglomération,Hors intersection,Normale,Autre collision,,,,,,,,,,,5,2,1,1,6
200600082183,0006-07-17 06:55:00,6,7,17,6,55,972,209,"0, CHEVALIER SAINTE-MART",,,Crépuscule ou aube,Hors agglomération,Hors intersection,Pluie forte,Sans collision,,,,,,,,,,,2,1,1,3,7
200600082184,0006-07-18 20:30:00,6,7,18,20,30,972,209,"0, CHATEAUBOEUF (ROUTE D",,,Nuit avec éclairage non allumé,Hors agglomération,Hors intersection,Normale,Deux véhicules - côté,,,,,,,,,,,4,1,1,1,3
200600082185,0006-07-19 15:30:00,6,7,19,15,30,972,209,"33, BEL HORIZON (RUE DU)",,,Plein jour,Hors agglomération,Hors intersection,Normale,Autre collision,,,,,,,,,,,1,1,1,1,6
200600082186,0006-07-19 17:50:00,6,7,19,17,50,972,209,"0, FRANCOIS ARAGO (RUE)",,,Crépuscule ou aube,En agglomération,Hors intersection,Normale,Deux véhicules - frontale,,,,,,,,,,,2,2,1,1,1
200600082187,0006-07-19 19:45:00,6,7,19,19,45,972,209,"0, CHATEAUBOEUF (ROUTE D",,,Nuit avec éclairage non allumé,En agglomération,Hors intersection,Normale,Autre collision,,,,,,,,,,,4,2,1,1,6
200600082188,0006-07-20 11:40:00,6,7,20,11,40,972,209,"33, GENERAL DE GAULLE (B",,,Plein jour,En agglomération,Hors intersection,Normale,Autre collision,,,,,,,,,,,1,2,1,1,6
200600082189,0006-07-20 14:00:00,6,7,20,14,0,972,209,"82, VICTOR SEVERE (RUE)",,,Plein jour,En agglomération,Hors intersection,Normale,Deux véhicules - frontale,,,,,,,,,,,1,2,1,1,1
200600082190,0006-07-20 20:00:00,6,7,20,20,0,972,209,"0, ERNEST DEPROGE (RUE)",,,Nuit avec éclairage allumé,En agglomération,Hors intersection,Normale,Autre collision,,,,,,,,,,,5,2,1,1,6
200600082191,0006-07-20 22:16:00,6,7,20,22,16,972,209,"0, BALATA (ROUTE DE)",,,Nuit avec éclairage non allumé,En agglomération,Hors intersection,Normale,Sans collision,,,,,,,,,,,4,2,1,1,7
200600082192,0006-07-21 20:10:00,6,7,21,20,10,972,209,"0, BALATA (ROUTE DE)",,,Nuit avec éclairage non allumé,En agglomération,Hors intersection,Normale,Deux véhicules - arrière,,,,,,,,,,,4,2,1,1,2
200600082193,0006-07-22 10:50:00,6,7,22,10,50,972,209,RD 41 (ROCADE),,,Plein jour,Hors agglomération,Hors intersection,Normale,Deux véhicules - frontale,,,,,,,,,,,1,1,1,1,1
200600082194,0006-07-22 15:00:00,6,7,22,15,0,972,209,"0, JAMBETTE (ROUTE DE)",,,Plein jour,Hors agglomération,Hors intersection,Normale,Autre collision,,,,,,,,,,,1,1,1,1,6
200600082195,0006-07-24 17:40:00,6,7,24,17,40,972,209,"75, ENTAIDE (ROUTE DE L'",,,Crépuscule ou aube,Hors agglomération,Hors intersection,Normale,Autre collision,,,,,,,,,,,2,1,1,1,6
200600082196,0006-07-24 23:10:00,6,7,24,23,10,972,209,"0, GENERAL DE GAULLE (BL",,,Nuit avec éclairage allumé,En agglomération,Hors intersection,Normale,Sans collision,,,,,,,,,,,5,2,1,1,7
200600082197,0006-07-25 11:35:00,6,7,25,11,35,972,209,"50, MAURICE BISHOP (RUE)",,,Plein jour,En agglomération,Hors intersection,Normale,Autre collision,,,,,,,,,,,1,2,1,1,6
200600082198,0006-07-27 07:05:00,6,7,27,7,5,972,209,"0, VICTOR LAMON (AVENUE)",,,Crépuscule ou aube,En agglomération,Hors intersection,Normale,Autre collision,,,,,,,,,,,2,2,1,1,6
200600082199,0006-07-28 02:57:00,6,7,28,2,57,972,209,"28, BEL HORIZON (RUE DU)",,,Nuit avec éclairage non allumé,En agglomération,Hors intersection,Normale,Sans collision,,,,,,,,,,,4,2,1,1,7
200600082200,0006-07-29 08:50:00,6,7,29,8,50,972,209,AUTOROUTE (A1),,,Plein jour,Hors agglomération,Hors intersection,Normale,Autre collision,,,,,,,,,,,1,1,1,1,6
200600082201,0006-07-29 13:39:00,6,7,29,13,39,972,209,"0, RAVINE VILAINE (CHEMI",,,Plein jour,En agglomération,Hors intersection,Normale,Sans collision,,,,,,,,,,,1,2,1,1,7
200600082202,0006-07-31 08:25:00,6,7,31,8,25,972,209,"0, PROFESSEUR RAYMOND GA",,,Plein jour,Hors agglomération,Hors intersection,Normale,Autre collision,,,,,,,,,,,1,1,1,1,6
200600082203,0006-07-31 20:00:00,6,7,31,20,0,972,209,"0, RD 41 (ROCADE)",,,Nuit avec éclairage non allumé,Hors agglomération,Hors intersection,Normale,Sans collision,,,,,,,,,,,4,1,1,1,7
200600082204,0006-07-09 19:30:00,6,7,9,19,30,972,213,,,,Nuit avec éclairage non allumé,Hors agglomération,Hors intersection,Pluie légère,Deux véhicules - côté,,,,,,,,,,,4,1,1,2,3
200600082205,0006-07-15 12:30:00,6,7,15,12,30,972,213,,,,Plein jour,Hors agglomération,Hors intersection,Normale,Sans collision,,,,,,,,,,,1,1,1,1,7
200600082206,0006-07-25 18:00:00,6,7,25,18,0,972,213,ROUTE NATIONALE 1,,,Crépuscule ou aube,Hors agglomération,Intersection en T,Normale,Deux véhicules - frontale,,,,,,,,,,,2,1,3,1,1
200600082207,0006-07-24 11:45:00,6,7,24,11,45,972,213,ROUTE DEPARTEMENTALE 3,,,Plein jour,Hors agglomération,Hors intersection,Normale,Trois véhicules et plus - collisions multiples,,,,,,,,,,,1,1,1,1,5
200600082208,0006-07-26 14:00:00,6,7,26,14,0,972,213,,,,Plein jour,Hors agglomération,Hors intersection,Normale,Deux véhicules - côté,,,,,,,,,,,1,1,1,1,3
200600082209,0006-07-06 20:00:00,6,7,6,20,0,972,213,ROUTE DEPARTEMENTALE 15,,,Nuit avec éclairage allumé,Hors agglomération,Hors intersection,Normale,Trois véhicules et plus - collisions multiples,,,,,,,,,,,5,1,1,1,5
200600082210,0006-07-06 21:00:00,6,7,6,21,0,972,213,ROUTE DEPARTEMENTALE 3,,,Nuit sans éclairage public,Hors agglomération,Hors intersection,Pluie légère,Autre collision,,,,,,,,,,,3,1,1,2,6
200600082211,0006-07-13 19:20:00,6,7,13,19,20,972,213,VIEUX CHEMIN CALIFORNIE,,,Nuit sans éclairage public,Hors agglomération,Hors intersection,Normale,Deux véhicules - arrière,,,,,,,,,,,3,1,1,1,2
200600082212,0006-07-15 20:00:00,6,7,15,20,0,972,213,ROUTE DEPARTEMENTALE 15,,,Nuit sans éclairage public,Hors agglomération,Intersection en T,Normale,Deux véhicules - côté,,,,,,,,,,,3,1,3,1,3
200600082213,0006-07-19 08:00:00,6,7,19,8,0,972,213,"15, GEORGES GRATIANT",,,Nuit avec éclairage allumé,Hors agglomération,Intersection en T,Normale,Deux véhicules - côté,,,,,,,,,,,5,1,3,1,3
200600082214,0006-07-25 08:05:00,6,7,25,8,5,972,213,ROUTE NATIONALE 1,,,Plein jour,Hors agglomération,Hors intersection,Pluie légère,Autre collision,,,,,,,,,,,1,1,1,2,6
200600082215,0006-07-25 14:00:00,6,7,25,14,0,972,213,ROUTE NATIONALE 1,,,Plein jour,Hors agglomération,Hors intersection,Pluie légère,Autre collision,,,,,,,,,,,1,1,1,2,6
200600082216,0006-07-25 17:30:00,6,7,25,17,30,972,213,ROUTE DEPARTEMENTALE 3,,,Plein jour,Hors agglomération,Hors intersection,Normale,Autre collision,,,,,,,,,,,1,1,1,1,6
200600082217,0006-07-29 03:55:00,6,7,29,3,55,972,213,FERME PERRINE (CHEMIN D,,,Nuit sans éclairage public,Hors agglomération,Hors intersection,Normale,Autre collision,,,,,,,,,,,3,1,1,1,6
200600082218,0006-07-30 23:50:00,6,7,30,23,50,972,213,ROUTE NATIONALE 5,,,Nuit sans éclairage public,Hors agglomération,Hors intersection,Normale,Autre collision,,,,,,,,,,,3,1,1,1,6
200600082219,0006-07-02 23:15:00,6,7,2,23,15,973,302,BARTHELEMY (RENE),,,Nuit avec éclairage allumé,En agglomération,Intersection en T,Normale,Deux véhicules - côté,,,,,,,,,,,5,2,3,1,3
200600082220,0006-07-01 23:00:00,6,7,1,23,0,973,302,TROUBIRAN (CHEMIN DE),,,Nuit avec éclairage allumé,En agglomération,Hors intersection,Normale,Deux véhicules - arrière,,,,,,,,,,,5,2,1,1,2
200600082221,0006-07-03 17:18:00,6,7,3,17,18,973,302,MADELEINE (ROUTE DE LA),,,Plein jour,Hors agglomération,Hors intersection,Normale,Deux véhicules - arrière,,,,,,,,,,,1,1,1,1,2
200600082222,0006-07-01 20:12:00,6,7,1,20,12,973,302,ABOLITION DE L'ESCLAVAGE,,,Nuit avec éclairage allumé,En agglomération,Hors intersection,Normale,Deux véhicules - côté,,,,,,,,,,,5,2,1,1,3
200600082223,0006-07-06 18:00:00,6,7,6,18,0,973,302,BADUEL (ROUTE DE),,,Plein jour,En agglomération,Hors intersection,Normale,Deux véhicules - côté,,,,,,,,,,,1,2,1,1,3
200600082224,0006-07-07 22:10:00,6,7,7,22,10,973,302,FLAMBOYANTS (RUE DES),,,Nuit avec éclairage allumé,En agglomération,Intersection en T,Normale,Deux véhicules - côté,,,,,,,,,,,5,2,3,1,3
200600082225,0006-07-07 10:15:00,6,7,7,10,15,973,302,BADUEL (ROUTE DE),,,Plein jour,En agglomération,Hors intersection,Normale,Autre collision,,,,,,,,,,,1,2,1,1,6
200600082226,0006-07-10 01:15:00,6,7,10,1,15,973,302,MENTEL,,,Nuit avec éclairage allumé,En agglomération,Hors intersection,Normale,Autre collision,,,,,,,,,,,5,2,1,1,6
200600082227,0006-07-05 14:45:00,6,7,5,14,45,973,302,VOLTAIRE (AVENUE),,,Plein jour,En agglomération,Intersection en T,Normale,Deux véhicules - côté,,,,,,,,,,,1,2,3,1,3
200600082228,0006-07-04 15:26:00,6,7,4,15,26,973,302,MADELEINE (ROUTE DE LA),,,Plein jour,En agglomération,Hors intersection,Normale,Autre collision,,,,,,,,,,,1,2,1,1,6