accident_id,datetime,annee,mois,jour,heure,minute,departement,commune_insee,adresse,latitude,longitude,luminosite,agglomeration,intersection,meteo,collision,nb_vehicules,nb_usagers,nb_indemnes,nb_tues,nb_blesses_hosp,nb_blesses_legers,age_cond_1,age_cond_2,veh_type_cond_1,veh_type_cond_2,lum_code,agg_code,int_code,atm_code,col_code
200600082602,0006-09-25 09:45:00,6,9,25,9,45,971,124,face à la station TEXACO,,,Plein jour,En agglomération,Hors intersection,Normale,Deux véhicules - frontale,,,,,,,,,,,1,2,1,1,1
200600082603,0006-09-19 18:15:00,6,9,19,18,15,971,121,,,,Nuit sans éclairage public,Hors agglomération,Hors intersection,Normale,Autre collision,,,,,,,,,,,3,1,1,1,6
200600082604,0006-09-20 18:45:00,6,9,20,18,45,971,121,,,,Nuit sans éclairage public,Hors agglomération,Hors intersection,Normale,Deux véhicules - frontale,,,,,,,,,,,3,1,1,1,1
200600082605,0006-09-27 09:45:00,6,9,27,9,45,971,109,Rue L.Phlippe Longueteau,,,Plein jour,En agglomération,Hors intersection,Normale,Deux véhicules - côté,,,,,,,,,,,1,2,1,1,3
200600082606,0006-09-02 14:15:00,6,9,2,14,15,971,107,Section BANANIER,,,Plein jour,Hors agglomération,Hors intersection,Normale,Autre collision,,,,,,,,,,,1,1,1,1,6
200600082607,0006-09-22 19:30:00,6,9,22,19,30,971,114,Section Forte Ile,,,Nuit avec éclairage allumé,Hors agglomération,Hors intersection,Normale,Deux véhicules - frontale,,,,,,,,,,,5,1,1,1,1
200600082608,0006-09-25 15:15:00,6,9,25,15,15,971,107,,,,Plein jour,Hors agglomération,Hors intersection,Normale,Sans collision,,,,,,,,,,,1,1,1,1,7
200600082609,0006-09-26 08:30:00,6,9,26,8,30,971,127,,,,Plein jour,Hors agglomération,Hors intersection,Normale,Deux véhicules - côté,,,,,,,,,,,1,1,1,1,3
200600082610,0006-09-28 13:45:00,6,9,28,13,45,971,127,rue du morne rond,,,Plein jour,En agglomération,Hors intersection,Normale,Deux véhicules - arrière,,,,,,,,,,,1,2,1,1,2
200600082611,0006-09-01 12:30:00,6,9,1,12,30,971,118,de la Glacière - Vernou,,,Plein jour,Hors agglomération,Hors intersection,Normale,Deux véhicules - frontale,,,,,,,,,,,1,1,1,1,1
200600082612,0006-09-29 06:00:00,6,9,29,6,0,971,118,D 2 - Daubin,,,Crépuscule ou aube,Hors agglomération,Hors intersection,Temps couvert,Sans collision,,,,,,,,,,,2,1,1,8,7
200600082613,0006-09-16 09:00:00,6,9,16,9,0,971,129,Section Léotard,,,Plein jour,Hors agglomération,Hors intersection,Normale,Deux véhicules - frontale,,,,,,,,,,,1,1,1,1,1
200600082614,0006-09-03 14:15:00,6,9,3,14,15,971,128,Fonds thézan,,,Plein jour,Hors agglomération,Hors intersection,Normale,Deux véhicules - frontale,,,,,,,,,,,1,1,1,1,1
200600082615,0006-09-09 10:30:00,6,9,9,10,30,971,128,,,,Plein jour,Hors agglomération,Intersection en T,Normale,Deux véhicules - côté,,,,,,,,,,,1,1,3,1,3
200600082616,0006-09-20 17:00:00,6,9,20,17,0,971,128,,,,Nuit sans éclairage public,Hors agglomération,Hors intersection,Normale,Autre collision,,,,,,,,,,,3,1,1,1,6
200600082617,0006-09-21 16:30:00,6,9,21,16,30,971,128,,,,Plein jour,Hors agglomération,Autre intersection,Normale,Deux véhicules - côté,,,,,,,,,,,1,1,9,1,3
200600082618,0006-09-24 20:00:00,6,9,24,20,0,971,128,,,,Nuit sans éclairage public,Hors agglomération,Hors intersection,Pluie légère,Deux véhicules - arrière,,,,,,,,,,,3,1,1,2,2
200600082619,0006-09-08 00:05:00,6,9,8,0,5,971,116,RN.5 section BOSREDON,,,Nuit avec éclairage allumé,Hors agglomération,Autre intersection,Normale,Sans collision,,,,,,,,,,,5,1,9,1,7
200600082620,0006-09-27 19:45:00,6,9,27,19,45,971,116,,,,Nuit avec éclairage allumé,Hors agglomération,Hors intersection,Normale,Deux véhicules - côté,,,,,,,,,,,5,1,1,1,3
200600082621,0006-09-11 18:30:00,6,9,11,18,30,973,307,route cogneau lamirande,,,Plein jour,En agglomération,Hors intersection,Normale,Autre collision,,,,,,,,,,,1,2,1,1,6
200600082622,0006-09-30 08:45:00,6,9,30,8,45,973,307,carrefour balata,,,Plein jour,En agglomération,Hors intersection,Normale,Deux véhicules - frontale,,,,,,,,,,,1,2,1,1,1
200600082623,0006-09-09 23:00:00,6,9,9,23,0,973,305,,,,Nuit sans éclairage public,Hors agglomération,Hors intersection,Normale,Trois véhicules et plus - en chaîne,,,,,,,,,,,3,1,1,1,4
200600082624,0006-09-10 02:30:00,6,9,10,2,30,973,312,,,,Nuit sans éclairage public,Hors agglomération,Hors intersection,Normale,Sans collision,,,,,,,,,,,3,1,1,1,7
200600082625,0006-09-10 13:30:00,6,9,10,13,30,973,303,PK 162+550,,,Plein jour,Hors agglomération,Hors intersection,Normale,Sans collision,,,,,,,,,,,1,1,1,1,7
200600082626,0006-09-05 01:45:00,6,9,5,1,45,973,308,RN 2,,,Nuit sans éclairage public,En agglomération,Hors intersection,Normale,Autre collision,,,,,,,,,,,3,2,1,1,6
200600082627,0006-09-01 12:00:00,6,9,1,12,0,973,310,RN2 PK83.200,,,Plein jour,Hors agglomération,Hors intersection,Normale,Autre collision,,,,,,,,,,,1,1,1,1,6
200600082628,0006-09-11 05:30:00,6,9,11,5,30,973,310,,,,Nuit sans éclairage public,Hors agglomération,Hors intersection,Normale,Deux véhicules - frontale,,,,,,,,,,,3,1,1,1,1
200600082629,0006-09-13 13:10:00,6,9,13,13,10,973,306,ne Lespérant PK 21 + 300,,,Plein jour,Hors agglomération,Hors intersection,Normale,Deux véhicules - côté,,,,,,,,,,,1,1,1,1,3
200600082630,0006-09-13 14:00:00,6,9,13,14,0,973,306,,,,Plein jour,Hors agglomération,Hors intersection,Normale,Autre collision,,,,,,,,,,,1,1,1,1,6
200600082631,0006-09-15 13:45:00,6,9,15,13,45,973,306,CD10  PK1,,,Plein jour,Hors agglomération,Hors intersection,Pluie légère,Deux véhicules - frontale,,,,,,,,,,,1,1,1,2,1
200600082632,0006-09-16 19:47:00,6,9,16,19,47,973,306,"CD 9 PK  21,900",,,Nuit sans éclairage public,Hors agglomération,Hors intersection,Normale,Deux véhicules - arrière,,,,,,,,,,,3,1,1,1,2
200600082633,0006-09-16 19:15:00,6,9,16,19,15,973,306,Jacques - RN 1 - PK 190,,,Nuit sans éclairage public,Hors agglomération,Hors intersection,Normale,Deux véhicules - côté,,,,,,,,,,,3,1,1,1,3
200600082634,0006-09-13 13:15:00,6,9,13,13,15,974,408,rue Louvart de Pontlevoy,,,Plein jour,En agglomération,Hors intersection,Normale,Deux véhicules - frontale,,,,,,,,,,,1,2,1,1,1
200600082635,0006-09-24 11:40:00,6,9,24,11,40,974,408,vine à Malheur PK 22+150,,,Plein jour,Hors agglomération,Hors intersection,Temps éblouissant,Sans collision,,,,,,,,,,,1,1,1,7,7
200600082636,0006-09-06 10:30:00,6,9,6,10,30,974,420,rn 2002,,,Plein jour,En agglomération,Hors intersection,Normale,Autre collision,,,,,,,,,,,1,2,1,1,6
200600082637,0006-09-25 07:15:00,6,9,25,7,15,974,453,RN 02,,,Plein jour,En agglomération,Hors intersection,Normale,Autre collision,,,,,,,,,,,1,2,1,1,6
200600082638,0006-09-24 18:30:00,6,9,24,18,30,974,402,,,,Nuit sans éclairage public,Hors agglomération,Hors intersection,Normale,Autre collision,,,,,,,,,,,3,1,1,1,6
200600082639,0006-09-07 17:00:00,6,9,7,17,0,974,419,PITON STE ROSE RN 2,,,Crépuscule ou aube,En agglomération,Hors intersection,Pluie forte,Autre collision,,,,,,,,,,,2,2,1,3,6
200600082640,0006-09-13 21:45:00,6,9,13,21,45,974,421,,,,Nuit sans éclairage public,Hors agglomération,Hors intersection,Normale,Autre collision,,,,,,,,,,,3,1,1,1,6
200600082641,0006-09-10 10:00:00,6,9,10,10,0,974,410,"Lieu-dit ""L'ECHO""",,,Plein jour,Hors agglomération,Hors intersection,Normale,Trois véhicules et plus - collisions multiples,,,,,,,,,,,1,1,1,1,5
200600082642,0006-09-07 17:45:00,6,9,7,17,45,974,415,85  Rue Suffren,,,Plein jour,En agglomération,Hors intersection,Normale,Sans collision,,,,,,,,,,,1,2,1,1,7
200600082643,0006-09-10 07:30:00,6,9,10,7,30,974,496,,,,Plein jour,Hors agglomération,Hors intersection,Normale,Trois véhicules et plus - collisions multiples,,,,,,,,,,,1,1,1,1,5
200600082644,0006-09-14 07:45:00,6,9,14,7,45,974,404,,,,Plein jour,Hors agglomération,Intersection en X,Normale,Deux véhicules - frontale,,,,,,,,,,,1,1,2,1,1
200600082645,0006-09-30 23:30:00,6,9,30,23,30,974,404,,,,Nuit sans éclairage public,Hors agglomération,Hors intersection,Normale,Sans collision,,,,,,,,,,,3,1,1,1,7
200600082646,0006-09-20 15:15:00,6,9,20,15,15,974,452,lieu dit Le Grand Serré,,,Plein jour,Hors agglomération,Hors intersection,Normale,Deux véhicules - frontale,,,,,,,,,,,1,1,1,1,1
200600082674,0006-09-23 12:00:00,6,9,23,12,0,971,103,Section Raiffer,,,Plein jour,En agglomération,Hors intersection,Normale,Sans collision,,,,,,,,,,,1,2,1,1,7
200600082675,0006-09-24 20:55:00,6,9,24,20,55,971,103,ationale 1 - Harnouville,,,Nuit sans éclairage public,Hors agglomération,Hors intersection,Normale,Sans collision,,,,,,,,,,,3,1,1,1,7
200600082680,0006-09-11 01:15:00,6,9,11,1,15,973,309,,,,Nuit sans éclairage public,Hors agglomération,Hors intersection,Normale,Deux véhicules - frontale,,,,,,,,,,,3,1,1,1,1
200600082681,0006-09-13 07:30:00,6,9,13,7,30,973,309,carrefour Tropicana,,,Plein jour,En agglomération,Hors intersection,Normale,Deux véhicules - côté,,,,,,,,,,,1,2,1,1,3
200600082682,0006-09-23 23:00:00,6,9,23,23,0,973,309,RN 4 - PK 12.5,,,Nuit sans éclairage public,Hors agglomération,Hors intersection,Normale,Sans collision,,,,,,,,,,,3,1,1,1,7
200600082683,0006-09-27 16:30:00,6,9,27,16,30,973,309,PK 10  Route des plages,,,Plein jour,Hors agglomération,Hors intersection,Normale,Autre collision,,,,,,,,,,,1,1,1,1,6
200600082684,0006-09-12 16:00:00,6,9,12,16,0,974,415,Chemin Sans Souci -,,,Plein jour,En agglomération,Hors intersection,Normale,Autre collision,,,,,,,,,,,1,2,1,1,6
200600082685,0006-09-19 16:45:00,6,9,19,16,45,974,460,"PK 14,800 rue de montrou",,,Plein jour,En agglomération,Intersection en X,Normale,Deux véhicules - côté,,,,,,,,,,,1,2,2,1,3
200600082689,0006-09-30 11:00:00,6,9,30,11,0,971,127,+500 route de Grand Case,,,Plein jour,Hors agglomération,Hors intersection,Normale,Deux véhicules - côté,,,,,,,,,,,1,1,1,1,3
200600082690,0006-09-07 19:15:00,6,9,7,19,15,973,304,,,,Nuit sans éclairage public,Hors agglomération,Hors intersection,Normale,Deux véhicules - frontale,,,,,,,,,,,3,1,1,1,1
200600082693,0006-09-30 13:00:00,6,9,30,13,0,974,418,ices  à la grande montée,,,Plein jour,Hors agglomération,Hors intersection,Normale,Deux véhicules - frontale,,,,,,,,,,,1,1,1,1,1
200600082695,0006-09-22 17:07:00,6,9,22,17,7,971,107,"01, MURAT ANDY (RUE)",,,Plein jour,En agglomération,Intersection en X,Normale,Deux véhicules - côté,,,,,,,,,,,1,2,2,1,3
200600082696,0006-09-02 10:50:00,6,9,2,10,50,971,101,DESRAVINIERES,,,Plein jour,Hors agglomération,Hors intersection,Pluie légère,Deux véhicules - frontale,,,,,,,,,,,1,1,1,2,1
200600082697,0006-09-05 22:15:00,6,9,5,22,15,971,101,RN1 ROCADE DE CHAUVEL,,,Nuit avec éclairage allumé,Hors agglomération,Hors intersection,Normale,Autre collision,,,,,,,,,,,5,1,1,1,6
200600082698,0006-09-03 09:10:00,6,9,3,9,10,971,113,L'HOUEZEL (ROUTE DE),,,Plein jour,En agglomération,Hors intersection,Normale,Autre collision,,,,,,,,,,,1,2,1,1,6
200600082699,0006-09-25 02:53:00,6,9,25,2,53,971,101,"RN4, HIBISCUS",,,Nuit avec éclairage allumé,En agglomération,Giratoire,Pluie légère,Autre collision,,,,,,,,,,,5,2,6,2,6
200600082700,0006-09-05 09:05:00,6,9,5,9,5,971,120,RUE EUVREMONT GENE,,,Plein jour,En agglomération,Hors intersection,Normale,Autre collision,,,,,,,,,,,1,2,1,1,6
200600082701,0006-09-30 10:18:00,6,9,30,10,18,971,101,PROVIDENCE,,,Plein jour,En agglomération,Hors intersection,Normale,Deux véhicules - arrière,,,,,,,,,,,1,2,1,1,2
200600082702,0006-09-25 07:15:00,6,9,25,7,15,971,101,VIEUX BOURG,,,Plein jour,En agglomération,Hors intersection,Normale,Autre collision,,,,,,,,,,,1,2,1,1,6
200600082703,0006-09-28 09:00:00,6,9,28,9,0,971,113,GENERAL DE GAULLE (AVENU,,,Plein jour,En agglomération,Hors intersection,Normale,Autre collision,,,,,,,,,,,1,2,1,1,6
200600082704,0006-09-01 22:00:00,6,9,1,22,0,972,213,AUTOROUTE A1,,,Nuit sans éclairage public,Hors agglomération,Hors intersection,Normale,Deux véhicules - arrière,,,,,,,,,,,3,1,1,1,2
200600082705,0006-09-11 13:45:00,6,9,11,13,45,972,213,NELSON MANDELA,,,Plein jour,En agglomération,Hors intersection,Normale,Autre collision,,,,,,,,,,,1,2,1,1,6
200600082706,0006-09-17 01:10:00,6,9,17,1,10,972,213,ROUTE DEPARTEMENTALE 15,,,Nuit sans éclairage public,Hors agglomération,Hors intersection,Normale,Deux véhicules - frontale,,,,,,,,,,,3,1,1,1,1
200600082707,0006-09-17 17:50:00,6,9,17,17,50,972,213,ROUTE NATIONALE 5,,,Crépuscule ou aube,Hors agglomération,Hors intersection,Normale,Deux véhicules - frontale,,,,,,,,,,,2,1,1,1,1
200600082708,0006-09-20 07:45:00,6,9,20,7,45,972,213,Z I LA LEZARDE,,,Plein jour,Hors agglomération,Giratoire,Normale,Autre collision,,,,,,,,,,,1,1,6,1,6
200600082709,0006-09-22 00:02:00,6,9,22,0,2,972,213,AUTOROUTE A1,,,Nuit sans éclairage public,Hors agglomération,Hors intersection,Normale,Deux véhicules - arrière,,,,,,,,,,,3,1,1,1,2
200600082710,0006-09-08 01:10:00,6,9,8,1,10,972,213,ROUTE NATIONALE 1,,,Nuit sans éclairage public,Hors agglomération,Hors intersection,Normale,Deux véhicules - arrière,,,,,,,,,,,3,1,1,1,2
200600082711,0006-09-14 12:10:00,6,9,14,12,10,972,213,,,,Plein jour,Hors agglomération,Hors intersection,Pluie légère,Deux véhicules - arrière,,,,,,,,,,,1,1,1,2,2
200600082712,0006-09-06 08:10:00,6,9,6,8,10,972,213,ROUTE NATIONALE 6,,,Plein jour,Hors agglomération,Hors intersection,Normale,Deux véhicules - côté,,,,,,,,,,,1,1,1,1,3
200600082713,0006-09-29 16:30:00,6,9,29,16,30,972,213,,,,Plein jour,Hors agglomération,Hors intersection,Normale,Trois véhicules et plus - en chaîne,,,,,,,,,,,1,1,1,1,4
200600082714,0006-09-05 17:10:00,6,9,5,17,10,972,213,ROUTE DEPARTEMENTALE 14,,,Plein jour,Hors agglomération,Hors intersection,Normale,Deux véhicules - côté,,,,,,,,,,,1,1,1,1,3
200600082715,0006-09-07 10:15:00,6,9,7,10,15,972,213,ROUTE DEPARTEMENTALE 3,,,Plein jour,Hors agglomération,Hors intersection,Pluie légère,Deux véhicules - frontale,,,,,,,,,,,1,1,1,2,1
200600082716,0006-09-10 02:40:00,6,9,10,2,40,972,213,ROUTE DEPARTEMENTALE 15,,,Nuit sans éclairage public,Hors agglomération,Hors intersection,Normale,Autre collision,,,,,,,,,,,3,1,1,1,6
200600082717,0006-09-12 18:35:00,6,9,12,18,35,972,213,ROUTE DEPARTEMENTALE 3,,,Crépuscule ou aube,Hors agglomération,Hors intersection,Normale,Deux véhicules - frontale,,,,,,,,,,,2,1,1,1,1
200600082718,0006-09-13 11:45:00,6,9,13,11,45,972,213,BASSE GONDEAU (CHEMIN RU,,,Plein jour,Hors agglomération,Hors intersection,Normale,Deux véhicules - frontale,,,,,,,,,,,1,1,1,1,1
200600082719,0006-09-15 07:20:00,6,9,15,7,20,972,213,AUTOROUTE A1,,,Plein jour,Hors agglomération,Hors intersection,Normale,Deux véhicules - côté,,,,,,,,,,,1,1,1,1,3
200600082720,0006-09-17 04:50:00,6,9,17,4,50,972,213,FERME PERRINE (CHEMIN D,,,Nuit sans éclairage public,Hors agglomération,Hors intersection,Pluie légère,Autre collision,,,,,,,,,,,3,1,1,2,6
200600082721,0006-09-18 09:05:00,6,9,18,9,5,972,213,ROUTE NATIONALE 1,,,Plein jour,Hors agglomération,Hors intersection,Normale,Autre collision,,,,,,,,,,,1,1,1,1,6
200600082722,0006-09-19 17:50:00,6,9,19,17,50,972,213,AUTOROUTE A1,,,Crépuscule ou aube,Hors agglomération,Hors intersection,Normale,Trois véhicules et plus - collisions multiples,,,,,,,,,,,2,1,1,1,5
200600082723,0006-09-20 00:45:00,6,9,20,0,45,972,213,LEOPOLD BISSOL (RUE),,,Plein jour,En agglomération,Intersection en T,Pluie légère,Deux véhicules - côté,,,,,,,,,,,1,2,3,2,3
200600082724,0006-09-21 21:50:00,6,9,21,21,50,972,213,ROUTE NATIONALE 5,,,Nuit sans éclairage public,Hors agglomération,Hors intersection,Normale,Deux véhicules - arrière,,,,,,,,,,,3,1,1,1,2
200600082725,0006-09-23 07:00:00,6,9,23,7,0,972,213,ROUTE NATIONALE 1,,,Plein jour,Hors agglomération,Hors intersection,Normale,Deux véhicules - arrière,,,,,,,,,,,1,1,1,1,2
200600082726,0006-09-24 04:30:00,6,9,24,4,30,972,213,FERME PERRINE (CHEMIN D,,,Nuit sans éclairage public,Hors agglomération,Hors intersection,Normale,Autre collision,,,,,,,,,,,3,1,1,1,6
200600082727,0006-09-26 16:40:00,6,9,26,16,40,972,213,AUTOROUTE A1,,,Plein jour,Hors agglomération,Hors intersection,Normale,Deux véhicules - côté,,,,,,,,,,,1,1,1,1,3
200600082728,0006-09-05 08:20:00,6,9,5,8,20,973,302,BRASSE (LIEUTENANT),,,Plein jour,En agglomération,Intersection en T,Normale,Deux véhicules - côté,,,,,,,,,,,1,2,3,1,3
200600082729,0006-09-01 07:47:00,6,9,1,7,47,973,302,SYLVESTRE (JOSE) ALLEE C,,,Plein jour,En agglomération,Intersection en T,Normale,Deux véhicules - frontale,,,,,,,,,,,1,2,3,1,1
200600082730,0006-09-02 15:21:00,6,9,2,15,21,973,302,CABASSOU (ROUTE DE),,,Plein jour,En agglomération,Hors intersection,Normale,Deux véhicules - arrière,,,,,,,,,,,1,2,1,1,2
200600082731,0006-09-02 21:22:00,6,9,2,21,22,973,302,"Rue hameau des encens, c",,,Nuit avec éclairage allumé,En agglomération,Hors intersection,Normale,Deux véhicules - frontale,,,,,,,,,,,5,2,1,1,1
200600082732,0006-09-07 16:25:00,6,9,7,16,25,973,302,TIGRE (ROUTE DU),,,Plein jour,En agglomération,Hors intersection,Normale,Deux véhicules - côté,,,,,,,,,,,1,2,1,1,3
200600082733,0006-09-06 19:22:00,6,9,6,19,22,973,302,BADUEL (ROUTE DE),,,Nuit avec éclairage allumé,En agglomération,Intersection en T,Normale,Deux véhicules - arrière,,,,,,,,,,,5,2,3,1,2
200600082734,0006-09-07 07:06:00,6,9,7,7,6,973,302,BRASSE (LIEUTENANT),,,Plein jour,En agglomération,Hors intersection,Normale,Autre collision,,,,,,,,,,,1,2,1,1,6
200600082735,0006-09-07 13:40:00,6,9,7,13,40,973,302,HEDER (AVENUE LEOPOLD),,,Plein jour,En agglomération,Intersection en X,Normale,Autre collision,,,,,,,,,,,1,2,2,1,6
200600082736,0006-09-02 21:07:00,6,9,2,21,7,973,302,CABASSOU (ROUTE DE),,,Nuit avec éclairage allumé,En agglomération,Intersection en X,Normale,Deux véhicules - côté,,,,,,,,,,,5,2,2,1,3
200600082737,0006-09-13 18:15:00,6,9,13,18,15,973,302,TIGRE (ROUTE DU),,,Crépuscule ou aube,En agglomération,Intersection en T,Normale,Deux véhicules - côté,,,,,,,,,,,2,2,3,1,3
200600082738,0006-09-13 10:45:00,6,9,13,10,45,973,302,ROCADE DE ZEPHIR,,,Plein jour,En agglomération,Hors intersection,Normale,Deux véhicules - côté,,,,,,,,,,,1,2,1,1,3
200600082739,0006-09-14 11:53:00,6,9,14,11,53,973,302,VIRGILE (AVENUE),,,Plein jour,En agglomération,Hors intersection,Normale,Autre collision,,,,,,,,,,,1,2,1,1,6
200600082740,0006-09-09 07:50:00,6,9,9,7,50,973,302,MADELEINE (ROUTE DE LA),,,Plein jour,En agglomération,Hors intersection,Normale,Autre collision,,,,,,,,,,,1,2,1,1,6
200600082741,0006-09-11 14:00:00,6,9,11,14,0,973,302,TIGRE (ROUTE DU),,,Plein jour,En agglomération,Intersection en T,Normale,Trois véhicules et plus - en chaîne,,,,,,,,,,,1,2,3,1,4
200600082742,0006-09-11 15:45:00,6,9,11,15,45,973,302,MADELEINE (ROUTE DE LA),,,Plein jour,En agglomération,Hors intersection,Normale,Deux véhicules - frontale,,,,,,,,,,,1,2,1,1,1
200600082743,0006-09-08 18:52:00,6,9,8,18,52,973,302,MIRZA (CITE),,,Nuit avec éclairage allumé,En agglomération,Hors intersection,Normale,Deux véhicules - côté,,,,,,,,,,,5,2,1,1,3
200600082744,0006-09-14 17:25:00,6,9,14,17,25,973,302,BADUEL (ROUTE DE),,,Plein jour,En agglomération,Intersection en T,Normale,Deux véhicules - arrière,,,,,,,,,,,1,2,3,1,2
200600082745,0006-09-19 14:03:00,6,9,19,14,3,973,302,MIRZA (CITE),,,Plein jour,En agglomération,Hors intersection,Normale,Deux véhicules - frontale,,,,,,,,,,,1,2,1,1,1
200600082746,0006-09-19 17:26:00,6,9,19,17,26,973,302,MANGO (ROUTE),,,Plein jour,En agglomération,Hors intersection,Normale,Trois véhicules et plus - en chaîne,,,,,,,,,,,1,2,1,1,4
200600082747,0006-09-19 20:40:00,6,9,19,20,40,973,302,MADELEINE (ROUTE DE LA),,,Nuit sans éclairage public,En agglomération,Hors intersection,Normale,Deux véhicules - arrière,,,,,,,,,,,3,2,1,1,2
200600082748,0006-09-18 16:30:00,6,9,18,16,30,973,302,TROUBIRAN (CHEMIN DE),,,Plein jour,En agglomération,Hors intersection,Normale,Autre collision,,,,,,,,,,,1,2,1,1,6
200600082749,0006-09-18 17:45:00,6,9,18,17,45,973,302,BADUEL (ROUTE DE),,,Plein jour,Hors agglomération,Intersection en X,Normale,Deux véhicules - côté,,,,,,,,,,,1,1,2,1,3
200600082750,0006-09-20 09:35:00,6,9,20,9,35,973,302,BADUEL (ROUTE DE),,,Plein jour,En agglomération,Intersection en T,Normale,Deux véhicules - arrière,,,,,,,,,,,1,2,3,1,2
200600082751,0006-09-20 18:30:00,6,9,20,18,30,973,302,MONTABO (ROUTE DE) 1,,,Nuit avec éclairage allumé,En agglomération,Hors intersection,Normale,Deux véhicules - côté,,,,,,,,,,,5,2,1,1,3
200600082752,0006-09-25 21:15:00,6,9,25,21,15,973,302,MADELEINE (ROUTE DE LA),,,Nuit avec éclairage allumé,En agglomération,Hors intersection,Normale,Deux véhicules - côté,,,,,,,,,,,5,2,1,1,3
200600082753,0006-09-22 12:27:00,6,9,22,12,27,973,302,Route de Raban,,,Plein jour,En agglomération,Intersection en T,Normale,Deux véhicules - côté,,,,,,,,,,,1,2,3,1,3
200600082754,0006-09-22 12:50:00,6,9,22,12,50,973,302,"23, EAU-LISETTE (CITE)",,,Plein jour,En agglomération,Hors intersection,Normale,Autre collision,,,,,,,,,,,1,2,1,1,6
200600082755,0006-09-23 10:25:00,6,9,23,10,25,973,302,"47, EBOUE (FELIX)",,,Plein jour,Hors agglomération,Hors intersection,Normale,Deux véhicules - côté,,,,,,,,,,,1,1,1,1,3
200600082756,0006-09-23 22:25:00,6,9,23,22,25,973,302,REPUBLIQUE (BD DE LA),,,Nuit avec éclairage allumé,En agglomération,Hors intersection,Normale,Autre collision,,,,,,,,,,,5,2,1,1,6
200600082757,0006-09-24 14:58:00,6,9,24,14,58,973,302,REPUBLIQUE (BD DE LA),,,Plein jour,En agglomération,Hors intersection,Normale,Deux véhicules - arrière,,,,,,,,,,,1,2,1,1,2
200600082758,0006-09-24 20:51:00,6,9,24,20,51,973,302,BONHOMME (CITE),,,Nuit sans éclairage public,En agglomération,Hors intersection,Normale,Deux véhicules - côté,,,,,,,,,,,3,2,1,1,3
200600082759,0006-09-24 13:24:00,6,9,24,13,24,973,302,MADELEINE (ROUTE DE LA),,,Plein jour,En agglomération,Hors intersection,Normale,Autre collision,,,,,,,,,,,1,2,1,1,6
200600082760,0006-09-27 15:52:00,6,9,27,15,52,973,302,MONTABO (ROUTE DE) 1,,,Plein jour,En agglomération,Intersection en T,Normale,Deux véhicules - arrière,,,,,,,,,,,1,2,3,1,2
200600082761,0006-09-27 15:51:00,6,9,27,15,51,973,302,MADELEINE (ROUTE DE LA),,,Plein jour,En agglomération,Hors intersection,Normale,Autre collision,,,,,,,,,,,1,2,1,1,6
200600082762,0006-09-26 20:54:00,6,9,26,20,54,973,302,BONHOMME (CITE),,,Nuit avec éclairage allumé,En agglomération,Hors intersection,Normale,Autre collision,,,,,,,,,,,5,2,1,1,6
200600082763,0006-09-27 09:30:00,6,9,27,9,30,973,302,JUBELIN (BOULEVARD),,,Plein jour,En agglomération,Hors intersection,Temps éblouissant,Deux véhicules - côté,,,,,,,,,,,1,2,1,7,3
200600082764,0006-09-14 18:23:00,6,9,14,18,23,973,302,BONHOMME (CITE),,,Nuit avec éclairage allumé,Hors agglomération,Hors intersection,Normale,Deux véhicules - côté,,,,,,,,,,,5,1,1,1,3
200600082765,0006-09-30 11:47:00,6,9,30,11,47,973,302,EBOUE (FELIX),,,Plein jour,En agglomération,Hors intersection,Normale,Deux véhicules - arrière,,,,,,,,,,,1,2,1,1,2
200600082766,0006-09-30 13:40:00,6,9,30,13,40,973,302,"171, ZEPHIR (CITE)",,,Plein jour,En agglomération,Hors intersection,Normale,Deux véhicules - côté,,,,,,,,,,,1,2,1,1,3
200600082767,0006-09-26 08:12:00,6,9,26,8,12,973,302,BOUDINOT (AUGUSTE) CITE,,,Plein jour,En agglomération,Intersection en T,Normale,Autre collision,,,,,,,,,,,1,2,3,1,6
200600082768,0006-09-23 18:00:00,6,9,23,18,0,973,302,TIGRE (ROUTE DU),,,Nuit avec éclairage non allumé,En agglomération,Hors intersection,Normale,Autre collision,,,,,,,,,,,4,2,1,1,6
200600082769,0006-09-02 14:45:00,6,9,2,14,45,974,407,RUE CHARLES DARWIN,,,Plein jour,En agglomération,Intersection en X,Normale,Deux véhicules - côté,,,,,,,,,,,1,2,2,1,3
200600082770,0006-09-03 00:30:00,6,9,3,0,30,974,407,OWENS JAMES,,,Nuit avec éclairage allumé,En agglomération,Hors intersection,Normale,Autre collision,,,,,,,,,,,5,2,1,1,6
200600082771,0006-09-07 18:15:00,6,9,7,18,15,974,407,ROUTE DU SACRE COEUR,,,Nuit avec éclairage non allumé,Hors agglomération,Hors intersection,Pluie légère,Deux véhicules - arrière,,,,,,,,,,,4,1,1,2,2
200600082772,0006-09-08 02:50:00,6,9,8,2,50,974,407,ROUTE DU SACRE COEUR,,,Nuit avec éclairage non allumé,Hors agglomération,Hors intersection,Pluie légère,Autre collision,,,,,,,,,,,4,1,1,2,6
200600082773,0006-09-08 09:50:00,6,9,8,9,50,974,407,STRASBOURG(BOULEVARD),,,Plein jour,En agglomération,Intersection en T,Normale,Deux véhicules - côté,,,,,,,,,,,1,2,3,1,3