accident_id,datetime,annee,mois,jour,heure,minute,departement,commune_insee,adresse,latitude,longitude,luminosite,agglomeration,intersection,meteo,collision,nb_vehicules,nb_usagers,nb_indemnes,nb_tues,nb_blesses_hosp,nb_blesses_legers,age_cond_1,age_cond_2,veh_type_cond_1,veh_type_cond_2,lum_code,agg_code,int_code,atm_code,col_code
200600082988,0006-09-20 08:20:00,6,9,20,8,20,972,209,"75, EAUX DECOUPEES (CHEM",,,Plein jour,En agglomération,Hors intersection,Normale,Deux véhicules - côté,,,,,,,,,,,1,2,1,1,3
200600082989,0006-09-22 07:55:00,6,9,22,7,55,972,209,"117, RELIGIEUSES (ROUTE",,,Plein jour,En agglomération,Hors intersection,Normale,Deux véhicules - arrière,,,,,,,,,,,1,2,1,1,2
200600082990,0006-09-22 09:50:00,6,9,22,9,50,972,209,"06, YVES GOUSSARD (RUE)",,,Plein jour,En agglomération,Hors intersection,Normale,Deux véhicules - côté,,,,,,,,,,,1,2,1,1,3
200600082991,0006-09-22 18:30:00,6,9,22,18,30,972,209,"95, PROFESSEUR RAYMOND G",,,Nuit avec éclairage allumé,En agglomération,Hors intersection,Normale,Deux véhicules - arrière,,,,,,,,,,,5,2,1,1,2
200600082992,0006-09-23 01:20:00,6,9,23,1,20,972,209,"3, PETIT PASSAGE (RUELLE",,,Nuit sans éclairage public,En agglomération,Hors intersection,Normale,Autre collision,,,,,,,,,,,3,2,1,1,6
200600082993,0006-09-23 16:15:00,6,9,23,16,15,972,209,"223, RD 41 (ROCADE)",,,Plein jour,En agglomération,Hors intersection,Pluie légère,Sans collision,,,,,,,,,,,1,2,1,2,7
200600082994,0006-09-25 17:35:00,6,9,25,17,35,972,209,"301, RD 41 (ROCADE)",,,Crépuscule ou aube,En agglomération,Hors intersection,Pluie légère,Sans collision,,,,,,,,,,,2,2,1,2,7
200600082995,0006-09-25 18:00:00,6,9,25,18,0,972,229,"97, PROFESSEUR RAYMOND G",,,Crépuscule ou aube,En agglomération,Intersection en T,Normale,Autre collision,,,,,,,,,,,2,2,3,1,6
200600082996,0006-09-26 09:20:00,6,9,26,9,20,972,219,"63, SOLEIL LEVANT (BOULE",,,Plein jour,En agglomération,Hors intersection,Normale,Autre collision,,,,,,,,,,,1,2,1,1,6
200600082997,0006-09-26 15:10:00,6,9,26,15,10,972,219,"81, ENTAIDE (ROUTE DE L'",,,Plein jour,En agglomération,Hors intersection,Normale,Deux véhicules - frontale,,,,,,,,,,,1,2,1,1,1
200600082998,0006-09-27 19:45:00,6,9,27,19,45,972,219,"50, GENERAL DE GAULLE (B",,,Nuit avec éclairage allumé,En agglomération,Hors intersection,Normale,Deux véhicules - arrière,,,,,,,,,,,5,2,1,1,2
200600082999,0006-09-28 14:50:00,6,9,28,14,50,972,209,"10, GASTON DEFERRE (RUE)",,,Plein jour,En agglomération,Hors intersection,Normale,Deux véhicules - côté,,,,,,,,,,,1,2,1,1,3
200600083000,0006-09-28 16:05:00,6,9,28,16,5,972,209,"1, BOUILLE (RUE)",,,Plein jour,En agglomération,Hors intersection,Normale,Sans collision,,,,,,,,,,,1,2,1,1,7
200600083001,0006-09-28 12:30:00,6,9,28,12,30,972,209,"73, MARNE (BOULEVARD DE",,,Plein jour,En agglomération,Hors intersection,Normale,Trois véhicules et plus - collisions multiples,,,,,,,,,,,1,2,1,1,5
200600083002,0006-09-29 12:30:00,6,9,29,12,30,972,209,"03, RD 41 (ROCADE)",,,Plein jour,En agglomération,Hors intersection,Normale,Trois véhicules et plus - en chaîne,,,,,,,,,,,1,2,1,1,4
200600083003,0006-09-29 20:00:00,6,9,29,20,0,972,209,"55, RD 41 (ROCADE)",,,Nuit sans éclairage public,En agglomération,Hors intersection,Normale,Deux véhicules - arrière,,,,,,,,,,,3,2,1,1,2
200600083004,0006-09-29 17:00:00,6,9,29,17,0,972,209,"69, ADHEMAR MODOCK (BOUL",,,Plein jour,En agglomération,Hors intersection,Normale,Autre collision,,,,,,,,,,,1,2,1,1,6
200600083005,0006-09-30 20:45:00,6,9,30,20,45,972,209,RN9,,,Nuit sans éclairage public,En agglomération,Hors intersection,Normale,Deux véhicules - côté,,,,,,,,,,,3,2,1,1,3
200600083006,0006-10-25 12:48:00,6,10,25,12,48,971,105,"00 0010, BD GERTY ARCHIM",,,Plein jour,En agglomération,Hors intersection,Normale,Autre collision,,,,,,,,,,,1,2,1,1,6
200600083007,0006-10-20 18:50:00,6,10,20,18,50,971,105,MAURICE MARIE-CLAIRE(RUE,,,Nuit avec éclairage allumé,En agglomération,Hors intersection,Pluie légère,Deux véhicules - frontale,,,,,,,,,,,5,2,1,2,1
200600083008,0006-10-09 07:25:00,6,10,9,7,25,971,105,CHARLES DE GAULLE (BD DU,,,Plein jour,En agglomération,Hors intersection,Normale,Deux véhicules - côté,,,,,,,,,,,1,2,1,1,3
200600083009,0006-10-21 11:23:00,6,10,21,11,23,971,105,"20, LARDENOY (RUE DE )",,,Plein jour,En agglomération,Hors intersection,Normale,Autre collision,,,,,,,,,,,1,2,1,1,6
200600083010,0006-10-26 09:35:00,6,10,26,9,35,971,107,DUMANOIR ( ALLEE ),,,Plein jour,En agglomération,Hors intersection,Normale,Deux véhicules - arrière,,,,,,,,,,,1,2,1,1,2
200600083011,0006-10-02 06:20:00,6,10,2,6,20,971,113,RN4 - SECTION RIVIERA,,,Plein jour,Hors agglomération,Intersection en T,Pluie forte,Autre collision,,,,,,,,,,,1,1,3,3,6
200600083012,0006-10-04 07:05:00,6,10,4,7,5,971,101,BAIMBRIDGE,,,Plein jour,En agglomération,Hors intersection,Normale,Autre collision,,,,,,,,,,,1,2,1,1,6
200600083013,0006-10-14 11:05:00,6,10,14,11,5,971,101,"000, GENERAL DE GAULLE",,,Plein jour,En agglomération,Intersection en X,Normale,Deux véhicules - côté,,,,,,,,,,,1,2,2,1,3
200600083014,0006-10-13 23:39:00,6,10,13,23,39,971,113,SECTION MARE-GAILLARD,,,Nuit avec éclairage allumé,Hors agglomération,Hors intersection,Normale,Autre collision,,,,,,,,,,,5,1,1,1,6
200600083015,0006-10-08 11:30:00,6,10,8,11,30,971,101,RN1 ROCADE DE CHAUVEL,,,Plein jour,En agglomération,Hors intersection,Pluie légère,Autre collision,,,,,,,,,,,1,2,1,2,6
200600083016,0006-10-05 12:15:00,6,10,5,12,15,971,113,SECTEUR DAMPIERRE,,,Plein jour,Hors agglomération,Hors intersection,Normale,Deux véhicules - frontale,,,,,,,,,,,1,1,1,1,1
200600083017,0006-10-12 16:10:00,6,10,12,16,10,971,113,"RN4, SECTION PLIANE",,,Plein jour,Hors agglomération,Intersection en T,Normale,Trois véhicules et plus - collisions multiples,,,,,,,,,,,1,1,3,1,5
200600083018,0006-10-15 05:00:00,6,10,15,5,0,971,113,"000, SECTION MARE-GAILLA",,,Nuit avec éclairage allumé,En agglomération,Hors intersection,Normale,Deux véhicules - frontale,,,,,,,,,,,5,2,1,1,1
200600083019,0006-10-27 07:20:00,6,10,27,7,20,971,120,"D119, Amitié des peuples",,,Plein jour,En agglomération,Intersection en X,Normale,Deux véhicules - arrière,,,,,,,,,,,1,2,2,1,2
200600083020,0006-10-28 03:47:00,6,10,28,3,47,971,101,"00, ROUTE DE BOULIQUI",,,Nuit sans éclairage public,Hors agglomération,Hors intersection,Normale,Deux véhicules - frontale,,,,,,,,,,,3,1,1,1,1
200600083021,0006-10-30 23:40:00,6,10,30,23,40,971,113,"000, SECTION LEROUX",,,Nuit sans éclairage public,Hors agglomération,Hors intersection,Pluie légère,Deux véhicules - frontale,,,,,,,,,,,3,1,1,2,1
200600083022,0006-10-17 17:00:00,6,10,17,17,0,971,101,"00, ROUTE DES ABYMES",,,Plein jour,Hors agglomération,Hors intersection,Normale,Deux véhicules - côté,,,,,,,,,,,1,1,1,1,3
200600083023,0006-10-19 05:45:00,6,10,19,5,45,971,113,"00, MONTAUBAN (SECTEUR)",,,Crépuscule ou aube,En agglomération,Hors intersection,Pluie légère,Sans collision,,,,,,,,,,,2,2,1,2,7
200600083024,0006-10-03 08:10:00,6,10,3,8,10,972,213,PETIT MANOIR,,,Plein jour,Hors agglomération,Hors intersection,Normale,Autre collision,,,,,,,,,,,1,1,1,1,6
200600083025,0006-10-22 06:00:00,6,10,22,6,0,972,213,ROUTE DEPARTEMENTALE 3,,,Crépuscule ou aube,Hors agglomération,Hors intersection,Normale,Autre collision,,,,,,,,,,,2,1,1,1,6
200600083026,0006-10-01 15:05:00,6,10,1,15,5,972,213,AUTOROUTE A1,,,Plein jour,Hors agglomération,Hors intersection,Normale,Trois véhicules et plus - collisions multiples,,,,,,,,,,,1,1,1,1,5
200600083027,0006-10-02 18:20:00,6,10,2,18,20,972,213,ROUTE NATIONALE 1,,,Crépuscule ou aube,Hors agglomération,Hors intersection,Normale,Deux véhicules - arrière,,,,,,,,,,,2,1,1,1,2
200600083028,0006-10-07 14:30:00,6,10,7,14,30,972,213,AUTOROUTE A1,,,Plein jour,Hors agglomération,Hors intersection,Normale,Deux véhicules - arrière,,,,,,,,,,,1,1,1,1,2
200600083029,0006-10-07 20:20:00,6,10,7,20,20,972,213,ROUTE NATIONALE 1,,,Nuit sans éclairage public,Hors agglomération,Hors intersection,Normale,Autre collision,,,,,,,,,,,3,1,1,1,6
200600083030,0006-10-10 21:10:00,6,10,10,21,10,972,213,ROUTE NATIONALE 1,,,Nuit sans éclairage public,Hors agglomération,Hors intersection,Pluie légère,Deux véhicules - arrière,,,,,,,,,,,3,1,1,2,2
200600083031,0006-10-11 19:25:00,6,10,11,19,25,972,213,AUTOROUTE A1,,,Nuit sans éclairage public,Hors agglomération,Hors intersection,Normale,Deux véhicules - arrière,,,,,,,,,,,3,1,1,1,2
200600083032,0006-10-13 16:05:00,6,10,13,16,5,972,213,ROUTE DEPARTEMENTALE 3,,,Plein jour,Hors agglomération,Hors intersection,Normale,Deux véhicules - côté,,,,,,,,,,,1,1,1,1,3
200600083033,0006-10-17 07:20:00,6,10,17,7,20,972,213,AUTOROUTE A1,,,Plein jour,Hors agglomération,Hors intersection,Normale,Deux véhicules - côté,,,,,,,,,,,1,1,1,1,3
200600083034,0006-10-17 12:35:00,6,10,17,12,35,972,213,AUTOROUTE A1,,,Plein jour,Hors agglomération,Hors intersection,Normale,Trois véhicules et plus - collisions multiples,,,,,,,,,,,1,1,1,1,5
200600083035,0006-10-17 16:30:00,6,10,17,16,30,972,213,ROUTE DEPARTEMENTALE 15,,,Plein jour,Hors agglomération,Giratoire,Normale,Deux véhicules - côté,,,,,,,,,,,1,1,6,1,3
200600083036,0006-10-21 12:45:00,6,10,21,12,45,972,213,ROUTE DEPARTEMENTALE 15,,,Plein jour,Hors agglomération,Hors intersection,Normale,Deux véhicules - arrière,,,,,,,,,,,1,1,1,1,2
200600083037,0006-10-23 15:25:00,6,10,23,15,25,972,213,AUTOROUTE A1,,,Plein jour,Hors agglomération,Hors intersection,Normale,Trois véhicules et plus - collisions multiples,,,,,,,,,,,1,1,1,1,5
200600083038,0006-10-26 16:35:00,6,10,26,16,35,972,213,ROUTE NATIONALE 1,,,Plein jour,Hors agglomération,Hors intersection,Normale,Autre collision,,,,,,,,,,,1,1,1,1,6
200600083039,0006-10-26 23:50:00,6,10,26,23,50,972,213,AUTOROUTE A1,,,Nuit sans éclairage public,Hors agglomération,Hors intersection,Normale,Deux véhicules - arrière,,,,,,,,,,,3,1,1,1,2
200600083040,0006-10-28 14:05:00,6,10,28,14,5,972,213,ROUTE NATIONALE 5,,,Plein jour,Hors agglomération,Hors intersection,Normale,Deux véhicules - arrière,,,,,,,,,,,1,1,1,1,2
200600083041,0006-10-29 04:15:00,6,10,29,4,15,972,213,ROUTE DEPARTEMENTALE 14,,,Nuit sans éclairage public,Hors agglomération,Hors intersection,Normale,Autre collision,,,,,,,,,,,3,1,1,1,6
200600083042,0006-10-29 06:30:00,6,10,29,6,30,972,213,ROUTE DEPARTEMENTALE 15,,,Plein jour,Hors agglomération,Hors intersection,Normale,Deux véhicules - arrière,,,,,,,,,,,1,1,1,1,2
200600083043,0006-10-30 04:15:00,6,10,30,4,15,972,213,AUTOROUTE A1,,,Crépuscule ou aube,Hors agglomération,Hors intersection,Normale,Sans collision,,,,,,,,,,,2,1,1,1,7
200600083044,0006-10-30 14:30:00,6,10,30,14,30,972,213,AUTOROUTE A1,,,Plein jour,Hors agglomération,Hors intersection,Normale,Deux véhicules - frontale,,,,,,,,,,,1,1,1,1,1
200600083045,0006-10-01 06:27:00,6,10,1,6,27,973,302,SAINT ANTOINE (CHEMIN),,,Plein jour,En agglomération,Intersection en T,Normale,Deux véhicules - côté,,,,,,,,,,,1,2,3,1,3
200600083046,0006-10-01 09:30:00,6,10,1,9,30,973,302,"4, Route de Raban",,,Plein jour,En agglomération,Hors intersection,Normale,Autre collision,,,,,,,,,,,1,2,1,1,6
200600083047,0006-10-02 16:39:00,6,10,2,16,39,973,302,"312, MADELEINE (ROUTE DE",,,Plein jour,En agglomération,Hors intersection,Normale,Deux véhicules - arrière,,,,,,,,,,,1,2,1,1,2
200600083048,0006-10-02 17:33:00,6,10,2,17,33,973,302,MONTABO (DOMAINE DU),,,Plein jour,En agglomération,Hors intersection,Normale,Autre collision,,,,,,,,,,,1,2,1,1,6
200600083049,0006-10-09 21:25:00,6,10,9,21,25,973,302,BADUEL (ROUTE DE),,,Nuit avec éclairage allumé,En agglomération,Hors intersection,Normale,Autre collision,,,,,,,,,,,5,2,1,1,6
200600083050,0006-10-04 07:32:00,6,10,4,7,32,973,302,ROUTE NATIONALE I,,,Plein jour,En agglomération,Hors intersection,Normale,Deux véhicules - côté,,,,,,,,,,,1,2,1,1,3
200600083051,0006-10-05 18:10:00,6,10,5,18,10,973,302,MANGO (ROUTE),,,Plein jour,En agglomération,Intersection en T,Normale,Deux véhicules - côté,,,,,,,,,,,1,2,3,1,3
200600083052,0006-10-06 11:05:00,6,10,6,11,5,973,302,ESTREES (AVENUE D'),,,Plein jour,En agglomération,Hors intersection,Normale,Deux véhicules - arrière,,,,,,,,,,,1,2,1,1,2
200600083053,0006-10-08 22:10:00,6,10,8,22,10,973,302,MANGO (ROUTE),,,Nuit avec éclairage allumé,En agglomération,Intersection en T,Normale,Deux véhicules - frontale,,,,,,,,,,,5,2,3,1,1
200600083054,0006-10-10 07:57:00,6,10,10,7,57,973,302,BADUEL (ROUTE DE),,,Plein jour,Hors agglomération,Intersection en T,Normale,Deux véhicules - côté,,,,,,,,,,,1,1,3,1,3
200600083055,0006-10-04 08:04:00,6,10,4,8,4,973,302,MONTABO (ROUTE DE) 1,,,Plein jour,En agglomération,Hors intersection,Normale,Deux véhicules - côté,,,,,,,,,,,1,2,1,1,3
200600083056,0006-10-05 07:20:00,6,10,5,7,20,973,302,BADUEL (ROUTE DE),,,Plein jour,En agglomération,Hors intersection,Normale,Autre collision,,,,,,,,,,,1,2,1,1,6
200600083057,0006-10-06 06:57:00,6,10,6,6,57,973,302,MANGO (ROUTE),,,Plein jour,En agglomération,Intersection en T,Normale,Deux véhicules - côté,,,,,,,,,,,1,2,3,1,3
200600083058,0006-10-08 17:38:00,6,10,8,17,38,973,302,MADELEINE (ROUTE DE LA),,,Plein jour,Hors agglomération,Hors intersection,Normale,Deux véhicules - côté,,,,,,,,,,,1,1,1,1,3
200600083059,0006-10-11 12:21:00,6,10,11,12,21,973,302,TIGRE (ROUTE DU),,,Plein jour,En agglomération,Intersection en T,Normale,Deux véhicules - côté,,,,,,,,,,,1,2,3,1,3
200600083060,0006-10-12 16:30:00,6,10,12,16,30,973,302,ABOLITION DE L'ESCLAVAGE,,,Plein jour,En agglomération,Hors intersection,Normale,Autre collision,,,,,,,,,,,1,2,1,1,6
200600083061,0006-10-12 18:48:00,6,10,12,18,48,973,302,DERBES (GEORGES),,,Nuit sans éclairage public,En agglomération,Intersection en T,Normale,Autre collision,,,,,,,,,,,3,2,3,1,6
200600083062,0006-10-12 08:15:00,6,10,12,8,15,973,302,BADUEL (ROUTE DE),,,Plein jour,Hors agglomération,Hors intersection,Normale,Deux véhicules - côté,,,,,,,,,,,1,1,1,1,3
200600083063,0006-10-13 12:48:00,6,10,13,12,48,973,302,REPUBLIQUE (BD DE LA),,,Plein jour,En agglomération,Hors intersection,Normale,Autre collision,,,,,,,,,,,1,2,1,1,6
200600083064,0006-10-08 18:14:00,6,10,8,18,14,973,302,JUBELIN (BOULEVARD),,,Crépuscule ou aube,En agglomération,Intersection en T,Normale,Autre collision,,,,,,,,,,,2,2,3,1,6
200600083065,0006-10-12 11:43:00,6,10,12,11,43,973,302,BADUEL (ROUTE DE),,,Plein jour,En agglomération,Hors intersection,Normale,Deux véhicules - côté,,,,,,,,,,,1,2,1,1,3
200600083066,0006-10-13 15:20:00,6,10,13,15,20,973,302,BASSIERE (LEON) CITE THE,,,Plein jour,En agglomération,Intersection en T,Normale,Deux véhicules - côté,,,,,,,,,,,1,2,3,1,3
200600083067,0006-10-15 20:26:00,6,10,15,20,26,973,302,14 ET 22 JUIN 1962,,,Nuit avec éclairage allumé,En agglomération,Intersection en T,Normale,Deux véhicules - frontale,,,,,,,,,,,5,2,3,1,1
200600083068,0006-10-17 09:03:00,6,10,17,9,3,973,302,BADUEL (ROUTE DE),,,Plein jour,En agglomération,Hors intersection,Normale,Deux véhicules - arrière,,,,,,,,,,,1,2,1,1,2
200600083069,0006-10-18 09:20:00,6,10,18,9,20,973,302,BADUEL (ROUTE DE),,,Plein jour,En agglomération,Hors intersection,Normale,Deux véhicules - côté,,,,,,,,,,,1,2,1,1,3
200600083070,0006-10-17 08:48:00,6,10,17,8,48,973,302,BADUEL (ROUTE DE),,,Plein jour,En agglomération,Hors intersection,Normale,Autre collision,,,,,,,,,,,1,2,1,1,6
200600083071,0006-10-17 12:01:00,6,10,17,12,1,973,302,KET TAI (CARREFOUR),,,Plein jour,En agglomération,Intersection en T,Normale,Deux véhicules - arrière,,,,,,,,,,,1,2,3,1,2
200600083072,0006-10-18 14:56:00,6,10,18,14,56,973,302,"338, MANGO (ROUTE)",,,Plein jour,En agglomération,Hors intersection,Normale,Deux véhicules - côté,,,,,,,,,,,1,2,1,1,3
200600083073,0006-10-18 16:12:00,6,10,18,16,12,973,302,FLAMBOYANTS (RUE DES),,,Plein jour,En agglomération,Intersection en T,Normale,Deux véhicules - côté,,,,,,,,,,,1,2,3,1,3
200600083074,0006-10-18 19:06:00,6,10,18,19,6,973,302,RD POINT MARINGOUINS,,,Crépuscule ou aube,Hors agglomération,Hors intersection,Normale,Deux véhicules - côté,,,,,,,,,,,2,1,1,1,3
200600083075,0006-10-09 07:55:00,6,10,9,7,55,973,302,MONTABO (ROUTE DE) 1,,,Plein jour,En agglomération,Intersection en X,Normale,Deux véhicules - côté,,,,,,,,,,,1,2,2,1,3
200600083076,0006-10-10 16:30:00,6,10,10,16,30,973,302,MONTABO (ROUTE DE) 1,,,Plein jour,En agglomération,Intersection en T,Normale,Deux véhicules - côté,,,,,,,,,,,1,2,3,1,3
200600083077,0006-10-21 22:00:00,6,10,21,22,0,973,302,BADUEL (ROUTE DE),,,Nuit avec éclairage allumé,En agglomération,Hors intersection,Normale,Autre collision,,,,,,,,,,,5,2,1,1,6
200600083078,0006-10-21 17:15:00,6,10,21,17,15,973,302,"3494, MONTABO (ROUTE DE)",,,Plein jour,Hors agglomération,Hors intersection,Normale,Autre collision,,,,,,,,,,,1,1,1,1,6
200600083079,0006-10-16 17:50:00,6,10,16,17,50,973,302,ROUTE NATIONALE I,,,Plein jour,Hors agglomération,Hors intersection,Normale,Deux véhicules - arrière,,,,,,,,,,,1,1,1,1,2
200600083080,0006-10-20 07:11:00,6,10,20,7,11,973,302,GALMOT (ROND-POINT),,,Plein jour,En agglomération,Hors intersection,Normale,Autre collision,,,,,,,,,,,1,2,1,1,6
200600083081,0006-10-23 07:20:00,6,10,23,7,20,973,302,CARREFOUR SUZINI,,,Plein jour,Hors agglomération,Intersection en T,Normale,Deux véhicules - côté,,,,,,,,,,,1,1,3,1,3
200600083082,0006-10-19 09:19:00,6,10,19,9,19,973,302,MANGO (ROUTE),,,Plein jour,En agglomération,Hors intersection,Normale,Autre collision,,,,,,,,,,,1,2,1,1,6
200600083083,0006-10-22 04:50:00,6,10,22,4,50,973,302,BADUEL (ROUTE DE),,,Nuit avec éclairage allumé,En agglomération,Hors intersection,Normale,Autre collision,,,,,,,,,,,5,2,1,1,6
200600083084,0006-10-23 13:28:00,6,10,23,13,28,973,302,BADUEL (ROUTE DE),,,Plein jour,Hors agglomération,Hors intersection,Normale,Deux véhicules - arrière,,,,,,,,,,,1,1,1,1,2
200600083085,0006-10-24 13:25:00,6,10,24,13,25,973,302,TROUBIRAN (CHEMIN DE),,,Plein jour,Hors agglomération,Hors intersection,Normale,Autre collision,,,,,,,,,,,1,1,1,1,6
200600083086,0006-10-24 19:10:00,6,10,24,19,10,973,302,BARTHELEMY (RENE),,,Crépuscule ou aube,En agglomération,Intersection en T,Normale,Deux véhicules - côté,,,,,,,,,,,2,2,3,1,3
200600083087,0006-10-24 13:18:00,6,10,24,13,18,973,302,MONTABO (ROUTE DE) 1,,,Plein jour,En agglomération,Hors intersection,Normale,Deux véhicules - côté,,,,,,,,,,,1,2,1,1,3
200600083088,0006-10-25 10:20:00,6,10,25,10,20,973,302,BADUEL (ROUTE DE),,,Plein jour,En agglomération,Hors intersection,Normale,Deux véhicules - côté,,,,,,,,,,,1,2,1,1,3
200600083089,0006-10-25 06:00:00,6,10,25,6,0,973,302,PAYEE (MADAME),,,Plein jour,En agglomération,Hors intersection,Normale,Deux véhicules - côté,,,,,,,,,,,1,2,1,1,3
200600083090,0006-10-25 11:55:00,6,10,25,11,55,973,302,MADELEINE (ROUTE DE LA),,,Plein jour,Hors agglomération,Hors intersection,Normale,Autre collision,,,,,,,,,,,1,1,1,1,6
200600083091,0006-10-26 14:10:00,6,10,26,14,10,973,302,"1, VOLTAIRE (AVENUE)",,,Plein jour,En agglomération,Intersection en X,Normale,Deux véhicules - côté,,,,,,,,,,,1,2,2,1,3
200600083092,0006-10-10 16:32:00,6,10,10,16,32,973,302,RD POINT MARINGOUINS,,,Plein jour,En agglomération,Hors intersection,Normale,Deux véhicules - côté,,,,,,,,,,,1,2,1,1,3
200600083093,0006-10-27 16:32:00,6,10,27,16,32,973,302,DEVEZE (GABRIEL),,,Plein jour,En agglomération,Intersection en T,Normale,Deux véhicules - côté,,,,,,,,,,,1,2,3,1,3
200600083094,0006-10-27 18:03:00,6,10,27,18,3,973,302,14 ET 22 JUIN 1962,,,Crépuscule ou aube,En agglomération,Hors intersection,Normale,Autre collision,,,,,,,,,,,2,2,1,1,6
200600083095,0006-10-29 04:15:00,6,10,29,4,15,973,302,ESTREES (AVENUE D'),,,Nuit avec éclairage allumé,En agglomération,Hors intersection,Normale,Autre collision,,,,,,,,,,,5,2,1,1,6
200600083096,0006-10-29 04:20:00,6,10,29,4,20,973,302,ROUTE NATIONALE I,,,Nuit avec éclairage allumé,Hors agglomération,Hors intersection,Normale,Autre collision,,,,,,,,,,,5,1,1,1,6
200600083097,0006-10-30 19:39:00,6,10,30,19,39,973,302,CALIMBE (LOTISSEMENT),,,Nuit avec éclairage allumé,En agglomération,Hors intersection,Normale,Autre collision,,,,,,,,,,,5,2,1,1,6
200600083098,0006-10-30 19:00:00,6,10,30,19,0,973,302,JADFARD (RENE),,,Crépuscule ou aube,En agglomération,Hors intersection,Normale,Autre collision,,,,,,,,,,,2,2,1,1,6
200600083099,0006-10-31 15:00:00,6,10,31,15,0,973,302,BADUEL (ROUTE DE),,,Plein jour,En agglomération,Hors intersection,Normale,Autre collision,,,,,,,,,,,1,2,1,1,6
200600083100,0006-10-01 00:45:00,6,10,1,0,45,974,407,"53, VERGES(AVENUE)",,,Nuit avec éclairage allumé,En agglomération,Hors intersection,Normale,Autre collision,,,,,,,,,,,5,2,1,1,6
200600083101,0006-10-02 08:00:00,6,10,2,8,0,974,407,ROUTE DU SACRE COEUR,,,Plein jour,En agglomération,Hors intersection,Normale,Deux véhicules - arrière,,,,,,,,,,,1,2,1,1,2
200600083102,0006-10-06 16:55:00,6,10,6,16,55,974,407,MASCAREIGNES(BOULEVARD),,,Plein jour,En agglomération,Hors intersection,Normale,Deux véhicules - arrière,,,,,,,,,,,1,2,1,1,2
200600083103,0006-10-23 17:50:00,6,10,23,17,50,974,407,JAURES (RUE),,,Plein jour,En agglomération,Hors intersection,Normale,Autre collision,,,,,,,,,,,1,2,1,1,6
200600083104,0006-10-25 12:15:00,6,10,25,12,15,974,407,CARPAYE(AVENUE),,,Plein jour,En agglomération,Intersection en X,Normale,Deux véhicules - côté,,,,,,,,,,,1,2,2,1,3
200600083105,0006-10-25 23:00:00,6,10,25,23,0,974,407,RUE JACQUES PREVERT,,,Nuit avec éclairage allumé,En agglomération,Hors intersection,Normale,Deux véhicules - frontale,,,,,,,,,,,5,2,1,1,1
200600083106,0006-10-26 07:00:00,6,10,26,7,0,974,407,TAMATAVE (BOULEVARD),,,Plein jour,En agglomération,Hors intersection,Normale,Deux véhicules - côté,,,,,,,,,,,1,2,1,1,3
200600083107,0006-10-27 17:40:00,6,10,27,17,40,974,407,08 MARS(RUE DU),,,Plein jour,En agglomération,Hors intersection,Normale,Autre collision,,,,,,,,,,,1,2,1,1,6
200600083108,0006-10-30 08:00:00,6,10,30,8,0,974,407,14 JUILLET 1789(AVENUE D,,,Plein jour,En agglomération,Hors intersection,Normale,Sans collision,,,,,,,,,,,1,2,1,1,7
200600083109,0006-10-31 15:50:00,6,10,31,15,50,974,407,LENINE (AVENUE),,,Plein jour,En agglomération,Hors intersection,Normale,Autre collision,,,,,,,,,,,1,2,1,1,6
200600083110,0006-10-31 22:40:00,6,10,31,22,40,974,407,BREST (BOULEVARD),,,Nuit avec éclairage allumé,En agglomération,Intersection en X,Normale,Deux véhicules - côté,,,,,,,,,,,5,2,2,1,3
200600083111,0006-10-02 16:15:00,6,10,2,16,15,974,411,EUCALYPTUS (ROUTE DES),,,Plein jour,En agglomération,Hors intersection,Normale,Deux véhicules - côté,,,,,,,,,,,1,2,1,1,3
200600083112,0006-10-06 21:35:00,6,10,6,21,35,974,411,", JAURES (BLD 1 JEAN)",,,Nuit avec éclairage allumé,En agglomération,Hors intersection,Normale,Deux véhicules - arrière,,,,,,,,,,,5,2,1,1,2
200600083113,0006-10-06 23:30:00,6,10,6,23,30,974,411,"2, MACE (BOULEVARD GABRI",,,Nuit avec éclairage allumé,En agglomération,Hors intersection,Normale,Autre collision,,,,,,,,,,,5,2,1,1,6
200600083114,0006-10-11 19:25:00,6,10,11,19,25,974,411,"220, JAURES (BLD 1 JEAN)",,,Nuit avec éclairage allumé,En agglomération,Hors intersection,Normale,Deux véhicules - arrière,,,,,,,,,,,5,2,1,1,2
200600083115,0006-10-10 19:07:00,6,10,10,19,7,974,411,LECONTE DE LISLE (AVENUE,,,Nuit avec éclairage allumé,En agglomération,Hors intersection,Normale,Deux véhicules - côté,,,,,,,,,,,5,2,1,1,3
200600083116,0006-10-05 14:00:00,6,10,5,14,0,974,411,JAURES (BOULEVARD JEAN),,,Plein jour,En agglomération,Hors intersection,Normale,Deux véhicules - côté,,,,,,,,,,,1,2,1,1,3
200600083117,0006-10-12 11:50:00,6,10,12,11,50,974,411,JAURES (BLD 1 JEAN),,,Plein jour,En agglomération,Hors intersection,Normale,Deux véhicules - arrière,,,,,,,,,,,1,2,1,1,2
200600083118,0006-10-12 18:00:00,6,10,12,18,0,974,411,LECONTE DE LISLE (RUE),,,Crépuscule ou aube,En agglomération,Hors intersection,Normale,Deux véhicules - côté,,,,,,,,,,,2,2,1,1,3
200600083119,0006-10-17 16:00:00,6,10,17,16,0,974,411,"2, BRISES (CHEMIN DES)",,,Plein jour,En agglomération,Hors intersection,Normale,Deux véhicules - arrière,,,,,,,,,,,1,2,1,1,2