accident_id,datetime,annee,mois,jour,heure,minute,departement,commune_insee,adresse,latitude,longitude,luminosite,agglomeration,intersection,meteo,collision,nb_vehicules,nb_usagers,nb_indemnes,nb_tues,nb_blesses_hosp,nb_blesses_legers,age_cond_1,age_cond_2,veh_type_cond_1,veh_type_cond_2,lum_code,agg_code,int_code,atm_code,col_code
200600083120,0006-10-24 17:57:00,6,10,24,17,57,974,411,"45, PROVIDENCE (BOULEVAR",,,Plein jour,En agglomération,Hors intersection,Normale,Autre collision,,,,,,,,,,,1,2,1,1,6
200600083121,0006-10-23 23:00:00,6,10,23,23,0,974,411,BRASSENS (AVENUE GEORGES,,,Nuit avec éclairage allumé,En agglomération,Hors intersection,Pluie légère,Deux véhicules - arrière,,,,,,,,,,,5,2,1,2,2
200600083122,0006-10-20 16:37:00,6,10,20,16,37,974,411,"44, LECONTE DE LISLE (AV",,,Plein jour,En agglomération,Hors intersection,Normale,Deux véhicules - côté,,,,,,,,,,,1,2,1,1,3
200600083123,0006-10-21 16:35:00,6,10,21,16,35,974,411,POMPIDOU (AVENUE GEORGES,,,Plein jour,En agglomération,Hors intersection,Normale,Autre collision,,,,,,,,,,,1,2,1,1,6
200600083124,0006-10-18 17:17:00,6,10,18,17,17,974,411,JAURES (BOULEVARD JEAN),,,Plein jour,En agglomération,Giratoire,Normale,Deux véhicules - côté,,,,,,,,,,,1,2,6,1,3
200600083125,0006-10-02 10:16:00,6,10,2,10,16,974,411,"5, KERVEGUEN (GABRIEL DE",,,Plein jour,En agglomération,Hors intersection,Normale,Deux véhicules - côté,,,,,,,,,,,1,2,1,1,3
200600083126,0006-10-25 10:15:00,6,10,25,10,15,974,411,"12, PONT (RUE DU)",,,Plein jour,En agglomération,Hors intersection,Normale,Deux véhicules - côté,,,,,,,,,,,1,2,1,1,3
200600083127,0006-10-23 11:50:00,6,10,23,11,50,974,411,"101, GAULLE (DU GENERAL",,,Plein jour,En agglomération,Hors intersection,Normale,Deux véhicules - côté,,,,,,,,,,,1,2,1,1,3
200600083128,0006-10-20 18:26:00,6,10,20,18,26,974,411,"12, COCTEAU (JEAN)",,,Crépuscule ou aube,En agglomération,Hors intersection,Normale,Autre collision,,,,,,,,,,,2,2,1,1,6
200600083129,0006-10-27 13:37:00,6,10,27,13,37,974,411,LITTORAL (ROUTE 1 DU),,,Plein jour,Hors agglomération,Hors intersection,Normale,Autre collision,,,,,,,,,,,1,1,1,1,6
200600083130,0006-10-21 16:01:00,6,10,21,16,1,974,411,"7, DOMENJOD (ROUTE DE)",,,Plein jour,En agglomération,Hors intersection,Normale,Sans collision,,,,,,,,,,,1,2,1,1,7
200600083131,0006-10-10 15:45:00,6,10,10,15,45,974,411,JAURES (BLD 1 JEAN),,,Plein jour,En agglomération,Hors intersection,Normale,Deux véhicules - arrière,,,,,,,,,,,1,2,1,1,2
200600083132,0006-10-05 13:47:00,6,10,5,13,47,974,411,"21, LECLERC (DU MARECHAL",,,Plein jour,En agglomération,Hors intersection,Normale,Deux véhicules - côté,,,,,,,,,,,1,2,1,1,3
200600083133,0006-10-01 20:15:00,6,10,1,20,15,974,411,BOYER (ROUTE ANTIDE),,,Nuit sans éclairage public,Hors agglomération,Hors intersection,Normale,Autre collision,,,,,,,,,,,3,1,1,1,6
200600083134,0006-10-06 11:25:00,6,10,6,11,25,974,411,"12, BRASSENS (AVENUE GEO",,,Plein jour,En agglomération,Hors intersection,Normale,Deux véhicules - côté,,,,,,,,,,,1,2,1,1,3
200600083135,0006-10-12 04:44:00,6,10,12,4,44,974,411,"2, MACE (ROUTE GABRIEL)",,,Crépuscule ou aube,En agglomération,Hors intersection,Normale,Autre collision,,,,,,,,,,,2,2,1,1,6
200600083136,0006-10-02 19:20:00,6,10,2,19,20,974,411,"12, CHAUDRON  (BLD 1 DU)",,,Nuit sans éclairage public,En agglomération,Hors intersection,Normale,Autre collision,,,,,,,,,,,3,2,1,1,6
200600083137,0006-10-04 16:15:00,6,10,4,16,15,974,414,LAPIERRE(RUE PR.HENRI),,,Plein jour,En agglomération,Hors intersection,Normale,Autre collision,,,,,,,,,,,1,2,1,1,6
200600083138,0006-10-08 05:25:00,6,10,8,5,25,974,416,"66, LORION(RUE LUC)",,,Nuit avec éclairage allumé,En agglomération,Hors intersection,Normale,Deux véhicules - arrière,,,,,,,,,,,5,2,1,1,2
200600083139,0006-10-09 11:15:00,6,10,9,11,15,974,416,HUBERT DE LISLE(BOULEVAR,,,Plein jour,En agglomération,Hors intersection,Normale,Deux véhicules - côté,,,,,,,,,,,1,2,1,1,3
200600083140,0006-10-11 20:05:00,6,10,11,20,5,974,416,BANK(BOULEVARD),,,Nuit avec éclairage allumé,En agglomération,Hors intersection,Normale,Deux véhicules - arrière,,,,,,,,,,,5,2,1,1,2
200600083141,0006-10-11 23:00:00,6,10,11,23,0,974,414,RN01,,,Nuit sans éclairage public,Hors agglomération,Hors intersection,Normale,Deux véhicules - arrière,,,,,,,,,,,3,1,1,1,2
200600083142,0006-10-21 10:30:00,6,10,21,10,30,974,414,"21, EGLISE(RUE DE L')",,,Plein jour,En agglomération,Hors intersection,Normale,Autre collision,,,,,,,,,,,1,2,1,1,6
200600083143,0006-10-26 07:50:00,6,10,26,7,50,974,416,"175, HUBERT DE LISLE(BOU",,,Plein jour,En agglomération,Hors intersection,Normale,Deux véhicules - arrière,,,,,,,,,,,1,2,1,1,2
200600083186,0006-11-27 14:00:00,6,11,27,14,0,972,234,RN 2 cheval blanc,,,Plein jour,Hors agglomération,Hors intersection,Pluie légère,Deux véhicules - frontale,,,,,,,,,,,1,1,1,2,1
200600083187,0006-11-20 20:00:00,6,11,20,20,0,972,226,Place Abbé Morland,,,Nuit avec éclairage allumé,En agglomération,Hors intersection,Normale,Sans collision,,,,,,,,,,,5,2,1,1,7
200600083188,0006-11-14 04:30:00,6,11,14,4,30,972,231,,,,Nuit sans éclairage public,Hors agglomération,Hors intersection,Normale,Autre collision,,,,,,,,,,,3,1,1,1,6
200600083189,0006-11-01 14:10:00,6,11,1,14,10,972,230,RD 2 Tartne,,,Plein jour,En agglomération,Hors intersection,Normale,Trois véhicules et plus - collisions multiples,,,,,,,,,,,1,2,1,1,5
200600083190,0006-11-15 18:00:00,6,11,15,18,0,972,230,rrefour Desmarinière RN1,,,Nuit sans éclairage public,Hors agglomération,Hors intersection,Normale,Deux véhicules - côté,,,,,,,,,,,3,1,1,1,3
200600083191,0006-11-21 20:55:00,6,11,21,20,55,972,222,"N°1, direction vert pré",,,Nuit avec éclairage non allumé,Hors agglomération,Hors intersection,Normale,Autre collision,,,,,,,,,,,4,1,1,1,6
200600083192,0006-11-30 20:40:00,6,11,30,20,40,972,228,Quartier Union,,,Nuit avec éclairage allumé,En agglomération,Hors intersection,Normale,Deux véhicules - côté,,,,,,,,,,,5,2,1,1,3
200600083193,0006-11-09 19:15:00,6,11,9,19,15,971,124,Rue du Père Labat,,,Nuit avec éclairage allumé,En agglomération,Hors intersection,Normale,Deux véhicules - frontale,,,,,,,,,,,5,2,1,1,1
200600083194,0006-11-03 18:30:00,6,11,3,18,30,971,111,,,,Nuit avec éclairage allumé,Hors agglomération,Hors intersection,Normale,Autre collision,,,,,,,,,,,5,1,1,1,6
200600083195,0006-11-26 14:30:00,6,11,26,14,30,971,111,section gadet,,,Plein jour,Hors agglomération,Hors intersection,Normale,Deux véhicules - frontale,,,,,,,,,,,1,1,1,1,1
200600083196,0006-11-07 08:05:00,6,11,7,8,5,971,109,GOURBEYRE à BASSE-TERRE,,,Plein jour,Hors agglomération,Hors intersection,Normale,Trois véhicules et plus - collisions multiples,,,,,,,,,,,1,1,1,1,5
200600083197,0006-11-17 18:20:00,6,11,17,18,20,971,132,Section Gros Morne  Dolé,,,Nuit sans éclairage public,Hors agglomération,Hors intersection,Normale,Deux véhicules - frontale,,,,,,,,,,,3,1,1,1,1
200600083198,0006-11-10 17:40:00,6,11,10,17,40,971,114,Section Barthélémy,,,Nuit sans éclairage public,Hors agglomération,Hors intersection,Normale,Deux véhicules - côté,,,,,,,,,,,3,1,1,1,3
200600083199,0006-11-18 16:15:00,6,11,18,16,15,971,107,,,,Plein jour,Hors agglomération,Hors intersection,Normale,Deux véhicules - frontale,,,,,,,,,,,1,1,1,1,1
200600083200,0006-11-19 19:15:00,6,11,19,19,15,971,114,"y et Sainte-Claire, RN 1",,,Nuit sans éclairage public,Hors agglomération,Hors intersection,Temps couvert,Deux véhicules - arrière,,,,,,,,,,,3,1,1,8,2
200600083201,0006-11-02 18:30:00,6,11,2,18,30,971,123,Quartier SAINT JEAN,,,Nuit sans éclairage public,Hors agglomération,Hors intersection,Temps couvert,Deux véhicules - frontale,,,,,,,,,,,3,1,1,8,1
200600083202,0006-11-17 20:30:00,6,11,17,20,30,971,129,Dubic section Montplaisi,,,Nuit avec éclairage allumé,En agglomération,Hors intersection,Normale,Deux véhicules - frontale,,,,,,,,,,,5,2,1,1,1
200600083203,0006-11-15 17:00:00,6,11,15,17,0,971,117,"e Chazeau, Grands Fonds",,,Plein jour,Hors agglomération,Hors intersection,Normale,Deux véhicules - frontale,,,,,,,,,,,1,1,1,1,1
200600083204,0006-11-10 16:45:00,6,11,10,16,45,971,119,,,,Plein jour,Hors agglomération,Hors intersection,Normale,Deux véhicules - frontale,,,,,,,,,,,1,1,1,1,1
200600083205,0006-11-06 06:00:00,6,11,6,6,0,971,125,,,,Crépuscule ou aube,Hors agglomération,Hors intersection,Normale,Sans collision,,,,,,,,,,,2,1,1,1,7
200600083206,0006-11-13 08:30:00,6,11,13,8,30,971,125,rue de la république,,,Plein jour,En agglomération,Hors intersection,Normale,Deux véhicules - frontale,,,,,,,,,,,1,2,1,1,1
200600083207,0006-11-19 01:00:00,6,11,19,1,0,971,125,nale 4 - Section Blonval,,,Nuit sans éclairage public,Hors agglomération,Hors intersection,Normale,Sans collision,,,,,,,,,,,3,1,1,1,7
200600083208,0006-11-24 18:30:00,6,11,24,18,30,971,125,,,,Nuit avec éclairage allumé,Hors agglomération,Hors intersection,Normale,Autre collision,,,,,,,,,,,5,1,1,1,6
200600083209,0006-11-28 06:45:00,6,11,28,6,45,971,128,CD 102 - Belle place,,,Plein jour,Hors agglomération,Hors intersection,Normale,Autre collision,,,,,,,,,,,1,1,1,1,6
200600083210,0006-11-13 18:00:00,6,11,13,18,0,971,116,,,,Nuit sans éclairage public,Hors agglomération,Hors intersection,Normale,Trois véhicules et plus - collisions multiples,,,,,,,,,,,3,1,1,1,5
200600083211,0006-11-25 20:10:00,6,11,25,20,10,971,116,RN 106 VIEUX BOURG,,,Nuit avec éclairage allumé,En agglomération,Hors intersection,Normale,Deux véhicules - frontale,,,,,,,,,,,5,2,1,1,1
200600083212,0006-11-15 23:45:00,6,11,15,23,45,973,307,,,,Nuit avec éclairage allumé,Hors agglomération,Hors intersection,Normale,Autre collision,,,,,,,,,,,5,1,1,1,6
200600083213,0006-11-26 15:00:00,6,11,26,15,0,973,305,PK16+600,,,Plein jour,Hors agglomération,Hors intersection,Normale,Deux véhicules - frontale,,,,,,,,,,,1,1,1,1,1
200600083214,0006-11-26 21:00:00,6,11,26,21,0,973,305,"piste DDA, Savane Matiti",,,Nuit sans éclairage public,Hors agglomération,Hors intersection,Normale,Autre collision,,,,,,,,,,,3,1,1,1,6
200600083215,0006-11-04 23:45:00,6,11,4,23,45,973,311,ROUTE DE ST JEAN,,,Nuit avec éclairage allumé,En agglomération,Hors intersection,Normale,Autre collision,,,,,,,,,,,5,2,1,1,6
200600083216,0006-11-28 23:15:00,6,11,28,23,15,973,306,PK 219 + 300,,,Nuit sans éclairage public,Hors agglomération,Hors intersection,Pluie légère,Autre collision,,,,,,,,,,,3,1,1,2,6
200600083217,0006-11-26 20:00:00,6,11,26,20,0,974,418,,,,Nuit sans éclairage public,Hors agglomération,Hors intersection,Normale,Autre collision,,,,,,,,,,,3,1,1,1,6
200600083218,0006-11-18 13:30:00,6,11,18,13,30,974,420,AVENUE  MENDES FRANCE,,,Plein jour,En agglomération,Hors intersection,Normale,Deux véhicules - côté,,,,,,,,,,,1,2,1,1,3
200600083219,0006-11-03 12:00:00,6,11,3,12,0,974,415,,,,Plein jour,Hors agglomération,Hors intersection,Normale,Deux véhicules - arrière,,,,,,,,,,,1,1,1,1,2
200600083220,0006-11-08 07:30:00,6,11,8,7,30,974,415,,,,Plein jour,Hors agglomération,Hors intersection,Normale,Deux véhicules - frontale,,,,,,,,,,,1,1,1,1,1
200600083221,0006-11-23 07:45:00,6,11,23,7,45,974,415,Rond-point de Savanna,,,Plein jour,En agglomération,Giratoire,Normale,Deux véhicules - côté,,,,,,,,,,,1,2,6,1,3
200600083222,0006-11-28 17:30:00,6,11,28,17,30,974,415,RN 1,,,Plein jour,Hors agglomération,Hors intersection,Normale,Deux véhicules - frontale,,,,,,,,,,,1,1,1,1,1
200600083223,0006-11-28 18:40:00,6,11,28,18,40,974,496,Rue de la Saline,,,Crépuscule ou aube,En agglomération,Autre intersection,Normale,Autre collision,,,,,,,,,,,2,2,9,1,6
200600083224,0006-11-18 12:00:00,6,11,18,12,0,974,415,du Point Kilométrique 2,,,Plein jour,Hors agglomération,Hors intersection,Normale,Deux véhicules - frontale,,,,,,,,,,,1,1,1,1,1
200600083225,0006-11-21 23:00:00,6,11,21,23,0,974,415,panon - CD 6 - LA SALINE,,,Nuit sans éclairage public,En agglomération,Hors intersection,Normale,Deux véhicules - frontale,,,,,,,,,,,3,2,1,1,1
200600083226,0006-11-11 10:30:00,6,11,11,10,30,974,468,RN 1 Lieudit Le Gouffre,,,Plein jour,Hors agglomération,Hors intersection,Normale,Deux véhicules - côté,,,,,,,,,,,1,1,1,1,3
200600083227,0006-11-02 20:30:00,6,11,2,20,30,974,413,rue général lambert,,,Nuit avec éclairage allumé,En agglomération,Hors intersection,Normale,Deux véhicules - côté,,,,,,,,,,,5,2,1,1,3
200600083228,0006-11-28 11:45:00,6,11,28,11,45,974,413,,,,Plein jour,Hors agglomération,Hors intersection,Normale,Deux véhicules - frontale,,,,,,,,,,,1,1,1,1,1
200600083229,0006-11-03 21:30:00,6,11,3,21,30,974,414,Rue Voltaire - Les Makes,,,Nuit sans éclairage public,En agglomération,Hors intersection,Normale,Sans collision,,,,,,,,,,,3,2,1,1,7
200600083230,0006-11-06 15:30:00,6,11,6,15,30,974,414,Avenue Pasteur,,,Plein jour,En agglomération,Hors intersection,Normale,Autre collision,,,,,,,,,,,1,2,1,1,6
200600083231,0006-11-07 17:15:00,6,11,7,17,15,974,414,Chemin Kervéguen,,,Plein jour,En agglomération,Intersection en X,Normale,Deux véhicules - côté,,,,,,,,,,,1,2,2,1,3
200600083232,0006-11-21 18:45:00,6,11,21,18,45,974,414,10 rue auguste Larrée 97,,,Nuit avec éclairage allumé,En agglomération,Hors intersection,Normale,Deux véhicules - frontale,,,,,,,,,,,5,2,1,1,1
200600083233,0006-11-06 18:30:00,6,11,6,18,30,974,412,,,,Plein jour,Hors agglomération,Hors intersection,Normale,Sans collision,,,,,,,,,,,1,1,1,1,7
200600083234,0006-11-26 10:30:00,6,11,26,10,30,974,412,in des Glycines à Bézave,,,Plein jour,Hors agglomération,Hors intersection,Normale,Deux véhicules - frontale,,,,,,,,,,,1,1,1,1,1
200600083235,0006-11-26 03:15:00,6,11,26,3,15,974,417,"te nationale 2, PK 98600",,,Nuit sans éclairage public,En agglomération,Hors intersection,Temps couvert,Autre collision,,,,,,,,,,,3,2,1,8,6
200600083236,0006-11-04 20:15:00,6,11,4,20,15,974,422,rt de Lisle et rue KERVE,,,Nuit avec éclairage allumé,En agglomération,Intersection en X,Normale,Deux véhicules - côté,,,,,,,,,,,5,2,2,1,3
200600083237,0006-11-13 19:15:00,6,11,13,19,15,974,422,ch. chalet,,,Nuit sans éclairage public,En agglomération,Intersection en X,Normale,Deux véhicules - côté,,,,,,,,,,,3,2,2,1,3
200600083266,0006-11-11 08:20:00,6,11,11,8,20,971,103,Section Dupuy,,,Plein jour,Hors agglomération,Hors intersection,Normale,Autre collision,,,,,,,,,,,1,1,1,1,6
200600083272,0006-11-01 16:45:00,6,11,1,16,45,974,440,Chemin des orangers,,,Plein jour,En agglomération,Hors intersection,Normale,Deux véhicules - frontale,,,,,,,,,,,1,2,1,1,1
200600083273,0006-11-03 23:30:00,6,11,3,23,30,974,448,Rue pierre DEGUIGNE,,,Nuit avec éclairage allumé,En agglomération,Hors intersection,Normale,Autre collision,,,,,,,,,,,5,2,1,1,6
200600083276,0006-11-06 21:15:00,6,11,6,21,15,971,127,carrefour RN.7/ bas B.O,,,Nuit avec éclairage allumé,En agglomération,Hors intersection,Normale,Deux véhicules - frontale,,,,,,,,,,,5,2,1,1,1
200600083277,0006-11-12 01:00:00,6,11,12,1,0,971,127,Impasse Adams ALEXANDER,,,Nuit avec éclairage allumé,En agglomération,Hors intersection,Normale,Deux véhicules - côté,,,,,,,,,,,5,2,1,1,3
200600083278,0006-11-11 15:45:00,6,11,11,15,45,973,304,RUE  sedar senghor,,,Plein jour,En agglomération,Hors intersection,Normale,Deux véhicules - frontale,,,,,,,,,,,1,2,1,1,1
200600083279,0006-11-17 15:45:00,6,11,17,15,45,973,304,Rue Justin CATAYE,,,Plein jour,En agglomération,Hors intersection,Normale,Deux véhicules - frontale,,,,,,,,,,,1,2,1,1,1
200600083281,0006-11-06 07:15:00,6,11,6,7,15,974,418,Goulette/ Rue Bourgeois,,,Plein jour,En agglomération,Hors intersection,Normale,Deux véhicules - côté,,,,,,,,,,,1,2,1,1,3
200600083282,0006-11-12 17:45:00,6,11,12,17,45,974,418,ros - Rivière des pluies,,,Crépuscule ou aube,Hors agglomération,Autre intersection,Pluie forte,Deux véhicules - frontale,,,,,,,,,,,2,1,9,3,1
200600083283,0006-11-27 12:00:00,6,11,27,12,0,972,227,,,,Plein jour,Hors agglomération,Hors intersection,Pluie légère,Deux véhicules - frontale,,,,,,,,,,,1,1,1,2,1
200600083286,0006-11-10 15:15:00,6,11,10,15,15,971,105,GOUVERNEUR DU LYON (AVE),,,Plein jour,En agglomération,Hors intersection,Normale,Autre collision,,,,,,,,,,,1,2,1,1,6
200600083287,0006-11-06 07:00:00,6,11,6,7,0,971,107,"0, GERARD MARIANNE",,,Plein jour,Hors agglomération,Hors intersection,Normale,Deux véhicules - frontale,,,,,,,,,,,1,1,1,1,1
200600083288,0006-11-22 07:45:00,6,11,22,7,45,971,107,"00, DELGRES ( BOULEVARD",,,Plein jour,En agglomération,Hors intersection,Pluie légère,Autre collision,,,,,,,,,,,1,2,1,2,6
200600083289,0006-11-07 18:15:00,6,11,7,18,15,971,113,"RN4, RN4 - SECTION RIVIE",,,Nuit sans éclairage public,Hors agglomération,Intersection en T,Normale,Deux véhicules - côté,,,,,,,,,,,3,1,3,1,3
200600083290,0006-11-03 15:15:00,6,11,3,15,15,971,113,BAS DU FORT,,,Plein jour,Hors agglomération,Hors intersection,Normale,Deux véhicules - côté,,,,,,,,,,,1,1,1,1,3
200600083291,0006-11-15 14:45:00,6,11,15,14,45,971,101,"00, MARECHAL LECLERC",,,Plein jour,Hors agglomération,Intersection en X,Normale,Deux véhicules - côté,,,,,,,,,,,1,1,2,1,3
200600083292,0006-11-17 20:58:00,6,11,17,20,58,971,101,"00, CADUC",,,Nuit sans éclairage public,Hors agglomération,Hors intersection,Normale,Deux véhicules - frontale,,,,,,,,,,,3,1,1,1,1
200600083293,0006-11-20 17:20:00,6,11,20,17,20,972,213,ROUTE DEPARTEMENTALE 14,,,Plein jour,Hors agglomération,Intersection en T,Normale,Deux véhicules - côté,,,,,,,,,,,1,1,3,1,3
200600083294,0006-11-07 13:45:00,6,11,7,13,45,972,213,AUTOROUTE A1,,,Plein jour,Hors agglomération,Hors intersection,Pluie forte,Trois véhicules et plus - en chaîne,,,,,,,,,,,1,1,1,3,4
200600083295,0006-11-17 13:00:00,6,11,17,13,0,972,213,,,,Plein jour,Hors agglomération,Giratoire,Normale,Deux véhicules - arrière,,,,,,,,,,,1,1,6,1,2
200600083296,0006-11-03 03:45:00,6,11,3,3,45,972,213,ROUTE DEPARTEMENTALE 15,,,Plein jour,Hors agglomération,Giratoire,Normale,Deux véhicules - frontale,,,,,,,,,,,1,1,6,1,1
200600083297,0006-11-04 18:15:00,6,11,4,18,15,972,213,ROUTE DEPARTEMENTALE 3,,,Crépuscule ou aube,Hors agglomération,Intersection en X,Normale,Deux véhicules - frontale,,,,,,,,,,,2,1,2,1,1
200600083298,0006-11-07 10:15:00,6,11,7,10,15,972,213,ROUTE DEPARTEMENTALE 3,,,Plein jour,Hors agglomération,Hors intersection,Normale,Autre collision,,,,,,,,,,,1,1,1,1,6
200600083299,0006-11-09 12:10:00,6,11,9,12,10,972,213,ROUTE NATIONALE 1,,,Plein jour,Hors agglomération,Hors intersection,Normale,Deux véhicules - arrière,,,,,,,,,,,1,1,1,1,2
200600083300,0006-11-10 17:55:00,6,11,10,17,55,972,213,MORNE PITAULT (ROUTE DE),,,Crépuscule ou aube,Hors agglomération,Hors intersection,Normale,Deux véhicules - frontale,,,,,,,,,,,2,1,1,1,1
200600083301,0006-11-12 11:45:00,6,11,12,11,45,972,213,ROUTE DEPARTEMENTALE 14,,,Plein jour,Hors agglomération,Giratoire,Normale,Deux véhicules - frontale,,,,,,,,,,,1,1,6,1,1
200600083302,0006-11-15 09:50:00,6,11,15,9,50,972,213,Z I LA JAMBETTE,,,Plein jour,Hors agglomération,Hors intersection,Normale,Autre collision,,,,,,,,,,,1,1,1,1,6
200600083303,0006-11-17 17:25:00,6,11,17,17,25,972,213,AUTOROUTE A1,,,Plein jour,Hors agglomération,Hors intersection,Normale,Deux véhicules - frontale,,,,,,,,,,,1,1,1,1,1
200600083304,0006-11-21 09:50:00,6,11,21,9,50,972,213,ROUTE DEPARTEMENTALE 3,,,Plein jour,Hors agglomération,Hors intersection,Normale,Deux véhicules - frontale,,,,,,,,,,,1,1,1,1,1
200600083305,0006-11-25 20:40:00,6,11,25,20,40,972,213,ROUTE NATIONALE 6,,,Plein jour,Hors agglomération,Hors intersection,Normale,Autre collision,,,,,,,,,,,1,1,1,1,6
200600083306,0006-11-26 10:25:00,6,11,26,10,25,972,213,ROUTE DEPARTEMENTALE 15,,,Plein jour,Hors agglomération,Intersection en T,Normale,Deux véhicules - côté,,,,,,,,,,,1,1,3,1,3
200600083307,0006-11-27 14:15:00,6,11,27,14,15,972,213,ROUTE DEPARTEMENTALE 3,,,Plein jour,En agglomération,Hors intersection,Normale,Deux véhicules - arrière,,,,,,,,,,,1,2,1,1,2
200600083308,0006-11-28 07:20:00,6,11,28,7,20,972,213,CROIX RIVAIL,,,Plein jour,Hors agglomération,Hors intersection,Normale,Deux véhicules - côté,,,,,,,,,,,1,1,1,1,3
200600083309,0006-11-12 16:15:00,6,11,12,16,15,972,213,CHEMIN DU BAC,,,Plein jour,Hors agglomération,Hors intersection,Normale,Autre collision,,,,,,,,,,,1,1,1,1,6
200600083310,0006-11-02 18:51:00,6,11,2,18,51,973,302,MADELEINE (ROUTE DE LA),,,Nuit avec éclairage allumé,Hors agglomération,Hors intersection,Normale,Deux véhicules - côté,,,,,,,,,,,5,1,1,1,3
200600083311,0006-11-06 17:33:00,6,11,6,17,33,973,302,COLLERY (ZONE INDUSTRIEL,,,Plein jour,Hors agglomération,Hors intersection,Normale,Autre collision,,,,,,,,,,,1,1,1,1,6
200600083312,0006-11-06 11:23:00,6,11,6,11,23,973,302,CABASSOU (ROUTE DE),,,Plein jour,En agglomération,Hors intersection,Normale,Deux véhicules - côté,,,,,,,,,,,1,2,1,1,3
200600083313,0006-11-07 19:00:00,6,11,7,19,0,973,302,Route de Raban,,,Nuit avec éclairage allumé,En agglomération,Hors intersection,Normale,Deux véhicules - côté,,,,,,,,,,,5,2,1,1,3
200600083314,0006-11-09 07:10:00,6,11,9,7,10,973,302,MONTABO (ROUTE DE) 3,,,Plein jour,En agglomération,Intersection en X,Normale,Autre collision,,,,,,,,,,,1,2,2,1,6
200600083315,0006-11-11 23:25:00,6,11,11,23,25,973,302,"18, GALMOT (AVENUE)",,,Nuit avec éclairage allumé,En agglomération,Hors intersection,Normale,Autre collision,,,,,,,,,,,5,2,1,1,6
200600083316,0006-11-10 08:00:00,6,11,10,8,0,973,302,MADELEINE (ROUTE DE LA),,,Plein jour,En agglomération,Intersection en X,Normale,Deux véhicules - côté,,,,,,,,,,,1,2,2,1,3
200600083317,0006-11-13 07:05:00,6,11,13,7,5,973,302,"33, 14 ET 22 JUIN 1962",,,Plein jour,En agglomération,Intersection en X,Normale,Deux véhicules - côté,,,,,,,,,,,1,2,2,1,3
200600083318,0006-11-11 16:00:00,6,11,11,16,0,973,302,LAURIE (CITE),,,Plein jour,En agglomération,Intersection en X,Normale,Deux véhicules - côté,,,,,,,,,,,1,2,2,1,3
200600083319,0006-11-11 19:07:00,6,11,11,19,7,973,302,"5, NOVAPARC (RESIDENCE)",,,Nuit sans éclairage public,En agglomération,Hors intersection,Normale,Deux véhicules - côté,,,,,,,,,,,3,2,1,1,3
200600083320,0006-11-10 21:15:00,6,11,10,21,15,973,302,Route de Raban,,,Nuit avec éclairage allumé,En agglomération,Hors intersection,Normale,Deux véhicules - côté,,,,,,,,,,,5,2,1,1,3
200600083321,0006-11-12 01:09:00,6,11,12,1,9,973,302,TARZAN (PISTE),,,Nuit avec éclairage allumé,En agglomération,Hors intersection,Normale,Autre collision,,,,,,,,,,,5,2,1,1,6
200600083322,0006-11-11 11:23:00,6,11,11,11,23,973,302,COLIBRIS (LOTISSEMENT),,,Plein jour,Hors agglomération,Hors intersection,Normale,Autre collision,,,,,,,,,,,1,1,1,1,6
200600083323,0006-11-12 13:20:00,6,11,12,13,20,973,302,MADELEINE (ROUTE DE LA),,,Plein jour,En agglomération,Hors intersection,Normale,Deux véhicules - côté,,,,,,,,,,,1,2,1,1,3
200600083324,0006-11-13 18:16:00,6,11,13,18,16,973,302,"461, MADELEINE (ROUTE DE",,,Crépuscule ou aube,En agglomération,Hors intersection,Normale,Autre collision,,,,,,,,,,,2,2,1,1,6
200600083325,0006-11-07 12:20:00,6,11,7,12,20,973,302,ROCADE FELIX EBOUE,,,Plein jour,Hors agglomération,Hors intersection,Normale,Deux véhicules - côté,,,,,,,,,,,1,1,1,1,3
200600083326,0006-11-14 18:25:00,6,11,14,18,25,973,302,TIGRE (ROUTE DU),,,Nuit avec éclairage allumé,En agglomération,Hors intersection,Normale,Deux véhicules - côté,,,,,,,,,,,5,2,1,1,3
200600083327,0006-11-09 16:09:00,6,11,9,16,9,973,302,REPUBLIQUE (BD DE LA),,,Plein jour,En agglomération,Intersection en X,Normale,Trois véhicules et plus - en chaîne,,,,,,,,,,,1,2,2,1,4
200600083328,0006-11-13 12:45:00,6,11,13,12,45,973,302,CARREFOUR SUZINI,,,Plein jour,En agglomération,Hors intersection,Normale,Deux véhicules - côté,,,,,,,,,,,1,2,1,1,3
200600083329,0006-11-15 12:11:00,6,11,15,12,11,973,302,ROUTE NATIONALE I,,,Plein jour,Hors agglomération,Hors intersection,Normale,Deux véhicules - côté,,,,,,,,,,,1,1,1,1,3
200600083330,0006-11-16 12:28:00,6,11,16,12,28,973,302,BADUEL (ROUTE DE),,,Plein jour,En agglomération,Hors intersection,Normale,Deux véhicules - côté,,,,,,,,,,,1,2,1,1,3