accident_id,datetime,annee,mois,jour,heure,minute,departement,commune_insee,adresse,latitude,longitude,luminosite,agglomeration,intersection,meteo,collision,nb_vehicules,nb_usagers,nb_indemnes,nb_tues,nb_blesses_hosp,nb_blesses_legers,age_cond_1,age_cond_2,veh_type_cond_1,veh_type_cond_2,lum_code,agg_code,int_code,atm_code,col_code
200600083331,0006-11-18 18:16:00,6,11,18,18,16,973,302,"25, EAU-LISETTE (CITE)",,,Crépuscule ou aube,En agglomération,Hors intersection,Normale,Autre collision,,,,,,,,,,,2,2,1,1,6
200600083332,0006-11-18 16:09:00,6,11,18,16,9,973,302,BADUEL (ROUTE DE),,,Plein jour,En agglomération,Hors intersection,Normale,Deux véhicules - côté,,,,,,,,,,,1,2,1,1,3
200600083333,0006-11-18 08:53:00,6,11,18,8,53,973,302,BADUEL (ROUTE DE),,,Plein jour,En agglomération,Intersection en X,Normale,Deux véhicules - côté,,,,,,,,,,,1,2,2,1,3
200600083334,0006-11-20 18:50:00,6,11,20,18,50,973,302,"1128, Route de Raban",,,Crépuscule ou aube,Hors agglomération,Hors intersection,Normale,Autre collision,,,,,,,,,,,2,1,1,1,6
200600083335,0006-11-20 20:25:00,6,11,20,20,25,973,302,"158, BADUEL (ROUTE DE)",,,Nuit avec éclairage allumé,En agglomération,Hors intersection,Normale,Deux véhicules - arrière,,,,,,,,,,,5,2,1,1,2
200600083336,0006-11-21 10:47:00,6,11,21,10,47,973,302,BADUEL (ROUTE DE),,,Plein jour,En agglomération,Hors intersection,Normale,Deux véhicules - côté,,,,,,,,,,,1,2,1,1,3
200600083337,0006-11-18 10:54:00,6,11,18,10,54,973,302,RD POINT CRIQUE FOUILLEE,,,Plein jour,Hors agglomération,Giratoire,Normale,Sans collision,,,,,,,,,,,1,1,6,1,7
200600083338,0006-11-23 08:44:00,6,11,23,8,44,973,302,MONTABO (ROUTE DE) 3,,,Plein jour,En agglomération,Hors intersection,Normale,Deux véhicules - côté,,,,,,,,,,,1,2,1,1,3
200600083339,0006-11-24 19:10:00,6,11,24,19,10,973,302,MADELEINE (ROUTE DE LA),,,Nuit avec éclairage allumé,En agglomération,Hors intersection,Normale,Deux véhicules - côté,,,,,,,,,,,5,2,1,1,3
200600083340,0006-11-25 05:20:00,6,11,25,5,20,973,302,BRASSE (LIEUTENANT),,,Nuit avec éclairage allumé,En agglomération,Hors intersection,Normale,Deux véhicules - côté,,,,,,,,,,,5,2,1,1,3
200600083341,0006-11-28 12:20:00,6,11,28,12,20,973,302,REPUBLIQUE (BD DE LA),,,Plein jour,En agglomération,Hors intersection,Normale,Autre collision,,,,,,,,,,,1,2,1,1,6
200600083342,0006-11-28 07:41:00,6,11,28,7,41,973,302,RD POINT MARINGOUINS,,,Plein jour,En agglomération,Hors intersection,Normale,Deux véhicules - côté,,,,,,,,,,,1,2,1,1,3
200600083343,0006-11-29 13:00:00,6,11,29,13,0,973,302,MADELEINE (ROUTE DE LA),,,Plein jour,En agglomération,Hors intersection,Normale,Deux véhicules - arrière,,,,,,,,,,,1,2,1,1,2
200600083344,0006-11-28 16:55:00,6,11,28,16,55,973,302,"73, ZEPHIR (CITE)",,,Plein jour,En agglomération,Hors intersection,Pluie légère,Deux véhicules - frontale,,,,,,,,,,,1,2,1,2,1
200600083345,0006-11-02 20:30:00,6,11,2,20,30,974,407,"06, 20 DECEMBRE 1948(AVE",,,Nuit avec éclairage allumé,En agglomération,Hors intersection,Normale,Autre collision,,,,,,,,,,,5,2,1,1,6
200600083346,0006-11-12 10:35:00,6,11,12,10,35,974,407,"13, RUE AUGUSTE RODIN",,,Plein jour,En agglomération,Hors intersection,Normale,Autre collision,,,,,,,,,,,1,2,1,1,6
200600083347,0006-11-12 18:34:00,6,11,12,18,34,974,407,BD DE LA COMPAGNIE DES I,,,Crépuscule ou aube,Hors agglomération,Hors intersection,Normale,Sans collision,,,,,,,,,,,2,1,1,1,7
200600083348,0006-11-13 18:15:00,6,11,13,18,15,974,407,GEOFFROY(RUE),,,Crépuscule ou aube,En agglomération,Hors intersection,Normale,Autre collision,,,,,,,,,,,2,2,1,1,6
200600083349,0006-11-15 15:08:00,6,11,15,15,8,974,407,ALLEE AVICENNES,,,Plein jour,En agglomération,Hors intersection,Normale,Autre collision,,,,,,,,,,,1,2,1,1,6
200600083350,0006-11-21 08:00:00,6,11,21,8,0,974,407,BD DE LA COMPAGNIE DES I,,,Plein jour,En agglomération,Hors intersection,Normale,Sans collision,,,,,,,,,,,1,2,1,1,7
200600083351,0006-11-21 15:10:00,6,11,21,15,10,974,407,ROUTE DU SACRE COEUR,,,Plein jour,En agglomération,Hors intersection,Normale,Autre collision,,,,,,,,,,,1,2,1,1,6
200600083352,0006-11-24 12:50:00,6,11,24,12,50,974,407,MONDON (AVENUE),,,Plein jour,En agglomération,Intersection en T,Normale,Deux véhicules - côté,,,,,,,,,,,1,2,3,1,3
200600083353,0006-11-26 21:00:00,6,11,26,21,0,974,407,LAUDE E(RUE),,,Nuit avec éclairage allumé,En agglomération,Hors intersection,Normale,Deux véhicules - arrière,,,,,,,,,,,5,2,1,1,2
200600083354,0006-11-29 17:20:00,6,11,29,17,20,974,407,OWENS JAMES,,,Plein jour,En agglomération,Hors intersection,Pluie légère,Trois véhicules et plus - collisions multiples,,,,,,,,,,,1,2,1,2,5
200600083355,0006-11-04 02:40:00,6,11,4,2,40,974,411,"39, PROVIDENCE (BOULEVAR",,,Nuit avec éclairage allumé,En agglomération,Hors intersection,Normale,Autre collision,,,,,,,,,,,5,2,1,1,6
200600083356,0006-11-02 19:40:00,6,11,2,19,40,974,411,"11, NOTRE DAME DE LA TRI",,,Nuit avec éclairage allumé,En agglomération,Hors intersection,Normale,Deux véhicules - frontale,,,,,,,,,,,5,2,1,1,1
200600083357,0006-11-04 03:45:00,6,11,4,3,45,974,411,RN2/043,,,Nuit avec éclairage allumé,En agglomération,Hors intersection,Normale,Autre collision,,,,,,,,,,,5,2,1,1,6
200600083358,0006-11-06 13:30:00,6,11,6,13,30,974,411,"1, GAULLE (DU GENERAL DE",,,Plein jour,En agglomération,Hors intersection,Normale,Deux véhicules - arrière,,,,,,,,,,,1,2,1,1,2
200600083359,0006-11-05 20:15:00,6,11,5,20,15,974,411,"4, MUSCADIER (RUE DU)",,,Nuit sans éclairage public,En agglomération,Hors intersection,Normale,Deux véhicules - arrière,,,,,,,,,,,3,2,1,1,2
200600083360,0006-11-10 01:30:00,6,11,10,1,30,974,411,"25, PROVIDENCE (BOULEVAR",,,Nuit avec éclairage allumé,En agglomération,Hors intersection,Normale,Autre collision,,,,,,,,,,,5,2,1,1,6
200600083361,0006-11-07 07:50:00,6,11,7,7,50,974,411,JAURES (BOULEVARD JEAN),,,Plein jour,En agglomération,Hors intersection,Normale,Deux véhicules - arrière,,,,,,,,,,,1,2,1,1,2
200600083362,0006-11-12 22:10:00,6,11,12,22,10,974,411,JAURES (BOULEVARD JEAN),,,Nuit avec éclairage allumé,En agglomération,Hors intersection,Temps couvert,Autre collision,,,,,,,,,,,5,2,1,8,6
200600083363,0006-11-13 14:30:00,6,11,13,14,30,974,411,"4, DORET 1 (BOULEVARD)",,,Plein jour,En agglomération,Hors intersection,Normale,Autre collision,,,,,,,,,,,1,2,1,1,6
200600083364,0006-11-14 06:15:00,6,11,14,6,15,974,411,"97, LECONTE DE LISLE (AV",,,Plein jour,En agglomération,Hors intersection,Normale,Autre collision,,,,,,,,,,,1,2,1,1,6
200600083365,0006-11-10 18:40:00,6,11,10,18,40,974,411,"354, LECLERC (DU MARECHA",,,Nuit avec éclairage allumé,En agglomération,Intersection en T,Normale,Deux véhicules - côté,,,,,,,,,,,5,2,3,1,3
200600083366,0006-11-11 04:05:00,6,11,11,4,5,974,411,RN2/043,,,Nuit avec éclairage allumé,En agglomération,Hors intersection,Normale,Sans collision,,,,,,,,,,,5,2,1,1,7
200600083367,0006-11-09 16:40:00,6,11,9,16,40,974,411,"2, DEBASSYNS (AVENUE)",,,Plein jour,En agglomération,Hors intersection,Normale,Deux véhicules - côté,,,,,,,,,,,1,2,1,1,3
200600083368,0006-11-16 17:00:00,6,11,16,17,0,974,411,"1, MACE (BOULEVARD GABRI",,,Plein jour,En agglomération,Hors intersection,Pluie légère,Deux véhicules - frontale,,,,,,,,,,,1,2,1,2,1
200600083369,0006-11-16 18:10:00,6,11,16,18,10,974,411,BRASSENS (AVENUE GEORGES,,,Crépuscule ou aube,En agglomération,Hors intersection,Normale,Autre collision,,,,,,,,,,,2,2,1,1,6
200600083370,0006-11-17 15:17:00,6,11,17,15,17,974,411,VINH-SAN (BLD 1 DU PRINC,,,Plein jour,En agglomération,Hors intersection,Pluie légère,Sans collision,,,,,,,,,,,1,2,1,2,7
200600083371,0006-11-17 16:05:00,6,11,17,16,5,974,411,"77, GUYON (FELIX)",,,Plein jour,En agglomération,Hors intersection,Normale,Autre collision,,,,,,,,,,,1,2,1,1,6
200600083372,0006-11-18 17:09:00,6,11,18,17,9,974,411,MACE (BOULEVARD GABRIEL),,,Plein jour,En agglomération,Hors intersection,Normale,Autre collision,,,,,,,,,,,1,2,1,1,6
200600083373,0006-11-20 08:08:00,6,11,20,8,8,974,411,ANNE (SAINTE-),,,Plein jour,En agglomération,Intersection en X,Normale,Deux véhicules - côté,,,,,,,,,,,1,2,2,1,3
200600083374,0006-11-16 10:23:00,6,11,16,10,23,974,411,"17d, RIVIERE DES PLUIES",,,Plein jour,En agglomération,Hors intersection,Normale,Deux véhicules - frontale,,,,,,,,,,,1,2,1,1,1
200600083375,0006-11-17 13:00:00,6,11,17,13,0,974,411,"17, LORY LES HAUTS (RUE)",,,Plein jour,En agglomération,Hors intersection,Pluie légère,Autre collision,,,,,,,,,,,1,2,1,2,6
200600083376,0006-11-18 15:05:00,6,11,18,15,5,974,411,MONTAUBAN (CHEMIN DE),,,Plein jour,En agglomération,Hors intersection,Normale,Deux véhicules - frontale,,,,,,,,,,,1,2,1,1,1
200600083377,0006-11-25 07:25:00,6,11,25,7,25,974,411,REPUBLIQUE (RUE DE LA),,,Plein jour,En agglomération,Hors intersection,Normale,Autre collision,,,,,,,,,,,1,2,1,1,6
200600083378,0006-11-25 14:10:00,6,11,25,14,10,974,411,LATTRE DE TASSIGNY (AVEN,,,Plein jour,En agglomération,Hors intersection,Normale,Autre collision,,,,,,,,,,,1,2,1,1,6
200600083379,0006-11-25 19:38:00,6,11,25,19,38,974,411,"141, DUFOURG LES HAUTS (",,,Nuit avec éclairage non allumé,En agglomération,Hors intersection,Normale,Deux véhicules - frontale,,,,,,,,,,,4,2,1,1,1
200600083380,0006-11-27 03:45:00,6,11,27,3,45,974,411,"1, PAGNOL (RUE MARCEL)",,,Nuit avec éclairage allumé,En agglomération,Intersection en T,Normale,Deux véhicules - côté,,,,,,,,,,,5,2,3,1,3
200600083381,0006-11-27 09:44:00,6,11,27,9,44,974,411,"1, LORY LES BAS (RUE)",,,Plein jour,En agglomération,Hors intersection,Normale,Deux véhicules - arrière,,,,,,,,,,,1,2,1,1,2
200600083382,0006-11-26 20:30:00,6,11,26,20,30,974,411,LECONTE DE LISLE (AVENUE,,,Nuit avec éclairage allumé,En agglomération,Intersection en X,Normale,Deux véhicules - côté,,,,,,,,,,,5,2,2,1,3
200600083383,0006-11-21 17:20:00,6,11,21,17,20,974,411,CHAUDRON  (BLD 1 DU),,,Plein jour,En agglomération,Hors intersection,Normale,Autre collision,,,,,,,,,,,1,2,1,1,6
200600083384,0006-11-29 16:02:00,6,11,29,16,2,974,411,"21, PROVIDENCE (BOULEVAR",,,Plein jour,En agglomération,Hors intersection,Pluie légère,Autre collision,,,,,,,,,,,1,2,1,2,6
200600083385,0006-11-29 17:15:00,6,11,29,17,15,974,411,"66, DEUX CANONS (DES)",,,Plein jour,En agglomération,Hors intersection,Normale,Autre collision,,,,,,,,,,,1,2,1,1,6
200600083386,0006-11-29 20:02:00,6,11,29,20,2,974,411,"1, LANCASTEL (BOULEVARD)",,,Nuit avec éclairage allumé,En agglomération,Hors intersection,Normale,Deux véhicules - arrière,,,,,,,,,,,5,2,1,1,2
200600083387,0006-11-30 16:15:00,6,11,30,16,15,974,411,"1, COCOTIERS (AVENUE DES",,,Plein jour,En agglomération,Intersection en X,Normale,Deux véhicules - côté,,,,,,,,,,,1,2,2,1,3
200600083388,0006-11-20 08:53:00,6,11,20,8,53,974,411,"1, MAYOTTE (RUE DE)",,,Plein jour,En agglomération,Intersection en X,Normale,Deux véhicules - côté,,,,,,,,,,,1,2,2,1,3
200600083389,0006-11-21 19:20:00,6,11,21,19,20,974,411,"1, CAMELIAS (RUE DES)",,,Nuit avec éclairage allumé,En agglomération,Hors intersection,Normale,Autre collision,,,,,,,,,,,5,2,1,1,6
200600083390,0006-11-23 08:51:00,6,11,23,8,51,974,411,LANCASTEL (BOULEVARD),,,Plein jour,En agglomération,Hors intersection,Normale,Autre collision,,,,,,,,,,,1,2,1,1,6
200600083391,0006-11-01 11:00:00,6,11,1,11,0,974,411,CIMETIERE (DE L'EST),,,Plein jour,En agglomération,Hors intersection,Normale,Autre collision,,,,,,,,,,,1,2,1,1,6
200600083392,0006-11-05 03:00:00,6,11,5,3,0,974,411,JOFFRE (BOULEVARD),,,Nuit avec éclairage allumé,En agglomération,Intersection en X,Normale,Deux véhicules - côté,,,,,,,,,,,5,2,2,1,3
200600083393,0006-11-13 12:25:00,6,11,13,12,25,974,411,CANAL (CHEMIN DU GRAND),,,Plein jour,En agglomération,Hors intersection,Normale,Sans collision,,,,,,,,,,,1,2,1,1,7
200600083394,0006-11-04 03:30:00,6,11,4,3,30,974,416,BONS ENFANTS(RUE),,,Nuit avec éclairage allumé,En agglomération,Intersection en T,Normale,Deux véhicules - arrière,,,,,,,,,,,5,2,3,1,2
200600083395,0006-11-05 13:00:00,6,11,5,13,0,974,416,"SANS, HUBERT DE LISLE(BO",,,Plein jour,En agglomération,Hors intersection,Normale,Trois véhicules et plus - en chaîne,,,,,,,,,,,1,2,1,1,4
200600083396,0006-11-15 08:45:00,6,11,15,8,45,974,414,"sans, BOIS DE COULEURS (",,,Plein jour,En agglomération,Intersection en T,Normale,Deux véhicules - côté,,,,,,,,,,,1,2,3,1,3
200600083397,0006-11-20 16:00:00,6,11,20,16,0,974,414,"sans, AUMALE(RUE D')",,,Plein jour,En agglomération,Hors intersection,Normale,Autre collision,,,,,,,,,,,1,2,1,1,6
200600083398,0006-11-20 18:00:00,6,11,20,18,0,974,416,"SANS, PRESBYTERE(RUE)",,,Plein jour,En agglomération,Intersection en T,Normale,Deux véhicules - frontale,,,,,,,,,,,1,2,3,1,1
200600083399,0006-11-24 10:45:00,6,11,24,10,45,974,416,"SANS, LORION(RUE LUC)",,,Plein jour,En agglomération,Hors intersection,Normale,Sans collision,,,,,,,,,,,1,2,1,1,7
200600083400,0006-11-30 08:25:00,6,11,30,8,25,974,416,"SANS, ISAUTIER (RUE FRAN",,,Plein jour,En agglomération,Hors intersection,Normale,Autre collision,,,,,,,,,,,1,2,1,1,6
200600083435,0006-12-12 18:00:00,6,12,12,18,0,972,229,,,,Nuit sans éclairage public,Hors agglomération,Autre intersection,Normale,Autre collision,,,,,,,,,,,3,1,9,1,6
200600083436,0006-12-26 20:45:00,6,12,26,20,45,972,229,Fond Lahaye,,,Nuit avec éclairage allumé,En agglomération,Hors intersection,Normale,Deux véhicules - frontale,,,,,,,,,,,5,2,1,1,1
200600083437,0006-12-30 19:00:00,6,12,30,19,0,972,229,RN2 - lieu dit Madiana,,,Nuit sans éclairage public,En agglomération,Hors intersection,Normale,Autre collision,,,,,,,,,,,3,2,1,1,6
200600083438,0006-12-08 11:15:00,6,12,8,11,15,972,224,,,,Plein jour,Hors agglomération,Hors intersection,Normale,Autre collision,,,,,,,,,,,1,1,1,1,6
200600083439,0006-12-15 20:45:00,6,12,15,20,45,972,224,gondeau chemin palmiste,,,Nuit avec éclairage allumé,Hors agglomération,Hors intersection,Pluie légère,Sans collision,,,,,,,,,,,5,1,1,2,7
200600083440,0006-12-22 03:00:00,6,12,22,3,0,972,205,"er vétiver, fond bourlet",,,Nuit sans éclairage public,Hors agglomération,Hors intersection,Pluie légère,Deux véhicules - frontale,,,,,,,,,,,3,1,1,2,1
200600083441,0006-12-02 08:10:00,6,12,2,8,10,972,218,MPFLORE fond Marie Reine,,,Plein jour,Hors agglomération,Hors intersection,Pluie forte,Deux véhicules - frontale,,,,,,,,,,,1,1,1,3,1
200600083442,0006-12-13 05:00:00,6,12,13,5,0,972,210,quartier Bonny,,,Plein jour,Hors agglomération,Hors intersection,Normale,Deux véhicules - frontale,,,,,,,,,,,1,1,1,1,1
200600083443,0006-12-23 19:30:00,6,12,23,19,30,972,210,,,,Nuit sans éclairage public,Hors agglomération,Intersection en X,Normale,Deux véhicules - frontale,,,,,,,,,,,3,1,2,1,1
200600083444,0006-12-03 06:30:00,6,12,3,6,30,972,231,"13, rue des Anthuriums",,,Crépuscule ou aube,En agglomération,Hors intersection,Normale,Autre collision,,,,,,,,,,,2,2,1,1,6
200600083445,0006-12-26 21:45:00,6,12,26,21,45,972,202,Quartier batterie,,,Nuit avec éclairage allumé,En agglomération,Hors intersection,Pluie légère,Autre collision,,,,,,,,,,,5,2,1,2,6
200600083446,0006-12-23 05:00:00,6,12,23,5,0,972,212,,,,Crépuscule ou aube,Hors agglomération,Autre intersection,Normale,Autre collision,,,,,,,,,,,2,1,9,1,6
200600083447,0006-12-10 00:40:00,6,12,10,0,40,972,228,Bld Antonin Jero MERCAN,,,Nuit avec éclairage allumé,En agglomération,Hors intersection,Normale,Autre collision,,,,,,,,,,,5,2,1,1,6
200600083448,0006-12-22 12:15:00,6,12,22,12,15,972,228,,,,Plein jour,Hors agglomération,Hors intersection,Normale,Deux véhicules - côté,,,,,,,,,,,1,1,1,1,3
200600083449,0006-12-22 10:10:00,6,12,22,10,10,972,228,ieu dit Rivière Fabuleux,,,Plein jour,Hors agglomération,Hors intersection,Normale,Deux véhicules - côté,,,,,,,,,,,1,1,1,1,3
200600083450,0006-12-12 20:45:00,6,12,12,20,45,972,214,,,,Nuit avec éclairage allumé,Hors agglomération,Hors intersection,Pluie légère,Autre collision,,,,,,,,,,,5,1,1,2,6
200600083451,0006-12-02 10:00:00,6,12,2,10,0,972,215,"Préville, Riviére Roche",,,Plein jour,Hors agglomération,Hors intersection,Pluie légère,Trois véhicules et plus - collisions multiples,,,,,,,,,,,1,1,1,2,5
200600083452,0006-12-19 17:15:00,6,12,19,17,15,971,111,Section Ferry,,,Plein jour,Hors agglomération,Hors intersection,Normale,Deux véhicules - frontale,,,,,,,,,,,1,1,1,1,1
200600083453,0006-12-23 18:00:00,6,12,23,18,0,971,109,cité gilardin,,,Nuit sans éclairage public,En agglomération,Hors intersection,Pluie légère,Deux véhicules - côté,,,,,,,,,,,3,2,1,2,3
200600083454,0006-12-01 16:30:00,6,12,1,16,30,971,114,,,,Plein jour,Hors agglomération,Hors intersection,Pluie légère,Sans collision,,,,,,,,,,,1,1,1,2,7
200600083455,0006-12-31 04:45:00,6,12,31,4,45,971,107,,,,Nuit avec éclairage non allumé,Hors agglomération,Hors intersection,Normale,Autre collision,,,,,,,,,,,4,1,1,1,6
200600083456,0006-12-18 15:45:00,6,12,18,15,45,971,131,route de Marigot,,,Plein jour,En agglomération,Hors intersection,Normale,Deux véhicules - côté,,,,,,,,,,,1,2,1,1,3
200600083457,0006-12-13 09:30:00,6,12,13,9,30,971,123,Marigot,,,Plein jour,Hors agglomération,Hors intersection,Pluie légère,Deux véhicules - frontale,,,,,,,,,,,1,1,1,2,1
200600083458,0006-12-06 03:15:00,6,12,6,3,15,971,127,,,,Nuit avec éclairage allumé,Hors agglomération,Hors intersection,Normale,Autre collision,,,,,,,,,,,5,1,1,1,6
200600083459,0006-12-20 06:30:00,6,12,20,6,30,971,117,- Proximité Gendarmerie,,,Plein jour,En agglomération,Hors intersection,Normale,Deux véhicules - arrière,,,,,,,,,,,1,2,1,1,2
200600083460,0006-12-30 12:10:00,6,12,30,12,10,971,117,"123, section la rosette",,,Plein jour,Hors agglomération,Hors intersection,Normale,Autre collision,,,,,,,,,,,1,1,1,1,6
200600083461,0006-12-16 13:30:00,6,12,16,13,30,971,125,BELLE ALLEE,,,Plein jour,Hors agglomération,Hors intersection,Normale,Deux véhicules - frontale,,,,,,,,,,,1,1,1,1,1
200600083462,0006-12-21 10:30:00,6,12,21,10,30,971,125,Carrefour de Pombiray,,,Plein jour,En agglomération,Hors intersection,Normale,Deux véhicules - côté,,,,,,,,,,,1,2,1,1,3
200600083463,0006-12-23 18:15:00,6,12,23,18,15,971,125,SORTIE ROND POINT PRADEL,,,Nuit sans éclairage public,En agglomération,Hors intersection,Normale,Sans collision,,,,,,,,,,,3,2,1,1,7
200600083464,0006-12-26 19:15:00,6,12,26,19,15,971,125,rue Mahatma Gandhi,,,Nuit avec éclairage non allumé,En agglomération,Hors intersection,Normale,Autre collision,,,,,,,,,,,4,2,1,1,6
200600083465,0006-12-10 20:20:00,6,12,10,20,20,971,128,V.C. n° 8 - Richeplaine,,,Nuit avec éclairage allumé,Hors agglomération,Hors intersection,Normale,Deux véhicules - frontale,,,,,,,,,,,5,1,1,1,1
200600083466,0006-12-27 06:10:00,6,12,27,6,10,971,116,section Blanchet,,,Crépuscule ou aube,Hors agglomération,Hors intersection,Pluie légère,Deux véhicules - arrière,,,,,,,,,,,2,1,1,2,2
200600083467,0006-12-07 16:30:00,6,12,7,16,30,973,307,74 rue Accajou,,,Plein jour,En agglomération,Autre intersection,Pluie légère,Autre collision,,,,,,,,,,,1,2,9,2,6
200600083468,0006-12-21 20:15:00,6,12,21,20,15,973,305,RN1 PK 25,,,Nuit sans éclairage public,Hors agglomération,Hors intersection,Normale,Deux véhicules - frontale,,,,,,,,,,,3,1,1,1,1
200600083469,0006-12-05 21:15:00,6,12,5,21,15,973,303,PK 165+800,,,Nuit sans éclairage public,Hors agglomération,Hors intersection,Pluie légère,Deux véhicules - côté,,,,,,,,,,,3,1,1,2,3
200600083470,0006-12-28 15:45:00,6,12,28,15,45,973,303,RN1 PK 151+800,,,Plein jour,Hors agglomération,Hors intersection,Normale,Sans collision,,,,,,,,,,,1,1,1,1,7
200600083471,0006-12-30 16:30:00,6,12,30,16,30,973,303,PK 137 + 300,,,Plein jour,Hors agglomération,Hors intersection,Normale,Deux véhicules - arrière,,,,,,,,,,,1,1,1,1,2
200600083472,0006-12-09 19:30:00,6,12,9,19,30,973,306,avenue Emmanuel Jacques,,,Nuit sans éclairage public,Hors agglomération,Hors intersection,Pluie légère,Deux véhicules - frontale,,,,,,,,,,,3,1,1,2,1
200600083473,0006-12-17 15:15:00,6,12,17,15,15,973,306,,,,Plein jour,Hors agglomération,Hors intersection,Normale,Autre collision,,,,,,,,,,,1,1,1,1,6
200600083474,0006-12-06 19:20:00,6,12,6,19,20,974,420,Route départementale 46,,,Nuit sans éclairage public,Hors agglomération,Hors intersection,Normale,Deux véhicules - frontale,,,,,,,,,,,3,1,1,1,1
200600083475,0006-12-26 18:30:00,6,12,26,18,30,974,418,,,,Plein jour,Hors agglomération,Hors intersection,Normale,Deux véhicules - côté,,,,,,,,,,,1,1,1,1,3
200600083476,0006-12-14 19:45:00,6,12,14,19,45,974,420,,,,Nuit sans éclairage public,Hors agglomération,Hors intersection,Normale,Deux véhicules - frontale,,,,,,,,,,,3,1,1,1,1
200600083477,0006-12-19 21:00:00,6,12,19,21,0,974,420,,,,Nuit sans éclairage public,Hors agglomération,Hors intersection,Pluie forte,Trois véhicules et plus - collisions multiples,,,,,,,,,,,3,1,1,3,5
200600083478,0006-12-23 20:45:00,6,12,23,20,45,974,418,,,,Nuit avec éclairage allumé,Hors agglomération,Hors intersection,Normale,Autre collision,,,,,,,,,,,5,1,1,1,6
200600083479,0006-12-12 09:30:00,6,12,12,9,30,974,410,RUE LAFAYETTE,,,Plein jour,En agglomération,Hors intersection,Normale,Deux véhicules - frontale,,,,,,,,,,,1,2,1,1,1
200600083480,0006-12-20 04:45:00,6,12,20,4,45,974,410,,,,Nuit sans éclairage public,Hors agglomération,Hors intersection,Normale,Sans collision,,,,,,,,,,,3,1,1,1,7
200600083481,0006-12-02 19:15:00,6,12,2,19,15,974,409,,,,Nuit sans éclairage public,Hors agglomération,Hors intersection,Normale,Deux véhicules - frontale,,,,,,,,,,,3,1,1,1,1
200600083482,0006-12-17 03:30:00,6,12,17,3,30,974,409,,,,Nuit sans éclairage public,Hors agglomération,Hors intersection,Normale,Sans collision,,,,,,,,,,,3,1,1,1,7
200600083483,0006-12-21 17:30:00,6,12,21,17,30,974,402,,,,Plein jour,Hors agglomération,Intersection en X,Temps couvert,Deux véhicules - côté,,,,,,,,,,,1,1,2,8,3
200600083484,0006-12-17 10:15:00,6,12,17,10,15,974,421,,,,Plein jour,Hors agglomération,Hors intersection,Normale,Sans collision,,,,,,,,,,,1,1,1,1,7
200600083485,0006-12-29 22:45:00,6,12,29,22,45,974,406,Rue de la République,,,Nuit avec éclairage allumé,En agglomération,Hors intersection,Normale,Autre collision,,,,,,,,,,,5,2,1,1,6
200600083486,0006-12-12 20:30:00,6,12,12,20,30,974,415,RD5 - Chemin Crève Coeur,,,Nuit avec éclairage allumé,En agglomération,Hors intersection,Normale,Deux véhicules - frontale,,,,,,,,,,,5,2,1,1,1
200600083487,0006-12-10 18:45:00,6,12,10,18,45,974,415,,,,Plein jour,Hors agglomération,Hors intersection,Normale,Autre collision,,,,,,,,,,,1,1,1,1,6
200600083488,0006-12-30 18:15:00,6,12,30,18,15,974,415,,,,Plein jour,Hors agglomération,Hors intersection,Normale,Sans collision,,,,,,,,,,,1,1,1,1,7
200600083489,0006-12-18 20:00:00,6,12,18,20,0,974,404,Avenue Raymond BARRE,,,Nuit avec éclairage allumé,En agglomération,Hors intersection,Normale,Autre collision,,,,,,,,,,,5,2,1,1,6
200600083490,0006-12-20 23:00:00,6,12,20,23,0,974,404,,,,Nuit sans éclairage public,Hors agglomération,Hors intersection,Normale,Deux véhicules - frontale,,,,,,,,,,,3,1,1,1,1
200600083491,0006-12-24 20:10:00,6,12,24,20,10,974,414,RN1,,,Nuit sans éclairage public,Hors agglomération,Hors intersection,Normale,Deux véhicules - côté,,,,,,,,,,,3,1,1,1,3
200600083492,0006-12-03 15:00:00,6,12,3,15,0,974,424,rue éliard TECHER,,,Plein jour,En agglomération,Hors intersection,Normale,Deux véhicules - frontale,,,,,,,,,,,1,2,1,1,1
200600083493,0006-12-01 12:30:00,6,12,1,12,30,974,449,RN3 PK 20,,,Plein jour,Hors agglomération,Hors intersection,Normale,Trois véhicules et plus - collisions multiples,,,,,,,,,,,1,1,1,1,5
200600083494,0006-12-28 11:30:00,6,12,28,11,30,974,422,,,,Plein jour,Hors agglomération,Hors intersection,Normale,Autre collision,,,,,,,,,,,1,1,1,1,6
200600083525,0006-12-05 11:45:00,6,12,5,11,45,971,103,,,,Plein jour,Hors agglomération,Hors intersection,Pluie légère,Deux véhicules - arrière,,,,,,,,,,,1,1,1,2,2
200600083526,0006-12-17 06:15:00,6,12,17,6,15,971,103,,,,Nuit avec éclairage allumé,Hors agglomération,Hors intersection,Normale,Deux véhicules - frontale,,,,,,,,,,,5,1,1,1,1
200600083533,0006-12-20 12:30:00,6,12,20,12,30,973,309,,,,Plein jour,Hors agglomération,Hors intersection,Normale,Deux véhicules - côté,,,,,,,,,,,1,1,1,1,3