accident_id,datetime,annee,mois,jour,heure,minute,departement,commune_insee,adresse,latitude,longitude,luminosite,agglomeration,intersection,meteo,collision,nb_vehicules,nb_usagers,nb_indemnes,nb_tues,nb_blesses_hosp,nb_blesses_legers,age_cond_1,age_cond_2,veh_type_cond_1,veh_type_cond_2,lum_code,agg_code,int_code,atm_code,col_code
200600083666,0006-12-14 07:59:00,6,12,14,7,59,973,302,"28, BONHOMME (CITE)",,,Plein jour,En agglomération,Intersection en X,Normale,Autre collision,,,,,,,,,,,1,2,2,1,6
200600083667,0006-12-19 17:50:00,6,12,19,17,50,973,302,JUBELIN (BOULEVARD),,,Plein jour,En agglomération,Hors intersection,Normale,Autre collision,,,,,,,,,,,1,2,1,1,6
200600083668,0006-12-20 19:00:00,6,12,20,19,0,973,302,TIGRE (ROUTE DU),,,Nuit sans éclairage public,En agglomération,Hors intersection,Normale,Autre collision,,,,,,,,,,,3,2,1,1,6
200600083669,0006-12-20 15:10:00,6,12,20,15,10,973,302,MIRZA (ROND-POINT),,,Plein jour,En agglomération,Hors intersection,Pluie légère,Deux véhicules - côté,,,,,,,,,,,1,2,1,2,3
200600083670,0006-12-21 07:15:00,6,12,21,7,15,973,302,BADUEL (ROUTE DE),,,Plein jour,En agglomération,Hors intersection,Normale,Deux véhicules - côté,,,,,,,,,,,1,2,1,1,3
200600083671,0006-12-20 13:48:00,6,12,20,13,48,973,302,ROUTE NATIONALE I,,,Plein jour,Hors agglomération,Hors intersection,Pluie légère,Trois véhicules et plus - en chaîne,,,,,,,,,,,1,1,1,2,4
200600083672,0006-12-20 09:57:00,6,12,20,9,57,973,302,MARINGOUINS (ROND-POINT),,,Plein jour,En agglomération,Hors intersection,Normale,Deux véhicules - côté,,,,,,,,,,,1,2,1,1,3
200600083673,0006-12-23 01:05:00,6,12,23,1,5,973,302,ALLEE PLACE DES PALMISTE,,,Nuit avec éclairage allumé,En agglomération,Intersection en X,Normale,Deux véhicules - côté,,,,,,,,,,,5,2,2,1,3
200600083674,0006-12-23 17:03:00,6,12,23,17,3,973,302,"431, MADELEINE (ROUTE DE",,,Plein jour,En agglomération,Hors intersection,Normale,Deux véhicules - arrière,,,,,,,,,,,1,2,1,1,2
200600083675,0006-12-24 03:30:00,6,12,24,3,30,973,302,TIGRE (ROUTE DU),,,Nuit avec éclairage allumé,En agglomération,Hors intersection,Pluie légère,Autre collision,,,,,,,,,,,5,2,1,2,6
200600083676,0006-12-24 06:55:00,6,12,24,6,55,973,302,TIGRE (ROUTE DU),,,Plein jour,Hors agglomération,Hors intersection,Pluie légère,Autre collision,,,,,,,,,,,1,1,1,2,6
200600083677,0006-12-26 22:06:00,6,12,26,22,6,973,302,AVENUE QUINTRIE,,,Nuit avec éclairage allumé,En agglomération,Intersection en X,Normale,Deux véhicules - arrière,,,,,,,,,,,5,2,2,1,2
200600083678,0006-12-01 13:25:00,6,12,1,13,25,974,407,20 DECEMBRE 1948(AVENUE,,,Plein jour,En agglomération,Hors intersection,Normale,Deux véhicules - côté,,,,,,,,,,,1,2,1,1,3
200600083679,0006-12-01 17:00:00,6,12,1,17,0,974,407,PARIS (AVENUE),,,Plein jour,En agglomération,Hors intersection,Normale,Deux véhicules - côté,,,,,,,,,,,1,2,1,1,3
200600083680,0006-12-05 03:20:00,6,12,5,3,20,974,407,"10, ROUTE DU SACRE COEUR",,,Nuit sans éclairage public,En agglomération,Hors intersection,Normale,Autre collision,,,,,,,,,,,3,2,1,1,6
200600083681,0006-12-05 14:45:00,6,12,5,14,45,974,407,ROUTE DU SACRE COEUR,,,Plein jour,En agglomération,Hors intersection,Normale,Autre collision,,,,,,,,,,,1,2,1,1,6
200600083682,0006-12-05 17:44:00,6,12,5,17,44,974,407,CARPAYE(AVENUE),,,Plein jour,En agglomération,Hors intersection,Normale,Autre collision,,,,,,,,,,,1,2,1,1,6
200600083683,0006-12-06 11:15:00,6,12,6,11,15,974,407,RENAUDIERE DE VAUX(RUE),,,Plein jour,En agglomération,Intersection en T,Normale,Deux véhicules - côté,,,,,,,,,,,1,2,3,1,3
200600083684,0006-12-07 21:57:00,6,12,7,21,57,974,407,STRASBOURG(BOULEVARD),,,Nuit avec éclairage allumé,En agglomération,Intersection en X,Normale,Deux véhicules - côté,,,,,,,,,,,5,2,2,1,3
200600083685,0006-12-08 16:30:00,6,12,8,16,30,974,407,MAHATMA GANDHY,,,Plein jour,En agglomération,Hors intersection,Normale,Deux véhicules - arrière,,,,,,,,,,,1,2,1,1,2
200600083686,0006-12-11 17:20:00,6,12,11,17,20,974,407,ROUTE NATIONALE N° 1,,,Plein jour,Hors agglomération,Hors intersection,Normale,Autre collision,,,,,,,,,,,1,1,1,1,6
200600083687,0006-12-15 09:55:00,6,12,15,9,55,974,407,"52, RUE JULES VERNE",,,Plein jour,En agglomération,Hors intersection,Normale,Deux véhicules - côté,,,,,,,,,,,1,2,1,1,3
200600083688,0006-12-16 16:40:00,6,12,16,16,40,974,407,MASCAREIGNES(BOULEVARD),,,Plein jour,En agglomération,Intersection en X,Normale,Deux véhicules - côté,,,,,,,,,,,1,2,2,1,3
200600083689,0006-12-16 21:15:00,6,12,16,21,15,974,407,RUE JASQUES DUCLOS,,,Nuit avec éclairage allumé,En agglomération,Intersection en X,Normale,Deux véhicules - côté,,,,,,,,,,,5,2,2,1,3
200600083690,0006-12-17 13:50:00,6,12,17,13,50,974,407,CARPAYE(AVENUE),,,Plein jour,En agglomération,Hors intersection,Normale,Autre collision,,,,,,,,,,,1,2,1,1,6
200600083691,0006-12-19 01:20:00,6,12,19,1,20,974,407,CARPAYE(AVENUE),,,Nuit avec éclairage allumé,En agglomération,Hors intersection,Normale,Sans collision,,,,,,,,,,,5,2,1,1,7
200600083692,0006-12-22 14:21:00,6,12,22,14,21,974,407,MASCAREIGNES(BOULEVARD),,,Plein jour,En agglomération,Giratoire,Normale,Deux véhicules - côté,,,,,,,,,,,1,2,6,1,3
200600083693,0006-12-22 22:55:00,6,12,22,22,55,974,407,OWENS JAMES,,,Nuit avec éclairage allumé,En agglomération,Hors intersection,Normale,Autre collision,,,,,,,,,,,5,2,1,1,6
200600083694,0006-12-23 15:09:00,6,12,23,15,9,974,407,LABOUDONNAIS M (RUE),,,Plein jour,En agglomération,Intersection en X,Normale,Deux véhicules - côté,,,,,,,,,,,1,2,2,1,3
200600083695,0006-12-23 21:35:00,6,12,23,21,35,974,407,ROUTE DU SACRE COEUR,,,Nuit sans éclairage public,En agglomération,Hors intersection,Normale,Autre collision,,,,,,,,,,,3,2,1,1,6
200600083696,0006-12-27 10:00:00,6,12,27,10,0,974,407,28 NOVEMBRE 1942(AVENUE),,,Plein jour,En agglomération,Intersection en T,Normale,Deux véhicules - côté,,,,,,,,,,,1,2,3,1,3
200600083697,0006-12-30 15:45:00,6,12,30,15,45,974,411,"72, LECLERC (DU MARECHAL",,,Plein jour,En agglomération,Hors intersection,Normale,Autre collision,,,,,,,,,,,1,2,1,1,6
200600083698,0006-12-01 21:25:00,6,12,1,21,25,974,411,"10, RAMBAUD (LEOPOLD)",,,Nuit avec éclairage allumé,En agglomération,Hors intersection,Normale,Autre collision,,,,,,,,,,,5,2,1,1,6
200600083699,0006-12-05 09:35:00,6,12,5,9,35,974,411,"197, BOIS DE NEFLES (ROU",,,Plein jour,En agglomération,Hors intersection,Normale,Deux véhicules - frontale,,,,,,,,,,,1,2,1,1,1
200600083700,0006-12-07 16:10:00,6,12,7,16,10,974,411,MONTAGNE (ROUTE DE LA),,,Plein jour,En agglomération,Hors intersection,Normale,Deux véhicules - arrière,,,,,,,,,,,1,2,1,1,2
200600083701,0006-12-08 10:05:00,6,12,8,10,5,974,411,LANCASTEL (BOULEVARD),,,Plein jour,En agglomération,Hors intersection,Normale,Deux véhicules - arrière,,,,,,,,,,,1,2,1,1,2
200600083702,0006-12-01 10:00:00,6,12,1,10,0,974,411,"12, BOSQUET (RUE DU)",,,Plein jour,En agglomération,Hors intersection,Normale,Autre collision,,,,,,,,,,,1,2,1,1,6
200600083703,0006-12-20 06:30:00,6,12,20,6,30,974,411,"12, LECLERC (DU MARECHAL",,,Plein jour,En agglomération,Intersection en T,Normale,Deux véhicules - côté,,,,,,,,,,,1,2,3,1,3
200600083704,0006-12-11 11:44:00,6,12,11,11,44,974,411,"2, LECLERC (DU MARECHAL)",,,Plein jour,En agglomération,Hors intersection,Normale,Autre collision,,,,,,,,,,,1,2,1,1,6
200600083705,0006-12-19 20:50:00,6,12,19,20,50,974,411,"12, RIVIERE DES PLUIES (",,,Nuit avec éclairage allumé,En agglomération,Intersection en T,Pluie légère,Deux véhicules - côté,,,,,,,,,,,5,2,3,2,3
200600083706,0006-12-18 12:05:00,6,12,18,12,5,974,411,JAURES (BOULEVARD JEAN),,,Plein jour,En agglomération,Hors intersection,Normale,Autre collision,,,,,,,,,,,1,2,1,1,6
200600083707,0006-12-19 07:15:00,6,12,19,7,15,974,411,"2, BANCOUL (CHEMIN)",,,Plein jour,En agglomération,Intersection en T,Normale,Deux véhicules - côté,,,,,,,,,,,1,2,3,1,3
200600083708,0006-12-13 09:10:00,6,12,13,9,10,974,411,"1, BOIS DE NEFLES (RUE D",,,Plein jour,En agglomération,Hors intersection,Normale,Trois véhicules et plus - en chaîne,,,,,,,,,,,1,2,1,1,4
200600083709,0006-12-15 13:40:00,6,12,15,13,40,974,411,RAMBAUD (LEOPOLD),,,Plein jour,En agglomération,Hors intersection,Normale,Deux véhicules - côté,,,,,,,,,,,1,2,1,1,3
200600083710,0006-12-08 15:33:00,6,12,8,15,33,974,411,LATTRE DE TASSIGNY (AVEN,,,Plein jour,En agglomération,Hors intersection,Normale,Deux véhicules - côté,,,,,,,,,,,1,2,1,1,3
200600083711,0006-12-04 18:00:00,6,12,4,18,0,974,411,"2, RONTAUNAY (RUE)",,,Plein jour,En agglomération,Intersection en X,Normale,Deux véhicules - côté,,,,,,,,,,,1,2,2,1,3
200600083712,0006-12-05 13:00:00,6,12,5,13,0,974,411,"12, DEUX CANONS (DES)",,,Plein jour,En agglomération,Intersection en X,Normale,Trois véhicules et plus - collisions multiples,,,,,,,,,,,1,2,2,1,5
200600083713,0006-12-08 18:08:00,6,12,8,18,8,974,411,"10, OASIS (ROCADE DE L')",,,Plein jour,En agglomération,Hors intersection,Normale,Deux véhicules - frontale,,,,,,,,,,,1,2,1,1,1
200600083714,0006-12-16 08:20:00,6,12,16,8,20,974,411,MONTAGNE (ROUTE DE LA),,,Plein jour,En agglomération,Hors intersection,Normale,Sans collision,,,,,,,,,,,1,2,1,1,7
200600083715,0006-12-16 15:35:00,6,12,16,15,35,974,411,"10, PROVIDENCE (BOULEVAR",,,Plein jour,En agglomération,Hors intersection,Normale,Sans collision,,,,,,,,,,,1,2,1,1,7
200600083716,0006-12-21 14:53:00,6,12,21,14,53,974,411,"14, BAGATELLE (RUE)",,,Plein jour,En agglomération,Hors intersection,Normale,Autre collision,,,,,,,,,,,1,2,1,1,6
200600083717,0006-12-22 15:10:00,6,12,22,15,10,974,411,"261, MACE (ROUTE GABRIEL",,,Plein jour,En agglomération,Hors intersection,Normale,Deux véhicules - côté,,,,,,,,,,,1,2,1,1,3
200600083718,0006-12-24 06:47:00,6,12,24,6,47,974,411,JAURES (BOULEVARD JEAN),,,Plein jour,Hors agglomération,Hors intersection,Pluie légère,Sans collision,,,,,,,,,,,1,1,1,2,7
200600083719,0006-12-24 09:48:00,6,12,24,9,48,974,411,JAURES (BOULEVARD JEAN),,,Plein jour,Hors agglomération,Hors intersection,Normale,Autre collision,,,,,,,,,,,1,1,1,1,6
200600083720,0006-12-27 17:18:00,6,12,27,17,18,974,411,"10, GROTTE (CHEMIN DE LA",,,Plein jour,En agglomération,Intersection en T,Normale,Deux véhicules - côté,,,,,,,,,,,1,2,3,1,3
200600083721,0006-12-30 13:00:00,6,12,30,13,0,974,411,"52, CASE (CHEMIN DU)",,,Plein jour,En agglomération,Hors intersection,Normale,Deux véhicules - frontale,,,,,,,,,,,1,2,1,1,1
200600083722,0006-12-31 11:10:00,6,12,31,11,10,974,411,JAURES (BOULEVARD JEAN),,,Plein jour,En agglomération,Intersection en X,Normale,Deux véhicules - côté,,,,,,,,,,,1,2,2,1,3
200600083723,0006-12-31 20:12:00,6,12,31,20,12,974,411,JAURES (BOULEVARD JEAN),,,Nuit avec éclairage allumé,En agglomération,Hors intersection,Normale,Deux véhicules - arrière,,,,,,,,,,,5,2,1,1,2
200600083724,0006-12-01 08:30:00,6,12,1,8,30,974,416,"107, HUBERT DE LISLE(BOU",,,Plein jour,En agglomération,Hors intersection,Normale,Deux véhicules - côté,,,,,,,,,,,1,2,1,1,3
200600083725,0006-12-02 08:00:00,6,12,2,8,0,974,414,"1, PRINCIPALE(AVENUE)",,,Plein jour,En agglomération,Hors intersection,Normale,Sans collision,,,,,,,,,,,1,2,1,1,7
200600083726,0006-12-05 20:10:00,6,12,5,20,10,974,416,"SANS, PLACE DU 19 MARS 1",,,Nuit avec éclairage allumé,En agglomération,Hors intersection,Normale,Sans collision,,,,,,,,,,,5,2,1,1,7
200600083727,0006-12-08 08:55:00,6,12,8,8,55,974,416,"21, AMIRAL LACAZE(RUE)",,,Plein jour,En agglomération,Hors intersection,Normale,Sans collision,,,,,,,,,,,1,2,1,1,7
200600083728,0006-12-15 10:30:00,6,12,15,10,30,974,414,"SANS, SARDA GARRIGA(RUE)",,,Plein jour,En agglomération,Hors intersection,Normale,Autre collision,,,,,,,,,,,1,2,1,1,6
200600083729,0006-12-21 14:10:00,6,12,21,14,10,974,414,"SANS, VALMY(RUE DE)",,,Plein jour,En agglomération,Hors intersection,Normale,Autre collision,,,,,,,,,,,1,2,1,1,6
200600083777,0006-10-01 11:40:00,6,10,1,11,40,972,209,"00, MAURICE BISHOP (RUE)",,,Plein jour,En agglomération,Intersection en T,Normale,Deux véhicules - côté,,,,,,,,,,,1,2,3,1,3
200600083778,0006-10-02 14:40:00,6,10,2,14,40,972,209,"322, KERLYS (RUE DE )",,,Plein jour,En agglomération,Hors intersection,Normale,Deux véhicules - arrière,,,,,,,,,,,1,2,1,1,2
200600083779,0006-10-04 09:45:00,6,10,4,9,45,972,209,"72, GENERAL DE GAULLE (B",,,Plein jour,En agglomération,Hors intersection,Normale,Autre collision,,,,,,,,,,,1,2,1,1,6
200600083780,0006-10-04 21:50:00,6,10,4,21,50,972,209,"200, ROCADE (RUE DE LA)",,,Nuit sans éclairage public,En agglomération,Hors intersection,Pluie légère,Sans collision,,,,,,,,,,,3,2,1,2,7
200600083781,0006-10-05 08:50:00,6,10,5,8,50,972,209,"298, REDOUTE (ROUTE DE L",,,Plein jour,En agglomération,Hors intersection,Normale,Autre collision,,,,,,,,,,,1,2,1,1,6
200600083782,0006-10-06 06:55:00,6,10,6,6,55,972,209,"20, PERRINON (RUE)",,,Plein jour,En agglomération,Hors intersection,Normale,Autre collision,,,,,,,,,,,1,2,1,1,6
200600083783,0006-10-06 20:30:00,6,10,6,20,30,972,209,"67, MOUTTE (ROUTE DE)",,,Nuit sans éclairage public,En agglomération,Hors intersection,Normale,Deux véhicules - côté,,,,,,,,,,,3,2,1,1,3
200600083784,0006-10-08 07:30:00,6,10,8,7,30,972,209,"10, BOIS THIBAULT (CHEMI",,,Plein jour,Hors agglomération,Hors intersection,Normale,Deux véhicules - arrière,,,,,,,,,,,1,1,1,1,2
200600083785,0006-10-08 17:30:00,6,10,8,17,30,972,209,"12, GLACIERE (RUE DE LA)",,,Plein jour,En agglomération,Intersection en T,Normale,Deux véhicules - côté,,,,,,,,,,,1,2,3,1,3
200600083786,0006-10-14 07:00:00,6,10,14,7,0,972,209,"13, EUGENE MONA (AVENUE)",,,Plein jour,En agglomération,Hors intersection,Normale,Sans collision,,,,,,,,,,,1,2,1,1,7
200600083787,0006-10-14 13:40:00,6,10,14,13,40,972,209,"2, ADHEMAR MODOCK (BOULE",,,Plein jour,En agglomération,Hors intersection,Normale,Sans collision,,,,,,,,,,,1,2,1,1,7
200600083788,0006-10-14 18:55:00,6,10,14,18,55,972,209,"102, RN9",,,Nuit sans éclairage public,En agglomération,Hors intersection,Normale,Deux véhicules - côté,,,,,,,,,,,3,2,1,1,3
200600083789,0006-10-15 06:05:00,6,10,15,6,5,972,209,"50, ERNEST DEPROGE (RUE)",,,Crépuscule ou aube,En agglomération,Hors intersection,Normale,Trois véhicules et plus - en chaîne,,,,,,,,,,,2,2,1,1,4
200600083790,0006-10-15 15:30:00,6,10,15,15,30,972,209,"28, ROCADE (RUE DE LA)",,,Plein jour,En agglomération,Hors intersection,Normale,Sans collision,,,,,,,,,,,1,2,1,1,7
200600083791,0006-10-16 23:25:00,6,10,16,23,25,972,209,"60, RELIGIEUSES (ROUTE D",,,Nuit avec éclairage allumé,En agglomération,Hors intersection,Normale,Autre collision,,,,,,,,,,,5,2,1,1,6
200600083792,0006-10-17 09:45:00,6,10,17,9,45,972,209,"32, SALVATOR ALLENDE (AV",,,Plein jour,En agglomération,Hors intersection,Normale,Autre collision,,,,,,,,,,,1,2,1,1,6
200600083793,0006-10-17 18:00:00,6,10,17,18,0,972,209,JUDES TURIAF (AVENUE PRO,,,Nuit avec éclairage allumé,En agglomération,Intersection en T,Normale,Deux véhicules - côté,,,,,,,,,,,5,2,3,1,3
200600083794,0006-10-18 14:50:00,6,10,18,14,50,972,209,"42, CORIDON (AVENUE DE)",,,Plein jour,En agglomération,Hors intersection,Normale,Deux véhicules - frontale,,,,,,,,,,,1,2,1,1,1
200600083795,0006-10-18 16:40:00,6,10,18,16,40,972,209,"8, AUTOROUTE (A1)",,,Plein jour,Hors agglomération,Hors intersection,Normale,Sans collision,,,,,,,,,,,1,1,1,1,7
200600083796,0006-10-19 13:30:00,6,10,19,13,30,972,209,"6, JOSEPH GAILLARD (RUE)",,,Plein jour,En agglomération,Hors intersection,Normale,Autre collision,,,,,,,,,,,1,2,1,1,6
200600083797,0006-10-19 16:14:00,6,10,19,16,14,972,209,"93, MOUTTE (ROUTE DE)",,,Plein jour,En agglomération,Hors intersection,Normale,Sans collision,,,,,,,,,,,1,2,1,1,7
200600083798,0006-10-20 15:45:00,6,10,20,15,45,972,209,"51, MAURICE BISHOP (RUE)",,,Plein jour,En agglomération,Hors intersection,Normale,Deux véhicules - arrière,,,,,,,,,,,1,2,1,1,2
200600083799,0006-10-21 17:15:00,6,10,21,17,15,972,209,"63, RAVINE VILAINE (CHEM",,,Plein jour,En agglomération,Hors intersection,Normale,Trois véhicules et plus - collisions multiples,,,,,,,,,,,1,2,1,1,5
200600083800,0006-10-23 09:25:00,6,10,23,9,25,972,209,"13, GENERAL DE GAULLE (B",,,Plein jour,En agglomération,Hors intersection,Normale,Autre collision,,,,,,,,,,,1,2,1,1,6
200600083801,0006-10-23 16:50:00,6,10,23,16,50,972,209,"80, ERNEST DEPROGE (RUE)",,,Plein jour,En agglomération,Intersection en T,Normale,Deux véhicules - côté,,,,,,,,,,,1,2,3,1,3
200600083802,0006-10-25 20:10:00,6,10,25,20,10,972,209,"105, MAURICE BISHOP (RUE",,,Nuit avec éclairage allumé,En agglomération,Hors intersection,Normale,Autre collision,,,,,,,,,,,5,2,1,1,6
200600083803,0006-10-26 21:10:00,6,10,26,21,10,972,209,"124, BALATA (ROUTE DE)",,,Nuit sans éclairage public,Hors agglomération,Hors intersection,Normale,Deux véhicules - frontale,,,,,,,,,,,3,1,1,1,1
200600083804,0006-10-27 05:05:00,6,10,27,5,5,972,209,"85, CHATEAUBOEUF (ROUTE",,,Nuit avec éclairage allumé,En agglomération,Hors intersection,Autre,Sans collision,,,,,,,,,,,5,2,1,9,7
200600083805,0006-10-27 13:40:00,6,10,27,13,40,972,209,"102, ROCADE (RUE DE LA)",,,Plein jour,En agglomération,Hors intersection,Normale,Deux véhicules - arrière,,,,,,,,,,,1,2,1,1,2
200600083806,0006-10-29 11:50:00,6,10,29,11,50,972,209,"150, AUTOROUTE (A1)",,,Plein jour,Hors agglomération,Hors intersection,Normale,Deux véhicules - arrière,,,,,,,,,,,1,1,1,1,2
200600083807,0006-10-29 14:50:00,6,10,29,14,50,972,209,"115, ROCADE (RUE DE LA)",,,Plein jour,En agglomération,Hors intersection,Normale,Sans collision,,,,,,,,,,,1,2,1,1,7
200600083808,0006-10-30 08:35:00,6,10,30,8,35,972,209,"150, CHATEAUBOEUF (ROUTE",,,Plein jour,En agglomération,Hors intersection,Normale,Trois véhicules et plus - en chaîne,,,,,,,,,,,1,2,1,1,4
200600083809,0006-10-30 11:30:00,6,10,30,11,30,972,209,"100, ROBERT ATTULY (BOUL",,,Plein jour,En agglomération,Hors intersection,Normale,Trois véhicules et plus - collisions multiples,,,,,,,,,,,1,2,1,1,5
200600083810,0006-10-30 19:55:00,6,10,30,19,55,972,209,"67, RODATE (VOIE COMMUNA",,,Nuit sans éclairage public,Hors agglomération,Intersection en T,Normale,Deux véhicules - côté,,,,,,,,,,,3,1,3,1,3
200600083811,0006-10-31 14:20:00,6,10,31,14,20,972,209,"12, SOLEIL LEVANT (BOULE",,,Plein jour,En agglomération,Hors intersection,Normale,Deux véhicules - arrière,,,,,,,,,,,1,2,1,1,2
200600083812,0006-11-01 15:56:00,6,11,1,15,56,972,209,"323, REDOUTE (ROUTE DE L",,,Plein jour,Hors agglomération,Hors intersection,Normale,Autre collision,,,,,,,,,,,1,1,1,1,6
200600083813,0006-11-03 17:48:00,6,11,3,17,48,972,209,"104, CHATEAUBOEUF (ROUTE",,,Plein jour,Hors agglomération,Hors intersection,Normale,Autre collision,,,,,,,,,,,1,1,1,1,6
200600083814,0006-11-06 07:55:00,6,11,6,7,55,972,209,"202, BALATA (ROUTE DE)",,,Plein jour,En agglomération,Hors intersection,Normale,Deux véhicules - frontale,,,,,,,,,,,1,2,1,1,1
200600083815,0006-11-07 20:30:00,6,11,7,20,30,972,209,BEL HORIZON (RUE DU),,,Nuit sans éclairage public,En agglomération,Giratoire,Normale,Deux véhicules - côté,,,,,,,,,,,3,2,6,1,3
200600083816,0006-11-09 21:00:00,6,11,9,21,0,972,209,"17, CHEVALIER DE SAINTE-",,,Nuit avec éclairage allumé,En agglomération,Hors intersection,Normale,Autre collision,,,,,,,,,,,5,2,1,1,6
200600083817,0006-11-10 23:30:00,6,11,10,23,30,972,209,"16, DESROCHERS (ROUTE DE",,,Nuit sans éclairage public,En agglomération,Hors intersection,Normale,Sans collision,,,,,,,,,,,3,2,1,1,7
200600083818,0006-11-10 03:10:00,6,11,10,3,10,972,209,"3, ALFASSA (BOULEVARD)",,,Nuit avec éclairage allumé,En agglomération,Hors intersection,Normale,Sans collision,,,,,,,,,,,5,2,1,1,7
200600083819,0006-11-10 07:25:00,6,11,10,7,25,972,209,"2, CALVAIRE (RUE DU)",,,Plein jour,En agglomération,Intersection en T,Normale,Deux véhicules - arrière,,,,,,,,,,,1,2,3,1,2
200600083820,0006-11-11 15:31:00,6,11,11,15,31,972,209,"40, AUTOROUTE (A1)",,,Plein jour,Hors agglomération,Hors intersection,Normale,Deux véhicules - arrière,,,,,,,,,,,1,1,1,1,2
200600083821,0006-11-11 19:30:00,6,11,11,19,30,972,209,"65, TI EMILE CASERUS (AV",,,Nuit sans éclairage public,En agglomération,Hors intersection,Normale,Deux véhicules - frontale,,,,,,,,,,,3,2,1,1,1
200600083822,0006-11-12 17:05:00,6,11,12,17,5,972,209,"54, MAURICE BISHOP (RUE)",,,Crépuscule ou aube,En agglomération,Hors intersection,Normale,Sans collision,,,,,,,,,,,2,2,1,1,7
200600083823,0006-11-13 14:25:00,6,11,13,14,25,972,209,"10, ADHEMAR MODOCK (BOUL",,,Plein jour,En agglomération,Hors intersection,Normale,Autre collision,,,,,,,,,,,1,2,1,1,6
200600083824,0006-11-13 19:00:00,6,11,13,19,0,972,209,"24, AUTOROUTE (A1)",,,Nuit avec éclairage allumé,Hors agglomération,Hors intersection,Normale,Trois véhicules et plus - en chaîne,,,,,,,,,,,5,1,1,1,4
200600083825,0006-11-13 19:40:00,6,11,13,19,40,972,209,"302, BALATA (ROUTE DE)",,,Nuit sans éclairage public,Hors agglomération,Hors intersection,Normale,Autre collision,,,,,,,,,,,3,1,1,1,6
200600083826,0006-11-14 21:30:00,6,11,14,21,30,972,209,"130, ROCADE (RUE DE LA)",,,Nuit avec éclairage allumé,En agglomération,Hors intersection,Normale,Autre collision,,,,,,,,,,,5,2,1,1,6
200600083827,0006-11-15 09:55:00,6,11,15,9,55,972,209,"20, RN1",,,Plein jour,Hors agglomération,Hors intersection,Normale,Autre collision,,,,,,,,,,,1,1,1,1,6
200600083828,0006-11-15 12:00:00,6,11,15,12,0,972,209,"110, BALATA (ROUTE DE)",,,Plein jour,En agglomération,Hors intersection,Normale,Autre collision,,,,,,,,,,,1,2,1,1,6
200600083829,0006-11-15 18:15:00,6,11,15,18,15,972,209,"41, ADHEMAR MODOCK (BOUL",,,Nuit sans éclairage public,En agglomération,Hors intersection,Normale,Autre collision,,,,,,,,,,,3,2,1,1,6
200600083830,0006-11-15 20:45:00,6,11,15,20,45,972,209,"55, JAMBETTE (ROUTE DE)",,,Nuit sans éclairage public,Hors agglomération,Hors intersection,Normale,Trois véhicules et plus - collisions multiples,,,,,,,,,,,3,1,1,1,5
200600083831,0006-11-17 15:20:00,6,11,17,15,20,972,209,"8, CHATEAUBOEUF (ROUTE D",,,Plein jour,En agglomération,Hors intersection,Normale,Sans collision,,,,,,,,,,,1,2,1,1,7
200600083832,0006-11-20 12:25:00,6,11,20,12,25,972,209,VICTOR LAMON (AVENUE),,,Plein jour,En agglomération,Hors intersection,Normale,Deux véhicules - arrière,,,,,,,,,,,1,2,1,1,2
200600083833,0006-11-20 14:05:00,6,11,20,14,5,972,209,"40, ROCADE (RUE DE LA)",,,Plein jour,En agglomération,Hors intersection,Normale,Deux véhicules - arrière,,,,,,,,,,,1,2,1,1,2
200600083834,0006-11-21 10:35:00,6,11,21,10,35,972,209,RD 41 (ROCADE),,,Plein jour,En agglomération,Hors intersection,Normale,Autre collision,,,,,,,,,,,1,2,1,1,6
200600083835,0006-11-22 08:40:00,6,11,22,8,40,972,209,ERNEST DEPROGE (RUE),,,Plein jour,En agglomération,Intersection en T,Normale,Deux véhicules - côté,,,,,,,,,,,1,2,3,1,3
200600083836,0006-11-23 13:30:00,6,11,23,13,30,972,209,"96, GENERAL DE GAULLE (B",,,Plein jour,En agglomération,Hors intersection,Normale,Deux véhicules - côté,,,,,,,,,,,1,2,1,1,3
200600083837,0006-11-24 19:35:00,6,11,24,19,35,972,209,"133, RN1",,,Nuit sans éclairage public,Hors agglomération,Intersection en T,Normale,Deux véhicules - côté,,,,,,,,,,,3,1,3,1,3
200600083838,0006-11-27 17:00:00,6,11,27,17,0,972,209,"41, BALATA (ROUTE DE)",,,Plein jour,En agglomération,Hors intersection,Normale,Deux véhicules - frontale,,,,,,,,,,,1,2,1,1,1
200600083839,0006-11-27 18:10:00,6,11,27,18,10,972,209,"15, SOLIDARITE (AVENUE D",,,Crépuscule ou aube,En agglomération,Hors intersection,Normale,Autre collision,,,,,,,,,,,2,2,1,1,6
200600083840,0006-11-28 01:05:00,6,11,28,1,5,972,209,"93, ROCADE (RUE DE LA)",,,Nuit sans éclairage public,En agglomération,Hors intersection,Normale,Autre collision,,,,,,,,,,,3,2,1,1,6
200600083841,0006-11-28 15:20:00,6,11,28,15,20,972,209,"24, CHATEAUBOEUF (ROUTE",,,Plein jour,En agglomération,Hors intersection,Normale,Deux véhicules - côté,,,,,,,,,,,1,2,1,1,3
200600083842,0006-11-29 13:30:00,6,11,29,13,30,972,209,"16, MARTIN LUTHER KING (",,,Plein jour,En agglomération,Hors intersection,Normale,Autre collision,,,,,,,,,,,1,2,1,1,6